station_name,station_lat,station_lon,observation_time,temp,feels_like,temp_min,temp_max,pressure,humidity,wind_speed,wind_deg,clouds,precipitation_1h,weather_main,weather_description,collection_hour
Búcsúszentlászló,46.793056,16.932778,2026-04-27 09:56:44.816539,14.84,13.4,14.84,14.84,1023,39,3.01,119,80,0.0,Clouds,broken clouds,9
Angyalföld,47.549722,19.09,2026-04-27 09:56:46.012011,15.5,13.92,14.23,17.09,1024,31,2.68,127,100,0.0,Clouds,overcast clouds,9
Felsőjánosfa,46.841389,16.544167,2026-04-27 09:56:47.223595,16.51,15.16,16.51,16.51,1022,36,2.24,118,67,0.0,Clouds,broken clouds,9
Pankasz,46.835833,16.496111,2026-04-27 09:56:48.417782,16.23,14.85,16.23,16.23,1022,36,2.18,122,65,0.0,Clouds,broken clouds,9
Nagyrákos,46.827222,16.455556,2026-04-27 09:56:49.621715,16.19,14.8,16.19,16.19,1022,36,2.17,124,63,0.0,Clouds,broken clouds,9
Őriszentpéter,46.828889,16.415278,2026-04-27 09:56:50.817205,16.29,14.94,16.29,16.29,1022,37,2.18,130,58,0.0,Clouds,broken clouds,9
Törökbálint,47.45,18.908611,2026-04-27 09:56:52.024030,15.67,14.13,14.0,16.86,1024,32,2.68,127,98,0.0,Clouds,overcast clouds,9
Bicske alsó,47.486389,18.642778,2026-04-27 09:56:53.228746,16.22,14.79,14.49,17.28,1024,34,2.48,157,90,0.0,Clouds,overcast clouds,9
Bajánsenye,46.818056,16.358056,2026-04-27 09:56:54.428324,16.36,15.02,16.36,16.36,1022,37,2.18,132,56,0.0,Clouds,broken clouds,9
Aquincum,47.566218,19.048273,2026-04-27 09:56:55.634568,15.47,13.88,14.25,17.11,1024,31,2.68,127,100,0.0,Clouds,overcast clouds,9
Piliscsév,47.673889,18.791389,2026-04-27 09:56:56.826211,14.5,12.87,14.43,15.67,1024,33,2.22,174,100,0.0,Clouds,overcast clouds,9
Tát,47.741201,18.64783,2026-04-27 09:56:58.022186,14.84,13.19,14.84,14.84,1024,31,2.05,179,92,0.0,Clouds,overcast clouds,9
Süttő felső,47.756667,18.437222,2026-04-27 09:56:59.226795,15.46,13.9,15.46,15.46,1024,32,2.06,172,81,0.0,Clouds,broken clouds,9
Budatétény,47.405,19.016389,2026-04-27 09:57:00.420816,15.75,14.19,14.29,17.15,1024,31,1.03,0,97,0.0,Clouds,overcast clouds,9
Seregélyes-Szőlőhegy,47.119444,18.612222,2026-04-27 09:57:01.627423,15.22,13.66,15.22,15.22,1024,33,2.29,128,90,0.0,Clouds,overcast clouds,9
Gödöllő-Állami telepek,47.564444,19.375556,2026-04-27 09:57:02.826058,14.14,12.29,13.74,15.57,1024,26,1.03,0,100,0.0,Clouds,overcast clouds,9
Dunakeszi alsó,47.607778,19.128889,2026-04-27 09:57:04.038742,15.41,13.82,14.22,17.08,1024,31,0.89,239,100,0.0,Clouds,overcast clouds,9
Vác-Alsóváros,47.773056,19.149722,2026-04-27 09:57:05.247863,15.51,13.95,14.8,15.51,1024,32,1.53,163,99,0.0,Clouds,overcast clouds,9
Szob alsó,47.816667,18.8725,2026-04-27 09:57:06.452383,14.83,13.18,14.83,14.83,1024,31,1.42,182,98,0.0,Clouds,overcast clouds,9
Zalaszentmihály-Pacsa,46.7225,16.951944,2026-04-27 09:57:07.654949,14.75,13.22,14.75,14.75,1023,36,2.06,0,0,0.0,Clear,clear sky,9
Pötréte,46.682778,16.9575,2026-04-27 09:57:08.850197,14.75,13.22,14.75,14.75,1023,36,2.06,0,0,0.0,Clear,clear sky,9
Felsőrajk,46.667222,16.982778,2026-04-27 09:57:10.046782,14.81,13.29,14.81,14.81,1023,36,2.06,0,0,0.0,Clear,clear sky,9
Gelse,46.600556,16.982778,2026-04-27 09:57:11.253216,14.81,13.29,14.81,14.81,1023,36,2.06,0,0,0.0,Clear,clear sky,9
Őrtilos,46.297778,16.887778,2026-04-27 09:57:12.472267,16.35,15.11,16.35,16.35,1023,41,3.09,95,94,0.0,Clouds,overcast clouds,9
Zákány,46.251944,16.9425,2026-04-27 09:57:13.674568,16.01,14.74,16.01,16.01,1023,41,3.21,96,97,0.0,Clouds,overcast clouds,9
Berzence,46.201389,17.143611,2026-04-27 09:57:14.883839,16.08,14.79,16.08,16.08,1023,40,3.15,99,99,0.0,Clouds,overcast clouds,9
Somogyudvarhely,46.163333,17.179722,2026-04-27 09:57:16.083908,16.01,14.71,16.01,16.01,1023,40,3.12,100,99,0.0,Clouds,overcast clouds,9
Bélavár,46.122778,17.207778,2026-04-27 09:57:17.288720,16.04,14.74,16.04,16.04,1023,40,3.13,101,100,0.0,Clouds,overcast clouds,9
Vízvár,46.101389,17.239444,2026-04-27 09:57:18.505672,15.88,14.57,15.88,15.88,1023,40,3.16,102,100,0.0,Clouds,overcast clouds,9
Babócsa,46.028359,17.342276,2026-04-27 09:57:19.710655,15.72,14.42,15.72,15.72,1023,41,3.28,103,100,0.0,Clouds,overcast clouds,9
Péterhida-Komlósd,46.006667,17.358056,2026-04-27 09:57:20.918849,15.7,14.42,15.7,15.7,1023,42,3.37,102,100,0.0,Clouds,overcast clouds,9
Barcs,45.951944,17.446944,2026-04-27 09:57:22.121185,15.46,14.21,15.46,15.46,1023,44,3.59,100,99,0.0,Clouds,overcast clouds,9
Barcs felső,45.958333,17.486389,2026-04-27 09:57:23.327819,15.33,14.07,15.33,15.33,1023,44,3.6,100,99,0.0,Clouds,overcast clouds,9
Középrigóc,45.970556,17.525,2026-04-27 09:57:24.538393,15.22,13.97,15.22,15.22,1023,45,3.6,101,99,0.0,Clouds,overcast clouds,9
Darány,45.992222,17.598611,2026-04-27 09:57:25.745180,15.21,13.96,15.21,15.21,1023,45,3.5,104,100,0.0,Clouds,overcast clouds,9
Kisdobsza,46.012222,17.668056,2026-04-27 09:57:26.953182,15.23,13.98,15.23,15.23,1023,45,3.4,105,100,0.0,Clouds,overcast clouds,9
Nemeske,46.023333,17.705278,2026-04-27 09:57:28.162338,15.23,13.98,15.23,15.23,1023,45,3.41,105,100,0.0,Clouds,overcast clouds,9
Molvány,46.035278,17.748611,2026-04-27 09:57:29.369396,15.18,13.93,15.18,15.18,1023,45,3.29,103,100,0.0,Clouds,overcast clouds,9
Szigetvár,46.043333,17.801944,2026-04-27 09:57:30.581827,15.15,13.9,15.15,15.15,1023,45,3.29,103,100,0.0,Clouds,overcast clouds,9
Nagypeterd,46.039444,17.871667,2026-04-27 09:57:31.790023,14.53,13.21,14.53,14.53,1023,45,3.3,102,100,0.0,Clouds,overcast clouds,9
Szentdénes,46.036667,17.926944,2026-04-27 09:57:32.989470,14.48,13.16,14.48,14.48,1023,45,3.3,101,100,0.0,Clouds,overcast clouds,9
Háros,47.412222,19.035,2026-04-27 09:57:34.193477,15.64,14.04,14.25,17.11,1024,30,1.03,0,97,0.0,Clouds,overcast clouds,9
Nagytétény-Diósd,47.398333,18.974444,2026-04-27 09:57:35.400933,15.93,14.41,14.29,17.14,1024,32,1.76,141,96,0.0,Clouds,overcast clouds,9
Érdliget,47.390278,18.937778,2026-04-27 09:57:36.614810,16.0,14.49,14.2,17.06,1024,32,1.81,143,96,0.0,Clouds,overcast clouds,9
Érd felső,47.381111,18.922222,2026-04-27 09:57:37.822055,16.04,14.54,14.17,17.03,1024,32,1.89,145,95,0.0,Clouds,overcast clouds,9
Érd,47.369722,18.900833,2026-04-27 09:57:39.025529,16.07,14.57,14.13,16.99,1024,32,1.93,141,94,0.0,Clouds,overcast clouds,9
Százhalombatta,47.322222,18.899167,2026-04-27 09:57:40.233212,16.19,14.67,14.12,16.98,1024,31,2.04,135,92,0.0,Clouds,overcast clouds,9
Dunai Finomító,47.294444,18.878889,2026-04-27 09:57:41.442570,17.13,15.6,14.73,17.35,1024,27,2.15,135,89,0.0,Clouds,overcast clouds,9
Ercsi,47.247222,18.875278,2026-04-27 09:57:42.646571,17.39,16.02,14.96,17.58,1024,32,2.16,133,88,0.0,Clouds,overcast clouds,9
Iváncsa,47.177778,18.811944,2026-04-27 09:57:43.848868,15.05,13.45,15.05,15.05,1024,32,2.18,127,87,0.0,Clouds,overcast clouds,9
Pusztaszabolcs,47.139722,18.761667,2026-04-27 09:57:45.044252,15.15,13.56,15.15,15.15,1024,32,2.19,124,89,0.0,Clouds,overcast clouds,9
Szabadegyháza,47.082778,18.704167,2026-04-27 09:57:46.237628,15.14,13.57,15.14,15.14,1024,33,2.24,123,93,0.0,Clouds,overcast clouds,9
Sárosd,47.039722,18.660278,2026-04-27 09:57:47.442783,15.23,13.67,15.23,15.23,1024,33,2.3,125,95,0.0,Clouds,overcast clouds,9
Nagylók,46.979444,18.635833,2026-04-27 09:57:48.650786,15.12,13.55,15.12,15.12,1024,33,2.43,128,98,0.0,Clouds,overcast clouds,9
Sárbogárd,46.896944,18.611944,2026-04-27 09:57:49.850468,15.39,13.85,15.39,15.39,1023,33,2.67,133,97,0.0,Clouds,overcast clouds,9
Rétszilas,46.814167,18.601389,2026-04-27 09:57:51.072326,15.44,13.9,15.44,15.44,1023,33,2.9,138,94,0.0,Clouds,overcast clouds,9
Nagyatád,46.228611,17.354167,2026-04-27 09:57:52.270903,15.88,14.54,15.88,15.88,1023,39,2.93,100,99,0.0,Clouds,overcast clouds,9
Budapest-Keleti,47.500278,19.084167,2026-04-27 09:57:53.476234,15.55,13.94,14.2,17.06,1024,30,2.68,127,99,0.0,Clouds,overcast clouds,9
Ferencváros,47.468611,19.088056,2026-04-27 09:57:54.680304,15.56,13.95,14.22,17.08,1024,30,2.68,127,99,0.0,Clouds,overcast clouds,9
Budapest-Nyugati,47.510833,19.0575,2026-04-27 09:57:55.889705,15.56,13.98,14.21,17.07,1024,31,2.68,127,100,0.0,Clouds,overcast clouds,9
Kőbánya felső,47.491944,19.133889,2026-04-27 09:57:57.091959,15.3,13.64,14.14,17.0,1024,29,1.79,104,100,0.0,Clouds,overcast clouds,9
Rákos,47.488889,19.174722,2026-04-27 09:57:58.292198,15.07,13.39,14.1,16.96,1024,29,1.03,0,100,0.0,Clouds,overcast clouds,9
Rákosrendező,47.525556,19.089444,2026-04-27 09:57:59.498489,15.54,13.93,14.25,17.1,1024,30,2.68,127,100,0.0,Clouds,overcast clouds,9
Zugló,47.511389,19.101389,2026-04-27 09:58:00.700470,15.5,13.89,14.21,17.07,1024,30,2.68,127,100,0.0,Clouds,overcast clouds,9
Mezőtárkány,47.725,20.480278,2026-04-27 09:58:01.910118,17.12,15.78,17.12,17.12,1024,34,1.29,240,100,0.0,Clouds,overcast clouds,9
Istvántelek,47.550278,19.106389,2026-04-27 09:58:03.115169,15.49,13.88,14.23,17.09,1024,30,1.79,104,100,0.0,Clouds,overcast clouds,9
Rákospalota-Újpest,47.565833,19.111944,2026-04-27 09:58:04.314877,15.46,13.84,14.23,17.09,1024,30,1.79,104,100,0.0,Clouds,overcast clouds,9
Kőbánya alsó,47.483056,19.127222,2026-04-27 09:58:05.527488,15.32,13.66,14.16,17.01,1024,29,1.79,104,100,0.0,Clouds,overcast clouds,9
Kőbánya-Kispest,47.463889,19.149444,2026-04-27 09:58:06.737120,15.16,13.49,14.16,17.01,1024,29,1.03,0,99,0.0,Clouds,overcast clouds,9
Pestszentlőrinc,47.454722,19.182778,2026-04-27 09:58:07.944242,14.91,13.21,14.1,16.96,1024,29,1.03,0,99,0.0,Clouds,overcast clouds,9
Kispest,47.448135,19.157552,2026-04-27 09:58:09.143551,15.07,13.39,14.16,17.02,1024,29,1.03,0,99,0.0,Clouds,overcast clouds,9
Újpest,47.558889,19.079722,2026-04-27 09:58:10.339561,15.5,13.89,14.23,17.09,1024,30,2.68,127,100,0.0,Clouds,overcast clouds,9
Pestszentimre felső,47.413611,19.173333,2026-04-27 09:58:11.546500,14.93,13.24,14.19,17.05,1024,29,1.03,0,99,0.0,Clouds,overcast clouds,9
Dunakeszi,47.626111,19.136111,2026-04-27 09:58:12.760497,15.31,13.71,14.13,16.99,1024,31,1.79,104,100,0.0,Clouds,overcast clouds,9
Dunakeszi-Gyártelep,47.643611,19.135,2026-04-27 09:58:13.968063,15.44,13.82,14.18,16.01,1024,30,1.52,155,100,0.0,Clouds,overcast clouds,9
Alsógöd,47.676944,19.134444,2026-04-27 09:58:15.162902,15.39,13.72,14.17,16.0,1024,28,1.56,157,100,0.0,Clouds,overcast clouds,9
Göd,47.687778,19.1375,2026-04-27 09:58:16.360850,15.4,13.73,14.19,16.02,1024,28,1.56,157,100,0.0,Clouds,overcast clouds,9
Felsőgöd,47.705556,19.143333,2026-04-27 09:58:17.567937,15.52,13.86,14.83,16.06,1024,28,1.58,158,100,0.0,Clouds,overcast clouds,9
Sződ-Sződliget,47.728056,19.154722,2026-04-27 09:58:18.776559,15.5,13.84,14.82,16.06,1024,28,1.58,159,100,0.0,Clouds,overcast clouds,9
Vác,47.782778,19.133056,2026-04-27 09:58:19.980915,15.51,13.95,14.8,15.51,1024,32,1.53,163,99,0.0,Clouds,overcast clouds,9
Verőce,47.823889,19.029444,2026-04-27 09:58:21.177678,15.35,13.78,14.63,15.35,1024,32,1.13,168,95,0.0,Clouds,overcast clouds,9
Kismaros,47.8275,19.010278,2026-04-27 09:58:22.382794,14.76,13.1,14.76,14.76,1024,31,1.09,171,95,0.0,Clouds,overcast clouds,9
Nagymaros-Visegrád,47.791389,18.959167,2026-04-27 09:58:23.581787,14.78,13.12,14.78,15.5,1024,31,1.4,169,99,0.0,Clouds,overcast clouds,9
Nagymaros,47.780278,18.952222,2026-04-27 09:58:24.782719,14.86,13.21,14.86,15.57,1024,31,1.4,169,99,0.0,Clouds,overcast clouds,9
Zebegény,47.801389,18.908889,2026-04-27 09:58:25.988017,14.83,13.18,14.83,15.55,1024,31,1.29,175,98,0.0,Clouds,overcast clouds,9
Szob,47.821111,18.861944,2026-04-27 09:58:27.199620,14.79,13.13,14.79,14.79,1024,31,1.23,187,96,0.0,Clouds,overcast clouds,9
Alagimajor,47.601944,19.153889,2026-04-27 09:58:28.395796,15.34,13.71,14.18,17.03,1024,30,1.79,104,100,0.0,Clouds,overcast clouds,9
Fót,47.611389,19.181667,2026-04-27 09:58:29.599565,15.41,13.76,14.07,15.9,1024,29,1.49,153,100,0.0,Clouds,overcast clouds,9
Fótújfalu,47.615,19.192778,2026-04-27 09:58:30.800761,15.28,13.62,13.97,15.8,1024,29,1.49,153,100,0.0,Clouds,overcast clouds,9
Csomád,47.635556,19.222778,2026-04-27 09:58:32.006347,14.97,13.25,13.69,15.53,1024,28,1.5,153,100,0.0,Clouds,overcast clouds,9
Veresegyház,47.649167,19.288611,2026-04-27 09:58:33.207035,14.97,13.25,13.84,15.68,1024,28,1.61,155,100,0.0,Clouds,overcast clouds,9
Erdőkertes,47.662222,19.295833,2026-04-27 09:58:34.409920,14.94,13.33,13.8,15.63,1024,32,1.61,155,100,0.0,Clouds,overcast clouds,9
Őrbottyán,47.685833,19.283611,2026-04-27 09:58:35.620555,15.03,13.42,13.71,15.55,1024,32,1.66,158,100,0.0,Clouds,overcast clouds,9
Váchartyán,47.725833,19.248889,2026-04-27 09:58:36.823246,15.39,13.85,15.39,15.39,1024,33,1.7,162,100,0.0,Clouds,overcast clouds,9
Magyarkút-Verőce,47.826111,19.044444,2026-04-27 09:58:38.026311,15.51,13.95,15.51,15.51,1024,32,1.13,168,95,0.0,Clouds,overcast clouds,9
Szokolya,47.871111,19.030556,2026-04-27 09:58:39.226816,13.55,11.8,13.55,13.55,1024,32,0.84,179,90,0.0,Clouds,overcast clouds,9
Berkenye,47.885278,19.071944,2026-04-27 09:58:40.425242,14.24,12.58,14.24,14.24,1024,33,0.93,177,90,0.0,Clouds,overcast clouds,9
Nógrád,47.901944,19.0475,2026-04-27 09:58:41.634101,13.9,12.21,13.9,13.9,1024,33,0.73,188,88,0.0,Clouds,overcast clouds,9
Diósjenő,47.94,19.049444,2026-04-27 09:58:42.841506,13.53,11.8,13.53,13.53,1024,33,0.66,201,86,0.0,Clouds,overcast clouds,9
Borsosberény,47.971389,19.093056,2026-04-27 09:58:44.049631,14.16,12.52,14.16,14.16,1024,34,1.1,204,87,0.0,Clouds,overcast clouds,9
Nagyoroszi,47.993611,19.101111,2026-04-27 09:58:45.246632,14.0,12.37,14.0,14.0,1024,35,1.15,212,87,0.0,Clouds,overcast clouds,9
Drégelyvár,48.001944,19.079444,2026-04-27 09:58:46.441497,14.29,12.69,14.29,14.29,1024,35,0.92,227,84,0.0,Clouds,broken clouds,9
Drégely,48.042222,19.056111,2026-04-27 09:58:47.646734,14.65,13.08,14.65,14.65,1024,35,1.05,232,84,0.0,Clouds,broken clouds,9
Drégelypalánk,48.055,19.046111,2026-04-27 09:58:48.848026,14.82,13.27,14.82,14.82,1024,35,1.11,242,83,0.0,Clouds,broken clouds,9
Ipolyvece,48.056944,19.106389,2026-04-27 09:58:50.062966,14.72,13.16,14.72,14.72,1024,35,1.51,224,88,0.0,Clouds,overcast clouds,9
Dejtár,48.045556,19.196389,2026-04-27 09:58:51.259853,14.59,13.02,14.59,14.59,1024,35,1.76,219,91,0.0,Clouds,overcast clouds,9
Ipolyszög,48.054444,19.221944,2026-04-27 09:58:52.455430,14.58,13.03,14.58,14.58,1024,36,2.08,221,93,0.0,Clouds,overcast clouds,9
Iklad-Domony,47.658056,19.444444,2026-04-27 09:58:53.660862,14.1,12.45,14.1,14.1,1024,34,1.62,158,100,0.0,Clouds,overcast clouds,9
Iklad-Domony felső,47.667778,19.428056,2026-04-27 09:58:54.871923,14.09,12.44,14.09,15.4,1024,34,1.68,162,100,0.0,Clouds,overcast clouds,9
Galgamácsa,47.693889,19.3925,2026-04-27 09:58:56.074852,15.39,13.85,15.39,15.39,1024,33,1.72,163,100,0.0,Clouds,overcast clouds,9
Vácrátót,47.732778,19.217778,2026-04-27 09:58:57.270920,15.31,13.73,15.31,15.31,1024,32,1.64,160,100,0.0,Clouds,overcast clouds,9
Csörög,47.735833,19.196389,2026-04-27 09:58:58.467019,15.31,13.71,14.6,15.83,1024,31,1.61,160,100,0.0,Clouds,overcast clouds,9
Galgagyörk,47.735278,19.372222,2026-04-27 09:58:59.672970,15.29,13.74,15.29,15.29,1024,33,1.74,166,100,0.0,Clouds,overcast clouds,9
Püspökhatvan,47.768611,19.366944,2026-04-27 09:59:00.876658,14.36,12.74,14.36,14.36,1024,34,1.74,174,100,0.0,Clouds,overcast clouds,9
Acsa-Erdőkürt,47.801111,19.386111,2026-04-27 09:59:02.079721,14.2,12.56,14.2,14.2,1024,34,1.72,180,99,0.0,Clouds,overcast clouds,9
Galgaguta,47.848611,19.385556,2026-04-27 09:59:03.271173,13.91,12.24,13.91,13.91,1024,34,1.71,194,98,0.0,Clouds,overcast clouds,9
Nógrádkövesd,47.879444,19.371111,2026-04-27 09:59:04.472478,14.07,12.42,14.07,14.07,1024,34,1.73,201,97,0.0,Clouds,overcast clouds,9
Magyarnándor,47.970833,19.356667,2026-04-27 09:59:05.678048,13.97,12.31,13.97,13.97,1024,34,1.97,216,95,0.0,Clouds,overcast clouds,9
Mohora,47.995556,19.347778,2026-04-27 09:59:06.882878,14.08,12.43,14.08,14.08,1024,34,2.09,220,95,0.0,Clouds,overcast clouds,9
Szügy,48.036389,19.333056,2026-04-27 09:59:08.094461,14.31,12.71,14.31,14.31,1024,35,2.38,224,96,0.0,Clouds,overcast clouds,9
Balassagyarmat,48.071111,19.293611,2026-04-27 09:59:09.292978,14.43,12.84,14.43,14.43,1024,35,2.46,223,96,0.0,Clouds,overcast clouds,9
Őrhalom,48.078773,19.403936,2026-04-27 09:59:10.489015,14.13,12.49,14.13,14.13,1024,34,2.76,233,98,0.0,Clouds,overcast clouds,9
Hugyag,48.083056,19.421111,2026-04-27 09:59:11.692507,14.13,12.49,14.13,14.13,1024,34,2.76,233,98,0.0,Clouds,overcast clouds,9
Szécsény,48.093056,19.521111,2026-04-27 09:59:12.904343,14.31,12.66,14.31,14.31,1024,33,2.8,242,98,0.0,Clouds,overcast clouds,9
Ludányhalászi,48.1325,19.529444,2026-04-27 09:59:14.109001,14.26,12.63,14.26,14.26,1024,34,3.08,239,99,0.0,Clouds,overcast clouds,9
Nógrádszakál,48.178333,19.521667,2026-04-27 09:59:15.307865,14.2,12.56,14.2,14.2,1024,34,3.2,238,99,0.0,Clouds,overcast clouds,9
Ráróspuszta,48.207222,19.541389,2026-04-27 09:59:16.504409,13.63,11.96,13.63,13.63,1024,35,3.35,236,99,0.0,Clouds,overcast clouds,9
Litke,48.215833,19.598611,2026-04-27 09:59:17.713371,14.1,12.45,14.1,14.1,1024,34,3.32,243,98,0.0,Clouds,overcast clouds,9
Nyíregyháza külső,47.943056,21.740278,2026-04-27 09:59:18.913447,13.27,11.46,13.27,13.27,1024,31,1.75,282,99,0.0,Clouds,overcast clouds,9
Oros,47.945833,21.806389,2026-04-27 09:59:20.117065,13.29,11.48,13.29,13.29,1024,31,1.66,281,99,0.0,Clouds,overcast clouds,9
Napkor,47.948889,21.873056,2026-04-27 09:59:21.313196,13.25,11.44,13.25,13.25,1024,31,1.68,280,99,0.0,Clouds,overcast clouds,9
Apagy,47.953775,21.939044,2026-04-27 09:59:22.508946,13.26,11.45,13.26,13.26,1024,31,1.68,281,99,0.0,Clouds,overcast clouds,9
Levelek-Magy,47.948056,21.993611,2026-04-27 09:59:23.704102,13.24,11.4,13.24,13.24,1024,30,1.69,283,99,0.0,Clouds,overcast clouds,9
Ófehértó,47.940556,22.041389,2026-04-27 09:59:24.910711,13.23,11.39,13.23,13.23,1024,30,1.63,285,100,0.0,Clouds,overcast clouds,9
Ligettanya,47.951667,22.071389,2026-04-27 09:59:26.112997,13.17,11.33,13.17,13.17,1024,30,1.71,287,100,0.0,Clouds,overcast clouds,9
Baktalórántháza,47.988611,22.083333,2026-04-27 09:59:27.312959,13.13,11.28,13.13,13.13,1024,30,1.78,285,99,0.0,Clouds,overcast clouds,9
Vaja-Rohod,48.006389,22.164167,2026-04-27 09:59:28.508951,13.17,11.33,13.17,13.17,1024,30,1.88,287,99,0.0,Clouds,overcast clouds,9
Rákóczitanya,48.022222,22.178333,2026-04-27 09:59:29.706177,13.18,11.34,13.18,13.18,1024,30,1.89,288,99,0.0,Clouds,overcast clouds,9
Nyírmada,48.059167,22.203056,2026-04-27 09:59:30.921116,13.11,11.26,13.11,13.11,1024,30,2.05,283,98,0.0,Clouds,overcast clouds,9
Tunyogmatolcs,47.960244,22.442247,2026-04-27 09:59:32.122449,13.68,11.86,13.68,13.68,1024,29,1.83,292,94,0.0,Clouds,overcast clouds,9
Tunyogmatolcs alsó,47.966025,22.464713,2026-04-27 09:59:33.318426,13.7,11.88,13.7,13.7,1024,29,1.84,291,93,0.0,Clouds,overcast clouds,9
Fehérgyarmat,47.979167,22.524444,2026-04-27 09:59:34.514265,13.7,11.88,13.7,13.7,1024,29,1.95,286,90,0.0,Clouds,overcast clouds,9
Penyige,47.995278,22.566944,2026-04-27 09:59:35.709444,13.75,11.94,13.75,13.75,1024,29,1.96,286,89,0.0,Clouds,overcast clouds,9
Nagyszekeres,47.976111,22.6125,2026-04-27 09:59:36.919859,13.78,11.97,13.78,13.78,1024,29,1.96,285,89,0.0,Clouds,overcast clouds,9
Kisszekeres,47.965833,22.629444,2026-04-27 09:59:38.122117,13.84,12.04,13.84,13.84,1024,29,1.85,286,90,0.0,Clouds,overcast clouds,9
Jánkmajtis,47.941944,22.657222,2026-04-27 09:59:39.327551,13.95,12.16,13.95,13.95,1024,29,1.74,288,92,0.0,Clouds,overcast clouds,9
Gacsály,47.926111,22.745,2026-04-27 09:59:40.525866,12.82,10.91,12.82,13.03,1024,29,1.79,289,91,0.0,Clouds,overcast clouds,9
Zajta,47.9025,22.796111,2026-04-27 09:59:41.725030,12.81,10.88,12.81,13.03,1024,28,1.74,295,92,0.0,Clouds,overcast clouds,9
Eperjeske alsó,48.360556,22.19,2026-04-27 09:59:42.951774,12.92,11.1,12.92,12.92,1024,32,2.8,256,71,0.0,Clouds,broken clouds,9
Mándok,48.326944,22.196389,2026-04-27 09:59:44.159721,12.91,11.09,12.91,12.91,1024,32,2.8,257,78,0.0,Clouds,broken clouds,9
Tornyospálca,48.268333,22.201944,2026-04-27 09:59:45.359216,12.96,11.15,12.96,12.96,1024,32,2.75,260,85,0.0,Clouds,overcast clouds,9
Aranyosapáti,48.211303,22.253534,2026-04-27 09:59:46.559221,13.09,11.26,13.09,13.09,1024,31,2.57,267,91,0.0,Clouds,overcast clouds,9
Gyüre,48.171389,22.269167,2026-04-27 09:59:47.755907,13.14,11.29,13.14,13.14,1024,30,2.43,272,95,0.0,Clouds,overcast clouds,9
Varsány,48.151722,22.290047,2026-04-27 09:59:48.967581,13.2,11.36,13.2,13.2,1024,30,2.34,276,95,0.0,Clouds,overcast clouds,9
Vásárosnamény,48.126667,22.306111,2026-04-27 09:59:50.166428,13.25,11.41,13.25,13.25,1024,30,2.26,279,96,0.0,Clouds,overcast clouds,9
Vitka,48.095556,22.308056,2026-04-27 09:59:51.364340,13.29,11.46,13.29,13.29,1024,30,2.17,283,96,0.0,Clouds,overcast clouds,9
Nagydobos,48.054167,22.311111,2026-04-27 09:59:52.561249,13.28,11.45,13.28,13.28,1024,30,2.1,286,96,0.0,Clouds,overcast clouds,9
Ópályi,47.997778,22.318333,2026-04-27 09:59:53.757054,13.42,11.57,13.42,13.42,1024,29,1.88,292,97,0.0,Clouds,overcast clouds,9
Nyírcsaholy,47.908056,22.348333,2026-04-27 09:59:54.967544,13.68,11.86,13.68,13.68,1024,29,1.57,296,98,0.0,Clouds,overcast clouds,9
Nagyecsed,47.864722,22.385556,2026-04-27 09:59:56.173521,13.83,12.03,13.83,13.83,1024,29,1.31,299,98,0.0,Clouds,overcast clouds,9
Tiborszállás,47.815278,22.402778,2026-04-27 09:59:57.369558,13.91,12.11,13.91,13.91,1024,29,1.03,307,100,0.0,Clouds,overcast clouds,9
Kiskunhalas,46.434444,19.493611,2026-04-27 09:59:58.560095,15.14,13.55,15.14,15.14,1023,32,3.01,110,100,0.0,Clouds,overcast clouds,9
Kecskemét alsó,46.895833,19.692222,2026-04-27 09:59:59.751818,17.81,16.43,17.1,17.81,1024,30,0.89,180,100,0.0,Clouds,overcast clouds,9
Putnok,48.286667,20.4375,2026-04-27 10:00:01.380755,15.56,14.01,13.36,15.56,1023,32,3.28,292,100,0.0,Clouds,overcast clouds,9
Bánréve,48.299722,20.351944,2026-04-27 10:00:03.678671,15.55,14.0,15.55,15.55,1023,32,3.1,295,100,0.0,Clouds,overcast clouds,9
Ipolytarnóc,48.236667,19.629167,2026-04-27 10:00:05.861192,14.01,12.35,14.01,14.01,1024,34,3.33,245,98,0.0,Clouds,overcast clouds,9
Rákosliget,47.486111,19.257778,2026-04-27 10:00:08.103847,14.66,12.89,14.03,15.86,1024,27,1.03,0,100,0.0,Clouds,overcast clouds,9
Ikrény,47.657778,17.524167,2026-04-27 10:00:10.421220,15.08,13.61,15.08,15.08,1023,37,1.2,156,62,0.0,Clouds,broken clouds,9
Rábapatona,47.648889,17.461944,2026-04-27 10:00:11.951039,15.1,13.63,15.1,15.1,1023,37,1.41,162,61,0.0,Clouds,broken clouds,9
Enese,47.644167,17.425278,2026-04-27 10:00:13.730527,15.1,13.63,15.1,15.1,1023,37,1.75,164,58,0.0,Clouds,broken clouds,9
Kóny,47.632222,17.357222,2026-04-27 10:00:15.134855,16.35,15.01,16.35,16.35,1023,37,1.94,167,58,0.0,Clouds,broken clouds,9
Farád,47.595278,17.195833,2026-04-27 10:00:16.375443,16.48,15.18,16.48,16.48,1023,38,2.67,166,52,0.0,Clouds,broken clouds,9
Rábatamási,47.592778,17.161389,2026-04-27 10:00:17.574994,16.48,15.18,16.48,16.48,1023,38,2.67,166,52,0.0,Clouds,broken clouds,9
Szárföld,47.589167,17.123889,2026-04-27 10:00:18.766039,16.5,15.2,16.5,16.5,1023,38,2.64,166,52,0.0,Clouds,broken clouds,9
Veszkény,47.586944,17.101389,2026-04-27 10:00:20.006821,16.53,15.23,16.53,16.53,1023,38,2.59,165,52,0.0,Clouds,broken clouds,9
Kapuvár,47.581944,17.046944,2026-04-27 10:00:21.197570,16.55,15.25,16.55,16.55,1023,38,2.46,163,53,0.0,Clouds,broken clouds,9
Vitnyéd-Csermajor,47.5825,16.987222,2026-04-27 10:00:22.401335,16.58,15.29,16.58,16.58,1023,38,2.33,161,53,0.0,Clouds,broken clouds,9
Petőháza,47.595278,16.893056,2026-04-27 10:00:23.621014,16.64,15.35,16.64,16.64,1023,38,2.11,154,53,0.0,Clouds,broken clouds,9
Fertőszentmiklós,47.6,16.858889,2026-04-27 10:00:24.821773,17.27,16.07,17.27,17.27,1023,39,2.09,151,53,0.0,Clouds,broken clouds,9
Pinnye,47.600278,16.768611,2026-04-27 10:00:26.020388,17.15,15.94,17.15,17.15,1022,39,2.29,136,53,0.0,Clouds,broken clouds,9
Fertőboz,47.625,16.691667,2026-04-27 10:00:27.258841,16.99,15.79,16.99,16.99,1022,40,2.52,121,52,0.0,Clouds,broken clouds,9
Sopron,47.677778,16.587222,2026-04-27 10:00:28.531309,16.69,15.46,16.69,16.69,1022,40,3.15,102,49,0.0,Clouds,scattered clouds,9
Fertőszéplak-Fertőd,47.618889,16.850833,2026-04-27 10:00:29.812731,17.29,16.09,17.29,17.29,1023,39,1.93,144,53,0.0,Clouds,broken clouds,9
Nyúl,47.587778,17.698056,2026-04-27 10:00:31.107064,15.02,13.39,15.02,16.14,1023,31,2.57,0,0,0.0,Clear,clear sky,9
Pannonhalma,47.547778,17.740833,2026-04-27 10:00:32.306694,14.96,13.32,14.96,16.08,1023,31,2.57,0,0,0.0,Clear,clear sky,9
Tarjánpuszta,47.504722,17.789167,2026-04-27 10:00:33.501849,14.73,13.07,14.73,15.84,1023,31,2.57,0,0,0.0,Clear,clear sky,9
Győrasszonyfa,47.4925,17.799167,2026-04-27 10:00:34.706197,14.66,12.99,14.66,15.77,1023,31,2.57,0,0,0.0,Clear,clear sky,9
Veszprémvarsány,47.443333,17.818333,2026-04-27 10:00:35.897215,14.71,13.15,14.71,15.83,1023,35,2.11,140,78,0.0,Clouds,broken clouds,9
Bakonyszentlászló,47.395556,17.8175,2026-04-27 10:00:37.089339,15.58,14.11,14.47,15.58,1023,35,2.18,139,77,0.0,Clouds,broken clouds,9
Porva-Csesznek,47.326944,17.841111,2026-04-27 10:00:38.288966,14.59,13.04,14.59,14.59,1023,36,2.27,139,75,0.0,Clouds,broken clouds,9
Zirc,47.266667,17.878056,2026-04-27 10:00:39.479864,13.91,12.3,13.91,13.91,1023,36,2.56,140,71,0.0,Clouds,broken clouds,9
Eplény,47.192778,17.921667,2026-04-27 10:00:40.678384,14.25,12.67,14.25,14.25,1023,36,2.68,142,68,0.0,Clouds,broken clouds,9
Marcaltő,47.4275,17.348889,2026-04-27 10:00:41.875381,16.17,14.6,16.17,16.17,1023,29,2.06,180,0,0.0,Clear,clear sky,9
Szany-Rábaszentandrás,47.460833,17.315278,2026-04-27 10:00:43.068731,16.17,14.6,16.17,16.17,1023,29,2.06,180,0,0.0,Clear,clear sky,9
Egyed-Rábacsanak,47.521944,17.316389,2026-04-27 10:00:44.290095,16.18,14.82,16.18,16.18,1023,37,2.25,176,57,0.0,Clouds,broken clouds,9
Rábapordány,47.557222,17.315,2026-04-27 10:00:45.481364,16.18,14.82,16.18,16.18,1023,37,2.21,174,58,0.0,Clouds,broken clouds,9
Albertfalva,47.440784,19.033965,2026-04-27 10:00:46.681890,15.69,14.1,14.28,17.14,1024,30,2.68,127,98,0.0,Clouds,overcast clouds,9
Budafok,47.425833,19.041389,2026-04-27 10:00:47.872836,15.67,14.08,14.29,17.14,1024,30,2.68,127,97,0.0,Clouds,overcast clouds,9
Tétényliget,47.384722,18.955278,2026-04-27 10:00:49.074121,16.07,14.57,14.31,17.16,1024,32,1.81,143,96,0.0,Clouds,overcast clouds,9
Érd alsó,47.379722,18.923056,2026-04-27 10:00:50.268122,16.04,14.54,14.17,17.03,1024,32,1.89,145,95,0.0,Clouds,overcast clouds,9
Tárnok,47.365556,18.873889,2026-04-27 10:00:51.472039,16.21,14.72,14.23,17.09,1024,32,2.07,145,92,0.0,Clouds,overcast clouds,9
Martonvásár,47.321389,18.781667,2026-04-27 10:00:52.679187,17.01,15.6,14.76,17.56,1024,32,2.22,141,87,0.0,Clouds,overcast clouds,9
Baracska,47.297222,18.753333,2026-04-27 10:00:53.889344,17.21,15.82,15.04,17.66,1024,32,2.25,139,85,0.0,Clouds,overcast clouds,9
Pettend,47.26,18.708889,2026-04-27 10:00:55.081665,17.02,15.64,17.02,17.02,1024,33,2.29,137,83,0.0,Clouds,broken clouds,9
Kápolnásnyék,47.245556,18.692222,2026-04-27 10:00:56.286741,17.05,15.67,17.05,17.05,1024,33,2.29,135,83,0.0,Clouds,broken clouds,9
Velence,47.226944,18.663889,2026-04-27 10:00:57.482405,17.07,15.69,17.07,17.07,1024,33,2.32,136,82,0.0,Clouds,broken clouds,9
Velencefürdő,47.218611,18.648056,2026-04-27 10:00:58.689236,15.27,13.71,15.27,15.27,1024,33,2.29,133,84,0.0,Clouds,broken clouds,9
Gárdony,47.205833,18.624722,2026-04-27 10:00:59.890014,15.31,13.76,15.31,15.31,1024,33,2.32,134,83,0.0,Clouds,broken clouds,9
Agárd,47.197666,18.604907,2026-04-27 10:01:01.081445,15.31,13.76,15.31,15.31,1024,33,2.32,134,83,0.0,Clouds,broken clouds,9
Dinnyés,47.179722,18.560833,2026-04-27 10:01:02.285464,15.32,13.77,15.32,15.32,1024,33,2.36,133,85,0.0,Clouds,overcast clouds,9
Székesfehérvár,47.183611,18.424722,2026-04-27 10:01:03.482088,15.38,13.86,15.38,15.38,1024,34,2.45,138,78,0.0,Clouds,broken clouds,9
Szabadbattyán,47.105278,18.388333,2026-04-27 10:01:04.686397,15.37,13.85,15.37,15.37,1024,34,2.46,133,80,0.0,Clouds,broken clouds,9
Kiscséripuszta,47.048056,18.355,2026-04-27 10:01:05.881125,15.2,13.66,15.2,15.2,1023,34,2.51,132,80,0.0,Clouds,broken clouds,9
Lepsény,46.9875,18.248056,2026-04-27 10:01:07.080565,13.79,12.11,13.79,13.79,1023,34,2.59,134,79,0.0,Clouds,broken clouds,9
Balatonaliga,46.984444,18.171389,2026-04-27 10:01:08.283323,13.6,11.93,13.6,13.6,1023,35,2.57,139,78,0.0,Clouds,broken clouds,9
Balatonvilágos,46.964167,18.157222,2026-04-27 10:01:09.474841,13.64,11.97,13.64,13.64,1023,35,2.61,140,79,0.0,Clouds,broken clouds,9
Szabadifürdő,46.926111,18.103333,2026-04-27 10:01:10.668637,13.81,12.11,13.81,13.81,1023,33,2.73,141,79,0.0,Clouds,broken clouds,9
Ózd alsó,48.227778,20.306111,2026-04-27 10:01:11.864157,15.39,13.82,15.39,15.39,1023,32,2.88,296,100,0.0,Clouds,overcast clouds,9
Ózd,48.2225,20.294722,2026-04-27 10:01:13.059350,15.44,13.88,15.44,15.44,1023,32,2.88,296,100,0.0,Clouds,overcast clouds,9
Alsóboldva,48.212778,20.792222,2026-04-27 10:01:14.262357,14.7,13.98,13.57,15.77,1023,67,1.81,282,100,0.0,Clouds,overcast clouds,9
Boldva,48.223333,20.790278,2026-04-27 10:01:15.466038,14.69,13.49,13.56,15.76,1023,49,1.81,282,100,0.0,Clouds,overcast clouds,9
Borsodszirák,48.259167,20.770556,2026-04-27 10:01:16.657861,14.66,13.46,13.52,15.72,1023,49,2.52,295,100,0.0,Clouds,overcast clouds,9
Edelény alsó,48.279167,20.760833,2026-04-27 10:01:17.869226,14.97,13.38,13.5,14.97,1023,33,2.52,295,100,0.0,Clouds,overcast clouds,9
Edelény,48.299722,20.749444,2026-04-27 10:01:19.061127,14.95,13.36,13.48,14.95,1023,33,2.72,294,99,0.0,Clouds,overcast clouds,9
Szendrőlád,48.334444,20.731944,2026-04-27 10:01:20.266018,14.86,13.26,14.86,14.86,1023,33,3.18,289,99,0.0,Clouds,overcast clouds,9
Szendrő,48.400725,20.721346,2026-04-27 10:01:21.459063,13.1,11.33,13.1,13.1,1023,33,3.36,278,97,0.0,Clouds,overcast clouds,9
Szendrő felső,48.409907,20.720148,2026-04-27 10:01:22.655719,13.1,11.33,13.1,13.1,1023,33,3.36,278,97,0.0,Clouds,overcast clouds,9
Szalonna,48.449444,20.722222,2026-04-27 10:01:23.854094,13.09,11.32,13.09,13.09,1023,33,3.52,266,95,0.0,Clouds,overcast clouds,9
Perkupa,48.471389,20.691111,2026-04-27 10:01:25.055776,12.41,10.57,12.41,12.41,1023,33,3.48,264,94,0.0,Clouds,overcast clouds,9
Szemeretelep,47.443056,19.214167,2026-04-27 10:01:26.259874,14.74,13.0,14.09,16.95,1024,28,1.03,0,100,0.0,Clouds,overcast clouds,9
Jósvafő-Aggtelek,48.489722,20.693889,2026-04-27 10:01:27.451998,12.71,10.9,12.71,12.71,1023,33,3.48,259,93,0.0,Clouds,overcast clouds,9
Bódvaszilas,48.5375,20.738056,2026-04-27 10:01:28.661899,12.26,10.4,12.26,12.26,1023,33,3.6,252,92,0.0,Clouds,overcast clouds,9
Komjáti,48.5475,20.759722,2026-04-27 10:01:29.867831,11.77,9.86,11.77,11.77,1023,33,3.59,247,90,0.0,Clouds,overcast clouds,9
Tornanádaska,48.558333,20.787222,2026-04-27 10:01:31.101010,12.9,11.11,12.9,12.9,1023,33,3.61,246,89,0.0,Clouds,overcast clouds,9
Onga,48.121111,20.906667,2026-04-27 10:01:32.327612,15.08,14.05,13.62,15.1,1024,54,2.29,213,100,0.0,Clouds,overcast clouds,9
Szikszó-Vásártér,48.193056,20.934722,2026-04-27 10:01:34.058625,14.97,13.8,13.59,15.06,1023,49,1.65,230,100,0.0,Clouds,overcast clouds,9
Szikszó,48.201667,20.941667,2026-04-27 10:01:35.250547,15.08,13.92,13.6,15.08,1023,49,1.8,224,100,0.0,Clouds,overcast clouds,9
Aszaló,48.219867,20.961466,2026-04-27 10:01:36.444477,15.06,13.9,13.58,15.06,1023,49,1.72,230,100,0.0,Clouds,overcast clouds,9
Halmaj,48.246667,20.991667,2026-04-27 10:01:37.636060,15.04,13.49,15.04,15.04,1023,34,1.87,230,99,0.0,Clouds,overcast clouds,9
Csobád,48.277222,21.033889,2026-04-27 10:01:38.836813,15.01,13.45,15.01,15.01,1023,34,2.09,231,98,0.0,Clouds,overcast clouds,9
Ináncs,48.291111,21.057778,2026-04-27 10:01:40.037033,15.01,13.45,15.01,15.01,1023,34,2.5,232,96,0.0,Clouds,overcast clouds,9
Forró-Encs,48.3275,21.117778,2026-04-27 10:01:41.233859,12.8,11.02,12.8,12.8,1023,34,2.75,236,94,0.0,Clouds,overcast clouds,9
Méra,48.363056,21.140278,2026-04-27 10:01:42.428349,12.5,10.69,12.5,12.5,1023,34,3.13,242,90,0.0,Clouds,overcast clouds,9
Novajidrány,48.404444,21.170556,2026-04-27 10:01:43.625579,16.11,14.66,13.5,16.11,1023,34,3.33,246,88,0.0,Clouds,overcast clouds,9
Hernádszurdok,48.487222,21.213889,2026-04-27 10:01:44.834769,13.42,11.6,13.03,13.42,1023,30,4.12,230,0,0.0,Clear,clear sky,9
Hidasnémeti,48.508333,21.229722,2026-04-27 10:01:46.024630,13.43,11.61,13.03,13.43,1023,30,4.12,230,0,0.0,Clear,clear sky,9
Mád,48.19,21.268889,2026-04-27 10:01:47.229965,11.18,9.11,11.18,11.18,1024,29,3.05,240,99,0.0,Clouds,overcast clouds,9
Rátka,48.215,21.230278,2026-04-27 10:01:48.426861,11.34,9.29,11.34,11.34,1024,29,3.01,237,99,0.0,Clouds,overcast clouds,9
Tállya,48.226944,21.225278,2026-04-27 10:01:49.618445,11.29,9.23,11.29,11.29,1024,29,3.01,237,99,0.0,Clouds,overcast clouds,9
Golop,48.242778,21.204167,2026-04-27 10:01:50.821544,11.41,9.36,11.41,11.41,1024,29,2.81,233,99,0.0,Clouds,overcast clouds,9
Abaújszántó,48.286944,21.181667,2026-04-27 10:01:52.029953,11.32,9.4,11.32,11.32,1023,34,2.95,236,96,0.0,Clouds,overcast clouds,9
Abaújszántói fürdő,48.268333,21.179722,2026-04-27 10:01:53.222880,11.38,9.46,11.38,11.38,1023,34,2.88,234,98,0.0,Clouds,overcast clouds,9
Abaújkér,48.309444,21.198333,2026-04-27 10:01:54.462466,11.28,9.35,11.28,11.28,1023,34,3.03,239,94,0.0,Clouds,overcast clouds,9
Boldogkőváralja,48.345,21.208889,2026-04-27 10:01:55.658438,11.08,9.13,11.08,11.08,1023,34,3.36,245,92,0.0,Clouds,overcast clouds,9
Korlát-Vizsoly,48.365,21.219167,2026-04-27 10:01:56.928880,10.99,9.03,10.99,10.99,1023,34,3.44,247,90,0.0,Clouds,overcast clouds,9
Fony,48.411389,21.242778,2026-04-27 10:01:58.244704,15.4,13.88,10.83,15.91,1023,34,3.57,250,86,0.0,Clouds,overcast clouds,9
Hejce-Vilmány,48.419444,21.245556,2026-04-27 10:01:59.439994,15.2,13.66,10.79,15.88,1023,34,3.57,250,86,0.0,Clouds,overcast clouds,9
Göncruszka,48.445,21.246944,2026-04-27 10:02:00.630814,13.36,11.64,12.96,13.36,1023,34,3.61,251,84,0.0,Clouds,broken clouds,9
Gönc,48.470556,21.261389,2026-04-27 10:02:01.875664,13.26,11.53,12.86,13.26,1023,34,3.67,251,83,0.0,Clouds,broken clouds,9
Zsujta,48.4925,21.265,2026-04-27 10:02:03.077120,13.28,11.45,12.88,13.28,1023,30,4.12,230,0,0.0,Clear,clear sky,9
Bodrogkeresztúr,48.175556,21.354167,2026-04-27 10:02:04.333015,11.45,9.41,11.45,11.45,1024,29,3.1,244,99,0.0,Clouds,overcast clouds,9
Szegi,48.201944,21.387778,2026-04-27 10:02:05.583677,11.49,9.45,11.32,11.49,1024,29,3.24,244,98,0.0,Clouds,overcast clouds,9
Erdőbénye,48.218056,21.401944,2026-04-27 10:02:06.782865,11.46,9.42,11.29,11.46,1024,29,3.35,243,96,0.0,Clouds,overcast clouds,9
Olaszliszka-Tolcsva,48.258333,21.448056,2026-04-27 10:02:07.979302,11.49,9.45,11.32,11.49,1023,29,3.53,243,93,0.0,Clouds,overcast clouds,9
Bodrogolaszi,48.286944,21.512778,2026-04-27 10:02:09.238482,11.26,9.51,11.26,11.43,1023,41,3.57,244,91,0.0,Clouds,overcast clouds,9
Sárospatak,48.325833,21.566111,2026-04-27 10:02:10.490463,11.21,9.46,11.21,11.38,1023,41,3.46,244,87,0.0,Clouds,overcast clouds,9
Sátoraljaújhely,48.385833,21.657778,2026-04-27 10:02:11.683808,11.29,9.55,11.29,11.29,1023,41,3.29,245,77,0.0,Clouds,broken clouds,9
Vecsés,47.40855,19.25652,2026-04-27 10:02:12.876375,14.25,12.41,14.13,15.96,1024,26,1.03,0,100,0.0,Clouds,overcast clouds,9
Vecsés-Kertekalja,47.403333,19.271389,2026-04-27 10:02:14.149878,14.29,12.45,14.17,16.0,1024,26,1.03,0,100,0.0,Clouds,overcast clouds,9
Üllő,47.390833,19.348889,2026-04-27 10:02:15.354132,14.23,12.39,14.12,15.95,1024,26,1.03,0,100,0.0,Clouds,overcast clouds,9
Monor,47.34545,19.43701,2026-04-27 10:02:16.546880,14.07,12.21,14.07,14.07,1024,26,1.03,0,100,0.0,Clouds,overcast clouds,9
Pilis,47.279722,19.536389,2026-04-27 10:02:17.783624,16.97,15.53,14.03,16.97,1024,31,1.84,114,100,0.0,Clouds,overcast clouds,9
Albertirsa,47.240278,19.606389,2026-04-27 10:02:19.033960,17.06,15.47,17.06,17.06,1024,25,1.92,110,100,0.0,Clouds,overcast clouds,9
Ceglédbercel-Cserő,47.210278,19.686944,2026-04-27 10:02:20.228739,17.13,15.55,17.13,17.13,1024,25,1.96,107,100,0.0,Clouds,overcast clouds,9
Cegléd,47.182778,19.806111,2026-04-27 10:02:21.432717,17.18,15.61,14.07,17.23,1024,25,2.01,104,100,0.0,Clouds,overcast clouds,9
Abony,47.173056,20.016389,2026-04-27 10:02:22.678425,15.94,14.37,14.97,17.3,1024,30,2.57,130,0,0.0,Clear,clear sky,9
Szolnok,47.179167,20.175833,2026-04-27 10:02:23.873984,15.49,13.83,14.99,17.32,1024,28,2.57,130,0,0.0,Clear,clear sky,9
Szajol,47.170556,20.295278,2026-04-27 10:02:25.662951,15.01,13.25,15.01,16.1,1024,26,2.57,130,0,0.0,Clear,clear sky,9
Törökszentmiklós,47.170278,20.413611,2026-04-27 10:02:27.239915,15.0,13.23,15.0,16.1,1024,26,2.57,130,0,0.0,Clear,clear sky,9
Rákoscsaba-Újtelep,47.4875,19.271944,2026-04-27 10:02:28.596963,14.63,12.85,14.03,15.86,1024,27,1.03,0,100,0.0,Clouds,overcast clouds,9
Rákoscsaba,47.492222,19.284722,2026-04-27 10:02:30.194815,14.26,12.45,14.02,15.85,1024,27,1.03,0,100,0.0,Clouds,overcast clouds,9
Pécel,47.493889,19.338889,2026-04-27 10:02:31.388494,14.11,12.26,13.9,15.73,1024,26,1.03,0,100,0.0,Clouds,overcast clouds,9
Isaszeg,47.537719,19.388955,2026-04-27 10:02:32.578838,13.83,11.95,13.81,15.64,1024,26,1.03,0,100,0.0,Clouds,overcast clouds,9
Gödöllő,47.592222,19.358611,2026-04-27 10:02:33.771164,14.14,12.29,13.58,15.42,1024,26,1.03,0,100,0.0,Clouds,overcast clouds,9
Máriabesnyő,47.595556,19.389722,2026-04-27 10:02:34.967518,13.96,12.25,13.73,15.56,1024,32,1.52,149,100,0.0,Clouds,overcast clouds,9
Bag,47.641111,19.471667,2026-04-27 10:02:36.181737,14.08,12.43,14.08,14.08,1024,34,1.62,158,100,0.0,Clouds,overcast clouds,9
Aszód,47.647467,19.492882,2026-04-27 10:02:37.377683,14.16,12.52,14.16,14.16,1024,34,1.61,160,100,0.0,Clouds,overcast clouds,9
Hévízgyörk,47.638611,19.526667,2026-04-27 10:02:38.581189,14.39,12.77,14.39,14.39,1024,34,1.59,161,100,0.0,Clouds,overcast clouds,9
Galgahévíz,47.6325,19.558333,2026-04-27 10:02:39.778351,14.59,12.99,14.59,14.59,1024,34,1.46,158,100,0.0,Clouds,overcast clouds,9
Tura,47.626389,19.5975,2026-04-27 10:02:40.969680,14.49,12.88,14.49,14.49,1024,34,1.41,159,100,0.0,Clouds,overcast clouds,9
Hatvan,47.663611,19.671389,2026-04-27 10:02:42.171613,14.49,12.88,14.49,14.49,1024,34,1.51,175,100,0.0,Clouds,overcast clouds,9
Vámosgyörk,47.686111,19.927778,2026-04-27 10:02:43.373635,16.61,15.21,16.61,16.61,1024,34,1.39,190,100,0.0,Clouds,overcast clouds,9
Adács,47.696389,19.975278,2026-04-27 10:02:44.580835,16.56,15.16,16.56,16.56,1024,34,1.51,197,100,0.0,Clouds,overcast clouds,9
Karácsond,47.718056,20.048611,2026-04-27 10:02:45.776018,16.59,15.11,16.59,16.59,1024,31,1.63,200,100,0.0,Clouds,overcast clouds,9
Ludas,47.723889,20.095556,2026-04-27 10:02:46.973740,16.54,15.06,16.54,16.54,1024,31,1.49,206,100,0.0,Clouds,overcast clouds,9
Nagyút,47.72666666666667,20.161388888888887,2026-04-27 10:02:48.181803,16.57,15.09,16.57,16.57,1024,31,1.44,209,100,0.0,Clouds,overcast clouds,9
Kál-Kápolna,47.734167,20.254167,2026-04-27 10:02:49.376987,16.54,15.14,16.54,16.54,1024,34,1.28,221,100,0.0,Clouds,overcast clouds,9
Füzesabony,47.751389,20.415278,2026-04-27 10:02:50.579061,13.98,12.32,13.98,13.98,1024,34,1.39,233,100,0.0,Clouds,overcast clouds,9
Szihalom,47.766944,20.491944,2026-04-27 10:02:51.776368,14.61,13.01,14.61,14.61,1024,34,1.54,235,100,0.0,Clouds,overcast clouds,9
Mezőkövesd,47.797222,20.5675,2026-04-27 10:02:52.977638,14.62,13.03,14.62,14.62,1024,34,1.74,234,100,0.0,Clouds,overcast clouds,9
Mezőkövesd felső,47.807222,20.591389,2026-04-27 10:02:54.185973,14.59,12.99,13.61,15.81,1024,34,1.74,234,100,0.0,Clouds,overcast clouds,9
Mezőkeresztes-Mezőnyárád,47.845556,20.670278,2026-04-27 10:02:55.381591,14.5,12.84,13.61,15.81,1024,32,2.27,221,100,0.0,Clouds,overcast clouds,9
Csincse,47.890833,20.764167,2026-04-27 10:02:56.595773,14.53,12.87,13.63,15.83,1024,32,0.89,285,100,0.0,Clouds,overcast clouds,9
Emőd,47.930556,20.822778,2026-04-27 10:02:57.792396,14.57,13.44,13.65,15.85,1024,52,0.89,285,100,0.0,Clouds,overcast clouds,9
Nyékládháza,47.9925,20.840556,2026-04-27 10:02:58.989785,14.63,13.58,13.67,15.88,1024,55,0.89,285,100,0.0,Clouds,overcast clouds,9
Miskolc-Tiszai,48.098611,20.811389,2026-04-27 10:03:00.194187,14.73,13.83,13.6,15.8,1023,60,2.39,214,100,0.0,Clouds,overcast clouds,9
Felsőzsolca,48.083611,20.866111,2026-04-27 10:03:01.393907,14.72,13.76,13.62,15.82,1024,58,2.48,210,100,0.0,Clouds,overcast clouds,9
Hernádnémeti-Bőcs,48.051389,20.985,2026-04-27 10:03:02.600424,15.01,13.85,13.62,15.1,1024,49,2.67,214,100,0.0,Clouds,overcast clouds,9
Tiszalúc,48.039722,21.0575,2026-04-27 10:03:03.794726,15.02,13.47,13.67,15.14,1024,34,2.61,228,100,0.0,Clouds,overcast clouds,9
Taktaharkány,48.091667,21.128611,2026-04-27 10:03:04.997800,11.53,9.5,11.53,15.19,1024,29,2.59,229,100,0.0,Clouds,overcast clouds,9
Taktaszada,48.1125,21.149444,2026-04-27 10:03:06.200313,11.54,9.51,11.54,15.2,1024,29,2.62,232,100,0.0,Clouds,overcast clouds,9
Szerencs,48.155556,21.214444,2026-04-27 10:03:07.393524,11.53,9.5,11.53,11.53,1024,29,2.9,239,100,0.0,Clouds,overcast clouds,9
Mezőzombor,48.156944,21.267778,2026-04-27 10:03:08.595540,11.53,9.5,11.53,11.53,1024,29,2.98,241,100,0.0,Clouds,overcast clouds,9
Tarcal,48.125,21.34,2026-04-27 10:03:09.802646,11.55,9.52,11.55,11.55,1024,29,2.91,250,100,0.0,Clouds,overcast clouds,9
Tokaj,48.112778,21.406667,2026-04-27 10:03:10.997142,11.51,9.47,11.51,11.51,1024,29,2.88,253,99,0.0,Clouds,overcast clouds,9
Rakamaz,48.12,21.475,2026-04-27 10:03:12.202747,11.51,9.47,11.51,11.51,1024,29,2.83,253,99,0.0,Clouds,overcast clouds,9
Görögszállás,48.04,21.555,2026-04-27 10:03:13.405311,11.47,9.43,11.47,11.47,1024,29,2.42,267,100,0.0,Clouds,overcast clouds,9
Nyírtelek,48.005,21.615556,2026-04-27 10:03:14.610209,11.51,9.55,11.51,11.51,1024,32,2.15,272,99,0.0,Clouds,overcast clouds,9
Rákoshegy,47.468611,19.245556,2026-04-27 10:03:15.816064,15.16,13.46,14.02,15.8,1024,28,2.57,0,0,0.0,Clear,clear sky,9
Ecser,47.439444,19.318056,2026-04-27 10:03:17.009596,15.07,13.29,14.8,15.85,1024,25,2.57,0,0,0.0,Clear,clear sky,9
Maglód,47.438889,19.340833,2026-04-27 10:03:18.210409,15.01,13.22,14.74,15.79,1024,25,2.57,0,0,0.0,Clear,clear sky,9
Maglódi nyaraló,47.434167,19.363611,2026-04-27 10:03:19.405440,14.92,13.12,14.64,15.69,1024,25,2.57,0,0,0.0,Clear,clear sky,9
Gyömrő,47.429722,19.393333,2026-04-27 10:03:20.608594,14.84,13.03,14.82,15.66,1024,25,2.57,0,0,0.0,Clear,clear sky,9
Mende,47.426944,19.439722,2026-04-27 10:03:21.813181,14.79,12.98,14.79,15.62,1024,25,2.57,0,0,0.0,Clear,clear sky,9
Szőlősnyaraló,47.450278,19.561111,2026-04-27 10:03:23.023040,15.02,13.41,15.02,16.96,1024,32,1.33,122,100,0.0,Clouds,overcast clouds,9
Sülysáp,47.451944,19.5275,2026-04-27 10:03:24.223700,15.0,13.39,15.0,16.94,1024,32,1.4,124,100,0.0,Clouds,overcast clouds,9
Tápiószecső,47.443056,19.614722,2026-04-27 10:03:25.419954,17.04,15.66,15.1,17.04,1024,33,1.29,120,100,0.0,Clouds,overcast clouds,9
Szentmártonkáta,47.431944,19.680556,2026-04-27 10:03:26.623002,17.07,15.49,17.07,17.07,1024,25,1.17,117,100,0.0,Clouds,overcast clouds,9
Nagykáta,47.409722,19.737778,2026-04-27 10:03:27.823869,17.14,15.56,17.14,17.14,1024,25,1.2,113,100,0.0,Clouds,overcast clouds,9
Farmos,47.355278,19.8375,2026-04-27 10:03:29.018918,17.25,15.68,17.25,17.25,1024,25,0.45,124,100,0.0,Clouds,overcast clouds,9
Tápiószele,47.346313,19.873504,2026-04-27 10:03:30.226004,17.23,15.66,17.23,17.23,1024,25,0.45,124,100,0.0,Clouds,overcast clouds,9
Tápiógyörgye,47.325,19.95,2026-04-27 10:03:31.421363,17.29,15.73,16.06,17.29,1024,25,0.45,124,100,0.0,Clouds,overcast clouds,9
Újszász,47.285833,20.066944,2026-04-27 10:03:32.622703,17.31,15.75,15.01,17.33,1024,25,1.46,108,100,0.0,Clouds,overcast clouds,9
Szurdokpüspöki,47.851944,19.690278,2026-04-27 10:03:33.824841,16.39,14.92,16.39,16.39,1024,32,1.84,218,99,0.0,Clouds,overcast clouds,9
Lőrinci,47.739444,19.673611,2026-04-27 10:03:35.031654,16.46,15.0,16.46,16.46,1024,32,1.66,186,100,0.0,Clouds,overcast clouds,9
Selyp,47.759167,19.670833,2026-04-27 10:03:36.233132,16.46,15.0,16.46,16.46,1024,32,1.71,191,100,0.0,Clouds,overcast clouds,9
Apc-Zagyvaszántó,47.791328,19.66822,2026-04-27 10:03:37.432191,16.43,14.96,16.43,16.43,1024,32,1.74,197,100,0.0,Clouds,overcast clouds,9
Pásztó,47.918889,19.688889,2026-04-27 10:03:38.633613,16.27,14.79,16.27,16.27,1024,32,2.0,233,99,0.0,Clouds,overcast clouds,9
Mátraszőlős-Hasznos,47.938506,19.706122,2026-04-27 10:03:39.836450,16.23,14.74,16.23,16.23,1023,32,2.14,238,99,0.0,Clouds,overcast clouds,9
Tar,47.956111,19.746389,2026-04-27 10:03:41.036762,16.17,14.68,16.17,16.17,1023,32,2.27,243,100,0.0,Clouds,overcast clouds,9
Mátraverebély,47.968333,19.778611,2026-04-27 10:03:42.245636,15.84,14.32,15.84,15.84,1023,32,2.27,243,100,0.0,Clouds,overcast clouds,9
Nagybátony,47.981111,19.82,2026-04-27 10:03:43.439759,16.05,14.52,16.05,16.05,1023,31,2.36,247,100,0.0,Clouds,overcast clouds,9
Kisterenye,48.009444,19.831944,2026-04-27 10:03:44.640096,16.04,14.54,16.04,16.04,1023,32,2.44,252,100,0.0,Clouds,overcast clouds,9
Kisterenye-Bányatelep,48.021389,19.831944,2026-04-27 10:03:45.850815,16.04,14.54,16.04,16.04,1023,32,2.44,252,100,0.0,Clouds,overcast clouds,9
Salgótarján külső,48.089444,19.790833,2026-04-27 10:03:47.046431,15.77,14.24,15.77,15.77,1023,32,2.78,260,99,0.0,Clouds,overcast clouds,9
Balatonfenyves GV,46.7125,17.479167,2026-04-27 10:03:48.254221,16.08,14.74,16.08,16.08,1023,38,2.89,110,84,0.0,Clouds,broken clouds,9
Várhegyalja,47.737778,18.366667,2026-04-27 10:03:49.452762,15.63,14.11,15.63,15.63,1024,33,2.22,169,80,0.0,Clouds,broken clouds,9
Imremajor,46.680556,17.499722,2026-04-27 10:03:50.655731,16.11,14.77,16.11,16.11,1023,38,2.88,109,85,0.0,Clouds,overcast clouds,9
Rákospalota-Kertváros,47.578333,19.122778,2026-04-27 10:03:51.868495,15.45,13.86,14.27,17.08,1024,31,2.57,0,0,0.0,Clear,clear sky,9
Vicziántelep,47.675833,19.286111,2026-04-27 10:03:53.076821,15.0,13.37,14.47,15.52,1024,31,1.66,158,100,0.0,Clouds,overcast clouds,9
Pálmajor,46.662831,17.457526,2026-04-27 10:03:54.279862,16.1,14.76,16.1,16.1,1023,38,2.87,108,87,0.0,Clouds,overcast clouds,9
Somogyszentpál felső,46.649758,17.471404,2026-04-27 10:03:55.475114,16.07,14.72,16.07,16.07,1023,38,2.89,108,86,0.0,Clouds,overcast clouds,9
Somogyszentpál,46.638611,17.478611,2026-04-27 10:03:56.679624,16.06,14.71,16.06,16.06,1023,38,2.9,108,86,0.0,Clouds,overcast clouds,9
Rudnaykert,47.7175,19.257778,2026-04-27 10:03:57.893642,15.35,13.75,15.35,15.86,1024,31,1.7,162,100,0.0,Clouds,overcast clouds,9
Maroshegy,47.158333,18.406667,2026-04-27 10:03:59.087784,15.61,14.06,15.61,15.61,1024,32,2.43,136,79,0.0,Clouds,broken clouds,9
Bánhida,47.573703,18.371737,2026-04-27 10:04:00.289791,15.37,13.8,15.37,15.37,1024,32,2.46,157,79,0.0,Clouds,broken clouds,9
Magyarkút,47.850278,19.045,2026-04-27 10:04:01.480471,14.43,12.76,14.43,14.43,1024,32,0.98,172,92,0.0,Clouds,overcast clouds,9
Becske alsó,47.897222,19.364722,2026-04-27 10:04:02.684171,13.77,12.04,13.77,13.77,1024,32,1.79,208,96,0.0,Clouds,overcast clouds,9
Hosszúberek-Péteri,47.370556,19.389722,2026-04-27 10:04:03.885965,15.1,13.32,15.1,17.5,1024,25,2.57,0,0,0.0,Clear,clear sky,9
Monorierdő,47.308889,19.499167,2026-04-27 10:04:05.092748,15.01,13.32,15.01,16.95,1024,29,1.78,116,100,0.0,Clouds,overcast clouds,9
Ceglédbercel,47.215833,19.658611,2026-04-27 10:04:06.307166,17.12,15.54,17.12,17.12,1024,25,1.98,108,100,0.0,Clouds,overcast clouds,9
Budai út,47.208333,19.731389,2026-04-27 10:04:07.499223,17.16,15.58,17.16,17.16,1024,25,1.96,106,100,0.0,Clouds,overcast clouds,9
Büdöskútpuszta,48.373056,20.726111,2026-04-27 10:04:08.706963,13.65,11.96,13.65,13.65,1022,34,3.27,284,98,0.0,Clouds,overcast clouds,9
Bánrévei Vízmű,48.282778,20.368333,2026-04-27 10:04:09.913436,15.58,14.06,15.58,15.58,1022,33,3.16,294,100,0.0,Clouds,overcast clouds,9
Rákoskert,47.456389,19.296111,2026-04-27 10:04:11.113316,14.95,13.15,14.67,15.72,1024,25,2.57,0,0,0.0,Clear,clear sky,9
Szirmabesenyő,48.146944,20.783056,2026-04-27 10:04:12.315764,14.64,13.91,13.52,15.73,1022,67,1.75,242,100,0.0,Clouds,overcast clouds,9
Kitérőgyár,47.766944,19.935278,2026-04-27 10:04:13.514756,16.28,14.77,16.28,16.28,1023,31,1.88,204,100,0.0,Clouds,overcast clouds,9
Tápiószentmárton,47.373333,19.797778,2026-04-27 10:04:14.726955,17.19,15.62,17.19,17.19,1024,25,0.45,124,100,0.0,Clouds,overcast clouds,9
Zagyvarékas,47.244229,20.097435,2026-04-27 10:04:15.938863,15.64,14.02,15.01,17.34,1024,29,2.57,0,0,0.0,Clear,clear sky,9
Abonyi út,47.206401,20.125204,2026-04-27 10:04:17.133522,15.58,13.95,15.01,17.34,1024,29,2.57,0,0,0.0,Clear,clear sky,9
Jászkisér felső,47.438056,20.202222,2026-04-27 10:04:18.344006,14.78,13.1,14.78,14.78,1024,30,0.64,116,100,0.0,Clouds,overcast clouds,9
Szellőhát,47.425556,20.188889,2026-04-27 10:04:19.535892,17.33,15.9,17.33,17.33,1024,30,0.75,114,100,0.0,Clouds,overcast clouds,9
Szilvásvárad-Szalajkavölgy,48.0956,20.38272,2026-04-27 10:04:20.743910,14.14,12.34,11.94,14.14,1022,28,2.12,256,100,0.0,Clouds,overcast clouds,9
Vásárosnamény külső,48.084444,22.255556,2026-04-27 10:04:21.954012,13.38,11.53,13.38,13.38,1024,29,2.17,282,97,0.0,Clouds,overcast clouds,9
Újváros,46.660556,20.536111,2026-04-27 10:04:23.161309,12.21,10.56,12.21,12.21,1024,41,2.67,81,100,0.0,Clouds,overcast clouds,9
Városi park,46.697778,19.864722,2026-04-27 10:04:24.369063,17.21,15.74,15.1,17.21,1024,29,2.79,104,100,0.0,Clouds,overcast clouds,9
Belsőkamaráspuszta,46.341944,20.848889,2026-04-27 10:04:25.564013,16.7,15.21,16.7,16.7,1024,30,2.4,65,99,0.0,Clouds,overcast clouds,9
Sajószöged,47.945278,20.981667,2026-04-27 10:04:26.765181,14.82,13.19,13.72,15.19,1023,32,2.59,225,100,0.0,Clouds,overcast clouds,9
Kazincbarcika alsó,48.255278,20.649167,2026-04-27 10:04:27.968158,14.49,12.93,13.49,15.69,1022,36,2.95,294,100,0.0,Clouds,overcast clouds,9
Nyárjas,46.857778,19.923611,2026-04-27 10:04:29.165961,15.05,13.26,15.05,17.17,1024,25,3.6,0,0,0.0,Clear,clear sky,9
Pogonyipuszta,48.296389,20.381667,2026-04-27 10:04:30.372389,15.54,14.01,15.54,15.54,1022,33,3.16,294,100,0.0,Clouds,overcast clouds,9
Sióvölgy,46.911103,18.076964,2026-04-27 10:04:31.570153,14.41,12.77,14.41,14.41,1023,33,2.71,142,77,0.0,Clouds,broken clouds,9
Répáspuszta,46.430278,17.847222,2026-04-27 10:04:32.769679,15.06,13.67,15.06,15.06,1023,40,3.23,104,96,0.0,Clouds,overcast clouds,9
Virányos,48.066667,21.527222,2026-04-27 10:04:33.972059,11.5,9.46,11.5,11.5,1023,29,2.5,262,99,0.0,Clouds,overcast clouds,9
Füzesbokor,47.988611,21.6475,2026-04-27 10:04:35.167445,11.5,9.54,11.5,11.5,1023,32,2.02,276,99,0.0,Clouds,overcast clouds,9
Kunfehértó,46.355833,19.417222,2026-04-27 10:04:36.369708,15.33,13.73,15.33,15.33,1023,31,2.99,109,100,0.0,Clouds,overcast clouds,9
Erdőszél,46.329444,19.395,2026-04-27 10:04:37.563451,15.18,13.56,15.18,15.18,1023,31,2.9,109,100,0.0,Clouds,overcast clouds,9
Jánoshalma,46.293056,19.330278,2026-04-27 10:04:38.767546,15.29,13.71,15.29,15.29,1023,32,2.89,107,100,0.0,Clouds,overcast clouds,9
Mélykút,46.213056,19.370556,2026-04-27 10:04:39.970692,15.33,13.78,15.33,15.33,1023,33,3.09,104,100,0.0,Clouds,overcast clouds,9
Bácsalmás,46.118056,19.346389,2026-04-27 10:04:41.166929,15.24,13.71,15.24,15.24,1023,34,3.22,101,100,0.0,Clouds,overcast clouds,9
Almás,46.116216,19.328803,2026-04-27 10:04:42.373263,15.24,13.71,15.24,15.24,1023,34,3.22,101,100,0.0,Clouds,overcast clouds,9
Bácsbokod-Bácsborsód,46.115833,19.16,2026-04-27 10:04:43.565931,15.21,13.7,15.21,15.21,1023,35,3.11,97,100,0.0,Clouds,overcast clouds,9
Baja,46.187014,18.957602,2026-04-27 10:04:44.767372,15.09,13.62,15.09,15.09,1024,37,2.87,94,100,0.0,Clouds,overcast clouds,9
Harkakötöny,46.458333,19.601944,2026-04-27 10:04:45.975240,14.84,13.16,14.84,14.84,1024,30,3.05,108,100,0.0,Clouds,overcast clouds,9
Tajó,46.473056,19.650556,2026-04-27 10:04:47.172156,14.88,13.21,14.88,14.88,1024,30,3.05,107,100,0.0,Clouds,overcast clouds,9
Kiskunmajsa,46.501667,19.728056,2026-04-27 10:04:48.372867,14.92,13.25,14.92,17.16,1024,30,2.98,107,100,0.0,Clouds,overcast clouds,9
Jászszentlászló,46.565833,19.753611,2026-04-27 10:04:49.580333,17.18,15.71,17.18,17.18,1024,29,2.85,108,100,0.0,Clouds,overcast clouds,9
Galambos,46.625,19.801111,2026-04-27 10:04:50.787601,17.21,15.74,17.21,17.21,1024,29,2.81,108,100,0.0,Clouds,overcast clouds,9
Pestszentimre,47.402222,19.188611,2026-04-27 10:04:52.011979,15.39,13.74,14.23,17.04,1024,29,2.57,0,0,0.0,Clear,clear sky,9
Gyál felső,47.390278,19.204722,2026-04-27 10:04:53.214649,15.38,13.63,14.97,17.05,1024,25,2.57,0,0,0.0,Clear,clear sky,9
Gyál,47.376667,19.219444,2026-04-27 10:04:54.425266,15.31,13.55,14.99,16.05,1024,25,2.57,0,0,0.0,Clear,clear sky,9
Ócsa,47.301389,19.232222,2026-04-27 10:04:55.623765,15.3,13.54,15.0,16.06,1024,25,2.57,0,0,0.0,Clear,clear sky,9
Inárcs-Kakucs,47.247222,19.317778,2026-04-27 10:04:56.829705,15.23,13.57,15.23,15.23,1024,29,1.89,119,100,0.0,Clouds,overcast clouds,9
Dabas,47.194722,19.328889,2026-04-27 10:04:58.033352,15.24,13.58,15.24,15.24,1024,29,1.98,116,100,0.0,Clouds,overcast clouds,9
Gyón,47.178333,19.355556,2026-04-27 10:04:59.225255,15.21,13.54,15.21,15.21,1024,29,2.01,115,100,0.0,Clouds,overcast clouds,9
Hernád,47.161389,19.4025,2026-04-27 10:05:00.438995,14.97,13.28,14.97,14.97,1024,29,2.08,111,100,0.0,Clouds,overcast clouds,9
Bakonygyirót,47.416389,17.811944,2026-04-27 10:05:01.634599,15.59,14.12,15.59,15.71,1023,35,1.92,137,78,0.0,Clouds,broken clouds,9
Vinye,47.360317,17.819635,2026-04-27 10:05:02.859032,15.03,13.5,14.91,15.03,1023,35,2.22,139,77,0.0,Clouds,broken clouds,9
Nemesgörzsöny,47.402924,17.376385,2026-04-27 10:05:04.056618,16.16,14.59,16.16,16.16,1023,29,1.54,0,0,0.0,Clear,clear sky,9
Rábahíd,47.438618,17.337525,2026-04-27 10:05:05.250987,16.15,14.58,16.15,16.15,1023,29,1.54,0,0,0.0,Clear,clear sky,9
Öskü,47.162222,18.076389,2026-04-27 10:05:06.456675,15.46,13.98,15.46,15.46,1024,35,2.79,147,74,0.0,Clouds,broken clouds,9
Márkó,47.1275,17.813889,2026-04-27 10:05:07.656919,13.19,11.45,13.19,13.19,1023,34,2.6,139,57,0.0,Clouds,broken clouds,9
Nemeskocs,47.203333,17.188889,2026-04-27 10:05:08.860479,16.11,14.72,16.11,16.11,1023,36,3.1,162,42,0.0,Clouds,scattered clouds,9
Zalagyömörő,47.011111,17.220833,2026-04-27 10:05:10.069895,16.41,15.05,16.41,16.41,1023,36,3.13,151,57,0.0,Clouds,broken clouds,9
Rigács,47.061667,17.199167,2026-04-27 10:05:11.268115,16.37,15.0,16.37,16.37,1023,36,3.14,153,54,0.0,Clouds,broken clouds,9
Kemenespálfa,47.139722,17.183056,2026-04-27 10:05:12.475728,16.48,15.12,16.48,16.48,1023,36,3.13,158,47,0.0,Clouds,scattered clouds,9
Lentiszombathely,46.611389,16.5725,2026-04-27 10:05:13.682412,15.69,14.2,15.69,18.84,1022,34,2.05,116,74,0.0,Clouds,broken clouds,9
Ortaháza,46.626667,16.685833,2026-04-27 10:05:14.892359,16.78,15.4,16.78,16.78,1022,34,2.27,109,84,0.0,Clouds,broken clouds,9
Rádiháza,46.654722,16.765833,2026-04-27 10:05:16.111918,16.64,15.25,16.64,16.64,1022,34,2.44,106,87,0.0,Clouds,overcast clouds,9
Baktüttös,46.690833,16.826389,2026-04-27 10:05:17.304347,15.6,14.16,15.6,15.6,1022,36,2.73,106,87,0.0,Clouds,overcast clouds,9
Budafa,46.851667,16.624722,2026-04-27 10:05:18.514750,16.61,15.27,16.61,16.61,1022,36,2.4,114,69,0.0,Clouds,broken clouds,9
Zalapatakalja,46.845556,16.603889,2026-04-27 10:05:19.721496,16.64,15.3,16.64,16.64,1022,36,2.28,116,68,0.0,Clouds,broken clouds,9
Tormásliget,47.430556,16.781667,2026-04-27 10:05:20.930879,17.52,16.37,17.52,17.52,1022,40,2.71,161,46,0.0,Clouds,scattered clouds,9
Belecska,46.64,18.411389,2026-04-27 10:05:22.148805,15.25,13.8,15.25,15.25,1024,37,2.95,129,98,0.0,Clouds,overcast clouds,9
Almár,47.956111,20.356944,2026-04-27 10:05:23.344419,15.21,13.52,13.15,16.1,1022,28,2.33,217,100,0.0,Clouds,overcast clouds,9
Vasútmúzeum,47.543889,19.099444,2026-04-27 10:05:24.549304,15.5,13.92,14.27,17.09,1024,31,2.57,0,0,0.0,Clear,clear sky,9
Abda,47.690833,17.540556,2026-04-27 10:05:25.739506,16.09,14.69,16.09,16.09,1023,36,1.37,150,58,0.0,Clouds,broken clouds,9
Vadaspark,47.526111,18.949167,2026-04-27 10:05:26.947345,13.57,11.82,12.47,15.28,1023,32,2.24,139,100,0.0,Clouds,overcast clouds,9
Barosstelep,47.398889,18.989167,2026-04-27 10:05:28.154714,15.86,14.34,14.33,17.14,1024,32,1.76,141,96,0.0,Clouds,overcast clouds,9
Fegyvernek-Örményes,47.194444,20.5575,2026-04-27 10:05:29.380986,15.02,13.33,15.02,15.02,1024,29,1.72,101,100,0.0,Clouds,overcast clouds,9
Zagyvapálfalva,48.068889,19.785,2026-04-27 10:05:30.635987,15.77,14.24,15.77,15.77,1023,32,2.67,258,99,0.0,Clouds,overcast clouds,9
Salgótarján,48.105556,19.807222,2026-04-27 10:05:31.854691,15.63,14.08,15.63,15.63,1023,32,2.88,262,98,0.0,Clouds,overcast clouds,9
Szabadisóstó,46.933889,18.118056,2026-04-27 10:05:33.081862,14.39,12.75,14.39,14.39,1023,33,2.65,142,79,0.0,Clouds,broken clouds,9
Siófok,46.907778,18.053889,2026-04-27 10:05:34.285635,14.39,12.75,14.39,14.39,1023,33,2.71,142,77,0.0,Clouds,broken clouds,9
Balatonszéplak felső,46.898056,18.018056,2026-04-27 10:05:35.480156,14.39,12.75,14.39,14.39,1023,33,2.78,140,75,0.0,Clouds,broken clouds,9
Balatonszéplak alsó,46.891944,17.993333,2026-04-27 10:05:36.679695,14.39,12.75,14.39,14.39,1023,33,2.24,90,73,0.0,Clouds,broken clouds,9
Zamárdi felső,46.886111,17.969444,2026-04-27 10:05:37.895208,14.4,12.76,14.4,14.4,1023,33,2.24,90,71,0.0,Clouds,broken clouds,9
Zamárdi,46.88,17.944722,2026-04-27 10:05:39.101888,14.34,12.69,14.34,14.34,1023,33,2.24,90,71,0.0,Clouds,broken clouds,9
Szántód,46.861944,17.899167,2026-04-27 10:05:40.303206,14.41,12.77,14.41,14.41,1023,33,2.24,90,67,0.0,Clouds,broken clouds,9
Szőny-Déli,47.735278,18.141944,2026-04-27 10:05:41.496432,16.12,14.68,16.12,16.12,1023,34,2.66,161,78,0.0,Clouds,broken clouds,9
Várpalota,47.194444,18.149167,2026-04-27 10:05:42.694890,15.18,13.64,15.18,15.18,1024,34,2.83,147,71,0.0,Clouds,broken clouds,9
Pétfürdő,47.1675,18.121389,2026-04-27 10:05:43.891542,15.63,14.14,15.63,15.63,1024,34,2.81,146,72,0.0,Clouds,broken clouds,9
Hajmáskér,47.141111,18.009444,2026-04-27 10:05:45.096555,13.99,12.36,13.99,13.99,1023,35,2.8,146,74,0.0,Clouds,broken clouds,9
Veszprém,47.118889,17.91,2026-04-27 10:05:46.298366,13.78,12.13,13.78,13.78,1023,35,2.66,142,66,0.0,Clouds,broken clouds,9
Herend,47.136944,17.760278,2026-04-27 10:05:47.491588,12.97,11.21,12.97,12.97,1023,34,2.59,139,55,0.0,Clouds,broken clouds,9
Városlőd,47.144167,17.652778,2026-04-27 10:05:48.692820,14.98,13.42,14.98,14.98,1023,34,2.51,149,58,0.0,Clouds,broken clouds,9
Városlőd-Kislőd,47.133889,17.631111,2026-04-27 10:05:49.928014,15.09,13.54,15.09,15.09,1023,34,2.69,147,56,0.0,Clouds,broken clouds,9
Ajka,47.105902,17.572938,2026-04-27 10:05:51.126356,15.39,13.9,15.39,15.39,1023,35,3.06,152,58,0.0,Clouds,broken clouds,9
Ajka-Gyártelep,47.096806,17.555219,2026-04-27 10:05:52.330960,15.44,13.95,15.44,15.44,1023,35,3.06,152,58,0.0,Clouds,broken clouds,9
Devecser,47.1125,17.435278,2026-04-27 10:05:53.523698,15.84,14.39,15.84,15.84,1023,35,3.21,157,59,0.0,Clouds,broken clouds,9
Somlóvásárhely,47.124444,17.369167,2026-04-27 10:05:54.716400,15.95,14.54,15.95,15.95,1023,36,3.17,161,54,0.0,Clouds,broken clouds,9
Tüskevár,47.128611,17.331389,2026-04-27 10:05:55.924554,15.99,14.58,15.99,15.99,1023,36,3.17,161,51,0.0,Clouds,broken clouds,9
Karakószörcsök,47.133611,17.287778,2026-04-27 10:05:57.117490,16.4,15.04,16.4,16.4,1023,36,3.17,161,50,0.0,Clouds,scattered clouds,9
Kerta,47.151944,17.237222,2026-04-27 10:05:58.324741,16.51,15.16,16.51,16.51,1023,36,3.13,161,45,0.0,Clouds,scattered clouds,9
Boba,47.183333,17.191389,2026-04-27 10:05:59.525581,16.49,15.13,16.49,16.49,1023,36,3.12,161,43,0.0,Clouds,scattered clouds,9
Börgönd,47.140278,18.515,2026-04-27 10:06:00.715458,15.45,13.89,15.45,15.45,1024,32,2.36,130,89,0.0,Clouds,overcast clouds,9
Belsőbáránd,47.102778,18.499722,2026-04-27 10:06:01.914021,15.42,13.85,15.42,15.42,1024,32,2.38,130,90,0.0,Clouds,overcast clouds,9
Zichyújfalu,47.124444,18.6725,2026-04-27 10:06:03.115138,15.34,13.74,15.34,15.34,1024,31,2.24,126,89,0.0,Clouds,overcast clouds,9
Seregélyes,47.121111,18.580556,2026-04-27 10:06:04.317650,15.56,14.01,15.56,15.56,1024,32,2.34,130,89,0.0,Clouds,overcast clouds,9
Polgárdi-Ipartelepek,47.079167,18.314444,2026-04-27 10:06:05.519533,15.31,13.76,15.31,15.31,1024,33,2.5,134,77,0.0,Clouds,broken clouds,9
Polgárdi,47.07,18.284167,2026-04-27 10:06:06.709759,15.31,13.76,15.31,15.31,1024,33,2.5,134,77,0.0,Clouds,broken clouds,9
Füle,47.05,18.255278,2026-04-27 10:06:07.913302,15.31,13.76,15.31,15.31,1023,33,2.52,134,77,0.0,Clouds,broken clouds,9
Zánka-Erzsébettábor,46.8775,17.709167,2026-04-27 10:06:09.110650,14.34,12.69,14.34,14.34,1023,33,3.0,128,62,0.0,Clouds,broken clouds,9
Csajág,47.033889,18.186389,2026-04-27 10:06:10.314639,14.23,12.6,14.23,14.23,1023,34,2.54,139,77,0.0,Clouds,broken clouds,9
Balatonakarattya,47.017222,18.167778,2026-04-27 10:06:11.529150,14.08,12.43,14.08,14.08,1023,34,2.54,139,77,0.0,Clouds,broken clouds,9
Csittényhegy,47.025278,18.1375,2026-04-27 10:06:12.724754,14.3,12.67,14.3,14.3,1023,34,2.54,141,78,0.0,Clouds,broken clouds,9
Balatonkenese,47.0325,18.105556,2026-04-27 10:06:13.929374,14.38,12.76,14.38,14.38,1023,34,2.55,143,78,0.0,Clouds,broken clouds,9
Balatonfűzfő,47.060278,18.0425,2026-04-27 10:06:15.125225,14.41,12.77,14.41,14.41,1024,33,2.59,145,77,0.0,Clouds,broken clouds,9
Balatonalmádi,47.028333,18.015,2026-04-27 10:06:16.323717,14.38,12.74,14.38,14.38,1024,33,2.57,145,77,0.0,Clouds,broken clouds,9
Káptalanfüred,47.008889,18.003889,2026-04-27 10:06:17.530537,14.41,12.77,14.41,14.41,1023,33,2.59,144,75,0.0,Clouds,broken clouds,9
Alsóörs,46.985278,17.974722,2026-04-27 10:06:18.722998,14.42,12.78,14.42,14.42,1023,33,2.24,90,75,0.0,Clouds,broken clouds,9
Csopak,46.974722,17.931111,2026-04-27 10:06:19.936508,14.29,12.64,14.29,14.29,1023,33,2.24,90,64,0.0,Clouds,broken clouds,9
Balatonarács,46.9625,17.8975,2026-04-27 10:06:21.136178,14.19,12.53,14.19,14.19,1023,33,2.24,90,64,0.0,Clouds,broken clouds,9
Balatonfüred,46.955833,17.883056,2026-04-27 10:06:22.338067,14.26,12.6,14.26,14.26,1023,33,2.24,90,61,0.0,Clouds,broken clouds,9
Aszófő,46.925556,17.8325,2026-04-27 10:06:23.540033,14.36,12.71,14.36,14.36,1023,33,2.24,90,59,0.0,Clouds,broken clouds,9
Örvényes,46.9125,17.818056,2026-04-27 10:06:24.732265,14.38,12.74,14.38,14.38,1023,33,2.24,90,59,0.0,Clouds,broken clouds,9
Balatonudvari,46.904722,17.808056,2026-04-27 10:06:25.933683,14.41,12.77,14.41,14.41,1023,33,2.24,90,57,0.0,Clouds,broken clouds,9
Fövenyes,46.893611,17.789444,2026-04-27 10:06:27.158429,14.43,12.79,14.43,14.43,1023,33,2.24,90,60,0.0,Clouds,broken clouds,9
Balatonakali-Dörgicse,46.88,17.747778,2026-04-27 10:06:28.363750,14.42,12.78,14.42,14.42,1023,33,2.93,131,59,0.0,Clouds,broken clouds,9
Zánka-Köveskál,46.872778,17.687778,2026-04-27 10:06:29.579460,14.41,12.77,14.41,14.41,1023,33,3.04,127,63,0.0,Clouds,broken clouds,9
Balatonszepezd,46.851111,17.663056,2026-04-27 10:06:30.779971,14.41,12.77,14.41,14.41,1023,33,2.99,125,67,0.0,Clouds,broken clouds,9
Szepezdfürdő,46.839722,17.649444,2026-04-27 10:06:32.014694,14.38,12.84,14.38,14.38,1023,37,3.02,124,68,0.0,Clouds,broken clouds,9
Révfülöp,46.829167,17.632222,2026-04-27 10:06:33.220726,14.39,12.85,14.39,14.39,1023,37,3.02,124,68,0.0,Clouds,broken clouds,9
Balatonrendes,46.824722,17.582778,2026-04-27 10:06:34.426725,14.39,12.88,14.39,14.39,1023,38,3.05,120,74,0.0,Clouds,broken clouds,9
Ábrahámhegy,46.815,17.572222,2026-04-27 10:06:35.633322,14.36,12.84,14.36,14.36,1023,38,3.05,120,74,0.0,Clouds,broken clouds,9
Badacsonyörs,46.805556,17.531667,2026-04-27 10:06:36.849979,16.01,14.66,16.01,16.01,1023,38,3.07,119,75,0.0,Clouds,broken clouds,9
Kisújszállás,47.223889,20.751111,2026-04-27 10:06:38.053472,14.62,12.89,14.62,14.62,1024,29,1.52,102,100,0.0,Clouds,overcast clouds,9
Karcag,47.303333,20.928056,2026-04-27 10:06:39.249964,14.53,12.82,14.53,14.53,1024,30,1.12,115,100,0.0,Clouds,overcast clouds,9
Püspökladány,47.3275,21.128889,2026-04-27 10:06:40.443843,14.5,12.76,14.5,14.5,1024,29,0.78,116,100,0.0,Clouds,overcast clouds,9
Kaba,47.368889,21.259444,2026-04-27 10:06:41.655049,15.1,13.4,15.1,15.1,1024,28,0.47,111,100,0.0,Clouds,overcast clouds,9
Hajdúszoboszló,47.429444,21.406944,2026-04-27 10:06:42.846726,15.09,13.31,15.09,15.09,1024,25,2.06,0,0,0.0,Clear,clear sky,9
Ebes,47.462778,21.488889,2026-04-27 10:06:44.051774,15.04,13.25,15.04,15.04,1024,25,2.06,0,0,0.0,Clear,clear sky,9
Debrecen,47.520278,21.628611,2026-04-27 10:06:45.254221,14.92,13.12,14.92,14.92,1024,25,2.06,0,0,0.0,Clear,clear sky,9
Debrecen-Csapókert,47.540556,21.648056,2026-04-27 10:06:46.448761,14.87,13.07,14.87,14.87,1024,25,2.06,0,0,0.0,Clear,clear sky,9
Apafa,47.584045,21.655858,2026-04-27 10:06:47.650504,14.83,13.02,14.83,14.83,1024,25,2.06,0,0,0.0,Clear,clear sky,9
Bocskaikert,47.6425,21.666389,2026-04-27 10:06:48.844705,14.76,12.94,14.76,14.76,1024,25,2.06,0,0,0.0,Clear,clear sky,9
Hajdúhadház,47.686944,21.679167,2026-04-27 10:06:50.061252,14.73,13.02,14.73,14.73,1024,29,0.96,280,100,0.0,Clouds,overcast clouds,9
Téglás,47.714722,21.684722,2026-04-27 10:06:51.262651,14.8,13.09,14.8,14.8,1024,29,1.08,280,100,0.0,Clouds,overcast clouds,9
Újfehértó,47.814444,21.706389,2026-04-27 10:06:52.458543,13.69,11.9,13.69,13.69,1024,30,1.46,284,100,0.0,Clouds,overcast clouds,9
Nyíregyháza,47.946667,21.705556,2026-04-27 10:06:53.666488,13.57,11.79,13.57,13.57,1023,31,1.85,282,99,0.0,Clouds,overcast clouds,9
Sóstó,47.998051,21.729047,2026-04-27 10:06:54.862943,11.48,9.52,11.48,11.48,1023,32,1.85,276,98,0.0,Clouds,overcast clouds,9
Sóstóhegy,48.012222,21.742778,2026-04-27 10:06:56.070322,11.48,9.52,11.48,11.48,1023,32,1.91,273,98,0.0,Clouds,overcast clouds,9
Kemecse,48.065556,21.801667,2026-04-27 10:06:57.281125,13.5,11.74,13.5,13.5,1023,32,2.02,266,97,0.0,Clouds,overcast clouds,9
Nyírbogdány,48.082222,21.855278,2026-04-27 10:06:58.478411,13.45,11.69,13.45,13.45,1023,32,2.11,263,96,0.0,Clouds,overcast clouds,9
Kék,48.093333,21.883889,2026-04-27 10:06:59.682625,13.47,11.71,13.47,13.47,1023,32,2.11,266,95,0.0,Clouds,overcast clouds,9
Demecser,48.111667,21.926667,2026-04-27 10:07:00.878646,13.46,11.7,13.46,13.46,1023,32,2.25,265,94,0.0,Clouds,overcast clouds,9
Gégény,48.128333,21.951944,2026-04-27 10:07:02.078671,13.43,11.66,13.43,13.43,1023,32,2.39,264,92,0.0,Clouds,overcast clouds,9
Pátroha,48.158611,21.996667,2026-04-27 10:07:03.278106,13.44,11.68,13.44,13.44,1023,32,2.52,262,90,0.0,Clouds,overcast clouds,9
Ajak,48.1865,22.048972,2026-04-27 10:07:04.479645,13.42,11.65,13.42,13.42,1023,32,2.62,261,89,0.0,Clouds,overcast clouds,9
Kisvárda,48.208333,22.078333,2026-04-27 10:07:05.685905,13.06,11.26,13.06,13.06,1024,32,2.69,261,88,0.0,Clouds,overcast clouds,9
Kisvárda-Hármasút,48.228333,22.091944,2026-04-27 10:07:06.886389,13.41,11.64,13.41,13.41,1023,32,2.69,261,88,0.0,Clouds,overcast clouds,9
Fényeslitke,48.267222,22.107222,2026-04-27 10:07:08.086455,13.34,11.57,13.34,13.34,1023,32,2.77,258,84,0.0,Clouds,broken clouds,9
Komoró,48.305278,22.118056,2026-04-27 10:07:09.288072,13.36,11.59,13.36,13.36,1023,32,2.8,256,81,0.0,Clouds,broken clouds,9
Tuzsér,48.342222,22.131667,2026-04-27 10:07:10.484553,13.3,11.52,13.3,13.3,1023,32,2.81,252,74,0.0,Clouds,broken clouds,9
Tiszabezdéd,48.371389,22.145,2026-04-27 10:07:11.692172,13.3,11.52,13.3,13.3,1023,32,2.79,253,71,0.0,Clouds,broken clouds,9
Záhony,48.402222,22.183611,2026-04-27 10:07:12.889203,13.28,11.5,13.28,13.28,1023,32,2.79,255,67,0.0,Clouds,broken clouds,9
Karcag-Vásártér,47.3225,20.9075,2026-04-27 10:07:14.107061,14.53,12.82,14.53,14.53,1024,30,1.12,115,100,0.0,Clouds,overcast clouds,9
Berekfürdő,47.374722,20.827222,2026-04-27 10:07:15.309329,14.52,12.81,14.52,14.52,1024,30,1.03,131,100,0.0,Clouds,overcast clouds,9
Kunmadaras,47.415278,20.793056,2026-04-27 10:07:16.502178,14.49,12.8,14.49,14.49,1024,31,0.89,148,100,0.0,Clouds,overcast clouds,9
Tiszaszentimre,47.490833,20.733056,2026-04-27 10:07:17.713991,14.49,12.8,14.49,14.49,1024,31,0.68,180,100,0.0,Clouds,overcast clouds,9
Tiszaszőlős,47.555556,20.728056,2026-04-27 10:07:18.925201,14.42,12.75,14.42,14.42,1023,32,0.62,215,100,0.0,Clouds,overcast clouds,9
Hosszúhát,47.235556,21.101944,2026-04-27 10:07:20.133524,14.53,12.77,14.53,14.53,1024,28,1.29,90,100,0.0,Clouds,overcast clouds,9
Szerep,47.234444,21.145833,2026-04-27 10:07:21.333761,14.53,12.77,14.53,14.53,1024,28,1.27,88,100,0.0,Clouds,overcast clouds,9
Sárrétudvari,47.231667,21.180833,2026-04-27 10:07:22.530658,14.51,12.75,14.51,14.51,1024,28,1.26,86,100,0.0,Clouds,overcast clouds,9
Biharnagybajom,47.208889,21.221944,2026-04-27 10:07:23.732899,14.49,12.7,14.49,14.49,1024,27,1.4,78,100,0.0,Clouds,overcast clouds,9
Füzesgyarmat,47.113056,21.194444,2026-04-27 10:07:24.933742,14.5,12.71,14.5,14.5,1024,27,2.0,67,100,0.0,Clouds,overcast clouds,9
Füzesgyarmatfürdő,47.093787,21.201582,2026-04-27 10:07:26.138909,14.5,12.71,14.5,14.5,1024,27,2.0,67,100,0.0,Clouds,overcast clouds,9
Báránd,47.299722,21.235278,2026-04-27 10:07:27.364018,14.51,12.75,14.51,14.51,1024,28,0.81,96,100,0.0,Clouds,overcast clouds,9
Sáp,47.259722,21.360556,2026-04-27 10:07:28.596979,14.47,12.68,14.47,14.47,1024,27,1.12,79,100,0.0,Clouds,overcast clouds,9
Berettyóújfalu,47.211944,21.535556,2026-04-27 10:07:29.825078,14.35,12.49,14.35,14.35,1024,25,1.64,60,100,0.0,Clouds,overcast clouds,9
Mezőpeterd,47.176111,21.625278,2026-04-27 10:07:31.033509,15.28,13.49,14.28,15.28,1024,24,1.92,52,100,0.0,Clouds,overcast clouds,9
Biharkeresztes,47.135556,21.721389,2026-04-27 10:07:32.235650,15.25,13.38,14.25,15.25,1024,21,3.09,340,0,0.0,Clear,clear sky,9
Tócóvölgy,47.529444,21.588889,2026-04-27 10:07:33.444054,14.97,13.18,14.97,14.97,1024,25,2.06,0,0,0.0,Clear,clear sky,9
Sáregres,46.7825,18.588889,2026-04-27 10:07:34.649680,15.58,14.03,15.58,15.58,1024,32,2.93,139,94,0.0,Clouds,overcast clouds,9
Simontornya,46.756582,18.540674,2026-04-27 10:07:35.848756,15.5,13.97,15.5,15.5,1023,33,3.03,140,95,0.0,Clouds,overcast clouds,9
Tolnanémedi,46.727778,18.475833,2026-04-27 10:07:37.051946,15.54,14.01,15.54,15.54,1023,33,3.04,140,95,0.0,Clouds,overcast clouds,9
Pincehely,46.681389,18.43,2026-04-27 10:07:38.253655,15.29,13.79,15.29,15.29,1024,35,3.05,135,97,0.0,Clouds,overcast clouds,9
Keszőhidegkút-Gyönk,46.597778,18.426111,2026-04-27 10:07:39.457417,15.07,13.6,15.07,15.07,1024,37,2.9,125,99,0.0,Clouds,overcast clouds,9
Szárazd,46.575556,18.420833,2026-04-27 10:07:40.658837,15.02,13.57,15.02,15.02,1024,38,2.88,121,100,0.0,Clouds,overcast clouds,9
Regöly,46.568889,18.396111,2026-04-27 10:07:41.866701,15.02,13.57,15.02,15.02,1024,38,2.88,121,100,0.0,Clouds,overcast clouds,9
Szakály-Hőgyész,46.523611,18.389444,2026-04-27 10:07:43.069793,14.78,13.33,14.78,14.78,1024,39,2.97,113,100,0.0,Clouds,overcast clouds,9
Dúzs,46.493889,18.377222,2026-04-27 10:07:44.273745,14.76,13.34,14.76,14.76,1024,40,2.99,111,100,0.0,Clouds,overcast clouds,9
Csibrák,46.466667,18.336389,2026-04-27 10:07:45.476706,14.8,13.38,14.8,14.8,1024,40,3.11,108,100,0.0,Clouds,overcast clouds,9
Kurd,46.449167,18.319167,2026-04-27 10:07:46.684844,14.42,12.96,14.42,14.42,1024,40,3.13,107,100,0.0,Clouds,overcast clouds,9
Döbrököz,46.418889,18.255,2026-04-27 10:07:47.884236,14.82,13.4,14.82,14.82,1024,40,3.23,104,100,0.0,Clouds,overcast clouds,9
Dombóvár,46.37,18.149722,2026-04-27 10:07:49.089455,15.01,13.58,15.01,15.01,1023,39,2.94,100,100,0.0,Clouds,overcast clouds,9
Dombóvár alsó,46.363889,18.134167,2026-04-27 10:07:50.287791,15.01,13.58,15.01,15.01,1023,39,2.94,100,100,0.0,Clouds,overcast clouds,9
Somoskőújfalu,48.154722,19.815556,2026-04-27 10:07:51.498009,11.99,10.08,11.99,11.99,1023,32,3.04,263,97,0.0,Clouds,overcast clouds,9
Jászfényszaru,47.593056,19.754444,2026-04-27 10:07:52.689972,14.72,13.06,14.72,14.72,1024,31,1.04,160,100,0.0,Clouds,overcast clouds,9
Pusztamonostor,47.564444,19.794167,2026-04-27 10:07:53.891566,17.16,15.74,17.16,17.16,1024,31,0.9,152,100,0.0,Clouds,overcast clouds,9
Jászberény,47.494444,19.893333,2026-04-27 10:07:55.090180,17.26,15.85,17.26,17.26,1024,31,0.73,120,100,0.0,Clouds,overcast clouds,9
Meggyespele,47.441944,19.938889,2026-04-27 10:07:56.297646,17.28,15.72,17.28,17.28,1024,25,0.78,107,100,0.0,Clouds,overcast clouds,9
Portelek,47.418056,19.958889,2026-04-27 10:07:57.498908,17.3,15.74,17.3,17.3,1024,25,0.89,105,100,0.0,Clouds,overcast clouds,9
Jászboldogháza-Jánoshida,47.366944,20.001389,2026-04-27 10:07:58.692573,17.29,15.73,17.29,17.29,1024,25,1.12,105,100,0.0,Clouds,overcast clouds,9
Jászárokszállás,47.635556,19.971111,2026-04-27 10:07:59.897108,16.66,15.22,16.66,16.66,1024,32,1.01,181,100,0.0,Clouds,overcast clouds,9
Jászdózsa,47.563056,20.028056,2026-04-27 10:08:01.102398,14.73,13.07,14.73,14.73,1024,31,0.65,166,100,0.0,Clouds,overcast clouds,9
Jászapáti,47.513611,20.155,2026-04-27 10:08:02.302053,14.71,13.05,14.71,14.71,1024,31,0.42,145,100,0.0,Clouds,overcast clouds,9
Jászkisér,47.456111,20.203333,2026-04-27 10:08:03.518704,14.75,13.09,14.75,14.75,1024,31,0.52,122,100,0.0,Clouds,overcast clouds,9
Jászladány,47.373333,20.159167,2026-04-27 10:08:04.717353,17.34,15.91,15.01,17.34,1024,30,1.04,110,100,0.0,Clouds,overcast clouds,9
Szászberek,47.320556,20.090833,2026-04-27 10:08:05.932524,17.32,15.76,15.01,17.33,1024,25,1.33,108,100,0.0,Clouds,overcast clouds,9
Gyöngyöshalász,47.743056,19.932222,2026-04-27 10:08:07.133692,16.44,14.95,16.44,16.44,1024,31,1.79,200,100,0.0,Clouds,overcast clouds,9
Gyöngyös,47.783056,19.937222,2026-04-27 10:08:08.336492,16.16,14.64,16.16,16.16,1023,31,1.88,204,100,0.0,Clouds,overcast clouds,9
Erdőtelek,47.683333,20.3025,2026-04-27 10:08:09.544479,14.36,12.71,14.36,14.36,1023,33,0.98,224,100,0.0,Clouds,overcast clouds,9
Heves,47.609444,20.306111,2026-04-27 10:08:10.754113,14.53,12.87,14.53,14.53,1023,32,0.56,211,100,0.0,Clouds,overcast clouds,9
Hevesvezekény,47.562222,20.365833,2026-04-27 10:08:11.959352,14.56,12.91,14.56,14.56,1023,32,0.49,206,100,0.0,Clouds,overcast clouds,9
Tarnaszentmiklós,47.546944,20.390833,2026-04-27 10:08:13.172950,14.59,12.94,14.59,14.59,1024,32,0.44,191,100,0.0,Clouds,overcast clouds,9
Kisköre,47.495556,20.481667,2026-04-27 10:08:14.374784,14.62,12.95,14.62,14.62,1024,31,0.56,166,100,0.0,Clouds,overcast clouds,9
Abádszalók,47.455278,20.553056,2026-04-27 10:08:15.582022,14.61,12.94,14.61,14.61,1024,31,0.65,155,100,0.0,Clouds,overcast clouds,9
Kunhegyes,47.376667,20.641111,2026-04-27 10:08:16.779677,14.59,12.91,14.59,14.59,1024,31,1.03,135,100,0.0,Clouds,overcast clouds,9
Kenderes,47.254444,20.686111,2026-04-27 10:08:17.982385,14.64,12.94,14.64,14.64,1024,30,1.5,108,100,0.0,Clouds,overcast clouds,9
Maklár,47.808056,20.404722,2026-04-27 10:08:19.184662,15.69,14.18,15.69,15.69,1023,33,1.66,228,100,0.0,Clouds,overcast clouds,9
Andornaktálya,47.852203,20.402295,2026-04-27 10:08:20.384813,15.6,14.08,14.42,16.38,1023,33,1.97,223,100,0.0,Clouds,overcast clouds,9
Eger,47.891667,20.381667,2026-04-27 10:08:21.584788,15.54,14.01,13.34,16.28,1023,33,2.14,217,100,0.0,Clouds,overcast clouds,9
Egervár,47.908056,20.380556,2026-04-27 10:08:22.779533,15.33,13.65,13.15,16.1,1023,28,2.24,217,100,0.0,Clouds,overcast clouds,9
Eger-Felnémet,47.936667,20.370556,2026-04-27 10:08:23.986833,15.3,13.62,13.21,16.15,1023,28,2.31,217,100,0.0,Clouds,overcast clouds,9
Szarvaskő,47.988611,20.3325,2026-04-27 10:08:25.195866,14.97,13.25,12.8,15.75,1022,28,2.29,221,100,0.0,Clouds,overcast clouds,9
Mónosbél,48.031944,20.33,2026-04-27 10:08:26.399689,14.66,12.91,12.62,15.56,1022,28,2.12,234,100,0.0,Clouds,overcast clouds,9
Bélapátfalva,48.055556,20.340556,2026-04-27 10:08:27.608554,14.53,12.77,12.32,14.53,1022,28,2.06,244,100,0.0,Clouds,overcast clouds,9
Bélapátfalvi Cementgyár,48.058056,20.355,2026-04-27 10:08:28.802361,14.48,12.71,12.28,14.48,1022,28,2.06,244,100,0.0,Clouds,overcast clouds,9
Szilvásvárad,48.11345,20.37919,2026-04-27 10:08:30.014994,14.35,12.57,12.15,14.35,1022,28,2.21,267,100,0.0,Clouds,overcast clouds,9
Hejőkeresztúr,47.960278,20.869444,2026-04-27 10:08:31.217330,14.72,13.19,13.69,15.16,1023,36,0.89,285,100,0.0,Clouds,overcast clouds,9
Tiszaújváros,47.926111,21.030556,2026-04-27 10:08:32.426498,14.73,13.17,14.73,15.21,1023,35,2.52,229,100,0.0,Clouds,overcast clouds,9
Miskolc-Gömöri,48.106667,20.800278,2026-04-27 10:08:33.630940,14.72,13.81,13.58,15.78,1022,60,2.02,222,100,0.0,Clouds,overcast clouds,9
Sajókeresztúr,48.168008,20.774014,2026-04-27 10:08:34.826191,14.64,13.94,13.53,15.73,1022,68,1.68,260,100,0.0,Clouds,overcast clouds,9
Sajóecseg,48.186111,20.766667,2026-04-27 10:08:36.026856,14.67,13.97,13.57,15.77,1022,68,1.79,276,100,0.0,Clouds,overcast clouds,9
Sajószentpéter,48.222222,20.708056,2026-04-27 10:08:37.225805,14.5,13.86,13.47,15.67,1022,71,2.21,290,100,0.0,Clouds,overcast clouds,9
Kazincbarcika,48.264444,20.6275,2026-04-27 10:08:38.430960,14.44,12.85,13.48,15.68,1022,35,3.24,295,100,0.0,Clouds,overcast clouds,9
Sajókaza,48.272778,20.581944,2026-04-27 10:08:39.634796,14.78,13.23,13.47,15.67,1022,35,3.27,293,100,0.0,Clouds,overcast clouds,9
Vadna,48.276389,20.555278,2026-04-27 10:08:40.827362,15.17,13.66,13.45,15.65,1022,35,3.27,293,100,0.0,Clouds,overcast clouds,9
Dubicsány,48.280833,20.504722,2026-04-27 10:08:42.084020,15.27,13.74,13.43,15.64,1022,34,3.29,291,100,0.0,Clouds,overcast clouds,9
Raposka,46.851389,17.412778,2026-04-27 10:08:43.283457,16.06,14.69,16.06,16.06,1023,37,3.17,122,77,0.0,Clouds,broken clouds,9
Ivacs,47.641944,19.273889,2026-04-27 10:08:44.484168,15.49,13.83,13.9,15.71,1024,28,1.59,155,100,0.0,Clouds,overcast clouds,9
Kisköre-Tiszahíd,47.480835,20.507698,2026-04-27 10:08:45.708021,14.64,12.97,14.64,14.64,1024,31,0.63,153,100,0.0,Clouds,overcast clouds,9
Rozsály,47.912778,22.7825,2026-04-27 10:08:46.902216,13.92,12.05,13.03,13.92,1024,26,1.7,294,92,0.0,Clouds,overcast clouds,9
Pusztakettős,47.453611,20.749722,2026-04-27 10:08:48.116079,14.5,12.82,14.5,14.5,1024,31,0.82,157,100,0.0,Clouds,overcast clouds,9
Kisvác,47.795278,19.113611,2026-04-27 10:08:49.317052,16.05,14.52,14.23,16.05,1024,31,1.41,164,97,0.0,Clouds,overcast clouds,9
Tiszafüred-Gyártelep,47.6075,20.736111,2026-04-27 10:08:50.519304,14.35,12.68,14.35,14.35,1023,32,0.79,247,100,0.0,Clouds,overcast clouds,9
Újkenéz,48.251111,22.221667,2026-04-27 10:08:51.726338,13.3,11.5,13.3,13.3,1023,31,2.66,264,89,0.0,Clouds,overcast clouds,9
Püspökladány-Vásártér,47.319167,21.096111,2026-04-27 10:08:52.929813,14.52,12.78,14.52,14.52,1024,29,0.91,107,100,0.0,Clouds,overcast clouds,9
Végegyháza alsó,46.3675,20.866944,2026-04-27 10:08:54.143538,16.72,15.23,16.72,16.72,1024,30,2.47,63,100,0.0,Clouds,overcast clouds,9
Orosháza felső,46.553611,20.655278,2026-04-27 10:08:55.352451,15.25,13.61,15.25,15.25,1024,30,2.65,75,100,0.0,Clouds,overcast clouds,9
Ambrózfalva,46.353056,20.740556,2026-04-27 10:08:56.554105,15.4,13.78,15.4,15.4,1024,30,2.49,69,100,0.0,Clouds,overcast clouds,9
Alsónyék,46.199444,18.738056,2026-04-27 10:08:57.775015,14.74,13.31,14.74,14.74,1024,40,2.98,92,100,0.0,Clouds,overcast clouds,9
Tompapuszta,46.321389,20.966389,2026-04-27 10:08:58.981718,16.71,17.05,16.06,16.71,1024,100,2.21,58,99,0.0,Clouds,overcast clouds,9
Halászlak,46.911879,20.56228,2026-04-27 10:09:00.189068,14.88,13.18,14.88,14.88,1024,29,2.47,76,100,0.0,Clouds,overcast clouds,9
Sirató,46.840556,20.61,2026-04-27 10:09:01.394798,14.96,13.27,14.96,14.96,1024,29,2.54,76,100,0.0,Clouds,overcast clouds,9
Csabacsűd felső,46.829167,20.649167,2026-04-27 10:09:02.596712,14.94,13.25,14.94,14.94,1024,29,2.52,75,100,0.0,Clouds,overcast clouds,9
Orosháza-Üveggyár,46.579979,20.683644,2026-04-27 10:09:03.816610,15.18,13.51,15.18,15.18,1024,29,2.66,74,100,0.0,Clouds,overcast clouds,9
Gyulai városerdő,46.69482,21.32281,2026-04-27 10:09:05.021343,14.99,13.25,14.99,14.99,1024,27,2.54,45,99,0.0,Clouds,overcast clouds,9
Kórógyszentgyörgy,46.564377,20.224998,2026-04-27 10:09:06.232594,12.23,10.58,12.23,12.23,1024,41,2.76,93,100,0.0,Clouds,overcast clouds,9
Kunszállás,46.784444,19.767222,2026-04-27 10:09:07.436907,17.16,15.69,15.04,17.16,1024,29,3.6,0,0,0.0,Clear,clear sky,9
Selymes,46.655321,19.8534,2026-04-27 10:09:08.647884,17.22,15.75,17.22,17.22,1024,29,2.8,107,100,0.0,Clouds,overcast clouds,9
Petőfiszállási tanyák,46.587805,19.874509,2026-04-27 10:09:09.858613,17.26,15.8,15.01,17.26,1024,29,2.82,106,100,0.0,Clouds,overcast clouds,9
Kisteleki szőlők,46.514199,19.92868,2026-04-27 10:09:11.067915,15.0,13.34,15.0,17.25,1024,30,2.84,102,100,0.0,Clouds,overcast clouds,9
Kapitányság,46.435336,19.987564,2026-04-27 10:09:12.272786,15.02,13.41,15.02,15.02,1024,32,2.86,97,100,0.0,Clouds,overcast clouds,9
Őszeszék,46.39025,20.016017,2026-04-27 10:09:13.473686,15.05,13.45,15.05,15.05,1024,32,2.89,92,100,0.0,Clouds,overcast clouds,9
Vilmaszállás,46.366389,20.030833,2026-04-27 10:09:14.677378,15.03,13.42,15.03,15.03,1024,32,2.24,92,100,0.0,Clouds,overcast clouds,9
Jánosszállás,46.334359,20.051199,2026-04-27 10:09:15.890199,15.06,13.46,15.06,15.06,1024,32,2.93,89,100,0.0,Clouds,overcast clouds,9
Felsőpakony,47.343056,19.230556,2026-04-27 10:09:17.110379,15.35,13.59,15.02,16.11,1024,25,2.57,0,0,0.0,Clear,clear sky,9
Felsőméntelek,46.987074,19.557745,2026-04-27 10:09:18.310476,14.88,13.08,14.88,14.88,1024,25,3.6,0,0,0.0,Clear,clear sky,9
Alsóméntelek,46.961558,19.579121,2026-04-27 10:09:19.512506,14.91,13.11,14.91,14.91,1024,25,3.6,0,0,0.0,Clear,clear sky,9
Nagynyír,46.943319,19.585447,2026-04-27 10:09:20.724355,14.9,13.1,14.9,14.9,1024,25,3.6,0,0,0.0,Clear,clear sky,9
Úrihegy,46.917778,19.621389,2026-04-27 10:09:21.925472,14.93,13.13,14.93,17.04,1024,25,3.6,0,0,0.0,Clear,clear sky,9
Miklóstelep,46.913412,19.630913,2026-04-27 10:09:23.132490,14.94,13.14,14.94,17.06,1024,25,3.6,0,0,0.0,Clear,clear sky,9
Tiszajenő alsó,47.016944,20.134444,2026-04-27 10:09:24.335531,16.68,15.24,15.02,16.68,1024,32,2.57,0,0,0.0,Clear,clear sky,9
Óbög,46.987222,20.111111,2026-04-27 10:09:25.540386,16.15,14.6,15.01,16.66,1024,30,2.57,0,0,0.0,Clear,clear sky,9
Árpádszállás,46.866456,19.989163,2026-04-27 10:09:26.743585,16.05,14.42,15.1,17.21,1024,27,3.6,0,0,0.0,Clear,clear sky,9
Tőserdő,46.851111,19.980278,2026-04-27 10:09:27.943894,16.26,14.65,15.12,17.23,1024,27,3.6,0,0,0.0,Clear,clear sky,9
Tiszaalpár felső,46.836256,19.976753,2026-04-27 10:09:29.150933,17.26,15.8,15.14,17.26,1024,29,3.6,0,0,0.0,Clear,clear sky,9
Borsihalom,46.773056,19.92,2026-04-27 10:09:30.359717,17.25,15.79,15.13,17.25,1024,29,2.81,99,100,0.0,Clouds,overcast clouds,9
Petőfiváros,46.725556,19.848611,2026-04-27 10:09:31.576180,17.21,15.74,15.1,17.21,1024,29,2.77,105,100,0.0,Clouds,overcast clouds,9
Csorna,47.601944,17.248889,2026-04-27 10:09:32.777326,16.51,15.18,16.51,16.51,1023,37,2.59,167,54,0.0,Clouds,broken clouds,9
Szorgalmatos,47.986667,21.366389,2026-04-27 10:09:33.981020,11.53,9.5,11.53,11.53,1023,29,2.52,269,100,0.0,Clouds,overcast clouds,9
Fótfürdő,47.6225,19.200556,2026-04-27 10:09:35.184620,15.62,13.94,13.9,15.71,1024,27,1.49,153,100,0.0,Clouds,overcast clouds,9
Fenyveshegy,47.818333,19.068056,2026-04-27 10:09:36.384504,16.12,14.6,16.12,16.12,1024,31,1.3,164,97,0.0,Clouds,overcast clouds,9
Hűvösvölgy,47.541202,18.96351,2026-04-27 10:09:37.589636,14.41,12.72,13.44,15.25,1023,31,2.24,131,100,0.0,Clouds,overcast clouds,9
Hárshegy,47.535318,18.961433,2026-04-27 10:09:38.782012,14.41,12.72,13.44,15.25,1023,31,2.24,131,100,0.0,Clouds,overcast clouds,9
Szépjuhászné,47.528277,18.955246,2026-04-27 10:09:39.987630,13.51,11.75,12.55,14.36,1023,32,2.24,131,100,0.0,Clouds,overcast clouds,9
Jánoshegy,47.51433,18.95047,2026-04-27 10:09:41.187557,13.42,11.65,12.46,14.27,1023,32,2.24,131,100,0.0,Clouds,overcast clouds,9
Virágvölgy,47.505965,18.95876,2026-04-27 10:09:42.392954,13.15,11.36,12.14,13.96,1023,32,2.24,131,100,0.0,Clouds,overcast clouds,9
Csillebérc,47.498196,18.961694,2026-04-27 10:09:43.596755,12.94,11.13,11.91,13.73,1023,32,2.24,131,100,0.0,Clouds,overcast clouds,9
Normafa,47.5,18.970558,2026-04-27 10:09:44.797060,13.01,11.2,11.96,13.78,1023,32,2.24,131,100,0.0,Clouds,overcast clouds,9
Széchenyihegy,47.49413,18.977049,2026-04-27 10:09:45.991592,13.06,11.26,11.98,13.8,1023,32,2.24,131,100,0.0,Clouds,overcast clouds,9
Balatonfőkajár felső,47.031389,18.215278,2026-04-27 10:09:47.197741,14.06,12.38,14.06,14.06,1023,33,2.54,137,77,0.0,Clouds,broken clouds,9
Piroska,47.148333,20.129722,2026-04-27 10:09:48.404721,15.96,14.37,15.02,17.34,1024,29,2.57,0,0,0.0,Clear,clear sky,9
Somodor,46.4725,17.836667,2026-04-27 10:09:49.614926,15.2,13.82,15.2,15.2,1023,40,3.38,106,95,0.0,Clouds,overcast clouds,9
Középmező,45.995833,18.668889,2026-04-27 10:09:50.818990,15.62,14.31,15.62,15.62,1023,41,3.23,85,100,0.0,Clouds,overcast clouds,9
Jobbágyi,47.828889,19.6875,2026-04-27 10:09:52.013986,16.41,14.94,16.41,16.41,1024,32,1.8,210,100,0.0,Clouds,overcast clouds,9
Ferihegy,47.437222,19.223889,2026-04-27 10:09:53.220765,15.32,13.64,14.13,15.95,1024,28,2.57,0,0,0.0,Clear,clear sky,9
Máriapócs,47.852778,22.019167,2026-04-27 10:09:54.424001,13.49,11.65,13.49,13.49,1024,29,1.44,287,100,0.0,Clouds,overcast clouds,9
Máriaudvar,47.751944,19.165,2026-04-27 10:09:55.616488,16.08,14.55,14.26,16.08,1024,31,1.57,161,100,0.0,Clouds,overcast clouds,9
Nagyberki,46.353333,18.004167,2026-04-27 10:09:56.817862,14.94,13.51,14.94,14.94,1023,39,2.6,95,99,0.0,Clouds,overcast clouds,9
Badacsonytomaj,46.804722,17.518056,2026-04-27 10:09:58.010898,16.01,14.66,16.01,16.01,1023,38,3.07,119,75,0.0,Clouds,broken clouds,9
Badacsony,46.788611,17.506389,2026-04-27 10:09:59.222860,16.11,14.77,16.11,16.11,1023,38,3.01,116,79,0.0,Clouds,broken clouds,9
Badacsonylábdihegy,46.793889,17.470833,2026-04-27 10:10:00.436300,16.08,14.74,16.08,16.08,1023,38,3.01,116,79,0.0,Clouds,broken clouds,9
Badacsonytördemic-Szigliget,46.809722,17.469167,2026-04-27 10:10:01.641327,16.03,14.68,16.03,16.03,1023,38,3.09,119,76,0.0,Clouds,broken clouds,9
Nemesgulács-Kisapáti,46.836944,17.476389,2026-04-27 10:10:02.844791,16.07,14.72,16.07,16.07,1023,38,3.17,122,74,0.0,Clouds,broken clouds,9
Tapolca,46.877778,17.428611,2026-04-27 10:10:04.039343,15.99,14.61,15.99,15.99,1023,37,3.23,126,74,0.0,Clouds,broken clouds,9
Uzsabánya alsó,46.898333,17.345278,2026-04-27 10:10:05.258586,15.79,14.36,15.79,15.79,1023,36,3.23,131,72,0.0,Clouds,broken clouds,9
Uzsa,46.920278,17.331667,2026-04-27 10:10:06.458490,15.75,14.32,15.75,15.75,1023,36,3.26,135,68,0.0,Clouds,broken clouds,9
Sümegi Bazaltbánya,46.9525,17.2925,2026-04-27 10:10:07.652429,16.18,14.79,16.18,16.18,1023,36,3.23,139,65,0.0,Clouds,broken clouds,9
Sümeg,46.981111,17.270833,2026-04-27 10:10:08.862814,16.39,15.02,16.39,16.39,1023,36,3.15,144,62,0.0,Clouds,broken clouds,9
Gógánfa,47.021111,17.207778,2026-04-27 10:10:10.062440,16.41,15.05,16.41,16.41,1023,36,3.13,151,57,0.0,Clouds,broken clouds,9
Ukk,47.041944,17.195833,2026-04-27 10:10:11.266249,16.48,15.12,16.48,16.48,1023,36,3.11,153,55,0.0,Clouds,broken clouds,9
Nemeskeresztúr,47.093611,17.183611,2026-04-27 10:10:12.468138,16.41,15.05,16.41,16.41,1023,36,3.13,157,50,0.0,Clouds,scattered clouds,9
Jánosháza,47.115833,17.171667,2026-04-27 10:10:13.662456,16.48,15.12,16.48,16.48,1023,36,3.13,158,47,0.0,Clouds,scattered clouds,9
Keszthely,46.758333,17.248056,2026-04-27 10:10:14.862774,16.08,14.68,16.08,16.08,1023,36,2.06,0,0,0.0,Clear,clear sky,9
Alsógyenes,46.765844,17.276435,2026-04-27 10:10:16.064779,16.08,14.68,16.08,16.08,1023,36,2.06,0,0,0.0,Clear,clear sky,9
Gyenesdiás,46.763333,17.292778,2026-04-27 10:10:17.269528,16.08,14.68,16.08,16.08,1023,36,2.06,0,0,0.0,Clear,clear sky,9
Vonyarcvashegy,46.755278,17.318333,2026-04-27 10:10:18.477825,16.09,14.69,16.09,16.09,1023,36,2.06,0,0,0.0,Clear,clear sky,9
Balatongyörök,46.751944,17.354444,2026-04-27 10:10:19.669816,16.11,14.72,16.11,16.11,1023,36,2.06,0,0,0.0,Clear,clear sky,9
Becehegy,46.776111,17.372778,2026-04-27 10:10:20.871524,16.08,14.68,16.08,16.08,1023,36,2.06,0,0,0.0,Clear,clear sky,9
Balatonederics,46.8025,17.385,2026-04-27 10:10:22.076642,16.03,14.65,16.03,16.03,1023,37,3.1,119,81,0.0,Clouds,broken clouds,9
Dabronc,47.025766,17.167006,2026-04-27 10:10:23.278029,16.46,15.1,16.46,16.46,1023,36,3.1,151,59,0.0,Clouds,broken clouds,9
Türje,46.994444,17.093611,2026-04-27 10:10:24.477415,16.45,15.12,16.45,16.45,1023,37,3.05,149,65,0.0,Clouds,broken clouds,9
Zalabér-Batyk,46.983056,17.040833,2026-04-27 10:10:25.677597,16.57,15.27,16.57,16.57,1023,38,2.97,146,68,0.0,Clouds,broken clouds,9
Pakod,46.959167,16.996667,2026-04-27 10:10:26.881766,16.48,15.18,16.48,16.48,1023,38,2.95,145,66,0.0,Clouds,broken clouds,9
Pókaszepetk,46.924444,16.972222,2026-04-27 10:10:28.074612,16.58,15.29,16.58,16.58,1023,38,2.95,139,71,0.0,Clouds,broken clouds,9
Kemendollár,46.905833,16.946667,2026-04-27 10:10:29.285904,15.91,14.55,15.91,15.91,1023,38,2.92,137,69,0.0,Clouds,broken clouds,9
Zalaegerszeg,46.833056,16.848333,2026-04-27 10:10:30.493810,15.73,14.32,15.73,15.73,1023,37,2.75,119,72,0.0,Clouds,broken clouds,9
Bocfölde,46.780278,16.853611,2026-04-27 10:10:31.689036,15.79,14.42,15.79,15.79,1023,38,2.83,115,79,0.0,Clouds,broken clouds,9
Sárhida,46.755833,16.851389,2026-04-27 10:10:32.893255,15.75,14.35,15.75,15.75,1023,37,2.75,111,82,0.0,Clouds,broken clouds,9
Bak,46.7325,16.849167,2026-04-27 10:10:34.097008,15.77,14.37,15.77,15.77,1023,37,2.74,109,84,0.0,Clouds,broken clouds,9
Tófej,46.670833,16.801944,2026-04-27 10:10:35.302733,15.61,14.14,15.61,15.61,1022,35,2.64,106,87,0.0,Clouds,overcast clouds,9
Gutorfölde,46.646944,16.739722,2026-04-27 10:10:36.516898,16.64,15.25,16.64,16.64,1022,34,2.44,106,87,0.0,Clouds,overcast clouds,9
Csömödér-Páka,46.608056,16.641111,2026-04-27 10:10:37.723192,15.74,14.26,15.74,18.9,1022,34,2.21,111,81,0.0,Clouds,broken clouds,9
Iklódbördőce,46.603056,16.604722,2026-04-27 10:10:38.936152,15.74,14.26,15.74,18.89,1022,34,2.09,114,76,0.0,Clouds,broken clouds,9
Lenti,46.621389,16.528611,2026-04-27 10:10:40.142099,15.68,14.22,15.68,18.84,1022,35,2.0,119,71,0.0,Clouds,broken clouds,9
Rédics,46.618056,16.471111,2026-04-27 10:10:41.347155,15.68,14.22,15.68,18.83,1022,35,1.99,120,69,0.0,Clouds,broken clouds,9
Zalalövő,46.845556,16.576389,2026-04-27 10:10:42.557528,16.6,15.26,16.6,16.6,1022,36,2.24,118,67,0.0,Clouds,broken clouds,9
Zalaegerszeg-Ola,46.849167,16.844722,2026-04-27 10:10:43.756073,16.52,15.19,16.52,16.52,1023,37,2.75,119,72,0.0,Clouds,broken clouds,9
Andráshida,46.863116,16.7792,2026-04-27 10:10:44.961825,16.5,15.17,16.5,16.5,1023,37,2.71,121,66,0.0,Clouds,broken clouds,9
Bagod,46.875,16.746111,2026-04-27 10:10:46.159636,16.65,15.34,16.65,16.65,1023,37,2.62,118,65,0.0,Clouds,broken clouds,9
Zalaszentgyörgy,46.872222,16.7125,2026-04-27 10:10:47.362625,16.62,15.3,16.62,16.62,1022,37,2.57,117,65,0.0,Clouds,broken clouds,9
Zalacséb-Salomvár,46.858056,16.662222,2026-04-27 10:10:48.565040,16.42,15.06,16.42,16.42,1022,36,2.52,116,65,0.0,Clouds,broken clouds,9
Kópháza,47.631389,16.6375,2026-04-27 10:10:49.762644,17.43,16.22,17.43,17.43,1022,38,2.74,117,51,0.0,Clouds,broken clouds,9
Nagycenk,47.601111,16.690278,2026-04-27 10:10:50.969563,17.54,16.34,17.54,17.54,1022,38,2.6,127,51,0.0,Clouds,broken clouds,9
Sopronkövesd,47.548333,16.748056,2026-04-27 10:10:52.168033,17.37,16.21,17.37,17.37,1022,40,2.56,146,51,0.0,Clouds,broken clouds,9
Lövő,47.509444,16.7775,2026-04-27 10:10:53.397322,17.41,16.25,17.41,17.41,1022,40,2.55,155,51,0.0,Clouds,broken clouds,9
Újkér,47.457778,16.786667,2026-04-27 10:10:54.607934,17.43,16.27,17.43,17.43,1022,40,2.69,160,48,0.0,Clouds,scattered clouds,9
Bük,47.388611,16.752222,2026-04-27 10:10:55.801252,17.49,16.34,17.49,17.49,1022,40,2.63,161,41,0.0,Clouds,scattered clouds,9
Acsád,47.308333,16.734722,2026-04-27 10:10:57.003605,17.24,16.06,17.24,17.24,1022,40,2.3,161,35,0.0,Clouds,scattered clouds,9
Salköveskút-Vassurány,47.291389,16.704167,2026-04-27 10:10:58.205822,17.25,16.07,17.25,17.25,1022,40,2.22,161,34,0.0,Clouds,scattered clouds,9
Zalaszentiván,46.8875,16.909444,2026-04-27 10:10:59.411848,15.89,14.53,15.89,15.89,1023,38,2.85,130,68,0.0,Clouds,broken clouds,9
Alsónemesapáti,46.854167,16.936389,2026-04-27 10:11:00.611521,15.88,14.54,15.88,15.88,1023,39,2.95,130,74,0.0,Clouds,broken clouds,9
Józsa,47.600833,21.584444,2026-04-27 10:11:01.807107,14.86,13.05,14.86,14.86,1024,25,2.06,0,0,0.0,Clear,clear sky,9
Hajdúszentgyörgy,47.608056,21.578333,2026-04-27 10:11:03.015086,14.83,13.02,14.83,14.83,1024,25,2.06,0,0,0.0,Clear,clear sky,9
Zelemér,47.627778,21.578333,2026-04-27 10:11:04.216176,14.78,12.97,14.78,14.78,1024,25,2.06,0,0,0.0,Clear,clear sky,9
Hajdúböszörmény,47.668056,21.524167,2026-04-27 10:11:05.422796,14.81,13.1,14.81,14.81,1024,29,1.24,275,100,0.0,Clouds,overcast clouds,9
Hajdúvid,47.749444,21.508056,2026-04-27 10:11:06.624941,13.84,12.06,13.84,13.84,1024,30,1.56,277,100,0.0,Clouds,overcast clouds,9
Hajdúdorog,47.805556,21.493056,2026-04-27 10:11:07.828076,13.76,12.0,13.76,13.76,1023,31,1.75,279,100,0.0,Clouds,overcast clouds,9
Hajdúnánás,47.831944,21.426667,2026-04-27 10:11:09.023141,13.82,12.07,13.82,13.82,1023,31,1.92,277,100,0.0,Clouds,overcast clouds,9
Hajdúnánás-Vásártér,47.843056,21.407222,2026-04-27 10:11:10.222673,13.82,12.07,13.82,13.82,1023,31,1.92,277,100,0.0,Clouds,overcast clouds,9
Tedej,47.903611,21.404444,2026-04-27 10:11:11.426168,12.1,10.2,12.1,12.1,1023,32,2.23,276,100,0.0,Clouds,overcast clouds,9
Tiszavasvári,47.945278,21.374722,2026-04-27 10:11:12.634900,12.1,10.12,12.1,12.1,1023,29,2.35,273,100,0.0,Clouds,overcast clouds,9
Egyházerdő,47.9725,21.365,2026-04-27 10:11:13.831807,12.12,10.14,12.12,12.12,1023,29,2.44,271,100,0.0,Clouds,overcast clouds,9
Tiszalök,48.013056,21.369167,2026-04-27 10:11:15.047892,12.09,10.11,12.09,12.09,1023,29,2.57,267,100,0.0,Clouds,overcast clouds,9
Hajnalos,47.998889,21.414167,2026-04-27 10:11:16.256755,12.1,10.12,12.1,12.1,1023,29,2.48,271,100,0.0,Clouds,overcast clouds,9
Kisfástanya,47.989167,21.47,2026-04-27 10:11:17.469360,12.07,10.09,12.07,12.07,1023,29,2.42,272,100,0.0,Clouds,overcast clouds,9
Tiszaeszlár,48.010556,21.491944,2026-04-27 10:11:18.670126,12.08,10.1,12.08,12.08,1023,29,2.42,270,100,0.0,Clouds,overcast clouds,9
Bashalom,48.026111,21.514722,2026-04-27 10:11:19.868312,12.05,10.07,12.05,12.05,1023,29,2.49,266,100,0.0,Clouds,overcast clouds,9
Sáránd,47.415556,21.625,2026-04-27 10:11:21.079735,15.01,13.22,15.01,15.01,1024,25,2.06,0,0,0.0,Clear,clear sky,9
Derecske,47.365,21.584167,2026-04-27 10:11:22.282623,15.08,13.3,15.08,15.08,1024,25,2.06,0,0,0.0,Clear,clear sky,9
Derecske-Vásártér,47.352222,21.58,2026-04-27 10:11:23.492821,15.08,13.3,15.08,15.08,1024,25,2.06,0,0,0.0,Clear,clear sky,9
Konyár,47.323611,21.666111,2026-04-27 10:11:24.702645,15.05,13.26,15.05,15.05,1024,25,2.06,0,0,0.0,Clear,clear sky,9
Konyári Sóstófürdő,47.324167,21.744444,2026-04-27 10:11:25.896035,15.06,13.27,15.06,15.06,1024,25,1.56,57,100,0.0,Clouds,overcast clouds,9
Pocsaj-Esztár,47.288333,21.793056,2026-04-27 10:11:27.112152,15.05,13.24,15.05,15.24,1024,24,1.84,52,100,0.0,Clouds,overcast clouds,9
Kismarja,47.243889,21.813889,2026-04-27 10:11:28.315004,15.24,13.45,14.24,15.24,1024,24,2.05,46,100,0.0,Clouds,overcast clouds,9
Nagykereki,47.191667,21.8,2026-04-27 10:11:29.514445,15.23,13.36,14.23,15.23,1024,21,2.24,40,100,0.0,Clouds,overcast clouds,9
Debrecen-Szabadságtelep,47.527778,21.658611,2026-04-27 10:11:30.716758,14.89,13.09,14.89,14.89,1024,25,2.06,0,0,0.0,Clear,clear sky,9
Kondoroskert,47.525556,21.713889,2026-04-27 10:11:31.924098,14.92,13.12,14.92,14.92,1024,25,2.06,0,0,0.0,Clear,clear sky,9
Nagycsere,47.523889,21.763056,2026-04-27 10:11:33.124123,14.9,13.1,14.9,14.9,1024,25,2.06,0,0,0.0,Clear,clear sky,9
Haláp,47.521667,21.818333,2026-04-27 10:11:34.317857,14.9,13.1,14.9,14.9,1024,25,2.06,0,0,0.0,Clear,clear sky,9
Vámospércs,47.518056,21.893889,2026-04-27 10:11:35.516486,14.84,13.08,14.84,14.84,1024,27,0.66,60,99,0.0,Clouds,overcast clouds,9
Szentannapuszta,47.52,21.965833,2026-04-27 10:11:36.715579,14.79,13.03,14.79,14.79,1024,27,0.82,59,99,0.0,Clouds,overcast clouds,9
Nyírábrány,47.523889,22.016944,2026-04-27 10:11:37.917726,13.82,11.96,13.82,13.82,1024,27,0.9,59,99,0.0,Clouds,overcast clouds,9
Dombostanya,47.602778,21.706389,2026-04-27 10:11:39.115705,14.82,13.01,14.82,14.82,1024,25,2.06,0,0,0.0,Clear,clear sky,9
Hajdúsámson,47.608056,21.755278,2026-04-27 10:11:40.315213,14.82,13.01,14.82,14.82,1024,25,2.06,0,0,0.0,Clear,clear sky,9
Tamásipuszta,47.632778,21.796111,2026-04-27 10:11:41.535930,14.77,13.03,14.77,14.77,1024,28,0.41,293,100,0.0,Clouds,overcast clouds,9
Aradványpuszta,47.662778,21.8425,2026-04-27 10:11:42.736644,14.72,12.98,14.72,14.72,1024,28,0.52,289,100,0.0,Clouds,overcast clouds,9
Nyíradony,47.699444,21.903333,2026-04-27 10:11:43.927429,13.6,11.75,13.6,13.6,1024,28,0.73,289,100,0.0,Clouds,overcast clouds,9
Nyírmihálydi,47.7375,21.958889,2026-04-27 10:11:45.131221,13.57,11.71,13.57,13.57,1024,28,0.87,289,100,0.0,Clouds,overcast clouds,9
Nyírgelse,47.750833,21.987778,2026-04-27 10:11:46.327624,13.5,11.64,13.5,13.5,1024,28,0.99,288,100,0.0,Clouds,overcast clouds,9
Nyírbogát,47.793056,22.066389,2026-04-27 10:11:47.532767,13.54,11.68,13.54,13.54,1024,28,1.19,290,100,0.0,Clouds,overcast clouds,9
Nagykálló,47.871111,21.825833,2026-04-27 10:11:48.735763,13.56,11.75,13.56,13.56,1024,30,1.54,284,100,0.0,Clouds,overcast clouds,9
Kállósemjén,47.854722,21.935,2026-04-27 10:11:49.930765,13.55,11.74,13.55,13.55,1024,30,1.45,286,100,0.0,Clouds,overcast clouds,9
Nyírbátor,47.8425,22.131111,2026-04-27 10:11:51.134151,13.48,11.61,13.48,13.48,1024,28,1.28,291,100,0.0,Clouds,overcast clouds,9
Nyírcsászári,47.865556,22.179167,2026-04-27 10:11:52.328782,13.54,11.68,13.54,13.54,1024,28,1.36,293,100,0.0,Clouds,overcast clouds,9
Hodász,47.896111,22.213611,2026-04-27 10:11:53.531569,13.5,11.64,13.5,13.5,1024,28,1.46,295,100,0.0,Clouds,overcast clouds,9
Nyírmeggyes,47.9225,22.256667,2026-04-27 10:11:54.750117,13.51,11.65,13.51,13.51,1024,28,1.68,294,99,0.0,Clouds,overcast clouds,9
Mátészalka,47.951389,22.313333,2026-04-27 10:11:55.953673,13.55,11.69,13.55,13.55,1024,28,1.79,293,97,0.0,Clouds,overcast clouds,9
Kocsord,47.941944,22.375833,2026-04-27 10:11:57.155839,13.74,11.9,13.74,13.74,1024,28,1.71,294,96,0.0,Clouds,overcast clouds,9
Kocsord alsó,47.946389,22.400556,2026-04-27 10:11:58.354899,13.74,11.9,13.74,13.74,1024,28,1.71,294,96,0.0,Clouds,overcast clouds,9
Győrtelek,47.936667,22.424722,2026-04-27 10:11:59.555712,13.77,11.91,13.77,13.77,1024,27,1.71,293,95,0.0,Clouds,overcast clouds,9
Győrtelek alsó,47.921111,22.443333,2026-04-27 10:12:00.759814,13.83,11.97,13.83,13.83,1024,27,1.59,294,95,0.0,Clouds,overcast clouds,9
Ököritófülpös,47.911389,22.495,2026-04-27 10:12:01.951669,13.85,12.0,13.85,13.85,1024,27,1.59,294,95,0.0,Clouds,overcast clouds,9
Porcsalma-Tyukod,47.868056,22.568333,2026-04-27 10:12:03.156433,13.95,12.08,13.05,13.95,1024,26,1.35,300,96,0.0,Clouds,overcast clouds,9
Csenger,47.826111,22.666389,2026-04-27 10:12:04.352679,13.94,12.04,13.04,13.94,1024,25,1.32,306,97,0.0,Clouds,overcast clouds,9
Kisfái,46.888303,19.807366,2026-04-27 10:12:05.554786,15.02,13.23,15.02,17.7,1024,25,3.6,0,0,0.0,Clear,clear sky,9
Nyárlőrinci szőlők,46.8775,19.828333,2026-04-27 10:12:06.760954,15.03,13.24,15.03,17.7,1024,25,3.6,0,0,0.0,Clear,clear sky,9
Nyárlőrinc alsó,46.863889,19.878889,2026-04-27 10:12:07.957210,15.05,13.26,15.05,17.72,1024,25,3.6,0,0,0.0,Clear,clear sky,9
Tiszaug-Tiszahídfő,46.866106,20.052098,2026-04-27 10:12:09.163343,16.96,15.44,15.2,17.88,1024,28,2.82,95,100,0.0,Clouds,overcast clouds,9
Csongrádi úti tanyák,46.690278,19.921667,2026-04-27 10:12:10.357204,17.83,16.37,15.16,17.83,1024,27,2.81,102,100,0.0,Clouds,overcast clouds,9
Kettőshalom,46.689167,20.0225,2026-04-27 10:12:11.558066,17.86,16.41,12.22,17.86,1024,27,2.85,99,100,0.0,Clouds,overcast clouds,9
Csongrád alsó,46.711389,20.126389,2026-04-27 10:12:12.759187,12.22,10.57,12.22,17.86,1024,41,2.86,95,100,0.0,Clouds,overcast clouds,9
Dónát,46.66988,20.368168,2026-04-27 10:12:13.953699,12.24,10.59,12.24,12.24,1024,41,3.58,79,100,0.0,Clouds,overcast clouds,9
Pusztatemplom,46.676667,20.407222,2026-04-27 10:12:15.163184,12.23,10.58,12.23,12.23,1024,41,3.58,79,100,0.0,Clouds,overcast clouds,9
Előhát,47.364722,20.653611,2026-04-27 10:12:16.363977,14.59,12.89,14.59,14.59,1024,30,1.13,128,100,0.0,Clouds,overcast clouds,9
Polgárdi-Tekerespuszta,47.017778,18.297778,2026-04-27 10:12:17.572196,15.57,14.04,15.57,15.57,1023,33,2.55,133,80,0.0,Clouds,broken clouds,9
Szatina-Kishajmás,46.202778,18.083611,2026-04-27 10:12:18.779369,15.25,13.87,15.25,15.25,1023,40,2.45,91,100,0.0,Clouds,overcast clouds,9
Márok,45.886944,18.499167,2026-04-27 10:12:19.973775,15.39,14.03,15.39,15.47,1023,40,0.89,77,100,0.0,Clouds,overcast clouds,9
Nagynyárád,45.953333,18.564722,2026-04-27 10:12:21.187955,15.46,14.11,15.46,15.53,1023,40,3.27,85,100,0.0,Clouds,overcast clouds,9
Szászvár,46.2875,18.369722222222222,2026-04-27 10:12:22.389622,14.23,12.78,14.23,14.23,1023,41,3.21,102,100,0.0,Clouds,overcast clouds,9
Cikó,46.263514,18.557605,2026-04-27 10:12:23.593035,14.24,12.82,14.24,14.24,1024,42,2.99,98,100,0.0,Clouds,overcast clouds,9
Gyöngyfa-Magyarmecske,45.983889,17.958889,2026-04-27 10:12:24.794971,15.57,14.38,15.57,15.57,1023,46,3.63,102,100,0.0,Clouds,overcast clouds,9
Nagyhát,47.581389,21.445,2026-04-27 10:12:25.992201,14.92,13.12,14.92,14.92,1024,25,2.06,0,0,0.0,Clear,clear sky,9
Balmazújváros,47.613889,21.348056,2026-04-27 10:12:27.192526,15.1,13.45,15.1,15.1,1024,30,1.13,268,100,0.0,Clouds,overcast clouds,9
Kónya,47.600833,21.2375,2026-04-27 10:12:28.395442,14.18,12.44,14.18,14.18,1024,30,1.01,263,100,0.0,Clouds,overcast clouds,9
Hortobágy,47.586111,21.154722,2026-04-27 10:12:29.595419,14.21,12.5,14.21,14.21,1024,31,0.99,261,100,0.0,Clouds,overcast clouds,9
Hortobágyi Halastó,47.604167,21.074167,2026-04-27 10:12:30.800381,14.23,12.52,14.23,14.23,1024,31,0.98,259,100,0.0,Clouds,overcast clouds,9
Ohat-Pusztakócs,47.623333,20.951111,2026-04-27 10:12:32.130539,14.22,12.53,14.22,14.22,1023,32,1.08,263,100,0.0,Clouds,overcast clouds,9
Egyek,47.616944,20.883611,2026-04-27 10:12:33.433773,14.25,12.57,14.25,14.25,1023,32,1.02,261,100,0.0,Clouds,overcast clouds,9
Tiszafüred,47.627778,20.756111,2026-04-27 10:12:34.688646,14.28,12.63,14.28,14.28,1023,33,0.96,258,100,0.0,Clouds,overcast clouds,9
Poroszló,47.657778,20.654444,2026-04-27 10:12:36.089823,14.35,12.7,14.35,14.35,1023,33,1.01,254,100,0.0,Clouds,overcast clouds,9
Kétútköz,47.694167,20.565,2026-04-27 10:12:37.374396,14.29,12.64,14.29,14.29,1023,33,1.22,250,100,0.0,Clouds,overcast clouds,9
Egerfarmos,47.711667,20.5225,2026-04-27 10:12:38.573847,14.3,12.65,14.3,14.3,1023,33,1.19,244,100,0.0,Clouds,overcast clouds,9
Piliscsaba,47.638056,18.829722,2026-04-27 10:12:39.791370,15.42,13.88,14.25,16.33,1024,33,2.18,172,100,0.0,Clouds,overcast clouds,9
Pilisjászfalu,47.656111,18.797778,2026-04-27 10:12:41.039372,15.8,14.27,14.5,16.59,1024,32,2.28,172,100,0.0,Clouds,overcast clouds,9
Leányvár,47.687594,18.772553,2026-04-27 10:12:42.261906,14.03,12.32,13.94,16.75,1024,32,2.29,174,100,0.0,Clouds,overcast clouds,9
Dorog,47.723333,18.732778,2026-04-27 10:12:43.464249,14.16,12.47,14.16,16.97,1024,32,2.16,178,98,0.0,Clouds,overcast clouds,9
Esztergom-Kertváros,47.743333,18.719167,2026-04-27 10:12:44.655757,14.23,12.54,14.23,14.23,1024,32,2.05,181,97,0.0,Clouds,overcast clouds,9
Esztergom,47.7775,18.743611,2026-04-27 10:12:45.861617,14.29,12.61,14.29,14.29,1024,32,1.82,183,99,0.0,Clouds,overcast clouds,9
Dunaalmás,47.733056,18.326389,2026-04-27 10:12:47.055964,15.77,14.26,15.77,15.77,1024,33,2.28,168,79,0.0,Clouds,broken clouds,9
Neszmély,47.734444,18.345278,2026-04-27 10:12:48.254211,15.77,14.26,15.77,15.77,1024,33,2.28,168,79,0.0,Clouds,broken clouds,9
Süttő,47.761111,18.455,2026-04-27 10:12:49.456309,15.67,14.13,15.67,15.67,1024,32,2.06,172,81,0.0,Clouds,broken clouds,9
Piszke,47.75307,18.478017,2026-04-27 10:12:50.652409,15.68,14.14,15.68,15.68,1024,32,2.04,173,82,0.0,Clouds,broken clouds,9
Lábatlan,47.751944,18.513333,2026-04-27 10:12:51.855672,15.64,14.1,15.64,15.64,1024,32,2.03,174,83,0.0,Clouds,broken clouds,9
Eternitgyár,47.755544,18.530014,2026-04-27 10:12:53.050355,15.64,14.1,15.64,15.64,1024,32,2.03,174,83,0.0,Clouds,broken clouds,9
Nyergesújfalu felső,47.762222,18.540556,2026-04-27 10:12:54.252795,15.64,14.1,15.64,15.64,1024,32,2.03,174,83,0.0,Clouds,broken clouds,9
Nyergesújfalu,47.761111,18.561667,2026-04-27 10:12:55.454046,15.56,14.01,15.56,15.56,1024,32,2.03,175,85,0.0,Clouds,overcast clouds,9
Tokod,47.735,18.675,2026-04-27 10:12:56.656673,14.25,12.57,14.25,14.25,1024,32,2.16,178,96,0.0,Clouds,overcast clouds,9
Környe,47.541667,18.330278,2026-04-27 10:12:57.848619,15.43,13.89,15.43,15.43,1024,33,2.52,156,79,0.0,Clouds,broken clouds,9
Kecskéd alsó,47.519722,18.316667,2026-04-27 10:12:59.060771,15.46,13.92,15.46,15.46,1024,33,2.58,156,79,0.0,Clouds,broken clouds,9
Oroszlány,47.486944,18.308611,2026-04-27 10:13:00.259582,15.36,13.81,15.36,15.36,1024,33,2.59,155,78,0.0,Clouds,broken clouds,9
Győrszabadhegy,47.663056,17.648056,2026-04-27 10:13:01.465725,16.08,14.5,16.08,16.08,1023,29,2.57,0,0,0.0,Clear,clear sky,9
Ménfőcsanak felső,47.638333,17.615,2026-04-27 10:13:02.674512,16.08,14.5,16.08,16.08,1023,29,2.57,0,0,0.0,Clear,clear sky,9
Gyömöre-Tét,47.501672,17.559596,2026-04-27 10:13:03.875493,16.03,14.45,15.91,16.03,1023,29,1.54,0,0,0.0,Clear,clear sky,9
Szerecseny,47.469167,17.5475,2026-04-27 10:13:05.075741,16.02,14.43,15.9,16.02,1023,29,1.54,0,0,0.0,Clear,clear sky,9
Gecse-Gyarmat,47.456111,17.515,2026-04-27 10:13:06.276951,16.05,14.47,15.94,16.05,1023,29,1.54,0,0,0.0,Clear,clear sky,9
Vaszar,47.4025,17.496389,2026-04-27 10:13:07.483088,16.08,14.5,16.08,16.08,1023,29,1.54,0,0,0.0,Clear,clear sky,9
Pápa,47.340556,17.458889,2026-04-27 10:13:08.676975,16.03,14.45,16.03,16.03,1023,29,1.54,0,0,0.0,Clear,clear sky,9
Mezőlak,47.324722,17.371389,2026-04-27 10:13:09.887393,16.11,14.53,16.11,16.11,1023,29,1.54,0,0,0.0,Clear,clear sky,9
Mihályháza,47.318889,17.331667,2026-04-27 10:13:11.093524,16.14,14.57,16.14,16.14,1023,29,1.54,0,0,0.0,Clear,clear sky,9
Vinár,47.306667,17.284722,2026-04-27 10:13:12.304366,16.1,14.52,16.1,16.1,1023,29,1.54,0,0,0.0,Clear,clear sky,9
Külsővat,47.279167,17.219722,2026-04-27 10:13:13.509888,16.12,14.73,16.12,16.12,1023,36,3.0,166,43,0.0,Clouds,scattered clouds,9
Celldömölk,47.261389,17.151944,2026-04-27 10:13:14.708430,16.07,14.7,16.07,16.07,1023,37,3.04,161,39,0.0,Clouds,scattered clouds,9
Kemenesmihályfa,47.278056,17.111111,2026-04-27 10:13:15.918447,16.22,14.86,16.22,16.22,1023,37,2.99,160,38,0.0,Clouds,scattered clouds,9
Nagysimonyi,47.265556,17.058889,2026-04-27 10:13:17.121372,16.32,14.97,16.32,16.32,1023,37,2.93,157,35,0.0,Clouds,scattered clouds,9
Ostffyasszonyfa,47.283889,17.023889,2026-04-27 10:13:18.331811,16.41,15.07,16.41,16.41,1023,37,2.83,157,35,0.0,Clouds,scattered clouds,9
Sárvár,47.259167,16.928889,2026-04-27 10:13:19.533104,16.54,15.22,16.54,16.54,1023,37,2.54,158,33,0.0,Clouds,scattered clouds,9
Porpác,47.238611,16.8325,2026-04-27 10:13:20.730025,17.51,16.28,17.51,17.51,1022,37,2.38,160,31,0.0,Clouds,scattered clouds,9
Balatonföldvár,46.853889,17.881389,2026-04-27 10:13:21.933527,14.41,12.79,14.41,14.41,1023,34,1.79,45,65,0.0,Clouds,broken clouds,9
Balatonszárszó,46.832222,17.830278,2026-04-27 10:13:23.136921,14.43,12.82,14.43,14.43,1023,34,2.89,130,67,0.0,Clouds,broken clouds,9
Balatonszemes,46.811944,17.776389,2026-04-27 10:13:24.338830,14.41,12.79,14.41,14.41,1023,34,2.91,126,70,0.0,Clouds,broken clouds,9
Balatonlelle felső,46.793889,17.7175,2026-04-27 10:13:25.549599,14.43,12.82,14.43,14.43,1023,34,2.92,122,74,0.0,Clouds,broken clouds,9
Balatonlelle,46.7875,17.694167,2026-04-27 10:13:26.743465,14.39,12.88,14.39,14.39,1023,38,2.92,121,75,0.0,Clouds,broken clouds,9
Fonyódliget,46.759167,17.592222,2026-04-27 10:13:27.949599,14.41,12.9,14.41,14.41,1023,38,2.92,116,78,0.0,Clouds,broken clouds,9
Balatonboglár,46.776111,17.647222,2026-04-27 10:13:29.152015,14.41,12.9,14.41,14.41,1023,38,2.93,120,75,0.0,Clouds,broken clouds,9
Balatonfenyves alsó,46.708611,17.455278,2026-04-27 10:13:30.354800,16.09,14.75,16.09,16.09,1023,38,2.89,109,85,0.0,Clouds,overcast clouds,9
Fonyód,46.750278,17.558889,2026-04-27 10:13:31.560654,16.03,14.68,16.03,16.03,1023,38,2.93,114,79,0.0,Clouds,broken clouds,9
Bélatelep,46.737778,17.535,2026-04-27 10:13:32.755573,16.11,14.77,16.11,16.11,1023,38,2.91,112,81,0.0,Clouds,broken clouds,9
Alsóbélatelep,46.724167,17.516389,2026-04-27 10:13:33.958198,16.08,14.74,16.08,16.08,1023,38,2.91,112,81,0.0,Clouds,broken clouds,9
Balatonfenyves,46.713611,17.482778,2026-04-27 10:13:35.152870,16.08,14.74,16.08,16.08,1023,38,2.89,110,84,0.0,Clouds,broken clouds,9
Máriahullámtelep,46.704722,17.435,2026-04-27 10:13:36.360177,16.09,14.75,16.09,16.09,1023,38,2.89,109,85,0.0,Clouds,overcast clouds,9
Balatonmáriafürdő,46.704167,17.374722,2026-04-27 10:13:37.569759,16.08,14.68,16.08,16.08,1023,36,2.06,0,0,0.0,Clear,clear sky,9
Balatonberény,46.713889,17.316944,2026-04-27 10:13:38.766414,16.05,14.65,16.05,16.05,1023,36,2.06,0,0,0.0,Clear,clear sky,9
Balatonszentgyörgy,46.692778,17.288889,2026-04-27 10:13:39.970015,16.08,14.68,16.08,16.08,1023,36,2.06,0,0,0.0,Clear,clear sky,9
Vörs,46.663611,17.260278,2026-04-27 10:13:41.174549,16.07,14.67,16.07,16.07,1023,36,2.06,0,0,0.0,Clear,clear sky,9
Zalaszentjakab,46.491667,17.135278,2026-04-27 10:13:42.379838,15.93,14.62,15.93,15.93,1023,40,2.82,100,96,0.0,Clouds,overcast clouds,9
Nagykanizsa,46.440833,16.986667,2026-04-27 10:13:43.585562,16.34,15.07,16.34,16.34,1023,40,2.97,99,95,0.0,Clouds,overcast clouds,9
Murakeresztúr,46.363889,16.876944,2026-04-27 10:13:44.778208,16.62,15.36,16.62,16.62,1023,39,3.0,97,92,0.0,Clouds,overcast clouds,9
Zalakomár,46.530278,17.188056,2026-04-27 10:13:45.985901,15.93,14.52,15.93,15.93,1023,36,2.06,0,0,0.0,Clear,clear sky,9
Szárazrét,47.200833,18.381111,2026-04-27 10:13:47.188408,15.65,14.13,15.65,15.65,1024,33,2.48,141,74,0.0,Clouds,broken clouds,9
Bodajk,47.318333,18.251944,2026-04-27 10:13:48.388767,15.58,14.06,15.58,15.58,1024,33,2.69,149,71,0.0,Clouds,broken clouds,9
Csókakő,47.3275,18.240556,2026-04-27 10:13:49.593869,15.28,13.73,15.28,15.28,1024,33,2.7,150,72,0.0,Clouds,broken clouds,9
Mór,47.369167,18.189167,2026-04-27 10:13:50.787233,15.43,13.92,15.43,15.43,1024,34,2.96,152,73,0.0,Clouds,broken clouds,9
Bakonysárkány,47.443611,18.103611,2026-04-27 10:13:51.989085,15.33,13.81,15.33,15.33,1023,34,3.1,156,77,0.0,Clouds,broken clouds,9
Kisbér,47.494167,18.024722,2026-04-27 10:13:53.190737,15.64,14.15,15.64,15.64,1023,34,3.07,156,79,0.0,Clouds,broken clouds,9
Nagyigmánd-Bábolna,47.630556,18.050833,2026-04-27 10:13:54.393803,15.99,14.4,15.99,15.99,1023,29,2.57,0,0,0.0,Clear,clear sky,9
Budapest-Déli,47.498889,19.025,2026-04-27 10:13:55.602691,15.69,14.12,14.16,16.98,1024,31,3.58,98,0,0.0,Clear,clear sky,9
Budapest-Kelenföld,47.464444,19.02,2026-04-27 10:13:56.797720,15.89,14.34,14.27,17.08,1024,31,3.58,98,0,0.0,Clear,clear sky,9
Budaörs,47.4475,18.965,2026-04-27 10:13:57.994871,15.79,14.23,14.18,16.99,1024,31,3.58,98,98,0.0,Clouds,overcast clouds,9
Biatorbágy,47.480278,18.834444,2026-04-27 10:13:59.202872,16.32,14.9,14.56,16.64,1024,34,2.1,159,98,0.0,Clouds,overcast clouds,9
Herceghalom,47.493611,18.746111,2026-04-27 10:14:00.404467,16.64,15.33,14.81,16.89,1024,37,2.31,162,98,0.0,Clouds,overcast clouds,9
Bicske,47.484167,18.6175,2026-04-27 10:14:01.606370,16.28,14.8,13.88,16.69,1024,32,2.5,156,87,0.0,Clouds,overcast clouds,9
Szár,47.485,18.5275,2026-04-27 10:14:02.809448,16.48,15.02,13.67,16.48,1024,32,2.52,152,80,0.0,Clouds,broken clouds,9
Szárliget,47.518333,18.495833,2026-04-27 10:14:04.016148,16.29,14.81,16.29,16.29,1024,32,2.5,152,80,0.0,Clouds,broken clouds,9
Alsógalla,47.563337,18.425102,2026-04-27 10:14:05.216886,15.39,13.82,15.39,15.39,1024,32,2.44,156,79,0.0,Clouds,broken clouds,9
Tatabánya,47.585556,18.393056,2026-04-27 10:14:06.417338,15.51,13.95,15.51,15.51,1024,32,2.43,159,79,0.0,Clouds,broken clouds,9
Vértesszőlős,47.619444,18.375278,2026-04-27 10:14:07.618713,15.56,14.01,15.56,15.56,1024,32,2.39,161,79,0.0,Clouds,broken clouds,9
Tóvároskert,47.646111,18.348611,2026-04-27 10:14:08.819730,15.61,14.09,15.61,15.61,1024,33,2.39,163,79,0.0,Clouds,broken clouds,9
Tata,47.665,18.3275,2026-04-27 10:14:10.022250,15.62,14.1,15.62,15.62,1024,33,2.35,165,79,0.0,Clouds,broken clouds,9
Almásfüzitő,47.725278,18.262222,2026-04-27 10:14:11.225857,15.81,14.31,15.81,15.81,1024,33,2.39,167,79,0.0,Clouds,broken clouds,9
Almásfüzitő felső,47.731389,18.216389,2026-04-27 10:14:12.426091,15.85,14.38,15.85,15.85,1024,34,2.53,164,79,0.0,Clouds,broken clouds,9
Szőny,47.735556,18.1775,2026-04-27 10:14:13.629758,16.12,14.68,16.12,16.12,1023,34,2.6,163,78,0.0,Clouds,broken clouds,9
Komárom,47.749444,18.113611,2026-04-27 10:14:14.824733,16.13,14.69,16.13,16.13,1023,34,2.66,159,76,0.0,Clouds,broken clouds,9
Ács,47.717222,18.004444,2026-04-27 10:14:16.027204,16.05,14.47,16.05,16.05,1023,29,2.57,0,0,0.0,Clear,clear sky,9
Nagyszentjános,47.705556,17.871389,2026-04-27 10:14:17.227873,16.05,14.47,16.05,16.05,1023,29,2.57,0,0,0.0,Clear,clear sky,9
Győrszentiván,47.688611,17.745556,2026-04-27 10:14:18.435619,16.06,14.48,16.06,16.06,1023,29,2.57,0,0,0.0,Clear,clear sky,9
Győr-Gyárváros,47.684444,17.663889,2026-04-27 10:14:19.632682,16.08,14.5,16.08,16.08,1023,29,2.57,0,0,0.0,Clear,clear sky,9
Győr,47.681944,17.634722,2026-04-27 10:14:20.826923,16.06,14.48,16.06,16.06,1023,29,2.57,0,0,0.0,Clear,clear sky,9
Öttevény,47.719722,17.489167,2026-04-27 10:14:22.027975,16.08,14.68,16.08,16.08,1023,36,1.51,151,56,0.0,Clouds,broken clouds,9
Lébény-Mosonszentmiklós,47.755278,17.426389,2026-04-27 10:14:23.229702,16.37,15.0,16.37,16.37,1023,36,1.87,153,53,0.0,Clouds,broken clouds,9
Kimle-Károlyháza,47.803889,17.342778,2026-04-27 10:14:24.435072,16.39,15.02,16.39,16.39,1023,36,2.1,152,48,0.0,Clouds,scattered clouds,9
Mosonmagyaróvár,47.849722,17.267222,2026-04-27 10:14:25.639562,16.71,15.38,16.71,16.71,1023,36,2.16,153,42,0.0,Clouds,scattered clouds,9
Levél,47.889722,17.1925,2026-04-27 10:14:26.837394,16.68,15.37,16.68,16.68,1023,37,2.07,154,39,0.0,Clouds,scattered clouds,9
Hegyeshalom,47.913889,17.145556,2026-04-27 10:14:28.038001,16.63,15.31,15.01,16.66,1023,37,1.96,154,37,0.0,Clouds,scattered clouds,9
Óbuda,47.568611,19.033889,2026-04-27 10:14:29.240417,15.71,14.12,14.31,17.12,1024,30,3.58,98,100,0.0,Clouds,overcast clouds,9
Üröm,47.580556,19.002222,2026-04-27 10:14:30.443917,15.46,13.84,14.2,17.01,1024,30,3.58,98,100,0.0,Clouds,overcast clouds,9
Solymár,47.596111,18.95,2026-04-27 10:14:31.647728,15.13,13.51,14.02,16.83,1024,31,0.89,76,100,0.0,Clouds,overcast clouds,9
Pilisvörösvár,47.614444,18.902222,2026-04-27 10:14:32.839817,15.04,13.44,14.39,16.48,1024,32,1.85,166,100,0.0,Clouds,overcast clouds,9
Klotildliget,47.637778,18.846389,2026-04-27 10:14:34.031906,15.17,13.58,14.13,16.21,1024,32,2.18,172,100,0.0,Clouds,overcast clouds,9
Kútvölgy,46.459444,20.451944,2026-04-27 10:14:35.240506,12.23,10.29,12.23,12.23,1024,30,2.63,81,100,0.0,Clouds,overcast clouds,9
Székkutas,46.503889,20.541111,2026-04-27 10:14:36.442857,12.21,10.27,12.21,12.21,1024,30,2.63,80,100,0.0,Clouds,overcast clouds,9
Kaposszentjakab,46.358056,17.821944,2026-04-27 10:14:37.642997,15.16,13.78,15.16,15.16,1023,40,2.75,97,99,0.0,Clouds,overcast clouds,9
Kaposvár,46.352778,17.795,2026-04-27 10:14:38.838547,15.07,13.68,15.07,15.07,1023,40,2.79,97,98,0.0,Clouds,overcast clouds,9
Kaposújlak,46.366667,17.715,2026-04-27 10:14:40.033831,15.36,13.97,15.36,15.36,1023,39,2.86,100,97,0.0,Clouds,overcast clouds,9
Kaposmérő,46.365278,17.698889,2026-04-27 10:14:41.238307,15.4,14.01,15.4,15.4,1023,39,2.86,101,97,0.0,Clouds,overcast clouds,9
Kaposfő,46.364167,17.656667,2026-04-27 10:14:42.439697,15.47,14.06,15.47,15.47,1023,38,2.84,102,97,0.0,Clouds,overcast clouds,9
Kiskorpád,46.361389,17.606667,2026-04-27 10:14:43.632742,15.51,14.11,15.51,15.51,1023,38,2.82,102,96,0.0,Clouds,overcast clouds,9
Jákó-Nagybajom,46.344444,17.554444,2026-04-27 10:14:44.829801,15.71,14.3,15.71,15.71,1023,37,2.74,102,97,0.0,Clouds,overcast clouds,9
Kutas,46.326111,17.453889,2026-04-27 10:14:46.036733,16.03,14.65,16.03,16.03,1023,37,2.72,102,97,0.0,Clouds,overcast clouds,9
Beleg,46.316944,17.420556,2026-04-27 10:14:47.246007,16.1,14.73,16.1,16.1,1023,37,2.76,100,98,0.0,Clouds,overcast clouds,9
Ötvöskónyi,46.292778,17.358056,2026-04-27 10:14:48.454724,16.08,14.74,16.08,16.08,1023,38,2.83,99,98,0.0,Clouds,overcast clouds,9
Somogyszob,46.289167,17.305556,2026-04-27 10:14:49.652999,16.0,14.67,16.0,16.0,1023,39,2.89,98,98,0.0,Clouds,overcast clouds,9
Bolhás,46.282222,17.275278,2026-04-27 10:14:50.859087,15.95,14.65,15.95,15.95,1023,40,2.96,97,98,0.0,Clouds,overcast clouds,9
Szenta,46.274167,17.182222,2026-04-27 10:14:52.053841,16.01,14.71,16.01,16.01,1023,40,3.06,97,99,0.0,Clouds,overcast clouds,9
Zrínyitelep,46.275278,17.138056,2026-04-27 10:14:53.258953,16.03,14.73,16.03,16.03,1023,40,3.1,96,99,0.0,Clouds,overcast clouds,9
Csurgó,46.261111,17.091667,2026-04-27 10:14:54.461731,16.22,14.94,16.22,16.22,1023,40,3.15,97,99,0.0,Clouds,overcast clouds,9
Gyékényes,46.249167,16.956389,2026-04-27 10:14:55.656028,16.23,14.98,16.23,16.23,1023,41,3.21,96,97,0.0,Clouds,overcast clouds,9
Adony,47.106111,18.847778,2026-04-27 10:14:56.856036,15.44,13.85,15.44,15.44,1024,31,2.17,122,91,0.0,Clouds,overcast clouds,9
Kulcs,47.051111,18.8975,2026-04-27 10:14:58.051127,15.14,13.49,15.14,15.14,1024,30,2.16,119,95,0.0,Clouds,overcast clouds,9
Rácalmás,47.023333,18.908889,2026-04-27 10:14:59.261003,15.09,13.44,15.09,15.09,1024,30,2.17,119,96,0.0,Clouds,overcast clouds,9
Dunaújváros,46.960556,18.913889,2026-04-27 10:15:00.462710,15.12,13.47,15.12,15.12,1024,30,2.23,121,96,0.0,Clouds,overcast clouds,9
Újvenyim,46.936944,18.868889,2026-04-27 10:15:01.659148,15.22,13.58,15.22,15.22,1024,30,2.3,124,95,0.0,Clouds,overcast clouds,9
Mezőfalva,46.905556,18.810278,2026-04-27 10:15:02.857250,15.25,13.64,15.25,15.25,1024,31,2.42,127,94,0.0,Clouds,overcast clouds,9
Nagykarácsony felső,46.866047,18.783064,2026-04-27 10:15:04.059647,15.38,13.78,15.38,15.38,1024,31,2.57,130,93,0.0,Clouds,overcast clouds,9
Nagykarácsony,46.848729,18.765722,2026-04-27 10:15:05.264520,15.22,13.61,15.22,15.22,1024,31,2.67,133,92,0.0,Clouds,overcast clouds,9
Alap,46.831944,18.657778,2026-04-27 10:15:06.472150,15.54,13.96,15.54,15.54,1024,31,2.8,136,94,0.0,Clouds,overcast clouds,9
Cece,46.773333,18.623333,2026-04-27 10:15:07.673947,15.58,14.03,15.58,15.58,1024,32,2.93,139,94,0.0,Clouds,overcast clouds,9
Vajta,46.713611,18.648056,2026-04-27 10:15:08.881209,15.46,13.92,15.46,15.46,1024,33,2.88,141,93,0.0,Clouds,overcast clouds,9
Rétszilas alsó,46.829167,18.639444,2026-04-27 10:15:10.089336,15.54,13.96,15.54,15.54,1024,31,2.8,136,94,0.0,Clouds,overcast clouds,9
Nagydorog,46.615485,18.65002,2026-04-27 10:15:11.292512,15.26,13.76,15.26,15.26,1024,35,2.66,139,95,0.0,Clouds,overcast clouds,9
Tengelic,46.516111,18.695278,2026-04-27 10:15:12.489961,14.8,13.3,14.8,14.8,1024,37,2.36,131,100,0.0,Clouds,overcast clouds,9
Fácánkert,46.449041,18.735661,2026-04-27 10:15:13.684184,14.63,13.17,14.63,14.63,1024,39,2.32,122,100,0.0,Clouds,overcast clouds,9
Tolna-Mözs,46.416389,18.750556,2026-04-27 10:15:14.882100,14.71,13.23,14.71,14.71,1024,38,2.34,121,100,0.0,Clouds,overcast clouds,9
Szekszárd-Palánk,46.38027777777778,18.72833333333333,2026-04-27 10:15:16.079689,14.6,13.16,14.6,14.6,1024,40,2.41,114,100,0.0,Clouds,overcast clouds,9
Szekszárd,46.349444,18.7125,2026-04-27 10:15:17.278481,14.56,13.12,14.56,14.56,1024,40,2.48,110,100,0.0,Clouds,overcast clouds,9
Őcsény,46.318889,18.7425,2026-04-27 10:15:18.487108,14.69,13.23,14.69,14.69,1024,39,2.6,104,100,0.0,Clouds,overcast clouds,9
Decs,46.283889,18.756111,2026-04-27 10:15:19.680537,14.72,13.27,14.72,14.72,1024,39,2.69,101,100,0.0,Clouds,overcast clouds,9
Csikóstőttős,46.337222,18.152778,2026-04-27 10:15:20.870626,15.03,13.61,15.03,15.03,1023,39,2.85,99,100,0.0,Clouds,overcast clouds,9
Mágocs-Alsómocsolád,46.31027777777778,18.222222222222225,2026-04-27 10:15:22.063237,14.39,12.93,14.39,14.39,1023,40,3.01,101,100,0.0,Clouds,overcast clouds,9
Szalatnak,46.284444444444446,18.288611111111113,2026-04-27 10:15:23.270753,14.45,13.02,14.45,14.45,1023,41,3.2,102,100,0.0,Clouds,overcast clouds,9
Máza-Szászvár,46.279167,18.411389,2026-04-27 10:15:24.473142,14.23,12.78,14.23,14.23,1024,41,3.18,102,100,0.0,Clouds,overcast clouds,9
Váralja,46.281667,18.436111,2026-04-27 10:15:25.666974,14.2,12.77,14.2,14.2,1024,42,3.09,101,100,0.0,Clouds,overcast clouds,9
Nagymányok,46.280278,18.459167,2026-04-27 10:15:26.860948,14.2,12.77,14.2,14.2,1024,42,3.09,101,100,0.0,Clouds,overcast clouds,9
Hidas-Bonyhád,46.269444,18.523333,2026-04-27 10:15:28.053417,14.07,12.63,14.07,14.07,1024,42,2.98,100,100,0.0,Clouds,overcast clouds,9
Mőcsény,46.2575,18.591944,2026-04-27 10:15:29.258205,13.9,12.44,13.9,13.9,1024,42,2.93,97,100,0.0,Clouds,overcast clouds,9
Bátaszék,46.202222,18.715556,2026-04-27 10:15:30.458651,14.74,13.31,14.74,14.74,1024,40,2.98,92,100,0.0,Clouds,overcast clouds,9
Pörböly,46.199167,18.826389,2026-04-27 10:15:31.658166,14.89,13.43,14.89,14.89,1024,38,2.86,93,100,0.0,Clouds,overcast clouds,9
Orosháza,46.566111,20.664722,2026-04-27 10:15:32.850904,15.21,13.54,15.21,15.21,1024,29,2.65,75,100,0.0,Clouds,overcast clouds,9
Orosházi tanyák,46.596944,20.760556,2026-04-27 10:15:34.070927,15.16,13.49,15.16,15.16,1024,29,2.64,70,100,0.0,Clouds,overcast clouds,9
Csorvás,46.623611,20.840833,2026-04-27 10:15:35.263151,15.12,13.44,15.12,15.12,1024,29,2.61,68,100,0.0,Clouds,overcast clouds,9
Csorvás alsó,46.634722,20.888333,2026-04-27 10:15:36.477309,15.13,13.46,15.13,15.13,1024,29,2.61,66,100,0.0,Clouds,overcast clouds,9
Telekgerendás,46.656111,20.963889,2026-04-27 10:15:37.669074,15.09,13.41,15.09,15.09,1024,29,2.56,62,100,0.0,Clouds,overcast clouds,9
Fürjes,46.67214,21.02306,2026-04-27 10:15:38.863737,15.07,13.36,15.07,15.07,1024,28,2.54,59,100,0.0,Clouds,overcast clouds,9
Fényes,46.659876,21.16618,2026-04-27 10:15:40.062437,15.08,13.37,15.08,15.08,1024,28,2.57,52,100,0.0,Clouds,overcast clouds,9
Bicere,46.66,21.179444,2026-04-27 10:15:41.260393,15.05,13.34,15.05,15.05,1024,28,2.58,51,100,0.0,Clouds,overcast clouds,9
Gyula,46.656389,21.273333,2026-04-27 10:15:42.462537,15.02,13.31,15.02,15.02,1024,28,2.57,45,99,0.0,Clouds,overcast clouds,9
József Szanatórium,46.704722,21.3325,2026-04-27 10:15:43.673126,14.99,13.25,14.99,14.99,1024,27,2.54,43,98,0.0,Clouds,overcast clouds,9
Sarkadi Cukorgyár,46.73,21.383611,2026-04-27 10:15:44.878076,14.96,13.22,14.96,14.96,1024,27,2.53,39,97,0.0,Clouds,overcast clouds,9
Sarkad,46.736944,21.402222,2026-04-27 10:15:46.079503,14.94,13.17,14.94,14.94,1024,26,2.53,36,96,0.0,Clouds,overcast clouds,9
Kötegyán,46.758333,21.479722,2026-04-27 10:15:47.278455,14.91,13.14,14.91,14.91,1024,26,2.54,32,94,0.0,Clouds,overcast clouds,9
Méhkerék,46.774444,21.455556,2026-04-27 10:15:48.495449,14.88,13.1,14.88,14.88,1024,26,2.55,35,95,0.0,Clouds,overcast clouds,9
Sarkadkeresztúr,46.823611,21.4175,2026-04-27 10:15:49.697852,14.85,13.07,14.85,14.85,1024,26,2.56,38,96,0.0,Clouds,overcast clouds,9
Okány,46.8925,21.339167,2026-04-27 10:15:50.892731,14.7,12.9,14.7,14.7,1024,26,2.55,47,98,0.0,Clouds,overcast clouds,9
Újszeged,46.242222,20.16,2026-04-27 10:15:52.094804,15.08,13.45,15.08,15.08,1024,31,2.84,85,100,0.0,Clouds,overcast clouds,9
Szőreg,46.211389,20.183056,2026-04-27 10:15:53.302573,15.07,13.47,15.07,15.07,1023,32,2.8,86,100,0.0,Clouds,overcast clouds,9
Deszk,46.210278,20.246389,2026-04-27 10:15:54.504456,15.08,13.48,15.08,15.08,1023,32,2.76,85,100,0.0,Clouds,overcast clouds,9
Kiszombor,46.191944,20.413056,2026-04-27 10:15:55.707878,15.7,14.16,15.7,15.7,1024,32,2.49,83,100,0.0,Clouds,overcast clouds,9
Kiszombor megálló,46.191111,20.430833,2026-04-27 10:15:56.904835,15.7,14.16,15.7,15.7,1024,32,2.49,83,100,0.0,Clouds,overcast clouds,9
Makó,46.204722,20.474722,2026-04-27 10:15:58.122371,15.66,14.12,15.66,15.66,1024,32,2.42,83,100,0.0,Clouds,overcast clouds,9
Apátfalva,46.175193,20.580611,2026-04-27 10:15:59.319802,15.66,14.12,15.66,15.66,1024,32,2.08,83,100,0.0,Clouds,overcast clouds,9
Magyarcsanád,46.174444,20.610278,2026-04-27 10:16:00.525779,15.65,14.11,15.65,15.65,1024,32,2.01,83,100,0.0,Clouds,overcast clouds,9
Nagylak,46.17,20.708333,2026-04-27 10:16:01.720134,16.77,15.34,16.77,16.77,1024,32,1.79,78,100,0.0,Clouds,overcast clouds,9
Nagylaki Kendergyár,46.189167,20.717222,2026-04-27 10:16:02.929858,16.76,15.3,16.76,16.76,1024,31,1.91,75,100,0.0,Clouds,overcast clouds,9
Csanádpalota,46.236111,20.7325,2026-04-27 10:16:04.129463,16.75,15.29,16.75,16.75,1024,31,2.03,73,100,0.0,Clouds,overcast clouds,9
Mezőhegyes,46.310833,20.815556,2026-04-27 10:16:05.320531,16.69,15.22,16.69,16.69,1024,31,2.32,67,99,0.0,Clouds,overcast clouds,9
Végegyháza,46.384444,20.878611,2026-04-27 10:16:06.521455,16.71,15.22,16.71,16.71,1024,30,2.54,63,100,0.0,Clouds,overcast clouds,9
Mezőkovácsháza,46.408333,20.9,2026-04-27 10:16:07.719541,16.71,15.22,16.71,16.71,1024,30,2.59,63,100,0.0,Clouds,overcast clouds,9
Mezőkovácsháza felső,46.415556,20.918056,2026-04-27 10:16:08.913745,16.72,15.23,16.72,16.72,1024,30,2.57,60,100,0.0,Clouds,overcast clouds,9
Magyarbánhegyes,46.451389,20.97,2026-04-27 10:16:10.115913,15.28,13.65,15.28,15.28,1024,30,2.61,59,100,0.0,Clouds,overcast clouds,9
Medgyesegyháza,46.495278,21.029167,2026-04-27 10:16:11.316749,15.18,13.54,15.18,15.18,1024,30,2.66,57,100,0.0,Clouds,overcast clouds,9
Bánkút,46.505278,21.091944,2026-04-27 10:16:12.520053,15.15,13.5,15.15,15.15,1024,30,2.65,54,100,0.0,Clouds,overcast clouds,9
Belsőperegpuszta,46.321111,20.916667,2026-04-27 10:16:13.719663,16.69,15.2,16.69,16.69,1024,30,2.24,60,99,0.0,Clouds,overcast clouds,9
Battonya,46.282222,21.003889,2026-04-27 10:16:14.920676,16.69,17.03,16.04,16.69,1024,100,2.09,57,99,0.0,Clouds,overcast clouds,9
Baja-Dunafürdő,46.193333,18.919167,2026-04-27 10:16:16.122330,14.97,13.49,14.97,14.97,1024,37,2.79,95,100,0.0,Clouds,overcast clouds,9
Kaposszekcső,46.330556,18.143056,2026-04-27 10:16:17.320482,15.03,13.61,15.03,15.03,1023,39,2.85,99,100,0.0,Clouds,overcast clouds,9
Vásárosdombó,46.310556,18.138889,2026-04-27 10:16:18.520929,14.94,13.51,14.94,14.94,1023,39,2.78,98,100,0.0,Clouds,overcast clouds,9
Sásd,46.257222,18.104722,2026-04-27 10:16:19.713989,14.9,13.46,14.9,14.9,1023,39,2.59,95,100,0.0,Clouds,overcast clouds,9
Godisa,46.223333,18.104722,2026-04-27 10:16:20.905983,15.4,14.04,15.4,15.4,1023,40,2.61,94,100,0.0,Clouds,overcast clouds,9
Abaliget,46.152778,18.073611,2026-04-27 10:16:22.113597,15.01,13.64,15.01,15.01,1023,41,2.7,93,100,0.0,Clouds,overcast clouds,9
Hetvehely,46.128333,18.045,2026-04-27 10:16:23.305871,15.2,13.87,15.2,15.2,1023,42,2.81,93,100,0.0,Clouds,overcast clouds,9
Bükkösd,46.113056,17.999444,2026-04-27 10:16:24.507043,15.36,14.05,15.36,15.36,1023,42,2.77,94,100,0.0,Clouds,overcast clouds,9
Cserdi-Helesfa,46.086667,17.987778,2026-04-27 10:16:25.706123,15.44,14.16,15.44,15.44,1023,43,2.95,95,100,0.0,Clouds,overcast clouds,9
Szentlőrinc,46.033333,17.990833,2026-04-27 10:16:26.910021,15.5,13.97,15.5,15.5,1023,33,3.09,90,0,0.0,Clear,clear sky,9
Bicsérd,46.041389,18.057778,2026-04-27 10:16:28.119419,15.41,13.87,15.41,15.41,1023,33,3.09,90,0,0.0,Clear,clear sky,9
Mecsekalja-Cserkút,46.059722,18.150278,2026-04-27 10:16:29.319984,15.54,14.01,15.54,15.54,1023,33,3.09,90,0,0.0,Clear,clear sky,9
Pécs,46.065833,18.223611,2026-04-27 10:16:30.534917,15.46,13.92,15.46,15.93,1023,33,3.09,90,0,0.0,Clear,clear sky,9
Pécs-Külváros,46.071667,18.24,2026-04-27 10:16:31.751414,15.43,13.89,15.43,15.91,1023,33,3.09,90,0,0.0,Clear,clear sky,9
Pécsbánya-Rendező,46.063333,18.270278,2026-04-27 10:16:32.952744,15.28,13.73,15.28,15.75,1023,33,3.09,90,0,0.0,Clear,clear sky,9
Pécsudvard,46.01,18.275556,2026-04-27 10:16:34.166587,15.21,13.65,15.21,15.68,1023,33,3.09,90,0,0.0,Clear,clear sky,9
Szőkéd,45.9675,18.29,2026-04-27 10:16:35.358073,15.39,13.85,15.39,15.86,1023,33,3.09,90,0,0.0,Clear,clear sky,9
Áta,45.936389,18.306944,2026-04-27 10:16:36.569897,15.49,13.96,15.49,15.97,1023,33,3.09,90,0,0.0,Clear,clear sky,9
Kistótfalu,45.909722,18.315278,2026-04-27 10:16:37.767748,15.53,14.0,15.53,16.01,1023,33,3.09,90,0,0.0,Clear,clear sky,9
Vokány,45.899722,18.334722,2026-04-27 10:16:38.969794,15.97,14.67,15.49,15.97,1023,40,3.09,90,0,0.0,Clear,clear sky,9
Palkonya,45.891667,18.393889,2026-04-27 10:16:40.171928,15.99,14.69,15.52,15.99,1023,40,3.09,90,0,0.0,Clear,clear sky,9
Villánykövesd,45.879722,18.425833,2026-04-27 10:16:41.366068,15.95,14.65,15.48,15.95,1023,40,3.09,90,0,0.0,Clear,clear sky,9
Villány,45.8775,18.451389,2026-04-27 10:16:42.571354,16.08,14.79,15.6,16.08,1023,40,1.34,35,100,0.0,Clouds,overcast clouds,9
Magyarbóly,45.834167,18.491944,2026-04-27 10:16:43.769045,16.13,14.84,15.66,16.13,1023,40,1.34,35,100,0.0,Clouds,overcast clouds,9
Magyarszék,46.210278,18.188056,2026-04-27 10:16:44.966230,15.25,13.87,15.25,15.25,1023,40,2.91,96,100,0.0,Clouds,overcast clouds,9
Mecsekpölöske,46.224167,18.213056,2026-04-27 10:16:46.179231,15.07,13.68,15.07,15.07,1023,40,2.98,98,100,0.0,Clouds,overcast clouds,9
Mecsekjánosi,46.215278,18.241944,2026-04-27 10:16:47.371107,15.06,13.69,15.06,15.06,1023,41,3.16,99,100,0.0,Clouds,overcast clouds,9
Komló,46.189167,18.265278,2026-04-27 10:16:48.574453,14.75,13.35,14.75,14.75,1023,41,3.18,98,100,0.0,Clouds,overcast clouds,9
Királyegyháza-Rigópuszta,45.989167,17.971667,2026-04-27 10:16:49.767250,15.58,14.39,15.58,15.58,1023,46,3.63,101,100,0.0,Clouds,overcast clouds,9
Sumony,45.960833,17.913333,2026-04-27 10:16:50.961937,15.61,14.45,15.61,15.61,1023,47,3.75,105,100,0.0,Clouds,overcast clouds,9
Okorág-Kárászpuszta,45.933611,17.864444,2026-04-27 10:16:52.170533,15.62,14.49,15.62,15.62,1023,48,3.84,106,100,0.0,Clouds,overcast clouds,9
Kákics,45.904167,17.8525,2026-04-27 10:16:53.365717,15.51,14.4,15.51,15.51,1023,49,3.91,106,100,0.0,Clouds,overcast clouds,9
Bóly,45.9375,18.538333,2026-04-27 10:16:54.577469,15.9,14.59,15.43,15.9,1023,40,1.34,35,100,0.0,Clouds,overcast clouds,9
Mohács,46.0025,18.683333,2026-04-27 10:16:55.775216,16.17,14.91,16.17,16.17,1023,41,3.22,84,100,0.0,Clouds,overcast clouds,9
Sellye,45.873333,17.858889,2026-04-27 10:16:56.965128,15.54,14.43,15.54,15.54,1023,49,3.95,106,100,0.0,Clouds,overcast clouds,9
Toponár,46.398333,17.840833,2026-04-27 10:16:58.175570,15.09,13.7,15.09,15.09,1023,40,2.91,99,98,0.0,Clouds,overcast clouds,9
Somogyaszaló,46.453611,17.840278,2026-04-27 10:16:59.371757,15.06,13.67,15.06,15.06,1023,40,3.23,104,96,0.0,Clouds,overcast clouds,9
Mernye,46.509444,17.832222,2026-04-27 10:17:00.577654,15.31,13.91,15.31,15.31,1023,39,3.57,109,92,0.0,Clouds,overcast clouds,9
Felsőmocsolád,46.556389,17.8225,2026-04-27 10:17:01.770821,15.22,13.82,15.22,15.22,1023,39,3.62,111,91,0.0,Clouds,overcast clouds,9
Kisbárapáti,46.615,17.866667,2026-04-27 10:17:02.962996,15.17,13.73,15.17,15.17,1023,38,3.53,116,85,0.0,Clouds,overcast clouds,9
Bonnya,46.611389,17.909167,2026-04-27 10:17:04.164903,15.41,14.0,15.41,15.41,1023,38,3.61,115,86,0.0,Clouds,overcast clouds,9
Andocs,46.646944,17.8925,2026-04-27 10:17:05.356323,14.99,13.54,14.99,14.99,1023,38,3.44,118,83,0.0,Clouds,broken clouds,9
Karád,46.681111,17.874722,2026-04-27 10:17:06.561231,14.13,12.56,14.13,14.13,1023,37,3.35,120,81,0.0,Clouds,broken clouds,9
Somogymeggyes,46.720556,17.920556,2026-04-27 10:17:07.758853,13.71,12.08,13.71,13.71,1023,36,3.19,125,76,0.0,Clouds,broken clouds,9
Kapoly,46.713611,17.977778,2026-04-27 10:17:08.956636,13.99,12.38,13.99,13.99,1023,36,3.36,125,77,0.0,Clouds,broken clouds,9
Tab,46.734167,18.041111,2026-04-27 10:17:10.162805,14.15,12.53,14.15,14.15,1023,35,3.29,128,76,0.0,Clouds,broken clouds,9
Bábonymegyer,46.746095,18.109921,2026-04-27 10:17:11.362205,14.26,12.66,14.26,14.26,1023,35,3.3,131,81,0.0,Clouds,broken clouds,9
Daránypuszta,46.764722,18.143889,2026-04-27 10:17:12.576032,14.28,12.65,14.28,14.28,1023,34,3.23,134,82,0.0,Clouds,broken clouds,9
Som-Nagyberény,46.803056,18.149444,2026-04-27 10:17:13.772485,14.27,12.64,14.27,14.27,1023,34,3.09,137,80,0.0,Clouds,broken clouds,9
Ádánd,46.854444,18.141667,2026-04-27 10:17:14.964916,14.39,12.77,14.39,14.39,1023,34,2.91,139,80,0.0,Clouds,broken clouds,9
Siójut,46.879444,18.126667,2026-04-27 10:17:16.179681,14.38,12.76,14.38,14.38,1023,34,2.82,140,79,0.0,Clouds,broken clouds,9
Kapostüskevár,46.367778,17.774167,2026-04-27 10:17:17.372140,15.29,13.92,15.29,15.29,1023,40,2.83,98,98,0.0,Clouds,overcast clouds,9
Kaposfüred,46.415,17.759444,2026-04-27 10:17:18.578460,15.21,13.83,15.21,15.21,1023,40,3.12,103,96,0.0,Clouds,overcast clouds,9
Várda,46.4625,17.721667,2026-04-27 10:17:19.781774,15.29,13.89,15.29,15.29,1023,39,3.3,107,93,0.0,Clouds,overcast clouds,9
Somogyjád,46.490833,17.694444,2026-04-27 10:17:20.980639,15.51,14.11,15.51,15.51,1023,38,3.31,109,92,0.0,Clouds,overcast clouds,9
Osztopán,46.515556,17.656944,2026-04-27 10:17:22.190771,15.59,14.2,15.59,15.59,1023,38,3.28,110,90,0.0,Clouds,overcast clouds,9
Pamuk,46.553127,17.636412,2026-04-27 10:17:23.385993,15.72,14.34,15.72,15.72,1023,38,3.28,111,89,0.0,Clouds,overcast clouds,9
Somogyvár,46.580556,17.634722,2026-04-27 10:17:24.592666,15.75,14.37,15.75,15.75,1023,38,3.26,111,89,0.0,Clouds,overcast clouds,9
Öreglak,46.608607,17.632733,2026-04-27 10:17:25.794887,15.76,14.38,15.76,15.76,1023,38,3.21,112,88,0.0,Clouds,overcast clouds,9
Tatárvár,46.636667,17.621111,2026-04-27 10:17:26.986170,15.69,14.31,15.69,15.69,1023,38,3.09,111,87,0.0,Clouds,overcast clouds,9
Lengyeltóti,46.660556,17.613611,2026-04-27 10:17:28.197236,15.8,14.43,15.8,15.8,1023,38,3.02,112,85,0.0,Clouds,overcast clouds,9
Pusztaberény,46.686111,17.594722,2026-04-27 10:17:29.390929,15.94,14.58,15.94,15.94,1023,38,2.97,112,84,0.0,Clouds,broken clouds,9
Örkény,47.132778,19.447222,2026-04-27 10:17:30.591745,14.94,13.25,14.94,14.94,1024,29,2.14,109,100,0.0,Clouds,overcast clouds,9
Táborfalva,47.098545,19.479318,2026-04-27 10:17:31.786473,14.88,13.18,14.88,14.88,1024,29,2.21,107,100,0.0,Clouds,overcast clouds,9
Felsőlajos,47.068834,19.498415,2026-04-27 10:17:32.979535,14.87,13.17,14.87,14.87,1024,29,2.26,106,100,0.0,Clouds,overcast clouds,9
Lajosmizse,47.028333,19.542778,2026-04-27 10:17:34.179870,14.84,13.03,14.84,14.84,1024,25,3.6,0,0,0.0,Clear,clear sky,9
Lajosmizse alsó,47.0225,19.550278,2026-04-27 10:17:35.383744,14.85,13.04,14.85,14.85,1024,25,3.6,0,0,0.0,Clear,clear sky,9
Klábertelep,47.005556,19.551667,2026-04-27 10:17:36.593794,14.86,13.05,14.86,14.86,1024,25,3.6,0,0,0.0,Clear,clear sky,9
Méntelek,46.978611,19.570833,2026-04-27 10:17:37.785996,14.9,13.1,14.9,14.9,1024,25,3.6,0,0,0.0,Clear,clear sky,9
Hetényegyháza,46.930833,19.595,2026-04-27 10:17:38.984466,14.92,13.12,14.92,14.92,1024,25,3.6,0,0,0.0,Clear,clear sky,9
Kecskemét-Máriaváros,46.901192,19.675913,2026-04-27 10:17:40.192782,14.97,13.18,14.97,17.64,1024,25,3.6,0,0,0.0,Clear,clear sky,9
Nyársapát,47.100278,19.7925,2026-04-27 10:17:41.386716,15.2,13.53,14.99,17.16,1024,29,2.28,100,100,0.0,Clouds,overcast clouds,9
Nagykőrös,47.038333,19.76,2026-04-27 10:17:42.589649,14.97,13.18,14.97,17.02,1024,25,3.6,0,0,0.0,Clear,clear sky,9
Katonatelep,46.963056,19.718889,2026-04-27 10:17:43.786386,14.94,13.14,14.94,14.94,1024,25,3.6,0,0,0.0,Clear,clear sky,9
Kecskemét,46.913889,19.700833,2026-04-27 10:17:44.982762,14.97,13.18,14.97,17.64,1024,25,3.6,0,0,0.0,Clear,clear sky,9
Városföld,46.816667,19.753333,2026-04-27 10:17:46.189415,15.03,13.24,15.03,17.7,1024,25,3.6,0,0,0.0,Clear,clear sky,9
Kiskunfélegyháza,46.7067,19.83474,2026-04-27 10:17:47.383188,17.75,16.29,15.08,17.75,1024,27,2.78,105,100,0.0,Clouds,overcast clouds,9
Petőfiszállás,46.617374,19.865229,2026-04-27 10:17:48.585842,17.79,16.33,17.79,17.79,1024,27,2.81,106,100,0.0,Clouds,overcast clouds,9
Csengele,46.538321,19.909008,2026-04-27 10:17:49.778466,17.78,16.32,14.97,17.78,1024,27,2.82,103,100,0.0,Clouds,overcast clouds,9
Kistelek,46.466944,19.966944,2026-04-27 10:17:50.975780,15.03,13.42,15.03,17.83,1024,32,2.87,99,100,0.0,Clouds,overcast clouds,9
Balástya,46.413333,20.001389,2026-04-27 10:17:52.182768,15.03,13.42,15.03,15.03,1024,32,2.89,95,100,0.0,Clouds,overcast clouds,9
Szatymaz,46.345621,20.04374,2026-04-27 10:17:53.376243,15.05,13.45,15.05,15.05,1024,32,2.24,92,100,0.0,Clouds,overcast clouds,9
Kiskundorozsma,46.271667,20.090556,2026-04-27 10:17:54.580974,15.08,13.48,15.08,15.08,1024,32,2.89,86,100,0.0,Clouds,overcast clouds,9
Szeged,46.239722,20.143056,2026-04-27 10:17:55.779843,15.06,13.46,15.06,15.06,1024,32,2.83,85,100,0.0,Clouds,overcast clouds,9
Alsóúrrét,46.898392,19.779891,2026-04-27 10:17:56.970601,15.01,13.22,15.01,17.69,1024,25,3.6,0,0,0.0,Clear,clear sky,9
Nyárlőrinc,46.87,19.851389,2026-04-27 10:17:58.182841,15.05,13.26,15.05,17.72,1024,25,3.6,0,0,0.0,Clear,clear sky,9
Világoshegy,46.855278,19.940278,2026-04-27 10:17:59.382691,15.08,13.3,15.08,17.75,1024,25,3.6,0,0,0.0,Clear,clear sky,9
Szikra,46.858333,19.975,2026-04-27 10:18:00.583789,16.39,14.76,15.08,17.76,1024,26,3.6,0,0,0.0,Clear,clear sky,9
Lakitelek,46.873056,20.003611,2026-04-27 10:18:01.781836,16.22,14.55,15.13,17.81,1024,25,3.6,0,0,0.0,Clear,clear sky,9
Tiszaug,46.850556,20.074167,2026-04-27 10:18:02.973414,17.52,16.06,15.2,17.88,1024,28,2.86,93,100,0.0,Clouds,overcast clouds,9
Tiszasas,46.826389,20.089167,2026-04-27 10:18:04.175749,17.86,16.43,15.18,17.86,1024,28,2.86,93,100,0.0,Clouds,overcast clouds,9
Csépa,46.8125,20.134722,2026-04-27 10:18:05.376373,12.21,10.56,12.21,17.86,1024,41,2.88,92,100,0.0,Clouds,overcast clouds,9
Szelevény,46.811944,20.196389,2026-04-27 10:18:06.586494,12.22,10.57,12.22,17.86,1024,41,2.87,91,100,0.0,Clouds,overcast clouds,9
Gátér,46.685,19.9625,2026-04-27 10:18:07.780823,17.86,16.41,12.21,17.86,1024,27,2.82,101,100,0.0,Clouds,overcast clouds,9
Kónyaszék,46.699931,20.074299,2026-04-27 10:18:08.984134,12.23,10.58,12.23,17.87,1024,41,2.87,96,100,0.0,Clouds,overcast clouds,9
Csongrád,46.704444,20.140556,2026-04-27 10:18:10.185170,12.23,10.58,12.23,17.88,1024,41,2.86,94,100,0.0,Clouds,overcast clouds,9
Hékéd,46.675,20.266667,2026-04-27 10:18:11.381915,12.23,10.58,12.23,12.23,1024,41,3.58,79,100,0.0,Clouds,overcast clouds,9
Fábiánsebestyén,46.670278,20.456667,2026-04-27 10:18:12.587859,12.22,10.57,12.22,12.22,1024,41,2.7,83,100,0.0,Clouds,overcast clouds,9
Gádoros,46.656711,20.588157,2026-04-27 10:18:13.782587,12.21,10.24,12.21,12.21,1024,29,2.64,79,100,0.0,Clouds,overcast clouds,9
Justhmajor,46.62,20.615833,2026-04-27 10:18:14.979022,12.21,10.24,12.21,12.21,1024,29,2.64,77,100,0.0,Clouds,overcast clouds,9
Szentetornya,46.590964,20.628334,2026-04-27 10:18:16.184457,12.2,10.23,12.2,12.2,1024,29,2.65,77,100,0.0,Clouds,overcast clouds,9
Gyopárosfürdő,46.567784,20.630662,2026-04-27 10:18:17.386974,12.19,10.22,12.19,12.19,1024,29,2.65,75,100,0.0,Clouds,overcast clouds,9
Szabadságliget,47.626123,18.893481,2026-04-27 10:18:18.597091,13.78,12.05,13.55,15.9,1024,32,0.89,76,100,0.0,Clouds,overcast clouds,9
Röszke,46.19261,20.03055,2026-04-27 10:18:19.794395,15.08,13.48,15.08,15.08,1024,32,2.75,89,99,0.0,Clouds,overcast clouds,9
Tószeg,47.098056,20.138333,2026-04-27 10:18:20.987031,17.23,15.79,15.02,17.23,1024,30,2.57,0,0,0.0,Clear,clear sky,9
Tiszavárkony,47.059444,20.143056,2026-04-27 10:18:22.189780,17.23,15.79,15.03,17.23,1024,30,2.57,0,0,0.0,Clear,clear sky,9
Tiszajenő-Vezseny,47.036319,20.142415,2026-04-27 10:18:23.384573,17.23,15.79,15.03,17.23,1024,30,2.57,0,0,0.0,Clear,clear sky,9
Újbög,46.962222,20.093889,2026-04-27 10:18:24.586861,16.73,15.24,14.99,17.19,1024,30,2.64,92,100,0.0,Clouds,overcast clouds,9
Tiszakécske,46.937512,20.082016,2026-04-27 10:18:25.788149,17.09,15.64,15.0,17.21,1024,30,2.7,92,100,0.0,Clouds,overcast clouds,9
Kerekdomb,46.906944,20.052778,2026-04-27 10:18:26.983489,16.42,14.85,14.99,17.83,1024,28,2.75,93,100,0.0,Clouds,overcast clouds,9
Tiszaalpár,46.818611,19.982778,2026-04-27 10:18:28.184632,17.8,16.34,15.12,17.8,1024,27,2.85,96,100,0.0,Clouds,overcast clouds,9
Tiszaalpár alsó,46.790897,19.951409,2026-04-27 10:18:29.383990,17.8,16.34,15.12,17.8,1024,27,2.83,98,100,0.0,Clouds,overcast clouds,9
Tiszatenyő,47.134167,20.3725,2026-04-27 10:18:30.585420,15.02,13.26,15.02,17.23,1024,26,2.57,0,0,0.0,Clear,clear sky,9
Pusztapó,47.091667,20.458333,2026-04-27 10:18:31.779250,15.03,13.27,15.03,17.23,1024,26,2.57,0,0,0.0,Clear,clear sky,9
Kétpó,47.076944,20.487778,2026-04-27 10:18:32.983818,15.03,13.27,15.03,17.23,1024,26,2.57,0,0,0.0,Clear,clear sky,9
Mezőtúr,47.0125,20.622778,2026-04-27 10:18:34.192883,15.01,13.32,15.01,15.01,1024,29,2.29,78,100,0.0,Clouds,overcast clouds,9
Nagylapos,46.974167,20.750556,2026-04-27 10:18:35.387812,15.01,13.3,15.01,15.01,1024,28,2.41,70,100,0.0,Clouds,overcast clouds,9
Gyoma,46.925833,20.821667,2026-04-27 10:18:36.590195,15.04,13.33,15.04,15.04,1024,28,2.46,68,100,0.0,Clouds,overcast clouds,9
Csárdaszállás,46.861111,20.932778,2026-04-27 10:18:37.783888,15.05,13.34,15.05,15.05,1024,28,2.48,64,100,0.0,Clouds,overcast clouds,9
Mezőberény,46.814722,21.013056,2026-04-27 10:18:38.975791,15.14,13.44,15.14,15.14,1024,28,2.47,61,100,0.0,Clouds,overcast clouds,9
Murony,46.756944,21.038056,2026-04-27 10:18:40.186409,15.22,13.53,15.22,15.22,1024,28,2.47,60,100,0.0,Clouds,overcast clouds,9
Békéscsaba,46.669722,21.081667,2026-04-27 10:18:41.387704,15.3,13.62,15.3,15.3,1023,28,2.55,56,100,0.0,Clouds,overcast clouds,9
Kétegyháza,46.5325,21.171944,2026-04-27 10:18:42.594843,15.3,13.64,15.3,15.3,1023,29,2.62,48,100,0.0,Clouds,overcast clouds,9
Lőkösháza,46.432222,21.2375,2026-04-27 10:18:43.793478,16.16,14.59,16.05,16.16,1023,29,2.5,41,100,0.0,Clouds,overcast clouds,9
Kengyel,47.089722,20.339722,2026-04-27 10:18:44.989957,15.0,13.23,15.0,17.21,1024,26,2.57,0,0,0.0,Clear,clear sky,9
Bagimajor,47.061111,20.316667,2026-04-27 10:18:46.196540,15.03,13.27,15.03,17.23,1024,26,2.57,0,0,0.0,Clear,clear sky,9
Martfű,47.019444,20.291667,2026-04-27 10:18:47.394606,15.01,13.25,15.01,17.21,1024,26,2.57,0,0,0.0,Clear,clear sky,9
Tiszaföldvár,46.975556,20.276389,2026-04-27 10:18:48.601454,15.01,13.25,15.01,17.21,1024,26,2.57,0,0,0.0,Clear,clear sky,9
Homok,46.9475,20.270278,2026-04-27 10:18:49.793734,17.22,15.78,15.01,17.22,1024,30,2.57,0,0,0.0,Clear,clear sky,9
Kungyalu,46.910833,20.2675,2026-04-27 10:18:50.988711,17.24,15.75,15.03,17.24,1024,28,2.69,87,100,0.0,Clouds,overcast clouds,9
Kunszentmárton,46.848333,20.293333,2026-04-27 10:18:52.193578,12.21,10.22,12.21,12.21,1024,28,2.79,87,100,0.0,Clouds,overcast clouds,9
Nagytőke,46.763333,20.291667,2026-04-27 10:18:53.389549,12.23,10.58,12.23,12.23,1024,41,2.82,88,100,0.0,Clouds,overcast clouds,9
Szentes,46.657778,20.2725,2026-04-27 10:18:54.594630,12.23,10.58,12.23,12.23,1024,41,3.58,79,100,0.0,Clouds,overcast clouds,9
Szegvár,46.588611,20.249444,2026-04-27 10:18:55.789546,12.23,10.58,12.23,12.23,1024,41,3.58,79,100,0.0,Clouds,overcast clouds,9
Mindszent,46.524167,20.194167,2026-04-27 10:18:56.981414,12.24,10.59,12.24,12.24,1024,41,2.75,94,100,0.0,Clouds,overcast clouds,9
Mártély,46.473333,20.236111,2026-04-27 10:18:58.186561,12.25,10.31,12.25,15.09,1024,30,2.72,90,100,0.0,Clouds,overcast clouds,9
Pusztabánréve,46.939898,20.556809,2026-04-27 10:18:59.380486,15.09,13.41,15.09,15.09,1024,29,2.44,76,100,0.0,Clouds,overcast clouds,9
Szarvas,46.860833,20.566667,2026-04-27 10:19:00.585598,15.15,13.48,15.15,15.15,1024,29,2.54,77,100,0.0,Clouds,overcast clouds,9
Csabacsűd,46.823056,20.663333,2026-04-27 10:19:01.782202,15.22,13.55,15.22,15.22,1024,29,2.53,75,100,0.0,Clouds,overcast clouds,9
Kisszénás,46.751389,20.721389,2026-04-27 10:19:02.978715,15.27,13.58,15.27,15.27,1024,28,2.49,72,100,0.0,Clouds,overcast clouds,9
Kiscsákó,46.719167,20.717778,2026-04-27 10:19:04.183830,15.32,13.66,15.32,15.32,1024,29,2.52,73,100,0.0,Clouds,overcast clouds,9
Nagyszénás,46.672778,20.674167,2026-04-27 10:19:05.375826,15.32,13.66,15.32,15.32,1024,29,2.58,75,100,0.0,Clouds,overcast clouds,9
Kardoskút,46.498056,20.6975,2026-04-27 10:19:06.578048,15.5,13.86,15.5,15.5,1023,29,2.66,72,100,0.0,Clouds,overcast clouds,9
Tótkomlós,46.409167,20.726944,2026-04-27 10:19:07.773977,15.55,13.94,15.55,15.55,1023,30,2.6,69,100,0.0,Clouds,overcast clouds,9
Nagyér,46.365278,20.738333,2026-04-27 10:19:08.971691,15.61,14.01,15.61,15.61,1023,30,2.49,69,100,0.0,Clouds,overcast clouds,9
Pitvaros,46.326175,20.746446,2026-04-27 10:19:10.171780,15.64,14.04,15.64,15.64,1023,30,2.42,68,100,0.0,Clouds,overcast clouds,9
Dévaványa,47.033889,20.943333,2026-04-27 10:19:11.370615,14.85,13.12,14.85,14.85,1024,28,2.33,68,100,0.0,Clouds,overcast clouds,9
Körösladány,46.97,21.085833,2026-04-27 10:19:12.580019,14.84,13.08,14.84,14.84,1024,27,2.44,61,100,0.0,Clouds,overcast clouds,9
Szeghalom,47.015278,21.148333,2026-04-27 10:19:13.783546,14.78,13.02,14.78,14.78,1024,27,2.32,61,100,0.0,Clouds,overcast clouds,9
Vésztő,46.938889,21.263611,2026-04-27 10:19:14.977437,14.86,13.08,14.86,14.86,1024,26,2.49,52,99,0.0,Clouds,overcast clouds,9
Szeged-Rókus,46.266111,20.125278,2026-04-27 10:19:16.183229,15.08,13.48,15.08,15.08,1023,32,2.86,85,100,0.0,Clouds,overcast clouds,9
Algyő,46.335556,20.196111,2026-04-27 10:19:17.391943,15.1,13.45,15.1,15.1,1023,30,2.81,85,100,0.0,Clouds,overcast clouds,9
Hódmezővásárhelyi Népkert,46.403333,20.312778,2026-04-27 10:19:18.583151,12.24,10.3,12.24,12.24,1024,30,2.7,85,100,0.0,Clouds,overcast clouds,9
Hódmezővásárhely,46.413333,20.34,2026-04-27 10:19:19.784572,12.23,10.29,12.23,12.23,1024,30,2.67,84,100,0.0,Clouds,overcast clouds,9
Körmend,47.016389,16.599167,2026-04-27 10:19:20.978888,16.68,15.37,16.68,16.68,1022,37,2.61,126,44,0.0,Clouds,scattered clouds,9
Szentgotthárd,46.957222,16.263056,2026-04-27 10:19:22.193152,16.9,15.56,16.9,16.9,1022,35,2.06,140,38,0.0,Clouds,scattered clouds,9
Szombathely,47.237778,16.6325,2026-04-27 10:19:23.389877,17.26,16.03,17.26,17.26,1022,38,2.11,151,31,0.0,Clouds,scattered clouds,9
Sáferkút,48.010278,19.071389,2026-04-27 10:19:24.583461,14.81,13.18,14.81,14.81,1023,32,0.92,227,84,0.0,Clouds,broken clouds,9
Magdolnavölgy,47.6475,18.818889,2026-04-27 10:19:25.788413,13.71,11.97,13.54,15.88,1023,32,2.18,172,100,0.0,Clouds,overcast clouds,9
Haris,46.964722,16.2825,2026-04-27 10:19:26.983620,16.88,15.54,16.88,16.88,1022,35,2.14,134,43,0.0,Clouds,scattered clouds,9
Egyházasrádóc,47.091389,16.62,2026-04-27 10:19:28.189986,16.48,15.18,16.48,16.48,1022,38,2.41,132,36,0.0,Clouds,scattered clouds,9
Alsórönök,46.964167,16.379444,2026-04-27 10:19:29.383020,16.83,15.48,16.83,16.83,1022,35,2.26,128,49,0.0,Clouds,scattered clouds,9
Szombathely-Szőlős,47.206389,16.641667,2026-04-27 10:19:30.588348,17.32,16.1,17.32,17.32,1022,38,2.12,149,30,0.0,Clouds,scattered clouds,9
Rátót,46.9675,16.433056,2026-04-27 10:19:31.792474,16.6,15.26,16.6,16.6,1022,36,2.46,123,54,0.0,Clouds,broken clouds,9
Ják-Balogunyom,47.161389,16.630556,2026-04-27 10:19:32.988229,17.38,16.17,17.38,17.38,1022,38,2.24,143,31,0.0,Clouds,scattered clouds,9
Vasvár,47.056944,16.800278,2026-04-27 10:19:34.189831,16.67,15.36,16.67,16.67,1023,37,2.69,145,36,0.0,Clouds,scattered clouds,9
Répcelak,47.418889,17.008889,2026-04-27 10:19:35.387124,16.83,15.51,16.83,16.83,1023,36,2.68,161,44,0.0,Clouds,scattered clouds,9
Rajka,47.995556,17.191389,2026-04-27 10:19:36.585884,17.13,15.79,15.01,17.76,1023,34,2.57,110,0,0.0,Clear,clear sky,9
Püspökmolnári,47.086111,16.7675,2026-04-27 10:19:37.802194,16.68,15.37,16.68,16.68,1023,37,2.56,143,32,0.0,Clouds,scattered clouds,9
Kőszeg,47.382222,16.556389,2026-04-27 10:19:39.001886,16.86,15.62,16.86,16.86,1022,39,2.8,145,36,0.0,Clouds,scattered clouds,9
Kastélypark,47.390278,18.988333,2026-04-27 10:19:40.204068,15.92,14.38,14.34,16.68,1023,31,1.76,141,96,0.0,Clouds,overcast clouds,9
Hanságliget,47.72,17.215556,2026-04-27 10:19:41.402360,16.81,15.49,16.81,16.81,1023,36,2.47,159,49,0.0,Clouds,scattered clouds,9
Vica,47.477778,17.111944,2026-04-27 10:19:42.597447,16.83,15.51,16.83,16.83,1023,36,2.76,166,49,0.0,Clouds,scattered clouds,9
Vép,47.235833,16.7275,2026-04-27 10:19:43.810870,17.4,16.16,17.4,17.4,1022,37,2.14,158,31,0.0,Clouds,scattered clouds,9
Mosonszolnok,47.8525,17.160278,2026-04-27 10:19:45.004674,17.82,16.6,17.82,17.82,1023,36,2.11,155,40,0.0,Clouds,scattered clouds,9
Jánossomorja,47.789167,17.1375,2026-04-27 10:19:46.215330,16.82,15.5,16.82,16.82,1023,36,2.33,158,44,0.0,Clouds,scattered clouds,9
Bősárkány,47.685556,17.234167,2026-04-27 10:19:47.407302,16.83,15.51,16.83,16.83,1023,36,2.55,162,51,0.0,Clouds,broken clouds,9
Szil-Sopronnémeti,47.533333,17.209444,2026-04-27 10:19:48.616447,16.15,14.76,16.15,16.15,1023,36,2.71,169,53,0.0,Clouds,broken clouds,9
Magyarkeresztúr-Zsebeháza,47.514167,17.176111,2026-04-27 10:19:49.816744,16.14,14.75,16.14,16.14,1023,36,2.76,169,52,0.0,Clouds,broken clouds,9
Páli-Vadosfa,47.4925,17.137778,2026-04-27 10:19:51.011832,16.83,15.51,16.83,16.83,1023,36,2.77,168,50,0.0,Clouds,scattered clouds,9
Beled,47.466667,17.084444,2026-04-27 10:19:52.231047,16.83,15.51,16.83,16.83,1023,36,2.76,166,49,0.0,Clouds,scattered clouds,9
Dénesfa,47.448611,17.054722,2026-04-27 10:19:53.426803,16.84,15.52,16.84,16.84,1023,36,2.69,162,47,0.0,Clouds,scattered clouds,9
Csánig,47.430278,17.026111,2026-04-27 10:19:54.619143,16.85,15.53,16.85,16.85,1023,36,2.64,161,47,0.0,Clouds,scattered clouds,9
Vámoscsalád,47.385556,16.961667,2026-04-27 10:19:55.824431,17.65,16.41,17.65,17.65,1022,36,2.64,160,42,0.0,Clouds,scattered clouds,9
Vasegerszeg,47.375,16.928889,2026-04-27 10:19:57.025678,17.66,16.42,17.66,17.66,1022,36,2.59,161,40,0.0,Clouds,scattered clouds,9
Hegyfalu,47.357778,16.898333,2026-04-27 10:19:58.226989,17.65,16.41,17.65,17.65,1022,36,2.59,161,40,0.0,Clouds,scattered clouds,9
Pósfa,47.326944,16.855833,2026-04-27 10:19:59.422300,17.63,16.41,17.63,17.63,1022,37,2.53,162,37,0.0,Clouds,scattered clouds,9
Ölbő-Alsószeleste,47.300556,16.843056,2026-04-27 10:20:00.614140,17.61,16.39,17.61,17.61,1022,37,2.44,163,36,0.0,Clouds,scattered clouds,9
Gencsapáti felső,47.299722,16.593889,2026-04-27 10:20:01.812719,17.12,15.91,17.12,17.12,1022,39,2.35,148,32,0.0,Clouds,scattered clouds,9
Lukácsháza alsó,47.326389,16.586389,2026-04-27 10:20:03.002734,17.06,15.84,17.06,17.06,1022,39,2.47,149,34,0.0,Clouds,scattered clouds,9
Kőszegfalva,47.361667,16.567778,2026-04-27 10:20:04.205920,16.95,15.72,16.95,16.95,1022,39,2.67,146,34,0.0,Clouds,scattered clouds,9
Gyöngyöshermán,47.202778,16.657222,2026-04-27 10:20:05.404563,17.34,16.12,17.34,17.34,1022,38,2.12,149,30,0.0,Clouds,scattered clouds,9
Bezenye,47.973611,17.207222,2026-04-27 10:20:06.606150,17.17,15.83,15.02,17.77,1023,34,1.89,151,35,0.0,Clouds,scattered clouds,9
Kámon,47.254534,16.625769,2026-04-27 10:20:07.813046,17.22,16.02,17.22,17.22,1022,39,2.14,153,32,0.0,Clouds,scattered clouds,9
Sorkifalud,47.1375,16.719167,2026-04-27 10:20:09.027970,16.69,15.38,16.69,16.69,1023,37,2.36,146,29,0.0,Clouds,scattered clouds,9
Szentléránt,47.12,16.735556,2026-04-27 10:20:10.235844,16.69,15.38,16.69,16.69,1023,37,2.36,146,29,0.0,Clouds,scattered clouds,9
Pácsony,47.009722,16.833611,2026-04-27 10:20:11.429820,16.6,15.28,16.6,16.6,1023,37,2.78,141,46,0.0,Clouds,scattered clouds,9
Győrvár,46.99,16.840556,2026-04-27 10:20:12.639229,16.6,15.28,16.6,16.6,1023,37,2.78,141,46,0.0,Clouds,scattered clouds,9
Egervár-Vasboldogasszony,46.942222,16.862222,2026-04-27 10:20:13.839748,16.79,15.49,16.79,16.79,1023,37,2.81,136,57,0.0,Clouds,broken clouds,9
Zalaszentlőrinc,46.913889,16.8775,2026-04-27 10:20:15.039081,16.76,15.46,16.76,16.76,1023,37,2.81,133,61,0.0,Clouds,broken clouds,9
Gencsapáti alsó,47.285833,16.6,2026-04-27 10:20:16.247635,17.15,15.94,17.15,17.15,1022,39,2.25,148,32,0.0,Clouds,scattered clouds,9
Gyöngyösfalu,47.316111,16.59,2026-04-27 10:20:17.439536,17.08,15.86,17.08,17.08,1022,39,2.35,148,32,0.0,Clouds,scattered clouds,9
Lukácsháza,47.341111,16.580556,2026-04-27 10:20:18.632326,17.01,15.78,17.01,17.01,1022,39,2.53,146,33,0.0,Clouds,scattered clouds,9
Horvátnádalja,47.005278,16.544444,2026-04-27 10:20:19.832812,16.72,15.41,16.72,16.72,1022,37,2.61,123,49,0.0,Clouds,scattered clouds,9
Csákánydoroszló,46.978333,16.499722,2026-04-27 10:20:21.027703,16.75,15.42,16.75,16.75,1022,36,2.51,122,54,0.0,Clouds,broken clouds,9
Váckisújfalu,47.705,19.340278,2026-04-27 10:20:22.232992,15.75,14.16,15.75,15.75,1024,30,1.71,161,100,0.0,Clouds,overcast clouds,9
Csisztafürdő,46.681411,17.561797,2026-04-27 10:20:23.429013,16.12,14.78,16.12,16.12,1023,38,2.92,110,84,0.0,Clouds,broken clouds,9
Mórágy,46.236021,18.627255,2026-04-27 10:20:24.645768,14.23,12.78,14.23,14.23,1024,41,2.97,95,100,0.0,Clouds,overcast clouds,9
Kismacs,47.551111,21.542778,2026-04-27 10:20:25.862351,14.9,13.1,14.9,14.9,1024,25,2.06,0,0,0.0,Clear,clear sky,9
Pusztaszentistván,47.439869,19.470254,2026-04-27 10:20:27.052706,14.84,13.03,14.84,14.84,1024,25,2.57,0,0,0.0,Clear,clear sky,9
Aranyvölgy,47.573795,19.017489,2026-04-27 10:20:28.259100,15.47,13.88,14.19,16.53,1023,31,2.24,161,100,0.0,Clouds,overcast clouds,9
Szélhegy,47.601111,18.928056,2026-04-27 10:20:29.455783,14.1,12.4,13.83,16.18,1023,32,0.89,76,100,0.0,Clouds,overcast clouds,9
Vörösvárbánya,47.61,18.913611,2026-04-27 10:20:30.656699,14.03,12.32,13.79,16.13,1023,32,0.89,76,100,0.0,Clouds,overcast clouds,9
Máriaszőlőtelep,46.702778,17.411911,2026-04-27 10:20:31.862387,16.1,14.71,16.1,16.1,1023,36,2.06,0,0,0.0,Clear,clear sky,9
Akadémiaújtelep,47.485724,19.22294,2026-04-27 10:20:33.058124,15.56,13.9,14.15,16.49,1024,28,2.57,0,0,0.0,Clear,clear sky,9
Újpalota,47.5316,19.126206,2026-04-27 10:20:34.262406,16.03,14.45,14.24,16.59,1023,29,2.57,0,0,0.0,Clear,clear sky,9
"Szeged, Somogyi utca",46.250464,20.147713,2026-04-27 10:20:35.457928,15.04,13.44,15.04,15.04,1023,32,2.84,85,100,0.0,Clouds,overcast clouds,9
"Hódmezővásárhely, Hősök tere",46.412183,20.31759,2026-04-27 10:20:36.655964,12.23,10.29,12.23,12.23,1024,30,2.7,85,100,0.0,Clouds,overcast clouds,9
"Hódmezővásárhely, Kossuth tér",46.41465,20.319727,2026-04-27 10:20:37.851225,12.23,10.29,12.23,12.23,1024,30,2.7,85,100,0.0,Clouds,overcast clouds,9
"Hódmezővásárhely, Strandfürdő",46.409147,20.315671,2026-04-27 10:20:39.036541,12.23,10.29,12.23,12.23,1024,30,2.7,85,100,0.0,Clouds,overcast clouds,9
"Szeged, Széchenyi tér",46.252683,20.14935,2026-04-27 10:20:40.233875,15.04,13.44,15.04,15.04,1023,32,2.84,85,100,0.0,Clouds,overcast clouds,9
"Szeged, Anna-kút",46.256184,20.147587,2026-04-27 10:20:41.430059,15.04,13.44,15.04,15.04,1023,32,2.84,85,100,0.0,Clouds,overcast clouds,9
"Szeged, Rókusi templom",46.259255,20.141771,2026-04-27 10:20:42.627150,15.06,13.46,15.06,15.06,1023,32,2.84,85,100,0.0,Clouds,overcast clouds,9
"Hódmezővásárhely, Kálvin János tér",46.416677,20.328532,2026-04-27 10:20:43.835697,12.23,10.29,12.23,12.23,1024,30,2.67,84,100,0.0,Clouds,overcast clouds,9
Hódmezővásárhely vasútállomás,46.413242,20.338701,2026-04-27 10:20:45.029540,12.23,10.29,12.23,12.23,1024,30,2.67,84,100,0.0,Clouds,overcast clouds,9
"Szeged, Tavasz utca",46.260715,20.139055,2026-04-27 10:20:46.222148,15.06,13.46,15.06,15.06,1023,32,2.84,85,100,0.0,Clouds,overcast clouds,9
"Szeged, Damjanich utca",46.262753,20.135248,2026-04-27 10:20:47.405842,15.06,13.46,15.06,15.06,1023,32,2.84,85,100,0.0,Clouds,overcast clouds,9
"Szeged, Vásárhelyi Pál utca",46.264173,20.131109,2026-04-27 10:20:48.603959,15.08,13.48,15.08,15.08,1023,32,2.84,85,100,0.0,Clouds,overcast clouds,9
"Szeged, Bécsi körút ",46.243459,20.143809,2026-04-27 10:20:49.798045,15.06,13.46,15.06,15.06,1024,32,2.83,85,100,0.0,Clouds,overcast clouds,9
Hódmezővásárhelyi Népkert vasútállomás,46.403733,20.312986,2026-04-27 10:20:50.990933,12.24,10.3,12.24,12.24,1024,30,2.7,85,100,0.0,Clouds,overcast clouds,9
Szeged vasútállomás,46.239789,20.142561,2026-04-27 10:20:52.183967,15.06,13.46,15.06,15.06,1024,32,2.83,85,100,0.0,Clouds,overcast clouds,9
"Szeged, Bem utca",46.240198,20.141247,2026-04-27 10:20:53.371552,15.06,13.46,15.06,15.06,1024,32,2.83,85,100,0.0,Clouds,overcast clouds,9
"Szeged, Galamb utca",46.24153,20.142297,2026-04-27 10:20:54.556708,15.06,13.46,15.06,15.06,1024,32,2.83,85,100,0.0,Clouds,overcast clouds,9
"Szeged, Aradi vértanúk tere",46.247839,20.147,2026-04-27 10:20:55.753573,15.04,13.44,15.04,15.04,1023,32,2.84,85,100,0.0,Clouds,overcast clouds,9
"Szeged, Pulz utca",46.264452,20.126061,2026-04-27 10:20:56.938669,15.08,13.48,15.08,15.08,1023,32,2.84,85,100,0.0,Clouds,overcast clouds,9
"Szeged, Rókus vasútállomás",46.266107,20.125686,2026-04-27 10:20:58.134456,15.08,13.48,15.08,15.08,1023,32,2.86,85,100,0.0,Clouds,overcast clouds,9
Látókép,47.55787,21.524373,2026-04-27 10:20:59.339925,14.88,13.08,14.88,14.88,1024,25,2.06,0,0,0.0,Clear,clear sky,9
Szentmihálytelek,46.2229,20.0808,2026-04-27 10:21:00.538309,15.08,13.48,15.08,15.08,1023,32,2.84,87,100,0.0,Clouds,overcast clouds,9
Kisvarsány,48.144356,22.297397,2026-04-27 10:21:01.745450,13.66,11.86,13.66,13.66,1023,30,2.34,276,95,0.0,Clouds,overcast clouds,9
