station_name,station_lat,station_lon,observation_time,temp,feels_like,temp_min,temp_max,pressure,humidity,wind_speed,wind_deg,clouds,precipitation_1h,weather_main,weather_description,collection_hour
Búcsúszentlászló,46.793056,16.932778,2026-06-03 01:23:47.815794,17.57,17.39,17.57,17.57,1007,77,3.39,183,24,0.0,Clouds,few clouds,1
Angyalföld,47.549722,19.09,2026-06-03 01:23:49.018231,17.94,17.59,17.17,18.89,1008,69,1.79,223,96,0.0,Clouds,overcast clouds,1
Felsőjánosfa,46.841389,16.544167,2026-06-03 01:23:50.220728,17.41,17.3,17.41,17.41,1007,80,3.19,183,22,0.0,Clouds,few clouds,1
Pankasz,46.835833,16.496111,2026-06-03 01:23:51.424191,17.13,16.99,17.13,17.13,1007,80,3.38,187,24,0.0,Clouds,few clouds,1
Nagyrákos,46.827222,16.455556,2026-06-03 01:23:52.623129,17.09,16.97,17.09,17.09,1007,81,3.5,190,26,0.0,Clouds,scattered clouds,1
Őriszentpéter,46.828889,16.415278,2026-06-03 01:23:53.820140,17.21,17.1,17.21,17.21,1007,81,3.7,197,33,0.0,Clouds,scattered clouds,1
Törökbálint,47.45,18.908611,2026-06-03 01:23:55.023586,18.48,18.16,16.94,18.67,1008,68,1.79,223,89,0.0,Clouds,overcast clouds,1
Bicske alsó,47.486389,18.642778,2026-06-03 01:23:56.226003,18.38,18.13,18.38,18.56,1008,71,2.24,134,91,0.0,Clouds,overcast clouds,1
Bajánsenye,46.818056,16.358056,2026-06-03 01:23:57.437847,17.31,17.21,17.31,17.31,1006,81,3.88,198,31,0.0,Clouds,scattered clouds,1
Aquincum,47.566218,19.048273,2026-06-03 01:23:58.641377,18.24,17.95,17.19,18.92,1008,70,1.79,223,93,0.0,Clouds,overcast clouds,1
Piliscsév,47.673889,18.791389,2026-06-03 01:23:59.833845,18.34,18.16,16.78,18.51,1008,74,2.21,144,63,0.0,Clouds,broken clouds,1
Tát,47.741201,18.64783,2026-06-03 01:24:01.036762,18.73,18.56,18.73,18.73,1008,73,2.73,140,40,0.0,Clouds,scattered clouds,1
Süttő felső,47.756667,18.437222,2026-06-03 01:24:02.233627,16.93,16.58,16.93,16.93,1008,73,2.97,132,37,0.0,Clouds,scattered clouds,1
Budatétény,47.405,19.016389,2026-06-03 01:24:03.442235,18.02,17.65,17.23,18.96,1008,68,1.64,152,89,0.0,Clouds,overcast clouds,1
Seregélyes-Szőlőhegy,47.119444,18.612222,2026-06-03 01:24:04.642528,16.94,16.52,16.94,16.94,1009,70,2.5,166,93,0.0,Clouds,overcast clouds,1
Gödöllő-Állami telepek,47.564444,19.375556,2026-06-03 01:24:05.827143,17.93,17.66,16.67,17.93,1009,72,1.55,175,90,0.0,Clouds,overcast clouds,1
Dunakeszi alsó,47.607778,19.128889,2026-06-03 01:24:07.029229,17.9,17.55,17.16,18.89,1008,69,1.26,160,100,0.0,Clouds,overcast clouds,1
Vác-Alsóváros,47.773056,19.149722,2026-06-03 01:24:08.229216,18.69,18.52,18.69,18.69,1009,73,1.22,136,100,0.0,Clouds,overcast clouds,1
Szob alsó,47.816667,18.8725,2026-06-03 01:24:09.433719,18.72,18.55,18.72,18.72,1008,73,1.9,142,74,0.0,Clouds,broken clouds,1
Zalaszentmihály-Pacsa,46.7225,16.951944,2026-06-03 01:24:10.648526,17.58,17.35,17.58,17.58,1007,75,3.43,186,21,0.0,Clouds,few clouds,1
Pötréte,46.682778,16.9575,2026-06-03 01:24:11.845591,17.6,17.32,17.6,17.6,1007,73,3.49,189,18,0.0,Clouds,few clouds,1
Felsőrajk,46.667222,16.982778,2026-06-03 01:24:13.044954,17.57,17.29,17.57,17.57,1007,73,3.61,188,19,0.0,Clouds,few clouds,1
Gelse,46.600556,16.982778,2026-06-03 01:24:14.239837,17.57,17.21,17.57,17.57,1007,70,3.79,192,16,0.0,Clouds,few clouds,1
Őrtilos,46.297778,16.887778,2026-06-03 01:24:15.450367,17.57,17.08,17.57,17.57,1006,65,3.65,196,26,0.0,Clouds,scattered clouds,1
Zákány,46.251944,16.9425,2026-06-03 01:24:16.658911,17.3,16.86,17.3,17.3,1007,68,3.73,199,48,0.0,Clouds,scattered clouds,1
Berzence,46.201389,17.143611,2026-06-03 01:24:17.853538,17.51,17.2,17.51,17.51,1008,72,3.32,201,87,0.0,Clouds,overcast clouds,1
Somogyudvarhely,46.163333,17.179722,2026-06-03 01:24:19.054924,17.45,17.16,17.45,17.45,1008,73,3.15,201,95,0.0,Clouds,overcast clouds,1
Bélavár,46.122778,17.207778,2026-06-03 01:24:20.252561,17.47,17.23,17.47,17.47,1008,75,2.89,204,100,0.0,Clouds,overcast clouds,1
Vízvár,46.101389,17.239444,2026-06-03 01:24:21.451878,17.35,17.12,17.35,17.35,1008,76,2.72,206,100,0.0,Clouds,overcast clouds,1
Babócsa,46.028359,17.342276,2026-06-03 01:24:22.654474,17.29,17.11,17.29,17.29,1008,78,2.13,212,100,0.0,Clouds,overcast clouds,1
Péterhida-Komlósd,46.006667,17.358056,2026-06-03 01:24:23.856369,17.32,17.17,17.32,17.32,1009,79,1.88,217,98,0.0,Clouds,overcast clouds,1
Barcs,45.951944,17.446944,2026-06-03 01:24:25.057329,17.29,17.16,17.29,17.29,1009,80,1.2,227,87,0.0,Clouds,overcast clouds,1
Barcs felső,45.958333,17.486389,2026-06-03 01:24:26.252614,17.19,17.05,17.19,17.19,1009,80,0.99,223,85,0.0,Clouds,overcast clouds,1
Középrigóc,45.970556,17.525,2026-06-03 01:24:27.451363,17.1,16.98,17.1,17.1,1009,81,0.83,215,83,0.0,Clouds,broken clouds,1
Darány,45.992222,17.598611,2026-06-03 01:24:28.650123,17.1,16.98,17.1,17.1,1009,81,1.0,154,79,0.0,Clouds,broken clouds,1
Kisdobsza,46.012222,17.668056,2026-06-03 01:24:29.842246,17.14,17.05,17.14,17.14,1009,82,1.62,139,78,0.0,Clouds,broken clouds,1
Nemeske,46.023333,17.705278,2026-06-03 01:24:31.045038,17.16,17.07,17.16,17.16,1009,82,1.87,135,77,0.0,Clouds,broken clouds,1
Molvány,46.035278,17.748611,2026-06-03 01:24:32.247681,17.15,17.06,17.15,17.15,1009,82,2.35,132,76,0.0,Clouds,broken clouds,1
Szigetvár,46.043333,17.801944,2026-06-03 01:24:33.446546,17.12,17.05,17.12,17.12,1009,83,2.5,130,76,0.0,Clouds,broken clouds,1
Nagypeterd,46.039444,17.871667,2026-06-03 01:24:34.652355,17.11,17.04,17.11,17.11,1009,83,2.71,127,77,0.0,Clouds,broken clouds,1
Szentdénes,46.036667,17.926944,2026-06-03 01:24:35.851954,17.04,16.99,17.04,17.04,1009,84,2.76,126,78,0.0,Clouds,broken clouds,1
Háros,47.412222,19.035,2026-06-03 01:24:37.060600,17.91,17.53,17.19,18.92,1008,68,1.64,152,89,0.0,Clouds,overcast clouds,1
Nagytétény-Diósd,47.398333,18.974444,2026-06-03 01:24:38.261048,18.15,17.8,17.23,18.95,1008,68,1.73,150,89,0.0,Clouds,overcast clouds,1
Érdliget,47.390278,18.937778,2026-06-03 01:24:39.468643,18.14,17.79,17.14,18.87,1008,68,1.76,149,90,0.0,Clouds,overcast clouds,1
Érd felső,47.381111,18.922222,2026-06-03 01:24:40.677753,18.12,17.76,17.11,18.84,1008,68,1.8,148,90,0.0,Clouds,overcast clouds,1
Érd,47.369722,18.900833,2026-06-03 01:24:41.870762,18.13,17.77,17.07,18.8,1008,68,1.86,148,91,0.0,Clouds,overcast clouds,1
Százhalombatta,47.322222,18.899167,2026-06-03 01:24:43.072165,18.01,17.72,17.06,18.78,1008,71,2.01,150,91,0.0,Clouds,overcast clouds,1
Dunai Finomító,47.294444,18.878889,2026-06-03 01:24:44.268028,15.72,15.28,15.69,18.62,1008,74,2.08,152,92,0.0,Clouds,overcast clouds,1
Ercsi,47.247222,18.875278,2026-06-03 01:24:45.477945,15.92,15.42,15.92,18.85,1008,71,2.16,154,93,0.0,Clouds,overcast clouds,1
Iváncsa,47.177778,18.811944,2026-06-03 01:24:46.680947,16.7,16.28,16.7,16.7,1008,71,2.45,163,94,0.0,Clouds,overcast clouds,1
Pusztaszabolcs,47.139722,18.761667,2026-06-03 01:24:47.871364,16.82,16.41,16.82,16.82,1009,71,2.72,167,95,0.0,Clouds,overcast clouds,1
Szabadegyháza,47.082778,18.704167,2026-06-03 01:24:49.074570,16.84,16.43,16.84,16.84,1009,71,2.97,168,97,0.0,Clouds,overcast clouds,1
Sárosd,47.039722,18.660278,2026-06-03 01:24:50.270508,16.95,16.55,16.95,16.95,1009,71,3.03,166,97,0.0,Clouds,overcast clouds,1
Nagylók,46.979444,18.635833,2026-06-03 01:24:51.473426,16.83,16.4,16.83,16.83,1009,70,3.36,164,100,0.0,Clouds,overcast clouds,1
Sárbogárd,46.896944,18.611944,2026-06-03 01:24:52.672661,17.08,16.67,17.08,17.08,1009,70,3.48,161,100,0.0,Clouds,overcast clouds,1
Rétszilas,46.814167,18.601389,2026-06-03 01:24:53.873450,17.12,16.72,17.12,17.12,1009,70,3.43,158,100,0.0,Clouds,overcast clouds,1
Nagyatád,46.228611,17.354167,2026-06-03 01:24:55.072934,17.37,17.09,17.37,17.37,1008,74,2.75,188,100,0.0,Clouds,overcast clouds,1
Budapest-Keleti,47.500278,19.084167,2026-06-03 01:24:56.270247,17.71,17.31,17.14,18.87,1008,68,1.79,223,91,0.0,Clouds,overcast clouds,1
Ferencváros,47.468611,19.088056,2026-06-03 01:24:57.476648,17.7,17.3,17.16,18.89,1008,68,1.79,223,90,0.0,Clouds,overcast clouds,1
Budapest-Nyugati,47.510833,19.0575,2026-06-03 01:24:58.691580,17.93,17.58,17.16,18.88,1008,69,1.79,223,92,0.0,Clouds,overcast clouds,1
Kőbánya felső,47.491944,19.133889,2026-06-03 01:24:59.884204,17.7,17.33,17.08,18.81,1008,69,1.48,161,94,0.0,Clouds,overcast clouds,1
Rákos,47.488889,19.174722,2026-06-03 01:25:01.077285,17.83,17.5,17.04,18.77,1008,70,1.52,162,94,0.0,Clouds,overcast clouds,1
Rákosrendező,47.525556,19.089444,2026-06-03 01:25:02.277754,17.84,17.48,17.19,18.91,1008,69,1.79,223,95,0.0,Clouds,overcast clouds,1
Zugló,47.511389,19.101389,2026-06-03 01:25:03.479265,17.7,17.3,17.15,18.87,1008,68,1.79,223,95,0.0,Clouds,overcast clouds,1
Mezőtárkány,47.725,20.480278,2026-06-03 01:25:04.678423,16.16,16.0,16.16,16.16,1010,83,1.37,113,100,0.0,Clouds,overcast clouds,1
Istvántelek,47.550278,19.106389,2026-06-03 01:25:05.869497,17.82,17.46,17.17,18.9,1008,69,1.33,162,96,0.0,Clouds,overcast clouds,1
Rákospalota-Újpest,47.565833,19.111944,2026-06-03 01:25:07.063343,17.84,17.48,17.17,18.89,1008,69,1.27,161,98,0.0,Clouds,overcast clouds,1
Kőbánya alsó,47.483056,19.127222,2026-06-03 01:25:08.259503,17.7,17.33,17.1,18.82,1008,69,1.48,161,94,0.0,Clouds,overcast clouds,1
Kőbánya-Kispest,47.463889,19.149444,2026-06-03 01:25:09.457885,17.8,17.44,17.1,18.82,1008,69,1.54,160,92,0.0,Clouds,overcast clouds,1
Pestszentlőrinc,47.454722,19.182778,2026-06-03 01:25:10.654193,17.87,17.54,17.04,18.76,1008,70,1.66,160,90,0.0,Clouds,overcast clouds,1
Kispest,47.448135,19.157552,2026-06-03 01:25:11.853234,17.86,17.5,17.1,18.83,1008,69,1.62,159,90,0.0,Clouds,overcast clouds,1
Újpest,47.558889,19.079722,2026-06-03 01:25:13.058807,18.05,17.71,17.17,18.9,1008,69,1.79,223,94,0.0,Clouds,overcast clouds,1
Pestszentimre felső,47.413611,19.173333,2026-06-03 01:25:14.251490,17.96,17.64,17.13,18.86,1008,70,1.75,159,89,0.0,Clouds,overcast clouds,1
Dunakeszi,47.626111,19.136111,2026-06-03 01:25:15.447509,17.85,17.49,17.07,18.8,1008,69,1.21,158,100,0.0,Clouds,overcast clouds,1
Dunakeszi-Gyártelep,47.643611,19.135,2026-06-03 01:25:16.649073,18.03,17.72,17.12,18.84,1008,70,1.17,154,100,0.0,Clouds,overcast clouds,1
Alsógöd,47.676944,19.134444,2026-06-03 01:25:17.843197,18.21,17.94,17.11,18.84,1008,71,1.15,150,100,0.0,Clouds,overcast clouds,1
Göd,47.687778,19.1375,2026-06-03 01:25:19.035183,18.26,18.0,17.13,18.86,1008,71,1.15,150,100,0.0,Clouds,overcast clouds,1
Felsőgöd,47.705556,19.143333,2026-06-03 01:25:20.240048,18.36,18.13,17.17,18.9,1008,72,1.15,146,100,0.0,Clouds,overcast clouds,1
Sződ-Sződliget,47.728056,19.154722,2026-06-03 01:25:21.441835,18.7,18.51,17.17,18.89,1008,72,1.16,142,100,0.0,Clouds,overcast clouds,1
Vác,47.782778,19.133056,2026-06-03 01:25:22.643239,18.69,18.52,18.69,18.69,1009,73,1.22,136,100,0.0,Clouds,overcast clouds,1
Verőce,47.823889,19.029444,2026-06-03 01:25:23.834856,18.52,18.33,18.52,18.52,1009,73,1.38,135,100,0.0,Clouds,overcast clouds,1
Kismaros,47.8275,19.010278,2026-06-03 01:25:25.032990,18.65,18.48,18.65,18.65,1009,73,1.44,136,99,0.0,Clouds,overcast clouds,1
Nagymaros-Visegrád,47.791389,18.959167,2026-06-03 01:25:26.229727,18.67,18.47,18.67,18.67,1008,72,1.41,142,94,0.0,Clouds,overcast clouds,1
Nagymaros,47.780278,18.952222,2026-06-03 01:25:27.422688,18.75,18.56,18.75,18.75,1008,72,1.41,142,94,0.0,Clouds,overcast clouds,1
Zebegény,47.801389,18.908889,2026-06-03 01:25:28.625172,18.72,18.55,18.72,18.72,1008,73,1.59,141,88,0.0,Clouds,overcast clouds,1
Szob,47.821111,18.861944,2026-06-03 01:25:29.819660,18.68,18.51,18.68,18.68,1009,73,1.92,141,75,0.0,Clouds,broken clouds,1
Alagimajor,47.601944,19.153889,2026-06-03 01:25:31.010545,17.64,17.26,17.12,18.84,1008,69,1.26,160,100,0.0,Clouds,overcast clouds,1
Fót,47.611389,19.181667,2026-06-03 01:25:32.209071,17.7,17.33,17.01,18.74,1008,69,1.26,158,100,0.0,Clouds,overcast clouds,1
Fótújfalu,47.615,19.192778,2026-06-03 01:25:33.402056,17.66,17.31,16.91,18.63,1008,70,1.26,158,100,0.0,Clouds,overcast clouds,1
Csomád,47.635556,19.222778,2026-06-03 01:25:34.600861,17.53,17.22,16.64,18.36,1008,72,1.33,158,100,0.0,Clouds,overcast clouds,1
Veresegyház,47.649167,19.288611,2026-06-03 01:25:35.794442,17.92,17.65,16.79,18.51,1008,72,1.43,157,97,0.0,Clouds,overcast clouds,1
Erdőkertes,47.662222,19.295833,2026-06-03 01:25:37.002142,17.89,17.61,16.74,18.47,1008,72,1.43,157,97,0.0,Clouds,overcast clouds,1
Őrbottyán,47.685833,19.283611,2026-06-03 01:25:38.194816,17.92,17.65,16.66,17.92,1008,72,1.42,153,97,0.0,Clouds,overcast clouds,1
Váchartyán,47.725833,19.248889,2026-06-03 01:25:39.386742,18.28,18.07,18.28,18.28,1009,73,1.39,143,99,0.0,Clouds,overcast clouds,1
Magyarkút-Verőce,47.826111,19.044444,2026-06-03 01:25:40.588588,15.67,15.2,15.67,15.67,1009,73,1.38,135,100,0.0,Clouds,overcast clouds,1
Szokolya,47.871111,19.030556,2026-06-03 01:25:41.784060,14.95,14.43,14.95,14.95,1009,74,1.51,130,100,0.0,Clouds,overcast clouds,1
Berkenye,47.885278,19.071944,2026-06-03 01:25:42.982711,15.65,15.2,15.65,15.65,1009,74,1.47,128,100,0.0,Clouds,overcast clouds,1
Nógrád,47.901944,19.0475,2026-06-03 01:25:44.175308,15.29,14.81,15.29,15.29,1009,74,1.58,128,100,0.0,Clouds,overcast clouds,1
Diósjenő,47.94,19.049444,2026-06-03 01:25:45.366698,14.9,14.38,14.9,14.9,1009,74,1.63,125,100,0.0,Clouds,overcast clouds,1
Borsosberény,47.971389,19.093056,2026-06-03 01:25:46.565979,15.55,15.12,15.55,15.55,1009,75,1.49,117,100,0.0,Clouds,overcast clouds,1
Nagyoroszi,47.993611,19.101111,2026-06-03 01:25:47.759977,15.39,14.94,15.39,15.39,1009,75,1.53,114,100,0.0,Clouds,overcast clouds,1
Drégelyvár,48.001944,19.079444,2026-06-03 01:25:48.957960,15.65,15.23,15.65,15.65,1009,75,1.68,113,100,0.0,Clouds,overcast clouds,1
Drégely,48.042222,19.056111,2026-06-03 01:25:50.150979,16.01,15.62,16.01,16.01,1009,75,1.71,108,100,0.0,Clouds,overcast clouds,1
Drégelypalánk,48.055,19.046111,2026-06-03 01:25:51.350048,16.16,15.79,16.16,16.16,1009,75,1.77,105,100,0.0,Clouds,overcast clouds,1
Ipolyvece,48.056944,19.106389,2026-06-03 01:25:52.551567,16.09,15.74,16.09,16.09,1009,76,1.58,100,100,0.0,Clouds,overcast clouds,1
Dejtár,48.045556,19.196389,2026-06-03 01:25:53.743618,15.99,15.63,15.99,15.99,1009,76,1.41,100,100,0.0,Clouds,overcast clouds,1
Ipolyszög,48.054444,19.221944,2026-06-03 01:25:54.936601,15.99,15.66,15.99,15.99,1009,77,1.36,92,100,0.0,Clouds,overcast clouds,1
Iklad-Domony,47.658056,19.444444,2026-06-03 01:25:56.136196,18.31,18.13,18.31,18.31,1009,74,1.4,171,90,0.0,Clouds,overcast clouds,1
Iklad-Domony felső,47.667778,19.428056,2026-06-03 01:25:57.327438,18.29,18.11,18.29,18.29,1009,74,1.37,161,93,0.0,Clouds,overcast clouds,1
Galgamácsa,47.693889,19.3925,2026-06-03 01:25:58.526994,18.28,18.07,18.28,18.28,1009,73,1.41,151,96,0.0,Clouds,overcast clouds,1
Vácrátót,47.732778,19.217778,2026-06-03 01:25:59.719826,18.2,17.96,18.2,18.2,1008,72,1.28,143,100,0.0,Clouds,overcast clouds,1
Csörög,47.735833,19.196389,2026-06-03 01:26:00.912514,18.49,18.27,16.94,18.49,1008,72,1.22,143,100,0.0,Clouds,overcast clouds,1
Galgagyörk,47.735278,19.372222,2026-06-03 01:26:02.107461,18.18,17.99,18.18,18.18,1009,74,1.42,146,97,0.0,Clouds,overcast clouds,1
Püspökhatvan,47.768611,19.366944,2026-06-03 01:26:03.300845,15.95,15.53,15.95,15.95,1009,74,1.43,137,99,0.0,Clouds,overcast clouds,1
Acsa-Erdőkürt,47.801111,19.386111,2026-06-03 01:26:04.492015,15.78,15.35,15.78,15.78,1009,74,1.42,132,100,0.0,Clouds,overcast clouds,1
Galgaguta,47.848611,19.385556,2026-06-03 01:26:05.681548,15.46,15.02,15.46,15.46,1009,75,1.38,124,100,0.0,Clouds,overcast clouds,1
Nógrádkövesd,47.879444,19.371111,2026-06-03 01:26:06.886148,15.61,15.18,15.61,15.61,1009,75,1.36,120,100,0.0,Clouds,overcast clouds,1
Magyarnándor,47.970833,19.356667,2026-06-03 01:26:08.082287,15.44,15.02,15.44,15.44,1009,76,1.24,105,98,0.0,Clouds,overcast clouds,1
Mohora,47.995556,19.347778,2026-06-03 01:26:09.278448,15.54,15.16,15.54,15.54,1009,77,1.21,99,98,0.0,Clouds,overcast clouds,1
Szügy,48.036389,19.333056,2026-06-03 01:26:10.468958,15.75,15.39,15.75,15.75,1009,77,1.18,87,98,0.0,Clouds,overcast clouds,1
Balassagyarmat,48.071111,19.293611,2026-06-03 01:26:11.670713,15.85,15.5,15.85,15.85,1009,77,1.22,82,100,0.0,Clouds,overcast clouds,1
Őrhalom,48.078773,19.403936,2026-06-03 01:26:12.865234,15.54,15.19,15.54,15.54,1010,78,1.1,65,88,0.0,Clouds,overcast clouds,1
Hugyag,48.083056,19.421111,2026-06-03 01:26:14.062143,15.54,15.19,15.54,15.54,1010,78,1.1,65,88,0.0,Clouds,overcast clouds,1
Szécsény,48.093056,19.521111,2026-06-03 01:26:15.254823,15.74,15.43,15.74,15.74,1010,79,0.98,66,79,0.0,Clouds,broken clouds,1
Ludányhalászi,48.1325,19.529444,2026-06-03 01:26:16.446539,15.68,15.39,15.68,15.68,1010,80,1.1,48,65,0.0,Clouds,broken clouds,1
Nógrádszakál,48.178333,19.521667,2026-06-03 01:26:17.642369,15.61,15.32,15.61,15.61,1010,80,1.18,41,57,0.0,Clouds,broken clouds,1
Ráróspuszta,48.207222,19.541389,2026-06-03 01:26:18.838669,15.03,14.7,15.03,15.03,1010,81,1.35,31,44,0.0,Clouds,scattered clouds,1
Litke,48.215833,19.598611,2026-06-03 01:26:20.034624,15.51,15.23,15.51,15.51,1010,81,1.19,36,29,0.0,Clouds,scattered clouds,1
Nyíregyháza külső,47.943056,21.740278,2026-06-03 01:26:21.233208,15.36,15.17,15.36,15.36,1010,85,1.78,158,87,0.0,Clouds,overcast clouds,1
Oros,47.945833,21.806389,2026-06-03 01:26:22.424293,15.34,15.15,15.34,15.34,1010,85,1.93,156,92,0.0,Clouds,overcast clouds,1
Napkor,47.948889,21.873056,2026-06-03 01:26:23.615234,15.3,15.11,15.3,15.3,1010,85,2.07,148,96,0.0,Clouds,overcast clouds,1
Apagy,47.953775,21.939044,2026-06-03 01:26:24.808898,15.28,15.08,15.28,15.28,1010,85,2.11,147,97,0.0,Clouds,overcast clouds,1
Levelek-Magy,47.948056,21.993611,2026-06-03 01:26:26.000974,15.19,15.01,15.19,15.19,1010,86,2.14,144,97,0.0,Clouds,overcast clouds,1
Ófehértó,47.940556,22.041389,2026-06-03 01:26:27.198135,15.08,14.89,15.08,15.08,1010,86,2.1,147,96,0.0,Clouds,overcast clouds,1
Ligettanya,47.951667,22.071389,2026-06-03 01:26:28.392225,15.0,14.8,15.0,15.0,1010,86,2.08,139,92,0.0,Clouds,overcast clouds,1
Baktalórántháza,47.988611,22.083333,2026-06-03 01:26:29.586981,15.0,14.8,15.0,15.0,1010,86,2.14,134,92,0.0,Clouds,overcast clouds,1
Vaja-Rohod,48.006389,22.164167,2026-06-03 01:26:30.786557,14.95,14.77,14.95,14.95,1010,87,2.19,125,87,0.0,Clouds,overcast clouds,1
Rákóczitanya,48.022222,22.178333,2026-06-03 01:26:31.986152,14.89,14.71,14.89,14.89,1010,87,2.2,123,84,0.0,Clouds,broken clouds,1
Nyírmada,48.059167,22.203056,2026-06-03 01:26:33.184248,14.9,14.74,14.9,14.9,1010,88,2.33,118,86,0.0,Clouds,overcast clouds,1
Tunyogmatolcs,47.960244,22.442247,2026-06-03 01:26:34.378596,14.92,14.84,14.92,14.92,1011,91,2.03,119,81,0.0,Clouds,broken clouds,1
Tunyogmatolcs alsó,47.966025,22.464713,2026-06-03 01:26:35.570649,14.88,14.83,14.88,14.88,1011,92,2.1,119,83,0.0,Clouds,broken clouds,1
Fehérgyarmat,47.979167,22.524444,2026-06-03 01:26:36.761899,14.82,14.79,14.82,14.82,1011,93,2.59,118,92,0.0,Clouds,overcast clouds,1
Penyige,47.995278,22.566944,2026-06-03 01:26:37.957623,14.82,14.79,14.82,14.82,1011,93,2.66,119,94,0.0,Clouds,overcast clouds,1
Nagyszekeres,47.976111,22.6125,2026-06-03 01:26:39.155537,14.8,14.76,14.8,14.8,1011,93,2.75,120,96,0.0,Clouds,overcast clouds,1
Kisszekeres,47.965833,22.629444,2026-06-03 01:26:40.347299,14.82,14.79,14.82,14.82,1011,93,2.54,123,93,0.0,Clouds,overcast clouds,1
Jánkmajtis,47.941944,22.657222,2026-06-03 01:26:41.539872,14.83,14.8,14.83,14.83,1011,93,2.39,128,93,0.0,Clouds,overcast clouds,1
Gacsály,47.926111,22.745,2026-06-03 01:26:42.738044,12.82,12.61,12.82,12.82,1011,94,2.62,127,98,0.0,Clouds,overcast clouds,1
Zajta,47.9025,22.796111,2026-06-03 01:26:43.937575,12.81,12.6,12.81,12.81,1011,94,2.52,128,100,0.0,Clouds,overcast clouds,1
Eperjeske alsó,48.360556,22.19,2026-06-03 01:26:45.141071,15.03,14.96,15.03,15.03,1010,91,2.51,102,100,0.0,Clouds,overcast clouds,1
Mándok,48.326944,22.196389,2026-06-03 01:26:46.337885,14.98,14.91,14.98,14.98,1010,91,2.4,105,100,0.0,Clouds,overcast clouds,1
Tornyospálca,48.268333,22.201944,2026-06-03 01:26:47.537557,15.0,14.91,15.0,15.0,1010,90,2.33,108,99,0.0,Clouds,overcast clouds,1
Aranyosapáti,48.211303,22.253534,2026-06-03 01:26:48.733998,14.99,14.89,14.99,14.99,1010,90,2.58,112,96,0.0,Clouds,overcast clouds,1
Gyüre,48.171389,22.269167,2026-06-03 01:26:49.929421,14.96,14.86,14.96,14.96,1010,90,2.61,112,91,0.0,Clouds,overcast clouds,1
Varsány,48.151722,22.290047,2026-06-03 01:26:51.130738,14.93,14.83,14.93,14.93,1011,90,2.69,112,89,0.0,Clouds,overcast clouds,1
Vásárosnamény,48.126667,22.306111,2026-06-03 01:26:52.322011,14.94,14.84,14.94,14.94,1011,90,2.67,112,87,0.0,Clouds,overcast clouds,1
Vitka,48.095556,22.308056,2026-06-03 01:26:53.518971,14.93,14.83,14.93,14.93,1011,90,2.62,112,84,0.12,Rain,light rain,1
Nagydobos,48.054167,22.311111,2026-06-03 01:26:54.716516,14.86,14.73,14.86,14.86,1011,89,2.54,112,82,0.18,Rain,light rain,1
Ópályi,47.997778,22.318333,2026-06-03 01:26:55.911747,14.87,14.74,14.87,14.87,1011,89,2.12,119,77,0.0,Clouds,broken clouds,1
Nyírcsaholy,47.908056,22.348333,2026-06-03 01:26:57.121545,14.94,14.84,14.94,14.94,1011,90,1.55,139,75,0.0,Clouds,broken clouds,1
Nagyecsed,47.864722,22.385556,2026-06-03 01:26:58.316039,14.97,14.87,14.97,14.97,1011,90,1.36,165,72,0.0,Clouds,broken clouds,1
Tiborszállás,47.815278,22.402778,2026-06-03 01:26:59.512633,14.99,14.89,14.99,14.99,1011,90,1.47,188,69,0.0,Clouds,broken clouds,1
Kiskunhalas,46.434444,19.493611,2026-06-03 01:27:00.705572,16.31,15.98,16.31,16.31,1010,76,3.27,172,100,0.0,Clouds,overcast clouds,1
Kecskemét alsó,46.895833,19.692222,2026-06-03 01:27:01.890697,15.03,14.86,15.03,15.99,1010,87,1.34,141,100,0.0,Clouds,overcast clouds,1
Putnok,48.286667,20.4375,2026-06-03 01:27:03.104124,18.33,18.28,18.33,18.33,1011,79,0.27,124,100,0.0,Clouds,overcast clouds,1
Bánréve,48.299722,20.351944,2026-06-03 01:27:04.304119,18.32,18.22,18.32,18.32,1011,77,0.14,306,98,0.0,Clouds,overcast clouds,1
Ipolytarnóc,48.236667,19.629167,2026-06-03 01:27:05.496597,15.43,15.17,15.43,15.43,1010,82,1.21,34,20,0.0,Clouds,few clouds,1
Rákosliget,47.486111,19.257778,2026-06-03 01:27:06.690481,18.0,17.71,16.97,18.69,1008,71,1.62,168,92,0.0,Clouds,overcast clouds,1
Ikrény,47.657778,17.524167,2026-06-03 01:27:07.884714,17.66,17.44,17.66,17.66,1007,75,3.17,144,5,0.0,Clear,clear sky,1
Rábapatona,47.648889,17.461944,2026-06-03 01:27:09.089925,17.71,17.52,17.71,17.71,1007,76,3.01,146,6,0.0,Clear,clear sky,1
Enese,47.644167,17.425278,2026-06-03 01:27:10.289965,17.72,17.53,17.72,17.72,1007,76,2.91,148,8,0.0,Clear,clear sky,1
Kóny,47.632222,17.357222,2026-06-03 01:27:11.485298,17.72,17.53,17.72,17.72,1007,76,2.92,151,9,0.0,Clear,clear sky,1
Farád,47.595278,17.195833,2026-06-03 01:27:12.676566,17.79,17.64,17.79,17.79,1007,77,2.96,162,14,0.0,Clouds,few clouds,1
Rábatamási,47.592778,17.161389,2026-06-03 01:27:13.871632,17.79,17.64,17.79,17.79,1007,77,2.96,162,14,0.0,Clouds,few clouds,1
Szárföld,47.589167,17.123889,2026-06-03 01:27:15.073766,17.77,17.64,17.77,17.77,1007,78,2.9,164,14,0.0,Clouds,few clouds,1
Veszkény,47.586944,17.101389,2026-06-03 01:27:16.275851,17.78,17.6,17.78,17.78,1007,76,2.81,166,14,0.0,Clouds,few clouds,1
Kapuvár,47.581944,17.046944,2026-06-03 01:27:17.471188,17.76,17.58,17.76,17.76,1007,76,2.73,170,15,0.0,Clouds,few clouds,1
Vitnyéd-Csermajor,47.5825,16.987222,2026-06-03 01:27:18.666205,17.77,17.59,17.77,17.77,1007,76,2.48,176,13,0.0,Clouds,few clouds,1
Petőháza,47.595278,16.893056,2026-06-03 01:27:19.866228,17.72,17.53,17.72,17.72,1007,76,1.77,194,12,0.0,Clouds,few clouds,1
Fertőszentmiklós,47.6,16.858889,2026-06-03 01:27:21.076969,17.72,17.53,17.27,17.72,1007,76,1.56,203,12,0.0,Clouds,few clouds,1
Pinnye,47.600278,16.768611,2026-06-03 01:27:22.275995,17.6,17.4,17.15,17.6,1007,76,1.05,261,20,0.0,Clouds,few clouds,1
Fertőboz,47.625,16.691667,2026-06-03 01:27:23.469000,17.44,17.22,16.99,17.44,1007,76,1.36,309,27,0.0,Clouds,scattered clouds,1
Sopron,47.677778,16.587222,2026-06-03 01:27:24.662965,17.14,16.97,16.69,17.14,1007,79,2.3,344,29,0.0,Clouds,scattered clouds,1
Fertőszéplak-Fertőd,47.618889,16.850833,2026-06-03 01:27:25.855607,17.74,17.55,17.29,17.74,1007,76,1.24,223,14,0.0,Clouds,few clouds,1
Nyúl,47.587778,17.698056,2026-06-03 01:27:27.066549,17.57,17.29,17.57,17.57,1007,73,4.11,145,5,0.0,Clear,clear sky,1
Pannonhalma,47.547778,17.740833,2026-06-03 01:27:28.268324,17.37,17.04,17.37,17.37,1007,72,4.7,149,10,0.0,Clear,clear sky,1
Tarjánpuszta,47.504722,17.789167,2026-06-03 01:27:29.461599,17.29,16.93,17.29,17.29,1008,71,4.84,151,12,0.0,Clouds,few clouds,1
Győrasszonyfa,47.4925,17.799167,2026-06-03 01:27:30.654863,17.29,16.93,17.29,17.29,1008,71,4.84,151,12,0.0,Clouds,few clouds,1
Veszprémvarsány,47.443333,17.818333,2026-06-03 01:27:31.848593,17.19,16.82,17.19,17.19,1008,71,4.78,153,12,0.0,Clouds,few clouds,1
Bakonyszentlászló,47.395556,17.8175,2026-06-03 01:27:33.049760,16.85,16.42,16.85,16.85,1008,70,4.54,154,10,0.0,Clear,clear sky,1
Porva-Csesznek,47.326944,17.841111,2026-06-03 01:27:34.246335,15.51,14.94,15.51,15.51,1008,70,4.14,154,9,0.0,Clear,clear sky,1
Zirc,47.266667,17.878056,2026-06-03 01:27:35.439578,15.55,14.96,15.55,15.55,1008,69,3.19,151,9,0.0,Clear,clear sky,1
Eplény,47.192778,17.921667,2026-06-03 01:27:36.632028,15.99,15.42,15.99,15.99,1008,68,2.13,141,8,0.0,Clear,clear sky,1
Marcaltő,47.4275,17.348889,2026-06-03 01:27:37.824217,17.74,17.53,17.74,17.74,1007,75,3.91,153,33,0.0,Clouds,scattered clouds,1
Szany-Rábaszentandrás,47.460833,17.315278,2026-06-03 01:27:39.030274,17.73,17.54,17.73,17.73,1007,76,3.59,154,25,0.0,Clouds,scattered clouds,1
Egyed-Rábacsanak,47.521944,17.316389,2026-06-03 01:27:40.231976,17.71,17.52,17.71,17.71,1007,76,3.29,154,17,0.0,Clouds,few clouds,1
Rábapordány,47.557222,17.315,2026-06-03 01:27:41.433366,17.73,17.54,17.73,17.73,1007,76,3.17,154,14,0.0,Clouds,few clouds,1
Albertfalva,47.440784,19.033965,2026-06-03 01:27:42.625560,17.97,17.62,17.22,18.95,1008,69,1.79,223,89,0.0,Clouds,overcast clouds,1
Budafok,47.425833,19.041389,2026-06-03 01:27:43.819070,17.93,17.55,17.23,18.95,1008,68,1.79,223,89,0.0,Clouds,overcast clouds,1
Tétényliget,47.384722,18.955278,2026-06-03 01:27:45.031458,18.2,17.85,17.25,18.97,1008,68,1.76,149,90,0.0,Clouds,overcast clouds,1
Érd alsó,47.379722,18.923056,2026-06-03 01:27:46.223140,18.12,17.76,17.11,18.84,1008,68,1.8,148,90,0.0,Clouds,overcast clouds,1
Tárnok,47.365556,18.873889,2026-06-03 01:27:47.417606,18.35,18.02,17.17,18.9,1008,68,1.92,146,92,0.0,Clouds,overcast clouds,1
Martonvásár,47.321389,18.781667,2026-06-03 01:27:48.611215,18.58,18.35,17.1,18.83,1008,71,2.0,151,93,0.0,Clouds,overcast clouds,1
Baracska,47.297222,18.753333,2026-06-03 01:27:49.804964,16.0,15.51,16.0,18.93,1008,71,2.01,154,93,0.0,Clouds,overcast clouds,1
Pettend,47.26,18.708889,2026-06-03 01:27:51.007326,16.75,16.33,16.75,16.75,1008,71,1.99,157,94,0.0,Clouds,overcast clouds,1
Kápolnásnyék,47.245556,18.692222,2026-06-03 01:27:52.201541,16.85,16.44,16.85,16.85,1008,71,2.02,160,94,0.0,Clouds,overcast clouds,1
Velence,47.226944,18.663889,2026-06-03 01:27:53.398587,16.95,16.55,16.95,16.95,1008,71,1.96,160,94,0.0,Clouds,overcast clouds,1
Velencefürdő,47.218611,18.648056,2026-06-03 01:27:54.592426,16.95,16.55,16.95,16.95,1008,71,2.08,162,93,0.0,Clouds,overcast clouds,1
Gárdony,47.205833,18.624722,2026-06-03 01:27:55.787205,17.0,16.61,17.0,17.0,1009,71,2.03,162,93,0.0,Clouds,overcast clouds,1
Agárd,47.197666,18.604907,2026-06-03 01:27:56.992629,17.0,16.61,17.0,17.0,1009,71,2.03,162,93,0.0,Clouds,overcast clouds,1
Dinnyés,47.179722,18.560833,2026-06-03 01:27:58.195753,17.01,16.62,17.01,17.01,1009,71,2.07,162,93,0.0,Clouds,overcast clouds,1
Székesfehérvár,47.183611,18.424722,2026-06-03 01:27:59.390567,17.09,16.68,17.09,17.09,1009,70,1.97,157,98,0.0,Clouds,overcast clouds,1
Szabadbattyán,47.105278,18.388333,2026-06-03 01:28:00.583831,17.11,16.68,17.11,17.11,1009,69,2.35,161,100,0.0,Clouds,overcast clouds,1
Kiscséripuszta,47.048056,18.355,2026-06-03 01:28:01.784732,16.9,16.45,16.9,16.9,1008,69,2.56,162,100,0.0,Clouds,overcast clouds,1
Lepsény,46.9875,18.248056,2026-06-03 01:28:02.984277,17.12,16.74,17.12,18.23,1008,71,2.54,161,89,0.0,Clouds,overcast clouds,1
Balatonaliga,46.984444,18.171389,2026-06-03 01:28:04.185411,16.93,16.53,16.93,18.04,1008,71,1.99,155,61,0.0,Clouds,broken clouds,1
Balatonvilágos,46.964167,18.157222,2026-06-03 01:28:05.384559,16.97,16.58,16.97,18.08,1008,71,1.89,153,51,0.0,Clouds,broken clouds,1
Szabadifürdő,46.926111,18.103333,2026-06-03 01:28:06.579684,17.14,16.76,17.14,18.25,1008,71,2.0,155,49,0.0,Clouds,scattered clouds,1
Ózd alsó,48.227778,20.306111,2026-06-03 01:28:07.777821,17.07,16.82,17.07,18.16,1011,76,0.27,211,100,0.0,Clouds,overcast clouds,1
Ózd,48.2225,20.294722,2026-06-03 01:28:08.986050,17.12,16.87,17.12,18.21,1011,76,0.27,211,100,0.0,Clouds,overcast clouds,1
Alsóboldva,48.212778,20.792222,2026-06-03 01:28:10.185516,18.54,18.67,18.54,18.54,1010,85,1.3,132,100,0.0,Clouds,overcast clouds,1
Boldva,48.223333,20.790278,2026-06-03 01:28:11.377832,18.53,18.66,18.53,18.53,1010,85,1.3,132,100,0.0,Clouds,overcast clouds,1
Borsodszirák,48.259167,20.770556,2026-06-03 01:28:12.587341,18.49,18.59,18.49,18.49,1011,84,1.28,120,100,0.0,Clouds,overcast clouds,1
Edelény alsó,48.279167,20.760833,2026-06-03 01:28:13.787348,15.43,15.22,15.43,15.43,1011,84,1.28,120,100,0.0,Clouds,overcast clouds,1
Edelény,48.299722,20.749444,2026-06-03 01:28:14.995904,15.36,15.14,15.36,15.36,1010,84,1.31,112,100,0.0,Clouds,overcast clouds,1
Szendrőlád,48.334444,20.731944,2026-06-03 01:28:16.201190,14.25,13.92,14.25,14.25,1010,84,1.34,95,99,0.0,Clouds,overcast clouds,1
Szendrő,48.400725,20.721346,2026-06-03 01:28:17.404844,15.11,14.87,15.11,15.11,1010,84,1.45,80,99,0.0,Clouds,overcast clouds,1
Szendrő felső,48.409907,20.720148,2026-06-03 01:28:18.597435,15.11,14.87,15.11,15.11,1010,84,1.45,80,99,0.0,Clouds,overcast clouds,1
Szalonna,48.449444,20.722222,2026-06-03 01:28:19.791802,15.12,14.91,15.12,15.12,1010,85,1.55,69,99,0.0,Clouds,overcast clouds,1
Perkupa,48.471389,20.691111,2026-06-03 01:28:20.993950,14.4,14.12,14.4,14.4,1010,85,1.62,64,99,0.0,Clouds,overcast clouds,1
Szemeretelep,47.443056,19.214167,2026-06-03 01:28:22.187375,17.96,17.64,17.03,18.76,1008,70,1.69,162,90,0.0,Clouds,overcast clouds,1
Jósvafő-Aggtelek,48.489722,20.693889,2026-06-03 01:28:23.380365,14.69,14.43,14.69,14.69,1010,85,1.64,62,98,0.0,Clouds,overcast clouds,1
Bódvaszilas,48.5375,20.738056,2026-06-03 01:28:24.585498,14.27,14.0,14.27,14.27,1010,86,1.49,61,100,0.0,Clouds,overcast clouds,1
Komjáti,48.5475,20.759722,2026-06-03 01:28:25.780444,13.81,13.52,13.81,13.81,1010,87,1.31,63,100,0.0,Clouds,overcast clouds,1
Tornanádaska,48.558333,20.787222,2026-06-03 01:28:26.985482,14.98,14.81,14.98,14.98,1010,87,1.21,66,100,0.0,Clouds,overcast clouds,1
Onga,48.121111,20.906667,2026-06-03 01:28:28.176836,15.59,15.45,15.59,15.59,1010,86,1.41,128,82,0.0,Clouds,broken clouds,1
Szikszó-Vásártér,48.193056,20.934722,2026-06-03 01:28:29.377996,15.48,15.3,15.48,15.48,1010,85,1.46,124,93,0.0,Clouds,overcast clouds,1
Szikszó,48.201667,20.941667,2026-06-03 01:28:30.581457,15.5,15.35,15.5,15.5,1010,86,1.5,121,92,0.0,Clouds,overcast clouds,1
Aszaló,48.219867,20.961466,2026-06-03 01:28:31.774808,15.33,15.16,15.33,15.33,1010,86,1.48,120,96,0.0,Clouds,overcast clouds,1
Halmaj,48.246667,20.991667,2026-06-03 01:28:32.975435,15.43,15.27,15.43,15.43,1010,86,1.47,116,98,0.0,Clouds,overcast clouds,1
Csobád,48.277222,21.033889,2026-06-03 01:28:34.168623,15.41,15.25,15.41,15.41,1010,86,1.43,114,100,0.0,Clouds,overcast clouds,1
Ináncs,48.291111,21.057778,2026-06-03 01:28:35.367683,15.32,15.18,15.32,15.32,1010,87,1.39,111,98,0.0,Clouds,overcast clouds,1
Forró-Encs,48.3275,21.117778,2026-06-03 01:28:36.563567,15.24,15.09,15.24,15.24,1010,87,1.36,110,96,0.0,Clouds,overcast clouds,1
Méra,48.363056,21.140278,2026-06-03 01:28:37.756571,14.99,14.84,14.99,14.99,1010,88,1.3,111,89,0.0,Clouds,overcast clouds,1
Novajidrány,48.404444,21.170556,2026-06-03 01:28:38.966990,14.44,14.26,14.44,14.44,1010,89,1.27,112,83,0.0,Clouds,broken clouds,1
Hernádszurdok,48.487222,21.213889,2026-06-03 01:28:40.161346,14.36,14.36,14.36,14.76,1009,96,1.18,118,70,0.0,Clouds,broken clouds,1
Hidasnémeti,48.508333,21.229722,2026-06-03 01:28:41.354658,14.37,14.37,14.37,14.77,1009,96,1.15,121,70,0.0,Clouds,broken clouds,1
Mád,48.19,21.268889,2026-06-03 01:28:42.549625,17.29,17.24,17.29,17.29,1010,83,1.23,95,93,0.0,Clouds,overcast clouds,1
Rátka,48.215,21.230278,2026-06-03 01:28:43.742302,17.45,17.42,17.45,17.45,1010,83,1.3,97,92,0.0,Clouds,overcast clouds,1
Tállya,48.226944,21.225278,2026-06-03 01:28:44.943612,17.4,17.36,17.4,17.4,1010,83,1.3,97,92,0.0,Clouds,overcast clouds,1
Golop,48.242778,21.204167,2026-06-03 01:28:46.143647,17.52,17.49,17.52,17.52,1010,83,1.39,103,93,0.0,Clouds,overcast clouds,1
Abaújszántó,48.286944,21.181667,2026-06-03 01:28:47.341068,17.43,17.53,17.43,17.43,1010,88,1.34,105,91,0.0,Clouds,overcast clouds,1
Abaújszántói fürdő,48.268333,21.179722,2026-06-03 01:28:48.535806,17.49,17.57,17.49,17.49,1010,87,1.36,104,92,0.0,Clouds,overcast clouds,1
Abaújkér,48.309444,21.198333,2026-06-03 01:28:49.728822,17.39,17.48,17.39,17.39,1010,88,1.33,106,89,0.0,Clouds,overcast clouds,1
Boldogkőváralja,48.345,21.208889,2026-06-03 01:28:50.933071,17.19,17.29,17.19,17.19,1010,89,1.25,103,79,0.0,Clouds,broken clouds,1
Korlát-Vizsoly,48.365,21.219167,2026-06-03 01:28:52.132510,17.1,17.19,17.1,17.1,1010,89,1.24,105,76,0.0,Clouds,broken clouds,1
Fony,48.411389,21.242778,2026-06-03 01:28:53.333594,14.24,14.07,14.24,14.71,1010,90,1.22,112,72,0.0,Clouds,broken clouds,1
Hejce-Vilmány,48.419444,21.245556,2026-06-03 01:28:54.535885,14.21,14.04,14.21,14.67,1010,90,1.22,112,72,0.0,Clouds,broken clouds,1
Göncruszka,48.445,21.246944,2026-06-03 01:28:55.729574,14.3,14.14,14.3,14.76,1009,90,1.2,115,71,0.0,Clouds,broken clouds,1
Gönc,48.470556,21.261389,2026-06-03 01:28:56.950630,14.21,14.04,14.2,14.67,1009,90,1.16,117,66,0.0,Clouds,broken clouds,1
Zsujta,48.4925,21.265,2026-06-03 01:28:58.152798,14.26,14.25,14.22,14.69,1009,96,1.14,120,66,0.0,Clouds,broken clouds,1
Bodrogkeresztúr,48.175556,21.354167,2026-06-03 01:28:59.355888,17.56,17.54,17.56,17.56,1010,83,1.09,89,92,0.0,Clouds,overcast clouds,1
Szegi,48.201944,21.387778,2026-06-03 01:29:00.551925,17.6,17.58,15.2,17.6,1010,83,1.01,77,84,0.0,Clouds,broken clouds,1
Erdőbénye,48.218056,21.401944,2026-06-03 01:29:01.744666,17.57,17.55,15.17,17.57,1010,83,0.99,69,79,0.0,Clouds,broken clouds,1
Olaszliszka-Tolcsva,48.258333,21.448056,2026-06-03 01:29:02.948753,17.6,17.58,15.2,17.6,1010,83,0.97,63,73,0.0,Clouds,broken clouds,1
Bodrogolaszi,48.286944,21.512778,2026-06-03 01:29:04.141937,15.14,15.32,15.14,17.54,1010,100,0.95,60,70,0.0,Clouds,broken clouds,1
Sárospatak,48.325833,21.566111,2026-06-03 01:29:05.345150,15.09,15.27,15.09,17.49,1010,100,0.94,48,74,0.0,Clouds,broken clouds,1
Sátoraljaújhely,48.385833,21.657778,2026-06-03 01:29:06.537374,15.17,15.35,15.17,15.17,1010,100,0.95,54,81,0.0,Clouds,broken clouds,1
Vecsés,47.40855,19.25652,2026-06-03 01:29:07.734001,18.19,17.92,17.07,18.8,1008,71,1.82,165,85,0.0,Clouds,overcast clouds,1
Vecsés-Kertekalja,47.403333,19.271389,2026-06-03 01:29:08.935162,18.25,17.98,17.11,18.84,1008,71,1.82,165,85,0.0,Clouds,overcast clouds,1
Üllő,47.390833,19.348889,2026-06-03 01:29:10.134689,18.25,18.01,17.06,18.79,1008,72,1.96,169,78,0.0,Clouds,broken clouds,1
Monor,47.34545,19.43701,2026-06-03 01:29:11.341899,18.27,18.03,18.27,18.27,1009,72,2.24,177,67,0.0,Clouds,broken clouds,1
Pilis,47.279722,19.536389,2026-06-03 01:29:12.534502,18.23,18.17,18.23,18.23,1009,79,2.47,177,66,0.0,Clouds,broken clouds,1
Albertirsa,47.240278,19.606389,2026-06-03 01:29:13.728879,16.17,15.96,16.17,16.17,1009,81,2.73,179,67,0.0,Clouds,broken clouds,1
Ceglédbercel-Cserő,47.210278,19.686944,2026-06-03 01:29:14.930370,16.24,16.06,16.24,16.24,1009,82,2.88,181,70,0.0,Clouds,broken clouds,1
Cegléd,47.182778,19.806111,2026-06-03 01:29:16.132497,14.34,14.02,14.34,14.34,1009,84,3.07,183,76,0.0,Clouds,broken clouds,1
Abony,47.173056,20.016389,2026-06-03 01:29:17.335851,14.4,13.98,14.4,14.4,1009,80,3.18,180,85,0.0,Clouds,overcast clouds,1
Szolnok,47.179167,20.175833,2026-06-03 01:29:18.532112,14.42,14.01,14.42,14.42,1009,80,3.22,178,84,0.0,Clouds,broken clouds,1
Szajol,47.170556,20.295278,2026-06-03 01:29:19.725204,14.43,14.02,14.43,14.43,1009,80,3.21,178,85,0.0,Clouds,overcast clouds,1
Törökszentmiklós,47.170278,20.413611,2026-06-03 01:29:20.926868,14.43,14.07,14.43,14.43,1009,82,3.23,181,89,0.0,Clouds,overcast clouds,1
Rákoscsaba-Újtelep,47.4875,19.271944,2026-06-03 01:29:22.122455,18.02,17.73,16.97,18.69,1008,71,1.62,168,92,0.0,Clouds,overcast clouds,1
Rákoscsaba,47.492222,19.284722,2026-06-03 01:29:23.328772,18.14,17.86,16.96,18.69,1008,71,1.64,171,89,0.0,Clouds,overcast clouds,1
Pécel,47.493889,19.338889,2026-06-03 01:29:24.524642,18.04,17.78,16.84,18.56,1008,72,1.66,174,87,0.0,Clouds,overcast clouds,1
Isaszeg,47.537719,19.388955,2026-06-03 01:29:25.719715,18.01,17.75,16.75,18.01,1008,72,1.59,177,88,0.0,Clouds,overcast clouds,1
Gödöllő,47.592222,19.358611,2026-06-03 01:29:26.919284,17.71,17.42,16.53,18.25,1009,72,1.51,172,91,0.0,Clouds,overcast clouds,1
Máriabesnyő,47.595556,19.389722,2026-06-03 01:29:28.115123,17.93,17.66,16.67,17.93,1009,72,1.51,172,91,0.0,Clouds,overcast clouds,1
Bag,47.641111,19.471667,2026-06-03 01:29:29.317623,18.29,18.11,18.29,18.29,1009,74,1.4,171,90,0.0,Clouds,overcast clouds,1
Aszód,47.647467,19.492882,2026-06-03 01:29:30.527470,18.36,18.21,18.36,18.36,1009,75,1.39,173,88,0.0,Clouds,overcast clouds,1
Hévízgyörk,47.638611,19.526667,2026-06-03 01:29:31.720688,18.37,18.22,18.37,18.37,1009,75,1.39,175,87,0.0,Clouds,overcast clouds,1
Galgahévíz,47.6325,19.558333,2026-06-03 01:29:32.923056,18.36,18.24,18.36,18.36,1009,76,1.5,185,81,0.0,Clouds,broken clouds,1
Tura,47.626389,19.5975,2026-06-03 01:29:34.128863,18.39,18.3,18.39,18.39,1009,77,1.52,185,81,0.0,Clouds,broken clouds,1
Hatvan,47.663611,19.671389,2026-06-03 01:29:35.331841,16.25,15.94,16.25,16.25,1009,77,1.23,172,88,0.0,Clouds,overcast clouds,1
Vámosgyörk,47.686111,19.927778,2026-06-03 01:29:36.532604,16.3,16.05,16.3,16.3,1009,79,0.74,200,97,0.0,Clouds,overcast clouds,1
Adács,47.696389,19.975278,2026-06-03 01:29:37.729690,16.34,16.09,16.34,16.34,1010,79,0.55,199,100,0.0,Clouds,overcast clouds,1
Karácsond,47.718056,20.048611,2026-06-03 01:29:38.930027,16.22,15.96,16.22,16.22,1010,79,0.46,190,100,0.0,Clouds,overcast clouds,1
Ludas,47.723889,20.095556,2026-06-03 01:29:40.124190,16.38,16.16,16.38,16.38,1010,80,0.57,173,100,0.0,Clouds,overcast clouds,1
Nagyút,47.72666666666667,20.161388888888887,2026-06-03 01:29:41.323508,16.31,16.09,16.31,16.31,1010,80,0.64,166,100,0.0,Clouds,overcast clouds,1
Kál-Kápolna,47.734167,20.254167,2026-06-03 01:29:42.516669,16.24,16.03,16.24,16.24,1010,81,1.0,140,100,0.0,Clouds,overcast clouds,1
Füzesabony,47.751389,20.415278,2026-06-03 01:29:43.708634,16.13,15.94,16.13,16.13,1010,82,1.42,113,99,0.0,Clouds,overcast clouds,1
Szihalom,47.766944,20.491944,2026-06-03 01:29:44.915917,15.99,15.81,15.99,15.99,1010,83,1.48,106,99,0.0,Clouds,overcast clouds,1
Mezőkövesd,47.797222,20.5675,2026-06-03 01:29:46.109862,15.98,15.83,15.98,15.98,1010,84,1.33,103,100,0.0,Clouds,overcast clouds,1
Mezőkövesd felső,47.807222,20.591389,2026-06-03 01:29:47.307414,18.58,18.69,18.58,18.58,1010,84,1.33,103,100,0.0,Clouds,overcast clouds,1
Mezőkeresztes-Mezőnyárád,47.845556,20.670278,2026-06-03 01:29:48.499635,18.58,18.71,18.58,18.58,1010,85,0.88,115,100,0.0,Clouds,overcast clouds,1
Csincse,47.890833,20.764167,2026-06-03 01:29:49.692742,18.6,18.76,18.6,18.6,1010,86,0.71,133,92,0.0,Clouds,overcast clouds,1
Emőd,47.930556,20.822778,2026-06-03 01:29:50.894748,18.62,18.78,18.62,18.62,1010,86,0.74,147,88,0.0,Clouds,overcast clouds,1
Nyékládháza,47.9925,20.840556,2026-06-03 01:29:52.095501,18.65,18.82,18.65,18.65,1010,86,0.89,149,83,0.0,Clouds,broken clouds,1
Miskolc-Tiszai,48.098611,20.811389,2026-06-03 01:29:53.304231,18.57,18.73,18.57,18.57,1010,86,1.11,154,96,0.0,Clouds,overcast clouds,1
Felsőzsolca,48.083611,20.866111,2026-06-03 01:29:54.503854,18.59,18.75,18.59,18.59,1010,86,1.22,140,86,0.0,Clouds,overcast clouds,1
Hernádnémeti-Bőcs,48.051389,20.985,2026-06-03 01:29:55.704594,15.54,15.4,15.54,15.54,1010,86,1.46,121,68,0.0,Clouds,broken clouds,1
Tiszalúc,48.039722,21.0575,2026-06-03 01:29:56.908726,17.59,17.65,17.59,17.59,1010,86,1.47,118,69,0.0,Clouds,broken clouds,1
Taktaharkány,48.091667,21.128611,2026-06-03 01:29:58.109338,17.64,17.63,17.64,17.64,1010,83,1.54,113,82,0.0,Clouds,broken clouds,1
Taktaszada,48.1125,21.149444,2026-06-03 01:29:59.319261,17.65,17.64,17.65,17.65,1010,83,1.52,110,90,0.0,Clouds,overcast clouds,1
Szerencs,48.155556,21.214444,2026-06-03 01:30:00.510164,17.64,17.63,17.64,17.64,1010,83,1.57,111,100,0.0,Clouds,overcast clouds,1
Mezőzombor,48.156944,21.267778,2026-06-03 01:30:01.704253,17.64,17.63,17.64,17.64,1010,83,1.5,107,100,0.0,Clouds,overcast clouds,1
Tarcal,48.125,21.34,2026-06-03 01:30:02.914668,17.66,17.65,17.66,17.66,1010,83,1.3,111,100,0.0,Clouds,overcast clouds,1
Tokaj,48.112778,21.406667,2026-06-03 01:30:04.105456,17.62,17.6,17.62,17.62,1010,83,1.06,99,98,0.0,Clouds,overcast clouds,1
Rakamaz,48.12,21.475,2026-06-03 01:30:05.305198,17.62,17.6,17.62,17.62,1010,83,0.99,95,96,0.0,Clouds,overcast clouds,1
Görögszállás,48.04,21.555,2026-06-03 01:30:06.506771,17.58,17.56,17.58,17.58,1010,83,0.64,134,89,0.0,Clouds,overcast clouds,1
Nyírtelek,48.005,21.615556,2026-06-03 01:30:07.704586,17.62,17.6,17.62,17.62,1010,83,0.57,168,86,0.0,Clouds,overcast clouds,1
Rákoshegy,47.468611,19.245556,2026-06-03 01:30:08.908174,17.92,17.6,16.91,18.64,1009,70,1.62,154,78,0.0,Clouds,broken clouds,1
Ecser,47.439444,19.318056,2026-06-03 01:30:10.104563,18.15,17.9,16.96,18.69,1009,72,1.68,157,74,0.0,Clouds,broken clouds,1
Maglód,47.438889,19.340833,2026-06-03 01:30:11.300678,18.1,17.85,16.9,18.63,1009,72,1.66,160,68,0.0,Clouds,broken clouds,1
Maglódi nyaraló,47.434167,19.363611,2026-06-03 01:30:12.491787,18.0,17.74,16.8,18.53,1009,72,1.63,164,63,0.0,Clouds,broken clouds,1
Gyömrő,47.429722,19.393333,2026-06-03 01:30:13.683898,18.02,17.76,15.56,18.03,1009,72,1.63,164,63,0.0,Clouds,broken clouds,1
Mende,47.426944,19.439722,2026-06-03 01:30:14.888756,17.99,17.72,16.73,17.99,1009,72,1.74,174,51,0.0,Clouds,broken clouds,1
Szőlősnyaraló,47.450278,19.561111,2026-06-03 01:30:16.080801,18.22,17.98,18.22,18.22,1009,72,1.82,182,43,0.0,Clouds,scattered clouds,1
Sülysáp,47.451944,19.5275,2026-06-03 01:30:17.279145,18.2,17.96,18.2,18.2,1009,72,1.71,179,44,0.0,Clouds,scattered clouds,1
Tápiószecső,47.443056,19.614722,2026-06-03 01:30:18.474264,18.31,18.23,18.31,18.31,1009,78,1.88,183,43,0.0,Clouds,scattered clouds,1
Szentmártonkáta,47.431944,19.680556,2026-06-03 01:30:19.668295,18.33,18.28,18.33,18.33,1009,79,2.01,184,46,0.0,Clouds,scattered clouds,1
Nagykáta,47.409722,19.737778,2026-06-03 01:30:20.867812,16.42,16.21,16.42,16.42,1009,80,2.16,183,47,0.0,Clouds,scattered clouds,1
Farmos,47.355278,19.8375,2026-06-03 01:30:22.066323,16.52,16.39,16.52,16.52,1009,83,2.51,180,52,0.0,Clouds,broken clouds,1
Tápiószele,47.346313,19.873504,2026-06-03 01:30:23.268899,16.48,16.38,16.48,16.48,1009,84,2.63,178,54,0.0,Clouds,broken clouds,1
Tápiógyörgye,47.325,19.95,2026-06-03 01:30:24.466577,14.39,14.05,14.39,14.39,1009,83,2.71,179,57,0.0,Clouds,broken clouds,1
Újszász,47.285833,20.066944,2026-06-03 01:30:25.681045,14.43,14.07,14.43,14.43,1009,82,2.96,176,67,0.0,Clouds,broken clouds,1
Szurdokpüspöki,47.851944,19.690278,2026-06-03 01:30:26.900951,16.45,16.19,16.45,16.45,1010,78,0.97,124,100,0.0,Clouds,overcast clouds,1
Lőrinci,47.739444,19.673611,2026-06-03 01:30:28.100919,16.51,16.25,16.51,16.51,1009,78,0.86,127,83,0.0,Clouds,broken clouds,1
Selyp,47.759167,19.670833,2026-06-03 01:30:29.292723,16.51,16.25,16.51,16.51,1009,78,0.88,123,88,0.0,Clouds,overcast clouds,1
Apc-Zagyvaszántó,47.791328,19.66822,2026-06-03 01:30:30.486377,16.53,16.28,16.53,16.53,1010,78,0.92,121,92,0.0,Clouds,overcast clouds,1
Pásztó,47.918889,19.688889,2026-06-03 01:30:31.677854,16.29,16.04,16.29,16.29,1010,79,0.97,130,100,0.0,Clouds,overcast clouds,1
Mátraszőlős-Hasznos,47.938506,19.706122,2026-06-03 01:30:32.878655,16.3,16.05,16.3,16.3,1010,79,0.91,139,100,0.0,Clouds,overcast clouds,1
Tar,47.956111,19.746389,2026-06-03 01:30:34.073831,15.9,15.61,15.9,15.9,1010,79,0.88,154,99,0.0,Clouds,overcast clouds,1
Mátraverebély,47.968333,19.778611,2026-06-03 01:30:35.269928,16.78,16.58,16.78,16.78,1010,79,0.88,154,99,0.0,Clouds,overcast clouds,1
Nagybátony,47.981111,19.82,2026-06-03 01:30:36.463940,16.99,16.83,16.99,16.99,1010,80,0.9,163,95,0.0,Clouds,overcast clouds,1
Kisterenye,48.009444,19.831944,2026-06-03 01:30:37.671347,16.98,16.82,16.98,16.98,1010,80,0.93,168,90,0.0,Clouds,overcast clouds,1
Kisterenye-Bányatelep,48.021389,19.831944,2026-06-03 01:30:38.872513,16.98,16.82,16.98,16.98,1010,80,0.93,168,90,0.0,Clouds,overcast clouds,1
Salgótarján külső,48.089444,19.790833,2026-06-03 01:30:40.067966,16.71,16.55,16.71,16.71,1010,81,0.82,154,78,0.0,Clouds,broken clouds,1
Balatonfenyves GV,46.7125,17.479167,2026-06-03 01:30:41.260393,17.66,17.39,17.66,17.66,1008,73,2.49,154,41,0.0,Clouds,scattered clouds,1
Várhegyalja,47.737778,18.366667,2026-06-03 01:30:42.459665,16.74,16.43,16.74,16.74,1008,75,3.12,129,25,0.0,Clouds,scattered clouds,1
Imremajor,46.680556,17.499722,2026-06-03 01:30:43.655137,17.68,17.41,17.68,17.68,1008,73,2.65,158,42,0.0,Clouds,scattered clouds,1
Rákospalota-Kertváros,47.578333,19.122778,2026-06-03 01:30:44.857251,17.8,17.44,17.16,18.89,1009,69,1.41,137,83,0.0,Clouds,broken clouds,1
Vicziántelep,47.675833,19.286111,2026-06-03 01:30:46.047901,17.77,17.48,16.63,18.36,1009,72,1.39,135,78,0.0,Clouds,broken clouds,1
Pálmajor,46.662831,17.457526,2026-06-03 01:30:47.238574,17.63,17.38,17.63,17.63,1008,74,2.81,160,45,0.0,Clouds,scattered clouds,1
Somogyszentpál felső,46.649758,17.471404,2026-06-03 01:30:48.440185,17.65,17.38,17.65,17.65,1008,73,2.82,160,45,0.0,Clouds,scattered clouds,1
Somogyszentpál,46.638611,17.478611,2026-06-03 01:30:49.635845,17.56,17.3,17.56,17.56,1008,74,2.99,163,47,0.0,Clouds,scattered clouds,1
Rudnaykert,47.7175,19.257778,2026-06-03 01:30:50.839500,18.23,18.01,16.97,18.23,1009,73,1.41,127,81,0.0,Clouds,broken clouds,1
Maroshegy,47.158333,18.406667,2026-06-03 01:30:52.043138,17.06,16.75,17.06,17.06,1009,74,2.31,153,53,0.0,Clouds,broken clouds,1
Bánhida,47.573703,18.371737,2026-06-03 01:30:53.235739,16.58,16.23,16.58,16.58,1008,74,3.03,136,34,0.0,Clouds,scattered clouds,1
Magyarkút,47.850278,19.045,2026-06-03 01:30:54.437888,15.72,15.36,15.72,15.72,1009,77,1.68,109,59,0.0,Clouds,broken clouds,1
Becske alsó,47.897222,19.364722,2026-06-03 01:30:55.635750,15.27,14.89,15.27,15.27,1009,78,1.36,109,100,0.0,Clouds,overcast clouds,1
Hosszúberek-Péteri,47.370556,19.389722,2026-06-03 01:30:56.841690,18.31,18.08,15.84,18.31,1009,72,1.96,162,69,0.0,Clouds,broken clouds,1
Monorierdő,47.308889,19.499167,2026-06-03 01:30:58.043592,18.21,18.07,18.21,18.21,1009,76,2.2,170,62,0.0,Clouds,broken clouds,1
Ceglédbercel,47.215833,19.658611,2026-06-03 01:30:59.239717,16.41,16.17,16.41,16.41,1009,79,2.69,172,70,0.0,Clouds,broken clouds,1
Budai út,47.208333,19.731389,2026-06-03 01:31:00.442838,16.35,16.16,16.35,16.35,1009,81,2.75,173,67,0.0,Clouds,broken clouds,1
Büdöskútpuszta,48.373056,20.726111,2026-06-03 01:31:01.640856,15.4,15.06,15.4,15.4,1010,79,0.96,96,100,0.0,Clouds,overcast clouds,1
Bánrévei Vízmű,48.282778,20.368333,2026-06-03 01:31:02.845364,18.35,18.25,17.26,18.35,1010,77,0.14,258,81,0.0,Clouds,broken clouds,1
Rákoskert,47.456389,19.296111,2026-06-03 01:31:04.039660,18.02,17.73,16.83,18.56,1009,71,1.6,157,73,0.0,Clouds,broken clouds,1
Szirmabesenyő,48.146944,20.783056,2026-06-03 01:31:05.234593,18.5,18.44,18.5,18.5,1010,78,1.4,159,99,0.0,Clouds,overcast clouds,1
Kitérőgyár,47.766944,19.935278,2026-06-03 01:31:06.433648,16.59,16.37,16.59,16.59,1010,79,0.34,212,78,0.0,Clouds,broken clouds,1
Tápiószentmárton,47.373333,19.797778,2026-06-03 01:31:07.635553,16.43,16.3,16.43,16.43,1009,83,2.47,180,51,0.0,Clouds,broken clouds,1
Zagyvarékas,47.244229,20.097435,2026-06-03 01:31:08.841846,14.44,14.05,14.44,14.44,1009,81,3.09,173,74,0.0,Clouds,broken clouds,1
Abonyi út,47.206401,20.125204,2026-06-03 01:31:10.034411,14.44,14.05,14.44,14.44,1009,81,3.13,172,77,0.0,Clouds,broken clouds,1
Jászkisér felső,47.438056,20.202222,2026-06-03 01:31:11.226238,16.52,16.34,16.52,16.52,1010,81,2.37,199,57,0.0,Clouds,broken clouds,1
Szellőhát,47.425556,20.188889,2026-06-03 01:31:12.430038,16.49,16.31,16.49,16.49,1010,81,2.48,195,58,0.0,Clouds,broken clouds,1
Szilvásvárad-Szalajkavölgy,48.0956,20.38272,2026-06-03 01:31:13.642225,16.91,17.14,15.83,16.91,1011,95,0.69,176,87,0.0,Clouds,overcast clouds,1
Vásárosnamény külső,48.084444,22.255556,2026-06-03 01:31:14.846152,14.9,14.74,14.9,14.9,1011,88,2.6,117,84,0.0,Clouds,broken clouds,1
Újváros,46.660556,20.536111,2026-06-03 01:31:16.040232,18.32,18.09,18.32,18.32,1010,72,3.44,168,81,0.0,Clouds,broken clouds,1
Városi park,46.697778,19.864722,2026-06-03 01:31:17.231813,16.1,15.83,15.14,16.1,1010,79,3.0,173,99,0.0,Clouds,overcast clouds,1
Belsőkamaráspuszta,46.341944,20.848889,2026-06-03 01:31:18.447214,15.59,15.61,15.59,15.59,1011,92,3.54,167,99,0.0,Clouds,overcast clouds,1
Sajószöged,47.945278,20.981667,2026-06-03 01:31:19.648559,15.88,15.53,15.88,15.88,1010,77,1.84,144,68,0.0,Clouds,broken clouds,1
Kazincbarcika alsó,48.255278,20.649167,2026-06-03 01:31:20.849281,18.46,18.4,18.46,18.46,1010,78,0.63,151,96,0.0,Clouds,overcast clouds,1
Nyárjas,46.857778,19.923611,2026-06-03 01:31:22.047353,16.06,15.78,15.1,16.06,1010,79,3.08,170,100,0.0,Clouds,overcast clouds,1
Pogonyipuszta,48.296389,20.381667,2026-06-03 01:31:23.239284,18.31,18.21,18.31,18.31,1010,77,0.14,258,81,0.0,Clouds,broken clouds,1
Sióvölgy,46.911103,18.076964,2026-06-03 01:31:24.465547,17.19,16.82,17.19,18.3,1008,71,1.7,178,64,0.0,Clouds,broken clouds,1
Répáspuszta,46.430278,17.847222,2026-06-03 01:31:25.663591,16.97,16.73,16.97,16.97,1009,77,2.95,189,83,0.0,Clouds,broken clouds,1
Virányos,48.066667,21.527222,2026-06-03 01:31:26.862291,17.61,17.59,17.61,17.61,1010,83,0.67,116,90,0.0,Clouds,overcast clouds,1
Füzesbokor,47.988611,21.6475,2026-06-03 01:31:28.055172,17.61,17.59,17.61,17.61,1010,83,0.75,187,88,0.0,Clouds,overcast clouds,1
Kunfehértó,46.355833,19.417222,2026-06-03 01:31:29.249392,16.4,16.08,16.4,16.4,1010,76,3.29,166,82,0.0,Clouds,broken clouds,1
Erdőszél,46.329444,19.395,2026-06-03 01:31:30.450041,16.29,15.99,16.29,16.29,1009,77,3.33,166,74,0.0,Clouds,broken clouds,1
Jánoshalma,46.293056,19.330278,2026-06-03 01:31:31.644031,16.43,16.17,16.43,16.43,1009,78,3.32,166,69,0.0,Clouds,broken clouds,1
Mélykút,46.213056,19.370556,2026-06-03 01:31:32.844400,18.79,18.76,18.79,18.79,1010,78,3.21,165,68,0.0,Clouds,broken clouds,1
Bácsalmás,46.118056,19.346389,2026-06-03 01:31:34.038584,18.83,18.83,18.83,18.83,1009,79,3.15,162,65,0.0,Clouds,broken clouds,1
Almás,46.116216,19.328803,2026-06-03 01:31:35.232550,18.85,18.85,18.85,18.85,1009,79,3.15,162,65,0.0,Clouds,broken clouds,1
Bácsbokod-Bácsborsód,46.115833,19.16,2026-06-03 01:31:36.431880,16.64,16.45,16.64,16.64,1009,80,3.29,161,69,0.0,Clouds,broken clouds,1
Baja,46.187014,18.957602,2026-06-03 01:31:37.624421,17.01,16.88,17.01,17.01,1009,81,3.14,166,66,0.0,Clouds,broken clouds,1
Harkakötöny,46.458333,19.601944,2026-06-03 01:31:38.833996,18.73,18.62,18.73,18.73,1010,75,3.07,170,100,0.0,Clouds,overcast clouds,1
Tajó,46.473056,19.650556,2026-06-03 01:31:40.030223,18.77,18.69,18.77,18.77,1010,76,3.03,170,100,0.0,Clouds,overcast clouds,1
Kiskunmajsa,46.501667,19.728056,2026-06-03 01:31:41.227661,18.81,18.73,16.05,18.81,1010,76,2.96,171,100,0.0,Clouds,overcast clouds,1
Jászszentlászló,46.565833,19.753611,2026-06-03 01:31:42.432198,16.07,15.8,16.07,16.07,1010,79,2.93,173,99,0.0,Clouds,overcast clouds,1
Galambos,46.625,19.801111,2026-06-03 01:31:43.631829,16.1,15.83,16.1,16.1,1010,79,2.95,173,98,0.0,Clouds,overcast clouds,1
Pestszentimre,47.402222,19.188611,2026-06-03 01:31:44.841525,18.0,17.68,17.12,18.85,1009,70,1.93,151,92,0.0,Clouds,overcast clouds,1
Gyál felső,47.390278,19.204722,2026-06-03 01:31:46.039554,18.07,17.79,17.13,18.86,1009,71,1.92,152,89,0.0,Clouds,overcast clouds,1
Gyál,47.376667,19.219444,2026-06-03 01:31:47.242939,18.16,17.89,17.16,18.88,1009,71,1.92,152,89,0.0,Clouds,overcast clouds,1
Ócsa,47.301389,19.232222,2026-06-03 01:31:48.446817,18.19,17.94,17.17,18.89,1009,72,2.25,154,92,0.0,Clouds,overcast clouds,1
Inárcs-Kakucs,47.247222,19.317778,2026-06-03 01:31:49.640800,18.43,18.21,18.43,18.43,1009,72,2.44,159,86,0.0,Clouds,overcast clouds,1
Dabas,47.194722,19.328889,2026-06-03 01:31:50.839012,16.69,16.32,16.69,16.69,1009,73,2.64,161,88,0.0,Clouds,overcast clouds,1
Gyón,47.178333,19.355556,2026-06-03 01:31:52.034589,16.71,16.34,16.71,16.71,1009,73,2.74,163,90,0.0,Clouds,overcast clouds,1
Hernád,47.161389,19.4025,2026-06-03 01:31:53.227806,16.59,16.26,16.59,16.59,1009,75,2.8,166,90,0.0,Clouds,overcast clouds,1
Bakonygyirót,47.416389,17.811944,2026-06-03 01:31:54.425575,17.08,16.7,17.08,17.08,1008,71,4.19,164,24,0.0,Clouds,few clouds,1
Vinye,47.360317,17.819635,2026-06-03 01:31:55.619184,16.61,16.21,16.61,16.61,1008,72,3.9,163,33,0.0,Clouds,scattered clouds,1
Nemesgörzsöny,47.402924,17.376385,2026-06-03 01:31:56.821587,17.4,17.23,17.4,17.4,1008,78,3.19,193,67,0.0,Clouds,broken clouds,1
Rábahíd,47.438618,17.337525,2026-06-03 01:31:58.025697,17.39,17.25,17.39,17.39,1008,79,2.9,202,67,0.0,Clouds,broken clouds,1
Öskü,47.162222,18.076389,2026-06-03 01:31:59.234250,16.86,16.51,16.86,16.86,1008,73,1.72,158,53,0.0,Clouds,broken clouds,1
Márkó,47.1275,17.813889,2026-06-03 01:32:00.445021,17.08,16.78,17.08,17.08,1008,74,1.58,160,60,0.0,Clouds,broken clouds,1
Nemeskocs,47.203333,17.188889,2026-06-03 01:32:01.636735,17.3,17.25,17.3,17.3,1007,83,3.62,161,54,0.0,Clouds,broken clouds,1
Zalagyömörő,47.011111,17.220833,2026-06-03 01:32:02.838166,17.26,17.21,17.26,17.26,1008,83,3.49,146,33,0.0,Clouds,scattered clouds,1
Rigács,47.061667,17.199167,2026-06-03 01:32:04.032803,17.22,17.16,17.22,17.22,1007,83,3.61,147,35,0.0,Clouds,scattered clouds,1
Kemenespálfa,47.139722,17.183056,2026-06-03 01:32:05.226586,17.27,17.22,17.27,17.27,1007,83,3.75,154,43,0.0,Clouds,scattered clouds,1
Lentiszombathely,46.611389,16.5725,2026-06-03 01:32:06.431828,15.51,15.1,15.51,15.51,1007,76,2.7,187,45,0.0,Clouds,scattered clouds,1
Ortaháza,46.626667,16.685833,2026-06-03 01:32:07.638489,16.89,16.7,16.89,16.89,1007,79,2.14,190,30,0.0,Clouds,scattered clouds,1
Rádiháza,46.654722,16.765833,2026-06-03 01:32:08.839333,16.83,16.68,16.83,16.83,1007,81,2.16,191,25,0.0,Clouds,scattered clouds,1
Baktüttös,46.690833,16.826389,2026-06-03 01:32:10.032829,16.93,16.79,16.93,16.93,1007,81,2.53,192,20,0.0,Clouds,few clouds,1
Budafa,46.851667,16.624722,2026-06-03 01:32:11.229317,17.03,16.96,17.03,17.03,1007,83,2.78,186,47,0.0,Clouds,scattered clouds,1
Zalapatakalja,46.845556,16.603889,2026-06-03 01:32:12.433320,17.07,16.97,17.07,17.07,1007,82,2.86,189,57,0.0,Clouds,broken clouds,1
Tormásliget,47.430556,16.781667,2026-06-03 01:32:13.627778,16.41,16.46,16.41,16.41,1007,90,1.46,350,50,0.0,Clouds,scattered clouds,1
Belecska,46.64,18.411389,2026-06-03 01:32:14.833626,17.25,16.96,17.25,17.25,1009,74,2.22,161,60,0.0,Clouds,broken clouds,1
Almár,47.956111,20.356944,2026-06-03 01:32:16.026048,18.12,18.47,17.03,18.12,1011,95,1.04,152,98,0.0,Clouds,overcast clouds,1
Vasútmúzeum,47.543889,19.099444,2026-06-03 01:32:17.224985,17.84,17.48,17.17,18.89,1009,69,1.79,215,85,0.0,Clouds,overcast clouds,1
Abda,47.690833,17.540556,2026-06-03 01:32:18.427817,17.27,17.01,17.27,17.27,1008,75,2.48,219,26,0.0,Clouds,scattered clouds,1
Vadaspark,47.526111,18.949167,2026-06-03 01:32:19.623610,16.59,16.13,15.36,17.09,1009,70,1.79,215,91,0.0,Clouds,overcast clouds,1
Barosstelep,47.398889,18.989167,2026-06-03 01:32:20.824515,18.1,17.74,17.23,18.95,1009,68,1.96,146,99,0.0,Clouds,overcast clouds,1
Fegyvernek-Örményes,47.194444,20.5575,2026-06-03 01:32:22.018663,16.16,15.97,16.16,16.16,1010,82,3.21,182,80,0.0,Clouds,broken clouds,1
Zagyvapálfalva,48.068889,19.785,2026-06-03 01:32:23.214860,16.7,16.54,16.7,16.7,1010,81,0.88,158,84,0.0,Clouds,broken clouds,1
Salgótarján,48.105556,19.807222,2026-06-03 01:32:24.419950,16.57,16.4,16.57,16.57,1010,81,0.73,147,72,0.0,Clouds,broken clouds,1
Szabadisóstó,46.933889,18.118056,2026-06-03 01:32:25.613289,17.17,16.8,17.17,18.28,1008,71,1.87,173,61,0.0,Clouds,broken clouds,1
Siófok,46.907778,18.053889,2026-06-03 01:32:27.036543,17.17,16.8,17.17,18.28,1008,71,1.7,178,64,0.0,Clouds,broken clouds,1
Balatonszéplak felső,46.898056,18.018056,2026-06-03 01:32:28.232288,17.17,16.8,17.17,18.28,1008,71,1.8,181,69,0.0,Clouds,broken clouds,1
Balatonszéplak alsó,46.891944,17.993333,2026-06-03 01:32:29.424225,17.17,16.8,17.17,18.28,1008,71,0.89,315,70,0.0,Clouds,broken clouds,1
Zamárdi felső,46.886111,17.969444,2026-06-03 01:32:30.626600,18.29,17.56,17.18,18.29,1008,53,0.89,315,70,0.0,Clouds,broken clouds,1
Zamárdi,46.88,17.944722,2026-06-03 01:32:31.827877,18.23,17.49,17.12,18.23,1008,53,0.89,315,70,0.0,Clouds,broken clouds,1
Szántód,46.861944,17.899167,2026-06-03 01:32:33.027351,18.3,17.57,17.19,18.3,1008,53,0.89,315,71,0.0,Clouds,broken clouds,1
Szőny-Déli,47.735278,18.141944,2026-06-03 01:32:34.224343,16.94,16.62,16.94,16.94,1008,74,3.91,133,16,0.0,Clouds,few clouds,1
Várpalota,47.194444,18.149167,2026-06-03 01:32:35.418058,16.63,16.28,16.63,16.63,1009,74,2.15,152,51,0.0,Clouds,broken clouds,1
Pétfürdő,47.1675,18.121389,2026-06-03 01:32:36.616947,16.99,16.65,16.99,16.99,1009,73,1.99,154,53,0.0,Clouds,broken clouds,1
Hajmáskér,47.141111,18.009444,2026-06-03 01:32:37.816881,16.77,16.41,16.77,17.88,1008,73,1.66,159,53,0.0,Clouds,broken clouds,1
Veszprém,47.118889,17.91,2026-06-03 01:32:39.016352,17.67,17.4,16.56,17.67,1009,73,1.36,165,56,0.0,Clouds,broken clouds,1
Herend,47.136944,17.760278,2026-06-03 01:32:40.214907,16.86,16.56,16.86,16.86,1008,75,1.71,157,61,0.0,Clouds,broken clouds,1
Városlőd,47.144167,17.652778,2026-06-03 01:32:41.410593,15.97,15.63,15.97,15.97,1008,77,2.71,149,53,0.0,Clouds,broken clouds,1
Városlőd-Kislőd,47.133889,17.631111,2026-06-03 01:32:42.614608,16.43,16.14,16.43,16.43,1008,77,2.49,146,54,0.0,Clouds,broken clouds,1
Ajka,47.105902,17.572938,2026-06-03 01:32:43.812658,16.83,16.61,16.83,16.83,1008,78,2.99,138,46,0.0,Clouds,scattered clouds,1
Ajka-Gyártelep,47.096806,17.555219,2026-06-03 01:32:45.021499,16.83,16.61,16.83,16.83,1008,78,2.99,138,46,0.0,Clouds,scattered clouds,1
Devecser,47.1125,17.435278,2026-06-03 01:32:46.220032,17.12,16.98,17.12,17.12,1008,80,3.56,138,42,0.0,Clouds,scattered clouds,1
Somlóvásárhely,47.124444,17.369167,2026-06-03 01:32:47.420623,17.15,17.04,17.15,17.15,1008,81,3.97,144,45,0.0,Clouds,scattered clouds,1
Tüskevár,47.128611,17.331389,2026-06-03 01:32:48.620476,17.23,17.15,17.23,17.23,1008,82,3.98,145,46,0.0,Clouds,scattered clouds,1
Karakószörcsök,47.133611,17.287778,2026-06-03 01:32:49.820024,17.26,17.18,17.26,17.26,1008,82,3.96,146,47,0.0,Clouds,scattered clouds,1
Kerta,47.151944,17.237222,2026-06-03 01:32:51.020960,17.33,17.29,17.33,17.33,1007,83,3.84,154,49,0.0,Clouds,scattered clouds,1
Boba,47.183333,17.191389,2026-06-03 01:32:52.227439,17.27,17.22,17.27,17.27,1007,83,3.71,158,50,0.0,Clouds,scattered clouds,1
Börgönd,47.140278,18.515,2026-06-03 01:32:53.423323,16.92,16.57,16.92,16.92,1009,73,2.54,158,48,0.0,Clouds,scattered clouds,1
Belsőbáránd,47.102778,18.499722,2026-06-03 01:32:54.628696,16.91,16.56,16.91,16.91,1009,73,2.69,158,50,0.0,Clouds,scattered clouds,1
Zichyújfalu,47.124444,18.6725,2026-06-03 01:32:55.827254,16.83,16.47,16.83,16.83,1009,73,2.78,161,52,0.0,Clouds,broken clouds,1
Seregélyes,47.121111,18.580556,2026-06-03 01:32:57.034762,17.03,16.72,17.03,17.03,1009,74,2.58,158,48,0.0,Clouds,scattered clouds,1
Polgárdi-Ipartelepek,47.079167,18.314444,2026-06-03 01:32:58.229710,16.8,16.44,16.8,16.8,1009,73,2.54,157,65,0.0,Clouds,broken clouds,1
Polgárdi,47.07,18.284167,2026-06-03 01:32:59.421956,16.8,16.44,16.8,16.8,1009,73,2.54,157,65,0.0,Clouds,broken clouds,1
Füle,47.05,18.255278,2026-06-03 01:33:00.629054,16.77,16.38,16.77,16.77,1009,72,2.51,159,67,0.0,Clouds,broken clouds,1
Zánka-Erzsébettábor,46.8775,17.709167,2026-06-03 01:33:01.821902,18.23,17.49,17.12,18.23,1008,53,1.84,162,50,0.0,Clouds,scattered clouds,1
Csajág,47.033889,18.186389,2026-06-03 01:33:03.014466,17.01,16.65,17.01,18.12,1008,72,2.05,163,64,0.0,Clouds,broken clouds,1
Balatonakarattya,47.017222,18.167778,2026-06-03 01:33:04.216011,16.86,16.48,16.86,17.97,1008,72,2.05,163,64,0.0,Clouds,broken clouds,1
Csittényhegy,47.025278,18.1375,2026-06-03 01:33:05.418245,17.08,16.72,17.08,18.19,1008,72,1.84,164,61,0.0,Clouds,broken clouds,1
Balatonkenese,47.0325,18.105556,2026-06-03 01:33:06.620235,17.16,16.81,17.16,18.27,1008,72,1.63,165,59,0.0,Clouds,broken clouds,1
Balatonfűzfő,47.060278,18.0425,2026-06-03 01:33:07.813231,17.19,16.84,17.19,18.3,1008,72,1.14,167,52,0.0,Clouds,broken clouds,1
Balatonalmádi,47.028333,18.015,2026-06-03 01:33:09.006564,17.16,16.81,17.16,18.27,1008,72,1.14,170,53,0.0,Clouds,broken clouds,1
Káptalanfüred,47.008889,18.003889,2026-06-03 01:33:10.200985,17.19,16.84,17.19,18.3,1008,72,1.08,175,55,0.0,Clouds,broken clouds,1
Alsóörs,46.985278,17.974722,2026-06-03 01:33:11.394226,18.31,17.58,17.2,18.31,1008,53,0.89,315,55,0.0,Clouds,broken clouds,1
Csopak,46.974722,17.931111,2026-06-03 01:33:12.599197,18.18,17.44,17.07,18.18,1008,53,0.89,315,59,0.0,Clouds,broken clouds,1
Balatonarács,46.9625,17.8975,2026-06-03 01:33:13.795140,18.08,17.33,16.97,18.08,1008,53,0.89,315,59,0.0,Clouds,broken clouds,1
Balatonfüred,46.955833,17.883056,2026-06-03 01:33:14.988490,18.15,17.4,17.04,18.15,1008,53,0.89,315,61,0.0,Clouds,broken clouds,1
Aszófő,46.925556,17.8325,2026-06-03 01:33:16.189440,18.25,17.51,17.14,18.25,1008,53,0.89,315,62,0.0,Clouds,broken clouds,1
Örvényes,46.9125,17.818056,2026-06-03 01:33:17.389687,18.27,17.54,17.16,18.27,1008,53,0.89,315,62,0.0,Clouds,broken clouds,1
Balatonudvari,46.904722,17.808056,2026-06-03 01:33:18.590514,18.3,17.57,17.19,18.3,1008,53,0.89,315,60,0.0,Clouds,broken clouds,1
Fövenyes,46.893611,17.789444,2026-06-03 01:33:19.783699,18.32,17.59,17.21,18.32,1008,53,0.89,315,60,0.0,Clouds,broken clouds,1
Balatonakali-Dörgicse,46.88,17.747778,2026-06-03 01:33:20.973545,18.31,17.58,17.2,18.31,1008,53,1.66,171,57,0.0,Clouds,broken clouds,1
Zánka-Köveskál,46.872778,17.687778,2026-06-03 01:33:22.170207,18.3,17.57,17.19,18.3,1008,53,1.83,156,46,0.0,Clouds,scattered clouds,1
Balatonszepezd,46.851111,17.663056,2026-06-03 01:33:23.365373,18.3,17.57,18.3,18.3,1008,53,2.0,159,45,0.0,Clouds,scattered clouds,1
Szepezdfürdő,46.839722,17.649444,2026-06-03 01:33:24.571210,18.27,18.06,18.27,18.27,1008,73,1.97,153,42,0.0,Clouds,scattered clouds,1
Révfülöp,46.829167,17.632222,2026-06-03 01:33:25.767714,18.28,18.07,18.28,18.28,1008,73,1.97,153,42,0.0,Clouds,scattered clouds,1
Balatonrendes,46.824722,17.582778,2026-06-03 01:33:26.963975,18.28,18.1,18.28,18.28,1008,74,2.08,142,36,0.0,Clouds,scattered clouds,1
Ábrahámhegy,46.815,17.572222,2026-06-03 01:33:28.171618,18.25,18.06,18.25,18.25,1008,74,2.08,142,36,0.0,Clouds,scattered clouds,1
Badacsonyörs,46.805556,17.531667,2026-06-03 01:33:29.365423,17.56,17.33,17.56,17.56,1008,75,2.1,139,36,0.0,Clouds,scattered clouds,1
Kisújszállás,47.223889,20.751111,2026-06-03 01:33:30.565880,16.15,15.94,16.15,16.15,1010,81,3.3,187,89,0.0,Clouds,overcast clouds,1
Karcag,47.303333,20.928056,2026-06-03 01:33:31.764948,16.3,16.02,16.3,16.3,1010,78,3.37,193,98,0.0,Clouds,overcast clouds,1
Püspökladány,47.3275,21.128889,2026-06-03 01:33:32.957980,16.14,15.9,16.14,16.14,1010,80,3.4,195,100,0.0,Clouds,overcast clouds,1
Kaba,47.368889,21.259444,2026-06-03 01:33:34.153257,15.85,15.68,15.85,15.85,1010,84,3.3,192,100,0.0,Clouds,overcast clouds,1
Hajdúszoboszló,47.429444,21.406944,2026-06-03 01:33:35.353264,15.58,15.44,15.58,15.58,1010,86,2.77,192,100,0.0,Clouds,overcast clouds,1
Ebes,47.462778,21.488889,2026-06-03 01:33:36.560744,15.46,15.31,15.46,15.46,1010,86,2.69,194,96,0.0,Clouds,overcast clouds,1
Debrecen,47.520278,21.628611,2026-06-03 01:33:37.752313,15.26,15.11,15.26,15.26,1010,87,2.73,201,77,0.0,Clouds,broken clouds,1
Debrecen-Csapókert,47.540556,21.648056,2026-06-03 01:33:38.951571,15.15,14.99,15.15,15.15,1010,87,2.75,204,74,0.0,Clouds,broken clouds,1
Apafa,47.584045,21.655858,2026-06-03 01:33:40.148571,15.13,14.94,15.13,15.13,1010,86,2.74,207,75,0.0,Clouds,broken clouds,1
Bocskaikert,47.6425,21.666389,2026-06-03 01:33:41.341571,15.03,14.81,15.03,15.03,1010,85,2.71,214,80,0.0,Clouds,broken clouds,1
Hajdúhadház,47.686944,21.679167,2026-06-03 01:33:42.558600,15.16,14.9,15.16,15.16,1010,83,2.72,214,85,0.0,Clouds,overcast clouds,1
Téglás,47.714722,21.684722,2026-06-03 01:33:43.754757,15.21,14.95,15.21,15.21,1010,83,2.66,215,88,0.0,Clouds,overcast clouds,1
Újfehértó,47.814444,21.706389,2026-06-03 01:33:44.950315,15.39,15.1,15.39,15.39,1010,81,2.26,215,96,0.0,Clouds,overcast clouds,1
Nyíregyháza,47.946667,21.705556,2026-06-03 01:33:46.151208,15.35,15.08,15.35,15.35,1010,82,1.21,203,92,0.0,Clouds,overcast clouds,1
Sóstó,47.998051,21.729047,2026-06-03 01:33:47.351803,17.59,17.57,17.59,17.59,1010,83,0.86,182,91,0.0,Clouds,overcast clouds,1
Sóstóhegy,48.012222,21.742778,2026-06-03 01:33:48.558856,17.59,17.6,17.59,17.59,1010,84,0.7,169,88,0.0,Clouds,overcast clouds,1
Kemecse,48.065556,21.801667,2026-06-03 01:33:49.757416,15.27,15.05,15.27,15.27,1010,84,0.71,135,83,0.0,Clouds,broken clouds,1
Nyírbogdány,48.082222,21.855278,2026-06-03 01:33:50.951134,15.22,15.02,15.22,15.22,1010,85,0.8,122,80,0.0,Clouds,broken clouds,1
Kék,48.093333,21.883889,2026-06-03 01:33:52.155417,15.26,15.06,15.26,15.26,1010,85,1.07,125,81,0.0,Clouds,broken clouds,1
Demecser,48.111667,21.926667,2026-06-03 01:33:53.359598,15.24,15.04,15.24,15.24,1010,85,1.19,117,79,0.0,Clouds,broken clouds,1
Gégény,48.128333,21.951944,2026-06-03 01:33:54.563175,15.17,14.99,15.17,15.17,1010,86,1.32,110,77,0.0,Clouds,broken clouds,1
Pátroha,48.158611,21.996667,2026-06-03 01:33:55.766212,15.15,14.99,15.15,15.15,1010,87,1.46,105,77,0.0,Clouds,broken clouds,1
Ajak,48.1865,22.048972,2026-06-03 01:33:56.975513,15.1,14.96,15.1,15.1,1010,88,1.6,103,77,0.0,Clouds,broken clouds,1
Kisvárda,48.208333,22.078333,2026-06-03 01:33:58.170784,15.08,14.97,15.08,15.08,1010,89,1.9,105,81,0.0,Clouds,broken clouds,1
Kisvárda-Hármasút,48.228333,22.091944,2026-06-03 01:33:59.363629,15.08,14.97,15.08,15.08,1010,89,1.9,105,81,0.0,Clouds,broken clouds,1
Fényeslitke,48.267222,22.107222,2026-06-03 01:34:00.567347,14.98,14.88,14.98,14.98,1011,90,2.11,104,83,0.0,Clouds,broken clouds,1
Komoró,48.305278,22.118056,2026-06-03 01:34:01.763246,15.0,14.91,15.0,15.0,1011,90,2.18,104,83,0.0,Clouds,broken clouds,1
Tuzsér,48.342222,22.131667,2026-06-03 01:34:02.962250,14.95,14.85,14.95,14.95,1010,90,2.33,104,84,0.0,Clouds,broken clouds,1
Tiszabezdéd,48.371389,22.145,2026-06-03 01:34:04.161442,14.96,14.86,14.96,14.96,1011,90,2.49,105,87,0.0,Clouds,overcast clouds,1
Záhony,48.402222,22.183611,2026-06-03 01:34:05.354044,14.94,14.81,14.94,14.94,1011,89,2.61,105,88,0.0,Clouds,overcast clouds,1
Karcag-Vásártér,47.3225,20.9075,2026-06-03 01:34:06.554709,16.3,16.02,16.3,16.3,1010,78,3.37,193,98,0.0,Clouds,overcast clouds,1
Berekfürdő,47.374722,20.827222,2026-06-03 01:34:07.748375,16.33,16.06,16.33,16.33,1010,78,3.04,192,95,0.0,Clouds,overcast clouds,1
Kunmadaras,47.415278,20.793056,2026-06-03 01:34:08.946786,16.38,16.08,16.38,16.38,1010,77,2.79,192,96,0.0,Clouds,overcast clouds,1
Tiszaszentimre,47.490833,20.733056,2026-06-03 01:34:10.141320,16.51,16.2,16.51,16.51,1010,76,2.45,190,99,0.0,Clouds,overcast clouds,1
Tiszaszőlős,47.555556,20.728056,2026-06-03 01:34:11.338258,16.5,16.16,16.5,16.5,1010,75,2.18,184,100,0.0,Clouds,overcast clouds,1
Hosszúhát,47.235556,21.101944,2026-06-03 01:34:12.537382,16.12,15.9,16.12,16.12,1010,81,3.93,190,97,0.0,Clouds,overcast clouds,1
Szerep,47.234444,21.145833,2026-06-03 01:34:13.736483,16.07,15.87,16.07,16.07,1010,82,3.97,189,97,0.0,Clouds,overcast clouds,1
Sárrétudvari,47.231667,21.180833,2026-06-03 01:34:14.932188,16.01,15.83,16.01,16.01,1010,83,4.01,188,96,0.0,Clouds,overcast clouds,1
Biharnagybajom,47.208889,21.221944,2026-06-03 01:34:16.129010,15.92,15.76,15.92,15.92,1010,84,4.14,184,94,0.0,Clouds,overcast clouds,1
Füzesgyarmat,47.113056,21.194444,2026-06-03 01:34:17.332749,15.9,15.77,15.9,15.9,1010,85,3.95,180,90,0.0,Clouds,overcast clouds,1
Füzesgyarmatfürdő,47.093787,21.201582,2026-06-03 01:34:18.535939,15.9,15.77,15.9,15.9,1010,85,3.95,180,90,0.0,Clouds,overcast clouds,1
Báránd,47.299722,21.235278,2026-06-03 01:34:19.729432,15.94,15.76,15.94,15.94,1010,83,3.71,190,100,0.0,Clouds,overcast clouds,1
Sáp,47.259722,21.360556,2026-06-03 01:34:20.944844,15.87,15.71,15.87,15.87,1010,84,4.1,183,98,0.0,Clouds,overcast clouds,1
Berettyóújfalu,47.211944,21.535556,2026-06-03 01:34:22.153159,15.89,15.7,15.89,15.89,1010,83,4.18,176,100,0.0,Clouds,overcast clouds,1
Mezőpeterd,47.176111,21.625278,2026-06-03 01:34:23.350550,15.28,15.06,15.28,15.28,1011,84,3.96,176,100,0.0,Clouds,overcast clouds,1
Biharkeresztes,47.135556,21.721389,2026-06-03 01:34:24.550350,15.25,15.13,15.25,15.25,1011,88,3.41,178,100,0.0,Clouds,overcast clouds,1
Tócóvölgy,47.529444,21.588889,2026-06-03 01:34:25.753689,15.31,15.17,15.31,15.31,1010,87,2.67,201,81,0.0,Clouds,broken clouds,1
Sáregres,46.7825,18.588889,2026-06-03 01:34:26.949232,17.09,16.79,17.09,17.09,1009,74,3.46,156,86,0.0,Clouds,overcast clouds,1
Simontornya,46.756582,18.540674,2026-06-03 01:34:28.148641,17.06,16.75,17.06,17.06,1009,74,3.21,157,92,0.0,Clouds,overcast clouds,1
Tolnanémedi,46.727778,18.475833,2026-06-03 01:34:29.341386,17.15,16.85,17.15,17.15,1009,74,3.03,158,88,0.0,Clouds,overcast clouds,1
Pincehely,46.681389,18.43,2026-06-03 01:34:30.556216,17.06,16.75,17.06,17.06,1009,74,2.49,162,64,0.0,Clouds,broken clouds,1
Keszőhidegkút-Gyönk,46.597778,18.426111,2026-06-03 01:34:31.757890,17.07,16.79,17.07,17.07,1009,75,2.12,160,58,0.0,Clouds,broken clouds,1
Szárazd,46.575556,18.420833,2026-06-03 01:34:32.953537,17.1,16.85,17.1,17.1,1009,76,2.03,160,56,0.0,Clouds,broken clouds,1
Regöly,46.568889,18.396111,2026-06-03 01:34:34.147943,17.1,16.85,17.1,17.1,1009,76,2.03,160,56,0.0,Clouds,broken clouds,1
Szakály-Hőgyész,46.523611,18.389444,2026-06-03 01:34:35.349285,17.03,16.77,17.03,17.03,1009,76,1.87,162,54,0.0,Clouds,broken clouds,1
Dúzs,46.493889,18.377222,2026-06-03 01:34:36.550945,17.08,16.85,17.08,17.08,1009,77,1.88,163,54,0.0,Clouds,broken clouds,1
Csibrák,46.466667,18.336389,2026-06-03 01:34:37.746796,17.16,16.94,17.16,17.16,1009,77,1.89,166,57,0.0,Clouds,broken clouds,1
Kurd,46.449167,18.319167,2026-06-03 01:34:38.952848,16.84,16.59,16.84,16.84,1009,77,1.98,168,58,0.0,Clouds,broken clouds,1
Döbrököz,46.418889,18.255,2026-06-03 01:34:40.155338,17.16,16.94,17.16,17.16,1009,77,2.02,173,64,0.0,Clouds,broken clouds,1
Dombóvár,46.37,18.149722,2026-06-03 01:34:41.357858,17.16,16.97,17.16,17.16,1009,78,2.14,185,71,0.0,Clouds,broken clouds,1
Dombóvár alsó,46.363889,18.134167,2026-06-03 01:34:42.558614,17.16,16.97,17.16,17.16,1009,78,2.14,185,71,0.0,Clouds,broken clouds,1
Somoskőújfalu,48.154722,19.815556,2026-06-03 01:34:43.752829,16.07,15.87,16.07,16.07,1010,82,0.56,121,59,0.0,Clouds,broken clouds,1
Jászfényszaru,47.593056,19.754444,2026-06-03 01:34:44.957575,16.55,16.3,16.55,16.55,1009,78,1.16,179,64,0.0,Clouds,broken clouds,1
Pusztamonostor,47.564444,19.794167,2026-06-03 01:34:46.154541,16.54,16.29,16.54,16.54,1009,78,1.35,183,62,0.0,Clouds,broken clouds,1
Jászberény,47.494444,19.893333,2026-06-03 01:34:47.354871,16.57,16.37,16.57,16.57,1009,80,1.91,187,56,0.0,Clouds,broken clouds,1
Meggyespele,47.441944,19.938889,2026-06-03 01:34:48.559715,16.55,16.38,16.55,16.55,1009,81,2.23,187,54,0.0,Clouds,broken clouds,1
Portelek,47.418056,19.958889,2026-06-03 01:34:49.758366,16.53,16.35,16.53,16.53,1009,81,2.37,185,54,0.0,Clouds,broken clouds,1
Jászboldogháza-Jánoshida,47.366944,20.001389,2026-06-03 01:34:50.954008,16.48,16.32,16.48,16.48,1009,82,2.62,181,56,0.0,Clouds,broken clouds,1
Jászárokszállás,47.635556,19.971111,2026-06-03 01:34:52.147292,16.71,16.5,16.71,16.71,1010,79,1.0,206,62,0.0,Clouds,broken clouds,1
Jászdózsa,47.563056,20.028056,2026-06-03 01:34:53.339996,16.67,16.48,16.67,16.67,1010,80,1.45,205,58,0.0,Clouds,broken clouds,1
Jászapáti,47.513611,20.155,2026-06-03 01:34:54.556286,16.57,16.37,16.57,16.57,1010,80,1.96,207,59,0.0,Clouds,broken clouds,1
Jászkisér,47.456111,20.203333,2026-06-03 01:34:55.748777,16.52,16.34,16.52,16.52,1010,81,2.26,203,58,0.0,Clouds,broken clouds,1
Jászladány,47.373333,20.159167,2026-06-03 01:34:56.942812,16.46,16.28,16.46,16.46,1009,81,2.69,186,59,0.0,Clouds,broken clouds,1
Szászberek,47.320556,20.090833,2026-06-03 01:34:58.144265,14.43,14.04,14.43,14.43,1009,81,2.88,179,64,0.0,Clouds,broken clouds,1
Gyöngyöshalász,47.743056,19.932222,2026-06-03 01:34:59.345123,16.71,16.47,16.71,16.71,1010,78,0.35,215,75,0.0,Clouds,broken clouds,1
Gyöngyös,47.783056,19.937222,2026-06-03 01:35:00.547926,16.43,16.17,16.43,16.43,1010,78,0.41,221,77,0.0,Clouds,broken clouds,1
Erdőtelek,47.683333,20.3025,2026-06-03 01:35:01.745366,16.63,16.33,16.63,16.63,1010,76,1.32,190,90,0.0,Clouds,overcast clouds,1
Heves,47.609444,20.306111,2026-06-03 01:35:02.940912,16.61,16.36,16.61,16.61,1010,78,1.79,207,81,0.0,Clouds,broken clouds,1
Hevesvezekény,47.562222,20.365833,2026-06-03 01:35:04.146658,16.59,16.34,16.59,16.59,1010,78,2.03,206,85,0.0,Clouds,overcast clouds,1
Tarnaszentmiklós,47.546944,20.390833,2026-06-03 01:35:05.342220,16.56,16.31,16.56,16.56,1010,78,2.19,208,82,0.0,Clouds,broken clouds,1
Kisköre,47.495556,20.481667,2026-06-03 01:35:06.554350,16.51,16.25,16.51,16.51,1010,78,2.58,204,91,0.0,Clouds,overcast clouds,1
Abádszalók,47.455278,20.553056,2026-06-03 01:35:07.747250,16.46,16.2,16.46,16.46,1010,78,2.71,202,91,0.0,Clouds,overcast clouds,1
Kunhegyes,47.376667,20.641111,2026-06-03 01:35:08.944462,16.36,16.11,16.36,16.36,1010,79,2.98,194,89,0.0,Clouds,overcast clouds,1
Kenderes,47.254444,20.686111,2026-06-03 01:35:10.138158,16.16,15.95,16.16,16.16,1010,81,3.23,186,83,0.0,Clouds,broken clouds,1
Maklár,47.808056,20.404722,2026-06-03 01:35:11.335915,18.46,18.35,18.46,18.46,1010,76,1.48,143,100,0.0,Clouds,overcast clouds,1
Andornaktálya,47.852203,20.402295,2026-06-03 01:35:12.537344,18.4,18.28,17.31,18.4,1010,76,1.4,141,100,0.0,Clouds,overcast clouds,1
Eger,47.891667,20.381667,2026-06-03 01:35:13.731799,18.31,18.18,17.22,18.31,1010,76,1.25,145,100,0.0,Clouds,overcast clouds,1
Egervár,47.908056,20.380556,2026-06-03 01:35:14.925833,18.13,18.48,17.04,18.13,1010,95,1.18,146,100,0.0,Clouds,overcast clouds,1
Eger-Felnémet,47.936667,20.370556,2026-06-03 01:35:16.118594,18.18,18.53,17.09,18.18,1011,95,1.11,148,100,0.0,Clouds,overcast clouds,1
Szarvaskő,47.988611,20.3325,2026-06-03 01:35:17.309796,17.77,18.08,16.68,17.77,1011,95,0.98,155,96,0.0,Clouds,overcast clouds,1
Mónosbél,48.031944,20.33,2026-06-03 01:35:18.512687,17.59,17.89,16.5,17.59,1011,95,0.87,163,91,0.0,Clouds,overcast clouds,1
Bélapátfalva,48.055556,20.340556,2026-06-03 01:35:19.716057,17.3,17.57,16.21,17.3,1011,95,0.8,167,89,0.0,Clouds,overcast clouds,1
Bélapátfalvi Cementgyár,48.058056,20.355,2026-06-03 01:35:20.915554,17.25,17.51,16.16,17.25,1011,95,0.8,167,89,0.0,Clouds,overcast clouds,1
Szilvásvárad,48.11345,20.37919,2026-06-03 01:35:22.108685,17.12,17.37,16.03,17.12,1011,95,0.62,182,85,0.0,Clouds,overcast clouds,1
Hejőkeresztúr,47.960278,20.869444,2026-06-03 01:35:23.299751,16.01,15.65,16.01,16.01,1010,76,1.76,152,85,0.0,Clouds,overcast clouds,1
Tiszaújváros,47.926111,21.030556,2026-06-03 01:35:24.500789,15.82,15.47,15.82,15.82,1010,77,1.83,143,66,0.0,Clouds,broken clouds,1
Miskolc-Gömöri,48.106667,20.800278,2026-06-03 01:35:25.697665,18.55,18.47,18.55,18.55,1010,77,1.54,158,98,0.0,Clouds,overcast clouds,1
Sajókeresztúr,48.168008,20.774014,2026-06-03 01:35:26.890979,18.5,18.42,18.5,18.5,1010,77,1.33,155,99,0.0,Clouds,overcast clouds,1
Sajóecseg,48.186111,20.766667,2026-06-03 01:35:28.089184,18.54,18.49,18.54,18.54,1010,78,1.28,150,99,0.0,Clouds,overcast clouds,1
Sajószentpéter,48.222222,20.708056,2026-06-03 01:35:29.282787,18.44,18.38,18.44,18.44,1010,78,1.09,147,99,0.0,Clouds,overcast clouds,1
Kazincbarcika,48.264444,20.6275,2026-06-03 01:35:30.482885,18.45,18.39,18.45,18.45,1010,78,0.45,143,95,0.0,Clouds,overcast clouds,1
Sajókaza,48.272778,20.581944,2026-06-03 01:35:31.688452,18.44,18.35,18.44,18.44,1010,77,0.33,153,93,0.0,Clouds,overcast clouds,1
Vadna,48.276389,20.555278,2026-06-03 01:35:32.887343,18.42,18.33,18.42,18.42,1010,77,0.33,153,93,0.0,Clouds,overcast clouds,1
Dubicsány,48.280833,20.504722,2026-06-03 01:35:34.080590,18.41,18.32,18.41,18.41,1010,77,0.17,211,88,0.0,Clouds,overcast clouds,1
Raposka,46.851389,17.412778,2026-06-03 01:35:35.274254,17.53,17.38,17.53,17.53,1008,78,2.33,132,37,0.0,Clouds,scattered clouds,1
Ivacs,47.641944,19.273889,2026-06-03 01:35:36.479680,17.81,17.53,16.79,18.52,1009,72,1.38,137,78,0.0,Clouds,broken clouds,1
Kisköre-Tiszahíd,47.480835,20.507698,2026-06-03 01:35:37.673734,14.43,14.2,14.43,14.43,1010,87,1.34,157,89,0.0,Clouds,overcast clouds,1
Rozsály,47.912778,22.7825,2026-06-03 01:35:38.875297,12.81,12.57,12.81,12.81,1011,93,2.67,127,81,0.0,Clouds,broken clouds,1
Pusztakettős,47.453611,20.749722,2026-06-03 01:35:40.070612,14.43,14.2,14.43,14.43,1010,87,2.68,192,97,0.0,Clouds,overcast clouds,1
Kisvác,47.795278,19.113611,2026-06-03 01:35:41.264416,18.67,18.58,18.67,18.67,1009,76,1.42,112,71,0.0,Clouds,broken clouds,1
Tiszafüred-Gyártelep,47.6075,20.736111,2026-06-03 01:35:42.468405,14.4,14.17,14.4,14.4,1010,87,1.94,174,100,0.0,Clouds,overcast clouds,1
Újkenéz,48.251111,22.221667,2026-06-03 01:35:43.667633,14.88,14.77,14.88,14.88,1011,90,2.57,110,90,0.0,Clouds,overcast clouds,1
Püspökladány-Vásártér,47.319167,21.096111,2026-06-03 01:35:44.868362,16.14,15.9,16.14,16.14,1010,80,3.59,194,100,0.0,Clouds,overcast clouds,1
Végegyháza alsó,46.3675,20.866944,2026-06-03 01:35:46.073016,15.61,15.63,15.61,15.61,1011,92,3.53,167,99,0.0,Clouds,overcast clouds,1
Orosháza felső,46.553611,20.655278,2026-06-03 01:35:47.270960,15.87,15.78,15.87,15.87,1011,87,3.5,167,77,0.0,Clouds,broken clouds,1
Ambrózfalva,46.353056,20.740556,2026-06-03 01:35:48.471479,15.76,15.74,15.76,15.76,1011,90,3.55,168,89,0.0,Clouds,overcast clouds,1
Alsónyék,46.199444,18.738056,2026-06-03 01:35:49.680368,17.16,17.1,17.16,17.16,1009,83,2.59,180,49,0.0,Clouds,scattered clouds,1
Tompapuszta,46.321389,20.966389,2026-06-03 01:35:50.874759,15.59,15.82,15.06,16.19,1011,100,3.52,165,99,0.0,Clouds,overcast clouds,1
Halászlak,46.911879,20.56228,2026-06-03 01:35:52.067521,16.04,15.89,16.04,16.04,1010,84,3.19,172,100,0.0,Clouds,overcast clouds,1
Sirató,46.840556,20.61,2026-06-03 01:35:53.261014,16.02,15.87,16.02,16.02,1010,84,3.32,169,100,0.0,Clouds,overcast clouds,1
Csabacsűd felső,46.829167,20.649167,2026-06-03 01:35:54.467365,15.99,15.86,15.99,15.99,1010,85,3.32,169,100,0.0,Clouds,overcast clouds,1
Orosháza-Üveggyár,46.579979,20.683644,2026-06-03 01:35:55.661592,15.84,15.78,15.84,15.84,1011,88,3.51,167,81,0.0,Clouds,broken clouds,1
Gyulai városerdő,46.69482,21.32281,2026-06-03 01:35:56.855013,14.41,14.36,14.41,14.41,1011,94,3.22,174,95,0.0,Clouds,overcast clouds,1
Kórógyszentgyörgy,46.564377,20.224998,2026-06-03 01:35:58.051904,18.34,18.11,18.34,18.34,1010,72,3.17,171,100,0.0,Clouds,overcast clouds,1
Kunszállás,46.784444,19.767222,2026-06-03 01:35:59.247306,16.05,15.8,16.05,16.05,1010,80,3.1,171,100,0.0,Clouds,overcast clouds,1
Selymes,46.655321,19.8534,2026-06-03 01:36:00.448875,16.11,15.87,16.11,16.11,1010,80,2.96,173,98,0.0,Clouds,overcast clouds,1
Petőfiszállási tanyák,46.587805,19.874509,2026-06-03 01:36:01.645778,16.15,15.91,16.15,18.9,1010,80,2.93,174,98,0.0,Clouds,overcast clouds,1
Kisteleki szőlők,46.514199,19.92868,2026-06-03 01:36:02.844334,18.89,18.87,16.14,18.89,1010,78,2.92,174,99,0.0,Clouds,overcast clouds,1
Kapitányság,46.435336,19.987564,2026-06-03 01:36:04.039991,18.91,18.71,18.91,18.91,1010,71,2.95,172,100,0.0,Clouds,overcast clouds,1
Őszeszék,46.39025,20.016017,2026-06-03 01:36:05.233829,18.94,18.74,18.94,18.94,1010,71,2.97,170,100,0.0,Clouds,overcast clouds,1
Vilmaszállás,46.366389,20.030833,2026-06-03 01:36:06.435161,18.92,18.72,18.92,18.92,1010,71,2.24,155,100,0.0,Clouds,overcast clouds,1
Jánosszállás,46.334359,20.051199,2026-06-03 01:36:07.631551,18.95,18.75,18.95,18.95,1010,71,2.99,168,100,0.0,Clouds,overcast clouds,1
Felsőpakony,47.343056,19.230556,2026-06-03 01:36:08.827349,18.22,17.98,17.19,18.91,1009,72,2.15,153,91,0.0,Clouds,overcast clouds,1
Felsőméntelek,46.987074,19.557745,2026-06-03 01:36:10.030610,16.43,16.14,16.43,16.43,1009,77,3.15,170,100,0.0,Clouds,overcast clouds,1
Alsóméntelek,46.961558,19.579121,2026-06-03 01:36:11.224402,16.44,16.15,16.44,16.44,1009,77,3.17,169,100,0.0,Clouds,overcast clouds,1
Nagynyír,46.943319,19.585447,2026-06-03 01:36:12.423605,16.42,16.13,16.42,16.42,1009,77,3.19,169,100,0.0,Clouds,overcast clouds,1
Úrihegy,46.917778,19.621389,2026-06-03 01:36:13.622487,15.93,15.62,15.93,15.93,1009,78,3.2,169,100,0.0,Clouds,overcast clouds,1
Miklóstelep,46.913412,19.630913,2026-06-03 01:36:14.816390,15.95,15.64,15.95,15.95,1009,78,3.19,169,100,0.0,Clouds,overcast clouds,1
Tiszajenő alsó,47.016944,20.134444,2026-06-03 01:36:16.012452,14.45,14.07,14.45,14.45,1010,81,3.07,170,99,0.0,Clouds,overcast clouds,1
Óbög,46.987222,20.111111,2026-06-03 01:36:17.206657,14.43,14.04,14.43,14.43,1010,81,3.06,170,100,0.0,Clouds,overcast clouds,1
Árpádszállás,46.866456,19.989163,2026-06-03 01:36:18.416032,16.1,15.85,14.36,16.1,1010,80,3.06,169,100,0.0,Clouds,overcast clouds,1
Tőserdő,46.851111,19.980278,2026-06-03 01:36:19.615598,16.12,15.88,14.38,16.12,1010,80,3.07,170,100,0.0,Clouds,overcast clouds,1
Tiszaalpár felső,46.836256,19.976753,2026-06-03 01:36:20.811373,16.15,15.91,16.15,18.28,1010,80,3.07,170,100,0.0,Clouds,overcast clouds,1
Borsihalom,46.773056,19.92,2026-06-03 01:36:22.004687,16.14,15.9,16.14,18.27,1010,80,3.05,171,100,0.0,Clouds,overcast clouds,1
Petőfiváros,46.725556,19.848611,2026-06-03 01:36:23.205638,16.1,15.85,16.1,16.1,1010,80,3.02,172,99,0.0,Clouds,overcast clouds,1
Csorna,47.601944,17.248889,2026-06-03 01:36:24.414506,17.78,17.73,17.78,17.78,1008,81,2.8,250,52,0.0,Clouds,broken clouds,1
Szorgalmatos,47.986667,21.366389,2026-06-03 01:36:25.610318,17.64,17.63,17.64,17.64,1010,83,1.04,156,88,0.0,Clouds,overcast clouds,1
Fótfürdő,47.6225,19.200556,2026-06-03 01:36:26.802740,17.58,17.25,16.79,18.52,1009,71,1.34,135,79,0.0,Clouds,broken clouds,1
Fenyveshegy,47.818333,19.068056,2026-06-03 01:36:27.995372,16.55,16.27,16.55,16.55,1009,77,1.48,111,64,0.0,Clouds,broken clouds,1
Hűvösvölgy,47.541202,18.96351,2026-06-03 01:36:29.195963,17.55,17.19,16.33,18.06,1009,70,0.89,201,88,0.0,Clouds,overcast clouds,1
Hárshegy,47.535318,18.961433,2026-06-03 01:36:30.387538,17.55,17.19,16.33,18.06,1009,70,0.89,201,88,0.0,Clouds,overcast clouds,1
Szépjuhászné,47.528277,18.955246,2026-06-03 01:36:31.581713,16.66,16.21,15.44,17.17,1009,70,0.89,201,91,0.0,Clouds,overcast clouds,1
Jánoshegy,47.51433,18.95047,2026-06-03 01:36:32.779420,16.56,16.1,15.35,17.08,1009,70,0.89,201,91,0.0,Clouds,overcast clouds,1
Virágvölgy,47.505965,18.95876,2026-06-03 01:36:33.974804,16.23,15.74,15.04,16.77,1009,70,0.89,201,94,0.0,Clouds,overcast clouds,1
Csillebérc,47.498196,18.961694,2026-06-03 01:36:35.170994,15.98,15.46,14.81,16.53,1009,70,0.89,201,94,0.0,Clouds,overcast clouds,1
Normafa,47.5,18.970558,2026-06-03 01:36:36.371756,16.02,15.51,14.86,16.58,1009,70,0.89,201,94,0.0,Clouds,overcast clouds,1
Széchenyihegy,47.49413,18.977049,2026-06-03 01:36:37.565389,16.02,15.51,14.88,16.6,1009,70,0.89,201,93,0.0,Clouds,overcast clouds,1
Balatonfőkajár felső,47.031389,18.215278,2026-06-03 01:36:38.758995,16.84,16.46,16.84,17.95,1009,72,2.25,162,66,0.0,Clouds,broken clouds,1
Piroska,47.148333,20.129722,2026-06-03 01:36:39.954977,14.45,14.07,14.45,14.45,1010,81,3.18,171,85,0.0,Clouds,overcast clouds,1
Somodor,46.4725,17.836667,2026-06-03 01:36:41.157946,17.01,16.78,17.01,17.01,1009,77,2.98,189,80,0.0,Clouds,broken clouds,1
Középmező,45.995833,18.668889,2026-06-03 01:36:42.365768,13.95,13.62,13.95,13.95,1009,85,1.79,163,100,0.0,Clouds,overcast clouds,1
Jobbágyi,47.828889,19.6875,2026-06-03 01:36:43.562602,16.44,16.18,16.44,16.44,1010,78,0.95,122,99,0.0,Clouds,overcast clouds,1
Ferihegy,47.437222,19.223889,2026-06-03 01:36:44.758248,17.98,17.66,17.03,18.75,1009,70,1.73,151,86,0.0,Clouds,overcast clouds,1
Máriapócs,47.852778,22.019167,2026-06-03 01:36:45.950112,15.14,14.82,15.14,15.14,1010,81,1.89,175,99,0.0,Clouds,overcast clouds,1
Máriaudvar,47.751944,19.165,2026-06-03 01:36:47.143655,18.7,18.58,18.7,18.7,1009,75,1.34,117,75,0.0,Clouds,broken clouds,1
Nagyberki,46.353333,18.004167,2026-06-03 01:36:48.348299,16.98,16.8,16.98,16.98,1009,79,2.31,196,80,0.0,Clouds,broken clouds,1
Badacsonytomaj,46.804722,17.518056,2026-06-03 01:36:49.551247,17.56,17.33,17.56,17.56,1008,75,2.1,139,36,0.0,Clouds,scattered clouds,1
Badacsony,46.788611,17.506389,2026-06-03 01:36:50.748361,17.59,17.36,17.59,17.59,1008,75,2.18,141,37,0.0,Clouds,scattered clouds,1
Badacsonylábdihegy,46.793889,17.470833,2026-06-03 01:36:51.943285,17.59,17.36,17.59,17.59,1008,75,2.18,141,37,0.0,Clouds,scattered clouds,1
Badacsonytördemic-Szigliget,46.809722,17.469167,2026-06-03 01:36:53.132900,17.58,17.35,17.58,17.58,1008,75,2.14,136,36,0.0,Clouds,scattered clouds,1
Nemesgulács-Kisapáti,46.836944,17.476389,2026-06-03 01:36:54.340905,17.6,17.4,17.6,17.6,1008,76,2.14,132,35,0.0,Clouds,scattered clouds,1
Tapolca,46.877778,17.428611,2026-06-03 01:36:55.545308,17.48,17.32,17.48,17.48,1008,78,2.41,130,35,0.0,Clouds,scattered clouds,1
Uzsabánya alsó,46.898333,17.345278,2026-06-03 01:36:56.739160,16.34,16.12,16.34,16.34,1008,80,2.66,133,35,0.0,Clouds,scattered clouds,1
Uzsa,46.920278,17.331667,2026-06-03 01:36:57.935422,17.11,16.99,17.11,17.11,1008,81,2.8,133,34,0.0,Clouds,scattered clouds,1
Sümegi Bazaltbánya,46.9525,17.2925,2026-06-03 01:36:59.127224,17.1,17.01,17.1,17.1,1008,82,3.0,136,33,0.0,Clouds,scattered clouds,1
Sümeg,46.981111,17.270833,2026-06-03 01:37:00.332278,17.24,17.19,17.24,17.24,1008,83,3.21,142,32,0.0,Clouds,scattered clouds,1
Gógánfa,47.021111,17.207778,2026-06-03 01:37:01.534588,17.2,17.14,17.2,17.2,1008,83,3.49,146,33,0.0,Clouds,scattered clouds,1
Ukk,47.041944,17.195833,2026-06-03 01:37:02.727875,17.24,17.21,17.24,17.24,1007,84,3.57,149,34,0.0,Clouds,scattered clouds,1
Nemeskeresztúr,47.093611,17.183611,2026-06-03 01:37:03.927873,17.15,17.11,17.15,17.15,1007,84,3.72,152,40,0.0,Clouds,scattered clouds,1
Jánosháza,47.115833,17.171667,2026-06-03 01:37:05.123940,17.22,17.19,17.22,17.22,1007,84,3.75,154,43,0.0,Clouds,scattered clouds,1
Keszthely,46.758333,17.248056,2026-06-03 01:37:06.336050,17.37,17.25,17.37,17.37,1008,80,2.61,159,42,0.0,Clouds,scattered clouds,1
Alsógyenes,46.765844,17.276435,2026-06-03 01:37:07.532673,17.44,17.3,17.44,17.44,1008,79,2.44,152,43,0.0,Clouds,scattered clouds,1
Gyenesdiás,46.763333,17.292778,2026-06-03 01:37:08.727439,17.44,17.3,17.44,17.44,1008,79,2.44,152,43,0.0,Clouds,scattered clouds,1
Vonyarcvashegy,46.755278,17.318333,2026-06-03 01:37:09.918496,16.91,16.69,16.91,16.91,1008,78,2.38,148,43,0.0,Clouds,scattered clouds,1
Balatongyörök,46.751944,17.354444,2026-06-03 01:37:11.120222,17.51,17.35,17.51,17.51,1008,78,2.34,146,42,0.0,Clouds,scattered clouds,1
Becehegy,46.776111,17.372778,2026-06-03 01:37:12.333331,16.36,16.09,16.36,16.36,1008,78,2.31,141,41,0.0,Clouds,scattered clouds,1
Balatonederics,46.8025,17.385,2026-06-03 01:37:13.535862,16.29,16.01,16.29,16.29,1008,78,2.33,138,39,0.0,Clouds,scattered clouds,1
Dabronc,47.025766,17.167006,2026-06-03 01:37:14.728263,17.23,17.2,17.23,17.23,1007,84,3.47,148,32,0.0,Clouds,scattered clouds,1
Türje,46.994444,17.093611,2026-06-03 01:37:15.923306,17.19,17.16,17.19,17.19,1007,84,3.29,153,26,0.0,Clouds,scattered clouds,1
Zalabér-Batyk,46.983056,17.040833,2026-06-03 01:37:17.116798,17.27,17.27,17.27,17.27,1007,85,3.14,161,21,0.0,Clouds,few clouds,1
Pakod,46.959167,16.996667,2026-06-03 01:37:18.322184,17.16,17.15,17.16,17.16,1007,85,3.13,164,19,0.0,Clouds,few clouds,1
Pókaszepetk,46.924444,16.972222,2026-06-03 01:37:19.517554,17.27,17.25,17.27,17.27,1007,84,3.13,166,19,0.0,Clouds,few clouds,1
Kemendollár,46.905833,16.946667,2026-06-03 01:37:20.720166,16.97,16.94,16.97,16.97,1007,85,3.13,168,18,0.0,Clouds,few clouds,1
Zalaegerszeg,46.833056,16.848333,2026-06-03 01:37:21.922878,17.01,16.99,17.01,17.01,1007,85,2.96,179,23,0.0,Clouds,few clouds,1
Bocfölde,46.780278,16.853611,2026-06-03 01:37:23.139808,17.09,17.05,17.09,17.09,1007,84,2.95,183,22,0.0,Clouds,few clouds,1
Sárhida,46.755833,16.851389,2026-06-03 01:37:24.345907,16.29,16.14,16.29,16.29,1007,83,2.78,185,23,0.0,Clouds,few clouds,1
Bak,46.7325,16.849167,2026-06-03 01:37:25.543007,16.7,16.59,16.7,16.7,1007,83,2.7,187,22,0.0,Clouds,few clouds,1
Tófej,46.670833,16.801944,2026-06-03 01:37:26.737917,16.53,16.38,16.53,16.53,1007,82,2.4,192,21,0.0,Clouds,few clouds,1
Gutorfölde,46.646944,16.739722,2026-06-03 01:37:27.939269,16.78,16.63,16.78,16.78,1007,81,2.16,191,25,0.0,Clouds,scattered clouds,1
Csömödér-Páka,46.608056,16.641111,2026-06-03 01:37:29.142589,15.57,15.25,15.57,15.57,1007,79,2.23,189,33,0.0,Clouds,scattered clouds,1
Iklódbördőce,46.603056,16.604722,2026-06-03 01:37:30.338379,15.56,15.21,15.56,15.56,1007,78,2.53,187,41,0.0,Clouds,scattered clouds,1
Lenti,46.621389,16.528611,2026-06-03 01:37:31.539004,15.51,15.13,15.51,15.51,1007,77,2.89,187,50,0.0,Clouds,scattered clouds,1
Rédics,46.618056,16.471111,2026-06-03 01:37:32.737275,15.5,15.12,15.5,15.5,1007,77,3.05,187,52,0.0,Clouds,broken clouds,1
Zalalövő,46.845556,16.576389,2026-06-03 01:37:33.943512,16.99,16.89,16.99,16.99,1007,82,2.92,191,61,0.0,Clouds,broken clouds,1
Zalaegerszeg-Ola,46.849167,16.844722,2026-06-03 01:37:35.138732,17.01,16.99,17.01,17.01,1007,85,2.96,179,23,0.0,Clouds,few clouds,1
Andráshida,46.863116,16.7792,2026-06-03 01:37:36.340325,16.98,16.95,16.98,16.98,1007,85,2.93,178,25,0.0,Clouds,scattered clouds,1
Bagod,46.875,16.746111,2026-06-03 01:37:37.543376,17.09,17.07,17.09,17.09,1007,85,2.83,181,32,0.0,Clouds,scattered clouds,1
Zalaszentgyörgy,46.872222,16.7125,2026-06-03 01:37:38.744903,17.05,17.03,17.05,17.05,1007,85,2.81,182,36,0.0,Clouds,scattered clouds,1
Zalacséb-Salomvár,46.858056,16.662222,2026-06-03 01:37:39.939389,16.83,16.76,16.83,16.83,1007,84,2.8,184,41,0.0,Clouds,scattered clouds,1
Kópháza,47.631389,16.6375,2026-06-03 01:37:41.143870,17.33,17.29,16.32,17.33,1008,83,3.12,20,72,0.0,Clouds,broken clouds,1
Nagycenk,47.601111,16.690278,2026-06-03 01:37:42.345761,17.44,17.41,16.43,17.44,1008,83,3.01,17,70,0.0,Clouds,broken clouds,1
Sopronkövesd,47.548333,16.748056,2026-06-03 01:37:43.551816,16.26,16.29,16.26,17.27,1008,90,2.62,9,62,0.0,Clouds,broken clouds,1
Lövő,47.509444,16.7775,2026-06-03 01:37:44.766924,16.3,16.34,16.3,17.31,1008,90,2.19,1,54,0.0,Clouds,broken clouds,1
Újkér,47.457778,16.786667,2026-06-03 01:37:45.969380,16.32,16.36,16.32,16.32,1008,90,1.76,354,52,0.0,Clouds,broken clouds,1
Bük,47.388611,16.752222,2026-06-03 01:37:47.162721,16.38,16.42,16.38,16.38,1007,90,1.05,345,49,0.0,Clouds,scattered clouds,1
Acsád,47.308333,16.734722,2026-06-03 01:37:48.362666,16.13,16.15,16.13,16.13,1007,90,0.41,264,39,0.0,Clouds,scattered clouds,1
Salköveskút-Vassurány,47.291389,16.704167,2026-06-03 01:37:49.563735,16.14,16.16,16.14,16.14,1007,90,0.62,226,37,0.0,Clouds,scattered clouds,1
Zalaszentiván,46.8875,16.909444,2026-06-03 01:37:50.758835,17.12,17.11,17.12,17.12,1007,85,3.1,173,18,0.0,Clouds,few clouds,1
Alsónemesapáti,46.854167,16.936389,2026-06-03 01:37:51.958394,17.22,17.19,17.22,17.22,1007,84,3.16,172,19,0.0,Clouds,few clouds,1
Józsa,47.600833,21.584444,2026-06-03 01:37:53.152795,15.1,14.91,15.1,15.1,1010,86,2.61,210,78,0.0,Clouds,broken clouds,1
Hajdúszentgyörgy,47.608056,21.578333,2026-06-03 01:37:54.355683,15.1,14.91,15.1,15.1,1010,86,2.61,210,78,0.0,Clouds,broken clouds,1
Zelemér,47.627778,21.578333,2026-06-03 01:37:55.550345,15.09,14.9,15.09,15.09,1010,86,2.62,213,78,0.0,Clouds,broken clouds,1
Hajdúböszörmény,47.668056,21.524167,2026-06-03 01:37:56.749195,15.14,14.93,15.14,15.14,1010,85,2.49,217,73,0.0,Clouds,broken clouds,1
Hajdúvid,47.749444,21.508056,2026-06-03 01:37:57.953678,15.32,15.07,15.32,15.32,1010,83,2.31,216,65,0.0,Clouds,broken clouds,1
Hajdúdorog,47.805556,21.493056,2026-06-03 01:37:59.149261,15.36,15.09,15.36,15.36,1010,82,2.09,213,66,0.0,Clouds,broken clouds,1
Hajdúnánás,47.831944,21.426667,2026-06-03 01:38:00.342324,15.48,15.17,15.48,15.48,1010,80,1.83,207,60,0.0,Clouds,broken clouds,1
Hajdúnánás-Vásártér,47.843056,21.407222,2026-06-03 01:38:01.546600,15.48,15.17,15.48,15.48,1010,80,1.83,207,60,0.0,Clouds,broken clouds,1
Tedej,47.903611,21.404444,2026-06-03 01:38:02.738366,17.65,17.56,17.65,17.65,1010,80,1.33,191,73,0.0,Clouds,broken clouds,1
Tiszavasvári,47.945278,21.374722,2026-06-03 01:38:03.939148,17.65,17.64,17.65,17.65,1010,83,1.21,178,77,0.0,Clouds,broken clouds,1
Egyházerdő,47.9725,21.365,2026-06-03 01:38:05.135378,17.67,17.66,17.67,17.67,1010,83,1.11,167,83,0.0,Clouds,broken clouds,1
Tiszalök,48.013056,21.369167,2026-06-03 01:38:06.327663,17.64,17.63,17.64,17.64,1010,83,1.02,144,92,0.0,Clouds,overcast clouds,1
Hajnalos,47.998889,21.414167,2026-06-03 01:38:07.522485,17.65,17.64,17.65,17.65,1010,83,0.97,159,87,0.0,Clouds,overcast clouds,1
Kisfástanya,47.989167,21.47,2026-06-03 01:38:08.723540,17.62,17.6,17.62,17.62,1010,83,0.89,162,86,0.0,Clouds,overcast clouds,1
Tiszaeszlár,48.010556,21.491944,2026-06-03 01:38:09.931241,17.63,17.62,17.63,17.63,1010,83,0.76,151,88,0.0,Clouds,overcast clouds,1
Bashalom,48.026111,21.514722,2026-06-03 01:38:11.132932,17.6,17.58,17.6,17.6,1010,83,0.73,133,90,0.0,Clouds,overcast clouds,1
Sáránd,47.415556,21.625,2026-06-03 01:38:12.325851,15.52,15.37,15.52,15.52,1010,86,3.21,187,84,0.0,Clouds,broken clouds,1
Derecske,47.365,21.584167,2026-06-03 01:38:13.520928,15.66,15.47,15.66,15.66,1010,84,3.56,182,93,0.0,Clouds,overcast clouds,1
Derecske-Vásártér,47.352222,21.58,2026-06-03 01:38:14.717928,15.66,15.47,15.66,15.66,1010,84,3.56,182,93,0.0,Clouds,overcast clouds,1
Konyár,47.323611,21.666111,2026-06-03 01:38:15.934900,15.71,15.53,15.71,15.71,1010,84,3.81,180,95,0.0,Clouds,overcast clouds,1
Konyári Sóstófürdő,47.324167,21.744444,2026-06-03 01:38:17.132365,15.65,15.46,15.65,15.65,1010,84,3.65,184,93,0.0,Clouds,overcast clouds,1
Pocsaj-Esztár,47.288333,21.793056,2026-06-03 01:38:18.323953,15.24,15.01,15.24,15.24,1011,84,3.56,187,97,0.0,Clouds,overcast clouds,1
Kismarja,47.243889,21.813889,2026-06-03 01:38:19.517122,15.24,15.01,15.24,15.24,1011,84,3.51,184,100,0.0,Clouds,overcast clouds,1
Nagykereki,47.191667,21.8,2026-06-03 01:38:20.711839,15.23,15.11,15.23,15.23,1011,88,3.39,182,100,0.0,Clouds,overcast clouds,1
Debrecen-Szabadságtelep,47.527778,21.658611,2026-06-03 01:38:21.913774,15.21,15.06,15.21,15.21,1010,87,2.79,201,74,0.0,Clouds,broken clouds,1
Kondoroskert,47.525556,21.713889,2026-06-03 01:38:23.108195,15.26,15.09,15.26,15.26,1010,86,2.94,202,70,0.0,Clouds,broken clouds,1
Nagycsere,47.523889,21.763056,2026-06-03 01:38:24.302334,15.26,15.06,15.26,15.26,1010,85,2.99,203,71,0.0,Clouds,broken clouds,1
Haláp,47.521667,21.818333,2026-06-03 01:38:25.497413,15.24,15.04,15.24,15.24,1010,85,3.03,204,73,0.0,Clouds,broken clouds,1
Vámospércs,47.518056,21.893889,2026-06-03 01:38:26.689877,15.26,15.01,15.26,15.26,1010,83,3.02,207,85,0.0,Clouds,overcast clouds,1
Szentannapuszta,47.52,21.965833,2026-06-03 01:38:27.900497,15.28,15.0,15.28,15.28,1010,82,2.88,207,94,0.0,Clouds,overcast clouds,1
Nyírábrány,47.523889,22.016944,2026-06-03 01:38:29.104698,15.27,14.99,15.27,15.27,1010,82,2.79,207,98,0.0,Clouds,overcast clouds,1
Dombostanya,47.602778,21.706389,2026-06-03 01:38:30.298684,15.17,14.96,15.17,15.17,1010,85,2.77,209,76,0.0,Clouds,broken clouds,1
Hajdúsámson,47.608056,21.755278,2026-06-03 01:38:31.491129,15.24,15.01,15.24,15.24,1010,84,2.88,209,78,0.0,Clouds,broken clouds,1
Tamásipuszta,47.632778,21.796111,2026-06-03 01:38:32.688613,15.21,14.95,15.21,15.21,1010,83,2.84,210,84,0.0,Clouds,broken clouds,1
Aradványpuszta,47.662778,21.8425,2026-06-03 01:38:33.906505,15.23,14.95,15.23,15.23,1010,82,2.75,211,90,0.0,Clouds,overcast clouds,1
Nyíradony,47.699444,21.903333,2026-06-03 01:38:35.104924,15.18,14.89,15.18,15.18,1010,82,2.39,207,99,0.0,Clouds,overcast clouds,1
Nyírmihálydi,47.7375,21.958889,2026-06-03 01:38:36.295441,15.14,14.85,15.14,15.14,1010,82,2.23,203,100,0.0,Clouds,overcast clouds,1
Nyírgelse,47.750833,21.987778,2026-06-03 01:38:37.489074,15.06,14.76,15.06,15.06,1010,82,2.11,197,100,0.0,Clouds,overcast clouds,1
Nyírbogát,47.793056,22.066389,2026-06-03 01:38:38.686890,15.1,14.81,15.1,15.1,1010,82,1.98,179,100,0.0,Clouds,overcast clouds,1
Nagykálló,47.871111,21.825833,2026-06-03 01:38:39.891598,15.34,15.04,15.34,15.34,1010,81,1.68,196,100,0.0,Clouds,overcast clouds,1
Kállósemjén,47.854722,21.935,2026-06-03 01:38:41.092204,15.29,14.99,15.29,15.29,1010,81,1.82,188,100,0.0,Clouds,overcast clouds,1
Nyírbátor,47.8425,22.131111,2026-06-03 01:38:42.287333,15.03,14.73,15.03,15.03,1010,82,1.99,170,99,0.0,Clouds,overcast clouds,1
Nyírcsászári,47.865556,22.179167,2026-06-03 01:38:43.483482,15.01,14.73,15.01,15.01,1010,83,2.07,160,96,0.0,Clouds,overcast clouds,1
Hodász,47.896111,22.213611,2026-06-03 01:38:44.680180,14.92,14.66,14.92,14.92,1010,84,2.15,151,88,0.0,Clouds,overcast clouds,1
Nyírmeggyes,47.9225,22.256667,2026-06-03 01:38:45.886509,14.91,14.68,14.91,14.91,1010,85,2.24,138,82,0.0,Clouds,broken clouds,1
Mátészalka,47.951389,22.313333,2026-06-03 01:38:47.077448,14.91,14.7,14.91,14.91,1011,86,2.34,132,78,0.0,Clouds,broken clouds,1
Kocsord,47.941944,22.375833,2026-06-03 01:38:48.274041,14.96,14.81,14.96,14.96,1011,88,2.42,136,65,0.0,Clouds,broken clouds,1
Kocsord alsó,47.946389,22.400556,2026-06-03 01:38:49.469003,14.96,14.81,14.96,14.96,1011,88,2.42,136,65,0.0,Clouds,broken clouds,1
Győrtelek,47.936667,22.424722,2026-06-03 01:38:50.663633,14.95,14.82,14.95,14.95,1011,89,2.45,136,62,0.0,Clouds,broken clouds,1
Győrtelek alsó,47.921111,22.443333,2026-06-03 01:38:51.870954,14.94,14.84,14.94,14.94,1011,90,2.43,141,57,0.0,Clouds,broken clouds,1
Ököritófülpös,47.911389,22.495,2026-06-03 01:38:53.063003,14.93,14.83,14.93,14.93,1011,90,2.46,141,55,0.0,Clouds,broken clouds,1
Porcsalma-Tyukod,47.868056,22.568333,2026-06-03 01:38:54.257721,12.84,12.56,12.84,12.84,1011,91,2.35,146,50,0.0,Clouds,scattered clouds,1
Csenger,47.826111,22.666389,2026-06-03 01:38:55.469248,12.83,12.57,12.83,12.83,1011,92,2.23,142,55,0.0,Clouds,broken clouds,1
Kisfái,46.888303,19.807366,2026-06-03 01:38:56.668994,16.03,15.75,16.03,16.03,1010,79,3.14,169,100,0.0,Clouds,overcast clouds,1
Nyárlőrinci szőlők,46.8775,19.828333,2026-06-03 01:38:57.872845,16.03,15.78,16.03,16.03,1010,80,3.12,170,100,0.0,Clouds,overcast clouds,1
Nyárlőrinc alsó,46.863889,19.878889,2026-06-03 01:38:59.067030,16.05,15.8,16.05,16.05,1010,80,3.1,170,100,0.0,Clouds,overcast clouds,1
Tiszaug-Tiszahídfő,46.866106,20.052098,2026-06-03 01:39:00.263009,16.05,15.77,14.47,18.34,1010,79,3.06,170,100,0.0,Clouds,overcast clouds,1
Csongrádi úti tanyák,46.690278,19.921667,2026-06-03 01:39:01.455160,16.16,15.92,16.16,18.3,1010,80,2.98,173,98,0.0,Clouds,overcast clouds,1
Kettőshalom,46.689167,20.0225,2026-06-03 01:39:02.655958,16.19,15.95,16.19,18.33,1010,80,3.03,172,99,0.0,Clouds,overcast clouds,1
Csongrád alsó,46.711389,20.126389,2026-06-03 01:39:03.863589,18.33,18.1,16.19,18.33,1010,72,3.11,171,100,0.0,Clouds,overcast clouds,1
Dónát,46.66988,20.368168,2026-06-03 01:39:05.060799,18.35,18.12,18.35,18.35,1010,72,2.24,173,92,0.0,Clouds,overcast clouds,1
Pusztatemplom,46.676667,20.407222,2026-06-03 01:39:06.271649,18.34,18.11,18.34,18.34,1010,72,2.24,173,87,0.0,Clouds,overcast clouds,1
Előhát,47.364722,20.653611,2026-06-03 01:39:07.467342,14.44,14.21,14.44,14.44,1010,87,3.05,193,87,0.0,Clouds,overcast clouds,1
Polgárdi-Tekerespuszta,47.017778,18.297778,2026-06-03 01:39:08.672196,17.06,16.73,17.06,17.06,1009,73,2.73,160,67,0.0,Clouds,broken clouds,1
Szatina-Kishajmás,46.202778,18.083611,2026-06-03 01:39:09.875852,16.62,16.48,16.62,16.62,1009,82,1.97,168,82,0.0,Clouds,broken clouds,1
Márok,45.886944,18.499167,2026-06-03 01:39:11.069129,13.72,13.5,13.72,13.72,1009,90,1.92,146,100,0.0,Clouds,overcast clouds,1
Nagynyárád,45.953333,18.564722,2026-06-03 01:39:12.263758,13.79,13.57,13.79,13.79,1009,90,1.53,155,100,0.0,Clouds,overcast clouds,1
Szászvár,46.2875,18.369722222222222,2026-06-03 01:39:13.457234,16.77,16.59,16.77,16.77,1009,80,2.57,171,65,0.0,Clouds,broken clouds,1
Cikó,46.263514,18.557605,2026-06-03 01:39:14.655801,17.04,16.94,17.04,17.04,1009,82,2.6,179,60,0.0,Clouds,broken clouds,1
Gyöngyfa-Magyarmecske,45.983889,17.958889,2026-06-03 01:39:15.858810,17.04,17.02,17.04,17.04,1009,85,1.76,116,83,0.0,Clouds,broken clouds,1
Nagyhát,47.581389,21.445,2026-06-03 01:39:17.062616,15.23,15.05,15.23,15.23,1010,86,2.34,210,85,0.0,Clouds,overcast clouds,1
Balmazújváros,47.613889,21.348056,2026-06-03 01:39:18.262859,15.45,15.22,15.45,15.45,1010,83,2.08,213,69,0.0,Clouds,broken clouds,1
Kónya,47.600833,21.2375,2026-06-03 01:39:19.470031,15.65,15.39,15.65,15.65,1010,81,1.91,207,75,0.0,Clouds,broken clouds,1
Hortobágy,47.586111,21.154722,2026-06-03 01:39:20.671064,15.85,15.55,15.85,15.85,1010,79,1.75,198,76,0.0,Clouds,broken clouds,1
Hortobágyi Halastó,47.604167,21.074167,2026-06-03 01:39:21.873908,16.0,15.67,16.0,16.0,1010,77,1.7,191,78,0.0,Clouds,broken clouds,1
Ohat-Pusztakócs,47.623333,20.951111,2026-06-03 01:39:23.078168,16.21,15.84,16.21,16.21,1010,75,1.73,174,83,0.0,Clouds,broken clouds,1
Egyek,47.616944,20.883611,2026-06-03 01:39:24.272721,14.41,13.86,14.41,14.41,1010,75,1.8,168,91,0.0,Clouds,overcast clouds,1
Tiszafüred,47.627778,20.756111,2026-06-03 01:39:25.473825,14.41,13.86,14.41,14.41,1010,75,1.85,168,98,0.0,Clouds,overcast clouds,1
Poroszló,47.657778,20.654444,2026-06-03 01:39:26.667882,14.42,13.88,14.42,14.42,1010,75,1.8,164,100,0.0,Clouds,overcast clouds,1
Kétútköz,47.694167,20.565,2026-06-03 01:39:27.882353,14.39,13.84,14.39,14.39,1010,75,1.73,151,100,0.0,Clouds,overcast clouds,1
Egerfarmos,47.711667,20.5225,2026-06-03 01:39:29.076967,14.37,13.82,14.37,14.37,1010,75,1.64,154,100,0.0,Clouds,overcast clouds,1
Piliscsaba,47.638056,18.829722,2026-06-03 01:39:30.275452,17.97,17.73,16.42,18.14,1009,73,2.24,127,70,0.0,Clouds,broken clouds,1
Pilisjászfalu,47.656111,18.797778,2026-06-03 01:39:31.473860,18.23,18.07,16.67,18.39,1009,75,2.4,128,70,0.0,Clouds,broken clouds,1
Leányvár,47.687594,18.772553,2026-06-03 01:39:32.674360,18.38,18.23,18.38,18.56,1009,75,2.5,128,63,0.0,Clouds,broken clouds,1
Dorog,47.723333,18.732778,2026-06-03 01:39:33.865506,18.6,18.5,18.6,18.6,1009,76,2.67,129,50,0.0,Clouds,scattered clouds,1
Esztergom-Kertváros,47.743333,18.719167,2026-06-03 01:39:35.061900,18.67,18.58,18.67,18.67,1009,76,2.66,129,46,0.0,Clouds,scattered clouds,1
Esztergom,47.7775,18.743611,2026-06-03 01:39:36.261757,18.73,18.67,18.73,18.73,1009,77,2.47,125,46,0.0,Clouds,scattered clouds,1
Dunaalmás,47.733056,18.326389,2026-06-03 01:39:37.456676,16.8,16.49,16.8,16.8,1008,75,3.19,129,22,0.0,Clouds,few clouds,1
Neszmély,47.734444,18.345278,2026-06-03 01:39:38.660041,16.8,16.49,16.8,16.8,1008,75,3.19,129,22,0.0,Clouds,few clouds,1
Süttő,47.761111,18.455,2026-06-03 01:39:39.864505,16.73,16.44,16.73,16.73,1008,76,2.95,130,30,0.0,Clouds,scattered clouds,1
Piszke,47.75307,18.478017,2026-06-03 01:39:41.068019,16.76,16.48,16.76,16.76,1008,76,2.92,131,32,0.0,Clouds,scattered clouds,1
Lábatlan,47.751944,18.513333,2026-06-03 01:39:42.265825,16.74,16.45,16.74,16.74,1008,76,2.91,131,34,0.0,Clouds,scattered clouds,1
Eternitgyár,47.755544,18.530014,2026-06-03 01:39:43.460901,16.74,16.45,16.74,16.74,1008,76,2.91,131,34,0.0,Clouds,scattered clouds,1
Nyergesújfalu felső,47.762222,18.540556,2026-06-03 01:39:44.658166,16.74,16.45,16.74,16.74,1008,76,2.91,131,34,0.0,Clouds,scattered clouds,1
Nyergesújfalu,47.761111,18.561667,2026-06-03 01:39:45.853241,16.68,16.39,16.68,16.68,1008,76,2.88,131,35,0.0,Clouds,scattered clouds,1
Tokod,47.735,18.675,2026-06-03 01:39:47.047593,18.69,18.6,18.69,18.69,1009,76,2.73,130,48,0.0,Clouds,scattered clouds,1
Környe,47.541667,18.330278,2026-06-03 01:39:48.241139,16.58,16.25,16.58,16.58,1008,75,3.14,138,28,0.0,Clouds,scattered clouds,1
Kecskéd alsó,47.519722,18.316667,2026-06-03 01:39:49.436199,16.61,16.28,16.61,16.61,1008,75,3.26,139,23,0.0,Clouds,few clouds,1
Oroszlány,47.486944,18.308611,2026-06-03 01:39:50.631718,16.53,16.2,16.53,16.53,1008,75,3.16,140,25,0.0,Clouds,scattered clouds,1
Győrszabadhegy,47.663056,17.648056,2026-06-03 01:39:51.824031,17.14,16.82,17.14,17.14,1008,73,2.88,177,15,0.0,Clouds,few clouds,1
Ménfőcsanak felső,47.638333,17.615,2026-06-03 01:39:53.026679,17.25,16.94,17.25,17.25,1008,73,2.87,188,21,0.0,Clouds,few clouds,1
Gyömöre-Tét,47.501672,17.559596,2026-06-03 01:39:54.225442,17.22,16.85,17.22,17.22,1008,71,3.51,194,47,0.0,Clouds,scattered clouds,1
Szerecseny,47.469167,17.5475,2026-06-03 01:39:55.420817,17.27,16.91,17.27,17.27,1008,71,3.61,190,49,0.0,Clouds,scattered clouds,1
Gecse-Gyarmat,47.456111,17.515,2026-06-03 01:39:56.617298,17.16,16.81,17.16,17.16,1008,72,3.53,194,53,0.0,Clouds,broken clouds,1
Vaszar,47.4025,17.496389,2026-06-03 01:39:57.813531,17.29,17.03,17.29,17.29,1008,75,3.78,181,58,0.0,Clouds,broken clouds,1
Pápa,47.340556,17.458889,2026-06-03 01:39:59.007416,17.27,17.09,17.27,17.27,1008,78,3.96,171,59,0.0,Clouds,broken clouds,1
Mezőlak,47.324722,17.371389,2026-06-03 01:40:00.208051,17.3,17.17,17.3,17.3,1008,80,3.67,173,66,0.0,Clouds,broken clouds,1
Mihályháza,47.318889,17.331667,2026-06-03 01:40:01.398972,17.28,17.18,17.28,17.28,1008,81,3.69,169,66,0.0,Clouds,broken clouds,1
Vinár,47.306667,17.284722,2026-06-03 01:40:02.605396,17.32,17.22,17.32,17.32,1007,81,3.56,169,66,0.0,Clouds,broken clouds,1
Külsővat,47.279167,17.219722,2026-06-03 01:40:03.797307,17.29,17.24,17.29,17.29,1007,83,3.32,169,63,0.0,Clouds,broken clouds,1
Celldömölk,47.261389,17.151944,2026-06-03 01:40:04.986994,17.29,17.27,17.29,17.29,1007,84,3.19,169,56,0.0,Clouds,broken clouds,1
Kemenesmihályfa,47.278056,17.111111,2026-06-03 01:40:06.185734,16.89,16.85,16.89,16.89,1007,85,2.81,175,54,0.0,Clouds,broken clouds,1
Nagysimonyi,47.265556,17.058889,2026-06-03 01:40:07.382519,16.96,16.93,16.96,16.96,1007,85,2.73,176,46,0.0,Clouds,scattered clouds,1
Ostffyasszonyfa,47.283889,17.023889,2026-06-03 01:40:08.574844,17.04,17.05,17.04,17.04,1007,86,2.33,183,45,0.0,Clouds,scattered clouds,1
Sárvár,47.259167,16.928889,2026-06-03 01:40:09.769311,17.12,17.16,17.12,17.12,1007,87,2.08,191,40,0.0,Clouds,scattered clouds,1
Porpác,47.238611,16.8325,2026-06-03 01:40:10.967840,16.4,16.37,16.4,16.4,1007,87,2.05,193,38,0.0,Clouds,scattered clouds,1
Balatonföldvár,46.853889,17.881389,2026-06-03 01:40:12.165152,18.3,17.57,17.19,18.3,1008,53,0.89,315,68,0.0,Clouds,broken clouds,1
Balatonszárszó,46.832222,17.830278,2026-06-03 01:40:13.357909,18.32,17.59,17.21,18.32,1008,53,2.19,180,65,0.0,Clouds,broken clouds,1
Balatonszemes,46.811944,17.776389,2026-06-03 01:40:14.551564,18.3,17.57,17.19,18.3,1008,53,2.38,175,56,0.0,Clouds,broken clouds,1
Balatonlelle felső,46.793889,17.7175,2026-06-03 01:40:15.745539,18.32,17.59,18.32,18.32,1008,53,2.48,169,47,0.0,Clouds,scattered clouds,1
Balatonlelle,46.7875,17.694167,2026-06-03 01:40:16.937966,18.28,18.04,18.28,18.28,1008,72,2.39,165,44,0.0,Clouds,scattered clouds,1
Fonyódliget,46.759167,17.592222,2026-06-03 01:40:18.142028,18.3,18.09,18.3,18.3,1008,73,2.41,159,39,0.0,Clouds,scattered clouds,1
Balatonboglár,46.776111,17.647222,2026-06-03 01:40:19.337280,18.3,18.09,18.3,18.3,1008,73,2.32,160,41,0.0,Clouds,scattered clouds,1
Balatonfenyves alsó,46.708611,17.455278,2026-06-03 01:40:20.544370,17.62,17.4,17.62,17.62,1008,75,2.48,153,41,0.0,Clouds,scattered clouds,1
Fonyód,46.750278,17.558889,2026-06-03 01:40:21.738018,17.69,17.42,17.69,17.69,1008,73,2.3,151,37,0.0,Clouds,scattered clouds,1
Bélatelep,46.737778,17.535,2026-06-03 01:40:22.938946,17.66,17.41,17.66,17.66,1008,74,2.38,152,39,0.0,Clouds,scattered clouds,1
Alsóbélatelep,46.724167,17.516389,2026-06-03 01:40:24.136482,17.66,17.41,17.66,17.66,1008,74,2.38,152,39,0.0,Clouds,scattered clouds,1
Balatonfenyves,46.713611,17.482778,2026-06-03 01:40:25.322172,17.66,17.39,17.66,17.66,1008,73,2.49,154,41,0.0,Clouds,scattered clouds,1
Máriahullámtelep,46.704722,17.435,2026-06-03 01:40:26.517701,17.62,17.4,17.62,17.62,1008,75,2.48,153,41,0.0,Clouds,scattered clouds,1
Balatonmáriafürdő,46.704167,17.374722,2026-06-03 01:40:27.727998,17.56,17.38,17.56,17.56,1008,77,2.54,155,44,0.0,Clouds,scattered clouds,1
Balatonberény,46.713889,17.316944,2026-06-03 01:40:28.918179,17.44,17.28,17.44,17.44,1008,78,2.59,157,44,0.0,Clouds,scattered clouds,1
Balatonszentgyörgy,46.692778,17.288889,2026-06-03 01:40:30.114273,17.48,17.32,17.48,17.48,1008,78,2.8,163,44,0.0,Clouds,scattered clouds,1
Vörs,46.663611,17.260278,2026-06-03 01:40:31.311852,17.47,17.28,17.47,17.47,1008,77,3.11,172,42,0.0,Clouds,scattered clouds,1
Zalaszentjakab,46.491667,17.135278,2026-06-03 01:40:32.509403,17.25,16.94,17.25,17.25,1007,73,4.04,187,44,0.0,Clouds,scattered clouds,1
Nagykanizsa,46.440833,16.986667,2026-06-03 01:40:33.708704,17.15,16.83,17.15,17.15,1007,73,3.76,198,39,0.0,Clouds,scattered clouds,1
Murakeresztúr,46.363889,16.876944,2026-06-03 01:40:34.908476,17.11,16.81,17.11,17.11,1007,74,3.47,202,44,0.0,Clouds,scattered clouds,1
Zalakomár,46.530278,17.188056,2026-06-03 01:40:36.103206,17.38,17.11,17.38,17.38,1008,74,3.96,184,43,0.0,Clouds,scattered clouds,1
Szárazrét,47.200833,18.381111,2026-06-03 01:40:37.299707,17.0,16.71,17.0,17.0,1009,75,2.09,148,50,0.0,Clouds,scattered clouds,1
Bodajk,47.318333,18.251944,2026-06-03 01:40:38.496929,16.85,16.55,16.85,16.85,1009,75,2.39,144,36,0.0,Clouds,scattered clouds,1
Csókakő,47.3275,18.240556,2026-06-03 01:40:39.698049,16.53,16.2,16.53,16.53,1009,75,2.51,143,33,0.0,Clouds,scattered clouds,1
Mór,47.369167,18.189167,2026-06-03 01:40:40.893952,16.65,16.33,16.65,16.65,1008,75,3.12,148,27,0.0,Clouds,scattered clouds,1
Bakonysárkány,47.443611,18.103611,2026-06-03 01:40:42.098730,16.31,15.95,16.31,16.31,1008,75,4.0,150,17,0.0,Clouds,few clouds,1
Kisbér,47.494167,18.024722,2026-06-03 01:40:43.295226,16.67,16.32,16.67,16.67,1008,74,4.6,152,13,0.0,Clouds,few clouds,1
Nagyigmánd-Bábolna,47.630556,18.050833,2026-06-03 01:40:44.495700,16.91,16.59,16.91,16.91,1008,74,4.6,145,8,0.0,Clear,clear sky,1
Budapest-Déli,47.498889,19.025,2026-06-03 01:40:45.689807,17.99,17.67,17.06,18.78,1009,70,0.89,214,92,0.0,Clouds,overcast clouds,1
Budapest-Kelenföld,47.464444,19.02,2026-06-03 01:40:46.891516,18.02,17.71,17.16,18.89,1009,70,0.89,214,95,0.0,Clouds,overcast clouds,1
Budaörs,47.4475,18.965,2026-06-03 01:40:48.085024,18.11,17.8,17.07,18.8,1009,70,0.89,214,98,0.0,Clouds,overcast clouds,1
Biatorbágy,47.480278,18.834444,2026-06-03 01:40:49.279340,18.34,18.08,16.72,18.45,1009,71,2.23,133,96,0.0,Clouds,overcast clouds,1
Herceghalom,47.493611,18.746111,2026-06-03 01:40:50.474196,18.56,18.35,16.97,18.7,1009,72,2.38,130,95,0.0,Clouds,overcast clouds,1
Bicske,47.484167,18.6175,2026-06-03 01:40:51.669340,18.32,18.09,18.32,18.5,1009,72,2.29,128,87,0.0,Clouds,overcast clouds,1
Szár,47.485,18.5275,2026-06-03 01:40:52.861892,18.11,17.91,18.11,18.11,1009,74,2.27,130,74,0.0,Clouds,broken clouds,1
Szárliget,47.518333,18.495833,2026-06-03 01:40:54.063220,16.13,15.73,16.13,16.13,1009,74,2.42,131,67,0.0,Clouds,broken clouds,1
Alsógalla,47.563337,18.425102,2026-06-03 01:40:55.270577,16.57,16.24,16.57,16.57,1008,75,2.89,134,41,0.0,Clouds,scattered clouds,1
Tatabánya,47.585556,18.393056,2026-06-03 01:40:56.471522,16.65,16.33,16.65,16.65,1008,75,3.08,135,32,0.0,Clouds,scattered clouds,1
Vértesszőlős,47.619444,18.375278,2026-06-03 01:40:57.661902,16.69,16.37,16.69,16.69,1008,75,3.11,134,31,0.0,Clouds,scattered clouds,1
Tóvároskert,47.646111,18.348611,2026-06-03 01:40:58.857519,16.7,16.38,16.7,16.7,1008,75,3.25,134,24,0.0,Clouds,few clouds,1
Tata,47.665,18.3275,2026-06-03 01:41:00.054219,16.69,16.37,16.69,16.69,1008,75,3.24,132,23,0.0,Clouds,few clouds,1
Almásfüzitő,47.725278,18.262222,2026-06-03 01:41:01.251592,16.82,16.52,16.82,16.82,1008,75,3.4,130,18,0.0,Clouds,few clouds,1
Almásfüzitő felső,47.731389,18.216389,2026-06-03 01:41:02.462348,16.85,16.52,16.85,16.85,1008,74,3.66,131,17,0.0,Clouds,few clouds,1
Szőny,47.735556,18.1775,2026-06-03 01:41:03.662071,16.87,16.54,16.87,16.87,1008,74,3.79,132,16,0.0,Clouds,few clouds,1
Komárom,47.749444,18.113611,2026-06-03 01:41:04.858029,16.91,16.59,16.91,16.91,1008,74,3.95,133,18,0.0,Clouds,few clouds,1
Ács,47.717222,18.004444,2026-06-03 01:41:06.055370,16.91,16.59,16.91,16.91,1008,74,4.4,139,15,0.0,Clouds,few clouds,1
Nagyszentjános,47.705556,17.871389,2026-06-03 01:41:07.253456,17.01,16.7,17.01,17.01,1008,74,4.4,145,9,0.0,Clear,clear sky,1
Győrszentiván,47.688611,17.745556,2026-06-03 01:41:08.447302,17.06,16.73,17.06,17.06,1008,73,3.91,153,7,0.0,Clear,clear sky,1
Győr-Gyárváros,47.684444,17.663889,2026-06-03 01:41:09.642428,17.16,16.84,17.16,17.16,1008,73,3.11,169,12,0.0,Clouds,few clouds,1
Győr,47.681944,17.634722,2026-06-03 01:41:10.836435,17.14,16.82,17.14,17.14,1008,73,2.88,177,15,0.0,Clouds,few clouds,1
Öttevény,47.719722,17.489167,2026-06-03 01:41:12.035569,17.17,16.93,17.17,17.17,1008,76,2.49,229,26,0.0,Clouds,scattered clouds,1
Lébény-Mosonszentmiklós,47.755278,17.426389,2026-06-03 01:41:13.231588,17.15,16.96,17.15,17.15,1008,78,2.97,248,29,0.0,Clouds,scattered clouds,1
Kimle-Károlyháza,47.803889,17.342778,2026-06-03 01:41:14.433033,17.16,16.99,17.16,17.16,1008,79,3.17,254,27,0.0,Clouds,scattered clouds,1
Mosonmagyaróvár,47.849722,17.267222,2026-06-03 01:41:15.627281,15.6,15.28,15.6,16.72,1008,79,3.17,254,25,0.0,Clouds,scattered clouds,1
Levél,47.889722,17.1925,2026-06-03 01:41:16.816892,15.95,15.69,15.57,17.75,1008,80,3.0,252,26,0.0,Clouds,scattered clouds,1
Hegyeshalom,47.913889,17.145556,2026-06-03 01:41:18.013636,15.89,15.62,15.55,17.72,1008,80,2.82,250,26,0.0,Clouds,scattered clouds,1
Óbuda,47.568611,19.033889,2026-06-03 01:41:19.216900,18.3,18.01,17.2,18.93,1009,70,0.89,214,83,0.0,Clouds,broken clouds,1
Üröm,47.580556,19.002222,2026-06-03 01:41:20.416015,18.3,18.04,17.1,18.82,1009,71,0.89,214,84,0.0,Clouds,broken clouds,1
Solymár,47.596111,18.95,2026-06-03 01:41:21.609457,18.48,18.29,16.91,18.64,1009,73,1.67,128,81,0.0,Clouds,broken clouds,1
Pilisvörösvár,47.614444,18.902222,2026-06-03 01:41:22.802399,18.12,17.89,16.56,18.28,1009,73,1.77,126,77,0.0,Clouds,broken clouds,1
Klotildliget,47.637778,18.846389,2026-06-03 01:41:24.006215,17.85,17.6,16.29,18.02,1009,73,2.24,127,70,0.0,Clouds,broken clouds,1
Kútvölgy,46.459444,20.451944,2026-06-03 01:41:25.212045,18.34,18.42,18.34,18.34,1010,84,3.4,168,70,0.0,Clouds,broken clouds,1
Székkutas,46.503889,20.541111,2026-06-03 01:41:26.493261,18.32,18.43,18.32,18.32,1010,85,3.44,168,67,0.0,Clouds,broken clouds,1
Kaposszentjakab,46.358056,17.821944,2026-06-03 01:41:27.699001,17.05,16.87,17.05,17.05,1009,79,2.82,189,91,0.0,Clouds,overcast clouds,1
Kaposvár,46.352778,17.795,2026-06-03 01:41:28.987702,16.9,16.71,16.9,16.9,1009,79,2.91,187,93,0.0,Clouds,overcast clouds,1
Kaposújlak,46.366667,17.715,2026-06-03 01:41:30.340638,17.0,16.79,17.0,17.0,1009,78,3.12,179,95,0.0,Clouds,overcast clouds,1
Kaposmérő,46.365278,17.698889,2026-06-03 01:41:31.606353,16.95,16.74,16.95,16.95,1009,78,3.17,177,95,0.0,Clouds,overcast clouds,1
Kaposfő,46.364167,17.656667,2026-06-03 01:41:32.858209,16.92,16.7,16.92,16.92,1009,78,3.21,175,94,0.0,Clouds,overcast clouds,1
Kiskorpád,46.361389,17.606667,2026-06-03 01:41:34.102235,16.86,16.61,16.86,16.86,1008,77,3.24,173,93,0.0,Clouds,overcast clouds,1
Jákó-Nagybajom,46.344444,17.554444,2026-06-03 01:41:35.346350,16.9,16.66,16.9,16.9,1008,77,3.17,171,94,0.0,Clouds,overcast clouds,1
Kutas,46.326111,17.453889,2026-06-03 01:41:36.537319,17.12,16.87,17.12,17.12,1008,76,3.29,171,91,0.0,Clouds,overcast clouds,1
Beleg,46.316944,17.420556,2026-06-03 01:41:37.736213,17.19,16.92,17.19,17.19,1008,75,3.24,174,93,0.0,Clouds,overcast clouds,1
Ötvöskónyi,46.292778,17.358056,2026-06-03 01:41:38.933593,17.17,16.93,17.17,17.17,1008,76,3.12,177,95,0.0,Clouds,overcast clouds,1
Somogyszob,46.289167,17.305556,2026-06-03 01:41:40.127227,17.12,16.85,17.12,17.12,1008,75,3.3,182,93,0.0,Clouds,overcast clouds,1
Bolhás,46.282222,17.275278,2026-06-03 01:41:41.323608,17.08,16.8,17.08,17.08,1008,75,3.52,187,90,0.0,Clouds,overcast clouds,1
Szenta,46.274167,17.182222,2026-06-03 01:41:42.521019,17.08,16.8,17.08,17.08,1008,75,3.77,191,86,0.0,Clouds,overcast clouds,1
Zrínyitelep,46.275278,17.138056,2026-06-03 01:41:43.731617,17.06,16.78,17.06,17.06,1008,75,3.9,193,84,0.0,Clouds,broken clouds,1
Csurgó,46.261111,17.091667,2026-06-03 01:41:44.928411,17.16,16.89,17.16,17.16,1008,75,3.91,196,85,0.0,Clouds,overcast clouds,1
Gyékényes,46.249167,16.956389,2026-06-03 01:41:46.142173,16.92,16.63,16.92,16.92,1007,75,4.14,201,73,0.0,Clouds,broken clouds,1
Adony,47.106111,18.847778,2026-06-03 01:41:47.335220,16.91,16.59,16.91,16.91,1009,74,3.08,162,65,0.0,Clouds,broken clouds,1
Kulcs,47.051111,18.8975,2026-06-03 01:41:48.530402,16.63,16.28,16.63,16.63,1009,74,3.33,163,69,0.0,Clouds,broken clouds,1
Rácalmás,47.023333,18.908889,2026-06-03 01:41:49.736586,16.56,16.2,16.56,16.56,1009,74,3.41,163,67,0.0,Clouds,broken clouds,1
Dunaújváros,46.960556,18.913889,2026-06-03 01:41:50.933418,16.57,16.21,16.57,16.57,1009,74,3.53,163,63,0.0,Clouds,broken clouds,1
Újvenyim,46.936944,18.868889,2026-06-03 01:41:52.135384,16.67,16.32,16.67,16.67,1009,74,3.59,161,60,0.0,Clouds,broken clouds,1
Mezőfalva,46.905556,18.810278,2026-06-03 01:41:53.337189,16.7,16.36,16.7,16.7,1009,74,3.63,159,60,0.0,Clouds,broken clouds,1
Nagykarácsony felső,46.866047,18.783064,2026-06-03 01:41:54.534549,16.82,16.49,16.82,16.82,1009,74,3.62,159,58,0.0,Clouds,broken clouds,1
Nagykarácsony,46.848729,18.765722,2026-06-03 01:41:55.729182,16.67,16.32,16.67,16.67,1009,74,3.59,158,60,0.0,Clouds,broken clouds,1
Alap,46.831944,18.657778,2026-06-03 01:41:56.926341,17.02,16.71,17.02,17.02,1009,74,3.59,156,78,0.0,Clouds,broken clouds,1
Cece,46.773333,18.623333,2026-06-03 01:41:58.123513,17.09,16.79,17.09,17.09,1009,74,3.46,156,86,0.0,Clouds,overcast clouds,1
Vajta,46.713611,18.648056,2026-06-03 01:41:59.332754,17.05,16.77,17.05,17.05,1009,75,3.26,154,82,0.0,Clouds,broken clouds,1
Rétszilas alsó,46.829167,18.639444,2026-06-03 01:42:00.540021,17.02,16.71,17.02,17.02,1009,74,3.59,156,78,0.0,Clouds,broken clouds,1
Nagydorog,46.615485,18.65002,2026-06-03 01:42:01.742230,17.03,16.77,17.03,17.03,1009,76,3.01,153,78,0.0,Clouds,broken clouds,1
Tengelic,46.516111,18.695278,2026-06-03 01:42:02.952592,16.88,16.66,16.88,16.88,1009,78,2.82,158,69,0.0,Clouds,broken clouds,1
Fácánkert,46.449041,18.735661,2026-06-03 01:42:04.147571,16.92,16.76,16.92,16.92,1009,80,2.83,166,60,0.0,Clouds,broken clouds,1
Tolna-Mözs,46.416389,18.750556,2026-06-03 01:42:05.340266,16.94,16.78,16.94,16.94,1009,80,2.96,169,60,0.0,Clouds,broken clouds,1
Szekszárd-Palánk,46.38027777777778,18.72833333333333,2026-06-03 01:42:06.548456,17.03,16.88,17.03,17.03,1009,80,2.83,171,50,0.0,Clouds,scattered clouds,1
Szekszárd,46.349444,18.7125,2026-06-03 01:42:07.739292,17.04,16.91,17.04,17.04,1009,81,2.84,174,46,0.0,Clouds,scattered clouds,1
Őcsény,46.318889,18.7425,2026-06-03 01:42:08.933820,17.06,16.94,17.06,17.06,1009,81,2.93,176,41,0.0,Clouds,scattered clouds,1
Decs,46.283889,18.756111,2026-06-03 01:42:10.128530,17.09,17.0,17.09,17.09,1009,82,2.89,177,40,0.0,Clouds,scattered clouds,1
Csikóstőttős,46.337222,18.152778,2026-06-03 01:42:11.324037,17.17,17.01,17.17,17.17,1009,79,2.22,183,72,0.0,Clouds,broken clouds,1
Mágocs-Alsómocsolád,46.31027777777778,18.222222222222225,2026-06-03 01:42:12.517175,16.58,16.36,16.58,16.58,1009,79,2.38,176,68,0.0,Clouds,broken clouds,1
Szalatnak,46.284444444444446,18.288611111111113,2026-06-03 01:42:13.716367,16.81,16.64,16.81,16.81,1009,80,2.52,171,65,0.0,Clouds,broken clouds,1
Máza-Szászvár,46.279167,18.411389,2026-06-03 01:42:14.912636,16.84,16.67,16.84,16.84,1009,80,2.59,172,64,0.0,Clouds,broken clouds,1
Váralja,46.281667,18.436111,2026-06-03 01:42:16.114401,16.95,16.82,16.95,16.95,1009,81,2.61,174,63,0.0,Clouds,broken clouds,1
Nagymányok,46.280278,18.459167,2026-06-03 01:42:17.309659,16.95,16.82,16.95,16.95,1009,81,2.61,174,63,0.0,Clouds,broken clouds,1
Hidas-Bonyhád,46.269444,18.523333,2026-06-03 01:42:18.502048,16.89,16.75,16.89,16.89,1009,81,2.63,177,59,0.0,Clouds,broken clouds,1
Mőcsény,46.2575,18.591944,2026-06-03 01:42:19.705700,16.63,16.49,16.63,16.63,1009,82,2.65,180,52,0.0,Clouds,broken clouds,1
Bátaszék,46.202222,18.715556,2026-06-03 01:42:20.902396,17.16,17.1,17.16,17.16,1009,83,2.59,180,49,0.0,Clouds,scattered clouds,1
Pörböly,46.199167,18.826389,2026-06-03 01:42:22.103688,17.03,16.93,17.03,17.03,1009,82,2.84,174,50,0.0,Clouds,scattered clouds,1
Orosháza,46.566111,20.664722,2026-06-03 01:42:23.293319,15.88,15.8,15.88,15.88,1010,87,3.5,167,78,0.0,Clouds,broken clouds,1
Orosházi tanyák,46.596944,20.760556,2026-06-03 01:42:24.483822,14.41,14.23,14.41,14.41,1011,89,3.52,166,91,0.0,Clouds,overcast clouds,1
Csorvás,46.623611,20.840833,2026-06-03 01:42:25.680182,14.39,14.23,14.39,14.39,1011,90,3.51,166,95,0.0,Clouds,overcast clouds,1
Csorvás alsó,46.634722,20.888333,2026-06-03 01:42:26.871406,14.41,14.36,14.41,14.41,1011,94,3.51,166,96,0.0,Clouds,overcast clouds,1
Telekgerendás,46.656111,20.963889,2026-06-03 01:42:28.064612,14.41,14.36,14.41,14.41,1011,94,3.48,167,97,0.0,Clouds,overcast clouds,1
Fürjes,46.67214,21.02306,2026-06-03 01:42:29.265258,14.41,14.36,14.41,14.41,1011,94,3.46,168,96,0.0,Clouds,overcast clouds,1
Fényes,46.659876,21.16618,2026-06-03 01:42:30.461757,14.44,14.39,14.44,14.44,1011,94,3.46,171,91,0.0,Clouds,overcast clouds,1
Bicere,46.66,21.179444,2026-06-03 01:42:31.662647,14.43,14.38,14.43,14.43,1011,94,3.43,171,90,0.0,Clouds,overcast clouds,1
Gyula,46.656389,21.273333,2026-06-03 01:42:32.855921,14.42,14.37,14.42,14.42,1011,94,3.26,174,88,0.0,Clouds,overcast clouds,1
József Szanatórium,46.704722,21.3325,2026-06-03 01:42:34.058362,14.41,14.36,14.41,14.41,1011,94,3.13,175,95,0.0,Clouds,overcast clouds,1
Sarkadi Cukorgyár,46.73,21.383611,2026-06-03 01:42:35.270009,14.42,14.37,14.42,14.42,1011,94,3.04,174,98,0.0,Clouds,overcast clouds,1
Sarkad,46.736944,21.402222,2026-06-03 01:42:36.464603,14.41,14.28,14.41,14.41,1011,91,2.97,174,98,0.0,Clouds,overcast clouds,1
Kötegyán,46.758333,21.479722,2026-06-03 01:42:37.660506,14.41,14.26,14.41,14.41,1011,90,2.96,172,100,0.0,Clouds,overcast clouds,1
Méhkerék,46.774444,21.455556,2026-06-03 01:42:38.863600,14.41,14.26,14.41,14.41,1011,90,3.04,173,100,0.0,Clouds,overcast clouds,1
Sarkadkeresztúr,46.823611,21.4175,2026-06-03 01:42:40.059238,14.43,14.28,14.43,14.43,1011,90,3.14,173,100,0.0,Clouds,overcast clouds,1
Okány,46.8925,21.339167,2026-06-03 01:42:41.254354,14.43,14.28,14.43,14.43,1011,90,3.43,174,97,0.0,Clouds,overcast clouds,1
Újszeged,46.242222,20.16,2026-06-03 01:42:42.454577,18.97,19.04,18.97,18.97,1010,81,3.09,165,98,0.0,Clouds,overcast clouds,1
Szőreg,46.211389,20.183056,2026-06-03 01:42:43.648971,18.96,19.05,18.96,18.96,1010,82,3.13,164,97,0.0,Clouds,overcast clouds,1
Deszk,46.210278,20.246389,2026-06-03 01:42:44.843648,18.97,19.09,18.97,18.97,1010,83,3.18,165,92,0.0,Clouds,overcast clouds,1
Kiszombor,46.191944,20.413056,2026-06-03 01:42:46.037764,15.95,15.82,15.95,15.95,1010,85,3.31,166,81,0.0,Clouds,broken clouds,1
Kiszombor megálló,46.191111,20.430833,2026-06-03 01:42:47.241037,15.95,15.82,15.95,15.95,1010,85,3.31,166,81,0.0,Clouds,broken clouds,1
Makó,46.204722,20.474722,2026-06-03 01:42:48.450671,15.89,15.78,15.89,15.89,1010,86,3.34,166,80,0.0,Clouds,broken clouds,1
Apátfalva,46.175193,20.580611,2026-06-03 01:42:49.648190,15.83,15.77,15.83,15.83,1011,88,3.38,165,86,0.0,Clouds,overcast clouds,1
Magyarcsanád,46.174444,20.610278,2026-06-03 01:42:50.840393,15.81,15.74,15.81,15.81,1011,88,3.39,165,88,0.0,Clouds,overcast clouds,1
Nagylak,46.17,20.708333,2026-06-03 01:42:52.033542,15.66,15.63,15.66,15.66,1011,90,3.43,164,97,0.0,Clouds,overcast clouds,1
Nagylaki Kendergyár,46.189167,20.717222,2026-06-03 01:42:53.227727,15.65,15.62,15.65,15.65,1011,90,3.47,165,96,0.0,Clouds,overcast clouds,1
Csanádpalota,46.236111,20.7325,2026-06-03 01:42:54.432347,15.64,15.61,15.64,15.64,1011,90,3.48,166,95,0.0,Clouds,overcast clouds,1
Mezőhegyes,46.310833,20.815556,2026-06-03 01:42:55.627969,15.58,15.57,15.58,15.58,1011,91,3.54,167,98,0.0,Clouds,overcast clouds,1
Végegyháza,46.384444,20.878611,2026-06-03 01:42:56.825832,15.6,15.62,15.6,15.6,1011,92,3.53,167,98,0.0,Clouds,overcast clouds,1
Mezőkovácsháza,46.408333,20.9,2026-06-03 01:42:58.021222,15.6,15.59,15.6,15.6,1011,91,3.53,167,97,0.0,Clouds,overcast clouds,1
Mezőkovácsháza felső,46.415556,20.918056,2026-06-03 01:42:59.215433,15.61,15.63,15.61,15.61,1011,92,3.52,166,97,0.0,Clouds,overcast clouds,1
Magyarbánhegyes,46.451389,20.97,2026-06-03 01:43:00.414023,14.38,14.28,14.38,14.38,1011,92,3.51,166,96,0.0,Clouds,overcast clouds,1
Medgyesegyháza,46.495278,21.029167,2026-06-03 01:43:01.611039,14.36,14.25,14.36,14.36,1011,92,3.52,167,91,0.0,Clouds,overcast clouds,1
Bánkút,46.505278,21.091944,2026-06-03 01:43:02.823821,14.38,14.33,14.38,14.38,1011,94,3.56,168,85,0.0,Clouds,overcast clouds,1
Belsőperegpuszta,46.321111,20.916667,2026-06-03 01:43:04.019017,15.58,15.6,15.58,15.58,1011,92,3.52,166,100,0.0,Clouds,overcast clouds,1
Battonya,46.282222,21.003889,2026-06-03 01:43:05.227973,15.57,15.79,15.04,16.17,1011,100,3.53,165,98,0.0,Clouds,overcast clouds,1
Baja-Dunafürdő,46.193333,18.919167,2026-06-03 01:43:06.432605,16.92,16.81,16.92,16.92,1009,82,3.1,168,59,0.0,Clouds,broken clouds,1
Kaposszekcső,46.330556,18.143056,2026-06-03 01:43:07.624804,17.17,17.01,17.17,17.17,1009,79,2.22,183,72,0.0,Clouds,broken clouds,1
Vásárosdombó,46.310556,18.138889,2026-06-03 01:43:08.821841,17.05,16.87,17.05,17.05,1009,79,2.28,181,72,0.0,Clouds,broken clouds,1
Sásd,46.257222,18.104722,2026-06-03 01:43:10.016381,16.94,16.8,16.94,16.94,1009,81,2.21,176,76,0.0,Clouds,broken clouds,1
Godisa,46.223333,18.104722,2026-06-03 01:43:11.216782,16.69,16.53,16.69,16.69,1009,81,2.14,171,76,0.0,Clouds,broken clouds,1
Abaliget,46.152778,18.073611,2026-06-03 01:43:12.423796,16.48,16.35,16.48,16.48,1009,83,1.83,151,83,0.0,Clouds,broken clouds,1
Hetvehely,46.128333,18.045,2026-06-03 01:43:13.619787,16.65,16.56,16.65,16.65,1009,84,1.79,143,84,0.0,Clouds,broken clouds,1
Bükkösd,46.113056,17.999444,2026-06-03 01:43:14.818699,16.54,16.44,16.54,16.54,1009,84,1.76,145,85,0.0,Clouds,overcast clouds,1
Cserdi-Helesfa,46.086667,17.987778,2026-06-03 01:43:16.016145,16.56,16.46,16.56,16.56,1009,84,1.76,136,85,0.0,Clouds,overcast clouds,1
Szentlőrinc,46.033333,17.990833,2026-06-03 01:43:17.210953,16.99,16.96,16.99,16.99,1009,85,1.84,123,83,0.0,Clouds,broken clouds,1
Bicsérd,46.041389,18.057778,2026-06-03 01:43:18.416343,16.86,16.82,16.86,16.86,1009,85,1.96,121,83,0.0,Clouds,broken clouds,1
Mecsekalja-Cserkút,46.059722,18.150278,2026-06-03 01:43:19.614599,16.24,16.14,16.24,16.24,1009,85,1.89,124,81,0.0,Clouds,broken clouds,1
Pécs,46.065833,18.223611,2026-06-03 01:43:20.808407,13.71,13.36,13.71,13.71,1009,85,1.8,125,81,0.0,Clouds,broken clouds,1
Pécs-Külváros,46.071667,18.24,2026-06-03 01:43:22.003756,13.69,13.33,13.69,13.69,1009,85,1.8,125,81,0.0,Clouds,broken clouds,1
Pécsbánya-Rendező,46.063333,18.270278,2026-06-03 01:43:23.203629,13.53,13.16,13.53,13.53,1009,85,1.65,129,83,0.0,Clouds,broken clouds,1
Pécsudvard,46.01,18.275556,2026-06-03 01:43:24.403625,13.46,13.11,13.46,13.46,1009,86,1.68,118,86,0.0,Clouds,overcast clouds,1
Szőkéd,45.9675,18.29,2026-06-03 01:43:25.603894,13.64,13.41,13.64,13.64,1009,90,1.71,117,90,0.0,Clouds,overcast clouds,1
Áta,45.936389,18.306944,2026-06-03 01:43:26.798698,13.75,13.53,13.75,13.75,1009,90,1.8,118,91,0.0,Clouds,overcast clouds,1
Kistótfalu,45.909722,18.315278,2026-06-03 01:43:27.993220,13.79,13.57,13.79,13.79,1009,90,1.9,121,91,0.0,Clouds,overcast clouds,1
Vokány,45.899722,18.334722,2026-06-03 01:43:29.193879,13.75,13.53,13.75,13.75,1009,90,1.83,124,93,0.0,Clouds,overcast clouds,1
Palkonya,45.891667,18.393889,2026-06-03 01:43:30.398421,13.77,13.55,13.77,13.77,1009,90,1.93,131,95,0.0,Clouds,overcast clouds,1
Villánykövesd,45.879722,18.425833,2026-06-03 01:43:31.596490,13.73,13.51,13.73,13.73,1009,90,1.92,135,96,0.0,Clouds,overcast clouds,1
Villány,45.8775,18.451389,2026-06-03 01:43:32.791970,13.86,13.65,13.86,13.86,1009,90,1.92,143,99,0.0,Clouds,overcast clouds,1
Magyarbóly,45.834167,18.491944,2026-06-03 01:43:33.984893,13.91,13.71,13.91,13.91,1009,90,2.31,149,100,0.0,Clouds,overcast clouds,1
Magyarszék,46.210278,18.188056,2026-06-03 01:43:35.181585,16.67,16.53,16.67,16.67,1009,82,2.15,163,73,0.0,Clouds,broken clouds,1
Mecsekpölöske,46.224167,18.213056,2026-06-03 01:43:36.385002,16.4,16.21,16.4,16.4,1009,81,2.3,167,70,0.0,Clouds,broken clouds,1
Mecsekjánosi,46.215278,18.241944,2026-06-03 01:43:37.586220,16.35,16.16,16.35,16.35,1009,81,2.37,167,69,0.0,Clouds,broken clouds,1
Komló,46.189167,18.265278,2026-06-03 01:43:38.780543,16.57,16.42,16.57,16.57,1009,82,2.25,163,70,0.0,Clouds,broken clouds,1
Királyegyháza-Rigópuszta,45.989167,17.971667,2026-06-03 01:43:39.977147,17.01,16.99,17.01,17.01,1009,85,1.9,116,83,0.0,Clouds,broken clouds,1
Sumony,45.960833,17.913333,2026-06-03 01:43:41.175223,17.07,17.03,17.07,17.07,1009,84,1.26,112,84,0.0,Clouds,broken clouds,1
Okorág-Kárászpuszta,45.933611,17.864444,2026-06-03 01:43:42.389611,17.08,17.04,17.08,17.08,1009,84,0.82,104,85,0.0,Clouds,overcast clouds,1
Kákics,45.904167,17.8525,2026-06-03 01:43:43.584601,17.03,16.96,17.03,17.03,1009,83,0.36,71,87,0.0,Clouds,overcast clouds,1
Bóly,45.9375,18.538333,2026-06-03 01:43:44.783204,13.68,13.45,13.68,13.68,1009,90,1.61,150,100,0.0,Clouds,overcast clouds,1
Mohács,46.0025,18.683333,2026-06-03 01:43:45.977669,13.95,13.62,13.95,13.95,1009,85,1.8,167,97,0.0,Clouds,overcast clouds,1
Sellye,45.873333,17.858889,2026-06-03 01:43:47.173546,17.03,16.96,17.03,17.03,1009,83,0.42,85,88,0.0,Clouds,overcast clouds,1
Toponár,46.398333,17.840833,2026-06-03 01:43:48.375539,16.97,16.76,16.97,16.97,1009,78,2.87,190,88,0.0,Clouds,overcast clouds,1
Somogyaszaló,46.453611,17.840278,2026-06-03 01:43:49.568993,16.89,16.65,16.89,16.89,1009,77,2.95,189,83,0.0,Clouds,broken clouds,1
Mernye,46.509444,17.832222,2026-06-03 01:43:50.762880,17.08,16.8,17.08,17.08,1009,75,3.05,188,76,0.0,Clouds,broken clouds,1
Felsőmocsolád,46.556389,17.8225,2026-06-03 01:43:51.960818,16.97,16.68,16.97,16.97,1009,75,3.09,187,74,0.0,Clouds,broken clouds,1
Kisbárapáti,46.615,17.866667,2026-06-03 01:43:53.155676,16.9,16.55,16.9,16.9,1009,73,3.15,186,75,0.0,Clouds,broken clouds,1
Bonnya,46.611389,17.909167,2026-06-03 01:43:54.374169,17.16,16.86,17.16,17.16,1009,74,2.96,189,77,0.0,Clouds,broken clouds,1
Andocs,46.646944,17.8925,2026-06-03 01:43:55.568323,16.7,16.33,16.7,16.7,1008,73,3.17,185,75,0.0,Clouds,broken clouds,1
Karád,46.681111,17.874722,2026-06-03 01:43:56.762667,18.02,17.76,18.02,18.02,1008,72,3.18,184,75,0.0,Clouds,broken clouds,1
Somogymeggyes,46.720556,17.920556,2026-06-03 01:43:57.970370,17.6,17.3,16.49,17.6,1008,72,2.99,184,80,0.0,Clouds,broken clouds,1
Kapoly,46.713611,17.977778,2026-06-03 01:43:59.166713,17.88,17.6,16.77,17.88,1008,72,2.82,187,87,0.0,Clouds,overcast clouds,1
Tab,46.734167,18.041111,2026-06-03 01:44:00.365950,16.93,16.56,16.93,18.04,1008,72,2.73,186,85,0.0,Clouds,overcast clouds,1
Bábonymegyer,46.746095,18.109921,2026-06-03 01:44:01.558534,17.04,16.68,17.04,18.15,1009,72,2.57,185,67,0.0,Clouds,broken clouds,1
Daránypuszta,46.764722,18.143889,2026-06-03 01:44:02.751531,17.06,16.7,17.06,18.17,1009,72,2.55,183,59,0.0,Clouds,broken clouds,1
Som-Nagyberény,46.803056,18.149444,2026-06-03 01:44:03.946028,17.05,16.69,17.05,18.16,1008,72,2.51,181,59,0.0,Clouds,broken clouds,1
Ádánd,46.854444,18.141667,2026-06-03 01:44:05.139740,17.17,16.82,17.17,18.28,1008,72,2.35,178,60,0.0,Clouds,broken clouds,1
Siójut,46.879444,18.126667,2026-06-03 01:44:06.343943,17.16,16.81,17.16,18.27,1008,72,2.26,176,60,0.0,Clouds,broken clouds,1
Kapostüskevár,46.367778,17.774167,2026-06-03 01:44:07.538036,17.06,16.88,17.06,17.06,1009,79,3.0,184,94,0.0,Clouds,overcast clouds,1
Kaposfüred,46.415,17.759444,2026-06-03 01:44:08.731407,16.96,16.75,16.96,16.96,1009,78,3.15,184,88,0.0,Clouds,overcast clouds,1
Várda,46.4625,17.721667,2026-06-03 01:44:09.929532,16.91,16.64,16.91,16.91,1009,76,3.4,178,80,0.0,Clouds,broken clouds,1
Somogyjád,46.490833,17.694444,2026-06-03 01:44:11.136545,17.08,16.83,17.08,17.08,1008,76,3.46,176,75,0.0,Clouds,broken clouds,1
Osztopán,46.515556,17.656944,2026-06-03 01:44:12.336436,17.12,16.85,17.12,17.12,1008,75,3.46,174,69,0.0,Clouds,broken clouds,1
Pamuk,46.553127,17.636412,2026-06-03 01:44:13.536640,17.3,17.04,17.3,17.3,1008,75,3.42,173,65,0.0,Clouds,broken clouds,1
Somogyvár,46.580556,17.634722,2026-06-03 01:44:14.728937,17.35,17.07,17.35,17.35,1008,74,3.37,173,60,0.0,Clouds,broken clouds,1
Öreglak,46.608607,17.632733,2026-06-03 01:44:15.922808,17.39,17.12,17.39,17.39,1008,74,3.3,172,56,0.0,Clouds,broken clouds,1
Tatárvár,46.636667,17.621111,2026-06-03 01:44:17.123108,17.33,17.02,17.33,17.33,1008,73,3.15,169,50,0.0,Clouds,scattered clouds,1
Lengyeltóti,46.660556,17.613611,2026-06-03 01:44:18.324351,17.46,17.17,17.46,17.46,1008,73,3.03,168,47,0.0,Clouds,scattered clouds,1
Pusztaberény,46.686111,17.594722,2026-06-03 01:44:19.517430,17.62,17.34,17.62,17.62,1008,73,2.9,166,44,0.0,Clouds,scattered clouds,1
Örkény,47.132778,19.447222,2026-06-03 01:44:20.709972,16.52,16.21,16.52,16.52,1009,76,2.89,167,92,0.0,Clouds,overcast clouds,1
Táborfalva,47.098545,19.479318,2026-06-03 01:44:21.912609,14.37,13.85,14.37,14.37,1009,76,2.96,168,93,0.0,Clouds,overcast clouds,1
Felsőlajos,47.068834,19.498415,2026-06-03 01:44:23.107923,14.36,13.84,14.36,14.36,1009,76,3.03,169,95,0.0,Clouds,overcast clouds,1
Lajosmizse,47.028333,19.542778,2026-06-03 01:44:24.317931,14.33,14.12,14.33,14.33,1009,88,3.12,169,99,0.0,Clouds,overcast clouds,1
Lajosmizse alsó,47.0225,19.550278,2026-06-03 01:44:25.509445,14.34,14.13,14.34,14.34,1009,88,3.12,169,99,0.0,Clouds,overcast clouds,1
Klábertelep,47.005556,19.551667,2026-06-03 01:44:26.705637,14.34,14.13,14.34,14.34,1009,88,3.15,170,100,0.0,Clouds,overcast clouds,1
Méntelek,46.978611,19.570833,2026-06-03 01:44:27.904411,14.38,14.17,14.38,14.38,1009,88,3.17,169,100,0.0,Clouds,overcast clouds,1
Hetényegyháza,46.930833,19.595,2026-06-03 01:44:29.097624,14.41,14.2,14.41,14.41,1009,88,1.79,156,100,0.0,Clouds,overcast clouds,1
Kecskemét-Máriaváros,46.901192,19.675913,2026-06-03 01:44:30.297868,14.45,14.25,14.45,15.97,1009,88,1.79,156,100,0.0,Clouds,overcast clouds,1
Nyársapát,47.100278,19.7925,2026-06-03 01:44:31.490473,14.48,14.07,14.26,14.48,1009,80,3.08,170,86,0.0,Clouds,overcast clouds,1
Nagykőrös,47.038333,19.76,2026-06-03 01:44:32.692630,14.46,14.26,14.24,14.46,1009,88,3.12,170,95,0.0,Clouds,overcast clouds,1
Katonatelep,46.963056,19.718889,2026-06-03 01:44:33.885609,14.42,14.22,14.42,14.42,1009,88,1.79,156,100,0.0,Clouds,overcast clouds,1
Kecskemét,46.913889,19.700833,2026-06-03 01:44:35.077117,14.45,14.25,14.45,15.97,1009,88,1.79,156,100,0.0,Clouds,overcast clouds,1
Városföld,46.816667,19.753333,2026-06-03 01:44:36.280351,14.51,14.31,14.51,16.03,1010,88,3.11,170,100,0.0,Clouds,overcast clouds,1
Kiskunfélegyháza,46.7067,19.83474,2026-06-03 01:44:37.473354,16.08,15.83,14.56,16.08,1010,80,3.0,172,99,0.0,Clouds,overcast clouds,1
Petőfiszállás,46.617374,19.865229,2026-06-03 01:44:38.671809,16.12,15.88,16.12,16.12,1010,80,2.94,173,98,0.0,Clouds,overcast clouds,1
Csengele,46.538321,19.909008,2026-06-03 01:44:39.865904,16.11,15.87,16.11,18.86,1010,80,2.93,174,99,0.0,Clouds,overcast clouds,1
Kistelek,46.466944,19.966944,2026-06-03 01:44:41.067073,18.92,18.72,16.16,18.92,1010,71,2.93,173,99,0.0,Clouds,overcast clouds,1
Balástya,46.413333,20.001389,2026-06-03 01:44:42.269337,18.92,18.72,18.92,18.92,1010,71,2.95,171,100,0.0,Clouds,overcast clouds,1
Szatymaz,46.345621,20.04374,2026-06-03 01:44:43.464747,18.94,18.74,18.94,18.94,1010,71,2.24,155,100,0.0,Clouds,overcast clouds,1
Kiskundorozsma,46.271667,20.090556,2026-06-03 01:44:44.661119,18.97,18.78,18.97,18.97,1010,71,3.05,166,99,0.0,Clouds,overcast clouds,1
Szeged,46.239722,20.143056,2026-06-03 01:44:45.855544,18.95,18.75,18.95,18.95,1010,71,3.1,164,98,0.0,Clouds,overcast clouds,1
Alsóúrrét,46.898392,19.779891,2026-06-03 01:44:47.053493,14.5,14.3,14.5,16.02,1010,88,1.79,156,100,0.0,Clouds,overcast clouds,1
Nyárlőrinc,46.87,19.851389,2026-06-03 01:44:48.258396,14.53,14.34,14.53,16.05,1010,88,3.12,170,100,0.0,Clouds,overcast clouds,1
Világoshegy,46.855278,19.940278,2026-06-03 01:44:49.453309,16.08,15.83,14.56,16.08,1010,80,3.07,169,100,0.0,Clouds,overcast clouds,1
Szikra,46.858333,19.975,2026-06-03 01:44:50.656006,15.6,15.3,14.35,16.09,1010,80,3.07,169,100,0.0,Clouds,overcast clouds,1
Lakitelek,46.873056,20.003611,2026-06-03 01:44:51.855774,15.77,15.47,14.39,16.14,1010,79,3.06,169,100,0.0,Clouds,overcast clouds,1
Tiszaug,46.850556,20.074167,2026-06-03 01:44:53.055634,16.12,15.85,14.47,16.21,1010,79,3.08,170,100,0.0,Clouds,overcast clouds,1
Tiszasas,46.826389,20.089167,2026-06-03 01:44:54.257922,16.19,15.93,16.19,18.32,1010,79,3.08,170,100,0.0,Clouds,overcast clouds,1
Csépa,46.8125,20.134722,2026-06-03 01:44:55.453310,18.32,18.09,16.19,18.32,1010,72,3.13,170,100,0.0,Clouds,overcast clouds,1
Szelevény,46.811944,20.196389,2026-06-03 01:44:56.648916,18.33,18.1,16.19,18.33,1010,72,3.14,170,100,0.0,Clouds,overcast clouds,1
Gátér,46.685,19.9625,2026-06-03 01:44:57.843527,16.19,15.95,16.19,18.32,1010,80,3.0,173,98,0.0,Clouds,overcast clouds,1
Kónyaszék,46.699931,20.074299,2026-06-03 01:44:59.035994,18.34,18.11,16.2,18.34,1010,72,3.08,171,100,0.0,Clouds,overcast clouds,1
Csongrád,46.704444,20.140556,2026-06-03 01:45:00.236607,18.34,18.11,16.21,18.34,1010,72,3.14,171,100,0.0,Clouds,overcast clouds,1
Hékéd,46.675,20.266667,2026-06-03 01:45:01.439642,18.34,18.11,18.34,18.34,1010,72,2.24,173,99,0.0,Clouds,overcast clouds,1
Fábiánsebestyén,46.670278,20.456667,2026-06-03 01:45:02.649787,18.33,18.1,18.33,18.33,1010,72,3.4,168,85,0.0,Clouds,overcast clouds,1
Gádoros,46.656711,20.588157,2026-06-03 01:45:03.844131,18.32,18.4,18.32,18.32,1010,84,3.47,167,82,0.0,Clouds,broken clouds,1
Justhmajor,46.62,20.615833,2026-06-03 01:45:05.044645,18.32,18.43,18.32,18.32,1010,85,3.49,167,80,0.0,Clouds,broken clouds,1
Szentetornya,46.590964,20.628334,2026-06-03 01:45:06.242635,18.31,18.44,18.31,18.31,1010,86,3.49,167,78,0.0,Clouds,broken clouds,1
Gyopárosfürdő,46.567784,20.630662,2026-06-03 01:45:07.438717,18.3,18.46,18.3,18.3,1010,87,3.5,167,78,0.0,Clouds,broken clouds,1
Szabadságliget,47.626123,18.893481,2026-06-03 01:45:08.632977,18.01,17.77,16.45,18.17,1009,73,2.11,127,76,0.0,Clouds,broken clouds,1
Röszke,46.19261,20.03055,2026-06-03 01:45:09.833432,18.97,18.78,18.54,18.97,1010,71,3.06,162,100,0.0,Clouds,overcast clouds,1
Tószeg,47.098056,20.138333,2026-06-03 01:45:11.024486,14.45,14.07,14.45,14.45,1010,81,3.15,171,91,0.0,Clouds,overcast clouds,1
Tiszavárkony,47.059444,20.143056,2026-06-03 01:45:12.217157,14.45,14.07,14.45,14.45,1010,81,3.1,170,97,0.0,Clouds,overcast clouds,1
Tiszajenő-Vezseny,47.036319,20.142415,2026-06-03 01:45:13.414629,14.45,14.07,14.45,14.45,1010,81,3.1,170,97,0.0,Clouds,overcast clouds,1
Újbög,46.962222,20.093889,2026-06-03 01:45:14.612667,14.41,14.02,14.41,14.41,1010,81,3.05,170,100,0.0,Clouds,overcast clouds,1
Tiszakécske,46.937512,20.082016,2026-06-03 01:45:15.812292,14.43,14.04,14.43,14.65,1010,81,3.04,170,100,0.0,Clouds,overcast clouds,1
Kerekdomb,46.906944,20.052778,2026-06-03 01:45:17.017913,14.46,14.05,14.42,16.16,1010,80,3.05,170,100,0.0,Clouds,overcast clouds,1
Tiszaalpár,46.818611,19.982778,2026-06-03 01:45:18.216732,15.98,15.72,14.61,18.27,1010,80,3.07,170,100,0.0,Clouds,overcast clouds,1
Tiszaalpár alsó,46.790897,19.951409,2026-06-03 01:45:19.410243,16.0,15.74,14.61,18.27,1010,80,3.05,171,100,0.0,Clouds,overcast clouds,1
Tiszatenyő,47.134167,20.3725,2026-06-03 01:45:20.614173,14.45,14.07,14.45,14.45,1010,81,3.18,175,86,0.0,Clouds,overcast clouds,1
Pusztapó,47.091667,20.458333,2026-06-03 01:45:21.809074,14.45,14.09,14.45,14.45,1010,82,3.19,176,90,0.0,Clouds,overcast clouds,1
Kétpó,47.076944,20.487778,2026-06-03 01:45:23.011971,14.45,14.12,14.45,14.45,1010,83,3.17,176,93,0.0,Clouds,overcast clouds,1
Mezőtúr,47.0125,20.622778,2026-06-03 01:45:24.211181,16.02,15.87,16.02,16.02,1010,84,3.14,176,99,0.0,Clouds,overcast clouds,1
Nagylapos,46.974167,20.750556,2026-06-03 01:45:25.407864,15.98,15.85,15.98,15.98,1010,85,3.13,173,100,0.0,Clouds,overcast clouds,1
Gyoma,46.925833,20.821667,2026-06-03 01:45:26.601959,15.95,15.85,15.95,15.95,1010,86,3.18,171,100,0.0,Clouds,overcast clouds,1
Csárdaszállás,46.861111,20.932778,2026-06-03 01:45:27.813924,14.44,14.24,14.44,14.44,1010,88,3.29,169,100,0.0,Clouds,overcast clouds,1
Mezőberény,46.814722,21.013056,2026-06-03 01:45:29.006730,14.43,14.38,14.43,14.43,1011,94,3.39,168,99,0.0,Clouds,overcast clouds,1
Murony,46.756944,21.038056,2026-06-03 01:45:30.206476,14.45,14.41,14.45,14.45,1011,94,3.44,169,99,0.0,Clouds,overcast clouds,1
Békéscsaba,46.669722,21.081667,2026-06-03 01:45:31.401656,14.41,14.36,14.41,14.41,1011,94,3.46,170,95,0.0,Clouds,overcast clouds,1
Kétegyháza,46.5325,21.171944,2026-06-03 01:45:32.608117,14.39,14.34,14.39,14.39,1011,94,3.53,170,76,0.0,Clouds,broken clouds,1
Lőkösháza,46.432222,21.2375,2026-06-03 01:45:33.809034,16.18,16.28,14.35,16.18,1011,93,3.48,171,67,0.0,Clouds,broken clouds,1
Kengyel,47.089722,20.339722,2026-06-03 01:45:35.001261,14.43,14.04,14.43,14.43,1010,81,3.16,174,90,0.0,Clouds,overcast clouds,1
Bagimajor,47.061111,20.316667,2026-06-03 01:45:36.194818,14.45,14.07,14.45,14.45,1010,81,3.1,173,96,0.0,Clouds,overcast clouds,1
Martfű,47.019444,20.291667,2026-06-03 01:45:37.389822,14.43,14.04,14.43,14.43,1010,81,3.08,173,99,0.0,Clouds,overcast clouds,1
Tiszaföldvár,46.975556,20.276389,2026-06-03 01:45:38.586663,14.43,14.04,14.43,14.43,1010,81,3.06,172,100,0.0,Clouds,overcast clouds,1
Homok,46.9475,20.270278,2026-06-03 01:45:39.781535,14.44,14.05,14.44,14.44,1010,81,3.06,172,100,0.0,Clouds,overcast clouds,1
Kungyalu,46.910833,20.2675,2026-06-03 01:45:40.975678,14.46,14.08,14.46,18.34,1010,81,3.09,171,100,0.0,Clouds,overcast clouds,1
Kunszentmárton,46.848333,20.293333,2026-06-03 01:45:42.170130,18.32,18.3,18.32,18.32,1010,80,3.19,170,100,0.0,Clouds,overcast clouds,1
Nagytőke,46.763333,20.291667,2026-06-03 01:45:43.371138,18.34,18.11,18.34,18.34,1010,72,3.27,170,99,0.0,Clouds,overcast clouds,1
Szentes,46.657778,20.2725,2026-06-03 01:45:44.570640,18.34,18.11,18.34,18.34,1010,72,2.24,173,99,0.0,Clouds,overcast clouds,1
Szegvár,46.588611,20.249444,2026-06-03 01:45:45.764020,18.34,18.11,18.34,18.34,1010,72,2.24,173,99,0.0,Clouds,overcast clouds,1
Mindszent,46.524167,20.194167,2026-06-03 01:45:46.954512,18.35,18.12,18.35,18.35,1010,72,3.12,171,100,0.0,Clouds,overcast clouds,1
Mártély,46.473333,20.236111,2026-06-03 01:45:48.147620,18.36,18.37,18.36,18.98,1010,81,3.14,170,100,0.0,Clouds,overcast clouds,1
Pusztabánréve,46.939898,20.556809,2026-06-03 01:45:49.346764,16.04,15.89,16.04,16.04,1010,84,3.16,173,100,0.0,Clouds,overcast clouds,1
Szarvas,46.860833,20.566667,2026-06-03 01:45:50.546458,16.02,15.87,16.02,16.02,1010,84,3.27,170,100,0.0,Clouds,overcast clouds,1
Csabacsűd,46.823056,20.663333,2026-06-03 01:45:51.742687,16.0,15.87,16.0,16.0,1010,85,3.36,168,99,0.0,Clouds,overcast clouds,1
Kisszénás,46.751389,20.721389,2026-06-03 01:45:52.942858,15.96,15.88,15.96,15.96,1010,87,3.44,167,98,0.0,Clouds,overcast clouds,1
Kiscsákó,46.719167,20.717778,2026-06-03 01:45:54.144409,15.93,15.85,15.93,15.93,1010,87,3.48,167,95,0.0,Clouds,overcast clouds,1
Nagyszénás,46.672778,20.674167,2026-06-03 01:45:55.337635,15.92,15.81,15.92,15.92,1010,86,3.49,167,89,0.0,Clouds,overcast clouds,1
Kardoskút,46.498056,20.6975,2026-06-03 01:45:56.535228,15.81,15.74,15.81,15.81,1011,88,3.52,168,78,0.0,Clouds,broken clouds,1
Tótkomlós,46.409167,20.726944,2026-06-03 01:45:57.731401,15.75,15.73,15.75,15.75,1011,90,3.54,168,87,0.0,Clouds,overcast clouds,1
Nagyér,46.365278,20.738333,2026-06-03 01:45:58.930462,15.76,15.74,15.76,15.76,1011,90,3.55,168,89,0.0,Clouds,overcast clouds,1
Pitvaros,46.326175,20.746446,2026-06-03 01:46:00.131869,15.74,15.75,15.74,15.74,1011,91,3.54,168,94,0.0,Clouds,overcast clouds,1
Dévaványa,47.033889,20.943333,2026-06-03 01:46:01.323267,16.01,15.89,16.01,16.01,1010,85,3.27,176,99,0.0,Clouds,overcast clouds,1
Körösladány,46.97,21.085833,2026-06-03 01:46:02.516058,15.85,15.76,15.85,15.85,1011,87,3.42,173,94,0.0,Clouds,overcast clouds,1
Szeghalom,47.015278,21.148333,2026-06-03 01:46:03.718236,15.84,15.75,15.84,15.84,1011,87,3.66,176,91,0.0,Clouds,overcast clouds,1
Vésztő,46.938889,21.263611,2026-06-03 01:46:04.915499,15.66,15.63,15.66,15.66,1011,90,3.58,174,92,0.0,Clouds,overcast clouds,1
Szeged-Rókus,46.266111,20.125278,2026-06-03 01:46:06.119741,18.97,18.78,18.97,18.97,1010,71,3.07,165,99,0.0,Clouds,overcast clouds,1
Algyő,46.335556,20.196111,2026-06-03 01:46:07.312789,18.99,19.06,18.99,18.99,1010,81,3.11,168,99,0.0,Clouds,overcast clouds,1
Hódmezővásárhelyi Népkert,46.403333,20.312778,2026-06-03 01:46:08.513772,18.35,18.38,18.35,18.35,1010,82,3.24,169,91,0.0,Clouds,overcast clouds,1
Hódmezővásárhely,46.413333,20.34,2026-06-03 01:46:09.704807,18.34,18.4,18.34,18.34,1010,83,3.27,169,86,0.0,Clouds,overcast clouds,1
Körmend,47.016389,16.599167,2026-06-03 01:46:10.897202,16.97,16.99,16.97,16.97,1007,87,2.4,197,47,0.0,Clouds,scattered clouds,1
Szentgotthárd,46.957222,16.263056,2026-06-03 01:46:12.092326,16.94,16.91,16.94,16.94,1007,85,1.44,214,100,0.0,Clouds,overcast clouds,1
Szombathely,47.237778,16.6325,2026-06-03 01:46:13.286527,15.6,15.49,15.6,15.6,1007,87,0.69,216,27,0.0,Clouds,scattered clouds,1
Sáferkút,48.010278,19.071389,2026-06-03 01:46:14.495361,15.63,15.31,15.63,15.63,1009,79,1.93,102,71,0.0,Clouds,broken clouds,1
Magdolnavölgy,47.6475,18.818889,2026-06-03 01:46:15.692569,17.99,17.8,16.43,18.16,1009,75,2.24,127,70,0.0,Clouds,broken clouds,1
Haris,46.964722,16.2825,2026-06-03 01:46:16.885148,16.96,16.93,16.96,16.96,1007,85,1.78,214,97,0.0,Clouds,overcast clouds,1
Egyházasrádóc,47.091389,16.62,2026-06-03 01:46:18.080201,16.77,16.77,16.77,16.77,1007,87,1.72,201,34,0.0,Clouds,scattered clouds,1
Alsórönök,46.964167,16.379444,2026-06-03 01:46:19.273351,16.97,16.94,16.97,16.97,1007,85,2.08,212,90,0.0,Clouds,overcast clouds,1
Szombathely-Szőlős,47.206389,16.641667,2026-06-03 01:46:20.468919,15.66,15.55,15.66,15.66,1007,87,0.99,206,26,0.0,Clouds,scattered clouds,1
Rátót,46.9675,16.433056,2026-06-03 01:46:21.675207,16.81,16.77,16.81,16.81,1007,85,2.43,206,76,0.0,Clouds,broken clouds,1
Ják-Balogunyom,47.161389,16.630556,2026-06-03 01:46:22.870922,15.72,15.62,15.72,15.72,1007,87,1.61,198,27,0.0,Clouds,scattered clouds,1
Vasvár,47.056944,16.800278,2026-06-03 01:46:24.064618,17.0,17.03,17.0,17.0,1007,87,2.9,176,24,0.0,Clouds,few clouds,1
Répcelak,47.418889,17.008889,2026-06-03 01:46:25.263938,17.19,17.21,17.19,17.19,1008,86,1.05,245,48,0.0,Clouds,scattered clouds,1
Rajka,47.995556,17.191389,2026-06-03 01:46:26.459592,15.54,15.42,15.54,16.66,1008,87,2.37,251,22,0.0,Clouds,few clouds,1
Püspökmolnári,47.086111,16.7675,2026-06-03 01:46:27.659308,17.0,17.03,17.0,17.0,1007,87,2.67,183,28,0.0,Clouds,scattered clouds,1
Kőszeg,47.382222,16.556389,2026-06-03 01:46:28.857792,15.2,15.15,15.2,15.2,1007,91,2.12,1,53,0.0,Clouds,broken clouds,1
Kastélypark,47.390278,18.988333,2026-06-03 01:46:30.050445,18.1,17.77,17.23,18.96,1009,69,1.96,146,99,0.0,Clouds,overcast clouds,1
Hanságliget,47.72,17.215556,2026-06-03 01:46:31.252292,17.8,17.72,17.8,17.8,1008,80,3.09,256,41,0.0,Clouds,scattered clouds,1
Vica,47.477778,17.111944,2026-06-03 01:46:32.447535,17.72,17.77,17.72,17.72,1008,85,1.58,244,53,0.0,Clouds,broken clouds,1
Vép,47.235833,16.7275,2026-06-03 01:46:33.642461,15.74,15.64,15.74,15.74,1007,87,1.24,203,32,0.0,Clouds,scattered clouds,1
Mosonszolnok,47.8525,17.160278,2026-06-03 01:46:34.842866,17.64,17.55,15.6,17.77,1008,80,2.94,251,30,0.0,Clouds,scattered clouds,1
Jánossomorja,47.789167,17.1375,2026-06-03 01:46:36.035909,17.77,17.61,17.77,17.77,1008,77,2.9,253,38,0.0,Clouds,scattered clouds,1
Bősárkány,47.685556,17.234167,2026-06-03 01:46:37.228493,17.8,17.75,17.8,17.8,1008,81,2.99,256,46,0.0,Clouds,scattered clouds,1
Szil-Sopronnémeti,47.533333,17.209444,2026-06-03 01:46:38.424493,17.75,17.72,17.75,17.75,1008,82,2.42,246,54,0.0,Clouds,broken clouds,1
Magyarkeresztúr-Zsebeháza,47.514167,17.176111,2026-06-03 01:46:39.622471,17.75,17.75,17.75,17.75,1008,83,2.13,245,54,0.0,Clouds,broken clouds,1
Páli-Vadosfa,47.4925,17.137778,2026-06-03 01:46:40.817147,17.73,17.75,17.73,17.73,1008,84,1.84,245,54,0.0,Clouds,broken clouds,1
Beled,47.466667,17.084444,2026-06-03 01:46:42.012038,17.23,17.23,17.23,17.23,1008,85,1.58,244,53,0.0,Clouds,broken clouds,1
Dénesfa,47.448611,17.054722,2026-06-03 01:46:43.206475,17.22,17.22,17.22,17.22,1008,85,1.21,252,50,0.0,Clouds,scattered clouds,1
Csánig,47.430278,17.026111,2026-06-03 01:46:44.410549,17.22,17.22,17.22,17.22,1008,85,1.1,264,48,0.0,Clouds,scattered clouds,1
Vámoscsalád,47.385556,16.961667,2026-06-03 01:46:45.607869,15.99,15.89,15.99,15.99,1008,86,0.85,243,45,0.0,Clouds,scattered clouds,1
Vasegerszeg,47.375,16.928889,2026-06-03 01:46:46.812605,16.0,15.93,16.0,16.0,1008,87,0.75,237,44,0.0,Clouds,scattered clouds,1
Hegyfalu,47.357778,16.898333,2026-06-03 01:46:48.007012,15.99,15.92,15.99,15.99,1008,87,0.75,237,44,0.0,Clouds,scattered clouds,1
Pósfa,47.326944,16.855833,2026-06-03 01:46:49.202204,15.97,15.89,15.97,15.97,1008,87,0.89,221,44,0.0,Clouds,scattered clouds,1
Ölbő-Alsószeleste,47.300556,16.843056,2026-06-03 01:46:50.409005,15.95,15.87,15.95,15.95,1007,87,1.09,212,43,0.0,Clouds,scattered clouds,1
Gencsapáti felső,47.299722,16.593889,2026-06-03 01:46:51.601017,15.46,15.44,15.46,15.46,1007,91,1.04,355,32,0.0,Clouds,scattered clouds,1
Lukácsháza alsó,47.326389,16.586389,2026-06-03 01:46:52.796470,15.4,15.37,15.4,15.4,1007,91,1.37,357,38,0.0,Clouds,scattered clouds,1
Kőszegfalva,47.361667,16.567778,2026-06-03 01:46:53.992863,15.29,15.25,15.29,15.29,1007,91,1.87,1,45,0.0,Clouds,scattered clouds,1
Gyöngyöshermán,47.202778,16.657222,2026-06-03 01:46:55.202845,15.68,15.58,15.68,15.68,1007,87,0.99,206,26,0.0,Clouds,scattered clouds,1
Bezenye,47.973611,17.207222,2026-06-03 01:46:56.398996,15.55,15.43,15.55,16.67,1008,87,2.63,251,21,0.0,Clouds,few clouds,1
Kámon,47.254534,16.625769,2026-06-03 01:46:57.592310,15.56,15.55,15.56,15.56,1007,91,0.42,240,29,0.0,Clouds,scattered clouds,1
Sorkifalud,47.1375,16.719167,2026-06-03 01:46:58.788911,17.0,17.03,17.0,17.0,1007,87,2.26,189,29,0.0,Clouds,scattered clouds,1
Szentléránt,47.12,16.735556,2026-06-03 01:46:59.984511,17.0,17.03,17.0,17.0,1007,87,2.26,189,29,0.0,Clouds,scattered clouds,1
Pácsony,47.009722,16.833611,2026-06-03 01:47:01.178211,16.96,16.96,16.96,16.96,1007,86,2.99,172,21,0.0,Clouds,few clouds,1
Győrvár,46.99,16.840556,2026-06-03 01:47:02.382646,16.96,16.96,16.96,16.96,1007,86,2.99,172,21,0.0,Clouds,few clouds,1
Egervár-Vasboldogasszony,46.942222,16.862222,2026-06-03 01:47:03.578214,17.18,17.17,17.18,17.18,1007,85,3.04,171,19,0.0,Clouds,few clouds,1
Zalaszentlőrinc,46.913889,16.8775,2026-06-03 01:47:04.776054,17.14,17.13,17.14,17.14,1007,85,3.05,172,19,0.0,Clouds,few clouds,1
Gencsapáti alsó,47.285833,16.6,2026-06-03 01:47:05.971987,15.49,15.47,15.49,15.49,1007,91,0.72,349,27,0.0,Clouds,scattered clouds,1
Gyöngyösfalu,47.316111,16.59,2026-06-03 01:47:07.166869,15.42,15.39,15.42,15.42,1007,91,1.04,355,32,0.0,Clouds,scattered clouds,1
Lukácsháza,47.341111,16.580556,2026-06-03 01:47:08.362540,15.35,15.32,15.35,15.35,1007,91,1.58,0,37,0.0,Clouds,scattered clouds,1
Horvátnádalja,47.005278,16.544444,2026-06-03 01:47:09.555562,16.99,16.99,16.99,16.99,1007,86,2.47,200,56,0.0,Clouds,broken clouds,1
Csákánydoroszló,46.978333,16.499722,2026-06-03 01:47:10.750520,16.98,16.95,16.98,16.98,1007,85,2.51,204,71,0.0,Clouds,broken clouds,1
Váckisújfalu,47.705,19.340278,2026-06-03 01:47:11.943640,18.09,17.89,18.09,18.09,1009,74,1.4,132,80,0.0,Clouds,broken clouds,1
Csisztafürdő,46.681411,17.561797,2026-06-03 01:47:13.148417,17.63,17.35,17.63,17.63,1008,73,2.74,161,42,0.0,Clouds,scattered clouds,1
Mórágy,46.236021,18.627255,2026-06-03 01:47:14.343285,16.7,16.57,16.7,16.7,1009,82,2.6,181,51,0.0,Clouds,broken clouds,1
Kismacs,47.551111,21.542778,2026-06-03 01:47:15.542565,15.2,15.05,15.2,15.2,1010,87,2.49,205,85,0.0,Clouds,overcast clouds,1
Pusztaszentistván,47.439869,19.470254,2026-06-03 01:47:16.733890,18.04,17.78,18.04,18.04,1009,72,1.64,174,49,0.0,Clouds,scattered clouds,1
Aranyvölgy,47.573795,19.017489,2026-06-03 01:47:17.928438,18.24,17.97,17.08,18.81,1009,71,1.34,218,83,0.0,Clouds,broken clouds,1
Szélhegy,47.601111,18.928056,2026-06-03 01:47:19.120551,18.29,18.08,16.73,18.45,1009,73,1.81,127,81,0.0,Clouds,broken clouds,1
Vörösvárbánya,47.61,18.913611,2026-06-03 01:47:20.321916,18.24,18.03,16.68,18.41,1009,73,1.81,127,81,0.0,Clouds,broken clouds,1
Máriaszőlőtelep,46.702778,17.411911,2026-06-03 01:47:21.521615,17.58,17.38,17.58,17.58,1008,76,2.5,153,43,0.0,Clouds,scattered clouds,1
Akadémiaújtelep,47.485724,19.22294,2026-06-03 01:47:22.714164,17.99,17.7,17.04,18.77,1009,71,1.58,148,84,0.0,Clouds,broken clouds,1
Újpalota,47.5316,19.126206,2026-06-03 01:47:23.905153,17.71,17.36,17.14,18.86,1009,70,0.45,76,87,0.0,Clouds,overcast clouds,1
"Szeged, Somogyi utca",46.250464,20.147713,2026-06-03 01:47:25.097778,18.93,18.73,18.93,18.93,1010,71,3.09,165,98,0.0,Clouds,overcast clouds,1
"Hódmezővásárhely, Hősök tere",46.412183,20.31759,2026-06-03 01:47:26.297138,18.34,18.37,18.34,18.34,1010,82,3.24,169,91,0.0,Clouds,overcast clouds,1
"Hódmezővásárhely, Kossuth tér",46.41465,20.319727,2026-06-03 01:47:27.483969,18.34,18.37,18.34,18.34,1010,82,3.24,169,91,0.0,Clouds,overcast clouds,1
"Hódmezővásárhely, Strandfürdő",46.409147,20.315671,2026-06-03 01:47:28.668330,18.34,18.37,18.34,18.34,1010,82,3.24,169,91,0.0,Clouds,overcast clouds,1
"Szeged, Széchenyi tér",46.252683,20.14935,2026-06-03 01:47:29.853779,18.93,18.73,18.93,18.93,1010,71,3.09,165,98,0.0,Clouds,overcast clouds,1
"Szeged, Anna-kút",46.256184,20.147587,2026-06-03 01:47:31.048925,18.93,18.73,18.93,18.93,1010,71,3.09,165,98,0.0,Clouds,overcast clouds,1
"Szeged, Rókusi templom",46.259255,20.141771,2026-06-03 01:47:32.239864,18.95,18.75,18.95,18.95,1010,71,3.09,165,98,0.0,Clouds,overcast clouds,1
"Hódmezővásárhely, Kálvin János tér",46.416677,20.328532,2026-06-03 01:47:33.439268,18.34,18.4,18.34,18.34,1010,83,3.27,169,86,0.0,Clouds,overcast clouds,1
Hódmezővásárhely vasútállomás,46.413242,20.338701,2026-06-03 01:47:34.625403,18.34,18.4,18.34,18.34,1010,83,3.27,169,86,0.0,Clouds,overcast clouds,1
"Szeged, Tavasz utca",46.260715,20.139055,2026-06-03 01:47:35.810791,18.95,18.75,18.95,18.95,1010,71,3.09,165,98,0.0,Clouds,overcast clouds,1
"Szeged, Damjanich utca",46.262753,20.135248,2026-06-03 01:47:36.997459,18.95,18.75,18.95,18.95,1010,71,3.09,165,98,0.0,Clouds,overcast clouds,1
"Szeged, Vásárhelyi Pál utca",46.264173,20.131109,2026-06-03 01:47:38.190751,18.97,18.78,18.97,18.97,1010,71,3.09,165,98,0.0,Clouds,overcast clouds,1
"Szeged, Bécsi körút ",46.243459,20.143809,2026-06-03 01:47:39.375980,18.95,18.75,18.95,18.95,1010,71,3.1,164,98,0.0,Clouds,overcast clouds,1
Hódmezővásárhelyi Népkert vasútállomás,46.403733,20.312986,2026-06-03 01:47:40.560256,18.35,18.38,18.35,18.35,1010,82,3.24,169,91,0.0,Clouds,overcast clouds,1
Szeged vasútállomás,46.239789,20.142561,2026-06-03 01:47:41.745822,18.95,18.75,18.95,18.95,1010,71,3.1,164,98,0.0,Clouds,overcast clouds,1
"Szeged, Bem utca",46.240198,20.141247,2026-06-03 01:47:42.931160,18.95,18.75,18.95,18.95,1010,71,3.1,164,98,0.0,Clouds,overcast clouds,1
"Szeged, Galamb utca",46.24153,20.142297,2026-06-03 01:47:44.118940,18.95,18.75,18.95,18.95,1010,71,3.1,164,98,0.0,Clouds,overcast clouds,1
"Szeged, Aradi vértanúk tere",46.247839,20.147,2026-06-03 01:47:45.306768,18.93,18.73,18.93,18.93,1010,71,3.09,165,98,0.0,Clouds,overcast clouds,1
"Szeged, Pulz utca",46.264452,20.126061,2026-06-03 01:47:46.496870,18.97,18.78,18.97,18.97,1010,71,3.09,165,98,0.0,Clouds,overcast clouds,1
"Szeged, Rókus vasútállomás",46.266107,20.125686,2026-06-03 01:47:47.682187,18.97,18.78,18.97,18.97,1010,71,3.07,165,99,0.0,Clouds,overcast clouds,1
Látókép,47.55787,21.524373,2026-06-03 01:47:48.888405,15.2,15.05,15.2,15.2,1010,87,2.49,205,85,0.0,Clouds,overcast clouds,1
Szentmihálytelek,46.2229,20.0808,2026-06-03 01:47:50.083919,18.97,18.78,18.97,18.97,1010,71,3.07,164,99,0.0,Clouds,overcast clouds,1
Kisvarsány,48.144356,22.297397,2026-06-03 01:47:51.283848,14.9,14.77,14.9,14.9,1011,89,2.76,114,84,0.0,Clouds,broken clouds,1
