station_name,station_lat,station_lon,observation_time,temp,feels_like,temp_min,temp_max,pressure,humidity,wind_speed,wind_deg,clouds,precipitation_1h,weather_main,weather_description,collection_hour
Búcsúszentlászló,46.793056,16.932778,2026-06-05 18:54:29.447064,15.99,15.73,15.99,15.99,1018,80,2.41,291,100,0.0,Clouds,overcast clouds,18
Angyalföld,47.549722,19.09,2026-06-05 18:54:30.686272,14.6,14.34,14.42,15.65,1016,85,0.45,333,100,0.42,Rain,light rain,18
Felsőjánosfa,46.841389,16.544167,2026-06-05 18:54:31.916373,16.01,15.89,16.01,16.01,1018,85,2.18,275,100,0.0,Clouds,overcast clouds,18
Pankasz,46.835833,16.496111,2026-06-05 18:54:33.150072,15.73,15.58,15.73,15.73,1018,85,2.19,277,100,0.0,Clouds,overcast clouds,18
Nagyrákos,46.827222,16.455556,2026-06-05 18:54:34.384772,15.7,15.55,15.7,15.7,1018,85,2.18,278,100,0.0,Clouds,overcast clouds,18
Őriszentpéter,46.828889,16.415278,2026-06-05 18:54:35.619859,15.81,15.67,15.81,15.81,1018,85,2.18,280,100,0.0,Clouds,overcast clouds,18
Törökbálint,47.45,18.908611,2026-06-05 18:54:36.852648,14.64,14.33,14.19,14.72,1016,83,2.68,318,100,0.0,Clouds,overcast clouds,18
Bicske alsó,47.486389,18.642778,2026-06-05 18:54:38.083994,14.31,13.94,13.01,14.5,1016,82,4.52,314,100,0.0,Clouds,overcast clouds,18
Bajánsenye,46.818056,16.358056,2026-06-05 18:54:39.314383,15.9,15.74,15.9,15.9,1018,84,2.2,284,100,0.0,Clouds,overcast clouds,18
Aquincum,47.566218,19.048273,2026-06-05 18:54:40.539393,14.66,14.4,14.45,15.67,1016,85,0.45,333,100,0.0,Clouds,overcast clouds,18
Piliscsév,47.673889,18.791389,2026-06-05 18:54:41.771918,14.29,14.02,12.96,14.56,1016,86,2.71,307,100,0.0,Clouds,overcast clouds,18
Tát,47.741201,18.64783,2026-06-05 18:54:43.014513,14.84,14.47,14.84,14.84,1017,80,2.27,287,100,0.0,Clouds,overcast clouds,18
Süttő felső,47.756667,18.437222,2026-06-05 18:54:44.244497,16.57,16.29,16.57,16.57,1017,77,2.52,283,100,0.0,Clouds,overcast clouds,18
Budatétény,47.405,19.016389,2026-06-05 18:54:45.480632,14.92,14.63,14.49,15.71,1016,83,2.68,318,100,2.05,Rain,moderate rain,18
Seregélyes-Szőlőhegy,47.119444,18.612222,2026-06-05 18:54:46.716039,16.84,16.49,16.84,16.84,1016,73,5.49,322,100,0.0,Clouds,overcast clouds,18
Gödöllő-Állami telepek,47.564444,19.375556,2026-06-05 18:54:47.945771,14.99,15.03,12.86,15.16,1015,95,3.06,304,100,4.21,Rain,heavy intensity rain,18
Dunakeszi alsó,47.607778,19.128889,2026-06-05 18:54:49.176541,14.52,14.25,14.41,15.64,1016,85,0.45,333,100,0.15,Rain,light rain,18
Vác-Alsóváros,47.773056,19.149722,2026-06-05 18:54:50.418290,14.39,14.0,14.39,14.8,1016,81,2.66,281,100,0.0,Clouds,overcast clouds,18
Szob alsó,47.816667,18.8725,2026-06-05 18:54:51.646392,14.83,14.51,14.83,14.83,1016,82,2.62,279,100,0.0,Clouds,overcast clouds,18
Zalaszentmihály-Pacsa,46.7225,16.951944,2026-06-05 18:54:52.879004,15.94,15.7,15.94,15.94,1018,81,2.31,294,100,0.0,Clouds,overcast clouds,18
Pötréte,46.682778,16.9575,2026-06-05 18:54:54.109355,15.92,15.68,15.92,15.92,1018,81,2.26,299,100,0.0,Clouds,overcast clouds,18
Felsőrajk,46.667222,16.982778,2026-06-05 18:54:55.341498,15.89,15.62,15.89,15.89,1018,80,2.36,301,100,0.0,Clouds,overcast clouds,18
Gelse,46.600556,16.982778,2026-06-05 18:54:56.568106,15.83,15.58,15.83,15.83,1018,81,2.47,312,100,0.0,Clouds,overcast clouds,18
Őrtilos,46.297778,16.887778,2026-06-05 18:54:57.806356,15.62,15.51,15.62,15.62,1018,87,2.92,322,100,0.0,Clouds,overcast clouds,18
Zákány,46.251944,16.9425,2026-06-05 18:54:59.040496,15.29,15.15,15.29,15.29,1018,87,3.07,328,100,0.0,Clouds,overcast clouds,18
Berzence,46.201389,17.143611,2026-06-05 18:55:00.285058,15.52,15.37,15.52,15.52,1018,86,2.99,330,100,0.15,Rain,light rain,18
Somogyudvarhely,46.163333,17.179722,2026-06-05 18:55:01.516040,15.46,15.31,15.46,15.46,1018,86,2.99,330,100,0.0,Clouds,overcast clouds,18
Bélavár,46.122778,17.207778,2026-06-05 18:55:02.744862,15.44,15.31,15.44,15.44,1018,87,3.07,331,100,0.0,Clouds,overcast clouds,18
Vízvár,46.101389,17.239444,2026-06-05 18:55:03.982076,15.29,15.17,15.29,15.29,1018,88,3.14,331,100,0.0,Clouds,overcast clouds,18
Babócsa,46.028359,17.342276,2026-06-05 18:55:05.226549,15.22,15.12,15.22,15.22,1018,89,3.27,331,100,0.0,Clouds,overcast clouds,18
Péterhida-Komlósd,46.006667,17.358056,2026-06-05 18:55:06.471322,15.23,15.16,15.23,15.23,1018,90,3.21,330,100,0.37,Rain,light rain,18
Barcs,45.951944,17.446944,2026-06-05 18:55:07.705655,15.19,15.11,15.19,15.19,1018,90,2.82,322,100,0.75,Rain,light rain,18
Barcs felső,45.958333,17.486389,2026-06-05 18:55:08.935839,15.12,15.04,15.12,15.12,1018,90,2.78,321,100,1.15,Rain,moderate rain,18
Középrigóc,45.970556,17.525,2026-06-05 18:55:10.171685,15.05,14.96,15.05,15.05,1018,90,2.72,320,100,1.33,Rain,moderate rain,18
Darány,45.992222,17.598611,2026-06-05 18:55:11.398131,15.2,15.07,15.2,15.2,1017,88,2.77,321,100,0.65,Rain,light rain,18
Kisdobsza,46.012222,17.668056,2026-06-05 18:55:12.631829,15.38,15.25,15.38,15.38,1017,87,2.83,323,100,0.0,Clouds,overcast clouds,18
Nemeske,46.023333,17.705278,2026-06-05 18:55:13.861021,15.45,15.3,15.45,15.45,1017,86,2.77,322,100,0.0,Clouds,overcast clouds,18
Molvány,46.035278,17.748611,2026-06-05 18:55:15.087039,15.54,15.37,15.54,15.54,1017,85,2.76,325,100,0.0,Clouds,overcast clouds,18
Szigetvár,46.043333,17.801944,2026-06-05 18:55:16.323656,15.55,15.38,15.55,15.55,1017,85,2.69,325,100,0.0,Clouds,overcast clouds,18
Nagypeterd,46.039444,17.871667,2026-06-05 18:55:17.555713,15.62,15.43,15.62,15.62,1017,84,2.54,323,100,0.0,Clouds,overcast clouds,18
Szentdénes,46.036667,17.926944,2026-06-05 18:55:18.782230,15.59,15.37,15.59,15.59,1017,83,2.47,323,100,0.0,Clouds,overcast clouds,18
Háros,47.412222,19.035,2026-06-05 18:55:20.010339,14.88,14.59,14.45,15.67,1016,83,2.68,318,100,1.78,Rain,moderate rain,18
Nagytétény-Diósd,47.398333,18.974444,2026-06-05 18:55:21.234311,14.9,14.61,14.48,15.71,1016,83,2.68,318,100,1.54,Rain,moderate rain,18
Érdliget,47.390278,18.937778,2026-06-05 18:55:22.469918,14.81,14.51,14.39,15.62,1016,83,2.68,318,100,1.0,Rain,light rain,18
Érd felső,47.381111,18.922222,2026-06-05 18:55:23.706720,14.81,14.51,14.36,14.89,1016,83,2.68,318,100,0.49,Rain,light rain,18
Érd,47.369722,18.900833,2026-06-05 18:55:24.941069,14.77,14.47,14.32,14.85,1016,83,4.96,307,100,0.21,Rain,light rain,18
Százhalombatta,47.322222,18.899167,2026-06-05 18:55:26.169042,14.76,14.46,14.31,14.84,1016,83,5.26,306,100,0.37,Rain,light rain,18
Dunai Finomító,47.294444,18.878889,2026-06-05 18:55:27.399942,14.55,14.23,13.07,14.68,1016,83,5.48,310,100,0.24,Rain,light rain,18
Ercsi,47.247222,18.875278,2026-06-05 18:55:28.626236,14.79,14.31,13.3,14.9,1016,76,5.56,309,100,0.42,Rain,light rain,18
Iváncsa,47.177778,18.811944,2026-06-05 18:55:29.858884,17.04,16.76,17.04,17.04,1016,75,5.73,313,100,0.56,Rain,light rain,18
Pusztaszabolcs,47.139722,18.761667,2026-06-05 18:55:31.092262,17.04,16.71,17.04,17.04,1016,73,5.72,315,100,0.17,Rain,light rain,18
Szabadegyháza,47.082778,18.704167,2026-06-05 18:55:32.319133,16.95,16.58,16.95,16.95,1016,72,5.58,319,100,0.13,Rain,light rain,18
Sárosd,47.039722,18.660278,2026-06-05 18:55:33.545938,16.91,16.54,16.91,16.91,1016,72,5.42,322,100,0.37,Rain,light rain,18
Nagylók,46.979444,18.635833,2026-06-05 18:55:34.779106,16.73,16.29,16.73,16.73,1016,70,5.35,323,100,0.0,Clouds,overcast clouds,18
Sárbogárd,46.896944,18.611944,2026-06-05 18:55:36.010845,16.85,16.39,16.85,16.85,1016,69,5.29,325,100,0.25,Rain,light rain,18
Rétszilas,46.814167,18.601389,2026-06-05 18:55:37.241951,16.84,16.38,16.84,16.84,1016,69,5.32,325,100,0.2,Rain,light rain,18
Nagyatád,46.228611,17.354167,2026-06-05 18:55:38.469937,15.45,15.27,15.45,15.45,1018,85,2.97,330,100,0.16,Rain,light rain,18
Budapest-Keleti,47.500278,19.084167,2026-06-05 18:55:39.702665,14.76,14.48,14.39,15.62,1016,84,2.68,318,100,0.44,Rain,light rain,18
Ferencváros,47.468611,19.088056,2026-06-05 18:55:40.938035,14.83,14.56,14.41,15.64,1016,84,2.68,318,100,1.33,Rain,moderate rain,18
Budapest-Nyugati,47.510833,19.0575,2026-06-05 18:55:42.163316,14.74,14.46,14.41,15.64,1016,84,2.68,318,100,0.0,Clouds,overcast clouds,18
Kőbánya felső,47.491944,19.133889,2026-06-05 18:55:43.399251,14.77,14.55,14.34,15.56,1016,86,0.45,16,100,2.54,Rain,moderate rain,18
Rákos,47.488889,19.174722,2026-06-05 18:55:44.632164,14.88,14.7,14.3,15.53,1016,87,0.45,16,100,3.39,Rain,moderate rain,18
Rákosrendező,47.525556,19.089444,2026-06-05 18:55:45.864672,14.7,14.42,14.44,15.67,1016,84,0.45,333,100,0.55,Rain,light rain,18
Zugló,47.511389,19.101389,2026-06-05 18:55:47.095393,14.71,14.43,14.4,15.63,1016,84,0.45,16,100,0.85,Rain,light rain,18
Mezőtárkány,47.725,20.480278,2026-06-05 18:55:48.326037,19.34,19.24,19.34,19.34,1014,73,3.48,300,100,0.0,Clouds,overcast clouds,18
Istvántelek,47.550278,19.106389,2026-06-05 18:55:49.560238,14.59,14.32,14.43,15.66,1016,85,0.45,333,100,0.36,Rain,light rain,18
Rákospalota-Újpest,47.565833,19.111944,2026-06-05 18:55:50.788612,14.55,14.28,14.42,15.65,1016,85,0.45,333,100,0.41,Rain,light rain,18
Kőbánya alsó,47.483056,19.127222,2026-06-05 18:55:52.020947,14.79,14.54,14.35,15.58,1016,85,2.68,318,100,1.95,Rain,moderate rain,18
Kőbánya-Kispest,47.463889,19.149444,2026-06-05 18:55:53.243158,14.73,14.45,14.35,14.88,1016,84,0.45,308,100,5.05,Rain,heavy intensity rain,18
Pestszentlőrinc,47.454722,19.182778,2026-06-05 18:55:54.477256,14.94,14.76,14.29,15.52,1016,87,3.8,299,100,2.94,Rain,moderate rain,18
Kispest,47.448135,19.157552,2026-06-05 18:55:55.709360,14.94,14.74,14.36,15.58,1016,86,0.45,16,100,2.25,Rain,moderate rain,18
Újpest,47.558889,19.079722,2026-06-05 18:55:56.937919,14.6,14.34,14.43,15.66,1016,85,0.45,333,100,0.0,Clouds,overcast clouds,18
Pestszentimre felső,47.413611,19.173333,2026-06-05 18:55:58.170344,15.02,14.85,14.38,15.61,1016,87,3.97,298,100,1.5,Rain,moderate rain,18
Dunakeszi,47.626111,19.136111,2026-06-05 18:55:59.399267,14.45,14.2,14.32,15.55,1016,86,0.45,333,100,0.0,Clouds,overcast clouds,18
Dunakeszi-Gyártelep,47.643611,19.135,2026-06-05 18:56:00.625079,14.51,14.26,14.37,15.6,1016,86,2.73,296,100,0.0,Clouds,overcast clouds,18
Alsógöd,47.676944,19.134444,2026-06-05 18:56:01.852341,14.52,14.3,14.36,15.59,1016,87,2.66,294,100,0.0,Clouds,overcast clouds,18
Göd,47.687778,19.1375,2026-06-05 18:56:03.081925,14.55,14.33,14.38,15.61,1016,87,2.66,294,100,0.0,Clouds,overcast clouds,18
Felsőgöd,47.705556,19.143333,2026-06-05 18:56:04.308369,14.52,14.3,14.43,15.66,1016,87,2.61,291,100,0.0,Clouds,overcast clouds,18
Sződ-Sződliget,47.728056,19.154722,2026-06-05 18:56:05.536092,14.44,14.21,13.34,14.95,1016,87,2.6,288,100,0.0,Clouds,overcast clouds,18
Vác,47.782778,19.133056,2026-06-05 18:56:06.768432,14.39,14.0,14.39,14.8,1016,81,2.66,281,100,0.0,Clouds,overcast clouds,18
Verőce,47.823889,19.029444,2026-06-05 18:56:07.998646,14.23,13.88,14.23,14.63,1016,83,2.81,270,100,0.0,Clouds,overcast clouds,18
Kismaros,47.8275,19.010278,2026-06-05 18:56:09.232176,14.76,14.46,14.76,14.76,1016,83,2.8,270,100,0.0,Clouds,overcast clouds,18
Nagymaros-Visegrád,47.791389,18.959167,2026-06-05 18:56:10.461770,14.78,14.48,14.38,14.78,1016,83,2.57,277,100,0.0,Clouds,overcast clouds,18
Nagymaros,47.780278,18.952222,2026-06-05 18:56:11.693322,14.86,14.57,14.45,14.86,1016,83,2.57,277,100,0.0,Clouds,overcast clouds,18
Zebegény,47.801389,18.908889,2026-06-05 18:56:12.919071,14.83,14.54,14.43,14.83,1016,83,2.65,275,100,0.0,Clouds,overcast clouds,18
Szob,47.821111,18.861944,2026-06-05 18:56:14.145749,14.79,14.47,14.79,14.79,1016,82,2.77,274,100,0.0,Clouds,overcast clouds,18
Alagimajor,47.601944,19.153889,2026-06-05 18:56:15.380719,14.51,14.29,14.37,15.6,1016,87,0.45,333,100,0.28,Rain,light rain,18
Fót,47.611389,19.181667,2026-06-05 18:56:16.610117,14.5,14.28,14.26,15.49,1016,87,2.85,299,100,0.38,Rain,light rain,18
Fótújfalu,47.615,19.192778,2026-06-05 18:56:17.840007,14.43,14.23,14.16,15.39,1016,88,2.85,299,100,0.38,Rain,light rain,18
Csomád,47.635556,19.222778,2026-06-05 18:56:19.070660,14.25,14.08,13.89,15.12,1016,90,2.86,300,100,1.33,Rain,moderate rain,18
Veresegyház,47.649167,19.288611,2026-06-05 18:56:20.300110,14.61,14.5,12.96,15.27,1015,91,2.85,302,100,6.03,Rain,heavy intensity rain,18
Erdőkertes,47.662222,19.295833,2026-06-05 18:56:21.533432,14.55,14.1,12.92,15.22,1015,78,2.85,302,100,4.62,Rain,heavy intensity rain,18
Őrbottyán,47.685833,19.283611,2026-06-05 18:56:22.759716,14.25,13.79,13.91,15.14,1015,79,2.79,300,100,0.66,Rain,light rain,18
Váchartyán,47.725833,19.248889,2026-06-05 18:56:23.992076,14.27,13.84,14.27,15.5,1016,80,2.68,295,100,0.0,Clouds,overcast clouds,18
Magyarkút-Verőce,47.826111,19.044444,2026-06-05 18:56:25.222517,14.39,14.05,14.39,14.39,1016,83,2.81,270,100,0.0,Clouds,overcast clouds,18
Szokolya,47.871111,19.030556,2026-06-05 18:56:26.453430,15.41,15.17,15.41,15.41,1016,83,3.05,266,100,0.0,Clouds,overcast clouds,18
Berkenye,47.885278,19.071944,2026-06-05 18:56:27.686165,16.18,15.99,16.18,16.18,1016,82,3.04,266,100,0.0,Clouds,overcast clouds,18
Nógrád,47.901944,19.0475,2026-06-05 18:56:28.913730,15.73,15.5,15.73,15.73,1016,82,3.16,264,100,0.0,Clouds,overcast clouds,18
Diósjenő,47.94,19.049444,2026-06-05 18:56:30.147894,15.33,15.06,15.33,15.33,1016,82,3.24,263,100,0.0,Clouds,overcast clouds,18
Borsosberény,47.971389,19.093056,2026-06-05 18:56:31.379664,16.14,15.92,16.14,16.14,1016,81,3.19,266,100,0.0,Clouds,overcast clouds,18
Nagyoroszi,47.993611,19.101111,2026-06-05 18:56:32.611024,15.97,15.74,15.97,15.97,1016,81,3.21,265,100,0.0,Clouds,overcast clouds,18
Drégelyvár,48.001944,19.079444,2026-06-05 18:56:33.849615,16.12,15.93,16.12,16.12,1016,82,3.3,264,100,0.0,Clouds,overcast clouds,18
Drégely,48.042222,19.056111,2026-06-05 18:56:35.082326,16.47,16.31,16.47,16.47,1016,82,3.26,264,100,0.0,Clouds,overcast clouds,18
Drégelypalánk,48.055,19.046111,2026-06-05 18:56:36.309206,16.54,16.39,16.54,16.54,1016,82,3.24,263,100,0.0,Clouds,overcast clouds,18
Ipolyvece,48.056944,19.106389,2026-06-05 18:56:37.541152,16.65,16.51,16.65,16.65,1016,82,3.1,266,100,0.0,Clouds,overcast clouds,18
Dejtár,48.045556,19.196389,2026-06-05 18:56:38.773128,16.72,16.54,16.72,16.72,1016,80,3.07,268,100,0.0,Clouds,overcast clouds,18
Ipolyszög,48.054444,19.221944,2026-06-05 18:56:40.010238,16.79,16.61,16.79,16.79,1016,80,2.95,269,100,0.0,Clouds,overcast clouds,18
Iklad-Domony,47.658056,19.444444,2026-06-05 18:56:41.246496,15.53,15.15,15.53,15.53,1015,77,2.95,303,100,5.16,Rain,heavy intensity rain,18
Iklad-Domony felső,47.667778,19.428056,2026-06-05 18:56:42.478774,15.51,15.15,14.28,15.51,1015,78,2.85,302,100,5.62,Rain,heavy intensity rain,18
Galgamácsa,47.693889,19.3925,2026-06-05 18:56:43.708780,15.5,15.14,14.27,15.5,1015,78,2.75,299,100,6.89,Rain,heavy intensity rain,18
Vácrátót,47.732778,19.217778,2026-06-05 18:56:44.945985,14.19,13.75,14.19,15.42,1016,80,2.65,292,100,0.0,Clouds,overcast clouds,18
Csörög,47.735833,19.196389,2026-06-05 18:56:46.175069,14.2,13.76,14.19,14.72,1016,80,2.63,290,100,0.0,Clouds,overcast clouds,18
Galgagyörk,47.735278,19.372222,2026-06-05 18:56:47.408717,15.4,15.06,14.17,15.4,1015,79,2.71,298,100,1.94,Rain,moderate rain,18
Püspökhatvan,47.768611,19.366944,2026-06-05 18:56:48.642172,17.21,17.05,17.21,17.21,1015,79,2.6,293,100,0.92,Rain,light rain,18
Acsa-Erdőkürt,47.801111,19.386111,2026-06-05 18:56:49.877017,17.0,16.79,17.0,17.0,1015,78,2.54,291,100,0.99,Rain,light rain,18
Galgaguta,47.848611,19.385556,2026-06-05 18:56:51.106984,16.61,16.36,16.61,16.61,1015,78,2.45,285,100,0.31,Rain,light rain,18
Nógrádkövesd,47.879444,19.371111,2026-06-05 18:56:52.334429,16.74,16.51,16.74,16.74,1016,78,2.41,283,100,0.14,Rain,light rain,18
Magyarnándor,47.970833,19.356667,2026-06-05 18:56:53.562335,16.46,16.2,16.46,16.46,1016,78,2.51,274,100,0.0,Clouds,overcast clouds,18
Mohora,47.995556,19.347778,2026-06-05 18:56:54.795262,16.56,16.31,16.56,16.56,1016,78,2.51,273,100,0.0,Clouds,overcast clouds,18
Szügy,48.036389,19.333056,2026-06-05 18:56:56.029204,16.77,16.54,16.77,16.77,1016,78,2.52,270,100,0.0,Clouds,overcast clouds,18
Balassagyarmat,48.071111,19.293611,2026-06-05 18:56:57.260091,16.81,16.61,16.81,16.81,1016,79,2.65,270,100,0.0,Clouds,overcast clouds,18
Őrhalom,48.078773,19.403936,2026-06-05 18:56:58.488819,16.71,16.47,16.71,16.71,1015,78,2.1,262,100,0.31,Rain,light rain,18
Hugyag,48.083056,19.421111,2026-06-05 18:56:59.718282,16.71,16.47,16.71,16.71,1015,78,2.1,262,100,0.32,Rain,light rain,18
Szécsény,48.093056,19.521111,2026-06-05 18:57:00.971176,17.09,16.87,17.09,17.09,1015,77,1.92,251,100,0.45,Rain,light rain,18
Ludányhalászi,48.1325,19.529444,2026-06-05 18:57:02.212546,17.11,16.91,17.11,17.11,1015,78,2.21,245,100,0.0,Clouds,overcast clouds,18
Nógrádszakál,48.178333,19.521667,2026-06-05 18:57:03.445404,17.07,16.87,17.07,17.07,1015,78,2.34,243,100,0.0,Clouds,overcast clouds,18
Ráróspuszta,48.207222,19.541389,2026-06-05 18:57:04.676508,16.54,16.31,16.54,16.54,1015,79,2.47,244,100,0.0,Clouds,overcast clouds,18
Litke,48.215833,19.598611,2026-06-05 18:57:05.910078,17.19,17.0,17.19,17.19,1015,78,2.81,233,100,0.13,Rain,light rain,18
Nyíregyháza külső,47.943056,21.740278,2026-06-05 18:57:07.142944,20.47,20.4,20.47,20.47,1014,70,0.91,348,100,0.0,Clouds,overcast clouds,18
Oros,47.945833,21.806389,2026-06-05 18:57:08.367382,20.55,20.49,20.55,20.55,1014,70,0.98,345,100,0.0,Clouds,overcast clouds,18
Napkor,47.948889,21.873056,2026-06-05 18:57:09.599026,20.69,20.64,20.69,20.69,1014,70,1.01,336,100,0.0,Clouds,overcast clouds,18
Apagy,47.953775,21.939044,2026-06-05 18:57:10.832922,20.73,20.69,20.73,20.73,1014,70,1.0,331,100,0.0,Clouds,overcast clouds,18
Levelek-Magy,47.948056,21.993611,2026-06-05 18:57:12.061197,20.79,20.73,20.79,20.79,1014,69,0.96,318,100,0.0,Clouds,overcast clouds,18
Ófehértó,47.940556,22.041389,2026-06-05 18:57:13.292008,20.77,20.68,20.77,20.77,1014,68,0.93,300,100,0.0,Clouds,overcast clouds,18
Ligettanya,47.951667,22.071389,2026-06-05 18:57:14.520445,20.77,20.68,20.77,20.77,1014,68,0.86,283,100,0.0,Clouds,overcast clouds,18
Baktalórántháza,47.988611,22.083333,2026-06-05 18:57:15.749958,20.75,20.66,20.75,20.75,1014,68,0.83,293,100,0.0,Clouds,overcast clouds,18
Vaja-Rohod,48.006389,22.164167,2026-06-05 18:57:16.981051,20.79,20.7,20.79,20.79,1014,68,0.77,266,100,0.0,Clouds,overcast clouds,18
Rákóczitanya,48.022222,22.178333,2026-06-05 18:57:18.220662,20.79,20.7,20.79,20.79,1014,68,0.85,246,100,0.0,Clouds,overcast clouds,18
Nyírmada,48.059167,22.203056,2026-06-05 18:57:19.456598,20.74,20.67,20.74,20.74,1014,69,0.72,264,100,0.0,Clouds,overcast clouds,18
Tunyogmatolcs,47.960244,22.442247,2026-06-05 18:57:20.689946,20.93,20.93,20.93,20.93,1014,71,2.44,186,100,0.0,Clouds,overcast clouds,18
Tunyogmatolcs alsó,47.966025,22.464713,2026-06-05 18:57:21.923223,20.88,20.88,20.88,20.88,1014,71,2.52,183,100,0.0,Clouds,overcast clouds,18
Fehérgyarmat,47.979167,22.524444,2026-06-05 18:57:23.157394,20.78,20.79,20.78,20.78,1014,72,2.62,175,100,0.0,Clouds,overcast clouds,18
Penyige,47.995278,22.566944,2026-06-05 18:57:24.392315,20.73,20.74,20.73,20.73,1014,72,2.62,173,100,0.0,Clouds,overcast clouds,18
Nagyszekeres,47.976111,22.6125,2026-06-05 18:57:25.628169,20.67,20.7,20.67,20.67,1014,73,2.58,171,100,0.0,Clouds,overcast clouds,18
Kisszekeres,47.965833,22.629444,2026-06-05 18:57:26.865476,20.64,20.67,20.64,20.64,1014,73,2.59,173,100,0.0,Clouds,overcast clouds,18
Jánkmajtis,47.941944,22.657222,2026-06-05 18:57:28.096361,20.56,20.58,20.56,20.56,1014,73,2.53,173,100,0.0,Clouds,overcast clouds,18
Gacsály,47.926111,22.745,2026-06-05 18:57:29.333934,20.44,20.45,20.44,20.44,1014,73,2.21,170,100,0.0,Clouds,overcast clouds,18
Zajta,47.9025,22.796111,2026-06-05 18:57:30.566332,20.38,20.38,20.38,20.38,1014,73,1.99,172,100,0.0,Clouds,overcast clouds,18
Eperjeske alsó,48.360556,22.19,2026-06-05 18:57:31.799667,20.46,20.57,20.46,20.46,1014,77,0.75,106,100,0.0,Clouds,overcast clouds,18
Mándok,48.326944,22.196389,2026-06-05 18:57:33.031683,20.46,20.55,20.46,20.46,1014,76,0.28,80,100,0.0,Clouds,overcast clouds,18
Tornyospálca,48.268333,22.201944,2026-06-05 18:57:34.266035,20.53,20.6,20.53,20.53,1014,75,0.27,340,100,0.0,Clouds,overcast clouds,18
Aranyosapáti,48.211303,22.253534,2026-06-05 18:57:35.502237,20.72,20.75,20.72,20.72,1014,73,0.28,252,100,0.0,Clouds,overcast clouds,18
Gyüre,48.171389,22.269167,2026-06-05 18:57:36.733960,20.79,20.78,20.79,20.79,1014,71,0.56,239,100,0.0,Clouds,overcast clouds,18
Varsány,48.151722,22.290047,2026-06-05 18:57:37.964903,20.86,20.86,20.86,20.86,1014,71,0.85,214,100,0.0,Clouds,overcast clouds,18
Vásárosnamény,48.126667,22.306111,2026-06-05 18:57:39.208826,20.91,20.88,20.91,20.91,1014,70,1.02,212,100,0.0,Clouds,overcast clouds,18
Vitka,48.095556,22.308056,2026-06-05 18:57:40.441840,20.93,20.91,20.93,20.93,1014,70,1.18,209,100,0.0,Clouds,overcast clouds,18
Nagydobos,48.054167,22.311111,2026-06-05 18:57:41.674136,20.89,20.84,20.89,20.89,1014,69,1.34,207,100,0.0,Clouds,overcast clouds,18
Ópályi,47.997778,22.318333,2026-06-05 18:57:42.906725,20.89,20.84,20.89,20.89,1014,69,1.74,203,100,0.0,Clouds,overcast clouds,18
Nyírcsaholy,47.908056,22.348333,2026-06-05 18:57:44.139080,20.86,20.83,20.86,20.86,1014,70,2.23,197,100,0.0,Clouds,overcast clouds,18
Nagyecsed,47.864722,22.385556,2026-06-05 18:57:45.369446,20.74,20.75,20.74,20.74,1014,72,2.52,190,100,0.0,Clouds,overcast clouds,18
Tiborszállás,47.815278,22.402778,2026-06-05 18:57:46.596219,20.62,20.62,20.62,20.62,1014,72,2.54,190,100,0.0,Clouds,overcast clouds,18
Kiskunhalas,46.434444,19.493611,2026-06-05 18:57:47.827482,17.68,17.25,17.68,17.68,1016,67,4.49,334,100,0.0,Clouds,overcast clouds,18
Kecskemét alsó,46.895833,19.692222,2026-06-05 18:57:49.053475,19.32,19.06,19.32,19.32,1015,67,4.01,300,100,0.0,Clouds,overcast clouds,18
Putnok,48.286667,20.4375,2026-06-05 18:57:50.287137,19.67,19.29,19.67,20.0,1014,61,1.91,207,100,0.0,Clouds,overcast clouds,18
Bánréve,48.299722,20.351944,2026-06-05 18:57:51.515618,19.66,19.27,19.66,19.99,1014,61,2.14,197,100,0.0,Clouds,overcast clouds,18
Ipolytarnóc,48.236667,19.629167,2026-06-05 18:57:52.758516,17.22,17.03,17.22,17.22,1015,78,2.93,231,100,0.15,Rain,light rain,18
Rákosliget,47.486111,19.257778,2026-06-05 18:57:53.989452,15.06,14.92,14.22,15.45,1015,88,3.36,301,100,5.51,Rain,heavy intensity rain,18
Ikrény,47.657778,17.524167,2026-06-05 18:57:55.216393,16.53,16.28,16.53,16.53,1017,78,2.52,304,100,0.0,Clouds,overcast clouds,18
Rábapatona,47.648889,17.461944,2026-06-05 18:57:56.448162,16.56,16.33,16.56,16.56,1017,79,2.48,307,100,0.0,Clouds,overcast clouds,18
Enese,47.644167,17.425278,2026-06-05 18:57:57.676648,16.57,16.35,16.57,16.57,1017,79,2.44,310,97,0.0,Clouds,overcast clouds,18
Kóny,47.632222,17.357222,2026-06-05 18:57:58.904419,16.56,16.33,16.56,16.56,1017,79,2.38,312,94,0.0,Clouds,overcast clouds,18
Farád,47.595278,17.195833,2026-06-05 18:58:00.133040,15.57,15.27,15.57,15.57,1017,80,2.24,313,78,0.0,Clouds,broken clouds,18
Rábatamási,47.592778,17.161389,2026-06-05 18:58:01.358493,15.57,15.27,15.57,15.57,1017,80,2.24,313,78,0.0,Clouds,broken clouds,18
Szárföld,47.589167,17.123889,2026-06-05 18:58:02.590935,15.55,15.25,15.55,15.55,1017,80,2.2,312,76,0.0,Clouds,broken clouds,18
Veszkény,47.586944,17.101389,2026-06-05 18:58:03.825715,15.56,15.0,15.56,15.56,1017,70,2.15,311,74,0.0,Clouds,broken clouds,18
Kapuvár,47.581944,17.046944,2026-06-05 18:58:05.052440,15.54,14.98,15.54,15.54,1017,70,2.04,307,81,0.0,Clouds,broken clouds,18
Vitnyéd-Csermajor,47.5825,16.987222,2026-06-05 18:58:06.281984,15.55,14.99,15.55,15.55,1017,70,1.88,302,79,0.0,Clouds,broken clouds,18
Petőháza,47.595278,16.893056,2026-06-05 18:58:07.506991,15.5,14.93,15.5,15.5,1017,70,1.57,289,66,0.0,Clouds,broken clouds,18
Fertőszentmiklós,47.6,16.858889,2026-06-05 18:58:08.739304,15.5,14.93,13.93,15.5,1017,70,1.49,283,65,0.0,Clouds,broken clouds,18
Pinnye,47.600278,16.768611,2026-06-05 18:58:09.964530,15.38,14.8,13.81,15.38,1017,70,1.31,260,60,0.0,Clouds,broken clouds,18
Fertőboz,47.625,16.691667,2026-06-05 18:58:11.199094,15.22,14.63,13.65,15.22,1017,70,1.23,252,46,0.0,Clouds,scattered clouds,18
Sopron,47.677778,16.587222,2026-06-05 18:58:12.431099,14.92,14.5,13.35,14.92,1017,78,1.12,246,23,0.0,Clouds,few clouds,18
Fertőszéplak-Fertőd,47.618889,16.850833,2026-06-05 18:58:13.664549,15.52,14.96,13.95,15.52,1017,70,1.39,276,54,0.0,Clouds,broken clouds,18
Nyúl,47.587778,17.698056,2026-06-05 18:58:14.896598,16.48,16.17,16.48,16.48,1017,76,2.5,297,100,0.0,Clouds,overcast clouds,18
Pannonhalma,47.547778,17.740833,2026-06-05 18:58:16.123703,16.29,15.93,16.29,16.29,1018,75,2.48,294,100,0.0,Clouds,overcast clouds,18
Tarjánpuszta,47.504722,17.789167,2026-06-05 18:58:17.357539,16.19,15.85,16.19,16.19,1018,76,2.39,295,100,0.0,Clouds,overcast clouds,18
Győrasszonyfa,47.4925,17.799167,2026-06-05 18:58:18.591927,16.19,15.85,16.19,16.19,1018,76,2.39,295,100,0.0,Clouds,overcast clouds,18
Veszprémvarsány,47.443333,17.818333,2026-06-05 18:58:19.815699,16.07,15.72,16.07,16.07,1018,76,2.38,298,100,0.0,Clouds,overcast clouds,18
Bakonyszentlászló,47.395556,17.8175,2026-06-05 18:58:21.044746,15.68,15.31,15.68,15.68,1018,77,2.35,304,100,0.0,Clouds,overcast clouds,18
Porva-Csesznek,47.326944,17.841111,2026-06-05 18:58:22.276366,14.31,13.81,14.31,14.31,1018,77,2.42,311,100,0.0,Clouds,overcast clouds,18
Zirc,47.266667,17.878056,2026-06-05 18:58:23.508553,14.34,13.79,14.34,14.34,1018,75,2.87,320,100,0.0,Clouds,overcast clouds,18
Eplény,47.192778,17.921667,2026-06-05 18:58:24.740637,14.8,14.22,14.8,14.8,1018,72,3.47,327,100,0.0,Clouds,overcast clouds,18
Marcaltő,47.4275,17.348889,2026-06-05 18:58:25.977355,16.49,16.23,16.49,16.49,1018,78,2.02,320,100,0.0,Clouds,overcast clouds,18
Szany-Rábaszentandrás,47.460833,17.315278,2026-06-05 18:58:27.219694,16.52,16.29,16.52,16.52,1018,79,2.1,318,100,0.0,Clouds,overcast clouds,18
Egyed-Rábacsanak,47.521944,17.316389,2026-06-05 18:58:28.445855,16.52,16.29,16.52,16.52,1018,79,2.2,316,99,0.0,Clouds,overcast clouds,18
Rábapordány,47.557222,17.315,2026-06-05 18:58:29.674310,16.56,16.33,16.56,16.56,1018,79,2.24,316,97,0.0,Clouds,overcast clouds,18
Albertfalva,47.440784,19.033965,2026-06-05 18:58:30.901039,14.9,14.64,14.47,15.7,1016,84,1.79,314,100,1.78,Rain,moderate rain,18
Budafok,47.425833,19.041389,2026-06-05 18:58:32.143497,14.91,14.62,14.48,15.71,1016,83,1.79,314,100,2.0,Rain,moderate rain,18
Tétényliget,47.384722,18.955278,2026-06-05 18:58:33.374008,14.92,14.63,14.5,15.73,1016,83,1.79,314,100,0.45,Rain,light rain,18
Érd alsó,47.379722,18.923056,2026-06-05 18:58:34.593431,14.81,14.51,14.36,14.89,1016,83,2.68,318,100,0.49,Rain,light rain,18
Tárnok,47.365556,18.873889,2026-06-05 18:58:35.819512,14.87,14.58,14.43,14.95,1016,83,5.11,311,100,0.0,Clouds,overcast clouds,18
Martonvásár,47.321389,18.781667,2026-06-05 18:58:37.047062,14.49,14.01,13.28,14.88,1016,77,5.45,313,100,0.0,Clouds,overcast clouds,18
Baracska,47.297222,18.753333,2026-06-05 18:58:38.278691,14.88,14.43,13.38,14.88,1016,77,5.54,314,100,0.0,Clouds,overcast clouds,18
Pettend,47.26,18.708889,2026-06-05 18:58:39.508915,16.91,16.67,16.91,16.91,1016,77,5.61,317,100,0.0,Clouds,overcast clouds,18
Kápolnásnyék,47.245556,18.692222,2026-06-05 18:58:40.746107,16.92,16.65,16.92,16.92,1016,76,5.63,318,100,0.0,Clouds,overcast clouds,18
Velence,47.226944,18.663889,2026-06-05 18:58:41.974200,16.93,16.66,16.93,16.93,1016,76,5.61,319,100,0.35,Rain,light rain,18
Velencefürdő,47.218611,18.648056,2026-06-05 18:58:43.219991,16.93,16.64,16.93,16.93,1016,75,5.61,319,100,0.83,Rain,light rain,18
Gárdony,47.205833,18.624722,2026-06-05 18:58:44.446993,16.9,16.6,16.9,16.9,1016,75,5.58,320,100,1.02,Rain,moderate rain,18
Agárd,47.197666,18.604907,2026-06-05 18:58:45.682040,16.9,16.6,16.9,16.9,1016,75,5.58,320,100,1.15,Rain,moderate rain,18
Dinnyés,47.179722,18.560833,2026-06-05 18:58:46.913844,16.82,16.52,16.82,16.82,1016,75,5.48,323,100,0.37,Rain,light rain,18
Székesfehérvár,47.183611,18.424722,2026-06-05 18:58:48.145648,16.61,16.26,16.61,16.61,1017,74,5.19,328,100,0.0,Clouds,overcast clouds,18
Szabadbattyán,47.105278,18.388333,2026-06-05 18:58:49.374015,16.56,16.13,16.56,16.56,1017,71,4.88,331,100,0.0,Clouds,overcast clouds,18
Kiscséripuszta,47.048056,18.355,2026-06-05 18:58:50.600813,16.9,16.45,16.9,16.9,1017,69,4.63,332,100,0.0,Clouds,overcast clouds,18
Lepsény,46.9875,18.248056,2026-06-05 18:58:51.835751,17.12,16.61,16.01,17.12,1017,66,4.42,333,100,0.0,Clouds,overcast clouds,18
Balatonaliga,46.984444,18.171389,2026-06-05 18:58:53.067520,16.93,16.4,15.82,16.93,1017,66,4.47,334,100,0.0,Clouds,overcast clouds,18
Balatonvilágos,46.964167,18.157222,2026-06-05 18:58:54.301723,16.97,16.45,15.86,16.97,1017,66,4.41,334,100,0.0,Clouds,overcast clouds,18
Szabadifürdő,46.926111,18.103333,2026-06-05 18:58:55.534319,17.14,16.63,16.03,17.14,1017,66,4.23,334,100,0.0,Clouds,overcast clouds,18
Ózd alsó,48.227778,20.306111,2026-06-05 18:58:56.765803,19.5,19.1,19.5,19.83,1015,61,1.73,201,100,0.0,Clouds,overcast clouds,18
Ózd,48.2225,20.294722,2026-06-05 18:58:57.993421,19.55,19.15,19.55,19.88,1015,61,1.73,201,100,0.0,Clouds,overcast clouds,18
Alsóboldva,48.212778,20.792222,2026-06-05 18:58:59.220496,21.71,21.45,20.12,21.72,1014,58,2.54,282,100,0.0,Clouds,overcast clouds,18
Boldva,48.223333,20.790278,2026-06-05 18:59:00.454868,21.71,21.45,20.12,21.71,1014,58,2.54,282,100,0.0,Clouds,overcast clouds,18
Borsodszirák,48.259167,20.770556,2026-06-05 18:59:01.695116,21.66,21.4,20.16,21.66,1014,58,2.66,268,100,0.0,Clouds,overcast clouds,18
Edelény alsó,48.279167,20.760833,2026-06-05 18:59:02.921759,21.64,21.74,21.64,21.64,1014,72,2.66,268,100,0.0,Clouds,overcast clouds,18
Edelény,48.299722,20.749444,2026-06-05 18:59:04.149216,21.62,21.74,21.62,21.62,1014,73,2.72,266,100,0.0,Clouds,overcast clouds,18
Szendrőlád,48.334444,20.731944,2026-06-05 18:59:05.383312,21.53,21.67,21.53,21.53,1014,74,2.6,262,100,0.0,Clouds,overcast clouds,18
Szendrő,48.400725,20.721346,2026-06-05 18:59:06.620600,19.14,19.07,19.14,19.14,1014,75,2.39,264,100,0.0,Clouds,overcast clouds,18
Szendrő felső,48.409907,20.720148,2026-06-05 18:59:07.849631,19.14,19.07,19.14,19.14,1014,75,2.39,264,100,0.0,Clouds,overcast clouds,18
Szalonna,48.449444,20.722222,2026-06-05 18:59:09.087158,19.23,19.19,19.23,19.23,1014,76,2.12,267,100,0.0,Clouds,overcast clouds,18
Perkupa,48.471389,20.691111,2026-06-05 18:59:10.319026,18.43,18.34,18.43,18.43,1014,77,1.67,264,100,0.0,Clouds,overcast clouds,18
Szemeretelep,47.443056,19.214167,2026-06-05 18:59:11.548296,15.03,14.89,14.28,15.51,1016,88,3.73,298,100,2.19,Rain,moderate rain,18
Jósvafő-Aggtelek,48.489722,20.693889,2026-06-05 18:59:12.778273,18.76,18.73,18.76,18.76,1014,78,1.54,264,100,0.0,Clouds,overcast clouds,18
Bódvaszilas,48.5375,20.738056,2026-06-05 18:59:14.012256,18.48,18.42,18.48,18.48,1014,78,1.71,267,100,0.0,Clouds,overcast clouds,18
Komjáti,48.5475,20.759722,2026-06-05 18:59:15.251666,18.14,18.05,18.14,18.14,1014,78,1.7,265,100,0.0,Clouds,overcast clouds,18
Tornanádaska,48.558333,20.787222,2026-06-05 18:59:16.487818,19.39,19.42,19.39,19.39,1014,78,1.8,264,100,0.0,Clouds,overcast clouds,18
Onga,48.121111,20.906667,2026-06-05 18:59:17.715196,21.77,21.52,20.18,21.77,1014,58,3.01,328,100,0.0,Clouds,overcast clouds,18
Szikszó-Vásártér,48.193056,20.934722,2026-06-05 18:59:18.946158,21.73,21.47,20.14,21.73,1014,58,2.8,308,100,0.0,Clouds,overcast clouds,18
Szikszó,48.201667,20.941667,2026-06-05 18:59:20.178315,21.75,21.5,21.75,21.75,1014,58,2.88,311,100,0.0,Clouds,overcast clouds,18
Aszaló,48.219867,20.961466,2026-06-05 18:59:21.410373,21.73,21.47,21.73,21.73,1014,58,2.82,305,100,0.0,Clouds,overcast clouds,18
Halmaj,48.246667,20.991667,2026-06-05 18:59:22.643531,21.71,21.82,21.71,21.71,1014,72,2.8,301,100,0.0,Clouds,overcast clouds,18
Csobád,48.277222,21.033889,2026-06-05 18:59:23.873758,21.68,21.78,21.68,21.68,1014,72,2.76,297,100,0.0,Clouds,overcast clouds,18
Ináncs,48.291111,21.057778,2026-06-05 18:59:25.105510,21.68,21.81,21.68,21.68,1014,73,2.65,296,100,0.0,Clouds,overcast clouds,18
Forró-Encs,48.3275,21.117778,2026-06-05 18:59:26.336454,19.93,19.91,19.93,19.93,1014,74,2.52,291,100,0.0,Clouds,overcast clouds,18
Méra,48.363056,21.140278,2026-06-05 18:59:27.572121,19.82,19.82,19.82,19.82,1014,75,2.29,280,100,0.0,Clouds,overcast clouds,18
Novajidrány,48.404444,21.170556,2026-06-05 18:59:28.805670,19.44,19.42,19.44,19.44,1014,76,2.15,273,100,0.0,Clouds,overcast clouds,18
Hernádszurdok,48.487222,21.213889,2026-06-05 18:59:30.034406,19.56,19.69,19.36,21.43,1014,81,1.97,252,100,0.0,Clouds,overcast clouds,18
Hidasnémeti,48.508333,21.229722,2026-06-05 18:59:31.278368,19.58,19.71,19.37,21.44,1014,81,1.97,245,100,0.0,Clouds,overcast clouds,18
Mád,48.19,21.268889,2026-06-05 18:59:32.511058,21.74,21.56,21.74,21.74,1014,61,2.89,314,100,0.0,Clouds,overcast clouds,18
Rátka,48.215,21.230278,2026-06-05 18:59:33.743214,21.9,21.74,21.9,21.9,1014,61,2.87,314,100,0.0,Clouds,overcast clouds,18
Tállya,48.226944,21.225278,2026-06-05 18:59:34.971412,21.85,21.68,21.85,21.85,1014,61,2.87,314,100,0.0,Clouds,overcast clouds,18
Golop,48.242778,21.204167,2026-06-05 18:59:36.198541,21.97,21.82,21.97,21.97,1014,61,2.85,311,100,0.0,Clouds,overcast clouds,18
Abaújszántó,48.286944,21.181667,2026-06-05 18:59:37.424739,21.88,22.06,21.88,21.88,1014,74,2.56,300,100,0.0,Clouds,overcast clouds,18
Abaújszántói fürdő,48.268333,21.179722,2026-06-05 18:59:38.655437,21.94,22.12,21.94,21.94,1014,74,2.7,306,100,0.0,Clouds,overcast clouds,18
Abaújkér,48.309444,21.198333,2026-06-05 18:59:39.878243,21.84,22.04,21.84,21.84,1014,75,2.43,294,100,0.0,Clouds,overcast clouds,18
Boldogkőváralja,48.345,21.208889,2026-06-05 18:59:41.114787,21.64,21.84,21.64,21.64,1014,76,2.24,288,100,0.0,Clouds,overcast clouds,18
Korlát-Vizsoly,48.365,21.219167,2026-06-05 18:59:42.341610,21.55,21.75,21.55,21.55,1014,76,2.14,281,100,0.0,Clouds,overcast clouds,18
Fony,48.411389,21.242778,2026-06-05 18:59:43.574399,19.24,19.23,18.6,19.24,1014,77,2.01,266,100,0.0,Clouds,overcast clouds,18
Hejce-Vilmány,48.419444,21.245556,2026-06-05 18:59:44.808087,19.21,19.2,18.56,19.21,1014,77,2.01,266,100,0.0,Clouds,overcast clouds,18
Göncruszka,48.445,21.246944,2026-06-05 18:59:46.037018,19.44,19.45,18.65,20.74,1014,77,1.98,259,100,0.0,Clouds,overcast clouds,18
Gönc,48.470556,21.261389,2026-06-05 18:59:47.263411,19.53,19.58,18.56,21.27,1014,78,1.94,252,100,0.0,Clouds,overcast clouds,18
Zsujta,48.4925,21.265,2026-06-05 18:59:48.491726,19.76,19.91,18.58,21.29,1014,81,1.94,246,100,0.0,Clouds,overcast clouds,18
Bodrogkeresztúr,48.175556,21.354167,2026-06-05 18:59:49.725499,22.01,21.86,22.01,22.01,1014,61,2.7,310,100,0.0,Clouds,overcast clouds,18
Szegi,48.201944,21.387778,2026-06-05 18:59:50.960110,22.05,21.9,19.09,22.05,1014,61,2.41,301,100,0.0,Clouds,overcast clouds,18
Erdőbénye,48.218056,21.401944,2026-06-05 18:59:52.191645,22.02,21.87,19.06,22.02,1014,61,2.24,295,100,0.0,Clouds,overcast clouds,18
Olaszliszka-Tolcsva,48.258333,21.448056,2026-06-05 18:59:53.426172,22.05,21.9,19.09,22.05,1014,61,2.07,285,100,0.0,Clouds,overcast clouds,18
Bodrogolaszi,48.286944,21.512778,2026-06-05 18:59:54.661476,19.03,19.6,19.03,21.99,1014,100,1.96,278,100,0.0,Clouds,overcast clouds,18
Sárospatak,48.325833,21.566111,2026-06-05 18:59:55.897267,18.98,19.54,18.98,21.94,1014,100,1.69,260,100,0.0,Clouds,overcast clouds,18
Sátoraljaújhely,48.385833,21.657778,2026-06-05 18:59:57.138651,19.06,19.63,19.06,19.06,1014,100,1.52,242,100,0.0,Clouds,overcast clouds,18
Vecsés,47.40855,19.25652,2026-06-05 18:59:58.370474,15.43,15.38,14.32,15.55,1015,90,3.69,297,100,1.15,Rain,moderate rain,18
Vecsés-Kertekalja,47.403333,19.271389,2026-06-05 18:59:59.605917,15.49,15.44,14.36,15.59,1015,90,3.69,297,100,0.87,Rain,light rain,18
Üllő,47.390833,19.348889,2026-06-05 19:00:00.839344,15.5,15.59,14.32,15.55,1015,95,3.56,295,100,1.0,Rain,light rain,18
Monor,47.34545,19.43701,2026-06-05 19:00:02.066034,15.49,15.58,15.49,15.49,1015,95,3.13,293,100,7.49,Rain,heavy intensity rain,18
Pilis,47.279722,19.536389,2026-06-05 19:00:03.300657,18.08,17.8,15.45,18.08,1015,71,2.96,293,100,2.05,Rain,moderate rain,18
Albertirsa,47.240278,19.606389,2026-06-05 19:00:04.529210,18.17,17.82,18.17,18.17,1015,68,2.86,298,100,0.21,Rain,light rain,18
Ceglédbercel-Cserő,47.210278,19.686944,2026-06-05 19:00:05.764921,18.24,17.9,18.24,18.24,1015,68,2.95,302,100,0.0,Clouds,overcast clouds,18
Cegléd,47.182778,19.806111,2026-06-05 19:00:06.995501,18.34,18.01,18.34,18.79,1015,68,3.19,308,100,0.0,Clouds,overcast clouds,18
Abony,47.173056,20.016389,2026-06-05 19:00:08.230123,18.85,18.62,18.41,18.85,1015,70,3.46,314,100,0.0,Clouds,overcast clouds,18
Szolnok,47.179167,20.175833,2026-06-05 19:00:09.472737,18.87,18.64,18.43,18.87,1015,70,2.24,263,100,0.0,Clouds,overcast clouds,18
Szajol,47.170556,20.295278,2026-06-05 19:00:10.708918,18.88,18.65,18.88,18.88,1015,70,3.93,313,100,0.0,Clouds,overcast clouds,18
Törökszentmiklós,47.170278,20.413611,2026-06-05 19:00:11.937935,18.88,18.7,18.88,18.88,1014,72,4.19,309,100,0.0,Clouds,overcast clouds,18
Rákoscsaba-Újtelep,47.4875,19.271944,2026-06-05 19:00:13.170350,15.09,14.98,14.22,15.45,1015,89,3.36,301,100,5.62,Rain,heavy intensity rain,18
Rákoscsaba,47.492222,19.284722,2026-06-05 19:00:14.416392,15.38,15.38,14.21,15.44,1015,92,3.31,301,100,6.48,Rain,heavy intensity rain,18
Pécel,47.493889,19.338889,2026-06-05 19:00:15.648514,15.27,15.33,14.09,15.32,1015,95,3.27,301,100,4.21,Rain,heavy intensity rain,18
Isaszeg,47.537719,19.388955,2026-06-05 19:00:16.884526,15.22,15.28,14.0,15.23,1015,95,3.11,304,100,4.21,Rain,heavy intensity rain,18
Gödöllő,47.592222,19.358611,2026-06-05 19:00:18.127284,14.76,14.77,12.7,15.01,1015,95,3.0,304,100,5.62,Rain,heavy intensity rain,18
Máriabesnyő,47.595556,19.389722,2026-06-05 19:00:19.362563,15.07,15.11,13.92,15.15,1015,95,3.0,304,100,5.62,Rain,heavy intensity rain,18
Bag,47.641111,19.471667,2026-06-05 19:00:20.598048,15.51,15.13,15.51,15.51,1015,77,2.95,303,100,6.48,Rain,heavy intensity rain,18
Aszód,47.647467,19.492882,2026-06-05 19:00:21.827359,15.58,15.2,15.58,15.58,1015,77,2.97,303,100,6.48,Rain,heavy intensity rain,18
Hévízgyörk,47.638611,19.526667,2026-06-05 19:00:23.058373,15.59,15.22,15.59,15.59,1015,77,3.0,303,100,7.49,Rain,heavy intensity rain,18
Galgahévíz,47.6325,19.558333,2026-06-05 19:00:24.290333,15.58,15.2,15.58,15.58,1015,77,3.11,303,100,7.49,Rain,heavy intensity rain,18
Tura,47.626389,19.5975,2026-06-05 19:00:25.515981,15.61,15.21,15.61,15.61,1015,76,3.14,303,100,4.86,Rain,heavy intensity rain,18
Hatvan,47.663611,19.671389,2026-06-05 19:00:26.746659,17.94,17.77,17.94,17.94,1015,76,3.14,303,100,1.33,Rain,moderate rain,18
Vámosgyörk,47.686111,19.927778,2026-06-05 19:00:27.973950,18.24,18.03,18.24,18.24,1015,73,2.69,299,100,0.0,Clouds,overcast clouds,18
Adács,47.696389,19.975278,2026-06-05 19:00:29.207217,18.38,18.15,18.38,18.38,1015,72,2.37,299,100,0.0,Clouds,overcast clouds,18
Karácsond,47.718056,20.048611,2026-06-05 19:00:30.440994,18.31,18.05,18.31,18.31,1015,71,2.15,300,100,0.0,Clouds,overcast clouds,18
Ludas,47.723889,20.095556,2026-06-05 19:00:31.671011,18.59,18.38,18.59,18.59,1015,72,1.93,301,100,0.0,Clouds,overcast clouds,18
Nagyút,47.72666666666667,20.161388888888887,2026-06-05 19:00:32.897440,18.59,18.38,18.59,18.59,1014,72,1.91,302,100,0.0,Clouds,overcast clouds,18
Kál-Kápolna,47.734167,20.254167,2026-06-05 19:00:34.125748,18.68,18.51,18.68,18.68,1014,73,2.26,305,100,0.0,Clouds,overcast clouds,18
Füzesabony,47.751389,20.415278,2026-06-05 19:00:35.357079,18.83,18.67,18.83,18.83,1014,73,3.11,306,100,0.0,Clouds,overcast clouds,18
Szihalom,47.766944,20.491944,2026-06-05 19:00:36.590945,20.17,20.15,20.17,20.17,1014,73,3.25,306,100,0.0,Clouds,overcast clouds,18
Mezőkövesd,47.797222,20.5675,2026-06-05 19:00:37.825356,20.18,20.16,20.18,20.18,1014,73,3.14,303,100,0.0,Clouds,overcast clouds,18
Mezőkövesd felső,47.807222,20.591389,2026-06-05 19:00:39.057961,20.16,20.14,20.16,20.25,1014,73,3.14,303,100,0.0,Clouds,overcast clouds,18
Mezőkeresztes-Mezőnyárád,47.845556,20.670278,2026-06-05 19:00:40.284984,20.16,20.35,20.16,21.75,1014,81,2.51,309,100,0.0,Clouds,overcast clouds,18
Csincse,47.890833,20.764167,2026-06-05 19:00:41.521558,20.29,20.49,20.18,21.77,1014,81,2.06,319,100,0.0,Clouds,overcast clouds,18
Emőd,47.930556,20.822778,2026-06-05 19:00:42.749107,20.49,20.53,20.2,21.79,1014,74,2.25,333,100,0.0,Clouds,overcast clouds,18
Nyékládháza,47.9925,20.840556,2026-06-05 19:00:43.977370,20.82,20.81,20.23,21.82,1014,71,2.58,338,100,0.0,Clouds,overcast clouds,18
Miskolc-Tiszai,48.098611,20.811389,2026-06-05 19:00:45.207310,21.53,21.41,20.15,21.74,1014,64,2.47,320,100,0.0,Clouds,overcast clouds,18
Felsőzsolca,48.083611,20.866111,2026-06-05 19:00:46.439020,21.39,21.31,20.18,21.77,1014,66,2.79,328,100,0.0,Clouds,overcast clouds,18
Hernádnémeti-Bőcs,48.051389,20.985,2026-06-05 19:00:47.670119,21.77,21.52,20.18,21.77,1014,58,3.3,340,100,0.0,Clouds,overcast clouds,18
Tiszalúc,48.039722,21.0575,2026-06-05 19:00:48.904659,21.67,21.69,20.22,22.04,1014,69,3.34,342,100,0.0,Clouds,overcast clouds,18
Taktaharkány,48.091667,21.128611,2026-06-05 19:00:50.132052,22.09,21.95,21.86,22.09,1014,61,3.46,335,100,0.0,Clouds,overcast clouds,18
Taktaszada,48.1125,21.149444,2026-06-05 19:00:51.370462,22.1,21.96,21.87,22.1,1014,61,3.42,330,100,0.0,Clouds,overcast clouds,18
Szerencs,48.155556,21.214444,2026-06-05 19:00:52.597184,22.09,21.95,22.09,22.09,1014,61,3.07,319,100,0.0,Clouds,overcast clouds,18
Mezőzombor,48.156944,21.267778,2026-06-05 19:00:53.826882,22.09,21.95,22.09,22.09,1014,61,2.96,317,100,0.0,Clouds,overcast clouds,18
Tarcal,48.125,21.34,2026-06-05 19:00:55.054058,22.11,21.97,22.11,22.11,1014,61,2.72,314,100,0.0,Clouds,overcast clouds,18
Tokaj,48.112778,21.406667,2026-06-05 19:00:56.287681,22.07,21.93,22.07,22.07,1014,61,2.22,301,100,0.0,Clouds,overcast clouds,18
Rakamaz,48.12,21.475,2026-06-05 19:00:57.520088,22.07,21.93,22.07,22.07,1014,61,2.04,296,100,0.0,Clouds,overcast clouds,18
Görögszállás,48.04,21.555,2026-06-05 19:00:58.752565,22.03,21.88,22.03,22.03,1014,61,1.44,298,100,0.0,Clouds,overcast clouds,18
Nyírtelek,48.005,21.615556,2026-06-05 19:00:59.978741,22.07,22.16,22.07,22.07,1014,70,0.89,302,100,0.0,Clouds,overcast clouds,18
Rákoshegy,47.468611,19.245556,2026-06-05 19:01:01.212326,14.99,14.84,14.17,15.4,1015,88,3.46,300,100,3.39,Rain,moderate rain,18
Ecser,47.439444,19.318056,2026-06-05 19:01:02.438729,15.43,15.51,14.21,15.44,1015,95,3.49,298,100,1.15,Rain,moderate rain,18
Maglód,47.438889,19.340833,2026-06-05 19:01:03.670626,15.37,15.44,14.15,15.38,1015,95,3.4,298,100,1.0,Rain,light rain,18
Maglódi nyaraló,47.434167,19.363611,2026-06-05 19:01:04.904248,15.28,15.34,14.06,15.29,1015,95,3.32,298,100,0.87,Rain,light rain,18
Gyömrő,47.429722,19.393333,2026-06-05 19:01:06.132883,15.24,15.3,14.02,15.25,1015,95,3.32,298,100,0.77,Rain,light rain,18
Mende,47.426944,19.439722,2026-06-05 19:01:07.359471,15.21,15.27,14.51,15.21,1015,95,3.08,298,100,1.03,Rain,moderate rain,18
Szőlősnyaraló,47.450278,19.561111,2026-06-05 19:01:08.587088,15.44,15.52,15.44,17.52,1015,95,2.91,301,100,3.92,Rain,moderate rain,18
Sülysáp,47.451944,19.5275,2026-06-05 19:01:09.824309,15.42,15.5,15.42,17.5,1015,95,2.98,300,100,2.54,Rain,moderate rain,18
Tápiószecső,47.443056,19.614722,2026-06-05 19:01:11.060078,17.6,17.35,15.53,17.6,1015,74,2.9,300,100,4.1,Rain,heavy intensity rain,18
Szentmártonkáta,47.431944,19.680556,2026-06-05 19:01:12.289358,17.63,17.25,15.55,17.63,1015,69,2.93,300,100,2.37,Rain,moderate rain,18
Nagykáta,47.409722,19.737778,2026-06-05 19:01:13.522771,17.7,17.33,17.7,17.7,1015,69,2.91,300,100,0.0,Clouds,overcast clouds,18
Farmos,47.355278,19.8375,2026-06-05 19:01:14.754302,17.81,17.45,17.81,17.81,1015,69,3.11,304,100,0.0,Clouds,overcast clouds,18
Tápiószele,47.346313,19.873504,2026-06-05 19:01:15.985765,17.79,17.43,17.79,17.79,1015,69,3.18,306,100,0.0,Clouds,overcast clouds,18
Tápiógyörgye,47.325,19.95,2026-06-05 19:01:17.217362,17.85,17.49,17.85,18.84,1015,69,3.44,306,100,0.35,Rain,light rain,18
Újszász,47.285833,20.066944,2026-06-05 19:01:18.448434,17.89,17.54,17.89,18.88,1015,69,3.68,309,100,0.0,Clouds,overcast clouds,18
Szurdokpüspöki,47.851944,19.690278,2026-06-05 19:01:19.680481,17.54,17.33,17.54,17.54,1015,76,2.35,302,100,0.42,Rain,light rain,18
Lőrinci,47.739444,19.673611,2026-06-05 19:01:20.910537,17.81,17.63,17.81,17.81,1015,76,3.01,303,100,0.83,Rain,light rain,18
Selyp,47.759167,19.670833,2026-06-05 19:01:22.145168,17.76,17.58,17.76,17.76,1015,76,2.91,304,100,0.72,Rain,light rain,18
Apc-Zagyvaszántó,47.791328,19.66822,2026-06-05 19:01:23.379940,17.73,17.54,17.73,17.73,1015,76,2.81,304,100,0.67,Rain,light rain,18
Pásztó,47.918889,19.688889,2026-06-05 19:01:24.623986,17.33,17.13,17.33,17.33,1015,77,2.0,298,100,0.12,Rain,light rain,18
Mátraszőlős-Hasznos,47.938506,19.706122,2026-06-05 19:01:25.864929,17.37,17.15,17.37,17.37,1015,76,1.88,294,100,0.0,Clouds,overcast clouds,18
Tar,47.956111,19.746389,2026-06-05 19:01:27.101023,17.02,16.76,17.02,17.02,1015,76,1.85,287,100,0.0,Clouds,overcast clouds,18
Mátraverebély,47.968333,19.778611,2026-06-05 19:01:28.348375,17.02,16.76,17.02,17.02,1015,76,1.85,287,100,0.3,Rain,light rain,18
Nagybátony,47.981111,19.82,2026-06-05 19:01:29.576202,17.26,17.03,17.26,17.26,1015,76,1.83,278,100,2.27,Rain,moderate rain,18
Kisterenye,48.009444,19.831944,2026-06-05 19:01:30.809963,17.42,17.2,17.42,17.42,1015,76,1.88,270,100,1.72,Rain,moderate rain,18
Kisterenye-Bányatelep,48.021389,19.831944,2026-06-05 19:01:32.049609,17.42,17.2,17.42,17.42,1015,76,1.88,270,100,1.72,Rain,moderate rain,18
Salgótarján külső,48.089444,19.790833,2026-06-05 19:01:33.283258,16.83,16.55,16.83,16.83,1015,76,2.16,245,100,0.0,Clouds,overcast clouds,18
Balatonfenyves GV,46.7125,17.479167,2026-06-05 19:01:34.508998,16.29,15.83,16.29,16.29,1018,71,2.85,311,100,0.0,Clouds,overcast clouds,18
Várhegyalja,47.737778,18.366667,2026-06-05 19:01:35.741865,16.47,16.16,16.47,16.47,1017,76,2.9,293,100,0.0,Clouds,overcast clouds,18
Imremajor,46.680556,17.499722,2026-06-05 19:01:36.976969,16.29,15.83,16.29,16.29,1018,71,2.91,313,100,0.0,Clouds,overcast clouds,18
Rákospalota-Kertváros,47.578333,19.122778,2026-06-05 19:01:38.211126,14.52,14.25,14.41,15.64,1016,85,0.45,7,100,0.0,Clouds,overcast clouds,18
Vicziántelep,47.675833,19.286111,2026-06-05 19:01:39.442619,14.35,13.9,12.81,15.11,1015,79,2.79,300,100,0.0,Clouds,overcast clouds,18
Pálmajor,46.662831,17.457526,2026-06-05 19:01:40.672812,16.23,15.79,16.23,16.23,1018,72,2.98,317,100,0.0,Clouds,overcast clouds,18
Somogyszentpál felső,46.649758,17.471404,2026-06-05 19:01:41.904400,16.24,15.8,16.24,16.24,1018,72,2.98,317,100,0.0,Clouds,overcast clouds,18
Somogyszentpál,46.638611,17.478611,2026-06-05 19:01:43.131131,16.12,15.67,16.12,16.12,1018,72,3.06,320,100,0.0,Clouds,overcast clouds,18
Rudnaykert,47.7175,19.257778,2026-06-05 19:01:44.367318,14.33,13.91,14.23,15.45,1016,80,2.68,295,100,0.0,Clouds,overcast clouds,18
Maroshegy,47.158333,18.406667,2026-06-05 19:01:45.596106,16.6,16.22,16.6,16.6,1017,73,5.12,329,100,0.0,Clouds,overcast clouds,18
Bánhida,47.573703,18.371737,2026-06-05 19:01:46.826385,16.24,15.96,16.24,16.24,1017,78,3.65,303,100,0.0,Clouds,overcast clouds,18
Magyarkút,47.850278,19.045,2026-06-05 19:01:48.054236,16.12,15.95,16.12,16.12,1016,83,2.93,267,100,0.0,Clouds,overcast clouds,18
Becske alsó,47.897222,19.364722,2026-06-05 19:01:49.288253,16.18,15.89,16.18,16.18,1016,78,2.38,280,100,0.0,Clouds,overcast clouds,18
Hosszúberek-Péteri,47.370556,19.389722,2026-06-05 19:01:50.519190,15.53,15.62,14.72,15.53,1015,95,3.5,294,100,2.99,Rain,moderate rain,18
Monorierdő,47.308889,19.499167,2026-06-05 19:01:51.751598,15.43,14.91,15.43,17.51,1015,72,3.04,293,100,5.96,Rain,heavy intensity rain,18
Ceglédbercel,47.215833,19.658611,2026-06-05 19:01:52.982022,17.68,17.31,17.68,17.68,1015,69,2.93,300,100,0.0,Clouds,overcast clouds,18
Budai út,47.208333,19.731389,2026-06-05 19:01:54.227325,17.72,17.35,17.72,17.72,1015,69,2.98,304,100,0.0,Clouds,overcast clouds,18
Büdöskútpuszta,48.373056,20.726111,2026-06-05 19:01:55.455854,19.27,19.18,19.27,19.27,1014,74,2.51,263,100,0.0,Clouds,overcast clouds,18
Bánrévei Vízmű,48.282778,20.368333,2026-06-05 19:01:56.690264,19.69,19.31,19.69,20.02,1014,61,2.06,199,100,0.0,Clouds,overcast clouds,18
Rákoskert,47.456389,19.296111,2026-06-05 19:01:57.916807,15.3,15.31,14.08,15.31,1015,93,3.4,300,100,1.94,Rain,moderate rain,18
Szirmabesenyő,48.146944,20.783056,2026-06-05 19:01:59.139992,21.61,21.34,20.08,21.67,1014,58,2.26,300,100,0.0,Clouds,overcast clouds,18
Kitérőgyár,47.766944,19.935278,2026-06-05 19:02:00.380134,17.93,17.66,17.93,17.93,1015,72,2.3,302,100,0.0,Clouds,overcast clouds,18
Tápiószentmárton,47.373333,19.797778,2026-06-05 19:02:01.608533,17.75,17.38,17.75,17.75,1015,69,3.03,303,100,0.0,Clouds,overcast clouds,18
Zagyvarékas,47.244229,20.097435,2026-06-05 19:02:02.846482,18.89,18.66,17.9,18.89,1015,70,3.65,312,100,0.0,Clouds,overcast clouds,18
Abonyi út,47.206401,20.125204,2026-06-05 19:02:04.077648,18.89,18.66,17.9,18.89,1015,70,3.61,314,100,0.0,Clouds,overcast clouds,18
Jászkisér felső,47.438056,20.202222,2026-06-05 19:02:05.312177,19.44,19.35,19.44,19.44,1015,73,3.99,296,100,0.13,Rain,light rain,18
Szellőhát,47.425556,20.188889,2026-06-05 19:02:06.544642,17.89,17.61,17.89,17.89,1015,72,4.02,297,100,0.0,Clouds,overcast clouds,18
Szilvásvárad-Szalajkavölgy,48.0956,20.38272,2026-06-05 19:02:07.775194,18.58,19.1,18.25,18.58,1015,100,0.66,280,100,0.0,Clouds,overcast clouds,18
Vásárosnamény külső,48.084444,22.255556,2026-06-05 19:02:09.003076,20.81,20.77,20.81,20.81,1014,70,0.99,220,100,0.0,Clouds,overcast clouds,18
Újváros,46.660556,20.536111,2026-06-05 19:02:10.234846,20.55,20.28,20.55,20.55,1014,62,4.26,320,100,0.0,Clouds,overcast clouds,18
Városi park,46.697778,19.864722,2026-06-05 19:02:11.464717,19.43,19.05,19.43,19.43,1015,62,4.62,305,100,0.0,Clouds,overcast clouds,18
Belsőkamaráspuszta,46.341944,20.848889,2026-06-05 19:02:12.692654,20.48,20.7,20.48,20.48,1014,81,2.24,317,100,0.0,Clouds,overcast clouds,18
Sajószöged,47.945278,20.981667,2026-06-05 19:02:13.927749,20.27,20.47,20.27,21.86,1014,81,2.38,352,100,0.0,Clouds,overcast clouds,18
Kazincbarcika alsó,48.255278,20.649167,2026-06-05 19:02:15.170704,21.44,21.55,19.8,21.63,1014,73,2.17,253,100,0.0,Clouds,overcast clouds,18
Nyárjas,46.857778,19.923611,2026-06-05 19:02:16.413697,19.39,19.0,19.39,19.39,1015,62,4.04,305,100,0.0,Clouds,overcast clouds,18
Pogonyipuszta,48.296389,20.381667,2026-06-05 19:02:17.640433,19.65,19.26,19.65,19.98,1014,61,2.06,199,100,0.0,Clouds,overcast clouds,18
Sióvölgy,46.911103,18.076964,2026-06-05 19:02:18.869042,17.19,16.69,16.08,17.19,1017,66,4.13,334,100,0.0,Clouds,overcast clouds,18
Répáspuszta,46.430278,17.847222,2026-06-05 19:02:20.114780,15.5,15.09,15.5,15.5,1017,76,3.39,324,100,0.0,Clouds,overcast clouds,18
Virányos,48.066667,21.527222,2026-06-05 19:02:21.340326,22.06,21.91,22.06,22.06,1014,61,1.54,293,100,0.0,Clouds,overcast clouds,18
Füzesbokor,47.988611,21.6475,2026-06-05 19:02:22.572098,22.06,22.15,22.06,22.06,1014,70,0.76,318,100,0.0,Clouds,overcast clouds,18
Kunfehértó,46.355833,19.417222,2026-06-05 19:02:23.802620,17.55,17.14,17.55,17.55,1016,68,4.55,339,100,0.0,Clouds,overcast clouds,18
Erdőszél,46.329444,19.395,2026-06-05 19:02:25.042343,17.35,16.92,17.35,17.35,1016,68,4.42,341,100,0.0,Clouds,overcast clouds,18
Jánoshalma,46.293056,19.330278,2026-06-05 19:02:26.275394,17.42,17.02,17.42,17.42,1016,69,4.45,341,100,0.0,Clouds,overcast clouds,18
Mélykút,46.213056,19.370556,2026-06-05 19:02:27.504994,17.58,17.2,17.58,17.58,1016,69,4.74,342,100,0.0,Clouds,overcast clouds,18
Bácsalmás,46.118056,19.346389,2026-06-05 19:02:28.735405,17.59,17.23,17.59,17.59,1016,70,4.86,342,100,0.0,Clouds,overcast clouds,18
Almás,46.116216,19.328803,2026-06-05 19:02:29.966682,17.59,17.23,17.59,17.59,1016,70,4.86,342,100,0.0,Clouds,overcast clouds,18
Bácsbokod-Bácsborsód,46.115833,19.16,2026-06-05 19:02:31.194507,17.09,16.79,17.09,17.09,1016,74,4.42,336,100,0.0,Clouds,overcast clouds,18
Baja,46.187014,18.957602,2026-06-05 19:02:32.430351,16.99,16.68,16.99,16.99,1016,74,4.27,325,100,0.0,Clouds,overcast clouds,18
Harkakötöny,46.458333,19.601944,2026-06-05 19:02:33.662826,18.73,18.38,18.73,18.73,1015,66,4.85,324,100,0.0,Clouds,overcast clouds,18
Tajó,46.473056,19.650556,2026-06-05 19:02:34.900320,18.77,18.43,18.77,18.77,1015,66,4.97,322,100,0.0,Clouds,overcast clouds,18
Kiskunmajsa,46.501667,19.728056,2026-06-05 19:02:36.139860,18.81,18.47,18.81,19.38,1015,66,5.11,317,100,0.0,Clouds,overcast clouds,18
Jászszentlászló,46.565833,19.753611,2026-06-05 19:02:37.377390,19.4,19.01,19.4,19.4,1015,62,4.99,310,100,0.0,Clouds,overcast clouds,18
Galambos,46.625,19.801111,2026-06-05 19:02:38.608759,19.43,19.05,19.43,19.43,1015,62,4.85,307,100,0.0,Clouds,overcast clouds,18
Pestszentimre,47.402222,19.188611,2026-06-05 19:02:39.839771,15.05,14.88,14.38,15.6,1015,87,4.13,297,100,1.31,Rain,moderate rain,18
Gyál felső,47.390278,19.204722,2026-06-05 19:02:41.069536,15.24,15.12,14.38,15.61,1015,88,4.02,296,100,0.98,Rain,light rain,18
Gyál,47.376667,19.219444,2026-06-05 19:02:42.298732,15.31,15.19,14.41,15.64,1015,88,4.02,296,100,0.79,Rain,light rain,18
Ócsa,47.301389,19.232222,2026-06-05 19:02:43.525882,15.41,15.49,14.84,15.65,1015,95,4.46,294,100,0.54,Rain,light rain,18
Inárcs-Kakucs,47.247222,19.317778,2026-06-05 19:02:44.758728,15.65,15.18,15.65,15.65,1015,73,4.17,292,100,1.79,Rain,moderate rain,18
Dabas,47.194722,19.328889,2026-06-05 19:02:45.985095,17.93,17.68,17.93,17.93,1015,73,4.12,292,100,3.32,Rain,moderate rain,18
Gyón,47.178333,19.355556,2026-06-05 19:02:47.221145,17.92,17.67,17.92,17.92,1015,73,4.18,294,100,3.45,Rain,moderate rain,18
Hernád,47.161389,19.4025,2026-06-05 19:02:48.459257,17.93,17.63,17.93,17.93,1015,71,3.69,294,100,1.76,Rain,moderate rain,18
Bakonygyirót,47.416389,17.811944,2026-06-05 19:02:49.690770,16.1,15.78,16.1,16.1,1018,77,2.24,302,100,0.0,Clouds,overcast clouds,18
Vinye,47.360317,17.819635,2026-06-05 19:02:50.920536,15.59,15.22,15.59,15.59,1018,77,2.37,307,100,0.0,Clouds,overcast clouds,18
Nemesgörzsöny,47.402924,17.376385,2026-06-05 19:02:52.148482,16.49,16.23,16.49,16.49,1018,78,2.01,322,100,0.0,Clouds,overcast clouds,18
Rábahíd,47.438618,17.337525,2026-06-05 19:02:53.380503,16.51,16.28,16.51,16.51,1018,79,2.06,319,100,0.0,Clouds,overcast clouds,18
Öskü,47.162222,18.076389,2026-06-05 19:02:54.615103,16.86,16.46,16.86,16.86,1017,71,4.59,332,100,0.0,Clouds,overcast clouds,18
Márkó,47.1275,17.813889,2026-06-05 19:02:55.846926,14.86,14.23,14.86,14.86,1018,70,2.91,327,100,0.0,Clouds,overcast clouds,18
Nemeskocs,47.203333,17.188889,2026-06-05 19:02:57.079348,16.35,16.08,16.35,16.35,1018,78,2.16,310,98,0.0,Clouds,overcast clouds,18
Zalagyömörő,47.011111,17.220833,2026-06-05 19:02:58.319121,16.13,15.78,16.13,16.13,1018,76,2.66,319,100,0.0,Clouds,overcast clouds,18
Rigács,47.061667,17.199167,2026-06-05 19:02:59.550123,16.1,15.75,16.1,16.1,1018,76,2.63,319,100,0.0,Clouds,overcast clouds,18
Kemenespálfa,47.139722,17.183056,2026-06-05 19:03:00.779733,16.27,15.96,16.27,16.27,1018,77,2.43,315,98,0.0,Clouds,overcast clouds,18
Lentiszombathely,46.611389,16.5725,2026-06-05 19:03:02.017680,14.39,14.13,14.39,14.39,1018,86,2.03,299,100,0.0,Clouds,overcast clouds,18
Ortaháza,46.626667,16.685833,2026-06-05 19:03:03.244686,15.79,15.67,15.79,15.79,1018,86,1.73,293,100,0.0,Clouds,overcast clouds,18
Rádiháza,46.654722,16.765833,2026-06-05 19:03:04.476881,15.71,15.56,15.71,15.71,1018,85,1.71,290,100,0.0,Clouds,overcast clouds,18
Baktüttös,46.690833,16.826389,2026-06-05 19:03:05.709361,15.76,15.56,15.76,15.76,1018,83,1.87,291,100,0.0,Clouds,overcast clouds,18
Budafa,46.851667,16.624722,2026-06-05 19:03:06.938820,16.05,15.9,16.05,16.05,1018,84,2.2,274,100,0.0,Clouds,overcast clouds,18
Zalapatakalja,46.845556,16.603889,2026-06-05 19:03:08.167041,16.05,15.93,16.05,16.05,1018,85,2.19,274,100,0.0,Clouds,overcast clouds,18
Tormásliget,47.430556,16.781667,2026-06-05 19:03:09.393859,13.08,12.77,13.08,13.08,1018,89,1.72,266,100,0.0,Clouds,overcast clouds,18
Belecska,46.64,18.411389,2026-06-05 19:03:10.628273,16.62,16.11,16.62,16.62,1017,68,4.18,325,100,0.17,Rain,light rain,18
Almár,47.956111,20.356944,2026-06-05 19:03:11.860241,19.79,20.44,19.7,19.79,1015,100,1.63,331,100,0.0,Clouds,overcast clouds,18
Vasútmúzeum,47.543889,19.099444,2026-06-05 19:03:13.097342,14.61,14.35,14.42,15.65,1016,85,0.45,7,100,0.0,Clouds,overcast clouds,18
Abda,47.690833,17.540556,2026-06-05 19:03:14.330430,16.53,16.3,16.53,16.53,1017,79,2.64,302,100,0.0,Clouds,overcast clouds,18
Vadaspark,47.526111,18.949167,2026-06-05 19:03:15.563915,12.96,12.53,12.62,13.84,1016,85,0.89,40,100,0.0,Clouds,overcast clouds,18
Barosstelep,47.398889,18.989167,2026-06-05 19:03:16.789884,14.91,14.62,14.48,15.71,1016,83,1.79,314,100,0.6,Rain,light rain,18
Fegyvernek-Örményes,47.194444,20.5575,2026-06-05 19:03:18.017714,18.99,18.82,18.99,18.99,1014,72,4.27,303,100,0.0,Clouds,overcast clouds,18
Zagyvapálfalva,48.068889,19.785,2026-06-05 19:03:19.250813,17.04,16.78,17.04,17.04,1015,76,2.0,253,100,0.0,Clouds,overcast clouds,18
Salgótarján,48.105556,19.807222,2026-06-05 19:03:20.482512,16.41,16.09,16.41,16.41,1015,76,2.37,239,100,0.0,Clouds,overcast clouds,18
Szabadisóstó,46.933889,18.118056,2026-06-05 19:03:21.718186,17.17,16.67,16.06,17.17,1017,66,4.33,334,100,0.0,Clouds,overcast clouds,18
Siófok,46.907778,18.053889,2026-06-05 19:03:22.950937,17.17,16.67,16.06,17.17,1017,66,4.13,334,100,0.0,Clouds,overcast clouds,18
Balatonszéplak felső,46.898056,18.018056,2026-06-05 19:03:24.183325,17.17,16.67,16.06,17.17,1017,66,3.9,332,100,0.0,Clouds,overcast clouds,18
Balatonszéplak alsó,46.891944,17.993333,2026-06-05 19:03:25.408679,17.17,16.67,16.06,17.17,1017,66,0.45,315,100,0.0,Clouds,overcast clouds,18
Zamárdi felső,46.886111,17.969444,2026-06-05 19:03:26.635327,16.07,15.12,16.07,17.18,1017,53,0.45,315,100,0.0,Clouds,overcast clouds,18
Zamárdi,46.88,17.944722,2026-06-05 19:03:27.865193,16.01,15.05,16.01,17.12,1017,53,0.45,315,100,0.0,Clouds,overcast clouds,18
Szántód,46.861944,17.899167,2026-06-05 19:03:29.098059,16.08,15.13,16.08,17.19,1017,53,0.45,315,100,0.0,Clouds,overcast clouds,18
Szőny-Déli,47.735278,18.141944,2026-06-05 19:03:30.331801,16.53,16.14,16.53,16.53,1017,73,3.71,302,100,0.0,Clouds,overcast clouds,18
Várpalota,47.194444,18.149167,2026-06-05 19:03:31.561452,15.81,15.35,15.81,15.81,1017,73,4.74,330,100,0.0,Clouds,overcast clouds,18
Pétfürdő,47.1675,18.121389,2026-06-05 19:03:32.793259,16.99,16.62,16.99,16.99,1017,72,4.71,331,100,0.0,Clouds,overcast clouds,18
Hajmáskér,47.141111,18.009444,2026-06-05 19:03:34.019532,16.77,16.36,15.66,16.77,1017,71,4.46,332,100,0.0,Clouds,overcast clouds,18
Veszprém,47.118889,17.91,2026-06-05 19:03:35.250026,15.45,14.88,15.45,16.56,1018,70,3.65,330,100,0.0,Clouds,overcast clouds,18
Herend,47.136944,17.760278,2026-06-05 19:03:36.475523,14.64,13.99,14.64,14.64,1019,70,2.73,327,100,0.0,Clouds,overcast clouds,18
Városlőd,47.144167,17.652778,2026-06-05 19:03:37.700277,14.72,14.13,14.72,14.72,1019,72,2.3,333,100,0.0,Clouds,overcast clouds,18
Városlőd-Kislőd,47.133889,17.631111,2026-06-05 19:03:38.929069,15.14,14.56,15.14,15.14,1019,71,2.4,333,100,0.0,Clouds,overcast clouds,18
Ajka,47.105902,17.572938,2026-06-05 19:03:40.163348,15.55,15.04,15.55,15.55,1019,72,2.58,338,100,0.0,Clouds,overcast clouds,18
Ajka-Gyártelep,47.096806,17.555219,2026-06-05 19:03:41.393649,15.55,15.04,15.55,15.55,1019,72,2.58,338,100,0.0,Clouds,overcast clouds,18
Devecser,47.1125,17.435278,2026-06-05 19:03:42.628715,15.91,15.49,15.91,15.91,1019,74,2.68,339,100,0.0,Clouds,overcast clouds,18
Somlóvásárhely,47.124444,17.369167,2026-06-05 19:03:43.863038,15.99,15.63,15.99,15.99,1019,76,2.5,334,99,0.0,Clouds,overcast clouds,18
Tüskevár,47.128611,17.331389,2026-06-05 19:03:45.100163,16.1,15.75,16.1,16.1,1018,76,2.47,331,99,0.0,Clouds,overcast clouds,18
Karakószörcsök,47.133611,17.287778,2026-06-05 19:03:46.328558,16.16,15.84,16.16,16.16,1018,77,2.44,328,99,0.0,Clouds,overcast clouds,18
Kerta,47.151944,17.237222,2026-06-05 19:03:47.558908,16.31,16.01,16.31,16.31,1018,77,2.33,317,98,0.0,Clouds,overcast clouds,18
Boba,47.183333,17.191389,2026-06-05 19:03:48.795392,16.31,16.03,16.31,16.31,1018,78,2.24,311,98,0.0,Clouds,overcast clouds,18
Börgönd,47.140278,18.515,2026-06-05 19:03:50.021218,16.66,16.29,16.66,16.66,1016,73,5.32,325,100,0.0,Clouds,overcast clouds,18
Belsőbáránd,47.102778,18.499722,2026-06-05 19:03:51.253302,16.59,16.18,16.59,16.59,1017,72,5.18,327,100,0.0,Clouds,overcast clouds,18
Zichyújfalu,47.124444,18.6725,2026-06-05 19:03:52.491559,16.87,16.52,16.87,16.87,1016,73,5.58,319,100,0.11,Rain,light rain,18
Seregélyes,47.121111,18.580556,2026-06-05 19:03:53.721011,16.85,16.5,16.85,16.85,1016,73,5.38,324,100,0.0,Clouds,overcast clouds,18
Polgárdi-Ipartelepek,47.079167,18.314444,2026-06-05 19:03:54.957685,16.8,16.34,16.8,16.8,1017,69,4.67,332,100,0.0,Clouds,overcast clouds,18
Polgárdi,47.07,18.284167,2026-06-05 19:03:56.187546,16.8,16.34,16.8,16.8,1017,69,4.67,332,100,0.0,Clouds,overcast clouds,18
Füle,47.05,18.255278,2026-06-05 19:03:57.416373,16.77,16.28,16.77,16.77,1017,68,4.57,333,100,0.0,Clouds,overcast clouds,18
Zánka-Erzsébettábor,46.8775,17.709167,2026-06-05 19:03:58.649458,16.01,15.05,16.01,17.12,1018,53,2.38,314,100,0.0,Clouds,overcast clouds,18
Csajág,47.033889,18.186389,2026-06-05 19:03:59.879624,17.01,16.49,15.9,17.01,1017,66,4.55,334,100,0.0,Clouds,overcast clouds,18
Balatonakarattya,47.017222,18.167778,2026-06-05 19:04:01.107305,16.86,16.32,15.75,16.86,1017,66,4.55,334,100,0.0,Clouds,overcast clouds,18
Csittényhegy,47.025278,18.1375,2026-06-05 19:04:02.341238,17.08,16.57,15.97,17.08,1017,66,4.57,335,100,0.0,Clouds,overcast clouds,18
Balatonkenese,47.0325,18.105556,2026-06-05 19:04:03.570111,17.16,16.65,16.05,17.16,1017,66,4.59,335,100,0.0,Clouds,overcast clouds,18
Balatonfűzfő,47.060278,18.0425,2026-06-05 19:04:04.798097,17.19,16.69,16.08,17.19,1017,66,4.5,334,100,0.0,Clouds,overcast clouds,18
Balatonalmádi,47.028333,18.015,2026-06-05 19:04:06.038663,17.16,16.65,16.05,17.16,1017,66,4.45,334,100,0.0,Clouds,overcast clouds,18
Káptalanfüred,47.008889,18.003889,2026-06-05 19:04:07.274186,17.19,16.69,16.08,17.19,1017,66,4.26,333,100,0.0,Clouds,overcast clouds,18
Alsóörs,46.985278,17.974722,2026-06-05 19:04:08.514306,16.09,15.14,16.09,17.2,1017,53,0.45,315,100,0.0,Clouds,overcast clouds,18
Csopak,46.974722,17.931111,2026-06-05 19:04:09.745720,15.96,15.0,15.96,17.07,1017,53,0.45,315,100,0.0,Clouds,overcast clouds,18
Balatonarács,46.9625,17.8975,2026-06-05 19:04:10.977536,15.86,14.89,15.86,16.97,1017,53,0.45,315,100,0.0,Clouds,overcast clouds,18
Balatonfüred,46.955833,17.883056,2026-06-05 19:04:12.201144,15.93,14.96,15.93,17.04,1017,53,0.45,315,100,0.0,Clouds,overcast clouds,18
Aszófő,46.925556,17.8325,2026-06-05 19:04:13.435192,16.03,15.07,16.03,17.14,1017,53,0.45,315,100,0.0,Clouds,overcast clouds,18
Örvényes,46.9125,17.818056,2026-06-05 19:04:14.663227,16.05,15.09,16.05,17.16,1017,53,0.45,315,100,0.0,Clouds,overcast clouds,18
Balatonudvari,46.904722,17.808056,2026-06-05 19:04:15.900286,16.08,15.13,16.08,17.19,1017,53,0.45,315,100,0.0,Clouds,overcast clouds,18
Fövenyes,46.893611,17.789444,2026-06-05 19:04:17.133523,16.1,15.15,16.1,17.21,1017,53,0.45,315,100,0.0,Clouds,overcast clouds,18
Balatonakali-Dörgicse,46.88,17.747778,2026-06-05 19:04:18.367624,16.09,15.14,16.09,17.2,1017,53,2.5,318,100,0.0,Clouds,overcast clouds,18
Zánka-Köveskál,46.872778,17.687778,2026-06-05 19:04:19.606774,16.08,15.13,16.08,17.19,1018,53,2.41,313,100,0.0,Clouds,overcast clouds,18
Balatonszepezd,46.851111,17.663056,2026-06-05 19:04:20.839658,16.08,15.13,16.08,16.08,1018,53,2.38,311,100,0.0,Clouds,overcast clouds,18
Szepezdfürdő,46.839722,17.649444,2026-06-05 19:04:22.074527,16.05,15.49,16.05,16.05,1018,68,2.44,311,100,0.0,Clouds,overcast clouds,18
Révfülöp,46.829167,17.632222,2026-06-05 19:04:23.302112,16.06,15.5,16.06,16.06,1018,68,2.44,311,100,0.0,Clouds,overcast clouds,18
Balatonrendes,46.824722,17.582778,2026-06-05 19:04:24.535509,16.06,15.52,16.06,16.06,1018,69,2.68,310,100,0.0,Clouds,overcast clouds,18
Ábrahámhegy,46.815,17.572222,2026-06-05 19:04:25.761966,16.03,15.49,16.03,16.03,1018,69,2.68,310,100,0.0,Clouds,overcast clouds,18
Badacsonyörs,46.805556,17.531667,2026-06-05 19:04:26.989650,16.26,15.77,16.26,16.26,1018,70,2.72,310,100,0.0,Clouds,overcast clouds,18
Kisújszállás,47.223889,20.751111,2026-06-05 19:04:28.229228,19.25,19.16,19.25,19.25,1014,74,3.98,296,100,0.0,Clouds,overcast clouds,18
Karcag,47.303333,20.928056,2026-06-05 19:04:29.466448,19.34,19.31,19.34,19.34,1014,76,3.89,287,100,0.0,Clouds,overcast clouds,18
Püspökladány,47.3275,21.128889,2026-06-05 19:04:30.704208,19.64,19.62,19.64,19.64,1014,75,3.47,282,100,0.0,Clouds,overcast clouds,18
Kaba,47.368889,21.259444,2026-06-05 19:04:31.942796,20.1,20.02,20.1,20.1,1014,71,2.49,272,100,0.0,Clouds,overcast clouds,18
Hajdúszoboszló,47.429444,21.406944,2026-06-05 19:04:33.172463,20.52,20.38,20.52,20.52,1014,67,1.14,271,100,0.0,Clouds,overcast clouds,18
Ebes,47.462778,21.488889,2026-06-05 19:04:34.405424,20.62,20.46,20.62,20.62,1014,66,0.8,274,100,0.0,Clouds,overcast clouds,18
Debrecen,47.520278,21.628611,2026-06-05 19:04:35.633107,20.82,20.65,20.82,20.82,1014,65,0.61,247,100,0.0,Clouds,overcast clouds,18
Debrecen-Csapókert,47.540556,21.648056,2026-06-05 19:04:36.862058,20.77,20.6,20.77,20.77,1014,65,0.59,245,100,0.0,Clouds,overcast clouds,18
Apafa,47.584045,21.655858,2026-06-05 19:04:38.089237,20.69,20.54,20.69,20.69,1014,66,0.43,273,100,0.0,Clouds,overcast clouds,18
Bocskaikert,47.6425,21.666389,2026-06-05 19:04:39.318920,20.39,20.23,20.39,20.39,1014,67,0.78,354,100,0.0,Clouds,overcast clouds,18
Hajdúhadház,47.686944,21.679167,2026-06-05 19:04:40.561150,20.49,20.34,20.49,20.49,1014,67,0.79,351,100,0.0,Clouds,overcast clouds,18
Téglás,47.714722,21.684722,2026-06-05 19:04:41.787903,20.46,20.34,20.46,20.46,1014,68,0.97,358,100,0.0,Clouds,overcast clouds,18
Újfehértó,47.814444,21.706389,2026-06-05 19:04:43.018647,20.44,20.34,20.44,20.44,1014,69,1.31,5,100,0.0,Clouds,overcast clouds,18
Nyíregyháza,47.946667,21.705556,2026-06-05 19:04:44.251091,20.44,20.37,20.44,20.44,1014,70,0.89,346,100,0.0,Clouds,overcast clouds,18
Sóstó,47.998051,21.729047,2026-06-05 19:04:45.476821,22.04,22.15,22.04,22.04,1014,71,0.69,334,100,0.0,Clouds,overcast clouds,18
Sóstóhegy,48.012222,21.742778,2026-06-05 19:04:46.713978,22.04,22.15,22.04,22.04,1014,71,0.6,323,100,0.0,Clouds,overcast clouds,18
Kemecse,48.065556,21.801667,2026-06-05 19:04:47.939932,20.63,20.65,20.63,20.63,1014,73,0.55,319,100,0.0,Clouds,overcast clouds,18
Nyírbogdány,48.082222,21.855278,2026-06-05 19:04:49.175186,20.62,20.64,20.62,20.62,1014,73,0.52,318,100,0.0,Clouds,overcast clouds,18
Kék,48.093333,21.883889,2026-06-05 19:04:50.407318,20.71,20.74,20.71,20.71,1014,73,0.68,331,100,0.0,Clouds,overcast clouds,18
Demecser,48.111667,21.926667,2026-06-05 19:04:51.638393,20.72,20.75,20.72,20.72,1014,73,0.66,328,100,0.0,Clouds,overcast clouds,18
Gégény,48.128333,21.951944,2026-06-05 19:04:52.870156,20.7,20.73,20.7,20.7,1014,73,0.63,324,100,0.0,Clouds,overcast clouds,18
Pátroha,48.158611,21.996667,2026-06-05 19:04:54.106387,20.72,20.78,20.72,20.72,1014,74,0.6,319,100,0.0,Clouds,overcast clouds,18
Ajak,48.1865,22.048972,2026-06-05 19:04:55.346705,20.69,20.75,20.69,20.69,1014,74,0.56,314,100,0.0,Clouds,overcast clouds,18
Kisvárda,48.208333,22.078333,2026-06-05 19:04:56.578275,20.68,20.76,20.68,20.68,1014,75,0.54,316,100,0.0,Clouds,overcast clouds,18
Kisvárda-Hármasút,48.228333,22.091944,2026-06-05 19:04:57.811859,20.68,20.76,20.68,20.68,1014,75,0.54,316,100,0.0,Clouds,overcast clouds,18
Fényeslitke,48.267222,22.107222,2026-06-05 19:04:59.044197,20.57,20.67,20.57,20.57,1014,76,0.25,323,100,0.0,Clouds,overcast clouds,18
Komoró,48.305278,22.118056,2026-06-05 19:05:00.279062,20.58,20.68,20.58,20.58,1014,76,0.05,360,100,0.0,Clouds,overcast clouds,18
Tuzsér,48.342222,22.131667,2026-06-05 19:05:01.511066,20.5,20.62,20.5,20.5,1014,77,0.45,124,100,0.0,Clouds,overcast clouds,18
Tiszabezdéd,48.371389,22.145,2026-06-05 19:05:02.738704,20.48,20.62,20.48,20.48,1014,78,0.72,115,100,0.0,Clouds,overcast clouds,18
Záhony,48.402222,22.183611,2026-06-05 19:05:03.971205,20.44,20.58,20.44,20.44,1014,78,1.01,110,100,0.0,Clouds,overcast clouds,18
Karcag-Vásártér,47.3225,20.9075,2026-06-05 19:05:05.202816,19.44,19.42,19.44,19.44,1014,76,3.89,287,100,0.0,Clouds,overcast clouds,18
Berekfürdő,47.374722,20.827222,2026-06-05 19:05:06.432779,19.43,19.41,19.43,19.43,1014,76,3.98,281,100,0.0,Clouds,overcast clouds,18
Kunmadaras,47.415278,20.793056,2026-06-05 19:05:07.659020,19.42,19.22,19.42,19.42,1014,69,4.01,276,100,0.0,Clouds,overcast clouds,18
Tiszaszentimre,47.490833,20.733056,2026-06-05 19:05:08.888953,19.43,19.23,19.43,19.43,1014,69,3.92,273,100,0.0,Clouds,overcast clouds,18
Tiszaszőlős,47.555556,20.728056,2026-06-05 19:05:10.116503,19.43,19.23,19.43,19.43,1014,69,3.76,272,100,0.0,Clouds,overcast clouds,18
Hosszúhát,47.235556,21.101944,2026-06-05 19:05:11.351070,19.58,19.58,19.58,19.58,1014,76,3.47,288,100,0.0,Clouds,overcast clouds,18
Szerep,47.234444,21.145833,2026-06-05 19:05:12.581781,19.68,19.69,19.68,19.68,1014,76,3.33,286,100,0.0,Clouds,overcast clouds,18
Sárrétudvari,47.231667,21.180833,2026-06-05 19:05:13.816114,19.76,19.75,19.76,19.76,1014,75,3.16,282,100,0.0,Clouds,overcast clouds,18
Biharnagybajom,47.208889,21.221944,2026-06-05 19:05:15.059447,20.0,19.99,20.0,20.0,1014,74,2.79,273,100,0.0,Clouds,overcast clouds,18
Füzesgyarmat,47.113056,21.194444,2026-06-05 19:05:16.289252,19.98,19.97,19.98,19.98,1014,74,2.74,275,100,0.0,Clouds,overcast clouds,18
Füzesgyarmatfürdő,47.093787,21.201582,2026-06-05 19:05:17.528949,19.98,19.97,19.98,19.98,1014,74,2.74,275,100,0.0,Clouds,overcast clouds,18
Báránd,47.299722,21.235278,2026-06-05 19:05:18.755519,19.98,19.94,19.98,19.98,1014,73,2.8,276,100,0.0,Clouds,overcast clouds,18
Sáp,47.259722,21.360556,2026-06-05 19:05:19.982997,20.4,20.35,20.4,20.4,1014,71,2.34,259,100,0.0,Clouds,overcast clouds,18
Berettyóújfalu,47.211944,21.535556,2026-06-05 19:05:21.212226,21.16,21.05,21.16,21.16,1014,66,2.37,205,100,0.0,Clouds,overcast clouds,18
Mezőpeterd,47.176111,21.625278,2026-06-05 19:05:22.443919,21.39,21.31,21.39,21.39,1014,66,2.67,191,100,0.0,Clouds,overcast clouds,18
Biharkeresztes,47.135556,21.721389,2026-06-05 19:05:23.676398,21.36,21.35,21.36,21.36,1014,69,2.52,183,100,0.0,Clouds,overcast clouds,18
Tócóvölgy,47.529444,21.588889,2026-06-05 19:05:24.903709,20.74,20.59,20.74,20.74,1014,66,0.51,272,100,0.0,Clouds,overcast clouds,18
Sáregres,46.7825,18.588889,2026-06-05 19:05:26.135136,16.81,16.35,16.81,16.81,1016,69,5.3,325,100,0.0,Clouds,overcast clouds,18
Simontornya,46.756582,18.540674,2026-06-05 19:05:27.364534,16.65,16.15,16.65,16.65,1017,68,4.97,327,100,0.0,Clouds,overcast clouds,18
Tolnanémedi,46.727778,18.475833,2026-06-05 19:05:28.593317,16.68,16.18,16.68,16.68,1017,68,4.83,327,100,0.13,Rain,light rain,18
Pincehely,46.681389,18.43,2026-06-05 19:05:29.839648,16.48,15.96,16.48,16.48,1017,68,4.37,327,100,0.15,Rain,light rain,18
Keszőhidegkút-Gyönk,46.597778,18.426111,2026-06-05 19:05:31.072152,16.55,16.04,16.55,16.55,1017,68,4.08,324,100,0.0,Clouds,overcast clouds,18
Szárazd,46.575556,18.420833,2026-06-05 19:05:32.303397,16.6,16.09,16.6,16.6,1017,68,3.99,323,100,0.0,Clouds,overcast clouds,18
Regöly,46.568889,18.396111,2026-06-05 19:05:33.534708,16.6,16.09,16.6,16.6,1017,68,3.99,323,100,0.0,Clouds,overcast clouds,18
Szakály-Hőgyész,46.523611,18.389444,2026-06-05 19:05:34.765618,16.5,15.98,16.5,16.5,1017,68,3.71,322,100,0.0,Clouds,overcast clouds,18
Dúzs,46.493889,18.377222,2026-06-05 19:05:35.998690,16.56,16.05,16.56,16.56,1017,68,3.62,322,100,0.0,Clouds,overcast clouds,18
Csibrák,46.466667,18.336389,2026-06-05 19:05:37.250752,16.61,16.13,16.61,16.61,1017,69,3.43,322,100,0.0,Clouds,overcast clouds,18
Kurd,46.449167,18.319167,2026-06-05 19:05:38.496189,16.28,15.77,16.28,16.28,1017,69,3.34,321,100,0.0,Clouds,overcast clouds,18
Döbrököz,46.418889,18.255,2026-06-05 19:05:39.724071,16.51,16.04,16.51,16.51,1017,70,2.97,322,100,0.0,Clouds,overcast clouds,18
Dombóvár,46.37,18.149722,2026-06-05 19:05:40.960334,16.33,15.9,16.33,16.33,1017,72,2.38,324,100,0.0,Clouds,overcast clouds,18
Dombóvár alsó,46.363889,18.134167,2026-06-05 19:05:42.196820,16.33,15.9,16.33,16.33,1017,72,2.38,324,100,0.11,Rain,light rain,18
Somoskőújfalu,48.154722,19.815556,2026-06-05 19:05:43.423072,15.33,14.9,15.33,15.33,1015,76,2.77,231,100,0.0,Clouds,overcast clouds,18
Jászfényszaru,47.593056,19.754444,2026-06-05 19:05:44.656783,18.1,17.92,18.1,18.1,1015,75,3.18,300,100,1.97,Rain,moderate rain,18
Pusztamonostor,47.564444,19.794167,2026-06-05 19:05:45.887953,17.72,17.48,17.72,17.72,1015,74,3.18,299,100,0.66,Rain,light rain,18
Jászberény,47.494444,19.893333,2026-06-05 19:05:47.119983,17.82,17.56,17.82,17.82,1015,73,3.24,296,100,0.0,Clouds,overcast clouds,18
Meggyespele,47.441944,19.938889,2026-06-05 19:05:48.355279,17.84,17.48,17.84,17.84,1015,69,3.45,297,100,0.0,Clouds,overcast clouds,18
Portelek,47.418056,19.958889,2026-06-05 19:05:49.590562,17.86,17.5,17.86,17.86,1015,69,3.46,299,100,0.0,Clouds,overcast clouds,18
Jászboldogháza-Jánoshida,47.366944,20.001389,2026-06-05 19:05:50.820988,17.85,17.49,17.85,17.85,1015,69,3.54,303,100,1.05,Rain,moderate rain,18
Jászárokszállás,47.635556,19.971111,2026-06-05 19:05:52.047075,18.43,18.23,18.43,18.43,1015,73,2.9,296,100,0.0,Clouds,overcast clouds,18
Jászdózsa,47.563056,20.028056,2026-06-05 19:05:53.276786,18.52,18.33,18.52,18.52,1015,73,3.19,294,100,0.0,Clouds,overcast clouds,18
Jászapáti,47.513611,20.155,2026-06-05 19:05:54.516713,18.59,18.41,18.59,18.59,1015,73,3.68,294,100,0.0,Clouds,overcast clouds,18
Jászkisér,47.456111,20.203333,2026-06-05 19:05:55.753204,19.45,19.36,19.45,19.45,1015,73,3.95,295,100,0.0,Clouds,overcast clouds,18
Jászladány,47.373333,20.159167,2026-06-05 19:05:56.988480,17.9,17.63,17.9,17.9,1015,72,3.93,301,100,0.0,Clouds,overcast clouds,18
Szászberek,47.320556,20.090833,2026-06-05 19:05:58.220647,17.89,17.54,17.89,18.32,1015,69,3.78,306,100,0.26,Rain,light rain,18
Gyöngyöshalász,47.743056,19.932222,2026-06-05 19:05:59.452243,18.13,17.88,18.13,18.13,1015,72,2.38,302,100,0.0,Clouds,overcast clouds,18
Gyöngyös,47.783056,19.937222,2026-06-05 19:06:00.698145,17.83,17.52,17.83,17.83,1015,71,2.18,302,100,0.0,Clouds,overcast clouds,18
Erdőtelek,47.683333,20.3025,2026-06-05 19:06:01.930153,18.71,18.57,18.71,18.71,1014,74,2.83,299,100,0.0,Clouds,overcast clouds,18
Heves,47.609444,20.306111,2026-06-05 19:06:03.155779,19.38,19.31,19.38,19.38,1014,74,3.48,294,100,0.0,Clouds,overcast clouds,18
Hevesvezekény,47.562222,20.365833,2026-06-05 19:06:04.391598,19.42,19.22,19.42,19.42,1014,69,3.83,292,100,0.0,Clouds,overcast clouds,18
Tarnaszentmiklós,47.546944,20.390833,2026-06-05 19:06:05.627307,19.43,19.23,19.43,19.43,1014,69,3.95,292,100,0.0,Clouds,overcast clouds,18
Kisköre,47.495556,20.481667,2026-06-05 19:06:06.857141,19.45,19.25,19.45,19.45,1014,69,1.79,275,100,0.0,Clouds,overcast clouds,18
Abádszalók,47.455278,20.553056,2026-06-05 19:06:08.089909,19.43,19.23,19.43,19.43,1014,69,1.79,275,100,0.0,Clouds,overcast clouds,18
Kunhegyes,47.376667,20.641111,2026-06-05 19:06:09.327083,19.43,19.23,19.43,19.43,1014,69,4.11,283,100,0.0,Clouds,overcast clouds,18
Kenderes,47.254444,20.686111,2026-06-05 19:06:10.553985,19.46,19.37,19.46,19.46,1014,73,4.07,295,100,0.0,Clouds,overcast clouds,18
Maklár,47.808056,20.404722,2026-06-05 19:06:11.785756,20.13,20.1,20.13,20.13,1014,73,2.86,312,100,0.0,Clouds,overcast clouds,18
Andornaktálya,47.852203,20.402295,2026-06-05 19:06:13.017969,20.07,20.06,19.98,20.07,1014,74,2.58,318,100,0.0,Clouds,overcast clouds,18
Eger,47.891667,20.381667,2026-06-05 19:06:14.250351,19.98,19.99,19.89,19.98,1015,75,2.15,325,100,0.0,Clouds,overcast clouds,18
Egervár,47.908056,20.380556,2026-06-05 19:06:15.484275,19.8,20.45,19.71,19.8,1015,100,2.02,327,100,0.0,Clouds,overcast clouds,18
Eger-Felnémet,47.936667,20.370556,2026-06-05 19:06:16.715166,19.85,20.5,19.76,19.85,1015,100,1.88,329,100,0.0,Clouds,overcast clouds,18
Szarvaskő,47.988611,20.3325,2026-06-05 19:06:17.952812,19.44,20.05,19.11,19.44,1015,100,1.45,330,100,0.0,Clouds,overcast clouds,18
Mónosbél,48.031944,20.33,2026-06-05 19:06:19.185188,19.26,19.85,18.93,19.26,1015,100,1.01,319,100,0.0,Clouds,overcast clouds,18
Bélapátfalva,48.055556,20.340556,2026-06-05 19:06:20.422621,18.97,19.53,18.64,18.97,1015,100,0.77,306,100,0.0,Clouds,overcast clouds,18
Bélapátfalvi Cementgyár,48.058056,20.355,2026-06-05 19:06:21.661669,18.92,19.48,18.59,18.92,1015,100,0.77,306,100,0.0,Clouds,overcast clouds,18
Szilvásvárad,48.11345,20.37919,2026-06-05 19:06:22.887106,18.79,19.34,18.46,18.79,1015,100,0.69,248,100,0.0,Clouds,overcast clouds,18
Hejőkeresztúr,47.960278,20.869444,2026-06-05 19:06:24.115883,20.24,20.43,20.24,21.83,1014,81,2.5,342,100,0.0,Clouds,overcast clouds,18
Tiszaújváros,47.926111,21.030556,2026-06-05 19:06:25.348292,20.29,20.12,20.29,21.88,1014,67,2.41,353,100,0.0,Clouds,overcast clouds,18
Miskolc-Gömöri,48.106667,20.800278,2026-06-05 19:06:26.578401,21.57,21.45,20.14,21.73,1013,64,2.42,313,100,0.0,Clouds,overcast clouds,18
Sajókeresztúr,48.168008,20.774014,2026-06-05 19:06:27.812008,21.66,21.4,20.08,21.68,1014,58,2.29,292,100,0.0,Clouds,overcast clouds,18
Sajóecseg,48.186111,20.766667,2026-06-05 19:06:29.047387,21.72,21.46,20.12,21.72,1014,58,2.37,284,100,0.0,Clouds,overcast clouds,18
Sajószentpéter,48.222222,20.708056,2026-06-05 19:06:30.282789,21.46,21.18,20.03,21.62,1014,58,2.37,272,100,0.0,Clouds,overcast clouds,18
Kazincbarcika,48.264444,20.6275,2026-06-05 19:06:31.517683,21.53,21.67,19.79,21.62,1014,74,2.13,245,100,0.0,Clouds,overcast clouds,18
Sajókaza,48.272778,20.581944,2026-06-05 19:06:32.752042,19.81,19.78,19.78,21.62,1014,74,2.03,240,100,0.0,Clouds,overcast clouds,18
Vadna,48.276389,20.555278,2026-06-05 19:06:33.982731,19.81,19.78,19.76,21.6,1014,74,2.03,240,100,0.0,Clouds,overcast clouds,18
Dubicsány,48.280833,20.504722,2026-06-05 19:06:35.216234,19.8,19.43,19.75,21.58,1014,61,1.83,220,100,0.0,Clouds,overcast clouds,18
Raposka,46.851389,17.412778,2026-06-05 19:06:36.446528,16.26,15.82,16.26,16.26,1018,72,2.62,310,100,0.0,Clouds,overcast clouds,18
Ivacs,47.641944,19.273889,2026-06-05 19:06:37.679800,14.59,14.48,14.04,15.27,1015,91,2.83,301,100,0.18,Rain,light rain,18
Kisköre-Tiszahíd,47.480835,20.507698,2026-06-05 19:06:38.910743,19.43,19.23,19.43,19.43,1014,69,1.79,275,100,0.0,Clouds,overcast clouds,18
Rozsály,47.912778,22.7825,2026-06-05 19:06:40.146508,22.25,22.44,22.25,22.25,1014,73,2.11,172,100,0.0,Clouds,overcast clouds,18
Pusztakettős,47.453611,20.749722,2026-06-05 19:06:41.379311,19.43,19.23,19.43,19.43,1014,69,4.0,275,100,0.0,Clouds,overcast clouds,18
Kisvác,47.795278,19.113611,2026-06-05 19:06:42.604815,14.38,14.01,14.38,14.78,1016,82,2.73,276,100,0.0,Clouds,overcast clouds,18
Tiszafüred-Gyártelep,47.6075,20.736111,2026-06-05 19:06:43.841019,19.4,19.2,19.4,19.4,1014,69,3.52,271,100,0.0,Clouds,overcast clouds,18
Újkenéz,48.251111,22.221667,2026-06-05 19:06:45.074818,20.59,20.64,20.59,20.59,1014,74,0.23,308,100,0.0,Clouds,overcast clouds,18
Püspökladány-Vásártér,47.319167,21.096111,2026-06-05 19:06:46.307861,19.62,19.62,19.62,19.62,1014,76,3.49,284,100,0.0,Clouds,overcast clouds,18
Végegyháza alsó,46.3675,20.866944,2026-06-05 19:06:47.550311,20.5,20.72,20.5,20.5,1014,81,1.91,314,100,0.0,Clouds,overcast clouds,18
Orosháza felső,46.553611,20.655278,2026-06-05 19:06:48.781264,19.88,19.93,19.88,19.88,1014,77,4.42,319,100,0.0,Clouds,overcast clouds,18
Ambrózfalva,46.353056,20.740556,2026-06-05 19:06:50.018542,20.27,20.44,20.27,20.27,1014,80,3.5,321,100,0.0,Clouds,overcast clouds,18
Alsónyék,46.199444,18.738056,2026-06-05 19:06:51.247768,17.01,16.62,17.01,17.01,1016,71,4.08,323,100,3.84,Rain,moderate rain,18
Tompapuszta,46.321389,20.966389,2026-06-05 19:06:52.478768,21.17,21.43,21.17,21.17,1014,80,0.45,318,100,0.0,Clouds,overcast clouds,18
Halászlak,46.911879,20.56228,2026-06-05 19:06:53.717863,19.59,19.46,19.59,19.59,1014,71,4.15,319,100,0.0,Clouds,overcast clouds,18
Sirató,46.840556,20.61,2026-06-05 19:06:54.949399,19.78,19.67,19.78,19.78,1014,71,4.12,320,100,0.0,Clouds,overcast clouds,18
Csabacsűd felső,46.829167,20.649167,2026-06-05 19:06:56.179272,19.79,19.68,19.79,19.79,1014,71,4.18,320,100,0.0,Clouds,overcast clouds,18
Orosháza-Üveggyár,46.579979,20.683644,2026-06-05 19:06:57.422479,19.87,19.92,19.87,19.87,1014,77,4.25,317,100,0.0,Clouds,overcast clouds,18
Gyulai városerdő,46.69482,21.32281,2026-06-05 19:06:58.648946,19.41,19.31,19.41,19.41,1014,73,1.05,159,100,0.0,Clouds,overcast clouds,18
Kórógyszentgyörgy,46.564377,20.224998,2026-06-05 19:06:59.882225,20.57,20.3,20.57,20.57,1015,62,4.94,316,100,0.0,Clouds,overcast clouds,18
Kunszállás,46.784444,19.767222,2026-06-05 19:07:01.113079,19.38,18.99,19.38,19.38,1015,62,4.3,301,100,0.0,Clouds,overcast clouds,18
Selymes,46.655321,19.8534,2026-06-05 19:07:02.347320,19.44,19.06,19.44,19.44,1015,62,4.8,306,100,0.0,Clouds,overcast clouds,18
Petőfiszállási tanyák,46.587805,19.874509,2026-06-05 19:07:03.591903,19.48,19.1,18.9,19.48,1015,62,5.04,309,100,0.0,Clouds,overcast clouds,18
Kisteleki szőlők,46.514199,19.92868,2026-06-05 19:07:04.817044,18.89,18.56,18.89,19.47,1015,66,5.35,314,100,0.0,Clouds,overcast clouds,18
Kapitányság,46.435336,19.987564,2026-06-05 19:07:06.047137,18.91,18.58,18.91,18.91,1015,66,5.58,318,100,0.0,Clouds,overcast clouds,18
Őszeszék,46.39025,20.016017,2026-06-05 19:07:07.276635,18.94,18.61,18.94,18.94,1015,66,5.7,321,100,0.0,Clouds,overcast clouds,18
Vilmaszállás,46.366389,20.030833,2026-06-05 19:07:08.513067,18.92,18.59,18.92,18.92,1015,66,4.92,328,100,0.0,Clouds,overcast clouds,18
Jánosszállás,46.334359,20.051199,2026-06-05 19:07:09.746128,18.95,18.62,18.95,18.95,1015,66,5.85,323,100,0.0,Clouds,overcast clouds,18
Felsőpakony,47.343056,19.230556,2026-06-05 19:07:10.981555,15.32,15.26,14.44,15.67,1015,90,4.32,295,100,0.13,Rain,light rain,18
Felsőméntelek,46.987074,19.557745,2026-06-05 19:07:12.210658,17.99,17.62,17.99,17.99,1015,68,3.8,301,100,0.0,Clouds,overcast clouds,18
Alsóméntelek,46.961558,19.579121,2026-06-05 19:07:13.437687,17.99,17.62,17.99,17.99,1015,68,3.85,302,100,0.0,Clouds,overcast clouds,18
Nagynyír,46.943319,19.585447,2026-06-05 19:07:14.677556,17.97,17.6,17.97,17.97,1015,68,3.88,302,100,0.0,Clouds,overcast clouds,18
Úrihegy,46.917778,19.621389,2026-06-05 19:07:15.913476,19.26,18.99,19.26,19.26,1015,67,3.93,301,100,0.0,Clouds,overcast clouds,18
Miklóstelep,46.913412,19.630913,2026-06-05 19:07:17.145184,19.28,19.01,19.28,19.28,1015,67,3.96,300,100,0.0,Clouds,overcast clouds,18
Tiszajenő alsó,47.016944,20.134444,2026-06-05 19:07:18.370297,18.34,18.06,18.34,18.34,1015,70,1.79,271,100,0.0,Clouds,overcast clouds,18
Óbög,46.987222,20.111111,2026-06-05 19:07:19.595754,18.32,18.04,18.32,18.32,1015,70,3.69,316,100,0.0,Clouds,overcast clouds,18
Árpádszállás,46.866456,19.989163,2026-06-05 19:07:20.827393,19.43,19.05,18.25,19.43,1015,62,4.01,308,100,0.0,Clouds,overcast clouds,18
Tőserdő,46.851111,19.980278,2026-06-05 19:07:22.058991,19.45,19.07,18.27,19.45,1015,62,4.12,309,100,0.0,Clouds,overcast clouds,18
Tiszaalpár felső,46.836256,19.976753,2026-06-05 19:07:23.285300,19.48,19.1,19.48,20.51,1015,62,4.12,309,100,0.0,Clouds,overcast clouds,18
Borsihalom,46.773056,19.92,2026-06-05 19:07:24.523006,19.47,19.09,19.47,20.5,1015,62,4.34,306,100,0.0,Clouds,overcast clouds,18
Petőfiváros,46.725556,19.848611,2026-06-05 19:07:25.755895,19.43,19.05,19.43,19.43,1015,62,4.51,303,100,0.0,Clouds,overcast clouds,18
Csorna,47.601944,17.248889,2026-06-05 19:07:26.985750,15.0,14.64,15.0,15.0,1017,80,2.28,313,83,0.0,Clouds,broken clouds,18
Szorgalmatos,47.986667,21.366389,2026-06-05 19:07:28.221230,22.09,21.95,22.09,22.09,1014,61,1.86,321,100,0.0,Clouds,overcast clouds,18
Fótfürdő,47.6225,19.200556,2026-06-05 19:07:29.449044,14.34,14.13,14.04,15.27,1016,88,2.85,299,100,0.19,Rain,light rain,18
Fenyveshegy,47.818333,19.068056,2026-06-05 19:07:30.680012,14.45,14.09,14.45,14.45,1016,82,2.71,273,100,0.0,Clouds,overcast clouds,18
Hűvösvölgy,47.541202,18.96351,2026-06-05 19:07:31.911630,13.91,13.55,13.58,14.81,1016,84,2.24,330,100,0.0,Clouds,overcast clouds,18
Hárshegy,47.535318,18.961433,2026-06-05 19:07:33.130441,13.91,13.55,13.58,14.81,1016,84,2.24,330,100,0.0,Clouds,overcast clouds,18
Szépjuhászné,47.528277,18.955246,2026-06-05 19:07:34.359808,13.03,12.58,12.69,13.92,1016,84,2.24,330,100,0.0,Clouds,overcast clouds,18
Jánoshegy,47.51433,18.95047,2026-06-05 19:07:35.588755,12.95,12.49,12.6,13.83,1016,84,0.89,40,100,0.0,Clouds,overcast clouds,18
Virágvölgy,47.505965,18.95876,2026-06-05 19:07:36.820277,12.65,12.16,12.29,13.52,1016,84,2.24,328,100,0.0,Clouds,overcast clouds,18
Csillebérc,47.498196,18.961694,2026-06-05 19:07:38.049620,12.42,11.91,12.06,13.29,1016,84,2.24,328,100,0.0,Clouds,overcast clouds,18
Normafa,47.5,18.970558,2026-06-05 19:07:39.276756,12.47,11.97,12.11,13.34,1016,84,2.24,328,100,0.0,Clouds,overcast clouds,18
Széchenyihegy,47.49413,18.977049,2026-06-05 19:07:40.518447,12.5,12.0,12.13,13.36,1016,84,2.24,328,100,0.0,Clouds,overcast clouds,18
Balatonfőkajár felső,47.031389,18.215278,2026-06-05 19:07:41.751086,16.84,16.3,15.73,16.84,1017,66,4.52,334,100,0.0,Clouds,overcast clouds,18
Piroska,47.148333,20.129722,2026-06-05 19:07:42.984957,18.34,18.06,17.9,18.34,1015,70,1.79,271,100,0.0,Clouds,overcast clouds,18
Somodor,46.4725,17.836667,2026-06-05 19:07:44.216703,15.62,15.2,15.62,15.62,1017,75,3.39,322,100,0.0,Clouds,overcast clouds,18
Középmező,45.995833,18.668889,2026-06-05 19:07:45.449925,17.28,17.1,17.28,17.28,1016,78,3.59,326,100,5.51,Rain,heavy intensity rain,18
Jobbágyi,47.828889,19.6875,2026-06-05 19:07:46.681421,17.56,17.36,17.56,17.56,1015,76,2.52,303,100,0.0,Clouds,overcast clouds,18
Ferihegy,47.437222,19.223889,2026-06-05 19:07:47.914789,15.04,14.9,14.28,15.51,1016,88,3.73,298,100,1.13,Rain,moderate rain,18
Máriapócs,47.852778,22.019167,2026-06-05 19:07:49.144021,20.76,20.67,20.76,20.76,1014,68,1.11,265,100,0.0,Clouds,overcast clouds,18
Máriaudvar,47.751944,19.165,2026-06-05 19:07:50.377919,14.41,14.02,14.41,14.81,1016,81,2.61,284,100,0.0,Clouds,overcast clouds,18
Nagyberki,46.353333,18.004167,2026-06-05 19:07:51.615664,15.87,15.44,15.87,15.87,1017,74,2.61,328,100,0.0,Clouds,overcast clouds,18
Badacsonytomaj,46.804722,17.518056,2026-06-05 19:07:52.853842,16.26,15.77,16.26,16.26,1018,70,2.72,310,100,0.0,Clouds,overcast clouds,18
Badacsony,46.788611,17.506389,2026-06-05 19:07:54.085610,16.31,15.82,16.31,16.31,1018,70,2.76,309,100,0.0,Clouds,overcast clouds,18
Badacsonylábdihegy,46.793889,17.470833,2026-06-05 19:07:55.322997,16.31,15.82,16.31,16.31,1018,70,2.76,309,100,0.0,Clouds,overcast clouds,18
Badacsonytördemic-Szigliget,46.809722,17.469167,2026-06-05 19:07:56.556785,16.3,15.81,16.3,16.3,1018,70,2.75,310,100,0.0,Clouds,overcast clouds,18
Nemesgulács-Kisapáti,46.836944,17.476389,2026-06-05 19:07:57.786655,16.31,15.82,16.31,16.31,1018,70,2.75,313,100,0.0,Clouds,overcast clouds,18
Tapolca,46.877778,17.428611,2026-06-05 19:07:59.028510,16.21,15.77,16.21,16.21,1018,72,2.65,314,100,0.0,Clouds,overcast clouds,18
Uzsabánya alsó,46.898333,17.345278,2026-06-05 19:08:00.271968,15.11,14.61,15.11,15.11,1018,74,2.55,314,100,0.0,Clouds,overcast clouds,18
Uzsa,46.920278,17.331667,2026-06-05 19:08:01.508557,15.9,15.48,15.9,15.9,1018,74,2.59,318,100,0.0,Clouds,overcast clouds,18
Sümegi Bazaltbánya,46.9525,17.2925,2026-06-05 19:08:02.742755,15.92,15.53,15.92,15.92,1018,75,2.6,320,100,0.0,Clouds,overcast clouds,18
Sümeg,46.981111,17.270833,2026-06-05 19:08:03.968411,16.1,15.75,16.1,16.1,1018,76,2.63,318,100,0.0,Clouds,overcast clouds,18
Gógánfa,47.021111,17.207778,2026-06-05 19:08:05.200408,16.13,15.78,16.13,16.13,1018,76,2.66,319,100,0.0,Clouds,overcast clouds,18
Ukk,47.041944,17.195833,2026-06-05 19:08:06.434126,16.21,15.9,16.21,16.21,1018,77,2.64,316,100,0.0,Clouds,overcast clouds,18
Nemeskeresztúr,47.093611,17.183611,2026-06-05 19:08:07.666677,16.18,15.86,16.18,16.18,1018,77,2.51,315,99,0.0,Clouds,overcast clouds,18
Jánosháza,47.115833,17.171667,2026-06-05 19:08:08.896962,16.27,15.96,16.27,16.27,1018,77,2.43,315,98,0.0,Clouds,overcast clouds,18
Keszthely,46.758333,17.248056,2026-06-05 19:08:10.131826,16.09,15.74,16.09,16.09,1018,76,2.37,300,100,0.0,Clouds,overcast clouds,18
Alsógyenes,46.765844,17.276435,2026-06-05 19:08:11.359316,16.18,15.81,16.18,16.18,1018,75,2.44,302,100,0.0,Clouds,overcast clouds,18
Gyenesdiás,46.763333,17.292778,2026-06-05 19:08:12.595341,16.18,15.81,16.18,16.18,1018,75,2.44,302,100,0.0,Clouds,overcast clouds,18
Vonyarcvashegy,46.755278,17.318333,2026-06-05 19:08:13.822220,15.63,15.18,15.63,15.63,1018,74,2.5,303,100,0.0,Clouds,overcast clouds,18
Balatongyörök,46.751944,17.354444,2026-06-05 19:08:15.066150,16.23,15.81,16.23,16.23,1018,73,2.59,305,100,0.0,Clouds,overcast clouds,18
Becehegy,46.776111,17.372778,2026-06-05 19:08:16.294427,15.08,14.55,15.08,15.08,1018,73,2.56,305,100,0.0,Clouds,overcast clouds,18
Balatonederics,46.8025,17.385,2026-06-05 19:08:17.526247,15.03,14.49,15.03,15.03,1018,73,2.55,306,100,0.0,Clouds,overcast clouds,18
Dabronc,47.025766,17.167006,2026-06-05 19:08:18.762147,16.18,15.86,16.18,16.18,1018,77,2.67,316,100,0.0,Clouds,overcast clouds,18
Türje,46.994444,17.093611,2026-06-05 19:08:19.996719,16.17,15.88,16.17,16.17,1018,78,2.69,309,100,0.0,Clouds,overcast clouds,18
Zalabér-Batyk,46.983056,17.040833,2026-06-05 19:08:21.232381,16.29,16.01,16.29,16.29,1018,78,2.74,299,100,0.0,Clouds,overcast clouds,18
Pakod,46.959167,16.996667,2026-06-05 19:08:22.464708,16.21,15.95,16.21,16.21,1018,79,2.76,297,100,0.0,Clouds,overcast clouds,18
Pókaszepetk,46.924444,16.972222,2026-06-05 19:08:23.693637,16.26,16.0,16.26,16.26,1018,79,2.71,295,100,0.0,Clouds,overcast clouds,18
Kemendollár,46.905833,16.946667,2026-06-05 19:08:24.936230,15.99,15.71,15.99,15.99,1018,79,2.72,293,100,0.0,Clouds,overcast clouds,18
Zalaegerszeg,46.833056,16.848333,2026-06-05 19:08:26.169057,16.04,15.84,16.04,16.04,1018,82,2.36,283,100,0.16,Rain,light rain,18
Bocfölde,46.780278,16.853611,2026-06-05 19:08:27.397328,16.03,15.83,16.03,16.03,1018,82,2.22,285,100,0.54,Rain,light rain,18
Sárhida,46.755833,16.851389,2026-06-05 19:08:28.637286,15.23,14.98,15.23,15.23,1018,83,2.07,284,100,0.13,Rain,light rain,18
Bak,46.7325,16.849167,2026-06-05 19:08:29.881168,15.62,15.4,15.62,15.62,1018,83,1.99,285,100,0.0,Clouds,overcast clouds,18
Tófej,46.670833,16.801944,2026-06-05 19:08:31.107732,15.44,15.23,15.44,15.44,1018,84,1.8,288,100,0.0,Clouds,overcast clouds,18
Gutorfölde,46.646944,16.739722,2026-06-05 19:08:32.343315,15.71,15.56,15.71,15.71,1018,85,1.71,290,100,0.0,Clouds,overcast clouds,18
Csömödér-Páka,46.608056,16.641111,2026-06-05 19:08:33.578132,13.9,13.59,13.9,13.9,1018,86,1.81,297,100,0.0,Clouds,overcast clouds,18
Iklódbördőce,46.603056,16.604722,2026-06-05 19:08:34.820828,13.89,13.58,13.89,13.89,1018,86,1.96,298,100,0.0,Clouds,overcast clouds,18
Lenti,46.621389,16.528611,2026-06-05 19:08:36.050261,13.84,13.53,13.84,13.84,1018,86,2.08,297,100,0.0,Clouds,overcast clouds,18
Rédics,46.618056,16.471111,2026-06-05 19:08:37.286532,13.83,13.51,13.83,13.83,1018,86,2.16,298,100,0.0,Clouds,overcast clouds,18
Zalalövő,46.845556,16.576389,2026-06-05 19:08:38.517722,16.01,15.89,16.01,16.01,1018,85,2.18,275,100,0.0,Clouds,overcast clouds,18
Zalaegerszeg-Ola,46.849167,16.844722,2026-06-05 19:08:39.749206,16.04,15.84,16.04,16.04,1018,82,2.36,283,100,0.13,Rain,light rain,18
Andráshida,46.863116,16.7792,2026-06-05 19:08:40.985441,16.06,15.86,16.06,16.06,1018,82,2.42,280,100,0.0,Clouds,overcast clouds,18
Bagod,46.875,16.746111,2026-06-05 19:08:42.219833,16.18,16.02,16.18,16.18,1018,83,2.36,277,100,0.16,Rain,light rain,18
Zalaszentgyörgy,46.872222,16.7125,2026-06-05 19:08:43.454371,16.14,15.98,16.14,16.14,1018,83,2.33,276,100,0.0,Clouds,overcast clouds,18
Zalacséb-Salomvár,46.858056,16.662222,2026-06-05 19:08:44.689014,15.92,15.76,15.92,15.92,1018,84,2.31,275,100,0.0,Clouds,overcast clouds,18
Kópháza,47.631389,16.6375,2026-06-05 19:08:45.922559,14.55,14.12,12.99,14.55,1017,79,1.21,249,44,0.0,Clouds,scattered clouds,18
Nagycenk,47.601111,16.690278,2026-06-05 19:08:47.152228,14.66,14.24,13.1,14.66,1017,79,1.26,252,56,0.0,Clouds,broken clouds,18
Sopronkövesd,47.548333,16.748056,2026-06-05 19:08:48.381653,12.93,12.6,12.93,14.49,1017,89,1.4,261,78,0.0,Clouds,broken clouds,18
Lövő,47.509444,16.7775,2026-06-05 19:08:49.628934,12.97,12.65,12.97,14.53,1017,89,1.52,270,90,0.0,Clouds,overcast clouds,18
Újkér,47.457778,16.786667,2026-06-05 19:08:50.874708,12.99,12.67,12.99,12.99,1017,89,1.64,268,100,0.0,Clouds,overcast clouds,18
Bük,47.388611,16.752222,2026-06-05 19:08:52.112363,13.05,12.73,13.05,13.05,1018,89,1.91,258,100,0.0,Clouds,overcast clouds,18
Acsád,47.308333,16.734722,2026-06-05 19:08:53.347718,12.8,12.46,12.8,12.8,1018,89,2.27,259,100,0.0,Clouds,overcast clouds,18
Salköveskút-Vassurány,47.291389,16.704167,2026-06-05 19:08:54.584215,12.81,12.47,12.81,12.81,1018,89,2.37,259,100,0.0,Clouds,overcast clouds,18
Zalaszentiván,46.8875,16.909444,2026-06-05 19:08:55.817827,16.16,15.92,16.16,16.16,1018,80,2.62,288,100,0.12,Rain,light rain,18
Alsónemesapáti,46.854167,16.936389,2026-06-05 19:08:57.057040,16.17,15.93,16.17,16.17,1018,80,2.6,292,100,0.0,Clouds,overcast clouds,18
Józsa,47.600833,21.584444,2026-06-05 19:08:58.292693,20.45,20.3,20.45,20.45,1014,67,0.74,352,100,0.0,Clouds,overcast clouds,18
Hajdúszentgyörgy,47.608056,21.578333,2026-06-05 19:08:59.522341,20.45,20.3,20.45,20.45,1014,67,0.74,352,100,0.0,Clouds,overcast clouds,18
Zelemér,47.627778,21.578333,2026-06-05 19:09:00.755792,20.38,20.22,20.38,20.38,1014,67,0.93,2,100,0.0,Clouds,overcast clouds,18
Hajdúböszörmény,47.668056,21.524167,2026-06-05 19:09:01.989448,20.31,20.17,20.31,20.31,1014,68,1.43,18,100,0.0,Clouds,overcast clouds,18
Hajdúvid,47.749444,21.508056,2026-06-05 19:09:03.214119,20.39,20.26,20.39,20.39,1014,68,1.57,22,100,0.0,Clouds,overcast clouds,18
Hajdúdorog,47.805556,21.493056,2026-06-05 19:09:04.444018,20.38,20.25,20.38,20.38,1014,68,1.51,17,100,0.0,Clouds,overcast clouds,18
Hajdúnánás,47.831944,21.426667,2026-06-05 19:09:05.670087,20.41,20.28,20.41,20.41,1014,68,1.44,11,100,0.0,Clouds,overcast clouds,18
Hajdúnánás-Vásártér,47.843056,21.407222,2026-06-05 19:09:06.895364,20.41,20.28,20.41,20.41,1014,68,1.44,11,100,0.0,Clouds,overcast clouds,18
Tedej,47.903611,21.404444,2026-06-05 19:09:08.131055,22.1,22.14,22.1,22.1,1014,68,1.42,344,100,0.0,Clouds,overcast clouds,18
Tiszavasvári,47.945278,21.374722,2026-06-05 19:09:09.357852,22.1,21.96,22.1,22.1,1014,61,1.61,335,100,0.0,Clouds,overcast clouds,18
Egyházerdő,47.9725,21.365,2026-06-05 19:09:10.585333,22.12,21.98,22.12,22.12,1014,61,1.72,327,100,0.0,Clouds,overcast clouds,18
Tiszalök,48.013056,21.369167,2026-06-05 19:09:11.813632,22.09,21.95,22.09,22.09,1014,61,2.0,316,100,0.0,Clouds,overcast clouds,18
Hajnalos,47.998889,21.414167,2026-06-05 19:09:13.046353,22.1,21.96,22.1,22.1,1014,61,1.7,318,100,0.0,Clouds,overcast clouds,18
Kisfástanya,47.989167,21.47,2026-06-05 19:09:14.292418,22.07,21.93,22.07,22.07,1014,61,1.54,316,100,0.0,Clouds,overcast clouds,18
Tiszaeszlár,48.010556,21.491944,2026-06-05 19:09:15.530067,22.08,21.94,22.08,22.08,1014,61,1.49,307,100,0.0,Clouds,overcast clouds,18
Bashalom,48.026111,21.514722,2026-06-05 19:09:16.764065,22.05,21.9,22.05,22.05,1014,61,1.6,301,100,0.0,Clouds,overcast clouds,18
Sáránd,47.415556,21.625,2026-06-05 19:09:17.994686,21.07,20.93,21.07,21.07,1014,65,1.48,213,100,0.0,Clouds,overcast clouds,18
Derecske,47.365,21.584167,2026-06-05 19:09:19.224921,21.07,20.93,21.07,21.07,1014,65,1.69,211,100,0.0,Clouds,overcast clouds,18
Derecske-Vásártér,47.352222,21.58,2026-06-05 19:09:20.457848,21.07,20.93,21.07,21.07,1014,65,1.69,211,100,0.0,Clouds,overcast clouds,18
Konyár,47.323611,21.666111,2026-06-05 19:09:21.686018,21.14,21.03,21.14,21.14,1014,66,2.29,196,100,0.0,Clouds,overcast clouds,18
Konyári Sóstófürdő,47.324167,21.744444,2026-06-05 19:09:22.930614,21.04,20.95,21.04,21.04,1014,67,2.57,190,100,0.0,Clouds,overcast clouds,18
Pocsaj-Esztár,47.288333,21.793056,2026-06-05 19:09:24.168023,21.35,21.32,21.35,21.35,1014,68,2.59,186,100,0.0,Clouds,overcast clouds,18
Kismarja,47.243889,21.813889,2026-06-05 19:09:25.402490,21.35,21.32,21.35,21.35,1014,68,2.52,184,100,0.0,Clouds,overcast clouds,18
Nagykereki,47.191667,21.8,2026-06-05 19:09:26.636022,21.34,21.33,21.34,21.34,1014,69,2.42,183,100,0.0,Clouds,overcast clouds,18
Debrecen-Szabadságtelep,47.527778,21.658611,2026-06-05 19:09:27.863276,20.88,20.72,20.88,20.88,1014,65,0.82,229,100,0.0,Clouds,overcast clouds,18
Kondoroskert,47.525556,21.713889,2026-06-05 19:09:29.096015,21.08,20.94,21.08,21.08,1014,65,1.62,211,100,0.0,Clouds,overcast clouds,18
Nagycsere,47.523889,21.763056,2026-06-05 19:09:30.326075,21.11,20.97,21.11,21.11,1014,65,1.87,208,100,0.0,Clouds,overcast clouds,18
Haláp,47.521667,21.818333,2026-06-05 19:09:31.558283,21.08,20.97,21.08,21.08,1014,66,2.07,207,100,0.0,Clouds,overcast clouds,18
Vámospércs,47.518056,21.893889,2026-06-05 19:09:32.791632,20.94,20.84,20.94,20.94,1014,67,2.47,201,100,0.0,Clouds,overcast clouds,18
Szentannapuszta,47.52,21.965833,2026-06-05 19:09:34.027954,20.83,20.74,20.83,20.83,1014,68,2.58,199,100,0.0,Clouds,overcast clouds,18
Nyírábrány,47.523889,22.016944,2026-06-05 19:09:35.267418,20.75,20.68,20.75,20.75,1014,69,2.62,198,100,0.0,Clouds,overcast clouds,18
Dombostanya,47.602778,21.706389,2026-06-05 19:09:36.491502,20.75,20.6,20.75,20.75,1014,66,0.44,273,100,0.0,Clouds,overcast clouds,18
Hajdúsámson,47.608056,21.755278,2026-06-05 19:09:37.727402,20.92,20.79,20.92,20.92,1014,66,1.13,225,100,0.0,Clouds,overcast clouds,18
Tamásipuszta,47.632778,21.796111,2026-06-05 19:09:38.957901,20.83,20.69,20.83,20.83,1014,66,1.15,229,100,0.0,Clouds,overcast clouds,18
Aradványpuszta,47.662778,21.8425,2026-06-05 19:09:40.189086,20.8,20.69,20.8,20.8,1014,67,1.16,232,100,0.0,Clouds,overcast clouds,18
Nyíradony,47.699444,21.903333,2026-06-05 19:09:41.414856,20.7,20.6,20.7,20.7,1014,68,1.46,233,100,0.0,Clouds,overcast clouds,18
Nyírmihálydi,47.7375,21.958889,2026-06-05 19:09:42.654070,20.68,20.58,20.68,20.68,1014,68,1.49,235,100,0.0,Clouds,overcast clouds,18
Nyírgelse,47.750833,21.987778,2026-06-05 19:09:43.886641,20.64,20.54,20.64,20.64,1014,68,1.52,237,100,0.0,Clouds,overcast clouds,18
Nyírbogát,47.793056,22.066389,2026-06-05 19:09:45.114153,20.73,20.63,20.73,20.73,1014,68,1.64,233,100,0.0,Clouds,overcast clouds,18
Nagykálló,47.871111,21.825833,2026-06-05 19:09:46.343775,20.56,20.5,20.56,20.56,1014,70,1.04,337,100,0.0,Clouds,overcast clouds,18
Kállósemjén,47.854722,21.935,2026-06-05 19:09:47.589282,20.71,20.61,20.71,20.71,1014,68,0.96,300,100,0.0,Clouds,overcast clouds,18
Nyírbátor,47.8425,22.131111,2026-06-05 19:09:48.808095,20.71,20.61,20.71,20.71,1014,68,1.6,232,100,0.0,Clouds,overcast clouds,18
Nyírcsászári,47.865556,22.179167,2026-06-05 19:09:50.044475,20.75,20.68,20.75,20.75,1014,69,1.71,221,100,0.0,Clouds,overcast clouds,18
Hodász,47.896111,22.213611,2026-06-05 19:09:51.283758,20.69,20.62,20.69,20.69,1014,69,1.86,211,100,0.0,Clouds,overcast clouds,18
Nyírmeggyes,47.9225,22.256667,2026-06-05 19:09:52.516459,20.8,20.74,20.8,20.8,1014,69,1.8,206,100,0.0,Clouds,overcast clouds,18
Mátészalka,47.951389,22.313333,2026-06-05 19:09:53.748488,20.86,20.8,20.86,20.86,1014,69,1.87,202,100,0.0,Clouds,overcast clouds,18
Kocsord,47.941944,22.375833,2026-06-05 19:09:54.997912,20.89,20.89,20.89,20.89,1014,71,2.4,190,100,0.0,Clouds,overcast clouds,18
Kocsord alsó,47.946389,22.400556,2026-06-05 19:09:56.226004,20.89,20.89,20.89,20.89,1014,71,2.4,190,100,0.0,Clouds,overcast clouds,18
Győrtelek,47.936667,22.424722,2026-06-05 19:09:57.471961,20.88,20.88,20.88,20.88,1014,71,2.5,186,100,0.0,Clouds,overcast clouds,18
Győrtelek alsó,47.921111,22.443333,2026-06-05 19:09:58.705323,20.79,20.8,20.79,20.79,1014,72,2.6,184,100,0.0,Clouds,overcast clouds,18
Ököritófülpös,47.911389,22.495,2026-06-05 19:09:59.945923,20.76,20.77,20.76,20.76,1014,72,2.63,182,100,0.0,Clouds,overcast clouds,18
Porcsalma-Tyukod,47.868056,22.568333,2026-06-05 19:10:01.182185,22.28,22.47,22.28,22.28,1014,73,2.6,179,100,0.0,Clouds,overcast clouds,18
Csenger,47.826111,22.666389,2026-06-05 19:10:02.411999,22.27,22.46,22.27,22.27,1014,73,2.46,178,100,0.0,Clouds,overcast clouds,18
Kisfái,46.888303,19.807366,2026-06-05 19:10:03.645883,19.36,19.1,19.36,19.36,1015,67,4.06,300,100,0.0,Clouds,overcast clouds,18
Nyárlőrinci szőlők,46.8775,19.828333,2026-06-05 19:10:04.878340,19.36,18.97,19.36,19.36,1015,62,4.11,301,100,0.0,Clouds,overcast clouds,18
Nyárlőrinc alsó,46.863889,19.878889,2026-06-05 19:10:06.107204,19.38,18.99,19.38,19.38,1015,62,4.09,303,100,0.0,Clouds,overcast clouds,18
Tiszaug-Tiszahídfő,46.866106,20.052098,2026-06-05 19:10:07.332512,19.43,19.23,18.36,20.57,1015,69,4.01,310,100,0.0,Clouds,overcast clouds,18
Csongrádi úti tanyák,46.690278,19.921667,2026-06-05 19:10:08.561443,19.49,19.11,19.49,20.53,1015,62,4.74,308,100,0.0,Clouds,overcast clouds,18
Kettőshalom,46.689167,20.0225,2026-06-05 19:10:09.786835,19.52,19.15,19.52,20.56,1015,62,4.75,311,100,0.0,Clouds,overcast clouds,18
Csongrád alsó,46.711389,20.126389,2026-06-05 19:10:11.018111,20.56,20.29,19.52,20.56,1015,62,4.66,311,100,0.0,Clouds,overcast clouds,18
Dónát,46.66988,20.368168,2026-06-05 19:10:12.254000,20.58,20.31,20.58,20.58,1014,62,3.58,315,100,0.0,Clouds,overcast clouds,18
Pusztatemplom,46.676667,20.407222,2026-06-05 19:10:13.479706,20.57,20.3,20.57,20.57,1014,62,3.58,315,100,0.0,Clouds,overcast clouds,18
Előhát,47.364722,20.653611,2026-06-05 19:10:14.706555,19.44,19.24,19.44,19.44,1014,69,4.12,285,100,0.0,Clouds,overcast clouds,18
Polgárdi-Tekerespuszta,47.017778,18.297778,2026-06-05 19:10:15.939988,17.06,16.6,17.06,17.06,1017,68,4.5,333,100,0.0,Clouds,overcast clouds,18
Szatina-Kishajmás,46.202778,18.083611,2026-06-05 19:10:17.165753,15.57,15.19,15.57,15.57,1017,77,2.08,334,100,0.18,Rain,light rain,18
Márok,45.886944,18.499167,2026-06-05 19:10:18.397493,17.05,16.82,17.05,17.05,1016,77,1.34,319,100,0.24,Rain,light rain,18
Nagynyárád,45.953333,18.564722,2026-06-05 19:10:19.623494,17.12,16.9,17.12,17.12,1016,77,2.97,320,100,2.37,Rain,moderate rain,18
Szászvár,46.2875,18.369722222222222,2026-06-05 19:10:20.867898,16.22,15.75,16.22,16.22,1017,71,3.0,320,100,0.21,Rain,light rain,18
Cikó,46.263514,18.557605,2026-06-05 19:10:22.104539,16.75,16.31,16.75,16.75,1016,70,3.99,321,100,2.37,Rain,moderate rain,18
Gyöngyfa-Magyarmecske,45.983889,17.958889,2026-06-05 19:10:23.338056,15.65,15.46,15.65,15.65,1017,84,2.36,309,100,0.0,Clouds,overcast clouds,18
Nagyhát,47.581389,21.445,2026-06-05 19:10:24.571533,20.32,20.16,20.32,20.32,1014,67,0.83,353,100,0.0,Clouds,overcast clouds,18
Balmazújváros,47.613889,21.348056,2026-06-05 19:10:25.802431,20.34,20.18,20.34,20.34,1014,67,0.55,354,100,0.0,Clouds,overcast clouds,18
Kónya,47.600833,21.2375,2026-06-05 19:10:27.039938,20.23,20.08,20.23,20.23,1014,68,0.8,264,100,0.0,Clouds,overcast clouds,18
Hortobágy,47.586111,21.154722,2026-06-05 19:10:28.276659,20.09,19.98,20.09,20.09,1014,70,1.49,254,100,0.0,Clouds,overcast clouds,18
Hortobágyi Halastó,47.604167,21.074167,2026-06-05 19:10:29.507960,19.94,19.84,19.94,19.94,1014,71,1.94,255,100,0.0,Clouds,overcast clouds,18
Ohat-Pusztakócs,47.623333,20.951111,2026-06-05 19:10:30.734859,19.76,19.7,19.76,19.76,1014,73,2.45,255,100,0.0,Clouds,overcast clouds,18
Egyek,47.616944,20.883611,2026-06-05 19:10:31.970278,19.41,19.31,19.41,19.41,1014,73,2.93,260,100,0.0,Clouds,overcast clouds,18
Tiszafüred,47.627778,20.756111,2026-06-05 19:10:33.197343,19.41,19.34,19.41,19.41,1014,74,3.27,268,100,0.0,Clouds,overcast clouds,18
Poroszló,47.657778,20.654444,2026-06-05 19:10:34.430010,19.42,19.35,19.42,19.42,1014,74,3.6,281,100,0.0,Clouds,overcast clouds,18
Kétútköz,47.694167,20.565,2026-06-05 19:10:35.661345,19.39,19.29,19.39,19.39,1014,73,3.6,292,100,0.0,Clouds,overcast clouds,18
Egerfarmos,47.711667,20.5225,2026-06-05 19:10:36.893917,19.37,19.27,19.37,19.37,1014,73,3.65,296,100,0.0,Clouds,overcast clouds,18
Piliscsaba,47.638056,18.829722,2026-06-05 19:10:38.129223,13.91,13.6,13.14,14.2,1016,86,0.89,40,100,0.0,Clouds,overcast clouds,18
Pilisjászfalu,47.656111,18.797778,2026-06-05 19:10:39.361439,14.23,13.95,13.39,14.45,1016,86,2.92,310,100,0.0,Clouds,overcast clouds,18
Leányvár,47.687594,18.772553,2026-06-05 19:10:40.597759,14.49,14.24,13.56,14.49,1016,86,2.71,308,100,0.0,Clouds,overcast clouds,18
Dorog,47.723333,18.732778,2026-06-05 19:10:41.832054,14.71,14.38,14.71,14.71,1016,82,2.37,297,100,0.0,Clouds,overcast clouds,18
Esztergom-Kertváros,47.743333,18.719167,2026-06-05 19:10:43.067995,14.78,14.43,14.78,14.78,1016,81,2.35,293,100,0.0,Clouds,overcast clouds,18
Esztergom,47.7775,18.743611,2026-06-05 19:10:44.301136,14.84,14.49,14.84,14.84,1016,81,2.48,288,100,0.0,Clouds,overcast clouds,18
Dunaalmás,47.733056,18.326389,2026-06-05 19:10:45.529291,16.57,16.24,16.57,16.57,1017,75,3.07,296,100,0.0,Clouds,overcast clouds,18
Neszmély,47.734444,18.345278,2026-06-05 19:10:46.760467,16.57,16.24,16.57,16.57,1017,75,3.07,296,100,0.0,Clouds,overcast clouds,18
Süttő,47.761111,18.455,2026-06-05 19:10:47.992210,16.57,16.29,16.57,16.57,1017,77,2.52,283,100,0.0,Clouds,overcast clouds,18
Piszke,47.75307,18.478017,2026-06-05 19:10:49.227997,16.61,16.34,16.61,16.61,1017,77,2.43,281,100,0.0,Clouds,overcast clouds,18
Lábatlan,47.751944,18.513333,2026-06-05 19:10:50.453005,16.62,16.37,16.62,16.62,1017,78,2.36,280,100,0.0,Clouds,overcast clouds,18
Eternitgyár,47.755544,18.530014,2026-06-05 19:10:51.682492,16.62,16.37,16.62,16.62,1017,78,2.36,280,100,0.0,Clouds,overcast clouds,18
Nyergesújfalu felső,47.762222,18.540556,2026-06-05 19:10:52.917315,16.62,16.37,16.62,16.62,1017,78,2.36,280,100,0.0,Clouds,overcast clouds,18
Nyergesújfalu,47.761111,18.561667,2026-06-05 19:10:54.154379,16.59,16.37,16.59,16.59,1017,79,2.3,281,100,0.0,Clouds,overcast clouds,18
Tokod,47.735,18.675,2026-06-05 19:10:55.385060,14.8,14.45,14.8,14.8,1016,81,2.31,295,100,0.0,Clouds,overcast clouds,18
Környe,47.541667,18.330278,2026-06-05 19:10:56.621031,16.25,15.97,16.25,16.25,1017,78,3.86,306,100,0.0,Clouds,overcast clouds,18
Kecskéd alsó,47.519722,18.316667,2026-06-05 19:10:57.855469,16.23,15.95,16.23,16.23,1017,78,4.0,307,100,0.0,Clouds,overcast clouds,18
Oroszlány,47.486944,18.308611,2026-06-05 19:10:59.088648,16.13,15.84,16.13,16.13,1017,78,4.15,309,100,0.0,Clouds,overcast clouds,18
Győrszabadhegy,47.663056,17.648056,2026-06-05 19:11:00.318527,16.47,16.18,16.47,16.47,1017,77,2.75,297,100,0.0,Clouds,overcast clouds,18
Ménfőcsanak felső,47.638333,17.615,2026-06-05 19:11:01.561632,16.54,16.26,16.54,16.54,1017,77,2.61,299,100,0.0,Clouds,overcast clouds,18
Gyömöre-Tét,47.501672,17.559596,2026-06-05 19:11:02.793400,16.36,16.06,16.36,16.36,1018,77,2.07,314,99,0.0,Clouds,overcast clouds,18
Szerecseny,47.469167,17.5475,2026-06-05 19:11:04.027496,16.39,16.07,16.39,16.39,1018,76,1.99,317,98,0.0,Clouds,overcast clouds,18
Gecse-Gyarmat,47.456111,17.515,2026-06-05 19:11:05.254012,16.29,15.99,16.29,16.29,1018,77,2.03,318,99,0.0,Clouds,overcast clouds,18
Vaszar,47.4025,17.496389,2026-06-05 19:11:06.485741,16.37,16.07,16.37,16.37,1018,77,1.94,327,99,0.0,Clouds,overcast clouds,18
Pápa,47.340556,17.458889,2026-06-05 19:11:07.710428,16.34,16.04,16.34,16.34,1018,77,1.96,331,100,0.0,Clouds,overcast clouds,18
Mezőlak,47.324722,17.371389,2026-06-05 19:11:08.941688,16.4,16.13,16.4,16.4,1018,78,1.95,325,100,0.0,Clouds,overcast clouds,18
Mihályháza,47.318889,17.331667,2026-06-05 19:11:10.182541,16.38,16.11,16.38,16.38,1018,78,1.95,323,100,0.0,Clouds,overcast clouds,18
Vinár,47.306667,17.284722,2026-06-05 19:11:11.408323,16.43,16.17,16.43,16.43,1018,78,1.95,319,100,0.0,Clouds,overcast clouds,18
Külsővat,47.279167,17.219722,2026-06-05 19:11:12.640140,16.43,16.17,16.43,16.43,1018,78,2.02,310,100,0.0,Clouds,overcast clouds,18
Celldömölk,47.261389,17.151944,2026-06-05 19:11:13.870292,16.46,16.22,16.46,16.46,1018,79,2.07,304,100,0.0,Clouds,overcast clouds,18
Kemenesmihályfa,47.278056,17.111111,2026-06-05 19:11:15.093989,16.11,15.84,16.11,16.11,1018,79,2.06,301,100,0.0,Clouds,overcast clouds,18
Nagysimonyi,47.265556,17.058889,2026-06-05 19:11:16.333548,16.21,15.95,16.21,16.21,1018,79,2.1,294,100,0.0,Clouds,overcast clouds,18
Ostffyasszonyfa,47.283889,17.023889,2026-06-05 19:11:17.573282,16.31,16.06,16.31,16.31,1018,79,2.08,290,100,0.0,Clouds,overcast clouds,18
Sárvár,47.259167,16.928889,2026-06-05 19:11:18.805175,16.43,16.24,16.43,16.43,1018,81,2.22,272,100,0.0,Clouds,overcast clouds,18
Porpác,47.238611,16.8325,2026-06-05 19:11:20.041940,13.07,12.57,13.07,13.07,1018,82,2.39,265,99,0.0,Clouds,overcast clouds,18
Balatonföldvár,46.853889,17.881389,2026-06-05 19:11:21.267995,16.08,15.13,16.08,17.19,1017,53,1.79,315,100,0.0,Clouds,overcast clouds,18
Balatonszárszó,46.832222,17.830278,2026-06-05 19:11:22.498257,16.1,15.15,16.1,17.21,1017,53,2.54,319,100,0.0,Clouds,overcast clouds,18
Balatonszemes,46.811944,17.776389,2026-06-05 19:11:23.733447,16.08,15.13,16.08,17.19,1017,53,2.3,312,100,0.3,Rain,light rain,18
Balatonlelle felső,46.793889,17.7175,2026-06-05 19:11:24.973707,16.1,15.15,16.1,16.1,1018,53,2.32,308,100,1.1,Rain,moderate rain,18
Balatonlelle,46.7875,17.694167,2026-06-05 19:11:26.214712,16.06,15.47,16.06,16.06,1018,67,2.38,308,100,0.96,Rain,light rain,18
Fonyódliget,46.759167,17.592222,2026-06-05 19:11:27.446262,16.08,15.52,16.08,16.08,1018,68,2.57,308,100,0.0,Clouds,overcast clouds,18
Balatonboglár,46.776111,17.647222,2026-06-05 19:11:28.672955,16.08,15.52,16.08,16.08,1018,68,2.45,308,100,0.17,Rain,light rain,18
Balatonfenyves alsó,46.708611,17.455278,2026-06-05 19:11:29.910102,16.31,15.85,16.31,16.31,1018,71,2.84,311,100,0.0,Clouds,overcast clouds,18
Fonyód,46.750278,17.558889,2026-06-05 19:11:31.130039,16.38,15.88,16.38,16.38,1018,69,2.71,308,100,0.0,Clouds,overcast clouds,18
Bélatelep,46.737778,17.535,2026-06-05 19:11:32.373217,16.36,15.88,16.36,16.36,1018,70,2.79,309,100,0.0,Clouds,overcast clouds,18
Alsóbélatelep,46.724167,17.516389,2026-06-05 19:11:33.607512,16.36,15.88,16.36,16.36,1018,70,2.79,309,100,0.0,Clouds,overcast clouds,18
Balatonfenyves,46.713611,17.482778,2026-06-05 19:11:34.847240,16.29,15.83,16.29,16.29,1018,71,2.85,311,100,0.0,Clouds,overcast clouds,18
Máriahullámtelep,46.704722,17.435,2026-06-05 19:11:36.076496,16.31,15.85,16.31,16.31,1018,71,2.84,311,100,0.0,Clouds,overcast clouds,18
Balatonmáriafürdő,46.704167,17.374722,2026-06-05 19:11:37.308996,16.24,15.83,16.24,16.24,1018,73,2.68,308,100,0.0,Clouds,overcast clouds,18
Balatonberény,46.713889,17.316944,2026-06-05 19:11:38.538923,16.14,15.74,16.14,16.14,1018,74,2.62,307,100,0.0,Clouds,overcast clouds,18
Balatonszentgyörgy,46.692778,17.288889,2026-06-05 19:11:39.775268,16.17,15.8,16.17,16.17,1018,75,2.66,309,100,0.0,Clouds,overcast clouds,18
Vörs,46.663611,17.260278,2026-06-05 19:11:41.014557,16.12,15.77,16.12,16.12,1018,76,2.73,312,100,0.0,Clouds,overcast clouds,18
Zalaszentjakab,46.491667,17.135278,2026-06-05 19:11:42.245394,15.79,15.51,15.79,15.79,1018,80,3.36,327,100,0.0,Clouds,overcast clouds,18
Nagykanizsa,46.440833,16.986667,2026-06-05 19:11:43.481730,15.75,15.55,15.75,15.75,1018,83,2.96,325,100,0.0,Clouds,overcast clouds,18
Murakeresztúr,46.363889,16.876944,2026-06-05 19:11:44.702294,15.69,15.56,15.69,15.69,1018,86,2.79,320,100,0.0,Clouds,overcast clouds,18
Zalakomár,46.530278,17.188056,2026-06-05 19:11:45.935132,15.94,15.65,15.94,15.94,1018,79,3.36,326,100,0.0,Clouds,overcast clouds,18
Szárazrét,47.200833,18.381111,2026-06-05 19:11:47.163209,16.56,16.2,16.56,16.56,1017,74,5.16,328,100,0.0,Clouds,overcast clouds,18
Bodajk,47.318333,18.251944,2026-06-05 19:11:48.396143,16.31,15.98,16.31,16.31,1017,76,4.82,324,100,0.0,Clouds,overcast clouds,18
Csókakő,47.3275,18.240556,2026-06-05 19:11:49.635799,16.0,15.67,16.0,16.0,1017,77,4.74,322,100,0.0,Clouds,overcast clouds,18
Mór,47.369167,18.189167,2026-06-05 19:11:50.865254,16.05,15.72,16.05,16.05,1017,77,4.26,318,100,0.0,Clouds,overcast clouds,18
Bakonysárkány,47.443611,18.103611,2026-06-05 19:11:52.107133,15.7,15.34,15.7,15.7,1017,77,3.66,306,100,0.0,Clouds,overcast clouds,18
Kisbér,47.494167,18.024722,2026-06-05 19:11:53.343524,16.04,15.68,16.04,16.04,1017,76,3.18,295,100,0.0,Clouds,overcast clouds,18
Nagyigmánd-Bábolna,47.630556,18.050833,2026-06-05 19:11:54.571008,16.43,16.09,16.43,16.43,1017,75,3.4,293,100,0.0,Clouds,overcast clouds,18
Budapest-Déli,47.498889,19.025,2026-06-05 19:11:55.800149,14.41,14.1,13.78,15.54,1016,84,3.58,343,100,0.0,Clouds,overcast clouds,18
Budapest-Kelenföld,47.464444,19.02,2026-06-05 19:11:57.036108,14.57,14.28,13.89,15.64,1016,84,3.58,343,100,0.0,Clouds,overcast clouds,18
Budaörs,47.4475,18.965,2026-06-05 19:11:58.264985,14.47,14.17,13.8,15.55,1016,84,3.58,343,100,0.0,Clouds,overcast clouds,18
Biatorbágy,47.480278,18.834444,2026-06-05 19:11:59.522625,14.04,13.72,13.45,14.5,1016,85,4.5,313,100,0.0,Clouds,overcast clouds,18
Herceghalom,47.493611,18.746111,2026-06-05 19:12:00.778357,14.39,14.13,13.7,14.75,1016,86,4.43,315,100,0.0,Clouds,overcast clouds,18
Bicske,47.484167,18.6175,2026-06-05 19:12:02.009655,14.43,14.07,13.5,14.43,1016,82,4.49,313,100,0.0,Clouds,overcast clouds,18
Szár,47.485,18.5275,2026-06-05 19:12:03.248947,14.22,13.81,14.22,14.22,1016,81,4.4,311,100,0.0,Clouds,overcast clouds,18
Szárliget,47.518333,18.495833,2026-06-05 19:12:04.481735,15.9,15.63,15.9,15.9,1017,80,4.1,308,100,0.0,Clouds,overcast clouds,18
Alsógalla,47.563337,18.425102,2026-06-05 19:12:05.725826,16.31,16.06,16.31,16.31,1017,79,3.59,303,100,0.0,Clouds,overcast clouds,18
Tatabánya,47.585556,18.393056,2026-06-05 19:12:06.953415,16.38,16.11,16.38,16.38,1017,78,3.44,301,100,0.0,Clouds,overcast clouds,18
Vértesszőlős,47.619444,18.375278,2026-06-05 19:12:08.187602,16.42,16.13,16.42,16.42,1017,77,3.25,299,100,0.0,Clouds,overcast clouds,18
Tóvároskert,47.646111,18.348611,2026-06-05 19:12:09.418017,16.43,16.11,16.43,16.43,1017,76,3.22,298,100,0.0,Clouds,overcast clouds,18
Tata,47.665,18.3275,2026-06-05 19:12:10.647529,16.43,16.11,16.43,16.43,1017,76,3.12,297,100,0.0,Clouds,overcast clouds,18
Almásfüzitő,47.725278,18.262222,2026-06-05 19:12:11.895384,16.54,16.18,16.54,16.54,1017,74,3.39,300,100,0.0,Clouds,overcast clouds,18
Almásfüzitő felső,47.731389,18.216389,2026-06-05 19:12:13.127143,16.54,16.18,16.54,16.54,1017,74,3.61,302,100,0.0,Clouds,overcast clouds,18
Szőny,47.735556,18.1775,2026-06-05 19:12:14.361016,16.55,16.19,16.55,16.55,1017,74,3.67,302,100,0.0,Clouds,overcast clouds,18
Komárom,47.749444,18.113611,2026-06-05 19:12:15.598376,16.54,16.16,16.54,16.54,1017,73,3.82,302,100,0.0,Clouds,overcast clouds,18
Ács,47.717222,18.004444,2026-06-05 19:12:16.837092,16.45,16.08,16.45,16.45,1017,74,3.59,297,100,0.0,Clouds,overcast clouds,18
Nagyszentjános,47.705556,17.871389,2026-06-05 19:12:18.064377,16.46,16.09,16.46,16.46,1017,74,3.28,293,97,0.0,Clouds,overcast clouds,18
Győrszentiván,47.688611,17.745556,2026-06-05 19:12:19.295161,16.44,16.1,16.44,16.44,1017,75,2.98,293,99,0.0,Clouds,overcast clouds,18
Győr-Gyárváros,47.684444,17.663889,2026-06-05 19:12:20.525116,16.5,16.19,16.5,16.5,1017,76,2.8,295,100,0.0,Clouds,overcast clouds,18
Győr,47.681944,17.634722,2026-06-05 19:12:21.763341,16.47,16.18,16.47,16.47,1017,77,2.75,297,100,0.0,Clouds,overcast clouds,18
Öttevény,47.719722,17.489167,2026-06-05 19:12:22.997003,16.52,16.29,16.52,16.52,1017,79,2.67,302,100,0.0,Clouds,overcast clouds,18
Lébény-Mosonszentmiklós,47.755278,17.426389,2026-06-05 19:12:24.233610,16.52,16.32,16.52,16.52,1017,80,2.57,305,82,0.0,Clouds,broken clouds,18
Kimle-Károlyháza,47.803889,17.342778,2026-06-05 19:12:25.464192,16.54,16.34,16.54,16.54,1017,80,2.47,303,53,0.0,Clouds,broken clouds,18
Mosonmagyaróvár,47.849722,17.267222,2026-06-05 19:12:26.694192,15.04,14.66,15.04,16.16,1017,79,2.27,301,24,0.0,Clouds,few clouds,18
Levél,47.889722,17.1925,2026-06-05 19:12:27.920472,15.39,15.05,14.97,16.13,1017,79,2.11,300,12,0.0,Clouds,few clouds,18
Hegyeshalom,47.913889,17.145556,2026-06-05 19:12:29.161223,15.33,14.98,14.94,16.1,1017,79,2.01,300,7,0.0,Clear,clear sky,18
Óbuda,47.568611,19.033889,2026-06-05 19:12:30.392804,14.52,14.22,13.93,15.68,1016,84,3.58,343,100,0.0,Clouds,overcast clouds,18
Üröm,47.580556,19.002222,2026-06-05 19:12:31.619226,14.44,14.13,13.82,15.58,1016,84,3.58,343,100,0.0,Clouds,overcast clouds,18
Solymár,47.596111,18.95,2026-06-05 19:12:32.851626,14.32,14.03,13.64,14.69,1016,85,0.89,48,100,0.0,Clouds,overcast clouds,18
Pilisvörösvár,47.614444,18.902222,2026-06-05 19:12:34.083437,14.02,13.7,13.28,14.34,1016,85,0.89,48,100,0.0,Clouds,overcast clouds,18
Klotildliget,47.637778,18.846389,2026-06-05 19:12:35.310885,13.78,13.46,13.02,14.07,1016,86,0.89,48,100,0.0,Clouds,overcast clouds,18
Kútvölgy,46.459444,20.451944,2026-06-05 19:12:36.543968,20.57,20.59,20.57,20.57,1014,73,4.95,328,100,0.0,Clouds,overcast clouds,18
Székkutas,46.503889,20.541111,2026-06-05 19:12:37.781981,20.55,20.59,20.55,20.55,1014,74,4.81,326,100,0.0,Clouds,overcast clouds,18
Kaposszentjakab,46.358056,17.821944,2026-06-05 19:12:39.014472,15.59,15.24,15.59,15.59,1017,78,3.3,329,100,0.0,Clouds,overcast clouds,18
Kaposvár,46.352778,17.795,2026-06-05 19:12:40.250365,15.39,15.05,15.39,15.39,1017,79,3.4,329,100,0.0,Clouds,overcast clouds,18
Kaposújlak,46.366667,17.715,2026-06-05 19:12:41.493705,15.36,15.07,15.36,15.36,1017,81,3.55,331,100,0.0,Clouds,overcast clouds,18
Kaposmérő,46.365278,17.698889,2026-06-05 19:12:42.733286,15.28,14.98,15.28,15.28,1017,81,3.53,332,100,0.0,Clouds,overcast clouds,18
Kaposfő,46.364167,17.656667,2026-06-05 19:12:43.969769,15.23,14.95,15.23,15.23,1017,82,3.49,333,100,0.0,Clouds,overcast clouds,18
Kiskorpád,46.361389,17.606667,2026-06-05 19:12:45.204883,15.16,14.87,15.16,15.16,1017,82,3.43,333,100,0.0,Clouds,overcast clouds,18
Jákó-Nagybajom,46.344444,17.554444,2026-06-05 19:12:46.445501,15.17,14.91,15.17,15.17,1017,83,3.23,334,100,0.0,Clouds,overcast clouds,18
Kutas,46.326111,17.453889,2026-06-05 19:12:47.679229,15.42,15.18,15.42,15.42,1017,83,3.09,335,100,0.1,Rain,light rain,18
Beleg,46.316944,17.420556,2026-06-05 19:12:48.922721,15.49,15.26,15.49,15.49,1017,83,3.01,333,100,0.0,Clouds,overcast clouds,18
Ötvöskónyi,46.292778,17.358056,2026-06-05 19:12:50.153346,15.48,15.28,15.48,15.48,1018,84,2.96,331,100,0.0,Clouds,overcast clouds,18
Somogyszob,46.289167,17.305556,2026-06-05 19:12:51.383798,15.45,15.24,15.45,15.45,1018,84,2.99,330,100,0.15,Rain,light rain,18
Bolhás,46.282222,17.275278,2026-06-05 19:12:52.621254,15.44,15.21,15.44,15.44,1018,83,3.04,330,100,0.23,Rain,light rain,18
Szenta,46.274167,17.182222,2026-06-05 19:12:53.869753,15.45,15.24,15.45,15.45,1018,84,3.08,330,100,0.0,Clouds,overcast clouds,18
Zrínyitelep,46.275278,17.138056,2026-06-05 19:12:55.101780,15.42,15.21,15.42,15.42,1018,84,3.1,330,100,0.0,Clouds,overcast clouds,18
Csurgó,46.261111,17.091667,2026-06-05 19:12:56.343920,15.5,15.32,15.5,15.5,1018,85,3.06,330,100,0.0,Clouds,overcast clouds,18
Gyékényes,46.249167,16.956389,2026-06-05 19:12:57.576205,15.29,15.15,15.29,15.29,1018,87,3.07,328,100,0.0,Clouds,overcast clouds,18
Adony,47.106111,18.847778,2026-06-05 19:12:58.806402,17.23,16.91,17.23,17.23,1016,73,5.79,313,100,0.41,Rain,light rain,18
Kulcs,47.051111,18.8975,2026-06-05 19:13:00.043401,17.02,16.68,17.02,17.02,1016,73,5.79,312,100,0.0,Clouds,overcast clouds,18
Rácalmás,47.023333,18.908889,2026-06-05 19:13:01.270699,16.94,16.6,16.94,16.94,1016,73,5.77,313,100,0.0,Clouds,overcast clouds,18
Dunaújváros,46.960556,18.913889,2026-06-05 19:13:02.504438,16.93,16.56,16.93,16.93,1016,72,5.69,315,100,0.0,Clouds,overcast clouds,18
Újvenyim,46.936944,18.868889,2026-06-05 19:13:03.741829,16.94,16.57,16.94,16.94,1016,72,5.69,317,100,0.0,Clouds,overcast clouds,18
Mezőfalva,46.905556,18.810278,2026-06-05 19:13:04.977838,16.82,16.41,16.82,16.82,1016,71,5.65,319,100,0.54,Rain,light rain,18
Nagykarácsony felső,46.866047,18.783064,2026-06-05 19:13:06.210875,16.91,16.48,16.91,16.91,1016,70,5.62,321,100,0.69,Rain,light rain,18
Nagykarácsony,46.848729,18.765722,2026-06-05 19:13:07.444871,16.68,16.23,16.68,16.68,1016,70,5.58,322,100,0.13,Rain,light rain,18
Alap,46.831944,18.657778,2026-06-05 19:13:08.674112,16.82,16.36,16.82,16.82,1016,69,5.4,325,100,0.0,Clouds,overcast clouds,18
Cece,46.773333,18.623333,2026-06-05 19:13:09.910052,16.81,16.35,16.81,16.81,1016,69,5.3,325,100,0.23,Rain,light rain,18
Vajta,46.713611,18.648056,2026-06-05 19:13:11.142450,16.84,16.38,16.84,16.84,1016,69,5.2,323,100,0.99,Rain,light rain,18
Rétszilas alsó,46.829167,18.639444,2026-06-05 19:13:12.376224,16.82,16.36,16.82,16.82,1016,69,5.4,325,100,0.0,Clouds,overcast clouds,18
Nagydorog,46.615485,18.65002,2026-06-05 19:13:13.602268,16.89,16.41,16.89,16.89,1016,68,4.87,321,100,1.63,Rain,moderate rain,18
Tengelic,46.516111,18.695278,2026-06-05 19:13:14.832937,16.93,16.43,16.93,16.93,1016,67,4.5,319,100,3.1,Rain,moderate rain,18
Fácánkert,46.449041,18.735661,2026-06-05 19:13:16.062501,17.08,16.59,17.08,17.08,1016,67,4.34,318,100,2.51,Rain,moderate rain,18
Tolna-Mözs,46.416389,18.750556,2026-06-05 19:13:17.295051,17.16,16.68,17.16,17.16,1016,67,4.22,319,100,2.9,Rain,moderate rain,18
Szekszárd-Palánk,46.38027777777778,18.72833333333333,2026-06-05 19:13:18.527772,17.17,16.69,17.17,17.17,1016,67,4.29,318,100,2.88,Rain,moderate rain,18
Szekszárd,46.349444,18.7125,2026-06-05 19:13:19.758487,17.15,16.7,17.15,17.15,1016,68,4.28,319,100,2.33,Rain,moderate rain,18
Őcsény,46.318889,18.7425,2026-06-05 19:13:20.994840,17.15,16.72,17.15,17.15,1016,69,4.2,320,100,4.13,Rain,heavy intensity rain,18
Decs,46.283889,18.756111,2026-06-05 19:13:22.229001,17.13,16.7,17.13,17.13,1016,69,4.2,321,100,5.12,Rain,heavy intensity rain,18
Csikóstőttős,46.337222,18.152778,2026-06-05 19:13:23.457054,16.34,15.91,16.34,16.34,1017,72,2.26,325,100,0.99,Rain,light rain,18
Mágocs-Alsómocsolád,46.31027777777778,18.222222222222225,2026-06-05 19:13:24.692031,15.83,15.35,15.83,15.83,1017,72,2.28,323,100,0.65,Rain,light rain,18
Szalatnak,46.284444444444446,18.288611111111113,2026-06-05 19:13:25.926186,16.16,15.69,16.16,16.16,1017,71,2.59,321,100,0.12,Rain,light rain,18
Máza-Szászvár,46.279167,18.411389,2026-06-05 19:13:27.160269,16.35,15.89,16.35,16.35,1017,71,3.21,320,100,0.36,Rain,light rain,18
Váralja,46.281667,18.436111,2026-06-05 19:13:28.385525,16.54,16.08,16.54,16.54,1016,70,3.62,321,100,0.49,Rain,light rain,18
Nagymányok,46.280278,18.459167,2026-06-05 19:13:29.616294,16.54,16.08,16.54,16.54,1016,70,3.62,321,100,0.68,Rain,light rain,18
Hidas-Bonyhád,46.269444,18.523333,2026-06-05 19:13:30.842910,16.58,16.12,16.58,16.58,1016,70,3.94,321,100,1.64,Rain,moderate rain,18
Mőcsény,46.2575,18.591944,2026-06-05 19:13:32.083198,16.43,15.96,16.43,16.43,1016,70,4.14,321,100,2.82,Rain,moderate rain,18
Bátaszék,46.202222,18.715556,2026-06-05 19:13:33.318973,17.01,16.62,17.01,17.01,1016,71,4.08,323,100,5.62,Rain,heavy intensity rain,18
Pörböly,46.199167,18.826389,2026-06-05 19:13:34.554934,16.97,16.6,16.97,16.97,1016,72,4.16,322,100,1.84,Rain,moderate rain,18
Orosháza,46.566111,20.664722,2026-06-05 19:13:35.795342,19.85,19.87,19.85,19.85,1014,76,4.38,319,100,0.0,Clouds,overcast clouds,18
Orosházi tanyák,46.596944,20.760556,2026-06-05 19:13:37.025441,19.41,19.42,19.41,19.41,1014,77,3.65,310,100,0.0,Clouds,overcast clouds,18
Csorvás,46.623611,20.840833,2026-06-05 19:13:38.261712,19.39,19.42,19.39,19.39,1014,78,3.1,305,100,0.0,Clouds,overcast clouds,18
Csorvás alsó,46.634722,20.888333,2026-06-05 19:13:39.500014,19.41,19.31,19.41,19.41,1014,73,2.75,301,100,0.0,Clouds,overcast clouds,18
Telekgerendás,46.656111,20.963889,2026-06-05 19:13:40.737930,19.41,19.31,19.41,19.41,1014,73,1.77,283,100,0.0,Clouds,overcast clouds,18
Fürjes,46.67214,21.02306,2026-06-05 19:13:41.970316,19.41,19.31,19.41,19.41,1014,73,1.34,262,100,0.0,Clouds,overcast clouds,18
Fényes,46.659876,21.16618,2026-06-05 19:13:43.218642,19.44,19.35,19.44,19.44,1014,73,0.8,187,100,0.0,Clouds,overcast clouds,18
Bicere,46.66,21.179444,2026-06-05 19:13:44.446366,19.43,19.33,19.43,19.43,1014,73,0.83,171,100,0.0,Clouds,overcast clouds,18
Gyula,46.656389,21.273333,2026-06-05 19:13:45.676106,19.42,19.32,19.42,19.42,1014,73,0.88,146,100,0.0,Clouds,overcast clouds,18
József Szanatórium,46.704722,21.3325,2026-06-05 19:13:46.905377,19.41,19.31,19.41,19.41,1014,73,1.0,157,100,0.0,Clouds,overcast clouds,18
Sarkadi Cukorgyár,46.73,21.383611,2026-06-05 19:13:48.137505,19.42,19.32,19.42,19.42,1014,73,0.98,163,100,0.0,Clouds,overcast clouds,18
Sarkad,46.736944,21.402222,2026-06-05 19:13:49.363995,19.41,19.31,19.41,19.41,1014,73,0.86,165,100,0.0,Clouds,overcast clouds,18
Kötegyán,46.758333,21.479722,2026-06-05 19:13:50.592917,19.41,19.29,19.41,19.41,1014,72,0.76,177,100,0.0,Clouds,overcast clouds,18
Méhkerék,46.774444,21.455556,2026-06-05 19:13:51.820884,19.41,19.29,19.41,19.41,1014,72,1.1,176,100,0.0,Clouds,overcast clouds,18
Sarkadkeresztúr,46.823611,21.4175,2026-06-05 19:13:53.047052,19.43,19.31,19.43,19.43,1014,72,1.39,178,100,0.0,Clouds,overcast clouds,18
Okány,46.8925,21.339167,2026-06-05 19:13:54.279520,19.43,19.28,19.43,19.43,1014,71,1.8,195,100,0.0,Clouds,overcast clouds,18
Újszeged,46.242222,20.16,2026-06-05 19:13:55.507080,18.97,18.7,18.97,18.97,1015,68,5.67,328,100,0.0,Clouds,overcast clouds,18
Szőreg,46.211389,20.183056,2026-06-05 19:13:56.733069,18.96,18.71,18.96,18.96,1014,69,5.55,331,100,0.0,Clouds,overcast clouds,18
Deszk,46.210278,20.246389,2026-06-05 19:13:57.963033,18.97,18.78,18.97,18.97,1014,71,5.35,334,100,0.0,Clouds,overcast clouds,18
Kiszombor,46.191944,20.413056,2026-06-05 19:13:59.191643,20.15,20.18,20.15,20.15,1014,75,5.21,339,100,0.0,Clouds,overcast clouds,18
Kiszombor megálló,46.191111,20.430833,2026-06-05 19:14:00.418711,20.15,20.18,20.15,20.15,1014,75,5.21,339,100,0.0,Clouds,overcast clouds,18
Makó,46.204722,20.474722,2026-06-05 19:14:01.645650,20.16,20.19,20.16,20.16,1014,75,5.13,339,100,0.0,Clouds,overcast clouds,18
Apátfalva,46.175193,20.580611,2026-06-05 19:14:02.888087,20.39,20.52,20.39,20.39,1014,78,4.46,336,100,0.0,Clouds,overcast clouds,18
Magyarcsanád,46.174444,20.610278,2026-06-05 19:14:04.115991,20.45,20.59,20.45,20.45,1014,78,4.16,333,100,0.0,Clouds,overcast clouds,18
Nagylak,46.17,20.708333,2026-06-05 19:14:05.351999,20.64,20.82,20.64,20.64,1014,79,2.75,320,100,0.0,Clouds,overcast clouds,18
Nagylaki Kendergyár,46.189167,20.717222,2026-06-05 19:14:06.580749,20.59,20.79,20.59,20.59,1014,80,2.87,322,100,0.0,Clouds,overcast clouds,18
Csanádpalota,46.236111,20.7325,2026-06-05 19:14:07.812528,20.54,20.74,20.54,20.54,1014,80,2.99,323,100,0.0,Clouds,overcast clouds,18
Mezőhegyes,46.310833,20.815556,2026-06-05 19:14:09.047499,20.47,20.69,20.47,20.47,1014,81,2.55,320,100,0.0,Clouds,overcast clouds,18
Végegyháza,46.384444,20.878611,2026-06-05 19:14:10.284824,20.46,20.68,20.46,20.46,1014,81,2.03,312,100,0.0,Clouds,overcast clouds,18
Mezőkovácsháza,46.408333,20.9,2026-06-05 19:14:11.515238,20.42,20.61,20.42,20.42,1014,80,2.14,310,100,0.0,Clouds,overcast clouds,18
Mezőkovácsháza felső,46.415556,20.918056,2026-06-05 19:14:12.754989,20.51,20.71,20.51,20.51,1014,80,1.26,305,100,0.0,Clouds,overcast clouds,18
Magyarbánhegyes,46.451389,20.97,2026-06-05 19:14:13.988505,19.38,19.44,19.38,19.38,1014,79,0.98,300,100,0.0,Clouds,overcast clouds,18
Medgyesegyháza,46.495278,21.029167,2026-06-05 19:14:15.224242,19.36,19.39,19.36,19.36,1014,78,0.51,280,100,0.0,Clouds,overcast clouds,18
Bánkút,46.505278,21.091944,2026-06-05 19:14:16.449344,19.38,19.28,19.38,19.38,1014,73,0.12,171,100,0.0,Clouds,overcast clouds,18
Belsőperegpuszta,46.321111,20.916667,2026-06-05 19:14:17.680552,20.62,20.83,20.62,20.62,1014,80,0.81,315,100,0.0,Clouds,overcast clouds,18
Battonya,46.282222,21.003889,2026-06-05 19:14:18.914146,21.15,21.41,21.15,21.15,1014,80,0.11,10,100,0.0,Clouds,overcast clouds,18
Baja-Dunafürdő,46.193333,18.919167,2026-06-05 19:14:20.149106,16.95,16.61,16.95,16.95,1016,73,4.25,324,100,0.14,Rain,light rain,18
Kaposszekcső,46.330556,18.143056,2026-06-05 19:14:21.376651,16.34,15.91,16.34,16.34,1017,72,2.26,325,100,2.3,Rain,moderate rain,18
Vásárosdombó,46.310556,18.138889,2026-06-05 19:14:22.612181,16.21,15.79,16.21,16.21,1017,73,2.16,326,100,2.73,Rain,moderate rain,18
Sásd,46.257222,18.104722,2026-06-05 19:14:23.842708,16.02,15.61,16.02,16.02,1017,74,2.02,330,100,1.43,Rain,moderate rain,18
Godisa,46.223333,18.104722,2026-06-05 19:14:25.076385,15.74,15.33,15.74,15.74,1017,75,1.96,331,100,0.37,Rain,light rain,18
Abaliget,46.152778,18.073611,2026-06-05 19:14:26.311030,15.38,15.01,15.38,15.38,1017,78,2.04,332,100,0.0,Clouds,overcast clouds,18
Hetvehely,46.128333,18.045,2026-06-05 19:14:27.544450,15.48,15.15,15.48,15.48,1017,79,2.15,331,100,0.0,Clouds,overcast clouds,18
Bükkösd,46.113056,17.999444,2026-06-05 19:14:28.777215,15.34,15.02,15.34,15.34,1017,80,2.27,332,100,0.0,Clouds,overcast clouds,18
Cserdi-Helesfa,46.086667,17.987778,2026-06-05 19:14:30.003879,15.34,15.04,15.34,15.34,1017,81,2.26,329,100,0.0,Clouds,overcast clouds,18
Szentlőrinc,46.033333,17.990833,2026-06-05 19:14:31.232694,15.7,15.47,15.7,15.7,1017,82,2.26,320,100,0.0,Clouds,overcast clouds,18
Bicsérd,46.041389,18.057778,2026-06-05 19:14:32.464393,15.6,15.36,15.6,15.6,1017,82,2.12,317,100,0.0,Clouds,overcast clouds,18
Mecsekalja-Cserkút,46.059722,18.150278,2026-06-05 19:14:33.702361,15.1,14.75,15.1,15.1,1017,80,1.92,317,100,0.0,Clouds,overcast clouds,18
Pécs,46.065833,18.223611,2026-06-05 19:14:34.942421,17.04,16.89,17.04,17.04,1017,80,1.92,315,100,0.0,Clouds,overcast clouds,18
Pécs-Külváros,46.071667,18.24,2026-06-05 19:14:36.170251,17.02,16.87,17.02,17.02,1017,80,1.92,315,100,0.0,Clouds,overcast clouds,18
Pécsbánya-Rendező,46.063333,18.270278,2026-06-05 19:14:37.397411,16.86,16.66,16.86,16.86,1017,79,2.01,315,100,0.0,Clouds,overcast clouds,18
Pécsudvard,46.01,18.275556,2026-06-05 19:14:38.626428,16.79,16.64,16.79,16.79,1017,81,2.12,308,100,0.0,Clouds,overcast clouds,18
Szőkéd,45.9675,18.29,2026-06-05 19:14:39.856055,16.97,16.73,16.97,16.97,1016,77,2.37,300,100,0.0,Clouds,overcast clouds,18
Áta,45.936389,18.306944,2026-06-05 19:14:41.089992,17.08,16.85,17.08,17.08,1016,77,2.54,296,100,0.0,Clouds,overcast clouds,18
Kistótfalu,45.909722,18.315278,2026-06-05 19:14:42.322906,17.12,16.9,17.12,17.12,1016,77,2.73,293,100,0.0,Clouds,overcast clouds,18
Vokány,45.899722,18.334722,2026-06-05 19:14:43.554487,17.08,16.85,17.08,17.08,1016,77,2.72,295,100,0.0,Clouds,overcast clouds,18
Palkonya,45.891667,18.393889,2026-06-05 19:14:44.787940,17.1,16.88,17.1,17.1,1016,77,1.34,319,100,0.0,Clouds,overcast clouds,18
Villánykövesd,45.879722,18.425833,2026-06-05 19:14:46.027727,17.06,16.83,17.06,17.06,1016,77,1.34,319,100,0.0,Clouds,overcast clouds,18
Villány,45.8775,18.451389,2026-06-05 19:14:47.260404,17.19,16.98,17.19,17.19,1016,77,1.34,319,100,0.0,Clouds,overcast clouds,18
Magyarbóly,45.834167,18.491944,2026-06-05 19:14:48.489942,17.24,17.03,17.24,17.24,1016,77,1.34,319,100,0.0,Clouds,overcast clouds,18
Magyarszék,46.210278,18.188056,2026-06-05 19:14:49.718021,15.77,15.36,15.77,15.77,1017,75,1.89,326,100,0.1,Rain,light rain,18
Mecsekpölöske,46.224167,18.213056,2026-06-05 19:14:50.950716,15.57,15.11,15.57,15.57,1017,74,2.01,324,100,0.12,Rain,light rain,18
Mecsekjánosi,46.215278,18.241944,2026-06-05 19:14:52.176084,15.59,15.11,15.59,15.59,1017,73,2.23,322,100,0.0,Clouds,overcast clouds,18
Komló,46.189167,18.265278,2026-06-05 19:14:53.401727,15.76,15.32,15.76,15.76,1017,74,2.15,322,100,0.0,Clouds,overcast clouds,18
Királyegyháza-Rigópuszta,45.989167,17.971667,2026-06-05 19:14:54.633976,15.63,15.44,15.63,15.63,1017,84,2.33,308,100,0.0,Clouds,overcast clouds,18
Sumony,45.960833,17.913333,2026-06-05 19:14:55.867339,15.58,15.41,15.58,15.58,1017,85,2.4,303,100,0.0,Clouds,overcast clouds,18
Okorág-Kárászpuszta,45.933611,17.864444,2026-06-05 19:14:57.101413,15.5,15.38,15.5,15.5,1017,87,2.41,297,100,0.0,Clouds,overcast clouds,18
Kákics,45.904167,17.8525,2026-06-05 19:14:58.340228,15.36,15.25,15.36,15.36,1017,88,2.4,289,100,0.37,Rain,light rain,18
Bóly,45.9375,18.538333,2026-06-05 19:14:59.567283,17.01,16.78,17.01,17.01,1016,77,1.34,319,100,0.87,Rain,light rain,18
Mohács,46.0025,18.683333,2026-06-05 19:15:00.794292,17.28,17.07,17.28,17.28,1016,77,3.61,326,100,5.62,Rain,heavy intensity rain,18
Sellye,45.873333,17.858889,2026-06-05 19:15:02.020639,15.31,15.19,15.31,15.31,1017,88,2.52,283,100,2.37,Rain,moderate rain,18
Toponár,46.398333,17.840833,2026-06-05 19:15:03.246499,15.53,15.18,15.53,15.53,1017,78,3.35,327,100,0.0,Clouds,overcast clouds,18
Somogyaszaló,46.453611,17.840278,2026-06-05 19:15:04.487361,15.5,15.09,15.5,15.5,1017,76,3.39,324,100,0.0,Clouds,overcast clouds,18
Mernye,46.509444,17.832222,2026-06-05 19:15:05.716033,15.74,15.3,15.74,15.74,1017,74,3.29,318,100,0.0,Clouds,overcast clouds,18
Felsőmocsolád,46.556389,17.8225,2026-06-05 19:15:06.950989,15.65,15.18,15.65,15.65,1017,73,3.2,316,100,0.0,Clouds,overcast clouds,18
Kisbárapáti,46.615,17.866667,2026-06-05 19:15:08.186369,15.67,15.12,15.67,15.67,1017,70,2.84,313,100,0.0,Clouds,overcast clouds,18
Bonnya,46.611389,17.909167,2026-06-05 19:15:09.418437,15.96,15.44,15.96,15.96,1017,70,2.94,313,100,0.0,Clouds,overcast clouds,18
Andocs,46.646944,17.8925,2026-06-05 19:15:10.653414,15.48,14.89,15.48,15.48,1017,69,2.73,313,100,0.0,Clouds,overcast clouds,18
Karád,46.681111,17.874722,2026-06-05 19:15:11.885638,15.8,15.21,15.8,15.8,1017,68,2.64,313,100,0.0,Clouds,overcast clouds,18
Somogymeggyes,46.720556,17.920556,2026-06-05 19:15:13.114427,15.38,14.72,15.38,16.49,1017,67,2.63,317,100,0.0,Clouds,overcast clouds,18
Kapoly,46.713611,17.977778,2026-06-05 19:15:14.347426,15.66,15.03,15.66,16.77,1017,67,2.98,320,100,0.0,Clouds,overcast clouds,18
Tab,46.734167,18.041111,2026-06-05 19:15:15.582395,16.93,16.43,15.82,16.93,1017,67,3.14,324,100,0.0,Clouds,overcast clouds,18
Bábonymegyer,46.746095,18.109921,2026-06-05 19:15:16.815369,17.04,16.52,15.93,17.04,1017,66,3.48,327,100,0.0,Clouds,overcast clouds,18
Daránypuszta,46.764722,18.143889,2026-06-05 19:15:18.051745,17.06,16.54,15.95,17.06,1017,66,3.68,329,100,0.0,Clouds,overcast clouds,18
Som-Nagyberény,46.803056,18.149444,2026-06-05 19:15:19.290453,17.05,16.53,15.94,17.05,1017,66,3.85,331,100,0.0,Clouds,overcast clouds,18
Ádánd,46.854444,18.141667,2026-06-05 19:15:20.517541,17.17,16.67,16.06,17.17,1017,66,4.05,333,100,0.0,Clouds,overcast clouds,18
Siójut,46.879444,18.126667,2026-06-05 19:15:21.744040,17.16,16.65,16.05,17.16,1017,66,4.15,333,100,0.0,Clouds,overcast clouds,18
Kapostüskevár,46.367778,17.774167,2026-06-05 19:15:22.977456,15.51,15.21,15.51,15.51,1017,80,3.49,330,100,0.0,Clouds,overcast clouds,18
Kaposfüred,46.415,17.759444,2026-06-05 19:15:24.213483,15.45,15.09,15.45,15.45,1017,78,3.57,327,100,0.0,Clouds,overcast clouds,18
Várda,46.4625,17.721667,2026-06-05 19:15:25.446365,15.39,15.0,15.39,15.39,1017,77,3.61,327,100,0.13,Rain,light rain,18
Somogyjád,46.490833,17.694444,2026-06-05 19:15:26.676993,15.57,15.17,15.57,15.57,1017,76,3.54,326,100,0.0,Clouds,overcast clouds,18
Osztopán,46.515556,17.656944,2026-06-05 19:15:27.908971,15.63,15.21,15.63,15.63,1018,75,3.44,326,100,0.0,Clouds,overcast clouds,18
Pamuk,46.553127,17.636412,2026-06-05 19:15:29.140212,15.84,15.41,15.84,15.84,1018,74,3.34,324,100,0.0,Clouds,overcast clouds,18
Somogyvár,46.580556,17.634722,2026-06-05 19:15:30.372468,15.93,15.48,15.93,15.93,1018,73,3.21,322,100,0.0,Clouds,overcast clouds,18
Öreglak,46.608607,17.632733,2026-06-05 19:15:31.612868,16.0,15.54,16.0,16.0,1018,72,3.09,319,100,0.0,Clouds,overcast clouds,18
Tatárvár,46.636667,17.621111,2026-06-05 19:15:32.838835,15.96,15.47,15.96,15.96,1018,71,2.98,317,100,0.0,Clouds,overcast clouds,18
Lengyeltóti,46.660556,17.613611,2026-06-05 19:15:34.073027,16.12,15.62,16.12,16.12,1018,70,2.86,315,100,0.0,Clouds,overcast clouds,18
Pusztaberény,46.686111,17.594722,2026-06-05 19:15:35.311261,16.3,15.81,16.3,16.3,1018,70,2.77,312,100,0.0,Clouds,overcast clouds,18
Örkény,47.132778,19.447222,2026-06-05 19:15:36.544148,17.94,17.64,17.94,17.94,1015,71,3.63,296,100,1.3,Rain,moderate rain,18
Táborfalva,47.098545,19.479318,2026-06-05 19:15:37.782176,19.37,19.19,19.37,19.37,1015,70,3.61,298,100,0.84,Rain,light rain,18
Felsőlajos,47.068834,19.498415,2026-06-05 19:15:39.015229,19.36,19.18,19.36,19.36,1015,70,3.69,299,100,0.62,Rain,light rain,18
Lajosmizse,47.028333,19.542778,2026-06-05 19:15:40.242338,19.33,19.15,19.33,19.33,1015,70,3.78,302,100,0.15,Rain,light rain,18
Lajosmizse alsó,47.0225,19.550278,2026-06-05 19:15:41.483199,19.34,19.16,19.34,19.34,1015,70,3.78,302,100,0.0,Clouds,overcast clouds,18
Klábertelep,47.005556,19.551667,2026-06-05 19:15:42.717683,19.34,19.16,19.34,19.34,1015,70,3.8,301,100,0.0,Clouds,overcast clouds,18
Méntelek,46.978611,19.570833,2026-06-05 19:15:43.950334,19.38,19.2,19.38,19.38,1015,70,3.85,302,100,0.0,Clouds,overcast clouds,18
Hetényegyháza,46.930833,19.595,2026-06-05 19:15:45.200044,19.41,19.23,19.41,19.41,1015,70,2.24,267,100,0.0,Clouds,overcast clouds,18
Kecskemét-Máriaváros,46.901192,19.675913,2026-06-05 19:15:46.425369,19.45,19.28,19.3,19.45,1015,70,2.24,267,100,0.0,Clouds,overcast clouds,18
Nyársapát,47.100278,19.7925,2026-06-05 19:15:47.655638,19.14,18.91,17.72,19.48,1015,69,3.44,306,100,0.0,Clouds,overcast clouds,18
Nagykőrös,47.038333,19.76,2026-06-05 19:15:48.888989,19.46,19.29,18.13,19.46,1015,70,3.63,303,100,0.0,Clouds,overcast clouds,18
Katonatelep,46.963056,19.718889,2026-06-05 19:15:50.123857,18.26,17.92,18.26,18.26,1015,68,3.88,300,100,0.0,Clouds,overcast clouds,18
Kecskemét,46.913889,19.700833,2026-06-05 19:15:51.355109,19.3,19.04,19.3,19.3,1015,67,3.97,300,100,0.0,Clouds,overcast clouds,18
Városföld,46.816667,19.753333,2026-06-05 19:15:52.585257,19.36,18.97,19.36,19.36,1015,62,4.24,300,100,0.0,Clouds,overcast clouds,18
Kiskunfélegyháza,46.7067,19.83474,2026-06-05 19:15:53.814916,19.41,19.03,19.41,19.41,1015,62,4.6,304,100,0.0,Clouds,overcast clouds,18
Petőfiszállás,46.617374,19.865229,2026-06-05 19:15:55.050927,19.45,19.07,19.45,19.45,1015,62,4.94,308,100,0.0,Clouds,overcast clouds,18
Csengele,46.538321,19.909008,2026-06-05 19:15:56.286929,19.44,19.06,18.86,19.44,1015,62,5.26,313,100,0.0,Clouds,overcast clouds,18
Kistelek,46.466944,19.966944,2026-06-05 19:15:57.518265,18.92,18.59,18.92,19.49,1015,66,5.52,317,100,0.0,Clouds,overcast clouds,18
Balástya,46.413333,20.001389,2026-06-05 19:15:58.747262,18.92,18.59,18.92,18.92,1015,66,5.66,319,100,0.0,Clouds,overcast clouds,18
Szatymaz,46.345621,20.04374,2026-06-05 19:15:59.978666,18.94,18.61,18.94,18.94,1015,66,4.92,328,100,0.0,Clouds,overcast clouds,18
Kiskundorozsma,46.271667,20.090556,2026-06-05 19:16:01.210495,18.97,18.65,18.97,18.97,1015,66,5.83,326,100,0.0,Clouds,overcast clouds,18
Szeged,46.239722,20.143056,2026-06-05 19:16:02.434431,18.95,18.62,18.95,18.95,1015,66,5.68,329,100,0.0,Clouds,overcast clouds,18
Alsóúrrét,46.898392,19.779891,2026-06-05 19:16:03.665223,19.35,19.09,19.35,19.35,1015,67,4.07,300,100,0.0,Clouds,overcast clouds,18
Nyárlőrinc,46.87,19.851389,2026-06-05 19:16:04.894781,19.38,18.99,19.38,19.38,1015,62,4.11,301,100,0.0,Clouds,overcast clouds,18
Világoshegy,46.855278,19.940278,2026-06-05 19:16:06.128747,19.41,19.03,19.41,19.41,1015,62,4.02,307,100,0.0,Clouds,overcast clouds,18
Szikra,46.858333,19.975,2026-06-05 19:16:07.371104,19.42,19.04,18.24,19.42,1015,62,4.02,307,100,0.0,Clouds,overcast clouds,18
Lakitelek,46.873056,20.003611,2026-06-05 19:16:08.604283,19.47,19.27,18.28,19.47,1015,69,4.01,308,100,0.0,Clouds,overcast clouds,18
Tiszaug,46.850556,20.074167,2026-06-05 19:16:09.836809,19.66,19.48,18.36,20.57,1015,69,4.16,311,100,0.0,Clouds,overcast clouds,18
Tiszasas,46.826389,20.089167,2026-06-05 19:16:11.063054,19.52,19.33,19.52,20.55,1015,69,4.16,311,100,0.0,Clouds,overcast clouds,18
Csépa,46.8125,20.134722,2026-06-05 19:16:12.295672,20.55,20.28,19.52,20.55,1015,62,4.29,311,100,0.0,Clouds,overcast clouds,18
Szelevény,46.811944,20.196389,2026-06-05 19:16:13.526875,20.56,20.29,19.52,20.56,1015,62,4.29,312,100,0.0,Clouds,overcast clouds,18
Gátér,46.685,19.9625,2026-06-05 19:16:14.755141,19.52,19.15,19.52,20.55,1015,62,4.74,309,100,0.0,Clouds,overcast clouds,18
Kónyaszék,46.699931,20.074299,2026-06-05 19:16:15.991851,20.57,20.3,19.53,20.57,1015,62,4.66,311,100,0.0,Clouds,overcast clouds,18
Csongrád,46.704444,20.140556,2026-06-05 19:16:17.232659,20.57,20.3,19.54,20.57,1015,62,4.64,311,100,0.0,Clouds,overcast clouds,18
Hékéd,46.675,20.266667,2026-06-05 19:16:18.458665,20.57,20.3,20.57,20.57,1014,62,3.58,315,100,0.0,Clouds,overcast clouds,18
Fábiánsebestyén,46.670278,20.456667,2026-06-05 19:16:19.686045,20.56,20.29,20.56,20.56,1014,62,4.18,318,100,0.0,Clouds,overcast clouds,18
Gádoros,46.656711,20.588157,2026-06-05 19:16:20.922321,20.55,20.57,20.55,20.55,1014,73,4.28,319,100,0.0,Clouds,overcast clouds,18
Justhmajor,46.62,20.615833,2026-06-05 19:16:22.159238,20.55,20.59,20.55,20.55,1014,74,4.34,319,100,0.0,Clouds,overcast clouds,18
Szentetornya,46.590964,20.628334,2026-06-05 19:16:23.388006,20.54,20.61,20.54,20.54,1014,75,4.4,320,100,0.0,Clouds,overcast clouds,18
Gyopárosfürdő,46.567784,20.630662,2026-06-05 19:16:24.629155,20.53,20.62,20.53,20.53,1014,76,4.38,319,100,0.0,Clouds,overcast clouds,18
Szabadságliget,47.626123,18.893481,2026-06-05 19:16:25.856840,13.91,13.58,13.17,14.23,1016,85,0.89,48,100,0.0,Clouds,overcast clouds,18
Röszke,46.19261,20.03055,2026-06-05 19:16:27.088919,18.97,18.65,18.97,18.97,1015,66,6.15,327,100,0.0,Clouds,overcast clouds,18
Tószeg,47.098056,20.138333,2026-06-05 19:16:28.321795,18.34,18.06,18.34,18.34,1015,70,2.24,270,100,0.0,Clouds,overcast clouds,18
Tiszavárkony,47.059444,20.143056,2026-06-05 19:16:29.555799,18.34,18.06,18.34,18.34,1015,70,2.24,270,100,0.0,Clouds,overcast clouds,18
Tiszajenő-Vezseny,47.036319,20.142415,2026-06-05 19:16:30.788535,18.34,18.06,18.34,18.34,1015,70,2.24,270,100,0.0,Clouds,overcast clouds,18
Újbög,46.962222,20.093889,2026-06-05 19:16:32.025297,18.3,18.01,18.3,18.3,1015,70,3.73,316,100,0.0,Clouds,overcast clouds,18
Tiszakécske,46.937512,20.082016,2026-06-05 19:16:33.259981,18.32,18.04,18.32,18.32,1015,70,3.76,314,100,0.0,Clouds,overcast clouds,18
Kerekdomb,46.906944,20.052778,2026-06-05 19:16:34.484686,18.31,18.02,18.31,19.49,1015,70,3.84,313,100,0.0,Clouds,overcast clouds,18
Tiszaalpár,46.818611,19.982778,2026-06-05 19:16:35.710961,19.46,19.08,19.46,20.5,1015,62,4.23,309,100,0.0,Clouds,overcast clouds,18
Tiszaalpár alsó,46.790897,19.951409,2026-06-05 19:16:36.947641,19.46,19.08,19.46,20.5,1015,62,4.34,308,100,0.0,Clouds,overcast clouds,18
Tiszatenyő,47.134167,20.3725,2026-06-05 19:16:38.182898,18.34,18.06,18.34,18.34,1015,70,4.02,315,100,0.0,Clouds,overcast clouds,18
Pusztapó,47.091667,20.458333,2026-06-05 19:16:39.419530,18.34,18.11,18.34,18.34,1014,72,4.13,314,100,0.0,Clouds,overcast clouds,18
Kétpó,47.076944,20.487778,2026-06-05 19:16:40.656084,18.34,18.11,18.34,18.34,1014,72,4.14,315,100,0.0,Clouds,overcast clouds,18
Mezőtúr,47.0125,20.622778,2026-06-05 19:16:41.895958,19.43,19.28,19.43,19.43,1014,71,4.34,317,100,0.0,Clouds,overcast clouds,18
Nagylapos,46.974167,20.750556,2026-06-05 19:16:43.129924,19.76,19.67,19.76,19.76,1014,72,4.43,316,100,0.0,Clouds,overcast clouds,18
Gyoma,46.925833,20.821667,2026-06-05 19:16:44.362072,19.79,19.73,19.79,19.79,1014,73,4.23,315,100,0.0,Clouds,overcast clouds,18
Csárdaszállás,46.861111,20.932778,2026-06-05 19:16:45.597082,19.44,19.4,19.44,19.44,1014,75,3.09,300,100,0.0,Clouds,overcast clouds,18
Mezőberény,46.814722,21.013056,2026-06-05 19:16:46.841431,19.43,19.33,19.43,19.43,1014,73,2.21,283,100,0.0,Clouds,overcast clouds,18
Murony,46.756944,21.038056,2026-06-05 19:16:48.065964,19.45,19.36,19.45,19.45,1014,73,1.71,268,100,0.0,Clouds,overcast clouds,18
Békéscsaba,46.669722,21.081667,2026-06-05 19:16:49.303617,19.41,19.31,19.41,19.41,1014,73,0.99,231,100,0.0,Clouds,overcast clouds,18
Kétegyháza,46.5325,21.171944,2026-06-05 19:16:50.534301,19.39,19.29,19.39,19.39,1014,73,0.57,113,100,0.0,Clouds,overcast clouds,18
Lőkösháza,46.432222,21.2375,2026-06-05 19:16:51.777869,21.16,21.34,19.35,21.16,1014,77,0.88,74,100,0.0,Clouds,overcast clouds,18
Kengyel,47.089722,20.339722,2026-06-05 19:16:53.003199,18.32,18.04,18.32,18.32,1015,70,3.96,318,100,0.0,Clouds,overcast clouds,18
Bagimajor,47.061111,20.316667,2026-06-05 19:16:54.245946,18.34,18.06,18.34,18.34,1015,70,3.93,320,100,0.0,Clouds,overcast clouds,18
Martfű,47.019444,20.291667,2026-06-05 19:16:55.477804,18.32,18.04,18.32,18.32,1015,70,3.93,321,100,0.0,Clouds,overcast clouds,18
Tiszaföldvár,46.975556,20.276389,2026-06-05 19:16:56.704446,18.32,18.04,18.32,18.32,1015,70,3.93,320,100,0.0,Clouds,overcast clouds,18
Homok,46.9475,20.270278,2026-06-05 19:16:57.937989,18.33,18.05,18.33,18.33,1015,70,3.95,319,100,0.0,Clouds,overcast clouds,18
Kungyalu,46.910833,20.2675,2026-06-05 19:16:59.169610,18.35,18.07,18.35,20.57,1015,70,3.98,318,100,0.0,Clouds,overcast clouds,18
Kunszentmárton,46.848333,20.293333,2026-06-05 19:17:00.406955,20.55,20.46,20.55,20.55,1015,69,4.12,314,100,0.0,Clouds,overcast clouds,18
Nagytőke,46.763333,20.291667,2026-06-05 19:17:01.633734,20.57,20.3,20.57,20.57,1014,62,4.32,312,100,0.0,Clouds,overcast clouds,18
Szentes,46.657778,20.2725,2026-06-05 19:17:02.868442,20.57,20.3,20.57,20.57,1014,62,3.58,315,100,0.0,Clouds,overcast clouds,18
Szegvár,46.588611,20.249444,2026-06-05 19:17:04.102551,20.57,20.3,20.57,20.57,1014,62,3.58,315,100,0.0,Clouds,overcast clouds,18
Mindszent,46.524167,20.194167,2026-06-05 19:17:05.329077,20.58,20.31,20.58,20.58,1015,62,5.11,318,100,0.0,Clouds,overcast clouds,18
Mártély,46.473333,20.236111,2026-06-05 19:17:06.559376,20.59,20.45,18.98,20.59,1015,67,5.2,321,100,0.0,Clouds,overcast clouds,18
Pusztabánréve,46.939898,20.556809,2026-06-05 19:17:07.792730,19.54,19.4,19.54,19.54,1014,71,4.19,319,100,0.0,Clouds,overcast clouds,18
Szarvas,46.860833,20.566667,2026-06-05 19:17:09.023200,19.68,19.56,19.68,19.68,1014,71,4.08,319,100,0.0,Clouds,overcast clouds,18
Csabacsűd,46.823056,20.663333,2026-06-05 19:17:10.251907,19.82,19.74,19.82,19.82,1014,72,4.14,319,100,0.0,Clouds,overcast clouds,18
Kisszénás,46.751389,20.721389,2026-06-05 19:17:11.483777,19.84,19.81,19.84,19.84,1014,74,3.95,315,100,0.0,Clouds,overcast clouds,18
Kiscsákó,46.719167,20.717778,2026-06-05 19:17:12.710894,19.84,19.84,19.84,19.84,1014,75,3.9,314,100,0.0,Clouds,overcast clouds,18
Nagyszénás,46.672778,20.674167,2026-06-05 19:17:13.933167,19.83,19.83,19.83,19.83,1014,75,4.12,317,100,0.0,Clouds,overcast clouds,18
Kardoskút,46.498056,20.6975,2026-06-05 19:17:15.179174,19.96,20.05,19.96,19.96,1014,78,4.3,319,100,0.0,Clouds,overcast clouds,18
Tótkomlós,46.409167,20.726944,2026-06-05 19:17:16.410121,20.16,20.32,20.16,20.16,1014,80,3.68,318,100,0.0,Clouds,overcast clouds,18
Nagyér,46.365278,20.738333,2026-06-05 19:17:17.646013,20.27,20.44,20.27,20.27,1014,80,3.5,321,100,0.0,Clouds,overcast clouds,18
Pitvaros,46.326175,20.746446,2026-06-05 19:17:18.883287,20.38,20.59,20.38,20.38,1014,81,3.05,321,100,0.0,Clouds,overcast clouds,18
Dévaványa,47.033889,20.943333,2026-06-05 19:17:20.116783,19.6,19.57,19.6,19.6,1014,75,3.68,303,100,0.0,Clouds,overcast clouds,18
Körösladány,46.97,21.085833,2026-06-05 19:17:21.349191,19.89,19.89,19.89,19.89,1014,75,2.49,280,100,0.0,Clouds,overcast clouds,18
Szeghalom,47.015278,21.148333,2026-06-05 19:17:22.579549,20.03,20.02,20.03,20.03,1014,74,2.44,272,100,0.0,Clouds,overcast clouds,18
Vésztő,46.938889,21.263611,2026-06-05 19:17:23.814754,20.66,20.64,20.66,20.66,1014,71,1.81,219,100,0.0,Clouds,overcast clouds,18
Szeged-Rókus,46.266111,20.125278,2026-06-05 19:17:25.038236,18.97,18.65,18.97,18.97,1015,66,5.77,327,100,0.0,Clouds,overcast clouds,18
Algyő,46.335556,20.196111,2026-06-05 19:17:26.270304,18.99,18.72,18.99,18.99,1015,68,5.53,325,100,0.0,Clouds,overcast clouds,18
Hódmezővásárhelyi Népkert,46.403333,20.312778,2026-06-05 19:17:27.502299,20.58,20.5,20.58,20.58,1014,69,5.25,326,100,0.0,Clouds,overcast clouds,18
Hódmezővásárhely,46.413333,20.34,2026-06-05 19:17:28.729752,20.57,20.51,20.57,20.57,1014,70,5.22,327,100,0.0,Clouds,overcast clouds,18
Körmend,47.016389,16.599167,2026-06-05 19:17:29.956509,16.16,16.02,16.16,16.16,1018,84,2.63,271,100,0.0,Clouds,overcast clouds,18
Szentgotthárd,46.957222,16.263056,2026-06-05 19:17:31.189957,16.05,16.01,16.05,16.05,1018,88,1.87,261,100,0.0,Clouds,overcast clouds,18
Szombathely,47.237778,16.6325,2026-06-05 19:17:32.419247,12.26,11.73,12.26,12.26,1018,84,2.6,264,100,0.0,Clouds,overcast clouds,18
Sáferkút,48.010278,19.071389,2026-06-05 19:17:33.651613,16.12,15.93,16.12,16.12,1016,82,3.3,264,100,0.0,Clouds,overcast clouds,18
Magdolnavölgy,47.6475,18.818889,2026-06-05 19:17:34.883014,13.92,13.59,13.16,14.21,1016,85,2.9,308,100,0.0,Clouds,overcast clouds,18
Haris,46.964722,16.2825,2026-06-05 19:17:36.130233,16.07,16.0,16.07,16.07,1018,87,1.95,264,100,0.0,Clouds,overcast clouds,18
Egyházasrádóc,47.091389,16.62,2026-06-05 19:17:37.361341,16.03,15.88,16.03,16.03,1018,84,2.73,270,100,0.0,Clouds,overcast clouds,18
Alsórönök,46.964167,16.379444,2026-06-05 19:17:38.591369,16.07,16.0,16.07,16.07,1018,87,2.06,266,100,0.0,Clouds,overcast clouds,18
Szombathely-Szőlős,47.206389,16.641667,2026-06-05 19:17:39.826453,12.32,11.8,12.32,12.32,1018,84,2.66,265,100,0.0,Clouds,overcast clouds,18
Rátót,46.9675,16.433056,2026-06-05 19:17:41.063486,15.92,15.81,15.92,15.92,1018,86,2.26,269,100,0.0,Clouds,overcast clouds,18
Ják-Balogunyom,47.161389,16.630556,2026-06-05 19:17:42.296924,12.38,11.87,12.38,12.38,1018,84,2.77,267,100,0.0,Clouds,overcast clouds,18
Vasvár,47.056944,16.800278,2026-06-05 19:17:43.527783,16.25,16.07,16.25,16.25,1018,82,2.81,277,100,0.0,Clouds,overcast clouds,18
Répcelak,47.418889,17.008889,2026-06-05 19:17:44.753835,16.51,16.31,16.51,16.51,1018,80,2.0,296,100,0.0,Clouds,overcast clouds,18
Rajka,47.995556,17.191389,2026-06-05 19:17:45.990753,15.21,14.85,14.98,15.59,1017,79,2.0,295,14,0.0,Clouds,few clouds,18
Püspökmolnári,47.086111,16.7675,2026-06-05 19:17:47.226958,16.27,16.09,16.27,16.27,1018,82,2.81,273,100,0.0,Clouds,overcast clouds,18
Kőszeg,47.382222,16.556389,2026-06-05 19:17:48.462271,11.86,11.45,11.86,11.86,1018,90,1.86,260,98,0.0,Clouds,overcast clouds,18
Kastélypark,47.390278,18.988333,2026-06-05 19:17:49.690484,14.71,14.4,13.96,15.71,1016,83,2.68,320,100,0.0,Clouds,overcast clouds,18
Hanságliget,47.72,17.215556,2026-06-05 19:17:50.930896,15.02,14.67,15.02,15.02,1017,80,2.26,310,42,0.0,Clouds,scattered clouds,18
Vica,47.477778,17.111944,2026-06-05 19:17:52.159215,14.94,14.58,14.94,14.94,1018,80,2.13,307,100,0.0,Clouds,overcast clouds,18
Vép,47.235833,16.7275,2026-06-05 19:17:53.392095,12.4,11.89,12.4,12.4,1018,84,2.55,262,100,0.0,Clouds,overcast clouds,18
Mosonszolnok,47.8525,17.160278,2026-06-05 19:17:54.627299,15.0,14.62,14.99,15.61,1017,79,2.05,303,8,0.0,Clear,clear sky,18
Jánossomorja,47.789167,17.1375,2026-06-05 19:17:55.856836,14.99,14.4,14.99,14.99,1017,71,2.11,308,18,0.0,Clouds,few clouds,18
Bősárkány,47.685556,17.234167,2026-06-05 19:17:57.087875,15.02,14.67,15.02,15.02,1017,80,2.27,312,57,0.0,Clouds,broken clouds,18
Szil-Sopronnémeti,47.533333,17.209444,2026-06-05 19:17:58.318543,14.97,14.61,14.97,14.97,1017,80,2.24,313,93,0.0,Clouds,overcast clouds,18
Magyarkeresztúr-Zsebeháza,47.514167,17.176111,2026-06-05 19:17:59.551110,14.97,14.61,14.97,14.97,1018,80,2.21,312,98,0.0,Clouds,overcast clouds,18
Páli-Vadosfa,47.4925,17.137778,2026-06-05 19:18:00.783491,14.95,14.59,14.95,14.95,1018,80,2.17,310,100,0.0,Clouds,overcast clouds,18
Beled,47.466667,17.084444,2026-06-05 19:18:02.011939,16.53,16.33,16.53,16.53,1018,80,2.13,307,100,0.0,Clouds,overcast clouds,18
Dénesfa,47.448611,17.054722,2026-06-05 19:18:03.242246,16.53,16.33,16.53,16.53,1018,80,2.05,301,100,0.0,Clouds,overcast clouds,18
Csánig,47.430278,17.026111,2026-06-05 19:18:04.478377,16.54,16.34,16.54,16.54,1018,80,2.01,298,100,0.0,Clouds,overcast clouds,18
Vámoscsalád,47.385556,16.961667,2026-06-05 19:18:05.714313,12.65,12.06,12.65,12.65,1018,80,1.95,286,100,0.0,Clouds,overcast clouds,18
Vasegerszeg,47.375,16.928889,2026-06-05 19:18:06.954039,12.66,12.1,12.66,12.66,1018,81,1.96,274,100,0.0,Clouds,overcast clouds,18
Hegyfalu,47.357778,16.898333,2026-06-05 19:18:08.190705,12.65,12.09,12.65,12.65,1018,81,1.96,274,100,0.0,Clouds,overcast clouds,18
Pósfa,47.326944,16.855833,2026-06-05 19:18:09.421397,12.63,12.09,12.63,12.63,1018,82,2.03,268,100,0.0,Clouds,overcast clouds,18
Ölbő-Alsószeleste,47.300556,16.843056,2026-06-05 19:18:10.653375,12.61,12.07,12.61,12.61,1018,82,2.14,264,100,0.0,Clouds,overcast clouds,18
Gencsapáti felső,47.299722,16.593889,2026-06-05 19:18:11.891918,12.12,11.74,12.12,12.12,1018,90,2.28,264,100,0.0,Clouds,overcast clouds,18
Lukácsháza alsó,47.326389,16.586389,2026-06-05 19:18:13.133695,12.06,11.67,12.06,12.06,1018,90,2.16,263,100,0.0,Clouds,overcast clouds,18
Kőszegfalva,47.361667,16.567778,2026-06-05 19:18:14.365045,11.95,11.55,11.95,11.95,1018,90,1.99,262,100,0.0,Clouds,overcast clouds,18
Gyöngyöshermán,47.202778,16.657222,2026-06-05 19:18:15.592988,12.34,11.82,12.34,12.34,1018,84,2.66,265,100,0.0,Clouds,overcast clouds,18
Bezenye,47.973611,17.207222,2026-06-05 19:18:16.823006,15.23,14.85,14.99,15.6,1017,78,2.1,294,15,0.0,Clouds,few clouds,18
Kámon,47.254534,16.625769,2026-06-05 19:18:18.066023,12.22,11.85,12.22,12.22,1018,90,2.5,263,100,0.0,Clouds,overcast clouds,18
Sorkifalud,47.1375,16.719167,2026-06-05 19:18:19.294424,16.3,16.15,16.3,16.3,1018,83,2.79,269,100,0.0,Clouds,overcast clouds,18
Szentléránt,47.12,16.735556,2026-06-05 19:18:20.550419,16.3,16.15,16.3,16.3,1018,83,2.79,269,100,0.0,Clouds,overcast clouds,18
Pácsony,47.009722,16.833611,2026-06-05 19:18:21.777621,16.15,15.94,16.15,16.15,1018,81,2.79,282,100,0.0,Clouds,overcast clouds,18
Győrvár,46.99,16.840556,2026-06-05 19:18:23.003986,16.15,15.94,16.15,16.15,1018,81,2.79,282,100,0.0,Clouds,overcast clouds,18
Egervár-Vasboldogasszony,46.942222,16.862222,2026-06-05 19:18:24.240491,16.3,16.07,16.3,16.3,1018,80,2.73,285,100,1.15,Rain,moderate rain,18
Zalaszentlőrinc,46.913889,16.8775,2026-06-05 19:18:25.471382,16.24,16.03,16.24,16.24,1018,81,2.66,285,100,0.8,Rain,light rain,18
Gencsapáti alsó,47.285833,16.6,2026-06-05 19:18:26.696361,12.15,11.77,12.15,12.15,1018,90,2.39,265,100,0.0,Clouds,overcast clouds,18
Gyöngyösfalu,47.316111,16.59,2026-06-05 19:18:27.929830,12.08,11.69,12.08,12.08,1018,90,2.28,264,100,0.0,Clouds,overcast clouds,18
Lukácsháza,47.341111,16.580556,2026-06-05 19:18:29.165995,12.01,11.62,12.01,12.01,1018,90,2.13,264,100,0.0,Clouds,overcast clouds,18
Horvátnádalja,47.005278,16.544444,2026-06-05 19:18:30.398786,16.15,16.04,16.15,16.15,1018,85,2.51,270,100,0.0,Clouds,overcast clouds,18
Csákánydoroszló,46.978333,16.499722,2026-06-05 19:18:31.630950,16.1,16.01,16.1,16.1,1018,86,2.33,270,100,0.0,Clouds,overcast clouds,18
Váckisújfalu,47.705,19.340278,2026-06-05 19:18:32.856975,14.08,13.61,14.08,15.31,1015,79,2.74,299,100,0.0,Clouds,overcast clouds,18
Csisztafürdő,46.681411,17.561797,2026-06-05 19:18:34.083986,16.3,15.81,16.3,16.3,1018,70,2.85,313,100,0.0,Clouds,overcast clouds,18
Mórágy,46.236021,18.627255,2026-06-05 19:18:35.316374,16.5,16.06,16.5,16.5,1016,71,4.1,322,100,2.05,Rain,moderate rain,18
Kismacs,47.551111,21.542778,2026-06-05 19:18:36.553926,20.46,20.28,20.46,20.46,1014,66,0.66,334,100,0.0,Clouds,overcast clouds,18
Pusztaszentistván,47.439869,19.470254,2026-06-05 19:18:37.783259,15.26,15.35,15.26,15.26,1015,96,3.08,299,100,1.5,Rain,moderate rain,18
Aranyvölgy,47.573795,19.017489,2026-06-05 19:18:39.021834,14.42,14.11,13.81,15.56,1016,84,2.24,301,100,0.0,Clouds,overcast clouds,18
Szélhegy,47.601111,18.928056,2026-06-05 19:18:40.253428,14.17,13.86,13.45,14.51,1016,85,0.89,48,100,0.0,Clouds,overcast clouds,18
Vörösvárbánya,47.61,18.913611,2026-06-05 19:18:41.477366,14.14,13.83,13.41,14.46,1016,85,0.89,48,100,0.0,Clouds,overcast clouds,18
Máriaszőlőtelep,46.702778,17.411911,2026-06-05 19:18:42.717957,16.26,15.82,16.26,16.26,1018,72,2.75,309,100,0.0,Clouds,overcast clouds,18
Akadémiaújtelep,47.485724,19.22294,2026-06-05 19:18:43.957519,14.94,14.76,13.77,15.53,1016,87,3.45,301,100,1.15,Rain,moderate rain,18
Újpalota,47.5316,19.126206,2026-06-05 19:18:45.183984,14.53,14.23,13.86,15.62,1016,84,0.45,42,100,0.0,Clouds,overcast clouds,18
"Szeged, Somogyi utca",46.250464,20.147713,2026-06-05 19:18:46.408806,18.93,18.6,18.93,18.93,1015,66,5.67,328,100,0.0,Clouds,overcast clouds,18
"Hódmezővásárhely, Hősök tere",46.412183,20.31759,2026-06-05 19:18:47.638831,20.57,20.48,20.57,20.57,1014,69,5.25,326,100,0.0,Clouds,overcast clouds,18
"Hódmezővásárhely, Kossuth tér",46.41465,20.319727,2026-06-05 19:18:48.858387,20.57,20.48,20.57,20.57,1014,69,5.25,326,100,0.0,Clouds,overcast clouds,18
"Hódmezővásárhely, Strandfürdő",46.409147,20.315671,2026-06-05 19:18:50.078940,20.57,20.48,20.57,20.57,1014,69,5.25,326,100,0.0,Clouds,overcast clouds,18
"Szeged, Széchenyi tér",46.252683,20.14935,2026-06-05 19:18:51.299071,18.93,18.6,18.93,18.93,1015,66,5.67,328,100,0.0,Clouds,overcast clouds,18
"Szeged, Anna-kút",46.256184,20.147587,2026-06-05 19:18:52.539347,18.93,18.6,18.93,18.93,1015,66,5.67,328,100,0.0,Clouds,overcast clouds,18
"Szeged, Rókusi templom",46.259255,20.141771,2026-06-05 19:18:53.772806,18.95,18.62,18.95,18.95,1015,66,5.67,328,100,0.0,Clouds,overcast clouds,18
"Hódmezővásárhely, Kálvin János tér",46.416677,20.328532,2026-06-05 19:18:55.010423,20.57,20.51,20.57,20.57,1014,70,5.22,327,100,0.0,Clouds,overcast clouds,18
Hódmezővásárhely vasútállomás,46.413242,20.338701,2026-06-05 19:18:56.246832,20.58,20.52,20.58,20.58,1014,70,5.22,327,100,0.0,Clouds,overcast clouds,18
"Szeged, Tavasz utca",46.260715,20.139055,2026-06-05 19:18:57.466633,18.95,18.62,18.95,18.95,1015,66,5.67,328,100,0.0,Clouds,overcast clouds,18
"Szeged, Damjanich utca",46.262753,20.135248,2026-06-05 19:18:58.686458,18.95,18.62,18.95,18.95,1015,66,5.67,328,100,0.0,Clouds,overcast clouds,18
"Szeged, Vásárhelyi Pál utca",46.264173,20.131109,2026-06-05 19:18:59.920085,18.97,18.65,18.97,18.97,1015,66,5.67,328,100,0.0,Clouds,overcast clouds,18
"Szeged, Bécsi körút ",46.243459,20.143809,2026-06-05 19:19:01.148292,18.97,18.65,18.97,18.97,1015,66,5.67,328,100,0.0,Clouds,overcast clouds,18
Hódmezővásárhelyi Népkert vasútállomás,46.403733,20.312986,2026-06-05 19:19:02.380659,20.58,20.5,20.58,20.58,1014,69,5.25,326,100,0.0,Clouds,overcast clouds,18
Szeged vasútállomás,46.239789,20.142561,2026-06-05 19:19:03.601299,18.97,18.65,18.97,18.97,1015,66,5.67,328,100,0.0,Clouds,overcast clouds,18
"Szeged, Bem utca",46.240198,20.141247,2026-06-05 19:19:04.820132,18.97,18.65,18.97,18.97,1015,66,5.67,328,100,0.0,Clouds,overcast clouds,18
"Szeged, Galamb utca",46.24153,20.142297,2026-06-05 19:19:06.039093,18.97,18.65,18.97,18.97,1015,66,5.67,328,100,0.0,Clouds,overcast clouds,18
"Szeged, Aradi vértanúk tere",46.247839,20.147,2026-06-05 19:19:07.257956,18.93,18.6,18.93,18.93,1015,66,5.67,328,100,0.0,Clouds,overcast clouds,18
"Szeged, Pulz utca",46.264452,20.126061,2026-06-05 19:19:08.478677,18.97,18.65,18.97,18.97,1015,66,5.67,328,100,0.0,Clouds,overcast clouds,18
"Szeged, Rókus vasútállomás",46.266107,20.125686,2026-06-05 19:19:09.720488,18.97,18.65,18.97,18.97,1015,66,5.77,327,100,0.0,Clouds,overcast clouds,18
Látókép,47.55787,21.524373,2026-06-05 19:19:10.949209,20.46,20.28,20.46,20.46,1014,66,0.66,334,100,0.0,Clouds,overcast clouds,18
Szentmihálytelek,46.2229,20.0808,2026-06-05 19:19:12.175121,18.97,18.65,18.97,18.97,1015,66,5.91,327,100,0.0,Clouds,overcast clouds,18
Kisvarsány,48.144356,22.297397,2026-06-05 19:19:13.415225,20.86,20.86,20.86,20.86,1014,71,0.85,214,100,0.0,Clouds,overcast clouds,18
