station_name,station_lat,station_lon,observation_time,temp,feels_like,temp_min,temp_max,pressure,humidity,wind_speed,wind_deg,clouds,precipitation_1h,weather_main,weather_description,collection_hour
Búcsúszentlászló,46.793056,16.932778,2026-08-08 07:07:24.682871,21.43,21.35,21.43,21.43,1020,66,2.73,360,100,0.0,Clouds,overcast clouds,7
Angyalföld,47.549722,19.09,2026-08-08 07:07:25.834256,24.92,24.83,24.39,26.51,1019,52,2.24,1,99,0.0,Clouds,overcast clouds,7
Felsőjánosfa,46.841389,16.544167,2026-08-08 07:07:26.989307,22.03,22.33,22.03,22.03,1020,78,1.97,8,100,0.0,Clouds,overcast clouds,7
Pankasz,46.835833,16.496111,2026-08-08 07:07:28.138957,21.99,22.31,21.99,21.99,1020,79,2.01,9,100,0.0,Clouds,overcast clouds,7
Nagyrákos,46.827222,16.455556,2026-08-08 07:07:29.287778,22.07,22.42,22.07,22.07,1020,80,2.04,10,98,0.0,Clouds,overcast clouds,7
Őriszentpéter,46.828889,16.415278,2026-08-08 07:07:30.441141,22.29,22.69,22.29,22.29,1020,81,2.08,11,93,0.0,Clouds,overcast clouds,7
Törökbálint,47.45,18.908611,2026-08-08 07:07:31.595109,25.65,25.63,24.16,26.29,1019,52,2.68,357,99,0.0,Clouds,overcast clouds,7
Bicske alsó,47.486389,18.642778,2026-08-08 07:07:32.748241,25.39,25.45,24.49,26.17,1019,56,0.7,60,100,0.0,Clouds,overcast clouds,7
Bajánsenye,46.818056,16.358056,2026-08-08 07:07:33.917584,22.5,22.95,22.5,22.5,1020,82,2.18,9,94,0.0,Clouds,overcast clouds,7
Aquincum,47.566218,19.048273,2026-08-08 07:07:35.075008,24.92,24.83,24.41,26.54,1019,52,2.24,1,100,0.0,Clouds,overcast clouds,7
Piliscsév,47.673889,18.791389,2026-08-08 07:07:36.229865,24.59,24.36,24.0,25.59,1019,48,1.03,73,100,0.0,Clouds,overcast clouds,7
Tát,47.741201,18.64783,2026-08-08 07:07:37.379985,24.84,24.87,24.84,24.84,1019,57,1.15,38,100,0.0,Clouds,overcast clouds,7
Süttő felső,47.756667,18.437222,2026-08-08 07:07:38.537010,23.35,23.2,23.35,23.35,1019,56,1.95,25,100,0.0,Clouds,overcast clouds,7
Budatétény,47.405,19.016389,2026-08-08 07:07:39.688519,25.96,25.96,24.45,26.58,1019,53,2.68,357,91,0.0,Clouds,overcast clouds,7
Seregélyes-Szőlőhegy,47.119444,18.612222,2026-08-08 07:07:40.836230,24.1,23.9,24.1,24.1,1019,51,3.3,40,100,0.0,Clouds,overcast clouds,7
Gödöllő-Állami telepek,47.564444,19.375556,2026-08-08 07:07:41.988984,24.33,24.07,22.86,24.49,1019,48,3.75,30,76,0.0,Clouds,broken clouds,7
Dunakeszi alsó,47.607778,19.128889,2026-08-08 07:07:43.136976,24.9,24.8,24.38,26.51,1019,52,0.89,333,100,0.0,Clouds,overcast clouds,7
Vác-Alsóváros,47.773056,19.149722,2026-08-08 07:07:44.292141,24.95,24.86,24.8,24.95,1019,52,4.49,47,98,0.0,Clouds,overcast clouds,7
Szob alsó,47.816667,18.8725,2026-08-08 07:07:45.443537,24.83,24.88,24.83,24.83,1019,58,1.31,68,99,0.0,Clouds,overcast clouds,7
Zalaszentmihály-Pacsa,46.7225,16.951944,2026-08-08 07:07:46.595482,21.71,21.66,21.71,21.71,1020,66,2.67,359,100,0.0,Clouds,overcast clouds,7
Pötréte,46.682778,16.9575,2026-08-08 07:07:47.754719,21.98,21.96,21.98,21.98,1020,66,2.64,359,99,0.0,Clouds,overcast clouds,7
Felsőrajk,46.667222,16.982778,2026-08-08 07:07:48.908245,21.99,21.94,21.99,21.99,1020,65,2.8,358,99,0.0,Clouds,overcast clouds,7
Gelse,46.600556,16.982778,2026-08-08 07:07:50.064244,22.32,22.3,22.32,22.32,1019,65,2.85,358,98,0.0,Clouds,overcast clouds,7
Őrtilos,46.297778,16.887778,2026-08-08 07:07:51.214833,23.62,23.55,23.62,23.62,1019,58,4.01,8,100,0.0,Clouds,overcast clouds,7
Zákány,46.251944,16.9425,2026-08-08 07:07:52.364753,23.62,23.47,23.62,23.62,1019,55,4.39,9,99,0.0,Clouds,overcast clouds,7
Berzence,46.201389,17.143611,2026-08-08 07:07:53.519154,24.16,24.04,24.16,24.16,1019,54,3.95,5,86,0.0,Clouds,overcast clouds,7
Somogyudvarhely,46.163333,17.179722,2026-08-08 07:07:54.672955,24.22,24.11,24.22,24.22,1019,54,3.75,4,78,0.0,Clouds,broken clouds,7
Bélavár,46.122778,17.207778,2026-08-08 07:07:55.831201,24.44,24.4,24.44,24.44,1019,56,3.41,4,60,0.0,Clouds,broken clouds,7
Vízvár,46.101389,17.239444,2026-08-08 07:07:56.985099,24.41,24.39,24.41,24.41,1019,57,3.19,3,54,0.0,Clouds,broken clouds,7
Babócsa,46.028359,17.342276,2026-08-08 07:07:58.139184,24.54,24.59,24.54,24.54,1019,59,2.82,1,56,0.0,Clouds,broken clouds,7
Péterhida-Komlósd,46.006667,17.358056,2026-08-08 07:07:59.291264,24.65,24.74,24.65,24.65,1019,60,2.73,2,58,0.0,Clouds,broken clouds,7
Barcs,45.951944,17.446944,2026-08-08 07:08:00.447994,24.76,24.88,24.76,24.76,1019,61,2.72,6,65,0.0,Clouds,broken clouds,7
Barcs felső,45.958333,17.486389,2026-08-08 07:08:01.603940,24.71,24.83,24.71,24.71,1019,61,2.79,7,69,0.0,Clouds,broken clouds,7
Középrigóc,45.970556,17.525,2026-08-08 07:08:02.761102,24.68,24.8,24.68,24.68,1019,61,2.87,9,73,0.0,Clouds,broken clouds,7
Darány,45.992222,17.598611,2026-08-08 07:08:03.924449,24.82,24.92,24.82,24.82,1019,60,3.13,14,86,0.0,Clouds,overcast clouds,7
Kisdobsza,46.012222,17.668056,2026-08-08 07:08:05.073565,24.99,25.11,24.99,24.99,1019,60,3.2,18,92,0.0,Clouds,overcast clouds,7
Nemeske,46.023333,17.705278,2026-08-08 07:08:06.226038,25.08,25.21,25.08,25.08,1019,60,3.19,20,91,0.0,Clouds,overcast clouds,7
Molvány,46.035278,17.748611,2026-08-08 07:08:07.376032,25.11,25.22,25.11,25.11,1019,59,3.12,24,97,0.0,Clouds,overcast clouds,7
Szigetvár,46.043333,17.801944,2026-08-08 07:08:08.525922,25.15,25.26,25.15,25.15,1019,59,3.03,27,98,0.0,Clouds,overcast clouds,7
Nagypeterd,46.039444,17.871667,2026-08-08 07:08:09.679168,25.28,25.4,25.28,25.28,1019,59,2.77,33,100,0.0,Clouds,overcast clouds,7
Szentdénes,46.036667,17.926944,2026-08-08 07:08:10.840961,25.27,25.39,25.27,25.27,1019,59,2.63,37,100,0.0,Clouds,overcast clouds,7
Háros,47.412222,19.035,2026-08-08 07:08:11.992900,25.85,25.87,24.41,26.54,1019,53,2.68,357,91,0.0,Clouds,overcast clouds,7
Nagytétény-Diósd,47.398333,18.974444,2026-08-08 07:08:13.145160,26.04,26.04,24.45,26.57,1019,53,2.68,357,91,0.0,Clouds,overcast clouds,7
Érdliget,47.390278,18.937778,2026-08-08 07:08:14.297567,25.98,25.98,24.36,26.49,1019,53,2.68,357,94,0.0,Clouds,overcast clouds,7
Érd felső,47.381111,18.922222,2026-08-08 07:08:15.446952,25.94,25.97,24.33,26.45,1019,53,2.68,357,97,0.0,Clouds,overcast clouds,7
Érd,47.369722,18.900833,2026-08-08 07:08:16.593644,25.9,25.93,24.29,26.42,1019,53,4.28,30,95,0.0,Clouds,overcast clouds,7
Százhalombatta,47.322222,18.899167,2026-08-08 07:08:17.743617,25.89,25.89,24.28,26.4,1018,52,4.57,29,89,0.0,Clouds,overcast clouds,7
Dunai Finomító,47.294444,18.878889,2026-08-08 07:08:18.899596,26.01,26.01,23.07,26.24,1018,52,4.55,30,93,0.0,Clouds,overcast clouds,7
Ercsi,47.247222,18.875278,2026-08-08 07:08:20.049026,26.28,26.28,23.3,26.47,1019,49,4.67,30,90,0.0,Clouds,overcast clouds,7
Iváncsa,47.177778,18.811944,2026-08-08 07:08:21.205300,23.99,23.72,23.99,23.99,1019,49,4.62,34,89,0.0,Clouds,overcast clouds,7
Pusztaszabolcs,47.139722,18.761667,2026-08-08 07:08:22.352349,24.15,23.9,24.15,24.15,1019,49,4.39,38,87,0.0,Clouds,overcast clouds,7
Szabadegyháza,47.082778,18.704167,2026-08-08 07:08:23.509292,24.21,23.99,24.21,24.21,1019,50,3.94,42,91,0.0,Clouds,overcast clouds,7
Sárosd,47.039722,18.660278,2026-08-08 07:08:24.664437,24.27,24.08,24.27,24.27,1019,51,3.67,43,96,0.0,Clouds,overcast clouds,7
Nagylók,46.979444,18.635833,2026-08-08 07:08:25.818203,24.25,24.06,24.25,24.25,1019,51,3.64,42,81,0.0,Clouds,broken clouds,7
Sárbogárd,46.896944,18.611944,2026-08-08 07:08:26.974501,24.54,24.41,24.54,24.54,1019,52,3.61,36,65,0.0,Clouds,broken clouds,7
Rétszilas,46.814167,18.601389,2026-08-08 07:08:28.121140,24.69,24.6,24.69,24.69,1019,53,3.45,28,42,0.0,Clouds,scattered clouds,7
Nagyatád,46.228611,17.354167,2026-08-08 07:08:29.273791,24.12,24.08,24.12,24.12,1019,57,3.05,354,97,0.0,Clouds,overcast clouds,7
Budapest-Keleti,47.500278,19.084167,2026-08-08 07:08:30.429702,24.96,24.9,24.36,26.49,1019,53,2.68,357,97,0.0,Clouds,overcast clouds,7
Ferencváros,47.468611,19.088056,2026-08-08 07:08:31.582004,25.16,25.12,24.38,26.51,1019,53,2.68,357,95,0.0,Clouds,overcast clouds,7
Budapest-Nyugati,47.510833,19.0575,2026-08-08 07:08:32.729631,24.92,24.85,24.38,26.5,1019,53,2.68,357,99,0.0,Clouds,overcast clouds,7
Kőbánya felső,47.491944,19.133889,2026-08-08 07:08:33.881476,24.98,24.92,24.3,26.43,1019,53,2.24,1,91,0.0,Clouds,overcast clouds,7
Rákos,47.488889,19.174722,2026-08-08 07:08:35.036856,24.97,24.91,24.26,26.39,1019,53,2.24,1,88,0.0,Clouds,overcast clouds,7
Rákosrendező,47.525556,19.089444,2026-08-08 07:08:36.189384,24.96,24.9,24.41,26.53,1019,53,2.24,1,97,0.0,Clouds,overcast clouds,7
Zugló,47.511389,19.101389,2026-08-08 07:08:37.337175,24.96,24.9,24.37,26.49,1019,53,2.24,1,97,0.0,Clouds,overcast clouds,7
Mezőtárkány,47.725,20.480278,2026-08-08 07:08:38.484204,24.34,24.19,24.34,24.34,1018,52,7.01,22,17,0.0,Clouds,few clouds,7
Istvántelek,47.550278,19.106389,2026-08-08 07:08:39.636647,24.94,24.85,24.39,26.52,1019,52,2.24,1,99,0.0,Clouds,overcast clouds,7
Rákospalota-Újpest,47.565833,19.111944,2026-08-08 07:08:40.787040,24.93,24.84,24.39,26.51,1019,52,2.24,1,100,0.0,Clouds,overcast clouds,7
Kőbánya alsó,47.483056,19.127222,2026-08-08 07:08:41.933675,25.02,24.96,24.32,26.44,1019,53,2.68,357,91,0.0,Clouds,overcast clouds,7
Kőbánya-Kispest,47.463889,19.149444,2026-08-08 07:08:43.083322,25.12,25.07,24.32,26.44,1019,53,2.24,1,86,0.0,Clouds,overcast clouds,7
Pestszentlőrinc,47.454722,19.182778,2026-08-08 07:08:44.242254,25.09,25.04,24.26,26.38,1019,53,3.59,24,76,0.0,Clouds,broken clouds,7
Kispest,47.448135,19.157552,2026-08-08 07:08:45.396820,25.2,25.16,24.32,26.45,1019,53,2.24,1,80,0.0,Clouds,broken clouds,7
Újpest,47.558889,19.079722,2026-08-08 07:08:46.547422,24.92,24.83,24.39,26.52,1019,52,2.24,1,100,0.0,Clouds,overcast clouds,7
Pestszentimre felső,47.413611,19.173333,2026-08-08 07:08:47.700867,25.36,25.34,24.35,26.47,1019,53,3.6,24,69,0.0,Clouds,broken clouds,7
Dunakeszi,47.626111,19.136111,2026-08-08 07:08:48.847279,24.8,24.69,24.29,26.42,1019,52,0.89,333,100,0.0,Clouds,overcast clouds,7
Dunakeszi-Gyártelep,47.643611,19.135,2026-08-08 07:08:49.994446,25.47,25.4,24.34,25.49,1019,51,4.53,37,100,0.0,Clouds,overcast clouds,7
Alsógöd,47.676944,19.134444,2026-08-08 07:08:51.143010,25.48,25.42,24.33,25.48,1019,51,4.63,40,100,0.0,Clouds,overcast clouds,7
Göd,47.687778,19.1375,2026-08-08 07:08:52.288648,25.49,25.43,24.35,25.5,1019,51,4.63,40,100,0.0,Clouds,overcast clouds,7
Felsőgöd,47.705556,19.143333,2026-08-08 07:08:53.437510,25.52,25.46,23.35,25.55,1019,51,4.68,42,100,0.0,Clouds,overcast clouds,7
Sződ-Sződliget,47.728056,19.154722,2026-08-08 07:08:54.586553,25.5,25.44,23.34,25.54,1019,51,4.68,44,99,0.0,Clouds,overcast clouds,7
Vác,47.782778,19.133056,2026-08-08 07:08:55.732502,25.51,25.47,24.8,25.51,1019,52,4.49,47,98,0.0,Clouds,overcast clouds,7
Verőce,47.823889,19.029444,2026-08-08 07:08:56.888578,25.35,25.43,24.63,25.35,1019,57,2.25,66,99,0.0,Clouds,overcast clouds,7
Kismaros,47.8275,19.010278,2026-08-08 07:08:58.039125,24.76,24.78,24.76,24.76,1019,57,1.95,70,98,0.0,Clouds,overcast clouds,7
Nagymaros-Visegrád,47.791389,18.959167,2026-08-08 07:08:59.193694,24.78,24.8,24.78,25.5,1019,57,1.89,66,99,0.0,Clouds,overcast clouds,7
Nagymaros,47.780278,18.952222,2026-08-08 07:09:00.352259,24.86,24.89,24.86,25.57,1019,57,1.89,66,99,0.0,Clouds,overcast clouds,7
Zebegény,47.801389,18.908889,2026-08-08 07:09:01.503200,24.83,24.88,24.83,25.55,1019,58,1.59,71,99,0.0,Clouds,overcast clouds,7
Szob,47.821111,18.861944,2026-08-08 07:09:02.656023,24.79,24.84,24.79,24.79,1019,58,1.34,68,99,0.0,Clouds,overcast clouds,7
Alagimajor,47.601944,19.153889,2026-08-08 07:09:03.806851,25.19,25.1,24.34,26.46,1019,51,1.79,17,100,0.0,Clouds,overcast clouds,7
Fót,47.611389,19.181667,2026-08-08 07:09:04.955045,25.2,25.13,24.23,25.38,1019,52,4.53,34,100,0.0,Clouds,overcast clouds,7
Fótújfalu,47.615,19.192778,2026-08-08 07:09:06.114027,25.09,25.01,24.13,25.28,1019,52,4.53,34,100,0.0,Clouds,overcast clouds,7
Csomád,47.635556,19.222778,2026-08-08 07:09:07.270298,24.83,24.7,23.86,25.01,1019,51,4.63,34,98,0.0,Clouds,overcast clouds,7
Veresegyház,47.649167,19.288611,2026-08-08 07:09:08.422151,25.06,24.95,22.96,25.16,1019,51,5.03,34,88,0.0,Clouds,overcast clouds,7
Erdőkertes,47.662222,19.295833,2026-08-08 07:09:09.577683,25.02,24.83,22.92,25.11,1019,48,5.03,34,88,0.0,Clouds,overcast clouds,7
Őrbottyán,47.685833,19.283611,2026-08-08 07:09:10.726444,25.03,24.84,23.88,25.03,1019,48,5.38,36,87,0.0,Clouds,overcast clouds,7
Váchartyán,47.725833,19.248889,2026-08-08 07:09:11.879143,25.39,25.24,25.39,25.39,1019,48,5.82,39,90,0.0,Clouds,overcast clouds,7
Magyarkút-Verőce,47.826111,19.044444,2026-08-08 07:09:13.025663,25.51,25.6,25.51,25.51,1019,57,2.25,66,99,0.0,Clouds,overcast clouds,7
Szokolya,47.871111,19.030556,2026-08-08 07:09:14.181505,21.95,21.69,21.95,21.95,1019,57,1.94,73,99,0.0,Clouds,overcast clouds,7
Berkenye,47.885278,19.071944,2026-08-08 07:09:15.335705,22.69,22.5,22.69,22.69,1019,57,2.2,68,99,0.0,Clouds,overcast clouds,7
Nógrád,47.901944,19.0475,2026-08-08 07:09:16.484382,22.29,22.06,22.29,22.29,1019,57,1.79,77,99,0.0,Clouds,overcast clouds,7
Diósjenő,47.94,19.049444,2026-08-08 07:09:17.644959,21.89,21.62,21.89,21.89,1019,57,1.66,80,100,0.0,Clouds,overcast clouds,7
Borsosberény,47.971389,19.093056,2026-08-08 07:09:18.800379,22.61,22.41,22.61,22.61,1019,57,1.94,64,100,0.0,Clouds,overcast clouds,7
Nagyoroszi,47.993611,19.101111,2026-08-08 07:09:19.960381,22.44,22.23,22.44,22.44,1019,57,1.66,67,100,0.0,Clouds,overcast clouds,7
Drégelyvár,48.001944,19.079444,2026-08-08 07:09:21.121856,22.65,22.49,22.65,22.65,1019,58,1.32,83,100,0.0,Clouds,overcast clouds,7
Drégely,48.042222,19.056111,2026-08-08 07:09:22.282468,22.99,22.86,22.99,22.99,1019,58,1.21,85,100,0.0,Clouds,overcast clouds,7
Drégelypalánk,48.055,19.046111,2026-08-08 07:09:23.431594,23.1,22.98,23.1,23.1,1019,58,1.17,85,100,0.0,Clouds,overcast clouds,7
Ipolyvece,48.056944,19.106389,2026-08-08 07:09:24.583266,23.1,22.98,23.1,23.1,1019,58,1.07,75,100,0.0,Clouds,overcast clouds,7
Dejtár,48.045556,19.196389,2026-08-08 07:09:25.737114,23.07,22.95,23.07,23.07,1019,58,1.48,56,100,0.0,Clouds,overcast clouds,7
Ipolyszög,48.054444,19.221944,2026-08-08 07:09:26.891751,23.09,22.97,23.09,23.09,1019,58,1.39,51,100,0.0,Clouds,overcast clouds,7
Iklad-Domony,47.658056,19.444444,2026-08-08 07:09:28.057441,23.72,23.4,23.72,23.72,1019,48,4.36,32,58,0.0,Clouds,broken clouds,7
Iklad-Domony felső,47.667778,19.428056,2026-08-08 07:09:29.211418,25.4,25.25,25.4,25.4,1019,48,4.88,34,64,0.0,Clouds,broken clouds,7
Galgamácsa,47.693889,19.3925,2026-08-08 07:09:30.366728,25.39,25.24,25.39,25.39,1019,48,5.55,36,77,0.0,Clouds,broken clouds,7
Vácrátót,47.732778,19.217778,2026-08-08 07:09:31.524409,25.31,25.2,25.31,25.31,1019,50,5.41,41,96,0.0,Clouds,overcast clouds,7
Csörög,47.735833,19.196389,2026-08-08 07:09:32.672178,25.31,25.23,24.16,25.31,1019,51,5.08,42,98,0.0,Clouds,overcast clouds,7
Galgagyörk,47.735278,19.372222,2026-08-08 07:09:33.827657,25.29,25.13,25.29,25.29,1019,48,5.77,37,77,0.0,Clouds,broken clouds,7
Püspökhatvan,47.768611,19.366944,2026-08-08 07:09:34.983831,23.36,23.0,23.36,23.36,1019,48,5.98,38,78,0.0,Clouds,broken clouds,7
Acsa-Erdőkürt,47.801111,19.386111,2026-08-08 07:09:36.146254,23.18,22.81,23.18,23.18,1019,48,5.95,39,80,0.0,Clouds,broken clouds,7
Galgaguta,47.848611,19.385556,2026-08-08 07:09:37.294105,22.84,22.46,22.84,22.84,1019,49,5.6,40,85,0.0,Clouds,overcast clouds,7
Nógrádkövesd,47.879444,19.371111,2026-08-08 07:09:38.450575,22.97,22.63,22.97,22.97,1019,50,5.31,41,88,0.0,Clouds,overcast clouds,7
Magyarnándor,47.970833,19.356667,2026-08-08 07:09:39.601981,22.71,22.42,22.71,22.71,1019,53,3.95,42,97,0.0,Clouds,overcast clouds,7
Mohora,47.995556,19.347778,2026-08-08 07:09:40.764327,22.79,22.53,22.79,22.79,1019,54,3.48,42,99,0.0,Clouds,overcast clouds,7
Szügy,48.036389,19.333056,2026-08-08 07:09:41.917537,22.97,22.78,22.97,22.97,1019,56,2.64,42,100,0.0,Clouds,overcast clouds,7
Balassagyarmat,48.071111,19.293611,2026-08-08 07:09:43.070247,23.02,22.87,23.02,23.02,1019,57,2.02,42,100,0.0,Clouds,overcast clouds,7
Őrhalom,48.078773,19.403936,2026-08-08 07:09:44.220718,22.79,22.59,22.79,22.79,1019,56,2.59,39,100,0.0,Clouds,overcast clouds,7
Hugyag,48.083056,19.421111,2026-08-08 07:09:45.377435,22.79,22.59,22.79,22.79,1019,56,2.59,39,100,0.0,Clouds,overcast clouds,7
Szécsény,48.093056,19.521111,2026-08-08 07:09:46.528492,23.06,22.88,23.06,23.06,1019,56,3.21,41,100,0.0,Clouds,overcast clouds,7
Ludányhalászi,48.1325,19.529444,2026-08-08 07:09:47.680565,22.97,22.84,22.97,22.97,1019,58,2.44,35,100,0.0,Clouds,overcast clouds,7
Nógrádszakál,48.178333,19.521667,2026-08-08 07:09:48.836540,22.88,22.76,22.88,22.88,1019,59,2.11,30,100,0.0,Clouds,overcast clouds,7
Ráróspuszta,48.207222,19.541389,2026-08-08 07:09:49.991926,22.27,22.15,22.27,22.27,1020,61,1.58,16,100,0.0,Clouds,overcast clouds,7
Litke,48.215833,19.598611,2026-08-08 07:09:51.148698,22.77,22.72,22.77,22.77,1020,62,1.86,22,100,0.0,Clouds,overcast clouds,7
Nyíregyháza külső,47.943056,21.740278,2026-08-08 07:09:52.299754,22.63,22.57,22.63,22.63,1017,62,6.73,13,2,0.0,Clear,clear sky,7
Oros,47.945833,21.806389,2026-08-08 07:09:53.459310,22.63,22.59,22.63,22.63,1017,63,6.58,11,1,0.0,Clear,clear sky,7
Napkor,47.948889,21.873056,2026-08-08 07:09:54.607459,22.59,22.55,22.59,22.59,1017,63,6.26,9,0,0.15,Rain,light rain,7
Apagy,47.953775,21.939044,2026-08-08 07:09:55.761052,22.62,22.58,22.62,22.62,1017,63,6.09,9,0,0.18,Rain,light rain,7
Levelek-Magy,47.948056,21.993611,2026-08-08 07:09:56.917358,22.64,22.6,22.64,22.64,1017,63,5.72,9,0,0.0,Clear,clear sky,7
Ófehértó,47.940556,22.041389,2026-08-08 07:09:58.070505,22.65,22.62,22.65,22.65,1017,63,5.5,9,0,0.0,Clear,clear sky,7
Ligettanya,47.951667,22.071389,2026-08-08 07:09:59.218363,22.59,22.55,22.59,22.59,1017,63,5.19,9,0,0.0,Clear,clear sky,7
Baktalórántháza,47.988611,22.083333,2026-08-08 07:10:00.377406,22.55,22.53,22.55,22.55,1017,64,5.23,9,1,0.0,Clear,clear sky,7
Vaja-Rohod,48.006389,22.164167,2026-08-08 07:10:01.530902,22.61,22.6,22.61,22.61,1017,64,4.92,10,2,0.0,Clear,clear sky,7
Rákóczitanya,48.022222,22.178333,2026-08-08 07:10:02.697996,22.64,22.63,22.64,22.64,1017,64,4.77,10,2,0.0,Clear,clear sky,7
Nyírmada,48.059167,22.203056,2026-08-08 07:10:03.849310,22.57,22.58,22.57,22.57,1017,65,4.84,12,4,0.0,Clear,clear sky,7
Tunyogmatolcs,47.960244,22.442247,2026-08-08 07:10:05.017752,23.43,23.45,23.43,23.43,1017,62,3.69,12,0,0.0,Clear,clear sky,7
Tunyogmatolcs alsó,47.966025,22.464713,2026-08-08 07:10:06.170624,23.49,23.49,23.49,23.49,1017,61,3.61,12,0,0.0,Clear,clear sky,7
Fehérgyarmat,47.979167,22.524444,2026-08-08 07:10:07.328406,23.6,23.61,23.6,23.6,1017,61,3.44,13,0,0.0,Clear,clear sky,7
Penyige,47.995278,22.566944,2026-08-08 07:10:08.492882,23.67,23.69,23.67,23.67,1017,61,3.41,14,0,0.0,Clear,clear sky,7
Nagyszekeres,47.976111,22.6125,2026-08-08 07:10:09.646921,23.71,23.73,23.71,23.71,1017,61,3.39,15,0,0.0,Clear,clear sky,7
Kisszekeres,47.965833,22.629444,2026-08-08 07:10:10.796487,23.73,23.75,23.73,23.73,1017,61,3.46,15,0,0.0,Clear,clear sky,7
Jánkmajtis,47.941944,22.657222,2026-08-08 07:10:11.947741,23.78,23.81,23.78,23.78,1017,61,3.49,16,0,0.0,Clear,clear sky,7
Gacsály,47.926111,22.745,2026-08-08 07:10:13.098749,23.84,23.87,23.84,23.84,1016,61,3.37,18,0,0.0,Clear,clear sky,7
Zajta,47.9025,22.796111,2026-08-08 07:10:14.253276,23.89,23.93,23.89,23.89,1016,61,3.22,18,0,0.0,Clear,clear sky,7
Eperjeske alsó,48.360556,22.19,2026-08-08 07:10:15.408262,22.27,22.22,22.27,22.27,1017,64,5.21,16,32,0.0,Clouds,scattered clouds,7
Mándok,48.326944,22.196389,2026-08-08 07:10:16.562500,22.29,22.25,22.29,22.29,1017,64,5.2,16,26,0.0,Clouds,scattered clouds,7
Tornyospálca,48.268333,22.201944,2026-08-08 07:10:17.715894,22.38,22.37,22.38,22.38,1017,65,5.15,16,20,0.0,Clouds,few clouds,7
Aranyosapáti,48.211303,22.253534,2026-08-08 07:10:18.873206,22.66,22.68,22.66,22.66,1017,65,4.64,18,6,0.0,Clear,clear sky,7
Gyüre,48.171389,22.269167,2026-08-08 07:10:20.025952,22.71,22.73,22.71,22.71,1017,65,4.55,16,5,0.0,Clear,clear sky,7
Varsány,48.151722,22.290047,2026-08-08 07:10:21.183661,22.83,22.84,22.83,22.83,1017,64,4.34,16,4,0.0,Clear,clear sky,7
Vásárosnamény,48.126667,22.306111,2026-08-08 07:10:22.338553,22.88,22.89,22.88,22.88,1017,64,4.3,15,4,0.0,Clear,clear sky,7
Vitka,48.095556,22.308056,2026-08-08 07:10:23.486611,22.9,22.92,22.9,22.9,1017,64,4.26,14,3,0.0,Clear,clear sky,7
Nagydobos,48.054167,22.311111,2026-08-08 07:10:24.643661,22.87,22.88,22.87,22.87,1017,64,4.23,13,3,0.0,Clear,clear sky,7
Ópályi,47.997778,22.318333,2026-08-08 07:10:25.798821,23.0,23.0,23.0,23.0,1017,63,4.18,11,1,0.0,Clear,clear sky,7
Nyírcsaholy,47.908056,22.348333,2026-08-08 07:10:26.959289,23.29,23.29,23.29,23.29,1017,62,4.04,10,0,0.0,Clear,clear sky,7
Nagyecsed,47.864722,22.385556,2026-08-08 07:10:28.112959,23.51,23.51,23.51,23.51,1017,61,3.87,11,0,0.0,Clear,clear sky,7
Tiborszállás,47.815278,22.402778,2026-08-08 07:10:29.263177,23.6,23.61,23.6,23.6,1017,61,3.89,12,0,0.0,Clear,clear sky,7
Kiskunhalas,46.434444,19.493611,2026-08-08 07:10:30.416518,25.23,25.22,25.23,25.23,1018,54,5.73,24,2,0.0,Clear,clear sky,7
Kecskemét alsó,46.895833,19.692222,2026-08-08 07:10:31.565266,24.32,24.27,24.32,24.32,1018,56,4.97,26,7,0.0,Clear,clear sky,7
Putnok,48.286667,20.4375,2026-08-08 07:10:32.717644,22.09,22.1,21.14,22.09,1019,67,1.93,18,84,0.0,Clouds,broken clouds,7
Bánréve,48.299722,20.351944,2026-08-08 07:10:33.872419,22.08,22.09,22.08,22.08,1019,67,2.52,22,93,0.0,Clouds,overcast clouds,7
Ipolytarnóc,48.236667,19.629167,2026-08-08 07:10:35.024883,22.69,22.66,22.69,22.69,1020,63,1.7,19,100,0.0,Clouds,overcast clouds,7
Rákosliget,47.486111,19.257778,2026-08-08 07:10:36.174054,24.71,24.62,24.19,25.34,1019,53,3.16,24,78,0.0,Clouds,broken clouds,7
Ikrény,47.657778,17.524167,2026-08-08 07:10:37.326381,23.41,23.16,23.41,23.41,1020,52,4.0,356,100,0.0,Clouds,overcast clouds,7
Rábapatona,47.648889,17.461944,2026-08-08 07:10:38.473029,23.42,23.18,23.42,23.42,1020,52,4.01,355,97,0.0,Clouds,overcast clouds,7
Enese,47.644167,17.425278,2026-08-08 07:10:39.627386,23.42,23.18,23.42,23.42,1020,52,4.0,354,92,0.0,Clouds,overcast clouds,7
Kóny,47.632222,17.357222,2026-08-08 07:10:40.770672,23.39,23.14,23.39,23.39,1020,52,3.94,354,84,0.0,Clouds,broken clouds,7
Farád,47.595278,17.195833,2026-08-08 07:10:41.923284,23.37,23.17,23.37,23.37,1020,54,4.11,350,50,0.0,Clouds,scattered clouds,7
Rábatamási,47.592778,17.161389,2026-08-08 07:10:43.088342,23.37,23.17,23.37,23.37,1020,54,4.11,350,50,0.0,Clouds,scattered clouds,7
Szárföld,47.589167,17.123889,2026-08-08 07:10:44.240869,23.37,23.17,23.37,23.37,1020,54,4.19,350,47,0.0,Clouds,scattered clouds,7
Veszkény,47.586944,17.101389,2026-08-08 07:10:45.399039,23.37,23.17,23.37,23.37,1020,54,4.27,349,44,0.0,Clouds,scattered clouds,7
Kapuvár,47.581944,17.046944,2026-08-08 07:10:46.550180,23.34,23.17,23.34,23.34,1020,55,4.51,349,28,0.0,Clouds,scattered clouds,7
Vitnyéd-Csermajor,47.5825,16.987222,2026-08-08 07:10:47.706430,23.34,23.17,23.34,23.34,1020,55,4.77,349,25,0.0,Clouds,scattered clouds,7
Petőháza,47.595278,16.893056,2026-08-08 07:10:48.859361,23.38,23.21,23.38,23.38,1020,55,5.16,348,26,0.0,Clouds,scattered clouds,7
Fertőszentmiklós,47.6,16.858889,2026-08-08 07:10:50.026136,24.49,24.46,24.49,24.49,1020,56,5.27,348,23,0.0,Clouds,few clouds,7
Pinnye,47.600278,16.768611,2026-08-08 07:10:51.186462,24.37,24.32,24.37,24.37,1020,56,5.47,350,25,0.0,Clouds,scattered clouds,7
Fertőboz,47.625,16.691667,2026-08-08 07:10:52.342748,24.21,24.12,24.21,24.21,1020,55,5.39,350,25,0.0,Clouds,scattered clouds,7
Sopron,47.677778,16.587222,2026-08-08 07:10:53.496293,23.91,23.77,23.91,23.91,1020,54,4.97,352,20,0.0,Clouds,few clouds,7
Fertőszéplak-Fertőd,47.618889,16.850833,2026-08-08 07:10:54.656552,24.51,24.48,24.51,24.51,1020,56,5.35,348,23,0.0,Clouds,few clouds,7
Nyúl,47.587778,17.698056,2026-08-08 07:10:55.814806,23.4,23.15,23.4,23.4,1020,52,3.38,357,100,0.0,Clouds,overcast clouds,7
Pannonhalma,47.547778,17.740833,2026-08-08 07:10:56.974958,23.23,23.02,23.23,23.23,1020,54,2.98,353,100,0.0,Clouds,overcast clouds,7
Tarjánpuszta,47.504722,17.789167,2026-08-08 07:10:58.127300,23.17,22.98,23.17,23.17,1020,55,2.84,348,98,0.0,Clouds,overcast clouds,7
Győrasszonyfa,47.4925,17.799167,2026-08-08 07:10:59.277348,23.17,22.98,23.17,23.17,1020,55,2.84,348,98,0.0,Clouds,overcast clouds,7
Veszprémvarsány,47.443333,17.818333,2026-08-08 07:11:00.429543,23.11,22.94,23.11,23.11,1020,56,2.82,345,98,0.0,Clouds,overcast clouds,7
Bakonyszentlászló,47.395556,17.8175,2026-08-08 07:11:01.586941,22.77,22.59,22.77,22.77,1020,57,2.84,344,98,0.0,Clouds,overcast clouds,7
Porva-Csesznek,47.326944,17.841111,2026-08-08 07:11:02.740965,21.46,21.15,21.46,21.46,1020,57,2.85,344,99,0.0,Clouds,overcast clouds,7
Zirc,47.266667,17.878056,2026-08-08 07:11:03.909576,21.64,21.35,21.64,21.64,1020,57,2.81,348,100,0.0,Clouds,overcast clouds,7
Eplény,47.192778,17.921667,2026-08-08 07:11:05.066412,22.23,21.97,22.23,22.23,1019,56,2.58,357,100,0.0,Clouds,overcast clouds,7
Marcaltő,47.4275,17.348889,2026-08-08 07:11:06.222111,23.24,23.06,23.24,23.24,1020,55,3.37,353,67,0.0,Clouds,broken clouds,7
Szany-Rábaszentandrás,47.460833,17.315278,2026-08-08 07:11:07.378126,23.28,23.1,23.28,23.28,1020,55,3.57,354,60,0.0,Clouds,broken clouds,7
Egyed-Rábacsanak,47.521944,17.316389,2026-08-08 07:11:08.531000,23.3,23.1,23.3,23.3,1020,54,3.74,354,61,0.0,Clouds,broken clouds,7
Rábapordány,47.557222,17.315,2026-08-08 07:11:09.684486,23.34,23.14,23.34,23.34,1020,54,3.81,354,64,0.0,Clouds,broken clouds,7
Albertfalva,47.440784,19.033965,2026-08-08 07:11:10.836298,25.77,25.79,24.44,26.56,1019,53,2.68,357,94,0.0,Clouds,overcast clouds,7
Budafok,47.425833,19.041389,2026-08-08 07:11:11.985914,25.84,25.86,24.45,26.57,1019,53,2.68,357,91,0.0,Clouds,overcast clouds,7
Tétényliget,47.384722,18.955278,2026-08-08 07:11:13.138555,26.09,26.09,24.47,26.59,1019,53,2.68,357,94,0.0,Clouds,overcast clouds,7
Érd alsó,47.379722,18.923056,2026-08-08 07:11:14.280110,25.94,25.97,24.33,26.45,1019,53,2.68,357,97,0.0,Clouds,overcast clouds,7
Tárnok,47.365556,18.873889,2026-08-08 07:11:15.429476,25.98,25.98,24.39,26.52,1019,53,3.91,32,99,0.0,Clouds,overcast clouds,7
Martonvásár,47.321389,18.781667,2026-08-08 07:11:16.576156,26.03,26.03,24.32,26.45,1019,51,3.98,31,100,0.0,Clouds,overcast clouds,7
Baracska,47.297222,18.753333,2026-08-08 07:11:17.725583,26.01,26.01,26.01,26.55,1019,51,3.98,32,100,0.0,Clouds,overcast clouds,7
Pettend,47.26,18.708889,2026-08-08 07:11:18.880575,25.91,25.89,25.91,25.91,1019,51,3.59,33,100,0.0,Clouds,overcast clouds,7
Kápolnásnyék,47.245556,18.692222,2026-08-08 07:11:20.027961,25.94,25.92,25.94,25.94,1019,51,3.43,34,100,0.0,Clouds,overcast clouds,7
Velence,47.226944,18.663889,2026-08-08 07:11:21.177176,25.96,25.96,25.96,25.96,1019,52,3.05,35,100,0.0,Clouds,overcast clouds,7
Velencefürdő,47.218611,18.648056,2026-08-08 07:11:22.328464,24.03,23.85,24.03,24.03,1019,52,3.22,36,100,0.0,Clouds,overcast clouds,7
Gárdony,47.205833,18.624722,2026-08-08 07:11:23.487564,24.05,23.87,24.05,24.05,1019,52,2.85,36,100,0.0,Clouds,overcast clouds,7
Agárd,47.197666,18.604907,2026-08-08 07:11:24.636576,24.05,23.87,24.05,24.05,1019,52,2.85,36,100,0.0,Clouds,overcast clouds,7
Dinnyés,47.179722,18.560833,2026-08-08 07:11:25.806218,24.07,23.92,24.07,24.07,1019,53,2.36,38,100,0.0,Clouds,overcast clouds,7
Székesfehérvár,47.183611,18.424722,2026-08-08 07:11:26.967305,23.98,23.87,23.98,23.98,1019,55,1.31,24,100,0.0,Clouds,overcast clouds,7
Szabadbattyán,47.105278,18.388333,2026-08-08 07:11:28.119855,24.03,23.95,24.03,24.03,1019,56,1.93,32,100,0.0,Clouds,overcast clouds,7
Kiscséripuszta,47.048056,18.355,2026-08-08 07:11:29.274476,24.12,24.08,24.12,24.12,1019,57,2.3,32,100,0.0,Clouds,overcast clouds,7
Lepsény,46.9875,18.248056,2026-08-08 07:11:30.425169,24.34,24.97,23.23,24.34,1019,82,2.51,31,100,0.0,Clouds,overcast clouds,7
Balatonaliga,46.984444,18.171389,2026-08-08 07:11:31.587136,24.15,24.76,23.04,24.15,1019,82,2.28,30,98,0.0,Clouds,overcast clouds,7
Balatonvilágos,46.964167,18.157222,2026-08-08 07:11:32.744518,24.19,24.81,23.08,24.19,1019,82,2.33,29,98,0.0,Clouds,overcast clouds,7
Szabadifürdő,46.926111,18.103333,2026-08-08 07:11:33.900194,24.36,24.99,23.25,24.36,1019,82,2.44,25,99,0.0,Clouds,overcast clouds,7
Ózd alsó,48.227778,20.306111,2026-08-08 07:11:35.048380,21.92,21.76,21.92,22.62,1019,61,2.7,21,90,0.0,Clouds,overcast clouds,7
Ózd,48.2225,20.294722,2026-08-08 07:11:36.201003,21.97,21.82,21.97,22.67,1019,61,2.7,21,90,0.0,Clouds,overcast clouds,7
Alsóboldva,48.212778,20.792222,2026-08-08 07:11:37.352772,21.35,22.15,21.35,24.01,1019,100,7.77,9,46,0.0,Clouds,scattered clouds,7
Boldva,48.223333,20.790278,2026-08-08 07:11:38.500258,21.34,21.02,21.34,24.01,1019,57,7.77,9,46,0.0,Clouds,scattered clouds,7
Borsodszirák,48.259167,20.770556,2026-08-08 07:11:39.655277,21.3,21.0,21.3,21.3,1019,58,6.78,10,59,0.0,Clouds,broken clouds,7
Edelény alsó,48.279167,20.760833,2026-08-08 07:11:40.817232,21.28,20.98,21.28,21.28,1019,58,6.78,10,59,0.0,Clouds,broken clouds,7
Edelény,48.299722,20.749444,2026-08-08 07:11:41.968796,21.26,20.96,21.26,21.26,1019,58,6.53,10,63,0.0,Clouds,broken clouds,7
Szendrőlád,48.334444,20.731944,2026-08-08 07:11:43.133123,21.67,21.43,21.67,21.67,1019,59,5.42,11,75,0.0,Clouds,broken clouds,7
Szendrő,48.400725,20.721346,2026-08-08 07:11:44.287560,22.46,22.33,22.46,22.46,1019,60,4.99,13,84,0.0,Clouds,broken clouds,7
Szendrő felső,48.409907,20.720148,2026-08-08 07:11:45.441727,22.46,22.33,22.46,22.46,1019,60,4.99,13,84,0.0,Clouds,broken clouds,7
Szalonna,48.449444,20.722222,2026-08-08 07:11:46.599324,22.38,22.24,22.38,22.38,1019,60,4.65,14,91,0.0,Clouds,overcast clouds,7
Perkupa,48.471389,20.691111,2026-08-08 07:11:47.750099,21.62,21.43,21.62,21.62,1019,61,3.47,14,98,0.0,Clouds,overcast clouds,7
Szemeretelep,47.443056,19.214167,2026-08-08 07:11:48.905609,25.24,25.18,24.25,26.38,1019,52,3.37,24,72,0.0,Clouds,broken clouds,7
Jósvafő-Aggtelek,48.489722,20.693889,2026-08-08 07:11:50.052939,21.87,21.73,21.87,21.87,1019,62,3.44,14,100,0.0,Clouds,overcast clouds,7
Bódvaszilas,48.5375,20.738056,2026-08-08 07:11:51.207814,21.39,21.18,21.39,21.39,1019,61,4.34,15,97,0.0,Clouds,overcast clouds,7
Komjáti,48.5475,20.759722,2026-08-08 07:11:52.360034,20.83,20.59,20.83,20.83,1019,62,4.75,15,95,0.0,Clouds,overcast clouds,7
Tornanádaska,48.558333,20.787222,2026-08-08 07:11:53.517702,21.97,21.82,21.97,21.97,1019,61,5.29,14,91,0.0,Clouds,overcast clouds,7
Onga,48.121111,20.906667,2026-08-08 07:11:54.666772,21.4,22.21,21.4,24.07,1018,100,8.71,9,20,0.0,Clouds,few clouds,7
Szikszó-Vásártér,48.193056,20.934722,2026-08-08 07:11:55.820128,21.37,21.02,21.37,24.03,1018,56,8.76,10,24,0.0,Clouds,few clouds,7
Szikszó,48.201667,20.941667,2026-08-08 07:11:56.981279,21.38,21.06,21.38,21.38,1018,57,8.68,10,20,0.0,Clouds,few clouds,7
Aszaló,48.219867,20.961466,2026-08-08 07:11:58.130867,21.36,21.04,21.36,21.36,1018,57,8.74,10,21,0.0,Clouds,few clouds,7
Halmaj,48.246667,20.991667,2026-08-08 07:11:59.282153,22.76,22.58,22.76,22.76,1018,57,8.74,11,19,0.0,Clouds,few clouds,7
Csobád,48.277222,21.033889,2026-08-08 07:12:00.432288,22.62,22.45,22.62,22.62,1018,58,8.73,12,18,0.0,Clouds,few clouds,7
Ináncs,48.291111,21.057778,2026-08-08 07:12:01.588427,22.41,22.25,22.41,22.41,1018,59,8.43,14,18,0.0,Clouds,few clouds,7
Forró-Encs,48.3275,21.117778,2026-08-08 07:12:02.737998,22.2,22.02,22.2,22.2,1018,59,8.28,15,21,0.0,Clouds,few clouds,7
Méra,48.363056,21.140278,2026-08-08 07:12:03.890502,21.77,21.57,21.77,21.77,1018,60,8.25,16,29,0.0,Clouds,scattered clouds,7
Novajidrány,48.404444,21.170556,2026-08-08 07:12:05.048851,22.77,22.67,22.77,22.77,1018,60,7.97,16,36,0.0,Clouds,scattered clouds,7
Hernádszurdok,48.487222,21.213889,2026-08-08 07:12:06.201718,22.51,22.1,21.36,22.69,1018,49,7.42,16,54,0.0,Clouds,broken clouds,7
Hidasnémeti,48.508333,21.229722,2026-08-08 07:12:07.362843,22.5,22.08,21.36,22.7,1018,49,7.48,15,58,0.0,Clouds,broken clouds,7
Mád,48.19,21.268889,2026-08-08 07:12:08.518532,23.4,23.41,23.4,23.4,1018,62,5.86,19,11,0.0,Clouds,few clouds,7
Rátka,48.215,21.230278,2026-08-08 07:12:09.684207,23.56,23.59,23.56,23.56,1018,62,6.16,17,12,0.0,Clouds,few clouds,7
Tállya,48.226944,21.225278,2026-08-08 07:12:10.839555,23.51,23.54,23.51,23.51,1018,62,6.16,17,12,0.0,Clouds,few clouds,7
Golop,48.242778,21.204167,2026-08-08 07:12:11.991409,23.63,23.64,23.63,23.63,1018,61,6.93,16,14,0.0,Clouds,few clouds,7
Abaújszántó,48.286944,21.181667,2026-08-08 07:12:13.147280,23.54,23.54,23.54,23.54,1018,61,7.32,16,19,0.0,Clouds,few clouds,7
Abaújszántói fürdő,48.268333,21.179722,2026-08-08 07:12:14.297487,23.6,23.61,23.6,23.6,1018,61,7.13,16,16,0.0,Clouds,few clouds,7
Abaújkér,48.309444,21.198333,2026-08-08 07:12:15.446627,23.5,23.5,23.5,23.5,1018,61,7.5,16,23,0.0,Clouds,few clouds,7
Boldogkőváralja,48.345,21.208889,2026-08-08 07:12:16.597739,23.3,23.3,23.3,23.3,1018,62,6.87,17,29,0.0,Clouds,scattered clouds,7
Korlát-Vizsoly,48.365,21.219167,2026-08-08 07:12:17.750569,23.21,23.21,23.21,23.21,1018,62,7.01,17,34,0.0,Clouds,scattered clouds,7
Fony,48.411389,21.242778,2026-08-08 07:12:18.909913,22.57,22.5,20.27,22.57,1018,62,7.25,17,44,0.0,Clouds,scattered clouds,7
Hejce-Vilmány,48.419444,21.245556,2026-08-08 07:12:20.057104,22.54,22.47,20.23,22.54,1018,62,7.25,17,44,0.0,Clouds,scattered clouds,7
Göncruszka,48.445,21.246944,2026-08-08 07:12:21.210206,22.5,22.4,20.32,22.63,1018,61,7.34,16,49,0.0,Clouds,scattered clouds,7
Gönc,48.470556,21.261389,2026-08-08 07:12:22.364914,22.24,22.14,20.23,22.53,1018,62,7.05,16,54,0.0,Clouds,broken clouds,7
Zsujta,48.4925,21.265,2026-08-08 07:12:23.517460,22.13,21.68,20.25,22.55,1018,49,7.12,15,58,0.0,Clouds,broken clouds,7
Bodrogkeresztúr,48.175556,21.354167,2026-08-08 07:12:24.667713,23.67,23.74,23.67,23.67,1018,63,5.69,21,9,0.0,Clear,clear sky,7
Szegi,48.201944,21.387778,2026-08-08 07:12:25.825219,23.71,23.83,20.76,23.71,1018,65,5.92,21,10,0.0,Clear,clear sky,7
Erdőbénye,48.218056,21.401944,2026-08-08 07:12:26.973149,23.68,23.83,20.73,23.68,1018,66,6.08,20,11,0.0,Clouds,few clouds,7
Olaszliszka-Tolcsva,48.258333,21.448056,2026-08-08 07:12:28.125970,23.71,23.91,20.76,23.71,1018,68,6.22,18,13,0.0,Clouds,few clouds,7
Bodrogolaszi,48.286944,21.512778,2026-08-08 07:12:29.283819,20.7,21.41,20.7,23.65,1018,99,6.37,16,14,0.0,Clouds,few clouds,7
Sárospatak,48.325833,21.566111,2026-08-08 07:12:30.438548,20.65,21.36,20.65,23.6,1018,99,6.92,11,12,0.0,Clouds,few clouds,7
Sátoraljaújhely,48.385833,21.657778,2026-08-08 07:12:31.585418,20.73,21.44,20.73,20.73,1018,99,7.2,5,19,0.0,Clouds,few clouds,7
Vecsés,47.40855,19.25652,2026-08-08 07:12:32.734940,25.24,25.2,23.25,26.42,1018,53,3.02,25,57,0.0,Clouds,broken clouds,7
Vecsés-Kertekalja,47.403333,19.271389,2026-08-08 07:12:33.886678,25.29,25.26,23.29,26.45,1018,53,3.02,25,57,0.0,Clouds,broken clouds,7
Üllő,47.390833,19.348889,2026-08-08 07:12:35.034882,25.22,25.08,23.24,26.41,1018,49,2.89,28,43,0.0,Clouds,scattered clouds,7
Monor,47.34545,19.43701,2026-08-08 07:12:36.188719,23.97,23.73,23.97,23.97,1018,50,3.22,33,24,0.0,Clouds,few clouds,7
Pilis,47.279722,19.536389,2026-08-08 07:12:37.339028,24.19,23.97,24.19,24.19,1018,50,3.62,34,17,0.0,Clouds,few clouds,7
Albertirsa,47.240278,19.606389,2026-08-08 07:12:38.492716,24.28,24.1,24.28,24.28,1018,51,4.19,33,15,0.0,Clouds,few clouds,7
Ceglédbercel-Cserő,47.210278,19.686944,2026-08-08 07:12:39.645576,24.35,24.17,24.35,24.35,1018,51,4.58,33,14,0.0,Clouds,few clouds,7
Cegléd,47.182778,19.806111,2026-08-08 07:12:40.794901,24.45,24.28,24.34,24.45,1018,51,5.09,30,14,0.0,Clouds,few clouds,7
Abony,47.173056,20.016389,2026-08-08 07:12:41.951568,24.4,24.36,24.4,24.52,1018,56,5.64,24,12,0.0,Clouds,few clouds,7
Szolnok,47.179167,20.175833,2026-08-08 07:12:43.105287,24.42,24.38,24.42,24.54,1018,56,4.02,359,8,0.0,Clear,clear sky,7
Szajol,47.170556,20.295278,2026-08-08 07:12:44.259373,24.43,24.39,24.43,24.43,1018,56,6.97,19,6,0.0,Clear,clear sky,7
Törökszentmiklós,47.170278,20.413611,2026-08-08 07:12:45.411846,24.43,24.31,24.43,24.43,1018,53,7.07,18,6,0.0,Clear,clear sky,7
Rákoscsaba-Újtelep,47.4875,19.271944,2026-08-08 07:12:46.557921,24.72,24.63,24.19,25.34,1019,53,3.16,24,78,0.0,Clouds,broken clouds,7
Rákoscsaba,47.492222,19.284722,2026-08-08 07:12:47.710246,24.73,24.64,23.14,26.3,1019,53,3.05,24,75,0.0,Clouds,broken clouds,7
Pécel,47.493889,19.338889,2026-08-08 07:12:48.858975,24.66,24.46,23.01,26.18,1019,49,2.97,25,71,0.0,Clouds,broken clouds,7
Isaszeg,47.537719,19.388955,2026-08-08 07:12:50.008564,25.12,24.97,23.97,25.12,1019,49,3.43,28,74,0.0,Clouds,broken clouds,7
Gödöllő,47.592222,19.358611,2026-08-08 07:12:51.158871,24.65,24.42,22.7,24.9,1019,48,4.12,31,77,0.0,Clouds,broken clouds,7
Máriabesnyő,47.595556,19.389722,2026-08-08 07:12:52.308701,25.04,24.85,23.89,25.04,1019,48,4.12,31,77,0.0,Clouds,broken clouds,7
Bag,47.641111,19.471667,2026-08-08 07:12:53.461282,23.72,23.4,23.72,23.72,1019,48,4.36,32,58,0.0,Clouds,broken clouds,7
Aszód,47.647467,19.492882,2026-08-08 07:12:54.618389,23.63,23.33,23.63,23.63,1019,49,4.14,32,51,0.0,Clouds,broken clouds,7
Hévízgyörk,47.638611,19.526667,2026-08-08 07:12:55.771103,23.66,23.36,23.66,23.66,1019,49,3.91,31,44,0.0,Clouds,scattered clouds,7
Galgahévíz,47.6325,19.558333,2026-08-08 07:12:56.925706,23.91,23.64,23.91,23.91,1019,49,3.38,29,31,0.0,Clouds,scattered clouds,7
Tura,47.626389,19.5975,2026-08-08 07:12:58.080697,23.87,23.59,23.87,23.87,1018,49,3.25,28,25,0.0,Clouds,scattered clouds,7
Hatvan,47.663611,19.671389,2026-08-08 07:12:59.235369,23.97,23.7,23.97,23.97,1018,49,3.18,25,15,0.0,Clouds,few clouds,7
Vámosgyörk,47.686111,19.927778,2026-08-08 07:13:00.387997,24.08,23.85,24.08,24.08,1018,50,3.62,20,17,0.0,Clouds,few clouds,7
Adács,47.696389,19.975278,2026-08-08 07:13:01.541557,24.12,23.92,24.12,24.12,1018,51,3.89,20,25,0.0,Clouds,scattered clouds,7
Karácsond,47.718056,20.048611,2026-08-08 07:13:02.693706,24.0,23.79,24.0,24.0,1018,51,3.98,19,31,0.0,Clouds,scattered clouds,7
Ludas,47.723889,20.095556,2026-08-08 07:13:03.856519,24.17,24.0,24.17,24.17,1018,52,4.25,18,28,0.0,Clouds,scattered clouds,7
Nagyút,47.72666666666667,20.161388888888887,2026-08-08 07:13:05.011869,24.12,23.95,24.12,24.12,1018,52,4.35,18,26,0.0,Clouds,scattered clouds,7
Kál-Kápolna,47.734167,20.254167,2026-08-08 07:13:06.171517,24.08,23.9,24.08,24.08,1018,52,4.96,19,18,0.0,Clouds,few clouds,7
Füzesabony,47.751389,20.415278,2026-08-08 07:13:07.320356,24.0,23.81,24.0,24.0,1018,52,6.24,22,19,0.0,Clouds,few clouds,7
Szihalom,47.766944,20.491944,2026-08-08 07:13:08.468719,24.06,23.91,24.06,24.06,1018,53,6.75,22,19,0.0,Clouds,few clouds,7
Mezőkövesd,47.797222,20.5675,2026-08-08 07:13:09.625725,24.07,23.92,24.07,24.07,1018,53,7.68,21,17,0.0,Clouds,few clouds,7
Mezőkövesd felső,47.807222,20.591389,2026-08-08 07:13:10.783147,24.05,23.89,21.39,24.05,1018,53,7.68,21,17,0.0,Clouds,few clouds,7
Mezőkeresztes-Mezőnyárád,47.845556,20.670278,2026-08-08 07:13:11.937727,24.05,23.87,21.39,24.05,1018,52,8.58,16,14,0.0,Clouds,few clouds,7
Csincse,47.890833,20.764167,2026-08-08 07:13:13.092623,24.07,23.89,21.41,24.07,1018,52,3.13,352,14,0.0,Clouds,few clouds,7
Emőd,47.930556,20.822778,2026-08-08 07:13:14.246456,24.09,23.91,21.43,24.09,1018,52,3.13,352,17,0.0,Clouds,few clouds,7
Nyékládháza,47.9925,20.840556,2026-08-08 07:13:15.409940,24.12,23.95,21.45,24.12,1018,52,3.13,352,20,0.0,Clouds,few clouds,7
Miskolc-Tiszai,48.098611,20.811389,2026-08-08 07:13:16.558391,21.38,22.18,21.38,24.04,1018,100,8.79,8,30,0.0,Clouds,scattered clouds,7
Felsőzsolca,48.083611,20.866111,2026-08-08 07:13:17.709878,21.4,22.21,21.4,24.07,1018,100,8.94,8,25,0.0,Clouds,scattered clouds,7
Hernádnémeti-Bőcs,48.051389,20.985,2026-08-08 07:13:18.872270,24.07,23.99,21.4,24.07,1018,56,7.96,10,15,0.0,Clouds,few clouds,7
Tiszalúc,48.039722,21.0575,2026-08-08 07:13:20.023867,23.98,23.92,21.45,24.11,1018,57,6.72,13,11,0.0,Clouds,few clouds,7
Taktaharkány,48.091667,21.128611,2026-08-08 07:13:21.173465,23.75,23.69,23.75,23.75,1018,58,6.65,13,9,0.0,Clear,clear sky,7
Taktaszada,48.1125,21.149444,2026-08-08 07:13:22.333519,23.76,23.73,23.76,23.76,1018,59,6.48,14,8,0.0,Clear,clear sky,7
Szerencs,48.155556,21.214444,2026-08-08 07:13:23.482501,23.75,23.77,23.75,23.75,1018,61,5.93,18,9,0.0,Clear,clear sky,7
Mezőzombor,48.156944,21.267778,2026-08-08 07:13:24.632029,23.75,23.8,23.75,23.75,1018,62,5.77,19,9,0.0,Clear,clear sky,7
Tarcal,48.125,21.34,2026-08-08 07:13:25.788258,23.77,23.82,23.77,23.77,1018,62,5.63,21,7,0.0,Clear,clear sky,7
Tokaj,48.112778,21.406667,2026-08-08 07:13:26.940966,23.73,23.8,23.73,23.73,1018,63,6.09,22,7,0.0,Clear,clear sky,7
Rakamaz,48.12,21.475,2026-08-08 07:13:28.088465,23.73,23.83,23.73,23.73,1018,64,6.31,21,7,0.0,Clear,clear sky,7
Görögszállás,48.04,21.555,2026-08-08 07:13:29.246205,23.69,23.76,23.69,23.69,1018,63,6.7,20,6,0.0,Clear,clear sky,7
Nyírtelek,48.005,21.615556,2026-08-08 07:13:30.401999,24.29,24.42,24.29,24.29,1017,63,7.02,17,5,0.0,Clear,clear sky,7
Rákoshegy,47.468611,19.245556,2026-08-08 07:13:31.555339,24.61,24.51,24.13,25.29,1019,53,3.04,23,72,0.0,Clouds,broken clouds,7
Ecser,47.439444,19.318056,2026-08-08 07:13:32.704977,24.85,24.67,23.14,26.3,1018,49,2.87,24,62,0.0,Clouds,broken clouds,7
Maglód,47.438889,19.340833,2026-08-08 07:13:33.859524,24.8,24.62,23.08,26.25,1018,49,2.8,25,59,0.0,Clouds,broken clouds,7
Maglódi nyaraló,47.434167,19.363611,2026-08-08 07:13:35.013924,24.72,24.53,22.98,26.15,1018,49,2.77,26,55,0.0,Clouds,broken clouds,7
Gyömrő,47.429722,19.393333,2026-08-08 07:13:36.169104,24.03,23.77,23.99,26.11,1018,49,2.77,26,55,0.0,Clouds,broken clouds,7
Mende,47.426944,19.439722,2026-08-08 07:13:37.318489,23.95,23.71,23.95,23.95,1018,50,2.9,31,41,0.0,Clouds,scattered clouds,7
Szőlősnyaraló,47.450278,19.561111,2026-08-08 07:13:38.465543,24.18,23.96,24.18,24.18,1018,50,3.15,32,31,0.0,Clouds,scattered clouds,7
Sülysáp,47.451944,19.5275,2026-08-08 07:13:39.614857,24.16,23.94,24.16,24.16,1018,50,2.99,32,39,0.0,Clouds,scattered clouds,7
Tápiószecső,47.443056,19.614722,2026-08-08 07:13:40.767346,24.26,24.05,24.26,24.26,1018,50,3.26,32,28,0.0,Clouds,scattered clouds,7
Szentmártonkáta,47.431944,19.680556,2026-08-08 07:13:41.921665,24.29,24.11,24.29,24.29,1018,51,3.48,31,20,0.0,Clouds,few clouds,7
Nagykáta,47.409722,19.737778,2026-08-08 07:13:43.067487,24.36,24.18,24.36,24.36,1018,51,3.74,31,17,0.0,Clouds,few clouds,7
Farmos,47.355278,19.8375,2026-08-08 07:13:44.216598,24.47,24.3,24.47,24.47,1018,51,0.45,16,14,0.0,Clouds,few clouds,7
Tápiószele,47.346313,19.873504,2026-08-08 07:13:45.369020,24.45,24.28,24.45,24.45,1018,51,0.45,16,14,0.0,Clouds,few clouds,7
Tápiógyörgye,47.325,19.95,2026-08-08 07:13:46.518788,24.51,24.35,24.39,24.51,1018,51,0.45,16,14,0.0,Clouds,few clouds,7
Újszász,47.285833,20.066944,2026-08-08 07:13:47.665686,24.55,24.39,24.43,24.55,1018,51,5.62,24,11,0.0,Clouds,few clouds,7
Szurdokpüspöki,47.851944,19.690278,2026-08-08 07:13:48.819957,23.64,23.39,23.64,23.64,1019,51,4.25,36,54,0.0,Clouds,broken clouds,7
Lőrinci,47.739444,19.673611,2026-08-08 07:13:49.974589,23.86,23.61,23.86,23.86,1019,50,3.37,27,21,0.0,Clouds,few clouds,7
Selyp,47.759167,19.670833,2026-08-08 07:13:51.129513,23.83,23.57,23.83,23.83,1019,50,3.51,28,25,0.0,Clouds,scattered clouds,7
Apc-Zagyvaszántó,47.791328,19.66822,2026-08-08 07:13:52.285379,23.81,23.55,23.81,23.81,1019,50,3.68,30,30,0.0,Clouds,scattered clouds,7
Pásztó,47.918889,19.688889,2026-08-08 07:13:53.437550,23.42,23.18,23.42,23.42,1019,52,4.55,39,73,0.0,Clouds,broken clouds,7
Mátraszőlős-Hasznos,47.938506,19.706122,2026-08-08 07:13:54.589002,23.42,23.2,23.42,23.42,1019,53,4.54,39,81,0.0,Clouds,broken clouds,7
Tar,47.956111,19.746389,2026-08-08 07:13:55.737992,22.98,22.74,22.98,22.98,1019,54,4.39,38,89,0.0,Clouds,overcast clouds,7
Mátraverebély,47.968333,19.778611,2026-08-08 07:13:56.889428,22.33,22.03,22.33,22.33,1019,54,4.39,38,89,0.0,Clouds,overcast clouds,7
Nagybátony,47.981111,19.82,2026-08-08 07:13:58.044314,22.54,22.29,22.54,22.54,1019,55,4.35,36,96,0.0,Clouds,overcast clouds,7
Kisterenye,48.009444,19.831944,2026-08-08 07:13:59.202503,22.53,22.3,22.53,22.53,1019,56,4.31,34,100,0.0,Clouds,overcast clouds,7
Kisterenye-Bányatelep,48.021389,19.831944,2026-08-08 07:14:00.358281,22.53,22.3,22.53,22.53,1019,56,4.31,34,100,0.0,Clouds,overcast clouds,7
Salgótarján külső,48.089444,19.790833,2026-08-08 07:14:01.511555,22.26,22.08,22.26,22.26,1019,59,4.15,36,100,0.0,Clouds,overcast clouds,7
Balatonfenyves GV,46.7125,17.479167,2026-08-08 07:14:02.652994,23.46,23.32,23.46,23.46,1019,56,2.71,334,100,0.0,Clouds,overcast clouds,7
Várhegyalja,47.737778,18.366667,2026-08-08 07:14:03.805163,23.27,23.09,23.27,23.27,1020,55,2.21,18,100,0.0,Clouds,overcast clouds,7
Imremajor,46.680556,17.499722,2026-08-08 07:14:04.951848,23.53,23.4,23.53,23.53,1019,56,2.65,332,100,0.0,Clouds,overcast clouds,7
Rákospalota-Kertváros,47.578333,19.122778,2026-08-08 07:14:06.105465,25.24,25.15,24.38,26.51,1019,51,1.34,352,100,0.0,Clouds,overcast clouds,7
Vicziántelep,47.675833,19.286111,2026-08-08 07:14:07.255507,24.93,24.73,22.81,25.0,1019,48,5.38,36,87,0.0,Clouds,overcast clouds,7
Pálmajor,46.662831,17.457526,2026-08-08 07:14:08.412509,23.44,23.3,23.44,23.44,1019,56,2.66,330,100,0.0,Clouds,overcast clouds,7
Somogyszentpál felső,46.649758,17.471404,2026-08-08 07:14:09.559812,23.55,23.42,23.55,23.55,1019,56,2.59,330,100,0.0,Clouds,overcast clouds,7
Somogyszentpál,46.638611,17.478611,2026-08-08 07:14:10.717544,23.52,23.36,23.52,23.52,1019,55,2.52,328,100,0.0,Clouds,overcast clouds,7
Rudnaykert,47.7175,19.257778,2026-08-08 07:14:11.870912,25.35,25.19,24.19,25.35,1019,48,5.82,39,90,0.0,Clouds,overcast clouds,7
Maroshegy,47.158333,18.406667,2026-08-08 07:14:13.026423,24.0,23.89,24.0,24.0,1019,55,1.54,30,100,0.0,Clouds,overcast clouds,7
Bánhida,47.573703,18.371737,2026-08-08 07:14:14.179617,23.13,22.96,23.13,23.13,1019,56,1.85,351,100,0.0,Clouds,overcast clouds,7
Magyarkút,47.850278,19.045,2026-08-08 07:14:15.330606,22.65,22.46,22.65,22.65,1019,57,2.1,70,99,0.0,Clouds,overcast clouds,7
Becske alsó,47.897222,19.364722,2026-08-08 07:14:16.479241,22.42,22.05,22.42,22.42,1019,51,4.96,41,91,0.0,Clouds,overcast clouds,7
Hosszúberek-Péteri,47.370556,19.389722,2026-08-08 07:14:17.632556,24.26,24.02,24.26,26.39,1018,49,2.98,30,33,0.0,Clouds,scattered clouds,7
Monorierdő,47.308889,19.499167,2026-08-08 07:14:18.783408,24.17,23.95,24.17,24.17,1018,50,3.42,33,20,0.0,Clouds,few clouds,7
Ceglédbercel,47.215833,19.658611,2026-08-08 07:14:19.934597,24.34,24.16,24.34,24.34,1018,51,4.42,33,14,0.0,Clouds,few clouds,7
Budai út,47.208333,19.731389,2026-08-08 07:14:21.089720,24.38,24.21,24.38,24.38,1018,51,4.72,32,14,0.0,Clouds,few clouds,7
Büdöskútpuszta,48.373056,20.726111,2026-08-08 07:14:22.239960,22.66,22.52,22.66,22.66,1019,59,5.2,12,80,0.0,Clouds,broken clouds,7
Bánrévei Vízmű,48.282778,20.368333,2026-08-08 07:14:23.392528,21.69,21.66,21.13,22.81,1019,67,2.25,21,90,0.0,Clouds,overcast clouds,7
Rákoskert,47.456389,19.296111,2026-08-08 07:14:24.540541,24.64,24.57,23.01,26.17,1019,54,2.92,24,69,0.0,Clouds,broken clouds,7
Szirmabesenyő,48.146944,20.783056,2026-08-08 07:14:25.695379,21.3,22.1,21.28,21.3,1019,100,8.07,8,39,0.0,Clouds,scattered clouds,7
Kitérőgyár,47.766944,19.935278,2026-08-08 07:14:26.848484,23.82,23.62,23.82,23.82,1019,52,3.61,20,37,0.0,Clouds,scattered clouds,7
Tápiószentmárton,47.373333,19.797778,2026-08-08 07:14:28.003458,24.41,24.24,24.41,24.41,1018,51,0.45,16,14,0.0,Clouds,few clouds,7
Zagyvarékas,47.244229,20.097435,2026-08-08 07:14:29.157863,24.44,24.4,24.44,24.56,1018,56,5.97,23,10,0.0,Clear,clear sky,7
Abonyi út,47.206401,20.125204,2026-08-08 07:14:30.309644,24.44,24.4,24.44,24.56,1018,56,6.05,22,10,0.0,Clear,clear sky,7
Jászkisér felső,47.438056,20.202222,2026-08-08 07:14:31.463914,24.49,24.35,24.49,24.49,1018,52,5.41,20,8,0.0,Clear,clear sky,7
Szellőhát,47.425556,20.188889,2026-08-08 07:14:32.619304,24.55,24.42,24.55,24.55,1018,52,5.54,21,8,0.0,Clear,clear sky,7
Szilvásvárad-Szalajkavölgy,48.0956,20.38272,2026-08-08 07:14:33.771657,20.35,20.03,19.69,21.38,1019,61,3.31,18,65,0.0,Clouds,broken clouds,7
Vásárosnamény külső,48.084444,22.255556,2026-08-08 07:14:34.933681,22.72,22.72,22.72,22.72,1017,64,4.43,13,4,0.0,Clear,clear sky,7
Újváros,46.660556,20.536111,2026-08-08 07:14:36.086159,25.55,25.7,25.55,25.55,1018,59,5.59,6,5,0.0,Clear,clear sky,7
Városi park,46.697778,19.864722,2026-08-08 07:14:37.243276,24.43,24.6,24.43,25.14,1019,64,6.08,21,8,0.0,Clear,clear sky,7
Belsőkamaráspuszta,46.341944,20.848889,2026-08-08 07:14:38.403780,22.81,22.95,22.81,22.81,1017,69,5.25,5,1,0.0,Clear,clear sky,7
Sajószöged,47.945278,20.981667,2026-08-08 07:14:39.558263,24.16,23.99,21.5,24.16,1018,52,7.42,12,14,0.0,Clouds,few clouds,7
Kazincbarcika alsó,48.255278,20.649167,2026-08-08 07:14:40.712005,21.26,21.03,21.24,22.21,1019,61,4.49,9,64,0.0,Clouds,broken clouds,7
Nyárjas,46.857778,19.923611,2026-08-08 07:14:41.866881,24.39,24.56,24.39,25.1,1018,64,5.99,21,7,0.0,Clear,clear sky,7
Pogonyipuszta,48.296389,20.381667,2026-08-08 07:14:43.023362,22.07,22.08,21.09,22.07,1019,67,2.25,21,90,0.0,Clouds,overcast clouds,7
Sióvölgy,46.911103,18.076964,2026-08-08 07:14:44.176940,24.41,25.05,23.3,24.41,1019,82,2.29,23,99,0.0,Clouds,overcast clouds,7
Répáspuszta,46.430278,17.847222,2026-08-08 07:14:45.339272,24.08,24.01,24.08,24.08,1019,56,3.11,17,84,0.0,Clouds,broken clouds,7
Virányos,48.066667,21.527222,2026-08-08 07:14:46.494728,24.28,24.43,24.28,24.28,1018,64,6.72,20,6,0.0,Clear,clear sky,7
Füzesbokor,47.988611,21.6475,2026-08-08 07:14:47.645451,24.28,24.41,24.28,24.28,1017,63,6.99,16,5,0.0,Clear,clear sky,7
Kunfehértó,46.355833,19.417222,2026-08-08 07:14:48.805387,25.2,25.16,25.2,25.2,1018,53,5.7,25,5,0.0,Clear,clear sky,7
Erdőszél,46.329444,19.395,2026-08-08 07:14:49.955278,25.09,25.04,25.09,25.09,1018,53,5.52,26,6,0.0,Clear,clear sky,7
Jánoshalma,46.293056,19.330278,2026-08-08 07:14:51.102858,25.24,25.18,25.24,25.24,1018,52,5.53,27,7,0.0,Clear,clear sky,7
Mélykút,46.213056,19.370556,2026-08-08 07:14:52.259210,26.57,26.57,26.57,26.57,1017,51,5.62,28,7,0.0,Clear,clear sky,7
Bácsalmás,46.118056,19.346389,2026-08-08 07:14:53.415914,26.61,26.61,26.61,26.61,1018,52,5.36,29,8,0.0,Clear,clear sky,7
Almás,46.116216,19.328803,2026-08-08 07:14:54.572245,26.63,26.63,26.63,26.63,1018,52,5.36,29,8,0.0,Clear,clear sky,7
Bácsbokod-Bácsborsód,46.115833,19.16,2026-08-08 07:14:55.725380,25.45,25.43,25.45,25.45,1018,53,4.9,31,7,0.0,Clear,clear sky,7
Baja,46.187014,18.957602,2026-08-08 07:14:56.876246,25.75,25.79,25.75,25.75,1018,54,4.19,30,5,0.0,Clear,clear sky,7
Harkakötöny,46.458333,19.601944,2026-08-08 07:14:58.031112,25.95,25.95,25.95,25.95,1018,54,6.08,24,3,0.0,Clear,clear sky,7
Tajó,46.473056,19.650556,2026-08-08 07:14:59.187961,25.99,25.99,25.99,25.99,1018,54,6.13,24,4,0.0,Clear,clear sky,7
Kiskunmajsa,46.501667,19.728056,2026-08-08 07:15:00.346188,26.03,26.03,24.38,26.03,1018,55,6.19,23,5,0.0,Clear,clear sky,7
Jászszentlászló,46.565833,19.753611,2026-08-08 07:15:01.505607,24.4,24.57,24.4,24.4,1018,64,6.14,22,6,0.0,Clear,clear sky,7
Galambos,46.625,19.801111,2026-08-08 07:15:02.669104,24.43,24.6,24.43,24.43,1018,64,6.1,22,7,0.0,Clear,clear sky,7
Pestszentimre,47.402222,19.188611,2026-08-08 07:15:03.821710,25.46,25.42,24.34,26.47,1018,52,3.65,25,62,0.0,Clouds,broken clouds,7
Gyál felső,47.390278,19.204722,2026-08-08 07:15:04.972137,25.48,25.47,24.35,26.47,1018,53,3.46,26,57,0.0,Clouds,broken clouds,7
Gyál,47.376667,19.219444,2026-08-08 07:15:06.125875,25.59,25.59,23.33,26.5,1018,53,3.46,26,57,0.0,Clouds,broken clouds,7
Ócsa,47.301389,19.232222,2026-08-08 07:15:07.274166,25.96,25.96,23.34,26.51,1018,48,3.74,31,33,0.0,Clouds,scattered clouds,7
Inárcs-Kakucs,47.247222,19.317778,2026-08-08 07:15:08.428774,24.17,23.92,24.17,24.17,1018,49,3.59,36,12,0.0,Clouds,few clouds,7
Dabas,47.194722,19.328889,2026-08-08 07:15:09.580534,24.24,24.0,24.24,24.24,1018,49,3.66,38,5,0.0,Clear,clear sky,7
Gyón,47.178333,19.355556,2026-08-08 07:15:10.732923,24.31,24.1,24.31,24.31,1018,50,3.67,38,5,0.0,Clear,clear sky,7
Hernád,47.161389,19.4025,2026-08-08 07:15:11.891876,24.33,24.15,24.33,24.33,1018,51,3.73,37,6,0.0,Clear,clear sky,7
Bakonygyirót,47.416389,17.811944,2026-08-08 07:15:13.045579,23.14,22.97,23.14,23.14,1020,56,2.8,345,98,0.0,Clouds,overcast clouds,7
Vinye,47.360317,17.819635,2026-08-08 07:15:14.194006,22.71,22.52,22.71,22.71,1020,57,2.84,344,99,0.0,Clouds,overcast clouds,7
Nemesgörzsöny,47.402924,17.376385,2026-08-08 07:15:15.347895,23.26,23.08,23.26,23.26,1020,55,3.35,354,74,0.0,Clouds,broken clouds,7
Rábahíd,47.438618,17.337525,2026-08-08 07:15:16.505194,23.27,23.09,23.27,23.27,1020,55,3.48,354,63,0.0,Clouds,broken clouds,7
Öskü,47.162222,18.076389,2026-08-08 07:15:17.654780,24.08,24.01,24.08,24.08,1019,56,2.27,6,99,0.0,Clouds,overcast clouds,7
Márkó,47.1275,17.813889,2026-08-08 07:15:18.808606,22.08,21.78,22.08,22.08,1019,55,2.39,357,100,0.0,Clouds,overcast clouds,7
Nemeskocs,47.203333,17.188889,2026-08-08 07:15:19.956764,22.81,22.66,22.81,22.81,1020,58,2.76,349,100,0.0,Clouds,overcast clouds,7
Zalagyömörő,47.011111,17.220833,2026-08-08 07:15:21.111201,22.41,22.25,22.41,22.41,1020,59,3.19,354,100,0.0,Clouds,overcast clouds,7
Rigács,47.061667,17.199167,2026-08-08 07:15:22.266797,22.42,22.26,22.42,22.42,1020,59,3.12,353,100,0.0,Clouds,overcast clouds,7
Kemenespálfa,47.139722,17.183056,2026-08-08 07:15:23.421393,22.61,22.44,22.61,22.61,1020,58,2.87,351,100,0.0,Clouds,overcast clouds,7
Lentiszombathely,46.611389,16.5725,2026-08-08 07:15:24.573488,23.28,23.6,23.28,23.28,1019,74,2.26,4,100,0.0,Clouds,overcast clouds,7
Ortaháza,46.626667,16.685833,2026-08-08 07:15:25.726244,22.21,22.42,22.21,22.21,1019,74,1.76,0,99,0.0,Clouds,overcast clouds,7
Rádiháza,46.654722,16.765833,2026-08-08 07:15:26.882314,21.89,22.07,21.89,21.89,1020,74,1.66,358,100,0.0,Clouds,overcast clouds,7
Baktüttös,46.690833,16.826389,2026-08-08 07:15:28.037555,21.77,21.88,21.77,21.77,1020,72,1.92,358,100,0.0,Clouds,overcast clouds,7
Budafa,46.851667,16.624722,2026-08-08 07:15:29.195114,21.8,22.05,21.8,21.8,1020,77,1.98,6,100,0.0,Clouds,overcast clouds,7
Zalapatakalja,46.845556,16.603889,2026-08-08 07:15:30.349016,21.94,22.2,21.94,21.94,1020,77,1.96,8,100,0.0,Clouds,overcast clouds,7
Tormásliget,47.430556,16.781667,2026-08-08 07:15:31.499467,24.19,24.31,24.19,24.19,1020,63,5.07,353,48,0.0,Clouds,scattered clouds,7
Belecska,46.64,18.411389,2026-08-08 07:15:32.656849,24.81,24.76,24.81,24.81,1019,54,3.39,12,66,0.0,Clouds,broken clouds,7
Almár,47.956111,20.356944,2026-08-08 07:15:33.814741,21.69,21.51,20.9,22.58,1019,61,4.53,17,50,0.0,Clouds,scattered clouds,7
Vasútmúzeum,47.543889,19.099444,2026-08-08 07:15:34.968266,25.23,25.17,24.39,26.51,1019,52,2.24,1,99,0.0,Clouds,overcast clouds,7
Abda,47.690833,17.540556,2026-08-08 07:15:36.122648,23.41,23.14,23.41,23.41,1020,51,4.21,357,97,0.0,Clouds,overcast clouds,7
Vadaspark,47.526111,18.949167,2026-08-08 07:15:37.271426,23.03,22.72,22.58,24.71,1019,51,2.24,1,100,0.0,Clouds,overcast clouds,7
Barosstelep,47.398889,18.989167,2026-08-08 07:15:38.427693,26.02,26.02,24.45,26.57,1019,53,2.68,357,91,0.0,Clouds,overcast clouds,7
Fegyvernek-Örményes,47.194444,20.5575,2026-08-08 07:15:39.589254,24.83,24.75,24.83,24.83,1018,53,6.83,16,9,0.0,Clear,clear sky,7
Zagyvapálfalva,48.068889,19.785,2026-08-08 07:15:40.744498,22.25,22.05,22.25,22.25,1019,58,4.27,37,100,0.0,Clouds,overcast clouds,7
Salgótarján,48.105556,19.807222,2026-08-08 07:15:41.903500,22.12,21.95,22.12,22.12,1019,60,3.98,35,100,0.0,Clouds,overcast clouds,7
Szabadisóstó,46.933889,18.118056,2026-08-08 07:15:43.061015,24.39,25.03,23.28,24.39,1019,82,2.35,27,98,0.0,Clouds,overcast clouds,7
Siófok,46.907778,18.053889,2026-08-08 07:15:44.208536,24.39,25.03,23.28,24.39,1019,82,2.29,23,99,0.0,Clouds,overcast clouds,7
Balatonszéplak felső,46.898056,18.018056,2026-08-08 07:15:45.358196,24.39,25.03,23.28,24.39,1019,82,2.3,20,99,0.0,Clouds,overcast clouds,7
Balatonszéplak alsó,46.891944,17.993333,2026-08-08 07:15:46.523222,24.39,25.03,23.28,24.39,1019,82,1.34,90,99,0.0,Clouds,overcast clouds,7
Zamárdi felső,46.886111,17.969444,2026-08-08 07:15:47.683045,23.29,22.77,23.29,24.4,1019,42,1.34,90,99,0.0,Clouds,overcast clouds,7
Zamárdi,46.88,17.944722,2026-08-08 07:15:48.834443,23.23,22.71,23.23,24.34,1019,42,1.34,90,99,0.0,Clouds,overcast clouds,7
Szántód,46.861944,17.899167,2026-08-08 07:15:49.983236,23.3,22.78,23.3,24.41,1019,42,1.34,90,100,0.0,Clouds,overcast clouds,7
Szőny-Déli,47.735278,18.141944,2026-08-08 07:15:51.138597,24.5,24.44,24.5,24.5,1020,55,2.77,10,100,0.0,Clouds,overcast clouds,7
Várpalota,47.194444,18.149167,2026-08-08 07:15:52.292320,23.23,23.1,23.23,23.23,1019,57,2.06,356,99,0.0,Clouds,overcast clouds,7
Pétfürdő,47.1675,18.121389,2026-08-08 07:15:53.446195,24.21,24.17,24.21,24.21,1019,57,2.12,1,99,0.0,Clouds,overcast clouds,7
Hajmáskér,47.141111,18.009444,2026-08-08 07:15:54.598042,23.99,23.91,22.88,23.99,1019,56,2.35,6,99,0.0,Clouds,overcast clouds,7
Veszprém,47.118889,17.91,2026-08-08 07:15:55.740042,22.58,22.33,22.58,23.69,1019,55,2.38,4,99,0.0,Clouds,overcast clouds,7
Herend,47.136944,17.760278,2026-08-08 07:15:56.895681,21.86,21.56,21.86,21.86,1019,56,2.43,355,99,0.0,Clouds,overcast clouds,7
Városlőd,47.144167,17.652778,2026-08-08 07:15:58.045367,21.95,21.69,21.95,21.95,1020,57,2.76,348,99,0.0,Clouds,overcast clouds,7
Városlőd-Kislőd,47.133889,17.631111,2026-08-08 07:15:59.199186,22.41,22.19,22.41,22.41,1020,57,2.71,349,99,0.0,Clouds,overcast clouds,7
Ajka,47.105902,17.572938,2026-08-08 07:16:00.347358,22.7,22.54,22.7,22.7,1020,58,2.92,347,99,0.0,Clouds,overcast clouds,7
Ajka-Gyártelep,47.096806,17.555219,2026-08-08 07:16:01.494531,22.7,22.54,22.7,22.7,1020,58,2.92,347,99,0.0,Clouds,overcast clouds,7
Devecser,47.1125,17.435278,2026-08-08 07:16:02.643451,22.81,22.69,22.81,22.81,1020,59,3.07,347,100,0.0,Clouds,overcast clouds,7
Somlóvásárhely,47.124444,17.369167,2026-08-08 07:16:03.791867,22.74,22.58,22.74,22.74,1020,58,3.07,349,100,0.0,Clouds,overcast clouds,7
Tüskevár,47.128611,17.331389,2026-08-08 07:16:04.942157,22.77,22.62,22.77,22.77,1020,58,3.05,349,100,0.0,Clouds,overcast clouds,7
Karakószörcsök,47.133611,17.287778,2026-08-08 07:16:06.093785,22.75,22.6,22.75,22.75,1020,58,3.03,350,100,0.0,Clouds,overcast clouds,7
Kerta,47.151944,17.237222,2026-08-08 07:16:07.243039,22.77,22.62,22.77,22.77,1020,58,2.85,350,100,0.0,Clouds,overcast clouds,7
Boba,47.183333,17.191389,2026-08-08 07:16:08.391020,22.73,22.57,22.73,22.73,1020,58,2.78,350,100,0.0,Clouds,overcast clouds,7
Börgönd,47.140278,18.515,2026-08-08 07:16:09.548557,24.01,23.85,24.01,24.01,1019,53,2.53,40,100,0.0,Clouds,overcast clouds,7
Belsőbáránd,47.102778,18.499722,2026-08-08 07:16:10.696129,23.99,23.85,23.99,23.99,1019,54,2.55,40,100,0.0,Clouds,overcast clouds,7
Zichyújfalu,47.124444,18.6725,2026-08-08 07:16:11.846879,24.06,23.83,24.06,24.06,1019,50,3.81,40,100,0.0,Clouds,overcast clouds,7
Seregélyes,47.121111,18.580556,2026-08-08 07:16:12.999611,24.16,23.99,24.16,24.16,1019,52,2.77,40,100,0.0,Clouds,overcast clouds,7
Polgárdi-Ipartelepek,47.079167,18.314444,2026-08-08 07:16:14.158945,24.02,23.97,24.02,24.02,1019,57,1.99,29,100,0.0,Clouds,overcast clouds,7
Polgárdi,47.07,18.284167,2026-08-08 07:16:15.312792,24.02,23.97,24.02,24.02,1019,57,1.99,29,100,0.0,Clouds,overcast clouds,7
Füle,47.05,18.255278,2026-08-08 07:16:16.465274,23.99,23.96,23.99,23.99,1019,58,2.14,30,100,0.0,Clouds,overcast clouds,7
Zánka-Erzsébettábor,46.8775,17.709167,2026-08-08 07:16:17.626699,23.23,22.71,23.23,24.34,1019,42,2.42,354,100,0.0,Clouds,overcast clouds,7
Csajág,47.033889,18.186389,2026-08-08 07:16:18.776246,24.23,24.85,23.12,24.23,1019,82,2.16,29,98,0.0,Clouds,overcast clouds,7
Balatonakarattya,47.017222,18.167778,2026-08-08 07:16:19.928192,24.08,24.68,22.97,24.08,1019,82,2.16,29,98,0.0,Clouds,overcast clouds,7
Csittényhegy,47.025278,18.1375,2026-08-08 07:16:21.084544,24.3,24.93,23.19,24.3,1019,82,2.13,28,98,0.0,Clouds,overcast clouds,7
Balatonkenese,47.0325,18.105556,2026-08-08 07:16:22.236502,24.38,25.01,23.27,24.38,1019,82,2.12,28,98,0.0,Clouds,overcast clouds,7
Balatonfűzfő,47.060278,18.0425,2026-08-08 07:16:23.393709,24.41,25.05,23.3,24.41,1019,82,2.12,22,98,0.0,Clouds,overcast clouds,7
Balatonalmádi,47.028333,18.015,2026-08-08 07:16:24.542969,24.38,25.01,23.27,24.38,1019,82,2.11,25,98,0.0,Clouds,overcast clouds,7
Káptalanfüred,47.008889,18.003889,2026-08-08 07:16:25.696305,24.41,25.05,23.3,24.41,1019,82,2.11,24,98,0.0,Clouds,overcast clouds,7
Alsóörs,46.985278,17.974722,2026-08-08 07:16:26.845814,23.31,22.79,23.31,24.42,1019,42,1.34,90,98,0.0,Clouds,overcast clouds,7
Csopak,46.974722,17.931111,2026-08-08 07:16:28.002294,23.18,22.65,23.18,24.29,1019,42,1.34,90,99,0.0,Clouds,overcast clouds,7
Balatonarács,46.9625,17.8975,2026-08-08 07:16:29.154409,23.08,22.54,23.08,24.19,1019,42,1.34,90,99,0.0,Clouds,overcast clouds,7
Balatonfüred,46.955833,17.883056,2026-08-08 07:16:30.303550,23.15,22.62,23.15,24.26,1019,42,1.34,90,100,0.0,Clouds,overcast clouds,7
Aszófő,46.925556,17.8325,2026-08-08 07:16:31.459192,23.25,22.73,23.25,24.36,1019,42,1.34,90,100,0.0,Clouds,overcast clouds,7
Örvényes,46.9125,17.818056,2026-08-08 07:16:32.609154,23.27,22.75,23.27,24.38,1019,42,1.34,90,100,0.0,Clouds,overcast clouds,7
Balatonudvari,46.904722,17.808056,2026-08-08 07:16:33.756250,23.3,22.78,23.3,24.41,1019,42,1.34,90,100,0.0,Clouds,overcast clouds,7
Fövenyes,46.893611,17.789444,2026-08-08 07:16:34.909209,23.32,22.8,23.32,24.43,1019,42,1.34,90,100,0.0,Clouds,overcast clouds,7
Balatonakali-Dörgicse,46.88,17.747778,2026-08-08 07:16:36.057654,23.31,22.79,23.31,24.42,1019,42,2.29,1,100,0.0,Clouds,overcast clouds,7
Zánka-Köveskál,46.872778,17.687778,2026-08-08 07:16:37.214372,23.3,22.78,23.3,24.41,1019,42,2.48,351,100,0.0,Clouds,overcast clouds,7
Balatonszepezd,46.851111,17.663056,2026-08-08 07:16:38.365747,23.3,22.78,23.3,23.3,1019,42,2.5,350,100,0.0,Clouds,overcast clouds,7
Szepezdfürdő,46.839722,17.649444,2026-08-08 07:16:39.516381,23.27,23.06,23.27,23.27,1019,54,2.56,347,100,0.0,Clouds,overcast clouds,7
Révfülöp,46.829167,17.632222,2026-08-08 07:16:40.673508,23.28,23.07,23.28,23.28,1019,54,2.56,347,100,0.0,Clouds,overcast clouds,7
Balatonrendes,46.824722,17.582778,2026-08-08 07:16:41.821632,23.28,23.13,23.28,23.28,1019,56,2.77,340,100,0.0,Clouds,overcast clouds,7
Ábrahámhegy,46.815,17.572222,2026-08-08 07:16:42.973506,23.25,23.09,23.25,23.25,1019,56,2.77,340,100,0.0,Clouds,overcast clouds,7
Badacsonyörs,46.805556,17.531667,2026-08-08 07:16:44.134494,23.4,23.26,23.4,23.4,1019,56,2.84,339,100,0.0,Clouds,overcast clouds,7
Kisújszállás,47.223889,20.751111,2026-08-08 07:16:45.287631,24.71,24.65,24.71,24.71,1018,54,6.2,14,12,0.0,Clouds,few clouds,7
Karcag,47.303333,20.928056,2026-08-08 07:16:46.438570,24.46,24.4,24.46,24.46,1018,55,5.73,15,10,0.0,Clear,clear sky,7
Püspökladány,47.3275,21.128889,2026-08-08 07:16:47.592979,24.31,24.26,24.31,24.31,1017,56,5.35,17,6,0.0,Clear,clear sky,7
Kaba,47.368889,21.259444,2026-08-08 07:16:48.753116,24.18,24.14,24.18,24.18,1017,57,5.42,17,4,0.0,Clear,clear sky,7
Hajdúszoboszló,47.429444,21.406944,2026-08-08 07:16:49.903785,23.94,23.88,23.94,23.94,1017,57,5.59,16,5,0.0,Clear,clear sky,7
Ebes,47.462778,21.488889,2026-08-08 07:16:51.062112,23.83,23.76,23.83,23.83,1017,57,5.67,15,5,0.0,Clear,clear sky,7
Debrecen,47.520278,21.628611,2026-08-08 07:16:52.214482,23.64,23.57,23.64,23.64,1017,58,5.78,13,6,0.0,Clear,clear sky,7
Debrecen-Csapókert,47.540556,21.648056,2026-08-08 07:16:53.362943,23.48,23.4,23.48,23.48,1017,58,5.78,13,6,0.0,Clear,clear sky,7
Apafa,47.584045,21.655858,2026-08-08 07:16:54.515917,23.4,23.31,23.4,23.4,1017,58,5.84,13,6,0.0,Clear,clear sky,7
Bocskaikert,47.6425,21.666389,2026-08-08 07:16:55.672667,23.07,22.97,23.07,23.07,1017,59,6.03,14,4,0.0,Clear,clear sky,7
Hajdúhadház,47.686944,21.679167,2026-08-08 07:16:56.823642,23.09,23.0,23.09,23.09,1017,59,6.04,13,3,0.0,Clear,clear sky,7
Téglás,47.714722,21.684722,2026-08-08 07:16:57.976973,23.05,22.95,23.05,23.05,1017,59,6.11,14,2,0.0,Clear,clear sky,7
Újfehértó,47.814444,21.706389,2026-08-08 07:16:59.124241,22.96,22.9,22.96,22.96,1017,61,6.4,15,0,0.0,Clear,clear sky,7
Nyíregyháza,47.946667,21.705556,2026-08-08 07:17:00.282986,22.65,22.59,22.65,22.65,1017,62,6.82,15,3,0.0,Clear,clear sky,7
Sóstó,47.998051,21.729047,2026-08-08 07:17:01.441328,24.26,24.39,24.26,24.26,1017,63,6.92,12,3,0.0,Clear,clear sky,7
Sóstóhegy,48.012222,21.742778,2026-08-08 07:17:02.597742,24.26,24.41,24.26,24.26,1017,64,7.0,12,3,0.0,Clear,clear sky,7
Kemecse,48.065556,21.801667,2026-08-08 07:17:03.748349,22.3,22.28,22.3,22.3,1017,65,7.03,10,2,0.0,Clear,clear sky,7
Nyírbogdány,48.082222,21.855278,2026-08-08 07:17:04.902850,22.22,22.19,22.22,22.22,1017,65,6.99,9,4,0.0,Clear,clear sky,7
Kék,48.093333,21.883889,2026-08-08 07:17:06.057013,22.29,22.27,22.29,22.29,1017,65,6.61,9,5,0.0,Clear,clear sky,7
Demecser,48.111667,21.926667,2026-08-08 07:17:07.206221,22.27,22.25,22.27,22.27,1017,65,6.44,9,9,0.0,Clear,clear sky,7
Gégény,48.128333,21.951944,2026-08-08 07:17:08.361549,22.23,22.23,22.23,22.23,1017,66,6.24,9,14,0.0,Clouds,few clouds,7
Pátroha,48.158611,21.996667,2026-08-08 07:17:09.523518,22.25,22.25,22.25,22.25,1017,66,6.04,10,18,0.0,Clouds,few clouds,7
Ajak,48.1865,22.048972,2026-08-08 07:17:10.673714,22.25,22.25,22.25,22.25,1017,66,5.85,11,23,0.0,Clouds,few clouds,7
Kisvárda,48.208333,22.078333,2026-08-08 07:17:11.828352,22.28,22.29,22.28,22.28,1017,66,5.52,13,25,0.0,Clouds,scattered clouds,7
Kisvárda-Hármasút,48.228333,22.091944,2026-08-08 07:17:12.987623,22.28,22.29,22.28,22.28,1017,66,5.52,13,25,0.0,Clouds,scattered clouds,7
Fényeslitke,48.267222,22.107222,2026-08-08 07:17:14.140968,22.23,22.21,22.23,22.23,1017,65,5.43,14,30,0.0,Clouds,scattered clouds,7
Komoró,48.305278,22.118056,2026-08-08 07:17:15.297816,22.21,22.18,22.21,22.21,1017,65,5.46,14,34,0.0,Clouds,scattered clouds,7
Tuzsér,48.342222,22.131667,2026-08-08 07:17:16.455647,22.09,22.05,22.09,22.09,1017,65,5.5,13,42,0.0,Clouds,scattered clouds,7
Tiszabezdéd,48.371389,22.145,2026-08-08 07:17:17.608861,22.18,22.12,22.18,22.18,1017,64,5.36,14,39,0.0,Clouds,scattered clouds,7
Záhony,48.402222,22.183611,2026-08-08 07:17:18.769843,22.24,22.16,22.24,22.24,1017,63,5.2,16,34,0.0,Clouds,scattered clouds,7
Karcag-Vásártér,47.3225,20.9075,2026-08-08 07:17:19.936337,24.44,24.38,24.44,24.44,1018,55,5.73,15,10,0.0,Clear,clear sky,7
Berekfürdő,47.374722,20.827222,2026-08-08 07:17:21.086432,24.43,24.34,24.43,24.43,1018,54,6.35,15,13,0.0,Clouds,few clouds,7
Kunmadaras,47.415278,20.793056,2026-08-08 07:17:22.243500,24.42,24.33,24.42,24.42,1018,54,6.78,15,13,0.0,Clouds,few clouds,7
Tiszaszentimre,47.490833,20.733056,2026-08-08 07:17:23.399105,24.43,24.34,24.43,24.43,1018,54,7.55,16,12,0.0,Clouds,few clouds,7
Tiszaszőlős,47.555556,20.728056,2026-08-08 07:17:24.551335,24.43,24.34,24.43,24.43,1018,54,7.81,17,11,0.0,Clouds,few clouds,7
Hosszúhát,47.235556,21.101944,2026-08-08 07:17:25.702882,24.45,24.44,24.45,24.45,1017,57,5.3,16,6,0.0,Clear,clear sky,7
Szerep,47.234444,21.145833,2026-08-08 07:17:26.855616,24.44,24.43,24.44,24.44,1017,57,5.29,16,6,0.0,Clear,clear sky,7
Sárrétudvari,47.231667,21.180833,2026-08-08 07:17:28.015485,24.41,24.39,24.41,24.41,1017,57,5.29,16,5,0.0,Clear,clear sky,7
Biharnagybajom,47.208889,21.221944,2026-08-08 07:17:29.173994,24.42,24.43,24.42,24.42,1017,58,5.3,15,4,0.0,Clear,clear sky,7
Füzesgyarmat,47.113056,21.194444,2026-08-08 07:17:30.323434,24.57,24.6,24.57,24.57,1017,58,5.23,14,9,0.0,Clear,clear sky,7
Füzesgyarmatfürdő,47.093787,21.201582,2026-08-08 07:17:31.476916,24.57,24.6,24.57,24.57,1017,58,5.23,14,9,0.0,Clear,clear sky,7
Báránd,47.299722,21.235278,2026-08-08 07:17:32.626096,24.3,24.27,24.3,24.3,1017,57,5.36,17,4,0.0,Clear,clear sky,7
Sáp,47.259722,21.360556,2026-08-08 07:17:33.780850,24.31,24.28,24.31,24.31,1017,57,5.37,15,3,0.0,Clear,clear sky,7
Berettyóújfalu,47.211944,21.535556,2026-08-08 07:17:34.932114,24.31,24.31,24.31,24.31,1017,58,5.23,13,0,0.0,Clear,clear sky,7
Mezőpeterd,47.176111,21.625278,2026-08-08 07:17:36.086090,24.32,24.35,24.32,24.32,1017,59,5.07,13,0,0.0,Clear,clear sky,7
Biharkeresztes,47.135556,21.721389,2026-08-08 07:17:37.234614,24.3,24.35,24.3,24.3,1017,60,4.81,12,13,0.0,Clouds,few clouds,7
Tócóvölgy,47.529444,21.588889,2026-08-08 07:17:38.387642,23.67,23.61,23.67,23.67,1017,58,5.81,13,6,0.0,Clear,clear sky,7
Sáregres,46.7825,18.588889,2026-08-08 07:17:39.543021,24.7,24.61,24.7,24.7,1019,53,3.37,25,36,0.0,Clouds,scattered clouds,7
Simontornya,46.756582,18.540674,2026-08-08 07:17:40.696516,24.61,24.54,24.61,24.61,1019,54,3.42,21,48,0.0,Clouds,scattered clouds,7
Tolnanémedi,46.727778,18.475833,2026-08-08 07:17:41.844313,24.69,24.62,24.69,24.69,1019,54,3.4,18,50,0.0,Clouds,scattered clouds,7
Pincehely,46.681389,18.43,2026-08-08 07:17:42.992455,24.59,24.54,24.59,24.59,1019,55,3.51,14,70,0.0,Clouds,broken clouds,7
Keszőhidegkút-Gyönk,46.597778,18.426111,2026-08-08 07:17:44.145300,24.78,24.75,24.78,24.78,1019,55,3.31,11,64,0.0,Clouds,broken clouds,7
Szárazd,46.575556,18.420833,2026-08-08 07:17:45.295679,24.87,24.85,24.87,24.87,1019,55,3.22,10,62,0.0,Clouds,broken clouds,7
Regöly,46.568889,18.396111,2026-08-08 07:17:46.444439,24.87,24.85,24.87,24.87,1019,55,3.22,10,62,0.0,Clouds,broken clouds,7
Szakály-Hőgyész,46.523611,18.389444,2026-08-08 07:17:47.601176,24.85,24.83,24.85,24.85,1019,55,3.1,11,69,0.0,Clouds,broken clouds,7
Dúzs,46.493889,18.377222,2026-08-08 07:17:48.753542,24.95,24.94,24.95,24.95,1019,55,2.98,11,66,0.0,Clouds,broken clouds,7
Csibrák,46.466667,18.336389,2026-08-08 07:17:49.906884,25.03,25.05,25.03,25.03,1019,56,2.95,13,73,0.0,Clouds,broken clouds,7
Kurd,46.449167,18.319167,2026-08-08 07:17:51.063891,24.74,24.73,24.74,24.74,1019,56,2.84,13,68,0.0,Clouds,broken clouds,7
Döbrököz,46.418889,18.255,2026-08-08 07:17:52.224853,25.0,25.04,25.0,25.0,1019,57,2.91,16,80,0.0,Clouds,broken clouds,7
Dombóvár,46.37,18.149722,2026-08-08 07:17:53.376379,24.93,24.99,24.93,24.93,1019,58,2.93,20,90,0.0,Clouds,overcast clouds,7
Dombóvár alsó,46.363889,18.134167,2026-08-08 07:17:54.528404,24.93,24.99,24.93,24.93,1019,58,2.93,20,90,0.0,Clouds,overcast clouds,7
Somoskőújfalu,48.154722,19.815556,2026-08-08 07:17:55.676270,21.62,21.43,21.62,21.62,1020,61,3.55,33,100,0.0,Clouds,overcast clouds,7
Jászfényszaru,47.593056,19.754444,2026-08-08 07:17:56.832334,24.1,23.85,24.1,24.1,1018,49,3.16,23,8,0.0,Clear,clear sky,7
Pusztamonostor,47.564444,19.794167,2026-08-08 07:17:57.983117,24.94,24.77,24.94,24.94,1018,49,3.33,24,7,0.0,Clear,clear sky,7
Jászberény,47.494444,19.893333,2026-08-08 07:17:59.132909,25.04,24.91,25.04,25.04,1018,50,3.93,26,10,0.0,Clear,clear sky,7
Meggyespele,47.441944,19.938889,2026-08-08 07:18:00.289209,25.06,24.87,25.06,25.06,1018,48,4.52,25,12,0.0,Clouds,few clouds,7
Portelek,47.418056,19.958889,2026-08-08 07:18:01.443489,25.08,24.9,25.08,25.08,1018,48,4.61,26,12,0.0,Clouds,few clouds,7
Jászboldogháza-Jánoshida,47.366944,20.001389,2026-08-08 07:18:02.598865,25.07,24.89,25.07,25.07,1018,48,4.91,25,13,0.0,Clouds,few clouds,7
Jászárokszállás,47.635556,19.971111,2026-08-08 07:18:03.749831,24.25,24.04,24.25,24.25,1018,50,3.91,21,14,0.0,Clouds,few clouds,7
Jászdózsa,47.563056,20.028056,2026-08-08 07:18:04.901712,24.32,24.14,24.32,24.32,1018,51,4.3,22,14,0.0,Clouds,few clouds,7
Jászapáti,47.513611,20.155,2026-08-08 07:18:06.054142,24.36,24.21,24.36,24.36,1018,52,4.89,19,10,0.0,Clear,clear sky,7
Jászkisér,47.456111,20.203333,2026-08-08 07:18:07.203428,24.45,24.31,24.45,24.45,1018,52,5.28,20,9,0.0,Clear,clear sky,7
Jászladány,47.373333,20.159167,2026-08-08 07:18:08.351519,25.12,25.05,25.12,25.12,1018,52,5.63,22,8,0.0,Clear,clear sky,7
Szászberek,47.320556,20.090833,2026-08-08 07:18:09.502656,25.11,24.93,24.43,25.11,1018,48,5.7,23,10,0.0,Clear,clear sky,7
Gyöngyöshalász,47.743056,19.932222,2026-08-08 07:18:10.655195,24.0,23.79,24.0,24.0,1019,51,3.58,20,31,0.0,Clouds,scattered clouds,7
Gyöngyös,47.783056,19.937222,2026-08-08 07:18:11.813754,23.68,23.46,23.68,23.68,1019,52,3.73,19,39,0.0,Clouds,scattered clouds,7
Erdőtelek,47.683333,20.3025,2026-08-08 07:18:12.969275,24.13,23.96,24.13,24.13,1018,52,5.34,19,13,0.0,Clouds,few clouds,7
Heves,47.609444,20.306111,2026-08-08 07:18:14.122435,24.38,24.23,24.38,24.38,1018,52,5.62,19,8,0.0,Clear,clear sky,7
Hevesvezekény,47.562222,20.365833,2026-08-08 07:18:15.281106,24.42,24.33,24.42,24.42,1018,54,6.36,19,7,0.0,Clear,clear sky,7
Tarnaszentmiklós,47.546944,20.390833,2026-08-08 07:18:16.438615,24.43,24.34,24.43,24.43,1018,54,6.45,19,7,0.0,Clear,clear sky,7
Kisköre,47.495556,20.481667,2026-08-08 07:18:17.590604,24.45,24.36,24.45,24.45,1018,54,2.68,9,6,0.0,Clear,clear sky,7
Abádszalók,47.455278,20.553056,2026-08-08 07:18:18.743987,24.43,24.34,24.43,24.43,1018,54,2.68,9,6,0.0,Clear,clear sky,7
Kunhegyes,47.376667,20.641111,2026-08-08 07:18:19.897479,24.43,24.34,24.43,24.43,1018,54,7.47,17,10,0.0,Clear,clear sky,7
Kenderes,47.254444,20.686111,2026-08-08 07:18:21.047657,24.46,24.37,24.46,24.46,1018,54,6.71,15,11,0.0,Clouds,few clouds,7
Maklár,47.808056,20.404722,2026-08-08 07:18:22.202751,22.22,21.88,21.24,22.22,1018,53,5.97,22,22,0.0,Clouds,few clouds,7
Andornaktálya,47.852203,20.402295,2026-08-08 07:18:23.344597,22.22,21.91,22.17,23.88,1018,54,5.65,22,26,0.0,Clouds,scattered clouds,7
Eger,47.891667,20.381667,2026-08-08 07:18:24.501195,21.78,21.61,21.09,22.77,1018,61,5.07,20,34,0.0,Clouds,scattered clouds,7
Egervár,47.908056,20.380556,2026-08-08 07:18:25.659995,21.6,21.41,20.91,22.59,1018,61,4.93,19,38,0.0,Clouds,scattered clouds,7
Eger-Felnémet,47.936667,20.370556,2026-08-08 07:18:26.813467,21.69,21.51,20.96,22.64,1019,61,4.77,18,41,0.0,Clouds,scattered clouds,7
Szarvaskő,47.988611,20.3325,2026-08-08 07:18:27.968016,21.44,21.23,20.55,22.23,1019,61,4.35,16,54,0.0,Clouds,broken clouds,7
Mónosbél,48.031944,20.33,2026-08-08 07:18:29.117409,21.26,21.03,20.37,22.05,1019,61,3.92,16,62,0.0,Clouds,broken clouds,7
Bélapátfalva,48.055556,20.340556,2026-08-08 07:18:30.269463,20.93,20.67,20.08,21.76,1019,61,3.66,16,66,0.0,Clouds,broken clouds,7
Bélapátfalvi Cementgyár,48.058056,20.355,2026-08-08 07:18:31.435560,20.83,20.56,20.03,21.71,1019,61,3.66,16,66,0.0,Clouds,broken clouds,7
Szilvásvárad,48.11345,20.37919,2026-08-08 07:18:32.582823,20.55,20.25,19.9,21.58,1019,61,3.01,18,69,0.0,Clouds,broken clouds,7
Hejőkeresztúr,47.960278,20.869444,2026-08-08 07:18:33.737597,24.68,24.51,21.47,24.68,1018,50,3.13,23,18,0.0,Clouds,few clouds,7
Tiszaújváros,47.926111,21.030556,2026-08-08 07:18:34.890126,24.73,24.69,24.73,24.73,1018,55,7.01,12,13,0.0,Clouds,few clouds,7
Miskolc-Gömöri,48.106667,20.800278,2026-08-08 07:18:36.045452,21.36,22.16,21.33,21.36,1019,100,8.62,8,33,0.0,Clouds,scattered clouds,7
Sajókeresztúr,48.168008,20.774014,2026-08-08 07:18:37.195281,21.31,22.11,21.28,21.31,1019,100,7.81,8,43,0.0,Clouds,scattered clouds,7
Sajóecseg,48.186111,20.766667,2026-08-08 07:18:38.351408,21.35,22.15,21.32,21.35,1019,100,7.55,8,47,0.0,Clouds,scattered clouds,7
Sajószentpéter,48.222222,20.708056,2026-08-08 07:18:39.500799,21.25,22.04,21.22,21.25,1019,100,6.73,9,54,0.0,Clouds,broken clouds,7
Kazincbarcika,48.264444,20.6275,2026-08-08 07:18:40.656549,21.25,21.08,21.23,22.21,1019,63,3.6,10,71,0.0,Clouds,broken clouds,7
Sajókaza,48.272778,20.581944,2026-08-08 07:18:41.798276,21.24,21.09,21.22,22.2,1019,64,3.06,10,72,0.0,Clouds,broken clouds,7
Vadna,48.276389,20.555278,2026-08-08 07:18:42.953255,21.21,21.06,21.2,22.18,1019,64,3.06,10,72,0.0,Clouds,broken clouds,7
Dubicsány,48.280833,20.504722,2026-08-08 07:18:44.101681,21.19,21.09,21.19,22.16,1019,66,2.05,15,76,0.0,Clouds,broken clouds,7
Raposka,46.851389,17.412778,2026-08-08 07:18:45.251600,23.06,22.96,23.06,23.06,1019,59,3.1,344,99,0.0,Clouds,overcast clouds,7
Ivacs,47.641944,19.273889,2026-08-08 07:18:46.405195,24.84,24.69,22.97,25.16,1019,50,5.04,35,92,0.0,Clouds,overcast clouds,7
Kisköre-Tiszahíd,47.480835,20.507698,2026-08-08 07:18:47.560149,24.43,24.34,24.43,24.43,1018,54,2.68,9,6,0.0,Clear,clear sky,7
Rozsály,47.912778,22.7825,2026-08-08 07:18:48.717374,23.86,23.89,23.86,23.86,1016,61,3.31,18,0,0.0,Clear,clear sky,7
Pusztakettős,47.453611,20.749722,2026-08-08 07:18:49.870311,24.37,24.27,24.37,24.37,1018,54,7.1,16,13,0.0,Clouds,few clouds,7
Kisvác,47.795278,19.113611,2026-08-08 07:18:51.024620,25.5,25.52,24.78,25.5,1019,54,3.78,51,98,0.0,Clouds,overcast clouds,7
Tiszafüred-Gyártelep,47.6075,20.736111,2026-08-08 07:18:52.177532,24.2,24.06,24.2,24.2,1018,53,8.04,18,11,0.0,Clouds,few clouds,7
Újkenéz,48.251111,22.221667,2026-08-08 07:18:53.330560,22.48,22.48,22.48,22.48,1017,65,4.83,17,10,0.0,Clear,clear sky,7
Püspökladány-Vásártér,47.319167,21.096111,2026-08-08 07:18:54.489487,24.35,24.3,24.35,24.35,1017,56,5.34,16,6,0.0,Clear,clear sky,7
Végegyháza alsó,46.3675,20.866944,2026-08-08 07:18:55.662620,22.83,22.97,22.83,22.83,1017,69,5.26,6,0,0.0,Clear,clear sky,7
Orosháza felső,46.553611,20.655278,2026-08-08 07:18:56.815006,25.27,25.45,25.27,25.27,1017,61,5.39,5,7,0.0,Clear,clear sky,7
Ambrózfalva,46.353056,20.740556,2026-08-08 07:18:57.972630,25.12,25.41,25.12,25.12,1017,66,5.29,4,2,0.0,Clear,clear sky,7
Alsónyék,46.199444,18.738056,2026-08-08 07:18:59.117887,26.38,26.38,26.38,26.38,1018,56,3.24,33,6,0.0,Clear,clear sky,7
Tompapuszta,46.321389,20.966389,2026-08-08 07:19:00.271421,22.82,23.77,22.82,24.52,1017,100,5.2,6,3,0.0,Clear,clear sky,7
Halászlak,46.911879,20.56228,2026-08-08 07:19:01.426300,25.26,25.3,25.26,25.26,1018,56,5.88,11,8,0.0,Clear,clear sky,7
Sirató,46.840556,20.61,2026-08-08 07:19:02.581142,25.3,25.37,25.3,25.3,1018,57,5.64,10,7,0.0,Clear,clear sky,7
Csabacsűd felső,46.829167,20.649167,2026-08-08 07:19:03.734194,25.23,25.3,25.23,25.23,1018,57,5.57,10,8,0.0,Clear,clear sky,7
Orosháza-Üveggyár,46.579979,20.683644,2026-08-08 07:19:04.882518,25.21,25.38,25.21,25.21,1017,61,5.38,5,7,0.0,Clear,clear sky,7
Gyulai városerdő,46.69482,21.32281,2026-08-08 07:19:06.037546,23.86,23.84,23.86,23.86,1017,59,5.24,7,44,0.0,Clouds,scattered clouds,7
Kórógyszentgyörgy,46.564377,20.224998,2026-08-08 07:19:07.183560,25.57,25.72,25.57,25.57,1018,59,5.96,10,5,0.0,Clear,clear sky,7
Kunszállás,46.784444,19.767222,2026-08-08 07:19:08.338903,24.94,25.11,24.94,25.08,1018,62,5.68,23,6,0.0,Clear,clear sky,7
Selymes,46.655321,19.8534,2026-08-08 07:19:09.493504,25.0,25.17,25.0,25.0,1019,62,6.11,21,8,0.0,Clear,clear sky,7
Petőfiszállási tanyák,46.587805,19.874509,2026-08-08 07:19:10.649578,25.04,25.22,25.04,26.12,1018,62,6.21,20,8,0.0,Clear,clear sky,7
Kisteleki szőlők,46.514199,19.92868,2026-08-08 07:19:11.803611,26.11,26.11,25.03,26.11,1018,56,6.23,18,7,0.0,Clear,clear sky,7
Kapitányság,46.435336,19.987564,2026-08-08 07:19:12.955500,26.13,26.13,26.13,26.13,1018,58,6.12,15,5,0.0,Clear,clear sky,7
Őszeszék,46.39025,20.016017,2026-08-08 07:19:14.104998,26.16,26.16,26.16,26.16,1018,58,6.01,14,4,0.0,Clear,clear sky,7
Vilmaszállás,46.366389,20.030833,2026-08-08 07:19:15.256720,26.14,26.14,26.14,26.14,1017,58,5.81,16,3,0.0,Clear,clear sky,7
Jánosszállás,46.334359,20.051199,2026-08-08 07:19:16.405843,26.17,26.17,26.17,26.17,1017,58,5.93,13,3,0.0,Clear,clear sky,7
Felsőpakony,47.343056,19.230556,2026-08-08 07:19:17.554575,24.33,24.07,23.36,25.56,1018,48,3.64,29,41,0.0,Clouds,scattered clouds,7
Felsőméntelek,46.987074,19.557745,2026-08-08 07:19:18.704451,24.92,24.88,24.92,24.92,1018,54,4.34,32,10,0.0,Clear,clear sky,7
Alsóméntelek,46.961558,19.579121,2026-08-08 07:19:19.858644,24.95,24.91,24.95,24.95,1018,54,4.35,31,10,0.0,Clear,clear sky,7
Nagynyír,46.943319,19.585447,2026-08-08 07:19:21.015389,24.95,24.91,24.95,24.95,1018,54,3.58,0,10,0.0,Clear,clear sky,7
Úrihegy,46.917778,19.621389,2026-08-08 07:19:22.163387,24.97,24.93,24.82,24.97,1018,54,3.58,0,9,0.0,Clear,clear sky,7
Miklóstelep,46.913412,19.630913,2026-08-08 07:19:23.314927,24.99,24.95,24.84,24.99,1018,54,3.58,0,8,0.0,Clear,clear sky,7
Tiszajenő alsó,47.016944,20.134444,2026-08-08 07:19:24.467517,24.45,24.41,24.45,24.45,1018,56,4.02,359,9,0.0,Clear,clear sky,7
Óbög,46.987222,20.111111,2026-08-08 07:19:25.624017,24.43,24.39,24.43,24.43,1018,56,6.32,19,9,0.0,Clear,clear sky,7
Árpádszállás,46.866456,19.989163,2026-08-08 07:19:26.775711,25.04,25.22,24.36,25.14,1018,62,6.1,20,8,0.0,Clear,clear sky,7
Tőserdő,46.851111,19.980278,2026-08-08 07:19:27.926873,25.05,25.23,24.38,25.16,1018,62,6.13,19,9,0.0,Clear,clear sky,7
Tiszaalpár felső,46.836256,19.976753,2026-08-08 07:19:29.119747,25.07,25.25,25.04,25.51,1018,62,6.13,19,9,0.0,Clear,clear sky,7
Borsihalom,46.773056,19.92,2026-08-08 07:19:30.272504,25.04,25.22,25.03,25.5,1018,62,6.08,20,9,0.0,Clear,clear sky,7
Petőfiváros,46.725556,19.848611,2026-08-08 07:19:31.421993,24.99,25.16,24.99,25.14,1019,62,5.97,22,8,0.0,Clear,clear sky,7
Csorna,47.601944,17.248889,2026-08-08 07:19:32.569006,23.36,23.14,23.36,23.36,1020,53,4.0,352,57,0.0,Clouds,broken clouds,7
Szorgalmatos,47.986667,21.366389,2026-08-08 07:19:33.725917,24.31,24.39,24.31,24.31,1018,61,5.84,22,7,0.0,Clear,clear sky,7
Fótfürdő,47.6225,19.200556,2026-08-08 07:19:34.876360,24.88,24.76,22.97,25.16,1019,51,4.53,34,100,0.0,Clouds,overcast clouds,7
Fenyveshegy,47.818333,19.068056,2026-08-08 07:19:36.029508,25.57,25.64,25.57,25.57,1019,56,2.83,58,99,0.0,Clouds,overcast clouds,7
Hűvösvölgy,47.541202,18.96351,2026-08-08 07:19:37.184581,24.11,23.91,23.55,25.14,1019,51,2.24,45,100,0.0,Clouds,overcast clouds,7
Hárshegy,47.535318,18.961433,2026-08-08 07:19:38.326277,24.11,23.91,23.55,25.14,1019,51,2.24,45,100,0.0,Clouds,overcast clouds,7
Szépjuhászné,47.528277,18.955246,2026-08-08 07:19:39.480202,23.12,22.82,22.66,24.25,1019,51,2.24,45,100,0.0,Clouds,overcast clouds,7
Jánoshegy,47.51433,18.95047,2026-08-08 07:19:40.633639,22.87,22.54,22.57,24.16,1019,51,2.24,45,100,0.0,Clouds,overcast clouds,7
Virágvölgy,47.505965,18.95876,2026-08-08 07:19:41.794795,22.41,22.06,22.26,23.85,1019,52,2.24,45,100,0.0,Clouds,overcast clouds,7
Csillebérc,47.498196,18.961694,2026-08-08 07:19:42.944922,22.07,21.69,22.03,23.61,1019,52,2.24,45,100,0.0,Clouds,overcast clouds,7
Normafa,47.5,18.970558,2026-08-08 07:19:44.097015,22.21,21.84,22.08,23.66,1019,52,2.24,45,100,0.0,Clouds,overcast clouds,7
Széchenyihegy,47.49413,18.977049,2026-08-08 07:19:45.253865,22.2,21.83,22.1,23.68,1019,52,2.24,45,99,0.0,Clouds,overcast clouds,7
Balatonfőkajár felső,47.031389,18.215278,2026-08-08 07:19:46.411105,24.06,24.66,22.95,24.06,1019,82,2.2,30,98,0.0,Clouds,overcast clouds,7
Piroska,47.148333,20.129722,2026-08-08 07:19:47.573467,24.45,24.41,24.45,25.12,1018,56,4.02,359,9,0.0,Clear,clear sky,7
Somodor,46.4725,17.836667,2026-08-08 07:19:48.723294,24.13,24.06,24.13,24.13,1019,56,3.13,17,83,0.0,Clouds,broken clouds,7
Középmező,45.995833,18.668889,2026-08-08 07:19:49.879500,26.37,26.37,24.5,26.37,1019,46,3.77,41,15,0.0,Clouds,few clouds,7
Jobbágyi,47.828889,19.6875,2026-08-08 07:19:51.043670,23.67,23.4,23.67,23.67,1019,50,4.06,34,46,0.0,Clouds,scattered clouds,7
Ferihegy,47.437222,19.223889,2026-08-08 07:19:52.196108,24.32,24.22,23.2,25.4,1019,54,3.37,24,72,0.0,Clouds,broken clouds,7
Máriapócs,47.852778,22.019167,2026-08-08 07:19:53.347622,22.77,22.72,22.77,22.77,1017,62,5.36,9,0,0.0,Clear,clear sky,7
Máriaudvar,47.751944,19.165,2026-08-08 07:19:54.501558,25.53,25.5,24.81,25.53,1019,52,4.62,45,99,0.0,Clouds,overcast clouds,7
Nagyberki,46.353333,18.004167,2026-08-08 07:19:55.660213,24.55,24.55,24.55,24.55,1019,57,3.06,21,96,0.0,Clouds,overcast clouds,7
Badacsonytomaj,46.804722,17.518056,2026-08-08 07:19:56.809047,23.4,23.26,23.4,23.4,1019,56,2.84,339,100,0.0,Clouds,overcast clouds,7
Badacsony,46.788611,17.506389,2026-08-08 07:19:57.964243,23.36,23.24,23.36,23.36,1019,57,2.87,338,100,0.0,Clouds,overcast clouds,7
Badacsonylábdihegy,46.793889,17.470833,2026-08-08 07:19:59.116143,23.36,23.24,23.36,23.36,1019,57,2.87,338,100,0.0,Clouds,overcast clouds,7
Badacsonytördemic-Szigliget,46.809722,17.469167,2026-08-08 07:20:00.266640,23.33,23.21,23.33,23.33,1019,57,2.91,340,100,0.0,Clouds,overcast clouds,7
Nemesgulács-Kisapáti,46.836944,17.476389,2026-08-08 07:20:01.419916,23.33,23.21,23.33,23.33,1019,57,2.93,341,100,0.0,Clouds,overcast clouds,7
Tapolca,46.877778,17.428611,2026-08-08 07:20:02.573396,23.0,22.9,23.0,23.0,1019,59,3.14,345,99,0.0,Clouds,overcast clouds,7
Uzsabánya alsó,46.898333,17.345278,2026-08-08 07:20:03.722654,21.66,21.45,21.66,21.66,1020,60,3.25,349,99,0.0,Clouds,overcast clouds,7
Uzsa,46.920278,17.331667,2026-08-08 07:20:04.872663,22.44,22.31,22.44,22.44,1020,60,3.26,350,99,0.0,Clouds,overcast clouds,7
Sümegi Bazaltbánya,46.9525,17.2925,2026-08-08 07:20:06.023968,22.35,22.21,22.35,22.35,1020,60,3.3,351,98,0.0,Clouds,overcast clouds,7
Sümeg,46.981111,17.270833,2026-08-08 07:20:07.176254,22.43,22.27,22.43,22.43,1020,59,3.3,354,99,0.0,Clouds,overcast clouds,7
Gógánfa,47.021111,17.207778,2026-08-08 07:20:08.330316,22.41,22.25,22.41,22.41,1020,59,3.19,354,100,0.0,Clouds,overcast clouds,7
Ukk,47.041944,17.195833,2026-08-08 07:20:09.490541,22.42,22.26,22.42,22.42,1020,59,3.09,354,100,0.0,Clouds,overcast clouds,7
Nemeskeresztúr,47.093611,17.183611,2026-08-08 07:20:10.641437,22.48,22.3,22.48,22.48,1020,58,2.94,352,100,0.0,Clouds,overcast clouds,7
Jánosháza,47.115833,17.171667,2026-08-08 07:20:11.792778,22.61,22.44,22.61,22.61,1020,58,2.87,351,100,0.0,Clouds,overcast clouds,7
Keszthely,46.758333,17.248056,2026-08-08 07:20:12.946842,22.53,22.43,22.53,22.53,1019,61,3.17,352,100,0.0,Clouds,overcast clouds,7
Alsógyenes,46.765844,17.276435,2026-08-08 07:20:14.099028,22.71,22.6,22.71,22.71,1019,60,3.1,348,100,0.0,Clouds,overcast clouds,7
Gyenesdiás,46.763333,17.292778,2026-08-08 07:20:15.256250,22.71,22.6,22.71,22.71,1019,60,3.1,348,100,0.0,Clouds,overcast clouds,7
Vonyarcvashegy,46.755278,17.318333,2026-08-08 07:20:16.407372,22.28,22.1,22.28,22.28,1019,59,3.06,346,100,0.0,Clouds,overcast clouds,7
Balatongyörök,46.751944,17.354444,2026-08-08 07:20:17.565569,22.99,22.89,22.99,22.99,1019,59,3.02,343,100,0.0,Clouds,overcast clouds,7
Becehegy,46.776111,17.372778,2026-08-08 07:20:18.719333,21.81,21.59,21.81,21.81,1019,59,3.06,344,100,0.0,Clouds,overcast clouds,7
Balatonederics,46.8025,17.385,2026-08-08 07:20:19.869026,21.73,21.5,21.73,21.73,1019,59,3.11,345,99,0.0,Clouds,overcast clouds,7
Dabronc,47.025766,17.167006,2026-08-08 07:20:21.024680,22.35,22.18,22.35,22.35,1020,59,3.15,354,100,0.0,Clouds,overcast clouds,7
Türje,46.994444,17.093611,2026-08-08 07:20:22.178725,22.07,21.9,22.07,22.07,1020,60,3.11,356,99,0.0,Clouds,overcast clouds,7
Zalabér-Batyk,46.983056,17.040833,2026-08-08 07:20:23.340946,21.87,21.71,21.87,21.87,1020,61,3.02,358,98,0.0,Clouds,overcast clouds,7
Pakod,46.959167,16.996667,2026-08-08 07:20:24.493488,21.69,21.53,21.69,21.69,1020,62,3.01,358,98,0.0,Clouds,overcast clouds,7
Pókaszepetk,46.924444,16.972222,2026-08-08 07:20:25.647097,21.54,21.39,21.54,21.54,1020,63,2.98,359,97,0.0,Clouds,overcast clouds,7
Kemendollár,46.905833,16.946667,2026-08-08 07:20:26.802468,21.14,20.98,21.14,21.14,1020,64,2.94,360,97,0.0,Clouds,overcast clouds,7
Zalaegerszeg,46.833056,16.848333,2026-08-08 07:20:27.951903,21.18,21.21,21.18,21.18,1020,71,2.37,3,98,0.0,Clouds,overcast clouds,7
Bocfölde,46.780278,16.853611,2026-08-08 07:20:29.102731,21.4,21.42,21.4,21.4,1020,70,2.29,1,100,0.0,Clouds,overcast clouds,7
Sárhida,46.755833,16.851389,2026-08-08 07:20:30.262152,20.79,20.8,20.79,20.79,1020,72,2.07,360,100,0.0,Clouds,overcast clouds,7
Bak,46.7325,16.849167,2026-08-08 07:20:31.417673,21.33,21.4,21.33,21.33,1020,72,2.0,359,100,0.0,Clouds,overcast clouds,7
Tófej,46.670833,16.801944,2026-08-08 07:20:32.573119,21.47,21.58,21.47,21.47,1020,73,1.79,358,100,0.0,Clouds,overcast clouds,7
Gutorfölde,46.646944,16.739722,2026-08-08 07:20:33.728344,21.89,22.07,21.89,21.89,1020,74,1.66,358,100,0.0,Clouds,overcast clouds,7
Csömödér-Páka,46.608056,16.641111,2026-08-08 07:20:34.884002,23.34,23.64,23.34,23.34,1019,73,1.91,2,99,0.0,Clouds,overcast clouds,7
Iklódbördőce,46.603056,16.604722,2026-08-08 07:20:36.032370,23.33,23.62,23.33,23.33,1019,73,2.13,3,99,0.0,Clouds,overcast clouds,7
Lenti,46.621389,16.528611,2026-08-08 07:20:37.187117,23.28,23.65,23.28,23.28,1020,76,2.31,4,100,0.0,Clouds,overcast clouds,7
Rédics,46.618056,16.471111,2026-08-08 07:20:38.341444,23.27,23.66,23.27,23.27,1020,77,2.4,5,100,0.0,Clouds,overcast clouds,7
Zalalövő,46.845556,16.576389,2026-08-08 07:20:39.495860,22.03,22.33,22.03,22.03,1020,78,1.97,8,100,0.0,Clouds,overcast clouds,7
Zalaegerszeg-Ola,46.849167,16.844722,2026-08-08 07:20:40.648623,21.18,21.21,21.18,21.18,1020,71,2.37,3,98,0.0,Clouds,overcast clouds,7
Andráshida,46.863116,16.7792,2026-08-08 07:20:41.797164,21.26,21.32,21.26,21.26,1020,72,2.43,4,98,0.0,Clouds,overcast clouds,7
Bagod,46.875,16.746111,2026-08-08 07:20:42.955291,21.51,21.62,21.51,21.51,1020,73,2.27,5,99,0.0,Clouds,overcast clouds,7
Zalaszentgyörgy,46.872222,16.7125,2026-08-08 07:20:44.110442,21.61,21.76,21.61,21.61,1020,74,2.2,6,100,0.0,Clouds,overcast clouds,7
Zalacséb-Salomvár,46.858056,16.662222,2026-08-08 07:20:45.263600,21.52,21.69,21.52,21.52,1020,75,2.13,6,100,0.0,Clouds,overcast clouds,7
Kópháza,47.631389,16.6375,2026-08-08 07:20:46.412945,25.21,25.22,25.21,25.21,1020,55,5.28,351,29,0.0,Clouds,scattered clouds,7
Nagycenk,47.601111,16.690278,2026-08-08 07:20:47.576262,25.32,25.37,25.32,25.32,1020,56,5.36,351,33,0.0,Clouds,scattered clouds,7
Sopronkövesd,47.548333,16.748056,2026-08-08 07:20:48.733378,25.15,25.29,25.15,25.15,1020,60,5.39,351,36,0.0,Clouds,scattered clouds,7
Lövő,47.509444,16.7775,2026-08-08 07:20:49.895401,25.19,25.33,25.19,25.19,1020,60,5.32,350,30,0.0,Clouds,scattered clouds,7
Újkér,47.457778,16.786667,2026-08-08 07:20:51.050137,25.21,25.35,25.21,25.21,1020,60,5.17,352,41,0.0,Clouds,scattered clouds,7
Bük,47.388611,16.752222,2026-08-08 07:20:52.206040,25.27,25.42,25.27,25.27,1020,60,4.87,356,75,0.0,Clouds,broken clouds,7
Acsád,47.308333,16.734722,2026-08-08 07:20:53.361275,25.02,25.14,25.02,25.02,1020,60,4.44,1,97,0.0,Clouds,overcast clouds,7
Salköveskút-Vassurány,47.291389,16.704167,2026-08-08 07:20:54.517516,25.03,25.16,25.03,25.03,1020,60,4.32,2,100,0.0,Clouds,overcast clouds,7
Zalaszentiván,46.8875,16.909444,2026-08-08 07:20:55.670774,21.08,20.99,21.08,21.08,1020,67,2.78,2,97,0.0,Clouds,overcast clouds,7
Alsónemesapáti,46.854167,16.936389,2026-08-08 07:20:56.828785,21.17,21.04,21.17,21.17,1020,65,2.85,0,98,0.0,Clouds,overcast clouds,7
Józsa,47.600833,21.584444,2026-08-08 07:20:57.983955,23.34,23.24,23.34,23.34,1017,58,5.97,14,5,0.0,Clear,clear sky,7
Hajdúszentgyörgy,47.608056,21.578333,2026-08-08 07:20:59.137187,23.34,23.24,23.34,23.34,1017,58,5.97,14,5,0.0,Clear,clear sky,7
Zelemér,47.627778,21.578333,2026-08-08 07:21:00.301979,23.25,23.15,23.25,23.25,1017,58,6.03,14,5,0.0,Clear,clear sky,7
Hajdúböszörmény,47.668056,21.524167,2026-08-08 07:21:01.457646,23.24,23.16,23.24,23.24,1017,59,6.07,16,4,0.0,Clear,clear sky,7
Hajdúvid,47.749444,21.508056,2026-08-08 07:21:02.616826,23.25,23.17,23.25,23.25,1017,59,6.09,18,3,0.0,Clear,clear sky,7
Hajdúdorog,47.805556,21.493056,2026-08-08 07:21:03.767433,23.15,23.09,23.15,23.15,1017,60,6.18,19,3,0.0,Clear,clear sky,7
Hajdúnánás,47.831944,21.426667,2026-08-08 07:21:04.921657,23.27,23.19,23.27,23.27,1018,59,5.9,21,5,0.0,Clear,clear sky,7
Hajdúnánás-Vásártér,47.843056,21.407222,2026-08-08 07:21:06.075024,23.27,23.19,23.27,23.27,1018,59,5.9,21,5,0.0,Clear,clear sky,7
Tedej,47.903611,21.404444,2026-08-08 07:21:07.229775,24.32,24.37,24.32,24.32,1018,60,5.98,22,6,0.0,Clear,clear sky,7
Tiszavasvári,47.945278,21.374722,2026-08-08 07:21:08.377484,24.32,24.37,24.32,24.32,1018,60,5.81,22,6,0.0,Clear,clear sky,7
Egyházerdő,47.9725,21.365,2026-08-08 07:21:09.532470,24.34,24.4,24.34,24.34,1018,60,5.83,22,7,0.0,Clear,clear sky,7
Tiszalök,48.013056,21.369167,2026-08-08 07:21:10.686014,24.31,24.39,24.31,24.31,1018,61,5.86,22,7,0.0,Clear,clear sky,7
Hajnalos,47.998889,21.414167,2026-08-08 07:21:11.836994,24.32,24.4,24.32,24.32,1018,61,6.05,22,7,0.0,Clear,clear sky,7
Kisfástanya,47.989167,21.47,2026-08-08 07:21:12.998904,24.29,24.37,24.29,24.29,1018,61,6.25,21,7,0.0,Clear,clear sky,7
Tiszaeszlár,48.010556,21.491944,2026-08-08 07:21:14.150610,24.3,24.4,24.3,24.3,1018,62,6.48,21,7,0.0,Clear,clear sky,7
Bashalom,48.026111,21.514722,2026-08-08 07:21:15.306353,24.27,24.4,24.27,24.27,1018,63,6.5,21,7,0.0,Clear,clear sky,7
Sáránd,47.415556,21.625,2026-08-08 07:21:16.453653,23.94,23.88,23.94,23.94,1017,57,5.5,13,2,0.0,Clear,clear sky,7
Derecske,47.365,21.584167,2026-08-08 07:21:17.602357,24.04,23.99,24.04,24.04,1017,57,5.41,13,0,0.0,Clear,clear sky,7
Derecske-Vásártér,47.352222,21.58,2026-08-08 07:21:18.757229,24.04,23.99,24.04,24.04,1017,57,5.41,13,0,0.0,Clear,clear sky,7
Konyár,47.323611,21.666111,2026-08-08 07:21:19.913593,24.12,24.1,24.12,24.12,1017,58,5.18,13,0,0.0,Clear,clear sky,7
Konyári Sóstófürdő,47.324167,21.744444,2026-08-08 07:21:21.065494,24.12,24.1,24.12,24.12,1017,58,4.96,13,2,0.0,Clear,clear sky,7
Pocsaj-Esztár,47.288333,21.793056,2026-08-08 07:21:22.215952,24.12,24.13,24.12,24.12,1017,59,4.76,13,16,0.0,Clouds,few clouds,7
Kismarja,47.243889,21.813889,2026-08-08 07:21:23.374752,24.18,24.19,24.18,24.18,1017,59,4.72,13,20,0.0,Clouds,few clouds,7
Nagykereki,47.191667,21.8,2026-08-08 07:21:24.531101,24.21,24.25,24.21,24.21,1017,60,4.72,13,24,0.0,Clouds,few clouds,7
Debrecen-Szabadságtelep,47.527778,21.658611,2026-08-08 07:21:25.681845,23.6,23.53,23.6,23.6,1017,58,5.72,13,6,0.0,Clear,clear sky,7
Kondoroskert,47.525556,21.713889,2026-08-08 07:21:26.846925,23.62,23.55,23.62,23.62,1017,58,5.51,12,5,0.0,Clear,clear sky,7
Nagycsere,47.523889,21.763056,2026-08-08 07:21:27.995801,23.61,23.54,23.61,23.61,1017,58,5.44,12,5,0.0,Clear,clear sky,7
Haláp,47.521667,21.818333,2026-08-08 07:21:29.145674,23.57,23.5,23.57,23.57,1017,58,5.36,11,5,0.0,Clear,clear sky,7
Vámospércs,47.518056,21.893889,2026-08-08 07:21:30.292136,23.53,23.45,23.53,23.53,1017,58,5.07,11,4,0.0,Clear,clear sky,7
Szentannapuszta,47.52,21.965833,2026-08-08 07:21:31.446518,23.56,23.51,23.56,23.56,1017,59,4.84,11,4,0.0,Clear,clear sky,7
Nyírábrány,47.523889,22.016944,2026-08-08 07:21:32.599332,23.56,23.51,23.56,23.56,1017,59,4.73,11,4,0.0,Clear,clear sky,7
Dombostanya,47.602778,21.706389,2026-08-08 07:21:33.761850,23.36,23.27,23.36,23.36,1017,58,5.84,13,5,0.0,Clear,clear sky,7
Hajdúsámson,47.608056,21.755278,2026-08-08 07:21:34.911402,23.36,23.27,23.36,23.36,1017,58,5.63,12,4,0.0,Clear,clear sky,7
Tamásipuszta,47.632778,21.796111,2026-08-08 07:21:36.059450,23.24,23.16,23.24,23.24,1017,59,5.63,11,2,0.0,Clear,clear sky,7
Aradványpuszta,47.662778,21.8425,2026-08-08 07:21:37.219187,23.17,23.08,23.17,23.17,1017,59,5.61,11,1,0.0,Clear,clear sky,7
Nyíradony,47.699444,21.903333,2026-08-08 07:21:38.372299,23.01,22.93,23.01,23.01,1017,60,5.42,10,0,0.0,Clear,clear sky,7
Nyírmihálydi,47.7375,21.958889,2026-08-08 07:21:39.523856,22.95,22.89,22.95,22.95,1017,61,5.37,10,0,0.0,Clear,clear sky,7
Nyírgelse,47.750833,21.987778,2026-08-08 07:21:40.680168,22.87,22.81,22.87,22.87,1017,61,5.29,9,0,0.0,Clear,clear sky,7
Nyírbogát,47.793056,22.066389,2026-08-08 07:21:41.835013,22.92,22.89,22.92,22.92,1017,62,4.97,9,1,0.0,Clear,clear sky,7
Nagykálló,47.871111,21.825833,2026-08-08 07:21:42.986890,22.72,22.67,22.72,22.72,1017,62,6.29,11,0,0.0,Clear,clear sky,7
Kállósemjén,47.854722,21.935,2026-08-08 07:21:44.138470,22.77,22.72,22.77,22.77,1017,62,5.82,9,0,0.0,Clear,clear sky,7
Nyírbátor,47.8425,22.131111,2026-08-08 07:21:45.286608,22.87,22.83,22.87,22.87,1017,62,4.86,8,1,0.0,Clear,clear sky,7
Nyírcsászári,47.865556,22.179167,2026-08-08 07:21:46.441212,22.96,22.93,22.96,22.96,1017,62,4.6,8,1,0.0,Clear,clear sky,7
Hodász,47.896111,22.213611,2026-08-08 07:21:47.600143,22.94,22.91,22.94,22.94,1017,62,4.37,9,1,0.0,Clear,clear sky,7
Nyírmeggyes,47.9225,22.256667,2026-08-08 07:21:48.749163,22.95,22.95,22.95,22.95,1017,63,4.29,10,1,0.0,Clear,clear sky,7
Mátészalka,47.951389,22.313333,2026-08-08 07:21:49.904725,23.03,23.03,23.03,23.03,1017,63,4.17,10,1,0.0,Clear,clear sky,7
Kocsord alsó,47.946389,22.400556,2026-08-08 07:22:12.197130,23.37,23.38,23.37,23.37,1017,62,3.81,11,0,0.0,Clear,clear sky,7
Győrtelek,47.936667,22.424722,2026-08-08 07:22:13.415651,23.47,23.47,23.47,23.47,1017,61,3.72,11,0,0.0,Clear,clear sky,7
Győrtelek alsó,47.921111,22.443333,2026-08-08 07:22:14.641449,23.57,23.58,23.57,23.57,1017,61,3.68,12,0,0.0,Clear,clear sky,7
Ököritófülpös,47.911389,22.495,2026-08-08 07:22:15.867128,23.63,23.64,23.63,23.63,1017,61,3.65,13,0,0.0,Clear,clear sky,7
Porcsalma-Tyukod,47.868056,22.568333,2026-08-08 07:22:17.091436,23.79,23.79,23.79,23.79,1016,60,3.65,15,0,0.0,Clear,clear sky,7
Csenger,47.826111,22.666389,2026-08-08 07:22:18.319431,23.86,23.87,23.86,23.86,1016,60,3.55,16,0,0.0,Clear,clear sky,7
Kisfái,46.888303,19.807366,2026-08-08 07:22:19.543537,24.92,24.93,24.92,24.92,1018,56,5.57,24,6,0.0,Clear,clear sky,7
Nyárlőrinci szőlők,46.8775,19.828333,2026-08-08 07:22:20.699939,24.92,25.06,24.92,24.92,1018,61,5.74,23,6,0.0,Clear,clear sky,7
Nyárlőrinc alsó,46.863889,19.878889,2026-08-08 07:22:21.858603,24.94,25.08,24.94,24.94,1018,61,5.84,22,6,0.0,Clear,clear sky,7
Tiszaug-Tiszahídfő,46.866106,20.052098,2026-08-08 07:22:23.013311,25.09,25.09,25.03,25.57,1018,55,6.16,19,9,0.0,Clear,clear sky,7
Csongrádi úti tanyák,46.690278,19.921667,2026-08-08 07:22:24.172264,25.05,25.2,25.05,25.53,1018,61,6.18,19,9,0.0,Clear,clear sky,7
Kettőshalom,46.689167,20.0225,2026-08-08 07:22:25.329011,25.08,25.24,25.08,25.56,1018,61,6.18,17,11,0.0,Clouds,few clouds,7
Csongrád alsó,46.711389,20.126389,2026-08-08 07:22:26.496541,25.56,25.71,25.08,25.56,1018,59,6.18,14,11,0.0,Clouds,few clouds,7
Dónát,46.66988,20.368168,2026-08-08 07:22:27.648593,25.58,25.73,25.58,25.58,1018,59,5.81,13,7,0.0,Clear,clear sky,7
Pusztatemplom,46.676667,20.407222,2026-08-08 07:22:28.804817,25.57,25.72,25.57,25.57,1018,59,5.81,13,6,0.0,Clear,clear sky,7
Előhát,47.364722,20.653611,2026-08-08 07:22:29.953101,24.44,24.32,24.44,24.44,1018,53,7.35,16,10,0.0,Clear,clear sky,7
Polgárdi-Tekerespuszta,47.017778,18.297778,2026-08-08 07:22:31.112265,24.28,24.25,24.28,24.28,1019,57,2.41,32,100,0.0,Clouds,overcast clouds,7
Szatina-Kishajmás,46.202778,18.083611,2026-08-08 07:22:32.269624,24.69,24.78,24.69,24.69,1019,60,2.19,26,88,0.0,Clouds,overcast clouds,7
Márok,45.886944,18.499167,2026-08-08 07:22:33.418743,24.27,24.48,24.27,26.14,1019,66,2.68,20,32,0.0,Clouds,scattered clouds,7
Nagynyárád,45.953333,18.564722,2026-08-08 07:22:34.575621,26.21,26.21,24.34,26.21,1019,46,3.45,44,33,0.0,Clouds,scattered clouds,7
Szászvár,46.2875,18.369722222222222,2026-08-08 07:22:35.736358,25.8,26.0,25.8,25.8,1019,60,2.2,21,32,0.0,Clouds,scattered clouds,7
Cikó,46.263514,18.557605,2026-08-08 07:22:36.888718,26.12,26.12,26.12,26.12,1019,58,2.45,29,12,0.0,Clouds,few clouds,7
Gyöngyfa-Magyarmecske,45.983889,17.958889,2026-08-08 07:22:38.041393,25.49,25.69,25.49,25.49,1019,61,2.04,49,85,0.0,Clouds,overcast clouds,7
Nagyhát,47.581389,21.445,2026-08-08 07:22:39.204374,23.54,23.46,23.54,23.54,1017,58,5.78,16,5,0.0,Clear,clear sky,7
Balmazújváros,47.613889,21.348056,2026-08-08 07:22:40.357687,23.7,23.64,23.7,23.7,1017,58,5.51,19,6,0.0,Clear,clear sky,7
Kónya,47.600833,21.2375,2026-08-08 07:22:41.507920,23.83,23.76,23.83,23.83,1018,57,5.38,20,7,0.0,Clear,clear sky,7
Hortobágy,47.586111,21.154722,2026-08-08 07:22:42.655512,23.91,23.82,23.91,23.91,1018,56,5.43,19,9,0.0,Clear,clear sky,7
Hortobágyi Halastó,47.604167,21.074167,2026-08-08 07:22:43.809789,23.96,23.87,23.96,23.96,1018,56,5.65,18,10,0.0,Clear,clear sky,7
Ohat-Pusztakócs,47.623333,20.951111,2026-08-08 07:22:44.958978,24.01,23.9,24.01,24.01,1018,55,6.58,17,10,0.0,Clear,clear sky,7
Egyek,47.616944,20.883611,2026-08-08 07:22:46.112620,24.41,24.32,24.41,24.41,1018,54,7.38,17,10,0.0,Clear,clear sky,7
Tiszafüred,47.627778,20.756111,2026-08-08 07:22:47.264559,24.41,24.29,24.41,24.41,1018,53,8.01,17,10,0.0,Clear,clear sky,7
Poroszló,47.657778,20.654444,2026-08-08 07:22:48.415498,24.42,24.28,24.42,24.42,1018,52,8.32,19,12,0.0,Clouds,few clouds,7
Kétútköz,47.694167,20.565,2026-08-08 07:22:49.563200,24.39,24.24,24.39,24.39,1018,52,7.97,21,14,0.0,Clouds,few clouds,7
Egerfarmos,47.711667,20.5225,2026-08-08 07:22:50.711315,24.37,24.22,24.37,24.37,1018,52,7.43,22,16,0.0,Clouds,few clouds,7
Piliscsaba,47.638056,18.829722,2026-08-08 07:22:51.864013,24.23,24.01,23.64,25.22,1019,50,0.89,18,100,0.0,Clouds,overcast clouds,7
Pilisjászfalu,47.656111,18.797778,2026-08-08 07:22:53.010995,24.52,24.33,23.89,25.48,1019,50,1.06,74,100,0.0,Clouds,overcast clouds,7
Leányvár,47.687594,18.772553,2026-08-08 07:22:54.163510,24.53,24.34,24.49,25.64,1019,50,0.89,75,100,0.0,Clouds,overcast clouds,7
Dorog,47.723333,18.732778,2026-08-08 07:22:55.311246,24.71,24.72,24.71,25.86,1019,57,0.89,54,100,0.0,Clouds,overcast clouds,7
Esztergom-Kertváros,47.743333,18.719167,2026-08-08 07:22:56.461152,24.78,24.8,24.78,24.78,1019,57,1.05,48,100,0.0,Clouds,overcast clouds,7
Esztergom,47.7775,18.743611,2026-08-08 07:22:57.613721,24.84,24.87,24.84,24.84,1019,57,1.15,55,100,0.0,Clouds,overcast clouds,7
Dunaalmás,47.733056,18.326389,2026-08-08 07:22:58.768749,23.38,23.21,23.38,23.38,1020,55,2.31,18,100,0.0,Clouds,overcast clouds,7
Neszmély,47.734444,18.345278,2026-08-08 07:22:59.915714,23.38,23.21,23.38,23.38,1020,55,2.31,18,100,0.0,Clouds,overcast clouds,7
Süttő,47.761111,18.455,2026-08-08 07:23:01.073190,23.35,23.2,23.35,23.35,1019,56,1.95,25,100,0.0,Clouds,overcast clouds,7
Piszke,47.75307,18.478017,2026-08-08 07:23:02.228478,23.39,23.25,23.39,23.39,1019,56,1.81,26,100,0.0,Clouds,overcast clouds,7
Lábatlan,47.751944,18.513333,2026-08-08 07:23:03.396501,23.39,23.25,23.39,23.39,1019,56,1.67,27,100,0.0,Clouds,overcast clouds,7
Eternitgyár,47.755544,18.530014,2026-08-08 07:23:04.551992,23.39,23.25,23.39,23.39,1019,56,1.67,27,100,0.0,Clouds,overcast clouds,7
Nyergesújfalu felső,47.762222,18.540556,2026-08-08 07:23:05.705350,23.39,23.25,23.39,23.39,1019,56,1.67,27,100,0.0,Clouds,overcast clouds,7
Nyergesújfalu,47.761111,18.561667,2026-08-08 07:23:06.859897,23.35,23.2,23.35,23.35,1019,56,1.52,28,100,0.0,Clouds,overcast clouds,7
Tokod,47.735,18.675,2026-08-08 07:23:08.012704,24.8,24.82,24.8,24.8,1019,57,0.91,46,100,0.0,Clouds,overcast clouds,7
Környe,47.541667,18.330278,2026-08-08 07:23:09.164505,23.17,23.03,23.17,23.17,1019,57,1.94,346,100,0.0,Clouds,overcast clouds,7
Kecskéd alsó,47.519722,18.316667,2026-08-08 07:23:10.314003,23.19,23.05,23.19,23.19,1019,57,2.02,342,100,0.0,Clouds,overcast clouds,7
Oroszlány,47.486944,18.308611,2026-08-08 07:23:11.461905,23.13,22.99,23.13,23.13,1019,57,1.96,338,100,0.0,Clouds,overcast clouds,7
Győrszabadhegy,47.663056,17.648056,2026-08-08 07:23:12.615185,23.37,23.12,23.37,23.37,1020,52,3.88,359,100,0.0,Clouds,overcast clouds,7
Ménfőcsanak felső,47.638333,17.615,2026-08-08 07:23:13.764768,23.44,23.2,23.44,23.44,1020,52,3.83,358,100,0.0,Clouds,overcast clouds,7
Gyömöre-Tét,47.501672,17.559596,2026-08-08 07:23:14.913234,23.24,23.0,23.24,23.24,1020,53,3.3,356,100,0.0,Clouds,overcast clouds,7
Szerecseny,47.469167,17.5475,2026-08-08 07:23:16.066259,23.26,23.05,23.26,23.26,1020,54,3.23,356,100,0.0,Clouds,overcast clouds,7
Gecse-Gyarmat,47.456111,17.515,2026-08-08 07:23:17.212656,23.15,22.93,23.15,23.15,1020,54,3.3,356,100,0.0,Clouds,overcast clouds,7
Vaszar,47.4025,17.496389,2026-08-08 07:23:18.367569,23.22,23.03,23.22,23.22,1020,55,3.2,354,98,0.0,Clouds,overcast clouds,7
Pápa,47.340556,17.458889,2026-08-08 07:23:19.519412,23.17,23.0,23.17,23.17,1020,56,3.15,352,97,0.0,Clouds,overcast clouds,7
Mezőlak,47.324722,17.371389,2026-08-08 07:23:20.675364,23.17,23.0,23.17,23.17,1020,56,3.12,351,88,0.0,Clouds,overcast clouds,7
Mihályháza,47.318889,17.331667,2026-08-08 07:23:21.827779,23.12,22.95,23.12,23.12,1020,56,3.03,350,91,0.0,Clouds,overcast clouds,7
Vinár,47.306667,17.284722,2026-08-08 07:23:22.981051,23.13,22.96,23.13,23.13,1020,56,3.01,350,89,0.0,Clouds,overcast clouds,7
Külsővat,47.279167,17.219722,2026-08-08 07:23:24.133545,23.03,22.88,23.03,23.03,1020,57,2.9,348,92,0.0,Clouds,overcast clouds,7
Celldömölk,47.261389,17.151944,2026-08-08 07:23:25.280966,22.93,22.79,22.93,22.93,1020,58,2.84,348,99,0.0,Clouds,overcast clouds,7
Kemenesmihályfa,47.278056,17.111111,2026-08-08 07:23:26.431611,22.57,22.4,22.57,22.57,1020,58,2.97,348,91,0.0,Clouds,overcast clouds,7
Nagysimonyi,47.265556,17.058889,2026-08-08 07:23:27.579970,22.59,22.42,22.59,22.59,1020,58,3.02,350,99,0.0,Clouds,overcast clouds,7
Ostffyasszonyfa,47.283889,17.023889,2026-08-08 07:23:28.734737,22.71,22.55,22.71,22.71,1020,58,3.25,350,91,0.0,Clouds,overcast clouds,7
Sárvár,47.259167,16.928889,2026-08-08 07:23:29.892502,22.76,22.61,22.76,22.76,1020,58,3.76,356,98,0.0,Clouds,overcast clouds,7
Porpác,47.238611,16.8325,2026-08-08 07:23:31.043979,25.29,25.42,25.29,25.29,1020,59,3.97,360,100,0.0,Clouds,overcast clouds,7
Balatonföldvár,46.853889,17.881389,2026-08-08 07:23:32.190386,23.3,22.76,23.3,24.41,1019,41,1.79,68,100,0.0,Clouds,overcast clouds,7
Balatonszárszó,46.832222,17.830278,2026-08-08 07:23:33.347491,23.32,22.78,23.32,24.43,1019,41,2.31,4,100,0.0,Clouds,overcast clouds,7
Balatonszemes,46.811944,17.776389,2026-08-08 07:23:34.495865,23.3,22.76,23.3,24.41,1019,41,2.4,358,100,0.0,Clouds,overcast clouds,7
Balatonlelle felső,46.793889,17.7175,2026-08-08 07:23:35.658437,23.32,22.78,23.32,23.32,1019,41,2.47,352,100,0.0,Clouds,overcast clouds,7
Balatonlelle,46.7875,17.694167,2026-08-08 07:23:36.816980,23.28,23.1,23.28,23.28,1019,55,2.51,349,100,0.0,Clouds,overcast clouds,7
Fonyódliget,46.759167,17.592222,2026-08-08 07:23:37.972398,23.3,23.12,23.3,23.3,1019,55,2.58,341,100,0.0,Clouds,overcast clouds,7
Balatonboglár,46.776111,17.647222,2026-08-08 07:23:39.120306,23.3,23.12,23.3,23.3,1019,55,2.54,345,100,0.0,Clouds,overcast clouds,7
Balatonfenyves alsó,46.708611,17.455278,2026-08-08 07:23:40.271893,23.38,23.24,23.38,23.38,1019,56,2.78,334,100,0.0,Clouds,overcast clouds,7
Fonyód,46.750278,17.558889,2026-08-08 07:23:41.426442,23.66,23.54,23.66,23.66,1019,56,2.7,337,100,0.0,Clouds,overcast clouds,7
Bélatelep,46.737778,17.535,2026-08-08 07:23:42.620827,23.58,23.46,23.58,23.58,1019,56,2.72,335,100,0.0,Clouds,overcast clouds,7
Alsóbélatelep,46.724167,17.516389,2026-08-08 07:23:43.782439,23.58,23.46,23.58,23.58,1019,56,2.72,335,100,0.0,Clouds,overcast clouds,7
Balatonfenyves,46.713611,17.482778,2026-08-08 07:23:44.935895,23.46,23.32,23.46,23.46,1019,56,2.71,334,100,0.0,Clouds,overcast clouds,7
Máriahullámtelep,46.704722,17.435,2026-08-08 07:23:46.099384,23.38,23.24,23.38,23.38,1019,56,2.78,334,100,0.0,Clouds,overcast clouds,7
Balatonmáriafürdő,46.704167,17.374722,2026-08-08 07:23:47.249729,23.11,22.99,23.11,23.11,1019,58,2.93,340,100,0.0,Clouds,overcast clouds,7
Balatonberény,46.713889,17.316944,2026-08-08 07:23:48.397885,22.89,22.78,22.89,22.89,1019,59,2.98,343,100,0.0,Clouds,overcast clouds,7
Balatonszentgyörgy,46.692778,17.288889,2026-08-08 07:23:49.543865,22.89,22.78,22.89,22.89,1019,59,3.0,345,100,0.0,Clouds,overcast clouds,7
Vörs,46.663611,17.260278,2026-08-08 07:23:50.697305,22.82,22.72,22.82,22.82,1019,60,3.11,349,99,0.0,Clouds,overcast clouds,7
Zalaszentjakab,46.491667,17.135278,2026-08-08 07:23:51.849427,22.92,22.81,22.92,22.92,1019,59,3.43,354,100,0.0,Clouds,overcast clouds,7
Nagykanizsa,46.440833,16.986667,2026-08-08 07:23:53.011752,23.04,22.97,23.04,23.04,1019,60,3.45,1,100,0.0,Clouds,overcast clouds,7
Murakeresztúr,46.363889,16.876944,2026-08-08 07:23:54.162984,23.39,23.33,23.39,23.39,1019,59,3.6,6,100,0.0,Clouds,overcast clouds,7
Zalakomár,46.530278,17.188056,2026-08-08 07:23:55.316784,22.99,22.89,22.99,22.99,1019,59,3.33,352,99,0.0,Clouds,overcast clouds,7
Szárazrét,47.200833,18.381111,2026-08-08 07:23:56.470403,23.92,23.83,23.92,23.92,1019,56,1.11,9,100,0.0,Clouds,overcast clouds,7
Bodajk,47.318333,18.251944,2026-08-08 07:23:57.618261,23.56,23.46,23.56,23.56,1019,57,1.65,333,100,0.0,Clouds,overcast clouds,7
Csókakő,47.3275,18.240556,2026-08-08 07:23:58.772822,23.22,23.09,23.22,23.22,1019,57,1.74,331,100,0.0,Clouds,overcast clouds,7
Mór,47.369167,18.189167,2026-08-08 07:23:59.937835,23.25,23.12,23.25,23.25,1019,57,2.35,335,100,0.0,Clouds,overcast clouds,7
Bakonysárkány,47.443611,18.103611,2026-08-08 07:24:01.093036,22.79,22.61,22.79,22.79,1019,57,2.69,337,100,0.0,Clouds,overcast clouds,7
Kisbér,47.494167,18.024722,2026-08-08 07:24:02.247164,23.06,22.88,23.06,23.06,1020,56,2.81,341,100,0.0,Clouds,overcast clouds,7
Nagyigmánd-Bábolna,47.630556,18.050833,2026-08-08 07:24:03.396097,23.31,23.13,23.31,23.31,1020,55,2.82,353,100,0.0,Clouds,overcast clouds,7
Budapest-Déli,47.498889,19.025,2026-08-08 07:24:04.542502,24.6,24.47,24.28,25.87,1019,52,2.24,45,98,0.0,Clouds,overcast clouds,7
Budapest-Kelenföld,47.464444,19.02,2026-08-08 07:24:05.692797,24.51,24.37,24.38,25.97,1019,52,2.24,45,96,0.0,Clouds,overcast clouds,7
Budaörs,47.4475,18.965,2026-08-08 07:24:06.844433,24.7,24.61,24.29,25.88,1019,53,2.24,45,98,0.0,Clouds,overcast clouds,7
Biatorbágy,47.480278,18.834444,2026-08-08 07:24:07.992644,25.29,25.21,23.94,25.53,1019,51,2.45,44,100,0.0,Clouds,overcast clouds,7
Herceghalom,47.493611,18.746111,2026-08-08 07:24:09.147845,25.47,25.38,24.19,25.78,1019,50,1.54,58,100,0.0,Clouds,overcast clouds,7
Bicske,47.484167,18.6175,2026-08-08 07:24:10.295831,25.41,25.49,22.95,25.58,1019,57,0.59,46,100,0.0,Clouds,overcast clouds,7
Szár,47.485,18.5275,2026-08-08 07:24:11.447423,25.37,25.45,24.22,25.37,1019,57,0.81,356,100,0.0,Clouds,overcast clouds,7
Szárliget,47.518333,18.495833,2026-08-08 07:24:12.598326,25.18,25.24,25.18,25.18,1019,57,1.04,352,100,0.0,Clouds,overcast clouds,7
Alsógalla,47.563337,18.425102,2026-08-08 07:24:13.750486,23.19,23.05,23.19,23.19,1019,57,1.71,352,100,0.0,Clouds,overcast clouds,7
Tatabánya,47.585556,18.393056,2026-08-08 07:24:14.897211,23.25,23.09,23.25,23.25,1019,56,1.91,355,100,0.0,Clouds,overcast clouds,7
Vértesszőlős,47.619444,18.375278,2026-08-08 07:24:16.047381,23.27,23.11,23.27,23.27,1019,56,1.96,360,100,0.0,Clouds,overcast clouds,7
Tóvároskert,47.646111,18.348611,2026-08-08 07:24:17.201320,23.27,23.11,23.27,23.27,1019,56,2.14,4,100,0.0,Clouds,overcast clouds,7
Tata,47.665,18.3275,2026-08-08 07:24:18.350674,23.26,23.1,23.26,23.26,1019,56,2.19,9,100,0.0,Clouds,overcast clouds,7
Almásfüzitő,47.725278,18.262222,2026-08-08 07:24:19.504275,23.36,23.19,23.36,23.36,1020,55,2.48,16,100,0.0,Clouds,overcast clouds,7
Almásfüzitő felső,47.731389,18.216389,2026-08-08 07:24:20.660720,25.03,25.02,25.03,25.03,1020,55,2.62,13,100,0.0,Clouds,overcast clouds,7
Szőny,47.735556,18.1775,2026-08-08 07:24:21.821518,25.06,25.06,25.06,25.06,1020,55,2.7,12,100,0.0,Clouds,overcast clouds,7
Komárom,47.749444,18.113611,2026-08-08 07:24:22.974947,25.07,25.04,25.07,25.07,1020,54,2.87,12,100,0.0,Clouds,overcast clouds,7
Ács,47.717222,18.004444,2026-08-08 07:24:24.123341,23.3,23.1,23.3,23.3,1020,54,3.12,4,100,0.0,Clouds,overcast clouds,7
Nagyszentjános,47.705556,17.871389,2026-08-08 07:24:25.270813,23.34,23.11,23.34,23.34,1020,53,3.37,2,99,0.0,Clouds,overcast clouds,7
Győrszentiván,47.688611,17.745556,2026-08-08 07:24:26.425184,23.34,23.09,23.34,23.34,1020,52,3.52,0,99,0.0,Clouds,overcast clouds,7
Győr-Gyárváros,47.684444,17.663889,2026-08-08 07:24:27.577808,23.41,23.16,23.41,23.41,1020,52,3.78,360,100,0.0,Clouds,overcast clouds,7
Győr,47.681944,17.634722,2026-08-08 07:24:28.728345,23.37,23.12,23.37,23.37,1020,52,3.88,359,100,0.0,Clouds,overcast clouds,7
Öttevény,47.719722,17.489167,2026-08-08 07:24:29.880767,23.38,23.11,23.38,23.38,1020,51,4.27,357,95,0.0,Clouds,overcast clouds,7
Lébény-Mosonszentmiklós,47.755278,17.426389,2026-08-08 07:24:31.036342,23.36,23.08,23.36,23.36,1020,51,4.16,356,94,0.0,Clouds,overcast clouds,7
Kimle-Károlyháza,47.803889,17.342778,2026-08-08 07:24:32.187765,23.34,23.06,23.34,23.34,1020,51,4.01,357,90,0.0,Clouds,overcast clouds,7
Mosonmagyaróvár,47.849722,17.267222,2026-08-08 07:24:33.340150,26.71,27.15,26.16,26.71,1020,50,3.8,357,79,0.0,Clouds,broken clouds,7
Levél,47.889722,17.1925,2026-08-08 07:24:34.499998,26.68,27.12,26.13,26.68,1020,50,3.74,355,69,0.0,Clouds,broken clouds,7
Hegyeshalom,47.913889,17.145556,2026-08-08 07:24:35.655160,26.5,26.5,26.1,26.66,1020,51,3.75,354,56,0.0,Clouds,broken clouds,7
Óbuda,47.568611,19.033889,2026-08-08 07:24:36.810607,25.2,25.11,24.42,26.01,1019,51,2.24,45,100,0.0,Clouds,overcast clouds,7
Üröm,47.580556,19.002222,2026-08-08 07:24:37.971932,25.06,24.95,24.32,25.9,1019,51,1.34,4,100,0.0,Clouds,overcast clouds,7
Solymár,47.596111,18.95,2026-08-08 07:24:39.125010,24.74,24.58,24.13,25.72,1019,50,1.34,4,100,0.0,Clouds,overcast clouds,7
Pilisvörösvár,47.614444,18.902222,2026-08-08 07:24:40.277662,24.29,24.08,23.78,25.37,1019,50,2.31,49,100,0.0,Clouds,overcast clouds,7
Klotildliget,47.637778,18.846389,2026-08-08 07:24:41.424566,24.08,23.85,23.51,25.1,1019,50,1.27,68,100,0.0,Clouds,overcast clouds,7
Kútvölgy,46.459444,20.451944,2026-08-08 07:24:42.574984,25.57,25.72,25.57,25.57,1017,59,5.49,4,4,0.0,Clear,clear sky,7
Székkutas,46.503889,20.541111,2026-08-08 07:24:43.731554,25.55,25.73,25.55,25.55,1018,60,5.45,4,5,0.0,Clear,clear sky,7
Kaposszentjakab,46.358056,17.821944,2026-08-08 07:24:44.887426,24.41,24.39,24.41,24.41,1019,57,2.94,14,90,0.0,Clouds,overcast clouds,7
Kaposvár,46.352778,17.795,2026-08-08 07:24:46.038126,24.21,24.17,24.21,24.21,1019,57,2.86,12,89,0.0,Clouds,overcast clouds,7
Kaposújlak,46.366667,17.715,2026-08-08 07:24:47.190503,24.17,24.13,24.17,24.17,1019,57,2.52,1,88,0.0,Clouds,overcast clouds,7
Kaposmérő,46.365278,17.698889,2026-08-08 07:24:48.346691,24.05,24.0,24.05,24.05,1019,57,2.41,357,89,0.0,Clouds,overcast clouds,7
Kaposfő,46.364167,17.656667,2026-08-08 07:24:49.501146,23.95,23.89,23.95,23.95,1019,57,2.32,352,91,0.0,Clouds,overcast clouds,7
Kiskorpád,46.361389,17.606667,2026-08-08 07:24:50.656691,23.81,23.73,23.81,23.81,1019,57,2.27,347,93,0.0,Clouds,overcast clouds,7
Jákó-Nagybajom,46.344444,17.554444,2026-08-08 07:24:51.805548,23.81,23.76,23.81,23.81,1019,58,2.31,342,98,0.0,Clouds,overcast clouds,7
Kutas,46.326111,17.453889,2026-08-08 07:24:52.954851,23.82,23.75,23.82,23.82,1019,57,2.49,340,100,0.0,Clouds,overcast clouds,7
Beleg,46.316944,17.420556,2026-08-08 07:24:54.108579,23.89,23.82,23.89,23.89,1019,57,2.79,346,100,0.0,Clouds,overcast clouds,7
Ötvöskónyi,46.292778,17.358056,2026-08-08 07:24:55.264257,23.93,23.87,23.93,23.93,1019,57,2.99,350,100,0.0,Clouds,overcast clouds,7
Somogyszob,46.289167,17.305556,2026-08-08 07:24:56.410900,23.8,23.7,23.8,23.8,1019,56,3.32,354,100,0.0,Clouds,overcast clouds,7
Bolhás,46.282222,17.275278,2026-08-08 07:24:57.562846,23.74,23.61,23.74,23.74,1019,55,3.62,359,100,0.0,Clouds,overcast clouds,7
Szenta,46.274167,17.182222,2026-08-08 07:24:58.718876,23.7,23.56,23.7,23.7,1019,55,3.89,2,100,0.0,Clouds,overcast clouds,7
Zrínyitelep,46.275278,17.138056,2026-08-08 07:24:59.868298,23.67,23.5,23.67,23.67,1019,54,4.01,3,100,0.0,Clouds,overcast clouds,7
Csurgó,46.261111,17.091667,2026-08-08 07:25:01.022391,23.87,23.72,23.87,23.87,1019,54,4.11,5,100,0.0,Clouds,overcast clouds,7
Gyékényes,46.249167,16.956389,2026-08-08 07:25:02.183352,23.62,23.47,23.62,23.62,1019,55,4.39,9,99,0.0,Clouds,overcast clouds,7
Adony,47.106111,18.847778,2026-08-08 07:25:03.337420,24.35,24.12,24.35,24.35,1018,49,4.51,38,70,0.0,Clouds,broken clouds,7
Kulcs,47.051111,18.8975,2026-08-08 07:25:04.493304,24.18,23.93,24.18,24.18,1018,49,4.39,37,35,0.0,Clouds,scattered clouds,7
Rácalmás,47.023333,18.908889,2026-08-08 07:25:05.643740,24.15,23.9,24.15,24.15,1018,49,4.26,37,31,0.0,Clouds,scattered clouds,7
Dunaújváros,46.960556,18.913889,2026-08-08 07:25:06.796214,24.23,24.01,24.23,24.23,1018,50,3.95,36,26,0.0,Clouds,scattered clouds,7
Újvenyim,46.936944,18.868889,2026-08-08 07:25:07.949123,24.36,24.18,24.36,24.36,1018,51,3.72,37,35,0.0,Clouds,scattered clouds,7
Mezőfalva,46.905556,18.810278,2026-08-08 07:25:09.100535,24.37,24.19,24.37,24.37,1018,51,3.53,38,42,0.0,Clouds,scattered clouds,7
Nagykarácsony felső,46.866047,18.783064,2026-08-08 07:25:10.250887,24.54,24.41,24.54,24.54,1018,52,3.37,33,32,0.0,Clouds,scattered clouds,7
Nagykarácsony,46.848729,18.765722,2026-08-08 07:25:11.401144,24.39,24.27,24.39,24.39,1018,53,3.31,30,30,0.0,Clouds,scattered clouds,7
Alap,46.831944,18.657778,2026-08-08 07:25:12.568946,24.61,24.48,24.61,24.61,1019,52,3.48,31,44,0.0,Clouds,scattered clouds,7
Cece,46.773333,18.623333,2026-08-08 07:25:13.722290,24.7,24.61,24.7,24.7,1019,53,3.37,25,36,0.0,Clouds,scattered clouds,7
Vajta,46.713611,18.648056,2026-08-08 07:25:14.881997,24.82,24.77,24.82,24.82,1019,54,3.04,14,18,0.0,Clouds,few clouds,7
Rétszilas alsó,46.829167,18.639444,2026-08-08 07:25:16.031331,24.61,24.48,24.61,24.61,1019,52,3.48,31,44,0.0,Clouds,scattered clouds,7
Nagydorog,46.615485,18.65002,2026-08-08 07:25:17.183003,24.94,24.93,24.94,24.94,1018,55,2.77,4,12,0.0,Clouds,few clouds,7
Tengelic,46.516111,18.695278,2026-08-08 07:25:18.337266,25.01,25.05,25.01,25.01,1018,57,2.48,357,13,0.0,Clouds,few clouds,7
Fácánkert,46.449041,18.735661,2026-08-08 07:25:19.485660,25.23,25.3,25.23,25.23,1018,57,2.44,1,13,0.0,Clouds,few clouds,7
Tolna-Mözs,46.416389,18.750556,2026-08-08 07:25:20.641586,25.33,25.41,25.33,25.33,1018,57,2.6,5,14,0.0,Clouds,few clouds,7
Szekszárd-Palánk,46.38027777777778,18.72833333333333,2026-08-08 07:25:21.796872,25.43,25.52,25.43,25.43,1018,57,2.5,8,10,0.0,Clear,clear sky,7
Szekszárd,46.349444,18.7125,2026-08-08 07:25:22.950008,25.49,25.58,25.49,25.49,1018,57,2.57,12,9,0.0,Clear,clear sky,7
Őcsény,46.318889,18.7425,2026-08-08 07:25:24.100674,25.64,25.72,25.64,25.64,1018,56,2.97,20,8,0.0,Clear,clear sky,7
Decs,46.283889,18.756111,2026-08-08 07:25:25.247878,25.71,25.8,25.71,25.71,1018,56,3.1,24,7,0.0,Clear,clear sky,7
Csikóstőttős,46.337222,18.152778,2026-08-08 07:25:26.405392,25.0,25.1,25.0,25.0,1019,59,2.76,19,85,0.0,Clouds,overcast clouds,7
Mágocs-Alsómocsolád,46.31027777777778,18.222222222222225,2026-08-08 07:25:27.557668,24.57,24.62,24.57,24.57,1019,59,2.51,18,68,0.0,Clouds,broken clouds,7
Szalatnak,46.284444444444446,18.288611111111113,2026-08-08 07:25:28.718435,24.97,25.09,24.97,24.97,1019,60,2.24,20,44,0.0,Clouds,scattered clouds,7
Máza-Szászvár,46.279167,18.411389,2026-08-08 07:25:29.868007,25.92,26.11,25.92,25.92,1019,59,2.2,22,27,0.0,Clouds,scattered clouds,7
Váralja,46.281667,18.436111,2026-08-08 07:25:31.020015,26.0,26.0,26.0,26.0,1019,59,2.25,23,18,0.0,Clouds,few clouds,7
Nagymányok,46.280278,18.459167,2026-08-08 07:25:32.172943,26.08,26.08,26.08,26.08,1019,59,2.25,23,18,0.0,Clouds,few clouds,7
Hidas-Bonyhád,46.269444,18.523333,2026-08-08 07:25:33.322406,26.08,26.08,26.08,26.08,1019,59,2.33,24,12,0.0,Clouds,few clouds,7
Mőcsény,46.2575,18.591944,2026-08-08 07:25:34.477645,26.07,26.07,26.07,26.07,1019,58,2.65,29,8,0.0,Clear,clear sky,7
Bátaszék,46.202222,18.715556,2026-08-08 07:25:35.627300,26.36,26.36,26.36,26.36,1018,56,3.24,33,6,0.0,Clear,clear sky,7
Pörböly,46.199167,18.826389,2026-08-08 07:25:36.779143,25.78,25.85,25.78,25.78,1018,55,3.67,30,4,0.0,Clear,clear sky,7
Orosháza,46.566111,20.664722,2026-08-08 07:25:37.932777,25.27,25.42,25.27,25.27,1017,60,5.39,5,7,0.0,Clear,clear sky,7
Orosházi tanyák,46.596944,20.760556,2026-08-08 07:25:39.085175,24.41,24.5,24.41,24.41,1017,61,5.35,6,6,0.0,Clear,clear sky,7
Csorvás,46.623611,20.840833,2026-08-08 07:25:40.235022,24.39,24.48,24.39,24.39,1017,61,5.33,7,5,0.0,Clear,clear sky,7
Csorvás alsó,46.634722,20.888333,2026-08-08 07:25:41.394118,24.41,24.45,24.41,24.41,1017,59,5.32,7,4,0.0,Clear,clear sky,7
Telekgerendás,46.656111,20.963889,2026-08-08 07:25:42.548007,24.41,24.45,24.41,24.41,1017,59,5.29,7,7,0.0,Clear,clear sky,7
Fürjes,46.67214,21.02306,2026-08-08 07:25:43.697716,24.41,24.45,24.41,24.41,1017,59,1.34,322,12,0.0,Clouds,few clouds,7
Fényes,46.659876,21.16618,2026-08-08 07:25:44.846399,24.44,24.48,24.44,24.44,1017,59,1.34,322,28,0.0,Clouds,scattered clouds,7
Bicere,46.66,21.179444,2026-08-08 07:25:45.998898,24.43,24.47,24.43,24.43,1017,59,1.34,322,33,0.0,Clouds,scattered clouds,7
Gyula,46.656389,21.273333,2026-08-08 07:25:47.157836,24.42,24.46,24.42,24.42,1017,59,5.27,7,45,0.0,Clouds,scattered clouds,7
József Szanatórium,46.704722,21.3325,2026-08-08 07:25:48.310989,24.41,24.45,24.41,24.41,1017,59,5.22,7,48,0.0,Clouds,scattered clouds,7
Sarkadi Cukorgyár,46.73,21.383611,2026-08-08 07:25:49.467465,24.42,24.46,24.42,24.42,1017,59,5.17,7,55,0.0,Clouds,broken clouds,7
Sarkad,46.736944,21.402222,2026-08-08 07:25:50.615416,24.41,24.58,24.41,24.41,1017,64,5.15,7,59,0.0,Clouds,broken clouds,7
Kötegyán,46.758333,21.479722,2026-08-08 07:25:51.768189,24.41,24.58,24.41,24.41,1017,64,5.14,7,62,0.0,Clouds,broken clouds,7
Méhkerék,46.774444,21.455556,2026-08-08 07:25:52.920308,24.41,24.55,24.41,24.41,1017,63,5.15,7,59,0.0,Clouds,broken clouds,7
Sarkadkeresztúr,46.823611,21.4175,2026-08-08 07:25:54.075595,24.43,24.57,24.43,24.43,1017,63,5.17,8,51,0.0,Clouds,broken clouds,7
Okány,46.8925,21.339167,2026-08-08 07:25:55.234980,24.43,24.52,24.43,24.43,1017,61,5.22,9,25,0.0,Clouds,scattered clouds,7
Újszeged,46.242222,20.16,2026-08-08 07:25:56.385652,26.19,26.19,26.19,26.19,1017,56,5.63,7,0,0.0,Clear,clear sky,7
Szőreg,46.211389,20.183056,2026-08-08 07:25:57.533537,26.18,26.18,26.18,26.18,1017,56,5.52,6,0,0.0,Clear,clear sky,7
Deszk,46.210278,20.246389,2026-08-08 07:25:58.685597,26.19,26.19,26.19,26.19,1017,58,5.42,4,0,0.0,Clear,clear sky,7
Kiszombor,46.191944,20.413056,2026-08-08 07:25:59.837231,25.32,25.5,25.32,25.32,1017,61,5.29,2,1,0.0,Clear,clear sky,7
Kiszombor megálló,46.191111,20.430833,2026-08-08 07:26:00.989142,25.32,25.5,25.32,25.32,1017,61,5.29,2,1,0.0,Clear,clear sky,7
Makó,46.204722,20.474722,2026-08-08 07:26:02.141236,25.27,25.47,25.27,25.27,1017,62,5.27,2,1,0.0,Clear,clear sky,7
Apátfalva,46.175193,20.580611,2026-08-08 07:26:03.296422,25.21,25.46,25.21,25.21,1017,64,5.18,3,0,0.0,Clear,clear sky,7
Magyarcsanád,46.174444,20.610278,2026-08-08 07:26:04.457291,25.18,25.45,25.18,25.18,1017,65,5.16,3,0,0.0,Clear,clear sky,7
Nagylak,46.17,20.708333,2026-08-08 07:26:05.609893,22.88,23.0,22.88,22.88,1017,68,5.12,4,0,0.0,Clear,clear sky,7
Nagylaki Kendergyár,46.189167,20.717222,2026-08-08 07:26:06.764583,22.87,22.99,22.87,22.87,1017,68,5.16,4,0,0.0,Clear,clear sky,7
Csanádpalota,46.236111,20.7325,2026-08-08 07:26:07.917532,22.86,22.98,22.86,22.86,1017,68,5.18,4,0,0.0,Clear,clear sky,7
Mezőhegyes,46.310833,20.815556,2026-08-08 07:26:09.065365,22.8,22.94,22.8,22.8,1017,69,5.24,5,1,0.0,Clear,clear sky,7
Végegyháza,46.384444,20.878611,2026-08-08 07:26:10.214202,22.82,22.93,22.82,22.82,1017,68,5.28,6,0,0.0,Clear,clear sky,7
Mezőkovácsháza,46.408333,20.9,2026-08-08 07:26:11.365484,22.82,22.93,22.82,22.82,1017,68,5.31,6,0,0.0,Clear,clear sky,7
Mezőkovácsháza felső,46.415556,20.918056,2026-08-08 07:26:12.517313,22.83,22.94,22.83,22.83,1017,68,5.29,6,0,0.0,Clear,clear sky,7
Magyarbánhegyes,46.451389,20.97,2026-08-08 07:26:13.669963,24.38,24.65,24.38,24.38,1017,68,5.3,6,0,0.0,Clear,clear sky,7
Medgyesegyháza,46.495278,21.029167,2026-08-08 07:26:14.825806,24.36,24.6,24.36,24.36,1017,67,5.31,6,6,0.0,Clear,clear sky,7
Bánkút,46.505278,21.091944,2026-08-08 07:26:15.976034,24.38,24.41,24.38,24.38,1017,59,5.32,7,18,0.0,Clouds,few clouds,7
Belsőperegpuszta,46.321111,20.916667,2026-08-08 07:26:17.129784,22.8,23.02,22.8,22.8,1017,72,5.21,6,2,0.0,Clear,clear sky,7
Battonya,46.282222,21.003889,2026-08-08 07:26:18.284408,22.8,23.75,22.8,24.5,1017,100,5.19,7,4,0.0,Clear,clear sky,7
Baja-Dunafürdő,46.193333,18.919167,2026-08-08 07:26:19.445630,25.7,25.74,25.7,25.7,1018,54,4.0,29,5,0.0,Clear,clear sky,7
Kaposszekcső,46.330556,18.143056,2026-08-08 07:26:20.602464,25.0,25.1,25.0,25.0,1019,59,2.76,19,85,0.0,Clouds,overcast clouds,7
Vásárosdombó,46.310556,18.138889,2026-08-08 07:26:21.758870,24.93,25.02,24.93,24.93,1019,59,2.59,19,79,0.0,Clouds,broken clouds,7
Sásd,46.257222,18.104722,2026-08-08 07:26:22.910376,24.9,25.01,24.9,24.9,1019,60,2.3,21,78,0.0,Clouds,broken clouds,7
Godisa,46.223333,18.104722,2026-08-08 07:26:24.060500,24.73,24.83,24.73,24.73,1019,60,2.17,23,75,0.0,Clouds,broken clouds,7
Abaliget,46.152778,18.073611,2026-08-08 07:26:25.209251,24.75,24.85,24.75,24.75,1019,60,2.08,35,87,0.0,Clouds,overcast clouds,7
Hetvehely,46.128333,18.045,2026-08-08 07:26:26.365523,24.95,25.07,24.95,24.95,1019,60,2.18,38,94,0.0,Clouds,overcast clouds,7
Bükkösd,46.113056,17.999444,2026-08-08 07:26:27.518338,24.77,24.84,24.77,24.77,1019,59,2.3,36,100,0.0,Clouds,overcast clouds,7
Cserdi-Helesfa,46.086667,17.987778,2026-08-08 07:26:28.677283,24.88,24.96,24.88,24.88,1019,59,2.3,40,99,0.0,Clouds,overcast clouds,7
Szentlőrinc,46.033333,17.990833,2026-08-08 07:26:29.826272,25.44,25.61,25.44,25.44,1019,60,2.19,47,93,0.0,Clouds,overcast clouds,7
Bicsérd,46.041389,18.057778,2026-08-08 07:26:30.977430,25.44,25.63,25.44,25.44,1019,61,1.94,52,80,0.0,Clouds,broken clouds,7
Mecsekalja-Cserkút,46.059722,18.150278,2026-08-08 07:26:32.132336,27.33,28.59,27.33,27.33,1019,61,1.75,52,53,0.0,Clouds,broken clouds,7
Pécs,46.065833,18.223611,2026-08-08 07:26:33.281885,27.25,27.28,24.26,27.25,1019,44,1.72,52,35,0.0,Clouds,scattered clouds,7
Pécs-Külváros,46.071667,18.24,2026-08-08 07:26:34.438104,27.22,27.25,24.24,27.22,1019,44,1.72,52,35,0.0,Clouds,scattered clouds,7
Pécsbánya-Rendező,46.063333,18.270278,2026-08-08 07:26:35.594512,27.07,27.13,24.08,27.07,1019,44,1.8,51,25,0.0,Clouds,scattered clouds,7
Pécsudvard,46.01,18.275556,2026-08-08 07:26:36.754500,26.99,27.06,24.01,26.99,1019,44,1.85,52,26,0.0,Clouds,scattered clouds,7
Szőkéd,45.9675,18.29,2026-08-08 07:26:37.911526,27.18,27.22,24.19,27.18,1019,44,2.09,47,30,0.0,Clouds,scattered clouds,7
Áta,45.936389,18.306944,2026-08-08 07:26:39.062751,24.3,24.51,24.3,27.28,1019,66,2.16,43,32,0.0,Clouds,scattered clouds,7
Kistótfalu,45.909722,18.315278,2026-08-08 07:26:40.211728,24.34,24.55,24.34,27.32,1019,66,2.24,39,35,0.0,Clouds,scattered clouds,7
Vokány,45.899722,18.334722,2026-08-08 07:26:41.366677,24.3,24.51,24.3,27.28,1019,66,2.44,39,35,0.0,Clouds,scattered clouds,7
Palkonya,45.891667,18.393889,2026-08-08 07:26:42.518538,24.32,24.53,24.32,27.31,1019,66,2.68,20,37,0.0,Clouds,scattered clouds,7
Villánykövesd,45.879722,18.425833,2026-08-08 07:26:43.669648,24.28,24.49,24.28,27.27,1019,66,2.68,20,36,0.0,Clouds,scattered clouds,7
Villány,45.8775,18.451389,2026-08-08 07:26:44.818199,24.41,24.63,24.41,27.39,1019,66,2.68,20,34,0.0,Clouds,scattered clouds,7
Magyarbóly,45.834167,18.491944,2026-08-08 07:26:45.971647,24.46,24.68,24.46,27.44,1019,66,2.68,20,27,0.0,Clouds,scattered clouds,7
Magyarszék,46.210278,18.188056,2026-08-08 07:26:47.125290,27.03,28.19,27.03,27.03,1019,61,1.97,27,56,0.0,Clouds,broken clouds,7
Mecsekpölöske,46.224167,18.213056,2026-08-08 07:26:48.287403,26.86,27.91,26.86,26.86,1019,60,2.07,24,53,0.0,Clouds,broken clouds,7
Mecsekjánosi,46.215278,18.241944,2026-08-08 07:26:49.433567,26.85,27.89,26.85,26.85,1019,60,2.03,25,41,0.0,Clouds,scattered clouds,7
Komló,46.189167,18.265278,2026-08-08 07:26:50.589384,26.53,26.53,26.53,26.53,1019,61,1.93,29,36,0.0,Clouds,scattered clouds,7
Királyegyháza-Rigópuszta,45.989167,17.971667,2026-08-08 07:26:51.743876,25.52,25.75,25.52,25.52,1019,62,1.92,52,81,0.0,Clouds,broken clouds,7
Sumony,45.960833,17.913333,2026-08-08 07:26:52.896966,25.45,25.67,25.45,25.45,1019,62,2.12,41,78,0.0,Clouds,broken clouds,7
Okorág-Kárászpuszta,45.933611,17.864444,2026-08-08 07:26:54.050053,25.39,25.66,25.39,25.39,1019,64,2.04,36,68,0.0,Clouds,broken clouds,7
Kákics,45.904167,17.8525,2026-08-08 07:26:55.203457,25.25,25.53,25.25,25.25,1019,65,1.97,31,58,0.0,Clouds,broken clouds,7
Bóly,45.9375,18.538333,2026-08-08 07:26:56.353013,24.23,24.43,24.23,27.22,1019,66,2.68,20,34,0.0,Clouds,scattered clouds,7
Mohács,46.0025,18.683333,2026-08-08 07:26:57.507200,27.48,27.47,24.5,27.48,1019,44,3.71,41,15,0.0,Clouds,few clouds,7
Sellye,45.873333,17.858889,2026-08-08 07:26:58.662313,25.28,25.61,25.28,25.28,1019,67,1.45,36,46,0.0,Clouds,scattered clouds,7
Toponár,46.398333,17.840833,2026-08-08 07:26:59.815377,24.27,24.24,24.27,24.27,1019,57,3.01,15,88,0.0,Clouds,overcast clouds,7
Somogyaszaló,46.453611,17.840278,2026-08-08 07:27:00.970137,24.08,24.01,24.08,24.08,1019,56,3.11,17,84,0.0,Clouds,broken clouds,7
Mernye,46.509444,17.832222,2026-08-08 07:27:02.117641,24.06,23.98,24.06,24.06,1019,56,3.13,17,82,0.0,Clouds,broken clouds,7
Felsőmocsolád,46.556389,17.8225,2026-08-08 07:27:03.270915,23.89,23.8,23.89,23.89,1019,56,3.09,16,82,0.0,Clouds,broken clouds,7
Kisbárapáti,46.615,17.866667,2026-08-08 07:27:04.419354,23.67,23.55,23.67,23.67,1019,56,3.01,13,89,0.0,Clouds,overcast clouds,7
Bonnya,46.611389,17.909167,2026-08-08 07:27:05.574017,24.07,23.99,24.07,24.07,1019,56,3.19,17,89,0.0,Clouds,overcast clouds,7
Andocs,46.646944,17.8925,2026-08-08 07:27:06.723471,23.41,23.27,23.41,23.41,1019,56,2.91,11,91,0.0,Clouds,overcast clouds,7
Karád,46.681111,17.874722,2026-08-08 07:27:07.875602,23.02,22.84,23.02,23.02,1019,56,2.82,9,94,0.0,Clouds,overcast clouds,7
Somogymeggyes,46.720556,17.920556,2026-08-08 07:27:09.027756,22.6,22.38,22.6,23.71,1019,56,2.69,7,98,0.0,Clouds,overcast clouds,7
Kapoly,46.713611,17.977778,2026-08-08 07:27:10.174468,22.88,22.71,22.88,23.99,1019,57,3.02,12,99,0.0,Clouds,overcast clouds,7
Tab,46.734167,18.041111,2026-08-08 07:27:11.325511,24.15,24.11,23.04,24.15,1019,57,3.0,12,100,0.0,Clouds,overcast clouds,7
Bábonymegyer,46.746095,18.109921,2026-08-08 07:27:12.477850,24.26,24.88,23.15,24.26,1019,82,3.31,14,100,0.0,Clouds,overcast clouds,7
Daránypuszta,46.764722,18.143889,2026-08-08 07:27:13.632363,24.28,24.9,23.17,24.28,1019,82,3.3,15,100,0.0,Clouds,overcast clouds,7
Som-Nagyberény,46.803056,18.149444,2026-08-08 07:27:14.780038,24.27,24.89,23.16,24.27,1019,82,3.05,17,100,0.0,Clouds,overcast clouds,7
Ádánd,46.854444,18.141667,2026-08-08 07:27:15.931612,24.39,25.03,23.28,24.39,1019,82,2.78,22,100,0.0,Clouds,overcast clouds,7
Siójut,46.879444,18.126667,2026-08-08 07:27:17.080532,24.38,25.01,23.27,24.38,1019,82,2.66,24,99,0.0,Clouds,overcast clouds,7
Kapostüskevár,46.367778,17.774167,2026-08-08 07:27:18.229049,24.31,24.28,24.31,24.31,1019,57,2.76,9,89,0.0,Clouds,overcast clouds,7
Kaposfüred,46.415,17.759444,2026-08-08 07:27:19.381154,24.07,23.99,24.07,24.07,1019,56,2.8,10,84,0.0,Clouds,broken clouds,7
Várda,46.4625,17.721667,2026-08-08 07:27:20.532327,23.83,23.73,23.83,23.83,1019,56,2.49,1,81,0.0,Clouds,broken clouds,7
Somogyjád,46.490833,17.694444,2026-08-08 07:27:21.681240,23.86,23.76,23.86,23.86,1019,56,2.33,354,83,0.0,Clouds,broken clouds,7
Osztopán,46.515556,17.656944,2026-08-08 07:27:22.833312,23.77,23.64,23.77,23.77,1019,55,2.23,347,86,0.0,Clouds,overcast clouds,7
Pamuk,46.553127,17.636412,2026-08-08 07:27:23.986985,23.87,23.75,23.87,23.87,1019,55,2.25,346,86,0.0,Clouds,overcast clouds,7
Somogyvár,46.580556,17.634722,2026-08-08 07:27:25.141499,23.86,23.74,23.86,23.86,1019,55,2.28,345,87,0.0,Clouds,overcast clouds,7
Öreglak,46.608607,17.632733,2026-08-08 07:27:26.293502,23.83,23.7,23.83,23.83,1019,55,2.3,344,89,0.0,Clouds,overcast clouds,7
Tatárvár,46.636667,17.621111,2026-08-08 07:27:27.442679,23.62,23.47,23.62,23.62,1019,55,2.33,338,93,0.0,Clouds,overcast clouds,7
Lengyeltóti,46.660556,17.613611,2026-08-08 07:27:28.589422,23.69,23.55,23.69,23.69,1019,55,2.39,339,94,0.0,Clouds,overcast clouds,7
Pusztaberény,46.686111,17.594722,2026-08-08 07:27:29.738318,23.8,23.67,23.8,23.8,1019,55,2.45,339,96,0.0,Clouds,overcast clouds,7
Örkény,47.132778,19.447222,2026-08-08 07:27:30.885230,24.38,24.21,24.38,24.38,1018,51,3.81,37,7,0.0,Clear,clear sky,7
Táborfalva,47.098545,19.479318,2026-08-08 07:27:32.032115,24.44,24.3,24.44,24.44,1018,52,3.92,36,9,0.0,Clear,clear sky,7
Felsőlajos,47.068834,19.498415,2026-08-08 07:27:33.185325,24.47,24.33,24.47,24.47,1018,52,3.92,36,9,0.0,Clear,clear sky,7
Lajosmizse,47.028333,19.542778,2026-08-08 07:27:34.337113,24.61,24.51,24.61,24.61,1018,53,4.04,34,11,0.0,Clouds,few clouds,7
Lajosmizse alsó,47.0225,19.550278,2026-08-08 07:27:35.486324,24.61,24.51,24.61,24.61,1018,53,4.04,34,11,0.0,Clouds,few clouds,7
Klábertelep,47.005556,19.551667,2026-08-08 07:27:36.638639,24.7,24.64,24.7,24.7,1018,54,4.34,32,10,0.0,Clear,clear sky,7
Méntelek,46.978611,19.570833,2026-08-08 07:27:37.786298,24.75,24.69,24.75,24.75,1018,54,4.35,31,10,0.0,Clear,clear sky,7
Hetényegyháza,46.930833,19.595,2026-08-08 07:27:38.939875,24.95,24.94,24.95,24.95,1018,55,4.57,28,9,0.0,Clear,clear sky,7
Kecskemét-Máriaváros,46.901192,19.675913,2026-08-08 07:27:40.089533,24.86,24.86,24.86,24.86,1018,56,4.97,26,7,0.0,Clear,clear sky,7
Nyársapát,47.100278,19.7925,2026-08-08 07:27:41.236381,24.94,24.87,24.82,24.94,1018,53,5.24,28,11,0.0,Clouds,few clouds,7
Nagykőrös,47.038333,19.76,2026-08-08 07:27:42.385797,24.8,24.72,24.8,24.8,1018,53,5.21,28,9,0.0,Clear,clear sky,7
Katonatelep,46.963056,19.718889,2026-08-08 07:27:43.540266,24.95,24.94,24.95,24.95,1018,55,5.02,28,8,0.0,Clear,clear sky,7
Kecskemét,46.913889,19.700833,2026-08-08 07:27:44.688364,24.86,24.84,24.86,24.86,1018,55,4.92,27,7,0.0,Clear,clear sky,7
Városföld,46.816667,19.753333,2026-08-08 07:27:45.839112,24.92,25.06,24.92,24.92,1019,61,5.62,23,6,0.0,Clear,clear sky,7
Kiskunfélegyháza,46.7067,19.83474,2026-08-08 07:27:46.988236,24.97,25.12,24.97,24.97,1019,61,6.02,22,8,0.0,Clear,clear sky,7
Petőfiszállás,46.617374,19.865229,2026-08-08 07:27:48.142172,25.01,25.16,25.01,25.01,1018,61,6.18,21,8,0.0,Clear,clear sky,7
Csengele,46.538321,19.909008,2026-08-08 07:27:49.299501,25.0,25.15,25.0,26.08,1018,61,6.23,18,8,0.0,Clear,clear sky,7
Kistelek,46.466944,19.966944,2026-08-08 07:27:50.447472,26.14,26.14,25.05,26.14,1018,58,6.17,17,6,0.0,Clear,clear sky,7
Balástya,46.413333,20.001389,2026-08-08 07:27:51.599911,26.14,26.14,26.14,26.14,1018,58,6.09,15,5,0.0,Clear,clear sky,7
Szatymaz,46.345621,20.04374,2026-08-08 07:27:52.750469,26.16,26.16,26.16,26.16,1017,58,5.81,16,3,0.0,Clear,clear sky,7
Kiskundorozsma,46.271667,20.090556,2026-08-08 07:27:53.908107,26.19,26.19,26.19,26.19,1017,58,5.75,10,1,0.0,Clear,clear sky,7
Szeged,46.239722,20.143056,2026-08-08 07:27:55.061749,26.17,26.17,26.17,26.17,1017,58,5.6,7,0,0.0,Clear,clear sky,7
Alsóúrrét,46.898392,19.779891,2026-08-08 07:27:56.215113,24.91,24.92,24.91,24.91,1018,56,5.44,24,6,0.0,Clear,clear sky,7
Nyárlőrinc,46.87,19.851389,2026-08-08 07:27:57.365901,24.94,25.08,24.94,24.94,1018,61,5.74,23,6,0.0,Clear,clear sky,7
Világoshegy,46.855278,19.940278,2026-08-08 07:27:58.519619,24.97,25.12,24.97,24.97,1018,61,6.06,20,8,0.0,Clear,clear sky,7
Szikra,46.858333,19.975,2026-08-08 07:27:59.674034,24.98,25.13,24.91,24.98,1018,61,6.06,20,8,0.0,Clear,clear sky,7
Lakitelek,46.873056,20.003611,2026-08-08 07:28:00.819769,25.03,25.05,24.95,25.03,1018,56,6.1,20,8,0.0,Clear,clear sky,7
Tiszaug,46.850556,20.074167,2026-08-08 07:28:01.968249,25.15,25.18,25.03,25.57,1018,56,6.25,17,11,0.0,Clouds,few clouds,7
Tiszasas,46.826389,20.089167,2026-08-08 07:28:03.121090,25.08,25.11,25.08,25.55,1018,56,6.25,17,11,0.0,Clouds,few clouds,7
Csépa,46.8125,20.134722,2026-08-08 07:28:04.278672,25.55,25.7,25.08,25.55,1018,59,6.29,14,12,0.0,Clouds,few clouds,7
Szelevény,46.811944,20.196389,2026-08-08 07:28:05.433516,25.56,25.71,25.08,25.56,1018,59,6.31,14,12,0.0,Clouds,few clouds,7
Gátér,46.685,19.9625,2026-08-08 07:28:06.580862,25.08,25.24,25.08,25.55,1018,61,6.19,18,10,0.0,Clear,clear sky,7
Kónyaszék,46.699931,20.074299,2026-08-08 07:28:07.732933,25.57,25.72,25.09,25.57,1018,59,6.19,15,11,0.0,Clouds,few clouds,7
Csongrád,46.704444,20.140556,2026-08-08 07:28:08.886533,25.57,25.72,25.1,25.57,1018,59,6.18,13,11,0.0,Clouds,few clouds,7
Hékéd,46.675,20.266667,2026-08-08 07:28:10.040610,25.57,25.72,25.57,25.57,1018,59,5.81,13,8,0.0,Clear,clear sky,7
Fábiánsebestyén,46.670278,20.456667,2026-08-08 07:28:11.190175,25.56,25.71,25.56,25.56,1018,59,5.73,7,6,0.0,Clear,clear sky,7
Gádoros,46.656711,20.588157,2026-08-08 07:28:12.342753,25.55,25.68,25.55,25.55,1018,58,5.51,6,6,0.0,Clear,clear sky,7
Justhmajor,46.62,20.615833,2026-08-08 07:28:13.490121,25.55,25.7,25.55,25.55,1018,59,5.45,6,7,0.0,Clear,clear sky,7
Szentetornya,46.590964,20.628334,2026-08-08 07:28:14.646975,25.54,25.69,25.54,25.54,1018,59,5.43,5,7,0.0,Clear,clear sky,7
Gyopárosfürdő,46.567784,20.630662,2026-08-08 07:28:15.801736,25.53,25.71,25.53,25.53,1017,60,5.39,5,7,0.0,Clear,clear sky,7
Szabadságliget,47.626123,18.893481,2026-08-08 07:28:16.957194,24.19,23.97,24.1,25.25,1019,50,1.64,60,100,0.0,Clouds,overcast clouds,7
Röszke,46.19261,20.03055,2026-08-08 07:28:18.112968,26.19,26.19,26.19,28.54,1017,58,5.69,11,1,0.0,Clear,clear sky,7
Tószeg,47.098056,20.138333,2026-08-08 07:28:19.268657,25.01,25.0,25.01,25.01,1018,55,3.13,352,9,0.0,Clear,clear sky,7
Tiszavárkony,47.059444,20.143056,2026-08-08 07:28:20.420494,25.01,25.0,25.01,25.01,1018,55,3.13,352,9,0.0,Clear,clear sky,7
Tiszajenő-Vezseny,47.036319,20.142415,2026-08-08 07:28:21.577670,25.01,25.0,25.01,25.01,1018,55,3.13,352,9,0.0,Clear,clear sky,7
Újbög,46.962222,20.093889,2026-08-08 07:28:22.731143,24.97,24.96,24.97,24.97,1018,55,6.33,18,9,0.0,Clear,clear sky,7
Tiszakécske,46.937512,20.082016,2026-08-08 07:28:23.879456,24.99,24.98,24.99,24.99,1018,55,6.25,19,9,0.0,Clear,clear sky,7
Kerekdomb,46.906944,20.052778,2026-08-08 07:28:25.031153,24.98,24.97,24.98,25.05,1018,55,6.26,18,9,0.0,Clear,clear sky,7
Tiszaalpár,46.818611,19.982778,2026-08-08 07:28:26.178384,25.02,25.17,25.02,25.5,1018,61,6.14,19,10,0.0,Clear,clear sky,7
Tiszaalpár alsó,46.790897,19.951409,2026-08-08 07:28:27.326765,25.02,25.17,25.02,25.5,1018,61,6.13,19,10,0.0,Clear,clear sky,7
Tiszatenyő,47.134167,20.3725,2026-08-08 07:28:28.482976,25.01,25.0,25.01,25.01,1018,55,6.96,18,7,0.0,Clear,clear sky,7
Pusztapó,47.091667,20.458333,2026-08-08 07:28:29.630220,25.01,24.98,25.01,25.01,1018,54,6.77,16,8,0.0,Clear,clear sky,7
Kétpó,47.076944,20.487778,2026-08-08 07:28:30.791354,25.01,24.98,25.01,25.01,1018,54,6.6,15,8,0.0,Clear,clear sky,7
Mezőtúr,47.0125,20.622778,2026-08-08 07:28:31.950014,25.09,25.09,25.09,25.09,1018,55,6.07,13,10,0.0,Clear,clear sky,7
Nagylapos,46.974167,20.750556,2026-08-08 07:28:33.103301,25.01,25.05,25.01,25.01,1018,57,5.54,13,12,0.0,Clouds,few clouds,7
Gyoma,46.925833,20.821667,2026-08-08 07:28:34.255378,25.0,25.04,25.0,25.0,1017,57,5.41,12,12,0.0,Clouds,few clouds,7
Csárdaszállás,46.861111,20.932778,2026-08-08 07:28:35.414167,24.44,24.48,24.44,24.44,1017,59,5.24,11,14,0.0,Clouds,few clouds,7
Mezőberény,46.814722,21.013056,2026-08-08 07:28:36.565712,24.43,24.47,24.43,24.43,1017,59,5.23,9,14,0.0,Clouds,few clouds,7
Murony,46.756944,21.038056,2026-08-08 07:28:37.717000,24.45,24.49,24.45,24.45,1017,59,5.24,8,14,0.0,Clouds,few clouds,7
Békéscsaba,46.669722,21.081667,2026-08-08 07:28:38.870703,24.41,24.45,24.41,24.41,1017,59,1.34,322,18,0.0,Clouds,few clouds,7
Kétegyháza,46.5325,21.171944,2026-08-08 07:28:40.020975,24.39,24.43,24.39,24.39,1017,59,5.31,7,38,0.0,Clouds,scattered clouds,7
Lőkösháza,46.432222,21.2375,2026-08-08 07:28:41.180412,24.51,24.87,24.35,24.51,1017,71,5.24,7,37,0.0,Clouds,scattered clouds,7
Kengyel,47.089722,20.339722,2026-08-08 07:28:42.333241,24.99,24.98,24.99,24.99,1018,55,6.89,17,8,0.0,Clear,clear sky,7
Bagimajor,47.061111,20.316667,2026-08-08 07:28:43.490722,25.01,25.0,25.01,25.01,1018,55,6.75,16,9,0.0,Clear,clear sky,7
Martfű,47.019444,20.291667,2026-08-08 07:28:44.647420,24.99,24.98,24.99,24.99,1018,55,6.68,16,10,0.0,Clear,clear sky,7
Tiszaföldvár,46.975556,20.276389,2026-08-08 07:28:45.802876,24.99,24.98,24.99,24.99,1018,55,6.56,15,11,0.0,Clouds,few clouds,7
Homok,46.9475,20.270278,2026-08-08 07:28:46.953803,25.0,24.99,25.0,25.0,1018,55,6.5,14,12,0.0,Clouds,few clouds,7
Kungyalu,46.910833,20.2675,2026-08-08 07:28:48.104576,25.02,25.01,25.02,25.57,1018,55,6.45,14,12,0.0,Clouds,few clouds,7
Kunszentmárton,46.848333,20.293333,2026-08-08 07:28:49.268029,25.55,25.6,25.55,25.55,1018,55,6.28,11,11,0.0,Clouds,few clouds,7
Nagytőke,46.763333,20.291667,2026-08-08 07:28:50.415598,25.57,25.72,25.57,25.57,1018,59,6.13,10,10,0.0,Clear,clear sky,7
Szentes,46.657778,20.2725,2026-08-08 07:28:51.568081,25.57,25.72,25.57,25.57,1018,59,5.81,13,7,0.0,Clear,clear sky,7
Szegvár,46.588611,20.249444,2026-08-08 07:28:52.721336,25.57,25.72,25.57,25.57,1018,59,5.81,13,6,0.0,Clear,clear sky,7
Mindszent,46.524167,20.194167,2026-08-08 07:28:53.873506,25.58,25.73,25.58,25.58,1018,59,5.95,10,4,0.0,Clear,clear sky,7
Mártély,46.473333,20.236111,2026-08-08 07:28:55.027969,25.59,25.77,25.59,26.2,1018,60,5.85,9,2,0.0,Clear,clear sky,7
Pusztabánréve,46.939898,20.556809,2026-08-08 07:28:56.182090,24.83,24.91,24.83,24.83,1018,59,5.95,12,8,0.0,Clear,clear sky,7
Szarvas,46.860833,20.566667,2026-08-08 07:28:57.336781,24.87,24.98,24.87,24.87,1018,60,5.76,10,7,0.0,Clear,clear sky,7
Csabacsűd,46.823056,20.663333,2026-08-08 07:28:58.494508,24.86,24.99,24.86,24.86,1018,61,5.53,9,7,0.0,Clear,clear sky,7
Kisszénás,46.751389,20.721389,2026-08-08 07:28:59.644505,24.81,24.99,24.81,24.81,1018,63,5.37,9,9,0.0,Clear,clear sky,7
Kiscsákó,46.719167,20.717778,2026-08-08 07:29:00.799195,24.81,25.02,24.81,24.81,1018,64,5.37,8,8,0.0,Clear,clear sky,7
Nagyszénás,46.672778,20.674167,2026-08-08 07:29:01.954500,24.82,25.03,24.82,24.82,1018,64,5.42,7,8,0.0,Clear,clear sky,7
Kardoskút,46.498056,20.6975,2026-08-08 07:29:03.103277,24.8,25.11,24.8,24.8,1018,68,5.37,5,6,0.0,Clear,clear sky,7
Tótkomlós,46.409167,20.726944,2026-08-08 07:29:04.253898,24.95,25.38,24.95,24.95,1018,72,5.33,5,3,0.0,Clear,clear sky,7
Nagyér,46.365278,20.738333,2026-08-08 07:29:05.408941,24.95,25.43,24.95,24.95,1018,74,5.29,4,2,0.0,Clear,clear sky,7
Pitvaros,46.326175,20.746446,2026-08-08 07:29:06.559737,24.91,25.44,24.91,24.91,1018,76,5.27,5,1,0.0,Clear,clear sky,7
Dévaványa,47.033889,20.943333,2026-08-08 07:29:07.718579,24.64,24.7,24.64,24.64,1018,59,5.29,14,13,0.0,Clouds,few clouds,7
Körösladány,46.97,21.085833,2026-08-08 07:29:08.871862,24.6,24.71,24.6,24.6,1018,61,5.22,12,14,0.0,Clouds,few clouds,7
Szeghalom,47.015278,21.148333,2026-08-08 07:29:10.018675,24.53,24.61,24.53,24.53,1018,60,5.21,13,13,0.0,Clouds,few clouds,7
Vésztő,46.938889,21.263611,2026-08-08 07:29:11.175908,24.54,24.67,24.54,24.54,1018,62,5.22,10,16,0.0,Clouds,few clouds,7
Szeged-Rókus,46.266111,20.125278,2026-08-08 07:29:12.328858,26.19,26.19,26.19,26.19,1017,58,5.68,8,1,0.0,Clear,clear sky,7
Algyő,46.335556,20.196111,2026-08-08 07:29:13.477772,26.21,26.21,26.21,26.21,1017,59,5.7,7,1,0.0,Clear,clear sky,7
Hódmezővásárhelyi Népkert,46.403333,20.312778,2026-08-08 07:29:14.629485,25.58,25.79,25.58,25.58,1018,61,5.64,6,1,0.0,Clear,clear sky,7
Hódmezővásárhely,46.413333,20.34,2026-08-08 07:29:15.779142,25.57,25.78,25.57,25.57,1018,61,5.59,5,2,0.0,Clear,clear sky,7
Körmend,47.016389,16.599167,2026-08-08 07:29:16.925796,23.09,23.33,23.09,23.09,1020,72,2.47,13,100,0.0,Clouds,overcast clouds,7
Szentgotthárd,46.957222,16.263056,2026-08-08 07:29:18.080305,23.17,23.58,23.17,23.17,1020,78,2.34,31,41,0.0,Clouds,scattered clouds,7
Szombathely,47.237778,16.6325,2026-08-08 07:29:19.231849,25.04,25.27,25.04,25.04,1020,64,3.89,7,100,0.0,Clouds,overcast clouds,7
Sáferkút,48.010278,19.071389,2026-08-08 07:29:20.379619,23.03,22.82,23.03,23.03,1019,55,1.32,83,100,0.0,Clouds,overcast clouds,7
Magdolnavölgy,47.6475,18.818889,2026-08-08 07:29:21.538596,24.26,24.05,24.09,25.24,1019,50,1.27,68,100,0.0,Clouds,overcast clouds,7
Haris,46.964722,16.2825,2026-08-08 07:29:22.693142,23.16,23.57,23.16,23.16,1020,78,2.11,28,55,0.0,Clouds,broken clouds,7
Egyházasrádóc,47.091389,16.62,2026-08-08 07:29:23.853453,23.0,23.16,23.0,23.0,1020,69,2.86,13,100,0.0,Clouds,overcast clouds,7
Alsórönök,46.964167,16.379444,2026-08-08 07:29:25.010442,23.13,23.51,23.13,23.13,1020,77,1.96,24,71,0.0,Clouds,broken clouds,7
Szombathely-Szőlős,47.206389,16.641667,2026-08-08 07:29:26.165368,25.1,25.36,25.1,25.1,1020,65,3.76,8,100,0.0,Clouds,overcast clouds,7
Rátót,46.9675,16.433056,2026-08-08 07:29:27.317662,22.93,23.26,22.93,22.93,1020,76,1.93,18,93,0.0,Clouds,overcast clouds,7
Ják-Balogunyom,47.161389,16.630556,2026-08-08 07:29:28.470446,25.16,25.48,25.16,25.16,1020,67,3.5,9,100,0.0,Clouds,overcast clouds,7
Vasvár,47.056944,16.800278,2026-08-08 07:29:29.619048,23.12,23.24,23.12,23.12,1020,67,3.46,6,100,0.0,Clouds,overcast clouds,7
Répcelak,47.418889,17.008889,2026-08-08 07:29:30.771187,23.72,23.66,23.72,23.72,1020,58,4.12,350,29,0.0,Clouds,scattered clouds,7
Rajka,47.995556,17.191389,2026-08-08 07:29:31.925348,26.65,26.65,26.16,26.66,1020,52,3.69,360,18,0.0,Clouds,few clouds,7
Püspökmolnári,47.086111,16.7675,2026-08-08 07:29:33.083291,23.16,23.28,23.16,23.16,1020,67,3.53,8,100,0.0,Clouds,overcast clouds,7
Kőszeg,47.382222,16.556389,2026-08-08 07:29:34.235242,24.64,24.73,24.64,24.64,1021,60,0.89,6,100,0.0,Clouds,overcast clouds,7
Kastélypark,47.390278,18.988333,2026-08-08 07:29:35.384979,25.71,25.69,24.89,26.04,1018,52,4.33,28,91,0.0,Clouds,overcast clouds,7
Hanságliget,47.72,17.215556,2026-08-08 07:29:36.543579,23.82,23.69,23.82,23.82,1020,55,3.84,351,100,0.0,Clouds,overcast clouds,7
Vica,47.477778,17.111944,2026-08-08 07:29:37.692862,23.8,23.72,23.8,23.8,1020,57,4.08,350,16,0.0,Clouds,few clouds,7
Vép,47.235833,16.7275,2026-08-08 07:29:38.850511,25.18,25.42,25.18,25.18,1020,64,4.11,4,100,0.0,Clouds,overcast clouds,7
Mosonszolnok,47.8525,17.160278,2026-08-08 07:29:40.001092,26.71,27.43,26.71,26.72,1020,55,3.75,353,82,0.0,Clouds,broken clouds,7
Jánossomorja,47.789167,17.1375,2026-08-08 07:29:41.152012,23.78,23.65,23.78,23.78,1020,55,3.79,350,100,0.0,Clouds,overcast clouds,7
Bősárkány,47.685556,17.234167,2026-08-08 07:29:42.303885,23.86,23.74,23.86,23.86,1020,55,3.94,351,86,0.0,Clouds,overcast clouds,7
Szil-Sopronnémeti,47.533333,17.209444,2026-08-08 07:29:43.453110,23.86,23.76,23.86,23.86,1020,56,4.04,351,36,0.0,Clouds,scattered clouds,7
Magyarkeresztúr-Zsebeháza,47.514167,17.176111,2026-08-08 07:29:44.605150,23.86,23.76,23.86,23.86,1020,56,4.06,351,25,0.0,Clouds,scattered clouds,7
Páli-Vadosfa,47.4925,17.137778,2026-08-08 07:29:45.756964,23.83,23.76,23.83,23.83,1020,57,4.08,350,18,0.0,Clouds,few clouds,7
Beled,47.466667,17.084444,2026-08-08 07:29:46.908697,23.8,23.72,23.8,23.8,1020,57,4.08,350,16,0.0,Clouds,few clouds,7
Dénesfa,47.448611,17.054722,2026-08-08 07:29:48.062237,23.77,23.72,23.77,23.77,1020,58,4.16,349,19,0.0,Clouds,few clouds,7
Csánig,47.430278,17.026111,2026-08-08 07:29:49.212311,23.76,23.71,23.76,23.76,1020,58,4.28,350,20,0.0,Clouds,few clouds,7
Vámoscsalád,47.385556,16.961667,2026-08-08 07:29:50.367211,25.43,25.57,25.43,25.43,1020,59,4.23,350,44,0.0,Clouds,scattered clouds,7
Vasegerszeg,47.375,16.928889,2026-08-08 07:29:51.519487,25.44,25.61,25.44,25.44,1021,60,4.35,353,61,0.0,Clouds,broken clouds,7
Hegyfalu,47.357778,16.898333,2026-08-08 07:29:52.676257,25.43,25.6,25.43,25.43,1021,60,4.35,353,61,0.0,Clouds,broken clouds,7
Pósfa,47.326944,16.855833,2026-08-08 07:29:53.827778,25.41,25.6,25.41,25.41,1021,61,4.32,354,74,0.0,Clouds,broken clouds,7
Ölbő-Alsószeleste,47.300556,16.843056,2026-08-08 07:29:54.988964,25.39,25.58,25.39,25.39,1021,61,4.31,357,85,0.0,Clouds,overcast clouds,7
Gencsapáti felső,47.299722,16.593889,2026-08-08 07:29:56.140268,24.9,25.01,24.9,24.9,1021,60,3.98,6,100,0.0,Clouds,overcast clouds,7
Lukácsháza alsó,47.326389,16.586389,2026-08-08 07:29:57.291233,24.84,24.95,24.84,24.84,1021,60,4.11,4,100,0.0,Clouds,overcast clouds,7
Kőszegfalva,47.361667,16.567778,2026-08-08 07:29:58.448136,24.73,24.83,24.73,24.73,1021,60,0.89,6,100,0.0,Clouds,overcast clouds,7
Gyöngyöshermán,47.202778,16.657222,2026-08-08 07:29:59.599933,25.12,25.38,25.12,25.12,1020,65,3.76,8,100,0.0,Clouds,overcast clouds,7
Bezenye,47.973611,17.207222,2026-08-08 07:30:00.750152,26.67,27.22,26.17,26.67,1020,52,4.4,12,21,0.0,Clouds,few clouds,7
Kámon,47.254534,16.625769,2026-08-08 07:30:01.901103,25.0,25.12,25.0,25.0,1020,60,4.93,17,82,0.0,Clouds,broken clouds,7
Sorkifalud,47.1375,16.719167,2026-08-08 07:30:03.053943,23.76,23.65,23.76,23.76,1020,56,4.67,20,97,0.0,Clouds,overcast clouds,7
Szentléránt,47.12,16.735556,2026-08-08 07:30:04.212928,23.76,23.65,23.76,23.76,1020,56,4.67,20,97,0.0,Clouds,overcast clouds,7
Pácsony,47.009722,16.833611,2026-08-08 07:30:05.359676,22.67,22.61,22.67,22.67,1020,62,3.61,11,100,0.0,Clouds,overcast clouds,7
Győrvár,46.99,16.840556,2026-08-08 07:30:06.518471,22.67,22.61,22.67,22.67,1020,62,3.61,11,100,0.0,Clouds,overcast clouds,7
Egervár-Vasboldogasszony,46.942222,16.862222,2026-08-08 07:30:07.670556,22.45,22.42,22.45,22.45,1020,64,3.31,6,100,0.0,Clouds,overcast clouds,7
Zalaszentlőrinc,46.913889,16.8775,2026-08-08 07:30:08.820984,22.21,22.18,22.21,22.21,1020,65,3.16,4,100,0.0,Clouds,overcast clouds,7
Gencsapáti alsó,47.285833,16.6,2026-08-08 07:30:09.978611,24.93,25.05,24.93,24.93,1020,60,4.75,18,76,0.0,Clouds,broken clouds,7
Gyöngyösfalu,47.316111,16.59,2026-08-08 07:30:11.136522,24.86,24.97,24.86,24.86,1020,60,4.75,17,75,0.0,Clouds,broken clouds,7
Lukácsháza,47.341111,16.580556,2026-08-08 07:30:12.282502,24.79,24.89,24.79,24.79,1020,60,0.89,6,72,0.0,Clouds,broken clouds,7
Horvátnádalja,47.005278,16.544444,2026-08-08 07:30:13.436263,23.55,23.53,23.55,23.55,1020,60,3.95,30,74,0.0,Clouds,broken clouds,7
Csákánydoroszló,46.978333,16.499722,2026-08-08 07:30:14.587105,23.65,23.66,23.65,23.65,1020,61,3.73,35,65,0.0,Clouds,broken clouds,7
Váckisújfalu,47.705,19.340278,2026-08-08 07:30:15.735216,25.2,24.92,25.2,25.2,1019,44,5.48,42,93,0.0,Clouds,overcast clouds,7
Csisztafürdő,46.681411,17.561797,2026-08-08 07:30:16.886366,24.26,24.31,24.26,24.26,1020,60,2.71,329,98,0.0,Clouds,overcast clouds,7
Mórágy,46.236021,18.627255,2026-08-08 07:30:18.039882,27.2,27.68,27.2,27.2,1019,51,2.93,13,30,0.0,Clouds,scattered clouds,7
Kismacs,47.551111,21.542778,2026-08-08 07:30:19.201422,24.88,24.73,24.88,24.88,1017,50,5.78,9,7,0.0,Clear,clear sky,7
Pusztaszentistván,47.439869,19.470254,2026-08-08 07:30:20.353275,24.77,24.45,24.77,24.77,1018,44,3.08,33,62,0.0,Clouds,broken clouds,7
Aranyvölgy,47.573795,19.017489,2026-08-08 07:30:21.508645,25.28,25.2,24.74,25.89,1019,51,0.45,14,100,0.0,Clouds,overcast clouds,7
Szélhegy,47.601111,18.928056,2026-08-08 07:30:22.656486,24.48,24.32,24.38,25.53,1019,51,2.58,40,100,0.0,Clouds,overcast clouds,7
Vörösvárbánya,47.61,18.913611,2026-08-08 07:30:23.803276,24.42,24.25,24.34,25.49,1019,51,2.58,40,100,0.0,Clouds,overcast clouds,7
Máriaszőlőtelep,46.702778,17.411911,2026-08-08 07:30:24.952705,23.84,23.9,23.84,23.84,1020,62,2.91,344,100,0.0,Clouds,overcast clouds,7
Akadémiaújtelep,47.485724,19.22294,2026-08-08 07:30:26.114801,25.38,25.33,24.7,25.85,1019,52,3.07,29,91,0.0,Clouds,overcast clouds,7
Újpalota,47.5316,19.126206,2026-08-08 07:30:27.266820,25.46,25.42,24.79,25.94,1019,52,1.34,11,98,0.0,Clouds,overcast clouds,7
"Szeged, Somogyi utca",46.250464,20.147713,2026-08-08 07:30:28.423216,26.15,26.15,26.15,26.15,1017,58,5.49,4,2,0.0,Clear,clear sky,7
"Hódmezővásárhely, Hősök tere",46.412183,20.31759,2026-08-08 07:30:29.574595,25.57,25.46,25.57,25.57,1017,49,5.58,6,2,0.0,Clear,clear sky,7
"Hódmezővásárhely, Kossuth tér",46.41465,20.319727,2026-08-08 07:30:30.715319,25.57,25.46,25.57,25.57,1017,49,5.58,6,2,0.0,Clear,clear sky,7
"Hódmezővásárhely, Strandfürdő",46.409147,20.315671,2026-08-08 07:30:31.856814,25.57,25.46,25.57,25.57,1017,49,5.58,6,2,0.0,Clear,clear sky,7
"Szeged, Széchenyi tér",46.252683,20.14935,2026-08-08 07:30:32.999020,26.15,26.15,26.15,26.15,1017,58,5.49,4,2,0.0,Clear,clear sky,7
"Szeged, Anna-kút",46.256184,20.147587,2026-08-08 07:30:34.155272,26.15,26.15,26.15,26.15,1017,58,5.49,4,2,0.0,Clear,clear sky,7
"Szeged, Rókusi templom",46.259255,20.141771,2026-08-08 07:30:35.303339,26.17,26.17,26.17,26.17,1017,58,5.49,4,2,0.0,Clear,clear sky,7
"Hódmezővásárhely, Kálvin János tér",46.416677,20.328532,2026-08-08 07:30:36.451498,25.57,25.46,25.57,25.57,1017,49,5.53,6,3,0.0,Clear,clear sky,7
Hódmezővásárhely vasútállomás,46.413242,20.338701,2026-08-08 07:30:37.593018,25.57,25.78,25.57,25.57,1018,61,5.59,5,2,0.0,Clear,clear sky,7
"Szeged, Tavasz utca",46.260715,20.139055,2026-08-08 07:30:38.734199,26.17,26.17,26.17,26.17,1017,58,5.49,4,2,0.0,Clear,clear sky,7
"Szeged, Damjanich utca",46.262753,20.135248,2026-08-08 07:30:39.876176,26.17,26.17,26.17,26.17,1017,58,5.49,4,2,0.0,Clear,clear sky,7
"Szeged, Vásárhelyi Pál utca",46.264173,20.131109,2026-08-08 07:30:41.027652,26.19,26.19,26.19,26.19,1017,58,5.49,4,2,0.0,Clear,clear sky,7
"Szeged, Bécsi körút ",46.243459,20.143809,2026-08-08 07:30:42.169413,26.17,26.17,26.17,26.17,1017,58,5.6,7,0,0.0,Clear,clear sky,7
Hódmezővásárhelyi Népkert vasútállomás,46.403733,20.312986,2026-08-08 07:30:43.311437,25.58,25.79,25.58,25.58,1018,61,5.64,6,1,0.0,Clear,clear sky,7
Szeged vasútállomás,46.239789,20.142561,2026-08-08 07:30:44.452206,26.17,26.17,26.17,26.17,1017,58,5.6,7,0,0.0,Clear,clear sky,7
"Szeged, Bem utca",46.240198,20.141247,2026-08-08 07:30:45.593825,26.17,26.17,26.17,26.17,1017,58,5.6,7,0,0.0,Clear,clear sky,7
"Szeged, Galamb utca",46.24153,20.142297,2026-08-08 07:30:46.740918,26.17,26.17,26.17,26.17,1017,58,5.6,7,0,0.0,Clear,clear sky,7
"Szeged, Aradi vértanúk tere",46.247839,20.147,2026-08-08 07:30:47.881471,26.15,26.15,26.15,26.15,1017,58,5.49,4,2,0.0,Clear,clear sky,7
"Szeged, Pulz utca",46.264452,20.126061,2026-08-08 07:30:49.022452,26.19,26.19,26.19,26.19,1017,58,5.49,4,2,0.0,Clear,clear sky,7
"Szeged, Rókus vasútállomás",46.266107,20.125686,2026-08-08 07:30:50.163676,26.19,26.19,26.19,26.19,1017,58,5.68,8,1,0.0,Clear,clear sky,7
Látókép,47.55787,21.524373,2026-08-08 07:30:51.320644,24.88,24.73,24.88,24.88,1017,50,5.78,9,7,0.0,Clear,clear sky,7
Szentmihálytelek,46.2229,20.0808,2026-08-08 07:30:52.475769,26.19,26.19,26.19,26.19,1017,58,5.52,5,2,0.0,Clear,clear sky,7
Kisvarsány,48.144356,22.297397,2026-08-08 07:30:53.624820,23.51,23.33,23.51,23.51,1017,54,4.26,14,5,0.0,Clear,clear sky,7
