station_name,station_lat,station_lon,observation_time,temp,feels_like,temp_min,temp_max,pressure,humidity,wind_speed,wind_deg,clouds,precipitation_1h,weather_main,weather_description,collection_hour
Búcsúszentlászló,46.793056,16.932778,2026-07-16 15:44:03.271870,27.07,26.25,27.07,27.07,1018,24,2.09,273,9,0.0,Clear,clear sky,15
Angyalföld,47.549722,19.09,2026-07-16 15:44:04.498414,32.19,31.29,31.49,32.62,1017,32,1.79,52,63,0.0,Clouds,broken clouds,15
Felsőjánosfa,46.841389,16.544167,2026-07-16 15:44:05.736624,26.76,27.09,26.76,26.76,1018,48,1.51,251,10,0.0,Clear,clear sky,15
Pankasz,46.835833,16.496111,2026-07-16 15:44:06.991950,32.0,34.36,32.0,32.0,1018,50,1.36,240,11,0.0,Clouds,few clouds,15
Nagyrákos,46.827222,16.455556,2026-07-16 15:44:08.247984,32.17,34.68,32.17,32.17,1018,50,1.3,233,11,0.0,Clouds,few clouds,15
Őriszentpéter,46.828889,16.415278,2026-07-16 15:44:09.497392,32.47,35.51,32.47,32.47,1018,51,1.23,215,11,0.0,Clouds,few clouds,15
Törökbálint,47.45,18.908611,2026-07-16 15:44:10.724006,32.15,31.24,31.27,32.4,1017,32,1.34,246,68,0.0,Clouds,broken clouds,15
Bicske alsó,47.486389,18.642778,2026-07-16 15:44:11.951718,30.91,30.04,29.12,32.28,1017,34,1.43,261,39,0.0,Clouds,scattered clouds,15
Bajánsenye,46.818056,16.358056,2026-07-16 15:44:13.197230,32.79,36.44,32.79,32.79,1018,52,1.27,208,10,0.0,Clear,clear sky,15
Aquincum,47.566218,19.048273,2026-07-16 15:44:14.408867,32.18,31.14,31.52,32.65,1017,31,1.79,52,64,0.0,Clouds,broken clouds,15
Piliscsév,47.673889,18.791389,2026-07-16 15:44:15.641405,31.16,29.56,31.1,31.81,1017,26,2.74,244,49,0.0,Clouds,scattered clouds,15
Tát,47.741201,18.64783,2026-07-16 15:44:17.268049,31.51,30.73,31.51,31.51,1017,34,2.07,232,41,0.0,Clouds,scattered clouds,15
Süttő felső,47.756667,18.437222,2026-07-16 15:44:18.503289,30.91,30.04,30.91,30.91,1017,34,1.48,222,26,0.0,Clouds,scattered clouds,15
Budatétény,47.405,19.016389,2026-07-16 15:44:19.749030,32.55,32.03,31.56,32.69,1017,34,1.79,52,77,0.0,Clouds,broken clouds,15
Seregélyes-Szőlőhegy,47.119444,18.612222,2026-07-16 15:44:20.990532,30.77,29.89,30.77,30.77,1017,34,1.51,51,48,0.0,Clouds,scattered clouds,15
Gödöllő-Állami telepek,47.564444,19.375556,2026-07-16 15:44:22.226099,31.71,30.97,31.68,31.71,1017,34,1.42,303,63,0.0,Clouds,broken clouds,15
Dunakeszi alsó,47.607778,19.128889,2026-07-16 15:44:23.486526,32.16,31.25,31.49,32.62,1017,32,0.89,58,62,0.0,Clouds,broken clouds,15
Vác-Alsóváros,47.773056,19.149722,2026-07-16 15:44:24.729776,32.17,31.54,31.47,32.17,1017,34,1.93,318,72,0.0,Clouds,broken clouds,15
Szob alsó,47.816667,18.8725,2026-07-16 15:44:25.995814,31.5,30.72,31.5,31.5,1017,34,2.73,272,51,0.0,Clouds,broken clouds,15
Zalaszentmihály-Pacsa,46.7225,16.951944,2026-07-16 15:44:27.239454,26.98,26.19,26.98,26.98,1018,24,2.22,272,9,0.0,Clear,clear sky,15
Pötréte,46.682778,16.9575,2026-07-16 15:44:28.496140,26.98,26.19,26.98,26.98,1018,24,2.34,278,8,0.0,Clear,clear sky,15
Felsőrajk,46.667222,16.982778,2026-07-16 15:44:29.772174,27.04,26.94,27.04,27.04,1018,41,2.4,280,9,0.0,Clear,clear sky,15
Gelse,46.600556,16.982778,2026-07-16 15:44:31.014763,27.04,27.0,27.04,27.04,1018,42,2.65,295,8,0.0,Clear,clear sky,15
Őrtilos,46.297778,16.887778,2026-07-16 15:44:32.283828,32.49,33.4,32.49,32.49,1018,42,1.51,296,14,0.0,Clouds,few clouds,15
Zákány,46.251944,16.9425,2026-07-16 15:44:33.542116,32.21,32.77,32.21,32.21,1018,41,0.87,291,24,0.0,Clouds,few clouds,15
Berzence,46.201389,17.143611,2026-07-16 15:44:34.800345,32.15,32.31,32.15,32.15,1018,39,0.84,112,28,0.0,Clouds,scattered clouds,15
Somogyudvarhely,46.163333,17.179722,2026-07-16 15:44:36.013680,32.05,32.17,32.05,32.05,1018,39,1.09,102,25,0.0,Clouds,scattered clouds,15
Bélavár,46.122778,17.207778,2026-07-16 15:44:37.273772,32.05,32.35,32.05,32.05,1018,40,1.36,79,19,0.0,Clouds,few clouds,15
Vízvár,46.101389,17.239444,2026-07-16 15:44:38.538608,31.86,32.08,31.86,31.86,1018,40,1.48,69,15,0.0,Clouds,few clouds,15
Babócsa,46.028359,17.342276,2026-07-16 15:44:39.787734,31.63,31.92,31.63,31.63,1018,41,1.7,49,9,0.0,Clear,clear sky,15
Péterhida-Komlósd,46.006667,17.358056,2026-07-16 15:44:41.049171,31.6,31.88,31.6,31.6,1018,41,1.87,43,7,0.0,Clear,clear sky,15
Barcs,45.951944,17.446944,2026-07-16 15:44:42.305152,31.51,31.59,31.51,31.51,1017,40,2.29,39,9,0.0,Clear,clear sky,15
Barcs felső,45.958333,17.486389,2026-07-16 15:44:43.555986,31.37,31.4,31.37,31.37,1017,40,2.29,40,10,0.0,Clear,clear sky,15
Középrigóc,45.970556,17.525,2026-07-16 15:44:44.797794,31.24,31.23,31.24,31.24,1017,40,2.3,40,10,0.0,Clear,clear sky,15
Darány,45.992222,17.598611,2026-07-16 15:44:46.036888,31.14,30.95,31.14,31.14,1018,39,2.11,38,10,0.0,Clear,clear sky,15
Kisdobsza,46.012222,17.668056,2026-07-16 15:44:47.302978,31.14,30.95,31.14,31.14,1018,39,1.95,31,13,0.0,Clouds,few clouds,15
Nemeske,46.023333,17.705278,2026-07-16 15:44:48.525170,31.16,30.83,31.16,31.16,1018,38,1.95,28,14,0.0,Clouds,few clouds,15
Molvány,46.035278,17.748611,2026-07-16 15:44:49.758251,31.15,30.82,31.15,31.15,1017,38,1.81,15,21,0.0,Clouds,few clouds,15
Szigetvár,46.043333,17.801944,2026-07-16 15:44:51.001650,31.11,30.64,31.11,31.11,1017,37,1.81,11,25,0.0,Clouds,scattered clouds,15
Nagypeterd,46.039444,17.871667,2026-07-16 15:44:52.230150,31.1,30.63,31.1,31.1,1017,37,1.82,360,34,0.0,Clouds,scattered clouds,15
Szentdénes,46.036667,17.926944,2026-07-16 15:44:53.487206,31.03,30.41,31.03,31.03,1017,36,1.84,354,39,0.0,Clouds,scattered clouds,15
Háros,47.412222,19.035,2026-07-16 15:44:54.720229,32.5,31.96,31.52,32.65,1017,34,1.79,52,77,0.0,Clouds,broken clouds,15
Nagytétény-Diósd,47.398333,18.974444,2026-07-16 15:44:55.952012,32.57,32.05,31.55,32.68,1017,34,1.34,246,78,0.0,Clouds,broken clouds,15
Érdliget,47.390278,18.937778,2026-07-16 15:44:57.202740,32.49,31.95,31.47,32.6,1017,34,1.34,246,75,0.0,Clouds,broken clouds,15
Érd felső,47.381111,18.922222,2026-07-16 15:44:58.473603,32.45,31.9,31.43,32.56,1017,34,1.34,246,72,0.0,Clouds,broken clouds,15
Érd,47.369722,18.900833,2026-07-16 15:44:59.717088,32.4,31.83,31.4,32.53,1017,34,0.93,249,73,0.0,Clouds,broken clouds,15
Százhalombatta,47.322222,18.899167,2026-07-16 15:45:00.977214,32.4,32.15,31.38,32.51,1017,36,0.69,265,74,0.0,Clouds,broken clouds,15
Dunai Finomító,47.294444,18.878889,2026-07-16 15:45:02.208858,32.35,32.08,31.9,32.35,1017,36,0.31,292,68,0.0,Clouds,broken clouds,15
Ercsi,47.247222,18.875278,2026-07-16 15:45:03.455860,32.58,31.76,32.12,32.58,1017,32,0.32,321,67,0.0,Clouds,broken clouds,15
Iváncsa,47.177778,18.811944,2026-07-16 15:45:04.681277,30.45,29.44,30.45,30.45,1017,33,0.74,28,56,0.0,Clouds,broken clouds,15
Pusztaszabolcs,47.139722,18.761667,2026-07-16 15:45:05.914956,30.64,29.64,30.64,30.64,1017,33,1.08,35,48,0.0,Clouds,scattered clouds,15
Szabadegyháza,47.082778,18.704167,2026-07-16 15:45:07.157283,30.72,29.73,30.72,30.72,1017,33,1.48,44,40,0.0,Clouds,scattered clouds,15
Sárosd,47.039722,18.660278,2026-07-16 15:45:08.417229,30.87,29.89,30.87,30.87,1017,33,1.78,53,36,0.0,Clouds,scattered clouds,15
Nagylók,46.979444,18.635833,2026-07-16 15:45:09.645695,30.8,29.81,30.8,30.8,1017,33,1.89,53,28,0.0,Clouds,scattered clouds,15
Sárbogárd,46.896944,18.611944,2026-07-16 15:45:10.879791,31.09,30.24,31.09,31.09,1017,34,1.97,56,27,0.0,Clouds,scattered clouds,15
Rétszilas,46.814167,18.601389,2026-07-16 15:45:12.108197,31.14,30.42,31.14,31.14,1017,35,1.99,51,35,0.0,Clouds,scattered clouds,15
Nagyatád,46.228611,17.354167,2026-07-16 15:45:13.339482,31.5,31.58,31.5,31.5,1018,40,0.67,87,25,0.0,Clouds,scattered clouds,15
Budapest-Keleti,47.500278,19.084167,2026-07-16 15:45:14.578199,32.22,31.46,31.47,32.6,1017,33,1.79,52,70,0.0,Clouds,broken clouds,15
Ferencváros,47.468611,19.088056,2026-07-16 15:45:15.800227,32.31,31.57,31.49,32.62,1017,33,1.79,52,72,0.0,Clouds,broken clouds,15
Budapest-Nyugati,47.510833,19.0575,2026-07-16 15:45:17.057987,32.21,31.45,31.48,32.61,1017,33,1.79,52,67,0.0,Clouds,broken clouds,15
Kőbánya felső,47.491944,19.133889,2026-07-16 15:45:18.294598,32.19,31.42,31.41,32.54,1017,33,1.79,52,64,0.0,Clouds,broken clouds,15
Rákos,47.488889,19.174722,2026-07-16 15:45:19.524945,32.16,31.38,31.37,32.5,1017,33,1.79,52,62,0.0,Clouds,broken clouds,15
Rákosrendező,47.525556,19.089444,2026-07-16 15:45:20.766109,32.23,31.47,31.51,32.64,1017,33,1.79,52,65,0.0,Clouds,broken clouds,15
Zugló,47.511389,19.101389,2026-07-16 15:45:21.988188,32.22,31.46,31.47,32.6,1017,33,1.79,52,65,0.0,Clouds,broken clouds,15
Mezőtárkány,47.725,20.480278,2026-07-16 15:45:23.218946,32.12,31.62,32.12,32.12,1017,35,3.96,0,100,0.0,Clouds,overcast clouds,15
Istvántelek,47.550278,19.106389,2026-07-16 15:45:24.450844,32.2,31.3,31.5,32.63,1017,32,1.79,52,63,0.0,Clouds,broken clouds,15
Rákospalota-Újpest,47.565833,19.111944,2026-07-16 15:45:25.689460,32.19,31.29,31.49,32.62,1017,32,1.79,52,63,0.0,Clouds,broken clouds,15
Kőbánya alsó,47.483056,19.127222,2026-07-16 15:45:26.965228,32.22,31.46,31.42,32.55,1017,33,1.79,52,64,0.0,Clouds,broken clouds,15
Kőbánya-Kispest,47.463889,19.149444,2026-07-16 15:45:28.226612,32.24,31.48,31.42,32.55,1017,33,1.79,52,67,0.0,Clouds,broken clouds,15
Pestszentlőrinc,47.454722,19.182778,2026-07-16 15:45:29.467395,32.19,31.42,31.36,32.49,1017,33,2.35,253,67,0.0,Clouds,broken clouds,15
Kispest,47.448135,19.157552,2026-07-16 15:45:30.703226,32.27,31.52,31.43,32.56,1017,33,1.79,52,70,0.0,Clouds,broken clouds,15
Újpest,47.558889,19.079722,2026-07-16 15:45:31.921391,32.2,31.3,31.5,32.63,1017,32,1.79,52,65,0.0,Clouds,broken clouds,15
Pestszentimre felső,47.413611,19.173333,2026-07-16 15:45:33.153396,32.33,31.6,31.45,32.58,1017,33,2.38,255,71,0.0,Clouds,broken clouds,15
Dunakeszi,47.626111,19.136111,2026-07-16 15:45:34.410280,31.96,30.89,31.4,32.53,1017,31,0.89,58,63,0.0,Clouds,broken clouds,15
Dunakeszi-Gyártelep,47.643611,19.135,2026-07-16 15:45:35.670902,31.99,30.92,31.44,32.57,1017,31,1.65,263,65,0.0,Clouds,broken clouds,15
Alsógöd,47.676944,19.134444,2026-07-16 15:45:36.907700,31.94,31.12,31.43,32.56,1017,33,1.57,272,66,0.0,Clouds,broken clouds,15
Göd,47.687778,19.1375,2026-07-16 15:45:38.142523,31.96,31.14,31.45,32.58,1017,33,1.57,272,66,0.0,Clouds,broken clouds,15
Felsőgöd,47.705556,19.143333,2026-07-16 15:45:39.382668,32.19,31.42,31.5,32.21,1017,33,1.54,283,68,0.0,Clouds,broken clouds,15
Sződ-Sződliget,47.728056,19.154722,2026-07-16 15:45:40.651643,32.17,31.4,31.49,32.2,1017,33,1.58,295,70,0.0,Clouds,broken clouds,15
Vác,47.782778,19.133056,2026-07-16 15:45:41.907320,32.17,31.54,31.47,32.17,1017,34,1.93,318,72,0.0,Clouds,broken clouds,15
Verőce,47.823889,19.029444,2026-07-16 15:45:43.147754,32.01,31.48,31.3,32.01,1017,35,2.84,302,55,0.0,Clouds,broken clouds,15
Kismaros,47.8275,19.010278,2026-07-16 15:45:44.410528,31.43,30.76,31.43,31.43,1017,35,2.88,297,53,0.0,Clouds,broken clouds,15
Nagymaros-Visegrád,47.791389,18.959167,2026-07-16 15:45:45.669999,31.45,30.79,31.45,32.16,1017,35,2.87,275,53,0.0,Clouds,broken clouds,15
Nagymaros,47.780278,18.952222,2026-07-16 15:45:46.903242,31.53,30.88,31.53,32.23,1017,35,2.87,275,53,0.0,Clouds,broken clouds,15
Zebegény,47.801389,18.908889,2026-07-16 15:45:48.138088,31.5,30.85,31.5,32.21,1017,35,2.86,279,51,0.0,Clouds,broken clouds,15
Szob,47.821111,18.861944,2026-07-16 15:45:49.377659,31.46,30.67,31.46,31.46,1017,34,2.67,281,50,0.0,Clouds,scattered clouds,15
Alagimajor,47.601944,19.153889,2026-07-16 15:45:50.632991,32.03,31.09,31.44,32.57,1017,32,0.89,58,62,0.0,Clouds,broken clouds,15
Fót,47.611389,19.181667,2026-07-16 15:45:51.871290,31.92,30.96,31.34,32.47,1017,32,1.52,261,63,0.0,Clouds,broken clouds,15
Fótújfalu,47.615,19.192778,2026-07-16 15:45:53.127335,31.82,30.85,31.23,32.36,1017,32,1.52,261,63,0.0,Clouds,broken clouds,15
Csomád,47.635556,19.222778,2026-07-16 15:45:54.374457,31.54,30.64,30.96,32.09,1017,33,1.27,268,64,0.0,Clouds,broken clouds,15
Veresegyház,47.649167,19.288611,2026-07-16 15:45:55.601805,31.77,30.91,29.07,31.82,1017,33,0.86,347,72,0.0,Clouds,broken clouds,15
Erdőkertes,47.662222,19.295833,2026-07-16 15:45:56.860898,31.73,30.99,29.03,31.77,1017,34,0.86,347,72,0.0,Clouds,broken clouds,15
Őrbottyán,47.685833,19.283611,2026-07-16 15:45:58.099896,31.69,31.08,31.11,31.69,1017,35,1.1,9,77,0.0,Clouds,broken clouds,15
Váchartyán,47.725833,19.248889,2026-07-16 15:45:59.357899,32.05,31.53,32.05,32.05,1017,35,1.47,12,83,0.0,Clouds,broken clouds,15
Magyarkút-Verőce,47.826111,19.044444,2026-07-16 15:46:00.590005,32.17,31.69,32.17,32.17,1017,35,2.84,302,55,0.0,Clouds,broken clouds,15
Szokolya,47.871111,19.030556,2026-07-16 15:46:01.838977,28.97,28.17,28.97,28.97,1017,35,3.18,318,55,0.0,Clouds,broken clouds,15
Berkenye,47.885278,19.071944,2026-07-16 15:46:03.067807,29.7,28.78,29.7,29.7,1017,34,3.22,322,59,0.0,Clouds,broken clouds,15
Nógrád,47.901944,19.0475,2026-07-16 15:46:04.324442,29.37,28.54,29.37,29.37,1017,35,3.39,325,56,0.0,Clouds,broken clouds,15
Diósjenő,47.94,19.049444,2026-07-16 15:46:05.585652,29.03,28.23,29.03,29.03,1017,35,3.6,330,56,0.0,Clouds,broken clouds,15
Borsosberény,47.971389,19.093056,2026-07-16 15:46:06.820812,29.78,28.94,29.78,29.78,1017,35,4.06,342,71,0.0,Clouds,broken clouds,15
Nagyoroszi,47.993611,19.101111,2026-07-16 15:46:08.063352,29.64,28.81,29.64,29.64,1017,35,4.28,344,71,0.0,Clouds,broken clouds,15
Drégelyvár,48.001944,19.079444,2026-07-16 15:46:09.291247,29.88,29.05,29.88,29.88,1017,35,4.27,343,63,0.0,Clouds,broken clouds,15
Drégely,48.042222,19.056111,2026-07-16 15:46:10.521984,30.23,29.51,30.23,30.23,1017,36,4.37,345,64,0.0,Clouds,broken clouds,15
Drégelypalánk,48.055,19.046111,2026-07-16 15:46:11.797257,30.34,29.63,30.34,30.34,1017,36,4.28,347,62,0.0,Clouds,broken clouds,15
Ipolyvece,48.056944,19.106389,2026-07-16 15:46:13.007814,30.33,29.62,30.33,30.33,1017,36,4.61,346,71,0.0,Clouds,broken clouds,15
Dejtár,48.045556,19.196389,2026-07-16 15:46:14.255098,30.28,29.56,30.28,30.28,1017,36,4.55,347,79,0.0,Clouds,broken clouds,15
Ipolyszög,48.054444,19.221944,2026-07-16 15:46:15.488883,30.27,29.66,30.27,30.27,1017,37,4.55,346,82,0.0,Clouds,broken clouds,15
Iklad-Domony,47.658056,19.444444,2026-07-16 15:46:16.714197,29.91,29.17,29.91,29.91,1017,36,2.24,21,83,0.0,Clouds,broken clouds,15
Iklad-Domony felső,47.667778,19.428056,2026-07-16 15:46:17.977851,32.06,31.7,32.06,32.06,1017,36,2.4,31,86,0.0,Clouds,overcast clouds,15
Galgamácsa,47.693889,19.3925,2026-07-16 15:46:19.238542,32.05,31.68,32.05,32.05,1017,36,2.15,33,86,0.0,Clouds,overcast clouds,15
Vácrátót,47.732778,19.217778,2026-07-16 15:46:20.448987,31.97,31.29,31.97,31.97,1017,34,1.22,332,77,0.0,Clouds,broken clouds,15
Csörög,47.735833,19.196389,2026-07-16 15:46:21.676492,31.97,31.29,31.27,31.97,1017,34,1.34,311,73,0.0,Clouds,broken clouds,15
Galgagyörk,47.735278,19.372222,2026-07-16 15:46:22.900186,31.95,31.55,31.95,31.95,1017,36,2.48,36,90,0.0,Clouds,overcast clouds,15
Püspökhatvan,47.768611,19.366944,2026-07-16 15:46:24.146084,29.69,29.04,29.69,29.69,1017,37,2.98,38,97,0.0,Clouds,overcast clouds,15
Acsa-Erdőkürt,47.801111,19.386111,2026-07-16 15:46:25.372575,29.56,28.9,29.56,29.56,1017,37,3.12,37,99,0.0,Clouds,overcast clouds,15
Galgaguta,47.848611,19.385556,2026-07-16 15:46:26.584820,29.32,28.75,29.32,29.32,1017,38,3.2,31,100,0.0,Clouds,overcast clouds,15
Nógrádkövesd,47.879444,19.371111,2026-07-16 15:46:27.843358,29.52,28.96,29.52,29.52,1017,38,3.15,27,100,0.0,Clouds,overcast clouds,15
Magyarnándor,47.970833,19.356667,2026-07-16 15:46:29.083218,29.55,28.99,29.55,29.55,1017,38,3.25,5,97,0.0,Clouds,overcast clouds,15
Mohora,47.995556,19.347778,2026-07-16 15:46:30.310489,29.69,29.13,29.69,29.69,1017,38,3.34,359,96,0.0,Clouds,overcast clouds,15
Szügy,48.036389,19.333056,2026-07-16 15:46:31.553276,29.94,29.51,29.94,29.94,1017,39,3.6,350,93,0.0,Clouds,overcast clouds,15
Balassagyarmat,48.071111,19.293611,2026-07-16 15:46:32.816950,30.07,29.55,30.07,30.07,1017,38,4.03,346,89,0.0,Clouds,overcast clouds,15
Őrhalom,48.078773,19.403936,2026-07-16 15:46:34.080492,29.6,29.46,29.6,29.6,1017,42,2.88,338,94,0.0,Clouds,overcast clouds,15
Hugyag,48.083056,19.421111,2026-07-16 15:46:35.304977,29.6,29.46,29.6,29.6,1017,42,2.88,338,94,0.0,Clouds,overcast clouds,15
Szécsény,48.093056,19.521111,2026-07-16 15:46:36.545446,29.72,30.09,29.72,29.72,1017,46,1.85,328,96,0.0,Clouds,overcast clouds,15
Ludányhalászi,48.1325,19.529444,2026-07-16 15:46:37.772686,29.74,29.98,29.74,29.74,1017,45,2.43,317,95,0.0,Clouds,overcast clouds,15
Nógrádszakál,48.178333,19.521667,2026-07-16 15:46:38.991923,29.7,29.93,29.7,29.7,1017,45,2.7,314,94,0.0,Clouds,overcast clouds,15
Ráróspuszta,48.207222,19.541389,2026-07-16 15:46:40.257117,29.15,29.27,29.15,29.15,1017,45,3.13,310,92,0.0,Clouds,overcast clouds,15
Litke,48.215833,19.598611,2026-07-16 15:46:41.482923,29.68,30.17,29.68,29.68,1017,47,2.62,292,91,0.0,Clouds,overcast clouds,15
Nyíregyháza külső,47.943056,21.740278,2026-07-16 15:46:42.715768,28.5,28.04,28.5,28.5,1016,39,5.29,11,100,0.0,Clouds,overcast clouds,15
Oros,47.945833,21.806389,2026-07-16 15:46:43.944494,28.48,28.02,28.48,28.48,1016,39,5.38,10,100,0.0,Clouds,overcast clouds,15
Napkor,47.948889,21.873056,2026-07-16 15:46:45.193130,28.38,28.01,28.38,28.38,1016,40,5.72,9,99,0.0,Clouds,overcast clouds,15
Apagy,47.953775,21.939044,2026-07-16 15:46:46.404894,28.36,27.99,28.36,28.36,1016,40,5.61,8,98,0.0,Clouds,overcast clouds,15
Levelek-Magy,47.948056,21.993611,2026-07-16 15:46:47.745429,28.32,27.95,28.32,28.32,1016,40,5.44,4,98,0.0,Clouds,overcast clouds,15
Ófehértó,47.940556,22.041389,2026-07-16 15:46:48.982760,28.32,27.88,28.32,28.32,1016,39,5.1,360,99,0.0,Clouds,overcast clouds,15
Ligettanya,47.951667,22.071389,2026-07-16 15:46:50.212010,28.24,27.81,28.24,28.24,1016,39,5.38,359,100,0.0,Clouds,overcast clouds,15
Baktalórántháza,47.988611,22.083333,2026-07-16 15:46:51.462011,28.17,27.81,28.17,28.17,1016,40,5.53,2,100,0.0,Clouds,overcast clouds,15
Vaja-Rohod,48.006389,22.164167,2026-07-16 15:46:52.677516,28.19,27.83,28.19,28.19,1016,40,5.56,5,100,0.0,Clouds,overcast clouds,15
Rákóczitanya,48.022222,22.178333,2026-07-16 15:46:53.920149,28.2,27.84,28.2,28.2,1016,40,5.52,5,100,0.0,Clouds,overcast clouds,15
Nyírmada,48.059167,22.203056,2026-07-16 15:46:55.182819,28.08,27.8,28.08,28.08,1016,41,5.39,13,100,0.0,Clouds,overcast clouds,15
Tunyogmatolcs,47.960244,22.442247,2026-07-16 15:46:56.455810,28.47,28.09,28.47,28.47,1016,40,4.95,35,85,0.0,Clouds,overcast clouds,15
Tunyogmatolcs alsó,47.966025,22.464713,2026-07-16 15:46:57.683466,28.39,28.01,28.39,28.39,1016,40,4.99,40,82,0.0,Clouds,broken clouds,15
Fehérgyarmat,47.979167,22.524444,2026-07-16 15:46:58.895274,28.19,27.98,28.19,28.19,1016,42,5.5,47,81,0.0,Clouds,broken clouds,15
Penyige,47.995278,22.566944,2026-07-16 15:47:00.141518,28.13,27.92,28.13,28.13,1016,42,5.43,47,82,0.0,Clouds,broken clouds,15
Nagyszekeres,47.976111,22.6125,2026-07-16 15:47:01.404508,28.05,27.92,28.05,28.05,1016,43,5.31,47,82,0.0,Clouds,broken clouds,15
Kisszekeres,47.965833,22.629444,2026-07-16 15:47:02.637682,28.03,27.91,28.03,28.03,1016,43,4.68,49,81,0.0,Clouds,broken clouds,15
Jánkmajtis,47.941944,22.657222,2026-07-16 15:47:03.881487,27.95,27.83,27.95,27.95,1016,43,3.7,51,81,0.0,Clouds,broken clouds,15
Gacsály,47.926111,22.745,2026-07-16 15:47:05.139564,32.26,33.45,32.26,32.26,1016,44,3.07,42,83,0.0,Clouds,broken clouds,15
Zajta,47.9025,22.796111,2026-07-16 15:47:06.400391,32.25,33.23,32.25,32.25,1016,43,1.86,32,82,0.0,Clouds,broken clouds,15
Eperjeske alsó,48.360556,22.19,2026-07-16 15:47:07.656926,27.69,27.73,27.69,27.69,1017,45,4.23,40,92,0.0,Clouds,overcast clouds,15
Mándok,48.326944,22.196389,2026-07-16 15:47:08.880798,27.69,27.73,27.69,27.69,1016,45,4.41,46,95,0.0,Clouds,overcast clouds,15
Tornyospálca,48.268333,22.201944,2026-07-16 15:47:10.126438,27.75,27.79,27.75,27.75,1016,45,4.59,47,98,0.0,Clouds,overcast clouds,15
Aranyosapáti,48.211303,22.253534,2026-07-16 15:47:11.362122,27.89,27.85,27.89,27.89,1016,44,4.65,50,100,0.0,Clouds,overcast clouds,15
Gyüre,48.171389,22.269167,2026-07-16 15:47:12.620483,27.99,27.87,27.99,27.99,1016,43,4.82,42,100,0.0,Clouds,overcast clouds,15
Varsány,48.151722,22.290047,2026-07-16 15:47:13.890675,28.08,27.88,28.08,28.08,1016,42,4.96,39,100,0.0,Clouds,overcast clouds,15
Vásárosnamény,48.126667,22.306111,2026-07-16 15:47:15.111087,28.17,27.96,28.17,28.17,1016,42,5.09,34,100,0.0,Clouds,overcast clouds,15
Vitka,48.095556,22.308056,2026-07-16 15:47:16.353640,28.24,27.95,28.24,28.24,1016,41,5.23,28,100,0.0,Clouds,overcast clouds,15
Nagydobos,48.054167,22.311111,2026-07-16 15:47:17.590106,28.26,27.9,28.26,28.26,1016,40,5.33,24,100,0.0,Clouds,overcast clouds,15
Ópályi,47.997778,22.318333,2026-07-16 15:47:18.847423,28.43,27.98,28.43,28.43,1016,39,5.28,14,97,0.0,Clouds,overcast clouds,15
Nyírcsaholy,47.908056,22.348333,2026-07-16 15:47:20.103624,28.53,27.99,28.53,28.53,1016,38,4.27,14,93,0.0,Clouds,overcast clouds,15
Nagyecsed,47.864722,22.385556,2026-07-16 15:47:21.360065,28.42,27.97,28.42,28.42,1016,39,2.97,31,87,0.0,Clouds,overcast clouds,15
Tiborszállás,47.815278,22.402778,2026-07-16 15:47:22.598231,28.39,27.94,28.39,28.39,1016,39,2.14,36,88,0.0,Clouds,overcast clouds,15
Kiskunhalas,46.434444,19.493611,2026-07-16 15:47:23.842529,30.78,29.69,30.78,30.78,1017,32,3.65,2,100,0.0,Clouds,overcast clouds,15
Kecskemét alsó,46.895833,19.692222,2026-07-16 15:47:25.103714,33.77,32.98,31.55,33.77,1017,30,4.68,293,70,0.0,Clouds,broken clouds,15
Putnok,48.286667,20.4375,2026-07-16 15:47:26.361215,35.23,34.59,30.97,35.23,1017,28,1.53,24,66,0.0,Clouds,broken clouds,15
Bánréve,48.299722,20.351944,2026-07-16 15:47:27.626649,35.22,34.58,30.96,35.22,1017,28,1.12,321,63,0.0,Clouds,broken clouds,15
Ipolytarnóc,48.236667,19.629167,2026-07-16 15:47:28.887216,29.69,30.32,29.69,29.69,1017,48,2.74,285,87,0.0,Clouds,overcast clouds,15
Rákosliget,47.486111,19.257778,2026-07-16 15:47:30.153768,31.85,31.01,31.29,32.42,1017,33,2.33,264,56,0.0,Clouds,broken clouds,15
Ikrény,47.657778,17.524167,2026-07-16 15:47:31.401119,31.86,32.25,31.86,31.86,1017,41,2.04,220,14,0.0,Clouds,few clouds,15
Rábapatona,47.648889,17.461944,2026-07-16 15:47:32.656842,31.92,32.52,31.92,31.92,1017,42,2.23,201,14,0.0,Clouds,few clouds,15
Enese,47.644167,17.425278,2026-07-16 15:47:33.922218,31.93,32.54,31.93,31.93,1017,42,2.63,187,14,0.0,Clouds,few clouds,15
Kóny,47.632222,17.357222,2026-07-16 15:47:35.176202,31.91,32.7,31.91,31.91,1017,43,2.82,187,14,0.0,Clouds,few clouds,15
Farád,47.595278,17.195833,2026-07-16 15:47:36.443666,30.57,30.78,30.57,30.57,1017,43,3.22,180,26,0.0,Clouds,scattered clouds,15
Rábatamási,47.592778,17.161389,2026-07-16 15:47:37.668866,30.57,30.78,30.57,30.57,1017,43,3.22,180,26,0.0,Clouds,scattered clouds,15
Szárföld,47.589167,17.123889,2026-07-16 15:47:38.934734,30.55,30.76,30.55,30.55,1017,43,3.21,180,30,0.0,Clouds,scattered clouds,15
Veszkény,47.586944,17.101389,2026-07-16 15:47:40.195738,30.56,30.49,30.56,30.56,1017,41,3.19,180,33,0.0,Clouds,scattered clouds,15
Kapuvár,47.581944,17.046944,2026-07-16 15:47:41.449884,30.54,30.47,30.54,30.54,1017,41,2.99,178,37,0.0,Clouds,scattered clouds,15
Vitnyéd-Csermajor,47.5825,16.987222,2026-07-16 15:47:42.685018,30.55,30.48,30.55,30.55,1017,41,2.9,180,36,0.0,Clouds,scattered clouds,15
Petőháza,47.595278,16.893056,2026-07-16 15:47:43.910502,30.5,30.41,30.5,30.5,1017,41,2.79,188,30,0.0,Clouds,scattered clouds,15
Fertőszentmiklós,47.6,16.858889,2026-07-16 15:47:45.171991,30.5,30.41,30.04,30.5,1017,41,2.76,188,26,0.0,Clouds,scattered clouds,15
Pinnye,47.600278,16.768611,2026-07-16 15:47:46.403863,30.38,30.27,29.92,30.38,1017,41,2.79,184,20,0.0,Clouds,few clouds,15
Fertőboz,47.625,16.691667,2026-07-16 15:47:47.678577,30.22,30.07,29.76,30.22,1017,41,2.96,180,26,0.0,Clouds,scattered clouds,15
Sopron,47.677778,16.587222,2026-07-16 15:47:48.939782,29.92,30.63,29.46,29.92,1017,48,3.47,172,46,0.0,Clouds,scattered clouds,15
Fertőszéplak-Fertőd,47.618889,16.850833,2026-07-16 15:47:50.169619,30.52,30.44,30.06,30.52,1017,41,2.71,193,26,0.0,Clouds,scattered clouds,15
Nyúl,47.587778,17.698056,2026-07-16 15:47:51.428423,31.71,31.87,31.71,31.71,1017,40,2.77,255,11,0.0,Clouds,few clouds,15
Pannonhalma,47.547778,17.740833,2026-07-16 15:47:52.652725,31.45,31.35,31.45,31.45,1017,39,3.24,264,13,0.0,Clouds,few clouds,15
Tarjánpuszta,47.504722,17.789167,2026-07-16 15:47:53.873302,31.29,31.14,31.29,31.29,1017,39,3.29,270,17,0.0,Clouds,few clouds,15
Győrasszonyfa,47.4925,17.799167,2026-07-16 15:47:55.110226,31.29,31.14,31.29,31.29,1017,39,3.29,270,17,0.0,Clouds,few clouds,15
Veszprémvarsány,47.443333,17.818333,2026-07-16 15:47:56.372903,31.12,30.92,31.12,31.12,1017,39,3.22,278,24,0.0,Clouds,few clouds,15
Bakonyszentlászló,47.395556,17.8175,2026-07-16 15:47:57.608595,30.7,30.4,30.7,30.7,1018,39,3.17,286,26,0.0,Clouds,scattered clouds,15
Porva-Csesznek,47.326944,17.841111,2026-07-16 15:47:58.875748,29.28,28.9,29.28,29.28,1018,40,3.15,293,27,0.0,Clouds,scattered clouds,15
Zirc,47.266667,17.878056,2026-07-16 15:48:00.107451,30.34,30.09,30.34,30.34,1018,40,2.78,299,33,0.0,Clouds,scattered clouds,15
Eplény,47.192778,17.921667,2026-07-16 15:48:01.353000,30.47,30.25,30.47,30.47,1018,40,2.17,285,31,0.0,Clouds,scattered clouds,15
Marcaltő,47.4275,17.348889,2026-07-16 15:48:02.608850,31.68,32.54,31.68,31.68,1018,44,2.0,234,18,0.0,Clouds,few clouds,15
Szany-Rábaszentandrás,47.460833,17.315278,2026-07-16 15:48:03.869650,31.74,32.63,31.74,31.74,1018,44,2.27,218,18,0.0,Clouds,few clouds,15
Egyed-Rábacsanak,47.521944,17.316389,2026-07-16 15:48:05.096447,31.79,32.71,31.79,31.79,1017,44,2.57,205,17,0.0,Clouds,few clouds,15
Rábapordány,47.557222,17.315,2026-07-16 15:48:06.357832,31.85,32.8,31.85,31.85,1017,44,2.7,199,17,0.0,Clouds,few clouds,15
Albertfalva,47.440784,19.033965,2026-07-16 15:48:07.592605,32.3,31.7,31.54,32.67,1017,34,1.79,316,75,0.0,Clouds,broken clouds,15
Budafok,47.425833,19.041389,2026-07-16 15:48:08.824421,32.34,31.75,31.55,32.68,1017,34,1.79,316,77,0.0,Clouds,broken clouds,15
Tétényliget,47.384722,18.955278,2026-07-16 15:48:10.087269,32.47,31.92,31.57,32.7,1017,34,1.79,316,75,0.0,Clouds,broken clouds,15
Érd alsó,47.379722,18.923056,2026-07-16 15:48:11.318480,32.45,31.9,31.43,32.56,1017,34,1.34,246,72,0.0,Clouds,broken clouds,15
Tárnok,47.365556,18.873889,2026-07-16 15:48:12.552193,32.36,31.78,31.5,32.63,1017,34,0.68,249,66,0.0,Clouds,broken clouds,15
Martonvásár,47.321389,18.781667,2026-07-16 15:48:13.786081,32.52,31.83,31.43,32.56,1017,33,0.22,294,63,0.0,Clouds,broken clouds,15
Baracska,47.297222,18.753333,2026-07-16 15:48:15.019205,32.66,32.01,29.49,32.66,1017,33,0.24,360,63,0.0,Clouds,broken clouds,15
Pettend,47.26,18.708889,2026-07-16 15:48:16.291949,30.38,29.37,30.38,30.38,1017,33,0.51,25,61,0.0,Clouds,broken clouds,15
Kápolnásnyék,47.245556,18.692222,2026-07-16 15:48:17.517935,30.51,29.61,30.51,30.51,1017,34,0.72,33,61,0.0,Clouds,broken clouds,15
Velence,47.226944,18.663889,2026-07-16 15:48:18.745455,30.62,29.72,30.62,30.62,1017,34,0.79,31,62,0.0,Clouds,broken clouds,15
Velencefürdő,47.218611,18.648056,2026-07-16 15:48:19.997598,30.65,29.76,30.65,30.65,1017,34,0.95,39,59,0.0,Clouds,broken clouds,15
Gárdony,47.205833,18.624722,2026-07-16 15:48:21.228070,30.71,29.82,30.71,30.71,1017,34,1.01,37,60,0.0,Clouds,broken clouds,15
Agárd,47.197666,18.604907,2026-07-16 15:48:22.462169,30.71,29.82,30.71,30.71,1017,34,1.01,37,60,0.0,Clouds,broken clouds,15
Dinnyés,47.179722,18.560833,2026-07-16 15:48:23.688758,30.75,29.97,30.75,30.75,1017,35,1.23,41,60,0.0,Clouds,broken clouds,15
Székesfehérvár,47.183611,18.424722,2026-07-16 15:48:24.899463,30.78,30.12,30.78,30.78,1017,36,1.04,26,71,0.0,Clouds,broken clouds,15
Szabadbattyán,47.105278,18.388333,2026-07-16 15:48:26.133646,30.98,30.35,30.98,30.98,1017,36,0.58,4,52,0.0,Clouds,broken clouds,15
Kiscséripuszta,47.048056,18.355,2026-07-16 15:48:27.394190,30.79,30.13,30.79,30.79,1017,36,0.63,291,42,0.0,Clouds,scattered clouds,15
Lepsény,46.9875,18.248056,2026-07-16 15:48:28.609217,31.01,37.63,29.9,31.01,1017,70,1.64,262,40,0.0,Clouds,scattered clouds,15
Balatonaliga,46.984444,18.171389,2026-07-16 15:48:29.864646,30.82,37.12,29.71,30.82,1017,70,2.64,250,32,0.0,Clouds,scattered clouds,15
Balatonvilágos,46.964167,18.157222,2026-07-16 15:48:31.130538,30.86,37.23,29.75,30.86,1017,70,2.9,249,29,0.0,Clouds,scattered clouds,15
Szabadifürdő,46.926111,18.103333,2026-07-16 15:48:32.341412,31.03,37.68,29.92,31.03,1017,70,2.9,257,33,0.0,Clouds,scattered clouds,15
Ózd alsó,48.227778,20.306111,2026-07-16 15:48:33.578145,35.06,34.36,30.8,35.06,1017,28,1.81,273,57,0.0,Clouds,broken clouds,15
Ózd,48.2225,20.294722,2026-07-16 15:48:34.817464,35.11,34.42,30.85,35.11,1017,28,1.81,273,57,0.0,Clouds,broken clouds,15
Alsóboldva,48.212778,20.792222,2026-07-16 15:48:36.027844,32.9,34.53,32.9,32.9,1017,44,5.49,41,95,0.0,Clouds,overcast clouds,15
Boldva,48.223333,20.790278,2026-07-16 15:48:37.283353,32.9,34.53,32.9,32.9,1017,44,5.49,41,95,0.0,Clouds,overcast clouds,15
Borsodszirák,48.259167,20.770556,2026-07-16 15:48:38.499141,29.54,29.61,29.54,29.54,1017,44,5.6,47,97,0.0,Clouds,overcast clouds,15
Edelény alsó,48.279167,20.760833,2026-07-16 15:48:39.718651,29.54,29.61,29.54,29.54,1017,44,5.6,47,97,0.0,Clouds,overcast clouds,15
Edelény,48.299722,20.749444,2026-07-16 15:48:40.948233,29.45,29.51,29.45,29.45,1017,44,5.67,48,98,0.0,Clouds,overcast clouds,15
Szendrőlád,48.334444,20.731944,2026-07-16 15:48:42.189227,28.48,28.43,28.48,28.48,1017,44,5.41,50,99,0.0,Clouds,overcast clouds,15
Szendrő,48.400725,20.721346,2026-07-16 15:48:43.401088,29.29,29.32,29.29,29.29,1017,44,5.18,49,100,0.0,Clouds,overcast clouds,15
Szendrő felső,48.409907,20.720148,2026-07-16 15:48:44.622128,29.29,29.32,29.29,29.29,1017,44,5.18,49,100,0.0,Clouds,overcast clouds,15
Szalonna,48.449444,20.722222,2026-07-16 15:48:45.859002,29.22,29.24,29.22,29.22,1017,44,4.78,47,99,0.0,Clouds,overcast clouds,15
Perkupa,48.471389,20.691111,2026-07-16 15:48:47.119690,28.57,28.52,28.57,28.57,1017,44,3.75,46,97,0.0,Clouds,overcast clouds,15
Szemeretelep,47.443056,19.214167,2026-07-16 15:48:48.384649,31.95,31.13,31.36,32.49,1017,33,2.47,257,65,0.0,Clouds,broken clouds,15
Jósvafő-Aggtelek,48.489722,20.693889,2026-07-16 15:48:49.619734,28.81,28.78,28.81,28.81,1017,44,3.51,44,97,0.0,Clouds,overcast clouds,15
Bódvaszilas,48.5375,20.738056,2026-07-16 15:48:50.845081,28.23,28.26,28.23,28.23,1017,45,4.07,44,96,0.0,Clouds,overcast clouds,15
Komjáti,48.5475,20.759722,2026-07-16 15:48:52.057429,27.61,27.73,27.61,27.61,1017,46,4.17,42,93,0.0,Clouds,overcast clouds,15
Tornanádaska,48.558333,20.787222,2026-07-16 15:48:53.295377,28.69,28.84,28.69,28.69,1017,46,4.5,41,93,0.0,Clouds,overcast clouds,15
Onga,48.121111,20.906667,2026-07-16 15:48:54.573524,32.96,34.16,32.96,32.96,1017,42,5.04,18,96,0.26,Rain,light rain,15
Szikszó-Vásártér,48.193056,20.934722,2026-07-16 15:48:55.822594,32.92,34.56,32.92,32.92,1017,44,5.54,31,98,0.0,Clouds,overcast clouds,15
Szikszó,48.201667,20.941667,2026-07-16 15:48:57.103272,28.88,28.86,28.88,28.88,1017,44,5.45,30,98,0.0,Clouds,overcast clouds,15
Aszaló,48.219867,20.961466,2026-07-16 15:48:58.333419,28.7,28.66,28.7,28.7,1017,44,5.63,33,99,0.0,Clouds,overcast clouds,15
Halmaj,48.246667,20.991667,2026-07-16 15:48:59.571207,28.65,28.7,28.65,28.65,1017,45,5.68,33,100,0.0,Clouds,overcast clouds,15
Csobád,48.277222,21.033889,2026-07-16 15:49:00.793952,28.51,28.55,28.51,28.51,1017,45,5.69,33,100,0.0,Clouds,overcast clouds,15
Ináncs,48.291111,21.057778,2026-07-16 15:49:02.027627,28.32,28.44,28.32,28.32,1017,46,5.43,31,100,0.0,Clouds,overcast clouds,15
Forró-Encs,48.3275,21.117778,2026-07-16 15:49:03.246542,28.17,28.37,28.17,28.17,1017,47,5.34,31,100,0.0,Clouds,overcast clouds,15
Méra,48.363056,21.140278,2026-07-16 15:49:04.490693,27.86,28.05,27.86,27.86,1017,47,5.26,31,100,0.0,Clouds,overcast clouds,15
Novajidrány,48.404444,21.170556,2026-07-16 15:49:05.719262,30.55,31.54,30.55,30.55,1017,48,5.03,30,100,0.0,Clouds,overcast clouds,15
Hernádszurdok,48.487222,21.213889,2026-07-16 15:49:06.961025,30.44,30.34,29.21,30.47,1017,41,4.49,27,98,0.0,Clouds,overcast clouds,15
Hidasnémeti,48.508333,21.229722,2026-07-16 15:49:08.203935,30.45,30.35,29.22,30.48,1017,41,4.46,26,96,0.0,Clouds,overcast clouds,15
Mád,48.19,21.268889,2026-07-16 15:49:09.437096,31.18,30.72,31.18,31.18,1017,37,3.95,19,99,0.0,Clouds,overcast clouds,15
Rátka,48.215,21.230278,2026-07-16 15:49:10.658700,31.34,30.92,31.34,31.34,1017,37,4.11,22,99,0.0,Clouds,overcast clouds,15
Tállya,48.226944,21.225278,2026-07-16 15:49:11.891235,31.29,30.86,31.29,31.29,1017,37,4.11,22,99,0.0,Clouds,overcast clouds,15
Golop,48.242778,21.204167,2026-07-16 15:49:13.149234,31.41,31.01,31.41,31.41,1017,37,4.5,26,99,0.0,Clouds,overcast clouds,15
Abaújszántó,48.286944,21.181667,2026-07-16 15:49:14.429289,31.32,32.55,31.32,31.32,1017,47,4.77,29,100,0.0,Clouds,overcast clouds,15
Abaújszántói fürdő,48.268333,21.179722,2026-07-16 15:49:15.640831,31.38,32.65,31.38,31.38,1017,47,4.65,28,100,0.0,Clouds,overcast clouds,15
Abaújkér,48.309444,21.198333,2026-07-16 15:49:16.898980,31.28,32.68,31.28,31.28,1017,48,4.88,29,100,0.0,Clouds,overcast clouds,15
Boldogkőváralja,48.345,21.208889,2026-07-16 15:49:18.138029,31.08,32.36,31.08,31.08,1017,48,4.53,28,100,0.0,Clouds,overcast clouds,15
Korlát-Vizsoly,48.365,21.219167,2026-07-16 15:49:19.378886,30.99,32.22,30.99,30.99,1017,48,4.55,28,100,0.0,Clouds,overcast clouds,15
Fony,48.411389,21.242778,2026-07-16 15:49:20.623994,30.35,31.41,30.35,30.35,1017,49,4.55,28,100,0.0,Clouds,overcast clouds,15
Hejce-Vilmány,48.419444,21.245556,2026-07-16 15:49:21.870960,30.32,31.36,30.32,30.32,1017,49,4.55,28,100,0.0,Clouds,overcast clouds,15
Göncruszka,48.445,21.246944,2026-07-16 15:49:23.129841,30.41,31.5,30.18,30.41,1017,49,4.53,27,99,0.0,Clouds,overcast clouds,15
Gönc,48.470556,21.261389,2026-07-16 15:49:24.387111,30.27,31.29,29.05,30.31,1017,49,4.29,25,96,0.0,Clouds,overcast clouds,15
Zsujta,48.4925,21.265,2026-07-16 15:49:25.617614,30.29,30.15,29.07,30.33,1017,41,4.26,25,94,0.0,Clouds,overcast clouds,15
Bodrogkeresztúr,48.175556,21.354167,2026-07-16 15:49:26.845246,31.45,31.06,31.45,31.45,1016,37,3.97,16,100,0.0,Clouds,overcast clouds,15
Szegi,48.201944,21.387778,2026-07-16 15:49:28.091056,31.49,31.11,31.49,31.49,1016,37,4.34,19,100,0.0,Clouds,overcast clouds,15
Erdőbénye,48.218056,21.401944,2026-07-16 15:49:29.332349,31.46,31.07,31.46,31.46,1017,37,4.56,21,100,0.0,Clouds,overcast clouds,15
Olaszliszka-Tolcsva,48.258333,21.448056,2026-07-16 15:49:30.594759,31.49,31.11,31.49,31.49,1017,37,4.72,23,99,0.0,Clouds,overcast clouds,15
Bodrogolaszi,48.286944,21.512778,2026-07-16 15:49:31.839812,31.43,32.93,31.43,31.43,1017,48,4.87,23,98,0.0,Clouds,overcast clouds,15
Sárospatak,48.325833,21.566111,2026-07-16 15:49:33.073431,31.38,33.05,31.38,31.38,1017,49,5.44,25,92,0.0,Clouds,overcast clouds,15
Sátoraljaújhely,48.385833,21.657778,2026-07-16 15:49:34.296871,26.21,26.21,26.21,26.21,1017,54,5.49,25,89,0.0,Clouds,overcast clouds,15
Vecsés,47.40855,19.25652,2026-07-16 15:49:35.540600,31.96,31.14,31.52,32.53,1017,33,2.81,266,65,0.0,Clouds,broken clouds,15
Vecsés-Kertekalja,47.403333,19.271389,2026-07-16 15:49:36.767696,32.01,31.2,31.56,32.56,1017,33,2.81,266,65,0.0,Clouds,broken clouds,15
Üllő,47.390833,19.348889,2026-07-16 15:49:38.003440,31.93,30.98,31.51,32.52,1017,32,3.16,274,67,0.0,Clouds,broken clouds,15
Monor,47.34545,19.43701,2026-07-16 15:49:39.236167,30.31,29.13,30.31,30.31,1017,31,3.73,288,71,0.0,Clouds,broken clouds,15
Pilis,47.279722,19.536389,2026-07-16 15:49:40.495587,33.08,32.25,33.08,33.08,1017,31,3.94,296,70,0.0,Clouds,broken clouds,15
Albertirsa,47.240278,19.606389,2026-07-16 15:49:41.728783,33.17,33.04,33.17,33.17,1017,35,4.21,304,67,0.0,Clouds,broken clouds,15
Ceglédbercel-Cserő,47.210278,19.686944,2026-07-16 15:49:42.973506,33.24,33.14,33.24,33.24,1017,35,4.32,309,68,0.0,Clouds,broken clouds,15
Cegléd,47.182778,19.806111,2026-07-16 15:49:44.228720,33.34,33.28,32.68,33.34,1016,35,4.16,320,77,0.0,Clouds,broken clouds,15
Abony,47.173056,20.016389,2026-07-16 15:49:45.452656,32.74,32.98,32.74,33.41,1016,38,3.36,349,96,0.0,Clouds,overcast clouds,15
Szolnok,47.179167,20.175833,2026-07-16 15:49:46.709669,32.76,33.01,32.76,33.43,1016,38,2.68,274,97,0.0,Clouds,overcast clouds,15
Szajol,47.170556,20.295278,2026-07-16 15:49:47.940476,32.77,33.03,32.77,32.77,1016,38,2.11,353,95,0.0,Clouds,overcast clouds,15
Törökszentmiklós,47.170278,20.413611,2026-07-16 15:49:49.183094,32.77,33.03,32.77,32.77,1016,38,2.5,335,96,0.0,Clouds,overcast clouds,15
Rákoscsaba-Újtelep,47.4875,19.271944,2026-07-16 15:49:50.439029,31.85,31.01,31.29,32.42,1017,33,2.33,264,56,0.0,Clouds,broken clouds,15
Rákoscsaba,47.492222,19.284722,2026-07-16 15:49:51.694255,31.65,30.65,31.41,32.41,1017,32,2.38,269,56,0.0,Clouds,broken clouds,15
Pécel,47.493889,19.338889,2026-07-16 15:49:52.944590,31.9,31.07,31.89,32.34,1017,33,2.44,274,57,0.0,Clouds,broken clouds,15
Isaszeg,47.537719,19.388955,2026-07-16 15:49:54.186179,31.78,30.92,31.2,31.78,1017,33,1.77,290,60,0.0,Clouds,broken clouds,15
Gödöllő,47.592222,19.358611,2026-07-16 15:49:55.432015,31.43,30.64,28.81,31.56,1017,34,1.17,324,67,0.0,Clouds,broken clouds,15
Máriabesnyő,47.595556,19.389722,2026-07-16 15:49:56.688624,31.7,30.96,31.12,31.7,1017,34,1.17,324,67,0.0,Clouds,broken clouds,15
Bag,47.641111,19.471667,2026-07-16 15:49:57.908756,29.82,29.08,29.82,29.82,1017,36,2.24,21,83,0.0,Clouds,broken clouds,15
Aszód,47.647467,19.492882,2026-07-16 15:49:59.154834,29.7,28.95,29.7,29.7,1017,36,2.45,21,85,0.0,Clouds,overcast clouds,15
Hévízgyörk,47.638611,19.526667,2026-07-16 15:50:00.433546,29.69,28.94,29.69,29.69,1017,36,2.63,20,87,0.0,Clouds,overcast clouds,15
Galgahévíz,47.6325,19.558333,2026-07-16 15:50:01.667382,29.99,29.25,29.99,29.99,1017,36,2.58,3,87,0.0,Clouds,overcast clouds,15
Tura,47.626389,19.5975,2026-07-16 15:50:02.903524,29.94,29.2,29.94,29.94,1017,36,2.71,1,88,0.0,Clouds,overcast clouds,15
Hatvan,47.663611,19.671389,2026-07-16 15:50:04.163097,29.8,29.35,29.8,29.8,1017,39,3.51,19,95,0.0,Clouds,overcast clouds,15
Vámosgyörk,47.686111,19.927778,2026-07-16 15:50:05.411531,30.11,29.82,30.11,30.11,1017,40,4.02,349,84,0.0,Clouds,broken clouds,15
Adács,47.696389,19.975278,2026-07-16 15:50:06.636051,30.18,30.02,30.18,30.18,1017,41,4.44,348,82,0.0,Clouds,broken clouds,15
Karácsond,47.718056,20.048611,2026-07-16 15:50:07.901089,30.05,29.99,30.05,30.05,1017,42,4.68,347,83,0.0,Clouds,broken clouds,15
Ludas,47.723889,20.095556,2026-07-16 15:50:09.141146,30.51,30.3,30.51,30.51,1017,40,4.9,340,79,0.0,Clouds,broken clouds,15
Nagyút,47.72666666666667,20.161388888888887,2026-07-16 15:50:10.366888,30.56,30.36,30.56,30.56,1017,40,4.93,338,78,0.0,Clouds,broken clouds,15
Kál-Kápolna,47.734167,20.254167,2026-07-16 15:50:11.613179,30.8,30.27,30.8,30.8,1017,37,4.71,341,81,0.0,Clouds,broken clouds,15
Füzesabony,47.751389,20.415278,2026-07-16 15:50:12.869750,30.76,30.1,30.76,30.76,1017,36,4.09,356,93,0.0,Clouds,overcast clouds,15
Szihalom,47.766944,20.491944,2026-07-16 15:50:14.091289,32.95,32.91,32.95,32.95,1017,36,3.68,1,96,0.0,Clouds,overcast clouds,15
Mezőkövesd,47.797222,20.5675,2026-07-16 15:50:15.338616,32.96,32.93,32.96,32.96,1017,36,3.15,1,98,0.0,Clouds,overcast clouds,15
Mezőkövesd felső,47.807222,20.591389,2026-07-16 15:50:16.577720,32.94,32.9,32.94,32.94,1017,36,3.15,1,98,0.0,Clouds,overcast clouds,15
Mezőkeresztes-Mezőnyárád,47.845556,20.670278,2026-07-16 15:50:17.817247,32.94,32.9,32.94,32.94,1017,36,3.0,350,92,0.0,Clouds,overcast clouds,15
Csincse,47.890833,20.764167,2026-07-16 15:50:19.048837,32.96,32.93,32.96,32.96,1017,36,0.45,346,89,0.0,Clouds,overcast clouds,15
Emőd,47.930556,20.822778,2026-07-16 15:50:20.290898,32.98,32.95,32.98,32.98,1017,36,0.45,346,86,0.0,Clouds,overcast clouds,15
Nyékládháza,47.9925,20.840556,2026-07-16 15:50:21.550224,33.01,33.0,33.01,33.01,1016,36,0.45,346,87,0.0,Clouds,overcast clouds,15
Miskolc-Tiszai,48.098611,20.811389,2026-07-16 15:50:22.787600,32.93,32.88,32.93,32.93,1017,36,4.77,15,86,0.13,Rain,light rain,15
Felsőzsolca,48.083611,20.866111,2026-07-16 15:50:24.043460,32.96,32.93,32.96,32.96,1017,36,4.94,14,91,1.33,Rain,moderate rain,15
Hernádnémeti-Bőcs,48.051389,20.985,2026-07-16 15:50:25.300034,32.96,33.72,32.96,32.96,1016,40,4.46,6,98,0.0,Clouds,overcast clouds,15
Tiszalúc,48.039722,21.0575,2026-07-16 15:50:26.552588,33.0,33.78,31.48,33.0,1016,40,3.75,360,100,0.0,Clouds,overcast clouds,15
Taktaharkány,48.091667,21.128611,2026-07-16 15:50:27.774267,31.53,31.16,31.53,31.53,1016,37,3.88,7,100,0.0,Clouds,overcast clouds,15
Taktaszada,48.1125,21.149444,2026-07-16 15:50:29.040301,31.54,31.17,31.54,31.54,1016,37,3.89,11,100,0.0,Clouds,overcast clouds,15
Szerencs,48.155556,21.214444,2026-07-16 15:50:30.265792,31.53,31.16,31.53,31.53,1016,37,3.87,17,99,0.0,Clouds,overcast clouds,15
Mezőzombor,48.156944,21.267778,2026-07-16 15:50:31.532619,31.53,31.16,31.53,31.53,1016,37,3.85,16,100,0.0,Clouds,overcast clouds,15
Tarcal,48.125,21.34,2026-07-16 15:50:32.752737,31.55,31.19,31.55,31.55,1016,37,3.84,10,100,0.0,Clouds,overcast clouds,15
Tokaj,48.112778,21.406667,2026-07-16 15:50:33.994234,31.51,31.14,31.51,31.51,1016,37,4.54,12,100,0.0,Clouds,overcast clouds,15
Rakamaz,48.12,21.475,2026-07-16 15:50:35.212161,31.51,31.14,31.51,31.51,1016,37,4.85,13,100,0.0,Clouds,overcast clouds,15
Görögszállás,48.04,21.555,2026-07-16 15:50:36.444827,31.47,31.08,31.47,31.47,1016,37,5.24,9,100,0.0,Clouds,overcast clouds,15
Nyírtelek,48.005,21.615556,2026-07-16 15:50:37.697480,31.51,31.59,31.51,31.51,1016,40,5.95,12,100,0.0,Clouds,overcast clouds,15
Rákoshegy,47.468611,19.245556,2026-07-16 15:50:38.915606,31.81,30.96,31.24,32.37,1017,33,2.55,264,58,0.0,Clouds,broken clouds,15
Ecser,47.439444,19.318056,2026-07-16 15:50:40.157184,31.47,30.45,31.41,32.41,1017,32,2.81,268,60,0.0,Clouds,broken clouds,15
Maglód,47.438889,19.340833,2026-07-16 15:50:41.430609,31.38,30.34,31.35,32.36,1017,32,2.91,272,60,0.0,Clouds,broken clouds,15
Maglódi nyaraló,47.434167,19.363611,2026-07-16 15:50:42.674220,31.28,30.23,31.25,32.26,1017,32,3.03,276,61,0.0,Clouds,broken clouds,15
Gyömrő,47.429722,19.393333,2026-07-16 15:50:43.911700,31.24,30.19,31.22,32.22,1017,32,3.03,276,61,0.0,Clouds,broken clouds,15
Mende,47.426944,19.439722,2026-07-16 15:50:45.151357,31.18,30.12,31.18,31.18,1017,32,3.53,287,66,0.0,Clouds,broken clouds,15
Szőlősnyaraló,47.450278,19.561111,2026-07-16 15:50:46.394526,33.07,32.39,33.07,33.07,1017,32,3.81,296,70,0.0,Clouds,broken clouds,15
Sülysáp,47.451944,19.5275,2026-07-16 15:50:47.657423,33.05,32.36,33.05,33.05,1017,32,3.6,293,67,0.0,Clouds,broken clouds,15
Tápiószecső,47.443056,19.614722,2026-07-16 15:50:48.899301,33.15,32.49,33.15,33.15,1017,32,3.89,298,71,0.13,Rain,light rain,15
Szentmártonkáta,47.431944,19.680556,2026-07-16 15:50:50.155876,33.18,33.24,33.18,33.18,1017,36,3.94,299,74,5.62,Rain,heavy intensity rain,15
Nagykáta,47.409722,19.737778,2026-07-16 15:50:51.398498,33.25,33.34,33.25,33.25,1016,36,3.94,301,74,0.24,Rain,light rain,15
Farmos,47.355278,19.8375,2026-07-16 15:50:52.639933,33.36,33.51,33.36,33.36,1016,36,0.45,356,80,0.0,Clouds,broken clouds,15
Tápiószele,47.346313,19.873504,2026-07-16 15:50:53.885226,33.34,33.48,33.34,33.34,1016,36,0.45,356,84,0.0,Clouds,broken clouds,15
Tápiógyörgye,47.325,19.95,2026-07-16 15:50:55.119811,33.4,33.56,32.73,33.4,1016,36,0.45,356,92,0.0,Clouds,overcast clouds,15
Újszász,47.285833,20.066944,2026-07-16 15:50:56.331022,33.44,33.62,32.77,33.44,1016,36,2.56,355,100,0.0,Clouds,overcast clouds,15
Szurdokpüspöki,47.851944,19.690278,2026-07-16 15:50:57.564752,29.23,29.59,29.23,29.23,1017,47,3.72,45,100,0.0,Clouds,overcast clouds,15
Lőrinci,47.739444,19.673611,2026-07-16 15:50:58.831104,29.52,29.36,29.52,29.52,1017,42,4.15,32,100,0.0,Clouds,overcast clouds,15
Selyp,47.759167,19.670833,2026-07-16 15:51:00.062664,29.42,29.36,29.42,29.42,1017,43,4.33,36,100,0.0,Clouds,overcast clouds,15
Apc-Zagyvaszántó,47.791328,19.66822,2026-07-16 15:51:01.306581,29.37,29.41,29.37,29.37,1017,44,4.38,39,100,0.0,Clouds,overcast clouds,15
Pásztó,47.918889,19.688889,2026-07-16 15:51:02.563154,29.14,29.72,29.14,29.14,1017,49,2.76,48,100,0.0,Clouds,overcast clouds,15
Mátraszőlős-Hasznos,47.938506,19.706122,2026-07-16 15:51:03.834039,29.19,29.91,29.19,29.19,1018,50,2.07,45,100,0.0,Clouds,overcast clouds,15
Tar,47.956111,19.746389,2026-07-16 15:51:05.046692,28.78,29.61,28.78,28.78,1018,52,1.12,34,100,0.0,Clouds,overcast clouds,15
Mátraverebély,47.968333,19.778611,2026-07-16 15:51:06.304234,28.78,29.61,28.78,28.78,1018,52,1.12,34,100,0.0,Clouds,overcast clouds,15
Nagybátony,47.981111,19.82,2026-07-16 15:51:07.571993,29.03,30.08,29.03,29.03,1018,53,0.37,358,100,0.0,Clouds,overcast clouds,15
Kisterenye,48.009444,19.831944,2026-07-16 15:51:08.812895,29.22,30.49,29.22,29.22,1018,54,0.63,252,100,0.0,Clouds,overcast clouds,15
Kisterenye-Bányatelep,48.021389,19.831944,2026-07-16 15:51:10.078092,29.22,30.49,29.22,29.22,1018,54,0.63,252,100,0.0,Clouds,overcast clouds,15
Salgótarján külső,48.089444,19.790833,2026-07-16 15:51:11.319134,28.87,29.86,28.87,28.87,1018,53,1.68,239,95,0.0,Clouds,overcast clouds,15
Balatonfenyves GV,46.7125,17.479167,2026-07-16 15:51:12.587500,30.56,30.92,30.56,30.56,1018,44,1.94,297,10,0.0,Clear,clear sky,15
Várhegyalja,47.737778,18.366667,2026-07-16 15:51:13.844997,30.9,30.03,30.9,30.9,1017,34,1.25,228,28,0.0,Clouds,scattered clouds,15
Imremajor,46.680556,17.499722,2026-07-16 15:51:15.088637,30.64,31.03,30.64,30.64,1018,44,2.04,299,9,0.0,Clear,clear sky,15
Rákospalota-Kertváros,47.578333,19.122778,2026-07-16 15:51:16.352131,32.08,31.15,31.49,32.62,1017,32,0.45,356,63,0.0,Clouds,broken clouds,15
Vicziántelep,47.675833,19.286111,2026-07-16 15:51:17.618141,31.66,30.91,31.08,31.66,1017,34,1.1,9,77,0.0,Clouds,broken clouds,15
Pálmajor,46.662831,17.457526,2026-07-16 15:51:18.860281,30.73,31.0,30.73,30.73,1018,43,2.07,302,9,0.0,Clear,clear sky,15
Somogyszentpál felső,46.649758,17.471404,2026-07-16 15:51:20.088300,30.68,30.93,30.68,30.68,1018,43,2.13,301,8,0.0,Clear,clear sky,15
Somogyszentpál,46.638611,17.478611,2026-07-16 15:51:21.334219,30.69,30.94,30.69,30.69,1018,43,2.22,302,8,0.0,Clear,clear sky,15
Rudnaykert,47.7175,19.257778,2026-07-16 15:51:22.560496,32.01,31.48,31.42,32.01,1017,35,1.47,12,83,0.0,Clouds,broken clouds,15
Maroshegy,47.158333,18.406667,2026-07-16 15:51:23.822027,30.83,30.18,30.83,30.83,1017,36,0.97,28,64,0.0,Clouds,broken clouds,15
Bánhida,47.573703,18.371737,2026-07-16 15:51:25.080133,30.42,29.61,30.42,30.42,1017,35,2.07,238,68,0.0,Clouds,broken clouds,15
Magyarkút,47.850278,19.045,2026-07-16 15:51:26.321171,29.5,28.59,29.5,29.5,1017,34,2.99,310,55,0.0,Clouds,broken clouds,15
Becske alsó,47.897222,19.364722,2026-07-16 15:51:27.579377,28.93,28.37,28.93,28.93,1017,38,3.09,22,100,0.0,Clouds,overcast clouds,15
Hosszúberek-Péteri,47.370556,19.389722,2026-07-16 15:51:28.799364,31.49,30.36,31.49,32.5,1017,31,3.35,278,70,0.0,Clouds,broken clouds,15
Monorierdő,47.308889,19.499167,2026-07-16 15:51:30.043879,33.06,32.22,33.06,33.06,1017,31,3.83,292,71,0.0,Clouds,broken clouds,15
Ceglédbercel,47.215833,19.658611,2026-07-16 15:51:31.305262,33.23,33.31,33.23,33.23,1017,36,4.34,306,67,0.0,Clouds,broken clouds,15
Budai út,47.208333,19.731389,2026-07-16 15:51:32.579051,33.27,33.37,33.27,33.27,1016,36,4.27,312,70,0.0,Clouds,broken clouds,15
Büdöskútpuszta,48.373056,20.726111,2026-07-16 15:51:33.845045,29.48,29.54,29.48,29.48,1017,44,5.32,50,99,0.0,Clouds,overcast clouds,15
Bánrévei Vízmű,48.282778,20.368333,2026-07-16 15:51:35.330541,35.25,34.62,30.98,35.25,1017,28,1.09,344,64,0.0,Clouds,broken clouds,15
Rákoskert,47.456389,19.296111,2026-07-16 15:51:36.860783,31.29,30.14,31.28,32.28,1017,31,2.63,268,58,0.0,Clouds,broken clouds,15
Szirmabesenyő,48.146944,20.783056,2026-07-16 15:51:38.274494,32.86,34.22,32.86,32.86,1017,43,4.88,28,87,0.0,Clouds,overcast clouds,15
Kitérőgyár,47.766944,19.935278,2026-07-16 15:51:39.500915,29.43,29.72,29.43,29.43,1017,46,4.28,1,94,0.0,Clouds,overcast clouds,15
Tápiószentmárton,47.373333,19.797778,2026-07-16 15:51:40.732719,33.3,33.42,33.3,33.3,1016,36,0.45,356,78,0.0,Clouds,broken clouds,15
Zagyvarékas,47.244229,20.097435,2026-07-16 15:51:41.996758,32.78,33.04,32.78,33.45,1016,38,2.66,360,100,0.0,Clouds,overcast clouds,15
Abonyi út,47.206401,20.125204,2026-07-16 15:51:43.229791,32.78,33.04,32.78,33.45,1016,38,2.77,359,99,0.0,Clouds,overcast clouds,15
Jászkisér felső,47.438056,20.202222,2026-07-16 15:51:44.494168,32.78,32.33,32.78,32.78,1016,34,1.56,328,98,0.0,Clouds,overcast clouds,15
Szellőhát,47.425556,20.188889,2026-07-16 15:51:45.713134,33.44,33.43,33.44,33.44,1016,35,1.47,333,99,0.0,Clouds,overcast clouds,15
Szilvásvárad-Szalajkavölgy,48.0956,20.38272,2026-07-16 15:51:46.942531,29.55,29.08,29.55,33.81,1018,39,1.41,281,56,0.0,Clouds,broken clouds,15
Vásárosnamény külső,48.084444,22.255556,2026-07-16 15:51:48.206522,27.98,27.72,27.98,27.98,1016,41,5.2,25,100,0.0,Clouds,overcast clouds,15
Újváros,46.660556,20.536111,2026-07-16 15:51:49.435222,31.09,30.48,30.55,31.09,1016,36,2.31,344,100,0.0,Clouds,overcast clouds,15
Városi park,46.697778,19.864722,2026-07-16 15:51:50.670752,31.66,30.44,31.66,33.32,1017,30,2.78,315,94,0.0,Clouds,overcast clouds,15
Belsőkamaráspuszta,46.341944,20.848889,2026-07-16 15:51:51.905237,31.14,29.98,31.14,31.14,1016,31,4.29,359,98,0.0,Clouds,overcast clouds,15
Sajószöged,47.945278,20.981667,2026-07-16 15:51:53.131096,33.05,33.05,33.05,33.05,1016,36,3.4,349,98,0.0,Clouds,overcast clouds,15
Kazincbarcika alsó,48.255278,20.649167,2026-07-16 15:51:54.396296,35.36,38.55,31.09,35.36,1017,42,4.46,49,82,0.0,Clouds,broken clouds,15
Nyárjas,46.857778,19.923611,2026-07-16 15:51:55.664995,33.28,32.5,31.62,33.28,1016,31,3.39,305,88,0.0,Clouds,overcast clouds,15
Pogonyipuszta,48.296389,20.381667,2026-07-16 15:51:56.901699,35.21,34.56,30.95,35.21,1017,28,1.09,344,64,0.0,Clouds,broken clouds,15
Sióvölgy,46.911103,18.076964,2026-07-16 15:51:58.141832,31.08,37.81,29.97,31.08,1017,70,3.09,254,21,0.0,Clouds,few clouds,15
Répáspuszta,46.430278,17.847222,2026-07-16 15:51:59.378140,30.91,30.52,30.91,30.91,1017,38,3.13,288,38,0.0,Clouds,scattered clouds,15
Virányos,48.066667,21.527222,2026-07-16 15:52:00.607914,31.5,31.12,31.5,31.5,1016,37,5.39,11,100,0.0,Clouds,overcast clouds,15
Füzesbokor,47.988611,21.6475,2026-07-16 15:52:01.833542,31.5,31.58,31.5,31.5,1016,40,5.86,12,100,0.0,Clouds,overcast clouds,15
Kunfehértó,46.355833,19.417222,2026-07-16 15:52:03.106492,30.91,29.73,30.91,30.91,1017,31,4.05,15,100,0.0,Clouds,overcast clouds,15
Erdőszél,46.329444,19.395,2026-07-16 15:52:04.345266,30.92,29.74,30.92,30.92,1017,31,4.04,21,98,0.0,Clouds,overcast clouds,15
Jánoshalma,46.293056,19.330278,2026-07-16 15:52:05.580033,31.15,29.89,31.15,31.15,1017,30,4.06,24,98,0.0,Clouds,overcast clouds,15
Mélykút,46.213056,19.370556,2026-07-16 15:52:06.815126,31.22,29.96,31.22,31.22,1017,30,3.98,25,100,0.0,Clouds,overcast clouds,15
Bácsalmás,46.118056,19.346389,2026-07-16 15:52:08.077802,31.31,29.96,31.31,31.31,1017,29,3.46,27,100,0.0,Clouds,overcast clouds,15
Almás,46.116216,19.328803,2026-07-16 15:52:09.339836,31.31,29.96,31.31,31.31,1017,29,3.46,27,100,0.0,Clouds,overcast clouds,15
Bácsbokod-Bácsborsód,46.115833,19.16,2026-07-16 15:52:10.579878,31.45,30.11,31.45,31.45,1017,29,3.13,27,90,0.0,Clouds,overcast clouds,15
Baja,46.187014,18.957602,2026-07-16 15:52:11.820720,31.84,30.53,31.84,31.84,1017,29,3.32,27,77,0.0,Clouds,broken clouds,15
Harkakötöny,46.458333,19.601944,2026-07-16 15:52:13.061200,31.51,30.49,31.51,31.51,1017,32,3.62,346,100,0.0,Clouds,overcast clouds,15
Tajó,46.473056,19.650556,2026-07-16 15:52:14.290696,31.55,30.54,31.55,31.55,1017,32,3.6,343,100,0.0,Clouds,overcast clouds,15
Kiskunmajsa,46.501667,19.728056,2026-07-16 15:52:15.553944,31.61,30.6,31.59,33.27,1017,32,3.42,337,100,0.0,Clouds,overcast clouds,15
Jászszentlászló,46.565833,19.753611,2026-07-16 15:52:16.788463,31.63,30.4,31.63,33.29,1017,30,3.02,328,97,0.0,Clouds,overcast clouds,15
Galambos,46.625,19.801111,2026-07-16 15:52:18.036158,31.66,30.44,31.66,33.32,1017,30,2.84,323,95,0.0,Clouds,overcast clouds,15
Pestszentimre,47.402222,19.188611,2026-07-16 15:52:19.273593,32.1,31.31,31.45,32.58,1017,33,2.37,258,75,0.0,Clouds,broken clouds,15
Gyál felső,47.390278,19.204722,2026-07-16 15:52:20.532214,32.15,31.51,31.58,32.58,1017,34,2.54,261,72,0.0,Clouds,broken clouds,15
Gyál,47.376667,19.219444,2026-07-16 15:52:21.751553,32.2,31.58,31.61,32.61,1017,34,2.54,261,72,0.0,Clouds,broken clouds,15
Ócsa,47.301389,19.232222,2026-07-16 15:52:23.006066,32.62,31.67,31.62,32.62,1017,31,2.47,272,83,0.0,Clouds,broken clouds,15
Inárcs-Kakucs,47.247222,19.317778,2026-07-16 15:52:24.261452,30.33,29.15,30.33,30.33,1017,31,3.01,283,83,0.0,Clouds,broken clouds,15
Dabas,47.194722,19.328889,2026-07-16 15:52:25.505539,30.36,29.17,30.36,30.36,1017,31,3.2,290,80,0.0,Clouds,broken clouds,15
Gyón,47.178333,19.355556,2026-07-16 15:52:26.740276,30.39,29.2,30.39,30.39,1017,31,3.2,292,78,0.0,Clouds,broken clouds,15
Hernád,47.161389,19.4025,2026-07-16 15:52:27.963822,30.37,29.18,30.37,30.37,1017,31,3.91,295,69,0.0,Clouds,broken clouds,15
Bakonygyirót,47.416389,17.811944,2026-07-16 15:52:29.224628,31.14,30.95,31.14,31.14,1018,39,3.25,279,20,0.0,Clouds,few clouds,15
Vinye,47.360317,17.819635,2026-07-16 15:52:30.479705,30.58,30.25,30.58,30.58,1018,39,3.17,290,27,0.0,Clouds,scattered clouds,15
Nemesgörzsöny,47.402924,17.376385,2026-07-16 15:52:31.721200,31.66,32.51,31.66,31.66,1018,44,2.14,238,19,0.0,Clouds,few clouds,15
Rábahíd,47.438618,17.337525,2026-07-16 15:52:32.965297,31.72,32.6,31.72,31.72,1018,44,2.13,226,18,0.0,Clouds,few clouds,15
Öskü,47.162222,18.076389,2026-07-16 15:52:34.196833,30.75,30.59,30.75,30.75,1017,40,1.17,280,52,0.0,Clouds,broken clouds,15
Márkó,47.1275,17.813889,2026-07-16 15:52:35.416850,30.94,30.7,28.75,30.94,1018,39,2.71,268,12,0.0,Clouds,few clouds,15
Nemeskocs,47.203333,17.188889,2026-07-16 15:52:36.673930,31.35,32.22,31.35,31.35,1018,45,1.08,308,12,0.0,Clouds,few clouds,15
Zalagyömörő,47.011111,17.220833,2026-07-16 15:52:37.898719,27.1,27.04,27.1,27.1,1018,42,1.7,318,16,0.0,Clouds,few clouds,15
Rigács,47.061667,17.199167,2026-07-16 15:52:39.159761,30.77,30.9,30.77,30.77,1018,42,1.7,320,15,0.0,Clouds,few clouds,15
Kemenespálfa,47.139722,17.183056,2026-07-16 15:52:40.417009,31.1,31.68,31.1,31.1,1018,44,1.52,322,12,0.0,Clouds,few clouds,15
Lentiszombathely,46.611389,16.5725,2026-07-16 15:52:41.651737,31.24,33.02,31.24,32.17,1018,50,1.29,268,6,0.0,Clear,clear sky,15
Ortaháza,46.626667,16.685833,2026-07-16 15:52:42.880862,31.71,33.61,31.71,31.71,1018,49,1.45,273,5,0.0,Clear,clear sky,15
Rádiháza,46.654722,16.765833,2026-07-16 15:52:44.106557,26.88,27.19,26.88,26.88,1018,48,1.6,270,5,0.0,Clear,clear sky,15
Baktüttös,46.690833,16.826389,2026-07-16 15:52:45.363044,26.83,26.1,26.83,26.83,1018,24,1.91,270,6,0.0,Clear,clear sky,15
Budafa,46.851667,16.624722,2026-07-16 15:52:46.597714,26.86,27.17,26.86,26.86,1018,48,1.76,262,9,0.0,Clear,clear sky,15
Zalapatakalja,46.845556,16.603889,2026-07-16 15:52:47.841188,26.83,27.2,26.83,26.83,1018,49,1.6,256,10,0.0,Clear,clear sky,15
Tormásliget,47.430556,16.781667,2026-07-16 15:52:49.080978,29.74,31.13,29.74,29.74,1017,53,2.52,177,14,0.0,Clouds,few clouds,15
Belecska,46.64,18.411389,2026-07-16 15:52:50.354739,31.13,30.66,31.13,31.13,1017,37,1.95,25,90,0.0,Clouds,overcast clouds,15
Almár,47.956111,20.356944,2026-07-16 15:52:51.575951,30.76,30.47,30.76,32.48,1018,39,2.16,308,61,0.0,Clouds,broken clouds,15
Vasútmúzeum,47.543889,19.099444,2026-07-16 15:52:52.803084,32.03,31.09,31.49,32.62,1017,32,0.89,347,63,0.0,Clouds,broken clouds,15
Abda,47.690833,17.540556,2026-07-16 15:52:54.055391,31.89,32.3,31.89,31.89,1017,41,1.7,213,14,0.0,Clouds,few clouds,15
Vadaspark,47.526111,18.949167,2026-07-16 15:52:55.321859,29.79,28.56,29.69,30.82,1017,30,0.89,347,64,0.0,Clouds,broken clouds,15
Barosstelep,47.398889,18.989167,2026-07-16 15:52:56.560389,32.42,31.86,31.55,32.68,1017,34,1.79,316,78,0.0,Clouds,broken clouds,15
Fegyvernek-Örményes,47.194444,20.5575,2026-07-16 15:52:57.789275,30.37,29.66,30.37,30.37,1016,36,3.31,319,99,0.0,Clouds,overcast clouds,15
Zagyvapálfalva,48.068889,19.785,2026-07-16 15:52:59.022850,29.01,30.05,29.01,29.01,1018,53,1.29,240,98,0.0,Clouds,overcast clouds,15
Salgótarján,48.105556,19.807222,2026-07-16 15:53:00.247499,28.5,29.36,28.5,28.5,1018,53,2.03,240,92,0.0,Clouds,overcast clouds,15
Szabadisóstó,46.933889,18.118056,2026-07-16 15:53:01.473699,31.06,37.76,29.95,31.06,1017,70,3.02,251,27,0.0,Clouds,scattered clouds,15
Siófok,46.907778,18.053889,2026-07-16 15:53:02.700090,31.06,37.76,29.95,31.06,1017,70,3.09,254,21,0.0,Clouds,few clouds,15
Balatonszéplak felső,46.898056,18.018056,2026-07-16 15:53:03.941103,31.06,37.76,29.95,31.06,1017,70,3.03,262,21,0.0,Clouds,few clouds,15
Balatonszéplak alsó,46.891944,17.993333,2026-07-16 15:53:05.204789,31.06,37.76,29.95,31.06,1017,70,1.79,270,17,0.0,Clouds,few clouds,15
Zamárdi felső,46.886111,17.969444,2026-07-16 15:53:06.436294,30.48,31.78,29.96,32.15,1017,50,1.79,270,14,0.0,Clouds,few clouds,15
Zamárdi,46.88,17.944722,2026-07-16 15:53:07.677857,30.33,31.22,29.9,32.08,1017,48,1.79,270,14,0.0,Clouds,few clouds,15
Szántód,46.861944,17.899167,2026-07-16 15:53:08.942911,30.28,30.83,29.97,32.16,1018,46,1.79,270,15,0.0,Clouds,few clouds,15
Szőny-Déli,47.735278,18.141944,2026-07-16 15:53:10.178497,31.73,31.13,31.73,31.73,1017,35,2.24,266,20,0.0,Clouds,few clouds,15
Várpalota,47.194444,18.149167,2026-07-16 15:53:11.423412,30.24,29.85,30.24,30.24,1017,39,1.07,348,81,0.0,Clouds,broken clouds,15
Pétfürdő,47.1675,18.121389,2026-07-16 15:53:12.670319,30.88,30.62,30.88,30.88,1017,39,0.93,320,69,0.0,Clouds,broken clouds,15
Hajmáskér,47.141111,18.009444,2026-07-16 15:53:13.912417,30.45,30.35,29.55,31.73,1017,41,1.32,277,48,0.0,Clouds,scattered clouds,15
Veszprém,47.118889,17.91,2026-07-16 15:53:15.165702,31.05,30.83,29.34,31.53,1018,39,2.24,262,22,0.0,Clouds,few clouds,15
Herend,47.136944,17.760278,2026-07-16 15:53:16.380288,30.71,30.41,28.53,30.71,1018,39,2.82,270,10,0.0,Clear,clear sky,15
Városlőd,47.144167,17.652778,2026-07-16 15:53:17.612990,30.88,30.62,30.88,30.88,1018,39,3.1,280,10,0.0,Clear,clear sky,15
Városlőd-Kislőd,47.133889,17.631111,2026-07-16 15:53:18.849060,30.99,30.76,30.99,30.99,1018,39,2.97,278,10,0.0,Clear,clear sky,15
Ajka,47.105902,17.572938,2026-07-16 15:53:20.105046,31.29,31.14,31.29,31.29,1018,39,2.68,284,13,0.0,Clouds,few clouds,15
Ajka-Gyártelep,47.096806,17.555219,2026-07-16 15:53:21.370122,31.34,31.21,31.34,31.34,1018,39,2.68,284,13,0.0,Clouds,few clouds,15
Devecser,47.1125,17.435278,2026-07-16 15:53:22.580121,31.75,31.76,31.75,31.75,1018,39,2.38,292,15,0.0,Clouds,few clouds,15
Somlóvásárhely,47.124444,17.369167,2026-07-16 15:53:23.836052,31.86,32.62,31.86,31.86,1018,43,2.08,300,15,0.0,Clouds,few clouds,15
Tüskevár,47.128611,17.331389,2026-07-16 15:53:25.071856,31.89,32.67,31.89,31.89,1018,43,1.95,303,14,0.0,Clouds,few clouds,15
Karakószörcsök,47.133611,17.287778,2026-07-16 15:53:26.313117,31.06,31.45,31.06,31.06,1018,43,1.83,307,13,0.0,Clouds,few clouds,15
Kerta,47.151944,17.237222,2026-07-16 15:53:27.579067,31.22,31.85,31.22,31.22,1018,44,1.48,315,12,0.0,Clouds,few clouds,15
Boba,47.183333,17.191389,2026-07-16 15:53:28.789829,31.26,32.09,31.26,31.26,1018,45,1.24,314,12,0.0,Clouds,few clouds,15
Börgönd,47.140278,18.515,2026-07-16 15:53:30.047383,30.74,29.96,30.74,30.74,1017,35,1.45,49,51,0.0,Clouds,broken clouds,15
Belsőbáránd,47.102778,18.499722,2026-07-16 15:53:31.286048,30.79,30.02,30.79,30.79,1017,35,1.41,51,46,0.0,Clouds,scattered clouds,15
Zichyújfalu,47.124444,18.6725,2026-07-16 15:53:32.508165,30.62,29.62,30.62,30.62,1017,33,1.37,48,48,0.0,Clouds,scattered clouds,15
Seregélyes,47.121111,18.580556,2026-07-16 15:53:33.764817,30.85,29.97,30.85,30.85,1017,34,1.51,50,49,0.0,Clouds,scattered clouds,15
Polgárdi-Ipartelepek,47.079167,18.314444,2026-07-16 15:53:35.001632,30.69,30.14,30.69,30.69,1017,37,0.82,283,47,0.0,Clouds,scattered clouds,15
Polgárdi,47.07,18.284167,2026-07-16 15:53:36.261506,30.69,30.14,30.69,30.69,1017,37,0.82,283,47,0.0,Clouds,scattered clouds,15
Füle,47.05,18.255278,2026-07-16 15:53:37.520598,30.66,30.1,30.66,30.66,1017,37,1.36,265,42,0.0,Clouds,scattered clouds,15
Zánka-Erzsébettábor,46.8775,17.709167,2026-07-16 15:53:38.736866,30.47,29.28,29.9,32.09,1018,31,2.39,279,15,0.0,Clouds,few clouds,15
Csajág,47.033889,18.186389,2026-07-16 15:53:40.001601,30.9,37.33,29.79,30.9,1017,70,2.47,249,33,0.0,Clouds,scattered clouds,15
Balatonakarattya,47.017222,18.167778,2026-07-16 15:53:41.235470,30.75,36.94,29.64,30.75,1017,70,2.47,249,33,0.0,Clouds,scattered clouds,15
Csittényhegy,47.025278,18.1375,2026-07-16 15:53:42.473854,30.97,37.52,29.86,30.97,1017,70,2.67,245,29,0.0,Clouds,scattered clouds,15
Balatonkenese,47.0325,18.105556,2026-07-16 15:53:43.737599,31.05,37.73,29.94,31.05,1017,70,2.84,242,25,0.0,Clouds,scattered clouds,15
Balatonfűzfő,47.060278,18.0425,2026-07-16 15:53:45.000029,30.71,32.92,29.97,32.15,1017,54,2.79,237,18,0.0,Clouds,few clouds,15
Balatonalmádi,47.028333,18.015,2026-07-16 15:53:46.262130,30.61,32.55,29.94,32.13,1017,53,3.06,236,13,0.0,Clouds,few clouds,15
Káptalanfüred,47.008889,18.003889,2026-07-16 15:53:47.501136,30.6,32.34,29.97,32.15,1017,52,3.23,237,9,0.0,Clear,clear sky,15
Alsóörs,46.985278,17.974722,2026-07-16 15:53:48.737191,30.51,31.83,29.98,32.17,1017,50,1.79,270,9,0.0,Clear,clear sky,15
Csopak,46.974722,17.931111,2026-07-16 15:53:49.970576,30.16,30.67,29.85,32.04,1018,46,1.79,270,6,0.0,Clear,clear sky,15
Balatonarács,46.9625,17.8975,2026-07-16 15:53:51.229756,29.9,29.81,29.75,31.94,1018,42,1.79,270,6,0.0,Clear,clear sky,15
Balatonfüred,46.955833,17.883056,2026-07-16 15:53:52.486016,29.91,29.59,29.82,32.01,1018,40,1.79,270,8,0.0,Clear,clear sky,15
Aszófő,46.925556,17.8325,2026-07-16 15:53:53.694132,29.92,28.91,29.92,32.1,1018,33,1.79,270,11,0.0,Clouds,few clouds,15
Örvényes,46.9125,17.818056,2026-07-16 15:53:54.938327,29.94,28.77,29.94,32.12,1018,31,1.79,270,11,0.0,Clouds,few clouds,15
Balatonudvari,46.904722,17.808056,2026-07-16 15:53:56.197744,29.98,28.81,29.97,32.16,1018,31,1.79,270,12,0.0,Clouds,few clouds,15
Fövenyes,46.893611,17.789444,2026-07-16 15:53:57.455876,30.02,28.85,29.99,32.17,1018,31,1.79,270,13,0.0,Clouds,few clouds,15
Balatonakali-Dörgicse,46.88,17.747778,2026-07-16 15:53:58.663024,30.22,29.04,29.98,32.17,1018,31,2.6,270,14,0.0,Clouds,few clouds,15
Zánka-Köveskál,46.872778,17.687778,2026-07-16 15:53:59.921689,30.69,29.51,29.97,32.16,1018,31,2.28,280,14,0.0,Clouds,few clouds,15
Balatonszepezd,46.851111,17.663056,2026-07-16 15:54:01.155975,29.97,28.8,29.97,32.16,1018,31,2.32,285,14,0.0,Clouds,few clouds,15
Szepezdfürdő,46.839722,17.649444,2026-07-16 15:54:02.393607,29.94,30.11,29.94,32.13,1018,44,2.2,285,13,0.0,Clouds,few clouds,15
Révfülöp,46.829167,17.632222,2026-07-16 15:54:03.651861,29.95,30.12,29.95,32.14,1018,44,2.2,285,13,0.0,Clouds,few clouds,15
Balatonrendes,46.824722,17.582778,2026-07-16 15:54:04.862877,29.95,30.25,29.95,32.14,1018,45,1.9,289,10,0.0,Clear,clear sky,15
Ábrahámhegy,46.815,17.572222,2026-07-16 15:54:06.102089,29.92,30.21,29.92,32.1,1018,45,1.9,289,10,0.0,Clear,clear sky,15
Badacsonyörs,46.805556,17.531667,2026-07-16 15:54:07.375237,32.16,33.29,32.16,32.16,1018,44,1.79,290,11,0.0,Clouds,few clouds,15
Kisújszállás,47.223889,20.751111,2026-07-16 15:54:08.605896,30.85,29.87,30.85,30.85,1016,33,4.2,317,100,0.0,Clouds,overcast clouds,15
Karcag,47.303333,20.928056,2026-07-16 15:54:09.838408,30.75,29.57,30.75,30.75,1016,31,5.0,324,98,0.0,Clouds,overcast clouds,15
Püspökladány,47.3275,21.128889,2026-07-16 15:54:11.107140,30.59,29.4,30.59,30.59,1016,31,5.07,329,97,0.0,Clouds,overcast clouds,15
Kaba,47.368889,21.259444,2026-07-16 15:54:12.367811,30.42,29.23,30.42,30.42,1016,31,4.56,339,97,0.0,Clouds,overcast clouds,15
Hajdúszoboszló,47.429444,21.406944,2026-07-16 15:54:13.602095,30.06,28.88,30.06,30.06,1016,31,4.95,359,99,0.0,Clouds,overcast clouds,15
Ebes,47.462778,21.488889,2026-07-16 15:54:14.859278,29.94,28.77,29.94,29.94,1016,31,5.05,360,99,0.0,Clouds,overcast clouds,15
Debrecen,47.520278,21.628611,2026-07-16 15:54:16.114184,29.71,28.56,29.71,29.71,1016,31,4.68,356,100,0.0,Clouds,overcast clouds,15
Debrecen-Csapókert,47.540556,21.648056,2026-07-16 15:54:17.336468,29.51,28.38,29.51,29.51,1016,31,4.34,354,100,0.0,Clouds,overcast clouds,15
Apafa,47.584045,21.655858,2026-07-16 15:54:18.595921,29.39,28.27,29.39,29.39,1016,31,4.01,352,100,0.0,Clouds,overcast clouds,15
Bocskaikert,47.6425,21.666389,2026-07-16 15:54:19.855814,28.96,28.02,28.96,28.96,1016,33,2.89,344,100,0.0,Clouds,overcast clouds,15
Hajdúhadház,47.686944,21.679167,2026-07-16 15:54:21.088928,28.96,28.02,28.96,28.96,1016,33,2.53,339,100,0.0,Clouds,overcast clouds,15
Téglás,47.714722,21.684722,2026-07-16 15:54:22.334472,28.9,28.04,28.9,28.9,1016,34,2.31,338,100,0.0,Clouds,overcast clouds,15
Újfehértó,47.814444,21.706389,2026-07-16 15:54:23.600763,28.7,28.0,28.7,28.7,1016,36,2.48,348,100,0.0,Clouds,overcast clouds,15
Nyíregyháza,47.946667,21.705556,2026-07-16 15:54:24.857250,28.38,27.93,28.38,28.38,1016,39,5.04,9,100,0.0,Clouds,overcast clouds,15
Sóstó,47.998051,21.729047,2026-07-16 15:54:26.100591,31.48,31.55,31.48,31.48,1016,40,6.34,14,100,0.0,Clouds,overcast clouds,15
Sóstóhegy,48.012222,21.742778,2026-07-16 15:54:27.336570,31.48,31.71,31.48,31.48,1016,41,6.71,16,100,0.0,Clouds,overcast clouds,15
Kemecse,48.065556,21.801667,2026-07-16 15:54:28.593254,28.12,27.91,28.12,28.12,1016,42,7.17,18,96,0.0,Clouds,overcast clouds,15
Nyírbogdány,48.082222,21.855278,2026-07-16 15:54:29.854848,28.02,27.9,28.02,28.02,1016,43,7.14,19,95,0.0,Clouds,overcast clouds,15
Kék,48.093333,21.883889,2026-07-16 15:54:31.113069,28.01,27.89,28.01,28.01,1016,43,6.78,18,95,0.0,Clouds,overcast clouds,15
Demecser,48.111667,21.926667,2026-07-16 15:54:32.377873,27.94,27.9,27.94,27.94,1016,44,6.51,20,95,0.0,Clouds,overcast clouds,15
Gégény,48.128333,21.951944,2026-07-16 15:54:33.637734,27.85,27.81,27.85,27.85,1016,44,6.17,22,95,0.0,Clouds,overcast clouds,15
Pátroha,48.158611,21.996667,2026-07-16 15:54:34.895048,27.81,27.85,27.81,27.81,1016,45,5.8,24,96,0.0,Clouds,overcast clouds,15
Ajak,48.1865,22.048972,2026-07-16 15:54:36.152834,27.75,27.79,27.75,27.75,1016,45,5.44,28,97,0.0,Clouds,overcast clouds,15
Kisvárda,48.208333,22.078333,2026-07-16 15:54:37.413147,27.71,27.75,27.71,27.71,1016,45,4.98,34,99,0.0,Clouds,overcast clouds,15
Kisvárda-Hármasút,48.228333,22.091944,2026-07-16 15:54:38.650996,27.71,27.75,27.71,27.71,1016,45,4.98,34,99,0.0,Clouds,overcast clouds,15
Fényeslitke,48.267222,22.107222,2026-07-16 15:54:39.910045,27.59,27.71,27.59,27.59,1016,46,4.71,41,98,0.0,Clouds,overcast clouds,15
Komoró,48.305278,22.118056,2026-07-16 15:54:41.173407,27.59,27.71,27.59,27.59,1016,46,4.63,41,98,0.0,Clouds,overcast clouds,15
Tuzsér,48.342222,22.131667,2026-07-16 15:54:42.416026,27.5,27.63,27.5,27.5,1017,46,4.47,39,96,0.0,Clouds,overcast clouds,15
Tiszabezdéd,48.371389,22.145,2026-07-16 15:54:43.625159,27.5,27.63,27.5,27.5,1017,46,4.3,38,94,0.0,Clouds,overcast clouds,15
Záhony,48.402222,22.183611,2026-07-16 15:54:44.887892,27.48,27.54,27.48,27.48,1017,45,4.16,35,91,0.0,Clouds,overcast clouds,15
Karcag-Vásártér,47.3225,20.9075,2026-07-16 15:54:46.120192,30.75,29.57,30.75,30.75,1016,31,5.0,324,98,0.0,Clouds,overcast clouds,15
Berekfürdő,47.374722,20.827222,2026-07-16 15:54:47.378332,30.66,29.57,30.66,30.66,1016,32,4.72,326,99,0.0,Clouds,overcast clouds,15
Kunmadaras,47.415278,20.793056,2026-07-16 15:54:48.621848,30.57,29.47,30.57,30.57,1016,32,4.64,329,100,0.0,Clouds,overcast clouds,15
Tiszaszentimre,47.490833,20.733056,2026-07-16 15:54:49.868730,30.57,29.57,30.57,30.57,1016,33,4.28,334,100,0.0,Clouds,overcast clouds,15
Tiszaszőlős,47.555556,20.728056,2026-07-16 15:54:51.080999,30.52,29.52,30.52,30.52,1016,33,4.04,335,100,0.0,Clouds,overcast clouds,15
Hosszúhát,47.235556,21.101944,2026-07-16 15:54:52.314926,30.82,29.55,30.82,30.82,1016,30,4.68,319,96,0.0,Clouds,overcast clouds,15
Szerep,47.234444,21.145833,2026-07-16 15:54:53.577549,30.8,29.53,30.8,30.8,1016,30,4.63,317,96,0.0,Clouds,overcast clouds,15
Sárrétudvari,47.231667,21.180833,2026-07-16 15:54:54.818582,30.76,29.49,30.76,30.76,1015,30,4.55,316,97,0.0,Clouds,overcast clouds,15
Biharnagybajom,47.208889,21.221944,2026-07-16 15:54:56.075697,30.72,29.45,30.72,30.72,1015,30,4.3,311,97,0.0,Clouds,overcast clouds,15
Füzesgyarmat,47.113056,21.194444,2026-07-16 15:54:57.338295,30.93,29.66,30.93,30.93,1016,30,3.88,318,97,0.0,Clouds,overcast clouds,15
Füzesgyarmatfürdő,47.093787,21.201582,2026-07-16 15:54:58.563083,30.93,29.66,30.93,30.93,1016,30,3.88,318,97,0.0,Clouds,overcast clouds,15
Báránd,47.299722,21.235278,2026-07-16 15:54:59.803720,30.58,29.31,30.58,30.58,1015,30,4.5,325,97,0.0,Clouds,overcast clouds,15
Sáp,47.259722,21.360556,2026-07-16 15:55:01.072647,30.5,29.23,30.5,30.5,1015,30,4.04,310,97,0.0,Clouds,overcast clouds,15
Berettyóújfalu,47.211944,21.535556,2026-07-16 15:55:02.313034,30.39,29.12,30.39,30.39,1015,30,3.46,304,94,0.0,Clouds,overcast clouds,15
Mezőpeterd,47.176111,21.625278,2026-07-16 15:55:03.568399,33.06,31.8,33.06,33.06,1015,28,3.53,315,96,0.0,Clouds,overcast clouds,15
Biharkeresztes,47.135556,21.721389,2026-07-16 15:55:04.807064,33.03,32.67,33.03,33.03,1015,34,3.65,329,99,0.0,Clouds,overcast clouds,15
Tócóvölgy,47.529444,21.588889,2026-07-16 15:55:06.043285,29.73,28.57,29.73,29.73,1016,31,4.78,357,100,0.0,Clouds,overcast clouds,15
Sáregres,46.7825,18.588889,2026-07-16 15:55:07.264411,31.13,30.41,31.13,31.13,1017,35,2.03,48,39,0.0,Clouds,scattered clouds,15
Simontornya,46.756582,18.540674,2026-07-16 15:55:08.522203,31.1,30.5,31.1,31.1,1017,36,2.11,52,48,0.0,Clouds,scattered clouds,15
Tolnanémedi,46.727778,18.475833,2026-07-16 15:55:09.782082,31.17,30.58,31.17,31.17,1017,36,2.1,48,59,0.0,Clouds,broken clouds,15
Pincehely,46.681389,18.43,2026-07-16 15:55:11.032404,30.99,30.49,30.99,30.99,1017,37,1.84,30,86,0.0,Clouds,overcast clouds,15
Keszőhidegkút-Gyönk,46.597778,18.426111,2026-07-16 15:55:12.269995,31.06,30.45,31.06,31.06,1017,36,1.99,23,91,0.0,Clouds,overcast clouds,15
Szárazd,46.575556,18.420833,2026-07-16 15:55:13.525143,31.12,30.52,31.12,31.12,1017,36,2.0,20,91,0.0,Clouds,overcast clouds,15
Regöly,46.568889,18.396111,2026-07-16 15:55:14.746404,31.12,30.52,31.12,31.12,1017,36,2.0,20,91,0.0,Clouds,overcast clouds,15
Szakály-Hőgyész,46.523611,18.389444,2026-07-16 15:55:15.975102,31.11,30.51,31.11,31.11,1017,36,1.72,3,87,0.0,Clouds,overcast clouds,15
Dúzs,46.493889,18.377222,2026-07-16 15:55:17.237570,31.18,30.47,31.18,31.18,1017,35,1.69,359,85,0.0,Clouds,overcast clouds,15
Csibrák,46.466667,18.336389,2026-07-16 15:55:18.505717,31.3,30.61,31.3,31.3,1017,35,1.58,339,78,0.0,Clouds,broken clouds,15
Kurd,46.449167,18.319167,2026-07-16 15:55:19.762927,30.98,30.23,30.98,30.98,1017,35,1.57,335,75,0.0,Clouds,broken clouds,15
Döbrököz,46.418889,18.255,2026-07-16 15:55:20.986058,31.3,30.61,31.3,31.3,1017,35,1.92,306,64,0.0,Clouds,broken clouds,15
Dombóvár,46.37,18.149722,2026-07-16 15:55:22.215446,31.14,30.67,31.14,31.14,1017,37,2.65,291,50,0.0,Clouds,scattered clouds,15
Dombóvár alsó,46.363889,18.134167,2026-07-16 15:55:23.438161,31.14,30.67,31.14,31.14,1017,37,2.65,291,50,0.0,Clouds,scattered clouds,15
Somoskőújfalu,48.154722,19.815556,2026-07-16 15:55:24.647959,27.53,28.02,27.53,27.53,1017,51,2.52,243,85,0.0,Clouds,overcast clouds,15
Jászfényszaru,47.593056,19.754444,2026-07-16 15:55:25.911421,30.32,29.61,30.32,30.32,1017,36,2.99,334,86,0.0,Clouds,overcast clouds,15
Pusztamonostor,47.564444,19.794167,2026-07-16 15:55:27.167673,33.27,33.18,33.27,33.27,1017,35,3.06,321,83,0.0,Clouds,broken clouds,15
Jászberény,47.494444,19.893333,2026-07-16 15:55:28.391783,33.37,32.96,33.37,33.37,1016,33,3.16,302,78,0.0,Clouds,broken clouds,15
Meggyespele,47.441944,19.938889,2026-07-16 15:55:29.649412,33.39,33.55,33.39,33.39,1016,36,2.55,307,83,0.0,Clouds,broken clouds,15
Portelek,47.418056,19.958889,2026-07-16 15:55:30.883591,33.41,33.58,33.41,33.41,1016,36,2.55,313,85,0.0,Clouds,overcast clouds,15
Jászboldogháza-Jánoshida,47.366944,20.001389,2026-07-16 15:55:32.111255,33.4,33.56,33.4,33.4,1016,36,2.53,331,92,0.0,Clouds,overcast clouds,15
Jászárokszállás,47.635556,19.971111,2026-07-16 15:55:33.368862,30.55,29.97,30.55,30.55,1017,37,3.48,335,79,0.0,Clouds,broken clouds,15
Jászdózsa,47.563056,20.028056,2026-07-16 15:55:34.603928,30.86,30.1,30.86,30.86,1016,35,2.91,322,78,0.0,Clouds,broken clouds,15
Jászapáti,47.513611,20.155,2026-07-16 15:55:35.823580,30.93,30.06,30.93,30.93,1016,34,2.24,322,91,0.0,Clouds,overcast clouds,15
Jászkisér,47.456111,20.203333,2026-07-16 15:55:37.082491,32.79,32.34,32.79,32.79,1016,34,1.73,325,97,0.0,Clouds,overcast clouds,15
Jászladány,47.373333,20.159167,2026-07-16 15:55:38.348476,33.45,33.44,33.45,33.45,1016,35,1.62,346,99,0.0,Clouds,overcast clouds,15
Szászberek,47.320556,20.090833,2026-07-16 15:55:39.580838,33.44,33.62,33.32,33.44,1016,36,2.15,355,100,0.0,Clouds,overcast clouds,15
Gyöngyöshalász,47.743056,19.932222,2026-07-16 15:55:40.811387,29.7,29.81,29.7,29.7,1017,44,4.4,359,91,0.0,Clouds,overcast clouds,15
Gyöngyös,47.783056,19.937222,2026-07-16 15:55:42.027009,29.34,29.61,29.34,29.34,1017,46,4.36,356,92,0.0,Clouds,overcast clouds,15
Erdőtelek,47.683333,20.3025,2026-07-16 15:55:43.254516,30.86,30.21,30.86,30.86,1016,36,4.42,344,89,0.0,Clouds,overcast clouds,15
Heves,47.609444,20.306111,2026-07-16 15:55:44.514792,32.72,32.25,32.72,32.72,1016,34,3.59,343,97,0.0,Clouds,overcast clouds,15
Hevesvezekény,47.562222,20.365833,2026-07-16 15:55:45.745950,32.76,32.82,32.76,32.76,1016,37,3.43,348,100,0.0,Clouds,overcast clouds,15
Tarnaszentmiklós,47.546944,20.390833,2026-07-16 15:55:46.980581,32.77,32.84,32.77,32.77,1016,37,3.15,346,100,0.0,Clouds,overcast clouds,15
Kisköre,47.495556,20.481667,2026-07-16 15:55:48.252826,32.79,32.87,32.79,32.79,1016,37,1.79,314,100,0.0,Clouds,overcast clouds,15
Abádszalók,47.455278,20.553056,2026-07-16 15:55:49.479856,32.77,32.84,32.77,32.77,1016,37,1.79,314,99,0.0,Clouds,overcast clouds,15
Kunhegyes,47.376667,20.641111,2026-07-16 15:55:50.696381,32.77,32.84,32.77,32.77,1016,37,3.62,330,100,0.0,Clouds,overcast clouds,15
Kenderes,47.254444,20.686111,2026-07-16 15:55:51.953444,32.8,32.36,32.8,32.8,1016,34,3.63,318,100,0.0,Clouds,overcast clouds,15
Maklár,47.808056,20.404722,2026-07-16 15:55:53.179077,31.1,30.63,31.1,31.1,1017,37,3.68,354,88,0.0,Clouds,overcast clouds,15
Andornaktálya,47.852203,20.402295,2026-07-16 15:55:54.449979,31.04,30.68,31.04,32.76,1017,38,3.06,350,82,0.0,Clouds,broken clouds,15
Eger,47.891667,20.381667,2026-07-16 15:55:55.672419,30.95,30.71,30.56,32.67,1017,39,2.94,336,71,0.0,Clouds,broken clouds,15
Egervár,47.908056,20.380556,2026-07-16 15:55:56.906081,30.76,30.47,30.37,32.49,1017,39,2.58,330,69,0.0,Clouds,broken clouds,15
Eger-Felnémet,47.936667,20.370556,2026-07-16 15:55:58.162382,30.8,30.52,30.43,32.54,1017,39,2.26,323,66,0.0,Clouds,broken clouds,15
Szarvaskő,47.988611,20.3325,2026-07-16 15:55:59.421501,30.41,30.05,30.02,30.41,1018,39,1.99,299,59,0.0,Clouds,broken clouds,15
Mónosbél,48.031944,20.33,2026-07-16 15:56:00.648120,30.23,29.84,29.84,30.23,1018,39,1.85,281,56,0.0,Clouds,broken clouds,15
Bélapátfalva,48.055556,20.340556,2026-07-16 15:56:01.883681,29.93,29.5,29.54,29.93,1018,39,1.83,276,55,0.0,Clouds,broken clouds,15
Bélapátfalvi Cementgyár,48.058056,20.355,2026-07-16 15:56:03.102213,29.89,29.45,29.5,29.89,1018,39,1.83,276,55,0.0,Clouds,broken clouds,15
Szilvásvárad,48.11345,20.37919,2026-07-16 15:56:04.358866,29.76,29.31,29.37,29.76,1018,39,1.35,280,55,0.0,Clouds,broken clouds,15
Hejőkeresztúr,47.960278,20.869444,2026-07-16 15:56:05.593021,33.02,33.01,30.91,33.02,1016,36,0.45,346,90,0.0,Clouds,overcast clouds,15
Tiszaújváros,47.926111,21.030556,2026-07-16 15:56:06.825882,33.07,33.27,33.07,33.07,1016,37,3.25,348,99,0.0,Clouds,overcast clouds,15
Miskolc-Gömöri,48.106667,20.800278,2026-07-16 15:56:08.081661,30.8,34.19,30.8,32.92,1017,59,4.89,21,87,0.0,Clouds,overcast clouds,15
Sajókeresztúr,48.168008,20.774014,2026-07-16 15:56:09.318258,30.75,34.09,30.75,32.86,1017,59,5.03,34,89,0.0,Clouds,overcast clouds,15
Sajóecseg,48.186111,20.766667,2026-07-16 15:56:10.574566,30.79,34.17,30.79,32.9,1017,59,5.19,38,91,0.0,Clouds,overcast clouds,15
Sajószentpéter,48.222222,20.708056,2026-07-16 15:56:11.809407,30.69,33.97,30.69,32.81,1017,59,5.18,43,90,0.0,Clouds,overcast clouds,15
Kazincbarcika,48.264444,20.6275,2026-07-16 15:56:13.068798,30.7,30.81,30.7,31.09,1017,42,4.13,50,81,0.0,Clouds,broken clouds,15
Sajókaza,48.272778,20.581944,2026-07-16 15:56:14.310885,30.69,30.66,30.69,31.08,1017,41,3.68,50,77,0.0,Clouds,broken clouds,15
Vadna,48.276389,20.555278,2026-07-16 15:56:15.549835,30.67,30.63,30.67,31.06,1017,41,3.68,50,77,0.0,Clouds,broken clouds,15
Dubicsány,48.280833,20.504722,2026-07-16 15:56:16.785677,31.04,30.96,30.65,31.04,1017,40,2.27,41,68,0.0,Clouds,broken clouds,15
Raposka,46.851389,17.412778,2026-07-16 15:56:18.017642,30.65,30.89,30.65,30.65,1018,43,1.53,291,15,0.0,Clouds,few clouds,15
Ivacs,47.641944,19.273889,2026-07-16 15:56:19.276557,31.82,30.85,31.12,31.82,1017,32,0.78,322,70,0.0,Clouds,broken clouds,15
Kisköre-Tiszahíd,47.480835,20.507698,2026-07-16 15:56:20.509716,32.77,32.84,32.77,32.77,1016,37,1.79,314,100,0.0,Clouds,overcast clouds,15
Rozsály,47.912778,22.7825,2026-07-16 15:56:21.743029,32.25,33.23,32.25,32.25,1016,43,1.95,39,82,0.0,Clouds,broken clouds,15
Pusztakettős,47.453611,20.749722,2026-07-16 15:56:22.979538,32.77,32.84,32.77,32.77,1016,37,4.48,331,100,0.0,Clouds,overcast clouds,15
Kisvác,47.795278,19.113611,2026-07-16 15:56:24.229174,32.16,31.53,31.45,32.16,1017,34,2.33,315,68,0.0,Clouds,broken clouds,15
Tiszafüred-Gyártelep,47.6075,20.736111,2026-07-16 15:56:25.463945,32.74,32.8,32.74,32.74,1016,37,3.63,336,100,0.0,Clouds,overcast clouds,15
Újkenéz,48.251111,22.221667,2026-07-16 15:56:26.727648,27.61,27.59,27.61,27.61,1016,44,4.6,50,99,0.0,Clouds,overcast clouds,15
Püspökladány-Vásártér,47.319167,21.096111,2026-07-16 15:56:27.985823,30.66,29.48,30.66,30.66,1016,31,4.99,325,97,0.0,Clouds,overcast clouds,15
Végegyháza alsó,46.3675,20.866944,2026-07-16 15:56:29.218467,31.16,30.0,31.16,31.16,1016,31,4.13,356,98,0.0,Clouds,overcast clouds,15
Orosháza felső,46.553611,20.655278,2026-07-16 15:56:30.447129,31.07,29.9,31.07,31.07,1016,31,3.14,344,99,0.0,Clouds,overcast clouds,15
Ambrózfalva,46.353056,20.740556,2026-07-16 15:56:31.679664,31.32,30.17,31.32,31.32,1016,31,4.46,355,98,0.0,Clouds,overcast clouds,15
Alsónyék,46.199444,18.738056,2026-07-16 15:56:32.937576,31.87,30.67,31.87,31.87,1017,30,2.82,42,78,0.0,Clouds,broken clouds,15
Tompapuszta,46.321389,20.966389,2026-07-16 15:56:34.195258,31.16,38.16,31.15,34.52,1016,100,3.91,360,99,0.0,Clouds,overcast clouds,15
Halászlak,46.911879,20.56228,2026-07-16 15:56:35.405461,31.1,30.04,31.1,31.1,1016,32,3.94,331,95,0.0,Clouds,overcast clouds,15
Sirató,46.840556,20.61,2026-07-16 15:56:36.638903,31.11,30.05,31.11,31.11,1016,32,3.19,337,99,0.0,Clouds,overcast clouds,15
Csabacsűd felső,46.829167,20.649167,2026-07-16 15:56:37.867629,31.1,30.04,31.1,31.1,1016,32,3.19,335,99,0.0,Clouds,overcast clouds,15
Orosháza-Üveggyár,46.579979,20.683644,2026-07-16 15:56:39.110210,31.05,29.88,31.05,31.05,1016,31,3.04,344,99,0.0,Clouds,overcast clouds,15
Gyulai városerdő,46.69482,21.32281,2026-07-16 15:56:40.367854,31.08,29.91,31.08,31.08,1016,31,4.92,309,98,0.0,Clouds,overcast clouds,15
Kórógyszentgyörgy,46.564377,20.224998,2026-07-16 15:56:41.591690,30.57,29.88,30.57,31.11,1016,36,2.0,357,100,0.0,Clouds,overcast clouds,15
Kunszállás,46.784444,19.767222,2026-07-16 15:56:42.817697,33.27,32.34,31.61,33.27,1017,30,3.46,302,82,0.0,Clouds,broken clouds,15
Selymes,46.655321,19.8534,2026-07-16 15:56:44.051386,31.67,30.45,31.67,33.33,1017,30,2.74,321,95,0.0,Clouds,overcast clouds,15
Petőfiszállási tanyák,46.587805,19.874509,2026-07-16 15:56:45.261065,32.52,31.42,31.68,33.37,1017,30,2.59,330,98,0.0,Clouds,overcast clouds,15
Kisteleki szőlők,46.514199,19.92868,2026-07-16 15:56:46.520848,31.67,30.56,31.67,33.36,1016,31,2.37,347,100,0.0,Clouds,overcast clouds,15
Kapitányság,46.435336,19.987564,2026-07-16 15:56:47.791687,31.69,32.37,31.69,31.69,1016,43,2.42,1,100,0.0,Clouds,overcast clouds,15
Őszeszék,46.39025,20.016017,2026-07-16 15:56:49.019432,31.72,32.41,31.72,31.72,1016,43,2.62,4,100,0.0,Clouds,overcast clouds,15
Vilmaszállás,46.366389,20.030833,2026-07-16 15:56:50.258468,31.7,32.38,31.7,31.7,1016,43,3.58,35,100,0.0,Clouds,overcast clouds,15
Jánosszállás,46.334359,20.051199,2026-07-16 15:56:51.472029,31.73,32.43,31.73,31.73,1016,43,2.88,1,100,0.0,Clouds,overcast clouds,15
Felsőpakony,47.343056,19.230556,2026-07-16 15:56:52.730601,32.48,32.43,32.19,32.64,1017,37,2.51,267,80,0.0,Clouds,broken clouds,15
Felsőméntelek,46.987074,19.557745,2026-07-16 15:56:53.986362,30.54,29.35,30.54,30.54,1017,31,5.12,293,60,0.0,Clouds,broken clouds,15
Alsóméntelek,46.961558,19.579121,2026-07-16 15:56:55.250848,30.58,29.39,30.58,30.58,1017,31,5.03,293,60,0.0,Clouds,broken clouds,15
Nagynyír,46.943319,19.585447,2026-07-16 15:56:56.484690,30.61,29.42,30.61,30.61,1017,31,4.9,294,61,0.0,Clouds,broken clouds,15
Úrihegy,46.917778,19.621389,2026-07-16 15:56:57.742626,33.15,32.19,31.49,33.15,1017,30,4.84,293,64,0.0,Clouds,broken clouds,15
Miklóstelep,46.913412,19.630913,2026-07-16 15:56:58.984501,33.17,32.21,31.51,33.17,1017,30,4.91,292,66,0.0,Clouds,broken clouds,15
Tiszajenő alsó,47.016944,20.134444,2026-07-16 15:57:00.250368,33.34,33.48,33.34,33.34,1016,36,1.79,296,90,0.0,Clouds,overcast clouds,15
Óbög,46.987222,20.111111,2026-07-16 15:57:01.473676,33.32,33.45,33.32,33.32,1016,36,2.85,341,89,0.0,Clouds,overcast clouds,15
Árpádszállás,46.866456,19.989163,2026-07-16 15:57:02.682951,32.55,31.45,31.66,33.32,1016,30,3.07,312,91,0.0,Clouds,overcast clouds,15
Tőserdő,46.851111,19.980278,2026-07-16 15:57:03.955708,32.55,31.45,31.68,33.34,1016,30,2.98,313,93,0.0,Clouds,overcast clouds,15
Tiszaalpár felső,46.836256,19.976753,2026-07-16 15:57:05.189388,32.57,31.48,30.51,33.37,1016,30,2.98,313,93,0.0,Clouds,overcast clouds,15
Borsihalom,46.773056,19.92,2026-07-16 15:57:06.425373,32.55,31.45,30.5,33.36,1016,30,2.97,310,94,0.0,Clouds,overcast clouds,15
Petőfiváros,46.725556,19.848611,2026-07-16 15:57:07.683371,33.32,32.4,31.66,33.32,1017,30,2.98,310,90,0.0,Clouds,overcast clouds,15
Csorna,47.601944,17.248889,2026-07-16 15:57:08.910656,30.56,30.77,30.56,30.56,1017,43,3.16,182,20,0.0,Clouds,few clouds,15
Szorgalmatos,47.986667,21.366389,2026-07-16 15:57:10.123027,31.53,31.16,31.53,31.53,1016,37,3.66,356,100,0.0,Clouds,overcast clouds,15
Fótfürdő,47.6225,19.200556,2026-07-16 15:57:11.377409,31.81,30.72,31.12,32.25,1017,31,1.52,261,63,0.0,Clouds,broken clouds,15
Fenyveshegy,47.818333,19.068056,2026-07-16 15:57:12.612653,32.23,31.61,32.23,32.23,1017,34,2.62,299,59,0.0,Clouds,broken clouds,15
Hűvösvölgy,47.541202,18.96351,2026-07-16 15:57:13.840548,30.97,29.7,30.66,31.79,1017,30,0.45,27,62,0.0,Clouds,broken clouds,15
Hárshegy,47.535318,18.961433,2026-07-16 15:57:15.069102,30.97,29.7,30.66,31.79,1017,30,0.45,27,62,0.0,Clouds,broken clouds,15
Szépjuhászné,47.528277,18.955246,2026-07-16 15:57:16.328216,30.02,28.77,29.77,30.9,1017,30,0.45,27,64,0.0,Clouds,broken clouds,15
Jánoshegy,47.51433,18.95047,2026-07-16 15:57:17.558370,29.91,28.6,29.68,30.81,1017,29,0.45,27,64,0.0,Clouds,broken clouds,15
Virágvölgy,47.505965,18.95876,2026-07-16 15:57:18.791273,29.91,28.67,29.36,30.49,1017,30,0.89,280,66,0.0,Clouds,broken clouds,15
Csillebérc,47.498196,18.961694,2026-07-16 15:57:20.037667,29.87,28.78,29.13,30.26,1017,32,0.89,280,66,0.0,Clouds,broken clouds,15
Normafa,47.5,18.970558,2026-07-16 15:57:21.271536,29.92,28.83,29.18,30.31,1017,32,0.89,280,66,0.0,Clouds,broken clouds,15
Széchenyihegy,47.49413,18.977049,2026-07-16 15:57:22.505071,30.0,28.99,29.2,30.33,1017,33,0.89,280,69,0.0,Clouds,broken clouds,15
Balatonfőkajár felső,47.031389,18.215278,2026-07-16 15:57:23.744673,30.73,36.88,29.06,30.73,1017,70,2.21,252,36,0.0,Clouds,scattered clouds,15
Piroska,47.148333,20.129722,2026-07-16 15:57:25.017031,33.34,33.48,33.34,33.45,1016,36,1.79,296,96,0.0,Clouds,overcast clouds,15
Somodor,46.4725,17.836667,2026-07-16 15:57:26.243843,30.98,30.61,30.98,30.98,1017,38,3.3,287,37,0.0,Clouds,scattered clouds,15
Középmező,45.995833,18.668889,2026-07-16 15:57:27.476978,30.06,28.74,30.06,30.06,1017,29,2.96,32,77,0.0,Clouds,broken clouds,15
Jobbágyi,47.828889,19.6875,2026-07-16 15:57:28.700581,29.22,29.46,29.22,29.22,1017,46,4.07,44,100,0.0,Clouds,overcast clouds,15
Ferihegy,47.437222,19.223889,2026-07-16 15:57:29.934187,32.19,31.42,31.35,32.48,1017,33,2.47,257,65,0.0,Clouds,broken clouds,15
Máriapócs,47.852778,22.019167,2026-07-16 15:57:31.183233,28.4,27.81,28.4,28.4,1016,37,4.12,351,99,0.0,Clouds,overcast clouds,15
Máriaudvar,47.751944,19.165,2026-07-16 15:57:32.426549,32.19,31.56,31.48,32.19,1017,34,1.71,307,71,0.0,Clouds,broken clouds,15
Nagyberki,46.353333,18.004167,2026-07-16 15:57:33.694280,30.88,30.49,30.88,30.88,1017,38,2.7,291,49,0.0,Clouds,scattered clouds,15
Badacsonytomaj,46.804722,17.518056,2026-07-16 15:57:34.962240,30.43,30.74,30.43,30.43,1018,44,1.79,290,11,0.0,Clouds,few clouds,15
Badacsony,46.788611,17.506389,2026-07-16 15:57:36.197411,30.5,30.84,30.5,30.5,1018,44,1.73,292,11,0.0,Clouds,few clouds,15
Badacsonylábdihegy,46.793889,17.470833,2026-07-16 15:57:37.424933,30.5,30.84,30.5,30.5,1018,44,1.73,292,11,0.0,Clouds,few clouds,15
Badacsonytördemic-Szigliget,46.809722,17.469167,2026-07-16 15:57:38.640971,30.51,30.85,30.51,30.51,1018,44,1.7,290,11,0.0,Clouds,few clouds,15
Nemesgulács-Kisapáti,46.836944,17.476389,2026-07-16 15:57:39.869161,32.14,33.26,32.14,32.14,1018,44,1.7,289,11,0.0,Clouds,few clouds,15
Tapolca,46.877778,17.428611,2026-07-16 15:57:41.140902,32.05,32.92,32.05,32.05,1018,43,1.55,290,15,0.0,Clouds,few clouds,15
Uzsabánya alsó,46.898333,17.345278,2026-07-16 15:57:42.386032,29.58,29.32,29.58,29.58,1018,41,1.53,294,18,0.0,Clouds,few clouds,15
Uzsa,46.920278,17.331667,2026-07-16 15:57:43.624230,30.4,30.29,30.4,30.4,1018,41,1.56,296,17,0.0,Clouds,few clouds,15
Sümegi Bazaltbánya,46.9525,17.2925,2026-07-16 15:57:44.894120,30.43,30.33,30.43,30.43,1018,41,1.59,301,18,0.0,Clouds,few clouds,15
Sümeg,46.981111,17.270833,2026-07-16 15:57:46.119053,30.63,30.58,30.63,30.63,1018,41,1.63,310,18,0.0,Clouds,few clouds,15
Gógánfa,47.021111,17.207778,2026-07-16 15:57:47.374411,27.09,27.03,27.09,27.09,1018,42,1.7,318,16,0.0,Clouds,few clouds,15
Ukk,47.041944,17.195833,2026-07-16 15:57:48.637113,30.84,31.0,30.84,30.84,1018,42,1.72,324,15,0.0,Clouds,few clouds,15
Nemeskeresztúr,47.093611,17.183611,2026-07-16 15:57:49.884082,30.95,31.3,30.95,30.95,1018,43,1.62,324,13,0.0,Clouds,few clouds,15
Jánosháza,47.115833,17.171667,2026-07-16 15:57:51.158765,31.1,31.68,31.1,31.1,1018,44,1.52,322,12,0.0,Clouds,few clouds,15
Keszthely,46.758333,17.248056,2026-07-16 15:57:52.404291,27.31,27.15,27.31,27.31,1018,41,1.75,289,19,0.0,Clouds,few clouds,15
Alsógyenes,46.765844,17.276435,2026-07-16 15:57:53.645481,27.31,27.15,27.31,27.31,1018,41,1.64,292,18,0.0,Clouds,few clouds,15
Gyenesdiás,46.763333,17.292778,2026-07-16 15:57:54.909900,30.66,30.62,30.66,30.66,1018,41,1.64,292,18,0.0,Clouds,few clouds,15
Vonyarcvashegy,46.755278,17.318333,2026-07-16 15:57:56.174694,30.1,30.05,30.1,30.1,1018,42,1.61,293,17,0.0,Clouds,few clouds,15
Balatongyörök,46.751944,17.354444,2026-07-16 15:57:57.421386,30.66,30.76,30.66,30.66,1018,42,1.6,294,16,0.0,Clouds,few clouds,15
Becehegy,46.776111,17.372778,2026-07-16 15:57:58.689642,29.49,29.33,29.49,29.49,1018,42,1.55,292,16,0.0,Clouds,few clouds,15
Balatonederics,46.8025,17.385,2026-07-16 15:57:59.945300,29.43,29.26,29.43,29.43,1018,42,1.52,292,17,0.0,Clouds,few clouds,15
Dabronc,47.025766,17.167006,2026-07-16 15:58:01.204781,27.1,27.04,27.1,27.1,1018,42,1.72,322,16,0.0,Clouds,few clouds,15
Türje,46.994444,17.093611,2026-07-16 15:58:02.471112,27.04,27.0,27.04,27.04,1018,42,1.79,323,16,0.0,Clouds,few clouds,15
Zalabér-Batyk,46.983056,17.040833,2026-07-16 15:58:03.728700,27.18,26.32,27.18,27.18,1018,24,1.9,318,14,0.0,Clouds,few clouds,15
Pakod,46.959167,16.996667,2026-07-16 15:58:04.970992,27.14,26.29,27.14,27.14,1018,24,1.95,315,13,0.0,Clouds,few clouds,15
Pókaszepetk,46.924444,16.972222,2026-07-16 15:58:06.238962,27.15,26.3,27.15,27.15,1018,24,1.9,304,13,0.0,Clouds,few clouds,15
Kemendollár,46.905833,16.946667,2026-07-16 15:58:07.504612,27.14,26.29,27.14,27.14,1018,24,1.95,302,12,0.0,Clouds,few clouds,15
Zalaegerszeg,46.833056,16.848333,2026-07-16 15:58:08.762635,26.96,26.18,26.96,26.96,1018,24,1.98,275,9,0.0,Clear,clear sky,15
Bocfölde,46.780278,16.853611,2026-07-16 15:58:10.026280,27.02,26.22,27.02,27.02,1018,24,2.03,268,8,0.0,Clear,clear sky,15
Sárhida,46.755833,16.851389,2026-07-16 15:58:11.301291,26.98,26.19,26.98,26.98,1018,24,1.98,265,7,0.0,Clear,clear sky,15
Bak,46.7325,16.849167,2026-07-16 15:58:12.542004,26.99,26.2,26.99,26.99,1018,24,1.97,264,7,0.0,Clear,clear sky,15
Tófej,46.670833,16.801944,2026-07-16 15:58:13.804669,26.84,27.1,26.84,26.84,1018,47,1.8,268,6,0.0,Clear,clear sky,15
Gutorfölde,46.646944,16.739722,2026-07-16 15:58:15.061667,26.85,27.17,26.85,26.85,1018,48,1.6,270,5,0.0,Clear,clear sky,15
Csömödér-Páka,46.608056,16.641111,2026-07-16 15:58:16.326618,31.29,32.9,31.29,32.23,1018,49,1.37,277,5,0.0,Clear,clear sky,15
Iklódbördőce,46.603056,16.604722,2026-07-16 15:58:17.539088,31.29,32.9,31.29,32.22,1018,49,1.32,271,6,0.0,Clear,clear sky,15
Lenti,46.621389,16.528611,2026-07-16 15:58:18.798564,31.23,33.0,31.23,32.17,1018,50,1.31,260,7,0.0,Clear,clear sky,15
Rédics,46.618056,16.471111,2026-07-16 15:58:20.061248,31.23,33.21,31.23,32.16,1018,51,1.28,256,7,0.0,Clear,clear sky,15
Zalalövő,46.845556,16.576389,2026-07-16 15:58:21.296902,26.77,27.15,26.77,26.77,1018,49,1.51,251,10,0.0,Clear,clear sky,15
Zalaegerszeg-Ola,46.849167,16.844722,2026-07-16 15:58:22.553949,27.04,26.23,27.04,27.04,1018,24,1.98,275,9,0.0,Clear,clear sky,15
Andráshida,46.863116,16.7792,2026-07-16 15:58:23.772952,27.0,26.21,27.0,27.0,1018,24,1.96,278,9,0.0,Clear,clear sky,15
Bagod,46.875,16.746111,2026-07-16 15:58:25.004503,26.94,26.17,26.94,26.94,1018,24,1.91,273,9,0.0,Clear,clear sky,15
Zalaszentgyörgy,46.872222,16.7125,2026-07-16 15:58:26.264925,26.94,26.17,26.94,26.94,1018,24,1.87,271,10,0.0,Clear,clear sky,15
Zalacséb-Salomvár,46.858056,16.662222,2026-07-16 15:58:27.494424,26.87,26.13,26.87,26.87,1018,24,1.81,268,10,0.0,Clear,clear sky,15
Kópháza,47.631389,16.6375,2026-07-16 15:58:28.733653,29.55,30.13,29.55,29.65,1017,48,3.07,177,30,0.0,Clouds,scattered clouds,15
Nagycenk,47.601111,16.690278,2026-07-16 15:58:29.997234,29.66,30.28,29.66,29.76,1017,48,2.93,179,23,0.0,Clouds,few clouds,15
Sopronkövesd,47.548333,16.748056,2026-07-16 15:58:31.219696,29.59,30.9,29.49,29.59,1017,53,2.8,181,14,0.0,Clouds,few clouds,15
Lövő,47.509444,16.7775,2026-07-16 15:58:32.478744,29.63,30.96,29.53,29.63,1017,53,2.76,179,15,0.0,Clouds,few clouds,15
Újkér,47.457778,16.786667,2026-07-16 15:58:33.728079,29.65,30.99,29.65,29.65,1017,53,2.63,177,13,0.0,Clouds,few clouds,15
Bük,47.388611,16.752222,2026-07-16 15:58:34.948339,29.71,31.08,29.71,29.71,1018,53,2.2,184,14,0.0,Clouds,few clouds,15
Acsád,47.308333,16.734722,2026-07-16 15:58:36.197386,29.46,30.71,29.46,29.46,1018,53,1.67,198,18,0.0,Clouds,few clouds,15
Salköveskút-Vassurány,47.291389,16.704167,2026-07-16 15:58:37.458272,29.47,30.72,29.47,29.47,1018,53,1.52,205,20,0.0,Clouds,few clouds,15
Zalaszentiván,46.8875,16.909444,2026-07-16 15:58:38.686504,27.12,26.28,27.12,27.12,1018,24,1.99,291,10,0.0,Clear,clear sky,15
Alsónemesapáti,46.854167,16.936389,2026-07-16 15:58:39.931593,27.11,26.27,27.11,27.11,1018,24,1.94,288,11,0.0,Clouds,few clouds,15
Józsa,47.600833,21.584444,2026-07-16 15:58:41.178505,29.29,28.25,29.29,29.29,1016,32,3.85,353,100,0.0,Clouds,overcast clouds,15
Hajdúszentgyörgy,47.608056,21.578333,2026-07-16 15:58:42.392252,29.29,28.25,29.29,29.29,1016,32,3.85,353,100,0.0,Clouds,overcast clouds,15
Zelemér,47.627778,21.578333,2026-07-16 15:58:43.651523,29.17,28.21,29.17,29.17,1016,33,3.45,350,100,0.0,Clouds,overcast clouds,15
Hajdúböszörmény,47.668056,21.524167,2026-07-16 15:58:44.909402,29.09,28.21,29.09,29.09,1016,34,2.85,347,100,0.0,Clouds,overcast clouds,15
Hajdúvid,47.749444,21.508056,2026-07-16 15:58:46.145873,28.99,28.19,28.99,28.99,1016,35,2.31,336,100,0.0,Clouds,overcast clouds,15
Hajdúdorog,47.805556,21.493056,2026-07-16 15:58:47.393006,28.82,28.11,28.82,28.82,1016,36,2.37,335,100,0.0,Clouds,overcast clouds,15
Hajdúnánás,47.831944,21.426667,2026-07-16 15:58:48.637379,28.89,28.17,28.89,28.89,1016,36,2.44,337,100,0.0,Clouds,overcast clouds,15
Hajdúnánás-Vásártér,47.843056,21.407222,2026-07-16 15:58:49.906117,28.89,28.17,28.89,28.89,1016,36,2.44,337,100,0.0,Clouds,overcast clouds,15
Tedej,47.903611,21.404444,2026-07-16 15:58:51.142094,31.54,31.32,31.54,31.54,1016,38,3.08,347,99,0.0,Clouds,overcast clouds,15
Tiszavasvári,47.945278,21.374722,2026-07-16 15:58:52.370174,31.54,31.17,31.54,31.54,1016,37,3.18,350,99,0.0,Clouds,overcast clouds,15
Egyházerdő,47.9725,21.365,2026-07-16 15:58:53.615912,31.56,31.2,31.56,31.56,1016,37,3.42,353,99,0.0,Clouds,overcast clouds,15
Tiszalök,48.013056,21.369167,2026-07-16 15:58:54.871960,31.53,31.16,31.53,31.53,1016,37,3.85,359,100,0.0,Clouds,overcast clouds,15
Hajnalos,47.998889,21.414167,2026-07-16 15:58:56.100720,31.54,31.17,31.54,31.54,1016,37,3.9,358,100,0.0,Clouds,overcast clouds,15
Kisfástanya,47.989167,21.47,2026-07-16 15:58:57.333009,31.51,31.14,31.51,31.51,1016,37,4.16,360,100,0.0,Clouds,overcast clouds,15
Tiszaeszlár,48.010556,21.491944,2026-07-16 15:58:58.597383,31.52,31.15,31.52,31.52,1016,37,4.71,5,100,0.0,Clouds,overcast clouds,15
Bashalom,48.026111,21.514722,2026-07-16 15:58:59.857731,31.49,31.11,31.49,31.49,1016,37,4.91,7,100,0.0,Clouds,overcast clouds,15
Sáránd,47.415556,21.625,2026-07-16 15:59:01.104370,30.18,28.85,30.18,30.18,1015,29,4.64,356,99,0.0,Clouds,overcast clouds,15
Derecske,47.365,21.584167,2026-07-16 15:59:02.354492,30.31,28.97,30.31,30.31,1015,29,4.08,349,98,0.0,Clouds,overcast clouds,15
Derecske-Vásártér,47.352222,21.58,2026-07-16 15:59:03.601422,30.31,28.97,30.31,30.31,1015,29,4.08,349,98,0.0,Clouds,overcast clouds,15
Konyár,47.323611,21.666111,2026-07-16 15:59:04.835103,30.54,29.11,30.54,30.54,1015,28,3.73,349,98,0.0,Clouds,overcast clouds,15
Konyári Sóstófürdő,47.324167,21.744444,2026-07-16 15:59:06.094039,30.59,29.16,30.59,30.59,1015,28,4.01,0,100,0.0,Clouds,overcast clouds,15
Pocsaj-Esztár,47.288333,21.793056,2026-07-16 15:59:07.349123,33.02,31.75,33.02,33.02,1015,28,3.87,6,100,0.0,Clouds,overcast clouds,15
Kismarja,47.243889,21.813889,2026-07-16 15:59:08.590628,33.02,31.75,33.02,33.02,1015,28,3.57,4,100,0.0,Clouds,overcast clouds,15
Nagykereki,47.191667,21.8,2026-07-16 15:59:09.854658,33.01,32.64,33.01,33.01,1015,34,3.28,356,100,0.0,Clouds,overcast clouds,15
Debrecen-Szabadságtelep,47.527778,21.658611,2026-07-16 15:59:11.119089,29.67,28.52,29.67,29.67,1016,31,4.59,355,100,0.0,Clouds,overcast clouds,15
Kondoroskert,47.525556,21.713889,2026-07-16 15:59:12.368557,29.69,28.47,29.69,29.69,1016,30,4.35,352,100,0.0,Clouds,overcast clouds,15
Nagycsere,47.523889,21.763056,2026-07-16 15:59:13.627526,29.69,28.47,29.69,29.69,1016,30,4.29,350,100,0.0,Clouds,overcast clouds,15
Haláp,47.521667,21.818333,2026-07-16 15:59:14.869435,29.64,28.42,29.64,29.64,1016,30,4.25,349,100,0.0,Clouds,overcast clouds,15
Vámospércs,47.518056,21.893889,2026-07-16 15:59:16.128395,29.58,28.44,29.58,29.58,1016,31,4.14,347,100,0.0,Clouds,overcast clouds,15
Szentannapuszta,47.52,21.965833,2026-07-16 15:59:17.393935,29.6,28.46,29.6,29.6,1016,31,4.1,347,100,0.0,Clouds,overcast clouds,15
Nyírábrány,47.523889,22.016944,2026-07-16 15:59:18.664023,29.61,28.47,29.61,29.61,1016,31,4.09,348,100,0.0,Clouds,overcast clouds,15
Dombostanya,47.602778,21.706389,2026-07-16 15:59:19.906601,29.32,28.27,29.32,29.32,1016,32,3.57,348,100,0.0,Clouds,overcast clouds,15
Hajdúsámson,47.608056,21.755278,2026-07-16 15:59:21.180239,29.35,28.3,29.35,29.35,1016,32,3.47,342,100,0.0,Clouds,overcast clouds,15
Tamásipuszta,47.632778,21.796111,2026-07-16 15:59:22.414794,29.21,28.18,29.21,29.21,1016,32,3.19,338,99,0.0,Clouds,overcast clouds,15
Aradványpuszta,47.662778,21.8425,2026-07-16 15:59:23.664782,29.14,28.12,29.14,29.14,1016,32,3.0,335,99,0.0,Clouds,overcast clouds,15
Nyíradony,47.699444,21.903333,2026-07-16 15:59:24.904717,28.93,28.07,28.93,28.93,1016,34,2.98,333,100,0.0,Clouds,overcast clouds,15
Nyírmihálydi,47.7375,21.958889,2026-07-16 15:59:26.160480,28.83,27.98,28.83,28.83,1016,34,3.04,335,100,0.0,Clouds,overcast clouds,15
Nyírgelse,47.750833,21.987778,2026-07-16 15:59:27.410651,28.69,27.92,28.69,28.69,1016,35,3.19,338,100,0.0,Clouds,overcast clouds,15
Nyírbogát,47.793056,22.066389,2026-07-16 15:59:28.656915,28.55,27.87,28.55,28.55,1016,36,3.82,345,100,0.0,Clouds,overcast clouds,15
Nagykálló,47.871111,21.825833,2026-07-16 15:59:29.900276,28.44,27.91,28.44,28.44,1016,38,4.28,4,100,0.0,Clouds,overcast clouds,15
Kállósemjén,47.854722,21.935,2026-07-16 15:59:31.143348,28.46,27.86,28.46,28.46,1016,37,3.88,355,99,0.0,Clouds,overcast clouds,15
Nyírbátor,47.8425,22.131111,2026-07-16 15:59:32.387521,28.42,27.83,28.42,28.42,1016,37,4.12,348,100,0.0,Clouds,overcast clouds,15
Nyírcsászári,47.865556,22.179167,2026-07-16 15:59:33.651362,28.38,27.79,28.38,28.38,1016,37,4.39,351,100,0.0,Clouds,overcast clouds,15
Hodász,47.896111,22.213611,2026-07-16 15:59:34.894124,28.27,27.76,28.27,28.27,1016,38,4.46,358,100,0.0,Clouds,overcast clouds,15
Nyírmeggyes,47.9225,22.256667,2026-07-16 15:59:36.147214,28.28,27.77,28.28,28.28,1016,38,4.94,5,98,0.0,Clouds,overcast clouds,15
Mátészalka,47.951389,22.313333,2026-07-16 15:59:37.402610,28.31,27.87,28.31,28.31,1016,39,5.08,11,96,0.0,Clouds,overcast clouds,15
Kocsord,47.941944,22.375833,2026-07-16 15:59:38.627114,28.35,27.9,28.35,28.35,1016,39,4.49,29,87,0.0,Clouds,overcast clouds,15
Kocsord alsó,47.946389,22.400556,2026-07-16 15:59:39.847401,28.35,27.9,28.35,28.35,1016,39,4.49,29,87,0.0,Clouds,overcast clouds,15
Győrtelek,47.936667,22.424722,2026-07-16 15:59:41.111933,28.32,27.95,28.32,28.32,1016,40,4.47,35,84,0.0,Clouds,broken clouds,15
Győrtelek alsó,47.921111,22.443333,2026-07-16 15:59:42.361407,28.25,27.89,28.25,28.25,1016,40,3.88,43,81,0.0,Clouds,broken clouds,15
Ököritófülpös,47.911389,22.495,2026-07-16 15:59:43.603052,28.18,27.82,28.18,28.18,1016,40,3.83,49,79,0.0,Clouds,broken clouds,15
Porcsalma-Tyukod,47.868056,22.568333,2026-07-16 15:59:44.853398,32.28,32.88,32.28,32.28,1016,41,2.04,80,78,0.0,Clouds,broken clouds,15
Csenger,47.826111,22.666389,2026-07-16 15:59:46.108921,32.27,33.06,32.27,32.27,1016,42,1.18,125,78,0.0,Clouds,broken clouds,15
Kisfái,46.888303,19.807366,2026-07-16 15:59:47.328189,32.85,32.95,31.59,33.25,1016,37,0.89,334,78,0.0,Clouds,broken clouds,15
Nyárlőrinci szőlők,46.8775,19.828333,2026-07-16 15:59:48.589939,32.85,32.95,31.59,33.25,1017,37,3.91,297,82,0.0,Clouds,broken clouds,15
Nyárlőrinc alsó,46.863889,19.878889,2026-07-16 15:59:49.839521,32.88,32.81,31.61,33.27,1016,36,3.74,299,84,0.0,Clouds,broken clouds,15
Tiszaug-Tiszahídfő,46.866106,20.052098,2026-07-16 15:59:51.084096,32.74,31.68,31.11,33.43,1016,30,2.93,316,92,0.0,Clouds,overcast clouds,15
Csongrádi úti tanyák,46.690278,19.921667,2026-07-16 15:59:52.326617,32.56,31.47,31.72,33.38,1017,30,2.46,322,99,0.0,Clouds,overcast clouds,15
Kettőshalom,46.689167,20.0225,2026-07-16 15:59:53.565954,31.58,30.57,30.56,31.75,1016,32,2.18,330,100,0.0,Clouds,overcast clouds,15
Csongrád alsó,46.711389,20.126389,2026-07-16 15:59:54.828233,30.66,29.99,30.56,31.75,1016,36,2.1,332,100,0.0,Clouds,overcast clouds,15
Dónát,46.66988,20.368168,2026-07-16 15:59:56.086696,31.12,30.52,30.58,31.12,1016,36,3.58,358,100,0.0,Clouds,overcast clouds,15
Pusztatemplom,46.676667,20.407222,2026-07-16 15:59:57.343203,31.1,30.5,30.57,31.1,1016,36,3.58,358,100,0.0,Clouds,overcast clouds,15
Előhát,47.364722,20.653611,2026-07-16 15:59:58.603863,30.52,29.62,30.52,30.52,1016,34,3.52,327,100,0.0,Clouds,overcast clouds,15
Polgárdi-Tekerespuszta,47.017778,18.297778,2026-07-16 15:59:59.846752,30.95,30.44,30.95,30.95,1017,37,1.13,269,40,0.0,Clouds,scattered clouds,15
Szatina-Kishajmás,46.202778,18.083611,2026-07-16 16:00:01.076078,30.49,30.02,30.49,30.49,1017,38,2.26,314,51,0.0,Clouds,broken clouds,15
Márok,45.886944,18.499167,2026-07-16 16:00:02.321291,29.83,31.96,29.83,29.83,1017,57,0.45,359,74,0.0,Clouds,broken clouds,15
Nagynyárád,45.953333,18.564722,2026-07-16 16:00:03.565452,29.9,32.08,29.9,29.9,1017,57,2.83,31,76,0.0,Clouds,broken clouds,15
Szászvár,46.2875,18.369722222222222,2026-07-16 16:00:04.832991,30.93,30.06,30.93,30.93,1017,34,1.42,343,64,0.0,Clouds,broken clouds,15
Cikó,46.263514,18.557605,2026-07-16 16:00:06.094976,31.47,30.45,31.47,31.47,1017,32,2.29,45,80,0.0,Clouds,broken clouds,15
Gyöngyfa-Magyarmecske,45.983889,17.958889,2026-07-16 16:00:07.323923,31.25,30.68,31.25,31.25,1017,36,1.94,353,44,0.0,Clouds,scattered clouds,15
Nagyhát,47.581389,21.445,2026-07-16 16:00:08.596282,29.54,28.47,29.54,29.54,1016,32,4.67,3,100,0.0,Clouds,overcast clouds,15
Balmazújváros,47.613889,21.348056,2026-07-16 16:00:09.820295,29.62,28.62,29.62,29.62,1016,33,4.18,7,100,0.0,Clouds,overcast clouds,15
Kónya,47.600833,21.2375,2026-07-16 16:00:11.069989,29.83,28.82,29.83,29.83,1016,33,4.47,6,99,0.0,Clouds,overcast clouds,15
Hortobágy,47.586111,21.154722,2026-07-16 16:00:12.339570,29.94,28.93,29.94,29.94,1016,33,4.16,357,99,0.0,Clouds,overcast clouds,15
Hortobágyi Halastó,47.604167,21.074167,2026-07-16 16:00:13.647649,30.03,29.11,30.03,30.03,1016,34,3.99,347,100,0.0,Clouds,overcast clouds,15
Ohat-Pusztakócs,47.623333,20.951111,2026-07-16 16:00:14.908151,30.11,29.19,30.11,30.11,1016,34,3.52,332,100,0.0,Clouds,overcast clouds,15
Egyek,47.616944,20.883611,2026-07-16 16:00:16.135485,30.2,29.28,30.2,30.2,1016,34,3.45,329,100,0.0,Clouds,overcast clouds,15
Tiszafüred,47.627778,20.756111,2026-07-16 16:00:17.395266,30.35,29.34,30.35,30.35,1016,33,3.39,334,100,0.0,Clouds,overcast clouds,15
Poroszló,47.657778,20.654444,2026-07-16 16:00:18.656536,30.6,29.6,30.6,30.6,1016,33,3.41,349,100,0.0,Clouds,overcast clouds,15
Kétútköz,47.694167,20.565,2026-07-16 16:00:19.917259,30.65,29.76,30.65,30.65,1016,34,3.52,359,100,0.0,Clouds,overcast clouds,15
Egerfarmos,47.711667,20.5225,2026-07-16 16:00:21.145690,30.73,29.84,30.73,30.73,1016,34,3.88,0,100,0.0,Clouds,overcast clouds,15
Piliscsaba,47.638056,18.829722,2026-07-16 16:00:22.407795,30.85,29.49,30.74,31.87,1017,29,2.77,245,50,0.0,Clouds,scattered clouds,15
Pilisjászfalu,47.656111,18.797778,2026-07-16 16:00:23.624522,31.04,29.6,30.99,31.7,1017,28,2.67,243,48,0.0,Clouds,scattered clouds,15
Leányvár,47.687594,18.772553,2026-07-16 16:00:24.851805,31.16,29.72,31.16,31.87,1017,28,2.6,242,47,0.0,Clouds,scattered clouds,15
Dorog,47.723333,18.732778,2026-07-16 16:00:26.113466,31.38,30.46,31.38,31.38,1017,33,2.3,238,46,0.0,Clouds,scattered clouds,15
Esztergom-Kertváros,47.743333,18.719167,2026-07-16 16:00:27.374608,31.45,30.54,31.45,31.45,1017,33,2.25,240,47,0.0,Clouds,scattered clouds,15
Esztergom,47.7775,18.743611,2026-07-16 16:00:28.631596,31.51,30.61,31.51,31.51,1017,33,2.44,253,50,0.0,Clouds,scattered clouds,15
Dunaalmás,47.733056,18.326389,2026-07-16 16:00:29.893558,31.08,30.23,31.08,31.08,1017,34,1.24,235,28,0.0,Clouds,scattered clouds,15
Neszmély,47.734444,18.345278,2026-07-16 16:00:31.114404,31.08,30.23,31.08,31.08,1017,34,1.24,235,28,0.0,Clouds,scattered clouds,15
Süttő,47.761111,18.455,2026-07-16 16:00:32.371227,30.85,29.87,30.85,30.85,1017,33,1.48,222,26,0.0,Clouds,scattered clouds,15
Piszke,47.75307,18.478017,2026-07-16 16:00:33.583134,30.8,29.81,30.8,30.8,1017,33,1.6,222,27,0.0,Clouds,scattered clouds,15
Lábatlan,47.751944,18.513333,2026-07-16 16:00:34.868395,30.72,29.73,30.72,30.72,1017,33,1.73,223,29,0.0,Clouds,scattered clouds,15
Eternitgyár,47.755544,18.530014,2026-07-16 16:00:36.132097,30.72,29.73,30.72,30.72,1017,33,1.73,223,29,0.0,Clouds,scattered clouds,15
Nyergesújfalu felső,47.762222,18.540556,2026-07-16 16:00:37.388206,30.72,29.73,30.72,30.72,1017,33,1.73,223,29,0.0,Clouds,scattered clouds,15
Nyergesújfalu,47.761111,18.561667,2026-07-16 16:00:38.652055,30.6,29.6,30.6,30.6,1017,33,1.83,224,31,0.0,Clouds,scattered clouds,15
Tokod,47.735,18.675,2026-07-16 16:00:39.867132,31.47,30.56,31.47,31.47,1017,33,2.19,234,43,0.0,Clouds,scattered clouds,15
Környe,47.541667,18.330278,2026-07-16 16:00:41.099935,30.47,29.77,30.47,30.47,1017,36,2.24,240,80,0.0,Clouds,broken clouds,15
Kecskéd alsó,47.519722,18.316667,2026-07-16 16:00:42.342089,30.48,29.78,30.48,30.48,1017,36,2.33,243,91,0.0,Clouds,overcast clouds,15
Oroszlány,47.486944,18.308611,2026-07-16 16:00:43.602451,30.34,29.74,30.34,30.34,1017,37,2.18,246,98,0.0,Clouds,overcast clouds,15
Győrszabadhegy,47.663056,17.648056,2026-07-16 16:00:44.859979,31.76,31.77,31.76,31.76,1017,39,2.21,254,11,0.0,Clouds,few clouds,15
Ménfőcsanak felső,47.638333,17.615,2026-07-16 16:00:46.114959,31.83,32.04,31.83,31.83,1017,40,2.22,246,12,0.0,Clouds,few clouds,15
Gyömöre-Tét,47.501672,17.559596,2026-07-16 16:00:47.349209,31.54,31.8,31.54,31.54,1017,41,2.84,244,15,0.0,Clouds,few clouds,15
Szerecseny,47.469167,17.5475,2026-07-16 16:00:48.571737,31.54,31.8,31.54,31.54,1017,41,2.87,248,16,0.0,Clouds,few clouds,15
Gecse-Gyarmat,47.456111,17.515,2026-07-16 16:00:49.826652,31.46,31.68,31.46,31.46,1017,41,2.79,244,17,0.0,Clouds,few clouds,15
Vaszar,47.4025,17.496389,2026-07-16 16:00:51.053193,31.5,31.91,31.5,31.5,1018,42,2.68,259,20,0.0,Clouds,few clouds,15
Pápa,47.340556,17.458889,2026-07-16 16:00:52.308559,31.44,32.0,31.44,31.44,1018,43,2.54,270,21,0.0,Clouds,few clouds,15
Mezőlak,47.324722,17.371389,2026-07-16 16:00:53.534030,31.52,32.29,31.52,31.52,1018,44,1.98,265,18,0.0,Clouds,few clouds,15
Mihályháza,47.318889,17.331667,2026-07-16 16:00:54.792164,31.5,32.45,31.5,31.5,1018,45,1.77,272,15,0.0,Clouds,few clouds,15
Vinár,47.306667,17.284722,2026-07-16 16:00:56.053545,31.56,32.54,31.56,31.56,1018,45,1.56,269,14,0.0,Clouds,few clouds,15
Külsővat,47.279167,17.219722,2026-07-16 16:00:57.338085,31.54,32.71,31.54,31.54,1018,46,0.95,272,13,0.0,Clouds,few clouds,15
Celldömölk,47.261389,17.151944,2026-07-16 16:00:58.573728,31.54,32.91,31.54,31.54,1018,47,0.64,281,13,0.0,Clouds,few clouds,15
Kemenesmihályfa,47.278056,17.111111,2026-07-16 16:00:59.816670,31.23,32.41,31.23,31.23,1018,47,0.48,240,16,0.0,Clouds,few clouds,15
Nagysimonyi,47.265556,17.058889,2026-07-16 16:01:01.057645,31.3,32.52,31.3,31.3,1018,47,0.36,243,17,0.0,Clouds,few clouds,15
Ostffyasszonyfa,47.283889,17.023889,2026-07-16 16:01:02.316987,31.47,32.99,31.47,31.47,1018,48,0.58,197,19,0.0,Clouds,few clouds,15
Sárvár,47.259167,16.928889,2026-07-16 16:01:03.575178,31.65,33.3,31.65,31.65,1018,48,0.84,212,21,0.0,Clouds,few clouds,15
Porpác,47.238611,16.8325,2026-07-16 16:01:04.800635,29.18,29.65,29.18,29.18,1018,48,0.97,228,21,0.0,Clouds,few clouds,15
Balatonföldvár,46.853889,17.881389,2026-07-16 16:01:06.028418,29.81,29.94,29.41,32.15,1018,44,3.13,315,15,0.0,Clouds,few clouds,15
Balatonszárszó,46.832222,17.830278,2026-07-16 16:01:07.293574,29.67,28.52,29.43,32.17,1018,31,2.96,282,18,0.0,Clouds,few clouds,15
Balatonszemes,46.811944,17.776389,2026-07-16 16:01:08.539168,29.48,28.35,29.41,32.15,1018,31,2.84,288,19,0.0,Clouds,few clouds,15
Balatonlelle felső,46.793889,17.7175,2026-07-16 16:01:09.770588,29.43,28.3,29.43,32.17,1018,31,2.65,292,17,0.0,Clouds,few clouds,15
Balatonlelle,46.7875,17.694167,2026-07-16 16:01:10.987290,29.39,29.44,29.39,32.14,1018,44,2.49,292,15,0.0,Clouds,few clouds,15
Fonyódliget,46.759167,17.592222,2026-07-16 16:01:12.242036,29.41,29.46,29.41,29.41,1018,44,2.27,294,12,0.0,Clouds,few clouds,15
Balatonboglár,46.776111,17.647222,2026-07-16 16:01:13.469096,29.41,29.46,29.41,29.41,1018,44,2.33,292,14,0.0,Clouds,few clouds,15
Balatonfenyves alsó,46.708611,17.455278,2026-07-16 16:01:14.732673,30.64,30.88,30.64,30.64,1018,43,1.86,298,11,0.0,Clouds,few clouds,15
Fonyód,46.750278,17.558889,2026-07-16 16:01:15.946124,30.48,30.96,30.48,30.48,1018,45,1.99,293,10,0.0,Clear,clear sky,15
Bélatelep,46.737778,17.535,2026-07-16 16:01:17.181578,30.53,30.88,30.53,30.53,1018,44,1.95,295,10,0.0,Clear,clear sky,15
Alsóbélatelep,46.724167,17.516389,2026-07-16 16:01:18.399412,30.53,30.88,30.53,30.53,1018,44,1.95,295,10,0.0,Clear,clear sky,15
Balatonfenyves,46.713611,17.482778,2026-07-16 16:01:19.647561,30.56,30.92,30.56,30.56,1018,44,1.94,297,10,0.0,Clear,clear sky,15
Máriahullámtelep,46.704722,17.435,2026-07-16 16:01:20.905304,30.64,30.88,30.64,30.64,1018,43,1.86,298,11,0.0,Clouds,few clouds,15
Balatonmáriafürdő,46.704167,17.374722,2026-07-16 16:01:22.136754,30.77,30.9,30.77,30.77,1018,42,1.78,299,13,0.0,Clouds,few clouds,15
Balatonberény,46.713889,17.316944,2026-07-16 16:01:23.366792,30.71,30.82,30.71,30.71,1018,42,1.81,298,14,0.0,Clouds,few clouds,15
Balatonszentgyörgy,46.692778,17.288889,2026-07-16 16:01:24.611488,30.84,30.85,30.84,30.84,1018,41,1.98,301,13,0.0,Clouds,few clouds,15
Vörs,46.663611,17.260278,2026-07-16 16:01:25.846213,30.95,30.99,30.95,30.95,1018,41,2.25,303,12,0.0,Clouds,few clouds,15
Zalaszentjakab,46.491667,17.135278,2026-07-16 16:01:27.088025,31.36,31.71,31.36,31.36,1018,42,2.55,314,10,0.0,Clear,clear sky,15
Nagykanizsa,46.440833,16.986667,2026-07-16 16:01:28.334720,31.82,32.56,31.82,31.82,1018,43,2.41,305,15,0.0,Clouds,few clouds,15
Murakeresztúr,46.363889,16.876944,2026-07-16 16:01:29.568775,32.36,33.62,32.36,32.36,1018,44,1.77,299,12,0.0,Clouds,few clouds,15
Zalakomár,46.530278,17.188056,2026-07-16 16:01:30.827635,31.34,31.52,31.34,31.34,1018,41,2.64,315,9,0.0,Clear,clear sky,15
Szárazrét,47.200833,18.381111,2026-07-16 16:01:32.090585,30.72,30.17,30.72,30.72,1017,37,1.03,22,80,0.0,Clouds,broken clouds,15
Bodajk,47.318333,18.251944,2026-07-16 16:01:33.475831,30.47,30.0,30.47,30.47,1017,38,0.8,360,100,0.0,Clouds,overcast clouds,15
Csókakő,47.3275,18.240556,2026-07-16 16:01:35.226386,30.16,29.65,30.16,30.16,1017,38,0.66,336,100,0.0,Clouds,overcast clouds,15
Mór,47.369167,18.189167,2026-07-16 16:01:36.458404,30.4,29.92,30.4,30.4,1017,38,1.07,312,100,0.0,Clouds,overcast clouds,15
Bakonysárkány,47.443611,18.103611,2026-07-16 16:01:37.692679,30.27,29.77,30.27,30.27,1017,38,2.17,275,95,0.0,Clouds,overcast clouds,15
Kisbér,47.494167,18.024722,2026-07-16 16:01:38.918226,30.83,30.3,30.83,30.83,1017,37,3.08,271,58,0.0,Clouds,broken clouds,15
Nagyigmánd-Bábolna,47.630556,18.050833,2026-07-16 16:01:40.168715,31.25,30.68,31.25,31.25,1017,36,3.39,260,32,0.0,Clouds,scattered clouds,15
Budapest-Déli,47.498889,19.025,2026-07-16 16:01:41.426370,32.14,31.23,31.38,32.51,1017,32,0.89,312,70,0.0,Clouds,broken clouds,15
Budapest-Kelenföld,47.464444,19.02,2026-07-16 16:01:42.639414,32.38,31.66,31.49,32.62,1017,33,0.89,280,72,0.0,Clouds,broken clouds,15
Budaörs,47.4475,18.965,2026-07-16 16:01:43.863228,32.39,31.82,31.4,32.53,1017,34,0.89,280,71,0.0,Clouds,broken clouds,15
Biatorbágy,47.480278,18.834444,2026-07-16 16:01:45.114402,31.34,30.19,31.04,32.17,1017,31,1.36,246,53,0.0,Clouds,broken clouds,15
Herceghalom,47.493611,18.746111,2026-07-16 16:01:46.347656,31.42,29.98,31.3,32.43,1017,28,1.5,250,44,0.0,Clouds,scattered clouds,15
Bicske,47.484167,18.6175,2026-07-16 16:01:47.564246,31.1,30.14,31.1,31.1,1017,33,1.44,262,40,0.0,Clouds,scattered clouds,15
Szár,47.485,18.5275,2026-07-16 16:01:48.794502,30.89,30.02,30.89,30.89,1017,34,1.54,262,52,0.0,Clouds,broken clouds,15
Szárliget,47.518333,18.495833,2026-07-16 16:01:50.015403,29.84,28.92,29.84,29.84,1017,34,1.66,253,53,0.0,Clouds,broken clouds,15
Alsógalla,47.563337,18.425102,2026-07-16 16:01:51.241287,30.42,29.61,30.42,30.42,1017,35,1.95,238,63,0.0,Clouds,broken clouds,15
Tatabánya,47.585556,18.393056,2026-07-16 16:01:52.476147,30.6,29.81,30.6,30.6,1017,35,1.98,234,61,0.0,Clouds,broken clouds,15
Vértesszőlős,47.619444,18.375278,2026-07-16 16:01:53.734215,30.68,29.9,30.68,30.68,1017,35,1.84,232,54,0.0,Clouds,broken clouds,15
Tóvároskert,47.646111,18.348611,2026-07-16 16:01:54.980921,30.81,29.93,30.81,30.81,1017,34,1.75,232,49,0.0,Clouds,scattered clouds,15
Tata,47.665,18.3275,2026-07-16 16:01:56.228266,30.85,29.97,30.85,30.85,1017,34,1.54,231,41,0.0,Clouds,scattered clouds,15
Almásfüzitő,47.725278,18.262222,2026-07-16 16:01:57.470165,31.21,30.38,31.21,31.21,1017,34,1.39,249,28,0.0,Clouds,scattered clouds,15
Almásfüzitő felső,47.731389,18.216389,2026-07-16 16:01:58.714412,31.7,30.96,31.7,31.7,1017,34,1.76,261,25,0.0,Clouds,scattered clouds,15
Szőny,47.735556,18.1775,2026-07-16 16:01:59.964071,31.73,30.99,31.73,31.73,1017,34,1.99,264,23,0.0,Clouds,few clouds,15
Komárom,47.749444,18.113611,2026-07-16 16:02:01.219192,31.74,31.14,31.74,31.74,1017,35,2.4,272,13,0.0,Clouds,few clouds,15
Ács,47.717222,18.004444,2026-07-16 16:02:02.454477,31.48,30.96,31.48,31.48,1017,36,3.25,271,8,0.0,Clear,clear sky,15
Nagyszentjános,47.705556,17.871389,2026-07-16 16:02:03.665997,31.59,31.24,31.59,31.59,1017,37,3.38,271,6,0.0,Clear,clear sky,15
Győrszentiván,47.688611,17.745556,2026-07-16 16:02:04.909722,31.66,31.48,31.66,31.66,1017,38,2.97,267,9,0.0,Clear,clear sky,15
Győr-Gyárváros,47.684444,17.663889,2026-07-16 16:02:06.153175,31.77,31.78,31.77,31.77,1017,39,2.39,259,11,0.0,Clouds,few clouds,15
Győr,47.681944,17.634722,2026-07-16 16:02:07.381961,31.76,31.77,31.76,31.76,1017,39,2.21,254,11,0.0,Clouds,few clouds,15
Öttevény,47.719722,17.489167,2026-07-16 16:02:08.647094,31.91,32.33,31.91,31.91,1017,41,1.73,196,14,0.0,Clouds,few clouds,15
Lébény-Mosonszentmiklós,47.755278,17.426389,2026-07-16 16:02:09.886145,31.96,32.4,31.96,31.96,1017,41,2.59,171,15,0.0,Clouds,few clouds,15
Kimle-Károlyháza,47.803889,17.342778,2026-07-16 16:02:11.133574,32.04,32.33,32.04,32.04,1017,40,3.12,166,19,0.0,Clouds,few clouds,15
Mosonmagyaróvár,47.849722,17.267222,2026-07-16 16:02:12.367381,32.82,33.3,32.82,32.83,1017,39,3.1,175,26,0.0,Clouds,scattered clouds,15
Levél,47.889722,17.1925,2026-07-16 16:02:13.608663,32.8,33.07,30.53,32.8,1017,38,2.86,188,25,0.0,Clouds,scattered clouds,15
Hegyeshalom,47.913889,17.145556,2026-07-16 16:02:14.862903,32.77,33.03,30.5,32.77,1017,38,2.66,195,24,0.0,Clouds,few clouds,15
Óbuda,47.568611,19.033889,2026-07-16 16:02:16.122375,32.15,31.11,31.53,32.65,1017,31,0.89,312,64,0.0,Clouds,broken clouds,15
Üröm,47.580556,19.002222,2026-07-16 16:02:17.360199,31.9,30.7,31.42,32.55,1017,30,0.89,312,63,0.0,Clouds,broken clouds,15
Solymár,47.596111,18.95,2026-07-16 16:02:18.571780,31.48,30.24,31.24,32.37,1017,30,0.89,312,60,0.0,Clouds,broken clouds,15
Pilisvörösvár,47.614444,18.902222,2026-07-16 16:02:19.840203,31.04,29.68,30.88,32.01,1017,29,2.7,247,56,0.0,Clouds,broken clouds,15
Klotildliget,47.637778,18.846389,2026-07-16 16:02:21.097482,31.32,30.28,31.29,31.75,1017,32,2.77,245,50,0.0,Clouds,scattered clouds,15
Kútvölgy,46.459444,20.451944,2026-07-16 16:02:22.343925,30.57,29.38,30.57,31.1,1016,31,3.25,346,98,0.0,Clouds,overcast clouds,15
Székkutas,46.503889,20.541111,2026-07-16 16:02:23.568597,31.08,29.91,30.55,31.08,1016,31,3.22,343,98,0.0,Clouds,overcast clouds,15
Kaposszentjakab,46.358056,17.821944,2026-07-16 16:02:24.834850,31.07,30.72,31.07,31.07,1017,38,2.53,295,43,0.0,Clouds,scattered clouds,15
Kaposvár,46.352778,17.795,2026-07-16 16:02:26.092261,30.96,30.59,30.96,30.96,1017,38,2.47,296,41,0.0,Clouds,scattered clouds,15
Kaposújlak,46.366667,17.715,2026-07-16 16:02:27.318564,31.07,30.72,31.07,31.07,1018,38,2.25,302,35,0.0,Clouds,scattered clouds,15
Kaposmérő,46.365278,17.698889,2026-07-16 16:02:28.582692,31.02,30.8,31.02,31.02,1018,39,2.19,304,33,0.0,Clouds,scattered clouds,15
Kaposfő,46.364167,17.656667,2026-07-16 16:02:29.808009,30.98,30.75,30.98,30.98,1018,39,2.12,305,31,0.0,Clouds,scattered clouds,15
Kiskorpád,46.361389,17.606667,2026-07-16 16:02:31.026722,30.92,30.67,30.92,30.92,1018,39,2.03,307,28,0.0,Clouds,scattered clouds,15
Jákó-Nagybajom,46.344444,17.554444,2026-07-16 16:02:32.269684,30.94,30.84,30.94,30.94,1018,40,1.62,315,26,0.0,Clouds,scattered clouds,15
Kutas,46.326111,17.453889,2026-07-16 16:02:33.554797,31.22,31.2,31.22,31.22,1018,40,1.1,322,23,0.0,Clouds,few clouds,15
Beleg,46.316944,17.420556,2026-07-16 16:02:34.842729,31.37,31.4,31.37,31.37,1018,40,0.46,351,23,0.0,Clouds,few clouds,15
Ötvöskónyi,46.292778,17.358056,2026-07-16 16:02:36.107014,31.46,31.52,31.46,31.46,1018,40,0.35,63,24,0.0,Clouds,few clouds,15
Somogyszob,46.289167,17.305556,2026-07-16 16:02:37.369217,31.55,31.65,31.55,31.55,1018,40,0.54,105,25,0.0,Clouds,scattered clouds,15
Bolhás,46.282222,17.275278,2026-07-16 16:02:38.633158,31.64,31.77,31.64,31.64,1018,40,0.61,121,26,0.0,Clouds,scattered clouds,15
Szenta,46.274167,17.182222,2026-07-16 16:02:39.851540,31.8,31.99,31.8,31.8,1018,40,0.44,137,28,0.0,Clouds,scattered clouds,15
Zrínyitelep,46.275278,17.138056,2026-07-16 16:02:41.095510,31.87,32.09,31.87,31.87,1018,40,0.3,154,29,0.0,Clouds,scattered clouds,15
Csurgó,46.261111,17.091667,2026-07-16 16:02:42.306839,32.12,32.45,32.12,32.12,1018,40,0.34,150,30,0.0,Clouds,scattered clouds,15
Gyékényes,46.249167,16.956389,2026-07-16 16:02:43.536233,32.26,32.85,32.26,32.26,1018,41,0.87,291,24,0.0,Clouds,few clouds,15
Adony,47.106111,18.847778,2026-07-16 16:02:44.781679,30.71,29.62,30.71,30.71,1017,32,1.09,20,44,0.0,Clouds,scattered clouds,15
Kulcs,47.051111,18.8975,2026-07-16 16:02:46.038445,30.44,29.25,30.44,30.44,1017,31,1.39,357,38,0.0,Clouds,scattered clouds,15
Rácalmás,47.023333,18.908889,2026-07-16 16:02:47.268098,30.42,29.23,30.42,30.42,1017,31,1.5,358,36,0.0,Clouds,scattered clouds,15
Dunaújváros,46.960556,18.913889,2026-07-16 16:02:48.537901,30.48,29.29,30.48,30.48,1017,31,1.69,358,37,0.0,Clouds,scattered clouds,15
Újvenyim,46.936944,18.868889,2026-07-16 16:02:49.760979,30.6,29.51,30.6,30.6,1017,32,1.63,6,37,0.0,Clouds,scattered clouds,15
Mezőfalva,46.905556,18.810278,2026-07-16 16:02:51.025585,30.65,29.65,30.65,30.65,1017,33,1.59,15,38,0.0,Clouds,scattered clouds,15
Nagykarácsony felső,46.866047,18.783064,2026-07-16 16:02:52.250741,30.78,29.79,30.78,30.78,1017,33,1.71,13,44,0.0,Clouds,scattered clouds,15
Nagykarácsony,46.848729,18.765722,2026-07-16 16:02:53.462168,30.65,29.65,30.65,30.65,1017,33,1.73,19,45,0.0,Clouds,scattered clouds,15
Alap,46.831944,18.657778,2026-07-16 16:02:54.706550,31.04,30.19,31.04,31.04,1017,34,1.89,48,33,0.0,Clouds,scattered clouds,15
Cece,46.773333,18.623333,2026-07-16 16:02:55.962697,31.13,30.41,31.13,31.13,1017,35,2.03,48,39,0.0,Clouds,scattered clouds,15
Vajta,46.713611,18.648056,2026-07-16 16:02:57.198133,31.11,30.38,31.11,31.11,1017,35,2.3,37,52,0.0,Clouds,broken clouds,15
Rétszilas alsó,46.829167,18.639444,2026-07-16 16:02:58.419274,31.04,30.19,31.04,31.04,1017,34,1.89,48,33,0.0,Clouds,scattered clouds,15
Nagydorog,46.615485,18.65002,2026-07-16 16:02:59.634014,31.14,30.42,31.14,31.14,1017,35,2.89,33,66,0.0,Clouds,broken clouds,15
Tengelic,46.516111,18.695278,2026-07-16 16:03:00.894055,31.16,30.32,31.16,31.16,1017,34,3.42,32,77,0.0,Clouds,broken clouds,15
Fácánkert,46.449041,18.735661,2026-07-16 16:03:02.104990,31.4,30.48,31.4,31.4,1017,33,3.42,33,78,0.0,Clouds,broken clouds,15
Tolna-Mözs,46.416389,18.750556,2026-07-16 16:03:03.316071,31.57,30.56,31.57,31.57,1017,32,3.34,31,72,0.0,Clouds,broken clouds,15
Szekszárd-Palánk,46.38027777777778,18.72833333333333,2026-07-16 16:03:04.604498,31.59,30.58,31.59,31.59,1017,32,3.29,36,79,0.0,Clouds,broken clouds,15
Szekszárd,46.349444,18.7125,2026-07-16 16:03:05.868102,31.64,30.64,31.64,31.64,1017,32,3.2,37,79,0.0,Clouds,broken clouds,15
Őcsény,46.318889,18.7425,2026-07-16 16:03:07.136366,31.81,30.72,31.81,31.81,1017,31,3.1,35,75,0.0,Clouds,broken clouds,15
Decs,46.283889,18.756111,2026-07-16 16:03:08.395897,31.85,30.65,31.85,31.85,1017,30,3.05,36,76,0.0,Clouds,broken clouds,15
Csikóstőttős,46.337222,18.152778,2026-07-16 16:03:09.608736,31.13,30.66,31.13,31.13,1017,37,2.62,295,49,0.0,Clouds,scattered clouds,15
Mágocs-Alsómocsolád,46.31027777777778,18.222222222222225,2026-07-16 16:03:10.854131,30.59,29.91,30.59,30.59,1017,36,2.37,301,50,0.0,Clouds,scattered clouds,15
Szalatnak,46.284444444444446,18.288611111111113,2026-07-16 16:03:12.116051,30.92,30.17,30.92,30.92,1017,35,1.76,318,56,0.0,Clouds,broken clouds,15
Máza-Szászvár,46.279167,18.411389,2026-07-16 16:03:13.379035,31.04,30.19,31.04,31.04,1017,34,1.4,0,69,0.0,Clouds,broken clouds,15
Váralja,46.281667,18.436111,2026-07-16 16:03:14.604917,31.22,30.28,31.22,31.22,1017,33,1.7,28,76,0.0,Clouds,broken clouds,15
Nagymányok,46.280278,18.459167,2026-07-16 16:03:15.868263,31.22,30.28,31.22,31.22,1017,33,1.7,28,76,0.0,Clouds,broken clouds,15
Hidas-Bonyhád,46.269444,18.523333,2026-07-16 16:03:17.134645,31.16,30.32,31.16,31.16,1017,34,2.15,41,81,0.0,Clouds,broken clouds,15
Mőcsény,46.2575,18.591944,2026-07-16 16:03:18.394777,31.08,30.01,31.08,31.08,1017,32,2.6,46,81,0.0,Clouds,broken clouds,15
Bátaszék,46.202222,18.715556,2026-07-16 16:03:19.616784,31.79,30.69,31.79,31.79,1017,31,2.82,42,78,0.0,Clouds,broken clouds,15
Pörböly,46.199167,18.826389,2026-07-16 16:03:20.872647,31.78,30.57,31.78,31.78,1017,30,3.07,33,75,0.0,Clouds,broken clouds,15
Orosháza,46.566111,20.664722,2026-07-16 16:03:22.083484,31.06,29.89,31.06,31.06,1016,31,2.96,344,99,0.0,Clouds,overcast clouds,15
Orosházi tanyák,46.596944,20.760556,2026-07-16 16:03:23.338301,30.53,29.43,30.53,30.53,1016,32,3.08,345,99,0.0,Clouds,overcast clouds,15
Csorvás,46.623611,20.840833,2026-07-16 16:03:24.595474,30.51,29.41,30.51,30.51,1016,32,3.06,343,99,0.0,Clouds,overcast clouds,15
Csorvás alsó,46.634722,20.888333,2026-07-16 16:03:25.856904,30.53,29.43,30.53,30.53,1016,32,3.13,342,98,0.0,Clouds,overcast clouds,15
Telekgerendás,46.656111,20.963889,2026-07-16 16:03:27.074053,30.53,29.43,30.53,30.53,1016,32,3.23,333,98,0.0,Clouds,overcast clouds,15
Fürjes,46.67214,21.02306,2026-07-16 16:03:28.334056,30.53,29.43,30.53,30.53,1016,32,0.89,329,98,0.0,Clouds,overcast clouds,15
Fényes,46.659876,21.16618,2026-07-16 16:03:29.544761,30.56,29.46,30.56,30.56,1016,32,0.89,329,96,0.0,Clouds,overcast clouds,15
Bicere,46.66,21.179444,2026-07-16 16:03:30.801471,30.55,29.45,30.55,30.55,1016,32,0.89,329,96,0.0,Clouds,overcast clouds,15
Gyula,46.656389,21.273333,2026-07-16 16:03:32.075251,30.54,29.44,30.54,30.54,1016,32,4.69,312,96,0.0,Clouds,overcast clouds,15
József Szanatórium,46.704722,21.3325,2026-07-16 16:03:33.332453,30.53,29.43,30.53,30.53,1016,32,5.16,309,99,0.0,Clouds,overcast clouds,15
Sarkadi Cukorgyár,46.73,21.383611,2026-07-16 16:03:34.590676,30.54,29.44,30.54,30.54,1016,32,5.61,309,100,0.0,Clouds,overcast clouds,15
Sarkad,46.736944,21.402222,2026-07-16 16:03:35.805202,30.53,29.53,30.53,30.53,1016,33,5.8,309,100,0.0,Clouds,overcast clouds,15
Kötegyán,46.758333,21.479722,2026-07-16 16:03:37.021442,30.53,29.43,30.53,30.53,1016,32,6.05,309,100,0.0,Clouds,overcast clouds,15
Méhkerék,46.774444,21.455556,2026-07-16 16:03:38.282330,30.53,29.53,30.53,30.53,1016,33,5.89,308,99,0.0,Clouds,overcast clouds,15
Sarkadkeresztúr,46.823611,21.4175,2026-07-16 16:03:39.537277,30.55,29.55,30.55,30.55,1016,33,5.62,307,99,0.0,Clouds,overcast clouds,15
Okány,46.8925,21.339167,2026-07-16 16:03:40.803936,30.55,29.65,30.55,30.55,1016,34,4.44,310,100,0.0,Clouds,overcast clouds,15
Újszeged,46.242222,20.16,2026-07-16 16:03:42.021338,31.75,30.77,31.75,31.75,1016,32,3.73,358,100,0.0,Clouds,overcast clouds,15
Szőreg,46.211389,20.183056,2026-07-16 16:03:43.277156,31.74,30.75,31.74,31.74,1016,32,4.28,354,100,0.0,Clouds,overcast clouds,15
Deszk,46.210278,20.246389,2026-07-16 16:03:44.540596,31.75,30.77,31.75,31.75,1016,32,4.74,354,100,0.0,Clouds,overcast clouds,15
Kiszombor,46.191944,20.413056,2026-07-16 16:03:45.806743,30.98,29.91,30.98,30.98,1016,32,5.23,355,100,0.0,Clouds,overcast clouds,15
Kiszombor megálló,46.191111,20.430833,2026-07-16 16:03:47.068911,30.98,29.91,30.98,30.98,1016,32,5.23,355,100,0.0,Clouds,overcast clouds,15
Makó,46.204722,20.474722,2026-07-16 16:03:48.324728,30.99,29.92,30.99,30.99,1016,32,5.27,355,99,0.0,Clouds,overcast clouds,15
Apátfalva,46.175193,20.580611,2026-07-16 16:03:49.583342,31.19,30.13,31.19,31.19,1016,32,5.18,2,99,0.0,Clouds,overcast clouds,15
Magyarcsanád,46.174444,20.610278,2026-07-16 16:03:50.829621,31.27,30.22,31.27,31.27,1016,32,5.14,5,99,0.0,Clouds,overcast clouds,15
Nagylak,46.17,20.708333,2026-07-16 16:03:52.090971,31.21,30.27,31.21,31.21,1016,33,4.98,14,99,0.0,Clouds,overcast clouds,15
Nagylaki Kendergyár,46.189167,20.717222,2026-07-16 16:03:53.336588,31.2,30.25,31.2,31.2,1016,33,4.94,11,99,0.0,Clouds,overcast clouds,15
Csanádpalota,46.236111,20.7325,2026-07-16 16:03:54.583515,31.19,30.24,31.19,31.19,1016,33,4.88,8,99,0.0,Clouds,overcast clouds,15
Mezőhegyes,46.310833,20.815556,2026-07-16 16:03:55.817740,31.13,30.18,31.13,31.13,1016,33,4.47,1,98,0.0,Clouds,overcast clouds,15
Végegyháza,46.384444,20.878611,2026-07-16 16:03:57.060038,31.15,30.31,31.15,31.15,1016,34,4.09,354,98,0.0,Clouds,overcast clouds,15
Mezőkovácsháza,46.408333,20.9,2026-07-16 16:03:58.322256,31.15,30.2,31.15,31.15,1016,33,4.03,352,97,0.0,Clouds,overcast clouds,15
Mezőkovácsháza felső,46.415556,20.918056,2026-07-16 16:03:59.582690,31.16,30.32,31.16,31.16,1016,34,3.94,350,97,0.0,Clouds,overcast clouds,15
Magyarbánhegyes,46.451389,20.97,2026-07-16 16:04:00.828766,30.5,29.59,30.5,30.5,1016,34,3.91,347,96,0.0,Clouds,overcast clouds,15
Medgyesegyháza,46.495278,21.029167,2026-07-16 16:04:02.057604,30.48,29.57,30.48,30.48,1016,34,3.93,340,94,0.0,Clouds,overcast clouds,15
Bánkút,46.505278,21.091944,2026-07-16 16:04:03.299210,30.5,29.4,30.5,30.5,1016,32,4.01,337,93,0.0,Clouds,overcast clouds,15
Belsőperegpuszta,46.321111,20.916667,2026-07-16 16:04:04.558196,31.13,30.41,31.13,31.13,1016,35,4.01,1,99,0.0,Clouds,overcast clouds,15
Battonya,46.282222,21.003889,2026-07-16 16:04:05.820595,31.16,38.16,31.13,33.95,1016,100,3.9,3,100,0.0,Clouds,overcast clouds,15
Baja-Dunafürdő,46.193333,18.919167,2026-07-16 16:04:07.073333,31.74,30.52,31.74,31.74,1017,30,3.32,27,76,0.0,Clouds,broken clouds,15
Kaposszekcső,46.330556,18.143056,2026-07-16 16:04:08.299632,31.08,30.73,31.08,31.08,1017,38,2.62,295,49,0.0,Clouds,scattered clouds,15
Vásárosdombó,46.310556,18.138889,2026-07-16 16:04:09.543744,30.94,30.56,30.94,30.94,1017,38,2.57,298,48,0.0,Clouds,scattered clouds,15
Sásd,46.257222,18.104722,2026-07-16 16:04:10.805667,30.8,30.39,30.8,30.8,1017,38,2.48,305,48,0.0,Clouds,scattered clouds,15
Godisa,46.223333,18.104722,2026-07-16 16:04:12.064699,30.54,30.08,30.54,30.54,1017,38,2.41,308,49,0.0,Clouds,scattered clouds,15
Abaliget,46.152778,18.073611,2026-07-16 16:04:13.306694,30.39,29.91,30.39,30.39,1017,38,2.12,322,52,0.0,Clouds,broken clouds,15
Hetvehely,46.128333,18.045,2026-07-16 16:04:14.570503,30.6,30.15,30.6,30.6,1017,38,2.02,328,53,0.0,Clouds,broken clouds,15
Bükkösd,46.113056,17.999444,2026-07-16 16:04:15.786802,30.49,30.02,30.49,30.49,1017,38,1.97,331,52,0.0,Clouds,broken clouds,15
Cserdi-Helesfa,46.086667,17.987778,2026-07-16 16:04:17.012850,30.56,29.99,30.56,30.56,1017,37,1.94,335,52,0.0,Clouds,broken clouds,15
Szentlőrinc,46.033333,17.990833,2026-07-16 16:04:18.267595,31.08,30.6,31.08,31.08,1017,37,1.93,343,50,0.0,Clouds,scattered clouds,15
Bicsérd,46.041389,18.057778,2026-07-16 16:04:19.538787,30.97,30.34,30.97,30.97,1017,36,1.99,339,54,0.0,Clouds,broken clouds,15
Mecsekalja-Cserkút,46.059722,18.150278,2026-07-16 16:04:20.783775,30.42,29.61,30.42,30.42,1017,35,2.01,336,54,0.0,Clouds,broken clouds,15
Pécs,46.065833,18.223611,2026-07-16 16:04:22.024611,30.38,29.57,30.38,30.38,1017,35,1.96,342,53,0.0,Clouds,broken clouds,15
Pécs-Külváros,46.071667,18.24,2026-07-16 16:04:23.249044,30.36,29.55,30.36,30.36,1017,35,1.96,342,53,0.0,Clouds,broken clouds,15
Pécsbánya-Rendező,46.063333,18.270278,2026-07-16 16:04:24.517150,30.2,29.28,30.2,30.2,1017,34,1.91,353,54,0.0,Clouds,broken clouds,15
Pécsudvard,46.01,18.275556,2026-07-16 16:04:25.772618,30.13,29.12,30.13,30.13,1017,33,2.08,3,56,0.0,Clouds,broken clouds,15
Szőkéd,45.9675,18.29,2026-07-16 16:04:27.030467,30.31,32.23,30.31,30.31,1017,54,2.32,12,59,0.0,Clouds,broken clouds,15
Áta,45.936389,18.306944,2026-07-16 16:04:28.255248,30.42,32.42,30.42,30.42,1017,54,2.42,13,58,0.0,Clouds,broken clouds,15
Kistótfalu,45.909722,18.315278,2026-07-16 16:04:29.500931,30.46,32.49,30.46,30.46,1017,54,2.5,14,58,0.0,Clouds,broken clouds,15
Vokány,45.899722,18.334722,2026-07-16 16:04:30.725334,30.42,32.42,30.42,30.42,1017,54,2.54,17,61,0.0,Clouds,broken clouds,15
Palkonya,45.891667,18.393889,2026-07-16 16:04:31.949136,30.44,32.45,30.44,30.44,1017,54,1.34,344,64,0.0,Clouds,broken clouds,15
Villánykövesd,45.879722,18.425833,2026-07-16 16:04:33.209712,30.4,32.38,30.4,30.4,1017,54,1.34,344,67,0.0,Clouds,broken clouds,15
Villány,45.8775,18.451389,2026-07-16 16:04:34.457875,30.53,32.61,30.53,30.53,1017,54,1.34,344,73,0.0,Clouds,broken clouds,15
Magyarbóly,45.834167,18.491944,2026-07-16 16:04:35.702199,30.58,32.69,30.58,30.58,1017,54,1.34,344,74,0.0,Clouds,broken clouds,15
Magyarszék,46.210278,18.188056,2026-07-16 16:04:36.925142,30.61,30.04,30.61,30.61,1017,37,2.29,312,48,0.0,Clouds,scattered clouds,15
Mecsekpölöske,46.224167,18.213056,2026-07-16 16:04:38.156251,30.34,29.74,30.34,30.34,1017,37,2.26,310,48,0.0,Clouds,scattered clouds,15
Mecsekjánosi,46.215278,18.241944,2026-07-16 16:04:39.396617,30.37,29.66,30.37,30.37,1017,36,1.92,317,51,0.0,Clouds,broken clouds,15
Komló,46.189167,18.265278,2026-07-16 16:04:40.637413,30.61,29.93,30.61,30.61,1017,36,1.89,321,51,0.0,Clouds,broken clouds,15
Királyegyháza-Rigópuszta,45.989167,17.971667,2026-07-16 16:04:41.885638,31.16,30.57,31.16,31.16,1017,36,1.97,349,47,0.0,Clouds,scattered clouds,15
Sumony,45.960833,17.913333,2026-07-16 16:04:43.148298,31.21,30.76,31.21,31.21,1017,37,1.93,7,33,0.0,Clouds,scattered clouds,15
Okorág-Kárászpuszta,45.933611,17.864444,2026-07-16 16:04:44.365671,31.25,30.81,31.25,31.25,1017,37,2.01,18,27,0.0,Clouds,scattered clouds,15
Kákics,45.904167,17.8525,2026-07-16 16:04:45.591636,31.24,30.8,31.24,31.24,1017,37,2.17,29,21,0.0,Clouds,few clouds,15
Bóly,45.9375,18.538333,2026-07-16 16:04:46.846806,30.35,32.3,30.35,30.35,1017,54,1.34,344,76,0.0,Clouds,broken clouds,15
Mohács,46.0025,18.683333,2026-07-16 16:04:48.088919,30.62,29.35,30.62,30.62,1017,30,2.97,34,77,0.0,Clouds,broken clouds,15
Sellye,45.873333,17.858889,2026-07-16 16:04:49.346636,31.24,30.66,31.24,31.24,1017,36,2.15,26,24,0.0,Clouds,few clouds,15
Toponár,46.398333,17.840833,2026-07-16 16:04:50.565200,30.96,30.72,30.96,30.96,1017,39,2.75,292,41,0.0,Clouds,scattered clouds,15
Somogyaszaló,46.453611,17.840278,2026-07-16 16:04:51.800501,30.86,30.6,30.86,30.86,1018,39,3.13,288,38,0.0,Clouds,scattered clouds,15
Mernye,46.509444,17.832222,2026-07-16 16:04:53.032003,30.9,30.78,30.9,30.9,1018,40,3.55,288,34,0.0,Clouds,scattered clouds,15
Felsőmocsolád,46.556389,17.8225,2026-07-16 16:04:54.273226,30.72,30.69,30.72,30.72,1018,41,3.64,290,33,0.0,Clouds,scattered clouds,15
Kisbárapáti,46.615,17.866667,2026-07-16 16:04:55.534654,30.43,30.46,30.43,30.43,1018,42,3.88,295,33,0.0,Clouds,scattered clouds,15
Bonnya,46.611389,17.909167,2026-07-16 16:04:56.781051,30.82,30.82,30.82,30.82,1017,41,3.86,293,37,0.0,Clouds,scattered clouds,15
Andocs,46.646944,17.8925,2026-07-16 16:04:58.018431,30.15,30.11,30.15,30.15,1018,42,3.9,297,33,0.0,Clouds,scattered clouds,15
Karád,46.681111,17.874722,2026-07-16 16:04:59.290553,29.13,29.03,29.13,29.13,1018,43,3.88,298,32,0.0,Clouds,scattered clouds,15
Somogymeggyes,46.720556,17.920556,2026-07-16 16:05:00.518024,28.71,28.67,28.71,30.38,1018,44,3.76,299,32,0.0,Clouds,scattered clouds,15
Kapoly,46.713611,17.977778,2026-07-16 16:05:01.781175,28.99,28.88,28.99,30.66,1017,43,3.77,303,48,0.0,Clouds,scattered clouds,15
Tab,46.734167,18.041111,2026-07-16 16:05:03.038567,30.82,31.28,29.15,30.82,1018,44,3.58,303,52,0.0,Clouds,broken clouds,15
Bábonymegyer,46.746095,18.109921,2026-07-16 16:05:04.286458,30.93,36.54,29.26,30.93,1017,67,2.97,309,77,0.0,Clouds,broken clouds,15
Daránypuszta,46.764722,18.143889,2026-07-16 16:05:05.541497,30.95,36.59,29.28,30.95,1017,67,2.63,309,81,0.0,Clouds,broken clouds,15
Som-Nagyberény,46.803056,18.149444,2026-07-16 16:05:06.803267,30.94,36.57,29.27,30.94,1017,67,2.47,297,70,0.0,Clouds,broken clouds,15
Ádánd,46.854444,18.141667,2026-07-16 16:05:08.060810,31.06,36.87,29.39,31.06,1017,67,2.49,277,54,0.0,Clouds,broken clouds,15
Siójut,46.879444,18.126667,2026-07-16 16:05:09.323129,31.05,36.84,29.38,31.05,1017,67,2.6,268,46,0.0,Clouds,scattered clouds,15
Kapostüskevár,46.367778,17.774167,2026-07-16 16:05:10.583862,31.09,31.03,31.09,31.09,1017,40,2.41,298,39,0.0,Clouds,scattered clouds,15
Kaposfüred,46.415,17.759444,2026-07-16 16:05:11.838580,30.97,30.73,30.97,30.97,1017,39,2.82,293,36,0.0,Clouds,scattered clouds,15
Várda,46.4625,17.721667,2026-07-16 16:05:13.100763,30.82,30.68,30.82,30.82,1018,40,2.95,294,27,0.0,Clouds,scattered clouds,15
Somogyjád,46.490833,17.694444,2026-07-16 16:05:14.363816,30.89,30.77,30.89,30.89,1018,40,2.95,296,23,0.0,Clouds,few clouds,15
Osztopán,46.515556,17.656944,2026-07-16 16:05:15.576499,30.82,30.82,30.82,30.82,1018,41,2.88,297,18,0.0,Clouds,few clouds,15
Pamuk,46.553127,17.636412,2026-07-16 16:05:16.842659,30.88,30.9,30.88,30.88,1018,41,2.92,297,17,0.0,Clouds,few clouds,15
Somogyvár,46.580556,17.634722,2026-07-16 16:05:18.082385,30.83,30.98,30.83,30.83,1018,42,2.92,297,16,0.0,Clouds,few clouds,15
Öreglak,46.608607,17.632733,2026-07-16 16:05:19.295060,30.75,30.88,30.75,30.75,1018,42,2.9,297,15,0.0,Clouds,few clouds,15
Tatárvár,46.636667,17.621111,2026-07-16 16:05:20.532241,30.58,30.8,30.58,30.58,1018,43,2.7,298,12,0.0,Clouds,few clouds,15
Lengyeltóti,46.660556,17.613611,2026-07-16 16:05:21.793213,30.62,30.85,30.62,30.62,1018,43,2.63,297,12,0.0,Clouds,few clouds,15
Pusztaberény,46.686111,17.594722,2026-07-16 16:05:23.049392,30.69,31.1,30.69,30.69,1018,44,2.55,297,12,0.0,Clouds,few clouds,15
Örkény,47.132778,19.447222,2026-07-16 16:05:24.308813,30.22,29.21,30.22,30.22,1017,33,4.18,296,65,0.0,Clouds,broken clouds,15
Táborfalva,47.098545,19.479318,2026-07-16 16:05:25.553825,32.71,32.08,32.71,32.71,1017,33,4.45,296,62,0.0,Clouds,broken clouds,15
Felsőlajos,47.068834,19.498415,2026-07-16 16:05:26.807954,32.7,32.07,32.7,32.7,1017,33,4.52,296,60,0.0,Clouds,broken clouds,15
Lajosmizse,47.028333,19.542778,2026-07-16 16:05:28.052418,32.67,32.88,32.67,32.67,1017,38,4.76,295,57,0.0,Clouds,broken clouds,15
Lajosmizse alsó,47.0225,19.550278,2026-07-16 16:05:29.312555,32.68,32.9,32.68,32.68,1017,38,4.76,295,57,0.0,Clouds,broken clouds,15
Klábertelep,47.005556,19.551667,2026-07-16 16:05:30.533021,32.68,32.9,32.68,32.68,1017,38,5.12,293,60,0.0,Clouds,broken clouds,15
Méntelek,46.978611,19.570833,2026-07-16 16:05:31.789519,30.41,29.4,30.41,30.41,1017,33,5.03,293,60,0.0,Clouds,broken clouds,15
Hetényegyháza,46.930833,19.595,2026-07-16 16:05:33.059764,30.56,29.46,30.56,30.56,1017,32,4.84,293,64,0.0,Clouds,broken clouds,15
Kecskemét-Máriaváros,46.901192,19.675913,2026-07-16 16:05:34.316162,33.75,33.12,31.53,33.75,1017,31,4.68,293,70,0.0,Clouds,broken clouds,15
Nyársapát,47.100278,19.7925,2026-07-16 16:05:35.583518,33.27,32.82,33.15,33.27,1016,33,4.52,307,75,0.0,Clouds,broken clouds,15
Nagykőrös,47.038333,19.76,2026-07-16 16:05:36.859003,33.13,32.63,33.13,33.13,1016,33,4.94,298,73,0.0,Clouds,broken clouds,15
Katonatelep,46.963056,19.718889,2026-07-16 16:05:38.088562,30.55,29.45,30.55,30.55,1017,32,5.21,292,70,0.0,Clouds,broken clouds,15
Kecskemét,46.913889,19.700833,2026-07-16 16:05:39.356697,33.75,33.12,31.53,33.75,1017,31,4.92,292,69,0.0,Clouds,broken clouds,15
Városföld,46.816667,19.753333,2026-07-16 16:05:40.631007,33.81,33.03,31.59,33.81,1016,30,3.68,299,81,0.0,Clouds,broken clouds,15
Kiskunfélegyháza,46.7067,19.83474,2026-07-16 16:05:41.891223,31.64,30.31,31.64,33.86,1016,29,2.88,313,92,0.0,Clouds,overcast clouds,15
Petőfiszállás,46.617374,19.865229,2026-07-16 16:05:43.147716,31.68,30.35,31.68,33.9,1016,29,2.59,326,97,0.0,Clouds,overcast clouds,15
Csengele,46.538321,19.909008,2026-07-16 16:05:44.389981,32.7,31.5,31.64,33.89,1016,29,2.33,343,100,0.0,Clouds,overcast clouds,15
Kistelek,46.466944,19.966944,2026-07-16 16:05:45.655692,31.7,32.38,31.7,33.94,1016,43,2.41,356,100,0.0,Clouds,overcast clouds,15
Balástya,46.413333,20.001389,2026-07-16 16:05:46.872928,31.7,32.38,31.7,31.7,1016,43,2.52,1,100,0.0,Clouds,overcast clouds,15
Szatymaz,46.345621,20.04374,2026-07-16 16:05:48.106802,31.72,32.41,31.72,31.72,1016,43,3.58,35,100,0.0,Clouds,overcast clouds,15
Kiskundorozsma,46.271667,20.090556,2026-07-16 16:05:49.367295,31.75,32.46,31.75,31.75,1016,43,3.31,360,100,0.0,Clouds,overcast clouds,15
Szeged,46.239722,20.143056,2026-07-16 16:05:50.634609,31.73,32.43,31.73,31.73,1016,43,3.92,356,100,0.0,Clouds,overcast clouds,15
Alsóúrrét,46.898392,19.779891,2026-07-16 16:05:51.874050,32.85,33.14,31.59,33.81,1016,38,1.79,279,78,0.0,Clouds,broken clouds,15
Nyárlőrinc,46.87,19.851389,2026-07-16 16:05:53.134506,33.83,33.06,31.61,33.83,1016,30,3.91,297,82,0.0,Clouds,broken clouds,15
Világoshegy,46.855278,19.940278,2026-07-16 16:05:54.396944,33.86,33.1,31.64,33.86,1016,30,3.23,308,89,0.0,Clouds,overcast clouds,15
Szikra,46.858333,19.975,2026-07-16 16:05:55.613925,32.82,31.78,31.65,33.87,1016,30,3.23,308,89,0.0,Clouds,overcast clouds,15
Lakitelek,46.873056,20.003611,2026-07-16 16:05:56.871418,32.91,32.03,31.7,33.92,1016,31,3.07,312,91,0.0,Clouds,overcast clouds,15
Tiszaug,46.850556,20.074167,2026-07-16 16:05:58.116614,31.59,30.47,30.57,33.36,1016,31,2.68,324,96,0.0,Clouds,overcast clouds,15
Tiszasas,46.826389,20.089167,2026-07-16 16:05:59.386399,31.41,30.27,30.55,31.75,1016,31,2.68,324,96,0.0,Clouds,overcast clouds,15
Csépa,46.8125,20.134722,2026-07-16 16:06:00.642951,30.74,30.08,30.55,31.75,1016,36,2.49,330,98,0.0,Clouds,overcast clouds,15
Szelevény,46.811944,20.196389,2026-07-16 16:06:01.901468,30.83,30.18,30.56,31.75,1016,36,2.46,333,98,0.0,Clouds,overcast clouds,15
Gátér,46.685,19.9625,2026-07-16 16:06:03.117136,31.68,30.35,30.55,31.75,1016,29,2.36,325,100,0.0,Clouds,overcast clouds,15
Kónyaszék,46.699931,20.074299,2026-07-16 16:06:04.366786,31.09,30.13,30.57,31.76,1016,33,2.16,330,100,0.0,Clouds,overcast clouds,15
Csongrád,46.704444,20.140556,2026-07-16 16:06:05.609595,30.71,30.04,30.57,31.77,1016,36,2.06,334,100,0.0,Clouds,overcast clouds,15
Hékéd,46.675,20.266667,2026-07-16 16:06:06.867123,30.57,29.88,30.57,31.11,1016,36,3.58,358,100,0.0,Clouds,overcast clouds,15
Fábiánsebestyén,46.670278,20.456667,2026-07-16 16:06:08.121542,31.1,30.5,30.56,31.1,1016,36,2.19,345,100,0.0,Clouds,overcast clouds,15
Gádoros,46.656711,20.588157,2026-07-16 16:06:09.392135,31.09,30.48,30.55,31.09,1016,36,2.44,345,100,0.0,Clouds,overcast clouds,15
Justhmajor,46.62,20.615833,2026-07-16 16:06:10.608864,31.08,29.91,30.55,31.08,1016,31,2.6,345,100,0.0,Clouds,overcast clouds,15
Szentetornya,46.590964,20.628334,2026-07-16 16:06:11.854074,31.08,29.91,30.54,31.08,1016,31,2.72,344,99,0.0,Clouds,overcast clouds,15
Gyopárosfürdő,46.567784,20.630662,2026-07-16 16:06:13.095792,31.06,29.89,30.53,31.06,1016,31,2.96,344,99,0.0,Clouds,overcast clouds,15
Szabadságliget,47.626123,18.893481,2026-07-16 16:06:14.341939,31.84,31.0,30.9,32.04,1017,33,2.69,245,52,0.0,Clouds,broken clouds,15
Röszke,46.19261,20.03055,2026-07-16 16:06:15.587746,31.75,32.46,31.75,31.75,1016,43,3.66,354,100,0.0,Clouds,overcast clouds,15
Tószeg,47.098056,20.138333,2026-07-16 16:06:16.816460,33.34,33.28,33.34,33.34,1016,35,1.79,296,93,0.0,Clouds,overcast clouds,15
Tiszavárkony,47.059444,20.143056,2026-07-16 16:06:18.049005,33.34,33.28,33.34,33.34,1016,35,1.79,296,91,0.0,Clouds,overcast clouds,15
Tiszajenő-Vezseny,47.036319,20.142415,2026-07-16 16:06:19.280274,33.34,33.28,33.34,33.34,1016,35,1.79,296,91,0.0,Clouds,overcast clouds,15
Újbög,46.962222,20.093889,2026-07-16 16:06:20.538958,33.3,33.22,33.3,33.3,1016,35,2.83,338,89,0.0,Clouds,overcast clouds,15
Tiszakécske,46.937512,20.082016,2026-07-16 16:06:21.779722,33.32,33.25,33.32,33.32,1016,35,2.84,330,88,0.0,Clouds,overcast clouds,15
Kerekdomb,46.906944,20.052778,2026-07-16 16:06:22.999339,33.32,32.72,31.72,33.94,1016,32,2.82,328,90,0.0,Clouds,overcast clouds,15
Tiszaalpár,46.818611,19.982778,2026-07-16 16:06:24.233064,32.85,31.82,30.5,33.91,1016,30,2.87,314,96,0.0,Clouds,overcast clouds,15
Tiszaalpár alsó,46.790897,19.951409,2026-07-16 16:06:25.471699,32.83,31.79,30.5,33.91,1016,30,2.86,313,96,0.0,Clouds,overcast clouds,15
Tiszatenyő,47.134167,20.3725,2026-07-16 16:06:26.690498,33.34,33.28,33.34,33.34,1016,35,2.71,345,94,0.0,Clouds,overcast clouds,15
Pusztapó,47.091667,20.458333,2026-07-16 16:06:27.933393,33.34,34.1,33.34,33.34,1016,39,3.44,334,93,0.0,Clouds,overcast clouds,15
Kétpó,47.076944,20.487778,2026-07-16 16:06:29.167735,33.34,33.89,33.34,33.34,1016,38,3.82,332,93,0.0,Clouds,overcast clouds,15
Mezőtúr,47.0125,20.622778,2026-07-16 16:06:30.390708,30.63,29.95,30.63,30.63,1016,36,4.53,323,95,0.0,Clouds,overcast clouds,15
Nagylapos,46.974167,20.750556,2026-07-16 16:06:31.619100,30.86,29.99,30.86,30.86,1016,34,4.24,316,98,0.0,Clouds,overcast clouds,15
Gyoma,46.925833,20.821667,2026-07-16 16:06:32.935210,30.87,29.89,30.87,30.87,1016,33,3.71,318,98,0.0,Clouds,overcast clouds,15
Csárdaszállás,46.861111,20.932778,2026-07-16 16:06:34.223254,30.56,29.46,30.56,30.56,1016,32,3.03,320,97,0.0,Clouds,overcast clouds,15
Mezőberény,46.814722,21.013056,2026-07-16 16:06:35.738174,30.55,29.45,30.55,30.55,1016,32,2.9,321,98,0.0,Clouds,overcast clouds,15
Murony,46.756944,21.038056,2026-07-16 16:06:36.979824,30.57,29.47,30.57,30.57,1016,32,3.03,321,99,0.0,Clouds,overcast clouds,15
Békéscsaba,46.669722,21.081667,2026-07-16 16:06:38.233205,30.53,29.43,30.53,30.53,1016,32,0.89,329,97,0.0,Clouds,overcast clouds,15
Kétegyháza,46.5325,21.171944,2026-07-16 16:06:39.457211,30.51,29.41,30.51,30.51,1016,32,4.2,328,92,0.0,Clouds,overcast clouds,15
Lőkösháza,46.432222,21.2375,2026-07-16 16:06:40.700525,33.96,34.41,30.47,33.96,1016,36,4.02,331,95,0.0,Clouds,overcast clouds,15
Kengyel,47.089722,20.339722,2026-07-16 16:06:41.948383,33.32,33.25,33.32,33.32,1016,35,2.84,349,93,0.0,Clouds,overcast clouds,15
Bagimajor,47.061111,20.316667,2026-07-16 16:06:43.213929,33.34,33.28,33.34,33.34,1016,35,3.1,350,93,0.0,Clouds,overcast clouds,15
Martfű,47.019444,20.291667,2026-07-16 16:06:44.433096,33.32,33.25,33.32,33.32,1016,35,3.21,349,93,0.0,Clouds,overcast clouds,15
Tiszaföldvár,46.975556,20.276389,2026-07-16 16:06:45.664638,33.32,33.25,33.32,33.32,1016,35,3.16,348,94,0.0,Clouds,overcast clouds,15
Homok,46.9475,20.270278,2026-07-16 16:06:46.897026,33.33,33.27,31.08,33.33,1016,35,3.12,346,94,0.0,Clouds,overcast clouds,15
Kungyalu,46.910833,20.2675,2026-07-16 16:06:48.141401,32.85,32.26,30.57,33.35,1016,33,3.03,345,95,0.0,Clouds,overcast clouds,15
Kunszentmárton,46.848333,20.293333,2026-07-16 16:06:49.386651,31.09,30.48,30.55,31.09,1016,36,2.71,342,97,0.0,Clouds,overcast clouds,15
Nagytőke,46.763333,20.291667,2026-07-16 16:06:50.631586,31.1,30.5,30.57,31.1,1016,36,2.25,341,98,0.0,Clouds,overcast clouds,15
Szentes,46.657778,20.2725,2026-07-16 16:06:51.864015,30.57,29.88,30.57,31.11,1016,36,3.58,358,100,0.0,Clouds,overcast clouds,15
Szegvár,46.588611,20.249444,2026-07-16 16:06:53.131287,30.57,29.88,30.57,31.11,1016,36,3.58,358,100,0.0,Clouds,overcast clouds,15
Mindszent,46.524167,20.194167,2026-07-16 16:06:54.363512,30.58,29.89,30.58,31.12,1016,36,2.18,5,100,0.0,Clouds,overcast clouds,15
Mártély,46.473333,20.236111,2026-07-16 16:06:55.595794,30.69,29.51,30.59,31.76,1016,31,2.53,7,100,0.0,Clouds,overcast clouds,15
Pusztabánréve,46.939898,20.556809,2026-07-16 16:06:56.843875,30.69,29.8,30.69,30.69,1016,34,4.15,330,95,0.0,Clouds,overcast clouds,15
Szarvas,46.860833,20.566667,2026-07-16 16:06:58.087375,31.11,30.15,31.11,31.11,1016,33,3.44,336,97,0.0,Clouds,overcast clouds,15
Csabacsűd,46.823056,20.663333,2026-07-16 16:06:59.328429,31.1,30.04,31.1,31.1,1016,32,2.97,338,100,0.0,Clouds,overcast clouds,15
Kisszénás,46.751389,20.721389,2026-07-16 16:07:00.583821,31.11,30.05,31.11,31.11,1016,32,2.69,339,100,0.0,Clouds,overcast clouds,15
Kiscsákó,46.719167,20.717778,2026-07-16 16:07:01.824996,31.1,30.04,31.1,31.1,1016,32,2.65,344,100,0.0,Clouds,overcast clouds,15
Nagyszénás,46.672778,20.674167,2026-07-16 16:07:03.060809,31.07,29.9,31.07,31.07,1016,31,2.59,346,100,0.0,Clouds,overcast clouds,15
Kardoskút,46.498056,20.6975,2026-07-16 16:07:04.302140,30.99,29.82,30.99,30.99,1016,31,3.59,346,98,0.0,Clouds,overcast clouds,15
Tótkomlós,46.409167,20.726944,2026-07-16 16:07:05.538006,31.13,30.07,31.13,31.13,1016,32,4.17,351,98,0.0,Clouds,overcast clouds,15
Nagyér,46.365278,20.738333,2026-07-16 16:07:06.777359,31.22,30.17,31.22,31.22,1016,32,4.46,355,98,0.0,Clouds,overcast clouds,15
Pitvaros,46.326175,20.746446,2026-07-16 16:07:08.027237,31.3,30.37,31.3,31.3,1016,33,4.48,358,98,0.0,Clouds,overcast clouds,15
Dévaványa,47.033889,20.943333,2026-07-16 16:07:09.270904,30.99,30.02,30.99,30.99,1016,33,3.81,317,92,0.0,Clouds,overcast clouds,15
Körösladány,46.97,21.085833,2026-07-16 16:07:10.505089,30.91,29.93,30.91,30.91,1016,33,3.26,322,94,0.0,Clouds,overcast clouds,15
Szeghalom,47.015278,21.148333,2026-07-16 16:07:11.765683,30.84,29.86,30.84,30.84,1016,33,3.5,323,97,0.0,Clouds,overcast clouds,15
Vésztő,46.938889,21.263611,2026-07-16 16:07:13.010674,30.59,29.59,30.59,30.59,1016,33,3.8,316,100,0.0,Clouds,overcast clouds,15
Szeged-Rókus,46.266111,20.125278,2026-07-16 16:07:14.259508,31.75,32.46,31.75,31.75,1016,43,3.59,358,100,0.0,Clouds,overcast clouds,15
Algyő,46.335556,20.196111,2026-07-16 16:07:15.514590,31.77,30.79,31.77,31.77,1016,32,3.31,5,100,0.0,Clouds,overcast clouds,15
Hódmezővásárhelyi Népkert,46.403333,20.312778,2026-07-16 16:07:16.750955,30.58,29.48,30.58,30.58,1016,32,3.19,1,100,0.0,Clouds,overcast clouds,15
Hódmezővásárhely,46.413333,20.34,2026-07-16 16:07:17.996615,30.57,29.47,30.57,30.57,1016,32,3.3,358,99,0.0,Clouds,overcast clouds,15
Körmend,47.016389,16.599167,2026-07-16 16:07:19.231194,26.77,27.15,26.77,26.77,1018,49,1.19,258,14,0.0,Clouds,few clouds,15
Szentgotthárd,46.957222,16.263056,2026-07-16 16:07:20.473510,32.12,35.89,32.12,32.12,1018,55,1.23,165,13,0.0,Clouds,few clouds,15
Szombathely,47.237778,16.6325,2026-07-16 16:07:21.716013,28.93,29.57,28.93,28.93,1018,50,1.32,217,21,0.0,Clouds,few clouds,15
Sáferkút,48.010278,19.071389,2026-07-16 16:07:22.956604,29.51,28.94,29.51,29.51,1017,38,4.27,343,63,0.0,Clouds,broken clouds,15
Magdolnavölgy,47.6475,18.818889,2026-07-16 16:07:24.195191,31.85,31.14,30.88,32.03,1017,34,2.77,245,50,0.0,Clouds,scattered clouds,15
Haris,46.964722,16.2825,2026-07-16 16:07:25.443385,32.08,35.54,32.08,32.08,1018,54,1.13,176,13,0.0,Clouds,few clouds,15
Egyházasrádóc,47.091389,16.62,2026-07-16 16:07:26.679953,31.4,33.08,31.4,31.4,1018,49,1.1,247,16,0.0,Clouds,few clouds,15
Alsórönök,46.964167,16.379444,2026-07-16 16:07:27.905363,31.96,35.03,31.96,31.96,1018,53,1.05,190,13,0.0,Clouds,few clouds,15
Szombathely-Szőlős,47.206389,16.641667,2026-07-16 16:07:29.164660,28.99,29.53,28.99,28.99,1018,49,1.25,227,21,0.0,Clouds,few clouds,15
Rátót,46.9675,16.433056,2026-07-16 16:07:30.406343,31.66,34.21,31.66,31.66,1018,52,0.99,220,13,0.0,Clouds,few clouds,15
Ják-Balogunyom,47.161389,16.630556,2026-07-16 16:07:31.649138,29.05,29.6,29.05,29.05,1018,49,1.21,247,19,0.0,Clouds,few clouds,15
Vasvár,47.056944,16.800278,2026-07-16 16:07:32.883416,26.87,27.07,26.87,26.87,1018,46,1.79,299,15,0.0,Clouds,few clouds,15
Répcelak,47.418889,17.008889,2026-07-16 16:07:34.157152,31.67,33.12,31.67,31.67,1017,47,2.01,166,27,0.0,Clouds,scattered clouds,15
Rajka,47.995556,17.191389,2026-07-16 16:07:35.395110,32.76,34.52,30.59,32.77,1017,45,1.85,192,31,0.0,Clouds,scattered clouds,15
Püspökmolnári,47.086111,16.7675,2026-07-16 16:07:36.636060,26.85,27.11,26.85,26.85,1018,47,1.59,286,17,0.0,Clouds,few clouds,15
Kőszeg,47.382222,16.556389,2026-07-16 16:07:37.879799,28.53,29.75,28.53,28.53,1018,56,1.87,175,21,0.0,Clouds,few clouds,15
Kastélypark,47.390278,18.988333,2026-07-16 16:07:39.114487,32.43,31.87,30.45,32.69,1017,34,1.79,251,78,0.0,Clouds,broken clouds,15
Hanságliget,47.72,17.215556,2026-07-16 16:07:40.367857,30.58,30.8,30.58,30.58,1017,43,3.53,175,21,0.0,Clouds,few clouds,15
Vica,47.477778,17.111944,2026-07-16 16:07:41.609085,31.7,32.96,31.7,31.7,1017,46,2.22,176,29,0.0,Clouds,scattered clouds,15
Vép,47.235833,16.7275,2026-07-16 16:07:42.836054,29.07,29.63,29.07,29.07,1018,49,1.31,223,21,0.0,Clouds,few clouds,15
Mosonszolnok,47.8525,17.160278,2026-07-16 16:07:44.078927,30.69,30.8,30.55,32.83,1017,42,3.0,192,24,0.0,Clouds,few clouds,15
Jánossomorja,47.789167,17.1375,2026-07-16 16:07:45.332611,30.55,30.48,30.55,30.55,1017,41,3.34,186,26,0.0,Clouds,scattered clouds,15
Bősárkány,47.685556,17.234167,2026-07-16 16:07:46.793680,30.58,30.8,30.58,30.58,1017,43,3.52,176,22,0.0,Clouds,few clouds,15
Szil-Sopronnémeti,47.533333,17.209444,2026-07-16 16:07:48.012507,30.53,31.03,30.53,30.53,1017,45,2.82,185,24,0.0,Clouds,few clouds,15
Magyarkeresztúr-Zsebeháza,47.514167,17.176111,2026-07-16 16:07:49.283368,30.53,31.03,30.53,30.53,1017,45,2.61,183,26,0.0,Clouds,scattered clouds,15
Páli-Vadosfa,47.4925,17.137778,2026-07-16 16:07:50.536749,30.51,31.0,30.51,30.51,1017,45,2.4,180,28,0.0,Clouds,scattered clouds,15
Beled,47.466667,17.084444,2026-07-16 16:07:51.778626,31.7,32.96,31.7,31.7,1017,46,2.22,176,29,0.0,Clouds,scattered clouds,15
Dénesfa,47.448611,17.054722,2026-07-16 16:07:53.022422,31.7,32.96,31.7,31.7,1017,46,2.16,168,29,0.0,Clouds,scattered clouds,15
Csánig,47.430278,17.026111,2026-07-16 16:07:54.265281,31.71,32.98,31.71,31.71,1017,46,2.24,166,29,0.0,Clouds,scattered clouds,15
Vámoscsalád,47.385556,16.961667,2026-07-16 16:07:55.491262,29.32,29.7,29.32,29.32,1017,47,1.93,168,24,0.0,Clouds,few clouds,15
Vasegerszeg,47.375,16.928889,2026-07-16 16:07:56.738143,29.33,29.72,29.33,29.33,1017,47,1.83,175,21,0.0,Clouds,few clouds,15
Hegyfalu,47.357778,16.898333,2026-07-16 16:07:57.979722,29.32,29.7,29.32,29.32,1017,47,1.83,175,21,0.0,Clouds,few clouds,15
Pósfa,47.326944,16.855833,2026-07-16 16:07:59.196618,29.3,29.8,29.3,29.3,1017,48,1.65,183,20,0.0,Clouds,few clouds,15
Ölbő-Alsószeleste,47.300556,16.843056,2026-07-16 16:08:00.442751,29.28,29.78,29.28,29.28,1018,48,1.5,192,20,0.0,Clouds,few clouds,15
Gencsapáti felső,47.299722,16.593889,2026-07-16 16:08:01.667782,28.79,30.13,28.79,28.79,1018,56,1.55,191,19,0.0,Clouds,few clouds,15
Lukácsháza alsó,47.326389,16.586389,2026-07-16 16:08:02.876223,28.73,30.04,28.73,28.73,1018,56,1.67,186,19,0.0,Clouds,few clouds,15
Kőszegfalva,47.361667,16.567778,2026-07-16 16:08:04.131528,28.62,29.88,28.62,28.62,1018,56,1.74,179,20,0.0,Clouds,few clouds,15
Gyöngyöshermán,47.202778,16.657222,2026-07-16 16:08:05.350021,29.01,29.55,29.01,29.01,1018,49,1.25,227,21,0.0,Clouds,few clouds,15
Bezenye,47.973611,17.207222,2026-07-16 16:08:06.613392,32.78,34.56,30.6,32.78,1017,45,2.16,186,34,0.0,Clouds,scattered clouds,15
Kámon,47.254534,16.625769,2026-07-16 16:08:07.875674,28.89,30.28,28.89,28.89,1018,56,1.41,209,20,0.0,Clouds,few clouds,15
Sorkifalud,47.1375,16.719167,2026-07-16 16:08:09.122949,31.46,32.98,31.46,31.46,1018,48,1.33,268,19,0.0,Clouds,few clouds,15
Szentléránt,47.12,16.735556,2026-07-16 16:08:10.344964,31.46,32.98,31.46,31.46,1018,48,1.33,268,19,0.0,Clouds,few clouds,15
Pácsony,47.009722,16.833611,2026-07-16 16:08:11.573448,26.86,26.12,26.86,26.86,1018,24,1.99,302,13,0.0,Clouds,few clouds,15
Győrvár,46.99,16.840556,2026-07-16 16:08:12.831543,26.95,26.18,26.95,26.95,1018,24,1.99,302,13,0.0,Clouds,few clouds,15
Egervár-Vasboldogasszony,46.942222,16.862222,2026-07-16 16:08:14.048836,27.07,26.25,27.07,27.07,1018,24,2.03,299,11,0.0,Clouds,few clouds,15
Zalaszentlőrinc,46.913889,16.8775,2026-07-16 16:08:15.317711,27.07,26.25,27.07,27.07,1018,24,2.02,294,11,0.0,Clouds,few clouds,15
Gencsapáti alsó,47.285833,16.6,2026-07-16 16:08:16.578421,28.82,30.17,28.82,28.82,1018,56,1.45,197,19,0.0,Clouds,few clouds,15
Gyöngyösfalu,47.316111,16.59,2026-07-16 16:08:17.788062,28.75,30.07,28.75,28.75,1018,56,1.55,191,19,0.0,Clouds,few clouds,15
Lukácsháza,47.341111,16.580556,2026-07-16 16:08:19.033524,28.68,29.97,28.68,28.68,1018,56,1.62,183,19,0.0,Clouds,few clouds,15
Horvátnádalja,47.005278,16.544444,2026-07-16 16:08:20.295369,31.59,33.63,31.59,31.59,1018,50,1.13,250,13,0.0,Clouds,few clouds,15
Csákánydoroszló,46.978333,16.499722,2026-07-16 16:08:21.505913,31.75,34.14,31.75,31.75,1018,51,1.03,231,13,0.0,Clouds,few clouds,15
Váckisújfalu,47.705,19.340278,2026-07-16 16:08:22.771835,31.86,31.44,31.86,31.86,1017,36,1.78,28,84,0.0,Clouds,broken clouds,15
Csisztafürdő,46.681411,17.561797,2026-07-16 16:08:23.985845,30.73,31.15,30.73,30.73,1018,44,2.25,297,9,0.0,Clear,clear sky,15
Mórágy,46.236021,18.627255,2026-07-16 16:08:25.249686,31.21,30.16,31.21,31.21,1017,32,2.67,46,79,0.0,Clouds,broken clouds,15
Kismacs,47.551111,21.542778,2026-07-16 16:08:26.505909,29.51,28.76,29.51,29.51,1016,36,4.75,360,100,0.0,Clouds,overcast clouds,15
Pusztaszentistván,47.439869,19.470254,2026-07-16 16:08:27.762442,29.72,28.8,29.72,29.72,1017,34,3.37,288,65,0.0,Clouds,broken clouds,15
Aranyvölgy,47.573795,19.017489,2026-07-16 16:08:29.018123,31.66,30.55,30.3,32.54,1017,31,1.79,29,64,0.0,Clouds,broken clouds,15
Szélhegy,47.601111,18.928056,2026-07-16 16:08:30.231809,30.39,29.12,29.94,32.18,1017,30,2.54,245,57,0.0,Clouds,broken clouds,15
Vörösvárbánya,47.61,18.913611,2026-07-16 16:08:31.441817,30.3,29.04,29.9,32.14,1017,30,2.54,245,57,0.0,Clouds,broken clouds,15
Máriaszőlőtelep,46.702778,17.411911,2026-07-16 16:08:32.706507,30.91,31.24,30.91,30.91,1018,43,1.79,299,12,0.0,Clouds,few clouds,15
Akadémiaújtelep,47.485724,19.22294,2026-07-16 16:08:33.963553,31.92,31.09,30.26,32.5,1017,33,2.26,255,59,0.0,Clouds,broken clouds,15
Újpalota,47.5316,19.126206,2026-07-16 16:08:35.224150,31.97,31.02,30.35,32.59,1017,32,1.79,29,65,0.0,Clouds,broken clouds,15
"Szeged, Somogyi utca",46.250464,20.147713,2026-07-16 16:08:36.441861,31.71,32.4,31.71,31.71,1016,43,3.73,358,100,0.0,Clouds,overcast clouds,15
"Hódmezővásárhely, Hősök tere",46.412183,20.31759,2026-07-16 16:08:37.694148,30.57,29.47,30.57,30.57,1016,32,3.19,1,100,0.0,Clouds,overcast clouds,15
"Hódmezővásárhely, Kossuth tér",46.41465,20.319727,2026-07-16 16:08:38.945554,30.57,29.47,30.57,30.57,1016,32,3.19,1,100,0.0,Clouds,overcast clouds,15
"Hódmezővásárhely, Strandfürdő",46.409147,20.315671,2026-07-16 16:08:40.198769,30.57,29.47,30.57,30.57,1016,32,3.19,1,100,0.0,Clouds,overcast clouds,15
"Szeged, Széchenyi tér",46.252683,20.14935,2026-07-16 16:08:41.447520,31.71,32.4,31.71,31.71,1016,43,3.73,358,100,0.0,Clouds,overcast clouds,15
"Szeged, Anna-kút",46.256184,20.147587,2026-07-16 16:08:42.701595,31.71,32.4,31.71,31.71,1016,43,3.73,358,100,0.0,Clouds,overcast clouds,15
"Szeged, Rókusi templom",46.259255,20.141771,2026-07-16 16:08:43.951146,31.73,32.43,31.73,31.73,1016,43,3.73,358,100,0.0,Clouds,overcast clouds,15
"Hódmezővásárhely, Kálvin János tér",46.416677,20.328532,2026-07-16 16:08:45.206242,30.57,29.47,30.57,30.57,1016,32,3.3,358,99,0.0,Clouds,overcast clouds,15
Hódmezővásárhely vasútállomás,46.413242,20.338701,2026-07-16 16:08:46.464289,30.57,29.47,30.57,30.57,1016,32,3.3,358,99,0.0,Clouds,overcast clouds,15
"Szeged, Tavasz utca",46.260715,20.139055,2026-07-16 16:08:47.719667,31.73,32.43,31.73,31.73,1016,43,3.73,358,100,0.0,Clouds,overcast clouds,15
"Szeged, Damjanich utca",46.262753,20.135248,2026-07-16 16:08:48.972851,31.73,32.43,31.73,31.73,1016,43,3.73,358,100,0.0,Clouds,overcast clouds,15
"Szeged, Vásárhelyi Pál utca",46.264173,20.131109,2026-07-16 16:08:50.206080,31.75,32.46,31.75,31.75,1016,43,3.73,358,100,0.0,Clouds,overcast clouds,15
"Szeged, Bécsi körút ",46.243459,20.143809,2026-07-16 16:08:51.454185,31.73,32.43,31.73,31.73,1016,43,3.92,356,100,0.0,Clouds,overcast clouds,15
Hódmezővásárhelyi Népkert vasútállomás,46.403733,20.312986,2026-07-16 16:08:52.709424,30.58,29.48,30.58,30.58,1016,32,3.19,1,100,0.0,Clouds,overcast clouds,15
Szeged vasútállomás,46.239789,20.142561,2026-07-16 16:08:53.961832,31.73,32.43,31.73,31.73,1016,43,3.92,356,100,0.0,Clouds,overcast clouds,15
"Szeged, Bem utca",46.240198,20.141247,2026-07-16 16:08:55.189858,31.73,32.43,31.73,31.73,1016,43,3.92,356,100,0.0,Clouds,overcast clouds,15
"Szeged, Galamb utca",46.24153,20.142297,2026-07-16 16:08:56.439340,31.73,32.43,31.73,31.73,1016,43,3.92,356,100,0.0,Clouds,overcast clouds,15
"Szeged, Aradi vértanúk tere",46.247839,20.147,2026-07-16 16:08:57.689529,31.71,32.4,31.71,31.71,1016,43,3.73,358,100,0.0,Clouds,overcast clouds,15
"Szeged, Pulz utca",46.264452,20.126061,2026-07-16 16:08:58.899719,31.75,32.46,31.75,31.75,1016,43,3.73,358,100,0.0,Clouds,overcast clouds,15
"Szeged, Rókus vasútállomás",46.266107,20.125686,2026-07-16 16:09:00.128246,31.75,32.46,31.75,31.75,1016,43,3.59,358,100,0.0,Clouds,overcast clouds,15
Látókép,47.55787,21.524373,2026-07-16 16:09:01.352837,29.51,28.76,29.51,29.51,1016,36,4.75,360,100,0.0,Clouds,overcast clouds,15
Szentmihálytelek,46.2229,20.0808,2026-07-16 16:09:02.576506,31.75,32.46,31.75,31.75,1016,43,3.66,355,100,0.0,Clouds,overcast clouds,15
Kisvarsány,48.144356,22.297397,2026-07-16 16:09:03.833706,28.18,28.13,28.18,28.18,1016,44,4.96,39,100,0.0,Clouds,overcast clouds,15
