station_name,station_lat,station_lon,observation_time,temp,feels_like,temp_min,temp_max,pressure,humidity,wind_speed,wind_deg,clouds,precipitation_1h,weather_main,weather_description,collection_hour
Búcsúszentlászló,46.793056,16.932778,2026-06-26 15:58:09.471939,34.96,33.54,34.96,34.96,1017,24,4.17,151,0,0.0,Clear,clear sky,15
Angyalföld,47.549722,19.09,2026-06-26 15:58:10.669145,35.95,35.39,34.82,36.09,1017,27,1.34,336,0,0.0,Clear,clear sky,15
Felsőjánosfa,46.841389,16.544167,2026-06-26 15:58:11.868735,35.97,34.47,35.97,35.97,1017,22,0.62,225,10,0.0,Clear,clear sky,15
Pankasz,46.835833,16.496111,2026-06-26 15:58:13.066592,35.88,34.35,35.88,35.88,1017,22,0.93,215,11,0.0,Clouds,few clouds,15
Nagyrákos,46.827222,16.455556,2026-06-26 15:58:14.259651,35.74,34.18,35.74,35.74,1017,22,1.01,208,11,0.0,Clouds,few clouds,15
Őriszentpéter,46.828889,16.415278,2026-06-26 15:58:15.457897,35.55,34.11,35.55,35.55,1017,23,1.07,192,10,0.0,Clear,clear sky,15
Törökbálint,47.45,18.908611,2026-06-26 15:58:16.648985,35.49,34.56,34.6,35.86,1017,26,0.89,328,0,0.0,Clear,clear sky,15
Bicske alsó,47.486389,18.642778,2026-06-26 15:58:17.845797,34.24,32.95,32.45,35.62,1017,26,2.4,23,0,0.0,Clear,clear sky,15
Bajánsenye,46.818056,16.358056,2026-06-26 15:58:19.041289,35.77,36.05,35.77,35.77,1017,31,1.87,190,9,0.0,Clear,clear sky,15
Aquincum,47.566218,19.048273,2026-06-26 15:58:20.235038,35.95,35.39,34.85,36.12,1017,27,1.34,336,0,0.0,Clear,clear sky,15
Piliscsév,47.673889,18.791389,2026-06-26 15:58:21.429162,34.53,33.31,34.43,35.7,1017,26,1.0,235,0,0.0,Clear,clear sky,15
Tát,47.741201,18.64783,2026-06-26 15:58:22.624629,34.84,33.88,34.84,34.84,1017,27,1.86,180,0,0.0,Clear,clear sky,15
Süttő felső,47.756667,18.437222,2026-06-26 15:58:23.821966,33.66,32.25,33.66,33.66,1017,26,2.23,164,0,0.0,Clear,clear sky,15
Budatétény,47.405,19.016389,2026-06-26 15:58:25.020930,35.9,35.11,34.89,36.16,1016,26,0.89,328,0,0.0,Clear,clear sky,15
Seregélyes-Szőlőhegy,47.119444,18.612222,2026-06-26 15:58:26.220250,35.28,33.24,35.28,35.28,1016,19,4.14,31,0,0.0,Clear,clear sky,15
Gödöllő-Állami telepek,47.564444,19.375556,2026-06-26 15:58:27.418970,35.6,34.01,35.02,35.6,1017,22,2.23,70,0,0.0,Clear,clear sky,15
Dunakeszi alsó,47.607778,19.128889,2026-06-26 15:58:28.614090,35.93,35.36,34.82,36.08,1017,27,1.34,336,0,0.0,Clear,clear sky,15
Vác-Alsóváros,47.773056,19.149722,2026-06-26 15:58:29.811555,36.06,35.33,34.8,36.06,1017,26,1.79,189,0,0.0,Clear,clear sky,15
Szob alsó,47.816667,18.8725,2026-06-26 15:58:31.003311,34.83,34.04,34.83,34.83,1017,28,2.01,211,1,0.0,Clear,clear sky,15
Zalaszentmihály-Pacsa,46.7225,16.951944,2026-06-26 15:58:32.199910,34.73,33.41,34.73,34.73,1017,25,4.52,153,0,0.0,Clear,clear sky,15
Pötréte,46.682778,16.9575,2026-06-26 15:58:33.396267,34.55,33.18,34.55,34.55,1017,25,4.38,152,0,0.0,Clear,clear sky,15
Felsőrajk,46.667222,16.982778,2026-06-26 15:58:34.594467,34.52,33.15,34.52,34.52,1017,25,4.51,152,0,0.0,Clear,clear sky,15
Gelse,46.600556,16.982778,2026-06-26 15:58:35.791282,34.34,32.93,34.34,34.34,1017,25,3.63,143,0,0.0,Clear,clear sky,15
Őrtilos,46.297778,16.887778,2026-06-26 15:58:36.988955,34.46,32.93,34.46,34.46,1017,24,2.9,120,0,0.0,Clear,clear sky,15
Zákány,46.251944,16.9425,2026-06-26 15:58:38.187834,34.23,32.53,34.23,34.23,1017,23,2.73,117,0,0.0,Clear,clear sky,15
Berzence,46.201389,17.143611,2026-06-26 15:58:39.383643,34.03,32.84,34.03,34.03,1017,27,0.62,136,0,0.0,Clear,clear sky,15
Somogyudvarhely,46.163333,17.179722,2026-06-26 15:58:40.578887,33.86,32.78,33.86,33.86,1017,28,0.61,178,0,0.0,Clear,clear sky,15
Bélavár,46.122778,17.207778,2026-06-26 15:58:41.771109,33.71,32.9,33.71,33.71,1017,30,1.26,191,1,0.0,Clear,clear sky,15
Vízvár,46.101389,17.239444,2026-06-26 15:58:42.966188,33.5,32.63,33.5,33.5,1017,30,1.63,192,1,0.0,Clear,clear sky,15
Babócsa,46.028359,17.342276,2026-06-26 15:58:44.156771,33.27,32.49,33.27,33.27,1017,31,2.32,188,1,0.0,Clear,clear sky,15
Péterhida-Komlósd,46.006667,17.358056,2026-06-26 15:58:45.354921,33.21,32.57,33.21,33.21,1017,32,2.54,183,0,0.0,Clear,clear sky,15
Barcs,45.951944,17.446944,2026-06-26 15:58:46.595219,32.95,32.56,32.95,32.95,1017,34,2.75,174,0,0.0,Clear,clear sky,15
Barcs felső,45.958333,17.486389,2026-06-26 15:58:47.789215,32.82,32.55,32.82,32.82,1017,35,2.79,174,0,0.0,Clear,clear sky,15
Középrigóc,45.970556,17.525,2026-06-26 15:58:48.986202,32.68,32.36,32.68,32.68,1017,35,2.83,173,0,0.0,Clear,clear sky,15
Darány,45.992222,17.598611,2026-06-26 15:58:50.183280,32.61,32.44,32.61,32.61,1017,36,3.0,178,0,0.0,Clear,clear sky,15
Kisdobsza,46.012222,17.668056,2026-06-26 15:58:51.374052,32.68,32.53,32.68,32.68,1017,36,3.11,182,0,0.0,Clear,clear sky,15
Nemeske,46.023333,17.705278,2026-06-26 15:58:52.576847,32.68,32.71,32.68,32.68,1017,37,3.17,183,0,0.0,Clear,clear sky,15
Molvány,46.035278,17.748611,2026-06-26 15:58:53.783009,32.69,32.72,32.69,32.69,1017,37,3.32,187,0,0.0,Clear,clear sky,15
Szigetvár,46.043333,17.801944,2026-06-26 15:58:54.975825,32.64,32.65,32.64,32.64,1017,37,3.36,188,0,0.0,Clear,clear sky,15
Nagypeterd,46.039444,17.871667,2026-06-26 15:58:56.167697,32.58,32.75,32.58,32.58,1017,38,3.41,192,0,0.0,Clear,clear sky,15
Szentdénes,46.036667,17.926944,2026-06-26 15:58:57.364081,32.5,32.64,32.5,32.5,1017,38,3.42,195,0,0.0,Clear,clear sky,15
Háros,47.412222,19.035,2026-06-26 15:58:58.561265,35.86,35.06,34.85,36.12,1016,26,0.89,328,0,0.0,Clear,clear sky,15
Nagytétény-Diósd,47.398333,18.974444,2026-06-26 15:58:59.762516,35.91,35.13,34.88,36.15,1016,26,0.89,328,0,0.0,Clear,clear sky,15
Érdliget,47.390278,18.937778,2026-06-26 15:59:00.953438,35.83,35.02,34.8,36.06,1017,26,0.89,328,0,0.0,Clear,clear sky,15
Érd felső,47.381111,18.922222,2026-06-26 15:59:02.148920,35.79,34.96,34.76,36.03,1017,26,0.89,328,0,0.0,Clear,clear sky,15
Érd,47.369722,18.900833,2026-06-26 15:59:03.350023,35.74,34.9,34.73,35.99,1017,26,3.11,349,0,0.0,Clear,clear sky,15
Százhalombatta,47.322222,18.899167,2026-06-26 15:59:04.548526,35.74,34.9,34.71,35.98,1016,26,3.25,351,0,0.0,Clear,clear sky,15
Dunai Finomító,47.294444,18.878889,2026-06-26 15:59:05.738633,35.69,34.83,35.24,35.69,1016,26,3.54,355,0,0.0,Clear,clear sky,15
Ercsi,47.247222,18.875278,2026-06-26 15:59:06.937177,35.92,34.1,35.46,35.92,1016,20,3.57,357,0,0.0,Clear,clear sky,15
Iváncsa,47.177778,18.811944,2026-06-26 15:59:08.129281,34.92,32.96,34.92,34.92,1016,20,3.77,7,0,0.0,Clear,clear sky,15
Pusztaszabolcs,47.139722,18.761667,2026-06-26 15:59:09.321488,35.2,33.15,35.2,35.2,1016,19,3.78,14,0,0.0,Clear,clear sky,15
Szabadegyháza,47.082778,18.704167,2026-06-26 15:59:10.524891,35.35,33.32,35.35,35.35,1016,19,3.76,22,0,0.0,Clear,clear sky,15
Sárosd,47.039722,18.660278,2026-06-26 15:59:11.716384,35.53,33.52,35.53,35.53,1016,19,3.73,28,0,0.0,Clear,clear sky,15
Nagylók,46.979444,18.635833,2026-06-26 15:59:12.912880,35.6,33.48,35.6,35.6,1016,18,3.19,27,0,0.0,Clear,clear sky,15
Sárbogárd,46.896944,18.611944,2026-06-26 15:59:14.105220,36.01,33.93,36.01,36.01,1016,18,2.48,21,0,0.0,Clear,clear sky,15
Rétszilas,46.814167,18.601389,2026-06-26 15:59:15.303583,36.15,34.08,36.15,36.15,1016,18,1.83,4,0,0.0,Clear,clear sky,15
Nagyatád,46.228611,17.354167,2026-06-26 15:59:16.493924,33.76,32.97,33.76,33.76,1017,30,1.87,286,0,0.0,Clear,clear sky,15
Budapest-Keleti,47.500278,19.084167,2026-06-26 15:59:17.690877,35.72,34.87,34.8,36.06,1017,26,1.34,336,0,0.0,Clear,clear sky,15
Ferencváros,47.468611,19.088056,2026-06-26 15:59:18.891696,35.74,34.9,34.82,36.08,1017,26,0.89,328,0,0.0,Clear,clear sky,15
Budapest-Nyugati,47.510833,19.0575,2026-06-26 15:59:20.086321,35.73,34.88,34.81,36.08,1017,26,1.34,336,0,0.0,Clear,clear sky,15
Kőbánya felső,47.491944,19.133889,2026-06-26 15:59:21.279880,35.69,34.83,34.74,36.01,1017,26,1.34,336,0,0.0,Clear,clear sky,15
Rákos,47.488889,19.174722,2026-06-26 15:59:22.477789,35.67,34.8,34.7,35.97,1017,26,0.45,348,0,0.0,Clear,clear sky,15
Rákosrendező,47.525556,19.089444,2026-06-26 15:59:23.668221,35.85,35.05,34.84,36.11,1017,26,1.34,336,0,0.0,Clear,clear sky,15
Zugló,47.511389,19.101389,2026-06-26 15:59:24.863600,35.77,34.94,34.8,36.07,1017,26,1.34,336,0,0.0,Clear,clear sky,15
Mezőtárkány,47.725,20.480278,2026-06-26 15:59:26.066470,31.47,29.65,31.47,31.47,1016,23,2.52,8,1,0.0,Clear,clear sky,15
Istvántelek,47.550278,19.106389,2026-06-26 15:59:27.267232,35.94,35.38,34.83,36.1,1017,27,1.34,336,0,0.0,Clear,clear sky,15
Rákospalota-Újpest,47.565833,19.111944,2026-06-26 15:59:28.467377,35.97,35.42,34.82,36.09,1017,27,1.34,336,0,0.0,Clear,clear sky,15
Kőbánya alsó,47.483056,19.127222,2026-06-26 15:59:29.662109,35.7,34.84,34.75,36.02,1017,26,1.34,336,0,0.0,Clear,clear sky,15
Kőbánya-Kispest,47.463889,19.149444,2026-06-26 15:59:30.853432,35.7,34.84,34.75,36.02,1017,26,0.45,348,0,0.0,Clear,clear sky,15
Pestszentlőrinc,47.454722,19.182778,2026-06-26 15:59:32.044914,35.66,34.79,34.69,35.96,1016,26,2.65,39,0,0.0,Clear,clear sky,15
Kispest,47.448135,19.157552,2026-06-26 15:59:33.236822,35.72,34.87,34.76,36.03,1016,26,0.45,348,0,0.0,Clear,clear sky,15
Újpest,47.558889,19.079722,2026-06-26 15:59:34.426831,35.99,35.45,34.83,36.1,1017,27,1.34,336,0,0.0,Clear,clear sky,15
Pestszentimre felső,47.413611,19.173333,2026-06-26 15:59:35.622004,35.75,34.91,34.78,36.05,1016,26,2.72,39,0,0.0,Clear,clear sky,15
Dunakeszi,47.626111,19.136111,2026-06-26 15:59:36.812690,35.81,35.2,34.73,35.99,1017,27,1.34,336,0,0.0,Clear,clear sky,15
Dunakeszi-Gyártelep,47.643611,19.135,2026-06-26 15:59:38.008753,35.82,35.21,34.77,36.04,1017,27,0.68,204,0,0.0,Clear,clear sky,15
Alsógöd,47.676944,19.134444,2026-06-26 15:59:39.202235,35.74,35.1,34.76,36.03,1017,27,1.12,203,0,0.0,Clear,clear sky,15
Göd,47.687778,19.1375,2026-06-26 15:59:40.399298,35.75,35.11,34.78,36.05,1017,27,1.12,203,0,0.0,Clear,clear sky,15
Felsőgöd,47.705556,19.143333,2026-06-26 15:59:41.589204,36.06,35.55,34.83,36.1,1017,27,1.46,202,0,0.0,Clear,clear sky,15
Sződ-Sződliget,47.728056,19.154722,2026-06-26 15:59:42.784918,36.03,35.51,34.82,36.09,1017,27,1.68,199,0,0.0,Clear,clear sky,15
Vác,47.782778,19.133056,2026-06-26 15:59:43.977309,36.06,35.33,34.8,36.06,1017,26,1.79,189,0,0.0,Clear,clear sky,15
Verőce,47.823889,19.029444,2026-06-26 15:59:45.174084,35.9,35.54,34.63,35.9,1017,28,1.45,207,1,0.0,Clear,clear sky,15
Kismaros,47.8275,19.010278,2026-06-26 15:59:46.372803,34.76,33.95,34.76,34.76,1017,28,1.53,211,1,0.0,Clear,clear sky,15
Nagymaros-Visegrád,47.791389,18.959167,2026-06-26 15:59:47.572937,34.78,33.98,34.78,36.05,1017,28,1.87,224,0,0.0,Clear,clear sky,15
Nagymaros,47.780278,18.952222,2026-06-26 15:59:48.769339,34.86,34.08,34.86,36.12,1017,28,1.87,224,0,0.0,Clear,clear sky,15
Zebegény,47.801389,18.908889,2026-06-26 15:59:49.960135,34.83,34.04,34.83,36.1,1017,28,1.86,217,1,0.0,Clear,clear sky,15
Szob,47.821111,18.861944,2026-06-26 15:59:51.157566,34.79,33.81,34.79,34.79,1017,27,2.04,206,1,0.0,Clear,clear sky,15
Alagimajor,47.601944,19.153889,2026-06-26 15:59:52.353736,35.91,35.13,34.77,36.04,1017,26,0.89,18,0,0.0,Clear,clear sky,15
Fót,47.611389,19.181667,2026-06-26 15:59:53.547306,35.81,34.99,34.67,35.93,1017,26,0.38,125,0,0.0,Clear,clear sky,15
Fótújfalu,47.615,19.192778,2026-06-26 15:59:54.741611,35.71,34.85,34.56,35.83,1017,26,0.38,125,0,0.0,Clear,clear sky,15
Csomád,47.635556,19.222778,2026-06-26 15:59:55.937297,35.43,34.48,34.29,35.56,1017,26,0.7,112,0,0.0,Clear,clear sky,15
Veresegyház,47.649167,19.288611,2026-06-26 15:59:57.125885,35.71,34.85,35.13,35.71,1017,26,1.51,118,0,0.0,Clear,clear sky,15
Erdőkertes,47.662222,19.295833,2026-06-26 15:59:58.319142,35.66,34.25,35.08,35.66,1017,23,1.51,118,0,0.0,Clear,clear sky,15
Őrbottyán,47.685833,19.283611,2026-06-26 15:59:59.516087,35.58,34.31,35.0,35.58,1017,24,1.66,134,0,0.0,Clear,clear sky,15
Váchartyán,47.725833,19.248889,2026-06-26 16:00:00.710694,35.94,34.78,35.94,35.94,1017,24,1.97,155,0,0.0,Clear,clear sky,15
Magyarkút-Verőce,47.826111,19.044444,2026-06-26 16:00:01.908619,36.06,35.77,36.06,36.06,1017,28,1.45,207,1,0.0,Clear,clear sky,15
Szokolya,47.871111,19.030556,2026-06-26 16:00:03.103977,31.37,29.85,31.37,31.37,1017,27,0.95,180,2,0.0,Clear,clear sky,15
Berkenye,47.885278,19.071944,2026-06-26 16:00:04.297003,32.07,30.57,32.07,32.07,1017,27,0.95,165,2,0.0,Clear,clear sky,15
Nógrád,47.901944,19.0475,2026-06-26 16:00:05.491827,31.74,30.23,31.74,31.74,1017,27,0.79,156,2,0.0,Clear,clear sky,15
Diósjenő,47.94,19.049444,2026-06-26 16:00:06.686152,31.38,29.78,31.38,31.38,1017,26,0.77,128,3,0.0,Clear,clear sky,15
Borsosberény,47.971389,19.093056,2026-06-26 16:00:07.881291,32.06,30.47,32.06,32.06,1017,26,1.94,95,2,0.0,Clear,clear sky,15
Nagyoroszi,47.993611,19.101111,2026-06-26 16:00:09.081871,31.91,30.23,31.91,31.91,1017,25,2.17,88,2,0.0,Clear,clear sky,15
Drégelyvár,48.001944,19.079444,2026-06-26 16:00:10.281590,32.17,30.49,32.17,32.17,1017,25,1.55,80,3,0.0,Clear,clear sky,15
Drégely,48.042222,19.056111,2026-06-26 16:00:11.473519,32.53,30.87,32.53,32.53,1017,25,1.63,75,3,0.0,Clear,clear sky,15
Drégelypalánk,48.055,19.046111,2026-06-26 16:00:12.676714,32.68,31.03,32.68,32.68,1017,25,1.27,68,4,0.0,Clear,clear sky,15
Ipolyvece,48.056944,19.106389,2026-06-26 16:00:13.878894,32.61,30.96,32.61,32.61,1017,25,2.35,80,2,0.0,Clear,clear sky,15
Dejtár,48.045556,19.196389,2026-06-26 16:00:15.080628,32.48,30.82,32.48,32.48,1017,25,3.11,87,1,0.0,Clear,clear sky,15
Ipolyszög,48.054444,19.221944,2026-06-26 16:00:16.264055,32.35,30.68,32.35,32.35,1017,25,3.42,89,1,0.0,Clear,clear sky,15
Iklad-Domony,47.658056,19.444444,2026-06-26 16:00:17.454957,32.57,30.74,32.57,32.57,1017,23,2.08,91,0,0.0,Clear,clear sky,15
Iklad-Domony felső,47.667778,19.428056,2026-06-26 16:00:18.644168,35.95,34.61,35.95,35.95,1017,23,2.12,106,0,0.0,Clear,clear sky,15
Galgamácsa,47.693889,19.3925,2026-06-26 16:00:19.833890,35.94,34.78,35.94,35.94,1017,24,2.11,127,0,0.0,Clear,clear sky,15
Vácrátót,47.732778,19.217778,2026-06-26 16:00:21.023302,35.86,34.86,35.86,35.86,1017,25,1.74,176,0,0.0,Clear,clear sky,15
Csörög,47.735833,19.196389,2026-06-26 16:00:22.216450,35.86,34.86,34.6,35.86,1017,25,1.69,187,0,0.0,Clear,clear sky,15
Galgagyörk,47.735278,19.372222,2026-06-26 16:00:23.419324,35.84,34.65,35.84,35.84,1017,24,2.3,131,0,0.0,Clear,clear sky,15
Püspökhatvan,47.768611,19.366944,2026-06-26 16:00:24.619586,32.3,30.54,32.3,32.3,1017,24,2.61,131,0,0.0,Clear,clear sky,15
Acsa-Erdőkürt,47.801111,19.386111,2026-06-26 16:00:25.810719,32.09,30.41,32.09,32.09,1017,25,2.73,128,0,0.0,Clear,clear sky,15
Galgaguta,47.848611,19.385556,2026-06-26 16:00:27.018129,31.72,30.04,31.72,31.72,1017,25,3.01,118,0,0.0,Clear,clear sky,15
Nógrádkövesd,47.879444,19.371111,2026-06-26 16:00:28.222448,31.83,30.23,31.83,31.83,1017,26,3.18,112,0,0.0,Clear,clear sky,15
Magyarnándor,47.970833,19.356667,2026-06-26 16:00:29.420132,31.68,30.08,31.68,31.68,1017,26,3.72,99,1,0.0,Clear,clear sky,15
Mohora,47.995556,19.347778,2026-06-26 16:00:30.621134,31.78,30.18,31.78,31.78,1017,26,3.91,96,1,0.0,Clear,clear sky,15
Szügy,48.036389,19.333056,2026-06-26 16:00:31.816059,31.97,30.37,31.97,31.97,1017,26,4.11,93,3,0.0,Clear,clear sky,15
Balassagyarmat,48.071111,19.293611,2026-06-26 16:00:33.004066,32.16,30.48,32.16,32.16,1017,25,4.03,92,2,0.0,Clear,clear sky,15
Őrhalom,48.078773,19.403936,2026-06-26 16:00:34.194727,31.51,30.08,31.51,31.51,1017,28,4.01,94,8,0.0,Clear,clear sky,15
Hugyag,48.083056,19.421111,2026-06-26 16:00:35.387347,31.51,30.08,31.51,31.51,1017,28,4.01,94,8,0.0,Clear,clear sky,15
Szécsény,48.093056,19.521111,2026-06-26 16:00:36.619274,31.45,30.31,31.45,31.45,1017,31,3.47,94,8,0.0,Clear,clear sky,15
Ludányhalászi,48.1325,19.529444,2026-06-26 16:00:37.809314,31.43,30.29,31.43,31.43,1017,31,3.55,101,12,0.0,Clouds,few clouds,15
Nógrádszakál,48.178333,19.521667,2026-06-26 16:00:39.008055,31.39,30.25,31.39,31.39,1017,31,3.58,104,15,0.0,Clouds,few clouds,15
Ráróspuszta,48.207222,19.541389,2026-06-26 16:00:40.206527,30.82,29.64,30.82,30.82,1017,31,3.62,109,21,0.0,Clouds,few clouds,15
Litke,48.215833,19.598611,2026-06-26 16:00:41.401922,31.21,30.27,31.21,31.21,1017,33,2.9,112,12,0.0,Clouds,few clouds,15
Nyíregyháza külső,47.943056,21.740278,2026-06-26 16:00:42.602278,31.36,29.68,31.36,31.36,1016,25,5.51,14,7,0.0,Clear,clear sky,15
Oros,47.945833,21.806389,2026-06-26 16:00:43.795839,31.42,29.82,31.42,31.42,1016,26,5.68,14,8,0.0,Clear,clear sky,15
Napkor,47.948889,21.873056,2026-06-26 16:00:45.000510,31.42,29.82,31.42,31.42,1016,26,6.08,15,11,0.0,Clouds,few clouds,15
Apagy,47.953775,21.939044,2026-06-26 16:00:46.198696,31.46,29.86,31.46,31.46,1016,26,6.05,15,11,0.0,Clouds,few clouds,15
Levelek-Magy,47.948056,21.993611,2026-06-26 16:00:47.396449,31.51,29.91,31.51,31.51,1016,26,5.97,15,11,0.0,Clouds,few clouds,15
Ófehértó,47.940556,22.041389,2026-06-26 16:00:48.591204,31.55,29.95,31.55,31.55,1016,26,5.62,15,10,0.0,Clear,clear sky,15
Ligettanya,47.951667,22.071389,2026-06-26 16:00:49.792529,31.51,29.91,31.51,31.51,1016,26,5.93,15,9,0.0,Clear,clear sky,15
Baktalórántháza,47.988611,22.083333,2026-06-26 16:00:50.989948,31.45,29.85,31.45,31.45,1016,26,6.14,16,10,0.0,Clear,clear sky,15
Vaja-Rohod,48.006389,22.164167,2026-06-26 16:00:52.191928,31.53,29.93,31.53,31.53,1016,26,6.2,16,8,0.0,Clear,clear sky,15
Rákóczitanya,48.022222,22.178333,2026-06-26 16:00:53.396688,31.57,29.97,31.57,31.57,1016,26,6.17,16,8,0.0,Clear,clear sky,15
Nyírmada,48.059167,22.203056,2026-06-26 16:00:54.593386,31.44,29.84,31.44,31.44,1016,26,6.23,16,9,0.0,Clear,clear sky,15
Tunyogmatolcs,47.960244,22.442247,2026-06-26 16:00:55.783965,32.45,30.7,32.45,32.45,1016,24,5.17,11,16,0.0,Clouds,few clouds,15
Tunyogmatolcs alsó,47.966025,22.464713,2026-06-26 16:00:56.980110,32.51,30.76,32.51,32.51,1016,24,5.03,11,19,0.0,Clouds,few clouds,15
Fehérgyarmat,47.979167,22.524444,2026-06-26 16:00:58.183323,32.54,30.79,32.54,32.54,1016,24,5.27,14,26,0.0,Clouds,scattered clouds,15
Penyige,47.995278,22.566944,2026-06-26 16:00:59.391293,32.6,30.95,32.6,32.6,1016,25,5.21,15,28,0.0,Clouds,scattered clouds,15
Nagyszekeres,47.976111,22.6125,2026-06-26 16:01:00.581890,32.63,30.98,32.63,32.63,1016,25,5.13,17,29,0.0,Clouds,scattered clouds,15
Kisszekeres,47.965833,22.629444,2026-06-26 16:01:01.776835,32.69,31.04,32.69,32.69,1016,25,4.47,16,29,0.0,Clouds,scattered clouds,15
Jánkmajtis,47.941944,22.657222,2026-06-26 16:01:02.978930,32.73,31.19,32.73,32.73,1016,26,3.62,18,30,0.0,Clouds,scattered clouds,15
Gacsály,47.926111,22.745,2026-06-26 16:01:04.185184,32.26,30.78,32.26,32.26,1016,27,3.41,26,28,0.0,Clouds,scattered clouds,15
Zajta,47.9025,22.796111,2026-06-26 16:01:05.378301,32.25,30.87,32.25,32.25,1016,28,2.67,34,23,0.0,Clouds,few clouds,15
Eperjeske alsó,48.360556,22.19,2026-06-26 16:01:06.587732,30.56,29.13,30.56,30.56,1016,28,6.53,357,15,0.0,Clouds,few clouds,15
Mándok,48.326944,22.196389,2026-06-26 16:01:07.783037,30.69,29.26,30.69,30.69,1016,28,6.26,359,16,0.0,Clouds,few clouds,15
Tornyospálca,48.268333,22.201944,2026-06-26 16:01:08.987348,30.88,29.44,30.88,30.88,1016,28,6.05,2,16,0.0,Clouds,few clouds,15
Aranyosapáti,48.211303,22.253534,2026-06-26 16:01:10.186136,31.19,29.75,31.19,31.19,1016,28,5.86,13,15,0.0,Clouds,few clouds,15
Gyüre,48.171389,22.269167,2026-06-26 16:01:11.384612,31.36,29.84,31.36,31.36,1016,27,5.98,15,13,0.0,Clouds,few clouds,15
Varsány,48.151722,22.290047,2026-06-26 16:01:12.583541,31.5,29.98,31.5,31.5,1016,27,6.09,17,13,0.0,Clouds,few clouds,15
Vásárosnamény,48.126667,22.306111,2026-06-26 16:01:13.782727,31.61,30.09,31.61,31.61,1016,27,6.14,18,11,0.0,Clouds,few clouds,15
Vitka,48.095556,22.308056,2026-06-26 16:01:14.986221,31.71,30.11,31.71,31.71,1016,26,6.16,17,10,0.0,Clear,clear sky,15
Nagydobos,48.054167,22.311111,2026-06-26 16:01:16.198297,31.74,30.14,31.74,31.74,1016,26,6.14,17,9,0.0,Clear,clear sky,15
Ópályi,47.997778,22.318333,2026-06-26 16:01:17.389638,31.99,30.31,31.99,31.99,1016,25,5.87,14,9,0.0,Clear,clear sky,15
Nyírcsaholy,47.908056,22.348333,2026-06-26 16:01:18.581130,32.36,30.69,32.36,32.36,1016,25,5.03,8,13,0.0,Clouds,few clouds,15
Nagyecsed,47.864722,22.385556,2026-06-26 16:01:19.778355,32.58,30.92,32.58,32.58,1016,25,3.68,4,19,0.0,Clouds,few clouds,15
Tiborszállás,47.815278,22.402778,2026-06-26 16:01:20.978127,32.61,31.06,32.61,32.61,1016,26,2.7,1,20,0.0,Clouds,few clouds,15
Kiskunhalas,46.434444,19.493611,2026-06-26 16:01:22.170594,35.72,33.86,35.72,35.72,1016,20,2.93,51,2,0.0,Clear,clear sky,15
Kecskemét alsó,46.895833,19.692222,2026-06-26 16:01:23.369141,37.11,35.53,35.99,37.11,1016,20,3.83,30,0,0.0,Clear,clear sky,15
Putnok,48.286667,20.4375,2026-06-26 16:01:24.567723,33.75,33.88,33.36,33.75,1017,35,2.37,316,24,0.0,Clouds,few clouds,15
Bánréve,48.299722,20.351944,2026-06-26 16:01:25.767150,33.74,34.07,33.74,33.74,1017,36,2.51,312,34,0.0,Clouds,scattered clouds,15
Ipolytarnóc,48.236667,19.629167,2026-06-26 16:01:26.968557,31.11,30.27,31.11,31.11,1017,34,2.58,116,11,0.0,Clouds,few clouds,15
Rákosliget,47.486111,19.257778,2026-06-26 16:01:28.168900,35.61,34.72,34.62,35.89,1017,26,2.83,54,0,0.0,Clear,clear sky,15
Ikrény,47.657778,17.524167,2026-06-26 16:01:29.364337,35.5,33.75,35.5,35.5,1016,21,3.32,72,0,0.0,Clear,clear sky,15
Rábapatona,47.648889,17.461944,2026-06-26 16:01:30.558852,35.6,33.72,35.6,35.6,1016,20,3.49,69,0,0.0,Clear,clear sky,15
Enese,47.644167,17.425278,2026-06-26 16:01:31.756831,35.65,33.78,35.65,35.65,1016,20,3.63,66,0,0.0,Clear,clear sky,15
Kóny,47.632222,17.357222,2026-06-26 16:01:32.955469,35.69,33.83,35.69,35.69,1016,20,3.72,70,0,0.0,Clear,clear sky,15
Farád,47.595278,17.195833,2026-06-26 16:01:34.149152,34.45,32.34,34.45,34.45,1016,19,3.56,54,0,0.0,Clear,clear sky,15
Rábatamási,47.592778,17.161389,2026-06-26 16:01:35.347029,34.45,32.34,34.45,34.45,1016,19,3.56,54,0,0.0,Clear,clear sky,15
Szárföld,47.589167,17.123889,2026-06-26 16:01:36.542281,34.43,32.32,34.43,34.43,1016,19,3.51,49,0,0.0,Clear,clear sky,15
Veszkény,47.586944,17.101389,2026-06-26 16:01:37.740622,34.44,34.28,34.44,34.44,1016,32,3.47,43,0,0.0,Clear,clear sky,15
Kapuvár,47.581944,17.046944,2026-06-26 16:01:38.934320,34.42,34.25,34.42,34.42,1016,32,3.63,35,0,0.0,Clear,clear sky,15
Vitnyéd-Csermajor,47.5825,16.987222,2026-06-26 16:01:40.134875,34.43,34.26,34.43,34.43,1016,32,3.59,25,0,0.0,Clear,clear sky,15
Petőháza,47.595278,16.893056,2026-06-26 16:01:41.328820,34.38,34.19,34.38,34.38,1017,32,3.15,7,0,0.0,Clear,clear sky,15
Fertőszentmiklós,47.6,16.858889,2026-06-26 16:01:42.525298,34.38,34.19,34.38,34.49,1017,32,3.08,3,0,0.0,Clear,clear sky,15
Pinnye,47.600278,16.768611,2026-06-26 16:01:43.727105,34.26,34.02,34.26,34.37,1017,32,2.64,355,0,0.0,Clear,clear sky,15
Fertőboz,47.625,16.691667,2026-06-26 16:01:44.922526,34.1,33.79,34.1,34.21,1017,32,1.98,354,0,0.0,Clear,clear sky,15
Sopron,47.677778,16.587222,2026-06-26 16:01:46.112825,33.8,33.02,33.8,33.91,1017,30,1.02,29,0,0.0,Clear,clear sky,15
Fertőszéplak-Fertőd,47.618889,16.850833,2026-06-26 16:01:47.309622,34.4,34.22,34.4,34.51,1017,32,2.65,355,0,0.0,Clear,clear sky,15
Nyúl,47.587778,17.698056,2026-06-26 16:01:48.508652,35.19,33.38,35.19,35.19,1017,21,3.3,84,0,0.0,Clear,clear sky,15
Pannonhalma,47.547778,17.740833,2026-06-26 16:01:49.702365,34.84,32.98,34.84,34.84,1017,21,3.3,72,0,0.0,Clear,clear sky,15
Tarjánpuszta,47.504722,17.789167,2026-06-26 16:01:50.899647,34.74,32.87,34.74,34.74,1017,21,3.67,57,0,0.0,Clear,clear sky,15
Győrasszonyfa,47.4925,17.799167,2026-06-26 16:01:52.098939,34.74,32.87,34.74,34.74,1017,21,3.67,57,0,0.0,Clear,clear sky,15
Veszprémvarsány,47.443333,17.818333,2026-06-26 16:01:53.296510,34.66,32.78,34.66,34.66,1017,21,4.12,47,0,0.0,Clear,clear sky,15
Bakonyszentlászló,47.395556,17.8175,2026-06-26 16:01:54.493237,34.36,32.45,34.36,34.36,1017,21,4.37,43,0,0.0,Clear,clear sky,15
Porva-Csesznek,47.326944,17.841111,2026-06-26 16:01:55.689142,33.06,31.07,33.06,33.06,1017,21,4.25,42,0,0.0,Clear,clear sky,15
Zirc,47.266667,17.878056,2026-06-26 16:01:56.878893,33.08,31.18,33.08,33.08,1017,22,3.14,48,0,0.0,Clear,clear sky,15
Eplény,47.192778,17.921667,2026-06-26 16:01:58.078065,33.22,31.52,33.22,33.22,1017,24,1.43,79,0,0.0,Clear,clear sky,15
Marcaltő,47.4275,17.348889,2026-06-26 16:01:59.273921,35.93,33.84,35.93,35.93,1016,18,4.35,60,0,0.0,Clear,clear sky,15
Szany-Rábaszentandrás,47.460833,17.315278,2026-06-26 16:02:00.464019,35.88,33.78,35.88,35.88,1016,18,4.16,68,0,0.0,Clear,clear sky,15
Egyed-Rábacsanak,47.521944,17.316389,2026-06-26 16:02:01.667014,35.8,33.82,35.8,35.8,1016,19,4.01,73,0,0.0,Clear,clear sky,15
Rábapordány,47.557222,17.315,2026-06-26 16:02:02.859425,35.8,33.82,35.8,35.8,1016,19,3.93,74,0,0.0,Clear,clear sky,15
Albertfalva,47.440784,19.033965,2026-06-26 16:02:04.054187,35.86,35.06,34.87,36.14,1017,26,0.89,328,0,0.0,Clear,clear sky,15
Budafok,47.425833,19.041389,2026-06-26 16:02:05.252478,35.88,35.09,34.88,36.15,1016,26,0.89,328,0,0.0,Clear,clear sky,15
Tétényliget,47.384722,18.955278,2026-06-26 16:02:06.448208,35.94,35.17,34.9,36.17,1017,26,0.89,328,0,0.0,Clear,clear sky,15
Érd alsó,47.379722,18.923056,2026-06-26 16:02:07.631798,35.79,34.96,34.76,36.03,1017,26,0.89,328,0,0.0,Clear,clear sky,15
Tárnok,47.365556,18.873889,2026-06-26 16:02:08.839227,35.82,35.0,34.83,36.1,1017,26,3.32,351,0,0.0,Clear,clear sky,15
Martonvásár,47.321389,18.781667,2026-06-26 16:02:10.039377,35.88,34.2,34.76,35.9,1017,21,3.68,359,0,0.0,Clear,clear sky,15
Baracska,47.297222,18.753333,2026-06-26 16:02:11.232593,36.0,34.34,32.82,36.0,1017,21,3.81,5,0,0.0,Clear,clear sky,15
Pettend,47.26,18.708889,2026-06-26 16:02:12.431220,34.57,32.68,34.57,34.57,1017,21,4.01,15,0,0.0,Clear,clear sky,15
Kápolnásnyék,47.245556,18.692222,2026-06-26 16:02:13.623363,34.77,32.91,34.77,34.77,1017,21,4.11,20,0,0.0,Clear,clear sky,15
Velence,47.226944,18.663889,2026-06-26 16:02:14.818548,34.87,33.02,34.87,34.87,1017,21,4.18,25,0,0.0,Clear,clear sky,15
Velencefürdő,47.218611,18.648056,2026-06-26 16:02:16.018135,34.99,33.03,34.99,34.99,1016,20,4.2,25,0,0.0,Clear,clear sky,15
Gárdony,47.205833,18.624722,2026-06-26 16:02:17.212053,35.04,33.09,35.04,35.04,1016,20,4.27,30,0,0.0,Clear,clear sky,15
Agárd,47.197666,18.604907,2026-06-26 16:02:18.402371,35.04,33.09,35.04,35.04,1016,20,4.27,30,0,0.0,Clear,clear sky,15
Dinnyés,47.179722,18.560833,2026-06-26 16:02:19.592959,35.19,33.26,35.19,35.19,1016,20,4.32,37,0,0.0,Clear,clear sky,15
Székesfehérvár,47.183611,18.424722,2026-06-26 16:02:20.788794,35.4,33.37,35.4,35.4,1016,19,3.86,40,0,0.0,Clear,clear sky,15
Szabadbattyán,47.105278,18.388333,2026-06-26 16:02:21.988651,35.73,33.62,35.73,35.73,1016,18,3.06,31,0,0.0,Clear,clear sky,15
Kiscséripuszta,47.048056,18.355,2026-06-26 16:02:23.183930,35.24,32.99,35.24,35.24,1016,17,2.24,15,0,0.0,Clear,clear sky,15
Lepsény,46.9875,18.248056,2026-06-26 16:02:24.383594,35.46,42.46,34.34,35.46,1016,56,1.55,325,0,0.0,Clear,clear sky,15
Balatonaliga,46.984444,18.171389,2026-06-26 16:02:25.585656,35.27,42.27,34.15,35.27,1016,56,1.57,275,0,0.0,Clear,clear sky,15
Balatonvilágos,46.964167,18.157222,2026-06-26 16:02:26.784962,35.31,42.31,34.19,35.31,1017,56,2.07,258,0,0.0,Clear,clear sky,15
Szabadifürdő,46.926111,18.103333,2026-06-26 16:02:27.977200,35.48,42.48,34.36,35.48,1017,56,2.7,250,0,0.0,Clear,clear sky,15
Ózd alsó,48.227778,20.306111,2026-06-26 16:02:29.175727,33.58,36.87,33.58,33.58,1017,48,2.11,308,23,0.0,Clouds,few clouds,15
Ózd,48.2225,20.294722,2026-06-26 16:02:30.370154,33.63,36.97,33.63,33.63,1017,48,2.11,308,23,0.0,Clouds,few clouds,15
Alsóboldva,48.212778,20.792222,2026-06-26 16:02:31.566190,33.57,36.27,33.57,35.68,1016,46,3.6,39,20,0.0,Clouds,few clouds,15
Boldva,48.223333,20.790278,2026-06-26 16:02:32.763008,33.56,32.26,33.56,35.68,1016,27,3.6,39,20,0.0,Clouds,few clouds,15
Borsodszirák,48.259167,20.770556,2026-06-26 16:02:33.959686,33.52,32.36,33.52,33.52,1016,28,3.66,39,22,0.0,Clouds,few clouds,15
Edelény alsó,48.279167,20.760833,2026-06-26 16:02:35.154855,33.5,32.33,33.5,33.5,1016,28,3.66,39,22,0.0,Clouds,few clouds,15
Edelény,48.299722,20.749444,2026-06-26 16:02:36.351925,33.48,32.31,33.48,33.48,1016,28,3.83,40,23,0.0,Clouds,few clouds,15
Szendrőlád,48.334444,20.731944,2026-06-26 16:02:37.551569,29.5,28.24,29.5,29.5,1016,29,3.67,42,23,0.0,Clouds,few clouds,15
Szendrő,48.400725,20.721346,2026-06-26 16:02:38.747627,30.28,29.02,30.28,30.28,1017,30,3.81,47,22,0.0,Clouds,few clouds,15
Szendrő felső,48.409907,20.720148,2026-06-26 16:02:39.941883,30.28,29.02,30.28,30.28,1017,30,3.81,47,22,0.0,Clouds,few clouds,15
Szalonna,48.449444,20.722222,2026-06-26 16:02:41.147724,30.17,29.07,30.17,30.17,1017,32,3.85,51,22,0.0,Clouds,few clouds,15
Perkupa,48.471389,20.691111,2026-06-26 16:02:42.345441,29.43,28.52,29.43,29.43,1017,34,2.84,47,21,0.0,Clouds,few clouds,15
Szemeretelep,47.443056,19.214167,2026-06-26 16:02:43.564979,35.66,34.79,34.69,35.95,1016,26,2.84,45,0,0.0,Clear,clear sky,15
Jósvafő-Aggtelek,48.489722,20.693889,2026-06-26 16:02:44.764936,29.66,28.83,29.66,29.66,1017,35,2.82,47,21,0.0,Clouds,few clouds,15
Bódvaszilas,48.5375,20.738056,2026-06-26 16:02:45.960674,29.09,28.28,29.09,29.09,1017,35,3.72,53,23,0.0,Clouds,few clouds,15
Komjáti,48.5475,20.759722,2026-06-26 16:02:47.162729,28.41,27.75,28.41,28.41,1017,36,3.99,53,27,0.0,Clouds,scattered clouds,15
Tornanádaska,48.558333,20.787222,2026-06-26 16:02:48.354222,29.44,28.61,29.44,29.44,1017,35,4.35,53,29,0.0,Clouds,scattered clouds,15
Onga,48.121111,20.906667,2026-06-26 16:02:49.544309,33.62,36.36,33.62,35.74,1016,46,3.66,40,5,0.0,Clear,clear sky,15
Szikszó-Vásártér,48.193056,20.934722,2026-06-26 16:02:50.735333,33.59,32.04,33.59,35.7,1016,25,4.38,37,8,0.0,Clear,clear sky,15
Szikszó,48.201667,20.941667,2026-06-26 16:02:51.933160,33.6,32.05,33.6,33.6,1016,25,4.52,36,5,0.0,Clear,clear sky,15
Aszaló,48.219867,20.961466,2026-06-26 16:02:53.129605,33.58,32.03,33.58,33.58,1016,25,4.77,36,6,0.0,Clear,clear sky,15
Halmaj,48.246667,20.991667,2026-06-26 16:02:54.327716,30.68,29.11,30.68,30.68,1016,26,5.11,35,5,0.0,Clear,clear sky,15
Csobád,48.277222,21.033889,2026-06-26 16:02:55.522350,30.56,29.0,30.56,30.56,1016,26,5.39,35,4,0.0,Clear,clear sky,15
Ináncs,48.291111,21.057778,2026-06-26 16:02:56.712439,30.33,28.85,30.33,30.33,1017,27,5.58,33,3,0.0,Clear,clear sky,15
Forró-Encs,48.3275,21.117778,2026-06-26 16:02:57.901899,30.08,28.69,30.08,30.08,1017,28,5.68,32,4,0.0,Clear,clear sky,15
Méra,48.363056,21.140278,2026-06-26 16:02:59.099340,29.44,28.19,29.44,29.44,1017,29,5.74,32,7,0.0,Clear,clear sky,15
Novajidrány,48.404444,21.170556,2026-06-26 16:03:00.300558,29.33,28.15,29.33,29.33,1017,30,5.6,30,8,0.0,Clear,clear sky,15
Hernádszurdok,48.487222,21.213889,2026-06-26 16:03:01.506933,31.92,31.09,31.92,31.92,1017,33,5.04,27,12,0.0,Clouds,few clouds,15
Hidasnémeti,48.508333,21.229722,2026-06-26 16:03:02.702782,31.92,31.09,31.92,31.92,1017,33,4.9,27,13,0.0,Clouds,few clouds,15
Mád,48.19,21.268889,2026-06-26 16:03:03.903901,33.96,32.9,33.96,33.96,1016,28,4.61,34,1,0.0,Clear,clear sky,15
Rátka,48.215,21.230278,2026-06-26 16:03:05.100466,34.12,33.11,34.12,34.12,1016,28,4.79,33,1,0.0,Clear,clear sky,15
Tállya,48.226944,21.225278,2026-06-26 16:03:06.297085,34.07,33.04,34.07,34.07,1016,28,4.79,33,1,0.0,Clear,clear sky,15
Golop,48.242778,21.204167,2026-06-26 16:03:07.497948,34.19,33.2,34.19,34.19,1016,28,5.05,32,1,0.0,Clear,clear sky,15
Abaújszántó,48.286944,21.181667,2026-06-26 16:03:08.695545,34.1,33.08,34.1,34.1,1017,28,5.4,31,3,0.0,Clear,clear sky,15
Abaújszántói fürdő,48.268333,21.179722,2026-06-26 16:03:09.899711,34.16,33.16,34.16,34.16,1017,28,5.25,31,2,0.0,Clear,clear sky,15
Abaújkér,48.309444,21.198333,2026-06-26 16:03:11.103073,34.06,33.03,34.06,34.06,1017,28,5.51,31,4,0.0,Clear,clear sky,15
Boldogkőváralja,48.345,21.208889,2026-06-26 16:03:12.295763,33.86,33.1,33.86,33.86,1017,30,5.38,29,6,0.0,Clear,clear sky,15
Korlát-Vizsoly,48.365,21.219167,2026-06-26 16:03:13.489244,33.77,32.98,33.77,33.77,1017,30,5.37,29,7,0.0,Clear,clear sky,15
Fony,48.411389,21.242778,2026-06-26 16:03:14.685909,28.96,27.9,28.96,28.96,1017,31,5.26,28,10,0.0,Clear,clear sky,15
Hejce-Vilmány,48.419444,21.245556,2026-06-26 16:03:15.887935,28.96,27.9,28.96,28.96,1017,31,5.26,28,10,0.0,Clear,clear sky,15
Göncruszka,48.445,21.246944,2026-06-26 16:03:17.084816,31.85,30.88,31.85,31.85,1017,32,5.16,27,11,0.0,Clouds,few clouds,15
Gönc,48.470556,21.261389,2026-06-26 16:03:18.279179,31.75,30.89,31.75,31.75,1017,33,4.9,26,13,0.0,Clouds,few clouds,15
Zsujta,48.4925,21.265,2026-06-26 16:03:19.479663,31.77,31.04,31.77,31.77,1017,34,4.76,25,14,0.0,Clouds,few clouds,15
Bodrogkeresztúr,48.175556,21.354167,2026-06-26 16:03:20.672497,34.23,33.25,34.23,34.23,1016,28,4.62,35,0,0.0,Clear,clear sky,15
Szegi,48.201944,21.387778,2026-06-26 16:03:21.875448,34.27,33.3,34.27,34.27,1016,28,5.11,34,0,0.0,Clear,clear sky,15
Erdőbénye,48.218056,21.401944,2026-06-26 16:03:23.067505,34.24,33.26,34.24,34.24,1016,28,5.38,33,1,0.0,Clear,clear sky,15
Olaszliszka-Tolcsva,48.258333,21.448056,2026-06-26 16:03:24.258595,34.27,33.3,34.27,34.27,1017,28,5.62,31,6,0.0,Clear,clear sky,15
Bodrogolaszi,48.286944,21.512778,2026-06-26 16:03:25.449798,34.21,33.75,34.21,34.21,1017,31,5.74,30,9,0.0,Clear,clear sky,15
Sárospatak,48.325833,21.566111,2026-06-26 16:03:26.645549,34.16,33.68,34.16,34.16,1017,31,6.06,28,11,0.0,Clouds,few clouds,15
Sátoraljaújhely,48.385833,21.657778,2026-06-26 16:03:27.836072,28.48,27.51,28.48,28.48,1017,31,6.24,25,15,0.0,Clouds,few clouds,15
Vecsés,47.40855,19.25652,2026-06-26 16:03:29.027300,35.61,34.72,35.41,35.99,1017,26,3.25,51,0,0.0,Clear,clear sky,15
Vecsés-Kertekalja,47.403333,19.271389,2026-06-26 16:03:30.224647,35.65,34.77,35.45,36.03,1017,26,3.25,51,0,0.0,Clear,clear sky,15
Üllő,47.390833,19.348889,2026-06-26 16:03:31.427836,35.59,33.85,35.4,35.99,1017,21,3.42,51,0,0.0,Clear,clear sky,15
Monor,47.34545,19.43701,2026-06-26 16:03:32.624159,33.36,31.38,33.36,33.36,1017,21,3.35,39,0,0.0,Clear,clear sky,15
Pilis,47.279722,19.536389,2026-06-26 16:03:33.818237,36.42,34.85,36.42,36.42,1016,21,3.4,31,0,0.0,Clear,clear sky,15
Albertirsa,47.240278,19.606389,2026-06-26 16:03:35.009492,36.51,36.44,36.51,36.51,1016,28,3.5,18,0,0.0,Clear,clear sky,15
Ceglédbercel-Cserő,47.210278,19.686944,2026-06-26 16:03:36.205099,36.58,36.55,36.58,36.58,1016,28,3.54,11,0,0.0,Clear,clear sky,15
Cegléd,47.182778,19.806111,2026-06-26 16:03:37.401862,36.68,36.7,34.9,36.68,1016,28,3.57,359,0,0.0,Clear,clear sky,15
Abony,47.173056,20.016389,2026-06-26 16:03:38.601071,34.96,35.52,34.96,36.75,1016,34,4.02,350,1,0.0,Clear,clear sky,15
Szolnok,47.179167,20.175833,2026-06-26 16:03:39.794308,34.98,35.55,34.98,36.77,1016,34,0.45,26,4,0.0,Clear,clear sky,15
Szajol,47.170556,20.295278,2026-06-26 16:03:40.999332,34.99,35.56,34.99,34.99,1016,34,4.73,3,13,0.0,Clouds,few clouds,15
Törökszentmiklós,47.170278,20.413611,2026-06-26 16:03:42.205670,34.99,33.03,34.99,34.99,1016,20,4.75,27,25,0.0,Clouds,scattered clouds,15
Rákoscsaba-Újtelep,47.4875,19.271944,2026-06-26 16:03:43.399436,35.62,34.73,34.62,35.89,1017,26,2.83,54,0,0.0,Clear,clear sky,15
Rákoscsaba,47.492222,19.284722,2026-06-26 16:03:44.598484,35.54,34.62,35.3,35.88,1017,26,2.94,55,0,0.0,Clear,clear sky,15
Pécel,47.493889,19.338889,2026-06-26 16:03:45.793978,35.44,33.82,35.18,35.76,1017,22,3.0,55,0,0.0,Clear,clear sky,15
Isaszeg,47.537719,19.388955,2026-06-26 16:03:46.996690,35.67,34.1,35.09,35.67,1017,22,2.5,62,0,0.0,Clear,clear sky,15
Gödöllő,47.592222,19.358611,2026-06-26 16:03:48.192166,35.45,33.99,34.87,35.45,1017,23,1.99,80,0,0.0,Clear,clear sky,15
Máriabesnyő,47.595556,19.389722,2026-06-26 16:03:49.391145,35.59,34.16,35.01,35.59,1017,23,1.99,80,0,0.0,Clear,clear sky,15
Bag,47.641111,19.471667,2026-06-26 16:03:50.586729,32.57,30.74,32.57,32.57,1017,23,2.08,91,0,0.0,Clear,clear sky,15
Aszód,47.647467,19.492882,2026-06-26 16:03:51.783855,32.38,30.54,32.38,32.38,1017,23,2.13,86,0,0.0,Clear,clear sky,15
Hévízgyörk,47.638611,19.526667,2026-06-26 16:03:52.985195,32.3,30.46,32.3,32.3,1017,23,2.16,81,0,0.0,Clear,clear sky,15
Galgahévíz,47.6325,19.558333,2026-06-26 16:03:54.185455,32.49,30.65,32.49,32.49,1017,23,2.21,62,0,0.0,Clear,clear sky,15
Tura,47.626389,19.5975,2026-06-26 16:03:55.377813,32.37,30.53,32.37,32.37,1017,23,2.25,56,0,0.0,Clear,clear sky,15
Hatvan,47.663611,19.671389,2026-06-26 16:03:56.599007,32.23,30.39,32.23,32.23,1017,23,2.33,58,0,0.0,Clear,clear sky,15
Vámosgyörk,47.686111,19.927778,2026-06-26 16:03:57.792316,31.88,30.05,31.88,31.88,1017,23,2.76,23,0,0.0,Clear,clear sky,15
Adács,47.696389,19.975278,2026-06-26 16:03:58.991510,31.74,29.98,31.74,31.74,1017,24,2.73,20,0,0.0,Clear,clear sky,15
Karácsond,47.718056,20.048611,2026-06-26 16:04:00.190511,31.52,29.77,31.52,31.52,1017,24,2.61,18,0,0.0,Clear,clear sky,15
Ludas,47.723889,20.095556,2026-06-26 16:04:01.385783,31.63,29.87,31.63,31.63,1017,24,2.76,11,1,0.0,Clear,clear sky,15
Nagyút,47.72666666666667,20.161388888888887,2026-06-26 16:04:02.587057,31.56,29.81,31.56,31.56,1017,24,2.82,10,1,0.0,Clear,clear sky,15
Kál-Kápolna,47.734167,20.254167,2026-06-26 16:04:03.782328,31.48,29.73,31.48,31.48,1016,24,2.86,5,1,0.0,Clear,clear sky,15
Füzesabony,47.751389,20.415278,2026-06-26 16:04:04.978245,31.36,29.55,31.36,31.36,1016,23,2.39,2,0,0.0,Clear,clear sky,15
Szihalom,47.766944,20.491944,2026-06-26 16:04:06.174204,35.73,34.51,35.73,35.73,1016,24,2.01,7,0,0.0,Clear,clear sky,15
Mezőkövesd,47.797222,20.5675,2026-06-26 16:04:07.371058,35.74,34.52,35.74,35.74,1016,24,1.81,26,0,0.0,Clear,clear sky,15
Mezőkövesd felső,47.807222,20.591389,2026-06-26 16:04:08.578323,35.72,34.49,33.61,35.72,1016,24,1.81,26,0,0.0,Clear,clear sky,15
Mezőkeresztes-Mezőnyárád,47.845556,20.670278,2026-06-26 16:04:09.768764,35.72,36.23,33.61,35.72,1016,32,2.0,53,1,0.0,Clear,clear sky,15
Csincse,47.890833,20.764167,2026-06-26 16:04:10.960074,35.74,36.26,33.63,35.74,1016,32,2.65,63,3,0.0,Clear,clear sky,15
Emőd,47.930556,20.822778,2026-06-26 16:04:12.152809,35.76,36.29,33.65,35.76,1016,32,2.63,64,4,0.0,Clear,clear sky,15
Nyékládháza,47.9925,20.840556,2026-06-26 16:04:13.360693,35.79,36.34,33.67,35.79,1016,32,2.68,60,6,0.0,Clear,clear sky,15
Miskolc-Tiszai,48.098611,20.811389,2026-06-26 16:04:14.562267,33.6,36.33,33.6,35.71,1016,46,2.67,49,12,0.0,Clouds,few clouds,15
Felsőzsolca,48.083611,20.866111,2026-06-26 16:04:15.757966,33.62,36.36,33.62,35.74,1016,46,3.13,46,8,0.0,Clear,clear sky,15
Hernádnémeti-Bőcs,48.051389,20.985,2026-06-26 16:04:16.949065,35.74,34.52,33.62,35.74,1016,24,3.41,42,0,0.0,Clear,clear sky,15
Tiszalúc,48.039722,21.0575,2026-06-26 16:04:18.154737,35.31,33.97,33.67,35.78,1016,24,3.18,44,0,0.0,Clear,clear sky,15
Taktaharkány,48.091667,21.128611,2026-06-26 16:04:19.356729,34.31,33.35,34.31,34.31,1016,28,3.59,40,0,0.0,Clear,clear sky,15
Taktaszada,48.1125,21.149444,2026-06-26 16:04:20.554994,34.32,33.37,34.32,34.32,1016,28,3.83,38,0,0.0,Clear,clear sky,15
Szerencs,48.155556,21.214444,2026-06-26 16:04:21.755921,34.31,33.35,34.31,34.31,1016,28,4.37,35,0,0.0,Clear,clear sky,15
Mezőzombor,48.156944,21.267778,2026-06-26 16:04:22.947859,34.31,33.35,34.31,34.31,1016,28,4.4,36,0,0.0,Clear,clear sky,15
Tarcal,48.125,21.34,2026-06-26 16:04:24.145872,34.33,33.38,34.33,34.33,1016,28,4.19,38,0,0.0,Clear,clear sky,15
Tokaj,48.112778,21.406667,2026-06-26 16:04:25.339022,34.29,33.33,34.29,34.29,1016,28,4.85,35,0,0.0,Clear,clear sky,15
Rakamaz,48.12,21.475,2026-06-26 16:04:26.535182,34.29,33.33,34.29,34.29,1016,28,5.08,34,0,0.0,Clear,clear sky,15
Görögszállás,48.04,21.555,2026-06-26 16:04:27.731813,34.25,33.28,34.25,34.25,1016,28,4.98,29,0,0.0,Clear,clear sky,15
Nyírtelek,48.005,21.615556,2026-06-26 16:04:28.924843,34.29,33.01,34.29,34.29,1016,26,5.57,22,3,0.0,Clear,clear sky,15
Rákoshegy,47.468611,19.245556,2026-06-26 16:04:30.123358,35.55,34.64,34.57,35.84,1017,26,3.05,52,0,0.0,Clear,clear sky,15
Ecser,47.439444,19.318056,2026-06-26 16:04:31.313566,35.33,33.55,35.3,35.88,1017,21,3.28,52,0,0.0,Clear,clear sky,15
Maglód,47.438889,19.340833,2026-06-26 16:04:32.503902,35.25,33.45,35.24,35.82,1017,21,3.31,52,0,0.0,Clear,clear sky,15
Maglódi nyaraló,47.434167,19.363611,2026-06-26 16:04:33.699359,35.16,33.35,35.14,35.73,1017,21,3.31,51,0,0.0,Clear,clear sky,15
Gyömrő,47.429722,19.393333,2026-06-26 16:04:34.890661,35.12,33.3,35.11,35.69,1017,21,3.31,51,0,0.0,Clear,clear sky,15
Mende,47.426944,19.439722,2026-06-26 16:04:36.088146,35.07,33.38,35.07,35.07,1017,22,3.21,40,0,0.0,Clear,clear sky,15
Szőlősnyaraló,47.450278,19.561111,2026-06-26 16:04:37.286593,36.41,35.02,36.41,36.41,1017,22,2.96,26,0,0.0,Clear,clear sky,15
Sülysáp,47.451944,19.5275,2026-06-26 16:04:38.480972,36.39,34.99,36.39,36.39,1017,22,3.0,33,0,0.0,Clear,clear sky,15
Tápiószecső,47.443056,19.614722,2026-06-26 16:04:39.678253,36.49,35.12,36.49,36.49,1017,22,2.98,22,0,0.0,Clear,clear sky,15
Szentmártonkáta,47.431944,19.680556,2026-06-26 16:04:40.873901,36.52,36.46,36.52,36.52,1017,28,3.06,16,0,0.0,Clear,clear sky,15
Nagykáta,47.409722,19.737778,2026-06-26 16:04:42.073100,36.59,36.56,36.59,36.59,1016,28,3.23,12,0,0.0,Clear,clear sky,15
Farmos,47.355278,19.8375,2026-06-26 16:04:43.271151,36.7,36.73,36.7,36.7,1016,28,0.45,358,0,0.0,Clear,clear sky,15
Tápiószele,47.346313,19.873504,2026-06-26 16:04:44.466432,36.68,36.7,36.68,36.68,1016,28,0.45,358,0,0.0,Clear,clear sky,15
Tápiógyörgye,47.325,19.95,2026-06-26 16:04:45.668711,36.74,36.79,34.95,36.74,1016,28,0.45,358,0,0.0,Clear,clear sky,15
Újszász,47.285833,20.066944,2026-06-26 16:04:46.864162,36.78,36.85,34.99,36.78,1016,28,4.47,356,1,0.0,Clear,clear sky,15
Szurdokpüspöki,47.851944,19.690278,2026-06-26 16:04:48.056685,31.59,30.26,31.59,31.59,1017,29,2.44,75,1,0.0,Clear,clear sky,15
Lőrinci,47.739444,19.673611,2026-06-26 16:04:49.259153,32.04,30.28,32.04,32.04,1017,24,2.38,66,0,0.0,Clear,clear sky,15
Selyp,47.759167,19.670833,2026-06-26 16:04:50.454441,31.96,30.28,31.96,31.96,1017,25,2.41,69,0,0.0,Clear,clear sky,15
Apc-Zagyvaszántó,47.791328,19.66822,2026-06-26 16:04:51.660204,31.89,30.29,31.89,31.89,1017,26,2.43,72,0,0.0,Clear,clear sky,15
Pásztó,47.918889,19.688889,2026-06-26 16:04:52.851953,31.32,30.28,31.32,31.32,1017,32,2.37,76,2,0.0,Clear,clear sky,15
Mátraszőlős-Hasznos,47.938506,19.706122,2026-06-26 16:04:54.049119,31.22,30.28,31.22,31.22,1017,33,2.14,73,2,0.0,Clear,clear sky,15
Tar,47.956111,19.746389,2026-06-26 16:04:55.250380,30.72,29.83,30.72,30.72,1017,34,1.68,66,1,0.0,Clear,clear sky,15
Mátraverebély,47.968333,19.778611,2026-06-26 16:04:56.450672,30.72,29.83,30.72,30.72,1017,34,1.68,66,1,0.0,Clear,clear sky,15
Nagybátony,47.981111,19.82,2026-06-26 16:04:57.644348,30.82,29.94,30.82,30.82,1018,34,1.37,65,0,0.0,Clear,clear sky,15
Kisterenye,48.009444,19.831944,2026-06-26 16:04:58.834851,30.86,29.99,30.86,30.86,1018,34,1.06,64,0,0.0,Clear,clear sky,15
Kisterenye-Bányatelep,48.021389,19.831944,2026-06-26 16:05:00.029332,30.86,29.99,30.86,30.86,1018,34,1.06,64,0,0.0,Clear,clear sky,15
Salgótarján külső,48.089444,19.790833,2026-06-26 16:05:01.229907,30.34,29.52,30.34,30.34,1017,35,0.93,87,0,0.0,Clear,clear sky,15
Balatonfenyves GV,46.7125,17.479167,2026-06-26 16:05:02.429898,33.45,32.41,33.45,33.45,1017,29,2.04,90,0,0.0,Clear,clear sky,15
Várhegyalja,47.737778,18.366667,2026-06-26 16:05:03.630073,33.7,32.3,33.7,33.7,1017,26,2.3,152,0,0.0,Clear,clear sky,15
Imremajor,46.680556,17.499722,2026-06-26 16:05:04.828804,33.66,32.53,33.66,33.66,1017,28,2.04,81,0,0.0,Clear,clear sky,15
Rákospalota-Kertváros,47.578333,19.122778,2026-06-26 16:05:06.032959,35.53,34.61,34.82,35.96,1017,26,0.78,9,0,0.0,Clear,clear sky,15
Vicziántelep,47.675833,19.286111,2026-06-26 16:05:07.226523,35.0,33.59,34.97,35.0,1017,24,1.66,134,0,0.0,Clear,clear sky,15
Pálmajor,46.662831,17.457526,2026-06-26 16:05:08.422173,33.95,32.6,33.95,33.95,1017,26,1.93,80,0,0.0,Clear,clear sky,15
Somogyszentpál felső,46.649758,17.471404,2026-06-26 16:05:09.620970,33.85,32.62,33.85,33.85,1017,27,2.02,73,0,0.0,Clear,clear sky,15
Somogyszentpál,46.638611,17.478611,2026-06-26 16:05:10.818387,34.02,32.68,34.02,34.02,1017,26,1.98,66,0,0.0,Clear,clear sky,15
Rudnaykert,47.7175,19.257778,2026-06-26 16:05:12.017196,35.35,34.02,35.31,35.35,1017,24,1.97,155,0,0.0,Clear,clear sky,15
Maroshegy,47.158333,18.406667,2026-06-26 16:05:13.216210,35.51,33.38,35.51,35.51,1016,18,3.72,38,0,0.0,Clear,clear sky,15
Bánhida,47.573703,18.371737,2026-06-26 16:05:14.405947,33.61,32.07,33.61,33.61,1017,25,2.14,61,0,0.0,Clear,clear sky,15
Magyarkút,47.850278,19.045,2026-06-26 16:05:15.599348,32.04,30.54,32.04,32.04,1017,27,1.2,196,1,0.0,Clear,clear sky,15
Becske alsó,47.897222,19.364722,2026-06-26 16:05:16.797198,31.27,29.67,31.27,31.27,1017,26,3.37,107,0,0.0,Clear,clear sky,15
Hosszúberek-Péteri,47.370556,19.389722,2026-06-26 16:05:18.000576,35.38,33.61,35.38,35.84,1017,21,3.43,49,0,0.0,Clear,clear sky,15
Monorierdő,47.308889,19.499167,2026-06-26 16:05:19.198957,36.4,34.83,36.4,36.4,1017,21,3.38,35,0,0.0,Clear,clear sky,15
Ceglédbercel,47.215833,19.658611,2026-06-26 16:05:20.396003,36.57,36.53,36.57,36.57,1016,28,3.52,15,0,0.0,Clear,clear sky,15
Budai út,47.208333,19.731389,2026-06-26 16:05:21.592213,36.61,36.59,36.61,36.61,1016,28,3.56,8,0,0.0,Clear,clear sky,15
Büdöskútpuszta,48.373056,20.726111,2026-06-26 16:05:22.788763,30.49,29.22,30.49,30.49,1017,30,3.75,45,23,0.0,Clouds,few clouds,15
Bánrévei Vízmű,48.282778,20.368333,2026-06-26 16:05:23.985569,33.76,33.89,33.76,33.76,1017,35,2.51,312,31,0.0,Clouds,scattered clouds,15
Rákoskert,47.456389,19.296111,2026-06-26 16:05:25.182596,35.17,34.13,35.17,35.62,1017,26,3.14,53,0,0.0,Clear,clear sky,15
Szirmabesenyő,48.146944,20.783056,2026-06-26 16:05:26.374120,33.52,36.17,33.52,35.64,1016,46,2.71,42,16,0.0,Clouds,few clouds,15
Kitérőgyár,47.766944,19.935278,2026-06-26 16:05:27.569683,31.36,29.76,31.36,31.36,1017,26,2.24,30,0,0.0,Clear,clear sky,15
Tápiószentmárton,47.373333,19.797778,2026-06-26 16:05:28.773124,36.64,36.64,36.64,36.64,1016,28,3.6,4,0,0.0,Clear,clear sky,15
Zagyvarékas,47.244229,20.097435,2026-06-26 16:05:29.969286,35.0,35.58,35.0,36.79,1016,34,4.6,352,2,0.0,Clear,clear sky,15
Abonyi út,47.206401,20.125204,2026-06-26 16:05:31.164039,35.0,35.58,35.0,36.79,1016,34,4.56,350,2,0.0,Clear,clear sky,15
Jászkisér felső,47.438056,20.202222,2026-06-26 16:05:32.370929,34.44,32.54,34.44,34.44,1016,21,4.31,358,3,0.0,Clear,clear sky,15
Szellőhát,47.425556,20.188889,2026-06-26 16:05:33.566217,36.78,35.3,36.78,36.78,1016,21,4.45,358,3,0.0,Clear,clear sky,15
Szilvásvárad-Szalajkavölgy,48.0956,20.38272,2026-06-26 16:05:34.762226,32.33,34.48,31.94,32.33,1017,48,1.04,294,4,0.0,Clear,clear sky,15
Vásárosnamény külső,48.084444,22.255556,2026-06-26 16:05:35.959916,31.55,29.95,31.55,31.55,1016,26,6.14,17,9,0.0,Clear,clear sky,15
Újváros,46.660556,20.536111,2026-06-26 16:05:37.154648,36.1,34.46,36.1,36.1,1015,21,4.26,56,5,0.0,Clear,clear sky,15
Városi park,46.697778,19.864722,2026-06-26 16:05:38.358622,36.62,35.29,36.1,38.81,1016,22,4.16,10,0,0.0,Clear,clear sky,15
Belsőkamaráspuszta,46.341944,20.848889,2026-06-26 16:05:39.557202,33.36,32.03,33.36,33.36,1016,27,4.87,74,1,0.0,Clear,clear sky,15
Sajószöged,47.945278,20.981667,2026-06-26 16:05:40.751331,35.83,36.4,33.72,35.83,1016,32,3.03,56,1,0.0,Clear,clear sky,15
Kazincbarcika alsó,48.255278,20.649167,2026-06-26 16:05:41.952683,33.49,32.62,33.49,33.87,1017,30,2.12,20,18,0.0,Clouds,few clouds,15
Nyárjas,46.857778,19.923611,2026-06-26 16:05:43.149960,36.73,35.24,36.06,38.76,1016,21,3.69,354,1,0.0,Clear,clear sky,15
Pogonyipuszta,48.296389,20.381667,2026-06-26 16:05:44.344873,33.73,33.85,33.73,33.73,1017,35,2.51,312,31,0.0,Clouds,scattered clouds,15
Sióvölgy,46.911103,18.076964,2026-06-26 16:05:45.543085,35.53,42.53,34.41,35.53,1017,56,2.78,234,0,0.0,Clear,clear sky,15
Répáspuszta,46.430278,17.847222,2026-06-26 16:05:46.742627,34.94,33.23,34.94,34.94,1017,22,2.6,3,0,0.0,Clear,clear sky,15
Virányos,48.066667,21.527222,2026-06-26 16:05:47.943386,34.28,33.32,34.28,34.28,1016,28,5.19,30,0,0.0,Clear,clear sky,15
Füzesbokor,47.988611,21.6475,2026-06-26 16:05:49.137575,34.28,33.0,34.28,34.28,1016,26,5.58,19,5,0.0,Clear,clear sky,15
Kunfehértó,46.355833,19.417222,2026-06-26 16:05:50.332050,35.7,33.84,35.7,35.7,1016,20,2.93,59,4,0.0,Clear,clear sky,15
Erdőszél,46.329444,19.395,2026-06-26 16:05:51.535072,35.67,33.81,35.67,35.67,1016,20,2.82,63,5,0.0,Clear,clear sky,15
Jánoshalma,46.293056,19.330278,2026-06-26 16:05:52.731746,35.72,33.86,35.72,35.72,1016,20,2.46,69,6,0.0,Clear,clear sky,15
Mélykút,46.213056,19.370556,2026-06-26 16:05:53.928818,37.12,35.94,37.12,37.12,1016,22,1.65,81,10,0.0,Clear,clear sky,15
Bácsalmás,46.118056,19.346389,2026-06-26 16:05:55.120526,37.16,36.91,37.16,37.16,1016,26,0.99,171,14,0.0,Clouds,few clouds,15
Almás,46.116216,19.328803,2026-06-26 16:05:56.314483,37.18,36.94,37.18,37.18,1016,26,0.99,171,14,0.0,Clouds,few clouds,15
Bácsbokod-Bácsborsód,46.115833,19.16,2026-06-26 16:05:57.513474,34.85,33.56,34.85,34.85,1016,25,2.05,201,9,0.0,Clear,clear sky,15
Baja,46.187014,18.957602,2026-06-26 16:05:58.708452,35.79,34.09,35.79,35.79,1016,21,1.35,266,0,0.0,Clear,clear sky,15
Harkakötöny,46.458333,19.601944,2026-06-26 16:05:59.906835,34.84,32.87,34.84,34.84,1016,20,2.94,37,1,0.0,Clear,clear sky,15
Tajó,46.473056,19.650556,2026-06-26 16:06:01.100112,34.88,32.91,34.88,34.88,1016,20,2.96,32,1,0.0,Clear,clear sky,15
Kiskunmajsa,46.501667,19.728056,2026-06-26 16:06:02.294123,35.34,33.43,34.92,37.17,1016,20,3.2,24,1,0.0,Clear,clear sky,15
Jászszentlászló,46.565833,19.753611,2026-06-26 16:06:03.488833,36.07,35.35,36.07,37.19,1016,26,3.74,19,0,0.0,Clear,clear sky,15
Galambos,46.625,19.801111,2026-06-26 16:06:04.691271,36.62,35.29,36.1,38.8,1016,22,4.02,17,0,0.0,Clear,clear sky,15
Pestszentimre,47.402222,19.188611,2026-06-26 16:06:05.885907,35.89,35.1,34.78,36.01,1016,26,2.74,39,0,0.0,Clear,clear sky,15
Gyál felső,47.390278,19.204722,2026-06-26 16:06:07.086757,35.96,35.2,35.5,36.02,1016,26,2.93,44,0,0.0,Clear,clear sky,15
Gyál,47.376667,19.219444,2026-06-26 16:06:08.280078,35.99,35.24,35.53,36.05,1016,26,2.93,44,0,0.0,Clear,clear sky,15
Ócsa,47.301389,19.232222,2026-06-26 16:06:09.476180,35.96,34.0,35.96,36.06,1016,19,2.84,44,0,0.0,Clear,clear sky,15
Inárcs-Kakucs,47.247222,19.317778,2026-06-26 16:06:10.670038,34.27,32.25,34.27,34.27,1016,20,3.26,50,0,0.0,Clear,clear sky,15
Dabas,47.194722,19.328889,2026-06-26 16:06:11.873674,34.31,32.29,34.31,34.31,1016,20,3.42,47,0,0.0,Clear,clear sky,15
Gyón,47.178333,19.355556,2026-06-26 16:06:13.065046,34.42,32.31,34.42,34.42,1016,19,3.49,45,0,0.0,Clear,clear sky,15
Hernád,47.161389,19.4025,2026-06-26 16:06:14.263742,34.23,32.21,34.23,34.23,1016,20,3.62,37,0,0.0,Clear,clear sky,15
Bakonygyirót,47.416389,17.811944,2026-06-26 16:06:15.462846,34.76,32.89,34.76,34.76,1017,21,4.29,46,0,0.0,Clear,clear sky,15
Vinye,47.360317,17.819635,2026-06-26 16:06:16.655686,34.31,32.39,34.31,34.31,1017,21,4.37,42,0,0.0,Clear,clear sky,15
Nemesgörzsöny,47.402924,17.376385,2026-06-26 16:06:17.854589,35.9,33.81,35.9,35.9,1016,18,4.35,60,0,0.0,Clear,clear sky,15
Rábahíd,47.438618,17.337525,2026-06-26 16:06:19.045470,35.91,33.82,35.91,35.91,1016,18,4.25,64,0,0.0,Clear,clear sky,15
Öskü,47.162222,18.076389,2026-06-26 16:06:20.245780,35.2,33.68,35.2,35.2,1017,23,0.85,98,0,0.0,Clear,clear sky,15
Márkó,47.1275,17.813889,2026-06-26 16:06:21.448830,33.19,31.59,33.19,33.19,1017,25,0.99,118,0,0.0,Clear,clear sky,15
Nemeskocs,47.203333,17.188889,2026-06-26 16:06:22.646185,36.1,33.9,36.1,36.1,1016,17,4.13,54,0,0.0,Clear,clear sky,15
Zalagyömörő,47.011111,17.220833,2026-06-26 16:06:23.838018,36.07,33.99,36.07,36.07,1016,18,2.44,93,0,0.0,Clear,clear sky,15
Rigács,47.061667,17.199167,2026-06-26 16:06:25.037487,36.06,33.98,36.06,36.06,1016,18,2.56,83,0,0.0,Clear,clear sky,15
Kemenespálfa,47.139722,17.183056,2026-06-26 16:06:26.236846,36.18,33.99,36.18,36.18,1016,17,3.41,61,0,0.0,Clear,clear sky,15
Lentiszombathely,46.611389,16.5725,2026-06-26 16:06:27.433247,35.69,35.93,34.39,35.69,1017,31,3.81,212,5,0.0,Clear,clear sky,15
Ortaháza,46.626667,16.685833,2026-06-26 16:06:28.629079,34.09,33.07,34.09,34.09,1017,28,2.69,193,3,0.0,Clear,clear sky,15
Rádiháza,46.654722,16.765833,2026-06-26 16:06:29.822258,34.25,33.12,34.25,34.25,1017,27,2.54,173,1,0.0,Clear,clear sky,15
Baktüttös,46.690833,16.826389,2026-06-26 16:06:31.012972,34.43,33.19,34.43,34.43,1017,26,3.26,155,0,0.0,Clear,clear sky,15
Budafa,46.851667,16.624722,2026-06-26 16:06:32.216820,35.41,33.78,35.41,35.41,1016,22,0.17,118,6,0.0,Clear,clear sky,15
Zalapatakalja,46.845556,16.603889,2026-06-26 16:06:33.420344,35.4,33.77,35.4,35.4,1016,22,0.41,225,9,0.0,Clear,clear sky,15
Tormásliget,47.430556,16.781667,2026-06-26 16:06:34.614612,34.19,35.0,34.19,34.19,1017,37,4.34,9,0,0.0,Clear,clear sky,15
Belecska,46.64,18.411389,2026-06-26 16:06:35.813591,35.72,33.86,35.72,35.72,1016,20,1.19,282,0,0.0,Clear,clear sky,15
Almár,47.956111,20.356944,2026-06-26 16:06:37.008542,33.52,36.75,33.15,35.26,1017,48,0.42,332,0,0.0,Clear,clear sky,15
Vasútmúzeum,47.543889,19.099444,2026-06-26 16:06:38.203798,35.7,34.84,34.82,36.06,1017,26,0.89,25,0,0.0,Clear,clear sky,15
Abda,47.690833,17.540556,2026-06-26 16:06:39.402504,35.49,33.73,35.49,35.49,1016,21,3.1,62,0,0.0,Clear,clear sky,15
Vadaspark,47.526111,18.949167,2026-06-26 16:06:40.598980,33.32,31.98,33.02,34.25,1017,27,0.89,25,0,0.0,Clear,clear sky,15
Barosstelep,47.398889,18.989167,2026-06-26 16:06:41.792306,36.04,35.31,34.88,36.12,1016,26,1.34,356,0,0.0,Clear,clear sky,15
Fegyvernek-Örményes,47.194444,20.5575,2026-06-26 16:06:42.999591,33.22,31.16,33.22,33.22,1016,20,5.33,40,26,0.0,Clouds,scattered clouds,15
Zagyvapálfalva,48.068889,19.785,2026-06-26 16:06:44.202699,30.56,29.76,30.56,30.56,1017,35,1.02,79,0,0.0,Clear,clear sky,15
Salgótarján,48.105556,19.807222,2026-06-26 16:06:45.394261,29.9,29.07,29.9,29.9,1017,35,0.87,97,0,0.0,Clear,clear sky,15
Szabadisóstó,46.933889,18.118056,2026-06-26 16:06:46.599684,35.51,42.51,34.39,35.51,1017,56,2.5,248,0,0.0,Clear,clear sky,15
Siófok,46.907778,18.053889,2026-06-26 16:06:47.799285,35.51,42.51,34.39,35.51,1017,56,2.78,234,0,0.0,Clear,clear sky,15
Balatonszéplak felső,46.898056,18.018056,2026-06-26 16:06:48.993795,35.51,42.51,34.39,35.51,1017,56,2.72,230,0,0.0,Clear,clear sky,15
Balatonszéplak alsó,46.891944,17.993333,2026-06-26 16:06:50.193158,35.51,42.51,34.39,35.51,1017,56,0.45,90,0,0.0,Clear,clear sky,15
Zamárdi felső,46.886111,17.969444,2026-06-26 16:06:51.389584,34.4,32.39,34.4,35.52,1017,20,0.45,90,0,0.0,Clear,clear sky,15
Zamárdi,46.88,17.944722,2026-06-26 16:06:52.584510,34.34,32.32,34.34,35.46,1017,20,0.45,90,0,0.0,Clear,clear sky,15
Szántód,46.861944,17.899167,2026-06-26 16:06:53.784848,34.41,32.4,34.41,35.53,1017,20,0.45,90,0,0.0,Clear,clear sky,15
Szőny-Déli,47.735278,18.141944,2026-06-26 16:06:54.976330,36.17,35.28,36.17,36.17,1017,25,2.72,144,0,0.0,Clear,clear sky,15
Várpalota,47.194444,18.149167,2026-06-26 16:06:56.167852,34.53,32.53,34.53,34.53,1017,20,2.1,51,0,0.0,Clear,clear sky,15
Pétfürdő,47.1675,18.121389,2026-06-26 16:06:57.367380,35.33,33.55,35.33,35.33,1017,21,1.46,59,0,0.0,Clear,clear sky,15
Hajmáskér,47.141111,18.009444,2026-06-26 16:06:58.577943,35.11,33.57,33.99,35.11,1017,23,0.91,109,0,0.0,Clear,clear sky,15
Veszprém,47.118889,17.91,2026-06-26 16:06:59.768867,33.78,32.26,33.78,34.9,1017,25,1.08,145,0,0.0,Clear,clear sky,15
Herend,47.136944,17.760278,2026-06-26 16:07:00.971146,32.97,31.24,32.97,32.97,1017,24,0.99,108,0,0.0,Clear,clear sky,15
Városlőd,47.144167,17.652778,2026-06-26 16:07:02.177978,33.56,31.89,33.56,33.56,1017,24,1.64,51,0,0.0,Clear,clear sky,15
Városlőd-Kislőd,47.133889,17.631111,2026-06-26 16:07:03.374864,33.88,32.38,33.88,33.88,1017,25,1.09,81,0,0.0,Clear,clear sky,15
Ajka,47.105902,17.572938,2026-06-26 16:07:04.576004,34.17,32.86,34.17,34.17,1017,26,1.17,112,0,0.0,Clear,clear sky,15
Ajka-Gyártelep,47.096806,17.555219,2026-06-26 16:07:05.771501,34.17,32.86,34.17,34.17,1017,26,1.17,112,0,0.0,Clear,clear sky,15
Devecser,47.1125,17.435278,2026-06-26 16:07:06.966474,34.79,33.33,34.79,34.79,1017,24,1.43,94,0,0.0,Clear,clear sky,15
Somlóvásárhely,47.124444,17.369167,2026-06-26 16:07:08.163557,35.43,33.66,35.43,35.43,1016,21,2.32,63,0,0.0,Clear,clear sky,15
Tüskevár,47.128611,17.331389,2026-06-26 16:07:09.353627,35.67,33.81,35.67,35.67,1016,20,2.54,62,0,0.0,Clear,clear sky,15
Karakószörcsök,47.133611,17.287778,2026-06-26 16:07:10.546060,35.84,33.87,35.84,35.84,1016,19,2.74,62,0,0.0,Clear,clear sky,15
Kerta,47.151944,17.237222,2026-06-26 16:07:11.737267,36.15,33.96,36.15,36.15,1016,17,3.56,58,0,0.0,Clear,clear sky,15
Boba,47.183333,17.191389,2026-06-26 16:07:12.942161,36.11,33.91,36.11,36.11,1016,17,3.92,56,0,0.0,Clear,clear sky,15
Börgönd,47.140278,18.515,2026-06-26 16:07:14.136939,35.31,33.27,35.31,35.31,1016,19,4.13,38,0,0.0,Clear,clear sky,15
Belsőbáránd,47.102778,18.499722,2026-06-26 16:07:15.333659,35.43,33.29,35.43,35.43,1016,18,3.91,37,0,0.0,Clear,clear sky,15
Zichyújfalu,47.124444,18.6725,2026-06-26 16:07:16.530938,35.17,33.12,35.17,35.17,1016,19,4.03,24,0,0.0,Clear,clear sky,15
Seregélyes,47.121111,18.580556,2026-06-26 16:07:17.726167,35.4,33.37,35.4,35.4,1016,19,4.17,36,0,0.0,Clear,clear sky,15
Polgárdi-Ipartelepek,47.079167,18.314444,2026-06-26 16:07:18.916976,35.14,32.98,35.14,35.14,1016,18,2.15,16,0,0.0,Clear,clear sky,15
Polgárdi,47.07,18.284167,2026-06-26 16:07:20.117813,35.14,32.98,35.14,35.14,1016,18,2.15,16,0,0.0,Clear,clear sky,15
Füle,47.05,18.255278,2026-06-26 16:07:21.315656,35.11,32.95,35.11,35.11,1016,18,1.61,358,0,0.0,Clear,clear sky,15
Zánka-Erzsébettábor,46.8775,17.709167,2026-06-26 16:07:22.513837,34.34,32.32,34.34,35.46,1017,20,2.88,154,0,0.0,Clear,clear sky,15
Csajág,47.033889,18.186389,2026-06-26 16:07:23.715909,35.35,42.35,34.23,35.35,1016,56,1.2,283,0,0.0,Clear,clear sky,15
Balatonakarattya,47.017222,18.167778,2026-06-26 16:07:24.915508,35.2,42.2,34.08,35.2,1016,56,1.2,283,0,0.0,Clear,clear sky,15
Csittényhegy,47.025278,18.1375,2026-06-26 16:07:26.105701,35.42,42.42,34.3,35.42,1016,56,1.31,262,0,0.0,Clear,clear sky,15
Balatonkenese,47.0325,18.105556,2026-06-26 16:07:27.299382,35.5,42.5,34.38,35.5,1017,56,1.51,244,0,0.0,Clear,clear sky,15
Balatonfűzfő,47.060278,18.0425,2026-06-26 16:07:28.492529,35.53,42.53,34.41,35.53,1017,56,1.85,209,0,0.0,Clear,clear sky,15
Balatonalmádi,47.028333,18.015,2026-06-26 16:07:29.698849,35.5,42.5,34.38,35.5,1017,56,2.21,214,0,0.0,Clear,clear sky,15
Káptalanfüred,47.008889,18.003889,2026-06-26 16:07:30.894693,35.53,42.53,34.41,35.53,1017,56,2.64,212,0,0.0,Clear,clear sky,15
Alsóörs,46.985278,17.974722,2026-06-26 16:07:32.092262,34.42,32.41,34.42,35.54,1017,20,0.45,90,0,0.0,Clear,clear sky,15
Csopak,46.974722,17.931111,2026-06-26 16:07:33.287107,34.29,32.27,34.29,35.41,1017,20,0.45,90,0,0.0,Clear,clear sky,15
Balatonarács,46.9625,17.8975,2026-06-26 16:07:34.484907,34.19,32.16,34.19,35.31,1017,20,0.45,90,0,0.0,Clear,clear sky,15
Balatonfüred,46.955833,17.883056,2026-06-26 16:07:35.683895,34.26,32.24,34.26,35.38,1017,20,0.45,90,0,0.0,Clear,clear sky,15
Aszófő,46.925556,17.8325,2026-06-26 16:07:36.881128,34.36,32.34,34.36,35.48,1017,20,0.45,90,0,0.0,Clear,clear sky,15
Örvényes,46.9125,17.818056,2026-06-26 16:07:38.079141,34.38,32.37,34.38,35.5,1017,20,0.45,90,0,0.0,Clear,clear sky,15
Balatonudvari,46.904722,17.808056,2026-06-26 16:07:39.273191,34.41,32.4,34.41,35.53,1017,20,0.45,90,0,0.0,Clear,clear sky,15
Fövenyes,46.893611,17.789444,2026-06-26 16:07:40.468190,34.43,32.42,34.43,35.55,1017,20,0.45,90,0,0.0,Clear,clear sky,15
Balatonakali-Dörgicse,46.88,17.747778,2026-06-26 16:07:41.664848,34.42,32.41,34.42,35.54,1017,20,2.96,168,0,0.0,Clear,clear sky,15
Zánka-Köveskál,46.872778,17.687778,2026-06-26 16:07:42.857878,34.41,32.4,34.41,35.53,1017,20,2.96,152,0,0.0,Clear,clear sky,15
Balatonszepezd,46.851111,17.663056,2026-06-26 16:07:44.057977,34.41,32.4,34.41,34.41,1017,20,2.63,144,0,0.0,Clear,clear sky,15
Szepezdfürdő,46.839722,17.649444,2026-06-26 16:07:45.255368,34.38,34.4,34.38,34.38,1017,33,2.7,142,0,0.0,Clear,clear sky,15
Révfülöp,46.829167,17.632222,2026-06-26 16:07:46.445748,34.39,34.41,34.39,34.39,1017,33,2.7,142,0,0.0,Clear,clear sky,15
Balatonrendes,46.824722,17.582778,2026-06-26 16:07:47.642278,34.39,34.41,34.39,34.39,1017,33,2.46,131,0,0.0,Clear,clear sky,15
Ábrahámhegy,46.815,17.572222,2026-06-26 16:07:48.832351,34.36,34.37,34.36,34.36,1017,33,2.46,131,0,0.0,Clear,clear sky,15
Badacsonyörs,46.805556,17.531667,2026-06-26 16:07:50.029003,32.91,32.18,32.91,32.91,1017,32,2.45,131,0,0.0,Clear,clear sky,15
Kisújszállás,47.223889,20.751111,2026-06-26 16:07:51.225621,33.04,31.05,33.04,33.04,1016,21,5.32,29,9,0.0,Clear,clear sky,15
Karcag,47.303333,20.928056,2026-06-26 16:07:52.421097,32.73,30.74,32.73,32.73,1016,21,5.2,24,3,0.0,Clear,clear sky,15
Püspökladány,47.3275,21.128889,2026-06-26 16:07:53.615033,32.66,30.75,32.66,32.66,1016,22,5.48,36,10,0.0,Clear,clear sky,15
Kaba,47.368889,21.259444,2026-06-26 16:07:54.812925,32.55,30.71,32.55,32.55,1016,23,5.91,42,16,0.0,Clouds,few clouds,15
Hajdúszoboszló,47.429444,21.406944,2026-06-26 16:07:56.010091,32.32,30.48,32.32,32.32,1016,23,5.25,33,10,0.0,Clear,clear sky,15
Ebes,47.462778,21.488889,2026-06-26 16:07:57.204618,32.27,30.43,32.27,32.27,1016,23,4.72,29,6,0.0,Clear,clear sky,15
Debrecen,47.520278,21.628611,2026-06-26 16:07:58.395095,32.13,30.29,32.13,32.13,1016,23,3.77,23,0,0.0,Clear,clear sky,15
Debrecen-Csapókert,47.540556,21.648056,2026-06-26 16:07:59.589883,31.99,30.23,31.99,31.99,1016,24,3.47,21,0,0.0,Clear,clear sky,15
Apafa,47.584045,21.655858,2026-06-26 16:08:00.789065,31.9,30.14,31.9,31.9,1016,24,3.29,19,0,0.0,Clear,clear sky,15
Bocskaikert,47.6425,21.666389,2026-06-26 16:08:01.986762,31.6,29.84,31.6,31.6,1016,24,2.94,12,0,0.0,Clear,clear sky,15
Hajdúhadház,47.686944,21.679167,2026-06-26 16:08:03.177447,31.66,29.9,31.66,31.66,1016,24,2.91,9,0,0.0,Clear,clear sky,15
Téglás,47.714722,21.684722,2026-06-26 16:08:04.371457,31.64,29.96,31.64,31.64,1016,25,2.95,8,0,0.0,Clear,clear sky,15
Újfehértó,47.814444,21.706389,2026-06-26 16:08:05.565655,31.59,29.91,31.59,31.59,1016,25,3.57,9,1,0.0,Clear,clear sky,15
Nyíregyháza,47.946667,21.705556,2026-06-26 16:08:06.756231,31.34,29.66,31.34,31.34,1016,25,5.2,15,5,0.0,Clear,clear sky,15
Sóstó,47.998051,21.729047,2026-06-26 16:08:07.959759,34.26,32.98,34.26,34.26,1016,26,6.14,16,8,0.0,Clear,clear sky,15
Sóstóhegy,48.012222,21.742778,2026-06-26 16:08:09.157650,34.26,32.98,34.26,34.26,1016,26,6.37,17,8,0.0,Clear,clear sky,15
Kemecse,48.065556,21.801667,2026-06-26 16:08:10.351841,31.13,29.53,31.13,31.13,1016,26,6.81,17,11,0.0,Clouds,few clouds,15
Nyírbogdány,48.082222,21.855278,2026-06-26 16:08:11.547816,31.05,29.46,31.05,31.05,1016,26,6.9,16,13,0.0,Clouds,few clouds,15
Kék,48.093333,21.883889,2026-06-26 16:08:12.737347,31.11,29.51,31.11,31.11,1016,26,6.91,15,15,0.0,Clouds,few clouds,15
Demecser,48.111667,21.926667,2026-06-26 16:08:13.933524,31.06,29.47,31.06,31.06,1016,26,6.85,14,17,0.0,Clouds,few clouds,15
Gégény,48.128333,21.951944,2026-06-26 16:08:15.127910,30.98,29.46,30.98,30.98,1016,27,6.73,12,18,0.0,Clouds,few clouds,15
Pátroha,48.158611,21.996667,2026-06-26 16:08:16.323798,30.96,29.44,30.96,30.96,1016,27,6.57,10,19,0.0,Clouds,few clouds,15
Ajak,48.1865,22.048972,2026-06-26 16:08:17.524064,30.92,29.4,30.92,30.92,1016,27,6.41,8,20,0.0,Clouds,few clouds,15
Kisvárda,48.208333,22.078333,2026-06-26 16:08:18.720971,30.91,29.39,30.91,30.91,1016,27,6.22,5,19,0.0,Clouds,few clouds,15
Kisvárda-Hármasút,48.228333,22.091944,2026-06-26 16:08:19.918374,30.91,29.39,30.91,30.91,1016,27,6.22,5,19,0.0,Clouds,few clouds,15
Fényeslitke,48.267222,22.107222,2026-06-26 16:08:21.113724,30.75,29.32,30.75,30.75,1016,28,6.21,1,19,0.0,Clouds,few clouds,15
Komoró,48.305278,22.118056,2026-06-26 16:08:22.315151,30.68,29.25,30.68,30.68,1016,28,6.3,359,19,0.0,Clouds,few clouds,15
Tuzsér,48.342222,22.131667,2026-06-26 16:08:23.511982,30.45,29.03,30.45,30.45,1016,28,6.53,357,18,0.0,Clouds,few clouds,15
Tiszabezdéd,48.371389,22.145,2026-06-26 16:08:24.710235,30.47,29.05,30.47,30.47,1016,28,6.61,356,16,0.0,Clouds,few clouds,15
Záhony,48.402222,22.183611,2026-06-26 16:08:25.905852,30.47,29.12,30.47,30.47,1016,29,6.66,356,14,0.0,Clouds,few clouds,15
Karcag-Vásártér,47.3225,20.9075,2026-06-26 16:08:27.101941,34.44,32.54,34.44,34.44,1016,21,5.2,24,3,0.0,Clear,clear sky,15
Berekfürdő,47.374722,20.827222,2026-06-26 16:08:28.300244,34.43,32.53,34.43,34.43,1016,21,5.05,25,2,0.0,Clear,clear sky,15
Kunmadaras,47.415278,20.793056,2026-06-26 16:08:29.489130,34.42,34.9,34.42,34.42,1016,35,4.73,29,1,0.0,Clear,clear sky,15
Tiszaszentimre,47.490833,20.733056,2026-06-26 16:08:30.692295,34.43,34.92,34.43,34.43,1016,35,4.16,34,2,0.0,Clear,clear sky,15
Tiszaszőlős,47.555556,20.728056,2026-06-26 16:08:31.886985,34.43,34.92,34.43,34.43,1016,35,3.9,37,0,0.0,Clear,clear sky,15
Hosszúhát,47.235556,21.101944,2026-06-26 16:08:33.080278,33.05,31.15,33.05,33.05,1016,22,4.92,40,7,0.0,Clear,clear sky,15
Szerep,47.234444,21.145833,2026-06-26 16:08:34.276924,33.06,31.16,33.06,33.06,1016,22,4.99,43,8,0.0,Clear,clear sky,15
Sárrétudvari,47.231667,21.180833,2026-06-26 16:08:35.475433,33.04,31.22,33.04,33.04,1016,23,5.07,46,9,0.0,Clear,clear sky,15
Biharnagybajom,47.208889,21.221944,2026-06-26 16:08:36.670195,33.1,31.29,33.1,33.1,1016,23,5.14,51,8,0.0,Clear,clear sky,15
Füzesgyarmat,47.113056,21.194444,2026-06-26 16:08:37.871218,33.51,31.73,33.51,33.51,1016,23,4.79,58,4,0.0,Clear,clear sky,15
Füzesgyarmatfürdő,47.093787,21.201582,2026-06-26 16:08:39.064966,33.51,31.73,33.51,33.51,1016,23,4.79,58,4,0.0,Clear,clear sky,15
Báránd,47.299722,21.235278,2026-06-26 16:08:40.254953,32.74,30.91,32.74,32.74,1016,23,5.64,44,13,0.0,Clouds,few clouds,15
Sáp,47.259722,21.360556,2026-06-26 16:08:41.454218,32.94,31.12,32.94,32.94,1016,23,5.51,48,9,0.0,Clear,clear sky,15
Berettyóújfalu,47.211944,21.535556,2026-06-26 16:08:42.645244,33.2,31.39,33.2,33.2,1016,23,5.16,39,1,0.0,Clear,clear sky,15
Mezőpeterd,47.176111,21.625278,2026-06-26 16:08:43.841928,34.17,32.59,34.17,34.17,1016,24,4.85,38,1,0.0,Clear,clear sky,15
Biharkeresztes,47.135556,21.721389,2026-06-26 16:08:45.043588,34.14,33.13,34.14,34.14,1016,28,4.27,49,1,0.0,Clear,clear sky,15
Tócóvölgy,47.529444,21.588889,2026-06-26 16:08:46.235309,32.13,30.29,32.13,32.13,1016,23,3.87,23,1,0.0,Clear,clear sky,15
Sáregres,46.7825,18.588889,2026-06-26 16:08:47.427180,36.14,34.07,36.14,36.14,1016,18,1.63,356,0,0.0,Clear,clear sky,15
Simontornya,46.756582,18.540674,2026-06-26 16:08:48.621901,35.99,34.04,35.99,35.99,1016,19,1.61,312,0,0.0,Clear,clear sky,15
Tolnanémedi,46.727778,18.475833,2026-06-26 16:08:49.819289,36.01,34.06,36.01,36.01,1016,19,1.78,297,0,0.0,Clear,clear sky,15
Pincehely,46.681389,18.43,2026-06-26 16:08:51.014840,35.64,33.64,35.64,35.64,1016,19,1.77,281,0,0.0,Clear,clear sky,15
Keszőhidegkút-Gyönk,46.597778,18.426111,2026-06-26 16:08:52.204166,35.61,33.74,35.61,35.61,1016,20,0.87,284,0,0.0,Clear,clear sky,15
Szárazd,46.575556,18.420833,2026-06-26 16:08:53.402218,35.62,33.75,35.62,35.62,1016,20,0.53,291,0,0.0,Clear,clear sky,15
Regöly,46.568889,18.396111,2026-06-26 16:08:54.599288,35.62,33.75,35.62,35.62,1016,20,0.53,291,0,0.0,Clear,clear sky,15
Szakály-Hőgyész,46.523611,18.389444,2026-06-26 16:08:55.792476,35.5,33.61,35.5,35.5,1017,20,0.59,63,0,0.0,Clear,clear sky,15
Dúzs,46.493889,18.377222,2026-06-26 16:08:56.987378,35.52,33.63,35.52,35.52,1017,20,0.85,74,0,0.0,Clear,clear sky,15
Csibrák,46.466667,18.336389,2026-06-26 16:08:58.183454,35.57,33.69,35.57,35.57,1017,20,1.33,79,0,0.0,Clear,clear sky,15
Kurd,46.449167,18.319167,2026-06-26 16:08:59.373735,35.19,33.26,35.19,35.19,1017,20,1.38,85,0,0.0,Clear,clear sky,15
Döbrököz,46.418889,18.255,2026-06-26 16:09:00.573225,35.41,33.64,35.41,35.41,1017,21,1.48,92,0,0.0,Clear,clear sky,15
Dombóvár,46.37,18.149722,2026-06-26 16:09:01.773651,34.86,33.57,34.86,34.86,1017,25,1.01,152,0,0.0,Clear,clear sky,15
Dombóvár alsó,46.363889,18.134167,2026-06-26 16:09:02.974259,34.86,33.57,34.86,34.86,1017,25,1.01,152,0,0.0,Clear,clear sky,15
Somoskőújfalu,48.154722,19.815556,2026-06-26 16:09:04.168650,28.8,28.02,28.8,28.8,1017,35,0.84,115,0,0.0,Clear,clear sky,15
Jászfényszaru,47.593056,19.754444,2026-06-26 16:09:05.382554,32.35,30.44,32.35,32.35,1017,22,2.61,28,0,0.0,Clear,clear sky,15
Pusztamonostor,47.564444,19.794167,2026-06-26 16:09:06.590959,36.61,35.27,36.61,36.61,1016,22,2.77,22,0,0.0,Clear,clear sky,15
Jászberény,47.494444,19.893333,2026-06-26 16:09:07.781505,36.71,35.4,36.71,36.71,1016,22,3.18,11,0,0.0,Clear,clear sky,15
Meggyespele,47.441944,19.938889,2026-06-26 16:09:08.974149,36.73,36.78,36.73,36.73,1016,28,3.6,6,0,0.0,Clear,clear sky,15
Portelek,47.418056,19.958889,2026-06-26 16:09:10.176123,36.75,36.81,36.75,36.75,1016,28,3.7,5,0,0.0,Clear,clear sky,15
Jászboldogháza-Jánoshida,47.366944,20.001389,2026-06-26 16:09:11.378603,36.74,36.79,36.74,36.74,1016,28,3.97,2,0,0.0,Clear,clear sky,15
Jászárokszállás,47.635556,19.971111,2026-06-26 16:09:12.574169,32.11,30.27,32.11,32.11,1016,23,3.02,18,0,0.0,Clear,clear sky,15
Jászdózsa,47.563056,20.028056,2026-06-26 16:09:13.772818,32.21,30.3,32.21,32.21,1016,22,3.32,11,0,0.0,Clear,clear sky,15
Jászapáti,47.513611,20.155,2026-06-26 16:09:14.967666,32.27,30.29,32.27,32.27,1016,21,3.84,1,1,0.0,Clear,clear sky,15
Jászkisér,47.456111,20.203333,2026-06-26 16:09:16.173777,34.45,32.55,34.45,34.45,1016,21,4.18,358,3,0.0,Clear,clear sky,15
Jászladány,47.373333,20.159167,2026-06-26 16:09:17.368795,36.79,35.14,36.79,36.79,1016,20,4.6,357,2,0.0,Clear,clear sky,15
Szászberek,47.320556,20.090833,2026-06-26 16:09:18.569265,36.78,36.85,34.99,36.78,1016,28,4.6,356,2,0.0,Clear,clear sky,15
Gyöngyöshalász,47.743056,19.932222,2026-06-26 16:09:19.767129,31.6,29.92,31.6,31.6,1017,25,2.39,28,0,0.0,Clear,clear sky,15
Gyöngyös,47.783056,19.937222,2026-06-26 16:09:20.961852,31.14,29.54,31.14,31.14,1017,26,2.24,26,0,0.0,Clear,clear sky,15
Erdőtelek,47.683333,20.3025,2026-06-26 16:09:22.159015,31.59,29.77,31.59,31.59,1016,23,3.24,3,3,0.0,Clear,clear sky,15
Heves,47.609444,20.306111,2026-06-26 16:09:23.354088,31.9,29.94,31.9,31.9,1016,21,3.69,2,5,0.0,Clear,clear sky,15
Hevesvezekény,47.562222,20.365833,2026-06-26 16:09:24.558371,31.99,30.02,31.99,31.99,1016,21,3.8,5,8,0.0,Clear,clear sky,15
Tarnaszentmiklós,47.546944,20.390833,2026-06-26 16:09:25.758448,32.07,30.1,32.07,32.07,1016,21,3.91,6,9,0.0,Clear,clear sky,15
Kisköre,47.495556,20.481667,2026-06-26 16:09:26.959054,32.21,30.23,32.21,32.21,1016,21,4.16,22,16,0.0,Clouds,few clouds,15
Abádszalók,47.455278,20.553056,2026-06-26 16:09:28.150002,32.25,30.27,32.25,32.25,1016,21,4.31,26,19,0.0,Clouds,few clouds,15
Kunhegyes,47.376667,20.641111,2026-06-26 16:09:29.344814,32.44,30.46,32.44,32.44,1016,21,4.85,32,17,0.0,Clouds,few clouds,15
Kenderes,47.254444,20.686111,2026-06-26 16:09:30.540269,32.94,30.95,32.94,32.94,1016,21,5.39,34,19,0.0,Clouds,few clouds,15
Maklár,47.808056,20.404722,2026-06-26 16:09:31.732084,34.44,33.05,34.44,34.44,1017,25,1.82,360,0,0.0,Clear,clear sky,15
Andornaktálya,47.852203,20.402295,2026-06-26 16:09:32.926207,34.38,33.12,34.38,35.54,1017,26,1.23,354,0,0.0,Clear,clear sky,15
Eger,47.891667,20.381667,2026-06-26 16:09:34.121917,34.28,38.67,33.34,35.45,1017,49,1.0,355,0,0.0,Clear,clear sky,15
Egervár,47.908056,20.380556,2026-06-26 16:09:35.317646,34.1,38.27,33.15,35.27,1017,49,0.75,349,0,0.0,Clear,clear sky,15
Eger-Felnémet,47.936667,20.370556,2026-06-26 16:09:36.521927,34.13,38.34,33.21,35.32,1017,49,0.56,338,0,0.0,Clear,clear sky,15
Szarvaskő,47.988611,20.3325,2026-06-26 16:09:37.724829,33.75,37.53,32.8,33.75,1017,49,0.4,310,0,0.0,Clear,clear sky,15
Mónosbél,48.031944,20.33,2026-06-26 16:09:38.915808,33.57,37.16,32.62,33.57,1017,49,0.62,292,1,0.0,Clear,clear sky,15
Bélapátfalva,48.055556,20.340556,2026-06-26 16:09:40.115485,33.27,36.54,32.32,33.27,1017,49,0.8,292,3,0.0,Clear,clear sky,15
Bélapátfalvi Cementgyár,48.058056,20.355,2026-06-26 16:09:41.315216,33.23,36.46,32.28,33.23,1017,49,0.8,292,3,0.0,Clear,clear sky,15
Szilvásvárad,48.11345,20.37919,2026-06-26 16:09:42.517272,33.1,36.2,32.15,33.1,1017,49,1.27,298,7,0.0,Clear,clear sky,15
Hejőkeresztúr,47.960278,20.869444,2026-06-26 16:09:43.715352,35.8,36.36,33.69,35.8,1016,32,2.86,60,4,0.0,Clear,clear sky,15
Tiszaújváros,47.926111,21.030556,2026-06-26 16:09:44.909897,35.85,34.66,35.85,35.85,1016,24,2.96,56,0,0.0,Clear,clear sky,15
Miskolc-Gömöri,48.106667,20.800278,2026-06-26 16:09:46.114582,33.58,36.29,33.58,35.7,1016,46,2.82,45,14,0.0,Clouds,few clouds,15
Sajókeresztúr,48.168008,20.774014,2026-06-26 16:09:47.305912,33.53,36.19,33.53,35.64,1016,46,2.89,40,18,0.0,Clouds,few clouds,15
Sajóecseg,48.186111,20.766667,2026-06-26 16:09:48.500372,33.57,36.27,33.57,35.68,1016,46,3.09,39,20,0.0,Clouds,few clouds,15
Sajószentpéter,48.222222,20.708056,2026-06-26 16:09:49.690890,33.47,36.08,33.47,35.59,1016,46,2.96,36,21,0.0,Clouds,few clouds,15
Kazincbarcika,48.264444,20.6275,2026-06-26 16:09:50.884782,33.48,32.76,33.48,34.43,1017,31,1.98,10,18,0.0,Clouds,few clouds,15
Sajókaza,48.272778,20.581944,2026-06-26 16:09:52.080890,33.47,32.92,33.47,34.42,1017,32,1.83,357,16,0.0,Clouds,few clouds,15
Vadna,48.276389,20.555278,2026-06-26 16:09:53.276291,33.45,32.89,33.45,34.4,1017,32,1.83,357,16,0.0,Clouds,few clouds,15
Dubicsány,48.280833,20.504722,2026-06-26 16:09:54.474617,34.38,34.61,33.43,34.38,1017,34,2.04,325,16,0.0,Clouds,few clouds,15
Raposka,46.851389,17.412778,2026-06-26 16:09:55.670284,33.99,32.94,33.99,33.99,1017,28,2.68,139,0,0.0,Clear,clear sky,15
Ivacs,47.641944,19.273889,2026-06-26 16:09:56.859936,35.26,34.63,34.45,35.68,1017,28,1.29,126,0,0.0,Clear,clear sky,15
Kisköre-Tiszahíd,47.480835,20.507698,2026-06-26 16:09:58.052200,32.29,30.31,32.29,32.29,1016,21,4.31,24,19,0.0,Clouds,few clouds,15
Rozsály,47.912778,22.7825,2026-06-26 16:09:59.266199,32.81,31.51,32.81,32.81,1016,28,2.66,31,25,0.0,Clouds,scattered clouds,15
Pusztakettős,47.453611,20.749722,2026-06-26 16:10:00.469324,32.23,30.25,32.23,32.23,1016,21,4.53,31,2,0.0,Clear,clear sky,15
Kisvác,47.795278,19.113611,2026-06-26 16:10:01.660240,35.5,34.77,34.78,35.5,1017,27,1.65,190,0,0.0,Clear,clear sky,15
Tiszafüred-Gyártelep,47.6075,20.736111,2026-06-26 16:10:02.849766,31.8,29.9,31.8,31.8,1016,22,3.7,40,0,0.0,Clear,clear sky,15
Újkenéz,48.251111,22.221667,2026-06-26 16:10:04.044698,31.0,29.56,31.0,31.0,1016,28,5.87,8,15,0.0,Clouds,few clouds,15
Püspökladány-Vásártér,47.319167,21.096111,2026-06-26 16:10:05.240179,32.76,30.85,32.76,32.76,1016,22,5.34,36,9,0.0,Clear,clear sky,15
Végegyháza alsó,46.3675,20.866944,2026-06-26 16:10:06.439745,33.38,32.05,33.38,33.38,1016,27,5.01,73,1,0.0,Clear,clear sky,15
Orosháza felső,46.553611,20.655278,2026-06-26 16:10:07.644612,35.0,33.3,35.0,35.0,1016,22,4.8,62,2,0.0,Clear,clear sky,15
Ambrózfalva,46.353056,20.740556,2026-06-26 16:10:08.842465,34.44,33.2,34.44,34.44,1016,26,4.67,72,2,0.0,Clear,clear sky,15
Alsónyék,46.199444,18.738056,2026-06-26 16:10:10.038813,35.52,33.77,35.52,35.52,1016,21,1.69,302,0,0.0,Clear,clear sky,15
Tompapuszta,46.321389,20.966389,2026-06-26 16:10:11.243020,33.38,40.38,33.37,36.19,1016,100,5.27,70,0,0.0,Clear,clear sky,15
Halászlak,46.911879,20.56228,2026-06-26 16:10:12.437627,34.57,32.57,34.57,34.57,1015,20,4.22,48,5,0.0,Clear,clear sky,15
Sirató,46.840556,20.61,2026-06-26 16:10:13.645036,34.76,32.89,34.76,34.76,1015,21,4.18,55,3,0.0,Clear,clear sky,15
Csabacsűd felső,46.829167,20.649167,2026-06-26 16:10:14.846713,34.72,32.85,34.72,34.72,1015,21,4.26,57,2,0.0,Clear,clear sky,15
Orosháza-Üveggyár,46.579979,20.683644,2026-06-26 16:10:16.047849,34.95,33.24,34.95,34.95,1016,22,4.8,62,2,0.0,Clear,clear sky,15
Gyulai városerdő,46.69482,21.32281,2026-06-26 16:10:17.251722,33.86,32.63,33.86,33.86,1016,27,5.28,62,1,0.0,Clear,clear sky,15
Kórógyszentgyörgy,46.564377,20.224998,2026-06-26 16:10:18.451633,36.12,34.49,36.12,38.91,1015,21,3.65,31,5,0.0,Clear,clear sky,15
Kunszállás,46.784444,19.767222,2026-06-26 16:10:19.650017,37.16,35.08,36.05,37.16,1016,17,4.05,23,0,0.0,Clear,clear sky,15
Selymes,46.655321,19.8534,2026-06-26 16:10:20.852204,36.62,35.29,36.11,38.81,1016,22,4.12,14,0,0.0,Clear,clear sky,15
Petőfiszállási tanyák,46.587805,19.874509,2026-06-26 16:10:22.052562,36.66,35.34,35.01,37.27,1016,22,4.03,11,0,0.0,Clear,clear sky,15
Kisteleki szőlők,46.514199,19.92868,2026-06-26 16:10:23.273165,35.32,33.4,35.0,37.25,1016,20,3.78,9,1,0.0,Clear,clear sky,15
Kapitányság,46.435336,19.987564,2026-06-26 16:10:24.472557,35.02,33.32,35.02,35.02,1016,22,3.34,16,4,0.0,Clear,clear sky,15
Őszeszék,46.39025,20.016017,2026-06-26 16:10:25.664296,35.05,33.36,35.05,35.05,1015,22,3.05,22,6,0.0,Clear,clear sky,15
Vilmaszállás,46.366389,20.030833,2026-06-26 16:10:26.857844,35.03,33.33,35.03,35.03,1015,22,2.24,31,6,0.0,Clear,clear sky,15
Jánosszállás,46.334359,20.051199,2026-06-26 16:10:28.058926,35.06,33.37,35.06,35.06,1016,22,2.75,25,7,0.0,Clear,clear sky,15
Felsőpakony,47.343056,19.230556,2026-06-26 16:10:29.264176,36.02,35.28,35.56,36.08,1016,26,2.87,44,0,0.0,Clear,clear sky,15
Felsőméntelek,46.987074,19.557745,2026-06-26 16:10:30.465910,34.46,32.45,34.46,34.46,1016,20,3.66,28,0,0.0,Clear,clear sky,15
Alsóméntelek,46.961558,19.579121,2026-06-26 16:10:31.658876,34.56,32.56,34.56,34.56,1016,20,3.76,30,0,0.0,Clear,clear sky,15
Nagynyír,46.943319,19.585447,2026-06-26 16:10:32.849038,34.65,32.66,34.65,34.65,1016,20,3.86,32,0,0.0,Clear,clear sky,15
Úrihegy,46.917778,19.621389,2026-06-26 16:10:34.041331,37.05,35.46,35.93,37.05,1016,20,3.9,33,0,0.0,Clear,clear sky,15
Miklóstelep,46.913412,19.630913,2026-06-26 16:10:35.237169,37.06,35.47,35.95,37.06,1016,20,3.79,31,0,0.0,Clear,clear sky,15
Tiszajenő alsó,47.016944,20.134444,2026-06-26 16:10:36.429199,35.01,35.6,35.01,35.01,1016,34,1.34,69,3,0.0,Clear,clear sky,15
Óbög,46.987222,20.111111,2026-06-26 16:10:37.624366,34.99,35.56,34.99,38.32,1016,34,4.02,339,3,0.0,Clear,clear sky,15
Árpádszállás,46.866456,19.989163,2026-06-26 16:10:38.820134,37.23,35.5,34.92,38.25,1016,19,3.83,347,1,0.0,Clear,clear sky,15
Tőserdő,46.851111,19.980278,2026-06-26 16:10:40.010455,37.19,35.45,34.94,38.27,1016,19,3.91,350,1,0.0,Clear,clear sky,15
Tiszaalpár felső,46.836256,19.976753,2026-06-26 16:10:41.199946,37.19,35.45,36.06,38.29,1016,19,3.91,350,1,0.0,Clear,clear sky,15
Borsihalom,46.773056,19.92,2026-06-26 16:10:42.400870,36.94,35.32,36.05,38.28,1016,20,4.0,359,0,0.0,Clear,clear sky,15
Petőfiváros,46.725556,19.848611,2026-06-26 16:10:43.595490,36.7,35.2,36.1,38.25,1016,21,4.12,14,0,0.0,Clear,clear sky,15
Csorna,47.601944,17.248889,2026-06-26 16:10:44.793142,34.44,32.33,34.44,34.44,1016,19,3.66,62,0,0.0,Clear,clear sky,15
Szorgalmatos,47.986667,21.366389,2026-06-26 16:10:45.985371,34.31,33.35,34.31,34.31,1016,28,3.36,35,0,0.0,Clear,clear sky,15
Fótfürdő,47.6225,19.200556,2026-06-26 16:10:47.181221,35.26,34.44,34.45,35.68,1017,27,0.38,125,0,0.0,Clear,clear sky,15
Fenyveshegy,47.818333,19.068056,2026-06-26 16:10:48.379066,35.57,34.86,35.57,35.57,1017,27,1.63,208,1,0.0,Clear,clear sky,15
Hűvösvölgy,47.541202,18.96351,2026-06-26 16:10:49.573755,34.39,33.29,33.99,35.22,1017,27,0.89,25,0,0.0,Clear,clear sky,15
Hárshegy,47.535318,18.961433,2026-06-26 16:10:50.757573,34.39,33.29,33.99,35.22,1017,27,0.89,25,0,0.0,Clear,clear sky,15
Szépjuhászné,47.528277,18.955246,2026-06-26 16:10:51.952898,33.47,32.16,33.1,34.33,1017,27,0.89,25,0,0.0,Clear,clear sky,15
Jánoshegy,47.51433,18.95047,2026-06-26 16:10:53.146992,33.43,32.11,33.01,34.24,1017,27,0.89,25,0,0.0,Clear,clear sky,15
Virágvölgy,47.505965,18.95876,2026-06-26 16:10:54.338386,33.65,32.24,32.69,33.93,1017,26,1.34,356,0,0.0,Clear,clear sky,15
Csillebérc,47.498196,18.961694,2026-06-26 16:10:55.534687,33.61,32.19,32.46,33.7,1017,26,1.34,356,0,0.0,Clear,clear sky,15
Normafa,47.5,18.970558,2026-06-26 16:10:56.730858,33.73,32.33,32.51,33.75,1017,26,1.34,356,0,0.0,Clear,clear sky,15
Széchenyihegy,47.49413,18.977049,2026-06-26 16:10:57.926121,33.73,32.33,32.53,33.77,1017,26,1.34,356,0,0.0,Clear,clear sky,15
Balatonfőkajár felső,47.031389,18.215278,2026-06-26 16:10:59.126788,35.18,42.18,34.06,35.18,1016,57,1.22,306,0,0.0,Clear,clear sky,15
Piroska,47.148333,20.129722,2026-06-26 16:11:00.325025,35.01,35.6,35.01,36.79,1016,34,1.34,69,3,0.0,Clear,clear sky,15
Somodor,46.4725,17.836667,2026-06-26 16:11:01.517275,35.1,33.28,35.1,35.1,1017,21,3.11,6,0,0.0,Clear,clear sky,15
Középmező,45.995833,18.668889,2026-06-26 16:11:02.713290,35.06,33.99,35.06,35.06,1016,26,3.2,223,0,0.0,Clear,clear sky,15
Jobbágyi,47.828889,19.6875,2026-06-26 16:11:03.918516,31.66,30.23,31.66,31.66,1017,28,2.45,74,0,0.0,Clear,clear sky,15
Ferihegy,47.437222,19.223889,2026-06-26 16:11:05.114923,35.77,35.14,34.68,35.92,1016,27,2.84,45,0,0.0,Clear,clear sky,15
Máriapócs,47.852778,22.019167,2026-06-26 16:11:06.310374,31.68,30.08,31.68,31.68,1016,26,4.51,10,8,0.0,Clear,clear sky,15
Máriaudvar,47.751944,19.165,2026-06-26 16:11:07.515552,35.53,34.61,34.81,35.53,1017,26,1.79,195,0,0.0,Clear,clear sky,15
Nagyberki,46.353333,18.004167,2026-06-26 16:11:08.711591,34.4,33.15,34.4,34.4,1017,26,0.41,198,0,0.0,Clear,clear sky,15
Badacsonytomaj,46.804722,17.518056,2026-06-26 16:11:09.909787,32.91,32.18,32.91,32.91,1017,32,2.45,131,0,0.0,Clear,clear sky,15
Badacsony,46.788611,17.506389,2026-06-26 16:11:11.112347,33.13,32.31,33.13,33.13,1017,31,2.25,122,0,0.0,Clear,clear sky,15
Badacsonylábdihegy,46.793889,17.470833,2026-06-26 16:11:12.310827,33.13,32.31,33.13,33.13,1017,31,2.25,122,0,0.0,Clear,clear sky,15
Badacsonytördemic-Szigliget,46.809722,17.469167,2026-06-26 16:11:13.509374,33.13,32.31,33.13,33.13,1017,31,2.45,132,0,0.0,Clear,clear sky,15
Nemesgulács-Kisapáti,46.836944,17.476389,2026-06-26 16:11:14.702156,33.2,32.56,33.2,33.2,1017,32,2.68,140,0,0.0,Clear,clear sky,15
Tapolca,46.877778,17.428611,2026-06-26 16:11:15.900511,34.06,33.03,34.06,34.06,1017,28,2.84,143,0,0.0,Clear,clear sky,15
Uzsabánya alsó,46.898333,17.345278,2026-06-26 16:11:17.110068,33.77,32.25,33.77,33.77,1017,25,2.85,140,0,0.0,Clear,clear sky,15
Uzsa,46.920278,17.331667,2026-06-26 16:11:18.312961,34.71,33.23,34.71,34.71,1017,24,2.82,139,0,0.0,Clear,clear sky,15
Sümegi Bazaltbánya,46.9525,17.2925,2026-06-26 16:11:19.505892,35.15,33.47,35.15,35.15,1016,22,2.66,133,0,0.0,Clear,clear sky,15
Sümeg,46.981111,17.270833,2026-06-26 16:11:20.711451,35.83,33.99,35.83,35.83,1016,20,2.47,118,0,0.0,Clear,clear sky,15
Gógánfa,47.021111,17.207778,2026-06-26 16:11:21.908169,36.07,33.99,36.07,36.07,1016,18,2.44,93,0,0.0,Clear,clear sky,15
Ukk,47.041944,17.195833,2026-06-26 16:11:23.098574,36.21,34.15,36.21,36.21,1016,18,2.7,79,0,0.0,Clear,clear sky,15
Nemeskeresztúr,47.093611,17.183611,2026-06-26 16:11:24.295431,36.14,33.95,36.14,36.14,1016,17,3.16,66,0,0.0,Clear,clear sky,15
Jánosháza,47.115833,17.171667,2026-06-26 16:11:25.493013,36.18,33.99,36.18,36.18,1016,17,3.41,61,0,0.0,Clear,clear sky,15
Keszthely,46.758333,17.248056,2026-06-26 16:11:26.688922,34.84,33.39,34.84,34.84,1017,24,3.07,141,0,0.0,Clear,clear sky,15
Alsógyenes,46.765844,17.276435,2026-06-26 16:11:27.880947,34.56,33.2,34.56,34.56,1017,25,2.62,134,0,0.0,Clear,clear sky,15
Gyenesdiás,46.763333,17.292778,2026-06-26 16:11:29.079219,34.56,33.2,34.56,34.56,1017,25,2.62,134,0,0.0,Clear,clear sky,15
Vonyarcvashegy,46.755278,17.318333,2026-06-26 16:11:30.276451,33.78,32.39,33.78,33.78,1017,26,2.44,130,0,0.0,Clear,clear sky,15
Balatongyörök,46.751944,17.354444,2026-06-26 16:11:31.476047,34.1,32.93,34.1,34.1,1017,27,2.32,125,0,0.0,Clear,clear sky,15
Becehegy,46.776111,17.372778,2026-06-26 16:11:32.675616,32.98,31.58,32.98,32.98,1017,27,2.45,130,0,0.0,Clear,clear sky,15
Balatonederics,46.8025,17.385,2026-06-26 16:11:33.872306,32.99,31.59,32.99,32.99,1017,27,2.58,135,0,0.0,Clear,clear sky,15
Dabronc,47.025766,17.167006,2026-06-26 16:11:35.063363,36.17,34.11,36.17,36.17,1016,18,2.54,88,0,0.0,Clear,clear sky,15
Türje,46.994444,17.093611,2026-06-26 16:11:36.262279,36.13,34.06,36.13,36.13,1016,18,2.54,89,0,0.0,Clear,clear sky,15
Zalabér-Batyk,46.983056,17.040833,2026-06-26 16:11:37.458732,36.1,34.16,36.1,36.1,1016,19,2.32,85,0,0.0,Clear,clear sky,15
Pakod,46.959167,16.996667,2026-06-26 16:11:38.658682,35.98,34.02,35.98,35.98,1016,19,2.27,77,0,0.0,Clear,clear sky,15
Pókaszepetk,46.924444,16.972222,2026-06-26 16:11:39.860084,35.86,34.17,35.86,35.86,1016,21,2.27,112,0,0.0,Clear,clear sky,15
Kemendollár,46.905833,16.946667,2026-06-26 16:11:41.057378,35.57,33.83,35.57,35.57,1016,21,2.09,105,0,0.0,Clear,clear sky,15
Zalaegerszeg,46.833056,16.848333,2026-06-26 16:11:42.259035,35.34,33.7,35.34,35.34,1016,22,1.9,125,0,0.0,Clear,clear sky,15
Bocfölde,46.780278,16.853611,2026-06-26 16:11:43.456528,35.08,33.69,35.08,35.08,1017,24,3.11,146,0,0.0,Clear,clear sky,15
Sárhida,46.755833,16.851389,2026-06-26 16:11:44.653779,34.19,32.61,34.19,34.19,1017,24,2.98,149,0,0.0,Clear,clear sky,15
Bak,46.7325,16.849167,2026-06-26 16:11:45.857888,34.49,33.11,34.49,34.49,1017,25,3.18,152,0,0.0,Clear,clear sky,15
Tófej,46.670833,16.801944,2026-06-26 16:11:47.057255,34.11,32.79,34.11,34.11,1017,26,2.95,158,0,0.0,Clear,clear sky,15
Gutorfölde,46.646944,16.739722,2026-06-26 16:11:48.262060,34.25,33.12,34.25,34.25,1017,27,2.54,173,1,0.0,Clear,clear sky,15
Csömödér-Páka,46.608056,16.641111,2026-06-26 16:11:49.461663,35.74,35.53,35.01,35.74,1017,29,2.9,202,3,0.0,Clear,clear sky,15
Iklódbördőce,46.603056,16.604722,2026-06-26 16:11:50.660469,35.74,35.77,35.0,35.74,1017,30,3.53,210,5,0.0,Clear,clear sky,15
Lenti,46.621389,16.528611,2026-06-26 16:11:51.856540,35.6,35.55,34.95,36.1,1017,30,4.1,211,8,0.0,Clear,clear sky,15
Rédics,46.618056,16.471111,2026-06-26 16:11:53.061698,35.68,35.67,34.94,36.09,1017,30,4.28,211,8,0.0,Clear,clear sky,15
Zalalövő,46.845556,16.576389,2026-06-26 16:11:54.259714,35.32,33.68,35.32,35.32,1017,22,0.62,225,10,0.0,Clear,clear sky,15
Zalaegerszeg-Ola,46.849167,16.844722,2026-06-26 16:11:55.456246,35.34,33.7,35.34,35.34,1016,22,1.9,125,0,0.0,Clear,clear sky,15
Andráshida,46.863116,16.7792,2026-06-26 16:11:56.654484,35.49,33.73,35.49,35.49,1016,21,1.36,90,0,0.0,Clear,clear sky,15
Bagod,46.875,16.746111,2026-06-26 16:11:57.862738,35.65,33.92,35.65,35.65,1016,21,1.07,63,1,0.0,Clear,clear sky,15
Zalaszentgyörgy,46.872222,16.7125,2026-06-26 16:11:59.059225,35.62,33.89,35.62,35.62,1016,21,0.95,49,2,0.0,Clear,clear sky,15
Zalacséb-Salomvár,46.858056,16.662222,2026-06-26 16:12:00.255048,35.4,33.63,35.4,35.4,1016,21,0.83,35,4,0.0,Clear,clear sky,15
Kópháza,47.631389,16.6375,2026-06-26 16:12:01.450356,33.99,33.1,33.99,34.1,1017,29,1.82,358,0,0.0,Clear,clear sky,15
Nagycenk,47.601111,16.690278,2026-06-26 16:12:02.641201,34.1,33.08,34.1,34.21,1017,28,2.35,356,0,0.0,Clear,clear sky,15
Sopronkövesd,47.548333,16.748056,2026-06-26 16:12:03.837928,34.04,34.76,33.93,34.04,1017,37,3.34,360,0,0.0,Clear,clear sky,15
Lövő,47.509444,16.7775,2026-06-26 16:12:05.048291,34.08,34.83,33.97,34.08,1017,37,3.85,6,0,0.0,Clear,clear sky,15
Újkér,47.457778,16.786667,2026-06-26 16:12:06.257826,34.1,34.86,34.1,34.1,1017,37,4.25,8,0,0.0,Clear,clear sky,15
Bük,47.388611,16.752222,2026-06-26 16:12:07.460318,34.16,34.96,34.16,34.16,1017,37,4.26,1,0,0.0,Clear,clear sky,15
Acsád,47.308333,16.734722,2026-06-26 16:12:08.679224,33.91,34.56,33.91,33.91,1017,37,4.18,356,0,0.0,Clear,clear sky,15
Salköveskút-Vassurány,47.291389,16.704167,2026-06-26 16:12:09.873031,33.92,34.57,33.92,33.92,1017,37,4.2,356,0,0.0,Clear,clear sky,15
Zalaszentiván,46.8875,16.909444,2026-06-26 16:12:11.080750,35.66,33.93,35.66,35.66,1016,21,1.85,105,0,0.0,Clear,clear sky,15
Alsónemesapáti,46.854167,16.936389,2026-06-26 16:12:12.287957,35.52,33.92,35.52,35.52,1016,22,2.84,135,0,0.0,Clear,clear sky,15
Józsa,47.600833,21.584444,2026-06-26 16:12:13.481778,31.78,30.02,31.78,31.78,1016,24,3.25,17,0,0.0,Clear,clear sky,15
Hajdúszentgyörgy,47.608056,21.578333,2026-06-26 16:12:14.674933,31.78,30.02,31.78,31.78,1016,24,3.25,17,0,0.0,Clear,clear sky,15
Zelemér,47.627778,21.578333,2026-06-26 16:12:15.870885,31.71,29.95,31.71,31.71,1016,24,3.1,14,0,0.0,Clear,clear sky,15
Hajdúböszörmény,47.668056,21.524167,2026-06-26 16:12:17.081615,31.67,29.91,31.67,31.67,1016,24,2.92,10,1,0.0,Clear,clear sky,15
Hajdúvid,47.749444,21.508056,2026-06-26 16:12:18.279941,31.63,29.87,31.63,31.63,1016,24,2.69,8,1,0.0,Clear,clear sky,15
Hajdúdorog,47.805556,21.493056,2026-06-26 16:12:19.475447,31.53,29.78,31.53,31.53,1016,24,2.74,11,0,0.0,Clear,clear sky,15
Hajdúnánás,47.831944,21.426667,2026-06-26 16:12:20.675448,31.52,29.77,31.52,31.52,1016,24,2.44,17,1,0.0,Clear,clear sky,15
Hajdúnánás-Vásártér,47.843056,21.407222,2026-06-26 16:12:21.868173,31.52,29.77,31.52,31.52,1016,24,2.44,17,1,0.0,Clear,clear sky,15
Tedej,47.903611,21.404444,2026-06-26 16:12:23.065864,33.76,32.12,33.76,33.76,1016,24,2.87,26,0,0.0,Clear,clear sky,15
Tiszavasvári,47.945278,21.374722,2026-06-26 16:12:24.271174,33.76,32.81,33.76,33.76,1016,29,2.83,32,0,0.0,Clear,clear sky,15
Egyházerdő,47.9725,21.365,2026-06-26 16:12:25.461380,33.78,32.83,33.78,33.78,1016,29,3.09,34,0,0.0,Clear,clear sky,15
Tiszalök,48.013056,21.369167,2026-06-26 16:12:26.655387,33.75,32.79,33.75,33.75,1016,29,3.63,36,0,0.0,Clear,clear sky,15
Hajnalos,47.998889,21.414167,2026-06-26 16:12:27.848854,33.76,32.81,33.76,33.76,1016,29,3.63,33,0,0.0,Clear,clear sky,15
Kisfástanya,47.989167,21.47,2026-06-26 16:12:29.050043,33.73,32.77,33.73,33.73,1016,29,3.92,30,0,0.0,Clear,clear sky,15
Tiszaeszlár,48.010556,21.491944,2026-06-26 16:12:30.253296,33.74,32.78,33.74,33.74,1016,29,4.47,29,0,0.0,Clear,clear sky,15
Bashalom,48.026111,21.514722,2026-06-26 16:12:31.450049,33.71,32.74,33.71,33.71,1016,29,4.72,31,0,0.0,Clear,clear sky,15
Sáránd,47.415556,21.625,2026-06-26 16:12:32.643736,32.53,30.69,32.53,32.53,1016,23,4.6,27,1,0.0,Clear,clear sky,15
Derecske,47.365,21.584167,2026-06-26 16:12:33.842291,32.67,30.84,32.67,32.67,1016,23,5.0,29,1,0.0,Clear,clear sky,15
Derecske-Vásártér,47.352222,21.58,2026-06-26 16:12:35.037504,32.67,30.84,32.67,32.67,1016,23,5.0,29,1,0.0,Clear,clear sky,15
Konyár,47.323611,21.666111,2026-06-26 16:12:36.232917,32.9,31.08,32.9,32.9,1016,23,4.95,29,1,0.0,Clear,clear sky,15
Konyári Sóstófürdő,47.324167,21.744444,2026-06-26 16:12:37.424826,32.92,31.19,32.92,32.92,1016,24,4.53,28,2,0.0,Clear,clear sky,15
Pocsaj-Esztár,47.288333,21.793056,2026-06-26 16:12:38.621975,34.13,32.68,34.13,34.13,1016,25,4.2,31,2,0.0,Clear,clear sky,15
Kismarja,47.243889,21.813889,2026-06-26 16:12:39.818586,34.13,32.68,34.13,34.13,1016,25,4.18,37,2,0.0,Clear,clear sky,15
Nagykereki,47.191667,21.8,2026-06-26 16:12:41.014858,34.12,33.11,34.12,34.12,1016,28,4.14,45,1,0.0,Clear,clear sky,15
Debrecen-Szabadságtelep,47.527778,21.658611,2026-06-26 16:12:42.207879,32.12,30.36,32.12,32.12,1016,24,3.68,22,0,0.0,Clear,clear sky,15
Kondoroskert,47.525556,21.713889,2026-06-26 16:12:43.406366,32.16,30.4,32.16,32.16,1016,24,3.52,18,0,0.0,Clear,clear sky,15
Nagycsere,47.523889,21.763056,2026-06-26 16:12:44.601616,32.18,30.42,32.18,32.18,1016,24,3.52,16,0,0.0,Clear,clear sky,15
Haláp,47.521667,21.818333,2026-06-26 16:12:45.797545,32.16,30.48,32.16,32.16,1016,25,3.51,12,1,0.0,Clear,clear sky,15
Vámospércs,47.518056,21.893889,2026-06-26 16:12:46.990554,32.14,30.46,32.14,32.14,1016,25,3.49,2,2,0.0,Clear,clear sky,15
Szentannapuszta,47.52,21.965833,2026-06-26 16:12:48.185601,32.21,30.63,32.21,32.21,1016,26,3.37,357,3,0.0,Clear,clear sky,15
Nyírábrány,47.523889,22.016944,2026-06-26 16:12:49.375861,32.23,30.65,32.23,32.23,1016,26,3.23,355,4,0.0,Clear,clear sky,15
Dombostanya,47.602778,21.706389,2026-06-26 16:12:50.572750,31.9,30.14,31.9,31.9,1016,24,3.1,16,0,0.0,Clear,clear sky,15
Hajdúsámson,47.608056,21.755278,2026-06-26 16:12:51.770823,31.93,30.25,31.93,31.93,1016,25,3.1,11,0,0.0,Clear,clear sky,15
Tamásipuszta,47.632778,21.796111,2026-06-26 16:12:52.964031,31.84,30.16,31.84,31.84,1016,25,3.05,6,0,0.0,Clear,clear sky,15
Aradványpuszta,47.662778,21.8425,2026-06-26 16:12:54.162126,31.82,30.14,31.82,31.82,1016,25,3.01,2,0,0.0,Clear,clear sky,15
Nyíradony,47.699444,21.903333,2026-06-26 16:12:55.360271,31.73,30.13,31.73,31.73,1016,26,3.03,355,3,0.0,Clear,clear sky,15
Nyírmihálydi,47.7375,21.958889,2026-06-26 16:12:56.561962,31.73,30.13,31.73,31.73,1016,26,3.12,356,4,0.0,Clear,clear sky,15
Nyírgelse,47.750833,21.987778,2026-06-26 16:12:57.763167,31.69,30.09,31.69,31.69,1016,26,3.28,358,5,0.0,Clear,clear sky,15
Nyírbogát,47.793056,22.066389,2026-06-26 16:12:58.958563,31.82,30.22,31.82,31.82,1016,26,4.09,3,8,0.0,Clear,clear sky,15
Nagykálló,47.871111,21.825833,2026-06-26 16:13:00.150947,31.51,29.91,31.51,31.51,1016,26,4.91,12,6,0.0,Clear,clear sky,15
Kállósemjén,47.854722,21.935,2026-06-26 16:13:01.355204,31.59,29.99,31.59,31.59,1016,26,4.43,11,7,0.0,Clear,clear sky,15
Nyírbátor,47.8425,22.131111,2026-06-26 16:13:02.553047,31.8,30.2,31.8,31.8,1016,26,4.53,6,9,0.0,Clear,clear sky,15
Nyírcsászári,47.865556,22.179167,2026-06-26 16:13:03.745012,31.95,30.35,31.95,31.95,1016,26,5.0,8,9,0.0,Clear,clear sky,15
Hodász,47.896111,22.213611,2026-06-26 16:13:04.941913,31.95,30.27,31.95,31.95,1016,25,5.21,9,10,0.0,Clear,clear sky,15
Nyírmeggyes,47.9225,22.256667,2026-06-26 16:13:06.146530,31.98,30.3,31.98,31.98,1016,25,5.59,11,9,0.0,Clear,clear sky,15
Mátészalka,47.951389,22.313333,2026-06-26 16:13:07.344245,32.05,30.37,32.05,32.05,1016,25,5.69,12,9,0.0,Clear,clear sky,15
Kocsord,47.941944,22.375833,2026-06-26 16:13:08.540656,32.43,30.68,32.43,32.43,1016,24,4.95,9,15,0.0,Clouds,few clouds,15
Kocsord alsó,47.946389,22.400556,2026-06-26 16:13:09.739849,32.43,30.68,32.43,32.43,1016,24,4.95,9,15,0.0,Clouds,few clouds,15
Győrtelek,47.936667,22.424722,2026-06-26 16:13:10.938220,32.52,30.77,32.52,32.52,1016,24,4.75,9,17,0.0,Clouds,few clouds,15
Győrtelek alsó,47.921111,22.443333,2026-06-26 16:13:12.139243,32.65,30.9,32.65,32.65,1016,24,4.03,7,20,0.0,Clouds,few clouds,15
Ököritófülpös,47.911389,22.495,2026-06-26 16:13:13.344131,32.71,31.06,32.71,32.71,1016,25,3.79,7,22,0.0,Clouds,few clouds,15
Porcsalma-Tyukod,47.868056,22.568333,2026-06-26 16:13:14.540166,32.84,31.42,32.84,32.84,1016,27,1.68,11,27,0.0,Clouds,scattered clouds,15
Csenger,47.826111,22.666389,2026-06-26 16:13:15.736111,32.83,31.66,32.83,32.83,1016,29,0.63,39,26,0.0,Clouds,scattered clouds,15
Kisfái,46.888303,19.807366,2026-06-26 16:13:16.935145,37.14,35.06,36.03,37.14,1016,17,3.47,12,0,0.0,Clear,clear sky,15
Nyárlőrinci szőlők,46.8775,19.828333,2026-06-26 16:13:18.151872,36.66,35.15,36.03,38.17,1016,21,3.58,9,0,0.0,Clear,clear sky,15
Nyárlőrinc alsó,46.863889,19.878889,2026-06-26 16:13:19.345537,36.69,35.19,36.05,38.19,1016,21,3.59,3,0,0.0,Clear,clear sky,15
Tiszaug-Tiszahídfő,46.866106,20.052098,2026-06-26 16:13:20.545651,36.74,35.08,35.03,37.32,1016,20,3.9,345,1,0.0,Clear,clear sky,15
Csongrádi úti tanyák,46.690278,19.921667,2026-06-26 16:13:21.741531,36.88,35.25,36.08,38.3,1016,20,4.2,5,0,0.0,Clear,clear sky,15
Kettőshalom,46.689167,20.0225,2026-06-26 16:13:22.937309,37.61,35.96,36.11,38.34,1016,19,4.13,1,0,0.0,Clear,clear sky,15
Csongrád alsó,46.711389,20.126389,2026-06-26 16:13:24.128672,38.01,36.07,36.11,38.34,1016,17,3.9,2,1,0.0,Clear,clear sky,15
Dónát,46.66988,20.368168,2026-06-26 16:13:25.326164,36.13,34.5,36.13,38.36,1015,21,3.13,31,5,0.0,Clear,clear sky,15
Pusztatemplom,46.676667,20.407222,2026-06-26 16:13:26.528535,36.12,34.49,36.12,38.34,1015,21,3.13,31,5,0.0,Clear,clear sky,15
Előhát,47.364722,20.653611,2026-06-26 16:13:27.725996,34.44,34.71,34.44,34.44,1016,34,5.02,33,19,0.0,Clouds,few clouds,15
Polgárdi-Tekerespuszta,47.017778,18.297778,2026-06-26 16:13:28.933240,35.4,33.26,35.4,35.4,1016,18,1.76,354,0,0.0,Clear,clear sky,15
Szatina-Kishajmás,46.202778,18.083611,2026-06-26 16:13:30.138073,32.67,32.18,32.67,32.67,1017,34,4.02,208,0,0.0,Clear,clear sky,15
Márok,45.886944,18.499167,2026-06-26 16:13:31.337301,34.83,36.9,34.83,34.83,1017,40,0.45,349,0,0.0,Clear,clear sky,15
Nagynyárád,45.953333,18.564722,2026-06-26 16:13:32.531448,34.9,37.03,34.9,34.9,1017,40,3.83,224,0,0.0,Clear,clear sky,15
Szászvár,46.2875,18.369722222222222,2026-06-26 16:13:33.740319,34.58,32.94,34.58,34.58,1017,23,0.94,154,0,0.0,Clear,clear sky,15
Cikó,46.263514,18.557605,2026-06-26 16:13:34.937119,35.07,33.25,35.07,35.07,1017,21,0.79,26,0,0.0,Clear,clear sky,15
Gyöngyfa-Magyarmecske,45.983889,17.958889,2026-06-26 16:13:36.135356,32.53,32.68,32.53,32.53,1017,38,3.13,200,0,0.0,Clear,clear sky,15
Nagyhát,47.581389,21.445,2026-06-26 16:13:37.334586,31.87,30.04,31.87,31.87,1016,23,3.9,23,7,0.0,Clear,clear sky,15
Balmazújváros,47.613889,21.348056,2026-06-26 16:13:38.534014,31.82,29.99,31.82,31.82,1016,23,3.89,27,13,0.0,Clouds,few clouds,15
Kónya,47.600833,21.2375,2026-06-26 16:13:39.731289,31.83,30.0,31.83,31.83,1016,23,4.63,35,16,0.0,Clouds,few clouds,15
Hortobágy,47.586111,21.154722,2026-06-26 16:13:40.921937,31.83,30.0,31.83,31.83,1016,23,4.86,42,11,0.0,Clouds,few clouds,15
Hortobágyi Halastó,47.604167,21.074167,2026-06-26 16:13:42.122611,31.81,29.98,31.81,31.81,1016,23,4.89,45,6,0.0,Clear,clear sky,15
Ohat-Pusztakócs,47.623333,20.951111,2026-06-26 16:13:43.318715,31.73,29.9,31.73,31.73,1016,23,4.57,51,0,0.0,Clear,clear sky,15
Egyek,47.616944,20.883611,2026-06-26 16:13:44.513148,34.41,32.62,34.41,34.41,1016,22,4.22,50,0,0.0,Clear,clear sky,15
Tiszafüred,47.627778,20.756111,2026-06-26 16:13:45.705011,34.41,32.62,34.41,34.41,1016,22,3.76,45,0,0.0,Clear,clear sky,15
Poroszló,47.657778,20.654444,2026-06-26 16:13:46.908932,34.42,32.63,34.42,34.42,1016,22,3.2,32,2,0.0,Clear,clear sky,15
Kétútköz,47.694167,20.565,2026-06-26 16:13:48.109312,34.39,32.6,34.39,34.39,1016,22,2.72,23,1,0.0,Clear,clear sky,15
Egerfarmos,47.711667,20.5225,2026-06-26 16:13:49.312512,34.37,32.57,34.37,34.37,1016,22,2.71,13,2,0.0,Clear,clear sky,15
Piliscsaba,47.638056,18.829722,2026-06-26 16:13:50.516085,34.19,33.04,34.07,35.31,1017,27,0.45,42,0,0.0,Clear,clear sky,15
Pilisjászfalu,47.656111,18.797778,2026-06-26 16:13:51.717959,34.37,33.27,34.32,35.56,1017,27,0.79,256,0,0.0,Clear,clear sky,15
Leányvár,47.687594,18.772553,2026-06-26 16:13:52.913512,34.49,33.42,32.45,35.21,1017,27,0.85,223,0,0.0,Clear,clear sky,15
Dorog,47.723333,18.732778,2026-06-26 16:13:54.113595,34.71,33.88,34.71,34.71,1017,28,1.45,190,0,0.0,Clear,clear sky,15
Esztergom-Kertváros,47.743333,18.719167,2026-06-26 16:13:55.311617,34.78,33.98,34.78,34.78,1017,28,1.78,190,0,0.0,Clear,clear sky,15
Esztergom,47.7775,18.743611,2026-06-26 16:13:56.510955,34.84,34.06,34.84,34.84,1017,28,2.01,199,0,0.0,Clear,clear sky,15
Dunaalmás,47.733056,18.326389,2026-06-26 16:13:57.701020,33.87,32.37,33.87,33.87,1017,25,2.35,151,0,0.0,Clear,clear sky,15
Neszmély,47.734444,18.345278,2026-06-26 16:13:58.897051,33.87,32.37,33.87,33.87,1017,25,2.35,151,0,0.0,Clear,clear sky,15
Süttő,47.761111,18.455,2026-06-26 16:14:00.096896,33.66,32.25,33.66,33.66,1017,26,2.23,164,0,0.0,Clear,clear sky,15
Piszke,47.75307,18.478017,2026-06-26 16:14:01.296334,33.63,32.22,33.63,33.63,1017,26,2.17,165,0,0.0,Clear,clear sky,15
Lábatlan,47.751944,18.513333,2026-06-26 16:14:02.486317,33.56,32.13,33.56,33.56,1017,26,2.1,167,0,0.0,Clear,clear sky,15
Eternitgyár,47.755544,18.530014,2026-06-26 16:14:03.682767,33.56,32.13,33.56,33.56,1017,26,2.1,167,0,0.0,Clear,clear sky,15
Nyergesújfalu felső,47.762222,18.540556,2026-06-26 16:14:04.874602,33.56,32.13,33.56,33.56,1017,26,2.1,167,0,0.0,Clear,clear sky,15
Nyergesújfalu,47.761111,18.561667,2026-06-26 16:14:06.069115,33.44,31.99,33.44,33.44,1017,26,2.03,170,0,0.0,Clear,clear sky,15
Tokod,47.735,18.675,2026-06-26 16:14:07.267837,34.8,34.0,34.8,34.8,1017,28,1.48,182,0,0.0,Clear,clear sky,15
Környe,47.541667,18.330278,2026-06-26 16:14:08.468196,33.76,32.12,33.76,33.76,1017,24,2.55,50,0,0.0,Clear,clear sky,15
Kecskéd alsó,47.519722,18.316667,2026-06-26 16:14:09.663514,33.89,32.27,33.89,33.89,1017,24,3.0,42,0,0.0,Clear,clear sky,15
Oroszlány,47.486944,18.308611,2026-06-26 16:14:10.858645,33.87,32.24,33.87,33.87,1017,24,3.43,38,0,0.0,Clear,clear sky,15
Győrszabadhegy,47.663056,17.648056,2026-06-26 16:14:12.052560,35.27,33.48,35.27,35.27,1016,21,2.86,82,0,0.0,Clear,clear sky,15
Ménfőcsanak felső,47.638333,17.615,2026-06-26 16:14:13.250661,35.38,33.61,35.38,35.38,1016,21,3.11,80,0,0.0,Clear,clear sky,15
Gyömöre-Tét,47.501672,17.559596,2026-06-26 16:14:14.442353,35.36,33.33,35.36,35.36,1017,19,3.97,74,0,0.0,Clear,clear sky,15
Szerecseny,47.469167,17.5475,2026-06-26 16:14:15.635606,35.43,33.41,35.43,35.43,1017,19,4.07,69,0,0.0,Clear,clear sky,15
Gecse-Gyarmat,47.456111,17.515,2026-06-26 16:14:16.830867,35.39,33.36,35.39,35.39,1017,19,4.1,70,0,0.0,Clear,clear sky,15
Vaszar,47.4025,17.496389,2026-06-26 16:14:18.026733,35.67,33.55,35.67,35.67,1016,18,4.5,52,0,0.0,Clear,clear sky,15
Pápa,47.340556,17.458889,2026-06-26 16:14:19.242689,35.76,33.54,35.76,35.76,1016,17,4.74,42,0,0.0,Clear,clear sky,15
Mezőlak,47.324722,17.371389,2026-06-26 16:14:20.435382,35.91,33.7,35.91,35.91,1016,17,4.66,46,0,0.0,Clear,clear sky,15
Mihályháza,47.318889,17.331667,2026-06-26 16:14:21.630624,35.93,33.72,35.93,35.93,1016,17,4.65,45,0,0.0,Clear,clear sky,15
Vinár,47.306667,17.284722,2026-06-26 16:14:22.829144,35.99,33.91,35.99,35.99,1016,18,4.62,46,0,0.0,Clear,clear sky,15
Külsővat,47.279167,17.219722,2026-06-26 16:14:24.022844,36.03,33.95,36.03,36.03,1016,18,4.54,51,0,0.0,Clear,clear sky,15
Celldömölk,47.261389,17.151944,2026-06-26 16:14:25.213955,36.09,34.02,36.09,36.09,1016,18,4.42,54,0,0.0,Clear,clear sky,15
Kemenesmihályfa,47.278056,17.111111,2026-06-26 16:14:26.408218,35.68,33.56,35.68,35.68,1016,18,4.49,54,0,0.0,Clear,clear sky,15
Nagysimonyi,47.265556,17.058889,2026-06-26 16:14:27.599754,35.8,33.69,35.8,35.8,1016,18,4.27,53,0,0.0,Clear,clear sky,15
Ostffyasszonyfa,47.283889,17.023889,2026-06-26 16:14:28.802630,35.86,33.76,35.86,35.86,1016,18,4.26,49,0,0.0,Clear,clear sky,15
Sárvár,47.259167,16.928889,2026-06-26 16:14:30.002245,35.93,33.97,35.93,35.93,1016,19,3.9,29,0,0.0,Clear,clear sky,15
Porpác,47.238611,16.8325,2026-06-26 16:14:31.203537,34.18,32.06,34.18,34.18,1016,19,4.0,16,0,0.0,Clear,clear sky,15
Balatonföldvár,46.853889,17.881389,2026-06-26 16:14:32.402206,34.97,33.01,34.97,35.53,1017,20,2.34,185,0,0.0,Clear,clear sky,15
Balatonszárszó,46.832222,17.830278,2026-06-26 16:14:33.606140,34.99,33.03,34.99,35.55,1017,20,2.0,170,0,0.0,Clear,clear sky,15
Balatonszemes,46.811944,17.776389,2026-06-26 16:14:34.807293,34.97,33.01,34.97,35.53,1017,20,1.92,143,0,0.0,Clear,clear sky,15
Balatonlelle felső,46.793889,17.7175,2026-06-26 16:14:36.004955,34.99,33.03,34.99,34.99,1017,20,1.95,119,0,0.0,Clear,clear sky,15
Balatonlelle,46.7875,17.694167,2026-06-26 16:14:37.203589,34.95,35.03,34.95,34.95,1017,32,2.07,118,0,0.0,Clear,clear sky,15
Fonyódliget,46.759167,17.592222,2026-06-26 16:14:38.393213,34.97,35.06,34.97,34.97,1017,32,2.1,102,0,0.0,Clear,clear sky,15
Balatonboglár,46.776111,17.647222,2026-06-26 16:14:39.584283,34.97,35.06,34.97,34.97,1017,32,2.16,117,0,0.0,Clear,clear sky,15
Balatonfenyves alsó,46.708611,17.455278,2026-06-26 16:14:40.784802,33.63,32.49,33.63,33.63,1017,28,2.01,96,0,0.0,Clear,clear sky,15
Fonyód,46.750278,17.558889,2026-06-26 16:14:41.983893,32.98,32.12,32.98,32.98,1017,31,2.13,106,0,0.0,Clear,clear sky,15
Bélatelep,46.737778,17.535,2026-06-26 16:14:43.180117,33.2,32.25,33.2,33.2,1017,30,2.08,96,0,0.0,Clear,clear sky,15
Alsóbélatelep,46.724167,17.516389,2026-06-26 16:14:44.369926,33.2,32.25,33.2,33.2,1017,30,2.08,96,0,0.0,Clear,clear sky,15
Balatonfenyves,46.713611,17.482778,2026-06-26 16:14:45.571997,33.45,32.41,33.45,33.45,1017,29,2.04,90,0,0.0,Clear,clear sky,15
Máriahullámtelep,46.704722,17.435,2026-06-26 16:14:46.770166,33.63,32.49,33.63,33.63,1017,28,2.01,96,0,0.0,Clear,clear sky,15
Balatonmáriafürdő,46.704167,17.374722,2026-06-26 16:14:47.962939,34.18,32.88,34.18,34.18,1017,26,2.1,116,0,0.0,Clear,clear sky,15
Balatonberény,46.713889,17.316944,2026-06-26 16:14:49.162889,34.27,32.99,34.27,34.27,1017,26,2.22,123,0,0.0,Clear,clear sky,15
Balatonszentgyörgy,46.692778,17.288889,2026-06-26 16:14:50.356186,34.49,33.11,34.49,34.49,1017,25,2.26,127,0,0.0,Clear,clear sky,15
Vörs,46.663611,17.260278,2026-06-26 16:14:51.549080,34.65,33.31,34.65,34.65,1017,25,2.6,136,0,0.0,Clear,clear sky,15
Zalaszentjakab,46.491667,17.135278,2026-06-26 16:14:52.756269,34.34,32.93,34.34,34.34,1017,25,1.94,113,0,0.0,Clear,clear sky,15
Nagykanizsa,46.440833,16.986667,2026-06-26 16:14:53.954585,34.48,32.82,34.48,34.48,1017,23,2.56,109,0,0.0,Clear,clear sky,15
Murakeresztúr,46.363889,16.876944,2026-06-26 16:14:55.159786,34.47,32.94,34.47,34.47,1017,24,2.63,119,0,0.0,Clear,clear sky,15
Zalakomár,46.530278,17.188056,2026-06-26 16:14:56.357735,34.47,33.09,34.47,34.47,1017,25,1.91,119,0,0.0,Clear,clear sky,15
Szárazrét,47.200833,18.381111,2026-06-26 16:14:57.556697,35.31,33.27,35.31,35.31,1016,19,3.8,40,0,0.0,Clear,clear sky,15
Bodajk,47.318333,18.251944,2026-06-26 16:14:58.759019,34.79,32.93,34.79,34.79,1017,21,3.94,40,0,0.0,Clear,clear sky,15
Csókakő,47.3275,18.240556,2026-06-26 16:14:59.956711,34.38,32.47,34.38,34.38,1017,21,4.08,39,0,0.0,Clear,clear sky,15
Mór,47.369167,18.189167,2026-06-26 16:15:01.153170,34.51,32.62,34.51,34.51,1017,21,4.04,38,0,0.0,Clear,clear sky,15
Bakonysárkány,47.443611,18.103611,2026-06-26 16:15:02.344910,34.02,32.18,34.02,34.02,1017,22,4.09,35,0,0.0,Clear,clear sky,15
Kisbér,47.494167,18.024722,2026-06-26 16:15:03.554207,34.3,32.49,34.3,34.3,1017,22,3.65,39,0,0.0,Clear,clear sky,15
Nagyigmánd-Bábolna,47.630556,18.050833,2026-06-26 16:15:04.743963,34.35,32.67,34.35,34.35,1017,23,2.01,92,0,0.0,Clear,clear sky,15
Budapest-Déli,47.498889,19.025,2026-06-26 16:15:05.951012,35.84,35.03,34.16,35.95,1017,26,1.34,356,0,0.0,Clear,clear sky,15
Budapest-Kelenföld,47.464444,19.02,2026-06-26 16:15:07.154310,35.98,35.22,34.27,36.05,1017,26,1.34,356,0,0.0,Clear,clear sky,15
Budaörs,47.4475,18.965,2026-06-26 16:15:08.357357,35.89,35.1,34.18,35.96,1017,26,1.34,356,0,0.0,Clear,clear sky,15
Biatorbágy,47.480278,18.834444,2026-06-26 16:15:09.556830,34.33,33.06,33.82,35.61,1017,26,2.53,347,0,0.0,Clear,clear sky,15
Herceghalom,47.493611,18.746111,2026-06-26 16:15:10.747256,34.28,33.0,34.08,35.86,1017,26,2.19,355,0,0.0,Clear,clear sky,15
Bicske,47.484167,18.6175,2026-06-26 16:15:11.941021,33.88,32.51,32.39,33.88,1017,26,2.55,29,0,0.0,Clear,clear sky,15
Szár,47.485,18.5275,2026-06-26 16:15:13.144059,33.67,32.14,33.67,33.67,1017,25,3.02,40,0,0.0,Clear,clear sky,15
Alsógalla,47.563337,18.425102,2026-06-26 16:15:25.959042,33.56,32.13,33.56,33.56,1017,26,1.6,70,0,0.0,Clear,clear sky,15
Tatabánya,47.585556,18.393056,2026-06-26 16:15:27.274548,33.64,32.23,33.64,33.64,1017,26,1.39,91,0,0.0,Clear,clear sky,15
Vértesszőlős,47.619444,18.375278,2026-06-26 16:15:28.630007,33.65,32.24,33.65,33.65,1017,26,1.41,119,0,0.0,Clear,clear sky,15
Tóvároskert,47.646111,18.348611,2026-06-26 16:15:29.835947,33.75,32.23,33.75,33.75,1017,25,1.74,116,0,0.0,Clear,clear sky,15
Tata,47.665,18.3275,2026-06-26 16:15:31.025355,33.73,32.2,33.73,33.73,1017,25,1.95,132,0,0.0,Clear,clear sky,15
Almásfüzitő,47.725278,18.262222,2026-06-26 16:15:32.218648,33.99,32.51,33.99,33.99,1017,25,2.48,150,0,0.0,Clear,clear sky,15
Almásfüzitő felső,47.731389,18.216389,2026-06-26 16:15:33.408533,36.14,35.24,36.14,36.14,1017,25,2.61,148,0,0.0,Clear,clear sky,15
Szőny,47.735556,18.1775,2026-06-26 16:15:34.598246,36.17,35.28,36.17,36.17,1017,25,2.67,146,0,0.0,Clear,clear sky,15
Komárom,47.749444,18.113611,2026-06-26 16:15:35.796525,36.18,35.09,36.18,36.18,1017,24,2.81,146,0,0.0,Clear,clear sky,15
Ács,47.717222,18.004444,2026-06-26 16:15:36.993284,34.52,32.87,34.52,34.52,1017,23,2.81,133,0,0.0,Clear,clear sky,15
Nagyszentjános,47.705556,17.871389,2026-06-26 16:15:38.184948,34.81,33.08,34.81,34.81,1017,22,2.67,116,0,0.0,Clear,clear sky,15
Győrszentiván,47.688611,17.745556,2026-06-26 16:15:39.380591,35.01,33.31,35.01,35.01,1016,22,2.71,99,0,0.0,Clear,clear sky,15
Győr-Gyárváros,47.684444,17.663889,2026-06-26 16:15:40.575137,35.24,33.44,35.24,35.24,1016,21,2.82,86,0,0.0,Clear,clear sky,15
Győr,47.681944,17.634722,2026-06-26 16:15:41.763682,35.27,33.48,35.27,35.27,1016,21,2.86,82,0,0.0,Clear,clear sky,15
Öttevény,47.719722,17.489167,2026-06-26 16:15:42.957114,35.5,33.75,35.5,35.5,1016,21,3.17,55,0,0.0,Clear,clear sky,15
Lébény-Mosonszentmiklós,47.755278,17.426389,2026-06-26 16:15:44.149584,35.53,33.78,35.53,35.53,1016,21,3.52,49,0,0.0,Clear,clear sky,15
Kimle-Károlyháza,47.803889,17.342778,2026-06-26 16:15:45.344923,35.53,33.93,35.53,35.53,1016,22,3.56,45,0,0.0,Clear,clear sky,15
Mosonmagyaróvár,47.849722,17.267222,2026-06-26 16:15:46.552514,37.82,36.88,36.72,37.82,1016,22,3.38,39,0,0.0,Clear,clear sky,15
Levél,47.889722,17.1925,2026-06-26 16:15:47.755691,37.43,36.35,34.41,37.79,1016,22,3.19,32,0,0.0,Clear,clear sky,15
Hegyeshalom,47.913889,17.145556,2026-06-26 16:15:48.953540,37.43,36.35,34.38,37.77,1016,22,3.14,28,0,0.0,Clear,clear sky,15
Óbuda,47.568611,19.033889,2026-06-26 16:15:50.144634,35.52,34.6,34.31,36.09,1017,26,0.89,40,0,0.0,Clear,clear sky,15
Üröm,47.580556,19.002222,2026-06-26 16:15:51.338710,35.13,34.08,34.2,35.99,1017,26,0.89,40,0,0.0,Clear,clear sky,15
Solymár,47.596111,18.95,2026-06-26 16:15:52.541333,34.5,33.27,34.02,35.8,1017,26,0.89,40,0,0.0,Clear,clear sky,15
Pilisvörösvár,47.614444,18.902222,2026-06-26 16:15:53.734443,33.96,32.61,33.66,35.45,1017,26,1.34,281,0,0.0,Clear,clear sky,15
Klotildliget,47.637778,18.846389,2026-06-26 16:15:54.930904,33.63,32.22,33.4,35.18,1017,26,1.01,261,0,0.0,Clear,clear sky,15
Kútvölgy,46.459444,20.451944,2026-06-26 16:15:56.126037,36.12,34.65,36.12,36.12,1015,22,4.52,59,5,0.0,Clear,clear sky,15
Székkutas,46.503889,20.541111,2026-06-26 16:15:57.329904,36.1,34.63,36.1,36.1,1015,22,4.63,60,4,0.0,Clear,clear sky,15
Kaposszentjakab,46.358056,17.821944,2026-06-26 16:15:58.526079,34.65,33.31,34.65,34.65,1017,25,0.68,316,0,0.0,Clear,clear sky,15
Kaposvár,46.352778,17.795,2026-06-26 16:15:59.726713,34.55,33.18,34.55,34.55,1017,25,0.85,321,0,0.0,Clear,clear sky,15
Kaposújlak,46.366667,17.715,2026-06-26 16:16:00.919631,34.78,33.32,34.78,34.78,1017,24,1.4,324,0,0.0,Clear,clear sky,15
Kaposmérő,46.365278,17.698889,2026-06-26 16:16:02.119386,34.74,33.13,34.74,34.74,1017,23,1.56,323,0,0.0,Clear,clear sky,15
Kaposfő,46.364167,17.656667,2026-06-26 16:16:03.318081,34.71,33.09,34.71,34.71,1017,23,1.69,322,0,0.0,Clear,clear sky,15
Kiskorpád,46.361389,17.606667,2026-06-26 16:16:04.520859,34.63,33.0,34.63,34.63,1017,23,1.81,321,0,0.0,Clear,clear sky,15
Jákó-Nagybajom,46.344444,17.554444,2026-06-26 16:16:05.720133,34.44,33.05,34.44,34.44,1017,25,1.93,307,0,0.0,Clear,clear sky,15
Kutas,46.326111,17.453889,2026-06-26 16:16:06.929856,34.39,33.14,34.39,34.39,1017,26,2.09,310,0,0.0,Clear,clear sky,15
Beleg,46.316944,17.420556,2026-06-26 16:16:08.121917,34.11,33.1,34.11,34.11,1017,28,2.11,306,0,0.0,Clear,clear sky,15
Ötvöskónyi,46.292778,17.358056,2026-06-26 16:16:09.321745,33.91,33.0,33.91,33.91,1017,29,2.01,303,0,0.0,Clear,clear sky,15
Somogyszob,46.289167,17.305556,2026-06-26 16:16:10.526484,33.76,32.81,33.76,33.76,1017,29,1.52,310,0,0.0,Clear,clear sky,15
Bolhás,46.282222,17.275278,2026-06-26 16:16:11.720295,33.76,32.65,33.76,33.76,1017,28,0.84,326,0,0.0,Clear,clear sky,15
Szenta,46.274167,17.182222,2026-06-26 16:16:12.924948,33.89,32.67,33.89,33.89,1017,27,0.48,45,0,0.0,Clear,clear sky,15
Zrínyitelep,46.275278,17.138056,2026-06-26 16:16:14.125160,33.95,32.6,33.95,33.95,1017,26,0.76,80,0,0.0,Clear,clear sky,15
Csurgó,46.261111,17.091667,2026-06-26 16:16:15.315769,34.13,32.68,34.13,34.13,1017,25,1.05,102,0,0.0,Clear,clear sky,15
Gyékényes,46.249167,16.956389,2026-06-26 16:16:16.513032,34.23,32.53,34.23,34.23,1017,23,2.73,117,0,0.0,Clear,clear sky,15
Adony,47.106111,18.847778,2026-06-26 16:16:17.704765,35.36,33.33,35.36,35.36,1016,19,3.56,12,0,0.0,Clear,clear sky,15
Kulcs,47.051111,18.8975,2026-06-26 16:16:18.897821,35.2,33.04,35.2,35.2,1016,18,3.37,18,0,0.0,Clear,clear sky,15
Rácalmás,47.023333,18.908889,2026-06-26 16:16:20.095606,35.21,33.05,35.21,35.21,1016,18,3.37,21,0,0.0,Clear,clear sky,15
Dunaújváros,46.960556,18.913889,2026-06-26 16:16:21.298181,35.36,33.21,35.36,35.36,1016,18,3.36,25,0,0.0,Clear,clear sky,15
Újvenyim,46.936944,18.868889,2026-06-26 16:16:22.497860,35.52,33.39,35.52,35.52,1016,18,3.24,26,0,0.0,Clear,clear sky,15
Mezőfalva,46.905556,18.810278,2026-06-26 16:16:23.697025,35.62,33.5,35.62,35.62,1016,18,3.1,26,0,0.0,Clear,clear sky,15
Nagykarácsony felső,46.866047,18.783064,2026-06-26 16:16:24.887361,35.87,33.77,35.87,35.87,1016,18,2.94,27,0,0.0,Clear,clear sky,15
Nagykarácsony,46.848729,18.765722,2026-06-26 16:16:26.083466,35.77,33.66,35.77,35.77,1016,18,2.72,26,0,0.0,Clear,clear sky,15
Alap,46.831944,18.657778,2026-06-26 16:16:27.278195,36.07,33.99,36.07,36.07,1016,18,2.2,16,0,0.0,Clear,clear sky,15
Cece,46.773333,18.623333,2026-06-26 16:16:28.476430,36.14,34.07,36.14,36.14,1016,18,1.63,356,0,0.0,Clear,clear sky,15
Vajta,46.713611,18.648056,2026-06-26 16:16:29.666836,36.15,34.22,36.15,36.15,1016,19,1.26,331,0,0.0,Clear,clear sky,15
Rétszilas alsó,46.829167,18.639444,2026-06-26 16:16:30.864534,36.07,33.99,36.07,36.07,1016,18,2.2,16,0,0.0,Clear,clear sky,15
Nagydorog,46.615485,18.65002,2026-06-26 16:16:32.058809,36.06,34.12,36.06,36.06,1016,19,1.47,284,0,0.0,Clear,clear sky,15
Tengelic,46.516111,18.695278,2026-06-26 16:16:33.250131,35.81,33.83,35.81,35.81,1016,19,1.96,271,0,0.0,Clear,clear sky,15
Fácánkert,46.449041,18.735661,2026-06-26 16:16:34.445614,35.8,33.82,35.8,35.8,1016,19,2.07,284,0,0.0,Clear,clear sky,15
Tolna-Mözs,46.416389,18.750556,2026-06-26 16:16:35.642465,35.96,34.0,35.96,35.96,1016,19,2.33,293,0,0.0,Clear,clear sky,15
Szekszárd-Palánk,46.38027777777778,18.72833333333333,2026-06-26 16:16:36.833161,35.79,33.94,35.79,35.79,1016,20,2.03,296,0,0.0,Clear,clear sky,15
Szekszárd,46.349444,18.7125,2026-06-26 16:16:38.029902,35.74,33.89,35.74,35.74,1016,20,2.02,302,0,0.0,Clear,clear sky,15
Őcsény,46.318889,18.7425,2026-06-26 16:16:39.227977,35.82,33.98,35.82,35.82,1016,20,2.43,307,0,0.0,Clear,clear sky,15
Decs,46.283889,18.756111,2026-06-26 16:16:40.421760,35.79,33.94,35.79,35.79,1016,20,2.39,308,0,0.0,Clear,clear sky,15
Csikóstőttős,46.337222,18.152778,2026-06-26 16:16:41.615911,34.64,33.45,34.64,34.64,1017,26,1.46,181,0,0.0,Clear,clear sky,15
Mágocs-Alsómocsolád,46.31027777777778,18.222222222222225,2026-06-26 16:16:42.809650,34.1,32.78,34.1,34.1,1017,26,1.8,189,0,0.0,Clear,clear sky,15
Szalatnak,46.284444444444446,18.288611111111113,2026-06-26 16:16:44.020341,34.47,32.94,34.47,34.47,1017,24,1.46,184,0,0.0,Clear,clear sky,15
Máza-Szászvár,46.279167,18.411389,2026-06-26 16:16:45.216587,34.71,32.96,34.71,34.71,1017,22,0.82,130,0,0.0,Clear,clear sky,15
Váralja,46.281667,18.436111,2026-06-26 16:16:46.408199,34.91,33.19,34.91,34.91,1017,22,0.85,85,0,0.0,Clear,clear sky,15
Nagymányok,46.280278,18.459167,2026-06-26 16:16:47.605672,34.91,33.19,34.91,34.91,1017,22,0.85,85,0,0.0,Clear,clear sky,15
Hidas-Bonyhád,46.269444,18.523333,2026-06-26 16:16:48.801861,34.94,33.1,34.94,34.94,1017,21,0.88,49,0,0.0,Clear,clear sky,15
Mőcsény,46.2575,18.591944,2026-06-26 16:16:49.997876,34.81,32.95,34.81,34.81,1017,21,1.08,345,0,0.0,Clear,clear sky,15
Bátaszék,46.202222,18.715556,2026-06-26 16:16:51.191853,35.52,33.77,35.52,35.52,1016,21,1.69,302,0,0.0,Clear,clear sky,15
Pörböly,46.199167,18.826389,2026-06-26 16:16:52.384754,35.75,34.04,35.75,35.75,1016,21,2.11,293,0,0.0,Clear,clear sky,15
Orosháza,46.566111,20.664722,2026-06-26 16:16:53.576371,35.01,33.31,35.01,35.01,1016,22,4.75,61,2,0.0,Clear,clear sky,15
Orosházi tanyák,46.596944,20.760556,2026-06-26 16:16:54.772692,33.3,31.41,33.3,33.3,1016,22,4.87,63,1,0.0,Clear,clear sky,15
Csorvás,46.623611,20.840833,2026-06-26 16:16:55.967879,33.28,31.39,33.28,33.28,1016,22,4.96,64,0,0.0,Clear,clear sky,15
Csorvás alsó,46.634722,20.888333,2026-06-26 16:16:57.165128,33.3,32.37,33.3,33.3,1016,30,5.03,64,0,0.0,Clear,clear sky,15
Telekgerendás,46.656111,20.963889,2026-06-26 16:16:58.363449,33.3,32.37,33.3,33.3,1016,30,5.25,64,0,0.0,Clear,clear sky,15
Fürjes,46.67214,21.02306,2026-06-26 16:16:59.560480,33.3,32.37,33.3,33.3,1016,30,0.89,344,0,0.0,Clear,clear sky,15
Fényes,46.659876,21.16618,2026-06-26 16:17:00.764106,33.33,32.41,33.33,33.33,1016,30,0.89,344,1,0.0,Clear,clear sky,15
Bicere,46.66,21.179444,2026-06-26 16:17:01.963235,33.32,32.4,33.32,33.32,1016,30,0.89,344,1,0.0,Clear,clear sky,15
Gyula,46.656389,21.273333,2026-06-26 16:17:03.160187,33.31,32.39,33.31,33.31,1016,30,5.36,64,1,0.0,Clear,clear sky,15
József Szanatórium,46.704722,21.3325,2026-06-26 16:17:04.352334,33.3,32.37,33.3,33.3,1016,30,5.26,63,1,0.0,Clear,clear sky,15
Sarkadi Cukorgyár,46.73,21.383611,2026-06-26 16:17:05.546002,33.31,32.39,33.31,33.31,1016,30,5.19,64,1,0.0,Clear,clear sky,15
Sarkad,46.736944,21.402222,2026-06-26 16:17:06.738013,33.3,31.83,33.3,33.3,1016,26,5.2,65,1,0.0,Clear,clear sky,15
Kötegyán,46.758333,21.479722,2026-06-26 16:17:07.938532,33.3,31.83,33.3,33.3,1016,26,5.12,67,1,0.0,Clear,clear sky,15
Méhkerék,46.774444,21.455556,2026-06-26 16:17:09.130684,33.3,31.71,33.3,33.3,1016,25,5.03,66,0,0.0,Clear,clear sky,15
Sarkadkeresztúr,46.823611,21.4175,2026-06-26 16:17:10.328803,33.32,31.74,33.32,33.32,1016,25,4.93,64,0,0.0,Clear,clear sky,15
Okány,46.8925,21.339167,2026-06-26 16:17:11.524885,33.32,31.63,33.32,33.32,1016,24,4.79,60,0,0.0,Clear,clear sky,15
Újszeged,46.242222,20.16,2026-06-26 16:17:12.714153,35.08,33.26,35.08,35.08,1015,21,3.0,47,7,0.0,Clear,clear sky,15
Szőreg,46.211389,20.183056,2026-06-26 16:17:13.909130,35.07,33.25,35.07,35.07,1015,21,3.14,50,6,0.0,Clear,clear sky,15
Deszk,46.210278,20.246389,2026-06-26 16:17:15.106176,35.08,33.26,35.08,35.08,1015,21,3.67,58,4,0.0,Clear,clear sky,15
Kiszombor,46.191944,20.413056,2026-06-26 16:17:16.299826,35.28,33.78,35.28,35.28,1016,23,4.09,67,3,0.0,Clear,clear sky,15
Kiszombor megálló,46.191111,20.430833,2026-06-26 16:17:17.499937,35.28,33.78,35.28,35.28,1016,23,4.09,67,3,0.0,Clear,clear sky,15
Makó,46.204722,20.474722,2026-06-26 16:17:18.697079,35.12,33.73,35.12,35.12,1016,24,4.12,68,3,0.0,Clear,clear sky,15
Apátfalva,46.175193,20.580611,2026-06-26 16:17:19.903978,34.6,33.4,34.6,34.6,1016,26,4.19,75,2,0.0,Clear,clear sky,15
Magyarcsanád,46.174444,20.610278,2026-06-26 16:17:21.099455,34.46,33.38,34.46,34.46,1016,27,4.24,76,2,0.0,Clear,clear sky,15
Nagylak,46.17,20.708333,2026-06-26 16:17:22.297607,33.43,32.39,33.43,33.43,1016,29,4.47,77,1,0.0,Clear,clear sky,15
Nagylaki Kendergyár,46.189167,20.717222,2026-06-26 16:17:23.492737,33.42,32.38,33.42,33.42,1016,29,4.48,77,1,0.0,Clear,clear sky,15
Csanádpalota,46.236111,20.7325,2026-06-26 16:17:24.689241,33.41,32.36,33.41,33.41,1016,29,4.49,77,1,0.0,Clear,clear sky,15
Mezőhegyes,46.310833,20.815556,2026-06-26 16:17:25.885251,33.35,32.15,33.35,33.35,1016,28,4.73,75,1,0.0,Clear,clear sky,15
Végegyháza,46.384444,20.878611,2026-06-26 16:17:27.081671,33.37,31.91,33.37,33.37,1016,26,5.03,72,1,0.0,Clear,clear sky,15
Mezőkovácsháza,46.408333,20.9,2026-06-26 16:17:28.283000,33.37,31.91,33.37,33.37,1016,26,5.05,71,1,0.0,Clear,clear sky,15
Mezőkovácsháza felső,46.415556,20.918056,2026-06-26 16:17:29.475825,33.38,31.92,33.38,33.38,1016,26,5.22,71,0,0.0,Clear,clear sky,15
Magyarbánhegyes,46.451389,20.97,2026-06-26 16:17:30.671088,33.27,31.68,33.27,33.27,1016,25,5.28,71,0,0.0,Clear,clear sky,15
Medgyesegyháza,46.495278,21.029167,2026-06-26 16:17:31.867330,33.25,31.66,33.25,33.25,1016,25,5.34,71,0,0.0,Clear,clear sky,15
Bánkút,46.505278,21.091944,2026-06-26 16:17:33.064102,33.27,32.34,33.27,33.27,1016,30,5.4,71,0,0.0,Clear,clear sky,15
Belsőperegpuszta,46.321111,20.916667,2026-06-26 16:17:34.261959,33.35,32.01,33.35,33.35,1016,27,5.18,72,0,0.0,Clear,clear sky,15
Battonya,46.282222,21.003889,2026-06-26 16:17:35.462692,33.36,40.36,33.35,36.17,1016,100,5.33,68,0,0.0,Clear,clear sky,15
Baja-Dunafürdő,46.193333,18.919167,2026-06-26 16:17:36.657018,35.88,34.05,35.88,35.88,1016,20,1.65,292,0,0.0,Clear,clear sky,15
Kaposszekcső,46.330556,18.143056,2026-06-26 16:17:37.852303,34.64,33.45,34.64,34.64,1017,26,1.46,181,0,0.0,Clear,clear sky,15
Vásárosdombó,46.310556,18.138889,2026-06-26 16:17:39.047213,34.3,33.18,34.3,34.3,1017,27,2.06,195,0,0.0,Clear,clear sky,15
Sásd,46.257222,18.104722,2026-06-26 16:17:40.231380,33.61,32.77,33.61,33.61,1017,30,3.26,207,0,0.0,Clear,clear sky,15
Godisa,46.223333,18.104722,2026-06-26 16:17:41.430443,33.16,32.35,33.16,33.16,1017,31,3.68,209,0,0.0,Clear,clear sky,15
Abaliget,46.152778,18.073611,2026-06-26 16:17:42.628476,32.29,31.84,32.29,32.29,1017,35,4.22,210,0,0.0,Clear,clear sky,15
Hetvehely,46.128333,18.045,2026-06-26 16:17:43.826038,32.32,32.04,32.32,32.32,1017,36,4.1,208,0,0.0,Clear,clear sky,15
Bükkösd,46.113056,17.999444,2026-06-26 16:17:45.022888,32.18,31.85,32.18,32.18,1017,36,4.05,205,0,0.0,Clear,clear sky,15
Cserdi-Helesfa,46.086667,17.987778,2026-06-26 16:17:46.218839,32.15,31.97,32.15,32.15,1017,37,3.9,205,0,0.0,Clear,clear sky,15
Szentlőrinc,46.033333,17.990833,2026-06-26 16:17:47.413522,32.53,32.5,32.53,32.53,1017,37,3.51,205,0,0.0,Clear,clear sky,15
Bicsérd,46.041389,18.057778,2026-06-26 16:17:48.609893,32.44,32.37,32.44,32.44,1017,37,3.66,213,0,0.0,Clear,clear sky,15
Mecsekalja-Cserkút,46.059722,18.150278,2026-06-26 16:17:49.804902,32.1,31.45,32.1,32.1,1017,34,4.07,221,0,0.0,Clear,clear sky,15
Pécs,46.065833,18.223611,2026-06-26 16:17:51.002933,33.71,33.43,33.71,33.71,1017,33,4.1,226,0,0.0,Clear,clear sky,15
Pécs-Külváros,46.071667,18.24,2026-06-26 16:17:52.201499,33.69,33.4,33.69,33.69,1017,33,4.1,226,0,0.0,Clear,clear sky,15
Pécsbánya-Rendező,46.063333,18.270278,2026-06-26 16:17:53.402055,33.53,32.83,33.53,33.53,1017,31,3.97,229,0,0.0,Clear,clear sky,15
Pécsudvard,46.01,18.275556,2026-06-26 16:17:54.595936,33.46,32.91,33.46,33.46,1017,32,4.13,231,0,0.0,Clear,clear sky,15
Szőkéd,45.9675,18.29,2026-06-26 16:17:55.791856,33.64,36.4,33.64,33.64,1017,46,4.21,232,0,0.0,Clear,clear sky,15
Áta,45.936389,18.306944,2026-06-26 16:17:56.987473,33.75,36.62,33.75,33.75,1017,46,4.17,232,0,0.0,Clear,clear sky,15
Kistótfalu,45.909722,18.315278,2026-06-26 16:17:58.184801,33.79,36.69,33.79,33.79,1017,46,4.05,231,0,0.0,Clear,clear sky,15
Vokány,45.899722,18.334722,2026-06-26 16:17:59.389031,33.75,36.62,33.75,33.75,1017,46,4.13,230,0,0.0,Clear,clear sky,15
Palkonya,45.891667,18.393889,2026-06-26 16:18:00.580089,33.77,36.66,33.77,33.77,1017,46,0.45,15,0,0.0,Clear,clear sky,15
Villánykövesd,45.879722,18.425833,2026-06-26 16:18:01.769892,33.73,36.58,33.73,33.73,1017,46,0.45,15,0,0.0,Clear,clear sky,15
Villány,45.8775,18.451389,2026-06-26 16:18:02.975429,33.86,36.83,33.86,33.86,1017,46,0.45,15,0,0.0,Clear,clear sky,15
Magyarbóly,45.834167,18.491944,2026-06-26 16:18:04.170577,33.91,36.93,33.91,33.91,1017,46,0.45,15,0,0.0,Clear,clear sky,15
Magyarszék,46.210278,18.188056,2026-06-26 16:18:05.369359,33.29,32.36,33.29,33.29,1017,30,3.71,213,0,0.0,Clear,clear sky,15
Mecsekpölöske,46.224167,18.213056,2026-06-26 16:18:06.566984,33.37,32.17,33.37,33.37,1017,28,3.16,210,0,0.0,Clear,clear sky,15
Mecsekjánosi,46.215278,18.241944,2026-06-26 16:18:07.758903,33.6,32.18,33.6,33.6,1017,26,2.5,209,0,0.0,Clear,clear sky,15
Komló,46.189167,18.265278,2026-06-26 16:18:08.958964,33.65,32.37,33.65,33.65,1017,27,2.85,214,0,0.0,Clear,clear sky,15
Királyegyháza-Rigópuszta,45.989167,17.971667,2026-06-26 16:18:10.154359,32.52,32.66,32.52,32.52,1017,38,3.16,205,0,0.0,Clear,clear sky,15
Sumony,45.960833,17.913333,2026-06-26 16:18:11.360926,32.51,32.84,32.51,32.51,1017,39,2.99,191,0,0.0,Clear,clear sky,15
Okorág-Kárászpuszta,45.933611,17.864444,2026-06-26 16:18:12.562519,32.49,33.0,32.49,32.49,1017,40,2.92,185,0,0.0,Clear,clear sky,15
Kákics,45.904167,17.8525,2026-06-26 16:18:13.757844,32.42,32.89,32.42,32.42,1017,40,2.88,179,0,0.0,Clear,clear sky,15
Bóly,45.9375,18.538333,2026-06-26 16:18:14.948003,33.68,36.48,33.68,33.68,1017,46,0.45,15,0,0.0,Clear,clear sky,15
Mohács,46.0025,18.683333,2026-06-26 16:18:16.151495,33.95,32.46,33.95,33.95,1016,25,2.92,228,1,0.0,Clear,clear sky,15
Sellye,45.873333,17.858889,2026-06-26 16:18:17.345772,32.4,32.86,32.4,32.4,1017,40,2.72,181,0,0.0,Clear,clear sky,15
Toponár,46.398333,17.840833,2026-06-26 16:18:18.537847,34.76,33.29,34.76,34.76,1017,24,1.3,348,0,0.0,Clear,clear sky,15
Somogyaszaló,46.453611,17.840278,2026-06-26 16:18:19.737869,34.94,33.23,34.94,34.94,1017,22,2.6,3,0,0.0,Clear,clear sky,15
Mernye,46.509444,17.832222,2026-06-26 16:18:20.940672,35.04,33.21,35.04,35.04,1017,21,3.68,10,0,0.0,Clear,clear sky,15
Felsőmocsolád,46.556389,17.8225,2026-06-26 16:18:22.136671,34.79,32.93,34.79,34.79,1017,21,3.74,13,0,0.0,Clear,clear sky,15
Kisbárapáti,46.615,17.866667,2026-06-26 16:18:23.332039,34.24,32.55,34.24,34.24,1017,23,3.0,19,0,0.0,Clear,clear sky,15
Bonnya,46.611389,17.909167,2026-06-26 16:18:24.529426,34.92,33.08,34.92,34.92,1017,21,3.27,17,0,0.0,Clear,clear sky,15
Andocs,46.646944,17.8925,2026-06-26 16:18:25.721419,33.79,32.04,33.79,33.79,1017,23,2.53,23,0,0.0,Clear,clear sky,15
Karád,46.681111,17.874722,2026-06-26 16:18:26.923454,34.69,33.21,34.69,34.69,1017,24,1.99,28,0,0.0,Clear,clear sky,15
Somogymeggyes,46.720556,17.920556,2026-06-26 16:18:28.119583,34.27,32.84,34.27,34.83,1017,25,0.62,38,0,0.0,Clear,clear sky,15
Kapoly,46.713611,17.977778,2026-06-26 16:18:29.320900,34.55,32.78,34.55,35.11,1017,22,1.06,345,0,0.0,Clear,clear sky,15
Tab,46.734167,18.041111,2026-06-26 16:18:30.515984,35.27,33.62,34.71,35.27,1017,22,0.99,298,0,0.0,Clear,clear sky,15
Bábonymegyer,46.746095,18.109921,2026-06-26 16:18:31.718855,35.38,42.38,34.82,35.38,1017,57,1.67,282,0,0.0,Clear,clear sky,15
Daránypuszta,46.764722,18.143889,2026-06-26 16:18:32.913359,35.4,42.4,34.84,35.4,1017,57,2.2,271,0,0.0,Clear,clear sky,15
Som-Nagyberény,46.803056,18.149444,2026-06-26 16:18:34.110807,35.39,42.39,34.83,35.39,1017,57,2.73,262,0,0.0,Clear,clear sky,15
Ádánd,46.854444,18.141667,2026-06-26 16:18:35.305830,35.51,42.51,34.95,35.51,1017,57,2.88,259,0,0.0,Clear,clear sky,15
Siójut,46.879444,18.126667,2026-06-26 16:18:36.496870,35.5,42.5,34.94,35.5,1017,57,2.79,258,0,0.0,Clear,clear sky,15
Kapostüskevár,46.367778,17.774167,2026-06-26 16:18:37.688817,34.77,33.31,34.77,34.77,1017,24,1.04,323,0,0.0,Clear,clear sky,15
Kaposfüred,46.415,17.759444,2026-06-26 16:18:38.884657,34.92,33.2,34.92,34.92,1017,22,2.22,353,0,0.0,Clear,clear sky,15
Várda,46.4625,17.721667,2026-06-26 16:18:40.082014,34.88,33.03,34.88,34.88,1017,21,3.09,1,0,0.0,Clear,clear sky,15
Somogyjád,46.490833,17.694444,2026-06-26 16:18:41.277425,34.9,33.05,34.9,34.9,1017,21,3.16,5,0,0.0,Clear,clear sky,15
Osztopán,46.515556,17.656944,2026-06-26 16:18:42.474458,34.71,32.96,34.71,34.71,1017,22,3.03,11,0,0.0,Clear,clear sky,15
Pamuk,46.553127,17.636412,2026-06-26 16:18:43.678897,34.63,33.0,34.63,34.63,1017,23,3.03,17,0,0.0,Clear,clear sky,15
Somogyvár,46.580556,17.634722,2026-06-26 16:18:44.873910,34.39,32.72,34.39,34.39,1017,23,2.98,23,0,0.0,Clear,clear sky,15
Öreglak,46.608607,17.632733,2026-06-26 16:18:46.066375,34.12,32.66,34.12,34.12,1017,25,2.88,29,0,0.0,Clear,clear sky,15
Tatárvár,46.636667,17.621111,2026-06-26 16:18:47.270772,33.71,32.31,33.71,33.71,1017,26,2.59,41,0,0.0,Clear,clear sky,15
Lengyeltóti,46.660556,17.613611,2026-06-26 16:18:48.462940,33.53,32.23,33.53,33.53,1017,27,2.45,49,0,0.0,Clear,clear sky,15
Pusztaberény,46.686111,17.594722,2026-06-26 16:18:49.654768,33.39,32.2,33.39,33.39,1017,28,2.3,60,0,0.0,Clear,clear sky,15
Örkény,47.132778,19.447222,2026-06-26 16:18:50.848309,34.23,32.21,34.23,34.23,1016,20,3.66,34,0,0.0,Clear,clear sky,15
Táborfalva,47.098545,19.479318,2026-06-26 16:18:52.046767,34.23,32.21,34.23,34.23,1016,20,3.68,31,0,0.0,Clear,clear sky,15
Felsőlajos,47.068834,19.498415,2026-06-26 16:18:53.248772,34.3,32.28,34.3,34.3,1016,20,3.74,30,0,0.0,Clear,clear sky,15
Lajosmizse,47.028333,19.542778,2026-06-26 16:18:54.444303,34.43,32.42,34.43,34.43,1016,20,3.78,30,0,0.0,Clear,clear sky,15
Lajosmizse alsó,47.0225,19.550278,2026-06-26 16:18:55.637713,34.43,32.42,34.43,34.43,1016,20,3.78,30,0,0.0,Clear,clear sky,15
Klábertelep,47.005556,19.551667,2026-06-26 16:18:56.829849,34.46,32.45,34.46,34.46,1016,20,3.66,28,0,0.0,Clear,clear sky,15
Méntelek,46.978611,19.570833,2026-06-26 16:18:58.030287,34.56,32.56,34.56,34.56,1016,20,3.76,30,0,0.0,Clear,clear sky,15
Hetényegyháza,46.930833,19.595,2026-06-26 16:18:59.228087,34.76,32.78,34.76,34.76,1016,20,3.9,33,0,0.0,Clear,clear sky,15
Kecskemét-Máriaváros,46.901192,19.675913,2026-06-26 16:19:00.422908,37.09,35.51,35.97,37.09,1016,20,3.83,30,0,0.0,Clear,clear sky,15
Nyársapát,47.100278,19.7925,2026-06-26 16:19:01.619321,36.05,34.25,34.82,36.05,1016,20,3.29,359,0,0.0,Clear,clear sky,15
Nagykőrös,47.038333,19.76,2026-06-26 16:19:02.811959,34.8,32.82,34.8,34.8,1016,20,3.16,5,0,0.0,Clear,clear sky,15
Katonatelep,46.963056,19.718889,2026-06-26 16:19:04.005021,37.06,35.47,37.06,37.06,1016,20,3.34,20,0,0.0,Clear,clear sky,15
Kecskemét,46.913889,19.700833,2026-06-26 16:19:05.195323,37.09,35.51,35.97,37.09,1016,20,3.68,28,0,0.0,Clear,clear sky,15
Városföld,46.816667,19.753333,2026-06-26 16:19:06.398227,37.15,35.07,36.03,37.15,1016,17,3.94,22,0,0.0,Clear,clear sky,15
Kiskunfélegyháza,46.7067,19.83474,2026-06-26 16:19:07.588921,36.64,35.31,36.08,38.79,1016,22,4.16,14,0,0.0,Clear,clear sky,15
Petőfiszállás,46.617374,19.865229,2026-06-26 16:19:08.797246,36.62,35.29,36.12,38.83,1016,22,4.11,11,0,0.0,Clear,clear sky,15
Csengele,46.538321,19.909008,2026-06-26 16:19:09.989498,36.47,35.91,34.97,37.23,1016,26,3.89,9,0,0.0,Clear,clear sky,15
Kistelek,46.466944,19.966944,2026-06-26 16:19:11.188068,35.04,33.34,35.03,37.28,1016,22,3.5,12,3,0.0,Clear,clear sky,15
Balástya,46.413333,20.001389,2026-06-26 16:19:12.398265,35.03,33.33,35.03,35.03,1016,22,3.19,17,5,0.0,Clear,clear sky,15
Szatymaz,46.345621,20.04374,2026-06-26 16:19:13.593377,35.05,33.36,35.05,35.05,1016,22,2.24,31,7,0.0,Clear,clear sky,15
Kiskundorozsma,46.271667,20.090556,2026-06-26 16:19:14.785298,35.08,33.39,35.08,35.08,1015,22,2.72,37,8,0.0,Clear,clear sky,15
Szeged,46.239722,20.143056,2026-06-26 16:19:15.981838,35.06,33.37,35.06,35.06,1015,22,2.95,47,7,0.0,Clear,clear sky,15
Alsóúrrét,46.898392,19.779891,2026-06-26 16:19:17.176509,37.14,35.57,36.02,37.14,1016,20,3.53,18,0,0.0,Clear,clear sky,15
Nyárlőrinc,46.87,19.851389,2026-06-26 16:19:18.373641,36.69,35.19,36.05,38.75,1016,21,3.58,9,0,0.0,Clear,clear sky,15
Világoshegy,46.855278,19.940278,2026-06-26 16:19:19.565238,36.77,35.29,36.08,38.79,1016,21,3.76,350,1,0.0,Clear,clear sky,15
Szikra,46.858333,19.975,2026-06-26 16:19:20.760360,36.69,35.19,34.91,37.21,1016,21,3.76,350,1,0.0,Clear,clear sky,15
Lakitelek,46.873056,20.003611,2026-06-26 16:19:21.955214,36.76,35.1,34.95,37.25,1016,20,3.83,347,1,0.0,Clear,clear sky,15
Tiszaug,46.850556,20.074167,2026-06-26 16:19:23.150281,36.69,35.01,34.69,37.32,1016,20,3.97,346,1,0.0,Clear,clear sky,15
Tiszasas,46.826389,20.089167,2026-06-26 16:19:24.355250,36.82,35.17,36.1,37.3,1016,20,3.97,346,1,0.0,Clear,clear sky,15
Csépa,46.8125,20.134722,2026-06-26 16:19:25.550658,36.1,34.46,36.1,37.3,1016,21,3.84,352,1,0.0,Clear,clear sky,15
Szelevény,46.811944,20.196389,2026-06-26 16:19:26.748864,36.11,34.47,36.11,37.31,1016,21,3.73,355,2,0.0,Clear,clear sky,15
Gátér,46.685,19.9625,2026-06-26 16:19:27.947181,36.7,35.39,36.1,37.3,1016,22,4.2,3,0,0.0,Clear,clear sky,15
Kónyaszék,46.699931,20.074299,2026-06-26 16:19:29.137551,36.15,34.87,36.12,37.32,1016,23,4.0,360,1,0.0,Clear,clear sky,15
Csongrád,46.704444,20.140556,2026-06-26 16:19:30.332014,36.12,34.49,36.12,37.32,1015,21,3.78,5,2,0.0,Clear,clear sky,15
Hékéd,46.675,20.266667,2026-06-26 16:19:31.533509,36.12,34.49,36.12,38.91,1015,21,3.13,31,4,0.0,Clear,clear sky,15
Fábiánsebestyén,46.670278,20.456667,2026-06-26 16:19:32.732635,36.11,34.47,36.11,38.9,1015,21,3.99,51,5,0.0,Clear,clear sky,15
Gádoros,46.656711,20.588157,2026-06-26 16:19:33.926861,36.1,34.46,36.1,36.1,1015,21,4.42,59,4,0.0,Clear,clear sky,15
Justhmajor,46.62,20.615833,2026-06-26 16:19:35.117287,36.1,34.46,36.1,36.1,1015,21,4.56,60,3,0.0,Clear,clear sky,15
Szentetornya,46.590964,20.628334,2026-06-26 16:19:36.308172,36.09,34.45,36.09,36.09,1015,21,4.64,60,3,0.0,Clear,clear sky,15
Gyopárosfürdő,46.567784,20.630662,2026-06-26 16:19:37.501861,36.08,34.6,36.08,36.08,1016,22,4.75,61,2,0.0,Clear,clear sky,15
Szabadságliget,47.626123,18.893481,2026-06-26 16:19:38.693911,33.86,32.49,33.55,35.34,1017,26,1.15,283,0,0.0,Clear,clear sky,15
Röszke,46.19261,20.03055,2026-06-26 16:19:39.884262,35.08,33.39,35.08,36.88,1016,22,2.27,29,8,0.0,Clear,clear sky,15
Tószeg,47.098056,20.138333,2026-06-26 16:19:41.073450,35.01,35.6,35.01,35.01,1016,34,0.89,88,3,0.0,Clear,clear sky,15
Tiszavárkony,47.059444,20.143056,2026-06-26 16:19:42.271658,35.01,35.6,35.01,35.01,1016,34,0.89,88,3,0.0,Clear,clear sky,15
Tiszajenő-Vezseny,47.036319,20.142415,2026-06-26 16:19:43.465960,35.01,35.6,35.01,35.01,1016,34,0.89,88,3,0.0,Clear,clear sky,15
Újbög,46.962222,20.093889,2026-06-26 16:19:44.659731,34.97,35.53,34.97,38.86,1016,34,3.99,339,2,0.0,Clear,clear sky,15
Tiszakécske,46.937512,20.082016,2026-06-26 16:19:45.854879,34.99,35.56,34.65,37.28,1016,34,3.92,339,2,0.0,Clear,clear sky,15
Kerekdomb,46.906944,20.052778,2026-06-26 16:19:47.052865,35.18,33.25,34.64,37.28,1016,20,3.93,341,2,0.0,Clear,clear sky,15
Tiszaalpár,46.818611,19.982778,2026-06-26 16:19:48.246889,36.71,35.21,36.05,37.25,1016,21,3.98,352,0,0.0,Clear,clear sky,15
Tiszaalpár alsó,46.790897,19.951409,2026-06-26 16:19:49.450710,36.71,35.21,36.05,37.25,1016,21,4.03,356,0,0.0,Clear,clear sky,15
Tiszatenyő,47.134167,20.3725,2026-06-26 16:19:50.641609,35.01,35.6,35.01,35.01,1016,34,4.46,13,16,0.0,Clouds,few clouds,15
Pusztapó,47.091667,20.458333,2026-06-26 16:19:51.843590,35.01,33.06,35.01,35.01,1016,20,4.56,31,19,0.0,Clouds,few clouds,15
Kétpó,47.076944,20.487778,2026-06-26 16:19:53.041067,35.01,33.06,35.01,35.01,1015,20,4.57,35,17,0.0,Clouds,few clouds,15
Mezőtúr,47.0125,20.622778,2026-06-26 16:19:54.234876,34.13,32.1,34.13,34.13,1015,20,4.72,45,9,0.0,Clear,clear sky,15
Nagylapos,46.974167,20.750556,2026-06-26 16:19:55.431024,34.25,32.33,34.25,34.25,1015,21,4.65,54,1,0.0,Clear,clear sky,15
Gyoma,46.925833,20.821667,2026-06-26 16:19:56.622464,34.38,32.47,34.38,34.38,1015,21,4.66,59,0,0.0,Clear,clear sky,15
Csárdaszállás,46.861111,20.932778,2026-06-26 16:19:57.823537,33.33,31.44,33.33,33.33,1016,22,5.04,64,0,0.0,Clear,clear sky,15
Mezőberény,46.814722,21.013056,2026-06-26 16:19:59.015822,33.32,32.4,33.32,33.32,1016,30,5.23,63,0,0.0,Clear,clear sky,15
Murony,46.756944,21.038056,2026-06-26 16:20:00.211899,33.34,32.43,33.34,33.34,1016,30,5.32,61,0,0.0,Clear,clear sky,15
Békéscsaba,46.669722,21.081667,2026-06-26 16:20:01.403723,33.3,32.37,33.3,33.3,1016,30,0.89,344,0,0.0,Clear,clear sky,15
Kétegyháza,46.5325,21.171944,2026-06-26 16:20:02.595595,33.28,32.35,33.28,33.28,1016,30,5.44,70,0,0.0,Clear,clear sky,15
Lőkösháza,46.432222,21.2375,2026-06-26 16:20:03.790784,36.17,35.49,33.24,36.18,1016,26,5.49,65,0,0.0,Clear,clear sky,15
Kengyel,47.089722,20.339722,2026-06-26 16:20:04.992858,34.99,35.56,34.99,34.99,1016,34,4.37,6,12,0.0,Clouds,few clouds,15
Bagimajor,47.061111,20.316667,2026-06-26 16:20:06.188251,35.01,35.6,35.01,35.01,1016,34,4.18,359,7,0.0,Clear,clear sky,15
Martfű,47.019444,20.291667,2026-06-26 16:20:07.383863,34.99,35.56,34.99,34.99,1016,34,4.06,358,6,0.0,Clear,clear sky,15
Tiszaföldvár,46.975556,20.276389,2026-06-26 16:20:08.581452,34.99,35.56,34.99,34.99,1016,34,3.89,354,4,0.0,Clear,clear sky,15
Homok,46.9475,20.270278,2026-06-26 16:20:09.777708,35.0,35.58,35.0,38.88,1015,34,3.79,355,4,0.0,Clear,clear sky,15
Kungyalu,46.910833,20.2675,2026-06-26 16:20:10.971731,35.02,33.07,35.02,36.12,1015,20,3.71,357,3,0.0,Clear,clear sky,15
Kunszentmárton,46.848333,20.293333,2026-06-26 16:20:12.173032,38.89,36.53,36.1,38.89,1015,14,3.45,11,3,0.0,Clear,clear sky,15
Nagytőke,46.763333,20.291667,2026-06-26 16:20:13.369561,36.12,34.49,36.12,38.9,1015,21,3.44,21,4,0.0,Clear,clear sky,15
Szentes,46.657778,20.2725,2026-06-26 16:20:14.563688,36.12,34.49,36.12,38.91,1015,21,3.13,31,4,0.0,Clear,clear sky,15
Szegvár,46.588611,20.249444,2026-06-26 16:20:15.755931,36.12,34.49,36.12,38.91,1015,21,3.13,31,5,0.0,Clear,clear sky,15
Mindszent,46.524167,20.194167,2026-06-26 16:20:16.953674,36.13,34.5,36.13,38.92,1015,21,3.62,32,5,0.0,Clear,clear sky,15
Mártély,46.473333,20.236111,2026-06-26 16:20:18.154962,36.14,34.51,35.09,36.14,1015,21,3.66,42,6,0.0,Clear,clear sky,15
Pusztabánréve,46.939898,20.556809,2026-06-26 16:20:19.354338,34.49,32.49,34.49,34.49,1015,20,4.3,47,5,0.0,Clear,clear sky,15
Szarvas,46.860833,20.566667,2026-06-26 16:20:20.550796,34.71,32.72,34.71,34.71,1015,20,4.11,51,4,0.0,Clear,clear sky,15
Csabacsűd,46.823056,20.663333,2026-06-26 16:20:21.750457,34.78,32.92,34.78,34.78,1015,21,4.25,58,2,0.0,Clear,clear sky,15
Kisszénás,46.751389,20.721389,2026-06-26 16:20:22.946328,34.78,32.92,34.78,34.78,1015,21,4.51,62,0,0.0,Clear,clear sky,15
Kiscsákó,46.719167,20.717778,2026-06-26 16:20:24.140123,34.84,32.98,34.84,34.84,1015,21,4.59,62,0,0.0,Clear,clear sky,15
Nagyszénás,46.672778,20.674167,2026-06-26 16:20:25.341266,34.92,33.08,34.92,34.92,1015,21,4.53,62,2,0.0,Clear,clear sky,15
Kardoskút,46.498056,20.6975,2026-06-26 16:20:26.531701,34.9,33.32,34.9,34.9,1016,23,4.85,64,2,0.0,Clear,clear sky,15
Tótkomlós,46.409167,20.726944,2026-06-26 16:20:27.726728,34.6,33.25,34.6,34.6,1016,25,4.79,69,2,0.0,Clear,clear sky,15
Nagyér,46.365278,20.738333,2026-06-26 16:20:28.925003,34.44,33.2,34.44,34.44,1016,26,4.67,72,2,0.0,Clear,clear sky,15
Pitvaros,46.326175,20.746446,2026-06-26 16:20:30.127103,34.3,33.18,34.3,34.3,1016,27,4.69,74,1,0.0,Clear,clear sky,15
Dévaványa,47.033889,20.943333,2026-06-26 16:20:31.320880,33.85,32.0,33.85,33.85,1016,22,4.72,59,1,0.0,Clear,clear sky,15
Körösladány,46.97,21.085833,2026-06-26 16:20:32.512501,33.94,32.1,33.94,33.94,1016,22,4.92,64,1,0.0,Clear,clear sky,15
Szeghalom,47.015278,21.148333,2026-06-26 16:20:33.708982,33.76,32.0,33.76,33.76,1016,23,4.83,62,2,0.0,Clear,clear sky,15
Vésztő,46.938889,21.263611,2026-06-26 16:20:34.905118,33.94,32.21,33.94,33.94,1016,23,4.82,60,1,0.0,Clear,clear sky,15
Szeged-Rókus,46.266111,20.125278,2026-06-26 16:20:36.102622,35.08,33.39,35.08,35.08,1015,22,2.8,42,7,0.0,Clear,clear sky,15
Algyő,46.335556,20.196111,2026-06-26 16:20:37.296515,35.1,33.28,35.1,35.1,1015,21,3.33,48,7,0.0,Clear,clear sky,15
Hódmezővásárhelyi Népkert,46.403333,20.312778,2026-06-26 16:20:38.488983,36.13,34.5,36.13,36.13,1015,21,3.99,55,6,0.0,Clear,clear sky,15
Hódmezővásárhely,46.413333,20.34,2026-06-26 16:20:39.686203,36.12,34.49,36.12,36.12,1015,21,4.12,57,6,0.0,Clear,clear sky,15
Körmend,47.016389,16.599167,2026-06-26 16:20:40.882899,35.69,33.7,35.69,35.69,1017,19,4.35,3,0,0.0,Clear,clear sky,15
Szentgotthárd,46.957222,16.263056,2026-06-26 16:20:42.077855,35.79,34.58,35.79,35.79,1017,24,3.21,27,2,0.0,Clear,clear sky,15
Szombathely,47.237778,16.6325,2026-06-26 16:20:43.273217,33.37,31.39,33.37,33.37,1017,21,4.32,352,0,0.0,Clear,clear sky,15
Sáferkút,48.010278,19.071389,2026-06-26 16:20:44.469446,32.17,30.49,32.17,32.17,1017,25,1.55,80,3,0.0,Clear,clear sky,15
Magdolnavölgy,47.6475,18.818889,2026-06-26 16:20:45.671694,33.75,32.36,33.54,35.32,1017,26,1.01,261,0,0.0,Clear,clear sky,15
Haris,46.964722,16.2825,2026-06-26 16:20:46.862718,35.81,34.43,35.81,35.81,1017,23,3.13,24,2,0.0,Clear,clear sky,15
Egyházasrádóc,47.091389,16.62,2026-06-26 16:20:48.059569,35.41,33.51,35.41,35.41,1017,20,4.82,359,0,0.0,Clear,clear sky,15
Alsórönök,46.964167,16.379444,2026-06-26 16:20:49.280292,35.86,34.33,35.86,35.86,1017,22,3.08,18,2,0.0,Clear,clear sky,15
Szombathely-Szőlős,47.206389,16.641667,2026-06-26 16:20:50.472080,33.43,31.45,33.43,33.43,1017,21,4.47,354,0,0.0,Clear,clear sky,15
Rátót,46.9675,16.433056,2026-06-26 16:20:51.664238,35.15,33.34,35.15,35.15,1017,21,3.14,9,2,0.0,Clear,clear sky,15
Ják-Balogunyom,47.161389,16.630556,2026-06-26 16:20:52.860897,33.49,31.43,33.49,33.49,1017,20,4.76,357,0,0.0,Clear,clear sky,15
Vasvár,47.056944,16.800278,2026-06-26 16:20:54.056503,36.01,33.93,36.01,36.01,1016,18,4.12,15,0,0.0,Clear,clear sky,15
Répcelak,47.418889,17.008889,2026-06-26 16:20:55.249815,35.94,33.98,35.94,35.94,1016,19,4.57,42,0,0.0,Clear,clear sky,15
Rajka,47.995556,17.191389,2026-06-26 16:20:56.448472,37.32,39.25,35.03,37.76,1016,33,3.52,28,0,0.0,Clear,clear sky,15
Püspökmolnári,47.086111,16.7675,2026-06-26 16:20:57.647903,35.94,33.98,35.94,35.94,1016,19,4.61,6,0,0.0,Clear,clear sky,15
Kőszeg,47.382222,16.556389,2026-06-26 16:20:58.841943,32.97,33.32,32.97,32.97,1017,38,3.34,353,0,0.0,Clear,clear sky,15
Kastélypark,47.390278,18.988333,2026-06-26 16:21:00.033347,36.05,35.32,34.34,36.12,1016,26,0.89,56,0,0.0,Clear,clear sky,15
Hanságliget,47.72,17.215556,2026-06-26 16:21:01.223505,34.46,32.56,34.46,34.46,1016,21,3.25,45,0,0.0,Clear,clear sky,15
Vica,47.477778,17.111944,2026-06-26 16:21:02.414541,35.92,33.96,35.92,35.92,1016,19,4.39,50,0,0.0,Clear,clear sky,15
Vép,47.235833,16.7275,2026-06-26 16:21:03.609938,33.51,31.45,33.51,33.51,1017,20,4.36,357,0,0.0,Clear,clear sky,15
Mosonszolnok,47.8525,17.160278,2026-06-26 16:21:04.808787,34.63,32.75,34.43,37.82,1016,21,2.98,28,0,0.0,Clear,clear sky,15
Jánossomorja,47.789167,17.1375,2026-06-26 16:21:06.010438,34.43,34.26,34.43,34.43,1016,32,2.87,32,0,0.0,Clear,clear sky,15
Bősárkány,47.685556,17.234167,2026-06-26 16:21:07.201883,34.46,32.45,34.46,34.46,1016,20,3.34,50,0,0.0,Clear,clear sky,15
Szil-Sopronnémeti,47.533333,17.209444,2026-06-26 16:21:08.397281,34.41,32.3,34.41,34.41,1016,19,3.85,60,0,0.0,Clear,clear sky,15
Magyarkeresztúr-Zsebeháza,47.514167,17.176111,2026-06-26 16:21:09.591772,34.41,32.3,34.41,34.41,1016,19,4.0,57,0,0.0,Clear,clear sky,15
Páli-Vadosfa,47.4925,17.137778,2026-06-26 16:21:10.782078,34.39,32.28,34.39,34.39,1016,19,4.2,53,0,0.0,Clear,clear sky,15
Beled,47.466667,17.084444,2026-06-26 16:21:11.978696,35.92,33.96,35.92,35.92,1016,19,4.39,50,0,0.0,Clear,clear sky,15
Dénesfa,47.448611,17.054722,2026-06-26 16:21:13.177090,35.94,33.98,35.94,35.94,1016,19,4.54,44,0,0.0,Clear,clear sky,15
Csánig,47.430278,17.026111,2026-06-26 16:21:14.374641,35.94,33.98,35.94,35.94,1016,19,4.53,40,0,0.0,Clear,clear sky,15
Vámoscsalád,47.385556,16.961667,2026-06-26 16:21:15.570913,33.76,31.56,33.76,33.76,1016,18,4.46,35,0,0.0,Clear,clear sky,15
Vasegerszeg,47.375,16.928889,2026-06-26 16:21:16.762550,33.77,31.57,33.77,33.77,1016,18,4.27,26,0,0.0,Clear,clear sky,15
Hegyfalu,47.357778,16.898333,2026-06-26 16:21:17.957134,33.76,31.56,33.76,33.76,1016,18,4.27,26,0,0.0,Clear,clear sky,15
Pósfa,47.326944,16.855833,2026-06-26 16:21:19.151492,33.74,31.61,33.74,33.74,1016,19,4.13,21,0,0.0,Clear,clear sky,15
Ölbő-Alsószeleste,47.300556,16.843056,2026-06-26 16:21:20.353933,33.72,31.59,33.72,33.72,1016,19,4.04,15,0,0.0,Clear,clear sky,15
Gencsapáti felső,47.299722,16.593889,2026-06-26 16:21:21.547860,33.23,33.72,33.23,33.23,1017,38,3.72,349,0,0.0,Clear,clear sky,15
Lukácsháza alsó,47.326389,16.586389,2026-06-26 16:21:22.743923,33.17,33.63,33.17,33.17,1017,38,3.66,350,0,0.0,Clear,clear sky,15
Kőszegfalva,47.361667,16.567778,2026-06-26 16:21:23.941642,33.06,33.46,33.06,33.06,1017,38,3.4,351,0,0.0,Clear,clear sky,15
Gyöngyöshermán,47.202778,16.657222,2026-06-26 16:21:25.140983,33.45,31.47,33.45,33.45,1017,21,4.47,354,0,0.0,Clear,clear sky,15
Bezenye,47.973611,17.207222,2026-06-26 16:21:26.332899,37.3,39.21,35.04,37.77,1016,33,3.47,32,0,0.0,Clear,clear sky,15
Kámon,47.254534,16.625769,2026-06-26 16:21:27.528859,33.33,33.87,33.33,33.33,1017,38,4.19,351,0,0.0,Clear,clear sky,15
Sorkifalud,47.1375,16.719167,2026-06-26 16:21:28.727906,35.81,33.83,35.81,35.81,1016,19,4.78,1,0,0.0,Clear,clear sky,15
Szentléránt,47.12,16.735556,2026-06-26 16:21:29.928830,35.81,33.83,35.81,35.81,1016,19,4.78,1,0,0.0,Clear,clear sky,15
Pácsony,47.009722,16.833611,2026-06-26 16:21:31.131215,35.92,33.96,35.92,35.92,1016,19,3.24,25,0,0.0,Clear,clear sky,15
Győrvár,46.99,16.840556,2026-06-26 16:21:32.328738,35.92,33.96,35.92,35.92,1016,19,3.24,25,0,0.0,Clear,clear sky,15
Egervár-Vasboldogasszony,46.942222,16.862222,2026-06-26 16:21:33.522274,35.99,34.18,35.99,35.99,1016,20,2.13,49,0,0.0,Clear,clear sky,15
Zalaszentlőrinc,46.913889,16.8775,2026-06-26 16:21:34.721925,35.85,34.01,35.85,35.85,1016,20,1.76,67,0,0.0,Clear,clear sky,15
Gencsapáti alsó,47.285833,16.6,2026-06-26 16:21:35.924436,33.26,33.76,33.26,33.26,1017,38,3.8,349,0,0.0,Clear,clear sky,15
Gyöngyösfalu,47.316111,16.59,2026-06-26 16:21:37.119770,33.19,33.66,33.19,33.19,1017,38,3.72,349,0,0.0,Clear,clear sky,15
Lukácsháza,47.341111,16.580556,2026-06-26 16:21:38.321360,33.12,33.55,33.12,33.12,1017,38,3.44,350,0,0.0,Clear,clear sky,15
Horvátnádalja,47.005278,16.544444,2026-06-26 16:21:39.514380,35.64,33.77,35.64,35.64,1017,20,3.89,4,1,0.0,Clear,clear sky,15
Csákánydoroszló,46.978333,16.499722,2026-06-26 16:21:40.712269,35.44,33.54,35.44,35.44,1017,20,3.2,6,2,0.0,Clear,clear sky,15
Váckisújfalu,47.705,19.340278,2026-06-26 16:21:41.900862,35.2,33.83,35.2,35.2,1017,24,2.01,135,0,0.0,Clear,clear sky,15
Csisztafürdő,46.681411,17.561797,2026-06-26 16:21:43.105280,33.47,32.29,33.47,33.47,1017,28,2.18,70,0,0.0,Clear,clear sky,15
Mórágy,46.236021,18.627255,2026-06-26 16:21:44.305819,34.92,33.08,34.92,34.92,1017,21,1.25,325,0,0.0,Clear,clear sky,15
Kismacs,47.551111,21.542778,2026-06-26 16:21:45.504749,31.97,30.13,31.97,31.97,1016,23,3.87,23,3,0.0,Clear,clear sky,15
Pusztaszentistván,47.439869,19.470254,2026-06-26 16:21:46.695662,32.6,30.69,32.6,32.6,1017,22,3.11,41,0,0.0,Clear,clear sky,15
Aranyvölgy,47.573795,19.017489,2026-06-26 16:21:47.891485,35.28,34.46,34.19,35.97,1017,27,0.45,8,0,0.0,Clear,clear sky,15
Szélhegy,47.601111,18.928056,2026-06-26 16:21:49.085987,34.19,33.04,33.83,35.62,1017,27,1.36,298,0,0.0,Clear,clear sky,15
Vörösvárbánya,47.61,18.913611,2026-06-26 16:21:50.283200,34.11,32.94,33.79,35.57,1017,27,1.36,298,0,0.0,Clear,clear sky,15
Máriaszőlőtelep,46.702778,17.411911,2026-06-26 16:21:51.478123,33.99,32.79,33.99,33.99,1017,27,2.03,109,0,0.0,Clear,clear sky,15
Akadémiaújtelep,47.485724,19.22294,2026-06-26 16:21:52.682842,35.74,35.1,34.15,35.93,1017,27,2.48,47,0,0.0,Clear,clear sky,15
Újpalota,47.5316,19.126206,2026-06-26 16:21:53.878264,35.74,35.1,34.24,36.03,1017,27,0.45,8,0,0.0,Clear,clear sky,15
"Szeged, Somogyi utca",46.250464,20.147713,2026-06-26 16:21:55.074814,35.04,33.34,35.04,35.04,1015,22,3.0,47,7,0.0,Clear,clear sky,15
"Hódmezővásárhely, Hősök tere",46.412183,20.31759,2026-06-26 16:21:56.267729,36.12,34.49,36.12,36.12,1015,21,3.99,55,6,0.0,Clear,clear sky,15
"Hódmezővásárhely, Kossuth tér",46.41465,20.319727,2026-06-26 16:21:57.451754,36.12,34.49,36.12,36.12,1015,21,3.99,55,6,0.0,Clear,clear sky,15
"Hódmezővásárhely, Strandfürdő",46.409147,20.315671,2026-06-26 16:21:58.635979,36.12,34.49,36.12,36.12,1015,21,3.99,55,6,0.0,Clear,clear sky,15
"Szeged, Széchenyi tér",46.252683,20.14935,2026-06-26 16:21:59.820080,35.04,33.34,35.04,35.04,1015,22,3.0,47,7,0.0,Clear,clear sky,15
"Szeged, Anna-kút",46.256184,20.147587,2026-06-26 16:22:01.027563,35.04,33.34,35.04,35.04,1015,22,3.0,47,7,0.0,Clear,clear sky,15
"Szeged, Rókusi templom",46.259255,20.141771,2026-06-26 16:22:02.220711,35.06,33.37,35.06,35.06,1015,22,3.0,47,7,0.0,Clear,clear sky,15
"Hódmezővásárhely, Kálvin János tér",46.416677,20.328532,2026-06-26 16:22:03.410674,36.12,34.49,36.12,36.12,1015,21,4.12,57,6,0.0,Clear,clear sky,15
Hódmezővásárhely vasútállomás,46.413242,20.338701,2026-06-26 16:22:04.596419,36.12,34.49,36.12,36.12,1015,21,4.12,57,6,0.0,Clear,clear sky,15
"Szeged, Tavasz utca",46.260715,20.139055,2026-06-26 16:22:05.779977,35.06,33.37,35.06,35.06,1015,22,3.0,47,7,0.0,Clear,clear sky,15
"Szeged, Damjanich utca",46.262753,20.135248,2026-06-26 16:22:06.963875,35.06,33.37,35.06,35.06,1015,22,3.0,47,7,0.0,Clear,clear sky,15
"Szeged, Vásárhelyi Pál utca",46.264173,20.131109,2026-06-26 16:22:08.161085,35.08,33.39,35.08,35.08,1015,22,3.0,47,7,0.0,Clear,clear sky,15
"Szeged, Bécsi körút ",46.243459,20.143809,2026-06-26 16:22:09.344994,35.06,33.37,35.06,35.06,1015,22,2.95,47,7,0.0,Clear,clear sky,15
Hódmezővásárhelyi Népkert vasútállomás,46.403733,20.312986,2026-06-26 16:22:10.528949,36.13,34.5,36.13,36.13,1015,21,3.99,55,6,0.0,Clear,clear sky,15
Szeged vasútállomás,46.239789,20.142561,2026-06-26 16:22:11.712202,35.06,33.37,35.06,35.06,1015,22,2.95,47,7,0.0,Clear,clear sky,15
"Szeged, Bem utca",46.240198,20.141247,2026-06-26 16:22:12.896115,35.06,33.37,35.06,35.06,1015,22,2.95,47,7,0.0,Clear,clear sky,15
"Szeged, Galamb utca",46.24153,20.142297,2026-06-26 16:22:14.082466,35.06,33.37,35.06,35.06,1015,22,2.95,47,7,0.0,Clear,clear sky,15
"Szeged, Aradi vértanúk tere",46.247839,20.147,2026-06-26 16:22:15.267086,35.04,33.34,35.04,35.04,1015,22,3.0,47,7,0.0,Clear,clear sky,15
"Szeged, Pulz utca",46.264452,20.126061,2026-06-26 16:22:16.451189,35.08,33.39,35.08,35.08,1015,22,3.0,47,7,0.0,Clear,clear sky,15
"Szeged, Rókus vasútállomás",46.266107,20.125686,2026-06-26 16:22:17.637075,35.08,33.39,35.08,35.08,1015,22,2.8,42,7,0.0,Clear,clear sky,15
Látókép,47.55787,21.524373,2026-06-26 16:22:18.834742,31.97,30.13,31.97,31.97,1016,23,3.87,23,3,0.0,Clear,clear sky,15
Szentmihálytelek,46.2229,20.0808,2026-06-26 16:22:20.027866,35.08,33.39,35.08,35.08,1016,22,2.58,38,7,0.0,Clear,clear sky,15
Kisvarsány,48.144356,22.297397,2026-06-26 16:22:21.222904,31.5,29.98,31.5,31.5,1016,27,6.09,17,13,0.0,Clouds,few clouds,15
