station_name,station_lat,station_lon,observation_time,temp,feels_like,temp_min,temp_max,pressure,humidity,wind_speed,wind_deg,clouds,precipitation_1h,weather_main,weather_description,collection_hour
Búcsúszentlászló,46.793056,16.932778,2026-08-02 18:33:08.437359,28.18,26.95,28.18,28.18,1013,23,3.94,21,9,0.0,Clear,clear sky,18
Angyalföld,47.549722,19.09,2026-08-02 18:33:09.592862,33.98,33.26,33.98,33.98,1013,30,3.94,89,52,0.0,Clouds,broken clouds,18
Felsőjánosfa,46.841389,16.544167,2026-08-02 18:33:10.747334,27.87,27.69,27.87,27.87,1013,42,2.75,16,5,0.0,Clear,clear sky,18
Pankasz,46.835833,16.496111,2026-08-02 18:33:11.903378,28.19,28.06,28.19,28.19,1013,43,2.75,11,4,0.0,Clear,clear sky,18
Nagyrákos,46.827222,16.455556,2026-08-02 18:33:13.058228,28.18,28.05,28.18,28.18,1013,43,2.76,8,4,0.0,Clear,clear sky,18
Őriszentpéter,46.828889,16.415278,2026-08-02 18:33:14.212471,28.32,28.27,28.32,28.32,1013,44,2.79,3,2,0.0,Clear,clear sky,18
Törökbálint,47.45,18.908611,2026-08-02 18:33:15.377076,29.12,28.1,29.12,29.12,1013,32,3.6,72,73,0.0,Clouds,broken clouds,18
Bicske alsó,47.486389,18.642778,2026-08-02 18:33:16.536372,29.05,28.48,29.05,29.05,1013,38,3.32,11,93,0.0,Clouds,overcast clouds,18
Bajánsenye,46.818056,16.358056,2026-08-02 18:33:17.691494,28.48,28.52,28.48,28.48,1013,45,2.91,359,2,0.0,Clear,clear sky,18
Aquincum,47.566218,19.048273,2026-08-02 18:33:18.846406,34.0,34.47,34.0,34.0,1013,36,2.42,80,95,0.0,Clouds,overcast clouds,18
Piliscsév,47.673889,18.791389,2026-08-02 18:33:20.000113,28.73,28.26,28.73,28.73,1014,39,2.07,348,100,0.0,Clouds,overcast clouds,18
Tát,47.741201,18.64783,2026-08-02 18:33:21.151742,28.6,28.74,28.6,28.6,1014,46,1.33,13,77,0.0,Clouds,broken clouds,18
Süttő felső,47.756667,18.437222,2026-08-02 18:33:22.306733,28.26,28.56,28.26,28.26,1014,48,2.56,25,64,0.0,Clouds,broken clouds,18
Budatétény,47.405,19.016389,2026-08-02 18:33:23.468347,34.04,34.32,34.04,34.04,1013,35,5.21,85,49,0.0,Clouds,scattered clouds,18
Seregélyes-Szőlőhegy,47.119444,18.612222,2026-08-02 18:33:24.624244,29.42,27.96,29.42,29.42,1012,25,2.57,29,31,0.0,Clouds,scattered clouds,18
Gödöllő-Állami telepek,47.564444,19.375556,2026-08-02 18:33:25.777107,33.49,32.62,30.08,33.49,1013,30,5.75,89,0,0.0,Clear,clear sky,18
Dunakeszi alsó,47.607778,19.128889,2026-08-02 18:33:26.930881,30.56,30.36,30.56,33.97,1013,40,3.23,87,41,0.0,Clouds,scattered clouds,18
Vác-Alsóváros,47.773056,19.149722,2026-08-02 18:33:28.091516,28.33,28.36,28.33,28.33,1014,45,2.23,37,37,0.0,Clouds,scattered clouds,18
Szob alsó,47.816667,18.8725,2026-08-02 18:33:29.247152,28.39,28.34,28.39,28.39,1014,44,1.59,354,93,0.0,Clouds,overcast clouds,18
Zalaszentmihály-Pacsa,46.7225,16.951944,2026-08-02 18:33:30.404676,28.09,26.89,28.09,28.09,1013,23,3.63,21,5,0.0,Clear,clear sky,18
Pötréte,46.682778,16.9575,2026-08-02 18:33:31.557833,28.09,26.89,28.09,28.09,1012,23,3.15,21,0,0.0,Clear,clear sky,18
Felsőrajk,46.667222,16.982778,2026-08-02 18:33:32.716450,28.15,27.6,28.15,28.15,1012,37,3.23,21,0,0.0,Clear,clear sky,18
Gelse,46.600556,16.982778,2026-08-02 18:33:33.871485,28.15,27.36,28.15,28.15,1012,33,2.33,25,0,0.0,Clear,clear sky,18
Őrtilos,46.297778,16.887778,2026-08-02 18:33:35.033982,28.27,27.12,28.27,28.27,1012,26,1.3,351,78,0.0,Clouds,broken clouds,18
Zákány,46.251944,16.9425,2026-08-02 18:33:36.202831,28.57,27.2,28.57,28.57,1012,22,1.06,64,100,0.0,Clouds,overcast clouds,18
Berzence,46.201389,17.143611,2026-08-02 18:33:37.361312,29.53,27.89,29.53,29.53,1012,21,2.32,109,100,0.0,Clouds,overcast clouds,18
Somogyudvarhely,46.163333,17.179722,2026-08-02 18:33:38.517562,29.61,27.96,29.61,29.61,1012,21,2.39,115,100,0.0,Clouds,overcast clouds,18
Bélavár,46.122778,17.207778,2026-08-02 18:33:39.672916,29.78,28.09,29.78,29.78,1012,21,2.46,125,100,0.0,Clouds,overcast clouds,18
Vízvár,46.101389,17.239444,2026-08-02 18:33:40.835075,29.77,28.08,29.77,29.77,1012,21,2.54,130,100,0.0,Clouds,overcast clouds,18
Babócsa,46.028359,17.342276,2026-08-02 18:33:41.990711,29.87,28.2,29.87,29.87,1012,22,2.71,135,100,0.0,Clouds,overcast clouds,18
Péterhida-Komlósd,46.006667,17.358056,2026-08-02 18:33:43.144093,29.95,28.27,29.95,29.95,1012,22,2.71,137,100,0.0,Clouds,overcast clouds,18
Barcs,45.951944,17.446944,2026-08-02 18:33:44.309181,29.79,28.17,29.79,29.79,1012,23,2.67,137,90,0.0,Clouds,overcast clouds,18
Barcs felső,45.958333,17.486389,2026-08-02 18:33:45.463103,29.69,28.09,29.69,29.69,1012,23,2.73,135,86,0.0,Clouds,overcast clouds,18
Középrigóc,45.970556,17.525,2026-08-02 18:33:46.618540,29.58,28.0,29.58,29.58,1012,23,2.79,132,81,0.0,Clouds,broken clouds,18
Darány,45.992222,17.598611,2026-08-02 18:33:47.792874,29.54,27.97,29.54,29.54,1012,23,3.09,121,59,0.0,Clouds,broken clouds,18
Kisdobsza,46.012222,17.668056,2026-08-02 18:33:48.947252,29.49,27.93,29.49,29.49,1012,23,3.31,115,38,0.0,Clouds,scattered clouds,18
Nemeske,46.023333,17.705278,2026-08-02 18:33:50.107175,29.48,27.92,29.48,29.48,1012,23,3.39,113,30,0.0,Clouds,scattered clouds,18
Molvány,46.035278,17.748611,2026-08-02 18:33:51.282955,29.32,27.84,29.32,29.32,1012,24,3.49,109,12,0.0,Clouds,few clouds,18
Szigetvár,46.043333,17.801944,2026-08-02 18:33:52.436693,29.29,27.81,29.29,29.29,1012,24,3.53,107,8,0.0,Clear,clear sky,18
Nagypeterd,46.039444,17.871667,2026-08-02 18:33:53.597151,29.3,27.82,29.3,29.3,1012,24,3.55,103,3,0.0,Clear,clear sky,18
Szentdénes,46.036667,17.926944,2026-08-02 18:33:54.756457,29.27,27.8,29.27,29.27,1012,24,3.54,101,2,0.0,Clear,clear sky,18
Háros,47.412222,19.035,2026-08-02 18:33:55.910439,30.59,30.39,30.59,34.0,1013,40,5.21,85,49,0.0,Clouds,scattered clouds,18
Nagytétény-Diósd,47.398333,18.974444,2026-08-02 18:33:57.078849,30.62,30.43,30.62,34.04,1013,40,5.04,81,43,0.0,Clouds,scattered clouds,18
Érdliget,47.390278,18.937778,2026-08-02 18:33:58.245264,30.54,30.33,30.54,33.95,1013,40,4.58,77,47,0.0,Clouds,scattered clouds,18
Érd felső,47.381111,18.922222,2026-08-02 18:33:59.400394,30.51,30.3,30.51,30.51,1013,40,4.12,71,50,0.0,Clouds,scattered clouds,18
Érd,47.369722,18.900833,2026-08-02 18:34:00.555397,30.47,30.25,30.47,30.47,1013,40,4.32,70,40,0.0,Clouds,scattered clouds,18
Százhalombatta,47.322222,18.899167,2026-08-02 18:34:01.711625,30.45,29.44,30.45,30.45,1012,33,4.58,70,26,0.0,Clouds,scattered clouds,18
Dunai Finomító,47.294444,18.878889,2026-08-02 18:34:02.893677,30.29,29.11,30.29,30.29,1013,31,3.88,56,33,0.0,Clouds,scattered clouds,18
Ercsi,47.247222,18.875278,2026-08-02 18:34:04.054814,30.52,29.25,30.52,30.52,1012,30,3.91,59,33,0.0,Clouds,scattered clouds,18
Iváncsa,47.177778,18.811944,2026-08-02 18:34:05.210690,29.31,27.92,29.31,29.31,1012,26,3.21,60,59,0.0,Clouds,broken clouds,18
Pusztaszabolcs,47.139722,18.761667,2026-08-02 18:34:06.364735,29.47,27.96,29.47,29.47,1012,24,2.8,72,76,0.0,Clouds,broken clouds,18
Szabadegyháza,47.082778,18.704167,2026-08-02 18:34:07.519947,29.49,27.9,29.49,29.49,1012,22,2.18,81,76,0.0,Clouds,broken clouds,18
Sárosd,47.039722,18.660278,2026-08-02 18:34:08.676274,29.46,27.91,29.46,29.46,1012,23,1.57,73,53,0.0,Clouds,broken clouds,18
Nagylók,46.979444,18.635833,2026-08-02 18:34:09.829518,29.43,27.85,29.43,29.43,1012,22,1.82,130,59,0.0,Clouds,broken clouds,18
Sárbogárd,46.896944,18.611944,2026-08-02 18:34:10.985089,29.69,28.05,29.69,29.69,1012,22,2.57,157,48,0.0,Clouds,scattered clouds,18
Rétszilas,46.814167,18.601389,2026-08-02 18:34:12.138706,29.88,28.25,29.88,29.88,1012,23,3.58,166,48,0.0,Clouds,scattered clouds,18
Nagyatád,46.228611,17.354167,2026-08-02 18:34:13.304441,29.45,27.9,29.45,29.45,1012,23,2.42,109,89,0.0,Clouds,overcast clouds,18
Budapest-Keleti,47.500278,19.084167,2026-08-02 18:34:14.459550,30.54,30.33,30.54,33.95,1013,40,1.79,324,67,0.0,Clouds,broken clouds,18
Ferencváros,47.468611,19.088056,2026-08-02 18:34:15.612439,30.56,30.36,30.56,33.97,1013,40,1.79,324,59,0.0,Clouds,broken clouds,18
Budapest-Nyugati,47.510833,19.0575,2026-08-02 18:34:16.768671,30.55,30.34,30.55,33.97,1013,40,1.79,324,74,0.0,Clouds,broken clouds,18
Kőbánya felső,47.491944,19.133889,2026-08-02 18:34:17.929979,30.48,30.26,30.48,33.89,1013,40,5.29,89,34,0.0,Clouds,scattered clouds,18
Rákos,47.488889,19.174722,2026-08-02 18:34:19.083589,33.86,33.1,30.44,33.86,1013,30,5.53,88,24,0.0,Clouds,few clouds,18
Rákosrendező,47.525556,19.089444,2026-08-02 18:34:20.255103,30.58,30.38,30.58,34.0,1013,40,1.79,324,49,0.0,Clouds,scattered clouds,18
Zugló,47.511389,19.101389,2026-08-02 18:34:21.410678,30.54,30.33,30.54,33.96,1013,40,1.79,324,49,0.0,Clouds,scattered clouds,18
Mezőtárkány,47.725,20.480278,2026-08-02 18:34:22.571426,28.36,29.4,28.36,28.36,1015,55,9.14,55,97,0.0,Clouds,overcast clouds,18
Istvántelek,47.550278,19.106389,2026-08-02 18:34:23.724759,30.57,30.37,30.57,33.99,1013,40,3.94,89,52,0.0,Clouds,broken clouds,18
Rákospalota-Újpest,47.565833,19.111944,2026-08-02 18:34:24.876964,30.56,30.36,30.56,33.98,1013,40,3.4,87,55,0.0,Clouds,broken clouds,18
Kőbánya alsó,47.483056,19.127222,2026-08-02 18:34:26.030851,30.49,30.27,30.49,33.91,1013,40,5.29,89,34,0.0,Clouds,scattered clouds,18
Kőbánya-Kispest,47.463889,19.149444,2026-08-02 18:34:27.192469,33.91,33.17,30.49,33.91,1013,30,5.75,89,32,0.0,Clouds,scattered clouds,18
Pestszentlőrinc,47.454722,19.182778,2026-08-02 18:34:28.350265,33.85,33.09,30.43,33.85,1013,30,6.34,88,24,0.0,Clouds,few clouds,18
Kispest,47.448135,19.157552,2026-08-02 18:34:29.510337,33.91,33.17,30.5,33.91,1013,30,6.14,89,30,0.0,Clouds,scattered clouds,18
Újpest,47.558889,19.079722,2026-08-02 18:34:30.665748,30.57,30.37,30.57,33.99,1013,40,1.79,324,79,0.0,Clouds,broken clouds,18
Pestszentimre felső,47.413611,19.173333,2026-08-02 18:34:31.825503,33.94,33.21,30.53,33.94,1013,30,6.65,88,25,0.0,Clouds,scattered clouds,18
Dunakeszi,47.626111,19.136111,2026-08-02 18:34:32.987783,30.47,30.25,30.47,33.88,1013,40,2.74,84,43,0.0,Clouds,scattered clouds,18
Dunakeszi-Gyártelep,47.643611,19.135,2026-08-02 18:34:34.144448,30.51,30.3,30.51,33.93,1013,40,2.33,80,43,0.0,Clouds,scattered clouds,18
Alsógöd,47.676944,19.134444,2026-08-02 18:34:35.299676,30.51,30.43,30.51,33.92,1014,41,2.01,72,43,0.0,Clouds,scattered clouds,18
Göd,47.687778,19.1375,2026-08-02 18:34:36.456101,30.53,30.45,30.53,33.94,1014,41,2.01,72,43,0.0,Clouds,scattered clouds,18
Felsőgöd,47.705556,19.143333,2026-08-02 18:34:37.612276,30.57,30.64,30.57,33.99,1014,42,1.84,62,43,0.0,Clouds,scattered clouds,18
Sződ-Sződliget,47.728056,19.154722,2026-08-02 18:34:38.770880,30.56,30.77,30.56,30.56,1014,43,1.82,52,42,0.0,Clouds,scattered clouds,18
Vác,47.782778,19.133056,2026-08-02 18:34:39.924906,28.33,28.36,28.33,28.33,1014,45,2.23,37,37,0.0,Clouds,scattered clouds,18
Verőce,47.823889,19.029444,2026-08-02 18:34:41.079919,27.43,27.5,27.43,27.43,1014,45,2.44,18,60,0.0,Clouds,broken clouds,18
Kismaros,47.8275,19.010278,2026-08-02 18:34:42.232238,26.67,26.82,26.67,26.67,1014,44,2.24,16,67,0.0,Clouds,broken clouds,18
Nagymaros-Visegrád,47.791389,18.959167,2026-08-02 18:34:43.389238,27.37,27.32,27.37,27.37,1014,43,1.96,355,92,0.0,Clouds,overcast clouds,18
Nagymaros,47.780278,18.952222,2026-08-02 18:34:44.547041,27.37,27.32,27.37,27.37,1014,43,1.96,355,92,0.0,Clouds,overcast clouds,18
Zebegény,47.801389,18.908889,2026-08-02 18:34:45.705651,27.94,27.82,27.94,27.94,1014,43,1.85,359,88,0.0,Clouds,overcast clouds,18
Szob,47.821111,18.861944,2026-08-02 18:34:46.862650,27.67,27.64,27.67,27.67,1014,44,1.4,7,83,0.0,Clouds,broken clouds,18
Alagimajor,47.601944,19.153889,2026-08-02 18:34:48.015441,30.51,30.3,30.51,33.93,1013,40,3.23,87,41,0.0,Clouds,scattered clouds,18
Fót,47.611389,19.181667,2026-08-02 18:34:49.173840,33.82,33.05,30.41,33.82,1013,30,3.12,87,28,0.0,Clouds,scattered clouds,18
Fótújfalu,47.615,19.192778,2026-08-02 18:34:50.329502,30.28,30.02,30.28,30.3,1013,40,3.12,87,28,0.0,Clouds,scattered clouds,18
Csomád,47.635556,19.222778,2026-08-02 18:34:51.484580,30.01,29.7,30.01,30.03,1013,40,3.48,88,15,0.0,Clouds,few clouds,18
Veresegyház,47.649167,19.288611,2026-08-02 18:34:52.639881,30.16,29.88,30.16,30.18,1013,40,4.23,91,0,0.0,Clear,clear sky,18
Erdőkertes,47.662222,19.295833,2026-08-02 18:34:53.792697,30.11,30.19,30.11,30.14,1013,43,4.23,91,0,0.0,Clear,clear sky,18
Őrbottyán,47.685833,19.283611,2026-08-02 18:34:54.949307,30.03,30.22,30.03,33.47,1013,44,3.95,90,0,0.0,Clear,clear sky,18
Váchartyán,47.725833,19.248889,2026-08-02 18:34:56.104640,30.39,30.84,30.39,33.83,1013,45,3.13,81,0,0.0,Clear,clear sky,18
Magyarkút-Verőce,47.826111,19.044444,2026-08-02 18:34:57.259674,30.51,31.0,30.51,30.51,1014,45,2.44,18,60,0.0,Clouds,broken clouds,18
Szokolya,47.871111,19.030556,2026-08-02 18:34:58.415617,26.45,26.45,26.45,26.45,1015,46,3.03,34,42,0.0,Clouds,scattered clouds,18
Berkenye,47.885278,19.071944,2026-08-02 18:34:59.566275,27.17,27.33,27.17,27.17,1015,46,3.33,33,36,0.0,Clouds,scattered clouds,18
Nógrád,47.901944,19.0475,2026-08-02 18:35:00.721554,26.67,26.96,26.67,26.67,1015,47,3.42,41,33,0.0,Clouds,scattered clouds,18
Diósjenő,47.94,19.049444,2026-08-02 18:35:01.875367,26.16,26.16,26.16,26.16,1015,47,3.86,47,24,0.0,Clouds,few clouds,18
Borsosberény,47.971389,19.093056,2026-08-02 18:35:03.027397,26.76,27.14,26.76,26.76,1015,49,5.28,42,9,0.0,Clear,clear sky,18
Nagyoroszi,47.993611,19.101111,2026-08-02 18:35:04.186675,26.48,26.48,26.48,26.48,1015,49,5.71,45,5,0.0,Clear,clear sky,18
Drégelyvár,48.001944,19.079444,2026-08-02 18:35:05.342715,26.61,26.61,26.61,26.61,1015,48,5.55,55,3,0.0,Clear,clear sky,18
Drégely,48.042222,19.056111,2026-08-02 18:35:06.499776,26.87,27.24,26.87,26.87,1015,49,5.9,58,0,0.0,Clear,clear sky,18
Drégelypalánk,48.055,19.046111,2026-08-02 18:35:07.658886,26.89,27.2,26.89,26.89,1015,48,6.01,64,0,0.0,Clear,clear sky,18
Ipolyvece,48.056944,19.106389,2026-08-02 18:35:08.815419,26.89,27.31,26.89,26.89,1015,50,6.59,53,0,0.0,Clear,clear sky,18
Dejtár,48.045556,19.196389,2026-08-02 18:35:09.968751,26.95,27.43,26.95,26.95,1015,51,6.71,44,3,0.0,Clear,clear sky,18
Ipolyszög,48.054444,19.221944,2026-08-02 18:35:11.121366,26.89,27.43,26.89,26.89,1015,52,6.94,44,5,0.0,Clear,clear sky,18
Iklad-Domony,47.658056,19.444444,2026-08-02 18:35:12.278118,33.86,36.54,33.86,33.86,1013,45,5.63,91,1,0.0,Clear,clear sky,18
Iklad-Domony felső,47.667778,19.428056,2026-08-02 18:35:13.431544,33.84,36.5,30.4,33.84,1013,45,5.24,92,0,0.0,Clear,clear sky,18
Galgamácsa,47.693889,19.3925,2026-08-02 18:35:14.588395,33.83,36.48,30.39,33.83,1013,45,4.45,91,0,0.0,Clear,clear sky,18
Vácrátót,47.732778,19.217778,2026-08-02 18:35:15.744339,30.31,30.58,30.31,33.75,1014,44,2.4,71,18,0.0,Clouds,few clouds,18
Csörög,47.735833,19.196389,2026-08-02 18:35:16.901239,30.31,30.58,30.31,30.31,1014,44,2.08,63,30,0.0,Clouds,scattered clouds,18
Galgagyörk,47.735278,19.372222,2026-08-02 18:35:18.055203,33.73,36.58,30.29,33.73,1013,46,4.24,88,0,0.0,Clear,clear sky,18
Püspökhatvan,47.768611,19.366944,2026-08-02 18:35:19.209555,28.0,28.19,28.0,28.0,1014,47,3.99,78,0,0.0,Clear,clear sky,18
Acsa-Erdőkürt,47.801111,19.386111,2026-08-02 18:35:20.362454,27.73,27.99,27.73,27.73,1014,48,4.0,70,0,0.0,Clear,clear sky,18
Galgaguta,47.848611,19.385556,2026-08-02 18:35:21.521387,27.23,27.64,27.23,27.23,1014,50,4.38,54,0,0.0,Clear,clear sky,18
Nógrádkövesd,47.879444,19.371111,2026-08-02 18:35:22.678048,27.28,27.69,27.28,27.28,1014,50,4.72,48,0,0.0,Clear,clear sky,18
Magyarnándor,47.970833,19.356667,2026-08-02 18:35:23.847677,26.8,27.35,26.8,26.8,1015,52,5.98,36,1,0.0,Clear,clear sky,18
Mohora,47.995556,19.347778,2026-08-02 18:35:25.010474,26.81,27.41,26.81,26.81,1015,53,6.33,36,4,0.0,Clear,clear sky,18
Szügy,48.036389,19.333056,2026-08-02 18:35:26.164534,26.85,27.51,26.85,26.85,1015,54,6.75,37,10,0.0,Clear,clear sky,18
Balassagyarmat,48.071111,19.293611,2026-08-02 18:35:27.323361,26.82,27.48,26.82,26.82,1015,54,6.9,40,11,0.0,Clouds,few clouds,18
Őrhalom,48.078773,19.403936,2026-08-02 18:35:28.477457,26.55,26.55,26.55,26.55,1015,57,6.36,43,21,0.0,Clouds,few clouds,18
Hugyag,48.083056,19.421111,2026-08-02 18:35:29.633180,26.55,26.55,26.55,26.55,1015,57,6.36,43,21,0.15,Rain,light rain,18
Szécsény,48.093056,19.521111,2026-08-02 18:35:30.790952,26.9,27.82,26.9,26.9,1015,58,5.88,48,25,0.0,Clouds,scattered clouds,18
Ludányhalászi,48.1325,19.529444,2026-08-02 18:35:31.944971,26.7,27.71,26.7,26.7,1016,60,5.84,54,36,0.0,Clouds,scattered clouds,18
Nógrádszakál,48.178333,19.521667,2026-08-02 18:35:33.097987,26.57,26.57,26.57,26.57,1016,61,5.79,57,41,0.0,Clouds,scattered clouds,18
Ráróspuszta,48.207222,19.541389,2026-08-02 18:35:34.251584,25.86,26.12,25.86,25.86,1016,62,5.57,62,51,0.0,Clouds,broken clouds,18
Litke,48.215833,19.598611,2026-08-02 18:35:35.409521,26.47,26.47,26.47,26.47,1016,64,5.65,65,67,0.0,Clouds,broken clouds,18
Nyíregyháza külső,47.943056,21.740278,2026-08-02 18:35:36.563323,27.37,28.31,27.37,27.37,1015,57,5.29,12,68,0.0,Clouds,broken clouds,18
Oros,47.945833,21.806389,2026-08-02 18:35:37.716522,27.32,28.25,27.32,27.32,1015,57,5.04,10,79,0.0,Clouds,broken clouds,18
Napkor,47.948889,21.873056,2026-08-02 18:35:38.870187,27.14,28.03,27.14,27.14,1015,57,4.63,6,78,0.15,Rain,light rain,18
Apagy,47.953775,21.939044,2026-08-02 18:35:40.022147,27.09,27.98,27.09,27.09,1015,57,4.52,5,75,0.0,Clouds,broken clouds,18
Levelek-Magy,47.948056,21.993611,2026-08-02 18:35:41.194358,26.94,27.8,26.94,26.94,1015,57,4.33,4,65,0.0,Clouds,broken clouds,18
Ófehértó,47.940556,22.041389,2026-08-02 18:35:42.354458,26.87,27.66,26.87,26.87,1015,56,4.25,5,57,0.0,Clouds,broken clouds,18
Ligettanya,47.951667,22.071389,2026-08-02 18:35:43.514126,26.67,27.44,26.67,26.67,1015,56,4.1,3,43,0.0,Clouds,scattered clouds,18
Baktalórántháza,47.988611,22.083333,2026-08-02 18:35:44.673110,26.62,26.62,26.62,26.62,1015,57,4.16,1,43,0.0,Clouds,scattered clouds,18
Vaja-Rohod,48.006389,22.164167,2026-08-02 18:35:45.826631,26.51,26.51,26.51,26.51,1015,57,4.08,359,25,0.0,Clouds,scattered clouds,18
Rákóczitanya,48.022222,22.178333,2026-08-02 18:35:46.983465,26.44,26.44,26.44,26.44,1015,56,3.99,0,17,0.0,Clouds,few clouds,18
Nyírmada,48.059167,22.203056,2026-08-02 18:35:48.137790,26.36,26.36,26.36,26.36,1015,58,4.11,356,15,0.0,Clouds,few clouds,18
Tunyogmatolcs,47.960244,22.442247,2026-08-02 18:35:49.295441,26.66,26.66,26.66,26.66,1015,50,3.2,35,0,0.0,Clear,clear sky,18
Tunyogmatolcs alsó,47.966025,22.464713,2026-08-02 18:35:50.448425,26.69,27.08,26.69,26.69,1015,49,3.22,41,0,0.0,Clear,clear sky,18
Fehérgyarmat,47.979167,22.524444,2026-08-02 18:35:51.599783,26.74,27.12,26.74,26.74,1015,49,3.15,54,2,0.0,Clear,clear sky,18
Penyige,47.995278,22.566944,2026-08-02 18:35:52.762518,26.82,27.19,26.82,26.82,1015,49,3.29,59,4,0.0,Clear,clear sky,18
Nagyszekeres,47.976111,22.6125,2026-08-02 18:35:53.948488,26.9,27.27,26.9,26.9,1015,49,3.44,64,5,0.0,Clear,clear sky,18
Kisszekeres,47.965833,22.629444,2026-08-02 18:35:55.101879,27.07,27.36,27.07,27.07,1015,48,3.83,65,7,0.0,Clear,clear sky,18
Jánkmajtis,47.941944,22.657222,2026-08-02 18:35:56.263450,27.32,27.59,27.32,27.32,1014,48,4.37,68,12,0.0,Clouds,few clouds,18
Gacsály,47.926111,22.745,2026-08-02 18:35:57.418850,28.93,29.34,28.93,28.93,1014,48,4.72,72,16,0.0,Clouds,few clouds,18
Zajta,47.9025,22.796111,2026-08-02 18:35:58.581060,28.92,29.33,28.92,28.92,1014,48,5.05,71,25,0.0,Clouds,scattered clouds,18
Eperjeske alsó,48.360556,22.19,2026-08-02 18:35:59.740719,25.7,26.05,25.7,25.7,1016,66,4.05,338,0,0.0,Clear,clear sky,18
Mándok,48.326944,22.196389,2026-08-02 18:36:00.895740,25.8,26.13,25.8,25.8,1016,65,4.16,340,0,0.0,Clear,clear sky,18
Tornyospálca,48.268333,22.201944,2026-08-02 18:36:02.047815,25.95,25.95,25.95,25.95,1016,64,4.22,342,0,0.0,Clear,clear sky,18
Aranyosapáti,48.211303,22.253534,2026-08-02 18:36:03.201714,26.02,26.02,26.02,26.02,1015,63,3.95,346,0,0.0,Clear,clear sky,18
Gyüre,48.171389,22.269167,2026-08-02 18:36:04.355966,26.15,26.15,26.15,26.15,1015,61,3.93,349,0,0.0,Clear,clear sky,18
Varsány,48.151722,22.290047,2026-08-02 18:36:05.511623,26.18,26.18,26.18,26.18,1015,59,3.78,352,0,0.0,Clear,clear sky,18
Vásárosnamény,48.126667,22.306111,2026-08-02 18:36:06.667474,26.26,26.26,26.26,26.26,1015,58,3.74,354,0,0.0,Clear,clear sky,18
Vitka,48.095556,22.308056,2026-08-02 18:36:07.824445,26.32,26.32,26.32,26.32,1015,57,3.7,357,0,0.0,Clear,clear sky,18
Nagydobos,48.054167,22.311111,2026-08-02 18:36:08.978878,26.31,26.31,26.31,26.31,1015,56,3.65,360,0,0.0,Clear,clear sky,18
Ópályi,47.997778,22.318333,2026-08-02 18:36:10.137540,26.45,26.45,26.45,26.45,1015,53,3.5,11,0,0.0,Clear,clear sky,18
Nyírcsaholy,47.908056,22.348333,2026-08-02 18:36:11.298933,26.64,26.64,26.64,26.64,1015,50,3.43,29,0,0.0,Clear,clear sky,18
Nagyecsed,47.864722,22.385556,2026-08-02 18:36:12.452490,27.03,27.27,27.03,27.03,1015,47,3.95,47,0,0.0,Clear,clear sky,18
Tiborszállás,47.815278,22.402778,2026-08-02 18:36:13.617258,27.3,27.44,27.3,27.3,1014,46,4.48,51,0,0.0,Clear,clear sky,18
Kiskunhalas,46.434444,19.493611,2026-08-02 18:36:14.769262,29.75,28.07,29.75,29.75,1012,21,2.6,144,3,0.0,Clear,clear sky,18
Kecskemét alsó,46.895833,19.692222,2026-08-02 18:36:15.925307,30.44,28.89,30.44,32.1,1012,26,3.11,72,33,0.0,Clouds,scattered clouds,18
Putnok,48.286667,20.4375,2026-08-02 18:36:17.079080,28.0,27.95,26.69,28.01,1017,44,2.68,78,100,0.0,Clouds,overcast clouds,18
Bánréve,48.299722,20.351944,2026-08-02 18:36:18.234524,28.0,27.95,27.77,28.0,1017,44,2.56,68,100,0.0,Clouds,overcast clouds,18
Ipolytarnóc,48.236667,19.629167,2026-08-02 18:36:19.391113,26.41,26.41,26.41,26.41,1016,65,5.58,66,76,0.0,Clouds,broken clouds,18
Rákosliget,47.486111,19.257778,2026-08-02 18:36:20.545436,31.04,30.55,30.34,31.42,1013,37,6.11,86,9,0.0,Clear,clear sky,18
Ikrény,47.657778,17.524167,2026-08-02 18:36:21.706132,27.14,27.62,27.14,27.14,1014,51,3.98,360,8,0.0,Clear,clear sky,18
Rábapatona,47.648889,17.461944,2026-08-02 18:36:22.860222,27.11,27.65,27.11,27.11,1014,52,4.09,1,2,0.0,Clear,clear sky,18
Enese,47.644167,17.425278,2026-08-02 18:36:24.019110,27.08,27.62,27.08,27.08,1014,52,4.12,3,0,0.0,Clear,clear sky,18
Kóny,47.632222,17.357222,2026-08-02 18:36:25.173638,27.09,27.63,27.09,27.09,1014,52,4.15,2,0,0.0,Clear,clear sky,18
Farád,47.595278,17.195833,2026-08-02 18:36:26.324686,29.45,30.69,29.45,29.45,1014,53,4.32,7,5,0.0,Clear,clear sky,18
Rábatamási,47.592778,17.161389,2026-08-02 18:36:27.478398,29.45,30.69,29.45,29.45,1014,53,4.32,7,5,0.0,Clear,clear sky,18
Szárföld,47.589167,17.123889,2026-08-02 18:36:28.641295,29.43,30.66,29.43,29.43,1014,53,4.35,7,5,0.0,Clear,clear sky,18
Veszkény,47.586944,17.101389,2026-08-02 18:36:29.795376,29.44,30.25,29.44,29.44,1014,50,4.38,6,5,0.0,Clear,clear sky,18
Kapuvár,47.581944,17.046944,2026-08-02 18:36:30.950854,29.42,30.22,29.42,29.42,1014,50,4.44,3,5,0.0,Clear,clear sky,18
Vitnyéd-Csermajor,47.5825,16.987222,2026-08-02 18:36:32.106312,29.43,30.24,29.43,29.43,1014,50,4.51,2,6,0.0,Clear,clear sky,18
Petőháza,47.595278,16.893056,2026-08-02 18:36:33.262920,29.38,30.17,29.38,29.38,1014,50,4.74,2,9,0.0,Clear,clear sky,18
Fertőszentmiklós,47.6,16.858889,2026-08-02 18:36:34.416544,29.38,30.17,28.38,29.38,1014,50,4.77,1,9,0.0,Clear,clear sky,18
Pinnye,47.600278,16.768611,2026-08-02 18:36:35.575753,29.26,30.0,28.26,29.26,1014,50,4.57,356,11,0.0,Clouds,few clouds,18
Fertőboz,47.625,16.691667,2026-08-02 18:36:36.729618,29.1,29.79,28.1,29.1,1014,50,4.33,353,11,0.0,Clouds,few clouds,18
Sopron,47.677778,16.587222,2026-08-02 18:36:37.892085,28.8,30.28,27.8,28.8,1014,57,3.58,346,10,0.0,Clear,clear sky,18
Fertőszéplak-Fertőd,47.618889,16.850833,2026-08-02 18:36:39.052177,29.4,30.19,28.4,29.4,1014,50,4.9,1,10,0.0,Clear,clear sky,18
Nyúl,47.587778,17.698056,2026-08-02 18:36:40.208182,27.38,27.58,27.38,27.38,1013,47,3.33,358,53,0.0,Clouds,broken clouds,18
Pannonhalma,47.547778,17.740833,2026-08-02 18:36:41.362821,27.46,27.52,27.46,27.46,1013,45,3.11,356,90,0.0,Clouds,overcast clouds,18
Tarjánpuszta,47.504722,17.789167,2026-08-02 18:36:42.520831,27.55,27.54,27.55,27.55,1013,44,3.03,352,97,0.0,Clouds,overcast clouds,18
Győrasszonyfa,47.4925,17.799167,2026-08-02 18:36:43.675906,27.55,27.54,27.55,27.55,1013,44,3.03,352,97,0.0,Clouds,overcast clouds,18
Veszprémvarsány,47.443333,17.818333,2026-08-02 18:36:44.831682,27.62,27.6,27.62,27.62,1013,44,3.1,349,86,0.0,Clouds,overcast clouds,18
Bakonyszentlászló,47.395556,17.8175,2026-08-02 18:36:45.987304,27.31,27.33,27.31,27.31,1014,44,3.1,346,62,0.0,Clouds,broken clouds,18
Porva-Csesznek,47.326944,17.841111,2026-08-02 18:36:47.140918,26.0,26.0,26.0,26.0,1014,44,3.16,344,35,0.0,Clouds,scattered clouds,18
Zirc,47.266667,17.878056,2026-08-02 18:36:48.292829,26.21,26.21,26.21,26.21,1014,44,3.65,340,10,0.0,Clear,clear sky,18
Eplény,47.192778,17.921667,2026-08-02 18:36:49.445226,26.87,26.92,26.87,26.87,1014,43,4.15,339,18,0.0,Clouds,few clouds,18
Marcaltő,47.4275,17.348889,2026-08-02 18:36:50.600267,27.41,27.61,27.41,27.41,1013,47,4.12,3,2,0.0,Clear,clear sky,18
Szany-Rábaszentandrás,47.460833,17.315278,2026-08-02 18:36:51.756344,27.33,27.6,27.33,27.33,1013,48,4.18,1,1,0.0,Clear,clear sky,18
Egyed-Rábacsanak,47.521944,17.316389,2026-08-02 18:36:52.912876,27.22,27.56,27.22,27.22,1014,49,4.22,0,0,0.0,Clear,clear sky,18
Rábapordány,47.557222,17.315,2026-08-02 18:36:54.067530,27.21,27.62,27.21,27.21,1014,50,4.22,1,0,0.0,Clear,clear sky,18
Albertfalva,47.440784,19.033965,2026-08-02 18:36:55.222058,31.45,30.92,30.59,31.67,1013,36,2.24,4,58,0.0,Clouds,broken clouds,18
Budafok,47.425833,19.041389,2026-08-02 18:36:56.371246,31.15,30.96,31.15,34.04,1012,39,4.64,101,23,0.0,Clouds,few clouds,18
Tétényliget,47.384722,18.955278,2026-08-02 18:36:57.525755,31.42,30.88,30.62,31.7,1013,36,2.24,4,47,0.0,Clouds,scattered clouds,18
Érd alsó,47.379722,18.923056,2026-08-02 18:36:58.675155,30.51,30.3,30.51,30.51,1013,40,4.12,71,50,0.0,Clouds,scattered clouds,18
Tárnok,47.365556,18.873889,2026-08-02 18:36:59.831694,31.29,30.86,30.55,31.62,1013,37,3.61,52,48,0.0,Clouds,scattered clouds,18
Martonvásár,47.321389,18.781667,2026-08-02 18:37:00.990431,31.33,29.98,30.5,31.55,1013,29,3.59,35,45,0.0,Clouds,scattered clouds,18
Baracska,47.297222,18.753333,2026-08-02 18:37:02.148089,29.68,28.33,29.34,31.55,1013,28,3.6,30,47,0.0,Clouds,scattered clouds,18
Pettend,47.26,18.708889,2026-08-02 18:37:03.311512,29.24,27.96,29.24,29.24,1013,28,3.67,23,47,0.0,Clouds,scattered clouds,18
Kápolnásnyék,47.245556,18.692222,2026-08-02 18:37:04.467337,29.27,27.93,29.27,29.27,1013,27,3.59,22,43,0.0,Clouds,scattered clouds,18
Velence,47.226944,18.663889,2026-08-02 18:37:05.619442,29.29,28.0,29.29,29.29,1013,28,3.7,20,38,0.0,Clouds,scattered clouds,18
Velencefürdő,47.218611,18.648056,2026-08-02 18:37:06.774931,29.31,27.97,29.31,29.31,1013,27,3.46,22,37,0.0,Clouds,scattered clouds,18
Gárdony,47.205833,18.624722,2026-08-02 18:37:07.929982,29.32,28.03,29.32,29.32,1013,28,3.56,20,30,0.0,Clouds,scattered clouds,18
Agárd,47.197666,18.604907,2026-08-02 18:37:09.089185,29.32,28.03,29.32,29.32,1013,28,3.56,20,30,0.0,Clouds,scattered clouds,18
Dinnyés,47.179722,18.560833,2026-08-02 18:37:10.249492,29.29,28.0,29.29,29.29,1012,28,3.47,17,15,0.0,Clouds,few clouds,18
Székesfehérvár,47.183611,18.424722,2026-08-02 18:37:11.406381,29.15,28.06,29.15,29.15,1012,31,3.41,15,32,0.0,Clouds,scattered clouds,18
Szabadbattyán,47.105278,18.388333,2026-08-02 18:37:12.561308,29.06,27.87,29.06,29.06,1012,29,2.98,3,34,0.0,Clouds,scattered clouds,18
Kiscséripuszta,47.048056,18.355,2026-08-02 18:37:13.714576,28.57,27.43,28.57,28.57,1012,28,2.64,354,41,0.0,Clouds,scattered clouds,18
Lepsény,46.9875,18.248056,2026-08-02 18:37:14.867194,28.79,32.81,28.79,29.9,1012,73,2.36,344,55,0.0,Clouds,broken clouds,18
Balatonaliga,46.984444,18.171389,2026-08-02 18:37:16.024134,28.6,32.38,28.6,29.71,1012,73,3.0,345,75,0.0,Clouds,broken clouds,18
Balatonvilágos,46.964167,18.157222,2026-08-02 18:37:17.175307,28.64,32.47,28.64,29.75,1012,73,2.95,343,73,0.0,Clouds,broken clouds,18
Szabadifürdő,46.926111,18.103333,2026-08-02 18:37:18.328977,28.81,32.86,28.81,29.92,1012,73,2.44,338,62,0.0,Clouds,broken clouds,18
Ózd alsó,48.227778,20.306111,2026-08-02 18:37:19.487186,27.84,27.8,27.61,27.84,1017,44,3.18,65,94,0.0,Clouds,overcast clouds,18
Ózd,48.2225,20.294722,2026-08-02 18:37:20.640829,27.89,27.85,27.66,27.89,1017,44,3.18,65,94,0.0,Clouds,overcast clouds,18
Alsóboldva,48.212778,20.792222,2026-08-02 18:37:21.794881,26.9,31.48,26.9,29.01,1017,100,7.6,37,72,0.0,Clouds,broken clouds,18
Boldva,48.223333,20.790278,2026-08-02 18:37:22.949290,26.89,28.37,26.89,29.01,1017,66,7.6,37,72,0.0,Clouds,broken clouds,18
Borsodszirák,48.259167,20.770556,2026-08-02 18:37:24.111982,26.85,28.24,26.85,27.94,1016,65,6.78,45,95,0.0,Clouds,overcast clouds,18
Edelény alsó,48.279167,20.760833,2026-08-02 18:37:25.271308,26.83,28.21,26.83,26.83,1016,65,6.78,45,95,0.0,Clouds,overcast clouds,18
Edelény,48.299722,20.749444,2026-08-02 18:37:26.426596,26.81,28.18,26.81,26.81,1016,65,6.54,47,99,0.0,Clouds,overcast clouds,18
Szendrőlád,48.334444,20.731944,2026-08-02 18:37:27.579710,26.21,26.21,26.21,26.21,1016,65,5.45,50,100,0.0,Clouds,overcast clouds,18
Szendrő,48.400725,20.721346,2026-08-02 18:37:28.732450,26.98,28.5,26.98,26.98,1016,66,4.76,47,100,0.0,Clouds,overcast clouds,18
Szendrő felső,48.409907,20.720148,2026-08-02 18:37:29.887367,26.98,28.5,26.98,26.98,1016,66,4.76,47,100,0.0,Clouds,overcast clouds,18
Szalonna,48.449444,20.722222,2026-08-02 18:37:31.050228,26.85,28.38,26.85,26.85,1016,67,4.13,41,100,0.0,Clouds,overcast clouds,18
Perkupa,48.471389,20.691111,2026-08-02 18:37:32.206282,26.08,26.08,26.08,26.08,1016,68,3.42,35,100,0.0,Clouds,overcast clouds,18
Szemeretelep,47.443056,19.214167,2026-08-02 18:37:33.407805,31.42,30.88,30.4,31.48,1013,36,6.51,87,20,0.0,Clouds,few clouds,18
Jósvafő-Aggtelek,48.489722,20.693889,2026-08-02 18:37:34.576562,26.28,26.28,26.28,26.28,1017,69,3.38,30,100,0.0,Clouds,overcast clouds,18
Bódvaszilas,48.5375,20.738056,2026-08-02 18:37:35.738299,25.73,26.19,25.73,25.73,1017,70,3.6,28,99,0.0,Clouds,overcast clouds,18
Komjáti,48.5475,20.759722,2026-08-02 18:37:36.907723,25.13,25.55,25.13,25.13,1017,71,3.64,25,94,0.0,Clouds,overcast clouds,18
Tornanádaska,48.558333,20.787222,2026-08-02 18:37:38.060927,26.27,26.27,26.27,26.27,1017,71,3.85,25,89,0.0,Clouds,overcast clouds,18
Onga,48.121111,20.906667,2026-08-02 18:37:39.215674,30.78,33.92,26.95,31.04,1016,58,8.19,22,6,0.0,Clear,clear sky,18
Szikszó-Vásártér,48.193056,20.934722,2026-08-02 18:37:40.371642,29.6,33.24,26.92,31.01,1016,66,8.59,28,19,0.0,Clouds,few clouds,18
Szikszó,48.201667,20.941667,2026-08-02 18:37:41.534993,31.02,36.48,26.93,31.02,1016,66,8.59,27,9,0.0,Clear,clear sky,18
Aszaló,48.219867,20.961466,2026-08-02 18:37:42.688448,31.0,36.43,26.91,31.0,1016,66,8.7,28,13,0.0,Clouds,few clouds,18
Halmaj,48.246667,20.991667,2026-08-02 18:37:43.846579,27.17,28.79,27.17,27.17,1016,66,8.75,28,7,0.0,Clear,clear sky,18
Csobád,48.277222,21.033889,2026-08-02 18:37:45.004420,27.11,28.7,27.11,27.11,1016,66,8.72,27,2,0.0,Clear,clear sky,18
Ináncs,48.291111,21.057778,2026-08-02 18:37:46.159270,26.99,28.52,26.99,26.99,1016,66,8.33,24,0,0.0,Clear,clear sky,18
Forró-Encs,48.3275,21.117778,2026-08-02 18:37:47.322101,26.85,28.31,26.85,26.85,1016,66,7.99,22,0,0.0,Clear,clear sky,18
Méra,48.363056,21.140278,2026-08-02 18:37:48.475974,26.49,26.49,26.49,26.49,1016,67,7.43,21,0,0.0,Clear,clear sky,18
Novajidrány,48.404444,21.170556,2026-08-02 18:37:49.629769,25.55,25.91,25.55,25.55,1016,67,6.9,19,0,0.0,Clear,clear sky,18
Hernádszurdok,48.487222,21.213889,2026-08-02 18:37:50.785578,25.37,25.74,24.69,25.47,1017,68,5.78,14,0,0.0,Clear,clear sky,18
Hidasnémeti,48.508333,21.229722,2026-08-02 18:37:51.938629,25.36,25.73,24.69,25.48,1017,68,5.75,13,2,0.0,Clear,clear sky,18
Mád,48.19,21.268889,2026-08-02 18:37:53.098829,26.73,28.14,26.73,26.73,1016,66,5.85,11,4,0.0,Clear,clear sky,18
Rátka,48.215,21.230278,2026-08-02 18:37:54.260597,27.07,28.64,27.07,27.07,1016,66,6.2,12,3,0.0,Clear,clear sky,18
Tállya,48.226944,21.225278,2026-08-02 18:37:55.420152,27.07,28.64,27.07,27.07,1016,66,6.2,12,3,0.0,Clear,clear sky,18
Golop,48.242778,21.204167,2026-08-02 18:37:56.574000,27.08,28.65,27.08,27.08,1016,66,7.07,16,0,0.0,Clear,clear sky,18
Abaújszántó,48.286944,21.181667,2026-08-02 18:37:57.726934,26.7,28.09,26.7,26.7,1016,66,7.17,17,0,0.0,Clear,clear sky,18
Abaújszántói fürdő,48.268333,21.179722,2026-08-02 18:37:58.884464,27.0,28.53,27.0,27.0,1016,66,7.14,16,0,0.0,Clear,clear sky,18
Abaújkér,48.309444,21.198333,2026-08-02 18:38:00.050232,26.64,26.64,26.64,26.64,1016,66,7.16,17,0,0.0,Clear,clear sky,18
Boldogkőváralja,48.345,21.208889,2026-08-02 18:38:01.204450,26.5,26.5,26.5,26.5,1016,67,6.13,13,0,0.0,Clear,clear sky,18
Korlát-Vizsoly,48.365,21.219167,2026-08-02 18:38:02.377235,26.54,26.54,26.54,26.54,1016,67,6.06,13,0,0.0,Clear,clear sky,18
Fony,48.411389,21.242778,2026-08-02 18:38:03.540635,25.35,25.72,24.16,25.35,1017,68,5.9,14,0,0.0,Clear,clear sky,18
Hejce-Vilmány,48.419444,21.245556,2026-08-02 18:38:04.695339,25.32,25.68,24.12,25.32,1017,68,5.9,14,0,0.0,Clear,clear sky,18
Göncruszka,48.445,21.246944,2026-08-02 18:38:05.848843,25.33,25.69,24.21,25.41,1017,68,5.84,14,0,0.0,Clear,clear sky,18
Gönc,48.470556,21.261389,2026-08-02 18:38:07.009262,25.14,25.51,24.12,25.31,1017,69,5.35,11,0,0.0,Clear,clear sky,18
Zsujta,48.4925,21.265,2026-08-02 18:38:08.171155,25.1,25.44,24.14,25.33,1017,68,5.36,11,2,0.0,Clear,clear sky,18
Bodrogkeresztúr,48.175556,21.354167,2026-08-02 18:38:09.323346,26.35,26.35,26.35,26.35,1016,66,5.41,10,3,0.0,Clear,clear sky,18
Szegi,48.201944,21.387778,2026-08-02 18:38:10.478510,24.65,24.89,24.65,24.65,1016,66,4.98,7,4,0.0,Clear,clear sky,18
Erdőbénye,48.218056,21.401944,2026-08-02 18:38:11.640053,24.62,24.89,24.62,24.62,1016,67,4.7,4,3,0.0,Clear,clear sky,18
Olaszliszka-Tolcsva,48.258333,21.448056,2026-08-02 18:38:12.797608,24.65,24.92,24.65,24.65,1016,67,4.27,360,2,0.0,Clear,clear sky,18
Bodrogolaszi,48.286944,21.512778,2026-08-02 18:38:13.953756,24.59,25.72,24.59,24.59,1016,100,4.07,357,1,0.0,Clear,clear sky,18
Sárospatak,48.325833,21.566111,2026-08-02 18:38:15.111311,24.54,25.66,24.54,24.54,1016,100,4.3,352,0,0.0,Clear,clear sky,18
Sátoraljaújhely,48.385833,21.657778,2026-08-02 18:38:16.272923,24.62,25.75,24.62,24.62,1016,100,4.67,344,0,0.0,Clear,clear sky,18
Vecsés,47.40855,19.25652,2026-08-02 18:38:17.427678,31.47,30.81,30.44,31.52,1013,35,7.04,86,25,0.0,Clouds,scattered clouds,18
Vecsés-Kertekalja,47.403333,19.271389,2026-08-02 18:38:18.575346,33.92,33.18,30.51,33.92,1013,30,7.04,86,25,0.0,Clouds,scattered clouds,18
Üllő,47.390833,19.348889,2026-08-02 18:38:19.729099,31.43,31.48,30.44,31.51,1013,40,7.42,85,41,0.0,Clouds,scattered clouds,18
Monor,47.34545,19.43701,2026-08-02 18:38:20.889978,33.82,33.05,33.82,33.82,1013,30,7.63,82,75,0.0,Clouds,broken clouds,18
Pilis,47.279722,19.536389,2026-08-02 18:38:22.043754,29.19,28.53,29.19,33.78,1013,37,7.45,78,89,0.0,Clouds,overcast clouds,18
Albertirsa,47.240278,19.606389,2026-08-02 18:38:23.197769,29.28,28.9,29.28,29.28,1013,40,7.19,71,100,0.0,Clouds,overcast clouds,18
Ceglédbercel-Cserő,47.210278,19.686944,2026-08-02 18:38:24.355079,29.35,28.97,29.35,29.35,1013,40,7.08,68,100,0.0,Clouds,overcast clouds,18
Cegléd,47.182778,19.806111,2026-08-02 18:38:25.507461,29.45,29.08,29.45,29.45,1013,40,6.96,66,100,0.0,Clouds,overcast clouds,18
Abony,47.173056,20.016389,2026-08-02 18:38:26.673295,29.52,28.96,29.52,29.52,1013,38,7.63,66,100,0.0,Clouds,overcast clouds,18
Szolnok,47.179167,20.175833,2026-08-02 18:38:27.824571,29.54,29.17,29.54,29.54,1013,40,8.19,63,100,0.0,Clouds,overcast clouds,18
Szajol,47.170556,20.295278,2026-08-02 18:38:28.978709,29.81,29.58,29.81,29.81,1013,41,8.51,58,100,0.0,Clouds,overcast clouds,18
Törökszentmiklós,47.170278,20.413611,2026-08-02 18:38:30.133107,29.74,29.62,29.74,29.74,1013,42,8.66,53,100,0.0,Clouds,overcast clouds,18
Rákoscsaba-Újtelep,47.4875,19.271944,2026-08-02 18:38:31.285540,31.01,30.52,30.34,31.42,1013,37,6.11,86,9,0.0,Clear,clear sky,18
Rákoscsaba,47.492222,19.284722,2026-08-02 18:38:32.447934,30.96,30.46,30.33,31.41,1013,37,6.3,86,9,0.0,Clear,clear sky,18
Pécel,47.493889,19.338889,2026-08-02 18:38:33.614076,30.79,30.64,30.21,31.29,1013,40,6.47,86,12,0.0,Clouds,few clouds,18
Isaszeg,47.537719,19.388955,2026-08-02 18:38:34.770003,33.53,32.67,30.12,33.56,1013,30,6.04,87,4,0.0,Clear,clear sky,18
Gödöllő,47.592222,19.358611,2026-08-02 18:38:35.922760,30.13,30.22,29.9,30.98,1013,43,5.47,90,0,0.0,Clear,clear sky,18
Máriabesnyő,47.595556,19.389722,2026-08-02 18:38:37.076060,33.24,32.3,30.04,33.48,1013,30,5.47,90,0,0.0,Clear,clear sky,18
Bag,47.641111,19.471667,2026-08-02 18:38:38.228495,33.84,36.5,33.84,33.84,1013,45,5.63,91,1,0.0,Clear,clear sky,18
Aszód,47.647467,19.492882,2026-08-02 18:38:39.387088,33.91,36.63,33.91,33.91,1013,45,5.73,91,8,0.0,Clear,clear sky,18
Hévízgyörk,47.638611,19.526667,2026-08-02 18:38:40.542966,33.92,36.95,33.92,33.92,1013,46,5.77,90,17,0.0,Clouds,few clouds,18
Galgahévíz,47.6325,19.558333,2026-08-02 18:38:41.698424,33.91,36.93,33.91,33.91,1013,46,5.9,86,33,0.0,Clouds,scattered clouds,18
Tura,47.626389,19.5975,2026-08-02 18:38:42.853847,33.94,36.99,33.94,33.94,1013,46,5.85,85,39,0.0,Clouds,scattered clouds,18
Hatvan,47.663611,19.671389,2026-08-02 18:38:44.008586,28.6,28.94,28.6,28.6,1014,48,5.4,83,63,0.0,Clouds,broken clouds,18
Vámosgyörk,47.686111,19.927778,2026-08-02 18:38:45.161866,28.6,29.05,28.6,28.6,1014,49,5.45,69,17,0.0,Clouds,few clouds,18
Adács,47.696389,19.975278,2026-08-02 18:38:46.322660,28.59,29.14,28.59,28.59,1014,50,5.69,67,4,0.0,Clear,clear sky,18
Karácsond,47.718056,20.048611,2026-08-02 18:38:47.475678,28.44,29.06,28.44,28.44,1015,51,5.81,65,3,0.0,Clear,clear sky,18
Ludas,47.723889,20.095556,2026-08-02 18:38:48.628656,28.66,29.34,28.66,28.66,1015,51,6.93,65,21,0.0,Clouds,few clouds,18
Nagyút,47.72666666666667,20.161388888888887,2026-08-02 18:38:49.785869,28.63,29.3,28.63,28.63,1015,51,7.34,65,33,0.0,Clouds,scattered clouds,18
Kál-Kápolna,47.734167,20.254167,2026-08-02 18:38:50.939217,28.6,29.38,28.6,28.6,1015,52,8.69,63,83,0.0,Clouds,broken clouds,18
Füzesabony,47.751389,20.415278,2026-08-02 18:38:52.090778,28.39,29.33,28.39,28.39,1015,54,9.25,57,100,0.0,Clouds,overcast clouds,18
Szihalom,47.766944,20.491944,2026-08-02 18:38:53.247848,29.06,30.54,29.06,29.06,1016,56,9.06,52,100,0.0,Clouds,overcast clouds,18
Mezőkövesd,47.797222,20.5675,2026-08-02 18:38:54.399845,29.07,31.0,29.07,29.07,1016,59,8.61,46,69,0.0,Clouds,broken clouds,18
Mezőkövesd felső,47.807222,20.591389,2026-08-02 18:38:55.564601,29.02,30.91,26.94,29.05,1016,59,8.61,46,69,0.0,Clouds,broken clouds,18
Mezőkeresztes-Mezőnyárád,47.845556,20.670278,2026-08-02 18:38:56.716976,28.88,30.0,26.94,29.05,1016,54,8.15,35,18,0.0,Clouds,few clouds,18
Csincse,47.890833,20.764167,2026-08-02 18:38:57.870884,28.79,29.87,26.96,29.07,1016,54,1.79,19,0,0.0,Clear,clear sky,18
Emőd,47.930556,20.822778,2026-08-02 18:38:59.024770,28.73,31.81,26.98,29.09,1016,68,1.79,19,0,0.0,Clear,clear sky,18
Nyékládháza,47.9925,20.840556,2026-08-02 18:39:00.177547,28.56,31.95,27.0,29.12,1016,71,1.79,19,0,0.0,Clear,clear sky,18
Miskolc-Tiszai,48.098611,20.811389,2026-08-02 18:39:01.335611,27.66,31.4,26.93,29.04,1017,81,8.16,23,23,0.0,Clouds,few clouds,18
Felsőzsolca,48.083611,20.866111,2026-08-02 18:39:02.490862,28.0,31.65,26.95,29.07,1017,77,8.25,21,12,0.0,Clouds,few clouds,18
Hernádnémeti-Bőcs,48.051389,20.985,2026-08-02 18:39:03.643447,30.91,31.91,26.95,31.04,1016,47,7.38,19,0,0.0,Clear,clear sky,18
Tiszalúc,48.039722,21.0575,2026-08-02 18:39:04.805898,30.94,31.96,27.0,31.08,1016,47,6.59,19,0,0.0,Clear,clear sky,18
Taktaharkány,48.091667,21.128611,2026-08-02 18:39:05.959706,31.13,32.25,31.13,31.13,1016,47,6.76,18,0,0.0,Clear,clear sky,18
Taktaszada,48.1125,21.149444,2026-08-02 18:39:07.118326,31.14,36.49,31.14,31.14,1016,65,6.73,17,0,0.0,Clear,clear sky,18
Szerencs,48.155556,21.214444,2026-08-02 18:39:08.275285,31.14,36.49,31.14,31.14,1016,65,6.14,13,0,0.0,Clear,clear sky,18
Mezőzombor,48.156944,21.267778,2026-08-02 18:39:09.429786,27.17,28.79,27.17,27.17,1016,66,5.86,12,2,0.0,Clear,clear sky,18
Tarcal,48.125,21.34,2026-08-02 18:39:10.582411,27.32,28.93,27.32,27.32,1016,65,5.63,13,0,0.0,Clear,clear sky,18
Tokaj,48.112778,21.406667,2026-08-02 18:39:11.735722,26.73,28.07,26.73,26.73,1016,65,5.4,13,1,0.0,Clear,clear sky,18
Rakamaz,48.12,21.475,2026-08-02 18:39:12.895888,27.23,28.8,27.23,27.23,1016,65,5.38,13,2,0.0,Clear,clear sky,18
Görögszállás,48.04,21.555,2026-08-02 18:39:14.052328,27.31,28.74,27.31,27.31,1016,63,5.8,17,7,0.0,Clear,clear sky,18
Nyírtelek,48.005,21.615556,2026-08-02 18:39:15.205423,27.29,28.54,27.29,27.29,1016,61,5.66,15,25,0.0,Clouds,scattered clouds,18
Rákoshegy,47.468611,19.245556,2026-08-02 18:39:16.358720,31.13,30.53,30.29,31.36,1013,36,6.46,86,13,0.0,Clouds,few clouds,18
Ecser,47.439444,19.318056,2026-08-02 18:39:17.510826,31.22,31.05,30.33,31.41,1013,39,6.9,85,21,0.0,Clouds,few clouds,18
Maglód,47.438889,19.340833,2026-08-02 18:39:18.670296,31.14,31.1,30.27,31.35,1013,40,7.03,85,25,0.0,Clouds,scattered clouds,18
Maglódi nyaraló,47.434167,19.363611,2026-08-02 18:39:19.827746,31.04,31.11,30.18,31.25,1013,41,7.14,85,31,0.0,Clouds,scattered clouds,18
Gyömrő,47.429722,19.393333,2026-08-02 18:39:20.982353,31.21,31.34,30.14,31.22,1013,41,7.14,85,31,0.0,Clouds,scattered clouds,18
Mende,47.426944,19.439722,2026-08-02 18:39:22.144392,33.54,32.68,31.18,33.54,1013,30,7.42,83,54,0.0,Clouds,broken clouds,18
Szőlősnyaraló,47.450278,19.561111,2026-08-02 18:39:23.298896,33.77,32.98,29.18,33.77,1013,30,7.04,78,51,0.0,Clouds,broken clouds,18
Sülysáp,47.451944,19.5275,2026-08-02 18:39:24.452758,33.75,32.95,29.16,33.75,1013,30,7.18,81,53,0.0,Clouds,broken clouds,18
Tápiószecső,47.443056,19.614722,2026-08-02 18:39:25.609318,29.26,29.07,29.26,33.86,1013,42,6.96,77,47,0.0,Clouds,scattered clouds,18
Szentmártonkáta,47.431944,19.680556,2026-08-02 18:39:26.764239,29.29,28.91,29.29,33.88,1014,40,6.84,74,38,0.0,Clouds,scattered clouds,18
Nagykáta,47.409722,19.737778,2026-08-02 18:39:27.923528,29.36,28.98,29.36,29.36,1013,40,6.92,73,42,0.0,Clouds,scattered clouds,18
Farmos,47.355278,19.8375,2026-08-02 18:39:29.075841,29.47,29.1,29.47,29.47,1013,40,7.2,69,60,0.0,Clouds,broken clouds,18
Tápiószele,47.346313,19.873504,2026-08-02 18:39:30.227964,29.45,29.08,29.45,29.45,1013,40,7.34,69,74,0.0,Clouds,broken clouds,18
Tápiógyörgye,47.325,19.95,2026-08-02 18:39:31.391183,29.51,29.14,29.51,29.51,1013,40,7.71,67,76,0.0,Clouds,broken clouds,18
Újszász,47.285833,20.066944,2026-08-02 18:39:32.545398,29.55,29.18,29.55,29.55,1013,40,8.16,66,90,0.0,Clouds,overcast clouds,18
Szurdokpüspöki,47.851944,19.690278,2026-08-02 18:39:33.701330,27.95,28.57,27.95,27.95,1015,52,4.48,66,53,1.33,Rain,moderate rain,18
Lőrinci,47.739444,19.673611,2026-08-02 18:39:34.856458,28.4,28.81,28.4,28.4,1014,49,5.09,83,73,3.16,Rain,moderate rain,18
Selyp,47.759167,19.670833,2026-08-02 18:39:36.012426,28.31,28.71,28.31,28.31,1014,49,4.94,81,74,4.86,Rain,heavy intensity rain,18
Apc-Zagyvaszántó,47.791328,19.66822,2026-08-02 18:39:37.166202,28.26,28.75,28.26,28.26,1014,50,4.79,79,72,3.65,Rain,moderate rain,18
Pásztó,47.918889,19.688889,2026-08-02 18:39:38.324471,27.65,28.4,27.65,27.65,1015,54,4.55,56,36,2.73,Rain,moderate rain,18
Mátraszőlős-Hasznos,47.938506,19.706122,2026-08-02 18:39:39.485598,27.61,28.44,27.61,27.61,1015,55,4.64,51,31,4.21,Rain,heavy intensity rain,18
Tar,47.956111,19.746389,2026-08-02 18:39:40.640920,27.16,27.98,27.16,27.16,1015,56,4.75,46,24,5.62,Rain,heavy intensity rain,18
Mátraverebély,47.968333,19.778611,2026-08-02 18:39:41.796072,27.16,27.98,27.16,27.16,1015,56,4.75,46,24,5.62,Rain,heavy intensity rain,18
Nagybátony,47.981111,19.82,2026-08-02 18:39:42.953070,27.32,28.25,27.32,27.32,1016,57,4.94,44,18,2.73,Rain,moderate rain,18
Kisterenye,48.009444,19.831944,2026-08-02 18:39:44.108283,27.4,28.43,27.4,27.4,1016,58,5.15,42,14,0.32,Rain,light rain,18
Kisterenye-Bányatelep,48.021389,19.831944,2026-08-02 18:39:45.261595,27.4,28.43,27.4,27.4,1016,58,5.15,42,14,0.32,Rain,light rain,18
Salgótarján külső,48.089444,19.790833,2026-08-02 18:39:46.420132,26.6,26.6,26.6,26.6,1016,61,5.56,50,23,0.0,Clouds,few clouds,18
Balatonfenyves GV,46.7125,17.479167,2026-08-02 18:39:47.581825,29.12,28.24,29.12,29.12,1012,34,2.93,14,100,0.0,Clouds,overcast clouds,18
Várhegyalja,47.737778,18.366667,2026-08-02 18:39:48.734373,28.0,28.19,28.0,28.0,1014,47,3.96,20,92,0.0,Clouds,overcast clouds,18
Imremajor,46.680556,17.499722,2026-08-02 18:39:49.886323,29.24,28.2,29.24,29.24,1012,32,2.65,19,100,0.0,Clouds,overcast clouds,18
Rákospalota-Kertváros,47.578333,19.122778,2026-08-02 18:39:51.038411,30.73,30.44,30.53,31.61,1013,39,3.4,87,55,0.0,Clouds,broken clouds,18
Vicziántelep,47.675833,19.286111,2026-08-02 18:39:52.193439,30.07,30.27,30.0,31.08,1013,44,3.95,90,0,0.0,Clear,clear sky,18
Pálmajor,46.662831,17.457526,2026-08-02 18:39:53.346148,29.22,28.12,29.22,29.22,1012,31,2.43,24,93,0.0,Clouds,overcast clouds,18
Somogyszentpál felső,46.649758,17.471404,2026-08-02 18:39:54.511427,29.32,28.21,29.32,29.32,1012,31,2.36,27,100,0.0,Clouds,overcast clouds,18
Somogyszentpál,46.638611,17.478611,2026-08-02 18:39:55.665826,29.32,28.08,29.32,29.32,1012,29,2.12,36,100,0.0,Clouds,overcast clouds,18
Rudnaykert,47.7175,19.257778,2026-08-02 18:39:56.830582,30.65,31.2,30.35,33.78,1013,45,3.13,81,0,0.0,Clear,clear sky,18
Maroshegy,47.158333,18.406667,2026-08-02 18:39:57.985280,29.13,27.98,29.13,29.13,1012,30,3.28,11,29,0.0,Clouds,scattered clouds,18
Bánhida,47.573703,18.371737,2026-08-02 18:39:59.143176,28.15,28.44,28.15,28.15,1013,48,4.54,26,100,0.0,Clouds,overcast clouds,18
Magyarkút,47.850278,19.045,2026-08-02 18:40:00.297714,27.26,27.35,27.26,27.26,1014,45,2.7,26,51,0.0,Clouds,broken clouds,18
Becske alsó,47.897222,19.364722,2026-08-02 18:40:01.453505,26.65,26.65,26.65,26.65,1014,51,5.12,43,0,0.0,Clear,clear sky,18
Hosszúberek-Péteri,47.370556,19.389722,2026-08-02 18:40:02.607906,33.85,33.09,31.39,33.86,1013,30,7.6,84,55,0.0,Clouds,broken clouds,18
Monorierdő,47.308889,19.499167,2026-08-02 18:40:03.766057,33.76,34.55,29.17,33.76,1013,38,7.56,80,83,0.0,Clouds,broken clouds,18
Ceglédbercel,47.215833,19.658611,2026-08-02 18:40:04.925369,29.34,28.96,29.34,29.34,1013,40,7.12,68,100,0.0,Clouds,overcast clouds,18
Budai út,47.208333,19.731389,2026-08-02 18:40:06.081344,29.38,29.0,29.38,29.38,1013,40,7.05,67,100,0.0,Clouds,overcast clouds,18
Büdöskútpuszta,48.373056,20.726111,2026-08-02 18:40:07.233870,27.2,28.75,27.2,27.2,1016,65,5.11,49,100,0.0,Clouds,overcast clouds,18
Bánrévei Vízmű,48.282778,20.368333,2026-08-02 18:40:08.387432,28.03,27.98,27.8,28.03,1017,44,2.53,73,100,0.0,Clouds,overcast clouds,18
Rákoskert,47.456389,19.296111,2026-08-02 18:40:09.548438,31.04,30.3,30.2,31.28,1013,35,6.62,86,15,0.0,Clouds,few clouds,18
Szirmabesenyő,48.146944,20.783056,2026-08-02 18:40:10.701731,27.07,32.09,26.85,28.97,1017,100,7.64,30,51,0.0,Clouds,broken clouds,18
Kitérőgyár,47.766944,19.935278,2026-08-02 18:40:11.859545,28.13,28.79,28.13,28.13,1015,52,4.8,63,27,0.0,Clouds,scattered clouds,18
Tápiószentmárton,47.373333,19.797778,2026-08-02 18:40:13.015097,29.41,29.03,29.41,29.41,1013,40,7.13,70,60,0.0,Clouds,broken clouds,18
Zagyvarékas,47.244229,20.097435,2026-08-02 18:40:14.168331,29.56,29.2,29.56,29.56,1013,40,8.2,65,100,0.0,Clouds,overcast clouds,18
Abonyi út,47.206401,20.125204,2026-08-02 18:40:15.326562,29.56,29.2,29.56,29.56,1013,40,8.11,65,100,0.0,Clouds,overcast clouds,18
Jászkisér felső,47.438056,20.202222,2026-08-02 18:40:16.479695,30.56,31.07,30.56,30.56,1014,45,7.91,66,17,0.0,Clouds,few clouds,18
Szellőhát,47.425556,20.188889,2026-08-02 18:40:17.631178,29.55,29.75,29.55,29.55,1014,45,8.02,66,26,0.0,Clouds,scattered clouds,18
Szilvásvárad-Szalajkavölgy,48.0956,20.38272,2026-08-02 18:40:18.789256,26.39,26.39,25.27,26.59,1017,51,4.65,54,49,0.0,Clouds,scattered clouds,18
Vásárosnamény külső,48.084444,22.255556,2026-08-02 18:40:19.952389,26.26,26.26,26.26,26.26,1015,57,3.84,356,0,0.0,Clear,clear sky,18
Újváros,46.660556,20.536111,2026-08-02 18:40:21.107781,32.76,31.85,32.21,32.76,1012,31,4.03,62,94,0.0,Clouds,overcast clouds,18
Városi park,46.697778,19.864722,2026-08-02 18:40:22.268313,32.21,30.94,29.99,32.21,1012,29,1.61,122,24,0.0,Clouds,few clouds,18
Belsőkamaráspuszta,46.341944,20.848889,2026-08-02 18:40:23.420217,32.25,31.23,32.25,32.25,1012,31,6.35,16,100,0.0,Clouds,overcast clouds,18
Sajószöged,47.945278,20.981667,2026-08-02 18:40:24.580001,30.83,32.15,27.05,31.14,1016,49,6.82,22,24,0.0,Clouds,few clouds,18
Kazincbarcika alsó,48.255278,20.649167,2026-08-02 18:40:25.743643,27.02,28.48,26.82,28.14,1017,65,5.01,58,100,0.0,Clouds,overcast clouds,18
Nyárjas,46.857778,19.923611,2026-08-02 18:40:26.903523,29.95,28.71,29.95,32.17,1013,30,3.7,66,71,0.0,Clouds,broken clouds,18
Pogonyipuszta,48.296389,20.381667,2026-08-02 18:40:28.056244,27.99,27.94,27.76,27.99,1017,44,2.53,73,100,0.0,Clouds,overcast clouds,18
Sióvölgy,46.911103,18.076964,2026-08-02 18:40:29.215923,28.86,32.79,28.86,29.97,1012,72,2.84,345,70,0.0,Clouds,broken clouds,18
Répáspuszta,46.430278,17.847222,2026-08-02 18:40:30.369900,28.79,27.47,28.79,28.79,1012,25,2.13,142,43,0.0,Clouds,scattered clouds,18
Virányos,48.066667,21.527222,2026-08-02 18:40:31.525322,27.27,28.77,27.27,27.27,1016,64,5.68,15,7,0.0,Clear,clear sky,18
Füzesbokor,47.988611,21.6475,2026-08-02 18:40:32.687407,27.33,28.51,27.33,27.33,1016,60,5.59,15,35,0.0,Clouds,scattered clouds,18
Kunfehértó,46.355833,19.417222,2026-08-02 18:40:33.853898,29.84,28.14,29.84,29.84,1012,21,2.61,132,19,0.0,Clouds,few clouds,18
Erdőszél,46.329444,19.395,2026-08-02 18:40:35.010394,29.92,28.21,29.92,29.92,1012,21,2.7,128,43,0.0,Clouds,scattered clouds,18
Jánoshalma,46.293056,19.330278,2026-08-02 18:40:36.165972,30.39,28.56,30.39,30.39,1012,20,2.78,120,67,0.0,Clouds,broken clouds,18
Mélykút,46.213056,19.370556,2026-08-02 18:40:37.325501,29.9,28.13,29.9,29.9,1012,19,2.81,109,54,0.0,Clouds,broken clouds,18
Bácsalmás,46.118056,19.346389,2026-08-02 18:40:38.500998,29.94,28.16,29.94,29.94,1012,19,2.93,98,43,0.0,Clouds,scattered clouds,18
Almás,46.116216,19.328803,2026-08-02 18:40:39.951460,29.96,28.18,29.96,29.96,1012,19,2.93,98,43,0.0,Clouds,scattered clouds,18
Bácsbokod-Bácsborsód,46.115833,19.16,2026-08-02 18:40:41.115746,30.8,28.91,30.8,30.8,1012,20,3.23,97,66,0.0,Clouds,broken clouds,18
Baja,46.187014,18.957602,2026-08-02 18:40:42.434676,31.28,29.37,31.28,31.28,1012,21,3.14,107,73,0.0,Clouds,broken clouds,18
Harkakötöny,46.458333,19.601944,2026-08-02 18:40:43.753586,32.06,30.09,32.06,32.06,1012,21,2.55,147,2,0.0,Clear,clear sky,18
Tajó,46.473056,19.650556,2026-08-02 18:40:45.085679,32.1,30.13,32.1,32.1,1012,21,2.49,147,2,0.0,Clear,clear sky,18
Kiskunmajsa,46.501667,19.728056,2026-08-02 18:40:46.390242,32.16,30.19,29.94,32.16,1012,21,2.41,152,3,0.0,Clear,clear sky,18
Jászszentlászló,46.565833,19.753611,2026-08-02 18:40:47.852367,32.18,30.9,29.96,32.18,1012,29,2.38,161,2,0.0,Clear,clear sky,18
Galambos,46.625,19.801111,2026-08-02 18:40:49.181937,32.21,30.94,29.99,32.21,1012,29,2.17,158,3,0.0,Clear,clear sky,18
Pestszentimre,47.402222,19.188611,2026-08-02 18:40:50.339777,31.5,30.85,30.5,31.57,1013,35,6.91,88,27,0.0,Clouds,scattered clouds,18
Gyál felső,47.390278,19.204722,2026-08-02 18:40:51.503583,31.5,30.85,30.5,31.58,1013,35,7.05,87,28,0.0,Clouds,scattered clouds,18
Gyál,47.376667,19.219444,2026-08-02 18:40:52.664141,31.53,30.88,30.53,31.61,1013,35,7.05,87,28,0.0,Clouds,scattered clouds,18
Ócsa,47.301389,19.232222,2026-08-02 18:40:53.818957,31.54,31.47,30.56,31.62,1012,39,7.45,86,42,0.0,Clouds,scattered clouds,18
Inárcs-Kakucs,47.247222,19.317778,2026-08-02 18:40:54.974776,33.98,34.9,33.98,33.98,1013,38,7.64,81,72,0.0,Clouds,broken clouds,18
Dabas,47.194722,19.328889,2026-08-02 18:40:56.131060,29.54,28.88,29.54,29.54,1013,37,7.59,76,85,0.0,Clouds,overcast clouds,18
Gyón,47.178333,19.355556,2026-08-02 18:40:57.338720,29.61,28.86,29.61,29.61,1013,36,7.51,73,87,0.0,Clouds,overcast clouds,18
Hernád,47.161389,19.4025,2026-08-02 18:40:58.496276,29.67,28.83,29.67,29.67,1013,35,7.5,66,97,0.0,Clouds,overcast clouds,18
Bakonygyirót,47.416389,17.811944,2026-08-02 18:40:59.649611,27.59,27.57,27.59,27.59,1013,44,2.9,348,74,0.0,Clouds,broken clouds,18
Vinye,47.360317,17.819635,2026-08-02 18:41:00.807293,27.25,27.28,27.25,27.25,1014,44,3.12,345,48,0.0,Clouds,scattered clouds,18
Nemesgörzsöny,47.402924,17.376385,2026-08-02 18:41:01.962906,27.43,27.63,27.43,27.43,1013,47,4.08,2,1,0.0,Clear,clear sky,18
Rábahíd,47.438618,17.337525,2026-08-02 18:41:03.122107,27.38,27.65,27.38,27.38,1013,48,4.15,1,1,0.0,Clear,clear sky,18
Öskü,47.162222,18.076389,2026-08-02 18:41:04.272940,28.53,28.07,28.53,28.53,1013,39,4.51,342,44,0.0,Clouds,scattered clouds,18
Márkó,47.1275,17.813889,2026-08-02 18:41:05.477421,28.75,28.72,28.75,28.75,1014,44,3.42,348,38,0.0,Clouds,scattered clouds,18
Nemeskocs,47.203333,17.188889,2026-08-02 18:41:06.632563,27.69,27.8,27.69,27.69,1013,46,4.08,9,2,0.0,Clear,clear sky,18
Zalagyömörő,47.011111,17.220833,2026-08-02 18:41:07.787922,28.21,28.08,28.21,28.21,1013,43,4.07,16,6,0.0,Clear,clear sky,18
Rigács,47.061667,17.199167,2026-08-02 18:41:08.942266,27.86,27.82,27.86,27.86,1013,44,4.04,16,5,0.0,Clear,clear sky,18
Kemenespálfa,47.139722,17.183056,2026-08-02 18:41:10.096505,27.8,27.84,27.8,27.8,1013,45,4.04,13,3,0.0,Clear,clear sky,18
Lentiszombathely,46.611389,16.5725,2026-08-02 18:41:11.249715,25.51,25.16,25.51,25.51,1013,40,2.56,350,4,0.0,Clear,clear sky,18
Ortaháza,46.626667,16.685833,2026-08-02 18:41:12.405215,27.9,27.71,27.9,27.9,1013,42,2.42,359,1,0.0,Clear,clear sky,18
Rádiháza,46.654722,16.765833,2026-08-02 18:41:13.566206,27.99,27.79,27.99,27.99,1013,42,2.47,7,0,0.0,Clear,clear sky,18
Baktüttös,46.690833,16.826389,2026-08-02 18:41:14.722547,27.94,26.78,27.94,27.94,1013,23,2.76,16,0,0.0,Clear,clear sky,18
Budafa,46.851667,16.624722,2026-08-02 18:41:15.881560,27.97,27.78,27.97,27.97,1013,42,2.86,20,6,0.0,Clear,clear sky,18
Zalapatakalja,46.845556,16.603889,2026-08-02 18:41:17.045292,27.94,27.75,27.94,27.94,1013,42,2.77,18,5,0.0,Clear,clear sky,18
Tormásliget,47.430556,16.781667,2026-08-02 18:41:18.201482,28.08,29.34,28.08,28.08,1014,58,4.23,359,7,0.0,Clear,clear sky,18
Belecska,46.64,18.411389,2026-08-02 18:41:19.356746,29.86,28.28,29.86,29.86,1012,24,3.41,167,24,0.0,Clouds,few clouds,18
Almár,47.956111,20.356944,2026-08-02 18:41:20.511528,27.5,28.22,26.48,28.59,1016,54,6.91,48,44,0.0,Clouds,scattered clouds,18
Vasútmúzeum,47.543889,19.099444,2026-08-02 18:41:21.675303,30.8,30.39,30.54,31.62,1013,38,1.79,334,52,0.0,Clouds,broken clouds,18
Abda,47.690833,17.540556,2026-08-02 18:41:22.831127,27.07,27.61,27.07,27.07,1014,52,4.03,5,4,0.0,Clear,clear sky,18
Vadaspark,47.526111,18.949167,2026-08-02 18:41:23.987005,28.87,28.39,28.74,29.81,1013,39,1.79,334,99,0.0,Clouds,overcast clouds,18
Barosstelep,47.398889,18.989167,2026-08-02 18:41:25.143835,31.43,30.9,30.6,31.68,1013,36,2.24,4,43,0.0,Clouds,scattered clouds,18
Fegyvernek-Örményes,47.194444,20.5575,2026-08-02 18:41:26.304400,29.45,29.51,29.45,29.45,1014,44,8.6,48,80,0.0,Clouds,broken clouds,18
Zagyvapálfalva,48.068889,19.785,2026-08-02 18:41:27.463149,26.89,27.94,26.89,26.89,1016,60,5.42,47,18,0.0,Clouds,few clouds,18
Salgótarján,48.105556,19.807222,2026-08-02 18:41:28.795840,26.09,26.09,26.09,26.09,1016,62,5.68,53,29,0.0,Clouds,scattered clouds,18
Szabadisóstó,46.933889,18.118056,2026-08-02 18:41:30.148436,28.84,32.74,28.84,29.95,1012,72,2.84,342,70,0.0,Clouds,broken clouds,18
Siófok,46.907778,18.053889,2026-08-02 18:41:31.409595,28.84,32.74,28.84,29.95,1012,72,2.84,345,70,0.0,Clouds,broken clouds,18
Balatonszéplak felső,46.898056,18.018056,2026-08-02 18:41:32.780284,28.84,32.74,28.84,29.95,1012,72,2.56,347,66,0.0,Clouds,broken clouds,18
Balatonszéplak alsó,46.891944,17.993333,2026-08-02 18:41:34.026823,28.84,32.74,28.84,29.95,1012,72,1.79,90,71,0.0,Clouds,broken clouds,18
Zamárdi felső,46.886111,17.969444,2026-08-02 18:41:35.294702,29.96,28.72,28.85,29.96,1012,30,1.79,90,76,0.0,Clouds,broken clouds,18
Zamárdi,46.88,17.944722,2026-08-02 18:41:36.603693,29.9,28.66,28.79,29.9,1012,30,1.79,90,76,0.0,Clouds,broken clouds,18
Szántód,46.861944,17.899167,2026-08-02 18:41:37.880888,29.97,28.72,28.86,29.97,1012,30,1.79,90,81,0.0,Clouds,broken clouds,18
Szőny-Déli,47.735278,18.141944,2026-08-02 18:41:39.035095,27.81,28.0,27.81,27.81,1013,47,5.71,7,90,0.0,Clouds,overcast clouds,18
Várpalota,47.194444,18.149167,2026-08-02 18:41:40.188803,28.26,27.69,28.26,28.26,1013,37,3.75,350,53,0.0,Clouds,broken clouds,18
Pétfürdő,47.1675,18.121389,2026-08-02 18:41:41.346050,28.66,28.04,28.66,28.66,1013,37,4.08,346,50,0.0,Clouds,scattered clouds,18
Hajmáskér,47.141111,18.009444,2026-08-02 18:41:42.499947,28.44,28.06,28.44,29.55,1013,40,4.6,340,39,0.0,Clouds,scattered clouds,18
Veszprém,47.118889,17.91,2026-08-02 18:41:43.657328,29.34,29.27,28.23,29.34,1013,43,4.16,341,40,0.0,Clouds,scattered clouds,18
Herend,47.136944,17.760278,2026-08-02 18:41:44.811558,28.53,28.48,28.53,28.53,1014,44,3.21,352,36,0.0,Clouds,scattered clouds,18
Városlőd,47.144167,17.652778,2026-08-02 18:41:45.968209,26.4,26.4,26.4,26.4,1014,45,3.02,13,23,0.0,Clouds,few clouds,18
Városlőd-Kislőd,47.133889,17.631111,2026-08-02 18:41:47.122704,26.89,27.04,26.89,26.89,1014,45,3.02,12,28,0.0,Clouds,scattered clouds,18
Ajka,47.105902,17.572938,2026-08-02 18:41:48.288597,27.35,27.36,27.35,27.35,1013,44,3.38,20,25,0.0,Clouds,scattered clouds,18
Ajka-Gyártelep,47.096806,17.555219,2026-08-02 18:41:49.448595,27.35,27.36,27.35,27.35,1013,44,3.38,20,25,0.0,Clouds,scattered clouds,18
Devecser,47.1125,17.435278,2026-08-02 18:41:50.605418,27.66,27.64,27.66,27.66,1013,44,3.7,23,17,0.0,Clouds,few clouds,18
Somlóvásárhely,47.124444,17.369167,2026-08-02 18:41:51.756682,27.64,27.62,27.64,27.64,1013,44,3.89,22,10,0.0,Clear,clear sky,18
Tüskevár,47.128611,17.331389,2026-08-02 18:41:52.909286,27.72,27.76,27.72,27.72,1013,45,3.92,20,9,0.0,Clear,clear sky,18
Karakószörcsök,47.133611,17.287778,2026-08-02 18:41:54.072665,27.76,27.8,27.76,27.76,1013,45,3.95,18,7,0.0,Clear,clear sky,18
Kerta,47.151944,17.237222,2026-08-02 18:41:55.226486,27.8,27.84,27.8,27.8,1013,45,4.03,12,4,0.0,Clear,clear sky,18
Boba,47.183333,17.191389,2026-08-02 18:41:56.479505,27.71,27.82,27.71,27.71,1013,46,4.06,10,3,0.0,Clear,clear sky,18
Börgönd,47.140278,18.515,2026-08-02 18:41:57.717980,29.14,27.83,29.14,29.14,1012,27,2.97,15,8,0.0,Clear,clear sky,18
Belsőbáránd,47.102778,18.499722,2026-08-02 18:41:58.874569,29.05,27.71,29.05,29.05,1012,26,2.76,11,6,0.0,Clear,clear sky,18
Zichyújfalu,47.124444,18.6725,2026-08-02 18:42:00.042452,29.31,27.83,29.31,29.31,1012,24,2.43,46,55,0.0,Clouds,broken clouds,18
Seregélyes,47.121111,18.580556,2026-08-02 18:42:01.200099,29.32,27.92,29.32,29.32,1012,26,2.85,18,13,0.0,Clouds,few clouds,18
Polgárdi-Ipartelepek,47.079167,18.314444,2026-08-02 18:42:02.439485,28.47,27.45,28.47,28.47,1012,30,2.93,356,54,0.0,Clouds,broken clouds,18
Polgárdi,47.07,18.284167,2026-08-02 18:42:03.592447,28.47,27.45,28.47,28.47,1012,30,2.93,356,54,0.0,Clouds,broken clouds,18
Füle,47.05,18.255278,2026-08-02 18:42:04.759139,28.44,27.43,28.44,28.44,1012,30,2.87,352,61,0.0,Clouds,broken clouds,18
Zánka-Erzsébettábor,46.8775,17.709167,2026-08-02 18:42:05.915794,29.9,28.73,28.79,29.9,1013,31,3.24,20,100,0.0,Clouds,overcast clouds,18
Csajág,47.033889,18.186389,2026-08-02 18:42:07.070743,28.68,32.38,28.68,29.79,1012,72,3.25,347,78,0.0,Clouds,broken clouds,18
Balatonakarattya,47.017222,18.167778,2026-08-02 18:42:08.227606,28.53,32.05,28.53,29.64,1012,72,3.25,347,78,0.0,Clouds,broken clouds,18
Csittényhegy,47.025278,18.1375,2026-08-02 18:42:09.383317,28.75,32.54,28.75,29.86,1012,72,3.49,347,80,0.0,Clouds,broken clouds,18
Balatonkenese,47.0325,18.105556,2026-08-02 18:42:10.536228,28.83,32.72,28.83,29.94,1012,72,3.72,346,82,0.0,Clouds,broken clouds,18
Balatonfűzfő,47.060278,18.0425,2026-08-02 18:42:11.687816,28.86,32.79,28.86,29.97,1013,72,4.29,346,77,0.0,Clouds,broken clouds,18
Balatonalmádi,47.028333,18.015,2026-08-02 18:42:12.849576,28.83,32.72,28.83,29.94,1013,72,4.11,347,83,0.0,Clouds,broken clouds,18
Káptalanfüred,47.008889,18.003889,2026-08-02 18:42:14.007263,28.86,32.79,28.86,29.97,1013,72,3.92,348,87,0.0,Clouds,overcast clouds,18
Alsóörs,46.985278,17.974722,2026-08-02 18:42:15.179862,29.98,28.81,28.87,29.98,1013,31,0.89,90,87,0.0,Clouds,overcast clouds,18
Csopak,46.974722,17.931111,2026-08-02 18:42:16.333601,29.85,28.69,28.74,29.85,1013,31,0.89,90,93,0.0,Clouds,overcast clouds,18
Balatonarács,46.9625,17.8975,2026-08-02 18:42:17.487540,29.75,28.59,28.64,29.75,1013,31,0.89,90,93,0.0,Clouds,overcast clouds,18
Balatonfüred,46.955833,17.883056,2026-08-02 18:42:18.644847,29.82,28.66,28.71,29.82,1013,31,0.89,90,95,0.0,Clouds,overcast clouds,18
Aszófő,46.925556,17.8325,2026-08-02 18:42:19.804925,29.92,28.75,28.81,29.92,1013,31,0.89,90,95,0.0,Clouds,overcast clouds,18
Örvényes,46.9125,17.818056,2026-08-02 18:42:20.963896,29.94,28.77,28.83,29.94,1013,31,0.89,90,95,0.0,Clouds,overcast clouds,18
Balatonudvari,46.904722,17.808056,2026-08-02 18:42:22.117681,29.97,28.8,28.86,29.97,1013,31,0.89,90,96,0.0,Clouds,overcast clouds,18
Fövenyes,46.893611,17.789444,2026-08-02 18:42:23.276867,29.99,28.82,28.88,29.99,1013,31,0.89,90,96,0.0,Clouds,overcast clouds,18
Balatonakali-Dörgicse,46.88,17.747778,2026-08-02 18:42:24.431248,29.98,28.81,28.87,29.98,1013,31,3.17,14,97,0.0,Clouds,overcast clouds,18
Zánka-Köveskál,46.872778,17.687778,2026-08-02 18:42:25.585145,29.97,28.8,28.86,29.97,1013,31,3.33,19,100,0.0,Clouds,overcast clouds,18
Balatonszepezd,46.851111,17.663056,2026-08-02 18:42:26.743665,29.97,28.8,29.97,29.97,1012,31,3.3,22,100,0.0,Clouds,overcast clouds,18
Szepezdfürdő,46.839722,17.649444,2026-08-02 18:42:27.910981,29.94,29.3,29.94,29.94,1012,37,3.39,20,100,0.0,Clouds,overcast clouds,18
Révfülöp,46.829167,17.632222,2026-08-02 18:42:29.062486,29.95,29.31,29.95,29.95,1012,37,3.39,20,100,0.0,Clouds,overcast clouds,18
Balatonrendes,46.824722,17.582778,2026-08-02 18:42:30.214738,29.95,29.31,29.95,29.95,1012,37,3.55,13,99,0.0,Clouds,overcast clouds,18
Ábrahámhegy,46.815,17.572222,2026-08-02 18:42:31.368009,29.92,29.28,29.92,29.92,1012,37,3.55,13,99,0.0,Clouds,overcast clouds,18
Badacsonyörs,46.805556,17.531667,2026-08-02 18:42:32.537122,28.78,28.22,28.78,28.78,1012,38,3.6,10,93,0.0,Clouds,overcast clouds,18
Kisújszállás,47.223889,20.751111,2026-08-02 18:42:33.800434,29.22,29.46,29.22,29.22,1014,46,8.3,43,15,0.0,Clouds,few clouds,18
Karcag,47.303333,20.928056,2026-08-02 18:42:35.175232,29.05,29.49,29.05,29.05,1014,48,8.13,38,78,0.0,Clouds,broken clouds,18
Püspökladány,47.3275,21.128889,2026-08-02 18:42:36.327906,29.02,29.45,29.02,29.02,1014,48,7.62,32,100,0.0,Clouds,overcast clouds,18
Kaba,47.368889,21.259444,2026-08-02 18:42:37.639391,28.88,29.28,28.88,28.88,1014,48,6.95,27,80,0.0,Clouds,broken clouds,18
Hajdúszoboszló,47.429444,21.406944,2026-08-02 18:42:38.899256,28.59,28.93,28.59,28.59,1014,48,6.38,21,51,0.0,Clouds,broken clouds,18
Ebes,47.462778,21.488889,2026-08-02 18:42:40.051537,28.49,28.82,28.49,28.49,1014,48,6.26,20,40,0.0,Clouds,scattered clouds,18
Debrecen,47.520278,21.628611,2026-08-02 18:42:41.202100,28.26,28.56,28.26,28.26,1014,48,5.96,18,12,0.0,Clouds,few clouds,18
Debrecen-Csapókert,47.540556,21.648056,2026-08-02 18:42:42.354900,28.09,28.37,28.09,28.09,1014,48,5.86,17,7,0.0,Clear,clear sky,18
Apafa,47.584045,21.655858,2026-08-02 18:42:43.508148,28.01,28.37,28.01,28.01,1014,49,5.85,16,8,0.0,Clear,clear sky,18
Bocskaikert,47.6425,21.666389,2026-08-02 18:42:44.678589,27.71,28.21,27.71,27.71,1015,51,5.86,15,18,0.0,Clouds,few clouds,18
Hajdúhadház,47.686944,21.679167,2026-08-02 18:42:45.838252,27.77,28.28,27.77,27.77,1015,51,5.79,15,29,0.0,Clouds,scattered clouds,18
Téglás,47.714722,21.684722,2026-08-02 18:42:46.992386,27.76,28.27,27.76,27.76,1015,51,5.79,14,36,0.0,Clouds,scattered clouds,18
Újfehértó,47.814444,21.706389,2026-08-02 18:42:48.145722,27.7,28.46,27.7,27.7,1015,54,5.76,15,55,0.0,Clouds,broken clouds,18
Nyíregyháza,47.946667,21.705556,2026-08-02 18:42:49.300559,27.4,28.43,27.4,27.4,1015,58,5.54,14,51,0.0,Clouds,broken clouds,18
Sóstó,47.998051,21.729047,2026-08-02 18:42:50.476582,27.21,28.27,27.21,27.21,1015,59,5.21,11,58,0.0,Clouds,broken clouds,18
Sóstóhegy,48.012222,21.742778,2026-08-02 18:42:51.630498,27.24,28.39,27.24,27.24,1015,60,5.21,10,52,0.0,Clouds,broken clouds,18
Kemecse,48.065556,21.801667,2026-08-02 18:42:52.786919,27.05,28.22,27.05,27.05,1016,61,5.06,5,50,0.0,Clouds,scattered clouds,18
Nyírbogdány,48.082222,21.855278,2026-08-02 18:42:53.960771,26.93,28.06,26.93,26.93,1016,61,5.02,2,46,0.0,Clouds,scattered clouds,18
Kék,48.093333,21.883889,2026-08-02 18:42:55.118156,26.89,28.01,26.89,26.89,1016,61,4.8,359,50,0.0,Clouds,scattered clouds,18
Demecser,48.111667,21.926667,2026-08-02 18:42:56.270490,26.79,27.89,26.79,26.79,1016,61,4.78,356,42,0.0,Clouds,scattered clouds,18
Gégény,48.128333,21.951944,2026-08-02 18:42:57.424228,26.67,27.8,26.67,26.67,1016,62,4.76,353,33,0.0,Clouds,scattered clouds,18
Pátroha,48.158611,21.996667,2026-08-02 18:42:58.579310,26.59,26.59,26.59,26.59,1016,62,4.73,351,23,0.0,Clouds,few clouds,18
Ajak,48.1865,22.048972,2026-08-02 18:42:59.735573,26.48,26.48,26.48,26.48,1016,62,4.7,348,14,0.0,Clouds,few clouds,18
Kisvárda,48.208333,22.078333,2026-08-02 18:43:00.889865,26.35,26.35,26.35,26.35,1016,63,4.55,345,6,0.0,Clear,clear sky,18
Kisvárda-Hármasút,48.228333,22.091944,2026-08-02 18:43:02.046563,26.35,26.35,26.35,26.35,1016,63,4.55,345,6,0.0,Clear,clear sky,18
Fényeslitke,48.267222,22.107222,2026-08-02 18:43:03.199663,26.12,26.12,26.12,26.12,1016,64,4.44,342,0,0.0,Clear,clear sky,18
Komoró,48.305278,22.118056,2026-08-02 18:43:04.368435,26.1,26.1,26.1,26.1,1016,64,4.43,340,0,0.0,Clear,clear sky,18
Tuzsér,48.342222,22.131667,2026-08-02 18:43:05.523306,25.93,26.28,25.93,25.93,1016,65,4.37,338,0,0.0,Clear,clear sky,18
Tiszabezdéd,48.371389,22.145,2026-08-02 18:43:06.677731,25.8,26.16,25.8,25.8,1016,66,4.18,337,0,0.0,Clear,clear sky,18
Záhony,48.402222,22.183611,2026-08-02 18:43:07.833886,25.63,25.97,25.63,25.63,1016,66,3.98,337,0,0.0,Clear,clear sky,18
Karcag-Vásártér,47.3225,20.9075,2026-08-02 18:43:08.987753,30.56,31.56,30.56,30.56,1014,48,8.13,38,78,0.0,Clouds,broken clouds,18
Berekfürdő,47.374722,20.827222,2026-08-02 18:43:10.140738,30.55,31.89,30.55,30.55,1014,50,8.33,42,40,0.0,Clouds,scattered clouds,18
Kunmadaras,47.415278,20.793056,2026-08-02 18:43:11.294105,30.54,31.36,30.54,30.54,1014,47,8.4,45,29,0.0,Clouds,scattered clouds,18
Tiszaszentimre,47.490833,20.733056,2026-08-02 18:43:12.449539,30.55,31.38,30.55,30.55,1015,47,8.43,50,8,0.0,Clear,clear sky,18
Tiszaszőlős,47.555556,20.728056,2026-08-02 18:43:13.605743,30.55,31.38,30.55,30.55,1015,47,8.4,51,7,0.0,Clear,clear sky,18
Hosszúhát,47.235556,21.101944,2026-08-02 18:43:14.765970,29.35,29.5,29.35,29.35,1014,45,7.6,34,100,0.0,Clouds,overcast clouds,18
Szerep,47.234444,21.145833,2026-08-02 18:43:15.926330,29.37,29.53,29.37,29.37,1014,45,7.5,34,100,0.0,Clouds,overcast clouds,18
Sárrétudvari,47.231667,21.180833,2026-08-02 18:43:17.085972,29.36,29.4,29.36,29.36,1014,44,7.4,33,100,0.0,Clouds,overcast clouds,18
Biharnagybajom,47.208889,21.221944,2026-08-02 18:43:18.239222,29.46,29.41,29.46,29.46,1014,43,7.2,33,100,0.0,Clouds,overcast clouds,18
Füzesgyarmat,47.113056,21.194444,2026-08-02 18:43:19.398859,29.84,29.62,29.84,29.84,1013,41,7.21,38,95,0.0,Clouds,overcast clouds,18
Füzesgyarmatfürdő,47.093787,21.201582,2026-08-02 18:43:20.552599,29.84,29.62,29.84,29.84,1013,41,7.21,38,95,0.0,Clouds,overcast clouds,18
Báránd,47.299722,21.235278,2026-08-02 18:43:21.714995,29.09,29.42,29.09,29.09,1014,47,7.15,29,95,0.0,Clouds,overcast clouds,18
Sáp,47.259722,21.360556,2026-08-02 18:43:22.870360,29.28,29.31,29.28,29.28,1014,44,6.83,29,93,0.0,Clouds,overcast clouds,18
Berettyóújfalu,47.211944,21.535556,2026-08-02 18:43:24.024683,29.61,29.15,29.61,29.61,1014,39,6.61,30,94,0.0,Clouds,overcast clouds,18
Mezőpeterd,47.176111,21.625278,2026-08-02 18:43:25.182240,29.17,28.52,29.17,29.17,1013,37,6.57,30,100,1.09,Rain,moderate rain,18
Biharkeresztes,47.135556,21.721389,2026-08-02 18:43:26.337418,29.14,29.97,29.14,29.14,1013,51,5.99,27,100,0.55,Rain,light rain,18
Tócóvölgy,47.529444,21.588889,2026-08-02 18:43:27.489488,28.29,28.59,28.29,28.29,1014,48,6.05,18,17,0.0,Clouds,few clouds,18
Sáregres,46.7825,18.588889,2026-08-02 18:43:28.649526,29.89,28.26,29.89,29.89,1012,23,3.76,167,48,0.0,Clouds,scattered clouds,18
Simontornya,46.756582,18.540674,2026-08-02 18:43:29.802749,29.88,28.25,29.88,29.88,1012,23,3.72,168,44,0.0,Clouds,scattered clouds,18
Tolnanémedi,46.727778,18.475833,2026-08-02 18:43:30.956788,29.97,28.32,29.97,29.97,1012,23,3.78,169,43,0.0,Clouds,scattered clouds,18
Pincehely,46.681389,18.43,2026-08-02 18:43:32.109235,29.72,28.12,29.72,29.72,1012,23,3.57,171,24,0.0,Clouds,few clouds,18
Keszőhidegkút-Gyönk,46.597778,18.426111,2026-08-02 18:43:33.265212,29.77,28.2,29.77,29.77,1012,24,3.25,164,25,0.0,Clouds,scattered clouds,18
Szárazd,46.575556,18.420833,2026-08-02 18:43:34.419340,29.81,28.23,29.81,29.81,1012,24,3.07,161,26,0.0,Clouds,scattered clouds,18
Regöly,46.568889,18.396111,2026-08-02 18:43:35.580302,29.81,28.23,29.81,29.81,1012,24,3.07,161,26,0.0,Clouds,scattered clouds,18
Szakály-Hőgyész,46.523611,18.389444,2026-08-02 18:43:36.740197,29.69,28.13,29.69,29.69,1012,24,2.76,155,28,0.0,Clouds,scattered clouds,18
Dúzs,46.493889,18.377222,2026-08-02 18:43:37.901932,29.78,28.21,29.78,29.78,1012,24,2.65,152,35,0.0,Clouds,scattered clouds,18
Csibrák,46.466667,18.336389,2026-08-02 18:43:39.060494,29.87,28.28,29.87,29.87,1012,24,2.65,149,39,0.0,Clouds,scattered clouds,18
Kurd,46.449167,18.319167,2026-08-02 18:43:40.226189,29.63,28.09,29.63,29.63,1012,24,2.61,148,49,0.0,Clouds,scattered clouds,18
Döbrököz,46.418889,18.255,2026-08-02 18:43:41.382528,29.93,28.33,29.93,29.93,1012,24,2.75,145,52,0.0,Clouds,broken clouds,18
Dombóvár,46.37,18.149722,2026-08-02 18:43:42.537004,29.78,28.21,29.78,29.78,1012,24,2.83,142,43,0.0,Clouds,scattered clouds,18
Dombóvár alsó,46.363889,18.134167,2026-08-02 18:43:43.697526,29.78,28.21,29.78,29.78,1012,24,2.83,142,43,0.0,Clouds,scattered clouds,18
Somoskőújfalu,48.154722,19.815556,2026-08-02 18:43:44.864347,24.81,25.02,24.81,24.81,1016,64,5.85,58,45,0.0,Clouds,scattered clouds,18
Jászfényszaru,47.593056,19.754444,2026-08-02 18:43:46.021309,28.82,28.99,28.82,28.82,1014,46,5.71,74,35,0.0,Clouds,scattered clouds,18
Pusztamonostor,47.564444,19.794167,2026-08-02 18:43:47.181001,28.83,28.9,28.83,28.83,1014,45,5.91,72,23,0.0,Clouds,few clouds,18
Jászberény,47.494444,19.893333,2026-08-02 18:43:48.340185,28.93,28.91,28.93,28.93,1014,44,6.72,68,15,0.0,Clouds,few clouds,18
Meggyespele,47.441944,19.938889,2026-08-02 18:43:49.503382,28.95,28.74,28.95,28.95,1013,42,7.44,67,31,0.0,Clouds,scattered clouds,18
Portelek,47.418056,19.958889,2026-08-02 18:43:50.660489,28.97,28.76,28.97,28.97,1013,42,7.56,67,42,0.0,Clouds,scattered clouds,18
Jászboldogháza-Jánoshida,47.366944,20.001389,2026-08-02 18:43:51.818541,28.96,28.75,28.96,28.96,1013,42,7.8,67,64,0.0,Clouds,broken clouds,18
Jászárokszállás,47.635556,19.971111,2026-08-02 18:43:52.974454,28.86,29.25,28.86,28.86,1014,48,6.08,69,3,0.0,Clear,clear sky,18
Jászdózsa,47.563056,20.028056,2026-08-02 18:43:54.127971,29.01,29.32,29.01,29.01,1014,47,6.83,68,0,0.0,Clear,clear sky,18
Jászapáti,47.513611,20.155,2026-08-02 18:43:55.280442,29.07,29.28,29.07,29.07,1014,46,7.62,66,3,0.0,Clear,clear sky,18
Jászkisér,47.456111,20.203333,2026-08-02 18:43:56.439396,30.57,31.24,30.57,30.57,1014,46,7.82,66,9,0.0,Clear,clear sky,18
Jászladány,47.373333,20.159167,2026-08-02 18:43:57.599249,29.01,28.9,29.01,29.01,1013,43,8.18,66,53,0.0,Clouds,broken clouds,18
Szászberek,47.320556,20.090833,2026-08-02 18:43:58.756542,29.0,28.79,29.0,31.66,1013,42,8.25,66,79,0.0,Clouds,broken clouds,18
Gyöngyöshalász,47.743056,19.932222,2026-08-02 18:43:59.914243,28.36,28.97,28.36,28.36,1015,51,4.92,65,26,0.0,Clouds,scattered clouds,18
Gyöngyös,47.783056,19.937222,2026-08-02 18:44:01.071352,27.98,28.61,27.98,27.98,1015,52,5.01,61,16,0.0,Clouds,few clouds,18
Erdőtelek,47.683333,20.3025,2026-08-02 18:44:02.226524,28.64,29.31,28.64,28.64,1015,51,8.81,64,72,0.0,Clouds,broken clouds,18
Heves,47.609444,20.306111,2026-08-02 18:44:03.383724,28.81,29.3,28.81,28.81,1014,49,8.39,65,28,0.0,Clouds,scattered clouds,18
Hevesvezekény,47.562222,20.365833,2026-08-02 18:44:04.544105,28.81,29.42,28.81,28.81,1014,50,8.4,64,19,0.0,Clouds,few clouds,18
Tarnaszentmiklós,47.546944,20.390833,2026-08-02 18:44:05.696182,28.86,29.36,28.86,28.86,1014,49,8.24,64,8,0.0,Clear,clear sky,18
Kisköre,47.495556,20.481667,2026-08-02 18:44:06.851553,28.82,29.43,28.82,28.82,1014,50,8.19,61,1,0.0,Clear,clear sky,18
Abádszalók,47.455278,20.553056,2026-08-02 18:44:08.008579,28.81,29.42,28.81,28.81,1014,50,8.2,60,3,0.0,Clear,clear sky,18
Kunhegyes,47.376667,20.641111,2026-08-02 18:44:09.176388,28.87,29.49,28.87,28.87,1014,50,8.35,52,13,0.0,Clouds,few clouds,18
Kenderes,47.254444,20.686111,2026-08-02 18:44:10.329103,29.21,29.57,29.21,29.21,1014,47,8.42,46,30,0.0,Clouds,scattered clouds,18
Maklár,47.808056,20.404722,2026-08-02 18:44:11.482802,27.91,28.91,27.91,27.91,1016,56,9.05,54,100,0.0,Clouds,overcast clouds,18
Andornaktálya,47.852203,20.402295,2026-08-02 18:44:12.649816,27.85,29.03,27.85,28.87,1016,58,8.56,51,100,0.0,Clouds,overcast clouds,18
Eger,47.891667,20.381667,2026-08-02 18:44:13.817653,27.76,28.81,26.67,28.78,1016,57,8.16,52,83,0.0,Clouds,broken clouds,18
Egervár,47.908056,20.380556,2026-08-02 18:44:14.975429,27.56,28.29,26.48,28.6,1016,54,7.8,50,71,0.0,Clouds,broken clouds,18
Eger-Felnémet,47.936667,20.370556,2026-08-02 18:44:16.130215,27.58,28.32,26.54,28.65,1016,54,7.39,49,60,0.0,Clouds,broken clouds,18
Szarvaskő,47.988611,20.3325,2026-08-02 18:44:17.284326,27.21,27.9,26.13,27.45,1016,54,6.48,47,37,0.0,Clouds,scattered clouds,18
Mónosbél,48.031944,20.33,2026-08-02 18:44:18.436987,27.05,27.72,25.95,27.27,1017,54,5.59,48,35,0.0,Clouds,scattered clouds,18
Bélapátfalva,48.055556,20.340556,2026-08-02 18:44:19.593146,26.77,27.32,25.65,26.98,1017,52,5.14,50,39,0.0,Clouds,scattered clouds,18
Bélapátfalvi Cementgyár,48.058056,20.355,2026-08-02 18:44:20.755225,26.71,27.26,25.61,26.93,1017,52,5.14,50,39,0.0,Clouds,scattered clouds,18
Szilvásvárad,48.11345,20.37919,2026-08-02 18:44:21.908887,26.63,26.63,25.48,26.8,1017,50,4.22,58,58,0.0,Clouds,broken clouds,18
Hejőkeresztúr,47.960278,20.869444,2026-08-02 18:44:23.066325,30.47,31.76,27.02,31.1,1016,50,1.79,19,0,0.0,Clear,clear sky,18
Tiszaújváros,47.926111,21.030556,2026-08-02 18:44:24.221718,31.15,32.28,29.18,31.15,1016,47,6.66,22,29,0.0,Clouds,scattered clouds,18
Miskolc-Gömöri,48.106667,20.800278,2026-08-02 18:44:25.378626,27.52,31.18,26.91,29.03,1017,82,8.07,26,33,0.0,Clouds,scattered clouds,18
Sajókeresztúr,48.168008,20.774014,2026-08-02 18:44:26.536200,26.92,31.55,26.86,28.97,1017,100,7.48,34,62,0.0,Clouds,broken clouds,18
Sajóecseg,48.186111,20.766667,2026-08-02 18:44:27.688498,26.9,31.48,26.9,29.01,1017,100,7.32,37,72,0.0,Clouds,broken clouds,18
Sajószentpéter,48.222222,20.708056,2026-08-02 18:44:28.841243,26.99,31.8,26.8,28.92,1017,100,6.67,43,88,0.0,Clouds,overcast clouds,18
Kazincbarcika,48.264444,20.6275,2026-08-02 18:44:29.996898,26.91,28.32,26.81,28.13,1017,65,4.43,66,100,0.0,Clouds,overcast clouds,18
Sajókaza,48.272778,20.581944,2026-08-02 18:44:31.151501,28.12,30.11,26.8,28.12,1017,64,4.07,70,100,0.0,Clouds,overcast clouds,18
Vadna,48.276389,20.555278,2026-08-02 18:44:32.308338,28.09,30.06,26.78,28.1,1017,64,4.07,70,100,0.0,Clouds,overcast clouds,18
Dubicsány,48.280833,20.504722,2026-08-02 18:44:33.462830,28.07,28.02,26.76,28.09,1017,44,3.24,80,100,0.0,Clouds,overcast clouds,18
Raposka,46.851389,17.412778,2026-08-02 18:44:34.633100,28.53,28.15,28.53,28.53,1012,40,3.9,5,52,0.0,Clouds,broken clouds,18
Ivacs,47.641944,19.273889,2026-08-02 18:44:35.790086,30.26,29.99,29.63,31.24,1013,40,3.86,90,0,0.0,Clear,clear sky,18
Kisköre-Tiszahíd,47.480835,20.507698,2026-08-02 18:44:36.944584,28.87,29.49,28.87,28.87,1014,50,8.15,61,4,0.0,Clear,clear sky,18
Rozsály,47.912778,22.7825,2026-08-02 18:44:38.099546,28.92,29.33,28.92,28.92,1014,48,5.03,71,24,0.0,Clouds,few clouds,18
Pusztakettős,47.453611,20.749722,2026-08-02 18:44:39.253519,28.66,29.57,28.66,28.66,1014,53,8.43,47,19,0.0,Clouds,few clouds,18
Kisvác,47.795278,19.113611,2026-08-02 18:44:40.415151,30.5,30.99,30.5,30.5,1014,45,2.51,27,43,0.0,Clouds,scattered clouds,18
Tiszafüred-Gyártelep,47.6075,20.736111,2026-08-02 18:44:41.573186,28.33,29.47,28.33,28.33,1015,56,8.33,51,8,0.0,Clear,clear sky,18
Újkenéz,48.251111,22.221667,2026-08-02 18:44:42.730657,25.93,26.25,25.93,25.93,1015,64,4.03,344,0,0.0,Clear,clear sky,18
Püspökladány-Vásártér,47.319167,21.096111,2026-08-02 18:44:43.887686,29.11,29.44,29.11,29.11,1014,47,7.65,32,100,0.0,Clouds,overcast clouds,18
Végegyháza alsó,46.3675,20.866944,2026-08-02 18:44:45.041646,32.27,31.25,32.27,32.27,1012,31,6.61,19,100,0.0,Clouds,overcast clouds,18
Orosháza felső,46.553611,20.655278,2026-08-02 18:44:46.195421,32.74,31.97,32.74,32.74,1012,32,5.9,54,95,0.0,Clouds,overcast clouds,18
Ambrózfalva,46.353056,20.740556,2026-08-02 18:44:47.350208,32.4,31.28,32.4,32.4,1012,30,6.62,24,100,0.0,Clouds,overcast clouds,18
Alsónyék,46.199444,18.738056,2026-08-02 18:44:48.504639,30.86,29.04,30.86,30.86,1012,22,2.02,128,81,0.0,Clouds,broken clouds,18
Tompapuszta,46.321389,20.966389,2026-08-02 18:44:49.663377,32.26,39.26,32.26,32.3,1012,100,4.05,12,100,0.0,Clouds,overcast clouds,18
Halászlak,46.911879,20.56228,2026-08-02 18:44:50.819847,32.77,33.03,32.77,32.77,1013,38,6.98,48,63,0.0,Clouds,broken clouds,18
Sirató,46.840556,20.61,2026-08-02 18:44:51.975650,32.78,32.67,32.78,32.78,1012,36,6.22,49,45,0.0,Clouds,scattered clouds,18
Csabacsűd felső,46.829167,20.649167,2026-08-02 18:44:53.138575,32.77,32.84,32.77,32.77,1012,37,6.52,49,28,0.0,Clouds,scattered clouds,18
Orosháza-Üveggyár,46.579979,20.683644,2026-08-02 18:44:54.293953,32.72,32.09,32.72,32.72,1012,33,6.44,53,83,0.0,Clouds,broken clouds,18
Gyulai városerdő,46.69482,21.32281,2026-08-02 18:44:55.448006,29.41,28.58,29.41,29.41,1012,35,7.0,28,93,0.0,Clouds,overcast clouds,18
Kórógyszentgyörgy,46.564377,20.224998,2026-08-02 18:44:56.604909,32.23,31.47,32.23,32.78,1012,33,1.95,70,22,0.0,Clouds,few clouds,18
Kunszállás,46.784444,19.767222,2026-08-02 18:44:57.764775,31.0,29.73,29.94,32.16,1012,30,2.05,115,6,0.0,Clear,clear sky,18
Selymes,46.655321,19.8534,2026-08-02 18:44:58.921532,32.22,30.95,30.0,32.22,1012,29,1.86,150,10,0.0,Clear,clear sky,18
Petőfiszállási tanyák,46.587805,19.874509,2026-08-02 18:45:00.077886,31.18,29.83,30.04,32.26,1012,29,1.75,159,14,0.0,Clouds,few clouds,18
Kisteleki szőlők,46.514199,19.92868,2026-08-02 18:45:01.235860,32.22,30.31,30.03,32.25,1012,22,1.54,171,9,0.0,Clear,clear sky,18
Kapitányság,46.435336,19.987564,2026-08-02 18:45:02.394393,32.24,30.2,32.24,32.24,1012,20,1.27,175,0,0.0,Clear,clear sky,18
Őszeszék,46.39025,20.016017,2026-08-02 18:45:03.546258,32.27,30.23,32.27,32.27,1012,20,1.01,173,0,0.0,Clear,clear sky,18
Vilmaszállás,46.366389,20.030833,2026-08-02 18:45:04.710869,32.25,30.21,32.25,32.25,1012,20,1.79,122,0,0.0,Clear,clear sky,18
Jánosszállás,46.334359,20.051199,2026-08-02 18:45:05.865090,32.28,30.24,32.28,32.28,1012,20,0.72,157,0,0.0,Clear,clear sky,18
Felsőpakony,47.343056,19.230556,2026-08-02 18:45:07.018956,31.53,30.88,30.0,31.64,1013,35,7.36,86,37,0.0,Clouds,scattered clouds,18
Felsőméntelek,46.987074,19.557745,2026-08-02 18:45:08.177496,30.48,31.44,30.48,30.48,1013,48,5.57,54,79,0.0,Clouds,broken clouds,18
Alsóméntelek,46.961558,19.579121,2026-08-02 18:45:09.331497,30.51,31.48,30.51,30.51,1013,48,5.0,55,73,0.0,Clouds,broken clouds,18
Nagynyír,46.943319,19.585447,2026-08-02 18:45:10.505992,30.51,31.48,30.51,30.51,1013,48,1.79,42,67,0.0,Clouds,broken clouds,18
Úrihegy,46.917778,19.621389,2026-08-02 18:45:11.662114,30.53,31.51,29.26,32.04,1013,48,1.79,42,53,0.0,Clouds,broken clouds,18
Miklóstelep,46.913412,19.630913,2026-08-02 18:45:12.819549,30.55,31.54,29.28,32.06,1013,48,1.79,42,46,0.0,Clouds,scattered clouds,18
Tiszajenő alsó,47.016944,20.134444,2026-08-02 18:45:13.973065,31.68,31.35,31.68,31.68,1013,37,6.68,60,97,0.0,Clouds,overcast clouds,18
Óbög,46.987222,20.111111,2026-08-02 18:45:15.126370,31.66,31.33,31.66,31.66,1013,37,6.29,60,98,0.0,Clouds,overcast clouds,18
Árpádszállás,46.866456,19.989163,2026-08-02 18:45:16.280327,31.72,30.04,30.7,32.21,1013,25,4.1,62,92,0.0,Clouds,overcast clouds,18
Tőserdő,46.851111,19.980278,2026-08-02 18:45:17.448732,31.78,30.46,30.72,32.23,1012,29,3.71,62,92,0.0,Clouds,overcast clouds,18
Tiszaalpár felső,46.836256,19.976753,2026-08-02 18:45:18.603520,31.9,30.59,30.75,32.26,1012,29,3.71,62,92,0.0,Clouds,overcast clouds,18
Borsihalom,46.773056,19.92,2026-08-02 18:45:19.756246,32.09,30.8,30.74,32.25,1012,29,2.5,74,63,0.0,Clouds,broken clouds,18
Petőfiváros,46.725556,19.848611,2026-08-02 18:45:20.910470,30.8,29.53,29.43,32.21,1012,30,1.79,121,16,0.0,Clouds,few clouds,18
Csorna,47.601944,17.248889,2026-08-02 18:45:22.065751,28.89,29.76,28.89,28.89,1014,52,4.26,6,4,0.0,Clear,clear sky,18
Szorgalmatos,47.986667,21.366389,2026-08-02 18:45:23.222094,27.47,29.07,27.47,27.47,1016,64,6.16,20,0,0.0,Clear,clear sky,18
Fótfürdő,47.6225,19.200556,2026-08-02 18:45:24.375560,29.9,29.36,29.6,31.24,1013,38,3.12,87,28,0.0,Clouds,scattered clouds,18
Fenyveshegy,47.818333,19.068056,2026-08-02 18:45:25.530697,30.01,30.2,30.01,30.01,1014,44,2.31,16,61,0.0,Clouds,broken clouds,18
Hűvösvölgy,47.541202,18.96351,2026-08-02 18:45:26.684359,29.38,28.9,28.47,30.78,1013,39,1.79,343,100,0.0,Clouds,overcast clouds,18
Hárshegy,47.535318,18.961433,2026-08-02 18:45:27.833345,29.38,28.9,28.47,30.78,1013,39,1.79,343,100,0.0,Clouds,overcast clouds,18
Szépjuhászné,47.528277,18.955246,2026-08-02 18:45:28.987812,28.46,28.0,27.58,29.89,1013,39,1.79,343,99,0.0,Clouds,overcast clouds,18
Jánoshegy,47.51433,18.95047,2026-08-02 18:45:30.140134,28.31,27.94,27.49,29.8,1013,40,1.79,343,99,0.0,Clouds,overcast clouds,18
Virágvölgy,47.505965,18.95876,2026-08-02 18:45:31.296846,28.1,27.68,27.18,29.49,1013,39,1.79,343,90,0.0,Clouds,overcast clouds,18
Csillebérc,47.498196,18.961694,2026-08-02 18:45:32.454472,27.93,27.54,26.94,29.26,1013,39,1.79,343,90,0.0,Clouds,overcast clouds,18
Normafa,47.5,18.970558,2026-08-02 18:45:33.611277,28.07,27.66,26.99,29.31,1013,39,1.79,343,90,0.0,Clouds,overcast clouds,18
Széchenyihegy,47.49413,18.977049,2026-08-02 18:45:34.764254,28.19,27.69,27.01,29.33,1013,38,1.79,343,84,0.0,Clouds,broken clouds,18
Balatonfőkajár felső,47.031389,18.215278,2026-08-02 18:45:35.917052,28.51,32.01,28.51,29.62,1012,72,3.02,348,73,0.0,Clouds,broken clouds,18
Piroska,47.148333,20.129722,2026-08-02 18:45:37.075411,31.68,31.35,29.01,31.68,1013,37,7.91,63,100,0.0,Clouds,overcast clouds,18
Somodor,46.4725,17.836667,2026-08-02 18:45:38.231486,28.92,27.56,28.92,28.92,1012,25,2.04,142,52,0.0,Clouds,broken clouds,18
Középmező,45.995833,18.668889,2026-08-02 18:45:39.384338,28.39,27.07,28.39,28.39,1012,22,2.58,67,79,0.0,Clouds,broken clouds,18
Jobbágyi,47.828889,19.6875,2026-08-02 18:45:40.536337,28.02,28.56,28.02,28.02,1014,51,4.54,71,62,2.11,Rain,moderate rain,18
Ferihegy,47.437222,19.223889,2026-08-02 18:45:41.688585,31.4,30.86,29.84,31.48,1013,36,6.51,87,20,0.0,Clouds,few clouds,18
Máriapócs,47.852778,22.019167,2026-08-02 18:45:42.849617,27.08,27.62,27.08,27.08,1015,52,4.3,12,45,0.0,Clouds,scattered clouds,18
Máriaudvar,47.751944,19.165,2026-08-02 18:45:44.001642,29.97,30.14,29.97,29.97,1014,44,1.97,43,40,0.0,Clouds,scattered clouds,18
Nagyberki,46.353333,18.004167,2026-08-02 18:45:45.157636,29.02,27.64,29.02,29.02,1012,25,2.62,142,6,0.0,Clear,clear sky,18
Badacsonytomaj,46.804722,17.518056,2026-08-02 18:45:46.311089,28.78,28.22,28.78,28.78,1012,38,3.6,10,93,0.0,Clouds,overcast clouds,18
Badacsony,46.788611,17.506389,2026-08-02 18:45:47.467271,28.84,28.2,28.84,28.84,1012,37,3.55,8,90,0.0,Clouds,overcast clouds,18
Badacsonylábdihegy,46.793889,17.470833,2026-08-02 18:45:48.620602,28.84,28.2,28.84,28.84,1012,37,3.55,8,90,0.0,Clouds,overcast clouds,18
Badacsonytördemic-Szigliget,46.809722,17.469167,2026-08-02 18:45:49.773943,28.75,28.2,28.75,28.75,1012,38,3.66,8,85,0.0,Clouds,overcast clouds,18
Nemesgulács-Kisapáti,46.836944,17.476389,2026-08-02 18:45:50.928247,28.7,28.23,28.7,28.7,1012,39,3.74,8,79,0.0,Clouds,broken clouds,18
Tapolca,46.877778,17.428611,2026-08-02 18:45:52.084201,28.43,28.13,28.43,28.43,1012,41,3.94,6,47,0.0,Clouds,scattered clouds,18
Uzsabánya alsó,46.898333,17.345278,2026-08-02 18:45:53.242056,27.24,27.15,27.24,27.24,1013,42,4.05,9,27,0.0,Clouds,scattered clouds,18
Uzsa,46.920278,17.331667,2026-08-02 18:45:54.394782,27.98,27.79,27.98,27.98,1013,42,4.03,11,24,0.0,Clouds,few clouds,18
Sümegi Bazaltbánya,46.9525,17.2925,2026-08-02 18:45:55.546901,27.93,27.74,27.93,27.93,1013,42,4.06,13,16,0.0,Clouds,few clouds,18
Sümeg,46.981111,17.270833,2026-08-02 18:45:56.706432,28.04,27.91,28.04,28.04,1013,43,4.12,14,9,0.0,Clear,clear sky,18
Gógánfa,47.021111,17.207778,2026-08-02 18:45:57.862536,28.2,28.07,28.2,28.2,1013,43,4.07,16,6,0.0,Clear,clear sky,18
Ukk,47.041944,17.195833,2026-08-02 18:45:59.021491,27.95,27.9,27.95,27.95,1013,44,4.06,15,4,0.0,Clear,clear sky,18
Nemeskeresztúr,47.093611,17.183611,2026-08-02 18:46:00.175893,27.79,27.75,27.79,27.79,1013,44,4.03,14,3,0.0,Clear,clear sky,18
Jánosháza,47.115833,17.171667,2026-08-02 18:46:01.341682,27.8,27.84,27.8,27.8,1013,45,4.04,13,3,0.0,Clear,clear sky,18
Keszthely,46.758333,17.248056,2026-08-02 18:46:02.496625,28.42,27.97,28.42,28.42,1012,39,3.83,8,12,0.0,Clouds,few clouds,18
Alsógyenes,46.765844,17.276435,2026-08-02 18:46:03.648300,28.42,27.97,28.42,28.42,1012,39,3.75,6,28,0.0,Clouds,scattered clouds,18
Gyenesdiás,46.763333,17.292778,2026-08-02 18:46:04.801797,28.51,28.05,28.51,28.51,1012,39,3.75,6,28,0.0,Clouds,scattered clouds,18
Vonyarcvashegy,46.755278,17.318333,2026-08-02 18:46:05.960360,28.0,27.53,28.0,28.0,1012,38,3.7,5,39,0.0,Clouds,scattered clouds,18
Balatongyörök,46.751944,17.354444,2026-08-02 18:46:07.118226,28.63,28.09,28.63,28.63,1012,38,3.65,5,50,0.0,Clouds,scattered clouds,18
Becehegy,46.776111,17.372778,2026-08-02 18:46:08.280906,27.43,27.13,27.43,27.43,1012,39,3.79,4,49,0.0,Clouds,scattered clouds,18
Balatonederics,46.8025,17.385,2026-08-02 18:46:09.433219,27.32,27.1,27.32,27.32,1012,40,3.89,4,46,0.0,Clouds,scattered clouds,18
Dabronc,47.025766,17.167006,2026-08-02 18:46:10.588219,28.21,28.08,28.21,28.21,1013,43,4.1,15,4,0.0,Clear,clear sky,18
Türje,46.994444,17.093611,2026-08-02 18:46:11.744550,28.15,28.02,28.15,28.15,1013,43,4.18,14,2,0.0,Clear,clear sky,18
Zalabér-Batyk,46.983056,17.040833,2026-08-02 18:46:12.899645,28.29,27.03,28.29,28.29,1013,23,4.24,16,1,0.0,Clear,clear sky,18
Pakod,46.959167,16.996667,2026-08-02 18:46:14.053987,28.25,27.0,28.25,28.25,1013,23,4.23,17,1,0.0,Clear,clear sky,18
Pókaszepetk,46.924444,16.972222,2026-08-02 18:46:15.210530,28.26,27.01,28.26,28.26,1013,23,4.28,18,4,0.0,Clear,clear sky,18
Kemendollár,46.905833,16.946667,2026-08-02 18:46:16.365482,28.25,27.0,28.25,28.25,1013,23,4.24,19,4,0.0,Clear,clear sky,18
Zalaegerszeg,46.833056,16.848333,2026-08-02 18:46:17.549670,28.07,26.87,28.07,28.07,1013,23,3.56,22,7,0.0,Clear,clear sky,18
Bocfölde,46.780278,16.853611,2026-08-02 18:46:18.705887,28.13,26.92,28.13,28.13,1013,23,3.48,21,7,0.0,Clear,clear sky,18
Sárhida,46.755833,16.851389,2026-08-02 18:46:19.861288,28.09,26.89,28.09,28.09,1013,23,3.18,20,6,0.0,Clear,clear sky,18
Bak,46.7325,16.849167,2026-08-02 18:46:21.019324,28.1,26.89,28.1,28.1,1013,23,3.05,19,4,0.0,Clear,clear sky,18
Tófej,46.670833,16.801944,2026-08-02 18:46:22.179515,27.95,27.69,27.95,27.95,1013,41,2.67,13,0,0.0,Clear,clear sky,18
Gutorfölde,46.646944,16.739722,2026-08-02 18:46:23.346773,27.96,27.77,27.96,27.96,1013,42,2.47,7,0,0.0,Clear,clear sky,18
Csömödér-Páka,46.608056,16.641111,2026-08-02 18:46:24.499758,25.57,25.28,25.57,25.57,1013,42,2.46,354,2,0.0,Clear,clear sky,18
Iklódbördőce,46.603056,16.604722,2026-08-02 18:46:25.657276,25.56,25.24,25.56,25.56,1013,41,2.51,352,4,0.0,Clear,clear sky,18
Lenti,46.621389,16.528611,2026-08-02 18:46:26.813527,25.51,25.16,25.51,25.51,1013,40,2.6,352,4,0.0,Clear,clear sky,18
Rédics,46.618056,16.471111,2026-08-02 18:46:27.966494,25.5,25.15,25.5,25.5,1013,40,2.69,351,4,0.0,Clear,clear sky,18
Zalalövő,46.845556,16.576389,2026-08-02 18:46:29.122802,27.88,27.7,27.88,27.88,1013,42,2.75,16,5,0.0,Clear,clear sky,18
Zalaegerszeg-Ola,46.849167,16.844722,2026-08-02 18:46:30.274850,28.15,26.93,28.15,28.15,1013,23,3.56,22,7,0.0,Clear,clear sky,18
Andráshida,46.863116,16.7792,2026-08-02 18:46:31.428528,28.11,26.9,28.11,28.11,1013,23,3.54,23,5,0.0,Clear,clear sky,18
Bagod,46.875,16.746111,2026-08-02 18:46:32.579998,28.05,26.86,28.05,28.05,1013,23,3.29,23,5,0.0,Clear,clear sky,18
Zalaszentgyörgy,46.872222,16.7125,2026-08-02 18:46:33.737570,28.05,26.86,28.05,28.05,1013,23,3.19,23,5,0.0,Clear,clear sky,18
Zalacséb-Salomvár,46.858056,16.662222,2026-08-02 18:46:34.891452,27.98,26.81,27.98,27.98,1013,23,3.1,23,5,0.0,Clear,clear sky,18
Kópháza,47.631389,16.6375,2026-08-02 18:46:36.048182,28.44,29.62,27.43,28.44,1014,56,4.1,351,11,0.0,Clouds,few clouds,18
Nagycenk,47.601111,16.690278,2026-08-02 18:46:37.207772,28.55,29.78,27.54,28.55,1014,56,4.25,353,11,0.0,Clouds,few clouds,18
Sopronkövesd,47.548333,16.748056,2026-08-02 18:46:38.365140,27.37,28.48,27.37,28.38,1014,59,4.36,356,11,0.0,Clouds,few clouds,18
Lövő,47.509444,16.7775,2026-08-02 18:46:39.535491,27.41,28.53,27.41,28.42,1014,59,4.4,357,9,0.0,Clear,clear sky,18
Újkér,47.457778,16.786667,2026-08-02 18:46:40.693714,27.43,28.56,27.43,27.43,1014,59,4.27,358,8,0.0,Clear,clear sky,18
Bük,47.388611,16.752222,2026-08-02 18:46:41.847626,27.49,28.64,27.49,27.49,1014,59,4.1,2,5,0.0,Clear,clear sky,18
Acsád,47.308333,16.734722,2026-08-02 18:46:43.005343,27.24,28.31,27.24,27.24,1014,59,4.09,8,2,0.0,Clear,clear sky,18
Salköveskút-Vassurány,47.291389,16.704167,2026-08-02 18:46:44.171829,27.25,28.32,27.25,27.25,1014,59,4.12,10,1,0.0,Clear,clear sky,18
Zalaszentiván,46.8875,16.909444,2026-08-02 18:46:45.327265,28.23,26.99,28.23,28.23,1013,23,4.04,21,5,0.0,Clear,clear sky,18
Alsónemesapáti,46.854167,16.936389,2026-08-02 18:46:46.492391,28.22,26.98,28.22,28.22,1013,23,4.2,20,8,0.0,Clear,clear sky,18
Józsa,47.600833,21.584444,2026-08-02 18:46:47.645885,27.92,28.45,27.92,27.92,1015,51,6.03,16,10,0.0,Clear,clear sky,18
Hajdúszentgyörgy,47.608056,21.578333,2026-08-02 18:46:48.802729,27.92,28.45,27.92,27.92,1015,51,6.03,16,10,0.0,Clear,clear sky,18
Zelemér,47.627778,21.578333,2026-08-02 18:46:49.955155,27.84,28.44,27.84,27.84,1015,52,6.03,16,10,0.0,Clear,clear sky,18
Hajdúböszörmény,47.668056,21.524167,2026-08-02 18:46:51.116108,27.8,28.67,27.8,27.8,1015,55,6.16,17,7,0.0,Clear,clear sky,18
Hajdúvid,47.749444,21.508056,2026-08-02 18:46:52.268459,27.77,28.82,27.77,27.77,1015,57,6.27,19,6,0.0,Clear,clear sky,18
Hajdúdorog,47.805556,21.493056,2026-08-02 18:46:53.426746,27.68,28.89,27.68,27.68,1015,59,6.3,20,5,0.0,Clear,clear sky,18
Hajdúnánás,47.831944,21.426667,2026-08-02 18:46:54.599899,27.73,29.06,27.73,27.73,1015,60,6.51,21,11,0.0,Clouds,few clouds,18
Hajdúnánás-Vásártér,47.843056,21.407222,2026-08-02 18:46:55.751219,27.73,29.06,27.73,27.73,1015,60,6.51,21,11,0.0,Clouds,few clouds,18
Tedej,47.903611,21.404444,2026-08-02 18:46:56.907055,27.59,29.06,27.59,27.59,1015,62,6.39,21,4,0.0,Clear,clear sky,18
Tiszavasvári,47.945278,21.374722,2026-08-02 18:46:58.061277,27.54,29.08,27.54,27.54,1016,63,6.37,21,5,0.0,Clear,clear sky,18
Egyházerdő,47.9725,21.365,2026-08-02 18:46:59.218946,27.52,29.05,27.52,27.52,1016,63,6.27,20,2,0.0,Clear,clear sky,18
Tiszalök,48.013056,21.369167,2026-08-02 18:47:00.372471,27.41,28.98,27.41,27.41,1016,64,6.04,19,0,0.0,Clear,clear sky,18
Hajnalos,47.998889,21.414167,2026-08-02 18:47:01.531724,27.47,28.97,27.47,27.47,1016,63,6.12,19,0,0.0,Clear,clear sky,18
Kisfástanya,47.989167,21.47,2026-08-02 18:47:02.694680,27.43,28.92,27.43,27.43,1016,63,6.09,19,1,0.0,Clear,clear sky,18
Tiszaeszlár,48.010556,21.491944,2026-08-02 18:47:03.847322,27.4,28.87,27.4,27.4,1016,63,5.95,18,3,0.0,Clear,clear sky,18
Bashalom,48.026111,21.514722,2026-08-02 18:47:05.000169,27.38,28.84,27.38,27.38,1016,63,5.84,17,3,0.0,Clear,clear sky,18
Sáránd,47.415556,21.625,2026-08-02 18:47:06.164962,28.71,28.77,28.71,28.71,1014,45,5.95,22,37,0.0,Clouds,scattered clouds,18
Derecske,47.365,21.584167,2026-08-02 18:47:07.316534,28.92,28.8,28.92,28.92,1014,43,5.97,24,58,0.0,Clouds,broken clouds,18
Derecske-Vásártér,47.352222,21.58,2026-08-02 18:47:08.475230,28.92,28.8,28.92,28.92,1014,43,5.97,24,58,0.0,Clouds,broken clouds,18
Konyár,47.323611,21.666111,2026-08-02 18:47:09.632640,29.21,28.82,29.21,29.21,1014,40,6.02,27,75,0.0,Clouds,broken clouds,18
Konyári Sóstófürdő,47.324167,21.744444,2026-08-02 18:47:10.788595,29.35,28.87,29.35,29.35,1014,39,6.22,30,78,0.0,Clouds,broken clouds,18
Pocsaj-Esztár,47.288333,21.793056,2026-08-02 18:47:11.943038,29.13,28.48,29.13,29.13,1013,37,6.49,33,94,0.0,Clouds,overcast clouds,18
Kismarja,47.243889,21.813889,2026-08-02 18:47:13.107190,29.13,28.32,29.13,29.13,1013,35,6.42,32,100,0.0,Clouds,overcast clouds,18
Nagykereki,47.191667,21.8,2026-08-02 18:47:14.260604,29.12,29.94,29.12,29.12,1013,51,6.13,30,100,0.0,Clouds,overcast clouds,18
Debrecen-Szabadságtelep,47.527778,21.658611,2026-08-02 18:47:15.428800,28.22,28.42,28.22,28.22,1014,47,5.87,18,9,0.0,Clear,clear sky,18
Kondoroskert,47.525556,21.713889,2026-08-02 18:47:16.587493,28.21,28.32,28.21,28.21,1014,46,5.63,20,1,0.0,Clear,clear sky,18
Nagycsere,47.523889,21.763056,2026-08-02 18:47:17.742805,28.2,28.23,28.2,28.2,1014,45,5.56,21,0,0.0,Clear,clear sky,18
Haláp,47.521667,21.818333,2026-08-02 18:47:18.899155,28.16,28.19,28.16,28.16,1014,45,5.49,22,0,0.0,Clear,clear sky,18
Vámospércs,47.518056,21.893889,2026-08-02 18:47:20.052232,28.11,27.98,28.11,28.11,1014,43,5.31,28,0,0.0,Clear,clear sky,18
Szentannapuszta,47.52,21.965833,2026-08-02 18:47:21.205735,28.13,27.92,28.13,28.13,1014,42,5.33,32,0,0.0,Clear,clear sky,18
Nyírábrány,47.523889,22.016944,2026-08-02 18:47:22.365655,28.12,27.91,28.12,28.12,1014,42,5.39,33,0,0.0,Clear,clear sky,18
Dombostanya,47.602778,21.706389,2026-08-02 18:47:23.518047,27.98,28.34,27.98,27.98,1014,49,5.77,16,11,0.0,Clouds,few clouds,18
Hajdúsámson,47.608056,21.755278,2026-08-02 18:47:24.670390,27.99,28.18,27.99,27.99,1014,47,5.5,17,11,0.0,Clouds,few clouds,18
Tamásipuszta,47.632778,21.796111,2026-08-02 18:47:25.824373,27.9,28.09,27.9,27.9,1015,47,5.4,17,18,0.0,Clouds,few clouds,18
Aradványpuszta,47.662778,21.8425,2026-08-02 18:47:26.978080,27.87,28.06,27.87,27.87,1015,47,5.31,17,25,0.0,Clouds,scattered clouds,18
Nyíradony,47.699444,21.903333,2026-08-02 18:47:28.132300,27.69,27.88,27.69,27.69,1015,47,4.99,19,25,0.0,Clouds,scattered clouds,18
Nyírmihálydi,47.7375,21.958889,2026-08-02 18:47:29.302753,27.58,27.84,27.58,27.58,1015,48,4.84,19,26,0.0,Clouds,scattered clouds,18
Nyírgelse,47.750833,21.987778,2026-08-02 18:47:30.454126,27.4,27.67,27.4,27.4,1015,48,4.66,19,26,0.0,Clouds,scattered clouds,18
Nyírbogát,47.793056,22.066389,2026-08-02 18:47:31.609137,27.03,27.45,27.03,27.03,1015,50,4.09,18,20,0.0,Clouds,few clouds,18
Nagykálló,47.871111,21.825833,2026-08-02 18:47:32.765910,27.42,28.13,27.42,27.42,1015,54,5.04,11,85,0.0,Clouds,overcast clouds,18
Kállósemjén,47.854722,21.935,2026-08-02 18:47:33.924610,27.37,28.0,27.37,27.37,1015,53,4.7,11,69,0.0,Clouds,broken clouds,18
Nyírbátor,47.8425,22.131111,2026-08-02 18:47:35.078238,26.8,27.29,26.8,26.8,1015,51,3.89,16,20,0.0,Clouds,few clouds,18
Nyírcsászári,47.865556,22.179167,2026-08-02 18:47:36.232683,26.6,26.6,26.6,26.6,1015,51,3.63,17,12,0.18,Rain,light rain,18
Hodász,47.896111,22.213611,2026-08-02 18:47:37.391663,26.47,26.47,26.47,26.47,1015,51,3.5,20,3,0.0,Clear,clear sky,18
Nyírmeggyes,47.9225,22.256667,2026-08-02 18:47:38.546484,26.46,26.46,26.46,26.46,1015,52,3.51,16,0,0.0,Clear,clear sky,18
Mátészalka,47.951389,22.313333,2026-08-02 18:47:39.703046,26.46,26.46,26.46,26.46,1015,52,3.46,15,0,0.0,Clear,clear sky,18
Kocsord,47.941944,22.375833,2026-08-02 18:47:40.863735,26.71,27.15,26.71,26.71,1015,50,3.36,35,0,0.0,Clear,clear sky,18
Kocsord alsó,47.946389,22.400556,2026-08-02 18:47:42.017770,26.71,27.15,26.71,26.71,1015,50,3.36,35,0,0.0,Clear,clear sky,18
Győrtelek,47.936667,22.424722,2026-08-02 18:47:43.172548,26.78,27.16,26.78,26.78,1015,49,3.4,40,0,0.0,Clear,clear sky,18
Győrtelek alsó,47.921111,22.443333,2026-08-02 18:47:44.326719,26.99,27.29,26.99,26.99,1015,48,3.77,50,0,0.0,Clear,clear sky,18
Ököritófülpös,47.911389,22.495,2026-08-02 18:47:45.482097,27.08,27.31,27.08,27.08,1015,47,3.94,54,0,0.0,Clear,clear sky,18
Porcsalma-Tyukod,47.868056,22.568333,2026-08-02 18:47:46.638566,28.95,29.14,28.95,28.95,1014,46,5.17,63,15,0.0,Clouds,few clouds,18
Csenger,47.826111,22.666389,2026-08-02 18:47:47.801817,28.94,29.02,28.94,28.94,1014,45,5.64,63,30,0.0,Clouds,scattered clouds,18
Kisfái,46.888303,19.807366,2026-08-02 18:47:48.955581,29.36,27.91,29.36,32.14,1013,25,3.39,72,35,0.0,Clouds,scattered clouds,18
Nyárlőrinci szőlők,46.8775,19.828333,2026-08-02 18:47:50.108551,29.36,28.18,29.36,32.14,1012,30,3.09,75,37,0.0,Clouds,scattered clouds,18
Nyárlőrinc alsó,46.863889,19.878889,2026-08-02 18:47:51.270298,29.38,28.2,29.38,32.16,1012,30,3.28,72,47,0.0,Clouds,scattered clouds,18
Tiszaug-Tiszahídfő,46.866106,20.052098,2026-08-02 18:47:52.422255,32.2,30.52,31.7,32.78,1013,25,4.28,60,100,0.0,Clouds,overcast clouds,18
Csongrádi úti tanyák,46.690278,19.921667,2026-08-02 18:47:53.573342,32.27,31.01,32.19,32.27,1012,29,1.32,110,43,0.0,Clouds,scattered clouds,18
Kettőshalom,46.689167,20.0225,2026-08-02 18:47:54.729916,32.29,31.15,32.22,32.77,1012,30,1.55,75,68,0.0,Clouds,broken clouds,18
Csongrád alsó,46.711389,20.126389,2026-08-02 18:47:55.884407,32.32,31.44,32.22,32.77,1012,32,2.68,59,86,0.0,Clouds,overcast clouds,18
Dónát,46.66988,20.368168,2026-08-02 18:47:57.039602,32.79,31.88,32.24,32.79,1013,31,0.45,233,91,0.0,Clouds,overcast clouds,18
Pusztatemplom,46.676667,20.407222,2026-08-02 18:47:58.196505,32.77,31.86,32.23,32.77,1013,31,0.45,233,100,0.0,Clouds,overcast clouds,18
Előhát,47.364722,20.653611,2026-08-02 18:47:59.348834,30.56,31.39,30.56,30.56,1014,47,8.36,51,20,0.0,Clouds,few clouds,18
Polgárdi-Tekerespuszta,47.017778,18.297778,2026-08-02 18:48:00.522694,28.73,27.55,28.73,28.73,1012,28,2.49,349,49,0.0,Clouds,scattered clouds,18
Szatina-Kishajmás,46.202778,18.083611,2026-08-02 18:48:01.683067,29.15,27.7,29.15,29.15,1012,24,2.63,115,15,0.0,Clouds,few clouds,18
Márok,45.886944,18.499167,2026-08-02 18:48:02.837381,27.61,28.7,27.61,27.61,1012,58,3.0,52,84,0.0,Clouds,broken clouds,18
Nagynyárád,45.953333,18.564722,2026-08-02 18:48:04.000348,27.68,28.8,27.68,27.68,1012,58,2.55,58,82,0.0,Clouds,broken clouds,18
Szászvár,46.2875,18.369722222222222,2026-08-02 18:48:05.161930,30.05,28.39,30.05,30.05,1012,23,2.16,144,100,0.0,Clouds,overcast clouds,18
Cikó,46.263514,18.557605,2026-08-02 18:48:06.313686,30.32,28.62,30.32,30.32,1012,23,1.74,152,82,0.0,Clouds,broken clouds,18
Gyöngyfa-Magyarmecske,45.983889,17.958889,2026-08-02 18:48:07.466375,29.46,27.95,29.46,29.46,1012,24,3.65,95,13,0.0,Clouds,few clouds,18
Nagyhát,47.581389,21.445,2026-08-02 18:48:08.620084,28.09,28.74,28.09,28.09,1015,52,6.42,19,25,0.0,Clouds,scattered clouds,18
Balmazújváros,47.613889,21.348056,2026-08-02 18:48:09.774710,28.14,29.21,28.14,28.14,1015,56,6.92,23,53,0.0,Clouds,broken clouds,18
Kónya,47.600833,21.2375,2026-08-02 18:48:10.936814,28.22,29.32,28.22,28.22,1015,56,7.24,26,78,0.0,Clouds,broken clouds,18
Hortobágy,47.586111,21.154722,2026-08-02 18:48:12.090752,28.25,29.36,28.25,28.25,1015,56,7.56,30,100,0.0,Clouds,overcast clouds,18
Hortobágyi Halastó,47.604167,21.074167,2026-08-02 18:48:13.244519,28.25,29.36,28.25,28.25,1015,56,7.76,33,100,0.0,Clouds,overcast clouds,18
Ohat-Pusztakócs,47.623333,20.951111,2026-08-02 18:48:14.397589,28.17,29.36,28.17,28.17,1015,57,7.99,39,87,0.0,Clouds,overcast clouds,18
Egyek,47.616944,20.883611,2026-08-02 18:48:15.556849,30.53,33.22,30.53,30.53,1015,57,8.1,45,47,0.0,Clouds,scattered clouds,18
Tiszafüred,47.627778,20.756111,2026-08-02 18:48:16.710606,30.53,33.22,30.53,30.53,1015,57,8.22,49,14,0.0,Clouds,few clouds,18
Poroszló,47.657778,20.654444,2026-08-02 18:48:17.870937,30.54,33.03,30.54,30.54,1015,56,8.52,54,18,0.0,Clouds,few clouds,18
Kétútköz,47.694167,20.565,2026-08-02 18:48:19.024886,30.51,32.97,30.51,30.51,1015,56,8.78,53,55,0.0,Clouds,broken clouds,18
Egerfarmos,47.711667,20.5225,2026-08-02 18:48:20.178432,30.49,32.73,30.49,30.49,1015,55,9.02,55,78,0.0,Clouds,broken clouds,18
Piliscsaba,47.638056,18.829722,2026-08-02 18:48:21.336802,29.07,28.77,28.55,30.87,1014,41,1.96,351,100,0.0,Clouds,overcast clouds,18
Pilisjászfalu,47.656111,18.797778,2026-08-02 18:48:22.494895,28.84,28.28,28.81,29.5,1014,38,2.06,352,100,0.0,Clouds,overcast clouds,18
Leányvár,47.687594,18.772553,2026-08-02 18:48:23.648379,28.97,28.58,28.97,29.67,1014,40,2.06,350,100,0.0,Clouds,overcast clouds,18
Dorog,47.723333,18.732778,2026-08-02 18:48:24.804217,29.19,29.2,29.19,29.19,1014,44,1.63,358,97,0.0,Clouds,overcast clouds,18
Esztergom-Kertváros,47.743333,18.719167,2026-08-02 18:48:25.963893,28.36,28.39,28.36,28.36,1014,45,1.42,358,91,0.0,Clouds,overcast clouds,18
Esztergom,47.7775,18.743611,2026-08-02 18:48:27.116755,27.99,27.94,27.99,27.99,1014,44,1.44,350,97,0.0,Clouds,overcast clouds,18
Dunaalmás,47.733056,18.326389,2026-08-02 18:48:28.276324,27.87,28.06,27.87,27.87,1013,47,4.38,17,99,0.0,Clouds,overcast clouds,18
Neszmély,47.734444,18.345278,2026-08-02 18:48:29.430873,27.87,28.06,27.87,27.87,1013,47,4.38,17,99,0.0,Clouds,overcast clouds,18
Süttő,47.761111,18.455,2026-08-02 18:48:30.582674,27.88,28.23,27.88,27.88,1014,49,2.56,25,64,0.0,Clouds,broken clouds,18
Piszke,47.75307,18.478017,2026-08-02 18:48:31.740755,27.97,28.33,27.97,27.97,1014,49,2.21,27,60,0.0,Clouds,broken clouds,18
Lábatlan,47.751944,18.513333,2026-08-02 18:48:32.896095,28.03,28.39,28.03,28.03,1014,49,1.92,28,59,0.0,Clouds,broken clouds,18
Eternitgyár,47.755544,18.530014,2026-08-02 18:48:34.069873,28.03,28.39,28.03,28.03,1014,49,1.92,28,59,0.0,Clouds,broken clouds,18
Nyergesújfalu felső,47.762222,18.540556,2026-08-02 18:48:35.224868,28.03,28.39,28.03,28.03,1014,49,1.92,28,59,0.0,Clouds,broken clouds,18
Nyergesújfalu,47.761111,18.561667,2026-08-02 18:48:36.376790,28.04,28.32,28.04,28.04,1014,48,1.68,27,60,0.0,Clouds,broken clouds,18
Tokod,47.735,18.675,2026-08-02 18:48:37.530428,28.38,28.41,28.38,28.38,1014,45,1.55,4,90,0.0,Clouds,overcast clouds,18
Környe,47.541667,18.330278,2026-08-02 18:48:38.682849,28.0,28.19,28.0,28.0,1013,47,4.77,25,100,0.0,Clouds,overcast clouds,18
Kecskéd alsó,47.519722,18.316667,2026-08-02 18:48:39.835223,28.0,28.11,28.0,28.0,1013,46,4.85,25,100,0.0,Clouds,overcast clouds,18
Oroszlány,47.486944,18.308611,2026-08-02 18:48:40.989771,27.96,28.07,27.96,27.96,1013,46,4.77,25,97,0.0,Clouds,overcast clouds,18
Győrszabadhegy,47.663056,17.648056,2026-08-02 18:48:42.140270,26.94,27.42,26.94,26.94,1013,51,3.75,6,22,0.0,Clouds,few clouds,18
Ménfőcsanak felső,47.638333,17.615,2026-08-02 18:48:43.296711,27.01,27.43,27.01,27.01,1013,50,3.7,2,23,0.0,Clouds,few clouds,18
Gyömöre-Tét,47.501672,17.559596,2026-08-02 18:48:44.453661,27.04,27.27,27.04,27.04,1013,47,3.62,352,21,0.0,Clouds,few clouds,18
Szerecseny,47.469167,17.5475,2026-08-02 18:48:45.603736,27.11,27.34,27.11,27.11,1013,47,3.54,353,21,0.0,Clouds,few clouds,18
Gecse-Gyarmat,47.456111,17.515,2026-08-02 18:48:46.758695,26.98,27.22,26.98,26.98,1013,47,3.71,354,13,0.0,Clouds,few clouds,18
Vaszar,47.4025,17.496389,2026-08-02 18:48:47.918394,27.19,27.41,27.19,27.19,1013,47,3.68,3,7,0.0,Clear,clear sky,18
Pápa,47.340556,17.458889,2026-08-02 18:48:49.077676,27.27,27.48,27.27,27.27,1013,47,3.75,11,6,0.0,Clear,clear sky,18
Mezőlak,47.324722,17.371389,2026-08-02 18:48:50.240950,27.3,27.51,27.3,27.3,1013,47,3.97,9,4,0.0,Clear,clear sky,18
Mihályháza,47.318889,17.331667,2026-08-02 18:48:51.394449,27.33,27.53,27.33,27.33,1013,47,3.99,10,5,0.0,Clear,clear sky,18
Vinár,47.306667,17.284722,2026-08-02 18:48:52.548396,27.37,27.57,27.37,27.37,1013,47,4.03,9,5,0.0,Clear,clear sky,18
Külsővat,47.279167,17.219722,2026-08-02 18:48:53.700139,27.4,27.6,27.4,27.4,1013,47,4.1,6,4,0.0,Clear,clear sky,18
Celldömölk,47.261389,17.151944,2026-08-02 18:48:54.852828,27.44,27.64,27.44,27.44,1013,47,4.13,6,2,0.0,Clear,clear sky,18
Kemenesmihályfa,47.278056,17.111111,2026-08-02 18:48:56.005124,27.0,27.3,27.0,27.0,1013,48,4.16,4,2,0.0,Clear,clear sky,18
Nagysimonyi,47.265556,17.058889,2026-08-02 18:48:57.160987,27.14,27.36,27.14,27.14,1013,47,4.17,6,0,0.0,Clear,clear sky,18
Ostffyasszonyfa,47.283889,17.023889,2026-08-02 18:48:58.314109,27.16,27.44,27.16,27.16,1013,48,4.2,5,1,0.0,Clear,clear sky,18
Sárvár,47.259167,16.928889,2026-08-02 18:48:59.466740,27.31,27.58,27.31,27.31,1013,48,4.3,8,0,0.0,Clear,clear sky,18
Porpác,47.238611,16.8325,2026-08-02 18:49:00.619547,27.51,27.77,27.51,27.51,1013,48,4.34,11,0,0.0,Clear,clear sky,18
Balatonföldvár,46.853889,17.881389,2026-08-02 18:49:01.777160,29.97,28.8,28.3,29.97,1013,31,0.89,90,86,0.0,Clouds,overcast clouds,18
Balatonszárszó,46.832222,17.830278,2026-08-02 18:49:02.932065,29.99,28.82,28.32,29.99,1012,31,2.75,21,87,0.0,Clouds,overcast clouds,18
Balatonszemes,46.811944,17.776389,2026-08-02 18:49:04.084540,29.97,28.8,28.3,29.97,1012,31,2.93,30,96,0.0,Clouds,overcast clouds,18
Balatonlelle felső,46.793889,17.7175,2026-08-02 18:49:05.241229,29.99,28.82,29.99,29.99,1012,31,3.05,32,100,0.0,Clouds,overcast clouds,18
Balatonlelle,46.7875,17.694167,2026-08-02 18:49:06.400883,29.95,29.03,29.95,29.95,1012,34,3.13,29,100,0.0,Clouds,overcast clouds,18
Fonyódliget,46.759167,17.592222,2026-08-02 18:49:07.553757,29.97,29.05,29.97,29.97,1012,34,3.14,24,100,0.0,Clouds,overcast clouds,18
Balatonboglár,46.776111,17.647222,2026-08-02 18:49:08.708513,29.97,29.14,29.97,29.97,1012,35,3.22,26,100,0.0,Clouds,overcast clouds,18
Balatonfenyves alsó,46.708611,17.455278,2026-08-02 18:49:09.863149,28.94,28.07,28.94,28.94,1012,34,3.0,12,90,0.0,Clouds,overcast clouds,18
Fonyód,46.750278,17.558889,2026-08-02 18:49:11.015841,29.02,28.29,29.02,29.02,1012,36,3.27,16,100,0.0,Clouds,overcast clouds,18
Bélatelep,46.737778,17.535,2026-08-02 18:49:12.169359,29.03,28.23,29.03,29.03,1012,35,3.13,14,100,0.0,Clouds,overcast clouds,18
Alsóbélatelep,46.724167,17.516389,2026-08-02 18:49:13.323892,29.03,28.23,29.03,29.03,1012,35,3.13,14,100,0.0,Clouds,overcast clouds,18
Balatonfenyves,46.713611,17.482778,2026-08-02 18:49:14.475364,29.0,28.13,29.0,29.0,1012,34,2.93,14,100,0.0,Clouds,overcast clouds,18
Máriahullámtelep,46.704722,17.435,2026-08-02 18:49:15.628840,28.94,28.07,28.94,28.94,1012,34,3.0,12,90,0.0,Clouds,overcast clouds,18
Balatonmáriafürdő,46.704167,17.374722,2026-08-02 18:49:16.791706,28.66,27.97,28.66,28.66,1012,36,3.24,9,52,0.0,Clouds,broken clouds,18
Balatonberény,46.713889,17.316944,2026-08-02 18:49:17.946346,28.49,27.82,28.49,28.49,1012,36,3.3,9,39,0.0,Clouds,scattered clouds,18
Balatonszentgyörgy,46.692778,17.288889,2026-08-02 18:49:19.109594,28.52,27.78,28.52,28.52,1012,35,3.11,14,26,0.0,Clouds,scattered clouds,18
Vörs,46.663611,17.260278,2026-08-02 18:49:20.270101,28.43,27.64,28.43,28.43,1012,34,2.93,20,4,0.0,Clear,clear sky,18
Zalaszentjakab,46.491667,17.135278,2026-08-02 18:49:21.431284,28.27,27.12,28.27,28.27,1012,26,1.95,66,2,0.0,Clear,clear sky,18
Nagykanizsa,46.440833,16.986667,2026-08-02 18:49:22.585346,28.12,27.01,28.12,28.12,1012,26,1.19,54,22,0.0,Clouds,few clouds,18
Murakeresztúr,46.363889,16.876944,2026-08-02 18:49:23.741217,27.98,27.04,27.98,27.98,1012,29,1.37,353,55,0.0,Clouds,broken clouds,18
Zalakomár,46.530278,17.188056,2026-08-02 18:49:24.894186,28.39,27.25,28.39,28.39,1012,27,2.07,59,0,0.0,Clear,clear sky,18
Szárazrét,47.200833,18.381111,2026-08-02 18:49:26.054720,28.98,28.04,28.98,28.98,1013,33,3.42,17,45,0.0,Clouds,scattered clouds,18
Bodajk,47.318333,18.251944,2026-08-02 18:49:27.207048,28.53,27.99,28.53,28.53,1013,38,3.54,21,70,0.0,Clouds,broken clouds,18
Csókakő,47.3275,18.240556,2026-08-02 18:49:28.366894,28.17,27.81,28.17,28.17,1013,40,3.73,23,74,0.0,Clouds,broken clouds,18
Mór,47.369167,18.189167,2026-08-02 18:49:29.528768,28.13,27.85,28.13,28.13,1013,41,3.83,12,70,0.0,Clouds,broken clouds,18
Bakonysárkány,47.443611,18.103611,2026-08-02 18:49:30.683205,27.55,27.47,27.55,27.55,1013,43,4.4,9,84,0.0,Clouds,broken clouds,18
Kisbér,47.494167,18.024722,2026-08-02 18:49:31.842570,27.67,27.64,27.67,27.67,1013,44,4.42,3,97,0.0,Clouds,overcast clouds,18
Nagyigmánd-Bábolna,47.630556,18.050833,2026-08-02 18:49:32.999987,27.71,27.82,27.71,27.71,1013,46,5.25,8,92,0.0,Clouds,overcast clouds,18
Budapest-Déli,47.498889,19.025,2026-08-02 18:49:34.156241,30.68,30.25,29.2,31.51,1013,38,1.79,339,76,0.0,Clouds,broken clouds,18
Budapest-Kelenföld,47.464444,19.02,2026-08-02 18:49:35.311505,31.06,30.58,29.3,31.61,1013,37,1.79,1,67,0.0,Clouds,broken clouds,18
Budaörs,47.4475,18.965,2026-08-02 18:49:36.464318,30.83,30.3,29.21,31.52,1013,37,1.79,339,69,0.0,Clouds,broken clouds,18
Biatorbágy,47.480278,18.834444,2026-08-02 18:49:37.620191,29.12,28.55,28.86,31.17,1013,38,2.66,40,89,0.0,Clouds,overcast clouds,18
Herceghalom,47.493611,18.746111,2026-08-02 18:49:38.777367,29.28,28.99,29.11,31.42,1013,41,2.68,19,96,0.0,Clouds,overcast clouds,18
Bicske,47.484167,18.6175,2026-08-02 18:49:39.937297,28.91,28.52,28.91,29.61,1013,40,3.45,12,93,0.0,Clouds,overcast clouds,18
Szár,47.485,18.5275,2026-08-02 18:49:41.093357,28.7,28.76,28.7,28.7,1013,45,3.82,19,92,0.0,Clouds,overcast clouds,18
Szárliget,47.518333,18.495833,2026-08-02 18:49:42.247365,28.51,28.74,28.51,28.51,1014,47,3.79,22,94,0.0,Clouds,overcast clouds,18
Alsógalla,47.563337,18.425102,2026-08-02 18:49:43.397901,28.09,28.37,28.09,28.09,1013,48,4.27,26,99,0.0,Clouds,overcast clouds,18
Tatabánya,47.585556,18.393056,2026-08-02 18:49:44.550161,28.05,28.33,28.05,28.05,1013,48,4.49,26,100,0.0,Clouds,overcast clouds,18
Vértesszőlős,47.619444,18.375278,2026-08-02 18:49:45.703689,28.04,28.32,28.04,28.04,1013,48,4.42,25,100,0.0,Clouds,overcast clouds,18
Tóvároskert,47.646111,18.348611,2026-08-02 18:49:46.862377,27.95,28.14,27.95,27.95,1013,47,4.69,23,100,0.0,Clouds,overcast clouds,18
Tata,47.665,18.3275,2026-08-02 18:49:48.022343,27.88,28.07,27.88,27.88,1013,47,4.6,21,100,0.0,Clouds,overcast clouds,18
Almásfüzitő,47.725278,18.262222,2026-08-02 18:49:49.175683,27.77,27.96,27.77,27.77,1013,47,5.08,13,100,0.0,Clouds,overcast clouds,18
Almásfüzitő felső,47.731389,18.216389,2026-08-02 18:49:50.331155,27.73,27.84,27.73,27.73,1013,46,5.53,9,100,0.0,Clouds,overcast clouds,18
Szőny,47.735556,18.1775,2026-08-02 18:49:51.489879,27.68,27.87,27.68,27.68,1013,47,5.65,8,98,0.0,Clouds,overcast clouds,18
Komárom,47.749444,18.113611,2026-08-02 18:49:52.642660,27.47,27.74,27.47,27.47,1013,48,5.65,4,72,0.0,Clouds,broken clouds,18
Ács,47.717222,18.004444,2026-08-02 18:49:53.794894,27.26,27.6,27.26,27.26,1013,49,5.21,3,41,0.0,Clouds,scattered clouds,18
Nagyszentjános,47.705556,17.871389,2026-08-02 18:49:54.949297,27.17,27.52,27.17,27.17,1013,49,4.45,7,33,0.0,Clouds,scattered clouds,18
Győrszentiván,47.688611,17.745556,2026-08-02 18:49:56.111909,27.06,27.41,27.06,27.06,1013,49,3.88,8,38,0.0,Clouds,scattered clouds,18
Győr-Gyárváros,47.684444,17.663889,2026-08-02 18:49:57.274924,27.01,27.43,27.01,27.01,1013,50,3.72,7,26,0.0,Clouds,scattered clouds,18
Győr,47.681944,17.634722,2026-08-02 18:49:58.435606,26.94,27.42,26.94,26.94,1013,51,3.75,6,22,0.0,Clouds,few clouds,18
Öttevény,47.719722,17.489167,2026-08-02 18:49:59.590121,26.73,27.39,26.73,26.73,1014,54,4.06,7,2,0.0,Clear,clear sky,18
Lébény-Mosonszentmiklós,47.755278,17.426389,2026-08-02 18:50:00.747841,26.62,26.62,26.62,26.62,1014,56,4.0,9,1,0.0,Clear,clear sky,18
Kimle-Károlyháza,47.803889,17.342778,2026-08-02 18:50:01.903521,26.5,26.5,26.5,26.5,1014,58,3.87,11,1,0.0,Clear,clear sky,18
Mosonmagyaróvár,47.849722,17.267222,2026-08-02 18:50:03.066770,26.36,26.36,26.36,26.36,1014,59,3.75,9,1,0.0,Clear,clear sky,18
Levél,47.889722,17.1925,2026-08-02 18:50:04.224961,28.3,29.9,28.3,28.3,1014,60,3.71,6,2,0.0,Clear,clear sky,18
Hegyeshalom,47.913889,17.145556,2026-08-02 18:50:05.382094,28.27,29.86,28.27,28.27,1014,60,3.66,3,3,0.0,Clear,clear sky,18
Óbuda,47.568611,19.033889,2026-08-02 18:50:06.551274,30.38,30.14,29.34,31.65,1013,40,1.79,339,95,0.0,Clouds,overcast clouds,18
Üröm,47.580556,19.002222,2026-08-02 18:50:07.713657,30.19,29.91,29.23,31.55,1013,40,1.79,339,100,0.0,Clouds,overcast clouds,18
Solymár,47.596111,18.95,2026-08-02 18:50:08.868813,29.9,29.57,29.05,31.36,1013,40,1.52,52,100,0.0,Clouds,overcast clouds,18
Pilisvörösvár,47.614444,18.902222,2026-08-02 18:50:10.019570,29.42,29.04,28.7,31.01,1014,40,1.39,20,100,0.0,Clouds,overcast clouds,18
Klotildliget,47.637778,18.846389,2026-08-02 18:50:11.175576,29.0,28.7,28.43,30.74,1014,41,1.96,351,100,0.0,Clouds,overcast clouds,18
Kútvölgy,46.459444,20.451944,2026-08-02 18:50:12.329872,32.23,30.47,32.23,32.77,1012,24,3.3,68,81,0.0,Clouds,broken clouds,18
Székkutas,46.503889,20.541111,2026-08-02 18:50:13.483808,32.75,31.21,32.21,32.75,1013,26,4.02,64,100,0.0,Clouds,overcast clouds,18
Kaposszentjakab,46.358056,17.821944,2026-08-02 18:50:14.639825,28.83,27.5,28.83,28.83,1012,25,2.35,136,15,0.0,Clouds,few clouds,18
Kaposvár,46.352778,17.795,2026-08-02 18:50:15.793336,28.7,27.4,28.7,28.7,1012,25,2.29,134,21,0.0,Clouds,few clouds,18
Kaposújlak,46.366667,17.715,2026-08-02 18:50:16.948048,28.9,27.51,28.9,28.9,1012,24,2.17,125,41,0.0,Clouds,scattered clouds,18
Kaposmérő,46.365278,17.698889,2026-08-02 18:50:18.102930,28.88,27.5,28.88,28.88,1012,24,2.14,121,47,0.0,Clouds,scattered clouds,18
Kaposfő,46.364167,17.656667,2026-08-02 18:50:19.255901,28.88,27.5,28.88,28.88,1012,24,2.12,117,53,0.0,Clouds,broken clouds,18
Kiskorpád,46.361389,17.606667,2026-08-02 18:50:20.409132,28.85,27.47,28.85,28.85,1012,24,2.11,113,59,0.0,Clouds,broken clouds,18
Jákó-Nagybajom,46.344444,17.554444,2026-08-02 18:50:21.564073,28.91,27.48,28.91,28.91,1012,23,2.19,107,61,0.0,Clouds,broken clouds,18
Kutas,46.326111,17.453889,2026-08-02 18:50:22.724790,29.12,27.64,29.12,29.12,1012,23,2.35,101,71,0.0,Clouds,broken clouds,18
Beleg,46.316944,17.420556,2026-08-02 18:50:23.878949,29.21,27.71,29.21,29.21,1012,23,2.43,100,77,0.0,Clouds,broken clouds,18
Ötvöskónyi,46.292778,17.358056,2026-08-02 18:50:25.032882,29.23,27.73,29.23,29.23,1012,23,2.44,102,82,0.0,Clouds,broken clouds,18
Somogyszob,46.289167,17.305556,2026-08-02 18:50:26.184729,29.14,27.62,29.14,29.14,1012,22,2.49,102,86,0.0,Clouds,overcast clouds,18
Bolhás,46.282222,17.275278,2026-08-02 18:50:27.343252,29.13,27.62,29.13,29.13,1012,22,2.51,103,89,0.0,Clouds,overcast clouds,18
Szenta,46.274167,17.182222,2026-08-02 18:50:28.497260,29.07,27.54,29.07,29.07,1012,21,2.46,102,92,0.0,Clouds,overcast clouds,18
Zrínyitelep,46.275278,17.138056,2026-08-02 18:50:29.649701,28.99,27.48,28.99,28.99,1012,21,2.38,101,93,0.0,Clouds,overcast clouds,18
Csurgó,46.261111,17.091667,2026-08-02 18:50:30.803953,29.14,27.57,29.14,29.14,1012,20,2.25,102,100,0.0,Clouds,overcast clouds,18
Gyékényes,46.249167,16.956389,2026-08-02 18:50:31.958050,28.5,27.15,28.5,28.5,1012,22,1.06,64,100,0.0,Clouds,overcast clouds,18
Adony,47.106111,18.847778,2026-08-02 18:50:33.115376,29.65,28.1,29.65,29.65,1012,24,3.46,93,86,0.0,Clouds,overcast clouds,18
Kulcs,47.051111,18.8975,2026-08-02 18:50:34.270724,29.62,28.04,29.62,29.62,1012,23,4.36,107,95,0.0,Clouds,overcast clouds,18
Rácalmás,47.023333,18.908889,2026-08-02 18:50:35.429736,29.65,28.02,29.65,29.65,1012,22,4.18,113,100,0.0,Clouds,overcast clouds,18
Dunaújváros,46.960556,18.913889,2026-08-02 18:50:36.607753,29.79,28.1,29.79,29.79,1012,21,3.75,127,100,0.0,Clouds,overcast clouds,18
Újvenyim,46.936944,18.868889,2026-08-02 18:50:37.762344,29.86,28.16,29.86,29.86,1012,21,3.62,138,100,0.0,Clouds,overcast clouds,18
Mezőfalva,46.905556,18.810278,2026-08-02 18:50:38.919313,29.75,28.07,29.75,29.75,1012,21,3.49,146,100,0.0,Clouds,overcast clouds,18
Nagykarácsony felső,46.866047,18.783064,2026-08-02 18:50:40.200159,29.84,28.18,29.84,29.84,1012,22,3.5,159,89,0.0,Clouds,overcast clouds,18
Nagykarácsony,46.848729,18.765722,2026-08-02 18:50:41.706597,29.58,28.0,29.58,29.58,1012,23,3.56,165,75,0.0,Clouds,broken clouds,18
Alap,46.831944,18.657778,2026-08-02 18:50:43.137655,29.73,28.13,29.73,29.73,1012,23,3.46,164,53,0.0,Clouds,broken clouds,18
Cece,46.773333,18.623333,2026-08-02 18:50:44.442772,29.83,28.21,29.83,29.83,1012,23,3.76,167,48,0.0,Clouds,scattered clouds,18
Vajta,46.713611,18.648056,2026-08-02 18:50:45.816059,29.86,28.28,29.86,29.86,1012,24,3.78,171,46,0.0,Clouds,scattered clouds,18
Rétszilas alsó,46.829167,18.639444,2026-08-02 18:50:47.200955,29.73,28.13,29.73,29.73,1012,23,3.46,164,53,0.0,Clouds,broken clouds,18
Nagydorog,46.615485,18.65002,2026-08-02 18:50:48.562825,29.86,28.28,29.86,29.86,1012,24,3.22,171,45,0.0,Clouds,scattered clouds,18
Tengelic,46.516111,18.695278,2026-08-02 18:50:50.047201,29.75,28.18,29.75,29.75,1012,24,2.23,168,48,0.0,Clouds,scattered clouds,18
Fácánkert,46.449041,18.735661,2026-08-02 18:50:51.282887,29.97,28.37,29.97,29.97,1012,24,1.97,162,56,0.0,Clouds,broken clouds,18
Tolna-Mözs,46.416389,18.750556,2026-08-02 18:50:52.533800,30.15,28.47,30.15,30.15,1012,23,2.08,154,58,0.0,Clouds,broken clouds,18
Szekszárd-Palánk,46.38027777777778,18.72833333333333,2026-08-02 18:50:53.790289,30.24,28.55,30.24,30.24,1012,23,2.01,158,65,0.0,Clouds,broken clouds,18
Szekszárd,46.349444,18.7125,2026-08-02 18:50:55.125794,30.35,28.64,30.35,30.35,1012,23,2.04,156,69,0.0,Clouds,broken clouds,18
Őcsény,46.318889,18.7425,2026-08-02 18:50:56.295355,30.7,28.9,30.7,30.7,1012,22,2.27,143,77,0.0,Clouds,broken clouds,18
Decs,46.283889,18.756111,2026-08-02 18:50:57.447712,30.81,29.0,30.81,30.81,1012,22,2.29,139,80,0.0,Clouds,broken clouds,18
Csikóstőttős,46.337222,18.152778,2026-08-02 18:50:58.671617,29.86,28.28,29.86,29.86,1012,24,2.78,139,49,0.0,Clouds,scattered clouds,18
Mágocs-Alsómocsolád,46.31027777777778,18.222222222222225,2026-08-02 18:50:59.831539,29.59,28.01,29.59,29.59,1012,23,2.68,138,76,0.0,Clouds,broken clouds,18
Szalatnak,46.284444444444446,18.288611111111113,2026-08-02 18:51:00.992239,30.03,28.37,30.03,30.03,1012,23,2.37,139,99,0.0,Clouds,overcast clouds,18
Máza-Szászvár,46.279167,18.411389,2026-08-02 18:51:02.147875,30.09,28.42,30.09,30.09,1012,23,2.07,147,98,0.0,Clouds,overcast clouds,18
Váralja,46.281667,18.436111,2026-08-02 18:51:03.384489,30.14,28.47,30.14,30.14,1012,23,1.91,152,90,0.0,Clouds,overcast clouds,18
Nagymányok,46.280278,18.459167,2026-08-02 18:51:04.537718,30.14,28.47,30.14,30.14,1012,23,1.91,152,90,0.0,Clouds,overcast clouds,18
Hidas-Bonyhád,46.269444,18.523333,2026-08-02 18:51:05.691787,30.08,28.42,30.08,30.08,1012,23,1.83,156,83,0.0,Clouds,broken clouds,18
Mőcsény,46.2575,18.591944,2026-08-02 18:51:06.845607,29.96,28.31,29.96,29.96,1012,23,1.81,150,80,0.0,Clouds,broken clouds,18
Bátaszék,46.202222,18.715556,2026-08-02 18:51:08.010036,30.84,29.02,30.84,30.84,1012,22,2.02,128,81,0.0,Clouds,broken clouds,18
Pörböly,46.199167,18.826389,2026-08-02 18:51:09.162193,31.09,29.25,31.09,31.09,1012,22,2.63,118,79,0.0,Clouds,broken clouds,18
Orosháza,46.566111,20.664722,2026-08-02 18:51:10.314533,32.73,31.67,32.73,32.73,1012,30,5.88,56,87,0.0,Clouds,overcast clouds,18
Orosházi tanyák,46.596944,20.760556,2026-08-02 18:51:11.468782,29.41,28.29,29.41,29.41,1012,31,7.98,47,66,0.0,Clouds,broken clouds,18
Csorvás,46.623611,20.840833,2026-08-02 18:51:12.624544,29.39,28.27,29.39,29.39,1012,31,8.75,45,64,0.0,Clouds,broken clouds,18
Csorvás alsó,46.634722,20.888333,2026-08-02 18:51:13.778721,29.41,28.66,29.41,29.41,1012,36,9.04,44,72,0.0,Clouds,broken clouds,18
Telekgerendás,46.656111,20.963889,2026-08-02 18:51:14.940206,29.41,28.66,29.41,29.41,1012,36,9.31,42,95,0.0,Clouds,overcast clouds,18
Fürjes,46.67214,21.02306,2026-08-02 18:51:16.096776,29.41,28.66,29.41,29.41,1012,36,9.26,39,100,0.0,Clouds,overcast clouds,18
Fényes,46.659876,21.16618,2026-08-02 18:51:17.252962,29.44,28.69,29.44,29.44,1012,36,8.2,34,100,0.0,Clouds,overcast clouds,18
Bicere,46.66,21.179444,2026-08-02 18:51:18.409963,29.43,28.68,29.43,29.43,1012,36,7.76,33,100,0.0,Clouds,overcast clouds,18
Gyula,46.656389,21.273333,2026-08-02 18:51:19.568654,29.42,28.67,29.42,29.42,1012,36,6.05,31,89,0.0,Clouds,overcast clouds,18
József Szanatórium,46.704722,21.3325,2026-08-02 18:51:20.722357,29.41,28.66,29.41,29.41,1012,36,6.32,28,92,0.0,Clouds,overcast clouds,18
Sarkadi Cukorgyár,46.73,21.383611,2026-08-02 18:51:21.887557,29.42,28.67,29.42,29.42,1013,36,5.46,27,96,0.0,Clouds,overcast clouds,18
Sarkad,46.736944,21.402222,2026-08-02 18:51:23.049423,29.41,28.1,29.41,29.41,1013,28,4.68,28,96,0.0,Clouds,overcast clouds,18
Kötegyán,46.758333,21.479722,2026-08-02 18:51:24.203043,29.41,28.1,29.41,29.41,1013,28,3.8,31,100,0.0,Clouds,overcast clouds,18
Méhkerék,46.774444,21.455556,2026-08-02 18:51:25.356253,29.41,28.1,29.41,29.41,1013,28,4.97,28,100,0.0,Clouds,overcast clouds,18
Sarkadkeresztúr,46.823611,21.4175,2026-08-02 18:51:26.508795,29.43,28.18,29.43,29.43,1013,29,6.14,28,100,0.0,Clouds,overcast clouds,18
Okány,46.8925,21.339167,2026-08-02 18:51:27.661086,29.43,28.45,29.43,29.43,1013,33,8.35,31,100,0.22,Rain,light rain,18
Újszeged,46.242222,20.16,2026-08-02 18:51:28.819774,32.3,30.32,32.3,32.3,1012,21,0.41,38,0,0.0,Clear,clear sky,18
Szőreg,46.211389,20.183056,2026-08-02 18:51:29.982668,32.29,30.31,32.29,32.29,1012,21,0.94,22,16,0.0,Clouds,few clouds,18
Deszk,46.210278,20.246389,2026-08-02 18:51:31.135210,32.3,30.26,32.3,32.3,1012,20,1.42,19,25,0.0,Clouds,scattered clouds,18
Kiszombor,46.191944,20.413056,2026-08-02 18:51:32.289230,31.6,29.61,31.6,31.6,1012,20,2.88,22,64,0.0,Clouds,broken clouds,18
Kiszombor megálló,46.191111,20.430833,2026-08-02 18:51:33.443089,31.6,29.61,31.6,31.6,1012,20,2.88,22,64,0.0,Clouds,broken clouds,18
Makó,46.204722,20.474722,2026-08-02 18:51:34.622088,31.67,29.67,31.67,31.67,1012,20,3.23,22,72,0.0,Clouds,broken clouds,18
Apátfalva,46.175193,20.580611,2026-08-02 18:51:35.995367,31.7,29.75,31.7,31.7,1012,21,4.34,15,69,0.0,Clouds,broken clouds,18
Magyarcsanád,46.174444,20.610278,2026-08-02 18:51:37.224599,31.69,29.8,31.69,31.69,1012,22,4.53,13,67,0.0,Clouds,broken clouds,18
Nagylak,46.17,20.708333,2026-08-02 18:51:38.607424,32.32,30.48,32.32,32.32,1012,23,4.53,9,64,0.0,Clouds,broken clouds,18
Nagylaki Kendergyár,46.189167,20.717222,2026-08-02 18:51:39.935832,32.31,30.47,32.31,32.31,1012,23,4.99,9,77,0.0,Clouds,broken clouds,18
Csanádpalota,46.236111,20.7325,2026-08-02 18:51:41.101943,32.3,30.54,32.3,32.3,1012,24,5.37,9,89,0.0,Clouds,overcast clouds,18
Mezőhegyes,46.310833,20.815556,2026-08-02 18:51:42.262334,32.24,30.57,32.24,32.24,1012,25,6.13,13,100,0.0,Clouds,overcast clouds,18
Végegyháza,46.384444,20.878611,2026-08-02 18:51:43.421405,32.26,30.68,32.26,32.26,1012,26,7.08,24,100,0.0,Clouds,overcast clouds,18
Mezőkovácsháza,46.408333,20.9,2026-08-02 18:51:44.572911,32.26,30.78,32.26,32.26,1012,27,7.54,27,100,0.0,Clouds,overcast clouds,18
Mezőkovácsháza felső,46.415556,20.918056,2026-08-02 18:51:45.861252,32.27,30.79,32.27,32.27,1012,27,7.09,27,100,0.0,Clouds,overcast clouds,18
Magyarbánhegyes,46.451389,20.97,2026-08-02 18:51:47.127313,29.38,28.02,29.38,29.38,1012,27,7.26,31,100,0.0,Clouds,overcast clouds,18
Medgyesegyháza,46.495278,21.029167,2026-08-02 18:51:48.390093,29.36,28.06,29.36,29.36,1012,28,7.32,35,97,0.0,Clouds,overcast clouds,18
Bánkút,46.505278,21.091944,2026-08-02 18:51:49.547357,29.38,28.64,29.38,29.38,1012,36,5.89,36,93,0.0,Clouds,overcast clouds,18
Belsőperegpuszta,46.321111,20.916667,2026-08-02 18:51:50.706378,32.24,30.48,32.24,32.24,1012,24,4.67,11,100,0.0,Clouds,overcast clouds,18
Battonya,46.282222,21.003889,2026-08-02 18:51:51.926478,32.24,39.24,32.24,32.28,1012,100,2.81,10,100,0.0,Clouds,overcast clouds,18
Baja-Dunafürdő,46.193333,18.919167,2026-08-02 18:51:53.083498,31.24,29.33,31.24,31.24,1012,21,3.02,113,78,0.0,Clouds,broken clouds,18
Kaposszekcső,46.330556,18.143056,2026-08-02 18:51:54.238095,29.86,28.28,29.86,29.86,1012,24,2.78,139,49,0.0,Clouds,scattered clouds,18
Vásárosdombó,46.310556,18.138889,2026-08-02 18:51:55.391379,29.82,28.24,29.82,29.82,1012,24,2.71,136,54,0.0,Clouds,broken clouds,18
Sásd,46.257222,18.104722,2026-08-02 18:51:56.539472,29.7,28.14,29.7,29.7,1012,24,2.58,127,43,0.0,Clouds,scattered clouds,18
Godisa,46.223333,18.104722,2026-08-02 18:51:57.695550,29.41,27.91,29.41,29.41,1012,24,2.57,122,41,0.0,Clouds,scattered clouds,18
Abaliget,46.152778,18.073611,2026-08-02 18:51:58.908001,28.95,27.59,28.95,28.95,1012,25,2.84,106,11,0.0,Clouds,few clouds,18
Hetvehely,46.128333,18.045,2026-08-02 18:52:00.127730,29.04,27.66,29.04,29.04,1012,25,3.02,103,3,0.0,Clear,clear sky,18
Bükkösd,46.113056,17.999444,2026-08-02 18:52:01.280970,28.86,27.52,28.86,28.86,1012,25,3.07,103,0,0.0,Clear,clear sky,18
Cserdi-Helesfa,46.086667,17.987778,2026-08-02 18:52:02.435074,28.9,27.55,28.9,28.9,1012,25,3.2,101,0,0.0,Clear,clear sky,18
Szentlőrinc,46.033333,17.990833,2026-08-02 18:52:03.650999,29.35,27.86,29.35,29.35,1012,24,3.45,96,5,0.0,Clear,clear sky,18
Bicsérd,46.041389,18.057778,2026-08-02 18:52:04.848925,29.26,27.83,29.26,29.26,1012,25,3.38,94,8,0.0,Clear,clear sky,18
Mecsekalja-Cserkút,46.059722,18.150278,2026-08-02 18:52:06.003672,28.72,27.41,28.72,28.72,1012,25,3.1,93,16,0.0,Clouds,few clouds,18
Pécs,46.065833,18.223611,2026-08-02 18:52:07.158609,27.6,26.62,27.6,27.6,1012,25,2.93,91,25,0.0,Clouds,scattered clouds,18
Pécs-Külváros,46.071667,18.24,2026-08-02 18:52:08.312840,27.58,26.61,27.58,27.58,1012,25,2.93,91,25,0.0,Clouds,scattered clouds,18
Pécsbánya-Rendező,46.063333,18.270278,2026-08-02 18:52:09.469874,27.42,26.5,27.42,27.42,1012,25,2.66,89,36,0.0,Clouds,scattered clouds,18
Pécsudvard,46.01,18.275556,2026-08-02 18:52:10.626159,27.35,26.46,27.35,27.35,1012,25,2.93,80,27,0.0,Clouds,scattered clouds,18
Szőkéd,45.9675,18.29,2026-08-02 18:52:11.785373,27.53,28.6,27.53,27.53,1012,58,3.07,71,37,0.0,Clouds,scattered clouds,18
Áta,45.936389,18.306944,2026-08-02 18:52:12.939378,27.64,28.74,27.64,27.64,1012,58,3.2,68,44,0.0,Clouds,scattered clouds,18
Kistótfalu,45.909722,18.315278,2026-08-02 18:52:14.096538,27.68,28.8,27.68,27.68,1012,58,3.28,66,52,0.0,Clouds,broken clouds,18
Vokány,45.899722,18.334722,2026-08-02 18:52:15.253479,27.64,28.74,27.64,27.64,1012,58,3.2,63,57,0.0,Clouds,broken clouds,18
Palkonya,45.891667,18.393889,2026-08-02 18:52:16.407856,27.66,28.77,27.66,27.66,1012,58,3.19,59,70,0.0,Clouds,broken clouds,18
Villánykövesd,45.879722,18.425833,2026-08-02 18:52:17.569504,27.62,28.72,27.62,27.62,1012,58,3.13,57,74,0.0,Clouds,broken clouds,18
Villány,45.8775,18.451389,2026-08-02 18:52:18.722504,27.75,28.89,27.75,27.75,1012,58,3.04,53,80,0.0,Clouds,broken clouds,18
Magyarbóly,45.834167,18.491944,2026-08-02 18:52:19.876935,27.8,28.96,27.8,27.8,1012,58,2.96,52,91,0.0,Clouds,overcast clouds,18
Magyarszék,46.210278,18.188056,2026-08-02 18:52:21.035141,29.6,28.06,29.6,29.6,1012,24,2.52,118,61,0.0,Clouds,broken clouds,18
Mecsekpölöske,46.224167,18.213056,2026-08-02 18:52:22.187604,29.47,27.92,29.47,29.47,1012,23,2.47,125,77,0.0,Clouds,broken clouds,18
Mecsekjánosi,46.215278,18.241944,2026-08-02 18:52:23.340882,29.52,27.96,29.52,29.52,1012,23,2.3,128,92,0.0,Clouds,overcast clouds,18
Komló,46.189167,18.265278,2026-08-02 18:52:24.496525,29.69,28.09,29.69,29.69,1012,23,2.27,122,86,0.0,Clouds,overcast clouds,18
Királyegyháza-Rigópuszta,45.989167,17.971667,2026-08-02 18:52:25.650560,29.41,27.91,29.41,29.41,1012,24,3.63,93,13,0.0,Clouds,few clouds,18
Sumony,45.960833,17.913333,2026-08-02 18:52:26.807166,29.47,27.92,29.47,29.47,1012,23,3.72,98,18,0.0,Clouds,few clouds,18
Okorág-Kárászpuszta,45.933611,17.864444,2026-08-02 18:52:27.962338,29.5,27.94,29.5,29.5,1012,23,3.7,100,23,0.0,Clouds,few clouds,18
Kákics,45.904167,17.8525,2026-08-02 18:52:29.124220,29.44,27.86,29.44,29.44,1012,22,3.61,103,28,0.0,Clouds,scattered clouds,18
Bóly,45.9375,18.538333,2026-08-02 18:52:30.279288,27.57,28.65,27.57,27.57,1012,58,2.74,55,81,0.0,Clouds,broken clouds,18
Mohács,46.0025,18.683333,2026-08-02 18:52:31.436306,27.84,26.69,27.84,27.84,1012,22,2.43,72,76,0.0,Clouds,broken clouds,18
Sellye,45.873333,17.858889,2026-08-02 18:52:32.592298,29.46,27.87,29.46,29.46,1012,22,3.63,100,30,0.0,Clouds,scattered clouds,18
Toponár,46.398333,17.840833,2026-08-02 18:52:33.747738,28.77,27.45,28.77,28.77,1012,25,2.28,139,24,0.0,Clouds,few clouds,18
Somogyaszaló,46.453611,17.840278,2026-08-02 18:52:34.902313,28.72,27.41,28.72,28.72,1012,25,2.13,142,43,0.0,Clouds,scattered clouds,18
Mernye,46.509444,17.832222,2026-08-02 18:52:36.068222,28.93,27.53,28.93,28.93,1012,24,1.8,136,66,0.0,Clouds,broken clouds,18
Felsőmocsolád,46.556389,17.8225,2026-08-02 18:52:37.467057,28.81,27.48,28.81,28.81,1012,25,1.68,130,71,0.0,Clouds,broken clouds,18
Kisbárapáti,46.615,17.866667,2026-08-02 18:52:38.621351,28.6,27.32,28.6,28.6,1012,25,1.34,106,65,0.0,Clouds,broken clouds,18
Bonnya,46.611389,17.909167,2026-08-02 18:52:39.773600,28.82,27.49,28.82,28.82,1012,25,1.45,129,53,0.0,Clouds,broken clouds,18
Andocs,46.646944,17.8925,2026-08-02 18:52:40.931098,28.36,27.19,28.36,28.36,1012,26,1.3,90,65,0.0,Clouds,broken clouds,18
Karád,46.681111,17.874722,2026-08-02 18:52:42.093593,29.13,27.82,29.13,29.13,1012,27,1.36,74,65,0.0,Clouds,broken clouds,18
Somogymeggyes,46.720556,17.920556,2026-08-02 18:52:43.259669,28.71,27.54,27.6,28.71,1012,28,1.34,47,56,0.0,Clouds,broken clouds,18
Kapoly,46.713611,17.977778,2026-08-02 18:52:44.425847,28.99,27.66,27.88,28.99,1012,26,0.35,133,21,0.0,Clouds,few clouds,18
Tab,46.734167,18.041111,2026-08-02 18:52:45.578756,28.04,26.96,28.04,29.15,1012,26,0.14,214,15,0.0,Clouds,few clouds,18
Bábonymegyer,46.746095,18.109921,2026-08-02 18:52:46.737116,28.15,31.24,28.15,29.26,1012,72,1.19,208,0,0.0,Clear,clear sky,18
Daránypuszta,46.764722,18.143889,2026-08-02 18:52:47.893614,28.17,31.29,28.17,29.28,1012,72,1.28,216,0,0.0,Clear,clear sky,18
Som-Nagyberény,46.803056,18.149444,2026-08-02 18:52:49.047234,28.16,31.27,28.16,29.27,1012,72,0.96,261,15,0.0,Clouds,few clouds,18
Ádánd,46.854444,18.141667,2026-08-02 18:52:50.200357,28.28,31.52,28.28,29.39,1012,72,1.35,312,37,0.0,Clouds,scattered clouds,18
Siójut,46.879444,18.126667,2026-08-02 18:52:51.353742,28.27,31.5,28.27,29.38,1012,72,1.76,326,48,0.0,Clouds,scattered clouds,18
Kapostüskevár,46.367778,17.774167,2026-08-02 18:52:52.511831,28.88,27.53,28.88,28.88,1012,25,2.25,131,27,0.0,Clouds,scattered clouds,18
Kaposfüred,46.415,17.759444,2026-08-02 18:52:53.667514,28.84,27.46,28.84,28.84,1012,24,2.09,135,49,0.0,Clouds,scattered clouds,18
Várda,46.4625,17.721667,2026-08-02 18:52:54.823415,29.01,27.56,29.01,29.01,1012,23,1.83,124,83,0.0,Clouds,broken clouds,18
Somogyjád,46.490833,17.694444,2026-08-02 18:52:55.977695,29.26,27.75,29.26,29.26,1012,23,1.74,115,98,0.0,Clouds,overcast clouds,18
Osztopán,46.515556,17.656944,2026-08-02 18:52:57.139479,29.33,27.84,29.33,29.33,1012,24,1.69,102,100,0.0,Clouds,overcast clouds,18
Pamuk,46.553127,17.636412,2026-08-02 18:52:58.293850,29.49,27.97,29.49,29.49,1012,24,1.65,92,100,0.0,Clouds,overcast clouds,18
Somogyvár,46.580556,17.634722,2026-08-02 18:52:59.459226,29.51,28.03,29.51,29.51,1012,25,1.67,81,100,0.0,Clouds,overcast clouds,18
Öreglak,46.608607,17.632733,2026-08-02 18:53:00.611870,29.48,28.06,29.48,29.48,1012,26,1.76,70,100,0.0,Clouds,overcast clouds,18
Tatárvár,46.636667,17.621111,2026-08-02 18:53:01.765694,29.31,28.02,29.31,29.31,1012,28,1.96,53,100,0.0,Clouds,overcast clouds,18
Lengyeltóti,46.660556,17.613611,2026-08-02 18:53:02.924358,29.34,28.1,29.34,29.34,1012,29,2.19,44,100,0.0,Clouds,overcast clouds,18
Pusztaberény,46.686111,17.594722,2026-08-02 18:53:04.078715,29.39,28.2,29.39,29.39,1012,30,2.46,37,100,0.0,Clouds,overcast clouds,18
Örkény,47.132778,19.447222,2026-08-02 18:53:05.232491,29.67,28.75,29.67,29.67,1013,34,7.38,62,99,0.0,Clouds,overcast clouds,18
Táborfalva,47.098545,19.479318,2026-08-02 18:53:06.384809,29.7,28.7,29.7,29.7,1013,33,7.19,59,99,0.0,Clouds,overcast clouds,18
Felsőlajos,47.068834,19.498415,2026-08-02 18:53:07.540169,29.7,28.62,29.7,29.7,1013,32,6.97,56,97,0.0,Clouds,overcast clouds,18
Lajosmizse,47.028333,19.542778,2026-08-02 18:53:08.693871,29.72,28.5,29.72,29.72,1013,30,6.21,53,91,0.0,Clouds,overcast clouds,18
Lajosmizse alsó,47.0225,19.550278,2026-08-02 18:53:09.850093,29.72,28.5,29.72,29.72,1013,30,6.21,53,91,0.0,Clouds,overcast clouds,18
Klábertelep,47.005556,19.551667,2026-08-02 18:53:11.004538,29.64,28.36,29.64,29.64,1013,29,5.57,54,79,0.0,Clouds,broken clouds,18
Méntelek,46.978611,19.570833,2026-08-02 18:53:12.157203,29.63,28.29,29.63,29.63,1013,28,5.0,55,73,0.0,Clouds,broken clouds,18
Hetényegyháza,46.930833,19.595,2026-08-02 18:53:13.311744,29.61,28.16,29.61,29.61,1013,26,3.68,63,53,0.0,Clouds,broken clouds,18
Kecskemét-Máriaváros,46.901192,19.675913,2026-08-02 18:53:14.463731,29.3,27.86,29.3,32.08,1012,25,3.11,72,33,0.0,Clouds,scattered clouds,18
Nyársapát,47.100278,19.7925,2026-08-02 18:53:15.623493,28.27,27.4,28.27,30.93,1013,32,6.47,63,94,0.0,Clouds,overcast clouds,18
Nagykőrös,47.038333,19.76,2026-08-02 18:53:16.780575,30.91,29.64,30.91,30.91,1013,30,5.94,61,78,0.0,Clouds,broken clouds,18
Katonatelep,46.963056,19.718889,2026-08-02 18:53:17.941097,29.58,28.25,29.58,29.58,1013,28,4.78,60,54,0.0,Clouds,broken clouds,18
Kecskemét,46.913889,19.700833,2026-08-02 18:53:19.107445,29.3,27.91,29.3,32.08,1013,26,3.68,65,41,0.0,Clouds,scattered clouds,18
Városföld,46.816667,19.753333,2026-08-02 18:53:20.260509,29.36,28.24,29.36,32.14,1012,31,2.19,102,11,0.0,Clouds,few clouds,18
Kiskunfélegyháza,46.7067,19.83474,2026-08-02 18:53:21.413428,32.19,31.03,29.41,32.19,1012,30,1.77,132,13,0.0,Clouds,few clouds,18
Petőfiszállás,46.617374,19.865229,2026-08-02 18:53:22.580234,32.23,31.08,29.45,32.23,1012,30,1.68,153,16,0.0,Clouds,few clouds,18
Csengele,46.538321,19.909008,2026-08-02 18:53:23.732364,32.22,31.07,32.19,32.22,1012,30,1.47,168,14,0.0,Clouds,few clouds,18
Kistelek,46.466944,19.966944,2026-08-02 18:53:24.887978,32.25,30.21,32.25,32.27,1012,20,1.43,174,0,0.0,Clear,clear sky,18
Balástya,46.413333,20.001389,2026-08-02 18:53:26.056445,32.25,30.21,32.25,32.25,1012,20,1.21,173,0,0.0,Clear,clear sky,18
Szatymaz,46.345621,20.04374,2026-08-02 18:53:27.209482,32.27,30.23,32.27,32.27,1012,20,1.79,122,0,0.0,Clear,clear sky,18
Kiskundorozsma,46.271667,20.090556,2026-08-02 18:53:28.368768,32.3,30.26,32.3,32.3,1012,20,0.32,108,0,0.0,Clear,clear sky,18
Szeged,46.239722,20.143056,2026-08-02 18:53:29.520654,32.28,30.24,32.28,32.28,1012,20,0.63,31,2,0.0,Clear,clear sky,18
Alsóúrrét,46.898392,19.779891,2026-08-02 18:53:30.673406,29.35,27.9,29.35,32.13,1013,25,3.29,73,30,0.0,Clouds,scattered clouds,18
Nyárlőrinc,46.87,19.851389,2026-08-02 18:53:31.825719,29.38,28.26,29.38,32.16,1012,31,3.09,75,37,0.0,Clouds,scattered clouds,18
Világoshegy,46.855278,19.940278,2026-08-02 18:53:32.982432,29.41,28.29,29.41,32.19,1013,31,3.9,64,82,0.0,Clouds,broken clouds,18
Szikra,46.858333,19.975,2026-08-02 18:53:34.140086,30.74,29.56,29.42,32.2,1013,31,3.9,64,82,0.0,Clouds,broken clouds,18
Lakitelek,46.873056,20.003611,2026-08-02 18:53:35.292422,30.72,29.08,29.47,32.25,1013,25,4.1,62,92,0.0,Clouds,overcast clouds,18
Tiszaug,46.850556,20.074167,2026-08-02 18:53:36.447059,32.31,30.55,31.14,32.78,1013,24,4.28,57,100,0.0,Clouds,overcast clouds,18
Tiszasas,46.826389,20.089167,2026-08-02 18:53:37.599585,32.27,30.51,32.21,32.76,1013,24,4.28,57,100,0.0,Clouds,overcast clouds,18
Csépa,46.8125,20.134722,2026-08-02 18:53:38.755650,32.41,31.7,32.21,32.76,1013,33,4.29,55,100,0.0,Clouds,overcast clouds,18
Szelevény,46.811944,20.196389,2026-08-02 18:53:39.913364,32.49,31.65,32.22,32.77,1013,32,4.42,55,100,0.0,Clouds,overcast clouds,18
Gátér,46.685,19.9625,2026-08-02 18:53:41.065727,32.29,31.15,32.21,32.76,1012,30,1.32,96,53,0.0,Clouds,broken clouds,18
Kónyaszék,46.699931,20.074299,2026-08-02 18:53:42.218438,32.26,31.37,32.23,32.77,1012,32,2.42,61,85,0.0,Clouds,overcast clouds,18
Csongrád,46.704444,20.140556,2026-08-02 18:53:43.372518,32.37,31.5,32.23,32.78,1012,32,2.92,58,85,0.0,Clouds,overcast clouds,18
Hékéd,46.675,20.266667,2026-08-02 18:53:44.526480,32.23,31.47,32.23,32.78,1012,33,0.45,233,76,0.0,Clouds,broken clouds,18
Fábiánsebestyén,46.670278,20.456667,2026-08-02 18:53:45.683065,32.77,31.86,32.22,32.77,1013,31,3.66,61,100,0.0,Clouds,overcast clouds,18
Gádoros,46.656711,20.588157,2026-08-02 18:53:46.836864,32.76,31.85,32.21,32.76,1012,31,4.8,59,80,0.0,Clouds,broken clouds,18
Justhmajor,46.62,20.615833,2026-08-02 18:53:47.992271,32.75,31.83,32.21,32.75,1012,31,5.3,58,78,0.0,Clouds,broken clouds,18
Szentetornya,46.590964,20.628334,2026-08-02 18:53:49.154717,32.75,31.69,32.2,32.75,1012,30,5.32,58,84,0.0,Clouds,broken clouds,18
Gyopárosfürdő,46.567784,20.630662,2026-08-02 18:53:50.308827,32.73,31.67,32.19,32.73,1012,30,5.88,56,87,0.0,Clouds,overcast clouds,18
Szabadságliget,47.626123,18.893481,2026-08-02 18:53:51.461612,29.29,28.91,28.58,30.9,1014,40,1.71,2,100,0.0,Clouds,overcast clouds,18
Röszke,46.19261,20.03055,2026-08-02 18:53:52.614001,32.3,30.26,29.65,32.3,1012,20,0.95,57,19,0.0,Clouds,few clouds,18
Tószeg,47.098056,20.138333,2026-08-02 18:53:53.771824,31.12,30.92,31.12,31.12,1013,39,7.48,62,100,0.0,Clouds,overcast clouds,18
Tiszavárkony,47.059444,20.143056,2026-08-02 18:53:54.924855,31.12,30.92,31.12,31.12,1013,39,6.95,60,98,0.0,Clouds,overcast clouds,18
Tiszajenő-Vezseny,47.036319,20.142415,2026-08-02 18:53:56.084427,31.12,30.92,31.12,31.12,1013,39,6.95,60,98,0.0,Clouds,overcast clouds,18
Újbög,46.962222,20.093889,2026-08-02 18:53:57.240616,31.08,30.87,31.08,31.08,1013,39,6.01,59,100,0.0,Clouds,overcast clouds,18
Tiszakécske,46.937512,20.082016,2026-08-02 18:53:58.393485,31.1,30.9,31.1,31.1,1013,39,5.59,60,100,0.0,Clouds,overcast clouds,18
Kerekdomb,46.906944,20.052778,2026-08-02 18:53:59.548709,31.07,29.72,29.49,32.27,1013,29,5.3,59,100,0.0,Clouds,overcast clouds,18
Tiszaalpár,46.818611,19.982778,2026-08-02 18:54:00.704335,32.24,31.09,32.16,32.24,1012,30,3.31,63,90,0.0,Clouds,overcast clouds,18
Tiszaalpár alsó,46.790897,19.951409,2026-08-02 18:54:01.861359,32.24,31.09,32.16,32.24,1012,30,2.71,68,76,0.0,Clouds,broken clouds,18
Tiszatenyő,47.134167,20.3725,2026-08-02 18:54:03.014367,31.12,30.92,31.12,31.12,1013,39,8.37,54,100,0.0,Clouds,overcast clouds,18
Pusztapó,47.091667,20.458333,2026-08-02 18:54:04.169542,31.12,31.22,31.12,31.12,1013,41,8.4,50,100,0.0,Clouds,overcast clouds,18
Kétpó,47.076944,20.487778,2026-08-02 18:54:05.329948,31.12,31.07,31.12,31.12,1013,40,8.28,49,100,0.0,Clouds,overcast clouds,18
Mezőtúr,47.0125,20.622778,2026-08-02 18:54:06.485578,29.83,29.5,29.83,29.83,1013,40,8.14,48,56,0.0,Clouds,broken clouds,18
Nagylapos,46.974167,20.750556,2026-08-02 18:54:07.637940,29.87,29.43,29.87,29.87,1013,39,8.09,48,0,0.0,Clear,clear sky,18
Gyoma,46.925833,20.821667,2026-08-02 18:54:08.793532,30.06,29.53,30.06,30.06,1013,38,7.98,49,0,0.0,Clear,clear sky,18
Csárdaszállás,46.861111,20.932778,2026-08-02 18:54:09.947462,29.44,28.61,29.44,29.44,1013,35,8.22,46,35,0.0,Clouds,scattered clouds,18
Mezőberény,46.814722,21.013056,2026-08-02 18:54:11.111184,29.43,28.68,29.43,29.43,1013,36,8.67,43,78,0.0,Clouds,broken clouds,18
Murony,46.756944,21.038056,2026-08-02 18:54:12.272820,29.45,28.7,29.45,29.45,1012,36,9.09,40,100,0.0,Clouds,overcast clouds,18
Békéscsaba,46.669722,21.081667,2026-08-02 18:54:13.425274,29.41,28.66,29.41,29.41,1012,36,9.13,36,100,0.0,Clouds,overcast clouds,18
Kétegyháza,46.5325,21.171944,2026-08-02 18:54:14.581649,29.39,28.65,29.39,29.39,1012,36,4.05,41,88,0.0,Clouds,overcast clouds,18
Lőkösháza,46.432222,21.2375,2026-08-02 18:54:15.734097,32.29,30.71,32.27,32.29,1012,26,1.41,105,86,0.0,Clouds,overcast clouds,18
Kengyel,47.089722,20.339722,2026-08-02 18:54:16.887646,31.1,30.9,31.1,31.1,1013,39,8.12,54,100,0.0,Clouds,overcast clouds,18
Bagimajor,47.061111,20.316667,2026-08-02 18:54:18.043204,31.12,30.92,31.12,31.12,1013,39,7.55,54,100,0.0,Clouds,overcast clouds,18
Martfű,47.019444,20.291667,2026-08-02 18:54:19.196209,31.1,30.9,31.1,31.1,1013,39,7.28,53,100,0.0,Clouds,overcast clouds,18
Tiszaföldvár,46.975556,20.276389,2026-08-02 18:54:20.350743,31.1,30.9,31.1,31.1,1013,39,6.61,53,100,0.0,Clouds,overcast clouds,18
Homok,46.9475,20.270278,2026-08-02 18:54:21.511355,31.11,30.91,31.11,32.75,1013,39,6.31,53,100,0.0,Clouds,overcast clouds,18
Kungyalu,46.910833,20.2675,2026-08-02 18:54:22.666822,31.5,30.48,31.13,32.77,1013,32,5.98,53,100,0.0,Clouds,overcast clouds,18
Kunszentmárton,46.848333,20.293333,2026-08-02 18:54:23.820498,32.76,31.99,32.21,32.76,1013,32,4.97,52,100,0.0,Clouds,overcast clouds,18
Nagytőke,46.763333,20.291667,2026-08-02 18:54:24.974337,32.77,32.0,32.23,32.77,1013,32,4.01,55,100,0.0,Clouds,overcast clouds,18
Szentes,46.657778,20.2725,2026-08-02 18:54:26.133726,32.23,31.47,32.23,32.78,1012,33,0.45,233,64,0.0,Clouds,broken clouds,18
Szegvár,46.588611,20.249444,2026-08-02 18:54:27.288864,32.23,31.47,32.23,32.78,1012,33,0.45,233,42,0.0,Clouds,scattered clouds,18
Mindszent,46.524167,20.194167,2026-08-02 18:54:28.442969,32.24,31.48,32.24,32.79,1012,33,1.23,81,0,0.0,Clear,clear sky,18
Mártély,46.473333,20.236111,2026-08-02 18:54:29.596490,32.36,30.45,32.25,32.8,1012,22,1.15,81,0,0.0,Clear,clear sky,18
Pusztabánréve,46.939898,20.556809,2026-08-02 18:54:30.754593,30.05,29.52,30.05,30.05,1013,38,7.3,48,64,0.0,Clouds,broken clouds,18
Szarvas,46.860833,20.566667,2026-08-02 18:54:31.913643,32.78,32.67,32.78,32.78,1013,36,6.28,48,62,0.0,Clouds,broken clouds,18
Csabacsűd,46.823056,20.663333,2026-08-02 18:54:33.067170,32.77,32.48,32.77,32.77,1012,35,6.29,49,29,0.0,Clouds,scattered clouds,18
Kisszénás,46.751389,20.721389,2026-08-02 18:54:34.219624,32.78,32.33,32.78,32.78,1012,34,7.19,49,8,0.0,Clear,clear sky,18
Kiscsákó,46.719167,20.717778,2026-08-02 18:54:35.373289,32.77,32.16,32.77,32.77,1012,33,7.26,50,24,0.0,Clouds,few clouds,18
Nagyszénás,46.672778,20.674167,2026-08-02 18:54:36.538996,32.74,31.97,32.74,32.74,1012,32,6.33,52,44,0.0,Clouds,scattered clouds,18
Kardoskút,46.498056,20.6975,2026-08-02 18:54:37.694681,31.73,30.31,31.73,31.73,1012,28,6.43,47,100,0.0,Clouds,overcast clouds,18
Tótkomlós,46.409167,20.726944,2026-08-02 18:54:38.848533,32.29,30.81,32.29,32.29,1012,27,6.98,32,100,0.0,Clouds,overcast clouds,18
Nagyér,46.365278,20.738333,2026-08-02 18:54:40.003772,32.38,30.81,32.38,32.38,1012,26,6.62,24,100,0.0,Clouds,overcast clouds,18
Pitvaros,46.326175,20.746446,2026-08-02 18:54:41.156238,32.38,30.71,32.38,32.38,1012,25,6.49,18,100,0.0,Clouds,overcast clouds,18
Dévaványa,47.033889,20.943333,2026-08-02 18:54:42.319705,29.87,29.54,29.87,29.87,1013,40,7.89,44,26,0.0,Clouds,scattered clouds,18
Körösladány,46.97,21.085833,2026-08-02 18:54:43.473806,30.3,29.8,30.3,30.3,1013,38,8.04,41,67,0.0,Clouds,broken clouds,18
Szeghalom,47.015278,21.148333,2026-08-02 18:54:44.629933,30.12,29.6,30.12,30.12,1013,38,7.56,39,82,0.0,Clouds,broken clouds,18
Vésztő,46.938889,21.263611,2026-08-02 18:54:45.783289,30.7,29.92,30.7,30.7,1013,35,8.33,34,100,2.05,Rain,moderate rain,18
Szeged-Rókus,46.266111,20.125278,2026-08-02 18:54:46.938539,32.3,30.26,32.3,32.3,1012,20,0.37,55,0,0.0,Clear,clear sky,18
Algyő,46.335556,20.196111,2026-08-02 18:54:48.095557,32.32,30.34,32.32,32.32,1012,21,0.26,94,0,0.0,Clear,clear sky,18
Hódmezővásárhelyi Népkert,46.403333,20.312778,2026-08-02 18:54:49.252528,32.24,30.33,32.24,32.24,1012,22,1.61,71,0,0.0,Clear,clear sky,18
Hódmezővásárhely,46.413333,20.34,2026-08-02 18:54:50.406566,32.23,30.32,32.23,32.23,1012,22,1.89,70,15,0.0,Clouds,few clouds,18
Körmend,47.016389,16.599167,2026-08-02 18:54:51.560220,26.77,26.89,26.77,26.77,1013,44,3.56,21,1,0.0,Clear,clear sky,18
Szentgotthárd,46.957222,16.263056,2026-08-02 18:54:52.713102,28.03,28.48,28.03,28.03,1014,50,1.93,357,0,0.0,Clear,clear sky,18
Szombathely,47.237778,16.6325,2026-08-02 18:54:53.868675,27.26,27.54,27.26,27.26,1014,48,3.99,14,0,0.0,Clear,clear sky,18
Sáferkút,48.010278,19.071389,2026-08-02 18:54:55.026900,26.44,26.44,26.44,26.44,1015,49,5.55,55,3,0.0,Clear,clear sky,18
Magdolnavölgy,47.6475,18.818889,2026-08-02 18:54:56.186127,28.93,28.37,28.57,30.88,1014,38,1.96,351,100,0.0,Clouds,overcast clouds,18
Haris,46.964722,16.2825,2026-08-02 18:54:57.345089,28.03,28.39,28.03,28.03,1014,49,2.1,0,0,0.0,Clear,clear sky,18
Egyházasrádóc,47.091389,16.62,2026-08-02 18:54:58.501062,27.48,27.54,27.48,27.48,1013,45,3.72,20,0,0.0,Clear,clear sky,18
Alsórönök,46.964167,16.379444,2026-08-02 18:54:59.654114,27.99,28.18,27.99,27.99,1013,47,2.36,5,0,0.0,Clear,clear sky,18
Szombathely-Szőlős,47.206389,16.641667,2026-08-02 18:55:00.815712,27.32,27.59,27.32,27.32,1013,48,4.01,16,0,0.0,Clear,clear sky,18
Rátót,46.9675,16.433056,2026-08-02 18:55:01.971394,27.82,27.86,27.82,27.82,1013,45,2.83,14,1,0.0,Clear,clear sky,18
Ják-Balogunyom,47.161389,16.630556,2026-08-02 18:55:03.127152,27.38,27.52,27.38,27.38,1013,46,4.04,19,0,0.0,Clear,clear sky,18
Vasvár,47.056944,16.800278,2026-08-02 18:55:04.282601,26.87,27.02,26.87,26.87,1013,45,4.17,21,0,0.0,Clear,clear sky,18
Répcelak,47.418889,17.008889,2026-08-02 18:55:05.439308,27.03,27.45,27.03,27.03,1014,50,4.3,359,3,0.0,Clear,clear sky,18
Rajka,47.995556,17.191389,2026-08-02 18:55:06.592631,26.12,26.12,26.12,26.12,1014,61,3.35,355,5,0.0,Clear,clear sky,18
Püspökmolnári,47.086111,16.7675,2026-08-02 18:55:07.745876,26.85,27.0,26.85,26.85,1013,45,4.18,22,0,0.0,Clear,clear sky,18
Kőszeg,47.382222,16.556389,2026-08-02 18:55:08.903897,26.86,27.84,26.86,26.86,1014,59,3.57,360,5,0.0,Clear,clear sky,18
Kastélypark,47.390278,18.988333,2026-08-02 18:55:10.066576,31.22,30.77,29.37,31.68,1013,37,1.34,339,43,0.0,Clouds,scattered clouds,18
Hanságliget,47.72,17.215556,2026-08-02 18:55:11.248677,28.35,29.61,28.35,28.35,1014,57,4.12,12,1,0.0,Clear,clear sky,18
Vica,47.477778,17.111944,2026-08-02 18:55:12.404100,26.99,27.47,26.99,26.99,1014,51,4.33,0,5,0.0,Clear,clear sky,18
Vép,47.235833,16.7275,2026-08-02 18:55:13.558671,27.4,27.67,27.4,27.4,1013,48,4.19,14,0,0.0,Clear,clear sky,18
Mosonszolnok,47.8525,17.160278,2026-08-02 18:55:14.713540,28.32,29.81,28.32,28.32,1014,59,3.85,8,2,0.0,Clear,clear sky,18
Jánossomorja,47.789167,17.1375,2026-08-02 18:55:15.865858,28.32,29.13,28.32,28.32,1014,53,4.1,12,2,0.0,Clear,clear sky,18
Bősárkány,47.685556,17.234167,2026-08-02 18:55:17.027247,28.35,29.5,28.35,28.35,1014,56,4.2,11,3,0.0,Clear,clear sky,18
Szil-Sopronnémeti,47.533333,17.209444,2026-08-02 18:55:18.184661,28.3,28.89,28.3,28.3,1014,51,4.31,4,6,0.0,Clear,clear sky,18
Magyarkeresztúr-Zsebeháza,47.514167,17.176111,2026-08-02 18:55:19.339709,28.3,28.89,28.3,28.3,1014,51,4.33,3,6,0.0,Clear,clear sky,18
Páli-Vadosfa,47.4925,17.137778,2026-08-02 18:55:20.491481,28.28,28.87,28.28,28.28,1014,51,4.33,1,6,0.0,Clear,clear sky,18
Beled,47.466667,17.084444,2026-08-02 18:55:21.656002,26.99,27.47,26.99,26.99,1014,51,4.33,0,5,0.0,Clear,clear sky,18
Dénesfa,47.448611,17.054722,2026-08-02 18:55:22.810668,27.02,27.5,27.02,27.02,1014,51,4.32,359,4,0.0,Clear,clear sky,18
Csánig,47.430278,17.026111,2026-08-02 18:55:23.964579,27.0,27.48,27.0,27.0,1014,51,4.33,358,4,0.0,Clear,clear sky,18
Vámoscsalád,47.385556,16.961667,2026-08-02 18:55:25.119653,27.65,28.07,27.65,27.65,1014,50,4.28,359,3,0.0,Clear,clear sky,18
Vasegerszeg,47.375,16.928889,2026-08-02 18:55:26.272794,27.66,28.08,27.66,27.66,1014,50,4.26,1,3,0.0,Clear,clear sky,18
Hegyfalu,47.357778,16.898333,2026-08-02 18:55:27.426819,27.65,28.07,27.65,27.65,1014,50,4.26,1,3,0.0,Clear,clear sky,18
Pósfa,47.326944,16.855833,2026-08-02 18:55:28.581863,27.63,28.05,27.63,27.63,1014,50,4.27,4,2,0.0,Clear,clear sky,18
Ölbő-Alsószeleste,47.300556,16.843056,2026-08-02 18:55:29.738623,27.61,28.03,27.61,27.61,1013,50,4.27,6,1,0.0,Clear,clear sky,18
Gencsapáti felső,47.299722,16.593889,2026-08-02 18:55:30.895918,27.12,28.16,27.12,27.12,1014,59,3.65,7,2,0.0,Clear,clear sky,18
Lukácsháza alsó,47.326389,16.586389,2026-08-02 18:55:32.049100,27.06,28.08,27.06,27.06,1014,59,3.65,5,3,0.0,Clear,clear sky,18
Kőszegfalva,47.361667,16.567778,2026-08-02 18:55:33.205185,26.95,27.95,26.95,26.95,1014,59,3.55,2,4,0.0,Clear,clear sky,18
Gyöngyöshermán,47.202778,16.657222,2026-08-02 18:55:34.360935,27.34,27.61,27.34,27.34,1013,48,4.01,16,0,0.0,Clear,clear sky,18
Bezenye,47.973611,17.207222,2026-08-02 18:55:35.514977,26.17,26.17,26.17,26.17,1014,60,3.4,359,4,0.0,Clear,clear sky,18
Kámon,47.254534,16.625769,2026-08-02 18:55:36.668056,27.22,28.28,27.22,27.22,1014,59,3.96,12,0,0.0,Clear,clear sky,18
Sorkifalud,47.1375,16.719167,2026-08-02 18:55:37.822258,27.58,27.7,27.58,27.58,1013,46,4.21,20,0,0.0,Clear,clear sky,18
Szentléránt,47.12,16.735556,2026-08-02 18:55:38.979174,27.58,27.7,27.58,27.58,1013,46,4.21,20,0,0.0,Clear,clear sky,18
Pácsony,47.009722,16.833611,2026-08-02 18:55:40.133789,26.86,26.06,26.86,26.86,1013,22,4.09,22,0,0.0,Clear,clear sky,18
Győrvár,46.99,16.840556,2026-08-02 18:55:41.293270,26.95,26.11,26.95,26.95,1013,22,4.09,22,0,0.0,Clear,clear sky,18
Egervár-Vasboldogasszony,46.942222,16.862222,2026-08-02 18:55:42.453345,27.07,26.19,27.07,27.07,1013,22,4.04,22,2,0.0,Clear,clear sky,18
Zalaszentlőrinc,46.913889,16.8775,2026-08-02 18:55:43.613746,27.07,26.19,27.07,27.07,1013,22,3.99,22,3,0.0,Clear,clear sky,18
Gencsapáti alsó,47.285833,16.6,2026-08-02 18:55:44.776920,27.15,28.2,27.15,27.15,1014,59,3.66,10,1,0.0,Clear,clear sky,18
Gyöngyösfalu,47.316111,16.59,2026-08-02 18:55:45.931585,27.08,28.11,27.08,27.08,1014,59,3.65,7,2,0.0,Clear,clear sky,18
Lukácsháza,47.341111,16.580556,2026-08-02 18:55:47.091584,27.01,28.02,27.01,27.01,1014,59,3.53,5,3,0.0,Clear,clear sky,18
Horvátnádalja,47.005278,16.544444,2026-08-02 18:55:48.249180,27.92,27.88,27.92,27.92,1013,44,3.34,20,2,0.0,Clear,clear sky,18
Csákánydoroszló,46.978333,16.499722,2026-08-02 18:55:49.405465,27.98,27.93,27.98,27.98,1013,44,2.98,16,2,0.0,Clear,clear sky,18
Váckisújfalu,47.705,19.340278,2026-08-02 18:55:50.568545,29.08,29.18,29.08,33.09,1013,45,4.09,90,0,0.0,Clear,clear sky,18
Csisztafürdő,46.681411,17.561797,2026-08-02 18:55:51.736318,29.3,28.19,29.3,29.3,1012,31,2.55,27,100,0.0,Clouds,overcast clouds,18
Mórágy,46.236021,18.627255,2026-08-02 18:55:52.900847,30.15,28.47,30.15,30.15,1012,23,1.81,141,81,0.0,Clouds,broken clouds,18
Kismacs,47.551111,21.542778,2026-08-02 18:55:54.060449,28.07,28.53,28.07,28.07,1014,50,6.23,18,21,0.0,Clouds,few clouds,18
Pusztaszentistván,47.439869,19.470254,2026-08-02 18:55:55.211361,33.04,32.2,33.04,33.04,1013,31,7.29,83,47,0.0,Clouds,scattered clouds,18
Aranyvölgy,47.573795,19.017489,2026-08-02 18:55:56.366619,29.92,29.6,29.22,31.53,1013,40,0.89,322,95,0.0,Clouds,overcast clouds,18
Szélhegy,47.601111,18.928056,2026-08-02 18:55:57.520877,29.42,29.04,28.86,31.18,1013,40,3.9,123,100,0.0,Clouds,overcast clouds,18
Vörösvárbánya,47.61,18.913611,2026-08-02 18:55:58.673311,29.34,28.96,28.82,31.13,1013,40,3.9,123,6,0.0,Clear,clear sky,18
Máriaszőlőtelep,46.702778,17.411911,2026-08-02 18:55:59.822314,28.76,27.99,28.76,28.76,1012,35,0.65,65,16,0.0,Clouds,few clouds,18
Akadémiaújtelep,47.485724,19.22294,2026-08-02 18:56:00.976606,30.47,30.12,29.18,31.49,1013,39,5.62,95,85,0.0,Clouds,overcast clouds,18
Újpalota,47.5316,19.126206,2026-08-02 18:56:02.137612,30.35,29.98,29.27,31.59,1013,39,1.34,358,39,0.0,Clouds,scattered clouds,18
"Szeged, Somogyi utca",46.250464,20.147713,2026-08-02 18:56:03.298088,32.26,30.22,32.26,32.26,1012,20,1.72,27,0,0.0,Clear,clear sky,18
"Hódmezővásárhely, Hősök tere",46.412183,20.31759,2026-08-02 18:56:04.452177,32.23,30.32,32.23,32.23,1012,22,2.04,20,15,0.0,Clouds,few clouds,18
"Hódmezővásárhely, Kossuth tér",46.41465,20.319727,2026-08-02 18:56:05.604411,32.23,30.32,32.23,32.23,1012,22,2.04,20,15,0.0,Clouds,few clouds,18
"Hódmezővásárhely, Strandfürdő",46.409147,20.315671,2026-08-02 18:56:06.751619,32.23,30.32,32.23,32.23,1012,22,2.04,20,15,0.0,Clouds,few clouds,18
"Szeged, Széchenyi tér",46.252683,20.14935,2026-08-02 18:56:07.901115,32.26,30.22,32.26,32.26,1012,20,1.72,27,0,0.0,Clear,clear sky,18
"Szeged, Anna-kút",46.256184,20.147587,2026-08-02 18:56:09.056257,32.26,30.22,32.26,32.26,1012,20,1.72,27,0,0.0,Clear,clear sky,18
"Szeged, Rókusi templom",46.259255,20.141771,2026-08-02 18:56:10.224067,32.28,30.24,32.28,32.28,1012,20,1.72,27,0,0.0,Clear,clear sky,18
"Hódmezővásárhely, Kálvin János tér",46.416677,20.328532,2026-08-02 18:56:11.389069,32.23,30.32,32.23,32.23,1012,22,2.12,22,24,0.0,Clouds,few clouds,18
Hódmezővásárhely vasútállomás,46.413242,20.338701,2026-08-02 18:56:12.534287,32.23,30.32,32.23,32.23,1012,22,1.89,70,15,0.0,Clouds,few clouds,18
"Szeged, Tavasz utca",46.260715,20.139055,2026-08-02 18:56:13.680516,32.28,30.24,32.28,32.28,1012,20,1.72,27,0,0.0,Clear,clear sky,18
"Szeged, Damjanich utca",46.262753,20.135248,2026-08-02 18:56:14.826936,32.28,30.24,32.28,32.28,1012,20,1.72,27,0,0.0,Clear,clear sky,18
"Szeged, Vásárhelyi Pál utca",46.264173,20.131109,2026-08-02 18:56:15.977141,32.3,30.26,32.3,32.3,1012,20,1.72,27,0,0.0,Clear,clear sky,18
"Szeged, Bécsi körút ",46.243459,20.143809,2026-08-02 18:56:17.123050,32.28,30.24,32.28,32.28,1012,20,0.63,31,2,0.0,Clear,clear sky,18
Hódmezővásárhelyi Népkert vasútállomás,46.403733,20.312986,2026-08-02 18:56:18.268809,32.24,30.33,32.24,32.24,1012,22,1.61,71,0,0.0,Clear,clear sky,18
Szeged vasútállomás,46.239789,20.142561,2026-08-02 18:56:19.421144,32.28,30.24,32.28,32.28,1012,20,0.63,31,2,0.0,Clear,clear sky,18
"Szeged, Bem utca",46.240198,20.141247,2026-08-02 18:56:20.567523,32.28,30.24,32.28,32.28,1012,20,0.63,31,2,0.0,Clear,clear sky,18
"Szeged, Galamb utca",46.24153,20.142297,2026-08-02 18:56:21.714556,32.28,30.24,32.28,32.28,1012,20,0.63,31,2,0.0,Clear,clear sky,18
"Szeged, Aradi vértanúk tere",46.247839,20.147,2026-08-02 18:56:22.863150,32.26,30.22,32.26,32.26,1012,20,1.72,27,0,0.0,Clear,clear sky,18
"Szeged, Pulz utca",46.264452,20.126061,2026-08-02 18:56:24.013964,32.3,30.26,32.3,32.3,1012,20,1.72,27,0,0.0,Clear,clear sky,18
"Szeged, Rókus vasútállomás",46.266107,20.125686,2026-08-02 18:56:25.165223,32.3,30.26,32.3,32.3,1012,20,0.37,55,0,0.0,Clear,clear sky,18
Látókép,47.55787,21.524373,2026-08-02 18:56:26.320859,28.07,28.53,28.07,28.07,1014,50,6.19,18,0,0.0,Clear,clear sky,18
Szentmihálytelek,46.2229,20.0808,2026-08-02 18:56:27.476454,32.3,30.26,32.3,32.3,1012,20,1.81,41,3,0.0,Clear,clear sky,18
Kisvarsány,48.144356,22.297397,2026-08-02 18:56:28.631987,26.08,26.08,26.08,26.08,1015,59,3.42,346,52,0.0,Clouds,broken clouds,18
