station_name,station_lat,station_lon,observation_time,temp,feels_like,temp_min,temp_max,pressure,humidity,wind_speed,wind_deg,clouds,precipitation_1h,weather_main,weather_description,collection_hour
Búcsúszentlászló,46.793056,16.932778,2026-07-17 21:27:24.855064,22.31,22.92,22.31,22.31,1012,89,3.16,6,50,0.0,Clouds,scattered clouds,21
Angyalföld,47.549722,19.09,2026-07-17 21:27:26.118184,23.1,23.68,21.49,25.65,1011,85,0.45,256,100,0.0,Clouds,overcast clouds,21
Felsőjánosfa,46.841389,16.544167,2026-07-17 21:27:27.380845,22.15,22.74,22.15,22.15,1012,89,2.48,43,38,0.0,Clouds,scattered clouds,21
Pankasz,46.835833,16.496111,2026-07-17 21:27:28.652663,21.86,22.43,21.86,21.86,1012,89,2.51,42,32,0.0,Clouds,scattered clouds,21
Nagyrákos,46.827222,16.455556,2026-07-17 21:27:29.919244,21.82,22.38,21.82,21.82,1012,89,2.5,41,29,0.0,Clouds,scattered clouds,21
Őriszentpéter,46.828889,16.415278,2026-07-17 21:27:31.181925,21.92,22.49,21.92,21.92,1012,89,2.41,38,24,0.0,Clouds,few clouds,21
Törökbálint,47.45,18.908611,2026-07-17 21:27:32.452972,23.05,23.53,21.27,23.05,1011,81,6.5,335,100,0.0,Clouds,overcast clouds,21
Bicske alsó,47.486389,18.642778,2026-07-17 21:27:33.716177,21.16,21.6,21.16,21.16,1011,87,5.96,348,100,0.0,Clouds,overcast clouds,21
Bajánsenye,46.818056,16.358056,2026-07-17 21:27:34.976549,22.0,22.58,22.0,22.0,1012,89,2.45,35,21,0.0,Clouds,few clouds,21
Aquincum,47.566218,19.048273,2026-07-17 21:27:36.242002,22.61,23.22,21.52,25.67,1011,88,0.45,256,100,0.0,Clouds,overcast clouds,21
Piliscsév,47.673889,18.791389,2026-07-17 21:27:37.509154,21.1,21.77,21.1,22.89,1011,96,4.05,346,100,0.0,Clouds,overcast clouds,21
Tát,47.741201,18.64783,2026-07-17 21:27:38.771778,21.51,22.04,21.51,21.51,1011,89,2.13,2,100,0.0,Clouds,overcast clouds,21
Süttő felső,47.756667,18.437222,2026-07-17 21:27:40.034880,21.6,22.14,21.6,21.6,1011,89,2.09,37,100,0.0,Clouds,overcast clouds,21
Budatétény,47.405,19.016389,2026-07-17 21:27:41.299904,23.29,23.79,21.56,25.71,1011,81,0.45,256,100,0.0,Clouds,overcast clouds,21
Seregélyes-Szőlőhegy,47.119444,18.612222,2026-07-17 21:27:42.572885,21.85,22.31,21.85,21.85,1011,85,4.51,333,96,0.0,Clouds,overcast clouds,21
Gödöllő-Állami telepek,47.564444,19.375556,2026-07-17 21:27:43.840338,25.16,25.4,22.79,25.16,1011,64,2.61,316,100,0.0,Clouds,overcast clouds,21
Dunakeszi alsó,47.607778,19.128889,2026-07-17 21:27:45.113061,23.04,23.62,21.49,25.64,1011,85,3.82,320,100,0.0,Clouds,overcast clouds,21
Vác-Alsóváros,47.773056,19.149722,2026-07-17 21:27:46.380097,21.47,21.92,21.47,21.47,1011,86,3.4,303,100,0.0,Clouds,overcast clouds,21
Szob alsó,47.816667,18.8725,2026-07-17 21:27:47.652921,21.5,22.03,21.5,21.5,1011,89,2.33,317,100,0.0,Clouds,overcast clouds,21
Zalaszentmihály-Pacsa,46.7225,16.951944,2026-07-17 21:27:48.915233,22.28,22.91,22.28,22.28,1012,90,3.23,4,45,0.0,Clouds,scattered clouds,21
Pötréte,46.682778,16.9575,2026-07-17 21:27:50.181221,22.23,22.86,22.23,22.23,1012,90,3.16,4,42,0.0,Clouds,scattered clouds,21
Felsőrajk,46.667222,16.982778,2026-07-17 21:27:51.453096,22.2,22.83,22.2,22.2,1012,90,3.26,3,40,0.0,Clouds,scattered clouds,21
Gelse,46.600556,16.982778,2026-07-17 21:27:52.719580,22.04,22.65,22.04,22.04,1012,90,2.99,5,38,0.0,Clouds,scattered clouds,21
Őrtilos,46.297778,16.887778,2026-07-17 21:27:53.989046,21.74,22.35,21.74,21.74,1012,91,2.93,14,6,0.0,Clear,clear sky,21
Zákány,46.251944,16.9425,2026-07-17 21:27:55.255029,21.42,21.99,21.42,21.42,1012,91,3.41,19,3,0.0,Clear,clear sky,21
Berzence,46.201389,17.143611,2026-07-17 21:27:56.522058,21.47,22.07,21.47,21.47,1011,92,3.91,17,2,0.0,Clear,clear sky,21
Somogyudvarhely,46.163333,17.179722,2026-07-17 21:27:57.785891,21.43,22.03,21.43,21.43,1011,92,3.93,16,2,0.0,Clear,clear sky,21
Bélavár,46.122778,17.207778,2026-07-17 21:27:59.051712,21.58,22.17,21.58,21.58,1011,91,3.86,15,1,0.0,Clear,clear sky,21
Vízvár,46.101389,17.239444,2026-07-17 21:28:00.325164,21.55,22.14,21.55,21.55,1011,91,3.82,14,1,0.0,Clear,clear sky,21
Babócsa,46.028359,17.342276,2026-07-17 21:28:01.593886,21.8,22.33,21.8,21.8,1011,88,3.78,13,0,0.0,Clear,clear sky,21
Péterhida-Komlósd,46.006667,17.358056,2026-07-17 21:28:02.860932,21.96,22.46,21.96,21.96,1011,86,3.72,13,0,0.0,Clear,clear sky,21
Barcs,45.951944,17.446944,2026-07-17 21:28:04.127600,22.23,22.62,22.23,22.23,1011,81,3.54,12,1,0.0,Clear,clear sky,21
Barcs felső,45.958333,17.486389,2026-07-17 21:28:05.396967,22.2,22.56,22.2,22.2,1011,80,3.62,12,1,0.0,Clear,clear sky,21
Középrigóc,45.970556,17.525,2026-07-17 21:28:06.662882,22.15,22.51,22.15,22.15,1011,80,3.7,12,1,0.0,Clear,clear sky,21
Darány,45.992222,17.598611,2026-07-17 21:28:07.943753,22.14,22.52,22.14,22.14,1011,81,4.27,11,3,0.0,Clear,clear sky,21
Kisdobsza,46.012222,17.668056,2026-07-17 21:28:09.217603,22.12,22.53,22.12,22.12,1011,82,4.64,11,3,0.0,Clear,clear sky,21
Nemeske,46.023333,17.705278,2026-07-17 21:28:10.492343,22.12,22.53,22.12,22.12,1011,82,4.7,10,4,0.0,Clear,clear sky,21
Molvány,46.035278,17.748611,2026-07-17 21:28:11.759744,22.08,22.48,22.08,22.08,1011,82,4.82,12,3,0.0,Clear,clear sky,21
Szigetvár,46.043333,17.801944,2026-07-17 21:28:13.022774,22.09,22.44,22.09,22.09,1011,80,4.79,11,3,0.0,Clear,clear sky,21
Nagypeterd,46.039444,17.871667,2026-07-17 21:28:14.285512,22.27,22.54,22.27,22.27,1011,76,4.64,10,2,0.0,Clear,clear sky,21
Szentdénes,46.036667,17.926944,2026-07-17 21:28:15.559334,22.34,22.56,22.34,22.34,1011,74,4.53,9,2,0.0,Clear,clear sky,21
Háros,47.412222,19.035,2026-07-17 21:28:16.823649,23.29,23.79,21.52,25.67,1011,81,0.45,256,100,0.0,Clouds,overcast clouds,21
Nagytétény-Diósd,47.398333,18.974444,2026-07-17 21:28:18.091800,23.07,23.55,21.55,25.71,1011,81,6.26,329,100,0.0,Clouds,overcast clouds,21
Érdliget,47.390278,18.937778,2026-07-17 21:28:19.354097,22.81,23.26,21.47,25.62,1011,81,6.51,331,100,0.0,Clouds,overcast clouds,21
Érd felső,47.381111,18.922222,2026-07-17 21:28:20.615014,23.22,23.71,21.43,23.22,1011,81,6.73,333,100,0.0,Clouds,overcast clouds,21
Érd,47.369722,18.900833,2026-07-17 21:28:21.880866,23.18,23.67,21.4,23.18,1011,81,6.81,332,100,0.0,Clouds,overcast clouds,21
Százhalombatta,47.322222,18.899167,2026-07-17 21:28:23.143861,23.17,23.74,21.38,23.17,1011,84,6.88,329,100,0.0,Clouds,overcast clouds,21
Dunai Finomító,47.294444,18.878889,2026-07-17 21:28:24.410786,23.01,23.59,23.01,23.01,1011,85,6.64,329,100,0.0,Clouds,overcast clouds,21
Ercsi,47.247222,18.875278,2026-07-17 21:28:25.677799,23.23,23.8,23.23,23.23,1011,84,6.56,328,100,0.0,Clouds,overcast clouds,21
Iváncsa,47.177778,18.811944,2026-07-17 21:28:26.948528,21.9,22.34,21.9,21.9,1011,84,5.91,322,98,0.0,Clouds,overcast clouds,21
Pusztaszabolcs,47.139722,18.761667,2026-07-17 21:28:28.216685,21.98,22.43,21.98,21.98,1011,84,5.82,320,97,0.0,Clouds,overcast clouds,21
Szabadegyháza,47.082778,18.704167,2026-07-17 21:28:29.491222,21.88,22.34,21.88,21.88,1011,85,5.58,322,95,0.0,Clouds,overcast clouds,21
Sárosd,47.039722,18.660278,2026-07-17 21:28:30.755768,21.83,22.31,21.83,21.83,1012,86,5.22,328,93,0.0,Clouds,overcast clouds,21
Nagylók,46.979444,18.635833,2026-07-17 21:28:32.019585,21.6,22.09,21.6,21.6,1012,87,5.69,332,87,0.0,Clouds,overcast clouds,21
Sárbogárd,46.896944,18.611944,2026-07-17 21:28:33.282172,21.69,22.21,21.69,21.69,1012,88,5.79,338,78,0.0,Clouds,broken clouds,21
Rétszilas,46.814167,18.601389,2026-07-17 21:28:34.553196,21.79,22.32,21.79,21.79,1012,88,6.26,343,71,0.0,Clouds,broken clouds,21
Nagyatád,46.228611,17.354167,2026-07-17 21:28:35.819209,21.44,22.02,21.44,21.44,1011,91,4.0,15,5,0.0,Clear,clear sky,21
Budapest-Keleti,47.500278,19.084167,2026-07-17 21:28:37.087215,23.25,23.77,21.47,25.62,1011,82,0.45,256,100,0.0,Clouds,overcast clouds,21
Ferencváros,47.468611,19.088056,2026-07-17 21:28:38.358268,23.31,23.76,21.49,25.64,1011,79,0.45,256,100,0.0,Clouds,overcast clouds,21
Budapest-Nyugati,47.510833,19.0575,2026-07-17 21:28:39.621445,23.1,23.68,21.48,25.64,1011,85,0.45,256,100,0.0,Clouds,overcast clouds,21
Kőbánya felső,47.491944,19.133889,2026-07-17 21:28:40.891337,23.63,24.03,21.41,25.56,1011,76,0.45,256,100,0.0,Clouds,overcast clouds,21
Rákos,47.488889,19.174722,2026-07-17 21:28:42.152217,24.22,24.6,21.37,25.53,1011,73,0.45,256,100,0.0,Clouds,overcast clouds,21
Rákosrendező,47.525556,19.089444,2026-07-17 21:28:43.422499,23.25,23.8,21.51,25.67,1011,83,0.45,256,100,0.0,Clouds,overcast clouds,21
Zugló,47.511389,19.101389,2026-07-17 21:28:44.684543,23.27,23.74,21.47,25.63,1011,80,0.45,256,100,0.0,Clouds,overcast clouds,21
Mezőtárkány,47.725,20.480278,2026-07-17 21:28:45.946206,24.13,24.27,24.13,24.13,1010,64,2.81,259,100,0.0,Clouds,overcast clouds,21
Istvántelek,47.550278,19.106389,2026-07-17 21:28:47.211508,23.25,23.8,21.5,25.66,1011,83,0.45,256,100,0.0,Clouds,overcast clouds,21
Rákospalota-Újpest,47.565833,19.111944,2026-07-17 21:28:48.475924,23.2,23.77,21.49,25.65,1011,84,0.45,256,100,0.0,Clouds,overcast clouds,21
Kőbánya alsó,47.483056,19.127222,2026-07-17 21:28:49.742808,23.58,23.98,21.42,25.58,1011,76,0.45,256,100,0.0,Clouds,overcast clouds,21
Kőbánya-Kispest,47.463889,19.149444,2026-07-17 21:28:51.012038,23.98,24.37,21.42,25.58,1011,74,0.45,256,100,0.0,Clouds,overcast clouds,21
Pestszentlőrinc,47.454722,19.182778,2026-07-17 21:28:52.279658,24.37,24.74,21.36,25.52,1011,72,4.13,323,100,0.0,Clouds,overcast clouds,21
Kispest,47.448135,19.157552,2026-07-17 21:28:53.542558,24.15,24.53,21.43,25.58,1011,73,0.45,256,100,0.0,Clouds,overcast clouds,21
Újpest,47.558889,19.079722,2026-07-17 21:28:54.815982,22.93,23.52,21.5,25.66,1011,86,0.45,256,100,0.0,Clouds,overcast clouds,21
Pestszentimre felső,47.413611,19.173333,2026-07-17 21:28:56.083488,24.41,24.81,21.45,25.61,1011,73,4.22,322,100,0.0,Clouds,overcast clouds,21
Dunakeszi,47.626111,19.136111,2026-07-17 21:28:57.344824,22.83,23.41,21.4,25.55,1011,86,3.75,318,100,0.0,Clouds,overcast clouds,21
Dunakeszi-Gyártelep,47.643611,19.135,2026-07-17 21:28:58.616143,22.6,23.19,21.44,25.6,1011,87,3.67,316,100,0.0,Clouds,overcast clouds,21
Alsógöd,47.676944,19.134444,2026-07-17 21:28:59.890915,22.22,22.74,21.43,25.59,1011,86,3.61,314,100,0.0,Clouds,overcast clouds,21
Göd,47.687778,19.1375,2026-07-17 21:29:01.162745,22.16,22.68,21.45,25.61,1011,86,3.61,314,100,0.0,Clouds,overcast clouds,21
Felsőgöd,47.705556,19.143333,2026-07-17 21:29:02.428040,22.1,22.61,21.5,25.66,1011,86,3.54,312,100,0.0,Clouds,overcast clouds,21
Sződ-Sződliget,47.728056,19.154722,2026-07-17 21:29:03.702166,21.49,21.94,21.49,23.28,1011,86,3.5,309,100,0.0,Clouds,overcast clouds,21
Vác,47.782778,19.133056,2026-07-17 21:29:04.973884,21.47,21.92,21.47,21.47,1011,86,3.4,303,100,0.0,Clouds,overcast clouds,21
Verőce,47.823889,19.029444,2026-07-17 21:29:06.244501,21.3,21.78,21.3,21.3,1011,88,2.79,297,100,0.0,Clouds,overcast clouds,21
Kismaros,47.8275,19.010278,2026-07-17 21:29:07.507867,21.43,21.93,21.43,21.43,1011,88,2.67,298,100,0.0,Clouds,overcast clouds,21
Nagymaros-Visegrád,47.791389,18.959167,2026-07-17 21:29:08.772492,21.45,21.95,21.45,21.45,1011,88,2.74,310,100,0.0,Clouds,overcast clouds,21
Nagymaros,47.780278,18.952222,2026-07-17 21:29:10.032252,21.53,22.04,21.53,21.53,1011,88,2.74,310,100,0.0,Clouds,overcast clouds,21
Zebegény,47.801389,18.908889,2026-07-17 21:29:11.299667,21.5,22.0,21.5,21.5,1011,88,2.52,308,100,0.0,Clouds,overcast clouds,21
Szob,47.821111,18.861944,2026-07-17 21:29:12.566251,21.46,21.99,21.46,21.46,1011,89,2.25,311,100,0.0,Clouds,overcast clouds,21
Alagimajor,47.601944,19.153889,2026-07-17 21:29:13.832110,23.36,23.79,21.44,25.6,1011,78,3.82,320,100,0.0,Clouds,overcast clouds,21
Fót,47.611389,19.181667,2026-07-17 21:29:15.093815,23.95,24.33,21.34,25.49,1011,74,3.7,318,100,0.0,Clouds,overcast clouds,21
Fótújfalu,47.615,19.192778,2026-07-17 21:29:16.355696,24.09,24.46,21.23,25.39,1011,73,3.7,318,100,0.0,Clouds,overcast clouds,21
Csomád,47.635556,19.222778,2026-07-17 21:29:17.630373,24.25,24.4,20.96,25.12,1011,64,3.64,318,100,0.0,Clouds,overcast clouds,21
Veresegyház,47.649167,19.288611,2026-07-17 21:29:18.896508,25.27,25.52,22.9,25.27,1011,64,3.36,313,100,0.0,Clouds,overcast clouds,21
Erdőkertes,47.662222,19.295833,2026-07-17 21:29:20.162450,25.22,25.99,22.85,25.22,1011,84,3.36,313,100,0.0,Clouds,overcast clouds,21
Őrbottyán,47.685833,19.283611,2026-07-17 21:29:21.424024,25.14,25.9,22.77,25.14,1011,84,3.43,311,100,0.0,Clouds,overcast clouds,21
Váchartyán,47.725833,19.248889,2026-07-17 21:29:22.698063,25.5,26.32,25.5,25.5,1011,85,3.56,307,100,0.0,Clouds,overcast clouds,21
Magyarkút-Verőce,47.826111,19.044444,2026-07-17 21:29:23.963795,20.81,21.24,20.81,20.81,1011,88,2.79,297,100,0.0,Clouds,overcast clouds,21
Szokolya,47.871111,19.030556,2026-07-17 21:29:25.226833,20.17,20.51,20.17,20.17,1012,87,2.7,288,100,0.0,Clouds,overcast clouds,21
Berkenye,47.885278,19.071944,2026-07-17 21:29:26.496936,20.93,21.35,20.93,20.93,1011,87,2.81,288,100,0.1,Rain,light rain,21
Nógrád,47.901944,19.0475,2026-07-17 21:29:27.757824,20.55,20.93,20.55,20.55,1012,87,2.66,285,100,0.12,Rain,light rain,21
Diósjenő,47.94,19.049444,2026-07-17 21:29:29.021883,20.2,20.55,20.2,20.2,1012,87,2.64,283,100,3.37,Rain,moderate rain,21
Borsosberény,47.971389,19.093056,2026-07-17 21:29:30.288423,21.03,21.41,21.03,21.03,1012,85,2.91,283,100,31.58,Rain,very heavy rain,21
Nagyoroszi,47.993611,19.101111,2026-07-17 21:29:31.556790,20.89,21.25,20.89,20.89,1012,85,2.86,283,100,64.84,Rain,extreme rain,21
Drégelyvár,48.001944,19.079444,2026-07-17 21:29:32.824215,21.08,21.49,21.08,21.08,1012,86,2.6,282,100,27.34,Rain,very heavy rain,21
Drégely,48.042222,19.056111,2026-07-17 21:29:34.091428,21.45,21.9,21.45,21.45,1012,86,2.53,284,100,11.53,Rain,heavy intensity rain,21
Drégelypalánk,48.055,19.046111,2026-07-17 21:29:35.357607,21.55,22.03,21.55,21.55,1012,87,2.36,288,100,9.99,Rain,heavy intensity rain,21
Ipolyvece,48.056944,19.106389,2026-07-17 21:29:36.623835,21.63,22.07,21.63,21.63,1012,85,2.71,287,100,20.51,Rain,very heavy rain,21
Dejtár,48.045556,19.196389,2026-07-17 21:29:37.894646,21.65,22.06,21.65,21.65,1012,84,3.02,288,100,23.68,Rain,very heavy rain,21
Ipolyszög,48.054444,19.221944,2026-07-17 21:29:39.163631,21.7,22.09,21.7,21.7,1012,83,3.08,291,100,20.51,Rain,very heavy rain,21
Iklad-Domony,47.658056,19.444444,2026-07-17 21:29:40.432436,25.53,26.28,25.53,25.53,1011,82,2.35,301,100,0.0,Clouds,overcast clouds,21
Iklad-Domony felső,47.667778,19.428056,2026-07-17 21:29:41.699827,25.51,26.26,25.51,25.51,1011,82,2.78,302,100,0.0,Clouds,overcast clouds,21
Galgamácsa,47.693889,19.3925,2026-07-17 21:29:42.960817,25.5,26.27,25.5,25.5,1011,83,3.27,304,100,0.0,Clouds,overcast clouds,21
Vácrátót,47.732778,19.217778,2026-07-17 21:29:44.235083,25.42,26.24,25.42,25.42,1011,85,3.57,309,100,0.0,Clouds,overcast clouds,21
Csörög,47.735833,19.196389,2026-07-17 21:29:45.498886,21.27,21.7,21.27,23.05,1011,86,3.54,309,100,0.0,Clouds,overcast clouds,21
Galgagyörk,47.735278,19.372222,2026-07-17 21:29:46.766726,25.4,26.16,25.4,25.4,1011,83,3.36,302,100,0.0,Clouds,overcast clouds,21
Püspökhatvan,47.768611,19.366944,2026-07-17 21:29:48.039965,21.71,22.13,21.71,21.71,1011,84,3.48,298,100,0.0,Clouds,overcast clouds,21
Acsa-Erdőkürt,47.801111,19.386111,2026-07-17 21:29:49.306055,21.54,21.94,21.54,21.54,1011,84,3.5,297,100,0.15,Rain,light rain,21
Galgaguta,47.848611,19.385556,2026-07-17 21:29:50.572053,21.23,21.6,21.23,21.23,1011,84,3.44,295,100,1.0,Rain,light rain,21
Nógrádkövesd,47.879444,19.371111,2026-07-17 21:29:51.839499,21.39,21.78,21.39,21.39,1011,84,3.38,295,100,2.37,Rain,moderate rain,21
Magyarnándor,47.970833,19.356667,2026-07-17 21:29:53.108744,21.22,21.59,21.22,21.22,1011,84,3.23,295,100,4.21,Rain,heavy intensity rain,21
Mohora,47.995556,19.347778,2026-07-17 21:29:54.382215,21.34,21.7,21.34,21.34,1011,83,3.19,295,100,4.21,Rain,heavy intensity rain,21
Szügy,48.036389,19.333056,2026-07-17 21:29:55.650169,21.57,21.95,21.57,21.57,1012,83,3.12,296,100,7.49,Rain,heavy intensity rain,21
Balassagyarmat,48.071111,19.293611,2026-07-17 21:29:56.918114,21.64,22.03,21.64,21.64,1012,83,3.17,296,100,20.51,Rain,very heavy rain,21
Őrhalom,48.078773,19.403936,2026-07-17 21:29:58.187331,21.41,21.83,21.41,21.41,1012,85,2.69,304,100,11.53,Rain,heavy intensity rain,21
Hugyag,48.083056,19.421111,2026-07-17 21:29:59.455365,21.41,21.83,21.41,21.41,1012,85,2.69,304,100,9.99,Rain,heavy intensity rain,21
Szécsény,48.093056,19.521111,2026-07-17 21:30:00.716378,21.5,22.03,21.5,21.5,1012,89,1.81,359,100,7.49,Rain,heavy intensity rain,21
Ludányhalászi,48.1325,19.529444,2026-07-17 21:30:01.993548,21.49,22.02,21.49,21.49,1012,89,1.82,350,100,5.62,Rain,heavy intensity rain,21
Nógrádszakál,48.178333,19.521667,2026-07-17 21:30:03.264875,21.44,21.96,21.44,21.44,1012,89,1.87,345,100,6.48,Rain,heavy intensity rain,21
Ráróspuszta,48.207222,19.541389,2026-07-17 21:30:04.548735,20.91,21.35,20.91,20.91,1012,88,2.02,336,100,4.21,Rain,heavy intensity rain,21
Litke,48.215833,19.598611,2026-07-17 21:30:05.818345,21.45,21.97,21.45,21.45,1012,89,1.16,337,99,1.33,Rain,moderate rain,21
Nyíregyháza külső,47.943056,21.740278,2026-07-17 21:30:07.085881,24.41,24.06,24.41,24.41,1010,44,3.57,143,44,0.0,Clouds,scattered clouds,21
Oros,47.945833,21.806389,2026-07-17 21:30:08.358498,24.31,24.0,24.31,24.31,1010,46,3.96,138,48,0.0,Clouds,scattered clouds,21
Napkor,47.948889,21.873056,2026-07-17 21:30:09.625240,24.1,23.87,24.1,24.1,1010,50,4.31,131,62,0.0,Clouds,broken clouds,21
Apagy,47.953775,21.939044,2026-07-17 21:30:10.897234,24.03,23.82,24.03,24.03,1010,51,4.37,130,66,0.0,Clouds,broken clouds,21
Levelek-Magy,47.948056,21.993611,2026-07-17 21:30:12.164622,23.87,23.7,23.87,23.87,1010,53,4.42,128,74,0.0,Clouds,broken clouds,21
Ófehértó,47.940556,22.041389,2026-07-17 21:30:13.427595,23.74,23.55,23.74,23.74,1010,53,4.35,129,78,0.0,Clouds,broken clouds,21
Ligettanya,47.951667,22.071389,2026-07-17 21:30:14.701396,23.71,23.55,23.71,23.71,1011,54,4.41,126,83,0.0,Clouds,broken clouds,21
Baktalórántháza,47.988611,22.083333,2026-07-17 21:30:15.963417,23.74,23.61,23.74,23.74,1011,55,4.51,124,82,0.0,Clouds,broken clouds,21
Vaja-Rohod,48.006389,22.164167,2026-07-17 21:30:17.225958,23.8,23.67,23.8,23.8,1011,55,4.61,122,80,0.0,Clouds,broken clouds,21
Rákóczitanya,48.022222,22.178333,2026-07-17 21:30:18.496505,23.78,23.65,23.78,23.78,1011,55,4.6,122,78,0.0,Clouds,broken clouds,21
Nyírmada,48.059167,22.203056,2026-07-17 21:30:19.768333,23.82,23.69,23.82,23.82,1011,55,4.85,120,75,0.0,Clouds,broken clouds,21
Tunyogmatolcs,47.960244,22.442247,2026-07-17 21:30:21.042256,23.69,23.58,23.69,23.69,1011,56,3.99,122,44,0.0,Clouds,scattered clouds,21
Tunyogmatolcs alsó,47.966025,22.464713,2026-07-17 21:30:22.310023,23.6,23.48,23.6,23.6,1011,56,3.97,122,38,0.0,Clouds,scattered clouds,21
Fehérgyarmat,47.979167,22.524444,2026-07-17 21:30:23.573810,23.47,23.33,23.47,23.47,1011,56,3.96,118,28,0.0,Clouds,scattered clouds,21
Penyige,47.995278,22.566944,2026-07-17 21:30:24.843551,23.45,23.31,23.45,23.45,1011,56,3.92,117,27,0.0,Clouds,scattered clouds,21
Nagyszekeres,47.976111,22.6125,2026-07-17 21:30:26.104587,23.4,23.26,23.4,23.4,1011,56,3.86,117,27,0.0,Clouds,scattered clouds,21
Kisszekeres,47.965833,22.629444,2026-07-17 21:30:27.372443,23.43,23.29,23.43,23.43,1011,56,3.85,119,28,0.0,Clouds,scattered clouds,21
Jánkmajtis,47.941944,22.657222,2026-07-17 21:30:28.636801,23.5,23.34,23.5,23.5,1011,55,3.82,120,31,0.0,Clouds,scattered clouds,21
Gacsály,47.926111,22.745,2026-07-17 21:30:29.907335,23.93,23.79,23.93,23.93,1011,54,3.8,116,35,0.0,Clouds,scattered clouds,21
Zajta,47.9025,22.796111,2026-07-17 21:30:31.169162,23.92,23.73,23.92,23.92,1011,52,3.95,117,39,0.0,Clouds,scattered clouds,21
Eperjeske alsó,48.360556,22.19,2026-07-17 21:30:32.443658,23.85,23.7,23.85,23.85,1011,54,5.47,126,73,0.0,Clouds,broken clouds,21
Mándok,48.326944,22.196389,2026-07-17 21:30:33.726364,23.84,23.72,23.84,23.84,1011,55,5.5,126,73,0.0,Clouds,broken clouds,21
Tornyospálca,48.268333,22.201944,2026-07-17 21:30:34.995583,23.87,23.75,23.87,23.87,1011,55,5.46,125,74,0.0,Clouds,broken clouds,21
Aranyosapáti,48.211303,22.253534,2026-07-17 21:30:36.263397,23.96,23.85,23.96,23.96,1011,55,5.19,123,62,0.0,Clouds,broken clouds,21
Gyüre,48.171389,22.269167,2026-07-17 21:30:37.527563,23.97,23.86,23.97,23.97,1011,55,5.12,121,61,0.0,Clouds,broken clouds,21
Varsány,48.151722,22.290047,2026-07-17 21:30:38.791423,23.97,23.86,23.97,23.97,1011,55,4.98,120,57,0.0,Clouds,broken clouds,21
Vásárosnamény,48.126667,22.306111,2026-07-17 21:30:40.058585,23.99,23.88,23.99,23.99,1011,55,4.91,120,57,0.0,Clouds,broken clouds,21
Vitka,48.095556,22.308056,2026-07-17 21:30:41.333731,23.98,23.87,23.98,23.98,1011,55,4.81,120,57,0.0,Clouds,broken clouds,21
Nagydobos,48.054167,22.311111,2026-07-17 21:30:42.602549,23.91,23.79,23.91,23.91,1011,55,4.7,120,58,0.0,Clouds,broken clouds,21
Ópályi,47.997778,22.318333,2026-07-17 21:30:43.875114,23.83,23.7,23.83,23.83,1011,55,4.3,122,64,0.0,Clouds,broken clouds,21
Nyírcsaholy,47.908056,22.348333,2026-07-17 21:30:45.142634,23.74,23.61,23.74,23.74,1011,55,3.82,130,70,0.0,Clouds,broken clouds,21
Nagyecsed,47.864722,22.385556,2026-07-17 21:30:46.411645,23.69,23.55,23.69,23.69,1011,55,3.52,137,66,0.0,Clouds,broken clouds,21
Tiborszállás,47.815278,22.402778,2026-07-17 21:30:47.678310,23.73,23.57,23.73,23.73,1011,54,3.37,144,72,0.0,Clouds,broken clouds,21
Kiskunhalas,46.434444,19.493611,2026-07-17 21:30:48.947614,24.06,23.85,24.06,24.06,1011,51,3.92,294,66,0.0,Clouds,broken clouds,21
Kecskemét alsó,46.895833,19.692222,2026-07-17 21:30:50.215923,25.59,25.72,25.59,25.99,1011,58,0.45,170,97,0.0,Clouds,overcast clouds,21
Putnok,48.286667,20.4375,2026-07-17 21:30:51.477603,24.85,24.64,24.67,27.25,1011,48,1.69,264,91,0.0,Clouds,overcast clouds,21
Bánréve,48.299722,20.351944,2026-07-17 21:30:52.739959,24.66,24.43,24.66,26.1,1011,48,1.71,265,91,0.0,Clouds,overcast clouds,21
Ipolytarnóc,48.236667,19.629167,2026-07-17 21:30:54.005082,21.43,21.95,21.43,21.43,1012,89,0.99,330,99,0.87,Rain,light rain,21
Rákosliget,47.486111,19.257778,2026-07-17 21:30:55.270709,24.89,25.26,21.29,25.45,1011,70,3.36,338,89,0.0,Clouds,overcast clouds,21
Ikrény,47.657778,17.524167,2026-07-17 21:30:56.542468,22.07,22.63,22.07,22.07,1012,88,0.98,171,84,0.0,Clouds,broken clouds,21
Rábapatona,47.648889,17.461944,2026-07-17 21:30:57.808853,22.16,22.7,22.16,22.16,1012,87,0.73,176,87,0.0,Clouds,overcast clouds,21
Enese,47.644167,17.425278,2026-07-17 21:30:59.075509,22.19,22.71,22.19,22.19,1012,86,0.48,192,90,0.0,Clouds,overcast clouds,21
Kóny,47.632222,17.357222,2026-07-17 21:31:00.339936,22.19,22.71,22.19,22.19,1012,86,0.55,188,89,0.0,Clouds,overcast clouds,21
Farád,47.595278,17.195833,2026-07-17 21:31:01.611821,22.79,23.32,22.79,22.79,1012,84,0.64,280,75,0.0,Clouds,broken clouds,21
Rábatamási,47.592778,17.161389,2026-07-17 21:31:02.881195,22.79,23.32,22.79,22.79,1012,84,0.64,280,75,0.0,Clouds,broken clouds,21
Szárföld,47.589167,17.123889,2026-07-17 21:31:04.147064,22.77,23.3,22.77,22.77,1012,84,0.8,290,70,0.0,Clouds,broken clouds,21
Veszkény,47.586944,17.101389,2026-07-17 21:31:05.413611,22.78,22.99,22.78,22.78,1012,72,0.97,296,64,0.0,Clouds,broken clouds,21
Kapuvár,47.581944,17.046944,2026-07-17 21:31:06.678533,22.76,22.97,22.76,22.76,1012,72,1.15,300,56,0.0,Clouds,broken clouds,21
Vitnyéd-Csermajor,47.5825,16.987222,2026-07-17 21:31:07.944672,22.77,22.98,22.77,22.77,1012,72,1.36,302,52,0.0,Clouds,broken clouds,21
Petőháza,47.595278,16.893056,2026-07-17 21:31:09.212146,22.72,22.93,22.72,22.72,1012,72,1.53,300,54,0.0,Clouds,broken clouds,21
Fertőszentmiklós,47.6,16.858889,2026-07-17 21:31:10.486122,22.72,22.93,20.04,22.72,1012,72,1.53,298,55,0.0,Clouds,broken clouds,21
Pinnye,47.600278,16.768611,2026-07-17 21:31:11.751109,22.6,22.8,19.92,22.6,1012,72,1.54,288,54,0.0,Clouds,broken clouds,21
Fertőboz,47.625,16.691667,2026-07-17 21:31:13.016754,22.44,22.62,19.76,22.44,1012,72,1.64,282,46,0.0,Clouds,scattered clouds,21
Sopron,47.677778,16.587222,2026-07-17 21:31:14.285717,22.14,22.52,19.46,22.14,1012,81,1.86,274,23,0.0,Clouds,few clouds,21
Fertőszéplak-Fertőd,47.618889,16.850833,2026-07-17 21:31:15.554589,22.74,22.95,20.06,22.74,1012,72,1.54,297,57,0.0,Clouds,broken clouds,21
Nyúl,47.587778,17.698056,2026-07-17 21:31:16.819249,21.86,22.45,21.86,21.86,1012,90,1.7,165,87,0.0,Clouds,overcast clouds,21
Pannonhalma,47.547778,17.740833,2026-07-17 21:31:18.086216,21.59,22.21,21.59,21.59,1012,92,1.77,165,93,0.0,Clouds,overcast clouds,21
Tarjánpuszta,47.504722,17.789167,2026-07-17 21:31:19.352882,21.47,22.07,21.47,21.47,1012,92,1.52,164,93,0.0,Clouds,overcast clouds,21
Győrasszonyfa,47.4925,17.799167,2026-07-17 21:31:20.625194,21.47,22.07,21.47,21.47,1012,92,1.52,164,93,0.0,Clouds,overcast clouds,21
Veszprémvarsány,47.443333,17.818333,2026-07-17 21:31:21.894156,21.35,21.94,21.35,21.35,1012,92,1.01,167,91,0.0,Clouds,overcast clouds,21
Bakonyszentlászló,47.395556,17.8175,2026-07-17 21:31:23.158739,21.01,21.57,21.01,21.01,1013,92,0.42,173,88,0.0,Clouds,overcast clouds,21
Porva-Csesznek,47.326944,17.841111,2026-07-17 21:31:24.425989,19.7,20.13,19.7,19.7,1013,92,0.28,321,84,0.0,Clouds,broken clouds,21
Zirc,47.266667,17.878056,2026-07-17 21:31:25.691033,19.77,20.2,19.77,19.77,1013,92,1.41,330,83,0.0,Clouds,broken clouds,21
Eplény,47.192778,17.921667,2026-07-17 21:31:26.959898,20.24,20.72,20.24,20.24,1012,92,2.18,332,86,0.0,Clouds,overcast clouds,21
Marcaltő,47.4275,17.348889,2026-07-17 21:31:28.226639,22.11,22.67,22.11,22.11,1012,88,1.36,128,69,0.0,Clouds,broken clouds,21
Szany-Rábaszentandrás,47.460833,17.315278,2026-07-17 21:31:29.499602,22.13,22.67,22.13,22.13,1012,87,1.22,144,73,0.0,Clouds,broken clouds,21
Egyed-Rábacsanak,47.521944,17.316389,2026-07-17 21:31:30.770643,22.13,22.67,22.13,22.13,1012,87,1.02,159,79,0.0,Clouds,broken clouds,21
Rábapordány,47.557222,17.315,2026-07-17 21:31:32.047049,22.18,22.7,22.18,22.18,1012,86,0.89,166,82,0.0,Clouds,broken clouds,21
Albertfalva,47.440784,19.033965,2026-07-17 21:31:33.308504,23.15,23.71,21.54,23.33,1011,84,0.45,256,100,0.0,Clouds,overcast clouds,21
Budafok,47.425833,19.041389,2026-07-17 21:31:34.573505,23.15,23.71,21.55,23.34,1011,84,0.45,256,100,0.0,Clouds,overcast clouds,21
Tétényliget,47.384722,18.955278,2026-07-17 21:31:35.841955,23.36,23.87,21.57,23.36,1011,81,3.89,324,100,0.0,Clouds,overcast clouds,21
Érd alsó,47.379722,18.923056,2026-07-17 21:31:37.097915,23.22,23.71,21.43,23.22,1011,81,6.73,333,100,0.0,Clouds,overcast clouds,21
Tárnok,47.365556,18.873889,2026-07-17 21:31:38.358818,22.99,23.46,21.5,23.28,1011,81,4.19,330,100,0.0,Clouds,overcast clouds,21
Martonvásár,47.321389,18.781667,2026-07-17 21:31:39.630373,23.21,23.65,21.43,23.21,1011,79,4.02,332,100,0.0,Clouds,overcast clouds,21
Baracska,47.297222,18.753333,2026-07-17 21:31:40.895881,22.82,23.22,22.82,22.82,1011,79,3.81,334,100,0.0,Clouds,overcast clouds,21
Pettend,47.26,18.708889,2026-07-17 21:31:42.164951,22.56,22.96,22.56,22.56,1011,80,3.42,336,100,0.0,Clouds,overcast clouds,21
Kápolnásnyék,47.245556,18.692222,2026-07-17 21:31:43.431861,22.5,22.89,22.5,22.5,1011,80,3.21,337,99,0.0,Clouds,overcast clouds,21
Velence,47.226944,18.663889,2026-07-17 21:31:44.699761,22.47,22.89,22.47,22.47,1011,81,3.05,338,99,0.0,Clouds,overcast clouds,21
Velencefürdő,47.218611,18.648056,2026-07-17 21:31:45.960385,22.43,22.84,22.43,22.43,1011,81,3.08,339,98,0.0,Clouds,overcast clouds,21
Gárdony,47.205833,18.624722,2026-07-17 21:31:47.224103,22.34,22.77,22.34,22.34,1011,82,2.92,340,98,0.0,Clouds,overcast clouds,21
Agárd,47.197666,18.604907,2026-07-17 21:31:48.498958,22.34,22.77,22.34,22.34,1011,82,2.92,340,98,0.0,Clouds,overcast clouds,21
Dinnyés,47.179722,18.560833,2026-07-17 21:31:49.764425,22.06,22.51,22.06,22.06,1012,84,2.76,342,97,0.0,Clouds,overcast clouds,21
Székesfehérvár,47.183611,18.424722,2026-07-17 21:31:51.025600,21.65,22.19,21.65,21.65,1012,89,2.45,338,96,0.0,Clouds,overcast clouds,21
Szabadbattyán,47.105278,18.388333,2026-07-17 21:31:52.298616,21.58,22.12,21.58,21.58,1012,89,2.63,348,97,0.0,Clouds,overcast clouds,21
Kiscséripuszta,47.048056,18.355,2026-07-17 21:31:53.568262,21.35,21.89,21.35,21.35,1012,90,2.73,353,98,0.0,Clouds,overcast clouds,21
Lepsény,46.9875,18.248056,2026-07-17 21:31:54.840189,21.58,22.17,21.58,21.58,1012,91,2.78,356,100,0.0,Clouds,overcast clouds,21
Balatonaliga,46.984444,18.171389,2026-07-17 21:31:56.106878,21.42,21.99,21.42,21.42,1012,91,2.59,357,100,0.0,Clouds,overcast clouds,21
Balatonvilágos,46.964167,18.157222,2026-07-17 21:31:57.370320,21.77,22.35,21.77,21.77,1012,90,2.64,359,100,0.0,Clouds,overcast clouds,21
Szabadifürdő,46.926111,18.103333,2026-07-17 21:31:58.632871,21.75,22.33,21.75,21.75,1012,90,2.79,3,100,0.0,Clouds,overcast clouds,21
Ózd alsó,48.227778,20.306111,2026-07-17 21:31:59.901658,24.52,24.31,24.5,25.94,1011,49,1.7,275,92,0.0,Clouds,overcast clouds,21
Ózd,48.2225,20.294722,2026-07-17 21:32:01.169266,24.58,24.37,24.55,25.99,1011,49,1.7,275,92,0.0,Clouds,overcast clouds,21
Alsóboldva,48.212778,20.792222,2026-07-17 21:32:02.432781,26.89,27.68,26.32,27.46,1010,56,1.57,316,100,0.0,Clouds,overcast clouds,21
Boldva,48.223333,20.790278,2026-07-17 21:32:03.698608,26.88,27.36,26.31,27.45,1010,51,1.57,316,100,0.0,Clouds,overcast clouds,21
Borsodszirák,48.259167,20.770556,2026-07-17 21:32:04.966252,26.83,27.32,26.27,27.41,1010,51,1.57,312,100,0.0,Clouds,overcast clouds,21
Edelény alsó,48.279167,20.760833,2026-07-17 21:32:06.234667,26.64,26.64,26.64,27.39,1010,55,1.57,312,100,0.0,Clouds,overcast clouds,21
Edelény,48.299722,20.749444,2026-07-17 21:32:07.501140,26.62,26.62,26.62,27.37,1010,55,1.54,314,100,0.0,Clouds,overcast clouds,21
Szendrőlád,48.334444,20.731944,2026-07-17 21:32:08.766790,26.53,26.53,26.53,26.53,1010,58,1.44,316,100,0.0,Clouds,overcast clouds,21
Szendrő,48.400725,20.721346,2026-07-17 21:32:10.027078,23.46,23.38,23.46,23.46,1010,58,1.35,326,100,0.0,Clouds,overcast clouds,21
Szendrő felső,48.409907,20.720148,2026-07-17 21:32:11.295422,23.46,23.38,23.46,23.46,1010,58,1.35,326,100,0.0,Clouds,overcast clouds,21
Szalonna,48.449444,20.722222,2026-07-17 21:32:12.561378,23.46,23.4,23.46,23.46,1011,59,1.29,336,100,0.0,Clouds,overcast clouds,21
Perkupa,48.471389,20.691111,2026-07-17 21:32:13.829639,22.62,22.53,22.62,22.62,1011,61,1.3,337,100,0.0,Clouds,overcast clouds,21
Szemeretelep,47.443056,19.214167,2026-07-17 21:32:15.095476,22.58,23.11,21.36,23.14,1011,85,3.26,329,92,0.0,Clouds,overcast clouds,21
Jósvafő-Aggtelek,48.489722,20.693889,2026-07-17 21:32:16.367468,22.92,22.86,22.92,22.92,1011,61,1.32,342,100,0.0,Clouds,overcast clouds,21
Bódvaszilas,48.5375,20.738056,2026-07-17 21:32:17.645369,22.59,22.47,22.59,22.59,1011,60,1.24,345,100,0.0,Clouds,overcast clouds,21
Komjáti,48.5475,20.759722,2026-07-17 21:32:18.909378,22.21,22.05,22.21,22.21,1011,60,1.19,345,99,0.0,Clouds,overcast clouds,21
Tornanádaska,48.558333,20.787222,2026-07-17 21:32:20.179884,23.47,23.44,23.47,23.47,1011,60,1.18,346,97,0.0,Clouds,overcast clouds,21
Onga,48.121111,20.906667,2026-07-17 21:32:21.443462,27.0,27.42,26.77,28.82,1010,50,1.25,340,97,0.0,Clouds,overcast clouds,21
Szikszó-Vásártér,48.193056,20.934722,2026-07-17 21:32:22.704327,26.77,27.26,26.73,28.79,1010,51,1.32,331,100,0.0,Clouds,overcast clouds,21
Szikszó,48.201667,20.941667,2026-07-17 21:32:23.974201,26.79,27.28,26.75,28.8,1010,51,1.23,333,100,0.0,Clouds,overcast clouds,21
Aszaló,48.219867,20.961466,2026-07-17 21:32:25.239691,26.78,27.27,26.73,28.78,1010,51,1.25,331,100,0.0,Clouds,overcast clouds,21
Halmaj,48.246667,20.991667,2026-07-17 21:32:26.504972,26.71,27.15,26.71,26.71,1010,50,1.15,332,100,0.0,Clouds,overcast clouds,21
Csobád,48.277222,21.033889,2026-07-17 21:32:27.765578,26.68,27.18,26.68,26.68,1010,51,1.06,335,100,0.0,Clouds,overcast clouds,21
Ináncs,48.291111,21.057778,2026-07-17 21:32:29.029756,26.68,27.23,26.68,26.68,1010,52,0.85,345,98,0.0,Clouds,overcast clouds,21
Forró-Encs,48.3275,21.117778,2026-07-17 21:32:30.296592,24.19,24.02,24.19,24.19,1010,52,0.76,355,96,0.0,Clouds,overcast clouds,21
Méra,48.363056,21.140278,2026-07-17 21:32:31.571259,23.98,23.84,23.98,23.98,1010,54,0.68,14,93,0.0,Clouds,overcast clouds,21
Novajidrány,48.404444,21.170556,2026-07-17 21:32:32.835605,24.44,24.35,24.44,24.44,1010,54,0.62,28,92,0.0,Clouds,overcast clouds,21
Hernádszurdok,48.487222,21.213889,2026-07-17 21:32:34.105345,24.33,24.39,23.65,24.36,1010,60,0.6,65,90,0.0,Clouds,overcast clouds,21
Hidasnémeti,48.508333,21.229722,2026-07-17 21:32:35.369167,24.34,24.4,23.66,24.37,1010,60,0.61,71,90,0.0,Clouds,overcast clouds,21
Mád,48.19,21.268889,2026-07-17 21:32:36.636346,24.04,23.78,24.04,24.04,1010,49,0.61,25,92,0.0,Clouds,overcast clouds,21
Rátka,48.215,21.230278,2026-07-17 21:32:37.905221,24.38,24.18,24.38,24.38,1010,50,0.63,20,95,0.0,Clouds,overcast clouds,21
Tállya,48.226944,21.225278,2026-07-17 21:32:39.166110,24.38,24.18,24.38,24.38,1010,50,0.63,20,95,0.0,Clouds,overcast clouds,21
Golop,48.242778,21.204167,2026-07-17 21:32:40.434654,24.4,24.2,24.4,24.4,1010,50,0.62,6,97,0.0,Clouds,overcast clouds,21
Abaújszántó,48.286944,21.181667,2026-07-17 21:32:41.694530,24.08,23.9,24.08,24.08,1011,52,0.66,5,96,0.0,Clouds,overcast clouds,21
Abaújszántói fürdő,48.268333,21.179722,2026-07-17 21:32:42.966210,24.36,24.18,24.36,24.36,1010,51,0.65,4,97,0.0,Clouds,overcast clouds,21
Abaújkér,48.309444,21.198333,2026-07-17 21:32:44.232937,24.06,23.88,24.06,24.06,1010,52,0.66,9,95,0.0,Clouds,overcast clouds,21
Boldogkőváralja,48.345,21.208889,2026-07-17 21:32:45.501182,24.01,23.88,24.01,24.01,1011,54,0.67,23,93,0.0,Clouds,overcast clouds,21
Korlát-Vizsoly,48.365,21.219167,2026-07-17 21:32:46.765534,24.12,24.0,24.12,24.12,1011,54,0.63,29,92,0.0,Clouds,overcast clouds,21
Fony,48.411389,21.242778,2026-07-17 21:32:48.026770,24.24,24.18,24.24,25.27,1011,56,0.58,48,91,0.0,Clouds,overcast clouds,21
Hejce-Vilmány,48.419444,21.245556,2026-07-17 21:32:49.299347,24.21,24.15,24.21,25.23,1011,56,0.58,48,91,0.0,Clouds,overcast clouds,21
Göncruszka,48.445,21.246944,2026-07-17 21:32:50.564746,24.28,24.23,24.07,25.32,1011,56,0.57,57,90,0.0,Clouds,overcast clouds,21
Gönc,48.470556,21.261389,2026-07-17 21:32:51.832950,24.15,24.14,23.49,25.23,1010,58,0.59,68,90,0.0,Clouds,overcast clouds,21
Zsujta,48.4925,21.265,2026-07-17 21:32:53.101933,24.11,24.14,23.51,25.25,1011,60,0.62,75,90,0.0,Clouds,overcast clouds,21
Bodrogkeresztúr,48.175556,21.354167,2026-07-17 21:32:54.367706,23.68,23.38,23.68,23.68,1010,49,0.66,25,86,0.0,Clouds,overcast clouds,21
Szegi,48.201944,21.387778,2026-07-17 21:32:55.635384,25.76,25.72,25.76,25.76,1010,51,1.07,18,81,0.0,Clouds,broken clouds,21
Erdőbénye,48.218056,21.401944,2026-07-17 21:32:56.904113,25.73,25.72,25.73,25.73,1010,52,1.33,18,80,0.0,Clouds,broken clouds,21
Olaszliszka-Tolcsva,48.258333,21.448056,2026-07-17 21:32:58.173573,25.76,25.83,25.76,25.76,1010,55,1.56,20,81,0.0,Clouds,broken clouds,21
Bodrogolaszi,48.286944,21.512778,2026-07-17 21:32:59.443498,25.7,25.97,25.7,25.7,1010,63,1.6,22,82,0.0,Clouds,broken clouds,21
Sárospatak,48.325833,21.566111,2026-07-17 21:33:00.718331,25.65,25.92,25.65,25.65,1010,63,1.43,33,88,0.0,Clouds,overcast clouds,21
Sátoraljaújhely,48.385833,21.657778,2026-07-17 21:33:01.986261,25.73,26.0,25.73,25.73,1011,63,1.02,60,96,0.0,Clouds,overcast clouds,21
Vecsés,47.40855,19.25652,2026-07-17 21:33:03.256644,25.32,25.68,21.55,25.55,1011,68,3.24,327,91,0.0,Clouds,overcast clouds,21
Vecsés-Kertekalja,47.403333,19.271389,2026-07-17 21:33:04.520798,25.39,25.76,21.59,25.59,1011,68,3.24,327,91,0.0,Clouds,overcast clouds,21
Üllő,47.390833,19.348889,2026-07-17 21:33:05.786735,25.45,25.72,21.55,25.55,1011,64,3.03,322,92,0.0,Clouds,overcast clouds,21
Monor,47.34545,19.43701,2026-07-17 21:33:07.054348,25.49,25.77,25.49,25.49,1011,64,2.31,293,93,0.0,Clouds,overcast clouds,21
Pilis,47.279722,19.536389,2026-07-17 21:33:08.315356,23.64,23.97,23.64,25.45,1011,73,2.45,262,93,0.0,Clouds,overcast clouds,21
Albertirsa,47.240278,19.606389,2026-07-17 21:33:09.577573,23.73,23.8,23.73,23.73,1011,63,2.96,236,90,0.0,Clouds,overcast clouds,21
Ceglédbercel-Cserő,47.210278,19.686944,2026-07-17 21:33:10.845036,23.8,23.88,23.8,23.8,1010,63,3.14,227,88,0.0,Clouds,overcast clouds,21
Cegléd,47.182778,19.806111,2026-07-17 21:33:12.120437,23.9,23.99,23.9,27.12,1010,63,2.73,220,88,0.0,Clouds,overcast clouds,21
Abony,47.173056,20.016389,2026-07-17 21:33:13.389262,27.18,27.86,23.97,27.18,1010,54,0.97,200,94,0.0,Clouds,overcast clouds,21
Szolnok,47.179167,20.175833,2026-07-17 21:33:14.658771,27.2,27.88,23.99,27.2,1010,54,0.67,122,91,0.0,Clouds,overcast clouds,21
Szajol,47.170556,20.295278,2026-07-17 21:33:15.923642,27.21,27.9,27.21,27.21,1010,54,0.77,107,90,0.0,Clouds,overcast clouds,21
Törökszentmiklós,47.170278,20.413611,2026-07-17 21:33:17.184055,27.21,27.9,27.21,27.21,1010,54,0.41,119,93,0.0,Clouds,overcast clouds,21
Rákoscsaba-Újtelep,47.4875,19.271944,2026-07-17 21:33:18.449023,22.33,22.86,21.29,23.08,1011,86,3.36,338,89,0.0,Clouds,overcast clouds,21
Rákoscsaba,47.492222,19.284722,2026-07-17 21:33:19.716569,25.44,25.74,21.44,25.44,1011,65,3.42,339,89,0.0,Clouds,overcast clouds,21
Pécel,47.493889,19.338889,2026-07-17 21:33:20.983555,25.32,25.58,21.32,25.32,1011,64,3.44,340,89,0.0,Clouds,overcast clouds,21
Isaszeg,47.537719,19.388955,2026-07-17 21:33:22.247649,25.19,25.44,21.23,25.23,1011,64,3.65,343,90,0.0,Clouds,overcast clouds,21
Gödöllő,47.592222,19.358611,2026-07-17 21:33:23.508144,24.66,24.85,21.01,25.01,1011,64,3.63,343,92,0.0,Clouds,overcast clouds,21
Máriabesnyő,47.595556,19.389722,2026-07-17 21:33:24.776828,24.88,25.09,21.15,25.15,1011,64,3.63,343,92,0.0,Clouds,overcast clouds,21
Bag,47.641111,19.471667,2026-07-17 21:33:26.041377,25.51,26.21,25.51,25.51,1011,80,3.66,341,96,0.0,Clouds,overcast clouds,21
Aszód,47.647467,19.492882,2026-07-17 21:33:27.306517,25.58,26.28,25.58,25.58,1011,80,3.69,340,97,0.0,Clouds,overcast clouds,21
Hévízgyörk,47.638611,19.526667,2026-07-17 21:33:28.573508,25.59,26.29,25.59,25.59,1011,80,3.72,339,97,0.0,Clouds,overcast clouds,21
Galgahévíz,47.6325,19.558333,2026-07-17 21:33:29.841797,25.58,26.28,25.58,25.58,1011,80,3.8,334,97,0.0,Clouds,overcast clouds,21
Tura,47.626389,19.5975,2026-07-17 21:33:31.107570,25.61,26.32,25.61,25.61,1011,80,3.76,331,98,0.0,Clouds,overcast clouds,21
Hatvan,47.663611,19.671389,2026-07-17 21:33:32.378318,22.68,23.09,22.68,22.68,1011,80,3.44,328,99,0.39,Rain,light rain,21
Vámosgyörk,47.686111,19.927778,2026-07-17 21:33:33.641723,23.26,23.47,23.26,23.26,1010,70,2.38,302,89,3.07,Rain,moderate rain,21
Adács,47.696389,19.975278,2026-07-17 21:33:34.912372,23.45,23.6,23.45,23.45,1010,67,2.28,303,87,2.73,Rain,moderate rain,21
Karácsond,47.718056,20.048611,2026-07-17 21:33:36.178504,23.34,23.45,23.34,23.34,1010,66,2.41,307,87,2.82,Rain,moderate rain,21
Ludas,47.723889,20.095556,2026-07-17 21:33:37.444605,23.6,23.66,23.6,23.6,1010,63,1.7,311,89,2.73,Rain,moderate rain,21
Nagyút,47.72666666666667,20.161388888888887,2026-07-17 21:33:38.730911,23.59,23.65,23.59,23.59,1010,63,1.45,314,90,3.07,Rain,moderate rain,21
Kál-Kápolna,47.734167,20.254167,2026-07-17 21:33:39.997163,23.59,23.68,23.59,23.59,1010,64,0.73,326,95,3.07,Rain,moderate rain,21
Füzesabony,47.751389,20.415278,2026-07-17 21:33:41.262961,23.62,23.76,23.62,23.62,1010,66,0.93,290,99,0.0,Clouds,overcast clouds,21
Szihalom,47.766944,20.491944,2026-07-17 21:33:42.530412,23.57,23.71,23.57,23.57,1010,66,1.24,288,100,0.0,Clouds,overcast clouds,21
Mezőkövesd,47.797222,20.5675,2026-07-17 21:33:43.796969,23.67,23.79,23.67,23.67,1010,65,1.5,282,100,0.0,Clouds,overcast clouds,21
Mezőkövesd felső,47.807222,20.591389,2026-07-17 21:33:45.065618,27.5,29.21,26.36,27.5,1010,65,1.5,282,100,0.0,Clouds,overcast clouds,21
Mezőkeresztes-Mezőnyárád,47.845556,20.670278,2026-07-17 21:33:46.334985,27.44,28.57,26.36,27.5,1010,59,1.48,286,100,0.0,Clouds,overcast clouds,21
Csincse,47.890833,20.764167,2026-07-17 21:33:47.606263,27.28,27.9,26.38,27.52,1010,53,1.43,288,99,0.0,Clouds,overcast clouds,21
Emőd,47.930556,20.822778,2026-07-17 21:33:48.867103,27.15,28.12,26.4,27.54,1010,58,1.23,303,98,0.0,Clouds,overcast clouds,21
Nyékládháza,47.9925,20.840556,2026-07-17 21:33:50.144221,27.1,27.99,26.43,27.56,1010,57,1.17,322,97,0.0,Clouds,overcast clouds,21
Miskolc-Tiszai,48.098611,20.811389,2026-07-17 21:33:51.412407,26.91,27.7,26.35,27.49,1010,56,1.36,325,99,0.0,Clouds,overcast clouds,21
Felsőzsolca,48.083611,20.866111,2026-07-17 21:33:52.674420,26.94,27.74,26.37,27.51,1010,56,1.31,334,98,0.0,Clouds,overcast clouds,21
Hernádnémeti-Bőcs,48.051389,20.985,2026-07-17 21:33:53.942405,28.3,28.7,26.77,28.82,1010,49,1.01,354,95,0.0,Clouds,overcast clouds,21
Tiszalúc,48.039722,21.0575,2026-07-17 21:33:55.207239,28.47,28.79,26.81,28.86,1010,48,0.48,16,95,0.0,Clouds,overcast clouds,21
Taktaharkány,48.091667,21.128611,2026-07-17 21:33:56.483040,28.91,29.31,26.86,28.91,1010,48,0.47,27,96,0.0,Clouds,overcast clouds,21
Taktaszada,48.1125,21.149444,2026-07-17 21:33:57.749053,28.92,29.21,26.87,28.92,1010,47,0.41,37,97,0.0,Clouds,overcast clouds,21
Szerencs,48.155556,21.214444,2026-07-17 21:33:59.012602,28.92,29.33,28.92,28.92,1010,48,0.46,38,94,0.0,Clouds,overcast clouds,21
Mezőzombor,48.156944,21.267778,2026-07-17 21:34:00.282172,24.37,24.14,24.37,24.37,1010,49,0.5,35,92,0.0,Clouds,overcast clouds,21
Tarcal,48.125,21.34,2026-07-17 21:34:01.556894,24.52,24.25,24.52,24.52,1010,47,0.3,64,86,0.0,Clouds,overcast clouds,21
Tokaj,48.112778,21.406667,2026-07-17 21:34:02.824056,23.96,23.66,23.96,23.96,1010,48,0.45,34,76,0.0,Clouds,broken clouds,21
Rakamaz,48.12,21.475,2026-07-17 21:34:04.090162,24.46,24.21,24.46,24.46,1010,48,0.49,36,73,0.0,Clouds,broken clouds,21
Görögszállás,48.04,21.555,2026-07-17 21:34:05.359057,24.51,24.17,24.51,24.51,1010,44,0.76,155,63,0.0,Clouds,broken clouds,21
Nyírtelek,48.005,21.615556,2026-07-17 21:34:06.630450,24.47,24.12,24.47,24.47,1010,44,1.81,146,54,0.0,Clouds,broken clouds,21
Rákoshegy,47.468611,19.245556,2026-07-17 21:34:07.892831,22.35,22.89,21.24,23.02,1011,86,3.31,335,89,0.0,Clouds,overcast clouds,21
Ecser,47.439444,19.318056,2026-07-17 21:34:09.159558,25.4,25.67,21.44,25.44,1011,64,3.26,333,90,0.0,Clouds,overcast clouds,21
Maglód,47.438889,19.340833,2026-07-17 21:34:10.427189,25.35,25.61,21.38,25.38,1011,64,3.22,333,90,0.0,Clouds,overcast clouds,21
Maglódi nyaraló,47.434167,19.363611,2026-07-17 21:34:11.692890,25.25,25.5,21.29,25.29,1011,64,3.15,333,90,0.0,Clouds,overcast clouds,21
Gyömrő,47.429722,19.393333,2026-07-17 21:34:12.957059,25.22,25.47,21.25,25.25,1011,64,3.15,333,90,0.0,Clouds,overcast clouds,21
Mende,47.426944,19.439722,2026-07-17 21:34:14.232343,25.21,25.46,22.84,25.21,1011,64,2.64,323,91,0.0,Clouds,overcast clouds,21
Szőlősnyaraló,47.450278,19.561111,2026-07-17 21:34:15.502832,25.44,25.71,23.63,25.44,1011,64,2.58,314,93,0.0,Clouds,overcast clouds,21
Sülysáp,47.451944,19.5275,2026-07-17 21:34:16.769335,25.42,25.69,23.61,25.42,1011,64,2.73,324,92,0.0,Clouds,overcast clouds,21
Tápiószecső,47.443056,19.614722,2026-07-17 21:34:18.032847,23.71,24.15,23.71,25.53,1011,77,2.51,308,93,0.0,Clouds,overcast clouds,21
Szentmártonkáta,47.431944,19.680556,2026-07-17 21:34:19.298931,23.74,23.81,23.74,25.55,1011,63,2.35,294,93,0.0,Clouds,overcast clouds,21
Nagykáta,47.409722,19.737778,2026-07-17 21:34:20.565674,23.81,23.89,23.81,23.81,1010,63,2.1,274,93,0.0,Clouds,overcast clouds,21
Farmos,47.355278,19.8375,2026-07-17 21:34:21.830827,23.92,24.01,23.92,23.92,1010,63,2.2,221,93,0.0,Clouds,overcast clouds,21
Tápiószele,47.346313,19.873504,2026-07-17 21:34:23.095999,23.9,23.99,23.9,23.9,1010,63,2.33,210,94,0.0,Clouds,overcast clouds,21
Tápiógyörgye,47.325,19.95,2026-07-17 21:34:24.365677,23.96,24.06,23.96,27.17,1010,63,2.18,192,96,0.0,Clouds,overcast clouds,21
Újszász,47.285833,20.066944,2026-07-17 21:34:25.630412,24.0,24.1,24.0,27.21,1010,63,1.52,165,94,0.0,Clouds,overcast clouds,21
Szurdokpüspöki,47.851944,19.690278,2026-07-17 21:34:26.900703,22.11,22.57,22.11,22.11,1011,84,2.39,345,100,11.22,Rain,heavy intensity rain,21
Lőrinci,47.739444,19.673611,2026-07-17 21:34:28.162461,22.54,22.94,22.54,22.54,1011,80,3.17,331,99,10.47,Rain,heavy intensity rain,21
Selyp,47.759167,19.670833,2026-07-17 21:34:29.431868,22.48,22.9,22.48,22.48,1011,81,3.01,333,99,16.4,Rain,very heavy rain,21
Apc-Zagyvaszántó,47.791328,19.66822,2026-07-17 21:34:30.701660,22.43,22.84,22.43,22.43,1011,81,2.85,335,100,17.76,Rain,very heavy rain,21
Pásztó,47.918889,19.688889,2026-07-17 21:34:31.967511,21.81,22.27,21.81,21.81,1011,85,2.12,353,100,6.48,Rain,heavy intensity rain,21
Mátraszőlős-Hasznos,47.938506,19.706122,2026-07-17 21:34:33.229923,21.8,22.25,21.8,21.8,1012,85,1.98,352,100,4.86,Rain,heavy intensity rain,21
Tar,47.956111,19.746389,2026-07-17 21:34:34.497645,21.41,21.83,21.41,21.41,1012,85,1.9,343,100,3.65,Rain,moderate rain,21
Mátraverebély,47.968333,19.778611,2026-07-17 21:34:35.759508,21.41,21.83,21.41,21.41,1012,85,1.9,343,100,2.37,Rain,moderate rain,21
Nagybátony,47.981111,19.82,2026-07-17 21:34:37.025858,21.59,22.02,21.59,21.59,1012,85,1.77,337,100,2.05,Rain,moderate rain,21
Kisterenye,48.009444,19.831944,2026-07-17 21:34:38.290005,21.69,22.13,21.69,21.69,1012,85,1.68,329,100,1.15,Rain,moderate rain,21
Kisterenye-Bányatelep,48.021389,19.831944,2026-07-17 21:34:39.554752,21.69,22.13,21.69,21.69,1012,85,1.68,329,100,1.15,Rain,moderate rain,21
Salgótarján külső,48.089444,19.790833,2026-07-17 21:34:40.824000,20.97,21.42,20.97,20.97,1012,88,0.89,333,99,2.73,Rain,moderate rain,21
Balatonfenyves GV,46.7125,17.479167,2026-07-17 21:34:42.085547,21.97,22.55,21.97,21.97,1012,89,2.51,352,66,0.0,Clouds,broken clouds,21
Várhegyalja,47.737778,18.366667,2026-07-17 21:34:43.355380,21.28,21.81,21.28,21.28,1012,90,1.33,217,100,0.0,Clouds,overcast clouds,21
Imremajor,46.680556,17.499722,2026-07-17 21:34:44.619226,21.94,22.51,21.94,21.94,1012,89,2.52,351,66,0.0,Clouds,broken clouds,21
Rákospalota-Kertváros,47.578333,19.122778,2026-07-17 21:34:45.882473,21.92,22.47,21.49,23.27,1011,88,2.76,331,95,0.0,Clouds,overcast clouds,21
Vicziántelep,47.675833,19.286111,2026-07-17 21:34:47.148588,22.42,22.83,21.11,25.11,1011,81,3.17,336,96,0.0,Clouds,overcast clouds,21
Pálmajor,46.662831,17.457526,2026-07-17 21:34:48.416062,21.84,22.43,21.84,21.84,1012,90,2.6,348,64,0.0,Clouds,broken clouds,21
Somogyszentpál felső,46.649758,17.471404,2026-07-17 21:34:49.688817,21.86,22.45,21.86,21.86,1012,90,2.55,350,66,0.0,Clouds,broken clouds,21
Somogyszentpál,46.638611,17.478611,2026-07-17 21:34:50.955512,21.71,22.29,21.71,21.71,1012,90,2.57,350,66,0.0,Clouds,broken clouds,21
Rudnaykert,47.7175,19.257778,2026-07-17 21:34:52.220996,21.81,22.21,21.46,25.45,1011,83,2.89,329,98,0.0,Clouds,overcast clouds,21
Maroshegy,47.158333,18.406667,2026-07-17 21:34:53.487483,21.59,22.13,21.59,21.59,1012,89,2.53,343,96,0.0,Clouds,overcast clouds,21
Bánhida,47.573703,18.371737,2026-07-17 21:34:54.748405,21.13,21.65,21.13,21.13,1012,90,1.19,272,100,0.0,Clouds,overcast clouds,21
Magyarkút,47.850278,19.045,2026-07-17 21:34:56.014690,20.85,21.29,20.85,20.85,1011,88,1.64,318,100,0.0,Clouds,overcast clouds,21
Becske alsó,47.897222,19.364722,2026-07-17 21:34:57.284706,20.8,21.18,20.8,20.8,1011,86,2.34,340,100,2.73,Rain,moderate rain,21
Hosszúberek-Péteri,47.370556,19.389722,2026-07-17 21:34:58.552319,25.53,25.81,23.15,25.53,1011,64,2.84,313,93,0.0,Clouds,overcast clouds,21
Monorierdő,47.308889,19.499167,2026-07-17 21:34:59.818744,25.43,25.99,23.62,25.43,1011,75,2.3,276,93,0.0,Clouds,overcast clouds,21
Ceglédbercel,47.215833,19.658611,2026-07-17 21:35:01.082801,23.79,23.87,23.79,23.79,1011,63,3.17,232,89,0.0,Clouds,overcast clouds,21
Budai út,47.208333,19.731389,2026-07-17 21:35:02.350564,23.83,23.91,23.83,23.83,1010,63,3.09,224,88,0.0,Clouds,overcast clouds,21
Büdöskútpuszta,48.373056,20.726111,2026-07-17 21:35:03.620592,23.53,23.48,23.53,23.53,1010,59,1.4,321,100,0.0,Clouds,overcast clouds,21
Bánrévei Vízmű,48.282778,20.368333,2026-07-17 21:35:04.887160,24.69,24.47,24.69,26.13,1011,48,1.71,264,91,0.0,Clouds,overcast clouds,21
Rákoskert,47.456389,19.296111,2026-07-17 21:35:06.150245,25.28,25.59,21.31,25.31,1011,66,3.34,337,89,0.0,Clouds,overcast clouds,21
Szirmabesenyő,48.146944,20.783056,2026-07-17 21:35:07.411921,26.85,27.64,26.28,27.41,1010,56,1.47,318,100,0.0,Clouds,overcast clouds,21
Kitérőgyár,47.766944,19.935278,2026-07-17 21:35:08.678133,22.85,23.04,22.85,22.85,1011,71,3.15,313,90,4.86,Rain,heavy intensity rain,21
Tápiószentmárton,47.373333,19.797778,2026-07-17 21:35:09.947085,23.86,23.95,23.86,23.86,1010,63,2.18,228,92,0.0,Clouds,overcast clouds,21
Zagyvarékas,47.244229,20.097435,2026-07-17 21:35:11.219008,27.22,27.91,24.01,27.22,1010,54,0.97,154,93,0.0,Clouds,overcast clouds,21
Abonyi út,47.206401,20.125204,2026-07-17 21:35:12.481379,27.22,27.91,24.01,27.22,1010,54,0.76,153,93,0.0,Clouds,overcast clouds,21
Jászkisér felső,47.438056,20.202222,2026-07-17 21:35:13.746476,25.56,25.87,25.56,25.56,1010,65,2.66,155,97,0.0,Clouds,overcast clouds,21
Szellőhát,47.425556,20.188889,2026-07-17 21:35:15.027807,24.0,24.13,24.0,24.0,1010,64,2.58,153,96,0.0,Clouds,overcast clouds,21
Szilvásvárad-Szalajkavölgy,48.0956,20.38272,2026-07-17 21:35:16.299763,24.52,24.36,23.25,25.83,1011,51,1.59,314,97,0.0,Clouds,overcast clouds,21
Vásárosnamény külső,48.084444,22.255556,2026-07-17 21:35:17.567681,23.87,23.75,23.87,23.87,1011,55,4.86,120,61,0.0,Clouds,broken clouds,21
Újváros,46.660556,20.536111,2026-07-17 21:35:18.843867,27.77,27.41,27.77,27.77,1010,39,2.42,171,71,0.0,Clouds,broken clouds,21
Városi park,46.697778,19.864722,2026-07-17 21:35:20.113925,26.1,26.1,26.1,26.1,1010,45,2.41,282,97,0.0,Clouds,overcast clouds,21
Belsőkamaráspuszta,46.341944,20.848889,2026-07-17 21:35:21.380348,24.87,24.61,24.87,24.87,1010,46,3.18,146,72,0.0,Clouds,broken clouds,21
Sajószöged,47.945278,20.981667,2026-07-17 21:35:22.649627,28.81,29.19,26.86,28.92,1010,48,0.75,310,94,0.0,Clouds,overcast clouds,21
Kazincbarcika alsó,48.255278,20.649167,2026-07-17 21:35:23.916565,26.87,28.06,26.24,27.38,1011,62,1.55,291,97,0.0,Clouds,overcast clouds,21
Nyárjas,46.857778,19.923611,2026-07-17 21:35:25.184700,26.06,26.06,26.06,26.06,1010,45,1.98,289,85,0.0,Clouds,overcast clouds,21
Pogonyipuszta,48.296389,20.381667,2026-07-17 21:35:26.446125,24.65,24.42,24.65,26.09,1011,48,1.71,264,91,0.0,Clouds,overcast clouds,21
Sióvölgy,46.911103,18.076964,2026-07-17 21:35:27.712254,21.8,22.39,21.8,21.8,1012,90,2.66,4,100,0.0,Clouds,overcast clouds,21
Répáspuszta,46.430278,17.847222,2026-07-17 21:35:28.985729,20.85,21.31,20.85,20.85,1012,89,2.08,36,63,0.0,Clouds,broken clouds,21
Virányos,48.066667,21.527222,2026-07-17 21:35:30.250738,24.49,24.17,24.49,24.49,1010,45,0.51,135,65,0.0,Clouds,broken clouds,21
Füzesbokor,47.988611,21.6475,2026-07-17 21:35:31.517412,24.48,24.13,24.48,24.48,1010,44,2.38,147,49,0.0,Clouds,scattered clouds,21
Kunfehértó,46.355833,19.417222,2026-07-17 21:35:32.790542,24.04,23.81,24.04,24.04,1011,50,3.26,294,69,0.0,Clouds,broken clouds,21
Erdőszél,46.329444,19.395,2026-07-17 21:35:34.056861,23.96,23.72,23.96,23.96,1011,50,3.62,301,68,0.0,Clouds,broken clouds,21
Jánoshalma,46.293056,19.330278,2026-07-17 21:35:35.319838,24.33,24.05,24.33,24.33,1011,47,3.29,297,65,0.0,Clouds,broken clouds,21
Mélykút,46.213056,19.370556,2026-07-17 21:35:36.579483,24.34,23.95,24.34,24.34,1011,43,2.02,258,64,0.0,Clouds,broken clouds,21
Bácsalmás,46.118056,19.346389,2026-07-17 21:35:37.844994,24.38,23.97,24.38,24.38,1010,42,2.04,220,54,0.0,Clouds,broken clouds,21
Almás,46.116216,19.328803,2026-07-17 21:35:39.103951,24.4,23.99,24.4,24.4,1010,42,2.04,220,54,0.0,Clouds,broken clouds,21
Bácsbokod-Bácsborsód,46.115833,19.16,2026-07-17 21:35:40.373149,24.31,23.95,24.31,24.31,1011,44,3.05,299,40,0.0,Clouds,scattered clouds,21
Baja,46.187014,18.957602,2026-07-17 21:35:41.635246,23.52,23.42,23.52,23.52,1011,57,5.71,343,41,0.0,Clouds,scattered clouds,21
Harkakötöny,46.458333,19.601944,2026-07-17 21:35:42.900723,25.95,25.95,25.95,25.95,1011,50,3.09,275,73,0.0,Clouds,broken clouds,21
Tajó,46.473056,19.650556,2026-07-17 21:35:44.165709,25.99,25.99,25.99,25.99,1011,49,2.79,268,76,0.0,Clouds,broken clouds,21
Kiskunmajsa,46.501667,19.728056,2026-07-17 21:35:45.431114,26.03,26.03,26.03,26.05,1011,49,2.45,260,86,0.0,Clouds,overcast clouds,21
Jászszentlászló,46.565833,19.753611,2026-07-17 21:35:46.697525,26.07,26.07,26.07,26.07,1010,45,2.41,268,99,0.0,Clouds,overcast clouds,21
Galambos,46.625,19.801111,2026-07-17 21:35:47.963160,26.1,26.1,26.1,26.1,1010,45,2.51,276,100,0.0,Clouds,overcast clouds,21
Pestszentimre,47.402222,19.188611,2026-07-17 21:35:49.287029,22.79,23.34,21.45,23.23,1011,85,3.45,319,95,0.0,Clouds,overcast clouds,21
Gyál felső,47.390278,19.204722,2026-07-17 21:35:50.549968,24.93,25.33,21.61,25.61,1011,71,3.38,320,94,0.0,Clouds,overcast clouds,21
Gyál,47.376667,19.219444,2026-07-17 21:35:51.815006,25.07,25.46,21.64,25.64,1011,70,3.38,320,94,0.0,Clouds,overcast clouds,21
Ócsa,47.301389,19.232222,2026-07-17 21:35:53.083260,25.65,25.94,23.28,25.65,1011,64,3.78,307,98,0.0,Clouds,overcast clouds,21
Inárcs-Kakucs,47.247222,19.317778,2026-07-17 21:35:54.349584,25.65,26.23,25.65,25.65,1011,75,3.71,294,99,0.0,Clouds,overcast clouds,21
Dabas,47.194722,19.328889,2026-07-17 21:35:55.615228,23.24,23.58,23.24,23.24,1011,75,4.03,285,100,0.0,Clouds,overcast clouds,21
Gyón,47.178333,19.355556,2026-07-17 21:35:56.882834,23.21,23.54,23.21,23.21,1011,75,4.3,284,100,0.0,Clouds,overcast clouds,21
Hernád,47.161389,19.4025,2026-07-17 21:35:58.143777,23.02,23.31,23.02,23.02,1011,74,4.14,271,99,0.0,Clouds,overcast clouds,21
Bakonygyirót,47.416389,17.811944,2026-07-17 21:35:59.414893,21.35,21.94,21.35,21.35,1012,92,0.85,159,89,0.0,Clouds,overcast clouds,21
Vinye,47.360317,17.819635,2026-07-17 21:36:00.683891,20.87,21.41,20.87,20.87,1013,92,0.13,209,86,0.0,Clouds,overcast clouds,21
Nemesgörzsöny,47.402924,17.376385,2026-07-17 21:36:01.950221,21.99,22.54,21.99,21.99,1012,88,1.46,127,69,0.0,Clouds,broken clouds,21
Rábahíd,47.438618,17.337525,2026-07-17 21:36:03.210969,22.03,22.59,22.03,22.03,1012,88,1.29,136,71,0.0,Clouds,broken clouds,21
Öskü,47.162222,18.076389,2026-07-17 21:36:04.475907,21.21,21.79,21.21,21.21,1012,92,2.55,334,93,0.0,Clouds,overcast clouds,21
Márkó,47.1275,17.813889,2026-07-17 21:36:05.748323,20.58,21.07,20.58,20.58,1012,91,2.05,339,85,0.0,Clouds,overcast clouds,21
Nemeskocs,47.203333,17.188889,2026-07-17 21:36:07.017128,21.9,22.47,21.9,21.9,1012,89,1.6,64,57,0.0,Clouds,broken clouds,21
Zalagyömörő,47.011111,17.220833,2026-07-17 21:36:08.290438,21.76,22.37,21.76,21.76,1012,91,1.98,28,74,0.0,Clouds,broken clouds,21
Rigács,47.061667,17.199167,2026-07-17 21:36:09.558258,21.72,22.32,21.72,21.72,1012,91,1.93,33,72,0.0,Clouds,broken clouds,21
Kemenespálfa,47.139722,17.183056,2026-07-17 21:36:10.825979,21.83,22.42,21.83,21.83,1012,90,1.81,48,65,0.0,Clouds,broken clouds,21
Lentiszombathely,46.611389,16.5725,2026-07-17 21:36:12.093140,19.95,20.4,19.95,19.95,1012,92,1.58,345,40,0.0,Clouds,scattered clouds,21
Ortaháza,46.626667,16.685833,2026-07-17 21:36:13.353911,21.43,22.03,21.43,21.43,1012,92,1.47,7,50,0.0,Clouds,scattered clouds,21
Rádiháza,46.654722,16.765833,2026-07-17 21:36:14.616214,21.4,22.02,21.4,21.4,1012,93,1.58,13,55,0.0,Clouds,broken clouds,21
Baktüttös,46.690833,16.826389,2026-07-17 21:36:15.880676,21.48,22.09,21.48,21.48,1012,92,1.86,12,55,0.0,Clouds,broken clouds,21
Budafa,46.851667,16.624722,2026-07-17 21:36:17.145138,21.72,22.32,21.72,21.72,1012,91,2.06,15,45,0.0,Clouds,scattered clouds,21
Zalapatakalja,46.845556,16.603889,2026-07-17 21:36:18.415028,21.74,22.35,21.74,21.74,1012,91,2.1,10,43,0.0,Clouds,scattered clouds,21
Tormásliget,47.430556,16.781667,2026-07-17 21:36:19.679996,19.74,20.02,19.74,19.74,1012,86,1.46,310,45,0.0,Clouds,scattered clouds,21
Belecska,46.64,18.411389,2026-07-17 21:36:20.946715,21.3,21.84,21.3,21.3,1012,90,3.08,3,83,0.0,Clouds,broken clouds,21
Almár,47.956111,20.356944,2026-07-17 21:36:22.207905,25.9,25.9,25.9,27.04,1011,52,2.14,338,100,0.0,Clouds,overcast clouds,21
Vasútmúzeum,47.543889,19.099444,2026-07-17 21:36:23.474629,22.14,22.68,21.49,23.28,1011,87,2.86,331,95,0.0,Clouds,overcast clouds,21
Abda,47.690833,17.540556,2026-07-17 21:36:24.745875,22.0,22.53,22.0,22.0,1012,87,0.62,182,86,0.0,Clouds,overcast clouds,21
Vadaspark,47.526111,18.949167,2026-07-17 21:36:26.013079,20.03,20.46,19.69,21.47,1011,91,3.26,331,100,0.0,Clouds,overcast clouds,21
Barosstelep,47.398889,18.989167,2026-07-17 21:36:27.277784,22.03,22.48,21.55,23.34,1011,84,1.34,318,100,0.0,Clouds,overcast clouds,21
Fegyvernek-Örményes,47.194444,20.5575,2026-07-17 21:36:28.546184,24.37,24.32,24.37,24.37,1010,56,0.47,245,97,0.0,Clouds,overcast clouds,21
Zagyvapálfalva,48.068889,19.785,2026-07-17 21:36:29.812895,21.22,21.67,21.22,21.22,1012,87,1.1,335,100,2.73,Rain,moderate rain,21
Salgótarján,48.105556,19.807222,2026-07-17 21:36:31.081363,20.5,20.9,20.5,20.5,1012,88,0.7,328,99,1.61,Rain,moderate rain,21
Szabadisóstó,46.933889,18.118056,2026-07-17 21:36:32.344598,21.76,22.34,21.76,21.76,1012,90,2.69,1,100,0.0,Clouds,overcast clouds,21
Siófok,46.907778,18.053889,2026-07-17 21:36:33.611746,21.8,22.39,21.8,21.8,1012,90,2.66,4,100,0.0,Clouds,overcast clouds,21
Balatonszéplak felső,46.898056,18.018056,2026-07-17 21:36:34.875208,21.71,22.29,21.71,21.71,1012,90,2.67,6,99,0.0,Clouds,overcast clouds,21
Balatonszéplak alsó,46.891944,17.993333,2026-07-17 21:36:36.154145,21.85,22.44,21.85,21.85,1012,90,2.59,6,98,0.0,Clouds,overcast clouds,21
Zamárdi felső,46.886111,17.969444,2026-07-17 21:36:37.431586,21.88,22.47,21.88,21.88,1012,90,2.51,6,97,0.0,Clouds,overcast clouds,21
Zamárdi,46.88,17.944722,2026-07-17 21:36:38.692979,21.88,22.47,21.88,21.88,1012,90,2.51,6,97,0.0,Clouds,overcast clouds,21
Szántód,46.861944,17.899167,2026-07-17 21:36:39.955241,21.9,22.5,21.9,21.9,1012,90,2.39,10,94,0.0,Clouds,overcast clouds,21
Szőny-Déli,47.735278,18.141944,2026-07-17 21:36:41.215759,21.43,22.0,21.43,21.43,1012,91,1.32,217,100,0.0,Clouds,overcast clouds,21
Várpalota,47.194444,18.149167,2026-07-17 21:36:42.480719,20.84,21.41,20.84,20.84,1012,93,2.61,327,94,0.0,Clouds,overcast clouds,21
Pétfürdő,47.1675,18.121389,2026-07-17 21:36:43.745986,21.32,21.91,21.32,21.32,1012,92,2.6,330,94,0.0,Clouds,overcast clouds,21
Hajmáskér,47.141111,18.009444,2026-07-17 21:36:45.005839,21.0,21.56,21.0,21.0,1012,92,2.53,334,92,0.0,Clouds,overcast clouds,21
Veszprém,47.118889,17.91,2026-07-17 21:36:46.274795,21.06,21.6,21.06,21.06,1012,91,2.35,336,88,0.0,Clouds,overcast clouds,21
Herend,47.136944,17.760278,2026-07-17 21:36:47.545010,20.52,20.98,20.52,20.52,1012,90,1.96,342,84,0.0,Clouds,broken clouds,21
Városlőd,47.144167,17.652778,2026-07-17 21:36:48.817008,20.37,20.79,20.37,20.37,1012,89,1.56,9,77,0.0,Clouds,broken clouds,21
Városlőd-Kislőd,47.133889,17.631111,2026-07-17 21:36:50.084927,20.8,21.29,20.8,20.8,1012,90,1.74,4,79,0.0,Clouds,broken clouds,21
Ajka,47.105902,17.572938,2026-07-17 21:36:51.346463,21.21,21.71,21.21,21.21,1012,89,1.95,17,76,0.0,Clouds,broken clouds,21
Ajka-Gyártelep,47.096806,17.555219,2026-07-17 21:36:52.618684,21.21,21.71,21.21,21.21,1012,89,1.95,17,76,0.0,Clouds,broken clouds,21
Devecser,47.1125,17.435278,2026-07-17 21:36:53.887714,21.57,22.11,21.57,21.57,1012,89,1.99,30,74,0.0,Clouds,broken clouds,21
Somlóvásárhely,47.124444,17.369167,2026-07-17 21:36:55.156120,21.62,22.19,21.62,21.62,1012,90,1.93,46,70,0.0,Clouds,broken clouds,21
Tüskevár,47.128611,17.331389,2026-07-17 21:36:56.419272,21.72,22.3,21.72,21.72,1012,90,1.91,47,68,0.0,Clouds,broken clouds,21
Karakószörcsök,47.133611,17.287778,2026-07-17 21:36:57.686701,21.77,22.35,21.77,21.77,1012,90,1.88,48,68,0.0,Clouds,broken clouds,21
Kerta,47.151944,17.237222,2026-07-17 21:36:58.946934,21.87,22.46,21.87,21.87,1012,90,1.78,54,63,0.0,Clouds,broken clouds,21
Boba,47.183333,17.191389,2026-07-17 21:37:00.210685,21.86,22.45,21.86,21.86,1012,90,1.68,59,59,0.0,Clouds,broken clouds,21
Börgönd,47.140278,18.515,2026-07-17 21:37:01.480387,21.75,22.23,21.75,21.75,1011,86,2.92,347,96,0.0,Clouds,overcast clouds,21
Belsőbáránd,47.102778,18.499722,2026-07-17 21:37:02.742835,21.62,22.11,21.62,21.62,1012,87,2.97,350,95,0.0,Clouds,overcast clouds,21
Zichyújfalu,47.124444,18.6725,2026-07-17 21:37:04.006636,22.17,22.61,22.17,22.17,1011,83,3.45,342,98,0.0,Clouds,overcast clouds,21
Seregélyes,47.121111,18.580556,2026-07-17 21:37:05.267841,21.96,22.43,21.96,21.96,1011,85,3.03,347,96,0.0,Clouds,overcast clouds,21
Polgárdi-Ipartelepek,47.079167,18.314444,2026-07-17 21:37:06.534124,21.15,21.67,21.15,21.15,1012,90,2.59,350,98,0.0,Clouds,overcast clouds,21
Polgárdi,47.07,18.284167,2026-07-17 21:37:07.816002,21.15,21.67,21.15,21.15,1012,90,2.59,350,98,0.0,Clouds,overcast clouds,21
Füle,47.05,18.255278,2026-07-17 21:37:09.083761,21.14,21.69,21.14,21.14,1012,91,2.6,352,99,0.0,Clouds,overcast clouds,21
Zánka-Erzsébettábor,46.8775,17.709167,2026-07-17 21:37:10.349909,22.07,22.66,22.07,22.07,1012,89,2.26,4,83,0.0,Clouds,broken clouds,21
Csajág,47.033889,18.186389,2026-07-17 21:37:11.619096,21.33,21.89,21.33,21.33,1012,91,2.53,354,100,0.0,Clouds,overcast clouds,21
Balatonakarattya,47.017222,18.167778,2026-07-17 21:37:12.886609,21.33,21.89,21.33,21.33,1012,91,2.53,354,100,0.0,Clouds,overcast clouds,21
Csittényhegy,47.025278,18.1375,2026-07-17 21:37:14.158535,21.61,22.2,21.61,21.61,1012,91,2.5,354,99,0.0,Clouds,overcast clouds,21
Balatonkenese,47.0325,18.105556,2026-07-17 21:37:15.430247,21.76,22.34,21.76,21.76,1012,90,2.47,353,98,0.0,Clouds,overcast clouds,21
Balatonfűzfő,47.060278,18.0425,2026-07-17 21:37:16.698913,21.58,22.14,21.58,21.58,1012,90,2.44,347,95,0.0,Clouds,overcast clouds,21
Balatonalmádi,47.028333,18.015,2026-07-17 21:37:17.969219,21.79,22.37,21.79,21.79,1012,90,2.43,351,96,0.0,Clouds,overcast clouds,21
Káptalanfüred,47.008889,18.003889,2026-07-17 21:37:19.231004,20.96,21.46,20.96,20.96,1012,90,2.42,354,96,0.0,Clouds,overcast clouds,21
Alsóörs,46.985278,17.974722,2026-07-17 21:37:20.498226,20.96,21.46,20.96,20.96,1012,90,2.42,354,96,0.0,Clouds,overcast clouds,21
Csopak,46.974722,17.931111,2026-07-17 21:37:21.760933,21.37,21.91,21.37,21.37,1012,90,2.31,353,95,0.0,Clouds,overcast clouds,21
Balatonarács,46.9625,17.8975,2026-07-17 21:37:23.025020,21.37,21.91,21.37,21.37,1012,90,2.31,353,95,0.0,Clouds,overcast clouds,21
Balatonfüred,46.955833,17.883056,2026-07-17 21:37:24.286811,21.79,22.37,21.79,21.79,1012,90,2.27,356,94,0.0,Clouds,overcast clouds,21
Aszófő,46.925556,17.8325,2026-07-17 21:37:25.563531,21.78,22.36,21.78,21.78,1012,90,2.24,359,93,0.0,Clouds,overcast clouds,21
Örvényes,46.9125,17.818056,2026-07-17 21:37:26.823242,21.78,22.36,21.78,21.78,1012,90,2.24,359,93,0.0,Clouds,overcast clouds,21
Balatonudvari,46.904722,17.808056,2026-07-17 21:37:28.089628,21.28,21.81,21.28,21.28,1012,90,2.22,358,92,0.0,Clouds,overcast clouds,21
Fövenyes,46.893611,17.789444,2026-07-17 21:37:29.352004,21.92,22.52,21.92,21.92,1012,90,2.21,3,90,0.0,Clouds,overcast clouds,21
Balatonakali-Dörgicse,46.88,17.747778,2026-07-17 21:37:30.624662,21.59,22.13,21.59,21.59,1012,89,2.22,2,89,0.0,Clouds,overcast clouds,21
Zánka-Köveskál,46.872778,17.687778,2026-07-17 21:37:31.890423,21.7,22.25,21.7,21.7,1012,89,2.31,2,80,0.0,Clouds,broken clouds,21
Balatonszepezd,46.851111,17.663056,2026-07-17 21:37:33.156460,22.1,22.69,22.1,22.1,1012,89,2.28,6,79,0.0,Clouds,broken clouds,21
Szepezdfürdő,46.839722,17.649444,2026-07-17 21:37:34.424777,21.09,21.58,21.09,21.09,1012,89,2.33,3,76,0.0,Clouds,broken clouds,21
Révfülöp,46.829167,17.632222,2026-07-17 21:37:35.690918,21.09,21.58,21.09,21.09,1012,89,2.33,3,76,0.0,Clouds,broken clouds,21
Balatonrendes,46.824722,17.582778,2026-07-17 21:37:36.964046,21.74,22.29,21.74,21.74,1012,89,2.47,358,69,0.0,Clouds,broken clouds,21
Ábrahámhegy,46.815,17.572222,2026-07-17 21:37:38.230802,21.74,22.29,21.74,21.74,1012,89,2.47,358,69,0.0,Clouds,broken clouds,21
Badacsonyörs,46.805556,17.531667,2026-07-17 21:37:39.497634,22.0,22.58,22.0,22.0,1012,89,2.53,356,68,0.0,Clouds,broken clouds,21
Kisújszállás,47.223889,20.751111,2026-07-17 21:37:40.763889,24.52,24.44,24.52,24.52,1010,54,1.4,273,99,0.0,Clouds,overcast clouds,21
Karcag,47.303333,20.928056,2026-07-17 21:37:42.031710,24.54,24.38,24.54,24.54,1010,51,2.25,275,100,0.0,Clouds,overcast clouds,21
Püspökladány,47.3275,21.128889,2026-07-17 21:37:43.299906,24.94,24.64,24.94,24.94,1010,44,1.62,253,99,0.0,Clouds,overcast clouds,21
Kaba,47.368889,21.259444,2026-07-17 21:37:44.571924,25.16,24.8,25.16,25.16,1010,41,1.69,181,100,0.0,Clouds,overcast clouds,21
Hajdúszoboszló,47.429444,21.406944,2026-07-17 21:37:45.840769,25.14,24.73,25.14,25.14,1010,39,2.52,148,100,0.0,Clouds,overcast clouds,21
Ebes,47.462778,21.488889,2026-07-17 21:37:47.106689,25.14,24.73,25.14,25.14,1010,39,2.71,148,100,0.0,Clouds,overcast clouds,21
Debrecen,47.520278,21.628611,2026-07-17 21:37:48.379690,24.87,24.46,24.87,24.87,1010,40,2.8,158,86,0.0,Clouds,overcast clouds,21
Debrecen-Csapókert,47.540556,21.648056,2026-07-17 21:37:49.650347,24.63,24.19,24.63,24.63,1010,40,2.81,161,78,0.0,Clouds,broken clouds,21
Apafa,47.584045,21.655858,2026-07-17 21:37:50.921335,24.52,24.07,24.52,24.52,1010,40,2.84,161,75,0.0,Clouds,broken clouds,21
Bocskaikert,47.6425,21.666389,2026-07-17 21:37:52.181411,24.21,23.76,24.21,24.21,1010,41,3.03,162,64,0.0,Clouds,broken clouds,21
Hajdúhadház,47.686944,21.679167,2026-07-17 21:37:53.453714,24.21,23.76,24.21,24.21,1010,41,3.14,162,56,0.0,Clouds,broken clouds,21
Téglás,47.714722,21.684722,2026-07-17 21:37:54.725331,24.21,23.76,24.21,24.21,1010,41,3.22,162,53,0.0,Clouds,broken clouds,21
Újfehértó,47.814444,21.706389,2026-07-17 21:37:55.992460,24.37,23.96,24.37,24.37,1010,42,3.41,159,43,0.0,Clouds,scattered clouds,21
Nyíregyháza,47.946667,21.705556,2026-07-17 21:37:57.264905,24.43,24.05,24.43,24.43,1010,43,3.05,149,43,0.0,Clouds,scattered clouds,21
Sóstó,47.998051,21.729047,2026-07-17 21:37:58.527668,24.33,24.02,24.33,24.33,1010,46,3.36,138,49,0.0,Clouds,scattered clouds,21
Sóstóhegy,48.012222,21.742778,2026-07-17 21:37:59.793909,24.4,24.1,24.4,24.4,1010,46,3.22,135,53,0.0,Clouds,broken clouds,21
Kemecse,48.065556,21.801667,2026-07-17 21:38:01.060265,24.26,24.05,24.26,24.26,1010,50,3.52,128,67,0.0,Clouds,broken clouds,21
Nyírbogdány,48.082222,21.855278,2026-07-17 21:38:02.324543,24.15,23.95,24.15,24.15,1010,51,3.65,125,75,0.0,Clouds,broken clouds,21
Kék,48.093333,21.883889,2026-07-17 21:38:03.590733,24.1,23.95,24.1,24.1,1010,53,4.1,124,81,0.0,Clouds,broken clouds,21
Demecser,48.111667,21.926667,2026-07-17 21:38:04.859699,24.04,23.94,24.04,24.04,1010,55,4.22,122,87,0.0,Clouds,overcast clouds,21
Gégény,48.128333,21.951944,2026-07-17 21:38:06.131519,23.97,23.88,23.97,23.97,1010,56,4.35,122,92,0.0,Clouds,overcast clouds,21
Pátroha,48.158611,21.996667,2026-07-17 21:38:07.403966,23.97,23.88,23.97,23.97,1010,56,4.52,122,94,0.0,Clouds,overcast clouds,21
Ajak,48.1865,22.048972,2026-07-17 21:38:08.668023,23.94,23.85,23.94,23.94,1010,56,4.71,122,95,0.0,Clouds,overcast clouds,21
Kisvárda,48.208333,22.078333,2026-07-17 21:38:09.930577,23.95,23.89,23.95,23.95,1011,57,5.1,124,89,0.0,Clouds,overcast clouds,21
Kisvárda-Hármasút,48.228333,22.091944,2026-07-17 21:38:11.200985,23.95,23.89,23.95,23.95,1011,57,5.1,124,89,0.0,Clouds,overcast clouds,21
Fényeslitke,48.267222,22.107222,2026-07-17 21:38:12.471831,23.9,23.81,23.9,23.9,1011,56,5.34,125,84,0.0,Clouds,broken clouds,21
Komoró,48.305278,22.118056,2026-07-17 21:38:13.744542,23.92,23.83,23.92,23.92,1011,56,5.39,126,84,0.0,Clouds,broken clouds,21
Tuzsér,48.342222,22.131667,2026-07-17 21:38:15.009938,23.85,23.73,23.85,23.85,1011,55,5.45,128,83,0.0,Clouds,broken clouds,21
Tiszabezdéd,48.371389,22.145,2026-07-17 21:38:16.279258,23.84,23.72,23.84,23.84,1011,55,5.5,127,78,0.0,Clouds,broken clouds,21
Záhony,48.402222,22.183611,2026-07-17 21:38:17.541099,23.79,23.66,23.79,23.79,1011,55,5.4,125,74,0.0,Clouds,broken clouds,21
Karcag-Vásártér,47.3225,20.9075,2026-07-17 21:38:18.809183,25.56,25.5,25.56,25.56,1010,51,2.25,275,100,0.0,Clouds,overcast clouds,21
Berekfürdő,47.374722,20.827222,2026-07-17 21:38:20.073879,25.55,25.54,25.55,25.55,1010,53,1.91,260,99,0.0,Clouds,overcast clouds,21
Kunmadaras,47.415278,20.793056,2026-07-17 21:38:21.336531,25.54,25.66,25.54,25.54,1010,58,1.86,246,100,0.0,Clouds,overcast clouds,21
Tiszaszentimre,47.490833,20.733056,2026-07-17 21:38:22.604576,25.55,25.68,25.55,25.55,1010,58,1.98,227,100,0.0,Clouds,overcast clouds,21
Tiszaszőlős,47.555556,20.728056,2026-07-17 21:38:23.879880,25.55,25.68,25.55,25.55,1010,58,2.1,228,100,0.0,Clouds,overcast clouds,21
Hosszúhát,47.235556,21.101944,2026-07-17 21:38:25.146382,25.0,24.73,25.0,25.0,1010,45,1.92,261,100,0.0,Clouds,overcast clouds,21
Szerep,47.234444,21.145833,2026-07-17 21:38:26.418980,25.12,24.84,25.12,25.12,1010,44,1.78,250,100,0.0,Clouds,overcast clouds,21
Sárrétudvari,47.231667,21.180833,2026-07-17 21:38:27.686032,25.22,24.92,25.22,25.22,1010,43,1.71,236,99,0.0,Clouds,overcast clouds,21
Biharnagybajom,47.208889,21.221944,2026-07-17 21:38:28.962397,25.35,25.04,25.35,25.35,1010,42,1.9,212,100,0.0,Clouds,overcast clouds,21
Füzesgyarmat,47.113056,21.194444,2026-07-17 21:38:30.230117,25.1,24.79,25.1,25.1,1010,43,1.69,250,99,0.0,Clouds,overcast clouds,21
Füzesgyarmatfürdő,47.093787,21.201582,2026-07-17 21:38:31.494789,25.1,24.79,25.1,25.1,1010,43,1.69,250,99,0.0,Clouds,overcast clouds,21
Báránd,47.299722,21.235278,2026-07-17 21:38:32.762964,25.27,24.92,25.27,25.27,1010,41,1.71,199,100,0.0,Clouds,overcast clouds,21
Sáp,47.259722,21.360556,2026-07-17 21:38:34.029376,25.44,25.11,25.44,25.44,1010,41,2.56,182,100,0.0,Clouds,overcast clouds,21
Berettyóújfalu,47.211944,21.535556,2026-07-17 21:38:35.297629,25.52,25.25,25.52,25.52,1010,43,3.92,177,98,0.0,Clouds,overcast clouds,21
Mezőpeterd,47.176111,21.625278,2026-07-17 21:38:36.570273,26.39,26.39,26.39,26.39,1010,43,4.28,179,90,0.0,Clouds,overcast clouds,21
Biharkeresztes,47.135556,21.721389,2026-07-17 21:38:37.833190,26.36,26.36,26.36,26.36,1010,54,4.12,178,82,0.0,Clouds,broken clouds,21
Tócóvölgy,47.529444,21.588889,2026-07-17 21:38:39.098389,24.93,24.5,24.93,24.93,1010,39,2.8,155,90,0.0,Clouds,overcast clouds,21
Sáregres,46.7825,18.588889,2026-07-17 21:38:40.363388,21.44,21.99,21.44,21.44,1011,90,3.55,0,77,0.0,Clouds,broken clouds,21
Simontornya,46.756582,18.540674,2026-07-17 21:38:41.626354,21.3,21.84,21.3,21.3,1011,90,3.55,354,79,0.0,Clouds,broken clouds,21
Tolnanémedi,46.727778,18.475833,2026-07-17 21:38:42.892398,21.36,21.9,21.36,21.36,1012,90,3.52,354,80,0.0,Clouds,broken clouds,21
Pincehely,46.681389,18.43,2026-07-17 21:38:44.157701,21.17,21.72,21.17,21.17,1012,91,3.35,357,84,0.0,Clouds,broken clouds,21
Keszőhidegkút-Gyönk,46.597778,18.426111,2026-07-17 21:38:45.419666,21.22,21.72,21.22,21.22,1012,89,2.95,6,82,0.0,Clouds,broken clouds,21
Szárazd,46.575556,18.420833,2026-07-17 21:38:46.685854,21.27,21.78,21.27,21.27,1012,89,2.8,9,81,0.0,Clouds,broken clouds,21
Regöly,46.568889,18.396111,2026-07-17 21:38:47.954240,21.27,21.78,21.27,21.27,1012,89,2.8,9,81,0.0,Clouds,broken clouds,21
Szakály-Hőgyész,46.523611,18.389444,2026-07-17 21:38:49.226348,21.11,21.6,21.11,21.11,1012,89,2.4,16,80,0.0,Clouds,broken clouds,21
Dúzs,46.493889,18.377222,2026-07-17 21:38:50.494518,21.14,21.63,21.14,21.14,1012,89,2.21,19,79,0.0,Clouds,broken clouds,21
Csibrák,46.466667,18.336389,2026-07-17 21:38:51.760463,21.09,21.6,21.09,21.09,1012,90,1.93,24,78,0.0,Clouds,broken clouds,21
Kurd,46.449167,18.319167,2026-07-17 21:38:53.033002,20.74,21.19,20.74,20.74,1012,89,1.75,27,76,0.0,Clouds,broken clouds,21
Döbrököz,46.418889,18.255,2026-07-17 21:38:54.301895,20.86,21.38,20.86,20.86,1012,91,1.45,38,73,0.0,Clouds,broken clouds,21
Dombóvár,46.37,18.149722,2026-07-17 21:38:55.568019,20.61,21.13,20.61,20.61,1012,92,1.34,58,57,0.0,Clouds,broken clouds,21
Dombóvár alsó,46.363889,18.134167,2026-07-17 21:38:56.832136,20.61,21.13,20.61,20.61,1012,92,1.34,58,57,0.0,Clouds,broken clouds,21
Somoskőújfalu,48.154722,19.815556,2026-07-17 21:38:58.096136,19.36,19.65,19.36,19.36,1012,88,0.46,306,98,0.27,Rain,light rain,21
Jászfényszaru,47.593056,19.754444,2026-07-17 21:38:59.362835,22.85,23.2,22.85,22.85,1011,77,3.03,311,96,0.0,Clouds,overcast clouds,21
Pusztamonostor,47.564444,19.794167,2026-07-17 21:39:00.633590,23.83,24.25,23.83,23.83,1010,76,2.65,302,95,0.0,Clouds,overcast clouds,21
Jászberény,47.494444,19.893333,2026-07-17 21:39:01.905166,23.93,24.31,23.93,23.93,1010,74,1.66,258,94,0.0,Clouds,overcast clouds,21
Meggyespele,47.441944,19.938889,2026-07-17 21:39:03.176885,23.95,24.05,23.95,23.95,1010,63,1.9,195,95,0.0,Clouds,overcast clouds,21
Portelek,47.418056,19.958889,2026-07-17 21:39:04.444711,23.97,24.07,23.97,23.97,1010,63,2.05,192,96,0.0,Clouds,overcast clouds,21
Jászboldogháza-Jánoshida,47.366944,20.001389,2026-07-17 21:39:05.705784,23.96,24.06,23.96,23.96,1010,63,2.18,184,96,0.0,Clouds,overcast clouds,21
Jászárokszállás,47.635556,19.971111,2026-07-17 21:39:06.971565,23.47,23.7,23.47,23.47,1010,70,1.55,282,90,2.37,Rain,moderate rain,21
Jászdózsa,47.563056,20.028056,2026-07-17 21:39:08.231953,23.65,23.85,23.65,23.65,1010,68,1.11,211,91,0.78,Rain,light rain,21
Jászapáti,47.513611,20.155,2026-07-17 21:39:09.501781,23.94,24.11,23.94,23.94,1010,66,2.32,162,96,0.0,Clouds,overcast clouds,21
Jászkisér,47.456111,20.203333,2026-07-17 21:39:10.772115,24.07,24.23,24.07,24.07,1010,65,2.66,156,97,0.0,Clouds,overcast clouds,21
Jászladány,47.373333,20.159167,2026-07-17 21:39:12.044883,24.01,24.14,24.01,24.01,1010,64,2.22,153,95,0.0,Clouds,overcast clouds,21
Szászberek,47.320556,20.090833,2026-07-17 21:39:13.306940,24.0,24.1,24.0,27.21,1010,63,1.74,156,94,0.0,Clouds,overcast clouds,21
Gyöngyöshalász,47.743056,19.932222,2026-07-17 21:39:14.572848,23.1,23.29,23.1,23.1,1011,70,3.02,312,89,5.33,Rain,heavy intensity rain,21
Gyöngyös,47.783056,19.937222,2026-07-17 21:39:15.839123,22.76,22.89,22.76,22.76,1011,69,3.13,312,89,6.31,Rain,heavy intensity rain,21
Erdőtelek,47.683333,20.3025,2026-07-17 21:39:17.102763,23.72,23.79,23.72,23.72,1010,63,0.34,197,97,1.21,Rain,moderate rain,21
Heves,47.609444,20.306111,2026-07-17 21:39:18.373573,23.95,24.05,23.95,23.95,1010,63,1.58,165,99,0.0,Clouds,overcast clouds,21
Hevesvezekény,47.562222,20.365833,2026-07-17 21:39:19.639227,24.03,24.13,24.03,24.03,1010,63,1.9,171,100,0.0,Clouds,overcast clouds,21
Tarnaszentmiklós,47.546944,20.390833,2026-07-17 21:39:20.908443,24.07,24.18,24.07,24.07,1010,63,2.11,168,100,0.0,Clouds,overcast clouds,21
Kisköre,47.495556,20.481667,2026-07-17 21:39:22.173893,24.09,24.15,24.09,24.09,1010,61,1.98,186,99,0.0,Clouds,overcast clouds,21
Abádszalók,47.455278,20.553056,2026-07-17 21:39:23.440193,24.1,24.13,24.1,24.1,1010,60,1.86,191,99,0.0,Clouds,overcast clouds,21
Kunhegyes,47.376667,20.641111,2026-07-17 21:39:24.716117,24.25,24.22,24.25,24.25,1010,57,1.49,222,98,0.0,Clouds,overcast clouds,21
Kenderes,47.254444,20.686111,2026-07-17 21:39:25.989492,24.39,24.35,24.39,24.39,1010,56,1.0,256,98,0.0,Clouds,overcast clouds,21
Maklár,47.808056,20.404722,2026-07-17 21:39:27.253901,26.24,26.24,26.24,26.24,1010,67,1.27,315,99,0.0,Clouds,overcast clouds,21
Andornaktálya,47.852203,20.402295,2026-07-17 21:39:28.516912,26.18,26.18,26.18,26.18,1010,67,1.59,328,100,0.0,Clouds,overcast clouds,21
Eger,47.891667,20.381667,2026-07-17 21:39:29.793549,26.09,26.09,26.09,27.23,1011,69,1.92,338,99,0.0,Clouds,overcast clouds,21
Egervár,47.908056,20.380556,2026-07-17 21:39:31.060858,25.91,25.91,25.91,27.04,1011,52,2.0,339,100,0.0,Clouds,overcast clouds,21
Eger-Felnémet,47.936667,20.370556,2026-07-17 21:39:32.329145,25.96,25.96,25.96,27.1,1011,52,2.04,339,100,0.0,Clouds,overcast clouds,21
Szarvaskő,47.988611,20.3325,2026-07-17 21:39:33.595701,25.56,25.53,24.11,26.69,1011,52,2.08,336,100,0.0,Clouds,overcast clouds,21
Mónosbél,48.031944,20.33,2026-07-17 21:39:34.861809,25.3,25.24,23.93,26.51,1011,52,1.88,329,99,0.0,Clouds,overcast clouds,21
Bélapátfalva,48.055556,20.340556,2026-07-17 21:39:36.127460,24.94,24.82,23.64,26.21,1011,51,1.78,323,98,0.0,Clouds,overcast clouds,21
Bélapátfalvi Cementgyár,48.058056,20.355,2026-07-17 21:39:37.392499,24.95,24.83,23.59,26.17,1011,51,1.78,323,98,0.0,Clouds,overcast clouds,21
Szilvásvárad,48.11345,20.37919,2026-07-17 21:39:38.666482,24.51,24.32,23.46,26.04,1011,50,1.54,304,95,0.0,Clouds,overcast clouds,21
Hejőkeresztúr,47.960278,20.869444,2026-07-17 21:39:39.937482,28.8,29.29,26.83,28.88,1010,49,1.1,317,96,0.0,Clouds,overcast clouds,21
Tiszaújváros,47.926111,21.030556,2026-07-17 21:39:41.203355,28.93,29.34,26.88,28.93,1010,48,0.63,304,94,0.0,Clouds,overcast clouds,21
Miskolc-Gömöri,48.106667,20.800278,2026-07-17 21:39:42.471960,26.89,27.68,26.33,27.47,1010,56,1.41,324,100,0.0,Clouds,overcast clouds,21
Sajókeresztúr,48.168008,20.774014,2026-07-17 21:39:43.732112,26.86,27.65,26.28,27.42,1010,56,1.52,316,100,0.0,Clouds,overcast clouds,21
Sajóecseg,48.186111,20.766667,2026-07-17 21:39:45.000251,26.9,27.69,26.32,27.46,1010,56,1.56,314,100,0.0,Clouds,overcast clouds,21
Sajószentpéter,48.222222,20.708056,2026-07-17 21:39:46.260658,26.83,27.61,26.22,27.36,1011,56,1.57,309,100,0.0,Clouds,overcast clouds,21
Kazincbarcika,48.264444,20.6275,2026-07-17 21:39:47.526093,26.89,28.3,26.23,27.37,1011,65,1.56,284,96,0.0,Clouds,overcast clouds,21
Sajókaza,48.272778,20.581944,2026-07-17 21:39:48.792338,26.69,28.14,26.22,27.36,1011,67,1.58,278,95,0.0,Clouds,overcast clouds,21
Vadna,48.276389,20.555278,2026-07-17 21:39:50.062283,26.45,26.45,26.2,27.34,1011,67,1.58,278,95,0.0,Clouds,overcast clouds,21
Dubicsány,48.280833,20.504722,2026-07-17 21:39:51.329178,26.38,26.38,26.19,27.32,1011,73,1.67,267,92,0.0,Clouds,overcast clouds,21
Raposka,46.851389,17.412778,2026-07-17 21:39:52.591644,21.98,22.58,21.98,21.98,1012,90,2.47,357,70,0.0,Clouds,broken clouds,21
Ivacs,47.641944,19.273889,2026-07-17 21:39:53.864600,21.59,22.18,21.12,22.9,1011,91,3.15,336,94,0.0,Clouds,overcast clouds,21
Kisköre-Tiszahíd,47.480835,20.507698,2026-07-17 21:39:55.129514,24.1,24.13,24.1,24.1,1010,60,1.91,185,99,0.0,Clouds,overcast clouds,21
Rozsály,47.912778,22.7825,2026-07-17 21:39:56.398485,23.92,23.75,23.92,23.92,1011,53,3.93,118,38,0.0,Clouds,scattered clouds,21
Pusztakettős,47.453611,20.749722,2026-07-17 21:39:57.669536,24.48,24.42,24.48,24.48,1010,55,1.86,237,100,0.0,Clouds,overcast clouds,21
Kisvác,47.795278,19.113611,2026-07-17 21:39:58.932874,21.61,22.1,21.45,21.61,1011,87,2.28,314,100,0.0,Clouds,overcast clouds,21
Tiszafüred-Gyártelep,47.6075,20.736111,2026-07-17 21:40:00.208354,24.21,24.23,24.21,24.21,1010,59,2.15,233,100,0.0,Clouds,overcast clouds,21
Újkenéz,48.251111,22.221667,2026-07-17 21:40:01.479212,23.86,23.74,23.86,23.86,1011,55,5.32,123,65,0.0,Clouds,broken clouds,21
Püspökladány-Vásártér,47.319167,21.096111,2026-07-17 21:40:02.746013,24.96,24.66,24.96,24.96,1010,44,1.7,254,99,0.0,Clouds,overcast clouds,21
Végegyháza alsó,46.3675,20.866944,2026-07-17 21:40:04.012525,24.8,24.54,24.8,24.8,1010,46,3.24,149,71,0.0,Clouds,broken clouds,21
Orosháza felső,46.553611,20.655278,2026-07-17 21:40:05.280238,24.98,24.76,24.98,24.98,1010,47,3.34,154,71,0.0,Clouds,broken clouds,21
Ambrózfalva,46.353056,20.740556,2026-07-17 21:40:06.542875,24.84,24.58,24.84,24.84,1010,46,3.37,146,78,0.0,Clouds,broken clouds,21
Alsónyék,46.199444,18.738056,2026-07-17 21:40:07.807358,22.75,22.96,22.75,22.75,1011,72,5.33,3,39,0.0,Clouds,scattered clouds,21
Tompapuszta,46.321389,20.966389,2026-07-17 21:40:09.073843,26.17,26.17,26.17,26.17,1010,44,3.05,148,64,0.0,Clouds,broken clouds,21
Halászlak,46.911879,20.56228,2026-07-17 21:40:10.340412,25.27,25.21,25.27,25.27,1010,52,1.38,170,88,0.0,Clouds,overcast clouds,21
Sirató,46.840556,20.61,2026-07-17 21:40:11.607118,25.44,25.37,25.44,25.44,1010,51,1.66,170,82,0.0,Clouds,broken clouds,21
Csabacsűd felső,46.829167,20.649167,2026-07-17 21:40:12.879144,25.51,25.45,25.51,25.51,1010,51,1.63,166,83,0.0,Clouds,broken clouds,21
Orosháza-Üveggyár,46.579979,20.683644,2026-07-17 21:40:14.151616,24.77,24.58,24.77,24.77,1010,49,3.31,154,70,0.0,Clouds,broken clouds,21
Gyulai városerdő,46.69482,21.32281,2026-07-17 21:40:15.419946,25.28,24.96,25.28,25.28,1011,42,3.19,161,94,0.0,Clouds,overcast clouds,21
Kórógyszentgyörgy,46.564377,20.224998,2026-07-17 21:40:16.688214,27.79,27.42,27.79,27.79,1010,39,1.79,207,71,0.0,Clouds,broken clouds,21
Kunszállás,46.784444,19.767222,2026-07-17 21:40:17.951924,26.05,26.05,25.64,26.05,1011,46,3.85,291,99,0.0,Clouds,overcast clouds,21
Selymes,46.655321,19.8534,2026-07-17 21:40:19.219907,26.11,26.11,26.11,26.11,1010,46,2.4,277,100,0.0,Clouds,overcast clouds,21
Petőfiszállási tanyák,46.587805,19.874509,2026-07-17 21:40:20.484476,26.15,26.15,26.12,26.15,1010,46,1.85,256,100,0.0,Clouds,overcast clouds,21
Kisteleki szőlők,46.514199,19.92868,2026-07-17 21:40:21.747808,26.11,26.11,26.11,26.14,1010,51,1.81,221,97,0.0,Clouds,overcast clouds,21
Kapitányság,46.435336,19.987564,2026-07-17 21:40:23.009681,26.13,26.13,26.13,26.13,1010,39,2.1,212,90,0.0,Clouds,overcast clouds,21
Őszeszék,46.39025,20.016017,2026-07-17 21:40:24.279672,26.16,26.16,26.16,26.16,1010,39,2.28,211,85,0.0,Clouds,overcast clouds,21
Vilmaszállás,46.366389,20.030833,2026-07-17 21:40:25.542702,26.14,26.14,26.14,26.14,1010,39,2.24,163,83,0.0,Clouds,broken clouds,21
Jánosszállás,46.334359,20.051199,2026-07-17 21:40:26.812694,26.17,26.17,26.17,26.17,1010,39,2.46,210,79,0.0,Clouds,broken clouds,21
Felsőpakony,47.343056,19.230556,2026-07-17 21:40:28.081681,22.17,22.66,21.53,23.3,1011,85,3.63,311,97,0.0,Clouds,overcast clouds,21
Felsőméntelek,46.987074,19.557745,2026-07-17 21:40:29.347686,25.48,25.6,25.48,25.48,1011,58,4.63,273,94,0.0,Clouds,overcast clouds,21
Alsóméntelek,46.961558,19.579121,2026-07-17 21:40:30.612432,25.51,25.63,25.51,25.51,1011,58,4.77,278,95,0.0,Clouds,overcast clouds,21
Nagynyír,46.943319,19.585447,2026-07-17 21:40:31.883730,25.51,25.63,25.51,25.51,1011,58,0.45,170,95,0.0,Clouds,overcast clouds,21
Úrihegy,46.917778,19.621389,2026-07-17 21:40:33.154710,25.53,25.65,25.53,25.93,1011,58,0.45,170,96,0.0,Clouds,overcast clouds,21
Miklóstelep,46.913412,19.630913,2026-07-17 21:40:34.420253,25.95,25.95,25.95,25.95,1011,67,4.67,282,96,0.0,Clouds,overcast clouds,21
Tiszajenő alsó,47.016944,20.134444,2026-07-17 21:40:35.687759,27.23,27.92,27.23,27.23,1010,54,0.24,218,88,0.0,Clouds,overcast clouds,21
Óbög,46.987222,20.111111,2026-07-17 21:40:36.954079,27.21,27.9,27.21,27.21,1010,54,0.37,259,86,0.0,Clouds,overcast clouds,21
Árpádszállás,46.866456,19.989163,2026-07-17 21:40:38.219340,26.1,26.1,26.1,27.14,1010,46,1.38,286,80,0.0,Clouds,broken clouds,21
Tőserdő,46.851111,19.980278,2026-07-17 21:40:39.488855,26.12,26.12,26.12,27.16,1010,46,1.4,283,80,0.0,Clouds,broken clouds,21
Tiszaalpár felső,46.836256,19.976753,2026-07-17 21:40:40.755098,26.15,26.15,26.15,27.73,1010,46,1.4,283,80,0.0,Clouds,broken clouds,21
Borsihalom,46.773056,19.92,2026-07-17 21:40:42.025115,26.14,26.14,26.14,27.72,1010,46,1.96,284,86,0.0,Clouds,overcast clouds,21
Petőfiváros,46.725556,19.848611,2026-07-17 21:40:43.289768,26.1,26.1,26.1,26.1,1011,46,2.93,287,98,0.0,Clouds,overcast clouds,21
Csorna,47.601944,17.248889,2026-07-17 21:40:44.561651,22.78,23.33,22.78,22.78,1012,85,0.44,243,83,0.0,Clouds,broken clouds,21
Szorgalmatos,47.986667,21.366389,2026-07-17 21:40:45.824695,24.6,24.21,24.6,24.6,1010,42,1.17,186,78,0.0,Clouds,broken clouds,21
Fótfürdő,47.6225,19.200556,2026-07-17 21:40:47.087490,21.59,22.1,21.12,22.9,1011,88,2.82,332,94,0.0,Clouds,overcast clouds,21
Fenyveshegy,47.818333,19.068056,2026-07-17 21:40:48.352202,21.68,22.2,21.68,21.68,1011,88,1.97,313,100,0.0,Clouds,overcast clouds,21
Hűvösvölgy,47.541202,18.96351,2026-07-17 21:40:49.619204,21.0,21.53,20.66,22.44,1011,91,3.1,331,100,0.0,Clouds,overcast clouds,21
Hárshegy,47.535318,18.961433,2026-07-17 21:40:50.875241,21.0,21.53,20.66,22.44,1011,91,3.1,331,100,0.0,Clouds,overcast clouds,21
Szépjuhászné,47.528277,18.955246,2026-07-17 21:40:52.142537,20.16,20.61,19.77,21.55,1011,91,3.26,331,100,0.0,Clouds,overcast clouds,21
Jánoshegy,47.51433,18.95047,2026-07-17 21:40:53.409649,20.28,20.71,19.68,21.46,1011,90,3.26,331,100,0.0,Clouds,overcast clouds,21
Virágvölgy,47.505965,18.95876,2026-07-17 21:40:54.672979,20.67,21.04,19.36,21.15,1011,86,1.34,318,100,0.0,Clouds,overcast clouds,21
Csillebérc,47.498196,18.961694,2026-07-17 21:40:55.939374,20.42,20.71,19.13,20.92,1011,84,1.34,318,100,0.0,Clouds,overcast clouds,21
Normafa,47.5,18.970558,2026-07-17 21:40:57.210384,20.71,20.98,19.18,20.97,1011,82,1.34,318,100,0.0,Clouds,overcast clouds,21
Széchenyihegy,47.49413,18.977049,2026-07-17 21:40:58.481614,20.48,20.75,19.2,20.99,1011,83,1.34,318,100,0.0,Clouds,overcast clouds,21
Balatonfőkajár felső,47.031389,18.215278,2026-07-17 21:40:59.748408,21.43,22.0,21.43,21.43,1012,91,2.56,354,100,0.0,Clouds,overcast clouds,21
Piroska,47.148333,20.129722,2026-07-17 21:41:01.017719,27.23,27.92,23.45,27.23,1010,54,0.47,132,92,0.0,Clouds,overcast clouds,21
Somodor,46.4725,17.836667,2026-07-17 21:41:02.278977,21.05,21.51,21.05,21.05,1012,88,2.15,32,71,0.0,Clouds,broken clouds,21
Középmező,45.995833,18.668889,2026-07-17 21:41:03.545638,22.84,22.54,22.84,22.84,1011,52,5.53,353,13,0.0,Clouds,few clouds,21
Jobbágyi,47.828889,19.6875,2026-07-17 21:41:04.809960,22.19,22.63,22.19,22.19,1011,83,2.53,341,100,12.3,Rain,heavy intensity rain,21
Ferihegy,47.437222,19.223889,2026-07-17 21:41:06.071385,22.16,22.65,21.35,23.14,1011,85,3.26,329,92,0.0,Clouds,overcast clouds,21
Máriapócs,47.852778,22.019167,2026-07-17 21:41:07.343158,23.64,23.37,23.64,23.64,1011,50,4.09,138,78,0.0,Clouds,broken clouds,21
Máriaudvar,47.751944,19.165,2026-07-17 21:41:08.612677,21.64,22.08,21.48,21.64,1011,85,2.46,317,99,0.0,Clouds,overcast clouds,21
Nagyberki,46.353333,18.004167,2026-07-17 21:41:09.876785,20.44,20.94,20.44,20.44,1012,92,1.67,52,43,0.0,Clouds,scattered clouds,21
Badacsonytomaj,46.804722,17.518056,2026-07-17 21:41:11.142403,22.0,22.58,22.0,22.0,1012,89,2.53,356,68,0.0,Clouds,broken clouds,21
Badacsony,46.788611,17.506389,2026-07-17 21:41:12.415706,22.04,22.62,22.04,22.04,1012,89,2.53,355,67,0.0,Clouds,broken clouds,21
Badacsonylábdihegy,46.793889,17.470833,2026-07-17 21:41:13.682949,22.04,22.62,22.04,22.04,1012,89,2.53,355,67,0.0,Clouds,broken clouds,21
Badacsonytördemic-Szigliget,46.809722,17.469167,2026-07-17 21:41:14.950200,22.03,22.61,22.03,22.03,1012,89,2.55,355,68,0.0,Clouds,broken clouds,21
Nemesgulács-Kisapáti,46.836944,17.476389,2026-07-17 21:41:16.212220,22.04,22.62,22.04,22.04,1012,89,2.57,356,69,0.0,Clouds,broken clouds,21
Tapolca,46.877778,17.428611,2026-07-17 21:41:17.492109,21.93,22.53,21.93,21.93,1012,90,2.45,358,72,0.0,Clouds,broken clouds,21
Uzsabánya alsó,46.898333,17.345278,2026-07-17 21:41:18.765779,20.82,21.33,20.82,20.82,1012,91,2.27,4,73,0.0,Clouds,broken clouds,21
Uzsa,46.920278,17.331667,2026-07-17 21:41:20.040078,21.6,22.19,21.6,21.6,1012,91,2.21,6,74,0.0,Clouds,broken clouds,21
Sümegi Bazaltbánya,46.9525,17.2925,2026-07-17 21:41:21.301517,21.6,22.19,21.6,21.6,1012,91,2.11,11,75,0.0,Clouds,broken clouds,21
Sümeg,46.981111,17.270833,2026-07-17 21:41:22.577900,21.76,22.37,21.76,21.76,1012,91,2.04,18,75,0.0,Clouds,broken clouds,21
Gógánfa,47.021111,17.207778,2026-07-17 21:41:23.837603,21.76,22.37,21.76,21.76,1012,91,1.98,28,74,0.0,Clouds,broken clouds,21
Ukk,47.041944,17.195833,2026-07-17 21:41:25.100763,21.82,22.41,21.82,21.82,1012,90,1.97,33,72,0.0,Clouds,broken clouds,21
Nemeskeresztúr,47.093611,17.183611,2026-07-17 21:41:26.364072,21.76,22.34,21.76,21.76,1012,90,1.86,43,67,0.0,Clouds,broken clouds,21
Jánosháza,47.115833,17.171667,2026-07-17 21:41:27.636901,21.83,22.42,21.83,21.83,1012,90,1.81,48,65,0.0,Clouds,broken clouds,21
Keszthely,46.758333,17.248056,2026-07-17 21:41:28.902681,21.84,22.48,21.84,21.84,1012,92,2.46,358,63,0.0,Clouds,broken clouds,21
Alsógyenes,46.765844,17.276435,2026-07-17 21:41:30.170000,21.91,22.53,21.91,21.91,1012,91,2.46,355,65,0.0,Clouds,broken clouds,21
Gyenesdiás,46.763333,17.292778,2026-07-17 21:41:31.446739,21.91,22.53,21.91,21.91,1012,91,2.46,355,65,0.0,Clouds,broken clouds,21
Vonyarcvashegy,46.755278,17.318333,2026-07-17 21:41:32.720245,21.36,21.93,21.36,21.36,1012,91,2.48,354,66,0.0,Clouds,broken clouds,21
Balatongyörök,46.751944,17.354444,2026-07-17 21:41:33.983889,21.95,22.58,21.95,21.95,1012,91,2.51,353,66,0.0,Clouds,broken clouds,21
Becehegy,46.776111,17.372778,2026-07-17 21:41:35.244903,20.81,21.32,20.81,20.81,1012,91,2.48,354,67,0.0,Clouds,broken clouds,21
Balatonederics,46.8025,17.385,2026-07-17 21:41:36.515998,20.76,21.27,20.76,20.76,1012,91,2.46,356,69,0.0,Clouds,broken clouds,21
Dabronc,47.025766,17.167006,2026-07-17 21:41:37.792272,21.81,22.42,21.81,21.81,1012,91,2.03,29,74,0.0,Clouds,broken clouds,21
Türje,46.994444,17.093611,2026-07-17 21:41:39.060025,21.82,22.43,21.82,21.82,1012,91,2.24,25,73,0.0,Clouds,broken clouds,21
Zalabér-Batyk,46.983056,17.040833,2026-07-17 21:41:40.330602,21.95,22.58,21.95,21.95,1012,91,2.54,22,67,0.0,Clouds,broken clouds,21
Pakod,46.959167,16.996667,2026-07-17 21:41:41.597880,21.87,22.46,21.87,21.87,1012,90,2.58,21,64,0.0,Clouds,broken clouds,21
Pókaszepetk,46.924444,16.972222,2026-07-17 21:41:42.859689,21.96,22.59,21.96,21.96,1012,91,2.63,18,60,0.0,Clouds,broken clouds,21
Kemendollár,46.905833,16.946667,2026-07-17 21:41:44.138738,21.68,22.28,21.68,21.68,1012,91,2.63,19,57,0.0,Clouds,broken clouds,21
Zalaegerszeg,46.833056,16.848333,2026-07-17 21:41:45.406712,21.73,22.33,21.73,21.73,1012,91,2.21,18,48,0.0,Clouds,scattered clouds,21
Bocfölde,46.780278,16.853611,2026-07-17 21:41:46.673803,21.75,22.38,21.75,21.75,1012,92,2.17,15,49,0.0,Clouds,scattered clouds,21
Sárhida,46.755833,16.851389,2026-07-17 21:41:47.955890,20.94,21.49,20.94,20.94,1012,92,2.0,14,51,0.0,Clouds,broken clouds,21
Bak,46.7325,16.849167,2026-07-17 21:41:49.233566,21.34,21.93,21.34,21.34,1012,92,1.94,13,53,0.0,Clouds,broken clouds,21
Tófej,46.670833,16.801944,2026-07-17 21:41:50.500489,21.14,21.71,21.14,21.14,1012,92,1.76,13,56,0.0,Clouds,broken clouds,21
Gutorfölde,46.646944,16.739722,2026-07-17 21:41:51.768778,21.4,22.02,21.4,21.4,1012,93,1.58,13,55,0.0,Clouds,broken clouds,21
Csömödér-Páka,46.608056,16.641111,2026-07-17 21:41:53.035324,20.57,21.08,20.57,20.57,1012,92,1.42,1,46,0.0,Clouds,scattered clouds,21
Iklódbördőce,46.603056,16.604722,2026-07-17 21:41:54.304701,20.56,21.07,20.56,20.56,1012,92,1.5,350,41,0.0,Clouds,scattered clouds,21
Lenti,46.621389,16.528611,2026-07-17 21:41:55.569722,20.51,20.99,20.51,20.51,1012,91,1.73,344,40,0.0,Clouds,scattered clouds,21
Rédics,46.618056,16.471111,2026-07-17 21:41:56.849058,20.5,20.98,20.5,20.5,1012,91,1.85,341,40,0.0,Clouds,scattered clouds,21
Zalalövő,46.845556,16.576389,2026-07-17 21:41:58.115259,21.7,22.3,21.7,21.7,1012,91,2.13,7,41,0.0,Clouds,scattered clouds,21
Zalaegerszeg-Ola,46.849167,16.844722,2026-07-17 21:41:59.378092,21.73,22.33,21.73,21.73,1012,91,2.21,18,48,0.0,Clouds,scattered clouds,21
Andráshida,46.863116,16.7792,2026-07-17 21:42:00.647765,21.72,22.32,21.72,21.72,1012,91,2.21,20,46,0.0,Clouds,scattered clouds,21
Bagod,46.875,16.746111,2026-07-17 21:42:01.923059,21.84,22.46,21.84,21.84,1012,91,2.13,19,44,0.0,Clouds,scattered clouds,21
Zalaszentgyörgy,46.872222,16.7125,2026-07-17 21:42:03.185011,21.81,22.42,21.81,21.81,1012,91,2.12,18,44,0.0,Clouds,scattered clouds,21
Zalacséb-Salomvár,46.858056,16.662222,2026-07-17 21:42:04.451344,21.59,22.18,21.59,21.59,1012,91,2.13,17,43,0.0,Clouds,scattered clouds,21
Kópháza,47.631389,16.6375,2026-07-17 21:42:05.717718,22.33,22.71,19.65,22.33,1012,80,1.7,280,39,0.0,Clouds,scattered clouds,21
Nagycenk,47.601111,16.690278,2026-07-17 21:42:06.985808,22.44,22.85,19.76,22.44,1012,81,1.63,283,45,0.0,Clouds,scattered clouds,21
Sopronkövesd,47.548333,16.748056,2026-07-17 21:42:08.258743,19.59,19.85,19.59,22.27,1012,86,1.53,290,50,0.0,Clouds,scattered clouds,21
Lövő,47.509444,16.7775,2026-07-17 21:42:09.531410,19.63,19.89,19.63,22.31,1012,86,1.48,297,51,0.0,Clouds,broken clouds,21
Újkér,47.457778,16.786667,2026-07-17 21:42:10.801878,19.65,19.92,19.65,19.65,1012,86,1.46,305,47,0.0,Clouds,scattered clouds,21
Bük,47.388611,16.752222,2026-07-17 21:42:12.064864,19.71,19.98,19.71,19.71,1012,86,1.62,321,39,0.0,Clouds,scattered clouds,21
Acsád,47.308333,16.734722,2026-07-17 21:42:13.328328,19.46,19.71,19.46,19.46,1012,86,1.91,338,33,0.0,Clouds,scattered clouds,21
Salköveskút-Vassurány,47.291389,16.704167,2026-07-17 21:42:14.594461,19.47,19.72,19.47,19.47,1012,86,2.02,343,32,0.0,Clouds,scattered clouds,21
Zalaszentiván,46.8875,16.909444,2026-07-17 21:42:15.859152,21.85,22.47,21.85,21.85,1012,91,2.51,19,50,0.0,Clouds,scattered clouds,21
Alsónemesapáti,46.854167,16.936389,2026-07-17 21:42:17.132200,21.9,22.52,21.9,21.9,1012,91,2.59,16,53,0.0,Clouds,broken clouds,21
Józsa,47.600833,21.584444,2026-07-17 21:42:18.395438,24.56,24.09,24.56,24.56,1010,39,2.85,158,81,0.0,Clouds,broken clouds,21
Hajdúszentgyörgy,47.608056,21.578333,2026-07-17 21:42:19.666701,24.56,24.09,24.56,24.56,1010,39,2.85,158,81,0.0,Clouds,broken clouds,21
Zelemér,47.627778,21.578333,2026-07-17 21:42:20.938653,24.47,24.02,24.47,24.47,1010,40,2.9,160,78,0.0,Clouds,broken clouds,21
Hajdúböszörmény,47.668056,21.524167,2026-07-17 21:42:22.203461,24.59,24.12,24.59,24.59,1010,39,2.81,167,79,0.0,Clouds,broken clouds,21
Hajdúvid,47.749444,21.508056,2026-07-17 21:42:23.478370,24.68,24.25,24.68,24.68,1010,40,2.8,180,75,0.0,Clouds,broken clouds,21
Hajdúdorog,47.805556,21.493056,2026-07-17 21:42:24.745551,24.64,24.2,24.64,24.64,1010,40,2.73,183,70,0.0,Clouds,broken clouds,21
Hajdúnánás,47.831944,21.426667,2026-07-17 21:42:26.007497,24.78,24.33,24.78,24.78,1010,39,2.52,193,78,0.0,Clouds,broken clouds,21
Hajdúnánás-Vásártér,47.843056,21.407222,2026-07-17 21:42:27.274749,24.78,24.33,24.78,24.78,1010,39,2.52,193,78,0.0,Clouds,broken clouds,21
Tedej,47.903611,21.404444,2026-07-17 21:42:28.542886,24.7,24.27,24.7,24.7,1010,40,1.99,191,75,0.0,Clouds,broken clouds,21
Tiszavasvári,47.945278,21.374722,2026-07-17 21:42:29.804157,24.66,24.25,24.66,24.66,1010,41,1.72,192,79,0.0,Clouds,broken clouds,21
Egyházerdő,47.9725,21.365,2026-07-17 21:42:31.069731,24.65,24.27,24.65,24.65,1010,42,1.45,190,78,0.0,Clouds,broken clouds,21
Tiszalök,48.013056,21.369167,2026-07-17 21:42:32.336756,24.56,24.19,24.56,24.56,1010,43,0.89,181,78,0.0,Clouds,broken clouds,21
Hajnalos,47.998889,21.414167,2026-07-17 21:42:33.597337,24.61,24.22,24.61,24.61,1010,42,1.17,185,74,0.0,Clouds,broken clouds,21
Kisfástanya,47.989167,21.47,2026-07-17 21:42:34.864377,24.57,24.18,24.57,24.57,1010,42,1.2,181,69,0.0,Clouds,broken clouds,21
Tiszaeszlár,48.010556,21.491944,2026-07-17 21:42:36.130572,24.57,24.21,24.57,24.57,1010,43,0.94,172,65,0.0,Clouds,broken clouds,21
Bashalom,48.026111,21.514722,2026-07-17 21:42:37.397521,24.57,24.23,24.57,24.57,1010,44,0.64,163,66,0.0,Clouds,broken clouds,21
Sáránd,47.415556,21.625,2026-07-17 21:42:38.658124,25.28,24.91,25.28,25.28,1010,40,3.07,165,91,0.0,Clouds,overcast clouds,21
Derecske,47.365,21.584167,2026-07-17 21:42:39.917724,25.4,25.07,25.4,25.4,1010,41,3.33,167,95,0.0,Clouds,overcast clouds,21
Derecske-Vásártér,47.352222,21.58,2026-07-17 21:42:41.183211,25.4,25.07,25.4,25.4,1010,41,3.33,167,95,0.0,Clouds,overcast clouds,21
Konyár,47.323611,21.666111,2026-07-17 21:42:42.445518,25.66,25.35,25.66,25.66,1010,41,3.78,177,86,0.0,Clouds,overcast clouds,21
Konyári Sóstófürdő,47.324167,21.744444,2026-07-17 21:42:43.706276,25.84,25.55,25.84,25.84,1010,41,3.76,184,78,0.0,Clouds,broken clouds,21
Pocsaj-Esztár,47.288333,21.793056,2026-07-17 21:42:44.978525,26.35,26.35,26.35,26.35,1010,41,3.72,186,78,0.0,Clouds,broken clouds,21
Kismarja,47.243889,21.813889,2026-07-17 21:42:46.242119,26.35,26.35,26.35,26.35,1010,42,3.85,183,79,0.0,Clouds,broken clouds,21
Nagykereki,47.191667,21.8,2026-07-17 21:42:47.509210,26.34,26.34,26.34,26.34,1010,54,3.89,180,80,0.0,Clouds,broken clouds,21
Debrecen-Szabadságtelep,47.527778,21.658611,2026-07-17 21:42:48.772665,24.77,24.35,24.77,24.77,1010,40,2.79,162,81,0.0,Clouds,broken clouds,21
Kondoroskert,47.525556,21.713889,2026-07-17 21:42:50.039513,24.67,24.26,24.67,24.67,1010,41,2.76,176,69,0.0,Clouds,broken clouds,21
Nagycsere,47.523889,21.763056,2026-07-17 21:42:51.306742,24.66,24.25,24.66,24.66,1011,41,2.77,181,66,0.0,Clouds,broken clouds,21
Haláp,47.521667,21.818333,2026-07-17 21:42:52.575411,24.62,24.21,24.62,24.62,1011,41,2.79,185,65,0.0,Clouds,broken clouds,21
Vámospércs,47.518056,21.893889,2026-07-17 21:42:53.844113,24.68,24.27,24.68,24.68,1011,41,2.88,191,63,0.0,Clouds,broken clouds,21
Szentannapuszta,47.52,21.965833,2026-07-17 21:42:55.112892,24.81,24.42,24.81,24.81,1011,41,2.82,192,63,0.0,Clouds,broken clouds,21
Nyírábrány,47.523889,22.016944,2026-07-17 21:42:56.374795,24.86,24.47,24.86,24.86,1011,41,2.74,191,63,0.0,Clouds,broken clouds,21
Dombostanya,47.602778,21.706389,2026-07-17 21:42:57.648512,24.43,24.0,24.43,24.43,1010,41,2.89,164,67,0.0,Clouds,broken clouds,21
Hajdúsámson,47.608056,21.755278,2026-07-17 21:42:58.915368,24.33,23.89,24.33,24.33,1011,41,2.85,173,59,0.0,Clouds,broken clouds,21
Tamásipuszta,47.632778,21.796111,2026-07-17 21:43:00.189023,24.19,23.76,24.19,24.19,1011,42,2.94,172,55,0.0,Clouds,broken clouds,21
Aradványpuszta,47.662778,21.8425,2026-07-17 21:43:01.454585,24.12,23.68,24.12,24.12,1011,42,3.06,169,53,0.0,Clouds,broken clouds,21
Nyíradony,47.699444,21.903333,2026-07-17 21:43:02.725465,23.92,23.52,23.92,23.92,1011,44,3.37,161,60,0.0,Clouds,broken clouds,21
Nyírmihálydi,47.7375,21.958889,2026-07-17 21:43:03.997109,23.82,23.43,23.82,23.82,1011,45,3.51,156,65,0.0,Clouds,broken clouds,21
Nyírgelse,47.750833,21.987778,2026-07-17 21:43:05.263058,23.69,23.32,23.69,23.69,1011,46,3.65,152,71,0.0,Clouds,broken clouds,21
Nyírbogát,47.793056,22.066389,2026-07-17 21:43:06.529807,23.6,23.32,23.6,23.6,1011,50,3.83,145,87,0.0,Clouds,overcast clouds,21
Nagykálló,47.871111,21.825833,2026-07-17 21:43:07.792197,24.13,23.8,24.13,24.13,1010,46,4.08,140,48,0.0,Clouds,scattered clouds,21
Kállósemjén,47.854722,21.935,2026-07-17 21:43:09.054603,23.88,23.58,23.88,23.88,1010,48,4.15,139,61,0.0,Clouds,broken clouds,21
Nyírbátor,47.8425,22.131111,2026-07-17 21:43:10.315661,23.52,23.26,23.52,23.52,1011,51,3.91,141,91,0.0,Clouds,overcast clouds,21
Nyírcsászári,47.865556,22.179167,2026-07-17 21:43:11.581354,23.55,23.34,23.55,23.55,1011,53,3.93,138,93,0.0,Clouds,overcast clouds,21
Hodász,47.896111,22.213611,2026-07-17 21:43:12.845845,23.56,23.38,23.56,23.56,1011,54,3.9,134,88,0.0,Clouds,overcast clouds,21
Nyírmeggyes,47.9225,22.256667,2026-07-17 21:43:14.111945,23.69,23.52,23.69,23.69,1011,54,4.05,127,77,0.0,Clouds,broken clouds,21
Mátészalka,47.951389,22.313333,2026-07-17 21:43:15.374721,23.75,23.62,23.75,23.75,1011,55,4.14,124,68,0.0,Clouds,broken clouds,21
Kocsord,47.941944,22.375833,2026-07-17 21:43:16.638050,23.69,23.58,23.69,23.69,1011,56,3.87,126,53,0.0,Clouds,broken clouds,21
Kocsord alsó,47.946389,22.400556,2026-07-17 21:43:17.910101,23.69,23.58,23.69,23.69,1011,56,3.87,126,53,0.0,Clouds,broken clouds,21
Győrtelek,47.936667,22.424722,2026-07-17 21:43:19.180229,23.64,23.52,23.64,23.64,1011,56,3.85,125,47,0.0,Clouds,scattered clouds,21
Győrtelek alsó,47.921111,22.443333,2026-07-17 21:43:20.443778,23.6,23.48,23.6,23.6,1011,56,3.71,128,46,0.0,Clouds,scattered clouds,21
Ököritófülpös,47.911389,22.495,2026-07-17 21:43:21.707844,23.56,23.43,23.56,23.56,1011,56,3.71,127,41,0.0,Clouds,scattered clouds,21
Porcsalma-Tyukod,47.868056,22.568333,2026-07-17 21:43:22.977268,23.95,23.81,23.95,23.95,1011,54,3.67,131,41,0.0,Clouds,scattered clouds,21
Csenger,47.826111,22.666389,2026-07-17 21:43:24.244776,23.94,23.75,23.94,23.94,1011,52,3.86,131,44,0.0,Clouds,scattered clouds,21
Kisfái,46.888303,19.807366,2026-07-17 21:43:25.510833,26.03,26.03,26.03,26.03,1011,61,3.41,285,93,0.0,Clouds,overcast clouds,21
Nyárlőrinci szőlők,46.8775,19.828333,2026-07-17 21:43:26.776569,26.03,26.03,26.03,26.03,1011,46,3.12,288,92,0.0,Clouds,overcast clouds,21
Nyárlőrinc alsó,46.863889,19.878889,2026-07-17 21:43:28.040561,26.05,26.05,26.05,26.05,1011,46,2.73,288,90,0.0,Clouds,overcast clouds,21
Tiszaug-Tiszahídfő,46.866106,20.052098,2026-07-17 21:43:29.307222,26.3,26.3,26.21,27.79,1010,57,1.16,282,78,0.0,Clouds,broken clouds,21
Csongrádi úti tanyák,46.690278,19.921667,2026-07-17 21:43:30.571844,26.16,26.16,26.16,27.75,1010,46,1.7,266,92,0.0,Clouds,overcast clouds,21
Kettőshalom,46.689167,20.0225,2026-07-17 21:43:31.836257,26.19,26.19,26.19,27.78,1010,46,1.36,243,81,0.0,Clouds,broken clouds,21
Csongrád alsó,46.711389,20.126389,2026-07-17 21:43:33.097888,27.78,27.41,26.19,27.78,1010,39,1.51,226,70,0.0,Clouds,broken clouds,21
Dónát,46.66988,20.368168,2026-07-17 21:43:34.375384,27.8,27.43,27.8,27.8,1010,39,1.34,165,64,0.0,Clouds,broken clouds,21
Pusztatemplom,46.676667,20.407222,2026-07-17 21:43:35.642336,27.79,27.42,27.79,27.79,1010,39,1.34,165,67,0.0,Clouds,broken clouds,21
Előhát,47.364722,20.653611,2026-07-17 21:43:36.906631,25.56,25.69,25.56,25.56,1010,58,1.34,227,98,0.0,Clouds,overcast clouds,21
Polgárdi-Tekerespuszta,47.017778,18.297778,2026-07-17 21:43:38.174709,21.41,21.96,21.41,21.41,1012,90,2.75,355,99,0.0,Clouds,overcast clouds,21
Szatina-Kishajmás,46.202778,18.083611,2026-07-17 21:43:39.446262,20.31,20.72,20.31,20.31,1012,89,2.09,47,15,0.0,Clouds,few clouds,21
Márok,45.886944,18.499167,2026-07-17 21:43:40.715739,22.61,23.12,22.61,22.61,1011,84,3.35,15,12,0.0,Clouds,few clouds,21
Nagynyárád,45.953333,18.564722,2026-07-17 21:43:41.978128,22.68,23.2,22.68,22.68,1011,84,4.76,5,17,0.0,Clouds,few clouds,21
Szászvár,46.2875,18.369722222222222,2026-07-17 21:43:43.246030,20.85,21.21,20.85,20.85,1012,85,1.49,20,58,0.0,Clouds,broken clouds,21
Cikó,46.263514,18.557605,2026-07-17 21:43:44.519009,21.84,22.17,21.84,21.84,1012,80,3.5,3,51,0.0,Clouds,broken clouds,21
Gyöngyfa-Magyarmecske,45.983889,17.958889,2026-07-17 21:43:45.782597,21.92,22.15,21.92,21.92,1011,76,3.92,13,4,0.0,Clear,clear sky,21
Nagyhát,47.581389,21.445,2026-07-17 21:43:47.049144,24.84,24.37,24.84,24.84,1010,38,2.46,153,98,0.0,Clouds,overcast clouds,21
Balmazújváros,47.613889,21.348056,2026-07-17 21:43:48.318089,24.96,24.53,24.96,24.96,1010,39,1.81,183,100,0.0,Clouds,overcast clouds,21
Kónya,47.600833,21.2375,2026-07-17 21:43:49.583851,24.91,24.5,24.91,24.91,1010,40,1.45,207,100,0.0,Clouds,overcast clouds,21
Hortobágy,47.586111,21.154722,2026-07-17 21:43:50.854906,24.91,24.55,24.91,24.91,1010,42,1.65,236,100,0.0,Clouds,overcast clouds,21
Hortobágyi Halastó,47.604167,21.074167,2026-07-17 21:43:52.128666,24.87,24.54,24.87,24.87,1010,43,1.87,245,100,0.0,Clouds,overcast clouds,21
Ohat-Pusztakócs,47.623333,20.951111,2026-07-17 21:43:53.398681,24.65,24.45,24.65,24.65,1010,49,2.25,249,100,0.23,Rain,light rain,21
Egyek,47.616944,20.883611,2026-07-17 21:43:54.669836,24.45,24.33,24.45,24.45,1010,53,2.3,246,100,0.0,Clouds,overcast clouds,21
Tiszafüred,47.627778,20.756111,2026-07-17 21:43:55.935838,24.21,24.2,24.21,24.21,1010,58,2.2,239,100,0.0,Clouds,overcast clouds,21
Poroszló,47.657778,20.654444,2026-07-17 21:43:57.200163,24.01,24.11,24.01,24.01,1010,63,1.97,235,100,0.0,Clouds,overcast clouds,21
Kétútköz,47.694167,20.565,2026-07-17 21:43:58.466530,23.85,24.01,23.85,23.85,1010,66,1.66,248,100,0.0,Clouds,overcast clouds,21
Egerfarmos,47.711667,20.5225,2026-07-17 21:43:59.732492,23.82,23.98,23.82,23.82,1010,66,1.38,247,100,0.0,Clouds,overcast clouds,21
Piliscsaba,47.638056,18.829722,2026-07-17 21:44:00.995154,20.76,21.37,20.74,20.9,1011,95,2.44,333,100,0.0,Clouds,overcast clouds,21
Pilisjászfalu,47.656111,18.797778,2026-07-17 21:44:02.254780,21.0,21.66,20.99,22.78,1011,96,2.42,335,100,0.0,Clouds,overcast clouds,21
Leányvár,47.687594,18.772553,2026-07-17 21:44:03.521051,21.16,21.84,21.16,21.32,1011,96,1.95,334,100,0.0,Clouds,overcast clouds,21
Dorog,47.723333,18.732778,2026-07-17 21:44:04.788609,21.38,21.9,21.38,21.38,1011,89,0.97,328,100,0.0,Clouds,overcast clouds,21
Esztergom-Kertváros,47.743333,18.719167,2026-07-17 21:44:06.057214,21.45,21.97,21.45,21.45,1011,89,0.68,331,100,0.0,Clouds,overcast clouds,21
Esztergom,47.7775,18.743611,2026-07-17 21:44:07.327657,21.51,22.04,21.51,21.51,1011,89,0.74,344,100,0.0,Clouds,overcast clouds,21
Dunaalmás,47.733056,18.326389,2026-07-17 21:44:08.590459,21.37,21.94,21.37,21.37,1012,91,1.34,217,100,0.0,Clouds,overcast clouds,21
Neszmély,47.734444,18.345278,2026-07-17 21:44:09.862693,21.37,21.94,21.37,21.37,1012,91,1.34,217,100,0.0,Clouds,overcast clouds,21
Süttő,47.761111,18.455,2026-07-17 21:44:11.123884,21.46,22.01,21.46,21.46,1012,90,1.18,221,100,0.0,Clouds,overcast clouds,21
Piszke,47.75307,18.478017,2026-07-17 21:44:12.389010,21.51,22.04,21.51,21.51,1012,89,1.06,223,100,0.0,Clouds,overcast clouds,21
Lábatlan,47.751944,18.513333,2026-07-17 21:44:13.658789,21.52,22.05,21.52,21.52,1012,89,0.92,226,100,0.0,Clouds,overcast clouds,21
Eternitgyár,47.755544,18.530014,2026-07-17 21:44:14.941103,21.52,22.05,21.52,21.52,1012,89,0.92,226,100,0.0,Clouds,overcast clouds,21
Nyergesújfalu felső,47.762222,18.540556,2026-07-17 21:44:16.201930,21.52,22.05,21.52,21.52,1012,89,0.92,226,100,0.0,Clouds,overcast clouds,21
Nyergesújfalu,47.761111,18.561667,2026-07-17 21:44:17.471582,21.49,22.02,21.49,21.49,1012,89,0.76,231,100,0.0,Clouds,overcast clouds,21
Tokod,47.735,18.675,2026-07-17 21:44:18.748801,21.47,22.0,21.47,21.47,1011,89,0.8,320,100,0.0,Clouds,overcast clouds,21
Környe,47.541667,18.330278,2026-07-17 21:44:20.018599,21.12,21.66,21.12,21.12,1012,91,1.28,282,100,0.0,Clouds,overcast clouds,21
Kecskéd alsó,47.519722,18.316667,2026-07-17 21:44:21.292890,21.09,21.63,21.09,21.09,1012,91,1.39,290,100,0.0,Clouds,overcast clouds,21
Oroszlány,47.486944,18.308611,2026-07-17 21:44:22.566073,21.01,21.54,21.01,21.01,1012,91,1.56,298,100,0.0,Clouds,overcast clouds,21
Győrszabadhegy,47.663056,17.648056,2026-07-17 21:44:23.831063,21.83,22.39,21.83,21.83,1012,89,1.23,174,83,0.0,Clouds,broken clouds,21
Ménfőcsanak felső,47.638333,17.615,2026-07-17 21:44:25.100883,21.91,22.48,21.91,21.91,1012,89,1.31,170,84,0.0,Clouds,broken clouds,21
Gyömöre-Tét,47.501672,17.559596,2026-07-17 21:44:26.365863,21.72,22.3,21.72,21.72,1012,90,1.63,147,77,0.0,Clouds,broken clouds,21
Szerecseny,47.469167,17.5475,2026-07-17 21:44:27.628663,21.75,22.33,21.75,21.75,1012,90,1.63,142,76,0.0,Clouds,broken clouds,21
Gecse-Gyarmat,47.456111,17.515,2026-07-17 21:44:28.896980,21.67,22.24,21.67,21.67,1012,90,1.6,141,74,0.0,Clouds,broken clouds,21
Vaszar,47.4025,17.496389,2026-07-17 21:44:30.173368,21.82,22.38,21.82,21.82,1012,89,1.61,121,70,0.0,Clouds,broken clouds,21
Pápa,47.340556,17.458889,2026-07-17 21:44:31.435002,21.86,22.43,21.86,21.86,1012,89,1.65,103,68,0.0,Clouds,broken clouds,21
Mezőlak,47.324722,17.371389,2026-07-17 21:44:32.703127,21.93,22.5,21.93,21.93,1012,89,1.64,102,66,0.0,Clouds,broken clouds,21
Mihályháza,47.318889,17.331667,2026-07-17 21:44:33.971791,21.93,22.5,21.93,21.93,1012,89,1.64,93,64,0.0,Clouds,broken clouds,21
Vinár,47.306667,17.284722,2026-07-17 21:44:35.244887,21.99,22.57,21.99,21.99,1012,89,1.57,92,63,0.0,Clouds,broken clouds,21
Külsővat,47.279167,17.219722,2026-07-17 21:44:36.512448,21.99,22.57,21.99,21.99,1012,89,1.38,82,57,0.0,Clouds,broken clouds,21
Celldömölk,47.261389,17.151944,2026-07-17 21:44:37.784551,22.01,22.59,22.01,22.01,1012,89,1.31,73,52,0.0,Clouds,broken clouds,21
Kemenesmihályfa,47.278056,17.111111,2026-07-17 21:44:39.060713,21.66,22.18,21.66,21.66,1012,88,1.06,75,48,0.0,Clouds,scattered clouds,21
Nagysimonyi,47.265556,17.058889,2026-07-17 21:44:40.334447,21.74,22.27,21.74,21.74,1012,88,1.03,58,44,0.0,Clouds,scattered clouds,21
Ostffyasszonyfa,47.283889,17.023889,2026-07-17 21:44:41.602857,21.86,22.4,21.86,21.86,1012,88,0.81,47,41,0.0,Clouds,scattered clouds,21
Sárvár,47.259167,16.928889,2026-07-17 21:44:42.874343,21.96,22.51,21.96,21.96,1012,88,1.41,5,36,0.0,Clouds,scattered clouds,21
Porpác,47.238611,16.8325,2026-07-17 21:44:44.139838,19.73,20.06,19.73,19.73,1012,88,1.89,0,33,0.0,Clouds,scattered clouds,21
Balatonföldvár,46.853889,17.881389,2026-07-17 21:44:45.411871,21.94,22.54,21.94,21.94,1012,90,2.32,10,93,0.0,Clouds,overcast clouds,21
Balatonszárszó,46.832222,17.830278,2026-07-17 21:44:46.673574,21.96,22.54,21.96,21.96,1012,89,2.29,14,90,0.0,Clouds,overcast clouds,21
Balatonszemes,46.811944,17.776389,2026-07-17 21:44:47.941791,22.04,22.62,22.04,22.04,1012,89,2.24,16,85,0.0,Clouds,overcast clouds,21
Balatonlelle felső,46.793889,17.7175,2026-07-17 21:44:49.210917,22.05,22.61,22.05,22.05,1012,88,2.22,15,79,0.0,Clouds,broken clouds,21
Balatonlelle,46.7875,17.694167,2026-07-17 21:44:50.477244,22.11,22.67,22.11,22.11,1012,88,2.24,11,77,0.0,Clouds,broken clouds,21
Fonyódliget,46.759167,17.592222,2026-07-17 21:44:51.745182,22.12,22.69,22.12,22.12,1012,88,2.29,5,72,0.0,Clouds,broken clouds,21
Balatonboglár,46.776111,17.647222,2026-07-17 21:44:53.012590,22.13,22.7,22.13,22.13,1012,88,2.27,8,74,0.0,Clouds,broken clouds,21
Balatonfenyves alsó,46.708611,17.455278,2026-07-17 21:44:54.275369,21.99,22.59,21.99,21.99,1012,90,2.56,350,65,0.0,Clouds,broken clouds,21
Fonyód,46.750278,17.558889,2026-07-17 21:44:55.543170,22.1,22.66,22.1,22.1,1012,88,2.4,358,68,0.0,Clouds,broken clouds,21
Bélatelep,46.737778,17.535,2026-07-17 21:44:56.808780,22.06,22.65,22.06,22.06,1012,89,2.45,355,67,0.0,Clouds,broken clouds,21
Alsóbélatelep,46.724167,17.516389,2026-07-17 21:44:58.078544,22.06,22.65,22.06,22.06,1012,89,2.45,355,67,0.0,Clouds,broken clouds,21
Balatonfenyves,46.713611,17.482778,2026-07-17 21:44:59.338608,21.97,22.55,21.97,21.97,1012,89,2.51,352,66,0.0,Clouds,broken clouds,21
Máriahullámtelep,46.704722,17.435,2026-07-17 21:45:00.603880,21.99,22.59,21.99,21.99,1012,90,2.56,350,65,0.0,Clouds,broken clouds,21
Balatonmáriafürdő,46.704167,17.374722,2026-07-17 21:45:01.867666,21.94,22.57,21.94,21.94,1012,91,2.58,350,63,0.0,Clouds,broken clouds,21
Balatonberény,46.713889,17.316944,2026-07-17 21:45:03.132140,21.84,22.46,21.84,21.84,1012,91,2.58,350,62,0.0,Clouds,broken clouds,21
Balatonszentgyörgy,46.692778,17.288889,2026-07-17 21:45:04.405941,21.86,22.48,21.86,21.86,1012,91,2.63,350,59,0.0,Clouds,broken clouds,21
Vörs,46.663611,17.260278,2026-07-17 21:45:05.665529,21.82,22.46,21.82,21.82,1012,92,2.71,350,54,0.0,Clouds,broken clouds,21
Zalaszentjakab,46.491667,17.135278,2026-07-17 21:45:06.932927,21.36,21.95,21.36,21.36,1012,92,3.03,353,41,0.0,Clouds,scattered clouds,21
Nagykanizsa,46.440833,16.986667,2026-07-17 21:45:08.199581,21.31,21.9,21.31,21.31,1012,92,2.71,357,43,0.0,Clouds,scattered clouds,21
Murakeresztúr,46.363889,16.876944,2026-07-17 21:45:09.464880,21.15,21.72,21.15,21.15,1012,92,2.18,348,24,0.0,Clouds,few clouds,21
Zalakomár,46.530278,17.188056,2026-07-17 21:45:10.730706,21.53,22.14,21.53,21.53,1012,92,3.0,351,42,0.0,Clouds,scattered clouds,21
Szárazrét,47.200833,18.381111,2026-07-17 21:45:11.994708,21.54,22.07,21.54,21.54,1012,89,2.39,333,96,0.0,Clouds,overcast clouds,21
Bodajk,47.318333,18.251944,2026-07-17 21:45:13.254748,21.25,21.83,21.25,21.25,1012,92,2.39,319,95,0.0,Clouds,overcast clouds,21
Csókakő,47.3275,18.240556,2026-07-17 21:45:14.526809,20.93,21.48,20.93,20.93,1012,92,2.31,317,96,0.0,Clouds,overcast clouds,21
Mór,47.369167,18.189167,2026-07-17 21:45:15.796609,20.95,21.53,20.95,20.95,1012,93,2.08,312,95,0.0,Clouds,overcast clouds,21
Bakonysárkány,47.443611,18.103611,2026-07-17 21:45:17.065943,20.61,21.18,20.61,20.61,1012,94,1.16,288,96,0.0,Clouds,overcast clouds,21
Kisbér,47.494167,18.024722,2026-07-17 21:45:18.330712,21.01,21.59,21.01,21.01,1012,93,0.86,213,96,0.0,Clouds,overcast clouds,21
Nagyigmánd-Bábolna,47.630556,18.050833,2026-07-17 21:45:19.595824,21.37,21.99,21.37,21.37,1012,93,1.44,200,100,0.0,Clouds,overcast clouds,21
Budapest-Déli,47.498889,19.025,2026-07-17 21:45:20.866233,22.57,23.1,21.38,23.17,1011,85,1.34,318,99,0.0,Clouds,overcast clouds,21
Budapest-Kelenföld,47.464444,19.02,2026-07-17 21:45:22.134958,22.35,22.83,21.49,23.27,1011,84,1.34,318,99,0.0,Clouds,overcast clouds,21
Budaörs,47.4475,18.965,2026-07-17 21:45:23.406014,21.95,22.37,21.4,23.18,1011,83,1.34,318,100,0.0,Clouds,overcast clouds,21
Biatorbágy,47.480278,18.834444,2026-07-17 21:45:24.668555,21.05,21.61,21.04,21.2,1011,92,4.2,338,100,0.0,Clouds,overcast clouds,21
Herceghalom,47.493611,18.746111,2026-07-17 21:45:25.933772,21.3,21.99,21.3,21.46,1011,96,4.16,340,100,0.0,Clouds,overcast clouds,21
Bicske,47.484167,18.6175,2026-07-17 21:45:27.205564,21.1,21.46,21.1,21.1,1011,84,2.92,334,100,0.0,Clouds,overcast clouds,21
Szár,47.485,18.5275,2026-07-17 21:45:28.479449,20.89,21.28,20.89,20.89,1011,86,2.0,318,100,0.0,Clouds,overcast clouds,21
Szárliget,47.518333,18.495833,2026-07-17 21:45:29.747350,21.1,21.54,21.1,21.1,1012,87,1.68,308,100,0.0,Clouds,overcast clouds,21
Alsógalla,47.563337,18.425102,2026-07-17 21:45:31.015066,21.25,21.78,21.25,21.25,1012,90,1.22,276,100,0.0,Clouds,overcast clouds,21
Tatabánya,47.585556,18.393056,2026-07-17 21:45:32.285000,21.24,21.77,21.24,21.24,1012,90,1.13,259,100,0.0,Clouds,overcast clouds,21
Vértesszőlős,47.619444,18.375278,2026-07-17 21:45:33.555698,21.26,21.79,21.26,21.26,1012,90,1.13,246,100,0.0,Clouds,overcast clouds,21
Tóvároskert,47.646111,18.348611,2026-07-17 21:45:34.820757,21.22,21.77,21.22,21.22,1012,91,1.18,232,100,0.0,Clouds,overcast clouds,21
Tata,47.665,18.3275,2026-07-17 21:45:36.087581,21.22,21.77,21.22,21.22,1012,91,1.25,223,100,0.0,Clouds,overcast clouds,21
Almásfüzitő,47.725278,18.262222,2026-07-17 21:45:37.349628,21.35,21.92,21.35,21.35,1012,91,1.33,216,100,0.0,Clouds,overcast clouds,21
Almásfüzitő felső,47.731389,18.216389,2026-07-17 21:45:38.617969,21.37,21.94,21.37,21.37,1012,91,1.32,217,100,0.0,Clouds,overcast clouds,21
Szőny,47.735556,18.1775,2026-07-17 21:45:39.888171,21.4,21.97,21.4,21.4,1012,91,1.33,217,100,0.0,Clouds,overcast clouds,21
Komárom,47.749444,18.113611,2026-07-17 21:45:41.148856,21.52,22.1,21.52,21.52,1012,91,1.24,223,100,0.0,Clouds,overcast clouds,21
Ács,47.717222,18.004444,2026-07-17 21:45:42.412280,21.55,22.14,21.55,21.55,1012,91,1.27,212,99,0.0,Clouds,overcast clouds,21
Nagyszentjános,47.705556,17.871389,2026-07-17 21:45:43.671708,21.64,22.24,21.64,21.64,1012,91,1.34,195,90,0.0,Clouds,overcast clouds,21
Győrszentiván,47.688611,17.745556,2026-07-17 21:45:44.935141,21.69,22.26,21.69,21.69,1012,90,1.43,182,87,0.0,Clouds,overcast clouds,21
Győr-Gyárváros,47.684444,17.663889,2026-07-17 21:45:46.205973,21.83,22.39,21.83,21.83,1012,89,1.29,176,84,0.0,Clouds,broken clouds,21
Győr,47.681944,17.634722,2026-07-17 21:45:47.467945,21.83,22.39,21.83,21.83,1012,89,1.23,174,83,0.0,Clouds,broken clouds,21
Öttevény,47.719722,17.489167,2026-07-17 21:45:48.742959,22.01,22.51,22.01,22.01,1012,86,0.34,203,89,0.0,Clouds,overcast clouds,21
Lébény-Mosonszentmiklós,47.755278,17.426389,2026-07-17 21:45:50.003683,22.05,22.53,22.05,22.05,1012,85,0.54,307,94,0.0,Clouds,overcast clouds,21
Kimle-Károlyháza,47.803889,17.342778,2026-07-17 21:45:51.271583,22.07,22.5,22.07,22.07,1012,83,1.21,320,91,0.0,Clouds,overcast clouds,21
Mosonmagyaróvár,47.849722,17.267222,2026-07-17 21:45:52.540652,21.71,22.1,21.71,21.71,1012,83,1.89,320,76,0.0,Clouds,broken clouds,21
Levél,47.889722,17.1925,2026-07-17 21:45:53.806991,21.68,22.04,21.68,22.19,1012,82,2.14,320,63,0.0,Clouds,broken clouds,21
Hegyeshalom,47.913889,17.145556,2026-07-17 21:45:55.069720,21.66,22.02,21.66,22.16,1012,82,2.25,320,55,0.0,Clouds,broken clouds,21
Óbuda,47.568611,19.033889,2026-07-17 21:45:56.341952,21.94,22.54,21.53,23.31,1011,90,2.73,328,99,0.0,Clouds,overcast clouds,21
Üröm,47.580556,19.002222,2026-07-17 21:45:57.608178,21.74,22.35,21.42,23.21,1011,91,2.8,329,100,0.0,Clouds,overcast clouds,21
Solymár,47.596111,18.95,2026-07-17 21:45:58.885511,21.29,21.93,21.24,21.4,1011,94,2.73,329,100,0.0,Clouds,overcast clouds,21
Pilisvörösvár,47.614444,18.902222,2026-07-17 21:46:00.146811,20.91,21.51,20.88,21.04,1011,94,2.6,329,100,0.0,Clouds,overcast clouds,21
Klotildliget,47.637778,18.846389,2026-07-17 21:46:01.416971,20.64,21.24,20.62,20.77,1011,95,2.44,333,100,0.0,Clouds,overcast clouds,21
Kútvölgy,46.459444,20.451944,2026-07-17 21:46:02.681029,27.79,27.55,27.79,27.79,1010,41,2.7,157,83,0.0,Clouds,broken clouds,21
Székkutas,46.503889,20.541111,2026-07-17 21:46:03.949502,27.77,27.6,27.77,27.77,1010,42,2.95,154,80,0.0,Clouds,broken clouds,21
Kaposszentjakab,46.358056,17.821944,2026-07-17 21:46:05.219940,20.72,21.22,20.72,20.72,1012,91,2.0,48,38,0.0,Clouds,scattered clouds,21
Kaposvár,46.352778,17.795,2026-07-17 21:46:06.481191,20.62,21.11,20.62,20.62,1012,91,2.04,47,38,0.0,Clouds,scattered clouds,21
Kaposújlak,46.366667,17.715,2026-07-17 21:46:07.745725,20.83,21.32,20.83,20.83,1012,90,2.14,40,40,0.0,Clouds,scattered clouds,21
Kaposmérő,46.365278,17.698889,2026-07-17 21:46:09.016820,20.79,21.27,20.79,20.79,1012,90,2.18,38,40,0.0,Clouds,scattered clouds,21
Kaposfő,46.364167,17.656667,2026-07-17 21:46:10.283893,20.78,21.26,20.78,20.78,1012,90,2.21,35,41,0.0,Clouds,scattered clouds,21
Kiskorpád,46.361389,17.606667,2026-07-17 21:46:11.553111,20.74,21.22,20.74,20.74,1012,90,2.25,32,41,0.0,Clouds,scattered clouds,21
Jákó-Nagybajom,46.344444,17.554444,2026-07-17 21:46:12.817365,20.76,21.24,20.76,20.76,1012,90,2.4,29,34,0.0,Clouds,scattered clouds,21
Kutas,46.326111,17.453889,2026-07-17 21:46:14.089901,20.97,21.47,20.97,20.97,1012,90,2.62,20,32,0.0,Clouds,scattered clouds,21
Beleg,46.316944,17.420556,2026-07-17 21:46:15.357635,20.99,21.52,20.99,20.99,1012,91,2.81,18,26,0.0,Clouds,scattered clouds,21
Ötvöskónyi,46.292778,17.358056,2026-07-17 21:46:16.621093,20.93,21.45,20.93,20.93,1012,91,2.88,17,21,0.0,Clouds,few clouds,21
Somogyszob,46.289167,17.305556,2026-07-17 21:46:17.890955,20.82,21.36,20.82,20.82,1012,92,3.02,12,19,0.0,Clouds,few clouds,21
Bolhás,46.282222,17.275278,2026-07-17 21:46:19.162115,20.74,21.27,20.74,20.74,1012,92,3.14,9,17,0.0,Clouds,few clouds,21
Szenta,46.274167,17.182222,2026-07-17 21:46:20.433721,20.76,21.29,20.76,20.76,1012,92,3.21,7,16,0.0,Clouds,few clouds,21
Zrínyitelep,46.275278,17.138056,2026-07-17 21:46:21.700866,20.76,21.29,20.76,20.76,1012,92,3.21,6,15,0.0,Clouds,few clouds,21
Csurgó,46.261111,17.091667,2026-07-17 21:46:22.968860,20.84,21.38,20.84,20.84,1012,92,3.12,5,12,0.0,Clouds,few clouds,21
Gyékényes,46.249167,16.956389,2026-07-17 21:46:24.232617,20.71,21.24,20.71,20.71,1012,92,2.73,356,9,0.0,Clear,clear sky,21
Adony,47.106111,18.847778,2026-07-17 21:46:25.506175,22.4,22.84,22.4,22.4,1011,82,3.75,338,96,0.0,Clouds,overcast clouds,21
Kulcs,47.051111,18.8975,2026-07-17 21:46:26.776565,22.03,22.43,22.03,22.03,1011,82,3.69,339,91,0.0,Clouds,overcast clouds,21
Rácalmás,47.023333,18.908889,2026-07-17 21:46:28.041796,21.93,22.32,21.93,21.93,1011,82,3.72,342,90,0.0,Clouds,overcast clouds,21
Dunaújváros,46.960556,18.913889,2026-07-17 21:46:29.312822,21.88,22.29,21.88,21.88,1011,83,3.82,346,89,0.0,Clouds,overcast clouds,21
Újvenyim,46.936944,18.868889,2026-07-17 21:46:30.580785,21.82,22.25,21.82,21.82,1011,84,3.84,352,88,0.0,Clouds,overcast clouds,21
Mezőfalva,46.905556,18.810278,2026-07-17 21:46:31.845798,21.64,22.11,21.64,21.64,1011,86,3.83,356,87,0.0,Clouds,overcast clouds,21
Nagykarácsony felső,46.866047,18.783064,2026-07-17 21:46:33.110665,21.67,22.16,21.67,21.67,1011,87,3.86,360,84,0.0,Clouds,broken clouds,21
Nagykarácsony,46.848729,18.765722,2026-07-17 21:46:34.379898,21.4,21.89,21.4,21.4,1011,88,3.81,2,81,0.0,Clouds,broken clouds,21
Alap,46.831944,18.657778,2026-07-17 21:46:35.647225,21.47,22.0,21.47,21.47,1011,89,3.65,0,79,0.0,Clouds,broken clouds,21
Cece,46.773333,18.623333,2026-07-17 21:46:36.914127,21.44,21.99,21.44,21.44,1011,90,3.55,0,77,0.0,Clouds,broken clouds,21
Vajta,46.713611,18.648056,2026-07-17 21:46:38.195958,21.46,21.99,21.46,21.46,1011,89,3.51,3,76,0.0,Clouds,broken clouds,21
Rétszilas alsó,46.829167,18.639444,2026-07-17 21:46:39.464909,21.47,22.0,21.47,21.47,1011,89,3.65,0,79,0.0,Clouds,broken clouds,21
Nagydorog,46.615485,18.65002,2026-07-17 21:46:40.736064,21.59,22.08,21.59,21.59,1011,87,3.55,3,78,0.0,Clouds,broken clouds,21
Tengelic,46.516111,18.695278,2026-07-17 21:46:41.998942,21.73,22.13,21.73,21.73,1011,83,3.92,1,78,0.0,Clouds,broken clouds,21
Fácánkert,46.449041,18.735661,2026-07-17 21:46:43.274404,21.96,22.35,21.96,21.96,1011,82,4.34,2,74,0.0,Clouds,broken clouds,21
Tolna-Mözs,46.416389,18.750556,2026-07-17 21:46:44.541966,22.12,22.5,22.12,22.12,1011,81,4.99,3,71,0.0,Clouds,broken clouds,21
Szekszárd-Palánk,46.38027777777778,18.72833333333333,2026-07-17 21:46:45.811324,22.13,22.51,22.13,22.13,1011,81,4.46,4,68,0.0,Clouds,broken clouds,21
Szekszárd,46.349444,18.7125,2026-07-17 21:46:47.074016,22.18,22.54,22.18,22.18,1011,80,4.53,5,64,0.0,Clouds,broken clouds,21
Őcsény,46.318889,18.7425,2026-07-17 21:46:48.342587,22.45,22.76,22.45,22.45,1011,77,5.3,6,55,0.0,Clouds,broken clouds,21
Decs,46.283889,18.756111,2026-07-17 21:46:49.607454,22.56,22.83,22.56,22.56,1011,75,5.39,6,51,0.0,Clouds,broken clouds,21
Csikóstőttős,46.337222,18.152778,2026-07-17 21:46:50.880790,20.63,21.12,20.63,20.63,1012,91,1.3,61,51,0.0,Clouds,broken clouds,21
Mágocs-Alsómocsolád,46.31027777777778,18.222222222222225,2026-07-17 21:46:52.151071,20.17,20.59,20.17,20.17,1012,90,1.22,59,53,0.0,Clouds,broken clouds,21
Szalatnak,46.284444444444446,18.288611111111113,2026-07-17 21:46:53.415101,20.69,21.09,20.69,20.69,1012,87,1.24,38,56,0.0,Clouds,broken clouds,21
Máza-Szászvár,46.279167,18.411389,2026-07-17 21:46:54.679760,21.05,21.4,21.05,21.05,1012,84,1.72,12,58,0.0,Clouds,broken clouds,21
Váralja,46.281667,18.436111,2026-07-17 21:46:55.950176,21.4,21.76,21.4,21.4,1012,83,2.32,4,57,0.0,Clouds,broken clouds,21
Nagymányok,46.280278,18.459167,2026-07-17 21:46:57.212474,21.4,21.76,21.4,21.4,1012,83,2.32,4,57,0.0,Clouds,broken clouds,21
Hidas-Bonyhád,46.269444,18.523333,2026-07-17 21:46:58.475835,21.54,21.89,21.54,21.54,1012,82,2.97,3,55,0.0,Clouds,broken clouds,21
Mőcsény,46.2575,18.591944,2026-07-17 21:46:59.735788,21.67,21.96,21.67,21.67,1012,79,4.14,5,49,0.0,Clouds,scattered clouds,21
Bátaszék,46.202222,18.715556,2026-07-17 21:47:01.006813,22.75,22.96,22.75,22.75,1011,72,5.33,3,39,0.0,Clouds,scattered clouds,21
Pörböly,46.199167,18.826389,2026-07-17 21:47:02.269172,23.0,23.11,23.0,23.0,1011,67,5.97,358,39,0.0,Clouds,scattered clouds,21
Orosháza,46.566111,20.664722,2026-07-17 21:47:03.535745,24.98,24.79,24.98,24.98,1010,48,3.23,155,71,0.0,Clouds,broken clouds,21
Orosházi tanyák,46.596944,20.760556,2026-07-17 21:47:04.807140,24.57,24.41,24.57,24.57,1010,51,3.3,155,72,0.0,Clouds,broken clouds,21
Csorvás,46.623611,20.840833,2026-07-17 21:47:06.071703,24.86,24.73,24.86,24.86,1010,51,3.2,155,78,0.0,Clouds,broken clouds,21
Csorvás alsó,46.634722,20.888333,2026-07-17 21:47:07.335992,25.03,24.89,25.03,25.03,1010,50,3.21,156,81,0.0,Clouds,broken clouds,21
Telekgerendás,46.656111,20.963889,2026-07-17 21:47:08.605615,25.74,25.54,25.74,25.74,1010,45,3.12,158,91,0.0,Clouds,overcast clouds,21
Fürjes,46.67214,21.02306,2026-07-17 21:47:09.867216,26.1,26.1,26.1,26.1,1010,42,3.03,159,96,0.0,Clouds,overcast clouds,21
Fényes,46.659876,21.16618,2026-07-17 21:47:11.139976,26.06,26.06,26.06,26.06,1011,40,3.25,159,95,0.0,Clouds,overcast clouds,21
Bicere,46.66,21.179444,2026-07-17 21:47:12.408952,25.97,25.97,25.97,25.97,1011,40,3.27,160,95,0.0,Clouds,overcast clouds,21
Gyula,46.656389,21.273333,2026-07-17 21:47:13.669853,25.62,25.31,25.62,25.62,1011,41,3.24,161,94,0.0,Clouds,overcast clouds,21
József Szanatórium,46.704722,21.3325,2026-07-17 21:47:14.932210,25.16,24.83,25.16,25.16,1011,42,3.19,162,95,0.0,Clouds,overcast clouds,21
Sarkadi Cukorgyár,46.73,21.383611,2026-07-17 21:47:16.201766,24.88,24.57,24.88,24.88,1011,44,3.23,166,97,0.0,Clouds,overcast clouds,21
Sarkad,46.736944,21.402222,2026-07-17 21:47:17.470471,24.81,24.5,24.81,24.81,1011,44,3.26,167,98,0.0,Clouds,overcast clouds,21
Kötegyán,46.758333,21.479722,2026-07-17 21:47:18.738519,24.76,24.49,24.76,24.76,1011,46,3.4,171,100,0.0,Clouds,overcast clouds,21
Méhkerék,46.774444,21.455556,2026-07-17 21:47:20.007917,24.79,24.5,24.79,24.79,1011,45,3.41,172,99,0.0,Clouds,overcast clouds,21
Sarkadkeresztúr,46.823611,21.4175,2026-07-17 21:47:21.277681,24.81,24.5,24.81,24.81,1011,44,3.34,172,98,0.0,Clouds,overcast clouds,21
Okány,46.8925,21.339167,2026-07-17 21:47:22.544084,24.89,24.53,24.89,24.89,1011,42,2.57,176,97,0.0,Clouds,overcast clouds,21
Újszeged,46.242222,20.16,2026-07-17 21:47:23.818859,26.19,26.19,26.19,26.19,1010,42,2.8,193,80,0.0,Clouds,broken clouds,21
Szőreg,46.211389,20.183056,2026-07-17 21:47:25.083035,26.18,26.18,26.18,26.18,1010,41,2.94,187,79,0.0,Clouds,broken clouds,21
Deszk,46.210278,20.246389,2026-07-17 21:47:26.354871,26.19,26.19,26.19,26.19,1010,40,3.03,175,86,0.0,Clouds,overcast clouds,21
Kiszombor,46.191944,20.413056,2026-07-17 21:47:27.619646,26.12,26.12,26.12,26.12,1010,40,3.0,158,89,0.0,Clouds,overcast clouds,21
Kiszombor megálló,46.191111,20.430833,2026-07-17 21:47:28.889049,26.12,26.12,26.12,26.12,1010,40,3.0,158,89,0.0,Clouds,overcast clouds,21
Makó,46.204722,20.474722,2026-07-17 21:47:30.159438,26.02,26.02,26.02,26.02,1010,40,2.97,155,89,0.0,Clouds,overcast clouds,21
Apátfalva,46.175193,20.580611,2026-07-17 21:47:31.425063,25.67,25.39,25.67,25.67,1010,42,2.75,141,85,0.0,Clouds,overcast clouds,21
Magyarcsanád,46.174444,20.610278,2026-07-17 21:47:32.694615,25.6,25.31,25.6,25.6,1010,42,2.71,138,86,0.0,Clouds,overcast clouds,21
Nagylak,46.17,20.708333,2026-07-17 21:47:33.963680,25.39,25.11,25.39,25.39,1010,43,2.65,130,83,0.0,Clouds,broken clouds,21
Nagylaki Kendergyár,46.189167,20.717222,2026-07-17 21:47:35.230550,25.39,25.11,25.39,25.39,1010,43,2.72,133,84,0.0,Clouds,broken clouds,21
Csanádpalota,46.236111,20.7325,2026-07-17 21:47:36.498866,25.38,25.1,25.38,25.38,1010,43,2.81,135,83,0.0,Clouds,broken clouds,21
Mezőhegyes,46.310833,20.815556,2026-07-17 21:47:37.765252,25.02,24.75,25.02,25.02,1010,45,3.08,143,75,0.0,Clouds,broken clouds,21
Végegyháza,46.384444,20.878611,2026-07-17 21:47:39.039213,24.65,24.4,24.65,24.65,1010,47,3.32,150,71,0.0,Clouds,broken clouds,21
Mezőkovácsháza,46.408333,20.9,2026-07-17 21:47:40.311589,24.53,24.29,24.53,24.53,1010,48,3.38,152,72,0.0,Clouds,broken clouds,21
Mezőkovácsháza felső,46.415556,20.918056,2026-07-17 21:47:41.578247,24.8,24.56,24.8,24.8,1010,47,3.29,154,73,0.0,Clouds,broken clouds,21
Magyarbánhegyes,46.451389,20.97,2026-07-17 21:47:42.841088,24.94,24.72,24.94,24.94,1010,47,3.27,156,76,0.0,Clouds,broken clouds,21
Medgyesegyháza,46.495278,21.029167,2026-07-17 21:47:44.123633,25.36,25.13,25.36,25.36,1010,45,3.24,161,84,0.0,Clouds,broken clouds,21
Bánkút,46.505278,21.091944,2026-07-17 21:47:45.397663,25.7,25.47,25.7,25.7,1010,44,3.24,163,85,0.0,Clouds,overcast clouds,21
Belsőperegpuszta,46.321111,20.916667,2026-07-17 21:47:46.661226,25.17,24.89,25.17,25.17,1010,44,3.03,147,66,0.0,Clouds,broken clouds,21
Battonya,46.282222,21.003889,2026-07-17 21:47:47.924751,26.15,26.15,26.15,26.15,1010,43,3.02,148,61,0.0,Clouds,broken clouds,21
Baja-Dunafürdő,46.193333,18.919167,2026-07-17 21:47:49.195054,23.22,23.19,23.22,23.22,1011,61,5.96,350,43,0.0,Clouds,scattered clouds,21
Kaposszekcső,46.330556,18.143056,2026-07-17 21:47:50.462974,20.63,21.12,20.63,20.63,1012,91,1.3,61,51,0.0,Clouds,broken clouds,21
Vásárosdombó,46.310556,18.138889,2026-07-17 21:47:51.729835,20.54,21.03,20.54,20.54,1012,91,1.32,62,46,0.0,Clouds,scattered clouds,21
Sásd,46.257222,18.104722,2026-07-17 21:47:52.991858,20.49,20.94,20.49,20.49,1012,90,1.54,57,31,0.0,Clouds,scattered clouds,21
Godisa,46.223333,18.104722,2026-07-17 21:47:54.257713,20.32,20.73,20.32,20.32,1012,89,1.69,53,27,0.0,Clouds,scattered clouds,21
Abaliget,46.152778,18.073611,2026-07-17 21:47:55.525884,20.5,20.82,20.5,20.5,1012,85,2.62,38,9,0.0,Clear,clear sky,21
Hetvehely,46.128333,18.045,2026-07-17 21:47:56.791872,20.87,21.18,20.87,20.87,1011,83,3.03,34,5,0.0,Clear,clear sky,21
Bükkösd,46.113056,17.999444,2026-07-17 21:47:58.056063,20.75,21.07,20.75,20.75,1011,84,3.16,34,3,0.0,Clear,clear sky,21
Cserdi-Helesfa,46.086667,17.987778,2026-07-17 21:47:59.320047,20.96,21.25,20.96,20.96,1011,82,3.41,30,3,0.0,Clear,clear sky,21
Szentlőrinc,46.033333,17.990833,2026-07-17 21:48:00.587617,21.74,22.01,21.74,21.74,1011,78,3.76,22,3,0.0,Clear,clear sky,21
Bicsérd,46.041389,18.057778,2026-07-17 21:48:01.861344,21.64,21.84,21.64,21.64,1011,76,3.53,23,5,0.0,Clear,clear sky,21
Mecsekalja-Cserkút,46.059722,18.150278,2026-07-17 21:48:03.129868,20.86,21.01,20.86,20.86,1011,77,3.09,26,12,0.0,Clouds,few clouds,21
Pécs,46.065833,18.223611,2026-07-17 21:48:04.395967,22.04,22.28,22.04,22.04,1011,76,3.02,25,16,0.0,Clouds,few clouds,21
Pécs-Külváros,46.071667,18.24,2026-07-17 21:48:05.670503,22.02,22.26,22.02,22.02,1011,76,3.02,25,16,0.0,Clouds,few clouds,21
Pécsbánya-Rendező,46.063333,18.270278,2026-07-17 21:48:06.940736,21.86,22.06,21.86,21.86,1011,75,3.1,22,21,0.0,Clouds,few clouds,21
Pécsudvard,46.01,18.275556,2026-07-17 21:48:08.207494,21.79,21.83,21.79,21.79,1011,69,3.42,19,17,0.0,Clouds,few clouds,21
Szőkéd,45.9675,18.29,2026-07-17 21:48:09.479598,21.97,22.42,21.97,21.97,1011,84,3.5,17,17,0.0,Clouds,few clouds,21
Áta,45.936389,18.306944,2026-07-17 21:48:10.748549,22.08,22.54,22.08,22.08,1011,84,3.37,17,17,0.0,Clouds,few clouds,21
Kistótfalu,45.909722,18.315278,2026-07-17 21:48:12.022618,22.12,22.58,22.12,22.12,1011,84,3.17,16,17,0.0,Clouds,few clouds,21
Vokány,45.899722,18.334722,2026-07-17 21:48:13.288342,22.08,22.54,22.08,22.08,1011,84,3.24,18,18,0.0,Clouds,few clouds,21
Palkonya,45.891667,18.393889,2026-07-17 21:48:14.558653,22.1,22.56,22.1,22.1,1011,84,0.89,354,17,0.0,Clouds,few clouds,21
Villánykövesd,45.879722,18.425833,2026-07-17 21:48:15.823357,22.06,22.51,22.06,22.06,1011,84,0.89,354,16,0.0,Clouds,few clouds,21
Villány,45.8775,18.451389,2026-07-17 21:48:17.093052,22.19,22.66,22.19,22.19,1011,84,0.89,354,14,0.0,Clouds,few clouds,21
Magyarbóly,45.834167,18.491944,2026-07-17 21:48:18.364198,22.24,22.71,22.24,22.24,1011,84,0.89,354,9,0.0,Clear,clear sky,21
Magyarszék,46.210278,18.188056,2026-07-17 21:48:19.630524,20.45,20.8,20.45,20.45,1012,86,1.75,47,31,0.0,Clouds,scattered clouds,21
Mecsekpölöske,46.224167,18.213056,2026-07-17 21:48:20.892353,20.14,20.48,20.14,20.14,1012,87,1.52,50,40,0.0,Clouds,scattered clouds,21
Mecsekjánosi,46.215278,18.241944,2026-07-17 21:48:22.150611,20.23,20.55,20.23,20.23,1012,86,1.49,40,46,0.0,Clouds,scattered clouds,21
Komló,46.189167,18.265278,2026-07-17 21:48:23.417939,20.52,20.82,20.52,20.52,1012,84,1.7,36,41,0.0,Clouds,scattered clouds,21
Királyegyháza-Rigópuszta,45.989167,17.971667,2026-07-17 21:48:24.685485,21.96,22.17,21.96,21.96,1011,75,3.85,13,5,0.0,Clear,clear sky,21
Sumony,45.960833,17.913333,2026-07-17 21:48:25.955258,21.69,21.98,21.69,21.69,1011,79,3.88,6,4,0.0,Clear,clear sky,21
Okorág-Kárászpuszta,45.933611,17.864444,2026-07-17 21:48:27.224996,21.52,21.82,21.52,21.52,1011,80,3.73,358,4,0.0,Clear,clear sky,21
Kákics,45.904167,17.8525,2026-07-17 21:48:28.495688,21.24,21.56,21.24,21.24,1011,82,3.55,350,3,0.0,Clear,clear sky,21
Bóly,45.9375,18.538333,2026-07-17 21:48:29.763805,22.01,22.46,22.01,22.01,1011,84,0.89,354,15,0.0,Clouds,few clouds,21
Mohács,46.0025,18.683333,2026-07-17 21:48:31.032911,22.28,22.0,22.28,22.28,1011,55,5.71,354,15,0.0,Clouds,few clouds,21
Sellye,45.873333,17.858889,2026-07-17 21:48:32.303027,21.31,21.59,21.31,21.31,1011,80,3.56,341,3,0.0,Clear,clear sky,21
Toponár,46.398333,17.840833,2026-07-17 21:48:33.566168,20.7,21.2,20.7,20.7,1012,91,2.0,44,47,0.0,Clouds,scattered clouds,21
Somogyaszaló,46.453611,17.840278,2026-07-17 21:48:34.833765,20.82,21.28,20.82,20.82,1012,89,2.08,36,63,0.0,Clouds,broken clouds,21
Mernye,46.509444,17.832222,2026-07-17 21:48:36.104544,21.23,21.68,21.23,21.23,1012,87,2.29,27,82,0.0,Clouds,broken clouds,21
Felsőmocsolád,46.556389,17.8225,2026-07-17 21:48:37.377724,21.18,21.63,21.18,21.18,1012,87,2.34,26,86,0.0,Clouds,overcast clouds,21
Kisbárapáti,46.615,17.866667,2026-07-17 21:48:38.647539,21.11,21.57,21.11,21.11,1012,88,2.46,27,93,0.0,Clouds,overcast clouds,21
Bonnya,46.611389,17.909167,2026-07-17 21:48:39.914807,21.3,21.78,21.3,21.3,1012,88,2.48,27,93,0.0,Clouds,overcast clouds,21
Andocs,46.646944,17.8925,2026-07-17 21:48:41.178578,20.91,21.35,20.91,20.91,1012,88,2.46,28,93,0.0,Clouds,overcast clouds,21
Karád,46.681111,17.874722,2026-07-17 21:48:42.453661,21.33,21.82,21.33,21.33,1012,88,2.46,28,93,0.0,Clouds,overcast clouds,21
Somogymeggyes,46.720556,17.920556,2026-07-17 21:48:43.723952,20.87,21.34,20.87,20.87,1012,89,2.51,25,94,0.0,Clouds,overcast clouds,21
Kapoly,46.713611,17.977778,2026-07-17 21:48:44.989848,21.06,21.6,21.06,21.06,1012,91,2.73,20,99,0.0,Clouds,overcast clouds,21
Tab,46.734167,18.041111,2026-07-17 21:48:46.250766,20.84,21.36,20.84,20.84,1012,91,2.84,16,99,0.0,Clouds,overcast clouds,21
Bábonymegyer,46.746095,18.109921,2026-07-17 21:48:47.517279,20.86,21.4,20.86,20.86,1012,92,3.14,10,100,0.0,Clouds,overcast clouds,21
Daránypuszta,46.764722,18.143889,2026-07-17 21:48:48.788346,21.05,21.61,21.05,21.05,1012,92,3.28,7,100,0.0,Clouds,overcast clouds,21
Som-Nagyberény,46.803056,18.149444,2026-07-17 21:48:50.060586,21.37,21.94,21.37,21.37,1012,91,3.26,5,100,0.0,Clouds,overcast clouds,21
Ádánd,46.854444,18.141667,2026-07-17 21:48:51.324807,21.57,22.16,21.57,21.57,1012,91,3.11,4,100,0.0,Clouds,overcast clouds,21
Siójut,46.879444,18.126667,2026-07-17 21:48:52.589874,21.61,22.2,21.61,21.61,1012,91,3.0,3,100,0.0,Clouds,overcast clouds,21
Kapostüskevár,46.367778,17.774167,2026-07-17 21:48:53.852902,20.8,21.31,20.8,20.8,1012,91,2.07,45,39,0.0,Clouds,scattered clouds,21
Kaposfüred,46.415,17.759444,2026-07-17 21:48:55.117975,20.86,21.33,20.86,20.86,1012,89,2.08,36,55,0.0,Clouds,broken clouds,21
Várda,46.4625,17.721667,2026-07-17 21:48:56.389168,20.99,21.44,20.99,20.99,1012,88,2.19,23,68,0.0,Clouds,broken clouds,21
Somogyjád,46.490833,17.694444,2026-07-17 21:48:57.653145,21.2,21.67,21.2,21.2,1012,88,2.25,16,72,0.0,Clouds,broken clouds,21
Osztopán,46.515556,17.656944,2026-07-17 21:48:58.916678,21.26,21.74,21.26,21.26,1012,88,2.3,10,74,0.0,Clouds,broken clouds,21
Pamuk,46.553127,17.636412,2026-07-17 21:49:00.185120,21.49,21.99,21.49,21.49,1012,88,2.31,8,77,0.0,Clouds,broken clouds,21
Somogyvár,46.580556,17.634722,2026-07-17 21:49:01.451961,21.58,22.09,21.58,21.58,1012,88,2.31,7,78,0.0,Clouds,broken clouds,21
Öreglak,46.608607,17.632733,2026-07-17 21:49:02.732255,21.66,22.15,21.66,21.66,1012,87,2.3,8,78,0.0,Clouds,broken clouds,21
Tatárvár,46.636667,17.621111,2026-07-17 21:49:03.998184,21.61,22.12,21.61,21.61,1012,88,2.3,3,75,0.0,Clouds,broken clouds,21
Lengyeltóti,46.660556,17.613611,2026-07-17 21:49:05.261655,21.78,22.31,21.78,21.78,1012,88,2.29,4,75,0.0,Clouds,broken clouds,21
Pusztaberény,46.686111,17.594722,2026-07-17 21:49:06.527889,21.97,22.52,21.97,21.97,1012,88,2.27,5,74,0.0,Clouds,broken clouds,21
Örkény,47.132778,19.447222,2026-07-17 21:49:07.795877,23.01,23.3,23.01,23.01,1011,74,4.25,268,98,0.0,Clouds,overcast clouds,21
Táborfalva,47.098545,19.479318,2026-07-17 21:49:09.063422,25.49,26.0,25.49,25.49,1011,73,4.35,267,96,0.0,Clouds,overcast clouds,21
Felsőlajos,47.068834,19.498415,2026-07-17 21:49:10.333450,25.48,25.99,25.48,25.48,1011,73,4.56,270,96,0.0,Clouds,overcast clouds,21
Lajosmizse,47.028333,19.542778,2026-07-17 21:49:11.602540,25.45,25.62,25.45,25.45,1011,60,4.77,274,95,0.0,Clouds,overcast clouds,21
Lajosmizse alsó,47.0225,19.550278,2026-07-17 21:49:12.856962,23.15,23.37,23.15,23.15,1011,71,4.46,269,93,0.0,Clouds,overcast clouds,21
Klábertelep,47.005556,19.551667,2026-07-17 21:49:14.120550,25.46,25.63,25.46,25.46,1011,60,4.63,273,94,0.0,Clouds,overcast clouds,21
Méntelek,46.978611,19.570833,2026-07-17 21:49:15.385728,25.5,25.67,25.5,25.5,1011,60,4.77,278,95,0.0,Clouds,overcast clouds,21
Hetényegyháza,46.930833,19.595,2026-07-17 21:49:16.652617,25.53,25.71,25.53,25.53,1011,60,4.84,283,96,0.0,Clouds,overcast clouds,21
Kecskemét-Máriaváros,46.901192,19.675913,2026-07-17 21:49:17.918020,25.57,25.75,25.57,25.97,1011,60,4.56,284,97,0.0,Clouds,overcast clouds,21
Nyársapát,47.100278,19.7925,2026-07-17 21:49:19.179845,25.15,25.5,23.27,27.04,1010,68,2.62,237,88,0.0,Clouds,overcast clouds,21
Nagykőrös,47.038333,19.76,2026-07-17 21:49:20.454757,25.58,25.76,25.58,27.02,1011,60,2.97,252,88,0.0,Clouds,overcast clouds,21
Katonatelep,46.963056,19.718889,2026-07-17 21:49:21.733527,25.54,25.72,25.54,25.54,1011,60,3.93,272,92,0.0,Clouds,overcast clouds,21
Kecskemét,46.913889,19.700833,2026-07-17 21:49:22.995592,25.57,25.75,25.57,25.97,1011,60,4.45,281,95,0.0,Clouds,overcast clouds,21
Városföld,46.816667,19.753333,2026-07-17 21:49:24.277975,25.63,25.82,25.63,26.03,1011,60,3.88,290,97,0.0,Clouds,overcast clouds,21
Kiskunfélegyháza,46.7067,19.83474,2026-07-17 21:49:25.540822,26.08,26.08,25.68,26.08,1011,46,2.78,285,99,0.0,Clouds,overcast clouds,21
Petőfiszállás,46.617374,19.865229,2026-07-17 21:49:26.808576,26.12,26.12,26.12,26.12,1010,46,1.96,264,100,0.0,Clouds,overcast clouds,21
Csengele,46.538321,19.909008,2026-07-17 21:49:28.077341,26.11,26.11,26.08,26.11,1010,46,1.72,227,97,0.0,Clouds,overcast clouds,21
Kistelek,46.466944,19.966944,2026-07-17 21:49:29.347147,26.14,26.14,26.14,26.16,1010,39,2.02,214,93,0.0,Clouds,overcast clouds,21
Balástya,46.413333,20.001389,2026-07-17 21:49:30.611899,26.14,26.14,26.14,26.14,1010,39,2.21,212,88,0.0,Clouds,overcast clouds,21
Szatymaz,46.345621,20.04374,2026-07-17 21:49:31.881988,26.16,26.16,26.16,26.16,1010,39,2.24,163,79,0.0,Clouds,broken clouds,21
Kiskundorozsma,46.271667,20.090556,2026-07-17 21:49:33.168107,26.19,26.19,26.19,26.19,1010,39,2.66,203,77,0.0,Clouds,broken clouds,21
Szeged,46.239722,20.143056,2026-07-17 21:49:34.436688,26.17,26.17,26.17,26.17,1010,39,2.86,192,78,0.0,Clouds,broken clouds,21
Alsóúrrét,46.898392,19.779891,2026-07-17 21:49:35.711544,25.62,25.8,25.62,26.02,1011,60,3.74,284,94,0.0,Clouds,overcast clouds,21
Nyárlőrinc,46.87,19.851389,2026-07-17 21:49:36.988559,25.65,25.84,25.65,26.05,1011,60,3.12,288,92,0.0,Clouds,overcast clouds,21
Világoshegy,46.855278,19.940278,2026-07-17 21:49:38.253456,26.08,26.08,25.68,26.08,1010,46,1.64,288,83,0.0,Clouds,broken clouds,21
Szikra,46.858333,19.975,2026-07-17 21:49:39.520264,25.96,25.96,25.69,27.13,1010,46,1.64,288,83,0.0,Clouds,broken clouds,21
Lakitelek,46.873056,20.003611,2026-07-17 21:49:40.792407,26.04,26.04,25.74,27.17,1010,57,1.38,286,80,0.0,Clouds,broken clouds,21
Tiszaug,46.850556,20.074167,2026-07-17 21:49:42.052327,26.56,26.56,25.81,27.79,1010,56,1.02,254,73,0.0,Clouds,broken clouds,21
Tiszasas,46.826389,20.089167,2026-07-17 21:49:43.316372,26.19,26.19,26.19,27.77,1010,56,1.02,254,73,0.0,Clouds,broken clouds,21
Csépa,46.8125,20.134722,2026-07-17 21:49:44.587553,27.77,27.41,26.19,27.77,1010,39,1.35,229,69,0.0,Clouds,broken clouds,21
Szelevény,46.811944,20.196389,2026-07-17 21:49:45.858078,27.78,27.41,26.19,27.78,1010,39,1.51,222,68,0.0,Clouds,broken clouds,21
Gátér,46.685,19.9625,2026-07-17 21:49:47.134915,26.19,26.19,26.19,27.77,1010,46,1.51,258,89,0.0,Clouds,overcast clouds,21
Kónyaszék,46.699931,20.074299,2026-07-17 21:49:48.404721,27.79,27.42,26.2,27.79,1010,39,1.39,233,73,0.0,Clouds,broken clouds,21
Csongrád,46.704444,20.140556,2026-07-17 21:49:49.670204,27.79,27.42,26.21,27.79,1010,39,1.65,222,68,0.0,Clouds,broken clouds,21
Hékéd,46.675,20.266667,2026-07-17 21:49:50.942118,27.79,27.42,27.79,27.79,1010,39,1.34,165,63,0.0,Clouds,broken clouds,21
Fábiánsebestyén,46.670278,20.456667,2026-07-17 21:49:52.209861,27.78,27.41,27.78,27.78,1010,39,2.26,182,69,0.0,Clouds,broken clouds,21
Gádoros,46.656711,20.588157,2026-07-17 21:49:53.480356,27.77,27.88,27.77,27.77,1010,46,2.58,164,71,0.0,Clouds,broken clouds,21
Justhmajor,46.62,20.615833,2026-07-17 21:49:54.744518,27.77,27.96,27.77,27.77,1010,47,2.84,160,71,0.0,Clouds,broken clouds,21
Szentetornya,46.590964,20.628334,2026-07-17 21:49:56.016532,27.76,27.95,27.76,27.76,1010,47,2.99,158,71,0.0,Clouds,broken clouds,21
Gyopárosfürdő,46.567784,20.630662,2026-07-17 21:49:57.275171,27.75,28.01,27.75,27.75,1010,48,3.23,155,71,0.0,Clouds,broken clouds,21
Szabadságliget,47.626123,18.893481,2026-07-17 21:49:58.537413,20.8,21.39,20.77,20.93,1011,94,2.75,333,100,0.0,Clouds,overcast clouds,21
Röszke,46.19261,20.03055,2026-07-17 21:49:59.801243,26.19,26.19,24.65,26.19,1010,39,2.7,204,64,0.0,Clouds,broken clouds,21
Tószeg,47.098056,20.138333,2026-07-17 21:50:01.070103,27.23,27.92,27.23,27.23,1010,54,0.26,140,91,0.0,Clouds,overcast clouds,21
Tiszavárkony,47.059444,20.143056,2026-07-17 21:50:02.341935,27.23,27.92,27.23,27.23,1010,54,0.18,193,89,0.0,Clouds,overcast clouds,21
Tiszajenő-Vezseny,47.036319,20.142415,2026-07-17 21:50:03.607238,27.23,27.92,27.23,27.23,1010,54,0.18,193,89,0.0,Clouds,overcast clouds,21
Újbög,46.962222,20.093889,2026-07-17 21:50:04.869726,27.19,27.87,27.19,27.19,1010,54,0.48,259,84,0.0,Clouds,broken clouds,21
Tiszakécske,46.937512,20.082016,2026-07-17 21:50:06.139570,27.21,27.9,25.77,27.21,1010,54,0.66,274,82,0.0,Clouds,broken clouds,21
Kerekdomb,46.906944,20.052778,2026-07-17 21:50:07.407127,27.18,28.16,25.76,27.2,1010,58,0.75,271,80,0.0,Clouds,broken clouds,21
Tiszaalpár,46.818611,19.982778,2026-07-17 21:50:08.676559,26.09,26.09,25.73,27.72,1010,46,1.41,279,79,0.0,Clouds,broken clouds,21
Tiszaalpár alsó,46.790897,19.951409,2026-07-17 21:50:09.948708,26.1,26.1,25.73,27.72,1010,46,1.65,280,83,0.0,Clouds,broken clouds,21
Tiszatenyő,47.134167,20.3725,2026-07-17 21:50:11.216172,27.23,27.92,27.23,27.23,1010,54,0.62,124,91,0.0,Clouds,overcast clouds,21
Pusztapó,47.091667,20.458333,2026-07-17 21:50:12.483820,27.23,28.07,27.23,27.23,1010,56,0.58,150,94,0.0,Clouds,overcast clouds,21
Kétpó,47.076944,20.487778,2026-07-17 21:50:13.755227,27.23,28.07,27.23,27.23,1010,56,0.7,160,94,0.0,Clouds,overcast clouds,21
Mezőtúr,47.0125,20.622778,2026-07-17 21:50:15.023959,25.19,25.15,25.19,25.19,1010,53,0.88,167,96,0.0,Clouds,overcast clouds,21
Nagylapos,46.974167,20.750556,2026-07-17 21:50:16.287502,25.89,25.81,25.89,25.89,1010,49,0.63,189,97,0.0,Clouds,overcast clouds,21
Gyoma,46.925833,20.821667,2026-07-17 21:50:17.552060,26.03,26.03,26.03,26.03,1010,48,0.8,179,95,0.0,Clouds,overcast clouds,21
Csárdaszállás,46.861111,20.932778,2026-07-17 21:50:18.819545,26.13,26.13,26.13,26.13,1010,45,1.09,185,97,0.0,Clouds,overcast clouds,21
Mezőberény,46.814722,21.013056,2026-07-17 21:50:20.090340,26.18,26.18,26.18,26.18,1010,43,1.77,169,98,0.0,Clouds,overcast clouds,21
Murony,46.756944,21.038056,2026-07-17 21:50:21.360588,26.23,26.23,26.23,26.23,1010,42,2.42,162,97,0.0,Clouds,overcast clouds,21
Békéscsaba,46.669722,21.081667,2026-07-17 21:50:22.624723,26.13,26.13,26.13,26.13,1010,41,3.1,159,96,0.0,Clouds,overcast clouds,21
Kétegyháza,46.5325,21.171944,2026-07-17 21:50:23.889025,26.02,26.02,26.02,26.02,1011,42,3.28,165,89,0.0,Clouds,overcast clouds,21
Lőkösháza,46.432222,21.2375,2026-07-17 21:50:25.155325,26.16,26.16,26.16,26.16,1011,42,3.33,166,82,0.0,Clouds,broken clouds,21
Kengyel,47.089722,20.339722,2026-07-17 21:50:26.424913,27.21,27.9,27.21,27.21,1010,54,0.65,134,91,0.0,Clouds,overcast clouds,21
Bagimajor,47.061111,20.316667,2026-07-17 21:50:27.693472,27.23,27.92,27.23,27.23,1010,54,0.7,161,90,0.0,Clouds,overcast clouds,21
Martfű,47.019444,20.291667,2026-07-17 21:50:28.954784,27.21,27.9,27.21,27.21,1010,54,0.8,174,88,0.0,Clouds,overcast clouds,21
Tiszaföldvár,46.975556,20.276389,2026-07-17 21:50:30.220739,27.21,27.9,27.21,27.21,1010,54,0.98,196,84,0.0,Clouds,broken clouds,21
Homok,46.9475,20.270278,2026-07-17 21:50:31.487776,27.22,27.91,27.22,27.22,1010,54,1.14,202,82,0.0,Clouds,broken clouds,21
Kungyalu,46.910833,20.2675,2026-07-17 21:50:32.757715,27.24,28.15,27.24,27.79,1010,57,1.31,206,79,0.0,Clouds,broken clouds,21
Kunszentmárton,46.848333,20.293333,2026-07-17 21:50:34.022125,27.77,28.63,27.77,27.77,1011,55,1.89,209,71,0.0,Clouds,broken clouds,21
Nagytőke,46.763333,20.291667,2026-07-17 21:50:35.289373,27.79,27.42,27.79,27.79,1011,39,2.14,210,65,0.0,Clouds,broken clouds,21
Szentes,46.657778,20.2725,2026-07-17 21:50:36.558364,27.79,27.42,27.79,27.79,1010,39,1.34,165,64,0.0,Clouds,broken clouds,21
Szegvár,46.588611,20.249444,2026-07-17 21:50:37.824120,27.79,27.42,27.79,27.79,1010,39,1.34,165,66,0.0,Clouds,broken clouds,21
Mindszent,46.524167,20.194167,2026-07-17 21:50:39.087497,27.8,27.43,27.8,27.8,1010,39,1.78,204,77,0.0,Clouds,broken clouds,21
Mártély,46.473333,20.236111,2026-07-17 21:50:40.357520,27.81,28.0,26.2,27.81,1010,47,1.9,196,80,0.0,Clouds,broken clouds,21
Pusztabánréve,46.939898,20.556809,2026-07-17 21:50:41.624340,25.24,25.2,25.24,25.24,1010,53,1.28,169,90,0.0,Clouds,overcast clouds,21
Szarvas,46.860833,20.566667,2026-07-17 21:50:42.891353,25.31,25.23,25.31,25.31,1010,51,1.57,173,83,0.0,Clouds,broken clouds,21
Csabacsűd,46.823056,20.663333,2026-07-17 21:50:44.152517,25.48,25.39,25.48,25.48,1010,50,1.75,166,80,0.0,Clouds,broken clouds,21
Kisszénás,46.751389,20.721389,2026-07-17 21:50:45.422887,25.45,25.38,25.45,25.45,1010,51,2.09,158,80,0.0,Clouds,broken clouds,21
Kiscsákó,46.719167,20.717778,2026-07-17 21:50:46.695716,25.15,25.08,25.15,25.15,1010,52,2.5,157,76,0.0,Clouds,broken clouds,21
Nagyszénás,46.672778,20.674167,2026-07-17 21:50:47.962983,25.07,24.94,25.07,25.07,1010,50,2.62,159,72,0.0,Clouds,broken clouds,21
Kardoskút,46.498056,20.6975,2026-07-17 21:50:49.228975,24.75,24.51,24.75,24.75,1010,47,3.55,151,73,0.0,Clouds,broken clouds,21
Tótkomlós,46.409167,20.726944,2026-07-17 21:50:50.491132,24.57,24.34,24.57,24.57,1010,48,3.54,149,75,0.0,Clouds,broken clouds,21
Nagyér,46.365278,20.738333,2026-07-17 21:50:51.761127,24.84,24.58,24.84,24.84,1010,46,3.37,146,78,0.0,Clouds,broken clouds,21
Pitvaros,46.326175,20.746446,2026-07-17 21:50:53.024410,24.91,24.66,24.91,24.91,1010,46,3.24,145,77,0.0,Clouds,broken clouds,21
Dévaványa,47.033889,20.943333,2026-07-17 21:50:54.310606,25.41,25.23,25.41,25.41,1010,47,1.72,281,100,0.0,Clouds,overcast clouds,21
Körösladány,46.97,21.085833,2026-07-17 21:50:55.584335,25.28,25.01,25.28,25.28,1010,44,1.36,260,99,0.0,Clouds,overcast clouds,21
Szeghalom,47.015278,21.148333,2026-07-17 21:50:56.852060,25.05,24.76,25.05,25.05,1010,44,1.51,258,99,0.0,Clouds,overcast clouds,21
Vésztő,46.938889,21.263611,2026-07-17 21:50:58.120557,24.96,24.61,24.96,24.96,1010,42,1.81,190,98,0.0,Clouds,overcast clouds,21
Szeged-Rókus,46.266111,20.125278,2026-07-17 21:50:59.387054,26.19,26.19,26.19,26.19,1010,39,2.76,198,78,0.0,Clouds,broken clouds,21
Algyő,46.335556,20.196111,2026-07-17 21:51:00.647671,26.21,26.21,26.21,26.21,1010,44,2.54,192,86,0.0,Clouds,overcast clouds,21
Hódmezővásárhelyi Népkert,46.403333,20.312778,2026-07-17 21:51:01.914942,27.8,27.69,27.8,27.8,1010,43,2.23,177,85,0.0,Clouds,overcast clouds,21
Hódmezővásárhely,46.413333,20.34,2026-07-17 21:51:03.180172,27.79,27.62,27.79,27.79,1010,42,2.32,171,86,0.0,Clouds,overcast clouds,21
Körmend,47.016389,16.599167,2026-07-17 21:51:04.444270,21.72,22.3,21.72,21.72,1013,90,2.19,9,29,0.0,Clouds,scattered clouds,21
Szentgotthárd,46.957222,16.263056,2026-07-17 21:51:05.709610,21.61,22.23,21.61,21.61,1013,92,1.09,314,17,0.0,Clouds,few clouds,21
Szombathely,47.237778,16.6325,2026-07-17 21:51:06.989117,19.48,19.76,19.48,19.48,1012,87,2.06,350,26,0.0,Clouds,scattered clouds,21
Sáferkút,48.010278,19.071389,2026-07-17 21:51:08.261782,21.09,21.53,21.09,21.09,1011,87,1.91,350,100,4.58,Rain,heavy intensity rain,21
Magdolnavölgy,47.6475,18.818889,2026-07-17 21:51:09.533880,20.78,21.42,20.76,20.92,1011,96,2.44,333,100,0.0,Clouds,overcast clouds,21
Haris,46.964722,16.2825,2026-07-17 21:51:10.801464,21.65,22.27,21.65,21.65,1013,92,1.2,328,20,0.0,Clouds,few clouds,21
Egyházasrádóc,47.091389,16.62,2026-07-17 21:51:12.069870,21.57,22.11,21.57,21.57,1013,89,2.11,5,25,0.0,Clouds,scattered clouds,21
Alsórönök,46.964167,16.379444,2026-07-17 21:51:13.337749,21.67,22.29,21.67,21.67,1013,92,1.42,344,25,0.0,Clouds,scattered clouds,21
Szombathely-Szőlős,47.206389,16.641667,2026-07-17 21:51:14.605838,19.54,19.82,19.54,19.54,1012,87,2.13,354,26,0.0,Clouds,scattered clouds,21
Rátót,46.9675,16.433056,2026-07-17 21:51:15.871745,21.52,22.1,21.52,21.52,1013,91,1.84,359,32,0.0,Clouds,scattered clouds,21
Ják-Balogunyom,47.161389,16.630556,2026-07-17 21:51:17.140873,19.6,19.91,19.6,19.6,1012,88,2.25,1,24,0.0,Clouds,few clouds,21
Vasvár,47.056944,16.800278,2026-07-17 21:51:18.407268,21.77,22.35,21.77,21.77,1012,90,2.47,18,33,0.0,Clouds,scattered clouds,21
Répcelak,47.418889,17.008889,2026-07-17 21:51:19.672444,22.06,22.57,22.06,22.06,1012,86,0.46,319,48,0.0,Clouds,scattered clouds,21
Rajka,47.995556,17.191389,2026-07-17 21:51:20.934665,21.65,22.06,21.65,22.26,1012,84,2.18,319,50,0.0,Clouds,scattered clouds,21
Püspökmolnári,47.086111,16.7675,2026-07-17 21:51:22.204720,21.78,22.36,21.78,21.78,1012,90,2.45,13,26,0.0,Clouds,scattered clouds,21
Kőszeg,47.382222,16.556389,2026-07-17 21:51:23.471228,19.08,19.32,19.08,19.08,1013,87,1.57,310,24,0.0,Clouds,few clouds,21
Kastélypark,47.390278,18.988333,2026-07-17 21:51:24.740466,22.03,22.48,21.56,23.34,1011,84,3.8,322,100,0.0,Clouds,overcast clouds,21
Hanságliget,47.72,17.215556,2026-07-17 21:51:26.000214,21.69,22.08,21.69,21.69,1012,83,1.31,315,80,0.0,Clouds,broken clouds,21
Vica,47.477778,17.111944,2026-07-17 21:51:27.264837,22.09,22.6,22.09,22.09,1012,86,0.23,263,60,0.0,Clouds,broken clouds,21
Vép,47.235833,16.7275,2026-07-17 21:51:28.532227,19.62,19.94,19.62,19.62,1012,88,2.19,352,29,0.0,Clouds,scattered clouds,21
Mosonszolnok,47.8525,17.160278,2026-07-17 21:51:29.805984,21.66,22.02,21.66,21.71,1012,82,2.14,320,59,0.0,Clouds,broken clouds,21
Jánossomorja,47.789167,17.1375,2026-07-17 21:51:31.076604,21.66,21.87,21.66,21.66,1012,76,1.79,319,64,0.0,Clouds,broken clouds,21
Bősárkány,47.685556,17.234167,2026-07-17 21:51:32.350602,21.69,22.11,21.69,21.69,1012,84,0.94,304,81,0.0,Clouds,broken clouds,21
Szil-Sopronnémeti,47.533333,17.209444,2026-07-17 21:51:33.616130,21.64,22.11,21.64,21.64,1012,86,0.43,219,76,0.0,Clouds,broken clouds,21
Magyarkeresztúr-Zsebeháza,47.514167,17.176111,2026-07-17 21:51:34.880073,21.64,22.11,21.64,21.64,1012,86,0.37,225,71,0.0,Clouds,broken clouds,21
Páli-Vadosfa,47.4925,17.137778,2026-07-17 21:51:36.147155,21.62,22.08,21.62,21.62,1012,86,0.29,239,65,0.0,Clouds,broken clouds,21
Beled,47.466667,17.084444,2026-07-17 21:51:37.418417,22.09,22.6,22.09,22.09,1012,86,0.23,263,60,0.0,Clouds,broken clouds,21
Dénesfa,47.448611,17.054722,2026-07-17 21:51:38.681817,22.09,22.6,22.09,22.09,1012,86,0.42,305,52,0.0,Clouds,broken clouds,21
Csánig,47.430278,17.026111,2026-07-17 21:51:39.941343,22.1,22.61,22.1,22.1,1012,86,0.61,308,50,0.0,Clouds,scattered clouds,21
Vámoscsalád,47.385556,16.961667,2026-07-17 21:51:41.216382,19.87,20.16,19.87,19.87,1012,86,0.73,328,43,0.0,Clouds,scattered clouds,21
Vasegerszeg,47.375,16.928889,2026-07-17 21:51:42.489152,19.88,20.2,19.88,19.88,1012,87,1.1,333,40,0.0,Clouds,scattered clouds,21
Hegyfalu,47.357778,16.898333,2026-07-17 21:51:43.757594,19.87,20.18,19.87,19.87,1012,87,1.1,333,40,0.0,Clouds,scattered clouds,21
Pósfa,47.326944,16.855833,2026-07-17 21:51:45.020531,19.85,20.16,19.85,19.85,1012,87,1.33,340,38,0.0,Clouds,scattered clouds,21
Ölbő-Alsószeleste,47.300556,16.843056,2026-07-17 21:51:46.279962,19.83,20.14,19.83,19.83,1012,87,1.6,345,36,0.0,Clouds,scattered clouds,21
Gencsapáti felső,47.299722,16.593889,2026-07-17 21:51:47.553009,19.34,19.6,19.34,19.34,1012,87,1.64,331,25,0.0,Clouds,scattered clouds,21
Lukácsháza alsó,47.326389,16.586389,2026-07-17 21:51:48.820834,19.28,19.54,19.28,19.28,1012,87,1.61,325,26,0.0,Clouds,scattered clouds,21
Kőszegfalva,47.361667,16.567778,2026-07-17 21:51:50.086401,19.17,19.41,19.17,19.17,1013,87,1.55,317,24,0.0,Clouds,few clouds,21
Gyöngyöshermán,47.202778,16.657222,2026-07-17 21:51:51.349570,19.56,19.84,19.56,19.56,1012,87,2.13,354,26,0.0,Clouds,scattered clouds,21
Bezenye,47.973611,17.207222,2026-07-17 21:51:52.612329,21.66,22.07,21.66,22.27,1012,84,2.12,319,57,0.0,Clouds,broken clouds,21
Kámon,47.254534,16.625769,2026-07-17 21:51:53.879216,19.44,19.71,19.44,19.44,1013,87,1.99,345,27,0.0,Clouds,scattered clouds,21
Sorkifalud,47.1375,16.719167,2026-07-17 21:51:55.146487,21.81,22.37,21.81,21.81,1012,89,2.42,6,25,0.0,Clouds,scattered clouds,21
Szentléránt,47.12,16.735556,2026-07-17 21:51:56.423111,21.81,22.37,21.81,21.81,1012,89,2.42,6,25,0.0,Clouds,scattered clouds,21
Pácsony,47.009722,16.833611,2026-07-17 21:51:57.698030,21.7,22.28,21.7,21.7,1012,90,2.49,21,40,0.0,Clouds,scattered clouds,21
Győrvár,46.99,16.840556,2026-07-17 21:51:58.965045,21.7,22.28,21.7,21.7,1012,90,2.49,21,40,0.0,Clouds,scattered clouds,21
Egervár-Vasboldogasszony,46.942222,16.862222,2026-07-17 21:52:00.227386,21.89,22.51,21.89,21.89,1012,91,2.51,21,47,0.0,Clouds,scattered clouds,21
Zalaszentlőrinc,46.913889,16.8775,2026-07-17 21:52:01.498101,21.84,22.46,21.84,21.84,1012,91,2.47,21,47,0.0,Clouds,scattered clouds,21
Gencsapáti alsó,47.285833,16.6,2026-07-17 21:52:02.764192,19.37,19.63,19.37,19.37,1012,87,1.69,337,25,0.0,Clouds,scattered clouds,21
Gyöngyösfalu,47.316111,16.59,2026-07-17 21:52:04.032984,19.3,19.56,19.3,19.3,1012,87,1.64,331,25,0.0,Clouds,scattered clouds,21
Lukácsháza,47.341111,16.580556,2026-07-17 21:52:05.302279,19.23,19.48,19.23,19.23,1013,87,1.54,324,24,0.0,Clouds,few clouds,21
Horvátnádalja,47.005278,16.544444,2026-07-17 21:52:06.567853,21.73,22.33,21.73,21.73,1013,91,2.12,8,31,0.0,Clouds,scattered clouds,21
Csákánydoroszló,46.978333,16.499722,2026-07-17 21:52:07.830873,21.69,22.29,21.69,21.69,1013,91,1.96,3,33,0.0,Clouds,scattered clouds,21
Váckisújfalu,47.705,19.340278,2026-07-17 21:52:09.107395,21.31,21.64,21.31,24.75,1011,82,3.16,335,97,0.0,Clouds,overcast clouds,21
Csisztafürdő,46.681411,17.561797,2026-07-17 21:52:10.372881,21.93,22.5,21.93,21.93,1012,89,2.38,356,69,0.0,Clouds,broken clouds,21
Mórágy,46.236021,18.627255,2026-07-17 21:52:11.648340,21.93,22.16,21.93,21.93,1012,76,4.64,4,44,0.0,Clouds,scattered clouds,21
Kismacs,47.551111,21.542778,2026-07-17 21:52:12.920548,24.82,24.38,24.82,24.82,1010,39,2.71,151,95,0.0,Clouds,overcast clouds,21
Pusztaszentistván,47.439869,19.470254,2026-07-17 21:52:14.192184,24.7,25.0,24.7,24.7,1011,68,2.89,330,91,0.0,Clouds,overcast clouds,21
Aranyvölgy,47.573795,19.017489,2026-07-17 21:52:15.459627,21.78,22.39,21.41,23.19,1011,91,0.45,114,99,0.0,Clouds,overcast clouds,21
Szélhegy,47.601111,18.928056,2026-07-17 21:52:16.728853,21.09,21.74,21.05,21.21,1011,95,2.83,331,100,0.0,Clouds,overcast clouds,21
Vörösvárbánya,47.61,18.913611,2026-07-17 21:52:17.992704,21.04,21.68,21.01,21.16,1011,95,2.83,331,100,0.0,Clouds,overcast clouds,21
Máriaszőlőtelep,46.702778,17.411911,2026-07-17 21:52:19.264722,21.9,22.52,21.9,21.9,1012,91,2.6,349,63,0.0,Clouds,broken clouds,21
Akadémiaújtelep,47.485724,19.22294,2026-07-17 21:52:20.534816,22.2,22.72,21.37,23.15,1011,86,3.21,335,91,0.0,Clouds,overcast clouds,21
Újpalota,47.5316,19.126206,2026-07-17 21:52:21.802442,22.24,22.79,21.46,23.25,1011,87,0.45,114,95,0.0,Clouds,overcast clouds,21
"Szeged, Somogyi utca",46.250464,20.147713,2026-07-17 21:52:23.065237,26.15,26.15,26.15,26.15,1010,39,2.8,193,80,0.0,Clouds,broken clouds,21
"Hódmezővásárhely, Hősök tere",46.412183,20.31759,2026-07-17 21:52:24.330120,27.79,27.68,27.79,27.79,1010,43,2.23,177,85,0.0,Clouds,overcast clouds,21
"Hódmezővásárhely, Kossuth tér",46.41465,20.319727,2026-07-17 21:52:25.586766,27.79,27.68,27.79,27.79,1010,43,2.23,177,85,0.0,Clouds,overcast clouds,21
"Hódmezővásárhely, Strandfürdő",46.409147,20.315671,2026-07-17 21:52:26.841403,27.79,27.68,27.79,27.79,1010,43,2.23,177,85,0.0,Clouds,overcast clouds,21
"Szeged, Széchenyi tér",46.252683,20.14935,2026-07-17 21:52:28.097890,26.15,26.15,26.15,26.15,1010,39,2.8,193,80,0.0,Clouds,broken clouds,21
"Szeged, Anna-kút",46.256184,20.147587,2026-07-17 21:52:29.368092,26.15,26.15,26.15,26.15,1010,39,2.8,193,80,0.0,Clouds,broken clouds,21
"Szeged, Rókusi templom",46.259255,20.141771,2026-07-17 21:52:30.642802,26.17,26.17,26.17,26.17,1010,39,2.8,193,80,0.0,Clouds,broken clouds,21
"Hódmezővásárhely, Kálvin János tér",46.416677,20.328532,2026-07-17 21:52:31.913695,27.79,27.62,27.79,27.79,1010,42,2.32,171,86,0.0,Clouds,overcast clouds,21
Hódmezővásárhely vasútállomás,46.413242,20.338701,2026-07-17 21:52:33.169693,27.79,27.62,27.79,27.79,1010,42,2.32,171,86,0.0,Clouds,overcast clouds,21
"Szeged, Tavasz utca",46.260715,20.139055,2026-07-17 21:52:34.427374,26.17,26.17,26.17,26.17,1010,39,2.8,193,80,0.0,Clouds,broken clouds,21
"Szeged, Damjanich utca",46.262753,20.135248,2026-07-17 21:52:35.681795,26.17,26.17,26.17,26.17,1010,39,2.8,193,80,0.0,Clouds,broken clouds,21
"Szeged, Vásárhelyi Pál utca",46.264173,20.131109,2026-07-17 21:52:36.949373,26.19,26.19,26.19,26.19,1010,39,2.8,193,80,0.0,Clouds,broken clouds,21
"Szeged, Bécsi körút ",46.243459,20.143809,2026-07-17 21:52:38.209591,26.17,26.17,26.17,26.17,1010,39,2.86,192,78,0.0,Clouds,broken clouds,21
Hódmezővásárhelyi Népkert vasútállomás,46.403733,20.312986,2026-07-17 21:52:39.463462,27.8,27.69,27.8,27.8,1010,43,2.23,177,85,0.0,Clouds,overcast clouds,21
Szeged vasútállomás,46.239789,20.142561,2026-07-17 21:52:40.720212,26.17,26.17,26.17,26.17,1010,39,2.86,192,78,0.0,Clouds,broken clouds,21
"Szeged, Bem utca",46.240198,20.141247,2026-07-17 21:52:41.974281,26.17,26.17,26.17,26.17,1010,39,2.86,192,78,0.0,Clouds,broken clouds,21
"Szeged, Galamb utca",46.24153,20.142297,2026-07-17 21:52:43.228014,26.17,26.17,26.17,26.17,1010,39,2.86,192,78,0.0,Clouds,broken clouds,21
"Szeged, Aradi vértanúk tere",46.247839,20.147,2026-07-17 21:52:44.484691,26.15,26.15,26.15,26.15,1010,39,2.8,193,80,0.0,Clouds,broken clouds,21
"Szeged, Pulz utca",46.264452,20.126061,2026-07-17 21:52:45.739903,26.19,26.19,26.19,26.19,1010,39,2.8,193,80,0.0,Clouds,broken clouds,21
"Szeged, Rókus vasútállomás",46.266107,20.125686,2026-07-17 21:52:47.000679,26.19,26.19,26.19,26.19,1010,39,2.76,198,78,0.0,Clouds,broken clouds,21
Látókép,47.55787,21.524373,2026-07-17 21:52:48.278403,24.82,24.38,24.82,24.82,1010,39,2.71,151,95,0.0,Clouds,overcast clouds,21
Szentmihálytelek,46.2229,20.0808,2026-07-17 21:52:49.543975,26.19,26.19,26.19,26.19,1010,39,2.77,200,72,0.0,Clouds,broken clouds,21
Kisvarsány,48.144356,22.297397,2026-07-17 21:52:50.811740,23.89,23.77,23.89,23.89,1011,55,4.98,120,57,0.0,Clouds,broken clouds,21
