station_name,station_lat,station_lon,observation_time,temp,feels_like,temp_min,temp_max,pressure,humidity,wind_speed,wind_deg,clouds,precipitation_1h,weather_main,weather_description,collection_hour
Búcsúszentlászló,46.793056,16.932778,2026-07-17 15:40:31.058821,29.75,29.0,29.75,29.75,1009,36,4.57,245,43,0.0,Clouds,scattered clouds,15
Angyalföld,47.549722,19.09,2026-07-17 15:40:32.226955,34.0,34.7,32.6,34.84,1009,37,0.89,217,55,0.0,Clouds,broken clouds,15
Felsőjánosfa,46.841389,16.544167,2026-07-17 15:40:33.394594,28.82,29.2,28.82,28.82,1008,48,2.51,222,27,0.0,Clouds,scattered clouds,15
Pankasz,46.835833,16.496111,2026-07-17 15:40:34.561258,28.35,28.95,28.35,28.35,1008,51,2.89,243,26,0.0,Clouds,scattered clouds,15
Nagyrákos,46.827222,16.455556,2026-07-17 15:40:35.726173,28.22,29.0,28.22,28.22,1009,53,3.14,252,26,0.0,Clouds,scattered clouds,15
Őriszentpéter,46.828889,16.415278,2026-07-17 15:40:36.892660,28.15,29.12,28.15,28.15,1009,55,3.64,268,27,0.0,Clouds,scattered clouds,15
Törökbálint,47.45,18.908611,2026-07-17 15:40:38.060504,34.25,34.87,32.38,34.62,1009,36,1.79,219,90,0.0,Clouds,overcast clouds,15
Bicske alsó,47.486389,18.642778,2026-07-17 15:40:39.231473,32.15,31.51,31.34,34.5,1009,34,3.87,159,91,0.0,Clouds,overcast clouds,15
Bajánsenye,46.818056,16.358056,2026-07-17 15:40:40.400206,28.4,29.45,28.4,28.4,1009,55,3.92,264,24,0.0,Clouds,few clouds,15
Aquincum,47.566218,19.048273,2026-07-17 15:40:41.569222,33.91,34.56,32.63,34.87,1009,37,0.89,217,77,0.0,Clouds,broken clouds,15
Piliscsév,47.673889,18.791389,2026-07-17 15:40:42.737658,32.24,31.93,31.29,34.0,1009,36,1.99,87,92,0.0,Clouds,overcast clouds,15
Tát,47.741201,18.64783,2026-07-17 15:40:43.904793,32.62,33.82,32.62,32.62,1009,43,2.89,115,74,0.43,Rain,light rain,15
Süttő felső,47.756667,18.437222,2026-07-17 15:40:45.079285,28.6,28.13,28.6,28.6,1008,39,2.82,146,70,0.0,Clouds,broken clouds,15
Budatétény,47.405,19.016389,2026-07-17 15:40:46.248778,34.76,35.69,32.67,34.91,1009,36,1.79,219,74,0.0,Clouds,broken clouds,15
Seregélyes-Szőlőhegy,47.119444,18.612222,2026-07-17 15:40:47.413813,29.16,28.42,29.16,29.16,1008,36,3.33,88,100,0.0,Clouds,overcast clouds,15
Gödöllő-Állami telepek,47.564444,19.375556,2026-07-17 15:40:48.586519,33.53,32.83,31.19,33.9,1009,31,2.12,308,37,0.0,Clouds,scattered clouds,15
Dunakeszi alsó,47.607778,19.128889,2026-07-17 15:40:49.750577,33.9,34.54,32.6,34.84,1010,37,0.45,113,49,0.0,Clouds,scattered clouds,15
Vác-Alsóváros,47.773056,19.149722,2026-07-17 15:40:50.922727,33.84,40.84,32.58,33.84,1011,62,2.55,298,58,0.0,Clouds,broken clouds,15
Szob alsó,47.816667,18.8725,2026-07-17 15:40:52.097614,32.61,37.88,32.61,32.61,1009,58,3.53,108,84,0.0,Clouds,broken clouds,15
Zalaszentmihály-Pacsa,46.7225,16.951944,2026-07-17 15:40:53.280096,29.86,29.21,29.86,29.86,1009,37,4.78,247,40,0.0,Clouds,scattered clouds,15
Pötréte,46.682778,16.9575,2026-07-17 15:40:54.452970,30.03,29.5,30.03,30.03,1008,38,4.84,249,35,0.0,Clouds,scattered clouds,15
Felsőrajk,46.667222,16.982778,2026-07-17 15:40:55.623633,30.06,29.43,30.06,30.06,1008,37,5.26,251,36,0.0,Clouds,scattered clouds,15
Gelse,46.600556,16.982778,2026-07-17 15:40:56.791466,30.36,29.76,30.36,30.36,1008,37,5.04,249,28,0.0,Clouds,scattered clouds,15
Őrtilos,46.297778,16.887778,2026-07-17 15:40:57.955781,31.68,31.21,31.68,31.68,1008,36,4.17,217,19,0.0,Clouds,few clouds,15
Zákány,46.251944,16.9425,2026-07-17 15:40:59.120923,31.76,31.03,31.76,31.76,1008,34,4.51,206,33,0.0,Clouds,scattered clouds,15
Berzence,46.201389,17.143611,2026-07-17 15:41:00.289547,32.43,31.58,32.43,32.43,1008,32,4.65,214,51,0.0,Clouds,broken clouds,15
Somogyudvarhely,46.163333,17.179722,2026-07-17 15:41:01.459294,32.53,31.56,32.53,32.53,1008,31,4.48,217,53,0.0,Clouds,broken clouds,15
Bélavár,46.122778,17.207778,2026-07-17 15:41:02.624540,32.77,31.86,32.77,32.77,1008,31,4.04,221,57,0.0,Clouds,broken clouds,15
Vízvár,46.101389,17.239444,2026-07-17 15:41:03.801225,32.81,31.91,32.81,32.81,1008,31,3.83,224,59,0.0,Clouds,broken clouds,15
Babócsa,46.028359,17.342276,2026-07-17 15:41:04.968276,33.04,32.05,33.04,33.04,1008,30,3.43,224,59,0.0,Clouds,broken clouds,15
Péterhida-Komlósd,46.006667,17.358056,2026-07-17 15:41:06.132414,33.22,32.27,33.22,33.22,1008,30,3.26,222,57,0.0,Clouds,broken clouds,15
Barcs,45.951944,17.446944,2026-07-17 15:41:07.297810,33.39,32.34,33.39,33.39,1008,29,3.17,212,49,0.0,Clouds,scattered clouds,15
Barcs felső,45.958333,17.486389,2026-07-17 15:41:08.463501,33.37,32.31,33.37,33.37,1008,29,3.23,211,48,0.0,Clouds,scattered clouds,15
Középrigóc,45.970556,17.525,2026-07-17 15:41:09.638945,33.38,32.18,33.38,33.38,1008,28,3.29,209,48,0.0,Clouds,scattered clouds,15
Darány,45.992222,17.598611,2026-07-17 15:41:10.808297,33.58,32.29,33.58,33.58,1008,27,3.43,204,56,0.0,Clouds,broken clouds,15
Kisdobsza,46.012222,17.668056,2026-07-17 15:41:11.973220,33.8,32.42,33.8,33.8,1008,26,3.47,199,64,0.0,Clouds,broken clouds,15
Nemeske,46.023333,17.705278,2026-07-17 15:41:13.141584,33.95,32.46,33.95,33.95,1008,25,3.48,197,66,0.0,Clouds,broken clouds,15
Molvány,46.035278,17.748611,2026-07-17 15:41:14.313392,33.96,32.35,33.96,33.96,1008,24,3.47,190,71,0.0,Clouds,broken clouds,15
Szigetvár,46.043333,17.801944,2026-07-17 15:41:15.486112,34.0,32.39,34.0,34.0,1008,24,3.46,187,71,0.0,Clouds,broken clouds,15
Nagypeterd,46.039444,17.871667,2026-07-17 15:41:16.652521,34.11,32.4,34.11,34.11,1008,23,3.42,181,71,0.0,Clouds,broken clouds,15
Szentdénes,46.036667,17.926944,2026-07-17 15:41:17.820519,34.08,32.36,34.08,34.08,1008,23,3.39,178,70,0.0,Clouds,broken clouds,15
Háros,47.412222,19.035,2026-07-17 15:41:18.995505,34.7,35.59,32.63,34.87,1009,36,1.79,219,74,0.0,Clouds,broken clouds,15
Nagytétény-Diósd,47.398333,18.974444,2026-07-17 15:41:20.160509,34.79,35.74,32.66,34.9,1009,36,1.79,219,78,0.0,Clouds,broken clouds,15
Érdliget,47.390278,18.937778,2026-07-17 15:41:21.334931,34.71,35.61,32.58,34.82,1009,36,1.79,219,83,0.0,Clouds,broken clouds,15
Érd felső,47.381111,18.922222,2026-07-17 15:41:22.500336,34.66,35.53,32.54,34.78,1009,36,1.79,219,88,0.0,Clouds,overcast clouds,15
Érd,47.369722,18.900833,2026-07-17 15:41:23.670568,34.6,35.43,32.51,34.75,1009,36,3.31,237,86,0.0,Clouds,overcast clouds,15
Százhalombatta,47.322222,18.899167,2026-07-17 15:41:24.836272,34.61,35.44,32.49,34.73,1009,36,4.0,232,84,0.0,Clouds,broken clouds,15
Dunai Finomító,47.294444,18.878889,2026-07-17 15:41:26.019547,34.57,35.38,34.12,34.57,1009,36,3.55,222,91,0.0,Clouds,overcast clouds,15
Ercsi,47.247222,18.875278,2026-07-17 15:41:27.195107,34.8,35.26,34.34,34.8,1009,34,3.4,223,91,0.0,Clouds,overcast clouds,15
Iváncsa,47.177778,18.811944,2026-07-17 15:41:28.361752,29.05,28.4,29.05,29.05,1009,37,1.2,200,98,0.0,Clouds,overcast clouds,15
Pusztaszabolcs,47.139722,18.761667,2026-07-17 15:41:29.535615,29.21,28.47,29.21,29.21,1008,36,0.92,94,100,0.0,Clouds,overcast clouds,15
Szabadegyháza,47.082778,18.704167,2026-07-17 15:41:30.702329,29.5,28.59,29.5,29.5,1008,34,2.64,77,100,0.0,Clouds,overcast clouds,15
Sárosd,47.039722,18.660278,2026-07-17 15:41:31.868566,29.86,28.77,29.86,29.86,1008,32,3.36,81,97,0.0,Clouds,overcast clouds,15
Nagylók,46.979444,18.635833,2026-07-17 15:41:33.082332,30.41,28.99,30.41,30.41,1008,28,3.06,86,95,0.0,Clouds,overcast clouds,15
Sárbogárd,46.896944,18.611944,2026-07-17 15:41:34.259001,31.21,29.54,31.21,31.21,1008,25,2.11,112,91,0.0,Clouds,overcast clouds,15
Rétszilas,46.814167,18.601389,2026-07-17 15:41:35.641569,31.6,29.84,31.6,31.6,1008,24,1.95,163,87,0.0,Clouds,overcast clouds,15
Nagyatád,46.228611,17.354167,2026-07-17 15:41:37.114798,32.51,31.41,32.51,32.51,1008,30,4.56,218,54,0.0,Clouds,broken clouds,15
Budapest-Keleti,47.500278,19.084167,2026-07-17 15:41:38.281318,34.29,34.93,32.58,34.82,1009,36,1.79,219,69,0.0,Clouds,broken clouds,15
Ferencváros,47.468611,19.088056,2026-07-17 15:41:39.454352,34.45,35.18,32.6,34.84,1009,36,1.79,219,68,0.0,Clouds,broken clouds,15
Budapest-Nyugati,47.510833,19.0575,2026-07-17 15:41:40.623373,34.25,34.87,32.59,34.83,1009,36,1.79,219,69,0.0,Clouds,broken clouds,15
Kőbánya felső,47.491944,19.133889,2026-07-17 15:41:41.787179,34.24,34.85,32.52,34.76,1009,36,0.89,217,48,0.0,Clouds,scattered clouds,15
Rákos,47.488889,19.174722,2026-07-17 15:41:42.955943,34.2,34.79,32.48,34.72,1009,36,0.89,217,42,0.0,Clouds,scattered clouds,15
Rákosrendező,47.525556,19.089444,2026-07-17 15:41:44.120249,34.17,34.74,32.62,34.86,1009,36,0.89,217,54,0.0,Clouds,broken clouds,15
Zugló,47.511389,19.101389,2026-07-17 15:41:45.289218,34.22,34.82,32.58,34.82,1009,36,0.89,217,54,0.0,Clouds,broken clouds,15
Mezőtárkány,47.725,20.480278,2026-07-17 15:41:46.463300,34.34,35.01,34.34,34.34,1010,36,1.65,113,31,0.0,Clouds,scattered clouds,15
Istvántelek,47.550278,19.106389,2026-07-17 15:41:47.626968,34.02,34.5,32.61,34.85,1009,36,0.89,217,55,0.0,Clouds,broken clouds,15
Rákospalota-Újpest,47.565833,19.111944,2026-07-17 15:41:48.790073,33.98,34.44,32.6,34.84,1009,36,0.89,217,55,0.0,Clouds,broken clouds,15
Kőbánya alsó,47.483056,19.127222,2026-07-17 15:41:49.955903,34.29,34.93,32.53,34.77,1009,36,1.79,219,48,0.0,Clouds,scattered clouds,15
Kőbánya-Kispest,47.463889,19.149444,2026-07-17 15:41:51.130015,34.34,35.01,32.53,34.77,1009,36,0.89,217,49,0.0,Clouds,scattered clouds,15
Pestszentlőrinc,47.454722,19.182778,2026-07-17 15:41:52.295738,34.29,34.93,32.47,34.71,1008,36,2.4,299,46,0.0,Clouds,scattered clouds,15
Kispest,47.448135,19.157552,2026-07-17 15:41:53.461740,34.39,35.09,32.54,34.78,1008,36,0.89,217,50,0.0,Clouds,scattered clouds,15
Újpest,47.558889,19.079722,2026-07-17 15:41:54.626036,33.97,34.43,32.61,34.85,1009,36,0.89,217,69,0.0,Clouds,broken clouds,15
Pestszentimre felső,47.413611,19.173333,2026-07-17 15:41:55.791857,34.47,35.22,32.56,34.8,1008,36,2.35,283,48,0.0,Clouds,scattered clouds,15
Dunakeszi,47.626111,19.136111,2026-07-17 15:41:56.956712,33.77,34.12,32.51,34.75,1010,36,4.6,340,51,0.0,Clouds,broken clouds,15
Dunakeszi-Gyártelep,47.643611,19.135,2026-07-17 15:41:58.122156,33.77,34.12,32.55,34.79,1010,36,4.57,338,52,0.0,Clouds,broken clouds,15
Alsógöd,47.676944,19.134444,2026-07-17 15:41:59.310843,33.68,34.2,32.54,34.78,1010,37,4.38,336,54,0.0,Clouds,broken clouds,15
Göd,47.687778,19.1375,2026-07-17 15:42:00.481671,33.68,34.2,32.56,34.8,1010,37,4.38,336,54,0.0,Clouds,broken clouds,15
Felsőgöd,47.705556,19.143333,2026-07-17 15:42:01.660783,33.83,34.43,31.68,34.39,1010,37,4.04,332,56,0.0,Clouds,broken clouds,15
Sződ-Sződliget,47.728056,19.154722,2026-07-17 15:42:02.840763,33.8,34.38,31.67,34.39,1011,37,3.57,325,57,0.0,Clouds,broken clouds,15
Vác,47.782778,19.133056,2026-07-17 15:42:04.026243,33.84,40.84,32.58,33.84,1011,62,2.55,298,58,0.0,Clouds,broken clouds,15
Verőce,47.823889,19.029444,2026-07-17 15:42:05.197464,33.68,40.68,32.41,33.68,1010,64,2.39,136,70,0.0,Clouds,broken clouds,15
Kismaros,47.8275,19.010278,2026-07-17 15:42:06.363072,32.54,39.4,32.54,32.54,1010,63,2.97,127,73,0.0,Clouds,broken clouds,15
Nagymaros-Visegrád,47.791389,18.959167,2026-07-17 15:42:07.527666,32.56,39.56,32.56,33.83,1010,66,2.96,92,80,0.0,Clouds,broken clouds,15
Nagymaros,47.780278,18.952222,2026-07-17 15:42:08.705871,32.64,39.64,32.64,33.9,1010,66,2.96,92,80,0.0,Clouds,broken clouds,15
Zebegény,47.801389,18.908889,2026-07-17 15:42:09.875183,32.61,39.58,32.61,33.88,1010,63,3.41,107,80,0.0,Clouds,broken clouds,15
Szob,47.821111,18.861944,2026-07-17 15:42:11.043959,32.57,37.16,32.57,32.57,1009,56,3.87,119,82,0.0,Clouds,broken clouds,15
Alagimajor,47.601944,19.153889,2026-07-17 15:42:12.216960,33.9,34.32,32.55,34.79,1010,36,4.48,340,49,0.0,Clouds,scattered clouds,15
Fót,47.611389,19.181667,2026-07-17 15:42:13.381820,33.81,34.18,32.45,34.69,1010,36,4.84,333,45,0.0,Clouds,scattered clouds,15
Fótújfalu,47.615,19.192778,2026-07-17 15:42:14.547174,33.7,34.01,32.34,34.58,1010,36,4.84,333,45,0.0,Clouds,scattered clouds,15
Csomád,47.635556,19.222778,2026-07-17 15:42:15.716629,33.42,33.8,32.07,34.31,1010,37,4.98,327,40,0.0,Clouds,scattered clouds,15
Veresegyház,47.649167,19.288611,2026-07-17 15:42:16.881658,33.53,33.97,31.29,34.01,1010,37,5.28,311,35,0.0,Clouds,scattered clouds,15
Erdőkertes,47.662222,19.295833,2026-07-17 15:42:18.057868,33.48,34.56,31.25,33.96,1010,40,5.28,311,35,0.0,Clouds,scattered clouds,15
Őrbottyán,47.685833,19.283611,2026-07-17 15:42:19.229396,33.36,34.83,33.36,33.88,1010,42,5.77,308,37,0.0,Clouds,scattered clouds,15
Váchartyán,47.725833,19.248889,2026-07-17 15:42:20.395870,33.72,37.16,33.72,33.72,1010,48,6.05,302,43,0.0,Clouds,scattered clouds,15
Magyarkút-Verőce,47.826111,19.044444,2026-07-17 15:42:21.560523,33.84,40.84,33.84,33.84,1010,64,2.39,136,70,0.0,Clouds,broken clouds,15
Szokolya,47.871111,19.030556,2026-07-17 15:42:22.741800,26.96,27.82,26.96,26.96,1010,57,3.94,161,67,0.0,Clouds,broken clouds,15
Berkenye,47.885278,19.071944,2026-07-17 15:42:23.912190,27.7,28.73,27.7,27.7,1010,57,3.79,173,64,0.0,Clouds,broken clouds,15
Nógrád,47.901944,19.0475,2026-07-17 15:42:25.343249,27.43,28.06,27.43,27.43,1010,53,4.73,167,65,0.23,Rain,light rain,15
Diósjenő,47.94,19.049444,2026-07-17 15:42:26.516779,27.2,27.54,27.2,27.2,1010,49,5.45,172,64,0.0,Clouds,broken clouds,15
Borsosberény,47.971389,19.093056,2026-07-17 15:42:27.795395,28.11,28.14,28.11,28.11,1010,45,6.87,194,56,0.0,Clouds,broken clouds,15
Nagyoroszi,47.993611,19.101111,2026-07-17 15:42:29.097055,28.1,27.9,28.1,28.1,1010,42,7.46,194,56,0.0,Clouds,broken clouds,15
Drégelyvár,48.001944,19.079444,2026-07-17 15:42:30.384088,28.43,28.05,28.43,28.43,1009,40,6.96,185,60,0.0,Clouds,broken clouds,15
Drégely,48.042222,19.056111,2026-07-17 15:42:31.549306,28.89,28.33,28.89,28.89,1009,38,6.96,187,61,0.0,Clouds,broken clouds,15
Drégelypalánk,48.055,19.046111,2026-07-17 15:42:32.712711,29.03,28.46,29.03,29.03,1009,38,6.25,184,64,0.0,Clouds,broken clouds,15
Ipolyvece,48.056944,19.106389,2026-07-17 15:42:33.936371,29.14,28.49,29.14,29.14,1009,37,7.68,193,58,0.0,Clouds,broken clouds,15
Dejtár,48.045556,19.196389,2026-07-17 15:42:35.104346,29.06,28.49,29.06,29.06,1009,38,8.46,197,55,0.0,Clouds,broken clouds,15
Ipolyszög,48.054444,19.221944,2026-07-17 15:42:36.268653,29.19,28.53,29.19,29.19,1009,37,8.39,197,57,0.0,Clouds,broken clouds,15
Iklad-Domony,47.658056,19.444444,2026-07-17 15:42:37.433958,29.58,28.58,29.58,29.58,1009,33,2.62,292,49,0.0,Clouds,scattered clouds,15
Iklad-Domony felső,47.667778,19.428056,2026-07-17 15:42:38.607493,33.73,33.85,33.73,33.73,1009,35,4.11,296,44,0.0,Clouds,scattered clouds,15
Galgamácsa,47.693889,19.3925,2026-07-17 15:42:39.772092,33.72,34.71,33.72,33.72,1010,39,5.77,299,39,0.0,Clouds,scattered clouds,15
Vácrátót,47.732778,19.217778,2026-07-17 15:42:40.943016,33.64,38.95,33.64,33.64,1010,54,5.05,310,49,0.0,Clouds,scattered clouds,15
Csörög,47.735833,19.196389,2026-07-17 15:42:42.106905,33.63,40.39,31.27,34.16,1010,58,4.34,316,52,0.0,Clouds,broken clouds,15
Galgagyörk,47.735278,19.372222,2026-07-17 15:42:43.276673,33.62,34.79,33.62,33.62,1010,40,6.11,295,41,0.0,Clouds,scattered clouds,15
Püspökhatvan,47.768611,19.366944,2026-07-17 15:42:44.444449,28.79,28.48,28.79,28.79,1010,41,6.35,285,43,0.0,Clouds,scattered clouds,15
Acsa-Erdőkürt,47.801111,19.386111,2026-07-17 15:42:45.609217,28.61,28.3,28.61,28.61,1010,41,6.3,278,44,0.0,Clouds,scattered clouds,15
Galgaguta,47.848611,19.385556,2026-07-17 15:42:46.774427,28.34,28.04,28.34,28.34,1010,41,6.13,260,46,0.0,Clouds,scattered clouds,15
Nógrádkövesd,47.879444,19.371111,2026-07-17 15:42:47.940726,28.53,28.15,28.53,28.53,1010,40,6.13,249,47,0.0,Clouds,scattered clouds,15
Magyarnándor,47.970833,19.356667,2026-07-17 15:42:49.108087,28.48,28.02,28.48,28.48,1010,39,7.11,219,52,0.0,Clouds,broken clouds,15
Mohora,47.995556,19.347778,2026-07-17 15:42:50.272744,28.68,28.13,28.68,28.68,1009,38,7.37,212,54,0.0,Clouds,broken clouds,15
Szügy,48.036389,19.333056,2026-07-17 15:42:51.448487,29.05,28.4,29.05,29.05,1009,37,7.5,202,60,0.0,Clouds,broken clouds,15
Balassagyarmat,48.071111,19.293611,2026-07-17 15:42:52.618165,29.18,28.44,29.18,29.18,1009,36,7.8,198,61,0.0,Clouds,broken clouds,15
Őrhalom,48.078773,19.403936,2026-07-17 15:42:53.790451,29.03,28.23,29.03,29.03,1009,35,5.01,189,74,0.0,Clouds,broken clouds,15
Hugyag,48.083056,19.421111,2026-07-17 15:42:54.954841,29.03,28.23,29.03,29.03,1009,35,5.01,189,74,0.0,Clouds,broken clouds,15
Szécsény,48.093056,19.521111,2026-07-17 15:42:56.128281,29.19,28.45,29.19,29.19,1009,36,3.2,175,80,0.0,Clouds,broken clouds,15
Ludányhalászi,48.1325,19.529444,2026-07-17 15:42:57.301222,29.18,28.44,29.18,29.18,1009,36,3.0,157,88,0.0,Clouds,overcast clouds,15
Nógrádszakál,48.178333,19.521667,2026-07-17 15:42:58.471275,29.13,28.4,29.13,29.13,1009,36,2.91,148,91,0.0,Clouds,overcast clouds,15
Ráróspuszta,48.207222,19.541389,2026-07-17 15:42:59.638680,28.56,27.95,28.56,28.56,1009,37,2.81,130,97,0.0,Clouds,overcast clouds,15
Litke,48.215833,19.598611,2026-07-17 15:43:00.817913,28.97,28.41,28.97,28.97,1009,38,2.54,116,96,0.0,Clouds,overcast clouds,15
Nyíregyháza külső,47.943056,21.740278,2026-07-17 15:43:01.984353,30.59,29.4,30.59,30.59,1010,31,2.18,340,31,0.0,Clouds,scattered clouds,15
Oros,47.945833,21.806389,2026-07-17 15:43:03.146959,30.77,29.5,30.77,30.77,1010,30,2.44,350,37,0.0,Clouds,scattered clouds,15
Napkor,47.948889,21.873056,2026-07-17 15:43:04.320663,30.87,29.6,30.87,30.87,1010,30,2.88,17,42,0.0,Clouds,scattered clouds,15
Apagy,47.953775,21.939044,2026-07-17 15:43:05.494590,30.92,29.65,30.92,30.92,1010,30,3.02,25,44,0.0,Clouds,scattered clouds,15
Levelek-Magy,47.948056,21.993611,2026-07-17 15:43:06.659358,30.95,29.68,30.95,30.95,1010,30,3.26,39,47,0.0,Clouds,scattered clouds,15
Ófehértó,47.940556,22.041389,2026-07-17 15:43:07.824678,30.92,29.65,30.92,30.92,1010,30,3.01,47,48,0.0,Clouds,scattered clouds,15
Ligettanya,47.951667,22.071389,2026-07-17 15:43:08.995591,30.75,29.48,30.75,30.75,1010,30,3.49,57,47,0.0,Clouds,scattered clouds,15
Baktalórántháza,47.988611,22.083333,2026-07-17 15:43:10.165468,30.72,29.54,30.72,30.72,1010,31,3.71,56,47,0.0,Clouds,scattered clouds,15
Vaja-Rohod,48.006389,22.164167,2026-07-17 15:43:11.330977,30.65,29.47,30.65,30.65,1010,31,3.86,65,48,0.0,Clouds,scattered clouds,15
Rákóczitanya,48.022222,22.178333,2026-07-17 15:43:12.506435,30.59,29.5,30.59,30.59,1010,32,3.86,70,50,0.0,Clouds,scattered clouds,15
Nyírmada,48.059167,22.203056,2026-07-17 15:43:13.681750,30.61,29.52,30.61,30.61,1010,32,3.94,73,49,0.0,Clouds,scattered clouds,15
Tunyogmatolcs,47.960244,22.442247,2026-07-17 15:43:14.853202,30.89,29.71,30.89,30.89,1010,31,4.25,93,67,0.0,Clouds,broken clouds,15
Tunyogmatolcs alsó,47.966025,22.464713,2026-07-17 15:43:16.022927,30.93,29.75,30.93,30.93,1010,31,4.34,93,70,0.0,Clouds,broken clouds,15
Fehérgyarmat,47.979167,22.524444,2026-07-17 15:43:17.193639,31.0,29.93,31.0,31.0,1010,32,4.92,91,77,0.0,Clouds,broken clouds,15
Penyige,47.995278,22.566944,2026-07-17 15:43:18.368147,31.07,30.0,31.07,31.07,1010,32,5.04,91,75,0.0,Clouds,broken clouds,15
Nagyszekeres,47.976111,22.6125,2026-07-17 15:43:19.533754,31.11,30.05,31.11,31.11,1010,32,5.16,90,72,0.0,Clouds,broken clouds,15
Kisszekeres,47.965833,22.629444,2026-07-17 15:43:20.700819,31.2,30.04,31.2,31.2,1010,31,4.74,93,66,0.0,Clouds,broken clouds,15
Jánkmajtis,47.941944,22.657222,2026-07-17 15:43:21.873022,31.34,30.19,31.34,31.34,1010,31,4.35,96,55,0.0,Clouds,broken clouds,15
Gacsály,47.926111,22.745,2026-07-17 15:43:23.042689,33.93,33.37,33.93,33.93,1010,31,4.67,93,48,0.0,Clouds,scattered clouds,15
Zajta,47.9025,22.796111,2026-07-17 15:43:24.208158,33.92,33.18,33.92,33.92,1010,30,4.51,95,42,0.0,Clouds,scattered clouds,15
Eperjeske alsó,48.360556,22.19,2026-07-17 15:43:25.374007,31.52,30.39,31.52,31.52,1010,31,3.89,115,20,0.0,Clouds,few clouds,15
Mándok,48.326944,22.196389,2026-07-17 15:43:26.546885,31.37,30.22,31.37,31.37,1010,31,4.0,113,23,0.0,Clouds,few clouds,15
Tornyospálca,48.268333,22.201944,2026-07-17 15:43:27.713622,31.23,30.18,31.23,31.23,1010,32,4.01,109,27,0.0,Clouds,scattered clouds,15
Aranyosapáti,48.211303,22.253534,2026-07-17 15:43:28.886502,30.92,29.94,30.92,30.92,1010,33,4.33,105,50,0.0,Clouds,scattered clouds,15
Gyüre,48.171389,22.269167,2026-07-17 15:43:30.064097,30.73,29.84,30.73,30.73,1010,34,4.23,98,57,0.0,Clouds,broken clouds,15
Varsány,48.151722,22.290047,2026-07-17 15:43:31.237567,30.63,29.73,30.63,30.63,1010,34,4.24,96,65,0.0,Clouds,broken clouds,15
Vásárosnamény,48.126667,22.306111,2026-07-17 15:43:32.402177,30.59,29.69,30.59,30.59,1010,34,4.22,93,67,0.0,Clouds,broken clouds,15
Vitka,48.095556,22.308056,2026-07-17 15:43:33.568764,30.56,29.56,30.56,30.56,1010,33,4.21,89,67,0.0,Clouds,broken clouds,15
Nagydobos,48.054167,22.311111,2026-07-17 15:43:34.735062,30.49,29.49,30.49,30.49,1010,33,4.19,87,66,0.0,Clouds,broken clouds,15
Ópályi,47.997778,22.318333,2026-07-17 15:43:35.903042,30.58,29.48,30.58,30.58,1010,32,3.96,86,58,0.0,Clouds,broken clouds,15
Nyírcsaholy,47.908056,22.348333,2026-07-17 15:43:37.080649,30.97,29.7,30.97,30.97,1010,30,3.56,98,43,0.0,Clouds,scattered clouds,15
Nagyecsed,47.864722,22.385556,2026-07-17 15:43:38.246036,31.3,29.95,31.3,31.3,1010,29,3.17,112,33,0.0,Clouds,scattered clouds,15
Tiborszállás,47.815278,22.402778,2026-07-17 15:43:39.412835,31.59,30.07,31.59,31.59,1010,27,2.82,122,16,0.0,Clouds,few clouds,15
Kiskunhalas,46.434444,19.493611,2026-07-17 15:43:40.580386,34.06,32.23,34.06,34.06,1009,22,2.02,152,66,0.0,Clouds,broken clouds,15
Kecskemét alsó,46.895833,19.692222,2026-07-17 15:43:41.755417,36.56,35.6,35.44,36.56,1009,24,2.68,155,58,0.0,Clouds,broken clouds,15
Putnok,48.286667,20.4375,2026-07-17 15:43:42.925403,29.82,29.83,29.44,31.69,1011,43,2.41,169,78,0.0,Clouds,broken clouds,15
Bánréve,48.299722,20.351944,2026-07-17 15:43:44.092095,30.41,30.3,29.43,30.41,1011,41,2.86,156,68,0.0,Clouds,broken clouds,15
Ipolytarnóc,48.236667,19.629167,2026-07-17 15:43:45.272592,28.88,28.4,28.88,28.88,1010,39,2.45,107,96,0.0,Clouds,overcast clouds,15
Rákosliget,47.486111,19.257778,2026-07-17 15:43:46.436891,33.73,34.06,31.29,34.64,1009,36,1.86,316,34,0.0,Clouds,scattered clouds,15
Ikrény,47.657778,17.524167,2026-07-17 15:43:47.602784,26.42,26.42,26.42,26.42,1010,58,7.54,284,98,0.0,Clouds,overcast clouds,15
Rábapatona,47.648889,17.461944,2026-07-17 15:43:48.772933,26.17,26.17,26.17,26.17,1010,63,8.69,295,100,0.0,Clouds,overcast clouds,15
Enese,47.644167,17.425278,2026-07-17 15:43:49.937738,25.98,25.98,25.98,25.98,1010,67,9.88,305,100,0.0,Clouds,overcast clouds,15
Kóny,47.632222,17.357222,2026-07-17 15:43:51.111273,25.86,26.3,25.86,25.86,1011,69,10.22,309,100,0.0,Clouds,overcast clouds,15
Farád,47.595278,17.195833,2026-07-17 15:43:52.289307,25.61,26.26,25.61,25.61,1011,78,12.87,321,100,0.0,Clouds,overcast clouds,15
Rábatamási,47.592778,17.161389,2026-07-17 15:43:53.464892,25.61,26.26,25.61,25.61,1011,78,12.87,321,100,0.0,Clouds,overcast clouds,15
Szárföld,47.589167,17.123889,2026-07-17 15:43:54.642530,25.59,26.27,25.59,25.59,1011,79,12.82,322,100,0.0,Clouds,overcast clouds,15
Veszkény,47.586944,17.101389,2026-07-17 15:43:55.813658,25.58,26.28,25.58,25.58,1011,80,12.63,322,100,0.0,Clouds,overcast clouds,15
Kapuvár,47.581944,17.046944,2026-07-17 15:43:56.982309,25.55,26.3,25.55,25.55,1011,82,12.12,323,100,0.0,Clouds,overcast clouds,15
Vitnyéd-Csermajor,47.5825,16.987222,2026-07-17 15:43:58.153207,25.59,26.37,25.59,25.59,1011,83,11.3,323,100,0.0,Clouds,overcast clouds,15
Petőháza,47.595278,16.893056,2026-07-17 15:43:59.319317,25.71,26.48,25.71,25.71,1011,82,10.15,322,100,0.0,Clouds,overcast clouds,15
Fertőszentmiklós,47.6,16.858889,2026-07-17 15:44:00.503632,25.73,26.47,25.73,25.73,1011,81,9.82,322,100,0.0,Clouds,overcast clouds,15
Pinnye,47.600278,16.768611,2026-07-17 15:44:01.669685,25.71,26.43,25.71,25.71,1011,80,8.39,317,99,0.0,Clouds,overcast clouds,15
Fertőboz,47.625,16.691667,2026-07-17 15:44:02.851156,25.66,26.34,25.66,25.66,1011,79,8.03,311,96,0.0,Clouds,overcast clouds,15
Sopron,47.677778,16.587222,2026-07-17 15:44:04.014850,25.34,26.02,25.34,25.34,1011,80,7.76,303,88,0.0,Clouds,overcast clouds,15
Fertőszéplak-Fertőd,47.618889,16.850833,2026-07-17 15:44:05.185392,25.82,26.57,25.82,25.82,1011,81,9.57,319,100,0.0,Clouds,overcast clouds,15
Nyúl,47.587778,17.698056,2026-07-17 15:44:06.352754,27.24,27.45,27.24,27.24,1009,47,4.83,244,85,0.0,Clouds,overcast clouds,15
Pannonhalma,47.547778,17.740833,2026-07-17 15:44:07.517145,27.52,27.38,27.52,27.52,1008,42,4.41,237,76,0.0,Clouds,broken clouds,15
Tarjánpuszta,47.504722,17.789167,2026-07-17 15:44:08.681225,27.62,27.4,27.62,27.62,1009,41,4.2,239,75,0.0,Clouds,broken clouds,15
Győrasszonyfa,47.4925,17.799167,2026-07-17 15:44:09.851532,27.62,27.4,27.62,27.62,1009,41,4.2,239,75,0.0,Clouds,broken clouds,15
Veszprémvarsány,47.443333,17.818333,2026-07-17 15:44:11.018009,27.65,27.43,27.65,27.65,1009,41,3.91,239,78,0.0,Clouds,broken clouds,15
Bakonyszentlászló,47.395556,17.8175,2026-07-17 15:44:12.182463,27.28,27.19,27.28,27.28,1009,42,3.57,236,84,0.0,Clouds,broken clouds,15
Porva-Csesznek,47.326944,17.841111,2026-07-17 15:44:13.353292,25.91,25.71,25.91,25.91,1009,44,3.17,232,92,0.0,Clouds,overcast clouds,15
Zirc,47.266667,17.878056,2026-07-17 15:44:14.520864,32.01,32.85,32.01,32.01,1009,43,2.89,224,100,0.0,Clouds,overcast clouds,15
Eplény,47.192778,17.921667,2026-07-17 15:44:15.684939,32.14,32.86,32.14,32.14,1009,42,2.83,219,100,0.0,Clouds,overcast clouds,15
Marcaltő,47.4275,17.348889,2026-07-17 15:44:16.849329,26.35,26.35,26.35,26.35,1010,64,6.5,299,100,0.0,Clouds,overcast clouds,15
Szany-Rábaszentandrás,47.460833,17.315278,2026-07-17 15:44:18.019220,26.06,26.06,26.06,26.06,1010,68,8.23,306,100,0.0,Clouds,overcast clouds,15
Egyed-Rábacsanak,47.521944,17.316389,2026-07-17 15:44:19.197535,25.87,26.34,25.87,25.87,1010,70,9.62,310,100,0.0,Clouds,overcast clouds,15
Rábapordány,47.557222,17.315,2026-07-17 15:44:20.375846,25.85,26.34,25.85,25.85,1011,71,10.12,311,100,0.0,Clouds,overcast clouds,15
Albertfalva,47.440784,19.033965,2026-07-17 15:44:21.540023,34.11,35.12,31.54,34.89,1009,38,3.58,139,74,0.0,Clouds,broken clouds,15
Budafok,47.425833,19.041389,2026-07-17 15:44:22.706473,34.19,35.25,31.55,34.9,1009,38,3.58,139,74,0.0,Clouds,broken clouds,15
Tétényliget,47.384722,18.955278,2026-07-17 15:44:23.873412,34.2,35.26,31.57,34.92,1009,38,1.79,219,83,0.0,Clouds,broken clouds,15
Érd alsó,47.379722,18.923056,2026-07-17 15:44:25.038843,34.66,35.53,32.54,34.78,1009,36,1.79,219,88,0.0,Clouds,overcast clouds,15
Tárnok,47.365556,18.873889,2026-07-17 15:44:26.204101,33.86,34.94,31.5,34.85,1009,39,3.15,223,93,0.0,Clouds,overcast clouds,15
Martonvásár,47.321389,18.781667,2026-07-17 15:44:27.374003,34.14,34.47,31.43,34.78,1009,35,3.01,207,97,0.0,Clouds,overcast clouds,15
Baracska,47.297222,18.753333,2026-07-17 15:44:28.539508,34.88,35.89,31.71,34.88,1009,36,2.55,195,99,0.0,Clouds,overcast clouds,15
Pettend,47.26,18.708889,2026-07-17 15:44:29.719559,28.77,28.29,28.77,28.77,1009,39,2.02,157,100,0.0,Clouds,overcast clouds,15
Kápolnásnyék,47.245556,18.692222,2026-07-17 15:44:30.884335,28.75,28.28,28.75,28.75,1009,39,2.08,129,100,0.0,Clouds,overcast clouds,15
Velence,47.226944,18.663889,2026-07-17 15:44:32.052382,28.75,28.36,28.75,28.75,1009,40,2.43,118,100,0.0,Clouds,overcast clouds,15
Velencefürdő,47.218611,18.648056,2026-07-17 15:44:33.220634,28.79,28.4,28.79,28.79,1009,40,2.51,108,100,0.0,Clouds,overcast clouds,15
Gárdony,47.205833,18.624722,2026-07-17 15:44:34.386028,28.77,28.38,28.77,28.77,1009,40,2.9,103,100,0.0,Clouds,overcast clouds,15
Agárd,47.197666,18.604907,2026-07-17 15:44:35.550753,28.77,28.38,28.77,28.77,1009,40,2.9,103,100,0.0,Clouds,overcast clouds,15
Dinnyés,47.179722,18.560833,2026-07-17 15:44:36.719843,28.92,28.36,28.92,28.92,1008,38,3.56,95,100,0.0,Clouds,overcast clouds,15
Székesfehérvár,47.183611,18.424722,2026-07-17 15:44:37.885281,29.33,28.35,29.33,29.33,1008,33,3.57,106,92,0.0,Clouds,overcast clouds,15
Szabadbattyán,47.105278,18.388333,2026-07-17 15:44:39.053439,29.94,28.63,29.94,29.94,1008,29,2.54,117,92,0.0,Clouds,overcast clouds,15
Kiscséripuszta,47.048056,18.355,2026-07-17 15:44:40.231274,33.57,32.28,33.57,33.57,1008,27,1.82,147,93,0.0,Clouds,overcast clouds,15
Lepsény,46.9875,18.248056,2026-07-17 15:44:41.394554,33.79,40.79,31.01,33.79,1008,60,2.32,201,95,0.0,Clouds,overcast clouds,15
Balatonaliga,46.984444,18.171389,2026-07-17 15:44:42.572191,33.6,40.6,30.82,33.6,1008,60,3.17,219,96,0.0,Clouds,overcast clouds,15
Balatonvilágos,46.964167,18.157222,2026-07-17 15:44:43.743489,33.64,40.64,30.86,33.64,1008,60,3.6,223,94,0.0,Clouds,overcast clouds,15
Szabadifürdő,46.926111,18.103333,2026-07-17 15:44:44.911541,33.81,40.81,31.03,33.81,1008,60,4.07,225,87,0.0,Clouds,overcast clouds,15
Ózd alsó,48.227778,20.306111,2026-07-17 15:44:46.077866,30.25,30.37,29.27,30.25,1011,43,2.66,132,70,0.0,Clouds,broken clouds,15
Ózd,48.2225,20.294722,2026-07-17 15:44:47.254716,30.3,30.43,29.32,30.3,1011,43,2.66,132,70,0.0,Clouds,broken clouds,15
Alsóboldva,48.212778,20.792222,2026-07-17 15:44:48.427010,31.9,38.9,29.65,31.9,1011,69,2.68,256,47,0.0,Clouds,scattered clouds,15
Boldva,48.223333,20.790278,2026-07-17 15:44:49.595086,31.89,32.3,29.64,31.89,1011,41,2.68,256,47,0.0,Clouds,scattered clouds,15
Borsodszirák,48.259167,20.770556,2026-07-17 15:44:50.775815,31.85,32.24,29.6,31.85,1011,41,2.15,248,45,0.0,Clouds,scattered clouds,15
Edelény alsó,48.279167,20.760833,2026-07-17 15:44:51.945962,31.83,32.21,31.83,31.83,1011,41,2.15,248,45,0.0,Clouds,scattered clouds,15
Edelény,48.299722,20.749444,2026-07-17 15:44:53.113785,31.81,32.01,31.81,31.81,1011,40,1.75,245,46,0.0,Clouds,scattered clouds,15
Szendrőlád,48.334444,20.731944,2026-07-17 15:44:54.297476,27.76,27.46,27.76,27.76,1011,40,1.03,237,47,0.0,Clouds,scattered clouds,15
Szendrő,48.400725,20.721346,2026-07-17 15:44:55.474900,28.74,28.35,28.74,28.74,1011,40,0.04,124,51,0.0,Clouds,broken clouds,15
Szendrő felső,48.409907,20.720148,2026-07-17 15:44:56.643766,28.74,28.35,28.74,28.74,1011,40,0.04,124,51,0.0,Clouds,broken clouds,15
Szalonna,48.449444,20.722222,2026-07-17 15:44:57.814885,28.84,28.53,28.84,28.84,1011,41,1.02,57,56,0.0,Clouds,broken clouds,15
Perkupa,48.471389,20.691111,2026-07-17 15:44:58.981047,28.16,27.95,28.16,28.16,1011,42,0.92,80,44,0.0,Clouds,scattered clouds,15
Szemeretelep,47.443056,19.214167,2026-07-17 15:45:00.147550,33.85,34.69,31.36,34.71,1008,38,2.07,297,42,0.0,Clouds,scattered clouds,15
Jósvafő-Aggtelek,48.489722,20.693889,2026-07-17 15:45:01.312977,28.5,28.28,28.5,28.5,1011,42,1.23,73,45,0.0,Clouds,scattered clouds,15
Bódvaszilas,48.5375,20.738056,2026-07-17 15:45:02.478362,28.11,27.98,28.11,28.11,1011,43,2.02,57,63,0.0,Clouds,broken clouds,15
Komjáti,48.5475,20.759722,2026-07-17 15:45:03.658894,27.67,27.64,27.67,27.67,1011,44,2.42,56,72,0.0,Clouds,broken clouds,15
Tornanádaska,48.558333,20.787222,2026-07-17 15:45:04.825968,28.83,28.9,28.83,28.83,1011,45,2.62,57,78,0.0,Clouds,broken clouds,15
Onga,48.121111,20.906667,2026-07-17 15:45:05.996045,31.95,38.95,31.95,34.62,1011,69,2.64,269,72,0.0,Clouds,broken clouds,15
Szikszó-Vásártér,48.193056,20.934722,2026-07-17 15:45:07.170541,31.92,32.16,31.92,34.58,1011,40,1.94,268,72,0.0,Clouds,broken clouds,15
Szikszó,48.201667,20.941667,2026-07-17 15:45:08.336296,31.93,32.18,31.93,31.93,1011,40,1.52,271,78,0.0,Clouds,broken clouds,15
Aszaló,48.219867,20.961466,2026-07-17 15:45:09.508005,31.91,32.15,31.91,31.91,1011,40,1.19,275,78,0.0,Clouds,broken clouds,15
Halmaj,48.246667,20.991667,2026-07-17 15:45:10.678554,29.06,28.67,29.06,29.06,1010,40,0.51,306,85,0.0,Clouds,overcast clouds,15
Csobád,48.277222,21.033889,2026-07-17 15:45:11.843357,29.12,28.73,29.12,29.12,1010,40,0.62,32,91,0.0,Clouds,overcast clouds,15
Ináncs,48.291111,21.057778,2026-07-17 15:45:13.022868,29.09,28.79,29.09,29.09,1010,41,1.43,56,95,0.0,Clouds,overcast clouds,15
Forró-Encs,48.3275,21.117778,2026-07-17 15:45:14.188024,29.07,28.77,29.07,29.07,1010,41,1.81,59,97,0.0,Clouds,overcast clouds,15
Méra,48.363056,21.140278,2026-07-17 15:45:15.356725,28.88,28.67,28.88,28.88,1010,42,2.08,62,100,0.0,Clouds,overcast clouds,15
Novajidrány,48.404444,21.170556,2026-07-17 15:45:16.521950,29.11,29.01,29.11,29.11,1010,43,1.98,62,100,0.0,Clouds,overcast clouds,15
Hernádszurdok,48.487222,21.213889,2026-07-17 15:45:17.687140,31.92,33.32,31.43,31.92,1011,46,1.03,60,98,0.0,Clouds,overcast clouds,15
Hidasnémeti,48.508333,21.229722,2026-07-17 15:45:18.858224,31.92,33.32,31.44,31.92,1011,46,0.81,67,96,0.0,Clouds,overcast clouds,15
Mád,48.19,21.268889,2026-07-17 15:45:20.024253,32.29,31.15,32.29,32.29,1010,30,2.13,102,53,0.0,Clouds,broken clouds,15
Rátka,48.215,21.230278,2026-07-17 15:45:21.190845,32.45,31.34,32.45,32.45,1010,30,1.85,89,63,0.0,Clouds,broken clouds,15
Tállya,48.226944,21.225278,2026-07-17 15:45:22.355545,32.4,31.28,32.4,32.4,1010,30,1.85,89,63,0.0,Clouds,broken clouds,15
Golop,48.242778,21.204167,2026-07-17 15:45:23.527047,32.52,31.42,32.52,32.52,1010,30,1.57,71,78,0.0,Clouds,broken clouds,15
Abaújszántó,48.286944,21.181667,2026-07-17 15:45:24.694315,32.43,33.1,32.43,32.43,1010,41,1.83,61,88,0.0,Clouds,overcast clouds,15
Abaújszántói fürdő,48.268333,21.179722,2026-07-17 15:45:25.858709,32.49,33.0,32.49,32.49,1010,40,1.71,64,83,0.0,Clouds,broken clouds,15
Abaújkér,48.309444,21.198333,2026-07-17 15:45:27.026591,32.39,33.04,32.39,32.39,1010,41,1.92,59,92,0.0,Clouds,overcast clouds,15
Boldogkőváralja,48.345,21.208889,2026-07-17 15:45:28.191285,32.19,32.93,32.19,32.19,1010,42,1.77,58,90,0.0,Clouds,overcast clouds,15
Korlát-Vizsoly,48.365,21.219167,2026-07-17 15:45:29.382550,32.1,32.99,32.1,32.1,1011,43,1.69,56,94,0.0,Clouds,overcast clouds,15
Fony,48.411389,21.242778,2026-07-17 15:45:30.547998,29.1,29.1,29.1,29.1,1011,44,1.41,55,98,0.0,Clouds,overcast clouds,15
Hejce-Vilmány,48.419444,21.245556,2026-07-17 15:45:31.722633,29.1,29.1,29.1,29.1,1011,44,1.41,55,98,0.0,Clouds,overcast clouds,15
Göncruszka,48.445,21.246944,2026-07-17 15:45:32.904449,31.85,33.0,31.85,31.85,1011,45,1.23,57,98,0.0,Clouds,overcast clouds,15
Gönc,48.470556,21.261389,2026-07-17 15:45:34.071626,31.75,33.04,31.27,31.75,1011,46,0.71,43,96,0.0,Clouds,overcast clouds,15
Zsujta,48.4925,21.265,2026-07-17 15:45:35.240170,31.77,33.28,31.29,31.77,1011,47,0.45,42,95,0.0,Clouds,overcast clouds,15
Bodrogkeresztúr,48.175556,21.354167,2026-07-17 15:45:36.406667,32.56,31.47,32.56,32.56,1010,30,2.63,115,42,0.0,Clouds,scattered clouds,15
Szegi,48.201944,21.387778,2026-07-17 15:45:37.572404,32.6,31.51,32.6,32.6,1010,30,2.54,114,46,0.0,Clouds,scattered clouds,15
Erdőbénye,48.218056,21.401944,2026-07-17 15:45:38.743586,32.57,31.48,32.57,32.57,1010,30,2.33,114,51,0.0,Clouds,broken clouds,15
Olaszliszka-Tolcsva,48.258333,21.448056,2026-07-17 15:45:39.909111,32.6,31.51,32.6,32.6,1010,30,1.78,114,58,0.0,Clouds,broken clouds,15
Bodrogolaszi,48.286944,21.512778,2026-07-17 15:45:41.074916,32.54,32.88,32.54,32.54,1010,39,1.49,122,59,0.0,Clouds,broken clouds,15
Sárospatak,48.325833,21.566111,2026-07-17 15:45:42.240191,32.49,32.81,32.49,32.49,1010,39,1.71,145,47,0.0,Clouds,scattered clouds,15
Sátoraljaújhely,48.385833,21.657778,2026-07-17 15:45:43.407300,29.29,28.81,29.29,29.29,1010,39,1.88,163,49,0.0,Clouds,scattered clouds,15
Vecsés,47.40855,19.25652,2026-07-17 15:45:44.576898,34.49,35.01,33.77,34.75,1008,35,1.14,259,42,0.0,Clouds,scattered clouds,15
Vecsés-Kertekalja,47.403333,19.271389,2026-07-17 15:45:45.743998,34.53,35.07,33.81,34.78,1008,35,1.14,259,42,0.0,Clouds,scattered clouds,15
Üllő,47.390833,19.348889,2026-07-17 15:45:46.909766,34.47,32.94,33.77,34.74,1008,24,1.31,182,47,0.0,Clouds,scattered clouds,15
Monor,47.34545,19.43701,2026-07-17 15:45:48.076419,30.29,28.69,30.29,30.29,1008,25,3.49,140,59,0.0,Clouds,broken clouds,15
Pilis,47.279722,19.536389,2026-07-17 15:45:49.245362,35.31,34.14,35.31,35.31,1008,25,4.16,132,60,0.0,Clouds,broken clouds,15
Albertirsa,47.240278,19.606389,2026-07-17 15:45:50.410168,35.4,35.48,35.4,35.4,1009,31,4.86,122,59,0.0,Clouds,broken clouds,15
Ceglédbercel-Cserő,47.210278,19.686944,2026-07-17 15:45:51.580612,35.47,35.59,35.47,35.47,1009,31,5.06,118,61,0.0,Clouds,broken clouds,15
Cegléd,47.182778,19.806111,2026-07-17 15:45:52.750968,35.57,35.74,35.57,36.57,1009,31,4.9,115,68,0.0,Clouds,broken clouds,15
Abony,47.173056,20.016389,2026-07-17 15:45:53.919070,36.63,37.72,35.64,36.63,1009,32,2.9,123,75,0.0,Clouds,broken clouds,15
Szolnok,47.179167,20.175833,2026-07-17 15:45:55.090921,36.65,37.76,35.66,36.65,1009,32,0.45,249,69,0.0,Clouds,broken clouds,15
Szajol,47.170556,20.295278,2026-07-17 15:45:56.257399,36.66,37.77,36.66,36.66,1009,32,1.82,256,60,0.0,Clouds,broken clouds,15
Törökszentmiklós,47.170278,20.413611,2026-07-17 15:45:57.429565,36.66,36.67,36.66,36.66,1009,28,2.37,281,54,0.0,Clouds,broken clouds,15
Rákoscsaba-Újtelep,47.4875,19.271944,2026-07-17 15:45:58.595277,33.73,34.06,31.29,34.64,1009,36,1.86,316,34,0.0,Clouds,scattered clouds,15
Rákoscsaba,47.492222,19.284722,2026-07-17 15:45:59.760446,33.97,34.43,33.66,34.63,1008,36,1.26,312,35,0.0,Clouds,scattered clouds,15
Pécel,47.493889,19.338889,2026-07-17 15:46:00.931846,33.82,32.58,33.54,34.51,1008,27,0.61,300,37,0.0,Clouds,scattered clouds,15
Isaszeg,47.537719,19.388955,2026-07-17 15:46:02.097293,33.45,32.57,33.45,33.97,1009,30,1.31,306,37,0.0,Clouds,scattered clouds,15
Gödöllő,47.592222,19.358611,2026-07-17 15:46:03.272642,33.34,32.92,31.03,33.75,1009,33,2.95,307,36,0.0,Clouds,scattered clouds,15
Máriabesnyő,47.595556,19.389722,2026-07-17 15:46:04.454108,33.37,32.96,33.37,33.89,1009,33,2.95,307,36,0.0,Clouds,scattered clouds,15
Bag,47.641111,19.471667,2026-07-17 15:46:05.620384,29.58,28.58,29.58,29.58,1009,33,2.62,292,49,0.0,Clouds,scattered clouds,15
Aszód,47.647467,19.492882,2026-07-17 15:46:06.788109,29.51,28.45,29.51,29.51,1009,32,1.87,286,54,0.0,Clouds,broken clouds,15
Hévízgyörk,47.638611,19.526667,2026-07-17 15:46:07.952908,29.53,28.46,29.53,29.53,1009,32,1.13,274,60,0.0,Clouds,broken clouds,15
Galgahévíz,47.6325,19.558333,2026-07-17 15:46:09.120725,29.78,28.62,29.78,29.78,1009,31,1.14,144,72,0.0,Clouds,broken clouds,15
Tura,47.626389,19.5975,2026-07-17 15:46:10.284201,29.67,28.52,29.67,29.67,1009,31,1.65,132,77,0.0,Clouds,broken clouds,15
Hatvan,47.663611,19.671389,2026-07-17 15:46:11.454807,29.5,28.51,29.5,29.5,1009,33,2.07,119,85,0.0,Clouds,overcast clouds,15
Vámosgyörk,47.686111,19.927778,2026-07-17 15:46:12.621269,29.16,28.35,29.16,29.16,1010,35,2.0,139,85,0.0,Clouds,overcast clouds,15
Adács,47.696389,19.975278,2026-07-17 15:46:13.796774,29.12,28.39,29.12,29.12,1010,36,1.64,164,75,0.0,Clouds,broken clouds,15
Karácsond,47.718056,20.048611,2026-07-17 15:46:14.964050,28.93,28.21,28.93,28.93,1010,36,1.61,177,69,0.0,Clouds,broken clouds,15
Ludas,47.723889,20.095556,2026-07-17 15:46:16.133356,29.19,28.45,29.19,29.19,1010,36,1.8,185,60,0.0,Clouds,broken clouds,15
Nagyút,47.72666666666667,20.161388888888887,2026-07-17 15:46:17.299388,29.16,28.35,29.16,29.16,1010,35,1.85,182,57,0.0,Clouds,broken clouds,15
Kál-Kápolna,47.734167,20.254167,2026-07-17 15:46:18.465793,29.2,28.38,29.2,29.2,1010,35,1.93,159,45,0.0,Clouds,scattered clouds,15
Füzesabony,47.751389,20.415278,2026-07-17 15:46:19.637291,29.04,28.31,29.04,29.04,1010,36,1.74,116,30,0.0,Clouds,scattered clouds,15
Szihalom,47.766944,20.491944,2026-07-17 15:46:20.807971,33.5,33.92,33.5,33.5,1011,37,1.67,92,35,0.0,Clouds,scattered clouds,15
Mezőkövesd,47.797222,20.5675,2026-07-17 15:46:21.974688,33.51,34.37,33.51,33.51,1011,39,1.36,55,55,0.0,Clouds,broken clouds,15
Mezőkövesd felső,47.807222,20.591389,2026-07-17 15:46:23.142964,33.47,34.31,29.69,33.49,1011,39,1.36,55,55,0.0,Clouds,broken clouds,15
Mezőkeresztes-Mezőnyárád,47.845556,20.670278,2026-07-17 15:46:24.307309,33.37,33.14,29.69,33.49,1011,34,1.48,349,78,0.0,Clouds,broken clouds,15
Csincse,47.890833,20.764167,2026-07-17 15:46:25.473581,33.3,33.04,29.71,33.51,1011,34,0.45,194,82,0.0,Clouds,broken clouds,15
Emőd,47.930556,20.822778,2026-07-17 15:46:26.645759,33.26,35.41,29.73,33.53,1011,45,0.45,194,76,0.0,Clouds,broken clouds,15
Nyékládháza,47.9925,20.840556,2026-07-17 15:46:27.819243,33.15,35.74,29.76,33.56,1011,47,0.45,194,70,0.0,Clouds,broken clouds,15
Miskolc-Tiszai,48.098611,20.811389,2026-07-17 15:46:28.987019,32.47,36.35,29.68,33.48,1011,54,3.42,276,57,0.0,Clouds,broken clouds,15
Felsőzsolca,48.083611,20.866111,2026-07-17 15:46:30.158853,32.72,36.29,29.7,33.51,1011,52,3.31,273,63,0.0,Clouds,broken clouds,15
Hernádnémeti-Bőcs,48.051389,20.985,2026-07-17 15:46:31.330147,33.51,34.6,31.95,33.51,1011,40,1.9,256,74,0.0,Clouds,broken clouds,15
Tiszalúc,48.039722,21.0575,2026-07-17 15:46:32.507433,33.25,33.96,32.0,33.55,1010,39,1.33,184,58,0.0,Clouds,broken clouds,15
Taktaharkány,48.091667,21.128611,2026-07-17 15:46:33.672671,32.64,31.56,32.64,32.64,1010,30,1.17,160,59,0.0,Clouds,broken clouds,15
Taktaszada,48.1125,21.149444,2026-07-17 15:46:34.851437,32.65,31.57,32.65,32.65,1010,30,1.32,137,56,0.0,Clouds,broken clouds,15
Szerencs,48.155556,21.214444,2026-07-17 15:46:36.025250,32.64,31.56,32.64,32.64,1010,30,2.06,109,49,0.0,Clouds,scattered clouds,15
Mezőzombor,48.156944,21.267778,2026-07-17 15:46:37.194052,32.64,31.56,32.64,32.64,1010,30,2.31,111,46,0.0,Clouds,scattered clouds,15
Tarcal,48.125,21.34,2026-07-17 15:46:38.364968,32.66,31.59,32.66,32.66,1010,30,3.01,124,28,0.0,Clouds,scattered clouds,15
Tokaj,48.112778,21.406667,2026-07-17 15:46:39.530940,32.62,31.54,32.62,32.62,1010,30,2.84,127,29,0.0,Clouds,scattered clouds,15
Rakamaz,48.12,21.475,2026-07-17 15:46:40.695363,32.62,31.54,32.62,32.62,1010,30,2.65,128,29,0.0,Clouds,scattered clouds,15
Görögszállás,48.04,21.555,2026-07-17 15:46:41.868263,32.58,31.49,32.58,32.58,1010,30,1.47,135,20,0.0,Clouds,few clouds,15
Nyírtelek,48.005,21.615556,2026-07-17 15:46:43.036411,32.62,31.96,32.62,32.62,1010,33,0.19,12,19,0.0,Clouds,few clouds,15
Rákoshegy,47.468611,19.245556,2026-07-17 15:46:44.205484,33.57,34.24,31.24,34.13,1008,38,1.39,305,36,0.0,Clouds,scattered clouds,15
Ecser,47.439444,19.318056,2026-07-17 15:46:45.370683,34.17,32.72,33.66,34.18,1008,25,0.63,257,39,0.0,Clouds,scattered clouds,15
Maglód,47.438889,19.340833,2026-07-17 15:46:46.535206,34.12,32.66,33.6,34.12,1008,25,0.6,189,41,0.0,Clouds,scattered clouds,15
Maglódi nyaraló,47.434167,19.363611,2026-07-17 15:46:47.698171,34.02,32.68,33.51,34.02,1008,26,1.15,156,44,0.0,Clouds,scattered clouds,15
Gyömrő,47.429722,19.393333,2026-07-17 15:46:48.878490,33.98,32.63,33.47,33.99,1008,26,1.15,156,44,0.0,Clouds,scattered clouds,15
Mende,47.426944,19.439722,2026-07-17 15:46:50.052526,33.95,32.6,33.95,33.95,1008,26,3.31,138,57,0.0,Clouds,broken clouds,15
Szőlősnyaraló,47.450278,19.561111,2026-07-17 15:46:51.227698,35.3,34.69,35.3,35.3,1009,28,4.39,132,71,0.0,Clouds,broken clouds,15
Sülysáp,47.451944,19.5275,2026-07-17 15:46:52.397855,35.28,34.46,35.28,35.28,1009,27,3.96,135,65,0.0,Clouds,broken clouds,15
Tápiószecső,47.443056,19.614722,2026-07-17 15:46:53.566903,35.38,34.8,35.38,35.38,1009,28,4.43,130,72,0.0,Clouds,broken clouds,15
Szentmártonkáta,47.431944,19.680556,2026-07-17 15:46:54.735781,35.41,35.5,35.41,35.41,1009,31,4.27,128,75,0.0,Clouds,broken clouds,15
Nagykáta,47.409722,19.737778,2026-07-17 15:46:55.902190,35.48,35.61,35.48,35.48,1009,31,4.34,128,73,0.0,Clouds,broken clouds,15
Farmos,47.355278,19.8375,2026-07-17 15:46:57.065319,35.59,35.78,35.59,35.59,1009,31,0.45,114,74,0.0,Clouds,broken clouds,15
Tápiószele,47.346313,19.873504,2026-07-17 15:46:58.235795,35.57,35.74,35.57,35.57,1009,31,0.45,114,73,0.0,Clouds,broken clouds,15
Tápiógyörgye,47.325,19.95,2026-07-17 15:46:59.404856,35.63,35.84,35.63,36.62,1009,31,0.45,114,75,0.0,Clouds,broken clouds,15
Újszász,47.285833,20.066944,2026-07-17 15:47:00.576167,35.67,35.9,35.67,36.66,1009,31,3.72,162,67,0.0,Clouds,broken clouds,15
Szurdokpüspöki,47.851944,19.690278,2026-07-17 15:47:01.743809,29.06,28.41,29.06,29.06,1010,37,1.56,131,80,0.0,Clouds,broken clouds,15
Lőrinci,47.739444,19.673611,2026-07-17 15:47:02.911286,29.34,28.44,29.34,29.34,1009,34,1.79,118,84,0.0,Clouds,broken clouds,15
Selyp,47.759167,19.670833,2026-07-17 15:47:04.084514,29.28,28.38,29.28,29.28,1009,34,1.69,119,83,0.0,Clouds,broken clouds,15
Apc-Zagyvaszántó,47.791328,19.66822,2026-07-17 15:47:05.251648,29.25,28.43,29.25,29.25,1009,35,1.61,121,82,0.0,Clouds,broken clouds,15
Pásztó,47.918889,19.688889,2026-07-17 15:47:06.419665,28.86,28.3,28.86,28.86,1010,38,1.67,137,79,0.0,Clouds,broken clouds,15
Mátraszőlős-Hasznos,47.938506,19.706122,2026-07-17 15:47:07.587071,28.76,28.29,28.76,28.76,1010,39,2.14,128,80,0.0,Clouds,broken clouds,15
Tar,47.956111,19.746389,2026-07-17 15:47:08.758199,28.24,27.81,28.24,28.24,1010,39,2.63,120,80,0.0,Clouds,broken clouds,15
Mátraverebély,47.968333,19.778611,2026-07-17 15:47:09.923294,28.24,27.81,28.24,28.24,1010,39,2.63,120,80,0.0,Clouds,broken clouds,15
Nagybátony,47.981111,19.82,2026-07-17 15:47:11.090088,28.37,28.0,28.37,28.37,1010,40,2.67,117,78,0.0,Clouds,broken clouds,15
Kisterenye,48.009444,19.831944,2026-07-17 15:47:12.257329,28.42,27.97,28.42,28.42,1010,39,2.66,115,75,0.0,Clouds,broken clouds,15
Kisterenye-Bányatelep,48.021389,19.831944,2026-07-17 15:47:13.445568,28.42,27.97,28.42,28.42,1010,39,2.66,115,75,0.0,Clouds,broken clouds,15
Salgótarján külső,48.089444,19.790833,2026-07-17 15:47:14.617680,28.02,27.61,28.02,28.02,1010,39,2.53,120,74,0.0,Clouds,broken clouds,15
Balatonfenyves GV,46.7125,17.479167,2026-07-17 15:47:15.784600,29.93,29.39,29.93,29.93,1008,38,3.52,193,75,0.0,Clouds,broken clouds,15
Várhegyalja,47.737778,18.366667,2026-07-17 15:47:16.949413,28.7,28.0,28.7,28.7,1008,36,3.0,184,83,0.12,Rain,light rain,15
Imremajor,46.680556,17.499722,2026-07-17 15:47:18.117468,30.13,29.5,30.13,30.13,1008,37,3.72,191,75,0.0,Clouds,broken clouds,15
Rákospalota-Kertváros,47.578333,19.122778,2026-07-17 15:47:19.284053,33.74,34.51,31.49,34.38,1009,38,0.89,73,55,0.0,Clouds,broken clouds,15
Vicziántelep,47.675833,19.286111,2026-07-17 15:47:20.451799,33.36,34.83,31.14,33.85,1010,42,5.77,308,37,0.0,Clouds,scattered clouds,15
Pálmajor,46.662831,17.457526,2026-07-17 15:47:21.626185,30.38,29.57,30.38,30.38,1008,35,3.87,196,73,0.0,Clouds,broken clouds,15
Somogyszentpál felső,46.649758,17.471404,2026-07-17 15:47:22.794173,30.31,29.6,30.31,30.31,1008,36,3.92,189,75,0.0,Clouds,broken clouds,15
Somogyszentpál,46.638611,17.478611,2026-07-17 15:47:23.977987,30.45,29.64,30.45,30.45,1008,35,4.09,188,75,0.0,Clouds,broken clouds,15
Rudnaykert,47.7175,19.257778,2026-07-17 15:47:25.143942,33.68,37.07,33.68,34.19,1010,48,6.05,302,43,0.0,Clouds,scattered clouds,15
Maroshegy,47.158333,18.406667,2026-07-17 15:47:26.315892,29.49,28.43,29.49,29.49,1008,32,3.36,106,92,0.0,Clouds,overcast clouds,15
Bánhida,47.573703,18.371737,2026-07-17 15:47:27.483341,28.8,27.82,28.8,28.8,1008,32,4.48,176,82,0.0,Clouds,broken clouds,15
Magyarkút,47.850278,19.045,2026-07-17 15:47:28.653366,27.54,28.89,27.54,27.54,1010,61,3.12,151,68,0.0,Clouds,broken clouds,15
Becske alsó,47.897222,19.364722,2026-07-17 15:47:29.823778,28.06,27.72,28.06,28.06,1010,40,6.23,239,49,0.0,Clouds,scattered clouds,15
Hosszúberek-Péteri,47.370556,19.389722,2026-07-17 15:47:30.998697,34.26,32.7,34.17,34.26,1008,24,1.95,165,52,0.0,Clouds,broken clouds,15
Monorierdő,47.308889,19.499167,2026-07-17 15:47:32.170449,35.29,34.11,35.29,35.29,1008,25,3.87,136,60,0.0,Clouds,broken clouds,15
Ceglédbercel,47.215833,19.658611,2026-07-17 15:47:33.339713,35.46,35.58,35.46,35.46,1009,31,4.96,118,60,0.0,Clouds,broken clouds,15
Budai út,47.208333,19.731389,2026-07-17 15:47:34.516149,35.5,35.64,35.5,35.5,1009,31,5.08,118,62,0.0,Clouds,broken clouds,15
Büdöskútpuszta,48.373056,20.726111,2026-07-17 15:47:35.687712,28.85,28.46,28.85,28.85,1011,40,0.52,234,49,0.0,Clouds,scattered clouds,15
Bánrévei Vízmű,48.282778,20.368333,2026-07-17 15:47:36.856782,30.43,30.46,29.46,30.43,1011,42,2.74,159,72,0.0,Clouds,broken clouds,15
Rákoskert,47.456389,19.296111,2026-07-17 15:47:38.025279,34.04,34.32,33.53,34.05,1008,35,0.79,295,37,0.0,Clouds,scattered clouds,15
Szirmabesenyő,48.146944,20.783056,2026-07-17 15:47:39.188834,32.01,39.01,29.61,33.41,1011,69,3.22,267,50,0.0,Clouds,scattered clouds,15
Kitérőgyár,47.766944,19.935278,2026-07-17 15:47:40.355675,28.67,28.05,28.67,28.67,1010,37,2.11,138,79,0.0,Clouds,broken clouds,15
Tápiószentmárton,47.373333,19.797778,2026-07-17 15:47:41.527468,35.53,35.68,35.53,35.53,1009,31,0.45,114,72,0.0,Clouds,broken clouds,15
Zagyvarékas,47.244229,20.097435,2026-07-17 15:47:42.710329,36.67,37.79,35.68,36.67,1009,32,2.85,165,67,0.0,Clouds,broken clouds,15
Abonyi út,47.206401,20.125204,2026-07-17 15:47:43.877874,36.67,37.79,35.68,36.67,1009,32,2.26,160,69,0.0,Clouds,broken clouds,15
Jászkisér felső,47.438056,20.202222,2026-07-17 15:47:45.043054,33.89,33.49,33.89,33.89,1009,32,3.11,149,59,0.0,Clouds,broken clouds,15
Szellőhát,47.425556,20.188889,2026-07-17 15:47:46.214177,35.67,35.9,35.67,35.67,1009,31,3.26,155,58,0.0,Clouds,broken clouds,15
Szilvásvárad-Szalajkavölgy,48.0956,20.38272,2026-07-17 15:47:47.386178,28.65,28.52,28.02,30.27,1012,43,2.71,90,94,0.0,Clouds,overcast clouds,15
Vásárosnamény külső,48.084444,22.255556,2026-07-17 15:47:48.558956,30.49,29.49,30.49,30.49,1010,33,4.12,87,61,0.0,Clouds,broken clouds,15
Újváros,46.660556,20.536111,2026-07-17 15:47:49.726697,34.43,32.76,34.43,34.43,1009,23,2.62,137,17,0.0,Clouds,few clouds,15
Városi park,46.697778,19.864722,2026-07-17 15:47:50.895728,36.1,35.83,36.1,36.67,1009,28,3.79,215,43,0.0,Clouds,scattered clouds,15
Belsőkamaráspuszta,46.341944,20.848889,2026-07-17 15:47:52.063570,34.47,32.57,34.47,34.47,1009,21,1.43,175,0,0.0,Clear,clear sky,15
Sajószöged,47.945278,20.981667,2026-07-17 15:47:53.228632,33.6,33.46,32.05,33.6,1010,34,1.3,228,61,0.0,Clouds,broken clouds,15
Kazincbarcika alsó,48.255278,20.649167,2026-07-17 15:47:54.396519,31.1,31.51,29.57,31.82,1011,43,2.25,236,62,0.0,Clouds,broken clouds,15
Nyárjas,46.857778,19.923611,2026-07-17 15:47:55.563230,36.62,35.1,36.06,36.62,1009,21,1.31,123,54,0.0,Clouds,broken clouds,15
Pogonyipuszta,48.296389,20.381667,2026-07-17 15:47:56.731787,30.4,30.42,29.42,30.4,1011,42,2.74,159,72,0.0,Clouds,broken clouds,15
Sióvölgy,46.911103,18.076964,2026-07-17 15:47:57.902414,33.86,40.86,30.53,33.86,1008,60,3.94,225,86,0.0,Clouds,overcast clouds,15
Répáspuszta,46.430278,17.847222,2026-07-17 15:47:59.068498,32.18,30.59,32.18,32.18,1008,26,4.03,185,60,0.0,Clouds,broken clouds,15
Virányos,48.066667,21.527222,2026-07-17 15:48:00.236419,32.61,31.53,32.61,32.61,1010,30,1.72,133,22,0.0,Clouds,few clouds,15
Füzesbokor,47.988611,21.6475,2026-07-17 15:48:01.404407,32.61,31.8,32.61,32.61,1010,32,0.86,336,21,0.0,Clouds,few clouds,15
Kunfehértó,46.355833,19.417222,2026-07-17 15:48:02.569858,34.45,32.55,34.45,34.45,1009,21,3.15,158,47,0.0,Clouds,scattered clouds,15
Erdőszél,46.329444,19.395,2026-07-17 15:48:03.747072,34.48,32.58,34.48,34.48,1009,21,3.71,156,44,0.0,Clouds,scattered clouds,15
Jánoshalma,46.293056,19.330278,2026-07-17 15:48:04.912744,34.81,32.95,34.81,34.81,1009,21,4.11,157,33,0.0,Clouds,scattered clouds,15
Mélykút,46.213056,19.370556,2026-07-17 15:48:06.076223,36.01,34.35,36.01,36.01,1009,21,3.76,159,16,0.0,Clouds,few clouds,15
Bácsalmás,46.118056,19.346389,2026-07-17 15:48:07.253282,36.05,34.4,36.05,36.05,1009,21,3.16,142,9,0.0,Clear,clear sky,15
Almás,46.116216,19.328803,2026-07-17 15:48:08.423237,36.07,34.43,36.07,36.07,1009,21,3.16,142,9,0.0,Clear,clear sky,15
Bácsbokod-Bácsborsód,46.115833,19.16,2026-07-17 15:48:09.598828,35.63,33.63,35.63,35.63,1008,19,4.12,138,19,0.0,Clouds,few clouds,15
Baja,46.187014,18.957602,2026-07-17 15:48:10.768446,35.76,33.78,35.76,35.76,1008,19,3.68,168,28,0.0,Clouds,scattered clouds,15
Harkakötöny,46.458333,19.601944,2026-07-17 15:48:11.933676,34.84,33.11,34.84,34.84,1009,22,1.14,193,67,0.0,Clouds,broken clouds,15
Tajó,46.473056,19.650556,2026-07-17 15:48:13.108503,34.88,33.16,34.88,34.88,1009,22,1.16,209,66,0.0,Clouds,broken clouds,15
Kiskunmajsa,46.501667,19.728056,2026-07-17 15:48:14.277604,35.34,33.7,34.92,36.62,1009,22,1.53,236,67,0.0,Clouds,broken clouds,15
Jászszentlászló,46.565833,19.753611,2026-07-17 15:48:15.444674,36.07,35.79,36.07,36.64,1009,28,2.74,237,63,0.0,Clouds,broken clouds,15
Galambos,46.625,19.801111,2026-07-17 15:48:16.611152,36.1,35.83,36.1,36.66,1009,28,3.48,228,55,0.0,Clouds,broken clouds,15
Pestszentimre,47.402222,19.188611,2026-07-17 15:48:17.776891,33.81,34.63,31.45,34.34,1008,38,2.52,268,51,0.0,Clouds,broken clouds,15
Gyál felső,47.390278,19.204722,2026-07-17 15:48:18.942793,34.29,34.93,33.83,34.35,1008,36,2.17,263,48,0.0,Clouds,scattered clouds,15
Gyál,47.376667,19.219444,2026-07-17 15:48:20.111767,34.32,34.98,33.86,34.38,1008,36,2.17,263,48,0.0,Clouds,scattered clouds,15
Ócsa,47.301389,19.232222,2026-07-17 15:48:21.276653,34.29,32.73,34.29,34.39,1008,24,3.35,238,60,0.0,Clouds,broken clouds,15
Inárcs-Kakucs,47.247222,19.317778,2026-07-17 15:48:22.442263,30.46,28.79,30.46,30.46,1008,24,2.66,214,64,0.0,Clouds,broken clouds,15
Dabas,47.194722,19.328889,2026-07-17 15:48:23.619416,30.63,28.94,30.63,30.63,1008,24,2.39,205,67,0.0,Clouds,broken clouds,15
Gyón,47.178333,19.355556,2026-07-17 15:48:24.786081,30.74,29.04,30.74,30.74,1008,24,2.31,208,68,0.0,Clouds,broken clouds,15
Hernád,47.161389,19.4025,2026-07-17 15:48:25.958950,30.84,29.13,30.84,30.84,1008,24,2.11,149,63,0.0,Clouds,broken clouds,15
Bakonygyirót,47.416389,17.811944,2026-07-17 15:48:27.124318,27.5,27.43,27.5,27.5,1009,43,3.73,239,82,0.0,Clouds,broken clouds,15
Vinye,47.360317,17.819635,2026-07-17 15:48:28.291297,27.14,27.13,27.14,27.14,1009,43,3.37,234,88,0.0,Clouds,overcast clouds,15
Nemesgörzsöny,47.402924,17.376385,2026-07-17 15:48:29.459267,26.26,26.26,26.26,26.26,1010,65,5.67,295,100,0.0,Clouds,overcast clouds,15
Rábahíd,47.438618,17.337525,2026-07-17 15:48:30.641414,26.13,26.13,26.13,26.13,1010,67,7.39,303,100,0.0,Clouds,overcast clouds,15
Öskü,47.162222,18.076389,2026-07-17 15:48:31.805658,33.53,33.36,33.53,33.53,1008,34,3.26,211,100,0.0,Clouds,overcast clouds,15
Márkó,47.1275,17.813889,2026-07-17 15:48:32.977051,32.61,32.44,29.31,32.61,1009,36,1.81,212,100,0.0,Clouds,overcast clouds,15
Nemeskocs,47.203333,17.188889,2026-07-17 15:48:34.144579,28.19,28.06,28.19,28.19,1008,43,4.52,228,91,0.0,Clouds,overcast clouds,15
Zalagyömörő,47.011111,17.220833,2026-07-17 15:48:35.310019,28.99,28.6,28.99,28.99,1008,40,5.15,250,86,0.0,Clouds,overcast clouds,15
Rigács,47.061667,17.199167,2026-07-17 15:48:36.477902,28.85,28.46,28.85,28.85,1008,40,5.04,246,88,0.0,Clouds,overcast clouds,15
Kemenespálfa,47.139722,17.183056,2026-07-17 15:48:37.648096,28.61,28.22,28.61,28.61,1008,40,4.87,229,89,0.0,Clouds,overcast clouds,15
Lentiszombathely,46.611389,16.5725,2026-07-17 15:48:38.814399,31.8,32.72,31.8,31.8,1008,44,4.53,207,11,0.0,Clouds,few clouds,15
Ortaháza,46.626667,16.685833,2026-07-17 15:48:39.985791,29.73,29.84,29.73,29.73,1008,44,3.6,199,18,0.0,Clouds,few clouds,15
Rádiháza,46.654722,16.765833,2026-07-17 15:48:41.153957,29.59,29.67,29.59,29.59,1008,44,3.18,202,23,0.0,Clouds,few clouds,15
Baktüttös,46.690833,16.826389,2026-07-17 15:48:42.319482,29.63,29.6,29.63,29.63,1008,43,3.17,225,29,0.0,Clouds,scattered clouds,15
Budafa,46.851667,16.624722,2026-07-17 15:48:43.491192,29.04,29.36,29.04,29.04,1008,47,2.36,195,29,0.0,Clouds,scattered clouds,15
Zalapatakalja,46.845556,16.603889,2026-07-17 15:48:44.654729,28.91,29.43,28.91,28.91,1008,49,2.41,212,28,0.0,Clouds,scattered clouds,15
Tormásliget,47.430556,16.781667,2026-07-17 15:48:45.827957,25.62,26.33,25.62,25.62,1011,80,9.56,316,100,0.23,Rain,light rain,15
Belecska,46.64,18.411389,2026-07-17 15:48:46.995696,32.68,30.85,32.68,32.68,1008,23,5.35,225,66,0.0,Clouds,broken clouds,15
Almár,47.956111,20.356944,2026-07-17 15:48:48.182214,29.89,29.92,29.23,31.48,1012,43,2.82,80,77,0.0,Clouds,broken clouds,15
Vasútmúzeum,47.543889,19.099444,2026-07-17 15:48:49.350333,33.7,34.45,31.49,34.39,1009,38,2.24,116,55,0.0,Clouds,broken clouds,15
Abda,47.690833,17.540556,2026-07-17 15:48:50.517248,26.39,26.39,26.39,26.39,1010,57,8.86,288,96,0.0,Clouds,overcast clouds,15
Vadaspark,47.526111,18.949167,2026-07-17 15:48:51.690491,30.12,29.95,29.69,32.58,1009,41,2.24,116,88,0.0,Clouds,overcast clouds,15
Barosstelep,47.398889,18.989167,2026-07-17 15:48:52.860973,33.87,34.96,31.55,34.45,1009,39,2.24,212,78,0.0,Clouds,broken clouds,15
Fegyvernek-Örményes,47.194444,20.5575,2026-07-17 15:48:54.037068,31.38,29.94,31.38,31.38,1009,28,1.21,311,53,0.0,Clouds,broken clouds,15
Zagyvapálfalva,48.068889,19.785,2026-07-17 15:48:55.206653,28.15,27.73,28.15,28.15,1010,39,2.57,119,75,0.0,Clouds,broken clouds,15
Salgótarján,48.105556,19.807222,2026-07-17 15:48:56.375823,27.55,27.23,27.55,27.55,1010,39,2.49,120,74,0.0,Clouds,broken clouds,15
Szabadisóstó,46.933889,18.118056,2026-07-17 15:48:57.545803,33.84,40.84,30.51,33.84,1008,60,3.89,225,90,0.0,Clouds,overcast clouds,15
Siófok,46.907778,18.053889,2026-07-17 15:48:58.718594,33.84,40.84,30.51,33.84,1008,60,3.94,225,86,0.0,Clouds,overcast clouds,15
Balatonszéplak felső,46.898056,18.018056,2026-07-17 15:48:59.883521,33.84,40.84,30.51,33.84,1008,60,3.89,222,82,0.0,Clouds,broken clouds,15
Balatonszéplak alsó,46.891944,17.993333,2026-07-17 15:49:01.049550,33.84,40.84,30.51,33.84,1008,60,2.24,225,83,0.0,Clouds,broken clouds,15
Zamárdi felső,46.886111,17.969444,2026-07-17 15:49:02.215845,33.85,40.85,33.82,33.85,1008,60,3.5,217,84,0.0,Clouds,broken clouds,15
Zamárdi,46.88,17.944722,2026-07-17 15:49:03.391094,33.79,40.79,33.75,33.79,1008,60,3.5,217,84,0.0,Clouds,broken clouds,15
Szántód,46.861944,17.899167,2026-07-17 15:49:04.553712,33.86,40.86,33.83,33.86,1008,60,3.28,209,84,0.0,Clouds,broken clouds,15
Szőny-Déli,47.735278,18.141944,2026-07-17 15:49:05.734403,33.39,34.18,33.39,33.39,1008,39,3.88,230,100,0.0,Clouds,overcast clouds,15
Várpalota,47.194444,18.149167,2026-07-17 15:49:06.907235,28.92,27.86,28.92,28.92,1008,31,2.88,182,92,0.0,Clouds,overcast clouds,15
Pétfürdő,47.1675,18.121389,2026-07-17 15:49:08.079215,33.66,33.18,33.66,33.66,1008,32,2.96,195,96,0.0,Clouds,overcast clouds,15
Hajmáskér,47.141111,18.009444,2026-07-17 15:49:09.243650,33.44,33.62,33.4,33.44,1009,36,3.31,214,100,0.0,Clouds,overcast clouds,15
Veszprém,47.118889,17.91,2026-07-17 15:49:10.413881,33.2,33.27,33.2,33.23,1009,36,2.69,218,100,0.0,Clouds,overcast clouds,15
Herend,47.136944,17.760278,2026-07-17 15:49:11.581924,32.38,32.12,29.09,32.38,1009,36,1.54,210,100,0.0,Clouds,overcast clouds,15
Városlőd,47.144167,17.652778,2026-07-17 15:49:12.748624,32.55,32.35,32.55,32.55,1009,36,1.06,232,100,0.0,Clouds,overcast clouds,15
Városlőd-Kislőd,47.133889,17.631111,2026-07-17 15:49:13.923049,32.66,32.5,32.66,32.66,1009,36,0.99,226,100,0.0,Clouds,overcast clouds,15
Ajka,47.105902,17.572938,2026-07-17 15:49:15.089482,32.96,32.93,32.96,32.96,1009,36,1.48,243,99,0.0,Clouds,overcast clouds,15
Ajka-Gyártelep,47.096806,17.555219,2026-07-17 15:49:16.258905,33.01,33.0,33.01,33.01,1009,36,1.48,243,99,0.0,Clouds,overcast clouds,15
Devecser,47.1125,17.435278,2026-07-17 15:49:17.430762,33.42,33.59,33.42,33.42,1009,36,2.49,246,99,0.0,Clouds,overcast clouds,15
Somlóvásárhely,47.124444,17.369167,2026-07-17 15:49:18.604707,33.53,35.64,33.53,33.53,1008,44,3.61,242,100,0.0,Clouds,overcast clouds,15
Tüskevár,47.128611,17.331389,2026-07-17 15:49:19.769368,33.56,35.43,33.56,33.56,1008,43,3.96,240,99,0.0,Clouds,overcast clouds,15
Karakószörcsök,47.133611,17.287778,2026-07-17 15:49:20.938274,28.42,28.2,28.42,28.42,1008,42,4.26,239,98,0.0,Clouds,overcast clouds,15
Kerta,47.151944,17.237222,2026-07-17 15:49:22.106898,28.51,28.21,28.51,28.51,1008,41,4.75,229,93,0.0,Clouds,overcast clouds,15
Boba,47.183333,17.191389,2026-07-17 15:49:23.273014,28.34,28.12,28.34,28.34,1008,42,4.7,226,90,0.0,Clouds,overcast clouds,15
Börgönd,47.140278,18.515,2026-07-17 15:49:24.439352,29.24,28.34,29.24,29.24,1008,34,3.65,92,97,0.0,Clouds,overcast clouds,15
Belsőbáránd,47.102778,18.499722,2026-07-17 15:49:25.611941,29.55,28.41,29.55,29.55,1008,31,3.44,95,95,0.0,Clouds,overcast clouds,15
Zichyújfalu,47.124444,18.6725,2026-07-17 15:49:26.777242,29.06,28.41,29.06,29.06,1008,37,2.62,88,100,0.0,Clouds,overcast clouds,15
Seregélyes,47.121111,18.580556,2026-07-17 15:49:27.945263,29.32,28.5,29.32,29.32,1008,35,3.63,90,99,0.0,Clouds,overcast clouds,15
Polgárdi-Ipartelepek,47.079167,18.314444,2026-07-17 15:49:29.120250,32.91,31.62,32.91,32.91,1008,28,1.88,151,93,0.0,Clouds,overcast clouds,15
Polgárdi,47.07,18.284167,2026-07-17 15:49:30.293029,32.91,31.62,32.91,32.91,1008,28,1.88,151,93,0.0,Clouds,overcast clouds,15
Füle,47.05,18.255278,2026-07-17 15:49:31.471961,32.88,31.59,32.88,32.88,1008,28,1.91,180,95,0.0,Clouds,overcast clouds,15
Zánka-Erzsébettábor,46.8775,17.709167,2026-07-17 15:49:32.648887,33.76,35.79,33.23,33.76,1008,43,2.57,188,93,0.0,Clouds,overcast clouds,15
Csajág,47.033889,18.186389,2026-07-17 15:49:33.825647,33.12,40.12,30.35,33.12,1008,61,2.92,216,97,0.0,Clouds,overcast clouds,15
Balatonakarattya,47.017222,18.167778,2026-07-17 15:49:35.000383,32.97,39.8,30.2,32.97,1008,61,2.92,216,97,0.0,Clouds,overcast clouds,15
Csittényhegy,47.025278,18.1375,2026-07-17 15:49:36.170091,33.19,40.19,30.42,33.19,1008,61,3.18,220,97,0.0,Clouds,overcast clouds,15
Balatonkenese,47.0325,18.105556,2026-07-17 15:49:37.336644,33.27,40.27,30.5,33.27,1008,61,3.36,222,97,0.0,Clouds,overcast clouds,15
Balatonfűzfő,47.060278,18.0425,2026-07-17 15:49:38.511289,33.3,40.3,33.3,33.82,1008,61,3.36,223,99,0.0,Clouds,overcast clouds,15
Balatonalmádi,47.028333,18.015,2026-07-17 15:49:39.679291,33.27,40.27,33.27,33.8,1008,61,3.42,225,97,0.0,Clouds,overcast clouds,15
Káptalanfüred,47.008889,18.003889,2026-07-17 15:49:40.847470,33.3,40.3,33.3,33.82,1008,61,3.34,224,95,0.0,Clouds,overcast clouds,15
Alsóörs,46.985278,17.974722,2026-07-17 15:49:42.021178,33.31,40.31,33.31,33.84,1008,61,3.34,224,95,0.0,Clouds,overcast clouds,15
Csopak,46.974722,17.931111,2026-07-17 15:49:43.179297,33.81,40.81,33.77,33.81,1008,60,2.78,214,94,0.0,Clouds,overcast clouds,15
Balatonarács,46.9625,17.8975,2026-07-17 15:49:44.346455,33.08,40.08,33.08,33.61,1008,61,2.78,214,94,0.0,Clouds,overcast clouds,15
Balatonfüred,46.955833,17.883056,2026-07-17 15:49:45.507342,33.64,40.64,33.6,33.64,1009,60,2.58,210,94,0.0,Clouds,overcast clouds,15
Aszófő,46.925556,17.8325,2026-07-17 15:49:46.669928,33.65,33.94,33.65,33.68,1008,36,2.66,203,92,0.0,Clouds,overcast clouds,15
Örvényes,46.9125,17.818056,2026-07-17 15:49:47.852313,33.27,40.27,33.27,33.79,1008,61,2.66,203,92,0.0,Clouds,overcast clouds,15
Balatonudvari,46.904722,17.808056,2026-07-17 15:49:49.021015,33.83,34.21,33.3,33.83,1008,36,2.5,199,93,0.0,Clouds,overcast clouds,15
Fövenyes,46.893611,17.789444,2026-07-17 15:49:50.192726,33.84,35.67,33.32,33.84,1008,42,2.68,198,91,0.0,Clouds,overcast clouds,15
Balatonakali-Dörgicse,46.88,17.747778,2026-07-17 15:49:51.359229,33.84,35.67,33.31,33.84,1008,42,2.56,194,93,0.0,Clouds,overcast clouds,15
Zánka-Köveskál,46.872778,17.687778,2026-07-17 15:49:52.537641,33.83,35.92,33.3,33.83,1008,43,2.49,186,93,0.0,Clouds,overcast clouds,15
Balatonszepezd,46.851111,17.663056,2026-07-17 15:49:53.704226,30.53,29.43,30.53,33.83,1008,32,2.74,185,91,0.0,Clouds,overcast clouds,15
Szepezdfürdő,46.839722,17.649444,2026-07-17 15:49:54.869842,30.5,30.69,30.5,33.8,1008,43,2.67,185,90,0.0,Clouds,overcast clouds,15
Révfülöp,46.829167,17.632222,2026-07-17 15:49:56.036269,30.51,30.71,30.51,33.81,1008,43,2.67,185,90,0.0,Clouds,overcast clouds,15
Balatonrendes,46.824722,17.582778,2026-07-17 15:49:57.212044,30.51,30.56,30.51,33.81,1008,42,2.73,192,84,0.0,Clouds,broken clouds,15
Ábrahámhegy,46.815,17.572222,2026-07-17 15:49:58.377004,30.48,30.53,30.48,33.77,1008,42,2.73,192,84,0.0,Clouds,broken clouds,15
Badacsonyörs,46.805556,17.531667,2026-07-17 15:49:59.546402,33.83,35.65,33.83,33.83,1008,42,2.69,198,82,0.0,Clouds,broken clouds,15
Kisújszállás,47.223889,20.751111,2026-07-17 15:50:00.708947,31.44,30.01,31.44,31.44,1009,28,1.32,86,59,0.0,Clouds,broken clouds,15
Karcag,47.303333,20.928056,2026-07-17 15:50:01.875608,31.17,29.73,31.17,31.17,1009,28,1.17,74,48,0.0,Clouds,scattered clouds,15
Püspökladány,47.3275,21.128889,2026-07-17 15:50:03.042956,31.23,29.79,31.23,31.23,1009,28,0.85,34,57,0.0,Clouds,broken clouds,15
Kaba,47.368889,21.259444,2026-07-17 15:50:04.212194,31.26,29.82,31.26,31.26,1009,28,1.44,352,61,0.0,Clouds,broken clouds,15
Hajdúszoboszló,47.429444,21.406944,2026-07-17 15:50:05.382949,31.15,29.71,31.15,31.15,1010,28,1.86,349,41,0.0,Clouds,scattered clouds,15
Ebes,47.462778,21.488889,2026-07-17 15:50:06.553820,31.18,29.66,31.18,31.18,1010,27,1.94,350,33,0.0,Clouds,scattered clouds,15
Debrecen,47.520278,21.628611,2026-07-17 15:50:07.720906,31.18,29.66,31.18,31.18,1010,27,2.21,346,22,0.0,Clouds,few clouds,15
Debrecen-Csapókert,47.540556,21.648056,2026-07-17 15:50:08.889141,31.07,29.55,31.07,31.07,1010,27,2.35,343,21,0.0,Clouds,few clouds,15
Apafa,47.584045,21.655858,2026-07-17 15:50:10.062307,30.96,29.44,30.96,30.96,1010,27,2.43,341,19,0.0,Clouds,few clouds,15
Bocskaikert,47.6425,21.666389,2026-07-17 15:50:11.230163,30.59,29.16,30.59,30.59,1010,28,2.58,334,22,0.0,Clouds,few clouds,15
Hajdúhadház,47.686944,21.679167,2026-07-17 15:50:12.393889,30.69,29.26,30.69,30.69,1010,28,2.6,331,28,0.0,Clouds,scattered clouds,15
Téglás,47.714722,21.684722,2026-07-17 15:50:13.569650,30.66,29.31,30.66,30.66,1010,29,2.58,329,31,0.0,Clouds,scattered clouds,15
Újfehértó,47.814444,21.706389,2026-07-17 15:50:14.734472,30.61,29.34,30.61,30.61,1010,30,2.44,325,34,0.0,Clouds,scattered clouds,15
Nyíregyháza,47.946667,21.705556,2026-07-17 15:50:15.900914,30.47,29.28,30.47,30.47,1010,31,1.74,331,26,0.0,Clouds,scattered clouds,15
Sóstó,47.998051,21.729047,2026-07-17 15:50:17.080428,32.59,31.78,32.59,32.59,1010,32,1.83,349,25,0.0,Clouds,scattered clouds,15
Sóstóhegy,48.012222,21.742778,2026-07-17 15:50:18.247531,32.59,31.78,32.59,32.59,1010,32,1.6,355,22,0.0,Clouds,few clouds,15
Kemecse,48.065556,21.801667,2026-07-17 15:50:19.414987,30.72,29.63,30.72,30.72,1010,32,1.78,19,17,0.0,Clouds,few clouds,15
Nyírbogdány,48.082222,21.855278,2026-07-17 15:50:20.592746,30.76,29.67,30.76,30.76,1010,32,1.9,33,14,0.0,Clouds,few clouds,15
Kék,48.093333,21.883889,2026-07-17 15:50:21.764011,30.85,29.77,30.85,30.85,1010,32,2.59,39,19,0.0,Clouds,few clouds,15
Demecser,48.111667,21.926667,2026-07-17 15:50:22.930448,30.92,29.84,30.92,30.92,1010,32,2.66,51,16,0.0,Clouds,few clouds,15
Gégény,48.128333,21.951944,2026-07-17 15:50:24.096847,30.96,29.88,30.96,30.96,1010,32,2.7,62,14,0.0,Clouds,few clouds,15
Pátroha,48.158611,21.996667,2026-07-17 15:50:25.266517,31.05,29.98,31.05,31.05,1010,32,2.75,74,13,0.0,Clouds,few clouds,15
Ajak,48.1865,22.048972,2026-07-17 15:50:26.603976,31.12,30.06,31.12,31.12,1010,32,2.84,85,13,0.0,Clouds,few clouds,15
Kisvárda,48.208333,22.078333,2026-07-17 15:50:27.772276,31.13,30.07,31.13,31.13,1010,32,3.25,97,17,0.0,Clouds,few clouds,15
Kisvárda-Hármasút,48.228333,22.091944,2026-07-17 15:50:28.940056,31.13,30.07,31.13,31.13,1010,32,3.25,97,17,0.0,Clouds,few clouds,15
Fényeslitke,48.267222,22.107222,2026-07-17 15:50:30.129936,31.22,30.17,31.22,31.22,1010,32,3.53,109,17,0.0,Clouds,few clouds,15
Komoró,48.305278,22.118056,2026-07-17 15:50:31.298800,31.29,30.24,31.29,31.29,1010,32,3.56,114,16,0.0,Clouds,few clouds,15
Tuzsér,48.342222,22.131667,2026-07-17 15:50:32.464109,31.34,30.3,31.34,31.34,1010,32,3.57,119,15,0.0,Clouds,few clouds,15
Tiszabezdéd,48.371389,22.145,2026-07-17 15:50:33.650481,31.45,30.31,31.45,31.45,1010,31,3.72,117,18,0.0,Clouds,few clouds,15
Záhony,48.402222,22.183611,2026-07-17 15:50:34.815997,31.52,30.39,31.52,31.52,1010,31,3.81,114,20,0.0,Clouds,few clouds,15
Karcag-Vásártér,47.3225,20.9075,2026-07-17 15:50:35.982558,33.89,32.82,33.89,33.89,1009,28,1.17,74,48,0.0,Clouds,scattered clouds,15
Berekfürdő,47.374722,20.827222,2026-07-17 15:50:37.157264,33.88,33.13,33.88,33.88,1009,30,0.74,66,38,0.0,Clouds,scattered clouds,15
Kunmadaras,47.415278,20.793056,2026-07-17 15:50:38.330056,33.87,33.85,33.87,33.87,1010,34,0.19,106,33,0.0,Clouds,scattered clouds,15
Tiszaszentimre,47.490833,20.733056,2026-07-17 15:50:39.501973,33.88,33.87,33.88,33.88,1010,34,0.82,198,37,0.0,Clouds,scattered clouds,15
Tiszaszőlős,47.555556,20.728056,2026-07-17 15:50:40.669041,33.88,33.87,33.88,33.88,1010,34,0.91,196,42,0.0,Clouds,scattered clouds,15
Hosszúhát,47.235556,21.101944,2026-07-17 15:50:41.840115,31.61,30.09,31.61,31.61,1009,27,0.61,66,71,0.0,Clouds,broken clouds,15
Szerep,47.234444,21.145833,2026-07-17 15:50:43.017224,31.68,30.16,31.68,31.68,1009,27,0.57,47,73,0.0,Clouds,broken clouds,15
Sárrétudvari,47.231667,21.180833,2026-07-17 15:50:44.187328,31.71,30.11,31.71,31.71,1009,26,0.6,26,76,0.0,Clouds,broken clouds,15
Biharnagybajom,47.208889,21.221944,2026-07-17 15:50:45.355374,31.85,30.25,31.85,31.85,1009,26,0.74,350,81,0.0,Clouds,broken clouds,15
Füzesgyarmat,47.113056,21.194444,2026-07-17 15:50:46.532721,32.12,30.44,32.12,32.12,1009,25,0.29,248,77,0.0,Clouds,broken clouds,15
Füzesgyarmatfürdő,47.093787,21.201582,2026-07-17 15:50:47.716381,32.12,30.44,32.12,32.12,1009,25,0.29,248,77,0.0,Clouds,broken clouds,15
Báránd,47.299722,21.235278,2026-07-17 15:50:48.884426,31.44,29.92,31.44,31.44,1009,27,1.16,358,70,0.0,Clouds,broken clouds,15
Sáp,47.259722,21.360556,2026-07-17 15:50:50.058946,31.76,30.16,31.76,31.76,1009,26,1.49,339,81,0.0,Clouds,broken clouds,15
Berettyóújfalu,47.211944,21.535556,2026-07-17 15:50:51.225613,32.24,30.57,32.24,32.24,1009,25,1.49,324,85,0.0,Clouds,overcast clouds,15
Mezőpeterd,47.176111,21.625278,2026-07-17 15:50:52.393689,35.28,33.93,35.28,35.28,1009,24,0.84,319,83,0.0,Clouds,broken clouds,15
Biharkeresztes,47.135556,21.721389,2026-07-17 15:50:53.566493,35.25,34.24,35.25,35.25,1009,26,0.23,160,75,0.0,Clouds,broken clouds,15
Tócóvölgy,47.529444,21.588889,2026-07-17 15:50:54.738217,31.12,29.6,31.12,31.12,1010,27,2.15,347,21,0.0,Clouds,few clouds,15
Sáregres,46.7825,18.588889,2026-07-17 15:50:55.904216,31.71,29.95,31.71,31.71,1008,24,2.19,176,85,0.0,Clouds,overcast clouds,15
Simontornya,46.756582,18.540674,2026-07-17 15:50:57.072023,31.71,29.95,31.71,31.71,1008,24,3.06,203,82,0.0,Clouds,broken clouds,15
Tolnanémedi,46.727778,18.475833,2026-07-17 15:50:58.237556,31.9,30.07,31.9,31.9,1008,23,3.68,210,79,0.0,Clouds,broken clouds,15
Pincehely,46.681389,18.43,2026-07-17 15:50:59.411905,32.18,30.34,32.18,32.18,1008,23,5.04,221,72,0.0,Clouds,broken clouds,15
Keszőhidegkút-Gyönk,46.597778,18.426111,2026-07-17 15:51:00.579750,32.77,30.86,32.77,32.77,1008,22,5.42,226,63,0.0,Clouds,broken clouds,15
Szárazd,46.575556,18.420833,2026-07-17 15:51:01.754754,32.99,31.08,32.99,32.99,1008,22,5.45,228,61,0.0,Clouds,broken clouds,15
Regöly,46.568889,18.396111,2026-07-17 15:51:02.928518,32.99,31.08,32.99,32.99,1008,22,5.45,228,61,0.0,Clouds,broken clouds,15
Szakály-Hőgyész,46.523611,18.389444,2026-07-17 15:51:04.103660,33.14,31.24,33.14,33.14,1008,22,5.57,232,58,0.0,Clouds,broken clouds,15
Dúzs,46.493889,18.377222,2026-07-17 15:51:05.273745,33.3,31.5,33.3,33.3,1008,23,5.49,233,58,0.0,Clouds,broken clouds,15
Csibrák,46.466667,18.336389,2026-07-17 15:51:06.451443,33.36,31.57,33.36,33.36,1008,23,5.49,235,58,0.0,Clouds,broken clouds,15
Kurd,46.449167,18.319167,2026-07-17 15:51:07.617184,33.09,31.28,33.09,33.09,1008,23,5.36,236,58,0.0,Clouds,broken clouds,15
Döbrököz,46.418889,18.255,2026-07-17 15:51:08.789670,33.24,31.54,33.24,33.24,1008,24,5.17,236,60,0.0,Clouds,broken clouds,15
Dombóvár,46.37,18.149722,2026-07-17 15:51:09.966627,33.04,31.42,33.04,33.04,1008,25,4.09,229,61,0.0,Clouds,broken clouds,15
Dombóvár alsó,46.363889,18.134167,2026-07-17 15:51:11.135196,33.04,31.42,33.04,33.04,1008,25,4.09,229,61,0.0,Clouds,broken clouds,15
Somoskőújfalu,48.154722,19.815556,2026-07-17 15:51:12.299975,26.47,26.47,26.47,26.47,1010,39,2.34,119,75,0.0,Clouds,broken clouds,15
Jászfényszaru,47.593056,19.754444,2026-07-17 15:51:13.477665,29.49,28.5,29.49,29.49,1009,33,2.95,116,91,0.0,Clouds,overcast clouds,15
Pusztamonostor,47.564444,19.794167,2026-07-17 15:51:14.645663,34.94,35.25,34.94,34.94,1009,33,2.86,117,91,0.0,Clouds,overcast clouds,15
Jászberény,47.494444,19.893333,2026-07-17 15:51:15.816376,35.04,35.17,35.04,35.04,1009,32,2.86,125,87,0.0,Clouds,overcast clouds,15
Meggyespele,47.441944,19.938889,2026-07-17 15:51:16.988617,35.06,35.2,35.06,35.06,1009,32,3.11,138,83,0.0,Clouds,broken clouds,15
Portelek,47.418056,19.958889,2026-07-17 15:51:18.154528,35.08,35.23,35.08,35.08,1009,32,3.41,141,81,0.0,Clouds,broken clouds,15
Jászboldogháza-Jánoshida,47.366944,20.001389,2026-07-17 15:51:19.317956,35.07,35.21,35.07,35.07,1009,32,3.88,148,76,0.0,Clouds,broken clouds,15
Jászárokszállás,47.635556,19.971111,2026-07-17 15:51:20.489081,29.43,28.6,29.43,29.43,1009,35,1.8,141,84,0.0,Clouds,broken clouds,15
Jászdózsa,47.563056,20.028056,2026-07-17 15:51:21.656577,29.69,28.77,29.69,29.69,1009,34,1.85,142,79,0.0,Clouds,broken clouds,15
Jászapáti,47.513611,20.155,2026-07-17 15:51:22.823174,29.99,28.9,29.99,29.99,1009,32,2.56,139,63,0.0,Clouds,broken clouds,15
Jászkisér,47.456111,20.203333,2026-07-17 15:51:23.990836,33.9,33.51,33.9,33.9,1009,32,2.96,144,59,0.0,Clouds,broken clouds,15
Jászladány,47.373333,20.159167,2026-07-17 15:51:25.168397,35.12,35.06,35.12,35.12,1009,31,3.62,163,61,0.0,Clouds,broken clouds,15
Szászberek,47.320556,20.090833,2026-07-17 15:51:26.340289,35.11,35.28,35.11,36.66,1009,32,3.77,166,64,0.0,Clouds,broken clouds,15
Gyöngyöshalász,47.743056,19.932222,2026-07-17 15:51:27.506065,28.86,28.22,28.86,28.86,1010,37,2.09,140,81,0.0,Clouds,broken clouds,15
Gyöngyös,47.783056,19.937222,2026-07-17 15:51:28.680828,28.45,27.85,28.45,28.45,1010,37,1.8,149,75,0.0,Clouds,broken clouds,15
Erdőtelek,47.683333,20.3025,2026-07-17 15:51:29.848238,29.39,28.48,29.39,29.39,1010,34,2.26,151,40,0.0,Clouds,scattered clouds,15
Heves,47.609444,20.306111,2026-07-17 15:51:31.031045,33.83,33.6,33.83,33.83,1010,33,2.66,143,45,0.0,Clouds,scattered clouds,15
Hevesvezekény,47.562222,20.365833,2026-07-17 15:51:32.202438,33.87,33.85,33.87,33.87,1010,34,2.73,143,45,0.0,Clouds,scattered clouds,15
Tarnaszentmiklós,47.546944,20.390833,2026-07-17 15:51:33.366390,33.88,33.87,33.88,33.88,1010,34,2.74,144,48,0.0,Clouds,scattered clouds,15
Kisköre,47.495556,20.481667,2026-07-17 15:51:34.540547,33.9,33.9,33.9,33.9,1010,34,0.89,106,57,0.0,Clouds,broken clouds,15
Abádszalók,47.455278,20.553056,2026-07-17 15:51:35.710078,33.88,33.87,33.88,33.88,1010,34,0.89,106,58,0.0,Clouds,broken clouds,15
Kunhegyes,47.376667,20.641111,2026-07-17 15:51:36.877430,33.88,33.87,33.88,33.88,1009,34,0.34,223,48,0.0,Clouds,scattered clouds,15
Kenderes,47.254444,20.686111,2026-07-17 15:51:38.045748,33.91,32.84,33.91,33.91,1009,28,0.83,17,52,0.0,Clouds,broken clouds,15
Maklár,47.808056,20.404722,2026-07-17 15:51:39.213304,30.55,30.09,29.57,30.55,1011,38,1.82,97,38,0.0,Clouds,scattered clouds,15
Andornaktálya,47.852203,20.402295,2026-07-17 15:51:40.382368,30.49,30.14,29.51,30.49,1011,39,2.19,82,51,0.0,Clouds,broken clouds,15
Eger,47.891667,20.381667,2026-07-17 15:51:41.552543,30.05,30.11,29.42,31.67,1011,43,2.24,86,60,0.0,Clouds,broken clouds,15
Egervár,47.908056,20.380556,2026-07-17 15:51:42.723269,29.87,29.89,29.24,31.48,1011,43,2.49,82,67,0.0,Clouds,broken clouds,15
Eger-Felnémet,47.936667,20.370556,2026-07-17 15:51:43.892090,29.93,29.97,29.29,31.54,1012,43,2.72,79,73,0.0,Clouds,broken clouds,15
Szarvaskő,47.988611,20.3325,2026-07-17 15:51:45.057612,29.57,29.53,28.88,31.13,1012,43,2.96,80,81,0.0,Clouds,broken clouds,15
Mónosbél,48.031944,20.33,2026-07-17 15:51:46.227011,29.41,29.35,28.7,30.95,1012,43,3.03,84,86,0.0,Clouds,overcast clouds,15
Bélapátfalva,48.055556,20.340556,2026-07-17 15:51:47.402286,29.13,29.03,28.41,30.65,1012,43,2.96,87,88,0.0,Clouds,overcast clouds,15
Bélapátfalvi Cementgyár,48.058056,20.355,2026-07-17 15:51:48.571296,29.08,28.98,28.36,30.61,1012,43,2.96,87,88,0.0,Clouds,overcast clouds,15
Szilvásvárad,48.11345,20.37919,2026-07-17 15:51:49.744725,28.84,28.72,28.23,30.48,1012,43,2.53,97,94,0.0,Clouds,overcast clouds,15
Hejőkeresztúr,47.960278,20.869444,2026-07-17 15:51:50.915760,33.57,33.42,32.02,33.57,1011,34,0.45,194,73,0.0,Clouds,broken clouds,15
Tiszaújváros,47.926111,21.030556,2026-07-17 15:51:52.081588,33.62,34.55,33.62,33.62,1010,39,1.26,202,56,0.0,Clouds,broken clouds,15
Miskolc-Gömöri,48.106667,20.800278,2026-07-17 15:51:53.254852,32.36,36.4,29.66,33.47,1011,55,3.38,271,54,0.0,Clouds,broken clouds,15
Sajókeresztúr,48.168008,20.774014,2026-07-17 15:51:54.426887,31.9,38.9,29.61,33.41,1011,69,3.12,262,48,0.0,Clouds,scattered clouds,15
Sajóecseg,48.186111,20.766667,2026-07-17 15:51:55.596967,31.9,38.9,29.65,33.45,1011,69,2.97,258,46,0.0,Clouds,scattered clouds,15
Sajószentpéter,48.222222,20.708056,2026-07-17 15:51:56.763379,31.42,38.42,29.55,33.36,1011,69,2.76,252,46,0.0,Clouds,scattered clouds,15
Kazincbarcika,48.264444,20.6275,2026-07-17 15:51:57.930770,30.99,31.36,29.56,31.81,1011,43,2.06,224,66,0.0,Clouds,broken clouds,15
Sajókaza,48.272778,20.581944,2026-07-17 15:51:59.101181,30.64,30.88,29.55,31.8,1011,43,1.94,216,73,0.0,Clouds,broken clouds,15
Vadna,48.276389,20.555278,2026-07-17 15:52:00.271968,30.28,30.41,29.53,31.78,1011,43,1.94,216,73,0.0,Clouds,broken clouds,15
Dubicsány,48.280833,20.504722,2026-07-17 15:52:01.438583,29.52,29.59,29.52,31.76,1011,44,1.87,183,86,0.0,Clouds,overcast clouds,15
Raposka,46.851389,17.412778,2026-07-17 15:52:02.610011,29.73,29.18,29.73,29.73,1008,38,3.24,240,75,0.0,Clouds,broken clouds,15
Ivacs,47.641944,19.273889,2026-07-17 15:52:03.774353,31.3,31.63,31.12,31.3,1010,42,5.4,315,37,0.0,Clouds,scattered clouds,15
Kisköre-Tiszahíd,47.480835,20.507698,2026-07-17 15:52:04.944459,33.88,33.87,33.88,33.88,1010,34,0.89,106,59,0.0,Clouds,broken clouds,15
Rozsály,47.912778,22.7825,2026-07-17 15:52:06.115924,33.92,33.18,33.92,33.92,1010,30,4.34,96,42,0.0,Clouds,scattered clouds,15
Pusztakettős,47.453611,20.749722,2026-07-17 15:52:07.288922,33.88,33.87,33.88,33.88,1010,34,0.35,190,33,0.0,Clouds,scattered clouds,15
Kisvác,47.795278,19.113611,2026-07-17 15:52:08.458332,31.45,36.67,31.45,31.45,1011,63,1.24,264,61,0.0,Clouds,broken clouds,15
Tiszafüred-Gyártelep,47.6075,20.736111,2026-07-17 15:52:09.628156,33.85,33.82,33.85,33.85,1010,34,0.7,191,51,0.0,Clouds,broken clouds,15
Újkenéz,48.251111,22.221667,2026-07-17 15:52:10.800186,30.96,29.99,30.96,30.96,1010,33,4.3,107,41,0.0,Clouds,scattered clouds,15
Püspökladány-Vásártér,47.319167,21.096111,2026-07-17 15:52:11.968965,31.34,29.9,31.34,31.34,1009,28,0.8,41,61,0.0,Clouds,broken clouds,15
Végegyháza alsó,46.3675,20.866944,2026-07-17 15:52:13.135319,34.49,32.59,34.49,34.49,1009,21,1.72,185,0,0.0,Clear,clear sky,15
Orosháza felső,46.553611,20.655278,2026-07-17 15:52:14.316194,34.48,32.58,34.48,34.48,1009,21,2.62,150,8,0.0,Clear,clear sky,15
Ambrózfalva,46.353056,20.740556,2026-07-17 15:52:15.482401,34.73,32.86,34.73,34.73,1009,21,2.02,154,0,0.0,Clear,clear sky,15
Alsónyék,46.199444,18.738056,2026-07-17 15:52:16.650526,38.04,36.5,38.04,38.04,1008,19,4.11,226,31,0.0,Clouds,scattered clouds,15
Tompapuszta,46.321389,20.966389,2026-07-17 15:52:17.816832,34.49,41.49,34.48,36.19,1010,100,1.42,226,0,0.0,Clear,clear sky,15
Halászlak,46.911879,20.56228,2026-07-17 15:52:18.987375,32.64,30.81,32.64,32.64,1009,23,1.33,182,44,0.0,Clouds,scattered clouds,15
Sirató,46.840556,20.61,2026-07-17 15:52:20.153012,33.13,31.23,33.13,33.13,1009,22,1.56,160,41,0.0,Clouds,scattered clouds,15
Csabacsűd felső,46.829167,20.649167,2026-07-17 15:52:21.324779,33.11,31.21,33.11,33.11,1009,22,1.66,160,44,0.0,Clouds,scattered clouds,15
Orosháza-Üveggyár,46.579979,20.683644,2026-07-17 15:52:22.497804,34.38,32.47,34.38,34.38,1009,21,2.42,154,12,0.0,Clouds,few clouds,15
Gyulai városerdő,46.69482,21.32281,2026-07-17 15:52:23.662786,34.97,33.87,34.97,34.97,1009,26,2.56,200,56,0.0,Clouds,broken clouds,15
Kórógyszentgyörgy,46.564377,20.224998,2026-07-17 15:52:24.827577,34.45,32.79,34.45,39.47,1009,23,2.62,164,44,0.0,Clouds,scattered clouds,15
Kunszállás,46.784444,19.767222,2026-07-17 15:52:25.995079,36.61,35.09,36.05,36.61,1009,21,3.7,199,45,0.0,Clouds,scattered clouds,15
Selymes,46.655321,19.8534,2026-07-17 15:52:27.164218,36.11,35.85,36.11,36.68,1009,28,3.73,224,50,0.0,Clouds,scattered clouds,15
Petőfiszállási tanyák,46.587805,19.874509,2026-07-17 15:52:28.333553,36.41,35.61,35.01,36.72,1009,25,3.14,234,53,0.0,Clouds,broken clouds,15
Kisteleki szőlők,46.514199,19.92868,2026-07-17 15:52:29.499389,35.32,33.54,35.0,36.7,1009,21,2.34,242,51,0.0,Clouds,broken clouds,15
Kapitányság,46.435336,19.987564,2026-07-17 15:52:30.668368,35.02,33.61,35.02,35.02,1009,24,2.15,225,41,0.0,Clouds,scattered clouds,15
Őszeszék,46.39025,20.016017,2026-07-17 15:52:31.839617,35.05,33.65,35.05,35.05,1009,24,2.46,212,31,0.0,Clouds,scattered clouds,15
Vilmaszállás,46.366389,20.030833,2026-07-17 15:52:33.010283,35.03,33.62,35.03,35.03,1009,24,1.79,216,26,0.0,Clouds,scattered clouds,15
Jánosszállás,46.334359,20.051199,2026-07-17 15:52:34.180229,35.06,33.66,35.06,35.06,1009,24,2.73,206,20,0.0,Clouds,few clouds,15
Felsőpakony,47.343056,19.230556,2026-07-17 15:52:35.343722,34.31,35.2,34.31,34.41,1008,37,2.93,243,56,0.0,Clouds,broken clouds,15
Felsőméntelek,46.987074,19.557745,2026-07-17 15:52:36.508916,31.3,29.56,31.3,31.3,1009,24,3.18,115,64,0.0,Clouds,broken clouds,15
Alsóméntelek,46.961558,19.579121,2026-07-17 15:52:37.683055,31.4,29.65,31.4,31.4,1009,24,2.96,124,63,0.0,Clouds,broken clouds,15
Nagynyír,46.943319,19.585447,2026-07-17 15:52:38.852514,31.49,29.74,31.49,31.49,1009,24,2.86,135,62,0.0,Clouds,broken clouds,15
Úrihegy,46.917778,19.621389,2026-07-17 15:52:40.033026,36.5,35.52,35.93,36.5,1009,24,2.85,145,60,0.0,Clouds,broken clouds,15
Miklóstelep,46.913412,19.630913,2026-07-17 15:52:41.200241,36.51,35.54,35.95,36.51,1009,24,2.74,141,61,0.0,Clouds,broken clouds,15
Tiszajenő alsó,47.016944,20.134444,2026-07-17 15:52:42.368613,36.68,37.81,36.68,36.68,1009,32,0.45,249,80,0.0,Clouds,broken clouds,15
Óbög,46.987222,20.111111,2026-07-17 15:52:43.548163,36.66,37.77,36.66,36.66,1009,32,3.18,29,78,0.0,Clouds,broken clouds,15
Árpádszállás,46.866456,19.989163,2026-07-17 15:52:44.714660,36.41,35.4,36.1,36.67,1009,24,1.23,96,53,0.0,Clouds,broken clouds,15
Tőserdő,46.851111,19.980278,2026-07-17 15:52:45.880668,36.42,35.41,36.12,36.69,1009,24,1.07,138,48,0.0,Clouds,scattered clouds,15
Tiszaalpár felső,46.836256,19.976753,2026-07-17 15:52:47.064099,36.45,35.45,34.39,36.72,1009,24,1.07,138,48,0.0,Clouds,scattered clouds,15
Borsihalom,46.773056,19.92,2026-07-17 15:52:48.231416,36.43,35.43,34.38,36.7,1009,24,2.43,195,42,0.0,Clouds,scattered clouds,15
Petőfiváros,46.725556,19.848611,2026-07-17 15:52:49.397898,36.67,35.16,36.1,36.67,1009,21,3.88,210,43,0.0,Clouds,scattered clouds,15
Csorna,47.601944,17.248889,2026-07-17 15:52:50.562234,25.59,26.19,25.59,25.59,1011,76,12.48,319,100,0.0,Clouds,overcast clouds,15
Szorgalmatos,47.986667,21.366389,2026-07-17 15:52:51.732002,32.64,31.56,32.64,32.64,1010,30,2.69,132,8,0.0,Clear,clear sky,15
Fótfürdő,47.6225,19.200556,2026-07-17 15:52:52.895701,33.09,32.93,31.12,34.01,1010,35,4.84,333,45,0.0,Clouds,scattered clouds,15
Fenyveshegy,47.818333,19.068056,2026-07-17 15:52:54.060088,28.22,30.54,28.22,28.22,1010,66,1.04,121,68,0.0,Clouds,broken clouds,15
Hűvösvölgy,47.541202,18.96351,2026-07-17 15:52:55.230969,31.07,31.0,30.66,33.55,1009,40,1.79,119,88,0.0,Clouds,overcast clouds,15
Hárshegy,47.535318,18.961433,2026-07-17 15:52:56.392635,31.07,31.0,30.66,33.55,1009,40,1.79,119,88,0.0,Clouds,overcast clouds,15
Szépjuhászné,47.528277,18.955246,2026-07-17 15:52:57.571514,30.14,29.97,29.77,32.66,1009,41,1.79,119,88,0.0,Clouds,overcast clouds,15
Jánoshegy,47.51433,18.95047,2026-07-17 15:52:58.738580,30.02,29.95,29.68,32.57,1009,42,1.79,119,88,0.0,Clouds,overcast clouds,15
Virágvölgy,47.505965,18.95876,2026-07-17 15:52:59.903285,29.73,29.72,29.36,32.26,1009,43,2.24,212,87,0.0,Clouds,overcast clouds,15
Csillebérc,47.498196,18.961694,2026-07-17 15:53:01.085458,29.61,29.47,29.13,32.03,1009,42,2.24,212,87,0.0,Clouds,overcast clouds,15
Normafa,47.5,18.970558,2026-07-17 15:53:02.255888,29.76,29.64,29.18,32.08,1009,42,2.24,212,87,0.0,Clouds,overcast clouds,15
Széchenyihegy,47.49413,18.977049,2026-07-17 15:53:03.418737,30.07,29.89,29.2,32.1,1009,41,2.24,212,82,0.0,Clouds,broken clouds,15
Balatonfőkajár felső,47.031389,18.215278,2026-07-17 15:53:04.593109,32.95,39.75,30.18,32.95,1008,61,2.63,210,96,0.0,Clouds,overcast clouds,15
Piroska,47.148333,20.129722,2026-07-17 15:53:05.762676,36.68,37.81,35.12,36.68,1009,32,0.45,249,74,0.0,Clouds,broken clouds,15
Somodor,46.4725,17.836667,2026-07-17 15:53:06.932329,32.16,30.57,32.16,32.16,1008,26,4.14,186,62,0.0,Clouds,broken clouds,15
Középmező,45.995833,18.668889,2026-07-17 15:53:08.097363,38.03,38.84,38.03,38.03,1008,28,4.76,249,23,0.0,Clouds,few clouds,15
Jobbágyi,47.828889,19.6875,2026-07-17 15:53:09.263867,29.04,28.31,29.04,29.04,1010,36,1.55,127,81,0.0,Clouds,broken clouds,15
Ferihegy,47.437222,19.223889,2026-07-17 15:53:10.427349,33.69,34.44,31.35,34.25,1008,38,2.07,297,42,0.0,Clouds,scattered clouds,15
Máriapócs,47.852778,22.019167,2026-07-17 15:53:11.595705,31.05,29.69,31.05,31.05,1010,29,1.75,60,45,0.0,Clouds,scattered clouds,15
Máriaudvar,47.751944,19.165,2026-07-17 15:53:12.769724,31.48,36.45,31.48,31.48,1011,62,3.04,315,58,0.0,Clouds,broken clouds,15
Nagyberki,46.353333,18.004167,2026-07-17 15:53:13.936593,32.71,31.17,32.71,32.71,1008,26,3.39,205,58,0.0,Clouds,broken clouds,15
Badacsonytomaj,46.804722,17.518056,2026-07-17 15:53:15.106637,29.31,29.13,29.31,29.31,1008,42,2.69,198,82,0.0,Clouds,broken clouds,15
Badacsony,46.788611,17.506389,2026-07-17 15:53:16.277588,29.54,29.28,29.54,29.54,1008,41,2.9,202,78,0.0,Clouds,broken clouds,15
Badacsonylábdihegy,46.793889,17.470833,2026-07-17 15:53:17.448805,29.54,29.28,29.54,29.54,1008,41,2.9,202,78,0.0,Clouds,broken clouds,15
Badacsonytördemic-Szigliget,46.809722,17.469167,2026-07-17 15:53:18.625173,29.45,29.18,29.45,29.45,1008,41,2.7,207,79,0.0,Clouds,broken clouds,15
Nemesgulács-Kisapáti,46.836944,17.476389,2026-07-17 15:53:19.796930,33.81,35.36,33.81,33.81,1008,41,2.52,213,81,0.0,Clouds,broken clouds,15
Tapolca,46.877778,17.428611,2026-07-17 15:53:20.967438,33.72,34.71,33.72,33.72,1008,39,3.29,246,78,0.0,Clouds,broken clouds,15
Uzsabánya alsó,46.898333,17.345278,2026-07-17 15:53:22.142306,28.55,28.01,28.55,28.55,1008,38,4.25,258,78,0.0,Clouds,broken clouds,15
Uzsa,46.920278,17.331667,2026-07-17 15:53:23.309690,29.21,28.64,29.21,29.21,1008,38,4.34,259,82,0.0,Clouds,broken clouds,15
Sümegi Bazaltbánya,46.9525,17.2925,2026-07-17 15:53:24.475511,29.14,28.66,29.14,29.14,1008,39,4.79,261,84,0.0,Clouds,broken clouds,15
Sümeg,46.981111,17.270833,2026-07-17 15:53:25.645484,29.23,28.75,29.23,29.23,1008,39,5.26,259,83,0.0,Clouds,broken clouds,15
Gógánfa,47.021111,17.207778,2026-07-17 15:53:26.819899,28.99,28.6,28.99,28.99,1008,40,5.15,250,86,0.0,Clouds,overcast clouds,15
Ukk,47.041944,17.195833,2026-07-17 15:53:27.987612,28.93,28.54,28.93,28.93,1008,40,5.04,243,84,0.0,Clouds,broken clouds,15
Nemeskeresztúr,47.093611,17.183611,2026-07-17 15:53:29.156597,28.66,28.27,28.66,28.66,1008,40,4.92,233,88,0.0,Clouds,overcast clouds,15
Jánosháza,47.115833,17.171667,2026-07-17 15:53:30.322154,28.61,28.22,28.61,28.61,1008,40,4.87,229,89,0.0,Clouds,overcast clouds,15
Keszthely,46.758333,17.248056,2026-07-17 15:53:31.488468,30.27,29.45,30.27,30.27,1008,35,5.12,253,56,0.0,Clouds,broken clouds,15
Alsógyenes,46.765844,17.276435,2026-07-17 15:53:32.655397,30.24,29.52,30.24,30.24,1008,36,4.36,246,60,0.0,Clouds,broken clouds,15
Gyenesdiás,46.763333,17.292778,2026-07-17 15:53:33.820455,30.24,29.52,30.24,30.24,1008,36,4.36,246,60,0.0,Clouds,broken clouds,15
Vonyarcvashegy,46.755278,17.318333,2026-07-17 15:53:34.998220,29.62,28.87,29.62,29.62,1008,36,3.98,241,63,0.0,Clouds,broken clouds,15
Balatongyörök,46.751944,17.354444,2026-07-17 15:53:36.164245,30.12,29.49,30.12,30.12,1008,37,3.64,234,66,0.0,Clouds,broken clouds,15
Becehegy,46.776111,17.372778,2026-07-17 15:53:37.336685,28.87,28.23,28.87,28.87,1008,37,3.59,238,67,0.0,Clouds,broken clouds,15
Balatonederics,46.8025,17.385,2026-07-17 15:53:38.508474,28.71,28.08,28.71,28.71,1008,37,3.59,242,70,0.0,Clouds,broken clouds,15
Dabronc,47.025766,17.167006,2026-07-17 15:53:39.675453,29.01,28.62,29.01,29.01,1008,40,5.14,248,82,0.0,Clouds,broken clouds,15
Türje,46.994444,17.093611,2026-07-17 15:53:40.843294,29.02,28.72,29.02,29.02,1008,41,4.98,249,73,0.0,Clouds,broken clouds,15
Zalabér-Batyk,46.983056,17.040833,2026-07-17 15:53:42.015579,29.18,28.98,29.18,29.18,1009,42,4.23,246,60,0.0,Clouds,broken clouds,15
Pakod,46.959167,16.996667,2026-07-17 15:53:43.183063,29.08,28.88,29.08,29.08,1009,42,3.86,244,57,0.0,Clouds,broken clouds,15
Pókaszepetk,46.924444,16.972222,2026-07-17 15:53:44.350092,29.46,29.09,29.46,29.46,1009,40,4.1,246,53,0.0,Clouds,broken clouds,15
Kemendollár,46.905833,16.946667,2026-07-17 15:53:45.522647,29.19,28.8,29.19,29.19,1009,40,3.66,242,51,0.0,Clouds,broken clouds,15
Zalaegerszeg,46.833056,16.848333,2026-07-17 15:53:46.687583,29.46,29.09,29.46,29.46,1008,40,2.59,214,38,0.0,Clouds,scattered clouds,15
Bocfölde,46.780278,16.853611,2026-07-17 15:53:47.849437,29.14,28.57,29.14,29.14,1008,38,2.98,216,36,0.0,Clouds,scattered clouds,15
Sárhida,46.755833,16.851389,2026-07-17 15:53:49.027508,28.86,28.64,28.86,28.86,1008,42,3.09,218,34,0.0,Clouds,scattered clouds,15
Bak,46.7325,16.849167,2026-07-17 15:53:50.192248,29.32,29.24,29.32,29.32,1008,43,3.15,220,33,0.0,Clouds,scattered clouds,15
Tófej,46.670833,16.801944,2026-07-17 15:53:51.357030,29.26,29.28,29.26,29.26,1008,44,3.04,215,28,0.0,Clouds,scattered clouds,15
Gutorfölde,46.646944,16.739722,2026-07-17 15:53:52.527278,29.59,29.67,29.59,29.59,1008,44,3.18,202,23,0.0,Clouds,few clouds,15
Csömödér-Páka,46.608056,16.641111,2026-07-17 15:53:53.696451,31.85,32.8,31.85,31.85,1008,44,3.66,204,15,0.0,Clouds,few clouds,15
Iklódbördőce,46.603056,16.604722,2026-07-17 15:53:54.866921,31.85,32.8,31.85,31.85,1008,44,4.27,205,12,0.0,Clouds,few clouds,15
Lenti,46.621389,16.528611,2026-07-17 15:53:56.035161,31.79,32.91,31.79,31.79,1008,45,5.0,205,11,0.0,Clouds,few clouds,15
Rédics,46.618056,16.471111,2026-07-17 15:53:57.203964,31.79,32.91,31.79,31.79,1008,45,5.11,208,11,0.0,Clouds,few clouds,15
Zalalövő,46.845556,16.576389,2026-07-17 15:53:58.369542,28.76,29.47,28.76,28.76,1008,51,2.51,222,27,0.0,Clouds,scattered clouds,15
Zalaegerszeg-Ola,46.849167,16.844722,2026-07-17 15:53:59.556769,29.46,29.09,29.46,29.46,1008,40,2.59,214,38,0.0,Clouds,scattered clouds,15
Andráshida,46.863116,16.7792,2026-07-17 15:54:00.729698,29.3,29.12,29.3,29.3,1008,42,2.08,207,37,0.0,Clouds,scattered clouds,15
Bagod,46.875,16.746111,2026-07-17 15:54:01.896087,29.32,29.24,29.32,29.32,1008,43,1.8,196,34,0.0,Clouds,scattered clouds,15
Zalaszentgyörgy,46.872222,16.7125,2026-07-17 15:54:03.061466,29.19,29.31,29.19,29.19,1008,45,1.72,196,33,0.0,Clouds,scattered clouds,15
Zalacséb-Salomvár,46.858056,16.662222,2026-07-17 15:54:04.230425,28.88,29.06,28.88,28.88,1008,46,1.63,200,32,0.0,Clouds,scattered clouds,15
Kópháza,47.631389,16.6375,2026-07-17 15:54:05.405174,25.36,26.04,25.36,25.36,1011,80,7.67,309,94,1.12,Rain,moderate rain,15
Nagycenk,47.601111,16.690278,2026-07-17 15:54:06.574670,25.54,26.24,25.54,25.54,1011,80,7.66,313,97,0.97,Rain,light rain,15
Sopronkövesd,47.548333,16.748056,2026-07-17 15:54:07.748142,25.35,26.06,25.35,25.35,1011,81,8.11,319,99,0.97,Rain,light rain,15
Lövő,47.509444,16.7775,2026-07-17 15:54:08.915649,25.28,25.98,25.28,25.28,1011,81,8.98,322,100,0.97,Rain,light rain,15
Újkér,47.457778,16.786667,2026-07-17 15:54:10.087046,25.45,26.17,25.45,25.45,1011,81,9.3,319,100,0.95,Rain,light rain,15
Bük,47.388611,16.752222,2026-07-17 15:54:11.259711,25.7,26.41,25.7,25.7,1010,80,10.14,310,100,0.97,Rain,light rain,15
Acsád,47.308333,16.734722,2026-07-17 15:54:12.426557,25.64,26.32,25.64,25.64,1010,79,11.3,305,98,1.0,Rain,light rain,15
Salköveskút-Vassurány,47.291389,16.704167,2026-07-17 15:54:13.597235,25.8,26.45,25.8,25.8,1010,77,11.5,304,96,0.89,Rain,light rain,15
Zalaszentiván,46.8875,16.909444,2026-07-17 15:54:14.762959,29.51,28.94,29.51,29.51,1009,38,2.9,232,45,0.0,Clouds,scattered clouds,15
Alsónemesapáti,46.854167,16.936389,2026-07-17 15:54:15.931450,29.67,29.11,29.67,29.67,1009,38,4.02,242,48,0.0,Clouds,scattered clouds,15
Józsa,47.600833,21.584444,2026-07-17 15:54:17.096738,30.7,29.27,30.7,30.7,1010,28,2.35,341,15,0.0,Clouds,few clouds,15
Hajdúszentgyörgy,47.608056,21.578333,2026-07-17 15:54:18.265850,30.7,29.27,30.7,30.7,1010,28,2.35,341,15,0.0,Clouds,few clouds,15
Zelemér,47.627778,21.578333,2026-07-17 15:54:19.437341,30.59,29.24,30.59,30.59,1010,29,2.4,339,14,0.0,Clouds,few clouds,15
Hajdúböszörmény,47.668056,21.524167,2026-07-17 15:54:20.614518,30.45,29.18,30.45,30.45,1010,30,2.16,344,11,0.0,Clouds,few clouds,15
Hajdúvid,47.749444,21.508056,2026-07-17 15:54:21.780214,30.33,29.15,30.33,30.33,1010,31,1.63,352,11,0.0,Clouds,few clouds,15
Hajdúdorog,47.805556,21.493056,2026-07-17 15:54:22.948370,30.22,29.12,30.22,30.22,1010,32,1.12,356,10,0.0,Clear,clear sky,15
Hajdúnánás,47.831944,21.426667,2026-07-17 15:54:24.115113,30.14,29.13,30.14,30.14,1010,33,1.0,64,9,0.0,Clear,clear sky,15
Hajdúnánás-Vásártér,47.843056,21.407222,2026-07-17 15:54:25.280313,30.14,29.13,30.14,30.14,1010,33,1.0,64,9,0.0,Clear,clear sky,15
Tedej,47.903611,21.404444,2026-07-17 15:54:26.455478,32.65,32.16,32.65,32.65,1010,34,1.47,119,7,0.0,Clear,clear sky,15
Tiszavasvári,47.945278,21.374722,2026-07-17 15:54:27.624343,32.65,31.57,32.65,32.65,1010,30,2.2,126,6,0.0,Clear,clear sky,15
Egyházerdő,47.9725,21.365,2026-07-17 15:54:28.795447,32.67,31.6,32.67,32.67,1010,30,2.46,130,6,0.0,Clear,clear sky,15
Tiszalök,48.013056,21.369167,2026-07-17 15:54:29.961874,32.64,31.56,32.64,32.64,1010,30,2.87,133,11,0.0,Clouds,few clouds,15
Hajnalos,47.998889,21.414167,2026-07-17 15:54:31.132615,32.65,31.57,32.65,32.65,1010,30,2.32,133,10,0.0,Clear,clear sky,15
Kisfástanya,47.989167,21.47,2026-07-17 15:54:32.303589,32.62,31.54,32.62,32.62,1010,30,1.88,134,12,0.0,Clouds,few clouds,15
Tiszaeszlár,48.010556,21.491944,2026-07-17 15:54:33.477951,32.63,31.55,32.63,32.63,1010,30,1.67,135,16,0.0,Clouds,few clouds,15
Bashalom,48.026111,21.514722,2026-07-17 15:54:34.647328,32.6,31.51,32.6,32.6,1010,30,1.91,135,19,0.0,Clouds,few clouds,15
Sáránd,47.415556,21.625,2026-07-17 15:54:35.812158,31.61,30.01,31.61,31.61,1009,26,1.86,349,46,0.0,Clouds,scattered clouds,15
Derecske,47.365,21.584167,2026-07-17 15:54:36.976447,31.69,30.09,31.69,31.69,1009,26,1.78,345,61,0.0,Clouds,broken clouds,15
Derecske-Vásártér,47.352222,21.58,2026-07-17 15:54:38.154648,31.69,30.09,31.69,31.69,1009,26,1.78,345,61,0.0,Clouds,broken clouds,15
Konyár,47.323611,21.666111,2026-07-17 15:54:39.320779,32.07,30.39,32.07,32.07,1009,25,1.23,346,74,0.0,Clouds,broken clouds,15
Konyári Sóstófürdő,47.324167,21.744444,2026-07-17 15:54:40.492891,32.3,30.54,32.3,32.3,1009,24,0.59,12,71,0.0,Clouds,broken clouds,15
Pocsaj-Esztár,47.288333,21.793056,2026-07-17 15:54:41.660986,35.24,33.88,35.24,35.24,1009,24,0.38,101,72,0.0,Clouds,broken clouds,15
Kismarja,47.243889,21.813889,2026-07-17 15:54:42.831688,35.24,33.73,35.24,35.24,1009,23,0.54,129,77,0.0,Clouds,broken clouds,15
Nagykereki,47.191667,21.8,2026-07-17 15:54:44.002470,35.23,34.21,35.23,35.23,1009,26,0.61,135,77,0.0,Clouds,broken clouds,15
Debrecen-Szabadságtelep,47.527778,21.658611,2026-07-17 15:54:45.172344,31.22,29.62,31.22,31.22,1010,26,2.26,345,23,0.0,Clouds,few clouds,15
Kondoroskert,47.525556,21.713889,2026-07-17 15:54:46.342364,31.4,29.8,31.4,31.4,1010,26,2.25,346,27,0.0,Clouds,scattered clouds,15
Nagycsere,47.523889,21.763056,2026-07-17 15:54:47.513761,31.49,29.81,31.49,31.49,1010,25,2.2,347,29,0.0,Clouds,scattered clouds,15
Haláp,47.521667,21.818333,2026-07-17 15:54:48.681014,31.54,29.86,31.54,31.54,1010,25,2.14,349,30,0.0,Clouds,scattered clouds,15
Vámospércs,47.518056,21.893889,2026-07-17 15:54:49.848410,31.69,30.01,31.69,31.69,1010,25,1.89,359,32,0.0,Clouds,scattered clouds,15
Szentannapuszta,47.52,21.965833,2026-07-17 15:54:51.016054,31.89,30.21,31.89,31.89,1010,25,1.76,13,31,0.0,Clouds,scattered clouds,15
Nyírábrány,47.523889,22.016944,2026-07-17 15:54:52.180832,31.99,30.23,31.99,31.99,1010,24,1.76,21,30,0.0,Clouds,scattered clouds,15
Dombostanya,47.602778,21.706389,2026-07-17 15:54:53.346916,30.99,29.47,30.99,30.99,1010,27,2.52,338,22,0.0,Clouds,few clouds,15
Hajdúsámson,47.608056,21.755278,2026-07-17 15:54:54.513366,31.19,29.59,31.19,31.19,1010,26,2.36,339,30,0.0,Clouds,scattered clouds,15
Tamásipuszta,47.632778,21.796111,2026-07-17 15:54:55.678983,31.16,29.64,31.16,31.16,1010,27,2.19,336,35,0.0,Clouds,scattered clouds,15
Aradványpuszta,47.662778,21.8425,2026-07-17 15:54:56.852284,31.19,29.67,31.19,31.19,1010,27,1.91,333,39,0.0,Clouds,scattered clouds,15
Nyíradony,47.699444,21.903333,2026-07-17 15:54:58.031739,31.22,29.7,31.22,31.22,1010,27,0.72,334,41,0.0,Clouds,scattered clouds,15
Nyírmihálydi,47.7375,21.958889,2026-07-17 15:54:59.198991,31.24,29.72,31.24,31.24,1010,27,0.29,4,40,0.0,Clouds,scattered clouds,15
Nyírgelse,47.750833,21.987778,2026-07-17 15:55:00.365182,31.21,29.69,31.21,31.21,1010,27,0.44,86,39,0.0,Clouds,scattered clouds,15
Nyírbogát,47.793056,22.066389,2026-07-17 15:55:01.541568,31.2,29.76,31.2,31.2,1010,28,1.85,101,34,0.0,Clouds,scattered clouds,15
Nagykálló,47.871111,21.825833,2026-07-17 15:55:02.710025,30.85,29.58,30.85,30.85,1010,30,2.3,348,46,0.0,Clouds,scattered clouds,15
Kállósemjén,47.854722,21.935,2026-07-17 15:55:03.885237,30.97,29.61,30.97,30.97,1010,29,1.63,13,49,0.0,Clouds,scattered clouds,15
Nyírbátor,47.8425,22.131111,2026-07-17 15:55:05.054340,31.08,29.64,31.08,31.08,1010,28,2.3,96,34,0.0,Clouds,scattered clouds,15
Nyírcsászári,47.865556,22.179167,2026-07-17 15:55:06.228672,31.03,29.67,31.03,31.03,1010,29,2.91,96,32,0.0,Clouds,scattered clouds,15
Hodász,47.896111,22.213611,2026-07-17 15:55:07.395829,30.8,29.44,30.8,30.8,1010,29,3.25,97,34,0.0,Clouds,scattered clouds,15
Nyírmeggyes,47.9225,22.256667,2026-07-17 15:55:08.562851,30.64,29.46,30.64,30.64,1010,31,3.58,89,45,0.0,Clouds,scattered clouds,15
Mátészalka,47.951389,22.313333,2026-07-17 15:55:09.728858,30.61,29.42,30.61,30.61,1010,31,3.81,88,53,0.0,Clouds,broken clouds,15
Kocsord,47.941944,22.375833,2026-07-17 15:55:10.893408,30.89,29.71,30.89,30.89,1010,31,3.89,96,57,0.0,Clouds,broken clouds,15
Kocsord alsó,47.946389,22.400556,2026-07-17 15:55:12.058734,30.89,29.71,30.89,30.89,1010,31,3.89,96,57,0.0,Clouds,broken clouds,15
Győrtelek,47.936667,22.424722,2026-07-17 15:55:13.223822,30.96,29.79,30.96,30.96,1010,31,3.95,96,60,0.0,Clouds,broken clouds,15
Győrtelek alsó,47.921111,22.443333,2026-07-17 15:55:14.389847,31.15,29.89,31.15,31.15,1010,30,3.66,101,54,0.0,Clouds,broken clouds,15
Ököritófülpös,47.911389,22.495,2026-07-17 15:55:15.555326,31.22,29.96,31.22,31.22,1010,30,3.66,101,55,0.0,Clouds,broken clouds,15
Porcsalma-Tyukod,47.868056,22.568333,2026-07-17 15:55:16.719675,33.95,32.89,33.95,33.95,1010,28,2.82,116,35,0.0,Clouds,scattered clouds,15
Csenger,47.826111,22.666389,2026-07-17 15:55:17.887447,33.94,32.88,33.94,33.94,1010,28,2.57,124,24,0.0,Clouds,few clouds,15
Kisfái,46.888303,19.807366,2026-07-17 15:55:19.052848,34.0,33.84,33.95,36.59,1009,33,1.34,133,58,0.0,Clouds,broken clouds,15
Nyárlőrinci szőlők,46.8775,19.828333,2026-07-17 15:55:20.217424,34.04,33.9,33.96,36.6,1009,33,1.78,154,54,0.0,Clouds,broken clouds,15
Nyárlőrinc alsó,46.863889,19.878889,2026-07-17 15:55:21.381338,34.54,34.02,33.98,36.62,1009,30,1.58,145,54,0.0,Clouds,broken clouds,15
Tiszaug-Tiszahídfő,46.866106,20.052098,2026-07-17 15:55:22.555035,36.26,35.2,34.14,36.77,1009,24,1.24,83,53,0.0,Clouds,broken clouds,15
Csongrádi úti tanyák,46.690278,19.921667,2026-07-17 15:55:23.724748,36.13,35.23,34.09,36.73,1008,25,3.38,216,42,0.0,Clouds,scattered clouds,15
Kettőshalom,46.689167,20.0225,2026-07-17 15:55:24.891157,36.12,35.21,34.44,36.76,1008,25,2.72,203,38,0.0,Clouds,scattered clouds,15
Csongrád alsó,46.711389,20.126389,2026-07-17 15:55:26.060196,34.45,32.79,34.44,36.76,1008,23,2.22,175,34,0.0,Clouds,scattered clouds,15
Dónát,46.66988,20.368168,2026-07-17 15:55:27.232305,34.46,32.8,34.46,39.47,1009,23,0.45,306,24,0.0,Clouds,few clouds,15
Pusztatemplom,46.676667,20.407222,2026-07-17 15:55:28.397813,34.45,32.79,34.45,39.46,1009,23,0.45,306,21,0.0,Clouds,few clouds,15
Előhát,47.364722,20.653611,2026-07-17 15:55:29.565286,30.7,29.52,30.7,30.7,1009,31,0.22,288,48,0.0,Clouds,scattered clouds,15
Polgárdi-Tekerespuszta,47.017778,18.297778,2026-07-17 15:55:30.741062,33.17,31.68,33.17,33.17,1008,26,1.86,178,94,0.0,Clouds,overcast clouds,15
Szatina-Kishajmás,46.202778,18.083611,2026-07-17 15:55:31.907087,32.82,31.29,32.82,32.82,1009,26,2.6,201,57,0.0,Clouds,broken clouds,15
Márok,45.886944,18.499167,2026-07-17 15:55:33.078028,37.8,38.47,37.8,37.8,1008,28,3.95,233,25,0.0,Clouds,scattered clouds,15
Nagynyárád,45.953333,18.564722,2026-07-17 15:55:34.244455,37.87,38.58,37.87,37.87,1008,28,4.5,240,24,0.0,Clouds,few clouds,15
Szászvár,46.2875,18.369722222222222,2026-07-17 15:55:35.413654,37.46,36.85,37.46,37.46,1009,24,4.51,243,57,0.0,Clouds,broken clouds,15
Cikó,46.263514,18.557605,2026-07-17 15:55:36.580557,37.78,36.82,37.78,37.78,1008,22,4.4,238,44,0.0,Clouds,scattered clouds,15
Gyöngyfa-Magyarmecske,45.983889,17.958889,2026-07-17 15:55:37.746775,34.51,32.73,34.51,34.51,1008,22,3.3,175,66,0.0,Clouds,broken clouds,15
Nagyhát,47.581389,21.445,2026-07-17 15:55:38.923373,30.67,29.32,30.67,30.67,1010,29,1.97,355,15,0.0,Clouds,few clouds,15
Balmazújváros,47.613889,21.348056,2026-07-17 15:55:40.093242,30.46,29.27,30.46,30.46,1010,31,1.88,22,23,0.0,Clouds,few clouds,15
Kónya,47.600833,21.2375,2026-07-17 15:55:41.257083,30.37,29.27,30.37,30.37,1010,32,1.63,32,28,0.0,Clouds,scattered clouds,15
Hortobágy,47.586111,21.154722,2026-07-17 15:55:42.426057,30.27,29.26,30.27,30.27,1010,33,1.33,50,25,0.0,Clouds,scattered clouds,15
Hortobágyi Halastó,47.604167,21.074167,2026-07-17 15:55:43.595861,30.17,29.16,30.17,30.17,1010,33,1.08,65,22,0.0,Clouds,few clouds,15
Ohat-Pusztakócs,47.623333,20.951111,2026-07-17 15:55:44.762029,29.95,29.03,29.95,29.95,1010,34,0.67,107,28,0.0,Clouds,scattered clouds,15
Egyek,47.616944,20.883611,2026-07-17 15:55:45.934788,33.86,33.84,33.86,33.86,1010,34,0.36,157,43,0.0,Clouds,scattered clouds,15
Tiszafüred,47.627778,20.756111,2026-07-17 15:55:47.098969,33.86,34.04,33.86,33.86,1010,35,0.47,191,55,0.0,Clouds,broken clouds,15
Poroszló,47.657778,20.654444,2026-07-17 15:55:48.270939,33.87,34.06,33.87,33.87,1010,35,0.78,148,54,0.0,Clouds,broken clouds,15
Kétútköz,47.694167,20.565,2026-07-17 15:55:49.440518,33.84,34.23,33.84,33.84,1010,36,1.07,110,46,0.0,Clouds,scattered clouds,15
Egerfarmos,47.711667,20.5225,2026-07-17 15:55:50.605423,33.82,33.98,33.82,33.82,1010,35,1.55,119,34,0.0,Clouds,scattered clouds,15
Piliscsaba,47.638056,18.829722,2026-07-17 15:55:51.769746,30.84,30.71,30.74,33.64,1009,40,1.88,76,95,0.0,Clouds,overcast clouds,15
Pilisjászfalu,47.656111,18.797778,2026-07-17 15:55:52.950968,30.99,30.62,30.99,31.17,1009,38,1.7,90,94,0.0,Clouds,overcast clouds,15
Leányvár,47.687594,18.772553,2026-07-17 15:55:54.120962,31.16,30.83,31.16,31.34,1009,38,1.89,98,90,0.0,Clouds,overcast clouds,15
Dorog,47.723333,18.732778,2026-07-17 15:55:55.289089,31.38,32.27,31.38,31.38,1009,45,2.38,107,81,0.0,Clouds,broken clouds,15
Esztergom-Kertváros,47.743333,18.719167,2026-07-17 15:55:56.463459,31.45,32.56,31.45,31.45,1009,46,2.63,108,80,0.0,Clouds,broken clouds,15
Esztergom,47.7775,18.743611,2026-07-17 15:55:57.650459,31.51,33.49,31.51,31.51,1009,50,2.92,106,84,0.33,Rain,light rain,15
Dunaalmás,47.733056,18.326389,2026-07-17 15:55:58.822049,28.74,27.97,28.74,28.74,1008,35,3.2,194,88,0.0,Clouds,overcast clouds,15
Neszmély,47.734444,18.345278,2026-07-17 15:56:00.003798,28.74,27.97,28.74,28.74,1008,35,3.2,194,88,0.0,Clouds,overcast clouds,15
Süttő,47.761111,18.455,2026-07-17 15:56:01.185177,28.52,28.06,28.52,28.52,1008,39,2.82,146,70,0.0,Clouds,broken clouds,15
Piszke,47.75307,18.478017,2026-07-17 15:56:02.355915,28.54,28.16,28.54,28.54,1008,40,2.94,137,68,0.0,Clouds,broken clouds,15
Lábatlan,47.751944,18.513333,2026-07-17 15:56:03.525287,28.52,28.22,28.52,28.52,1008,41,3.06,130,67,0.0,Clouds,broken clouds,15
Eternitgyár,47.755544,18.530014,2026-07-17 15:56:04.690243,28.52,28.22,28.52,28.52,1008,41,3.06,130,67,0.0,Clouds,broken clouds,15
Nyergesújfalu felső,47.762222,18.540556,2026-07-17 15:56:05.863814,28.52,28.22,28.52,28.52,1008,41,3.06,130,67,0.0,Clouds,broken clouds,15
Nyergesújfalu,47.761111,18.561667,2026-07-17 15:56:07.027569,28.48,28.18,28.48,28.48,1008,41,3.12,125,67,0.0,Clouds,broken clouds,15
Tokod,47.735,18.675,2026-07-17 15:56:08.193395,31.47,32.22,31.47,31.47,1009,44,2.49,112,77,0.0,Clouds,broken clouds,15
Környe,47.541667,18.330278,2026-07-17 15:56:09.358409,28.8,27.82,28.8,28.8,1008,32,4.61,179,86,0.0,Clouds,overcast clouds,15
Kecskéd alsó,47.519722,18.316667,2026-07-17 15:56:10.535473,28.79,27.82,28.79,28.79,1008,32,4.58,180,88,0.0,Clouds,overcast clouds,15
Oroszlány,47.486944,18.308611,2026-07-17 15:56:11.697728,28.73,27.77,28.73,28.73,1008,32,4.52,176,87,0.0,Clouds,overcast clouds,15
Győrszabadhegy,47.663056,17.648056,2026-07-17 15:56:12.862640,26.92,27.28,26.92,26.92,1009,49,5.8,262,89,0.0,Clouds,overcast clouds,15
Ménfőcsanak felső,47.638333,17.615,2026-07-17 15:56:14.038425,26.82,27.31,26.82,26.82,1009,51,5.95,264,91,0.0,Clouds,overcast clouds,15
Gyömöre-Tét,47.501672,17.559596,2026-07-17 15:56:15.208368,26.22,26.22,26.22,26.22,1009,62,3.85,256,97,0.0,Clouds,overcast clouds,15
Szerecseny,47.469167,17.5475,2026-07-17 15:56:16.374452,26.27,26.27,26.27,26.27,1009,62,3.51,252,97,0.0,Clouds,overcast clouds,15
Gecse-Gyarmat,47.456111,17.515,2026-07-17 15:56:17.543687,26.03,26.03,26.03,26.03,1009,64,3.61,262,99,0.0,Clouds,overcast clouds,15
Vaszar,47.4025,17.496389,2026-07-17 15:56:18.712298,26.31,26.31,26.31,26.31,1009,63,2.89,257,100,0.0,Clouds,overcast clouds,15
Pápa,47.340556,17.458889,2026-07-17 15:56:19.878653,26.61,26.61,26.61,26.61,1009,60,2.72,252,100,0.0,Clouds,overcast clouds,15
Mezőlak,47.324722,17.371389,2026-07-17 15:56:21.042144,26.8,27.71,26.8,26.8,1009,58,3.76,270,100,0.0,Clouds,overcast clouds,15
Mihályháza,47.318889,17.331667,2026-07-17 15:56:22.215836,27.07,27.81,27.07,27.07,1009,55,3.77,263,99,0.0,Clouds,overcast clouds,15
Vinár,47.306667,17.284722,2026-07-17 15:56:23.382961,27.17,27.85,27.17,27.17,1009,54,4.06,266,99,0.0,Clouds,overcast clouds,15
Külsővat,47.279167,17.219722,2026-07-17 15:56:24.551042,27.56,27.97,27.56,27.56,1009,50,4.15,255,94,0.0,Clouds,overcast clouds,15
Celldömölk,47.261389,17.151944,2026-07-17 15:56:25.718488,27.83,28.02,27.83,27.83,1009,47,4.12,244,90,0.0,Clouds,overcast clouds,15
Kemenesmihályfa,47.278056,17.111111,2026-07-17 15:56:26.885410,27.17,27.58,27.17,27.17,1009,50,4.11,259,89,0.0,Clouds,overcast clouds,15
Nagysimonyi,47.265556,17.058889,2026-07-17 15:56:28.055867,27.41,27.75,27.41,27.41,1009,49,4.23,256,86,0.0,Clouds,overcast clouds,15
Ostffyasszonyfa,47.283889,17.023889,2026-07-17 15:56:29.222739,27.16,27.84,27.16,27.16,1009,54,4.78,273,87,0.0,Clouds,overcast clouds,15
Sárvár,47.259167,16.928889,2026-07-17 15:56:30.390344,27.01,28.09,27.01,27.01,1009,60,7.93,288,88,0.15,Rain,light rain,15
Porpác,47.238611,16.8325,2026-07-17 15:56:31.561769,26.85,28.1,26.85,26.85,1009,63,9.58,293,88,0.87,Rain,light rain,15
Balatonföldvár,46.853889,17.881389,2026-07-17 15:56:32.728653,33.3,40.3,33.3,33.82,1008,61,3.12,206,86,0.0,Clouds,overcast clouds,15
Balatonszárszó,46.832222,17.830278,2026-07-17 15:56:33.891148,33.32,34.53,33.32,33.84,1008,41,3.16,201,86,0.0,Clouds,overcast clouds,15
Balatonszemes,46.811944,17.776389,2026-07-17 15:56:35.053159,33.3,34.97,33.3,33.82,1008,43,3.14,193,88,0.0,Clouds,overcast clouds,15
Balatonlelle felső,46.793889,17.7175,2026-07-17 15:56:36.218339,30.55,29.45,30.55,33.84,1008,32,3.24,186,88,0.0,Clouds,overcast clouds,15
Balatonlelle,46.7875,17.694167,2026-07-17 15:56:37.387206,30.51,30.71,30.51,33.81,1008,43,3.21,184,88,0.0,Clouds,overcast clouds,15
Fonyódliget,46.759167,17.592222,2026-07-17 15:56:38.556635,30.53,30.73,30.53,30.53,1008,43,3.35,182,85,0.0,Clouds,overcast clouds,15
Balatonboglár,46.776111,17.647222,2026-07-17 15:56:39.724561,30.53,30.73,30.53,30.53,1008,43,3.16,183,87,0.0,Clouds,overcast clouds,15
Balatonfenyves alsó,46.708611,17.455278,2026-07-17 15:56:40.891206,30.05,29.52,30.05,30.05,1008,38,3.47,200,73,0.0,Clouds,broken clouds,15
Fonyód,46.750278,17.558889,2026-07-17 15:56:42.062280,29.49,29.33,29.49,29.49,1008,42,3.22,186,81,0.0,Clouds,broken clouds,15
Bélatelep,46.737778,17.535,2026-07-17 15:56:43.228213,29.7,29.46,29.7,29.7,1008,41,3.37,189,78,0.0,Clouds,broken clouds,15
Alsóbélatelep,46.724167,17.516389,2026-07-17 15:56:44.398924,29.7,29.46,29.7,29.7,1008,41,3.37,189,78,0.0,Clouds,broken clouds,15
Balatonfenyves,46.713611,17.482778,2026-07-17 15:56:45.571775,29.91,29.48,29.91,29.91,1008,39,3.52,193,75,0.0,Clouds,broken clouds,15
Máriahullámtelep,46.704722,17.435,2026-07-17 15:56:46.739788,30.05,29.52,30.05,30.05,1008,38,3.47,200,73,0.0,Clouds,broken clouds,15
Balatonmáriafürdő,46.704167,17.374722,2026-07-17 15:56:47.913912,30.37,29.66,30.37,30.37,1008,36,3.82,227,64,0.0,Clouds,broken clouds,15
Balatonberény,46.713889,17.316944,2026-07-17 15:56:49.081586,30.36,29.65,30.36,30.36,1008,36,4.12,234,61,0.0,Clouds,broken clouds,15
Balatonszentgyörgy,46.692778,17.288889,2026-07-17 15:56:50.248617,30.59,29.8,30.59,30.59,1008,35,4.56,238,58,0.0,Clouds,broken clouds,15
Vörs,46.663611,17.260278,2026-07-17 15:56:51.416778,30.76,29.88,30.76,30.76,1008,34,5.34,245,52,0.0,Clouds,broken clouds,15
Zalaszentjakab,46.491667,17.135278,2026-07-17 15:56:52.582850,31.12,30.4,31.12,31.12,1008,35,5.86,237,42,0.0,Clouds,scattered clouds,15
Nagykanizsa,46.440833,16.986667,2026-07-17 15:56:53.752073,31.15,30.69,31.15,31.15,1008,37,4.56,232,26,0.0,Clouds,scattered clouds,15
Murakeresztúr,46.363889,16.876944,2026-07-17 15:56:54.924696,31.38,30.97,31.38,31.38,1008,37,3.95,224,17,0.0,Clouds,few clouds,15
Zalakomár,46.530278,17.188056,2026-07-17 15:56:56.092263,31.17,30.33,31.17,31.17,1008,34,5.93,239,46,0.0,Clouds,scattered clouds,15
Szárazrét,47.200833,18.381111,2026-07-17 15:56:57.260230,29.27,28.3,29.27,29.27,1008,33,3.59,113,90,0.0,Clouds,overcast clouds,15
Bodajk,47.318333,18.251944,2026-07-17 15:56:58.427938,29.12,28.1,29.12,29.12,1008,32,3.66,145,83,0.0,Clouds,broken clouds,15
Csókakő,47.3275,18.240556,2026-07-17 15:56:59.592830,28.78,27.81,28.78,28.78,1008,32,3.78,150,83,0.0,Clouds,broken clouds,15
Mór,47.369167,18.189167,2026-07-17 15:57:00.774416,28.8,27.82,28.8,28.8,1008,32,3.55,176,84,0.0,Clouds,broken clouds,15
Bakonysárkány,47.443611,18.103611,2026-07-17 15:57:01.955524,27.97,27.39,27.97,27.97,1008,36,3.52,201,85,0.0,Clouds,overcast clouds,15
Kisbér,47.494167,18.024722,2026-07-17 15:57:03.118710,27.8,27.49,27.8,27.8,1008,40,3.5,225,80,0.0,Clouds,broken clouds,15
Nagyigmánd-Bábolna,47.630556,18.050833,2026-07-17 15:57:04.282960,27.84,27.66,27.84,27.84,1008,42,3.74,234,92,0.0,Clouds,overcast clouds,15
Budapest-Déli,47.498889,19.025,2026-07-17 15:57:05.452646,33.06,33.66,31.38,34.28,1009,39,2.24,212,75,0.0,Clouds,broken clouds,15
Budapest-Kelenföld,47.464444,19.02,2026-07-17 15:57:06.650289,33.55,34.44,31.49,34.38,1009,39,2.24,212,75,0.0,Clouds,broken clouds,15
Budaörs,47.4475,18.965,2026-07-17 15:57:07.819865,33.35,34.12,31.4,34.29,1009,39,2.24,212,86,0.0,Clouds,overcast clouds,15
Biatorbágy,47.480278,18.834444,2026-07-17 15:57:08.983444,31.25,31.4,31.04,33.94,1009,41,1.64,206,100,0.0,Clouds,overcast clouds,15
Herceghalom,47.493611,18.746111,2026-07-17 15:57:10.150204,31.39,31.43,31.3,34.19,1009,40,2.27,177,100,0.0,Clouds,overcast clouds,15
Bicske,47.484167,18.6175,2026-07-17 15:57:11.317264,31.1,30.26,31.1,31.28,1009,34,4.12,156,88,0.0,Clouds,overcast clouds,15
Szár,47.485,18.5275,2026-07-17 15:57:12.490577,30.89,29.91,30.89,30.89,1008,33,4.52,153,80,0.0,Clouds,broken clouds,15
Szárliget,47.518333,18.495833,2026-07-17 15:57:13.665379,28.39,27.55,28.39,28.39,1008,33,4.53,155,76,0.0,Clouds,broken clouds,15
Alsógalla,47.563337,18.425102,2026-07-17 15:57:14.828266,28.8,27.89,28.8,28.8,1008,33,4.41,170,79,0.0,Clouds,broken clouds,15
Tatabánya,47.585556,18.393056,2026-07-17 15:57:15.993920,28.81,27.9,28.81,28.81,1008,33,4.3,178,82,0.0,Clouds,broken clouds,15
Vértesszőlős,47.619444,18.375278,2026-07-17 15:57:17.163659,28.79,27.94,28.79,28.79,1008,34,4.07,180,82,0.0,Clouds,broken clouds,15
Tóvároskert,47.646111,18.348611,2026-07-17 15:57:18.336414,28.74,27.9,28.74,28.74,1008,34,3.96,189,87,0.0,Clouds,overcast clouds,15
Tata,47.665,18.3275,2026-07-17 15:57:19.505886,28.68,27.92,28.68,28.68,1008,35,3.7,191,87,0.0,Clouds,overcast clouds,15
Almásfüzitő,47.725278,18.262222,2026-07-17 15:57:20.679427,28.64,27.95,28.64,28.64,1008,36,3.6,209,97,0.0,Clouds,overcast clouds,15
Almásfüzitő felső,47.731389,18.216389,2026-07-17 15:57:21.851683,33.36,33.71,33.36,33.36,1008,37,3.83,220,100,0.0,Clouds,overcast clouds,15
Szőny,47.735556,18.1775,2026-07-17 15:57:23.018564,33.39,33.96,33.39,33.39,1008,38,3.87,225,100,0.0,Clouds,overcast clouds,15
Komárom,47.749444,18.113611,2026-07-17 15:57:24.183735,33.4,34.66,33.4,33.4,1008,41,3.82,236,100,0.0,Clouds,overcast clouds,15
Ács,47.717222,18.004444,2026-07-17 15:57:25.353199,27.47,27.47,27.47,27.47,1008,44,3.71,241,97,0.0,Clouds,overcast clouds,15
Nagyszentjános,47.705556,17.871389,2026-07-17 15:57:26.515226,27.4,27.41,27.4,27.4,1008,44,3.89,235,89,0.0,Clouds,overcast clouds,15
Győrszentiván,47.688611,17.745556,2026-07-17 15:57:27.683989,27.29,27.31,27.29,27.29,1008,44,4.37,238,85,0.0,Clouds,overcast clouds,15
Győr-Gyárváros,47.684444,17.663889,2026-07-17 15:57:28.866311,27.1,27.33,27.1,27.1,1009,47,5.3,255,87,0.0,Clouds,overcast clouds,15
Győr,47.681944,17.634722,2026-07-17 15:57:30.036101,26.92,27.28,26.92,26.92,1009,49,5.8,262,89,0.0,Clouds,overcast clouds,15
Öttevény,47.719722,17.489167,2026-07-17 15:57:31.201320,26.23,26.23,26.23,26.23,1010,59,9.94,294,96,0.0,Clouds,overcast clouds,15
Lébény-Mosonszentmiklós,47.755278,17.426389,2026-07-17 15:57:32.371797,25.9,26.24,25.9,25.9,1010,65,10.92,306,97,0.0,Clouds,overcast clouds,15
Kimle-Károlyháza,47.803889,17.342778,2026-07-17 15:57:33.540615,25.73,26.16,25.73,25.73,1010,69,10.65,312,95,0.0,Clouds,overcast clouds,15
Mosonmagyaróvár,47.849722,17.267222,2026-07-17 15:57:34.713866,25.61,26.08,25.61,25.61,1010,71,9.43,313,96,0.0,Clouds,overcast clouds,15
Levél,47.889722,17.1925,2026-07-17 15:57:35.884861,25.6,26.1,25.6,25.6,1010,72,9.16,310,97,0.0,Clouds,overcast clouds,15
Hegyeshalom,47.913889,17.145556,2026-07-17 15:57:37.054223,25.59,26.08,25.59,25.59,1010,72,9.32,307,96,0.0,Clouds,overcast clouds,15
Óbuda,47.568611,19.033889,2026-07-17 15:57:38.230006,32.56,33.1,31.53,34.87,1009,40,1.34,191,77,0.0,Clouds,broken clouds,15
Üröm,47.580556,19.002222,2026-07-17 15:57:39.398663,32.01,32.29,31.42,34.77,1009,40,1.34,191,83,0.0,Clouds,broken clouds,15
Solymár,47.596111,18.95,2026-07-17 15:57:40.563397,31.49,31.56,31.24,34.59,1009,40,2.62,24,88,0.0,Clouds,overcast clouds,15
Pilisvörösvár,47.614444,18.902222,2026-07-17 15:57:41.730578,31.03,30.95,30.88,34.23,1009,40,2.53,40,91,0.0,Clouds,overcast clouds,15
Klotildliget,47.637778,18.846389,2026-07-17 15:57:42.906990,30.73,30.57,30.62,33.97,1009,40,1.88,76,95,0.0,Clouds,overcast clouds,15
Kútvölgy,46.459444,20.451944,2026-07-17 15:57:44.079814,34.45,32.55,34.45,34.45,1009,21,3.18,147,16,0.0,Clouds,few clouds,15
Székkutas,46.503889,20.541111,2026-07-17 15:57:45.245794,34.43,32.53,34.43,34.43,1009,21,3.04,144,9,0.0,Clear,clear sky,15
Kaposszentjakab,46.358056,17.821944,2026-07-17 15:57:46.409690,32.71,31.17,32.71,32.71,1008,26,3.64,184,56,0.0,Clouds,broken clouds,15
Kaposvár,46.352778,17.795,2026-07-17 15:57:47.578038,32.52,30.96,32.52,32.52,1008,26,3.73,182,57,0.0,Clouds,broken clouds,15
Kaposújlak,46.366667,17.715,2026-07-17 15:57:48.746898,32.49,30.93,32.49,32.49,1008,26,3.97,180,58,0.0,Clouds,broken clouds,15
Kaposmérő,46.365278,17.698889,2026-07-17 15:57:49.916946,32.35,30.88,32.35,32.35,1008,27,4.02,180,59,0.0,Clouds,broken clouds,15
Kaposfő,46.364167,17.656667,2026-07-17 15:57:51.083689,32.23,30.75,32.23,32.23,1008,27,4.07,180,59,0.0,Clouds,broken clouds,15
Kiskorpád,46.361389,17.606667,2026-07-17 15:57:52.252602,32.07,30.67,32.07,32.07,1008,28,4.11,182,60,0.0,Clouds,broken clouds,15
Jákó-Nagybajom,46.344444,17.554444,2026-07-17 15:57:53.425410,32.09,30.8,32.09,32.09,1008,29,4.09,190,59,0.0,Clouds,broken clouds,15
Kutas,46.326111,17.453889,2026-07-17 15:57:54.592414,32.08,30.91,32.08,32.08,1008,30,4.42,203,59,0.0,Clouds,broken clouds,15
Beleg,46.316944,17.420556,2026-07-17 15:57:55.766461,32.21,31.06,32.21,32.21,1008,30,4.72,212,56,0.0,Clouds,broken clouds,15
Ötvöskónyi,46.292778,17.358056,2026-07-17 15:57:56.931916,32.28,31.14,32.28,32.28,1008,30,4.81,216,54,0.0,Clouds,broken clouds,15
Somogyszob,46.289167,17.305556,2026-07-17 15:57:58.104362,32.16,31.12,32.16,32.16,1008,31,5.13,220,53,0.0,Clouds,broken clouds,15
Bolhás,46.282222,17.275278,2026-07-17 15:57:59.273472,32.11,31.06,32.11,32.11,1008,31,5.28,221,52,0.0,Clouds,broken clouds,15
Szenta,46.274167,17.182222,2026-07-17 15:58:00.442827,32.04,31.11,32.04,32.04,1008,32,5.24,219,50,0.0,Clouds,scattered clouds,15
Zrínyitelep,46.275278,17.138056,2026-07-17 15:58:01.628292,31.98,31.03,31.98,31.98,1008,32,5.18,217,48,0.0,Clouds,scattered clouds,15
Csurgó,46.261111,17.091667,2026-07-17 15:58:02.795428,32.14,31.36,32.14,32.14,1008,33,4.93,214,47,0.0,Clouds,scattered clouds,15
Gyékényes,46.249167,16.956389,2026-07-17 15:58:03.961467,31.74,31.14,31.74,31.74,1008,35,4.51,206,33,0.0,Clouds,scattered clouds,15
Adony,47.106111,18.847778,2026-07-17 15:58:05.134668,29.52,28.69,29.52,29.52,1008,35,0.28,350,99,0.0,Clouds,overcast clouds,15
Kulcs,47.051111,18.8975,2026-07-17 15:58:06.307382,29.62,28.47,29.62,29.62,1008,31,1.49,312,96,0.0,Clouds,overcast clouds,15
Rácalmás,47.023333,18.908889,2026-07-17 15:58:07.478644,29.67,28.52,29.67,29.67,1008,31,1.42,332,97,0.0,Clouds,overcast clouds,15
Dunaújváros,46.960556,18.913889,2026-07-17 15:58:08.651531,29.99,28.74,29.99,29.99,1008,30,1.24,7,97,0.0,Clouds,overcast clouds,15
Újvenyim,46.936944,18.868889,2026-07-17 15:58:09.816238,30.23,28.97,30.23,30.23,1008,30,1.64,53,99,0.0,Clouds,overcast clouds,15
Mezőfalva,46.905556,18.810278,2026-07-17 15:58:10.992826,30.47,29.12,30.47,30.47,1008,29,2.11,77,97,0.0,Clouds,overcast clouds,15
Nagykarácsony felső,46.866047,18.783064,2026-07-17 15:58:12.159718,31.1,29.5,31.1,31.1,1008,26,2.03,105,93,0.0,Clouds,overcast clouds,15
Nagykarácsony,46.848729,18.765722,2026-07-17 15:58:13.326243,31.17,29.5,31.17,31.17,1008,25,2.12,121,91,0.0,Clouds,overcast clouds,15
Alap,46.831944,18.657778,2026-07-17 15:58:14.495974,31.44,29.76,31.44,31.44,1008,25,1.89,137,90,0.0,Clouds,overcast clouds,15
Cece,46.773333,18.623333,2026-07-17 15:58:15.668557,31.71,29.95,31.71,31.71,1008,24,2.19,176,85,0.0,Clouds,overcast clouds,15
Vajta,46.713611,18.648056,2026-07-17 15:58:16.833785,32.19,30.35,32.19,32.19,1008,23,2.88,191,76,0.0,Clouds,broken clouds,15
Rétszilas alsó,46.829167,18.639444,2026-07-17 15:58:18.003675,31.44,29.76,31.44,31.44,1008,25,1.89,137,90,0.0,Clouds,overcast clouds,15
Nagydorog,46.615485,18.65002,2026-07-17 15:58:19.172723,32.75,30.84,32.75,32.75,1008,22,3.32,202,63,0.0,Clouds,broken clouds,15
Tengelic,46.516111,18.695278,2026-07-17 15:58:20.344368,33.34,31.36,33.34,33.34,1008,21,3.29,208,47,0.0,Clouds,scattered clouds,15
Fácánkert,46.449041,18.735661,2026-07-17 15:58:21.516418,33.83,31.88,33.83,33.83,1008,21,3.35,209,40,0.0,Clouds,scattered clouds,15
Tolna-Mözs,46.416389,18.750556,2026-07-17 15:58:22.682393,34.0,32.06,34.0,34.0,1008,21,3.21,199,39,0.0,Clouds,scattered clouds,15
Szekszárd-Palánk,46.38027777777778,18.72833333333333,2026-07-17 15:58:23.852437,34.26,32.24,34.26,34.26,1008,20,3.59,212,38,0.0,Clouds,scattered clouds,15
Szekszárd,46.349444,18.7125,2026-07-17 15:58:25.032222,34.43,32.42,34.43,34.43,1008,20,3.71,213,37,0.0,Clouds,scattered clouds,15
Őcsény,46.318889,18.7425,2026-07-17 15:58:26.196799,34.86,32.78,34.86,34.86,1008,19,3.71,205,34,0.0,Clouds,scattered clouds,15
Decs,46.283889,18.756111,2026-07-17 15:58:27.362851,35.06,33.0,35.06,35.06,1008,19,3.77,207,33,0.0,Clouds,scattered clouds,15
Csikóstőttős,46.337222,18.152778,2026-07-17 15:58:28.530869,33.1,31.49,33.1,33.1,1009,25,3.82,228,60,0.0,Clouds,broken clouds,15
Mágocs-Alsómocsolád,46.31027777777778,18.222222222222225,2026-07-17 15:58:29.695565,32.71,31.06,32.71,32.71,1009,25,3.97,234,60,0.0,Clouds,broken clouds,15
Szalatnak,46.284444444444446,18.288611111111113,2026-07-17 15:58:30.864521,33.2,31.6,33.2,33.2,1009,25,4.32,240,59,0.0,Clouds,broken clouds,15
Máza-Szászvár,46.279167,18.411389,2026-07-17 15:58:32.033562,37.58,37.02,37.58,37.58,1009,24,4.55,243,56,0.0,Clouds,broken clouds,15
Váralja,46.281667,18.436111,2026-07-17 15:58:33.198869,37.66,36.89,37.66,37.66,1008,23,4.53,242,52,0.0,Clouds,broken clouds,15
Nagymányok,46.280278,18.459167,2026-07-17 15:58:34.366238,37.74,37.0,37.74,37.74,1008,23,4.53,242,52,0.0,Clouds,broken clouds,15
Hidas-Bonyhád,46.269444,18.523333,2026-07-17 15:58:35.531748,37.74,36.77,37.74,37.74,1008,22,4.45,239,48,0.0,Clouds,scattered clouds,15
Mőcsény,46.2575,18.591944,2026-07-17 15:58:36.699882,37.73,36.53,37.73,37.73,1008,21,4.31,233,40,0.0,Clouds,scattered clouds,15
Bátaszék,46.202222,18.715556,2026-07-17 15:58:37.866403,38.02,36.47,38.02,38.02,1008,19,4.11,226,31,0.0,Clouds,scattered clouds,15
Pörböly,46.199167,18.826389,2026-07-17 15:58:39.042782,35.59,33.58,35.59,35.59,1008,19,3.58,200,29,0.0,Clouds,scattered clouds,15
Orosháza,46.566111,20.664722,2026-07-17 15:58:40.210989,34.39,32.48,34.39,34.39,1009,21,2.5,150,11,0.0,Clouds,few clouds,15
Orosházi tanyák,46.596944,20.760556,2026-07-17 15:58:41.375010,34.97,33.13,34.97,34.97,1009,21,2.14,169,21,0.0,Clouds,few clouds,15
Csorvás,46.623611,20.840833,2026-07-17 15:58:42.540678,34.95,33.11,34.95,34.95,1009,21,1.96,178,27,0.0,Clouds,scattered clouds,15
Csorvás alsó,46.634722,20.888333,2026-07-17 15:58:43.712216,34.97,33.87,34.97,34.97,1009,26,1.99,181,28,0.0,Clouds,scattered clouds,15
Telekgerendás,46.656111,20.963889,2026-07-17 15:58:44.893825,34.97,33.87,34.97,34.97,1009,26,1.94,189,36,0.0,Clouds,scattered clouds,15
Fürjes,46.67214,21.02306,2026-07-17 15:58:46.061400,34.97,33.87,34.97,34.97,1009,26,0.45,94,44,0.0,Clouds,scattered clouds,15
Fényes,46.659876,21.16618,2026-07-17 15:58:47.227841,35.0,33.91,35.0,35.0,1009,26,0.45,94,49,0.0,Clouds,scattered clouds,15
Bicere,46.66,21.179444,2026-07-17 15:58:48.393908,34.99,33.9,34.99,34.99,1009,26,0.45,94,50,0.0,Clouds,scattered clouds,15
Gyula,46.656389,21.273333,2026-07-17 15:58:49.566540,34.98,33.89,34.98,34.98,1009,26,2.72,198,50,0.0,Clouds,scattered clouds,15
József Szanatórium,46.704722,21.3325,2026-07-17 15:58:50.731647,34.97,33.87,34.97,34.97,1009,26,2.55,200,53,0.0,Clouds,broken clouds,15
Sarkadi Cukorgyár,46.73,21.383611,2026-07-17 15:58:51.899070,34.98,33.89,34.98,34.98,1009,26,2.38,198,49,0.0,Clouds,scattered clouds,15
Sarkad,46.736944,21.402222,2026-07-17 15:58:53.075340,34.97,33.26,34.97,34.97,1009,22,2.31,198,44,0.0,Clouds,scattered clouds,15
Kötegyán,46.758333,21.479722,2026-07-17 15:58:54.247247,34.97,33.26,34.97,34.97,1009,22,2.03,197,37,0.0,Clouds,scattered clouds,15
Méhkerék,46.774444,21.455556,2026-07-17 15:58:55.412023,34.97,33.26,34.97,34.97,1009,22,2.04,197,44,0.0,Clouds,scattered clouds,15
Sarkadkeresztúr,46.823611,21.4175,2026-07-17 15:58:56.581513,34.99,33.29,34.99,34.99,1009,22,2.01,199,50,0.0,Clouds,scattered clouds,15
Okány,46.8925,21.339167,2026-07-17 15:58:57.751160,34.99,33.43,34.99,34.99,1009,23,1.69,215,66,0.0,Clouds,broken clouds,15
Újszeged,46.242222,20.16,2026-07-17 15:58:58.915820,35.08,33.13,35.08,35.08,1009,20,2.77,197,10,0.0,Clear,clear sky,15
Szőreg,46.211389,20.183056,2026-07-17 15:59:00.086563,35.07,33.12,35.07,35.07,1009,20,2.05,193,6,0.0,Clear,clear sky,15
Deszk,46.210278,20.246389,2026-07-17 15:59:01.258223,35.08,33.13,35.08,35.08,1009,20,1.83,186,8,0.0,Clear,clear sky,15
Kiszombor,46.191944,20.413056,2026-07-17 15:59:02.422722,35.5,33.61,35.5,35.5,1009,20,1.57,149,12,0.0,Clouds,few clouds,15
Kiszombor megálló,46.191111,20.430833,2026-07-17 15:59:03.589903,35.5,33.61,35.5,35.5,1009,20,1.57,149,12,0.0,Clouds,few clouds,15
Makó,46.204722,20.474722,2026-07-17 15:59:04.755158,35.45,33.55,35.45,35.45,1009,20,1.59,140,12,0.0,Clouds,few clouds,15
Apátfalva,46.175193,20.580611,2026-07-17 15:59:05.920104,35.42,33.52,35.42,35.42,1009,20,1.64,101,10,0.0,Clear,clear sky,15
Magyarcsanád,46.174444,20.610278,2026-07-17 15:59:07.084802,35.37,33.46,35.37,35.37,1009,20,1.66,97,9,0.0,Clear,clear sky,15
Nagylak,46.17,20.708333,2026-07-17 15:59:08.250592,34.54,32.65,34.54,34.54,1009,21,1.37,81,5,0.0,Clear,clear sky,15
Nagylaki Kendergyár,46.189167,20.717222,2026-07-17 15:59:09.422402,34.53,32.64,34.53,34.53,1009,21,1.24,94,4,0.0,Clear,clear sky,15
Csanádpalota,46.236111,20.7325,2026-07-17 15:59:10.590371,34.52,32.63,34.52,34.52,1009,21,1.2,108,3,0.0,Clear,clear sky,15
Mezőhegyes,46.310833,20.815556,2026-07-17 15:59:11.769313,34.46,32.56,34.46,34.46,1009,21,1.21,160,0,0.0,Clear,clear sky,15
Végegyháza,46.384444,20.878611,2026-07-17 15:59:12.933016,34.48,32.58,34.48,34.48,1009,21,1.99,182,1,0.0,Clear,clear sky,15
Mezőkovácsháza,46.408333,20.9,2026-07-17 15:59:14.097872,34.48,32.58,34.48,34.48,1009,21,2.23,181,2,0.0,Clear,clear sky,15
Mezőkovácsháza felső,46.415556,20.918056,2026-07-17 15:59:15.264270,34.49,32.59,34.49,34.49,1009,21,2.28,191,4,0.0,Clear,clear sky,15
Magyarbánhegyes,46.451389,20.97,2026-07-17 15:59:16.432631,34.94,33.1,34.94,34.94,1009,21,2.49,192,7,0.0,Clear,clear sky,15
Medgyesegyháza,46.495278,21.029167,2026-07-17 15:59:17.604551,34.92,33.08,34.92,34.92,1009,21,2.72,191,15,0.0,Clouds,few clouds,15
Bánkút,46.505278,21.091944,2026-07-17 15:59:18.770926,34.94,33.83,34.94,34.94,1009,26,2.73,196,18,0.0,Clouds,few clouds,15
Belsőperegpuszta,46.321111,20.916667,2026-07-17 15:59:19.961473,34.46,32.56,34.46,34.46,1010,21,1.26,216,0,0.0,Clear,clear sky,15
Battonya,46.282222,21.003889,2026-07-17 15:59:21.128542,34.47,41.47,34.46,36.17,1010,100,1.42,244,1,0.0,Clear,clear sky,15
Baja-Dunafürdő,46.193333,18.919167,2026-07-17 15:59:22.298613,35.61,33.61,35.61,35.61,1008,19,3.65,175,29,0.0,Clouds,scattered clouds,15
Kaposszekcső,46.330556,18.143056,2026-07-17 15:59:23.461707,33.1,31.49,33.1,33.1,1009,25,3.82,228,60,0.0,Clouds,broken clouds,15
Vásárosdombó,46.310556,18.138889,2026-07-17 15:59:24.626422,33.03,31.52,33.03,33.03,1009,26,3.57,227,59,0.0,Clouds,broken clouds,15
Sásd,46.257222,18.104722,2026-07-17 15:59:25.791180,32.98,31.47,32.98,32.98,1009,26,2.98,219,57,0.0,Clouds,broken clouds,15
Godisa,46.223333,18.104722,2026-07-17 15:59:26.958444,32.82,31.29,32.82,32.82,1009,26,2.84,217,57,0.0,Clouds,broken clouds,15
Abaliget,46.152778,18.073611,2026-07-17 15:59:28.124249,32.98,31.36,32.98,32.98,1008,25,2.61,195,58,0.0,Clouds,broken clouds,15
Hetvehely,46.128333,18.045,2026-07-17 15:59:29.291028,33.32,31.63,33.32,33.32,1008,24,2.77,186,60,0.0,Clouds,broken clouds,15
Bükkösd,46.113056,17.999444,2026-07-17 15:59:30.464725,33.19,31.48,33.19,33.19,1008,24,2.88,182,62,0.0,Clouds,broken clouds,15
Cserdi-Helesfa,46.086667,17.987778,2026-07-17 15:59:31.649391,33.4,31.71,33.4,33.4,1008,24,2.98,180,63,0.0,Clouds,broken clouds,15
Szentlőrinc,46.033333,17.990833,2026-07-17 15:59:32.818752,34.18,32.48,34.18,34.18,1008,23,3.14,178,65,0.0,Clouds,broken clouds,15
Bicsérd,46.041389,18.057778,2026-07-17 15:59:33.986014,34.06,32.34,34.06,34.06,1008,23,2.87,185,60,0.0,Clouds,broken clouds,15
Mecsekalja-Cserkút,46.059722,18.150278,2026-07-17 15:59:35.151413,37.88,37.2,37.88,37.88,1009,23,2.72,212,52,0.0,Clouds,broken clouds,15
Pécs,46.065833,18.223611,2026-07-17 15:59:36.320430,37.8,38.47,37.8,37.8,1009,28,3.06,228,48,0.0,Clouds,scattered clouds,15
Pécs-Külváros,46.071667,18.24,2026-07-17 15:59:37.488595,37.77,38.42,37.77,37.77,1009,28,3.06,228,48,0.0,Clouds,scattered clouds,15
Pécsbánya-Rendező,46.063333,18.270278,2026-07-17 15:59:38.655845,37.62,38.17,37.62,37.62,1009,28,3.53,236,43,0.0,Clouds,scattered clouds,15
Pécsudvard,46.01,18.275556,2026-07-17 15:59:39.820607,37.54,38.05,37.54,37.54,1009,28,3.44,233,43,0.0,Clouds,scattered clouds,15
Szőkéd,45.9675,18.29,2026-07-17 15:59:40.986799,37.73,38.35,37.73,37.73,1008,28,3.5,230,42,0.0,Clouds,scattered clouds,15
Áta,45.936389,18.306944,2026-07-17 15:59:42.156674,37.83,38.51,37.83,37.83,1008,28,3.42,226,45,0.0,Clouds,scattered clouds,15
Kistótfalu,45.909722,18.315278,2026-07-17 15:59:43.321871,37.87,38.58,37.87,37.87,1008,28,3.33,222,47,0.0,Clouds,scattered clouds,15
Vokány,45.899722,18.334722,2026-07-17 15:59:44.487719,37.83,38.51,37.83,37.83,1008,28,3.48,225,43,0.0,Clouds,scattered clouds,15
Palkonya,45.891667,18.393889,2026-07-17 15:59:45.657799,37.86,38.56,37.86,37.86,1008,28,3.51,224,41,0.0,Clouds,scattered clouds,15
Villánykövesd,45.879722,18.425833,2026-07-17 15:59:46.826604,37.82,38.5,37.82,37.82,1008,28,3.61,225,36,0.0,Clouds,scattered clouds,15
Villány,45.8775,18.451389,2026-07-17 15:59:47.992730,37.94,38.69,37.94,37.94,1008,28,3.82,230,28,0.0,Clouds,scattered clouds,15
Magyarbóly,45.834167,18.491944,2026-07-17 15:59:49.159022,37.99,36.44,37.99,37.99,1008,19,3.69,232,28,0.0,Clouds,scattered clouds,15
Magyarszék,46.210278,18.188056,2026-07-17 15:59:50.331864,37.58,37.28,37.58,37.58,1009,25,3.09,227,56,0.0,Clouds,broken clouds,15
Mecsekpölöske,46.224167,18.213056,2026-07-17 15:59:51.502982,37.41,37.03,37.41,37.41,1009,25,3.43,232,57,0.0,Clouds,broken clouds,15
Mecsekjánosi,46.215278,18.241944,2026-07-17 15:59:52.672430,37.4,37.01,37.4,37.4,1009,25,3.87,239,57,0.0,Clouds,broken clouds,15
Komló,46.189167,18.265278,2026-07-17 15:59:53.837480,37.08,36.32,37.08,37.08,1009,24,3.77,239,55,0.0,Clouds,broken clouds,15
Királyegyháza-Rigópuszta,45.989167,17.971667,2026-07-17 15:59:55.017361,34.5,32.72,34.5,34.5,1008,22,3.22,176,65,0.0,Clouds,broken clouds,15
Sumony,45.960833,17.913333,2026-07-17 15:59:56.194381,34.67,32.91,34.67,34.67,1008,22,3.33,179,68,0.0,Clouds,broken clouds,15
Okorág-Kárászpuszta,45.933611,17.864444,2026-07-17 15:59:57.363455,34.76,33.02,34.76,34.76,1008,22,3.24,184,66,0.0,Clouds,broken clouds,15
Kákics,45.904167,17.8525,2026-07-17 15:59:58.540628,34.73,32.98,34.73,34.73,1008,22,3.14,190,63,0.0,Clouds,broken clouds,15
Bóly,45.9375,18.538333,2026-07-17 15:59:59.710097,37.77,38.42,37.77,37.77,1008,28,4.3,237,24,0.0,Clouds,few clouds,15
Mohács,46.0025,18.683333,2026-07-17 16:00:00.874967,38.03,38.84,38.03,38.03,1008,28,4.7,247,22,0.0,Clouds,few clouds,15
Sellye,45.873333,17.858889,2026-07-17 16:00:02.042831,34.87,33.15,34.87,34.87,1008,22,3.0,186,59,0.0,Clouds,broken clouds,15
Toponár,46.398333,17.840833,2026-07-17 16:00:03.211877,32.54,30.98,32.54,32.54,1008,26,3.77,184,57,0.0,Clouds,broken clouds,15
Somogyaszaló,46.453611,17.840278,2026-07-17 16:00:04.380249,32.22,30.64,32.22,32.22,1008,26,4.03,185,60,0.0,Clouds,broken clouds,15
Mernye,46.509444,17.832222,2026-07-17 16:00:05.561255,31.76,30.34,31.76,31.76,1008,28,4.29,188,65,0.0,Clouds,broken clouds,15
Felsőmocsolád,46.556389,17.8225,2026-07-17 16:00:06.743830,31.37,30.02,31.37,31.37,1008,29,4.32,189,66,0.0,Clouds,broken clouds,15
Kisbárapáti,46.615,17.866667,2026-07-17 16:00:07.911698,30.43,29.33,30.43,30.43,1008,32,4.3,196,69,0.0,Clouds,broken clouds,15
Bonnya,46.611389,17.909167,2026-07-17 16:00:09.084143,31.15,29.89,31.15,31.15,1008,30,4.39,199,67,0.0,Clouds,broken clouds,15
Andocs,46.646944,17.8925,2026-07-17 16:00:10.252508,29.91,28.99,29.91,29.91,1008,34,4.23,197,71,0.0,Clouds,broken clouds,15
Karád,46.681111,17.874722,2026-07-17 16:00:11.416385,30.25,29.43,30.25,30.25,1008,35,4.14,199,72,0.0,Clouds,broken clouds,15
Somogymeggyes,46.720556,17.920556,2026-07-17 16:00:12.580597,29.83,29.18,29.83,32.05,1008,37,4.01,204,73,0.0,Clouds,broken clouds,15
Kapoly,46.713611,17.977778,2026-07-17 16:00:13.743778,30.11,29.01,30.11,32.33,1008,32,4.56,212,66,0.0,Clouds,broken clouds,15
Tab,46.734167,18.041111,2026-07-17 16:00:14.917206,32.49,31.51,30.27,32.49,1008,31,4.65,215,66,0.0,Clouds,broken clouds,15
Bábonymegyer,46.746095,18.109921,2026-07-17 16:00:16.083050,32.6,38.85,30.38,32.6,1008,61,5.17,219,66,0.0,Clouds,broken clouds,15
Daránypuszta,46.764722,18.143889,2026-07-17 16:00:17.248632,32.62,38.9,30.4,32.62,1008,61,5.13,220,69,0.0,Clouds,broken clouds,15
Som-Nagyberény,46.803056,18.149444,2026-07-17 16:00:18.424285,32.61,38.88,30.39,32.61,1008,61,4.8,220,74,0.0,Clouds,broken clouds,15
Ádánd,46.854444,18.141667,2026-07-17 16:00:19.599029,32.73,39.18,30.51,32.73,1008,61,4.42,222,81,0.0,Clouds,broken clouds,15
Siójut,46.879444,18.126667,2026-07-17 16:00:20.765339,32.72,39.16,30.5,32.72,1008,61,4.22,223,85,0.0,Clouds,overcast clouds,15
Kapostüskevár,46.367778,17.774167,2026-07-17 16:00:21.932535,32.63,31.08,32.63,32.63,1008,26,3.82,181,57,0.0,Clouds,broken clouds,15
Kaposfüred,46.415,17.759444,2026-07-17 16:00:23.102050,32.31,30.73,32.31,32.31,1008,26,4.07,180,59,0.0,Clouds,broken clouds,15
Várda,46.4625,17.721667,2026-07-17 16:00:24.269311,31.81,30.3,31.81,31.81,1008,27,4.4,176,64,0.0,Clouds,broken clouds,15
Somogyjád,46.490833,17.694444,2026-07-17 16:00:25.441154,31.64,30.31,31.64,31.64,1008,29,4.51,174,67,0.0,Clouds,broken clouds,15
Osztopán,46.515556,17.656944,2026-07-17 16:00:26.608530,31.32,30.07,31.32,31.32,1008,30,4.57,173,71,0.0,Clouds,broken clouds,15
Pamuk,46.553127,17.636412,2026-07-17 16:00:27.773778,31.19,30.13,31.19,31.19,1008,32,4.57,174,72,0.0,Clouds,broken clouds,15
Somogyvár,46.580556,17.634722,2026-07-17 16:00:28.946535,30.92,29.94,30.92,30.92,1008,33,4.52,174,74,0.0,Clouds,broken clouds,15
Öreglak,46.608607,17.632733,2026-07-17 16:00:30.113615,30.62,29.83,30.62,30.62,1008,35,4.45,175,76,0.0,Clouds,broken clouds,15
Tatárvár,46.636667,17.621111,2026-07-17 16:00:31.280397,30.18,29.56,30.18,30.18,1008,37,4.33,175,78,0.0,Clouds,broken clouds,15
Lengyeltóti,46.660556,17.613611,2026-07-17 16:00:32.446169,30.0,29.47,30.0,30.0,1008,38,4.19,176,79,0.0,Clouds,broken clouds,15
Pusztaberény,46.686111,17.594722,2026-07-17 16:00:33.611889,29.88,29.55,29.88,29.88,1008,40,4.01,178,81,0.0,Clouds,broken clouds,15
Örkény,47.132778,19.447222,2026-07-17 16:00:34.778675,30.93,29.21,30.93,30.93,1008,24,2.39,132,62,0.0,Clouds,broken clouds,15
Táborfalva,47.098545,19.479318,2026-07-17 16:00:35.951398,33.82,32.19,33.82,33.82,1008,24,2.77,121,62,0.0,Clouds,broken clouds,15
Felsőlajos,47.068834,19.498415,2026-07-17 16:00:37.118790,33.81,32.17,33.81,33.81,1008,24,2.65,121,62,0.0,Clouds,broken clouds,15
Lajosmizse,47.028333,19.542778,2026-07-17 16:00:38.299319,33.78,33.72,33.78,33.78,1008,34,2.82,119,63,0.0,Clouds,broken clouds,15
Lajosmizse alsó,47.0225,19.550278,2026-07-17 16:00:39.470306,33.79,33.74,33.79,33.79,1008,34,2.82,119,63,0.0,Clouds,broken clouds,15
Klábertelep,47.005556,19.551667,2026-07-17 16:00:40.645917,33.79,33.74,33.79,33.79,1009,34,3.18,115,64,0.0,Clouds,broken clouds,15
Méntelek,46.978611,19.570833,2026-07-17 16:00:41.812605,33.83,33.8,33.83,33.83,1009,34,2.96,124,63,0.0,Clouds,broken clouds,15
Hetényegyháza,46.930833,19.595,2026-07-17 16:00:43.003159,33.86,33.84,33.86,33.86,1009,34,1.34,129,60,0.0,Clouds,broken clouds,15
Kecskemét-Máriaváros,46.901192,19.675913,2026-07-17 16:00:44.168105,33.91,33.91,33.9,36.54,1009,34,1.34,129,58,0.0,Clouds,broken clouds,15
Nyársapát,47.100278,19.7925,2026-07-17 16:00:45.335694,34.12,32.95,33.93,36.49,1009,27,4.69,96,73,0.0,Clouds,broken clouds,15
Nagykőrös,47.038333,19.76,2026-07-17 16:00:46.513608,33.91,33.91,33.91,36.47,1009,34,4.37,91,73,0.0,Clouds,broken clouds,15
Katonatelep,46.963056,19.718889,2026-07-17 16:00:47.678560,33.87,33.85,33.87,36.51,1009,34,1.34,129,67,0.0,Clouds,broken clouds,15
Kecskemét,46.913889,19.700833,2026-07-17 16:00:48.843604,33.91,33.91,33.9,36.54,1009,34,1.34,129,61,0.0,Clouds,broken clouds,15
Városföld,46.816667,19.753333,2026-07-17 16:00:50.008285,34.43,33.87,33.96,36.6,1009,30,3.24,192,47,0.0,Clouds,scattered clouds,15
Kiskunfélegyháza,46.7067,19.83474,2026-07-17 16:00:51.188342,36.09,35.17,34.01,36.65,1009,25,3.97,215,44,0.0,Clouds,scattered clouds,15
Petőfiszállás,46.617374,19.865229,2026-07-17 16:00:52.360851,35.57,35.07,35.57,36.69,1009,28,3.4,229,50,0.0,Clouds,scattered clouds,15
Csengele,46.538321,19.909008,2026-07-17 16:00:53.534065,35.92,35.57,34.97,36.68,1009,28,2.52,239,51,0.0,Clouds,broken clouds,15
Kistelek,46.466944,19.966944,2026-07-17 16:00:54.705707,35.03,33.62,35.03,36.73,1009,24,2.11,235,45,0.0,Clouds,scattered clouds,15
Balástya,46.413333,20.001389,2026-07-17 16:00:55.869674,35.03,33.62,35.03,35.03,1009,24,2.24,221,36,0.0,Clouds,scattered clouds,15
Szatymaz,46.345621,20.04374,2026-07-17 16:00:57.032053,35.05,33.65,35.05,35.05,1009,24,1.79,216,20,0.0,Clouds,few clouds,15
Kiskundorozsma,46.271667,20.090556,2026-07-17 16:00:58.206089,35.08,33.69,35.08,35.08,1009,24,2.9,200,12,0.0,Clouds,few clouds,15
Szeged,46.239722,20.143056,2026-07-17 16:00:59.388017,35.06,33.66,35.06,35.06,1009,24,2.48,196,8,0.0,Clear,clear sky,15
Alsóúrrét,46.898392,19.779891,2026-07-17 16:01:00.557662,36.59,35.64,35.47,36.59,1009,24,2.08,141,58,0.0,Clouds,broken clouds,15
Nyárlőrinc,46.87,19.851389,2026-07-17 16:01:01.721542,36.62,35.1,35.5,36.62,1009,21,1.78,154,54,0.0,Clouds,broken clouds,15
Világoshegy,46.855278,19.940278,2026-07-17 16:01:02.910081,36.65,35.14,35.53,36.65,1009,21,1.24,110,54,0.0,Clouds,broken clouds,15
Szikra,46.858333,19.975,2026-07-17 16:01:04.082857,36.14,35.04,35.54,36.66,1009,24,1.24,110,54,0.0,Clouds,broken clouds,15
Lakitelek,46.873056,20.003611,2026-07-17 16:01:05.249096,36.21,35.13,35.59,36.7,1009,24,1.23,96,53,0.0,Clouds,broken clouds,15
Tiszaug,46.850556,20.074167,2026-07-17 16:01:06.414790,36.15,34.87,34.45,36.77,1009,23,0.93,92,47,0.0,Clouds,scattered clouds,15
Tiszasas,46.826389,20.089167,2026-07-17 16:01:07.580821,36.27,35.02,34.43,36.75,1009,23,0.93,92,47,0.0,Clouds,scattered clouds,15
Csépa,46.8125,20.134722,2026-07-17 16:01:08.747720,34.43,32.76,34.43,36.75,1009,23,0.92,110,40,0.0,Clouds,scattered clouds,15
Szelevény,46.811944,20.196389,2026-07-17 16:01:09.914855,34.44,32.78,34.44,36.76,1009,23,0.95,102,38,0.0,Clouds,scattered clouds,15
Gátér,46.685,19.9625,2026-07-17 16:01:11.085154,36.15,35.25,34.43,36.75,1008,25,3.15,213,41,0.0,Clouds,scattered clouds,15
Kónyaszék,46.699931,20.074299,2026-07-17 16:01:12.263240,34.89,33.61,34.45,36.77,1008,25,2.31,184,35,0.0,Clouds,scattered clouds,15
Csongrád,46.704444,20.140556,2026-07-17 16:01:13.440023,34.46,32.8,34.45,36.77,1009,23,2.18,167,33,0.0,Clouds,scattered clouds,15
Hékéd,46.675,20.266667,2026-07-17 16:01:14.603684,34.45,32.79,34.45,39.47,1009,23,0.45,306,29,0.0,Clouds,scattered clouds,15
Fábiánsebestyén,46.670278,20.456667,2026-07-17 16:01:15.780068,34.44,32.78,34.44,39.45,1009,23,2.69,135,20,0.0,Clouds,few clouds,15
Gádoros,46.656711,20.588157,2026-07-17 16:01:16.958448,34.43,32.53,34.43,34.43,1009,21,2.33,141,18,0.0,Clouds,few clouds,15
Justhmajor,46.62,20.615833,2026-07-17 16:01:18.129720,34.43,32.53,34.43,34.43,1009,21,2.34,145,16,0.0,Clouds,few clouds,15
Szentetornya,46.590964,20.628334,2026-07-17 16:01:19.299260,34.42,32.52,34.42,34.42,1009,21,2.48,146,13,0.0,Clouds,few clouds,15
Gyopárosfürdő,46.567784,20.630662,2026-07-17 16:01:20.463147,34.41,32.5,34.41,34.41,1009,21,2.5,150,11,0.0,Clouds,few clouds,15
Szabadságliget,47.626123,18.893481,2026-07-17 16:01:21.626750,30.92,30.67,30.77,34.12,1009,39,1.79,62,96,0.0,Clouds,overcast clouds,15
Röszke,46.19261,20.03055,2026-07-17 16:01:22.794504,35.08,33.69,35.08,36.32,1009,24,2.27,190,5,0.0,Clear,clear sky,15
Tószeg,47.098056,20.138333,2026-07-17 16:01:23.959416,36.68,38.11,36.68,36.68,1009,33,0.45,223,79,0.0,Clouds,broken clouds,15
Tiszavárkony,47.059444,20.143056,2026-07-17 16:01:25.122378,36.68,38.11,36.68,36.68,1009,33,0.45,223,81,0.0,Clouds,broken clouds,15
Tiszajenő-Vezseny,47.036319,20.142415,2026-07-17 16:01:26.289299,36.68,38.11,36.68,36.68,1009,33,0.45,223,81,0.0,Clouds,broken clouds,15
Újbög,46.962222,20.093889,2026-07-17 16:01:27.453663,36.64,38.04,36.64,39.41,1009,33,3.13,30,74,0.0,Clouds,broken clouds,15
Tiszakécske,46.937512,20.082016,2026-07-17 16:01:28.618022,36.66,38.08,36.66,36.73,1009,33,2.92,38,70,0.0,Clouds,broken clouds,15
Kerekdomb,46.906944,20.052778,2026-07-17 16:01:29.782583,36.65,36.17,35.61,36.73,1009,26,2.49,41,64,0.0,Clouds,broken clouds,15
Tiszaalpár,46.818611,19.982778,2026-07-17 16:01:30.952527,36.16,35.07,34.38,36.7,1009,24,1.42,170,44,0.0,Clouds,scattered clouds,15
Tiszaalpár alsó,46.790897,19.951409,2026-07-17 16:01:32.121692,36.16,35.07,34.38,36.7,1009,24,2.16,191,41,0.0,Clouds,scattered clouds,15
Tiszatenyő,47.134167,20.3725,2026-07-17 16:01:33.286050,36.68,38.11,36.68,36.68,1009,33,2.43,290,59,0.0,Clouds,broken clouds,15
Pusztapó,47.091667,20.458333,2026-07-17 16:01:34.455429,36.68,36.45,36.68,36.68,1009,27,2.38,291,52,0.0,Clouds,broken clouds,15
Kétpó,47.076944,20.487778,2026-07-17 16:01:35.866583,36.68,36.21,36.68,36.68,1009,26,1.98,287,50,0.0,Clouds,scattered clouds,15
Mezőtúr,47.0125,20.622778,2026-07-17 16:01:37.398154,32.14,30.46,32.14,32.14,1009,25,1.28,191,52,0.0,Clouds,broken clouds,15
Nagylapos,46.974167,20.750556,2026-07-17 16:01:38.705444,32.24,30.57,32.24,32.24,1009,25,2.67,156,65,0.0,Clouds,broken clouds,15
Gyoma,46.925833,20.821667,2026-07-17 16:01:40.292108,32.45,30.7,32.45,32.45,1009,24,2.38,158,65,0.0,Clouds,broken clouds,15
Csárdaszállás,46.861111,20.932778,2026-07-17 16:01:41.494269,34.44,32.91,34.44,34.44,1009,24,1.42,177,63,0.0,Clouds,broken clouds,15
Mezőberény,46.814722,21.013056,2026-07-17 16:01:42.670700,34.43,33.19,34.43,34.43,1009,26,1.24,199,60,0.0,Clouds,broken clouds,15
Murony,46.756944,21.038056,2026-07-17 16:01:43.849489,34.45,33.21,34.45,34.45,1009,26,1.44,202,56,0.0,Clouds,broken clouds,15
Békéscsaba,46.669722,21.081667,2026-07-17 16:01:45.020473,34.41,33.16,34.41,34.41,1009,26,2.16,196,49,0.0,Clouds,scattered clouds,15
Kétegyháza,46.5325,21.171944,2026-07-17 16:01:46.186635,34.39,33.14,34.39,34.39,1009,26,2.75,198,26,0.0,Clouds,scattered clouds,15
Lőkösháza,46.432222,21.2375,2026-07-17 16:01:47.356854,36.18,34.56,34.35,36.18,1009,21,2.3,216,20,0.0,Clouds,few clouds,15
Kengyel,47.089722,20.339722,2026-07-17 16:01:48.522836,36.66,38.08,36.66,36.66,1009,33,2.33,302,64,0.0,Clouds,broken clouds,15
Bagimajor,47.061111,20.316667,2026-07-17 16:01:49.700302,36.68,38.11,36.68,36.68,1009,33,2.45,327,69,0.0,Clouds,broken clouds,15
Martfű,47.019444,20.291667,2026-07-17 16:01:50.864592,36.66,38.08,36.66,36.66,1009,33,2.55,334,68,0.0,Clouds,broken clouds,15
Tiszaföldvár,46.975556,20.276389,2026-07-17 16:01:52.030530,36.66,38.08,36.66,36.66,1009,33,2.57,353,67,0.0,Clouds,broken clouds,15
Homok,46.9475,20.270278,2026-07-17 16:01:53.196804,36.67,38.09,36.67,39.44,1009,33,2.36,358,62,0.0,Clouds,broken clouds,15
Kungyalu,46.910833,20.2675,2026-07-17 16:01:54.360695,36.69,36.0,34.45,36.69,1009,25,2.04,4,57,0.0,Clouds,broken clouds,15
Kunszentmárton,46.848333,20.293333,2026-07-17 16:01:55.537699,39.45,37.59,34.43,39.45,1009,16,0.85,63,37,0.0,Clouds,scattered clouds,15
Nagytőke,46.763333,20.291667,2026-07-17 16:01:56.705850,34.45,32.79,34.45,39.46,1009,23,1.8,129,27,0.0,Clouds,scattered clouds,15
Szentes,46.657778,20.2725,2026-07-17 16:01:57.873949,34.45,32.79,34.45,39.47,1009,23,0.45,306,32,0.0,Clouds,scattered clouds,15
Szegvár,46.588611,20.249444,2026-07-17 16:01:59.044719,34.45,32.79,34.45,39.47,1009,23,0.45,306,38,0.0,Clouds,scattered clouds,15
Mindszent,46.524167,20.194167,2026-07-17 16:02:00.209197,34.46,32.8,34.46,39.47,1009,23,2.45,177,48,0.0,Clouds,scattered clouds,15
Mártély,46.473333,20.236111,2026-07-17 16:02:01.377680,34.47,32.57,34.47,35.09,1009,21,2.76,178,46,0.0,Clouds,scattered clouds,15
Pusztabánréve,46.939898,20.556809,2026-07-17 16:02:02.550698,32.5,30.75,32.5,32.5,1009,24,1.31,189,46,0.0,Clouds,scattered clouds,15
Szarvas,46.860833,20.566667,2026-07-17 16:02:03.734298,32.95,31.13,32.95,32.95,1009,23,1.37,167,40,0.0,Clouds,scattered clouds,15
Csabacsűd,46.823056,20.663333,2026-07-17 16:02:04.900988,33.27,31.38,33.27,33.27,1009,22,1.6,156,41,0.0,Clouds,scattered clouds,15
Kisszénás,46.751389,20.721389,2026-07-17 16:02:06.067302,33.51,31.63,33.51,33.51,1009,22,1.39,162,43,0.0,Clouds,scattered clouds,15
Kiscsákó,46.719167,20.717778,2026-07-17 16:02:07.230809,33.79,31.83,33.79,33.79,1009,21,1.47,164,35,0.0,Clouds,scattered clouds,15
Nagyszénás,46.672778,20.674167,2026-07-17 16:02:08.397275,33.94,31.99,33.94,33.94,1009,21,1.77,153,27,0.0,Clouds,scattered clouds,15
Kardoskút,46.498056,20.6975,2026-07-17 16:02:09.563056,34.61,32.73,34.61,34.61,1009,21,2.67,154,5,0.0,Clear,clear sky,15
Tótkomlós,46.409167,20.726944,2026-07-17 16:02:10.729024,34.68,32.8,34.68,34.68,1009,21,2.37,159,2,0.0,Clear,clear sky,15
Nagyér,46.365278,20.738333,2026-07-17 16:02:11.892178,34.73,32.86,34.73,34.73,1009,21,2.02,154,0,0.0,Clear,clear sky,15
Pitvaros,46.326175,20.746446,2026-07-17 16:02:13.057241,34.75,32.88,34.75,34.75,1009,21,1.63,157,0,0.0,Clear,clear sky,15
Dévaványa,47.033889,20.943333,2026-07-17 16:02:14.232248,31.77,30.17,31.77,31.77,1009,26,1.7,158,69,0.0,Clouds,broken clouds,15
Körösladány,46.97,21.085833,2026-07-17 16:02:15.402759,32.11,30.43,32.11,32.11,1009,25,1.06,203,71,0.0,Clouds,broken clouds,15
Szeghalom,47.015278,21.148333,2026-07-17 16:02:16.570739,32.2,30.52,32.2,32.2,1009,25,0.8,219,73,0.0,Clouds,broken clouds,15
Vésztő,46.938889,21.263611,2026-07-17 16:02:17.737534,32.98,31.16,32.98,32.98,1009,23,1.39,226,71,0.0,Clouds,broken clouds,15
Szeged-Rókus,46.266111,20.125278,2026-07-17 16:02:18.901855,35.08,33.69,35.08,35.08,1009,24,2.76,198,10,0.0,Clear,clear sky,15
Algyő,46.335556,20.196111,2026-07-17 16:02:20.072105,35.1,33.28,35.1,35.1,1009,21,3.19,195,23,0.0,Clouds,few clouds,15
Hódmezővásárhelyi Népkert,46.403333,20.312778,2026-07-17 16:02:21.235815,34.46,32.56,34.46,34.46,1009,21,3.23,171,34,0.0,Clouds,scattered clouds,15
Hódmezővásárhely,46.413333,20.34,2026-07-17 16:02:22.406859,34.45,32.55,34.45,34.45,1009,21,3.26,166,31,0.0,Clouds,scattered clouds,15
Körmend,47.016389,16.599167,2026-07-17 16:02:23.570682,27.52,28.95,27.52,27.52,1009,62,6.38,326,54,0.0,Clouds,broken clouds,15
Szentgotthárd,46.957222,16.263056,2026-07-17 16:02:24.735430,26.63,26.63,26.63,26.63,1010,78,4.12,326,58,0.0,Clouds,broken clouds,15
Szombathely,47.237778,16.6325,2026-07-17 16:02:25.904451,25.93,26.62,25.93,25.93,1010,78,10.67,310,88,0.65,Rain,light rain,15
Sáferkút,48.010278,19.071389,2026-07-17 16:02:27.071683,28.34,27.97,28.34,28.34,1009,40,6.96,185,60,0.0,Clouds,broken clouds,15
Magdolnavölgy,47.6475,18.818889,2026-07-17 16:02:28.234570,30.86,30.46,30.76,34.11,1009,38,1.88,76,95,0.0,Clouds,overcast clouds,15
Haris,46.964722,16.2825,2026-07-17 16:02:29.405316,26.75,28.81,26.75,26.75,1010,75,4.67,324,54,0.0,Clouds,broken clouds,15
Egyházasrádóc,47.091389,16.62,2026-07-17 16:02:30.579998,26.65,26.65,26.65,26.65,1009,70,8.44,325,66,0.0,Clouds,broken clouds,15
Alsórönök,46.964167,16.379444,2026-07-17 16:02:31.742307,26.94,28.92,26.94,26.94,1010,72,5.23,323,51,0.0,Clouds,broken clouds,15
Szombathely-Szőlős,47.206389,16.641667,2026-07-17 16:02:33.701271,26.15,26.15,26.15,26.15,1010,76,10.48,311,84,2.38,Rain,moderate rain,15
Rátót,46.9675,16.433056,2026-07-17 16:02:34.896401,27.15,28.76,27.15,27.15,1009,66,5.57,323,49,0.0,Clouds,scattered clouds,15
Ják-Balogunyom,47.161389,16.630556,2026-07-17 16:02:36.065541,26.61,26.61,26.61,26.61,1009,71,9.58,314,76,0.0,Clouds,broken clouds,15
Vasvár,47.056944,16.800278,2026-07-17 16:02:37.235680,28.22,28.7,28.22,28.22,1008,50,3.96,290,56,0.0,Clouds,broken clouds,15
Répcelak,47.418889,17.008889,2026-07-17 16:02:38.399286,26.01,26.01,26.01,26.01,1011,73,8.69,315,96,0.0,Clouds,overcast clouds,15
Rajka,47.995556,17.191389,2026-07-17 16:02:39.567256,25.57,25.98,25.57,25.57,1010,69,9.75,305,92,0.0,Clouds,overcast clouds,15
Püspökmolnári,47.086111,16.7675,2026-07-17 16:02:40.734092,27.79,28.66,27.79,27.79,1009,55,5.96,305,61,0.0,Clouds,broken clouds,15
Kőszeg,47.382222,16.556389,2026-07-17 16:02:41.898466,25.05,25.83,25.05,25.05,1011,85,6.51,314,97,0.0,Clouds,overcast clouds,15
Kastélypark,47.390278,18.988333,2026-07-17 16:02:43.071010,34.21,35.28,31.56,34.91,1009,38,1.79,145,78,0.0,Clouds,broken clouds,15
Hanságliget,47.72,17.215556,2026-07-17 16:02:44.241251,25.58,26.15,25.58,25.58,1011,75,10.45,319,100,0.0,Clouds,overcast clouds,15
Vica,47.477778,17.111944,2026-07-17 16:02:45.405496,25.77,26.36,25.77,25.77,1011,75,11.06,318,98,0.0,Clouds,overcast clouds,15
Vép,47.235833,16.7275,2026-07-17 16:02:46.576329,26.2,26.2,26.2,26.2,1010,74,11.33,304,90,0.48,Rain,light rain,15
Mosonszolnok,47.8525,17.160278,2026-07-17 16:02:47.744573,25.61,26.13,25.61,25.61,1010,73,9.07,310,98,0.0,Clouds,overcast clouds,15
Jánossomorja,47.789167,17.1375,2026-07-17 16:02:48.907990,25.61,26.18,25.61,25.61,1011,75,9.36,316,100,0.0,Clouds,overcast clouds,15
Bősárkány,47.685556,17.234167,2026-07-17 16:02:50.076355,25.56,26.18,25.56,25.56,1011,77,11.51,320,100,0.0,Clouds,overcast clouds,15
Szil-Sopronnémeti,47.533333,17.209444,2026-07-17 16:02:51.238020,25.6,26.2,25.6,25.6,1011,76,12.74,319,100,0.0,Clouds,overcast clouds,15
Magyarkeresztúr-Zsebeháza,47.514167,17.176111,2026-07-17 16:02:52.408663,25.64,26.24,25.64,25.64,1011,76,12.59,319,99,0.0,Clouds,overcast clouds,15
Páli-Vadosfa,47.4925,17.137778,2026-07-17 16:02:53.573064,25.69,26.3,25.69,25.69,1011,76,12.02,319,99,0.0,Clouds,overcast clouds,15
Beled,47.466667,17.084444,2026-07-17 16:02:54.736583,25.77,26.36,25.77,25.77,1011,75,11.06,318,98,0.0,Clouds,overcast clouds,15
Dénesfa,47.448611,17.054722,2026-07-17 16:02:55.910704,25.87,26.47,25.87,25.87,1011,75,9.73,317,97,0.0,Clouds,overcast clouds,15
Csánig,47.430278,17.026111,2026-07-17 16:02:57.080860,25.83,26.45,25.83,25.83,1011,76,9.61,318,98,0.0,Clouds,overcast clouds,15
Vámoscsalád,47.385556,16.961667,2026-07-17 16:02:58.245142,26.12,26.12,26.12,26.12,1010,71,8.32,310,96,0.0,Clouds,overcast clouds,15
Vasegerszeg,47.375,16.928889,2026-07-17 16:02:59.411217,26.19,26.19,26.19,26.19,1010,71,9.0,306,96,0.27,Rain,light rain,15
Hegyfalu,47.357778,16.898333,2026-07-17 16:03:00.582898,26.19,26.19,26.19,26.19,1010,71,9.0,306,96,0.6,Rain,light rain,15
Pósfa,47.326944,16.855833,2026-07-17 16:03:01.765263,26.3,26.3,26.3,26.3,1010,70,9.58,302,96,0.95,Rain,light rain,15
Ölbő-Alsószeleste,47.300556,16.843056,2026-07-17 16:03:02.942295,26.13,26.13,26.13,26.13,1010,70,10.3,300,96,0.92,Rain,light rain,15
Gencsapáti felső,47.299722,16.593889,2026-07-17 16:03:04.121673,25.42,26.21,25.42,25.42,1010,84,8.58,314,93,0.0,Clouds,overcast clouds,15
Lukácsháza alsó,47.326389,16.586389,2026-07-17 16:03:05.293542,25.27,26.05,25.27,25.27,1010,84,8.19,313,95,0.0,Clouds,overcast clouds,15
Kőszegfalva,47.361667,16.567778,2026-07-17 16:03:06.457592,25.2,26.0,25.2,25.2,1011,85,6.91,315,96,0.0,Clouds,overcast clouds,15
Gyöngyöshermán,47.202778,16.657222,2026-07-17 16:03:07.627615,26.15,26.15,26.15,26.15,1010,76,10.48,311,84,0.1,Rain,light rain,15
Bezenye,47.973611,17.207222,2026-07-17 16:03:08.795196,25.59,26.01,25.59,25.59,1010,69,9.61,307,92,0.0,Clouds,overcast clouds,15
Kámon,47.254534,16.625769,2026-07-17 16:03:09.969358,25.77,26.49,25.77,25.77,1010,80,10.68,309,91,0.58,Rain,light rain,15
Sorkifalud,47.1375,16.719167,2026-07-17 16:03:11.141046,27.15,28.51,27.15,27.15,1009,63,8.53,307,71,0.0,Clouds,broken clouds,15
Szentléránt,47.12,16.735556,2026-07-17 16:03:12.316597,27.15,28.51,27.15,27.15,1009,63,8.53,307,71,0.0,Clouds,broken clouds,15
Pácsony,47.009722,16.833611,2026-07-17 16:03:13.482260,28.64,28.69,28.64,28.64,1008,45,2.32,267,49,0.0,Clouds,scattered clouds,15
Győrvár,46.99,16.840556,2026-07-17 16:03:14.657716,28.64,28.69,28.64,28.64,1008,45,2.32,267,49,0.0,Clouds,scattered clouds,15
Egervár-Vasboldogasszony,46.942222,16.862222,2026-07-17 16:03:15.833713,29.25,29.06,29.25,29.25,1008,42,2.22,238,46,0.0,Clouds,scattered clouds,15
Zalaszentlőrinc,46.913889,16.8775,2026-07-17 16:03:16.999786,28.66,28.71,28.66,28.66,1009,45,2.3,231,44,0.0,Clouds,scattered clouds,15
Gencsapáti alsó,47.285833,16.6,2026-07-17 16:03:18.165207,26.26,26.26,26.26,26.26,1011,77,8.92,315,90,0.15,Rain,light rain,15
Gyöngyösfalu,47.316111,16.59,2026-07-17 16:03:19.339101,26.15,26.15,26.15,26.15,1011,77,8.58,314,93,0.0,Clouds,overcast clouds,15
Lukácsháza,47.341111,16.580556,2026-07-17 16:03:20.512349,25.99,25.99,25.99,25.99,1011,78,7.31,316,93,0.0,Clouds,overcast clouds,15
Horvátnádalja,47.005278,16.544444,2026-07-17 16:03:21.678481,27.59,29.25,27.59,27.59,1010,64,5.85,326,50,0.0,Clouds,scattered clouds,15
Csákánydoroszló,46.978333,16.499722,2026-07-17 16:03:22.843986,27.56,29.31,27.56,27.56,1010,65,5.47,323,48,0.0,Clouds,scattered clouds,15
Váckisújfalu,47.705,19.340278,2026-07-17 16:03:24.014957,36.98,42.42,36.98,36.98,1010,43,6.04,301,39,0.0,Clouds,scattered clouds,15
Csisztafürdő,46.681411,17.561797,2026-07-17 16:03:25.178994,29.39,29.22,29.39,29.39,1008,42,3.9,181,78,0.0,Clouds,broken clouds,15
Mórágy,46.236021,18.627255,2026-07-17 16:03:26.346115,37.75,36.55,37.75,37.75,1008,21,4.28,231,36,0.0,Clouds,scattered clouds,15
Kismacs,47.551111,21.542778,2026-07-17 16:03:27.511636,30.68,29.59,30.68,30.68,1010,32,2.06,349,17,0.0,Clouds,few clouds,15
Pusztaszentistván,47.439869,19.470254,2026-07-17 16:03:28.679886,36.93,37.08,36.93,36.93,1009,28,3.07,138,57,0.0,Clouds,broken clouds,15
Aranyvölgy,47.573795,19.017489,2026-07-17 16:03:29.846496,32.19,32.55,31.41,34.76,1009,40,2.68,130,77,0.0,Clouds,broken clouds,15
Szélhegy,47.601111,18.928056,2026-07-17 16:03:31.012494,31.23,31.21,31.05,34.4,1009,40,2.21,32,92,0.0,Clouds,overcast clouds,15
Vörösvárbánya,47.61,18.913611,2026-07-17 16:03:32.176097,31.16,31.12,31.01,34.36,1009,40,2.21,32,92,0.0,Clouds,overcast clouds,15
Máriaszőlőtelep,46.702778,17.411911,2026-07-17 16:03:33.341236,29.57,29.31,29.57,29.57,1008,41,3.61,218,67,0.0,Clouds,broken clouds,15
Akadémiaújtelep,47.485724,19.22294,2026-07-17 16:03:34.504312,33.82,34.64,31.37,34.72,1009,38,2.76,321,38,0.0,Clouds,scattered clouds,15
Újpalota,47.5316,19.126206,2026-07-17 16:03:35.682618,33.64,34.36,31.46,34.81,1009,38,1.34,216,54,0.0,Clouds,broken clouds,15
"Szeged, Somogyi utca",46.250464,20.147713,2026-07-17 16:03:36.847204,35.04,33.64,35.04,35.04,1009,24,2.77,197,10,0.0,Clear,clear sky,15
"Hódmezővásárhely, Hősök tere",46.412183,20.31759,2026-07-17 16:03:38.013360,34.45,32.55,34.45,34.45,1009,21,3.23,171,34,0.0,Clouds,scattered clouds,15
"Hódmezővásárhely, Kossuth tér",46.41465,20.319727,2026-07-17 16:03:39.176999,34.45,32.55,34.45,34.45,1009,21,3.23,171,34,0.0,Clouds,scattered clouds,15
"Hódmezővásárhely, Strandfürdő",46.409147,20.315671,2026-07-17 16:03:40.335550,34.45,32.55,34.45,34.45,1009,21,3.23,171,34,0.0,Clouds,scattered clouds,15
"Szeged, Széchenyi tér",46.252683,20.14935,2026-07-17 16:03:41.493671,35.04,33.64,35.04,35.04,1009,24,2.77,197,10,0.0,Clear,clear sky,15
"Szeged, Anna-kút",46.256184,20.147587,2026-07-17 16:03:42.665172,35.04,33.64,35.04,35.04,1009,24,2.77,197,10,0.0,Clear,clear sky,15
"Szeged, Rókusi templom",46.259255,20.141771,2026-07-17 16:03:43.835675,35.06,33.66,35.06,35.06,1009,24,2.77,197,10,0.0,Clear,clear sky,15
"Hódmezővásárhely, Kálvin János tér",46.416677,20.328532,2026-07-17 16:03:45.013439,34.45,32.55,34.45,34.45,1009,21,3.26,166,31,0.0,Clouds,scattered clouds,15
Hódmezővásárhely vasútállomás,46.413242,20.338701,2026-07-17 16:03:46.170952,34.45,32.55,34.45,34.45,1009,21,3.26,166,31,0.0,Clouds,scattered clouds,15
"Szeged, Tavasz utca",46.260715,20.139055,2026-07-17 16:03:47.329460,35.06,33.66,35.06,35.06,1009,24,2.77,197,10,0.0,Clear,clear sky,15
"Szeged, Damjanich utca",46.262753,20.135248,2026-07-17 16:03:48.486895,35.06,33.66,35.06,35.06,1009,24,2.77,197,10,0.0,Clear,clear sky,15
"Szeged, Vásárhelyi Pál utca",46.264173,20.131109,2026-07-17 16:03:49.651019,35.08,33.69,35.08,35.08,1009,24,2.77,197,10,0.0,Clear,clear sky,15
"Szeged, Bécsi körút ",46.243459,20.143809,2026-07-17 16:03:50.813306,35.06,33.66,35.06,35.06,1009,24,2.48,196,8,0.0,Clear,clear sky,15
Hódmezővásárhelyi Népkert vasútállomás,46.403733,20.312986,2026-07-17 16:03:51.974605,34.46,32.56,34.46,34.46,1009,21,3.23,171,34,0.0,Clouds,scattered clouds,15
Szeged vasútállomás,46.239789,20.142561,2026-07-17 16:03:53.132487,35.06,33.66,35.06,35.06,1009,24,2.48,196,8,0.0,Clear,clear sky,15
"Szeged, Bem utca",46.240198,20.141247,2026-07-17 16:03:54.291094,35.06,33.66,35.06,35.06,1009,24,2.48,196,8,0.0,Clear,clear sky,15
"Szeged, Galamb utca",46.24153,20.142297,2026-07-17 16:03:55.450265,35.06,33.66,35.06,35.06,1009,24,2.48,196,8,0.0,Clear,clear sky,15
"Szeged, Aradi vértanúk tere",46.247839,20.147,2026-07-17 16:03:56.609326,35.04,33.64,35.04,35.04,1009,24,2.77,197,10,0.0,Clear,clear sky,15
"Szeged, Pulz utca",46.264452,20.126061,2026-07-17 16:03:57.766889,35.08,33.69,35.08,35.08,1009,24,2.77,197,10,0.0,Clear,clear sky,15
"Szeged, Rókus vasútállomás",46.266107,20.125686,2026-07-17 16:03:58.930855,35.08,33.69,35.08,35.08,1009,24,2.76,198,10,0.0,Clear,clear sky,15
Látókép,47.55787,21.524373,2026-07-17 16:04:00.097654,30.68,29.59,30.68,30.68,1010,32,2.06,349,17,0.0,Clouds,few clouds,15
Szentmihálytelek,46.2229,20.0808,2026-07-17 16:04:01.268548,35.08,33.69,35.08,35.08,1009,24,2.51,195,7,0.0,Clear,clear sky,15
Kisvarsány,48.144356,22.297397,2026-07-17 16:04:02.433850,30.44,29.74,30.44,30.44,1010,36,4.24,96,65,0.0,Clouds,broken clouds,15
