station_name,station_lat,station_lon,observation_time,temp,feels_like,temp_min,temp_max,pressure,humidity,wind_speed,wind_deg,clouds,precipitation_1h,weather_main,weather_description,collection_hour
Búcsúszentlászló,46.793056,16.932778,2026-09-20 04:23:00.406927,10.84,10.38,10.84,10.84,1024,92,1.01,271,26,0.0,Clouds,scattered clouds,4
Angyalföld,47.549722,19.09,2026-09-20 04:23:01.579952,14.87,14.37,14.87,14.87,1025,75,0.44,288,71,0.0,Clouds,broken clouds,4
Felsőjánosfa,46.841389,16.544167,2026-09-20 04:23:02.735078,12.79,12.55,12.79,12.79,1024,93,1.08,290,5,0.0,Clear,clear sky,4
Pankasz,46.835833,16.496111,2026-09-20 04:23:03.897985,12.51,12.27,12.51,12.51,1024,94,1.08,299,4,0.0,Clear,clear sky,4
Nagyrákos,46.827222,16.455556,2026-09-20 04:23:05.064733,12.48,12.24,12.48,12.48,1024,94,1.12,303,4,0.0,Clear,clear sky,4
Őriszentpéter,46.828889,16.415278,2026-09-20 04:23:06.216999,12.59,12.36,12.59,12.59,1024,94,1.24,309,3,0.0,Clear,clear sky,4
Törökbálint,47.45,18.908611,2026-09-20 04:23:07.376784,18.12,17.53,10.0,18.12,1024,59,0.89,296,73,0.0,Clouds,broken clouds,4
Bicske alsó,47.486389,18.642778,2026-09-20 04:23:08.533796,18.01,18.03,18.01,18.01,1024,83,0.86,305,50,0.0,Clouds,scattered clouds,4
Bajánsenye,46.818056,16.358056,2026-09-20 04:23:09.689990,12.71,12.52,12.71,12.71,1024,95,1.27,319,4,0.0,Clear,clear sky,4
Aquincum,47.566218,19.048273,2026-09-20 04:23:10.848231,14.9,14.4,14.9,14.9,1024,75,0.93,291,63,0.0,Clouds,broken clouds,4
Piliscsév,47.673889,18.791389,2026-09-20 04:23:12.005966,17.96,17.98,17.96,17.96,1023,83,0.15,238,27,0.0,Clouds,scattered clouds,4
Tát,47.741201,18.64783,2026-09-20 04:23:13.161705,12.75,12.3,12.75,12.75,1022,85,0.29,182,21,0.0,Clouds,few clouds,4
Süttő felső,47.756667,18.437222,2026-09-20 04:23:14.328069,12.73,12.25,12.73,12.73,1023,84,1.26,203,21,0.0,Clouds,few clouds,4
Budatétény,47.405,19.016389,2026-09-20 04:23:15.483130,18.41,17.85,10.29,18.41,1024,59,0.51,350,79,0.0,Clouds,broken clouds,4
Seregélyes-Szőlőhegy,47.119444,18.612222,2026-09-20 04:23:16.632397,12.98,12.47,12.98,12.98,1024,82,0.27,266,94,0.0,Clouds,overcast clouds,4
Gödöllő-Állami telepek,47.564444,19.375556,2026-09-20 04:23:17.794841,14.39,13.84,14.39,14.39,1025,75,0.23,214,72,0.0,Clouds,broken clouds,4
Dunakeszi alsó,47.607778,19.128889,2026-09-20 04:23:18.956115,14.87,14.37,14.87,14.87,1025,75,0.32,286,67,0.0,Clouds,broken clouds,4
Vác-Alsóváros,47.773056,19.149722,2026-09-20 04:23:20.115164,14.85,14.35,14.85,14.85,1025,75,0.77,287,38,0.0,Clouds,scattered clouds,4
Szob alsó,47.816667,18.8725,2026-09-20 04:23:21.268332,12.77,12.27,12.77,12.77,1023,83,0.23,209,10,0.0,Clear,clear sky,4
Zalaszentmihály-Pacsa,46.7225,16.951944,2026-09-20 04:23:22.422609,10.75,10.31,10.75,10.75,1024,93,0.51,0,33,0.0,Clouds,scattered clouds,4
Pötréte,46.682778,16.9575,2026-09-20 04:23:23.585377,10.75,10.31,10.75,10.75,1024,93,0.51,0,41,0.0,Clouds,scattered clouds,4
Felsőrajk,46.667222,16.982778,2026-09-20 04:23:24.744794,10.81,10.37,10.81,10.81,1024,93,0.51,0,43,0.0,Clouds,scattered clouds,4
Gelse,46.600556,16.982778,2026-09-20 04:23:25.917171,10.81,10.37,10.81,10.81,1024,93,0.51,0,61,0.0,Clouds,broken clouds,4
Őrtilos,46.297778,16.887778,2026-09-20 04:23:27.080074,13.44,13.29,13.44,13.44,1024,94,1.12,316,89,0.0,Clouds,overcast clouds,4
Zákány,46.251944,16.9425,2026-09-20 04:23:28.236330,13.25,13.06,13.25,13.25,1024,93,1.12,321,81,0.0,Clouds,broken clouds,4
Berzence,46.201389,17.143611,2026-09-20 04:23:29.390444,13.56,13.37,13.56,13.56,1024,92,0.68,335,55,0.0,Clouds,broken clouds,4
Somogyudvarhely,46.163333,17.179722,2026-09-20 04:23:30.550984,13.55,13.36,13.55,13.55,1024,92,0.63,329,48,0.0,Clouds,scattered clouds,4
Bélavár,46.122778,17.207778,2026-09-20 04:23:31.713919,13.67,13.52,13.67,13.67,1024,93,0.7,320,35,0.0,Clouds,scattered clouds,4
Vízvár,46.101389,17.239444,2026-09-20 04:23:32.873962,13.6,13.44,13.6,13.6,1024,93,0.78,322,30,0.0,Clouds,scattered clouds,4
Babócsa,46.028359,17.342276,2026-09-20 04:23:34.029580,13.69,13.54,13.69,13.69,1024,93,1.02,328,25,0.0,Clouds,scattered clouds,4
Péterhida-Komlósd,46.006667,17.358056,2026-09-20 04:23:35.188782,13.8,13.64,13.8,13.8,1024,92,1.13,328,25,0.0,Clouds,scattered clouds,4
Barcs,45.951944,17.446944,2026-09-20 04:23:36.355675,13.9,13.75,13.9,13.9,1024,92,1.26,327,25,0.0,Clouds,scattered clouds,4
Barcs felső,45.958333,17.486389,2026-09-20 04:23:37.515849,13.8,13.61,13.8,13.8,1024,91,1.26,328,27,0.0,Clouds,scattered clouds,4
Középrigóc,45.970556,17.525,2026-09-20 04:23:38.687931,13.72,13.52,13.72,13.72,1024,91,1.27,328,29,0.0,Clouds,scattered clouds,4
Darány,45.992222,17.598611,2026-09-20 04:23:39.846990,13.68,13.45,13.68,13.68,1024,90,1.27,331,34,0.0,Clouds,scattered clouds,4
Kisdobsza,46.012222,17.668056,2026-09-20 04:23:41.001821,13.7,13.45,13.7,13.7,1024,89,1.33,333,36,0.0,Clouds,scattered clouds,4
Nemeske,46.023333,17.705278,2026-09-20 04:23:42.152783,13.74,13.49,13.74,13.74,1024,89,1.34,332,37,0.0,Clouds,scattered clouds,4
Molvány,46.035278,17.748611,2026-09-20 04:23:43.311844,13.73,13.46,13.73,13.73,1024,88,1.31,340,40,0.0,Clouds,scattered clouds,4
Szigetvár,46.043333,17.801944,2026-09-20 04:23:44.460682,13.72,13.45,13.72,13.72,1024,88,1.22,343,43,0.0,Clouds,scattered clouds,4
Nagypeterd,46.039444,17.871667,2026-09-20 04:23:45.619628,16.53,16.51,16.53,16.53,1024,87,1.02,353,49,0.0,Clouds,scattered clouds,4
Szentdénes,46.036667,17.926944,2026-09-20 04:23:46.790456,16.48,16.43,16.48,16.48,1024,86,0.95,359,52,0.0,Clouds,broken clouds,4
Háros,47.412222,19.035,2026-09-20 04:23:47.959340,14.9,14.51,14.9,14.9,1024,79,0.68,333,79,0.0,Clouds,broken clouds,4
Nagytétény-Diósd,47.398333,18.974444,2026-09-20 04:23:49.112074,18.4,17.84,10.29,18.4,1024,59,0.79,342,80,0.0,Clouds,broken clouds,4
Érdliget,47.390278,18.937778,2026-09-20 04:23:50.279635,18.32,17.75,10.2,18.32,1024,59,0.91,345,79,0.0,Clouds,broken clouds,4
Érd felső,47.381111,18.922222,2026-09-20 04:23:51.440196,18.29,17.72,10.17,18.29,1024,59,0.97,346,78,0.0,Clouds,broken clouds,4
Érd,47.369722,18.900833,2026-09-20 04:23:52.593701,18.25,17.67,10.13,18.25,1024,59,0.87,348,80,0.0,Clouds,broken clouds,4
Százhalombatta,47.322222,18.899167,2026-09-20 04:23:53.757327,18.23,18.22,10.12,18.23,1024,81,0.69,339,83,0.0,Clouds,broken clouds,4
Dunai Finomító,47.294444,18.878889,2026-09-20 04:23:54.912773,18.07,18.05,18.07,18.07,1024,81,0.65,328,86,0.0,Clouds,overcast clouds,4
Ercsi,47.247222,18.875278,2026-09-20 04:23:56.067213,18.3,18.3,18.3,18.3,1024,81,0.64,318,87,0.0,Clouds,overcast clouds,4
Iváncsa,47.177778,18.811944,2026-09-20 04:23:57.221293,12.88,12.36,12.88,12.88,1024,82,0.52,289,90,0.0,Clouds,overcast clouds,4
Pusztaszabolcs,47.139722,18.761667,2026-09-20 04:23:58.381968,12.99,12.49,12.99,12.99,1024,82,0.37,265,89,0.0,Clouds,overcast clouds,4
Szabadegyháza,47.082778,18.704167,2026-09-20 04:23:59.540394,13.02,12.49,13.02,13.02,1024,81,0.28,238,88,0.0,Clouds,overcast clouds,4
Sárosd,47.039722,18.660278,2026-09-20 04:24:00.693921,13.08,12.56,13.08,13.08,1024,81,0.3,247,88,0.0,Clouds,overcast clouds,4
Nagylók,46.979444,18.635833,2026-09-20 04:24:01.854232,13.0,12.5,13.0,13.0,1024,82,0.38,263,73,0.0,Clouds,broken clouds,4
Sárbogárd,46.896944,18.611944,2026-09-20 04:24:03.012258,13.22,12.76,13.22,13.22,1024,83,0.43,263,60,0.0,Clouds,broken clouds,4
Rétszilas,46.814167,18.601389,2026-09-20 04:24:04.200245,13.31,12.86,13.31,13.31,1024,83,0.42,258,47,0.0,Clouds,scattered clouds,4
Nagyatád,46.228611,17.354167,2026-09-20 04:24:05.357550,13.4,13.17,13.4,13.4,1024,91,0.8,16,42,0.0,Clouds,scattered clouds,4
Budapest-Keleti,47.500278,19.084167,2026-09-20 04:24:06.515722,14.85,14.35,14.85,14.85,1024,75,0.69,307,73,0.0,Clouds,broken clouds,4
Ferencváros,47.468611,19.088056,2026-09-20 04:24:07.671529,14.87,14.45,14.87,14.87,1024,78,0.62,314,75,0.0,Clouds,broken clouds,4
Budapest-Nyugati,47.510833,19.0575,2026-09-20 04:24:08.824821,14.86,14.36,14.86,14.86,1024,75,0.74,301,70,0.0,Clouds,broken clouds,4
Kőbánya felső,47.491944,19.133889,2026-09-20 04:24:09.976974,14.79,14.28,14.79,14.79,1024,75,0.24,279,76,0.0,Clouds,broken clouds,4
Rákos,47.488889,19.174722,2026-09-20 04:24:11.139493,14.75,14.24,14.75,14.75,1024,75,0.12,261,76,0.0,Clouds,broken clouds,4
Rákosrendező,47.525556,19.089444,2026-09-20 04:24:12.304189,14.89,14.39,14.89,14.89,1025,75,0.41,290,73,0.0,Clouds,broken clouds,4
Zugló,47.511389,19.101389,2026-09-20 04:24:13.464206,14.85,14.35,14.85,14.85,1025,75,0.41,290,73,0.0,Clouds,broken clouds,4
Mezőtárkány,47.725,20.480278,2026-09-20 04:24:14.614120,13.11,12.36,13.11,13.11,1024,72,1.44,316,42,0.0,Clouds,scattered clouds,4
Istvántelek,47.550278,19.106389,2026-09-20 04:24:15.770624,14.88,14.38,14.88,14.88,1025,75,0.44,288,71,0.0,Clouds,broken clouds,4
Rákospalota-Újpest,47.565833,19.111944,2026-09-20 04:24:16.924505,14.87,14.37,14.87,14.87,1025,75,0.47,286,69,0.0,Clouds,broken clouds,4
Kőbánya alsó,47.483056,19.127222,2026-09-20 04:24:18.086322,14.8,14.29,14.8,14.8,1024,75,0.24,279,76,0.0,Clouds,broken clouds,4
Kőbánya-Kispest,47.463889,19.149444,2026-09-20 04:24:19.245077,14.8,14.42,14.8,14.8,1024,80,0.21,281,77,0.0,Clouds,broken clouds,4
Pestszentlőrinc,47.454722,19.182778,2026-09-20 04:24:20.402701,14.74,14.38,14.74,14.74,1024,81,0.09,252,77,0.0,Clouds,broken clouds,4
Kispest,47.448135,19.157552,2026-09-20 04:24:21.565229,14.81,14.44,14.81,14.81,1024,80,0.19,286,78,0.0,Clouds,broken clouds,4
Újpest,47.558889,19.079722,2026-09-20 04:24:22.718078,14.88,14.38,14.88,14.88,1025,75,0.78,295,68,0.0,Clouds,broken clouds,4
Pestszentimre felső,47.413611,19.173333,2026-09-20 04:24:23.872958,14.83,14.48,14.83,14.83,1024,81,0.08,256,77,0.0,Clouds,broken clouds,4
Dunakeszi,47.626111,19.136111,2026-09-20 04:24:25.023037,14.78,14.27,14.78,14.78,1025,75,0.38,285,66,0.0,Clouds,broken clouds,4
Dunakeszi-Gyártelep,47.643611,19.135,2026-09-20 04:24:26.185964,14.82,14.32,14.82,14.82,1025,75,0.47,282,63,0.0,Clouds,broken clouds,4
Alsógöd,47.676944,19.134444,2026-09-20 04:24:27.338764,14.81,14.3,14.81,14.81,1025,75,0.57,281,60,0.0,Clouds,broken clouds,4
Göd,47.687778,19.1375,2026-09-20 04:24:28.491498,14.83,14.33,14.83,14.83,1025,75,0.57,281,60,0.0,Clouds,broken clouds,4
Felsőgöd,47.705556,19.143333,2026-09-20 04:24:29.649453,14.88,14.38,14.88,18.35,1025,75,0.66,281,56,0.0,Clouds,broken clouds,4
Sződ-Sződliget,47.728056,19.154722,2026-09-20 04:24:30.801643,14.87,14.37,14.87,18.34,1025,75,0.72,283,52,0.0,Clouds,broken clouds,4
Vác,47.782778,19.133056,2026-09-20 04:24:31.956901,14.85,14.35,14.85,14.85,1025,75,0.77,287,38,0.0,Clouds,scattered clouds,4
Verőce,47.823889,19.029444,2026-09-20 04:24:33.114198,14.68,14.34,14.68,14.68,1024,82,0.92,270,17,0.0,Clouds,few clouds,4
Kismaros,47.8275,19.010278,2026-09-20 04:24:34.271326,14.81,14.49,14.81,14.81,1024,82,0.86,264,14,0.0,Clouds,few clouds,4
Nagymaros-Visegrád,47.791389,18.959167,2026-09-20 04:24:35.435742,14.83,14.51,14.83,14.83,1024,82,0.73,254,20,0.0,Clouds,few clouds,4
Nagymaros,47.780278,18.952222,2026-09-20 04:24:36.587268,14.9,14.59,14.9,14.9,1024,82,0.73,254,20,0.0,Clouds,few clouds,4
Zebegény,47.801389,18.908889,2026-09-20 04:24:37.738006,14.88,14.59,14.88,14.88,1023,83,0.57,247,13,0.0,Clouds,few clouds,4
Szob,47.821111,18.861944,2026-09-20 04:24:38.892592,12.19,11.63,12.19,12.19,1023,83,0.2,191,7,0.0,Clear,clear sky,4
Alagimajor,47.601944,19.153889,2026-09-20 04:24:40.041430,14.82,14.32,14.82,14.82,1025,75,0.32,286,67,0.0,Clouds,broken clouds,4
Fót,47.611389,19.181667,2026-09-20 04:24:41.199020,14.72,14.21,14.72,14.72,1025,75,0.23,290,66,0.0,Clouds,broken clouds,4
Fótújfalu,47.615,19.192778,2026-09-20 04:24:42.354483,14.61,14.08,14.61,14.61,1025,75,0.23,290,66,0.0,Clouds,broken clouds,4
Csomád,47.635556,19.222778,2026-09-20 04:24:43.513132,14.34,13.79,14.34,14.34,1025,75,0.15,293,67,0.0,Clouds,broken clouds,4
Veresegyház,47.649167,19.288611,2026-09-20 04:24:44.670005,14.49,13.95,14.49,14.49,1025,75,0.09,306,67,0.0,Clouds,broken clouds,4
Erdőkertes,47.662222,19.295833,2026-09-20 04:24:45.841020,14.44,13.9,14.44,14.44,1025,75,0.09,306,67,0.0,Clouds,broken clouds,4
Őrbottyán,47.685833,19.283611,2026-09-20 04:24:47.001281,14.36,13.81,9.71,14.36,1025,75,0.17,306,64,0.0,Clouds,broken clouds,4
Váchartyán,47.725833,19.248889,2026-09-20 04:24:48.163484,14.72,14.21,14.72,14.72,1025,75,0.25,313,56,0.0,Clouds,broken clouds,4
Magyarkút-Verőce,47.826111,19.044444,2026-09-20 04:24:49.322073,14.84,14.52,14.84,14.84,1024,82,0.92,270,17,0.0,Clouds,few clouds,4
Szokolya,47.871111,19.030556,2026-09-20 04:24:50.474811,14.48,14.1,14.48,14.48,1024,81,0.88,267,8,0.0,Clear,clear sky,4
Berkenye,47.885278,19.071944,2026-09-20 04:24:51.633088,14.13,13.71,14.13,14.13,1024,81,0.86,273,9,0.0,Clear,clear sky,4
Nógrád,47.901944,19.0475,2026-09-20 04:24:52.790724,11.51,10.83,11.51,11.51,1024,81,0.88,262,5,0.0,Clear,clear sky,4
Diósjenő,47.94,19.049444,2026-09-20 04:24:53.947530,11.11,10.39,11.11,11.11,1024,81,0.9,253,4,0.0,Clear,clear sky,4
Borsosberény,47.971389,19.093056,2026-09-20 04:24:55.103780,11.69,11.0,11.69,11.69,1024,80,0.69,262,4,0.0,Clear,clear sky,4
Nagyoroszi,47.993611,19.101111,2026-09-20 04:24:56.271280,11.51,10.83,11.51,11.51,1024,81,0.73,251,4,0.0,Clear,clear sky,4
Drégelyvár,48.001944,19.079444,2026-09-20 04:24:57.423231,11.83,11.16,11.83,11.83,1024,80,0.97,233,5,0.0,Clear,clear sky,4
Drégely,48.042222,19.056111,2026-09-20 04:24:58.600455,12.21,11.6,12.21,12.21,1024,81,0.88,228,7,0.0,Clear,clear sky,4
Drégelypalánk,48.055,19.046111,2026-09-20 04:24:59.755514,12.41,11.82,12.41,12.41,1024,81,0.66,213,8,0.0,Clear,clear sky,4
Ipolyvece,48.056944,19.106389,2026-09-20 04:25:00.916419,12.32,11.72,12.32,12.32,1024,81,0.63,231,8,0.0,Clear,clear sky,4
Dejtár,48.045556,19.196389,2026-09-20 04:25:02.089388,12.17,11.56,12.17,12.17,1024,81,0.47,243,6,0.0,Clear,clear sky,4
Ipolyszög,48.054444,19.221944,2026-09-20 04:25:03.268226,12.26,11.66,12.26,12.26,1024,81,0.43,242,7,0.0,Clear,clear sky,4
Iklad-Domony,47.658056,19.444444,2026-09-20 04:25:04.420575,14.75,14.24,10.1,14.75,1025,75,0.91,259,72,0.0,Clouds,broken clouds,4
Iklad-Domony felső,47.667778,19.428056,2026-09-20 04:25:05.578443,14.74,14.23,10.09,14.74,1025,75,0.73,266,69,0.0,Clouds,broken clouds,4
Galgamácsa,47.693889,19.3925,2026-09-20 04:25:06.745395,14.72,14.21,14.72,14.72,1025,75,0.35,286,63,0.0,Clouds,broken clouds,4
Vácrátót,47.732778,19.217778,2026-09-20 04:25:07.910628,14.65,14.13,14.65,14.65,1025,75,0.4,297,54,0.0,Clouds,broken clouds,4
Csörög,47.735833,19.196389,2026-09-20 04:25:09.070249,14.65,14.13,14.65,14.65,1025,75,0.54,288,53,0.0,Clouds,broken clouds,4
Galgagyörk,47.735278,19.372222,2026-09-20 04:25:10.231018,14.62,14.1,14.62,14.62,1025,75,0.4,293,59,0.0,Clouds,broken clouds,4
Püspökhatvan,47.768611,19.366944,2026-09-20 04:25:11.393160,14.62,14.1,14.62,14.62,1025,75,0.37,305,48,0.0,Clouds,scattered clouds,4
Acsa-Erdőkürt,47.801111,19.386111,2026-09-20 04:25:12.551291,14.55,14.15,14.55,14.55,1025,80,0.32,314,43,0.0,Clouds,scattered clouds,4
Galgaguta,47.848611,19.385556,2026-09-20 04:25:13.718814,14.41,13.97,14.41,14.41,1025,79,0.24,345,32,0.0,Clouds,scattered clouds,4
Nógrádkövesd,47.879444,19.371111,2026-09-20 04:25:14.876285,14.31,13.86,14.31,14.31,1024,79,0.21,5,28,0.0,Clouds,scattered clouds,4
Magyarnándor,47.970833,19.356667,2026-09-20 04:25:16.040238,11.81,11.11,11.81,11.81,1024,79,0.11,56,10,0.0,Clear,clear sky,4
Mohora,47.995556,19.347778,2026-09-20 04:25:17.210514,11.91,11.25,11.91,11.91,1024,80,0.06,90,7,0.0,Clear,clear sky,4
Szügy,48.036389,19.333056,2026-09-20 04:25:18.373618,12.14,11.5,12.14,12.14,1024,80,0.11,185,7,0.0,Clear,clear sky,4
Balassagyarmat,48.071111,19.293611,2026-09-20 04:25:19.527081,12.23,11.6,12.23,12.23,1024,80,0.21,229,7,0.0,Clear,clear sky,4
Őrhalom,48.078773,19.403936,2026-09-20 04:25:20.688393,12.1,11.43,12.1,12.1,1024,79,0.18,161,21,0.0,Clouds,few clouds,4
Hugyag,48.083056,19.421111,2026-09-20 04:25:21.841045,12.1,11.43,12.1,12.1,1024,79,0.18,161,21,0.0,Clouds,few clouds,4
Szécsény,48.093056,19.521111,2026-09-20 04:25:23.004721,12.4,11.71,12.4,12.4,1024,77,0.28,138,36,0.0,Clouds,scattered clouds,4
Ludányhalászi,48.1325,19.529444,2026-09-20 04:25:24.175623,12.4,11.73,12.4,12.4,1024,78,0.21,113,27,0.0,Clouds,scattered clouds,4
Nógrádszakál,48.178333,19.521667,2026-09-20 04:25:25.332542,12.37,11.7,12.37,12.37,1024,78,0.1,79,23,0.0,Clouds,few clouds,4
Ráróspuszta,48.207222,19.541389,2026-09-20 04:25:26.486001,11.86,11.14,11.86,11.86,1024,78,0.35,315,18,0.0,Clouds,few clouds,4
Litke,48.215833,19.598611,2026-09-20 04:25:27.640287,12.38,11.71,12.38,12.38,1024,78,0.15,318,31,0.0,Clouds,scattered clouds,4
Nyíregyháza külső,47.943056,21.740278,2026-09-20 04:25:28.802963,13.0,12.52,13.0,13.0,1024,83,1.38,222,14,0.0,Clouds,few clouds,4
Oros,47.945833,21.806389,2026-09-20 04:25:29.959567,12.95,12.47,12.95,12.95,1024,83,1.54,221,17,0.0,Clouds,few clouds,4
Napkor,47.948889,21.873056,2026-09-20 04:25:31.112707,12.87,12.38,12.87,12.87,1024,83,1.58,216,14,0.0,Clouds,few clouds,4
Apagy,47.953775,21.939044,2026-09-20 04:25:32.268788,12.83,12.34,12.83,12.83,1024,83,1.58,212,16,0.0,Clouds,few clouds,4
Levelek-Magy,47.948056,21.993611,2026-09-20 04:25:33.436598,12.71,12.2,12.71,12.71,1024,83,1.57,205,18,0.0,Clouds,few clouds,4
Ófehértó,47.940556,22.041389,2026-09-20 04:25:34.592381,12.6,12.08,12.6,12.6,1024,83,1.67,203,30,0.0,Clouds,scattered clouds,4
Ligettanya,47.951667,22.071389,2026-09-20 04:25:35.755185,12.53,12.03,12.53,12.53,1024,84,1.57,193,24,0.0,Clouds,few clouds,4
Baktalórántháza,47.988611,22.083333,2026-09-20 04:25:36.916246,12.53,12.03,12.53,12.53,1024,84,1.48,190,15,0.0,Clouds,few clouds,4
Vaja-Rohod,48.006389,22.164167,2026-09-20 04:25:38.078811,12.49,11.99,12.49,12.49,1024,84,1.38,178,13,0.0,Clouds,few clouds,4
Rákóczitanya,48.022222,22.178333,2026-09-20 04:25:39.234501,12.43,11.95,12.43,12.43,1024,85,1.36,174,15,0.0,Clouds,few clouds,4
Nyírmada,48.059167,22.203056,2026-09-20 04:25:40.386741,12.45,11.97,12.45,12.45,1024,85,1.34,170,4,0.0,Clear,clear sky,4
Tunyogmatolcs,47.960244,22.442247,2026-09-20 04:25:41.554791,12.33,11.92,12.33,12.33,1024,88,1.26,149,55,0.0,Clouds,broken clouds,4
Tunyogmatolcs alsó,47.966025,22.464713,2026-09-20 04:25:42.711793,12.28,11.89,12.28,12.28,1024,89,1.27,149,57,0.0,Clouds,broken clouds,4
Fehérgyarmat,47.979167,22.524444,2026-09-20 04:25:43.866906,12.27,11.88,12.27,12.27,1024,89,1.36,145,53,0.0,Clouds,broken clouds,4
Penyige,47.995278,22.566944,2026-09-20 04:25:45.035626,12.26,11.87,12.26,12.26,1024,89,1.35,146,57,0.0,Clouds,broken clouds,4
Nagyszekeres,47.976111,22.6125,2026-09-20 04:25:46.188976,12.22,11.82,12.22,12.22,1024,89,1.32,147,62,0.0,Clouds,broken clouds,4
Kisszekeres,47.965833,22.629444,2026-09-20 04:25:47.357523,12.19,11.81,12.19,12.19,1024,90,1.23,153,68,0.0,Clouds,broken clouds,4
Jánkmajtis,47.941944,22.657222,2026-09-20 04:25:48.517714,12.12,11.74,12.12,12.12,1024,90,1.13,159,75,0.0,Clouds,broken clouds,4
Gacsály,47.926111,22.745,2026-09-20 04:25:49.677057,9.03,9.03,9.03,9.03,1024,90,1.18,158,79,0.0,Clouds,broken clouds,4
Zajta,47.9025,22.796111,2026-09-20 04:25:50.837506,9.03,9.03,9.03,9.03,1024,91,1.26,145,82,0.0,Clouds,broken clouds,4
Eperjeske alsó,48.360556,22.19,2026-09-20 04:25:51.997528,12.65,12.19,12.65,12.65,1024,85,1.01,115,4,0.0,Clear,clear sky,4
Mándok,48.326944,22.196389,2026-09-20 04:25:53.151400,12.6,12.14,12.6,12.6,1024,85,1.02,121,3,0.0,Clear,clear sky,4
Tornyospálca,48.268333,22.201944,2026-09-20 04:25:54.301892,12.6,12.16,12.6,12.6,1024,86,1.02,134,2,0.0,Clear,clear sky,4
Aranyosapáti,48.211303,22.253534,2026-09-20 04:25:55.455780,12.58,12.14,12.58,12.58,1024,86,1.46,134,2,0.0,Clear,clear sky,4
Gyüre,48.171389,22.269167,2026-09-20 04:25:56.623091,12.54,12.1,12.54,12.54,1024,86,1.45,142,0,0.0,Clear,clear sky,4
Varsány,48.151722,22.290047,2026-09-20 04:25:57.779560,12.51,12.09,12.51,12.51,1024,87,1.6,140,0,0.0,Clear,clear sky,4
Vásárosnamény,48.126667,22.306111,2026-09-20 04:25:58.941851,12.5,12.08,12.5,12.5,1024,87,1.58,142,1,0.0,Clear,clear sky,4
Vitka,48.095556,22.308056,2026-09-20 04:26:00.099535,12.48,12.06,12.48,12.48,1024,87,1.55,144,3,0.0,Clear,clear sky,4
Nagydobos,48.054167,22.311111,2026-09-20 04:26:01.265968,12.41,11.98,12.41,12.41,1024,87,1.47,147,7,0.0,Clear,clear sky,4
Ópályi,47.997778,22.318333,2026-09-20 04:26:02.423674,12.36,11.9,12.36,12.36,1024,86,1.29,157,32,0.0,Clouds,scattered clouds,4
Nyírcsaholy,47.908056,22.348333,2026-09-20 04:26:03.576171,12.34,11.9,12.34,12.34,1024,87,1.23,165,70,0.0,Clouds,broken clouds,4
Nagyecsed,47.864722,22.385556,2026-09-20 04:26:04.734953,12.28,11.86,12.28,12.28,1024,88,1.09,160,85,0.0,Clouds,overcast clouds,4
Tiborszállás,47.815278,22.402778,2026-09-20 04:26:05.899878,12.25,11.83,12.25,12.25,1024,88,0.86,160,82,0.0,Clouds,broken clouds,4
Kiskunhalas,46.434444,19.493611,2026-09-20 04:26:07.052132,13.44,12.77,13.44,13.44,1024,74,0.34,272,76,0.0,Clouds,broken clouds,4
Kecskemét alsó,46.895833,19.692222,2026-09-20 04:26:08.201539,11.99,11.23,11.99,11.99,1024,76,1.54,300,38,0.0,Clouds,scattered clouds,4
Putnok,48.286667,20.4375,2026-09-20 04:26:09.359861,17.78,17.55,17.78,17.78,1024,74,0.79,282,60,0.0,Clouds,broken clouds,4
Bánréve,48.299722,20.351944,2026-09-20 04:26:10.515922,17.77,17.53,17.77,17.77,1024,74,0.35,307,71,0.0,Clouds,broken clouds,4
Ipolytarnóc,48.236667,19.629167,2026-09-20 04:26:11.665138,12.35,11.68,12.35,12.35,1024,78,0.14,291,32,0.0,Clouds,scattered clouds,4
Rákosliget,47.486111,19.257778,2026-09-20 04:26:12.821850,14.67,14.15,14.67,14.67,1024,75,0.13,162,75,0.0,Clouds,broken clouds,4
Ikrény,47.657778,17.524167,2026-09-20 04:26:13.979901,10.08,9.55,10.08,10.08,1024,92,1.44,211,0,0.0,Clear,clear sky,4
Rábapatona,47.648889,17.461944,2026-09-20 04:26:15.147391,10.1,9.54,10.1,10.1,1024,91,1.3,206,0,0.0,Clear,clear sky,4
Enese,47.644167,17.425278,2026-09-20 04:26:16.307262,10.1,9.52,10.1,10.1,1024,90,1.1,205,0,0.0,Clear,clear sky,4
Kóny,47.632222,17.357222,2026-09-20 04:26:17.469322,12.68,12.35,12.68,12.68,1024,90,1.04,204,0,0.0,Clear,clear sky,4
Farád,47.595278,17.195833,2026-09-20 04:26:18.623514,12.77,12.4,12.77,12.77,1024,88,0.57,248,0,0.0,Clear,clear sky,4
Rábatamási,47.592778,17.161389,2026-09-20 04:26:19.782523,12.77,12.4,12.77,12.77,1024,88,0.57,248,0,0.0,Clear,clear sky,4
Szárföld,47.589167,17.123889,2026-09-20 04:26:20.943470,12.78,12.41,12.78,12.78,1024,88,0.57,257,0,0.0,Clear,clear sky,4
Veszkény,47.586944,17.101389,2026-09-20 04:26:22.105145,12.8,12.43,12.8,12.8,1024,88,0.59,264,0,0.0,Clear,clear sky,4
Kapuvár,47.581944,17.046944,2026-09-20 04:26:23.271833,12.79,12.42,12.79,12.79,1024,88,0.74,278,0,0.0,Clear,clear sky,4
Vitnyéd-Csermajor,47.5825,16.987222,2026-09-20 04:26:24.435047,12.8,12.43,12.8,12.8,1024,88,0.8,286,0,0.0,Clear,clear sky,4
Petőháza,47.595278,16.893056,2026-09-20 04:26:25.587670,12.83,12.44,12.83,12.83,1024,87,0.7,287,0,0.0,Clear,clear sky,4
Fertőszentmiklós,47.6,16.858889,2026-09-20 04:26:26.753078,12.8,12.41,12.8,12.8,1024,87,0.69,288,0,0.0,Clear,clear sky,4
Pinnye,47.600278,16.768611,2026-09-20 04:26:27.926474,12.67,12.24,12.67,12.67,1024,86,0.67,291,0,0.0,Clear,clear sky,4
Fertőboz,47.625,16.691667,2026-09-20 04:26:29.082864,13.74,13.42,13.74,13.74,1024,86,0.56,294,0,0.0,Clear,clear sky,4
Sopron,47.677778,16.587222,2026-09-20 04:26:30.235591,13.44,13.06,13.44,13.44,1024,85,0.32,290,2,0.0,Clear,clear sky,4
Fertőszéplak-Fertőd,47.618889,16.850833,2026-09-20 04:26:31.385055,12.86,12.47,12.86,12.86,1024,87,0.55,282,0,0.0,Clear,clear sky,4
Nyúl,47.587778,17.698056,2026-09-20 04:26:32.547795,10.02,9.51,10.02,11.14,1024,93,0.0,0,1,0.0,Clear,clear sky,4
Pannonhalma,47.547778,17.740833,2026-09-20 04:26:33.701838,9.96,9.96,9.96,11.08,1024,93,0.0,0,4,0.0,Clear,clear sky,4
Tarjánpuszta,47.504722,17.789167,2026-09-20 04:26:34.860577,9.73,9.73,9.73,10.84,1024,93,0.0,0,8,0.0,Clear,clear sky,4
Győrasszonyfa,47.4925,17.799167,2026-09-20 04:26:36.024815,9.66,9.66,9.66,10.77,1024,93,0.0,0,8,0.0,Clear,clear sky,4
Veszprémvarsány,47.443333,17.818333,2026-09-20 04:26:37.186727,9.71,9.04,9.71,10.83,1024,88,1.78,201,13,0.0,Clouds,few clouds,4
Bakonyszentlászló,47.395556,17.8175,2026-09-20 04:26:38.340880,10.58,9.97,9.47,10.58,1024,87,1.63,196,15,0.0,Clouds,few clouds,4
Porva-Csesznek,47.326944,17.841111,2026-09-20 04:26:39.500305,9.59,9.28,9.59,9.59,1024,86,1.41,199,19,0.0,Clouds,few clouds,4
Zirc,47.266667,17.878056,2026-09-20 04:26:40.654182,10.92,10.29,10.92,10.92,1024,85,0.95,234,32,0.0,Clouds,scattered clouds,4
Eplény,47.192778,17.921667,2026-09-20 04:26:41.802923,11.39,10.78,11.39,11.39,1024,84,0.95,287,49,0.0,Clouds,scattered clouds,4
Marcaltő,47.4275,17.348889,2026-09-20 04:26:42.955966,11.17,10.61,11.17,11.17,1024,87,0.51,340,0,0.0,Clear,clear sky,4
Szany-Rábaszentandrás,47.460833,17.315278,2026-09-20 04:26:44.116762,11.17,10.61,11.17,11.17,1024,87,0.51,340,0,0.0,Clear,clear sky,4
Egyed-Rábacsanak,47.521944,17.316389,2026-09-20 04:26:45.273700,11.18,10.7,11.18,11.18,1024,90,1.01,200,0,0.0,Clear,clear sky,4
Rábapordány,47.557222,17.315,2026-09-20 04:26:46.436634,11.18,10.7,11.18,11.18,1024,90,0.99,203,0,0.0,Clear,clear sky,4
Albertfalva,47.440784,19.033965,2026-09-20 04:26:47.598403,14.93,14.52,14.93,14.93,1024,78,0.75,327,77,0.0,Clouds,broken clouds,4
Budafok,47.425833,19.041389,2026-09-20 04:26:48.765214,14.93,14.54,14.93,14.93,1024,79,0.68,333,79,0.0,Clouds,broken clouds,4
Tétényliget,47.384722,18.955278,2026-09-20 04:26:49.914354,18.42,17.86,10.31,18.42,1024,59,0.91,345,79,0.0,Clouds,broken clouds,4
Érd alsó,47.379722,18.923056,2026-09-20 04:26:51.059191,18.29,17.72,10.17,18.29,1024,59,0.97,346,78,0.0,Clouds,broken clouds,4
Tárnok,47.365556,18.873889,2026-09-20 04:26:52.214064,18.35,17.78,10.23,18.35,1024,59,0.83,346,79,0.0,Clouds,broken clouds,4
Martonvásár,47.321389,18.781667,2026-09-20 04:26:53.371151,18.28,18.28,18.28,18.28,1024,81,0.61,332,84,0.0,Clouds,broken clouds,4
Baracska,47.297222,18.753333,2026-09-20 04:26:54.531106,18.38,18.41,18.38,18.38,1024,82,0.53,320,85,0.0,Clouds,overcast clouds,4
Pettend,47.26,18.708889,2026-09-20 04:26:55.685559,12.83,12.31,12.83,12.83,1024,82,0.46,308,86,0.0,Clouds,overcast clouds,4
Kápolnásnyék,47.245556,18.692222,2026-09-20 04:26:56.841278,12.91,12.4,12.91,12.91,1024,82,0.42,301,87,0.0,Clouds,overcast clouds,4
Velence,47.226944,18.663889,2026-09-20 04:26:57.998353,12.98,12.47,12.98,12.98,1024,82,0.4,304,87,0.0,Clouds,overcast clouds,4
Velencefürdő,47.218611,18.648056,2026-09-20 04:26:59.151251,12.99,12.49,12.99,12.99,1024,82,0.37,297,89,0.0,Clouds,overcast clouds,4
Gárdony,47.205833,18.624722,2026-09-20 04:27:00.306312,13.01,12.51,13.01,13.01,1024,82,0.35,301,89,0.0,Clouds,overcast clouds,4
Agárd,47.197666,18.604907,2026-09-20 04:27:01.460617,13.01,12.51,13.01,13.01,1024,82,0.35,301,89,0.0,Clouds,overcast clouds,4
Dinnyés,47.179722,18.560833,2026-09-20 04:27:02.614103,13.01,12.51,13.01,13.01,1024,82,0.31,303,90,0.0,Clouds,overcast clouds,4
Székesfehérvár,47.183611,18.424722,2026-09-20 04:27:03.773328,12.95,12.47,12.95,12.95,1024,83,0.46,302,83,0.0,Clouds,broken clouds,4
Szabadbattyán,47.105278,18.388333,2026-09-20 04:27:04.923353,12.96,12.48,12.96,12.96,1024,83,0.8,277,91,0.0,Clouds,overcast clouds,4
Kiscséripuszta,47.048056,18.355,2026-09-20 04:27:06.073744,12.82,12.38,12.82,12.82,1024,85,0.95,269,94,0.0,Clouds,overcast clouds,4
Lepsény,46.9875,18.248056,2026-09-20 04:27:07.230955,13.12,12.76,13.12,13.12,1024,87,1.0,261,93,0.0,Clouds,overcast clouds,4
Balatonaliga,46.984444,18.171389,2026-09-20 04:27:08.391994,12.96,12.58,12.96,12.96,1024,87,1.03,257,92,0.0,Clouds,overcast clouds,4
Balatonvilágos,46.964167,18.157222,2026-09-20 04:27:09.551607,13.29,12.97,13.29,13.29,1024,88,1.04,248,93,0.0,Clouds,overcast clouds,4
Szabadifürdő,46.926111,18.103333,2026-09-20 04:27:10.717840,13.25,12.9,13.25,13.25,1024,87,1.14,239,95,0.0,Clouds,overcast clouds,4
Ózd alsó,48.227778,20.306111,2026-09-20 04:27:11.876049,17.61,17.31,17.61,17.61,1024,72,0.09,207,66,0.0,Clouds,broken clouds,4
Ózd,48.2225,20.294722,2026-09-20 04:27:13.034097,17.66,17.36,17.66,17.66,1024,72,0.09,207,66,0.0,Clouds,broken clouds,4
Alsóboldva,48.212778,20.792222,2026-09-20 04:27:14.198534,17.99,17.83,17.99,17.99,1023,76,1.98,309,26,0.0,Clouds,scattered clouds,4
Boldva,48.223333,20.790278,2026-09-20 04:27:15.353525,17.98,17.82,17.98,17.98,1023,76,1.98,309,26,0.0,Clouds,scattered clouds,4
Borsodszirák,48.259167,20.770556,2026-09-20 04:27:16.508616,17.94,17.8,17.94,17.94,1023,77,1.96,311,33,0.0,Clouds,scattered clouds,4
Edelény alsó,48.279167,20.760833,2026-09-20 04:27:17.669475,12.95,12.31,12.95,12.95,1023,77,1.96,311,33,0.0,Clouds,scattered clouds,4
Edelény,48.299722,20.749444,2026-09-20 04:27:18.823205,12.86,12.24,12.86,12.86,1023,78,1.85,315,38,0.0,Clouds,scattered clouds,4
Szendrőlád,48.334444,20.731944,2026-09-20 04:27:19.976518,11.72,11.01,11.72,11.72,1023,79,1.5,313,49,0.0,Clouds,scattered clouds,4
Szendrő,48.400725,20.721346,2026-09-20 04:27:21.139778,12.58,11.98,12.58,12.58,1023,80,1.02,313,56,0.0,Clouds,broken clouds,4
Szendrő felső,48.409907,20.720148,2026-09-20 04:27:22.298644,12.58,11.98,12.58,12.58,1023,80,1.02,313,56,0.0,Clouds,broken clouds,4
Szalonna,48.449444,20.722222,2026-09-20 04:27:23.459082,12.61,12.04,12.61,12.61,1023,81,0.71,317,60,0.0,Clouds,broken clouds,4
Perkupa,48.471389,20.691111,2026-09-20 04:27:24.613477,11.9,11.23,11.9,11.9,1023,80,0.92,326,62,0.0,Clouds,broken clouds,4
Szemeretelep,47.443056,19.214167,2026-09-20 04:27:25.764819,14.74,14.44,14.74,14.74,1024,83,0.09,193,77,0.0,Clouds,broken clouds,4
Jósvafő-Aggtelek,48.489722,20.693889,2026-09-20 04:27:26.921512,12.22,11.59,12.22,12.22,1023,80,0.88,329,63,0.0,Clouds,broken clouds,4
Bódvaszilas,48.5375,20.738056,2026-09-20 04:27:28.079826,11.8,11.15,11.8,11.8,1023,81,0.68,333,66,0.0,Clouds,broken clouds,4
Komjáti,48.5475,20.759722,2026-09-20 04:27:29.236128,11.34,10.67,11.34,11.34,1023,82,0.67,340,70,0.0,Clouds,broken clouds,4
Tornanádaska,48.558333,20.787222,2026-09-20 04:27:30.392981,12.51,11.96,12.51,12.51,1023,82,0.65,340,70,0.0,Clouds,broken clouds,4
Onga,48.121111,20.906667,2026-09-20 04:27:31.545123,13.18,12.54,13.18,13.18,1024,76,1.76,331,35,0.0,Clouds,scattered clouds,4
Szikszó-Vásártér,48.193056,20.934722,2026-09-20 04:27:32.708173,13.06,12.43,13.06,13.06,1023,77,2.15,335,28,0.0,Clouds,scattered clouds,4
Szikszó,48.201667,20.941667,2026-09-20 04:27:33.863892,13.1,12.48,13.1,13.1,1023,77,2.27,339,28,0.0,Clouds,scattered clouds,4
Aszaló,48.219867,20.961466,2026-09-20 04:27:35.021070,12.91,12.29,12.91,12.91,1023,78,2.31,339,27,0.0,Clouds,scattered clouds,4
Halmaj,48.246667,20.991667,2026-09-20 04:27:36.189963,13.0,12.42,13.0,13.0,1023,79,2.34,340,26,0.0,Clouds,scattered clouds,4
Csobád,48.277222,21.033889,2026-09-20 04:27:37.348940,12.98,12.42,12.98,12.98,1023,80,2.16,338,24,0.0,Clouds,few clouds,4
Ináncs,48.291111,21.057778,2026-09-20 04:27:38.507040,12.88,12.34,12.88,12.88,1023,81,1.76,337,21,0.0,Clouds,few clouds,4
Forró-Encs,48.3275,21.117778,2026-09-20 04:27:39.664971,12.8,12.28,12.8,12.8,1023,82,1.43,339,18,0.0,Clouds,few clouds,4
Méra,48.363056,21.140278,2026-09-20 04:27:40.822156,12.54,12.02,12.54,12.54,1023,83,0.88,347,17,0.0,Clouds,few clouds,4
Novajidrány,48.404444,21.170556,2026-09-20 04:27:41.976345,10.5,9.77,10.5,10.5,1023,83,0.65,357,17,0.0,Clouds,few clouds,4
Hernádszurdok,48.487222,21.213889,2026-09-20 04:27:43.127774,10.66,9.9,10.42,11.79,1023,81,0.0,0,20,0.0,Clouds,few clouds,4
Hidasnémeti,48.508333,21.229722,2026-09-20 04:27:44.290935,10.69,9.93,10.43,11.8,1022,81,0.0,0,23,0.0,Clouds,few clouds,4
Mád,48.19,21.268889,2026-09-20 04:27:45.440107,12.85,12.25,12.85,12.85,1023,79,2.47,329,15,0.0,Clouds,few clouds,4
Rátka,48.215,21.230278,2026-09-20 04:27:46.596240,13.14,12.6,13.14,13.14,1023,80,2.35,332,16,0.0,Clouds,few clouds,4
Tállya,48.226944,21.225278,2026-09-20 04:27:47.750062,13.14,12.6,13.14,13.14,1023,80,2.35,332,16,0.0,Clouds,few clouds,4
Golop,48.242778,21.204167,2026-09-20 04:27:48.905937,13.1,12.58,13.1,13.1,1023,81,2.15,336,19,0.0,Clouds,few clouds,4
Abaújszántó,48.286944,21.181667,2026-09-20 04:27:50.064170,12.73,12.2,12.73,12.73,1023,82,1.56,339,16,0.0,Clouds,few clouds,4
Abaújszántói fürdő,48.268333,21.179722,2026-09-20 04:27:51.214425,13.02,12.49,13.02,13.02,1023,81,1.85,337,17,0.0,Clouds,few clouds,4
Abaújkér,48.309444,21.198333,2026-09-20 04:27:52.374379,12.69,12.16,12.69,12.69,1023,82,1.28,342,16,0.0,Clouds,few clouds,4
Boldogkőváralja,48.345,21.208889,2026-09-20 04:27:53.529325,12.67,12.13,12.67,12.67,1023,82,0.86,346,13,0.0,Clouds,few clouds,4
Korlát-Vizsoly,48.365,21.219167,2026-09-20 04:27:54.689050,12.75,12.22,12.75,12.75,1023,82,0.66,351,14,0.0,Clouds,few clouds,4
Fony,48.411389,21.242778,2026-09-20 04:27:55.840201,10.3,9.55,10.3,14.71,1023,83,0.45,12,16,0.0,Clouds,few clouds,4
Hejce-Vilmány,48.419444,21.245556,2026-09-20 04:27:57.003197,10.27,9.52,10.27,14.67,1023,83,0.45,12,16,0.0,Clouds,few clouds,4
Göncruszka,48.445,21.246944,2026-09-20 04:27:58.157978,10.36,9.62,10.36,11.73,1023,83,0.42,25,17,0.0,Clouds,few clouds,4
Gönc,48.470556,21.261389,2026-09-20 04:27:59.312001,10.58,9.86,10.26,11.63,1023,83,0.4,37,19,0.0,Clouds,few clouds,4
Zsujta,48.4925,21.265,2026-09-20 04:28:00.470602,10.61,9.84,10.28,11.65,1022,81,0.0,0,21,0.0,Clouds,few clouds,4
Bodrogkeresztúr,48.175556,21.354167,2026-09-20 04:28:01.628368,12.59,11.97,12.59,12.59,1023,79,2.26,321,12,0.0,Clouds,few clouds,4
Szegi,48.201944,21.387778,2026-09-20 04:28:02.786269,15.2,14.86,15.2,15.2,1023,80,1.78,321,10,0.0,Clear,clear sky,4
Erdőbénye,48.218056,21.401944,2026-09-20 04:28:03.939965,15.17,14.86,15.17,15.17,1023,81,1.45,327,9,0.0,Clear,clear sky,4
Olaszliszka-Tolcsva,48.258333,21.448056,2026-09-20 04:28:05.095086,15.2,14.89,15.2,15.2,1023,81,1.03,336,8,0.0,Clear,clear sky,4
Bodrogolaszi,48.286944,21.512778,2026-09-20 04:28:06.249868,15.14,15.32,15.14,15.14,1023,100,0.85,339,7,0.0,Clear,clear sky,4
Sárospatak,48.325833,21.566111,2026-09-20 04:28:07.402475,15.09,15.27,15.09,15.09,1023,100,0.82,341,6,0.0,Clear,clear sky,4
Sátoraljaújhely,48.385833,21.657778,2026-09-20 04:28:08.554929,15.17,15.35,15.17,15.17,1023,100,0.92,312,5,0.0,Clear,clear sky,4
Vecsés,47.40855,19.25652,2026-09-20 04:28:09.712896,14.78,14.48,14.78,14.78,1024,83,0.1,180,74,0.0,Clouds,broken clouds,4
Vecsés-Kertekalja,47.403333,19.271389,2026-09-20 04:28:10.863720,14.82,14.52,14.82,14.82,1024,83,0.1,180,74,0.0,Clouds,broken clouds,4
Üllő,47.390833,19.348889,2026-09-20 04:28:12.013386,14.77,14.47,14.77,14.77,1024,83,0.14,274,68,0.0,Clouds,broken clouds,4
Monor,47.34545,19.43701,2026-09-20 04:28:13.172894,10.07,9.4,10.07,10.07,1024,87,0.51,350,49,0.0,Clouds,scattered clouds,4
Pilis,47.279722,19.536389,2026-09-20 04:28:14.327896,10.03,9.18,10.03,10.03,1024,80,0.53,298,40,0.0,Clouds,scattered clouds,4
Albertirsa,47.240278,19.606389,2026-09-20 04:28:15.482325,12.96,12.35,12.96,12.96,1024,78,0.65,289,36,0.0,Clouds,scattered clouds,4
Ceglédbercel-Cserő,47.210278,19.686944,2026-09-20 04:28:16.648740,13.05,12.39,13.05,13.05,1024,76,0.7,287,33,0.0,Clouds,scattered clouds,4
Cegléd,47.182778,19.806111,2026-09-20 04:28:17.799619,12.07,11.26,12.07,12.07,1024,74,0.78,291,30,0.0,Clouds,scattered clouds,4
Abony,47.173056,20.016389,2026-09-20 04:28:18.957797,12.97,12.31,12.97,12.97,1024,76,0.0,0,30,0.0,Clouds,scattered clouds,4
Szolnok,47.179167,20.175833,2026-09-20 04:28:20.108606,12.99,12.33,12.99,12.99,1024,76,0.0,0,30,0.0,Clouds,scattered clouds,4
Szajol,47.170556,20.295278,2026-09-20 04:28:21.261822,13.01,12.35,13.01,13.01,1024,76,0.0,0,36,0.0,Clouds,scattered clouds,4
Törökszentmiklós,47.170278,20.413611,2026-09-20 04:28:22.418264,13.0,12.34,13.0,13.0,1024,76,0.0,0,44,0.0,Clouds,scattered clouds,4
Rákoscsaba-Újtelep,47.4875,19.271944,2026-09-20 04:28:23.585958,14.67,14.15,14.67,14.67,1024,75,0.13,162,75,0.0,Clouds,broken clouds,4
Rákoscsaba,47.492222,19.284722,2026-09-20 04:28:24.738558,14.67,14.15,14.67,14.67,1024,75,0.13,193,75,0.0,Clouds,broken clouds,4
Pécel,47.493889,19.338889,2026-09-20 04:28:25.906434,14.54,14.01,14.54,14.54,1024,75,0.21,229,75,0.0,Clouds,broken clouds,4
Isaszeg,47.537719,19.388955,2026-09-20 04:28:27.058978,9.81,9.81,9.81,14.45,1025,87,0.51,350,74,0.0,Clouds,broken clouds,4
Gödöllő,47.592222,19.358611,2026-09-20 04:28:28.213175,14.23,13.67,14.23,14.23,1025,75,0.19,215,71,0.0,Clouds,broken clouds,4
Máriabesnyő,47.595556,19.389722,2026-09-20 04:28:29.377787,14.37,13.82,9.73,14.37,1025,75,0.19,215,71,0.0,Clouds,broken clouds,4
Bag,47.641111,19.471667,2026-09-20 04:28:30.529533,14.73,14.22,10.08,14.73,1025,75,0.91,259,72,0.0,Clouds,broken clouds,4
Aszód,47.647467,19.492882,2026-09-20 04:28:31.689239,14.8,14.53,10.16,14.8,1025,84,1.08,260,72,0.0,Clouds,broken clouds,4
Hévízgyörk,47.638611,19.526667,2026-09-20 04:28:32.851060,14.82,14.52,14.82,14.82,1025,83,1.17,262,73,0.0,Clouds,broken clouds,4
Galgahévíz,47.6325,19.558333,2026-09-20 04:28:34.006890,14.8,14.5,14.8,14.8,1025,83,1.27,264,74,0.0,Clouds,broken clouds,4
Tura,47.626389,19.5975,2026-09-20 04:28:35.163351,14.84,14.55,14.84,14.84,1025,83,1.29,267,74,0.0,Clouds,broken clouds,4
Hatvan,47.663611,19.671389,2026-09-20 04:28:36.326716,12.87,12.33,12.87,12.87,1024,81,1.2,285,78,0.0,Clouds,broken clouds,4
Vámosgyörk,47.686111,19.927778,2026-09-20 04:28:37.480718,12.9,12.23,12.9,12.9,1024,76,1.18,290,80,0.0,Clouds,broken clouds,4
Adács,47.696389,19.975278,2026-09-20 04:28:38.637495,12.96,12.22,12.96,12.96,1024,73,0.98,288,80,0.0,Clouds,broken clouds,4
Karácsond,47.718056,20.048611,2026-09-20 04:28:39.795731,12.86,12.06,12.86,12.86,1024,71,0.81,293,78,0.0,Clouds,broken clouds,4
Ludas,47.723889,20.095556,2026-09-20 04:28:40.955287,13.04,12.25,13.04,13.04,1024,71,0.61,302,71,0.0,Clouds,broken clouds,4
Nagyút,47.72666666666667,20.161388888888887,2026-09-20 04:28:42.111754,13.01,12.22,13.01,13.01,1024,71,0.56,307,69,0.0,Clouds,broken clouds,4
Kál-Kápolna,47.734167,20.254167,2026-09-20 04:28:43.267185,12.98,12.24,12.98,12.98,1024,73,0.62,334,54,0.0,Clouds,broken clouds,4
Füzesabony,47.751389,20.415278,2026-09-20 04:28:44.417898,13.05,12.29,13.05,13.05,1024,72,1.42,323,43,0.0,Clouds,scattered clouds,4
Szihalom,47.766944,20.491944,2026-09-20 04:28:45.581169,13.05,12.26,13.05,13.05,1024,71,1.69,318,45,0.0,Clouds,scattered clouds,4
Mezőkövesd,47.797222,20.5675,2026-09-20 04:28:46.733587,13.17,12.4,13.17,13.17,1024,71,1.64,318,49,0.0,Clouds,scattered clouds,4
Mezőkövesd felső,47.807222,20.591389,2026-09-20 04:28:47.892706,18.03,17.74,18.03,18.03,1024,71,1.64,318,49,0.0,Clouds,scattered clouds,4
Mezőkeresztes-Mezőnyárád,47.845556,20.670278,2026-09-20 04:28:49.053851,18.03,17.74,18.03,18.03,1024,71,1.13,329,56,0.0,Clouds,broken clouds,4
Csincse,47.890833,20.764167,2026-09-20 04:28:50.211803,18.05,17.82,18.05,18.05,1024,73,0.7,1,55,0.0,Clouds,broken clouds,4
Emőd,47.930556,20.822778,2026-09-20 04:28:51.368495,18.07,17.86,18.07,18.07,1024,74,0.66,357,55,0.0,Clouds,broken clouds,4
Nyékládháza,47.9925,20.840556,2026-09-20 04:28:52.522518,18.1,17.9,18.1,18.1,1024,74,0.58,340,52,0.0,Clouds,broken clouds,4
Miskolc-Tiszai,48.098611,20.811389,2026-09-20 04:28:53.688252,18.02,17.81,18.02,18.02,1024,74,1.51,293,36,0.0,Clouds,scattered clouds,4
Felsőzsolca,48.083611,20.866111,2026-09-20 04:28:54.842711,18.04,17.86,18.04,18.04,1024,75,1.34,313,38,0.0,Clouds,scattered clouds,4
Hernádnémeti-Bőcs,48.051389,20.985,2026-09-20 04:28:56.005322,13.16,12.52,13.16,13.16,1023,76,1.66,345,42,0.0,Clouds,scattered clouds,4
Tiszalúc,48.039722,21.0575,2026-09-20 04:28:57.174050,13.17,12.55,13.17,13.17,1023,77,1.99,350,39,0.0,Clouds,scattered clouds,4
Taktaharkány,48.091667,21.128611,2026-09-20 04:28:58.336806,13.24,12.63,13.24,13.24,1023,77,2.51,344,34,0.0,Clouds,scattered clouds,4
Taktaszada,48.1125,21.149444,2026-09-20 04:28:59.490832,13.24,12.66,13.24,13.24,1023,78,2.71,340,29,0.0,Clouds,scattered clouds,4
Szerencs,48.155556,21.214444,2026-09-20 04:29:00.650187,13.33,12.78,13.33,13.33,1023,79,2.66,331,18,0.0,Clouds,few clouds,4
Mezőzombor,48.156944,21.267778,2026-09-20 04:29:01.801907,13.28,12.73,13.28,13.28,1023,79,2.58,328,16,0.0,Clouds,few clouds,4
Tarcal,48.125,21.34,2026-09-20 04:29:02.966333,13.5,12.94,13.5,13.5,1023,78,2.21,319,12,0.0,Clouds,few clouds,4
Tokaj,48.112778,21.406667,2026-09-20 04:29:04.118874,12.94,12.38,12.94,12.94,1023,80,1.53,305,8,0.0,Clear,clear sky,4
Rakamaz,48.12,21.475,2026-09-20 04:29:05.273793,13.4,12.91,13.4,13.4,1023,81,1.33,300,8,0.0,Clear,clear sky,4
Görögszállás,48.04,21.555,2026-09-20 04:29:06.431291,13.25,12.77,13.25,13.25,1023,82,0.8,252,5,0.0,Clear,clear sky,4
Nyírtelek,48.005,21.615556,2026-09-20 04:29:07.588420,13.14,12.65,13.14,13.14,1023,82,0.97,221,4,0.0,Clear,clear sky,4
Rákoshegy,47.468611,19.245556,2026-09-20 04:29:08.742065,14.62,14.1,14.62,14.62,1024,75,0.12,171,76,0.0,Clouds,broken clouds,4
Ecser,47.439444,19.318056,2026-09-20 04:29:09.899463,14.67,14.39,14.67,14.67,1024,84,0.12,215,74,0.0,Clouds,broken clouds,4
Maglód,47.438889,19.340833,2026-09-20 04:29:11.060803,14.61,14.32,14.61,14.61,1024,84,0.2,252,74,0.0,Clouds,broken clouds,4
Maglódi nyaraló,47.434167,19.363611,2026-09-20 04:29:12.222643,14.51,14.21,14.51,14.51,1024,84,0.32,266,73,0.0,Clouds,broken clouds,4
Gyömrő,47.429722,19.393333,2026-09-20 04:29:13.386698,9.82,9.82,9.82,14.47,1024,87,0.51,350,73,0.0,Clouds,broken clouds,4
Mende,47.426944,19.439722,2026-09-20 04:29:14.543420,9.79,9.79,9.79,14.43,1024,87,0.51,350,65,0.0,Clouds,broken clouds,4
Szőlősnyaraló,47.450278,19.561111,2026-09-20 04:29:15.702132,10.02,9.22,10.02,10.02,1024,82,1.43,281,64,0.0,Clouds,broken clouds,4
Sülysáp,47.451944,19.5275,2026-09-20 04:29:16.862410,10.0,10.0,10.0,10.0,1024,83,1.23,280,67,0.0,Clouds,broken clouds,4
Tápiószecső,47.443056,19.614722,2026-09-20 04:29:18.021976,10.1,9.31,10.1,10.1,1024,82,1.4,282,62,0.0,Clouds,broken clouds,4
Szentmártonkáta,47.431944,19.680556,2026-09-20 04:29:19.183538,12.91,12.35,12.91,12.91,1024,80,1.27,283,59,0.0,Clouds,broken clouds,4
Nagykáta,47.409722,19.737778,2026-09-20 04:29:20.336112,12.96,12.37,12.96,12.96,1024,79,1.22,285,55,0.0,Clouds,broken clouds,4
Farmos,47.355278,19.8375,2026-09-20 04:29:21.486114,13.06,12.43,13.06,13.06,1024,77,1.09,290,43,0.0,Clouds,scattered clouds,4
Tápiószele,47.346313,19.873504,2026-09-20 04:29:22.641219,13.03,12.4,13.03,13.03,1024,77,1.08,291,37,0.0,Clouds,scattered clouds,4
Tápiógyörgye,47.325,19.95,2026-09-20 04:29:23.793404,13.04,12.38,13.04,13.04,1024,76,1.18,299,32,0.0,Clouds,scattered clouds,4
Újszász,47.285833,20.066944,2026-09-20 04:29:24.945525,13.01,12.32,13.01,13.01,1024,75,1.17,297,33,0.0,Clouds,scattered clouds,4
Szurdokpüspöki,47.851944,19.690278,2026-09-20 04:29:26.099035,12.69,11.97,12.69,12.69,1024,75,0.75,335,75,0.0,Clouds,broken clouds,4
Lőrinci,47.739444,19.673611,2026-09-20 04:29:27.254850,12.78,12.2,12.78,12.78,1024,80,1.15,303,78,0.0,Clouds,broken clouds,4
Selyp,47.759167,19.670833,2026-09-20 04:29:28.413483,12.76,12.15,12.76,12.76,1024,79,1.12,312,77,0.0,Clouds,broken clouds,4
Apc-Zagyvaszántó,47.791328,19.66822,2026-09-20 04:29:29.571254,12.77,12.14,12.77,12.77,1024,78,1.07,321,76,0.0,Clouds,broken clouds,4
Pásztó,47.918889,19.688889,2026-09-20 04:29:30.730003,12.54,11.78,12.54,12.54,1024,74,0.36,332,78,0.0,Clouds,broken clouds,4
Mátraszőlős-Hasznos,47.938506,19.706122,2026-09-20 04:29:31.887146,12.56,11.78,12.56,12.56,1024,73,0.15,328,81,0.0,Clouds,broken clouds,4
Tar,47.956111,19.746389,2026-09-20 04:29:33.041853,12.14,11.29,12.14,12.14,1024,72,0.19,231,81,0.0,Clouds,broken clouds,4
Mátraverebély,47.968333,19.778611,2026-09-20 04:29:34.194201,12.14,11.29,12.14,12.14,1024,72,0.19,231,81,0.0,Clouds,broken clouds,4
Nagybátony,47.981111,19.82,2026-09-20 04:29:35.352043,12.3,11.44,12.3,12.3,1024,71,0.46,222,78,0.0,Clouds,broken clouds,4
Kisterenye,48.009444,19.831944,2026-09-20 04:29:36.502820,12.37,11.52,12.37,12.37,1024,71,0.71,224,77,0.0,Clouds,broken clouds,4
Kisterenye-Bányatelep,48.021389,19.831944,2026-09-20 04:29:37.660140,12.37,11.52,12.37,12.37,1024,71,0.71,224,77,0.0,Clouds,broken clouds,4
Salgótarján külső,48.089444,19.790833,2026-09-20 04:29:38.821514,11.79,10.93,11.79,11.79,1024,73,0.44,204,68,0.0,Clouds,broken clouds,4
Balatonfenyves GV,46.7125,17.479167,2026-09-20 04:29:39.975104,11.08,10.62,11.08,11.08,1024,91,0.9,193,79,0.0,Clouds,broken clouds,4
Várhegyalja,47.737778,18.366667,2026-09-20 04:29:41.127574,12.63,12.14,12.63,12.63,1023,84,1.47,189,18,0.0,Clouds,few clouds,4
Imremajor,46.680556,17.499722,2026-09-20 04:29:42.278029,11.11,10.65,11.11,11.11,1024,91,0.93,199,83,0.0,Clouds,broken clouds,4
Rákospalota-Kertváros,47.578333,19.122778,2026-09-20 04:29:43.436211,14.87,14.37,14.87,14.87,1025,75,0.47,286,69,0.0,Clouds,broken clouds,4
Vicziántelep,47.675833,19.286111,2026-09-20 04:29:44.591708,14.34,13.79,14.34,14.34,1025,75,0.17,306,64,0.0,Clouds,broken clouds,4
Pálmajor,46.662831,17.457526,2026-09-20 04:29:45.747529,11.1,10.64,11.1,11.1,1024,91,0.78,209,85,0.0,Clouds,overcast clouds,4
Somogyszentpál felső,46.649758,17.471404,2026-09-20 04:29:46.901588,11.07,10.61,11.07,11.07,1024,91,0.8,203,87,0.0,Clouds,overcast clouds,4
Somogyszentpál,46.638611,17.478611,2026-09-20 04:29:48.064294,11.06,10.6,11.06,11.06,1024,91,0.57,205,89,0.0,Clouds,overcast clouds,4
Rudnaykert,47.7175,19.257778,2026-09-20 04:29:49.224637,14.68,14.16,14.68,14.68,1025,75,0.25,313,56,0.0,Clouds,broken clouds,4
Maroshegy,47.158333,18.406667,2026-09-20 04:29:50.372045,12.95,12.47,12.95,12.95,1024,83,0.53,291,87,0.0,Clouds,overcast clouds,4
Bánhida,47.573703,18.371737,2026-09-20 04:29:51.526757,12.43,11.92,12.43,12.43,1024,84,0.63,169,33,0.0,Clouds,scattered clouds,4
Magyarkút,47.850278,19.045,2026-09-20 04:29:52.681208,14.56,14.21,14.56,14.56,1024,82,0.9,270,11,0.0,Clouds,few clouds,4
Becske alsó,47.897222,19.364722,2026-09-20 04:29:53.833850,11.53,10.8,11.53,11.53,1024,79,0.19,25,24,0.0,Clouds,few clouds,4
Hosszúberek-Péteri,47.370556,19.389722,2026-09-20 04:29:54.991110,10.1,9.44,10.1,10.1,1024,87,0.51,350,61,0.0,Clouds,broken clouds,4
Monorierdő,47.308889,19.499167,2026-09-20 04:29:56.158358,10.01,9.16,10.01,10.01,1024,80,0.52,302,43,0.0,Clouds,scattered clouds,4
Ceglédbercel,47.215833,19.658611,2026-09-20 04:29:57.307818,13.0,12.37,13.0,13.0,1024,77,0.64,289,34,0.0,Clouds,scattered clouds,4
Budai út,47.208333,19.731389,2026-09-20 04:29:58.467348,12.96,12.3,12.96,12.96,1024,76,0.77,287,33,0.0,Clouds,scattered clouds,4
Büdöskútpuszta,48.373056,20.726111,2026-09-20 04:29:59.617142,12.74,12.13,12.74,12.74,1023,79,1.25,314,53,0.0,Clouds,broken clouds,4
Bánrévei Vízmű,48.282778,20.368333,2026-09-20 04:30:00.769966,17.8,17.67,17.8,17.8,1024,78,0.18,267,3,0.0,Clear,clear sky,4
Rákoskert,47.456389,19.296111,2026-09-20 04:30:01.934881,14.54,14.09,14.54,14.54,1024,78,0.13,203,10,0.0,Clear,clear sky,4
Szirmabesenyő,48.146944,20.783056,2026-09-20 04:30:03.083216,17.95,17.65,17.95,17.95,1024,71,1.65,289,10,0.0,Clear,clear sky,4
Kitérőgyár,47.766944,19.935278,2026-09-20 04:30:04.239896,14.26,13.41,14.26,14.26,1024,64,0.69,324,61,0.0,Clouds,broken clouds,4
Tápiószentmárton,47.373333,19.797778,2026-09-20 04:30:05.397761,13.76,13.2,13.76,13.76,1024,77,1.23,278,58,0.0,Clouds,broken clouds,4
Zagyvarékas,47.244229,20.097435,2026-09-20 04:30:06.562344,13.01,12.35,13.01,13.01,1024,76,0.0,0,66,0.0,Clouds,broken clouds,4
Abonyi út,47.206401,20.125204,2026-09-20 04:30:07.728013,13.01,12.35,13.01,13.01,1024,76,0.0,0,66,0.0,Clouds,broken clouds,4
Jászkisér felső,47.438056,20.202222,2026-09-20 04:30:08.888126,13.89,13.37,13.89,13.89,1024,78,1.2,314,65,0.0,Clouds,broken clouds,4
Szellőhát,47.425556,20.188889,2026-09-20 04:30:10.041504,13.85,13.33,13.85,13.85,1024,78,1.22,317,67,0.0,Clouds,broken clouds,4
Szilvásvárad-Szalajkavölgy,48.0956,20.38272,2026-09-20 04:30:11.202445,16.36,15.57,16.36,16.36,1024,58,0.38,157,22,0.0,Clouds,few clouds,4
Vásárosnamény külső,48.084444,22.255556,2026-09-20 04:30:12.358689,12.76,12.31,12.76,12.76,1024,85,1.28,162,1,0.0,Clear,clear sky,4
Újváros,46.660556,20.536111,2026-09-20 04:30:13.513866,18.32,17.36,18.32,18.32,1024,44,0.75,266,2,0.0,Clear,clear sky,4
Városi park,46.697778,19.864722,2026-09-20 04:30:14.671018,17.14,16.79,12.1,17.14,1024,72,0.22,317,55,0.0,Clouds,broken clouds,4
Belsőkamaráspuszta,46.341944,20.848889,2026-09-20 04:30:15.841093,17.25,17.09,17.25,17.25,1024,79,0.93,348,1,0.0,Clear,clear sky,4
Sajószöged,47.945278,20.981667,2026-09-20 04:30:16.994266,14.26,13.78,14.26,14.26,1024,78,1.11,33,19,0.0,Clouds,few clouds,4
Kazincbarcika alsó,48.255278,20.649167,2026-09-20 04:30:18.145099,17.91,17.66,17.91,17.91,1024,73,2.06,272,11,0.0,Clouds,few clouds,4
Nyárjas,46.857778,19.923611,2026-09-20 04:30:19.315005,12.05,11.3,12.05,17.09,1024,76,1.54,300,65,0.0,Clouds,broken clouds,4
Pogonyipuszta,48.296389,20.381667,2026-09-20 04:30:20.475714,17.76,17.63,17.76,17.76,1024,78,0.18,267,3,0.0,Clear,clear sky,4
Sióvölgy,46.911103,18.076964,2026-09-20 04:30:21.636048,13.9,13.7,13.9,13.9,1024,90,0.81,260,56,0.0,Clouds,broken clouds,4
Répáspuszta,46.430278,17.847222,2026-09-20 04:30:22.803240,13.44,13.06,13.44,13.44,1024,85,0.19,118,89,0.0,Clouds,overcast clouds,4
Virányos,48.066667,21.527222,2026-09-20 04:30:23.956871,13.87,13.43,13.87,13.87,1024,81,0.83,288,2,0.0,Clear,clear sky,4
Füzesbokor,47.988611,21.6475,2026-09-20 04:30:25.118406,13.69,13.26,13.69,13.69,1024,82,0.97,243,1,0.0,Clear,clear sky,4
Kunfehértó,46.355833,19.417222,2026-09-20 04:30:26.274934,14.11,13.48,14.11,14.11,1024,73,0.39,267,63,0.0,Clouds,broken clouds,4
Erdőszél,46.329444,19.395,2026-09-20 04:30:27.438697,13.99,13.35,13.99,13.99,1024,73,0.29,260,45,0.0,Clouds,scattered clouds,4
Jánoshalma,46.293056,19.330278,2026-09-20 04:30:28.602120,14.14,13.54,14.14,14.14,1024,74,0.21,221,28,0.0,Clouds,scattered clouds,4
Mélykút,46.213056,19.370556,2026-09-20 04:30:29.764054,14.21,13.7,14.21,14.21,1024,77,0.38,217,10,0.0,Clear,clear sky,4
Bácsalmás,46.118056,19.346389,2026-09-20 04:30:30.923137,14.29,13.81,14.29,14.29,1024,78,0.22,246,8,0.0,Clear,clear sky,4
Almás,46.116216,19.328803,2026-09-20 04:30:32.090701,14.29,13.81,14.29,14.29,1024,78,0.22,246,8,0.0,Clear,clear sky,4
Bácsbokod-Bácsborsód,46.115833,19.16,2026-09-20 04:30:33.243256,14.27,13.84,14.27,14.27,1024,80,0.3,23,15,0.0,Clouds,few clouds,4
Baja,46.187014,18.957602,2026-09-20 04:30:34.402441,14.41,14.18,14.41,14.41,1024,87,0.87,352,28,0.0,Clouds,scattered clouds,4
Harkakötöny,46.458333,19.601944,2026-09-20 04:30:35.555456,16.51,16.1,16.51,16.51,1024,72,0.61,260,81,0.0,Clouds,broken clouds,4
Tajó,46.473056,19.650556,2026-09-20 04:30:36.705948,16.55,16.14,16.55,16.55,1024,72,0.55,262,90,0.0,Clouds,overcast clouds,4
Kiskunmajsa,46.501667,19.728056,2026-09-20 04:30:37.866385,16.59,16.21,16.59,16.59,1024,73,0.49,268,90,0.0,Clouds,overcast clouds,4
Jászszentlászló,46.565833,19.753611,2026-09-20 04:30:39.021910,14.26,13.67,14.26,14.26,1024,74,0.29,284,82,0.0,Clouds,broken clouds,4
Galambos,46.625,19.801111,2026-09-20 04:30:40.175003,17.13,16.8,17.13,17.13,1024,73,0.22,304,70,0.0,Clouds,broken clouds,4
Pestszentimre,47.402222,19.188611,2026-09-20 04:30:41.336164,10.18,9.53,10.18,18.3,1024,87,0.51,350,22,0.0,Clouds,few clouds,4
Gyál felső,47.390278,19.204722,2026-09-20 04:30:42.494509,10.19,9.54,10.19,18.31,1024,87,0.51,350,23,0.0,Clouds,few clouds,4
Gyál,47.376667,19.219444,2026-09-20 04:30:43.645794,10.21,9.56,10.21,18.33,1024,87,0.51,350,23,0.0,Clouds,few clouds,4
Ócsa,47.301389,19.232222,2026-09-20 04:30:44.803257,10.23,9.58,10.23,18.34,1024,87,0.51,350,57,0.0,Clouds,broken clouds,4
Inárcs-Kakucs,47.247222,19.317778,2026-09-20 04:30:45.957035,10.23,9.37,10.23,10.23,1024,79,0.19,25,73,0.0,Clouds,broken clouds,4
Dabas,47.194722,19.328889,2026-09-20 04:30:47.114407,10.24,9.41,10.24,10.24,1024,80,0.37,358,78,0.0,Clouds,broken clouds,4
Gyón,47.178333,19.355556,2026-09-20 04:30:48.273009,10.21,9.38,10.21,10.21,1024,80,0.48,348,80,0.0,Clouds,broken clouds,4
Hernád,47.161389,19.4025,2026-09-20 04:30:49.444039,13.84,13.32,13.84,13.84,1024,78,0.65,338,74,0.0,Clouds,broken clouds,4
Bakonygyirót,47.416389,17.811944,2026-09-20 04:30:50.595149,9.59,9.0,9.59,10.71,1024,82,1.68,197,1,0.0,Clear,clear sky,4
Vinye,47.360317,17.819635,2026-09-20 04:30:51.751486,10.03,9.15,8.91,10.03,1024,79,1.5,195,1,0.0,Clear,clear sky,4
Nemesgörzsöny,47.402924,17.376385,2026-09-20 04:30:52.917635,11.16,10.6,11.16,11.16,1024,87,0.51,340,0,0.0,Clear,clear sky,4
Rábahíd,47.438618,17.337525,2026-09-20 04:30:54.066115,11.15,10.59,11.15,11.15,1024,87,0.51,340,0,0.0,Clear,clear sky,4
Öskü,47.162222,18.076389,2026-09-20 04:30:55.215139,13.1,12.5,13.1,13.1,1024,78,0.82,301,2,0.0,Clear,clear sky,4
Márkó,47.1275,17.813889,2026-09-20 04:30:56.375589,12.33,11.6,12.33,12.33,1024,76,0.26,320,1,0.0,Clear,clear sky,4
Nemeskocs,47.203333,17.188889,2026-09-20 04:30:57.524525,11.11,10.65,11.11,11.11,1024,91,1.03,195,1,0.0,Clear,clear sky,4
Zalagyömörő,47.011111,17.220833,2026-09-20 04:30:58.686320,13.11,12.83,13.11,13.11,1024,90,0.77,179,0,0.0,Clear,clear sky,4
Rigács,47.061667,17.199167,2026-09-20 04:30:59.843774,13.05,12.79,13.05,13.05,1024,91,0.81,181,0,0.0,Clear,clear sky,4
Kemenespálfa,47.139722,17.183056,2026-09-20 04:31:01.000293,13.12,12.86,13.12,13.12,1024,91,0.89,194,0,0.0,Clear,clear sky,4
Lentiszombathely,46.611389,16.5725,2026-09-20 04:31:02.156169,13.34,13.24,13.34,13.34,1024,96,0.8,258,0,0.0,Clear,clear sky,4
Ortaháza,46.626667,16.685833,2026-09-20 04:31:03.319050,13.14,12.94,13.14,13.14,1024,93,0.54,266,0,0.0,Clear,clear sky,4
Rádiháza,46.654722,16.765833,2026-09-20 04:31:04.469277,13.06,12.8,13.06,13.06,1024,91,0.67,253,1,0.0,Clear,clear sky,4
Baktüttös,46.690833,16.826389,2026-09-20 04:31:05.622770,10.6,10.07,10.6,10.6,1024,90,0.78,257,1,0.0,Clear,clear sky,4
Budafa,46.851667,16.624722,2026-09-20 04:31:06.781880,13.11,12.88,13.11,13.11,1024,92,1.07,269,3,0.0,Clear,clear sky,4
Zalapatakalja,46.845556,16.603889,2026-09-20 04:31:07.935890,13.12,12.86,13.12,13.12,1024,91,1.0,276,3,0.0,Clear,clear sky,4
Tormásliget,47.430556,16.781667,2026-09-20 04:31:09.089426,12.92,12.57,12.92,12.92,1024,88,1.21,289,1,0.0,Clear,clear sky,4
Belecska,46.64,18.411389,2026-09-20 04:31:10.240956,14.06,13.61,14.06,14.06,1024,80,0.3,278,93,0.0,Clouds,overcast clouds,4
Almár,47.956111,20.356944,2026-09-20 04:31:11.396058,17.57,16.9,17.57,17.57,1024,58,1.87,357,59,0.0,Clouds,broken clouds,4
Vasútmúzeum,47.543889,19.099444,2026-09-20 04:31:12.549878,18.34,17.77,10.23,18.34,1024,59,0.89,276,7,0.0,Clear,clear sky,4
Abda,47.690833,17.540556,2026-09-20 04:31:13.701320,10.09,9.56,10.09,10.09,1024,92,1.23,202,1,0.0,Clear,clear sky,4
Vadaspark,47.526111,18.949167,2026-09-20 04:31:14.858231,16.54,15.79,8.42,16.54,1024,59,0.89,276,6,0.0,Clear,clear sky,4
Barosstelep,47.398889,18.989167,2026-09-20 04:31:16.009556,18.4,17.84,10.29,18.4,1024,59,0.48,349,8,0.0,Clear,clear sky,4
Fegyvernek-Örményes,47.194444,20.5575,2026-09-20 04:31:17.171033,13.02,12.36,13.02,13.02,1024,76,1.29,326,25,0.0,Clouds,scattered clouds,4
Zagyvapálfalva,48.068889,19.785,2026-09-20 04:31:18.327132,13.45,12.65,13.45,13.45,1024,69,0.63,175,0,0.0,Clear,clear sky,4
Salgótarján,48.105556,19.807222,2026-09-20 04:31:19.480639,12.72,11.9,12.72,12.72,1024,71,0.55,180,0,0.0,Clear,clear sky,4
Szabadisóstó,46.933889,18.118056,2026-09-20 04:31:20.644399,13.97,13.77,13.97,13.97,1024,90,0.81,249,41,0.0,Clouds,scattered clouds,4
Siófok,46.907778,18.053889,2026-09-20 04:31:21.797585,13.9,13.7,13.9,13.9,1024,90,0.81,260,56,0.0,Clouds,broken clouds,4
Balatonszéplak felső,46.898056,18.018056,2026-09-20 04:31:22.956641,13.8,13.59,13.8,13.8,1024,90,0.87,263,65,0.0,Clouds,broken clouds,4
Balatonszéplak alsó,46.891944,17.993333,2026-09-20 04:31:24.119885,13.89,13.68,13.89,13.89,1024,90,0.83,270,65,0.0,Clouds,broken clouds,4
Zamárdi felső,46.886111,17.969444,2026-09-20 04:31:25.280013,13.87,13.64,13.87,13.87,1024,89,0.78,280,62,0.0,Clouds,broken clouds,4
Zamárdi,46.88,17.944722,2026-09-20 04:31:26.452572,13.87,13.64,13.87,13.87,1024,89,0.78,280,62,0.0,Clouds,broken clouds,4
Szántód,46.861944,17.899167,2026-09-20 04:31:27.602686,13.81,13.49,13.81,13.81,1024,86,0.69,307,48,0.0,Clouds,scattered clouds,4
Szőny-Déli,47.735278,18.141944,2026-09-20 04:31:28.767089,10.12,9.43,10.12,13.95,1024,86,1.45,218,0,0.0,Clear,clear sky,4
Várpalota,47.194444,18.149167,2026-09-20 04:31:29.922452,12.91,12.29,12.91,12.91,1024,78,0.57,297,2,0.0,Clear,clear sky,4
Pétfürdő,47.1675,18.121389,2026-09-20 04:31:31.072476,13.31,12.73,13.31,13.31,1024,78,0.67,300,1,0.0,Clear,clear sky,4
Hajmáskér,47.141111,18.009444,2026-09-20 04:31:32.228623,12.86,12.24,12.86,12.86,1024,78,0.93,300,2,0.0,Clear,clear sky,4
Veszprém,47.118889,17.91,2026-09-20 04:31:33.387399,12.85,12.2,12.85,12.85,1024,77,0.71,307,1,0.0,Clear,clear sky,4
Herend,47.136944,17.760278,2026-09-20 04:31:34.538563,12.26,11.53,12.26,12.26,1024,76,0.16,330,1,0.0,Clear,clear sky,4
Városlőd,47.144167,17.652778,2026-09-20 04:31:35.694094,9.98,9.98,9.98,9.98,1024,76,0.36,143,0,0.0,Clear,clear sky,4
Városlőd-Kislőd,47.133889,17.631111,2026-09-20 04:31:36.851833,10.09,9.14,10.09,10.09,1024,76,0.23,131,0,0.0,Clear,clear sky,4
Ajka,47.105902,17.572938,2026-09-20 04:31:38.001412,10.39,9.57,10.39,10.39,1024,80,0.41,149,0,0.0,Clear,clear sky,4
Ajka-Gyártelep,47.096806,17.555219,2026-09-20 04:31:39.152505,10.44,9.63,10.44,10.44,1024,80,0.41,149,0,0.0,Clear,clear sky,4
Devecser,47.1125,17.435278,2026-09-20 04:31:40.313278,10.84,10.17,10.84,10.84,1024,84,0.71,158,0,0.0,Clear,clear sky,4
Somlóvásárhely,47.124444,17.369167,2026-09-20 04:31:41.466352,10.95,10.4,10.95,10.95,1024,88,1.02,168,0,0.0,Clear,clear sky,4
Tüskevár,47.128611,17.331389,2026-09-20 04:31:42.623218,10.99,10.47,10.99,10.99,1024,89,1.02,171,0,0.0,Clear,clear sky,4
Karakószörcsök,47.133611,17.287778,2026-09-20 04:31:43.779427,13.09,12.78,13.09,13.09,1024,89,0.98,175,0,0.0,Clear,clear sky,4
Kerta,47.151944,17.237222,2026-09-20 04:31:44.944074,13.16,12.91,13.16,13.16,1024,91,0.92,189,0,0.0,Clear,clear sky,4
Boba,47.183333,17.191389,2026-09-20 04:31:46.101548,13.12,12.86,13.12,13.12,1024,91,0.98,195,0,0.0,Clear,clear sky,4
Börgönd,47.140278,18.515,2026-09-20 04:31:47.256002,13.68,13.22,13.68,13.68,1024,81,0.24,303,11,0.0,Clouds,few clouds,4
Belsőbáránd,47.102778,18.499722,2026-09-20 04:31:48.417058,13.62,13.18,13.62,13.62,1024,82,0.35,292,12,0.0,Clouds,few clouds,4
Zichyújfalu,47.124444,18.6725,2026-09-20 04:31:49.579396,13.75,13.32,13.75,13.75,1024,82,0.25,294,44,0.0,Clouds,scattered clouds,4
Seregélyes,47.121111,18.580556,2026-09-20 04:31:50.733999,13.85,13.41,13.85,13.85,1024,81,0.2,303,16,0.0,Clouds,few clouds,4
Polgárdi-Ipartelepek,47.079167,18.314444,2026-09-20 04:31:51.888027,13.37,12.93,13.37,13.37,1024,83,0.62,291,5,0.0,Clear,clear sky,4
Polgárdi,47.07,18.284167,2026-09-20 04:31:53.047059,13.37,12.93,13.37,13.37,1024,83,0.62,291,5,0.0,Clear,clear sky,4
Füle,47.05,18.255278,2026-09-20 04:31:54.206834,13.39,13.03,13.39,13.39,1024,86,0.66,286,6,0.0,Clear,clear sky,4
Zánka-Erzsébettábor,46.8775,17.709167,2026-09-20 04:31:55.362845,13.7,13.37,13.7,13.7,1024,86,0.62,13,22,0.0,Clouds,few clouds,4
Csajág,47.033889,18.186389,2026-09-20 04:31:56.513752,13.62,13.31,13.62,13.62,1024,87,0.79,284,6,0.0,Clear,clear sky,4
Balatonakarattya,47.017222,18.167778,2026-09-20 04:31:57.670540,13.62,13.31,13.62,13.62,1024,87,0.79,284,6,0.0,Clear,clear sky,4
Csittényhegy,47.025278,18.1375,2026-09-20 04:31:58.825934,13.83,13.54,13.83,13.83,1024,87,0.74,286,5,0.0,Clear,clear sky,4
Balatonkenese,47.0325,18.105556,2026-09-20 04:31:59.986231,13.89,13.61,13.89,13.89,1024,87,0.61,289,3,0.0,Clear,clear sky,4
Balatonfűzfő,47.060278,18.0425,2026-09-20 04:32:01.139041,13.41,12.95,13.41,13.41,1024,82,0.45,320,0,0.0,Clear,clear sky,4
Balatonalmádi,47.028333,18.015,2026-09-20 04:32:02.293126,13.64,13.25,13.64,13.64,1024,84,0.36,316,0,0.0,Clear,clear sky,4
Káptalanfüred,47.008889,18.003889,2026-09-20 04:32:03.444031,12.77,12.32,12.77,12.77,1024,85,0.4,311,6,0.0,Clear,clear sky,4
Alsóörs,46.985278,17.974722,2026-09-20 04:32:04.600396,12.77,12.32,12.77,12.77,1024,85,0.4,311,6,0.0,Clear,clear sky,4
Csopak,46.974722,17.931111,2026-09-20 04:32:05.756888,13.07,12.55,13.07,13.07,1024,81,0.72,321,14,0.0,Clouds,few clouds,4
Balatonarács,46.9625,17.8975,2026-09-20 04:32:06.910805,13.07,12.55,13.07,13.07,1024,81,0.72,321,14,0.0,Clouds,few clouds,4
Balatonfüred,46.955833,17.883056,2026-09-20 04:32:08.075132,13.49,12.98,13.49,13.49,1024,80,0.87,327,22,0.0,Clouds,few clouds,4
Aszófő,46.925556,17.8325,2026-09-20 04:32:09.235478,13.47,12.99,13.47,13.47,1024,81,0.99,334,29,0.0,Clouds,scattered clouds,4
Örvényes,46.9125,17.818056,2026-09-20 04:32:10.388268,13.47,12.99,13.47,13.47,1024,81,0.99,334,29,0.0,Clouds,scattered clouds,4
Balatonudvari,46.904722,17.808056,2026-09-20 04:32:11.544915,12.93,12.39,12.93,12.93,1024,81,1.06,340,30,0.0,Clouds,scattered clouds,4
Fövenyes,46.893611,17.789444,2026-09-20 04:32:12.699467,13.59,13.17,13.59,13.59,1024,83,0.99,340,36,0.0,Clouds,scattered clouds,4
Balatonakali-Dörgicse,46.88,17.747778,2026-09-20 04:32:13.859578,13.23,12.78,13.23,13.23,1024,83,0.98,346,35,0.0,Clouds,scattered clouds,4
Zánka-Köveskál,46.872778,17.687778,2026-09-20 04:32:15.032273,13.31,12.94,13.31,13.31,1024,86,0.55,33,13,0.0,Clouds,few clouds,4
Balatonszepezd,46.851111,17.663056,2026-09-20 04:32:16.192609,13.73,13.46,13.73,13.73,1024,88,0.56,61,11,0.0,Clouds,few clouds,4
Szepezdfürdő,46.839722,17.649444,2026-09-20 04:32:17.341526,12.7,12.32,12.7,12.7,1024,88,0.62,75,7,0.0,Clear,clear sky,4
Révfülöp,46.829167,17.632222,2026-09-20 04:32:18.496159,12.7,12.32,12.7,12.7,1024,88,0.62,75,7,0.0,Clear,clear sky,4
Balatonrendes,46.824722,17.582778,2026-09-20 04:32:19.648773,13.39,13.06,13.39,13.39,1024,87,0.73,105,1,0.0,Clear,clear sky,4
Ábrahámhegy,46.815,17.572222,2026-09-20 04:32:20.805913,13.39,13.06,13.39,13.39,1024,87,0.73,105,1,0.0,Clear,clear sky,4
Badacsonyörs,46.805556,17.531667,2026-09-20 04:32:21.965709,13.63,13.32,13.63,13.63,1024,87,0.73,108,0,0.0,Clear,clear sky,4
Kisújszállás,47.223889,20.751111,2026-09-20 04:32:23.122128,13.88,13.36,13.88,13.88,1024,78,0.95,312,17,0.0,Clouds,few clouds,4
Karcag,47.303333,20.928056,2026-09-20 04:32:24.281572,13.89,13.42,13.89,13.89,1024,80,0.47,269,11,0.0,Clouds,few clouds,4
Püspökladány,47.3275,21.128889,2026-09-20 04:32:25.437126,13.87,13.4,13.87,13.87,1024,80,0.38,213,5,0.0,Clear,clear sky,4
Kaba,47.368889,21.259444,2026-09-20 04:32:26.593917,10.1,9.28,10.1,10.1,1024,81,0.32,212,3,0.0,Clear,clear sky,4
Hajdúszoboszló,47.429444,21.406944,2026-09-20 04:32:27.748629,10.09,9.43,10.09,10.09,1024,87,1.03,140,2,0.0,Clear,clear sky,4
Ebes,47.462778,21.488889,2026-09-20 04:32:28.916255,10.04,9.37,10.04,10.04,1024,87,1.03,140,2,0.0,Clear,clear sky,4
Debrecen,47.520278,21.628611,2026-09-20 04:32:30.069682,9.92,9.92,9.92,9.92,1024,87,1.03,140,1,0.0,Clear,clear sky,4
Debrecen-Csapókert,47.540556,21.648056,2026-09-20 04:32:31.220943,9.87,9.87,9.87,9.87,1024,87,1.03,140,1,0.0,Clear,clear sky,4
Apafa,47.584045,21.655858,2026-09-20 04:32:32.374103,9.83,9.83,9.83,9.83,1024,87,1.03,140,1,0.0,Clear,clear sky,4
Bocskaikert,47.6425,21.666389,2026-09-20 04:32:33.534864,9.76,9.76,9.76,9.76,1024,87,1.03,140,1,0.0,Clear,clear sky,4
Hajdúhadház,47.686944,21.679167,2026-09-20 04:32:34.688082,9.73,9.73,9.73,9.73,1024,81,1.06,240,1,0.0,Clear,clear sky,4
Téglás,47.714722,21.684722,2026-09-20 04:32:35.839504,9.8,9.8,9.8,9.8,1024,81,1.06,241,1,0.0,Clear,clear sky,4
Újfehértó,47.814444,21.706389,2026-09-20 04:32:36.992920,13.53,13.11,13.53,13.53,1024,83,0.78,237,1,0.0,Clear,clear sky,4
Nyíregyháza,47.946667,21.705556,2026-09-20 04:32:38.144343,13.59,13.17,13.59,13.59,1024,83,0.96,241,1,0.0,Clear,clear sky,4
Sóstó,47.998051,21.729047,2026-09-20 04:32:39.304939,13.53,13.11,13.53,13.53,1024,83,1.24,234,1,0.0,Clear,clear sky,4
Sóstóhegy,48.012222,21.742778,2026-09-20 04:32:40.464833,13.6,13.18,13.6,13.6,1024,83,1.2,232,1,0.0,Clear,clear sky,4
Kemecse,48.065556,21.801667,2026-09-20 04:32:41.615935,13.47,13.04,13.47,13.47,1024,83,0.83,225,1,0.0,Clear,clear sky,4
Nyírbogdány,48.082222,21.855278,2026-09-20 04:32:42.771785,13.37,12.93,13.37,13.37,1024,83,0.6,217,1,0.0,Clear,clear sky,4
Kék,48.093333,21.883889,2026-09-20 04:32:43.928137,13.34,12.92,13.34,13.34,1024,84,0.75,212,1,0.0,Clear,clear sky,4
Demecser,48.111667,21.926667,2026-09-20 04:32:45.096613,13.28,12.86,13.28,13.28,1024,84,0.69,204,1,0.0,Clear,clear sky,4
Gégény,48.128333,21.951944,2026-09-20 04:32:46.251495,13.19,12.76,13.19,13.19,1024,84,0.55,193,1,0.0,Clear,clear sky,4
Pátroha,48.158611,21.996667,2026-09-20 04:32:47.400830,13.14,12.73,13.14,13.14,1024,85,0.44,174,0,0.0,Clear,clear sky,4
Ajak,48.1865,22.048972,2026-09-20 04:32:48.559083,13.07,12.65,13.07,13.07,1024,85,0.43,154,0,0.0,Clear,clear sky,4
Kisvárda,48.208333,22.078333,2026-09-20 04:32:49.714324,13.0,12.6,13.0,13.0,1024,86,0.62,146,0,0.0,Clear,clear sky,4
Kisvárda-Hármasút,48.228333,22.091944,2026-09-20 04:32:50.872913,13.0,12.6,13.0,13.0,1024,86,0.62,146,0,0.0,Clear,clear sky,4
Fényeslitke,48.267222,22.107222,2026-09-20 04:32:52.031038,12.91,12.55,12.91,12.91,1024,88,0.83,126,0,0.0,Clear,clear sky,4
Komoró,48.305278,22.118056,2026-09-20 04:32:53.181247,12.94,12.59,12.94,12.94,1024,88,0.9,118,0,0.0,Clear,clear sky,4
Tuzsér,48.342222,22.131667,2026-09-20 04:32:54.343216,12.9,12.52,12.9,12.9,1024,87,1.14,105,0,0.0,Clear,clear sky,4
Tiszabezdéd,48.371389,22.145,2026-09-20 04:32:55.499252,12.9,12.52,12.9,12.9,1024,87,1.4,107,0,0.0,Clear,clear sky,4
Záhony,48.402222,22.183611,2026-09-20 04:32:56.655914,12.87,12.48,12.87,12.87,1024,87,1.62,112,0,0.0,Clear,clear sky,4
Karcag-Vásártér,47.3225,20.9075,2026-09-20 04:32:57.805996,13.89,13.42,13.89,13.89,1024,80,0.47,269,11,0.0,Clouds,few clouds,4
Berekfürdő,47.374722,20.827222,2026-09-20 04:32:58.971468,13.94,13.45,13.94,13.94,1024,79,0.84,285,19,0.0,Clouds,few clouds,4
Kunmadaras,47.415278,20.793056,2026-09-20 04:33:00.128337,13.99,13.48,13.99,13.99,1024,78,0.86,277,21,0.0,Clouds,few clouds,4
Tiszaszentimre,47.490833,20.733056,2026-09-20 04:33:01.293387,14.1,13.68,14.1,14.1,1024,81,0.84,273,26,0.0,Clouds,scattered clouds,4
Tiszaszőlős,47.555556,20.728056,2026-09-20 04:33:02.454273,14.14,13.7,14.14,14.14,1024,80,0.9,287,29,0.0,Clouds,scattered clouds,4
Hosszúhát,47.235556,21.101944,2026-09-20 04:33:03.616038,13.83,13.31,13.83,13.83,1024,78,0.6,237,4,0.0,Clear,clear sky,4
Szerep,47.234444,21.145833,2026-09-20 04:33:04.776301,13.82,13.32,13.82,13.82,1024,79,0.62,232,4,0.0,Clear,clear sky,4
Sárrétudvari,47.231667,21.180833,2026-09-20 04:33:05.935117,13.78,13.28,13.78,13.78,1024,79,0.64,228,4,0.0,Clear,clear sky,4
Biharnagybajom,47.208889,21.221944,2026-09-20 04:33:07.086548,13.75,13.24,13.75,13.75,1024,79,0.69,220,3,0.0,Clear,clear sky,4
Füzesgyarmat,47.113056,21.194444,2026-09-20 04:33:08.244503,13.78,13.22,13.78,13.78,1024,77,0.89,243,1,0.0,Clear,clear sky,4
Füzesgyarmatfürdő,47.093787,21.201582,2026-09-20 04:33:09.395185,13.78,13.22,13.78,13.78,1024,77,0.89,243,1,0.0,Clear,clear sky,4
Báránd,47.299722,21.235278,2026-09-20 04:33:10.550468,13.79,13.31,13.79,13.79,1024,80,0.49,211,4,0.0,Clear,clear sky,4
Sáp,47.259722,21.360556,2026-09-20 04:33:11.710747,13.71,13.23,13.71,13.71,1024,80,0.54,192,4,0.0,Clear,clear sky,4
Berettyóújfalu,47.211944,21.535556,2026-09-20 04:33:12.870491,13.6,13.08,13.6,13.6,1024,79,0.84,170,2,0.0,Clear,clear sky,4
Mezőpeterd,47.176111,21.625278,2026-09-20 04:33:14.029595,13.06,12.48,13.06,13.28,1024,79,1.02,170,1,0.0,Clear,clear sky,4
Biharkeresztes,47.135556,21.721389,2026-09-20 04:33:15.183151,13.03,12.27,13.03,13.25,1024,72,1.54,110,1,0.0,Clear,clear sky,4
Tócóvölgy,47.529444,21.588889,2026-09-20 04:33:16.338844,10.97,10.26,10.97,10.97,1024,82,1.03,150,1,0.0,Clear,clear sky,4
Sáregres,46.7825,18.588889,2026-09-20 04:33:17.494106,13.92,13.56,13.92,13.92,1024,84,0.72,273,92,0.0,Clouds,overcast clouds,4
Simontornya,46.756582,18.540674,2026-09-20 04:33:18.650070,13.81,13.41,13.81,13.81,1024,83,0.66,269,92,0.0,Clouds,overcast clouds,4
Tolnanémedi,46.727778,18.475833,2026-09-20 04:33:19.804140,13.92,13.53,13.92,13.92,1024,83,0.62,271,93,0.0,Clouds,overcast clouds,4
Pincehely,46.681389,18.43,2026-09-20 04:33:20.955705,13.82,13.4,13.82,13.82,1024,82,0.51,284,94,0.0,Clouds,overcast clouds,4
Keszőhidegkút-Gyönk,46.597778,18.426111,2026-09-20 04:33:22.114130,14.01,13.53,14.01,14.01,1024,79,0.22,270,92,0.0,Clouds,overcast clouds,4
Szárazd,46.575556,18.420833,2026-09-20 04:33:23.269263,14.07,13.6,14.07,14.07,1024,79,0.17,263,92,0.0,Clouds,overcast clouds,4
Regöly,46.568889,18.396111,2026-09-20 04:33:24.429595,14.07,13.6,14.07,14.07,1024,79,0.17,263,92,0.0,Clouds,overcast clouds,4
Szakály-Hőgyész,46.523611,18.389444,2026-09-20 04:33:25.593455,13.96,13.47,13.96,13.96,1024,79,0.13,231,92,0.0,Clouds,overcast clouds,4
Dúzs,46.493889,18.377222,2026-09-20 04:33:26.754314,14.02,13.57,14.02,14.02,1024,80,0.16,215,91,0.0,Clouds,overcast clouds,4
Csibrák,46.466667,18.336389,2026-09-20 04:33:27.919600,14.09,13.67,14.09,14.09,1024,81,0.2,198,90,0.0,Clouds,overcast clouds,4
Kurd,46.449167,18.319167,2026-09-20 04:33:29.081990,13.82,13.37,13.82,13.82,1024,81,0.28,193,89,0.0,Clouds,overcast clouds,4
Döbrököz,46.418889,18.255,2026-09-20 04:33:30.235427,14.07,13.73,14.07,14.07,1024,84,0.38,182,88,0.0,Clouds,overcast clouds,4
Dombóvár,46.37,18.149722,2026-09-20 04:33:31.396563,13.81,13.54,13.81,13.81,1024,88,0.68,172,84,0.0,Clouds,broken clouds,4
Dombóvár alsó,46.363889,18.134167,2026-09-20 04:33:32.555745,13.81,13.54,13.81,13.81,1024,88,0.68,172,84,0.0,Clouds,broken clouds,4
Somoskőújfalu,48.154722,19.815556,2026-09-20 04:33:33.710244,11.56,10.65,11.56,11.56,1024,72,0.64,198,0,0.0,Clear,clear sky,4
Jászfényszaru,47.593056,19.754444,2026-09-20 04:33:34.870615,13.84,13.39,13.84,13.84,1024,81,1.12,300,39,0.0,Clouds,scattered clouds,4
Pusztamonostor,47.564444,19.794167,2026-09-20 04:33:36.024379,13.84,13.39,13.84,13.84,1024,81,1.11,301,40,0.0,Clouds,scattered clouds,4
Jászberény,47.494444,19.893333,2026-09-20 04:33:37.181013,13.9,13.41,13.9,13.9,1024,79,1.08,304,45,0.0,Clouds,scattered clouds,4
Meggyespele,47.441944,19.938889,2026-09-20 04:33:38.332476,13.89,13.37,13.89,13.89,1024,78,1.17,303,49,0.0,Clouds,scattered clouds,4
Portelek,47.418056,19.958889,2026-09-20 04:33:39.492430,13.87,13.35,13.87,13.87,1024,78,1.19,304,50,0.0,Clouds,scattered clouds,4
Jászboldogháza-Jánoshida,47.366944,20.001389,2026-09-20 04:33:40.648808,13.81,13.26,13.81,13.81,1024,77,1.22,309,54,0.0,Clouds,broken clouds,4
Jászárokszállás,47.635556,19.971111,2026-09-20 04:33:41.812438,14.08,13.58,14.08,14.08,1024,78,1.11,296,54,0.0,Clouds,broken clouds,4
Jászdózsa,47.563056,20.028056,2026-09-20 04:33:42.967430,14.03,13.55,14.03,14.03,1024,79,1.06,285,56,0.0,Clouds,broken clouds,4
Jászapáti,47.513611,20.155,2026-09-20 04:33:44.119207,13.98,13.44,13.98,13.98,1024,77,0.98,301,60,0.0,Clouds,broken clouds,4
Jászkisér,47.456111,20.203333,2026-09-20 04:33:45.279503,13.91,13.37,13.91,13.91,1024,77,1.15,311,64,0.0,Clouds,broken clouds,4
Jászladány,47.373333,20.159167,2026-09-20 04:33:46.445612,13.01,12.4,13.01,13.01,1024,78,1.23,319,66,0.0,Clouds,broken clouds,4
Szászberek,47.320556,20.090833,2026-09-20 04:33:47.597717,13.01,12.38,13.01,13.01,1024,77,1.23,321,66,0.0,Clouds,broken clouds,4
Gyöngyöshalász,47.743056,19.932222,2026-09-20 04:33:48.752392,14.32,13.53,14.32,14.32,1024,66,0.82,323,62,0.0,Clouds,broken clouds,4
Gyöngyös,47.783056,19.937222,2026-09-20 04:33:49.916195,14.16,13.3,14.16,14.16,1024,64,0.73,313,66,0.0,Clouds,broken clouds,4
Erdőtelek,47.683333,20.3025,2026-09-20 04:33:51.073718,14.18,13.59,14.18,14.18,1024,74,0.65,343,59,0.0,Clouds,broken clouds,4
Heves,47.609444,20.306111,2026-09-20 04:33:52.246950,14.1,13.52,14.1,14.1,1024,75,0.96,340,58,0.0,Clouds,broken clouds,4
Hevesvezekény,47.562222,20.365833,2026-09-20 04:33:53.419293,14.09,13.51,14.09,14.09,1024,75,1.23,335,55,0.0,Clouds,broken clouds,4
Tarnaszentmiklós,47.546944,20.390833,2026-09-20 04:33:54.585105,14.05,13.47,14.05,14.05,1024,75,1.28,332,58,0.0,Clouds,broken clouds,4
Kisköre,47.495556,20.481667,2026-09-20 04:33:55.744022,14.0,13.47,14.0,14.0,1024,77,1.23,309,49,0.0,Clouds,scattered clouds,4
Abádszalók,47.455278,20.553056,2026-09-20 04:33:56.903714,13.96,13.47,13.96,13.96,1024,79,1.14,299,45,0.0,Clouds,scattered clouds,4
Kunhegyes,47.376667,20.641111,2026-09-20 04:33:58.059309,13.94,13.4,13.94,13.94,1024,77,1.1,291,34,0.0,Clouds,scattered clouds,4
Kenderes,47.254444,20.686111,2026-09-20 04:33:59.211866,13.88,13.36,13.88,13.88,1024,78,1.26,318,24,0.0,Clouds,few clouds,4
Maklár,47.808056,20.404722,2026-09-20 04:34:00.364398,17.91,17.56,17.91,17.91,1024,69,1.73,323,51,0.0,Clouds,broken clouds,4
Andornaktálya,47.852203,20.402295,2026-09-20 04:34:01.519868,17.85,17.41,17.85,17.85,1024,66,2.41,333,59,0.0,Clouds,broken clouds,4
Eger,47.891667,20.381667,2026-09-20 04:34:02.670580,17.76,17.34,17.76,17.76,1024,67,2.49,345,68,0.0,Clouds,broken clouds,4
Egervár,47.908056,20.380556,2026-09-20 04:34:03.833710,17.58,16.91,17.58,17.58,1024,58,2.58,349,68,0.0,Clouds,broken clouds,4
Eger-Felnémet,47.936667,20.370556,2026-09-20 04:34:04.990366,17.63,16.96,17.63,17.63,1024,58,2.44,352,65,0.0,Clouds,broken clouds,4
Szarvaskő,47.988611,20.3325,2026-09-20 04:34:06.160201,17.22,16.51,17.22,17.22,1024,58,1.4,2,51,0.0,Clouds,broken clouds,4
Mónosbél,48.031944,20.33,2026-09-20 04:34:07.316117,17.04,16.31,17.04,17.04,1024,58,0.49,27,35,0.0,Clouds,scattered clouds,4
Bélapátfalva,48.055556,20.340556,2026-09-20 04:34:08.477334,16.75,16.0,16.75,16.75,1024,58,0.23,88,28,0.0,Clouds,scattered clouds,4
Bélapátfalvi Cementgyár,48.058056,20.355,2026-09-20 04:34:09.627922,16.7,15.94,16.7,16.7,1024,58,0.23,88,28,0.0,Clouds,scattered clouds,4
Szilvásvárad,48.11345,20.37919,2026-09-20 04:34:10.780476,16.57,15.8,16.57,16.57,1024,58,0.72,173,16,0.0,Clouds,few clouds,4
Hejőkeresztúr,47.960278,20.869444,2026-09-20 04:34:11.935158,14.43,13.91,14.43,14.43,1024,76,0.54,28,32,0.0,Clouds,scattered clouds,4
Tiszaújváros,47.926111,21.030556,2026-09-20 04:34:13.091123,14.24,13.76,14.24,14.24,1024,78,1.2,24,17,0.0,Clouds,few clouds,4
Miskolc-Gömöri,48.106667,20.800278,2026-09-20 04:34:14.260392,18.0,17.74,18.0,18.0,1024,72,1.43,297,13,0.0,Clouds,few clouds,4
Sajókeresztúr,48.168008,20.774014,2026-09-20 04:34:15.424425,17.95,17.68,17.95,17.95,1024,72,1.72,293,8,0.0,Clear,clear sky,4
Sajóecseg,48.186111,20.766667,2026-09-20 04:34:16.586524,17.99,17.75,17.99,17.99,1024,73,1.76,298,8,0.0,Clear,clear sky,4
Sajószentpéter,48.222222,20.708056,2026-09-20 04:34:17.738501,17.89,17.67,17.89,17.89,1024,74,1.89,294,10,0.0,Clear,clear sky,4
Kazincbarcika,48.264444,20.6275,2026-09-20 04:34:18.893221,17.9,17.7,17.9,17.9,1024,75,1.85,275,12,0.0,Clouds,few clouds,4
Sajókaza,48.272778,20.581944,2026-09-20 04:34:20.051710,17.89,17.69,17.89,17.89,1024,75,1.67,270,12,0.0,Clouds,few clouds,4
Vadna,48.276389,20.555278,2026-09-20 04:34:21.205369,17.87,17.67,17.87,17.87,1024,75,1.67,270,12,0.0,Clouds,few clouds,4
Dubicsány,48.280833,20.504722,2026-09-20 04:34:22.370256,17.86,17.66,17.86,17.86,1024,75,1.03,255,7,0.0,Clear,clear sky,4
Raposka,46.851389,17.412778,2026-09-20 04:34:23.527089,11.06,10.36,11.06,11.06,1024,82,0.37,82,0,0.0,Clear,clear sky,4
Ivacs,47.641944,19.273889,2026-09-20 04:34:24.680631,9.85,9.85,9.85,17.97,1025,82,0.11,280,10,0.0,Clear,clear sky,4
Kisköre-Tiszahíd,47.480835,20.507698,2026-09-20 04:34:25.836700,13.98,13.44,13.98,13.98,1024,77,1.22,307,50,0.0,Clouds,scattered clouds,4
Rozsály,47.912778,22.7825,2026-09-20 04:34:26.990632,9.03,8.11,9.03,9.03,1024,89,1.95,139,3,0.0,Clear,clear sky,4
Pusztakettős,47.453611,20.749722,2026-09-20 04:34:28.155363,14.04,13.54,14.04,14.04,1024,78,0.85,273,24,0.0,Clouds,few clouds,4
Kisvác,47.795278,19.113611,2026-09-20 04:34:29.312032,13.61,13.17,13.61,13.61,1024,82,0.74,282,7,0.0,Clear,clear sky,4
Tiszafüred-Gyártelep,47.6075,20.736111,2026-09-20 04:34:30.465110,14.22,13.73,14.22,14.22,1024,78,0.97,304,31,0.0,Clouds,scattered clouds,4
Újkenéz,48.251111,22.221667,2026-09-20 04:34:31.618914,12.83,12.47,12.83,12.83,1024,88,1.2,136,0,0.0,Clear,clear sky,4
Püspökladány-Vásártér,47.319167,21.096111,2026-09-20 04:34:32.771293,13.87,13.38,13.87,13.87,1024,79,0.45,219,5,0.0,Clear,clear sky,4
Végegyháza alsó,46.3675,20.866944,2026-09-20 04:34:33.923757,17.27,17.09,17.27,17.27,1024,78,0.85,331,1,0.0,Clear,clear sky,4
Orosháza felső,46.553611,20.655278,2026-09-20 04:34:35.080233,14.29,13.65,14.29,14.29,1024,72,0.81,241,5,0.0,Clear,clear sky,4
Ambrózfalva,46.353056,20.740556,2026-09-20 04:34:36.243329,14.23,13.69,14.23,14.23,1024,76,0.51,336,1,0.0,Clear,clear sky,4
Alsónyék,46.199444,18.738056,2026-09-20 04:34:37.397740,14.57,14.12,14.57,14.57,1024,78,0.7,321,47,0.0,Clouds,scattered clouds,4
Tompapuszta,46.321389,20.966389,2026-09-20 04:34:38.558599,17.26,17.65,16.19,17.26,1024,100,1.22,347,0,0.0,Clear,clear sky,4
Halászlak,46.911879,20.56228,2026-09-20 04:34:39.716299,14.13,13.5,14.13,14.13,1024,73,0.66,299,8,0.0,Clear,clear sky,4
Sirató,46.840556,20.61,2026-09-20 04:34:40.872093,14.21,13.59,14.21,14.21,1024,73,0.68,282,6,0.0,Clear,clear sky,4
Csabacsűd felső,46.829167,20.649167,2026-09-20 04:34:42.030174,14.16,13.54,14.16,14.16,1024,73,0.69,279,6,0.0,Clear,clear sky,4
Orosháza-Üveggyár,46.579979,20.683644,2026-09-20 04:34:43.182674,14.22,13.58,14.22,14.22,1024,72,0.89,248,5,0.0,Clear,clear sky,4
Gyulai városerdő,46.69482,21.32281,2026-09-20 04:34:44.347497,13.43,12.97,13.43,13.43,1024,82,0.38,73,28,0.0,Clouds,scattered clouds,4
Kórógyszentgyörgy,46.564377,20.224998,2026-09-20 04:34:45.504197,18.34,17.38,17.24,18.34,1024,44,0.63,270,4,0.0,Clear,clear sky,4
Kunszállás,46.784444,19.767222,2026-09-20 04:34:46.665144,12.04,11.28,12.04,17.08,1024,76,2.06,290,77,0.0,Clouds,broken clouds,4
Selymes,46.655321,19.8534,2026-09-20 04:34:47.820432,17.14,16.79,17.14,17.14,1024,72,0.2,311,65,0.0,Clouds,broken clouds,4
Petőfiszállási tanyák,46.587805,19.874509,2026-09-20 04:34:48.979058,17.18,16.83,16.68,17.18,1024,72,0.17,295,82,0.0,Clouds,broken clouds,4
Kisteleki szőlők,46.514199,19.92868,2026-09-20 04:34:50.144706,16.67,16.3,16.67,17.17,1024,73,0.18,279,59,0.0,Clouds,broken clouds,4
Kapitányság,46.435336,19.987564,2026-09-20 04:34:51.297411,16.69,16.22,16.69,16.69,1024,69,0.27,266,30,0.0,Clouds,scattered clouds,4
Őszeszék,46.39025,20.016017,2026-09-20 04:34:52.450867,16.72,16.25,16.72,16.72,1024,69,0.28,260,21,0.0,Clouds,few clouds,4
Vilmaszállás,46.366389,20.030833,2026-09-20 04:34:53.609312,16.7,16.23,16.7,16.7,1024,69,0.45,236,14,0.0,Clouds,few clouds,4
Jánosszállás,46.334359,20.051199,2026-09-20 04:34:54.762148,16.73,16.26,16.73,16.73,1024,69,0.24,270,7,0.0,Clear,clear sky,4
Felsőpakony,47.343056,19.230556,2026-09-20 04:34:55.914292,10.25,9.6,10.25,18.36,1024,87,1.03,0,46,0.0,Clouds,scattered clouds,4
Felsőméntelek,46.987074,19.557745,2026-09-20 04:34:57.074050,11.88,11.11,11.88,11.88,1024,76,2.06,290,65,0.0,Clouds,broken clouds,4
Alsóméntelek,46.961558,19.579121,2026-09-20 04:34:58.230817,11.91,11.14,11.91,11.91,1024,76,2.06,290,66,0.0,Clouds,broken clouds,4
Nagynyír,46.943319,19.585447,2026-09-20 04:34:59.389717,11.9,11.13,11.9,11.9,1024,76,2.06,290,67,0.0,Clouds,broken clouds,4
Úrihegy,46.917778,19.621389,2026-09-20 04:35:00.540090,11.93,11.16,11.93,11.93,1024,76,2.06,290,70,0.0,Clouds,broken clouds,4
Miklóstelep,46.913412,19.630913,2026-09-20 04:35:01.696973,11.94,11.17,11.94,11.94,1024,76,2.06,290,70,0.0,Clouds,broken clouds,4
Tiszajenő alsó,47.016944,20.134444,2026-09-20 04:35:02.867417,13.02,12.36,13.02,13.02,1024,76,1.54,320,58,0.0,Clouds,broken clouds,4
Óbög,46.987222,20.111111,2026-09-20 04:35:04.029745,13.01,12.35,12.17,13.01,1024,76,1.54,320,60,0.0,Clouds,broken clouds,4
Árpádszállás,46.866456,19.989163,2026-09-20 04:35:05.189232,12.1,11.35,12.1,17.14,1024,76,2.06,290,58,0.0,Clouds,broken clouds,4
Tőserdő,46.851111,19.980278,2026-09-20 04:35:06.351864,17.16,16.13,12.12,17.16,1024,46,2.06,290,58,0.0,Clouds,broken clouds,4
Tiszaalpár felső,46.836256,19.976753,2026-09-20 04:35:07.509193,17.18,16.15,17.18,18.28,1024,46,0.18,317,58,0.0,Clouds,broken clouds,4
Borsihalom,46.773056,19.92,2026-09-20 04:35:08.662542,17.17,16.14,17.17,18.27,1024,46,0.21,315,59,0.0,Clouds,broken clouds,4
Petőfiváros,46.725556,19.848611,2026-09-20 04:35:09.816753,17.14,16.76,12.1,17.14,1024,71,0.24,325,60,0.0,Clouds,broken clouds,4
Csorna,47.601944,17.248889,2026-09-20 04:35:10.975954,13.18,12.88,13.18,13.18,1024,89,0.49,191,1,0.0,Clear,clear sky,4
Szorgalmatos,47.986667,21.366389,2026-09-20 04:35:12.130643,14.08,13.58,14.08,14.08,1024,78,1.0,312,3,0.0,Clear,clear sky,4
Fótfürdő,47.6225,19.200556,2026-09-20 04:35:13.287023,17.97,17.99,9.85,17.97,1024,83,0.19,282,10,0.0,Clear,clear sky,4
Fenyveshegy,47.818333,19.068056,2026-09-20 04:35:14.450402,13.86,13.39,13.86,13.86,1024,80,0.75,272,5,0.0,Clear,clear sky,4
Hűvösvölgy,47.541202,18.96351,2026-09-20 04:35:15.599697,17.51,16.86,9.39,17.51,1024,59,0.89,276,6,0.0,Clear,clear sky,4
Hárshegy,47.535318,18.961433,2026-09-20 04:35:16.742846,17.51,16.86,9.39,17.51,1024,59,0.89,276,6,0.0,Clear,clear sky,4
Szépjuhászné,47.528277,18.955246,2026-09-20 04:35:17.900214,16.62,15.88,8.5,16.62,1024,59,0.89,276,6,0.0,Clear,clear sky,4
Jánoshegy,47.51433,18.95047,2026-09-20 04:35:19.051595,16.53,15.78,8.41,16.53,1024,59,0.89,276,6,0.0,Clear,clear sky,4
Virágvölgy,47.505965,18.95876,2026-09-20 04:35:20.213919,16.22,15.44,8.1,16.22,1024,59,0.89,276,5,0.0,Clear,clear sky,4
Csillebérc,47.498196,18.961694,2026-09-20 04:35:21.374707,15.98,15.17,7.86,15.98,1024,59,0.89,276,5,0.0,Clear,clear sky,4
Normafa,47.5,18.970558,2026-09-20 04:35:22.526866,16.58,15.83,7.92,16.58,1024,59,0.89,279,5,0.0,Clear,clear sky,4
Széchenyihegy,47.49413,18.977049,2026-09-20 04:35:23.687262,16.6,15.86,7.94,16.6,1024,59,0.89,279,5,0.0,Clear,clear sky,4
Balatonfőkajár felső,47.031389,18.215278,2026-09-20 04:35:24.848057,13.73,13.46,13.73,13.73,1024,88,0.79,282,8,0.0,Clear,clear sky,4
Piroska,47.148333,20.129722,2026-09-20 04:35:26.011044,13.02,12.36,13.02,13.02,1024,76,1.54,320,64,0.0,Clouds,broken clouds,4
Somodor,46.4725,17.836667,2026-09-20 04:35:27.176072,13.51,13.11,13.51,13.51,1024,84,0.18,106,88,0.0,Clouds,overcast clouds,4
Középmező,45.995833,18.668889,2026-09-20 04:35:28.329860,14.66,14.32,14.66,14.66,1024,82,1.35,19,10,0.0,Clear,clear sky,4
Jobbágyi,47.828889,19.6875,2026-09-20 04:35:29.489220,13.97,13.2,13.97,13.97,1024,68,0.64,328,30,0.0,Clouds,scattered clouds,4
Ferihegy,47.437222,19.223889,2026-09-20 04:35:30.645410,10.08,9.42,10.08,18.75,1024,87,1.03,0,9,0.0,Clear,clear sky,4
Máriapócs,47.852778,22.019167,2026-09-20 04:35:31.802042,13.07,12.52,13.07,13.07,1024,80,1.69,221,0,0.0,Clear,clear sky,4
Máriaudvar,47.751944,19.165,2026-09-20 04:35:32.962060,13.82,13.4,13.82,13.82,1024,82,0.62,280,11,0.0,Clouds,few clouds,4
Nagyberki,46.353333,18.004167,2026-09-20 04:35:34.112260,13.51,13.24,13.51,13.51,1024,89,0.47,175,90,0.0,Clouds,overcast clouds,4
Badacsonytomaj,46.804722,17.518056,2026-09-20 04:35:35.267433,13.6,13.29,13.6,13.6,1024,87,0.73,108,0,0.0,Clear,clear sky,4
Badacsony,46.788611,17.506389,2026-09-20 04:35:36.428639,11.11,10.6,11.11,11.11,1024,89,0.75,130,0,0.0,Clear,clear sky,4
Badacsonylábdihegy,46.793889,17.470833,2026-09-20 04:35:37.584198,11.08,10.57,11.08,11.08,1024,89,0.75,130,0,0.0,Clear,clear sky,4
Badacsonytördemic-Szigliget,46.809722,17.469167,2026-09-20 04:35:38.740764,11.03,10.46,11.03,11.03,1024,87,0.72,109,0,0.0,Clear,clear sky,4
Nemesgulács-Kisapáti,46.836944,17.476389,2026-09-20 04:35:39.898047,11.07,10.43,11.07,11.07,1024,84,0.64,97,0,0.0,Clear,clear sky,4
Tapolca,46.877778,17.428611,2026-09-20 04:35:41.055977,10.99,10.26,10.99,10.99,1024,81,0.36,85,0,0.0,Clear,clear sky,4
Uzsabánya alsó,46.898333,17.345278,2026-09-20 04:35:42.214397,10.79,10.09,10.79,10.79,1024,83,0.28,105,0,0.0,Clear,clear sky,4
Uzsa,46.920278,17.331667,2026-09-20 04:35:43.382251,10.75,10.07,10.75,10.75,1024,84,0.34,127,0,0.0,Clear,clear sky,4
Sümegi Bazaltbánya,46.9525,17.2925,2026-09-20 04:35:44.545219,13.03,12.63,13.03,13.03,1024,86,0.45,149,0,0.0,Clear,clear sky,4
Sümeg,46.981111,17.270833,2026-09-20 04:35:45.708040,13.16,12.86,13.16,13.16,1024,89,0.61,168,0,0.0,Clear,clear sky,4
Gógánfa,47.021111,17.207778,2026-09-20 04:35:46.865036,13.08,12.79,13.08,13.08,1024,90,0.77,179,0,0.0,Clear,clear sky,4
Ukk,47.041944,17.195833,2026-09-20 04:35:48.022786,13.12,12.86,13.12,13.12,1024,91,0.79,189,0,0.0,Clear,clear sky,4
Nemeskeresztúr,47.093611,17.183611,2026-09-20 04:35:49.178864,13.04,12.78,13.04,13.04,1024,91,0.85,192,0,0.0,Clear,clear sky,4
Jánosháza,47.115833,17.171667,2026-09-20 04:35:50.352378,13.1,12.84,13.1,13.1,1024,91,0.89,194,0,0.0,Clear,clear sky,4
Keszthely,46.758333,17.248056,2026-09-20 04:35:51.510079,11.08,10.67,11.08,11.08,1024,93,1.54,280,0,0.0,Clear,clear sky,4
Alsógyenes,46.765844,17.276435,2026-09-20 04:35:52.660144,11.08,10.67,11.08,11.08,1024,93,1.54,280,0,0.0,Clear,clear sky,4
Gyenesdiás,46.763333,17.292778,2026-09-20 04:35:53.822438,11.08,10.67,11.08,11.08,1024,93,1.54,280,0,0.0,Clear,clear sky,4
Vonyarcvashegy,46.755278,17.318333,2026-09-20 04:35:54.984441,11.09,10.68,11.09,11.09,1024,93,1.54,280,0,0.0,Clear,clear sky,4
Balatongyörök,46.751944,17.354444,2026-09-20 04:35:56.144965,11.11,10.7,11.11,11.11,1024,93,1.54,280,0,0.0,Clear,clear sky,4
Becehegy,46.776111,17.372778,2026-09-20 04:35:57.307952,11.08,10.67,11.08,11.08,1024,93,1.54,280,0,0.0,Clear,clear sky,4
Balatonederics,46.8025,17.385,2026-09-20 04:35:58.467696,11.03,10.33,11.03,11.03,1024,82,0.23,59,0,0.0,Clear,clear sky,4
Dabronc,47.025766,17.167006,2026-09-20 04:35:59.621956,13.13,12.87,13.13,13.13,1024,91,0.74,186,0,0.0,Clear,clear sky,4
Türje,46.994444,17.093611,2026-09-20 04:36:00.780399,13.13,12.87,13.13,13.13,1024,91,0.67,212,0,0.0,Clear,clear sky,4
Zalabér-Batyk,46.983056,17.040833,2026-09-20 04:36:01.936205,13.27,13.03,13.27,13.27,1024,91,0.87,248,1,0.0,Clear,clear sky,4
Pakod,46.959167,16.996667,2026-09-20 04:36:03.090710,13.16,12.91,13.16,13.16,1024,91,0.99,254,1,0.0,Clear,clear sky,4
Pókaszepetk,46.924444,16.972222,2026-09-20 04:36:04.247227,13.28,13.04,13.28,13.28,1024,91,0.86,252,1,0.0,Clear,clear sky,4
Kemendollár,46.905833,16.946667,2026-09-20 04:36:05.402975,10.91,10.43,10.91,10.91,1024,91,0.95,257,2,0.0,Clear,clear sky,4
Zalaegerszeg,46.833056,16.848333,2026-09-20 04:36:06.559306,10.73,10.23,10.73,10.73,1024,91,0.92,257,2,0.0,Clear,clear sky,4
Bocfölde,46.780278,16.853611,2026-09-20 04:36:07.718566,10.79,10.27,10.79,10.79,1024,90,0.91,247,1,0.0,Clear,clear sky,4
Sárhida,46.755833,16.851389,2026-09-20 04:36:08.878731,10.75,10.23,10.75,10.75,1024,90,0.93,244,1,0.0,Clear,clear sky,4
Bak,46.7325,16.849167,2026-09-20 04:36:10.040337,10.77,10.25,10.77,10.77,1024,90,0.88,245,1,0.0,Clear,clear sky,4
Tófej,46.670833,16.801944,2026-09-20 04:36:11.191074,10.61,10.08,10.61,10.61,1024,90,0.79,252,1,0.0,Clear,clear sky,4
Gutorfölde,46.646944,16.739722,2026-09-20 04:36:12.345210,13.03,12.76,13.03,13.03,1024,91,0.67,253,1,0.0,Clear,clear sky,4
Csömödér-Páka,46.608056,16.641111,2026-09-20 04:36:13.501306,13.31,13.15,13.31,13.31,1024,94,0.59,281,0,0.0,Clear,clear sky,4
Iklódbördőce,46.603056,16.604722,2026-09-20 04:36:14.668556,13.12,12.97,13.12,13.12,1024,95,0.72,264,0,0.0,Clear,clear sky,4
Lenti,46.621389,16.528611,2026-09-20 04:36:15.826022,13.31,13.18,13.31,13.31,1024,95,0.72,247,0,0.0,Clear,clear sky,4
Rédics,46.618056,16.471111,2026-09-20 04:36:16.993257,13.33,13.2,13.33,13.33,1024,95,0.71,248,0,0.0,Clear,clear sky,4
Zalalövő,46.845556,16.576389,2026-09-20 04:36:18.151834,13.06,12.8,13.06,13.06,1024,91,0.95,280,2,0.0,Clear,clear sky,4
Zalaegerszeg-Ola,46.849167,16.844722,2026-09-20 04:36:19.315776,13.11,12.85,13.11,13.11,1024,91,0.92,257,2,0.0,Clear,clear sky,4
Andráshida,46.863116,16.7792,2026-09-20 04:36:20.481143,13.07,12.83,13.07,13.07,1024,92,0.95,265,2,0.0,Clear,clear sky,4
Bagod,46.875,16.746111,2026-09-20 04:36:21.632475,13.19,12.97,13.19,13.19,1024,92,1.04,267,2,0.0,Clear,clear sky,4
Zalaszentgyörgy,46.872222,16.7125,2026-09-20 04:36:22.801054,13.15,12.92,13.15,13.15,1024,92,1.08,269,2,0.0,Clear,clear sky,4
Zalacséb-Salomvár,46.858056,16.662222,2026-09-20 04:36:23.958485,12.92,12.67,12.92,12.92,1024,92,1.1,272,2,0.0,Clear,clear sky,4
Kópháza,47.631389,16.6375,2026-09-20 04:36:25.113019,13.63,13.11,13.63,13.63,1024,79,0.09,291,4,0.0,Clear,clear sky,4
Nagycenk,47.601111,16.690278,2026-09-20 04:36:26.268699,13.05,12.5,13.05,13.05,1024,80,0.17,280,4,0.0,Clear,clear sky,4
Sopronkövesd,47.548333,16.748056,2026-09-20 04:36:27.429937,12.82,12.35,12.82,12.82,1024,84,0.46,274,4,0.0,Clear,clear sky,4
Lövő,47.509444,16.7775,2026-09-20 04:36:28.601261,12.76,12.34,12.76,12.76,1024,86,0.63,277,3,0.0,Clear,clear sky,4
Újkér,47.457778,16.786667,2026-09-20 04:36:29.756609,12.81,12.42,12.81,12.81,1024,87,1.05,286,2,0.0,Clear,clear sky,4
Bük,47.388611,16.752222,2026-09-20 04:36:30.911837,12.87,12.48,12.87,12.87,1024,87,1.32,293,0,0.0,Clear,clear sky,4
Acsád,47.308333,16.734722,2026-09-20 04:36:32.070997,12.62,12.24,12.62,12.62,1024,88,0.82,300,1,0.0,Clear,clear sky,4
Salköveskút-Vassurány,47.291389,16.704167,2026-09-20 04:36:33.228261,12.69,12.31,12.69,12.69,1024,88,0.71,296,1,0.0,Clear,clear sky,4
Zalaszentiván,46.8875,16.909444,2026-09-20 04:36:34.383985,10.89,10.41,10.89,10.89,1024,91,0.93,263,2,0.0,Clear,clear sky,4
Alsónemesapáti,46.854167,16.936389,2026-09-20 04:36:35.547514,10.88,10.4,10.88,10.88,1024,91,0.83,251,1,0.0,Clear,clear sky,4
Józsa,47.600833,21.584444,2026-09-20 04:36:36.697552,10.86,10.14,10.86,10.86,1024,82,1.03,150,1,0.0,Clear,clear sky,4
Hajdúszentgyörgy,47.608056,21.578333,2026-09-20 04:36:37.858486,10.83,10.11,10.83,10.83,1024,82,1.03,150,1,0.0,Clear,clear sky,4
Zelemér,47.627778,21.578333,2026-09-20 04:36:39.010069,10.78,10.05,10.78,10.78,1024,82,1.03,150,1,0.0,Clear,clear sky,4
Hajdúböszörmény,47.668056,21.524167,2026-09-20 04:36:40.166581,10.81,10.09,10.81,10.81,1024,82,0.56,254,1,0.0,Clear,clear sky,4
Hajdúvid,47.749444,21.508056,2026-09-20 04:36:41.324467,13.82,13.42,13.82,13.82,1024,83,0.42,278,1,0.0,Clear,clear sky,4
Hajdúdorog,47.805556,21.493056,2026-09-20 04:36:42.487065,13.81,13.39,13.81,13.81,1024,82,0.37,290,1,0.0,Clear,clear sky,4
Hajdúnánás,47.831944,21.426667,2026-09-20 04:36:43.657194,13.97,13.59,13.97,13.97,1024,83,0.46,341,1,0.0,Clear,clear sky,4
Hajdúnánás-Vásártér,47.843056,21.407222,2026-09-20 04:36:44.812257,13.97,13.59,13.97,13.97,1024,83,0.46,341,1,0.0,Clear,clear sky,4
Tedej,47.903611,21.404444,2026-09-20 04:36:45.967330,14.01,13.61,14.01,14.01,1024,82,0.56,323,1,0.0,Clear,clear sky,4
Tiszavasvári,47.945278,21.374722,2026-09-20 04:36:47.123460,14.04,13.61,14.04,14.04,1024,81,0.73,324,2,0.0,Clear,clear sky,4
Egyházerdő,47.9725,21.365,2026-09-20 04:36:48.285978,14.07,13.6,14.07,14.07,1024,79,0.86,316,2,0.0,Clear,clear sky,4
Tiszalök,48.013056,21.369167,2026-09-20 04:36:49.444461,14.08,13.58,14.08,14.08,1024,78,1.16,310,3,0.0,Clear,clear sky,4
Hajnalos,47.998889,21.414167,2026-09-20 04:36:50.598325,14.07,13.6,14.07,14.07,1024,79,0.87,303,2,0.0,Clear,clear sky,4
Kisfástanya,47.989167,21.47,2026-09-20 04:36:51.765282,14.0,13.54,14.0,14.0,1024,80,0.8,294,1,0.0,Clear,clear sky,4
Tiszaeszlár,48.010556,21.491944,2026-09-20 04:36:52.930054,13.99,13.53,13.99,13.99,1024,80,0.85,285,1,0.0,Clear,clear sky,4
Bashalom,48.026111,21.514722,2026-09-20 04:36:54.085250,14.02,13.57,14.02,14.02,1024,80,0.91,290,2,0.0,Clear,clear sky,4
Sáránd,47.415556,21.625,2026-09-20 04:36:55.240936,11.01,10.31,11.01,11.01,1024,82,1.03,150,6,0.0,Clear,clear sky,4
Derecske,47.365,21.584167,2026-09-20 04:36:56.401887,11.08,10.38,11.08,11.08,1024,82,1.03,150,7,0.0,Clear,clear sky,4
Derecske-Vásártér,47.352222,21.58,2026-09-20 04:36:57.553847,11.08,10.38,11.08,11.08,1024,82,1.03,150,7,0.0,Clear,clear sky,4
Konyár,47.323611,21.666111,2026-09-20 04:36:58.702299,11.05,10.35,11.05,11.05,1024,82,1.03,150,7,0.0,Clear,clear sky,4
Konyári Sóstófürdő,47.324167,21.744444,2026-09-20 04:36:59.860871,11.06,10.34,11.06,11.06,1024,81,0.64,152,8,0.0,Clear,clear sky,4
Pocsaj-Esztár,47.288333,21.793056,2026-09-20 04:37:01.016363,11.05,10.3,11.05,11.05,1024,80,0.66,150,6,0.0,Clear,clear sky,4
Kismarja,47.243889,21.813889,2026-09-20 04:37:02.167017,13.24,12.68,13.24,13.24,1024,79,0.8,156,3,0.0,Clear,clear sky,4
Nagykereki,47.191667,21.8,2026-09-20 04:37:03.320826,13.23,12.65,13.23,13.23,1024,78,0.85,160,1,0.0,Clear,clear sky,4
Debrecen-Szabadságtelep,47.527778,21.658611,2026-09-20 04:37:04.481934,10.89,10.18,10.89,10.89,1024,82,1.03,150,1,0.0,Clear,clear sky,4
Kondoroskert,47.525556,21.713889,2026-09-20 04:37:05.639927,10.92,10.21,10.92,10.92,1024,82,1.03,150,1,0.0,Clear,clear sky,4
Nagycsere,47.523889,21.763056,2026-09-20 04:37:06.790370,10.9,10.19,10.9,10.9,1024,82,1.03,150,2,0.0,Clear,clear sky,4
Haláp,47.521667,21.818333,2026-09-20 04:37:07.949009,10.9,10.19,10.9,10.9,1024,82,1.03,150,2,0.0,Clear,clear sky,4
Vámospércs,47.518056,21.893889,2026-09-20 04:37:09.095728,10.84,10.09,10.84,10.84,1024,81,1.0,192,3,0.0,Clear,clear sky,4
Szentannapuszta,47.52,21.965833,2026-09-20 04:37:10.249497,10.79,10.04,10.79,10.79,1024,81,1.05,186,3,0.0,Clear,clear sky,4
Nyírábrány,47.523889,22.016944,2026-09-20 04:37:11.403064,13.01,12.48,13.01,13.01,1024,81,1.05,183,3,0.0,Clear,clear sky,4
Dombostanya,47.602778,21.706389,2026-09-20 04:37:12.553964,10.82,10.1,10.82,10.82,1024,82,1.03,150,1,0.0,Clear,clear sky,4
Hajdúsámson,47.608056,21.755278,2026-09-20 04:37:13.711333,10.82,10.1,10.82,10.82,1024,82,1.03,150,1,0.0,Clear,clear sky,4
Tamásipuszta,47.632778,21.796111,2026-09-20 04:37:14.868093,10.77,9.99,10.77,10.77,1024,80,1.21,227,1,0.0,Clear,clear sky,4
Aradványpuszta,47.662778,21.8425,2026-09-20 04:37:16.027191,10.72,9.94,10.72,10.72,1024,80,1.34,227,0,0.0,Clear,clear sky,4
Nyíradony,47.699444,21.903333,2026-09-20 04:37:17.181533,13.17,12.63,13.17,13.17,1024,80,1.51,223,0,0.0,Clear,clear sky,4
Nyírmihálydi,47.7375,21.958889,2026-09-20 04:37:18.346252,13.12,12.55,13.12,13.12,1024,79,1.59,223,0,0.0,Clear,clear sky,4
Nyírgelse,47.750833,21.987778,2026-09-20 04:37:19.503707,13.02,12.44,13.02,13.02,1024,79,1.71,224,0,0.0,Clear,clear sky,4
Nyírbogát,47.793056,22.066389,2026-09-20 04:37:20.658438,13.0,12.44,13.0,13.0,1024,80,1.79,221,0,0.0,Clear,clear sky,4
Nagykálló,47.871111,21.825833,2026-09-20 04:37:21.807076,13.39,12.95,13.39,13.39,1024,83,1.24,227,1,0.0,Clear,clear sky,4
Kállósemjén,47.854722,21.935,2026-09-20 04:37:22.957559,13.27,12.77,13.27,13.27,1024,81,1.5,222,1,0.0,Clear,clear sky,4
Nyírbátor,47.8425,22.131111,2026-09-20 04:37:24.118142,12.9,12.33,12.9,12.9,1024,80,1.68,217,0,0.0,Clear,clear sky,4
Nyírcsászári,47.865556,22.179167,2026-09-20 04:37:25.268618,12.8,12.28,12.8,12.8,1024,82,1.49,208,1,0.0,Clear,clear sky,4
Hodász,47.896111,22.213611,2026-09-20 04:37:26.435793,12.67,12.16,12.67,12.67,1024,83,1.36,198,1,0.0,Clear,clear sky,4
Nyírmeggyes,47.9225,22.256667,2026-09-20 04:37:27.600950,12.7,12.22,12.7,12.7,1024,84,1.3,189,2,0.0,Clear,clear sky,4
Mátészalka,47.951389,22.313333,2026-09-20 04:37:28.752864,12.7,12.25,12.7,12.7,1024,85,1.24,182,2,0.0,Clear,clear sky,4
Kocsord,47.941944,22.375833,2026-09-20 04:37:29.920024,12.69,12.29,12.69,12.69,1024,87,1.34,171,3,0.0,Clear,clear sky,4
Kocsord alsó,47.946389,22.400556,2026-09-20 04:37:31.073890,12.69,12.29,12.69,12.69,1024,87,1.34,171,3,0.0,Clear,clear sky,4
Győrtelek,47.936667,22.424722,2026-09-20 04:37:32.224032,12.68,12.3,12.68,12.68,1024,88,1.44,165,3,0.0,Clear,clear sky,4
Győrtelek alsó,47.921111,22.443333,2026-09-20 04:37:33.390809,12.65,12.27,12.65,12.65,1024,88,1.45,159,4,0.0,Clear,clear sky,4
Ököritófülpös,47.911389,22.495,2026-09-20 04:37:34.554832,12.65,12.27,12.65,12.65,1024,88,1.58,152,4,0.0,Clear,clear sky,4
Porcsalma-Tyukod,47.868056,22.568333,2026-09-20 04:37:35.712296,9.05,8.22,9.05,9.05,1024,88,1.85,135,5,0.0,Clear,clear sky,4
Csenger,47.826111,22.666389,2026-09-20 04:37:36.866393,9.04,8.5,9.04,9.04,1024,88,1.55,131,5,0.0,Clear,clear sky,4
Kisfái,46.888303,19.807366,2026-09-20 04:37:38.027963,12.02,11.26,12.02,12.02,1024,76,2.06,290,75,0.0,Clouds,broken clouds,4
Nyárlőrinci szőlők,46.8775,19.828333,2026-09-20 04:37:39.191707,12.03,11.27,12.03,17.06,1024,76,2.06,290,74,0.0,Clouds,broken clouds,4
Nyárlőrinc alsó,46.863889,19.878889,2026-09-20 04:37:40.348360,12.05,11.3,12.05,17.08,1024,76,2.06,290,71,0.0,Clouds,broken clouds,4
Tiszaug-Tiszahídfő,46.866106,20.052098,2026-09-20 04:37:41.503149,17.24,16.22,17.24,18.34,1024,46,0.21,321,55,0.0,Clouds,broken clouds,4
Csongrádi úti tanyák,46.690278,19.921667,2026-09-20 04:37:42.656139,17.19,16.17,17.19,18.3,1024,46,0.19,298,52,0.0,Clouds,broken clouds,4
Kettőshalom,46.689167,20.0225,2026-09-20 04:37:43.817102,17.23,16.21,17.23,18.33,1024,46,0.16,281,39,0.0,Clouds,scattered clouds,4
Csongrád alsó,46.711389,20.126389,2026-09-20 04:37:44.967067,17.23,16.21,17.23,18.33,1023,46,0.16,285,24,0.0,Clouds,few clouds,4
Dónát,46.66988,20.368168,2026-09-20 04:37:46.115718,18.35,17.39,17.25,18.35,1024,44,0.51,291,2,0.0,Clear,clear sky,4
Pusztatemplom,46.676667,20.407222,2026-09-20 04:37:47.270135,18.34,17.38,17.23,18.34,1024,44,0.58,283,1,0.0,Clear,clear sky,4
Előhát,47.364722,20.653611,2026-09-20 04:37:48.431311,13.92,13.35,13.92,13.92,1024,76,1.17,299,33,0.0,Clouds,scattered clouds,4
Polgárdi-Tekerespuszta,47.017778,18.297778,2026-09-20 04:37:49.591981,13.68,13.45,13.68,13.68,1024,90,0.67,276,13,0.0,Clouds,few clouds,4
Szatina-Kishajmás,46.202778,18.083611,2026-09-20 04:37:50.745602,15.25,14.97,15.25,15.25,1024,82,0.61,52,79,0.0,Clouds,broken clouds,4
Márok,45.886944,18.499167,2026-09-20 04:37:51.901497,15.47,15.27,14.37,15.47,1024,84,1.53,36,9,0.0,Clear,clear sky,4
Nagynyárád,45.953333,18.564722,2026-09-20 04:37:53.062849,15.53,15.28,15.53,15.53,1024,82,1.36,29,17,0.0,Clouds,few clouds,4
Szászvár,46.2875,18.369722222222222,2026-09-20 04:37:54.225903,14.12,13.62,14.12,14.12,1024,78,0.31,174,73,0.0,Clouds,broken clouds,4
Cikó,46.263514,18.557605,2026-09-20 04:37:55.375945,14.46,13.97,14.46,14.46,1024,77,0.26,277,63,0.0,Clouds,broken clouds,4
Gyöngyfa-Magyarmecske,45.983889,17.958889,2026-09-20 04:37:56.531952,15.57,15.38,15.57,15.57,1024,84,0.85,9,60,0.0,Clouds,broken clouds,4
Nagyhát,47.581389,21.445,2026-09-20 04:37:57.684297,10.92,10.21,10.92,10.92,1024,82,1.03,150,2,0.0,Clear,clear sky,4
Balmazújváros,47.613889,21.348056,2026-09-20 04:37:58.833701,11.1,10.35,11.1,11.1,1024,80,0.23,331,5,0.0,Clear,clear sky,4
Kónya,47.600833,21.2375,2026-09-20 04:37:59.987564,14.04,13.56,14.04,14.04,1024,79,0.38,11,8,0.0,Clear,clear sky,4
Hortobágy,47.586111,21.154722,2026-09-20 04:38:01.135822,14.08,13.63,14.08,14.08,1024,80,0.5,6,12,0.0,Clouds,few clouds,4
Hortobágyi Halastó,47.604167,21.074167,2026-09-20 04:38:02.297543,14.11,13.64,14.11,14.11,1024,79,0.57,1,15,0.0,Clouds,few clouds,4
Ohat-Pusztakócs,47.623333,20.951111,2026-09-20 04:38:03.455352,14.17,13.63,14.17,14.17,1024,76,0.78,346,20,0.0,Clouds,few clouds,4
Egyek,47.616944,20.883611,2026-09-20 04:38:04.611709,14.23,13.69,14.23,14.23,1024,76,0.85,334,24,0.0,Clouds,few clouds,4
Tiszafüred,47.627778,20.756111,2026-09-20 04:38:05.776930,14.24,13.7,14.24,14.24,1024,76,0.93,318,29,0.0,Clouds,scattered clouds,4
Poroszló,47.657778,20.654444,2026-09-20 04:38:06.932902,14.31,13.75,14.31,14.31,1024,75,1.02,310,34,0.0,Clouds,scattered clouds,4
Kétútköz,47.694167,20.565,2026-09-20 04:38:08.099948,14.37,13.74,14.37,14.37,1024,72,1.15,305,32,0.0,Clouds,scattered clouds,4
Egerfarmos,47.711667,20.5225,2026-09-20 04:38:09.262260,14.34,13.74,14.34,14.34,1024,73,1.23,305,36,0.0,Clouds,scattered clouds,4
Piliscsaba,47.638056,18.829722,2026-09-20 04:38:10.415098,18.14,17.55,18.14,18.14,1024,59,0.23,185,2,0.0,Clear,clear sky,4
Pilisjászfalu,47.656111,18.797778,2026-09-20 04:38:11.565066,18.39,18.27,18.39,18.39,1024,76,0.23,165,2,0.0,Clear,clear sky,4
Leányvár,47.687594,18.772553,2026-09-20 04:38:12.723874,18.56,18.48,18.56,18.56,1024,77,0.36,146,1,0.0,Clear,clear sky,4
Dorog,47.723333,18.732778,2026-09-20 04:38:13.878792,13.83,13.36,13.83,13.83,1023,80,0.55,145,0,0.0,Clear,clear sky,4
Esztergom-Kertváros,47.743333,18.719167,2026-09-20 04:38:15.041741,13.85,13.43,13.85,13.85,1023,82,0.63,140,0,0.0,Clear,clear sky,4
Esztergom,47.7775,18.743611,2026-09-20 04:38:16.198503,13.56,13.09,13.56,13.56,1023,81,0.72,131,0,0.0,Clear,clear sky,4
Dunaalmás,47.733056,18.326389,2026-09-20 04:38:17.352593,13.47,13.01,13.47,13.47,1024,82,1.53,195,1,0.0,Clear,clear sky,4
Neszmély,47.734444,18.345278,2026-09-20 04:38:18.523397,13.47,13.01,13.47,13.47,1024,82,1.53,195,1,0.0,Clear,clear sky,4
Süttő,47.761111,18.455,2026-09-20 04:38:19.686723,13.58,13.13,13.58,13.58,1023,82,1.3,201,1,0.0,Clear,clear sky,4
Piszke,47.75307,18.478017,2026-09-20 04:38:20.838097,13.65,13.24,13.65,13.65,1023,83,1.19,201,1,0.0,Clear,clear sky,4
Lábatlan,47.751944,18.513333,2026-09-20 04:38:21.996221,13.67,13.26,13.67,13.67,1023,83,1.03,198,1,0.0,Clear,clear sky,4
Eternitgyár,47.755544,18.530014,2026-09-20 04:38:23.151841,13.67,13.26,13.67,13.67,1023,83,1.03,198,1,0.0,Clear,clear sky,4
Nyergesújfalu felső,47.762222,18.540556,2026-09-20 04:38:24.306040,13.67,13.26,13.67,13.67,1023,83,1.03,198,1,0.0,Clear,clear sky,4
Nyergesújfalu,47.761111,18.561667,2026-09-20 04:38:25.461299,13.66,13.25,13.66,13.66,1023,83,0.89,192,0,0.0,Clear,clear sky,4
Tokod,47.735,18.675,2026-09-20 04:38:26.619235,13.8,13.35,13.8,13.8,1023,81,0.56,157,0,0.0,Clear,clear sky,4
Környe,47.541667,18.330278,2026-09-20 04:38:27.770794,13.29,12.71,13.29,13.29,1024,78,0.89,170,5,0.0,Clear,clear sky,4
Kecskéd alsó,47.519722,18.316667,2026-09-20 04:38:28.923055,13.26,12.7,13.26,13.26,1024,79,0.92,168,5,0.0,Clear,clear sky,4
Oroszlány,47.486944,18.308611,2026-09-20 04:38:30.072391,13.18,12.62,13.18,13.18,1024,79,0.81,169,4,0.0,Clear,clear sky,4
Győrszabadhegy,47.663056,17.648056,2026-09-20 04:38:31.231199,10.08,9.57,10.08,10.08,1024,93,1.03,0,1,0.0,Clear,clear sky,4
Ménfőcsanak felső,47.638333,17.615,2026-09-20 04:38:32.385751,10.08,9.57,10.08,10.08,1024,93,1.03,0,1,0.0,Clear,clear sky,4
Gyömöre-Tét,47.501672,17.559596,2026-09-20 04:38:33.546160,11.03,10.46,9.91,11.03,1024,87,1.03,180,0,0.0,Clear,clear sky,4
Szerecseny,47.469167,17.5475,2026-09-20 04:38:34.700115,11.02,10.45,9.9,11.02,1024,87,1.03,180,0,0.0,Clear,clear sky,4
Gecse-Gyarmat,47.456111,17.515,2026-09-20 04:38:35.861118,11.05,10.48,9.94,11.05,1024,87,1.03,180,0,0.0,Clear,clear sky,4
Vaszar,47.4025,17.496389,2026-09-20 04:38:37.022017,11.08,10.52,11.08,11.08,1024,87,1.03,180,0,0.0,Clear,clear sky,4
Pápa,47.340556,17.458889,2026-09-20 04:38:38.177896,11.03,10.46,11.03,11.03,1024,87,1.03,180,1,0.0,Clear,clear sky,4
Mezőlak,47.324722,17.371389,2026-09-20 04:38:39.343903,11.11,10.55,11.11,11.11,1024,87,1.03,180,1,0.0,Clear,clear sky,4
Mihályháza,47.318889,17.331667,2026-09-20 04:38:40.499229,11.14,10.58,11.14,11.14,1024,87,1.03,180,2,0.0,Clear,clear sky,4
Vinár,47.306667,17.284722,2026-09-20 04:38:41.652787,11.1,10.54,11.1,11.1,1024,87,1.03,180,2,0.0,Clear,clear sky,4
Külsővat,47.279167,17.219722,2026-09-20 04:38:42.805130,11.12,10.66,11.12,11.12,1024,91,1.16,195,1,0.0,Clear,clear sky,4
Celldömölk,47.261389,17.151944,2026-09-20 04:38:43.963329,11.07,10.58,11.07,11.07,1024,90,1.07,200,1,0.0,Clear,clear sky,4
Kemenesmihályfa,47.278056,17.111111,2026-09-20 04:38:45.125591,12.81,12.5,12.81,12.81,1024,90,1.0,205,2,0.0,Clear,clear sky,4
Nagysimonyi,47.265556,17.058889,2026-09-20 04:38:46.287711,12.9,12.57,12.9,12.9,1024,89,0.93,211,2,0.0,Clear,clear sky,4
Ostffyasszonyfa,47.283889,17.023889,2026-09-20 04:38:47.443438,12.98,12.66,12.98,12.98,1024,89,0.8,220,2,0.0,Clear,clear sky,4
Sárvár,47.259167,16.928889,2026-09-20 04:38:48.600015,13.05,12.73,13.05,13.05,1024,89,0.63,230,2,0.0,Clear,clear sky,4
Porpác,47.238611,16.8325,2026-09-20 04:38:49.768022,12.98,12.66,12.98,12.98,1024,89,0.72,228,2,0.0,Clear,clear sky,4
Balatonföldvár,46.853889,17.881389,2026-09-20 04:38:50.922447,13.74,13.39,13.74,13.74,1024,85,0.74,323,42,0.0,Clouds,scattered clouds,4
Balatonszárszó,46.832222,17.830278,2026-09-20 04:38:52.077793,13.72,13.42,13.72,13.72,1024,87,0.62,333,40,0.0,Clouds,scattered clouds,4
Balatonszemes,46.811944,17.776389,2026-09-20 04:38:53.231983,13.71,13.43,13.71,13.71,1024,88,0.31,7,24,0.0,Clouds,few clouds,4
Balatonlelle felső,46.793889,17.7175,2026-09-20 04:38:54.398026,13.73,13.46,13.73,13.73,1024,88,0.43,90,8,0.0,Clear,clear sky,4
Balatonlelle,46.7875,17.694167,2026-09-20 04:38:55.553863,13.76,13.52,13.76,13.76,1024,89,0.59,96,6,0.0,Clear,clear sky,4
Fonyódliget,46.759167,17.592222,2026-09-20 04:38:56.713081,13.74,13.44,13.74,13.74,1024,87,0.63,121,3,0.0,Clear,clear sky,4
Balatonboglár,46.776111,17.647222,2026-09-20 04:38:57.869823,13.76,13.52,13.76,13.76,1024,89,0.7,101,5,0.0,Clear,clear sky,4
Balatonfenyves alsó,46.708611,17.455278,2026-09-20 04:38:59.027886,11.09,10.68,11.09,11.09,1024,93,1.06,193,2,0.0,Clear,clear sky,4
Fonyód,46.750278,17.558889,2026-09-20 04:39:00.181902,13.75,13.48,13.75,13.75,1024,88,0.71,142,1,0.0,Clear,clear sky,4
Bélatelep,46.737778,17.535,2026-09-20 04:39:01.344460,11.11,10.63,11.11,11.11,1024,90,0.88,173,2,0.0,Clear,clear sky,4
Alsóbélatelep,46.724167,17.516389,2026-09-20 04:39:02.502309,11.08,10.59,11.08,11.08,1024,90,0.88,173,2,0.0,Clear,clear sky,4
Balatonfenyves,46.713611,17.482778,2026-09-20 04:39:03.650626,11.08,10.62,11.08,11.08,1024,91,0.9,193,79,0.0,Clouds,broken clouds,4
Máriahullámtelep,46.704722,17.435,2026-09-20 04:39:04.812459,11.09,10.68,11.09,11.09,1024,93,1.06,193,2,0.0,Clear,clear sky,4
Balatonmáriafürdő,46.704167,17.374722,2026-09-20 04:39:05.969754,11.08,10.67,11.08,11.08,1024,93,1.54,280,2,0.0,Clear,clear sky,4
Balatonberény,46.713889,17.316944,2026-09-20 04:39:07.122258,11.05,10.64,11.05,11.05,1024,93,1.54,280,1,0.0,Clear,clear sky,4
Balatonszentgyörgy,46.692778,17.288889,2026-09-20 04:39:08.291611,11.08,10.67,11.08,11.08,1024,93,1.54,280,2,0.0,Clear,clear sky,4
Vörs,46.663611,17.260278,2026-09-20 04:39:09.448030,11.07,10.66,11.07,11.07,1024,93,1.54,280,1,0.0,Clear,clear sky,4
Zalaszentjakab,46.491667,17.135278,2026-09-20 04:39:10.607504,10.93,10.38,10.93,10.93,1024,88,0.55,323,1,0.0,Clear,clear sky,4
Nagykanizsa,46.440833,16.986667,2026-09-20 04:39:11.762032,13.5,13.26,13.5,13.5,1024,90,0.92,336,2,0.0,Clear,clear sky,4
Murakeresztúr,46.363889,16.876944,2026-09-20 04:39:12.912085,13.6,13.44,13.6,13.6,1024,93,1.03,320,2,0.0,Clear,clear sky,4
Zalakomár,46.530278,17.188056,2026-09-20 04:39:14.070451,10.93,10.51,10.93,10.93,1024,93,1.54,280,1,0.0,Clear,clear sky,4
Szárazrét,47.200833,18.381111,2026-09-20 04:39:15.225295,13.68,13.22,13.68,13.68,1024,81,0.28,319,2,0.0,Clear,clear sky,4
Bodajk,47.318333,18.251944,2026-09-20 04:39:16.396768,13.47,12.91,13.47,13.47,1024,78,0.17,253,2,0.0,Clear,clear sky,4
Csókakő,47.3275,18.240556,2026-09-20 04:39:17.560120,13.16,12.57,13.16,13.16,1024,78,0.22,227,2,0.0,Clear,clear sky,4
Mór,47.369167,18.189167,2026-09-20 04:39:18.716641,13.18,12.59,13.18,13.18,1024,78,0.45,205,2,0.0,Clear,clear sky,4
Bakonysárkány,47.443611,18.103611,2026-09-20 04:39:19.872202,9.33,9.33,9.33,9.33,1024,80,1.09,201,3,0.0,Clear,clear sky,4
Kisbér,47.494167,18.024722,2026-09-20 04:39:21.026859,9.64,9.02,9.64,9.64,1024,82,1.72,216,4,0.0,Clear,clear sky,4
Nagyigmánd-Bábolna,47.630556,18.050833,2026-09-20 04:39:22.188175,9.99,9.99,9.99,9.99,1024,93,1.03,0,2,0.0,Clear,clear sky,4
Budapest-Déli,47.498889,19.025,2026-09-20 04:39:23.342449,18.78,18.25,10.12,18.78,1024,59,1.03,0,6,0.0,Clear,clear sky,4
Budapest-Kelenföld,47.464444,19.02,2026-09-20 04:39:24.496012,18.89,18.38,10.22,18.89,1024,59,1.03,0,5,0.0,Clear,clear sky,4
Budaörs,47.4475,18.965,2026-09-20 04:39:25.655504,18.8,18.28,10.13,18.8,1024,59,0.89,279,6,0.0,Clear,clear sky,4
Biatorbágy,47.480278,18.834444,2026-09-20 04:39:26.807625,18.45,17.89,18.45,18.45,1024,59,0.53,345,6,0.0,Clear,clear sky,4
Herceghalom,47.493611,18.746111,2026-09-20 04:39:27.964089,18.7,18.17,18.7,18.7,1024,59,0.41,334,7,0.0,Clear,clear sky,4
Bicske,47.484167,18.6175,2026-09-20 04:39:29.114173,18.5,18.47,18.5,18.5,1024,79,0.37,284,9,0.0,Clear,clear sky,4
Szár,47.485,18.5275,2026-09-20 04:39:30.265263,12.83,12.18,12.83,12.83,1024,77,0.34,255,7,0.0,Clear,clear sky,4
Szárliget,47.518333,18.495833,2026-09-20 04:39:31.423359,13.08,12.45,13.08,13.08,1024,77,0.38,222,7,0.0,Clear,clear sky,4
Alsógalla,47.563337,18.425102,2026-09-20 04:39:32.578605,13.4,12.81,13.4,13.4,1024,77,0.81,181,5,0.0,Clear,clear sky,4
Tatabánya,47.585556,18.393056,2026-09-20 04:39:33.729836,13.4,12.83,13.4,13.4,1024,78,1.0,182,5,0.0,Clear,clear sky,4
Vértesszőlős,47.619444,18.375278,2026-09-20 04:39:34.886341,13.43,12.89,13.43,13.43,1024,79,1.13,186,4,0.0,Clear,clear sky,4
Tóvároskert,47.646111,18.348611,2026-09-20 04:39:36.043003,13.39,12.87,13.39,13.39,1024,80,1.31,188,3,0.0,Clear,clear sky,4
Tata,47.665,18.3275,2026-09-20 04:39:37.194581,13.37,12.88,13.37,13.37,1024,81,1.43,192,2,0.0,Clear,clear sky,4
Almásfüzitő,47.725278,18.262222,2026-09-20 04:39:38.345864,13.38,12.94,13.38,13.38,1024,83,1.51,201,0,0.0,Clear,clear sky,4
Almásfüzitő felső,47.731389,18.216389,2026-09-20 04:39:39.505237,13.92,13.59,13.92,13.92,1024,85,1.46,209,0,0.0,Clear,clear sky,4
Szőny,47.735556,18.1775,2026-09-20 04:39:40.661869,13.95,13.65,10.12,13.95,1024,86,1.45,213,0,0.0,Clear,clear sky,4
Komárom,47.749444,18.113611,2026-09-20 04:39:41.818803,10.13,9.47,10.13,13.96,1024,87,1.47,224,0,0.0,Clear,clear sky,4
Ács,47.717222,18.004444,2026-09-20 04:39:42.976182,10.05,9.54,10.05,10.05,1024,93,1.03,0,0,0.0,Clear,clear sky,4
Nagyszentjános,47.705556,17.871389,2026-09-20 04:39:44.131631,10.05,9.54,10.05,10.05,1024,93,1.03,0,0,0.0,Clear,clear sky,4
Győrszentiván,47.688611,17.745556,2026-09-20 04:39:45.293006,10.06,9.55,10.06,10.06,1024,93,1.03,0,0,0.0,Clear,clear sky,4
Győr-Gyárváros,47.684444,17.663889,2026-09-20 04:39:46.454519,10.1,9.59,10.1,10.1,1024,93,1.03,0,1,0.0,Clear,clear sky,4
Győr,47.681944,17.634722,2026-09-20 04:39:47.607638,10.06,9.55,10.06,10.06,1024,93,1.03,0,1,0.0,Clear,clear sky,4
Öttevény,47.719722,17.489167,2026-09-20 04:39:48.756981,10.08,9.52,10.08,10.08,1024,91,1.1,205,2,0.0,Clear,clear sky,4
Lébény-Mosonszentmiklós,47.755278,17.426389,2026-09-20 04:39:49.919343,13.07,12.78,13.07,13.07,1024,90,0.7,212,3,0.0,Clear,clear sky,4
Kimle-Károlyháza,47.803889,17.342778,2026-09-20 04:39:51.072072,13.14,12.86,13.14,13.14,1024,90,0.6,259,7,0.0,Clear,clear sky,4
Mosonmagyaróvár,47.849722,17.267222,2026-09-20 04:39:52.224405,13.16,12.83,13.16,13.16,1024,88,0.94,311,14,0.0,Clouds,few clouds,4
Levél,47.889722,17.1925,2026-09-20 04:39:53.380640,13.19,12.84,13.19,13.19,1024,87,1.12,321,17,0.0,Clouds,few clouds,4
Hegyeshalom,47.913889,17.145556,2026-09-20 04:39:54.533053,15.62,15.48,12.01,15.62,1024,86,1.24,324,18,0.0,Clouds,few clouds,4
Óbuda,47.568611,19.033889,2026-09-20 04:39:55.694433,18.93,18.42,10.26,18.93,1024,59,0.89,279,6,0.0,Clear,clear sky,4
Üröm,47.580556,19.002222,2026-09-20 04:39:56.844193,18.82,18.3,10.16,18.82,1024,59,0.89,279,6,0.0,Clear,clear sky,4
Solymár,47.596111,18.95,2026-09-20 04:39:57.997425,18.64,18.1,9.97,18.64,1024,59,0.57,279,6,0.0,Clear,clear sky,4
Pilisvörösvár,47.614444,18.902222,2026-09-20 04:39:59.153181,18.28,17.7,18.28,18.28,1024,59,0.4,256,5,0.0,Clear,clear sky,4
Klotildliget,47.637778,18.846389,2026-09-20 04:40:00.309331,18.02,17.42,18.02,18.02,1024,59,0.23,185,2,0.0,Clear,clear sky,4
Kútvölgy,46.459444,20.451944,2026-09-20 04:40:01.463400,18.34,18.11,18.34,18.34,1024,72,0.63,243,1,0.0,Clear,clear sky,4
Székkutas,46.503889,20.541111,2026-09-20 04:40:02.622283,18.32,18.09,18.32,18.32,1024,72,0.7,237,1,0.0,Clear,clear sky,4
Kaposszentjakab,46.358056,17.821944,2026-09-20 04:40:03.787926,13.75,13.43,13.75,13.75,1024,86,0.27,167,90,0.0,Clouds,overcast clouds,4
Kaposvár,46.352778,17.795,2026-09-20 04:40:04.937629,13.63,13.27,13.63,13.63,1024,85,0.19,162,90,0.0,Clouds,overcast clouds,4
Kaposújlak,46.366667,17.715,2026-09-20 04:40:06.094749,13.69,13.36,13.69,13.69,1024,86,0.12,121,91,0.0,Clouds,overcast clouds,4
Kaposmérő,46.365278,17.698889,2026-09-20 04:40:07.249584,13.57,13.23,13.57,13.57,1024,86,0.13,108,90,0.0,Clouds,overcast clouds,4
Kaposfő,46.364167,17.656667,2026-09-20 04:40:08.405253,13.47,13.14,13.47,13.47,1024,87,0.11,105,87,0.0,Clouds,overcast clouds,4
Kiskorpád,46.361389,17.606667,2026-09-20 04:40:09.556138,13.34,13.03,13.34,13.34,1024,88,0.08,76,84,0.0,Clouds,broken clouds,4
Jákó-Nagybajom,46.344444,17.554444,2026-09-20 04:40:10.724481,13.36,13.02,13.36,13.36,1024,87,0.22,10,84,0.0,Clouds,broken clouds,4
Kutas,46.326111,17.453889,2026-09-20 04:40:11.876996,13.42,13.14,13.42,13.42,1024,89,0.53,1,79,0.0,Clouds,broken clouds,4
Beleg,46.316944,17.420556,2026-09-20 04:40:13.035903,13.51,13.24,13.51,13.51,1024,89,0.73,7,80,0.0,Clouds,broken clouds,4
Ötvöskónyi,46.292778,17.358056,2026-09-20 04:40:14.195128,13.54,13.27,13.54,13.54,1024,89,0.74,14,82,0.0,Clouds,broken clouds,4
Somogyszob,46.289167,17.305556,2026-09-20 04:40:15.353450,13.49,13.22,13.49,13.49,1024,89,0.78,10,73,0.0,Clouds,broken clouds,4
Bolhás,46.282222,17.275278,2026-09-20 04:40:16.510383,13.49,13.22,13.49,13.49,1024,89,0.78,7,62,0.0,Clouds,broken clouds,4
Szenta,46.274167,17.182222,2026-09-20 04:40:17.666917,13.53,13.26,13.53,13.53,1024,89,0.76,4,48,0.0,Clouds,scattered clouds,4
Zrínyitelep,46.275278,17.138056,2026-09-20 04:40:18.829937,13.51,13.24,13.51,13.51,1024,89,0.79,359,40,0.0,Clouds,scattered clouds,4
Csurgó,46.261111,17.091667,2026-09-20 04:40:19.980390,13.67,13.44,13.67,13.67,1024,90,0.79,344,41,0.0,Clouds,scattered clouds,4
Gyékényes,46.249167,16.956389,2026-09-20 04:40:21.136360,13.51,13.34,13.51,13.51,1024,93,1.2,314,7,0.0,Clear,clear sky,4
Adony,47.106111,18.847778,2026-09-20 04:40:22.287677,13.97,13.59,13.97,13.97,1024,83,0.59,293,78,0.0,Clouds,broken clouds,4
Kulcs,47.051111,18.8975,2026-09-20 04:40:23.448493,13.75,13.35,13.75,13.75,1024,83,0.81,294,92,0.0,Clouds,overcast clouds,4
Rácalmás,47.023333,18.908889,2026-09-20 04:40:24.600915,13.71,13.25,13.71,13.71,1024,81,0.83,291,93,0.0,Clouds,overcast clouds,4
Dunaújváros,46.960556,18.913889,2026-09-20 04:40:25.758300,13.74,13.26,13.74,13.74,1024,80,0.92,288,94,0.0,Clouds,overcast clouds,4
Újvenyim,46.936944,18.868889,2026-09-20 04:40:26.918715,13.81,13.31,13.81,13.81,1024,79,0.96,284,94,0.0,Clouds,overcast clouds,4
Mezőfalva,46.905556,18.810278,2026-09-20 04:40:28.069111,13.79,13.31,13.79,13.79,1024,80,0.89,286,92,0.0,Clouds,overcast clouds,4
Nagykarácsony felső,46.866047,18.783064,2026-09-20 04:40:29.229856,13.92,13.48,13.92,13.92,1024,81,0.92,293,89,0.0,Clouds,overcast clouds,4
Nagykarácsony,46.848729,18.765722,2026-09-20 04:40:30.386004,13.74,13.31,13.74,13.74,1024,82,0.84,295,88,0.0,Clouds,overcast clouds,4
Alap,46.831944,18.657778,2026-09-20 04:40:31.544000,13.88,13.54,13.88,13.88,1024,85,0.75,279,92,0.0,Clouds,overcast clouds,4
Cece,46.773333,18.623333,2026-09-20 04:40:32.699545,13.91,13.55,13.91,13.91,1024,84,0.72,273,92,0.0,Clouds,overcast clouds,4
Vajta,46.713611,18.648056,2026-09-20 04:40:33.853087,14.02,13.57,14.02,14.02,1024,80,0.66,276,89,0.0,Clouds,overcast clouds,4
Rétszilas alsó,46.829167,18.639444,2026-09-20 04:40:35.009448,13.88,13.54,13.88,13.88,1024,85,0.75,279,92,0.0,Clouds,overcast clouds,4
Nagydorog,46.615485,18.65002,2026-09-20 04:40:36.166672,14.13,13.66,14.13,14.13,1024,79,0.64,285,85,0.0,Clouds,overcast clouds,4
Tengelic,46.516111,18.695278,2026-09-20 04:40:37.323542,14.02,13.57,14.02,14.02,1024,80,0.66,287,82,0.0,Clouds,broken clouds,4
Fácánkert,46.449041,18.735661,2026-09-20 04:40:38.480596,14.15,13.74,14.15,14.15,1024,81,0.71,269,73,0.0,Clouds,broken clouds,4
Tolna-Mözs,46.416389,18.750556,2026-09-20 04:40:39.642303,14.15,13.74,14.15,14.15,1024,81,0.67,265,70,0.0,Clouds,broken clouds,4
Szekszárd-Palánk,46.38027777777778,18.72833333333333,2026-09-20 04:40:40.792120,14.31,13.91,14.31,14.31,1024,81,0.79,261,68,0.0,Clouds,broken clouds,4
Szekszárd,46.349444,18.7125,2026-09-20 04:40:41.948089,14.34,13.94,14.34,14.34,1024,81,0.79,260,65,0.0,Clouds,broken clouds,4
Őcsény,46.318889,18.7425,2026-09-20 04:40:43.105258,14.36,13.94,14.36,14.36,1024,80,0.78,271,61,0.0,Clouds,broken clouds,4
Decs,46.283889,18.756111,2026-09-20 04:40:44.266479,14.41,14.0,14.41,14.41,1024,80,0.77,280,58,0.0,Clouds,broken clouds,4
Csikóstőttős,46.337222,18.152778,2026-09-20 04:40:45.420401,13.87,13.58,13.87,13.87,1024,87,0.64,171,81,0.0,Clouds,broken clouds,4
Mágocs-Alsómocsolád,46.31027777777778,18.222222222222225,2026-09-20 04:40:46.574268,13.52,13.09,13.52,13.52,1024,83,0.58,170,78,0.0,Clouds,broken clouds,4
Szalatnak,46.284444444444446,18.288611111111113,2026-09-20 04:40:47.738605,14.07,13.62,14.07,14.07,1024,80,0.41,170,75,0.0,Clouds,broken clouds,4
Máza-Szászvár,46.279167,18.411389,2026-09-20 04:40:48.890307,14.22,13.73,14.22,14.22,1024,78,0.25,178,72,0.0,Clouds,broken clouds,4
Váralja,46.281667,18.436111,2026-09-20 04:40:50.040036,14.34,13.84,14.34,14.34,1024,77,0.16,207,69,0.0,Clouds,broken clouds,4
Nagymányok,46.280278,18.459167,2026-09-20 04:40:51.192496,14.34,13.84,14.34,14.34,1024,77,0.16,207,69,0.0,Clouds,broken clouds,4
Hidas-Bonyhád,46.269444,18.523333,2026-09-20 04:40:52.350173,14.27,13.76,14.27,14.27,1024,77,0.24,248,65,0.0,Clouds,broken clouds,4
Mőcsény,46.2575,18.591944,2026-09-20 04:40:53.516372,14.03,13.5,14.03,14.03,1024,77,0.41,283,60,0.0,Clouds,broken clouds,4
Bátaszék,46.202222,18.715556,2026-09-20 04:40:54.683819,14.57,14.12,14.57,14.57,1024,78,0.7,321,47,0.0,Clouds,scattered clouds,4
Pörböly,46.199167,18.826389,2026-09-20 04:40:55.841085,14.43,14.02,14.43,14.43,1024,80,0.9,322,43,0.0,Clouds,scattered clouds,4
Orosháza,46.566111,20.664722,2026-09-20 04:40:56.992668,14.28,13.64,14.28,14.28,1024,72,0.89,247,5,0.0,Clear,clear sky,4
Orosházi tanyák,46.596944,20.760556,2026-09-20 04:40:58.145548,14.1,13.47,14.1,14.1,1024,73,0.88,257,6,0.0,Clear,clear sky,4
Csorvás,46.623611,20.840833,2026-09-20 04:40:59.300708,13.93,13.28,13.93,13.93,1024,73,0.79,266,6,0.0,Clear,clear sky,4
Csorvás alsó,46.634722,20.888333,2026-09-20 04:41:00.458879,13.87,13.24,13.87,13.87,1024,74,0.7,266,7,0.0,Clear,clear sky,4
Telekgerendás,46.656111,20.963889,2026-09-20 04:41:01.617901,13.64,13.02,13.64,13.64,1024,75,0.58,275,8,0.0,Clear,clear sky,4
Fürjes,46.67214,21.02306,2026-09-20 04:41:02.772558,13.42,12.83,13.42,13.42,1024,77,0.46,280,12,0.0,Clouds,few clouds,4
Fényes,46.659876,21.16618,2026-09-20 04:41:03.931849,13.33,12.78,13.33,13.33,1024,79,0.03,360,19,0.0,Clouds,few clouds,4
Bicere,46.66,21.179444,2026-09-20 04:41:05.093272,13.37,12.85,13.37,13.37,1024,80,0.06,59,20,0.0,Clouds,few clouds,4
Gyula,46.656389,21.273333,2026-09-20 04:41:06.258832,13.45,12.97,13.45,13.45,1024,81,0.26,77,22,0.0,Clouds,few clouds,4
József Szanatórium,46.704722,21.3325,2026-09-20 04:41:07.409870,13.45,12.99,13.45,13.45,1024,82,0.52,71,27,0.0,Clouds,scattered clouds,4
Sarkadi Cukorgyár,46.73,21.383611,2026-09-20 04:41:08.565546,13.43,12.97,13.43,13.43,1024,82,0.72,70,26,0.0,Clouds,scattered clouds,4
Sarkad,46.736944,21.402222,2026-09-20 04:41:09.724140,13.41,12.97,13.41,13.41,1024,83,0.82,69,25,0.0,Clouds,scattered clouds,4
Kötegyán,46.758333,21.479722,2026-09-20 04:41:10.878510,13.4,12.94,13.4,13.4,1024,82,0.98,75,25,0.0,Clouds,scattered clouds,4
Méhkerék,46.774444,21.455556,2026-09-20 04:41:12.039605,13.43,12.94,13.43,13.43,1024,81,0.72,87,26,0.0,Clouds,scattered clouds,4
Sarkadkeresztúr,46.823611,21.4175,2026-09-20 04:41:13.200446,13.46,12.95,13.46,13.46,1024,80,0.54,102,24,0.0,Clouds,few clouds,4
Okány,46.8925,21.339167,2026-09-20 04:41:14.359699,13.56,13.03,13.56,13.56,1024,79,0.47,151,10,0.0,Clear,clear sky,4
Újszeged,46.242222,20.16,2026-09-20 04:41:15.520513,16.75,16.54,16.75,16.75,1024,79,0.14,253,1,0.0,Clear,clear sky,4
Szőreg,46.211389,20.183056,2026-09-20 04:41:16.672493,16.74,16.53,16.74,16.74,1024,79,0.18,304,3,0.0,Clear,clear sky,4
Deszk,46.210278,20.246389,2026-09-20 04:41:17.832850,16.75,16.52,16.75,16.75,1024,78,0.29,314,3,0.0,Clear,clear sky,4
Kiszombor,46.191944,20.413056,2026-09-20 04:41:18.992929,14.33,13.83,14.33,14.33,1024,77,0.42,333,5,0.0,Clear,clear sky,4
Kiszombor megálló,46.191111,20.430833,2026-09-20 04:41:20.155526,14.33,13.83,14.33,14.33,1024,77,0.42,333,5,0.0,Clear,clear sky,4
Makó,46.204722,20.474722,2026-09-20 04:41:21.304806,14.3,13.8,14.3,14.3,1024,77,0.43,334,5,0.0,Clear,clear sky,4
Apátfalva,46.175193,20.580611,2026-09-20 04:41:22.462027,14.22,13.79,14.22,14.22,1024,80,0.64,351,4,0.0,Clear,clear sky,4
Magyarcsanád,46.174444,20.610278,2026-09-20 04:41:23.620996,14.19,13.78,14.19,14.19,1024,81,0.71,352,4,0.0,Clear,clear sky,4
Nagylak,46.17,20.708333,2026-09-20 04:41:24.776262,17.32,17.25,17.32,17.32,1024,82,1.05,360,1,0.0,Clear,clear sky,4
Nagylaki Kendergyár,46.189167,20.717222,2026-09-20 04:41:25.929237,17.31,17.21,17.31,17.31,1024,81,1.0,1,1,0.0,Clear,clear sky,4
Csanádpalota,46.236111,20.7325,2026-09-20 04:41:27.084599,17.3,17.2,17.3,17.3,1024,81,0.97,1,1,0.0,Clear,clear sky,4
Mezőhegyes,46.310833,20.815556,2026-09-20 04:41:28.260721,17.24,17.08,17.24,17.24,1024,79,1.01,357,0,0.0,Clear,clear sky,4
Végegyháza,46.384444,20.878611,2026-09-20 04:41:29.412602,17.26,17.05,17.26,17.26,1024,77,0.71,314,2,0.0,Clear,clear sky,4
Mezőkovácsháza,46.408333,20.9,2026-09-20 04:41:30.572219,17.26,17.03,17.26,17.26,1024,76,0.59,295,4,0.0,Clear,clear sky,4
Mezőkovácsháza felső,46.415556,20.918056,2026-09-20 04:41:31.727099,17.27,17.06,17.27,17.27,1024,77,0.85,297,3,0.0,Clear,clear sky,4
Magyarbánhegyes,46.451389,20.97,2026-09-20 04:41:32.879031,14.02,13.49,14.02,14.02,1024,77,0.84,285,4,0.0,Clear,clear sky,4
Medgyesegyháza,46.495278,21.029167,2026-09-20 04:41:34.031831,13.84,13.32,13.84,13.84,1024,78,0.57,268,5,0.0,Clear,clear sky,4
Bánkút,46.505278,21.091944,2026-09-20 04:41:35.181864,13.81,13.31,13.81,13.81,1024,79,0.44,287,4,0.0,Clear,clear sky,4
Belsőperegpuszta,46.321111,20.916667,2026-09-20 04:41:36.335666,17.24,17.13,17.24,17.24,1024,81,1.21,350,0,0.0,Clear,clear sky,4
Battonya,46.282222,21.003889,2026-09-20 04:41:37.504988,17.24,17.63,16.17,17.24,1024,100,1.24,353,0,0.0,Clear,clear sky,4
Baja-Dunafürdő,46.193333,18.919167,2026-09-20 04:41:38.655710,14.35,14.06,14.35,14.35,1024,85,0.77,336,38,0.0,Clouds,scattered clouds,4
Kaposszekcső,46.330556,18.143056,2026-09-20 04:41:39.808779,13.87,13.58,13.87,13.87,1024,87,0.64,171,81,0.0,Clouds,broken clouds,4
Vásárosdombó,46.310556,18.138889,2026-09-20 04:41:40.965422,13.84,13.5,13.84,13.84,1024,85,0.56,170,79,0.0,Clouds,broken clouds,4
Sásd,46.257222,18.104722,2026-09-20 04:41:42.126644,13.86,13.47,13.86,13.86,1024,83,0.27,147,78,0.0,Clouds,broken clouds,4
Godisa,46.223333,18.104722,2026-09-20 04:41:43.284213,15.4,15.14,15.4,15.4,1024,82,0.23,105,78,0.0,Clouds,broken clouds,4
Abaliget,46.152778,18.073611,2026-09-20 04:41:44.436197,15.01,14.66,15.01,15.01,1024,80,1.07,43,76,0.0,Clouds,broken clouds,4
Hetvehely,46.128333,18.045,2026-09-20 04:41:45.604137,15.2,14.86,15.2,15.2,1024,80,1.33,40,75,0.0,Clouds,broken clouds,4
Bükkösd,46.113056,17.999444,2026-09-20 04:41:46.762324,15.36,15.07,15.36,15.36,1024,81,1.38,40,75,0.0,Clouds,broken clouds,4
Cserdi-Helesfa,46.086667,17.987778,2026-09-20 04:41:47.917473,15.44,15.15,15.44,15.44,1024,81,1.39,39,74,0.0,Clouds,broken clouds,4
Szentlőrinc,46.033333,17.990833,2026-09-20 04:41:49.076274,15.5,15.4,15.5,15.5,1024,88,2.57,310,68,0.0,Clouds,broken clouds,4
Bicsérd,46.041389,18.057778,2026-09-20 04:41:50.235085,15.41,15.3,15.41,15.41,1024,88,2.57,310,68,0.0,Clouds,broken clouds,4
Mecsekalja-Cserkút,46.059722,18.150278,2026-09-20 04:41:51.396281,15.54,15.45,15.54,15.54,1024,88,2.57,310,69,0.0,Clouds,broken clouds,4
Pécs,46.065833,18.223611,2026-09-20 04:41:52.557052,15.46,15.36,15.46,15.46,1024,88,2.57,310,68,0.0,Clouds,broken clouds,4
Pécs-Külváros,46.071667,18.24,2026-09-20 04:41:53.711307,15.43,15.33,15.43,15.43,1024,88,2.57,310,68,0.0,Clouds,broken clouds,4
Pécsbánya-Rendező,46.063333,18.270278,2026-09-20 04:41:54.871691,15.28,15.16,15.28,15.28,1024,88,2.57,310,67,0.0,Clouds,broken clouds,4
Pécsudvard,46.01,18.275556,2026-09-20 04:41:56.025231,15.21,15.08,15.21,15.21,1024,88,2.57,310,56,0.0,Clouds,broken clouds,4
Szőkéd,45.9675,18.29,2026-09-20 04:41:57.178141,15.39,15.28,15.39,15.39,1024,88,2.57,310,39,0.0,Clouds,scattered clouds,4
Áta,45.936389,18.306944,2026-09-20 04:41:58.344121,15.49,15.39,15.49,15.49,1024,88,2.57,310,30,0.0,Clouds,scattered clouds,4
Kistótfalu,45.909722,18.315278,2026-09-20 04:41:59.499424,15.53,15.44,14.43,15.53,1024,88,2.57,310,22,0.0,Clouds,few clouds,4
Vokány,45.899722,18.334722,2026-09-20 04:42:00.658028,15.49,15.39,14.39,15.49,1024,88,2.57,310,21,0.0,Clouds,few clouds,4
Palkonya,45.891667,18.393889,2026-09-20 04:42:01.817779,15.52,15.43,14.42,15.52,1024,88,2.57,310,14,0.0,Clouds,few clouds,4
Villánykövesd,45.879722,18.425833,2026-09-20 04:42:02.990075,15.48,15.38,14.38,15.48,1024,88,2.57,310,13,0.0,Clouds,few clouds,4
Villány,45.8775,18.451389,2026-09-20 04:42:04.149134,15.6,15.41,14.5,15.6,1024,84,1.46,35,10,0.0,Clear,clear sky,4
Magyarbóly,45.834167,18.491944,2026-09-20 04:42:05.309697,14.61,14.4,14.55,15.66,1024,87,1.55,31,8,0.0,Clear,clear sky,4
Magyarszék,46.210278,18.188056,2026-09-20 04:42:06.466429,15.25,14.95,15.25,15.25,1024,81,0.18,93,76,0.0,Clouds,broken clouds,4
Mecsekpölöske,46.224167,18.213056,2026-09-20 04:42:07.622315,15.07,14.75,15.07,15.07,1024,81,0.24,152,76,0.0,Clouds,broken clouds,4
Mecsekjánosi,46.215278,18.241944,2026-09-20 04:42:08.785009,15.06,14.71,15.06,15.06,1024,80,0.21,155,75,0.0,Clouds,broken clouds,4
Komló,46.189167,18.265278,2026-09-20 04:42:09.939616,14.75,14.37,14.75,14.75,1024,80,0.1,119,75,0.0,Clouds,broken clouds,4
Királyegyháza-Rigópuszta,45.989167,17.971667,2026-09-20 04:42:11.100126,15.58,15.36,15.58,15.58,1024,83,0.94,14,58,0.0,Clouds,broken clouds,4
Sumony,45.960833,17.913333,2026-09-20 04:42:12.261202,15.61,15.47,15.61,15.61,1024,86,0.7,344,59,0.0,Clouds,broken clouds,4
Okorág-Kárászpuszta,45.933611,17.864444,2026-09-20 04:42:13.425425,15.62,15.54,15.62,15.62,1024,88,0.71,332,56,0.0,Clouds,broken clouds,4
Kákics,45.904167,17.8525,2026-09-20 04:42:14.589200,14.2,14.0,14.2,14.2,1024,89,0.79,331,53,0.0,Clouds,broken clouds,4
Bóly,45.9375,18.538333,2026-09-20 04:42:15.742159,15.43,15.17,15.43,15.43,1024,82,1.44,34,14,0.0,Clouds,few clouds,4
Mohács,46.0025,18.683333,2026-09-20 04:42:16.897017,14.65,14.29,14.65,14.65,1024,81,1.31,15,13,0.0,Clouds,few clouds,4
Sellye,45.873333,17.858889,2026-09-20 04:42:18.063478,14.22,14.05,14.22,14.22,1024,90,0.81,333,44,0.0,Clouds,scattered clouds,4
Toponár,46.398333,17.840833,2026-09-20 04:42:19.217673,13.6,13.26,13.6,13.6,1024,86,0.25,151,90,0.0,Clouds,overcast clouds,4
Somogyaszaló,46.453611,17.840278,2026-09-20 04:42:20.368992,13.42,13.04,13.42,13.42,1024,85,0.19,118,89,0.0,Clouds,overcast clouds,4
Mernye,46.509444,17.832222,2026-09-20 04:42:21.529137,13.55,13.05,13.55,13.55,1024,80,0.16,63,84,0.0,Clouds,broken clouds,4
Felsőmocsolád,46.556389,17.8225,2026-09-20 04:42:22.686772,13.42,12.88,13.42,13.42,1024,79,0.17,45,80,0.0,Clouds,broken clouds,4
Kisbárapáti,46.615,17.866667,2026-09-20 04:42:23.848959,13.34,12.71,13.34,13.34,1024,76,0.1,24,62,0.0,Clouds,broken clouds,4
Bonnya,46.611389,17.909167,2026-09-20 04:42:25.003440,13.69,13.1,13.69,13.69,1024,76,0.11,15,75,0.0,Clouds,broken clouds,4
Andocs,46.646944,17.8925,2026-09-20 04:42:26.174745,13.09,12.44,13.09,13.09,1024,76,0.04,14,51,0.0,Clouds,broken clouds,4
Karád,46.681111,17.874722,2026-09-20 04:42:27.336276,13.47,12.86,13.47,13.47,1024,76,0.02,270,41,0.0,Clouds,scattered clouds,4
Somogymeggyes,46.720556,17.920556,2026-09-20 04:42:28.490228,13.01,12.46,13.01,13.01,1024,80,0.13,266,38,0.0,Clouds,scattered clouds,4
Kapoly,46.713611,17.977778,2026-09-20 04:42:29.647472,13.42,12.85,13.42,13.42,1024,78,0.3,258,62,0.0,Clouds,broken clouds,4
Tab,46.734167,18.041111,2026-09-20 04:42:30.803238,13.16,12.62,13.16,13.16,1024,80,0.44,250,64,0.0,Clouds,broken clouds,4
Bábonymegyer,46.746095,18.109921,2026-09-20 04:42:31.955017,13.2,12.72,13.2,13.2,1024,82,0.7,262,78,0.0,Clouds,broken clouds,4
Daránypuszta,46.764722,18.143889,2026-09-20 04:42:33.119188,13.34,12.92,13.34,13.34,1024,84,0.87,259,74,0.0,Clouds,broken clouds,4
Som-Nagyberény,46.803056,18.149444,2026-09-20 04:42:34.269329,13.6,13.24,13.6,13.6,1024,85,1.02,245,68,0.0,Clouds,broken clouds,4
Ádánd,46.854444,18.141667,2026-09-20 04:42:35.429588,13.8,13.48,13.8,13.8,1024,86,1.06,234,67,0.0,Clouds,broken clouds,4
Siójut,46.879444,18.126667,2026-09-20 04:42:36.579736,13.86,13.57,13.86,13.86,1024,87,1.01,233,63,0.0,Clouds,broken clouds,4
Kapostüskevár,46.367778,17.774167,2026-09-20 04:42:37.739337,13.79,13.44,13.79,13.79,1024,85,0.13,153,90,0.0,Clouds,overcast clouds,4
Kaposfüred,46.415,17.759444,2026-09-20 04:42:38.898860,13.49,13.14,13.49,13.49,1024,86,0.18,119,89,0.0,Clouds,overcast clouds,4
Várda,46.4625,17.721667,2026-09-20 04:42:40.050370,13.23,12.88,13.23,13.23,1024,87,0.17,83,79,0.0,Clouds,broken clouds,4
Somogyjád,46.490833,17.694444,2026-09-20 04:42:41.206835,13.27,12.98,13.27,13.27,1024,89,0.14,65,71,0.0,Clouds,broken clouds,4
Osztopán,46.515556,17.656944,2026-09-20 04:42:42.364726,13.18,12.9,13.18,13.18,1024,90,0.09,69,68,0.0,Clouds,broken clouds,4
Pamuk,46.553127,17.636412,2026-09-20 04:42:43.524686,13.31,13.02,13.31,13.31,1024,89,0.07,106,56,0.0,Clouds,broken clouds,4
Somogyvár,46.580556,17.634722,2026-09-20 04:42:44.684468,13.35,13.04,13.35,13.35,1024,88,0.11,142,43,0.0,Clouds,scattered clouds,4
Öreglak,46.608607,17.632733,2026-09-20 04:42:45.850811,13.37,13.03,13.37,13.37,1024,87,0.18,161,30,0.0,Clouds,scattered clouds,4
Tatárvár,46.636667,17.621111,2026-09-20 04:42:47.010320,13.25,12.9,13.25,13.25,1024,87,0.34,185,15,0.0,Clouds,few clouds,4
Lengyeltóti,46.660556,17.613611,2026-09-20 04:42:48.160508,13.4,13.02,13.4,13.4,1024,85,0.42,187,8,0.0,Clear,clear sky,4
Pusztaberény,46.686111,17.594722,2026-09-20 04:42:49.318877,13.57,13.18,13.57,13.57,1024,84,0.45,183,5,0.0,Clear,clear sky,4
Örkény,47.132778,19.447222,2026-09-20 04:42:50.476622,13.84,13.29,13.84,13.84,1024,77,0.74,334,72,0.0,Clouds,broken clouds,4
Táborfalva,47.098545,19.479318,2026-09-20 04:42:51.625667,11.88,11.13,11.88,11.88,1024,77,0.8,333,69,0.0,Clouds,broken clouds,4
Felsőlajos,47.068834,19.498415,2026-09-20 04:42:52.790715,11.87,11.12,11.87,11.87,1024,77,0.79,334,68,0.0,Clouds,broken clouds,4
Lajosmizse,47.028333,19.542778,2026-09-20 04:42:53.943467,11.84,11.06,11.84,11.84,1024,76,2.06,290,65,0.0,Clouds,broken clouds,4
Lajosmizse alsó,47.0225,19.550278,2026-09-20 04:42:55.097504,11.85,11.07,11.85,11.85,1024,76,2.06,290,65,0.0,Clouds,broken clouds,4
Klábertelep,47.005556,19.551667,2026-09-20 04:42:56.252955,11.86,11.09,11.86,11.86,1024,76,2.06,290,65,0.0,Clouds,broken clouds,4
Méntelek,46.978611,19.570833,2026-09-20 04:42:57.408410,11.9,11.13,11.9,11.9,1024,76,2.06,290,66,0.0,Clouds,broken clouds,4
Hetényegyháza,46.930833,19.595,2026-09-20 04:42:58.574050,11.92,11.15,11.92,11.92,1024,76,2.06,290,70,0.0,Clouds,broken clouds,4
Kecskemét-Máriaváros,46.901192,19.675913,2026-09-20 04:42:59.732243,11.97,11.21,11.97,11.97,1024,76,2.06,290,75,0.0,Clouds,broken clouds,4
Nyársapát,47.100278,19.7925,2026-09-20 04:43:00.888614,11.99,11.12,11.99,11.99,1024,72,0.89,321,69,0.0,Clouds,broken clouds,4
Nagykőrös,47.038333,19.76,2026-09-20 04:43:02.044357,11.97,11.21,11.97,11.97,1024,76,2.06,290,72,0.0,Clouds,broken clouds,4
Katonatelep,46.963056,19.718889,2026-09-20 04:43:03.199545,11.94,11.17,11.94,11.94,1024,76,2.06,290,71,0.0,Clouds,broken clouds,4
Kecskemét,46.913889,19.700833,2026-09-20 04:43:04.359392,11.97,11.21,11.97,11.97,1024,76,2.06,290,72,0.0,Clouds,broken clouds,4
Városföld,46.816667,19.753333,2026-09-20 04:43:05.531380,12.03,11.27,12.03,12.03,1024,76,2.06,290,80,0.0,Clouds,broken clouds,4
Kiskunfélegyháza,46.7067,19.83474,2026-09-20 04:43:06.687152,17.12,16.77,12.08,17.12,1024,72,0.23,320,58,0.0,Clouds,broken clouds,4
Petőfiszállás,46.617374,19.865229,2026-09-20 04:43:07.846528,17.16,16.81,17.16,17.16,1024,72,0.16,300,73,0.0,Clouds,broken clouds,4
Csengele,46.538321,19.909008,2026-09-20 04:43:09.005472,16.64,16.24,16.64,17.14,1024,72,0.17,280,64,0.0,Clouds,broken clouds,4
Kistelek,46.466944,19.966944,2026-09-20 04:43:10.162670,16.7,16.23,16.7,16.7,1024,69,0.24,272,39,0.0,Clouds,scattered clouds,4
Balástya,46.413333,20.001389,2026-09-20 04:43:11.324506,16.7,16.23,16.7,16.7,1024,69,0.27,266,30,0.0,Clouds,scattered clouds,4
Szatymaz,46.345621,20.04374,2026-09-20 04:43:12.481580,16.72,16.25,16.72,16.72,1024,69,0.45,236,7,0.0,Clear,clear sky,4
Kiskundorozsma,46.271667,20.090556,2026-09-20 04:43:13.640289,16.75,16.28,16.75,16.75,1024,69,0.16,259,0,0.0,Clear,clear sky,4
Szeged,46.239722,20.143056,2026-09-20 04:43:14.794942,16.73,16.26,16.73,16.73,1024,69,0.12,284,2,0.0,Clear,clear sky,4
Alsóúrrét,46.898392,19.779891,2026-09-20 04:43:15.943196,12.01,11.25,12.01,12.01,1024,76,2.06,290,77,0.0,Clouds,broken clouds,4
Nyárlőrinc,46.87,19.851389,2026-09-20 04:43:17.111278,12.05,11.3,12.05,17.08,1024,76,2.06,290,74,0.0,Clouds,broken clouds,4
Világoshegy,46.855278,19.940278,2026-09-20 04:43:18.275533,12.08,11.33,12.08,17.12,1024,76,2.06,290,62,0.0,Clouds,broken clouds,4
Szikra,46.858333,19.975,2026-09-20 04:43:19.442596,12.08,11.33,12.08,17.12,1024,76,2.06,290,62,0.0,Clouds,broken clouds,4
Lakitelek,46.873056,20.003611,2026-09-20 04:43:20.596237,17.17,16.14,12.13,17.17,1024,46,2.06,290,58,0.0,Clouds,broken clouds,4
Tiszaug,46.850556,20.074167,2026-09-20 04:43:21.755159,17.24,16.22,17.24,18.34,1024,46,0.16,320,49,0.0,Clouds,scattered clouds,4
Tiszasas,46.826389,20.089167,2026-09-20 04:43:22.922582,17.22,16.2,17.22,18.32,1024,46,0.16,320,49,0.0,Clouds,scattered clouds,4
Csépa,46.8125,20.134722,2026-09-20 04:43:24.089573,17.22,16.2,17.22,18.32,1023,46,0.15,312,39,0.0,Clouds,scattered clouds,4
Szelevény,46.811944,20.196389,2026-09-20 04:43:25.246801,17.23,16.21,17.23,18.33,1023,46,0.17,315,35,0.0,Clouds,scattered clouds,4
Gátér,46.685,19.9625,2026-09-20 04:43:26.403474,17.22,16.2,17.22,18.32,1024,46,0.18,292,48,0.0,Clouds,scattered clouds,4
Kónyaszék,46.699931,20.074299,2026-09-20 04:43:27.560127,17.23,16.21,17.23,18.34,1023,46,0.13,283,28,0.0,Clouds,scattered clouds,4
Csongrád,46.704444,20.140556,2026-09-20 04:43:28.710673,17.24,16.22,17.24,18.34,1023,46,0.18,289,20,0.0,Clouds,few clouds,4
Hékéd,46.675,20.266667,2026-09-20 04:43:29.873747,18.34,17.38,17.24,18.34,1024,44,0.34,289,6,0.0,Clear,clear sky,4
Fábiánsebestyén,46.670278,20.456667,2026-09-20 04:43:31.031059,18.33,17.37,17.23,18.33,1024,44,0.63,279,1,0.0,Clear,clear sky,4
Gádoros,46.656711,20.588157,2026-09-20 04:43:32.191125,18.32,18.06,18.32,18.32,1024,71,0.91,266,2,0.0,Clear,clear sky,4
Justhmajor,46.62,20.615833,2026-09-20 04:43:33.346696,18.32,18.06,18.32,18.32,1024,71,0.96,259,3,0.0,Clear,clear sky,4
Szentetornya,46.590964,20.628334,2026-09-20 04:43:34.497206,18.31,18.05,18.31,18.31,1024,71,0.92,252,4,0.0,Clear,clear sky,4
Gyopárosfürdő,46.567784,20.630662,2026-09-20 04:43:35.650115,18.3,18.07,18.3,18.3,1024,72,0.89,247,5,0.0,Clear,clear sky,4
Szabadságliget,47.626123,18.893481,2026-09-20 04:43:36.809692,18.17,17.58,18.17,18.17,1024,59,0.21,233,3,0.0,Clear,clear sky,4
Röszke,46.19261,20.03055,2026-09-20 04:43:37.961871,16.75,16.28,16.75,16.75,1024,69,0.12,305,9,0.0,Clear,clear sky,4
Tószeg,47.098056,20.138333,2026-09-20 04:43:39.110463,13.02,12.36,13.02,13.02,1024,76,1.54,320,62,0.0,Clouds,broken clouds,4
Tiszavárkony,47.059444,20.143056,2026-09-20 04:43:40.268778,13.03,12.37,13.03,13.03,1024,76,1.54,320,60,0.0,Clouds,broken clouds,4
Tiszajenő-Vezseny,47.036319,20.142415,2026-09-20 04:43:41.428124,13.03,12.37,13.03,13.03,1024,76,1.54,320,60,0.0,Clouds,broken clouds,4
Újbög,46.962222,20.093889,2026-09-20 04:43:42.598440,12.99,12.28,12.15,12.99,1024,74,0.53,338,57,0.0,Clouds,broken clouds,4
Tiszakécske,46.937512,20.082016,2026-09-20 04:43:43.753555,13.0,12.26,12.16,13.0,1024,73,0.41,335,57,0.0,Clouds,broken clouds,4
Kerekdomb,46.906944,20.052778,2026-09-20 04:43:44.907149,12.16,11.31,12.16,12.99,1024,72,0.31,333,54,0.0,Clouds,broken clouds,4
Tiszaalpár,46.818611,19.982778,2026-09-20 04:43:46.069071,17.16,16.13,17.16,18.27,1024,46,0.17,315,56,0.0,Clouds,broken clouds,4
Tiszaalpár alsó,46.790897,19.951409,2026-09-20 04:43:47.226081,17.16,16.13,17.16,18.27,1024,46,0.19,313,56,0.0,Clouds,broken clouds,4
Tiszatenyő,47.134167,20.3725,2026-09-20 04:43:48.381067,13.02,12.36,13.02,13.02,1024,76,1.54,320,39,0.0,Clouds,scattered clouds,4
Pusztapó,47.091667,20.458333,2026-09-20 04:43:49.548951,13.03,12.37,13.03,13.03,1024,76,1.54,320,28,0.0,Clouds,scattered clouds,4
Kétpó,47.076944,20.487778,2026-09-20 04:43:50.720765,13.03,12.37,13.03,13.03,1024,76,1.54,320,24,0.0,Clouds,few clouds,4
Mezőtúr,47.0125,20.622778,2026-09-20 04:43:51.872434,14.0,13.36,14.0,14.0,1024,73,0.9,319,9,0.0,Clear,clear sky,4
Nagylapos,46.974167,20.750556,2026-09-20 04:43:53.022940,13.99,13.4,13.99,13.99,1024,75,1.01,295,2,0.0,Clear,clear sky,4
Gyoma,46.925833,20.821667,2026-09-20 04:43:54.184489,13.98,13.39,13.98,13.98,1024,75,0.84,282,1,0.0,Clear,clear sky,4
Csárdaszállás,46.861111,20.932778,2026-09-20 04:43:55.348193,13.83,13.25,13.83,13.83,1024,76,0.74,257,1,0.0,Clear,clear sky,4
Mezőberény,46.814722,21.013056,2026-09-20 04:43:56.505522,13.68,13.09,13.68,13.68,1024,76,0.7,266,2,0.0,Clear,clear sky,4
Murony,46.756944,21.038056,2026-09-20 04:43:57.661812,13.54,12.96,13.54,13.54,1024,77,0.64,278,8,0.0,Clear,clear sky,4
Békéscsaba,46.669722,21.081667,2026-09-20 04:43:58.809880,13.3,12.72,13.3,13.3,1024,78,0.24,282,17,0.0,Clouds,few clouds,4
Kétegyháza,46.5325,21.171944,2026-09-20 04:43:59.972262,13.69,13.23,13.69,13.69,1024,81,0.2,357,4,0.0,Clear,clear sky,4
Lőkösháza,46.432222,21.2375,2026-09-20 04:44:01.131043,16.18,15.99,11.05,16.18,1024,82,0.71,38,0,0.0,Clear,clear sky,4
Kengyel,47.089722,20.339722,2026-09-20 04:44:02.293561,13.0,12.34,13.0,13.0,1024,76,1.54,320,41,0.0,Clouds,scattered clouds,4
Bagimajor,47.061111,20.316667,2026-09-20 04:44:03.451082,13.03,12.37,13.03,13.03,1024,76,1.54,320,42,0.0,Clouds,scattered clouds,4
Martfű,47.019444,20.291667,2026-09-20 04:44:04.607071,13.01,12.35,13.01,13.01,1024,76,1.54,320,41,0.0,Clouds,scattered clouds,4
Tiszaföldvár,46.975556,20.276389,2026-09-20 04:44:05.764949,13.01,12.35,13.01,13.01,1024,76,1.54,320,42,0.0,Clouds,scattered clouds,4
Homok,46.9475,20.270278,2026-09-20 04:44:06.919484,13.01,12.35,13.01,17.21,1024,76,1.54,320,39,0.0,Clouds,scattered clouds,4
Kungyalu,46.910833,20.2675,2026-09-20 04:44:08.075386,17.23,16.91,17.23,18.34,1024,73,0.35,316,36,0.0,Clouds,scattered clouds,4
Kunszentmárton,46.848333,20.293333,2026-09-20 04:44:09.235668,17.22,16.2,17.22,18.32,1024,46,0.42,303,22,0.0,Clouds,few clouds,4
Nagytőke,46.763333,20.291667,2026-09-20 04:44:10.394167,18.34,17.38,17.23,18.34,1024,44,0.43,310,11,0.0,Clouds,few clouds,4
Szentes,46.657778,20.2725,2026-09-20 04:44:11.562602,18.34,17.38,17.24,18.34,1024,44,0.38,279,4,0.0,Clear,clear sky,4
Szegvár,46.588611,20.249444,2026-09-20 04:44:12.717861,18.34,17.38,17.24,18.34,1024,44,0.57,268,3,0.0,Clear,clear sky,4
Mindszent,46.524167,20.194167,2026-09-20 04:44:13.870805,18.35,17.39,17.25,18.35,1024,44,0.7,269,5,0.0,Clear,clear sky,4
Mártély,46.473333,20.236111,2026-09-20 04:44:15.024666,18.35,18.15,16.76,18.36,1024,73,0.75,262,3,0.0,Clear,clear sky,4
Pusztabánréve,46.939898,20.556809,2026-09-20 04:44:16.193568,14.1,13.47,14.1,14.1,1024,73,0.68,305,9,0.0,Clear,clear sky,4
Szarvas,46.860833,20.566667,2026-09-20 04:44:17.347557,14.19,13.57,14.19,14.19,1024,73,0.66,288,7,0.0,Clear,clear sky,4
Csabacsűd,46.823056,20.663333,2026-09-20 04:44:18.502407,14.2,13.58,14.2,14.2,1024,73,0.73,276,6,0.0,Clear,clear sky,4
Kisszénás,46.751389,20.721389,2026-09-20 04:44:19.658271,14.14,13.49,14.14,14.14,1024,72,0.96,272,4,0.0,Clear,clear sky,4
Kiscsákó,46.719167,20.717778,2026-09-20 04:44:20.819767,14.14,13.49,14.14,14.14,1024,72,1.11,274,3,0.0,Clear,clear sky,4
Nagyszénás,46.672778,20.674167,2026-09-20 04:44:21.976125,14.19,13.54,14.19,14.19,1024,72,1.11,270,2,0.0,Clear,clear sky,4
Kardoskút,46.498056,20.6975,2026-09-20 04:44:23.129845,14.25,13.64,14.25,14.25,1024,73,0.62,234,6,0.0,Clear,clear sky,4
Tótkomlós,46.409167,20.726944,2026-09-20 04:44:24.280114,14.21,13.64,14.21,14.21,1024,75,0.35,283,3,0.0,Clear,clear sky,4
Nagyér,46.365278,20.738333,2026-09-20 04:44:25.454318,14.23,13.69,14.23,14.23,1024,76,0.51,336,1,0.0,Clear,clear sky,4
Pitvaros,46.326175,20.746446,2026-09-20 04:44:26.616859,14.21,13.72,14.21,14.21,1024,78,0.77,351,0,0.0,Clear,clear sky,4
Dévaványa,47.033889,20.943333,2026-09-20 04:44:27.781820,13.86,13.29,13.86,13.86,1024,76,0.88,263,2,0.0,Clear,clear sky,4
Körösladány,46.97,21.085833,2026-09-20 04:44:28.942235,13.79,13.21,13.79,13.79,1024,76,0.73,227,1,0.0,Clear,clear sky,4
Szeghalom,47.015278,21.148333,2026-09-20 04:44:30.099532,13.77,13.21,13.77,13.77,1024,77,0.8,230,1,0.0,Clear,clear sky,4
Vésztő,46.938889,21.263611,2026-09-20 04:44:31.256069,13.66,13.12,13.66,13.66,1024,78,0.6,181,3,0.0,Clear,clear sky,4
Szeged-Rókus,46.266111,20.125278,2026-09-20 04:44:32.418781,16.75,16.28,16.75,16.75,1024,69,0.12,261,1,0.0,Clear,clear sky,4
Algyő,46.335556,20.196111,2026-09-20 04:44:33.569817,16.77,16.57,16.77,16.77,1024,79,0.32,234,2,0.0,Clear,clear sky,4
Hódmezővásárhelyi Népkert,46.403333,20.312778,2026-09-20 04:44:34.724125,18.35,18.2,18.35,18.35,1024,75,0.63,252,0,0.0,Clear,clear sky,4
Hódmezővásárhely,46.413333,20.34,2026-09-20 04:44:35.877479,18.34,18.19,18.34,18.34,1024,75,0.58,252,0,0.0,Clear,clear sky,4
Körmend,47.016389,16.599167,2026-09-20 04:44:37.034355,12.94,12.74,12.94,12.94,1024,94,1.3,250,2,0.0,Clear,clear sky,4
Szentgotthárd,46.957222,16.263056,2026-09-20 04:44:38.188559,12.95,12.7,12.95,12.95,1024,92,1.07,258,6,0.0,Clear,clear sky,4
Szombathely,47.237778,16.6325,2026-09-20 04:44:39.342022,12.75,12.35,12.75,12.75,1024,87,1.0,286,0,0.0,Clear,clear sky,4
Sáferkút,48.010278,19.071389,2026-09-20 04:44:40.499310,13.07,12.42,13.07,13.07,1024,76,1.03,221,0,0.0,Clear,clear sky,4
Magdolnavölgy,47.6475,18.818889,2026-09-20 04:44:41.655469,18.16,18.02,18.16,18.16,1024,76,0.23,185,2,0.0,Clear,clear sky,4
Haris,46.964722,16.2825,2026-09-20 04:44:42.812458,12.97,12.75,12.97,12.97,1024,93,1.08,255,5,0.0,Clear,clear sky,4
Egyházasrádóc,47.091389,16.62,2026-09-20 04:44:43.963217,12.73,12.43,12.73,12.73,1024,91,1.45,257,2,0.0,Clear,clear sky,4
Alsórönök,46.964167,16.379444,2026-09-20 04:44:45.113678,12.96,12.74,12.96,12.96,1024,93,1.06,254,3,0.0,Clear,clear sky,4
Szombathely-Szőlős,47.206389,16.641667,2026-09-20 04:44:46.271710,12.83,12.47,12.83,12.83,1024,88,1.13,276,0,0.0,Clear,clear sky,4
Rátót,46.9675,16.433056,2026-09-20 04:44:47.430695,12.8,12.56,12.8,12.8,1024,93,1.08,253,1,0.0,Clear,clear sky,4
Ják-Balogunyom,47.161389,16.630556,2026-09-20 04:44:48.585691,12.92,12.59,12.92,12.92,1024,89,1.45,257,1,0.0,Clear,clear sky,4
Vasvár,47.056944,16.800278,2026-09-20 04:44:49.748425,12.98,12.76,12.98,12.98,1024,93,1.45,243,2,0.0,Clear,clear sky,4
Répcelak,47.418889,17.008889,2026-09-20 04:44:50.910284,13.13,12.8,13.13,13.13,1024,88,0.53,242,1,0.0,Clear,clear sky,4
Rajka,47.995556,17.191389,2026-09-20 04:44:52.063459,15.61,15.16,12.01,15.61,1024,74,1.03,10,15,0.0,Clouds,few clouds,4
Püspökmolnári,47.086111,16.7675,2026-09-20 04:44:53.225382,12.97,12.75,12.97,12.97,1024,93,1.69,234,2,0.0,Clear,clear sky,4
Kőszeg,47.382222,16.556389,2026-09-20 04:44:54.381137,12.12,11.63,12.12,12.12,1024,86,1.4,292,2,0.0,Clear,clear sky,4
Kastélypark,47.390278,18.988333,2026-09-20 04:44:55.539900,18.96,18.45,10.29,18.96,1024,59,0.48,349,8,0.0,Clear,clear sky,4
Hanságliget,47.72,17.215556,2026-09-20 04:44:56.696141,13.22,12.95,13.22,13.22,1024,90,0.07,225,6,0.0,Clear,clear sky,4
Vica,47.477778,17.111944,2026-09-20 04:44:57.848872,13.17,12.84,13.17,13.17,1024,88,0.48,193,1,0.0,Clear,clear sky,4
Vép,47.235833,16.7275,2026-09-20 04:44:59.003442,12.84,12.48,12.84,12.84,1024,88,0.82,270,0,0.0,Clear,clear sky,4
Mosonszolnok,47.8525,17.160278,2026-09-20 04:45:00.167720,13.23,12.91,13.23,13.23,1024,88,0.79,328,16,0.0,Clouds,few clouds,4
Jánossomorja,47.789167,17.1375,2026-09-20 04:45:01.328399,13.26,12.99,13.26,13.26,1024,90,0.23,319,10,0.0,Clear,clear sky,4
Bősárkány,47.685556,17.234167,2026-09-20 04:45:02.493199,13.23,12.93,13.23,13.23,1024,89,0.18,202,4,0.0,Clear,clear sky,4
Szil-Sopronnémeti,47.533333,17.209444,2026-09-20 04:45:03.651361,11.15,10.62,11.15,11.15,1024,88,0.54,191,1,0.0,Clear,clear sky,4
Magyarkeresztúr-Zsebeháza,47.514167,17.176111,2026-09-20 04:45:04.809462,11.14,10.61,11.14,11.14,1024,88,0.53,189,2,0.0,Clear,clear sky,4
Páli-Vadosfa,47.4925,17.137778,2026-09-20 04:45:05.970969,13.18,12.85,13.18,13.18,1024,88,0.5,188,1,0.0,Clear,clear sky,4
Beled,47.466667,17.084444,2026-09-20 04:45:07.127052,13.17,12.84,13.17,13.17,1024,88,0.48,193,1,0.0,Clear,clear sky,4
Dénesfa,47.448611,17.054722,2026-09-20 04:45:08.288980,13.16,12.83,13.16,13.16,1024,88,0.43,226,1,0.0,Clear,clear sky,4
Csánig,47.430278,17.026111,2026-09-20 04:45:09.445913,13.16,12.83,13.16,13.16,1024,88,0.45,246,1,0.0,Clear,clear sky,4
Vámoscsalád,47.385556,16.961667,2026-09-20 04:45:10.605041,13.1,12.76,13.1,13.1,1024,88,0.7,271,1,0.0,Clear,clear sky,4
Vasegerszeg,47.375,16.928889,2026-09-20 04:45:11.762057,13.07,12.73,13.07,13.07,1024,88,0.86,291,1,0.0,Clear,clear sky,4
Hegyfalu,47.357778,16.898333,2026-09-20 04:45:12.920351,13.07,12.73,13.07,13.07,1024,88,0.86,291,1,0.0,Clear,clear sky,4
Pósfa,47.326944,16.855833,2026-09-20 04:45:14.079364,13.06,12.72,13.06,13.06,1024,88,0.79,296,1,0.0,Clear,clear sky,4
Ölbő-Alsószeleste,47.300556,16.843056,2026-09-20 04:45:15.231714,12.81,12.44,12.81,12.81,1024,88,0.63,293,1,0.0,Clear,clear sky,4
Gencsapáti felső,47.299722,16.593889,2026-09-20 04:45:16.390377,12.51,12.06,12.51,12.51,1024,86,1.08,305,2,0.0,Clear,clear sky,4
Lukácsháza alsó,47.326389,16.586389,2026-09-20 04:45:17.543922,12.38,11.92,12.38,12.38,1024,86,1.21,300,2,0.0,Clear,clear sky,4
Kőszegfalva,47.361667,16.567778,2026-09-20 04:45:18.695609,12.3,11.83,12.3,12.3,1024,86,1.31,296,2,0.0,Clear,clear sky,4
Gyöngyöshermán,47.202778,16.657222,2026-09-20 04:45:19.857480,12.83,12.47,12.83,12.83,1024,88,1.13,276,0,0.0,Clear,clear sky,4
Bezenye,47.973611,17.207222,2026-09-20 04:45:21.016082,15.62,15.48,12.02,15.62,1024,86,1.67,308,18,0.0,Clouds,few clouds,4
Kámon,47.254534,16.625769,2026-09-20 04:45:22.170213,12.7,12.3,12.7,12.7,1024,87,0.91,295,1,0.0,Clear,clear sky,4
Sorkifalud,47.1375,16.719167,2026-09-20 04:45:23.329337,12.96,12.69,12.96,12.96,1024,91,1.66,236,1,0.0,Clear,clear sky,4
Szentléránt,47.12,16.735556,2026-09-20 04:45:24.495820,12.96,12.69,12.96,12.96,1024,91,1.66,236,1,0.0,Clear,clear sky,4
Pácsony,47.009722,16.833611,2026-09-20 04:45:25.650632,12.95,12.7,12.95,12.95,1024,92,1.23,268,2,0.0,Clear,clear sky,4
Győrvár,46.99,16.840556,2026-09-20 04:45:26.806850,12.95,12.7,12.95,12.95,1024,92,1.23,268,2,0.0,Clear,clear sky,4
Egervár-Vasboldogasszony,46.942222,16.862222,2026-09-20 04:45:27.968774,13.2,12.98,13.2,13.2,1024,92,1.07,275,2,0.0,Clear,clear sky,4
Zalaszentlőrinc,46.913889,16.8775,2026-09-20 04:45:29.132183,13.18,12.96,13.18,13.18,1024,92,0.99,273,2,0.0,Clear,clear sky,4
Gencsapáti alsó,47.285833,16.6,2026-09-20 04:45:30.287740,12.61,12.17,12.61,12.61,1024,86,1.0,308,1,0.0,Clear,clear sky,4
Gyöngyösfalu,47.316111,16.59,2026-09-20 04:45:31.446029,12.51,12.06,12.51,12.51,1024,86,1.08,305,2,0.0,Clear,clear sky,4
Lukácsháza,47.341111,16.580556,2026-09-20 04:45:32.600550,12.33,11.86,12.33,12.33,1024,86,1.18,302,2,0.0,Clear,clear sky,4
Horvátnádalja,47.005278,16.544444,2026-09-20 04:45:33.753728,12.97,12.78,12.97,12.97,1024,94,1.18,252,1,0.0,Clear,clear sky,4
Csákánydoroszló,46.978333,16.499722,2026-09-20 04:45:34.912769,12.97,12.75,12.97,12.97,1024,93,1.09,254,1,0.0,Clear,clear sky,4
Váckisújfalu,47.705,19.340278,2026-09-20 04:45:36.073765,13.33,12.83,13.33,13.33,1024,81,0.19,254,14,0.0,Clouds,few clouds,4
Csisztafürdő,46.681411,17.561797,2026-09-20 04:45:37.230630,13.59,13.3,13.59,13.59,1024,88,0.79,192,0,0.0,Clear,clear sky,4
Mórágy,46.236021,18.627255,2026-09-20 04:45:38.385078,14.11,13.59,14.11,14.11,1024,77,0.5,304,56,0.0,Clouds,broken clouds,4
Kismacs,47.551111,21.542778,2026-09-20 04:45:39.540323,10.9,10.19,10.9,10.9,1024,82,1.03,150,1,0.0,Clear,clear sky,4
Pusztaszentistván,47.439869,19.470254,2026-09-20 04:45:40.693280,9.84,9.84,9.84,9.84,1024,87,1.03,0,38,0.0,Clouds,scattered clouds,4
Aranyvölgy,47.573795,19.017489,2026-09-20 04:45:41.848880,18.81,18.29,10.14,18.81,1024,59,0.89,276,6,0.0,Clear,clear sky,4
Szélhegy,47.601111,18.928056,2026-09-20 04:45:43.007466,18.45,17.89,18.45,18.45,1024,59,0.43,278,5,0.0,Clear,clear sky,4
Vörösvárbánya,47.61,18.913611,2026-09-20 04:45:44.159814,18.41,17.85,18.41,18.41,1024,59,0.43,278,5,0.0,Clear,clear sky,4
Máriaszőlőtelep,46.702778,17.411911,2026-09-20 04:45:45.318097,11.1,10.69,11.1,11.1,1024,93,1.54,280,2,0.0,Clear,clear sky,4
Akadémiaújtelep,47.485724,19.22294,2026-09-20 04:45:46.471611,10.1,9.44,10.1,18.77,1024,87,1.03,0,5,0.0,Clear,clear sky,4
Újpalota,47.5316,19.126206,2026-09-20 04:45:47.634735,18.86,18.34,10.19,18.86,1024,59,1.03,0,7,0.0,Clear,clear sky,4
"Szeged, Somogyi utca",46.250464,20.147713,2026-09-20 04:45:48.784586,16.71,16.24,16.71,16.71,1024,69,0.14,253,1,0.0,Clear,clear sky,4
"Hódmezővásárhely, Hősök tere",46.412183,20.31759,2026-09-20 04:45:49.946097,18.34,18.19,18.34,18.34,1024,75,0.63,252,0,0.0,Clear,clear sky,4
"Hódmezővásárhely, Kossuth tér",46.41465,20.319727,2026-09-20 04:45:51.093294,18.34,18.19,18.34,18.34,1024,75,0.63,252,0,0.0,Clear,clear sky,4
"Hódmezővásárhely, Strandfürdő",46.409147,20.315671,2026-09-20 04:45:52.241261,18.34,18.19,18.34,18.34,1024,75,0.63,252,0,0.0,Clear,clear sky,4
"Szeged, Széchenyi tér",46.252683,20.14935,2026-09-20 04:45:53.389150,16.71,16.24,16.71,16.71,1024,69,0.14,253,1,0.0,Clear,clear sky,4
"Szeged, Anna-kút",46.256184,20.147587,2026-09-20 04:45:54.540438,16.71,16.24,16.71,16.71,1024,69,0.14,253,1,0.0,Clear,clear sky,4
"Szeged, Rókusi templom",46.259255,20.141771,2026-09-20 04:45:55.702851,16.73,16.26,16.73,16.73,1024,69,0.14,253,1,0.0,Clear,clear sky,4
"Hódmezővásárhely, Kálvin János tér",46.416677,20.328532,2026-09-20 04:45:56.863989,18.34,18.19,18.34,18.34,1024,75,0.58,252,0,0.0,Clear,clear sky,4
Hódmezővásárhely vasútállomás,46.413242,20.338701,2026-09-20 04:45:58.013243,18.34,18.19,18.34,18.34,1024,75,0.58,252,0,0.0,Clear,clear sky,4
"Szeged, Tavasz utca",46.260715,20.139055,2026-09-20 04:45:59.157470,16.73,16.26,16.73,16.73,1024,69,0.14,253,1,0.0,Clear,clear sky,4
"Szeged, Damjanich utca",46.262753,20.135248,2026-09-20 04:46:00.307634,16.73,16.26,16.73,16.73,1024,69,0.14,253,1,0.0,Clear,clear sky,4
"Szeged, Vásárhelyi Pál utca",46.264173,20.131109,2026-09-20 04:46:01.468101,16.75,16.28,16.75,16.75,1024,69,0.14,253,1,0.0,Clear,clear sky,4
"Szeged, Bécsi körút ",46.243459,20.143809,2026-09-20 04:46:02.617230,16.73,16.26,16.73,16.73,1024,69,0.12,284,2,0.0,Clear,clear sky,4
Hódmezővásárhelyi Népkert vasútállomás,46.403733,20.312986,2026-09-20 04:46:03.760565,18.35,18.2,18.35,18.35,1024,75,0.63,252,0,0.0,Clear,clear sky,4
Szeged vasútállomás,46.239789,20.142561,2026-09-20 04:46:04.910433,16.73,16.26,16.73,16.73,1024,69,0.12,284,2,0.0,Clear,clear sky,4
"Szeged, Bem utca",46.240198,20.141247,2026-09-20 04:46:06.055808,16.73,16.26,16.73,16.73,1024,69,0.12,284,2,0.0,Clear,clear sky,4
"Szeged, Galamb utca",46.24153,20.142297,2026-09-20 04:46:07.200304,16.73,16.26,16.73,16.73,1024,69,0.12,284,2,0.0,Clear,clear sky,4
"Szeged, Aradi vértanúk tere",46.247839,20.147,2026-09-20 04:46:08.343535,16.71,16.24,16.71,16.71,1024,69,0.14,253,1,0.0,Clear,clear sky,4
"Szeged, Pulz utca",46.264452,20.126061,2026-09-20 04:46:09.491157,16.75,16.28,16.75,16.75,1024,69,0.14,253,1,0.0,Clear,clear sky,4
"Szeged, Rókus vasútállomás",46.266107,20.125686,2026-09-20 04:46:10.643153,16.75,16.28,16.75,16.75,1024,69,0.12,261,1,0.0,Clear,clear sky,4
Látókép,47.55787,21.524373,2026-09-20 04:46:11.804977,10.88,10.16,10.88,10.88,1024,82,1.03,150,1,0.0,Clear,clear sky,4
Szentmihálytelek,46.2229,20.0808,2026-09-20 04:46:12.960607,16.75,16.28,16.75,16.75,1024,69,0.11,292,3,0.0,Clear,clear sky,4
Kisvarsány,48.144356,22.297397,2026-09-20 04:46:14.119521,12.83,12.44,12.83,12.83,1024,87,1.38,151,0,0.0,Clear,clear sky,4
