station_name,station_lat,station_lon,observation_time,temp,feels_like,temp_min,temp_max,pressure,humidity,wind_speed,wind_deg,clouds,precipitation_1h,weather_main,weather_description,collection_hour
Búcsúszentlászló,46.793056,16.932778,2026-07-23 18:41:07.763873,19.7,19.08,19.7,19.7,1015,52,3.79,341,100,0.0,Clouds,overcast clouds,18
Angyalföld,47.549722,19.09,2026-07-23 18:41:08.962029,19.14,18.55,18.31,20.98,1013,55,1.79,285,0,0.0,Clear,clear sky,18
Felsőjánosfa,46.841389,16.544167,2026-07-23 18:41:10.175455,19.15,18.64,19.15,19.15,1015,58,1.35,228,99,0.0,Clouds,overcast clouds,18
Pankasz,46.835833,16.496111,2026-07-23 18:41:11.375148,18.78,18.28,18.78,18.78,1015,60,1.8,223,100,0.0,Clouds,overcast clouds,18
Nagyrákos,46.827222,16.455556,2026-07-23 18:41:12.585389,18.71,18.2,18.71,18.71,1015,60,2.0,223,99,0.0,Clouds,overcast clouds,18
Őriszentpéter,46.828889,16.415278,2026-07-23 18:41:13.780410,18.73,18.28,18.73,18.73,1015,62,2.3,223,94,0.0,Clouds,overcast clouds,18
Törökbálint,47.45,18.908611,2026-07-23 18:41:14.979808,20.0,19.44,18.08,20.75,1013,53,2.24,275,0,0.0,Clear,clear sky,18
Bicske alsó,47.486389,18.642778,2026-07-23 18:41:16.182173,20.56,20.06,18.56,20.64,1013,53,5.27,327,0,0.0,Clear,clear sky,18
Bajánsenye,46.818056,16.358056,2026-07-23 18:41:17.382078,18.75,18.35,18.75,18.75,1015,64,2.62,221,95,0.0,Clouds,overcast clouds,18
Aquincum,47.566218,19.048273,2026-07-23 18:41:18.579585,19.07,18.49,18.34,21.0,1013,56,1.79,285,0,0.0,Clear,clear sky,18
Piliscsév,47.673889,18.791389,2026-07-23 18:41:19.786198,17.74,17.45,17.21,20.59,1013,72,4.42,337,9,0.0,Clear,clear sky,18
Tát,47.741201,18.64783,2026-07-23 18:41:20.982397,17.62,16.9,17.62,17.62,1013,56,4.69,342,11,0.0,Clouds,few clouds,18
Süttő felső,47.756667,18.437222,2026-07-23 18:41:22.179682,18.25,17.59,18.25,18.25,1013,56,5.04,338,4,0.0,Clear,clear sky,18
Budatétény,47.405,19.016389,2026-07-23 18:41:23.380126,20.17,19.63,18.38,21.04,1013,53,2.24,275,1,0.0,Clear,clear sky,18
Seregélyes-Szőlőhegy,47.119444,18.612222,2026-07-23 18:41:24.586074,18.44,17.72,18.44,18.44,1013,53,2.36,320,0,17.65,Rain,very heavy rain,18
Gödöllő-Állami telepek,47.564444,19.375556,2026-07-23 18:41:25.790248,19.42,18.62,17.82,20.02,1013,46,3.88,329,0,0.0,Clear,clear sky,18
Dunakeszi alsó,47.607778,19.128889,2026-07-23 18:41:27.003751,19.06,18.51,18.3,20.97,1013,57,0.89,251,0,0.0,Clear,clear sky,18
Vác-Alsóváros,47.773056,19.149722,2026-07-23 18:41:28.196731,18.28,17.68,17.58,18.28,1013,58,3.75,331,0,0.0,Clear,clear sky,18
Szob alsó,47.816667,18.8725,2026-07-23 18:41:29.646964,17.61,16.94,17.61,17.61,1013,58,3.3,338,9,0.0,Clear,clear sky,18
Zalaszentmihály-Pacsa,46.7225,16.951944,2026-07-23 18:41:31.237568,19.61,19.06,19.61,19.61,1015,55,3.33,338,99,0.0,Clouds,overcast clouds,18
Pötréte,46.682778,16.9575,2026-07-23 18:41:32.437267,19.47,18.99,19.47,19.47,1015,58,2.76,332,98,0.0,Clouds,overcast clouds,18
Felsőrajk,46.667222,16.982778,2026-07-23 18:41:33.629502,19.46,18.98,19.46,19.46,1015,58,2.98,332,98,0.0,Clouds,overcast clouds,18
Gelse,46.600556,16.982778,2026-07-23 18:41:34.883376,19.08,18.71,19.08,19.08,1015,64,1.97,312,99,0.0,Clouds,overcast clouds,18
Őrtilos,46.297778,16.887778,2026-07-23 18:41:36.168429,18.01,17.96,18.01,18.01,1015,80,2.78,162,100,0.0,Clouds,overcast clouds,18
Zákány,46.251944,16.9425,2026-07-23 18:41:37.366223,17.79,17.71,17.79,17.79,1015,80,3.14,154,100,1.85,Rain,moderate rain,18
Berzence,46.201389,17.143611,2026-07-23 18:41:38.566841,17.87,17.88,17.87,17.87,1015,83,2.86,164,100,1.78,Rain,moderate rain,18
Somogyudvarhely,46.163333,17.179722,2026-07-23 18:41:39.817793,17.76,17.78,17.76,17.76,1015,84,2.54,163,100,1.08,Rain,moderate rain,18
Bélavár,46.122778,17.207778,2026-07-23 18:41:41.009657,17.71,17.76,17.71,17.71,1015,85,1.74,149,100,4.18,Rain,heavy intensity rain,18
Vízvár,46.101389,17.239444,2026-07-23 18:41:42.219807,17.55,17.61,17.55,17.55,1015,86,1.19,143,100,5.05,Rain,heavy intensity rain,18
Babócsa,46.028359,17.342276,2026-07-23 18:41:43.426137,17.37,17.46,17.37,17.37,1016,88,0.48,276,100,13.22,Rain,heavy intensity rain,18
Péterhida-Komlósd,46.006667,17.358056,2026-07-23 18:41:44.625055,17.31,17.42,17.31,17.31,1016,89,1.07,296,100,18.45,Rain,very heavy rain,18
Barcs,45.951944,17.446944,2026-07-23 18:41:45.816597,16.99,17.12,16.99,16.99,1016,91,3.01,289,100,5.63,Rain,heavy intensity rain,18
Barcs felső,45.958333,17.486389,2026-07-23 18:41:47.023700,16.82,16.93,16.82,16.82,1016,91,3.66,284,100,9.52,Rain,heavy intensity rain,18
Középrigóc,45.970556,17.525,2026-07-23 18:41:48.223055,16.68,16.81,16.68,16.68,1016,92,4.26,281,100,9.22,Rain,heavy intensity rain,18
Darány,45.992222,17.598611,2026-07-23 18:41:49.420488,16.71,16.81,16.71,16.71,1015,91,5.73,275,100,4.47,Rain,heavy intensity rain,18
Kisdobsza,46.012222,17.668056,2026-07-23 18:41:50.615617,16.89,16.96,16.89,16.89,1015,89,6.11,273,100,3.58,Rain,moderate rain,18
Nemeske,46.023333,17.705278,2026-07-23 18:41:51.817309,16.94,17.01,16.94,16.94,1015,89,6.21,273,100,1.51,Rain,moderate rain,18
Molvány,46.035278,17.748611,2026-07-23 18:41:53.022603,17.18,17.17,17.18,17.18,1015,85,5.86,273,100,0.36,Rain,light rain,18
Szigetvár,46.043333,17.801944,2026-07-23 18:41:54.223438,17.2,17.14,17.2,17.2,1015,83,5.71,273,100,0.18,Rain,light rain,18
Nagypeterd,46.039444,17.871667,2026-07-23 18:41:55.425377,17.37,17.25,17.37,17.37,1015,80,5.27,273,100,0.68,Rain,light rain,18
Szentdénes,46.036667,17.926944,2026-07-23 18:41:56.635398,17.4,17.23,17.4,17.4,1015,78,4.98,273,100,1.88,Rain,moderate rain,18
Háros,47.412222,19.035,2026-07-23 18:41:57.848613,20.14,19.59,18.34,21.0,1013,53,2.24,275,1,0.0,Clear,clear sky,18
Nagytétény-Diósd,47.398333,18.974444,2026-07-23 18:41:59.065415,20.17,19.65,18.37,21.03,1013,54,2.24,275,2,0.0,Clear,clear sky,18
Érdliget,47.390278,18.937778,2026-07-23 18:42:00.335124,20.11,19.56,18.28,20.95,1013,53,2.24,275,2,0.0,Clear,clear sky,18
Érd felső,47.381111,18.922222,2026-07-23 18:42:01.539446,20.25,19.71,18.25,20.92,1013,53,2.24,275,1,0.0,Clear,clear sky,18
Érd,47.369722,18.900833,2026-07-23 18:42:02.734526,20.26,19.73,18.21,20.88,1013,53,4.11,303,2,0.0,Clear,clear sky,18
Százhalombatta,47.322222,18.899167,2026-07-23 18:42:03.986918,20.26,19.65,18.2,20.87,1013,50,3.79,301,2,0.0,Clear,clear sky,18
Dunai Finomító,47.294444,18.878889,2026-07-23 18:42:05.188336,20.35,19.75,20.13,20.7,1013,50,3.49,303,1,0.0,Clear,clear sky,18
Ercsi,47.247222,18.875278,2026-07-23 18:42:06.387178,20.55,20.02,20.36,20.93,1013,52,3.3,302,0,0.0,Clear,clear sky,18
Iváncsa,47.177778,18.811944,2026-07-23 18:42:07.588582,18.3,17.57,18.3,18.3,1013,53,2.67,308,0,0.0,Clear,clear sky,18
Pusztaszabolcs,47.139722,18.761667,2026-07-23 18:42:08.852955,18.39,17.67,18.39,18.39,1013,53,2.55,315,0,0.0,Clear,clear sky,18
Szabadegyháza,47.082778,18.704167,2026-07-23 18:42:10.047528,18.4,17.65,18.4,18.4,1013,52,2.64,323,0,0.13,Rain,light rain,18
Sárosd,47.039722,18.660278,2026-07-23 18:42:11.244824,18.49,17.75,18.49,18.49,1013,52,2.79,328,0,0.0,Clear,clear sky,18
Nagylók,46.979444,18.635833,2026-07-23 18:42:12.443435,18.41,17.64,18.41,18.41,1013,51,3.24,335,11,0.0,Clouds,few clouds,18
Sárbogárd,46.896944,18.611944,2026-07-23 18:42:13.645004,18.7,17.93,18.7,18.7,1013,50,3.58,339,45,0.0,Clouds,scattered clouds,18
Rétszilas,46.814167,18.601389,2026-07-23 18:42:14.846528,18.84,18.03,18.84,18.84,1013,48,3.7,341,82,0.0,Clouds,broken clouds,18
Nagyatád,46.228611,17.354167,2026-07-23 18:42:16.051721,17.92,17.86,17.92,17.92,1015,80,3.19,217,100,3.28,Rain,moderate rain,18
Budapest-Keleti,47.500278,19.084167,2026-07-23 18:42:17.242260,19.68,19.14,18.14,20.95,1013,55,2.24,302,0,0.0,Clear,clear sky,18
Ferencváros,47.468611,19.088056,2026-07-23 18:42:18.438964,19.87,19.32,18.3,20.97,1013,54,2.24,275,0,0.0,Clear,clear sky,18
Budapest-Nyugati,47.510833,19.0575,2026-07-23 18:42:19.646497,19.52,18.96,18.3,20.96,1013,55,2.24,275,0,0.0,Clear,clear sky,18
Kőbánya felső,47.491944,19.133889,2026-07-23 18:42:20.850150,19.6,19.03,18.23,20.89,1013,54,0.89,303,0,0.0,Clear,clear sky,18
Rákos,47.488889,19.174722,2026-07-23 18:42:22.055477,19.6,19.0,18.19,20.85,1013,53,0.89,303,0,0.0,Clear,clear sky,18
Rákosrendező,47.525556,19.089444,2026-07-23 18:42:23.253211,19.39,18.82,18.33,20.99,1013,55,1.79,284,0,0.0,Clear,clear sky,18
Zugló,47.511389,19.101389,2026-07-23 18:42:24.654260,19.51,18.93,18.29,20.96,1013,54,1.79,284,0,0.0,Clear,clear sky,18
Mezőtárkány,47.725,20.480278,2026-07-23 18:42:25.857111,19.34,18.87,19.34,19.34,1012,59,3.47,302,0,0.0,Clear,clear sky,18
Istvántelek,47.550278,19.106389,2026-07-23 18:42:27.314254,19.2,18.61,18.32,20.98,1013,55,0.89,251,0,0.0,Clear,clear sky,18
Rákospalota-Újpest,47.565833,19.111944,2026-07-23 18:42:28.658383,19.13,18.53,18.31,20.98,1013,55,0.89,251,0,0.0,Clear,clear sky,18
Kőbánya alsó,47.483056,19.127222,2026-07-23 18:42:29.853142,19.66,19.07,18.24,20.9,1013,53,2.24,275,0,0.0,Clear,clear sky,18
Kőbánya-Kispest,47.463889,19.149444,2026-07-23 18:42:31.064137,19.75,19.16,18.24,20.9,1013,53,0.89,303,0,0.0,Clear,clear sky,18
Pestszentlőrinc,47.454722,19.182778,2026-07-23 18:42:32.260664,19.73,19.12,18.18,20.85,1013,52,3.57,307,1,0.0,Clear,clear sky,18
Kispest,47.448135,19.157552,2026-07-23 18:42:33.457993,19.82,19.24,18.25,20.91,1013,53,0.89,303,1,0.0,Clear,clear sky,18
Újpest,47.558889,19.079722,2026-07-23 18:42:34.657672,19.03,18.45,18.32,20.98,1013,56,1.79,284,0,0.0,Clear,clear sky,18
Pestszentimre felső,47.413611,19.173333,2026-07-23 18:42:35.855064,19.94,19.35,18.27,20.94,1013,52,3.62,304,1,0.0,Clear,clear sky,18
Dunakeszi,47.626111,19.136111,2026-07-23 18:42:37.048685,18.96,18.4,18.21,20.41,1013,57,0.89,251,0,0.0,Clear,clear sky,18
Dunakeszi-Gyártelep,47.643611,19.135,2026-07-23 18:42:38.248321,18.68,18.12,18.26,20.46,1013,58,3.71,329,0,0.0,Clear,clear sky,18
Alsógöd,47.676944,19.134444,2026-07-23 18:42:39.458489,18.67,18.19,18.25,20.45,1013,61,3.75,330,0,0.0,Clear,clear sky,18
Göd,47.687778,19.1375,2026-07-23 18:42:40.651291,18.49,17.96,18.16,20.64,1013,60,3.78,331,0,0.0,Clear,clear sky,18
Felsőgöd,47.705556,19.143333,2026-07-23 18:42:41.862090,18.41,17.9,17.61,20.51,1013,61,3.78,331,0,0.0,Clear,clear sky,18
Sződ-Sződliget,47.728056,19.154722,2026-07-23 18:42:43.048362,18.29,17.74,18.16,18.89,1013,60,3.79,331,0,0.0,Clear,clear sky,18
Vác,47.782778,19.133056,2026-07-23 18:42:44.247094,18.28,17.68,17.58,18.28,1013,58,3.75,331,0,0.0,Clear,clear sky,18
Verőce,47.823889,19.029444,2026-07-23 18:42:45.448409,18.12,17.55,17.41,18.12,1013,60,2.83,325,1,0.0,Clear,clear sky,18
Kismaros,47.8275,19.010278,2026-07-23 18:42:46.648422,17.54,16.92,17.54,17.54,1013,60,2.78,326,3,0.0,Clear,clear sky,18
Nagymaros-Visegrád,47.791389,18.959167,2026-07-23 18:42:47.851031,17.56,16.91,17.56,18.27,1013,59,2.76,331,3,0.0,Clear,clear sky,18
Nagymaros,47.780278,18.952222,2026-07-23 18:42:49.054862,17.64,17.0,17.64,18.34,1013,59,2.76,331,3,0.0,Clear,clear sky,18
Zebegény,47.801389,18.908889,2026-07-23 18:42:50.251872,17.61,16.97,17.61,18.32,1013,59,2.88,332,5,0.0,Clear,clear sky,18
Szob,47.821111,18.861944,2026-07-23 18:42:51.451671,17.57,16.92,17.57,17.57,1013,59,3.29,336,9,0.0,Clear,clear sky,18
Alagimajor,47.601944,19.153889,2026-07-23 18:42:52.652554,19.12,18.52,18.26,20.46,1013,55,0.89,251,0,0.0,Clear,clear sky,18
Fót,47.611389,19.181667,2026-07-23 18:42:53.853202,18.74,18.13,18.15,20.35,1013,56,3.87,328,0,0.0,Clear,clear sky,18
Fótújfalu,47.615,19.192778,2026-07-23 18:42:55.054392,18.68,18.04,18.05,20.25,1013,55,3.87,328,0,0.0,Clear,clear sky,18
Csomád,47.635556,19.222778,2026-07-23 18:42:56.251784,18.52,17.86,17.78,19.98,1013,55,4.06,330,0,0.0,Clear,clear sky,18
Veresegyház,47.649167,19.288611,2026-07-23 18:42:57.451391,18.82,18.17,17.93,20.13,1013,54,4.61,333,0,0.0,Clear,clear sky,18
Erdőkertes,47.662222,19.295833,2026-07-23 18:42:58.649971,18.75,18.04,17.88,20.08,1013,52,4.61,333,0,0.0,Clear,clear sky,18
Őrbottyán,47.685833,19.283611,2026-07-23 18:42:59.855626,18.29,17.56,17.8,20.0,1013,53,4.79,333,0,0.0,Clear,clear sky,18
Váchartyán,47.725833,19.248889,2026-07-23 18:43:01.054102,18.16,17.47,18.16,19.94,1013,55,4.87,333,0,0.0,Clear,clear sky,18
Magyarkút-Verőce,47.826111,19.044444,2026-07-23 18:43:02.257719,18.28,17.73,18.28,18.28,1013,60,2.83,325,1,0.0,Clear,clear sky,18
Szokolya,47.871111,19.030556,2026-07-23 18:43:03.458613,16.22,15.49,16.22,16.22,1013,61,2.96,320,3,0.0,Clear,clear sky,18
Berkenye,47.885278,19.071944,2026-07-23 18:43:04.653186,16.93,16.27,16.93,16.93,1013,61,3.03,320,2,0.0,Clear,clear sky,18
Nógrád,47.901944,19.0475,2026-07-23 18:43:05.849159,16.53,15.83,16.53,16.53,1013,61,3.04,317,4,0.0,Clear,clear sky,18
Diósjenő,47.94,19.049444,2026-07-23 18:43:07.055729,16.11,15.37,16.11,16.11,1013,61,3.1,314,4,0.0,Clear,clear sky,18
Borsosberény,47.971389,19.093056,2026-07-23 18:43:08.266373,16.76,16.08,16.76,16.76,1013,61,3.22,314,3,0.0,Clear,clear sky,18
Nagyoroszi,47.993611,19.101111,2026-07-23 18:43:09.469309,16.55,15.85,16.55,16.55,1013,61,3.2,311,4,0.0,Clear,clear sky,18
Drégelyvár,48.001944,19.079444,2026-07-23 18:43:10.668864,16.77,16.12,16.77,16.77,1013,62,3.21,308,5,0.0,Clear,clear sky,18
Drégely,48.042222,19.056111,2026-07-23 18:43:11.861933,17.09,16.47,17.09,17.09,1013,62,3.19,307,5,0.0,Clear,clear sky,18
Drégelypalánk,48.055,19.046111,2026-07-23 18:43:13.064096,17.19,16.58,17.19,17.19,1013,62,3.17,306,6,0.0,Clear,clear sky,18
Ipolyvece,48.056944,19.106389,2026-07-23 18:43:14.262611,17.14,16.55,17.14,17.14,1013,63,3.13,306,5,0.0,Clear,clear sky,18
Dejtár,48.045556,19.196389,2026-07-23 18:43:15.460262,17.1,16.48,17.1,17.1,1013,62,3.15,309,4,0.0,Clear,clear sky,18
Ipolyszög,48.054444,19.221944,2026-07-23 18:43:16.659104,17.06,16.44,17.06,17.06,1013,62,3.13,308,4,0.0,Clear,clear sky,18
Iklad-Domony,47.658056,19.444444,2026-07-23 18:43:17.861875,19.97,19.41,19.97,19.97,1013,53,4.57,329,0,0.0,Clear,clear sky,18
Iklad-Domony felső,47.667778,19.428056,2026-07-23 18:43:19.053471,19.95,19.38,18.17,19.95,1013,53,4.79,330,0,0.0,Clear,clear sky,18
Galgamácsa,47.693889,19.3925,2026-07-23 18:43:20.252393,19.94,19.4,18.16,19.94,1013,54,5.0,332,0,0.0,Clear,clear sky,18
Vácrátót,47.732778,19.217778,2026-07-23 18:43:21.467418,18.08,17.38,18.08,19.86,1013,55,4.42,333,0,0.0,Clear,clear sky,18
Csörög,47.735833,19.196389,2026-07-23 18:43:22.669312,18.08,17.41,17.38,20.28,1013,56,4.11,332,0,0.0,Clear,clear sky,18
Galgagyörk,47.735278,19.372222,2026-07-23 18:43:23.873114,19.84,19.29,18.06,19.84,1013,54,5.09,332,0,0.0,Clear,clear sky,18
Püspökhatvan,47.768611,19.366944,2026-07-23 18:43:25.070631,17.54,16.79,17.54,17.54,1013,55,5.05,331,1,0.0,Clear,clear sky,18
Acsa-Erdőkürt,47.801111,19.386111,2026-07-23 18:43:26.269196,17.33,16.58,17.33,17.33,1013,56,4.93,330,2,0.0,Clear,clear sky,18
Galgaguta,47.848611,19.385556,2026-07-23 18:43:27.468986,16.92,16.16,16.92,16.92,1013,57,4.49,327,6,0.0,Clear,clear sky,18
Nógrádkövesd,47.879444,19.371111,2026-07-23 18:43:28.667240,17.04,16.31,17.04,17.04,1013,58,4.23,326,8,0.0,Clear,clear sky,18
Magyarnándor,47.970833,19.356667,2026-07-23 18:43:29.869160,16.73,16.03,16.73,16.73,1013,60,3.48,319,9,0.0,Clear,clear sky,18
Mohora,47.995556,19.347778,2026-07-23 18:43:31.069359,16.79,16.09,16.79,16.79,1013,60,3.3,316,9,0.0,Clear,clear sky,18
Szügy,48.036389,19.333056,2026-07-23 18:43:32.269228,16.9,16.24,16.9,16.9,1013,61,3.12,310,8,0.0,Clear,clear sky,18
Balassagyarmat,48.071111,19.293611,2026-07-23 18:43:33.459241,16.95,16.32,16.95,16.95,1013,62,3.12,309,6,0.0,Clear,clear sky,18
Őrhalom,48.078773,19.403936,2026-07-23 18:43:34.663371,16.64,15.95,16.64,16.64,1013,61,3.03,301,9,0.0,Clear,clear sky,18
Hugyag,48.083056,19.421111,2026-07-23 18:43:35.861865,16.64,15.95,16.64,16.64,1013,61,3.03,301,9,0.0,Clear,clear sky,18
Szécsény,48.093056,19.521111,2026-07-23 18:43:37.060015,16.85,16.18,16.85,16.85,1013,61,3.03,295,12,0.0,Clouds,few clouds,18
Ludányhalászi,48.1325,19.529444,2026-07-23 18:43:38.262311,16.71,16.06,16.71,16.71,1012,62,3.16,291,8,0.0,Clear,clear sky,18
Nógrádszakál,48.178333,19.521667,2026-07-23 18:43:39.467002,16.59,15.92,16.59,16.59,1012,62,3.24,290,6,0.0,Clear,clear sky,18
Ráróspuszta,48.207222,19.541389,2026-07-23 18:43:40.657709,15.92,15.24,15.92,15.92,1012,64,3.36,291,3,0.0,Clear,clear sky,18
Litke,48.215833,19.598611,2026-07-23 18:43:41.859951,16.44,15.76,16.44,16.44,1012,62,3.45,285,12,0.0,Clouds,few clouds,18
Nyíregyháza külső,47.943056,21.740278,2026-07-23 18:43:43.060525,14.78,14.53,14.78,14.78,1012,85,3.56,35,0,0.0,Clear,clear sky,18
Oros,47.945833,21.806389,2026-07-23 18:43:44.260026,14.65,14.42,14.65,14.65,1012,86,3.48,31,0,0.0,Clear,clear sky,18
Napkor,47.948889,21.873056,2026-07-23 18:43:45.466786,14.43,14.2,14.43,14.43,1012,87,3.34,25,5,0.0,Clear,clear sky,18
Apagy,47.953775,21.939044,2026-07-23 18:43:46.663506,14.4,14.17,14.4,14.4,1012,87,3.38,22,5,0.0,Clear,clear sky,18
Levelek-Magy,47.948056,21.993611,2026-07-23 18:43:47.860627,14.31,14.09,14.31,14.31,1012,88,3.48,17,4,0.0,Clear,clear sky,18
Ófehértó,47.940556,22.041389,2026-07-23 18:43:49.061368,14.26,14.04,14.26,14.26,1012,88,3.79,14,0,0.0,Clear,clear sky,18
Ligettanya,47.951667,22.071389,2026-07-23 18:43:50.260801,14.2,13.97,14.2,14.2,1012,88,3.72,8,0,0.0,Clear,clear sky,18
Baktalórántháza,47.988611,22.083333,2026-07-23 18:43:51.467851,14.17,13.94,14.17,14.17,1012,88,3.49,7,4,0.0,Clear,clear sky,18
Vaja-Rohod,48.006389,22.164167,2026-07-23 18:43:52.667171,14.2,14.0,14.2,14.2,1012,89,3.51,2,8,0.0,Clear,clear sky,18
Rákóczitanya,48.022222,22.178333,2026-07-23 18:43:53.867808,14.21,13.98,14.21,14.21,1012,88,3.63,360,8,0.0,Clear,clear sky,18
Nyírmada,48.059167,22.203056,2026-07-23 18:43:55.066208,14.17,13.97,14.17,14.17,1012,89,3.23,2,15,0.0,Clouds,few clouds,18
Tunyogmatolcs,47.960244,22.442247,2026-07-23 18:43:56.270983,15.63,15.39,15.63,15.63,1011,82,4.15,16,78,0.0,Clouds,broken clouds,18
Tunyogmatolcs alsó,47.966025,22.464713,2026-07-23 18:43:57.471170,15.72,15.49,15.72,15.72,1011,82,4.19,20,89,0.0,Clouds,overcast clouds,18
Fehérgyarmat,47.979167,22.524444,2026-07-23 18:43:58.676990,15.77,15.54,15.77,15.77,1011,82,4.34,32,100,0.0,Clouds,overcast clouds,18
Penyige,47.995278,22.566944,2026-07-23 18:43:59.876154,15.79,15.57,15.79,15.79,1011,82,4.5,37,100,0.0,Clouds,overcast clouds,18
Nagyszekeres,47.976111,22.6125,2026-07-23 18:44:01.078558,15.76,15.56,15.76,15.76,1011,83,4.68,40,100,0.0,Clouds,overcast clouds,18
Kisszekeres,47.965833,22.629444,2026-07-23 18:44:02.281081,15.82,15.62,15.82,15.82,1011,83,4.92,40,100,0.0,Clouds,overcast clouds,18
Jánkmajtis,47.941944,22.657222,2026-07-23 18:44:03.485257,15.81,15.64,15.81,15.81,1011,84,5.23,42,100,0.0,Clouds,overcast clouds,18
Gacsály,47.926111,22.745,2026-07-23 18:44:04.689510,15.04,14.85,15.04,15.04,1011,86,5.33,41,100,0.0,Clouds,overcast clouds,18
Zajta,47.9025,22.796111,2026-07-23 18:44:05.949735,15.03,14.83,15.03,15.03,1011,86,5.26,34,100,0.0,Clouds,overcast clouds,18
Eperjeske alsó,48.360556,22.19,2026-07-23 18:44:07.149848,14.49,14.29,14.49,14.49,1012,88,2.94,32,59,0.0,Clouds,broken clouds,18
Mándok,48.326944,22.196389,2026-07-23 18:44:08.350579,14.41,14.2,14.41,14.41,1012,88,2.8,33,50,0.0,Clouds,scattered clouds,18
Tornyospálca,48.268333,22.201944,2026-07-23 18:44:09.541313,14.39,14.21,14.39,14.39,1012,89,2.67,32,42,0.0,Clouds,scattered clouds,18
Aranyosapáti,48.211303,22.253534,2026-07-23 18:44:10.741348,14.29,14.1,14.29,14.29,1012,89,2.73,14,23,0.0,Clouds,few clouds,18
Gyüre,48.171389,22.269167,2026-07-23 18:44:11.944397,14.3,14.11,14.3,14.3,1012,89,2.88,7,23,0.0,Clouds,few clouds,18
Varsány,48.151722,22.290047,2026-07-23 18:44:13.149306,14.36,14.18,14.36,14.36,1012,89,3.1,2,28,0.0,Clouds,scattered clouds,18
Vásárosnamény,48.126667,22.306111,2026-07-23 18:44:14.353777,14.42,14.22,14.42,14.42,1012,88,3.26,360,29,0.0,Clouds,scattered clouds,18
Vitka,48.095556,22.308056,2026-07-23 18:44:15.555431,14.48,14.28,14.48,14.48,1012,88,3.43,359,30,0.0,Clouds,scattered clouds,18
Nagydobos,48.054167,22.311111,2026-07-23 18:44:16.755936,14.49,14.29,14.49,14.49,1012,88,3.6,358,31,0.0,Clouds,scattered clouds,18
Ópályi,47.997778,22.318333,2026-07-23 18:44:17.951179,14.77,14.55,14.77,14.77,1012,86,4.05,1,28,0.0,Clouds,scattered clouds,18
Nyírcsaholy,47.908056,22.348333,2026-07-23 18:44:19.149160,15.4,15.16,15.4,15.4,1011,83,4.39,11,34,0.0,Clouds,scattered clouds,18
Nagyecsed,47.864722,22.385556,2026-07-23 18:44:20.354419,16.05,15.8,16.05,16.05,1011,80,4.49,23,61,0.0,Clouds,broken clouds,18
Tiborszállás,47.815278,22.402778,2026-07-23 18:44:21.552666,16.32,16.07,16.32,16.32,1011,79,4.45,24,60,0.0,Clouds,broken clouds,18
Kiskunhalas,46.434444,19.493611,2026-07-23 18:44:22.748820,18.98,18.16,18.98,18.98,1013,47,3.77,352,100,0.0,Clouds,overcast clouds,18
Kecskemét alsó,46.895833,19.692222,2026-07-23 18:44:23.953858,18.34,17.59,18.34,18.34,1013,52,3.89,310,0,0.0,Clear,clear sky,18
Putnok,48.286667,20.4375,2026-07-23 18:44:25.146171,18.56,17.75,16.69,18.56,1011,49,0.56,311,0,0.0,Clear,clear sky,18
Bánréve,48.299722,20.351944,2026-07-23 18:44:26.350153,18.55,17.74,18.55,18.55,1011,49,1.74,282,2,0.0,Clear,clear sky,18
Ipolytarnóc,48.236667,19.629167,2026-07-23 18:44:27.559600,16.32,15.65,16.32,16.32,1012,63,3.52,285,15,0.0,Clouds,few clouds,18
Rákosliget,47.486111,19.257778,2026-07-23 18:44:28.761921,19.84,19.16,18.11,20.31,1013,49,3.45,318,0,0.0,Clear,clear sky,18
Ikrény,47.657778,17.524167,2026-07-23 18:44:29.973730,18.99,18.35,18.99,18.99,1014,54,5.34,19,8,0.0,Clear,clear sky,18
Rábapatona,47.648889,17.461944,2026-07-23 18:44:31.171778,19.06,18.43,19.06,19.06,1014,54,4.96,17,6,0.0,Clear,clear sky,18
Enese,47.644167,17.425278,2026-07-23 18:44:32.362075,19.08,18.43,19.08,19.08,1014,53,4.59,13,6,0.0,Clear,clear sky,18
Kóny,47.632222,17.357222,2026-07-23 18:44:33.557747,19.1,18.45,19.1,19.1,1014,53,4.33,10,6,0.0,Clear,clear sky,18
Farád,47.595278,17.195833,2026-07-23 18:44:34.755419,18.9,18.23,18.9,18.9,1014,53,4.6,344,10,0.0,Clear,clear sky,18
Rábatamási,47.592778,17.161389,2026-07-23 18:44:35.958391,18.9,18.23,18.9,18.9,1014,53,4.6,344,10,0.0,Clear,clear sky,18
Szárföld,47.589167,17.123889,2026-07-23 18:44:37.168010,18.88,18.18,18.88,18.88,1014,52,4.84,342,10,0.0,Clear,clear sky,18
Veszkény,47.586944,17.101389,2026-07-23 18:44:38.360099,18.89,18.3,18.89,18.89,1014,56,5.09,341,11,0.0,Clouds,few clouds,18
Kapuvár,47.581944,17.046944,2026-07-23 18:44:39.560437,18.87,18.27,18.87,18.87,1014,56,5.46,333,10,0.0,Clear,clear sky,18
Vitnyéd-Csermajor,47.5825,16.987222,2026-07-23 18:44:40.758177,18.88,18.29,18.88,18.88,1014,56,5.83,333,10,0.0,Clear,clear sky,18
Petőháza,47.595278,16.893056,2026-07-23 18:44:41.959050,18.83,18.23,18.83,18.83,1015,56,6.24,340,11,0.0,Clouds,few clouds,18
Fertőszentmiklós,47.6,16.858889,2026-07-23 18:44:43.162025,18.83,18.23,18.83,18.93,1015,56,6.25,340,10,0.0,Clear,clear sky,18
Pinnye,47.600278,16.768611,2026-07-23 18:44:44.354963,18.71,18.1,18.71,18.81,1015,56,5.91,338,8,0.0,Clear,clear sky,18
Fertőboz,47.625,16.691667,2026-07-23 18:44:45.560398,18.55,17.92,18.55,18.65,1015,56,5.81,338,7,0.0,Clear,clear sky,18
Sopron,47.677778,16.587222,2026-07-23 18:44:46.769499,18.25,17.49,18.25,18.35,1015,52,5.39,333,6,0.0,Clear,clear sky,18
Fertőszéplak-Fertőd,47.618889,16.850833,2026-07-23 18:44:47.962289,18.85,18.25,18.85,18.95,1015,56,6.5,345,10,0.0,Clear,clear sky,18
Nyúl,47.587778,17.698056,2026-07-23 18:44:49.165381,18.88,18.23,18.88,18.88,1014,54,6.18,18,25,0.0,Clouds,scattered clouds,18
Pannonhalma,47.547778,17.740833,2026-07-23 18:44:50.357700,18.69,18.02,18.69,18.69,1014,54,6.46,12,36,0.0,Clouds,scattered clouds,18
Tarjánpuszta,47.504722,17.789167,2026-07-23 18:44:51.569673,18.61,17.94,18.61,18.61,1014,54,6.17,8,36,0.0,Clouds,scattered clouds,18
Győrasszonyfa,47.4925,17.799167,2026-07-23 18:44:52.772425,18.61,17.94,18.61,18.61,1014,54,6.17,8,36,0.0,Clouds,scattered clouds,18
Veszprémvarsány,47.443333,17.818333,2026-07-23 18:44:53.973410,18.49,17.8,18.49,18.49,1014,54,5.52,1,32,0.0,Clouds,scattered clouds,18
Bakonyszentlászló,47.395556,17.8175,2026-07-23 18:44:55.162525,18.11,17.39,18.11,18.11,1014,54,4.59,353,26,0.0,Clouds,scattered clouds,18
Porva-Csesznek,47.326944,17.841111,2026-07-23 18:44:56.363374,16.74,15.91,16.74,16.74,1014,55,3.71,339,19,0.0,Clouds,few clouds,18
Zirc,47.266667,17.878056,2026-07-23 18:44:57.571126,16.71,15.87,16.71,16.71,1014,55,3.03,315,8,0.0,Clear,clear sky,18
Eplény,47.192778,17.921667,2026-07-23 18:44:58.770799,17.16,16.37,17.16,17.16,1014,55,2.72,303,1,0.0,Clear,clear sky,18
Marcaltő,47.4275,17.348889,2026-07-23 18:44:59.963621,19.28,18.62,19.28,19.28,1014,52,4.35,340,0,0.0,Clear,clear sky,18
Szany-Rábaszentandrás,47.460833,17.315278,2026-07-23 18:45:01.171922,19.23,18.57,19.23,19.23,1014,52,3.98,349,1,0.0,Clear,clear sky,18
Egyed-Rábacsanak,47.521944,17.316389,2026-07-23 18:45:02.361591,19.16,18.52,19.16,19.16,1014,53,3.84,357,3,0.0,Clear,clear sky,18
Rábapordány,47.557222,17.315,2026-07-23 18:45:03.557476,19.17,18.53,19.17,19.17,1014,53,3.87,1,4,0.0,Clear,clear sky,18
Albertfalva,47.440784,19.033965,2026-07-23 18:45:04.759658,20.04,19.51,18.36,20.56,1013,54,2.24,275,1,0.0,Clear,clear sky,18
Budafok,47.425833,19.041389,2026-07-23 18:45:05.958477,20.13,19.58,18.37,20.57,1013,53,2.24,275,1,0.0,Clear,clear sky,18
Tétényliget,47.384722,18.955278,2026-07-23 18:45:07.146950,20.12,19.57,18.39,20.59,1013,53,2.24,275,2,0.0,Clear,clear sky,18
Érd alsó,47.379722,18.923056,2026-07-23 18:45:08.339170,20.25,19.71,18.25,20.92,1013,53,2.24,275,1,0.0,Clear,clear sky,18
Tárnok,47.365556,18.873889,2026-07-23 18:45:09.538187,20.19,19.65,18.32,20.51,1013,53,4.17,306,2,0.0,Clear,clear sky,18
Martonvásár,47.321389,18.781667,2026-07-23 18:45:10.728946,20.3,19.74,18.83,20.44,1013,52,3.56,306,2,0.0,Clear,clear sky,18
Baracska,47.297222,18.753333,2026-07-23 18:45:11.932273,20.45,19.91,18.93,20.45,1013,52,3.21,307,1,0.0,Clear,clear sky,18
Pettend,47.26,18.708889,2026-07-23 18:45:13.129329,20.35,19.82,20.35,20.35,1013,53,2.78,308,0,0.0,Clear,clear sky,18
Kápolnásnyék,47.245556,18.692222,2026-07-23 18:45:14.332159,20.38,19.86,20.38,20.38,1013,53,2.51,310,0,0.0,Clear,clear sky,18
Velence,47.226944,18.663889,2026-07-23 18:45:15.534522,20.4,19.88,20.4,20.4,1013,53,2.44,311,0,0.0,Clear,clear sky,18
Velencefürdő,47.218611,18.648056,2026-07-23 18:45:16.732853,18.46,17.75,18.46,18.46,1013,53,2.34,311,0,0.1,Rain,light rain,18
Gárdony,47.205833,18.624722,2026-07-23 18:45:17.935332,18.49,17.78,18.49,18.49,1013,53,2.28,313,0,0.15,Rain,light rain,18
Agárd,47.197666,18.604907,2026-07-23 18:45:19.135380,18.49,17.78,18.49,18.49,1013,53,2.28,313,0,0.21,Rain,light rain,18
Dinnyés,47.179722,18.560833,2026-07-23 18:45:20.332136,18.5,17.79,18.5,18.5,1013,53,2.21,316,0,0.0,Clear,clear sky,18
Székesfehérvár,47.183611,18.424722,2026-07-23 18:45:21.535594,18.54,17.83,18.54,18.54,1013,53,2.3,322,0,0.0,Clear,clear sky,18
Szabadbattyán,47.105278,18.388333,2026-07-23 18:45:22.727761,18.55,17.82,18.55,18.55,1013,52,2.43,332,3,0.0,Clear,clear sky,18
Kiscséripuszta,47.048056,18.355,2026-07-23 18:45:23.956051,18.39,17.64,18.39,18.39,1013,52,2.63,340,14,0.0,Clouds,few clouds,18
Lepsény,46.9875,18.248056,2026-07-23 18:45:25.156644,21.01,20.5,21.01,21.01,1013,51,2.78,347,30,0.0,Clouds,scattered clouds,18
Balatonaliga,46.984444,18.171389,2026-07-23 18:45:26.347791,20.82,20.29,20.82,20.82,1013,51,2.61,347,27,0.0,Clouds,scattered clouds,18
Balatonvilágos,46.964167,18.157222,2026-07-23 18:45:27.546704,20.86,20.33,20.86,20.86,1014,51,2.64,348,32,0.0,Clouds,scattered clouds,18
Szabadifürdő,46.926111,18.103333,2026-07-23 18:45:28.746575,21.03,20.02,21.03,21.03,1014,32,2.73,348,47,0.0,Clouds,scattered clouds,18
Ózd alsó,48.227778,20.306111,2026-07-23 18:45:29.943814,18.39,17.56,18.39,18.39,1011,49,2.72,278,1,0.0,Clear,clear sky,18
Ózd,48.2225,20.294722,2026-07-23 18:45:31.142632,18.44,17.62,18.44,18.44,1011,49,2.72,278,1,0.0,Clear,clear sky,18
Alsóboldva,48.212778,20.792222,2026-07-23 18:45:32.343228,16.9,17.26,16.9,19.01,1012,100,1.45,19,33,0.0,Clouds,scattered clouds,18
Boldva,48.223333,20.790278,2026-07-23 18:45:33.549714,16.89,16.57,16.89,19.01,1012,74,1.45,19,33,0.0,Clouds,scattered clouds,18
Borsodszirák,48.259167,20.770556,2026-07-23 18:45:34.747439,16.85,16.57,16.85,16.85,1012,76,1.18,32,32,0.0,Clouds,scattered clouds,18
Edelény alsó,48.279167,20.760833,2026-07-23 18:45:35.947145,16.83,16.55,16.83,16.83,1012,76,1.18,32,32,0.0,Clouds,scattered clouds,18
Edelény,48.299722,20.749444,2026-07-23 18:45:37.144319,16.81,16.56,16.81,16.81,1012,77,1.1,39,32,0.0,Clouds,scattered clouds,18
Szendrőlád,48.334444,20.731944,2026-07-23 18:45:38.348644,14.42,13.93,14.42,14.42,1011,77,1.09,51,27,0.0,Clouds,scattered clouds,18
Szendrő,48.400725,20.721346,2026-07-23 18:45:39.538191,15.23,14.87,15.23,15.23,1011,79,1.11,52,23,0.0,Clouds,few clouds,18
Szendrő felső,48.409907,20.720148,2026-07-23 18:45:40.735373,15.23,14.87,15.23,15.23,1011,79,1.11,52,23,0.0,Clouds,few clouds,18
Szalonna,48.449444,20.722222,2026-07-23 18:45:41.935357,15.22,14.89,15.22,15.22,1011,80,1.15,46,18,0.0,Clouds,few clouds,18
Perkupa,48.471389,20.691111,2026-07-23 18:45:43.135375,14.49,14.08,14.49,14.49,1011,80,1.19,55,12,0.0,Clouds,few clouds,18
Szemeretelep,47.443056,19.214167,2026-07-23 18:45:44.343316,19.76,19.15,18.17,20.37,1013,52,3.51,308,0,0.0,Clear,clear sky,18
Jósvafő-Aggtelek,48.489722,20.693889,2026-07-23 18:45:45.532670,14.79,14.44,14.79,14.79,1011,81,1.21,50,11,0.0,Clouds,few clouds,18
Bódvaszilas,48.5375,20.738056,2026-07-23 18:45:46.734699,14.4,14.04,14.4,14.4,1011,82,1.26,31,12,0.0,Clouds,few clouds,18
Komjáti,48.5475,20.759722,2026-07-23 18:45:47.936274,13.95,13.57,13.95,13.95,1011,83,1.37,21,11,0.0,Clouds,few clouds,18
Tornanádaska,48.558333,20.787222,2026-07-23 18:45:49.133074,15.12,14.85,15.12,15.12,1011,83,1.45,19,12,0.0,Clouds,few clouds,18
Onga,48.121111,20.906667,2026-07-23 18:45:50.332590,16.95,17.31,16.95,19.07,1012,100,2.08,20,22,0.0,Clouds,few clouds,18
Szikszó-Vásártér,48.193056,20.934722,2026-07-23 18:45:51.521214,16.93,16.61,16.93,19.59,1012,74,1.42,26,35,0.0,Clouds,scattered clouds,18
Szikszó,48.201667,20.941667,2026-07-23 18:45:52.718991,16.93,16.64,16.93,16.93,1012,75,1.32,32,35,0.0,Clouds,scattered clouds,18
Aszaló,48.219867,20.961466,2026-07-23 18:45:53.917873,16.91,16.64,16.91,16.91,1012,76,1.17,34,38,0.0,Clouds,scattered clouds,18
Halmaj,48.246667,20.991667,2026-07-23 18:45:55.115287,15.81,15.43,15.81,15.81,1011,76,1.0,43,40,0.0,Clouds,scattered clouds,18
Csobád,48.277222,21.033889,2026-07-23 18:45:56.312470,15.78,15.42,15.78,15.78,1011,77,0.91,53,40,0.0,Clouds,scattered clouds,18
Ináncs,48.291111,21.057778,2026-07-23 18:45:57.503964,15.64,15.3,15.64,15.64,1011,78,0.91,69,42,0.0,Clouds,scattered clouds,18
Forró-Encs,48.3275,21.117778,2026-07-23 18:45:58.701455,15.53,15.23,15.53,15.53,1011,80,1.01,72,46,0.0,Clouds,scattered clouds,18
Méra,48.363056,21.140278,2026-07-23 18:45:59.913586,15.22,14.94,15.22,15.22,1011,82,1.28,67,57,0.0,Clouds,broken clouds,18
Novajidrány,48.404444,21.170556,2026-07-23 18:46:01.106778,14.44,14.11,14.44,14.44,1011,83,1.42,65,66,0.0,Clouds,broken clouds,18
Hernádszurdok,48.487222,21.213889,2026-07-23 18:46:02.315442,14.41,14.52,14.36,14.76,1011,100,1.77,54,92,0.0,Clouds,overcast clouds,18
Hidasnémeti,48.508333,21.229722,2026-07-23 18:46:03.506551,14.42,14.53,14.37,14.77,1011,100,1.89,49,96,0.0,Clouds,overcast clouds,18
Mád,48.19,21.268889,2026-07-23 18:46:04.737913,18.96,18.22,18.96,18.96,1012,50,1.68,97,18,0.0,Clouds,few clouds,18
Rátka,48.215,21.230278,2026-07-23 18:46:05.936486,19.12,18.39,19.12,19.12,1012,50,1.44,99,25,0.0,Clouds,scattered clouds,18
Tállya,48.226944,21.225278,2026-07-23 18:46:07.147029,19.07,18.34,19.07,19.07,1012,50,1.44,99,25,0.0,Clouds,scattered clouds,18
Golop,48.242778,21.204167,2026-07-23 18:46:08.340566,19.19,18.47,19.19,19.19,1011,50,1.15,97,34,0.0,Clouds,scattered clouds,18
Abaújszántó,48.286944,21.181667,2026-07-23 18:46:09.541145,19.1,19.15,19.1,19.1,1011,80,1.01,87,44,0.0,Clouds,scattered clouds,18
Abaújszántói fürdő,48.268333,21.179722,2026-07-23 18:46:10.742992,19.16,19.22,19.16,19.16,1011,80,1.05,92,39,0.0,Clouds,scattered clouds,18
Abaújkér,48.309444,21.198333,2026-07-23 18:46:11.945976,19.06,19.14,19.06,19.06,1011,81,1.04,81,50,0.0,Clouds,scattered clouds,18
Boldogkőváralja,48.345,21.208889,2026-07-23 18:46:13.151300,18.86,18.94,18.86,18.86,1011,82,1.11,76,58,0.0,Clouds,broken clouds,18
Korlát-Vizsoly,48.365,21.219167,2026-07-23 18:46:14.343906,18.77,18.87,18.77,18.77,1011,83,1.21,71,66,0.0,Clouds,broken clouds,18
Fony,48.411389,21.242778,2026-07-23 18:46:15.539184,14.24,13.94,13.05,14.24,1011,85,1.49,62,81,0.0,Clouds,broken clouds,18
Hejce-Vilmány,48.419444,21.245556,2026-07-23 18:46:16.740624,14.21,13.91,13.01,14.21,1011,85,1.49,62,81,0.0,Clouds,broken clouds,18
Göncruszka,48.445,21.246944,2026-07-23 18:46:17.942048,14.33,14.04,13.1,14.62,1011,85,1.63,57,87,0.0,Clouds,overcast clouds,18
Gönc,48.470556,21.261389,2026-07-23 18:46:19.142400,14.27,14.0,13.01,14.6,1011,86,1.7,53,96,0.0,Clouds,overcast clouds,18
Zsujta,48.4925,21.265,2026-07-23 18:46:20.348671,14.34,14.44,13.03,14.62,1011,100,1.81,49,100,0.0,Clouds,overcast clouds,18
Bodrogkeresztúr,48.175556,21.354167,2026-07-23 18:46:21.544144,19.23,18.51,19.23,19.23,1012,50,1.95,84,9,0.0,Clear,clear sky,18
Szegi,48.201944,21.387778,2026-07-23 18:46:22.733388,19.27,18.56,13.54,19.27,1012,50,1.73,65,11,0.0,Clouds,few clouds,18
Erdőbénye,48.218056,21.401944,2026-07-23 18:46:23.933968,19.24,18.53,13.51,19.24,1012,50,1.58,52,16,0.0,Clouds,few clouds,18
Olaszliszka-Tolcsva,48.258333,21.448056,2026-07-23 18:46:25.135785,19.27,18.56,13.54,19.27,1012,50,1.37,37,32,0.0,Clouds,scattered clouds,18
Bodrogolaszi,48.286944,21.512778,2026-07-23 18:46:26.333470,13.48,13.49,13.48,19.21,1012,100,1.37,29,43,0.0,Clouds,scattered clouds,18
Sárospatak,48.325833,21.566111,2026-07-23 18:46:27.538350,13.43,13.44,13.43,19.16,1012,100,1.54,15,67,0.0,Clouds,broken clouds,18
Sátoraljaújhely,48.385833,21.657778,2026-07-23 18:46:28.735484,13.51,13.53,13.51,13.51,1012,100,1.68,13,93,0.0,Clouds,overcast clouds,18
Vecsés,47.40855,19.25652,2026-07-23 18:46:29.935819,20.06,19.37,18.21,20.41,1013,48,3.41,307,1,0.0,Clear,clear sky,18
Vecsés-Kertekalja,47.403333,19.271389,2026-07-23 18:46:31.127216,20.56,19.9,18.25,20.59,1013,47,3.41,307,1,0.0,Clear,clear sky,18
Üllő,47.390833,19.348889,2026-07-23 18:46:32.336299,20.02,19.28,18.21,20.4,1013,46,3.3,306,1,0.0,Clear,clear sky,18
Monor,47.34545,19.43701,2026-07-23 18:46:33.535821,19.93,19.18,19.93,19.93,1013,46,3.33,303,2,0.0,Clear,clear sky,18
Pilis,47.279722,19.536389,2026-07-23 18:46:34.738759,19.19,18.5,19.19,19.89,1013,51,3.5,301,1,0.0,Clear,clear sky,18
Albertirsa,47.240278,19.606389,2026-07-23 18:46:35.938779,19.28,18.52,19.28,19.28,1013,48,3.62,299,0,0.0,Clear,clear sky,18
Ceglédbercel-Cserő,47.210278,19.686944,2026-07-23 18:46:37.143288,19.35,18.59,19.35,19.35,1013,48,3.66,299,0,0.0,Clear,clear sky,18
Cegléd,47.182778,19.806111,2026-07-23 18:46:38.332488,19.45,18.7,19.45,20.46,1012,48,3.68,298,1,0.0,Clear,clear sky,18
Abony,47.173056,20.016389,2026-07-23 18:46:39.548644,20.52,19.83,19.52,20.52,1012,46,3.93,299,1,0.0,Clear,clear sky,18
Szolnok,47.179167,20.175833,2026-07-23 18:46:40.754650,20.54,19.85,19.54,20.54,1012,46,2.24,268,1,0.0,Clear,clear sky,18
Szajol,47.170556,20.295278,2026-07-23 18:46:41.953740,20.55,19.86,20.55,20.55,1012,46,4.61,303,1,0.0,Clear,clear sky,18
Törökszentmiklós,47.170278,20.413611,2026-07-23 18:46:43.150503,20.55,20.02,20.55,20.55,1012,52,4.74,303,0,0.0,Clear,clear sky,18
Rákoscsaba-Újtelep,47.4875,19.271944,2026-07-23 18:46:44.354024,19.84,19.16,18.11,20.31,1013,49,3.45,318,0,0.0,Clear,clear sky,18
Rákoscsaba,47.492222,19.284722,2026-07-23 18:46:45.548986,19.83,19.15,18.1,20.3,1013,49,3.4,319,0,0.0,Clear,clear sky,18
Pécel,47.493889,19.338889,2026-07-23 18:46:46.747565,19.71,18.94,17.98,20.18,1013,46,3.34,320,0,0.0,Clear,clear sky,18
Isaszeg,47.537719,19.388955,2026-07-23 18:46:47.948295,19.65,18.87,17.89,20.09,1013,46,3.64,327,0,0.0,Clear,clear sky,18
Gödöllő,47.592222,19.358611,2026-07-23 18:46:49.150120,19.15,18.32,17.67,19.87,1013,46,4.13,331,0,0.0,Clear,clear sky,18
Máriabesnyő,47.595556,19.389722,2026-07-23 18:46:50.357150,19.47,18.67,17.81,20.01,1013,46,4.13,331,0,0.0,Clear,clear sky,18
Bag,47.641111,19.471667,2026-07-23 18:46:51.547205,19.95,19.38,19.95,19.95,1013,53,4.57,329,0,0.0,Clear,clear sky,18
Aszód,47.647467,19.492882,2026-07-23 18:46:52.752571,20.02,19.46,20.02,20.02,1013,53,4.6,328,0,0.0,Clear,clear sky,18
Hévízgyörk,47.638611,19.526667,2026-07-23 18:46:53.950513,20.03,19.47,20.03,20.03,1013,53,4.65,327,0,0.0,Clear,clear sky,18
Galgahévíz,47.6325,19.558333,2026-07-23 18:46:55.152501,20.02,19.46,20.02,20.02,1013,53,4.67,325,0,0.0,Clear,clear sky,18
Tura,47.626389,19.5975,2026-07-23 18:46:56.362061,20.05,19.49,20.05,20.05,1012,53,4.82,324,0,0.0,Clear,clear sky,18
Hatvan,47.663611,19.671389,2026-07-23 18:46:57.555801,17.98,17.24,17.98,17.98,1012,54,5.39,323,2,0.0,Clear,clear sky,18
Vámosgyörk,47.686111,19.927778,2026-07-23 18:46:58.754413,17.96,17.25,17.96,17.96,1012,55,5.42,314,2,0.0,Clear,clear sky,18
Adács,47.696389,19.975278,2026-07-23 18:46:59.958577,17.88,17.19,17.88,17.88,1012,56,5.03,311,2,0.0,Clear,clear sky,18
Karácsond,47.718056,20.048611,2026-07-23 18:47:01.173360,17.65,16.96,17.65,17.65,1012,57,4.74,308,1,0.0,Clear,clear sky,18
Ludas,47.723889,20.095556,2026-07-23 18:47:02.371932,17.74,17.08,17.74,17.74,1012,58,4.35,300,0,0.0,Clear,clear sky,18
Nagyút,47.72666666666667,20.161388888888887,2026-07-23 18:47:03.574962,17.68,17.02,17.68,17.68,1012,58,4.24,298,0,0.0,Clear,clear sky,18
Kál-Kápolna,47.734167,20.254167,2026-07-23 18:47:04.789594,17.62,16.98,17.62,17.62,1012,59,3.89,291,0,0.0,Clear,clear sky,18
Füzesabony,47.751389,20.415278,2026-07-23 18:47:05.988958,17.64,17.03,17.64,17.64,1012,60,3.56,297,0,0.0,Clear,clear sky,18
Szihalom,47.766944,20.491944,2026-07-23 18:47:07.180939,19.06,18.59,19.06,19.06,1012,60,3.59,303,0,0.0,Clear,clear sky,18
Mezőkövesd,47.797222,20.5675,2026-07-23 18:47:08.378998,19.07,18.63,19.07,19.07,1012,61,3.63,311,0,0.0,Clear,clear sky,18
Mezőkövesd felső,47.807222,20.591389,2026-07-23 18:47:09.577652,19.05,18.6,16.94,19.05,1012,61,3.63,311,0,0.0,Clear,clear sky,18
Mezőkeresztes-Mezőnyárád,47.845556,20.670278,2026-07-23 18:47:10.782685,19.05,18.42,16.94,19.05,1012,54,3.61,322,0,0.0,Clear,clear sky,18
Csincse,47.890833,20.764167,2026-07-23 18:47:11.977233,19.07,18.44,16.96,19.07,1012,54,3.53,334,0,0.0,Clear,clear sky,18
Emőd,47.930556,20.822778,2026-07-23 18:47:13.180307,19.09,18.46,16.98,19.09,1012,54,3.52,343,0,0.0,Clear,clear sky,18
Nyékládháza,47.9925,20.840556,2026-07-23 18:47:14.385117,19.12,18.5,17.0,19.12,1012,54,3.33,353,1,0.0,Clear,clear sky,18
Miskolc-Tiszai,48.098611,20.811389,2026-07-23 18:47:15.587287,16.93,17.29,16.93,19.04,1012,100,2.7,359,14,0.0,Clouds,few clouds,18
Felsőzsolca,48.083611,20.866111,2026-07-23 18:47:16.786082,16.95,17.31,16.95,19.07,1012,100,2.54,7,16,0.0,Clouds,few clouds,18
Hernádnémeti-Bőcs,48.051389,20.985,2026-07-23 18:47:17.977328,19.07,18.91,16.95,19.07,1012,72,2.25,32,12,0.0,Clouds,few clouds,18
Tiszalúc,48.039722,21.0575,2026-07-23 18:47:19.169594,19.16,19.09,17.0,19.26,1012,75,2.35,63,8,0.0,Clear,clear sky,18
Taktaharkány,48.091667,21.128611,2026-07-23 18:47:20.377038,19.31,18.6,19.31,19.31,1012,50,2.13,79,13,0.0,Clouds,few clouds,18
Taktaszada,48.1125,21.149444,2026-07-23 18:47:21.581099,19.32,18.61,19.32,19.32,1012,50,2.08,89,16,0.0,Clouds,few clouds,18
Szerencs,48.155556,21.214444,2026-07-23 18:47:22.781047,19.31,18.6,19.31,19.31,1012,50,1.93,99,17,0.0,Clouds,few clouds,18
Mezőzombor,48.156944,21.267778,2026-07-23 18:47:23.980557,19.31,18.6,19.31,19.31,1012,50,1.95,96,14,0.0,Clouds,few clouds,18
Tarcal,48.125,21.34,2026-07-23 18:47:25.173564,19.33,18.62,19.33,19.33,1012,50,2.57,84,4,0.0,Clear,clear sky,18
Tokaj,48.112778,21.406667,2026-07-23 18:47:26.372460,19.29,18.58,19.29,19.29,1012,50,2.71,60,3,0.0,Clear,clear sky,18
Rakamaz,48.12,21.475,2026-07-23 18:47:27.577161,19.29,18.58,19.29,19.29,1012,50,2.8,53,4,0.0,Clear,clear sky,18
Görögszállás,48.04,21.555,2026-07-23 18:47:28.775869,19.25,18.54,19.25,19.25,1012,50,3.68,46,3,0.0,Clear,clear sky,18
Nyírtelek,48.005,21.615556,2026-07-23 18:47:29.983402,19.29,19.47,19.29,19.29,1012,84,3.69,40,5,0.0,Clear,clear sky,18
Rákoshegy,47.468611,19.245556,2026-07-23 18:47:31.184627,19.59,18.96,17.35,20.25,1013,52,3.39,314,0,0.0,Clear,clear sky,18
Ecser,47.439444,19.318056,2026-07-23 18:47:32.381480,19.89,19.14,18.1,20.3,1013,46,3.29,312,0,0.0,Clear,clear sky,18
Maglód,47.438889,19.340833,2026-07-23 18:47:33.588761,19.82,19.06,18.04,20.24,1013,46,3.22,313,1,0.0,Clear,clear sky,18
Maglódi nyaraló,47.434167,19.363611,2026-07-23 18:47:34.788999,19.73,18.96,17.95,20.14,1013,46,3.16,313,1,0.0,Clear,clear sky,18
Gyömrő,47.429722,19.393333,2026-07-23 18:47:35.980226,19.69,18.92,19.69,20.11,1013,46,3.16,313,1,0.0,Clear,clear sky,18
Mende,47.426944,19.439722,2026-07-23 18:47:37.178899,19.65,18.87,19.65,20.07,1013,46,3.1,311,1,0.0,Clear,clear sky,18
Szőlősnyaraló,47.450278,19.561111,2026-07-23 18:47:38.382861,19.88,19.12,19.18,19.88,1012,46,3.44,314,1,0.0,Clear,clear sky,18
Sülysáp,47.451944,19.5275,2026-07-23 18:47:39.579540,19.86,19.1,19.16,19.86,1013,46,3.21,314,1,0.0,Clear,clear sky,18
Tápiószecső,47.443056,19.614722,2026-07-23 18:47:40.777343,19.26,18.6,19.26,19.97,1012,52,3.59,314,0,0.0,Clear,clear sky,18
Szentmártonkáta,47.431944,19.680556,2026-07-23 18:47:41.970128,19.29,18.53,19.29,19.99,1012,48,3.96,312,0,0.0,Clear,clear sky,18
Nagykáta,47.409722,19.737778,2026-07-23 18:47:43.163974,19.36,18.6,19.36,19.36,1012,48,4.04,310,0,0.0,Clear,clear sky,18
Farmos,47.355278,19.8375,2026-07-23 18:47:44.379174,19.47,18.73,19.47,19.47,1012,48,4.35,306,0,0.0,Clear,clear sky,18
Tápiószele,47.346313,19.873504,2026-07-23 18:47:45.578655,19.45,18.7,19.45,19.45,1012,48,4.26,305,0,0.0,Clear,clear sky,18
Tápiógyörgye,47.325,19.95,2026-07-23 18:47:46.778972,19.51,18.77,19.51,20.51,1012,48,4.5,303,0,0.0,Clear,clear sky,18
Újszász,47.285833,20.066944,2026-07-23 18:47:47.980012,19.55,18.81,19.55,20.55,1012,48,4.34,302,0,0.0,Clear,clear sky,18
Szurdokpüspöki,47.851944,19.690278,2026-07-23 18:47:49.174388,17.52,16.82,17.52,17.52,1012,57,4.63,318,7,0.0,Clear,clear sky,18
Lőrinci,47.739444,19.673611,2026-07-23 18:47:50.377665,17.85,17.1,17.85,17.85,1012,54,5.44,323,3,0.0,Clear,clear sky,18
Selyp,47.759167,19.670833,2026-07-23 18:47:51.575001,17.8,17.07,17.8,17.8,1012,55,5.38,322,3,0.0,Clear,clear sky,18
Apc-Zagyvaszántó,47.791328,19.66822,2026-07-23 18:47:52.776468,17.76,17.03,17.76,17.76,1012,55,5.28,322,4,0.0,Clear,clear sky,18
Pásztó,47.918889,19.688889,2026-07-23 18:47:53.985000,17.24,16.53,17.24,17.24,1013,58,4.09,313,8,0.0,Clear,clear sky,18
Mátraszőlős-Hasznos,47.938506,19.706122,2026-07-23 18:47:55.185270,17.16,16.47,17.16,17.16,1012,59,3.88,309,8,0.0,Clear,clear sky,18
Tar,47.956111,19.746389,2026-07-23 18:47:56.392066,16.66,15.92,16.66,16.66,1012,59,3.8,302,5,0.0,Clear,clear sky,18
Mátraverebély,47.968333,19.778611,2026-07-23 18:47:57.586636,16.66,15.92,16.66,16.66,1012,59,3.8,302,5,0.0,Clear,clear sky,18
Nagybátony,47.981111,19.82,2026-07-23 18:47:58.779430,16.73,16.03,16.73,16.73,1012,60,3.77,296,4,0.0,Clear,clear sky,18
Kisterenye,48.009444,19.831944,2026-07-23 18:47:59.979569,16.73,16.03,16.73,16.73,1012,60,3.84,290,5,0.0,Clear,clear sky,18
Kisterenye-Bányatelep,48.021389,19.831944,2026-07-23 18:48:01.178159,16.73,16.03,16.73,16.73,1012,60,3.84,290,5,0.0,Clear,clear sky,18
Salgótarján külső,48.089444,19.790833,2026-07-23 18:48:02.383232,16.05,15.28,16.05,16.05,1012,60,3.77,282,12,0.0,Clouds,few clouds,18
Balatonfenyves GV,46.7125,17.479167,2026-07-23 18:48:03.586082,19.97,19.33,19.97,19.97,1014,50,4.31,321,100,0.0,Clouds,overcast clouds,18
Várhegyalja,47.737778,18.366667,2026-07-23 18:48:04.776858,18.23,17.54,18.23,18.23,1014,55,5.51,339,4,0.0,Clear,clear sky,18
Imremajor,46.680556,17.499722,2026-07-23 18:48:05.980404,19.96,19.34,19.96,19.96,1014,51,4.28,322,100,0.0,Clouds,overcast clouds,18
Rákospalota-Kertváros,47.578333,19.122778,2026-07-23 18:48:07.190231,19.02,18.41,18.3,20.5,1013,55,1.34,266,0,0.0,Clear,clear sky,18
Vicziántelep,47.675833,19.286111,2026-07-23 18:48:08.397438,18.5,17.79,17.77,19.97,1013,53,4.79,333,0,0.0,Clear,clear sky,18
Pálmajor,46.662831,17.457526,2026-07-23 18:48:09.596083,19.84,19.21,19.84,19.84,1014,51,4.15,321,100,0.0,Clouds,overcast clouds,18
Somogyszentpál felső,46.649758,17.471404,2026-07-23 18:48:10.808827,19.87,19.24,19.87,19.87,1014,51,4.2,322,100,0.0,Clouds,overcast clouds,18
Somogyszentpál,46.638611,17.478611,2026-07-23 18:48:12.008019,19.71,19.07,19.71,19.71,1014,51,4.09,321,100,0.0,Clouds,overcast clouds,18
Rudnaykert,47.7175,19.257778,2026-07-23 18:48:13.211684,18.27,17.59,18.12,20.31,1013,55,4.87,333,0,0.0,Clear,clear sky,18
Maroshegy,47.158333,18.406667,2026-07-23 18:48:14.407059,18.53,17.82,18.53,18.53,1013,53,2.31,325,0,0.0,Clear,clear sky,18
Bánhida,47.573703,18.371737,2026-07-23 18:48:15.605099,18.14,17.42,18.14,18.14,1014,54,5.31,344,4,0.0,Clear,clear sky,18
Magyarkút,47.850278,19.045,2026-07-23 18:48:16.805325,16.95,16.27,16.95,16.95,1013,60,2.89,322,2,0.0,Clear,clear sky,18
Becske alsó,47.897222,19.364722,2026-07-23 18:48:18.006429,16.31,15.54,16.31,16.31,1013,59,3.96,324,9,0.0,Clear,clear sky,18
Hosszúberek-Péteri,47.370556,19.389722,2026-07-23 18:48:19.204460,19.97,19.22,19.97,20.38,1013,46,3.33,304,2,0.0,Clear,clear sky,18
Monorierdő,47.308889,19.499167,2026-07-23 18:48:20.397025,19.87,19.27,19.17,19.87,1013,52,3.41,302,1,0.0,Clear,clear sky,18
Ceglédbercel,47.215833,19.658611,2026-07-23 18:48:21.600055,19.34,18.58,19.34,19.34,1013,48,3.67,298,0,0.0,Clear,clear sky,18
Budai út,47.208333,19.731389,2026-07-23 18:48:22.805408,19.38,18.63,19.38,19.38,1012,48,3.66,299,0,0.0,Clear,clear sky,18
Büdöskútpuszta,48.373056,20.726111,2026-07-23 18:48:24.006774,15.3,14.92,15.3,15.3,1011,78,1.1,52,25,0.0,Clouds,scattered clouds,18
Bánrévei Vízmű,48.282778,20.368333,2026-07-23 18:48:25.205547,18.58,17.77,18.58,18.58,1011,49,1.31,286,1,0.0,Clear,clear sky,18
Rákoskert,47.456389,19.296111,2026-07-23 18:48:26.405321,19.75,19.01,17.97,20.17,1013,47,3.32,315,0,0.0,Clear,clear sky,18
Szirmabesenyő,48.146944,20.783056,2026-07-23 18:48:27.602187,16.85,17.2,16.85,18.97,1012,100,2.18,3,21,0.0,Clouds,few clouds,18
Kitérőgyár,47.766944,19.935278,2026-07-23 18:48:28.811533,17.32,16.62,17.32,17.32,1012,58,4.86,313,3,0.0,Clear,clear sky,18
Tápiószentmárton,47.373333,19.797778,2026-07-23 18:48:30.007673,19.41,18.66,19.41,19.41,1012,48,4.23,307,0,0.0,Clear,clear sky,18
Zagyvarékas,47.244229,20.097435,2026-07-23 18:48:31.209777,20.56,19.87,19.56,20.56,1012,46,4.21,301,0,0.0,Clear,clear sky,18
Abonyi út,47.206401,20.125204,2026-07-23 18:48:32.410027,20.56,19.87,19.56,20.56,1012,46,4.17,301,0,0.0,Clear,clear sky,18
Jászkisér felső,47.438056,20.202222,2026-07-23 18:48:33.611392,18.51,17.8,18.51,18.51,1012,53,5.11,300,0,0.0,Clear,clear sky,18
Szellőhát,47.425556,20.188889,2026-07-23 18:48:34.815503,19.55,18.94,19.55,19.55,1012,53,5.03,300,0,0.0,Clear,clear sky,18
Szilvásvárad-Szalajkavölgy,48.0956,20.38272,2026-07-23 18:48:36.009622,17.14,16.19,15.27,17.14,1012,49,3.1,295,0,0.0,Clear,clear sky,18
Vásárosnamény külső,48.084444,22.255556,2026-07-23 18:48:37.209668,14.21,14.01,14.21,14.21,1012,89,3.36,359,24,0.0,Clouds,few clouds,18
Újváros,46.660556,20.536111,2026-07-23 18:48:38.412347,18.88,18.16,18.88,18.88,1012,51,4.68,319,0,0.0,Clear,clear sky,18
Városi park,46.697778,19.864722,2026-07-23 18:48:39.619126,19.58,18.98,19.58,19.58,1013,53,4.05,326,14,0.0,Clouds,few clouds,18
Belsőkamaráspuszta,46.341944,20.848889,2026-07-23 18:48:40.821571,20.03,19.45,20.03,20.03,1013,52,3.52,332,0,0.0,Clear,clear sky,18
Sajószöged,47.945278,20.981667,2026-07-23 18:48:42.026494,19.16,18.54,17.05,19.16,1012,54,2.82,15,2,0.0,Clear,clear sky,18
Kazincbarcika alsó,48.255278,20.649167,2026-07-23 18:48:43.225088,16.82,16.46,16.82,18.69,1012,73,1.21,27,16,0.0,Clouds,few clouds,18
Nyárjas,46.857778,19.923611,2026-07-23 18:48:44.420054,19.54,18.99,19.54,19.54,1013,55,4.07,308,0,0.0,Clear,clear sky,18
Pogonyipuszta,48.296389,20.381667,2026-07-23 18:48:45.624267,18.54,17.73,18.54,18.54,1011,49,1.31,286,1,0.0,Clear,clear sky,18
Sióvölgy,46.911103,18.076964,2026-07-23 18:48:46.821847,21.08,20.08,21.08,21.08,1014,32,2.66,343,44,0.0,Clouds,scattered clouds,18
Répáspuszta,46.430278,17.847222,2026-07-23 18:48:48.034962,19.39,18.61,19.39,19.39,1014,47,3.86,317,98,0.0,Clouds,overcast clouds,18
Virányos,48.066667,21.527222,2026-07-23 18:48:49.242724,19.28,18.57,19.28,19.28,1012,50,3.48,45,4,0.0,Clear,clear sky,18
Füzesbokor,47.988611,21.6475,2026-07-23 18:48:50.438089,19.28,19.48,19.28,19.28,1012,85,3.69,39,4,0.0,Clear,clear sky,18
Kunfehértó,46.355833,19.417222,2026-07-23 18:48:51.639541,18.98,18.11,18.98,18.98,1013,45,3.63,350,100,0.0,Clouds,overcast clouds,18
Erdőszél,46.329444,19.395,2026-07-23 18:48:52.830125,18.97,18.07,18.97,18.97,1013,44,3.56,347,100,0.0,Clouds,overcast clouds,18
Jánoshalma,46.293056,19.330278,2026-07-23 18:48:54.038240,19.24,18.34,19.24,19.24,1013,43,3.46,345,100,0.0,Clouds,overcast clouds,18
Mélykút,46.213056,19.370556,2026-07-23 18:48:55.238782,18.79,17.82,18.79,18.79,1013,42,3.31,350,98,0.0,Clouds,overcast clouds,18
Bácsalmás,46.118056,19.346389,2026-07-23 18:48:56.430380,18.83,17.87,18.83,18.83,1013,42,3.23,355,98,0.0,Clouds,overcast clouds,18
Almás,46.116216,19.328803,2026-07-23 18:48:57.629073,18.85,17.89,18.85,18.85,1013,42,3.23,355,98,0.0,Clouds,overcast clouds,18
Bácsbokod-Bácsborsód,46.115833,19.16,2026-07-23 18:48:58.835107,19.89,18.98,19.89,19.89,1013,40,3.65,344,100,0.0,Clouds,overcast clouds,18
Baja,46.187014,18.957602,2026-07-23 18:49:00.034537,20.28,19.38,20.28,20.28,1013,39,4.01,338,100,0.0,Clouds,overcast clouds,18
Harkakötöny,46.458333,19.601944,2026-07-23 18:49:01.237019,20.4,19.78,20.4,20.4,1013,49,3.87,349,100,0.0,Clouds,overcast clouds,18
Tajó,46.473056,19.650556,2026-07-23 18:49:02.434990,20.44,19.82,20.44,20.44,1013,49,3.9,347,100,0.0,Clouds,overcast clouds,18
Kiskunmajsa,46.501667,19.728056,2026-07-23 18:49:03.629484,20.48,19.86,20.48,20.48,1013,49,3.98,344,100,0.0,Clouds,overcast clouds,18
Jászszentlászló,46.565833,19.753611,2026-07-23 18:49:04.831390,18.78,18.05,18.78,18.78,1013,51,4.08,339,77,0.0,Clouds,broken clouds,18
Galambos,46.625,19.801111,2026-07-23 18:49:06.034316,18.7,17.98,18.7,18.7,1013,52,4.09,335,51,0.0,Clouds,broken clouds,18
Pestszentimre,47.402222,19.188611,2026-07-23 18:49:07.240988,19.89,19.29,18.27,20.46,1013,52,3.69,302,1,0.0,Clear,clear sky,18
Gyál felső,47.390278,19.204722,2026-07-23 18:49:08.438680,19.91,19.26,18.27,20.47,1013,50,3.62,302,1,0.0,Clear,clear sky,18
Gyál,47.376667,19.219444,2026-07-23 18:49:09.637499,20.22,19.6,18.3,20.5,1013,50,3.62,302,1,0.0,Clear,clear sky,18
Ócsa,47.301389,19.232222,2026-07-23 18:49:10.833552,20.18,19.51,20.09,20.51,1013,48,3.81,298,2,0.0,Clear,clear sky,18
Inárcs-Kakucs,47.247222,19.317778,2026-07-23 18:49:12.030903,20.09,19.49,20.09,20.09,1013,51,3.79,297,0,0.0,Clear,clear sky,18
Dabas,47.194722,19.328889,2026-07-23 18:49:13.226096,18.16,17.39,18.16,18.16,1013,52,3.84,296,0,0.0,Clear,clear sky,18
Gyón,47.178333,19.355556,2026-07-23 18:49:14.418286,18.19,17.42,18.19,18.19,1013,52,3.84,296,0,0.0,Clear,clear sky,18
Hernád,47.161389,19.4025,2026-07-23 18:49:15.622061,18.11,17.33,18.11,18.11,1013,52,3.87,296,0,0.0,Clear,clear sky,18
Bakonygyirót,47.416389,17.811944,2026-07-23 18:49:16.822711,18.35,17.68,18.35,18.35,1014,55,4.99,359,30,106.51,Rain,extreme rain,18
Vinye,47.360317,17.819635,2026-07-23 18:49:18.022240,17.83,17.1,17.83,17.83,1014,55,4.12,347,22,44.37,Rain,very heavy rain,18
Nemesgörzsöny,47.402924,17.376385,2026-07-23 18:49:19.220347,19.07,18.39,19.07,19.07,1014,52,4.36,345,0,0.0,Clear,clear sky,18
Rábahíd,47.438618,17.337525,2026-07-23 18:49:20.421523,19.05,18.39,19.05,19.05,1014,53,4.14,344,1,0.0,Clear,clear sky,18
Öskü,47.162222,18.076389,2026-07-23 18:49:21.613197,18.15,17.43,18.15,18.15,1014,54,2.5,316,0,0.0,Clear,clear sky,18
Márkó,47.1275,17.813889,2026-07-23 18:49:22.811134,19.86,19.36,19.86,19.86,1014,56,2.92,299,9,0.0,Clear,clear sky,18
Nemeskocs,47.203333,17.188889,2026-07-23 18:49:24.010779,19.16,18.52,19.16,19.16,1014,53,5.15,323,6,0.0,Clear,clear sky,18
Zalagyömörő,47.011111,17.220833,2026-07-23 18:49:25.211001,19.02,18.39,19.02,19.02,1014,54,3.8,320,38,0.0,Clouds,scattered clouds,18
Rigács,47.061667,17.199167,2026-07-23 18:49:26.408637,18.96,18.32,18.96,18.96,1014,54,3.93,320,31,0.0,Clouds,scattered clouds,18
Kemenespálfa,47.139722,17.183056,2026-07-23 18:49:27.607354,19.1,18.48,19.1,19.1,1014,54,4.61,322,21,0.0,Clouds,few clouds,18
Lentiszombathely,46.611389,16.5725,2026-07-23 18:49:28.801257,13.28,12.6,13.28,13.28,1015,74,1.41,218,100,0.0,Clouds,overcast clouds,18
Ortaháza,46.626667,16.685833,2026-07-23 18:49:30.003061,18.46,18.19,18.46,18.46,1015,70,1.06,246,100,0.0,Clouds,overcast clouds,18
Rádiháza,46.654722,16.765833,2026-07-23 18:49:31.209693,18.61,18.28,18.61,18.61,1015,67,1.0,272,100,0.0,Clouds,overcast clouds,18
Baktüttös,46.690833,16.826389,2026-07-23 18:49:32.399381,18.93,18.5,18.93,18.93,1015,62,1.52,317,100,0.0,Clouds,overcast clouds,18
Budafa,46.851667,16.624722,2026-07-23 18:49:33.601928,19.11,18.54,19.11,19.11,1015,56,0.81,274,91,0.0,Clouds,overcast clouds,18
Zalapatakalja,46.845556,16.603889,2026-07-23 18:49:34.803905,19.04,18.51,19.04,19.04,1015,58,1.11,235,97,0.0,Clouds,overcast clouds,18
Tormásliget,47.430556,16.781667,2026-07-23 18:49:35.997970,17.52,16.87,17.52,17.52,1015,59,5.73,317,2,0.0,Clear,clear sky,18
Belecska,46.64,18.411389,2026-07-23 18:49:37.197563,19.16,18.33,19.16,19.16,1014,46,3.42,335,100,0.0,Clouds,overcast clouds,18
Almár,47.956111,20.356944,2026-07-23 18:49:38.401747,14.9,15.06,14.79,18.59,1012,100,3.71,296,0,0.0,Clear,clear sky,18
Vasútmúzeum,47.543889,19.099444,2026-07-23 18:49:39.600761,19.11,18.54,18.31,20.51,1013,56,1.34,266,0,0.0,Clear,clear sky,18
Abda,47.690833,17.540556,2026-07-23 18:49:40.798964,18.77,18.14,18.77,18.77,1014,55,5.27,13,6,0.0,Clear,clear sky,18
Vadaspark,47.526111,18.949167,2026-07-23 18:49:42.020156,17.58,16.86,16.51,18.7,1013,56,1.34,248,0,0.0,Clear,clear sky,18
Barosstelep,47.398889,18.989167,2026-07-23 18:49:43.219087,19.99,19.45,18.37,20.57,1013,54,2.24,291,2,0.0,Clear,clear sky,18
Fegyvernek-Örményes,47.194444,20.5575,2026-07-23 18:49:44.434518,18.79,18.11,18.79,18.79,1012,53,4.45,301,0,0.0,Clear,clear sky,18
Zagyvapálfalva,48.068889,19.785,2026-07-23 18:49:45.636399,16.2,15.47,16.2,16.2,1012,61,3.73,285,9,0.0,Clear,clear sky,18
Salgótarján,48.105556,19.807222,2026-07-23 18:49:46.834496,15.43,14.62,15.43,15.43,1012,61,3.83,280,15,0.0,Clouds,few clouds,18
Szabadisóstó,46.933889,18.118056,2026-07-23 18:49:48.029117,21.06,20.06,21.06,21.06,1014,32,2.66,348,38,0.0,Clouds,scattered clouds,18
Siófok,46.907778,18.053889,2026-07-23 18:49:49.231042,21.06,20.06,21.06,21.06,1014,32,2.66,343,44,0.0,Clouds,scattered clouds,18
Balatonszéplak felső,46.898056,18.018056,2026-07-23 18:49:50.416816,21.06,20.06,21.06,21.06,1014,32,3.13,315,53,0.0,Clouds,broken clouds,18
Balatonszéplak alsó,46.891944,17.993333,2026-07-23 18:49:51.619227,21.06,20.06,21.06,21.06,1014,32,3.13,315,54,0.0,Clouds,broken clouds,18
Zamárdi felső,46.886111,17.969444,2026-07-23 18:49:52.823636,21.07,20.07,21.07,21.07,1014,32,3.13,315,54,0.0,Clouds,broken clouds,18
Zamárdi,46.88,17.944722,2026-07-23 18:49:54.016916,21.01,20.0,21.01,21.01,1014,32,3.13,315,54,0.0,Clouds,broken clouds,18
Szántód,46.861944,17.899167,2026-07-23 18:49:55.217333,21.08,20.08,21.08,21.08,1014,32,3.13,315,68,0.0,Clouds,broken clouds,18
Szőny-Déli,47.735278,18.141944,2026-07-23 18:49:56.413209,20.62,20.2,20.62,20.62,1014,56,6.12,343,6,0.0,Clear,clear sky,18
Várpalota,47.194444,18.149167,2026-07-23 18:49:57.614414,17.84,17.09,17.84,17.84,1013,54,2.7,319,0,0.0,Clear,clear sky,18
Pétfürdő,47.1675,18.121389,2026-07-23 18:49:58.813622,18.29,17.58,18.29,18.29,1014,54,2.59,319,0,0.0,Clear,clear sky,18
Hajmáskér,47.141111,18.009444,2026-07-23 18:50:00.013379,20.66,20.19,20.66,20.66,1014,54,2.52,313,0,0.0,Clear,clear sky,18
Veszprém,47.118889,17.91,2026-07-23 18:50:01.214816,20.45,19.99,20.45,20.45,1014,55,2.58,303,2,0.0,Clear,clear sky,18
Herend,47.136944,17.760278,2026-07-23 18:50:02.404959,19.64,19.12,19.64,19.64,1014,56,3.08,299,10,0.0,Clear,clear sky,18
Városlőd,47.144167,17.652778,2026-07-23 18:50:03.594795,17.28,16.5,17.28,17.28,1014,55,4.06,306,7,0.0,Clear,clear sky,18
Városlőd-Kislőd,47.133889,17.631111,2026-07-23 18:50:04.798442,17.7,16.96,17.7,17.7,1014,55,3.93,305,10,0.0,Clear,clear sky,18
Ajka,47.105902,17.572938,2026-07-23 18:50:05.990770,18.24,17.56,18.24,18.24,1014,55,4.31,310,10,0.0,Clear,clear sky,18
Ajka-Gyártelep,47.096806,17.555219,2026-07-23 18:50:07.188073,18.24,17.56,18.24,18.24,1014,55,4.31,310,10,0.0,Clear,clear sky,18
Devecser,47.1125,17.435278,2026-07-23 18:50:08.399157,18.69,18.02,18.69,18.69,1014,54,4.49,314,4,0.0,Clear,clear sky,18
Somlóvásárhely,47.124444,17.369167,2026-07-23 18:50:09.609271,18.8,18.15,18.8,18.8,1014,54,4.67,317,0,0.0,Clear,clear sky,18
Tüskevár,47.128611,17.331389,2026-07-23 18:50:10.801711,18.91,18.27,18.91,18.91,1014,54,4.6,317,0,0.0,Clear,clear sky,18
Karakószörcsök,47.133611,17.287778,2026-07-23 18:50:12.009695,18.97,18.33,18.97,18.97,1014,54,4.53,318,1,0.0,Clear,clear sky,18
Kerta,47.151944,17.237222,2026-07-23 18:50:13.217556,19.13,18.51,19.13,19.13,1014,54,4.75,321,10,0.0,Clear,clear sky,18
Boba,47.183333,17.191389,2026-07-23 18:50:14.415486,19.13,18.48,19.13,19.13,1014,53,4.99,323,10,0.0,Clear,clear sky,18
Börgönd,47.140278,18.515,2026-07-23 18:50:15.622427,18.24,17.53,18.24,18.24,1013,54,2.33,323,0,0.0,Clear,clear sky,18
Belsőbáránd,47.102778,18.499722,2026-07-23 18:50:16.821180,18.23,17.49,18.23,18.23,1013,53,2.45,328,0,0.0,Clear,clear sky,18
Zichyújfalu,47.124444,18.6725,2026-07-23 18:50:18.018962,18.19,17.47,18.19,18.19,1013,54,2.41,318,0,0.0,Clear,clear sky,18
Seregélyes,47.121111,18.580556,2026-07-23 18:50:19.213762,18.37,17.67,18.37,18.37,1013,54,2.34,322,0,0.0,Clear,clear sky,18
Polgárdi-Ipartelepek,47.079167,18.314444,2026-07-23 18:50:20.407455,18.08,17.33,18.08,18.08,1013,53,2.48,337,11,0.0,Clouds,few clouds,18
Polgárdi,47.07,18.284167,2026-07-23 18:50:21.615418,18.08,17.33,18.08,18.08,1013,53,2.48,337,11,0.0,Clouds,few clouds,18
Füle,47.05,18.255278,2026-07-23 18:50:22.813583,18.1,17.32,18.1,18.1,1013,52,2.55,341,17,0.0,Clouds,few clouds,18
Zánka-Erzsébettábor,46.8775,17.709167,2026-07-23 18:50:24.026019,21.01,20.0,21.01,21.01,1014,32,3.8,317,76,0.0,Clouds,broken clouds,18
Csajág,47.033889,18.186389,2026-07-23 18:50:25.223792,20.9,20.4,20.9,20.9,1013,52,2.51,344,20,0.0,Clouds,few clouds,18
Balatonakarattya,47.017222,18.167778,2026-07-23 18:50:26.421054,20.75,20.24,20.75,20.75,1013,52,2.51,344,20,0.0,Clouds,few clouds,18
Csittényhegy,47.025278,18.1375,2026-07-23 18:50:27.612261,20.97,20.48,20.97,20.97,1013,52,2.46,343,18,0.0,Clouds,few clouds,18
Balatonkenese,47.0325,18.105556,2026-07-23 18:50:28.812327,21.05,20.57,21.05,21.05,1014,52,2.42,340,15,0.0,Clouds,few clouds,18
Balatonfűzfő,47.060278,18.0425,2026-07-23 18:50:30.021436,21.08,20.08,21.08,21.08,1014,32,2.34,327,4,0.0,Clear,clear sky,18
Balatonalmádi,47.028333,18.015,2026-07-23 18:50:31.228484,21.05,20.05,21.05,21.05,1014,32,2.39,331,9,0.0,Clear,clear sky,18
Káptalanfüred,47.008889,18.003889,2026-07-23 18:50:32.420017,21.08,20.08,21.08,21.08,1014,32,2.46,331,16,0.0,Clouds,few clouds,18
Alsóörs,46.985278,17.974722,2026-07-23 18:50:33.624972,21.09,20.09,21.09,21.09,1014,32,3.13,315,16,0.0,Clouds,few clouds,18
Csopak,46.974722,17.931111,2026-07-23 18:50:34.830003,20.96,19.95,20.96,20.96,1014,32,3.13,315,31,0.0,Clouds,scattered clouds,18
Balatonarács,46.9625,17.8975,2026-07-23 18:50:36.379920,20.86,19.84,20.86,20.86,1014,32,3.13,315,31,0.0,Clouds,scattered clouds,18
Balatonfüred,46.955833,17.883056,2026-07-23 18:50:37.901453,20.93,19.91,20.93,20.93,1014,32,3.13,315,43,0.0,Clouds,scattered clouds,18
Aszófő,46.925556,17.8325,2026-07-23 18:50:39.293246,21.03,20.02,21.03,21.03,1014,32,3.13,315,54,0.0,Clouds,broken clouds,18
Örvényes,46.9125,17.818056,2026-07-23 18:50:40.799115,21.05,20.05,21.05,21.05,1014,32,3.13,315,54,0.0,Clouds,broken clouds,18
Balatonudvari,46.904722,17.808056,2026-07-23 18:50:42.277389,21.08,20.08,21.08,21.08,1014,32,3.13,315,57,0.0,Clouds,broken clouds,18
Fövenyes,46.893611,17.789444,2026-07-23 18:50:43.871112,21.1,20.1,21.1,21.1,1014,32,3.13,315,65,0.0,Clouds,broken clouds,18
Balatonakali-Dörgicse,46.88,17.747778,2026-07-23 18:50:45.182021,21.09,20.09,21.09,21.09,1014,32,3.48,318,67,0.0,Clouds,broken clouds,18
Zánka-Köveskál,46.872778,17.687778,2026-07-23 18:50:46.599585,21.08,20.08,21.08,21.08,1014,32,3.86,317,76,0.0,Clouds,broken clouds,18
Balatonszepezd,46.851111,17.663056,2026-07-23 18:50:47.930509,21.08,20.08,21.08,21.08,1014,32,4.02,317,84,0.0,Clouds,broken clouds,18
Szepezdfürdő,46.839722,17.649444,2026-07-23 18:50:49.259111,21.05,20.59,21.05,21.05,1014,53,4.06,317,83,0.0,Clouds,broken clouds,18
Révfülöp,46.829167,17.632222,2026-07-23 18:50:50.508609,21.06,20.61,21.06,21.06,1014,53,4.06,317,83,0.0,Clouds,broken clouds,18
Balatonrendes,46.824722,17.582778,2026-07-23 18:50:51.757166,21.06,20.61,21.06,21.06,1014,53,4.18,318,89,0.0,Clouds,overcast clouds,18
Ábrahámhegy,46.815,17.572222,2026-07-23 18:50:53.003166,21.03,20.57,21.03,21.03,1014,53,4.18,318,89,0.0,Clouds,overcast clouds,18
Badacsonyörs,46.805556,17.531667,2026-07-23 18:50:54.204706,19.53,18.9,19.53,19.53,1014,52,4.14,319,88,0.0,Clouds,overcast clouds,18
Kisújszállás,47.223889,20.751111,2026-07-23 18:50:55.403155,18.7,18.06,18.7,18.7,1012,55,4.02,297,0,0.0,Clear,clear sky,18
Karcag,47.303333,20.928056,2026-07-23 18:50:56.604672,18.67,18.03,18.67,18.67,1012,55,3.95,299,0,0.0,Clear,clear sky,18
Püspökladány,47.3275,21.128889,2026-07-23 18:50:57.814682,18.73,18.12,18.73,18.73,1012,56,4.0,305,0,0.0,Clear,clear sky,18
Kaba,47.368889,21.259444,2026-07-23 18:50:59.016740,18.5,17.92,18.5,18.5,1011,58,3.67,326,0,0.0,Clear,clear sky,18
Hajdúszoboszló,47.429444,21.406944,2026-07-23 18:51:00.220129,17.27,16.8,17.27,17.27,1012,67,4.02,17,5,0.0,Clear,clear sky,18
Ebes,47.462778,21.488889,2026-07-23 18:51:01.498238,16.62,16.24,16.62,16.62,1012,73,4.38,28,6,0.36,Rain,light rain,18
Debrecen,47.520278,21.628611,2026-07-23 18:51:02.689370,15.28,15.03,15.28,15.28,1012,83,4.58,37,3,0.0,Clear,clear sky,18
Debrecen-Csapókert,47.540556,21.648056,2026-07-23 18:51:03.886235,14.88,14.64,14.88,14.88,1012,85,4.5,37,3,0.0,Clear,clear sky,18
Apafa,47.584045,21.655858,2026-07-23 18:51:05.096568,14.76,14.54,14.76,14.76,1012,86,4.42,39,2,0.0,Clear,clear sky,18
Bocskaikert,47.6425,21.666389,2026-07-23 18:51:06.290939,14.57,14.33,14.57,14.57,1012,86,4.1,39,2,0.0,Clear,clear sky,18
Hajdúhadház,47.686944,21.679167,2026-07-23 18:51:07.510922,14.67,14.44,14.67,14.67,1012,86,4.06,36,3,0.0,Clear,clear sky,18
Téglás,47.714722,21.684722,2026-07-23 18:51:08.717972,14.77,14.52,14.77,14.77,1012,85,3.97,35,3,0.0,Clear,clear sky,18
Újfehértó,47.814444,21.706389,2026-07-23 18:51:09.915631,15.01,14.76,15.01,15.01,1012,84,3.73,34,0,0.0,Clear,clear sky,18
Nyíregyháza,47.946667,21.705556,2026-07-23 18:51:11.104602,14.78,14.53,14.78,14.78,1012,85,3.7,37,0,0.0,Clear,clear sky,18
Sóstó,47.998051,21.729047,2026-07-23 18:51:12.308007,19.26,19.49,19.26,19.26,1012,86,3.34,35,7,0.0,Clear,clear sky,18
Sóstóhegy,48.012222,21.742778,2026-07-23 18:51:13.515547,19.26,19.51,19.26,19.26,1012,87,3.19,35,13,0.0,Clouds,few clouds,18
Kemecse,48.065556,21.801667,2026-07-23 18:51:14.707716,14.38,14.17,14.38,14.38,1012,88,2.67,32,33,0.0,Clouds,scattered clouds,18
Nyírbogdány,48.082222,21.855278,2026-07-23 18:51:15.899593,14.33,14.14,14.33,14.33,1012,89,2.44,31,46,0.0,Clouds,scattered clouds,18
Kék,48.093333,21.883889,2026-07-23 18:51:17.098267,14.34,14.15,14.34,14.34,1012,89,2.42,29,49,0.0,Clouds,scattered clouds,18
Demecser,48.111667,21.926667,2026-07-23 18:51:18.299125,14.38,14.2,14.38,14.38,1012,89,2.3,29,61,0.0,Clouds,broken clouds,18
Gégény,48.128333,21.951944,2026-07-23 18:51:19.497433,14.39,14.21,14.39,14.39,1012,89,2.22,31,70,0.0,Clouds,broken clouds,18
Pátroha,48.158611,21.996667,2026-07-23 18:51:20.690415,14.44,14.26,14.44,14.44,1012,89,2.19,32,75,0.0,Clouds,broken clouds,18
Ajak,48.1865,22.048972,2026-07-23 18:51:21.890630,14.46,14.29,14.46,14.46,1012,89,2.22,34,77,0.0,Clouds,broken clouds,18
Kisvárda,48.208333,22.078333,2026-07-23 18:51:23.090089,14.44,14.26,14.44,14.44,1012,89,2.38,34,64,0.0,Clouds,broken clouds,18
Kisvárda-Hármasút,48.228333,22.091944,2026-07-23 18:51:24.470766,14.44,14.26,14.44,14.44,1012,89,2.38,34,64,0.85,Rain,light rain,18
Fényeslitke,48.267222,22.107222,2026-07-23 18:51:25.899874,14.43,14.25,14.43,14.43,1012,89,2.58,37,64,0.74,Rain,light rain,18
Komoró,48.305278,22.118056,2026-07-23 18:51:27.350983,14.49,14.32,14.49,14.49,1012,89,2.66,38,68,0.7,Rain,light rain,18
Tuzsér,48.342222,22.131667,2026-07-23 18:51:28.922266,14.49,14.29,14.49,14.49,1012,88,2.81,37,75,0.61,Rain,light rain,18
Tiszabezdéd,48.371389,22.145,2026-07-23 18:51:30.257101,14.46,14.26,14.46,14.46,1012,88,2.92,34,69,0.0,Clouds,broken clouds,18
Záhony,48.402222,22.183611,2026-07-23 18:51:31.706820,14.39,14.18,14.39,14.39,1012,88,2.99,31,63,0.36,Rain,light rain,18
Karcag-Vásártér,47.3225,20.9075,2026-07-23 18:51:33.343758,18.89,18.27,18.89,18.89,1012,55,3.95,299,0,0.0,Clear,clear sky,18
Berekfürdő,47.374722,20.827222,2026-07-23 18:51:34.536850,18.88,18.26,18.88,18.88,1012,55,3.88,302,0,0.0,Clear,clear sky,18
Kunmadaras,47.415278,20.793056,2026-07-23 18:51:35.987080,18.87,18.22,18.87,18.87,1012,54,3.84,306,0,0.0,Clear,clear sky,18
Tiszaszentimre,47.490833,20.733056,2026-07-23 18:51:37.429147,18.88,18.23,18.88,18.88,1012,54,3.71,312,0,0.0,Clear,clear sky,18
Tiszaszőlős,47.555556,20.728056,2026-07-23 18:51:38.649647,18.88,18.23,18.88,18.88,1012,54,3.66,313,0,0.0,Clear,clear sky,18
Hosszúhát,47.235556,21.101944,2026-07-23 18:51:39.848521,18.96,18.35,18.96,18.96,1012,55,4.3,296,1,0.0,Clear,clear sky,18
Szerep,47.234444,21.145833,2026-07-23 18:51:41.042306,19.0,18.39,19.0,19.0,1012,55,4.35,297,2,0.0,Clear,clear sky,18
Sárrétudvari,47.231667,21.180833,2026-07-23 18:51:42.236602,19.03,18.42,19.03,19.03,1011,55,4.37,297,2,0.0,Clear,clear sky,18
Biharnagybajom,47.208889,21.221944,2026-07-23 18:51:43.432409,19.12,18.5,19.12,19.12,1011,54,4.49,298,3,0.0,Clear,clear sky,18
Füzesgyarmat,47.113056,21.194444,2026-07-23 18:51:44.631524,19.12,18.52,19.12,19.12,1012,55,4.53,297,4,0.0,Clear,clear sky,18
Füzesgyarmatfürdő,47.093787,21.201582,2026-07-23 18:51:45.831310,19.12,18.52,19.12,19.12,1012,55,4.53,297,4,0.0,Clear,clear sky,18
Báránd,47.299722,21.235278,2026-07-23 18:51:47.031834,18.84,18.24,18.84,18.84,1011,56,4.03,310,1,0.0,Clear,clear sky,18
Sáp,47.259722,21.360556,2026-07-23 18:51:48.225382,19.05,18.45,19.05,19.05,1011,55,4.18,310,2,0.0,Clear,clear sky,18
Berettyóújfalu,47.211944,21.535556,2026-07-23 18:51:49.416331,19.0,18.42,19.0,19.0,1011,56,4.26,323,6,0.0,Clear,clear sky,18
Mezőpeterd,47.176111,21.625278,2026-07-23 18:51:50.615292,16.39,15.6,16.39,16.39,1011,58,4.1,326,13,0.0,Clouds,few clouds,18
Biharkeresztes,47.135556,21.721389,2026-07-23 18:51:51.828343,16.36,16.22,16.36,16.36,1011,83,3.42,313,20,0.0,Clouds,few clouds,18
Tócóvölgy,47.529444,21.588889,2026-07-23 18:51:53.019354,15.49,15.21,15.49,15.49,1012,81,4.57,38,3,0.0,Clear,clear sky,18
Sáregres,46.7825,18.588889,2026-07-23 18:51:54.212533,18.7,17.88,18.7,18.7,1013,48,3.7,342,92,0.0,Clouds,overcast clouds,18
Simontornya,46.756582,18.540674,2026-07-23 18:51:55.417074,18.71,17.89,18.71,18.71,1013,48,3.7,342,99,0.0,Clouds,overcast clouds,18
Tolnanémedi,46.727778,18.475833,2026-07-23 18:51:56.610076,18.84,18.01,18.84,18.84,1013,47,3.66,342,100,0.0,Clouds,overcast clouds,18
Pincehely,46.681389,18.43,2026-07-23 18:51:57.811935,18.88,18.05,18.88,18.88,1014,47,3.53,339,100,0.0,Clouds,overcast clouds,18
Keszőhidegkút-Gyönk,46.597778,18.426111,2026-07-23 18:51:59.013097,19.15,18.32,19.15,19.15,1014,46,3.36,333,100,0.0,Clouds,overcast clouds,18
Szárazd,46.575556,18.420833,2026-07-23 18:52:00.205551,19.27,18.43,19.27,19.27,1014,45,3.3,331,100,0.0,Clouds,overcast clouds,18
Regöly,46.568889,18.396111,2026-07-23 18:52:01.396073,19.27,18.43,19.27,19.27,1014,45,3.3,331,100,0.0,Clouds,overcast clouds,18
Szakály-Hőgyész,46.523611,18.389444,2026-07-23 18:52:02.586120,19.39,18.56,19.39,19.39,1014,45,3.27,324,100,0.0,Clouds,overcast clouds,18
Dúzs,46.493889,18.377222,2026-07-23 18:52:03.785247,19.51,18.67,19.51,19.51,1014,44,3.22,322,99,0.0,Clouds,overcast clouds,18
Csibrák,46.466667,18.336389,2026-07-23 18:52:04.983544,19.68,18.85,19.68,19.68,1014,44,3.27,319,98,0.0,Clouds,overcast clouds,18
Kurd,46.449167,18.319167,2026-07-23 18:52:06.178250,19.39,18.53,19.39,19.39,1014,44,3.22,317,98,0.0,Clouds,overcast clouds,18
Döbrököz,46.418889,18.255,2026-07-23 18:52:07.369510,19.76,18.94,19.76,19.76,1014,44,3.28,313,98,0.0,Clouds,overcast clouds,18
Dombóvár,46.37,18.149722,2026-07-23 18:52:08.570445,19.68,18.9,19.68,19.68,1014,46,3.16,307,99,0.0,Clouds,overcast clouds,18
Dombóvár alsó,46.363889,18.134167,2026-07-23 18:52:09.765203,19.68,18.9,19.68,19.68,1014,46,3.16,307,99,0.0,Clouds,overcast clouds,18
Somoskőújfalu,48.154722,19.815556,2026-07-23 18:52:10.963262,14.21,13.28,14.21,14.21,1012,61,3.91,278,20,0.0,Clouds,few clouds,18
Jászfényszaru,47.593056,19.754444,2026-07-23 18:52:12.161724,17.98,17.22,17.98,17.98,1012,53,5.43,317,2,0.0,Clear,clear sky,18
Pusztamonostor,47.564444,19.794167,2026-07-23 18:52:13.353154,18.27,17.54,18.27,18.27,1012,53,4.67,302,2,0.0,Clear,clear sky,18
Jászberény,47.494444,19.893333,2026-07-23 18:52:14.546502,18.37,17.65,18.37,18.37,1012,53,4.4,291,0,0.0,Clear,clear sky,18
Meggyespele,47.441944,19.938889,2026-07-23 18:52:15.741573,18.39,17.62,18.39,18.39,1012,51,4.27,286,0,0.0,Clear,clear sky,18
Portelek,47.418056,19.958889,2026-07-23 18:52:16.947087,18.41,17.64,18.41,18.41,1012,51,4.26,286,0,0.0,Clear,clear sky,18
Jászboldogháza-Jánoshida,47.366944,20.001389,2026-07-23 18:52:18.147562,18.4,17.63,18.4,18.4,1012,51,4.19,284,0,0.0,Clear,clear sky,18
Jászárokszállás,47.635556,19.971111,2026-07-23 18:52:19.346680,18.05,17.35,18.05,18.05,1012,55,4.53,301,1,0.0,Clear,clear sky,18
Jászdózsa,47.563056,20.028056,2026-07-23 18:52:20.539796,18.19,17.47,18.19,18.19,1012,54,4.29,295,0,0.0,Clear,clear sky,18
Jászapáti,47.513611,20.155,2026-07-23 18:52:21.731459,18.32,17.62,18.32,18.32,1012,54,4.03,291,0,0.0,Clear,clear sky,18
Jászkisér,47.456111,20.203333,2026-07-23 18:52:22.922795,18.9,18.23,18.9,18.9,1012,53,3.93,288,0,0.0,Clear,clear sky,18
Jászladány,47.373333,20.159167,2026-07-23 18:52:24.119940,18.45,17.71,18.45,18.45,1012,52,3.92,282,2,0.0,Clear,clear sky,18
Szászberek,47.320556,20.090833,2026-07-23 18:52:25.318275,18.44,17.67,18.44,20.55,1012,51,3.96,281,3,0.0,Clear,clear sky,18
Gyöngyöshalász,47.743056,19.932222,2026-07-23 18:52:26.518345,17.56,16.86,17.56,17.56,1012,57,4.9,310,0,0.0,Clear,clear sky,18
Gyöngyös,47.783056,19.937222,2026-07-23 18:52:27.707779,17.12,16.4,17.12,17.12,1012,58,4.78,308,0,0.0,Clear,clear sky,18
Erdőtelek,47.683333,20.3025,2026-07-23 18:52:28.901556,17.64,16.97,17.64,17.64,1012,58,4.17,296,0,0.0,Clear,clear sky,18
Heves,47.609444,20.306111,2026-07-23 18:52:30.119612,18.83,18.23,18.83,18.83,1012,56,4.05,295,0,0.0,Clear,clear sky,18
Hevesvezekény,47.562222,20.365833,2026-07-23 18:52:31.331361,18.87,18.22,18.87,18.87,1012,54,3.98,294,0,0.0,Clear,clear sky,18
Tarnaszentmiklós,47.546944,20.390833,2026-07-23 18:52:32.664427,18.88,18.23,18.88,18.88,1012,54,3.96,293,0,0.0,Clear,clear sky,18
Kisköre,47.495556,20.481667,2026-07-23 18:52:34.229952,18.9,18.26,18.9,18.9,1012,54,0.89,326,0,0.0,Clear,clear sky,18
Abádszalók,47.455278,20.553056,2026-07-23 18:52:35.655459,18.88,18.23,18.88,18.88,1012,54,0.89,326,1,0.0,Clear,clear sky,18
Kunhegyes,47.376667,20.641111,2026-07-23 18:52:36.862456,18.88,18.23,18.88,18.88,1012,54,4.26,289,3,0.0,Clear,clear sky,18
Kenderes,47.254444,20.686111,2026-07-23 18:52:38.080038,18.91,18.27,18.91,18.91,1012,54,4.71,287,5,0.0,Clear,clear sky,18
Maklár,47.808056,20.404722,2026-07-23 18:52:39.289985,15.13,14.29,15.13,15.13,1012,61,4.24,298,0,0.0,Clear,clear sky,18
Andornaktálya,47.852203,20.402295,2026-07-23 18:52:40.495156,15.07,14.25,15.07,18.87,1012,62,4.33,300,0,0.0,Clear,clear sky,18
Eger,47.891667,20.381667,2026-07-23 18:52:41.685473,14.98,14.18,14.98,18.78,1012,63,4.25,301,0,0.0,Clear,clear sky,18
Egervár,47.908056,20.380556,2026-07-23 18:52:42.877003,14.82,14.97,14.8,18.6,1012,100,4.24,301,0,0.0,Clear,clear sky,18
Eger-Felnémet,47.936667,20.370556,2026-07-23 18:52:44.093277,14.93,15.09,14.85,18.65,1012,100,4.24,301,0,0.0,Clear,clear sky,18
Szarvaskő,47.988611,20.3325,2026-07-23 18:52:45.298579,14.46,14.57,14.44,18.0,1012,100,4.18,299,0,0.0,Clear,clear sky,18
Mónosbél,48.031944,20.33,2026-07-23 18:52:46.489712,14.41,14.52,14.26,17.82,1012,100,4.25,294,1,0.0,Clear,clear sky,18
Bélapátfalva,48.055556,20.340556,2026-07-23 18:52:47.695593,14.31,14.07,13.97,17.53,1012,87,4.31,291,2,0.0,Clear,clear sky,18
Bélapátfalvi Cementgyár,48.058056,20.355,2026-07-23 18:52:48.894444,14.12,13.94,13.92,17.48,1012,90,4.31,291,2,0.0,Clear,clear sky,18
Szilvásvárad,48.11345,20.37919,2026-07-23 18:52:50.108996,14.75,14.4,13.79,17.35,1012,81,4.48,286,3,0.0,Clear,clear sky,18
Hejőkeresztúr,47.960278,20.869444,2026-07-23 18:52:51.312869,19.13,18.51,17.02,19.13,1012,54,4.6,320,16,0.0,Clouds,few clouds,18
Tiszaújváros,47.926111,21.030556,2026-07-23 18:52:52.508667,19.18,18.96,19.18,19.18,1012,69,4.01,318,25,0.0,Clouds,scattered clouds,18
Miskolc-Gömöri,48.106667,20.800278,2026-07-23 18:52:53.709373,17.52,17.47,15.22,19.03,1012,82,3.96,328,28,0.0,Clouds,scattered clouds,18
Sajókeresztúr,48.168008,20.774014,2026-07-23 18:52:54.911104,16.92,17.28,15.17,18.97,1012,100,3.36,330,35,0.0,Clouds,scattered clouds,18
Sajóecseg,48.186111,20.766667,2026-07-23 18:52:56.105672,16.9,17.26,15.21,19.01,1012,100,3.01,333,39,0.0,Clouds,scattered clouds,18
Sajószentpéter,48.222222,20.708056,2026-07-23 18:52:57.304536,16.51,16.83,15.11,18.92,1012,100,2.67,330,40,0.0,Clouds,scattered clouds,18
Kazincbarcika,48.264444,20.6275,2026-07-23 18:52:58.506768,16.65,16.25,15.12,18.68,1012,72,2.34,304,22,0.0,Clouds,few clouds,18
Sajókaza,48.272778,20.581944,2026-07-23 18:52:59.699570,18.66,18.44,15.11,18.67,1012,71,2.55,298,17,0.0,Clouds,few clouds,18
Vadna,48.276389,20.555278,2026-07-23 18:53:00.901393,18.46,18.22,15.09,18.65,1012,71,2.55,298,17,0.0,Clouds,few clouds,18
Dubicsány,48.280833,20.504722,2026-07-23 18:53:02.092000,18.35,17.52,15.08,18.64,1012,49,3.31,285,6,0.0,Clear,clear sky,18
Raposka,46.851389,17.412778,2026-07-23 18:53:03.294124,19.56,18.93,19.56,19.56,1014,52,4.18,300,78,0.0,Clouds,broken clouds,18
Ivacs,47.641944,19.273889,2026-07-23 18:53:04.493088,18.86,18.24,17.23,20.13,1013,55,3.72,319,0,0.0,Clear,clear sky,18
Kisköre-Tiszahíd,47.480835,20.507698,2026-07-23 18:53:05.709341,18.3,17.62,18.3,18.3,1012,55,3.99,290,1,0.0,Clear,clear sky,18
Rozsály,47.912778,22.7825,2026-07-23 18:53:06.903276,15.03,14.89,15.03,15.03,1011,88,4.44,91,100,0.0,Clouds,overcast clouds,18
Pusztakettős,47.453611,20.749722,2026-07-23 18:53:08.098986,18.54,17.89,18.54,18.54,1012,55,4.1,294,2,0.0,Clear,clear sky,18
Kisvác,47.795278,19.113611,2026-07-23 18:53:09.292542,18.27,17.69,17.56,18.27,1013,59,3.09,320,2,0.0,Clear,clear sky,18
Tiszafüred-Gyártelep,47.6075,20.736111,2026-07-23 18:53:10.507199,18.19,17.55,18.19,18.19,1012,57,3.66,299,0,0.0,Clear,clear sky,18
Újkenéz,48.251111,22.221667,2026-07-23 18:53:11.712373,14.16,13.96,14.16,14.16,1012,89,4.35,9,95,0.0,Clouds,overcast clouds,18
Püspökladány-Vásártér,47.319167,21.096111,2026-07-23 18:53:12.903323,18.81,18.18,18.81,18.81,1012,55,4.88,289,21,0.0,Clouds,few clouds,18
Végegyháza alsó,46.3675,20.866944,2026-07-23 18:53:14.097021,20.05,19.47,20.05,20.05,1013,52,3.22,314,51,0.0,Clouds,broken clouds,18
Orosháza felső,46.553611,20.655278,2026-07-23 18:53:15.299216,19.47,18.83,19.47,19.47,1012,52,4.26,314,87,0.0,Clouds,overcast clouds,18
Ambrózfalva,46.353056,20.740556,2026-07-23 18:53:16.506995,19.35,18.67,19.35,19.35,1013,51,4.11,315,68,0.0,Clouds,broken clouds,18
Alsónyék,46.199444,18.738056,2026-07-23 18:53:17.708283,19.96,19.06,19.96,19.96,1013,40,3.46,312,98,0.0,Clouds,overcast clouds,18
Tompapuszta,46.321389,20.966389,2026-07-23 18:53:18.912158,20.01,20.68,17.84,20.64,1013,100,2.7,313,19,0.0,Clouds,few clouds,18
Halászlak,46.911879,20.56228,2026-07-23 18:53:20.104659,19.15,18.48,19.15,19.15,1012,52,4.42,302,0,0.0,Clear,clear sky,18
Sirató,46.840556,20.61,2026-07-23 18:53:21.296757,19.25,18.61,19.25,19.25,1012,53,4.47,308,0,0.0,Clear,clear sky,18
Csabacsűd felső,46.829167,20.649167,2026-07-23 18:53:22.497495,19.24,18.6,19.24,19.24,1012,53,4.54,309,0,0.0,Clear,clear sky,18
Orosháza-Üveggyár,46.579979,20.683644,2026-07-23 18:53:23.693461,19.42,18.8,19.42,19.42,1012,53,4.19,314,80,0.0,Clouds,broken clouds,18
Gyulai városerdő,46.69482,21.32281,2026-07-23 18:53:24.893185,19.21,18.7,19.21,19.21,1012,58,4.62,298,42,0.0,Clouds,scattered clouds,18
Kórógyszentgyörgy,46.564377,20.224998,2026-07-23 18:53:26.091908,18.9,18.18,18.9,18.9,1013,51,3.54,314,55,0.0,Clouds,broken clouds,18
Kunszállás,46.784444,19.767222,2026-07-23 18:53:27.306350,19.52,18.96,19.52,19.52,1013,55,3.56,321,2,0.0,Clear,clear sky,18
Selymes,46.655321,19.8534,2026-07-23 18:53:28.497119,18.67,17.95,18.67,18.67,1013,52,3.49,326,0,0.0,Clear,clear sky,18
Petőfiszállási tanyák,46.587805,19.874509,2026-07-23 18:53:29.691034,20.57,20.01,20.57,20.57,1013,51,3.48,327,0,0.0,Clear,clear sky,18
Kisteleki szőlők,46.514199,19.92868,2026-07-23 18:53:30.882251,20.56,19.98,20.56,20.56,1013,50,3.53,327,0,0.0,Clear,clear sky,18
Kapitányság,46.435336,19.987564,2026-07-23 18:53:32.082426,20.58,19.74,20.58,20.58,1013,40,3.73,329,20,0.0,Clouds,few clouds,18
Őszeszék,46.39025,20.016017,2026-07-23 18:53:33.289161,20.61,19.77,20.61,20.61,1013,40,3.96,331,50,0.0,Clouds,scattered clouds,18
Vilmaszállás,46.366389,20.030833,2026-07-23 18:53:34.491104,20.59,19.75,20.59,20.59,1013,40,6.71,335,61,0.0,Clouds,broken clouds,18
Jánosszállás,46.334359,20.051199,2026-07-23 18:53:35.683179,20.62,19.78,20.62,20.62,1013,40,4.16,334,70,0.0,Clouds,broken clouds,18
Felsőpakony,47.343056,19.230556,2026-07-23 18:53:36.876672,20.25,19.64,18.33,20.53,1013,50,4.24,297,64,0.0,Clouds,broken clouds,18
Felsőméntelek,46.987074,19.557745,2026-07-23 18:53:38.073122,19.36,18.79,19.36,19.36,1013,55,3.76,310,0,0.0,Clear,clear sky,18
Alsóméntelek,46.961558,19.579121,2026-07-23 18:53:39.272488,19.39,18.82,19.39,19.39,1013,55,3.64,313,0,0.0,Clear,clear sky,18
Nagynyír,46.943319,19.585447,2026-07-23 18:53:40.486867,19.39,18.82,19.39,19.39,1013,55,0.45,332,0,0.0,Clear,clear sky,18
Úrihegy,46.917778,19.621389,2026-07-23 18:53:41.680995,19.41,18.84,19.41,19.41,1013,55,0.45,332,0,0.0,Clear,clear sky,18
Miklóstelep,46.913412,19.630913,2026-07-23 18:53:42.891218,19.43,18.86,19.43,19.43,1013,55,0.45,332,0,0.0,Clear,clear sky,18
Tiszajenő alsó,47.016944,20.134444,2026-07-23 18:53:44.081782,20.57,19.91,20.57,20.57,1012,47,1.34,262,4,0.0,Clear,clear sky,18
Óbög,46.987222,20.111111,2026-07-23 18:53:45.288834,20.55,19.89,20.55,20.55,1012,47,3.77,293,2,0.0,Clear,clear sky,18
Árpádszállás,46.866456,19.989163,2026-07-23 18:53:46.490508,19.58,18.98,19.58,20.48,1012,53,3.62,305,3,0.0,Clear,clear sky,18
Tőserdő,46.851111,19.980278,2026-07-23 18:53:47.691255,19.6,19.0,19.6,20.5,1013,53,3.59,307,3,0.0,Clear,clear sky,18
Tiszaalpár felső,46.836256,19.976753,2026-07-23 18:53:48.892403,19.63,19.03,18.84,19.63,1013,53,3.59,307,3,0.0,Clear,clear sky,18
Borsihalom,46.773056,19.92,2026-07-23 18:53:50.092126,19.62,19.02,18.83,19.62,1013,53,3.57,314,2,0.0,Clear,clear sky,18
Petőfiváros,46.725556,19.848611,2026-07-23 18:53:51.292189,19.58,18.98,19.58,19.58,1013,53,3.55,321,0,0.0,Clear,clear sky,18
Csorna,47.601944,17.248889,2026-07-23 18:53:52.481632,18.89,18.22,18.89,18.89,1014,53,4.71,2,11,0.0,Clouds,few clouds,18
Szorgalmatos,47.986667,21.366389,2026-07-23 18:53:53.685805,19.31,18.6,19.31,19.31,1012,50,3.72,355,2,0.0,Clear,clear sky,18
Fótfürdő,47.6225,19.200556,2026-07-23 18:53:54.887915,18.54,17.89,17.23,20.13,1013,55,3.11,314,0,0.0,Clear,clear sky,18
Fenyveshegy,47.818333,19.068056,2026-07-23 18:53:56.080359,18.34,17.8,18.34,18.34,1013,60,2.77,318,2,0.0,Clear,clear sky,18
Hűvösvölgy,47.541202,18.96351,2026-07-23 18:53:57.287223,18.46,17.82,17.47,19.67,1013,56,1.79,272,0,0.0,Clear,clear sky,18
Hárshegy,47.535318,18.961433,2026-07-23 18:53:58.486681,18.46,17.82,17.47,19.67,1013,56,1.79,272,0,0.0,Clear,clear sky,18
Szépjuhászné,47.528277,18.955246,2026-07-23 18:53:59.677050,17.63,16.91,16.58,18.78,1013,56,1.79,272,0,0.0,Clear,clear sky,18
Jánoshegy,47.51433,18.95047,2026-07-23 18:54:00.875299,17.6,16.88,16.49,18.69,1013,56,0.89,265,0,0.0,Clear,clear sky,18
Virágvölgy,47.505965,18.95876,2026-07-23 18:54:02.072211,17.29,16.54,16.18,18.38,1013,56,2.24,291,0,0.0,Clear,clear sky,18
Csillebérc,47.498196,18.961694,2026-07-23 18:54:03.269789,17.08,16.31,15.95,18.15,1013,56,2.24,291,0,0.0,Clear,clear sky,18
Normafa,47.5,18.970558,2026-07-23 18:54:04.470866,17.1,16.33,16.0,18.2,1013,56,2.24,291,0,0.0,Clear,clear sky,18
Széchenyihegy,47.49413,18.977049,2026-07-23 18:54:05.672903,17.13,16.36,16.02,18.22,1013,56,2.24,291,1,0.0,Clear,clear sky,18
Balatonfőkajár felső,47.031389,18.215278,2026-07-23 18:54:06.874025,20.18,19.61,20.18,20.18,1013,52,2.01,341,7,0.0,Clear,clear sky,18
Piroska,47.148333,20.129722,2026-07-23 18:54:08.079155,20.57,19.91,18.45,20.57,1012,47,1.34,262,5,0.0,Clear,clear sky,18
Somodor,46.4725,17.836667,2026-07-23 18:54:09.281084,19.52,18.75,19.52,19.52,1014,47,3.47,281,100,0.0,Clouds,overcast clouds,18
Középmező,45.995833,18.668889,2026-07-23 18:54:10.475570,21.17,20.52,21.17,21.17,1013,45,2.99,323,100,0.0,Clouds,overcast clouds,18
Jobbágyi,47.828889,19.6875,2026-07-23 18:54:11.674286,17.43,16.72,17.43,17.43,1012,57,5.08,319,0,0.0,Clear,clear sky,18
Ferihegy,47.437222,19.223889,2026-07-23 18:54:12.872116,19.73,19.14,17.46,20.37,1013,53,3.67,297,24,0.0,Clouds,few clouds,18
Máriapócs,47.852778,22.019167,2026-07-23 18:54:14.079295,14.35,14.11,14.35,14.35,1012,87,1.29,323,56,0.0,Clouds,broken clouds,18
Máriaudvar,47.751944,19.165,2026-07-23 18:54:15.279573,18.3,17.7,17.59,18.3,1013,58,3.21,322,0,0.0,Clear,clear sky,18
Nagyberki,46.353333,18.004167,2026-07-23 18:54:16.477788,19.42,18.64,19.42,19.42,1014,47,2.95,280,100,0.0,Clouds,overcast clouds,18
Badacsonytomaj,46.804722,17.518056,2026-07-23 18:54:17.684726,19.53,18.9,19.53,19.53,1014,52,4.41,302,56,0.0,Clouds,broken clouds,18
Badacsony,46.788611,17.506389,2026-07-23 18:54:18.886739,19.69,19.07,19.69,19.69,1014,52,4.38,298,65,0.0,Clouds,broken clouds,18
Badacsonylábdihegy,46.793889,17.470833,2026-07-23 18:54:20.087502,19.69,19.07,19.69,19.69,1014,52,4.38,298,65,0.0,Clouds,broken clouds,18
Badacsonytördemic-Szigliget,46.809722,17.469167,2026-07-23 18:54:21.287335,19.6,18.97,19.6,19.6,1014,52,4.37,301,61,0.0,Clouds,broken clouds,18
Nemesgulács-Kisapáti,46.836944,17.476389,2026-07-23 18:54:22.493167,19.52,18.91,19.52,19.52,1014,53,4.34,303,58,0.0,Clouds,broken clouds,18
Tapolca,46.877778,17.428611,2026-07-23 18:54:23.691368,19.41,18.76,19.41,19.41,1014,52,4.2,303,77,0.0,Clouds,broken clouds,18
Uzsabánya alsó,46.898333,17.345278,2026-07-23 18:54:24.888989,18.27,17.51,18.27,18.27,1014,52,4.19,305,93,0.0,Clouds,overcast clouds,18
Uzsa,46.920278,17.331667,2026-07-23 18:54:26.088272,18.95,18.28,18.95,18.95,1014,53,4.3,308,93,0.0,Clouds,overcast clouds,18
Sümegi Bazaltbánya,46.9525,17.2925,2026-07-23 18:54:27.286170,18.9,18.26,18.9,18.9,1015,54,4.49,311,99,0.0,Clouds,overcast clouds,18
Sümeg,46.981111,17.270833,2026-07-23 18:54:28.485810,19.07,18.44,19.07,19.07,1015,54,4.86,313,100,0.0,Clouds,overcast clouds,18
Gógánfa,47.021111,17.207778,2026-07-23 18:54:29.688563,19.02,18.39,19.02,19.02,1014,54,5.48,316,100,0.0,Clouds,overcast clouds,18
Ukk,47.041944,17.195833,2026-07-23 18:54:30.885587,19.11,18.49,19.11,19.11,1014,54,5.84,317,95,0.0,Clouds,overcast clouds,18
Nemeskeresztúr,47.093611,17.183611,2026-07-23 18:54:32.084567,19.03,18.4,19.03,19.03,1014,54,6.13,317,72,0.0,Clouds,broken clouds,18
Jánosháza,47.115833,17.171667,2026-07-23 18:54:33.282904,19.1,18.48,19.1,19.1,1014,54,6.2,317,59,0.0,Clouds,broken clouds,18
Keszthely,46.758333,17.248056,2026-07-23 18:54:34.482044,19.72,19.05,19.72,19.72,1015,50,3.51,274,94,0.0,Clouds,overcast clouds,18
Alsógyenes,46.765844,17.276435,2026-07-23 18:54:35.678760,19.77,19.11,19.77,19.77,1015,50,3.75,281,90,0.0,Clouds,overcast clouds,18
Gyenesdiás,46.763333,17.292778,2026-07-23 18:54:36.878802,19.77,19.11,19.77,19.77,1015,50,3.75,281,90,0.0,Clouds,overcast clouds,18
Vonyarcvashegy,46.755278,17.318333,2026-07-23 18:54:38.076556,19.19,18.47,19.19,19.19,1014,50,3.89,284,87,0.0,Clouds,overcast clouds,18
Balatongyörök,46.751944,17.354444,2026-07-23 18:54:39.277352,19.77,19.13,19.77,19.77,1014,51,4.02,286,84,0.0,Clouds,broken clouds,18
Becehegy,46.776111,17.372778,2026-07-23 18:54:40.475201,18.58,17.83,18.58,18.58,1014,51,4.04,290,84,0.0,Clouds,broken clouds,18
Balatonederics,46.8025,17.385,2026-07-23 18:54:41.680809,18.45,17.68,18.45,18.45,1014,51,4.07,294,84,0.0,Clouds,broken clouds,18
Dabronc,47.025766,17.167006,2026-07-23 18:54:42.879863,19.12,18.5,19.12,19.12,1015,54,5.61,316,100,0.0,Clouds,overcast clouds,18
Türje,46.994444,17.093611,2026-07-23 18:54:44.072667,19.25,18.59,19.25,19.25,1015,52,5.48,315,100,0.0,Clouds,overcast clouds,18
Zalabér-Batyk,46.983056,17.040833,2026-07-23 18:54:45.278806,19.52,18.86,19.52,19.52,1015,51,4.92,314,100,0.0,Clouds,overcast clouds,18
Pakod,46.959167,16.996667,2026-07-23 18:54:46.478243,19.44,18.77,19.44,19.44,1015,51,4.77,314,100,0.0,Clouds,overcast clouds,18
Pókaszepetk,46.924444,16.972222,2026-07-23 18:54:47.678307,19.62,18.94,19.62,19.62,1015,50,3.72,305,100,0.0,Clouds,overcast clouds,18
Kemendollár,46.905833,16.946667,2026-07-23 18:54:48.870737,19.33,18.62,19.33,19.33,1015,50,3.49,306,100,0.0,Clouds,overcast clouds,18
Zalaegerszeg,46.833056,16.848333,2026-07-23 18:54:50.069013,19.37,18.75,19.37,19.37,1015,53,1.3,255,100,0.0,Clouds,overcast clouds,18
Bocfölde,46.780278,16.853611,2026-07-23 18:54:51.269678,19.44,18.85,19.44,19.44,1015,54,1.77,226,100,0.0,Clouds,overcast clouds,18
Sárhida,46.755833,16.851389,2026-07-23 18:54:52.470725,18.58,17.96,18.58,18.58,1015,56,1.82,213,99,0.0,Clouds,overcast clouds,18
Bak,46.7325,16.849167,2026-07-23 18:54:53.670597,18.94,18.4,18.94,18.94,1015,58,1.95,209,98,0.0,Clouds,overcast clouds,18
Tófej,46.670833,16.801944,2026-07-23 18:54:54.868989,18.55,18.11,18.55,18.55,1015,63,1.84,202,97,0.0,Clouds,overcast clouds,18
Gutorfölde,46.646944,16.739722,2026-07-23 18:54:56.063342,18.61,18.28,18.61,18.61,1015,67,1.56,195,97,0.0,Clouds,overcast clouds,18
Csömödér-Páka,46.608056,16.641111,2026-07-23 18:54:57.263504,13.34,12.64,13.34,13.34,1015,73,1.06,184,98,0.0,Clouds,overcast clouds,18
Iklódbördőce,46.603056,16.604722,2026-07-23 18:54:58.461521,13.33,12.65,13.33,13.33,1015,74,1.09,181,97,0.0,Clouds,overcast clouds,18
Lenti,46.621389,16.528611,2026-07-23 18:54:59.662749,13.28,12.57,13.28,13.28,1015,73,1.36,186,96,0.0,Clouds,overcast clouds,18
Rédics,46.618056,16.471111,2026-07-23 18:55:00.863391,13.27,12.56,13.27,13.27,1015,73,1.34,187,95,0.0,Clouds,overcast clouds,18
Zalalövő,46.845556,16.576389,2026-07-23 18:55:02.072661,18.95,18.44,18.95,18.95,1015,59,1.05,204,100,0.0,Clouds,overcast clouds,18
Zalaegerszeg-Ola,46.849167,16.844722,2026-07-23 18:55:03.270562,19.37,18.75,19.37,19.37,1015,53,1.3,255,100,0.0,Clouds,overcast clouds,18
Andráshida,46.863116,16.7792,2026-07-23 18:55:04.462250,19.3,18.67,19.3,19.3,1015,53,1.2,278,100,0.0,Clouds,overcast clouds,18
Bagod,46.875,16.746111,2026-07-23 18:55:05.651956,19.35,18.75,19.35,19.35,1015,54,0.82,270,100,0.0,Clouds,overcast clouds,18
Zalaszentgyörgy,46.872222,16.7125,2026-07-23 18:55:06.850843,19.27,18.66,19.27,19.27,1015,54,0.69,262,100,0.0,Clouds,overcast clouds,18
Zalacséb-Salomvár,46.858056,16.662222,2026-07-23 18:55:08.047946,19.01,18.4,19.01,19.01,1015,55,0.59,250,100,0.0,Clouds,overcast clouds,18
Kópháza,47.631389,16.6375,2026-07-23 18:55:09.250580,18.44,17.72,17.43,18.44,1015,53,5.33,329,49,0.0,Clouds,scattered clouds,18
Nagycenk,47.601111,16.690278,2026-07-23 18:55:10.448265,18.55,17.84,17.54,18.55,1015,53,5.18,326,42,0.0,Clouds,scattered clouds,18
Sopronkövesd,47.548333,16.748056,2026-07-23 18:55:11.641667,17.37,16.7,17.37,18.38,1015,59,4.95,317,22,0.0,Clouds,few clouds,18
Lövő,47.509444,16.7775,2026-07-23 18:55:12.848432,17.41,16.75,17.41,18.42,1015,59,4.98,314,11,0.0,Clouds,few clouds,18
Újkér,47.457778,16.786667,2026-07-23 18:55:14.048501,17.43,16.77,17.43,17.43,1015,59,5.28,306,0,0.0,Clear,clear sky,18
Bük,47.388611,16.752222,2026-07-23 18:55:15.251521,17.49,16.84,17.49,17.49,1015,59,5.49,303,0,0.0,Clear,clear sky,18
Acsád,47.308333,16.734722,2026-07-23 18:55:16.454759,17.24,16.56,17.24,17.24,1015,59,5.45,307,0,0.0,Clear,clear sky,18
Salköveskút-Vassurány,47.291389,16.704167,2026-07-23 18:55:17.644491,17.25,16.57,17.25,17.25,1015,59,5.45,309,0,0.0,Clear,clear sky,18
Zalaszentiván,46.8875,16.909444,2026-07-23 18:55:18.858268,19.5,18.84,19.5,19.5,1015,51,2.41,297,100,0.0,Clouds,overcast clouds,18
Alsónemesapáti,46.854167,16.936389,2026-07-23 18:55:20.060294,19.63,18.98,19.63,19.63,1015,51,2.54,285,100,0.0,Clouds,overcast clouds,18
Józsa,47.600833,21.584444,2026-07-23 18:55:21.255732,14.93,14.67,14.93,14.93,1012,84,5.16,299,0,0.0,Clear,clear sky,18
Hajdúszentgyörgy,47.608056,21.578333,2026-07-23 18:55:22.455668,14.93,14.67,14.93,14.93,1012,84,5.16,299,0,0.0,Clear,clear sky,18
Zelemér,47.627778,21.578333,2026-07-23 18:55:23.657604,14.86,14.59,14.86,14.86,1012,84,5.3,296,0,0.0,Clear,clear sky,18
Hajdúböszörmény,47.668056,21.524167,2026-07-23 18:55:24.847362,15.14,14.88,15.14,15.14,1012,83,5.19,292,1,0.0,Clear,clear sky,18
Hajdúvid,47.749444,21.508056,2026-07-23 18:55:26.044544,15.37,15.1,15.37,15.37,1012,82,4.87,293,3,0.0,Clear,clear sky,18
Hajdúdorog,47.805556,21.493056,2026-07-23 18:55:27.245518,15.31,15.04,15.31,15.31,1012,82,4.41,301,2,0.0,Clear,clear sky,18
Hajdúnánás,47.831944,21.426667,2026-07-23 18:55:28.436524,15.56,15.26,15.56,15.56,1012,80,4.07,306,1,0.0,Clear,clear sky,18
Hajdúnánás-Vásártér,47.843056,21.407222,2026-07-23 18:55:29.637100,15.56,15.26,15.56,15.56,1012,80,4.07,306,1,0.0,Clear,clear sky,18
Tedej,47.903611,21.404444,2026-07-23 18:55:30.837292,19.32,19.42,19.32,19.32,1012,81,3.62,333,0,0.0,Clear,clear sky,18
Tiszavasvári,47.945278,21.374722,2026-07-23 18:55:32.037647,19.32,18.61,19.32,19.32,1012,50,3.56,339,0,0.0,Clear,clear sky,18
Egyházerdő,47.9725,21.365,2026-07-23 18:55:33.234059,19.34,18.64,19.34,19.34,1012,50,3.62,348,0,0.0,Clear,clear sky,18
Tiszalök,48.013056,21.369167,2026-07-23 18:55:34.435506,19.31,18.6,19.31,19.31,1012,50,3.82,1,5,0.0,Clear,clear sky,18
Hajnalos,47.998889,21.414167,2026-07-23 18:55:35.630815,19.32,18.61,19.32,19.32,1012,50,3.97,359,3,0.0,Clear,clear sky,18
Kisfástanya,47.989167,21.47,2026-07-23 18:55:36.831190,19.29,18.58,19.29,19.29,1012,50,4.28,3,4,0.0,Clear,clear sky,18
Tiszaeszlár,48.010556,21.491944,2026-07-23 18:55:38.038235,19.3,18.59,19.3,19.3,1012,50,4.86,9,7,0.0,Clear,clear sky,18
Bashalom,48.026111,21.514722,2026-07-23 18:55:39.243792,19.27,18.56,19.27,19.27,1012,50,4.99,12,12,0.0,Clouds,few clouds,18
Sáránd,47.415556,21.625,2026-07-23 18:55:40.441669,16.53,16.2,16.53,16.53,1012,75,4.53,300,22,0.0,Clouds,few clouds,18
Derecske,47.365,21.584167,2026-07-23 18:55:41.639081,17.45,17.03,17.45,17.45,1012,68,4.61,293,35,0.0,Clouds,scattered clouds,18
Derecske-Vásártér,47.352222,21.58,2026-07-23 18:55:42.837710,17.45,17.03,17.45,17.45,1012,68,4.61,293,35,0.0,Clouds,scattered clouds,18
Konyár,47.323611,21.666111,2026-07-23 18:55:44.045471,17.87,17.41,17.87,17.87,1012,65,4.44,279,37,0.0,Clouds,scattered clouds,18
Konyári Sóstófürdő,47.324167,21.744444,2026-07-23 18:55:45.247055,17.7,17.3,17.7,17.7,1012,68,3.93,269,20,0.0,Clouds,few clouds,18
Pocsaj-Esztár,47.288333,21.793056,2026-07-23 18:55:46.450512,16.35,15.76,16.35,16.35,1012,66,3.59,255,9,0.0,Clear,clear sky,18
Kismarja,47.243889,21.813889,2026-07-23 18:55:47.658544,16.35,15.69,16.35,16.35,1011,63,3.67,245,9,0.0,Clear,clear sky,18
Nagykereki,47.191667,21.8,2026-07-23 18:55:48.851871,16.34,16.2,16.34,16.34,1012,83,3.7,238,14,0.0,Clouds,few clouds,18
Debrecen-Szabadságtelep,47.527778,21.658611,2026-07-23 18:55:50.050328,15.09,14.85,15.09,15.09,1012,84,4.9,304,9,0.0,Clear,clear sky,18
Kondoroskert,47.525556,21.713889,2026-07-23 18:55:51.255241,14.95,14.72,14.95,14.95,1012,85,4.94,301,24,0.0,Clouds,few clouds,18
Nagycsere,47.523889,21.763056,2026-07-23 18:55:52.453140,14.99,14.76,14.99,14.99,1012,85,4.92,301,31,0.0,Clouds,scattered clouds,18
Haláp,47.521667,21.818333,2026-07-23 18:55:53.653372,15.04,14.82,15.04,15.04,1012,85,4.89,300,40,0.0,Clouds,scattered clouds,18
Vámospércs,47.518056,21.893889,2026-07-23 18:55:54.847915,15.49,15.24,15.49,15.49,1012,82,4.66,298,72,0.0,Clouds,broken clouds,18
Szentannapuszta,47.52,21.965833,2026-07-23 18:55:56.045906,15.93,15.64,15.93,15.93,1011,79,4.4,295,91,0.0,Clouds,overcast clouds,18
Nyírábrány,47.523889,22.016944,2026-07-23 18:55:57.240045,16.12,15.82,16.12,16.12,1011,78,4.26,292,98,0.0,Clouds,overcast clouds,18
Dombostanya,47.602778,21.706389,2026-07-23 18:55:58.438258,14.66,14.43,14.66,14.66,1012,86,5.43,296,9,0.0,Clear,clear sky,18
Hajdúsámson,47.608056,21.755278,2026-07-23 18:55:59.641580,14.67,14.44,14.67,14.67,1012,86,5.47,295,28,0.0,Clouds,scattered clouds,18
Tamásipuszta,47.632778,21.796111,2026-07-23 18:56:00.840828,14.67,14.44,14.67,14.67,1012,86,5.53,294,34,0.0,Clouds,scattered clouds,18
Aradványpuszta,47.662778,21.8425,2026-07-23 18:56:02.039097,14.73,14.48,14.73,14.73,1012,85,5.42,293,39,0.0,Clouds,scattered clouds,18
Nyíradony,47.699444,21.903333,2026-07-23 18:56:03.231205,14.78,14.51,14.78,14.78,1012,84,4.19,295,53,0.0,Clouds,broken clouds,18
Nyírmihálydi,47.7375,21.958889,2026-07-23 18:56:04.439512,14.75,14.47,14.75,14.75,1012,84,3.46,297,54,0.0,Clouds,broken clouds,18
Nyírgelse,47.750833,21.987778,2026-07-23 18:56:05.642175,14.65,14.39,14.65,14.65,1012,85,2.65,299,55,0.0,Clouds,broken clouds,18
Nyírbogát,47.793056,22.066389,2026-07-23 18:56:06.839493,14.67,14.41,14.67,14.67,1012,85,0.28,272,65,0.0,Clouds,broken clouds,18
Nagykálló,47.871111,21.825833,2026-07-23 18:56:08.042711,14.58,14.34,14.58,14.58,1012,86,4.8,332,8,0.0,Clear,clear sky,18
Kállósemjén,47.854722,21.935,2026-07-23 18:56:09.241175,14.46,14.21,14.46,14.46,1012,86,3.21,323,33,0.0,Clouds,scattered clouds,18
Nyírbátor,47.8425,22.131111,2026-07-23 18:56:10.433988,14.57,14.33,14.57,14.57,1012,86,0.65,139,70,0.0,Clouds,broken clouds,18
Nyírcsászári,47.865556,22.179167,2026-07-23 18:56:11.637657,14.69,14.46,14.69,14.69,1012,86,1.98,131,79,0.0,Clouds,broken clouds,18
Hodász,47.896111,22.213611,2026-07-23 18:56:12.841999,14.78,14.53,14.78,14.78,1012,85,2.89,125,87,0.0,Clouds,overcast clouds,18
Nyírmeggyes,47.9225,22.256667,2026-07-23 18:56:14.045114,14.7,14.47,14.7,14.7,1012,86,2.94,120,93,0.0,Clouds,overcast clouds,18
Mátészalka,47.951389,22.313333,2026-07-23 18:56:15.248131,14.76,14.54,14.76,14.76,1012,86,2.94,113,97,0.0,Clouds,overcast clouds,18
Kocsord,47.941944,22.375833,2026-07-23 18:56:16.451471,15.51,15.28,15.51,15.51,1011,83,3.79,102,96,0.0,Clouds,overcast clouds,18
Kocsord alsó,47.946389,22.400556,2026-07-23 18:56:17.649460,15.51,15.28,15.51,15.51,1011,83,3.79,102,96,0.0,Clouds,overcast clouds,18
Győrtelek,47.936667,22.424722,2026-07-23 18:56:18.839596,15.66,15.45,15.66,15.66,1011,83,3.95,98,97,0.0,Clouds,overcast clouds,18
Győrtelek alsó,47.921111,22.443333,2026-07-23 18:56:20.036920,15.9,15.69,15.9,15.9,1011,82,4.28,95,97,0.0,Clouds,overcast clouds,18
Ököritófülpös,47.911389,22.495,2026-07-23 18:56:21.250266,15.97,15.76,15.97,15.97,1011,82,4.43,91,97,0.0,Clouds,overcast clouds,18
Porcsalma-Tyukod,47.868056,22.568333,2026-07-23 18:56:22.453606,15.06,14.79,15.06,15.06,1011,83,5.0,86,100,0.0,Clouds,overcast clouds,18
Csenger,47.826111,22.666389,2026-07-23 18:56:23.654793,15.05,14.83,15.05,15.05,1011,85,5.13,86,100,0.0,Clouds,overcast clouds,18
Kisfái,46.888303,19.807366,2026-07-23 18:56:24.871310,18.22,17.48,18.22,18.22,1013,53,3.73,308,4,0.0,Clear,clear sky,18
Nyárlőrinci szőlők,46.8775,19.828333,2026-07-23 18:56:26.070948,18.28,17.55,18.28,18.28,1013,53,3.69,309,5,0.0,Clear,clear sky,18
Nyárlőrinc alsó,46.863889,19.878889,2026-07-23 18:56:27.270815,18.28,17.55,18.28,18.28,1013,53,3.69,308,5,0.0,Clear,clear sky,18
Tiszaug-Tiszahídfő,46.866106,20.052098,2026-07-23 18:56:28.469412,20.59,20.09,18.9,20.59,1012,53,3.6,304,2,0.0,Clear,clear sky,18
Csongrádi úti tanyák,46.690278,19.921667,2026-07-23 18:56:29.676259,18.86,18.16,18.86,18.86,1013,52,3.5,320,0,0.0,Clear,clear sky,18
Kettőshalom,46.689167,20.0225,2026-07-23 18:56:30.875483,18.89,18.17,18.89,18.89,1013,51,3.47,317,0,0.0,Clear,clear sky,18
Csongrád alsó,46.711389,20.126389,2026-07-23 18:56:32.067851,18.89,18.17,18.89,18.89,1012,51,3.52,313,3,0.0,Clear,clear sky,18
Dónát,46.66988,20.368168,2026-07-23 18:56:33.260189,18.91,18.19,18.91,18.91,1012,51,3.58,323,29,0.0,Clouds,scattered clouds,18
Pusztatemplom,46.676667,20.407222,2026-07-23 18:56:34.464524,18.9,18.18,18.9,18.9,1012,51,3.58,323,29,0.0,Clouds,scattered clouds,18
Előhát,47.364722,20.653611,2026-07-23 18:56:35.668247,18.89,18.3,18.89,18.89,1012,56,4.35,288,3,0.0,Clear,clear sky,18
Polgárdi-Tekerespuszta,47.017778,18.297778,2026-07-23 18:56:36.866988,18.37,17.62,18.37,18.37,1013,52,2.18,354,3,0.0,Clear,clear sky,18
Szatina-Kishajmás,46.202778,18.083611,2026-07-23 18:56:38.056807,18.31,17.66,18.31,18.31,1014,56,2.57,278,97,0.0,Clouds,overcast clouds,18
Márok,45.886944,18.499167,2026-07-23 18:56:39.261510,20.94,20.5,20.94,20.94,1014,54,1.79,270,99,0.0,Clouds,overcast clouds,18
Nagynyárád,45.953333,18.564722,2026-07-23 18:56:40.475590,21.01,20.58,21.01,21.01,1014,54,3.44,315,100,0.0,Clouds,overcast clouds,18
Szászvár,46.2875,18.369722222222222,2026-07-23 18:56:41.676818,19.26,18.39,19.26,19.26,1014,44,2.73,290,100,0.0,Clouds,overcast clouds,18
Cikó,46.263514,18.557605,2026-07-23 18:56:42.888348,19.72,18.84,19.72,19.72,1013,42,3.24,304,100,0.0,Clouds,overcast clouds,18
Gyöngyfa-Magyarmecske,45.983889,17.958889,2026-07-23 18:56:44.078428,17.32,17.14,17.32,17.32,1015,78,3.41,281,100,1.38,Rain,moderate rain,18
Nagyhát,47.581389,21.445,2026-07-23 18:56:45.279264,15.87,15.52,15.87,15.87,1012,77,4.58,305,0,0.0,Clear,clear sky,18
Balmazújváros,47.613889,21.348056,2026-07-23 18:56:46.478586,16.68,16.23,16.68,16.68,1012,70,4.42,301,0,0.0,Clear,clear sky,18
Kónya,47.600833,21.2375,2026-07-23 18:56:47.672103,17.35,16.81,17.35,17.35,1012,64,4.12,305,0,0.0,Clear,clear sky,18
Hortobágy,47.586111,21.154722,2026-07-23 18:56:48.882037,17.81,17.21,17.81,17.81,1012,60,3.98,305,0,0.0,Clear,clear sky,18
Hortobágyi Halastó,47.604167,21.074167,2026-07-23 18:56:50.077015,18.01,17.41,18.01,18.01,1012,59,3.9,304,0,0.0,Clear,clear sky,18
Ohat-Pusztakócs,47.623333,20.951111,2026-07-23 18:56:51.278262,18.14,17.52,18.14,18.14,1012,58,3.75,302,0,0.0,Clear,clear sky,18
Egyek,47.616944,20.883611,2026-07-23 18:56:52.469438,18.86,18.29,18.86,18.86,1012,57,3.65,301,0,0.0,Clear,clear sky,18
Tiszafüred,47.627778,20.756111,2026-07-23 18:56:53.664168,18.86,18.29,18.86,18.86,1012,57,3.62,300,0,0.0,Clear,clear sky,18
Poroszló,47.657778,20.654444,2026-07-23 18:56:54.866973,18.87,18.33,18.87,18.87,1012,58,3.72,298,1,0.0,Clear,clear sky,18
Kétútköz,47.694167,20.565,2026-07-23 18:56:56.068117,18.84,18.32,18.84,18.84,1012,59,3.87,298,0,0.0,Clear,clear sky,18
Egerfarmos,47.711667,20.5225,2026-07-23 18:56:57.271629,18.82,18.3,18.82,18.82,1012,59,3.94,297,0,0.0,Clear,clear sky,18
Piliscsaba,47.638056,18.829722,2026-07-23 18:56:58.474336,17.43,16.98,16.85,19.66,1013,67,2.18,308,1,0.0,Clear,clear sky,18
Pilisjászfalu,47.656111,18.797778,2026-07-23 18:56:59.664237,17.55,17.27,17.1,19.92,1013,73,2.21,309,1,0.0,Clear,clear sky,18
Leányvár,47.687594,18.772553,2026-07-23 18:57:00.864403,17.27,16.96,17.27,18.01,1013,73,2.17,314,1,0.0,Clear,clear sky,18
Dorog,47.723333,18.732778,2026-07-23 18:57:02.065543,17.49,16.78,17.49,20.3,1013,57,2.33,324,0,0.0,Clear,clear sky,18
Esztergom-Kertváros,47.743333,18.719167,2026-07-23 18:57:03.266706,17.56,16.86,17.56,17.56,1013,57,2.41,326,0,0.0,Clear,clear sky,18
Esztergom,47.7775,18.743611,2026-07-23 18:57:04.454086,17.62,16.95,17.62,17.62,1013,58,2.32,323,1,0.0,Clear,clear sky,18
Dunaalmás,47.733056,18.326389,2026-07-23 18:57:05.652246,18.17,17.5,18.17,18.17,1014,56,5.89,344,86,0.0,Clouds,overcast clouds,18
Neszmély,47.734444,18.345278,2026-07-23 18:57:06.846441,18.17,17.5,18.17,18.17,1014,56,5.89,344,86,0.0,Clouds,overcast clouds,18
Süttő,47.761111,18.455,2026-07-23 18:57:08.046692,18.08,17.43,18.08,18.08,1013,57,4.54,341,28,0.0,Clouds,scattered clouds,18
Piszke,47.75307,18.478017,2026-07-23 18:57:09.256529,18.1,17.45,18.1,18.1,1013,57,4.14,340,16,0.0,Clouds,few clouds,18
Lábatlan,47.751944,18.513333,2026-07-23 18:57:10.448195,18.08,17.43,18.08,18.08,1013,57,3.76,338,7,0.0,Clear,clear sky,18
Eternitgyár,47.755544,18.530014,2026-07-23 18:57:11.641962,18.08,17.43,18.08,18.08,1013,57,3.76,338,7,0.0,Clear,clear sky,18
Nyergesújfalu felső,47.762222,18.540556,2026-07-23 18:57:12.838619,18.08,17.43,18.08,18.08,1013,57,3.76,338,7,0.0,Clear,clear sky,18
Nyergesújfalu,47.761111,18.561667,2026-07-23 18:57:14.039638,18.03,17.38,18.03,18.03,1013,57,3.43,337,0,0.0,Clear,clear sky,18
Tokod,47.735,18.675,2026-07-23 18:57:15.237791,17.58,16.88,17.58,17.58,1013,57,2.43,326,0,0.0,Clear,clear sky,18
Környe,47.541667,18.330278,2026-07-23 18:57:16.437735,18.02,17.31,18.02,18.02,1014,55,3.22,332,86,0.0,Clouds,overcast clouds,18
Kecskéd alsó,47.519722,18.316667,2026-07-23 18:57:17.637312,18.06,17.36,18.06,18.06,1014,55,3.14,332,91,0.0,Clouds,overcast clouds,18
Oroszlány,47.486944,18.308611,2026-07-23 18:57:18.827009,17.98,17.24,17.98,17.98,1013,54,2.84,331,84,0.0,Clouds,broken clouds,18
Győrszabadhegy,47.663056,17.648056,2026-07-23 18:57:20.031374,18.65,18.01,18.65,18.65,1014,55,5.29,0,12,0.0,Clouds,few clouds,18
Ménfőcsanak felső,47.638333,17.615,2026-07-23 18:57:21.235068,18.76,18.13,18.76,18.76,1014,55,5.59,4,13,0.0,Clouds,few clouds,18
Gyömöre-Tét,47.501672,17.559596,2026-07-23 18:57:22.434940,18.73,18.04,18.73,18.73,1014,53,6.21,8,10,0.0,Clear,clear sky,18
Szerecseny,47.469167,17.5475,2026-07-23 18:57:23.624585,18.78,18.1,18.78,18.78,1014,53,6.04,5,9,0.0,Clear,clear sky,18
Gecse-Gyarmat,47.456111,17.515,2026-07-23 18:57:24.823643,18.71,18.02,18.71,18.71,1014,53,5.92,5,5,0.0,Clear,clear sky,18
Vaszar,47.4025,17.496389,2026-07-23 18:57:26.022310,18.95,18.26,18.95,18.95,1014,52,5.31,346,0,0.0,Clear,clear sky,18
Pápa,47.340556,17.458889,2026-07-23 18:57:27.219454,19.04,18.36,19.04,19.04,1014,52,5.26,330,0,0.0,Clear,clear sky,18
Mezőlak,47.324722,17.371389,2026-07-23 18:57:28.415282,19.12,18.45,19.12,19.12,1014,52,5.09,328,0,0.0,Clear,clear sky,18
Mihályháza,47.318889,17.331667,2026-07-23 18:57:29.612608,19.15,18.48,19.15,19.15,1014,52,5.25,322,0,0.0,Clear,clear sky,18
Vinár,47.306667,17.284722,2026-07-23 18:57:30.811292,19.2,18.53,19.2,19.2,1014,52,5.22,322,0,0.0,Clear,clear sky,18
Külsővat,47.279167,17.219722,2026-07-23 18:57:32.001795,19.2,18.56,19.2,19.2,1014,53,5.49,317,0,0.0,Clear,clear sky,18
Celldömölk,47.261389,17.151944,2026-07-23 18:57:33.192670,19.22,18.58,19.22,19.22,1014,53,5.8,316,3,0.0,Clear,clear sky,18
Kemenesmihályfa,47.278056,17.111111,2026-07-23 18:57:34.389360,18.84,18.16,18.84,18.84,1014,53,5.69,315,0,0.0,Clear,clear sky,18
Nagysimonyi,47.265556,17.058889,2026-07-23 18:57:35.586742,18.94,18.27,18.94,18.94,1014,53,6.0,315,4,0.0,Clear,clear sky,18
Ostffyasszonyfa,47.283889,17.023889,2026-07-23 18:57:36.791490,19.01,18.35,19.01,19.01,1014,53,5.92,313,0,0.0,Clear,clear sky,18
Sárvár,47.259167,16.928889,2026-07-23 18:57:37.991125,19.13,18.48,19.13,19.13,1015,53,6.18,313,3,0.0,Clear,clear sky,18
Porpác,47.238611,16.8325,2026-07-23 18:57:39.182793,17.51,16.7,17.51,17.51,1015,53,6.07,314,10,0.0,Clear,clear sky,18
Balatonföldvár,46.853889,17.881389,2026-07-23 18:57:40.370380,20.53,19.47,20.53,20.53,1014,32,1.79,315,4,0.0,Clear,clear sky,18
Balatonszárszó,46.832222,17.830278,2026-07-23 18:57:41.560321,20.55,19.5,20.55,20.55,1014,32,4.06,308,10,0.0,Clear,clear sky,18
Balatonszemes,46.811944,17.776389,2026-07-23 18:57:42.754605,20.53,19.47,20.53,20.53,1014,32,4.3,310,23,0.0,Clouds,few clouds,18
Balatonlelle felső,46.793889,17.7175,2026-07-23 18:57:43.953307,20.55,19.5,20.55,20.55,1014,32,4.48,309,37,0.0,Clouds,scattered clouds,18
Balatonlelle,46.7875,17.694167,2026-07-23 18:57:45.147252,20.51,19.97,20.51,20.51,1014,52,4.52,309,41,0.0,Clouds,scattered clouds,18
Fonyódliget,46.759167,17.592222,2026-07-23 18:57:46.344103,20.53,20.0,20.53,20.53,1014,52,4.52,304,55,0.0,Clouds,broken clouds,18
Balatonboglár,46.776111,17.647222,2026-07-23 18:57:47.540394,20.53,20.0,20.53,20.53,1014,52,4.54,307,45,0.0,Clouds,scattered clouds,18
Balatonfenyves alsó,46.708611,17.455278,2026-07-23 18:57:48.729978,19.82,19.19,19.82,19.82,1014,51,4.22,286,77,0.0,Clouds,broken clouds,18
Fonyód,46.750278,17.558889,2026-07-23 18:57:49.929966,19.78,19.17,19.78,19.78,1014,52,4.45,300,61,0.0,Clouds,broken clouds,18
Bélatelep,46.737778,17.535,2026-07-23 18:57:51.122262,19.83,19.2,19.83,19.83,1014,51,4.36,295,69,0.0,Clouds,broken clouds,18
Alsóbélatelep,46.724167,17.516389,2026-07-23 18:57:52.319396,19.83,19.2,19.83,19.83,1014,51,4.36,295,69,0.0,Clouds,broken clouds,18
Balatonfenyves,46.713611,17.482778,2026-07-23 18:57:53.514053,19.97,19.33,19.97,19.97,1014,50,4.31,321,100,0.0,Clouds,overcast clouds,18
Máriahullámtelep,46.704722,17.435,2026-07-23 18:57:54.714178,19.82,19.19,19.82,19.82,1014,51,4.22,286,77,0.0,Clouds,broken clouds,18
Balatonmáriafürdő,46.704167,17.374722,2026-07-23 18:57:55.906148,19.78,19.15,19.78,19.78,1014,51,3.99,278,84,0.0,Clouds,broken clouds,18
Balatonberény,46.713889,17.316944,2026-07-23 18:57:57.105524,19.69,19.05,19.69,19.69,1014,51,3.87,275,87,0.0,Clouds,overcast clouds,18
Balatonszentgyörgy,46.692778,17.288889,2026-07-23 18:57:58.297830,19.64,19.04,19.64,19.64,1015,53,3.8,267,89,0.0,Clouds,overcast clouds,18
Vörs,46.663611,17.260278,2026-07-23 18:57:59.491657,19.49,18.93,19.49,19.49,1015,55,3.68,257,92,0.0,Clouds,overcast clouds,18
Zalaszentjakab,46.491667,17.135278,2026-07-23 18:58:00.681163,18.34,18.08,18.34,18.34,1015,71,3.34,241,100,0.0,Clouds,overcast clouds,18
Nagykanizsa,46.440833,16.986667,2026-07-23 18:58:01.879027,18.24,18.1,18.24,18.24,1015,76,1.97,224,100,0.0,Clouds,overcast clouds,18
Murakeresztúr,46.363889,16.876944,2026-07-23 18:58:03.077627,17.91,17.85,17.91,17.91,1015,80,1.52,165,100,0.0,Clouds,overcast clouds,18
Zalakomár,46.530278,17.188056,2026-07-23 18:58:04.270660,18.58,18.27,18.58,18.58,1015,68,3.54,244,99,0.0,Clouds,overcast clouds,18
Szárazrét,47.200833,18.381111,2026-07-23 18:58:05.464108,18.37,17.67,18.37,18.37,1013,54,2.3,355,0,2.29,Rain,moderate rain,18
Bodajk,47.318333,18.251944,2026-07-23 18:58:06.656901,18.25,17.54,18.25,18.25,1013,54,2.01,343,20,0.56,Rain,light rain,18
Csókakő,47.3275,18.240556,2026-07-23 18:58:07.844460,17.95,17.21,17.95,17.95,1013,54,2.04,340,30,0.56,Rain,light rain,18
Mór,47.369167,18.189167,2026-07-23 18:58:09.041124,18.06,17.33,18.06,18.06,1014,54,2.46,335,61,0.0,Clouds,broken clouds,18
Bakonysárkány,47.443611,18.103611,2026-07-23 18:58:10.240745,17.77,17.01,17.77,17.77,1014,54,3.68,336,100,0.0,Clouds,overcast clouds,18
Kisbér,47.494167,18.024722,2026-07-23 18:58:11.441666,18.15,17.43,18.15,18.15,1014,54,4.99,342,100,0.0,Clouds,overcast clouds,18
Nagyigmánd-Bábolna,47.630556,18.050833,2026-07-23 18:58:12.632158,18.37,17.7,18.37,18.37,1014,55,5.85,343,77,0.0,Clouds,broken clouds,18
Budapest-Déli,47.498889,19.025,2026-07-23 18:58:13.822255,19.03,18.45,18.2,19.98,1013,56,1.79,281,2,0.0,Clear,clear sky,18
Budapest-Kelenföld,47.464444,19.02,2026-07-23 18:58:15.025316,19.32,18.74,18.3,20.08,1013,55,1.79,281,5,0.0,Clear,clear sky,18
Budaörs,47.4475,18.965,2026-07-23 18:58:16.224041,19.26,18.68,18.21,19.99,1013,55,1.79,281,5,0.0,Clear,clear sky,18
Biatorbágy,47.480278,18.834444,2026-07-23 18:58:17.421411,19.19,18.63,17.86,19.5,1013,56,2.96,300,1,0.0,Clear,clear sky,18
Herceghalom,47.493611,18.746111,2026-07-23 18:58:18.616080,19.49,19.04,18.12,19.75,1013,59,2.86,302,0,0.0,Clear,clear sky,18
Bicske,47.484167,18.6175,2026-07-23 18:58:19.805846,19.05,18.42,16.66,19.46,1013,54,2.43,305,1,0.0,Clear,clear sky,18
Szár,47.485,18.5275,2026-07-23 18:58:21.005829,19.25,18.64,16.45,19.25,1013,54,2.19,309,14,0.0,Clouds,few clouds,18
Szárliget,47.518333,18.495833,2026-07-23 18:58:22.224720,19.06,18.43,19.06,19.06,1013,54,2.24,314,23,0.0,Clouds,few clouds,18
Alsógalla,47.563337,18.425102,2026-07-23 18:58:23.425478,18.0,17.29,18.0,18.0,1013,55,3.02,330,63,0.0,Clouds,broken clouds,18
Tatabánya,47.585556,18.393056,2026-07-23 18:58:24.618348,18.07,17.37,18.07,18.07,1014,55,3.65,335,79,0.0,Clouds,broken clouds,18
Vértesszőlős,47.619444,18.375278,2026-07-23 18:58:25.814465,18.1,17.4,18.1,18.1,1014,55,4.04,337,81,0.0,Clouds,broken clouds,18
Tóvároskert,47.646111,18.348611,2026-07-23 18:58:27.015517,18.11,17.41,18.11,18.11,1014,55,4.81,340,94,0.0,Clouds,overcast clouds,18
Tata,47.665,18.3275,2026-07-23 18:58:28.221495,18.09,17.42,18.09,18.09,1014,56,5.22,342,92,0.0,Clouds,overcast clouds,18
Almásfüzitő,47.725278,18.262222,2026-07-23 18:58:29.420614,18.2,17.54,18.2,18.2,1014,56,6.41,344,99,0.0,Clouds,overcast clouds,18
Almásfüzitő felső,47.731389,18.216389,2026-07-23 18:58:30.622375,20.59,20.17,20.59,20.59,1014,56,6.64,344,95,0.0,Clouds,overcast clouds,18
Szőny,47.735556,18.1775,2026-07-23 18:58:31.813796,20.62,20.2,20.62,20.62,1014,56,6.65,344,87,0.0,Clouds,overcast clouds,18
Komárom,47.749444,18.113611,2026-07-23 18:58:33.007287,20.63,20.21,20.63,20.63,1014,56,6.52,345,53,0.0,Clouds,broken clouds,18
Ács,47.717222,18.004444,2026-07-23 18:58:34.208357,18.33,17.68,18.33,18.33,1014,56,5.71,345,11,0.0,Clouds,few clouds,18
Nagyszentjános,47.705556,17.871389,2026-07-23 18:58:35.398737,18.46,17.8,18.46,18.46,1014,55,5.3,349,7,0.0,Clear,clear sky,18
Győrszentiván,47.688611,17.745556,2026-07-23 18:58:36.601079,18.53,17.87,18.53,18.53,1014,55,5.35,355,16,0.0,Clouds,few clouds,18
Győr-Gyárváros,47.684444,17.663889,2026-07-23 18:58:37.813018,18.65,18.01,18.65,18.65,1014,55,5.29,359,13,0.0,Clouds,few clouds,18
Győr,47.681944,17.634722,2026-07-23 18:58:39.002161,18.65,18.01,18.65,18.65,1014,55,5.29,0,12,0.0,Clouds,few clouds,18
Öttevény,47.719722,17.489167,2026-07-23 18:58:40.204409,18.75,18.12,18.75,18.75,1014,55,5.08,355,3,0.0,Clear,clear sky,18
Lébény-Mosonszentmiklós,47.755278,17.426389,2026-07-23 18:58:41.413524,18.77,18.14,18.77,18.77,1014,55,5.32,354,0,0.0,Clear,clear sky,18
Kimle-Károlyháza,47.803889,17.342778,2026-07-23 18:58:42.605481,18.79,18.16,18.79,18.79,1014,55,5.47,353,0,0.0,Clear,clear sky,18
Mosonmagyaróvár,47.849722,17.267222,2026-07-23 18:58:43.795506,18.93,18.31,18.38,18.93,1014,55,5.57,355,7,0.0,Clear,clear sky,18
Levél,47.889722,17.1925,2026-07-23 18:58:45.000330,18.72,18.08,18.35,18.9,1014,55,5.57,356,19,0.0,Clouds,few clouds,18
Hegyeshalom,47.913889,17.145556,2026-07-23 18:58:46.197511,18.71,18.07,18.32,18.88,1014,55,5.62,354,22,0.0,Clouds,few clouds,18
Óbuda,47.568611,19.033889,2026-07-23 18:58:47.388946,18.83,18.26,18.34,20.12,1013,57,1.79,272,0,0.0,Clear,clear sky,18
Üröm,47.580556,19.002222,2026-07-23 18:58:48.587441,18.79,18.21,18.24,20.02,1013,57,1.79,272,0,0.0,Clear,clear sky,18
Solymár,47.596111,18.95,2026-07-23 18:58:49.780394,18.3,17.7,18.06,19.69,1013,58,1.79,272,0,0.0,Clear,clear sky,18
Pilisvörösvár,47.614444,18.902222,2026-07-23 18:58:50.967786,18.09,17.47,17.7,19.34,1013,58,2.25,303,0,0.0,Clear,clear sky,18
Klotildliget,47.637778,18.846389,2026-07-23 18:58:52.168874,18.03,17.46,17.43,19.07,1013,60,2.18,308,1,0.0,Clear,clear sky,18
Kútvölgy,46.459444,20.451944,2026-07-23 18:58:53.362942,18.9,18.15,18.9,18.9,1013,50,4.73,319,100,0.0,Clouds,overcast clouds,18
Székkutas,46.503889,20.541111,2026-07-23 18:58:54.553291,18.88,18.16,18.88,18.88,1013,51,4.63,318,100,0.0,Clouds,overcast clouds,18
Kaposszentjakab,46.358056,17.821944,2026-07-23 18:58:55.754348,19.38,18.68,19.38,19.38,1014,50,3.14,274,100,0.0,Clouds,overcast clouds,18
Kaposvár,46.352778,17.795,2026-07-23 18:58:56.945948,19.2,18.48,19.2,19.2,1014,50,3.18,272,100,0.0,Clouds,overcast clouds,18
Kaposújlak,46.366667,17.715,2026-07-23 18:58:58.148935,19.12,18.47,19.12,19.12,1015,53,3.28,267,100,0.0,Clouds,overcast clouds,18
Kaposmérő,46.365278,17.698889,2026-07-23 18:58:59.342695,18.98,18.34,18.98,18.98,1015,54,3.29,265,100,0.0,Clouds,overcast clouds,18
Kaposfő,46.364167,17.656667,2026-07-23 18:59:00.546558,18.86,18.24,18.86,18.86,1015,55,3.3,262,100,0.0,Clouds,overcast clouds,18
Kiskorpád,46.361389,17.606667,2026-07-23 18:59:01.744590,18.69,18.1,18.69,18.69,1015,57,3.31,260,100,0.0,Clouds,overcast clouds,18
Jákó-Nagybajom,46.344444,17.554444,2026-07-23 18:59:02.946498,18.42,17.94,18.42,18.42,1015,62,3.27,256,100,0.0,Clouds,overcast clouds,18
Kutas,46.326111,17.453889,2026-07-23 18:59:04.158109,18.26,17.92,18.26,18.26,1015,68,3.41,248,100,0.0,Clouds,overcast clouds,18
Beleg,46.316944,17.420556,2026-07-23 18:59:05.363193,18.0,17.79,18.0,18.0,1015,74,3.38,245,100,0.0,Clouds,overcast clouds,18
Ötvöskónyi,46.292778,17.358056,2026-07-23 18:59:06.566657,17.85,17.7,17.85,17.85,1015,77,3.24,244,100,0.19,Rain,light rain,18
Somogyszob,46.289167,17.305556,2026-07-23 18:59:07.770447,17.65,17.56,17.65,17.65,1015,80,3.17,238,100,0.27,Rain,light rain,18
Bolhás,46.282222,17.275278,2026-07-23 18:59:08.970047,17.55,17.48,17.55,17.55,1015,81,3.02,231,100,0.24,Rain,light rain,18
Szenta,46.274167,17.182222,2026-07-23 18:59:10.160805,17.58,17.53,17.58,17.58,1015,82,2.77,222,100,0.72,Rain,light rain,18
Zrínyitelep,46.275278,17.138056,2026-07-23 18:59:11.352999,17.6,17.56,17.6,17.6,1015,82,2.61,218,100,0.67,Rain,light rain,18
Csurgó,46.261111,17.091667,2026-07-23 18:59:12.554009,17.73,17.7,17.73,17.73,1015,82,2.11,210,100,1.15,Rain,moderate rain,18
Gyékényes,46.249167,16.956389,2026-07-23 18:59:13.756242,17.63,17.56,17.63,17.63,1015,81,1.78,158,100,0.28,Rain,light rain,18
Adony,47.106111,18.847778,2026-07-23 18:59:14.957855,18.35,17.62,18.35,18.35,1013,53,3.18,333,1,4.0,Rain,moderate rain,18
Kulcs,47.051111,18.8975,2026-07-23 18:59:16.147843,18.11,17.36,18.11,18.11,1013,53,3.48,332,3,0.13,Rain,light rain,18
Rácalmás,47.023333,18.908889,2026-07-23 18:59:17.339710,18.07,17.29,18.07,18.07,1013,52,3.53,334,1,0.0,Clear,clear sky,18
Dunaújváros,46.960556,18.913889,2026-07-23 18:59:18.544437,18.11,17.33,18.11,18.11,1013,52,3.64,335,0,0.0,Clear,clear sky,18
Újvenyim,46.936944,18.868889,2026-07-23 18:59:19.748692,18.21,17.44,18.21,18.21,1013,52,3.56,338,0,0.0,Clear,clear sky,18
Mezőfalva,46.905556,18.810278,2026-07-23 18:59:20.942076,18.22,17.46,18.22,18.22,1013,52,3.4,340,0,0.0,Clear,clear sky,18
Nagykarácsony felső,46.866047,18.783064,2026-07-23 18:59:22.133445,18.37,17.59,18.37,18.37,1013,51,3.45,337,0,0.0,Clear,clear sky,18
Nagykarácsony,46.848729,18.765722,2026-07-23 18:59:23.327948,18.24,17.43,18.24,18.24,1013,50,3.36,338,0,0.0,Clear,clear sky,18
Alap,46.831944,18.657778,2026-07-23 18:59:24.534195,18.56,17.78,18.56,18.56,1013,50,3.02,346,0,0.0,Clear,clear sky,18
Cece,46.773333,18.623333,2026-07-23 18:59:25.727463,18.7,17.88,18.7,18.7,1013,48,2.88,342,0,0.0,Clear,clear sky,18
Vajta,46.713611,18.648056,2026-07-23 18:59:26.921647,18.83,18.0,18.83,18.83,1013,47,2.87,335,16,0.0,Clouds,few clouds,18
Rétszilas alsó,46.829167,18.639444,2026-07-23 18:59:28.119318,18.56,17.78,18.56,18.56,1013,50,3.02,346,0,0.0,Clear,clear sky,18
Nagydorog,46.615485,18.65002,2026-07-23 18:59:29.327572,19.07,18.23,19.07,19.07,1013,46,2.78,328,46,0.0,Clouds,scattered clouds,18
Tengelic,46.516111,18.695278,2026-07-23 18:59:30.531444,19.28,18.41,19.28,19.28,1013,44,2.95,322,84,0.0,Clouds,broken clouds,18
Fácánkert,46.449041,18.735661,2026-07-23 18:59:31.724567,19.57,18.71,19.57,19.57,1013,43,3.26,317,100,0.0,Clouds,overcast clouds,18
Tolna-Mözs,46.416389,18.750556,2026-07-23 18:59:32.917526,19.74,18.87,19.74,19.74,1013,42,3.57,318,100,0.0,Clouds,overcast clouds,18
Szekszárd-Palánk,46.38027777777778,18.72833333333333,2026-07-23 18:59:34.109506,19.75,18.88,19.75,19.75,1013,42,3.44,314,100,0.0,Clouds,overcast clouds,18
Szekszárd,46.349444,18.7125,2026-07-23 18:59:35.300692,19.78,18.91,19.78,19.78,1013,42,3.52,313,100,0.0,Clouds,overcast clouds,18
Őcsény,46.318889,18.7425,2026-07-23 18:59:36.503076,19.9,19.02,19.9,19.9,1013,41,3.76,313,100,0.0,Clouds,overcast clouds,18
Decs,46.283889,18.756111,2026-07-23 18:59:37.704659,19.94,19.06,19.94,19.94,1013,41,3.75,313,100,0.0,Clouds,overcast clouds,18
Csikóstőttős,46.337222,18.152778,2026-07-23 18:59:38.898403,19.6,18.82,19.6,19.6,1014,46,2.72,282,100,0.0,Clouds,overcast clouds,18
Mágocs-Alsómocsolád,46.31027777777778,18.222222222222225,2026-07-23 18:59:40.089730,18.97,18.12,18.97,18.97,1014,46,2.62,283,100,0.0,Clouds,overcast clouds,18
Szalatnak,46.284444444444446,18.288611111111113,2026-07-23 18:59:41.289704,19.21,18.36,19.21,19.21,1014,45,2.6,286,100,0.0,Clouds,overcast clouds,18
Máza-Szászvár,46.279167,18.411389,2026-07-23 18:59:42.486703,19.38,18.52,19.38,19.38,1014,44,2.81,293,100,0.0,Clouds,overcast clouds,18
Váralja,46.281667,18.436111,2026-07-23 18:59:43.686008,19.57,18.71,19.57,19.57,1014,43,2.99,298,100,0.0,Clouds,overcast clouds,18
Nagymányok,46.280278,18.459167,2026-07-23 18:59:44.881132,19.57,18.71,19.57,19.57,1014,43,2.99,298,100,0.0,Clouds,overcast clouds,18
Hidas-Bonyhád,46.269444,18.523333,2026-07-23 18:59:46.076511,19.55,18.66,19.55,19.55,1014,42,3.18,301,100,0.0,Clouds,overcast clouds,18
Mőcsény,46.2575,18.591944,2026-07-23 18:59:47.268967,19.33,18.42,19.33,19.33,1013,42,3.41,307,100,0.0,Clouds,overcast clouds,18
Bátaszék,46.202222,18.715556,2026-07-23 18:59:48.459026,19.96,19.06,19.96,19.96,1013,40,3.46,312,98,0.0,Clouds,overcast clouds,18
Pörböly,46.199167,18.826389,2026-07-23 18:59:49.686934,20.06,19.17,20.06,20.06,1013,40,3.67,316,100,0.0,Clouds,overcast clouds,18
Orosháza,46.566111,20.664722,2026-07-23 18:59:50.885528,19.45,18.81,19.45,19.45,1012,52,4.27,314,78,0.0,Clouds,broken clouds,18
Orosházi tanyák,46.596944,20.760556,2026-07-23 18:59:52.079377,19.44,18.82,19.44,19.44,1012,53,4.05,313,77,0.0,Clouds,broken clouds,18
Csorvás,46.623611,20.840833,2026-07-23 18:59:53.272541,19.47,18.88,19.47,19.47,1012,54,4.04,313,73,0.0,Clouds,broken clouds,18
Csorvás alsó,46.634722,20.888333,2026-07-23 18:59:54.466608,19.51,18.95,19.51,19.51,1012,55,3.96,312,76,0.0,Clouds,broken clouds,18
Telekgerendás,46.656111,20.963889,2026-07-23 18:59:55.666359,19.58,19.06,19.58,19.58,1012,56,3.99,308,73,0.0,Clouds,broken clouds,18
Fürjes,46.67214,21.02306,2026-07-23 18:59:56.859461,19.6,19.13,19.6,19.6,1012,58,4.21,306,66,0.0,Clouds,broken clouds,18
Fényes,46.659876,21.16618,2026-07-23 18:59:58.059766,19.4,18.96,19.4,19.4,1012,60,4.19,304,52,2.37,Rain,moderate rain,18
Bicere,46.66,21.179444,2026-07-23 18:59:59.262144,19.32,18.85,19.32,19.32,1012,59,4.23,303,46,1.54,Rain,moderate rain,18
Gyula,46.656389,21.273333,2026-07-23 19:00:00.459701,19.19,18.71,19.19,19.19,1012,59,4.29,298,32,0.0,Clouds,scattered clouds,18
József Szanatórium,46.704722,21.3325,2026-07-23 19:00:01.649427,19.22,18.71,19.22,19.22,1012,58,4.53,296,44,0.0,Clouds,scattered clouds,18
Sarkadi Cukorgyár,46.73,21.383611,2026-07-23 19:00:02.855010,19.23,18.7,19.23,19.23,1012,57,4.36,292,55,0.0,Clouds,broken clouds,18
Sarkad,46.736944,21.402222,2026-07-23 19:00:04.055623,19.2,18.66,19.2,19.2,1012,57,4.21,288,59,0.0,Clouds,broken clouds,18
Kötegyán,46.758333,21.479722,2026-07-23 19:00:05.255668,19.18,18.62,19.18,19.18,1012,56,3.88,282,70,0.0,Clouds,broken clouds,18
Méhkerék,46.774444,21.455556,2026-07-23 19:00:06.457793,19.2,18.64,19.2,19.2,1012,56,3.99,286,71,0.0,Clouds,broken clouds,18
Sarkadkeresztúr,46.823611,21.4175,2026-07-23 19:00:07.650808,19.19,18.65,19.19,19.19,1012,57,4.1,290,69,0.0,Clouds,broken clouds,18
Okány,46.8925,21.339167,2026-07-23 19:00:08.851543,19.15,18.61,19.15,19.15,1012,57,4.25,295,51,0.0,Clouds,broken clouds,18
Újszeged,46.242222,20.16,2026-07-23 19:00:10.042747,20.64,19.99,20.64,20.64,1013,47,4.71,334,93,0.0,Clouds,overcast clouds,18
Szőreg,46.211389,20.183056,2026-07-23 19:00:11.241083,20.63,19.95,20.63,20.63,1013,46,4.79,334,81,0.0,Clouds,broken clouds,18
Deszk,46.210278,20.246389,2026-07-23 19:00:12.443027,20.64,19.96,20.64,20.64,1013,46,5.04,331,83,0.0,Clouds,broken clouds,18
Kiszombor,46.191944,20.413056,2026-07-23 19:00:13.638154,19.66,18.91,19.66,19.66,1013,47,5.34,326,86,0.0,Clouds,overcast clouds,18
Kiszombor megálló,46.191111,20.430833,2026-07-23 19:00:14.829266,19.66,18.91,19.66,19.66,1013,47,5.34,326,86,0.0,Clouds,overcast clouds,18
Makó,46.204722,20.474722,2026-07-23 19:00:16.037393,19.6,18.87,19.6,19.6,1013,48,5.34,326,84,0.0,Clouds,broken clouds,18
Apátfalva,46.175193,20.580611,2026-07-23 19:00:17.240738,19.39,18.66,19.39,19.39,1013,49,4.85,320,50,0.0,Clouds,scattered clouds,18
Magyarcsanád,46.174444,20.610278,2026-07-23 19:00:18.450436,19.34,18.61,19.34,19.34,1013,49,4.72,318,42,0.0,Clouds,scattered clouds,18
Nagylak,46.17,20.708333,2026-07-23 19:00:19.651905,20.1,19.5,20.1,20.1,1013,51,4.01,309,9,0.0,Clear,clear sky,18
Nagylaki Kendergyár,46.189167,20.717222,2026-07-23 19:00:20.844598,20.09,19.49,20.09,20.09,1013,51,4.09,311,13,0.0,Clouds,few clouds,18
Csanádpalota,46.236111,20.7325,2026-07-23 19:00:22.045805,20.08,19.48,20.08,20.08,1013,51,4.15,313,19,0.0,Clouds,few clouds,18
Mezőhegyes,46.310833,20.815556,2026-07-23 19:00:23.263237,20.02,19.44,20.02,20.02,1013,52,3.71,315,33,0.0,Clouds,scattered clouds,18
Végegyháza,46.384444,20.878611,2026-07-23 19:00:24.459072,20.04,19.46,20.04,20.04,1013,52,3.21,313,64,0.0,Clouds,broken clouds,18
Mezőkovácsháza,46.408333,20.9,2026-07-23 19:00:25.663554,20.04,19.48,20.04,20.04,1013,53,3.21,313,76,0.0,Clouds,broken clouds,18
Mezőkovácsháza felső,46.415556,20.918056,2026-07-23 19:00:26.857160,20.05,19.49,20.05,20.05,1013,53,2.88,313,69,0.0,Clouds,broken clouds,18
Magyarbánhegyes,46.451389,20.97,2026-07-23 19:00:28.056989,19.37,18.75,19.37,19.37,1013,53,2.8,313,75,0.0,Clouds,broken clouds,18
Medgyesegyháza,46.495278,21.029167,2026-07-23 19:00:29.254471,19.35,18.78,19.35,19.35,1013,55,2.84,310,76,0.0,Clouds,broken clouds,18
Bánkút,46.505278,21.091944,2026-07-23 19:00:30.456814,19.3,18.75,19.3,19.3,1013,56,2.77,308,59,0.0,Clouds,broken clouds,18
Belsőperegpuszta,46.321111,20.916667,2026-07-23 19:00:31.655392,20.02,19.44,20.02,20.02,1013,52,2.87,313,21,0.0,Clouds,few clouds,18
Battonya,46.282222,21.003889,2026-07-23 19:00:32.843823,19.98,20.64,17.82,20.62,1013,100,2.58,312,10,0.0,Clear,clear sky,18
Baja-Dunafürdő,46.193333,18.919167,2026-07-23 19:00:34.221405,20.19,19.28,20.19,20.19,1013,39,3.78,319,100,0.0,Clouds,overcast clouds,18
Kaposszekcső,46.330556,18.143056,2026-07-23 19:00:35.583069,19.6,18.82,19.6,19.6,1014,46,2.72,282,100,0.0,Clouds,overcast clouds,18
Vásárosdombó,46.310556,18.138889,2026-07-23 19:00:37.155461,19.38,18.6,19.38,19.38,1014,47,2.6,281,100,0.0,Clouds,overcast clouds,18
Sásd,46.257222,18.104722,2026-07-23 19:00:38.727520,19.0,18.29,19.0,19.0,1014,51,2.46,278,100,0.0,Clouds,overcast clouds,18
Godisa,46.223333,18.104722,2026-07-23 19:00:40.824228,18.61,17.88,18.61,18.61,1014,52,2.42,278,98,0.0,Clouds,overcast clouds,18
Abaliget,46.152778,18.073611,2026-07-23 19:00:42.379478,17.84,17.25,17.84,17.84,1014,60,2.72,280,97,0.0,Clouds,overcast clouds,18
Hetvehely,46.128333,18.045,2026-07-23 19:00:43.823525,17.81,17.32,17.81,17.81,1015,64,2.95,282,98,0.0,Clouds,overcast clouds,18
Bükkösd,46.113056,17.999444,2026-07-23 19:00:45.351291,17.64,17.16,17.64,17.64,1015,65,3.09,283,98,0.0,Clouds,overcast clouds,18
Cserdi-Helesfa,46.086667,17.987778,2026-07-23 19:00:47.046695,17.49,17.07,17.49,17.49,1015,68,3.19,284,99,0.0,Clouds,overcast clouds,18
Szentlőrinc,46.033333,17.990833,2026-07-23 19:00:48.509020,17.61,17.31,17.61,17.61,1015,72,3.36,284,100,0.12,Rain,light rain,18
Bicsérd,46.041389,18.057778,2026-07-23 19:00:49.960445,17.63,17.25,17.63,17.63,1015,69,3.19,283,100,0.12,Rain,light rain,18
Mecsekalja-Cserkút,46.059722,18.150278,2026-07-23 19:00:51.385165,17.38,16.82,17.38,17.38,1014,63,2.84,281,99,1.55,Rain,moderate rain,18
Pécs,46.065833,18.223611,2026-07-23 19:00:52.802832,20.93,20.67,20.93,20.93,1014,61,2.73,282,99,0.0,Clouds,overcast clouds,18
Pécs-Külváros,46.071667,18.24,2026-07-23 19:00:54.207753,21.47,21.27,21.47,21.47,1014,61,2.73,282,99,0.0,Clouds,overcast clouds,18
Pécsbánya-Rendező,46.063333,18.270278,2026-07-23 19:00:55.475466,21.31,21.01,21.31,21.31,1014,58,2.67,285,99,1.12,Rain,moderate rain,18
Pécsudvard,46.01,18.275556,2026-07-23 19:00:56.905046,21.24,21.01,21.24,21.24,1014,61,3.12,289,100,0.0,Clouds,overcast clouds,18
Szőkéd,45.9675,18.29,2026-07-23 19:00:58.606931,21.42,21.0,21.42,21.42,1014,53,3.79,296,100,0.0,Clouds,overcast clouds,18
Áta,45.936389,18.306944,2026-07-23 19:00:59.955323,21.53,21.12,21.53,21.53,1014,53,4.2,298,100,0.0,Clouds,overcast clouds,18
Kistótfalu,45.909722,18.315278,2026-07-23 19:01:01.610568,21.57,21.17,21.57,21.57,1014,53,4.64,300,100,0.0,Clouds,overcast clouds,18
Vokány,45.899722,18.334722,2026-07-23 19:01:03.312346,21.53,21.12,21.53,21.53,1014,53,4.69,302,100,0.0,Clouds,overcast clouds,18
Palkonya,45.891667,18.393889,2026-07-23 19:01:04.509164,21.55,21.14,21.55,21.55,1014,53,2.24,330,99,0.0,Clouds,overcast clouds,18
Villánykövesd,45.879722,18.425833,2026-07-23 19:01:05.708832,21.51,21.1,21.51,21.51,1014,53,2.24,330,99,0.0,Clouds,overcast clouds,18
Villány,45.8775,18.451389,2026-07-23 19:01:06.916767,21.64,21.24,21.64,21.64,1014,53,2.24,330,99,0.0,Clouds,overcast clouds,18
Magyarbóly,45.834167,18.491944,2026-07-23 19:01:08.119316,21.69,21.3,21.69,21.69,1014,53,2.24,330,99,0.0,Clouds,overcast clouds,18
Magyarszék,46.210278,18.188056,2026-07-23 19:01:09.313805,18.56,17.83,18.56,18.56,1014,52,2.35,279,97,0.0,Clouds,overcast clouds,18
Mecsekpölöske,46.224167,18.213056,2026-07-23 19:01:10.511347,18.46,17.64,18.46,18.46,1014,49,2.37,280,98,0.0,Clouds,overcast clouds,18
Mecsekjánosi,46.215278,18.241944,2026-07-23 19:01:11.711989,18.53,17.69,18.53,18.53,1014,48,2.4,283,98,0.0,Clouds,overcast clouds,18
Komló,46.189167,18.265278,2026-07-23 19:01:12.911709,18.63,17.83,18.63,18.63,1014,49,2.36,283,98,0.0,Clouds,overcast clouds,18
Királyegyháza-Rigópuszta,45.989167,17.971667,2026-07-23 19:01:14.120483,17.38,17.16,17.38,17.38,1015,76,3.39,281,100,1.27,Rain,moderate rain,18
Sumony,45.960833,17.913333,2026-07-23 19:01:15.328716,17.02,16.94,17.02,17.02,1015,83,3.26,278,100,1.12,Rain,moderate rain,18
Okorág-Kárászpuszta,45.933611,17.864444,2026-07-23 19:01:16.525538,16.87,16.86,16.87,16.87,1015,86,2.94,272,100,1.5,Rain,moderate rain,18
Kákics,45.904167,17.8525,2026-07-23 19:01:17.724498,16.71,16.73,16.71,16.71,1015,88,2.54,264,100,3.46,Rain,moderate rain,18
Bóly,45.9375,18.538333,2026-07-23 19:01:18.929901,21.46,21.05,21.46,21.46,1014,53,2.24,330,100,0.0,Clouds,overcast clouds,18
Mohács,46.0025,18.683333,2026-07-23 19:01:20.133627,21.73,21.08,21.73,21.73,1013,43,2.91,322,100,0.0,Clouds,overcast clouds,18
Sellye,45.873333,17.858889,2026-07-23 19:01:21.331550,16.78,16.79,16.78,16.78,1015,87,2.41,256,100,4.34,Rain,heavy intensity rain,18
Toponár,46.398333,17.840833,2026-07-23 19:01:22.522940,19.38,18.63,19.38,19.38,1014,48,3.21,275,100,0.0,Clouds,overcast clouds,18
Somogyaszaló,46.453611,17.840278,2026-07-23 19:01:23.720858,19.39,18.61,19.39,19.39,1014,47,3.38,279,100,0.0,Clouds,overcast clouds,18
Mernye,46.509444,17.832222,2026-07-23 19:01:24.919587,19.57,18.81,19.57,19.57,1014,47,3.63,286,97,0.0,Clouds,overcast clouds,18
Felsőmocsolád,46.556389,17.8225,2026-07-23 19:01:26.116427,19.44,18.67,19.44,19.44,1014,47,3.72,289,91,0.0,Clouds,overcast clouds,18
Kisbárapáti,46.615,17.866667,2026-07-23 19:01:27.317698,19.19,18.42,19.19,19.19,1014,48,3.94,296,66,0.0,Clouds,broken clouds,18
Bonnya,46.611389,17.909167,2026-07-23 19:01:28.515224,19.5,18.76,19.5,19.5,1014,48,3.85,293,73,0.0,Clouds,broken clouds,18
Andocs,46.646944,17.8925,2026-07-23 19:01:29.710294,18.9,18.13,18.9,18.9,1014,49,3.99,298,57,0.0,Clouds,broken clouds,18
Karád,46.681111,17.874722,2026-07-23 19:01:30.904009,20.25,19.64,20.25,20.25,1014,50,4.04,300,47,0.0,Clouds,scattered clouds,18
Somogymeggyes,46.720556,17.920556,2026-07-23 19:01:32.101669,19.83,19.2,19.83,19.83,1014,51,3.98,301,26,0.0,Clouds,scattered clouds,18
Kapoly,46.713611,17.977778,2026-07-23 19:01:33.312269,20.11,19.48,20.11,20.11,1014,50,3.68,293,26,0.0,Clouds,scattered clouds,18
Tab,46.734167,18.041111,2026-07-23 19:01:34.515516,20.27,19.68,20.27,20.27,1014,51,3.53,291,16,0.0,Clouds,few clouds,18
Bábonymegyer,46.746095,18.109921,2026-07-23 19:01:35.712120,20.38,19.78,20.38,20.38,1014,50,3.17,284,17,0.0,Clouds,few clouds,18
Daránypuszta,46.764722,18.143889,2026-07-23 19:01:36.955012,20.4,19.8,20.4,20.4,1014,50,2.9,284,12,0.0,Clouds,few clouds,18
Som-Nagyberény,46.803056,18.149444,2026-07-23 19:01:38.441095,20.39,19.82,20.39,20.39,1014,51,2.63,290,3,0.0,Clear,clear sky,18
Ádánd,46.854444,18.141667,2026-07-23 19:01:39.961585,20.51,19.95,20.51,20.51,1014,51,2.4,299,1,0.0,Clear,clear sky,18
Siójut,46.879444,18.126667,2026-07-23 19:01:41.604447,20.5,19.44,20.5,20.5,1014,32,2.33,304,2,0.0,Clear,clear sky,18
Kapostüskevár,46.367778,17.774167,2026-07-23 19:01:43.252481,19.31,18.63,19.31,19.31,1015,51,3.22,270,100,0.0,Clouds,overcast clouds,18
Kaposfüred,46.415,17.759444,2026-07-23 19:01:44.606520,19.32,18.59,19.32,19.32,1014,49,3.33,273,100,0.0,Clouds,overcast clouds,18
Várda,46.4625,17.721667,2026-07-23 19:01:46.228639,19.21,18.47,19.21,19.21,1014,49,3.49,273,100,0.0,Clouds,overcast clouds,18
Somogyjád,46.490833,17.694444,2026-07-23 19:01:47.708704,19.31,18.58,19.31,19.31,1014,49,3.55,274,98,0.0,Clouds,overcast clouds,18
Osztopán,46.515556,17.656944,2026-07-23 19:01:48.905359,19.29,18.55,19.29,19.29,1014,49,3.6,274,95,0.0,Clouds,overcast clouds,18
Pamuk,46.553127,17.636412,2026-07-23 19:01:50.268908,19.5,18.79,19.5,19.5,1014,49,3.67,278,92,0.0,Clouds,overcast clouds,18
Somogyvár,46.580556,17.634722,2026-07-23 19:01:51.677740,19.58,18.87,19.58,19.58,1014,49,3.76,282,89,0.0,Clouds,overcast clouds,18
Öreglak,46.608607,17.632733,2026-07-23 19:01:52.877057,19.64,18.94,19.64,19.64,1014,49,3.87,287,85,0.0,Clouds,overcast clouds,18
Tatárvár,46.636667,17.621111,2026-07-23 19:01:55.418021,19.55,18.87,19.55,19.55,1014,50,3.98,288,81,0.0,Clouds,broken clouds,18
Lengyeltóti,46.660556,17.613611,2026-07-23 19:01:57.438646,19.7,19.03,19.7,19.7,1014,50,4.12,293,77,0.0,Clouds,broken clouds,18
Pusztaberény,46.686111,17.594722,2026-07-23 19:01:59.300843,19.84,19.19,19.84,19.84,1014,50,4.25,296,72,0.0,Clouds,broken clouds,18
Örkény,47.132778,19.447222,2026-07-23 19:02:00.960978,18.09,17.31,18.09,18.09,1013,52,4.4,305,61,0.0,Clouds,broken clouds,18
Táborfalva,47.098545,19.479318,2026-07-23 19:02:03.123355,18.08,17.3,18.08,18.08,1013,52,4.26,306,39,0.0,Clouds,scattered clouds,18
Felsőlajos,47.068834,19.498415,2026-07-23 19:02:04.910705,18.07,17.29,18.07,18.07,1013,52,4.03,308,31,0.0,Clouds,scattered clouds,18
Lajosmizse,47.028333,19.542778,2026-07-23 19:02:06.100033,18.08,17.3,18.08,18.08,1013,52,3.73,311,6,0.0,Clear,clear sky,18
Lajosmizse alsó,47.0225,19.550278,2026-07-23 19:02:07.349561,18.08,17.3,18.08,18.08,1013,52,3.73,311,6,0.0,Clear,clear sky,18
Klábertelep,47.005556,19.551667,2026-07-23 19:02:08.973313,18.05,17.27,18.05,18.05,1013,52,3.76,310,0,0.0,Clear,clear sky,18
Méntelek,46.978611,19.570833,2026-07-23 19:02:10.165655,18.06,17.28,18.06,18.06,1013,52,3.64,313,0,0.0,Clear,clear sky,18
Hetényegyháza,46.930833,19.595,2026-07-23 19:02:11.438206,18.13,17.38,18.13,18.13,1013,53,3.51,317,0,0.0,Clear,clear sky,18
Kecskemét-Máriaváros,46.901192,19.675913,2026-07-23 19:02:12.696196,18.17,17.43,18.17,18.17,1013,53,3.58,315,0,0.0,Clear,clear sky,18
Nyársapát,47.100278,19.7925,2026-07-23 19:02:13.896373,17.16,16.29,17.16,19.82,1012,52,4.28,292,0,0.0,Clear,clear sky,18
Nagykőrös,47.038333,19.76,2026-07-23 19:02:15.094408,19.8,19.19,19.8,19.8,1013,52,4.16,295,0,0.0,Clear,clear sky,18
Katonatelep,46.963056,19.718889,2026-07-23 19:02:16.294974,18.06,17.31,18.06,18.06,1013,53,3.88,305,0,0.0,Clear,clear sky,18
Kecskemét,46.913889,19.700833,2026-07-23 19:02:17.486304,18.13,17.38,18.13,18.13,1013,53,3.65,312,0,0.0,Clear,clear sky,18
Városföld,46.816667,19.753333,2026-07-23 19:02:18.678199,18.31,17.58,18.31,18.31,1013,53,3.58,318,2,0.0,Clear,clear sky,18
Kiskunfélegyháza,46.7067,19.83474,2026-07-23 19:02:19.876172,18.55,17.84,18.55,18.55,1013,53,3.53,323,0,0.0,Clear,clear sky,18
Petőfiszállás,46.617374,19.865229,2026-07-23 19:02:21.190158,18.75,18.04,18.75,18.75,1013,52,3.48,326,0,0.0,Clear,clear sky,18
Csengele,46.538321,19.909008,2026-07-23 19:02:22.394923,20.53,19.94,20.53,20.53,1013,50,3.51,326,0,0.0,Clear,clear sky,18
Kistelek,46.466944,19.966944,2026-07-23 19:02:23.622775,20.59,19.75,20.59,20.59,1013,40,3.64,329,5,0.0,Clear,clear sky,18
Balástya,46.413333,20.001389,2026-07-23 19:02:24.972214,20.59,19.75,20.59,20.59,1013,40,3.82,330,32,0.0,Clouds,scattered clouds,18
Szatymaz,46.345621,20.04374,2026-07-23 19:02:26.169728,20.61,19.77,20.61,20.61,1013,40,6.71,335,70,0.0,Clouds,broken clouds,18
Kiskundorozsma,46.271667,20.090556,2026-07-23 19:02:27.389673,20.64,19.8,20.64,20.64,1013,40,4.49,335,90,0.0,Clouds,overcast clouds,18
Szeged,46.239722,20.143056,2026-07-23 19:02:28.739474,20.62,19.78,20.62,20.62,1013,40,4.73,335,88,0.0,Clouds,overcast clouds,18
Alsóúrrét,46.898392,19.779891,2026-07-23 19:02:29.969344,18.21,17.47,18.21,18.21,1013,53,3.71,309,3,0.0,Clear,clear sky,18
Nyárlőrinc,46.87,19.851389,2026-07-23 19:02:31.734791,18.28,17.55,18.28,18.28,1013,53,3.69,309,5,0.0,Clear,clear sky,18
Világoshegy,46.855278,19.940278,2026-07-23 19:02:34.104164,18.38,17.66,18.38,18.38,1013,53,3.64,305,3,0.0,Clear,clear sky,18
Szikra,46.858333,19.975,2026-07-23 19:02:35.634014,19.91,19.34,19.91,19.91,1013,53,3.64,305,3,0.0,Clear,clear sky,18
Lakitelek,46.873056,20.003611,2026-07-23 19:02:37.136608,19.95,19.38,19.95,19.95,1012,53,3.62,305,3,0.0,Clear,clear sky,18
Tiszaug,46.850556,20.074167,2026-07-23 19:02:38.352422,18.9,18.2,18.9,20.03,1012,52,3.6,307,0,0.0,Clear,clear sky,18
Tiszasas,46.826389,20.089167,2026-07-23 19:02:39.561391,18.88,18.18,18.88,18.88,1012,52,3.6,307,0,0.0,Clear,clear sky,18
Csépa,46.8125,20.134722,2026-07-23 19:02:40.761551,18.88,18.16,18.88,18.88,1012,51,3.65,308,0,0.0,Clear,clear sky,18
Szelevény,46.811944,20.196389,2026-07-23 19:02:41.950577,18.89,18.17,18.89,18.89,1012,51,3.69,308,0,0.0,Clear,clear sky,18
Gátér,46.685,19.9625,2026-07-23 19:02:43.143628,18.88,18.18,18.88,18.88,1013,52,3.49,319,0,0.0,Clear,clear sky,18
Kónyaszék,46.699931,20.074299,2026-07-23 19:02:44.337763,18.9,18.18,18.9,18.9,1012,51,3.5,314,0,0.0,Clear,clear sky,18
Csongrád,46.704444,20.140556,2026-07-23 19:02:45.543653,18.9,18.18,18.9,18.9,1012,51,3.55,312,5,0.0,Clear,clear sky,18
Hékéd,46.675,20.266667,2026-07-23 19:02:46.741001,18.9,18.18,18.9,18.9,1012,51,3.58,323,24,0.0,Clouds,few clouds,18
Fábiánsebestyén,46.670278,20.456667,2026-07-23 19:02:47.938092,18.89,18.17,18.89,18.89,1012,51,4.08,311,29,0.0,Clouds,scattered clouds,18
Gádoros,46.656711,20.588157,2026-07-23 19:02:49.140437,18.88,18.18,18.88,18.88,1012,52,4.32,314,40,0.0,Clouds,scattered clouds,18
Justhmajor,46.62,20.615833,2026-07-23 19:02:50.333845,18.88,18.18,18.88,18.88,1012,52,4.33,314,53,0.0,Clouds,broken clouds,18
Szentetornya,46.590964,20.628334,2026-07-23 19:02:51.526979,18.87,18.17,18.87,18.87,1012,52,4.32,315,65,0.0,Clouds,broken clouds,18
Gyopárosfürdő,46.567784,20.630662,2026-07-23 19:02:52.729689,18.86,18.16,18.86,18.86,1012,52,4.27,314,78,0.0,Clouds,broken clouds,18
Szabadságliget,47.626123,18.893481,2026-07-23 19:02:53.987401,18.0,17.4,17.59,19.23,1013,59,2.26,304,0,0.0,Clear,clear sky,18
Röszke,46.19261,20.03055,2026-07-23 19:02:55.183152,20.64,19.8,18.54,20.64,1013,40,4.43,340,82,0.0,Clouds,broken clouds,18
Tószeg,47.098056,20.138333,2026-07-23 19:02:56.386088,20.01,19.32,20.01,20.01,1012,48,1.34,268,6,0.0,Clear,clear sky,18
Tiszavárkony,47.059444,20.143056,2026-07-23 19:02:57.582149,20.01,19.32,20.01,20.01,1012,48,1.34,268,5,0.0,Clear,clear sky,18
Tiszajenő-Vezseny,47.036319,20.142415,2026-07-23 19:02:58.781107,20.01,19.32,20.01,20.01,1012,48,1.34,268,5,0.0,Clear,clear sky,18
Újbög,46.962222,20.093889,2026-07-23 19:02:59.975085,19.97,19.28,19.97,19.97,1012,48,3.74,295,0,0.0,Clear,clear sky,18
Tiszakécske,46.937512,20.082016,2026-07-23 19:03:01.232254,19.99,19.3,19.1,19.99,1012,48,3.7,297,0,0.0,Clear,clear sky,18
Kerekdomb,46.906944,20.052778,2026-07-23 19:03:02.430629,19.98,19.39,19.09,19.98,1012,52,3.67,300,0,0.0,Clear,clear sky,18
Tiszaalpár,46.818611,19.982778,2026-07-23 19:03:03.636386,19.06,18.41,18.83,19.06,1013,53,3.56,310,3,0.0,Clear,clear sky,18
Tiszaalpár alsó,46.790897,19.951409,2026-07-23 19:03:04.838055,19.06,18.41,18.83,19.06,1013,53,3.55,312,2,0.0,Clear,clear sky,18
Tiszatenyő,47.134167,20.3725,2026-07-23 19:03:06.122834,20.01,19.32,20.01,20.01,1012,48,4.06,286,10,0.0,Clear,clear sky,18
Pusztapó,47.091667,20.458333,2026-07-23 19:03:07.319022,20.01,19.42,20.01,20.01,1012,52,4.27,290,10,0.0,Clear,clear sky,18
Kétpó,47.076944,20.487778,2026-07-23 19:03:08.596006,20.01,19.42,20.01,20.01,1012,52,4.34,292,10,0.0,Clear,clear sky,18
Mezőtúr,47.0125,20.622778,2026-07-23 19:03:09.852297,19.01,18.35,19.01,19.01,1012,53,4.54,296,5,0.0,Clear,clear sky,18
Nagylapos,46.974167,20.750556,2026-07-23 19:03:11.049403,19.07,18.44,19.07,19.07,1012,54,4.58,300,0,0.0,Clear,clear sky,18
Gyoma,46.925833,20.821667,2026-07-23 19:03:12.248344,19.18,18.56,19.18,19.18,1012,54,4.63,304,0,0.0,Clear,clear sky,18
Csárdaszállás,46.861111,20.932778,2026-07-23 19:03:13.449384,19.43,18.86,19.43,19.43,1012,55,4.64,304,11,0.0,Clouds,few clouds,18
Mezőberény,46.814722,21.013056,2026-07-23 19:03:14.650678,19.59,19.07,19.59,19.59,1012,56,4.67,304,30,0.0,Clouds,scattered clouds,18
Murony,46.756944,21.038056,2026-07-23 19:03:15.847912,19.65,19.16,19.65,19.65,1012,57,4.61,304,46,0.0,Clouds,scattered clouds,18
Békéscsaba,46.669722,21.081667,2026-07-23 19:03:17.042732,19.52,19.07,19.52,19.52,1012,59,4.3,305,61,0.0,Clouds,broken clouds,18
Kétegyháza,46.5325,21.171944,2026-07-23 19:03:18.244445,19.21,18.67,19.21,19.21,1012,57,2.97,301,32,0.0,Clouds,scattered clouds,18
Lőkösháza,46.432222,21.2375,2026-07-23 19:03:19.441489,20.63,20.26,17.83,20.63,1013,58,2.51,299,9,0.0,Clear,clear sky,18
Kengyel,47.089722,20.339722,2026-07-23 19:03:20.640070,19.99,19.3,19.99,19.99,1012,48,4.01,288,10,0.0,Clear,clear sky,18
Bagimajor,47.061111,20.316667,2026-07-23 19:03:21.841630,20.01,19.32,20.01,20.01,1012,48,3.96,291,9,0.0,Clear,clear sky,18
Martfű,47.019444,20.291667,2026-07-23 19:03:23.033653,19.99,19.3,19.99,19.99,1012,48,3.95,293,7,0.0,Clear,clear sky,18
Tiszaföldvár,46.975556,20.276389,2026-07-23 19:03:24.224438,19.99,19.3,19.99,19.99,1012,48,3.9,297,1,0.0,Clear,clear sky,18
Homok,46.9475,20.270278,2026-07-23 19:03:25.427663,20.0,19.31,20.0,20.0,1012,48,3.89,299,0,0.0,Clear,clear sky,18
Kungyalu,46.910833,20.2675,2026-07-23 19:03:26.626184,20.02,19.41,18.9,20.02,1012,51,3.87,301,0,0.0,Clear,clear sky,18
Kunszentmárton,46.848333,20.293333,2026-07-23 19:03:27.826836,18.88,18.18,18.88,18.88,1012,52,3.87,306,0,0.0,Clear,clear sky,18
Nagytőke,46.763333,20.291667,2026-07-23 19:03:29.023970,18.9,18.18,18.9,18.9,1012,51,3.8,309,0,0.0,Clear,clear sky,18
Szentes,46.657778,20.2725,2026-07-23 19:03:30.213730,18.9,18.18,18.9,18.9,1012,51,3.58,323,35,0.0,Clouds,scattered clouds,18
Szegvár,46.588611,20.249444,2026-07-23 19:03:31.414803,18.9,18.18,18.9,18.9,1012,51,3.58,323,58,0.0,Clouds,broken clouds,18
Mindszent,46.524167,20.194167,2026-07-23 19:03:32.603119,18.91,18.19,18.91,18.91,1013,51,3.59,317,62,0.0,Clouds,broken clouds,18
Mártély,46.473333,20.236111,2026-07-23 19:03:33.799688,18.92,18.15,18.92,20.65,1013,49,3.85,319,89,0.0,Clouds,overcast clouds,18
Pusztabánréve,46.939898,20.556809,2026-07-23 19:03:35.002640,19.12,18.45,19.12,19.12,1012,52,4.44,301,0,0.0,Clear,clear sky,18
Szarvas,46.860833,20.566667,2026-07-23 19:03:36.203662,19.2,18.53,19.2,19.2,1012,52,4.41,306,0,0.0,Clear,clear sky,18
Csabacsűd,46.823056,20.663333,2026-07-23 19:03:37.394237,19.28,18.65,19.28,19.28,1012,53,4.54,311,0,0.0,Clear,clear sky,18
Kisszénás,46.751389,20.721389,2026-07-23 19:03:38.606195,19.38,18.78,19.38,19.38,1012,54,4.67,314,3,0.0,Clear,clear sky,18
Kiscsákó,46.719167,20.717778,2026-07-23 19:03:39.803773,19.42,18.83,19.42,19.42,1012,54,4.55,315,23,0.0,Clouds,few clouds,18
Nagyszénás,46.672778,20.674167,2026-07-23 19:03:40.998927,19.39,18.77,19.39,19.39,1012,53,4.45,315,31,0.0,Clouds,scattered clouds,18
Kardoskút,46.498056,20.6975,2026-07-23 19:03:42.195420,19.45,18.81,19.45,19.45,1013,52,4.2,313,99,0.0,Clouds,overcast clouds,18
Tótkomlós,46.409167,20.726944,2026-07-23 19:03:43.385143,19.37,18.72,19.37,19.37,1013,52,4.0,314,88,0.0,Clouds,overcast clouds,18
Nagyér,46.365278,20.738333,2026-07-23 19:03:44.576550,19.35,18.67,19.35,19.35,1013,51,4.11,315,68,0.0,Clouds,broken clouds,18
Pitvaros,46.326175,20.746446,2026-07-23 19:03:45.800459,19.32,18.64,19.32,19.32,1013,51,3.92,315,50,0.0,Clouds,scattered clouds,18
Dévaványa,47.033889,20.943333,2026-07-23 19:03:47.015500,19.06,18.46,19.06,19.06,1012,55,4.48,296,4,0.0,Clear,clear sky,18
Körösladány,46.97,21.085833,2026-07-23 19:03:48.205494,19.23,18.67,19.23,19.23,1012,56,4.42,298,13,0.0,Clouds,few clouds,18
Szeghalom,47.015278,21.148333,2026-07-23 19:03:49.401968,19.14,18.57,19.14,19.14,1012,56,4.31,293,14,0.0,Clouds,few clouds,18
Vésztő,46.938889,21.263611,2026-07-23 19:03:50.593189,19.15,18.61,19.15,19.15,1012,57,4.21,295,36,0.0,Clouds,scattered clouds,18
Szeged-Rókus,46.266111,20.125278,2026-07-23 19:03:51.788549,20.64,19.8,20.64,20.64,1013,40,4.63,335,91,0.0,Clouds,overcast clouds,18
Algyő,46.335556,20.196111,2026-07-23 19:03:52.986390,20.66,20.03,20.66,20.66,1013,48,4.54,329,100,0.0,Clouds,overcast clouds,18
Hódmezővásárhelyi Népkert,46.403333,20.312778,2026-07-23 19:03:54.175267,18.91,18.14,18.91,18.91,1013,49,4.5,321,100,0.0,Clouds,overcast clouds,18
Hódmezővásárhely,46.413333,20.34,2026-07-23 19:03:55.372842,18.9,18.13,18.9,18.9,1013,49,4.65,321,100,0.0,Clouds,overcast clouds,18
Körmend,47.016389,16.599167,2026-07-23 19:03:56.573929,18.96,18.32,18.96,18.96,1015,54,2.45,331,100,0.0,Clouds,overcast clouds,18
Szentgotthárd,46.957222,16.263056,2026-07-23 19:03:57.771172,18.56,18.04,18.56,18.56,1015,60,1.08,288,61,0.0,Clouds,broken clouds,18
Szombathely,47.237778,16.6325,2026-07-23 19:03:58.969677,16.15,15.23,16.15,16.15,1015,54,4.84,314,8,0.0,Clear,clear sky,18
Sáferkút,48.010278,19.071389,2026-07-23 19:04:00.170740,16.62,15.96,16.62,16.62,1013,62,3.38,307,4,0.0,Clear,clear sky,18
Magdolnavölgy,47.6475,18.818889,2026-07-23 19:04:01.368577,18.26,17.6,17.58,19.21,1013,56,2.18,308,1,0.0,Clear,clear sky,18
Haris,46.964722,16.2825,2026-07-23 19:04:02.574303,18.64,18.1,18.64,18.64,1015,59,1.11,296,67,0.0,Clouds,broken clouds,18
Egyházasrádóc,47.091389,16.62,2026-07-23 19:04:03.773827,18.71,18.05,18.71,18.71,1015,54,3.38,328,68,0.0,Clouds,broken clouds,18
Alsórönök,46.964167,16.379444,2026-07-23 19:04:04.979473,18.72,18.16,18.72,18.72,1015,58,1.15,305,79,0.0,Clouds,broken clouds,18
Szombathely-Szőlős,47.206389,16.641667,2026-07-23 19:04:06.188810,16.21,15.3,16.21,16.21,1015,54,4.73,317,18,0.0,Clouds,few clouds,18
Rátót,46.9675,16.433056,2026-07-23 19:04:07.392500,18.69,18.08,18.69,18.69,1015,56,1.28,319,100,0.0,Clouds,overcast clouds,18
Ják-Balogunyom,47.161389,16.630556,2026-07-23 19:04:08.596917,16.27,15.36,16.27,16.27,1015,54,4.39,322,42,0.0,Clouds,scattered clouds,18
Vasvár,47.056944,16.800278,2026-07-23 19:04:09.788382,19.13,18.48,19.13,19.13,1015,53,4.54,323,86,0.0,Clouds,overcast clouds,18
Répcelak,47.418889,17.008889,2026-07-23 19:04:10.990024,19.12,18.47,19.12,19.12,1014,53,5.15,314,0,0.0,Clear,clear sky,18
Rajka,47.995556,17.191389,2026-07-23 19:04:12.180399,18.31,17.74,18.31,18.37,1014,59,5.67,346,6,0.0,Clear,clear sky,18
Püspökmolnári,47.086111,16.7675,2026-07-23 19:04:13.384087,19.06,18.41,19.06,19.06,1015,53,4.35,325,77,0.0,Clouds,broken clouds,18
Kőszeg,47.382222,16.556389,2026-07-23 19:04:14.584157,15.75,15.03,15.75,15.75,1015,63,4.17,303,0,0.0,Clear,clear sky,18
Kastélypark,47.390278,18.988333,2026-07-23 19:04:15.775729,19.59,19.04,18.38,20.15,1013,55,0.89,286,13,0.0,Clouds,few clouds,18
Hanságliget,47.72,17.215556,2026-07-23 19:04:16.965261,18.91,18.27,18.91,18.91,1014,54,5.35,3,18,0.0,Clouds,few clouds,18
Vica,47.477778,17.111944,2026-07-23 19:04:18.163535,19.1,18.45,19.1,19.1,1014,53,4.32,329,0,0.0,Clear,clear sky,18
Vép,47.235833,16.7275,2026-07-23 19:04:19.363117,16.29,15.38,16.29,16.29,1015,54,5.37,314,8,0.0,Clear,clear sky,18
Mosonszolnok,47.8525,17.160278,2026-07-23 19:04:20.560578,18.85,18.2,18.37,18.88,1014,54,5.54,360,32,0.0,Clouds,scattered clouds,18
Jánossomorja,47.789167,17.1375,2026-07-23 19:04:21.752234,18.88,18.21,18.88,18.88,1014,53,5.34,6,40,0.0,Clouds,scattered clouds,18
Bősárkány,47.685556,17.234167,2026-07-23 19:04:22.941842,18.91,18.24,18.91,18.91,1014,53,5.07,4,18,0.0,Clouds,few clouds,18
Szil-Sopronnémeti,47.533333,17.209444,2026-07-23 19:04:24.142383,18.86,18.19,18.86,18.86,1014,53,4.26,355,11,0.0,Clouds,few clouds,18
Magyarkeresztúr-Zsebeháza,47.514167,17.176111,2026-07-23 19:04:25.353233,18.86,18.19,18.86,18.86,1014,53,4.1,347,9,0.0,Clear,clear sky,18
Páli-Vadosfa,47.4925,17.137778,2026-07-23 19:04:26.551873,18.84,18.16,18.84,18.84,1014,53,4.12,338,4,0.0,Clear,clear sky,18
Beled,47.466667,17.084444,2026-07-23 19:04:27.759476,19.1,18.45,19.1,19.1,1014,53,4.32,329,0,0.0,Clear,clear sky,18
Dénesfa,47.448611,17.054722,2026-07-23 19:04:28.963329,19.13,18.48,19.13,19.13,1014,53,4.8,319,0,0.0,Clear,clear sky,18
Csánig,47.430278,17.026111,2026-07-23 19:04:30.160623,19.14,18.49,19.14,19.14,1014,53,4.95,316,0,0.0,Clear,clear sky,18
Vámoscsalád,47.385556,16.961667,2026-07-23 19:04:31.357405,16.54,15.63,16.54,16.54,1014,53,5.6,309,0,0.0,Clear,clear sky,18
Vasegerszeg,47.375,16.928889,2026-07-23 19:04:32.555511,16.55,15.64,16.55,16.55,1015,53,5.88,307,0,0.0,Clear,clear sky,18
Hegyfalu,47.357778,16.898333,2026-07-23 19:04:33.755281,16.54,15.63,16.54,16.54,1015,53,5.88,307,0,0.0,Clear,clear sky,18
Pósfa,47.326944,16.855833,2026-07-23 19:04:34.954131,16.52,15.61,16.52,16.52,1015,53,5.97,307,0,0.0,Clear,clear sky,18
Ölbő-Alsószeleste,47.300556,16.843056,2026-07-23 19:04:36.163667,16.5,15.59,16.5,16.5,1015,53,5.99,308,0,0.0,Clear,clear sky,18
Gencsapáti felső,47.299722,16.593889,2026-07-23 19:04:37.359782,16.01,15.31,16.01,16.01,1015,63,4.38,308,0,0.0,Clear,clear sky,18
Lukácsháza alsó,47.326389,16.586389,2026-07-23 19:04:38.559098,15.95,15.25,15.95,15.95,1015,63,4.42,306,0,0.0,Clear,clear sky,18
Kőszegfalva,47.361667,16.567778,2026-07-23 19:04:39.755937,15.84,15.12,15.84,15.84,1015,63,4.16,305,0,0.0,Clear,clear sky,18
Gyöngyöshermán,47.202778,16.657222,2026-07-23 19:04:40.953051,16.23,15.32,16.23,16.23,1015,54,4.73,317,18,0.0,Clouds,few clouds,18
Bezenye,47.973611,17.207222,2026-07-23 19:04:42.153762,18.33,17.76,18.32,18.38,1014,59,5.54,349,7,0.0,Clear,clear sky,18
Kámon,47.254534,16.625769,2026-07-23 19:04:43.352378,16.11,15.42,16.11,16.11,1015,63,4.9,312,0,0.0,Clear,clear sky,18
Sorkifalud,47.1375,16.719167,2026-07-23 19:04:44.552498,19.02,18.36,19.02,19.02,1015,53,4.69,322,54,0.0,Clouds,broken clouds,18
Szentléránt,47.12,16.735556,2026-07-23 19:04:45.753635,19.02,18.36,19.02,19.02,1015,53,4.69,322,54,0.0,Clouds,broken clouds,18
Pácsony,47.009722,16.833611,2026-07-23 19:04:46.946375,19.16,18.49,19.16,19.16,1015,52,3.96,321,100,0.0,Clouds,overcast clouds,18
Győrvár,46.99,16.840556,2026-07-23 19:04:48.146365,19.16,18.49,19.16,19.16,1015,52,3.96,321,100,0.0,Clouds,overcast clouds,18
Egervár-Vasboldogasszony,46.942222,16.862222,2026-07-23 19:04:49.343859,19.48,18.82,19.48,19.48,1015,51,3.21,315,100,0.0,Clouds,overcast clouds,18
Zalaszentlőrinc,46.913889,16.8775,2026-07-23 19:04:50.544215,19.48,18.82,19.48,19.48,1015,51,2.65,308,100,0.0,Clouds,overcast clouds,18
Gencsapáti alsó,47.285833,16.6,2026-07-23 19:04:51.745675,16.04,15.34,16.04,16.04,1015,63,4.35,310,0,0.0,Clear,clear sky,18
Gyöngyösfalu,47.316111,16.59,2026-07-23 19:04:52.945663,15.97,15.27,15.97,15.97,1015,63,4.38,308,0,0.0,Clear,clear sky,18
Lukácsháza,47.341111,16.580556,2026-07-23 19:04:54.133290,15.9,15.19,15.9,15.9,1015,63,4.13,306,0,0.0,Clear,clear sky,18
Horvátnádalja,47.005278,16.544444,2026-07-23 19:04:55.342079,18.98,18.37,18.98,18.98,1015,55,1.9,331,100,0.0,Clouds,overcast clouds,18
Csákánydoroszló,46.978333,16.499722,2026-07-23 19:04:56.540070,18.91,18.32,18.91,18.91,1015,56,1.34,322,100,0.0,Clouds,overcast clouds,18
Váckisújfalu,47.705,19.340278,2026-07-23 19:04:57.745842,17.97,17.23,17.97,19.75,1013,54,4.18,323,0,0.0,Clear,clear sky,18
Csisztafürdő,46.681411,17.561797,2026-07-23 19:04:58.945379,19.81,19.15,19.81,19.81,1014,50,4.21,291,75,0.0,Clouds,broken clouds,18
Mórágy,46.236021,18.627255,2026-07-23 19:05:00.146857,19.42,18.49,19.42,19.42,1013,41,3.44,309,99,0.0,Clouds,overcast clouds,18
Kismacs,47.551111,21.542778,2026-07-23 19:05:01.343323,15.59,15.27,15.59,15.59,1012,79,4.73,307,2,0.0,Clear,clear sky,18
Pusztaszentistván,47.439869,19.470254,2026-07-23 19:05:02.539260,19.7,19.01,19.7,19.7,1013,49,4.59,301,32,0.0,Clouds,scattered clouds,18
Aranyvölgy,47.573795,19.017489,2026-07-23 19:05:03.749773,18.75,18.19,18.23,20.0,1013,58,2.68,239,0,0.0,Clear,clear sky,18
Szélhegy,47.601111,18.928056,2026-07-23 19:05:04.952761,18.17,17.58,17.87,19.51,1013,59,2.36,301,0,0.0,Clear,clear sky,18
Vörösvárbánya,47.61,18.913611,2026-07-23 19:05:06.154712,18.17,17.58,17.82,19.46,1013,59,2.36,301,0,0.0,Clear,clear sky,18
Máriaszőlőtelep,46.702778,17.411911,2026-07-23 19:05:07.353700,19.79,19.16,19.79,19.79,1014,51,4.08,281,82,0.0,Clouds,broken clouds,18
Akadémiaújtelep,47.485724,19.22294,2026-07-23 19:05:08.548944,19.41,18.82,18.19,19.97,1013,54,3.39,300,8,0.0,Clear,clear sky,18
Újpalota,47.5316,19.126206,2026-07-23 19:05:09.748070,19.05,18.47,18.28,20.06,1013,56,2.68,239,0,0.0,Clear,clear sky,18
"Szeged, Somogyi utca",46.250464,20.147713,2026-07-23 19:05:10.945759,20.6,19.76,20.6,20.6,1013,40,4.71,334,93,0.0,Clouds,overcast clouds,18
"Hódmezővásárhely, Hősök tere",46.412183,20.31759,2026-07-23 19:05:12.155221,18.9,18.13,18.9,18.9,1013,49,4.5,321,100,0.0,Clouds,overcast clouds,18
"Hódmezővásárhely, Kossuth tér",46.41465,20.319727,2026-07-23 19:05:13.348529,18.9,18.13,18.9,18.9,1013,49,4.5,321,100,0.0,Clouds,overcast clouds,18
"Hódmezővásárhely, Strandfürdő",46.409147,20.315671,2026-07-23 19:05:14.542360,18.9,18.13,18.9,18.9,1013,49,4.5,321,100,0.0,Clouds,overcast clouds,18
"Szeged, Széchenyi tér",46.252683,20.14935,2026-07-23 19:05:15.728461,20.6,19.76,20.6,20.6,1013,40,4.71,334,93,0.0,Clouds,overcast clouds,18
"Szeged, Anna-kút",46.256184,20.147587,2026-07-23 19:05:16.933705,20.6,19.76,20.6,20.6,1013,40,4.71,334,93,0.0,Clouds,overcast clouds,18
"Szeged, Rókusi templom",46.259255,20.141771,2026-07-23 19:05:18.129682,20.62,19.78,20.62,20.62,1013,40,4.71,334,93,0.0,Clouds,overcast clouds,18
"Hódmezővásárhely, Kálvin János tér",46.416677,20.328532,2026-07-23 19:05:19.327127,18.9,18.13,18.9,18.9,1013,49,4.65,321,100,0.0,Clouds,overcast clouds,18
Hódmezővásárhely vasútállomás,46.413242,20.338701,2026-07-23 19:05:20.518240,18.9,18.13,18.9,18.9,1013,49,4.65,321,100,0.0,Clouds,overcast clouds,18
"Szeged, Tavasz utca",46.260715,20.139055,2026-07-23 19:05:21.710193,20.62,19.78,20.62,20.62,1013,40,4.71,334,93,0.0,Clouds,overcast clouds,18
"Szeged, Damjanich utca",46.262753,20.135248,2026-07-23 19:05:22.896500,20.62,19.78,20.62,20.62,1013,40,4.71,334,93,0.0,Clouds,overcast clouds,18
"Szeged, Vásárhelyi Pál utca",46.264173,20.131109,2026-07-23 19:05:24.095587,20.64,19.8,20.64,20.64,1013,40,4.71,334,93,0.0,Clouds,overcast clouds,18
"Szeged, Bécsi körút ",46.243459,20.143809,2026-07-23 19:05:25.288179,20.62,19.78,20.62,20.62,1013,40,4.73,335,88,0.0,Clouds,overcast clouds,18
Hódmezővásárhelyi Népkert vasútállomás,46.403733,20.312986,2026-07-23 19:05:26.479148,18.91,18.14,18.91,18.91,1013,49,4.5,321,100,0.0,Clouds,overcast clouds,18
Szeged vasútállomás,46.239789,20.142561,2026-07-23 19:05:27.672197,20.62,19.78,20.62,20.62,1013,40,4.73,335,88,0.0,Clouds,overcast clouds,18
"Szeged, Bem utca",46.240198,20.141247,2026-07-23 19:05:28.865532,20.62,19.78,20.62,20.62,1013,40,4.73,335,88,0.0,Clouds,overcast clouds,18
"Szeged, Galamb utca",46.24153,20.142297,2026-07-23 19:05:30.057766,20.62,19.78,20.62,20.62,1013,40,4.73,335,88,0.0,Clouds,overcast clouds,18
"Szeged, Aradi vértanúk tere",46.247839,20.147,2026-07-23 19:05:31.248226,20.6,19.76,20.6,20.6,1013,40,4.71,334,93,0.0,Clouds,overcast clouds,18
"Szeged, Pulz utca",46.264452,20.126061,2026-07-23 19:05:32.448365,20.64,19.8,20.64,20.64,1013,40,4.71,334,93,0.0,Clouds,overcast clouds,18
"Szeged, Rókus vasútállomás",46.266107,20.125686,2026-07-23 19:05:33.641648,20.64,19.8,20.64,20.64,1013,40,4.63,335,91,0.0,Clouds,overcast clouds,18
Látókép,47.55787,21.524373,2026-07-23 19:05:34.857680,15.59,15.27,15.59,15.59,1012,79,4.73,307,2,0.0,Clear,clear sky,18
Szentmihálytelek,46.2229,20.0808,2026-07-23 19:05:36.066087,20.64,19.8,20.64,20.64,1013,40,4.57,337,87,0.0,Clouds,overcast clouds,18
Kisvarsány,48.144356,22.297397,2026-07-23 19:05:37.286559,14.25,14.05,14.25,14.25,1012,89,2.6,34,100,0.0,Clouds,overcast clouds,18
