station_name,station_lat,station_lon,observation_time,temp,feels_like,temp_min,temp_max,pressure,humidity,wind_speed,wind_deg,clouds,precipitation_1h,weather_main,weather_description,collection_hour
Búcsúszentlászló,46.793056,16.932778,2026-03-25 10:00:12.053531,14.77,13.5,14.77,14.77,1009,46,5.6,207,100,0.0,Clouds,overcast clouds,10
Angyalföld,47.549722,19.09,2026-03-25 10:00:13.293209,15.26,13.86,15.26,15.26,1009,39,3.3,209,100,0.0,Clouds,overcast clouds,10
Felsőjánosfa,46.841389,16.544167,2026-03-25 10:00:14.527229,14.66,13.43,14.66,14.66,1009,48,4.58,214,100,0.0,Clouds,overcast clouds,10
Pankasz,46.835833,16.496111,2026-03-25 10:00:15.772383,14.39,13.14,14.39,14.39,1009,48,4.52,213,100,0.0,Clouds,overcast clouds,10
Nagyrákos,46.827222,16.455556,2026-03-25 10:00:17.011361,14.36,13.1,14.36,14.36,1009,48,4.47,213,100,0.0,Clouds,overcast clouds,10
Őriszentpéter,46.828889,16.415278,2026-03-25 10:00:18.245607,14.48,13.26,14.48,14.48,1009,49,4.3,212,100,0.0,Clouds,overcast clouds,10
Törökbálint,47.45,18.908611,2026-03-25 10:00:19.485559,15.02,13.6,15.02,15.02,1009,39,4.36,210,100,0.0,Clouds,overcast clouds,10
Bicske alsó,47.486389,18.642778,2026-03-25 10:00:20.718874,15.0,13.63,15.0,15.0,1009,41,5.35,204,100,0.0,Clouds,overcast clouds,10
Bajánsenye,46.818056,16.358056,2026-03-25 10:00:21.957208,14.55,13.34,14.55,14.55,1009,49,4.3,213,100,0.0,Clouds,overcast clouds,10
Aquincum,47.566218,19.048273,2026-03-25 10:00:23.197626,14.78,13.33,14.78,14.78,1009,39,3.55,207,100,0.0,Clouds,overcast clouds,10
Piliscsév,47.673889,18.791389,2026-03-25 10:00:24.434742,14.59,13.18,14.59,14.59,1009,41,4.13,196,100,0.0,Clouds,overcast clouds,10
Tát,47.741201,18.64783,2026-03-25 10:00:25.685356,15.06,13.67,15.06,15.06,1009,40,4.0,193,100,0.0,Clouds,overcast clouds,10
Süttő felső,47.756667,18.437222,2026-03-25 10:00:26.928960,15.03,13.63,15.03,15.03,1009,40,4.41,197,100,0.0,Clouds,overcast clouds,10
Budatétény,47.405,19.016389,2026-03-25 10:00:28.173141,15.31,13.91,15.31,15.31,1009,39,3.91,212,100,0.0,Clouds,overcast clouds,10
Seregélyes-Szőlőhegy,47.119444,18.612222,2026-03-25 10:00:29.413674,15.34,13.95,15.34,15.34,1010,39,4.81,207,99,0.0,Clouds,overcast clouds,10
Gödöllő-Állami telepek,47.564444,19.375556,2026-03-25 10:00:30.661993,14.7,13.24,14.7,14.7,1009,39,3.39,213,99,0.0,Clouds,overcast clouds,10
Dunakeszi alsó,47.607778,19.128889,2026-03-25 10:00:31.904169,15.2,13.79,15.2,15.2,1009,39,3.3,208,100,0.0,Clouds,overcast clouds,10
Vác-Alsóváros,47.773056,19.149722,2026-03-25 10:00:33.144825,14.98,13.58,14.98,14.98,1009,40,3.53,203,100,0.0,Clouds,overcast clouds,10
Szob alsó,47.816667,18.8725,2026-03-25 10:00:34.388246,15.04,13.67,15.04,15.04,1009,41,3.5,197,100,0.0,Clouds,overcast clouds,10
Zalaszentmihály-Pacsa,46.7225,16.951944,2026-03-25 10:00:35.637200,14.73,13.46,14.73,14.73,1009,46,5.66,207,100,0.0,Clouds,overcast clouds,10
Pötréte,46.682778,16.9575,2026-03-25 10:00:36.895304,14.73,13.46,14.73,14.73,1009,46,5.71,206,100,0.0,Clouds,overcast clouds,10
Felsőrajk,46.667222,16.982778,2026-03-25 10:00:38.141340,14.69,13.42,14.69,14.69,1009,46,5.89,206,100,0.0,Clouds,overcast clouds,10
Gelse,46.600556,16.982778,2026-03-25 10:00:39.389527,14.68,13.4,14.68,14.68,1009,46,5.95,205,100,0.0,Clouds,overcast clouds,10
Őrtilos,46.297778,16.887778,2026-03-25 10:00:40.630729,14.82,13.56,14.82,14.82,1009,46,6.15,207,100,0.0,Clouds,overcast clouds,10
Zákány,46.251944,16.9425,2026-03-25 10:00:41.888504,14.65,13.37,14.65,14.65,1010,46,6.05,207,100,0.0,Clouds,overcast clouds,10
Berzence,46.201389,17.143611,2026-03-25 10:00:43.134130,15.02,13.73,15.02,15.02,1010,44,5.36,205,100,0.0,Clouds,overcast clouds,10
Somogyudvarhely,46.163333,17.179722,2026-03-25 10:00:44.373299,15.0,13.7,15.0,15.0,1010,44,5.14,205,100,0.0,Clouds,overcast clouds,10
Bélavár,46.122778,17.207778,2026-03-25 10:00:45.616832,15.1,13.81,15.1,15.1,1010,44,4.78,204,100,0.0,Clouds,overcast clouds,10
Vízvár,46.101389,17.239444,2026-03-25 10:00:46.859913,15.02,13.73,15.02,15.02,1010,44,4.6,203,100,0.0,Clouds,overcast clouds,10
Babócsa,46.028359,17.342276,2026-03-25 10:00:48.104211,15.08,13.79,15.08,15.08,1010,44,4.25,205,100,0.0,Clouds,overcast clouds,10
Péterhida-Komlósd,46.006667,17.358056,2026-03-25 10:00:49.350305,15.17,13.87,15.17,15.17,1010,43,4.12,206,100,0.0,Clouds,overcast clouds,10
Barcs,45.951944,17.446944,2026-03-25 10:00:50.603965,15.26,13.94,15.26,15.26,1010,42,3.79,211,100,0.0,Clouds,overcast clouds,10
Barcs felső,45.958333,17.486389,2026-03-25 10:00:51.848518,15.18,13.85,15.18,15.18,1010,42,3.72,211,100,0.0,Clouds,overcast clouds,10
Középrigóc,45.970556,17.525,2026-03-25 10:00:53.101208,15.11,13.77,15.11,15.11,1010,42,3.64,210,100,0.0,Clouds,overcast clouds,10
Darány,45.992222,17.598611,2026-03-25 10:00:54.340810,15.1,13.79,15.1,15.1,1010,43,3.58,204,100,0.0,Clouds,overcast clouds,10
Kisdobsza,46.012222,17.668056,2026-03-25 10:00:55.587063,15.13,13.85,15.13,15.13,1010,44,3.64,200,100,0.0,Clouds,overcast clouds,10
Nemeske,46.023333,17.705278,2026-03-25 10:00:56.827923,15.16,13.88,15.16,15.16,1011,44,3.6,199,100,0.0,Clouds,overcast clouds,10
Molvány,46.035278,17.748611,2026-03-25 10:00:58.070618,15.11,13.83,15.11,15.11,1011,44,3.64,197,100,0.0,Clouds,overcast clouds,10
Szigetvár,46.043333,17.801944,2026-03-25 10:00:59.311661,15.08,13.82,15.08,15.08,1011,45,3.58,197,100,0.0,Clouds,overcast clouds,10
Nagypeterd,46.039444,17.871667,2026-03-25 10:01:00.554383,15.08,13.82,15.08,15.08,1011,45,3.41,197,100,0.0,Clouds,overcast clouds,10
Szentdénes,46.036667,17.926944,2026-03-25 10:01:01.795830,15.02,13.75,15.02,15.02,1011,45,3.32,198,100,0.0,Clouds,overcast clouds,10
Háros,47.412222,19.035,2026-03-25 10:01:03.035121,15.31,13.91,15.31,15.31,1009,39,3.91,212,100,0.0,Clouds,overcast clouds,10
Nagytétény-Diósd,47.398333,18.974444,2026-03-25 10:01:04.272697,15.57,14.2,15.57,15.57,1009,39,4.14,212,100,0.0,Clouds,overcast clouds,10
Érdliget,47.390278,18.937778,2026-03-25 10:01:05.512732,15.47,14.09,15.47,15.47,1009,39,4.3,212,100,0.0,Clouds,overcast clouds,10
Érd felső,47.381111,18.922222,2026-03-25 10:01:06.754853,15.12,13.71,15.12,15.12,1009,39,4.47,211,100,0.0,Clouds,overcast clouds,10
Érd,47.369722,18.900833,2026-03-25 10:01:07.997826,15.29,13.89,15.29,15.29,1009,39,4.51,212,100,0.0,Clouds,overcast clouds,10
Százhalombatta,47.322222,18.899167,2026-03-25 10:01:09.232872,15.35,13.96,15.35,15.35,1009,39,4.57,212,100,0.0,Clouds,overcast clouds,10
Dunai Finomító,47.294444,18.878889,2026-03-25 10:01:10.473733,15.23,13.83,15.23,15.23,1009,39,4.78,211,100,0.0,Clouds,overcast clouds,10
Ercsi,47.247222,18.875278,2026-03-25 10:01:11.722515,15.36,13.97,15.36,15.36,1009,39,4.76,211,100,0.0,Clouds,overcast clouds,10
Iváncsa,47.177778,18.811944,2026-03-25 10:01:12.959739,15.33,13.94,15.33,15.33,1009,39,4.76,210,100,0.0,Clouds,overcast clouds,10
Pusztaszabolcs,47.139722,18.761667,2026-03-25 10:01:14.201753,15.39,14.0,15.39,15.39,1009,39,4.72,209,100,0.0,Clouds,overcast clouds,10
Szabadegyháza,47.082778,18.704167,2026-03-25 10:01:15.440229,15.36,13.97,15.36,15.36,1010,39,4.7,207,99,0.0,Clouds,overcast clouds,10
Sárosd,47.039722,18.660278,2026-03-25 10:01:16.680936,15.39,14.0,15.39,15.39,1010,39,4.7,206,99,0.0,Clouds,overcast clouds,10
Nagylók,46.979444,18.635833,2026-03-25 10:01:17.924898,15.26,13.86,15.26,15.26,1010,39,4.61,204,100,0.0,Clouds,overcast clouds,10
Sárbogárd,46.896944,18.611944,2026-03-25 10:01:19.158657,15.46,14.08,15.46,15.46,1010,39,4.46,203,100,0.0,Clouds,overcast clouds,10
Rétszilas,46.814167,18.601389,2026-03-25 10:01:20.401978,15.52,14.15,15.52,15.52,1010,39,4.25,203,100,0.0,Clouds,overcast clouds,10
Nagyatád,46.228611,17.354167,2026-03-25 10:01:21.647712,14.96,13.63,14.96,14.96,1010,43,4.8,203,100,0.0,Clouds,overcast clouds,10
Budapest-Keleti,47.500278,19.084167,2026-03-25 10:01:22.880329,15.25,13.85,15.25,15.25,1009,39,3.55,210,100,0.0,Clouds,overcast clouds,10
Ferencváros,47.468611,19.088056,2026-03-25 10:01:24.119528,15.45,14.07,15.45,15.45,1009,39,3.61,211,100,0.0,Clouds,overcast clouds,10
Budapest-Nyugati,47.510833,19.0575,2026-03-25 10:01:25.355056,15.22,13.82,15.22,15.22,1009,39,3.49,210,100,0.0,Clouds,overcast clouds,10
Kőbánya felső,47.491944,19.133889,2026-03-25 10:01:26.596974,15.3,13.88,15.3,15.3,1009,38,3.28,212,100,0.0,Clouds,overcast clouds,10
Rákos,47.488889,19.174722,2026-03-25 10:01:27.839328,15.28,13.86,15.28,15.28,1009,38,3.26,213,100,0.0,Clouds,overcast clouds,10
Rákosrendező,47.525556,19.089444,2026-03-25 10:01:29.082499,15.27,13.84,15.27,15.27,1009,38,3.31,211,100,0.0,Clouds,overcast clouds,10
Zugló,47.511389,19.101389,2026-03-25 10:01:30.325451,15.27,13.84,15.27,15.27,1009,38,3.31,211,100,0.0,Clouds,overcast clouds,10
Mezőtárkány,47.725,20.480278,2026-03-25 10:01:31.560733,14.88,13.47,14.88,14.88,1010,40,3.11,239,100,0.0,Clouds,overcast clouds,10
Istvántelek,47.550278,19.106389,2026-03-25 10:01:32.799660,15.26,13.86,15.26,15.26,1009,39,3.3,209,100,0.0,Clouds,overcast clouds,10
Rákospalota-Újpest,47.565833,19.111944,2026-03-25 10:01:34.037392,15.22,13.82,15.22,15.22,1009,39,3.3,209,100,0.0,Clouds,overcast clouds,10
Kőbánya alsó,47.483056,19.127222,2026-03-25 10:01:35.280794,15.3,13.88,15.3,15.3,1009,38,3.28,212,100,0.0,Clouds,overcast clouds,10
Kőbánya-Kispest,47.463889,19.149444,2026-03-25 10:01:36.523496,15.36,13.94,15.36,15.36,1009,38,3.34,213,100,0.0,Clouds,overcast clouds,10
Pestszentlőrinc,47.454722,19.182778,2026-03-25 10:01:37.761829,15.37,13.95,15.37,15.37,1009,38,3.38,215,100,0.0,Clouds,overcast clouds,10
Kispest,47.448135,19.157552,2026-03-25 10:01:39.022464,15.44,14.03,15.44,15.44,1009,38,3.42,214,100,0.0,Clouds,overcast clouds,10
Újpest,47.558889,19.079722,2026-03-25 10:01:40.258246,15.24,13.84,15.24,15.24,1009,39,3.46,208,100,0.0,Clouds,overcast clouds,10
Pestszentimre felső,47.413611,19.173333,2026-03-25 10:01:41.495252,15.4,13.99,15.4,15.4,1009,38,3.47,216,100,0.0,Clouds,overcast clouds,10
Dunakeszi,47.626111,19.136111,2026-03-25 10:01:42.740482,15.11,13.69,15.11,15.11,1009,39,3.34,207,100,0.0,Clouds,overcast clouds,10
Dunakeszi-Gyártelep,47.643611,19.135,2026-03-25 10:01:43.976244,15.13,13.72,15.13,15.13,1009,39,3.39,206,100,0.0,Clouds,overcast clouds,10
Alsógöd,47.676944,19.134444,2026-03-25 10:01:45.209129,15.12,13.71,15.12,15.12,1009,39,3.44,206,100,0.0,Clouds,overcast clouds,10
Göd,47.687778,19.1375,2026-03-25 10:01:46.444126,15.12,13.71,15.12,15.12,1009,39,3.44,206,100,0.0,Clouds,overcast clouds,10
Felsőgöd,47.705556,19.143333,2026-03-25 10:01:47.689224,15.16,13.78,15.16,15.16,1009,40,3.49,205,100,0.0,Clouds,overcast clouds,10
Sződ-Sződliget,47.728056,19.154722,2026-03-25 10:01:48.928344,15.16,13.78,15.16,15.16,1009,40,3.52,205,100,0.0,Clouds,overcast clouds,10
Vác,47.782778,19.133056,2026-03-25 10:01:50.168531,14.98,13.58,14.98,14.98,1009,40,3.53,203,100,0.0,Clouds,overcast clouds,10
Verőce,47.823889,19.029444,2026-03-25 10:01:51.408494,14.24,12.79,14.24,14.24,1009,41,3.37,203,100,0.0,Clouds,overcast clouds,10
Kismaros,47.8275,19.010278,2026-03-25 10:01:52.646350,13.46,11.93,13.46,13.46,1009,41,3.36,202,100,0.0,Clouds,overcast clouds,10
Nagymaros-Visegrád,47.791389,18.959167,2026-03-25 10:01:53.884700,13.9,12.39,13.9,13.9,1009,40,3.43,201,100,0.0,Clouds,overcast clouds,10
Nagymaros,47.780278,18.952222,2026-03-25 10:01:55.134922,13.9,12.39,13.9,13.9,1009,40,3.43,201,100,0.0,Clouds,overcast clouds,10
Zebegény,47.801389,18.908889,2026-03-25 10:01:56.374107,14.59,13.18,14.59,14.59,1009,41,3.41,200,100,0.0,Clouds,overcast clouds,10
Szob,47.821111,18.861944,2026-03-25 10:01:57.620115,14.46,13.03,14.46,14.46,1009,41,3.45,198,100,0.0,Clouds,overcast clouds,10
Alagimajor,47.601944,19.153889,2026-03-25 10:01:58.859565,15.2,13.79,15.2,15.2,1009,39,3.3,208,100,0.0,Clouds,overcast clouds,10
Fót,47.611389,19.181667,2026-03-25 10:02:00.112512,14.96,13.53,14.96,14.96,1009,39,3.35,207,100,0.0,Clouds,overcast clouds,10
Fótújfalu,47.615,19.192778,2026-03-25 10:02:01.366414,14.96,13.53,14.96,14.96,1009,39,3.35,207,100,0.0,Clouds,overcast clouds,10
Csomád,47.635556,19.222778,2026-03-25 10:02:02.619795,14.2,12.69,14.2,14.2,1009,39,3.35,208,100,0.0,Clouds,overcast clouds,10
Veresegyház,47.649167,19.288611,2026-03-25 10:02:03.870533,14.83,13.39,14.83,14.83,1009,39,3.43,207,100,0.0,Clouds,overcast clouds,10
Erdőkertes,47.662222,19.295833,2026-03-25 10:02:05.110972,14.83,13.39,14.83,14.83,1009,39,3.43,207,100,0.0,Clouds,overcast clouds,10
Őrbottyán,47.685833,19.283611,2026-03-25 10:02:06.355687,14.63,13.19,14.63,14.63,1009,40,3.46,206,100,0.0,Clouds,overcast clouds,10
Váchartyán,47.725833,19.248889,2026-03-25 10:02:07.594310,14.66,13.23,14.66,14.66,1009,40,3.52,204,100,0.0,Clouds,overcast clouds,10
Magyarkút-Verőce,47.826111,19.044444,2026-03-25 10:02:08.838523,14.24,12.79,14.24,14.24,1009,41,3.37,203,100,0.0,Clouds,overcast clouds,10
Szokolya,47.871111,19.030556,2026-03-25 10:02:10.084795,13.5,11.98,13.5,13.5,1009,41,3.28,202,100,0.0,Clouds,overcast clouds,10
Berkenye,47.885278,19.071944,2026-03-25 10:02:11.324726,14.23,12.78,14.23,14.23,1009,41,3.29,202,100,0.0,Clouds,overcast clouds,10
Nógrád,47.901944,19.0475,2026-03-25 10:02:12.582867,13.83,12.34,13.83,13.83,1009,41,3.22,203,100,0.0,Clouds,overcast clouds,10
Diósjenő,47.94,19.049444,2026-03-25 10:02:13.831501,13.43,11.9,13.43,13.43,1009,41,3.16,203,100,0.0,Clouds,overcast clouds,10
Borsosberény,47.971389,19.093056,2026-03-25 10:02:15.076722,14.14,12.71,14.14,14.14,1009,42,3.12,201,100,0.0,Clouds,overcast clouds,10
Nagyoroszi,47.993611,19.101111,2026-03-25 10:02:16.324699,13.96,12.51,13.96,13.96,1009,42,3.06,202,100,0.0,Clouds,overcast clouds,10
Drégelyvár,48.001944,19.079444,2026-03-25 10:02:17.565202,14.16,12.73,14.16,14.16,1009,42,2.99,204,100,0.0,Clouds,overcast clouds,10
Drégely,48.042222,19.056111,2026-03-25 10:02:18.819388,14.5,13.13,14.5,14.5,1009,43,2.93,205,100,0.0,Clouds,overcast clouds,10
Drégelypalánk,48.055,19.046111,2026-03-25 10:02:20.064158,14.61,13.25,14.61,14.61,1009,43,2.88,207,100,0.0,Clouds,overcast clouds,10
Ipolyvece,48.056944,19.106389,2026-03-25 10:02:21.301705,14.61,13.25,14.61,14.61,1009,43,2.92,205,100,0.0,Clouds,overcast clouds,10
Dejtár,48.045556,19.196389,2026-03-25 10:02:22.551393,14.58,13.22,14.58,14.58,1009,43,3.0,203,100,0.0,Clouds,overcast clouds,10
Ipolyszög,48.054444,19.221944,2026-03-25 10:02:23.785818,14.59,13.23,14.59,14.59,1009,43,3.0,204,100,0.0,Clouds,overcast clouds,10
Iklad-Domony,47.658056,19.444444,2026-03-25 10:02:25.024139,15.12,13.73,15.12,15.12,1009,40,3.26,211,100,0.0,Clouds,overcast clouds,10
Iklad-Domony felső,47.667778,19.428056,2026-03-25 10:02:26.272469,15.05,13.66,15.05,15.05,1009,40,3.28,209,100,0.0,Clouds,overcast clouds,10
Galgamácsa,47.693889,19.3925,2026-03-25 10:02:27.523230,14.74,13.31,14.74,14.74,1009,40,3.39,206,100,0.0,Clouds,overcast clouds,10
Vácrátót,47.732778,19.217778,2026-03-25 10:02:28.776353,14.9,13.49,14.9,14.9,1009,40,3.54,204,100,0.0,Clouds,overcast clouds,10
Csörög,47.735833,19.196389,2026-03-25 10:02:30.017949,15.11,13.72,15.11,15.11,1009,40,3.53,204,100,0.0,Clouds,overcast clouds,10
Galgagyörk,47.735278,19.372222,2026-03-25 10:02:31.251687,14.8,13.38,14.8,14.8,1009,40,3.37,205,100,0.0,Clouds,overcast clouds,10
Püspökhatvan,47.768611,19.366944,2026-03-25 10:02:32.496314,14.77,13.35,14.77,14.77,1009,40,3.34,203,100,0.0,Clouds,overcast clouds,10
Acsa-Erdőkürt,47.801111,19.386111,2026-03-25 10:02:33.741629,14.59,13.15,14.59,14.59,1009,40,3.3,202,100,0.0,Clouds,overcast clouds,10
Galgaguta,47.848611,19.385556,2026-03-25 10:02:34.980106,14.26,12.81,14.26,14.26,1009,41,3.21,201,100,0.0,Clouds,overcast clouds,10
Nógrádkövesd,47.879444,19.371111,2026-03-25 10:02:36.224295,14.4,12.97,14.4,14.4,1009,41,3.15,201,100,0.0,Clouds,overcast clouds,10
Magyarnándor,47.970833,19.356667,2026-03-25 10:02:37.466414,14.18,12.75,14.18,14.18,1009,42,3.07,201,100,0.0,Clouds,overcast clouds,10
Mohora,47.995556,19.347778,2026-03-25 10:02:38.711554,14.27,12.85,14.27,14.27,1009,42,3.05,202,100,0.0,Clouds,overcast clouds,10
Szügy,48.036389,19.333056,2026-03-25 10:02:39.952416,14.45,13.07,14.45,14.45,1009,43,3.02,205,100,0.0,Clouds,overcast clouds,10
Balassagyarmat,48.071111,19.293611,2026-03-25 10:02:41.186377,14.51,13.14,14.51,14.51,1009,43,3.04,205,100,0.0,Clouds,overcast clouds,10
Őrhalom,48.078773,19.403936,2026-03-25 10:02:42.429895,14.27,12.88,14.27,14.27,1009,43,2.95,212,100,0.0,Clouds,overcast clouds,10
Hugyag,48.083056,19.421111,2026-03-25 10:02:43.665904,14.27,12.88,14.27,14.27,1009,43,2.95,212,100,0.0,Clouds,overcast clouds,10
Szécsény,48.093056,19.521111,2026-03-25 10:02:44.912421,14.55,13.16,14.55,14.55,1009,42,2.8,219,100,0.0,Clouds,overcast clouds,10
Ludányhalászi,48.1325,19.529444,2026-03-25 10:02:46.158553,14.47,13.1,14.47,14.47,1009,43,2.87,221,100,0.0,Clouds,overcast clouds,10
Nógrádszakál,48.178333,19.521667,2026-03-25 10:02:47.411125,14.39,13.01,14.39,14.39,1009,43,2.9,222,100,0.0,Clouds,overcast clouds,10
Ráróspuszta,48.207222,19.541389,2026-03-25 10:02:48.657360,13.77,12.35,13.77,13.77,1009,44,2.95,223,100,0.0,Clouds,overcast clouds,10
Litke,48.215833,19.598611,2026-03-25 10:02:49.896734,14.32,12.96,14.32,14.32,1009,44,2.76,231,100,0.0,Clouds,overcast clouds,10
Nyíregyháza külső,47.943056,21.740278,2026-03-25 10:02:51.138088,13.98,12.5,13.98,13.98,1010,41,4.03,196,51,0.0,Clouds,broken clouds,10
Oros,47.945833,21.806389,2026-03-25 10:02:52.380515,13.97,12.49,13.97,13.97,1010,41,3.98,196,44,0.0,Clouds,scattered clouds,10
Napkor,47.948889,21.873056,2026-03-25 10:02:53.628418,13.94,12.46,13.94,13.94,1010,41,3.88,196,35,0.0,Clouds,scattered clouds,10
Apagy,47.953775,21.939044,2026-03-25 10:02:54.872797,13.93,12.45,13.93,13.93,1010,41,3.85,197,33,0.0,Clouds,scattered clouds,10
Levelek-Magy,47.948056,21.993611,2026-03-25 10:02:56.110849,13.88,12.37,13.88,13.88,1010,40,3.8,197,29,0.0,Clouds,scattered clouds,10
Ófehértó,47.940556,22.041389,2026-03-25 10:02:57.355454,13.82,12.3,13.82,13.82,1010,40,3.82,198,28,0.0,Clouds,scattered clouds,10
Ligettanya,47.951667,22.071389,2026-03-25 10:02:58.605870,13.76,12.24,13.76,13.76,1010,40,3.72,198,25,0.0,Clouds,scattered clouds,10
Baktalórántháza,47.988611,22.083333,2026-03-25 10:02:59.850853,13.75,12.22,13.75,13.75,1010,40,3.67,198,25,0.0,Clouds,scattered clouds,10
Vaja-Rohod,48.006389,22.164167,2026-03-25 10:03:01.094526,13.75,12.22,13.75,13.75,1010,40,3.55,197,22,0.0,Clouds,few clouds,10
Rákóczitanya,48.022222,22.178333,2026-03-25 10:03:02.343916,13.72,12.19,13.72,13.72,1010,40,3.51,197,22,0.0,Clouds,few clouds,10
Nyírmada,48.059167,22.203056,2026-03-25 10:03:03.579758,13.72,12.19,13.72,13.72,1010,40,3.44,197,21,0.0,Clouds,few clouds,10
Tunyogmatolcs,47.960244,22.442247,2026-03-25 10:03:04.837086,13.95,12.39,13.95,13.95,1010,38,3.19,195,17,0.0,Clouds,few clouds,10
Tunyogmatolcs alsó,47.966025,22.464713,2026-03-25 10:03:06.076214,13.92,12.36,13.92,13.92,1010,38,3.13,195,16,0.0,Clouds,few clouds,10
Fehérgyarmat,47.979167,22.524444,2026-03-25 10:03:07.322187,13.9,12.34,13.9,13.9,1011,38,2.98,194,15,0.0,Clouds,few clouds,10
Penyige,47.995278,22.566944,2026-03-25 10:03:08.563621,13.91,12.35,13.91,13.91,1011,38,2.94,194,15,0.0,Clouds,few clouds,10
Nagyszekeres,47.976111,22.6125,2026-03-25 10:03:09.805339,13.9,12.34,13.9,13.9,1011,38,2.9,194,14,0.0,Clouds,few clouds,10
Kisszekeres,47.965833,22.629444,2026-03-25 10:03:11.051882,13.91,12.35,13.91,13.91,1011,38,2.91,196,14,0.0,Clouds,few clouds,10
Jánkmajtis,47.941944,22.657222,2026-03-25 10:03:12.295064,13.91,12.35,13.91,13.91,1011,38,2.87,198,13,0.0,Clouds,few clouds,10
Gacsály,47.926111,22.745,2026-03-25 10:03:13.538481,13.91,12.35,13.91,13.91,1011,38,2.76,200,12,0.0,Clouds,few clouds,10
Zajta,47.9025,22.796111,2026-03-25 10:03:14.772824,13.9,12.34,13.9,13.9,1011,38,2.67,204,11,0.0,Clouds,few clouds,10
Eperjeske alsó,48.360556,22.19,2026-03-25 10:03:16.016866,13.74,12.37,13.74,13.74,1010,46,3.31,184,38,0.0,Clouds,scattered clouds,10
Mándok,48.326944,22.196389,2026-03-25 10:03:17.267268,13.71,12.31,13.71,13.71,1010,45,3.29,187,33,0.0,Clouds,scattered clouds,10
Tornyospálca,48.268333,22.201944,2026-03-25 10:03:18.511997,13.74,12.32,13.74,13.74,1010,44,3.3,189,30,0.0,Clouds,scattered clouds,10
Aranyosapáti,48.211303,22.253534,2026-03-25 10:03:19.751491,13.81,12.34,13.81,13.81,1010,42,3.2,190,23,0.0,Clouds,few clouds,10
Gyüre,48.171389,22.269167,2026-03-25 10:03:20.993684,13.82,12.33,13.82,13.82,1010,41,3.23,193,21,0.0,Clouds,few clouds,10
Varsány,48.151722,22.290047,2026-03-25 10:03:22.241866,13.83,12.31,13.83,13.83,1010,40,3.2,193,19,0.0,Clouds,few clouds,10
Vásárosnamény,48.126667,22.306111,2026-03-25 10:03:23.482714,13.84,12.32,13.84,13.84,1010,40,3.22,194,19,0.0,Clouds,few clouds,10
Vitka,48.095556,22.308056,2026-03-25 10:03:24.725641,13.85,12.34,13.85,13.85,1010,40,3.24,194,19,0.0,Clouds,few clouds,10
Nagydobos,48.054167,22.311111,2026-03-25 10:03:25.969199,13.8,12.28,13.8,13.8,1010,40,3.27,195,19,0.0,Clouds,few clouds,10
Ópályi,47.997778,22.318333,2026-03-25 10:03:27.203055,13.82,12.28,13.82,13.82,1010,39,3.37,196,20,0.0,Clouds,few clouds,10
Nyírcsaholy,47.908056,22.348333,2026-03-25 10:03:28.439625,13.93,12.37,13.93,13.93,1010,38,3.42,197,22,0.0,Clouds,few clouds,10
Nagyecsed,47.864722,22.385556,2026-03-25 10:03:29.681915,13.98,12.43,13.98,13.98,1010,38,3.34,199,20,0.0,Clouds,few clouds,10
Tiborszállás,47.815278,22.402778,2026-03-25 10:03:30.933778,14.08,12.51,14.08,14.08,1011,37,3.38,201,20,0.0,Clouds,few clouds,10
Kiskunhalas,46.434444,19.493611,2026-03-25 10:03:32.173656,15.5,14.07,15.5,15.5,1010,37,3.35,221,64,0.0,Clouds,broken clouds,10
Kecskemét alsó,46.895833,19.692222,2026-03-25 10:03:33.414192,15.54,14.12,15.54,15.54,1010,37,3.58,230,76,0.0,Clouds,broken clouds,10
Putnok,48.286667,20.4375,2026-03-25 10:03:34.649590,14.07,12.63,14.07,14.07,1009,42,2.81,245,99,0.0,Clouds,overcast clouds,10
Bánréve,48.299722,20.351944,2026-03-25 10:03:35.896474,14.22,12.79,14.22,14.22,1009,42,2.88,242,100,0.0,Clouds,overcast clouds,10
Ipolytarnóc,48.236667,19.629167,2026-03-25 10:03:37.141411,14.37,12.99,14.37,14.37,1009,43,2.7,233,100,0.0,Clouds,overcast clouds,10
Rákosliget,47.486111,19.257778,2026-03-25 10:03:38.383817,15.05,13.63,15.05,15.05,1009,39,3.31,215,100,0.0,Clouds,overcast clouds,10
Ikrény,47.657778,17.524167,2026-03-25 10:03:39.622386,15.4,14.14,15.4,15.4,1009,44,6.69,204,100,0.0,Clouds,overcast clouds,10
Rábapatona,47.648889,17.461944,2026-03-25 10:03:40.860695,15.45,14.2,15.45,15.45,1008,44,6.76,203,100,0.0,Clouds,overcast clouds,10
Enese,47.644167,17.425278,2026-03-25 10:03:42.097887,15.47,14.22,15.47,15.47,1008,44,6.8,202,100,0.0,Clouds,overcast clouds,10
Kóny,47.632222,17.357222,2026-03-25 10:03:43.330869,15.46,14.21,15.46,15.46,1008,44,6.8,202,100,0.0,Clouds,overcast clouds,10
Farád,47.595278,17.195833,2026-03-25 10:03:44.577651,15.55,14.28,15.55,15.55,1008,43,6.78,201,100,0.0,Clouds,overcast clouds,10
Rábatamási,47.592778,17.161389,2026-03-25 10:03:45.818545,15.55,14.28,15.55,15.55,1008,43,6.78,201,100,0.0,Clouds,overcast clouds,10
Szárföld,47.589167,17.123889,2026-03-25 10:03:47.059357,15.57,14.31,15.57,15.57,1008,43,6.77,201,100,0.0,Clouds,overcast clouds,10
Veszkény,47.586944,17.101389,2026-03-25 10:03:48.307931,15.59,14.33,15.59,15.59,1008,43,6.76,200,100,0.0,Clouds,overcast clouds,10
Kapuvár,47.581944,17.046944,2026-03-25 10:03:49.540957,15.58,14.32,15.58,15.58,1008,43,6.69,200,100,0.0,Clouds,overcast clouds,10
Vitnyéd-Csermajor,47.5825,16.987222,2026-03-25 10:03:50.778503,15.61,14.35,15.61,15.61,1008,43,6.67,200,100,0.0,Clouds,overcast clouds,10
Petőháza,47.595278,16.893056,2026-03-25 10:03:52.030881,15.66,14.4,15.66,15.66,1008,43,6.57,198,100,0.0,Clouds,overcast clouds,10
Fertőszentmiklós,47.6,16.858889,2026-03-25 10:03:53.272298,15.65,14.39,15.65,15.65,1008,43,6.49,197,100,0.0,Clouds,overcast clouds,10
Pinnye,47.600278,16.768611,2026-03-25 10:03:54.524766,15.53,14.24,15.53,15.53,1007,42,6.06,197,100,0.0,Clouds,overcast clouds,10
Fertőboz,47.625,16.691667,2026-03-25 10:03:55.777136,15.48,14.18,15.48,15.48,1007,42,5.71,196,100,0.0,Clouds,overcast clouds,10
Sopron,47.677778,16.587222,2026-03-25 10:03:57.010284,15.19,13.86,15.19,15.19,1007,42,4.69,194,100,0.0,Clouds,overcast clouds,10
Fertőszéplak-Fertőd,47.618889,16.850833,2026-03-25 10:03:58.245737,15.71,14.46,15.71,15.71,1007,43,6.42,196,100,0.0,Clouds,overcast clouds,10
Nyúl,47.587778,17.698056,2026-03-25 10:03:59.485519,15.3,13.98,15.3,15.3,1009,42,6.49,209,100,0.0,Clouds,overcast clouds,10
Pannonhalma,47.547778,17.740833,2026-03-25 10:04:00.730256,15.11,13.75,15.11,15.11,1009,41,6.17,210,100,0.0,Clouds,overcast clouds,10
Tarjánpuszta,47.504722,17.789167,2026-03-25 10:04:01.975590,15.04,13.67,15.04,15.04,1009,41,5.95,207,100,0.0,Clouds,overcast clouds,10
Győrasszonyfa,47.4925,17.799167,2026-03-25 10:04:03.224506,15.04,13.67,15.04,15.04,1009,41,5.95,207,100,0.0,Clouds,overcast clouds,10
Veszprémvarsány,47.443333,17.818333,2026-03-25 10:04:04.481352,14.96,13.58,14.96,14.96,1009,41,5.76,204,100,0.0,Clouds,overcast clouds,10
Bakonyszentlászló,47.395556,17.8175,2026-03-25 10:04:05.729867,14.61,13.2,14.61,14.61,1009,41,5.66,201,100,0.0,Clouds,overcast clouds,10
Porva-Csesznek,47.326944,17.841111,2026-03-25 10:04:06.966540,13.27,11.72,13.27,13.27,1010,41,5.54,198,100,0.0,Clouds,overcast clouds,10
Zirc,47.266667,17.878056,2026-03-25 10:04:08.210564,13.35,11.79,13.35,13.35,1010,40,5.44,196,100,0.0,Clouds,overcast clouds,10
Eplény,47.192778,17.921667,2026-03-25 10:04:09.446938,13.83,12.31,13.83,13.83,1010,40,5.29,197,100,0.0,Clouds,overcast clouds,10
Marcaltő,47.4275,17.348889,2026-03-25 10:04:10.699655,15.35,14.04,15.35,15.35,1009,42,6.55,200,100,0.0,Clouds,overcast clouds,10
Szany-Rábaszentandrás,47.460833,17.315278,2026-03-25 10:04:11.949886,15.38,14.07,15.38,15.38,1009,42,6.6,201,100,0.0,Clouds,overcast clouds,10
Egyed-Rábacsanak,47.521944,17.316389,2026-03-25 10:04:13.193511,15.4,14.12,15.4,15.4,1009,43,6.68,202,100,0.0,Clouds,overcast clouds,10
Rábapordány,47.557222,17.315,2026-03-25 10:04:14.435504,15.44,14.16,15.44,15.44,1008,43,6.71,202,100,0.0,Clouds,overcast clouds,10
Albertfalva,47.440784,19.033965,2026-03-25 10:04:15.682209,15.45,14.12,15.45,15.45,1008,41,3.83,212,100,0.0,Clouds,overcast clouds,10
Budafok,47.425833,19.041389,2026-03-25 10:04:16.918085,15.3,13.93,15.3,15.3,1008,40,3.91,212,100,0.0,Clouds,overcast clouds,10
Tétényliget,47.384722,18.955278,2026-03-25 10:04:18.160404,15.52,14.17,15.52,15.52,1008,40,4.3,212,100,0.0,Clouds,overcast clouds,10
Érd alsó,47.379722,18.923056,2026-03-25 10:04:19.388426,15.12,13.71,15.12,15.12,1009,39,4.47,211,100,0.0,Clouds,overcast clouds,10
Tárnok,47.365556,18.873889,2026-03-25 10:04:20.636853,15.53,14.18,15.53,15.53,1008,40,4.83,210,100,0.0,Clouds,overcast clouds,10
Martonvásár,47.321389,18.781667,2026-03-25 10:04:21.881548,15.49,14.14,15.49,15.49,1009,40,4.99,210,100,0.0,Clouds,overcast clouds,10
Baracska,47.297222,18.753333,2026-03-25 10:04:23.115700,15.56,14.22,15.56,15.56,1009,40,4.98,210,100,0.0,Clouds,overcast clouds,10
Pettend,47.26,18.708889,2026-03-25 10:04:24.360158,15.43,14.07,15.43,15.43,1009,40,4.97,209,100,0.0,Clouds,overcast clouds,10
Kápolnásnyék,47.245556,18.692222,2026-03-25 10:04:25.606914,15.5,14.15,15.5,15.5,1009,40,4.93,209,100,0.0,Clouds,overcast clouds,10
Velence,47.226944,18.663889,2026-03-25 10:04:26.846955,15.56,14.22,15.56,15.56,1009,40,4.95,209,100,0.0,Clouds,overcast clouds,10
Velencefürdő,47.218611,18.648056,2026-03-25 10:04:28.091137,15.56,14.22,15.56,15.56,1009,40,4.9,209,100,0.0,Clouds,overcast clouds,10
Gárdony,47.205833,18.624722,2026-03-25 10:04:29.329779,15.58,14.24,15.58,15.58,1009,40,4.92,208,100,0.0,Clouds,overcast clouds,10
Agárd,47.197666,18.604907,2026-03-25 10:04:30.571105,15.58,14.24,15.58,15.58,1009,40,4.92,208,100,0.0,Clouds,overcast clouds,10
Dinnyés,47.179722,18.560833,2026-03-25 10:04:31.815977,15.57,14.23,15.57,15.57,1009,40,4.94,208,100,0.0,Clouds,overcast clouds,10
Székesfehérvár,47.183611,18.424722,2026-03-25 10:04:33.059900,15.5,14.15,15.5,15.5,1009,40,5.19,206,100,0.0,Clouds,overcast clouds,10
Szabadbattyán,47.105278,18.388333,2026-03-25 10:04:34.315082,15.47,14.14,15.47,15.47,1009,41,5.08,206,100,0.0,Clouds,overcast clouds,10
Kiscséripuszta,47.048056,18.355,2026-03-25 10:04:35.553622,15.29,13.95,15.29,15.29,1010,41,5.02,207,100,0.0,Clouds,overcast clouds,10
Lepsény,46.9875,18.248056,2026-03-25 10:04:36.790456,15.54,14.22,15.54,15.54,1010,41,5.01,208,100,0.0,Clouds,overcast clouds,10
Balatonaliga,46.984444,18.171389,2026-03-25 10:04:38.035271,15.31,13.99,15.31,15.31,1010,42,5.09,209,100,0.0,Clouds,overcast clouds,10
Balatonvilágos,46.964167,18.157222,2026-03-25 10:04:39.277939,15.65,14.39,15.65,15.65,1010,43,5.07,209,100,0.0,Clouds,overcast clouds,10
Szabadifürdő,46.926111,18.103333,2026-03-25 10:04:40.527058,15.69,14.46,15.69,15.69,1010,44,5.06,208,100,0.0,Clouds,overcast clouds,10
Ózd alsó,48.227778,20.306111,2026-03-25 10:04:41.761477,14.2,12.77,14.2,14.2,1009,42,2.71,237,100,0.0,Clouds,overcast clouds,10
Ózd,48.2225,20.294722,2026-03-25 10:04:43.003563,14.2,12.77,14.2,14.2,1009,42,2.71,237,100,0.0,Clouds,overcast clouds,10
Alsóboldva,48.212778,20.792222,2026-03-25 10:04:44.247767,13.82,12.41,13.82,13.82,1009,44,2.76,193,100,0.0,Clouds,overcast clouds,10
Boldva,48.223333,20.790278,2026-03-25 10:04:45.493911,13.82,12.41,13.82,13.82,1009,44,2.76,193,100,0.0,Clouds,overcast clouds,10
Borsodszirák,48.259167,20.770556,2026-03-25 10:04:46.740966,13.87,12.46,13.87,13.87,1009,44,2.41,200,100,0.0,Clouds,overcast clouds,10
Edelény alsó,48.279167,20.760833,2026-03-25 10:04:47.978961,13.87,12.46,13.87,13.87,1009,44,2.41,200,100,0.0,Clouds,overcast clouds,10
Edelény,48.299722,20.749444,2026-03-25 10:04:49.229318,13.85,12.44,13.85,13.85,1009,44,2.41,203,100,0.0,Clouds,overcast clouds,10
Szendrőlád,48.334444,20.731944,2026-03-25 10:04:50.468231,12.85,11.34,12.85,12.85,1009,44,2.35,214,100,0.0,Clouds,overcast clouds,10
Szendrő,48.400725,20.721346,2026-03-25 10:04:51.712481,13.79,12.37,13.79,13.79,1009,44,2.62,219,100,0.0,Clouds,overcast clouds,10
Szendrő felső,48.409907,20.720148,2026-03-25 10:04:52.954782,13.79,12.37,13.79,13.79,1009,44,2.62,219,100,0.0,Clouds,overcast clouds,10
Szalonna,48.449444,20.722222,2026-03-25 10:04:54.197908,13.86,12.48,13.86,13.86,1008,45,2.92,221,100,0.0,Clouds,overcast clouds,10
Perkupa,48.471389,20.691111,2026-03-25 10:04:55.436534,13.18,11.73,13.18,13.18,1008,45,2.86,226,100,0.0,Clouds,overcast clouds,10
Szemeretelep,47.443056,19.214167,2026-03-25 10:04:56.671498,15.37,14.01,15.37,15.37,1009,40,3.37,216,100,0.0,Clouds,overcast clouds,10
Jósvafő-Aggtelek,48.489722,20.693889,2026-03-25 10:04:57.910125,13.5,12.11,13.5,13.5,1008,46,2.97,225,100,0.0,Clouds,overcast clouds,10
Bódvaszilas,48.5375,20.738056,2026-03-25 10:04:59.166678,13.09,11.66,13.09,13.09,1008,46,3.28,221,100,0.0,Clouds,overcast clouds,10
Komjáti,48.5475,20.759722,2026-03-25 10:05:00.413889,12.63,11.18,12.63,12.63,1008,47,3.48,219,100,0.0,Clouds,overcast clouds,10
Tornanádaska,48.558333,20.787222,2026-03-25 10:05:01.652917,13.78,12.44,13.78,13.78,1008,47,3.59,217,100,0.0,Clouds,overcast clouds,10
Onga,48.121111,20.906667,2026-03-25 10:05:02.898907,13.85,12.44,13.85,13.85,1009,44,3.75,193,99,0.0,Clouds,overcast clouds,10
Szikszó-Vásártér,48.193056,20.934722,2026-03-25 10:05:04.144411,13.82,12.41,13.82,13.82,1009,44,3.81,189,99,0.0,Clouds,overcast clouds,10
Szikszó,48.201667,20.941667,2026-03-25 10:05:05.397158,13.88,12.47,13.88,13.88,1009,44,4.0,189,99,0.0,Clouds,overcast clouds,10
Aszaló,48.219867,20.961466,2026-03-25 10:05:06.637968,13.74,12.32,13.74,13.74,1009,44,4.03,189,99,0.0,Clouds,overcast clouds,10
Halmaj,48.246667,20.991667,2026-03-25 10:05:07.874278,13.88,12.5,13.88,13.88,1009,45,4.23,190,98,0.0,Clouds,overcast clouds,10
Csobád,48.277222,21.033889,2026-03-25 10:05:09.118435,13.9,12.52,13.9,13.9,1009,45,4.39,191,98,0.0,Clouds,overcast clouds,10
Ináncs,48.291111,21.057778,2026-03-25 10:05:10.358964,13.85,12.47,13.85,13.85,1009,45,4.54,194,97,0.0,Clouds,overcast clouds,10
Forró-Encs,48.3275,21.117778,2026-03-25 10:05:11.605688,13.81,12.45,13.81,13.81,1009,46,4.56,196,97,0.0,Clouds,overcast clouds,10
Méra,48.363056,21.140278,2026-03-25 10:05:12.842434,13.6,12.24,13.6,13.6,1008,47,4.59,199,97,0.0,Clouds,overcast clouds,10
Novajidrány,48.404444,21.170556,2026-03-25 10:05:14.080978,13.81,12.5,13.81,13.81,1008,48,4.58,201,96,0.0,Clouds,overcast clouds,10
Hernádszurdok,48.487222,21.213889,2026-03-25 10:05:15.330146,13.73,12.44,13.73,13.73,1008,49,4.63,203,95,0.0,Clouds,overcast clouds,10
Hidasnémeti,48.508333,21.229722,2026-03-25 10:05:16.572801,13.59,12.31,13.59,13.59,1008,50,4.7,204,95,0.0,Clouds,overcast clouds,10
Mád,48.19,21.268889,2026-03-25 10:05:17.814718,13.62,12.19,13.62,13.62,1009,44,3.99,197,87,0.0,Clouds,overcast clouds,10
Rátka,48.215,21.230278,2026-03-25 10:05:19.061517,13.96,12.59,13.96,13.96,1009,45,4.11,197,89,0.0,Clouds,overcast clouds,10
Tállya,48.226944,21.225278,2026-03-25 10:05:20.305632,13.96,12.59,13.96,13.96,1009,45,4.11,197,89,0.0,Clouds,overcast clouds,10
Golop,48.242778,21.204167,2026-03-25 10:05:21.553779,13.97,12.6,13.97,13.97,1009,45,4.34,195,93,0.0,Clouds,overcast clouds,10
Abaújszántó,48.286944,21.181667,2026-03-25 10:05:22.800065,13.67,12.29,13.67,13.67,1009,46,4.42,197,94,0.0,Clouds,overcast clouds,10
Abaújszántói fürdő,48.268333,21.179722,2026-03-25 10:05:24.046142,13.94,12.59,13.94,13.94,1009,46,4.38,196,93,0.0,Clouds,overcast clouds,10
Abaújkér,48.309444,21.198333,2026-03-25 10:05:25.286268,13.67,12.32,13.67,13.67,1008,47,4.45,197,95,0.0,Clouds,overcast clouds,10
Boldogkőváralja,48.345,21.208889,2026-03-25 10:05:26.523622,13.64,12.29,13.64,13.64,1008,47,4.32,200,92,0.0,Clouds,overcast clouds,10
Korlát-Vizsoly,48.365,21.219167,2026-03-25 10:05:27.778282,13.75,12.43,13.75,13.75,1008,48,4.37,200,93,0.0,Clouds,overcast clouds,10
Fony,48.411389,21.242778,2026-03-25 10:05:29.030606,13.79,12.5,13.79,13.79,1008,49,4.5,202,94,0.0,Clouds,overcast clouds,10
Hejce-Vilmány,48.419444,21.245556,2026-03-25 10:05:30.282160,13.79,12.5,13.79,13.79,1008,49,4.5,202,94,0.0,Clouds,overcast clouds,10
Göncruszka,48.445,21.246944,2026-03-25 10:05:31.525113,13.76,12.47,13.76,13.76,1008,49,4.57,203,95,0.0,Clouds,overcast clouds,10
Gönc,48.470556,21.261389,2026-03-25 10:05:32.765936,13.72,12.45,13.72,13.72,1008,50,4.55,203,94,0.0,Clouds,overcast clouds,10
Zsujta,48.4925,21.265,2026-03-25 10:05:34.006985,13.71,12.44,13.71,13.71,1008,50,4.62,204,94,0.0,Clouds,overcast clouds,10
Bodrogkeresztúr,48.175556,21.354167,2026-03-25 10:05:35.250448,13.28,11.81,13.28,13.28,1009,44,3.88,198,84,0.0,Clouds,broken clouds,10
Szegi,48.201944,21.387778,2026-03-25 10:05:36.493901,13.77,12.38,13.77,13.77,1009,45,3.83,197,81,0.0,Clouds,broken clouds,10
Erdőbénye,48.218056,21.401944,2026-03-25 10:05:37.738607,14.11,12.78,14.11,14.11,1009,46,3.79,196,79,0.0,Clouds,broken clouds,10
Olaszliszka-Tolcsva,48.258333,21.448056,2026-03-25 10:05:38.980219,14.05,12.76,14.05,14.05,1008,48,3.75,195,78,0.0,Clouds,broken clouds,10
Bodrogolaszi,48.286944,21.512778,2026-03-25 10:05:40.220537,12.7,11.33,12.7,12.7,1008,50,3.74,194,77,0.0,Clouds,broken clouds,10
Sárospatak,48.325833,21.566111,2026-03-25 10:05:41.468818,13.94,12.75,13.94,13.94,1008,52,3.82,192,76,0.0,Clouds,broken clouds,10
Sátoraljaújhely,48.385833,21.657778,2026-03-25 10:05:42.708800,13.27,12.19,13.27,13.27,1008,59,4.11,190,76,0.0,Clouds,broken clouds,10
Vecsés,47.40855,19.25652,2026-03-25 10:05:43.954300,15.42,14.04,15.42,15.42,1009,39,3.48,218,100,0.0,Clouds,overcast clouds,10
Vecsés-Kertekalja,47.403333,19.271389,2026-03-25 10:05:45.204018,15.42,14.04,15.42,15.42,1009,39,3.48,218,100,0.0,Clouds,overcast clouds,10
Üllő,47.390833,19.348889,2026-03-25 10:05:46.443365,15.46,14.08,15.46,15.46,1009,39,3.61,221,100,0.0,Clouds,overcast clouds,10
Monor,47.34545,19.43701,2026-03-25 10:05:47.679081,15.37,13.95,15.37,15.37,1009,38,3.74,226,100,0.0,Clouds,overcast clouds,10
Pilis,47.279722,19.536389,2026-03-25 10:05:48.922104,15.32,13.9,15.32,15.32,1010,38,3.73,228,98,0.0,Clouds,overcast clouds,10
Albertirsa,47.240278,19.606389,2026-03-25 10:05:50.165912,15.41,13.97,15.41,15.41,1010,37,3.67,231,91,0.0,Clouds,overcast clouds,10
Ceglédbercel-Cserő,47.210278,19.686944,2026-03-25 10:05:51.400770,15.5,14.07,15.5,15.5,1010,37,3.65,233,87,0.0,Clouds,overcast clouds,10
Cegléd,47.182778,19.806111,2026-03-25 10:05:52.641771,15.59,14.14,15.59,15.59,1010,36,3.65,237,86,0.0,Clouds,overcast clouds,10
Abony,47.173056,20.016389,2026-03-25 10:05:53.884801,15.63,14.24,15.63,15.63,1010,38,3.55,241,95,0.0,Clouds,overcast clouds,10
Szolnok,47.179167,20.175833,2026-03-25 10:05:55.128712,15.66,14.27,15.66,15.66,1010,38,3.42,242,98,0.0,Clouds,overcast clouds,10
Szajol,47.170556,20.295278,2026-03-25 10:05:56.367075,15.66,14.27,15.66,15.66,1010,38,3.33,242,98,0.0,Clouds,overcast clouds,10
Törökszentmiklós,47.170278,20.413611,2026-03-25 10:05:57.611140,15.67,14.28,15.67,15.67,1010,38,3.28,240,99,0.0,Clouds,overcast clouds,10
Rákoscsaba-Újtelep,47.4875,19.271944,2026-03-25 10:05:58.855051,15.05,13.63,15.05,15.05,1009,39,3.31,215,100,0.0,Clouds,overcast clouds,10
Rákoscsaba,47.492222,19.284722,2026-03-25 10:06:00.089113,15.14,13.73,15.14,15.14,1009,39,3.36,215,100,0.0,Clouds,overcast clouds,10
Pécel,47.493889,19.338889,2026-03-25 10:06:01.341139,15.02,13.6,15.02,15.02,1009,39,3.4,216,100,0.0,Clouds,overcast clouds,10
Isaszeg,47.537719,19.388955,2026-03-25 10:06:02.583482,14.8,13.35,14.8,14.8,1009,39,3.4,214,99,0.0,Clouds,overcast clouds,10
Gödöllő,47.592222,19.358611,2026-03-25 10:06:03.825450,14.61,13.14,14.61,14.61,1009,39,3.39,211,99,0.0,Clouds,overcast clouds,10
Máriabesnyő,47.595556,19.389722,2026-03-25 10:06:05.064346,14.61,13.14,14.61,14.61,1009,39,3.39,211,99,0.0,Clouds,overcast clouds,10
Bag,47.641111,19.471667,2026-03-25 10:06:06.300797,15.18,13.77,15.18,15.18,1009,39,3.26,211,100,0.0,Clouds,overcast clouds,10
Aszód,47.647467,19.492882,2026-03-25 10:06:07.537839,15.06,13.64,15.06,15.06,1009,39,3.21,212,100,0.0,Clouds,overcast clouds,10
Hévízgyörk,47.638611,19.526667,2026-03-25 10:06:08.779720,15.05,13.63,15.05,15.05,1009,39,3.14,213,100,0.0,Clouds,overcast clouds,10
Galgahévíz,47.6325,19.558333,2026-03-25 10:06:10.015460,15.28,13.88,15.28,15.28,1009,39,3.07,217,100,0.0,Clouds,overcast clouds,10
Tura,47.626389,19.5975,2026-03-25 10:06:11.258526,15.21,13.8,15.21,15.21,1009,39,2.98,219,100,0.0,Clouds,overcast clouds,10
Hatvan,47.663611,19.671389,2026-03-25 10:06:12.513835,15.24,13.84,15.24,15.24,1009,39,2.67,219,100,0.0,Clouds,overcast clouds,10
Vámosgyörk,47.686111,19.927778,2026-03-25 10:06:13.748706,15.22,13.82,15.22,15.22,1010,39,2.68,233,98,0.0,Clouds,overcast clouds,10
Adács,47.696389,19.975278,2026-03-25 10:06:14.985159,15.21,13.8,15.21,15.21,1010,39,2.79,233,98,0.0,Clouds,overcast clouds,10
Karácsond,47.718056,20.048611,2026-03-25 10:06:16.223446,15.07,13.65,15.07,15.07,1010,39,2.83,232,99,0.0,Clouds,overcast clouds,10
Ludas,47.723889,20.095556,2026-03-25 10:06:17.476222,15.22,13.82,15.22,15.22,1010,39,2.94,233,96,0.0,Clouds,overcast clouds,10
Nagyút,47.72666666666667,20.161388888888887,2026-03-25 10:06:18.734315,15.17,13.76,15.17,15.17,1010,39,2.96,234,95,0.0,Clouds,overcast clouds,10
Kál-Kápolna,47.734167,20.254167,2026-03-25 10:06:19.977410,15.11,13.69,15.11,15.11,1010,39,3.02,236,94,0.0,Clouds,overcast clouds,10
Füzesabony,47.751389,20.415278,2026-03-25 10:06:21.215909,14.96,13.56,14.96,14.96,1010,40,3.06,236,98,0.0,Clouds,overcast clouds,10
Szihalom,47.766944,20.491944,2026-03-25 10:06:22.449650,14.75,13.32,14.75,14.75,1009,40,3.04,233,100,0.0,Clouds,overcast clouds,10
Mezőkövesd,47.797222,20.5675,2026-03-25 10:06:23.686985,14.65,13.24,14.65,14.65,1009,41,3.02,230,100,0.0,Clouds,overcast clouds,10
Mezőkövesd felső,47.807222,20.591389,2026-03-25 10:06:24.922898,14.65,13.24,14.65,14.65,1009,41,3.02,230,100,0.0,Clouds,overcast clouds,10
Mezőkeresztes-Mezőnyárád,47.845556,20.670278,2026-03-25 10:06:26.167198,14.35,12.91,14.35,14.35,1009,41,3.15,220,100,0.0,Clouds,overcast clouds,10
Csincse,47.890833,20.764167,2026-03-25 10:06:27.417797,14.27,12.85,14.27,14.27,1009,42,3.31,215,100,0.0,Clouds,overcast clouds,10
Emőd,47.930556,20.822778,2026-03-25 10:06:28.661435,13.88,12.42,13.88,13.88,1009,42,3.45,209,100,0.0,Clouds,overcast clouds,10
Nyékládháza,47.9925,20.840556,2026-03-25 10:06:29.902881,14.0,12.58,14.0,14.0,1009,43,3.53,204,100,0.0,Clouds,overcast clouds,10
Miskolc-Tiszai,48.098611,20.811389,2026-03-25 10:06:31.157004,13.65,12.22,13.65,13.65,1009,44,3.27,197,100,0.0,Clouds,overcast clouds,10
Felsőzsolca,48.083611,20.866111,2026-03-25 10:06:32.391597,13.79,12.37,13.79,13.79,1009,44,3.52,196,100,0.0,Clouds,overcast clouds,10
Hernádnémeti-Bőcs,48.051389,20.985,2026-03-25 10:06:33.632808,13.92,12.49,13.92,13.92,1009,43,3.8,198,97,0.0,Clouds,overcast clouds,10
Tiszalúc,48.039722,21.0575,2026-03-25 10:06:34.871119,14.01,12.59,14.01,14.01,1009,43,3.81,201,93,0.0,Clouds,overcast clouds,10
Taktaharkány,48.091667,21.128611,2026-03-25 10:06:36.108490,14.05,12.63,14.05,14.05,1009,43,3.99,198,92,0.0,Clouds,overcast clouds,10
Taktaszada,48.1125,21.149444,2026-03-25 10:06:37.347356,14.03,12.61,14.03,14.03,1009,43,4.06,197,91,0.0,Clouds,overcast clouds,10
Szerencs,48.155556,21.214444,2026-03-25 10:06:38.583842,14.11,12.73,14.11,14.11,1009,44,4.03,197,88,0.0,Clouds,overcast clouds,10
Mezőzombor,48.156944,21.267778,2026-03-25 10:06:39.831709,14.03,12.64,14.03,14.03,1009,44,3.97,198,87,0.0,Clouds,overcast clouds,10
Tarcal,48.125,21.34,2026-03-25 10:06:41.074636,14.19,12.79,14.19,14.19,1009,43,3.89,198,84,0.0,Clouds,broken clouds,10
Tokaj,48.112778,21.406667,2026-03-25 10:06:42.318077,13.65,12.19,13.65,13.65,1009,43,3.88,197,81,0.0,Clouds,broken clouds,10
Rakamaz,48.12,21.475,2026-03-25 10:06:43.561845,14.17,12.79,14.17,14.17,1009,44,3.88,196,80,0.0,Clouds,broken clouds,10
Görögszállás,48.04,21.555,2026-03-25 10:06:44.805425,14.2,12.8,14.2,14.2,1009,43,3.98,197,79,0.0,Clouds,broken clouds,10
Nyírtelek,48.005,21.615556,2026-03-25 10:06:46.057052,14.19,12.79,14.19,14.19,1009,43,3.98,196,71,0.0,Clouds,broken clouds,10
Rákoshegy,47.468611,19.245556,2026-03-25 10:06:47.294898,15.22,13.82,15.22,15.22,1009,39,3.35,216,100,0.0,Clouds,overcast clouds,10
Ecser,47.439444,19.318056,2026-03-25 10:06:48.530750,15.36,13.97,15.36,15.36,1009,39,3.45,218,100,0.0,Clouds,overcast clouds,10
Maglód,47.438889,19.340833,2026-03-25 10:06:49.776270,15.15,13.74,15.15,15.15,1009,39,3.49,219,100,0.0,Clouds,overcast clouds,10
Maglódi nyaraló,47.434167,19.363611,2026-03-25 10:06:51.016211,14.91,13.47,14.91,14.91,1009,39,3.54,220,100,0.0,Clouds,overcast clouds,10
Gyömrő,47.429722,19.393333,2026-03-25 10:06:52.251504,14.91,13.47,14.91,14.91,1009,39,3.54,220,100,0.0,Clouds,overcast clouds,10
Mende,47.426944,19.439722,2026-03-25 10:06:53.495922,14.89,13.45,14.89,14.89,1009,39,3.68,224,100,0.0,Clouds,overcast clouds,10
Szőlősnyaraló,47.450278,19.561111,2026-03-25 10:06:54.733778,15.26,13.83,15.26,15.26,1009,38,3.58,227,100,0.0,Clouds,overcast clouds,10
Sülysáp,47.451944,19.5275,2026-03-25 10:06:55.986474,15.15,13.71,15.15,15.15,1009,38,3.66,225,100,0.0,Clouds,overcast clouds,10
Tápiószecső,47.443056,19.614722,2026-03-25 10:06:57.236098,15.33,13.91,15.33,15.33,1009,38,3.52,229,100,0.0,Clouds,overcast clouds,10
Szentmártonkáta,47.431944,19.680556,2026-03-25 10:06:58.471965,15.32,13.87,15.32,15.32,1010,37,3.36,232,99,0.0,Clouds,overcast clouds,10
Nagykáta,47.409722,19.737778,2026-03-25 10:06:59.717212,15.38,13.94,15.38,15.38,1010,37,3.35,235,97,0.0,Clouds,overcast clouds,10
Farmos,47.355278,19.8375,2026-03-25 10:07:00.961751,15.54,14.06,15.54,15.54,1010,35,3.33,241,90,0.0,Clouds,overcast clouds,10
Tápiószele,47.346313,19.873504,2026-03-25 10:07:02.203838,15.54,14.06,15.54,15.54,1010,35,3.38,242,89,0.0,Clouds,overcast clouds,10
Tápiógyörgye,47.325,19.95,2026-03-25 10:07:03.448875,15.58,14.13,15.58,15.58,1010,36,3.36,245,91,0.0,Clouds,overcast clouds,10
Újszász,47.285833,20.066944,2026-03-25 10:07:04.692324,15.65,14.24,15.65,15.65,1010,37,3.41,244,96,0.0,Clouds,overcast clouds,10
Szurdokpüspöki,47.851944,19.690278,2026-03-25 10:07:05.935323,14.95,13.55,14.95,14.95,1009,40,2.45,215,99,0.0,Clouds,overcast clouds,10
Lőrinci,47.739444,19.673611,2026-03-25 10:07:07.172449,15.13,13.72,15.13,15.13,1009,39,2.57,216,100,0.0,Clouds,overcast clouds,10
Selyp,47.759167,19.670833,2026-03-25 10:07:08.416157,15.09,13.67,15.09,15.09,1009,39,2.53,215,100,0.0,Clouds,overcast clouds,10
Apc-Zagyvaszántó,47.791328,19.66822,2026-03-25 10:07:09.668379,15.08,13.66,15.08,15.08,1009,39,2.5,215,100,0.0,Clouds,overcast clouds,10
Pásztó,47.918889,19.688889,2026-03-25 10:07:10.912759,14.78,13.36,14.78,14.78,1009,40,2.45,218,100,0.0,Clouds,overcast clouds,10
Mátraszőlős-Hasznos,47.938506,19.706122,2026-03-25 10:07:12.158129,14.78,13.36,14.78,14.78,1009,40,2.44,221,100,0.0,Clouds,overcast clouds,10
Tar,47.956111,19.746389,2026-03-25 10:07:13.411460,14.37,12.91,14.37,14.37,1009,40,2.43,227,100,0.0,Clouds,overcast clouds,10
Mátraverebély,47.968333,19.778611,2026-03-25 10:07:14.653780,14.37,12.91,14.37,14.37,1009,40,2.43,227,100,0.0,Clouds,overcast clouds,10
Nagybátony,47.981111,19.82,2026-03-25 10:07:15.905225,14.54,13.09,14.54,14.54,1009,40,2.45,231,100,0.0,Clouds,overcast clouds,10
Kisterenye,48.009444,19.831944,2026-03-25 10:07:17.148997,14.64,13.2,14.64,14.64,1009,40,2.47,235,100,0.0,Clouds,overcast clouds,10
Kisterenye-Bányatelep,48.021389,19.831944,2026-03-25 10:07:18.382696,14.64,13.2,14.64,14.64,1009,40,2.47,235,100,0.0,Clouds,overcast clouds,10
Salgótarján külső,48.089444,19.790833,2026-03-25 10:07:19.619737,14.02,12.55,14.02,14.02,1009,41,2.53,240,100,0.0,Clouds,overcast clouds,10
Balatonfenyves GV,46.7125,17.479167,2026-03-25 10:07:20.857995,15.47,14.17,15.47,15.47,1010,42,5.45,203,100,0.0,Clouds,overcast clouds,10
Várhegyalja,47.737778,18.366667,2026-03-25 10:07:22.102439,15.13,13.77,15.13,15.13,1009,41,4.9,198,100,0.0,Clouds,overcast clouds,10
Imremajor,46.680556,17.499722,2026-03-25 10:07:23.343006,15.5,14.2,15.5,15.5,1010,42,5.43,204,100,0.0,Clouds,overcast clouds,10
Rákospalota-Kertváros,47.578333,19.122778,2026-03-25 10:07:24.579259,15.32,13.95,15.32,15.32,1008,40,3.3,209,100,0.0,Clouds,overcast clouds,10
Vicziántelep,47.675833,19.286111,2026-03-25 10:07:25.817963,14.71,13.28,14.71,14.71,1009,40,3.46,206,100,0.0,Clouds,overcast clouds,10
Pálmajor,46.662831,17.457526,2026-03-25 10:07:27.067047,15.48,14.21,15.48,15.48,1010,43,5.45,204,100,0.0,Clouds,overcast clouds,10
Somogyszentpál felső,46.649758,17.471404,2026-03-25 10:07:28.307265,15.49,14.19,15.49,15.49,1010,42,5.4,204,100,0.0,Clouds,overcast clouds,10
Somogyszentpál,46.638611,17.478611,2026-03-25 10:07:29.553474,15.42,14.11,15.42,15.42,1010,42,5.36,204,100,0.0,Clouds,overcast clouds,10
Rudnaykert,47.7175,19.257778,2026-03-25 10:07:30.794013,14.74,13.31,14.74,14.74,1009,40,3.52,204,100,0.0,Clouds,overcast clouds,10
Maroshegy,47.158333,18.406667,2026-03-25 10:07:32.037474,15.49,14.14,15.49,15.49,1009,40,5.13,206,100,0.0,Clouds,overcast clouds,10
Bánhida,47.573703,18.371737,2026-03-25 10:07:33.277239,14.97,13.59,14.97,14.97,1009,41,5.57,197,100,0.0,Clouds,overcast clouds,10
Magyarkút,47.850278,19.045,2026-03-25 10:07:34.515424,14.32,12.88,14.32,14.32,1009,41,3.32,202,100,0.0,Clouds,overcast clouds,10
Becske alsó,47.897222,19.364722,2026-03-25 10:07:35.772452,13.93,12.42,13.93,13.93,1009,40,3.1,201,100,0.0,Clouds,overcast clouds,10
Hosszúberek-Péteri,47.370556,19.389722,2026-03-25 10:07:37.015377,15.43,14.05,15.43,15.43,1009,39,3.69,222,100,0.0,Clouds,overcast clouds,10
Monorierdő,47.308889,19.499167,2026-03-25 10:07:38.258217,15.33,13.91,15.33,15.33,1009,38,3.74,227,100,0.0,Clouds,overcast clouds,10
Ceglédbercel,47.215833,19.658611,2026-03-25 10:07:39.500544,15.44,14.01,15.44,15.44,1010,37,3.66,232,88,0.0,Clouds,overcast clouds,10
Budai út,47.208333,19.731389,2026-03-25 10:07:40.743711,15.41,13.95,15.41,15.41,1010,36,3.65,234,86,0.0,Clouds,overcast clouds,10
Büdöskútpuszta,48.373056,20.726111,2026-03-25 10:07:41.986535,13.92,12.52,13.92,13.92,1009,44,2.47,217,100,0.0,Clouds,overcast clouds,10
Bánrévei Vízmű,48.282778,20.368333,2026-03-25 10:07:43.226781,14.15,12.72,14.15,14.15,1009,42,2.86,243,99,0.0,Clouds,overcast clouds,10
Rákoskert,47.456389,19.296111,2026-03-25 10:07:44.474287,15.13,13.72,15.13,15.13,1009,39,3.39,217,100,0.0,Clouds,overcast clouds,10
Szirmabesenyő,48.146944,20.783056,2026-03-25 10:07:45.719131,13.09,11.6,13.09,13.09,1009,44,2.89,196,100,0.0,Clouds,overcast clouds,10
Kitérőgyár,47.766944,19.935278,2026-03-25 10:07:46.958612,14.9,13.46,14.9,14.9,1010,39,2.65,227,100,0.0,Clouds,overcast clouds,10
Tápiószentmárton,47.373333,19.797778,2026-03-25 10:07:48.206745,15.44,13.95,15.44,15.44,1010,35,3.35,240,91,0.0,Clouds,overcast clouds,10
Zagyvarékas,47.244229,20.097435,2026-03-25 10:07:49.447334,15.66,14.27,15.66,15.66,1010,38,3.44,243,97,0.0,Clouds,overcast clouds,10
Abonyi út,47.206401,20.125204,2026-03-25 10:07:50.683274,15.67,14.28,15.67,15.67,1010,38,3.46,242,97,0.0,Clouds,overcast clouds,10
Jászkisér felső,47.438056,20.202222,2026-03-25 10:07:51.927987,15.61,14.19,15.61,15.61,1010,37,3.2,248,95,0.0,Clouds,overcast clouds,10
Szellőhát,47.425556,20.188889,2026-03-25 10:07:53.166178,15.63,14.21,15.63,15.63,1010,37,3.23,248,95,0.0,Clouds,overcast clouds,10
Szilvásvárad-Szalajkavölgy,48.0956,20.38272,2026-03-25 10:07:54.412382,12.92,11.34,12.92,12.92,1010,41,2.58,221,100,0.0,Clouds,overcast clouds,10
Vásárosnamény külső,48.084444,22.255556,2026-03-25 10:07:55.660144,13.91,12.4,13.91,13.91,1010,40,3.28,195,19,0.0,Clouds,few clouds,10
Újváros,46.660556,20.536111,2026-03-25 10:07:56.903909,15.51,14.06,15.51,15.51,1010,36,3.15,235,83,0.0,Clouds,broken clouds,10
Városi park,46.697778,19.864722,2026-03-25 10:07:58.143672,15.65,14.21,15.65,15.65,1010,36,3.35,230,77,0.0,Clouds,broken clouds,10
Belsőkamaráspuszta,46.341944,20.848889,2026-03-25 10:07:59.405480,15.3,14.01,15.3,15.3,1012,43,3.31,227,84,0.0,Clouds,broken clouds,10
Sajószöged,47.945278,20.981667,2026-03-25 10:08:00.652905,14.24,12.82,14.24,14.24,1009,42,3.54,209,98,0.0,Clouds,overcast clouds,10
Kazincbarcika alsó,48.255278,20.649167,2026-03-25 10:08:01.909865,13.7,12.25,13.7,13.7,1009,43,2.07,224,99,0.0,Clouds,overcast clouds,10
Nyárjas,46.857778,19.923611,2026-03-25 10:08:03.152493,15.54,14.09,15.54,15.54,1010,36,3.49,236,84,0.0,Clouds,broken clouds,10
Pogonyipuszta,48.296389,20.381667,2026-03-25 10:08:04.390798,14.15,12.72,14.15,14.15,1009,42,2.86,243,99,0.0,Clouds,overcast clouds,10
Sióvölgy,46.911103,18.076964,2026-03-25 10:08:05.645826,15.77,14.58,15.77,15.77,1010,45,5.06,207,100,0.0,Clouds,overcast clouds,10
Répáspuszta,46.430278,17.847222,2026-03-25 10:08:06.897008,15.15,13.82,15.15,15.15,1010,42,4.98,202,100,0.0,Clouds,overcast clouds,10
Virányos,48.066667,21.527222,2026-03-25 10:08:08.135797,14.19,12.79,14.19,14.19,1009,43,3.94,196,79,0.0,Clouds,broken clouds,10
Füzesbokor,47.988611,21.6475,2026-03-25 10:08:09.380491,14.21,12.81,14.21,14.21,1009,43,4.01,196,66,0.0,Clouds,broken clouds,10
Kunfehértó,46.355833,19.417222,2026-03-25 10:08:10.633542,15.45,14.04,15.45,15.45,1010,38,3.28,220,64,0.0,Clouds,broken clouds,10
Erdőszél,46.329444,19.395,2026-03-25 10:08:11.882469,15.33,13.91,15.33,15.33,1010,38,3.27,218,66,0.0,Clouds,broken clouds,10
Jánoshalma,46.293056,19.330278,2026-03-25 10:08:13.130601,15.45,14.04,15.45,15.45,1010,38,3.24,217,66,0.0,Clouds,broken clouds,10
Mélykút,46.213056,19.370556,2026-03-25 10:08:14.380881,15.46,14.05,15.46,15.46,1011,38,3.18,218,62,0.0,Clouds,broken clouds,10
Bácsalmás,46.118056,19.346389,2026-03-25 10:08:15.627021,15.5,14.12,15.5,15.5,1011,39,3.15,220,58,0.0,Clouds,broken clouds,10
Almás,46.116216,19.328803,2026-03-25 10:08:16.868785,15.5,14.12,15.5,15.5,1011,39,3.15,220,58,0.0,Clouds,broken clouds,10
Bácsbokod-Bácsborsód,46.115833,19.16,2026-03-25 10:08:18.113472,15.53,14.16,15.53,15.53,1011,39,3.11,218,62,0.0,Clouds,broken clouds,10
Baja,46.187014,18.957602,2026-03-25 10:08:19.353866,15.74,14.39,15.74,15.74,1011,39,3.15,212,75,0.0,Clouds,broken clouds,10
Harkakötöny,46.458333,19.601944,2026-03-25 10:08:20.598522,15.55,14.13,15.55,15.55,1010,37,3.33,220,69,0.0,Clouds,broken clouds,10
Tajó,46.473056,19.650556,2026-03-25 10:08:21.849991,15.57,14.15,15.57,15.57,1010,37,3.33,220,72,0.0,Clouds,broken clouds,10
Kiskunmajsa,46.501667,19.728056,2026-03-25 10:08:23.099225,15.6,14.18,15.6,15.6,1010,37,3.32,220,76,0.0,Clouds,broken clouds,10
Jászszentlászló,46.565833,19.753611,2026-03-25 10:08:24.343225,15.65,14.21,15.65,15.65,1010,36,3.33,222,77,0.0,Clouds,broken clouds,10
Galambos,46.625,19.801111,2026-03-25 10:08:25.588290,15.64,14.2,15.64,15.64,1010,36,3.33,225,76,0.0,Clouds,broken clouds,10
Pestszentimre,47.402222,19.188611,2026-03-25 10:08:26.832638,15.52,14.17,15.52,15.52,1009,40,3.58,217,100,0.0,Clouds,overcast clouds,10
Gyál felső,47.390278,19.204722,2026-03-25 10:08:28.075383,15.48,14.1,15.48,15.48,1009,39,3.56,218,100,0.0,Clouds,overcast clouds,10
Gyál,47.376667,19.219444,2026-03-25 10:08:29.314223,15.48,14.1,15.48,15.48,1009,39,3.56,218,100,0.0,Clouds,overcast clouds,10
Ócsa,47.301389,19.232222,2026-03-25 10:08:30.553573,15.58,14.21,15.58,15.58,1009,39,3.86,219,100,0.0,Clouds,overcast clouds,10
Inárcs-Kakucs,47.247222,19.317778,2026-03-25 10:08:31.796393,15.61,14.24,15.61,15.61,1009,39,3.89,221,100,0.0,Clouds,overcast clouds,10
Dabas,47.194722,19.328889,2026-03-25 10:08:33.045686,15.57,14.17,15.57,15.57,1009,38,3.89,221,97,0.0,Clouds,overcast clouds,10
Gyón,47.178333,19.355556,2026-03-25 10:08:34.286982,15.59,14.2,15.59,15.59,1009,38,3.89,221,95,0.0,Clouds,overcast clouds,10
Hernád,47.161389,19.4025,2026-03-25 10:08:35.540725,15.5,14.1,15.5,15.5,1010,38,3.77,223,92,0.0,Clouds,overcast clouds,10
Bakonygyirót,47.416389,17.811944,2026-03-25 10:08:36.785175,14.99,13.62,14.99,14.99,1009,41,5.74,203,100,0.0,Clouds,overcast clouds,10
Vinye,47.360317,17.819635,2026-03-25 10:08:38.029176,14.53,13.11,14.53,14.53,1009,41,5.6,199,100,0.0,Clouds,overcast clouds,10
Nemesgörzsöny,47.402924,17.376385,2026-03-25 10:08:39.269266,15.32,14.0,15.32,15.32,1009,42,6.62,200,100,0.0,Clouds,overcast clouds,10
Rábahíd,47.438618,17.337525,2026-03-25 10:08:40.508718,15.37,14.06,15.37,15.37,1009,42,6.58,200,100,0.0,Clouds,overcast clouds,10
Öskü,47.162222,18.076389,2026-03-25 10:08:41.752900,15.04,13.67,15.04,15.04,1010,41,5.69,201,100,0.0,Clouds,overcast clouds,10
Márkó,47.1275,17.813889,2026-03-25 10:08:42.993001,14.12,12.63,14.12,14.12,1011,40,4.82,197,100,0.0,Clouds,overcast clouds,10
Nemeskocs,47.203333,17.188889,2026-03-25 10:08:44.233504,15.38,14.07,15.38,15.38,1009,42,5.98,198,100,0.0,Clouds,overcast clouds,10
Zalagyömörő,47.011111,17.220833,2026-03-25 10:08:45.470988,15.3,13.98,15.3,15.3,1010,42,6.0,197,100,0.0,Clouds,overcast clouds,10
Rigács,47.061667,17.199167,2026-03-25 10:08:46.710419,15.26,13.94,15.26,15.26,1010,42,6.01,196,100,0.0,Clouds,overcast clouds,10
Kemenespálfa,47.139722,17.183056,2026-03-25 10:08:47.955140,15.34,14.03,15.34,15.34,1009,42,5.94,198,100,0.0,Clouds,overcast clouds,10
Lentiszombathely,46.611389,16.5725,2026-03-25 10:08:49.206887,15.03,13.71,15.03,15.03,1008,43,4.97,215,100,0.0,Clouds,overcast clouds,10
Ortaháza,46.626667,16.685833,2026-03-25 10:08:50.449009,14.94,13.61,14.94,14.94,1008,43,4.46,214,100,0.0,Clouds,overcast clouds,10
Rádiháza,46.654722,16.765833,2026-03-25 10:08:51.685337,14.94,13.64,14.94,14.94,1009,44,4.43,214,100,0.0,Clouds,overcast clouds,10
Baktüttös,46.690833,16.826389,2026-03-25 10:08:52.929928,15.05,13.76,15.05,15.05,1009,44,4.83,211,100,0.0,Clouds,overcast clouds,10
Budafa,46.851667,16.624722,2026-03-25 10:08:54.188981,15.13,13.87,15.13,15.13,1008,45,4.66,215,100,0.0,Clouds,overcast clouds,10
Zalapatakalja,46.845556,16.603889,2026-03-25 10:08:55.440931,15.12,13.86,15.12,15.12,1008,45,4.6,214,100,0.0,Clouds,overcast clouds,10
Tormásliget,47.430556,16.781667,2026-03-25 10:08:56.691097,15.36,14.07,15.36,15.36,1007,43,6.09,204,100,0.0,Clouds,overcast clouds,10
Belecska,46.64,18.411389,2026-03-25 10:08:57.937612,15.69,14.36,15.69,15.69,1010,40,4.01,206,100,0.0,Clouds,overcast clouds,10
Almár,47.956111,20.356944,2026-03-25 10:08:59.183090,13.7,12.2,13.7,13.7,1009,41,2.72,213,99,0.0,Clouds,overcast clouds,10
Vasútmúzeum,47.543889,19.099444,2026-03-25 10:09:00.419714,15.36,14.0,15.36,15.36,1008,40,3.3,209,100,0.0,Clouds,overcast clouds,10
Abda,47.690833,17.540556,2026-03-25 10:09:01.662557,15.42,14.17,15.42,15.42,1008,44,6.68,203,100,0.0,Clouds,overcast clouds,10
Vadaspark,47.526111,18.949167,2026-03-25 10:09:02.912981,13.75,12.25,13.75,13.75,1008,41,3.95,208,100,0.0,Clouds,overcast clouds,10
Barosstelep,47.398889,18.989167,2026-03-25 10:09:04.157023,15.61,14.27,15.61,15.61,1008,40,4.14,212,100,0.0,Clouds,overcast clouds,10
Fegyvernek-Örményes,47.194444,20.5575,2026-03-25 10:09:05.405253,15.62,14.2,15.62,15.62,1010,37,3.3,238,100,0.0,Clouds,overcast clouds,10
Zagyvapálfalva,48.068889,19.785,2026-03-25 10:09:06.655053,14.26,12.81,14.26,14.26,1009,41,2.5,238,100,0.0,Clouds,overcast clouds,10
Salgótarján,48.105556,19.807222,2026-03-25 10:09:07.901796,13.55,12.03,13.55,13.55,1009,41,2.54,241,100,0.0,Clouds,overcast clouds,10
Szabadisóstó,46.933889,18.118056,2026-03-25 10:09:09.153479,15.7,14.47,15.7,15.7,1010,44,5.06,208,100,0.0,Clouds,overcast clouds,10
Siófok,46.907778,18.053889,2026-03-25 10:09:10.402807,15.77,14.58,15.77,15.77,1010,45,5.06,207,100,0.0,Clouds,overcast clouds,10
Balatonszéplak felső,46.898056,18.018056,2026-03-25 10:09:11.642664,15.59,14.33,15.59,15.59,1010,43,5.09,206,100,0.0,Clouds,overcast clouds,10
Balatonszéplak alsó,46.891944,17.993333,2026-03-25 10:09:12.877642,15.63,14.32,15.63,15.63,1010,41,5.08,206,100,0.0,Clouds,overcast clouds,10
Zamárdi felső,46.886111,17.969444,2026-03-25 10:09:14.120155,15.59,14.25,15.59,15.59,1010,40,5.09,206,100,0.0,Clouds,overcast clouds,10
Zamárdi,46.88,17.944722,2026-03-25 10:09:15.366881,15.59,14.25,15.59,15.59,1010,40,5.09,206,100,0.0,Clouds,overcast clouds,10
Szántód,46.861944,17.899167,2026-03-25 10:09:16.607294,15.56,14.19,15.56,15.56,1009,39,5.17,205,100,0.0,Clouds,overcast clouds,10
Szőny-Déli,47.735278,18.141944,2026-03-25 10:09:17.851257,15.25,13.9,15.25,15.25,1009,41,5.31,204,100,0.0,Clouds,overcast clouds,10
Várpalota,47.194444,18.149167,2026-03-25 10:09:19.092278,14.79,13.4,14.79,14.79,1010,41,5.89,200,100,0.0,Clouds,overcast clouds,10
Pétfürdő,47.1675,18.121389,2026-03-25 10:09:20.328259,15.21,13.86,15.21,15.21,1010,41,5.82,201,100,0.0,Clouds,overcast clouds,10
Hajmáskér,47.141111,18.009444,2026-03-25 10:09:21.573592,14.78,13.38,14.78,14.78,1010,41,5.65,201,100,0.0,Clouds,overcast clouds,10
Veszprém,47.118889,17.91,2026-03-25 10:09:22.814692,14.68,13.25,14.68,14.68,1010,40,5.07,200,100,0.0,Clouds,overcast clouds,10
Herend,47.136944,17.760278,2026-03-25 10:09:24.056278,14.02,12.52,14.02,14.02,1011,40,4.8,196,100,0.0,Clouds,overcast clouds,10
Városlőd,47.144167,17.652778,2026-03-25 10:09:25.293616,13.81,12.29,13.81,13.81,1011,40,5.32,192,100,0.0,Clouds,overcast clouds,10
Városlőd-Kislőd,47.133889,17.631111,2026-03-25 10:09:26.527497,14.25,12.77,14.25,14.25,1012,40,5.23,192,100,0.0,Clouds,overcast clouds,10
Ajka,47.105902,17.572938,2026-03-25 10:09:27.765121,14.68,13.25,14.68,14.68,1011,40,5.7,190,100,0.0,Clouds,overcast clouds,10
Ajka-Gyártelep,47.096806,17.555219,2026-03-25 10:09:29.009440,14.68,13.25,14.68,14.68,1011,40,5.7,190,100,0.0,Clouds,overcast clouds,10
Devecser,47.1125,17.435278,2026-03-25 10:09:30.254839,15.05,13.68,15.05,15.05,1011,41,6.1,190,100,0.0,Clouds,overcast clouds,10
Somlóvásárhely,47.124444,17.369167,2026-03-25 10:09:31.495922,15.12,13.76,15.12,15.12,1010,41,6.27,192,100,0.0,Clouds,overcast clouds,10
Tüskevár,47.128611,17.331389,2026-03-25 10:09:32.733200,15.22,13.87,15.22,15.22,1010,41,6.24,193,100,0.0,Clouds,overcast clouds,10
Karakószörcsök,47.133611,17.287778,2026-03-25 10:09:33.966740,15.27,13.95,15.27,15.27,1010,42,6.19,193,100,0.0,Clouds,overcast clouds,10
Kerta,47.151944,17.237222,2026-03-25 10:09:35.210193,15.38,14.07,15.38,15.38,1009,42,6.01,197,100,0.0,Clouds,overcast clouds,10
Boba,47.183333,17.191389,2026-03-25 10:09:36.459770,15.35,14.04,15.35,15.35,1009,42,5.96,198,100,0.0,Clouds,overcast clouds,10
Börgönd,47.140278,18.515,2026-03-25 10:09:37.699887,15.44,14.08,15.44,15.44,1009,40,4.9,207,100,0.0,Clouds,overcast clouds,10
Belsőbáránd,47.102778,18.499722,2026-03-25 10:09:38.935965,15.4,14.04,15.4,15.4,1009,40,4.89,206,100,0.0,Clouds,overcast clouds,10
Zichyújfalu,47.124444,18.6725,2026-03-25 10:09:40.178716,15.47,14.12,15.47,15.47,1009,40,4.77,208,99,0.0,Clouds,overcast clouds,10
Seregélyes,47.121111,18.580556,2026-03-25 10:09:41.424898,15.59,14.25,15.59,15.59,1009,40,4.86,207,100,0.0,Clouds,overcast clouds,10
Polgárdi-Ipartelepek,47.079167,18.314444,2026-03-25 10:09:42.668111,15.12,13.76,15.12,15.12,1010,41,5.12,207,100,0.0,Clouds,overcast clouds,10
Polgárdi,47.07,18.284167,2026-03-25 10:09:43.906545,15.12,13.76,15.12,15.12,1010,41,5.12,207,100,0.0,Clouds,overcast clouds,10
Füle,47.05,18.255278,2026-03-25 10:09:45.148627,15.11,13.75,15.11,15.11,1010,41,5.1,207,100,0.0,Clouds,overcast clouds,10
Zánka-Erzsébettábor,46.8775,17.709167,2026-03-25 10:09:46.382612,15.53,14.18,15.53,15.53,1010,40,5.2,201,100,0.0,Clouds,overcast clouds,10
Csajág,47.033889,18.186389,2026-03-25 10:09:47.618993,15.25,13.93,15.25,15.25,1010,42,5.13,208,100,0.0,Clouds,overcast clouds,10
Balatonakarattya,47.017222,18.167778,2026-03-25 10:09:48.859406,15.25,13.93,15.25,15.25,1010,42,5.13,208,100,0.0,Clouds,overcast clouds,10
Csittényhegy,47.025278,18.1375,2026-03-25 10:09:50.096990,15.48,14.18,15.48,15.48,1010,42,5.15,208,100,0.0,Clouds,overcast clouds,10
Balatonkenese,47.0325,18.105556,2026-03-25 10:09:51.330178,15.6,14.31,15.6,15.6,1010,42,5.15,208,100,0.0,Clouds,overcast clouds,10
Balatonfűzfő,47.060278,18.0425,2026-03-25 10:09:52.566794,15.3,13.96,15.3,15.3,1010,41,5.16,206,100,0.0,Clouds,overcast clouds,10
Balatonalmádi,47.028333,18.015,2026-03-25 10:09:53.811433,15.51,14.19,15.51,15.51,1010,41,5.08,207,100,0.0,Clouds,overcast clouds,10
Káptalanfüred,47.008889,18.003889,2026-03-25 10:09:55.060524,14.64,13.23,14.64,14.64,1010,41,5.0,207,100,0.0,Clouds,overcast clouds,10
Alsóörs,46.985278,17.974722,2026-03-25 10:09:56.312532,14.64,13.23,14.64,14.64,1010,41,5.0,207,100,0.0,Clouds,overcast clouds,10
Csopak,46.974722,17.931111,2026-03-25 10:09:57.562888,14.97,13.54,14.97,14.97,1010,39,4.88,206,100,0.0,Clouds,overcast clouds,10
Balatonarács,46.9625,17.8975,2026-03-25 10:09:58.806202,14.97,13.54,14.97,14.97,1010,39,4.88,206,100,0.0,Clouds,overcast clouds,10
Balatonfüred,46.955833,17.883056,2026-03-25 10:10:00.048348,15.35,13.93,15.35,15.35,1009,38,4.92,205,100,0.0,Clouds,overcast clouds,10
Aszófő,46.925556,17.8325,2026-03-25 10:10:01.292091,15.31,13.89,15.31,15.31,1009,38,5.0,204,100,0.0,Clouds,overcast clouds,10
Örvényes,46.9125,17.818056,2026-03-25 10:10:02.531758,15.31,13.89,15.31,15.31,1009,38,5.0,204,100,0.0,Clouds,overcast clouds,10
Balatonudvari,46.904722,17.808056,2026-03-25 10:10:03.786864,14.8,13.33,14.8,14.8,1010,38,5.0,204,100,0.0,Clouds,overcast clouds,10
Fövenyes,46.893611,17.789444,2026-03-25 10:10:05.038261,15.44,14.03,15.44,15.44,1010,38,5.09,203,100,0.0,Clouds,overcast clouds,10
Balatonakali-Dörgicse,46.88,17.747778,2026-03-25 10:10:06.292876,15.08,13.66,15.08,15.08,1010,39,5.1,203,100,0.0,Clouds,overcast clouds,10
Zánka-Köveskál,46.872778,17.687778,2026-03-25 10:10:07.527646,15.13,13.74,15.13,15.13,1010,40,5.2,200,100,0.0,Clouds,overcast clouds,10
Balatonszepezd,46.851111,17.663056,2026-03-25 10:10:08.761667,15.52,14.17,15.52,15.52,1010,40,5.28,201,100,0.0,Clouds,overcast clouds,10
Szepezdfürdő,46.839722,17.649444,2026-03-25 10:10:10.003859,14.49,13.04,14.49,14.49,1010,40,5.28,201,100,0.0,Clouds,overcast clouds,10
Révfülöp,46.829167,17.632222,2026-03-25 10:10:11.246390,14.49,13.04,14.49,14.49,1010,40,5.28,201,100,0.0,Clouds,overcast clouds,10
Balatonrendes,46.824722,17.582778,2026-03-25 10:10:12.490529,15.14,13.78,15.14,15.14,1010,41,5.36,200,100,0.0,Clouds,overcast clouds,10
Ábrahámhegy,46.815,17.572222,2026-03-25 10:10:13.727220,15.14,13.78,15.14,15.14,1010,41,5.36,200,100,0.0,Clouds,overcast clouds,10
Badacsonyörs,46.805556,17.531667,2026-03-25 10:10:14.971824,15.39,14.08,15.39,15.39,1010,42,5.39,200,100,0.0,Clouds,overcast clouds,10
Kisújszállás,47.223889,20.751111,2026-03-25 10:10:16.215349,15.53,14.1,15.53,15.53,1010,37,3.44,233,98,0.0,Clouds,overcast clouds,10
Karcag,47.303333,20.928056,2026-03-25 10:10:17.455916,15.37,13.95,15.37,15.37,1010,38,3.63,230,94,0.0,Clouds,overcast clouds,10
Püspökladány,47.3275,21.128889,2026-03-25 10:10:18.694304,15.19,13.76,15.19,15.19,1010,38,3.88,225,87,0.0,Clouds,overcast clouds,10
Kaba,47.368889,21.259444,2026-03-25 10:10:19.936643,15.06,13.61,15.06,15.06,1011,38,4.03,221,77,0.0,Clouds,broken clouds,10
Hajdúszoboszló,47.429444,21.406944,2026-03-25 10:10:21.183510,14.92,13.49,14.92,14.92,1011,39,4.18,216,71,0.0,Clouds,broken clouds,10
Ebes,47.462778,21.488889,2026-03-25 10:10:22.427175,14.86,13.42,14.86,14.86,1011,39,4.22,214,67,0.0,Clouds,broken clouds,10
Debrecen,47.520278,21.628611,2026-03-25 10:10:23.665990,14.75,13.3,14.75,14.75,1011,39,4.32,209,55,0.0,Clouds,broken clouds,10
Debrecen-Csapókert,47.540556,21.648056,2026-03-25 10:10:24.911383,14.59,13.12,14.59,14.59,1011,39,4.35,208,52,0.0,Clouds,broken clouds,10
Apafa,47.584045,21.655858,2026-03-25 10:10:26.155125,14.53,13.08,14.53,14.53,1011,40,4.36,207,53,0.0,Clouds,broken clouds,10
Bocskaikert,47.6425,21.666389,2026-03-25 10:10:27.401317,14.28,12.81,14.28,14.28,1011,40,4.37,204,55,0.0,Clouds,broken clouds,10
Hajdúhadház,47.686944,21.679167,2026-03-25 10:10:28.649199,14.31,12.84,14.31,14.31,1010,40,4.38,203,52,0.0,Clouds,broken clouds,10
Téglás,47.714722,21.684722,2026-03-25 10:10:29.895264,14.31,12.84,14.31,14.31,1010,40,4.37,202,53,0.0,Clouds,broken clouds,10
Újfehértó,47.814444,21.706389,2026-03-25 10:10:31.139566,14.32,12.88,14.32,14.32,1010,41,4.27,199,55,0.0,Clouds,broken clouds,10
Nyíregyháza,47.946667,21.705556,2026-03-25 10:10:32.377169,14.21,12.78,14.21,14.21,1010,42,4.07,196,60,0.0,Clouds,broken clouds,10
Sóstó,47.998051,21.729047,2026-03-25 10:10:33.619329,14.13,12.72,14.13,14.13,1010,43,3.94,195,53,0.0,Clouds,broken clouds,10
Sóstóhegy,48.012222,21.742778,2026-03-25 10:10:34.867671,14.19,12.79,14.19,14.19,1009,43,3.89,195,55,0.0,Clouds,broken clouds,10
Kemecse,48.065556,21.801667,2026-03-25 10:10:36.113771,14.16,12.78,14.16,14.16,1009,44,3.78,195,51,0.0,Clouds,broken clouds,10
Nyírbogdány,48.082222,21.855278,2026-03-25 10:10:37.354907,14.11,12.73,14.11,14.11,1009,44,3.75,194,49,0.0,Clouds,scattered clouds,10
Kék,48.093333,21.883889,2026-03-25 10:10:38.593593,14.13,12.75,14.13,14.13,1009,44,3.7,195,42,0.0,Clouds,scattered clouds,10
Demecser,48.111667,21.926667,2026-03-25 10:10:39.832647,14.13,12.75,14.13,14.13,1009,44,3.66,195,40,0.0,Clouds,scattered clouds,10
Gégény,48.128333,21.951944,2026-03-25 10:10:41.076224,14.09,12.73,14.09,14.09,1009,45,3.62,194,39,0.0,Clouds,scattered clouds,10
Pátroha,48.158611,21.996667,2026-03-25 10:10:42.324910,14.1,12.74,14.1,14.1,1009,45,3.59,194,37,0.0,Clouds,scattered clouds,10
Ajak,48.1865,22.048972,2026-03-25 10:10:43.569517,14.08,12.72,14.08,14.08,1009,45,3.54,193,36,0.0,Clouds,scattered clouds,10
Kisvárda,48.208333,22.078333,2026-03-25 10:10:44.809838,14.08,12.72,14.08,14.08,1009,45,3.45,192,32,0.0,Clouds,scattered clouds,10
Kisvárda-Hármasút,48.228333,22.091944,2026-03-25 10:10:46.057438,14.08,12.72,14.08,14.08,1009,45,3.45,192,32,0.0,Clouds,scattered clouds,10
Fényeslitke,48.267222,22.107222,2026-03-25 10:10:47.295936,14.02,12.65,14.02,14.02,1009,45,3.38,190,33,0.0,Clouds,scattered clouds,10
Komoró,48.305278,22.118056,2026-03-25 10:10:48.535624,14.04,12.7,14.04,14.04,1009,46,3.37,189,35,0.0,Clouds,scattered clouds,10
Tuzsér,48.342222,22.131667,2026-03-25 10:10:49.784249,13.99,12.65,13.99,13.99,1009,46,3.34,188,39,0.0,Clouds,scattered clouds,10
Tiszabezdéd,48.371389,22.145,2026-03-25 10:10:51.025409,14.0,12.66,14.0,14.0,1009,46,3.32,185,39,0.0,Clouds,scattered clouds,10
Záhony,48.402222,22.183611,2026-03-25 10:10:52.267021,13.98,12.63,13.98,13.98,1009,46,3.33,183,40,0.0,Clouds,scattered clouds,10
Karcag-Vásártér,47.3225,20.9075,2026-03-25 10:10:53.511769,15.37,13.95,15.37,15.37,1010,38,3.63,230,94,0.0,Clouds,overcast clouds,10
Berekfürdő,47.374722,20.827222,2026-03-25 10:10:54.763192,15.46,14.05,15.46,15.46,1010,38,3.51,235,97,0.0,Clouds,overcast clouds,10
Kunmadaras,47.415278,20.793056,2026-03-25 10:10:56.010610,15.49,14.09,15.49,15.49,1010,38,3.46,238,98,0.0,Clouds,overcast clouds,10
Tiszaszentimre,47.490833,20.733056,2026-03-25 10:10:57.258440,15.61,14.24,15.61,15.61,1010,39,3.36,242,100,0.0,Clouds,overcast clouds,10
Tiszaszőlős,47.555556,20.728056,2026-03-25 10:10:58.496570,15.48,14.1,15.48,15.48,1010,39,3.32,242,100,0.0,Clouds,overcast clouds,10
Hosszúhát,47.235556,21.101944,2026-03-25 10:10:59.732636,15.22,13.76,15.22,15.22,1010,37,3.79,224,87,0.0,Clouds,overcast clouds,10
Szerep,47.234444,21.145833,2026-03-25 10:11:00.990163,15.2,13.74,15.2,15.2,1010,37,3.83,223,85,0.0,Clouds,overcast clouds,10
Sárrétudvari,47.231667,21.180833,2026-03-25 10:11:02.236268,15.16,13.7,15.16,15.16,1011,37,3.86,222,82,0.0,Clouds,broken clouds,10
Biharnagybajom,47.208889,21.221944,2026-03-25 10:11:03.507455,15.13,13.66,15.13,15.13,1011,37,3.89,221,77,0.0,Clouds,broken clouds,10
Füzesgyarmat,47.113056,21.194444,2026-03-25 10:11:04.748282,15.19,13.73,15.19,15.19,1011,37,3.79,223,82,0.0,Clouds,broken clouds,10
Füzesgyarmatfürdő,47.093787,21.201582,2026-03-25 10:11:05.985235,15.19,13.73,15.19,15.19,1011,37,3.79,223,82,0.0,Clouds,broken clouds,10
Báránd,47.299722,21.235278,2026-03-25 10:11:07.227079,15.12,13.68,15.12,15.12,1011,38,3.97,222,78,0.0,Clouds,broken clouds,10
Sáp,47.259722,21.360556,2026-03-25 10:11:08.471750,15.04,13.59,15.04,15.04,1011,38,4.0,220,69,0.0,Clouds,broken clouds,10
Berettyóújfalu,47.211944,21.535556,2026-03-25 10:11:09.712169,14.92,13.43,14.92,14.92,1011,37,4.09,216,46,0.0,Clouds,scattered clouds,10
Mezőpeterd,47.176111,21.625278,2026-03-25 10:11:10.951680,14.88,13.39,14.88,14.88,1011,37,4.14,213,37,0.0,Clouds,scattered clouds,10
Biharkeresztes,47.135556,21.721389,2026-03-25 10:11:12.193516,14.76,13.26,14.76,14.76,1011,37,4.23,211,32,0.0,Clouds,scattered clouds,10
Tócóvölgy,47.529444,21.588889,2026-03-25 10:11:13.429306,14.79,13.34,14.79,14.79,1011,39,4.3,210,59,0.0,Clouds,broken clouds,10
Sáregres,46.7825,18.588889,2026-03-25 10:11:14.668728,15.73,14.38,15.73,15.73,1010,39,4.16,203,100,0.0,Clouds,overcast clouds,10
Simontornya,46.756582,18.540674,2026-03-25 10:11:15.919510,15.64,14.3,15.64,15.64,1010,40,4.13,202,100,0.0,Clouds,overcast clouds,10
Tolnanémedi,46.727778,18.475833,2026-03-25 10:11:17.167488,15.7,14.37,15.7,15.7,1010,40,4.09,202,100,0.0,Clouds,overcast clouds,10
Pincehely,46.681389,18.43,2026-03-25 10:11:18.410321,15.56,14.22,15.56,15.56,1010,40,4.2,204,100,0.0,Clouds,overcast clouds,10
Keszőhidegkút-Gyönk,46.597778,18.426111,2026-03-25 10:11:19.655673,15.6,14.26,15.6,15.6,1010,40,3.92,207,100,0.0,Clouds,overcast clouds,10
Szárazd,46.575556,18.420833,2026-03-25 10:11:20.896350,15.64,14.3,15.64,15.64,1010,40,3.83,208,100,0.0,Clouds,overcast clouds,10
Regöly,46.568889,18.396111,2026-03-25 10:11:22.136596,15.64,14.3,15.64,15.64,1010,40,3.83,208,100,0.0,Clouds,overcast clouds,10
Szakály-Hőgyész,46.523611,18.389444,2026-03-25 10:11:23.379964,15.54,14.19,15.54,15.54,1010,40,3.81,210,100,0.0,Clouds,overcast clouds,10
Dúzs,46.493889,18.377222,2026-03-25 10:11:24.621276,15.59,14.25,15.59,15.59,1010,40,3.73,211,100,0.0,Clouds,overcast clouds,10
Csibrák,46.466667,18.336389,2026-03-25 10:11:25.864214,15.64,14.3,15.64,15.64,1010,40,3.8,212,100,0.0,Clouds,overcast clouds,10
Kurd,46.449167,18.319167,2026-03-25 10:11:27.099220,15.3,13.93,15.3,15.3,1010,40,3.72,212,100,0.0,Clouds,overcast clouds,10
Döbrököz,46.418889,18.255,2026-03-25 10:11:28.334321,15.57,14.23,15.57,15.57,1010,40,3.89,212,100,0.0,Clouds,overcast clouds,10
Dombóvár,46.37,18.149722,2026-03-25 10:11:29.585378,15.52,14.17,15.52,15.52,1011,40,4.13,210,100,0.0,Clouds,overcast clouds,10
Dombóvár alsó,46.363889,18.134167,2026-03-25 10:11:30.831699,15.52,14.17,15.52,15.52,1011,40,4.13,210,100,0.0,Clouds,overcast clouds,10
Somoskőújfalu,48.154722,19.815556,2026-03-25 10:11:32.067409,12.37,10.76,12.37,12.37,1009,42,2.58,244,100,0.0,Clouds,overcast clouds,10
Jászfényszaru,47.593056,19.754444,2026-03-25 10:11:33.304666,15.31,13.89,15.31,15.31,1010,38,2.7,230,100,0.0,Clouds,overcast clouds,10
Pusztamonostor,47.564444,19.794167,2026-03-25 10:11:34.545168,15.34,13.92,15.34,15.34,1010,38,2.74,234,100,0.0,Clouds,overcast clouds,10
Jászberény,47.494444,19.893333,2026-03-25 10:11:35.786528,15.47,14.04,15.47,15.47,1010,37,2.93,242,94,0.0,Clouds,overcast clouds,10
Meggyespele,47.441944,19.938889,2026-03-25 10:11:37.026519,15.54,14.12,15.54,15.54,1010,37,3.1,247,90,0.0,Clouds,overcast clouds,10
Portelek,47.418056,19.958889,2026-03-25 10:11:38.266210,15.56,14.11,15.56,15.56,1010,36,3.16,247,90,0.0,Clouds,overcast clouds,10
Jászboldogháza-Jánoshida,47.366944,20.001389,2026-03-25 10:11:39.505428,15.58,14.13,15.58,15.58,1010,36,3.29,246,91,0.0,Clouds,overcast clouds,10
Jászárokszállás,47.635556,19.971111,2026-03-25 10:11:40.743148,15.38,13.97,15.38,15.38,1010,38,2.77,238,95,0.0,Clouds,overcast clouds,10
Jászdózsa,47.563056,20.028056,2026-03-25 10:11:41.984015,15.45,14.04,15.45,15.45,1010,38,2.91,244,91,0.0,Clouds,overcast clouds,10
Jászapáti,47.513611,20.155,2026-03-25 10:11:43.219622,15.5,14.1,15.5,15.5,1010,38,3.09,248,92,0.0,Clouds,overcast clouds,10
Jászkisér,47.456111,20.203333,2026-03-25 10:11:44.465631,15.58,14.19,15.58,15.58,1010,38,3.16,248,94,0.0,Clouds,overcast clouds,10
Jászladány,47.373333,20.159167,2026-03-25 10:11:45.706855,15.65,14.24,15.65,15.65,1010,37,3.29,247,95,0.0,Clouds,overcast clouds,10
Szászberek,47.320556,20.090833,2026-03-25 10:11:46.953077,15.64,14.23,15.64,15.64,1010,37,3.36,245,96,0.0,Clouds,overcast clouds,10
Gyöngyöshalász,47.743056,19.932222,2026-03-25 10:11:48.197721,15.09,13.67,15.09,15.09,1010,39,2.66,228,100,0.0,Clouds,overcast clouds,10
Gyöngyös,47.783056,19.937222,2026-03-25 10:11:49.438641,14.72,13.27,14.72,14.72,1010,39,2.71,228,100,0.0,Clouds,overcast clouds,10
Erdőtelek,47.683333,20.3025,2026-03-25 10:11:50.685755,15.18,13.77,15.18,15.18,1010,39,3.1,240,95,0.0,Clouds,overcast clouds,10
Heves,47.609444,20.306111,2026-03-25 10:11:51.935508,15.4,14.01,15.4,15.4,1010,39,3.16,245,96,0.0,Clouds,overcast clouds,10
Hevesvezekény,47.562222,20.365833,2026-03-25 10:11:53.176550,15.52,14.15,15.52,15.52,1010,39,3.2,246,98,0.0,Clouds,overcast clouds,10
Tarnaszentmiklós,47.546944,20.390833,2026-03-25 10:11:54.423241,15.58,14.19,15.58,15.58,1010,38,3.2,247,99,0.0,Clouds,overcast clouds,10
Kisköre,47.495556,20.481667,2026-03-25 10:11:55.672123,15.81,14.44,15.81,15.81,1010,38,3.23,247,100,0.0,Clouds,overcast clouds,10
Abádszalók,47.455278,20.553056,2026-03-25 10:11:56.921119,15.9,14.54,15.9,15.9,1010,38,3.24,246,100,0.0,Clouds,overcast clouds,10
Kunhegyes,47.376667,20.641111,2026-03-25 10:11:58.169406,15.73,14.35,15.73,15.73,1010,38,3.32,242,100,0.0,Clouds,overcast clouds,10
Kenderes,47.254444,20.686111,2026-03-25 10:11:59.419411,15.6,14.18,15.6,15.6,1010,37,3.36,237,99,0.0,Clouds,overcast clouds,10
Maklár,47.808056,20.404722,2026-03-25 10:12:00.662711,14.75,13.32,14.75,14.75,1010,40,2.97,230,98,0.0,Clouds,overcast clouds,10
Andornaktálya,47.852203,20.402295,2026-03-25 10:12:01.911530,14.46,13.01,14.46,14.46,1009,40,2.88,223,98,0.0,Clouds,overcast clouds,10
Eger,47.891667,20.381667,2026-03-25 10:12:03.169224,14.37,12.91,14.37,14.37,1009,40,2.82,219,97,0.0,Clouds,overcast clouds,10
Egervár,47.908056,20.380556,2026-03-25 10:12:04.408887,14.44,13.01,14.44,14.44,1009,41,2.79,216,98,0.0,Clouds,overcast clouds,10
Eger-Felnémet,47.936667,20.370556,2026-03-25 10:12:05.649412,14.33,12.89,14.33,14.33,1009,41,2.76,214,98,0.0,Clouds,overcast clouds,10
Szarvaskő,47.988611,20.3325,2026-03-25 10:12:06.897567,13.78,12.28,13.78,13.78,1009,41,2.7,212,99,0.0,Clouds,overcast clouds,10
Mónosbél,48.031944,20.33,2026-03-25 10:12:08.138285,13.81,12.32,13.81,13.81,1009,41,2.63,215,100,0.0,Clouds,overcast clouds,10
Bélapátfalva,48.055556,20.340556,2026-03-25 10:12:09.382148,13.52,12.0,13.52,13.52,1009,41,2.6,217,100,0.0,Clouds,overcast clouds,10
Bélapátfalvi Cementgyár,48.058056,20.355,2026-03-25 10:12:10.623963,13.52,12.0,13.52,13.52,1009,41,2.6,217,100,0.0,Clouds,overcast clouds,10
Szilvásvárad,48.11345,20.37919,2026-03-25 10:12:11.873252,12.95,11.37,12.95,12.95,1009,41,2.57,225,100,0.0,Clouds,overcast clouds,10
Hejőkeresztúr,47.960278,20.869444,2026-03-25 10:12:13.118250,14.11,12.7,14.11,14.11,1009,43,3.53,207,100,0.0,Clouds,overcast clouds,10
Tiszaújváros,47.926111,21.030556,2026-03-25 10:12:14.366137,14.27,12.85,14.27,14.27,1009,42,3.55,209,96,0.0,Clouds,overcast clouds,10
Miskolc-Gömöri,48.106667,20.800278,2026-03-25 10:12:15.605649,13.65,12.25,13.65,13.65,1009,45,3.17,195,100,0.0,Clouds,overcast clouds,10
Sajókeresztúr,48.168008,20.774014,2026-03-25 10:12:16.847996,13.66,12.23,13.66,13.66,1009,44,2.75,195,100,0.0,Clouds,overcast clouds,10
Sajóecseg,48.186111,20.766667,2026-03-25 10:12:18.092911,13.77,12.35,13.77,13.77,1009,44,2.63,195,100,0.0,Clouds,overcast clouds,10
Sajószentpéter,48.222222,20.708056,2026-03-25 10:12:19.329299,13.81,12.37,13.81,13.81,1009,43,2.34,201,100,0.0,Clouds,overcast clouds,10
Kazincbarcika,48.264444,20.6275,2026-03-25 10:12:20.570796,13.94,12.51,13.94,13.94,1009,43,2.15,233,99,0.0,Clouds,overcast clouds,10
Sajókaza,48.272778,20.581944,2026-03-25 10:12:21.808675,13.97,12.55,13.97,13.97,1009,43,2.27,238,99,0.0,Clouds,overcast clouds,10
Vadna,48.276389,20.555278,2026-03-25 10:12:23.048013,13.97,12.55,13.97,13.97,1009,43,2.27,238,99,0.0,Clouds,overcast clouds,10
Dubicsány,48.280833,20.504722,2026-03-25 10:12:24.293880,14.05,12.61,14.05,14.05,1009,42,2.63,244,99,0.0,Clouds,overcast clouds,10
Raposka,46.851389,17.412778,2026-03-25 10:12:25.545442,15.45,14.15,15.45,15.45,1010,42,5.6,197,100,0.0,Clouds,overcast clouds,10
Ivacs,47.641944,19.273889,2026-03-25 10:12:26.790924,14.69,13.26,14.69,14.69,1009,40,3.43,207,100,0.0,Clouds,overcast clouds,10
Kisköre-Tiszahíd,47.480835,20.507698,2026-03-25 10:12:28.030740,15.85,14.48,15.85,15.85,1010,38,3.23,246,100,0.0,Clouds,overcast clouds,10
Rozsály,47.912778,22.7825,2026-03-25 10:12:29.277913,13.96,12.35,13.96,13.96,1011,36,2.71,203,12,0.0,Clouds,few clouds,10
Pusztakettős,47.453611,20.749722,2026-03-25 10:12:30.512489,15.56,14.16,15.56,15.56,1010,38,3.41,240,99,0.0,Clouds,overcast clouds,10
Kisvác,47.795278,19.113611,2026-03-25 10:12:31.752623,14.97,13.57,14.97,14.97,1009,40,3.49,203,100,0.0,Clouds,overcast clouds,10
Tiszafüred-Gyártelep,47.6075,20.736111,2026-03-25 10:12:32.996887,15.33,13.96,15.33,15.33,1010,40,3.25,242,100,0.0,Clouds,overcast clouds,10
Újkenéz,48.251111,22.221667,2026-03-25 10:12:34.246875,13.95,12.52,13.95,13.95,1010,43,3.23,189,26,0.0,Clouds,scattered clouds,10
Püspökladány-Vásártér,47.319167,21.096111,2026-03-25 10:12:35.495274,15.2,13.77,15.2,15.2,1010,38,3.85,225,87,0.0,Clouds,overcast clouds,10
Végegyháza alsó,46.3675,20.866944,2026-03-25 10:12:36.745485,15.31,14.02,15.31,15.31,1012,43,3.34,227,86,0.0,Clouds,overcast clouds,10
Orosháza felső,46.553611,20.655278,2026-03-25 10:12:37.980393,15.44,14.01,15.44,15.44,1010,37,3.27,233,72,0.0,Clouds,broken clouds,10
Ambrózfalva,46.353056,20.740556,2026-03-25 10:12:39.234225,15.38,14.04,15.38,15.38,1011,41,3.24,228,76,0.0,Clouds,broken clouds,10
Alsónyék,46.199444,18.738056,2026-03-25 10:12:40.473675,15.76,14.41,15.76,15.76,1011,39,3.09,207,78,0.0,Clouds,broken clouds,10
Tompapuszta,46.321389,20.966389,2026-03-25 10:12:41.721230,15.26,14.02,15.26,15.26,1012,45,3.48,226,87,0.0,Clouds,overcast clouds,10
Halászlak,46.911879,20.56228,2026-03-25 10:12:42.958226,15.53,14.1,15.53,15.53,1010,37,3.25,238,93,0.0,Clouds,overcast clouds,10
Sirató,46.840556,20.61,2026-03-25 10:12:44.205469,15.51,14.06,15.51,15.51,1010,36,3.24,236,88,0.0,Clouds,overcast clouds,10
Csabacsűd felső,46.829167,20.649167,2026-03-25 10:12:45.454826,15.47,14.01,15.47,15.47,1010,36,3.27,236,87,0.0,Clouds,overcast clouds,10
Orosháza-Üveggyár,46.579979,20.683644,2026-03-25 10:12:46.701914,15.4,13.96,15.4,15.4,1011,37,3.29,233,73,0.0,Clouds,broken clouds,10
Gyulai városerdő,46.69482,21.32281,2026-03-25 10:12:47.939438,15.15,13.69,15.15,15.15,1011,37,3.67,218,54,0.0,Clouds,broken clouds,10
Kórógyszentgyörgy,46.564377,20.224998,2026-03-25 10:12:49.177716,15.62,14.18,15.62,15.62,1010,36,2.94,230,89,0.0,Clouds,overcast clouds,10
Kunszállás,46.784444,19.767222,2026-03-25 10:12:50.424188,15.58,14.13,15.58,15.58,1010,36,3.49,232,72,0.0,Clouds,broken clouds,10
Selymes,46.655321,19.8534,2026-03-25 10:12:51.665264,15.64,14.2,15.64,15.64,1010,36,3.32,227,76,0.0,Clouds,broken clouds,10
Petőfiszállási tanyák,46.587805,19.874509,2026-03-25 10:12:52.906285,15.66,14.22,15.66,15.66,1010,36,3.24,224,80,0.0,Clouds,broken clouds,10
Kisteleki szőlők,46.514199,19.92868,2026-03-25 10:12:54.146147,15.6,14.18,15.6,15.6,1010,37,3.13,220,84,0.0,Clouds,broken clouds,10
Kapitányság,46.435336,19.987564,2026-03-25 10:12:55.393164,15.63,14.24,15.63,15.63,1010,38,3.08,219,86,0.0,Clouds,overcast clouds,10
Őszeszék,46.39025,20.016017,2026-03-25 10:12:56.635471,15.62,14.26,15.62,15.62,1011,39,3.1,219,85,0.0,Clouds,overcast clouds,10
Vilmaszállás,46.366389,20.030833,2026-03-25 10:12:57.875733,15.62,14.26,15.62,15.62,1011,39,3.12,219,85,0.0,Clouds,overcast clouds,10
Jánosszállás,46.334359,20.051199,2026-03-25 10:12:59.120435,15.62,14.26,15.62,15.62,1011,39,3.14,219,85,0.0,Clouds,overcast clouds,10
Felsőpakony,47.343056,19.230556,2026-03-25 10:13:00.376110,15.56,14.19,15.56,15.56,1009,39,3.76,219,100,0.0,Clouds,overcast clouds,10
Felsőméntelek,46.987074,19.557745,2026-03-25 10:13:01.614890,15.44,14.01,15.44,15.44,1010,37,3.66,227,80,0.0,Clouds,broken clouds,10
Alsóméntelek,46.961558,19.579121,2026-03-25 10:13:02.855053,15.45,14.02,15.45,15.45,1010,37,3.65,227,79,0.0,Clouds,broken clouds,10
Nagynyír,46.943319,19.585447,2026-03-25 10:13:04.111163,15.45,14.02,15.45,15.45,1010,37,3.64,227,77,0.0,Clouds,broken clouds,10
Úrihegy,46.917778,19.621389,2026-03-25 10:13:05.353993,15.51,14.08,15.51,15.51,1010,37,3.62,228,76,0.0,Clouds,broken clouds,10
Miklóstelep,46.913412,19.630913,2026-03-25 10:13:06.613108,15.52,14.09,15.52,15.52,1009,37,3.6,229,77,0.0,Clouds,broken clouds,10
Tiszajenő alsó,47.016944,20.134444,2026-03-25 10:13:07.851290,15.67,14.28,15.67,15.67,1010,38,3.43,241,95,0.0,Clouds,overcast clouds,10
Óbög,46.987222,20.111111,2026-03-25 10:13:09.086491,15.67,14.26,15.67,15.67,1010,37,3.45,240,94,0.0,Clouds,overcast clouds,10
Árpádszállás,46.866456,19.989163,2026-03-25 10:13:10.327301,15.61,14.17,15.61,15.61,1010,36,3.45,237,87,0.0,Clouds,overcast clouds,10
Tőserdő,46.851111,19.980278,2026-03-25 10:13:11.582265,15.64,14.17,15.64,15.64,1010,35,3.43,237,87,0.0,Clouds,overcast clouds,10
Tiszaalpár felső,46.836256,19.976753,2026-03-25 10:13:12.824828,15.64,14.17,15.64,15.64,1010,35,3.43,237,87,0.0,Clouds,overcast clouds,10
Borsihalom,46.773056,19.92,2026-03-25 10:13:14.066800,15.65,14.18,15.65,15.65,1010,35,3.4,235,81,0.0,Clouds,broken clouds,10
Petőfiváros,46.725556,19.848611,2026-03-25 10:13:15.306289,15.64,14.2,15.64,15.64,1010,36,3.39,231,75,0.0,Clouds,broken clouds,10
Csorna,47.601944,17.248889,2026-03-25 10:13:16.545745,15.5,14.25,15.5,15.5,1008,44,6.79,201,100,0.0,Clouds,overcast clouds,10
Szorgalmatos,47.986667,21.366389,2026-03-25 10:13:17.783634,14.27,12.85,14.27,14.27,1009,42,4.01,200,84,0.0,Clouds,broken clouds,10
Fótfürdő,47.6225,19.200556,2026-03-25 10:13:19.022588,15.04,13.64,15.04,15.04,1008,40,3.35,207,100,0.0,Clouds,overcast clouds,10
Fenyveshegy,47.818333,19.068056,2026-03-25 10:13:20.267455,15.17,13.79,15.17,15.17,1008,40,3.43,203,100,0.0,Clouds,overcast clouds,10
Hűvösvölgy,47.541202,18.96351,2026-03-25 10:13:21.512083,14.02,12.55,14.02,14.02,1008,41,3.89,207,100,0.0,Clouds,overcast clouds,10
Hárshegy,47.535318,18.961433,2026-03-25 10:13:22.743982,14.02,12.55,14.02,14.02,1008,41,3.89,207,100,0.0,Clouds,overcast clouds,10
Szépjuhászné,47.528277,18.955246,2026-03-25 10:13:23.979620,13.75,12.25,13.75,13.75,1008,41,3.95,208,100,0.0,Clouds,overcast clouds,10
Jánoshegy,47.51433,18.95047,2026-03-25 10:13:25.220180,13.75,12.25,13.75,13.75,1008,41,3.95,208,100,0.0,Clouds,overcast clouds,10
Virágvölgy,47.505965,18.95876,2026-03-25 10:13:26.463358,13.98,12.5,13.98,13.98,1008,41,4.02,209,100,0.0,Clouds,overcast clouds,10
Csillebérc,47.498196,18.961694,2026-03-25 10:13:27.707937,13.98,12.5,13.98,13.98,1008,41,4.02,209,100,0.0,Clouds,overcast clouds,10
Normafa,47.5,18.970558,2026-03-25 10:13:28.954861,13.98,12.5,13.98,13.98,1008,41,4.02,209,100,0.0,Clouds,overcast clouds,10
Széchenyihegy,47.49413,18.977049,2026-03-25 10:13:30.194866,13.15,11.59,13.15,13.15,1008,41,3.84,210,100,0.0,Clouds,overcast clouds,10
Balatonfőkajár felső,47.031389,18.215278,2026-03-25 10:13:31.452402,15.38,14.07,15.38,15.38,1010,42,5.11,208,100,0.0,Clouds,overcast clouds,10
Piroska,47.148333,20.129722,2026-03-25 10:13:32.692702,15.66,14.3,15.66,15.66,1010,39,3.46,242,97,0.0,Clouds,overcast clouds,10
Somodor,46.4725,17.836667,2026-03-25 10:13:33.939087,15.25,13.9,15.25,15.25,1010,41,5.06,202,100,0.0,Clouds,overcast clouds,10
Középmező,45.995833,18.668889,2026-03-25 10:13:35.200090,15.68,14.35,15.68,15.68,1011,40,3.02,217,71,0.0,Clouds,broken clouds,10
Jobbágyi,47.828889,19.6875,2026-03-25 10:13:36.435351,14.96,13.56,14.96,14.96,1009,40,2.46,215,99,0.0,Clouds,overcast clouds,10
Ferihegy,47.437222,19.223889,2026-03-25 10:13:37.681013,15.37,14.01,15.37,15.37,1009,40,3.37,216,100,0.0,Clouds,overcast clouds,10
Máriapócs,47.852778,22.019167,2026-03-25 10:13:38.922546,13.97,12.47,13.97,13.97,1010,40,3.97,198,28,0.0,Clouds,scattered clouds,10
Máriaudvar,47.751944,19.165,2026-03-25 10:13:40.156831,15.25,13.87,15.25,15.25,1009,40,3.53,204,100,0.0,Clouds,overcast clouds,10
Nagyberki,46.353333,18.004167,2026-03-25 10:13:41.400968,15.32,13.98,15.32,15.32,1010,41,4.49,205,100,0.0,Clouds,overcast clouds,10
Badacsonytomaj,46.804722,17.518056,2026-03-25 10:13:42.649537,15.39,14.08,15.39,15.39,1010,42,5.39,200,100,0.0,Clouds,overcast clouds,10
Badacsony,46.788611,17.506389,2026-03-25 10:13:43.892941,15.45,14.15,15.45,15.45,1010,42,5.44,201,100,0.0,Clouds,overcast clouds,10
Badacsonylábdihegy,46.793889,17.470833,2026-03-25 10:13:45.127707,15.45,14.15,15.45,15.45,1010,42,5.44,201,100,0.0,Clouds,overcast clouds,10
Badacsonytördemic-Szigliget,46.809722,17.469167,2026-03-25 10:13:46.366115,15.43,14.13,15.43,15.43,1010,42,5.42,200,100,0.0,Clouds,overcast clouds,10
Nemesgulács-Kisapáti,46.836944,17.476389,2026-03-25 10:13:47.612759,15.45,14.15,15.45,15.45,1010,42,5.42,198,100,0.0,Clouds,overcast clouds,10
Tapolca,46.877778,17.428611,2026-03-25 10:13:48.852268,15.4,14.09,15.4,15.4,1010,42,5.64,196,100,0.0,Clouds,overcast clouds,10
Uzsabánya alsó,46.898333,17.345278,2026-03-25 10:13:50.092397,14.33,12.92,14.33,14.33,1010,42,5.81,195,100,0.0,Clouds,overcast clouds,10
Uzsa,46.920278,17.331667,2026-03-25 10:13:51.334650,15.11,13.77,15.11,15.11,1010,42,5.85,194,100,0.0,Clouds,overcast clouds,10
Sümegi Bazaltbánya,46.9525,17.2925,2026-03-25 10:13:52.569713,15.13,13.8,15.13,15.13,1010,42,5.95,195,100,0.0,Clouds,overcast clouds,10
Sümeg,46.981111,17.270833,2026-03-25 10:13:53.811532,15.31,13.99,15.31,15.31,1010,42,6.01,196,100,0.0,Clouds,overcast clouds,10
Gógánfa,47.021111,17.207778,2026-03-25 10:13:55.065741,15.3,13.98,15.3,15.3,1010,42,6.0,197,100,0.0,Clouds,overcast clouds,10
Ukk,47.041944,17.195833,2026-03-25 10:13:56.307766,15.35,14.04,15.35,15.35,1009,42,5.94,198,100,0.0,Clouds,overcast clouds,10
Nemeskeresztúr,47.093611,17.183611,2026-03-25 10:13:57.558141,15.28,13.96,15.28,15.28,1009,42,5.94,198,100,0.0,Clouds,overcast clouds,10
Jánosháza,47.115833,17.171667,2026-03-25 10:13:58.813800,15.34,14.03,15.34,15.34,1009,42,5.94,198,100,0.0,Clouds,overcast clouds,10
Keszthely,46.758333,17.248056,2026-03-25 10:14:00.050518,15.38,14.1,15.38,15.38,1009,43,5.88,200,100,0.0,Clouds,overcast clouds,10
Alsógyenes,46.765844,17.276435,2026-03-25 10:14:01.307503,15.42,14.14,15.42,15.42,1009,43,5.76,200,100,0.0,Clouds,overcast clouds,10
Gyenesdiás,46.763333,17.292778,2026-03-25 10:14:02.552452,15.42,14.14,15.42,15.42,1009,43,5.76,200,100,0.0,Clouds,overcast clouds,10
Vonyarcvashegy,46.755278,17.318333,2026-03-25 10:14:03.792367,14.87,13.54,14.87,14.87,1010,43,5.7,200,100,0.0,Clouds,overcast clouds,10
Balatongyörök,46.751944,17.354444,2026-03-25 10:14:05.049117,15.45,14.17,15.45,15.45,1010,43,5.63,201,100,0.0,Clouds,overcast clouds,10
Becehegy,46.776111,17.372778,2026-03-25 10:14:06.292153,14.3,12.91,14.3,14.3,1010,43,5.63,200,100,0.0,Clouds,overcast clouds,10
Balatonederics,46.8025,17.385,2026-03-25 10:14:07.549858,14.24,12.84,14.24,14.24,1010,43,5.64,199,100,0.0,Clouds,overcast clouds,10
Dabronc,47.025766,17.167006,2026-03-25 10:14:08.789190,15.34,14.03,15.34,15.34,1009,42,5.94,198,100,0.0,Clouds,overcast clouds,10
Türje,46.994444,17.093611,2026-03-25 10:14:10.023707,15.33,14.04,15.33,15.33,1009,43,5.8,200,100,0.0,Clouds,overcast clouds,10
Zalabér-Batyk,46.983056,17.040833,2026-03-25 10:14:11.264262,15.44,14.16,15.44,15.44,1009,43,5.59,203,100,0.0,Clouds,overcast clouds,10
Pakod,46.959167,16.996667,2026-03-25 10:14:12.504175,15.34,14.05,15.34,15.34,1009,43,5.53,205,100,0.0,Clouds,overcast clouds,10
Pókaszepetk,46.924444,16.972222,2026-03-25 10:14:13.743840,15.44,14.19,15.44,15.44,1009,44,5.55,205,100,0.0,Clouds,overcast clouds,10
Kemendollár,46.905833,16.946667,2026-03-25 10:14:14.979404,15.15,13.87,15.15,15.15,1009,44,5.48,206,100,0.0,Clouds,overcast clouds,10
Zalaegerszeg,46.833056,16.848333,2026-03-25 10:14:16.217413,15.21,13.94,15.21,15.21,1009,44,5.06,213,100,0.0,Clouds,overcast clouds,10
Bocfölde,46.780278,16.853611,2026-03-25 10:14:17.468235,15.27,14.0,15.27,15.27,1009,44,5.12,211,100,0.0,Clouds,overcast clouds,10
Sárhida,46.755833,16.851389,2026-03-25 10:14:18.712849,14.47,13.12,14.47,14.47,1009,44,4.93,213,100,0.0,Clouds,overcast clouds,10
Bak,46.7325,16.849167,2026-03-25 10:14:19.960352,14.88,13.57,14.88,14.88,1009,44,4.9,212,100,0.0,Clouds,overcast clouds,10
Tófej,46.670833,16.801944,2026-03-25 10:14:21.207819,14.7,13.37,14.7,14.7,1009,44,4.66,212,100,0.0,Clouds,overcast clouds,10
Gutorfölde,46.646944,16.739722,2026-03-25 10:14:22.450273,14.94,13.64,14.94,14.94,1009,44,4.43,214,100,0.0,Clouds,overcast clouds,10
Csömödér-Páka,46.608056,16.641111,2026-03-25 10:14:23.696821,15.08,13.77,15.08,15.08,1008,43,4.6,214,100,0.0,Clouds,overcast clouds,10
Iklódbördőce,46.603056,16.604722,2026-03-25 10:14:24.933926,14.88,13.55,14.88,14.88,1008,43,4.85,215,100,0.0,Clouds,overcast clouds,10
Lenti,46.621389,16.528611,2026-03-25 10:14:26.175243,15.03,13.74,15.03,15.03,1008,44,4.98,216,100,0.0,Clouds,overcast clouds,10
Rédics,46.618056,16.471111,2026-03-25 10:14:27.416524,15.01,13.72,15.01,15.01,1008,44,5.07,217,100,0.0,Clouds,overcast clouds,10
Zalalövő,46.845556,16.576389,2026-03-25 10:14:28.666952,15.07,13.81,15.07,15.07,1008,45,4.58,214,100,0.0,Clouds,overcast clouds,10
Zalaegerszeg-Ola,46.849167,16.844722,2026-03-25 10:14:29.905283,15.21,13.94,15.21,15.21,1009,44,5.06,213,100,0.0,Clouds,overcast clouds,10
Andráshida,46.863116,16.7792,2026-03-25 10:14:31.143803,15.18,13.9,15.18,15.18,1009,44,5.01,214,100,0.0,Clouds,overcast clouds,10
Bagod,46.875,16.746111,2026-03-25 10:14:32.391162,15.29,14.02,15.29,15.29,1009,44,4.89,215,100,0.0,Clouds,overcast clouds,10
Zalaszentgyörgy,46.872222,16.7125,2026-03-25 10:14:33.634387,15.24,13.99,15.24,15.24,1009,45,4.85,215,100,0.0,Clouds,overcast clouds,10
Zalacséb-Salomvár,46.858056,16.662222,2026-03-25 10:14:34.881949,15.01,13.74,15.01,15.01,1009,45,4.8,215,100,0.0,Clouds,overcast clouds,10
Kópháza,47.631389,16.6375,2026-03-25 10:14:36.127901,15.27,13.95,15.27,15.27,1007,42,5.49,197,100,0.0,Clouds,overcast clouds,10
Nagycenk,47.601111,16.690278,2026-03-25 10:14:37.366591,15.43,14.13,15.43,15.43,1007,42,5.76,198,100,0.0,Clouds,overcast clouds,10
Sopronkövesd,47.548333,16.748056,2026-03-25 10:14:38.606832,15.23,13.93,15.23,15.23,1007,43,6.04,200,100,0.0,Clouds,overcast clouds,10
Lövő,47.509444,16.7775,2026-03-25 10:14:39.859071,15.18,13.88,15.18,15.18,1007,43,6.2,201,100,0.0,Clouds,overcast clouds,10
Újkér,47.457778,16.786667,2026-03-25 10:14:41.110140,15.26,13.96,15.26,15.26,1007,43,6.12,203,100,0.0,Clouds,overcast clouds,10
Bük,47.388611,16.752222,2026-03-25 10:14:42.344335,15.34,14.05,15.34,15.34,1007,43,5.86,206,100,0.0,Clouds,overcast clouds,10
Acsád,47.308333,16.734722,2026-03-25 10:14:43.590879,15.06,13.74,15.06,15.06,1008,43,5.62,209,100,0.0,Clouds,overcast clouds,10
Salköveskút-Vassurány,47.291389,16.704167,2026-03-25 10:14:44.831867,15.1,13.79,15.1,15.1,1008,43,5.58,209,100,0.0,Clouds,overcast clouds,10
Zalaszentiván,46.8875,16.909444,2026-03-25 10:14:46.069832,15.31,14.05,15.31,15.31,1009,44,5.32,210,100,0.0,Clouds,overcast clouds,10
Alsónemesapáti,46.854167,16.936389,2026-03-25 10:14:47.318523,15.38,14.12,15.38,15.38,1009,44,5.51,207,100,0.0,Clouds,overcast clouds,10
Józsa,47.600833,21.584444,2026-03-25 10:14:48.573166,14.52,13.07,14.52,14.52,1011,40,4.33,207,62,0.0,Clouds,broken clouds,10
Hajdúszentgyörgy,47.608056,21.578333,2026-03-25 10:14:49.818391,14.52,13.07,14.52,14.52,1011,40,4.33,207,62,0.0,Clouds,broken clouds,10
Zelemér,47.627778,21.578333,2026-03-25 10:14:51.068070,14.46,13.01,14.46,14.46,1011,40,4.33,206,63,0.0,Clouds,broken clouds,10
Hajdúböszörmény,47.668056,21.524167,2026-03-25 10:14:52.305430,14.49,13.04,14.49,14.49,1010,40,4.28,206,72,0.0,Clouds,broken clouds,10
Hajdúvid,47.749444,21.508056,2026-03-25 10:14:53.546142,14.53,13.11,14.53,14.53,1010,41,4.24,204,76,0.0,Clouds,broken clouds,10
Hajdúdorog,47.805556,21.493056,2026-03-25 10:14:54.793873,14.44,13.01,14.44,14.44,1010,41,4.21,202,77,0.0,Clouds,broken clouds,10
Hajdúnánás,47.831944,21.426667,2026-03-25 10:14:56.035599,14.51,13.09,14.51,14.51,1010,41,4.14,203,81,0.0,Clouds,broken clouds,10
Hajdúnánás-Vásártér,47.843056,21.407222,2026-03-25 10:14:57.269305,14.51,13.09,14.51,14.51,1010,41,4.14,203,81,0.0,Clouds,broken clouds,10
Tedej,47.903611,21.404444,2026-03-25 10:14:58.517071,14.39,12.98,14.39,14.39,1009,42,4.11,201,83,0.0,Clouds,broken clouds,10
Tiszavasvári,47.945278,21.374722,2026-03-25 10:14:59.750977,14.34,12.93,14.34,14.34,1009,42,4.06,201,84,0.0,Clouds,broken clouds,10
Egyházerdő,47.9725,21.365,2026-03-25 10:15:00.998660,14.32,12.9,14.32,14.32,1009,42,4.04,201,84,0.0,Clouds,broken clouds,10
Tiszalök,48.013056,21.369167,2026-03-25 10:15:02.240965,14.23,12.81,14.23,14.23,1009,42,3.99,200,84,0.0,Clouds,broken clouds,10
Hajnalos,47.998889,21.414167,2026-03-25 10:15:03.487933,14.29,12.87,14.29,14.29,1009,42,4.04,200,83,0.0,Clouds,broken clouds,10
Kisfástanya,47.989167,21.47,2026-03-25 10:15:04.733091,14.26,12.84,14.26,14.26,1009,42,4.05,199,82,0.0,Clouds,broken clouds,10
Tiszaeszlár,48.010556,21.491944,2026-03-25 10:15:05.980724,14.25,12.85,14.25,14.25,1009,43,4.03,198,81,0.0,Clouds,broken clouds,10
Bashalom,48.026111,21.514722,2026-03-25 10:15:07.225744,14.25,12.85,14.25,14.25,1009,43,3.98,197,81,0.0,Clouds,broken clouds,10
Sáránd,47.415556,21.625,2026-03-25 10:15:08.460518,14.85,13.41,14.85,14.85,1011,39,4.26,212,50,0.0,Clouds,scattered clouds,10
Derecske,47.365,21.584167,2026-03-25 10:15:09.712799,14.87,13.4,14.87,14.87,1011,38,4.21,213,51,0.0,Clouds,broken clouds,10
Derecske-Vásártér,47.352222,21.58,2026-03-25 10:15:10.957823,14.87,13.4,14.87,14.87,1011,38,4.21,213,51,0.0,Clouds,broken clouds,10
Konyár,47.323611,21.666111,2026-03-25 10:15:12.209607,14.83,13.36,14.83,14.83,1011,38,4.22,212,40,0.0,Clouds,scattered clouds,10
Konyári Sóstófürdő,47.324167,21.744444,2026-03-25 10:15:13.445268,14.78,13.31,14.78,14.78,1011,38,4.3,211,31,0.0,Clouds,scattered clouds,10
Pocsaj-Esztár,47.288333,21.793056,2026-03-25 10:15:14.680647,14.71,13.23,14.71,14.71,1011,38,4.36,211,26,0.0,Clouds,scattered clouds,10
Kismarja,47.243889,21.813889,2026-03-25 10:15:15.924572,14.72,13.21,14.72,14.72,1011,37,4.34,211,27,0.0,Clouds,scattered clouds,10
Nagykereki,47.191667,21.8,2026-03-25 10:15:17.168874,14.69,13.18,14.69,14.69,1011,37,4.33,211,28,0.0,Clouds,scattered clouds,10
Debrecen-Szabadságtelep,47.527778,21.658611,2026-03-25 10:15:18.420986,14.68,13.22,14.68,14.68,1011,39,4.34,208,51,0.0,Clouds,broken clouds,10
Kondoroskert,47.525556,21.713889,2026-03-25 10:15:19.658466,14.62,13.16,14.62,14.62,1011,39,4.39,207,39,0.0,Clouds,scattered clouds,10
Nagycsere,47.523889,21.763056,2026-03-25 10:15:20.902432,14.57,13.1,14.57,14.57,1011,39,4.41,207,36,0.0,Clouds,scattered clouds,10
Haláp,47.521667,21.818333,2026-03-25 10:15:22.148935,14.5,13.02,14.5,14.5,1011,39,4.42,206,33,0.0,Clouds,scattered clouds,10
Vámospércs,47.518056,21.893889,2026-03-25 10:15:23.394669,14.39,12.9,14.39,14.39,1011,39,4.42,206,26,0.0,Clouds,scattered clouds,10
Szentannapuszta,47.52,21.965833,2026-03-25 10:15:24.643619,14.35,12.86,14.35,14.35,1011,39,4.4,206,23,0.0,Clouds,few clouds,10
Nyírábrány,47.523889,22.016944,2026-03-25 10:15:25.889486,14.31,12.81,14.31,14.31,1011,39,4.38,207,22,0.0,Clouds,few clouds,10
Dombostanya,47.602778,21.706389,2026-03-25 10:15:27.125867,14.49,13.04,14.49,14.49,1011,40,4.39,205,49,0.0,Clouds,scattered clouds,10
Hajdúsámson,47.608056,21.755278,2026-03-25 10:15:28.371301,14.43,12.95,14.43,14.43,1011,39,4.41,204,38,0.0,Clouds,scattered clouds,10
Tamásipuszta,47.632778,21.796111,2026-03-25 10:15:29.616018,14.32,12.83,14.32,14.32,1011,39,4.42,203,36,0.0,Clouds,scattered clouds,10
Aradványpuszta,47.662778,21.8425,2026-03-25 10:15:30.871197,14.26,12.79,14.26,14.26,1011,40,4.4,202,34,0.0,Clouds,scattered clouds,10
Nyíradony,47.699444,21.903333,2026-03-25 10:15:32.108785,14.11,12.62,14.11,14.11,1010,40,4.3,200,29,0.0,Clouds,scattered clouds,10
Nyírmihálydi,47.7375,21.958889,2026-03-25 10:15:33.344487,14.05,12.53,14.05,14.05,1010,39,4.23,200,28,0.0,Clouds,scattered clouds,10
Nyírgelse,47.750833,21.987778,2026-03-25 10:15:34.596149,13.96,12.43,13.96,13.96,1010,39,4.17,200,28,0.0,Clouds,scattered clouds,10
Nyírbogát,47.793056,22.066389,2026-03-25 10:15:35.836210,13.96,12.43,13.96,13.96,1010,39,3.99,199,28,0.0,Clouds,scattered clouds,10
Nagykálló,47.871111,21.825833,2026-03-25 10:15:37.084103,14.15,12.69,14.15,14.15,1010,41,4.06,197,39,0.0,Clouds,scattered clouds,10
Kállósemjén,47.854722,21.935,2026-03-25 10:15:38.328574,14.09,12.63,14.09,14.09,1010,41,4.05,198,31,0.0,Clouds,scattered clouds,10
Nyírbátor,47.8425,22.131111,2026-03-25 10:15:39.570633,13.89,12.35,13.89,13.89,1010,39,3.9,199,28,0.0,Clouds,scattered clouds,10
Nyírcsászári,47.865556,22.179167,2026-03-25 10:15:40.821352,13.91,12.37,13.91,13.91,1010,39,3.75,199,27,0.0,Clouds,scattered clouds,10
Hodász,47.896111,22.213611,2026-03-25 10:15:42.063572,13.86,12.32,13.86,13.86,1010,39,3.61,198,26,0.0,Clouds,scattered clouds,10
Nyírmeggyes,47.9225,22.256667,2026-03-25 10:15:43.307560,13.89,12.35,13.89,13.89,1010,39,3.5,197,23,0.0,Clouds,few clouds,10
Mátészalka,47.951389,22.313333,2026-03-25 10:15:44.553243,13.93,12.4,13.93,13.93,1010,39,3.41,196,21,0.0,Clouds,few clouds,10
Kocsord,47.941944,22.375833,2026-03-25 10:15:45.800314,14.04,12.49,14.04,14.04,1011,38,3.27,196,19,0.0,Clouds,few clouds,10
Kocsord alsó,47.946389,22.400556,2026-03-25 10:15:47.054260,14.04,12.49,14.04,14.04,1011,38,3.27,196,19,0.0,Clouds,few clouds,10
Győrtelek,47.936667,22.424722,2026-03-25 10:15:48.297764,14.04,12.49,14.04,14.04,1011,38,3.21,196,17,0.0,Clouds,few clouds,10
Győrtelek alsó,47.921111,22.443333,2026-03-25 10:15:49.537119,14.04,12.47,14.04,14.04,1011,37,3.18,197,16,0.0,Clouds,few clouds,10
Ököritófülpös,47.911389,22.495,2026-03-25 10:15:50.782312,14.03,12.45,14.03,14.03,1011,37,3.13,197,15,0.0,Clouds,few clouds,10
Porcsalma-Tyukod,47.868056,22.568333,2026-03-25 10:15:52.029560,14.04,12.44,14.04,14.04,1011,36,2.98,201,13,0.0,Clouds,few clouds,10
Csenger,47.826111,22.666389,2026-03-25 10:15:53.277141,14.01,12.41,14.01,14.01,1011,36,2.86,205,12,0.0,Clouds,few clouds,10
Kisfái,46.888303,19.807366,2026-03-25 10:15:54.520628,15.57,14.12,15.57,15.57,1010,36,3.54,234,79,0.0,Clouds,broken clouds,10
Nyárlőrinci szőlők,46.8775,19.828333,2026-03-25 10:15:55.767138,15.59,14.14,15.59,15.59,1010,36,3.52,234,79,0.0,Clouds,broken clouds,10
Nyárlőrinc alsó,46.863889,19.878889,2026-03-25 10:15:57.012433,15.56,14.11,15.56,15.56,1010,36,3.51,235,81,0.0,Clouds,broken clouds,10
Tiszaug-Tiszahídfő,46.866106,20.052098,2026-03-25 10:15:58.252355,15.7,14.27,15.7,15.7,1010,36,3.43,238,89,0.0,Clouds,overcast clouds,10
Csongrádi úti tanyák,46.690278,19.921667,2026-03-25 10:15:59.489158,15.67,14.21,15.67,15.67,1010,35,3.25,230,81,0.0,Clouds,broken clouds,10
Kettőshalom,46.689167,20.0225,2026-03-25 10:16:00.722527,15.67,14.18,15.67,15.67,1009,34,3.16,231,86,0.0,Clouds,overcast clouds,10
Csongrád alsó,46.711389,20.126389,2026-03-25 10:16:01.965684,15.68,14.17,15.68,15.68,1009,33,3.14,234,90,0.0,Clouds,overcast clouds,10
Dónát,46.66988,20.368168,2026-03-25 10:16:03.218076,15.58,14.13,15.58,15.58,1010,36,3.07,235,90,0.0,Clouds,overcast clouds,10
Pusztatemplom,46.676667,20.407222,2026-03-25 10:16:04.456541,15.56,14.11,15.56,15.56,1010,36,3.1,235,89,0.0,Clouds,overcast clouds,10
Előhát,47.364722,20.653611,2026-03-25 10:16:05.693731,15.69,14.31,15.69,15.69,1010,38,3.32,241,100,0.0,Clouds,overcast clouds,10
Polgárdi-Tekerespuszta,47.017778,18.297778,2026-03-25 10:16:06.938771,15.4,14.07,15.4,15.4,1010,41,5.01,207,100,0.0,Clouds,overcast clouds,10
Szatina-Kishajmás,46.202778,18.083611,2026-03-25 10:16:08.186542,14.98,13.6,14.98,14.98,1011,41,3.67,207,100,0.0,Clouds,overcast clouds,10
Márok,45.886944,18.499167,2026-03-25 10:16:09.435374,15.37,14.11,15.37,15.37,1011,44,2.81,211,77,0.0,Clouds,broken clouds,10
Nagynyárád,45.953333,18.564722,2026-03-25 10:16:10.682176,15.46,14.13,15.46,15.46,1011,41,2.97,216,77,0.0,Clouds,broken clouds,10
Szászvár,46.2875,18.369722222222222,2026-03-25 10:16:11.925637,15.15,13.74,15.15,15.15,1011,39,3.16,211,95,0.0,Clouds,overcast clouds,10
Cikó,46.263514,18.557605,2026-03-25 10:16:13.165199,15.5,14.12,15.5,15.5,1011,39,2.94,206,83,0.0,Clouds,broken clouds,10
Gyöngyfa-Magyarmecske,45.983889,17.958889,2026-03-25 10:16:14.416881,15.46,14.16,15.46,15.46,1011,42,2.92,196,97,0.0,Clouds,overcast clouds,10
Nagyhát,47.581389,21.445,2026-03-25 10:16:15.652422,14.69,13.26,14.69,14.69,1011,40,4.23,212,74,0.0,Clouds,broken clouds,10
Balmazújváros,47.613889,21.348056,2026-03-25 10:16:16.896908,14.82,13.4,14.82,14.82,1010,40,4.09,214,81,0.0,Clouds,broken clouds,10
Kónya,47.600833,21.2375,2026-03-25 10:16:18.138440,14.89,13.48,14.89,14.89,1010,40,4.0,219,84,0.0,Clouds,broken clouds,10
Hortobágy,47.586111,21.154722,2026-03-25 10:16:19.385167,14.94,13.53,14.94,14.94,1010,40,3.87,223,87,0.0,Clouds,overcast clouds,10
Hortobágyi Halastó,47.604167,21.074167,2026-03-25 10:16:20.629120,14.98,13.58,14.98,14.98,1010,40,3.76,226,90,0.0,Clouds,overcast clouds,10
Ohat-Pusztakócs,47.623333,20.951111,2026-03-25 10:16:21.867225,15.01,13.61,15.01,15.01,1010,40,3.49,230,96,0.0,Clouds,overcast clouds,10
Egyek,47.616944,20.883611,2026-03-25 10:16:23.121016,15.09,13.7,15.09,15.09,1010,40,3.34,236,98,0.0,Clouds,overcast clouds,10
Tiszafüred,47.627778,20.756111,2026-03-25 10:16:24.369298,15.19,13.81,15.19,15.19,1010,40,3.23,240,100,0.0,Clouds,overcast clouds,10
Poroszló,47.657778,20.654444,2026-03-25 10:16:25.614572,15.26,13.89,15.26,15.26,1010,40,3.17,243,100,0.0,Clouds,overcast clouds,10
Kétútköz,47.694167,20.565,2026-03-25 10:16:26.859185,15.1,13.71,15.1,15.1,1010,40,3.12,240,100,0.0,Clouds,overcast clouds,10
Egerfarmos,47.711667,20.5225,2026-03-25 10:16:28.097628,15.11,13.72,15.11,15.11,1010,40,3.13,241,100,0.0,Clouds,overcast clouds,10
Piliscsaba,47.638056,18.829722,2026-03-25 10:16:29.333086,14.11,12.65,14.11,14.11,1008,41,4.18,199,100,0.0,Clouds,overcast clouds,10
Pilisjászfalu,47.656111,18.797778,2026-03-25 10:16:30.572541,14.84,13.45,14.84,14.84,1008,41,4.3,198,100,0.0,Clouds,overcast clouds,10
Leányvár,47.687594,18.772553,2026-03-25 10:16:31.819919,14.83,13.44,14.83,14.83,1008,41,4.22,196,100,0.0,Clouds,overcast clouds,10
Dorog,47.723333,18.732778,2026-03-25 10:16:33.060403,15.14,13.78,15.14,15.14,1008,41,4.04,193,100,0.0,Clouds,overcast clouds,10
Esztergom-Kertváros,47.743333,18.719167,2026-03-25 10:16:34.303140,15.2,13.85,15.2,15.2,1008,41,3.92,192,100,0.0,Clouds,overcast clouds,10
Esztergom,47.7775,18.743611,2026-03-25 10:16:35.540137,14.89,13.51,14.89,14.89,1008,41,3.75,193,100,0.0,Clouds,overcast clouds,10
Dunaalmás,47.733056,18.326389,2026-03-25 10:16:36.790020,15.24,13.89,15.24,15.24,1009,41,5.03,198,100,0.0,Clouds,overcast clouds,10
Neszmély,47.734444,18.345278,2026-03-25 10:16:38.029625,15.24,13.89,15.24,15.24,1009,41,5.03,198,100,0.0,Clouds,overcast clouds,10
Süttő,47.761111,18.455,2026-03-25 10:16:39.278436,15.21,13.86,15.21,15.21,1009,41,4.41,197,100,0.0,Clouds,overcast clouds,10
Piszke,47.75307,18.478017,2026-03-25 10:16:40.515836,15.24,13.89,15.24,15.24,1008,41,4.31,196,100,0.0,Clouds,overcast clouds,10
Lábatlan,47.751944,18.513333,2026-03-25 10:16:41.760818,15.23,13.88,15.23,15.23,1008,41,4.23,196,100,0.0,Clouds,overcast clouds,10
Eternitgyár,47.755544,18.530014,2026-03-25 10:16:42.997442,15.23,13.88,15.23,15.23,1008,41,4.23,196,100,0.0,Clouds,overcast clouds,10
Nyergesújfalu felső,47.762222,18.540556,2026-03-25 10:16:44.240233,15.23,13.88,15.23,15.23,1008,41,4.23,196,100,0.0,Clouds,overcast clouds,10
Nyergesújfalu,47.761111,18.561667,2026-03-25 10:16:45.482375,15.18,13.82,15.18,15.18,1008,41,4.15,195,100,0.0,Clouds,overcast clouds,10
Tokod,47.735,18.675,2026-03-25 10:16:46.722433,15.17,13.81,15.17,15.17,1008,41,4.07,193,100,0.0,Clouds,overcast clouds,10
Környe,47.541667,18.330278,2026-03-25 10:16:47.967693,15.01,13.64,15.01,15.01,1009,41,5.75,197,100,0.0,Clouds,overcast clouds,10
Kecskéd alsó,47.519722,18.316667,2026-03-25 10:16:49.201886,15.02,13.65,15.02,15.02,1009,41,5.9,197,100,0.0,Clouds,overcast clouds,10
Oroszlány,47.486944,18.308611,2026-03-25 10:16:50.436401,14.94,13.56,14.94,14.94,1009,41,5.93,197,100,0.0,Clouds,overcast clouds,10
Győrszabadhegy,47.663056,17.648056,2026-03-25 10:16:51.675096,15.32,14.03,15.32,15.32,1009,43,6.54,207,100,0.0,Clouds,overcast clouds,10
Ménfőcsanak felső,47.638333,17.615,2026-03-25 10:16:52.923581,15.39,14.11,15.39,15.39,1009,43,6.59,207,100,0.0,Clouds,overcast clouds,10
Gyömöre-Tét,47.501672,17.559596,2026-03-25 10:16:54.170307,15.17,13.84,15.17,15.17,1009,42,6.63,205,100,0.0,Clouds,overcast clouds,10
Szerecseny,47.469167,17.5475,2026-03-25 10:16:55.410143,15.18,13.85,15.18,15.18,1009,42,6.61,204,100,0.0,Clouds,overcast clouds,10
Gecse-Gyarmat,47.456111,17.515,2026-03-25 10:16:56.660889,15.08,13.74,15.08,15.08,1009,42,6.67,203,100,0.0,Clouds,overcast clouds,10
Vaszar,47.4025,17.496389,2026-03-25 10:16:57.907451,15.09,13.73,15.09,15.09,1009,41,6.71,200,100,0.0,Clouds,overcast clouds,10
Pápa,47.340556,17.458889,2026-03-25 10:16:59.146821,15.12,13.76,15.12,15.12,1009,41,6.71,198,100,0.0,Clouds,overcast clouds,10
Mezőlak,47.324722,17.371389,2026-03-25 10:17:00.395539,15.26,13.91,15.26,15.26,1009,41,6.57,198,100,0.0,Clouds,overcast clouds,10
Mihályháza,47.318889,17.331667,2026-03-25 10:17:01.639517,15.3,13.98,15.3,15.3,1009,42,6.46,197,100,0.0,Clouds,overcast clouds,10
Vinár,47.306667,17.284722,2026-03-25 10:17:02.876405,15.37,14.06,15.37,15.37,1009,42,6.36,197,100,0.0,Clouds,overcast clouds,10
Külsővat,47.279167,17.219722,2026-03-25 10:17:04.127668,15.41,14.1,15.41,15.41,1009,42,6.13,198,100,0.0,Clouds,overcast clouds,10
Celldömölk,47.261389,17.151944,2026-03-25 10:17:05.364055,15.45,14.15,15.45,15.45,1009,42,6.01,200,100,0.0,Clouds,overcast clouds,10
Kemenesmihályfa,47.278056,17.111111,2026-03-25 10:17:06.609675,15.08,13.74,15.08,15.08,1009,42,6.04,201,100,0.0,Clouds,overcast clouds,10
Nagysimonyi,47.265556,17.058889,2026-03-25 10:17:07.856546,15.17,13.87,15.17,15.17,1009,43,5.95,203,100,0.0,Clouds,overcast clouds,10
Ostffyasszonyfa,47.283889,17.023889,2026-03-25 10:17:09.100711,15.27,13.98,15.27,15.27,1008,43,6.03,204,100,0.0,Clouds,overcast clouds,10
Sárvár,47.259167,16.928889,2026-03-25 10:17:10.346472,15.38,14.1,15.38,15.38,1008,43,5.95,207,100,0.0,Clouds,overcast clouds,10
Porpác,47.238611,16.8325,2026-03-25 10:17:11.590926,15.33,14.04,15.33,15.33,1008,43,5.84,208,100,0.0,Clouds,overcast clouds,10
Balatonföldvár,46.853889,17.881389,2026-03-25 10:17:12.835531,15.54,14.17,15.54,15.54,1009,39,5.17,204,100,0.0,Clouds,overcast clouds,10
Balatonszárszó,46.832222,17.830278,2026-03-25 10:17:14.074710,15.54,14.17,15.54,15.54,1010,39,5.28,204,100,0.0,Clouds,overcast clouds,10
Balatonszemes,46.811944,17.776389,2026-03-25 10:17:15.311990,15.54,14.19,15.54,15.54,1010,40,5.37,203,100,0.0,Clouds,overcast clouds,10
Balatonlelle felső,46.793889,17.7175,2026-03-25 10:17:16.558075,15.5,14.15,15.5,15.5,1010,40,5.41,202,100,0.0,Clouds,overcast clouds,10
Balatonlelle,46.7875,17.694167,2026-03-25 10:17:17.804435,15.53,14.21,15.53,15.53,1010,41,5.39,202,100,0.0,Clouds,overcast clouds,10
Fonyódliget,46.759167,17.592222,2026-03-25 10:17:19.051192,15.52,14.2,15.52,15.52,1010,41,5.41,203,100,0.0,Clouds,overcast clouds,10
Balatonboglár,46.776111,17.647222,2026-03-25 10:17:20.291635,15.52,14.2,15.52,15.52,1010,41,5.39,202,100,0.0,Clouds,overcast clouds,10
Balatonfenyves alsó,46.708611,17.455278,2026-03-25 10:17:21.524405,15.5,14.23,15.5,15.5,1010,43,5.48,203,100,0.0,Clouds,overcast clouds,10
Fonyód,46.750278,17.558889,2026-03-25 10:17:22.767254,15.52,14.22,15.52,15.52,1010,42,5.41,202,100,0.0,Clouds,overcast clouds,10
Bélatelep,46.737778,17.535,2026-03-25 10:17:24.012185,15.51,14.21,15.51,15.51,1010,42,5.43,203,100,0.0,Clouds,overcast clouds,10
Alsóbélatelep,46.724167,17.516389,2026-03-25 10:17:25.256251,15.51,14.21,15.51,15.51,1010,42,5.43,203,100,0.0,Clouds,overcast clouds,10
Balatonfenyves,46.713611,17.482778,2026-03-25 10:17:26.491765,15.47,14.17,15.47,15.47,1010,42,5.45,203,100,0.0,Clouds,overcast clouds,10
Máriahullámtelep,46.704722,17.435,2026-03-25 10:17:27.733454,15.5,14.23,15.5,15.5,1010,43,5.48,203,100,0.0,Clouds,overcast clouds,10
Balatonmáriafürdő,46.704167,17.374722,2026-03-25 10:17:28.972018,15.49,14.22,15.49,15.49,1010,43,5.65,202,100,0.0,Clouds,overcast clouds,10
Balatonberény,46.713889,17.316944,2026-03-25 10:17:30.230322,15.39,14.11,15.39,15.39,1009,43,5.72,202,100,0.0,Clouds,overcast clouds,10
Balatonszentgyörgy,46.692778,17.288889,2026-03-25 10:17:31.471779,15.45,14.2,15.45,15.45,1009,44,5.83,202,100,0.0,Clouds,overcast clouds,10
Vörs,46.663611,17.260278,2026-03-25 10:17:32.717834,15.45,14.2,15.45,15.45,1009,44,6.03,202,100,0.0,Clouds,overcast clouds,10
Zalaszentjakab,46.491667,17.135278,2026-03-25 10:17:33.960891,15.26,13.99,15.26,15.26,1009,44,6.38,205,100,0.0,Clouds,overcast clouds,10
Nagykanizsa,46.440833,16.986667,2026-03-25 10:17:35.207685,15.26,13.99,15.26,15.26,1009,44,6.16,206,100,0.0,Clouds,overcast clouds,10
Murakeresztúr,46.363889,16.876944,2026-03-25 10:17:36.456333,15.27,13.98,15.27,15.27,1009,43,5.99,206,100,0.0,Clouds,overcast clouds,10
Zalakomár,46.530278,17.188056,2026-03-25 10:17:37.705633,15.38,14.12,15.38,15.38,1009,44,6.33,204,100,0.0,Clouds,overcast clouds,10
Szárazrét,47.200833,18.381111,2026-03-25 10:17:38.953657,15.47,14.14,15.47,15.47,1009,41,5.32,205,100,0.0,Clouds,overcast clouds,10
Bodajk,47.318333,18.251944,2026-03-25 10:17:40.195872,15.23,13.88,15.23,15.23,1009,41,5.86,199,100,0.0,Clouds,overcast clouds,10
Csókakő,47.3275,18.240556,2026-03-25 10:17:41.445443,14.92,13.54,14.92,14.92,1009,41,5.92,199,100,0.0,Clouds,overcast clouds,10
Mór,47.369167,18.189167,2026-03-25 10:17:42.697269,14.98,13.6,14.98,14.98,1009,41,6.15,196,100,0.0,Clouds,overcast clouds,10
Bakonysárkány,47.443611,18.103611,2026-03-25 10:17:43.939064,14.6,13.19,14.6,14.6,1009,41,6.06,195,100,0.0,Clouds,overcast clouds,10
Kisbér,47.494167,18.024722,2026-03-25 10:17:45.183525,14.9,13.52,14.9,14.9,1009,41,5.75,198,100,0.0,Clouds,overcast clouds,10
Nagyigmánd-Bábolna,47.630556,18.050833,2026-03-25 10:17:46.424904,15.2,13.85,15.2,15.2,1009,41,5.51,203,100,0.0,Clouds,overcast clouds,10
Budapest-Déli,47.498889,19.025,2026-03-25 10:17:47.674742,15.13,13.74,15.13,15.13,1009,40,3.68,210,100,0.0,Clouds,overcast clouds,10
Budapest-Kelenföld,47.464444,19.02,2026-03-25 10:17:48.913395,15.38,14.02,15.38,15.38,1008,40,3.75,211,100,0.0,Clouds,overcast clouds,10
Budaörs,47.4475,18.965,2026-03-25 10:17:50.158153,15.24,13.89,15.24,15.24,1008,41,4.16,211,100,0.0,Clouds,overcast clouds,10
Biatorbágy,47.480278,18.834444,2026-03-25 10:17:51.398986,15.04,13.67,15.04,15.04,1008,41,4.94,207,100,0.0,Clouds,overcast clouds,10
Herceghalom,47.493611,18.746111,2026-03-25 10:17:52.648562,15.14,13.78,15.14,15.14,1008,41,5.2,205,100,0.0,Clouds,overcast clouds,10
Bicske,47.484167,18.6175,2026-03-25 10:17:53.895290,14.76,13.36,14.76,14.76,1008,41,5.33,203,100,0.0,Clouds,overcast clouds,10
Szár,47.485,18.5275,2026-03-25 10:17:55.138199,14.41,12.98,14.41,14.41,1009,41,5.29,201,100,0.0,Clouds,overcast clouds,10
Szárliget,47.518333,18.495833,2026-03-25 10:17:56.375864,14.63,13.22,14.63,14.63,1009,41,5.26,200,100,0.0,Clouds,overcast clouds,10
Alsógalla,47.563337,18.425102,2026-03-25 10:17:57.618635,15.03,13.66,15.03,15.03,1009,41,5.43,198,100,0.0,Clouds,overcast clouds,10
Tatabánya,47.585556,18.393056,2026-03-25 10:17:58.858480,15.09,13.73,15.09,15.09,1009,41,5.48,198,100,0.0,Clouds,overcast clouds,10
Vértesszőlős,47.619444,18.375278,2026-03-25 10:18:00.100273,15.12,13.76,15.12,15.12,1009,41,5.38,198,100,0.0,Clouds,overcast clouds,10
Tóvároskert,47.646111,18.348611,2026-03-25 10:18:01.343690,15.13,13.77,15.13,15.13,1009,41,5.39,198,100,0.0,Clouds,overcast clouds,10
Tata,47.665,18.3275,2026-03-25 10:18:02.592631,15.12,13.76,15.12,15.12,1009,41,5.27,198,100,0.0,Clouds,overcast clouds,10
Almásfüzitő,47.725278,18.262222,2026-03-25 10:18:03.832002,15.23,13.88,15.23,15.23,1009,41,5.2,200,100,0.0,Clouds,overcast clouds,10
Almásfüzitő felső,47.731389,18.216389,2026-03-25 10:18:05.076484,15.24,13.89,15.24,15.24,1009,41,5.28,202,100,0.0,Clouds,overcast clouds,10
Szőny,47.735556,18.1775,2026-03-25 10:18:06.321443,15.26,13.91,15.26,15.26,1009,41,5.3,203,100,0.0,Clouds,overcast clouds,10
Komárom,47.749444,18.113611,2026-03-25 10:18:07.565465,15.27,13.95,15.27,15.27,1009,42,5.24,206,100,0.0,Clouds,overcast clouds,10
Ács,47.717222,18.004444,2026-03-25 10:18:08.806507,15.22,13.89,15.22,15.22,1009,42,5.44,209,100,0.0,Clouds,overcast clouds,10
Nagyszentjános,47.705556,17.871389,2026-03-25 10:18:10.048922,15.25,13.93,15.25,15.25,1009,42,5.88,210,100,0.0,Clouds,overcast clouds,10
Győrszentiván,47.688611,17.745556,2026-03-25 10:18:11.284145,15.24,13.94,15.24,15.24,1009,43,6.25,210,100,0.0,Clouds,overcast clouds,10
Győr-Gyárváros,47.684444,17.663889,2026-03-25 10:18:12.528726,15.34,14.05,15.34,15.34,1009,43,6.48,208,100,0.0,Clouds,overcast clouds,10
Győr,47.681944,17.634722,2026-03-25 10:18:13.764154,15.32,14.03,15.32,15.32,1009,43,6.54,207,100,0.0,Clouds,overcast clouds,10
Öttevény,47.719722,17.489167,2026-03-25 10:18:15.012582,15.42,14.19,15.42,15.42,1008,45,6.71,203,100,0.0,Clouds,overcast clouds,10
Lébény-Mosonszentmiklós,47.755278,17.426389,2026-03-25 10:18:16.266868,15.45,14.25,15.45,15.45,1008,46,6.82,201,100,0.0,Clouds,overcast clouds,10
Kimle-Károlyháza,47.803889,17.342778,2026-03-25 10:18:17.514696,15.47,14.27,15.47,15.47,1008,46,6.85,201,100,0.0,Clouds,overcast clouds,10
Mosonmagyaróvár,47.849722,17.267222,2026-03-25 10:18:18.767661,15.46,14.29,15.46,15.46,1008,47,6.79,200,100,0.0,Clouds,overcast clouds,10
Levél,47.889722,17.1925,2026-03-25 10:18:20.015103,15.47,14.3,15.47,15.47,1007,47,6.69,198,100,0.0,Clouds,overcast clouds,10
Hegyeshalom,47.913889,17.145556,2026-03-25 10:18:21.248795,15.46,14.29,15.46,15.46,1007,47,6.58,198,100,0.0,Clouds,overcast clouds,10
Óbuda,47.568611,19.033889,2026-03-25 10:18:22.492651,14.92,13.51,14.92,14.92,1008,40,3.55,207,100,0.0,Clouds,overcast clouds,10
Üröm,47.580556,19.002222,2026-03-25 10:18:23.731870,14.59,13.15,14.59,14.59,1008,40,3.67,207,100,0.0,Clouds,overcast clouds,10
Solymár,47.596111,18.95,2026-03-25 10:18:24.978425,14.83,13.44,14.83,14.83,1008,41,3.77,205,100,0.0,Clouds,overcast clouds,10
Pilisvörösvár,47.614444,18.902222,2026-03-25 10:18:26.220724,14.78,13.38,14.78,14.78,1008,41,3.85,203,100,0.0,Clouds,overcast clouds,10
Klotildliget,47.637778,18.846389,2026-03-25 10:18:27.464764,14.11,12.65,14.11,14.11,1008,41,4.18,199,100,0.0,Clouds,overcast clouds,10
Kútvölgy,46.459444,20.451944,2026-03-25 10:18:28.712264,15.52,14.09,15.52,15.52,1010,37,3.11,232,75,0.0,Clouds,broken clouds,10
Székkutas,46.503889,20.541111,2026-03-25 10:18:29.959987,15.49,14.06,15.49,15.49,1010,37,3.16,233,74,0.0,Clouds,broken clouds,10
Kaposszentjakab,46.358056,17.821944,2026-03-25 10:18:31.202054,15.62,14.31,15.62,15.62,1010,41,4.7,202,99,0.0,Clouds,overcast clouds,10
Kaposvár,46.352778,17.795,2026-03-25 10:18:32.442175,15.47,14.14,15.47,15.47,1010,41,4.7,201,99,0.0,Clouds,overcast clouds,10
Kaposújlak,46.366667,17.715,2026-03-25 10:18:33.688048,15.54,14.22,15.54,15.54,1010,41,4.65,200,100,0.0,Clouds,overcast clouds,10
Kaposmérő,46.365278,17.698889,2026-03-25 10:18:34.927936,15.47,14.14,15.47,15.47,1010,41,4.63,200,100,0.0,Clouds,overcast clouds,10
Kaposfő,46.364167,17.656667,2026-03-25 10:18:36.175825,15.43,14.1,15.43,15.43,1010,41,4.62,200,100,0.0,Clouds,overcast clouds,10
Kiskorpád,46.361389,17.606667,2026-03-25 10:18:37.410992,15.36,14.02,15.36,15.36,1010,41,4.62,200,100,0.0,Clouds,overcast clouds,10
Jákó-Nagybajom,46.344444,17.554444,2026-03-25 10:18:38.649886,15.38,14.04,15.38,15.38,1010,41,4.59,201,100,0.0,Clouds,overcast clouds,10
Kutas,46.326111,17.453889,2026-03-25 10:18:39.895074,15.55,14.23,15.55,15.55,1010,41,4.78,202,100,0.0,Clouds,overcast clouds,10
Beleg,46.316944,17.420556,2026-03-25 10:18:41.142655,15.62,14.33,15.62,15.62,1010,42,4.93,203,100,0.0,Clouds,overcast clouds,10
Ötvöskónyi,46.292778,17.358056,2026-03-25 10:18:42.390904,15.62,14.33,15.62,15.62,1010,42,4.97,203,100,0.0,Clouds,overcast clouds,10
Somogyszob,46.289167,17.305556,2026-03-25 10:18:43.634162,15.56,14.29,15.56,15.56,1010,43,5.24,204,100,0.0,Clouds,overcast clouds,10
Bolhás,46.282222,17.275278,2026-03-25 10:18:44.875947,15.53,14.26,15.53,15.53,1010,43,5.47,205,100,0.0,Clouds,overcast clouds,10
Szenta,46.274167,17.182222,2026-03-25 10:18:46.122784,15.54,14.3,15.54,15.54,1010,44,5.69,206,100,0.0,Clouds,overcast clouds,10
Zrínyitelep,46.275278,17.138056,2026-03-25 10:18:47.365443,15.52,14.28,15.52,15.52,1010,44,5.77,206,100,0.0,Clouds,overcast clouds,10
Csurgó,46.261111,17.091667,2026-03-25 10:18:48.614719,15.65,14.42,15.65,15.65,1010,44,5.72,206,100,0.0,Clouds,overcast clouds,10
Gyékényes,46.249167,16.956389,2026-03-25 10:18:49.862468,15.47,14.25,15.47,15.47,1009,45,6.05,207,100,0.0,Clouds,overcast clouds,10
Adony,47.106111,18.847778,2026-03-25 10:18:51.101776,15.92,14.59,15.92,15.92,1009,39,4.64,210,100,0.0,Clouds,overcast clouds,10
Kulcs,47.051111,18.8975,2026-03-25 10:18:52.339488,15.67,14.28,15.67,15.67,1009,38,4.46,211,100,0.0,Clouds,overcast clouds,10
Rácalmás,47.023333,18.908889,2026-03-25 10:18:53.578762,15.62,14.23,15.62,15.62,1009,38,4.42,210,100,0.0,Clouds,overcast clouds,10
Dunaújváros,46.960556,18.913889,2026-03-25 10:18:54.818398,15.64,14.25,15.64,15.64,1009,38,4.37,210,100,0.0,Clouds,overcast clouds,10
Újvenyim,46.936944,18.868889,2026-03-25 10:18:56.056445,15.72,14.34,15.72,15.72,1009,38,4.43,208,100,0.0,Clouds,overcast clouds,10
Mezőfalva,46.905556,18.810278,2026-03-25 10:18:57.302260,15.7,14.32,15.7,15.7,1009,38,4.47,207,100,0.0,Clouds,overcast clouds,10
Nagykarácsony felső,46.866047,18.783064,2026-03-25 10:18:58.544813,15.81,14.44,15.81,15.81,1009,38,4.38,207,100,0.0,Clouds,overcast clouds,10
Nagykarácsony,46.848729,18.765722,2026-03-25 10:18:59.784705,15.64,14.25,15.64,15.64,1010,38,4.33,206,100,0.0,Clouds,overcast clouds,10
Alap,46.831944,18.657778,2026-03-25 10:19:01.020209,15.9,14.56,15.9,15.9,1010,39,4.32,203,100,0.0,Clouds,overcast clouds,10
Cece,46.773333,18.623333,2026-03-25 10:19:02.274806,15.95,14.62,15.95,15.95,1010,39,4.16,203,100,0.0,Clouds,overcast clouds,10
Vajta,46.713611,18.648056,2026-03-25 10:19:03.527999,15.95,14.59,15.95,15.95,1010,38,3.86,203,100,0.0,Clouds,overcast clouds,10
Rétszilas alsó,46.829167,18.639444,2026-03-25 10:19:04.761466,15.9,14.56,15.9,15.9,1010,39,4.32,203,100,0.0,Clouds,overcast clouds,10
Nagydorog,46.615485,18.65002,2026-03-25 10:19:06.003849,15.96,14.6,15.96,15.96,1010,38,3.48,204,98,0.0,Clouds,overcast clouds,10
Tengelic,46.516111,18.695278,2026-03-25 10:19:07.245086,15.85,14.48,15.85,15.85,1010,38,3.1,204,90,0.0,Clouds,overcast clouds,10
Fácánkert,46.449041,18.735661,2026-03-25 10:19:08.487818,15.9,14.51,15.9,15.9,1010,37,3.0,203,85,0.0,Clouds,overcast clouds,10
Tolna-Mözs,46.416389,18.750556,2026-03-25 10:19:09.734825,15.95,14.57,15.95,15.95,1010,37,3.08,202,82,0.0,Clouds,broken clouds,10
Szekszárd-Palánk,46.38027777777778,18.72833333333333,2026-03-25 10:19:10.971287,15.99,14.61,15.99,15.99,1011,37,3.0,203,83,0.0,Clouds,broken clouds,10
Szekszárd,46.349444,18.7125,2026-03-25 10:19:12.209508,15.98,14.63,15.98,15.98,1011,38,3.01,203,82,0.0,Clouds,broken clouds,10
Őcsény,46.318889,18.7425,2026-03-25 10:19:13.454411,16.01,14.66,16.01,16.01,1011,38,3.12,203,80,0.0,Clouds,broken clouds,10
Decs,46.283889,18.756111,2026-03-25 10:19:14.703487,16.01,14.66,16.01,16.01,1011,38,3.14,204,80,0.0,Clouds,broken clouds,10
Csikóstőttős,46.337222,18.152778,2026-03-25 10:19:15.938762,15.77,14.42,15.77,15.77,1011,39,4.01,210,100,0.0,Clouds,overcast clouds,10
Mágocs-Alsómocsolád,46.31027777777778,18.222222222222225,2026-03-25 10:19:17.180792,15.18,13.77,15.18,15.18,1011,39,3.7,211,100,0.0,Clouds,overcast clouds,10
Szalatnak,46.284444444444446,18.288611111111113,2026-03-25 10:19:18.423794,15.4,13.99,15.4,15.4,1011,38,3.33,212,99,0.0,Clouds,overcast clouds,10
Máza-Szászvár,46.279167,18.411389,2026-03-25 10:19:19.665972,15.45,14.04,15.45,15.45,1011,38,3.08,211,93,0.0,Clouds,overcast clouds,10
Váralja,46.281667,18.436111,2026-03-25 10:19:20.915948,15.58,14.19,15.58,15.58,1011,38,2.97,209,89,0.0,Clouds,overcast clouds,10
Nagymányok,46.280278,18.459167,2026-03-25 10:19:22.163377,15.58,14.19,15.58,15.58,1011,38,2.97,209,89,0.0,Clouds,overcast clouds,10
Hidas-Bonyhád,46.269444,18.523333,2026-03-25 10:19:23.408654,15.56,14.16,15.56,15.56,1011,38,2.93,207,86,0.0,Clouds,overcast clouds,10
Mőcsény,46.2575,18.591944,2026-03-25 10:19:24.656625,15.36,13.94,15.36,15.36,1011,38,2.97,205,81,0.0,Clouds,broken clouds,10
Bátaszék,46.202222,18.715556,2026-03-25 10:19:25.899010,15.97,14.61,15.97,15.97,1011,38,3.09,207,78,0.0,Clouds,broken clouds,10
Pörböly,46.199167,18.826389,2026-03-25 10:19:27.145421,15.96,14.6,15.96,15.96,1011,38,3.18,208,78,0.0,Clouds,broken clouds,10
Orosháza,46.566111,20.664722,2026-03-25 10:19:28.385455,15.82,14.45,15.82,15.82,1010,38,3.27,233,73,0.0,Clouds,broken clouds,10
Orosházi tanyák,46.596944,20.760556,2026-03-25 10:19:29.628977,15.77,14.42,15.77,15.77,1010,39,3.32,232,77,0.0,Clouds,broken clouds,10
Csorvás,46.623611,20.840833,2026-03-25 10:19:30.870228,15.74,14.39,15.74,15.74,1011,39,3.34,231,83,0.0,Clouds,broken clouds,10
Csorvás alsó,46.634722,20.888333,2026-03-25 10:19:32.115248,15.74,14.39,15.74,15.74,1011,39,3.35,230,85,0.0,Clouds,overcast clouds,10
Telekgerendás,46.656111,20.963889,2026-03-25 10:19:33.354726,15.7,14.32,15.7,15.7,1011,38,3.39,228,91,0.0,Clouds,overcast clouds,10
Fürjes,46.67214,21.02306,2026-03-25 10:19:34.588968,15.69,14.28,15.69,15.69,1011,37,3.45,226,91,0.0,Clouds,overcast clouds,10
Fényes,46.659876,21.16618,2026-03-25 10:19:35.832435,15.68,14.27,15.68,15.68,1011,37,3.48,222,76,0.0,Clouds,broken clouds,10
Bicere,46.66,21.179444,2026-03-25 10:19:37.077320,15.66,14.27,15.66,15.66,1011,38,3.5,221,70,0.0,Clouds,broken clouds,10
Gyula,46.656389,21.273333,2026-03-25 10:19:38.316500,15.63,14.29,15.63,15.63,1011,40,3.59,218,53,0.0,Clouds,broken clouds,10
József Szanatórium,46.704722,21.3325,2026-03-25 10:19:39.557881,15.59,14.25,15.59,15.59,1011,40,3.7,217,49,0.0,Clouds,scattered clouds,10
Sarkadi Cukorgyár,46.73,21.383611,2026-03-25 10:19:40.797942,15.56,14.22,15.56,15.56,1011,40,3.78,216,41,0.0,Clouds,scattered clouds,10
Sarkad,46.736944,21.402222,2026-03-25 10:19:42.035397,15.52,14.17,15.52,15.52,1011,40,3.82,216,36,0.0,Clouds,scattered clouds,10
Kötegyán,46.758333,21.479722,2026-03-25 10:19:43.278550,15.49,14.14,15.49,15.49,1011,40,3.87,215,28,0.0,Clouds,scattered clouds,10
Méhkerék,46.774444,21.455556,2026-03-25 10:19:44.514279,15.51,14.13,15.51,15.51,1011,39,3.86,216,33,0.0,Clouds,scattered clouds,10
Sarkadkeresztúr,46.823611,21.4175,2026-03-25 10:19:45.756877,15.52,14.15,15.52,15.52,1011,39,3.85,217,39,0.0,Clouds,scattered clouds,10
Okány,46.8925,21.339167,2026-03-25 10:19:47.001620,15.55,14.15,15.55,15.55,1011,38,3.81,219,60,0.0,Clouds,broken clouds,10
Újszeged,46.242222,20.16,2026-03-25 10:19:48.236367,15.97,14.64,15.97,15.97,1011,39,3.21,222,82,0.0,Clouds,broken clouds,10
Szőreg,46.211389,20.183056,2026-03-25 10:19:49.486104,15.97,14.64,15.97,15.97,1011,39,3.2,221,80,0.0,Clouds,broken clouds,10
Deszk,46.210278,20.246389,2026-03-25 10:19:50.722943,15.96,14.66,15.96,15.96,1011,40,3.25,223,77,0.0,Clouds,broken clouds,10
Kiszombor,46.191944,20.413056,2026-03-25 10:19:51.967891,15.93,14.65,15.93,15.93,1011,41,3.25,225,70,0.0,Clouds,broken clouds,10
Kiszombor megálló,46.191111,20.430833,2026-03-25 10:19:53.218016,15.93,14.65,15.93,15.93,1011,41,3.25,225,70,0.0,Clouds,broken clouds,10
Makó,46.204722,20.474722,2026-03-25 10:19:54.462984,15.89,14.61,15.89,15.89,1011,41,3.25,225,69,0.0,Clouds,broken clouds,10
Apátfalva,46.175193,20.580611,2026-03-25 10:19:55.709133,15.86,14.62,15.86,15.86,1011,43,3.21,225,68,0.0,Clouds,broken clouds,10
Magyarcsanád,46.174444,20.610278,2026-03-25 10:19:56.959792,15.84,14.63,15.84,15.84,1011,44,3.2,225,69,0.0,Clouds,broken clouds,10
Nagylak,46.17,20.708333,2026-03-25 10:19:58.205794,15.81,14.65,15.81,15.81,1011,46,3.24,225,75,0.0,Clouds,broken clouds,10
Nagylaki Kendergyár,46.189167,20.717222,2026-03-25 10:19:59.456978,15.81,14.65,15.81,15.81,1011,46,3.23,226,75,0.0,Clouds,broken clouds,10
Csanádpalota,46.236111,20.7325,2026-03-25 10:20:00.698613,15.81,14.62,15.81,15.81,1011,45,3.23,226,76,0.0,Clouds,broken clouds,10
Mezőhegyes,46.310833,20.815556,2026-03-25 10:20:01.936347,15.76,14.59,15.76,15.76,1011,46,3.28,227,81,0.0,Clouds,broken clouds,10
Végegyháza,46.384444,20.878611,2026-03-25 10:20:03.189250,15.73,14.53,15.73,15.73,1011,45,3.32,228,87,0.0,Clouds,overcast clouds,10
Mezőkovácsháza,46.408333,20.9,2026-03-25 10:20:04.426151,15.73,14.53,15.73,15.73,1011,45,3.31,228,87,0.0,Clouds,overcast clouds,10
Mezőkovácsháza felső,46.415556,20.918056,2026-03-25 10:20:05.673094,15.72,14.55,15.72,15.72,1011,46,3.34,227,90,0.0,Clouds,overcast clouds,10
Magyarbánhegyes,46.451389,20.97,2026-03-25 10:20:06.908572,15.72,14.52,15.72,15.72,1011,45,3.33,227,90,0.0,Clouds,overcast clouds,10
Medgyesegyháza,46.495278,21.029167,2026-03-25 10:20:08.150537,15.67,14.47,15.67,15.67,1011,45,3.3,225,87,0.0,Clouds,overcast clouds,10
Bánkút,46.505278,21.091944,2026-03-25 10:20:09.393577,15.67,14.47,15.67,15.67,1011,45,3.33,224,78,0.0,Clouds,broken clouds,10
Belsőperegpuszta,46.321111,20.916667,2026-03-25 10:20:10.633469,15.71,14.59,15.71,15.71,1011,48,3.44,226,87,0.0,Clouds,overcast clouds,10
Battonya,46.282222,21.003889,2026-03-25 10:20:11.871561,15.71,14.64,15.71,15.71,1012,50,3.54,225,84,0.0,Clouds,broken clouds,10
Baja-Dunafürdő,46.193333,18.919167,2026-03-25 10:20:13.113879,15.93,14.57,15.93,15.93,1011,38,3.18,210,77,0.0,Clouds,broken clouds,10
Kaposszekcső,46.330556,18.143056,2026-03-25 10:20:14.346187,15.77,14.42,15.77,15.77,1011,39,4.01,210,100,0.0,Clouds,overcast clouds,10
Vásárosdombó,46.310556,18.138889,2026-03-25 10:20:15.586287,15.65,14.29,15.65,15.65,1011,39,3.89,210,100,0.0,Clouds,overcast clouds,10
Sásd,46.257222,18.104722,2026-03-25 10:20:16.824855,15.54,14.17,15.54,15.54,1011,39,3.76,209,100,0.0,Clouds,overcast clouds,10
Godisa,46.223333,18.104722,2026-03-25 10:20:18.069553,15.28,13.88,15.28,15.28,1011,39,3.65,209,100,0.0,Clouds,overcast clouds,10
Abaliget,46.152778,18.073611,2026-03-25 10:20:19.308085,15.1,13.68,15.1,15.1,1011,39,3.43,207,99,0.0,Clouds,overcast clouds,10
Hetvehely,46.128333,18.045,2026-03-25 10:20:20.546609,15.28,13.91,15.28,15.28,1011,40,3.38,206,100,0.0,Clouds,overcast clouds,10
Bükkösd,46.113056,17.999444,2026-03-25 10:20:21.787398,15.16,13.78,15.16,15.16,1011,40,3.44,205,100,0.0,Clouds,overcast clouds,10
Cserdi-Helesfa,46.086667,17.987778,2026-03-25 10:20:23.020016,15.19,13.81,15.19,15.19,1011,40,3.32,204,100,0.0,Clouds,overcast clouds,10
Szentlőrinc,46.033333,17.990833,2026-03-25 10:20:24.259087,15.64,14.3,15.64,15.64,1011,40,3.09,201,99,0.0,Clouds,overcast clouds,10
Bicsérd,46.041389,18.057778,2026-03-25 10:20:25.494850,15.51,14.13,15.51,15.51,1011,39,3.0,204,96,0.0,Clouds,overcast clouds,10
Mecsekalja-Cserkút,46.059722,18.150278,2026-03-25 10:20:26.729273,14.9,13.46,14.9,14.9,1011,39,3.02,209,93,0.0,Clouds,overcast clouds,10
Pécs,46.065833,18.223611,2026-03-25 10:20:27.975548,15.45,14.04,15.45,15.45,1011,38,3.0,212,90,0.0,Clouds,overcast clouds,10
Pécs-Külváros,46.071667,18.24,2026-03-25 10:20:29.216284,15.45,14.04,15.45,15.45,1011,38,3.0,212,90,0.0,Clouds,overcast clouds,10
Pécsbánya-Rendező,46.063333,18.270278,2026-03-25 10:20:30.452907,15.61,14.22,15.61,15.61,1011,38,3.02,213,87,0.0,Clouds,overcast clouds,10
Pécsudvard,46.01,18.275556,2026-03-25 10:20:31.698526,15.01,13.56,15.01,15.01,1011,38,2.92,211,84,0.0,Clouds,broken clouds,10
Szőkéd,45.9675,18.29,2026-03-25 10:20:32.943479,15.38,13.99,15.38,15.38,1011,39,2.83,208,82,0.0,Clouds,broken clouds,10
Áta,45.936389,18.306944,2026-03-25 10:20:34.185863,15.39,14.0,15.39,15.39,1011,39,2.77,206,81,0.0,Clouds,broken clouds,10
Kistótfalu,45.909722,18.315278,2026-03-25 10:20:35.432926,15.52,14.15,15.52,15.52,1011,39,2.73,203,81,0.0,Clouds,broken clouds,10
Vokány,45.899722,18.334722,2026-03-25 10:20:36.668101,15.51,14.13,15.51,15.51,1011,39,2.75,205,80,0.0,Clouds,broken clouds,10
Palkonya,45.891667,18.393889,2026-03-25 10:20:37.916792,14.91,13.5,14.91,14.91,1011,40,2.73,205,80,0.0,Clouds,broken clouds,10
Villánykövesd,45.879722,18.425833,2026-03-25 10:20:39.155827,15.56,14.22,15.56,15.56,1011,40,2.75,207,79,0.0,Clouds,broken clouds,10
Villány,45.8775,18.451389,2026-03-25 10:20:40.409566,15.63,14.29,15.63,15.63,1011,40,2.8,210,78,0.0,Clouds,broken clouds,10
Magyarbóly,45.834167,18.491944,2026-03-25 10:20:41.662173,15.83,14.51,15.83,15.83,1011,40,2.73,209,76,0.0,Clouds,broken clouds,10
Magyarszék,46.210278,18.188056,2026-03-25 10:20:42.908838,15.26,13.86,15.26,15.26,1011,39,3.41,211,99,0.0,Clouds,overcast clouds,10
Mecsekpölöske,46.224167,18.213056,2026-03-25 10:20:44.158059,14.98,13.53,14.98,14.98,1011,38,3.44,212,100,0.0,Clouds,overcast clouds,10
Mecsekjánosi,46.215278,18.241944,2026-03-25 10:20:45.396419,14.92,13.46,14.92,14.92,1011,38,3.3,212,98,0.0,Clouds,overcast clouds,10
Komló,46.189167,18.265278,2026-03-25 10:20:46.632019,15.13,13.69,15.13,15.13,1011,38,3.25,212,96,0.0,Clouds,overcast clouds,10
Királyegyháza-Rigópuszta,45.989167,17.971667,2026-03-25 10:20:47.876654,15.68,14.35,15.68,15.68,1011,40,2.87,197,96,0.0,Clouds,overcast clouds,10
Sumony,45.960833,17.913333,2026-03-25 10:20:49.118700,15.76,14.44,15.76,15.76,1011,40,2.91,191,96,0.0,Clouds,overcast clouds,10
Okorág-Kárászpuszta,45.933611,17.864444,2026-03-25 10:20:50.365285,15.8,14.48,15.8,15.8,1011,40,2.8,188,94,0.0,Clouds,overcast clouds,10
Kákics,45.904167,17.8525,2026-03-25 10:20:51.601158,15.78,14.46,15.78,15.78,1011,40,2.66,186,92,0.0,Clouds,overcast clouds,10
Bóly,45.9375,18.538333,2026-03-25 10:20:52.842356,15.58,14.21,15.58,15.58,1011,39,2.92,214,78,0.0,Clouds,broken clouds,10
Mohács,46.0025,18.683333,2026-03-25 10:20:54.081381,15.88,14.52,15.88,15.88,1011,38,3.04,217,72,0.0,Clouds,broken clouds,10
Sellye,45.873333,17.858889,2026-03-25 10:20:55.314707,15.79,14.47,15.79,15.79,1011,40,2.49,182,89,0.0,Clouds,overcast clouds,10
Toponár,46.398333,17.840833,2026-03-25 10:20:56.553821,15.54,14.22,15.54,15.54,1010,41,4.79,202,99,0.0,Clouds,overcast clouds,10
Somogyaszaló,46.453611,17.840278,2026-03-25 10:20:57.794945,15.43,14.1,15.43,15.43,1010,41,4.98,202,100,0.0,Clouds,overcast clouds,10
Mernye,46.509444,17.832222,2026-03-25 10:20:59.037776,15.55,14.23,15.55,15.55,1010,41,5.22,201,100,0.0,Clouds,overcast clouds,10
Felsőmocsolád,46.556389,17.8225,2026-03-25 10:21:00.289546,15.42,14.09,15.42,15.42,1010,41,5.29,201,100,0.0,Clouds,overcast clouds,10
Kisbárapáti,46.615,17.866667,2026-03-25 10:21:01.551428,15.27,13.9,15.27,15.27,1010,40,5.49,202,100,0.0,Clouds,overcast clouds,10
Bonnya,46.611389,17.909167,2026-03-25 10:21:02.797394,15.58,14.24,15.58,15.58,1010,40,5.4,202,100,0.0,Clouds,overcast clouds,10
Andocs,46.646944,17.8925,2026-03-25 10:21:04.040318,15.04,13.64,15.04,15.04,1010,40,5.54,202,100,0.0,Clouds,overcast clouds,10
Karád,46.681111,17.874722,2026-03-25 10:21:05.279185,15.44,14.08,15.44,15.44,1010,40,5.57,202,100,0.0,Clouds,overcast clouds,10
Somogymeggyes,46.720556,17.920556,2026-03-25 10:21:06.514618,15.01,13.61,15.01,15.01,1010,40,5.52,202,100,0.0,Clouds,overcast clouds,10
Kapoly,46.713611,17.977778,2026-03-25 10:21:07.757534,15.44,14.08,15.44,15.44,1010,40,5.44,202,100,0.0,Clouds,overcast clouds,10
Tab,46.734167,18.041111,2026-03-25 10:21:09.003849,15.25,13.87,15.25,15.25,1010,40,5.4,202,100,0.0,Clouds,overcast clouds,10
Bábonymegyer,46.746095,18.109921,2026-03-25 10:21:10.256545,15.41,14.05,15.41,15.41,1010,40,5.24,203,100,0.0,Clouds,overcast clouds,10
Daránypuszta,46.764722,18.143889,2026-03-25 10:21:11.493441,15.57,14.25,15.57,15.57,1010,41,5.17,203,100,0.0,Clouds,overcast clouds,10
Som-Nagyberény,46.803056,18.149444,2026-03-25 10:21:12.733069,15.79,14.5,15.79,15.79,1010,41,5.13,204,100,0.0,Clouds,overcast clouds,10
Ádánd,46.854444,18.141667,2026-03-25 10:21:13.972621,15.92,14.66,15.92,15.92,1010,42,5.08,206,100,0.0,Clouds,overcast clouds,10
Siójut,46.879444,18.126667,2026-03-25 10:21:15.219626,15.94,14.69,15.94,15.94,1010,42,5.06,207,100,0.0,Clouds,overcast clouds,10
Kapostüskevár,46.367778,17.774167,2026-03-25 10:21:16.463834,15.62,14.31,15.62,15.62,1010,41,4.69,201,99,0.0,Clouds,overcast clouds,10
Kaposfüred,46.415,17.759444,2026-03-25 10:21:17.711434,15.49,14.17,15.49,15.49,1010,41,4.88,201,100,0.0,Clouds,overcast clouds,10
Várda,46.4625,17.721667,2026-03-25 10:21:18.952317,15.39,14.06,15.39,15.39,1010,41,4.98,200,100,0.0,Clouds,overcast clouds,10
Somogyjád,46.490833,17.694444,2026-03-25 10:21:20.195857,15.53,14.21,15.53,15.53,1010,41,5.02,201,100,0.0,Clouds,overcast clouds,10
Osztopán,46.515556,17.656944,2026-03-25 10:21:21.445219,15.53,14.21,15.53,15.53,1010,41,5.06,201,100,0.0,Clouds,overcast clouds,10
Pamuk,46.553127,17.636412,2026-03-25 10:21:22.687488,15.67,14.36,15.67,15.67,1010,41,5.13,202,100,0.0,Clouds,overcast clouds,10
Somogyvár,46.580556,17.634722,2026-03-25 10:21:23.932618,15.69,14.39,15.69,15.69,1010,41,5.21,202,100,0.0,Clouds,overcast clouds,10
Öreglak,46.608607,17.632733,2026-03-25 10:21:25.174216,15.7,14.4,15.7,15.7,1010,41,5.28,202,100,0.0,Clouds,overcast clouds,10
Tatárvár,46.636667,17.621111,2026-03-25 10:21:26.410931,15.6,14.29,15.6,15.6,1010,41,5.31,203,100,0.0,Clouds,overcast clouds,10
Lengyeltóti,46.660556,17.613611,2026-03-25 10:21:27.645625,15.7,14.4,15.7,15.7,1010,41,5.37,203,100,0.0,Clouds,overcast clouds,10
Pusztaberény,46.686111,17.594722,2026-03-25 10:21:28.889807,15.83,14.54,15.83,15.83,1010,41,5.41,204,100,0.0,Clouds,overcast clouds,10
Örkény,47.132778,19.447222,2026-03-25 10:21:30.131951,15.69,14.28,15.69,15.69,1009,37,3.73,224,89,0.0,Clouds,overcast clouds,10
Táborfalva,47.098545,19.479318,2026-03-25 10:21:31.374315,15.66,14.25,15.66,15.66,1009,37,3.71,225,87,0.0,Clouds,overcast clouds,10
Felsőlajos,47.068834,19.498415,2026-03-25 10:21:32.613122,15.65,14.21,15.65,15.65,1009,36,3.71,224,85,0.0,Clouds,overcast clouds,10
Lajosmizse,47.028333,19.542778,2026-03-25 10:21:33.860175,15.66,14.22,15.66,15.66,1009,36,3.68,225,81,0.0,Clouds,broken clouds,10
Lajosmizse alsó,47.0225,19.550278,2026-03-25 10:21:35.108604,15.66,14.22,15.66,15.66,1009,36,3.68,225,81,0.0,Clouds,broken clouds,10
Klábertelep,47.005556,19.551667,2026-03-25 10:21:36.347394,15.66,14.22,15.66,15.66,1010,36,3.66,227,80,0.0,Clouds,broken clouds,10
Méntelek,46.978611,19.570833,2026-03-25 10:21:37.594577,15.67,14.23,15.67,15.67,1010,36,3.65,227,79,0.0,Clouds,broken clouds,10
Hetényegyháza,46.930833,19.595,2026-03-25 10:21:38.836060,15.73,14.3,15.73,15.73,1010,36,3.62,228,76,0.0,Clouds,broken clouds,10
Kecskemét-Máriaváros,46.901192,19.675913,2026-03-25 10:21:40.082066,15.78,14.33,15.78,15.78,1010,35,3.58,230,76,0.0,Clouds,broken clouds,10
Nyársapát,47.100278,19.7925,2026-03-25 10:21:41.328006,15.77,14.34,15.77,15.77,1010,36,3.66,236,86,0.0,Clouds,overcast clouds,10
Nagykőrös,47.038333,19.76,2026-03-25 10:21:42.568957,15.75,14.32,15.75,15.75,1010,36,3.64,234,86,0.0,Clouds,overcast clouds,10
Katonatelep,46.963056,19.718889,2026-03-25 10:21:43.812783,15.7,14.24,15.7,15.7,1010,35,3.6,232,81,0.0,Clouds,broken clouds,10
Kecskemét,46.913889,19.700833,2026-03-25 10:21:45.050846,15.75,14.29,15.75,15.75,1009,35,3.59,230,77,0.0,Clouds,broken clouds,10
Városföld,46.816667,19.753333,2026-03-25 10:21:46.290495,15.83,14.38,15.83,15.83,1010,35,3.51,232,73,0.0,Clouds,broken clouds,10
Kiskunfélegyháza,46.7067,19.83474,2026-03-25 10:21:47.539397,15.9,14.46,15.9,15.9,1010,35,3.37,230,75,0.0,Clouds,broken clouds,10
Petőfiszállás,46.617374,19.865229,2026-03-25 10:21:48.778502,15.93,14.49,15.93,15.93,1010,35,3.26,226,79,0.0,Clouds,broken clouds,10
Csengele,46.538321,19.909008,2026-03-25 10:21:50.014661,15.94,14.53,15.94,15.94,1010,36,3.14,221,84,0.0,Clouds,broken clouds,10
Kistelek,46.466944,19.966944,2026-03-25 10:21:51.260733,15.96,14.58,15.96,15.96,1010,37,3.1,219,86,0.0,Clouds,overcast clouds,10
Balástya,46.413333,20.001389,2026-03-25 10:21:52.503729,15.95,14.59,15.95,15.95,1010,38,3.09,218,86,0.0,Clouds,overcast clouds,10
Szatymaz,46.345621,20.04374,2026-03-25 10:21:53.748211,15.96,14.63,15.96,15.96,1011,39,3.14,219,85,0.0,Clouds,overcast clouds,10
Kiskundorozsma,46.271667,20.090556,2026-03-25 10:21:54.987892,15.99,14.66,15.99,15.99,1011,39,3.18,220,83,0.0,Clouds,broken clouds,10
Szeged,46.239722,20.143056,2026-03-25 10:21:56.226723,15.97,14.64,15.97,15.97,1011,39,3.2,221,81,0.0,Clouds,broken clouds,10
Alsóúrrét,46.898392,19.779891,2026-03-25 10:21:57.470836,15.81,14.36,15.81,15.81,1010,35,3.56,233,78,0.0,Clouds,broken clouds,10
Nyárlőrinc,46.87,19.851389,2026-03-25 10:21:58.717472,15.84,14.39,15.84,15.84,1010,35,3.52,234,79,0.0,Clouds,broken clouds,10
Világoshegy,46.855278,19.940278,2026-03-25 10:21:59.965621,15.83,14.38,15.83,15.83,1009,35,3.47,237,86,0.0,Clouds,overcast clouds,10
Szikra,46.858333,19.975,2026-03-25 10:22:01.207443,15.83,14.38,15.83,15.83,1009,35,3.47,237,86,0.0,Clouds,overcast clouds,10
Lakitelek,46.873056,20.003611,2026-03-25 10:22:02.474739,15.88,14.44,15.88,15.88,1009,35,3.45,237,87,0.0,Clouds,overcast clouds,10
Tiszaug,46.850556,20.074167,2026-03-25 10:22:03.731402,15.96,14.53,15.96,15.96,1009,35,3.36,238,91,0.0,Clouds,overcast clouds,10
Tiszasas,46.826389,20.089167,2026-03-25 10:22:04.990482,15.96,14.53,15.96,15.96,1009,35,3.36,238,91,0.0,Clouds,overcast clouds,10
Csépa,46.8125,20.134722,2026-03-25 10:22:06.229842,15.94,14.5,15.94,15.94,1009,35,3.29,237,93,0.0,Clouds,overcast clouds,10
Szelevény,46.811944,20.196389,2026-03-25 10:22:07.464230,15.93,14.49,15.93,15.93,1009,35,3.26,238,93,0.0,Clouds,overcast clouds,10
Gátér,46.685,19.9625,2026-03-25 10:22:08.705478,15.96,14.53,15.96,15.96,1009,35,3.22,231,83,0.0,Clouds,broken clouds,10
Kónyaszék,46.699931,20.074299,2026-03-25 10:22:09.952524,15.95,14.49,15.95,15.95,1009,34,3.16,234,89,0.0,Clouds,overcast clouds,10
Csongrád,46.704444,20.140556,2026-03-25 10:22:11.205547,15.95,14.49,15.95,15.95,1009,34,3.12,234,91,0.0,Clouds,overcast clouds,10
Hékéd,46.675,20.266667,2026-03-25 10:22:12.457291,15.95,14.51,15.95,15.95,1010,35,3.06,234,91,0.0,Clouds,overcast clouds,10
Fábiánsebestyén,46.670278,20.456667,2026-03-25 10:22:13.698298,15.89,14.47,15.89,15.89,1010,36,3.11,235,87,0.0,Clouds,overcast clouds,10
Gádoros,46.656711,20.588157,2026-03-25 10:22:14.939938,15.85,14.46,15.85,15.85,1010,37,3.21,235,79,0.0,Clouds,broken clouds,10
Justhmajor,46.62,20.615833,2026-03-25 10:22:16.182561,15.84,14.45,15.84,15.84,1010,37,3.24,234,76,0.0,Clouds,broken clouds,10
Szentetornya,46.590964,20.628334,2026-03-25 10:22:17.431582,15.84,14.45,15.84,15.84,1010,37,3.24,234,75,0.0,Clouds,broken clouds,10
Gyopárosfürdő,46.567784,20.630662,2026-03-25 10:22:18.670748,15.82,14.45,15.82,15.82,1010,38,3.27,233,73,0.0,Clouds,broken clouds,10
Szabadságliget,47.626123,18.893481,2026-03-25 10:22:19.916996,14.01,12.51,14.01,14.01,1008,40,4.16,201,100,0.0,Clouds,overcast clouds,10
Röszke,46.19261,20.03055,2026-03-25 10:22:21.163570,15.98,14.65,15.98,15.98,1011,39,3.09,219,82,0.0,Clouds,broken clouds,10
Tószeg,47.098056,20.138333,2026-03-25 10:22:22.404739,15.95,14.62,15.95,15.95,1009,39,3.46,241,97,0.0,Clouds,overcast clouds,10
Tiszavárkony,47.059444,20.143056,2026-03-25 10:22:23.643290,15.94,14.58,15.94,15.94,1009,38,3.45,241,96,0.0,Clouds,overcast clouds,10
Tiszajenő-Vezseny,47.036319,20.142415,2026-03-25 10:22:24.889352,15.94,14.58,15.94,15.94,1009,38,3.45,241,96,0.0,Clouds,overcast clouds,10
Újbög,46.962222,20.093889,2026-03-25 10:22:26.125245,15.91,14.52,15.91,15.91,1009,37,3.44,240,94,0.0,Clouds,overcast clouds,10
Tiszakécske,46.937512,20.082016,2026-03-25 10:22:27.372934,15.92,14.51,15.92,15.92,1009,36,3.45,239,93,0.0,Clouds,overcast clouds,10
Kerekdomb,46.906944,20.052778,2026-03-25 10:22:28.615689,15.94,14.53,15.94,15.94,1009,36,3.44,239,92,0.0,Clouds,overcast clouds,10
Tiszaalpár,46.818611,19.982778,2026-03-25 10:22:29.854638,15.9,14.46,15.9,15.9,1009,35,3.39,237,86,0.0,Clouds,overcast clouds,10
Tiszaalpár alsó,46.790897,19.951409,2026-03-25 10:22:31.087324,15.92,14.48,15.92,15.92,1009,35,3.37,236,83,0.0,Clouds,broken clouds,10
Tiszatenyő,47.134167,20.3725,2026-03-25 10:22:32.335329,15.92,14.56,15.92,15.92,1010,38,3.3,241,98,0.0,Clouds,overcast clouds,10
Pusztapó,47.091667,20.458333,2026-03-25 10:22:33.582528,15.91,14.55,15.91,15.91,1010,38,3.27,240,98,0.0,Clouds,overcast clouds,10
Kétpó,47.076944,20.487778,2026-03-25 10:22:34.823675,15.91,14.52,15.91,15.91,1010,37,3.27,240,97,0.0,Clouds,overcast clouds,10
Mezőtúr,47.0125,20.622778,2026-03-25 10:22:36.070988,15.86,14.47,15.86,15.86,1010,37,3.31,237,96,0.0,Clouds,overcast clouds,10
Nagylapos,46.974167,20.750556,2026-03-25 10:22:37.311225,15.81,14.41,15.81,15.81,1010,37,3.42,233,93,0.0,Clouds,overcast clouds,10
Gyoma,46.925833,20.821667,2026-03-25 10:22:38.547779,15.78,14.38,15.78,15.78,1010,37,3.43,232,90,0.0,Clouds,overcast clouds,10
Csárdaszállás,46.861111,20.932778,2026-03-25 10:22:39.794867,15.72,14.31,15.72,15.72,1010,37,3.54,228,89,0.0,Clouds,overcast clouds,10
Mezőberény,46.814722,21.013056,2026-03-25 10:22:41.042721,15.7,14.29,15.7,15.7,1011,37,3.58,227,90,0.0,Clouds,overcast clouds,10
Murony,46.756944,21.038056,2026-03-25 10:22:42.291231,15.7,14.29,15.7,15.7,1011,37,3.56,226,91,0.0,Clouds,overcast clouds,10
Békéscsaba,46.669722,21.081667,2026-03-25 10:22:43.527091,15.68,14.24,15.68,15.68,1011,36,3.47,224,87,0.0,Clouds,overcast clouds,10
Kétegyháza,46.5325,21.171944,2026-03-25 10:22:44.767628,15.65,14.45,15.65,15.65,1011,45,3.41,221,58,0.0,Clouds,broken clouds,10
Lőkösháza,46.432222,21.2375,2026-03-25 10:22:46.007518,15.63,14.53,15.63,15.63,1012,49,3.53,220,40,0.0,Clouds,scattered clouds,10
Kengyel,47.089722,20.339722,2026-03-25 10:22:47.248889,15.92,14.56,15.92,15.92,1010,38,3.31,242,98,0.0,Clouds,overcast clouds,10
Bagimajor,47.061111,20.316667,2026-03-25 10:22:48.491459,15.91,14.55,15.91,15.91,1010,38,3.32,242,97,0.0,Clouds,overcast clouds,10
Martfű,47.019444,20.291667,2026-03-25 10:22:49.725889,15.88,14.52,15.88,15.88,1010,38,3.31,242,97,0.0,Clouds,overcast clouds,10
Tiszaföldvár,46.975556,20.276389,2026-03-25 10:22:50.969649,15.91,14.52,15.91,15.91,1010,37,3.3,241,96,0.0,Clouds,overcast clouds,10
Homok,46.9475,20.270278,2026-03-25 10:22:52.220925,15.91,14.52,15.91,15.91,1010,37,3.3,241,96,0.0,Clouds,overcast clouds,10
Kungyalu,46.910833,20.2675,2026-03-25 10:22:53.461911,15.93,14.52,15.93,15.93,1009,36,3.28,240,96,0.0,Clouds,overcast clouds,10
Kunszentmárton,46.848333,20.293333,2026-03-25 10:22:54.705278,15.9,14.49,15.9,15.9,1009,36,3.21,238,95,0.0,Clouds,overcast clouds,10
Nagytőke,46.763333,20.291667,2026-03-25 10:22:55.942352,15.92,14.48,15.92,15.92,1009,35,3.14,236,93,0.0,Clouds,overcast clouds,10
Szentes,46.657778,20.2725,2026-03-25 10:22:57.195681,15.94,14.5,15.94,15.94,1010,35,3.02,233,91,0.0,Clouds,overcast clouds,10
Szegvár,46.588611,20.249444,2026-03-25 10:22:58.435695,15.96,14.55,15.96,15.96,1010,36,2.97,232,89,0.0,Clouds,overcast clouds,10
Mindszent,46.524167,20.194167,2026-03-25 10:22:59.674324,15.97,14.56,15.97,15.97,1010,36,2.93,227,88,0.0,Clouds,overcast clouds,10
Mártély,46.473333,20.236111,2026-03-25 10:23:00.922266,15.92,14.53,15.92,15.92,1010,37,2.96,227,86,0.0,Clouds,overcast clouds,10
Pusztabánréve,46.939898,20.556809,2026-03-25 10:23:02.166679,15.87,14.48,15.87,15.87,1010,37,3.26,238,94,0.0,Clouds,overcast clouds,10
Szarvas,46.860833,20.566667,2026-03-25 10:23:03.412542,15.84,14.45,15.84,15.84,1010,37,3.23,237,91,0.0,Clouds,overcast clouds,10
Csabacsűd,46.823056,20.663333,2026-03-25 10:23:04.658466,15.84,14.45,15.84,15.84,1010,37,3.26,235,85,0.0,Clouds,overcast clouds,10
Kisszénás,46.751389,20.721389,2026-03-25 10:23:05.911253,15.82,14.42,15.82,15.82,1010,37,3.34,234,80,0.0,Clouds,broken clouds,10
Kiscsákó,46.719167,20.717778,2026-03-25 10:23:07.172756,15.81,14.41,15.81,15.81,1010,37,3.33,233,78,0.0,Clouds,broken clouds,10
Nagyszénás,46.672778,20.674167,2026-03-25 10:23:08.411404,15.8,14.4,15.8,15.8,1010,37,3.28,234,77,0.0,Clouds,broken clouds,10
Kardoskút,46.498056,20.6975,2026-03-25 10:23:09.654749,15.81,14.49,15.81,15.81,1011,40,3.28,232,72,0.0,Clouds,broken clouds,10
Tótkomlós,46.409167,20.726944,2026-03-25 10:23:10.912366,15.79,14.52,15.79,15.79,1011,42,3.27,229,76,0.0,Clouds,broken clouds,10
Nagyér,46.365278,20.738333,2026-03-25 10:23:12.154427,15.8,14.56,15.8,15.8,1011,43,3.24,228,76,0.0,Clouds,broken clouds,10
Pitvaros,46.326175,20.746446,2026-03-25 10:23:13.401753,15.78,14.56,15.78,15.78,1011,44,3.26,227,79,0.0,Clouds,broken clouds,10
Dévaványa,47.033889,20.943333,2026-03-25 10:23:14.689965,15.71,14.3,15.71,15.71,1010,37,3.58,227,90,0.0,Clouds,overcast clouds,10
Körösladány,46.97,21.085833,2026-03-25 10:23:15.931429,15.66,14.25,15.66,15.66,1010,37,3.67,224,87,0.0,Clouds,overcast clouds,10
Szeghalom,47.015278,21.148333,2026-03-25 10:23:17.178784,15.61,14.19,15.61,15.61,1010,37,3.73,223,84,0.0,Clouds,broken clouds,10
Vésztő,46.938889,21.263611,2026-03-25 10:23:18.425337,15.59,14.17,15.59,15.59,1011,37,3.79,221,72,0.0,Clouds,broken clouds,10
Szeged-Rókus,46.266111,20.125278,2026-03-25 10:23:19.673095,15.98,14.65,15.98,15.98,1011,39,3.19,221,82,0.0,Clouds,broken clouds,10
Algyő,46.335556,20.196111,2026-03-25 10:23:20.907352,15.98,14.63,15.98,15.98,1010,38,3.16,223,83,0.0,Clouds,broken clouds,10
Hódmezővásárhelyi Népkert,46.403333,20.312778,2026-03-25 10:23:22.150625,15.95,14.59,15.95,15.95,1010,38,3.06,228,81,0.0,Clouds,broken clouds,10
Hódmezővásárhely,46.413333,20.34,2026-03-25 10:23:23.397850,15.92,14.56,15.92,15.92,1010,38,3.08,229,79,0.0,Clouds,broken clouds,10
Körmend,47.016389,16.599167,2026-03-25 10:23:24.642397,15.64,14.41,15.64,15.64,1008,44,5.08,211,100,0.0,Clouds,overcast clouds,10
Szentgotthárd,46.957222,16.263056,2026-03-25 10:23:25.889304,15.56,14.35,15.56,15.56,1008,45,3.0,213,100,0.0,Clouds,overcast clouds,10
Szombathely,47.237778,16.6325,2026-03-25 10:23:27.129563,15.58,14.29,15.58,15.58,1008,42,5.21,211,100,0.0,Clouds,overcast clouds,10
Sáferkút,48.010278,19.071389,2026-03-25 10:23:28.368488,14.68,13.27,14.68,14.68,1009,41,2.99,204,100,0.0,Clouds,overcast clouds,10
Magdolnavölgy,47.6475,18.818889,2026-03-25 10:23:29.612079,14.43,12.97,14.43,14.43,1008,40,4.18,199,100,0.0,Clouds,overcast clouds,10
Haris,46.964722,16.2825,2026-03-25 10:23:30.848462,15.58,14.37,15.58,15.58,1008,45,3.34,212,100,0.0,Clouds,overcast clouds,10
Egyházasrádóc,47.091389,16.62,2026-03-25 10:23:32.091650,15.48,14.21,15.48,15.48,1008,43,5.02,211,100,0.0,Clouds,overcast clouds,10
Alsórönök,46.964167,16.379444,2026-03-25 10:23:33.333206,15.58,14.34,15.58,15.58,1008,44,3.79,211,100,0.0,Clouds,overcast clouds,10
Szombathely-Szőlős,47.206389,16.641667,2026-03-25 10:23:34.571264,15.64,14.38,15.64,15.64,1008,43,5.21,211,100,0.0,Clouds,overcast clouds,10
Rátót,46.9675,16.433056,2026-03-25 10:23:35.814856,15.43,14.18,15.43,15.43,1008,44,4.45,210,100,0.0,Clouds,overcast clouds,10
Ják-Balogunyom,47.161389,16.630556,2026-03-25 10:23:37.068999,15.69,14.44,15.69,15.69,1008,43,5.25,211,100,0.0,Clouds,overcast clouds,10
Vasvár,47.056944,16.800278,2026-03-25 10:23:38.314560,15.69,14.44,15.69,15.69,1008,43,5.49,211,100,0.0,Clouds,overcast clouds,10
Répcelak,47.418889,17.008889,2026-03-25 10:23:39.552973,15.92,14.64,15.92,15.92,1008,41,6.37,203,100,0.0,Clouds,overcast clouds,10
Rajka,47.995556,17.191389,2026-03-25 10:23:40.789673,15.95,14.83,15.95,15.95,1007,47,6.25,198,100,0.0,Clouds,overcast clouds,10
Püspökmolnári,47.086111,16.7675,2026-03-25 10:23:42.031626,15.69,14.44,15.69,15.69,1008,43,5.51,211,100,0.0,Clouds,overcast clouds,10
Kőszeg,47.382222,16.556389,2026-03-25 10:23:43.278011,15.22,13.89,15.22,15.22,1007,42,5.04,210,100,0.0,Clouds,overcast clouds,10
Kastélypark,47.390278,18.988333,2026-03-25 10:23:44.519513,15.86,14.52,15.86,15.86,1008,39,4.14,212,100,0.0,Clouds,overcast clouds,10
Hanságliget,47.72,17.215556,2026-03-25 10:23:45.775758,16.05,14.83,16.05,16.05,1007,43,6.88,200,100,0.0,Clouds,overcast clouds,10
Vica,47.477778,17.111944,2026-03-25 10:23:47.018431,15.94,14.66,15.94,15.94,1008,41,6.5,201,100,0.0,Clouds,overcast clouds,10
Vép,47.235833,16.7275,2026-03-25 10:23:48.261082,15.67,14.39,15.67,15.67,1008,42,5.52,210,100,0.0,Clouds,overcast clouds,10
Mosonszolnok,47.8525,17.160278,2026-03-25 10:23:49.496530,16.04,14.85,16.04,16.04,1007,44,6.72,198,100,0.0,Clouds,overcast clouds,10
Jánossomorja,47.789167,17.1375,2026-03-25 10:23:50.742396,16.07,14.86,16.07,16.07,1007,43,6.81,199,100,0.0,Clouds,overcast clouds,10
Bősárkány,47.685556,17.234167,2026-03-25 10:23:51.979805,16.04,14.82,16.04,16.04,1007,43,6.86,200,100,0.0,Clouds,overcast clouds,10
Szil-Sopronnémeti,47.533333,17.209444,2026-03-25 10:23:53.226790,15.95,14.7,15.95,15.95,1008,42,6.69,201,100,0.0,Clouds,overcast clouds,10
Magyarkeresztúr-Zsebeháza,47.514167,17.176111,2026-03-25 10:23:54.462240,15.95,14.67,15.95,15.95,1008,41,6.63,201,100,0.0,Clouds,overcast clouds,10
Páli-Vadosfa,47.4925,17.137778,2026-03-25 10:23:55.702102,15.95,14.67,15.95,15.95,1008,41,6.56,201,100,0.0,Clouds,overcast clouds,10
Beled,47.466667,17.084444,2026-03-25 10:23:56.937495,15.94,14.66,15.94,15.94,1008,41,6.5,201,100,0.0,Clouds,overcast clouds,10
Dénesfa,47.448611,17.054722,2026-03-25 10:23:58.179996,15.94,14.66,15.94,15.94,1008,41,6.44,202,100,0.0,Clouds,overcast clouds,10
Csánig,47.430278,17.026111,2026-03-25 10:23:59.413866,15.95,14.67,15.95,15.95,1008,41,6.44,202,100,0.0,Clouds,overcast clouds,10
Vámoscsalád,47.385556,16.961667,2026-03-25 10:24:00.657323,15.92,14.64,15.92,15.92,1008,41,6.3,204,100,0.0,Clouds,overcast clouds,10
Vasegerszeg,47.375,16.928889,2026-03-25 10:24:01.907487,15.9,14.62,15.9,15.9,1008,41,6.18,205,100,0.0,Clouds,overcast clouds,10
Hegyfalu,47.357778,16.898333,2026-03-25 10:24:03.159090,15.9,14.62,15.9,15.9,1008,41,6.18,205,100,0.0,Clouds,overcast clouds,10
Pósfa,47.326944,16.855833,2026-03-25 10:24:04.397367,15.9,14.64,15.9,15.9,1008,42,6.08,206,100,0.0,Clouds,overcast clouds,10
Ölbő-Alsószeleste,47.300556,16.843056,2026-03-25 10:24:05.644309,15.66,14.38,15.66,15.66,1008,42,5.98,207,100,0.0,Clouds,overcast clouds,10
Gencsapáti felső,47.299722,16.593889,2026-03-25 10:24:06.891252,15.46,14.16,15.46,15.46,1007,42,4.96,211,100,0.0,Clouds,overcast clouds,10
Lukácsháza alsó,47.326389,16.586389,2026-03-25 10:24:08.130218,15.37,14.06,15.37,15.37,1007,42,5.04,211,100,0.0,Clouds,overcast clouds,10
Kőszegfalva,47.361667,16.567778,2026-03-25 10:24:09.364354,15.34,14.03,15.34,15.34,1007,42,4.96,211,100,0.0,Clouds,overcast clouds,10
Gyöngyöshermán,47.202778,16.657222,2026-03-25 10:24:10.602770,15.64,14.38,15.64,15.64,1008,43,5.21,211,100,0.0,Clouds,overcast clouds,10
Bezenye,47.973611,17.207222,2026-03-25 10:24:11.835397,15.96,14.84,15.96,15.96,1007,47,6.41,198,100,0.0,Clouds,overcast clouds,10
Kámon,47.254534,16.625769,2026-03-25 10:24:13.086188,15.56,14.27,15.56,15.56,1008,42,5.23,211,100,0.0,Clouds,overcast clouds,10
Sorkifalud,47.1375,16.719167,2026-03-25 10:24:14.335305,15.71,14.46,15.71,15.71,1008,43,5.49,211,100,0.0,Clouds,overcast clouds,10
Szentléránt,47.12,16.735556,2026-03-25 10:24:15.592654,15.71,14.46,15.71,15.71,1008,43,5.49,211,100,0.0,Clouds,overcast clouds,10
Pácsony,47.009722,16.833611,2026-03-25 10:24:16.829601,15.62,14.36,15.62,15.62,1009,43,5.39,211,100,0.0,Clouds,overcast clouds,10
Győrvár,46.99,16.840556,2026-03-25 10:24:18.072124,15.62,14.36,15.62,15.62,1009,43,5.39,211,100,0.0,Clouds,overcast clouds,10
Egervár-Vasboldogasszony,46.942222,16.862222,2026-03-25 10:24:19.315710,15.81,14.57,15.81,15.81,1009,43,5.32,210,100,0.0,Clouds,overcast clouds,10
Zalaszentlőrinc,46.913889,16.8775,2026-03-25 10:24:20.562089,15.77,14.53,15.77,15.77,1009,43,5.27,211,100,0.0,Clouds,overcast clouds,10
Gencsapáti alsó,47.285833,16.6,2026-03-25 10:24:21.809116,15.51,14.21,15.51,15.51,1007,42,4.9,212,100,0.0,Clouds,overcast clouds,10
Gyöngyösfalu,47.316111,16.59,2026-03-25 10:24:23.045565,15.46,14.16,15.46,15.46,1007,42,4.96,211,100,0.0,Clouds,overcast clouds,10
Lukácsháza,47.341111,16.580556,2026-03-25 10:24:24.297520,15.32,14.0,15.32,15.32,1007,42,4.87,211,100,0.0,Clouds,overcast clouds,10
Horvátnádalja,47.005278,16.544444,2026-03-25 10:24:25.541212,15.64,14.41,15.64,15.64,1008,44,4.94,211,100,0.0,Clouds,overcast clouds,10
Csákánydoroszló,46.978333,16.499722,2026-03-25 10:24:26.785560,15.61,14.38,15.61,15.61,1008,44,4.63,210,100,0.0,Clouds,overcast clouds,10
Váckisújfalu,47.705,19.340278,2026-03-25 10:24:28.030716,15.1,13.68,15.1,15.1,1009,39,3.44,205,100,0.0,Clouds,overcast clouds,10
Csisztafürdő,46.681411,17.561797,2026-03-25 10:24:29.281080,15.84,14.55,15.84,15.84,1010,41,5.39,204,100,0.0,Clouds,overcast clouds,10
Mórágy,46.236021,18.627255,2026-03-25 10:24:30.523071,15.44,14.03,15.44,15.44,1011,38,3.02,206,79,0.0,Clouds,broken clouds,10
Kismacs,47.551111,21.542778,2026-03-25 10:24:31.763797,15.05,13.6,15.05,15.05,1010,38,4.27,211,67,0.0,Clouds,broken clouds,10
Pusztaszentistván,47.439869,19.470254,2026-03-25 10:24:33.003519,15.21,13.78,15.21,15.21,1009,38,3.64,223,100,0.0,Clouds,overcast clouds,10
Aranyvölgy,47.573795,19.017489,2026-03-25 10:24:34.237978,15.2,13.82,15.2,15.2,1008,40,3.55,207,100,0.0,Clouds,overcast clouds,10
Szélhegy,47.601111,18.928056,2026-03-25 10:24:35.477764,14.94,13.53,14.94,14.94,1008,40,3.93,204,100,0.0,Clouds,overcast clouds,10
Vörösvárbánya,47.61,18.913611,2026-03-25 10:24:36.714211,14.94,13.53,14.94,14.94,1008,40,3.93,204,100,0.0,Clouds,overcast clouds,10
Máriaszőlőtelep,46.702778,17.411911,2026-03-25 10:24:37.962766,15.85,14.59,15.85,15.85,1010,42,5.59,202,100,0.0,Clouds,overcast clouds,10
Akadémiaújtelep,47.485724,19.22294,2026-03-25 10:24:39.205317,15.5,14.1,15.5,15.5,1009,38,3.26,213,100,0.0,Clouds,overcast clouds,10
Újpalota,47.5316,19.126206,2026-03-25 10:24:40.445127,15.63,14.27,15.63,15.63,1008,39,3.31,211,100,0.0,Clouds,overcast clouds,10
"Szeged, Somogyi utca",46.250464,20.147713,2026-03-25 10:24:41.678094,15.97,14.64,15.97,15.97,1011,39,3.21,222,82,0.0,Clouds,broken clouds,10
"Hódmezővásárhely, Hősök tere",46.412183,20.31759,2026-03-25 10:24:42.930785,15.95,14.59,15.95,15.95,1010,38,3.06,228,81,0.0,Clouds,broken clouds,10
"Hódmezővásárhely, Kossuth tér",46.41465,20.319727,2026-03-25 10:24:44.164719,15.95,14.59,15.95,15.95,1010,38,3.06,228,81,0.0,Clouds,broken clouds,10
"Hódmezővásárhely, Strandfürdő",46.409147,20.315671,2026-03-25 10:24:45.391666,15.95,14.59,15.95,15.95,1010,38,3.06,228,81,0.0,Clouds,broken clouds,10
"Szeged, Széchenyi tér",46.252683,20.14935,2026-03-25 10:24:46.624883,15.97,14.64,15.97,15.97,1011,39,3.21,222,82,0.0,Clouds,broken clouds,10
"Szeged, Anna-kút",46.256184,20.147587,2026-03-25 10:24:47.865387,15.97,14.64,15.97,15.97,1011,39,3.21,222,82,0.0,Clouds,broken clouds,10
"Szeged, Rókusi templom",46.259255,20.141771,2026-03-25 10:24:49.109459,15.97,14.64,15.97,15.97,1011,39,3.21,222,82,0.0,Clouds,broken clouds,10
"Hódmezővásárhely, Kálvin János tér",46.416677,20.328532,2026-03-25 10:24:50.343858,15.92,14.56,15.92,15.92,1010,38,3.08,229,79,0.0,Clouds,broken clouds,10
Hódmezővásárhely vasútállomás,46.413242,20.338701,2026-03-25 10:24:51.571370,15.92,14.56,15.92,15.92,1010,38,3.08,229,79,0.0,Clouds,broken clouds,10
"Szeged, Tavasz utca",46.260715,20.139055,2026-03-25 10:24:52.801927,15.97,14.64,15.97,15.97,1011,39,3.21,222,82,0.0,Clouds,broken clouds,10
"Szeged, Damjanich utca",46.262753,20.135248,2026-03-25 10:24:54.035309,15.97,14.64,15.97,15.97,1011,39,3.21,222,82,0.0,Clouds,broken clouds,10
"Szeged, Vásárhelyi Pál utca",46.264173,20.131109,2026-03-25 10:24:55.273374,15.97,14.64,15.97,15.97,1011,39,3.21,222,82,0.0,Clouds,broken clouds,10
"Szeged, Bécsi körút ",46.243459,20.143809,2026-03-25 10:24:56.500885,15.97,14.64,15.97,15.97,1011,39,3.2,221,81,0.0,Clouds,broken clouds,10
Hódmezővásárhelyi Népkert vasútállomás,46.403733,20.312986,2026-03-25 10:24:57.728261,15.95,14.59,15.95,15.95,1010,38,3.06,228,81,0.0,Clouds,broken clouds,10
Szeged vasútállomás,46.239789,20.142561,2026-03-25 10:24:58.959853,15.97,14.64,15.97,15.97,1011,39,3.2,221,81,0.0,Clouds,broken clouds,10
"Szeged, Bem utca",46.240198,20.141247,2026-03-25 10:25:00.190968,15.97,14.64,15.97,15.97,1011,39,3.2,221,81,0.0,Clouds,broken clouds,10
"Szeged, Galamb utca",46.24153,20.142297,2026-03-25 10:25:01.422794,15.97,14.64,15.97,15.97,1011,39,3.2,221,81,0.0,Clouds,broken clouds,10
"Szeged, Aradi vértanúk tere",46.247839,20.147,2026-03-25 10:25:02.650644,15.97,14.64,15.97,15.97,1011,39,3.21,222,82,0.0,Clouds,broken clouds,10
"Szeged, Pulz utca",46.264452,20.126061,2026-03-25 10:25:03.881356,15.97,14.64,15.97,15.97,1011,39,3.21,222,82,0.0,Clouds,broken clouds,10
"Szeged, Rókus vasútállomás",46.266107,20.125686,2026-03-25 10:25:05.112398,15.98,14.65,15.98,15.98,1011,39,3.19,221,82,0.0,Clouds,broken clouds,10
Látókép,47.55787,21.524373,2026-03-25 10:25:06.355514,15.05,13.6,15.05,15.05,1010,38,4.27,211,67,0.0,Clouds,broken clouds,10
Szentmihálytelek,46.2229,20.0808,2026-03-25 10:25:07.605867,15.99,14.66,15.99,15.99,1011,39,3.16,220,82,0.0,Clouds,broken clouds,10
Kisvarsány,48.144356,22.297397,2026-03-25 10:25:08.843403,14.32,12.85,14.32,14.32,1010,40,3.2,193,19,0.0,Clouds,few clouds,10
