station_name,station_lat,station_lon,observation_time,temp,feels_like,temp_min,temp_max,pressure,humidity,wind_speed,wind_deg,clouds,precipitation_1h,weather_main,weather_description,collection_hour
Búcsúszentlászló,46.793056,16.932778,2026-07-02 21:37:26.747836,20.77,20.26,20.77,20.77,1018,52,3.27,358,4,0.0,Clear,clear sky,21
Angyalföld,47.549722,19.09,2026-07-02 21:37:27.982271,23.51,23.38,22.23,24.39,1016,56,1.34,344,84,0.0,Clouds,broken clouds,21
Felsőjánosfa,46.841389,16.544167,2026-07-02 21:37:29.218065,20.35,20.01,20.35,20.35,1018,60,2.86,332,2,0.0,Clear,clear sky,21
Pankasz,46.835833,16.496111,2026-07-02 21:37:30.446267,20.03,19.68,20.03,20.03,1018,61,3.03,331,2,0.0,Clear,clear sky,21
Nagyrákos,46.827222,16.455556,2026-07-02 21:37:31.701408,19.97,19.64,19.97,19.97,1018,62,3.11,331,2,0.0,Clear,clear sky,21
Őriszentpéter,46.828889,16.415278,2026-07-02 21:37:32.932853,20.03,19.71,20.03,20.03,1018,62,3.21,330,2,0.0,Clear,clear sky,21
Törökbálint,47.45,18.908611,2026-07-02 21:37:34.165432,23.03,22.82,22.01,24.16,1016,55,1.34,344,55,0.0,Clouds,broken clouds,21
Bicske alsó,47.486389,18.642778,2026-07-02 21:37:35.391605,22.22,21.86,21.9,23.95,1016,52,3.74,329,37,0.0,Clouds,scattered clouds,21
Bajánsenye,46.818056,16.358056,2026-07-02 21:37:36.628258,20.09,19.8,20.09,20.09,1018,63,3.28,331,2,0.0,Clear,clear sky,21
Aquincum,47.566218,19.048273,2026-07-02 21:37:37.860405,23.25,23.07,22.26,24.41,1016,55,1.34,344,70,0.0,Clouds,broken clouds,21
Piliscsév,47.673889,18.791389,2026-07-02 21:37:39.093303,22.21,21.77,20.7,22.21,1016,49,2.48,330,33,0.0,Clouds,scattered clouds,21
Tát,47.741201,18.64783,2026-07-02 21:37:40.326054,22.62,22.37,22.62,22.62,1016,55,2.03,328,8,0.0,Clear,clear sky,21
Süttő felső,47.756667,18.437222,2026-07-02 21:37:41.561330,21.0,20.54,21.0,21.0,1016,53,2.64,323,4,0.0,Clear,clear sky,21
Budatétény,47.405,19.016389,2026-07-02 21:37:42.789764,23.95,23.92,22.3,24.45,1016,58,0.89,53,64,0.0,Clouds,broken clouds,21
Seregélyes-Szőlőhegy,47.119444,18.612222,2026-07-02 21:37:44.018300,21.87,21.42,21.87,21.87,1016,50,3.94,340,24,0.0,Clouds,few clouds,21
Gödöllő-Állami telepek,47.564444,19.375556,2026-07-02 21:37:45.249650,23.51,23.9,21.75,23.9,1016,76,1.54,342,100,0.0,Clouds,overcast clouds,21
Dunakeszi alsó,47.607778,19.128889,2026-07-02 21:37:46.481779,23.41,23.24,22.23,24.38,1016,55,1.96,332,91,0.0,Clouds,overcast clouds,21
Vác-Alsóváros,47.773056,19.149722,2026-07-02 21:37:47.712420,21.06,20.84,21.06,22.58,1016,62,2.17,328,90,0.0,Clouds,overcast clouds,21
Szob alsó,47.816667,18.8725,2026-07-02 21:37:48.939694,22.61,22.44,22.61,22.61,1016,58,1.57,330,38,0.0,Clouds,scattered clouds,21
Zalaszentmihály-Pacsa,46.7225,16.951944,2026-07-02 21:37:50.171705,20.74,20.23,20.74,20.74,1018,52,3.17,359,4,0.0,Clear,clear sky,21
Pötréte,46.682778,16.9575,2026-07-02 21:37:51.397266,20.73,20.22,20.73,20.73,1018,52,3.11,359,4,0.0,Clear,clear sky,21
Felsőrajk,46.667222,16.982778,2026-07-02 21:37:52.626976,20.76,20.22,20.76,20.76,1018,51,3.41,359,4,0.0,Clear,clear sky,21
Gelse,46.600556,16.982778,2026-07-02 21:37:53.864870,20.77,20.21,20.77,20.77,1018,50,3.51,360,5,0.0,Clear,clear sky,21
Őrtilos,46.297778,16.887778,2026-07-02 21:37:55.099257,20.81,20.23,20.81,20.81,1017,49,4.36,353,17,0.0,Clouds,few clouds,21
Zákány,46.251944,16.9425,2026-07-02 21:37:56.340580,21.13,20.53,21.13,21.13,1017,47,5.83,358,23,0.0,Clouds,few clouds,21
Berzence,46.201389,17.143611,2026-07-02 21:37:57.571589,21.86,21.3,21.86,21.86,1017,46,6.28,357,29,0.0,Clouds,scattered clouds,21
Somogyudvarhely,46.163333,17.179722,2026-07-02 21:37:58.812438,21.79,21.23,21.79,21.79,1017,46,5.96,356,28,0.0,Clouds,scattered clouds,21
Bélavár,46.122778,17.207778,2026-07-02 21:38:00.047140,21.72,21.2,21.72,21.72,1017,48,5.33,353,23,0.0,Clouds,few clouds,21
Vízvár,46.101389,17.239444,2026-07-02 21:38:01.282718,21.44,20.92,21.44,21.44,1017,49,4.84,351,20,0.0,Clouds,few clouds,21
Babócsa,46.028359,17.342276,2026-07-02 21:38:02.520639,20.8,20.32,20.8,20.8,1017,53,3.66,344,14,0.0,Clouds,few clouds,21
Péterhida-Komlósd,46.006667,17.358056,2026-07-02 21:38:03.752335,20.61,20.16,20.61,20.61,1017,55,3.26,339,12,0.0,Clouds,few clouds,21
Barcs,45.951944,17.446944,2026-07-02 21:38:04.981070,20.12,19.7,20.12,20.12,1017,58,2.67,323,10,0.0,Clear,clear sky,21
Barcs felső,45.958333,17.486389,2026-07-02 21:38:06.215793,20.0,19.57,20.0,20.0,1017,58,2.7,321,10,0.0,Clear,clear sky,21
Középrigóc,45.970556,17.525,2026-07-02 21:38:07.450048,19.9,19.46,19.9,19.9,1017,58,2.75,319,11,0.0,Clouds,few clouds,21
Darány,45.992222,17.598611,2026-07-02 21:38:08.684021,20.06,19.61,20.06,20.06,1017,57,3.11,322,13,0.0,Clouds,few clouds,21
Kisdobsza,46.012222,17.668056,2026-07-02 21:38:09.924227,20.27,19.81,20.27,20.27,1017,56,3.33,325,13,0.0,Clouds,few clouds,21
Nemeske,46.023333,17.705278,2026-07-02 21:38:11.157060,20.37,19.92,20.37,20.37,1017,56,3.43,326,14,0.0,Clouds,few clouds,21
Molvány,46.035278,17.748611,2026-07-02 21:38:12.387481,20.46,20.0,20.46,20.46,1017,55,3.48,329,13,0.0,Clouds,few clouds,21
Szigetvár,46.043333,17.801944,2026-07-02 21:38:13.617747,20.48,20.02,20.48,20.48,1017,55,3.49,330,14,0.0,Clouds,few clouds,21
Nagypeterd,46.039444,17.871667,2026-07-02 21:38:14.848339,20.54,20.06,20.54,20.54,1017,54,3.43,331,17,0.0,Clouds,few clouds,21
Szentdénes,46.036667,17.926944,2026-07-02 21:38:16.074784,20.49,20.0,20.49,20.49,1017,54,3.37,332,19,0.0,Clouds,few clouds,21
Háros,47.412222,19.035,2026-07-02 21:38:17.309371,23.96,23.93,22.26,24.41,1016,58,0.89,53,64,0.0,Clouds,broken clouds,21
Nagytétény-Diósd,47.398333,18.974444,2026-07-02 21:38:18.543989,23.82,23.75,22.29,24.45,1016,57,0.89,53,60,0.0,Clouds,broken clouds,21
Érdliget,47.390278,18.937778,2026-07-02 21:38:19.771208,23.64,23.55,22.21,24.36,1016,57,0.89,53,57,0.0,Clouds,broken clouds,21
Érd felső,47.381111,18.922222,2026-07-02 21:38:21.004545,23.8,23.72,22.18,24.33,1016,57,0.89,53,53,0.0,Clouds,broken clouds,21
Érd,47.369722,18.900833,2026-07-02 21:38:22.238362,23.76,23.68,22.14,24.29,1016,57,3.29,333,53,0.0,Clouds,broken clouds,21
Százhalombatta,47.322222,18.899167,2026-07-02 21:38:23.469115,23.81,23.81,22.12,24.28,1016,60,3.27,336,52,0.0,Clouds,broken clouds,21
Dunai Finomító,47.294444,18.878889,2026-07-02 21:38:24.703615,24.0,24.02,21.96,24.12,1016,60,3.61,336,45,0.0,Clouds,scattered clouds,21
Ercsi,47.247222,18.875278,2026-07-02 21:38:25.935333,24.24,24.05,22.19,24.34,1016,51,3.55,337,44,0.0,Clouds,scattered clouds,21
Iváncsa,47.177778,18.811944,2026-07-02 21:38:27.174704,21.83,21.4,21.83,21.83,1016,51,3.55,341,36,0.0,Clouds,scattered clouds,21
Pusztaszabolcs,47.139722,18.761667,2026-07-02 21:38:28.408548,21.88,21.46,21.88,21.88,1016,51,3.58,344,34,0.0,Clouds,scattered clouds,21
Szabadegyháza,47.082778,18.704167,2026-07-02 21:38:29.641949,21.86,21.43,21.86,21.86,1016,51,3.71,345,33,0.0,Clouds,scattered clouds,21
Sárosd,47.039722,18.660278,2026-07-02 21:38:30.873226,21.87,21.42,21.87,21.87,1016,50,3.86,342,33,0.0,Clouds,scattered clouds,21
Nagylók,46.979444,18.635833,2026-07-02 21:38:32.105444,21.62,21.14,21.62,21.62,1016,50,3.75,341,38,0.0,Clouds,scattered clouds,21
Sárbogárd,46.896944,18.611944,2026-07-02 21:38:33.335425,21.62,21.17,21.62,21.62,1016,51,3.6,335,39,0.0,Clouds,scattered clouds,21
Rétszilas,46.814167,18.601389,2026-07-02 21:38:34.568797,21.44,20.97,21.44,21.44,1016,51,3.36,330,38,0.0,Clouds,scattered clouds,21
Nagyatád,46.228611,17.354167,2026-07-02 21:38:35.799964,21.06,20.55,21.06,21.06,1017,51,4.48,348,25,0.0,Clouds,scattered clouds,21
Budapest-Keleti,47.500278,19.084167,2026-07-02 21:38:37.026703,23.76,23.71,22.21,24.36,1016,58,0.89,53,72,0.0,Clouds,broken clouds,21
Ferencváros,47.468611,19.088056,2026-07-02 21:38:38.274188,23.88,23.86,22.23,24.38,1016,59,0.89,53,70,0.0,Clouds,broken clouds,21
Budapest-Nyugati,47.510833,19.0575,2026-07-02 21:38:39.499456,23.56,23.43,22.22,24.38,1016,56,0.89,53,73,0.0,Clouds,broken clouds,21
Kőbánya felső,47.491944,19.133889,2026-07-02 21:38:40.724000,23.8,23.83,22.15,24.3,1016,61,0.45,14,87,0.0,Clouds,overcast clouds,21
Rákos,47.488889,19.174722,2026-07-02 21:38:41.957595,23.8,23.88,22.11,24.26,1016,63,0.45,14,91,0.0,Clouds,overcast clouds,21
Rákosrendező,47.525556,19.089444,2026-07-02 21:38:43.187413,23.68,23.59,22.25,24.41,1016,57,0.45,14,83,0.0,Clouds,broken clouds,21
Zugló,47.511389,19.101389,2026-07-02 21:38:44.418791,23.77,23.72,22.21,24.37,1016,58,0.45,14,83,0.0,Clouds,broken clouds,21
Mezőtárkány,47.725,20.480278,2026-07-02 21:38:45.655264,22.12,22.35,22.12,22.12,1015,75,1.96,352,92,0.0,Clouds,overcast clouds,21
Istvántelek,47.550278,19.106389,2026-07-02 21:38:46.909532,23.62,23.53,22.24,24.39,1016,57,0.45,14,84,0.0,Clouds,broken clouds,21
Rákospalota-Újpest,47.565833,19.111944,2026-07-02 21:38:48.139861,23.57,23.44,22.23,24.39,1016,56,0.45,14,85,0.0,Clouds,overcast clouds,21
Kőbánya alsó,47.483056,19.127222,2026-07-02 21:38:49.369092,23.82,23.85,22.16,24.32,1016,61,0.89,53,87,0.0,Clouds,overcast clouds,21
Kőbánya-Kispest,47.463889,19.149444,2026-07-02 21:38:50.598289,23.85,23.91,22.16,24.32,1016,62,0.45,14,86,0.0,Clouds,overcast clouds,21
Pestszentlőrinc,47.454722,19.182778,2026-07-02 21:38:51.822410,23.81,23.89,22.1,24.26,1016,63,0.94,344,89,0.0,Clouds,overcast clouds,21
Kispest,47.448135,19.157552,2026-07-02 21:38:53.051634,23.88,23.94,22.17,24.32,1016,62,0.45,14,84,0.0,Clouds,broken clouds,21
Újpest,47.558889,19.079722,2026-07-02 21:38:54.276499,23.4,23.26,22.24,24.39,1016,56,0.45,14,74,0.0,Clouds,broken clouds,21
Pestszentimre felső,47.413611,19.173333,2026-07-02 21:38:55.508873,23.92,24.01,22.2,24.35,1016,63,0.79,348,88,0.0,Clouds,overcast clouds,21
Dunakeszi,47.626111,19.136111,2026-07-02 21:38:56.740863,23.25,23.07,22.14,24.29,1016,55,2.08,332,91,0.0,Clouds,overcast clouds,21
Dunakeszi-Gyártelep,47.643611,19.135,2026-07-02 21:38:57.975014,23.19,22.97,22.18,24.34,1016,54,2.18,331,92,0.0,Clouds,overcast clouds,21
Alsógöd,47.676944,19.134444,2026-07-02 21:38:59.201161,23.05,22.93,22.18,24.33,1016,58,2.25,331,92,0.0,Clouds,overcast clouds,21
Göd,47.687778,19.1375,2026-07-02 21:39:00.445790,23.06,22.94,22.2,24.35,1016,58,2.25,331,92,0.0,Clouds,overcast clouds,21
Felsőgöd,47.705556,19.143333,2026-07-02 21:39:01.682121,22.99,22.89,22.24,24.39,1016,59,2.29,330,92,0.0,Clouds,overcast clouds,21
Sződ-Sződliget,47.728056,19.154722,2026-07-02 21:39:02.909197,21.17,20.73,21.09,22.6,1016,53,2.28,330,91,0.0,Clouds,overcast clouds,21
Vác,47.782778,19.133056,2026-07-02 21:39:04.134342,21.06,20.84,21.06,22.58,1016,62,2.17,328,90,0.0,Clouds,overcast clouds,21
Verőce,47.823889,19.029444,2026-07-02 21:39:05.365190,20.9,20.64,20.9,22.41,1016,61,1.69,319,70,0.0,Clouds,broken clouds,21
Kismaros,47.8275,19.010278,2026-07-02 21:39:06.602008,22.54,22.44,22.54,22.54,1016,61,1.62,320,65,0.0,Clouds,broken clouds,21
Nagymaros-Visegrád,47.791389,18.959167,2026-07-02 21:39:07.838777,22.56,22.41,21.05,22.56,1016,59,1.7,324,61,0.0,Clouds,broken clouds,21
Nagymaros,47.780278,18.952222,2026-07-02 21:39:09.071622,22.64,22.5,21.12,22.64,1016,59,1.7,324,61,0.0,Clouds,broken clouds,21
Zebegény,47.801389,18.908889,2026-07-02 21:39:10.301181,22.61,22.47,21.1,22.61,1016,59,1.58,325,53,0.0,Clouds,broken clouds,21
Szob,47.821111,18.861944,2026-07-02 21:39:11.530326,22.57,22.42,22.57,22.57,1016,59,1.51,331,37,0.0,Clouds,scattered clouds,21
Alagimajor,47.601944,19.153889,2026-07-02 21:39:12.761996,23.59,23.57,22.18,24.34,1016,60,1.96,332,91,0.0,Clouds,overcast clouds,21
Fót,47.611389,19.181667,2026-07-02 21:39:13.987033,23.6,23.66,22.08,24.23,1016,63,2.11,334,95,0.0,Clouds,overcast clouds,21
Fótújfalu,47.615,19.192778,2026-07-02 21:39:15.222249,23.54,23.62,21.97,24.13,1016,64,2.11,334,95,0.0,Clouds,overcast clouds,21
Csomád,47.635556,19.222778,2026-07-02 21:39:16.454884,23.3,23.67,21.7,23.86,1016,76,2.14,335,98,0.0,Clouds,overcast clouds,21
Veresegyház,47.649167,19.288611,2026-07-02 21:39:17.698714,23.64,24.04,21.85,24.01,1016,76,2.27,339,100,0.0,Clouds,overcast clouds,21
Erdőkertes,47.662222,19.295833,2026-07-02 21:39:18.931717,23.59,23.6,21.81,23.96,1016,61,2.27,339,100,0.0,Clouds,overcast clouds,21
Őrbottyán,47.685833,19.283611,2026-07-02 21:39:20.159648,23.47,23.49,23.47,23.88,1016,62,2.38,339,100,0.0,Clouds,overcast clouds,21
Váchartyán,47.725833,19.248889,2026-07-02 21:39:21.391830,20.94,20.73,20.94,23.83,1016,63,2.49,337,98,0.0,Clouds,overcast clouds,21
Magyarkút-Verőce,47.826111,19.044444,2026-07-02 21:39:22.628892,21.06,20.81,21.06,21.06,1016,61,1.69,319,70,0.0,Clouds,broken clouds,21
Szokolya,47.871111,19.030556,2026-07-02 21:39:23.860707,19.39,19.0,19.39,19.39,1016,62,1.56,316,66,0.0,Clouds,broken clouds,21
Berkenye,47.885278,19.071944,2026-07-02 21:39:25.093102,20.15,19.87,20.15,20.15,1016,63,1.59,316,71,0.0,Clouds,broken clouds,21
Nógrád,47.901944,19.0475,2026-07-02 21:39:26.325474,19.69,19.33,19.69,19.69,1016,62,1.49,315,64,0.0,Clouds,broken clouds,21
Diósjenő,47.94,19.049444,2026-07-02 21:39:27.553117,19.25,18.88,19.25,19.25,1016,63,1.44,315,62,0.0,Clouds,broken clouds,21
Borsosberény,47.971389,19.093056,2026-07-02 21:39:28.785770,20.0,19.73,20.0,20.0,1016,64,1.35,318,73,0.0,Clouds,broken clouds,21
Nagyoroszi,47.993611,19.101111,2026-07-02 21:39:30.021915,19.8,19.51,19.8,19.8,1016,64,1.31,320,70,0.0,Clouds,broken clouds,21
Drégelyvár,48.001944,19.079444,2026-07-02 21:39:31.249398,19.94,19.66,19.94,19.94,1016,64,1.35,322,60,0.0,Clouds,broken clouds,21
Drégely,48.042222,19.056111,2026-07-02 21:39:32.482293,20.26,20.01,20.26,20.26,1016,64,1.38,328,58,0.0,Clouds,broken clouds,21
Drégelypalánk,48.055,19.046111,2026-07-02 21:39:33.718494,20.33,20.09,20.33,20.33,1016,64,1.48,336,52,0.0,Clouds,broken clouds,21
Ipolyvece,48.056944,19.106389,2026-07-02 21:39:34.943619,20.38,20.17,20.38,20.38,1016,65,1.45,334,63,0.0,Clouds,broken clouds,21
Dejtár,48.045556,19.196389,2026-07-02 21:39:36.171424,20.4,20.19,20.4,20.4,1016,65,1.34,334,73,0.0,Clouds,broken clouds,21
Ipolyszög,48.054444,19.221944,2026-07-02 21:39:37.403422,20.37,20.19,20.37,20.37,1016,66,1.48,339,73,0.0,Clouds,broken clouds,21
Iklad-Domony,47.658056,19.444444,2026-07-02 21:39:38.638656,23.86,24.05,23.86,23.86,1016,67,1.9,342,98,0.0,Clouds,overcast clouds,21
Iklad-Domony felső,47.667778,19.428056,2026-07-02 21:39:39.879188,23.84,24.03,20.95,23.84,1016,67,2.08,343,98,0.0,Clouds,overcast clouds,21
Galgamácsa,47.693889,19.3925,2026-07-02 21:39:41.108932,23.83,23.97,20.94,23.83,1016,65,2.34,341,99,0.0,Clouds,overcast clouds,21
Vácrátót,47.732778,19.217778,2026-07-02 21:39:42.342856,20.86,20.62,20.86,23.75,1016,62,2.43,334,96,0.0,Clouds,overcast clouds,21
Csörög,47.735833,19.196389,2026-07-02 21:39:43.578049,20.87,20.61,20.86,24.16,1016,61,2.36,332,94,0.0,Clouds,overcast clouds,21
Galgagyörk,47.735278,19.372222,2026-07-02 21:39:44.814933,23.73,23.88,20.84,23.73,1016,66,2.37,342,98,0.0,Clouds,overcast clouds,21
Püspökhatvan,47.768611,19.366944,2026-07-02 21:39:46.052261,20.98,20.88,20.98,20.98,1016,67,2.31,344,97,0.0,Clouds,overcast clouds,21
Acsa-Erdőkürt,47.801111,19.386111,2026-07-02 21:39:47.292789,20.71,20.61,20.71,20.71,1016,68,2.23,346,96,0.0,Clouds,overcast clouds,21
Galgaguta,47.848611,19.385556,2026-07-02 21:39:48.527349,20.24,20.1,20.24,20.24,1016,68,1.99,350,95,0.0,Clouds,overcast clouds,21
Nógrádkövesd,47.879444,19.371111,2026-07-02 21:39:49.763347,20.33,20.22,20.33,20.33,1016,69,1.86,352,95,0.0,Clouds,overcast clouds,21
Magyarnándor,47.970833,19.356667,2026-07-02 21:39:51.007019,20.02,19.85,20.02,20.02,1016,68,1.46,353,91,0.0,Clouds,overcast clouds,21
Mohora,47.995556,19.347778,2026-07-02 21:39:52.236626,20.08,19.92,20.08,20.08,1016,68,1.4,354,89,0.0,Clouds,overcast clouds,21
Szügy,48.036389,19.333056,2026-07-02 21:39:53.471026,20.21,20.06,20.21,20.21,1016,68,1.4,351,85,0.0,Clouds,overcast clouds,21
Balassagyarmat,48.071111,19.293611,2026-07-02 21:39:54.707857,20.27,20.1,20.27,20.27,1016,67,1.49,346,81,0.0,Clouds,broken clouds,21
Őrhalom,48.078773,19.403936,2026-07-02 21:39:55.939852,19.9,19.77,19.9,19.9,1016,70,1.35,351,86,0.0,Clouds,overcast clouds,21
Hugyag,48.083056,19.421111,2026-07-02 21:39:57.174749,19.9,19.77,19.9,19.9,1016,70,1.35,351,86,0.0,Clouds,overcast clouds,21
Szécsény,48.093056,19.521111,2026-07-02 21:39:58.402376,20.06,20.0,20.06,20.06,1016,72,1.09,360,91,0.0,Clouds,overcast clouds,21
Ludányhalászi,48.1325,19.529444,2026-07-02 21:39:59.633033,19.98,19.91,19.98,19.98,1016,72,1.01,344,87,0.0,Clouds,overcast clouds,21
Nógrádszakál,48.178333,19.521667,2026-07-02 21:40:00.861281,19.9,19.83,19.9,19.9,1016,72,1.03,337,85,0.0,Clouds,overcast clouds,21
Ráróspuszta,48.207222,19.541389,2026-07-02 21:40:02.095901,19.31,19.18,19.31,19.31,1016,72,1.18,326,82,0.0,Clouds,broken clouds,21
Litke,48.215833,19.598611,2026-07-02 21:40:03.329135,19.78,19.75,19.78,19.78,1016,74,0.62,329,88,0.0,Clouds,overcast clouds,21
Nyíregyháza külső,47.943056,21.740278,2026-07-02 21:40:04.557931,20.12,19.86,20.12,20.12,1014,64,7.25,6,26,0.0,Clouds,scattered clouds,21
Oros,47.945833,21.806389,2026-07-02 21:40:05.790257,20.09,19.9,20.09,20.09,1014,67,7.09,6,36,0.0,Clouds,scattered clouds,21
Napkor,47.948889,21.873056,2026-07-02 21:40:07.023496,20.02,19.91,20.02,20.02,1014,70,6.62,6,50,0.0,Clouds,scattered clouds,21
Apagy,47.953775,21.939044,2026-07-02 21:40:08.254703,20.0,19.94,20.0,20.0,1014,72,6.35,5,55,0.0,Clouds,broken clouds,21
Levelek-Magy,47.948056,21.993611,2026-07-02 21:40:09.486802,19.92,19.93,19.92,19.92,1014,75,5.76,4,65,0.0,Clouds,broken clouds,21
Ófehértó,47.940556,22.041389,2026-07-02 21:40:10.726163,19.82,19.87,19.82,19.82,1014,77,5.35,3,74,0.0,Clouds,broken clouds,21
Ligettanya,47.951667,22.071389,2026-07-02 21:40:11.955701,19.77,19.87,19.77,19.77,1014,79,5.0,1,76,0.0,Clouds,broken clouds,21
Baktalórántháza,47.988611,22.083333,2026-07-02 21:40:13.197617,19.78,19.85,19.78,19.78,1014,78,5.1,1,71,0.0,Clouds,broken clouds,21
Vaja-Rohod,48.006389,22.164167,2026-07-02 21:40:14.430488,19.81,19.94,19.81,19.81,1014,80,4.73,359,74,0.0,Clouds,broken clouds,21
Rákóczitanya,48.022222,22.178333,2026-07-02 21:40:15.663938,19.79,19.94,19.79,19.79,1014,81,4.52,358,78,0.0,Clouds,broken clouds,21
Nyírmada,48.059167,22.203056,2026-07-02 21:40:16.903846,19.82,19.95,19.82,19.82,1014,80,4.66,358,71,0.0,Clouds,broken clouds,21
Tunyogmatolcs,47.960244,22.442247,2026-07-02 21:40:18.140280,20.08,20.39,20.08,20.08,1013,86,3.93,354,93,0.0,Clouds,overcast clouds,21
Tunyogmatolcs alsó,47.966025,22.464713,2026-07-02 21:40:19.374213,20.09,20.4,20.09,20.09,1013,86,3.9,354,93,0.0,Clouds,overcast clouds,21
Fehérgyarmat,47.979167,22.524444,2026-07-02 21:40:20.616955,20.13,20.44,20.13,20.13,1013,86,3.69,355,95,0.0,Clouds,overcast clouds,21
Penyige,47.995278,22.566944,2026-07-02 21:40:21.848345,20.17,20.51,20.17,20.17,1013,87,3.61,356,96,0.0,Clouds,overcast clouds,21
Nagyszekeres,47.976111,22.6125,2026-07-02 21:40:23.080714,20.19,20.54,20.19,20.19,1013,87,3.49,356,97,0.0,Clouds,overcast clouds,21
Kisszekeres,47.965833,22.629444,2026-07-02 21:40:24.318363,20.18,20.53,20.18,20.18,1013,87,3.6,356,97,0.0,Clouds,overcast clouds,21
Jánkmajtis,47.941944,22.657222,2026-07-02 21:40:25.554458,20.18,20.53,20.18,20.18,1013,87,3.58,355,99,0.0,Clouds,overcast clouds,21
Gacsály,47.926111,22.745,2026-07-02 21:40:26.783080,20.04,20.4,20.04,20.04,1013,88,3.16,357,100,0.0,Clouds,overcast clouds,21
Zajta,47.9025,22.796111,2026-07-02 21:40:28.019971,20.03,20.39,20.03,20.03,1013,88,2.9,358,100,0.0,Clouds,overcast clouds,21
Eperjeske alsó,48.360556,22.19,2026-07-02 21:40:29.256140,19.91,20.02,19.91,19.91,1014,79,5.16,353,23,0.0,Clouds,few clouds,21
Mándok,48.326944,22.196389,2026-07-02 21:40:30.483745,19.89,19.97,19.89,19.89,1014,78,5.26,353,31,0.0,Clouds,scattered clouds,21
Tornyospálca,48.268333,22.201944,2026-07-02 21:40:31.718867,19.93,20.02,19.93,19.93,1014,78,5.27,355,38,0.0,Clouds,scattered clouds,21
Aranyosapáti,48.211303,22.253534,2026-07-02 21:40:32.957950,19.99,20.13,19.99,19.99,1014,80,4.48,355,65,0.0,Clouds,broken clouds,21
Gyüre,48.171389,22.269167,2026-07-02 21:40:34.193177,19.98,20.15,19.98,19.98,1014,81,4.38,355,72,0.0,Clouds,broken clouds,21
Varsány,48.151722,22.290047,2026-07-02 21:40:35.422480,19.99,20.19,19.99,19.99,1014,82,4.15,355,80,0.0,Clouds,broken clouds,21
Vásárosnamény,48.126667,22.306111,2026-07-02 21:40:36.649866,19.99,20.21,19.99,19.99,1014,83,4.09,355,82,0.0,Clouds,broken clouds,21
Vitka,48.095556,22.308056,2026-07-02 21:40:37.884593,19.98,20.2,19.98,19.98,1014,83,4.04,355,83,0.0,Clouds,broken clouds,21
Nagydobos,48.054167,22.311111,2026-07-02 21:40:39.119168,19.91,20.15,19.91,19.91,1014,84,4.01,355,85,0.0,Clouds,overcast clouds,21
Ópályi,47.997778,22.318333,2026-07-02 21:40:40.349353,19.9,20.17,19.9,19.9,1014,85,4.05,355,88,0.0,Clouds,overcast clouds,21
Nyírcsaholy,47.908056,22.348333,2026-07-02 21:40:41.584066,19.99,20.26,19.99,19.99,1013,85,4.23,353,92,0.0,Clouds,overcast clouds,21
Nagyecsed,47.864722,22.385556,2026-07-02 21:40:42.815969,20.06,20.37,20.06,20.06,1013,86,4.33,352,96,0.0,Clouds,overcast clouds,21
Tiborszállás,47.815278,22.402778,2026-07-02 21:40:44.046580,20.07,20.38,20.07,20.07,1013,86,4.43,350,97,0.0,Clouds,overcast clouds,21
Kiskunhalas,46.434444,19.493611,2026-07-02 21:40:45.283020,21.01,21.26,21.01,21.01,1015,80,3.32,1,48,0.0,Clouds,scattered clouds,21
Kecskemét alsó,46.895833,19.692222,2026-07-02 21:40:46.511310,21.57,21.71,21.57,21.57,1015,74,3.34,30,96,0.0,Clouds,overcast clouds,21
Putnok,48.286667,20.4375,2026-07-02 21:40:47.743918,21.15,20.7,18.89,21.34,1016,53,1.21,329,97,0.0,Clouds,overcast clouds,21
Bánréve,48.299722,20.351944,2026-07-02 21:40:48.976975,21.33,20.9,18.88,21.33,1016,53,1.28,345,97,0.0,Clouds,overcast clouds,21
Ipolytarnóc,48.236667,19.629167,2026-07-02 21:40:50.214966,19.69,19.65,19.69,19.69,1016,74,0.58,328,87,0.0,Clouds,overcast clouds,21
Rákosliget,47.486111,19.257778,2026-07-02 21:40:51.445168,23.75,23.98,22.03,24.19,1016,69,1.01,347,100,0.0,Clouds,overcast clouds,21
Ikrény,47.657778,17.524167,2026-07-02 21:40:52.680913,20.96,20.68,20.96,20.96,1017,60,3.29,319,0,0.0,Clear,clear sky,21
Rábapatona,47.648889,17.461944,2026-07-02 21:40:53.912681,21.01,20.71,21.01,21.01,1017,59,3.29,320,0,0.0,Clear,clear sky,21
Enese,47.644167,17.425278,2026-07-02 21:40:55.146055,21.02,20.69,21.02,21.02,1017,58,3.28,321,0,0.0,Clear,clear sky,21
Kóny,47.632222,17.357222,2026-07-02 21:40:56.377487,21.01,20.68,21.01,21.01,1017,58,3.31,323,0,0.0,Clear,clear sky,21
Farád,47.595278,17.195833,2026-07-02 21:40:57.607897,21.68,21.39,21.68,21.68,1018,57,3.43,335,0,0.0,Clear,clear sky,21
Rábatamási,47.592778,17.161389,2026-07-02 21:40:58.836773,21.68,21.39,21.68,21.68,1018,57,3.43,335,0,0.0,Clear,clear sky,21
Szárföld,47.589167,17.123889,2026-07-02 21:41:00.071960,21.66,21.37,21.66,21.66,1018,57,3.47,336,0,0.0,Clear,clear sky,21
Veszkény,47.586944,17.101389,2026-07-02 21:41:01.309242,21.67,21.35,21.67,21.67,1018,56,3.49,338,0,0.0,Clear,clear sky,21
Kapuvár,47.581944,17.046944,2026-07-02 21:41:02.542172,21.65,21.33,21.65,21.65,1018,56,3.48,339,0,0.0,Clear,clear sky,21
Vitnyéd-Csermajor,47.5825,16.987222,2026-07-02 21:41:03.785677,21.66,21.34,21.66,21.66,1018,56,3.46,337,0,0.0,Clear,clear sky,21
Petőháza,47.595278,16.893056,2026-07-02 21:41:05.012496,21.61,21.29,21.61,21.61,1018,56,3.46,329,0,0.0,Clear,clear sky,21
Fertőszentmiklós,47.6,16.858889,2026-07-02 21:41:06.258861,21.61,21.29,18.93,21.61,1018,56,3.42,325,0,0.0,Clear,clear sky,21
Pinnye,47.600278,16.768611,2026-07-02 21:41:07.499747,21.49,21.16,18.81,21.49,1018,56,3.25,305,0,0.0,Clear,clear sky,21
Fertőboz,47.625,16.691667,2026-07-02 21:41:08.731493,21.33,20.98,18.65,21.33,1018,56,3.15,296,0,0.0,Clear,clear sky,21
Sopron,47.677778,16.587222,2026-07-02 21:41:09.956016,21.03,20.7,18.35,21.03,1018,58,2.97,282,0,0.0,Clear,clear sky,21
Fertőszéplak-Fertőd,47.618889,16.850833,2026-07-02 21:41:11.184880,21.63,21.31,18.95,21.63,1018,56,3.45,322,0,0.0,Clear,clear sky,21
Nyúl,47.587778,17.698056,2026-07-02 21:41:12.423322,20.84,20.57,20.84,20.84,1017,61,3.16,317,0,0.0,Clear,clear sky,21
Pannonhalma,47.547778,17.740833,2026-07-02 21:41:13.654967,20.61,20.29,20.61,20.61,1017,60,2.87,311,0,0.0,Clear,clear sky,21
Tarjánpuszta,47.504722,17.789167,2026-07-02 21:41:14.883656,20.52,20.19,20.52,20.52,1017,60,2.65,306,1,0.0,Clear,clear sky,21
Győrasszonyfa,47.4925,17.799167,2026-07-02 21:41:16.113607,20.52,20.19,20.52,20.52,1017,60,2.65,306,1,0.0,Clear,clear sky,21
Veszprémvarsány,47.443333,17.818333,2026-07-02 21:41:17.341263,20.42,20.08,20.42,20.42,1017,60,2.52,301,1,0.0,Clear,clear sky,21
Bakonyszentlászló,47.395556,17.8175,2026-07-02 21:41:18.574026,20.04,19.67,20.04,20.04,1017,60,2.44,299,2,0.0,Clear,clear sky,21
Porva-Csesznek,47.326944,17.841111,2026-07-02 21:41:19.812787,18.69,18.18,18.69,18.69,1018,60,2.39,299,3,0.0,Clear,clear sky,21
Zirc,47.266667,17.878056,2026-07-02 21:41:21.038656,18.76,18.23,18.76,18.76,1018,59,2.65,302,4,0.0,Clear,clear sky,21
Eplény,47.192778,17.921667,2026-07-02 21:41:22.269011,19.27,18.77,19.27,19.27,1017,58,3.08,308,6,0.0,Clear,clear sky,21
Marcaltő,47.4275,17.348889,2026-07-02 21:41:23.508191,20.99,20.66,20.99,20.99,1018,58,3.19,334,0,0.0,Clear,clear sky,21
Szany-Rábaszentandrás,47.460833,17.315278,2026-07-02 21:41:24.736193,21.0,20.67,21.0,21.0,1018,58,3.27,332,0,0.0,Clear,clear sky,21
Egyed-Rábacsanak,47.521944,17.316389,2026-07-02 21:41:25.968976,20.99,20.66,20.99,20.99,1018,58,3.31,329,0,0.0,Clear,clear sky,21
Rábapordány,47.557222,17.315,2026-07-02 21:41:27.196041,21.03,20.7,21.03,21.03,1017,58,3.33,328,0,0.0,Clear,clear sky,21
Albertfalva,47.440784,19.033965,2026-07-02 21:41:28.428987,23.9,23.83,22.29,24.44,1016,57,0.89,53,65,0.0,Clouds,broken clouds,21
Budafok,47.425833,19.041389,2026-07-02 21:41:29.662282,23.98,23.95,22.29,24.45,1016,58,0.89,53,64,0.0,Clouds,broken clouds,21
Tétényliget,47.384722,18.955278,2026-07-02 21:41:30.897210,23.81,23.76,22.31,24.47,1016,58,0.89,53,57,0.0,Clouds,broken clouds,21
Érd alsó,47.379722,18.923056,2026-07-02 21:41:32.119216,23.8,23.72,22.18,24.33,1016,57,0.89,53,53,0.0,Clouds,broken clouds,21
Tárnok,47.365556,18.873889,2026-07-02 21:41:33.356588,23.85,23.78,22.24,24.39,1016,57,3.8,333,47,0.0,Clouds,scattered clouds,21
Martonvásár,47.321389,18.781667,2026-07-02 21:41:34.594190,23.82,23.59,22.17,24.32,1016,51,3.9,335,39,0.0,Clouds,scattered clouds,21
Baracska,47.297222,18.753333,2026-07-02 21:41:35.832012,24.33,24.15,22.27,24.33,1016,51,3.83,336,35,0.0,Clouds,scattered clouds,21
Pettend,47.26,18.708889,2026-07-02 21:41:37.069985,21.8,21.37,21.8,21.8,1016,51,3.77,337,28,0.0,Clouds,scattered clouds,21
Kápolnásnyék,47.245556,18.692222,2026-07-02 21:41:38.305212,21.85,21.42,21.85,21.85,1016,51,3.75,338,25,0.0,Clouds,scattered clouds,21
Velence,47.226944,18.663889,2026-07-02 21:41:39.532860,21.9,21.45,21.9,21.9,1016,50,3.79,338,21,0.0,Clouds,few clouds,21
Velencefürdő,47.218611,18.648056,2026-07-02 21:41:40.765731,21.91,21.46,21.91,21.91,1016,50,3.79,339,22,0.0,Clouds,few clouds,21
Gárdony,47.205833,18.624722,2026-07-02 21:41:41.992280,21.92,21.47,21.92,21.92,1016,50,3.86,339,19,0.0,Clouds,few clouds,21
Agárd,47.197666,18.604907,2026-07-02 21:41:43.228873,21.92,21.47,21.92,21.92,1016,50,3.86,339,19,0.0,Clouds,few clouds,21
Dinnyés,47.179722,18.560833,2026-07-02 21:41:44.467768,21.92,21.47,21.92,21.92,1016,50,4.04,339,16,0.0,Clouds,few clouds,21
Székesfehérvár,47.183611,18.424722,2026-07-02 21:41:45.700568,21.83,21.35,21.83,21.83,1016,49,4.43,339,8,0.0,Clear,clear sky,21
Szabadbattyán,47.105278,18.388333,2026-07-02 21:41:46.931036,21.74,21.25,21.74,21.74,1016,49,4.46,336,10,0.0,Clear,clear sky,21
Kiscséripuszta,47.048056,18.355,2026-07-02 21:41:48.160820,21.42,20.9,21.42,21.42,1016,49,4.33,334,11,0.0,Clouds,few clouds,21
Lepsény,46.9875,18.248056,2026-07-02 21:41:49.392498,22.68,22.31,22.68,22.68,1016,50,4.15,329,8,0.0,Clear,clear sky,21
Balatonaliga,46.984444,18.171389,2026-07-02 21:41:50.620371,22.49,22.13,22.49,22.49,1016,51,4.05,325,5,0.0,Clear,clear sky,21
Balatonvilágos,46.964167,18.157222,2026-07-02 21:41:51.851130,22.53,22.17,22.53,22.53,1017,51,3.95,322,6,0.0,Clear,clear sky,21
Szabadifürdő,46.926111,18.103333,2026-07-02 21:41:53.086077,22.7,21.84,22.7,22.7,1017,31,3.79,317,7,0.0,Clear,clear sky,21
Ózd alsó,48.227778,20.306111,2026-07-02 21:41:54.313823,21.17,20.73,18.72,21.17,1016,53,1.3,357,100,0.0,Clouds,overcast clouds,21
Ózd,48.2225,20.294722,2026-07-02 21:41:55.551131,21.22,20.78,18.77,21.22,1016,53,1.3,357,100,0.0,Clouds,overcast clouds,21
Alsóboldva,48.212778,20.792222,2026-07-02 21:41:56.785821,19.68,20.31,19.1,20.12,1015,100,2.15,313,91,0.0,Clouds,overcast clouds,21
Boldva,48.223333,20.790278,2026-07-02 21:41:58.016123,19.67,19.47,19.09,20.12,1015,68,2.15,313,91,0.0,Clouds,overcast clouds,21
Borsodszirák,48.259167,20.770556,2026-07-02 21:41:59.250035,19.63,19.42,19.05,19.63,1016,68,1.8,292,93,0.0,Clouds,overcast clouds,21
Edelény alsó,48.279167,20.760833,2026-07-02 21:42:00.478702,19.61,19.4,19.61,19.61,1016,68,1.8,292,93,0.0,Clouds,overcast clouds,21
Edelény,48.299722,20.749444,2026-07-02 21:42:01.711671,19.59,19.38,19.59,19.59,1015,68,1.73,289,90,0.0,Clouds,overcast clouds,21
Szendrőlád,48.334444,20.731944,2026-07-02 21:42:02.940173,18.55,18.24,18.55,18.55,1015,68,1.61,278,88,0.0,Clouds,overcast clouds,21
Szendrő,48.400725,20.721346,2026-07-02 21:42:04.173496,19.44,19.22,19.44,19.44,1015,68,1.48,283,80,0.0,Clouds,broken clouds,21
Szendrő felső,48.409907,20.720148,2026-07-02 21:42:05.418973,19.44,19.22,19.44,19.44,1015,68,1.48,283,80,0.0,Clouds,broken clouds,21
Szalonna,48.449444,20.722222,2026-07-02 21:42:06.653360,19.46,19.26,19.46,19.46,1015,69,1.4,296,74,0.0,Clouds,broken clouds,21
Perkupa,48.471389,20.691111,2026-07-02 21:42:07.879589,18.75,18.48,18.75,18.75,1016,69,1.38,305,78,0.0,Clouds,broken clouds,21
Szemeretelep,47.443056,19.214167,2026-07-02 21:42:09.114193,23.82,23.93,22.1,24.25,1016,64,0.77,349,93,0.0,Clouds,overcast clouds,21
Jósvafő-Aggtelek,48.489722,20.693889,2026-07-02 21:42:10.346154,19.05,18.81,19.05,19.05,1016,69,1.45,315,76,0.0,Clouds,broken clouds,21
Bódvaszilas,48.5375,20.738056,2026-07-02 21:42:11.586147,18.64,18.39,18.64,18.64,1015,70,1.56,321,71,0.0,Clouds,broken clouds,21
Komjáti,48.5475,20.759722,2026-07-02 21:42:12.819358,18.18,17.88,18.18,18.18,1015,70,1.71,327,68,0.0,Clouds,broken clouds,21
Tornanádaska,48.558333,20.787222,2026-07-02 21:42:14.058917,19.34,19.18,19.34,19.34,1015,71,1.76,328,64,0.0,Clouds,broken clouds,21
Onga,48.121111,20.906667,2026-07-02 21:42:15.289684,19.73,20.37,19.73,20.18,1015,100,4.31,348,62,0.0,Clouds,broken clouds,21
Szikszó-Vásártér,48.193056,20.934722,2026-07-02 21:42:16.540938,19.7,19.42,19.7,20.14,1015,65,3.81,344,60,0.0,Clouds,broken clouds,21
Szikszó,48.201667,20.941667,2026-07-02 21:42:17.770260,19.71,19.41,19.71,19.71,1015,64,4.14,347,51,0.0,Clouds,broken clouds,21
Aszaló,48.219867,20.961466,2026-07-02 21:42:19.000025,19.69,19.39,19.69,19.69,1015,64,3.98,346,51,0.0,Clouds,broken clouds,21
Halmaj,48.246667,20.991667,2026-07-02 21:42:20.232385,19.79,19.5,19.79,19.79,1015,64,4.09,349,43,0.0,Clouds,scattered clouds,21
Csobád,48.277222,21.033889,2026-07-02 21:42:21.462250,19.78,19.48,19.78,19.78,1015,64,4.1,351,37,0.0,Clouds,scattered clouds,21
Ináncs,48.291111,21.057778,2026-07-02 21:42:22.693003,19.69,19.39,19.69,19.69,1015,64,4.08,355,28,0.0,Clouds,scattered clouds,21
Forró-Encs,48.3275,21.117778,2026-07-02 21:42:23.929010,19.61,19.32,19.61,19.61,1015,65,3.94,358,26,0.0,Clouds,scattered clouds,21
Méra,48.363056,21.140278,2026-07-02 21:42:25.159779,19.35,19.09,19.35,19.35,1015,67,3.72,3,24,0.0,Clouds,few clouds,21
Novajidrány,48.404444,21.170556,2026-07-02 21:42:26.393874,17.77,17.38,17.77,17.77,1015,68,3.62,6,23,0.0,Clouds,few clouds,21
Hernádszurdok,48.487222,21.213889,2026-07-02 21:42:27.626545,17.69,17.45,17.69,17.69,1015,74,3.48,9,23,0.0,Clouds,few clouds,21
Hidasnémeti,48.508333,21.229722,2026-07-02 21:42:28.857660,17.7,17.46,17.7,17.7,1015,74,3.5,9,24,0.0,Clouds,few clouds,21
Mád,48.19,21.268889,2026-07-02 21:42:30.087881,21.74,21.07,21.74,21.74,1015,42,3.34,350,16,0.0,Clouds,few clouds,21
Rátka,48.215,21.230278,2026-07-02 21:42:31.317578,21.9,21.24,21.9,21.9,1015,42,3.48,352,18,0.0,Clouds,few clouds,21
Tállya,48.226944,21.225278,2026-07-02 21:42:32.548018,21.85,21.19,21.85,21.85,1015,42,3.48,352,18,0.0,Clouds,few clouds,21
Golop,48.242778,21.204167,2026-07-02 21:42:33.780463,21.97,21.32,21.97,21.97,1015,42,3.85,354,20,0.0,Clouds,few clouds,21
Abaújszántó,48.286944,21.181667,2026-07-02 21:42:35.007155,21.88,21.79,21.88,21.88,1015,64,3.8,358,21,0.0,Clouds,few clouds,21
Abaújszántói fürdő,48.268333,21.179722,2026-07-02 21:42:36.239399,21.94,21.86,21.94,21.94,1015,64,3.84,356,21,0.0,Clouds,few clouds,21
Abaújkér,48.309444,21.198333,2026-07-02 21:42:37.467428,21.84,21.78,21.84,21.84,1015,65,3.77,0,22,0.0,Clouds,few clouds,21
Boldogkőváralja,48.345,21.208889,2026-07-02 21:42:38.700344,21.64,21.61,21.64,21.64,1015,67,3.49,4,20,0.0,Clouds,few clouds,21
Korlát-Vizsoly,48.365,21.219167,2026-07-02 21:42:39.934651,21.55,21.54,21.55,21.55,1015,68,3.48,6,21,0.0,Clouds,few clouds,21
Fony,48.411389,21.242778,2026-07-02 21:42:41.166725,17.57,17.18,17.57,17.57,1015,69,3.47,8,22,0.0,Clouds,few clouds,21
Hejce-Vilmány,48.419444,21.245556,2026-07-02 21:42:42.422939,17.54,17.15,17.54,17.54,1015,69,3.47,8,22,0.0,Clouds,few clouds,21
Göncruszka,48.445,21.246944,2026-07-02 21:42:43.653070,17.63,17.28,17.63,17.63,1015,70,3.47,9,22,0.0,Clouds,few clouds,21
Gönc,48.470556,21.261389,2026-07-02 21:42:44.889687,17.53,17.19,17.53,17.53,1015,71,3.39,9,22,0.0,Clouds,few clouds,21
Zsujta,48.4925,21.265,2026-07-02 21:42:46.123452,17.55,17.29,17.55,17.55,1015,74,3.43,9,23,0.0,Clouds,few clouds,21
Bodrogkeresztúr,48.175556,21.354167,2026-07-02 21:42:47.356066,22.01,21.36,22.01,22.01,1015,42,3.34,351,13,0.0,Clouds,few clouds,21
Szegi,48.201944,21.387778,2026-07-02 21:42:48.588024,22.05,21.41,22.05,22.05,1015,42,3.61,356,11,0.0,Clouds,few clouds,21
Erdőbénye,48.218056,21.401944,2026-07-02 21:42:49.819477,22.02,21.37,22.02,22.02,1015,42,3.76,358,11,0.0,Clouds,few clouds,21
Olaszliszka-Tolcsva,48.258333,21.448056,2026-07-02 21:42:51.057334,22.05,21.41,22.05,22.05,1015,42,3.79,359,12,0.0,Clouds,few clouds,21
Bodrogolaszi,48.286944,21.512778,2026-07-02 21:42:52.289586,21.99,22.05,21.99,21.99,1015,69,3.9,359,12,0.0,Clouds,few clouds,21
Sárospatak,48.325833,21.566111,2026-07-02 21:42:53.527975,21.94,22.12,21.94,21.94,1015,74,4.69,358,12,0.0,Clouds,few clouds,21
Sátoraljaújhely,48.385833,21.657778,2026-07-02 21:42:54.761825,18.81,18.91,18.81,18.81,1015,83,4.83,353,12,0.0,Clouds,few clouds,21
Vecsés,47.40855,19.25652,2026-07-02 21:42:55.995406,23.95,24.23,22.14,24.29,1016,70,0.3,24,96,0.0,Clouds,overcast clouds,21
Vecsés-Kertekalja,47.403333,19.271389,2026-07-02 21:42:57.221628,23.98,24.26,22.18,24.33,1016,70,0.3,24,96,0.0,Clouds,overcast clouds,21
Üllő,47.390833,19.348889,2026-07-02 21:42:58.450088,23.91,24.34,22.13,24.28,1016,76,0.33,129,96,0.0,Clouds,overcast clouds,21
Monor,47.34545,19.43701,2026-07-02 21:42:59.678630,23.82,24.24,23.82,23.82,1016,76,0.77,163,91,0.0,Clouds,overcast clouds,21
Pilis,47.279722,19.536389,2026-07-02 21:43:00.905990,21.42,21.42,21.42,23.78,1015,69,0.92,158,90,0.0,Clouds,overcast clouds,21
Albertirsa,47.240278,19.606389,2026-07-02 21:43:02.138199,21.51,21.52,21.51,21.51,1015,69,1.01,142,95,0.0,Clouds,overcast clouds,21
Ceglédbercel-Cserő,47.210278,19.686944,2026-07-02 21:43:03.379735,21.58,21.6,21.58,21.58,1015,69,1.05,126,98,0.0,Clouds,overcast clouds,21
Cegléd,47.182778,19.806111,2026-07-02 21:43:04.608665,21.68,21.71,21.68,21.68,1015,69,1.18,88,100,0.0,Clouds,overcast clouds,21
Abony,47.173056,20.016389,2026-07-02 21:43:05.838186,21.75,21.86,21.75,21.75,1015,72,2.19,49,96,0.0,Clouds,overcast clouds,21
Szolnok,47.179167,20.175833,2026-07-02 21:43:07.066642,21.77,21.91,21.77,21.77,1015,73,2.6,38,90,0.0,Clouds,overcast clouds,21
Szajol,47.170556,20.295278,2026-07-02 21:43:08.298410,20.95,20.93,20.95,20.95,1015,70,3.1,28,85,0.0,Clouds,overcast clouds,21
Törökszentmiklós,47.170278,20.413611,2026-07-02 21:43:09.531900,21.13,21.0,21.13,21.13,1015,65,3.87,20,78,0.0,Clouds,broken clouds,21
Rákoscsaba-Újtelep,47.4875,19.271944,2026-07-02 21:43:10.767047,23.76,23.99,22.03,24.19,1016,69,1.01,347,100,0.0,Clouds,overcast clouds,21
Rákoscsaba,47.492222,19.284722,2026-07-02 21:43:12.003810,23.8,24.14,22.03,24.18,1016,73,0.91,348,100,0.0,Clouds,overcast clouds,21
Pécel,47.493889,19.338889,2026-07-02 21:43:13.242094,23.67,24.08,21.9,24.06,1016,76,0.82,348,100,0.0,Clouds,overcast clouds,21
Isaszeg,47.537719,19.388955,2026-07-02 21:43:14.478898,23.56,23.96,23.56,23.97,1016,76,1.29,343,100,0.0,Clouds,overcast clouds,21
Gödöllő,47.592222,19.358611,2026-07-02 21:43:15.710474,23.36,23.74,21.59,23.75,1016,76,1.77,342,100,0.0,Clouds,overcast clouds,21
Máriabesnyő,47.595556,19.389722,2026-07-02 21:43:16.944762,23.48,23.87,23.48,23.89,1016,76,1.77,342,100,0.0,Clouds,overcast clouds,21
Bag,47.641111,19.471667,2026-07-02 21:43:18.175345,23.84,24.03,23.84,23.84,1016,67,1.9,342,98,0.0,Clouds,overcast clouds,21
Aszód,47.647467,19.492882,2026-07-02 21:43:19.404909,23.91,24.16,23.91,23.91,1016,69,1.86,342,97,0.0,Clouds,overcast clouds,21
Hévízgyörk,47.638611,19.526667,2026-07-02 21:43:20.656133,23.92,24.2,23.92,23.92,1016,70,1.84,341,96,0.0,Clouds,overcast clouds,21
Galgahévíz,47.6325,19.558333,2026-07-02 21:43:21.889037,23.91,24.21,23.91,23.91,1016,71,1.84,335,96,0.0,Clouds,overcast clouds,21
Tura,47.626389,19.5975,2026-07-02 21:43:23.131140,23.94,24.24,23.94,23.94,1016,71,1.91,333,96,0.0,Clouds,overcast clouds,21
Hatvan,47.663611,19.671389,2026-07-02 21:43:24.359442,21.19,21.24,21.19,21.19,1016,72,1.96,341,97,0.0,Clouds,overcast clouds,21
Vámosgyörk,47.686111,19.927778,2026-07-02 21:43:25.592038,20.82,20.86,20.82,20.82,1015,73,1.51,343,99,3.16,Rain,moderate rain,21
Adács,47.696389,19.975278,2026-07-02 21:43:26.823296,20.7,20.71,20.7,20.7,1015,72,1.35,352,98,4.86,Rain,heavy intensity rain,21
Karácsond,47.718056,20.048611,2026-07-02 21:43:28.060647,20.5,20.49,20.5,20.5,1016,72,1.3,356,96,16.33,Rain,very heavy rain,21
Ludas,47.723889,20.095556,2026-07-02 21:43:29.289694,20.62,20.64,20.62,20.62,1016,73,1.36,349,97,27.34,Rain,very heavy rain,21
Nagyút,47.72666666666667,20.161388888888887,2026-07-02 21:43:30.518153,20.55,20.57,20.55,20.55,1016,73,1.42,347,97,14.96,Rain,heavy intensity rain,21
Kál-Kápolna,47.734167,20.254167,2026-07-02 21:43:31.751665,20.42,20.48,20.42,20.42,1015,75,1.58,341,97,0.14,Rain,light rain,21
Füzesabony,47.751389,20.415278,2026-07-02 21:43:32.994023,20.24,20.3,20.24,20.24,1015,76,1.7,341,93,0.0,Clouds,overcast clouds,21
Szihalom,47.766944,20.491944,2026-07-02 21:43:34.226210,20.17,20.23,20.17,20.17,1015,76,1.92,346,93,0.0,Clouds,overcast clouds,21
Mezőkövesd,47.797222,20.5675,2026-07-02 21:43:35.475928,20.18,20.19,20.18,20.18,1015,74,2.53,355,96,0.0,Clouds,overcast clouds,21
Mezőkövesd felső,47.807222,20.591389,2026-07-02 21:43:36.701346,20.15,20.15,19.14,20.16,1015,74,2.53,355,96,0.0,Clouds,overcast clouds,21
Mezőkeresztes-Mezőnyárád,47.845556,20.670278,2026-07-02 21:43:37.935061,20.13,19.92,19.14,20.16,1015,66,3.32,358,100,0.0,Clouds,overcast clouds,21
Csincse,47.890833,20.764167,2026-07-02 21:43:39.167109,20.12,19.91,19.16,20.18,1015,66,0.89,331,94,0.0,Clouds,overcast clouds,21
Emőd,47.930556,20.822778,2026-07-02 21:43:40.404178,20.12,20.2,19.18,20.2,1015,77,0.89,331,91,0.0,Clouds,overcast clouds,21
Nyékládháza,47.9925,20.840556,2026-07-02 21:43:41.654405,20.11,20.24,19.21,20.23,1015,79,0.89,331,86,0.0,Clouds,overcast clouds,21
Miskolc-Tiszai,48.098611,20.811389,2026-07-02 21:43:42.885783,19.86,20.15,19.13,20.15,1015,86,3.12,339,94,0.0,Clouds,overcast clouds,21
Felsőzsolca,48.083611,20.866111,2026-07-02 21:43:44.115115,19.95,20.17,19.15,20.18,1015,83,3.82,346,79,0.0,Clouds,broken clouds,21
Hernádnémeti-Bőcs,48.051389,20.985,2026-07-02 21:43:45.347829,20.18,19.9,19.73,20.18,1015,63,4.82,353,47,0.0,Clouds,scattered clouds,21
Tiszalúc,48.039722,21.0575,2026-07-02 21:43:46.589127,20.78,20.53,19.78,22.04,1015,62,4.46,350,30,0.0,Clouds,scattered clouds,21
Taktaharkány,48.091667,21.128611,2026-07-02 21:43:47.824860,22.09,21.45,22.09,22.09,1015,42,4.28,349,25,0.0,Clouds,scattered clouds,21
Taktaszada,48.1125,21.149444,2026-07-02 21:43:49.061102,22.1,21.46,22.1,22.1,1015,42,4.06,348,22,0.0,Clouds,few clouds,21
Szerencs,48.155556,21.214444,2026-07-02 21:43:50.289985,22.09,21.45,22.09,22.09,1015,42,3.47,348,16,0.0,Clouds,few clouds,21
Mezőzombor,48.156944,21.267778,2026-07-02 21:43:51.522593,22.09,21.45,22.09,22.09,1015,42,3.35,348,15,0.0,Clouds,few clouds,21
Tarcal,48.125,21.34,2026-07-02 21:43:52.756866,22.11,21.47,22.11,22.11,1015,42,3.43,348,11,0.0,Clouds,few clouds,21
Tokaj,48.112778,21.406667,2026-07-02 21:43:53.999148,22.07,21.43,22.07,22.07,1015,42,4.15,356,7,0.0,Clear,clear sky,21
Rakamaz,48.12,21.475,2026-07-02 21:43:55.239475,22.07,21.43,22.07,22.07,1014,42,4.5,358,7,0.0,Clear,clear sky,21
Görögszállás,48.04,21.555,2026-07-02 21:43:56.472104,22.03,21.39,22.03,22.03,1014,42,5.62,2,6,0.0,Clear,clear sky,21
Nyírtelek,48.005,21.615556,2026-07-02 21:43:57.711239,22.07,21.9,22.07,22.07,1014,60,6.77,5,10,0.0,Clear,clear sky,21
Rákoshegy,47.468611,19.245556,2026-07-02 21:43:58.938295,23.7,23.82,21.98,24.13,1016,65,0.75,352,99,0.0,Clouds,overcast clouds,21
Ecser,47.439444,19.318056,2026-07-02 21:44:00.172228,23.8,24.22,22.03,24.18,1016,76,0.38,6,98,0.0,Clouds,overcast clouds,21
Maglód,47.438889,19.340833,2026-07-02 21:44:01.399066,23.74,24.15,21.97,24.12,1016,76,0.27,8,99,0.0,Clouds,overcast clouds,21
Maglódi nyaraló,47.434167,19.363611,2026-07-02 21:44:02.627821,23.64,24.04,21.87,24.02,1016,76,0.18,6,99,0.0,Clouds,overcast clouds,21
Gyömrő,47.429722,19.393333,2026-07-02 21:44:03.857002,23.58,23.98,23.58,23.99,1016,76,0.18,6,99,0.0,Clouds,overcast clouds,21
Mende,47.426944,19.439722,2026-07-02 21:44:05.086875,23.54,23.93,23.54,23.95,1016,76,0.22,219,95,0.0,Clouds,overcast clouds,21
Szőlősnyaraló,47.450278,19.561111,2026-07-02 21:44:06.318753,23.77,24.19,21.41,23.77,1016,76,0.88,287,95,0.0,Clouds,overcast clouds,21
Sülysáp,47.451944,19.5275,2026-07-02 21:44:07.548256,23.75,24.16,21.39,23.75,1016,76,0.55,284,95,0.0,Clouds,overcast clouds,21
Tápiószecső,47.443056,19.614722,2026-07-02 21:44:08.774861,21.49,21.55,21.49,23.86,1015,71,1.03,289,95,0.0,Clouds,overcast clouds,21
Szentmártonkáta,47.431944,19.680556,2026-07-02 21:44:10.008046,21.52,21.53,21.52,23.88,1015,69,1.3,293,97,0.0,Clouds,overcast clouds,21
Nagykáta,47.409722,19.737778,2026-07-02 21:44:11.240494,21.59,21.61,21.59,21.59,1015,69,1.15,286,98,0.0,Clouds,overcast clouds,21
Farmos,47.355278,19.8375,2026-07-02 21:44:12.474307,21.7,21.73,21.7,21.7,1015,69,0.47,297,100,0.0,Clouds,overcast clouds,21
Tápiószele,47.346313,19.873504,2026-07-02 21:44:13.708820,21.68,21.71,21.68,21.68,1015,69,0.23,13,100,0.0,Clouds,overcast clouds,21
Tápiógyörgye,47.325,19.95,2026-07-02 21:44:14.936485,21.74,21.77,21.74,21.74,1015,69,0.92,39,100,0.0,Clouds,overcast clouds,21
Újszász,47.285833,20.066944,2026-07-02 21:44:16.175750,21.78,21.82,21.78,21.78,1015,69,2.13,50,97,0.0,Clouds,overcast clouds,21
Szurdokpüspöki,47.851944,19.690278,2026-07-02 21:44:17.412728,20.5,20.54,20.5,20.5,1016,74,1.76,13,100,0.18,Rain,light rain,21
Lőrinci,47.739444,19.673611,2026-07-02 21:44:18.647316,20.96,20.99,20.96,20.96,1016,72,1.86,353,98,0.0,Clouds,overcast clouds,21
Selyp,47.759167,19.670833,2026-07-02 21:44:19.884053,20.87,20.89,20.87,20.87,1016,72,1.82,358,98,0.0,Clouds,overcast clouds,21
Apc-Zagyvaszántó,47.791328,19.66822,2026-07-02 21:44:21.116347,20.8,20.84,20.8,20.8,1016,73,1.8,3,99,0.0,Clouds,overcast clouds,21
Pásztó,47.918889,19.688889,2026-07-02 21:44:22.342622,20.23,20.27,20.23,20.23,1016,75,1.67,17,100,1.33,Rain,moderate rain,21
Mátraszőlős-Hasznos,47.938506,19.706122,2026-07-02 21:44:23.572326,20.15,20.18,20.15,20.15,1016,75,1.54,17,100,2.0,Rain,moderate rain,21
Tar,47.956111,19.746389,2026-07-02 21:44:24.802375,19.66,19.67,19.66,19.66,1016,76,1.29,15,97,2.05,Rain,moderate rain,21
Mátraverebély,47.968333,19.778611,2026-07-02 21:44:26.033495,19.66,19.67,19.66,19.66,1016,76,1.29,15,97,1.42,Rain,moderate rain,21
Nagybátony,47.981111,19.82,2026-07-02 21:44:27.268395,19.75,19.76,19.75,19.75,1016,76,1.1,12,95,0.96,Rain,light rain,21
Kisterenye,48.009444,19.831944,2026-07-02 21:44:28.502057,19.77,19.81,19.77,19.77,1016,77,0.94,8,93,0.16,Rain,light rain,21
Kisterenye-Bányatelep,48.021389,19.831944,2026-07-02 21:44:29.736162,19.77,19.81,19.77,19.77,1016,77,0.94,8,93,0.16,Rain,light rain,21
Salgótarján külső,48.089444,19.790833,2026-07-02 21:44:30.965371,19.15,19.13,19.15,19.15,1016,77,0.68,17,95,0.0,Clouds,overcast clouds,21
Balatonfenyves GV,46.7125,17.479167,2026-07-02 21:44:32.193090,21.07,20.67,21.07,21.07,1017,55,3.93,329,6,0.0,Clear,clear sky,21
Várhegyalja,47.737778,18.366667,2026-07-02 21:44:33.429337,20.9,20.43,20.9,20.9,1016,53,3.0,325,5,0.0,Clear,clear sky,21
Imremajor,46.680556,17.499722,2026-07-02 21:44:34.659960,21.1,20.7,21.1,21.1,1017,55,3.9,329,6,0.0,Clear,clear sky,21
Rákospalota-Kertváros,47.578333,19.122778,2026-07-02 21:44:35.898336,23.59,23.47,22.23,24.38,1016,56,1.86,330,85,0.0,Clouds,overcast clouds,21
Vicziántelep,47.675833,19.286111,2026-07-02 21:44:37.134113,23.48,23.5,21.7,23.85,1016,62,2.38,339,100,0.0,Clouds,overcast clouds,21
Pálmajor,46.662831,17.457526,2026-07-02 21:44:38.365362,21.08,20.65,21.08,21.08,1017,54,4.0,331,6,0.0,Clear,clear sky,21
Somogyszentpál felső,46.649758,17.471404,2026-07-02 21:44:39.610707,21.06,20.66,21.06,21.06,1017,55,3.85,328,6,0.0,Clear,clear sky,21
Somogyszentpál,46.638611,17.478611,2026-07-02 21:44:40.851649,20.95,20.51,20.95,20.95,1017,54,3.79,328,6,0.0,Clear,clear sky,21
Rudnaykert,47.7175,19.257778,2026-07-02 21:44:42.087860,23.78,23.86,23.78,24.19,1016,63,2.49,337,98,0.0,Clouds,overcast clouds,21
Maroshegy,47.158333,18.406667,2026-07-02 21:44:43.322922,21.82,21.34,21.82,21.82,1016,49,4.45,338,9,0.0,Clear,clear sky,21
Bánhida,47.573703,18.371737,2026-07-02 21:44:44.552414,20.75,20.26,20.75,20.75,1016,53,2.6,319,21,0.0,Clouds,few clouds,21
Magyarkút,47.850278,19.045,2026-07-02 21:44:45.782688,20.14,19.83,20.14,20.14,1016,62,1.61,318,68,0.0,Clouds,broken clouds,21
Becske alsó,47.897222,19.364722,2026-07-02 21:44:47.016422,19.73,19.56,19.73,19.73,1016,69,1.73,354,94,0.0,Clouds,overcast clouds,21
Hosszúberek-Péteri,47.370556,19.389722,2026-07-02 21:44:48.248760,23.86,24.29,23.86,24.26,1016,76,0.62,146,94,0.0,Clouds,overcast clouds,21
Monorierdő,47.308889,19.499167,2026-07-02 21:44:49.489954,23.76,23.97,21.4,23.76,1016,68,0.87,163,91,0.0,Clouds,overcast clouds,21
Ceglédbercel,47.215833,19.658611,2026-07-02 21:44:50.726467,21.57,21.58,21.57,21.57,1015,69,1.07,129,97,0.0,Clouds,overcast clouds,21
Budai út,47.208333,19.731389,2026-07-02 21:44:51.961953,21.61,21.63,21.61,21.61,1015,69,1.03,122,99,0.0,Clouds,overcast clouds,21
Büdöskútpuszta,48.373056,20.726111,2026-07-02 21:44:53.190034,19.59,19.38,19.59,19.59,1015,68,1.54,280,84,0.0,Clouds,broken clouds,21
Bánrévei Vízmű,48.282778,20.368333,2026-07-02 21:44:54.425137,21.36,20.94,18.91,21.36,1016,53,1.25,340,97,0.0,Clouds,overcast clouds,21
Rákoskert,47.456389,19.296111,2026-07-02 21:44:55.657751,23.67,24.0,21.9,24.05,1016,73,0.64,353,100,0.0,Clouds,overcast clouds,21
Szirmabesenyő,48.146944,20.783056,2026-07-02 21:44:56.886148,19.68,20.31,19.06,20.08,1016,100,2.38,323,99,0.0,Clouds,overcast clouds,21
Kitérőgyár,47.766944,19.935278,2026-07-02 21:44:58.120699,20.34,20.31,20.34,20.34,1016,72,1.38,7,95,5.62,Rain,heavy intensity rain,21
Tápiószentmárton,47.373333,19.797778,2026-07-02 21:44:59.363431,21.64,21.66,21.64,21.64,1015,69,0.53,281,100,0.0,Clouds,overcast clouds,21
Zagyvarékas,47.244229,20.097435,2026-07-02 21:45:00.596093,21.79,21.93,21.79,21.79,1015,73,2.42,47,95,0.0,Clouds,overcast clouds,21
Abonyi út,47.206401,20.125204,2026-07-02 21:45:01.827005,21.79,21.93,21.79,21.79,1015,73,2.45,46,94,0.0,Clouds,overcast clouds,21
Jászkisér felső,47.438056,20.202222,2026-07-02 21:45:03.053384,22.22,22.43,22.22,22.22,1015,74,2.13,29,85,0.0,Clouds,overcast clouds,21
Szellőhát,47.425556,20.188889,2026-07-02 21:45:04.284636,21.78,21.95,21.78,21.78,1015,74,2.22,33,86,0.0,Clouds,overcast clouds,21
Szilvásvárad-Szalajkavölgy,48.0956,20.38272,2026-07-02 21:45:05.514882,17.77,17.77,17.47,19.92,1016,83,1.61,358,99,0.0,Clouds,overcast clouds,21
Vásárosnamény külső,48.084444,22.255556,2026-07-02 21:45:06.748636,19.87,20.05,19.87,19.87,1014,82,4.18,356,80,0.0,Clouds,broken clouds,21
Újváros,46.660556,20.536111,2026-07-02 21:45:07.984553,22.21,22.42,22.21,22.21,1015,74,3.47,354,48,0.0,Clouds,scattered clouds,21
Városi park,46.697778,19.864722,2026-07-02 21:45:09.220963,22.36,22.66,22.36,22.36,1015,77,4.24,11,90,0.0,Clouds,overcast clouds,21
Belsőkamaráspuszta,46.341944,20.848889,2026-07-02 21:45:10.464604,21.7,22.2,21.7,21.7,1014,87,3.8,352,80,0.0,Clouds,broken clouds,21
Sajószöged,47.945278,20.981667,2026-07-02 21:45:11.697438,20.27,20.08,19.83,20.27,1015,66,4.94,357,46,0.0,Clouds,scattered clouds,21
Kazincbarcika alsó,48.255278,20.649167,2026-07-02 21:45:12.929813,19.49,19.32,19.02,21.47,1016,70,1.57,278,100,0.0,Clouds,overcast clouds,21
Nyárjas,46.857778,19.923611,2026-07-02 21:45:14.162195,22.32,22.2,22.32,22.32,1015,61,3.75,15,97,0.0,Clouds,overcast clouds,21
Pogonyipuszta,48.296389,20.381667,2026-07-02 21:45:15.395916,21.32,20.89,18.87,21.32,1016,53,1.25,340,97,0.0,Clouds,overcast clouds,21
Sióvölgy,46.911103,18.076964,2026-07-02 21:45:16.634746,22.75,21.89,22.75,22.75,1017,31,3.65,315,7,0.0,Clear,clear sky,21
Répáspuszta,46.430278,17.847222,2026-07-02 21:45:17.876686,20.26,19.75,20.26,20.26,1017,54,3.25,324,9,0.0,Clear,clear sky,21
Virányos,48.066667,21.527222,2026-07-02 21:45:19.105009,22.06,21.42,22.06,22.06,1014,42,5.52,2,6,0.0,Clear,clear sky,21
Füzesbokor,47.988611,21.6475,2026-07-02 21:45:20.341447,22.06,21.91,22.06,22.06,1014,61,7.05,5,13,0.0,Clouds,few clouds,21
Kunfehértó,46.355833,19.417222,2026-07-02 21:45:21.583300,20.8,21.05,20.8,20.8,1015,81,3.24,356,48,0.0,Clouds,scattered clouds,21
Erdőszél,46.329444,19.395,2026-07-02 21:45:22.824070,20.62,20.88,20.62,20.62,1015,82,3.19,353,46,0.0,Clouds,scattered clouds,21
Jánoshalma,46.293056,19.330278,2026-07-02 21:45:24.056159,20.62,20.88,20.62,20.62,1015,82,3.17,351,45,0.0,Clouds,scattered clouds,21
Mélykút,46.213056,19.370556,2026-07-02 21:45:25.288161,20.5,20.77,20.5,20.5,1015,83,3.21,352,45,0.0,Clouds,scattered clouds,21
Bácsalmás,46.118056,19.346389,2026-07-02 21:45:26.523742,20.38,20.67,20.38,20.38,1015,84,3.19,353,38,0.0,Clouds,scattered clouds,21
Almás,46.116216,19.328803,2026-07-02 21:45:27.751865,20.38,20.67,20.38,20.38,1015,84,3.19,353,38,0.0,Clouds,scattered clouds,21
Bácsbokod-Bácsborsód,46.115833,19.16,2026-07-02 21:45:28.981138,20.49,20.68,20.49,20.49,1015,80,3.21,346,23,0.0,Clouds,few clouds,21
Baja,46.187014,18.957602,2026-07-02 21:45:30.214203,20.94,20.97,20.94,20.94,1015,72,3.16,329,14,0.0,Clouds,few clouds,21
Harkakötöny,46.458333,19.601944,2026-07-02 21:45:31.442911,22.06,22.41,22.06,22.06,1015,80,3.58,2,56,0.0,Clouds,broken clouds,21
Tajó,46.473056,19.650556,2026-07-02 21:45:32.680090,22.1,22.45,22.1,22.1,1015,80,3.64,1,58,0.0,Clouds,broken clouds,21
Kiskunmajsa,46.501667,19.728056,2026-07-02 21:45:33.912071,22.14,22.5,22.14,22.14,1015,80,3.8,2,65,0.0,Clouds,broken clouds,21
Jászszentlászló,46.565833,19.753611,2026-07-02 21:45:35.142806,21.25,21.49,21.25,21.25,1015,79,4.06,6,78,0.0,Clouds,broken clouds,21
Galambos,46.625,19.801111,2026-07-02 21:45:36.376981,21.29,21.51,21.29,21.29,1015,78,4.17,8,84,0.0,Clouds,broken clouds,21
Pestszentimre,47.402222,19.188611,2026-07-02 21:45:37.610707,23.92,23.91,22.01,24.34,1016,59,0.65,354,86,0.0,Clouds,overcast clouds,21
Gyál felső,47.390278,19.204722,2026-07-02 21:45:38.843430,24.1,24.21,22.2,24.35,1016,63,0.44,9,90,0.0,Clouds,overcast clouds,21
Gyál,47.376667,19.219444,2026-07-02 21:45:40.071757,24.1,24.24,22.22,24.38,1016,64,0.44,9,90,0.0,Clouds,overcast clouds,21
Ócsa,47.301389,19.232222,2026-07-02 21:45:41.303248,24.07,24.52,23.98,24.39,1016,76,0.36,76,85,0.0,Clouds,overcast clouds,21
Inárcs-Kakucs,47.247222,19.317778,2026-07-02 21:45:42.532553,23.98,24.16,23.98,23.98,1016,66,1.06,132,87,0.0,Clouds,overcast clouds,21
Dabas,47.194722,19.328889,2026-07-02 21:45:43.769089,22.14,22.19,22.14,22.14,1016,68,1.27,127,86,0.0,Clouds,overcast clouds,21
Gyón,47.178333,19.355556,2026-07-02 21:45:44.997618,22.11,22.15,22.11,22.11,1016,68,1.29,120,86,0.0,Clouds,overcast clouds,21
Hernád,47.161389,19.4025,2026-07-02 21:45:46.227193,21.98,22.04,21.98,21.98,1016,69,1.42,112,89,0.0,Clouds,overcast clouds,21
Bakonygyirót,47.416389,17.811944,2026-07-02 21:45:47.454990,20.45,20.14,20.45,20.45,1017,61,2.39,301,2,0.0,Clear,clear sky,21
Vinye,47.360317,17.819635,2026-07-02 21:45:48.684461,19.96,19.58,19.96,19.96,1017,60,2.4,298,3,0.0,Clear,clear sky,21
Nemesgörzsöny,47.402924,17.376385,2026-07-02 21:45:49.914384,20.98,20.65,20.98,20.98,1018,58,3.13,334,0,0.0,Clear,clear sky,21
Rábahíd,47.438618,17.337525,2026-07-02 21:45:51.146130,21.01,20.68,21.01,21.01,1018,58,3.23,333,0,0.0,Clear,clear sky,21
Öskü,47.162222,18.076389,2026-07-02 21:45:52.384703,20.78,20.32,20.78,20.78,1017,54,4.11,322,5,0.0,Clear,clear sky,21
Márkó,47.1275,17.813889,2026-07-02 21:45:53.618159,21.53,21.28,21.53,21.53,1018,59,2.59,307,5,0.0,Clear,clear sky,21
Nemeskocs,47.203333,17.188889,2026-07-02 21:45:54.847862,20.9,20.51,20.9,20.9,1018,56,3.35,347,0,0.0,Clear,clear sky,21
Zalagyömörő,47.011111,17.220833,2026-07-02 21:45:56.086732,20.75,20.32,20.75,20.75,1018,55,3.36,356,2,0.0,Clear,clear sky,21
Rigács,47.061667,17.199167,2026-07-02 21:45:57.318815,20.71,20.27,20.71,20.71,1018,55,3.31,355,2,0.0,Clear,clear sky,21
Kemenespálfa,47.139722,17.183056,2026-07-02 21:45:58.551403,20.84,20.42,20.84,20.84,1018,55,3.33,352,1,0.0,Clear,clear sky,21
Lentiszombathely,46.611389,16.5725,2026-07-02 21:45:59.784086,17.73,17.1,17.73,17.73,1018,59,1.63,335,4,0.0,Clear,clear sky,21
Ortaháza,46.626667,16.685833,2026-07-02 21:46:01.032629,20.0,19.54,20.0,20.0,1018,57,1.31,341,4,0.0,Clear,clear sky,21
Rádiháza,46.654722,16.765833,2026-07-02 21:46:02.264701,20.05,19.57,20.05,20.05,1018,56,1.43,347,4,0.0,Clear,clear sky,21
Baktüttös,46.690833,16.826389,2026-07-02 21:46:03.497735,20.29,19.78,20.29,20.29,1018,54,1.96,355,4,0.0,Clear,clear sky,21
Budafa,46.851667,16.624722,2026-07-02 21:46:04.735556,20.45,20.07,20.45,20.45,1018,58,2.65,334,2,0.0,Clear,clear sky,21
Zalapatakalja,46.845556,16.603889,2026-07-02 21:46:05.968652,20.42,20.06,20.42,20.42,1018,59,2.78,332,2,0.0,Clear,clear sky,21
Tormásliget,47.430556,16.781667,2026-07-02 21:46:07.196461,18.08,17.72,18.08,18.08,1018,68,3.27,310,0,0.0,Clear,clear sky,21
Belecska,46.64,18.411389,2026-07-02 21:46:08.428737,20.97,20.48,20.97,20.97,1016,52,3.05,313,31,0.0,Clouds,scattered clouds,21
Almár,47.956111,20.356944,2026-07-02 21:46:09.657903,18.72,19.1,18.68,19.7,1016,94,1.76,352,96,0.0,Clouds,overcast clouds,21
Vasútmúzeum,47.543889,19.099444,2026-07-02 21:46:10.886400,23.6,23.3,22.05,24.39,1016,49,0.45,355,84,0.0,Clouds,broken clouds,21
Abda,47.690833,17.540556,2026-07-02 21:46:12.121136,20.96,20.68,20.96,20.96,1017,60,3.27,319,0,0.0,Clear,clear sky,21
Vadaspark,47.526111,18.949167,2026-07-02 21:46:13.355812,21.17,20.65,20.25,22.58,1016,50,0.45,264,60,0.0,Clouds,broken clouds,21
Barosstelep,47.398889,18.989167,2026-07-02 21:46:14.587500,23.57,23.39,22.11,24.45,1016,54,0.45,36,60,0.0,Clouds,broken clouds,21
Fegyvernek-Örményes,47.194444,20.5575,2026-07-02 21:46:15.819737,21.19,20.96,21.19,21.19,1015,61,4.31,14,72,0.0,Clouds,broken clouds,21
Zagyvapálfalva,48.068889,19.785,2026-07-02 21:46:17.049030,19.4,19.41,19.4,19.4,1016,77,0.78,15,95,0.0,Clouds,overcast clouds,21
Salgótarján,48.105556,19.807222,2026-07-02 21:46:18.281102,18.68,18.61,18.68,18.68,1016,77,0.59,20,95,0.0,Clouds,overcast clouds,21
Szabadisóstó,46.933889,18.118056,2026-07-02 21:46:19.509812,22.73,21.87,22.73,22.73,1017,31,3.83,319,6,0.0,Clear,clear sky,21
Siófok,46.907778,18.053889,2026-07-02 21:46:20.739000,22.73,21.87,22.73,22.73,1017,31,3.65,315,7,0.0,Clear,clear sky,21
Balatonszéplak felső,46.898056,18.018056,2026-07-02 21:46:21.965793,22.73,21.87,22.73,22.73,1017,31,3.52,313,7,0.0,Clear,clear sky,21
Balatonszéplak alsó,46.891944,17.993333,2026-07-02 21:46:23.201235,22.73,21.87,22.73,22.73,1017,31,1.79,315,7,0.0,Clear,clear sky,21
Zamárdi felső,46.886111,17.969444,2026-07-02 21:46:24.448449,22.74,21.88,22.74,22.74,1017,31,1.79,315,7,0.0,Clear,clear sky,21
Zamárdi,46.88,17.944722,2026-07-02 21:46:25.678444,22.68,21.81,22.68,22.68,1017,31,1.79,315,7,0.0,Clear,clear sky,21
Szántód,46.861944,17.899167,2026-07-02 21:46:26.910495,22.75,21.89,22.75,22.75,1017,31,1.79,315,7,0.0,Clear,clear sky,21
Szőny-Déli,47.735278,18.141944,2026-07-02 21:46:28.142609,20.86,20.44,20.86,20.86,1017,55,3.54,326,2,0.0,Clear,clear sky,21
Várpalota,47.194444,18.149167,2026-07-02 21:46:29.373109,20.73,20.22,20.73,20.73,1017,52,4.45,329,4,0.0,Clear,clear sky,21
Pétfürdő,47.1675,18.121389,2026-07-02 21:46:30.607248,21.08,20.6,21.08,21.08,1017,52,4.37,327,4,0.0,Clear,clear sky,21
Hajmáskér,47.141111,18.009444,2026-07-02 21:46:31.841807,22.33,22.03,22.33,22.33,1017,54,3.96,319,5,0.0,Clear,clear sky,21
Veszprém,47.118889,17.91,2026-07-02 21:46:33.069773,22.12,21.88,22.12,22.12,1017,57,3.21,310,6,0.0,Clear,clear sky,21
Herend,47.136944,17.760278,2026-07-02 21:46:34.304914,21.31,21.04,21.31,21.31,1018,59,2.42,308,5,0.0,Clear,clear sky,21
Városlőd,47.144167,17.652778,2026-07-02 21:46:35.542752,19.06,18.61,19.06,19.06,1018,61,1.86,319,4,0.0,Clear,clear sky,21
Városlőd-Kislőd,47.133889,17.631111,2026-07-02 21:46:36.777674,19.48,19.05,19.48,19.48,1018,60,1.99,319,4,0.0,Clear,clear sky,21
Ajka,47.105902,17.572938,2026-07-02 21:46:38.008939,19.89,19.5,19.89,19.89,1018,60,2.2,334,4,0.0,Clear,clear sky,21
Ajka-Gyártelep,47.096806,17.555219,2026-07-02 21:46:39.242192,19.89,19.5,19.89,19.89,1018,60,2.2,334,4,0.0,Clear,clear sky,21
Devecser,47.1125,17.435278,2026-07-02 21:46:40.480164,20.3,19.93,20.3,20.3,1018,59,2.48,344,3,0.0,Clear,clear sky,21
Somlóvásárhely,47.124444,17.369167,2026-07-02 21:46:41.713076,20.47,20.09,20.47,20.47,1018,58,2.76,348,2,0.0,Clear,clear sky,21
Tüskevár,47.128611,17.331389,2026-07-02 21:46:42.945846,20.61,20.21,20.61,20.61,1018,57,2.87,348,2,0.0,Clear,clear sky,21
Karakószörcsök,47.133611,17.287778,2026-07-02 21:46:44.182820,20.68,20.29,20.68,20.68,1018,57,2.98,349,2,0.0,Clear,clear sky,21
Kerta,47.151944,17.237222,2026-07-02 21:46:45.419742,20.87,20.47,20.87,20.87,1018,56,3.25,350,1,0.0,Clear,clear sky,21
Boba,47.183333,17.191389,2026-07-02 21:46:46.653896,20.86,20.46,20.86,20.86,1018,56,3.33,349,0,0.0,Clear,clear sky,21
Börgönd,47.140278,18.515,2026-07-02 21:46:47.889065,21.8,21.31,21.8,21.8,1016,49,4.17,338,19,0.0,Clouds,few clouds,21
Belsőbáránd,47.102778,18.499722,2026-07-02 21:46:49.118237,21.72,21.23,21.72,21.72,1016,49,4.23,337,20,0.0,Clouds,few clouds,21
Zichyújfalu,47.124444,18.6725,2026-07-02 21:46:50.355243,21.82,21.36,21.82,21.82,1016,50,3.76,343,28,0.0,Clouds,scattered clouds,21
Seregélyes,47.121111,18.580556,2026-07-02 21:46:51.587936,21.95,21.48,21.95,21.95,1016,49,4.1,339,21,0.0,Clouds,few clouds,21
Polgárdi-Ipartelepek,47.079167,18.314444,2026-07-02 21:46:52.831075,21.27,20.73,21.27,21.27,1016,49,4.42,335,7,0.0,Clear,clear sky,21
Polgárdi,47.07,18.284167,2026-07-02 21:46:54.063386,21.27,20.73,21.27,21.27,1016,49,4.42,335,7,0.0,Clear,clear sky,21
Füle,47.05,18.255278,2026-07-02 21:46:55.304729,21.16,20.61,21.16,21.16,1016,49,4.32,332,6,0.0,Clear,clear sky,21
Zánka-Erzsébettábor,46.8775,17.709167,2026-07-02 21:46:56.532351,22.68,21.81,22.68,22.68,1017,31,2.87,313,7,0.0,Clear,clear sky,21
Csajág,47.033889,18.186389,2026-07-02 21:46:57.760921,22.57,22.19,22.57,22.57,1016,50,4.13,327,5,0.0,Clear,clear sky,21
Balatonakarattya,47.017222,18.167778,2026-07-02 21:46:58.990261,22.42,22.02,22.42,22.42,1016,50,4.13,327,5,0.0,Clear,clear sky,21
Csittényhegy,47.025278,18.1375,2026-07-02 21:47:00.227688,22.64,22.29,22.64,22.64,1017,51,4.08,325,5,0.0,Clear,clear sky,21
Balatonkenese,47.0325,18.105556,2026-07-02 21:47:01.461299,22.72,22.41,22.72,22.72,1017,52,4.03,323,5,0.0,Clear,clear sky,21
Balatonfűzfő,47.060278,18.0425,2026-07-02 21:47:02.690487,22.75,21.89,22.75,22.75,1017,31,3.84,318,6,0.0,Clear,clear sky,21
Balatonalmádi,47.028333,18.015,2026-07-02 21:47:03.928034,22.72,21.86,22.72,22.72,1017,31,3.79,318,7,0.0,Clear,clear sky,21
Káptalanfüred,47.008889,18.003889,2026-07-02 21:47:05.158622,22.75,21.89,22.75,22.75,1017,31,3.65,315,7,0.0,Clear,clear sky,21
Alsóörs,46.985278,17.974722,2026-07-02 21:47:06.393071,22.76,21.9,22.76,22.76,1017,31,1.79,315,7,0.0,Clear,clear sky,21
Csopak,46.974722,17.931111,2026-07-02 21:47:07.625853,22.63,21.76,22.63,22.63,1017,31,1.79,315,7,0.0,Clear,clear sky,21
Balatonarács,46.9625,17.8975,2026-07-02 21:47:08.858950,22.53,21.65,22.53,22.53,1017,31,1.79,315,7,0.0,Clear,clear sky,21
Balatonfüred,46.955833,17.883056,2026-07-02 21:47:10.092442,22.6,21.73,22.6,22.6,1017,31,1.79,315,7,0.0,Clear,clear sky,21
Aszófő,46.925556,17.8325,2026-07-02 21:47:11.331470,22.7,21.84,22.7,22.7,1017,31,1.79,315,6,0.0,Clear,clear sky,21
Örvényes,46.9125,17.818056,2026-07-02 21:47:12.562841,22.72,21.86,22.72,22.72,1017,31,1.79,315,6,0.0,Clear,clear sky,21
Balatonudvari,46.904722,17.808056,2026-07-02 21:47:13.793003,22.75,21.89,22.75,22.75,1017,31,1.79,315,6,0.0,Clear,clear sky,21
Fövenyes,46.893611,17.789444,2026-07-02 21:47:15.025387,22.77,21.91,22.77,22.77,1017,31,1.79,315,6,0.0,Clear,clear sky,21
Balatonakali-Dörgicse,46.88,17.747778,2026-07-02 21:47:16.272456,22.76,21.9,22.76,22.76,1017,31,2.85,311,6,0.0,Clear,clear sky,21
Zánka-Köveskál,46.872778,17.687778,2026-07-02 21:47:17.502943,22.75,21.89,22.75,22.75,1017,31,2.94,315,7,0.0,Clear,clear sky,21
Balatonszepezd,46.851111,17.663056,2026-07-02 21:47:18.736649,22.75,21.89,22.75,22.75,1017,31,2.95,315,7,0.0,Clear,clear sky,21
Szepezdfürdő,46.839722,17.649444,2026-07-02 21:47:19.972426,22.72,22.56,22.72,22.72,1017,58,3.06,317,7,0.0,Clear,clear sky,21
Révfülöp,46.829167,17.632222,2026-07-02 21:47:21.202951,22.73,22.57,22.73,22.73,1017,58,3.06,317,7,0.0,Clear,clear sky,21
Balatonrendes,46.824722,17.582778,2026-07-02 21:47:22.437441,22.73,22.57,22.73,22.73,1017,58,3.52,325,7,0.0,Clear,clear sky,21
Ábrahámhegy,46.815,17.572222,2026-07-02 21:47:23.671026,22.7,22.54,22.7,22.7,1017,58,3.52,325,7,0.0,Clear,clear sky,21
Badacsonyörs,46.805556,17.531667,2026-07-02 21:47:24.898643,20.88,20.51,20.88,20.88,1017,57,3.65,328,6,0.0,Clear,clear sky,21
Kisújszállás,47.223889,20.751111,2026-07-02 21:47:26.130088,20.98,20.75,20.98,20.98,1015,62,3.76,3,49,0.0,Clouds,scattered clouds,21
Karcag,47.303333,20.928056,2026-07-02 21:47:27.358783,20.78,20.53,20.78,20.78,1015,62,3.63,354,22,0.0,Clouds,few clouds,21
Püspökladány,47.3275,21.128889,2026-07-02 21:47:28.592587,20.72,20.52,20.72,20.72,1015,64,3.81,349,8,0.0,Clear,clear sky,21
Kaba,47.368889,21.259444,2026-07-02 21:47:29.827543,20.77,20.57,20.77,20.77,1014,64,4.66,353,8,0.0,Clear,clear sky,21
Hajdúszoboszló,47.429444,21.406944,2026-07-02 21:47:31.056860,20.68,20.45,20.68,20.68,1014,63,5.48,357,3,0.0,Clear,clear sky,21
Ebes,47.462778,21.488889,2026-07-02 21:47:32.292167,20.64,20.43,20.64,20.64,1014,64,5.82,358,4,0.0,Clear,clear sky,21
Debrecen,47.520278,21.628611,2026-07-02 21:47:33.524475,20.51,20.31,20.51,20.51,1014,65,6.2,0,12,0.0,Clouds,few clouds,21
Debrecen-Csapókert,47.540556,21.648056,2026-07-02 21:47:34.761153,20.37,20.16,20.37,20.37,1014,65,6.23,0,16,0.0,Clouds,few clouds,21
Apafa,47.584045,21.655858,2026-07-02 21:47:35.997482,20.32,20.1,20.32,20.32,1014,65,6.32,1,16,0.0,Clouds,few clouds,21
Bocskaikert,47.6425,21.666389,2026-07-02 21:47:37.226898,20.11,19.82,20.11,20.11,1014,63,6.53,2,16,0.0,Clouds,few clouds,21
Hajdúhadház,47.686944,21.679167,2026-07-02 21:47:38.460999,20.16,19.9,20.16,20.16,1014,64,6.54,2,21,0.0,Clouds,few clouds,21
Téglás,47.714722,21.684722,2026-07-02 21:47:39.695037,20.17,19.91,20.17,20.17,1014,64,6.61,3,21,0.0,Clouds,few clouds,21
Újfehértó,47.814444,21.706389,2026-07-02 21:47:40.931595,20.23,19.95,20.23,20.23,1014,63,6.89,4,20,0.0,Clouds,few clouds,21
Nyíregyháza,47.946667,21.705556,2026-07-02 21:47:42.176954,20.16,19.85,20.16,20.16,1014,62,7.18,5,17,0.0,Clouds,few clouds,21
Sóstó,47.998051,21.729047,2026-07-02 21:47:43.407896,22.04,21.97,22.04,22.04,1014,64,7.39,6,23,0.0,Clouds,few clouds,21
Sóstóhegy,48.012222,21.742778,2026-07-02 21:47:44.645726,22.04,21.97,22.04,22.04,1014,64,7.44,6,21,0.0,Clouds,few clouds,21
Kemecse,48.065556,21.801667,2026-07-02 21:47:45.871134,20.1,19.89,20.1,20.1,1014,66,7.57,5,22,0.0,Clouds,few clouds,21
Nyírbogdány,48.082222,21.855278,2026-07-02 21:47:47.105804,20.05,19.89,20.05,20.05,1014,68,7.58,5,21,0.0,Clouds,few clouds,21
Kék,48.093333,21.883889,2026-07-02 21:47:48.345480,20.06,19.95,20.06,20.06,1014,70,7.28,4,26,0.0,Clouds,scattered clouds,21
Demecser,48.111667,21.926667,2026-07-02 21:47:49.582604,20.06,19.98,20.06,20.06,1014,71,7.14,3,24,0.0,Clouds,few clouds,21
Gégény,48.128333,21.951944,2026-07-02 21:47:50.823014,20.02,19.96,20.02,20.02,1014,72,6.96,2,22,0.0,Clouds,few clouds,21
Pátroha,48.158611,21.996667,2026-07-02 21:47:52.064087,20.03,19.99,20.03,20.03,1014,73,6.77,0,20,0.0,Clouds,few clouds,21
Ajak,48.1865,22.048972,2026-07-02 21:47:53.298869,20.02,20.01,20.02,20.02,1014,74,6.55,359,20,0.0,Clouds,few clouds,21
Kisvárda,48.208333,22.078333,2026-07-02 21:47:54.533732,20.01,20.05,20.01,20.01,1014,76,6.06,357,26,0.0,Clouds,scattered clouds,21
Kisvárda-Hármasút,48.228333,22.091944,2026-07-02 21:47:55.767813,20.01,20.05,20.01,20.01,1014,76,6.06,357,26,0.0,Clouds,scattered clouds,21
Fényeslitke,48.267222,22.107222,2026-07-02 21:47:56.999785,19.95,19.99,19.95,19.95,1014,76,5.85,355,26,0.0,Clouds,scattered clouds,21
Komoró,48.305278,22.118056,2026-07-02 21:47:58.229740,19.97,20.03,19.97,19.97,1014,77,5.85,355,23,0.0,Clouds,few clouds,21
Tuzsér,48.342222,22.131667,2026-07-02 21:47:59.468486,19.9,19.96,19.9,19.9,1014,77,5.78,353,18,0.0,Clouds,few clouds,21
Tiszabezdéd,48.371389,22.145,2026-07-02 21:48:00.699912,19.92,20.0,19.92,19.92,1014,78,5.44,353,20,0.0,Clouds,few clouds,21
Záhony,48.402222,22.183611,2026-07-02 21:48:01.933438,19.9,20.01,19.9,19.9,1014,79,5.08,352,20,0.0,Clouds,few clouds,21
Karcag-Vásártér,47.3225,20.9075,2026-07-02 21:48:03.165839,22.22,22.12,22.22,22.22,1015,62,3.63,354,22,0.0,Clouds,few clouds,21
Berekfürdő,47.374722,20.827222,2026-07-02 21:48:04.405174,22.21,22.05,22.21,22.21,1015,60,4.42,5,42,0.0,Clouds,scattered clouds,21
Kunmadaras,47.415278,20.793056,2026-07-02 21:48:05.641069,22.2,22.07,22.2,22.2,1015,61,4.91,8,52,0.0,Clouds,broken clouds,21
Tiszaszentimre,47.490833,20.733056,2026-07-02 21:48:06.873754,22.21,22.08,22.21,22.21,1015,61,5.23,11,69,0.0,Clouds,broken clouds,21
Tiszaszőlős,47.555556,20.728056,2026-07-02 21:48:08.102848,22.21,22.08,22.21,22.21,1015,61,5.15,11,73,0.0,Clouds,broken clouds,21
Hosszúhát,47.235556,21.101944,2026-07-02 21:48:09.342864,20.83,20.67,20.83,20.83,1015,65,3.87,351,7,0.0,Clear,clear sky,21
Szerep,47.234444,21.145833,2026-07-02 21:48:10.575087,20.86,20.7,20.86,20.86,1014,65,4.07,352,7,0.0,Clear,clear sky,21
Sárrétudvari,47.231667,21.180833,2026-07-02 21:48:11.810298,20.88,20.72,20.88,20.88,1014,65,4.28,354,8,0.0,Clear,clear sky,21
Biharnagybajom,47.208889,21.221944,2026-07-02 21:48:13.044085,20.95,20.82,20.95,20.95,1014,66,4.7,357,9,0.0,Clear,clear sky,21
Füzesgyarmat,47.113056,21.194444,2026-07-02 21:48:14.269848,21.03,20.94,21.03,21.03,1014,67,4.4,358,8,0.0,Clear,clear sky,21
Füzesgyarmatfürdő,47.093787,21.201582,2026-07-02 21:48:15.497838,21.03,20.94,21.03,21.03,1014,67,4.4,358,8,0.0,Clear,clear sky,21
Báránd,47.299722,21.235278,2026-07-02 21:48:16.729065,20.82,20.63,20.82,20.82,1014,64,4.58,354,9,0.0,Clear,clear sky,21
Sáp,47.259722,21.360556,2026-07-02 21:48:17.964198,20.92,20.76,20.92,20.92,1014,65,5.13,359,7,0.0,Clear,clear sky,21
Berettyóújfalu,47.211944,21.535556,2026-07-02 21:48:19.202437,20.92,20.84,20.92,20.92,1014,68,5.13,3,6,0.0,Clear,clear sky,21
Mezőpeterd,47.176111,21.625278,2026-07-02 21:48:20.442737,21.39,21.41,21.39,21.39,1014,70,4.82,3,15,0.0,Clouds,few clouds,21
Biharkeresztes,47.135556,21.721389,2026-07-02 21:48:21.675410,21.36,21.46,21.36,21.36,1014,73,4.3,4,30,0.0,Clouds,scattered clouds,21
Tócóvölgy,47.529444,21.588889,2026-07-02 21:48:22.919064,20.55,20.33,20.55,20.55,1014,64,6.22,360,9,0.0,Clear,clear sky,21
Sáregres,46.7825,18.588889,2026-07-02 21:48:24.156175,21.25,20.79,21.25,21.25,1016,52,3.29,328,38,0.0,Clouds,scattered clouds,21
Simontornya,46.756582,18.540674,2026-07-02 21:48:25.392588,21.04,20.56,21.04,21.04,1016,52,3.34,320,32,0.0,Clouds,scattered clouds,21
Tolnanémedi,46.727778,18.475833,2026-07-02 21:48:26.619443,21.02,20.54,21.02,21.02,1016,52,3.3,317,30,0.0,Clouds,scattered clouds,21
Pincehely,46.681389,18.43,2026-07-02 21:48:27.856629,20.78,20.27,20.78,20.78,1016,52,3.26,313,28,0.0,Clouds,scattered clouds,21
Keszőhidegkút-Gyönk,46.597778,18.426111,2026-07-02 21:48:29.089917,20.79,20.28,20.79,20.79,1016,52,2.94,313,32,0.0,Clouds,scattered clouds,21
Szárazd,46.575556,18.420833,2026-07-02 21:48:30.327877,20.83,20.33,20.83,20.83,1016,52,2.85,314,32,0.0,Clouds,scattered clouds,21
Regöly,46.568889,18.396111,2026-07-02 21:48:31.563069,20.83,20.33,20.83,20.83,1016,52,2.85,314,32,0.0,Clouds,scattered clouds,21
Szakály-Hőgyész,46.523611,18.389444,2026-07-02 21:48:32.796144,20.72,20.21,20.72,20.72,1016,52,2.75,315,29,0.0,Clouds,scattered clouds,21
Dúzs,46.493889,18.377222,2026-07-02 21:48:34.033049,20.76,20.25,20.76,20.76,1016,52,2.67,314,28,0.0,Clouds,scattered clouds,21
Csibrák,46.466667,18.336389,2026-07-02 21:48:35.263923,20.79,20.28,20.79,20.79,1016,52,2.67,315,23,0.0,Clouds,few clouds,21
Kurd,46.449167,18.319167,2026-07-02 21:48:36.499470,20.43,19.91,20.43,20.43,1016,53,2.6,314,20,0.0,Clouds,few clouds,21
Döbrököz,46.418889,18.255,2026-07-02 21:48:37.731275,20.65,20.15,20.65,20.65,1017,53,2.59,315,14,0.0,Clouds,few clouds,21
Dombóvár,46.37,18.149722,2026-07-02 21:48:38.969409,20.51,20.0,20.51,20.51,1017,53,2.43,317,7,0.0,Clear,clear sky,21
Dombóvár alsó,46.363889,18.134167,2026-07-02 21:48:40.202047,20.51,20.0,20.51,20.51,1017,53,2.43,317,7,0.0,Clear,clear sky,21
Somoskőújfalu,48.154722,19.815556,2026-07-02 21:48:41.436481,17.44,17.25,17.44,17.44,1016,77,0.5,24,93,0.0,Clouds,overcast clouds,21
Jászfényszaru,47.593056,19.754444,2026-07-02 21:48:42.669403,21.19,21.3,21.19,21.19,1015,74,2.18,323,100,0.0,Clouds,overcast clouds,21
Pusztamonostor,47.564444,19.794167,2026-07-02 21:48:43.910608,21.61,21.76,21.61,21.61,1015,74,2.19,318,100,0.0,Clouds,overcast clouds,21
Jászberény,47.494444,19.893333,2026-07-02 21:48:45.143053,21.71,21.89,21.71,21.71,1015,75,1.84,307,100,0.0,Clouds,overcast clouds,21
Meggyespele,47.441944,19.938889,2026-07-02 21:48:46.376001,21.73,21.76,21.73,21.73,1015,69,1.09,326,100,0.0,Clouds,overcast clouds,21
Portelek,47.418056,19.958889,2026-07-02 21:48:47.604286,21.75,21.78,21.75,21.75,1015,69,0.9,337,100,0.0,Clouds,overcast clouds,21
Jászboldogháza-Jánoshida,47.366944,20.001389,2026-07-02 21:48:48.833438,21.74,21.77,21.74,21.74,1015,69,0.98,28,100,0.0,Clouds,overcast clouds,21
Jászárokszállás,47.635556,19.971111,2026-07-02 21:48:50.069124,20.92,21.0,20.92,20.92,1015,74,1.55,331,100,2.44,Rain,moderate rain,21
Jászdózsa,47.563056,20.028056,2026-07-02 21:48:51.298245,20.92,21.03,20.92,20.92,1015,75,1.43,330,99,0.14,Rain,light rain,21
Jászapáti,47.513611,20.155,2026-07-02 21:48:52.531089,20.79,20.88,20.79,20.79,1015,75,1.7,8,86,0.0,Clouds,overcast clouds,21
Jászkisér,47.456111,20.203333,2026-07-02 21:48:53.766960,22.23,22.44,22.23,22.23,1015,74,2.05,24,84,0.0,Clouds,broken clouds,21
Jászladány,47.373333,20.159167,2026-07-02 21:48:54.996725,21.79,21.96,21.79,21.79,1015,74,2.16,40,92,0.0,Clouds,overcast clouds,21
Szászberek,47.320556,20.090833,2026-07-02 21:48:56.226782,21.78,21.82,21.78,21.78,1015,69,2.19,47,96,0.0,Clouds,overcast clouds,21
Gyöngyöshalász,47.743056,19.932222,2026-07-02 21:48:57.459921,20.5,20.49,20.5,20.5,1016,72,1.4,3,96,4.49,Rain,heavy intensity rain,21
Gyöngyös,47.783056,19.937222,2026-07-02 21:48:58.695133,20.06,20.0,20.06,20.06,1016,72,1.34,6,94,1.27,Rain,moderate rain,21
Erdőtelek,47.683333,20.3025,2026-07-02 21:48:59.924876,20.39,20.42,20.39,20.39,1015,74,1.69,351,92,0.0,Clouds,overcast clouds,21
Heves,47.609444,20.306111,2026-07-02 21:49:01.162773,22.16,22.36,22.16,22.16,1015,74,2.07,10,84,0.0,Clouds,broken clouds,21
Hevesvezekény,47.562222,20.365833,2026-07-02 21:49:02.395037,22.2,22.07,22.2,22.2,1015,61,2.38,18,83,0.0,Clouds,broken clouds,21
Tarnaszentmiklós,47.546944,20.390833,2026-07-02 21:49:03.632373,22.21,22.08,22.21,22.21,1015,61,2.61,22,82,0.0,Clouds,broken clouds,21
Kisköre,47.495556,20.481667,2026-07-02 21:49:04.863380,22.23,22.1,22.23,22.23,1015,61,1.79,22,87,0.0,Clouds,overcast clouds,21
Abádszalók,47.455278,20.553056,2026-07-02 21:49:06.101777,22.21,22.08,22.21,22.21,1015,61,1.79,22,88,0.0,Clouds,overcast clouds,21
Kunhegyes,47.376667,20.641111,2026-07-02 21:49:07.341876,22.21,22.08,22.21,22.21,1015,61,5.14,17,76,0.0,Clouds,broken clouds,21
Kenderes,47.254444,20.686111,2026-07-02 21:49:08.573572,22.24,22.09,22.24,22.24,1015,60,4.51,12,65,0.0,Clouds,broken clouds,21
Maklár,47.808056,20.404722,2026-07-02 21:49:09.804672,19.02,18.99,19.02,19.02,1016,77,1.72,337,95,0.0,Clouds,overcast clouds,21
Andornaktálya,47.852203,20.402295,2026-07-02 21:49:11.036020,18.96,18.95,18.96,19.98,1016,78,1.78,339,96,0.0,Clouds,overcast clouds,21
Eger,47.891667,20.381667,2026-07-02 21:49:12.275857,18.87,18.88,18.87,19.89,1016,79,1.71,341,97,0.0,Clouds,overcast clouds,21
Egervár,47.908056,20.380556,2026-07-02 21:49:13.508160,18.69,19.07,18.69,19.71,1016,94,1.74,344,97,0.0,Clouds,overcast clouds,21
Eger-Felnémet,47.936667,20.370556,2026-07-02 21:49:14.739702,18.77,19.16,18.74,19.76,1016,94,1.76,348,97,0.0,Clouds,overcast clouds,21
Szarvaskő,47.988611,20.3325,2026-07-02 21:49:15.971122,18.34,18.68,18.33,20.78,1016,94,1.78,355,96,0.1,Clouds,overcast clouds,21
Mónosbél,48.031944,20.33,2026-07-02 21:49:17.200994,18.25,18.59,18.15,20.6,1016,94,1.74,360,97,0.0,Clouds,overcast clouds,21
Bélapátfalva,48.055556,20.340556,2026-07-02 21:49:18.429381,18.09,18.15,17.86,20.31,1016,84,1.69,1,98,0.0,Clouds,overcast clouds,21
Bélapátfalvi Cementgyár,48.058056,20.355,2026-07-02 21:49:19.667393,17.95,18.05,17.81,20.26,1016,86,1.69,1,98,0.0,Clouds,overcast clouds,21
Szilvásvárad,48.11345,20.37919,2026-07-02 21:49:20.900012,18.34,18.27,17.68,20.13,1016,78,1.51,357,100,0.0,Clouds,overcast clouds,21
Hejőkeresztúr,47.960278,20.869444,2026-07-02 21:49:22.125573,20.24,20.02,19.8,20.24,1015,65,0.45,351,78,0.0,Clouds,broken clouds,21
Tiszaújváros,47.926111,21.030556,2026-07-02 21:49:23.359858,20.29,19.99,20.29,20.29,1015,62,4.79,356,40,0.0,Clouds,scattered clouds,21
Miskolc-Gömöri,48.106667,20.800278,2026-07-02 21:49:24.598335,19.82,20.1,19.11,20.14,1016,86,2.88,334,94,0.0,Clouds,overcast clouds,21
Sajókeresztúr,48.168008,20.774014,2026-07-02 21:49:25.834340,19.65,20.28,19.06,20.08,1016,100,2.2,316,99,0.0,Clouds,overcast clouds,21
Sajóecseg,48.186111,20.766667,2026-07-02 21:49:27.064878,19.68,20.31,19.1,20.12,1016,100,2.06,309,98,0.0,Clouds,overcast clouds,21
Sajószentpéter,48.222222,20.708056,2026-07-02 21:49:28.297834,19.48,20.09,19.0,20.03,1016,100,1.83,294,100,0.0,Clouds,overcast clouds,21
Kazincbarcika,48.264444,20.6275,2026-07-02 21:49:29.531137,19.53,19.34,19.01,21.46,1016,69,1.46,277,100,0.0,Clouds,overcast clouds,21
Sajókaza,48.272778,20.581944,2026-07-02 21:49:30.764577,21.44,21.42,19.0,21.45,1016,68,1.35,284,100,0.0,Clouds,overcast clouds,21
Vadna,48.276389,20.555278,2026-07-02 21:49:31.997409,21.3,21.26,18.98,21.43,1016,68,1.35,284,100,0.0,Clouds,overcast clouds,21
Dubicsány,48.280833,20.504722,2026-07-02 21:49:33.235935,21.22,20.78,18.97,21.42,1016,53,1.17,312,98,0.0,Clouds,overcast clouds,21
Raposka,46.851389,17.412778,2026-07-02 21:49:34.475701,20.87,20.45,20.87,20.87,1018,55,3.85,341,5,0.0,Clear,clear sky,21
Ivacs,47.641944,19.273889,2026-07-02 21:49:35.707986,21.76,21.66,20.71,23.05,1016,64,2.3,338,100,0.0,Clouds,overcast clouds,21
Kisköre-Tiszahíd,47.480835,20.507698,2026-07-02 21:49:36.941023,22.21,22.08,22.21,22.21,1015,61,1.79,22,87,0.0,Clouds,overcast clouds,21
Rozsály,47.912778,22.7825,2026-07-02 21:49:38.180641,20.03,20.36,20.03,20.03,1013,87,3.08,357,100,0.0,Clouds,overcast clouds,21
Pusztakettős,47.453611,20.749722,2026-07-02 21:49:39.408901,22.21,22.08,22.21,22.21,1015,61,5.13,10,60,0.0,Clouds,broken clouds,21
Kisvác,47.795278,19.113611,2026-07-02 21:49:40.640323,21.05,20.83,21.05,22.01,1016,62,2.0,325,85,0.0,Clouds,overcast clouds,21
Tiszafüred-Gyártelep,47.6075,20.736111,2026-07-02 21:49:41.880756,22.18,22.05,22.18,22.18,1015,61,4.96,11,78,0.0,Clouds,broken clouds,21
Újkenéz,48.251111,22.221667,2026-07-02 21:49:43.113945,19.95,20.06,19.95,19.95,1014,79,4.73,355,55,0.0,Clouds,broken clouds,21
Püspökladány-Vásártér,47.319167,21.096111,2026-07-02 21:49:44.355885,20.72,20.52,20.72,20.72,1015,64,3.83,349,8,0.0,Clear,clear sky,21
Végegyháza alsó,46.3675,20.866944,2026-07-02 21:49:45.589877,21.72,22.19,21.72,21.72,1014,86,3.88,353,78,0.0,Clouds,broken clouds,21
Orosháza felső,46.553611,20.655278,2026-07-02 21:49:46.820812,20.98,21.22,20.98,20.98,1015,80,3.6,356,57,0.0,Clouds,broken clouds,21
Ambrózfalva,46.353056,20.740556,2026-07-02 21:49:48.049954,21.1,21.49,21.1,21.1,1014,85,3.71,352,74,0.0,Clouds,broken clouds,21
Alsónyék,46.199444,18.738056,2026-07-02 21:49:49.282818,20.89,20.73,20.89,20.89,1016,65,3.05,307,29,0.0,Clouds,scattered clouds,21
Tompapuszta,46.321389,20.966389,2026-07-02 21:49:50.519315,21.71,22.55,21.17,21.71,1014,100,3.85,353,79,0.0,Clouds,broken clouds,21
Halászlak,46.911879,20.56228,2026-07-02 21:49:51.755816,20.71,20.82,20.71,20.71,1015,76,2.73,333,47,0.0,Clouds,scattered clouds,21
Sirató,46.840556,20.61,2026-07-02 21:49:52.989838,20.76,20.9,20.76,20.76,1015,77,2.96,338,43,0.0,Clouds,scattered clouds,21
Csabacsűd felső,46.829167,20.649167,2026-07-02 21:49:54.223066,20.76,20.88,20.76,20.76,1015,76,2.94,337,42,0.0,Clouds,scattered clouds,21
Orosháza-Üveggyár,46.579979,20.683644,2026-07-02 21:49:55.456693,20.96,21.17,20.96,20.96,1015,79,3.64,356,55,0.0,Clouds,broken clouds,21
Gyulai városerdő,46.69482,21.32281,2026-07-02 21:49:56.684259,20.53,20.65,20.53,20.53,1014,77,4.76,355,0,0.0,Clear,clear sky,21
Kórógyszentgyörgy,46.564377,20.224998,2026-07-02 21:49:57.927354,22.23,22.44,22.23,22.23,1015,74,3.57,358,68,0.0,Clouds,broken clouds,21
Kunszállás,46.784444,19.767222,2026-07-02 21:49:59.153857,21.37,21.52,21.37,21.37,1015,75,3.99,17,88,0.0,Clouds,overcast clouds,21
Selymes,46.655321,19.8534,2026-07-02 21:50:00.388322,21.23,21.45,21.23,21.23,1015,78,4.22,9,86,0.0,Clouds,overcast clouds,21
Petőfiszállási tanyák,46.587805,19.874509,2026-07-02 21:50:01.615728,22.23,22.57,22.23,22.23,1015,79,4.12,5,83,0.0,Clouds,broken clouds,21
Kisteleki szőlők,46.514199,19.92868,2026-07-02 21:50:02.854801,22.22,22.61,22.22,22.22,1015,81,3.83,360,70,0.0,Clouds,broken clouds,21
Kapitányság,46.435336,19.987564,2026-07-02 21:50:04.091060,22.24,22.4,22.24,22.24,1015,72,3.62,354,54,0.0,Clouds,broken clouds,21
Őszeszék,46.39025,20.016017,2026-07-02 21:50:05.322902,22.27,22.43,22.27,22.27,1015,72,3.6,350,47,0.0,Clouds,scattered clouds,21
Vilmaszállás,46.366389,20.030833,2026-07-02 21:50:06.556246,22.25,22.41,22.25,22.25,1015,72,4.47,359,43,0.0,Clouds,scattered clouds,21
Jánosszállás,46.334359,20.051199,2026-07-02 21:50:07.784679,22.28,22.44,22.28,22.28,1015,72,3.63,346,40,0.0,Clouds,scattered clouds,21
Felsőpakony,47.343056,19.230556,2026-07-02 21:50:09.018031,23.66,23.94,22.25,24.41,1016,71,0.32,58,87,0.0,Clouds,overcast clouds,21
Felsőméntelek,46.987074,19.557745,2026-07-02 21:50:10.250683,21.61,21.68,21.61,21.61,1016,71,2.46,52,100,0.0,Clouds,overcast clouds,21
Alsóméntelek,46.961558,19.579121,2026-07-02 21:50:11.484379,22.17,22.04,22.17,22.17,1016,61,2.68,47,100,0.0,Clouds,overcast clouds,21
Nagynyír,46.943319,19.585447,2026-07-02 21:50:12.720243,22.17,22.04,22.17,22.17,1016,61,1.34,30,100,0.0,Clouds,overcast clouds,21
Úrihegy,46.917778,19.621389,2026-07-02 21:50:13.962445,22.19,22.06,22.19,22.19,1016,61,1.34,30,99,0.0,Clouds,overcast clouds,21
Miklóstelep,46.913412,19.630913,2026-07-02 21:50:15.190678,22.21,22.08,22.21,22.21,1015,61,1.34,30,99,0.0,Clouds,overcast clouds,21
Tiszajenő alsó,47.016944,20.134444,2026-07-02 21:50:16.426664,21.14,21.22,21.14,21.14,1015,73,2.78,14,78,0.0,Clouds,broken clouds,21
Óbög,46.987222,20.111111,2026-07-02 21:50:17.655353,21.2,21.28,21.2,21.2,1015,73,2.89,13,81,0.0,Clouds,broken clouds,21
Árpádszállás,46.866456,19.989163,2026-07-02 21:50:18.884171,22.36,22.64,22.36,22.36,1015,76,3.72,13,96,0.0,Clouds,overcast clouds,21
Tőserdő,46.851111,19.980278,2026-07-02 21:50:20.115696,22.38,22.66,22.38,22.38,1015,76,3.87,12,96,0.0,Clouds,overcast clouds,21
Tiszaalpár felső,46.836256,19.976753,2026-07-02 21:50:21.351341,22.41,22.69,22.17,22.41,1015,76,3.87,12,96,0.0,Clouds,overcast clouds,21
Borsihalom,46.773056,19.92,2026-07-02 21:50:22.576856,22.4,22.71,22.16,22.4,1015,77,4.13,12,96,0.0,Clouds,overcast clouds,21
Petőfiváros,46.725556,19.848611,2026-07-02 21:50:23.807075,22.36,22.64,22.36,22.36,1015,76,4.2,13,90,0.0,Clouds,overcast clouds,21
Csorna,47.601944,17.248889,2026-07-02 21:50:25.035017,21.67,21.38,21.67,21.67,1018,57,3.38,331,0,0.0,Clear,clear sky,21
Szorgalmatos,47.986667,21.366389,2026-07-02 21:50:26.265306,22.09,21.45,22.09,22.09,1015,42,4.2,351,5,0.0,Clear,clear sky,21
Fótfürdő,47.6225,19.200556,2026-07-02 21:50:27.501553,23.19,23.18,21.68,24.01,1016,62,2.11,334,95,0.0,Clouds,overcast clouds,21
Fenyveshegy,47.818333,19.068056,2026-07-02 21:50:28.733257,21.12,20.88,21.12,21.12,1016,61,1.84,322,77,0.0,Clouds,broken clouds,21
Hűvösvölgy,47.541202,18.96351,2026-07-02 21:50:29.960400,22.02,21.61,21.22,23.55,1016,51,0.45,355,61,0.0,Clouds,broken clouds,21
Hárshegy,47.535318,18.961433,2026-07-02 21:50:31.181167,22.02,21.61,21.22,23.55,1016,51,0.45,355,61,0.0,Clouds,broken clouds,21
Szépjuhászné,47.528277,18.955246,2026-07-02 21:50:32.408841,21.16,20.66,20.33,22.66,1016,51,0.45,355,60,0.0,Clouds,broken clouds,21
Jánoshegy,47.51433,18.95047,2026-07-02 21:50:33.642646,21.11,20.61,20.24,22.57,1016,51,0.45,355,60,0.0,Clouds,broken clouds,21
Virágvölgy,47.505965,18.95876,2026-07-02 21:50:34.873716,20.85,20.32,19.92,22.26,1016,51,0.45,355,59,0.0,Clouds,broken clouds,21
Csillebérc,47.498196,18.961694,2026-07-02 21:50:36.108859,20.65,20.1,19.69,22.03,1016,51,0.45,355,59,0.0,Clouds,broken clouds,21
Normafa,47.5,18.970558,2026-07-02 21:50:37.338406,20.71,20.17,19.74,22.08,1016,51,0.45,355,59,0.0,Clouds,broken clouds,21
Széchenyihegy,47.49413,18.977049,2026-07-02 21:50:38.574142,20.77,20.23,19.76,22.1,1016,51,0.45,355,63,0.0,Clouds,broken clouds,21
Balatonfőkajár felső,47.031389,18.215278,2026-07-02 21:50:39.808976,22.4,22.0,22.4,22.4,1016,50,4.17,329,5,0.0,Clear,clear sky,21
Piroska,47.148333,20.129722,2026-07-02 21:50:41.051041,21.79,21.9,21.79,21.79,1015,72,2.53,36,89,0.0,Clouds,overcast clouds,21
Somodor,46.4725,17.836667,2026-07-02 21:50:42.285814,20.34,19.81,20.34,20.34,1017,53,3.35,323,9,0.0,Clear,clear sky,21
Középmező,45.995833,18.668889,2026-07-02 21:50:43.521587,20.81,20.64,20.81,20.81,1016,65,3.08,314,34,0.0,Clouds,scattered clouds,21
Jobbágyi,47.828889,19.6875,2026-07-02 21:50:44.749024,20.47,20.48,20.47,20.47,1016,73,1.78,11,99,0.0,Clouds,overcast clouds,21
Ferihegy,47.437222,19.223889,2026-07-02 21:50:45.989230,23.45,23.47,21.91,24.25,1016,62,0.77,349,93,0.0,Clouds,overcast clouds,21
Máriapócs,47.852778,22.019167,2026-07-02 21:50:47.222329,19.78,19.85,19.78,19.78,1014,78,4.97,3,85,0.0,Clouds,overcast clouds,21
Máriaudvar,47.751944,19.165,2026-07-02 21:50:48.451058,21.08,20.84,21.08,22.04,1016,61,2.25,329,91,0.0,Clouds,overcast clouds,21
Nagyberki,46.353333,18.004167,2026-07-02 21:50:49.686338,20.28,19.75,20.28,20.28,1017,53,2.6,321,9,0.0,Clear,clear sky,21
Badacsonytomaj,46.804722,17.518056,2026-07-02 21:50:50.917847,20.78,20.4,20.78,20.78,1017,57,3.65,328,6,0.0,Clear,clear sky,21
Badacsony,46.788611,17.506389,2026-07-02 21:50:52.147648,20.89,20.5,20.89,20.89,1017,56,3.85,330,6,0.0,Clear,clear sky,21
Badacsonylábdihegy,46.793889,17.470833,2026-07-02 21:50:53.378438,20.89,20.5,20.89,20.89,1017,56,3.85,330,6,0.0,Clear,clear sky,21
Badacsonytördemic-Szigliget,46.809722,17.469167,2026-07-02 21:50:54.616001,20.84,20.47,20.84,20.84,1017,57,3.77,331,6,0.0,Clear,clear sky,21
Nemesgulács-Kisapáti,46.836944,17.476389,2026-07-02 21:50:55.847887,20.8,20.42,20.8,20.8,1018,57,3.67,332,6,0.0,Clear,clear sky,21
Tapolca,46.877778,17.428611,2026-07-02 21:50:57.078764,20.76,20.35,20.76,20.76,1018,56,3.7,341,5,0.0,Clear,clear sky,21
Uzsabánya alsó,46.898333,17.345278,2026-07-02 21:50:58.317491,19.68,19.14,19.68,19.68,1018,55,3.61,348,4,0.0,Clear,clear sky,21
Uzsa,46.920278,17.331667,2026-07-02 21:50:59.549182,20.42,19.95,20.42,20.42,1018,55,3.48,349,4,0.0,Clear,clear sky,21
Sümegi Bazaltbánya,46.9525,17.2925,2026-07-02 21:51:00.788134,20.42,19.95,20.42,20.42,1018,55,3.4,352,3,0.0,Clear,clear sky,21
Sümeg,46.981111,17.270833,2026-07-02 21:51:02.015199,20.64,20.2,20.64,20.64,1018,55,3.4,355,3,0.0,Clear,clear sky,21
Gógánfa,47.021111,17.207778,2026-07-02 21:51:03.246582,20.63,20.18,20.63,20.63,1018,55,3.36,356,2,0.0,Clear,clear sky,21
Ukk,47.041944,17.195833,2026-07-02 21:51:04.480151,20.72,20.28,20.72,20.72,1018,55,3.39,356,2,0.0,Clear,clear sky,21
Nemeskeresztúr,47.093611,17.183611,2026-07-02 21:51:05.717056,20.65,20.21,20.65,20.65,1018,55,3.34,354,1,0.0,Clear,clear sky,21
Jánosháza,47.115833,17.171667,2026-07-02 21:51:06.944584,20.72,20.28,20.72,20.72,1018,55,3.33,352,1,0.0,Clear,clear sky,21
Keszthely,46.758333,17.248056,2026-07-02 21:51:08.175175,21.01,20.47,21.01,21.01,1018,50,4.26,352,5,0.0,Clear,clear sky,21
Alsógyenes,46.765844,17.276435,2026-07-02 21:51:09.403092,21.04,20.56,21.04,21.04,1018,52,4.25,348,5,0.0,Clear,clear sky,21
Gyenesdiás,46.763333,17.292778,2026-07-02 21:51:10.641561,21.04,20.56,21.04,21.04,1018,52,4.25,348,5,0.0,Clear,clear sky,21
Vonyarcvashegy,46.755278,17.318333,2026-07-02 21:51:11.874459,20.46,19.92,20.46,20.46,1018,52,4.24,345,5,0.0,Clear,clear sky,21
Balatongyörök,46.751944,17.354444,2026-07-02 21:51:13.102439,21.02,20.56,21.02,21.02,1018,53,4.21,342,5,0.0,Clear,clear sky,21
Becehegy,46.776111,17.372778,2026-07-02 21:51:14.331377,19.84,19.26,19.84,19.84,1018,53,4.12,342,5,0.0,Clear,clear sky,21
Balatonederics,46.8025,17.385,2026-07-02 21:51:15.563356,19.73,19.17,19.73,19.73,1018,54,4.0,343,5,0.0,Clear,clear sky,21
Dabronc,47.025766,17.167006,2026-07-02 21:51:16.794118,20.7,20.24,20.7,20.7,1018,54,3.41,357,2,0.0,Clear,clear sky,21
Türje,46.994444,17.093611,2026-07-02 21:51:18.026776,20.74,20.25,20.74,20.74,1018,53,3.54,359,2,0.0,Clear,clear sky,21
Zalabér-Batyk,46.983056,17.040833,2026-07-02 21:51:19.254183,20.89,20.39,20.89,20.89,1018,52,3.59,358,2,0.0,Clear,clear sky,21
Pakod,46.959167,16.996667,2026-07-02 21:51:20.488481,20.79,20.28,20.79,20.79,1018,52,3.59,356,2,0.0,Clear,clear sky,21
Pókaszepetk,46.924444,16.972222,2026-07-02 21:51:21.718329,20.89,20.39,20.89,20.89,1018,52,3.55,358,3,0.0,Clear,clear sky,21
Kemendollár,46.905833,16.946667,2026-07-02 21:51:22.953006,20.6,20.07,20.6,20.6,1018,52,3.5,356,2,0.0,Clear,clear sky,21
Zalaegerszeg,46.833056,16.848333,2026-07-02 21:51:24.186330,20.53,20.02,20.53,20.53,1018,53,2.77,349,3,0.0,Clear,clear sky,21
Bocfölde,46.780278,16.853611,2026-07-02 21:51:25.427901,20.56,20.03,20.56,20.56,1018,52,2.63,354,3,0.0,Clear,clear sky,21
Sárhida,46.755833,16.851389,2026-07-02 21:51:26.657710,19.7,19.11,19.7,19.7,1018,53,2.3,352,4,0.0,Clear,clear sky,21
Bak,46.7325,16.849167,2026-07-02 21:51:27.896741,20.07,19.52,20.07,20.07,1018,53,2.17,353,4,0.0,Clear,clear sky,21
Tófej,46.670833,16.801944,2026-07-02 21:51:29.130389,19.79,19.23,19.79,19.79,1018,54,1.76,352,4,0.0,Clear,clear sky,21
Gutorfölde,46.646944,16.739722,2026-07-02 21:51:30.361094,19.94,19.4,19.94,19.94,1018,54,1.43,347,4,0.0,Clear,clear sky,21
Csömödér-Páka,46.608056,16.641111,2026-07-02 21:51:31.592626,17.79,17.06,17.79,17.79,1018,55,1.29,338,5,0.0,Clear,clear sky,21
Iklódbördőce,46.603056,16.604722,2026-07-02 21:51:32.832917,17.78,17.08,17.78,17.78,1018,56,1.49,335,4,0.0,Clear,clear sky,21
Lenti,46.621389,16.528611,2026-07-02 21:51:34.061027,17.73,17.05,17.73,17.73,1018,57,1.91,337,4,0.0,Clear,clear sky,21
Rédics,46.618056,16.471111,2026-07-02 21:51:35.300462,17.72,17.06,17.72,17.72,1018,58,2.08,336,5,0.0,Clear,clear sky,21
Zalalövő,46.845556,16.576389,2026-07-02 21:51:36.542743,20.24,19.86,20.24,20.24,1018,59,2.86,332,2,0.0,Clear,clear sky,21
Zalaegerszeg-Ola,46.849167,16.844722,2026-07-02 21:51:37.778120,20.53,20.02,20.53,20.53,1018,53,2.77,349,3,0.0,Clear,clear sky,21
Andráshida,46.863116,16.7792,2026-07-02 21:51:39.010588,20.51,20.03,20.51,20.51,1018,54,2.87,344,2,0.0,Clear,clear sky,21
Bagod,46.875,16.746111,2026-07-02 21:51:40.238474,20.57,20.12,20.57,20.57,1018,55,2.8,338,2,0.0,Clear,clear sky,21
Zalaszentgyörgy,46.872222,16.7125,2026-07-02 21:51:41.474922,20.5,20.07,20.5,20.5,1018,56,2.8,336,2,0.0,Clear,clear sky,21
Zalacséb-Salomvár,46.858056,16.662222,2026-07-02 21:51:42.720323,20.25,19.82,20.25,20.25,1018,57,2.81,334,2,0.0,Clear,clear sky,21
Kópháza,47.631389,16.6375,2026-07-02 21:51:43.954472,21.22,20.91,17.99,21.22,1018,58,3.1,291,0,0.0,Clear,clear sky,21
Nagycenk,47.601111,16.690278,2026-07-02 21:51:45.185395,21.33,21.03,18.1,21.33,1018,58,3.16,295,0,0.0,Clear,clear sky,21
Sopronkövesd,47.548333,16.748056,2026-07-02 21:51:46.418766,17.93,17.55,17.93,21.16,1018,68,3.23,302,0,0.0,Clear,clear sky,21
Lövő,47.509444,16.7775,2026-07-02 21:51:47.659013,17.97,17.6,17.97,21.2,1018,68,3.24,311,0,0.0,Clear,clear sky,21
Újkér,47.457778,16.786667,2026-07-02 21:51:48.906043,17.99,17.62,17.99,17.99,1018,68,3.24,309,0,0.0,Clear,clear sky,21
Bük,47.388611,16.752222,2026-07-02 21:51:50.135950,18.05,17.69,18.05,18.05,1018,68,3.42,303,0,0.0,Clear,clear sky,21
Acsád,47.308333,16.734722,2026-07-02 21:51:51.366242,17.8,17.41,17.8,17.8,1018,68,3.64,305,0,0.0,Clear,clear sky,21
Salköveskút-Vassurány,47.291389,16.704167,2026-07-02 21:51:52.604184,17.81,17.42,17.81,17.81,1018,68,3.71,307,0,0.0,Clear,clear sky,21
Zalaszentiván,46.8875,16.909444,2026-07-02 21:51:53.837174,20.73,20.22,20.73,20.73,1018,52,3.27,352,2,0.0,Clear,clear sky,21
Alsónemesapáti,46.854167,16.936389,2026-07-02 21:51:55.072990,20.82,20.32,20.82,20.82,1018,52,3.41,357,3,0.0,Clear,clear sky,21
Józsa,47.600833,21.584444,2026-07-02 21:51:56.305142,20.31,20.04,20.31,20.31,1014,63,6.42,0,9,0.0,Clear,clear sky,21
Hajdúszentgyörgy,47.608056,21.578333,2026-07-02 21:51:57.536294,20.31,20.04,20.31,20.31,1014,63,6.42,0,9,0.0,Clear,clear sky,21
Zelemér,47.627778,21.578333,2026-07-02 21:51:58.769247,20.26,19.96,20.26,20.26,1014,62,6.46,0,9,0.0,Clear,clear sky,21
Hajdúböszörmény,47.668056,21.524167,2026-07-02 21:52:00.000840,20.3,19.98,20.3,20.3,1014,61,6.18,359,6,0.0,Clear,clear sky,21
Hajdúvid,47.749444,21.508056,2026-07-02 21:52:01.236850,20.35,20.01,20.35,20.35,1014,60,5.85,359,5,0.0,Clear,clear sky,21
Hajdúdorog,47.805556,21.493056,2026-07-02 21:52:02.469875,20.3,19.95,20.3,20.3,1014,60,5.79,359,5,0.0,Clear,clear sky,21
Hajdúnánás,47.831944,21.426667,2026-07-02 21:52:03.703099,20.32,19.97,20.32,20.32,1014,60,4.98,355,5,0.0,Clear,clear sky,21
Hajdúnánás-Vásártér,47.843056,21.407222,2026-07-02 21:52:04.933096,20.32,19.97,20.32,20.32,1014,60,4.98,355,5,0.0,Clear,clear sky,21
Tedej,47.903611,21.404444,2026-07-02 21:52:06.160391,22.1,21.91,22.1,22.1,1014,59,4.79,355,4,0.0,Clear,clear sky,21
Tiszavasvári,47.945278,21.374722,2026-07-02 21:52:07.398977,22.1,21.46,22.1,22.1,1015,42,4.33,352,5,0.0,Clear,clear sky,21
Egyházerdő,47.9725,21.365,2026-07-02 21:52:08.633329,22.12,21.48,22.12,22.12,1015,42,4.26,351,5,0.0,Clear,clear sky,21
Tiszalök,48.013056,21.369167,2026-07-02 21:52:09.863985,22.09,21.45,22.09,22.09,1015,42,4.12,352,6,0.0,Clear,clear sky,21
Hajnalos,47.998889,21.414167,2026-07-02 21:52:11.094652,22.1,21.46,22.1,22.1,1014,42,4.57,355,5,0.0,Clear,clear sky,21
Kisfástanya,47.989167,21.47,2026-07-02 21:52:12.330927,22.07,21.43,22.07,22.07,1014,42,4.97,358,5,0.0,Clear,clear sky,21
Tiszaeszlár,48.010556,21.491944,2026-07-02 21:52:13.566786,22.08,21.44,22.08,22.08,1014,42,5.31,360,5,0.0,Clear,clear sky,21
Bashalom,48.026111,21.514722,2026-07-02 21:52:14.808278,22.05,21.41,22.05,22.05,1014,42,5.22,0,5,0.0,Clear,clear sky,21
Sáránd,47.415556,21.625,2026-07-02 21:52:16.039969,20.7,20.55,20.7,20.7,1014,66,5.7,0,13,0.0,Clouds,few clouds,21
Derecske,47.365,21.584167,2026-07-02 21:52:17.268058,20.76,20.61,20.76,20.76,1014,66,5.52,1,10,0.0,Clear,clear sky,21
Derecske-Vásártér,47.352222,21.58,2026-07-02 21:52:18.501072,20.76,20.61,20.76,20.76,1014,66,5.52,1,10,0.0,Clear,clear sky,21
Konyár,47.323611,21.666111,2026-07-02 21:52:19.736558,20.78,20.69,20.78,20.78,1014,68,5.02,1,19,0.0,Clouds,few clouds,21
Konyári Sóstófürdő,47.324167,21.744444,2026-07-02 21:52:20.962385,20.71,20.66,20.71,20.71,1014,70,4.49,1,35,0.0,Clouds,scattered clouds,21
Pocsaj-Esztár,47.288333,21.793056,2026-07-02 21:52:22.201092,21.35,21.42,21.35,21.35,1014,72,4.03,1,45,0.0,Clouds,scattered clouds,21
Kismarja,47.243889,21.813889,2026-07-02 21:52:23.440218,21.35,21.45,21.35,21.35,1014,73,3.95,2,44,0.0,Clouds,scattered clouds,21
Nagykereki,47.191667,21.8,2026-07-02 21:52:24.676736,21.34,21.44,21.34,21.34,1014,73,3.96,3,40,0.0,Clouds,scattered clouds,21
Debrecen-Szabadságtelep,47.527778,21.658611,2026-07-02 21:52:25.909310,20.46,20.26,20.46,20.46,1014,65,6.13,0,16,0.0,Clouds,few clouds,21
Kondoroskert,47.525556,21.713889,2026-07-02 21:52:27.143601,20.39,20.26,20.39,20.39,1014,68,5.68,360,32,0.0,Clouds,scattered clouds,21
Nagycsere,47.523889,21.763056,2026-07-02 21:52:28.377624,20.36,20.25,20.36,20.36,1014,69,5.49,359,39,0.0,Clouds,scattered clouds,21
Haláp,47.521667,21.818333,2026-07-02 21:52:29.607089,20.29,20.2,20.29,20.29,1014,70,5.29,359,45,0.0,Clouds,scattered clouds,21
Vámospércs,47.518056,21.893889,2026-07-02 21:52:30.843841,20.15,20.13,20.15,20.15,1014,73,4.65,357,67,0.0,Clouds,broken clouds,21
Szentannapuszta,47.52,21.965833,2026-07-02 21:52:32.083083,20.1,20.12,20.1,20.1,1014,75,4.25,355,80,0.0,Clouds,broken clouds,21
Nyírábrány,47.523889,22.016944,2026-07-02 21:52:33.315579,20.06,20.11,20.06,20.06,1014,76,4.09,355,85,0.0,Clouds,overcast clouds,21
Dombostanya,47.602778,21.706389,2026-07-02 21:52:34.545463,20.31,20.09,20.31,20.31,1014,65,6.31,1,21,0.0,Clouds,few clouds,21
Hajdúsámson,47.608056,21.755278,2026-07-02 21:52:35.780805,20.23,20.08,20.23,20.23,1014,68,5.81,1,39,0.0,Clouds,scattered clouds,21
Tamásipuszta,47.632778,21.796111,2026-07-02 21:52:37.008032,20.11,19.98,20.11,20.11,1014,69,5.69,1,47,0.0,Clouds,scattered clouds,21
Aradványpuszta,47.662778,21.8425,2026-07-02 21:52:38.245128,20.05,19.96,20.05,20.05,1014,71,5.54,1,55,0.0,Clouds,broken clouds,21
Nyíradony,47.699444,21.903333,2026-07-02 21:52:39.475891,19.84,19.86,19.84,19.84,1014,76,4.96,2,79,0.0,Clouds,broken clouds,21
Nyírmihálydi,47.7375,21.958889,2026-07-02 21:52:40.707185,19.78,19.82,19.78,19.78,1014,77,4.82,2,86,0.0,Clouds,overcast clouds,21
Nyírgelse,47.750833,21.987778,2026-07-02 21:52:41.945233,19.69,19.78,19.69,19.69,1014,79,4.71,1,90,0.0,Clouds,overcast clouds,21
Nyírbogát,47.793056,22.066389,2026-07-02 21:52:43.175398,19.73,19.87,19.73,19.73,1014,81,4.51,359,96,0.0,Clouds,overcast clouds,21
Nagykálló,47.871111,21.825833,2026-07-02 21:52:44.408003,20.05,19.91,20.05,20.05,1014,69,6.64,6,47,0.0,Clouds,scattered clouds,21
Kállósemjén,47.854722,21.935,2026-07-02 21:52:45.636726,19.92,19.9,19.92,19.92,1014,74,5.7,5,71,0.0,Clouds,broken clouds,21
Nyírbátor,47.8425,22.131111,2026-07-02 21:52:46.868214,19.7,19.87,19.7,19.7,1014,82,4.51,358,95,0.0,Clouds,overcast clouds,21
Nyírcsászári,47.865556,22.179167,2026-07-02 21:52:48.102332,19.77,19.97,19.77,19.77,1014,83,4.45,356,94,0.0,Clouds,overcast clouds,21
Hodász,47.896111,22.213611,2026-07-02 21:52:49.335844,19.76,19.98,19.76,19.76,1014,84,4.38,355,93,0.0,Clouds,overcast clouds,21
Nyírmeggyes,47.9225,22.256667,2026-07-02 21:52:50.570741,19.84,20.07,19.84,19.84,1014,84,4.23,355,89,0.0,Clouds,overcast clouds,21
Mátészalka,47.951389,22.313333,2026-07-02 21:52:51.817075,19.91,20.15,19.91,19.91,1014,84,4.11,355,89,0.0,Clouds,overcast clouds,21
Kocsord,47.941944,22.375833,2026-07-02 21:52:53.045134,20.07,20.35,20.07,20.07,1013,85,4.06,353,93,0.0,Clouds,overcast clouds,21
Kocsord alsó,47.946389,22.400556,2026-07-02 21:52:54.278428,20.07,20.35,20.07,20.07,1013,85,4.06,353,93,0.0,Clouds,overcast clouds,21
Győrtelek,47.936667,22.424722,2026-07-02 21:52:55.510839,20.11,20.4,20.11,20.11,1013,85,4.03,354,93,0.0,Clouds,overcast clouds,21
Győrtelek alsó,47.921111,22.443333,2026-07-02 21:52:56.740831,20.13,20.42,20.13,20.13,1013,85,4.09,353,95,0.0,Clouds,overcast clouds,21
Ököritófülpös,47.911389,22.495,2026-07-02 21:52:57.969982,20.15,20.44,20.15,20.15,1013,85,4.06,353,95,0.0,Clouds,overcast clouds,21
Porcsalma-Tyukod,47.868056,22.568333,2026-07-02 21:52:59.202396,20.06,20.37,20.06,20.06,1013,86,4.04,351,99,0.0,Clouds,overcast clouds,21
Csenger,47.826111,22.666389,2026-07-02 21:53:00.434312,20.05,20.36,20.05,20.05,1013,86,3.84,350,100,0.0,Clouds,overcast clouds,21
Kisfái,46.888303,19.807366,2026-07-02 21:53:01.673364,21.4,21.53,21.4,21.4,1015,74,3.48,22,95,0.0,Clouds,overcast clouds,21
Nyárlőrinci szőlők,46.8775,19.828333,2026-07-02 21:53:02.910664,21.36,21.51,21.36,21.36,1015,75,3.7,19,95,0.0,Clouds,overcast clouds,21
Nyárlőrinc alsó,46.863889,19.878889,2026-07-02 21:53:04.138992,21.29,21.43,21.29,21.29,1015,75,3.72,18,96,0.0,Clouds,overcast clouds,21
Tiszaug-Tiszahídfő,46.866106,20.052098,2026-07-02 21:53:05.370875,22.23,22.49,22.23,22.23,1015,76,3.69,11,94,0.0,Clouds,overcast clouds,21
Csongrádi úti tanyák,46.690278,19.921667,2026-07-02 21:53:06.613183,22.19,22.5,22.19,22.19,1015,78,4.22,9,91,0.0,Clouds,overcast clouds,21
Kettőshalom,46.689167,20.0225,2026-07-02 21:53:07.847902,22.22,22.43,22.22,22.22,1015,74,4.08,7,89,0.0,Clouds,overcast clouds,21
Csongrád alsó,46.711389,20.126389,2026-07-02 21:53:09.082176,22.22,22.43,22.22,22.22,1015,74,3.89,5,81,0.0,Clouds,broken clouds,21
Dónát,46.66988,20.368168,2026-07-02 21:53:10.311778,22.24,22.45,22.24,22.24,1015,74,3.58,302,53,0.0,Clouds,broken clouds,21
Pusztatemplom,46.676667,20.407222,2026-07-02 21:53:11.548969,22.23,22.44,22.23,22.23,1015,74,3.58,302,49,0.0,Clouds,scattered clouds,21
Előhát,47.364722,20.653611,2026-07-02 21:53:12.782220,22.22,22.09,22.22,22.22,1015,61,5.14,17,75,0.0,Clouds,broken clouds,21
Polgárdi-Tekerespuszta,47.017778,18.297778,2026-07-02 21:53:14.018416,21.32,20.79,21.32,21.32,1016,49,4.25,331,10,0.0,Clear,clear sky,21
Szatina-Kishajmás,46.202778,18.083611,2026-07-02 21:53:15.257360,19.84,19.32,19.84,19.84,1017,55,2.11,328,14,0.0,Clouds,few clouds,21
Márok,45.886944,18.499167,2026-07-02 21:53:16.490685,20.91,20.65,20.91,20.91,1016,61,3.08,316,60,0.0,Clouds,broken clouds,21
Nagynyárád,45.953333,18.564722,2026-07-02 21:53:17.722276,20.65,20.42,20.65,20.65,1016,63,3.05,313,42,0.0,Clouds,scattered clouds,21
Szászvár,46.2875,18.369722222222222,2026-07-02 21:53:18.950755,20.16,19.72,20.16,20.16,1017,57,2.49,303,13,0.0,Clouds,few clouds,21
Cikó,46.263514,18.557605,2026-07-02 21:53:20.178669,20.64,20.38,20.64,20.64,1016,62,3.02,301,22,0.0,Clouds,few clouds,21
Gyöngyfa-Magyarmecske,45.983889,17.958889,2026-07-02 21:53:21.409240,20.71,20.25,20.71,20.71,1017,54,3.46,330,35,0.0,Clouds,scattered clouds,21
Nagyhát,47.581389,21.445,2026-07-02 21:53:22.637821,20.41,20.13,20.41,20.41,1014,62,5.72,356,3,0.0,Clear,clear sky,21
Balmazújváros,47.613889,21.348056,2026-07-02 21:53:23.868919,20.44,20.16,20.44,20.44,1014,62,4.44,350,7,0.0,Clear,clear sky,21
Kónya,47.600833,21.2375,2026-07-02 21:53:25.101874,20.43,20.15,20.43,20.43,1015,62,3.9,347,11,0.0,Clouds,few clouds,21
Hortobágy,47.586111,21.154722,2026-07-02 21:53:26.339392,20.44,20.16,20.44,20.44,1015,62,3.77,349,16,0.0,Clouds,few clouds,21
Hortobágyi Halastó,47.604167,21.074167,2026-07-02 21:53:27.571694,20.47,20.19,20.47,20.47,1015,62,3.93,354,20,0.0,Clouds,few clouds,21
Ohat-Pusztakócs,47.623333,20.951111,2026-07-02 21:53:28.805399,20.5,20.17,20.5,20.5,1015,60,4.69,3,39,0.0,Clouds,scattered clouds,21
Egyek,47.616944,20.883611,2026-07-02 21:53:30.037831,22.19,22.03,22.19,22.19,1015,60,5.05,7,59,0.0,Clouds,broken clouds,21
Tiszafüred,47.627778,20.756111,2026-07-02 21:53:31.269474,22.19,22.06,22.19,22.19,1015,61,4.97,10,76,0.0,Clouds,broken clouds,21
Poroszló,47.657778,20.654444,2026-07-02 21:53:32.504580,22.2,22.2,22.2,22.2,1015,66,3.83,10,89,0.0,Clouds,overcast clouds,21
Kétútköz,47.694167,20.565,2026-07-02 21:53:33.740160,22.17,22.3,22.17,22.17,1015,71,2.81,4,92,0.0,Clouds,overcast clouds,21
Egerfarmos,47.711667,20.5225,2026-07-02 21:53:34.967067,22.15,22.33,22.15,22.15,1015,73,2.23,359,91,0.0,Clouds,overcast clouds,21
Piliscsaba,47.638056,18.829722,2026-07-02 21:53:36.198791,21.27,20.76,20.34,23.64,1016,50,2.67,330,40,0.0,Clouds,scattered clouds,21
Pilisjászfalu,47.656111,18.797778,2026-07-02 21:53:37.429437,21.55,21.01,20.59,21.73,1016,48,2.75,330,36,0.0,Clouds,scattered clouds,21
Leányvár,47.687594,18.772553,2026-07-02 21:53:38.657710,21.72,21.2,20.76,21.9,1016,48,2.52,330,29,0.0,Clouds,scattered clouds,21
Dorog,47.723333,18.732778,2026-07-02 21:53:39.892993,21.94,21.63,21.94,21.94,1016,55,2.08,330,16,0.0,Clouds,few clouds,21
Esztergom-Kertváros,47.743333,18.719167,2026-07-02 21:53:41.122854,22.01,21.7,22.01,22.01,1016,55,1.95,331,14,0.0,Clouds,few clouds,21
Esztergom,47.7775,18.743611,2026-07-02 21:53:42.358966,22.07,21.79,22.07,22.07,1016,56,1.77,334,20,0.0,Clouds,few clouds,21
Dunaalmás,47.733056,18.326389,2026-07-02 21:53:43.597217,20.86,20.41,20.86,20.86,1016,54,3.15,326,4,0.0,Clear,clear sky,21
Neszmély,47.734444,18.345278,2026-07-02 21:53:44.825104,20.86,20.41,20.86,20.86,1016,54,3.15,326,4,0.0,Clear,clear sky,21
Süttő,47.761111,18.455,2026-07-02 21:53:46.055982,20.88,20.41,20.88,20.88,1016,53,2.64,323,4,0.0,Clear,clear sky,21
Piszke,47.75307,18.478017,2026-07-02 21:53:47.298030,20.92,20.45,20.92,20.92,1016,53,2.5,322,4,0.0,Clear,clear sky,21
Lábatlan,47.751944,18.513333,2026-07-02 21:53:48.525440,20.92,20.48,20.92,20.92,1016,54,2.37,322,4,0.0,Clear,clear sky,21
Eternitgyár,47.755544,18.530014,2026-07-02 21:53:49.778212,20.92,20.48,20.92,20.92,1016,54,2.37,322,4,0.0,Clear,clear sky,21
Nyergesújfalu felső,47.762222,18.540556,2026-07-02 21:53:51.014894,20.92,20.48,20.92,20.92,1016,54,2.37,322,4,0.0,Clear,clear sky,21
Nyergesújfalu,47.761111,18.561667,2026-07-02 21:53:52.247230,20.88,20.43,20.88,20.88,1016,54,2.26,323,4,0.0,Clear,clear sky,21
Tokod,47.735,18.675,2026-07-02 21:53:53.484812,22.03,21.72,22.03,22.03,1016,55,2.09,329,13,0.0,Clouds,few clouds,21
Környe,47.541667,18.330278,2026-07-02 21:53:54.714994,20.65,20.18,20.65,20.65,1016,54,2.7,320,21,0.0,Clouds,few clouds,21
Kecskéd alsó,47.519722,18.316667,2026-07-02 21:53:55.948814,20.64,20.17,20.64,20.64,1016,54,2.8,322,20,0.0,Clouds,few clouds,21
Oroszlány,47.486944,18.308611,2026-07-02 21:53:57.189209,20.59,20.09,20.59,20.59,1016,53,2.87,323,20,0.0,Clouds,few clouds,21
Győrszabadhegy,47.663056,17.648056,2026-07-02 21:53:58.422051,20.73,20.45,20.73,20.73,1017,61,3.3,319,0,0.0,Clear,clear sky,21
Ménfőcsanak felső,47.638333,17.615,2026-07-02 21:53:59.654640,20.82,20.52,20.82,20.82,1017,60,3.29,319,0,0.0,Clear,clear sky,21
Gyömöre-Tét,47.501672,17.559596,2026-07-02 21:54:00.881912,20.65,20.34,20.65,20.65,1017,60,2.98,321,0,0.0,Clear,clear sky,21
Szerecseny,47.469167,17.5475,2026-07-02 21:54:02.117809,20.67,20.36,20.67,20.67,1017,60,2.86,322,0,0.0,Clear,clear sky,21
Gecse-Gyarmat,47.456111,17.515,2026-07-02 21:54:03.350314,20.59,20.27,20.59,20.59,1017,60,2.94,324,0,0.0,Clear,clear sky,21
Vaszar,47.4025,17.496389,2026-07-02 21:54:04.592879,20.68,20.37,20.68,20.68,1018,60,2.68,330,1,0.0,Clear,clear sky,21
Pápa,47.340556,17.458889,2026-07-02 21:54:05.827972,20.66,20.32,20.66,20.66,1018,59,2.61,336,1,0.0,Clear,clear sky,21
Mezőlak,47.324722,17.371389,2026-07-02 21:54:07.063193,20.79,20.44,20.79,20.79,1018,58,2.98,338,0,0.0,Clear,clear sky,21
Mihályháza,47.318889,17.331667,2026-07-02 21:54:08.304018,20.79,20.44,20.79,20.79,1018,58,3.04,340,0,0.0,Clear,clear sky,21
Vinár,47.306667,17.284722,2026-07-02 21:54:09.537450,20.85,20.48,20.85,20.85,1018,57,3.14,340,0,0.0,Clear,clear sky,21
Külsővat,47.279167,17.219722,2026-07-02 21:54:10.766014,20.87,20.47,20.87,20.87,1018,56,3.34,343,0,0.0,Clear,clear sky,21
Celldömölk,47.261389,17.151944,2026-07-02 21:54:11.991911,20.88,20.49,20.88,20.88,1018,56,3.43,346,0,0.0,Clear,clear sky,21
Kemenesmihályfa,47.278056,17.111111,2026-07-02 21:54:13.225841,20.5,20.07,20.5,20.5,1018,56,3.47,345,0,0.0,Clear,clear sky,21
Nagysimonyi,47.265556,17.058889,2026-07-02 21:54:14.461886,20.58,20.16,20.58,20.58,1018,56,3.49,346,0,0.0,Clear,clear sky,21
Ostffyasszonyfa,47.283889,17.023889,2026-07-02 21:54:15.693924,20.67,20.25,20.67,20.67,1018,56,3.46,343,0,0.0,Clear,clear sky,21
Sárvár,47.259167,16.928889,2026-07-02 21:54:16.924030,20.76,20.35,20.76,20.76,1018,56,3.51,332,0,0.0,Clear,clear sky,21
Porpác,47.238611,16.8325,2026-07-02 21:54:18.153080,18.07,17.37,18.07,18.07,1018,55,3.65,325,0,0.0,Clear,clear sky,21
Balatonföldvár,46.853889,17.881389,2026-07-02 21:54:19.381993,22.75,21.89,22.75,22.75,1017,31,1.79,315,7,0.0,Clear,clear sky,21
Balatonszárszó,46.832222,17.830278,2026-07-02 21:54:20.608125,22.77,21.91,22.77,22.77,1017,31,2.83,308,7,0.0,Clear,clear sky,21
Balatonszemes,46.811944,17.776389,2026-07-02 21:54:21.835803,22.75,21.89,22.75,22.75,1017,31,2.76,309,7,0.0,Clear,clear sky,21
Balatonlelle felső,46.793889,17.7175,2026-07-02 21:54:23.068558,22.77,21.91,22.77,22.77,1017,31,2.87,312,8,0.0,Clear,clear sky,21
Balatonlelle,46.7875,17.694167,2026-07-02 21:54:24.304777,22.73,22.55,22.73,22.73,1017,57,2.98,315,8,0.0,Clear,clear sky,21
Fonyódliget,46.759167,17.592222,2026-07-02 21:54:25.538923,22.75,22.57,22.75,22.75,1017,57,3.3,319,7,0.0,Clear,clear sky,21
Balatonboglár,46.776111,17.647222,2026-07-02 21:54:26.767462,22.75,22.57,22.75,22.75,1017,57,3.11,317,8,0.0,Clear,clear sky,21
Balatonfenyves alsó,46.708611,17.455278,2026-07-02 21:54:27.998008,21.03,20.6,21.03,21.03,1017,54,4.06,332,6,0.0,Clear,clear sky,21
Fonyód,46.750278,17.558889,2026-07-02 21:54:29.230749,20.95,20.59,20.95,20.95,1017,57,3.61,324,7,0.0,Clear,clear sky,21
Bélatelep,46.737778,17.535,2026-07-02 21:54:30.463245,20.98,20.6,20.98,20.98,1017,56,3.79,327,6,0.0,Clear,clear sky,21
Alsóbélatelep,46.724167,17.516389,2026-07-02 21:54:31.692402,20.98,20.6,20.98,20.98,1017,56,3.79,327,6,0.0,Clear,clear sky,21
Balatonfenyves,46.713611,17.482778,2026-07-02 21:54:32.913420,21.07,20.67,21.07,21.07,1017,55,3.93,329,6,0.0,Clear,clear sky,21
Máriahullámtelep,46.704722,17.435,2026-07-02 21:54:34.155694,21.03,20.6,21.03,21.03,1017,54,4.06,332,6,0.0,Clear,clear sky,21
Balatonmáriafürdő,46.704167,17.374722,2026-07-02 21:54:35.388163,21.11,20.63,21.11,21.11,1018,52,4.33,341,6,0.0,Clear,clear sky,21
Balatonberény,46.713889,17.316944,2026-07-02 21:54:36.611685,21.14,20.67,21.14,21.14,1018,52,4.39,343,5,0.0,Clear,clear sky,21
Balatonszentgyörgy,46.692778,17.288889,2026-07-02 21:54:37.838630,21.12,20.59,21.12,21.12,1018,50,4.5,346,6,0.0,Clear,clear sky,21
Vörs,46.663611,17.260278,2026-07-02 21:54:39.083549,21.16,20.61,21.16,21.16,1018,49,4.64,349,6,0.0,Clear,clear sky,21
Zalaszentjakab,46.491667,17.135278,2026-07-02 21:54:40.315929,21.08,20.44,21.08,21.08,1017,46,5.24,354,13,0.0,Clouds,few clouds,21
Nagykanizsa,46.440833,16.986667,2026-07-02 21:54:41.549401,20.93,20.28,20.93,20.93,1017,46,4.59,359,13,0.0,Clouds,few clouds,21
Murakeresztúr,46.363889,16.876944,2026-07-02 21:54:42.779850,20.61,19.95,20.61,20.61,1017,47,3.88,354,14,0.0,Clouds,few clouds,21
Zalakomár,46.530278,17.188056,2026-07-02 21:54:44.017420,21.16,20.56,21.16,21.16,1017,47,5.14,352,11,0.0,Clouds,few clouds,21
Szárazrét,47.200833,18.381111,2026-07-02 21:54:45.246417,21.65,21.15,21.65,21.65,1016,49,4.46,339,6,0.0,Clear,clear sky,21
Bodajk,47.318333,18.251944,2026-07-02 21:54:46.477193,21.17,20.67,21.17,21.17,1016,51,4.1,334,9,0.0,Clear,clear sky,21
Csókakő,47.3275,18.240556,2026-07-02 21:54:47.709868,20.81,20.28,20.81,20.81,1016,51,3.91,333,11,0.0,Clouds,few clouds,21
Mór,47.369167,18.189167,2026-07-02 21:54:48.944670,20.68,20.19,20.68,20.68,1017,53,3.65,325,10,0.0,Clear,clear sky,21
Bakonysárkány,47.443611,18.103611,2026-07-02 21:54:50.177902,20.1,19.6,20.1,20.1,1017,55,3.0,314,9,0.0,Clear,clear sky,21
Kisbér,47.494167,18.024722,2026-07-02 21:54:51.410346,20.3,19.87,20.3,20.3,1017,57,2.72,304,4,0.0,Clear,clear sky,21
Nagyigmánd-Bábolna,47.630556,18.050833,2026-07-02 21:54:52.647932,20.61,20.21,20.61,20.61,1017,57,2.92,313,3,0.0,Clear,clear sky,21
Budapest-Déli,47.498889,19.025,2026-07-02 21:54:53.883026,23.18,22.89,21.94,24.28,1016,51,0.45,355,67,0.0,Clouds,broken clouds,21
Budapest-Kelenföld,47.464444,19.02,2026-07-02 21:54:55.112773,23.43,23.19,22.05,24.38,1016,52,0.45,355,66,0.0,Clouds,broken clouds,21
Budaörs,47.4475,18.965,2026-07-02 21:54:56.346582,23.18,22.91,21.96,24.29,1016,52,0.45,36,58,0.0,Clouds,broken clouds,21
Biatorbágy,47.480278,18.834444,2026-07-02 21:54:57.577939,22.02,21.61,20.64,23.94,1016,51,4.0,332,47,0.0,Clouds,scattered clouds,21
Herceghalom,47.493611,18.746111,2026-07-02 21:54:58.813280,22.06,21.6,20.9,24.19,1016,49,4.16,332,44,0.0,Clouds,scattered clouds,21
Bicske,47.484167,18.6175,2026-07-02 21:55:00.045093,21.66,21.24,21.66,21.84,1016,52,3.52,328,35,0.0,Clouds,scattered clouds,21
Szár,47.485,18.5275,2026-07-02 21:55:01.279366,21.45,21.01,21.45,21.45,1016,52,2.89,322,30,0.0,Clouds,scattered clouds,21
Szárliget,47.518333,18.495833,2026-07-02 21:55:02.508706,20.43,19.91,20.43,20.43,1016,53,2.66,319,29,0.0,Clouds,scattered clouds,21
Alsógalla,47.563337,18.425102,2026-07-02 21:55:03.741711,20.72,20.23,20.72,20.72,1016,53,2.53,318,23,0.0,Clouds,few clouds,21
Tatabánya,47.585556,18.393056,2026-07-02 21:55:04.970029,20.74,20.25,20.74,20.74,1016,53,2.61,319,19,0.0,Clouds,few clouds,21
Vértesszőlős,47.619444,18.375278,2026-07-02 21:55:06.202378,20.76,20.28,20.76,20.76,1016,53,2.64,320,16,0.0,Clouds,few clouds,21
Tóvároskert,47.646111,18.348611,2026-07-02 21:55:07.438725,20.74,20.28,20.74,20.74,1016,54,2.82,322,12,0.0,Clouds,few clouds,21
Tata,47.665,18.3275,2026-07-02 21:55:08.664783,20.74,20.28,20.74,20.74,1016,54,2.92,323,9,0.0,Clear,clear sky,21
Almásfüzitő,47.725278,18.262222,2026-07-02 21:55:09.895472,20.8,20.35,20.8,20.8,1016,54,3.39,327,4,0.0,Clear,clear sky,21
Almásfüzitő felső,47.731389,18.216389,2026-07-02 21:55:11.127938,20.77,20.34,20.77,20.77,1016,55,3.51,327,3,0.0,Clear,clear sky,21
Szőny,47.735556,18.1775,2026-07-02 21:55:12.365105,20.76,20.33,20.76,20.76,1016,55,3.53,326,3,0.0,Clear,clear sky,21
Komárom,47.749444,18.113611,2026-07-02 21:55:13.608319,20.74,20.33,20.74,20.74,1017,56,3.66,326,1,0.0,Clear,clear sky,21
Ács,47.717222,18.004444,2026-07-02 21:55:14.844732,20.61,20.24,20.61,20.61,1017,58,3.42,322,0,0.0,Clear,clear sky,21
Nagyszentjános,47.705556,17.871389,2026-07-02 21:55:16.077887,20.62,20.3,20.62,20.62,1017,60,3.32,320,0,0.0,Clear,clear sky,21
Győrszentiván,47.688611,17.745556,2026-07-02 21:55:17.304613,20.63,20.32,20.63,20.63,1017,60,3.28,319,0,0.0,Clear,clear sky,21
Győr-Gyárváros,47.684444,17.663889,2026-07-02 21:55:18.534781,20.74,20.46,20.74,20.74,1017,61,3.3,319,0,0.0,Clear,clear sky,21
Győr,47.681944,17.634722,2026-07-02 21:55:19.759801,20.73,20.45,20.73,20.73,1017,61,3.3,319,0,0.0,Clear,clear sky,21
Öttevény,47.719722,17.489167,2026-07-02 21:55:20.990247,20.82,20.5,20.82,20.82,1017,59,3.23,318,0,0.0,Clear,clear sky,21
Lébény-Mosonszentmiklós,47.755278,17.426389,2026-07-02 21:55:22.216640,20.83,20.48,20.83,20.83,1017,58,3.19,315,0,0.0,Clear,clear sky,21
Kimle-Károlyháza,47.803889,17.342778,2026-07-02 21:55:23.441856,20.82,20.45,20.82,20.82,1017,57,3.19,310,0,0.0,Clear,clear sky,21
Mosonmagyaróvár,47.849722,17.267222,2026-07-02 21:55:24.673923,21.71,21.4,21.71,21.72,1017,56,3.36,307,0,0.0,Clear,clear sky,21
Levél,47.889722,17.1925,2026-07-02 21:55:25.912568,21.69,21.38,21.64,21.69,1017,56,3.54,310,0,0.0,Clear,clear sky,21
Hegyeshalom,47.913889,17.145556,2026-07-02 21:55:27.148544,21.66,21.34,21.61,21.66,1017,56,3.66,310,0,0.0,Clear,clear sky,21
Óbuda,47.568611,19.033889,2026-07-02 21:55:28.388879,23.29,22.98,22.27,24.42,1016,50,0.45,355,70,0.0,Clouds,broken clouds,21
Üröm,47.580556,19.002222,2026-07-02 21:55:29.619221,23.14,22.82,22.16,24.32,1016,50,2.3,326,66,0.0,Clouds,broken clouds,21
Solymár,47.596111,18.95,2026-07-02 21:55:30.847807,22.78,22.37,21.98,24.13,1016,48,2.41,326,62,0.0,Clouds,broken clouds,21
Pilisvörösvár,47.614444,18.902222,2026-07-02 21:55:32.075166,22.45,22.0,21.62,23.78,1016,48,2.46,327,57,0.0,Clouds,broken clouds,21
Klotildliget,47.637778,18.846389,2026-07-02 21:55:33.306479,22.18,21.73,21.36,23.51,1016,49,2.67,330,40,0.0,Clouds,scattered clouds,21
Kútvölgy,46.459444,20.451944,2026-07-02 21:55:34.538153,22.23,22.68,22.23,22.23,1015,83,3.39,355,52,0.0,Clouds,broken clouds,21
Székkutas,46.503889,20.541111,2026-07-02 21:55:35.764864,22.21,22.65,22.21,22.21,1015,83,3.43,356,52,0.0,Clouds,broken clouds,21
Kaposszentjakab,46.358056,17.821944,2026-07-02 21:55:37.004961,20.22,19.73,20.22,20.22,1017,55,2.83,327,10,0.0,Clear,clear sky,21
Kaposvár,46.352778,17.795,2026-07-02 21:55:38.236632,20.06,19.56,20.06,20.06,1017,55,2.87,328,11,0.0,Clouds,few clouds,21
Kaposújlak,46.366667,17.715,2026-07-02 21:55:39.465874,20.1,19.6,20.1,20.1,1017,55,2.87,329,12,0.0,Clouds,few clouds,21
Kaposmérő,46.365278,17.698889,2026-07-02 21:55:40.697551,20.04,19.54,20.04,20.04,1017,55,2.86,329,12,0.0,Clouds,few clouds,21
Kaposfő,46.364167,17.656667,2026-07-02 21:55:41.932913,20.01,19.5,20.01,20.01,1017,55,2.86,330,12,0.0,Clouds,few clouds,21
Kiskorpád,46.361389,17.606667,2026-07-02 21:55:43.161981,19.97,19.43,19.97,19.97,1017,54,2.88,331,13,0.0,Clouds,few clouds,21
Jákó-Nagybajom,46.344444,17.554444,2026-07-02 21:55:44.393362,20.11,19.59,20.11,20.11,1017,54,3.02,335,16,0.0,Clouds,few clouds,21
Kutas,46.326111,17.453889,2026-07-02 21:55:45.625801,20.54,19.98,20.54,20.54,1017,51,3.63,341,20,0.0,Clouds,few clouds,21
Beleg,46.316944,17.420556,2026-07-02 21:55:46.859433,20.83,20.27,20.83,20.83,1017,50,4.25,345,24,0.0,Clouds,few clouds,21
Ötvöskónyi,46.292778,17.358056,2026-07-02 21:55:48.098058,20.95,20.38,20.95,20.95,1017,49,4.57,347,26,0.0,Clouds,scattered clouds,21
Somogyszob,46.289167,17.305556,2026-07-02 21:55:49.331686,21.1,20.49,21.1,21.1,1017,47,5.21,351,29,0.0,Clouds,scattered clouds,21
Bolhás,46.282222,17.275278,2026-07-02 21:55:50.563950,21.28,20.66,21.28,21.28,1017,46,5.8,353,30,0.0,Clouds,scattered clouds,21
Szenta,46.274167,17.182222,2026-07-02 21:55:51.798024,21.42,20.79,21.42,21.42,1017,45,6.24,356,31,0.0,Clouds,scattered clouds,21
Zrínyitelep,46.275278,17.138056,2026-07-02 21:55:53.033065,21.43,20.78,21.43,21.43,1017,44,6.39,357,30,0.0,Clouds,scattered clouds,21
Csurgó,46.261111,17.091667,2026-07-02 21:55:54.271560,21.61,20.98,21.61,21.61,1017,44,6.48,358,30,0.0,Clouds,scattered clouds,21
Gyékényes,46.249167,16.956389,2026-07-02 21:55:55.501843,21.03,20.36,21.03,21.03,1017,45,5.83,358,23,0.0,Clouds,few clouds,21
Adony,47.106111,18.847778,2026-07-02 21:55:56.727171,21.9,21.48,21.9,21.9,1016,51,3.44,346,40,0.0,Clouds,scattered clouds,21
Kulcs,47.051111,18.8975,2026-07-02 21:55:57.960382,21.61,21.21,21.61,21.61,1016,53,3.02,349,50,0.0,Clouds,scattered clouds,21
Rácalmás,47.023333,18.908889,2026-07-02 21:55:59.191677,21.52,21.11,21.52,21.52,1016,53,2.98,349,51,0.0,Clouds,broken clouds,21
Dunaújváros,46.960556,18.913889,2026-07-02 21:56:00.422570,21.49,21.1,21.49,21.49,1016,54,2.93,349,52,0.0,Clouds,broken clouds,21
Újvenyim,46.936944,18.868889,2026-07-02 21:56:01.690465,21.54,21.13,21.54,21.54,1016,53,3.15,348,49,0.0,Clouds,scattered clouds,21
Mezőfalva,46.905556,18.810278,2026-07-02 21:56:02.922042,21.46,21.02,21.46,21.46,1016,52,3.29,347,46,0.0,Clouds,scattered clouds,21
Nagykarácsony felső,46.866047,18.783064,2026-07-02 21:56:04.163584,21.47,21.06,21.47,21.47,1016,53,3.17,344,48,0.0,Clouds,scattered clouds,21
Nagykarácsony,46.848729,18.765722,2026-07-02 21:56:05.399027,21.21,20.74,21.21,21.21,1016,52,3.18,341,47,0.0,Clouds,scattered clouds,21
Alap,46.831944,18.657778,2026-07-02 21:56:06.626659,21.37,20.89,21.37,21.37,1016,51,3.38,334,41,0.0,Clouds,scattered clouds,21
Cece,46.773333,18.623333,2026-07-02 21:56:07.859152,21.25,20.79,21.25,21.25,1016,52,3.29,328,38,0.0,Clouds,scattered clouds,21
Vajta,46.713611,18.648056,2026-07-02 21:56:09.092256,21.15,20.7,21.15,21.15,1016,53,3.12,324,35,0.0,Clouds,scattered clouds,21
Rétszilas alsó,46.829167,18.639444,2026-07-02 21:56:10.326612,21.37,20.89,21.37,21.37,1016,51,3.38,334,41,0.0,Clouds,scattered clouds,21
Nagydorog,46.615485,18.65002,2026-07-02 21:56:11.554181,21.1,20.68,21.1,21.1,1016,54,3.06,319,28,0.0,Clouds,scattered clouds,21
Tengelic,46.516111,18.695278,2026-07-02 21:56:12.786891,21.01,20.63,21.01,21.01,1016,56,3.15,313,18,0.0,Clouds,few clouds,21
Fácánkert,46.449041,18.735661,2026-07-02 21:56:14.021602,21.04,20.77,21.04,21.04,1016,60,3.23,310,14,0.0,Clouds,few clouds,21
Tolna-Mözs,46.416389,18.750556,2026-07-02 21:56:15.252267,21.08,20.86,21.08,21.08,1016,62,3.28,312,10,0.0,Clear,clear sky,21
Szekszárd-Palánk,46.38027777777778,18.72833333333333,2026-07-02 21:56:16.486138,21.06,20.84,21.06,21.06,1016,62,3.2,308,16,0.0,Clouds,few clouds,21
Szekszárd,46.349444,18.7125,2026-07-02 21:56:17.714980,21.01,20.79,21.01,21.01,1016,62,3.18,307,18,0.0,Clouds,few clouds,21
Őcsény,46.318889,18.7425,2026-07-02 21:56:18.948267,20.97,20.82,20.97,20.97,1016,65,3.14,310,20,0.0,Clouds,few clouds,21
Decs,46.283889,18.756111,2026-07-02 21:56:20.180365,20.96,20.83,20.96,20.96,1016,66,3.11,310,22,0.0,Clouds,few clouds,21
Csikóstőttős,46.337222,18.152778,2026-07-02 21:56:21.415193,20.48,19.97,20.48,20.48,1017,53,2.3,317,7,0.0,Clear,clear sky,21
Mágocs-Alsómocsolád,46.31027777777778,18.222222222222225,2026-07-02 21:56:22.652904,19.88,19.33,19.88,19.88,1017,54,2.2,313,7,0.0,Clear,clear sky,21
Szalatnak,46.284444444444446,18.288611111111113,2026-07-02 21:56:23.887355,20.13,19.66,20.13,20.13,1017,56,2.31,306,11,0.0,Clouds,few clouds,21
Máza-Szászvár,46.279167,18.411389,2026-07-02 21:56:25.118034,20.29,19.89,20.29,20.29,1016,58,2.6,302,15,0.0,Clouds,few clouds,21
Váralja,46.281667,18.436111,2026-07-02 21:56:26.357480,20.46,20.1,20.46,20.46,1016,59,2.78,301,18,0.0,Clouds,few clouds,21
Nagymányok,46.280278,18.459167,2026-07-02 21:56:27.590254,20.46,20.1,20.46,20.46,1016,59,2.78,301,18,0.0,Clouds,few clouds,21
Hidas-Bonyhád,46.269444,18.523333,2026-07-02 21:56:28.822091,20.49,20.16,20.49,20.49,1016,60,2.94,300,21,0.0,Clouds,few clouds,21
Mőcsény,46.2575,18.591944,2026-07-02 21:56:30.050757,20.28,20.01,20.28,20.28,1016,63,3.09,302,25,0.0,Clouds,scattered clouds,21
Bátaszék,46.202222,18.715556,2026-07-02 21:56:31.281212,20.89,20.73,20.89,20.89,1016,65,3.05,307,29,0.0,Clouds,scattered clouds,21
Pörböly,46.199167,18.826389,2026-07-02 21:56:32.521978,20.91,20.83,20.91,20.91,1016,68,3.06,317,23,0.0,Clouds,few clouds,21
Orosháza,46.566111,20.664722,2026-07-02 21:56:33.751838,20.96,21.2,20.96,20.96,1015,80,3.6,356,54,0.0,Clouds,broken clouds,21
Orosházi tanyák,46.596944,20.760556,2026-07-02 21:56:34.987026,20.53,20.68,20.53,20.53,1015,78,3.76,356,53,0.0,Clouds,broken clouds,21
Csorvás,46.623611,20.840833,2026-07-02 21:56:36.217185,20.51,20.6,20.51,20.51,1015,76,3.81,355,46,0.0,Clouds,scattered clouds,21
Csorvás alsó,46.634722,20.888333,2026-07-02 21:56:37.455727,20.53,20.65,20.53,20.53,1015,77,3.87,355,44,0.0,Clouds,scattered clouds,21
Telekgerendás,46.656111,20.963889,2026-07-02 21:56:38.688937,20.53,20.65,20.53,20.53,1015,77,4.0,355,32,0.0,Clouds,scattered clouds,21
Fürjes,46.67214,21.02306,2026-07-02 21:56:39.920984,20.53,20.65,20.53,20.53,1015,77,0.45,334,24,0.0,Clouds,few clouds,21
Fényes,46.659876,21.16618,2026-07-02 21:56:41.148196,20.56,20.68,20.56,20.56,1014,77,0.45,334,9,0.0,Clear,clear sky,21
Bicere,46.66,21.179444,2026-07-02 21:56:42.381621,20.55,20.67,20.55,20.55,1014,77,0.45,334,5,0.0,Clear,clear sky,21
Gyula,46.656389,21.273333,2026-07-02 21:56:43.613480,20.54,20.66,20.54,20.54,1014,77,4.59,353,0,0.0,Clear,clear sky,21
József Szanatórium,46.704722,21.3325,2026-07-02 21:56:44.847459,20.53,20.65,20.53,20.53,1014,77,4.79,354,0,0.0,Clear,clear sky,21
Sarkadi Cukorgyár,46.73,21.383611,2026-07-02 21:56:46.083778,20.54,20.66,20.54,20.54,1014,77,4.85,355,0,0.0,Clear,clear sky,21
Sarkad,46.736944,21.402222,2026-07-02 21:56:47.327145,20.53,20.6,20.53,20.53,1014,75,4.84,355,0,0.0,Clear,clear sky,21
Kötegyán,46.758333,21.479722,2026-07-02 21:56:48.557787,20.53,20.62,20.53,20.53,1014,76,4.81,355,1,0.0,Clear,clear sky,21
Méhkerék,46.774444,21.455556,2026-07-02 21:56:49.791742,20.53,20.6,20.53,20.53,1014,75,4.84,356,1,0.0,Clear,clear sky,21
Sarkadkeresztúr,46.823611,21.4175,2026-07-02 21:56:51.023987,20.55,20.59,20.55,20.55,1014,74,4.88,358,1,0.0,Clear,clear sky,21
Okány,46.8925,21.339167,2026-07-02 21:56:52.261649,20.55,20.51,20.55,20.55,1014,71,4.96,0,3,0.0,Clear,clear sky,21
Újszeged,46.242222,20.16,2026-07-02 21:56:53.491954,22.3,22.81,22.3,22.3,1015,85,3.62,343,52,0.0,Clouds,broken clouds,21
Szőreg,46.211389,20.183056,2026-07-02 21:56:54.725572,22.29,22.82,22.29,22.29,1015,86,3.56,339,57,0.0,Clouds,broken clouds,21
Deszk,46.210278,20.246389,2026-07-02 21:56:55.956075,22.3,22.86,22.3,22.3,1015,87,3.52,338,65,0.0,Clouds,broken clouds,21
Kiszombor,46.191944,20.413056,2026-07-02 21:56:57.193763,21.06,21.55,21.06,21.06,1015,89,3.43,334,67,0.0,Clouds,broken clouds,21
Kiszombor megálló,46.191111,20.430833,2026-07-02 21:56:58.443865,21.06,21.55,21.06,21.06,1015,89,3.43,334,67,0.0,Clouds,broken clouds,21
Makó,46.204722,20.474722,2026-07-02 21:56:59.676855,21.05,21.53,21.05,21.05,1015,89,3.4,334,67,0.0,Clouds,broken clouds,21
Apátfalva,46.175193,20.580611,2026-07-02 21:57:00.911074,21.11,21.65,21.11,21.11,1014,91,3.34,332,75,0.0,Clouds,broken clouds,21
Magyarcsanád,46.174444,20.610278,2026-07-02 21:57:02.144463,21.12,21.66,21.12,21.12,1014,91,3.33,332,76,0.0,Clouds,broken clouds,21
Nagylak,46.17,20.708333,2026-07-02 21:57:03.381205,21.77,22.38,21.77,21.77,1014,91,3.32,337,81,0.0,Clouds,broken clouds,21
Nagylaki Kendergyár,46.189167,20.717222,2026-07-02 21:57:04.613929,21.76,22.34,21.76,21.76,1014,90,3.37,340,80,0.0,Clouds,broken clouds,21
Csanádpalota,46.236111,20.7325,2026-07-02 21:57:05.848171,21.75,22.3,21.75,21.75,1014,89,3.44,342,79,0.0,Clouds,broken clouds,21
Mezőhegyes,46.310833,20.815556,2026-07-02 21:57:07.083131,21.69,22.19,21.69,21.69,1014,87,3.7,350,81,0.0,Clouds,broken clouds,21
Végegyháza,46.384444,20.878611,2026-07-02 21:57:08.313474,21.71,22.16,21.71,21.71,1014,85,3.9,354,76,0.0,Clouds,broken clouds,21
Mezőkovácsháza,46.408333,20.9,2026-07-02 21:57:09.550173,21.71,22.13,21.71,21.71,1014,84,3.93,354,73,0.0,Clouds,broken clouds,21
Mezőkovácsháza felső,46.415556,20.918056,2026-07-02 21:57:10.784237,21.72,22.14,21.72,21.72,1014,84,3.99,354,67,0.0,Clouds,broken clouds,21
Magyarbánhegyes,46.451389,20.97,2026-07-02 21:57:12.021774,20.5,20.8,20.5,20.5,1014,84,4.03,354,59,0.0,Clouds,broken clouds,21
Medgyesegyháza,46.495278,21.029167,2026-07-02 21:57:13.252105,20.48,20.72,20.48,20.48,1014,82,4.07,353,41,0.0,Clouds,scattered clouds,21
Bánkút,46.505278,21.091944,2026-07-02 21:57:14.481555,20.5,20.62,20.5,20.5,1014,77,4.08,352,30,0.0,Clouds,scattered clouds,21
Belsőperegpuszta,46.321111,20.916667,2026-07-02 21:57:15.721201,21.69,22.21,21.69,21.69,1014,88,3.82,352,81,0.0,Clouds,broken clouds,21
Battonya,46.282222,21.003889,2026-07-02 21:57:16.952371,21.69,22.53,21.15,21.69,1014,100,3.8,353,79,0.0,Clouds,broken clouds,21
Baja-Dunafürdő,46.193333,18.919167,2026-07-02 21:57:18.187829,20.87,20.87,20.87,20.87,1015,71,3.13,326,14,0.0,Clouds,few clouds,21
Kaposszekcső,46.330556,18.143056,2026-07-02 21:57:19.417363,20.48,19.97,20.48,20.48,1017,53,2.3,317,7,0.0,Clear,clear sky,21
Vásárosdombó,46.310556,18.138889,2026-07-02 21:57:20.643282,20.33,19.83,20.33,20.33,1017,54,2.18,316,7,0.0,Clear,clear sky,21
Sásd,46.257222,18.104722,2026-07-02 21:57:21.876430,20.17,19.65,20.17,20.17,1017,54,2.04,320,11,0.0,Clouds,few clouds,21
Godisa,46.223333,18.104722,2026-07-02 21:57:23.110826,19.9,19.38,19.9,19.9,1017,55,2.02,322,13,0.0,Clouds,few clouds,21
Abaliget,46.152778,18.073611,2026-07-02 21:57:24.344427,19.76,19.23,19.76,19.76,1017,55,2.29,332,21,0.0,Clouds,few clouds,21
Hetvehely,46.128333,18.045,2026-07-02 21:57:25.579406,19.98,19.47,19.98,19.98,1017,55,2.51,334,22,0.0,Clouds,few clouds,21
Bükkösd,46.113056,17.999444,2026-07-02 21:57:26.814300,19.85,19.33,19.85,19.85,1017,55,2.61,334,18,0.0,Clouds,few clouds,21
Cserdi-Helesfa,46.086667,17.987778,2026-07-02 21:57:28.047048,19.94,19.43,19.94,19.94,1017,55,2.77,334,21,0.0,Clouds,few clouds,21
Szentlőrinc,46.033333,17.990833,2026-07-02 21:57:29.279134,20.53,20.07,20.53,20.53,1017,55,3.08,333,29,0.0,Clouds,scattered clouds,21
Bicsérd,46.041389,18.057778,2026-07-02 21:57:30.517173,20.44,19.98,20.44,20.44,1017,55,2.85,333,39,0.0,Clouds,scattered clouds,21
Mecsekalja-Cserkút,46.059722,18.150278,2026-07-02 21:57:31.752840,19.78,19.28,19.78,19.78,1017,56,2.4,329,48,0.0,Clouds,scattered clouds,21
Pécs,46.065833,18.223611,2026-07-02 21:57:32.979251,20.33,19.91,20.33,20.33,1016,57,2.28,324,55,0.0,Clouds,broken clouds,21
Pécs-Külváros,46.071667,18.24,2026-07-02 21:57:34.210242,20.33,19.91,20.33,20.33,1016,57,2.28,324,55,0.0,Clouds,broken clouds,21
Pécsbánya-Rendező,46.063333,18.270278,2026-07-02 21:57:35.442791,20.48,20.12,20.48,20.48,1016,59,2.27,318,56,0.0,Clouds,broken clouds,21
Pécsudvard,46.01,18.275556,2026-07-02 21:57:36.675818,20.09,19.7,20.09,20.09,1016,59,2.39,320,68,0.0,Clouds,broken clouds,21
Szőkéd,45.9675,18.29,2026-07-02 21:57:37.905160,20.72,20.39,20.72,20.72,1016,59,2.53,318,76,0.0,Clouds,broken clouds,21
Áta,45.936389,18.306944,2026-07-02 21:57:39.135322,20.89,20.55,20.89,20.89,1016,58,2.59,318,79,0.0,Clouds,broken clouds,21
Kistótfalu,45.909722,18.315278,2026-07-02 21:57:40.364601,21.19,20.88,21.19,21.19,1016,58,2.65,317,81,0.0,Clouds,broken clouds,21
Vokány,45.899722,18.334722,2026-07-02 21:57:41.595907,21.13,20.84,21.13,21.13,1016,59,2.68,317,79,0.0,Clouds,broken clouds,21
Palkonya,45.891667,18.393889,2026-07-02 21:57:42.827602,20.62,20.28,20.62,20.62,1016,59,2.79,316,77,0.0,Clouds,broken clouds,21
Villánykövesd,45.879722,18.425833,2026-07-02 21:57:44.056884,21.18,20.89,21.18,21.18,1016,59,2.86,316,74,0.0,Clouds,broken clouds,21
Villány,45.8775,18.451389,2026-07-02 21:57:45.293935,21.03,20.78,21.03,21.03,1016,61,3.01,316,65,0.0,Clouds,broken clouds,21
Magyarbóly,45.834167,18.491944,2026-07-02 21:57:46.529943,21.31,21.09,21.31,21.31,1016,61,3.2,317,65,0.0,Clouds,broken clouds,21
Magyarszék,46.210278,18.188056,2026-07-02 21:57:47.766750,19.89,19.4,19.89,19.89,1017,56,2.01,318,19,0.0,Clouds,few clouds,21
Mecsekpölöske,46.224167,18.213056,2026-07-02 21:57:48.998932,19.63,19.11,19.63,19.63,1017,56,2.05,314,14,0.0,Clouds,few clouds,21
Mecsekjánosi,46.215278,18.241944,2026-07-02 21:57:50.225159,19.6,19.1,19.6,19.6,1017,57,2.18,309,15,0.0,Clouds,few clouds,21
Komló,46.189167,18.265278,2026-07-02 21:57:51.452320,19.8,19.32,19.8,19.8,1017,57,2.16,310,20,0.0,Clouds,few clouds,21
Királyegyháza-Rigópuszta,45.989167,17.971667,2026-07-02 21:57:52.686105,20.71,20.27,20.71,20.71,1017,55,3.35,330,39,0.0,Clouds,scattered clouds,21
Sumony,45.960833,17.913333,2026-07-02 21:57:53.921988,20.76,20.33,20.76,20.76,1017,55,3.72,326,35,0.0,Clouds,scattered clouds,21
Okorág-Kárászpuszta,45.933611,17.864444,2026-07-02 21:57:55.154624,20.78,20.35,20.78,20.78,1017,55,3.82,322,40,0.0,Clouds,scattered clouds,21
Kákics,45.904167,17.8525,2026-07-02 21:57:56.379935,20.7,20.26,20.7,20.7,1017,55,3.86,318,46,0.0,Clouds,scattered clouds,21
Bóly,45.9375,18.538333,2026-07-02 21:57:57.612345,20.65,20.39,20.65,20.65,1016,62,3.04,314,49,0.0,Clouds,scattered clouds,21
Mohács,46.0025,18.683333,2026-07-02 21:57:58.864031,20.8,20.63,20.8,20.8,1016,65,3.06,312,33,0.0,Clouds,scattered clouds,21
Sellye,45.873333,17.858889,2026-07-02 21:58:00.095354,20.8,20.37,20.8,20.8,1017,55,3.89,316,57,0.0,Clouds,broken clouds,21
Toponár,46.398333,17.840833,2026-07-02 21:58:01.327108,20.18,19.66,20.18,20.18,1017,54,2.98,326,10,0.0,Clear,clear sky,21
Somogyaszaló,46.453611,17.840278,2026-07-02 21:58:02.559468,20.19,19.67,20.19,20.19,1017,54,3.25,324,9,0.0,Clear,clear sky,21
Mernye,46.509444,17.832222,2026-07-02 21:58:03.792589,20.48,19.97,20.48,20.48,1017,53,3.44,321,9,0.0,Clear,clear sky,21
Felsőmocsolád,46.556389,17.8225,2026-07-02 21:58:05.049707,20.39,19.87,20.39,20.39,1017,53,3.43,320,9,0.0,Clear,clear sky,21
Kisbárapáti,46.615,17.866667,2026-07-02 21:58:06.289251,20.35,19.82,20.35,20.35,1017,53,3.25,314,8,0.0,Clear,clear sky,21
Bonnya,46.611389,17.909167,2026-07-02 21:58:07.523618,20.65,20.15,20.65,20.65,1017,53,3.39,315,8,0.0,Clear,clear sky,21
Andocs,46.646944,17.8925,2026-07-02 21:58:08.752077,20.14,19.62,20.14,20.14,1017,54,3.14,313,8,0.0,Clear,clear sky,21
Karád,46.681111,17.874722,2026-07-02 21:58:09.980051,22.47,22.18,22.47,22.47,1017,54,3.04,311,8,0.0,Clear,clear sky,21
Somogymeggyes,46.720556,17.920556,2026-07-02 21:58:11.210055,22.05,21.72,22.05,22.05,1017,54,2.98,308,7,0.0,Clear,clear sky,21
Kapoly,46.713611,17.977778,2026-07-02 21:58:12.450678,22.33,22.0,22.33,22.33,1017,53,3.33,309,8,0.0,Clear,clear sky,21
Tab,46.734167,18.041111,2026-07-02 21:58:13.685701,22.49,22.18,22.49,22.49,1017,53,3.39,309,8,0.0,Clear,clear sky,21
Bábonymegyer,46.746095,18.109921,2026-07-02 21:58:14.915638,22.6,22.27,22.6,22.6,1017,52,3.6,309,11,0.0,Clouds,few clouds,21
Daránypuszta,46.764722,18.143889,2026-07-02 21:58:16.147985,22.62,22.3,22.62,22.62,1017,52,3.65,310,12,0.0,Clouds,few clouds,21
Som-Nagyberény,46.803056,18.149444,2026-07-02 21:58:17.379783,22.61,22.26,22.61,22.61,1017,51,3.69,311,10,0.0,Clear,clear sky,21
Ádánd,46.854444,18.141667,2026-07-02 21:58:18.612832,22.73,22.39,22.73,22.73,1017,51,3.75,315,8,0.0,Clear,clear sky,21
Siójut,46.879444,18.126667,2026-07-02 21:58:19.846330,22.72,21.86,22.72,22.72,1017,31,3.78,316,8,0.0,Clear,clear sky,21
Kapostüskevár,46.367778,17.774167,2026-07-02 21:58:21.082609,20.19,19.7,20.19,20.19,1017,55,2.88,328,11,0.0,Clouds,few clouds,21
Kaposfüred,46.415,17.759444,2026-07-02 21:58:22.319893,20.15,19.63,20.15,20.15,1017,54,3.12,327,10,0.0,Clear,clear sky,21
Várda,46.4625,17.721667,2026-07-02 21:58:23.549781,20.13,19.61,20.13,20.13,1017,54,3.21,325,9,0.0,Clear,clear sky,21
Somogyjád,46.490833,17.694444,2026-07-02 21:58:24.781495,20.31,19.81,20.31,20.31,1017,54,3.2,324,9,0.0,Clear,clear sky,21
Osztopán,46.515556,17.656944,2026-07-02 21:58:26.018573,20.35,19.85,20.35,20.35,1017,54,3.21,323,8,0.0,Clear,clear sky,21
Pamuk,46.553127,17.636412,2026-07-02 21:58:27.255880,20.55,20.07,20.55,20.55,1017,54,3.24,322,8,0.0,Clear,clear sky,21
Somogyvár,46.580556,17.634722,2026-07-02 21:58:28.483268,20.63,20.16,20.63,20.63,1017,54,3.26,321,8,0.0,Clear,clear sky,21
Öreglak,46.608607,17.632733,2026-07-02 21:58:29.718553,20.68,20.24,20.68,20.68,1017,55,3.26,320,8,0.0,Clear,clear sky,21
Tatárvár,46.636667,17.621111,2026-07-02 21:58:30.950234,20.62,20.17,20.62,20.62,1017,55,3.32,320,7,0.0,Clear,clear sky,21
Lengyeltóti,46.660556,17.613611,2026-07-02 21:58:32.183746,20.75,20.32,20.75,20.75,1017,55,3.34,320,7,0.0,Clear,clear sky,21
Pusztaberény,46.686111,17.594722,2026-07-02 21:58:33.414437,20.91,20.52,20.91,20.91,1017,56,3.34,319,7,0.0,Clear,clear sky,21
Örkény,47.132778,19.447222,2026-07-02 21:58:34.654936,21.83,21.87,21.83,21.83,1016,69,1.49,100,91,0.0,Clouds,overcast clouds,21
Táborfalva,47.098545,19.479318,2026-07-02 21:58:35.885008,21.76,21.82,21.76,21.76,1016,70,1.61,88,93,0.0,Clouds,overcast clouds,21
Felsőlajos,47.068834,19.498415,2026-07-02 21:58:37.115075,21.72,21.78,21.72,21.72,1016,70,1.77,79,94,0.0,Clouds,overcast clouds,21
Lajosmizse,47.028333,19.542778,2026-07-02 21:58:38.345473,21.66,21.71,21.66,21.66,1016,70,2.18,62,97,0.0,Clouds,overcast clouds,21
Lajosmizse alsó,47.0225,19.550278,2026-07-02 21:58:39.579848,21.66,21.71,21.66,21.66,1016,70,2.18,62,97,0.0,Clouds,overcast clouds,21
Klábertelep,47.005556,19.551667,2026-07-02 21:58:40.812832,21.61,21.68,21.61,21.61,1016,71,2.46,52,100,0.0,Clouds,overcast clouds,21
Méntelek,46.978611,19.570833,2026-07-02 21:58:42.046690,21.59,21.66,21.59,21.59,1016,71,2.68,47,100,0.0,Clouds,overcast clouds,21
Hetényegyháza,46.930833,19.595,2026-07-02 21:58:43.276041,21.55,21.67,21.55,21.55,1016,73,3.09,38,99,0.0,Clouds,overcast clouds,21
Kecskemét-Máriaváros,46.901192,19.675913,2026-07-02 21:58:44.507417,21.49,21.6,21.49,21.49,1015,73,3.34,30,96,0.0,Clouds,overcast clouds,21
Nyársapát,47.100278,19.7925,2026-07-02 21:58:45.739347,21.61,21.68,21.61,21.61,1015,71,1.6,58,100,0.0,Clouds,overcast clouds,21
Nagykőrös,47.038333,19.76,2026-07-02 21:58:46.974729,21.52,21.61,21.52,21.52,1015,72,1.99,45,100,0.0,Clouds,overcast clouds,21
Katonatelep,46.963056,19.718889,2026-07-02 21:58:48.208188,21.46,21.57,21.46,21.46,1015,73,2.74,37,99,0.0,Clouds,overcast clouds,21
Kecskemét,46.913889,19.700833,2026-07-02 21:58:49.446717,21.49,21.6,21.49,21.49,1015,73,3.16,33,98,0.0,Clouds,overcast clouds,21
Városföld,46.816667,19.753333,2026-07-02 21:58:50.676946,21.39,21.54,21.39,21.39,1015,75,3.9,18,90,0.0,Clouds,overcast clouds,21
Kiskunfélegyháza,46.7067,19.83474,2026-07-02 21:58:51.908339,21.28,21.47,21.28,21.28,1015,77,4.22,11,89,0.0,Clouds,overcast clouds,21
Petőfiszállás,46.617374,19.865229,2026-07-02 21:58:53.144453,21.18,21.42,21.18,21.18,1015,79,4.18,7,86,0.0,Clouds,overcast clouds,21
Csengele,46.538321,19.909008,2026-07-02 21:58:54.376796,22.19,22.58,22.19,22.19,1015,81,3.9,1,75,0.0,Clouds,broken clouds,21
Kistelek,46.466944,19.966944,2026-07-02 21:58:55.614426,22.25,22.41,22.25,22.25,1015,72,3.68,356,59,0.0,Clouds,broken clouds,21
Balástya,46.413333,20.001389,2026-07-02 21:58:56.845264,22.25,22.41,22.25,22.25,1015,72,3.62,352,49,0.0,Clouds,scattered clouds,21
Szatymaz,46.345621,20.04374,2026-07-02 21:58:58.071740,22.27,22.43,22.27,22.27,1015,72,4.47,359,40,0.0,Clouds,scattered clouds,21
Kiskundorozsma,46.271667,20.090556,2026-07-02 21:58:59.300866,22.3,22.47,22.3,22.3,1015,72,3.64,344,44,0.0,Clouds,scattered clouds,21
Szeged,46.239722,20.143056,2026-07-02 21:59:00.530355,22.28,22.44,22.28,22.28,1015,72,3.6,341,52,0.0,Clouds,broken clouds,21
Alsóúrrét,46.898392,19.779891,2026-07-02 21:59:01.758864,21.43,21.56,21.43,21.43,1015,74,3.44,24,94,0.0,Clouds,overcast clouds,21
Nyárlőrinc,46.87,19.851389,2026-07-02 21:59:02.993060,21.36,21.51,21.36,21.36,1015,75,3.7,19,95,0.0,Clouds,overcast clouds,21
Világoshegy,46.855278,19.940278,2026-07-02 21:59:04.229154,21.2,21.36,21.2,21.2,1015,76,3.74,14,97,0.0,Clouds,overcast clouds,21
Szikra,46.858333,19.975,2026-07-02 21:59:05.460174,21.2,21.36,21.2,21.2,1015,76,3.74,14,97,0.0,Clouds,overcast clouds,21
Lakitelek,46.873056,20.003611,2026-07-02 21:59:06.703953,21.21,21.37,21.21,21.21,1015,76,3.72,13,96,0.0,Clouds,overcast clouds,21
Tiszaug,46.850556,20.074167,2026-07-02 21:59:07.935751,22.23,22.52,22.23,22.23,1015,77,3.73,8,87,0.0,Clouds,overcast clouds,21
Tiszasas,46.826389,20.089167,2026-07-02 21:59:09.165036,22.21,22.5,22.21,22.21,1015,77,3.73,8,87,0.0,Clouds,overcast clouds,21
Csépa,46.8125,20.134722,2026-07-02 21:59:10.392764,22.21,22.42,22.21,22.21,1015,74,3.7,4,77,0.0,Clouds,broken clouds,21
Szelevény,46.811944,20.196389,2026-07-02 21:59:11.668747,22.22,22.43,22.22,22.22,1015,74,3.62,2,72,0.0,Clouds,broken clouds,21
Gátér,46.685,19.9625,2026-07-02 21:59:12.896959,22.21,22.55,22.21,22.21,1015,79,4.19,8,91,0.0,Clouds,overcast clouds,21
Kónyaszék,46.699931,20.074299,2026-07-02 21:59:14.138007,22.23,22.44,22.23,22.23,1015,74,3.97,6,85,0.0,Clouds,overcast clouds,21
Csongrád,46.704444,20.140556,2026-07-02 21:59:15.369052,22.23,22.44,22.23,22.23,1015,74,3.82,3,77,0.0,Clouds,broken clouds,21
Hékéd,46.675,20.266667,2026-07-02 21:59:16.633748,22.23,22.44,22.23,22.23,1015,74,3.58,302,61,0.0,Clouds,broken clouds,21
Fábiánsebestyén,46.670278,20.456667,2026-07-02 21:59:17.862733,22.22,22.43,22.22,22.22,1015,74,3.45,354,48,0.0,Clouds,scattered clouds,21
Gádoros,46.656711,20.588157,2026-07-02 21:59:19.098073,22.21,22.55,22.21,22.21,1015,79,3.49,354,47,0.0,Clouds,scattered clouds,21
Justhmajor,46.62,20.615833,2026-07-02 21:59:20.329898,22.21,22.55,22.21,22.21,1015,79,3.52,355,49,0.0,Clouds,scattered clouds,21
Szentetornya,46.590964,20.628334,2026-07-02 21:59:21.560850,22.2,22.56,22.2,22.2,1015,80,3.54,356,51,0.0,Clouds,broken clouds,21
Gyopárosfürdő,46.567784,20.630662,2026-07-02 21:59:22.788483,22.19,22.55,22.19,22.19,1015,80,3.6,356,54,0.0,Clouds,broken clouds,21
Szabadságliget,47.626123,18.893481,2026-07-02 21:59:24.021756,22.32,21.86,21.51,23.12,1016,48,2.78,329,47,0.0,Clouds,scattered clouds,21
Röszke,46.19261,20.03055,2026-07-02 21:59:25.257717,22.3,22.47,22.3,22.3,1015,72,3.59,341,38,0.0,Clouds,scattered clouds,21
Tószeg,47.098056,20.138333,2026-07-02 21:59:26.490556,21.07,21.09,21.07,21.07,1015,71,2.56,27,84,0.0,Clouds,broken clouds,21
Tiszavárkony,47.059444,20.143056,2026-07-02 21:59:27.719248,21.12,21.17,21.12,21.12,1015,72,2.68,17,80,0.0,Clouds,broken clouds,21
Tiszajenő-Vezseny,47.036319,20.142415,2026-07-02 21:59:28.947741,21.12,21.17,21.12,21.12,1015,72,2.68,17,80,0.0,Clouds,broken clouds,21
Újbög,46.962222,20.093889,2026-07-02 21:59:30.183271,21.18,21.29,21.18,21.18,1015,74,3.02,10,81,0.0,Clouds,broken clouds,21
Tiszakécske,46.937512,20.082016,2026-07-02 21:59:31.415805,21.23,21.34,21.23,21.23,1015,74,3.18,11,85,0.0,Clouds,overcast clouds,21
Kerekdomb,46.906944,20.052778,2026-07-02 21:59:32.643369,21.24,21.38,21.24,21.24,1015,75,3.33,10,85,0.0,Clouds,overcast clouds,21
Tiszaalpár,46.818611,19.982778,2026-07-02 21:59:33.874714,22.16,22.44,22.16,22.16,1015,77,3.99,11,96,0.0,Clouds,overcast clouds,21
Tiszaalpár alsó,46.790897,19.951409,2026-07-02 21:59:35.105314,22.16,22.44,22.16,22.16,1015,77,4.1,12,97,0.0,Clouds,overcast clouds,21
Tiszatenyő,47.134167,20.3725,2026-07-02 21:59:36.337801,20.95,20.9,20.95,20.95,1015,69,3.2,17,74,0.0,Clouds,broken clouds,21
Pusztapó,47.091667,20.458333,2026-07-02 21:59:37.567773,21.0,20.93,21.0,21.0,1015,68,3.29,7,65,0.0,Clouds,broken clouds,21
Kétpó,47.076944,20.487778,2026-07-02 21:59:38.801651,20.96,20.91,20.96,20.96,1015,69,3.1,360,60,0.0,Clouds,broken clouds,21
Mezőtúr,47.0125,20.622778,2026-07-02 21:59:40.036099,20.8,20.82,20.8,20.8,1015,72,2.69,340,55,0.0,Clouds,broken clouds,21
Nagylapos,46.974167,20.750556,2026-07-02 21:59:41.266088,20.82,20.84,20.82,20.82,1015,72,2.7,332,46,0.0,Clouds,scattered clouds,21
Gyoma,46.925833,20.821667,2026-07-02 21:59:42.499734,20.88,20.9,20.88,20.88,1015,72,2.81,335,40,0.0,Clouds,scattered clouds,21
Csárdaszállás,46.861111,20.932778,2026-07-02 21:59:43.734485,20.56,20.53,20.56,20.56,1015,71,3.38,350,27,0.0,Clouds,scattered clouds,21
Mezőberény,46.814722,21.013056,2026-07-02 21:59:44.972841,20.55,20.67,20.55,20.55,1015,77,3.81,355,23,0.0,Clouds,few clouds,21
Murony,46.756944,21.038056,2026-07-02 21:59:46.199320,20.57,20.69,20.57,20.57,1015,77,4.05,357,22,0.0,Clouds,few clouds,21
Békéscsaba,46.669722,21.081667,2026-07-02 21:59:47.430442,20.53,20.65,20.53,20.53,1015,77,0.45,334,17,0.0,Clouds,few clouds,21
Kétegyháza,46.5325,21.171944,2026-07-02 21:59:48.664274,20.51,20.63,20.51,20.51,1014,77,4.14,350,11,0.0,Clouds,few clouds,21
Lőkösháza,46.432222,21.2375,2026-07-02 21:59:49.894462,21.16,21.55,20.47,21.16,1014,85,4.02,350,16,0.0,Clouds,few clouds,21
Kengyel,47.089722,20.339722,2026-07-02 21:59:51.128704,20.94,20.94,20.94,20.94,1015,71,2.96,14,72,0.0,Clouds,broken clouds,21
Bagimajor,47.061111,20.316667,2026-07-02 21:59:52.369185,20.95,20.98,20.95,20.95,1015,72,2.8,7,67,0.0,Clouds,broken clouds,21
Martfű,47.019444,20.291667,2026-07-02 21:59:53.606447,20.94,21.0,20.94,20.94,1015,73,2.81,3,64,0.0,Clouds,broken clouds,21
Tiszaföldvár,46.975556,20.276389,2026-07-02 21:59:54.840407,21.02,21.11,21.02,21.02,1015,74,2.93,359,61,0.0,Clouds,broken clouds,21
Homok,46.9475,20.270278,2026-07-02 21:59:56.071970,21.03,21.15,21.03,21.03,1015,75,3.01,358,60,0.0,Clouds,broken clouds,21
Kungyalu,46.910833,20.2675,2026-07-02 21:59:57.307389,22.23,22.49,22.23,22.23,1015,76,3.09,357,59,0.0,Clouds,broken clouds,21
Kunszentmárton,46.848333,20.293333,2026-07-02 21:59:58.537203,22.21,22.52,22.21,22.21,1015,78,3.29,354,54,0.0,Clouds,broken clouds,21
Nagytőke,46.763333,20.291667,2026-07-02 21:59:59.772888,22.23,22.44,22.23,22.23,1015,74,3.45,356,55,0.0,Clouds,broken clouds,21
Szentes,46.657778,20.2725,2026-07-02 22:00:01.009231,22.23,22.44,22.23,22.23,1015,74,3.58,302,61,0.0,Clouds,broken clouds,21
Szegvár,46.588611,20.249444,2026-07-02 22:00:02.236913,22.23,22.44,22.23,22.23,1015,74,3.58,302,63,0.0,Clouds,broken clouds,21
Mindszent,46.524167,20.194167,2026-07-02 22:00:03.465835,22.24,22.45,22.24,22.24,1015,74,3.55,356,67,0.0,Clouds,broken clouds,21
Mártély,46.473333,20.236111,2026-07-02 22:00:04.705128,22.25,22.7,22.25,22.31,1015,83,3.5,354,64,0.0,Clouds,broken clouds,21
Pusztabánréve,46.939898,20.556809,2026-07-02 22:00:05.938945,20.72,20.81,20.72,20.72,1015,75,2.68,334,48,0.0,Clouds,scattered clouds,21
Szarvas,46.860833,20.566667,2026-07-02 22:00:07.170241,20.71,20.85,20.71,20.71,1015,77,2.88,336,44,0.0,Clouds,scattered clouds,21
Csabacsűd,46.823056,20.663333,2026-07-02 22:00:08.400323,20.8,20.92,20.8,20.8,1015,76,3.04,340,41,0.0,Clouds,scattered clouds,21
Kisszénás,46.751389,20.721389,2026-07-02 22:00:09.629803,20.97,21.08,20.97,20.97,1015,75,3.28,347,37,0.0,Clouds,scattered clouds,21
Kiscsákó,46.719167,20.717778,2026-07-02 22:00:10.860982,21.0,21.11,21.0,21.0,1015,75,3.48,352,40,0.0,Clouds,scattered clouds,21
Nagyszénás,46.672778,20.674167,2026-07-02 22:00:12.092174,20.92,21.08,20.92,20.92,1015,77,3.5,352,44,0.0,Clouds,scattered clouds,21
Kardoskút,46.498056,20.6975,2026-07-02 22:00:13.321827,21.02,21.32,21.02,21.02,1015,82,3.66,356,63,0.0,Clouds,broken clouds,21
Tótkomlós,46.409167,20.726944,2026-07-02 22:00:14.558035,21.06,21.41,21.06,21.06,1015,84,3.75,354,72,0.0,Clouds,broken clouds,21
Nagyér,46.365278,20.738333,2026-07-02 22:00:15.783947,21.1,21.49,21.1,21.1,1014,85,3.71,352,74,0.0,Clouds,broken clouds,21
Pitvaros,46.326175,20.746446,2026-07-02 22:00:17.024047,21.13,21.54,21.13,21.13,1014,86,3.71,351,78,0.0,Clouds,broken clouds,21
Dévaványa,47.033889,20.943333,2026-07-02 22:00:18.249052,20.96,20.91,20.96,20.96,1015,69,3.21,347,22,0.0,Clouds,few clouds,21
Körösladány,46.97,21.085833,2026-07-02 22:00:19.488137,21.15,21.12,21.15,21.15,1015,69,4.01,357,11,0.0,Clouds,few clouds,21
Szeghalom,47.015278,21.148333,2026-07-02 22:00:20.718381,21.1,21.04,21.1,21.1,1014,68,4.3,359,8,0.0,Clear,clear sky,21
Vésztő,46.938889,21.263611,2026-07-02 22:00:21.950413,21.21,21.21,21.21,21.21,1014,70,4.87,1,5,0.0,Clear,clear sky,21
Szeged-Rókus,46.266111,20.125278,2026-07-02 22:00:23.189646,22.3,22.47,22.3,22.3,1015,72,3.62,343,48,0.0,Clouds,scattered clouds,21
Algyő,46.335556,20.196111,2026-07-02 22:00:24.422561,22.32,22.8,22.32,22.32,1015,84,3.6,347,56,0.0,Clouds,broken clouds,21
Hódmezővásárhelyi Népkert,46.403333,20.312778,2026-07-02 22:00:25.652803,22.24,22.71,22.24,22.24,1015,84,3.46,352,60,0.0,Clouds,broken clouds,21
Hódmezővásárhely,46.413333,20.34,2026-07-02 22:00:26.893014,22.23,22.7,22.23,22.23,1015,84,3.44,352,59,0.0,Clouds,broken clouds,21
Körmend,47.016389,16.599167,2026-07-02 22:00:28.124573,20.4,20.06,20.4,20.4,1018,60,3.68,317,0,0.0,Clear,clear sky,21
Szentgotthárd,46.957222,16.263056,2026-07-02 22:00:29.358945,20.09,19.85,20.09,20.09,1019,65,2.6,316,0,0.0,Clear,clear sky,21
Szombathely,47.237778,16.6325,2026-07-02 22:00:30.590789,17.26,16.56,17.26,17.26,1018,58,3.87,307,0,0.0,Clear,clear sky,21
Sáferkút,48.010278,19.071389,2026-07-02 22:00:31.822087,19.84,19.52,19.84,19.84,1016,63,1.35,322,60,0.0,Clouds,broken clouds,21
Magdolnavölgy,47.6475,18.818889,2026-07-02 22:00:33.053966,22.31,21.85,21.5,23.1,1016,48,2.67,330,40,0.0,Clouds,scattered clouds,21
Haris,46.964722,16.2825,2026-07-02 22:00:34.291355,20.12,19.88,20.12,20.12,1019,65,2.74,315,0,0.0,Clear,clear sky,21
Egyházasrádóc,47.091389,16.62,2026-07-02 22:00:35.520655,20.26,19.91,20.26,20.26,1018,60,3.87,312,0,0.0,Clear,clear sky,21
Alsórönök,46.964167,16.379444,2026-07-02 22:00:36.748130,20.15,19.89,20.15,20.15,1018,64,2.92,315,1,0.0,Clear,clear sky,21
Szombathely-Szőlős,47.206389,16.641667,2026-07-02 22:00:37.978362,17.32,16.62,17.32,17.32,1018,58,3.93,309,0,0.0,Clear,clear sky,21
Rátót,46.9675,16.433056,2026-07-02 22:00:39.202975,20.07,19.78,20.07,20.07,1018,63,3.2,316,1,0.0,Clear,clear sky,21
Ják-Balogunyom,47.161389,16.630556,2026-07-02 22:00:40.432890,17.38,16.69,17.38,17.38,1018,58,4.0,313,0,0.0,Clear,clear sky,21
Vasvár,47.056944,16.800278,2026-07-02 22:00:41.695153,20.66,20.19,20.66,20.66,1018,54,3.82,334,0,0.0,Clear,clear sky,21
Répcelak,47.418889,17.008889,2026-07-02 22:00:42.920966,20.86,20.49,20.86,20.86,1018,57,3.33,339,0,0.0,Clear,clear sky,21
Rajka,47.995556,17.191389,2026-07-02 22:00:44.149307,21.65,21.23,19.48,21.66,1017,52,3.5,300,0,0.0,Clear,clear sky,21
Püspökmolnári,47.086111,16.7675,2026-07-02 22:00:45.375134,20.62,20.17,20.62,20.62,1018,55,3.93,326,0,0.0,Clear,clear sky,21
Kőszeg,47.382222,16.556389,2026-07-02 22:00:46.607989,16.86,16.43,16.86,16.86,1018,70,3.31,291,0,0.0,Clear,clear sky,21
Kastélypark,47.390278,18.988333,2026-07-02 22:00:47.835495,23.48,23.29,22.3,23.9,1016,54,0.89,335,60,0.0,Clouds,broken clouds,21
Hanságliget,47.72,17.215556,2026-07-02 22:00:49.063435,21.13,20.79,21.13,21.13,1017,57,3.38,324,0,0.0,Clear,clear sky,21
Vica,47.477778,17.111944,2026-07-02 22:00:50.297487,20.9,20.53,20.9,20.9,1018,57,3.4,340,0,0.0,Clear,clear sky,21
Vép,47.235833,16.7275,2026-07-02 22:00:51.538707,17.4,16.68,17.4,17.4,1018,57,3.85,312,0,0.0,Clear,clear sky,21
Mosonszolnok,47.8525,17.160278,2026-07-02 22:00:52.771078,21.14,20.77,21.1,21.72,1017,56,3.63,316,0,0.0,Clear,clear sky,21
Jánossomorja,47.789167,17.1375,2026-07-02 22:00:54.005703,21.1,20.78,21.1,21.1,1017,58,3.56,325,0,0.0,Clear,clear sky,21
Bősárkány,47.685556,17.234167,2026-07-02 22:00:55.236089,21.13,20.79,21.13,21.13,1017,57,3.39,328,0,0.0,Clear,clear sky,21
Szil-Sopronnémeti,47.533333,17.209444,2026-07-02 22:00:56.475499,21.08,20.73,21.08,21.08,1018,57,3.4,335,0,0.0,Clear,clear sky,21
Magyarkeresztúr-Zsebeháza,47.514167,17.176111,2026-07-02 22:00:57.709056,21.08,20.73,21.08,21.08,1018,57,3.4,337,0,0.0,Clear,clear sky,21
Páli-Vadosfa,47.4925,17.137778,2026-07-02 22:00:58.936557,21.06,20.71,21.06,21.06,1018,57,3.41,339,0,0.0,Clear,clear sky,21
Beled,47.466667,17.084444,2026-07-02 22:01:00.165409,20.9,20.53,20.9,20.9,1018,57,3.4,340,0,0.0,Clear,clear sky,21
Dénesfa,47.448611,17.054722,2026-07-02 22:01:01.394317,20.9,20.53,20.9,20.9,1018,57,3.35,340,0,0.0,Clear,clear sky,21
Csánig,47.430278,17.026111,2026-07-02 22:01:02.629855,20.9,20.53,20.9,20.9,1018,57,3.32,338,0,0.0,Clear,clear sky,21
Vámoscsalád,47.385556,16.961667,2026-07-02 22:01:03.866000,17.65,16.96,17.65,17.65,1018,57,3.27,334,0,0.0,Clear,clear sky,21
Vasegerszeg,47.375,16.928889,2026-07-02 22:01:05.092235,17.66,16.94,17.66,17.66,1018,56,3.29,326,0,0.0,Clear,clear sky,21
Hegyfalu,47.357778,16.898333,2026-07-02 22:01:06.325742,17.65,16.93,17.65,17.65,1018,56,3.29,326,0,0.0,Clear,clear sky,21
Pósfa,47.326944,16.855833,2026-07-02 22:01:07.565107,17.63,16.91,17.63,17.63,1018,56,3.36,323,0,0.0,Clear,clear sky,21
Ölbő-Alsószeleste,47.300556,16.843056,2026-07-02 22:01:08.791803,17.61,16.89,17.61,17.61,1018,56,3.46,320,0,0.0,Clear,clear sky,21
Gencsapáti felső,47.299722,16.593889,2026-07-02 22:01:10.033965,17.12,16.72,17.12,17.12,1018,70,3.59,298,0,0.0,Clear,clear sky,21
Lukácsháza alsó,47.326389,16.586389,2026-07-02 22:01:11.259662,17.06,16.65,17.06,17.06,1018,70,3.52,296,0,0.0,Clear,clear sky,21
Kőszegfalva,47.361667,16.567778,2026-07-02 22:01:12.491484,16.95,16.53,16.95,16.95,1018,70,3.38,294,0,0.0,Clear,clear sky,21
Gyöngyöshermán,47.202778,16.657222,2026-07-02 22:01:13.723285,17.34,16.64,17.34,17.34,1018,58,3.93,309,0,0.0,Clear,clear sky,21
Bezenye,47.973611,17.207222,2026-07-02 22:01:14.950905,21.67,21.25,19.49,21.67,1017,52,3.46,299,0,0.0,Clear,clear sky,21
Kámon,47.254534,16.625769,2026-07-02 22:01:16.179828,17.22,16.83,17.22,17.22,1018,70,3.81,305,0,0.0,Clear,clear sky,21
Sorkifalud,47.1375,16.719167,2026-07-02 22:01:17.419008,20.61,20.19,20.61,20.61,1018,56,4.0,319,0,0.0,Clear,clear sky,21
Szentléránt,47.12,16.735556,2026-07-02 22:01:18.656104,20.61,20.19,20.61,20.61,1018,56,4.0,319,0,0.0,Clear,clear sky,21
Pácsony,47.009722,16.833611,2026-07-02 22:01:19.890421,20.61,20.11,20.61,20.61,1018,53,3.64,341,1,0.0,Clear,clear sky,21
Győrvár,46.99,16.840556,2026-07-02 22:01:21.117686,20.61,20.11,20.61,20.61,1018,53,3.64,341,1,0.0,Clear,clear sky,21
Egervár-Vasboldogasszony,46.942222,16.862222,2026-07-02 22:01:22.344383,20.82,20.34,20.82,20.82,1018,53,3.43,347,1,0.0,Clear,clear sky,21
Zalaszentlőrinc,46.913889,16.8775,2026-07-02 22:01:23.589136,20.77,20.29,20.77,20.77,1018,53,3.31,348,2,0.0,Clear,clear sky,21
Gencsapáti alsó,47.285833,16.6,2026-07-02 22:01:24.838339,17.15,16.75,17.15,17.15,1018,70,3.67,300,0,0.0,Clear,clear sky,21
Gyöngyösfalu,47.316111,16.59,2026-07-02 22:01:26.076869,17.08,16.67,17.08,17.08,1018,70,3.59,298,0,0.0,Clear,clear sky,21
Lukácsháza,47.341111,16.580556,2026-07-02 22:01:27.314227,17.01,16.59,17.01,17.01,1018,70,3.44,296,0,0.0,Clear,clear sky,21
Horvátnádalja,47.005278,16.544444,2026-07-02 22:01:28.547402,20.37,20.06,20.37,20.37,1018,61,3.5,317,1,0.0,Clear,clear sky,21
Csákánydoroszló,46.978333,16.499722,2026-07-02 22:01:29.779440,20.27,19.97,20.27,20.27,1018,62,3.28,317,1,0.0,Clear,clear sky,21
Váckisújfalu,47.705,19.340278,2026-07-02 22:01:31.014343,20.75,20.55,20.75,23.09,1016,64,2.41,340,99,0.0,Clouds,overcast clouds,21
Csisztafürdő,46.681411,17.561797,2026-07-02 22:01:32.239108,20.95,20.54,20.95,20.95,1017,55,3.61,324,7,0.0,Clear,clear sky,21
Mórágy,46.236021,18.627255,2026-07-02 22:01:33.465973,20.36,20.12,20.36,20.36,1016,64,3.08,303,27,0.0,Clouds,scattered clouds,21
Kismacs,47.551111,21.542778,2026-07-02 22:01:34.702398,20.44,20.18,20.44,20.44,1014,63,6.12,359,5,0.0,Clear,clear sky,21
Pusztaszentistván,47.439869,19.470254,2026-07-02 22:01:35.943882,23.04,23.41,23.04,23.04,1016,77,0.24,287,96,1.79,Rain,moderate rain,21
Aranyvölgy,47.573795,19.017489,2026-07-02 22:01:37.173145,23.0,22.66,22.15,23.75,1016,50,2.14,326,70,0.0,Clouds,broken clouds,21
Szélhegy,47.601111,18.928056,2026-07-02 22:01:38.406274,22.58,22.15,21.79,23.4,1016,48,2.6,327,57,0.0,Clouds,broken clouds,21
Vörösvárbánya,47.61,18.913611,2026-07-02 22:01:39.650447,22.54,22.1,21.75,23.35,1016,48,2.6,327,57,0.0,Clouds,broken clouds,21
Máriaszőlőtelep,46.702778,17.411911,2026-07-02 22:01:40.869148,21.09,20.64,21.09,21.09,1017,53,4.27,338,6,0.0,Clear,clear sky,21
Akadémiaújtelep,47.485724,19.22294,2026-07-02 22:01:42.099943,23.33,23.31,22.11,23.71,1016,61,1.19,342,95,0.0,Clouds,overcast clouds,21
Újpalota,47.5316,19.126206,2026-07-02 22:01:43.333981,23.34,23.11,22.2,23.81,1016,53,0.45,341,83,0.0,Clouds,broken clouds,21
"Szeged, Somogyi utca",46.250464,20.147713,2026-07-02 22:01:44.559497,22.26,22.42,22.26,22.26,1015,72,3.62,343,52,0.0,Clouds,broken clouds,21
"Hódmezővásárhely, Hősök tere",46.412183,20.31759,2026-07-02 22:01:45.801769,22.23,22.7,22.23,22.23,1015,84,3.46,352,60,0.0,Clouds,broken clouds,21
"Hódmezővásárhely, Kossuth tér",46.41465,20.319727,2026-07-02 22:01:47.020415,22.23,22.7,22.23,22.23,1015,84,3.46,352,60,0.0,Clouds,broken clouds,21
"Hódmezővásárhely, Strandfürdő",46.409147,20.315671,2026-07-02 22:01:48.239442,22.23,22.7,22.23,22.23,1015,84,3.46,352,60,0.0,Clouds,broken clouds,21
"Szeged, Széchenyi tér",46.252683,20.14935,2026-07-02 22:01:49.460911,22.26,22.42,22.26,22.26,1015,72,3.62,343,52,0.0,Clouds,broken clouds,21
"Szeged, Anna-kút",46.256184,20.147587,2026-07-02 22:01:50.690296,22.26,22.42,22.26,22.26,1015,72,3.62,343,52,0.0,Clouds,broken clouds,21
"Szeged, Rókusi templom",46.259255,20.141771,2026-07-02 22:01:51.922925,22.28,22.44,22.28,22.28,1015,72,3.62,343,52,0.0,Clouds,broken clouds,21
"Hódmezővásárhely, Kálvin János tér",46.416677,20.328532,2026-07-02 22:01:53.149086,22.23,22.7,22.23,22.23,1015,84,3.44,352,59,0.0,Clouds,broken clouds,21
Hódmezővásárhely vasútállomás,46.413242,20.338701,2026-07-02 22:01:54.370354,22.23,22.7,22.23,22.23,1015,84,3.44,352,59,0.0,Clouds,broken clouds,21
"Szeged, Tavasz utca",46.260715,20.139055,2026-07-02 22:01:55.591464,22.28,22.44,22.28,22.28,1015,72,3.62,343,52,0.0,Clouds,broken clouds,21
"Szeged, Damjanich utca",46.262753,20.135248,2026-07-02 22:01:56.812109,22.28,22.44,22.28,22.28,1015,72,3.62,343,52,0.0,Clouds,broken clouds,21
"Szeged, Vásárhelyi Pál utca",46.264173,20.131109,2026-07-02 22:01:58.038878,22.3,22.47,22.3,22.3,1015,72,3.62,343,52,0.0,Clouds,broken clouds,21
"Szeged, Bécsi körút ",46.243459,20.143809,2026-07-02 22:01:59.257812,22.28,22.44,22.28,22.28,1015,72,3.6,341,52,0.0,Clouds,broken clouds,21
Hódmezővásárhelyi Népkert vasútállomás,46.403733,20.312986,2026-07-02 22:02:00.479994,22.24,22.71,22.24,22.24,1015,84,3.46,352,60,0.0,Clouds,broken clouds,21
Szeged vasútállomás,46.239789,20.142561,2026-07-02 22:02:01.701379,22.28,22.44,22.28,22.28,1015,72,3.6,341,52,0.0,Clouds,broken clouds,21
"Szeged, Bem utca",46.240198,20.141247,2026-07-02 22:02:02.922152,22.28,22.44,22.28,22.28,1015,72,3.6,341,52,0.0,Clouds,broken clouds,21
"Szeged, Galamb utca",46.24153,20.142297,2026-07-02 22:02:04.141877,22.28,22.44,22.28,22.28,1015,72,3.6,341,52,0.0,Clouds,broken clouds,21
"Szeged, Aradi vértanúk tere",46.247839,20.147,2026-07-02 22:02:05.360192,22.26,22.42,22.26,22.26,1015,72,3.62,343,52,0.0,Clouds,broken clouds,21
"Szeged, Pulz utca",46.264452,20.126061,2026-07-02 22:02:06.583436,22.3,22.47,22.3,22.3,1015,72,3.62,343,52,0.0,Clouds,broken clouds,21
"Szeged, Rókus vasútállomás",46.266107,20.125686,2026-07-02 22:02:07.806242,22.3,22.47,22.3,22.3,1015,72,3.62,343,48,0.0,Clouds,scattered clouds,21
Látókép,47.55787,21.524373,2026-07-02 22:02:09.042033,20.44,20.18,20.44,20.44,1014,63,6.12,359,5,0.0,Clear,clear sky,21
Szentmihálytelek,46.2229,20.0808,2026-07-02 22:02:10.273639,22.3,22.47,22.3,22.3,1015,72,3.61,342,45,0.0,Clouds,scattered clouds,21
Kisvarsány,48.144356,22.297397,2026-07-02 22:02:11.499018,20.02,20.22,20.02,20.02,1014,82,4.15,355,80,0.0,Clouds,broken clouds,21
