station_name,station_lat,station_lon,observation_time,temp,feels_like,temp_min,temp_max,pressure,humidity,wind_speed,wind_deg,clouds,precipitation_1h,weather_main,weather_description,collection_hour
Búcsúszentlászló,46.793056,16.932778,2026-06-17 13:34:25.187553,25.4,25.22,25.4,25.4,1018,47,0.6,238,100,0.0,Clouds,overcast clouds,13
Angyalföld,47.549722,19.09,2026-06-17 13:34:26.456032,27.98,27.72,26.67,28.31,1016,41,2.24,314,98,0.0,Clouds,overcast clouds,13
Felsőjánosfa,46.841389,16.544167,2026-06-17 13:34:27.729875,25.09,24.91,25.09,29.3,1018,48,3.81,288,94,0.0,Clouds,overcast clouds,13
Pankasz,46.835833,16.496111,2026-06-17 13:34:28.998331,29.21,30.2,29.21,29.21,1018,52,4.12,288,91,0.0,Clouds,overcast clouds,13
Nagyrákos,46.827222,16.455556,2026-06-17 13:34:30.266708,29.07,30.14,29.07,29.07,1018,53,4.1,288,89,0.0,Clouds,overcast clouds,13
Őriszentpéter,46.828889,16.415278,2026-06-17 13:34:31.545039,28.88,30.4,28.88,28.88,1018,57,3.75,289,86,0.0,Clouds,overcast clouds,13
Törökbálint,47.45,18.908611,2026-06-17 13:34:32.808717,26.74,26.87,26.45,28.08,1017,44,0.89,245,96,0.0,Clouds,overcast clouds,13
Bicske alsó,47.486389,18.642778,2026-06-17 13:34:34.079069,26.72,26.76,26.34,26.72,1017,42,2.64,325,93,0.0,Clouds,overcast clouds,13
Bajánsenye,46.818056,16.358056,2026-06-17 13:34:35.365607,29.1,28.8,29.1,29.1,1018,41,3.47,288,82,0.0,Clouds,broken clouds,13
Aquincum,47.566218,19.048273,2026-06-17 13:34:36.635375,28.16,27.88,26.7,28.34,1016,41,2.24,314,97,0.0,Clouds,overcast clouds,13
Piliscsév,47.673889,18.791389,2026-06-17 13:34:37.904511,26.73,26.91,26.29,27.92,1017,45,3.81,311,97,0.0,Clouds,overcast clouds,13
Tát,47.741201,18.64783,2026-06-17 13:34:39.166558,27.07,26.91,27.07,27.07,1017,40,3.7,313,98,0.0,Clouds,overcast clouds,13
Süttő felső,47.756667,18.437222,2026-06-17 13:34:40.435812,26.69,26.69,26.69,26.69,1017,41,3.23,318,95,0.0,Clouds,overcast clouds,13
Budatétény,47.405,19.016389,2026-06-17 13:34:41.699877,27.38,27.27,26.74,28.38,1017,42,2.24,314,97,0.0,Clouds,overcast clouds,13
Seregélyes-Szőlőhegy,47.119444,18.612222,2026-06-17 13:34:42.967012,27.34,26.96,27.34,27.34,1017,37,5.01,331,100,0.0,Clouds,overcast clouds,13
Gödöllő-Állami telepek,47.564444,19.375556,2026-06-17 13:34:44.259572,27.66,27.2,26.19,27.82,1016,37,4.16,306,100,0.0,Clouds,overcast clouds,13
Dunakeszi alsó,47.607778,19.128889,2026-06-17 13:34:45.527256,28.19,27.91,26.67,28.3,1016,41,1.79,287,99,0.0,Clouds,overcast clouds,13
Vác-Alsóváros,47.773056,19.149722,2026-06-17 13:34:46.792985,28.28,27.99,27.03,28.28,1016,41,5.03,299,100,0.0,Clouds,overcast clouds,13
Szob alsó,47.816667,18.8725,2026-06-17 13:34:48.069450,27.06,26.91,27.06,27.06,1016,40,4.63,304,100,0.0,Clouds,overcast clouds,13
Zalaszentmihály-Pacsa,46.7225,16.951944,2026-06-17 13:34:49.346456,25.31,25.12,25.31,25.31,1018,47,0.75,262,97,0.0,Clouds,overcast clouds,13
Pötréte,46.682778,16.9575,2026-06-17 13:34:50.619033,25.31,25.12,25.31,25.31,1018,47,0.99,286,87,0.0,Clouds,overcast clouds,13
Felsőrajk,46.667222,16.982778,2026-06-17 13:34:51.890625,25.37,25.14,25.37,25.37,1018,45,1.25,291,86,0.0,Clouds,overcast clouds,13
Gelse,46.600556,16.982778,2026-06-17 13:34:53.167236,25.37,25.09,25.37,25.37,1018,43,1.68,309,68,0.0,Clouds,broken clouds,13
Őrtilos,46.297778,16.887778,2026-06-17 13:34:54.441435,28.71,29.18,28.71,28.71,1018,49,2.2,350,74,0.0,Clouds,broken clouds,13
Zákány,46.251944,16.9425,2026-06-17 13:34:55.716346,28.49,28.62,28.49,28.49,1018,46,1.68,33,93,0.0,Clouds,overcast clouds,13
Berzence,46.201389,17.143611,2026-06-17 13:34:56.980316,28.56,28.61,28.56,28.56,1018,45,1.32,45,98,0.0,Clouds,overcast clouds,13
Somogyudvarhely,46.163333,17.179722,2026-06-17 13:34:58.260389,28.5,28.54,28.5,28.5,1018,45,1.07,25,87,0.0,Clouds,overcast clouds,13
Bélavár,46.122778,17.207778,2026-06-17 13:34:59.531358,28.66,28.71,28.66,28.66,1018,45,1.11,340,64,0.0,Clouds,broken clouds,13
Vízvár,46.101389,17.239444,2026-06-17 13:35:00.802298,28.61,28.57,28.61,28.61,1018,44,1.4,323,50,0.0,Clouds,scattered clouds,13
Babócsa,46.028359,17.342276,2026-06-17 13:35:02.091700,28.78,28.65,28.78,28.78,1018,43,2.03,308,27,0.0,Clouds,scattered clouds,13
Péterhida-Komlósd,46.006667,17.358056,2026-06-17 13:35:03.359096,28.91,28.7,28.91,28.91,1018,42,2.2,306,23,0.0,Clouds,few clouds,13
Barcs,45.951944,17.446944,2026-06-17 13:35:04.624143,28.9,28.69,28.9,28.9,1018,42,2.39,307,24,0.0,Clouds,few clouds,13
Barcs felső,45.958333,17.486389,2026-06-17 13:35:05.897731,28.76,28.54,28.76,28.76,1018,42,2.44,308,26,0.0,Clouds,scattered clouds,13
Középrigóc,45.970556,17.525,2026-06-17 13:35:07.169440,28.6,28.47,28.6,28.6,1018,43,2.49,308,27,0.0,Clouds,scattered clouds,13
Darány,45.992222,17.598611,2026-06-17 13:35:08.441656,28.39,28.34,28.39,28.39,1018,44,2.8,306,30,0.0,Clouds,scattered clouds,13
Kisdobsza,46.012222,17.668056,2026-06-17 13:35:09.714352,28.31,28.34,28.31,28.31,1018,45,3.13,302,31,0.0,Clouds,scattered clouds,13
Nemeske,46.023333,17.705278,2026-06-17 13:35:10.984894,28.28,28.31,28.28,28.28,1018,45,3.23,300,32,0.0,Clouds,scattered clouds,13
Molvány,46.035278,17.748611,2026-06-17 13:35:12.250050,28.19,28.3,28.19,28.19,1018,46,3.64,295,32,0.0,Clouds,scattered clouds,13
Szigetvár,46.043333,17.801944,2026-06-17 13:35:13.518602,28.12,28.23,28.12,28.12,1018,46,3.76,293,33,0.0,Clouds,scattered clouds,13
Nagypeterd,46.039444,17.871667,2026-06-17 13:35:14.792369,28.05,28.16,28.05,28.05,1018,46,3.98,289,33,0.0,Clouds,scattered clouds,13
Szentdénes,46.036667,17.926944,2026-06-17 13:35:16.064136,27.96,28.07,27.96,27.96,1018,46,4.09,288,33,0.0,Clouds,scattered clouds,13
Háros,47.412222,19.035,2026-06-17 13:35:17.332096,27.38,27.27,26.7,28.34,1017,42,2.24,314,97,0.0,Clouds,overcast clouds,13
Nagytétény-Diósd,47.398333,18.974444,2026-06-17 13:35:18.612482,27.26,27.23,26.73,28.37,1017,43,3.46,313,97,0.0,Clouds,overcast clouds,13
Érdliget,47.390278,18.937778,2026-06-17 13:35:19.882837,27.11,27.1,26.65,28.28,1017,43,3.5,315,97,0.0,Clouds,overcast clouds,13
Érd felső,47.381111,18.922222,2026-06-17 13:35:21.148390,27.07,27.07,26.62,28.25,1017,43,3.56,318,97,0.0,Clouds,overcast clouds,13
Érd,47.369722,18.900833,2026-06-17 13:35:22.413673,27.01,27.03,26.58,28.21,1017,43,3.62,320,97,0.0,Clouds,overcast clouds,13
Százhalombatta,47.322222,18.899167,2026-06-17 13:35:23.683196,27.04,26.79,26.56,28.2,1017,38,3.73,323,99,0.0,Clouds,overcast clouds,13
Dunai Finomító,47.294444,18.878889,2026-06-17 13:35:24.949432,26.4,26.4,26.4,27.46,1017,37,4.26,329,99,0.0,Clouds,overcast clouds,13
Ercsi,47.247222,18.875278,2026-06-17 13:35:26.215000,26.63,26.63,26.63,27.68,1017,37,4.32,329,100,0.0,Clouds,overcast clouds,13
Iváncsa,47.177778,18.811944,2026-06-17 13:35:27.479975,27.05,26.75,27.05,27.05,1017,37,4.83,330,100,0.0,Clouds,overcast clouds,13
Pusztaszabolcs,47.139722,18.761667,2026-06-17 13:35:28.741831,27.17,26.89,27.17,27.17,1017,38,4.79,327,100,0.0,Clouds,overcast clouds,13
Szabadegyháza,47.082778,18.704167,2026-06-17 13:35:30.010935,27.17,26.94,27.17,27.17,1017,39,4.56,324,99,0.0,Clouds,overcast clouds,13
Sárosd,47.039722,18.660278,2026-06-17 13:35:31.276712,27.23,27.03,27.23,27.23,1017,40,4.23,323,99,0.0,Clouds,overcast clouds,13
Nagylók,46.979444,18.635833,2026-06-17 13:35:32.544220,26.86,26.91,26.86,26.86,1017,43,3.45,313,100,0.26,Rain,light rain,13
Sárbogárd,46.896944,18.611944,2026-06-17 13:35:33.821657,26.93,27.07,26.93,26.93,1017,45,2.91,304,100,0.0,Clouds,overcast clouds,13
Rétszilas,46.814167,18.601389,2026-06-17 13:35:35.083815,26.88,27.08,26.88,26.88,1017,46,2.89,298,100,0.0,Clouds,overcast clouds,13
Nagyatád,46.228611,17.354167,2026-06-17 13:35:36.352797,28.17,28.28,28.17,28.17,1018,46,1.99,304,53,0.0,Clouds,broken clouds,13
Budapest-Keleti,47.500278,19.084167,2026-06-17 13:35:37.622297,27.6,27.45,26.65,28.28,1016,42,2.24,314,97,0.0,Clouds,overcast clouds,13
Ferencváros,47.468611,19.088056,2026-06-17 13:35:38.892100,27.55,27.41,26.67,28.3,1016,42,2.24,314,97,0.0,Clouds,overcast clouds,13
Budapest-Nyugati,47.510833,19.0575,2026-06-17 13:35:40.168275,27.57,27.43,26.66,28.3,1016,42,2.24,314,97,0.0,Clouds,overcast clouds,13
Kőbánya felső,47.491944,19.133889,2026-06-17 13:35:41.448745,27.6,27.39,26.59,28.23,1016,41,2.24,314,99,0.0,Clouds,overcast clouds,13
Rákos,47.488889,19.174722,2026-06-17 13:35:42.718399,27.85,27.6,26.55,28.19,1016,41,1.79,288,99,0.0,Clouds,overcast clouds,13
Rákosrendező,47.525556,19.089444,2026-06-17 13:35:43.989423,28.0,27.73,26.69,28.33,1016,41,1.79,287,98,0.0,Clouds,overcast clouds,13
Zugló,47.511389,19.101389,2026-06-17 13:35:45.258081,27.94,27.68,26.65,28.29,1016,41,1.79,288,98,0.0,Clouds,overcast clouds,13
Mezőtárkány,47.725,20.480278,2026-06-17 13:35:46.531688,23.23,22.91,23.23,23.23,1016,50,5.24,281,81,0.0,Clouds,broken clouds,13
Istvántelek,47.550278,19.106389,2026-06-17 13:35:47.800663,28.11,27.83,26.68,28.32,1016,41,1.79,287,98,0.0,Clouds,overcast clouds,13
Rákospalota-Újpest,47.565833,19.111944,2026-06-17 13:35:49.068246,28.15,27.87,26.67,28.31,1016,41,1.79,287,98,0.0,Clouds,overcast clouds,13
Kőbánya alsó,47.483056,19.127222,2026-06-17 13:35:50.351904,27.86,27.68,26.6,28.24,1016,42,1.79,288,99,0.0,Clouds,overcast clouds,13
Kőbánya-Kispest,47.463889,19.149444,2026-06-17 13:35:51.623454,27.85,27.67,26.6,28.24,1016,42,1.79,288,99,0.0,Clouds,overcast clouds,13
Pestszentlőrinc,47.454722,19.182778,2026-06-17 13:35:52.901471,27.8,27.62,26.54,28.18,1016,42,3.44,309,99,0.0,Clouds,overcast clouds,13
Kispest,47.448135,19.157552,2026-06-17 13:35:54.170135,27.84,27.66,26.61,28.25,1016,42,1.79,288,98,0.0,Clouds,overcast clouds,13
Újpest,47.558889,19.079722,2026-06-17 13:35:55.435810,28.15,27.87,26.68,28.32,1016,41,1.79,287,97,0.0,Clouds,overcast clouds,13
Pestszentimre felső,47.413611,19.173333,2026-06-17 13:35:56.707592,27.84,27.66,26.64,28.27,1016,42,3.31,307,99,0.0,Clouds,overcast clouds,13
Dunakeszi,47.626111,19.136111,2026-06-17 13:35:57.971673,28.18,27.9,26.58,28.21,1016,41,1.79,287,99,0.0,Clouds,overcast clouds,13
Dunakeszi-Gyártelep,47.643611,19.135,2026-06-17 13:35:59.241411,28.25,27.89,26.62,28.26,1016,40,4.39,306,99,0.0,Clouds,overcast clouds,13
Alsógöd,47.676944,19.134444,2026-06-17 13:36:00.505204,28.24,27.88,26.62,28.25,1016,40,4.5,305,99,0.0,Clouds,overcast clouds,13
Göd,47.687778,19.1375,2026-06-17 13:36:01.773987,28.25,27.89,26.64,28.27,1016,40,4.5,305,99,0.0,Clouds,overcast clouds,13
Felsőgöd,47.705556,19.143333,2026-06-17 13:36:03.038467,28.27,27.9,26.68,28.32,1016,40,4.63,303,99,0.0,Clouds,overcast clouds,13
Sződ-Sződliget,47.728056,19.154722,2026-06-17 13:36:04.308643,28.24,27.88,26.67,28.31,1016,40,4.75,302,99,0.0,Clouds,overcast clouds,13
Vác,47.782778,19.133056,2026-06-17 13:36:05.577226,28.28,27.99,27.03,28.28,1016,41,5.03,299,100,0.0,Clouds,overcast clouds,13
Verőce,47.823889,19.029444,2026-06-17 13:36:06.850414,28.12,27.84,26.86,28.12,1016,41,5.13,298,100,0.0,Clouds,overcast clouds,13
Kismaros,47.8275,19.010278,2026-06-17 13:36:08.119429,26.99,26.91,26.99,26.99,1016,41,5.06,299,100,0.0,Clouds,overcast clouds,13
Nagymaros-Visegrád,47.791389,18.959167,2026-06-17 13:36:09.389057,27.01,26.87,27.01,28.27,1016,40,4.67,303,100,0.0,Clouds,overcast clouds,13
Nagymaros,47.780278,18.952222,2026-06-17 13:36:10.667240,27.09,26.93,27.09,28.34,1016,40,4.67,303,100,0.0,Clouds,overcast clouds,13
Zebegény,47.801389,18.908889,2026-06-17 13:36:11.936206,27.06,26.91,27.06,28.32,1016,40,4.76,302,100,0.0,Clouds,overcast clouds,13
Szob,47.821111,18.861944,2026-06-17 13:36:13.205951,27.02,26.88,27.02,27.02,1016,40,4.72,303,100,0.0,Clouds,overcast clouds,13
Alagimajor,47.601944,19.153889,2026-06-17 13:36:14.480733,28.19,27.91,27.0,28.26,1016,41,1.79,287,99,0.0,Clouds,overcast clouds,13
Fót,47.611389,19.181667,2026-06-17 13:36:15.749153,28.09,27.81,26.9,28.15,1016,41,4.32,307,99,0.0,Clouds,overcast clouds,13
Fótújfalu,47.615,19.192778,2026-06-17 13:36:17.022813,27.99,27.72,26.79,28.05,1016,41,4.32,307,99,0.0,Clouds,overcast clouds,13
Csomád,47.635556,19.222778,2026-06-17 13:36:18.300963,27.73,27.43,26.52,27.78,1016,40,4.37,307,99,0.0,Clouds,overcast clouds,13
Veresegyház,47.649167,19.288611,2026-06-17 13:36:19.571605,27.92,27.6,26.85,27.93,1016,40,4.71,305,100,0.0,Clouds,overcast clouds,13
Erdőkertes,47.662222,19.295833,2026-06-17 13:36:20.832641,27.88,27.43,26.81,27.88,1016,38,4.71,305,100,0.0,Clouds,overcast clouds,13
Őrbottyán,47.685833,19.283611,2026-06-17 13:36:22.094677,27.8,27.43,27.77,27.8,1016,39,4.89,304,100,0.0,Clouds,overcast clouds,13
Váchartyán,47.725833,19.248889,2026-06-17 13:36:23.363949,28.16,27.88,28.16,28.16,1016,41,5.09,302,99,0.0,Clouds,overcast clouds,13
Magyarkút-Verőce,47.826111,19.044444,2026-06-17 13:36:24.631956,28.28,27.99,28.28,28.28,1016,41,5.13,298,100,0.0,Clouds,overcast clouds,13
Szokolya,47.871111,19.030556,2026-06-17 13:36:25.903080,24.65,24.27,24.65,24.65,1016,42,5.49,296,100,0.0,Clouds,overcast clouds,13
Berkenye,47.885278,19.071944,2026-06-17 13:36:27.168256,25.35,25.06,25.35,25.35,1016,43,5.56,295,100,0.0,Clouds,overcast clouds,13
Nógrád,47.901944,19.0475,2026-06-17 13:36:28.439229,24.94,24.61,24.94,24.94,1016,43,5.66,295,100,0.0,Clouds,overcast clouds,13
Diósjenő,47.94,19.049444,2026-06-17 13:36:29.711333,24.49,24.12,24.49,24.49,1016,43,5.81,294,100,0.0,Clouds,overcast clouds,13
Borsosberény,47.971389,19.093056,2026-06-17 13:36:30.981129,25.12,24.81,25.12,25.12,1016,43,6.12,294,100,0.0,Clouds,overcast clouds,13
Nagyoroszi,47.993611,19.101111,2026-06-17 13:36:32.245813,24.9,24.57,24.9,24.9,1016,43,6.21,294,100,0.0,Clouds,overcast clouds,13
Drégelyvár,48.001944,19.079444,2026-06-17 13:36:33.512570,25.08,24.79,25.08,25.08,1016,44,6.18,294,100,0.0,Clouds,overcast clouds,13
Drégely,48.042222,19.056111,2026-06-17 13:36:34.778508,25.39,25.13,25.39,25.39,1016,44,6.22,294,100,0.0,Clouds,overcast clouds,13
Drégelypalánk,48.055,19.046111,2026-06-17 13:36:36.042655,25.47,25.22,25.47,25.47,1016,44,6.12,295,100,0.0,Clouds,overcast clouds,13
Ipolyvece,48.056944,19.106389,2026-06-17 13:36:37.312940,25.45,25.2,25.45,25.45,1016,44,6.32,295,100,0.0,Clouds,overcast clouds,13
Dejtár,48.045556,19.196389,2026-06-17 13:36:38.583334,25.43,25.15,25.43,25.43,1016,43,6.27,295,100,0.0,Clouds,overcast clouds,13
Ipolyszög,48.054444,19.221944,2026-06-17 13:36:39.854540,25.38,25.1,25.38,25.38,1016,43,6.24,296,100,0.0,Clouds,overcast clouds,13
Iklad-Domony,47.658056,19.444444,2026-06-17 13:36:41.119175,26.14,26.14,26.14,26.14,1016,42,4.83,302,100,0.0,Clouds,overcast clouds,13
Iklad-Domony felső,47.667778,19.428056,2026-06-17 13:36:42.394376,28.17,27.96,28.17,28.17,1016,42,5.07,302,100,0.0,Clouds,overcast clouds,13
Galgamácsa,47.693889,19.3925,2026-06-17 13:36:43.665245,28.16,27.88,28.16,28.16,1016,41,5.2,303,100,0.0,Clouds,overcast clouds,13
Vácrátót,47.732778,19.217778,2026-06-17 13:36:44.931802,28.08,27.73,28.08,28.08,1016,40,4.91,302,99,0.0,Clouds,overcast clouds,13
Csörög,47.735833,19.196389,2026-06-17 13:36:46.200322,28.08,27.73,26.83,28.08,1016,40,4.83,302,99,0.0,Clouds,overcast clouds,13
Galgagyörk,47.735278,19.372222,2026-06-17 13:36:47.463316,28.06,27.86,28.06,28.06,1016,42,5.34,302,99,0.0,Clouds,overcast clouds,13
Püspökhatvan,47.768611,19.366944,2026-06-17 13:36:48.726211,25.68,25.43,25.68,25.68,1016,43,5.54,300,99,0.0,Clouds,overcast clouds,13
Acsa-Erdőkürt,47.801111,19.386111,2026-06-17 13:36:49.988644,25.47,25.22,25.47,25.47,1016,44,5.59,300,99,0.0,Clouds,overcast clouds,13
Galgaguta,47.848611,19.385556,2026-06-17 13:36:51.254772,25.08,24.79,25.08,25.08,1016,44,5.65,299,99,0.0,Clouds,overcast clouds,13
Nógrádkövesd,47.879444,19.371111,2026-06-17 13:36:52.523769,25.2,24.92,25.2,25.2,1016,44,5.65,298,99,0.0,Clouds,overcast clouds,13
Magyarnándor,47.970833,19.356667,2026-06-17 13:36:53.808133,24.98,24.68,24.98,24.98,1016,44,5.69,297,100,0.0,Clouds,overcast clouds,13
Mohora,47.995556,19.347778,2026-06-17 13:36:55.089367,25.06,24.77,25.06,25.06,1016,44,5.71,297,100,0.0,Clouds,overcast clouds,13
Szügy,48.036389,19.333056,2026-06-17 13:36:56.354113,25.19,24.91,25.19,25.19,1016,44,5.75,298,100,0.0,Clouds,overcast clouds,13
Balassagyarmat,48.071111,19.293611,2026-06-17 13:36:57.619749,25.25,24.98,25.25,25.25,1016,44,5.93,298,100,0.0,Clouds,overcast clouds,13
Őrhalom,48.078773,19.403936,2026-06-17 13:36:58.897660,24.87,24.59,24.87,24.87,1016,45,5.38,299,98,0.0,Clouds,overcast clouds,13
Hugyag,48.083056,19.421111,2026-06-17 13:37:00.167378,24.87,24.59,24.87,24.87,1016,45,5.38,299,98,0.0,Clouds,overcast clouds,13
Szécsény,48.093056,19.521111,2026-06-17 13:37:01.436810,25.05,24.81,25.05,25.05,1016,46,4.96,298,98,0.0,Clouds,overcast clouds,13
Ludányhalászi,48.1325,19.529444,2026-06-17 13:37:02.702464,24.96,24.71,24.96,24.96,1016,46,5.08,299,97,0.0,Clouds,overcast clouds,13
Nógrádszakál,48.178333,19.521667,2026-06-17 13:37:03.973030,24.86,24.6,24.86,24.86,1016,46,5.15,299,97,0.0,Clouds,overcast clouds,13
Ráróspuszta,48.207222,19.541389,2026-06-17 13:37:05.247864,24.21,23.91,24.21,24.21,1016,47,5.28,300,97,0.0,Clouds,overcast clouds,13
Litke,48.215833,19.598611,2026-06-17 13:37:06.525968,24.72,24.47,24.72,24.72,1016,47,5.01,299,97,0.0,Clouds,overcast clouds,13
Nyíregyháza külső,47.943056,21.740278,2026-06-17 13:37:07.792418,23.14,23.21,23.14,23.14,1016,65,4.83,262,44,5.95,Rain,heavy intensity rain,13
Oros,47.945833,21.806389,2026-06-17 13:37:09.061083,23.35,23.36,23.35,23.35,1016,62,5.44,258,33,13.84,Rain,heavy intensity rain,13
Napkor,47.948889,21.873056,2026-06-17 13:37:10.332010,23.8,23.72,23.8,23.8,1016,57,5.59,253,19,12.24,Rain,heavy intensity rain,13
Apagy,47.953775,21.939044,2026-06-17 13:37:11.608962,23.95,23.84,23.95,23.95,1016,55,5.31,252,18,7.35,Rain,heavy intensity rain,13
Levelek-Magy,47.948056,21.993611,2026-06-17 13:37:12.884601,24.22,24.06,24.22,24.22,1016,52,4.49,248,20,4.23,Rain,heavy intensity rain,13
Ófehértó,47.940556,22.041389,2026-06-17 13:37:14.150205,24.38,24.21,24.38,24.38,1016,51,4.01,248,25,2.77,Rain,moderate rain,13
Ligettanya,47.951667,22.071389,2026-06-17 13:37:15.418935,24.49,24.27,24.49,24.49,1016,49,3.04,237,32,1.62,Rain,moderate rain,13
Baktalórántháza,47.988611,22.083333,2026-06-17 13:37:16.689083,24.38,24.18,24.38,24.38,1016,50,2.95,237,31,0.17,Rain,light rain,13
Vaja-Rohod,48.006389,22.164167,2026-06-17 13:37:17.961681,24.45,24.23,24.45,24.45,1016,49,1.94,225,42,0.0,Clouds,scattered clouds,13
Rákóczitanya,48.022222,22.178333,2026-06-17 13:37:19.236856,24.47,24.25,24.47,24.47,1016,49,1.65,214,47,0.0,Clouds,scattered clouds,13
Nyírmada,48.059167,22.203056,2026-06-17 13:37:20.500986,24.25,24.06,24.25,24.25,1016,51,1.0,232,41,0.0,Clouds,scattered clouds,13
Tunyogmatolcs,47.960244,22.442247,2026-06-17 13:37:21.774949,24.73,24.59,24.73,24.73,1016,51,3.32,156,58,0.0,Clouds,broken clouds,13
Tunyogmatolcs alsó,47.966025,22.464713,2026-06-17 13:37:23.040563,24.61,24.48,24.61,24.61,1016,52,3.48,157,54,0.0,Clouds,broken clouds,13
Fehérgyarmat,47.979167,22.524444,2026-06-17 13:37:24.302824,24.32,24.22,24.32,24.32,1016,54,3.5,159,35,0.0,Clouds,scattered clouds,13
Penyige,47.995278,22.566944,2026-06-17 13:37:25.577523,24.23,24.14,24.23,24.23,1016,55,3.5,159,30,0.0,Clouds,scattered clouds,13
Nagyszekeres,47.976111,22.6125,2026-06-17 13:37:26.841107,24.11,24.04,24.11,24.11,1016,56,3.46,160,26,0.0,Clouds,scattered clouds,13
Kisszekeres,47.965833,22.629444,2026-06-17 13:37:28.112136,24.03,23.98,24.03,24.03,1016,57,3.64,162,34,0.0,Clouds,scattered clouds,13
Jánkmajtis,47.941944,22.657222,2026-06-17 13:37:29.380416,23.8,23.78,23.8,23.8,1016,59,3.62,164,39,0.0,Clouds,scattered clouds,13
Gacsály,47.926111,22.745,2026-06-17 13:37:30.641925,23.43,23.45,23.43,23.43,1016,62,3.33,170,34,0.0,Clouds,scattered clouds,13
Zajta,47.9025,22.796111,2026-06-17 13:37:31.908881,23.08,23.11,23.08,23.08,1017,64,3.21,179,43,0.0,Clouds,scattered clouds,13
Eperjeske alsó,48.360556,22.19,2026-06-17 13:37:33.176801,23.19,23.05,23.19,23.19,1016,57,3.04,10,6,3.58,Rain,moderate rain,13
Mándok,48.326944,22.196389,2026-06-17 13:37:34.452297,23.31,23.16,23.31,23.31,1016,56,3.2,9,5,7.43,Rain,heavy intensity rain,13
Tornyospálca,48.268333,22.201944,2026-06-17 13:37:35.725286,23.51,23.38,23.51,23.51,1016,56,3.03,7,7,2.26,Rain,moderate rain,13
Aranyosapáti,48.211303,22.253534,2026-06-17 13:37:36.989187,23.73,23.59,23.73,23.73,1016,55,2.46,8,13,0.46,Rain,light rain,13
Gyüre,48.171389,22.269167,2026-06-17 13:37:38.261138,23.95,23.78,23.95,23.95,1016,53,1.59,9,25,0.0,Clouds,scattered clouds,13
Varsány,48.151722,22.290047,2026-06-17 13:37:39.533386,24.07,23.89,24.07,24.07,1016,52,1.06,19,31,0.0,Clouds,scattered clouds,13
Vásárosnamény,48.126667,22.306111,2026-06-17 13:37:40.799878,24.21,24.04,24.21,24.21,1016,52,0.52,41,38,0.0,Clouds,scattered clouds,13
Vitka,48.095556,22.308056,2026-06-17 13:37:42.064960,24.34,24.16,24.34,24.34,1016,51,0.4,122,45,0.0,Clouds,scattered clouds,13
Nagydobos,48.054167,22.311111,2026-06-17 13:37:43.330122,24.39,24.19,24.39,24.39,1016,50,0.85,154,51,0.0,Clouds,broken clouds,13
Ópályi,47.997778,22.318333,2026-06-17 13:37:44.599081,24.71,24.52,24.71,24.71,1016,49,2.07,163,62,0.0,Clouds,broken clouds,13
Nyírcsaholy,47.908056,22.348333,2026-06-17 13:37:45.871581,24.92,24.75,24.92,24.92,1016,49,2.92,155,66,0.0,Clouds,broken clouds,13
Nagyecsed,47.864722,22.385556,2026-06-17 13:37:47.141412,24.62,24.52,24.62,24.62,1016,53,3.2,154,69,0.0,Clouds,broken clouds,13
Tiborszállás,47.815278,22.402778,2026-06-17 13:37:48.409322,24.35,24.3,24.35,24.35,1016,56,2.86,159,71,0.0,Clouds,broken clouds,13
Kiskunhalas,46.434444,19.493611,2026-06-17 13:37:49.682133,23.85,23.86,23.85,23.85,1017,60,3.58,320,97,0.0,Clouds,overcast clouds,13
Kecskemét alsó,46.895833,19.692222,2026-06-17 13:37:50.943810,28.21,27.85,28.21,28.21,1017,40,4.53,297,98,0.0,Clouds,overcast clouds,13
Putnok,48.286667,20.4375,2026-06-17 13:37:52.212442,25.25,25.24,23.92,26.53,1016,54,3.02,285,91,0.0,Clouds,overcast clouds,13
Bánréve,48.299722,20.351944,2026-06-17 13:37:53.479824,26.52,26.52,24.43,26.52,1015,51,3.63,283,82,0.0,Clouds,broken clouds,13
Ipolytarnóc,48.236667,19.629167,2026-06-17 13:37:54.748608,24.61,24.35,24.61,24.61,1016,47,5.03,299,96,0.0,Clouds,overcast clouds,13
Rákosliget,47.486111,19.257778,2026-06-17 13:37:56.011924,27.9,27.51,26.85,28.11,1016,39,3.62,310,100,0.0,Clouds,overcast clouds,13
Ikrény,47.657778,17.524167,2026-06-17 13:37:57.274767,27.74,27.21,27.74,27.74,1017,36,6.14,320,49,0.0,Clouds,scattered clouds,13
Rábapatona,47.648889,17.461944,2026-06-17 13:37:58.541402,27.81,27.26,27.81,27.81,1017,36,6.31,319,53,0.0,Clouds,broken clouds,13
Enese,47.644167,17.425278,2026-06-17 13:37:59.815990,27.86,27.3,27.86,27.86,1017,36,6.43,320,60,0.0,Clouds,broken clouds,13
Kóny,47.632222,17.357222,2026-06-17 13:38:01.089807,27.9,27.27,27.9,27.9,1017,35,6.71,322,61,0.0,Clouds,broken clouds,13
Farád,47.595278,17.195833,2026-06-17 13:38:02.355683,28.34,27.69,28.34,28.34,1017,36,7.13,331,92,0.0,Clouds,overcast clouds,13
Rábatamási,47.592778,17.161389,2026-06-17 13:38:03.622911,28.34,27.69,28.34,28.34,1017,36,7.13,331,92,0.0,Clouds,overcast clouds,13
Szárföld,47.589167,17.123889,2026-06-17 13:38:04.894028,28.32,27.74,28.32,28.32,1017,37,7.16,333,95,0.0,Clouds,overcast clouds,13
Veszkény,47.586944,17.101389,2026-06-17 13:38:06.163163,28.33,27.96,28.33,28.33,1017,40,7.17,334,97,0.0,Clouds,overcast clouds,13
Kapuvár,47.581944,17.046944,2026-06-17 13:38:07.434752,28.31,27.94,28.31,28.31,1017,40,7.48,339,99,0.0,Clouds,overcast clouds,13
Vitnyéd-Csermajor,47.5825,16.987222,2026-06-17 13:38:08.701168,28.32,27.95,28.32,28.32,1017,40,7.46,340,100,0.0,Clouds,overcast clouds,13
Petőháza,47.595278,16.893056,2026-06-17 13:38:09.963724,28.27,27.9,28.27,28.27,1017,40,7.17,340,100,0.0,Clouds,overcast clouds,13
Fertőszentmiklós,47.6,16.858889,2026-06-17 13:38:11.232099,28.27,27.9,28.27,28.27,1017,40,7.1,340,100,0.0,Clouds,overcast clouds,13
Pinnye,47.600278,16.768611,2026-06-17 13:38:12.507339,28.15,27.8,28.15,28.15,1017,40,6.6,339,100,0.0,Clouds,overcast clouds,13
Fertőboz,47.625,16.691667,2026-06-17 13:38:13.773674,27.99,27.66,27.99,27.99,1018,40,6.38,337,97,0.0,Clouds,overcast clouds,13
Sopron,47.677778,16.587222,2026-06-17 13:38:15.044552,27.69,27.95,27.69,27.69,1018,48,6.22,335,95,0.19,Rain,light rain,13
Fertőszéplak-Fertőd,47.618889,16.850833,2026-06-17 13:38:16.315208,28.29,27.92,28.29,28.29,1017,40,6.88,338,100,0.0,Clouds,overcast clouds,13
Nyúl,47.587778,17.698056,2026-06-17 13:38:17.585187,27.66,27.2,27.66,27.66,1017,37,5.94,325,41,0.0,Clouds,scattered clouds,13
Pannonhalma,47.547778,17.740833,2026-06-17 13:38:18.851798,27.49,27.07,27.49,27.49,1017,37,6.15,330,35,0.0,Clouds,scattered clouds,13
Tarjánpuszta,47.504722,17.789167,2026-06-17 13:38:20.124573,27.45,26.99,27.45,27.45,1017,36,6.39,332,31,0.0,Clouds,scattered clouds,13
Győrasszonyfa,47.4925,17.799167,2026-06-17 13:38:21.393445,27.45,26.99,27.45,27.45,1017,36,6.39,332,31,0.0,Clouds,scattered clouds,13
Veszprémvarsány,47.443333,17.818333,2026-06-17 13:38:22.661401,27.36,26.97,27.36,27.36,1017,37,6.36,331,34,0.0,Clouds,scattered clouds,13
Bakonyszentlászló,47.395556,17.8175,2026-06-17 13:38:23.928735,27.02,26.73,27.02,27.02,1017,37,6.08,329,46,0.0,Clouds,scattered clouds,13
Porva-Csesznek,47.326944,17.841111,2026-06-17 13:38:25.196013,25.67,25.28,25.67,25.67,1017,38,5.63,325,62,0.0,Clouds,broken clouds,13
Zirc,47.266667,17.878056,2026-06-17 13:38:26.462594,25.63,25.27,25.63,25.63,1017,39,5.05,317,75,0.0,Clouds,broken clouds,13
Eplény,47.192778,17.921667,2026-06-17 13:38:27.732476,25.82,25.58,25.82,25.82,1017,43,4.75,311,81,0.0,Clouds,broken clouds,13
Marcaltő,47.4275,17.348889,2026-06-17 13:38:28.997045,27.95,27.43,27.95,27.95,1017,37,6.76,324,61,0.0,Clouds,broken clouds,13
Szany-Rábaszentandrás,47.460833,17.315278,2026-06-17 13:38:30.270164,27.98,27.39,27.98,27.98,1017,36,7.23,327,59,0.0,Clouds,broken clouds,13
Egyed-Rábacsanak,47.521944,17.316389,2026-06-17 13:38:31.532285,27.97,27.33,27.97,27.97,1017,35,7.36,327,60,0.0,Clouds,broken clouds,13
Rábapordány,47.557222,17.315,2026-06-17 13:38:32.802375,27.98,27.34,27.98,27.98,1017,35,7.29,326,61,0.0,Clouds,broken clouds,13
Albertfalva,47.440784,19.033965,2026-06-17 13:38:34.073945,27.94,27.75,27.1,28.36,1017,42,2.68,273,97,0.0,Clouds,overcast clouds,13
Budafok,47.425833,19.041389,2026-06-17 13:38:35.335363,27.95,27.76,27.11,28.37,1017,42,2.68,273,97,0.0,Clouds,overcast clouds,13
Tétényliget,47.384722,18.955278,2026-06-17 13:38:36.606528,27.81,27.7,27.13,28.39,1017,43,3.5,315,97,0.0,Clouds,overcast clouds,13
Érd alsó,47.379722,18.923056,2026-06-17 13:38:37.866862,27.07,27.07,26.62,28.25,1017,43,3.56,318,97,0.0,Clouds,overcast clouds,13
Tárnok,47.365556,18.873889,2026-06-17 13:38:39.127767,27.61,27.52,27.06,28.32,1017,43,3.86,326,97,0.0,Clouds,overcast clouds,13
Martonvásár,47.321389,18.781667,2026-06-17 13:38:40.401740,27.32,26.95,26.99,28.21,1017,37,4.57,333,98,0.0,Clouds,overcast clouds,13
Baracska,47.297222,18.753333,2026-06-17 13:38:41.669202,27.27,26.86,27.27,27.27,1017,36,4.91,335,99,0.0,Clouds,overcast clouds,13
Pettend,47.26,18.708889,2026-06-17 13:38:42.936377,27.13,26.72,27.13,27.13,1017,35,5.31,336,100,0.0,Clouds,overcast clouds,13
Kápolnásnyék,47.245556,18.692222,2026-06-17 13:38:44.208939,27.26,26.8,27.26,27.26,1017,35,5.47,336,100,0.0,Clouds,overcast clouds,13
Velence,47.226944,18.663889,2026-06-17 13:38:45.471747,27.36,26.87,27.36,27.36,1017,35,5.52,336,100,0.0,Clouds,overcast clouds,13
Velencefürdő,47.218611,18.648056,2026-06-17 13:38:46.744332,27.39,26.9,27.39,27.39,1017,35,5.51,335,100,0.0,Clouds,overcast clouds,13
Gárdony,47.205833,18.624722,2026-06-17 13:38:48.010647,27.43,26.92,27.43,27.43,1017,35,5.52,335,100,0.0,Clouds,overcast clouds,13
Agárd,47.197666,18.604907,2026-06-17 13:38:49.272225,27.43,26.92,27.43,27.43,1017,35,5.52,335,100,0.0,Clouds,overcast clouds,13
Dinnyés,47.179722,18.560833,2026-06-17 13:38:50.548822,27.41,26.96,27.41,27.41,1017,36,5.35,333,98,0.0,Clouds,overcast clouds,13
Székesfehérvár,47.183611,18.424722,2026-06-17 13:38:51.820073,27.43,27.03,27.43,27.43,1017,37,5.54,327,76,0.0,Clouds,broken clouds,13
Szabadbattyán,47.105278,18.388333,2026-06-17 13:38:53.115002,27.12,26.95,27.12,27.12,1017,40,4.92,326,87,0.0,Clouds,overcast clouds,13
Kiscséripuszta,47.048056,18.355,2026-06-17 13:38:54.377512,26.67,26.77,26.67,26.67,1017,43,4.51,325,95,0.0,Clouds,overcast clouds,13
Lepsény,46.9875,18.248056,2026-06-17 13:38:55.645206,27.68,27.79,27.68,27.68,1017,46,4.34,319,99,0.0,Clouds,overcast clouds,13
Balatonaliga,46.984444,18.171389,2026-06-17 13:38:56.904787,27.49,27.83,27.49,27.49,1017,49,4.51,316,100,0.0,Clouds,overcast clouds,13
Balatonvilágos,46.964167,18.157222,2026-06-17 13:38:58.208617,27.53,27.94,27.53,27.53,1017,50,4.4,309,98,0.0,Clouds,overcast clouds,13
Szabadifürdő,46.926111,18.103333,2026-06-17 13:38:59.479026,27.7,26.93,27.7,27.7,1017,31,4.4,294,80,0.0,Clouds,broken clouds,13
Ózd alsó,48.227778,20.306111,2026-06-17 13:39:00.750388,26.36,26.36,24.27,26.36,1016,49,4.7,280,66,0.0,Clouds,broken clouds,13
Ózd,48.2225,20.294722,2026-06-17 13:39:02.016596,26.41,26.41,24.32,26.41,1016,49,4.7,280,66,0.0,Clouds,broken clouds,13
Alsóboldva,48.212778,20.792222,2026-06-17 13:39:03.288973,24.13,24.53,24.13,24.65,1015,74,1.57,356,61,0.0,Clouds,broken clouds,13
Boldva,48.223333,20.790278,2026-06-17 13:39:04.556709,24.13,23.88,24.12,24.64,1015,49,1.57,356,61,0.0,Clouds,broken clouds,13
Borsodszirák,48.259167,20.770556,2026-06-17 13:39:05.832061,24.08,23.85,24.08,24.6,1015,50,1.73,6,61,0.0,Clouds,broken clouds,13
Edelény alsó,48.279167,20.760833,2026-06-17 13:39:07.102079,24.06,23.83,24.06,24.06,1015,50,1.73,6,61,0.0,Clouds,broken clouds,13
Edelény,48.299722,20.749444,2026-06-17 13:39:08.370782,24.04,23.83,24.04,24.04,1016,51,1.74,15,63,0.0,Clouds,broken clouds,13
Szendrőlád,48.334444,20.731944,2026-06-17 13:39:09.640035,23.35,23.12,23.35,23.35,1016,53,1.66,24,68,0.0,Clouds,broken clouds,13
Szendrő,48.400725,20.721346,2026-06-17 13:39:10.906340,23.98,23.87,23.98,23.98,1016,55,1.57,40,72,0.0,Clouds,broken clouds,13
Szendrő felső,48.409907,20.720148,2026-06-17 13:39:12.179852,23.98,23.87,23.98,23.98,1016,55,1.57,40,72,0.0,Clouds,broken clouds,13
Szalonna,48.449444,20.722222,2026-06-17 13:39:13.451752,23.74,23.68,23.74,23.74,1016,58,1.46,51,75,0.0,Clouds,broken clouds,13
Perkupa,48.471389,20.691111,2026-06-17 13:39:14.731727,22.89,22.85,22.89,22.89,1016,62,1.43,56,81,0.0,Clouds,broken clouds,13
Szemeretelep,47.443056,19.214167,2026-06-17 13:39:15.997101,27.92,27.73,26.92,28.17,1016,42,3.4,309,99,0.0,Clouds,overcast clouds,13
Jósvafő-Aggtelek,48.489722,20.693889,2026-06-17 13:39:17.274886,23.06,23.07,23.06,23.06,1016,63,1.42,59,81,0.0,Clouds,broken clouds,13
Bódvaszilas,48.5375,20.738056,2026-06-17 13:39:18.538823,22.5,22.42,22.5,22.5,1016,62,1.27,55,78,0.15,Rain,light rain,13
Komjáti,48.5475,20.759722,2026-06-17 13:39:19.816288,21.84,21.72,21.84,21.84,1016,63,1.17,48,77,0.36,Rain,light rain,13
Tornanádaska,48.558333,20.787222,2026-06-17 13:39:21.085512,22.93,22.9,22.93,22.93,1016,62,1.12,44,75,1.37,Rain,moderate rain,13
Onga,48.121111,20.906667,2026-06-17 13:39:22.345850,24.36,24.24,24.18,26.85,1015,53,1.07,26,91,0.0,Clouds,overcast clouds,13
Szikszó-Vásártér,48.193056,20.934722,2026-06-17 13:39:23.611665,24.27,24.11,24.15,26.81,1016,52,1.48,49,86,0.0,Clouds,overcast clouds,13
Szikszó,48.201667,20.941667,2026-06-17 13:39:24.876851,24.35,24.25,24.16,24.35,1016,54,1.65,61,92,0.0,Clouds,overcast clouds,13
Aszaló,48.219867,20.961466,2026-06-17 13:39:26.146198,24.33,24.23,24.14,24.33,1016,54,1.69,62,90,0.0,Clouds,overcast clouds,13
Halmaj,48.246667,20.991667,2026-06-17 13:39:27.414525,24.3,24.25,24.3,24.3,1016,56,1.79,70,91,0.0,Clouds,overcast clouds,13
Csobád,48.277222,21.033889,2026-06-17 13:39:28.674762,24.06,24.04,24.06,24.06,1016,58,1.79,77,91,0.0,Clouds,overcast clouds,13
Ináncs,48.291111,21.057778,2026-06-17 13:39:29.936074,23.7,23.69,23.7,23.7,1016,60,1.75,84,91,0.0,Clouds,overcast clouds,13
Forró-Encs,48.3275,21.117778,2026-06-17 13:39:31.203355,23.38,23.37,23.38,23.38,1016,61,1.58,86,89,0.0,Clouds,overcast clouds,13
Méra,48.363056,21.140278,2026-06-17 13:39:32.465959,22.79,22.72,22.79,22.79,1016,61,1.14,81,84,0.0,Clouds,broken clouds,13
Novajidrány,48.404444,21.170556,2026-06-17 13:39:33.729716,22.73,22.65,22.73,22.73,1016,61,0.88,74,85,0.0,Clouds,overcast clouds,13
Hernádszurdok,48.487222,21.213889,2026-06-17 13:39:35.006621,20.81,20.57,20.81,20.81,1016,62,0.63,15,90,1.33,Rain,moderate rain,13
Hidasnémeti,48.508333,21.229722,2026-06-17 13:39:36.279456,20.81,20.54,20.81,20.81,1016,61,0.84,3,90,2.05,Rain,moderate rain,13
Mád,48.19,21.268889,2026-06-17 13:39:37.547662,22.85,22.44,22.85,22.85,1016,48,1.99,82,88,0.0,Clouds,overcast clouds,13
Rátka,48.215,21.230278,2026-06-17 13:39:38.815377,23.01,22.62,23.01,23.01,1016,48,2.11,86,91,0.0,Clouds,overcast clouds,13
Tállya,48.226944,21.225278,2026-06-17 13:39:40.096129,22.96,22.56,22.96,22.96,1016,48,2.11,86,91,0.0,Clouds,overcast clouds,13
Golop,48.242778,21.204167,2026-06-17 13:39:41.361626,23.08,22.7,23.08,23.08,1016,48,2.17,87,95,0.0,Clouds,overcast clouds,13
Abaújszántó,48.286944,21.181667,2026-06-17 13:39:42.632982,22.99,23.02,22.99,22.99,1016,64,1.76,90,91,0.0,Clouds,overcast clouds,13
Abaújszántói fürdő,48.268333,21.179722,2026-06-17 13:39:43.904477,23.05,23.08,23.05,23.05,1016,64,1.97,89,93,0.0,Clouds,overcast clouds,13
Abaújkér,48.309444,21.198333,2026-06-17 13:39:45.171977,22.95,22.95,22.95,22.95,1016,63,1.54,90,90,0.0,Clouds,overcast clouds,13
Boldogkőváralja,48.345,21.208889,2026-06-17 13:39:46.444114,22.75,22.78,22.75,22.75,1016,65,1.2,97,88,0.0,Clouds,overcast clouds,13
Korlát-Vizsoly,48.365,21.219167,2026-06-17 13:39:47.710006,22.66,22.65,22.66,22.66,1016,64,0.96,94,89,0.0,Clouds,overcast clouds,13
Fony,48.411389,21.242778,2026-06-17 13:39:48.975010,22.42,22.36,22.42,22.42,1016,63,0.54,67,89,0.49,Rain,light rain,13
Hejce-Vilmány,48.419444,21.245556,2026-06-17 13:39:50.243606,22.42,22.36,22.42,22.42,1016,63,0.54,67,89,0.87,Rain,light rain,13
Göncruszka,48.445,21.246944,2026-06-17 13:39:51.510408,20.74,20.49,20.74,20.74,1016,62,0.51,39,90,1.0,Rain,light rain,13
Gönc,48.470556,21.261389,2026-06-17 13:39:52.777033,20.64,20.4,20.64,20.64,1016,63,0.5,15,94,1.33,Rain,moderate rain,13
Zsujta,48.4925,21.265,2026-06-17 13:39:54.043034,20.66,20.4,20.66,20.66,1016,62,0.73,2,94,1.78,Rain,moderate rain,13
Bodrogkeresztúr,48.175556,21.354167,2026-06-17 13:39:55.312566,23.12,22.74,23.12,23.12,1016,48,1.46,72,83,0.0,Clouds,broken clouds,13
Szegi,48.201944,21.387778,2026-06-17 13:39:56.582783,23.16,22.78,23.16,23.16,1016,48,0.77,79,74,0.0,Clouds,broken clouds,13
Erdőbénye,48.218056,21.401944,2026-06-17 13:39:57.851999,23.13,22.75,23.13,23.13,1016,48,0.51,104,69,0.0,Clouds,broken clouds,13
Olaszliszka-Tolcsva,48.258333,21.448056,2026-06-17 13:39:59.117788,23.16,22.78,23.16,23.16,1016,48,0.66,141,66,0.0,Clouds,broken clouds,13
Bodrogolaszi,48.286944,21.512778,2026-06-17 13:40:00.388969,23.1,23.24,23.1,23.1,1016,68,0.63,155,67,0.0,Clouds,broken clouds,13
Sárospatak,48.325833,21.566111,2026-06-17 13:40:01.661137,23.05,23.21,23.05,23.05,1016,69,0.27,266,71,0.24,Rain,light rain,13
Sátoraljaújhely,48.385833,21.657778,2026-06-17 13:40:02.928348,21.57,21.69,21.57,21.57,1016,73,0.48,37,74,0.0,Clouds,broken clouds,13
Vecsés,47.40855,19.25652,2026-06-17 13:40:04.192774,28.18,27.75,27.14,28.21,1016,39,3.15,308,100,0.0,Clouds,overcast clouds,13
Vecsés-Kertekalja,47.403333,19.271389,2026-06-17 13:40:05.456331,28.22,27.79,27.18,28.25,1016,39,3.15,308,100,0.0,Clouds,overcast clouds,13
Üllő,47.390833,19.348889,2026-06-17 13:40:06.722612,28.18,27.82,27.13,28.21,1016,40,2.9,306,100,0.0,Clouds,overcast clouds,13
Monor,47.34545,19.43701,2026-06-17 13:40:07.985435,26.35,26.35,26.35,26.35,1016,41,2.57,304,100,0.0,Clouds,overcast clouds,13
Pilis,47.279722,19.536389,2026-06-17 13:40:09.254190,26.24,26.24,26.24,26.24,1016,42,2.54,305,100,0.0,Clouds,overcast clouds,13
Albertirsa,47.240278,19.606389,2026-06-17 13:40:10.529809,26.32,26.32,26.32,26.32,1017,43,2.82,304,100,0.0,Clouds,overcast clouds,13
Ceglédbercel-Cserő,47.210278,19.686944,2026-06-17 13:40:11.798544,26.36,26.36,26.36,26.36,1017,43,3.14,302,100,0.0,Clouds,overcast clouds,13
Cegléd,47.182778,19.806111,2026-06-17 13:40:13.067968,28.23,28.18,28.23,28.23,1017,44,3.82,299,98,0.0,Clouds,overcast clouds,13
Abony,47.173056,20.016389,2026-06-17 13:40:14.349255,28.29,28.08,28.29,28.29,1017,42,4.48,295,95,0.0,Clouds,overcast clouds,13
Szolnok,47.179167,20.175833,2026-06-17 13:40:15.627066,28.31,28.09,28.31,28.31,1017,42,3.58,256,100,0.0,Clouds,overcast clouds,13
Szajol,47.170556,20.295278,2026-06-17 13:40:16.909185,28.32,28.1,28.32,28.32,1017,42,4.38,287,100,0.0,Clouds,overcast clouds,13
Törökszentmiklós,47.170278,20.413611,2026-06-17 13:40:18.179627,28.32,28.92,28.32,28.32,1017,51,4.49,281,98,0.0,Clouds,overcast clouds,13
Rákoscsaba-Újtelep,47.4875,19.271944,2026-06-17 13:40:19.454191,27.9,27.51,26.85,28.11,1016,39,3.62,310,100,0.0,Clouds,overcast clouds,13
Rákoscsaba,47.492222,19.284722,2026-06-17 13:40:20.722726,28.08,27.67,27.03,28.1,1016,39,3.59,310,100,0.0,Clouds,overcast clouds,13
Pécel,47.493889,19.338889,2026-06-17 13:40:21.998338,27.96,27.38,26.9,27.98,1016,36,3.55,309,100,0.0,Clouds,overcast clouds,13
Isaszeg,47.537719,19.388955,2026-06-17 13:40:23.269143,27.89,27.32,27.86,27.89,1016,36,3.95,307,100,0.0,Clouds,overcast clouds,13
Gödöllő,47.592222,19.358611,2026-06-17 13:40:24.538819,27.66,27.26,26.59,27.67,1016,38,4.38,306,100,0.0,Clouds,overcast clouds,13
Máriabesnyő,47.595556,19.389722,2026-06-17 13:40:25.804882,27.81,27.38,27.78,27.81,1016,38,4.38,306,100,0.0,Clouds,overcast clouds,13
Bag,47.641111,19.471667,2026-06-17 13:40:27.076869,26.14,26.14,26.14,26.14,1016,42,4.83,302,100,0.0,Clouds,overcast clouds,13
Aszód,47.647467,19.492882,2026-06-17 13:40:28.341271,25.96,25.96,25.96,25.96,1016,42,4.77,301,100,0.0,Clouds,overcast clouds,13
Hévízgyörk,47.638611,19.526667,2026-06-17 13:40:29.616669,25.89,25.66,25.89,25.89,1016,43,4.69,300,100,0.0,Clouds,overcast clouds,13
Galgahévíz,47.6325,19.558333,2026-06-17 13:40:30.877417,26.05,26.05,26.05,26.05,1016,44,4.24,296,100,0.0,Clouds,overcast clouds,13
Tura,47.626389,19.5975,2026-06-17 13:40:32.141359,25.9,25.72,25.9,25.9,1016,45,4.1,294,100,0.0,Clouds,overcast clouds,13
Hatvan,47.663611,19.671389,2026-06-17 13:40:33.409913,25.78,25.64,25.78,25.78,1016,47,3.98,296,100,0.0,Clouds,overcast clouds,13
Vámosgyörk,47.686111,19.927778,2026-06-17 13:40:34.675674,25.41,25.39,25.41,25.41,1016,53,2.51,279,98,0.0,Clouds,overcast clouds,13
Adács,47.696389,19.975278,2026-06-17 13:40:35.941540,25.37,25.37,25.37,25.37,1016,54,2.39,276,99,0.0,Clouds,overcast clouds,13
Karácsond,47.718056,20.048611,2026-06-17 13:40:37.204209,25.22,25.23,25.22,25.22,1016,55,2.43,274,100,0.0,Clouds,overcast clouds,13
Ludas,47.723889,20.095556,2026-06-17 13:40:38.467545,25.38,25.41,25.38,25.38,1016,55,2.72,271,100,0.0,Clouds,overcast clouds,13
Nagyút,47.72666666666667,20.161388888888887,2026-06-17 13:40:39.737941,25.34,25.37,25.34,25.34,1016,55,2.9,271,100,0.0,Clouds,overcast clouds,13
Kál-Kápolna,47.734167,20.254167,2026-06-17 13:40:41.006597,25.35,25.32,25.35,25.35,1016,53,3.73,274,100,0.0,Clouds,overcast clouds,13
Füzesabony,47.751389,20.415278,2026-06-17 13:40:42.277431,25.37,25.29,25.37,25.37,1016,51,4.71,278,81,0.0,Clouds,broken clouds,13
Szihalom,47.766944,20.491944,2026-06-17 13:40:43.544600,26.84,27.27,26.84,26.84,1016,50,5.11,279,73,0.0,Clouds,broken clouds,13
Mezőkövesd,47.797222,20.5675,2026-06-17 13:40:44.811291,26.85,27.17,26.85,26.85,1016,48,5.78,281,73,0.0,Clouds,broken clouds,13
Mezőkövesd felső,47.807222,20.591389,2026-06-17 13:40:46.080119,26.79,27.11,24.17,26.83,1016,48,5.78,281,73,0.0,Clouds,broken clouds,13
Mezőkeresztes-Mezőnyárád,47.845556,20.670278,2026-06-17 13:40:47.343919,24.26,23.94,24.17,24.69,1016,46,6.14,282,73,0.0,Clouds,broken clouds,13
Csincse,47.890833,20.764167,2026-06-17 13:40:48.628829,24.32,24.06,24.19,24.71,1016,48,5.96,287,73,0.0,Clouds,broken clouds,13
Emőd,47.930556,20.822778,2026-06-17 13:40:49.891213,24.36,24.34,24.21,24.73,1015,57,5.03,287,69,0.17,Rain,light rain,13
Nyékládháza,47.9925,20.840556,2026-06-17 13:40:51.153767,24.37,24.35,24.23,24.76,1015,57,3.68,289,70,0.17,Rain,light rain,13
Miskolc-Tiszai,48.098611,20.811389,2026-06-17 13:40:52.415189,24.22,24.34,24.16,24.68,1015,63,2.43,293,60,0.0,Clouds,broken clouds,13
Felsőzsolca,48.083611,20.866111,2026-06-17 13:40:53.693652,24.3,24.35,24.18,24.7,1015,60,1.46,313,75,0.0,Clouds,broken clouds,13
Hernádnémeti-Bőcs,48.051389,20.985,2026-06-17 13:40:54.961849,24.53,24.29,24.18,26.85,1016,48,1.53,38,100,0.17,Rain,light rain,13
Tiszalúc,48.039722,21.0575,2026-06-17 13:40:56.224658,24.37,24.12,23.15,24.41,1016,48,2.51,50,100,0.0,Clouds,overcast clouds,13
Taktaharkány,48.091667,21.128611,2026-06-17 13:40:57.498160,24.46,24.21,23.2,24.46,1016,48,2.71,66,100,0.0,Clouds,overcast clouds,13
Taktaszada,48.1125,21.149444,2026-06-17 13:40:58.770981,23.21,22.84,23.21,24.47,1016,48,2.75,71,100,0.0,Clouds,overcast clouds,13
Szerencs,48.155556,21.214444,2026-06-17 13:41:00.042697,23.2,22.83,23.2,24.47,1016,48,2.28,77,93,0.0,Clouds,overcast clouds,13
Mezőzombor,48.156944,21.267778,2026-06-17 13:41:01.315427,23.2,22.83,23.2,23.2,1016,48,2.04,76,90,0.0,Clouds,overcast clouds,13
Tarcal,48.125,21.34,2026-06-17 13:41:02.583154,23.22,22.85,23.22,23.22,1016,48,1.62,50,89,0.0,Clouds,overcast clouds,13
Tokaj,48.112778,21.406667,2026-06-17 13:41:03.857670,23.18,22.81,23.18,23.18,1016,48,1.08,350,84,0.0,Clouds,broken clouds,13
Rakamaz,48.12,21.475,2026-06-17 13:41:05.128055,23.18,22.81,23.18,23.18,1016,48,1.29,324,82,0.0,Clouds,broken clouds,13
Görögszállás,48.04,21.555,2026-06-17 13:41:06.394372,23.14,22.76,23.14,23.14,1016,48,2.68,304,88,0.0,Clouds,overcast clouds,13
Nyírtelek,48.005,21.615556,2026-06-17 13:41:07.670759,23.18,23.28,23.18,23.18,1016,66,4.09,280,73,0.0,Clouds,broken clouds,13
Rákoshegy,47.468611,19.245556,2026-06-17 13:41:08.937592,27.83,27.58,26.8,28.06,1016,41,3.46,310,100,0.0,Clouds,overcast clouds,13
Ecser,47.439444,19.318056,2026-06-17 13:41:10.211326,28.08,27.54,27.03,28.1,1016,37,3.25,309,100,0.0,Clouds,overcast clouds,13
Maglód,47.438889,19.340833,2026-06-17 13:41:11.480642,28.02,27.55,26.97,28.04,1016,38,3.2,308,100,0.0,Clouds,overcast clouds,13
Maglódi nyaraló,47.434167,19.363611,2026-06-17 13:41:12.752395,27.92,27.47,26.87,27.95,1016,38,3.16,307,100,0.0,Clouds,overcast clouds,13
Gyömrő,47.429722,19.393333,2026-06-17 13:41:14.015005,27.88,27.43,27.88,27.91,1016,38,3.16,307,100,0.0,Clouds,overcast clouds,13
Mende,47.426944,19.439722,2026-06-17 13:41:15.285786,27.84,27.46,27.84,27.84,1016,39,2.88,303,100,0.0,Clouds,overcast clouds,13
Szőlősnyaraló,47.450278,19.561111,2026-06-17 13:41:16.552374,26.13,26.13,26.13,26.13,1016,43,2.98,290,100,0.0,Clouds,overcast clouds,13
Sülysáp,47.451944,19.5275,2026-06-17 13:41:17.828087,26.16,26.16,26.16,26.16,1016,41,2.98,297,100,0.0,Clouds,overcast clouds,13
Tápiószecső,47.443056,19.614722,2026-06-17 13:41:19.092461,26.11,26.11,26.11,26.11,1016,44,3.01,287,100,0.0,Clouds,overcast clouds,13
Szentmártonkáta,47.431944,19.680556,2026-06-17 13:41:20.362061,25.92,25.77,25.92,25.92,1016,46,3.13,281,100,0.0,Clouds,overcast clouds,13
Nagykáta,47.409722,19.737778,2026-06-17 13:41:21.623378,25.91,25.78,25.91,25.91,1017,47,3.1,281,100,0.0,Clouds,overcast clouds,13
Farmos,47.355278,19.8375,2026-06-17 13:41:22.898308,25.85,25.74,25.85,25.85,1017,48,3.38,283,100,0.0,Clouds,overcast clouds,13
Tápiószele,47.346313,19.873504,2026-06-17 13:41:24.162419,25.82,25.68,25.82,25.82,1017,47,3.51,285,100,0.0,Clouds,overcast clouds,13
Tápiógyörgye,47.325,19.95,2026-06-17 13:41:25.428617,28.28,28.49,28.28,28.28,1017,47,3.89,286,100,0.0,Clouds,overcast clouds,13
Újszász,47.285833,20.066944,2026-06-17 13:41:26.696199,28.32,28.35,28.32,28.32,1017,45,4.41,288,100,0.0,Clouds,overcast clouds,13
Szurdokpüspöki,47.851944,19.690278,2026-06-17 13:41:27.967092,25.4,25.25,25.4,25.4,1016,48,4.42,301,100,0.0,Clouds,overcast clouds,13
Lőrinci,47.739444,19.673611,2026-06-17 13:41:29.237361,25.65,25.5,25.65,25.65,1016,47,4.17,300,100,0.0,Clouds,overcast clouds,13
Selyp,47.759167,19.670833,2026-06-17 13:41:30.508028,25.61,25.45,25.61,25.61,1016,47,4.25,301,100,0.0,Clouds,overcast clouds,13
Apc-Zagyvaszántó,47.791328,19.66822,2026-06-17 13:41:31.778323,25.59,25.46,25.59,25.59,1016,48,4.31,302,100,0.0,Clouds,overcast clouds,13
Pásztó,47.918889,19.688889,2026-06-17 13:41:33.046640,25.19,25.02,25.19,25.19,1016,48,4.47,298,99,0.0,Clouds,overcast clouds,13
Mátraszőlős-Hasznos,47.938506,19.706122,2026-06-17 13:41:34.313171,25.14,24.99,25.14,25.14,1016,49,4.39,296,99,0.0,Clouds,overcast clouds,13
Tar,47.956111,19.746389,2026-06-17 13:41:35.585813,24.66,24.49,24.66,24.66,1016,50,4.35,293,100,0.0,Clouds,overcast clouds,13
Mátraverebély,47.968333,19.778611,2026-06-17 13:41:36.857533,24.66,24.49,24.66,24.66,1016,50,4.35,293,100,0.0,Clouds,overcast clouds,13
Nagybátony,47.981111,19.82,2026-06-17 13:41:38.126233,24.79,24.63,24.79,24.79,1016,50,4.46,292,100,0.0,Clouds,overcast clouds,13
Kisterenye,48.009444,19.831944,2026-06-17 13:41:39.396355,24.84,24.71,24.84,24.84,1016,51,4.59,291,100,0.0,Clouds,overcast clouds,13
Kisterenye-Bányatelep,48.021389,19.831944,2026-06-17 13:41:40.669299,24.84,24.71,24.84,24.84,1016,51,4.59,291,100,0.0,Clouds,overcast clouds,13
Salgótarján külső,48.089444,19.790833,2026-06-17 13:41:41.936763,24.26,24.02,24.26,24.26,1016,49,4.71,293,96,0.0,Clouds,overcast clouds,13
Balatonfenyves GV,46.7125,17.479167,2026-06-17 13:41:43.200536,27.34,27.75,27.34,27.34,1018,50,6.15,287,75,1.34,Rain,moderate rain,13
Várhegyalja,47.737778,18.366667,2026-06-17 13:41:44.463591,26.67,26.67,26.67,26.67,1017,41,3.42,323,93,0.0,Clouds,overcast clouds,13
Imremajor,46.680556,17.499722,2026-06-17 13:41:45.740998,27.55,27.89,27.55,27.55,1018,49,6.07,288,69,0.0,Clouds,broken clouds,13
Rákospalota-Kertváros,47.578333,19.122778,2026-06-17 13:41:47.016364,28.22,27.93,27.05,28.3,1016,41,0.89,254,98,0.0,Clouds,overcast clouds,13
Vicziántelep,47.675833,19.286111,2026-06-17 13:41:48.286837,27.77,27.41,26.7,27.77,1016,39,4.89,304,100,0.0,Clouds,overcast clouds,13
Pálmajor,46.662831,17.457526,2026-06-17 13:41:49.552949,27.72,27.91,27.72,27.72,1018,47,5.93,288,63,0.49,Rain,light rain,13
Somogyszentpál felső,46.649758,17.471404,2026-06-17 13:41:50.824819,27.71,27.9,27.71,27.71,1018,47,5.95,288,62,0.13,Rain,light rain,13
Somogyszentpál,46.638611,17.478611,2026-06-17 13:41:52.091944,27.82,27.93,27.82,27.82,1018,46,5.79,287,55,0.13,Rain,light rain,13
Rudnaykert,47.7175,19.257778,2026-06-17 13:41:53.352537,28.12,27.84,28.08,28.12,1016,41,5.09,302,99,0.0,Clouds,overcast clouds,13
Maroshegy,47.158333,18.406667,2026-06-17 13:41:54.623546,27.33,27.0,27.33,27.33,1017,38,5.33,327,80,0.0,Clouds,broken clouds,13
Bánhida,47.573703,18.371737,2026-06-17 13:41:55.895665,26.62,26.62,26.62,26.62,1017,39,3.52,329,100,0.0,Clouds,overcast clouds,13
Magyarkút,47.850278,19.045,2026-06-17 13:41:57.168704,25.39,25.08,25.39,25.39,1016,42,5.31,297,100,0.0,Clouds,overcast clouds,13
Becske alsó,47.897222,19.364722,2026-06-17 13:41:58.433254,24.64,24.31,24.64,24.64,1016,44,5.63,298,99,0.0,Clouds,overcast clouds,13
Hosszúberek-Péteri,47.370556,19.389722,2026-06-17 13:41:59.703944,28.15,27.87,28.15,28.15,1016,41,2.73,305,99,0.0,Clouds,overcast clouds,13
Monorierdő,47.308889,19.499167,2026-06-17 13:42:00.965956,26.27,26.27,26.27,26.27,1016,42,2.52,305,100,0.0,Clouds,overcast clouds,13
Ceglédbercel,47.215833,19.658611,2026-06-17 13:42:02.237611,26.36,26.36,26.36,26.36,1017,43,3.03,303,100,0.0,Clouds,overcast clouds,13
Budai út,47.208333,19.731389,2026-06-17 13:42:03.507193,26.21,26.21,26.21,26.21,1017,44,3.27,301,100,0.0,Clouds,overcast clouds,13
Büdöskútpuszta,48.373056,20.726111,2026-06-17 13:42:04.781032,24.27,24.16,24.27,24.27,1016,54,1.61,33,70,0.0,Clouds,broken clouds,13
Bánrévei Vízmű,48.282778,20.368333,2026-06-17 13:42:06.049764,26.54,26.54,24.46,26.54,1016,52,3.45,283,85,0.0,Clouds,overcast clouds,13
Rákoskert,47.456389,19.296111,2026-06-17 13:42:07.317823,27.95,27.56,26.9,27.97,1016,39,3.42,310,100,0.0,Clouds,overcast clouds,13
Szirmabesenyő,48.146944,20.783056,2026-06-17 13:42:08.582734,24.09,24.49,24.08,24.61,1015,74,2.14,304,54,0.0,Clouds,broken clouds,13
Kitérőgyár,47.766944,19.935278,2026-06-17 13:42:09.869087,25.1,25.08,25.1,25.1,1016,54,2.64,286,100,0.0,Clouds,overcast clouds,13
Tápiószentmárton,47.373333,19.797778,2026-06-17 13:42:11.135950,25.8,25.69,25.8,25.8,1017,48,3.26,283,100,0.0,Clouds,overcast clouds,13
Zagyvarékas,47.244229,20.097435,2026-06-17 13:42:12.401918,28.33,28.11,28.33,28.33,1017,42,4.54,290,100,0.0,Clouds,overcast clouds,13
Abonyi út,47.206401,20.125204,2026-06-17 13:42:13.673861,28.33,28.11,28.33,28.33,1017,42,4.54,292,99,0.0,Clouds,overcast clouds,13
Jászkisér felső,47.438056,20.202222,2026-06-17 13:42:14.941296,23.89,23.51,23.89,23.89,1017,45,4.41,287,99,0.0,Clouds,overcast clouds,13
Szellőhát,47.425556,20.188889,2026-06-17 13:42:16.207641,25.96,25.96,25.96,25.96,1017,44,4.52,287,99,0.0,Clouds,overcast clouds,13
Szilvásvárad-Szalajkavölgy,48.0956,20.38272,2026-06-17 13:42:17.474592,24.37,24.22,22.5,25.11,1016,52,5.05,276,58,0.0,Clouds,broken clouds,13
Vásárosnamény külső,48.084444,22.255556,2026-06-17 13:42:18.743756,24.22,24.03,24.22,24.22,1016,51,0.19,137,45,0.0,Clouds,scattered clouds,13
Újváros,46.660556,20.536111,2026-06-17 13:42:20.013818,24.99,24.72,24.99,24.99,1017,45,5.23,274,65,1.94,Rain,moderate rain,13
Városi park,46.697778,19.864722,2026-06-17 13:42:21.280666,28.32,27.49,28.32,28.32,1017,33,3.6,314,96,0.0,Clouds,overcast clouds,13
Belsőkamaráspuszta,46.341944,20.848889,2026-06-17 13:42:22.546465,26.7,27.25,26.7,26.7,1018,52,5.27,276,53,0.0,Clouds,broken clouds,13
Sajószöged,47.945278,20.981667,2026-06-17 13:42:23.813188,24.85,24.64,24.28,26.94,1016,48,3.04,334,84,0.0,Clouds,broken clouds,13
Kazincbarcika alsó,48.255278,20.649167,2026-06-17 13:42:25.084449,24.21,23.99,24.05,26.65,1016,50,2.2,314,67,0.0,Clouds,broken clouds,13
Nyárjas,46.857778,19.923611,2026-06-17 13:42:26.352104,28.28,27.52,28.28,28.28,1017,34,3.11,321,100,0.0,Clouds,overcast clouds,13
Pogonyipuszta,48.296389,20.381667,2026-06-17 13:42:27.619469,26.51,26.51,24.42,26.51,1016,52,3.45,283,85,0.0,Clouds,overcast clouds,13
Sióvölgy,46.911103,18.076964,2026-06-17 13:42:28.893239,27.75,26.96,27.75,27.75,1017,31,4.36,289,75,0.0,Clouds,broken clouds,13
Répáspuszta,46.430278,17.847222,2026-06-17 13:42:30.177444,28.07,27.8,28.07,28.07,1018,41,3.13,304,54,0.0,Clouds,broken clouds,13
Virányos,48.066667,21.527222,2026-06-17 13:42:31.446524,23.17,22.8,23.17,23.17,1016,48,2.64,301,86,0.0,Clouds,overcast clouds,13
Füzesbokor,47.988611,21.6475,2026-06-17 13:42:32.719619,23.17,23.27,23.17,23.17,1016,66,4.31,274,65,0.0,Clouds,broken clouds,13
Kunfehértó,46.355833,19.417222,2026-06-17 13:42:33.995703,25.3,25.22,25.3,25.3,1017,51,4.65,331,95,0.0,Clouds,overcast clouds,13
Erdőszél,46.329444,19.395,2026-06-17 13:42:35.262028,25.91,25.81,25.91,25.91,1017,48,4.92,336,96,0.0,Clouds,overcast clouds,13
Jánoshalma,46.293056,19.330278,2026-06-17 13:42:36.535162,26.9,26.99,26.9,26.9,1017,44,5.36,338,96,0.0,Clouds,overcast clouds,13
Mélykút,46.213056,19.370556,2026-06-17 13:42:37.802675,27.56,27.42,27.56,27.56,1017,42,5.37,330,90,0.0,Clouds,overcast clouds,13
Bácsalmás,46.118056,19.346389,2026-06-17 13:42:39.072965,27.79,27.55,27.79,27.79,1017,41,4.17,320,81,0.0,Clouds,broken clouds,13
Almás,46.116216,19.328803,2026-06-17 13:42:40.341644,27.79,27.55,27.79,27.79,1017,41,4.17,320,81,0.0,Clouds,broken clouds,13
Bácsbokod-Bácsborsód,46.115833,19.16,2026-06-17 13:42:41.609481,28.05,27.71,28.05,28.05,1017,40,3.55,324,79,0.0,Clouds,broken clouds,13
Baja,46.187014,18.957602,2026-06-17 13:42:42.881627,28.28,27.91,28.28,28.28,1017,40,3.7,322,86,0.0,Clouds,overcast clouds,13
Harkakötöny,46.458333,19.601944,2026-06-17 13:42:44.145654,24.84,25.16,24.84,24.84,1018,68,4.59,313,86,0.0,Clouds,overcast clouds,13
Tajó,46.473056,19.650556,2026-06-17 13:42:45.414735,24.88,25.25,24.88,24.88,1018,70,4.88,313,82,0.0,Clouds,broken clouds,13
Kiskunmajsa,46.501667,19.728056,2026-06-17 13:42:46.675120,28.27,31.35,28.27,28.27,1018,71,5.37,311,73,0.0,Clouds,broken clouds,13
Jászszentlászló,46.565833,19.753611,2026-06-17 13:42:47.938811,28.29,27.47,28.29,28.29,1018,33,5.59,309,73,0.0,Clouds,broken clouds,13
Galambos,46.625,19.801111,2026-06-17 13:42:49.209380,28.32,27.49,28.32,28.32,1018,33,5.11,309,80,0.0,Clouds,broken clouds,13
Pestszentimre,47.402222,19.188611,2026-06-17 13:42:50.478862,27.97,27.71,27.01,28.27,1016,41,3.18,306,99,0.0,Clouds,overcast clouds,13
Gyál felső,47.390278,19.204722,2026-06-17 13:42:51.743104,28.2,27.77,27.2,28.27,1016,39,3.12,306,99,0.0,Clouds,overcast clouds,13
Gyál,47.376667,19.219444,2026-06-17 13:42:53.018754,28.23,27.8,27.22,28.3,1016,39,3.12,306,99,0.0,Clouds,overcast clouds,13
Ócsa,47.301389,19.232222,2026-06-17 13:42:54.285136,28.28,28.23,27.23,28.28,1016,44,2.77,298,98,0.0,Clouds,overcast clouds,13
Inárcs-Kakucs,47.247222,19.317778,2026-06-17 13:42:55.555126,26.41,26.41,26.41,26.41,1017,46,2.5,293,99,0.0,Clouds,overcast clouds,13
Dabas,47.194722,19.328889,2026-06-17 13:42:56.824459,26.33,26.33,26.33,26.33,1017,46,2.41,289,100,0.0,Clouds,overcast clouds,13
Gyón,47.178333,19.355556,2026-06-17 13:42:58.103542,26.36,26.36,26.36,26.36,1017,46,2.39,286,100,0.0,Clouds,overcast clouds,13
Hernád,47.161389,19.4025,2026-06-17 13:42:59.369917,26.45,26.45,26.45,26.45,1017,44,2.51,291,100,0.0,Clouds,overcast clouds,13
Bakonygyirót,47.416389,17.811944,2026-06-17 13:43:00.640440,27.44,27.03,27.44,27.44,1017,37,6.27,331,44,0.0,Clouds,scattered clouds,13
Vinye,47.360317,17.819635,2026-06-17 13:43:01.907967,26.94,26.68,26.94,26.94,1017,37,5.88,328,54,0.0,Clouds,broken clouds,13
Nemesgörzsöny,47.402924,17.376385,2026-06-17 13:43:03.176416,27.98,27.39,27.98,27.98,1017,36,6.87,325,55,0.0,Clouds,broken clouds,13
Rábahíd,47.438618,17.337525,2026-06-17 13:43:04.454654,27.98,27.39,27.98,27.98,1017,36,7.03,326,60,0.0,Clouds,broken clouds,13
Öskü,47.162222,18.076389,2026-06-17 13:43:05.718335,26.65,26.65,26.65,26.65,1017,45,5.47,314,88,0.0,Clouds,overcast clouds,13
Márkó,47.1275,17.813889,2026-06-17 13:43:06.990898,26.53,26.53,26.53,26.53,1018,43,4.04,302,62,0.0,Clouds,broken clouds,13
Nemeskocs,47.203333,17.188889,2026-06-17 13:43:08.259870,26.93,27.66,26.93,26.93,1018,55,3.62,255,80,0.0,Clouds,broken clouds,13
Zalagyömörő,47.011111,17.220833,2026-06-17 13:43:09.526705,25.43,25.6,25.43,25.43,1018,60,3.01,239,94,0.0,Clouds,overcast clouds,13
Rigács,47.061667,17.199167,2026-06-17 13:43:10.795694,26.48,26.48,26.48,26.48,1018,59,3.16,238,92,0.0,Clouds,overcast clouds,13
Kemenespálfa,47.139722,17.183056,2026-06-17 13:43:12.069006,26.68,27.57,26.68,26.68,1018,58,3.39,238,86,0.0,Clouds,overcast clouds,13
Lentiszombathely,46.611389,16.5725,2026-06-17 13:43:13.341333,30.13,32.88,28.84,30.13,1018,59,2.8,291,82,0.0,Clouds,broken clouds,13
Ortaháza,46.626667,16.685833,2026-06-17 13:43:14.606774,28.22,28.42,28.22,28.22,1018,47,1.59,289,89,0.0,Clouds,overcast clouds,13
Rádiháza,46.654722,16.765833,2026-06-17 13:43:15.869201,25.21,24.91,25.21,25.21,1018,43,0.95,278,92,0.0,Clouds,overcast clouds,13
Baktüttös,46.690833,16.826389,2026-06-17 13:43:17.138771,25.16,24.96,25.16,25.16,1018,47,0.49,252,94,0.0,Clouds,overcast clouds,13
Budafa,46.851667,16.624722,2026-06-17 13:43:18.412891,25.19,24.91,25.19,25.19,1018,44,2.63,287,98,0.0,Clouds,overcast clouds,13
Zalapatakalja,46.845556,16.603889,2026-06-17 13:43:19.682334,25.16,24.93,25.16,25.16,1018,46,3.49,287,95,0.0,Clouds,overcast clouds,13
Tormásliget,47.430556,16.781667,2026-06-17 13:43:20.958717,27.48,27.54,27.48,27.48,1017,45,4.79,332,100,0.0,Clouds,overcast clouds,13
Belecska,46.64,18.411389,2026-06-17 13:43:22.219786,28.13,27.71,28.13,28.13,1017,39,5.71,293,31,0.0,Clouds,scattered clouds,13
Almár,47.956111,20.356944,2026-06-17 13:43:23.482841,25.51,25.47,23.71,26.37,1016,52,4.71,274,63,0.0,Clouds,broken clouds,13
Vasútmúzeum,47.543889,19.099444,2026-06-17 13:43:24.752854,28.15,27.87,27.05,28.31,1016,41,1.79,288,98,0.0,Clouds,overcast clouds,13
Abda,47.690833,17.540556,2026-06-17 13:43:26.016754,27.67,27.21,27.67,27.67,1017,37,5.72,318,68,0.0,Clouds,broken clouds,13
Vadaspark,47.526111,18.949167,2026-06-17 13:43:27.294186,25.39,25.16,25.25,26.51,1017,45,1.79,321,96,0.0,Clouds,overcast clouds,13
Barosstelep,47.398889,18.989167,2026-06-17 13:43:28.560582,27.85,27.67,27.11,28.37,1017,42,3.46,313,97,0.0,Clouds,overcast clouds,13
Fegyvernek-Örményes,47.194444,20.5575,2026-06-17 13:43:29.836373,25.45,25.38,25.45,25.45,1017,51,4.98,276,95,0.0,Clouds,overcast clouds,13
Zagyvapálfalva,48.068889,19.785,2026-06-17 13:43:31.101008,24.5,24.31,24.5,24.5,1016,50,4.68,292,97,0.0,Clouds,overcast clouds,13
Salgótarján,48.105556,19.807222,2026-06-17 13:43:32.371192,23.8,23.52,23.8,23.8,1016,49,4.72,294,94,0.0,Clouds,overcast clouds,13
Szabadisóstó,46.933889,18.118056,2026-06-17 13:43:33.641074,27.73,26.95,27.73,27.73,1017,31,4.33,301,89,0.0,Clouds,overcast clouds,13
Siófok,46.907778,18.053889,2026-06-17 13:43:34.910109,27.73,26.95,27.73,27.73,1017,31,4.36,289,75,0.0,Clouds,broken clouds,13
Balatonszéplak felső,46.898056,18.018056,2026-06-17 13:43:36.177441,27.73,26.95,27.73,27.73,1017,31,4.53,280,61,0.0,Clouds,broken clouds,13
Balatonszéplak alsó,46.891944,17.993333,2026-06-17 13:43:37.448065,27.73,26.95,27.73,27.73,1017,31,4.47,225,56,0.0,Clouds,broken clouds,13
Zamárdi felső,46.886111,17.969444,2026-06-17 13:43:38.727804,27.74,26.95,27.74,27.74,1017,31,4.47,225,50,0.0,Clouds,scattered clouds,13
Zamárdi,46.88,17.944722,2026-06-17 13:43:39.990161,27.68,26.91,27.68,27.68,1017,31,4.47,225,50,0.0,Clouds,scattered clouds,13
Szántód,46.861944,17.899167,2026-06-17 13:43:41.258404,27.75,26.96,27.75,27.75,1017,31,4.47,225,33,0.0,Clouds,scattered clouds,13
Szőny-Déli,47.735278,18.141944,2026-06-17 13:43:42.521163,27.03,26.89,27.03,27.03,1017,40,3.89,329,89,0.0,Clouds,overcast clouds,13
Várpalota,47.194444,18.149167,2026-06-17 13:43:43.783304,26.84,26.7,26.84,26.84,1017,39,6.07,315,60,0.0,Clouds,broken clouds,13
Pétfürdő,47.1675,18.121389,2026-06-17 13:43:45.050375,27.07,27.02,27.07,27.07,1017,42,5.85,315,73,0.0,Clouds,broken clouds,13
Hajmáskér,47.141111,18.009444,2026-06-17 13:43:46.317036,27.33,27.41,27.33,27.33,1017,45,5.34,313,89,0.0,Clouds,overcast clouds,13
Veszprém,47.118889,17.91,2026-06-17 13:43:47.584035,27.12,27.23,27.12,27.12,1017,45,4.47,308,78,0.0,Clouds,broken clouds,13
Herend,47.136944,17.760278,2026-06-17 13:43:48.854682,26.31,26.31,26.31,26.31,1018,43,4.0,301,59,0.0,Clouds,broken clouds,13
Városlőd,47.144167,17.652778,2026-06-17 13:43:50.124464,26.18,26.18,26.18,26.18,1018,43,4.26,305,76,0.0,Clouds,broken clouds,13
Városlőd-Kislőd,47.133889,17.631111,2026-06-17 13:43:51.390509,26.56,26.56,26.56,26.56,1018,44,4.21,297,69,0.0,Clouds,broken clouds,13
Ajka,47.105902,17.572938,2026-06-17 13:43:52.656042,26.72,27.16,26.72,26.72,1018,50,4.53,286,80,0.0,Clouds,broken clouds,13
Ajka-Gyártelep,47.096806,17.555219,2026-06-17 13:43:53.924862,26.72,27.16,26.72,26.72,1018,50,4.53,286,80,0.0,Clouds,broken clouds,13
Devecser,47.1125,17.435278,2026-06-17 13:43:55.203011,26.8,27.4,26.8,26.8,1018,53,4.52,278,91,0.0,Clouds,overcast clouds,13
Somlóvásárhely,47.124444,17.369167,2026-06-17 13:43:56.472201,26.71,27.37,26.71,26.71,1018,54,4.14,271,89,0.0,Clouds,overcast clouds,13
Tüskevár,47.128611,17.331389,2026-06-17 13:43:57.739659,26.75,27.47,26.75,26.75,1018,55,4.05,265,87,0.0,Clouds,overcast clouds,13
Karakószörcsök,47.133611,17.287778,2026-06-17 13:43:59.005757,26.74,27.52,26.74,26.74,1018,56,3.93,259,85,0.0,Clouds,overcast clouds,13
Kerta,47.151944,17.237222,2026-06-17 13:44:00.270148,26.79,27.57,26.79,26.79,1018,56,3.63,247,82,0.0,Clouds,broken clouds,13
Boba,47.183333,17.191389,2026-06-17 13:44:01.532389,26.82,27.6,26.82,26.82,1018,56,3.58,248,82,0.0,Clouds,broken clouds,13
Börgönd,47.140278,18.515,2026-06-17 13:44:02.794202,27.24,26.94,27.24,27.24,1017,38,4.88,331,96,0.0,Clouds,overcast clouds,13
Belsőbáránd,47.102778,18.499722,2026-06-17 13:44:04.054460,27.13,26.91,27.13,27.13,1017,39,4.59,329,95,0.0,Clouds,overcast clouds,13
Zichyújfalu,47.124444,18.6725,2026-06-17 13:44:05.325392,27.24,26.89,27.24,27.24,1017,37,5.05,330,100,0.0,Clouds,overcast clouds,13
Seregélyes,47.121111,18.580556,2026-06-17 13:44:06.593768,27.39,27.0,27.39,27.39,1017,37,4.91,331,98,0.0,Clouds,overcast clouds,13
Polgárdi-Ipartelepek,47.079167,18.314444,2026-06-17 13:44:07.864994,26.56,26.56,26.56,26.56,1017,43,4.88,324,90,0.0,Clouds,overcast clouds,13
Polgárdi,47.07,18.284167,2026-06-17 13:44:09.136303,26.56,26.56,26.56,26.56,1017,43,4.88,324,90,0.0,Clouds,overcast clouds,13
Füle,47.05,18.255278,2026-06-17 13:44:10.408630,26.36,26.36,26.36,26.36,1017,44,4.74,323,96,0.0,Clouds,overcast clouds,13
Zánka-Erzsébettábor,46.8775,17.709167,2026-06-17 13:44:11.671365,27.68,26.91,27.68,27.68,1018,31,5.34,270,32,0.0,Clouds,scattered clouds,13
Csajág,47.033889,18.186389,2026-06-17 13:44:12.931854,27.57,27.91,27.57,27.57,1017,49,4.69,319,100,0.0,Clouds,overcast clouds,13
Balatonakarattya,47.017222,18.167778,2026-06-17 13:44:14.201901,27.42,27.76,27.42,27.42,1017,49,4.69,319,100,0.0,Clouds,overcast clouds,13
Csittényhegy,47.025278,18.1375,2026-06-17 13:44:15.468784,27.64,28.06,27.64,27.64,1017,50,4.68,317,100,0.0,Clouds,overcast clouds,13
Balatonkenese,47.0325,18.105556,2026-06-17 13:44:16.729056,27.72,28.22,27.72,27.72,1017,51,4.65,316,100,0.0,Clouds,overcast clouds,13
Balatonfűzfő,47.060278,18.0425,2026-06-17 13:44:17.996482,27.75,26.96,27.75,27.75,1017,31,4.62,312,99,0.0,Clouds,overcast clouds,13
Balatonalmádi,47.028333,18.015,2026-06-17 13:44:19.261854,27.72,26.94,27.72,27.72,1017,31,4.44,309,97,0.0,Clouds,overcast clouds,13
Káptalanfüred,47.008889,18.003889,2026-06-17 13:44:20.532856,27.75,26.96,27.75,27.75,1017,31,4.24,303,86,0.0,Clouds,overcast clouds,13
Alsóörs,46.985278,17.974722,2026-06-17 13:44:21.796210,27.76,26.97,27.76,27.76,1017,31,4.47,225,86,0.0,Clouds,overcast clouds,13
Csopak,46.974722,17.931111,2026-06-17 13:44:23.061880,27.63,26.88,27.63,27.63,1017,31,4.47,225,51,0.0,Clouds,broken clouds,13
Balatonarács,46.9625,17.8975,2026-06-17 13:44:24.326884,27.53,26.81,27.53,27.53,1017,31,4.47,225,51,0.0,Clouds,broken clouds,13
Balatonfüred,46.955833,17.883056,2026-06-17 13:44:25.594267,27.6,26.86,27.6,27.6,1017,31,4.47,225,37,0.0,Clouds,scattered clouds,13
Aszófő,46.925556,17.8325,2026-06-17 13:44:26.857404,27.7,26.93,27.7,27.7,1018,31,4.47,225,27,0.0,Clouds,scattered clouds,13
Örvényes,46.9125,17.818056,2026-06-17 13:44:28.128567,27.72,26.94,27.72,27.72,1018,31,4.47,225,27,0.0,Clouds,scattered clouds,13
Balatonudvari,46.904722,17.808056,2026-06-17 13:44:29.398480,27.75,26.96,27.75,27.75,1018,31,4.47,225,23,0.0,Clouds,few clouds,13
Fövenyes,46.893611,17.789444,2026-06-17 13:44:30.667808,27.77,26.98,27.77,27.77,1018,31,4.47,225,23,0.0,Clouds,few clouds,13
Balatonakali-Dörgicse,46.88,17.747778,2026-06-17 13:44:31.938173,27.76,26.97,27.76,27.76,1018,31,4.88,270,22,0.0,Clouds,few clouds,13
Zánka-Köveskál,46.872778,17.687778,2026-06-17 13:44:33.208234,27.75,26.96,27.75,27.75,1018,31,5.54,271,38,0.0,Clouds,scattered clouds,13
Balatonszepezd,46.851111,17.663056,2026-06-17 13:44:34.473643,27.75,26.96,27.75,27.75,1018,31,5.57,272,42,0.0,Clouds,scattered clouds,13
Szepezdfürdő,46.839722,17.649444,2026-06-17 13:44:35.742214,27.72,28.31,27.72,27.72,1018,52,5.76,273,50,0.0,Clouds,scattered clouds,13
Révfülöp,46.829167,17.632222,2026-06-17 13:44:37.011932,27.73,28.32,27.73,27.73,1018,52,5.76,273,50,0.0,Clouds,scattered clouds,13
Balatonrendes,46.824722,17.582778,2026-06-17 13:44:38.275205,27.73,28.58,27.73,27.73,1018,55,6.15,278,77,0.0,Clouds,broken clouds,13
Ábrahámhegy,46.815,17.572222,2026-06-17 13:44:39.542845,27.7,28.55,27.7,27.7,1018,55,6.15,278,77,0.0,Clouds,broken clouds,13
Badacsonyörs,46.805556,17.531667,2026-06-17 13:44:40.809828,26.76,27.48,26.76,26.76,1018,55,6.17,279,83,0.0,Clouds,broken clouds,13
Kisújszállás,47.223889,20.751111,2026-06-17 13:44:42.070141,25.55,25.47,25.55,25.55,1017,50,5.51,273,86,0.0,Clouds,overcast clouds,13
Karcag,47.303333,20.928056,2026-06-17 13:44:43.334234,25.89,25.71,25.89,25.89,1016,45,6.38,263,68,0.0,Clouds,broken clouds,13
Püspökladány,47.3275,21.128889,2026-06-17 13:44:44.606768,25.56,25.42,25.56,25.56,1016,48,7.12,256,49,0.0,Clouds,scattered clouds,13
Kaba,47.368889,21.259444,2026-06-17 13:44:45.876147,24.89,24.84,24.89,24.89,1016,54,7.21,256,48,0.0,Clouds,scattered clouds,13
Hajdúszoboszló,47.429444,21.406944,2026-06-17 13:44:47.145742,23.79,23.87,23.79,23.79,1016,63,5.0,271,81,0.0,Clouds,broken clouds,13
Ebes,47.462778,21.488889,2026-06-17 13:44:48.434153,23.38,23.5,23.38,23.38,1016,66,4.15,284,91,0.0,Clouds,overcast clouds,13
Debrecen,47.520278,21.628611,2026-06-17 13:44:49.699767,22.71,22.89,22.71,22.71,1017,71,3.48,310,100,0.0,Clouds,overcast clouds,13
Debrecen-Csapókert,47.540556,21.648056,2026-06-17 13:44:50.977352,22.42,22.6,22.42,22.42,1017,72,3.21,317,100,0.0,Clouds,overcast clouds,13
Apafa,47.584045,21.655858,2026-06-17 13:44:52.268176,22.33,22.52,22.33,22.33,1017,73,2.91,326,98,0.0,Clouds,overcast clouds,13
Bocskaikert,47.6425,21.666389,2026-06-17 13:44:53.537320,22.2,22.41,22.2,22.2,1017,74,2.08,353,85,0.0,Clouds,overcast clouds,13
Hajdúhadház,47.686944,21.679167,2026-06-17 13:44:54.807716,22.32,22.54,22.32,22.32,1017,74,1.79,347,80,0.1,Rain,light rain,13
Téglás,47.714722,21.684722,2026-06-17 13:44:56.070606,22.42,22.62,22.42,22.42,1017,73,1.52,349,75,0.0,Clouds,broken clouds,13
Újfehértó,47.814444,21.706389,2026-06-17 13:44:57.339731,22.77,22.96,22.77,22.77,1017,71,1.19,296,59,4.21,Rain,heavy intensity rain,13
Nyíregyháza,47.946667,21.705556,2026-06-17 13:44:58.601607,22.97,23.07,22.97,22.97,1016,67,3.91,269,56,1.0,Rain,light rain,13
Sóstó,47.998051,21.729047,2026-06-17 13:44:59.871658,23.15,23.17,23.15,23.15,1016,63,5.54,262,44,0.18,Rain,light rain,13
Sóstóhegy,48.012222,21.742778,2026-06-17 13:45:01.132149,23.15,23.17,23.15,23.15,1016,63,5.7,263,46,0.0,Clouds,scattered clouds,13
Kemecse,48.065556,21.801667,2026-06-17 13:45:02.399179,23.52,23.49,23.52,23.52,1016,60,5.71,263,38,0.0,Clouds,scattered clouds,13
Nyírbogdány,48.082222,21.855278,2026-06-17 13:45:03.688710,23.6,23.53,23.6,23.6,1016,58,5.24,266,35,0.0,Clouds,scattered clouds,13
Kék,48.093333,21.883889,2026-06-17 13:45:04.957970,23.8,23.72,23.8,23.8,1016,57,4.59,264,25,0.13,Rain,light rain,13
Demecser,48.111667,21.926667,2026-06-17 13:45:06.225619,23.88,23.79,23.88,23.88,1016,56,3.7,271,23,0.21,Rain,light rain,13
Gégény,48.128333,21.951944,2026-06-17 13:45:07.500725,23.88,23.79,23.88,23.88,1016,56,2.89,285,22,0.65,Rain,light rain,13
Pátroha,48.158611,21.996667,2026-06-17 13:45:08.775396,23.89,23.77,23.89,23.89,1016,55,2.39,306,20,1.54,Rain,moderate rain,13
Ajak,48.1865,22.048972,2026-06-17 13:45:10.043382,23.84,23.72,23.84,23.84,1016,55,2.33,330,18,0.27,Rain,light rain,13
Kisvárda,48.208333,22.078333,2026-06-17 13:45:11.311435,23.77,23.66,23.77,23.77,1016,56,2.54,353,14,0.12,Rain,light rain,13
Kisvárda-Hármasút,48.228333,22.091944,2026-06-17 13:45:12.581184,23.77,23.66,23.77,23.77,1016,56,2.54,353,14,0.13,Rain,light rain,13
Fényeslitke,48.267222,22.107222,2026-06-17 13:45:13.852832,23.53,23.4,23.53,23.53,1016,56,3.11,5,10,3.65,Rain,moderate rain,13
Komoró,48.305278,22.118056,2026-06-17 13:45:15.124928,23.46,23.35,23.46,23.46,1016,57,3.26,7,9,48.63,Rain,very heavy rain,13
Tuzsér,48.342222,22.131667,2026-06-17 13:45:16.392186,23.24,23.11,23.24,23.24,1016,57,3.29,10,9,42.11,Rain,very heavy rain,13
Tiszabezdéd,48.371389,22.145,2026-06-17 13:45:17.661569,23.18,23.04,23.18,23.18,1016,57,3.12,11,7,9.99,Rain,heavy intensity rain,13
Záhony,48.402222,22.183611,2026-06-17 13:45:18.932937,23.12,22.98,23.12,23.12,1016,57,2.86,9,7,1.0,Rain,light rain,13
Karcag-Vásártér,47.3225,20.9075,2026-06-17 13:45:20.199292,23.89,23.51,23.89,23.89,1016,45,6.38,263,68,0.1,Clouds,broken clouds,13
Berekfürdő,47.374722,20.827222,2026-06-17 13:45:21.462819,23.88,23.47,23.88,23.88,1016,44,6.4,265,87,0.0,Clouds,overcast clouds,13
Kunmadaras,47.415278,20.793056,2026-06-17 13:45:22.734004,23.87,23.88,23.87,23.87,1016,60,6.54,267,94,0.0,Clouds,overcast clouds,13
Tiszaszentimre,47.490833,20.733056,2026-06-17 13:45:24.013216,23.88,23.89,23.88,23.88,1016,60,6.79,276,99,0.0,Clouds,overcast clouds,13
Tiszaszőlős,47.555556,20.728056,2026-06-17 13:45:25.279600,23.88,23.89,23.88,23.88,1016,60,6.92,279,100,0.0,Clouds,overcast clouds,13
Hosszúhát,47.235556,21.101944,2026-06-17 13:45:26.547103,25.44,25.32,25.44,25.44,1017,49,6.33,267,37,0.0,Clouds,scattered clouds,13
Szerep,47.234444,21.145833,2026-06-17 13:45:27.808944,25.4,25.3,25.4,25.4,1017,50,6.37,266,34,0.0,Clouds,scattered clouds,13
Sárrétudvari,47.231667,21.180833,2026-06-17 13:45:29.080679,25.33,25.22,25.33,25.33,1017,50,6.39,265,32,0.0,Clouds,scattered clouds,13
Biharnagybajom,47.208889,21.221944,2026-06-17 13:45:30.345905,25.08,24.98,25.08,25.08,1017,51,5.8,264,33,0.0,Clouds,scattered clouds,13
Füzesgyarmat,47.113056,21.194444,2026-06-17 13:45:31.616350,24.07,24.02,24.07,24.07,1017,57,3.75,284,69,0.0,Clouds,broken clouds,13
Füzesgyarmatfürdő,47.093787,21.201582,2026-06-17 13:45:32.890615,24.07,24.02,24.07,24.07,1017,57,3.75,284,69,0.0,Clouds,broken clouds,13
Báránd,47.299722,21.235278,2026-06-17 13:45:34.160074,25.27,25.18,25.27,25.27,1017,51,7.34,258,33,0.0,Clouds,scattered clouds,13
Sáp,47.259722,21.360556,2026-06-17 13:45:35.424028,25.12,25.02,25.12,25.12,1017,51,6.74,257,27,0.0,Clouds,scattered clouds,13
Berettyóújfalu,47.211944,21.535556,2026-06-17 13:45:36.703924,24.76,24.62,24.76,24.76,1017,51,4.91,239,42,0.0,Clouds,scattered clouds,13
Mezőpeterd,47.176111,21.625278,2026-06-17 13:45:37.972059,24.67,24.55,24.67,24.67,1017,52,4.14,222,54,0.0,Clouds,broken clouds,13
Biharkeresztes,47.135556,21.721389,2026-06-17 13:45:39.242273,24.45,24.33,24.45,24.45,1017,53,3.66,189,73,0.0,Clouds,broken clouds,13
Tócóvölgy,47.529444,21.588889,2026-06-17 13:45:40.515846,22.83,23.02,22.83,22.83,1017,71,3.38,311,100,0.0,Clouds,overcast clouds,13
Sáregres,46.7825,18.588889,2026-06-17 13:45:41.780629,26.87,27.07,26.87,26.87,1017,46,2.98,298,100,0.0,Clouds,overcast clouds,13
Simontornya,46.756582,18.540674,2026-06-17 13:45:43.050940,27.33,27.28,27.33,27.33,1017,43,3.48,297,96,0.0,Clouds,overcast clouds,13
Tolnanémedi,46.727778,18.475833,2026-06-17 13:45:44.350781,27.61,27.46,27.61,27.61,1017,42,3.92,296,84,0.0,Clouds,broken clouds,13
Pincehely,46.681389,18.43,2026-06-17 13:45:45.628705,27.92,27.6,27.92,27.92,1017,40,5.3,291,43,0.0,Clouds,scattered clouds,13
Keszőhidegkút-Gyönk,46.597778,18.426111,2026-06-17 13:45:46.894083,28.05,27.71,28.05,28.05,1017,40,5.86,294,26,0.0,Clouds,scattered clouds,13
Szárazd,46.575556,18.420833,2026-06-17 13:45:48.164409,28.07,27.73,28.07,28.07,1017,40,5.96,296,22,0.0,Clouds,few clouds,13
Regöly,46.568889,18.396111,2026-06-17 13:45:49.442614,28.07,27.73,28.07,28.07,1017,40,5.96,296,22,0.0,Clouds,few clouds,13
Szakály-Hőgyész,46.523611,18.389444,2026-06-17 13:45:50.710161,27.99,27.66,27.99,27.99,1017,40,6.13,298,18,0.0,Clouds,few clouds,13
Dúzs,46.493889,18.377222,2026-06-17 13:45:51.978863,27.99,27.72,27.99,27.99,1017,41,6.04,301,19,0.0,Clouds,few clouds,13
Csibrák,46.466667,18.336389,2026-06-17 13:45:53.246094,28.03,27.83,28.03,28.03,1017,42,5.94,302,23,0.0,Clouds,few clouds,13
Kurd,46.449167,18.319167,2026-06-17 13:45:54.518165,27.64,27.55,27.64,27.64,1017,43,5.73,304,28,0.0,Clouds,scattered clouds,13
Döbrököz,46.418889,18.255,2026-06-17 13:45:55.895228,27.93,27.89,27.93,27.93,1017,44,5.43,304,38,0.0,Clouds,scattered clouds,13
Dombóvár,46.37,18.149722,2026-06-17 13:45:57.158138,27.93,27.89,27.93,27.93,1018,44,4.61,302,50,0.0,Clouds,scattered clouds,13
Dombóvár alsó,46.363889,18.134167,2026-06-17 13:45:58.421406,27.93,27.89,27.93,27.93,1018,44,4.61,302,50,0.0,Clouds,scattered clouds,13
Somoskőújfalu,48.154722,19.815556,2026-06-17 13:45:59.682275,22.63,22.2,22.63,22.63,1016,48,4.73,295,91,0.0,Clouds,overcast clouds,13
Jászfényszaru,47.593056,19.754444,2026-06-17 13:46:00.951273,25.7,25.61,25.7,25.7,1016,49,3.31,281,100,0.0,Clouds,overcast clouds,13
Pusztamonostor,47.564444,19.794167,2026-06-17 13:46:02.218742,25.66,25.56,25.66,25.66,1016,49,3.26,277,100,0.0,Clouds,overcast clouds,13
Jászberény,47.494444,19.893333,2026-06-17 13:46:03.484183,25.7,25.61,25.7,25.7,1017,49,3.42,275,100,0.0,Clouds,overcast clouds,13
Meggyespele,47.441944,19.938889,2026-06-17 13:46:04.753652,25.75,25.61,25.75,25.75,1017,47,3.72,281,100,0.0,Clouds,overcast clouds,13
Portelek,47.418056,19.958889,2026-06-17 13:46:06.023341,25.77,25.63,25.77,25.77,1017,47,3.79,281,100,0.0,Clouds,overcast clouds,13
Jászboldogháza-Jánoshida,47.366944,20.001389,2026-06-17 13:46:07.286243,25.83,25.67,25.83,25.83,1017,46,3.97,285,100,0.0,Clouds,overcast clouds,13
Jászárokszállás,47.635556,19.971111,2026-06-17 13:46:08.546224,25.55,25.52,25.55,25.55,1016,52,2.71,277,99,0.0,Clouds,overcast clouds,13
Jászdózsa,47.563056,20.028056,2026-06-17 13:46:09.813966,25.59,25.51,25.59,25.59,1016,50,3.05,279,100,0.0,Clouds,overcast clouds,13
Jászapáti,47.513611,20.155,2026-06-17 13:46:11.081760,25.64,25.51,25.64,25.64,1016,48,3.77,285,100,0.0,Clouds,overcast clouds,13
Jászkisér,47.456111,20.203333,2026-06-17 13:46:12.352726,24.45,24.15,24.45,24.45,1017,46,4.27,287,99,0.0,Clouds,overcast clouds,13
Jászladány,47.373333,20.159167,2026-06-17 13:46:13.630931,26.07,26.07,26.07,26.07,1017,44,4.54,287,100,0.0,Clouds,overcast clouds,13
Szászberek,47.320556,20.090833,2026-06-17 13:46:14.903004,27.77,27.74,27.77,27.77,1017,44,4.49,287,100,0.0,Clouds,overcast clouds,13
Gyöngyöshalász,47.743056,19.932222,2026-06-17 13:46:16.172249,25.29,25.28,25.29,25.29,1016,54,2.52,284,99,0.0,Clouds,overcast clouds,13
Gyöngyös,47.783056,19.937222,2026-06-17 13:46:17.454229,24.9,24.88,24.9,24.9,1016,55,2.58,282,100,0.0,Clouds,overcast clouds,13
Erdőtelek,47.683333,20.3025,2026-06-17 13:46:18.723608,25.35,25.3,25.35,25.35,1016,52,4.01,279,100,0.0,Clouds,overcast clouds,13
Heves,47.609444,20.306111,2026-06-17 13:46:19.991409,24.38,24.21,24.38,24.38,1016,51,4.32,284,100,0.0,Clouds,overcast clouds,13
Hevesvezekény,47.562222,20.365833,2026-06-17 13:46:21.265996,24.42,24.43,24.42,24.42,1016,58,4.99,286,99,0.0,Clouds,overcast clouds,13
Tarnaszentmiklós,47.546944,20.390833,2026-06-17 13:46:22.534711,24.43,24.44,24.43,24.43,1016,58,5.12,287,100,0.0,Clouds,overcast clouds,13
Kisköre,47.495556,20.481667,2026-06-17 13:46:23.805268,24.45,24.47,24.45,24.45,1016,58,1.79,297,100,0.0,Clouds,overcast clouds,13
Abádszalók,47.455278,20.553056,2026-06-17 13:46:25.070785,24.43,24.44,24.43,24.43,1016,58,1.79,297,100,0.0,Clouds,overcast clouds,13
Kunhegyes,47.376667,20.641111,2026-06-17 13:46:26.333303,24.43,24.44,24.43,24.43,1016,58,6.5,277,98,6.83,Rain,heavy intensity rain,13
Kenderes,47.254444,20.686111,2026-06-17 13:46:27.607622,24.46,24.21,24.46,24.46,1017,48,5.61,274,93,0.0,Clouds,overcast clouds,13
Maklár,47.808056,20.404722,2026-06-17 13:46:28.872950,26.66,26.66,24.57,26.66,1016,51,4.67,275,73,0.0,Clouds,broken clouds,13
Andornaktálya,47.852203,20.402295,2026-06-17 13:46:30.142673,25.92,25.9,24.51,27.76,1016,51,4.68,273,65,0.0,Clouds,broken clouds,13
Eger,47.891667,20.381667,2026-06-17 13:46:31.415914,25.77,25.68,23.9,26.51,1016,49,4.5,272,69,0.0,Clouds,broken clouds,13
Egervár,47.908056,20.380556,2026-06-17 13:46:32.682335,25.58,25.55,23.71,26.32,1016,52,4.57,273,65,0.0,Clouds,broken clouds,13
Eger-Felnémet,47.936667,20.370556,2026-06-17 13:46:33.949213,25.66,25.64,23.77,26.38,1016,52,4.65,273,62,0.0,Clouds,broken clouds,13
Szarvaskő,47.988611,20.3325,2026-06-17 13:46:35.228123,25.35,25.3,23.36,25.97,1016,52,4.83,275,60,0.0,Clouds,broken clouds,13
Mónosbél,48.031944,20.33,2026-06-17 13:46:36.499932,25.22,25.16,23.18,25.79,1016,52,5.01,276,58,0.0,Clouds,broken clouds,13
Bélapátfalva,48.055556,20.340556,2026-06-17 13:46:37.765053,24.95,24.86,22.88,25.49,1016,52,5.09,276,58,0.0,Clouds,broken clouds,13
Bélapátfalvi Cementgyár,48.058056,20.355,2026-06-17 13:46:39.032264,24.9,24.8,22.84,25.45,1016,52,5.09,276,58,0.0,Clouds,broken clouds,13
Szilvásvárad,48.11345,20.37919,2026-06-17 13:46:40.295744,24.54,24.41,22.71,25.32,1016,52,5.04,276,60,0.0,Clouds,broken clouds,13
Hejőkeresztúr,47.960278,20.869444,2026-06-17 13:46:41.564366,24.43,24.18,24.25,24.43,1015,48,3.73,296,75,0.36,Rain,light rain,13
Tiszaújváros,47.926111,21.030556,2026-06-17 13:46:42.832356,24.48,24.24,24.48,28.07,1016,48,2.94,347,87,0.0,Clouds,overcast clouds,13
Miskolc-Gömöri,48.106667,20.800278,2026-06-17 13:46:44.099246,24.18,24.35,24.14,24.66,1015,65,2.05,301,59,0.0,Clouds,broken clouds,13
Sajókeresztúr,48.168008,20.774014,2026-06-17 13:46:45.365961,24.09,24.49,24.09,24.61,1015,74,1.9,316,55,0.0,Clouds,broken clouds,13
Sajóecseg,48.186111,20.766667,2026-06-17 13:46:46.636659,24.14,24.54,24.13,24.65,1015,74,1.76,330,56,0.0,Clouds,broken clouds,13
Sajószentpéter,48.222222,20.708056,2026-06-17 13:46:47.902642,24.03,24.42,24.03,24.55,1015,74,1.85,332,57,0.0,Clouds,broken clouds,13
Kazincbarcika,48.264444,20.6275,2026-06-17 13:46:49.166242,24.23,24.07,24.04,26.65,1016,52,2.1,313,76,0.0,Clouds,broken clouds,13
Sajókaza,48.272778,20.581944,2026-06-17 13:46:50.437230,24.3,24.17,24.03,26.64,1016,53,2.3,304,80,0.0,Clouds,broken clouds,13
Vadna,48.276389,20.555278,2026-06-17 13:46:51.706558,24.36,24.24,24.01,26.62,1016,53,2.3,304,80,0.0,Clouds,broken clouds,13
Dubicsány,48.280833,20.504722,2026-06-17 13:46:52.968929,24.53,24.42,23.99,26.6,1016,53,2.98,288,88,0.0,Clouds,overcast clouds,13
Raposka,46.851389,17.412778,2026-06-17 13:46:54.235809,26.63,26.63,26.63,26.63,1018,59,5.44,279,97,0.0,Clouds,overcast clouds,13
Ivacs,47.641944,19.273889,2026-06-17 13:46:55.502354,28.3,28.01,26.68,28.49,1016,41,4.64,306,100,0.0,Clouds,overcast clouds,13
Kisköre-Tiszahíd,47.480835,20.507698,2026-06-17 13:46:56.769117,24.43,24.44,24.43,24.43,1016,58,1.79,297,100,0.0,Clouds,overcast clouds,13
Rozsály,47.912778,22.7825,2026-06-17 13:46:58.040580,23.18,23.22,23.18,23.18,1017,64,3.26,176,42,0.0,Clouds,scattered clouds,13
Pusztakettős,47.453611,20.749722,2026-06-17 13:46:59.305770,24.43,24.44,24.43,24.43,1016,58,6.62,271,96,0.0,Clouds,overcast clouds,13
Kisvác,47.795278,19.113611,2026-06-17 13:47:00.570754,28.83,28.52,27.01,28.83,1016,41,5.13,298,100,0.0,Clouds,overcast clouds,13
Tiszafüred-Gyártelep,47.6075,20.736111,2026-06-17 13:47:01.836388,24.4,24.41,24.4,24.4,1016,58,7.01,283,100,0.0,Clouds,overcast clouds,13
Újkenéz,48.251111,22.221667,2026-06-17 13:47:03.100249,23.57,23.42,23.57,23.57,1016,55,2.76,7,9,3.17,Rain,moderate rain,13
Püspökladány-Vásártér,47.319167,21.096111,2026-06-17 13:47:04.369604,25.61,25.48,25.61,25.61,1016,48,7.04,258,43,0.0,Clouds,scattered clouds,13
Végegyháza alsó,46.3675,20.866944,2026-06-17 13:47:05.639771,27.27,27.82,27.27,27.27,1018,52,4.8,273,55,0.0,Clouds,broken clouds,13
Orosháza felső,46.553611,20.655278,2026-06-17 13:47:06.901760,26.68,26.97,26.68,26.68,1017,47,5.86,263,53,0.0,Clouds,broken clouds,13
Ambrózfalva,46.353056,20.740556,2026-06-17 13:47:08.165161,26.08,26.08,26.08,26.08,1018,51,6.44,273,48,0.0,Clouds,scattered clouds,13
Alsónyék,46.199444,18.738056,2026-06-17 13:47:09.428711,27.97,27.85,27.97,27.97,1017,43,4.08,314,84,0.0,Clouds,broken clouds,13
Tompapuszta,46.321389,20.966389,2026-06-17 13:47:10.694965,27.23,32.68,25.06,27.26,1018,100,3.4,280,60,0.0,Clouds,broken clouds,13
Halászlak,46.911879,20.56228,2026-06-17 13:47:11.961036,23.28,23.39,23.28,23.28,1017,66,4.17,293,87,0.0,Clouds,overcast clouds,13
Sirató,46.840556,20.61,2026-06-17 13:47:13.235012,24.51,24.5,24.51,24.51,1017,57,4.99,293,84,0.0,Clouds,broken clouds,13
Csabacsűd felső,46.829167,20.649167,2026-06-17 13:47:14.503330,24.51,24.5,24.51,24.51,1017,57,4.98,293,85,0.0,Clouds,overcast clouds,13
Orosháza-Üveggyár,46.579979,20.683644,2026-06-17 13:47:15.765283,26.7,26.94,26.7,26.7,1017,46,5.74,265,56,0.0,Clouds,broken clouds,13
Gyulai városerdő,46.69482,21.32281,2026-06-17 13:47:17.039185,28.3,27.66,28.3,28.3,1017,36,5.01,251,68,0.0,Clouds,broken clouds,13
Kórógyszentgyörgy,46.564377,20.224998,2026-06-17 13:47:18.319245,25.01,24.74,25.01,25.01,1017,45,2.53,265,89,0.0,Clouds,overcast clouds,13
Kunszállás,46.784444,19.767222,2026-06-17 13:47:19.602398,28.27,27.51,28.27,28.27,1017,34,4.14,306,100,0.0,Clouds,overcast clouds,13
Selymes,46.655321,19.8534,2026-06-17 13:47:20.869275,28.33,27.5,28.33,28.33,1017,33,4.55,310,85,0.0,Clouds,overcast clouds,13
Petőfiszállási tanyák,46.587805,19.874509,2026-06-17 13:47:22.136281,28.37,27.53,28.37,28.37,1018,33,4.76,308,71,0.0,Clouds,broken clouds,13
Kisteleki szőlők,46.514199,19.92868,2026-06-17 13:47:23.404173,28.36,30.0,28.36,28.36,1018,60,4.29,298,54,0.0,Clouds,broken clouds,13
Kapitányság,46.435336,19.987564,2026-06-17 13:47:24.667787,25.02,24.94,25.02,25.02,1018,52,2.79,282,57,0.0,Clouds,broken clouds,13
Őszeszék,46.39025,20.016017,2026-06-17 13:47:25.932926,25.05,24.97,25.05,25.05,1017,52,1.63,260,65,0.0,Clouds,broken clouds,13
Vilmaszállás,46.366389,20.030833,2026-06-17 13:47:27.194481,25.03,24.95,25.03,25.03,1017,52,3.58,247,67,0.0,Clouds,broken clouds,13
Jánosszállás,46.334359,20.051199,2026-06-17 13:47:28.460947,25.06,24.98,25.06,25.06,1017,52,0.88,223,69,0.0,Clouds,broken clouds,13
Felsőpakony,47.343056,19.230556,2026-06-17 13:47:29.724794,28.22,27.79,27.25,28.89,1016,39,2.87,301,98,0.0,Clouds,overcast clouds,13
Felsőméntelek,46.987074,19.557745,2026-06-17 13:47:30.996039,25.9,25.67,25.9,25.9,1017,43,3.96,292,99,0.0,Clouds,overcast clouds,13
Alsóméntelek,46.961558,19.579121,2026-06-17 13:47:32.268246,25.93,25.7,25.93,25.93,1017,43,4.1,292,98,0.0,Clouds,overcast clouds,13
Nagynyír,46.943319,19.585447,2026-06-17 13:47:33.537304,25.96,25.96,25.96,25.96,1017,43,4.24,293,97,0.0,Clouds,overcast clouds,13
Úrihegy,46.917778,19.621389,2026-06-17 13:47:34.808915,28.15,28.02,28.15,28.15,1017,43,4.42,294,96,0.0,Clouds,overcast clouds,13
Miklóstelep,46.913412,19.630913,2026-06-17 13:47:36.070762,28.17,28.04,28.17,28.17,1017,43,4.48,296,97,0.0,Clouds,overcast clouds,13
Tiszajenő alsó,47.016944,20.134444,2026-06-17 13:47:37.344541,27.79,27.75,27.79,27.79,1017,44,4.02,244,93,0.0,Clouds,overcast clouds,13
Óbög,46.987222,20.111111,2026-06-17 13:47:38.613151,27.77,27.74,27.77,27.77,1017,44,3.43,311,90,0.0,Clouds,overcast clouds,13
Árpádszállás,46.866456,19.989163,2026-06-17 13:47:39.887907,28.32,27.55,27.7,28.32,1017,34,2.64,329,99,0.0,Clouds,overcast clouds,13
Tőserdő,46.851111,19.980278,2026-06-17 13:47:41.155878,28.34,27.57,27.72,28.34,1017,34,2.36,333,100,0.0,Clouds,overcast clouds,13
Tiszaalpár felső,46.836256,19.976753,2026-06-17 13:47:42.421107,28.37,27.59,28.37,28.37,1017,34,2.36,333,100,0.0,Clouds,overcast clouds,13
Borsihalom,46.773056,19.92,2026-06-17 13:47:43.691025,28.36,27.58,28.36,28.36,1017,34,2.58,327,100,0.0,Clouds,overcast clouds,13
Petőfiváros,46.725556,19.848611,2026-06-17 13:47:44.955218,28.32,27.55,28.32,28.32,1017,34,3.77,313,100,0.0,Clouds,overcast clouds,13
Csorna,47.601944,17.248889,2026-06-17 13:47:46.223615,27.78,27.75,27.78,27.78,1017,44,7.07,328,84,0.0,Clouds,broken clouds,13
Szorgalmatos,47.986667,21.366389,2026-06-17 13:47:47.495841,23.2,22.83,23.2,23.2,1016,48,2.43,15,100,0.0,Clouds,overcast clouds,13
Fótfürdő,47.6225,19.200556,2026-06-17 13:47:48.763555,28.32,27.95,26.68,28.49,1016,40,4.32,307,99,0.0,Clouds,overcast clouds,13
Fenyveshegy,47.818333,19.068056,2026-06-17 13:47:50.026904,28.9,28.88,28.9,28.9,1016,44,5.01,299,100,0.0,Clouds,overcast clouds,13
Hűvösvölgy,47.541202,18.96351,2026-06-17 13:47:51.289975,26.41,26.41,26.22,28.03,1017,44,1.79,167,96,0.0,Clouds,overcast clouds,13
Hárshegy,47.535318,18.961433,2026-06-17 13:47:52.546367,26.41,26.41,26.22,28.03,1017,44,1.79,167,96,0.0,Clouds,overcast clouds,13
Szépjuhászné,47.528277,18.955246,2026-06-17 13:47:53.813183,25.48,25.26,25.33,27.14,1017,45,1.79,167,96,0.0,Clouds,overcast clouds,13
Jánoshegy,47.51433,18.95047,2026-06-17 13:47:55.073460,25.45,25.2,25.24,27.05,1017,44,1.79,167,96,0.0,Clouds,overcast clouds,13
Virágvölgy,47.505965,18.95876,2026-06-17 13:47:56.345735,25.2,24.9,24.92,26.74,1017,43,1.79,167,96,0.0,Clouds,overcast clouds,13
Csillebérc,47.498196,18.961694,2026-06-17 13:47:57.615749,25.01,24.69,24.69,26.51,1017,43,1.79,167,96,0.0,Clouds,overcast clouds,13
Normafa,47.5,18.970558,2026-06-17 13:47:58.883068,25.06,24.74,24.74,26.56,1017,43,1.79,167,96,0.0,Clouds,overcast clouds,13
Széchenyihegy,47.49413,18.977049,2026-06-17 13:48:00.147562,25.15,24.84,24.76,26.58,1017,43,1.79,167,96,0.0,Clouds,overcast clouds,13
Balatonfőkajár felső,47.031389,18.215278,2026-06-17 13:48:01.411258,27.4,27.22,27.4,27.4,1017,41,4.66,320,100,0.0,Clouds,overcast clouds,13
Piroska,47.148333,20.129722,2026-06-17 13:48:02.674231,27.79,27.75,27.79,27.79,1017,44,4.02,244,98,0.0,Clouds,overcast clouds,13
Somodor,46.4725,17.836667,2026-06-17 13:48:03.941905,26.17,26.17,26.17,26.17,1018,52,2.97,306,56,0.0,Clouds,broken clouds,13
Középmező,45.995833,18.668889,2026-06-17 13:48:05.210309,27.84,28.44,27.84,27.84,1017,52,3.66,259,86,0.0,Clouds,overcast clouds,13
Jobbágyi,47.828889,19.6875,2026-06-17 13:48:06.474359,25.12,24.97,25.12,25.12,1016,49,4.4,301,100,0.0,Clouds,overcast clouds,13
Ferihegy,47.437222,19.223889,2026-06-17 13:48:07.752532,28.06,27.79,26.91,28.73,1016,41,3.4,309,99,0.0,Clouds,overcast clouds,13
Máriapócs,47.852778,22.019167,2026-06-17 13:48:09.021516,23.24,23.13,23.24,23.24,1016,58,3.69,258,32,1.12,Rain,moderate rain,13
Máriaudvar,47.751944,19.165,2026-06-17 13:48:10.286238,28.86,28.64,27.04,28.86,1016,42,4.89,301,100,0.0,Clouds,overcast clouds,13
Nagyberki,46.353333,18.004167,2026-06-17 13:48:11.549889,26.95,27.14,26.95,26.95,1017,46,4.14,298,45,0.0,Clouds,scattered clouds,13
Badacsonytomaj,46.804722,17.518056,2026-06-17 13:48:12.816235,27.12,27.6,27.12,27.12,1018,51,6.17,279,83,0.0,Clouds,broken clouds,13
Badacsony,46.788611,17.506389,2026-06-17 13:48:14.090137,27.32,27.73,27.32,27.32,1018,50,6.17,283,86,0.0,Clouds,overcast clouds,13
Badacsonylábdihegy,46.793889,17.470833,2026-06-17 13:48:15.356119,27.32,27.73,27.32,27.32,1018,50,6.17,283,86,0.0,Clouds,overcast clouds,13
Badacsonytördemic-Szigliget,46.809722,17.469167,2026-06-17 13:48:16.628320,27.26,27.74,27.26,27.26,1018,51,6.13,280,87,0.0,Clouds,overcast clouds,13
Nemesgulács-Kisapáti,46.836944,17.476389,2026-06-17 13:48:17.896187,27.23,27.78,27.23,27.23,1018,52,6.09,278,87,0.0,Clouds,overcast clouds,13
Tapolca,46.877778,17.428611,2026-06-17 13:48:19.157822,27.18,27.79,27.18,27.18,1018,53,5.36,275,97,0.0,Clouds,overcast clouds,13
Uzsabánya alsó,46.898333,17.345278,2026-06-17 13:48:20.421029,26.01,26.01,26.01,26.01,1018,56,4.5,270,99,0.0,Clouds,overcast clouds,13
Uzsa,46.920278,17.331667,2026-06-17 13:48:21.685263,26.68,27.57,26.68,26.68,1018,58,4.46,266,98,0.0,Clouds,overcast clouds,13
Sümegi Bazaltbánya,46.9525,17.2925,2026-06-17 13:48:22.952853,26.61,26.61,26.61,26.61,1018,60,4.02,260,98,0.0,Clouds,overcast clouds,13
Sümeg,46.981111,17.270833,2026-06-17 13:48:24.220748,26.71,27.85,26.71,26.71,1018,62,3.18,250,98,0.0,Clouds,overcast clouds,13
Gógánfa,47.021111,17.207778,2026-06-17 13:48:25.483188,25.42,25.64,25.42,25.42,1018,62,3.01,239,94,0.0,Clouds,overcast clouds,13
Ukk,47.041944,17.195833,2026-06-17 13:48:26.758180,26.93,28.06,26.93,26.93,1018,61,2.87,233,93,0.0,Clouds,overcast clouds,13
Nemeskeresztúr,47.093611,17.183611,2026-06-17 13:48:28.026400,27.03,27.98,27.03,27.03,1017,58,3.24,235,88,0.0,Clouds,overcast clouds,13
Jánosháza,47.115833,17.171667,2026-06-17 13:48:29.299586,27.21,28.04,27.21,27.21,1017,56,3.39,238,86,0.0,Clouds,overcast clouds,13
Keszthely,46.758333,17.248056,2026-06-17 13:48:30.582595,25.64,25.46,25.64,25.64,1018,46,3.72,293,91,4.0,Rain,moderate rain,13
Alsógyenes,46.765844,17.276435,2026-06-17 13:48:31.861836,25.64,25.43,25.64,25.64,1018,45,4.6,292,91,1.46,Rain,moderate rain,13
Gyenesdiás,46.763333,17.292778,2026-06-17 13:48:33.126660,27.92,27.95,27.92,27.92,1018,45,4.6,292,91,1.26,Rain,moderate rain,13
Vonyarcvashegy,46.755278,17.318333,2026-06-17 13:48:34.398843,27.31,27.39,27.31,27.31,1018,45,5.01,291,90,6.29,Rain,heavy intensity rain,13
Balatongyörök,46.751944,17.354444,2026-06-17 13:48:35.667218,27.82,27.86,27.82,27.82,1018,45,5.39,290,90,11.79,Rain,heavy intensity rain,13
Becehegy,46.776111,17.372778,2026-06-17 13:48:36.934127,26.54,26.54,26.54,26.54,1018,47,5.29,287,94,0.42,Rain,light rain,13
Balatonederics,46.8025,17.385,2026-06-17 13:48:38.202551,26.34,26.34,26.34,26.34,1018,49,5.18,284,96,0.0,Clouds,overcast clouds,13
Dabronc,47.025766,17.167006,2026-06-17 13:48:39.475937,25.43,25.62,25.43,25.43,1018,61,2.68,234,95,0.0,Clouds,overcast clouds,13
Türje,46.994444,17.093611,2026-06-17 13:48:40.741169,25.37,25.53,25.37,25.37,1018,60,1.8,225,98,0.0,Clouds,overcast clouds,13
Zalabér-Batyk,46.983056,17.040833,2026-06-17 13:48:42.013306,25.51,25.34,25.51,25.51,1018,47,0.77,212,100,0.0,Clouds,overcast clouds,13
Pakod,46.959167,16.996667,2026-06-17 13:48:43.285404,25.47,25.3,25.47,25.47,1017,47,0.52,212,100,0.0,Clouds,overcast clouds,13
Pókaszepetk,46.924444,16.972222,2026-06-17 13:48:44.552475,25.48,25.31,25.48,25.48,1018,47,0.41,214,100,0.0,Clouds,overcast clouds,13
Kemendollár,46.905833,16.946667,2026-06-17 13:48:45.829951,25.47,25.3,25.47,25.47,1017,47,0.22,212,100,0.0,Clouds,overcast clouds,13
Zalaegerszeg,46.833056,16.848333,2026-06-17 13:48:47.101775,25.29,25.1,25.29,25.29,1017,47,0.33,243,100,0.0,Clouds,overcast clouds,13
Bocfölde,46.780278,16.853611,2026-06-17 13:48:48.376371,25.35,25.17,25.35,25.35,1018,47,0.55,207,100,0.0,Clouds,overcast clouds,13
Sárhida,46.755833,16.851389,2026-06-17 13:48:49.646394,25.31,25.12,25.31,25.31,1018,47,0.62,214,100,0.0,Clouds,overcast clouds,13
Bak,46.7325,16.849167,2026-06-17 13:48:50.915544,25.32,25.13,25.32,25.32,1018,47,0.6,219,100,0.0,Clouds,overcast clouds,13
Tófej,46.670833,16.801944,2026-06-17 13:48:52.187996,25.17,24.94,25.17,25.17,1018,46,0.57,253,95,0.0,Clouds,overcast clouds,13
Gutorfölde,46.646944,16.739722,2026-06-17 13:48:53.456340,25.18,24.85,25.18,25.18,1017,42,0.95,278,92,0.0,Clouds,overcast clouds,13
Csömödér-Páka,46.608056,16.641111,2026-06-17 13:48:54.723998,30.18,29.9,28.9,30.18,1017,40,1.95,295,86,0.0,Clouds,overcast clouds,13
Iklódbördőce,46.603056,16.604722,2026-06-17 13:48:55.998763,30.18,29.9,28.89,30.18,1017,40,2.54,292,84,0.0,Clouds,broken clouds,13
Lenti,46.621389,16.528611,2026-06-17 13:48:57.262481,30.12,29.95,28.84,30.12,1017,41,3.13,288,82,0.0,Clouds,broken clouds,13
Rédics,46.618056,16.471111,2026-06-17 13:48:58.530380,30.12,30.07,28.83,30.12,1017,42,3.31,288,80,0.0,Clouds,broken clouds,13
Zalalövő,46.845556,16.576389,2026-06-17 13:48:59.799464,25.1,24.66,25.1,25.1,1017,38,3.81,288,94,0.0,Clouds,overcast clouds,13
Zalaegerszeg-Ola,46.849167,16.844722,2026-06-17 13:49:01.064609,25.37,25.19,25.37,25.37,1017,47,0.33,243,100,0.0,Clouds,overcast clouds,13
Andráshida,46.863116,16.7792,2026-06-17 13:49:02.333134,25.33,25.15,25.33,25.33,1017,47,0.6,295,100,0.0,Clouds,overcast clouds,13
Bagod,46.875,16.746111,2026-06-17 13:49:03.612103,25.27,25.08,25.27,25.27,1017,47,1.36,295,100,0.0,Clouds,overcast clouds,13
Zalaszentgyörgy,46.872222,16.7125,2026-06-17 13:49:04.876001,25.27,25.08,25.27,25.27,1017,47,1.82,294,100,0.0,Clouds,overcast clouds,13
Zalacséb-Salomvár,46.858056,16.662222,2026-06-17 13:49:06.145820,25.2,25.0,25.2,25.2,1017,47,2.29,293,100,0.0,Clouds,overcast clouds,13
Kópháza,47.631389,16.6375,2026-06-17 13:49:07.433575,27.88,28.07,27.88,27.88,1017,47,6.21,336,96,0.16,Rain,light rain,13
Nagycenk,47.601111,16.690278,2026-06-17 13:49:08.696856,27.99,28.1,27.99,27.99,1017,46,6.21,337,97,0.44,Rain,light rain,13
Sopronkövesd,47.548333,16.748056,2026-06-17 13:49:09.960169,27.82,27.78,27.82,27.82,1017,44,6.18,339,100,0.0,Clouds,overcast clouds,13
Lövő,47.509444,16.7775,2026-06-17 13:49:11.235125,27.86,27.75,27.86,27.86,1017,43,6.39,340,100,0.0,Clouds,overcast clouds,13
Újkér,47.457778,16.786667,2026-06-17 13:49:12.504166,27.58,27.5,27.58,27.58,1017,43,5.42,336,100,0.0,Clouds,overcast clouds,13
Bük,47.388611,16.752222,2026-06-17 13:49:13.768063,27.66,27.57,27.66,27.66,1017,43,3.06,311,99,0.0,Clouds,overcast clouds,13
Acsád,47.308333,16.734722,2026-06-17 13:49:15.031342,27.4,27.47,27.4,27.4,1017,45,2.35,264,98,0.0,Clouds,overcast clouds,13
Salköveskút-Vassurány,47.291389,16.704167,2026-06-17 13:49:16.295959,27.45,27.51,27.45,27.45,1017,45,2.47,255,99,0.0,Clouds,overcast clouds,13
Zalaszentiván,46.8875,16.909444,2026-06-17 13:49:17.558836,25.45,25.28,25.45,25.45,1017,47,0.09,288,100,0.0,Clouds,overcast clouds,13
Alsónemesapáti,46.854167,16.936389,2026-06-17 13:49:18.832750,25.44,25.27,25.44,25.44,1018,47,0.37,215,100,0.0,Clouds,overcast clouds,13
Józsa,47.600833,21.584444,2026-06-17 13:49:20.102952,22.31,22.16,22.31,22.31,1016,60,2.48,346,95,0.0,Clouds,overcast clouds,13
Hajdúszentgyörgy,47.608056,21.578333,2026-06-17 13:49:21.363732,22.31,22.16,22.31,22.31,1016,60,2.48,346,95,0.0,Clouds,overcast clouds,13
Zelemér,47.627778,21.578333,2026-06-17 13:49:22.632905,22.07,21.95,22.07,22.07,1016,62,2.3,360,90,0.11,Rain,light rain,13
Hajdúböszörmény,47.668056,21.524167,2026-06-17 13:49:23.895316,21.97,21.89,21.97,21.97,1016,64,2.35,37,81,5.45,Rain,heavy intensity rain,13
Hajdúvid,47.749444,21.508056,2026-06-17 13:49:25.165253,21.91,21.91,21.91,21.91,1016,67,2.82,55,75,4.21,Rain,heavy intensity rain,13
Hajdúdorog,47.805556,21.493056,2026-06-17 13:49:26.435458,21.79,21.8,21.79,21.79,1016,68,2.67,51,75,0.48,Rain,light rain,13
Hajdúnánás,47.831944,21.426667,2026-06-17 13:49:27.705661,22.12,22.14,22.12,22.12,1016,67,3.18,48,87,0.0,Clouds,overcast clouds,13
Hajdúnánás-Vásártér,47.843056,21.407222,2026-06-17 13:49:28.976567,22.12,22.14,22.12,22.12,1016,67,3.18,48,87,0.0,Clouds,overcast clouds,13
Tedej,47.903611,21.404444,2026-06-17 13:49:30.250969,23.21,23.39,23.21,23.21,1016,69,2.72,29,96,0.0,Clouds,overcast clouds,13
Tiszavasvári,47.945278,21.374722,2026-06-17 13:49:31.516364,23.21,22.84,23.21,23.21,1016,48,2.84,27,100,0.0,Clouds,overcast clouds,13
Egyházerdő,47.9725,21.365,2026-06-17 13:49:32.784412,23.23,22.86,23.23,23.23,1016,48,2.64,21,100,0.0,Clouds,overcast clouds,13
Tiszalök,48.013056,21.369167,2026-06-17 13:49:34.051581,23.2,22.83,23.2,23.2,1016,48,2.2,11,99,0.0,Clouds,overcast clouds,13
Hajnalos,47.998889,21.414167,2026-06-17 13:49:35.329476,23.21,22.84,23.21,23.21,1016,48,2.27,3,99,0.0,Clouds,overcast clouds,13
Kisfástanya,47.989167,21.47,2026-06-17 13:49:36.599805,23.18,22.81,23.18,23.18,1016,48,2.18,348,97,0.0,Clouds,overcast clouds,13
Tiszaeszlár,48.010556,21.491944,2026-06-17 13:49:37.873601,23.19,22.82,23.19,23.19,1016,48,2.29,323,94,0.0,Clouds,overcast clouds,13
Bashalom,48.026111,21.514722,2026-06-17 13:49:39.136358,23.16,22.78,23.16,23.16,1016,48,2.28,317,92,0.0,Clouds,overcast clouds,13
Sáránd,47.415556,21.625,2026-06-17 13:49:40.403244,24.48,24.24,24.48,24.48,1016,48,5.15,275,79,0.0,Clouds,broken clouds,13
Derecske,47.365,21.584167,2026-06-17 13:49:41.675350,24.97,24.72,24.97,24.97,1016,46,6.04,263,62,0.0,Clouds,broken clouds,13
Derecske-Vásártér,47.352222,21.58,2026-06-17 13:49:42.957974,24.97,24.72,24.97,24.97,1016,46,6.04,263,62,0.0,Clouds,broken clouds,13
Konyár,47.323611,21.666111,2026-06-17 13:49:44.227189,25.01,24.79,25.01,25.01,1016,47,6.2,251,51,0.0,Clouds,broken clouds,13
Konyári Sóstófürdő,47.324167,21.744444,2026-06-17 13:49:45.489916,24.79,24.58,24.79,24.79,1016,48,5.9,247,57,0.0,Clouds,broken clouds,13
Pocsaj-Esztár,47.288333,21.793056,2026-06-17 13:49:46.767059,24.45,24.28,24.45,24.45,1016,51,5.71,238,58,0.0,Clouds,broken clouds,13
Kismarja,47.243889,21.813889,2026-06-17 13:49:48.033010,24.05,23.92,24.05,24.05,1016,54,5.3,229,57,0.0,Clouds,broken clouds,13
Nagykereki,47.191667,21.8,2026-06-17 13:49:49.305239,23.25,23.17,23.25,23.25,1016,59,4.53,213,64,0.0,Clouds,broken clouds,13
Debrecen-Szabadságtelep,47.527778,21.658611,2026-06-17 13:49:50.575313,23.11,22.91,23.11,23.11,1016,55,3.54,307,100,0.0,Clouds,overcast clouds,13
Kondoroskert,47.525556,21.713889,2026-06-17 13:49:51.846691,23.06,22.91,23.06,23.06,1016,57,3.46,293,100,0.0,Clouds,overcast clouds,13
Nagycsere,47.523889,21.763056,2026-06-17 13:49:53.119407,23.0,22.87,23.0,23.0,1016,58,3.36,286,100,0.0,Clouds,overcast clouds,13
Haláp,47.521667,21.818333,2026-06-17 13:49:54.391269,22.88,22.74,22.88,22.88,1016,58,3.27,277,100,0.0,Clouds,overcast clouds,13
Vámospércs,47.518056,21.893889,2026-06-17 13:49:55.667698,22.55,22.48,22.55,22.55,1016,62,3.38,246,100,0.0,Clouds,overcast clouds,13
Szentannapuszta,47.52,21.965833,2026-06-17 13:49:56.948346,22.41,22.38,22.41,22.41,1016,64,3.94,229,100,0.0,Clouds,overcast clouds,13
Nyírábrány,47.523889,22.016944,2026-06-17 13:49:58.218522,22.37,22.33,22.37,22.37,1016,64,4.31,224,100,0.0,Clouds,overcast clouds,13
Dombostanya,47.602778,21.706389,2026-06-17 13:49:59.480890,22.23,22.13,22.23,22.23,1016,62,2.64,328,95,0.0,Clouds,overcast clouds,13
Hajdúsámson,47.608056,21.755278,2026-06-17 13:50:00.748581,22.29,22.19,22.29,22.29,1016,62,2.71,302,97,0.0,Clouds,overcast clouds,13
Tamásipuszta,47.632778,21.796111,2026-06-17 13:50:02.010886,22.11,22.05,22.11,22.11,1016,64,2.63,296,94,0.0,Clouds,overcast clouds,13
Aradványpuszta,47.662778,21.8425,2026-06-17 13:50:03.287382,22.08,22.04,22.08,22.08,1016,65,2.72,290,89,0.0,Clouds,overcast clouds,13
Nyíradony,47.699444,21.903333,2026-06-17 13:50:04.550915,22.38,22.32,22.38,22.38,1016,63,3.32,277,71,0.0,Clouds,broken clouds,13
Nyírmihálydi,47.7375,21.958889,2026-06-17 13:50:05.822140,22.58,22.54,22.58,22.58,1016,63,3.48,274,62,0.0,Clouds,broken clouds,13
Nyírgelse,47.750833,21.987778,2026-06-17 13:50:07.091151,22.74,22.69,22.74,22.74,1016,62,3.48,272,53,0.0,Clouds,broken clouds,13
Nyírbogát,47.793056,22.066389,2026-06-17 13:50:08.359784,23.17,23.11,23.17,23.17,1016,60,2.55,253,41,0.0,Clouds,scattered clouds,13
Nagykálló,47.871111,21.825833,2026-06-17 13:50:09.627019,22.48,22.45,22.48,22.48,1016,64,4.87,261,34,5.62,Rain,heavy intensity rain,13
Kállósemjén,47.854722,21.935,2026-06-17 13:50:10.901594,22.93,22.87,22.93,22.93,1016,61,4.64,263,32,13.32,Rain,heavy intensity rain,13
Nyírbátor,47.8425,22.131111,2026-06-17 13:50:12.162015,23.18,23.12,23.18,23.18,1016,60,2.17,239,40,0.0,Clouds,scattered clouds,13
Nyírcsászári,47.865556,22.179167,2026-06-17 13:50:13.427937,23.17,23.14,23.17,23.17,1016,61,1.83,200,46,0.0,Clouds,scattered clouds,13
Hodász,47.896111,22.213611,2026-06-17 13:50:14.693216,23.0,22.97,23.0,23.0,1016,62,2.19,170,56,0.0,Clouds,broken clouds,13
Nyírmeggyes,47.9225,22.256667,2026-06-17 13:50:15.963221,23.16,23.15,23.16,23.16,1016,62,2.27,165,62,0.0,Clouds,broken clouds,13
Mátészalka,47.951389,22.313333,2026-06-17 13:50:17.237317,23.2,23.19,23.2,23.2,1016,62,2.34,161,64,0.0,Clouds,broken clouds,13
Kocsord,47.941944,22.375833,2026-06-17 13:50:18.503319,22.88,22.95,22.88,22.88,1016,66,3.27,155,64,0.0,Clouds,broken clouds,13
Kocsord alsó,47.946389,22.400556,2026-06-17 13:50:19.775568,22.88,22.95,22.88,22.88,1016,66,3.27,155,64,0.0,Clouds,broken clouds,13
Győrtelek,47.936667,22.424722,2026-06-17 13:50:21.038470,22.77,22.85,22.77,22.77,1016,67,3.45,156,62,0.0,Clouds,broken clouds,13
Győrtelek alsó,47.921111,22.443333,2026-06-17 13:50:22.306857,22.52,22.63,22.52,22.52,1016,69,3.57,158,63,0.0,Clouds,broken clouds,13
Ököritófülpös,47.911389,22.495,2026-06-17 13:50:23.581257,22.4,22.52,22.4,22.4,1016,70,3.63,160,61,0.0,Clouds,broken clouds,13
Porcsalma-Tyukod,47.868056,22.568333,2026-06-17 13:50:24.848995,21.87,22.04,21.87,21.87,1017,74,3.26,168,69,0.0,Clouds,broken clouds,13
Csenger,47.826111,22.666389,2026-06-17 13:50:26.118995,21.63,21.83,21.63,21.63,1017,76,2.98,175,74,0.0,Clouds,broken clouds,13
Kisfái,46.888303,19.807366,2026-06-17 13:50:27.388311,28.25,28.12,28.25,28.25,1017,43,4.15,305,100,0.0,Clouds,overcast clouds,13
Nyárlőrinci szőlők,46.8775,19.828333,2026-06-17 13:50:28.655695,28.25,27.49,28.25,28.25,1017,34,3.81,310,100,0.0,Clouds,overcast clouds,13
Nyárlőrinc alsó,46.863889,19.878889,2026-06-17 13:50:29.933221,28.27,27.51,28.27,28.27,1017,34,3.58,313,100,0.0,Clouds,overcast clouds,13
Tiszaug-Tiszahídfő,46.866106,20.052098,2026-06-17 13:50:31.197964,28.43,28.95,27.81,28.43,1017,50,2.4,332,97,0.0,Clouds,overcast clouds,13
Csongrádi úti tanyák,46.690278,19.921667,2026-06-17 13:50:32.459324,28.38,27.6,28.38,28.38,1017,34,3.01,315,90,0.0,Clouds,overcast clouds,13
Kettőshalom,46.689167,20.0225,2026-06-17 13:50:33.724902,28.41,27.62,28.41,28.41,1017,34,1.8,317,89,0.0,Clouds,overcast clouds,13
Csongrád alsó,46.711389,20.126389,2026-06-17 13:50:34.990007,28.41,29.47,28.41,28.41,1017,55,0.86,317,87,0.0,Clouds,overcast clouds,13
Dónát,46.66988,20.368168,2026-06-17 13:50:36.261197,25.02,24.75,25.02,25.02,1017,45,3.58,198,72,0.0,Clouds,broken clouds,13
Pusztatemplom,46.676667,20.407222,2026-06-17 13:50:37.529540,25.01,24.74,25.01,25.01,1017,45,3.58,198,69,0.0,Clouds,broken clouds,13
Előhát,47.364722,20.653611,2026-06-17 13:50:38.798448,25.0,25.02,25.0,25.0,1016,56,6.37,276,97,5.92,Rain,heavy intensity rain,13
Polgárdi-Tekerespuszta,47.017778,18.297778,2026-06-17 13:50:40.070287,26.96,26.83,26.96,26.96,1017,40,4.41,322,98,0.0,Clouds,overcast clouds,13
Szatina-Kishajmás,46.202778,18.083611,2026-06-17 13:50:41.342166,27.94,27.55,27.94,27.94,1017,39,4.73,285,37,0.0,Clouds,scattered clouds,13
Márok,45.886944,18.499167,2026-06-17 13:50:42.607436,27.61,28.7,27.61,27.61,1017,58,1.34,323,56,1.87,Rain,moderate rain,13
Nagynyárád,45.953333,18.564722,2026-06-17 13:50:43.876232,27.68,28.8,27.68,27.68,1017,58,4.17,258,84,0.0,Clouds,broken clouds,13
Szászvár,46.2875,18.369722222222222,2026-06-17 13:50:45.142775,27.7,27.35,27.7,27.7,1017,39,4.05,313,60,0.0,Clouds,broken clouds,13
Cikó,46.263514,18.557605,2026-06-17 13:50:46.409472,27.8,27.49,27.8,27.8,1017,40,4.29,319,69,0.0,Clouds,broken clouds,13
Gyöngyfa-Magyarmecske,45.983889,17.958889,2026-06-17 13:50:47.676143,27.97,28.08,27.97,27.97,1017,46,3.95,285,29,0.0,Clouds,scattered clouds,13
Nagyhát,47.581389,21.445,2026-06-17 13:50:48.944645,23.11,22.94,23.11,23.11,1016,56,1.95,330,100,8.42,Rain,heavy intensity rain,13
Balmazújváros,47.613889,21.348056,2026-06-17 13:50:50.218911,23.7,23.56,23.7,23.7,1016,55,1.19,332,100,0.12,Rain,light rain,13
Kónya,47.600833,21.2375,2026-06-17 13:50:51.486957,24.55,24.39,24.55,24.55,1015,51,2.64,274,100,0.0,Clouds,overcast clouds,13
Hortobágy,47.586111,21.154722,2026-06-17 13:50:52.756014,25.05,24.86,25.05,25.05,1015,48,4.1,269,100,0.0,Clouds,overcast clouds,13
Hortobágyi Halastó,47.604167,21.074167,2026-06-17 13:50:54.028047,25.29,25.13,25.29,25.29,1015,48,5.02,270,93,0.0,Clouds,overcast clouds,13
Ohat-Pusztakócs,47.623333,20.951111,2026-06-17 13:50:55.296001,25.53,25.37,25.53,25.53,1015,47,6.48,280,82,0.18,Rain,light rain,13
Egyek,47.616944,20.883611,2026-06-17 13:50:56.574786,24.97,24.75,24.97,24.97,1016,47,7.04,282,92,0.0,Clouds,overcast clouds,13
Tiszafüred,47.627778,20.756111,2026-06-17 13:50:57.845997,24.97,24.8,24.97,24.97,1016,49,7.08,284,100,0.0,Clouds,overcast clouds,13
Poroszló,47.657778,20.654444,2026-06-17 13:50:59.116465,24.98,24.84,24.98,24.98,1016,50,6.69,286,100,0.0,Clouds,overcast clouds,13
Kétútköz,47.694167,20.565,2026-06-17 13:51:00.392858,24.95,24.83,24.95,24.95,1016,51,6.1,285,90,0.0,Clouds,overcast clouds,13
Egerfarmos,47.711667,20.5225,2026-06-17 13:51:01.665806,24.93,24.84,24.93,24.93,1016,52,5.61,283,85,0.0,Clouds,overcast clouds,13
Piliscsaba,47.638056,18.829722,2026-06-17 13:51:02.931607,26.42,26.42,26.3,28.12,1017,44,1.34,319,97,0.0,Clouds,overcast clouds,13
Pilisjászfalu,47.656111,18.797778,2026-06-17 13:51:04.199225,26.68,26.87,26.55,28.37,1017,45,3.62,311,96,0.0,Clouds,overcast clouds,13
Leányvár,47.687594,18.772553,2026-06-17 13:51:05.475056,26.72,26.9,26.72,28.54,1017,45,3.72,311,97,0.0,Clouds,overcast clouds,13
Dorog,47.723333,18.732778,2026-06-17 13:51:06.742771,26.94,27.24,26.94,26.94,1017,48,3.85,312,98,0.0,Clouds,overcast clouds,13
Esztergom-Kertváros,47.743333,18.719167,2026-06-17 13:51:08.016425,27.01,27.31,27.01,27.01,1017,48,3.98,311,98,0.0,Clouds,overcast clouds,13
Esztergom,47.7775,18.743611,2026-06-17 13:51:09.285566,27.07,27.24,27.07,27.07,1017,46,4.29,309,99,0.0,Clouds,overcast clouds,13
Dunaalmás,47.733056,18.326389,2026-06-17 13:51:10.557269,26.05,26.05,26.05,26.05,1017,54,3.53,324,93,0.0,Clouds,overcast clouds,13
Neszmély,47.734444,18.345278,2026-06-17 13:51:11.818097,26.05,26.05,26.05,26.05,1017,54,3.53,324,93,0.0,Clouds,overcast clouds,13
Süttő,47.761111,18.455,2026-06-17 13:51:13.086641,25.89,25.94,25.89,25.89,1017,54,3.23,318,95,0.0,Clouds,overcast clouds,13
Piszke,47.75307,18.478017,2026-06-17 13:51:14.355156,25.9,25.93,25.9,25.9,1017,53,3.23,317,95,0.0,Clouds,overcast clouds,13
Lábatlan,47.751944,18.513333,2026-06-17 13:51:15.623572,25.87,25.9,25.87,25.87,1017,53,3.26,316,96,0.0,Clouds,overcast clouds,13
Eternitgyár,47.755544,18.530014,2026-06-17 13:51:16.888636,25.87,25.9,25.87,25.87,1017,53,3.26,316,96,0.0,Clouds,overcast clouds,13
Nyergesújfalu felső,47.762222,18.540556,2026-06-17 13:51:18.163298,25.87,25.9,25.87,25.87,1017,53,3.26,316,96,0.0,Clouds,overcast clouds,13
Nyergesújfalu,47.761111,18.561667,2026-06-17 13:51:19.429457,25.8,25.79,25.8,25.8,1017,52,3.33,315,97,0.0,Clouds,overcast clouds,13
Tokod,47.735,18.675,2026-06-17 13:51:20.697584,27.03,27.38,27.03,27.03,1017,49,3.72,313,97,0.0,Clouds,overcast clouds,13
Környe,47.541667,18.330278,2026-06-17 13:51:21.975648,25.98,25.98,25.98,25.98,1017,50,3.95,330,100,0.0,Clouds,overcast clouds,13
Kecskéd alsó,47.519722,18.316667,2026-06-17 13:51:23.245006,26.13,26.13,26.13,26.13,1017,49,4.43,331,97,0.0,Clouds,overcast clouds,13
Oroszlány,47.486944,18.308611,2026-06-17 13:51:24.520447,26.12,26.12,26.12,26.12,1017,47,4.65,330,94,0.0,Clouds,overcast clouds,13
Győrszabadhegy,47.663056,17.648056,2026-06-17 13:51:25.793797,27.47,27.4,27.47,27.47,1017,43,5.34,322,64,0.0,Clouds,broken clouds,13
Ménfőcsanak felső,47.638333,17.615,2026-06-17 13:51:27.058842,27.62,27.4,27.62,27.62,1017,41,5.74,322,52,0.0,Clouds,broken clouds,13
Gyömöre-Tét,47.501672,17.559596,2026-06-17 13:51:28.339554,27.75,27.27,27.75,27.75,1017,37,7.02,326,22,0.0,Clouds,few clouds,13
Szerecseny,47.469167,17.5475,2026-06-17 13:51:29.610332,27.81,27.32,27.81,27.81,1017,37,7.04,327,26,0.0,Clouds,scattered clouds,13
Gecse-Gyarmat,47.456111,17.515,2026-06-17 13:51:30.881703,27.74,27.26,27.74,27.74,1017,37,7.13,327,26,0.0,Clouds,scattered clouds,13
Vaszar,47.4025,17.496389,2026-06-17 13:51:32.150253,27.94,27.36,27.94,27.94,1017,36,6.9,328,49,0.0,Clouds,scattered clouds,13
Pápa,47.340556,17.458889,2026-06-17 13:51:33.421679,27.99,27.4,27.99,27.99,1017,36,6.36,326,67,0.0,Clouds,broken clouds,13
Mezőlak,47.324722,17.371389,2026-06-17 13:51:34.690336,28.09,27.48,28.09,28.09,1017,36,5.84,319,66,0.0,Clouds,broken clouds,13
Mihályháza,47.318889,17.331667,2026-06-17 13:51:35.962636,28.07,27.53,28.07,28.07,1017,37,5.22,311,70,0.0,Clouds,broken clouds,13
Vinár,47.306667,17.284722,2026-06-17 13:51:37.239296,28.09,27.61,28.09,28.09,1017,38,4.99,307,70,0.0,Clouds,broken clouds,13
Külsővat,47.279167,17.219722,2026-06-17 13:51:38.506620,27.94,27.75,27.94,27.94,1017,42,4.06,287,75,0.0,Clouds,broken clouds,13
Celldömölk,47.261389,17.151944,2026-06-17 13:51:39.785468,27.79,27.9,27.79,27.79,1017,46,3.55,268,83,0.0,Clouds,broken clouds,13
Kemenesmihályfa,47.278056,17.111111,2026-06-17 13:51:41.060799,27.43,27.56,27.43,27.43,1017,46,3.44,276,87,0.0,Clouds,overcast clouds,13
Nagysimonyi,47.265556,17.058889,2026-06-17 13:51:42.334811,27.4,27.74,27.4,27.4,1017,49,3.07,258,95,0.0,Clouds,overcast clouds,13
Ostffyasszonyfa,47.283889,17.023889,2026-06-17 13:51:43.605608,27.52,27.86,27.52,27.52,1017,49,2.93,269,99,0.0,Clouds,overcast clouds,13
Sárvár,47.259167,16.928889,2026-06-17 13:51:44.874900,27.61,27.95,27.61,27.61,1017,49,2.75,252,100,0.63,Rain,light rain,13
Porpác,47.238611,16.8325,2026-06-17 13:51:46.143575,27.62,27.81,27.62,27.62,1017,47,2.77,246,100,0.0,Clouds,overcast clouds,13
Balatonföldvár,46.853889,17.881389,2026-06-17 13:51:47.412086,27.75,26.96,27.75,27.75,1017,31,3.58,225,28,0.0,Clouds,scattered clouds,13
Balatonszárszó,46.832222,17.830278,2026-06-17 13:51:48.685649,27.77,26.98,27.77,27.77,1017,31,4.93,266,25,0.0,Clouds,scattered clouds,13
Balatonszemes,46.811944,17.776389,2026-06-17 13:51:49.958979,27.75,26.96,27.75,27.75,1017,31,5.08,268,30,0.0,Clouds,scattered clouds,13
Balatonlelle felső,46.793889,17.7175,2026-06-17 13:51:51.255728,27.77,26.98,27.77,27.77,1018,31,5.31,273,44,0.0,Clouds,scattered clouds,13
Balatonlelle,46.7875,17.694167,2026-06-17 13:51:52.528833,27.73,28.49,27.73,27.73,1018,54,5.5,275,50,0.0,Clouds,scattered clouds,13
Fonyódliget,46.759167,17.592222,2026-06-17 13:51:53.795470,27.75,28.34,27.75,27.75,1018,52,5.82,280,65,0.0,Clouds,broken clouds,13
Balatonboglár,46.776111,17.647222,2026-06-17 13:51:55.069275,27.75,28.43,27.75,27.75,1018,53,5.7,277,57,0.0,Clouds,broken clouds,13
Balatonfenyves alsó,46.708611,17.455278,2026-06-17 13:51:56.344768,27.78,27.82,27.78,27.78,1018,45,6.11,289,77,77.82,Rain,extreme rain,13
Fonyód,46.750278,17.558889,2026-06-17 13:51:57.607886,27.21,27.62,27.21,27.21,1018,50,6.12,283,76,0.0,Clouds,broken clouds,13
Bélatelep,46.737778,17.535,2026-06-17 13:51:58.874118,27.41,27.68,27.41,27.41,1018,48,6.16,286,77,0.0,Clouds,broken clouds,13
Alsóbélatelep,46.724167,17.516389,2026-06-17 13:52:00.139664,27.41,27.68,27.41,27.41,1018,48,6.16,286,77,0.82,Rain,light rain,13
Balatonfenyves,46.713611,17.482778,2026-06-17 13:52:01.408846,27.61,27.73,27.61,27.61,1018,46,6.15,287,75,19.53,Rain,very heavy rain,13
Máriahullámtelep,46.704722,17.435,2026-06-17 13:52:02.695127,27.78,27.82,27.78,27.78,1018,45,6.11,289,77,95.12,Rain,extreme rain,13
Balatonmáriafürdő,46.704167,17.374722,2026-06-17 13:52:03.962974,28.05,27.92,28.05,28.05,1018,43,5.47,292,80,37.38,Rain,very heavy rain,13
Balatonberény,46.713889,17.316944,2026-06-17 13:52:05.234091,28.03,27.91,28.03,28.03,1018,43,5.13,294,81,13.76,Rain,heavy intensity rain,13
Balatonszentgyörgy,46.692778,17.288889,2026-06-17 13:52:06.497168,28.16,28.03,28.16,28.16,1018,43,4.75,295,76,16.8,Rain,very heavy rain,13
Vörs,46.663611,17.260278,2026-06-17 13:52:07.759971,28.14,28.17,28.14,28.14,1018,45,3.97,297,72,5.35,Rain,heavy intensity rain,13
Zalaszentjakab,46.491667,17.135278,2026-06-17 13:52:09.046244,27.52,28.25,27.52,27.52,1018,54,2.13,309,62,0.0,Clouds,broken clouds,13
Nagykanizsa,46.440833,16.986667,2026-06-17 13:52:10.310227,28.05,28.51,28.05,28.05,1018,50,1.65,353,67,0.0,Clouds,broken clouds,13
Murakeresztúr,46.363889,16.876944,2026-06-17 13:52:11.577970,28.49,28.53,28.49,28.49,1017,45,2.27,350,71,0.0,Clouds,broken clouds,13
Zalakomár,46.530278,17.188056,2026-06-17 13:52:12.850950,27.65,28.23,27.65,27.65,1018,52,2.62,302,60,0.1,Rain,light rain,13
Szárazrét,47.200833,18.381111,2026-06-17 13:52:14.121074,27.2,26.76,27.2,27.2,1017,35,5.8,325,67,0.0,Clouds,broken clouds,13
Bodajk,47.318333,18.251944,2026-06-17 13:52:15.390322,27.09,26.73,27.09,27.09,1017,36,6.2,320,48,0.0,Clouds,scattered clouds,13
Csókakő,47.3275,18.240556,2026-06-17 13:52:16.671460,26.7,26.52,26.7,26.7,1017,37,6.11,321,51,0.0,Clouds,broken clouds,13
Mór,47.369167,18.189167,2026-06-17 13:52:17.942445,26.83,26.69,26.83,26.83,1017,39,6.3,321,42,0.0,Clouds,scattered clouds,13
Bakonysárkány,47.443611,18.103611,2026-06-17 13:52:19.213189,26.42,26.42,26.42,26.42,1017,41,6.18,328,38,0.0,Clouds,scattered clouds,13
Kisbér,47.494167,18.024722,2026-06-17 13:52:20.483608,26.83,26.79,26.83,26.83,1017,41,6.13,332,21,0.0,Clouds,few clouds,13
Nagyigmánd-Bábolna,47.630556,18.050833,2026-06-17 13:52:21.752055,26.76,27.04,26.76,26.76,1017,47,4.9,334,56,0.0,Clouds,broken clouds,13
Budapest-Déli,47.498889,19.025,2026-06-17 13:52:23.023609,27.52,27.38,26.56,28.76,1017,42,2.68,341,97,0.0,Clouds,overcast clouds,13
Budapest-Kelenföld,47.464444,19.02,2026-06-17 13:52:24.291854,27.62,27.47,26.67,28.86,1017,42,2.24,331,97,0.0,Clouds,overcast clouds,13
Budaörs,47.4475,18.965,2026-06-17 13:52:25.566790,27.19,27.11,26.58,28.77,1017,42,2.24,331,96,0.0,Clouds,overcast clouds,13
Biatorbágy,47.480278,18.834444,2026-06-17 13:52:26.832977,26.52,26.52,26.23,28.42,1017,44,3.28,318,95,0.0,Clouds,overcast clouds,13
Herceghalom,47.493611,18.746111,2026-06-17 13:52:28.102043,26.78,26.95,26.48,28.68,1017,45,3.01,319,94,0.0,Clouds,overcast clouds,13
Bicske,47.484167,18.6175,2026-06-17 13:52:29.369693,26.66,26.66,26.28,26.66,1017,53,2.6,326,93,0.0,Clouds,overcast clouds,13
Szár,47.485,18.5275,2026-06-17 13:52:30.634314,26.45,26.45,26.45,26.45,1017,50,2.77,328,94,0.0,Clouds,overcast clouds,13
Szárliget,47.518333,18.495833,2026-06-17 13:52:31.904029,25.33,25.25,25.33,25.33,1017,51,2.72,327,95,0.0,Clouds,overcast clouds,13
Alsógalla,47.563337,18.425102,2026-06-17 13:52:33.170446,25.82,25.82,25.82,25.82,1017,52,3.22,328,100,0.0,Clouds,overcast clouds,13
Tatabánya,47.585556,18.393056,2026-06-17 13:52:34.436943,25.92,25.93,25.92,25.92,1017,52,3.44,329,100,0.0,Clouds,overcast clouds,13
Vértesszőlős,47.619444,18.375278,2026-06-17 13:52:35.706807,25.92,25.95,25.92,25.92,1017,53,3.42,328,100,0.0,Clouds,overcast clouds,13
Tóvároskert,47.646111,18.348611,2026-06-17 13:52:36.977960,25.97,25.97,25.97,25.97,1017,54,3.63,328,99,0.0,Clouds,overcast clouds,13
Tata,47.665,18.3275,2026-06-17 13:52:38.246551,25.95,25.95,25.95,25.95,1017,54,3.59,327,97,0.0,Clouds,overcast clouds,13
Almásfüzitő,47.725278,18.262222,2026-06-17 13:52:39.518260,26.18,26.18,26.18,26.18,1017,54,3.73,326,92,0.0,Clouds,overcast clouds,13
Almásfüzitő felső,47.731389,18.216389,2026-06-17 13:52:40.788139,26.27,26.27,26.27,26.27,1017,53,3.83,328,90,0.0,Clouds,overcast clouds,13
Szőny,47.735556,18.1775,2026-06-17 13:52:42.055750,26.37,26.37,26.37,26.37,1017,52,3.87,328,90,0.0,Clouds,overcast clouds,13
Komárom,47.749444,18.113611,2026-06-17 13:52:43.324384,26.54,26.54,26.54,26.54,1017,51,3.74,328,92,0.0,Clouds,overcast clouds,13
Ács,47.717222,18.004444,2026-06-17 13:52:44.593360,26.76,27.14,26.76,26.76,1017,49,3.88,329,87,0.0,Clouds,overcast clouds,13
Nagyszentjános,47.705556,17.871389,2026-06-17 13:52:45.860572,27.04,27.22,27.04,27.04,1017,46,4.25,328,79,0.0,Clouds,broken clouds,13
Győrszentiván,47.688611,17.745556,2026-06-17 13:52:47.131398,27.25,27.28,27.25,27.25,1017,44,4.79,326,71,0.0,Clouds,broken clouds,13
Győr-Gyárváros,47.684444,17.663889,2026-06-17 13:52:48.409113,27.44,27.38,27.44,27.44,1017,43,5.19,323,66,0.0,Clouds,broken clouds,13
Győr,47.681944,17.634722,2026-06-17 13:52:49.671791,27.47,27.4,27.47,27.47,1017,43,5.34,322,64,0.0,Clouds,broken clouds,13
Öttevény,47.719722,17.489167,2026-06-17 13:52:50.944714,27.61,27.52,27.61,27.61,1017,43,5.65,317,76,0.0,Clouds,broken clouds,13
Lébény-Mosonszentmiklós,47.755278,17.426389,2026-06-17 13:52:52.212052,27.64,27.62,27.64,27.64,1017,44,5.72,313,81,0.0,Clouds,broken clouds,13
Kimle-Károlyháza,47.803889,17.342778,2026-06-17 13:52:53.480344,27.65,27.7,27.65,27.65,1017,45,5.74,308,85,0.0,Clouds,overcast clouds,13
Mosonmagyaróvár,47.849722,17.267222,2026-06-17 13:52:54.748072,29.48,29.91,29.48,30.05,1017,47,5.96,302,85,0.0,Clouds,overcast clouds,13
Levél,47.889722,17.1925,2026-06-17 13:52:56.012096,29.64,30.11,28.3,30.02,1017,47,6.07,301,86,0.0,Clouds,overcast clouds,13
Hegyeshalom,47.913889,17.145556,2026-06-17 13:52:57.288877,29.59,30.05,28.27,29.99,1017,47,6.22,301,86,0.0,Clouds,overcast clouds,13
Óbuda,47.568611,19.033889,2026-06-17 13:52:58.559304,28.72,28.41,26.71,28.9,1017,41,2.68,341,97,0.0,Clouds,overcast clouds,13
Üröm,47.580556,19.002222,2026-06-17 13:52:59.844758,28.18,28.05,26.6,28.8,1017,43,2.68,341,97,0.0,Clouds,overcast clouds,13
Solymár,47.596111,18.95,2026-06-17 13:53:01.112796,27.09,27.14,26.42,28.62,1017,44,2.68,341,97,0.0,Clouds,overcast clouds,13
Pilisvörösvár,47.614444,18.902222,2026-06-17 13:53:02.375883,26.58,26.58,26.06,28.26,1017,44,1.34,325,97,0.0,Clouds,overcast clouds,13
Klotildliget,47.637778,18.846389,2026-06-17 13:53:03.653622,26.28,26.28,25.8,27.99,1017,44,1.34,325,97,0.0,Clouds,overcast clouds,13
Kútvölgy,46.459444,20.451944,2026-06-17 13:53:04.927773,25.01,24.87,25.01,25.01,1017,50,5.0,260,71,0.0,Clouds,broken clouds,13
Székkutas,46.503889,20.541111,2026-06-17 13:53:06.209281,24.99,24.8,24.99,24.99,1017,48,5.52,261,60,0.0,Clouds,broken clouds,13
Kaposszentjakab,46.358056,17.821944,2026-06-17 13:53:07.483841,27.24,27.39,27.24,27.24,1017,46,3.86,293,42,0.0,Clouds,scattered clouds,13
Kaposvár,46.352778,17.795,2026-06-17 13:53:08.752016,27.23,27.32,27.23,27.23,1017,45,3.87,291,40,0.0,Clouds,scattered clouds,13
Kaposújlak,46.366667,17.715,2026-06-17 13:53:10.024086,27.75,27.58,27.75,27.75,1017,42,4.1,287,28,0.0,Clouds,scattered clouds,13
Kaposmérő,46.365278,17.698889,2026-06-17 13:53:11.296110,27.84,27.66,27.84,27.84,1017,42,4.21,285,23,0.0,Clouds,few clouds,13
Kaposfő,46.364167,17.656667,2026-06-17 13:53:12.565400,27.93,27.67,27.93,27.93,1017,41,4.3,284,18,0.0,Clouds,few clouds,13
Kiskorpád,46.361389,17.606667,2026-06-17 13:53:13.833049,27.96,27.63,27.96,27.96,1017,40,4.36,283,14,0.0,Clouds,few clouds,13
Jákó-Nagybajom,46.344444,17.554444,2026-06-17 13:53:15.105236,28.08,27.8,28.08,28.08,1017,41,4.28,282,11,0.0,Clouds,few clouds,13
Kutas,46.326111,17.453889,2026-06-17 13:53:16.373187,27.97,28.0,27.97,27.97,1017,45,3.66,284,23,0.0,Clouds,few clouds,13
Beleg,46.316944,17.420556,2026-06-17 13:53:17.644751,27.68,28.02,27.68,27.68,1017,49,2.75,291,42,0.0,Clouds,scattered clouds,13
Ötvöskónyi,46.292778,17.358056,2026-06-17 13:53:18.926013,27.56,28.13,27.56,27.56,1018,52,2.19,299,53,0.0,Clouds,broken clouds,13
Somogyszob,46.289167,17.305556,2026-06-17 13:53:20.196902,27.24,28.08,27.24,27.24,1018,56,1.47,317,73,0.0,Clouds,broken clouds,13
Bolhás,46.282222,17.275278,2026-06-17 13:53:21.469615,27.05,28.0,27.05,27.05,1018,58,1.07,356,90,0.0,Clouds,overcast clouds,13
Szenta,46.274167,17.182222,2026-06-17 13:53:22.742414,27.11,28.15,27.11,27.11,1018,59,1.29,37,100,0.0,Clouds,overcast clouds,13
Zrínyitelep,46.275278,17.138056,2026-06-17 13:53:24.007889,27.17,28.22,27.17,27.17,1018,59,1.51,47,100,0.0,Clouds,overcast clouds,13
Csurgó,46.261111,17.091667,2026-06-17 13:53:25.282585,27.46,28.51,27.46,27.46,1018,58,1.7,55,100,0.0,Clouds,overcast clouds,13
Gyékényes,46.249167,16.956389,2026-06-17 13:53:26.557788,27.92,28.45,27.92,27.92,1017,51,1.68,33,93,0.0,Clouds,overcast clouds,13
Adony,47.106111,18.847778,2026-06-17 13:53:27.829757,26.66,26.66,26.66,26.66,1016,38,4.21,321,100,0.0,Clouds,overcast clouds,13
Kulcs,47.051111,18.8975,2026-06-17 13:53:29.110233,26.37,26.37,26.37,26.37,1016,38,3.25,306,100,0.0,Clouds,overcast clouds,13
Rácalmás,47.023333,18.908889,2026-06-17 13:53:30.378204,26.36,26.36,26.36,26.36,1016,38,3.25,302,100,0.0,Clouds,overcast clouds,13
Dunaújváros,46.960556,18.913889,2026-06-17 13:53:31.648850,26.48,26.48,26.48,26.48,1016,38,3.31,296,98,0.0,Clouds,overcast clouds,13
Újvenyim,46.936944,18.868889,2026-06-17 13:53:32.926027,26.66,26.66,26.66,26.66,1017,38,3.5,297,97,0.0,Clouds,overcast clouds,13
Mezőfalva,46.905556,18.810278,2026-06-17 13:53:34.212231,26.67,26.59,26.67,26.67,1017,39,3.45,298,99,0.0,Clouds,overcast clouds,13
Nagykarácsony felső,46.866047,18.783064,2026-06-17 13:53:35.481187,26.73,26.67,26.73,26.73,1017,40,3.36,293,98,0.0,Clouds,overcast clouds,13
Nagykarácsony,46.848729,18.765722,2026-06-17 13:53:36.748136,26.47,26.47,26.47,26.47,1017,41,3.24,293,100,0.0,Clouds,overcast clouds,13
Alap,46.831944,18.657778,2026-06-17 13:53:38.029580,26.56,26.56,26.56,26.56,1017,44,2.87,299,100,0.0,Clouds,overcast clouds,13
Cece,46.773333,18.623333,2026-06-17 13:53:39.299351,26.53,26.53,26.53,26.53,1017,45,2.98,298,100,0.0,Clouds,overcast clouds,13
Vajta,46.713611,18.648056,2026-06-17 13:53:40.573439,26.7,26.79,26.7,26.7,1017,43,3.56,298,99,0.0,Clouds,overcast clouds,13
Rétszilas alsó,46.829167,18.639444,2026-06-17 13:53:41.842687,26.56,26.56,26.56,26.56,1017,44,2.87,299,100,0.0,Clouds,overcast clouds,13
Nagydorog,46.615485,18.65002,2026-06-17 13:53:43.119190,27.23,27.03,27.23,27.23,1017,40,4.51,300,83,0.0,Clouds,broken clouds,13
Tengelic,46.516111,18.695278,2026-06-17 13:53:44.386656,27.94,27.36,27.94,27.94,1017,36,5.63,307,70,0.0,Clouds,broken clouds,13
Fácánkert,46.449041,18.735661,2026-06-17 13:53:45.657768,28.36,27.64,28.36,28.36,1017,35,6.01,313,71,0.0,Clouds,broken clouds,13
Tolna-Mözs,46.416389,18.750556,2026-06-17 13:53:46.930294,28.4,27.68,28.4,28.4,1017,35,5.98,316,80,0.0,Clouds,broken clouds,13
Szekszárd-Palánk,46.38027777777778,18.72833333333333,2026-06-17 13:53:48.195961,28.5,27.76,28.5,28.5,1017,35,5.94,317,70,0.0,Clouds,broken clouds,13
Szekszárd,46.349444,18.7125,2026-06-17 13:53:49.467542,28.48,27.74,28.48,28.48,1017,35,5.82,319,71,0.0,Clouds,broken clouds,13
Őcsény,46.318889,18.7425,2026-06-17 13:53:50.739939,28.32,27.74,28.32,28.32,1017,37,5.36,321,80,0.0,Clouds,broken clouds,13
Decs,46.283889,18.756111,2026-06-17 13:53:52.004831,28.23,27.73,28.23,28.23,1017,38,5.09,321,81,0.0,Clouds,broken clouds,13
Csikóstőttős,46.337222,18.152778,2026-06-17 13:53:53.269408,27.85,27.6,27.85,27.85,1017,41,4.51,300,51,0.0,Clouds,broken clouds,13
Mágocs-Alsómocsolád,46.31027777777778,18.222222222222225,2026-06-17 13:53:54.542023,27.53,27.21,27.53,27.53,1017,39,4.36,302,55,0.0,Clouds,broken clouds,13
Szalatnak,46.284444444444446,18.288611111111113,2026-06-17 13:53:55.820226,27.78,27.41,27.78,27.78,1017,39,4.04,308,59,0.0,Clouds,broken clouds,13
Máza-Szászvár,46.279167,18.411389,2026-06-17 13:53:57.087752,27.76,27.4,27.76,27.76,1017,39,4.09,315,60,0.0,Clouds,broken clouds,13
Váralja,46.281667,18.436111,2026-06-17 13:53:58.357098,27.85,27.47,27.85,27.85,1017,39,4.24,318,60,0.0,Clouds,broken clouds,13
Nagymányok,46.280278,18.459167,2026-06-17 13:53:59.627060,27.85,27.47,27.85,27.85,1017,39,4.24,318,60,0.0,Clouds,broken clouds,13
Hidas-Bonyhád,46.269444,18.523333,2026-06-17 13:54:00.893618,27.82,27.45,27.82,27.82,1017,39,4.44,320,62,0.0,Clouds,broken clouds,13
Mőcsény,46.2575,18.591944,2026-06-17 13:54:02.162312,27.47,27.22,27.47,27.47,1017,40,4.52,319,72,0.0,Clouds,broken clouds,13
Bátaszék,46.202222,18.715556,2026-06-17 13:54:03.430453,27.78,27.67,27.78,27.78,1017,43,4.08,314,84,0.0,Clouds,broken clouds,13
Pörböly,46.199167,18.826389,2026-06-17 13:54:04.700161,27.79,27.62,27.79,27.79,1017,42,4.06,318,86,0.0,Clouds,overcast clouds,13
Orosháza,46.566111,20.664722,2026-06-17 13:54:05.972478,26.02,26.02,26.02,26.02,1017,44,5.77,265,55,0.0,Clouds,broken clouds,13
Orosházi tanyák,46.596944,20.760556,2026-06-17 13:54:07.249120,28.3,28.01,28.3,28.3,1017,41,5.27,267,60,0.0,Clouds,broken clouds,13
Csorvás,46.623611,20.840833,2026-06-17 13:54:08.519643,28.28,27.99,28.28,28.28,1017,41,4.84,267,62,0.0,Clouds,broken clouds,13
Csorvás alsó,46.634722,20.888333,2026-06-17 13:54:09.796690,28.3,27.66,28.3,28.3,1017,36,4.66,265,62,0.0,Clouds,broken clouds,13
Telekgerendás,46.656111,20.963889,2026-06-17 13:54:11.061109,28.3,27.66,28.3,28.3,1017,36,4.25,260,58,0.0,Clouds,broken clouds,13
Fürjes,46.67214,21.02306,2026-06-17 13:54:12.328804,28.3,27.66,28.3,28.3,1017,36,1.79,333,55,0.0,Clouds,broken clouds,13
Fényes,46.659876,21.16618,2026-06-17 13:54:13.600266,28.33,27.68,28.33,28.33,1017,36,1.79,333,61,0.0,Clouds,broken clouds,13
Bicere,46.66,21.179444,2026-06-17 13:54:14.873127,28.32,27.67,28.32,28.32,1017,36,1.79,333,62,0.0,Clouds,broken clouds,13
Gyula,46.656389,21.273333,2026-06-17 13:54:16.150822,28.31,27.67,28.31,28.31,1017,36,4.78,251,64,0.0,Clouds,broken clouds,13
József Szanatórium,46.704722,21.3325,2026-06-17 13:54:17.421262,28.3,27.66,28.3,28.3,1017,36,5.11,252,68,0.0,Clouds,broken clouds,13
Sarkadi Cukorgyár,46.73,21.383611,2026-06-17 13:54:18.702933,28.31,27.67,28.31,28.31,1017,36,4.97,255,70,0.0,Clouds,broken clouds,13
Sarkad,46.736944,21.402222,2026-06-17 13:54:19.968188,28.3,28.33,28.3,28.3,1017,45,4.97,257,70,0.0,Clouds,broken clouds,13
Kötegyán,46.758333,21.479722,2026-06-17 13:54:21.248332,28.3,28.51,28.3,28.3,1017,47,4.39,263,73,0.0,Clouds,broken clouds,13
Méhkerék,46.774444,21.455556,2026-06-17 13:54:22.517990,28.3,28.7,28.3,28.3,1017,49,3.75,259,78,0.0,Clouds,broken clouds,13
Sarkadkeresztúr,46.823611,21.4175,2026-06-17 13:54:23.784772,28.32,28.82,28.32,28.32,1017,50,3.06,255,83,0.0,Clouds,broken clouds,13
Okány,46.8925,21.339167,2026-06-17 13:54:25.059478,28.32,29.23,28.32,28.32,1017,54,1.25,258,96,0.0,Clouds,overcast clouds,13
Újszeged,46.242222,20.16,2026-06-17 13:54:26.326087,25.08,25.21,25.08,25.08,1017,60,0.88,170,68,0.0,Clouds,broken clouds,13
Szőreg,46.211389,20.183056,2026-06-17 13:54:27.595779,25.07,25.17,25.07,25.07,1017,59,0.35,257,56,0.0,Clouds,broken clouds,13
Deszk,46.210278,20.246389,2026-06-17 13:54:28.860586,25.08,25.16,25.08,25.08,1017,58,2.0,288,53,0.0,Clouds,broken clouds,13
Kiszombor,46.191944,20.413056,2026-06-17 13:54:30.132063,24.67,24.52,24.67,24.67,1017,51,5.71,290,56,0.0,Clouds,broken clouds,13
Kiszombor megálló,46.191111,20.430833,2026-06-17 13:54:31.402038,24.67,24.52,24.67,24.67,1017,51,5.71,290,56,0.0,Clouds,broken clouds,13
Makó,46.204722,20.474722,2026-06-17 13:54:32.679940,24.99,24.85,24.99,24.99,1017,50,6.31,290,57,0.0,Clouds,broken clouds,13
Apátfalva,46.175193,20.580611,2026-06-17 13:54:33.959013,26.21,26.21,26.21,26.21,1017,45,7.51,289,61,0.0,Clouds,broken clouds,13
Magyarcsanád,46.174444,20.610278,2026-06-17 13:54:35.227849,26.33,26.33,26.33,26.33,1017,44,7.44,288,62,0.0,Clouds,broken clouds,13
Nagylak,46.17,20.708333,2026-06-17 13:54:36.500426,27.32,27.34,27.32,27.32,1017,44,6.08,284,66,0.0,Clouds,broken clouds,13
Nagylaki Kendergyár,46.189167,20.717222,2026-06-17 13:54:37.778892,27.31,27.27,27.31,27.31,1017,43,6.3,284,62,0.0,Clouds,broken clouds,13
Csanádpalota,46.236111,20.7325,2026-06-17 13:54:39.069942,27.3,27.26,27.3,27.3,1017,43,6.45,283,59,0.0,Clouds,broken clouds,13
Mezőhegyes,46.310833,20.815556,2026-06-17 13:54:40.337670,27.24,27.15,27.24,27.24,1017,42,5.74,278,52,0.0,Clouds,broken clouds,13
Végegyháza,46.384444,20.878611,2026-06-17 13:54:41.608822,27.26,27.11,27.26,27.26,1017,41,4.8,271,56,0.0,Clouds,broken clouds,13
Mezőkovácsháza,46.408333,20.9,2026-06-17 13:54:42.883082,27.26,27.11,27.26,27.26,1017,41,4.78,269,57,0.0,Clouds,broken clouds,13
Mezőkovácsháza felső,46.415556,20.918056,2026-06-17 13:54:44.156983,27.27,27.18,27.27,27.27,1017,42,3.96,269,64,0.0,Clouds,broken clouds,13
Magyarbánhegyes,46.451389,20.97,2026-06-17 13:54:45.431050,28.27,28.14,28.27,28.27,1017,43,3.63,267,68,0.0,Clouds,broken clouds,13
Medgyesegyháza,46.495278,21.029167,2026-06-17 13:54:46.699910,28.25,28.2,28.25,28.25,1017,44,3.25,263,72,0.0,Clouds,broken clouds,13
Bánkút,46.505278,21.091944,2026-06-17 13:54:47.980001,28.27,27.63,28.27,28.27,1017,36,2.97,264,73,0.0,Clouds,broken clouds,13
Belsőperegpuszta,46.321111,20.916667,2026-06-17 13:54:49.245015,27.24,27.21,27.24,27.24,1017,43,3.81,279,58,0.0,Clouds,broken clouds,13
Battonya,46.282222,21.003889,2026-06-17 13:54:50.515669,27.2,32.57,25.04,27.28,1017,100,3.02,283,60,0.0,Clouds,broken clouds,13
Baja-Dunafürdő,46.193333,18.919167,2026-06-17 13:54:51.797125,27.61,27.4,27.61,27.61,1017,41,3.94,324,89,0.0,Clouds,overcast clouds,13
Kaposszekcső,46.330556,18.143056,2026-06-17 13:54:53.063664,27.85,27.6,27.85,27.85,1017,41,4.51,300,51,0.0,Clouds,broken clouds,13
Vásárosdombó,46.310556,18.138889,2026-06-17 13:54:54.335729,27.89,27.57,27.89,27.89,1017,40,4.41,298,51,0.0,Clouds,broken clouds,13
Sásd,46.257222,18.104722,2026-06-17 13:54:55.611808,28.02,27.61,28.02,28.02,1017,39,4.41,292,47,0.0,Clouds,scattered clouds,13
Godisa,46.223333,18.104722,2026-06-17 13:54:56.885012,27.84,27.46,27.84,27.84,1017,39,4.41,289,45,0.0,Clouds,scattered clouds,13
Abaliget,46.152778,18.073611,2026-06-17 13:54:58.153419,27.81,27.5,27.81,27.81,1017,40,4.66,283,34,0.0,Clouds,scattered clouds,13
Hetvehely,46.128333,18.045,2026-06-17 13:54:59.425410,27.98,27.72,27.98,27.98,1017,41,4.67,282,32,0.0,Clouds,scattered clouds,13
Bükkösd,46.113056,17.999444,2026-06-17 13:55:00.705399,27.92,27.66,27.92,27.92,1017,41,4.74,282,32,0.0,Clouds,scattered clouds,13
Cserdi-Helesfa,46.086667,17.987778,2026-06-17 13:55:01.977478,27.85,27.67,27.85,27.85,1017,42,4.59,283,31,0.0,Clouds,scattered clouds,13
Szentlőrinc,46.033333,17.990833,2026-06-17 13:55:03.243530,28.07,28.02,28.07,28.07,1017,44,4.28,283,30,0.0,Clouds,scattered clouds,13
Bicsérd,46.041389,18.057778,2026-06-17 13:55:04.516443,27.85,27.81,27.85,27.85,1017,44,4.31,281,25,0.0,Clouds,scattered clouds,13
Mecsekalja-Cserkút,46.059722,18.150278,2026-06-17 13:55:05.786115,27.09,27.14,27.09,27.09,1017,44,4.21,279,24,0.0,Clouds,few clouds,13
Pécs,46.065833,18.223611,2026-06-17 13:55:07.057563,27.6,27.65,27.6,27.6,1017,45,4.04,277,27,0.0,Clouds,scattered clouds,13
Pécs-Külváros,46.071667,18.24,2026-06-17 13:55:08.325549,27.58,27.63,27.58,27.58,1017,45,4.04,277,27,0.0,Clouds,scattered clouds,13
Pécsbánya-Rendező,46.063333,18.270278,2026-06-17 13:55:09.594282,27.42,27.55,27.42,27.42,1017,46,3.89,275,35,0.0,Clouds,scattered clouds,13
Pécsudvard,46.01,18.275556,2026-06-17 13:55:10.865030,27.35,27.55,27.35,27.35,1017,47,4.13,271,25,0.0,Clouds,scattered clouds,13
Szőkéd,45.9675,18.29,2026-06-17 13:55:12.142771,27.53,28.6,27.53,27.53,1017,58,4.28,268,25,0.0,Clouds,scattered clouds,13
Áta,45.936389,18.306944,2026-06-17 13:55:13.415178,27.64,28.74,27.64,27.64,1017,58,4.29,269,23,0.0,Clouds,few clouds,13
Kistótfalu,45.909722,18.315278,2026-06-17 13:55:14.689645,27.68,28.8,27.68,27.68,1017,58,4.24,270,21,0.0,Clouds,few clouds,13
Vokány,45.899722,18.334722,2026-06-17 13:55:15.958825,27.64,28.74,27.64,27.64,1017,58,4.27,269,28,0.0,Clouds,scattered clouds,13
Palkonya,45.891667,18.393889,2026-06-17 13:55:17.231429,27.66,28.77,27.66,27.66,1017,58,1.34,323,32,0.0,Clouds,scattered clouds,13
Villánykövesd,45.879722,18.425833,2026-06-17 13:55:18.499318,27.62,28.72,27.62,27.62,1017,58,1.34,323,39,0.0,Clouds,scattered clouds,13
Villány,45.8775,18.451389,2026-06-17 13:55:19.766682,27.75,28.89,27.75,27.75,1017,58,1.34,323,51,0.0,Clouds,broken clouds,13
Magyarbóly,45.834167,18.491944,2026-06-17 13:55:21.038034,27.8,28.96,27.8,27.8,1017,58,1.34,323,41,0.13,Rain,light rain,13
Magyarszék,46.210278,18.188056,2026-06-17 13:55:22.310081,27.7,27.41,27.7,27.7,1017,40,4.04,290,48,0.0,Clouds,scattered clouds,13
Mecsekpölöske,46.224167,18.213056,2026-06-17 13:55:23.580917,27.37,27.14,27.37,27.37,1017,40,3.94,295,54,0.0,Clouds,broken clouds,13
Mecsekjánosi,46.215278,18.241944,2026-06-17 13:55:24.852240,27.18,27.0,27.18,27.18,1017,40,3.71,300,59,0.0,Clouds,broken clouds,13
Komló,46.189167,18.265278,2026-06-17 13:55:26.120319,27.31,27.15,27.31,27.31,1017,41,3.61,296,57,0.0,Clouds,broken clouds,13
Királyegyháza-Rigópuszta,45.989167,17.971667,2026-06-17 13:55:27.394395,27.9,28.01,27.9,27.9,1017,46,4.03,283,27,0.0,Clouds,scattered clouds,13
Sumony,45.960833,17.913333,2026-06-17 13:55:28.670968,27.99,28.1,27.99,27.99,1017,46,3.58,289,30,0.0,Clouds,scattered clouds,13
Okorág-Kárászpuszta,45.933611,17.864444,2026-06-17 13:55:29.948709,28.0,28.19,28.0,28.0,1018,47,3.31,292,28,0.0,Clouds,scattered clouds,13
Kákics,45.904167,17.8525,2026-06-17 13:55:31.219087,27.97,28.16,27.97,27.97,1018,47,3.05,295,25,0.0,Clouds,scattered clouds,13
Bóly,45.9375,18.538333,2026-06-17 13:55:32.500396,27.57,28.65,27.57,27.57,1017,58,1.34,323,74,0.0,Clouds,broken clouds,13
Mohács,46.0025,18.683333,2026-06-17 13:55:33.764124,27.84,28.44,27.84,27.84,1017,52,3.49,262,90,0.0,Clouds,overcast clouds,13
Sellye,45.873333,17.858889,2026-06-17 13:55:35.039893,27.91,28.1,27.91,27.91,1018,47,3.06,293,22,0.0,Clouds,few clouds,13
Toponár,46.398333,17.840833,2026-06-17 13:55:36.315549,26.89,27.14,26.89,26.89,1017,47,3.59,296,46,0.0,Clouds,scattered clouds,13
Somogyaszaló,46.453611,17.840278,2026-06-17 13:55:37.584050,26.29,26.29,26.29,26.29,1017,50,3.13,304,54,0.0,Clouds,broken clouds,13
Mernye,46.509444,17.832222,2026-06-17 13:55:38.851948,25.92,25.98,25.92,25.92,1018,54,2.78,304,57,0.0,Clouds,broken clouds,13
Felsőmocsolád,46.556389,17.8225,2026-06-17 13:55:40.119732,25.7,25.76,25.7,25.7,1018,55,2.79,300,56,0.0,Clouds,broken clouds,13
Kisbárapáti,46.615,17.866667,2026-06-17 13:55:41.387059,25.52,25.59,25.52,25.52,1018,56,3.29,279,45,0.0,Clouds,scattered clouds,13
Bonnya,46.611389,17.909167,2026-06-17 13:55:42.655052,25.73,25.85,25.73,25.73,1018,57,3.06,285,46,0.0,Clouds,scattered clouds,13
Andocs,46.646944,17.8925,2026-06-17 13:55:43.929136,25.4,25.46,25.4,25.4,1018,56,3.65,274,41,0.0,Clouds,scattered clouds,13
Karád,46.681111,17.874722,2026-06-17 13:55:45.197333,27.47,28.27,27.47,27.47,1018,55,4.02,269,37,0.0,Clouds,scattered clouds,13
Somogymeggyes,46.720556,17.920556,2026-06-17 13:55:46.470958,27.05,27.59,27.05,27.05,1017,52,4.75,263,27,0.0,Clouds,scattered clouds,13
Kapoly,46.713611,17.977778,2026-06-17 13:55:47.741264,27.33,27.67,27.33,27.33,1017,49,4.92,264,20,0.0,Clouds,few clouds,13
Tab,46.734167,18.041111,2026-06-17 13:55:49.005120,27.49,27.62,27.49,27.49,1017,46,5.29,264,18,0.0,Clouds,few clouds,13
Bábonymegyer,46.746095,18.109921,2026-06-17 13:55:50.275861,27.6,27.39,27.6,27.6,1017,41,5.72,270,12,0.0,Clouds,few clouds,13
Daránypuszta,46.764722,18.143889,2026-06-17 13:55:51.544838,27.62,27.34,27.62,27.62,1017,40,5.74,273,16,0.0,Clouds,few clouds,13
Som-Nagyberény,46.803056,18.149444,2026-06-17 13:55:52.813337,27.61,27.34,27.61,27.61,1017,40,5.35,276,34,0.0,Clouds,scattered clouds,13
Ádánd,46.854444,18.141667,2026-06-17 13:55:54.078098,27.73,27.5,27.73,27.73,1017,41,4.79,284,57,0.0,Clouds,broken clouds,13
Siójut,46.879444,18.126667,2026-06-17 13:55:55.350173,27.72,26.94,27.72,27.72,1017,31,4.56,290,70,0.0,Clouds,broken clouds,13
Kapostüskevár,46.367778,17.774167,2026-06-17 13:55:56.621990,27.54,27.53,27.54,27.54,1017,44,3.92,290,37,0.0,Clouds,scattered clouds,13
Kaposfüred,46.415,17.759444,2026-06-17 13:55:57.895908,26.98,27.17,26.98,26.98,1017,46,3.47,296,45,0.0,Clouds,scattered clouds,13
Várda,46.4625,17.721667,2026-06-17 13:55:59.157049,26.97,27.1,26.97,26.97,1017,45,3.54,295,43,0.0,Clouds,scattered clouds,13
Somogyjád,46.490833,17.694444,2026-06-17 13:56:00.425101,27.18,27.28,27.18,27.18,1017,45,3.76,292,41,0.0,Clouds,scattered clouds,13
Osztopán,46.515556,17.656944,2026-06-17 13:56:01.691555,27.26,27.29,27.26,27.26,1017,44,4.09,289,40,0.15,Rain,light rain,13
Pamuk,46.553127,17.636412,2026-06-17 13:56:02.966656,27.24,27.33,27.24,27.24,1017,45,4.2,289,44,0.0,Clouds,scattered clouds,13
Somogyvár,46.580556,17.634722,2026-06-17 13:56:04.240859,27.12,27.34,27.12,27.12,1017,47,4.35,288,48,0.0,Clouds,scattered clouds,13
Öreglak,46.608607,17.632733,2026-06-17 13:56:05.512966,27.0,27.3,27.0,27.0,1017,48,4.54,287,51,0.0,Clouds,broken clouds,13
Tatárvár,46.636667,17.621111,2026-06-17 13:56:06.782308,26.99,27.29,26.99,26.99,1017,48,5.04,286,54,0.0,Clouds,broken clouds,13
Lengyeltóti,46.660556,17.613611,2026-06-17 13:56:08.051367,26.98,27.34,26.98,26.98,1017,49,5.24,285,58,0.0,Clouds,broken clouds,13
Pusztaberény,46.686111,17.594722,2026-06-17 13:56:09.322795,27.03,27.45,27.03,27.03,1017,50,5.44,285,62,0.0,Clouds,broken clouds,13
Örkény,47.132778,19.447222,2026-06-17 13:56:10.588085,25.85,25.61,25.85,25.85,1017,43,2.67,291,100,0.0,Clouds,overcast clouds,13
Táborfalva,47.098545,19.479318,2026-06-17 13:56:11.855765,25.49,25.22,25.49,25.49,1017,43,2.89,291,100,0.0,Clouds,overcast clouds,13
Felsőlajos,47.068834,19.498415,2026-06-17 13:56:13.130245,25.48,25.21,25.48,25.48,1017,43,3.03,290,100,0.0,Clouds,overcast clouds,13
Lajosmizse,47.028333,19.542778,2026-06-17 13:56:14.397108,25.45,25.51,25.45,25.45,1017,56,3.5,290,99,0.0,Clouds,overcast clouds,13
Lajosmizse alsó,47.0225,19.550278,2026-06-17 13:56:15.655267,25.87,25.64,25.87,25.87,1017,43,3.8,293,99,0.0,Clouds,overcast clouds,13
Klábertelep,47.005556,19.551667,2026-06-17 13:56:16.936931,25.46,25.52,25.46,25.46,1017,56,3.96,292,99,0.0,Clouds,overcast clouds,13
Méntelek,46.978611,19.570833,2026-06-17 13:56:18.208711,25.5,25.57,25.5,25.5,1017,56,4.1,292,98,0.0,Clouds,overcast clouds,13
Hetényegyháza,46.930833,19.595,2026-06-17 13:56:19.472840,25.53,25.6,25.53,25.53,1017,56,1.79,288,96,0.0,Clouds,overcast clouds,13
Kecskemét-Máriaváros,46.901192,19.675913,2026-06-17 13:56:20.738553,28.19,28.06,28.19,28.19,1017,43,4.53,297,98,0.0,Clouds,overcast clouds,13
Nyársapát,47.100278,19.7925,2026-06-17 13:56:22.006981,25.6,25.31,25.6,27.6,1017,42,4.28,301,95,0.0,Clouds,overcast clouds,13
Nagykőrös,47.038333,19.76,2026-06-17 13:56:23.275038,25.58,25.66,25.58,27.58,1017,56,4.39,301,96,0.0,Clouds,overcast clouds,13
Katonatelep,46.963056,19.718889,2026-06-17 13:56:24.543295,25.54,25.61,25.54,25.54,1017,56,1.79,288,99,0.0,Clouds,overcast clouds,13
Kecskemét,46.913889,19.700833,2026-06-17 13:56:25.813244,28.19,28.06,28.19,28.19,1017,43,4.49,297,98,0.0,Clouds,overcast clouds,13
Városföld,46.816667,19.753333,2026-06-17 13:56:27.089279,28.25,27.49,28.25,28.25,1017,34,4.12,306,100,0.0,Clouds,overcast clouds,13
Kiskunfélegyháza,46.7067,19.83474,2026-06-17 13:56:28.358114,28.3,27.48,28.3,28.3,1017,33,3.98,312,96,0.0,Clouds,overcast clouds,13
Petőfiszállás,46.617374,19.865229,2026-06-17 13:56:29.622676,28.34,27.51,28.34,28.34,1017,33,4.49,309,77,0.0,Clouds,broken clouds,13
Csengele,46.538321,19.909008,2026-06-17 13:56:30.892196,28.33,27.5,28.33,28.33,1017,33,4.29,300,58,0.0,Clouds,broken clouds,13
Kistelek,46.466944,19.966944,2026-06-17 13:56:32.154783,28.38,28.08,28.38,28.38,1017,41,3.48,290,53,0.0,Clouds,broken clouds,13
Balástya,46.413333,20.001389,2026-06-17 13:56:33.424827,25.03,24.95,25.03,25.03,1017,52,2.31,277,59,0.0,Clouds,broken clouds,13
Szatymaz,46.345621,20.04374,2026-06-17 13:56:34.690567,25.05,24.97,25.05,25.05,1017,52,3.58,247,69,0.0,Clouds,broken clouds,13
Kiskundorozsma,46.271667,20.090556,2026-06-17 13:56:35.956965,25.08,25.0,25.08,25.08,1017,52,1.06,165,72,0.0,Clouds,broken clouds,13
Szeged,46.239722,20.143056,2026-06-17 13:56:37.220082,25.06,24.98,25.06,25.06,1017,52,0.6,168,63,0.0,Clouds,broken clouds,13
Alsóúrrét,46.898392,19.779891,2026-06-17 13:56:38.488408,28.24,28.11,28.24,28.24,1017,43,4.29,303,100,0.0,Clouds,overcast clouds,13
Nyárlőrinc,46.87,19.851389,2026-06-17 13:56:39.755881,28.27,27.51,28.27,28.27,1017,34,3.81,310,100,0.0,Clouds,overcast clouds,13
Világoshegy,46.855278,19.940278,2026-06-17 13:56:41.033133,28.3,27.53,28.3,28.3,1017,34,2.87,325,100,0.0,Clouds,overcast clouds,13
Szikra,46.858333,19.975,2026-06-17 13:56:42.303125,28.31,27.54,27.69,28.31,1017,34,2.87,325,100,0.0,Clouds,overcast clouds,13
Lakitelek,46.873056,20.003611,2026-06-17 13:56:43.576016,28.36,28.67,27.73,28.36,1017,48,2.64,329,99,0.0,Clouds,overcast clouds,13
Tiszaug,46.850556,20.074167,2026-06-17 13:56:44.846445,28.41,29.35,25.81,28.43,1017,54,1.67,343,93,0.0,Clouds,overcast clouds,13
Tiszasas,46.826389,20.089167,2026-06-17 13:56:46.117211,28.41,29.35,28.41,28.41,1017,54,1.67,343,93,0.0,Clouds,overcast clouds,13
Csépa,46.8125,20.134722,2026-06-17 13:56:47.386582,28.41,29.82,28.41,28.41,1017,58,1.08,343,85,0.0,Clouds,overcast clouds,13
Szelevény,46.811944,20.196389,2026-06-17 13:56:48.650239,28.41,29.95,28.41,28.41,1017,59,0.98,333,82,0.0,Clouds,broken clouds,13
Gátér,46.685,19.9625,2026-06-17 13:56:49.931727,28.41,27.62,28.41,28.41,1017,34,2.58,316,90,0.0,Clouds,overcast clouds,13
Kónyaszék,46.699931,20.074299,2026-06-17 13:56:51.208212,28.42,27.63,28.42,28.42,1017,34,1.04,326,89,0.0,Clouds,overcast clouds,13
Csongrád,46.704444,20.140556,2026-06-17 13:56:52.470608,28.43,29.73,28.43,28.43,1017,57,0.79,303,84,0.0,Clouds,broken clouds,13
Hékéd,46.675,20.266667,2026-06-17 13:56:53.735921,25.01,24.74,25.01,25.01,1017,45,3.58,198,77,0.0,Clouds,broken clouds,13
Fábiánsebestyén,46.670278,20.456667,2026-06-17 13:56:55.011207,25.0,24.73,25.0,25.0,1017,45,4.59,275,68,0.0,Clouds,broken clouds,13
Gádoros,46.656711,20.588157,2026-06-17 13:56:56.288197,24.99,24.77,24.99,24.99,1017,47,5.58,275,65,0.0,Clouds,broken clouds,13
Justhmajor,46.62,20.615833,2026-06-17 13:56:57.563577,24.99,24.75,24.99,24.99,1017,46,5.65,271,62,0.69,Rain,light rain,13
Szentetornya,46.590964,20.628334,2026-06-17 13:56:58.831599,24.98,24.71,24.98,24.98,1017,45,5.68,268,59,0.49,Rain,light rain,13
Gyopárosfürdő,46.567784,20.630662,2026-06-17 13:57:00.102626,24.97,24.67,24.97,24.97,1017,44,5.77,265,55,0.36,Rain,light rain,13
Szabadságliget,47.626123,18.893481,2026-06-17 13:57:01.363682,26.48,26.48,25.95,28.15,1017,45,1.34,325,96,0.0,Clouds,overcast clouds,13
Röszke,46.19261,20.03055,2026-06-17 13:57:02.630836,25.08,25.0,25.08,25.08,1017,52,0.51,144,60,0.0,Clouds,broken clouds,13
Tószeg,47.098056,20.138333,2026-06-17 13:57:03.903902,27.79,27.68,27.79,27.79,1017,43,2.24,266,96,0.0,Clouds,overcast clouds,13
Tiszavárkony,47.059444,20.143056,2026-06-17 13:57:05.179667,27.79,27.68,27.79,27.79,1017,43,2.24,266,94,0.0,Clouds,overcast clouds,13
Tiszajenő-Vezseny,47.036319,20.142415,2026-06-17 13:57:06.449749,27.79,27.68,27.79,27.79,1017,43,2.24,266,94,0.0,Clouds,overcast clouds,13
Újbög,46.962222,20.093889,2026-06-17 13:57:07.734877,27.75,27.65,27.75,27.75,1017,43,3.13,314,90,0.0,Clouds,overcast clouds,13
Tiszakécske,46.937512,20.082016,2026-06-17 13:57:09.005146,27.77,27.67,25.77,27.77,1017,43,2.99,318,90,0.0,Clouds,overcast clouds,13
Kerekdomb,46.906944,20.052778,2026-06-17 13:57:10.285041,27.77,28.2,27.76,28.38,1017,50,2.64,323,90,0.0,Clouds,overcast clouds,13
Tiszaalpár,46.818611,19.982778,2026-06-17 13:57:11.554782,28.21,27.46,24.94,28.35,1017,34,2.15,337,100,0.0,Clouds,overcast clouds,13
Tiszaalpár alsó,46.790897,19.951409,2026-06-17 13:57:12.823806,28.23,27.48,24.94,28.35,1017,34,2.28,333,100,0.0,Clouds,overcast clouds,13
Tiszatenyő,47.134167,20.3725,2026-06-17 13:57:14.092067,27.79,27.68,27.79,27.79,1017,43,3.87,286,100,0.0,Clouds,overcast clouds,13
Pusztapó,47.091667,20.458333,2026-06-17 13:57:15.356547,27.79,28.22,27.79,27.79,1017,50,3.71,282,97,0.0,Clouds,overcast clouds,13
Kétpó,47.076944,20.487778,2026-06-17 13:57:16.631308,27.79,28.3,27.79,27.79,1017,51,3.57,282,95,0.0,Clouds,overcast clouds,13
Mezőtúr,47.0125,20.622778,2026-06-17 13:57:17.908770,24.52,24.36,24.52,24.52,1017,51,3.75,287,90,0.0,Clouds,overcast clouds,13
Nagylapos,46.974167,20.750556,2026-06-17 13:57:19.174717,24.9,24.7,24.9,24.9,1017,48,4.2,295,91,0.34,Rain,light rain,13
Gyoma,46.925833,20.821667,2026-06-17 13:57:20.436978,25.16,24.93,25.16,25.16,1017,46,4.31,295,90,0.0,Clouds,overcast clouds,13
Csárdaszállás,46.861111,20.932778,2026-06-17 13:57:21.707640,28.89,28.87,28.89,28.89,1017,44,4.03,285,78,0.0,Clouds,broken clouds,13
Mezőberény,46.814722,21.013056,2026-06-17 13:57:22.979298,28.88,28.09,28.88,28.88,1016,35,3.95,271,64,0.0,Clouds,broken clouds,13
Murony,46.756944,21.038056,2026-06-17 13:57:24.241335,28.9,28.11,28.9,28.9,1017,35,4.13,260,56,0.0,Clouds,broken clouds,13
Békéscsaba,46.669722,21.081667,2026-06-17 13:57:25.514709,28.86,28.07,28.86,28.86,1017,35,0.89,208,57,0.0,Clouds,broken clouds,13
Kétegyháza,46.5325,21.171944,2026-06-17 13:57:26.787825,28.84,28.06,28.84,28.84,1017,35,3.17,261,68,0.0,Clouds,broken clouds,13
Lőkösháza,46.432222,21.2375,2026-06-17 13:57:28.065117,27.28,27.62,25.05,28.8,1017,49,3.18,273,63,0.0,Clouds,broken clouds,13
Kengyel,47.089722,20.339722,2026-06-17 13:57:29.331114,27.77,27.67,27.77,27.77,1017,43,3.6,289,100,0.0,Clouds,overcast clouds,13
Bagimajor,47.061111,20.316667,2026-06-17 13:57:30.606003,27.79,27.68,27.79,27.79,1017,43,3.16,295,100,0.0,Clouds,overcast clouds,13
Martfű,47.019444,20.291667,2026-06-17 13:57:31.884524,27.77,27.67,27.77,27.77,1017,43,2.93,297,100,0.0,Clouds,overcast clouds,13
Tiszaföldvár,46.975556,20.276389,2026-06-17 13:57:33.162295,27.77,27.67,27.77,27.77,1017,43,2.5,303,95,0.0,Clouds,overcast clouds,13
Homok,46.9475,20.270278,2026-06-17 13:57:34.427437,27.78,27.67,27.78,27.78,1017,43,2.29,305,91,0.0,Clouds,overcast clouds,13
Kungyalu,46.910833,20.2675,2026-06-17 13:57:35.700768,27.8,28.76,25.01,27.8,1017,56,2.08,306,87,0.0,Clouds,overcast clouds,13
Kunszentmárton,46.848333,20.293333,2026-06-17 13:57:36.972260,24.99,25.11,24.99,24.99,1017,60,1.9,296,74,0.0,Clouds,broken clouds,13
Nagytőke,46.763333,20.291667,2026-06-17 13:57:38.246281,25.01,24.74,25.01,25.01,1017,45,1.95,283,70,0.0,Clouds,broken clouds,13
Szentes,46.657778,20.2725,2026-06-17 13:57:39.514091,25.01,24.74,25.01,25.01,1017,45,3.58,198,80,0.0,Clouds,broken clouds,13
Szegvár,46.588611,20.249444,2026-06-17 13:57:40.786135,25.01,24.74,25.01,25.01,1017,45,3.58,198,87,0.0,Clouds,overcast clouds,13
Mindszent,46.524167,20.194167,2026-06-17 13:57:42.052095,25.02,24.75,25.02,25.02,1017,45,2.71,263,88,0.0,Clouds,overcast clouds,13
Mártély,46.473333,20.236111,2026-06-17 13:57:43.321329,25.03,24.92,25.03,25.09,1017,51,2.66,255,93,0.0,Clouds,overcast clouds,13
Pusztabánréve,46.939898,20.556809,2026-06-17 13:57:44.590980,24.37,24.25,24.37,24.37,1017,53,3.96,292,88,0.0,Clouds,overcast clouds,13
Szarvas,46.860833,20.566667,2026-06-17 13:57:45.857215,24.55,24.39,24.55,24.55,1017,51,4.68,293,84,0.0,Clouds,broken clouds,13
Csabacsűd,46.823056,20.663333,2026-06-17 13:57:47.127118,25.15,24.97,25.15,25.15,1017,48,5.19,292,83,0.0,Clouds,broken clouds,13
Kisszénás,46.751389,20.721389,2026-06-17 13:57:48.398180,25.93,25.73,25.93,25.93,1017,44,5.06,286,79,0.0,Clouds,broken clouds,13
Kiscsákó,46.719167,20.717778,2026-06-17 13:57:49.673165,26.21,26.21,26.21,26.21,1017,43,5.2,280,73,0.0,Clouds,broken clouds,13
Nagyszénás,46.672778,20.674167,2026-06-17 13:57:50.939195,25.95,25.95,25.95,25.95,1017,44,5.54,278,69,0.0,Clouds,broken clouds,13
Kardoskút,46.498056,20.6975,2026-06-17 13:57:52.210370,26.39,26.39,26.39,26.39,1017,43,6.09,263,49,0.0,Clouds,scattered clouds,13
Tótkomlós,46.409167,20.726944,2026-06-17 13:57:53.478623,26.9,26.89,26.9,26.9,1017,42,6.2,268,48,0.0,Clouds,scattered clouds,13
Nagyér,46.365278,20.738333,2026-06-17 13:57:54.753876,26.98,26.95,26.98,26.98,1017,42,6.44,273,48,0.0,Clouds,scattered clouds,13
Pitvaros,46.326175,20.746446,2026-06-17 13:57:56.029011,27.06,26.96,27.06,27.06,1017,41,6.16,276,50,0.0,Clouds,scattered clouds,13
Dévaványa,47.033889,20.943333,2026-06-17 13:57:57.293550,24.98,24.79,24.98,24.98,1016,48,4.23,294,94,0.0,Clouds,overcast clouds,13
Körösladány,46.97,21.085833,2026-06-17 13:57:58.566077,24.96,24.76,24.96,24.96,1017,48,3.3,293,96,0.0,Clouds,overcast clouds,13
Szeghalom,47.015278,21.148333,2026-06-17 13:57:59.831644,24.74,24.55,24.74,24.74,1017,49,3.02,295,92,0.0,Clouds,overcast clouds,13
Vésztő,46.938889,21.263611,2026-06-17 13:58:01.102065,23.97,23.81,23.97,23.97,1017,53,1.14,288,99,0.0,Clouds,overcast clouds,13
Szeged-Rókus,46.266111,20.125278,2026-06-17 13:58:02.369279,25.08,25.0,25.08,25.08,1017,52,0.97,160,69,0.0,Clouds,broken clouds,13
Algyő,46.335556,20.196111,2026-06-17 13:58:03.635214,25.1,25.21,25.1,25.1,1017,59,1.4,210,81,0.0,Clouds,broken clouds,13
Hódmezővásárhelyi Népkert,46.403333,20.312778,2026-06-17 13:58:04.909166,25.02,25.01,25.02,25.02,1017,55,3.02,252,93,0.0,Clouds,overcast clouds,13
Hódmezővásárhely,46.413333,20.34,2026-06-17 13:58:06.177164,25.01,25.0,25.01,25.01,1017,55,3.39,255,90,0.0,Clouds,overcast clouds,13
Körmend,47.016389,16.599167,2026-06-17 13:58:07.455480,25.1,24.68,25.1,25.1,1017,39,3.29,295,98,0.0,Clouds,overcast clouds,13
Szentgotthárd,46.957222,16.263056,2026-06-17 13:58:08.725410,27.66,28.96,27.66,27.66,1018,60,1.72,283,98,0.0,Clouds,overcast clouds,13
Szombathely,47.237778,16.6325,2026-06-17 13:58:10.017018,27.53,27.59,27.53,27.53,1018,45,2.49,244,100,0.0,Clouds,overcast clouds,13
Sáferkút,48.010278,19.071389,2026-06-17 13:58:11.281431,24.58,24.37,24.58,24.58,1016,49,6.18,294,100,0.0,Clouds,overcast clouds,13
Magdolnavölgy,47.6475,18.818889,2026-06-17 13:58:12.554706,26.41,26.41,25.94,28.14,1017,45,3.71,310,97,0.0,Clouds,overcast clouds,13
Haris,46.964722,16.2825,2026-06-17 13:58:13.827121,27.7,28.73,27.7,27.7,1018,57,2.23,287,97,0.0,Clouds,overcast clouds,13
Egyházasrádóc,47.091389,16.62,2026-06-17 13:58:15.095149,27.69,27.53,27.69,27.69,1018,42,2.61,276,100,0.0,Clouds,overcast clouds,13
Alsórönök,46.964167,16.379444,2026-06-17 13:58:16.366603,27.74,28.42,27.74,27.74,1018,53,2.87,289,97,0.0,Clouds,overcast clouds,13
Szombathely-Szőlős,47.206389,16.641667,2026-06-17 13:58:17.628150,27.63,27.61,27.63,27.63,1018,44,2.5,247,100,0.0,Clouds,overcast clouds,13
Rátót,46.9675,16.433056,2026-06-17 13:58:18.895880,27.73,27.84,27.73,27.73,1018,46,3.63,291,97,0.0,Clouds,overcast clouds,13
Ják-Balogunyom,47.161389,16.630556,2026-06-17 13:58:20.169240,27.79,27.68,27.79,27.79,1018,43,2.44,261,100,0.0,Clouds,overcast clouds,13
Vasvár,47.056944,16.800278,2026-06-17 13:58:21.439716,25.2,24.85,25.2,25.2,1017,41,1.49,298,99,0.0,Clouds,overcast clouds,13
Répcelak,47.418889,17.008889,2026-06-17 13:58:22.710408,27.86,27.82,27.86,27.86,1017,44,5.52,331,99,0.0,Clouds,overcast clouds,13
Rajka,47.995556,17.191389,2026-06-17 13:58:23.975053,29.19,29.2,28.37,29.99,1017,44,6.72,305,84,0.0,Clouds,broken clouds,13
Püspökmolnári,47.086111,16.7675,2026-06-17 13:58:25.248032,25.18,24.8,25.18,25.18,1017,40,2.1,290,98,0.0,Clouds,overcast clouds,13
Kőszeg,47.382222,16.556389,2026-06-17 13:58:26.519055,27.05,27.11,27.05,27.05,1017,44,1.71,284,95,0.0,Clouds,overcast clouds,13
Kastélypark,47.390278,18.988333,2026-06-17 13:58:27.786771,27.9,27.71,26.74,28.94,1017,42,3.46,313,97,0.0,Clouds,overcast clouds,13
Hanságliget,47.72,17.215556,2026-06-17 13:58:29.054959,29.46,29.88,29.46,29.46,1017,47,5.62,312,87,0.0,Clouds,overcast clouds,13
Vica,47.477778,17.111944,2026-06-17 13:58:30.328909,29.38,29.21,29.38,29.38,1017,42,7.06,335,94,0.0,Clouds,overcast clouds,13
Vép,47.235833,16.7275,2026-06-17 13:58:31.591940,27.6,27.65,27.6,27.6,1018,45,2.62,248,99,0.0,Clouds,overcast clouds,13
Mosonszolnok,47.8525,17.160278,2026-06-17 13:58:32.868454,29.4,29.93,28.93,30.05,1017,48,5.8,299,88,0.0,Clouds,overcast clouds,13
Jánossomorja,47.789167,17.1375,2026-06-17 13:58:34.136016,29.43,28.96,29.43,29.43,1017,39,5.34,304,90,0.0,Clouds,overcast clouds,13
Bősárkány,47.685556,17.234167,2026-06-17 13:58:35.408822,29.46,29.76,29.46,29.46,1017,46,6.09,320,88,0.0,Clouds,overcast clouds,13
Szil-Sopronnémeti,47.533333,17.209444,2026-06-17 13:58:36.680209,29.41,29.24,29.41,29.41,1017,42,7.5,332,87,0.0,Clouds,overcast clouds,13
Magyarkeresztúr-Zsebeháza,47.514167,17.176111,2026-06-17 13:58:37.947818,29.41,29.24,29.41,29.41,1017,42,7.56,334,91,0.0,Clouds,overcast clouds,13
Páli-Vadosfa,47.4925,17.137778,2026-06-17 13:58:39.221541,29.39,29.22,29.39,29.39,1017,42,7.43,335,93,0.0,Clouds,overcast clouds,13
Beled,47.466667,17.084444,2026-06-17 13:58:40.489394,27.93,27.74,27.93,27.93,1017,42,7.06,335,94,0.0,Clouds,overcast clouds,13
Dénesfa,47.448611,17.054722,2026-06-17 13:58:41.775266,27.91,27.79,27.91,27.91,1017,43,6.35,334,97,0.0,Clouds,overcast clouds,13
Csánig,47.430278,17.026111,2026-06-17 13:58:43.045479,27.89,27.78,27.89,27.89,1017,43,6.23,335,99,0.0,Clouds,overcast clouds,13
Vámoscsalád,47.385556,16.961667,2026-06-17 13:58:44.313135,27.79,27.83,27.79,27.79,1017,45,4.45,324,100,0.0,Clouds,overcast clouds,13
Vasegerszeg,47.375,16.928889,2026-06-17 13:58:45.592869,27.74,27.85,27.74,27.74,1017,46,3.42,311,100,0.0,Clouds,overcast clouds,13
Hegyfalu,47.357778,16.898333,2026-06-17 13:58:46.865327,27.74,27.85,27.74,27.74,1017,46,3.42,311,100,0.0,Clouds,overcast clouds,13
Pósfa,47.326944,16.855833,2026-06-17 13:58:48.133952,27.73,27.84,27.73,27.73,1017,46,2.83,293,100,0.0,Clouds,overcast clouds,13
Ölbő-Alsószeleste,47.300556,16.843056,2026-06-17 13:58:49.406133,27.48,27.61,27.48,27.48,1017,46,2.62,274,100,0.0,Clouds,overcast clouds,13
Gencsapáti felső,47.299722,16.593889,2026-06-17 13:58:50.674389,27.33,27.41,27.33,27.33,1017,45,1.96,244,99,0.0,Clouds,overcast clouds,13
Lukácsháza alsó,47.326389,16.586389,2026-06-17 13:58:51.940815,27.23,27.32,27.23,27.23,1017,45,1.8,255,98,0.0,Clouds,overcast clouds,13
Kőszegfalva,47.361667,16.567778,2026-06-17 13:58:53.206958,27.18,27.22,27.18,27.18,1017,44,1.62,265,96,0.0,Clouds,overcast clouds,13
Gyöngyöshermán,47.202778,16.657222,2026-06-17 13:58:54.477214,27.63,27.61,27.63,27.63,1018,44,2.5,247,100,0.0,Clouds,overcast clouds,13
Bezenye,47.973611,17.207222,2026-06-17 13:58:55.747009,29.24,29.26,28.38,30.0,1017,44,6.67,305,84,0.0,Clouds,broken clouds,13
Kámon,47.254534,16.625769,2026-06-17 13:58:57.016182,27.48,27.54,27.48,27.48,1018,45,2.42,244,100,0.0,Clouds,overcast clouds,13
Sorkifalud,47.1375,16.719167,2026-06-17 13:58:58.284397,27.86,27.61,27.86,27.86,1017,41,2.32,270,98,0.0,Clouds,overcast clouds,13
Szentléránt,47.12,16.735556,2026-06-17 13:58:59.560046,27.86,27.61,27.86,27.86,1017,41,2.32,270,98,0.0,Clouds,overcast clouds,13
Pácsony,47.009722,16.833611,2026-06-17 13:59:00.831846,25.19,24.99,25.19,25.19,1017,47,1.11,319,100,0.0,Clouds,overcast clouds,13
Győrvár,46.99,16.840556,2026-06-17 13:59:02.105268,25.28,25.09,25.28,25.28,1017,47,1.11,319,100,0.0,Clouds,overcast clouds,13
Egervár-Vasboldogasszony,46.942222,16.862222,2026-06-17 13:59:03.376950,25.4,25.22,25.4,25.4,1017,47,0.6,332,100,0.0,Clouds,overcast clouds,13
Zalaszentlőrinc,46.913889,16.8775,2026-06-17 13:59:04.652720,25.4,25.22,25.4,25.4,1017,47,0.44,332,100,0.0,Clouds,overcast clouds,13
Gencsapáti alsó,47.285833,16.6,2026-06-17 13:59:05.915477,27.41,27.48,27.41,27.41,1017,45,2.13,238,100,0.0,Clouds,overcast clouds,13
Gyöngyösfalu,47.316111,16.59,2026-06-17 13:59:07.181179,27.33,27.41,27.33,27.33,1017,45,1.96,244,99,0.0,Clouds,overcast clouds,13
Lukácsháza,47.341111,16.580556,2026-06-17 13:59:08.456384,27.18,27.28,27.18,27.18,1017,45,1.7,248,97,0.0,Clouds,overcast clouds,13
Horvátnádalja,47.005278,16.544444,2026-06-17 13:59:09.735067,28.04,27.7,28.04,28.04,1017,40,3.57,295,98,0.0,Clouds,overcast clouds,13
Csákánydoroszló,46.978333,16.499722,2026-06-17 13:59:11.003145,27.96,27.84,27.96,27.96,1018,43,3.74,292,97,0.0,Clouds,overcast clouds,13
Váckisújfalu,47.705,19.340278,2026-06-17 13:59:12.271582,28.53,28.39,28.53,28.53,1016,43,5.14,303,99,0.0,Clouds,overcast clouds,13
Csisztafürdő,46.681411,17.561797,2026-06-17 13:59:13.534989,27.38,27.58,27.38,27.38,1017,47,5.87,286,66,2.3,Rain,moderate rain,13
Mórágy,46.236021,18.627255,2026-06-17 13:59:14.805315,27.4,27.22,27.4,27.4,1017,41,4.31,317,79,0.0,Clouds,broken clouds,13
Kismacs,47.551111,21.542778,2026-06-17 13:59:16.073057,23.04,22.86,23.04,23.04,1016,56,2.68,321,100,5.54,Rain,heavy intensity rain,13
Pusztaszentistván,47.439869,19.470254,2026-06-17 13:59:17.340810,25.3,24.98,25.3,25.3,1016,42,3.04,302,100,0.0,Clouds,overcast clouds,13
Aranyvölgy,47.573795,19.017489,2026-06-17 13:59:18.612940,28.57,28.44,26.59,28.79,1017,43,1.79,341,97,0.0,Clouds,overcast clouds,13
Szélhegy,47.601111,18.928056,2026-06-17 13:59:19.880546,26.79,26.96,26.23,28.43,1017,45,1.34,325,96,0.0,Clouds,overcast clouds,13
Vörösvárbánya,47.61,18.913611,2026-06-17 13:59:21.142994,26.72,26.9,26.19,28.38,1017,45,1.34,325,96,0.0,Clouds,overcast clouds,13
Máriaszőlőtelep,46.702778,17.411911,2026-06-17 13:59:22.418342,27.97,27.85,27.97,27.97,1018,43,5.77,291,80,5.03,Rain,heavy intensity rain,13
Akadémiaújtelep,47.485724,19.22294,2026-06-17 13:59:23.688172,28.32,28.03,26.55,28.75,1016,41,3.68,310,100,0.0,Clouds,overcast clouds,13
Újpalota,47.5316,19.126206,2026-06-17 13:59:24.957345,28.48,28.18,26.64,28.84,1016,41,1.79,266,98,0.0,Clouds,overcast clouds,13
"Szeged, Somogyi utca",46.250464,20.147713,2026-06-17 13:59:26.229554,25.04,24.96,25.04,25.04,1017,52,0.88,170,68,0.0,Clouds,broken clouds,13
"Hódmezővásárhely, Hősök tere",46.412183,20.31759,2026-06-17 13:59:27.495635,25.01,25.0,25.01,25.01,1017,55,3.02,252,93,0.0,Clouds,overcast clouds,13
"Hódmezővásárhely, Kossuth tér",46.41465,20.319727,2026-06-17 13:59:28.754109,25.01,25.0,25.01,25.01,1017,55,3.02,252,93,0.0,Clouds,overcast clouds,13
"Hódmezővásárhely, Strandfürdő",46.409147,20.315671,2026-06-17 13:59:30.011237,25.01,25.0,25.01,25.01,1017,55,3.02,252,93,0.0,Clouds,overcast clouds,13
"Szeged, Széchenyi tér",46.252683,20.14935,2026-06-17 13:59:31.266428,25.04,24.96,25.04,25.04,1017,52,0.88,170,68,0.0,Clouds,broken clouds,13
"Szeged, Anna-kút",46.256184,20.147587,2026-06-17 13:59:32.528029,25.04,24.96,25.04,25.04,1017,52,0.88,170,68,0.0,Clouds,broken clouds,13
"Szeged, Rókusi templom",46.259255,20.141771,2026-06-17 13:59:33.791359,25.06,24.98,25.06,25.06,1017,52,0.88,170,68,0.0,Clouds,broken clouds,13
"Hódmezővásárhely, Kálvin János tér",46.416677,20.328532,2026-06-17 13:59:35.057031,25.01,25.0,25.01,25.01,1017,55,3.39,255,90,0.0,Clouds,overcast clouds,13
Hódmezővásárhely vasútállomás,46.413242,20.338701,2026-06-17 13:59:36.321070,25.01,25.0,25.01,25.01,1017,55,3.39,255,90,0.0,Clouds,overcast clouds,13
"Szeged, Tavasz utca",46.260715,20.139055,2026-06-17 13:59:37.577428,25.06,24.98,25.06,25.06,1017,52,0.88,170,68,0.0,Clouds,broken clouds,13
"Szeged, Damjanich utca",46.262753,20.135248,2026-06-17 13:59:38.834444,25.06,24.98,25.06,25.06,1017,52,0.88,170,68,0.0,Clouds,broken clouds,13
"Szeged, Vásárhelyi Pál utca",46.264173,20.131109,2026-06-17 13:59:40.104304,25.08,25.0,25.08,25.08,1017,52,0.88,170,68,0.0,Clouds,broken clouds,13
"Szeged, Bécsi körút ",46.243459,20.143809,2026-06-17 13:59:41.364379,25.06,24.98,25.06,25.06,1017,52,0.6,168,63,0.0,Clouds,broken clouds,13
Hódmezővásárhelyi Népkert vasútállomás,46.403733,20.312986,2026-06-17 13:59:42.622922,25.02,25.01,25.02,25.02,1017,55,3.02,252,93,0.0,Clouds,overcast clouds,13
Szeged vasútállomás,46.239789,20.142561,2026-06-17 13:59:43.876813,25.06,24.98,25.06,25.06,1017,52,0.6,168,63,0.0,Clouds,broken clouds,13
"Szeged, Bem utca",46.240198,20.141247,2026-06-17 13:59:45.131242,25.06,24.98,25.06,25.06,1017,52,0.6,168,63,0.0,Clouds,broken clouds,13
"Szeged, Galamb utca",46.24153,20.142297,2026-06-17 13:59:46.392888,25.06,24.98,25.06,25.06,1017,52,0.6,168,63,0.0,Clouds,broken clouds,13
"Szeged, Aradi vértanúk tere",46.247839,20.147,2026-06-17 13:59:47.649148,25.04,24.96,25.04,25.04,1017,52,0.88,170,68,0.0,Clouds,broken clouds,13
"Szeged, Pulz utca",46.264452,20.126061,2026-06-17 13:59:48.905450,25.08,25.0,25.08,25.08,1017,52,0.88,170,68,0.0,Clouds,broken clouds,13
"Szeged, Rókus vasútállomás",46.266107,20.125686,2026-06-17 13:59:50.162356,25.08,25.0,25.08,25.08,1017,52,0.97,160,69,0.0,Clouds,broken clouds,13
Látókép,47.55787,21.524373,2026-06-17 13:59:51.431460,23.04,22.86,23.04,23.04,1016,56,2.68,321,100,6.48,Rain,heavy intensity rain,13
Szentmihálytelek,46.2229,20.0808,2026-06-17 13:59:52.702264,25.08,25.0,25.08,25.08,1017,52,0.8,147,65,0.0,Clouds,broken clouds,13
Kisvarsány,48.144356,22.297397,2026-06-17 13:59:53.972702,23.24,23.21,23.24,23.24,1016,61,1.06,19,31,0.87,Rain,light rain,13
