station_name,station_lat,station_lon,observation_time,temp,feels_like,temp_min,temp_max,pressure,humidity,wind_speed,wind_deg,clouds,precipitation_1h,weather_main,weather_description,collection_hour
Búcsúszentlászló,46.793056,16.932778,2026-05-20 07:30:48.666982,16.84,16.12,16.84,16.84,1022,59,3.9,354,14,0.0,Clouds,few clouds,7
Angyalföld,47.549722,19.09,2026-05-20 07:30:49.901083,20.24,19.76,18.89,20.54,1020,55,1.54,0,0,0.0,Clear,clear sky,7
Felsőjánosfa,46.841389,16.544167,2026-05-20 07:30:51.136544,20.64,20.17,20.64,20.64,1022,54,1.33,354,21,0.0,Clouds,few clouds,7
Pankasz,46.835833,16.496111,2026-05-20 07:30:52.376414,20.39,19.89,20.39,20.39,1022,54,1.18,352,23,0.0,Clouds,few clouds,7
Nagyrákos,46.827222,16.455556,2026-05-20 07:30:53.612418,20.36,19.86,20.36,20.36,1022,54,1.11,350,24,0.0,Clouds,few clouds,7
Őriszentpéter,46.828889,16.415278,2026-05-20 07:30:54.851384,20.48,19.99,20.48,20.48,1022,54,0.95,345,28,0.0,Clouds,scattered clouds,7
Törökbálint,47.45,18.908611,2026-05-20 07:30:56.084936,19.36,18.81,18.67,20.31,1020,56,3.07,333,0,0.0,Clear,clear sky,7
Bicske alsó,47.486389,18.642778,2026-05-20 07:30:57.312326,18.94,18.33,18.56,18.94,1020,55,4.04,333,1,0.0,Clear,clear sky,7
Bajánsenye,46.818056,16.358056,2026-05-20 07:30:58.546732,20.61,20.14,20.61,20.61,1022,54,0.94,339,30,0.0,Clouds,scattered clouds,7
Aquincum,47.566218,19.048273,2026-05-20 07:30:59.778126,20.07,19.59,18.92,20.57,1020,56,1.34,35,0,0.0,Clear,clear sky,7
Piliscsév,47.673889,18.791389,2026-05-20 07:31:01.013253,18.95,18.39,18.51,20.15,1020,57,2.85,325,0,0.0,Clear,clear sky,7
Tát,47.741201,18.64783,2026-05-20 07:31:02.249973,19.29,18.71,19.29,19.29,1021,55,2.48,319,2,0.0,Clear,clear sky,7
Süttő felső,47.756667,18.437222,2026-05-20 07:31:03.482097,19.62,19.07,19.62,19.62,1021,55,2.57,322,5,0.0,Clear,clear sky,7
Budatétény,47.405,19.016389,2026-05-20 07:31:04.716893,19.89,19.37,18.96,20.61,1020,55,1.54,0,0,0.0,Clear,clear sky,7
Seregélyes-Szőlőhegy,47.119444,18.612222,2026-05-20 07:31:05.948288,20.01,19.45,20.01,20.01,1020,53,3.84,340,0,0.0,Clear,clear sky,7
Gödöllő-Állami telepek,47.564444,19.375556,2026-05-20 07:31:07.180743,19.1,18.5,18.41,20.05,1020,55,1.54,0,0,0.0,Clear,clear sky,7
Dunakeszi alsó,47.607778,19.128889,2026-05-20 07:31:08.418216,20.31,19.81,18.89,20.53,1020,54,2.07,336,0,0.0,Clear,clear sky,7
Vác-Alsóváros,47.773056,19.149722,2026-05-20 07:31:09.649702,20.51,20.05,19.25,20.51,1020,55,2.35,330,0,0.0,Clear,clear sky,7
Szob alsó,47.816667,18.8725,2026-05-20 07:31:10.877150,19.28,18.7,19.28,19.28,1020,55,2.14,312,0,0.0,Clear,clear sky,7
Zalaszentmihály-Pacsa,46.7225,16.951944,2026-05-20 07:31:12.111690,16.75,16.23,16.75,16.75,1021,67,4.63,330,0,0.0,Clear,clear sky,7
Pötréte,46.682778,16.9575,2026-05-20 07:31:13.349059,16.75,16.23,16.75,16.75,1021,67,4.63,330,0,0.0,Clear,clear sky,7
Felsőrajk,46.667222,16.982778,2026-05-20 07:31:14.579506,16.81,16.3,16.81,16.81,1021,67,4.63,330,0,0.0,Clear,clear sky,7
Gelse,46.600556,16.982778,2026-05-20 07:31:15.811401,16.81,16.3,16.81,16.81,1021,67,4.63,330,0,0.0,Clear,clear sky,7
Őrtilos,46.297778,16.887778,2026-05-20 07:31:17.042421,20.75,20.34,20.75,20.75,1021,56,2.86,332,17,0.0,Clouds,few clouds,7
Zákány,46.251944,16.9425,2026-05-20 07:31:18.288641,20.43,19.99,20.43,20.43,1021,56,3.1,335,14,0.0,Clouds,few clouds,7
Berzence,46.201389,17.143611,2026-05-20 07:31:19.528684,20.51,20.1,20.51,20.51,1021,57,3.5,339,10,0.0,Clear,clear sky,7
Somogyudvarhely,46.163333,17.179722,2026-05-20 07:31:20.756750,20.43,20.02,20.43,20.43,1021,57,3.51,339,10,0.0,Clear,clear sky,7
Bélavár,46.122778,17.207778,2026-05-20 07:31:21.990271,20.43,20.02,20.43,20.43,1021,57,3.4,338,9,0.0,Clear,clear sky,7
Vízvár,46.101389,17.239444,2026-05-20 07:31:23.228536,20.3,19.9,20.3,20.3,1021,58,3.35,338,9,0.0,Clear,clear sky,7
Babócsa,46.028359,17.342276,2026-05-20 07:31:24.464408,20.25,19.82,20.25,20.25,1021,57,3.23,336,7,0.0,Clear,clear sky,7
Péterhida-Komlósd,46.006667,17.358056,2026-05-20 07:31:25.699532,20.28,19.85,20.28,20.28,1021,57,3.15,335,6,0.0,Clear,clear sky,7
Barcs,45.951944,17.446944,2026-05-20 07:31:26.934301,20.22,19.84,20.22,20.22,1021,59,3.05,332,5,0.0,Clear,clear sky,7
Barcs felső,45.958333,17.486389,2026-05-20 07:31:28.176451,20.11,19.72,20.11,20.11,1021,59,3.09,332,5,0.0,Clear,clear sky,7
Középrigóc,45.970556,17.525,2026-05-20 07:31:29.413488,20.0,19.62,20.0,20.0,1021,60,3.13,332,5,0.0,Clear,clear sky,7
Darány,45.992222,17.598611,2026-05-20 07:31:30.661822,19.98,19.6,19.98,19.98,1021,60,3.26,334,5,0.0,Clear,clear sky,7
Kisdobsza,46.012222,17.668056,2026-05-20 07:31:31.892995,20.02,19.67,20.02,20.02,1021,61,3.32,336,5,0.0,Clear,clear sky,7
Nemeske,46.023333,17.705278,2026-05-20 07:31:33.131509,20.03,19.68,20.03,20.03,1021,61,3.34,336,5,0.0,Clear,clear sky,7
Molvány,46.035278,17.748611,2026-05-20 07:31:34.365384,20.01,19.66,20.01,20.01,1021,61,3.4,338,5,0.0,Clear,clear sky,7
Szigetvár,46.043333,17.801944,2026-05-20 07:31:35.604582,19.98,19.63,19.98,19.98,1021,61,3.42,339,5,0.0,Clear,clear sky,7
Nagypeterd,46.039444,17.871667,2026-05-20 07:31:36.840699,19.53,19.13,19.53,19.53,1021,61,3.49,339,4,0.0,Clear,clear sky,7
Szentdénes,46.036667,17.926944,2026-05-20 07:31:38.072286,19.48,19.08,19.48,19.48,1021,61,3.52,339,4,0.0,Clear,clear sky,7
Háros,47.412222,19.035,2026-05-20 07:31:39.305322,20.09,19.56,19.25,20.57,1020,54,1.54,0,0,0.0,Clear,clear sky,7
Nagytétény-Diósd,47.398333,18.974444,2026-05-20 07:31:40.539593,20.04,19.51,19.29,20.6,1020,54,2.82,330,0,0.0,Clear,clear sky,7
Érdliget,47.390278,18.937778,2026-05-20 07:31:41.771203,19.89,19.37,19.2,20.51,1020,55,2.98,331,0,0.0,Clear,clear sky,7
Érd felső,47.381111,18.922222,2026-05-20 07:31:43.000310,19.84,19.32,19.17,20.48,1020,55,3.16,332,0,0.0,Clear,clear sky,7
Érd,47.369722,18.900833,2026-05-20 07:31:44.229625,19.78,19.25,19.13,20.44,1020,55,3.18,332,0,0.0,Clear,clear sky,7
Százhalombatta,47.322222,18.899167,2026-05-20 07:31:45.463939,19.81,19.26,19.12,20.43,1020,54,3.21,331,0,0.0,Clear,clear sky,7
Dunai Finomító,47.294444,18.878889,2026-05-20 07:31:46.699026,19.18,18.56,19.18,20.24,1020,54,3.38,334,0,0.0,Clear,clear sky,7
Ercsi,47.247222,18.875278,2026-05-20 07:31:47.935519,19.41,18.82,19.41,20.46,1020,54,3.33,333,0,0.0,Clear,clear sky,7
Iváncsa,47.177778,18.811944,2026-05-20 07:31:49.177129,19.92,19.38,19.92,19.92,1020,54,3.27,334,0,0.0,Clear,clear sky,7
Pusztaszabolcs,47.139722,18.761667,2026-05-20 07:31:50.413653,20.02,19.49,20.02,20.02,1020,54,3.24,335,0,0.0,Clear,clear sky,7
Szabadegyháza,47.082778,18.704167,2026-05-20 07:31:51.652642,20.03,19.5,20.03,20.03,1020,54,3.36,336,0,0.0,Clear,clear sky,7
Sárosd,47.039722,18.660278,2026-05-20 07:31:52.887509,20.09,19.56,20.09,20.09,1020,54,3.62,338,0,0.0,Clear,clear sky,7
Nagylók,46.979444,18.635833,2026-05-20 07:31:54.126213,19.99,19.48,19.99,19.99,1021,55,3.52,338,0,0.0,Clear,clear sky,7
Sárbogárd,46.896944,18.611944,2026-05-20 07:31:55.366075,20.24,19.76,20.24,20.24,1021,55,3.56,339,0,0.0,Clear,clear sky,7
Rétszilas,46.814167,18.601389,2026-05-20 07:31:56.607454,20.31,19.83,20.31,20.31,1021,55,3.4,340,0,0.0,Clear,clear sky,7
Nagyatád,46.228611,17.354167,2026-05-20 07:31:57.842037,20.27,19.84,20.27,20.27,1021,57,3.86,338,7,0.0,Clear,clear sky,7
Budapest-Keleti,47.500278,19.084167,2026-05-20 07:31:59.077540,20.23,19.72,19.2,20.51,1020,54,1.54,0,0,0.0,Clear,clear sky,7
Ferencváros,47.468611,19.088056,2026-05-20 07:32:00.313209,20.17,19.65,19.22,20.53,1020,54,1.54,0,0,0.0,Clear,clear sky,7
Budapest-Nyugati,47.510833,19.0575,2026-05-20 07:32:01.542416,20.18,19.66,19.21,20.53,1020,54,1.54,0,0,0.0,Clear,clear sky,7
Kőbánya felső,47.491944,19.133889,2026-05-20 07:32:02.774526,20.03,19.5,19.14,20.46,1020,54,1.54,0,0,0.0,Clear,clear sky,7
Rákos,47.488889,19.174722,2026-05-20 07:32:04.004259,19.82,19.27,19.1,20.42,1020,54,1.54,0,0,0.0,Clear,clear sky,7
Rákosrendező,47.525556,19.089444,2026-05-20 07:32:05.251663,20.33,19.83,19.25,20.56,1020,54,1.54,0,0,0.0,Clear,clear sky,7
Zugló,47.511389,19.101389,2026-05-20 07:32:06.487813,20.26,19.75,19.21,20.52,1020,54,1.54,0,0,0.0,Clear,clear sky,7
Mezőtárkány,47.725,20.480278,2026-05-20 07:32:07.719443,19.9,19.33,19.9,19.9,1019,53,2.5,3,100,0.0,Clouds,overcast clouds,7
Istvántelek,47.550278,19.106389,2026-05-20 07:32:08.956029,20.39,19.89,19.23,20.55,1020,54,1.54,0,0,0.0,Clear,clear sky,7
Rákospalota-Újpest,47.565833,19.111944,2026-05-20 07:32:10.186348,20.39,19.89,19.23,20.54,1020,54,1.54,0,0,0.0,Clear,clear sky,7
Kőbánya alsó,47.483056,19.127222,2026-05-20 07:32:11.430775,20.04,19.51,19.16,20.47,1020,54,1.54,0,0,0.0,Clear,clear sky,7
Kőbánya-Kispest,47.463889,19.149444,2026-05-20 07:32:12.671945,19.88,19.33,19.16,20.47,1020,54,1.54,0,0,0.0,Clear,clear sky,7
Pestszentlőrinc,47.454722,19.182778,2026-05-20 07:32:13.907099,19.67,19.1,19.1,20.41,1020,54,1.54,0,0,0.0,Clear,clear sky,7
Kispest,47.448135,19.157552,2026-05-20 07:32:15.141438,19.8,19.25,19.16,20.48,1020,54,1.54,0,0,0.0,Clear,clear sky,7
Újpest,47.558889,19.079722,2026-05-20 07:32:16.368400,20.31,19.81,19.23,20.55,1020,54,1.54,0,0,0.0,Clear,clear sky,7
Pestszentimre felső,47.413611,19.173333,2026-05-20 07:32:17.610615,19.7,19.14,19.19,20.5,1020,54,1.54,0,0,0.0,Clear,clear sky,7
Dunakeszi,47.626111,19.136111,2026-05-20 07:32:18.842479,20.27,19.76,19.13,20.44,1020,54,2.1,336,0,0.0,Clear,clear sky,7
Dunakeszi-Gyártelep,47.643611,19.135,2026-05-20 07:32:20.078438,20.27,19.79,19.18,20.49,1020,55,2.14,335,0,0.0,Clear,clear sky,7
Alsógöd,47.676944,19.134444,2026-05-20 07:32:21.306207,20.18,19.66,19.17,20.48,1020,54,2.19,335,0,0.0,Clear,clear sky,7
Göd,47.687778,19.1375,2026-05-20 07:32:22.535046,20.19,19.67,19.19,20.5,1020,54,2.19,335,0,0.0,Clear,clear sky,7
Felsőgöd,47.705556,19.143333,2026-05-20 07:32:23.766285,20.5,20.02,19.28,20.55,1020,54,2.23,334,0,0.0,Clear,clear sky,7
Sződ-Sződliget,47.728056,19.154722,2026-05-20 07:32:24.997106,20.47,19.98,19.27,20.54,1020,54,2.28,333,0,0.0,Clear,clear sky,7
Vác,47.782778,19.133056,2026-05-20 07:32:26.228030,20.51,20.05,19.25,20.51,1020,55,2.35,330,0,0.0,Clear,clear sky,7
Verőce,47.823889,19.029444,2026-05-20 07:32:27.461234,20.35,19.88,19.08,20.35,1020,55,2.04,315,0,0.0,Clear,clear sky,7
Kismaros,47.8275,19.010278,2026-05-20 07:32:28.693886,19.21,18.62,19.21,19.21,1020,55,2.0,313,0,0.0,Clear,clear sky,7
Nagymaros-Visegrád,47.791389,18.959167,2026-05-20 07:32:29.924632,19.23,18.59,19.23,20.5,1020,53,2.0,315,0,0.0,Clear,clear sky,7
Nagymaros,47.780278,18.952222,2026-05-20 07:32:31.163424,19.31,18.68,19.31,20.57,1020,53,2.0,315,0,0.0,Clear,clear sky,7
Zebegény,47.801389,18.908889,2026-05-20 07:32:32.398938,19.28,18.67,19.28,20.55,1020,54,2.02,312,0,0.0,Clear,clear sky,7
Szob,47.821111,18.861944,2026-05-20 07:32:33.626433,19.24,18.66,19.24,19.24,1020,55,2.09,311,0,0.0,Clear,clear sky,7
Alagimajor,47.601944,19.153889,2026-05-20 07:32:34.860277,20.42,19.93,19.18,20.49,1020,54,1.54,0,0,0.0,Clear,clear sky,7
Fót,47.611389,19.181667,2026-05-20 07:32:36.098796,20.3,19.8,19.07,20.38,1020,54,2.19,338,0,0.0,Clear,clear sky,7
Fótújfalu,47.615,19.192778,2026-05-20 07:32:37.326241,20.17,19.65,18.97,20.28,1020,54,2.19,338,0,0.0,Clear,clear sky,7
Csomád,47.635556,19.222778,2026-05-20 07:32:38.553582,19.87,19.32,18.69,20.01,1020,54,2.3,339,0,0.0,Clear,clear sky,7
Veresegyház,47.649167,19.288611,2026-05-20 07:32:39.785069,19.93,19.39,18.84,20.16,1020,54,2.67,339,0,0.0,Clear,clear sky,7
Erdőkertes,47.662222,19.295833,2026-05-20 07:32:41.015539,19.91,19.39,18.8,20.11,1020,55,2.67,339,0,0.0,Clear,clear sky,7
Őrbottyán,47.685833,19.283611,2026-05-20 07:32:42.244564,20.03,19.55,18.71,20.03,1020,56,2.73,338,0,0.0,Clear,clear sky,7
Váchartyán,47.725833,19.248889,2026-05-20 07:32:43.483580,20.39,19.95,20.39,20.39,1020,56,2.74,336,0,0.0,Clear,clear sky,7
Magyarkút-Verőce,47.826111,19.044444,2026-05-20 07:32:44.713065,20.51,20.05,20.51,20.51,1020,55,2.04,315,0,0.0,Clear,clear sky,7
Szokolya,47.871111,19.030556,2026-05-20 07:32:45.952467,18.07,17.39,18.07,18.07,1020,56,2.07,313,0,0.0,Clear,clear sky,7
Berkenye,47.885278,19.071944,2026-05-20 07:32:47.182782,18.8,18.22,18.8,18.8,1020,57,2.13,315,0,0.0,Clear,clear sky,7
Nógrád,47.901944,19.0475,2026-05-20 07:32:48.413381,18.41,17.79,18.41,18.41,1020,57,2.08,312,0,0.0,Clear,clear sky,7
Diósjenő,47.94,19.049444,2026-05-20 07:32:49.651336,18.01,17.38,18.01,18.01,1020,58,2.08,311,0,0.0,Clear,clear sky,7
Borsosberény,47.971389,19.093056,2026-05-20 07:32:50.889565,18.71,18.15,18.71,18.71,1020,58,2.25,316,0,0.0,Clear,clear sky,7
Nagyoroszi,47.993611,19.101111,2026-05-20 07:32:52.123000,18.54,17.99,18.54,18.54,1020,59,2.22,315,0,0.0,Clear,clear sky,7
Drégelyvár,48.001944,19.079444,2026-05-20 07:32:53.354751,18.76,18.21,18.76,18.76,1020,58,2.11,310,0,0.0,Clear,clear sky,7
Drégely,48.042222,19.056111,2026-05-20 07:32:54.588330,19.12,18.6,19.12,19.12,1020,58,2.09,310,0,0.0,Clear,clear sky,7
Drégelypalánk,48.055,19.046111,2026-05-20 07:32:55.819409,19.24,18.73,19.24,19.24,1020,58,2.0,307,0,0.0,Clear,clear sky,7
Ipolyvece,48.056944,19.106389,2026-05-20 07:32:57.050735,19.23,18.72,19.23,19.23,1020,58,2.08,313,0,0.0,Clear,clear sky,7
Dejtár,48.045556,19.196389,2026-05-20 07:32:58.282556,19.18,18.67,19.18,19.18,1020,58,2.15,316,0,0.0,Clear,clear sky,7
Ipolyszög,48.054444,19.221944,2026-05-20 07:32:59.516632,19.2,18.69,19.2,19.2,1020,58,2.04,316,0,0.0,Clear,clear sky,7
Iklad-Domony,47.658056,19.444444,2026-05-20 07:33:00.751644,20.1,19.65,20.1,20.1,1020,57,2.85,335,0,0.0,Clear,clear sky,7
Iklad-Domony felső,47.667778,19.428056,2026-05-20 07:33:01.987814,20.09,19.64,20.09,20.4,1020,57,2.86,334,0,0.0,Clear,clear sky,7
Galgamácsa,47.693889,19.3925,2026-05-20 07:33:03.218824,20.39,19.97,20.39,20.39,1020,57,2.86,335,0,0.0,Clear,clear sky,7
Vácrátót,47.732778,19.217778,2026-05-20 07:33:04.453589,20.31,19.83,20.31,20.31,1020,55,2.53,335,0,0.0,Clear,clear sky,7
Csörög,47.735833,19.196389,2026-05-20 07:33:05.689826,20.31,19.81,19.05,20.31,1020,54,2.41,334,0,0.0,Clear,clear sky,7
Galgagyörk,47.735278,19.372222,2026-05-20 07:33:06.921106,20.29,19.86,20.29,20.29,1020,57,2.88,333,0,0.0,Clear,clear sky,7
Püspökhatvan,47.768611,19.366944,2026-05-20 07:33:08.153335,19.29,18.79,19.29,19.29,1020,58,2.89,331,0,0.0,Clear,clear sky,7
Acsa-Erdőkürt,47.801111,19.386111,2026-05-20 07:33:09.384772,19.11,18.59,19.11,19.11,1020,58,2.87,329,0,0.0,Clear,clear sky,7
Galgaguta,47.848611,19.385556,2026-05-20 07:33:10.629823,18.78,18.23,18.78,18.78,1020,58,2.79,326,0,0.0,Clear,clear sky,7
Nógrádkövesd,47.879444,19.371111,2026-05-20 07:33:11.864330,18.92,18.38,18.92,18.92,1020,58,2.71,324,0,0.0,Clear,clear sky,7
Magyarnándor,47.970833,19.356667,2026-05-20 07:33:13.098141,18.72,18.16,18.72,18.72,1020,58,2.44,320,0,0.0,Clear,clear sky,7
Mohora,47.995556,19.347778,2026-05-20 07:33:14.331324,18.82,18.27,18.82,18.82,1020,58,2.31,318,0,0.0,Clear,clear sky,7
Szügy,48.036389,19.333056,2026-05-20 07:33:15.564296,19.02,18.49,19.02,19.02,1020,58,2.03,315,0,0.0,Clear,clear sky,7
Balassagyarmat,48.071111,19.293611,2026-05-20 07:33:16.795814,19.11,18.59,19.11,19.11,1020,58,1.93,314,0,0.0,Clear,clear sky,7
Őrhalom,48.078773,19.403936,2026-05-20 07:33:18.030201,18.87,18.3,18.87,18.87,1020,57,1.54,308,0,0.0,Clear,clear sky,7
Hugyag,48.083056,19.421111,2026-05-20 07:33:19.263089,18.87,18.3,18.87,18.87,1020,57,1.54,308,0,0.0,Clear,clear sky,7
Szécsény,48.093056,19.521111,2026-05-20 07:33:20.497934,19.12,18.55,19.12,19.12,1020,56,1.36,303,0,0.0,Clear,clear sky,7
Ludányhalászi,48.1325,19.529444,2026-05-20 07:33:21.734054,19.08,18.51,19.08,19.08,1020,56,1.11,294,0,0.0,Clear,clear sky,7
Nógrádszakál,48.178333,19.521667,2026-05-20 07:33:22.974665,19.03,18.45,19.03,19.03,1020,56,1.02,289,0,0.0,Clear,clear sky,7
Ráróspuszta,48.207222,19.541389,2026-05-20 07:33:24.206372,18.47,17.81,18.47,18.47,1020,55,0.9,280,0,0.0,Clear,clear sky,7
Litke,48.215833,19.598611,2026-05-20 07:33:25.441939,18.98,18.37,18.98,18.98,1020,55,0.93,279,0,0.0,Clear,clear sky,7
Nyíregyháza külső,47.943056,21.740278,2026-05-20 07:33:26.671795,19.41,19.03,19.41,19.41,1019,62,6.02,11,13,0.0,Clouds,few clouds,7
Oros,47.945833,21.806389,2026-05-20 07:33:27.901055,19.4,19.04,19.4,19.4,1019,63,5.99,8,13,0.0,Clouds,few clouds,7
Napkor,47.948889,21.873056,2026-05-20 07:33:29.131353,19.39,19.06,19.39,19.39,1019,64,5.87,4,13,0.0,Clouds,few clouds,7
Apagy,47.953775,21.939044,2026-05-20 07:33:30.366892,19.4,19.07,19.4,19.4,1019,64,5.77,3,13,0.0,Clouds,few clouds,7
Levelek-Magy,47.948056,21.993611,2026-05-20 07:33:31.603737,19.38,19.04,19.38,19.38,1018,64,5.53,0,14,0.0,Clouds,few clouds,7
Ófehértó,47.940556,22.041389,2026-05-20 07:33:32.842042,19.41,19.08,19.41,19.41,1018,64,5.33,359,14,0.0,Clouds,few clouds,7
Ligettanya,47.951667,22.071389,2026-05-20 07:33:34.076106,19.4,19.09,19.4,19.4,1018,65,5.17,356,14,0.0,Clouds,few clouds,7
Baktalórántháza,47.988611,22.083333,2026-05-20 07:33:35.314611,19.4,19.09,19.4,19.4,1018,65,5.25,356,14,0.0,Clouds,few clouds,7
Vaja-Rohod,48.006389,22.164167,2026-05-20 07:33:36.547745,19.49,19.22,19.49,19.49,1018,66,5.04,353,14,0.0,Clouds,few clouds,7
Rákóczitanya,48.022222,22.178333,2026-05-20 07:33:37.778293,19.5,19.23,19.5,19.5,1018,66,4.89,352,14,0.0,Clouds,few clouds,7
Nyírmada,48.059167,22.203056,2026-05-20 07:33:39.016522,19.52,19.25,19.52,19.52,1018,66,5.01,351,14,0.0,Clouds,few clouds,7
Tunyogmatolcs,47.960244,22.442247,2026-05-20 07:33:40.248411,19.96,19.71,19.96,19.96,1018,65,3.72,343,14,0.0,Clouds,few clouds,7
Tunyogmatolcs alsó,47.966025,22.464713,2026-05-20 07:33:41.482904,19.98,19.73,19.98,19.98,1018,65,3.61,342,14,0.0,Clouds,few clouds,7
Fehérgyarmat,47.979167,22.524444,2026-05-20 07:33:42.710140,20.08,19.84,20.08,20.08,1018,65,3.37,339,14,0.0,Clouds,few clouds,7
Penyige,47.995278,22.566944,2026-05-20 07:33:43.944032,20.14,19.91,20.14,20.14,1018,65,3.28,339,14,0.0,Clouds,few clouds,7
Nagyszekeres,47.976111,22.6125,2026-05-20 07:33:45.179598,20.18,19.95,20.18,20.18,1018,65,3.2,338,14,0.0,Clouds,few clouds,7
Kisszekeres,47.965833,22.629444,2026-05-20 07:33:46.407754,20.15,19.92,20.15,20.15,1018,65,3.19,339,14,0.0,Clouds,few clouds,7
Jánkmajtis,47.941944,22.657222,2026-05-20 07:33:47.644210,20.17,19.94,20.17,20.17,1018,65,3.11,339,14,0.0,Clouds,few clouds,7
Gacsály,47.926111,22.745,2026-05-20 07:33:48.879556,20.04,19.8,19.03,20.04,1018,65,2.96,338,14,0.0,Clouds,few clouds,7
Zajta,47.9025,22.796111,2026-05-20 07:33:50.118124,20.03,19.79,19.03,20.03,1018,65,2.87,339,15,0.0,Clouds,few clouds,7
Eperjeske alsó,48.360556,22.19,2026-05-20 07:33:51.356566,19.57,19.36,19.57,19.57,1018,68,5.39,345,14,0.0,Clouds,few clouds,7
Mándok,48.326944,22.196389,2026-05-20 07:33:52.590137,19.55,19.34,19.55,19.55,1018,68,5.38,346,13,0.0,Clouds,few clouds,7
Tornyospálca,48.268333,22.201944,2026-05-20 07:33:53.831252,19.59,19.38,19.59,19.59,1018,68,5.33,347,12,0.0,Clouds,few clouds,7
Aranyosapáti,48.211303,22.253534,2026-05-20 07:33:55.061484,19.75,19.53,19.75,19.75,1018,67,4.66,345,13,0.0,Clouds,few clouds,7
Gyüre,48.171389,22.269167,2026-05-20 07:33:56.296735,19.74,19.52,19.74,19.74,1018,67,4.63,345,13,0.0,Clouds,few clouds,7
Varsány,48.151722,22.290047,2026-05-20 07:33:57.531203,19.79,19.55,19.79,19.79,1018,66,4.42,345,13,0.0,Clouds,few clouds,7
Vásárosnamény,48.126667,22.306111,2026-05-20 07:33:58.761782,19.8,19.56,19.8,19.8,1018,66,4.42,345,13,0.0,Clouds,few clouds,7
Vitka,48.095556,22.308056,2026-05-20 07:34:00.002726,19.79,19.55,19.79,19.79,1018,66,4.4,346,14,0.0,Clouds,few clouds,7
Nagydobos,48.054167,22.311111,2026-05-20 07:34:01.239000,19.73,19.48,19.73,19.73,1018,66,4.38,346,14,0.0,Clouds,few clouds,7
Ópályi,47.997778,22.318333,2026-05-20 07:34:02.472287,19.72,19.47,19.72,19.72,1018,66,4.28,348,15,0.0,Clouds,few clouds,7
Nyírcsaholy,47.908056,22.348333,2026-05-20 07:34:03.707665,19.82,19.55,19.82,19.82,1018,65,4.01,348,15,0.0,Clouds,few clouds,7
Nagyecsed,47.864722,22.385556,2026-05-20 07:34:04.940507,19.88,19.59,19.88,19.88,1018,64,3.66,347,14,0.0,Clouds,few clouds,7
Tiborszállás,47.815278,22.402778,2026-05-20 07:34:06.170582,19.86,19.57,19.86,19.86,1018,64,3.53,349,14,0.0,Clouds,few clouds,7
Kiskunhalas,46.434444,19.493611,2026-05-20 07:34:07.399694,20.87,20.42,20.87,20.87,1020,54,3.37,343,0,0.0,Clear,clear sky,7
Kecskemét alsó,46.895833,19.692222,2026-05-20 07:34:08.631397,20.01,19.42,19.99,20.99,1020,52,4.12,30,0,0.0,Clear,clear sky,7
Putnok,48.286667,20.4375,2026-05-20 07:34:09.860946,16.67,15.72,16.67,16.67,1020,51,2.07,353,8,0.0,Clear,clear sky,7
Bánréve,48.299722,20.351944,2026-05-20 07:34:11.093030,16.66,15.71,16.66,16.66,1020,51,2.24,348,5,0.0,Clear,clear sky,7
Ipolytarnóc,48.236667,19.629167,2026-05-20 07:34:12.328685,19.06,18.46,19.06,19.06,1020,55,0.92,277,0,0.0,Clear,clear sky,7
Rákosliget,47.486111,19.257778,2026-05-20 07:34:13.560487,20.07,19.44,19.07,20.34,1020,50,1.54,0,20,0.0,Clouds,few clouds,7
Ikrény,47.657778,17.524167,2026-05-20 07:34:14.801592,18.08,17.46,18.08,18.08,1021,58,3.48,320,17,0.0,Clouds,few clouds,7
Rábapatona,47.648889,17.461944,2026-05-20 07:34:16.038433,18.1,17.48,18.1,18.1,1021,58,3.82,322,18,0.0,Clouds,few clouds,7
Enese,47.644167,17.425278,2026-05-20 07:34:17.273053,18.1,17.48,18.1,18.1,1021,58,4.21,324,18,0.0,Clouds,few clouds,7
Kóny,47.632222,17.357222,2026-05-20 07:34:18.503378,20.32,19.92,20.32,20.32,1021,58,4.46,326,17,0.0,Clouds,few clouds,7
Farád,47.595278,17.195833,2026-05-20 07:34:19.733034,20.51,20.1,20.51,20.51,1022,57,5.15,330,15,0.0,Clouds,few clouds,7
Rábatamási,47.592778,17.161389,2026-05-20 07:34:20.967068,20.51,20.1,20.51,20.51,1022,57,5.15,330,15,0.0,Clouds,few clouds,7
Szárföld,47.589167,17.123889,2026-05-20 07:34:22.203659,20.55,20.15,20.55,20.55,1022,57,5.15,330,15,0.0,Clouds,few clouds,7
Veszkény,47.586944,17.101389,2026-05-20 07:34:23.436507,20.59,20.19,20.59,20.59,1022,57,5.13,331,15,0.0,Clouds,few clouds,7
Kapuvár,47.581944,17.046944,2026-05-20 07:34:24.671988,20.62,20.23,20.62,20.62,1022,57,4.97,333,15,0.0,Clouds,few clouds,7
Vitnyéd-Csermajor,47.5825,16.987222,2026-05-20 07:34:25.906830,20.69,20.3,20.69,20.69,1022,57,4.79,335,15,0.0,Clouds,few clouds,7
Petőháza,47.595278,16.893056,2026-05-20 07:34:27.140046,20.76,20.38,20.76,20.76,1022,57,4.52,338,15,0.0,Clouds,few clouds,7
Fertőszentmiklós,47.6,16.858889,2026-05-20 07:34:28.370791,21.16,20.82,21.16,21.16,1022,57,4.42,339,16,0.0,Clouds,few clouds,7
Pinnye,47.600278,16.768611,2026-05-20 07:34:29.607813,21.04,20.66,21.04,21.04,1022,56,4.16,345,16,0.0,Clouds,few clouds,7
Fertőboz,47.625,16.691667,2026-05-20 07:34:30.841808,20.88,20.46,20.88,20.88,1022,55,4.02,346,16,0.0,Clouds,few clouds,7
Sopron,47.677778,16.587222,2026-05-20 07:34:32.074652,20.58,20.13,20.58,20.58,1022,55,3.68,343,16,0.0,Clouds,few clouds,7
Fertőszéplak-Fertőd,47.618889,16.850833,2026-05-20 07:34:33.310223,21.18,20.84,21.18,21.18,1022,57,4.32,340,16,0.0,Clouds,few clouds,7
Nyúl,47.587778,17.698056,2026-05-20 07:34:34.546086,18.02,17.31,17.14,18.02,1021,55,3.6,300,0,0.0,Clear,clear sky,7
Pannonhalma,47.547778,17.740833,2026-05-20 07:34:35.776491,17.96,17.25,17.08,17.96,1021,55,3.6,300,0,0.0,Clear,clear sky,7
Tarjánpuszta,47.504722,17.789167,2026-05-20 07:34:37.007774,17.73,16.99,16.84,17.73,1021,55,3.6,300,0,0.0,Clear,clear sky,7
Győrasszonyfa,47.4925,17.799167,2026-05-20 07:34:38.243063,17.66,16.92,16.77,17.66,1021,55,3.6,300,0,0.0,Clear,clear sky,7
Veszprémvarsány,47.443333,17.818333,2026-05-20 07:34:39.472236,17.71,17.05,16.83,17.71,1021,58,3.47,320,7,0.0,Clear,clear sky,7
Bakonyszentlászló,47.395556,17.8175,2026-05-20 07:34:40.704619,16.58,15.81,16.58,17.47,1022,58,3.66,321,7,0.0,Clear,clear sky,7
Porva-Csesznek,47.326944,17.841111,2026-05-20 07:34:41.943072,15.59,14.69,15.59,15.59,1022,57,3.85,322,7,0.0,Clear,clear sky,7
Zirc,47.266667,17.878056,2026-05-20 07:34:43.176017,18.28,17.6,18.28,18.28,1022,55,4.26,326,7,0.0,Clear,clear sky,7
Eplény,47.192778,17.921667,2026-05-20 07:34:44.411566,18.83,18.15,18.83,18.83,1022,53,4.43,331,8,0.0,Clear,clear sky,7
Marcaltő,47.4275,17.348889,2026-05-20 07:34:45.644735,17.17,16.59,17.17,17.17,1022,63,2.06,10,0,0.0,Clear,clear sky,7
Szany-Rábaszentandrás,47.460833,17.315278,2026-05-20 07:34:46.880479,17.17,16.59,17.17,17.17,1022,63,2.06,10,0,0.0,Clear,clear sky,7
Egyed-Rábacsanak,47.521944,17.316389,2026-05-20 07:34:48.116200,17.18,16.47,17.18,17.18,1022,58,4.7,331,16,0.0,Clouds,few clouds,7
Rábapordány,47.557222,17.315,2026-05-20 07:34:49.349562,17.18,16.47,17.18,17.18,1022,58,4.7,329,17,0.0,Clouds,few clouds,7
Albertfalva,47.440784,19.033965,2026-05-20 07:34:50.580215,20.16,19.64,19.32,20.59,1020,54,1.54,0,20,0.0,Clouds,few clouds,7
Budafok,47.425833,19.041389,2026-05-20 07:34:51.814444,20.18,19.64,19.33,20.6,1020,53,1.54,0,20,0.0,Clouds,few clouds,7
Tétényliget,47.384722,18.955278,2026-05-20 07:34:53.049469,20.04,19.54,19.35,20.62,1020,55,2.98,331,0,0.0,Clear,clear sky,7
Érd alsó,47.379722,18.923056,2026-05-20 07:34:54.271942,19.84,19.32,19.17,20.48,1020,55,3.16,332,0,0.0,Clear,clear sky,7
Tárnok,47.365556,18.873889,2026-05-20 07:34:55.510701,19.85,19.33,19.28,20.55,1020,55,3.51,335,0,0.0,Clear,clear sky,7
Martonvásár,47.321389,18.781667,2026-05-20 07:34:56.743989,19.54,18.96,19.21,20.44,1020,54,3.63,337,0,0.0,Clear,clear sky,7
Baracska,47.297222,18.753333,2026-05-20 07:34:57.979664,19.49,18.9,19.49,19.49,1020,54,3.62,338,0,0.0,Clear,clear sky,7
Pettend,47.26,18.708889,2026-05-20 07:34:59.215996,20.02,19.46,20.02,20.02,1020,53,3.68,339,0,0.0,Clear,clear sky,7
Kápolnásnyék,47.245556,18.692222,2026-05-20 07:35:00.447291,20.1,19.55,20.1,20.1,1020,53,3.7,339,0,0.0,Clear,clear sky,7
Velence,47.226944,18.663889,2026-05-20 07:35:01.683277,20.18,19.64,20.18,20.18,1020,53,3.8,339,1,0.0,Clear,clear sky,7
Velencefürdő,47.218611,18.648056,2026-05-20 07:35:02.911848,20.18,19.64,20.18,20.18,1020,53,3.77,340,1,0.0,Clear,clear sky,7
Gárdony,47.205833,18.624722,2026-05-20 07:35:04.142252,20.22,19.66,20.22,20.22,1020,52,3.89,340,1,0.0,Clear,clear sky,7
Agárd,47.197666,18.604907,2026-05-20 07:35:05.381885,20.22,19.66,20.22,20.22,1020,52,3.89,340,1,0.0,Clear,clear sky,7
Dinnyés,47.179722,18.560833,2026-05-20 07:35:06.613478,20.22,19.66,20.22,20.22,1020,52,4.15,341,1,0.0,Clear,clear sky,7
Székesfehérvár,47.183611,18.424722,2026-05-20 07:35:07.844564,20.21,19.64,20.21,20.21,1021,52,4.75,342,2,0.0,Clear,clear sky,7
Szabadbattyán,47.105278,18.388333,2026-05-20 07:35:09.078425,20.23,19.67,20.23,20.23,1021,52,4.74,347,1,0.0,Clear,clear sky,7
Kiscséripuszta,47.048056,18.355,2026-05-20 07:35:10.314538,18.01,17.22,18.01,18.01,1021,52,4.65,350,1,0.0,Clear,clear sky,7
Lepsény,46.9875,18.248056,2026-05-20 07:35:11.547433,18.23,17.81,18.23,20.46,1021,65,4.47,353,2,0.0,Clear,clear sky,7
Balatonaliga,46.984444,18.171389,2026-05-20 07:35:12.781299,18.04,17.6,18.04,20.27,1021,65,4.23,354,5,0.0,Clear,clear sky,7
Balatonvilágos,46.964167,18.157222,2026-05-20 07:35:14.018666,18.08,17.64,18.08,20.31,1021,65,4.02,354,6,0.0,Clear,clear sky,7
Szabadifürdő,46.926111,18.103333,2026-05-20 07:35:15.253699,18.25,17.83,18.25,20.48,1021,65,3.69,353,6,0.0,Clear,clear sky,7
Ózd alsó,48.227778,20.306111,2026-05-20 07:35:16.490222,16.5,15.56,16.5,16.5,1020,52,2.52,350,0,0.0,Clear,clear sky,7
Ózd,48.2225,20.294722,2026-05-20 07:35:17.719270,16.55,15.62,16.55,16.55,1020,52,2.52,350,0,0.0,Clear,clear sky,7
Alsóboldva,48.212778,20.792222,2026-05-20 07:35:18.949947,16.16,15.42,16.16,16.88,1020,61,4.23,5,25,0.0,Clouds,scattered clouds,7
Boldva,48.223333,20.790278,2026-05-20 07:35:20.192223,16.15,15.41,16.15,16.87,1020,61,4.23,5,25,0.0,Clouds,scattered clouds,7
Borsodszirák,48.259167,20.770556,2026-05-20 07:35:21.427933,16.1,15.36,16.1,16.83,1020,61,3.1,6,10,0.0,Clear,clear sky,7
Edelény alsó,48.279167,20.760833,2026-05-20 07:35:22.658339,16.08,15.21,16.08,16.08,1020,56,3.1,6,10,0.0,Clear,clear sky,7
Edelény,48.299722,20.749444,2026-05-20 07:35:23.891707,16.06,15.18,16.06,16.06,1019,56,2.74,9,8,0.0,Clear,clear sky,7
Szendrőlád,48.334444,20.731944,2026-05-20 07:35:25.124763,15.97,15.06,15.97,15.97,1019,55,1.79,19,2,0.0,Clear,clear sky,7
Szendrő,48.400725,20.721346,2026-05-20 07:35:26.351864,18.98,18.37,18.98,18.98,1019,55,1.43,40,3,0.0,Clear,clear sky,7
Szendrő felső,48.409907,20.720148,2026-05-20 07:35:27.584908,18.98,18.37,18.98,18.98,1019,55,1.43,40,3,0.0,Clear,clear sky,7
Szalonna,48.449444,20.722222,2026-05-20 07:35:28.819431,18.97,18.36,18.97,18.97,1019,55,1.42,59,5,0.0,Clear,clear sky,7
Perkupa,48.471389,20.691111,2026-05-20 07:35:30.052485,18.27,17.56,18.27,18.27,1019,54,1.26,63,4,0.0,Clear,clear sky,7
Szemeretelep,47.443056,19.214167,2026-05-20 07:35:31.282628,20.12,19.55,19.14,20.4,1020,52,1.54,0,20,0.0,Clouds,few clouds,7
Jósvafő-Aggtelek,48.489722,20.693889,2026-05-20 07:35:32.519195,18.56,17.88,18.56,18.56,1019,54,1.34,63,6,0.0,Clear,clear sky,7
Bódvaszilas,48.5375,20.738056,2026-05-20 07:35:33.750910,18.11,17.41,18.11,18.11,1019,55,1.58,64,8,0.0,Clear,clear sky,7
Komjáti,48.5475,20.759722,2026-05-20 07:35:34.987738,17.6,16.85,17.6,17.6,1019,55,1.77,56,9,0.0,Clear,clear sky,7
Tornanádaska,48.558333,20.787222,2026-05-20 07:35:36.222542,18.73,18.09,18.73,18.73,1019,55,2.04,50,9,0.0,Clear,clear sky,7
Onga,48.121111,20.906667,2026-05-20 07:35:37.450981,16.21,15.48,16.21,20.74,1019,61,6.37,6,68,0.0,Clouds,broken clouds,7
Szikszó-Vásártér,48.193056,20.934722,2026-05-20 07:35:38.690324,16.17,15.44,16.17,20.7,1019,61,5.89,6,63,0.0,Clouds,broken clouds,7
Szikszó,48.201667,20.941667,2026-05-20 07:35:39.925317,16.19,15.46,16.19,16.19,1019,61,6.09,6,71,0.0,Clouds,broken clouds,7
Aszaló,48.219867,20.961466,2026-05-20 07:35:41.155643,16.17,15.44,16.17,16.17,1019,61,5.96,7,69,0.0,Clouds,broken clouds,7
Halmaj,48.246667,20.991667,2026-05-20 07:35:42.389346,16.15,15.34,16.15,16.15,1019,58,6.04,7,74,0.0,Clouds,broken clouds,7
Csobád,48.277222,21.033889,2026-05-20 07:35:43.624418,16.12,15.3,16.12,16.12,1019,58,6.12,8,77,0.0,Clouds,broken clouds,7
Ináncs,48.291111,21.057778,2026-05-20 07:35:44.852873,16.12,15.3,16.12,16.12,1019,58,6.2,9,80,0.0,Clouds,broken clouds,7
Forró-Encs,48.3275,21.117778,2026-05-20 07:35:46.084583,19.0,18.5,19.0,19.0,1019,59,6.15,10,75,0.0,Clouds,broken clouds,7
Méra,48.363056,21.140278,2026-05-20 07:35:47.315257,18.67,18.13,18.67,18.67,1019,59,6.03,11,59,0.0,Clouds,broken clouds,7
Novajidrány,48.404444,21.170556,2026-05-20 07:35:48.547686,19.99,19.59,18.5,19.99,1019,59,5.86,11,49,0.0,Clouds,scattered clouds,7
Hernádszurdok,48.487222,21.213889,2026-05-20 07:35:49.783352,19.46,18.85,16.92,19.91,1019,53,8.23,360,0,0.0,Clear,clear sky,7
Hidasnémeti,48.508333,21.229722,2026-05-20 07:35:51.008997,19.46,18.85,16.92,19.92,1019,53,8.23,360,0,0.0,Clear,clear sky,7
Mád,48.19,21.268889,2026-05-20 07:35:52.238615,16.74,15.91,16.74,16.74,1019,55,5.1,7,73,0.0,Clouds,broken clouds,7
Rátka,48.215,21.230278,2026-05-20 07:35:53.472559,16.9,16.08,16.9,16.9,1019,55,5.33,7,80,0.0,Clouds,broken clouds,7
Tállya,48.226944,21.225278,2026-05-20 07:35:54.711064,16.85,16.03,16.85,16.85,1019,55,5.33,7,80,0.0,Clouds,broken clouds,7
Golop,48.242778,21.204167,2026-05-20 07:35:55.949076,16.97,16.16,16.97,16.97,1019,55,5.77,7,87,0.0,Clouds,overcast clouds,7
Abaújszántó,48.286944,21.181667,2026-05-20 07:35:57.179490,16.88,16.16,16.88,16.88,1019,59,5.84,8,81,0.0,Clouds,broken clouds,7
Abaújszántói fürdő,48.268333,21.179722,2026-05-20 07:35:58.411518,16.94,16.23,16.94,16.94,1019,59,5.81,8,85,0.0,Clouds,overcast clouds,7
Abaújkér,48.309444,21.198333,2026-05-20 07:35:59.644397,16.84,16.12,16.84,16.84,1019,59,5.86,9,75,0.0,Clouds,broken clouds,7
Boldogkőváralja,48.345,21.208889,2026-05-20 07:36:00.876540,16.64,15.93,16.64,16.64,1019,60,5.44,9,62,0.0,Clouds,broken clouds,7
Korlát-Vizsoly,48.365,21.219167,2026-05-20 07:36:02.117579,16.55,15.83,16.55,16.55,1019,60,5.44,10,55,0.0,Clouds,broken clouds,7
Fony,48.411389,21.242778,2026-05-20 07:36:03.357820,19.79,19.39,18.3,19.79,1019,60,5.42,10,38,0.0,Clouds,scattered clouds,7
Hejce-Vilmány,48.419444,21.245556,2026-05-20 07:36:04.590375,19.76,19.36,18.27,19.76,1019,60,5.42,10,38,0.0,Clouds,scattered clouds,7
Göncruszka,48.445,21.246944,2026-05-20 07:36:05.825102,19.39,18.95,16.85,19.85,1019,60,5.42,11,30,0.0,Clouds,scattered clouds,7
Gönc,48.470556,21.261389,2026-05-20 07:36:07.056232,19.27,18.82,16.75,19.75,1019,60,5.2,11,23,0.0,Clouds,few clouds,7
Zsujta,48.4925,21.265,2026-05-20 07:36:08.290088,19.28,18.65,16.77,19.77,1019,53,8.23,360,0,0.0,Clear,clear sky,7
Bodrogkeresztúr,48.175556,21.354167,2026-05-20 07:36:09.518239,17.01,16.2,17.01,17.01,1019,55,4.85,9,59,0.0,Clouds,broken clouds,7
Szegi,48.201944,21.387778,2026-05-20 07:36:10.754522,17.05,16.25,14.65,17.05,1019,55,4.81,11,49,0.0,Clouds,scattered clouds,7
Erdőbénye,48.218056,21.401944,2026-05-20 07:36:11.987129,17.02,16.21,14.62,17.02,1019,55,4.82,11,44,0.0,Clouds,scattered clouds,7
Olaszliszka-Tolcsva,48.258333,21.448056,2026-05-20 07:36:13.221843,17.05,16.25,14.65,17.05,1019,55,4.84,11,37,0.0,Clouds,scattered clouds,7
Bodrogolaszi,48.286944,21.512778,2026-05-20 07:36:14.455545,14.59,14.72,14.59,16.99,1019,100,4.91,10,31,0.0,Clouds,scattered clouds,7
Sárospatak,48.325833,21.566111,2026-05-20 07:36:15.690624,14.54,14.66,14.54,16.94,1019,100,5.43,8,20,0.0,Clouds,few clouds,7
Sátoraljaújhely,48.385833,21.657778,2026-05-20 07:36:16.919880,14.62,14.75,14.62,14.62,1019,100,5.98,3,16,0.0,Clouds,few clouds,7
Vecsés,47.40855,19.25652,2026-05-20 07:36:18.153680,20.15,19.5,19.36,20.44,1020,49,1.54,0,20,0.0,Clouds,few clouds,7
Vecsés-Kertekalja,47.403333,19.271389,2026-05-20 07:36:19.384956,20.19,19.54,19.4,20.48,1020,49,1.54,0,20,0.0,Clouds,few clouds,7
Üllő,47.390833,19.348889,2026-05-20 07:36:20.613970,20.14,19.49,19.35,20.44,1020,49,1.54,0,20,0.0,Clouds,few clouds,7
Monor,47.34545,19.43701,2026-05-20 07:36:21.852517,20.07,19.41,20.07,20.07,1020,49,1.54,0,20,0.0,Clouds,few clouds,7
Pilis,47.279722,19.536389,2026-05-20 07:36:23.093030,19.75,19.16,19.75,20.03,1020,53,2.83,335,0,0.0,Clear,clear sky,7
Albertirsa,47.240278,19.606389,2026-05-20 07:36:24.330216,19.84,19.26,19.84,19.84,1020,53,2.88,337,0,0.0,Clear,clear sky,7
Ceglédbercel-Cserő,47.210278,19.686944,2026-05-20 07:36:25.558245,19.91,19.34,19.91,19.91,1020,53,2.9,341,0,0.0,Clear,clear sky,7
Cegléd,47.182778,19.806111,2026-05-20 07:36:26.790415,20.03,19.47,20.01,20.46,1020,53,2.95,347,0,0.0,Clear,clear sky,7
Abony,47.173056,20.016389,2026-05-20 07:36:28.021542,20.45,19.96,19.97,20.52,1020,54,5.14,20,0,0.0,Clear,clear sky,7
Szolnok,47.179167,20.175833,2026-05-20 07:36:29.254731,20.24,19.7,19.99,20.54,1019,53,5.14,20,0,0.0,Clear,clear sky,7
Szajol,47.170556,20.295278,2026-05-20 07:36:30.489120,20.01,19.42,20.01,20.55,1019,52,5.14,20,0,0.0,Clear,clear sky,7
Törökszentmiklós,47.170278,20.413611,2026-05-20 07:36:31.718936,20.0,19.41,20.0,20.55,1019,52,5.14,20,0,0.0,Clear,clear sky,7
Rákoscsaba-Újtelep,47.4875,19.271944,2026-05-20 07:36:32.947440,20.07,19.44,19.07,20.34,1020,50,1.54,0,20,0.0,Clouds,few clouds,7
Rákoscsaba,47.492222,19.284722,2026-05-20 07:36:34.186987,20.06,19.43,19.25,20.33,1020,50,1.54,0,20,0.0,Clouds,few clouds,7
Pécel,47.493889,19.338889,2026-05-20 07:36:35.419985,19.94,19.27,19.12,20.21,1020,49,1.54,0,20,0.0,Clouds,few clouds,7
Isaszeg,47.537719,19.388955,2026-05-20 07:36:36.657085,19.81,19.13,19.81,20.12,1020,49,1.54,0,20,0.0,Clouds,few clouds,7
Gödöllő,47.592222,19.358611,2026-05-20 07:36:37.889368,19.7,19.01,18.81,19.9,1020,49,1.54,0,20,0.0,Clouds,few clouds,7
Máriabesnyő,47.595556,19.389722,2026-05-20 07:36:39.117299,19.78,19.25,19.73,20.04,1020,55,2.69,339,0,0.0,Clear,clear sky,7
Bag,47.641111,19.471667,2026-05-20 07:36:40.358197,20.08,19.61,20.08,20.08,1020,56,2.85,335,0,0.0,Clear,clear sky,7
Aszód,47.647467,19.492882,2026-05-20 07:36:41.599003,20.16,19.69,20.16,20.16,1020,56,2.86,334,0,0.0,Clear,clear sky,7
Hévízgyörk,47.638611,19.526667,2026-05-20 07:36:42.828390,19.65,19.13,19.65,19.65,1020,56,2.87,334,0,0.0,Clear,clear sky,7
Galgahévíz,47.6325,19.558333,2026-05-20 07:36:44.062389,19.88,19.39,19.88,19.88,1020,56,2.92,336,1,0.0,Clear,clear sky,7
Tura,47.626389,19.5975,2026-05-20 07:36:45.305393,19.81,19.31,19.81,19.81,1020,56,2.92,336,1,0.0,Clear,clear sky,7
Hatvan,47.663611,19.671389,2026-05-20 07:36:46.542833,19.85,19.33,19.85,19.85,1020,55,2.61,340,2,0.0,Clear,clear sky,7
Vámosgyörk,47.686111,19.927778,2026-05-20 07:36:47.778556,18.83,18.15,18.83,18.83,1020,53,1.57,356,0,0.0,Clear,clear sky,7
Adács,47.696389,19.975278,2026-05-20 07:36:49.010628,18.78,18.12,18.78,18.78,1020,54,1.42,1,1,0.0,Clear,clear sky,7
Karácsond,47.718056,20.048611,2026-05-20 07:36:50.260092,18.81,18.34,18.81,18.81,1020,61,1.45,2,6,0.0,Clear,clear sky,7
Ludas,47.723889,20.095556,2026-05-20 07:36:51.490641,18.76,18.28,18.76,18.76,1020,61,1.52,344,31,0.0,Clouds,scattered clouds,7
Nagyút,47.72666666666667,20.161388888888887,2026-05-20 07:36:52.726558,18.79,18.32,18.79,18.79,1020,61,1.63,339,42,0.0,Clouds,scattered clouds,7
Kál-Kápolna,47.734167,20.254167,2026-05-20 07:36:53.961612,18.76,18.1,18.76,18.76,1020,54,1.99,330,81,0.0,Clouds,broken clouds,7
Füzesabony,47.751389,20.415278,2026-05-20 07:36:55.191938,19.81,19.23,19.81,19.81,1019,53,1.96,349,100,0.0,Clouds,overcast clouds,7
Szihalom,47.766944,20.491944,2026-05-20 07:36:56.429827,20.73,20.24,20.73,20.73,1019,53,2.21,4,100,0.0,Clouds,overcast clouds,7
Mezőkövesd,47.797222,20.5675,2026-05-20 07:36:57.663156,20.74,20.23,20.74,20.74,1019,52,3.42,18,68,0.0,Clouds,broken clouds,7
Mezőkövesd felső,47.807222,20.591389,2026-05-20 07:36:58.899517,20.72,20.21,16.92,20.72,1019,52,3.42,18,68,0.0,Clouds,broken clouds,7
Mezőkeresztes-Mezőnyárád,47.845556,20.670278,2026-05-20 07:37:00.132074,16.92,16.05,16.19,16.92,1019,53,5.1,20,35,0.0,Clouds,scattered clouds,7
Csincse,47.890833,20.764167,2026-05-20 07:37:01.366465,16.21,15.32,16.21,16.94,1019,55,6.35,17,35,0.0,Clouds,scattered clouds,7
Emőd,47.930556,20.822778,2026-05-20 07:37:02.596009,16.23,15.5,16.23,16.96,1019,61,6.59,15,48,0.0,Clouds,scattered clouds,7
Nyékládháza,47.9925,20.840556,2026-05-20 07:37:03.823581,16.26,15.53,16.26,16.99,1019,61,6.64,13,59,0.0,Clouds,broken clouds,7
Miskolc-Tiszai,48.098611,20.811389,2026-05-20 07:37:05.063643,16.18,15.45,16.18,16.91,1019,61,5.77,10,49,0.0,Clouds,scattered clouds,7
Felsőzsolca,48.083611,20.866111,2026-05-20 07:37:06.295016,16.21,15.48,16.21,16.93,1019,61,6.26,8,61,0.0,Clouds,broken clouds,7
Hernádnémeti-Bőcs,48.051389,20.985,2026-05-20 07:37:07.534651,16.21,15.48,16.21,20.74,1019,61,6.49,6,73,0.0,Clouds,broken clouds,7
Tiszalúc,48.039722,21.0575,2026-05-20 07:37:08.765348,16.25,15.42,16.25,17.04,1019,57,6.0,4,68,0.0,Clouds,broken clouds,7
Taktaharkány,48.091667,21.128611,2026-05-20 07:37:10.000948,17.09,16.29,16.3,17.09,1019,55,5.89,4,73,0.0,Clouds,broken clouds,7
Taktaszada,48.1125,21.149444,2026-05-20 07:37:11.237620,17.1,16.3,16.31,17.1,1019,55,5.75,4,76,0.0,Clouds,broken clouds,7
Szerencs,48.155556,21.214444,2026-05-20 07:37:12.470054,17.09,16.29,17.09,17.09,1019,55,5.24,6,75,0.0,Clouds,broken clouds,7
Mezőzombor,48.156944,21.267778,2026-05-20 07:37:13.703651,17.09,16.29,17.09,17.09,1019,55,5.07,7,70,0.0,Clouds,broken clouds,7
Tarcal,48.125,21.34,2026-05-20 07:37:14.945629,17.11,16.31,17.11,17.11,1019,55,4.83,9,50,0.0,Clouds,scattered clouds,7
Tokaj,48.112778,21.406667,2026-05-20 07:37:16.177573,17.07,16.27,17.07,17.07,1019,55,4.93,12,36,0.0,Clouds,scattered clouds,7
Rakamaz,48.12,21.475,2026-05-20 07:37:17.409857,17.07,16.27,17.07,17.07,1019,55,5.04,12,32,0.0,Clouds,scattered clouds,7
Görögszállás,48.04,21.555,2026-05-20 07:37:18.642158,17.03,16.22,17.03,17.03,1019,55,5.48,14,21,0.0,Clouds,few clouds,7
Nyírtelek,48.005,21.615556,2026-05-20 07:37:19.875868,17.07,16.43,17.07,17.07,1019,61,5.92,13,16,0.0,Clouds,few clouds,7
Rákoshegy,47.468611,19.245556,2026-05-20 07:37:21.108090,20.01,19.42,19.02,20.29,1020,52,1.54,0,20,0.0,Clouds,few clouds,7
Ecser,47.439444,19.318056,2026-05-20 07:37:22.342932,20.04,19.38,19.25,20.33,1020,49,1.54,0,20,0.0,Clouds,few clouds,7
Maglód,47.438889,19.340833,2026-05-20 07:37:23.576619,19.98,19.31,19.19,20.27,1020,49,1.54,0,20,0.0,Clouds,few clouds,7
Maglódi nyaraló,47.434167,19.363611,2026-05-20 07:37:24.807537,19.89,19.21,19.09,20.18,1020,49,1.54,0,20,0.0,Clouds,few clouds,7
Gyömrő,47.429722,19.393333,2026-05-20 07:37:26.043821,19.83,19.15,19.82,20.14,1020,49,1.54,0,20,0.0,Clouds,few clouds,7
Mende,47.426944,19.439722,2026-05-20 07:37:27.276616,19.79,19.1,19.79,20.07,1020,49,1.54,0,20,0.0,Clouds,few clouds,7
Szőlősnyaraló,47.450278,19.561111,2026-05-20 07:37:28.507291,20.02,19.51,19.74,20.02,1020,55,3.06,335,0,0.0,Clear,clear sky,7
Sülysáp,47.451944,19.5275,2026-05-20 07:37:29.738455,20.0,19.49,19.72,20.0,1020,55,2.89,337,0,0.0,Clear,clear sky,7
Tápiószecső,47.443056,19.614722,2026-05-20 07:37:30.967616,19.82,19.29,19.82,20.1,1020,55,3.11,335,1,0.0,Clear,clear sky,7
Szentmártonkáta,47.431944,19.680556,2026-05-20 07:37:32.201677,19.85,19.27,19.85,19.85,1020,53,3.17,333,1,0.0,Clear,clear sky,7
Nagykáta,47.409722,19.737778,2026-05-20 07:37:33.440309,19.92,19.35,19.92,19.92,1020,53,3.15,333,1,0.0,Clear,clear sky,7
Farmos,47.355278,19.8375,2026-05-20 07:37:34.675243,20.03,19.47,20.03,20.03,1020,53,0.89,354,0,0.0,Clear,clear sky,7
Tápiószele,47.346313,19.873504,2026-05-20 07:37:35.905464,20.01,19.45,20.01,20.01,1020,53,0.89,354,0,0.0,Clear,clear sky,7
Tápiógyörgye,47.325,19.95,2026-05-20 07:37:37.136458,20.07,19.52,20.07,20.51,1020,53,0.89,354,0,0.0,Clear,clear sky,7
Újszász,47.285833,20.066944,2026-05-20 07:37:38.367587,20.12,19.57,20.01,20.55,1020,53,3.1,357,2,0.0,Clear,clear sky,7
Szurdokpüspöki,47.851944,19.690278,2026-05-20 07:37:39.603442,18.61,17.91,18.61,18.61,1020,53,1.92,341,1,0.0,Clear,clear sky,7
Lőrinci,47.739444,19.673611,2026-05-20 07:37:40.842072,18.68,18.01,18.68,18.68,1020,54,2.4,341,2,0.0,Clear,clear sky,7
Selyp,47.759167,19.670833,2026-05-20 07:37:42.075396,18.68,18.01,18.68,18.68,1020,54,2.3,342,2,0.0,Clear,clear sky,7
Apc-Zagyvaszántó,47.791328,19.66822,2026-05-20 07:37:43.318629,18.65,17.98,18.65,18.65,1020,54,2.21,342,2,0.0,Clear,clear sky,7
Pásztó,47.918889,19.688889,2026-05-20 07:37:44.553463,18.49,17.78,18.49,18.49,1020,53,1.74,339,1,0.0,Clear,clear sky,7
Mátraszőlős-Hasznos,47.938506,19.706122,2026-05-20 07:37:45.789760,18.45,17.71,18.45,18.45,1020,52,1.62,343,0,0.0,Clear,clear sky,7
Tar,47.956111,19.746389,2026-05-20 07:37:47.023307,18.39,17.64,18.39,18.39,1020,52,1.66,355,0,0.0,Clear,clear sky,7
Mátraverebély,47.968333,19.778611,2026-05-20 07:37:48.252942,18.06,17.28,18.06,18.06,1020,52,1.66,355,0,0.0,Clear,clear sky,7
Nagybátony,47.981111,19.82,2026-05-20 07:37:49.487611,18.27,17.75,18.27,18.27,1020,61,1.73,359,0,0.0,Clear,clear sky,7
Kisterenye,48.009444,19.831944,2026-05-20 07:37:50.716547,18.26,17.5,18.26,18.26,1020,52,1.87,1,0,0.0,Clear,clear sky,7
Kisterenye-Bányatelep,48.021389,19.831944,2026-05-20 07:37:51.955408,18.26,17.5,18.26,18.26,1020,52,1.87,1,0,0.0,Clear,clear sky,7
Salgótarján külső,48.089444,19.790833,2026-05-20 07:37:53.192185,17.99,17.23,17.99,17.99,1020,53,1.49,343,0,0.0,Clear,clear sky,7
Balatonfenyves GV,46.7125,17.479167,2026-05-20 07:37:54.427312,17.08,16.33,17.08,17.08,1021,57,4.49,339,8,0.0,Clear,clear sky,7
Várhegyalja,47.737778,18.366667,2026-05-20 07:37:55.661054,19.74,19.21,19.74,19.74,1021,55,2.99,325,6,0.0,Clear,clear sky,7
Imremajor,46.680556,17.499722,2026-05-20 07:37:56.899590,17.11,16.36,17.11,17.11,1021,57,4.42,339,9,0.0,Clear,clear sky,7
Rákospalota-Kertváros,47.578333,19.122778,2026-05-20 07:37:58.135635,20.4,19.91,19.27,20.53,1020,54,1.54,0,20,0.0,Clouds,few clouds,7
Vicziántelep,47.675833,19.286111,2026-05-20 07:37:59.374972,19.97,19.46,18.92,20.0,1020,55,2.73,338,0,0.0,Clear,clear sky,7
Pálmajor,46.662831,17.457526,2026-05-20 07:38:00.615318,17.1,16.35,17.1,17.1,1021,57,4.43,340,9,0.0,Clear,clear sky,7
Somogyszentpál felső,46.649758,17.471404,2026-05-20 07:38:01.851028,17.07,16.32,17.07,17.07,1021,57,4.34,339,9,0.0,Clear,clear sky,7
Somogyszentpál,46.638611,17.478611,2026-05-20 07:38:03.083226,17.06,16.31,17.06,17.06,1021,57,4.28,339,9,0.0,Clear,clear sky,7
Rudnaykert,47.7175,19.257778,2026-05-20 07:38:04.330367,20.35,19.88,20.31,20.35,1020,55,2.74,336,0,0.0,Clear,clear sky,7
Maroshegy,47.158333,18.406667,2026-05-20 07:38:05.562132,20.21,19.64,20.21,20.21,1021,52,4.74,344,2,0.0,Clear,clear sky,7
Bánhida,47.573703,18.371737,2026-05-20 07:38:06.800988,19.57,19.02,19.57,19.57,1021,55,3.6,326,5,0.0,Clear,clear sky,7
Magyarkút,47.850278,19.045,2026-05-20 07:38:08.032844,18.94,18.33,18.94,18.94,1020,55,2.05,314,0,0.0,Clear,clear sky,7
Becske alsó,47.897222,19.364722,2026-05-20 07:38:09.266783,18.53,17.95,18.53,18.53,1020,58,2.63,323,0,0.0,Clear,clear sky,7
Hosszúberek-Péteri,47.370556,19.389722,2026-05-20 07:38:10.501837,20.1,19.45,20.1,20.38,1020,49,1.54,0,20,0.0,Clouds,few clouds,7
Monorierdő,47.308889,19.499167,2026-05-20 07:38:11.733547,20.01,19.48,19.73,20.01,1020,54,2.8,335,0,0.0,Clear,clear sky,7
Ceglédbercel,47.215833,19.658611,2026-05-20 07:38:12.967951,19.9,19.33,19.9,19.9,1020,53,2.87,340,0,0.0,Clear,clear sky,7
Budai út,47.208333,19.731389,2026-05-20 07:38:14.200952,19.94,19.37,19.94,19.94,1020,53,2.91,342,0,0.0,Clear,clear sky,7
Büdöskútpuszta,48.373056,20.726111,2026-05-20 07:38:15.434753,19.15,18.56,19.15,19.15,1019,55,1.57,28,2,0.0,Clear,clear sky,7
Bánrévei Vízmű,48.282778,20.368333,2026-05-20 07:38:16.671387,16.69,15.75,16.69,16.69,1020,51,2.2,350,6,0.0,Clear,clear sky,7
Rákoskert,47.456389,19.296111,2026-05-20 07:38:17.909758,19.91,19.24,19.12,20.2,1020,49,1.54,0,20,0.0,Clouds,few clouds,7
Szirmabesenyő,48.146944,20.783056,2026-05-20 07:38:19.144466,16.11,15.37,16.11,16.84,1019,61,4.85,7,32,0.0,Clouds,scattered clouds,7
Kitérőgyár,47.766944,19.935278,2026-05-20 07:38:20.376062,18.5,18.0,18.5,18.5,1020,61,1.86,15,0,0.0,Clear,clear sky,7
Tápiószentmárton,47.373333,19.797778,2026-05-20 07:38:21.610231,19.97,19.41,19.97,19.97,1020,53,0.89,354,0,0.0,Clear,clear sky,7
Zagyvarékas,47.244229,20.097435,2026-05-20 07:38:22.839320,20.32,19.82,20.01,20.56,1020,54,5.14,20,0,0.0,Clear,clear sky,7
Abonyi út,47.206401,20.125204,2026-05-20 07:38:24.075678,20.3,19.8,20.01,20.56,1019,54,5.14,20,0,0.0,Clear,clear sky,7
Jászkisér felső,47.438056,20.202222,2026-05-20 07:38:25.310081,20.0,19.41,20.0,20.0,1020,52,2.7,358,29,0.0,Clouds,scattered clouds,7
Szellőhát,47.425556,20.188889,2026-05-20 07:38:26.547991,20.11,19.53,20.11,20.11,1020,52,2.86,359,25,0.0,Clouds,scattered clouds,7
Szilvásvárad-Szalajkavölgy,48.0956,20.38272,2026-05-20 07:38:27.783636,15.25,15.26,15.25,15.25,1019,93,2.44,356,0,0.0,Clear,clear sky,7
Vásárosnamény külső,48.084444,22.255556,2026-05-20 07:38:29.019288,19.65,19.39,19.65,19.65,1018,66,4.56,347,13,0.0,Clouds,few clouds,7
Újváros,46.660556,20.536111,2026-05-20 07:38:30.253583,19.98,19.26,19.43,19.98,1019,47,5.15,359,9,0.0,Clear,clear sky,7
Városi park,46.697778,19.864722,2026-05-20 07:38:31.486531,21.66,21.32,20.1,21.66,1019,55,3.72,355,0,0.0,Clear,clear sky,7
Belsőkamaráspuszta,46.341944,20.848889,2026-05-20 07:38:32.729276,18.36,18.16,18.36,18.36,1019,73,5.11,349,13,0.0,Clouds,few clouds,7
Sajószöged,47.945278,20.981667,2026-05-20 07:38:33.959373,20.83,20.25,16.3,20.83,1019,49,6.41,8,76,0.0,Clouds,broken clouds,7
Kazincbarcika alsó,48.255278,20.649167,2026-05-20 07:38:35.193965,16.07,15.14,16.07,16.8,1020,54,2.29,2,0,0.0,Clear,clear sky,7
Nyárjas,46.857778,19.923611,2026-05-20 07:38:36.423386,20.05,19.29,20.05,21.62,1019,45,4.12,30,0,0.0,Clear,clear sky,7
Pogonyipuszta,48.296389,20.381667,2026-05-20 07:38:37.654106,16.65,15.7,16.65,16.65,1020,51,2.2,350,6,0.0,Clear,clear sky,7
Sióvölgy,46.911103,18.076964,2026-05-20 07:38:38.889133,18.3,17.88,18.3,20.53,1021,65,3.43,350,8,0.0,Clear,clear sky,7
Répáspuszta,46.430278,17.847222,2026-05-20 07:38:40.124339,20.08,19.61,20.08,20.08,1021,56,3.8,338,4,0.0,Clear,clear sky,7
Virányos,48.066667,21.527222,2026-05-20 07:38:41.354045,17.06,16.26,17.06,17.06,1019,55,5.43,14,22,0.0,Clouds,few clouds,7
Füzesbokor,47.988611,21.6475,2026-05-20 07:38:42.589884,17.06,16.41,17.06,17.06,1019,61,6.01,13,14,0.0,Clouds,few clouds,7
Kunfehértó,46.355833,19.417222,2026-05-20 07:38:43.824691,20.62,20.2,20.62,20.62,1020,56,3.29,343,1,0.0,Clear,clear sky,7
Erdőszél,46.329444,19.395,2026-05-20 07:38:45.054304,20.43,19.99,20.43,20.43,1020,56,3.22,342,2,0.0,Clear,clear sky,7
Jánoshalma,46.293056,19.330278,2026-05-20 07:38:46.289578,20.44,20.03,20.44,20.44,1020,57,3.17,342,2,0.0,Clear,clear sky,7
Mélykút,46.213056,19.370556,2026-05-20 07:38:47.529320,20.38,19.99,20.38,20.38,1020,58,3.09,343,3,0.0,Clear,clear sky,7
Bácsalmás,46.118056,19.346389,2026-05-20 07:38:48.764968,20.27,19.87,20.27,20.27,1020,58,2.96,343,4,0.0,Clear,clear sky,7
Almás,46.116216,19.328803,2026-05-20 07:38:50.001758,20.27,19.87,20.27,20.27,1020,58,2.96,343,4,0.0,Clear,clear sky,7
Bácsbokod-Bácsborsód,46.115833,19.16,2026-05-20 07:38:51.236161,20.16,19.8,20.16,20.16,1020,60,2.96,340,5,0.0,Clear,clear sky,7
Baja,46.187014,18.957602,2026-05-20 07:38:52.472594,20.29,19.97,20.29,20.29,1020,61,2.89,339,3,0.0,Clear,clear sky,7
Harkakötöny,46.458333,19.601944,2026-05-20 07:38:53.705005,17.06,16.21,17.06,17.06,1020,53,3.55,344,0,0.0,Clear,clear sky,7
Tajó,46.473056,19.650556,2026-05-20 07:38:54.935282,17.1,16.25,17.1,17.1,1020,53,3.61,344,0,0.0,Clear,clear sky,7
Kiskunmajsa,46.501667,19.728056,2026-05-20 07:38:56.171604,17.14,16.27,17.14,21.61,1020,52,3.72,345,0,0.0,Clear,clear sky,7
Jászszentlászló,46.565833,19.753611,2026-05-20 07:38:57.401356,21.63,21.28,21.63,21.63,1019,55,3.73,348,0,0.0,Clear,clear sky,7
Galambos,46.625,19.801111,2026-05-20 07:38:58.633763,21.66,21.32,21.66,21.66,1019,55,3.69,350,0,0.0,Clear,clear sky,7
Pestszentimre,47.402222,19.188611,2026-05-20 07:38:59.870864,20.19,19.62,19.23,20.5,1020,52,1.54,0,20,0.0,Clouds,few clouds,7
Gyál felső,47.390278,19.204722,2026-05-20 07:39:01.105139,20.22,19.58,19.42,20.5,1020,49,1.54,0,20,0.0,Clouds,few clouds,7
Gyál,47.376667,19.219444,2026-05-20 07:39:02.338075,20.24,19.6,19.44,20.53,1020,49,1.54,0,20,0.0,Clouds,few clouds,7
Ócsa,47.301389,19.232222,2026-05-20 07:39:03.566929,20.25,19.61,19.45,20.51,1020,49,1.54,0,20,0.0,Clouds,few clouds,7
Inárcs-Kakucs,47.247222,19.317778,2026-05-20 07:39:04.802286,20.23,19.69,20.23,20.23,1020,53,2.69,332,0,0.0,Clear,clear sky,7
Dabas,47.194722,19.328889,2026-05-20 07:39:06.036870,20.24,19.7,20.24,20.24,1020,53,2.78,332,0,0.0,Clear,clear sky,7
Gyón,47.178333,19.355556,2026-05-20 07:39:07.269714,20.21,19.67,20.21,20.21,1020,53,2.83,332,0,0.0,Clear,clear sky,7
Hernád,47.161389,19.4025,2026-05-20 07:39:08.509140,20.22,19.68,20.22,20.22,1020,53,2.82,336,0,0.0,Clear,clear sky,7
Bakonygyirót,47.416389,17.811944,2026-05-20 07:39:09.741730,17.59,16.92,16.71,17.59,1022,58,3.43,319,7,0.0,Clear,clear sky,7
Vinye,47.360317,17.819635,2026-05-20 07:39:10.975481,16.03,15.18,16.03,16.91,1022,57,3.75,321,7,0.0,Clear,clear sky,7
Nemesgörzsöny,47.402924,17.376385,2026-05-20 07:39:12.211120,17.16,16.58,17.16,17.16,1022,63,2.06,10,0,0.0,Clear,clear sky,7
Rábahíd,47.438618,17.337525,2026-05-20 07:39:13.450340,17.15,16.57,17.15,17.15,1022,63,2.06,10,0,0.0,Clear,clear sky,7
Öskü,47.162222,18.076389,2026-05-20 07:39:14.685370,17.97,17.21,17.97,17.97,1021,53,4.99,340,7,0.0,Clear,clear sky,7
Márkó,47.1275,17.813889,2026-05-20 07:39:15.922757,19.31,18.63,19.31,19.31,1022,51,4.04,328,8,0.0,Clear,clear sky,7
Nemeskocs,47.203333,17.188889,2026-05-20 07:39:17.153879,17.11,16.34,17.11,17.11,1022,56,4.68,346,15,0.0,Clouds,few clouds,7
Zalagyömörő,47.011111,17.220833,2026-05-20 07:39:18.389129,20.51,20.1,20.51,20.51,1022,57,4.82,350,13,0.0,Clouds,few clouds,7
Rigács,47.061667,17.199167,2026-05-20 07:39:19.620489,20.46,20.05,20.46,20.46,1022,57,4.8,350,13,0.0,Clouds,few clouds,7
Kemenespálfa,47.139722,17.183056,2026-05-20 07:39:20.854238,20.53,20.1,20.53,20.53,1022,56,4.66,349,14,0.0,Clouds,few clouds,7
Lentiszombathely,46.611389,16.5725,2026-05-20 07:39:22.084249,21.62,21.17,21.62,21.62,1021,51,1.55,337,18,0.0,Clouds,few clouds,7
Ortaháza,46.626667,16.685833,2026-05-20 07:39:23.322488,20.87,20.32,20.87,20.87,1021,50,1.42,351,17,0.0,Clouds,few clouds,7
Rádiháza,46.654722,16.765833,2026-05-20 07:39:24.560742,20.74,20.2,20.74,20.74,1021,51,1.67,357,16,0.0,Clouds,few clouds,7
Baktüttös,46.690833,16.826389,2026-05-20 07:39:25.791690,16.6,15.73,16.6,16.6,1021,54,2.46,358,16,0.0,Clouds,few clouds,7
Budafa,46.851667,16.624722,2026-05-20 07:39:27.032443,20.89,20.42,20.89,20.89,1021,53,1.63,357,17,0.0,Clouds,few clouds,7
Zalapatakalja,46.845556,16.603889,2026-05-20 07:39:28.266219,20.92,20.45,20.92,20.92,1022,53,1.41,356,19,0.0,Clouds,few clouds,7
Tormásliget,47.430556,16.781667,2026-05-20 07:39:29.494369,20.86,20.44,20.86,20.86,1022,55,4.04,344,17,0.0,Clouds,few clouds,7
Belecska,46.64,18.411389,2026-05-20 07:39:30.729493,20.41,19.94,20.41,20.41,1021,55,3.82,349,0,0.0,Clear,clear sky,7
Almár,47.956111,20.356944,2026-05-20 07:39:31.964684,16.49,16.62,16.46,20.26,1019,93,2.31,350,17,0.0,Clouds,few clouds,7
Vasútmúzeum,47.543889,19.099444,2026-05-20 07:39:33.197662,20.36,19.86,19.27,20.54,1020,54,1.54,0,20,0.0,Clouds,few clouds,7
Abda,47.690833,17.540556,2026-05-20 07:39:34.438445,18.09,17.47,18.09,18.09,1021,58,3.38,318,17,0.0,Clouds,few clouds,7
Vadaspark,47.526111,18.949167,2026-05-20 07:39:35.678253,18.01,17.3,17.47,18.74,1020,55,1.34,35,0,0.0,Clear,clear sky,7
Barosstelep,47.398889,18.989167,2026-05-20 07:39:36.916470,20.07,19.54,19.33,20.6,1020,54,2.82,330,0,0.0,Clear,clear sky,7
Fegyvernek-Örményes,47.194444,20.5575,2026-05-20 07:39:38.153680,20.02,19.49,20.02,20.02,1019,54,5.45,8,16,0.0,Clouds,few clouds,7
Zagyvapálfalva,48.068889,19.785,2026-05-20 07:39:39.387330,17.99,17.23,17.99,17.99,1020,53,1.55,348,0,0.0,Clear,clear sky,7
Salgótarján,48.105556,19.807222,2026-05-20 07:39:40.617012,17.85,17.07,17.85,17.85,1020,53,1.42,338,0,0.0,Clear,clear sky,7
Szabadisóstó,46.933889,18.118056,2026-05-20 07:39:41.846443,18.28,17.86,18.28,20.51,1021,65,3.78,354,6,0.0,Clear,clear sky,7
Siófok,46.907778,18.053889,2026-05-20 07:39:43.080478,18.28,17.86,18.28,20.51,1021,65,3.43,350,8,0.0,Clear,clear sky,7
Balatonszéplak felső,46.898056,18.018056,2026-05-20 07:39:44.315822,18.28,17.86,18.28,20.51,1021,65,3.24,346,8,0.0,Clear,clear sky,7
Balatonszéplak alsó,46.891944,17.993333,2026-05-20 07:39:45.551903,18.28,17.86,18.28,20.51,1021,65,0.89,45,8,0.0,Clear,clear sky,7
Zamárdi felső,46.886111,17.969444,2026-05-20 07:39:46.786843,20.52,19.52,18.29,20.52,1021,34,0.89,45,8,0.0,Clear,clear sky,7
Zamárdi,46.88,17.944722,2026-05-20 07:39:48.023637,20.46,19.45,18.23,20.46,1021,34,0.89,45,8,0.0,Clear,clear sky,7
Szántód,46.861944,17.899167,2026-05-20 07:39:49.260624,20.53,19.53,18.3,20.53,1021,34,0.89,45,8,0.0,Clear,clear sky,7
Szőny-Déli,47.735278,18.141944,2026-05-20 07:39:50.492037,18.12,17.42,18.12,19.5,1021,55,3.67,328,8,0.0,Clear,clear sky,7
Várpalota,47.194444,18.149167,2026-05-20 07:39:51.725113,19.62,19.05,19.62,19.62,1021,54,5.34,339,5,0.0,Clear,clear sky,7
Pétfürdő,47.1675,18.121389,2026-05-20 07:39:52.975748,18.1,17.35,18.1,18.1,1021,53,5.24,340,6,0.0,Clear,clear sky,7
Hajmáskér,47.141111,18.009444,2026-05-20 07:39:54.210735,17.88,17.11,17.88,20.11,1021,53,4.9,339,7,0.0,Clear,clear sky,7
Veszprém,47.118889,17.91,2026-05-20 07:39:55.444479,19.9,19.3,17.67,19.9,1022,52,4.26,334,8,0.0,Clear,clear sky,7
Herend,47.136944,17.760278,2026-05-20 07:39:56.679814,19.09,18.39,19.09,19.09,1022,51,4.02,327,8,0.0,Clear,clear sky,7
Városlőd,47.144167,17.652778,2026-05-20 07:39:57.909680,15.98,15.02,15.98,15.98,1022,53,4.04,328,9,0.0,Clear,clear sky,7
Városlőd-Kislőd,47.133889,17.631111,2026-05-20 07:39:59.147579,16.09,15.11,16.09,16.09,1023,52,4.2,329,9,0.0,Clear,clear sky,7
Ajka,47.105902,17.572938,2026-05-20 07:40:00.379033,16.39,15.49,16.39,16.39,1023,54,4.65,334,11,0.0,Clouds,few clouds,7
Ajka-Gyártelep,47.096806,17.555219,2026-05-20 07:40:01.620115,16.44,15.55,16.44,16.44,1023,54,4.65,334,11,0.0,Clouds,few clouds,7
Devecser,47.1125,17.435278,2026-05-20 07:40:02.853923,16.84,16.07,16.84,16.84,1022,57,4.89,339,12,0.0,Clouds,few clouds,7
Somlóvásárhely,47.124444,17.369167,2026-05-20 07:40:04.107220,16.95,16.19,16.95,16.95,1022,57,4.87,344,13,0.0,Clouds,few clouds,7
Tüskevár,47.128611,17.331389,2026-05-20 07:40:05.339814,16.99,16.23,16.99,16.99,1022,57,4.86,345,14,0.0,Clouds,few clouds,7
Karakószörcsök,47.133611,17.287778,2026-05-20 07:40:06.594606,20.4,19.98,20.4,20.4,1022,57,4.85,346,14,0.0,Clouds,few clouds,7
Kerta,47.151944,17.237222,2026-05-20 07:40:07.827819,20.52,20.12,20.52,20.52,1022,57,4.72,348,14,0.0,Clouds,few clouds,7
Boba,47.183333,17.191389,2026-05-20 07:40:09.062900,20.5,20.07,20.5,20.5,1022,56,4.66,347,15,0.0,Clouds,few clouds,7
Börgönd,47.140278,18.515,2026-05-20 07:40:10.296643,20.12,19.55,20.12,20.12,1021,52,4.29,342,1,0.0,Clear,clear sky,7
Belsőbáránd,47.102778,18.499722,2026-05-20 07:40:11.527903,20.1,19.52,20.1,20.1,1021,52,4.4,344,1,0.0,Clear,clear sky,7
Zichyújfalu,47.124444,18.6725,2026-05-20 07:40:12.769404,20.12,19.57,20.12,20.12,1020,53,3.54,338,0,0.0,Clear,clear sky,7
Seregélyes,47.121111,18.580556,2026-05-20 07:40:14.003895,20.26,19.7,20.26,20.26,1021,52,4.15,342,1,0.0,Clear,clear sky,7
Polgárdi-Ipartelepek,47.079167,18.314444,2026-05-20 07:40:15.234706,17.91,17.11,17.91,17.91,1021,52,4.73,349,2,0.0,Clear,clear sky,7
Polgárdi,47.07,18.284167,2026-05-20 07:40:16.467087,17.91,17.11,17.91,17.91,1021,52,4.73,349,2,0.0,Clear,clear sky,7
Füle,47.05,18.255278,2026-05-20 07:40:17.703293,17.88,17.08,17.88,17.88,1021,52,4.63,351,2,0.0,Clear,clear sky,7
Zánka-Erzsébettábor,46.8775,17.709167,2026-05-20 07:40:18.933146,20.46,19.45,18.23,20.46,1022,34,4.07,330,7,0.0,Clear,clear sky,7
Csajág,47.033889,18.186389,2026-05-20 07:40:20.169347,18.12,17.68,18.12,20.35,1021,65,4.35,353,5,0.0,Clear,clear sky,7
Balatonakarattya,47.017222,18.167778,2026-05-20 07:40:21.406065,17.97,17.52,17.97,20.2,1021,65,4.35,353,5,0.0,Clear,clear sky,7
Csittényhegy,47.025278,18.1375,2026-05-20 07:40:22.640403,18.19,17.76,18.19,20.42,1021,65,4.27,353,5,0.0,Clear,clear sky,7
Balatonkenese,47.0325,18.105556,2026-05-20 07:40:23.876130,18.27,17.85,18.27,20.5,1021,65,4.19,352,6,0.0,Clear,clear sky,7
Balatonfűzfő,47.060278,18.0425,2026-05-20 07:40:25.103143,18.3,17.88,18.3,20.53,1021,65,4.12,347,8,0.0,Clear,clear sky,7
Balatonalmádi,47.028333,18.015,2026-05-20 07:40:26.332955,18.27,17.85,18.27,20.5,1021,65,3.92,348,8,0.0,Clear,clear sky,7
Káptalanfüred,47.008889,18.003889,2026-05-20 07:40:27.565414,18.3,17.88,18.3,20.53,1021,65,3.67,346,8,0.0,Clear,clear sky,7
Alsóörs,46.985278,17.974722,2026-05-20 07:40:28.797612,20.54,19.54,18.31,20.54,1021,34,0.89,45,8,0.0,Clear,clear sky,7
Csopak,46.974722,17.931111,2026-05-20 07:40:30.034458,20.41,19.39,18.18,20.41,1021,34,0.89,45,8,0.0,Clear,clear sky,7
Balatonarács,46.9625,17.8975,2026-05-20 07:40:31.267732,20.31,19.28,18.08,20.31,1021,34,0.89,45,8,0.0,Clear,clear sky,7
Balatonfüred,46.955833,17.883056,2026-05-20 07:40:32.505850,20.38,19.36,18.15,20.38,1021,34,0.89,45,8,0.0,Clear,clear sky,7
Aszófő,46.925556,17.8325,2026-05-20 07:40:33.741953,20.48,19.47,18.25,20.48,1021,34,0.89,45,7,0.0,Clear,clear sky,7
Örvényes,46.9125,17.818056,2026-05-20 07:40:34.974712,20.5,19.49,18.27,20.5,1021,34,0.89,45,7,0.0,Clear,clear sky,7
Balatonudvari,46.904722,17.808056,2026-05-20 07:40:36.205284,20.53,19.53,18.3,20.53,1021,34,0.89,45,7,0.0,Clear,clear sky,7
Fövenyes,46.893611,17.789444,2026-05-20 07:40:37.436658,20.55,19.55,18.32,20.55,1021,34,0.89,45,7,0.0,Clear,clear sky,7
Balatonakali-Dörgicse,46.88,17.747778,2026-05-20 07:40:38.669271,20.54,19.54,18.31,20.54,1022,34,3.8,330,7,0.0,Clear,clear sky,7
Zánka-Köveskál,46.872778,17.687778,2026-05-20 07:40:39.902704,20.53,19.53,18.3,20.53,1022,34,4.24,330,7,0.0,Clear,clear sky,7
Balatonszepezd,46.851111,17.663056,2026-05-20 07:40:41.136771,20.53,19.53,20.53,20.53,1022,34,4.15,331,7,0.0,Clear,clear sky,7
Szepezdfürdő,46.839722,17.649444,2026-05-20 07:40:42.371760,20.5,20.04,20.5,20.5,1022,55,4.32,332,7,0.0,Clear,clear sky,7
Révfülöp,46.829167,17.632222,2026-05-20 07:40:43.619099,20.51,20.05,20.51,20.51,1022,55,4.32,332,7,0.0,Clear,clear sky,7
Balatonrendes,46.824722,17.582778,2026-05-20 07:40:44.854395,20.51,20.08,20.51,20.51,1022,56,4.63,336,8,0.0,Clear,clear sky,7
Ábrahámhegy,46.815,17.572222,2026-05-20 07:40:46.088824,20.48,20.05,20.48,20.48,1022,56,4.63,336,8,0.0,Clear,clear sky,7
Badacsonyörs,46.805556,17.531667,2026-05-20 07:40:47.326710,20.55,20.15,20.55,20.55,1022,57,4.75,337,8,0.0,Clear,clear sky,7
Kisújszállás,47.223889,20.751111,2026-05-20 07:40:48.556546,20.26,19.78,20.26,20.26,1019,55,5.35,6,24,0.0,Clouds,few clouds,7
Karcag,47.303333,20.928056,2026-05-20 07:40:49.792119,20.1,19.65,20.1,20.1,1019,57,4.95,7,25,0.0,Clouds,scattered clouds,7
Püspökladány,47.3275,21.128889,2026-05-20 07:40:51.025310,20.04,19.59,20.04,20.04,1019,57,4.83,9,12,0.0,Clouds,few clouds,7
Kaba,47.368889,21.259444,2026-05-20 07:40:52.260279,20.1,19.68,20.1,20.1,1019,58,5.14,12,5,0.0,Clear,clear sky,7
Hajdúszoboszló,47.429444,21.406944,2026-05-20 07:40:53.490955,20.09,19.51,20.09,20.09,1019,52,3.6,10,0,0.0,Clear,clear sky,7
Ebes,47.462778,21.488889,2026-05-20 07:40:54.725280,20.04,19.46,20.04,20.04,1019,52,3.6,10,0,0.0,Clear,clear sky,7
Debrecen,47.520278,21.628611,2026-05-20 07:40:55.959973,19.92,19.33,19.92,19.92,1019,52,3.6,10,0,0.0,Clear,clear sky,7
Debrecen-Csapókert,47.540556,21.648056,2026-05-20 07:40:57.196578,19.87,19.27,19.87,19.87,1019,52,3.6,10,0,0.0,Clear,clear sky,7
Apafa,47.584045,21.655858,2026-05-20 07:40:58.427695,19.83,19.23,19.83,19.83,1019,52,3.6,10,0,0.0,Clear,clear sky,7
Bocskaikert,47.6425,21.666389,2026-05-20 07:40:59.655360,19.76,19.15,19.76,19.76,1019,52,3.6,10,0,0.0,Clear,clear sky,7
Hajdúhadház,47.686944,21.679167,2026-05-20 07:41:00.891471,19.73,19.33,19.73,19.73,1019,60,5.4,11,13,0.0,Clouds,few clouds,7
Téglás,47.714722,21.684722,2026-05-20 07:41:02.126533,19.8,19.4,19.8,19.8,1019,60,5.46,11,13,0.0,Clouds,few clouds,7
Újfehértó,47.814444,21.706389,2026-05-20 07:41:03.361393,19.52,19.09,19.52,19.52,1019,60,5.72,12,12,0.0,Clouds,few clouds,7
Nyíregyháza,47.946667,21.705556,2026-05-20 07:41:04.590965,19.51,19.11,19.51,19.51,1019,61,6.01,12,13,0.0,Clouds,few clouds,7
Sóstó,47.998051,21.729047,2026-05-20 07:41:05.820944,17.04,16.42,17.04,17.04,1019,62,6.15,10,13,0.0,Clouds,few clouds,7
Sóstóhegy,48.012222,21.742778,2026-05-20 07:41:07.056981,17.04,16.44,17.04,17.04,1019,63,6.2,10,13,0.0,Clouds,few clouds,7
Kemecse,48.065556,21.801667,2026-05-20 07:41:08.293657,19.5,19.18,19.5,19.5,1019,64,6.35,7,14,0.0,Clouds,few clouds,7
Nyírbogdány,48.082222,21.855278,2026-05-20 07:41:09.523656,19.47,19.17,19.47,19.47,1019,65,6.42,5,14,0.0,Clouds,few clouds,7
Kék,48.093333,21.883889,2026-05-20 07:41:10.771518,19.5,19.23,19.5,19.5,1019,66,6.31,2,13,0.0,Clouds,few clouds,7
Demecser,48.111667,21.926667,2026-05-20 07:41:12.006724,19.52,19.25,19.52,19.52,1019,66,6.29,1,13,0.0,Clouds,few clouds,7
Gégény,48.128333,21.951944,2026-05-20 07:41:13.236399,19.5,19.26,19.5,19.5,1018,67,6.25,359,12,0.0,Clouds,few clouds,7
Pátroha,48.158611,21.996667,2026-05-20 07:41:14.470090,19.54,19.3,19.54,19.54,1018,67,6.19,357,12,0.0,Clouds,few clouds,7
Ajak,48.1865,22.048972,2026-05-20 07:41:15.706328,19.55,19.34,19.55,19.55,1018,68,6.11,355,12,0.0,Clouds,few clouds,7
Kisvárda,48.208333,22.078333,2026-05-20 07:41:16.942803,19.58,19.37,19.58,19.58,1018,68,5.84,352,12,0.0,Clouds,few clouds,7
Kisvárda-Hármasút,48.228333,22.091944,2026-05-20 07:41:18.175571,19.58,19.37,19.58,19.58,1018,68,5.84,352,12,0.0,Clouds,few clouds,7
Fényeslitke,48.267222,22.107222,2026-05-20 07:41:19.407846,19.55,19.34,19.55,19.55,1018,68,5.72,349,12,0.0,Clouds,few clouds,7
Komoró,48.305278,22.118056,2026-05-20 07:41:20.636515,19.56,19.35,19.56,19.56,1018,68,5.74,348,12,0.0,Clouds,few clouds,7
Tuzsér,48.342222,22.131667,2026-05-20 07:41:21.868239,19.5,19.28,19.5,19.5,1018,68,5.76,347,13,0.0,Clouds,few clouds,7
Tiszabezdéd,48.371389,22.145,2026-05-20 07:41:23.099067,19.54,19.33,19.54,19.54,1018,68,5.57,346,14,0.0,Clouds,few clouds,7
Záhony,48.402222,22.183611,2026-05-20 07:41:24.330538,19.56,19.32,19.56,19.56,1018,67,5.37,345,14,0.0,Clouds,few clouds,7
Karcag-Vásártér,47.3225,20.9075,2026-05-20 07:41:25.561782,20.0,19.54,20.0,20.0,1019,57,4.95,7,25,0.0,Clouds,scattered clouds,7
Berekfürdő,47.374722,20.827222,2026-05-20 07:41:26.800503,19.99,19.51,19.99,19.99,1019,56,5.27,8,48,0.0,Clouds,scattered clouds,7
Kunmadaras,47.415278,20.793056,2026-05-20 07:41:28.039937,19.98,19.5,19.98,19.98,1019,56,5.45,10,58,0.0,Clouds,broken clouds,7
Tiszaszentimre,47.490833,20.733056,2026-05-20 07:41:29.268432,19.99,19.51,19.99,19.99,1019,56,5.74,13,53,0.0,Clouds,broken clouds,7
Tiszaszőlős,47.555556,20.728056,2026-05-20 07:41:30.497749,19.99,19.51,19.99,19.99,1019,56,5.76,15,49,0.0,Clouds,scattered clouds,7
Hosszúhát,47.235556,21.101944,2026-05-20 07:41:31.731997,20.09,19.67,20.09,20.09,1019,58,4.98,9,4,0.0,Clear,clear sky,7
Szerep,47.234444,21.145833,2026-05-20 07:41:32.961606,20.07,19.65,20.07,20.07,1019,58,5.01,9,5,0.0,Clear,clear sky,7
Sárrétudvari,47.231667,21.180833,2026-05-20 07:41:34.197962,20.04,19.61,20.04,20.04,1019,58,5.05,9,6,0.0,Clear,clear sky,7
Biharnagybajom,47.208889,21.221944,2026-05-20 07:41:35.437451,20.02,19.62,20.02,20.02,1019,59,5.11,9,8,0.0,Clear,clear sky,7
Füzesgyarmat,47.113056,21.194444,2026-05-20 07:41:36.667459,20.08,19.71,20.08,20.08,1019,60,5.09,7,6,0.0,Clear,clear sky,7
Füzesgyarmatfürdő,47.093787,21.201582,2026-05-20 07:41:37.900190,20.08,19.71,20.08,20.08,1019,60,5.09,7,6,0.0,Clear,clear sky,7
Báránd,47.299722,21.235278,2026-05-20 07:41:39.128882,20.02,19.59,20.02,20.02,1019,58,5.09,11,7,0.0,Clear,clear sky,7
Sáp,47.259722,21.360556,2026-05-20 07:41:40.367401,19.95,19.54,19.95,19.95,1019,59,5.13,11,9,0.0,Clear,clear sky,7
Berettyóújfalu,47.211944,21.535556,2026-05-20 07:41:41.603351,19.85,19.51,19.85,19.85,1019,62,4.55,8,12,0.0,Clouds,few clouds,7
Mezőpeterd,47.176111,21.625278,2026-05-20 07:41:42.834413,19.17,18.79,18.28,19.17,1018,63,4.09,6,17,0.0,Clouds,few clouds,7
Biharkeresztes,47.135556,21.721389,2026-05-20 07:41:44.072365,19.14,18.68,18.25,19.14,1018,60,3.6,20,0,0.0,Clear,clear sky,7
Tócóvölgy,47.529444,21.588889,2026-05-20 07:41:45.301588,19.97,19.38,19.97,19.97,1019,52,3.6,10,0,0.0,Clear,clear sky,7
Sáregres,46.7825,18.588889,2026-05-20 07:41:46.539719,20.45,19.99,20.45,20.45,1021,55,3.34,340,0,0.0,Clear,clear sky,7
Simontornya,46.756582,18.540674,2026-05-20 07:41:47.778809,20.37,19.87,20.37,20.37,1021,54,3.68,344,0,0.0,Clear,clear sky,7
Tolnanémedi,46.727778,18.475833,2026-05-20 07:41:49.013424,20.44,19.95,20.44,20.44,1021,54,3.73,346,0,0.0,Clear,clear sky,7
Pincehely,46.681389,18.43,2026-05-20 07:41:50.252555,20.3,19.8,20.3,20.3,1021,54,3.96,349,0,0.0,Clear,clear sky,7
Keszőhidegkút-Gyönk,46.597778,18.426111,2026-05-20 07:41:51.484583,20.32,19.84,20.32,20.32,1021,55,3.76,349,0,0.0,Clear,clear sky,7
Szárazd,46.575556,18.420833,2026-05-20 07:41:52.721565,20.34,19.87,20.34,20.34,1021,55,3.71,349,0,0.0,Clear,clear sky,7
Regöly,46.568889,18.396111,2026-05-20 07:41:53.963379,20.34,19.87,20.34,20.34,1021,55,3.71,349,0,0.0,Clear,clear sky,7
Szakály-Hőgyész,46.523611,18.389444,2026-05-20 07:41:55.196799,20.23,19.77,20.23,20.23,1021,56,3.76,349,0,0.0,Clear,clear sky,7
Dúzs,46.493889,18.377222,2026-05-20 07:41:56.435801,20.26,19.8,20.26,20.26,1021,56,3.71,349,0,0.0,Clear,clear sky,7
Csibrák,46.466667,18.336389,2026-05-20 07:41:57.670070,20.3,19.85,20.3,20.3,1021,56,3.78,349,1,0.0,Clear,clear sky,7
Kurd,46.449167,18.319167,2026-05-20 07:41:58.897403,19.94,19.48,19.94,19.94,1021,57,3.74,348,1,0.0,Clear,clear sky,7
Döbrököz,46.418889,18.255,2026-05-20 07:42:00.139842,20.23,19.8,20.23,20.23,1021,57,3.75,348,1,0.0,Clear,clear sky,7
Dombóvár,46.37,18.149722,2026-05-20 07:42:01.375305,20.21,19.77,20.21,20.21,1021,57,3.54,348,2,0.0,Clear,clear sky,7
Dombóvár alsó,46.363889,18.134167,2026-05-20 07:42:02.611218,20.21,19.77,20.21,20.21,1021,57,3.54,348,2,0.0,Clear,clear sky,7
Somoskőújfalu,48.154722,19.815556,2026-05-20 07:42:03.850812,16.93,16.09,16.93,16.93,1020,54,1.27,326,0,0.0,Clear,clear sky,7
Jászfényszaru,47.593056,19.754444,2026-05-20 07:42:05.086715,19.93,19.39,19.93,19.93,1020,54,2.59,338,0,0.0,Clear,clear sky,7
Pusztamonostor,47.564444,19.794167,2026-05-20 07:42:06.318209,19.94,19.4,19.94,19.94,1020,54,2.53,336,0,0.0,Clear,clear sky,7
Jászberény,47.494444,19.893333,2026-05-20 07:42:07.551298,20.04,19.51,20.04,20.04,1020,54,2.5,330,0,0.0,Clear,clear sky,7
Meggyespele,47.441944,19.938889,2026-05-20 07:42:08.784688,20.06,19.43,20.06,20.06,1020,50,2.27,333,0,0.0,Clear,clear sky,7
Portelek,47.418056,19.958889,2026-05-20 07:42:10.022139,20.08,19.45,20.08,20.08,1020,50,2.37,335,0,0.0,Clear,clear sky,7
Jászboldogháza-Jánoshida,47.366944,20.001389,2026-05-20 07:42:11.257366,20.07,19.44,20.07,20.07,1020,50,2.5,342,0,0.0,Clear,clear sky,7
Jászárokszállás,47.635556,19.971111,2026-05-20 07:42:12.488863,18.88,18.23,18.88,18.88,1020,54,1.55,345,0,0.0,Clear,clear sky,7
Jászdózsa,47.563056,20.028056,2026-05-20 07:42:13.732148,20.08,19.55,20.08,20.08,1020,54,1.59,337,4,0.0,Clear,clear sky,7
Jászapáti,47.513611,20.155,2026-05-20 07:42:14.961628,20.1,19.55,20.1,20.1,1020,53,2.06,348,34,0.0,Clouds,scattered clouds,7
Jászkisér,47.456111,20.203333,2026-05-20 07:42:16.191248,20.01,19.45,20.01,20.01,1020,53,2.55,356,33,0.0,Clouds,scattered clouds,7
Jászladány,47.373333,20.159167,2026-05-20 07:42:17.421016,20.12,19.55,20.01,20.12,1020,52,2.97,359,14,0.0,Clouds,few clouds,7
Szászberek,47.320556,20.090833,2026-05-20 07:42:18.654675,20.11,19.48,20.01,20.55,1020,50,3.11,359,5,0.0,Clear,clear sky,7
Gyöngyöshalász,47.743056,19.932222,2026-05-20 07:42:19.888245,18.66,18.17,18.66,18.66,1020,61,1.75,12,0,0.0,Clear,clear sky,7
Gyöngyös,47.783056,19.937222,2026-05-20 07:42:21.121922,18.38,17.87,18.38,18.38,1020,61,1.83,15,0,0.0,Clear,clear sky,7
Erdőtelek,47.683333,20.3025,2026-05-20 07:42:22.361776,19.84,19.29,19.84,19.84,1020,54,2.13,337,88,0.0,Clouds,overcast clouds,7
Heves,47.609444,20.306111,2026-05-20 07:42:23.593642,19.94,19.4,19.94,19.94,1020,54,2.58,350,72,0.0,Clouds,broken clouds,7
Hevesvezekény,47.562222,20.365833,2026-05-20 07:42:24.837377,19.98,19.5,19.98,19.98,1019,56,3.22,358,60,0.0,Clouds,broken clouds,7
Tarnaszentmiklós,47.546944,20.390833,2026-05-20 07:42:26.073702,19.99,19.51,19.99,19.99,1019,56,3.47,1,50,0.0,Clouds,scattered clouds,7
Kisköre,47.495556,20.481667,2026-05-20 07:42:27.307961,20.01,19.53,20.01,20.01,1019,56,3.13,32,12,0.0,Clouds,few clouds,7
Abádszalók,47.455278,20.553056,2026-05-20 07:42:28.536573,19.99,19.51,19.99,19.99,1019,56,3.13,32,6,0.0,Clear,clear sky,7
Kunhegyes,47.376667,20.641111,2026-05-20 07:42:29.766382,19.99,19.51,19.99,19.99,1019,56,5.82,10,26,0.0,Clouds,scattered clouds,7
Kenderes,47.254444,20.686111,2026-05-20 07:42:31.004730,20.02,19.51,20.02,20.02,1019,55,5.57,8,25,0.0,Clouds,scattered clouds,7
Maklár,47.808056,20.404722,2026-05-20 07:42:32.233934,16.8,15.92,16.8,16.8,1019,53,1.79,349,98,0.0,Clouds,overcast clouds,7
Andornaktálya,47.852203,20.402295,2026-05-20 07:42:33.470946,16.83,15.93,16.74,20.54,1019,52,1.77,352,75,0.0,Clouds,broken clouds,7
Eger,47.891667,20.381667,2026-05-20 07:42:34.705580,16.67,15.75,16.65,20.45,1019,52,1.91,343,56,0.0,Clouds,broken clouds,7
Egervár,47.908056,20.380556,2026-05-20 07:42:35.940946,16.47,16.6,16.47,20.27,1019,93,1.98,346,43,0.0,Clouds,scattered clouds,7
Eger-Felnémet,47.936667,20.370556,2026-05-20 07:42:37.182295,16.52,16.66,16.52,20.32,1019,93,2.07,349,30,0.0,Clouds,scattered clouds,7
Szarvaskő,47.988611,20.3325,2026-05-20 07:42:38.413732,16.11,16.2,16.11,17.97,1019,93,2.41,352,7,0.0,Clear,clear sky,7
Mónosbél,48.031944,20.33,2026-05-20 07:42:39.645270,15.93,16.01,15.93,17.78,1019,93,2.55,354,0,0.0,Clear,clear sky,7
Bélapátfalva,48.055556,20.340556,2026-05-20 07:42:40.876587,15.64,15.69,15.64,15.64,1019,93,2.59,354,0,0.0,Clear,clear sky,7
Bélapátfalvi Cementgyár,48.058056,20.355,2026-05-20 07:42:42.106915,15.59,15.63,15.59,15.59,1019,93,2.59,354,0,0.0,Clear,clear sky,7
Szilvásvárad,48.11345,20.37919,2026-05-20 07:42:43.343982,15.46,15.49,15.46,15.46,1019,93,2.44,355,0,0.0,Clear,clear sky,7
Hejőkeresztúr,47.960278,20.869444,2026-05-20 07:42:44.582073,20.8,20.22,16.27,20.8,1019,49,1.79,15,62,0.0,Clouds,broken clouds,7
Tiszaújváros,47.926111,21.030556,2026-05-20 07:42:45.820451,20.85,20.45,16.32,20.85,1019,56,6.21,6,75,0.0,Clouds,broken clouds,7
Miskolc-Gömöri,48.106667,20.800278,2026-05-20 07:42:47.052193,16.17,15.44,16.17,16.89,1019,61,5.5,8,44,0.0,Clouds,scattered clouds,7
Sajókeresztúr,48.168008,20.774014,2026-05-20 07:42:48.286670,16.12,15.38,16.12,16.84,1019,61,4.52,6,27,0.0,Clouds,scattered clouds,7
Sajóecseg,48.186111,20.766667,2026-05-20 07:42:49.525212,16.16,15.42,16.16,16.88,1019,61,4.19,5,22,0.0,Clouds,few clouds,7
Sajószentpéter,48.222222,20.708056,2026-05-20 07:42:50.756013,16.06,15.31,16.06,16.78,1020,61,3.47,4,11,0.0,Clouds,few clouds,7
Kazincbarcika,48.264444,20.6275,2026-05-20 07:42:51.990390,16.06,15.11,16.06,16.79,1020,53,1.9,1,0,0.0,Clear,clear sky,7
Sajókaza,48.272778,20.581944,2026-05-20 07:42:53.220873,16.78,15.9,16.06,16.78,1019,53,1.84,359,2,0.0,Clear,clear sky,7
Vadna,48.276389,20.555278,2026-05-20 07:42:54.453737,16.76,15.88,16.04,16.76,1019,53,1.84,359,2,0.0,Clear,clear sky,7
Dubicsány,48.280833,20.504722,2026-05-20 07:42:55.685441,16.75,15.84,16.02,16.75,1019,52,1.93,355,6,0.0,Clear,clear sky,7
Raposka,46.851389,17.412778,2026-05-20 07:42:56.920864,17.06,16.31,17.06,17.06,1022,57,5.07,341,10,0.0,Clear,clear sky,7
Ivacs,47.641944,19.273889,2026-05-20 07:42:58.156461,19.97,19.38,18.9,20.16,1020,52,2.58,339,0,0.0,Clear,clear sky,7
Kisköre-Tiszahíd,47.480835,20.507698,2026-05-20 07:42:59.388899,19.99,19.51,19.99,19.99,1019,56,3.13,32,6,0.0,Clear,clear sky,7
Rozsály,47.912778,22.7825,2026-05-20 07:43:00.621713,20.03,19.79,19.03,20.03,1018,65,2.9,339,15,0.0,Clouds,few clouds,7
Pusztakettős,47.453611,20.749722,2026-05-20 07:43:01.857055,19.99,19.51,19.99,19.99,1019,56,5.6,11,57,0.0,Clouds,broken clouds,7
Kisvác,47.795278,19.113611,2026-05-20 07:43:03.091635,20.5,20.02,19.23,20.5,1020,54,2.26,325,0,0.0,Clear,clear sky,7
Tiszafüred-Gyártelep,47.6075,20.736111,2026-05-20 07:43:04.335632,19.96,19.47,19.96,19.96,1019,56,5.74,16,42,0.0,Clouds,scattered clouds,7
Újkenéz,48.251111,22.221667,2026-05-20 07:43:05.572627,19.64,19.41,19.64,19.64,1018,67,4.88,345,12,0.0,Clouds,few clouds,7
Püspökladány-Vásártér,47.319167,21.096111,2026-05-20 07:43:06.806000,20.06,19.64,20.06,20.06,1019,58,4.87,9,9,0.0,Clear,clear sky,7
Végegyháza alsó,46.3675,20.866944,2026-05-20 07:43:08.043307,18.38,18.18,18.38,18.38,1019,73,5.09,349,13,0.0,Clouds,few clouds,7
Orosháza felső,46.553611,20.655278,2026-05-20 07:43:09.283772,19.96,19.63,19.96,19.96,1019,62,5.23,355,10,0.0,Clear,clear sky,7
Ambrózfalva,46.353056,20.740556,2026-05-20 07:43:10.524441,20.17,20.07,20.17,20.17,1019,70,5.18,350,14,0.0,Clouds,few clouds,7
Alsónyék,46.199444,18.738056,2026-05-20 07:43:11.760688,19.71,19.33,19.71,19.71,1021,61,2.98,342,0,0.0,Clear,clear sky,7
Tompapuszta,46.321389,20.966389,2026-05-20 07:43:12.989848,18.35,18.85,17.06,19.52,1019,100,4.97,347,10,0.0,Clear,clear sky,7
Halászlak,46.911879,20.56228,2026-05-20 07:43:14.222896,19.99,19.48,19.99,19.99,1019,55,5.08,2,12,0.0,Clouds,few clouds,7
Sirató,46.840556,20.61,2026-05-20 07:43:15.456690,20.0,19.52,20.0,20.0,1019,56,5.11,1,11,0.0,Clouds,few clouds,7
Csabacsűd felső,46.829167,20.649167,2026-05-20 07:43:16.692264,19.99,19.53,19.99,19.99,1019,57,5.11,0,11,0.0,Clouds,few clouds,7
Orosháza-Üveggyár,46.579979,20.683644,2026-05-20 07:43:17.927105,19.94,19.61,19.94,19.94,1019,62,5.24,355,11,0.0,Clouds,few clouds,7
Gyulai városerdő,46.69482,21.32281,2026-05-20 07:43:19.167666,19.97,19.56,19.97,19.97,1019,59,4.57,356,9,0.0,Clear,clear sky,7
Kórógyszentgyörgy,46.564377,20.224998,2026-05-20 07:43:20.400382,19.45,18.68,19.45,20.0,1019,47,4.98,357,4,0.0,Clear,clear sky,7
Kunszállás,46.784444,19.767222,2026-05-20 07:43:21.648743,21.61,21.21,20.04,21.61,1020,53,4.12,30,0,0.0,Clear,clear sky,7
Selymes,46.655321,19.8534,2026-05-20 07:43:22.884155,21.67,21.28,21.67,21.67,1019,53,3.73,352,0,0.0,Clear,clear sky,7
Petőfiszállási tanyák,46.587805,19.874509,2026-05-20 07:43:24.124763,21.71,21.32,17.23,21.71,1019,53,3.96,351,0,0.0,Clear,clear sky,7
Kisteleki szőlők,46.514199,19.92868,2026-05-20 07:43:25.360456,17.22,16.3,17.22,21.7,1019,50,4.37,350,0,0.0,Clear,clear sky,7
Kapitányság,46.435336,19.987564,2026-05-20 07:43:26.612778,17.24,16.87,17.24,17.24,1019,71,4.73,350,0,0.0,Clear,clear sky,7
Őszeszék,46.39025,20.016017,2026-05-20 07:43:27.841803,17.27,16.91,17.27,17.27,1019,71,4.89,350,1,0.0,Clear,clear sky,7
Vilmaszállás,46.366389,20.030833,2026-05-20 07:43:29.075577,17.25,16.88,17.25,17.25,1019,71,3.13,1,1,0.0,Clear,clear sky,7
Jánosszállás,46.334359,20.051199,2026-05-20 07:43:30.330230,17.28,16.92,17.28,17.28,1019,71,4.97,349,1,0.0,Clear,clear sky,7
Felsőpakony,47.343056,19.230556,2026-05-20 07:43:31.563066,20.2,19.56,19.47,20.56,1020,49,1.54,0,20,0.0,Clouds,few clouds,7
Felsőméntelek,46.987074,19.557745,2026-05-20 07:43:32.796119,19.88,19.1,19.88,19.88,1020,45,4.12,30,0,0.0,Clear,clear sky,7
Alsóméntelek,46.961558,19.579121,2026-05-20 07:43:34.027625,19.91,19.13,19.91,19.91,1020,45,4.12,30,0,0.0,Clear,clear sky,7
Nagynyír,46.943319,19.585447,2026-05-20 07:43:35.262554,19.9,19.12,19.9,19.9,1020,45,4.12,30,0,0.0,Clear,clear sky,7
Úrihegy,46.917778,19.621389,2026-05-20 07:43:36.497615,19.93,19.15,19.93,21.49,1020,45,4.12,30,0,0.0,Clear,clear sky,7
Miklóstelep,46.913412,19.630913,2026-05-20 07:43:37.731545,19.94,19.16,19.94,21.51,1020,45,4.12,30,0,0.0,Clear,clear sky,7
Tiszajenő alsó,47.016944,20.134444,2026-05-20 07:43:38.966379,20.57,20.07,20.02,20.57,1019,53,5.14,20,0,0.0,Clear,clear sky,7
Óbög,46.987222,20.111111,2026-05-20 07:43:40.199313,20.38,19.86,20.01,20.55,1019,53,5.14,20,0,0.0,Clear,clear sky,7
Árpádszállás,46.866456,19.989163,2026-05-20 07:43:41.438870,20.8,20.22,20.1,21.66,1019,49,4.12,30,0,0.0,Clear,clear sky,7
Tőserdő,46.851111,19.980278,2026-05-20 07:43:42.670657,20.96,20.39,20.12,21.68,1019,49,4.12,30,0,0.0,Clear,clear sky,7
Tiszaalpár felső,46.836256,19.976753,2026-05-20 07:43:43.907982,21.12,20.57,19.39,21.71,1019,49,4.12,30,0,0.0,Clear,clear sky,7
Borsihalom,46.773056,19.92,2026-05-20 07:43:45.142245,21.45,21.03,19.38,21.7,1019,53,3.88,360,0,0.0,Clear,clear sky,7
Petőfiváros,46.725556,19.848611,2026-05-20 07:43:46.375972,21.66,21.27,20.1,21.66,1019,53,3.57,355,0,0.0,Clear,clear sky,7
Csorna,47.601944,17.248889,2026-05-20 07:43:47.607230,20.42,20.01,20.42,20.42,1021,57,5.05,329,16,0.0,Clouds,few clouds,7
Szorgalmatos,47.986667,21.366389,2026-05-20 07:43:48.837310,17.09,16.29,17.09,17.09,1019,55,4.99,11,24,0.0,Clouds,few clouds,7
Fótfürdő,47.6225,19.200556,2026-05-20 07:43:50.063977,20.02,19.41,18.9,20.16,1020,51,2.19,338,0,0.0,Clear,clear sky,7
Fenyveshegy,47.818333,19.068056,2026-05-20 07:43:51.298339,20.57,20.09,20.57,20.57,1020,54,2.08,319,0,0.0,Clear,clear sky,7
Hűvösvölgy,47.541202,18.96351,2026-05-20 07:43:52.539217,18.9,18.23,18.44,19.7,1020,53,1.79,57,0,0.0,Clear,clear sky,7
Hárshegy,47.535318,18.961433,2026-05-20 07:43:53.763919,18.9,18.23,18.44,19.7,1020,53,1.79,57,0,0.0,Clear,clear sky,7
Szépjuhászné,47.528277,18.955246,2026-05-20 07:43:54.996041,17.99,17.23,17.55,18.81,1020,53,1.79,57,0,0.0,Clear,clear sky,7
Jánoshegy,47.51433,18.95047,2026-05-20 07:43:56.227586,17.89,17.12,17.46,18.72,1020,53,1.79,57,0,0.0,Clear,clear sky,7
Virágvölgy,47.505965,18.95876,2026-05-20 07:43:57.462948,17.58,16.8,17.14,18.41,1020,54,1.79,57,0,0.0,Clear,clear sky,7
Csillebérc,47.498196,18.961694,2026-05-20 07:43:58.695400,17.35,16.55,16.91,18.18,1020,54,1.79,57,0,0.0,Clear,clear sky,7
Normafa,47.5,18.970558,2026-05-20 07:43:59.925859,17.41,16.62,16.96,18.23,1020,54,1.79,57,0,0.0,Clear,clear sky,7
Széchenyihegy,47.49413,18.977049,2026-05-20 07:44:01.163125,17.43,16.64,16.98,18.25,1020,54,1.79,57,0,0.0,Clear,clear sky,7
Balatonfőkajár felső,47.031389,18.215278,2026-05-20 07:44:02.401843,18.51,18.06,18.51,20.18,1021,63,4.42,353,4,0.0,Clear,clear sky,7
Piroska,47.148333,20.129722,2026-05-20 07:44:03.637939,20.33,19.8,20.02,20.57,1019,53,5.14,20,0,0.0,Clear,clear sky,7
Somodor,46.4725,17.836667,2026-05-20 07:44:04.870589,20.19,19.73,20.19,20.19,1021,56,3.81,337,4,0.0,Clear,clear sky,7
Középmező,45.995833,18.668889,2026-05-20 07:44:06.103898,19.7,19.34,19.7,20.06,1021,62,2.79,353,0,0.0,Clear,clear sky,7
Jobbágyi,47.828889,19.6875,2026-05-20 07:44:07.332969,18.63,17.93,18.63,18.63,1020,53,2.02,342,1,0.0,Clear,clear sky,7
Ferihegy,47.437222,19.223889,2026-05-20 07:44:08.564130,19.99,19.38,19.13,20.4,1020,51,1.54,0,20,0.0,Clouds,few clouds,7
Máriapócs,47.852778,22.019167,2026-05-20 07:44:09.797790,19.38,19.04,19.38,19.38,1018,64,5.06,359,14,0.0,Clouds,few clouds,7
Máriaudvar,47.751944,19.165,2026-05-20 07:44:11.031542,20.53,20.05,19.26,20.53,1020,54,2.32,331,0,0.0,Clear,clear sky,7
Nagyberki,46.353333,18.004167,2026-05-20 07:44:12.262745,20.1,19.63,20.1,20.1,1021,56,3.48,346,2,0.0,Clear,clear sky,7
Badacsonytomaj,46.804722,17.518056,2026-05-20 07:44:13.497548,20.55,20.15,20.55,20.55,1022,57,4.75,337,8,0.0,Clear,clear sky,7
Badacsony,46.788611,17.506389,2026-05-20 07:44:14.738743,17.11,16.36,17.11,17.11,1022,57,4.75,339,8,0.0,Clear,clear sky,7
Badacsonylábdihegy,46.793889,17.470833,2026-05-20 07:44:15.970771,17.08,16.33,17.08,17.08,1022,57,4.75,339,8,0.0,Clear,clear sky,7
Badacsonytördemic-Szigliget,46.809722,17.469167,2026-05-20 07:44:17.204771,17.03,16.28,17.03,17.03,1022,57,4.85,338,9,0.0,Clear,clear sky,7
Nemesgulács-Kisapáti,46.836944,17.476389,2026-05-20 07:44:18.437812,17.07,16.32,17.07,17.07,1022,57,4.94,338,9,0.0,Clear,clear sky,7
Tapolca,46.877778,17.428611,2026-05-20 07:44:19.672048,16.99,16.23,16.99,16.99,1022,57,5.13,341,10,0.0,Clear,clear sky,7
Uzsabánya alsó,46.898333,17.345278,2026-05-20 07:44:20.905968,16.79,16.01,16.79,16.79,1022,57,5.11,344,11,0.0,Clouds,few clouds,7
Uzsa,46.920278,17.331667,2026-05-20 07:44:22.144100,16.75,15.97,16.75,16.75,1022,57,5.14,344,11,0.0,Clouds,few clouds,7
Sümegi Bazaltbánya,46.9525,17.2925,2026-05-20 07:44:23.380337,20.34,19.92,20.34,20.34,1022,57,5.08,346,12,0.0,Clouds,few clouds,7
Sümeg,46.981111,17.270833,2026-05-20 07:44:24.618255,20.52,20.12,20.52,20.52,1022,57,4.94,349,12,0.0,Clouds,few clouds,7
Gógánfa,47.021111,17.207778,2026-05-20 07:44:25.851734,20.51,20.1,20.51,20.51,1022,57,4.82,350,13,0.0,Clouds,few clouds,7
Ukk,47.041944,17.195833,2026-05-20 07:44:27.084492,20.57,20.17,20.57,20.57,1022,57,4.7,350,13,0.0,Clouds,few clouds,7
Nemeskeresztúr,47.093611,17.183611,2026-05-20 07:44:28.314934,20.47,20.06,20.47,20.47,1022,57,4.67,349,14,0.0,Clouds,few clouds,7
Jánosháza,47.115833,17.171667,2026-05-20 07:44:29.548740,20.53,20.1,20.53,20.53,1022,56,4.66,349,14,0.0,Clouds,few clouds,7
Keszthely,46.758333,17.248056,2026-05-20 07:44:30.783734,17.08,16.59,17.08,17.08,1021,67,4.63,320,12,0.0,Clouds,few clouds,7
Alsógyenes,46.765844,17.276435,2026-05-20 07:44:32.024548,17.08,16.59,17.08,17.08,1021,67,4.63,320,12,0.0,Clouds,few clouds,7
Gyenesdiás,46.763333,17.292778,2026-05-20 07:44:33.261838,17.08,16.59,17.08,17.08,1021,67,4.63,320,12,0.0,Clouds,few clouds,7
Vonyarcvashegy,46.755278,17.318333,2026-05-20 07:44:34.498961,17.09,16.6,17.09,17.09,1021,67,4.63,320,11,0.0,Clouds,few clouds,7
Balatongyörök,46.751944,17.354444,2026-05-20 07:44:35.736013,17.11,16.63,17.11,17.11,1022,67,4.63,320,11,0.0,Clouds,few clouds,7
Becehegy,46.776111,17.372778,2026-05-20 07:44:36.969842,17.08,16.59,17.08,17.08,1022,67,4.63,320,11,0.0,Clouds,few clouds,7
Balatonederics,46.8025,17.385,2026-05-20 07:44:38.199901,17.03,16.28,17.03,17.03,1022,57,4.98,342,11,0.0,Clouds,few clouds,7
Dabronc,47.025766,17.167006,2026-05-20 07:44:39.431456,20.57,20.17,20.57,20.57,1022,57,4.71,350,13,0.0,Clouds,few clouds,7
Türje,46.994444,17.093611,2026-05-20 07:44:40.664673,20.61,20.21,20.61,20.61,1022,57,4.5,351,13,0.0,Clouds,few clouds,7
Zalabér-Batyk,46.983056,17.040833,2026-05-20 07:44:41.896663,20.78,20.4,20.78,20.78,1022,57,4.08,352,14,0.0,Clouds,few clouds,7
Pakod,46.959167,16.996667,2026-05-20 07:44:43.129852,20.71,20.32,20.71,20.71,1022,57,3.92,352,14,0.0,Clouds,few clouds,7
Pókaszepetk,46.924444,16.972222,2026-05-20 07:44:44.384825,20.82,20.45,20.82,20.82,1022,57,4.01,352,14,0.0,Clouds,few clouds,7
Kemendollár,46.905833,16.946667,2026-05-20 07:44:45.620828,16.91,16.14,16.91,16.91,1022,57,3.81,352,14,0.0,Clouds,few clouds,7
Zalaegerszeg,46.833056,16.848333,2026-05-20 07:44:46.854689,16.73,15.89,16.73,16.73,1022,55,2.82,356,15,0.0,Clouds,few clouds,7
Bocfölde,46.780278,16.853611,2026-05-20 07:44:48.090619,16.79,15.99,16.79,16.79,1021,56,3.04,356,15,0.0,Clouds,few clouds,7
Sárhida,46.755833,16.851389,2026-05-20 07:44:49.338316,16.75,15.92,16.75,16.75,1021,55,2.68,357,15,0.0,Clouds,few clouds,7
Bak,46.7325,16.849167,2026-05-20 07:44:50.571076,16.77,15.94,16.77,16.77,1021,55,2.62,358,15,0.0,Clouds,few clouds,7
Tófej,46.670833,16.801944,2026-05-20 07:44:51.814157,16.61,15.71,16.61,16.61,1021,53,2.18,359,16,0.0,Clouds,few clouds,7
Gutorfölde,46.646944,16.739722,2026-05-20 07:44:53.050921,20.74,20.2,20.74,20.74,1021,51,1.67,357,16,0.0,Clouds,few clouds,7
Csömödér-Páka,46.608056,16.641111,2026-05-20 07:44:54.285698,21.68,21.21,21.68,21.68,1021,50,1.39,345,17,0.0,Clouds,few clouds,7
Iklódbördőce,46.603056,16.604722,2026-05-20 07:44:55.516720,21.67,21.22,21.67,21.67,1021,51,1.47,339,18,0.0,Clouds,few clouds,7
Lenti,46.621389,16.528611,2026-05-20 07:44:56.749610,21.62,21.2,21.62,21.62,1021,52,1.56,337,19,0.0,Clouds,few clouds,7
Rédics,46.618056,16.471111,2026-05-20 07:44:57.981124,21.61,21.18,21.61,21.61,1021,52,1.62,335,20,0.0,Clouds,few clouds,7
Zalalövő,46.845556,16.576389,2026-05-20 07:44:59.211486,20.89,20.42,20.89,20.89,1021,53,1.33,354,21,0.0,Clouds,few clouds,7
Zalaegerszeg-Ola,46.849167,16.844722,2026-05-20 07:45:00.441417,20.78,20.35,20.78,20.78,1022,55,2.82,356,15,0.0,Clouds,few clouds,7
Andráshida,46.863116,16.7792,2026-05-20 07:45:01.674946,20.78,20.35,20.78,20.78,1022,55,2.61,355,15,0.0,Clouds,few clouds,7
Bagod,46.875,16.746111,2026-05-20 07:45:02.918682,20.93,20.49,20.93,20.93,1021,54,2.19,356,16,0.0,Clouds,few clouds,7
Zalaszentgyörgy,46.872222,16.7125,2026-05-20 07:45:04.149381,20.91,20.47,20.91,20.91,1021,54,2.0,356,16,0.0,Clouds,few clouds,7
Zalacséb-Salomvár,46.858056,16.662222,2026-05-20 07:45:05.379616,20.72,20.23,20.72,20.72,1021,53,1.83,356,17,0.0,Clouds,few clouds,7
Kópháza,47.631389,16.6375,2026-05-20 07:45:06.616316,20.77,20.34,20.77,20.77,1022,55,3.97,346,16,0.0,Clouds,few clouds,7
Nagycenk,47.601111,16.690278,2026-05-20 07:45:07.851094,20.88,20.46,20.88,20.88,1022,55,4.08,347,16,0.0,Clouds,few clouds,7
Sopronkövesd,47.548333,16.748056,2026-05-20 07:45:09.077704,20.71,20.27,20.71,20.71,1022,55,4.2,346,16,0.0,Clouds,few clouds,7
Lövő,47.509444,16.7775,2026-05-20 07:45:10.327092,20.75,20.32,20.75,20.75,1022,55,4.27,344,16,0.0,Clouds,few clouds,7
Újkér,47.457778,16.786667,2026-05-20 07:45:11.570679,20.77,20.34,20.77,20.77,1022,55,4.14,345,17,0.0,Clouds,few clouds,7
Bük,47.388611,16.752222,2026-05-20 07:45:12.805333,20.83,20.4,20.83,20.83,1022,55,3.53,346,17,0.0,Clouds,few clouds,7
Acsád,47.308333,16.734722,2026-05-20 07:45:14.035602,20.58,20.13,20.58,20.58,1022,55,2.76,344,16,0.0,Clouds,few clouds,7
Salköveskút-Vassurány,47.291389,16.704167,2026-05-20 07:45:15.268455,20.59,20.14,20.59,20.59,1022,55,2.59,343,16,0.0,Clouds,few clouds,7
Zalaszentiván,46.8875,16.909444,2026-05-20 07:45:16.502692,16.89,16.12,16.89,16.89,1022,57,3.38,353,14,0.0,Clouds,few clouds,7
Alsónemesapáti,46.854167,16.936389,2026-05-20 07:45:17.738834,16.88,16.14,16.88,16.88,1022,58,3.87,353,14,0.0,Clouds,few clouds,7
Józsa,47.600833,21.584444,2026-05-20 07:45:18.968295,19.86,19.26,19.86,19.86,1019,52,3.6,10,0,0.0,Clear,clear sky,7
Hajdúszentgyörgy,47.608056,21.578333,2026-05-20 07:45:20.201731,19.83,19.23,19.83,19.83,1019,52,3.6,10,0,0.0,Clear,clear sky,7
Zelemér,47.627778,21.578333,2026-05-20 07:45:21.436416,19.78,19.17,19.78,19.78,1019,52,3.6,10,0,0.0,Clear,clear sky,7
Hajdúböszörmény,47.668056,21.524167,2026-05-20 07:45:22.666926,19.81,19.36,19.81,19.81,1019,58,5.62,14,13,0.0,Clouds,few clouds,7
Hajdúvid,47.749444,21.508056,2026-05-20 07:45:23.900406,19.68,19.22,19.68,19.68,1019,58,5.63,15,13,0.0,Clouds,few clouds,7
Hajdúdorog,47.805556,21.493056,2026-05-20 07:45:25.134400,19.65,19.19,19.65,19.65,1019,58,5.62,15,13,0.0,Clouds,few clouds,7
Hajdúnánás,47.831944,21.426667,2026-05-20 07:45:26.368815,19.77,19.32,19.77,19.77,1019,58,5.36,13,15,0.0,Clouds,few clouds,7
Hajdúnánás-Vásártér,47.843056,21.407222,2026-05-20 07:45:27.604929,19.77,19.32,19.77,19.77,1019,58,5.36,13,15,0.0,Clouds,few clouds,7
Tedej,47.903611,21.404444,2026-05-20 07:45:28.836715,17.1,16.38,17.1,17.1,1019,58,5.25,13,17,0.0,Clouds,few clouds,7
Tiszavasvári,47.945278,21.374722,2026-05-20 07:45:30.071336,17.1,16.3,17.1,17.1,1019,55,5.07,11,19,0.0,Clouds,few clouds,7
Egyházerdő,47.9725,21.365,2026-05-20 07:45:31.301627,17.12,16.32,17.12,17.12,1019,55,5.03,11,21,0.0,Clouds,few clouds,7
Tiszalök,48.013056,21.369167,2026-05-20 07:45:32.536429,17.09,16.29,17.09,17.09,1019,55,4.95,11,26,0.0,Clouds,scattered clouds,7
Hajnalos,47.998889,21.414167,2026-05-20 07:45:33.775138,17.1,16.3,17.1,17.1,1019,55,5.12,12,22,0.0,Clouds,few clouds,7
Kisfástanya,47.989167,21.47,2026-05-20 07:45:35.009611,17.07,16.27,17.07,17.07,1019,55,5.26,13,21,0.0,Clouds,few clouds,7
Tiszaeszlár,48.010556,21.491944,2026-05-20 07:45:36.243948,17.08,16.28,17.08,17.08,1019,55,5.37,13,21,0.0,Clouds,few clouds,7
Bashalom,48.026111,21.514722,2026-05-20 07:45:37.484939,17.05,16.25,17.05,17.05,1019,55,5.32,13,23,0.0,Clouds,few clouds,7
Sáránd,47.415556,21.625,2026-05-20 07:45:38.720123,20.01,19.42,20.01,20.01,1019,52,3.6,10,0,0.0,Clear,clear sky,7
Derecske,47.365,21.584167,2026-05-20 07:45:39.948718,20.08,19.5,20.08,20.08,1019,52,3.6,10,0,0.0,Clear,clear sky,7
Derecske-Vásártér,47.352222,21.58,2026-05-20 07:45:41.189932,20.08,19.5,20.08,20.08,1019,52,3.6,10,0,0.0,Clear,clear sky,7
Konyár,47.323611,21.666111,2026-05-20 07:45:42.426856,20.05,19.47,20.05,20.05,1019,52,3.6,10,0,0.0,Clear,clear sky,7
Konyári Sóstófürdő,47.324167,21.744444,2026-05-20 07:45:43.665815,20.06,19.74,20.06,20.06,1018,62,3.82,5,21,0.0,Clouds,few clouds,7
Pocsaj-Esztár,47.288333,21.793056,2026-05-20 07:45:44.899794,20.05,19.76,19.13,20.05,1018,63,3.52,3,21,0.0,Clouds,few clouds,7
Kismarja,47.243889,21.813889,2026-05-20 07:45:46.130211,19.13,18.77,19.13,19.24,1018,64,3.45,2,21,0.0,Clouds,few clouds,7
Nagykereki,47.191667,21.8,2026-05-20 07:45:47.367809,19.12,18.65,19.12,19.23,1018,60,3.41,1,21,0.0,Clouds,few clouds,7
Debrecen-Szabadságtelep,47.527778,21.658611,2026-05-20 07:45:48.607227,19.89,19.29,19.89,19.89,1019,52,3.6,10,0,0.0,Clear,clear sky,7
Kondoroskert,47.525556,21.713889,2026-05-20 07:45:49.843824,19.92,19.33,19.92,19.92,1019,52,3.6,10,0,0.0,Clear,clear sky,7
Nagycsere,47.523889,21.763056,2026-05-20 07:45:51.079284,19.9,19.3,19.9,19.9,1019,52,3.6,10,0,0.0,Clear,clear sky,7
Haláp,47.521667,21.818333,2026-05-20 07:45:52.315343,19.9,19.3,19.9,19.9,1019,52,3.6,10,0,0.0,Clear,clear sky,7
Vámospércs,47.518056,21.893889,2026-05-20 07:45:53.543077,19.84,19.47,19.84,19.84,1018,61,3.99,2,17,0.0,Clouds,few clouds,7
Szentannapuszta,47.52,21.965833,2026-05-20 07:45:54.778624,19.79,19.42,19.79,19.79,1018,61,3.75,0,16,0.0,Clouds,few clouds,7
Nyírábrány,47.523889,22.016944,2026-05-20 07:45:56.016806,19.56,19.16,19.56,19.56,1018,61,3.65,360,16,0.0,Clouds,few clouds,7
Dombostanya,47.602778,21.706389,2026-05-20 07:45:57.250805,19.82,19.22,19.82,19.82,1019,52,3.6,10,0,0.0,Clear,clear sky,7
Hajdúsámson,47.608056,21.755278,2026-05-20 07:45:58.479604,19.82,19.22,19.82,19.82,1019,52,3.6,10,0,0.0,Clear,clear sky,7
Tamásipuszta,47.632778,21.796111,2026-05-20 07:45:59.710185,19.77,19.37,19.77,19.77,1019,60,4.79,6,15,0.0,Clouds,few clouds,7
Aradványpuszta,47.662778,21.8425,2026-05-20 07:46:00.938661,19.72,19.34,19.72,19.72,1019,61,4.8,5,15,0.0,Clouds,few clouds,7
Nyíradony,47.699444,21.903333,2026-05-20 07:46:02.167903,19.35,18.96,19.35,19.35,1018,62,4.71,2,15,0.0,Clouds,few clouds,7
Nyírmihálydi,47.7375,21.958889,2026-05-20 07:46:03.398863,19.34,18.95,19.34,19.34,1018,62,4.73,1,15,0.0,Clouds,few clouds,7
Nyírgelse,47.750833,21.987778,2026-05-20 07:46:04.634879,19.29,18.92,19.29,19.29,1018,63,4.74,360,15,0.0,Clouds,few clouds,7
Nyírbogát,47.793056,22.066389,2026-05-20 07:46:05.867745,19.4,19.04,19.4,19.4,1018,63,4.65,357,15,0.0,Clouds,few clouds,7
Nagykálló,47.871111,21.825833,2026-05-20 07:46:07.100674,19.45,19.07,19.45,19.45,1019,62,5.74,7,14,0.0,Clouds,few clouds,7
Kállósemjén,47.854722,21.935,2026-05-20 07:46:08.334840,19.42,19.06,19.42,19.42,1018,63,5.38,3,14,0.0,Clouds,few clouds,7
Nyírbátor,47.8425,22.131111,2026-05-20 07:46:09.565637,19.38,19.04,19.38,19.38,1018,64,4.63,356,15,0.0,Clouds,few clouds,7
Nyírcsászári,47.865556,22.179167,2026-05-20 07:46:10.800770,19.49,19.17,19.49,19.49,1018,64,4.48,353,16,0.0,Clouds,few clouds,7
Hodász,47.896111,22.213611,2026-05-20 07:46:12.037837,19.5,19.18,19.5,19.5,1018,64,4.31,351,16,0.0,Clouds,few clouds,7
Nyírmeggyes,47.9225,22.256667,2026-05-20 07:46:13.266506,19.6,19.31,19.6,19.6,1018,65,4.32,350,15,0.0,Clouds,few clouds,7
Mátészalka,47.951389,22.313333,2026-05-20 07:46:14.505752,19.7,19.42,19.7,19.7,1018,65,4.24,348,15,0.0,Clouds,few clouds,7
Kocsord,47.941944,22.375833,2026-05-20 07:46:15.741822,19.89,19.63,19.89,19.89,1018,65,3.8,345,14,0.0,Clouds,few clouds,7
Kocsord alsó,47.946389,22.400556,2026-05-20 07:46:16.976366,19.89,19.63,19.89,19.89,1018,65,3.8,345,14,0.0,Clouds,few clouds,7
Győrtelek,47.936667,22.424722,2026-05-20 07:46:18.207304,19.94,19.69,19.94,19.94,1018,65,3.68,344,14,0.0,Clouds,few clouds,7
Győrtelek alsó,47.921111,22.443333,2026-05-20 07:46:19.443242,19.97,19.72,19.97,19.97,1018,65,3.54,344,13,0.0,Clouds,few clouds,7
Ököritófülpös,47.911389,22.495,2026-05-20 07:46:20.682883,20.01,19.76,20.01,20.01,1018,65,3.45,343,13,0.0,Clouds,few clouds,7
Porcsalma-Tyukod,47.868056,22.568333,2026-05-20 07:46:21.918629,20.06,19.82,20.05,20.06,1018,65,3.14,343,13,0.0,Clouds,few clouds,7
Csenger,47.826111,22.666389,2026-05-20 07:46:23.151880,20.05,19.81,20.04,20.05,1018,65,2.98,342,14,0.0,Clouds,few clouds,7
Kisfái,46.888303,19.807366,2026-05-20 07:46:24.384919,20.02,19.25,20.02,21.59,1020,45,4.12,30,0,0.0,Clear,clear sky,7
Nyárlőrinci szőlők,46.8775,19.828333,2026-05-20 07:46:25.626784,20.03,19.26,20.03,21.59,1020,45,4.12,30,0,0.0,Clear,clear sky,7
Nyárlőrinc alsó,46.863889,19.878889,2026-05-20 07:46:26.862735,20.05,19.29,20.05,21.61,1019,45,4.12,30,0,0.0,Clear,clear sky,7
Tiszaug-Tiszahídfő,46.866106,20.052098,2026-05-20 07:46:28.096390,20.25,19.58,19.45,20.59,1019,48,4.17,2,0,0.0,Clear,clear sky,7
Csongrádi úti tanyák,46.690278,19.921667,2026-05-20 07:46:29.331685,21.72,21.23,19.41,21.72,1019,49,4.03,356,0,0.0,Clear,clear sky,7
Kettőshalom,46.689167,20.0225,2026-05-20 07:46:30.567727,21.43,20.88,19.44,21.75,1019,48,4.37,358,0,0.0,Clear,clear sky,7
Csongrád alsó,46.711389,20.126389,2026-05-20 07:46:31.802675,19.53,18.77,19.44,21.75,1019,47,4.64,1,1,0.0,Clear,clear sky,7
Dónát,46.66988,20.368168,2026-05-20 07:46:33.042407,20.01,19.29,19.46,20.01,1019,47,4.47,356,6,0.0,Clear,clear sky,7
Pusztatemplom,46.676667,20.407222,2026-05-20 07:46:34.273609,19.99,19.27,19.45,19.99,1019,47,4.47,356,7,0.0,Clear,clear sky,7
Előhát,47.364722,20.653611,2026-05-20 07:46:35.507139,20.0,19.54,20.0,20.0,1019,57,5.8,10,25,0.0,Clouds,scattered clouds,7
Polgárdi-Tekerespuszta,47.017778,18.297778,2026-05-20 07:46:36.737245,18.73,18.02,18.73,18.73,1021,52,4.59,352,2,0.0,Clear,clear sky,7
Szatina-Kishajmás,46.202778,18.083611,2026-05-20 07:46:37.972004,19.25,18.75,19.25,19.25,1021,58,3.4,346,3,0.0,Clear,clear sky,7
Márok,45.886944,18.499167,2026-05-20 07:46:39.204779,19.79,19.42,19.47,19.83,1021,61,1.34,51,0,0.0,Clear,clear sky,7
Nagynyárád,45.953333,18.564722,2026-05-20 07:46:40.440479,19.71,19.33,19.53,19.9,1021,61,3.03,354,0,0.0,Clear,clear sky,7
Szászvár,46.2875,18.369722222222222,2026-05-20 07:46:41.675902,19.13,18.64,19.13,19.13,1021,59,3.59,341,1,0.0,Clear,clear sky,7
Cikó,46.263514,18.557605,2026-05-20 07:46:42.910554,19.45,19.02,19.45,19.45,1021,60,3.47,340,0,0.0,Clear,clear sky,7
Gyöngyfa-Magyarmecske,45.983889,17.958889,2026-05-20 07:46:44.148745,19.57,19.2,19.57,19.57,1021,62,3.64,334,3,0.0,Clear,clear sky,7
Nagyhát,47.581389,21.445,2026-05-20 07:46:45.385264,19.92,19.33,19.92,19.92,1019,52,3.6,10,0,0.0,Clear,clear sky,7
Balmazújváros,47.613889,21.348056,2026-05-20 07:46:46.621479,20.1,19.65,20.1,20.1,1019,57,5.24,12,8,0.0,Clear,clear sky,7
Kónya,47.600833,21.2375,2026-05-20 07:46:47.857341,19.91,19.44,19.91,19.91,1019,57,5.03,10,19,0.0,Clouds,few clouds,7
Hortobágy,47.586111,21.154722,2026-05-20 07:46:49.096187,19.91,19.44,19.91,19.91,1019,57,4.87,8,50,0.0,Clouds,scattered clouds,7
Hortobágyi Halastó,47.604167,21.074167,2026-05-20 07:46:50.336862,19.91,19.44,19.91,19.91,1019,57,4.85,7,70,0.0,Clouds,broken clouds,7
Ohat-Pusztakócs,47.623333,20.951111,2026-05-20 07:46:51.571768,19.9,19.43,19.9,19.9,1019,57,5.28,10,86,0.0,Clouds,overcast clouds,7
Egyek,47.616944,20.883611,2026-05-20 07:46:52.808846,19.97,19.51,19.97,19.97,1019,57,5.67,14,64,0.0,Clouds,broken clouds,7
Tiszafüred,47.627778,20.756111,2026-05-20 07:46:54.045050,19.97,19.48,19.97,19.97,1019,56,5.78,17,42,0.0,Clouds,scattered clouds,7
Poroszló,47.657778,20.654444,2026-05-20 07:46:55.277239,19.98,19.44,19.98,19.98,1019,54,4.98,16,42,0.0,Clouds,scattered clouds,7
Kétútköz,47.694167,20.565,2026-05-20 07:46:56.512392,19.95,19.38,19.95,19.95,1019,53,3.83,15,68,0.0,Clouds,broken clouds,7
Egerfarmos,47.711667,20.5225,2026-05-20 07:46:57.744468,19.93,19.36,19.93,19.93,1019,53,3.03,8,89,0.0,Clouds,overcast clouds,7
Piliscsaba,47.638056,18.829722,2026-05-20 07:46:58.973525,18.64,17.97,18.52,20.34,1020,54,1.34,301,0,0.0,Clear,clear sky,7
Pilisjászfalu,47.656111,18.797778,2026-05-20 07:47:00.203089,18.9,18.2,18.77,20.59,1020,52,3.04,327,0,0.0,Clear,clear sky,7
Leányvár,47.687594,18.772553,2026-05-20 07:47:01.432380,18.94,18.25,18.94,20.76,1020,52,2.95,325,0,0.0,Clear,clear sky,7
Dorog,47.723333,18.732778,2026-05-20 07:47:02.663524,19.16,18.57,19.16,19.16,1020,55,2.65,321,1,0.0,Clear,clear sky,7
Esztergom-Kertváros,47.743333,18.719167,2026-05-20 07:47:03.898279,19.23,18.64,19.23,19.23,1020,55,2.52,319,1,0.0,Clear,clear sky,7
Esztergom,47.7775,18.743611,2026-05-20 07:47:05.136432,19.29,18.68,19.29,19.29,1020,54,2.38,316,0,0.0,Clear,clear sky,7
Dunaalmás,47.733056,18.326389,2026-05-20 07:47:06.369292,19.85,19.33,19.85,19.85,1021,55,3.12,326,6,0.0,Clear,clear sky,7
Neszmély,47.734444,18.345278,2026-05-20 07:47:07.597642,19.85,19.33,19.85,19.85,1021,55,3.12,326,6,0.0,Clear,clear sky,7
Süttő,47.761111,18.455,2026-05-20 07:47:08.825658,19.81,19.26,19.81,19.81,1021,54,2.57,322,5,0.0,Clear,clear sky,7
Piszke,47.75307,18.478017,2026-05-20 07:47:10.056751,19.84,19.29,19.84,19.84,1021,54,2.49,321,5,0.0,Clear,clear sky,7
Lábatlan,47.751944,18.513333,2026-05-20 07:47:11.286357,19.83,19.28,19.83,19.83,1021,54,2.45,320,5,0.0,Clear,clear sky,7
Eternitgyár,47.755544,18.530014,2026-05-20 07:47:12.522297,19.83,19.28,19.83,19.83,1021,54,2.45,320,5,0.0,Clear,clear sky,7
Nyergesújfalu felső,47.762222,18.540556,2026-05-20 07:47:13.752810,19.83,19.28,19.83,19.83,1021,54,2.45,320,5,0.0,Clear,clear sky,7
Nyergesújfalu,47.761111,18.561667,2026-05-20 07:47:14.981365,19.77,19.21,19.77,19.77,1021,54,2.42,319,4,0.0,Clear,clear sky,7
Tokod,47.735,18.675,2026-05-20 07:47:16.210535,19.25,18.67,19.25,19.25,1020,55,2.64,320,1,0.0,Clear,clear sky,7
Környe,47.541667,18.330278,2026-05-20 07:47:17.443282,19.62,19.07,19.62,19.62,1021,55,3.84,327,5,0.0,Clear,clear sky,7
Kecskéd alsó,47.519722,18.316667,2026-05-20 07:47:18.676374,19.64,19.1,19.64,19.64,1021,55,4.05,328,6,0.0,Clear,clear sky,7
Oroszlány,47.486944,18.308611,2026-05-20 07:47:19.899580,19.56,19.01,19.56,19.56,1021,55,4.18,328,5,0.0,Clear,clear sky,7
Győrszabadhegy,47.663056,17.648056,2026-05-20 07:47:21.134022,18.08,17.38,18.08,18.08,1021,55,3.6,300,0,0.0,Clear,clear sky,7
Ménfőcsanak felső,47.638333,17.615,2026-05-20 07:47:22.367344,18.08,17.38,18.08,18.08,1021,55,3.6,300,0,0.0,Clear,clear sky,7
Gyömöre-Tét,47.501672,17.559596,2026-05-20 07:47:23.599807,17.03,16.43,17.03,17.91,1022,63,2.06,10,0,0.0,Clear,clear sky,7
Szerecseny,47.469167,17.5475,2026-05-20 07:47:24.829266,17.02,16.42,17.02,17.9,1022,63,2.06,10,0,0.0,Clear,clear sky,7
Gecse-Gyarmat,47.456111,17.515,2026-05-20 07:47:26.065115,17.05,16.46,17.05,17.94,1022,63,2.06,10,0,0.0,Clear,clear sky,7
Vaszar,47.4025,17.496389,2026-05-20 07:47:27.296011,17.08,16.49,17.08,17.08,1022,63,2.06,10,0,0.0,Clear,clear sky,7
Pápa,47.340556,17.458889,2026-05-20 07:47:28.534310,17.03,16.43,17.03,17.03,1022,63,2.06,10,0,0.0,Clear,clear sky,7
Mezőlak,47.324722,17.371389,2026-05-20 07:47:29.765206,17.11,16.52,17.11,17.11,1022,63,2.06,10,0,0.0,Clear,clear sky,7
Mihályháza,47.318889,17.331667,2026-05-20 07:47:31.001612,17.14,16.55,17.14,17.14,1022,63,2.06,10,0,0.0,Clear,clear sky,7
Vinár,47.306667,17.284722,2026-05-20 07:47:32.237992,17.1,16.51,17.1,17.1,1022,63,2.06,10,0,0.0,Clear,clear sky,7
Külsővat,47.279167,17.219722,2026-05-20 07:47:33.469106,17.12,16.38,17.12,17.12,1022,57,4.75,342,15,0.0,Clouds,few clouds,7
Celldömölk,47.261389,17.151944,2026-05-20 07:47:34.700741,17.07,16.29,17.07,17.07,1022,56,4.66,343,15,0.0,Clouds,few clouds,7
Kemenesmihályfa,47.278056,17.111111,2026-05-20 07:47:35.939097,20.22,19.76,20.22,20.22,1022,56,4.62,342,15,0.0,Clouds,few clouds,7
Nagysimonyi,47.265556,17.058889,2026-05-20 07:47:37.173161,20.35,19.9,20.35,20.35,1022,56,4.36,343,14,0.0,Clouds,few clouds,7
Ostffyasszonyfa,47.283889,17.023889,2026-05-20 07:47:38.410153,20.46,20.02,20.46,20.46,1022,56,4.29,342,14,0.0,Clouds,few clouds,7
Sárvár,47.259167,16.928889,2026-05-20 07:47:39.641605,20.67,20.23,20.67,20.67,1022,55,3.67,342,15,0.0,Clouds,few clouds,7
Porpác,47.238611,16.8325,2026-05-20 07:47:40.869777,21.4,21.03,21.4,21.4,1022,55,3.22,342,16,0.0,Clouds,few clouds,7
Balatonföldvár,46.853889,17.881389,2026-05-20 07:47:42.104195,20.53,19.55,18.86,20.53,1021,35,0.89,315,7,0.0,Clear,clear sky,7
Balatonszárszó,46.832222,17.830278,2026-05-20 07:47:43.339375,20.55,19.57,18.88,20.55,1021,35,3.34,330,7,0.0,Clear,clear sky,7
Balatonszemes,46.811944,17.776389,2026-05-20 07:47:44.568785,20.53,19.55,18.86,20.53,1021,35,3.59,329,6,0.0,Clear,clear sky,7
Balatonlelle felső,46.793889,17.7175,2026-05-20 07:47:45.799066,20.55,19.57,20.55,20.55,1022,35,3.84,330,6,0.0,Clear,clear sky,7
Balatonlelle,46.7875,17.694167,2026-05-20 07:47:47.035328,20.51,20.05,20.51,20.51,1022,55,3.99,331,6,0.0,Clear,clear sky,7
Fonyódliget,46.759167,17.592222,2026-05-20 07:47:48.268409,20.53,20.1,20.53,20.53,1022,56,4.2,334,7,0.0,Clear,clear sky,7
Balatonboglár,46.776111,17.647222,2026-05-20 07:47:49.503616,20.53,20.1,20.53,20.53,1022,56,4.13,332,6,0.0,Clear,clear sky,7
Balatonfenyves alsó,46.708611,17.455278,2026-05-20 07:47:50.736479,17.09,16.34,17.09,17.09,1021,57,4.58,340,9,0.0,Clear,clear sky,7
Fonyód,46.750278,17.558889,2026-05-20 07:47:51.970996,20.65,20.26,20.65,20.65,1022,57,4.44,336,8,0.0,Clear,clear sky,7
Bélatelep,46.737778,17.535,2026-05-20 07:47:53.214880,17.11,16.36,17.11,17.11,1021,57,4.47,338,8,0.0,Clear,clear sky,7
Alsóbélatelep,46.724167,17.516389,2026-05-20 07:47:54.451934,17.08,16.33,17.08,17.08,1021,57,4.47,338,8,0.0,Clear,clear sky,7
Balatonfenyves,46.713611,17.482778,2026-05-20 07:47:55.691674,17.08,16.33,17.08,17.08,1021,57,4.49,339,8,0.0,Clear,clear sky,7
Máriahullámtelep,46.704722,17.435,2026-05-20 07:47:56.928000,17.09,16.34,17.09,17.09,1021,57,4.58,340,9,0.0,Clear,clear sky,7
Balatonmáriafürdő,46.704167,17.374722,2026-05-20 07:47:58.160817,17.08,16.59,17.08,17.08,1021,67,4.63,320,10,0.0,Clear,clear sky,7
Balatonberény,46.713889,17.316944,2026-05-20 07:47:59.395958,17.05,16.56,17.05,17.05,1021,67,4.63,320,11,0.0,Clouds,few clouds,7
Balatonszentgyörgy,46.692778,17.288889,2026-05-20 07:48:00.627730,17.08,16.59,17.08,17.08,1021,67,4.63,320,11,0.0,Clouds,few clouds,7
Vörs,46.663611,17.260278,2026-05-20 07:48:01.868065,17.07,16.58,17.07,17.07,1021,67,4.63,320,11,0.0,Clouds,few clouds,7
Zalaszentjakab,46.491667,17.135278,2026-05-20 07:48:03.103557,16.93,16.19,16.93,16.93,1021,58,4.23,346,10,0.0,Clear,clear sky,7
Nagykanizsa,46.440833,16.986667,2026-05-20 07:48:04.339868,20.82,20.39,20.82,20.82,1021,55,3.3,347,14,0.0,Clouds,few clouds,7
Murakeresztúr,46.363889,16.876944,2026-05-20 07:48:05.578421,20.96,20.5,20.96,20.96,1021,53,2.69,335,17,0.0,Clouds,few clouds,7
Zalakomár,46.530278,17.188056,2026-05-20 07:48:06.815084,16.93,16.43,16.93,16.93,1021,67,4.63,320,10,0.0,Clear,clear sky,7
Szárazrét,47.200833,18.381111,2026-05-20 07:48:08.054425,20.18,19.61,20.18,20.18,1021,52,4.85,341,2,0.0,Clear,clear sky,7
Bodajk,47.318333,18.251944,2026-05-20 07:48:09.291900,19.94,19.4,19.94,19.94,1021,54,5.08,334,4,0.0,Clear,clear sky,7
Csókakő,47.3275,18.240556,2026-05-20 07:48:10.521256,19.61,19.04,19.61,19.61,1021,54,5.01,333,4,0.0,Clear,clear sky,7
Mór,47.369167,18.189167,2026-05-20 07:48:11.756724,19.68,19.14,19.68,19.68,1021,55,5.12,331,5,0.0,Clear,clear sky,7
Bakonysárkány,47.443611,18.103611,2026-05-20 07:48:12.990590,17.33,16.58,17.33,17.33,1021,56,4.59,329,7,0.0,Clear,clear sky,7
Kisbér,47.494167,18.024722,2026-05-20 07:48:14.226730,17.64,16.92,17.64,17.64,1021,56,3.96,326,7,0.0,Clear,clear sky,7
Nagyigmánd-Bábolna,47.630556,18.050833,2026-05-20 07:48:15.462941,17.99,17.28,17.99,17.99,1021,55,3.6,300,0,0.0,Clear,clear sky,7
Budapest-Déli,47.498889,19.025,2026-05-20 07:48:16.708578,19.82,19.27,19.16,20.98,1020,54,1.79,27,20,0.0,Clouds,few clouds,7
Budapest-Kelenföld,47.464444,19.02,2026-05-20 07:48:17.939134,19.85,19.3,19.27,21.08,1020,54,1.79,23,20,0.0,Clouds,few clouds,7
Budaörs,47.4475,18.965,2026-05-20 07:48:19.167936,19.67,19.1,19.18,20.99,1020,54,1.79,27,0,0.0,Clear,clear sky,7
Biatorbágy,47.480278,18.834444,2026-05-20 07:48:20.401970,18.95,18.31,18.82,20.64,1020,54,3.71,336,0,0.0,Clear,clear sky,7
Herceghalom,47.493611,18.746111,2026-05-20 07:48:21.652113,19.14,18.55,19.08,20.9,1020,55,4.01,336,0,0.0,Clear,clear sky,7
Bicske,47.484167,18.6175,2026-05-20 07:48:22.888868,18.88,18.26,18.88,19.06,1020,55,3.96,332,1,0.0,Clear,clear sky,7
Szár,47.485,18.5275,2026-05-20 07:48:24.126925,18.67,18.0,18.67,18.67,1020,54,3.75,329,3,0.0,Clear,clear sky,7
Szárliget,47.518333,18.495833,2026-05-20 07:48:25.367024,19.21,18.6,19.21,19.21,1021,54,3.61,327,3,0.0,Clear,clear sky,7
Alsógalla,47.563337,18.425102,2026-05-20 07:48:26.601892,19.62,19.07,19.62,19.62,1021,55,3.49,325,5,0.0,Clear,clear sky,7
Tatabánya,47.585556,18.393056,2026-05-20 07:48:27.831369,19.69,19.15,19.69,19.69,1021,55,3.47,325,5,0.0,Clear,clear sky,7
Vértesszőlős,47.619444,18.375278,2026-05-20 07:48:29.070698,19.72,19.18,19.72,19.72,1021,55,3.35,325,6,0.0,Clear,clear sky,7
Tóvároskert,47.646111,18.348611,2026-05-20 07:48:30.307337,19.73,19.19,19.73,19.73,1021,55,3.36,326,6,0.0,Clear,clear sky,7
Tata,47.665,18.3275,2026-05-20 07:48:31.537620,19.72,19.18,19.72,19.72,1021,55,3.26,325,6,0.0,Clear,clear sky,7
Almásfüzitő,47.725278,18.262222,2026-05-20 07:48:32.770464,20.16,19.64,20.16,20.16,1021,54,3.38,327,6,0.0,Clear,clear sky,7
Almásfüzitő felső,47.731389,18.216389,2026-05-20 07:48:33.999914,20.03,19.5,20.03,20.03,1021,54,3.55,328,7,0.0,Clear,clear sky,7
Szőny,47.735556,18.1775,2026-05-20 07:48:35.232290,20.06,19.53,18.12,20.06,1021,54,3.63,328,7,0.0,Clear,clear sky,7
Komárom,47.749444,18.113611,2026-05-20 07:48:36.464805,18.13,17.41,18.13,20.07,1021,54,3.7,328,9,0.0,Clear,clear sky,7
Ács,47.717222,18.004444,2026-05-20 07:48:37.698859,18.05,17.35,18.05,18.05,1021,55,3.6,300,0,0.0,Clear,clear sky,7
Nagyszentjános,47.705556,17.871389,2026-05-20 07:48:38.936359,18.05,17.35,18.05,18.05,1021,55,3.6,300,0,0.0,Clear,clear sky,7
Győrszentiván,47.688611,17.745556,2026-05-20 07:48:40.165454,18.06,17.36,18.06,18.06,1021,55,3.6,300,0,0.0,Clear,clear sky,7
Győr-Gyárváros,47.684444,17.663889,2026-05-20 07:48:41.398468,18.1,17.4,18.1,18.1,1021,55,3.6,300,0,0.0,Clear,clear sky,7
Győr,47.681944,17.634722,2026-05-20 07:48:42.628845,18.06,17.36,18.06,18.06,1021,55,3.6,300,0,0.0,Clear,clear sky,7
Öttevény,47.719722,17.489167,2026-05-20 07:48:43.860569,18.08,17.43,18.08,18.08,1021,57,3.49,318,17,0.0,Clouds,few clouds,7
Lébény-Mosonszentmiklós,47.755278,17.426389,2026-05-20 07:48:45.099715,20.57,20.17,20.57,20.57,1021,57,4.0,321,17,0.0,Clouds,few clouds,7
Kimle-Károlyháza,47.803889,17.342778,2026-05-20 07:48:46.338207,20.61,20.21,20.61,20.61,1021,57,4.28,322,17,0.0,Clouds,few clouds,7
Mosonmagyaróvár,47.849722,17.267222,2026-05-20 07:48:47.572115,21.15,20.81,20.61,21.15,1021,57,4.66,324,16,0.0,Clouds,few clouds,7
Levél,47.889722,17.1925,2026-05-20 07:48:48.807366,21.12,20.78,20.58,21.12,1021,57,4.85,324,16,0.0,Clouds,few clouds,7
Hegyeshalom,47.913889,17.145556,2026-05-20 07:48:50.036806,20.85,20.48,18.95,21.1,1021,57,4.88,325,16,0.0,Clouds,few clouds,7
Óbuda,47.568611,19.033889,2026-05-20 07:48:51.273646,20.26,19.73,19.31,21.12,1020,53,1.79,27,0,0.0,Clear,clear sky,7
Üröm,47.580556,19.002222,2026-05-20 07:48:52.505401,19.98,19.42,19.2,21.02,1020,53,1.79,27,0,0.0,Clear,clear sky,7
Solymár,47.596111,18.95,2026-05-20 07:48:53.738680,19.61,19.01,19.02,20.84,1020,53,1.34,301,0,0.0,Clear,clear sky,7
Pilisvörösvár,47.614444,18.902222,2026-05-20 07:48:54.971287,18.84,18.19,18.66,20.48,1020,54,1.34,301,0,0.0,Clear,clear sky,7
Klotildliget,47.637778,18.846389,2026-05-20 07:48:56.206030,18.54,17.83,18.4,20.21,1020,53,1.34,301,0,0.0,Clear,clear sky,7
Kútvölgy,46.459444,20.451944,2026-05-20 07:48:57.435434,19.45,18.97,19.45,19.99,1019,58,5.19,355,8,0.0,Clear,clear sky,7
Székkutas,46.503889,20.541111,2026-05-20 07:48:58.675003,19.97,19.56,19.43,19.97,1019,59,5.19,355,8,0.0,Clear,clear sky,7
Kaposszentjakab,46.358056,17.821944,2026-05-20 07:48:59.910444,20.47,20.03,20.47,20.47,1021,56,3.69,341,4,0.0,Clear,clear sky,7
Kaposvár,46.352778,17.795,2026-05-20 07:49:01.144693,20.34,19.89,20.34,20.34,1021,56,3.73,340,4,0.0,Clear,clear sky,7
Kaposújlak,46.366667,17.715,2026-05-20 07:49:02.379318,20.44,20.0,20.44,20.44,1021,56,3.84,337,6,0.0,Clear,clear sky,7
Kaposmérő,46.365278,17.698889,2026-05-20 07:49:03.608146,20.39,19.95,20.39,20.39,1021,56,3.84,337,6,0.0,Clear,clear sky,7
Kaposfő,46.364167,17.656667,2026-05-20 07:49:04.838448,20.37,19.92,20.37,20.37,1021,56,3.85,337,7,0.0,Clear,clear sky,7
Kiskorpád,46.361389,17.606667,2026-05-20 07:49:06.076406,20.31,19.83,20.31,20.31,1021,55,3.85,336,7,0.0,Clear,clear sky,7
Jákó-Nagybajom,46.344444,17.554444,2026-05-20 07:49:07.311220,20.35,19.88,20.35,20.35,1021,55,3.83,336,7,0.0,Clear,clear sky,7
Kutas,46.326111,17.453889,2026-05-20 07:49:08.548648,20.57,20.12,20.57,20.57,1021,55,3.94,337,8,0.0,Clear,clear sky,7
Beleg,46.316944,17.420556,2026-05-20 07:49:09.783667,20.64,20.22,20.64,20.64,1021,56,3.98,338,7,0.0,Clear,clear sky,7
Ötvöskónyi,46.292778,17.358056,2026-05-20 07:49:11.017048,20.65,20.23,20.65,20.65,1021,56,3.96,338,7,0.0,Clear,clear sky,7
Somogyszob,46.289167,17.305556,2026-05-20 07:49:12.247410,20.63,20.24,20.63,20.63,1021,57,3.97,339,8,0.0,Clear,clear sky,7
Bolhás,46.282222,17.275278,2026-05-20 07:49:13.478816,20.63,20.24,20.63,20.63,1021,57,3.91,340,8,0.0,Clear,clear sky,7
Szenta,46.274167,17.182222,2026-05-20 07:49:14.714456,20.7,20.29,20.7,20.7,1021,56,3.78,341,9,0.0,Clear,clear sky,7
Zrínyitelep,46.275278,17.138056,2026-05-20 07:49:15.949130,20.72,20.31,20.72,20.72,1021,56,3.68,340,10,0.0,Clear,clear sky,7
Csurgó,46.261111,17.091667,2026-05-20 07:49:17.177338,20.87,20.45,20.87,20.87,1021,55,3.52,340,10,0.0,Clear,clear sky,7
Gyékényes,46.249167,16.956389,2026-05-20 07:49:18.410599,20.83,20.38,20.83,20.83,1021,54,3.1,335,14,0.0,Clouds,few clouds,7
Adony,47.106111,18.847778,2026-05-20 07:49:19.644354,20.63,20.13,20.63,20.63,1020,53,3.11,332,0,0.0,Clear,clear sky,7
Kulcs,47.051111,18.8975,2026-05-20 07:49:20.876574,20.4,19.88,20.4,20.4,1020,53,3.02,330,0,0.0,Clear,clear sky,7
Rácalmás,47.023333,18.908889,2026-05-20 07:49:22.109804,20.36,19.86,20.36,20.36,1020,54,2.99,331,0,0.0,Clear,clear sky,7
Dunaújváros,46.960556,18.913889,2026-05-20 07:49:23.343011,20.41,19.92,20.41,20.41,1020,54,2.92,332,0,0.0,Clear,clear sky,7
Újvenyim,46.936944,18.868889,2026-05-20 07:49:24.573917,20.5,20.02,20.5,20.5,1020,54,2.89,331,0,0.0,Clear,clear sky,7
Mezőfalva,46.905556,18.810278,2026-05-20 07:49:25.809450,20.48,19.99,20.48,20.48,1020,54,2.92,332,0,0.0,Clear,clear sky,7
Nagykarácsony felső,46.866047,18.783064,2026-05-20 07:49:27.048269,20.61,20.14,20.61,20.61,1020,54,2.87,332,0,0.0,Clear,clear sky,7
Nagykarácsony,46.848729,18.765722,2026-05-20 07:49:28.282862,20.44,19.95,20.44,20.44,1020,54,2.89,333,0,0.0,Clear,clear sky,7
Alap,46.831944,18.657778,2026-05-20 07:49:29.515878,20.68,20.21,20.68,20.68,1021,54,3.31,338,0,0.0,Clear,clear sky,7
Cece,46.773333,18.623333,2026-05-20 07:49:30.753547,20.73,20.27,20.73,20.73,1021,54,3.34,340,0,0.0,Clear,clear sky,7
Vajta,46.713611,18.648056,2026-05-20 07:49:31.985270,20.73,20.29,20.73,20.73,1021,55,3.02,338,0,0.0,Clear,clear sky,7
Rétszilas alsó,46.829167,18.639444,2026-05-20 07:49:33.221129,20.68,20.21,20.68,20.68,1021,54,3.31,338,0,0.0,Clear,clear sky,7
Nagydorog,46.615485,18.65002,2026-05-20 07:49:34.450507,20.72,20.31,20.72,20.72,1021,56,2.8,338,0,0.0,Clear,clear sky,7
Tengelic,46.516111,18.695278,2026-05-20 07:49:35.683497,20.56,20.16,20.56,20.56,1021,57,2.63,337,0,0.0,Clear,clear sky,7
Fácánkert,46.449041,18.735661,2026-05-20 07:49:36.914907,20.57,20.2,20.57,20.57,1021,58,2.67,336,0,0.0,Clear,clear sky,7
Tolna-Mözs,46.416389,18.750556,2026-05-20 07:49:38.147816,20.61,20.24,20.61,20.61,1021,58,2.63,336,0,0.0,Clear,clear sky,7
Szekszárd-Palánk,46.38027777777778,18.72833333333333,2026-05-20 07:49:39.382112,20.61,20.27,20.61,20.61,1021,59,2.77,337,0,0.0,Clear,clear sky,7
Szekszárd,46.349444,18.7125,2026-05-20 07:49:40.612474,20.58,20.23,20.58,20.58,1021,59,2.83,337,0,0.0,Clear,clear sky,7
Őcsény,46.318889,18.7425,2026-05-20 07:49:41.842370,20.58,20.26,20.58,20.58,1021,60,2.8,338,0,0.0,Clear,clear sky,7
Decs,46.283889,18.756111,2026-05-20 07:49:43.075489,20.57,20.25,20.57,20.57,1021,60,2.83,338,0,0.0,Clear,clear sky,7
Csikóstőttős,46.337222,18.152778,2026-05-20 07:49:44.309789,20.45,20.01,20.45,20.45,1021,56,3.47,347,2,0.0,Clear,clear sky,7
Mágocs-Alsómocsolád,46.31027777777778,18.222222222222225,2026-05-20 07:49:45.554362,19.8,19.32,19.8,19.8,1021,57,3.45,345,2,0.0,Clear,clear sky,7
Szalatnak,46.284444444444446,18.288611111111113,2026-05-20 07:49:46.788655,19.98,19.55,19.98,19.98,1021,58,3.52,342,1,0.0,Clear,clear sky,7
Máza-Szászvár,46.279167,18.411389,2026-05-20 07:49:48.022482,19.25,18.75,19.25,19.25,1021,58,3.61,341,1,0.0,Clear,clear sky,7
Váralja,46.281667,18.436111,2026-05-20 07:49:49.263575,19.33,18.86,19.33,19.33,1021,59,3.6,340,0,0.0,Clear,clear sky,7
Nagymányok,46.280278,18.459167,2026-05-20 07:49:50.492273,19.41,18.95,19.41,19.41,1021,59,3.6,340,0,0.0,Clear,clear sky,7
Hidas-Bonyhád,46.269444,18.523333,2026-05-20 07:49:51.728738,19.41,18.95,19.41,19.41,1021,59,3.52,340,0,0.0,Clear,clear sky,7
Mőcsény,46.2575,18.591944,2026-05-20 07:49:52.957107,19.4,18.96,19.4,19.4,1021,60,3.29,340,0,0.0,Clear,clear sky,7
Bátaszék,46.202222,18.715556,2026-05-20 07:49:54.194515,19.69,19.28,19.69,19.69,1021,60,2.98,342,0,0.0,Clear,clear sky,7
Pörböly,46.199167,18.826389,2026-05-20 07:49:55.432560,20.51,20.18,20.51,20.51,1021,60,2.8,340,1,0.0,Clear,clear sky,7
Orosháza,46.566111,20.664722,2026-05-20 07:49:56.671739,19.95,19.57,19.95,19.95,1019,60,5.23,356,10,0.0,Clear,clear sky,7
Orosházi tanyák,46.596944,20.760556,2026-05-20 07:49:57.907466,20.53,20.28,20.53,20.53,1019,63,5.25,355,12,0.0,Clouds,few clouds,7
Csorvás,46.623611,20.840833,2026-05-20 07:49:59.135212,20.51,20.26,20.51,20.51,1019,63,5.24,356,13,0.0,Clouds,few clouds,7
Csorvás alsó,46.634722,20.888333,2026-05-20 07:50:00.373274,20.53,20.18,20.53,20.53,1019,59,5.22,355,13,0.0,Clouds,few clouds,7
Telekgerendás,46.656111,20.963889,2026-05-20 07:50:01.603068,20.53,20.18,20.53,20.53,1019,59,5.16,355,12,0.0,Clouds,few clouds,7
Fürjes,46.67214,21.02306,2026-05-20 07:50:02.845605,20.53,20.18,20.53,20.53,1019,59,1.79,353,11,0.0,Clouds,few clouds,7
Fényes,46.659876,21.16618,2026-05-20 07:50:04.089707,20.56,20.21,20.56,20.56,1019,59,1.79,353,10,0.0,Clear,clear sky,7
Bicere,46.66,21.179444,2026-05-20 07:50:05.318113,20.55,20.2,20.55,20.55,1019,59,1.79,353,9,0.0,Clear,clear sky,7
Gyula,46.656389,21.273333,2026-05-20 07:50:06.552287,20.54,20.19,20.54,20.54,1019,59,4.59,354,9,0.0,Clear,clear sky,7
József Szanatórium,46.704722,21.3325,2026-05-20 07:50:07.784847,20.53,20.18,20.53,20.53,1019,59,4.49,356,9,0.0,Clear,clear sky,7
Sarkadi Cukorgyár,46.73,21.383611,2026-05-20 07:50:09.024366,20.54,20.19,20.54,20.54,1019,59,4.34,356,11,0.0,Clouds,few clouds,7
Sarkad,46.736944,21.402222,2026-05-20 07:50:10.261964,20.53,20.39,20.53,20.53,1019,67,4.25,355,11,0.0,Clouds,few clouds,7
Kötegyán,46.758333,21.479722,2026-05-20 07:50:11.493794,20.53,20.39,20.53,20.53,1019,67,4.12,355,14,0.0,Clouds,few clouds,7
Méhkerék,46.774444,21.455556,2026-05-20 07:50:12.724308,20.53,20.36,20.53,20.53,1019,66,4.23,357,13,0.0,Clouds,few clouds,7
Sarkadkeresztúr,46.823611,21.4175,2026-05-20 07:50:13.960563,20.55,20.36,20.55,20.55,1019,65,4.33,359,13,0.0,Clouds,few clouds,7
Okány,46.8925,21.339167,2026-05-20 07:50:15.193217,20.55,20.31,20.55,20.55,1019,63,4.71,2,9,0.0,Clear,clear sky,7
Újszeged,46.242222,20.16,2026-05-20 07:50:16.430870,17.3,16.55,17.3,17.3,1019,56,5.29,351,7,0.0,Clear,clear sky,7
Szőreg,46.211389,20.183056,2026-05-20 07:50:17.668843,17.29,16.59,17.29,17.29,1019,58,5.39,351,8,0.0,Clear,clear sky,7
Deszk,46.210278,20.246389,2026-05-20 07:50:18.902980,17.3,16.63,17.3,17.3,1019,59,5.41,351,11,0.0,Clouds,few clouds,7
Kiszombor,46.191944,20.413056,2026-05-20 07:50:20.136744,20.78,20.58,20.78,20.78,1019,64,5.39,351,10,0.0,Clear,clear sky,7
Kiszombor megálló,46.191111,20.430833,2026-05-20 07:50:21.368707,20.78,20.58,20.78,20.78,1019,64,5.39,351,10,0.0,Clear,clear sky,7
Makó,46.204722,20.474722,2026-05-20 07:50:22.601126,20.7,20.52,20.7,20.7,1019,65,5.37,351,10,0.0,Clear,clear sky,7
Apátfalva,46.175193,20.580611,2026-05-20 07:50:23.843568,20.51,20.42,20.51,20.51,1019,69,5.29,349,11,0.0,Clouds,few clouds,7
Magyarcsanád,46.174444,20.610278,2026-05-20 07:50:25.079369,20.45,20.38,20.45,20.45,1019,70,5.26,348,12,0.0,Clouds,few clouds,7
Nagylak,46.17,20.708333,2026-05-20 07:50:26.311599,18.99,18.85,18.99,18.99,1019,73,5.15,346,13,0.0,Clouds,few clouds,7
Nagylaki Kendergyár,46.189167,20.717222,2026-05-20 07:50:27.545609,18.98,18.84,18.98,18.98,1019,73,5.15,347,14,0.0,Clouds,few clouds,7
Csanádpalota,46.236111,20.7325,2026-05-20 07:50:28.779969,18.97,18.83,18.97,18.97,1019,73,5.15,347,14,0.0,Clouds,few clouds,7
Mezőhegyes,46.310833,20.815556,2026-05-20 07:50:30.014673,18.91,18.76,18.91,18.91,1019,73,5.13,348,14,0.0,Clouds,few clouds,7
Végegyháza,46.384444,20.878611,2026-05-20 07:50:31.256574,18.93,18.76,18.93,18.93,1019,72,5.11,350,13,0.0,Clouds,few clouds,7
Mezőkovácsháza,46.408333,20.9,2026-05-20 07:50:32.487245,18.93,18.73,18.93,18.93,1019,71,5.12,350,13,0.0,Clouds,few clouds,7
Mezőkovácsháza felső,46.415556,20.918056,2026-05-20 07:50:33.720681,18.94,18.77,18.94,18.94,1019,72,5.05,350,13,0.0,Clouds,few clouds,7
Magyarbánhegyes,46.451389,20.97,2026-05-20 07:50:34.948364,20.5,20.49,20.5,20.5,1019,72,5.01,350,12,0.0,Clouds,few clouds,7
Medgyesegyháza,46.495278,21.029167,2026-05-20 07:50:36.177606,20.48,20.44,20.48,20.48,1019,71,4.96,351,12,0.0,Clouds,few clouds,7
Bánkút,46.505278,21.091944,2026-05-20 07:50:37.408754,20.5,20.15,20.5,20.5,1019,59,4.86,351,11,0.0,Clouds,few clouds,7
Belsőperegpuszta,46.321111,20.916667,2026-05-20 07:50:38.642843,18.91,18.81,18.91,18.91,1019,75,5.0,347,11,0.0,Clouds,few clouds,7
Battonya,46.282222,21.003889,2026-05-20 07:50:39.875028,18.87,19.42,17.82,20.06,1019,100,4.93,346,9,0.0,Clear,clear sky,7
Baja-Dunafürdő,46.193333,18.919167,2026-05-20 07:50:41.105530,20.52,20.19,20.52,20.52,1021,60,2.86,339,2,0.0,Clear,clear sky,7
Kaposszekcső,46.330556,18.143056,2026-05-20 07:50:42.341700,20.45,20.01,20.45,20.45,1021,56,3.47,347,2,0.0,Clear,clear sky,7
Vásárosdombó,46.310556,18.138889,2026-05-20 07:50:43.579028,20.31,19.88,20.31,20.31,1021,57,3.41,347,2,0.0,Clear,clear sky,7
Sásd,46.257222,18.104722,2026-05-20 07:50:44.810586,20.19,19.75,20.19,20.19,1021,57,3.36,346,2,0.0,Clear,clear sky,7
Godisa,46.223333,18.104722,2026-05-20 07:50:46.047513,19.4,18.88,19.4,19.4,1021,57,3.37,346,2,0.0,Clear,clear sky,7
Abaliget,46.152778,18.073611,2026-05-20 07:50:47.277128,19.01,18.48,19.01,19.01,1021,58,3.49,345,3,0.0,Clear,clear sky,7
Hetvehely,46.128333,18.045,2026-05-20 07:50:48.508610,19.2,18.72,19.2,19.2,1021,59,3.53,344,3,0.0,Clear,clear sky,7
Bükkösd,46.113056,17.999444,2026-05-20 07:50:49.747568,19.36,18.89,19.36,19.36,1021,59,3.51,344,3,0.0,Clear,clear sky,7
Cserdi-Helesfa,46.086667,17.987778,2026-05-20 07:50:50.982970,19.44,18.98,19.44,19.44,1021,59,3.56,343,3,0.0,Clear,clear sky,7
Szentlőrinc,46.033333,17.990833,2026-05-20 07:50:52.227685,19.5,19.05,19.5,19.5,1021,59,1.54,0,0,0.0,Clear,clear sky,7
Bicsérd,46.041389,18.057778,2026-05-20 07:50:53.459789,19.41,18.95,19.41,19.41,1021,59,1.54,0,0,0.0,Clear,clear sky,7
Mecsekalja-Cserkút,46.059722,18.150278,2026-05-20 07:50:54.693756,19.54,19.09,19.54,19.55,1021,59,1.54,0,0,0.0,Clear,clear sky,7
Pécs,46.065833,18.223611,2026-05-20 07:50:55.929532,19.46,19.03,19.46,19.82,1021,60,1.54,0,0,0.0,Clear,clear sky,7
Pécs-Külváros,46.071667,18.24,2026-05-20 07:50:57.165002,19.44,19.01,19.43,19.8,1021,60,1.54,0,0,0.0,Clear,clear sky,7
Pécsbánya-Rendező,46.063333,18.270278,2026-05-20 07:50:58.397452,19.28,18.83,19.28,19.64,1021,60,1.54,0,0,0.0,Clear,clear sky,7
Pécsudvard,46.01,18.275556,2026-05-20 07:50:59.634505,19.21,18.75,19.21,19.57,1021,60,1.54,0,0,0.0,Clear,clear sky,7
Szőkéd,45.9675,18.29,2026-05-20 07:51:00.872641,19.39,18.93,19.39,19.75,1021,59,1.54,0,0,0.0,Clear,clear sky,7
Áta,45.936389,18.306944,2026-05-20 07:51:02.112364,19.53,19.08,19.49,19.86,1021,59,1.54,0,0,0.0,Clear,clear sky,7
Kistótfalu,45.909722,18.315278,2026-05-20 07:51:03.346447,19.68,19.24,19.53,19.9,1021,59,1.54,0,0,0.0,Clear,clear sky,7
Vokány,45.899722,18.334722,2026-05-20 07:51:04.582305,19.73,19.33,19.49,19.86,1021,60,1.54,0,0,0.0,Clear,clear sky,7
Palkonya,45.891667,18.393889,2026-05-20 07:51:05.815870,19.88,19.49,19.52,19.88,1021,60,1.54,0,0,0.0,Clear,clear sky,7
Villánykövesd,45.879722,18.425833,2026-05-20 07:51:07.049874,19.84,19.45,19.48,19.84,1021,60,1.54,0,0,0.0,Clear,clear sky,7
Villány,45.8775,18.451389,2026-05-20 07:51:08.283893,19.96,19.58,19.6,19.97,1021,60,1.34,51,0,0.0,Clear,clear sky,7
Magyarbóly,45.834167,18.491944,2026-05-20 07:51:09.516026,20.0,19.62,19.66,20.02,1021,60,1.34,51,0,0.0,Clear,clear sky,7
Magyarszék,46.210278,18.188056,2026-05-20 07:51:10.749192,19.25,18.75,19.25,19.25,1021,58,3.4,344,2,0.0,Clear,clear sky,7
Mecsekpölöske,46.224167,18.213056,2026-05-20 07:51:11.976886,19.07,18.52,19.07,19.08,1021,57,3.4,344,2,0.0,Clear,clear sky,7
Mecsekjánosi,46.215278,18.241944,2026-05-20 07:51:13.211041,19.06,18.54,19.06,19.07,1021,58,3.47,343,2,0.0,Clear,clear sky,7
Komló,46.189167,18.265278,2026-05-20 07:51:14.440139,18.75,18.19,18.75,18.75,1021,58,3.48,343,2,0.0,Clear,clear sky,7
Királyegyháza-Rigópuszta,45.989167,17.971667,2026-05-20 07:51:15.673967,19.58,19.19,19.58,19.58,1021,61,3.68,334,2,0.0,Clear,clear sky,7
Sumony,45.960833,17.913333,2026-05-20 07:51:16.912159,19.61,19.27,19.61,19.61,1021,63,3.62,330,3,0.0,Clear,clear sky,7
Okorág-Kárászpuszta,45.933611,17.864444,2026-05-20 07:51:18.147743,19.62,19.31,19.62,19.62,1021,64,3.64,326,3,0.0,Clear,clear sky,7
Kákics,45.904167,17.8525,2026-05-20 07:51:19.381694,20.3,20.06,20.3,20.3,1021,64,3.66,323,3,0.0,Clear,clear sky,7
Bóly,45.9375,18.538333,2026-05-20 07:51:20.618285,19.65,19.26,19.43,19.79,1021,61,1.34,51,0,0.0,Clear,clear sky,7
Mohács,46.0025,18.683333,2026-05-20 07:51:21.851705,19.7,19.34,19.7,20.06,1021,62,2.82,352,0,0.0,Clear,clear sky,7
Sellye,45.873333,17.858889,2026-05-20 07:51:23.086946,20.29,20.07,20.29,20.29,1021,65,3.75,320,2,0.0,Clear,clear sky,7
Toponár,46.398333,17.840833,2026-05-20 07:51:24.323533,20.4,19.96,20.4,20.4,1021,56,3.74,340,4,0.0,Clear,clear sky,7
Somogyaszaló,46.453611,17.840278,2026-05-20 07:51:25.560076,20.33,19.88,20.33,20.33,1021,56,3.8,338,4,0.0,Clear,clear sky,7
Mernye,46.509444,17.832222,2026-05-20 07:51:26.803701,20.48,20.05,20.48,20.48,1021,56,3.78,335,5,0.0,Clear,clear sky,7
Felsőmocsolád,46.556389,17.8225,2026-05-20 07:51:28.041722,20.35,19.9,20.35,20.35,1021,56,3.73,334,5,0.0,Clear,clear sky,7
Kisbárapáti,46.615,17.866667,2026-05-20 07:51:29.274457,20.21,19.72,20.21,20.21,1021,55,3.44,331,5,0.0,Clear,clear sky,7
Bonnya,46.611389,17.909167,2026-05-20 07:51:30.511202,20.51,20.05,20.51,20.51,1021,55,3.43,333,5,0.0,Clear,clear sky,7
Andocs,46.646944,17.8925,2026-05-20 07:51:31.745834,19.99,19.48,19.99,19.99,1021,55,3.36,330,6,0.0,Clear,clear sky,7
Karád,46.681111,17.874722,2026-05-20 07:51:32.979832,20.25,19.77,20.25,20.25,1021,55,3.29,329,6,0.0,Clear,clear sky,7
Somogymeggyes,46.720556,17.920556,2026-05-20 07:51:34.211553,19.83,19.28,18.16,19.83,1021,54,3.1,329,7,0.0,Clear,clear sky,7
Kapoly,46.713611,17.977778,2026-05-20 07:51:35.444969,20.11,19.56,18.44,20.11,1021,53,3.11,335,6,0.0,Clear,clear sky,7
Tab,46.734167,18.041111,2026-05-20 07:51:36.676222,18.6,17.9,18.6,20.27,1021,53,3.14,337,6,0.0,Clear,clear sky,7
Bábonymegyer,46.746095,18.109921,2026-05-20 07:51:37.909680,18.71,18.28,18.71,20.38,1021,63,3.53,345,5,0.0,Clear,clear sky,7
Daránypuszta,46.764722,18.143889,2026-05-20 07:51:39.146190,18.73,18.3,18.73,20.4,1021,63,3.66,347,4,0.0,Clear,clear sky,7
Som-Nagyberény,46.803056,18.149444,2026-05-20 07:51:40.381722,18.72,18.29,18.72,20.39,1021,63,3.66,349,5,0.0,Clear,clear sky,7
Ádánd,46.854444,18.141667,2026-05-20 07:51:41.633629,18.84,18.42,18.84,20.51,1021,63,3.71,352,5,0.0,Clear,clear sky,7
Siójut,46.879444,18.126667,2026-05-20 07:51:42.866660,18.83,18.41,18.83,20.5,1021,63,3.76,353,5,0.0,Clear,clear sky,7
Kapostüskevár,46.367778,17.774167,2026-05-20 07:51:44.098896,20.5,20.07,20.5,20.5,1021,56,3.78,339,5,0.0,Clear,clear sky,7
Kaposfüred,46.415,17.759444,2026-05-20 07:51:45.333386,20.41,19.97,20.41,20.41,1021,56,3.88,337,5,0.0,Clear,clear sky,7
Várda,46.4625,17.721667,2026-05-20 07:51:46.576160,20.34,19.89,20.34,20.34,1021,56,3.98,335,6,0.0,Clear,clear sky,7
Somogyjád,46.490833,17.694444,2026-05-20 07:51:47.805691,20.5,20.07,20.5,20.5,1021,56,3.99,335,7,0.0,Clear,clear sky,7
Osztopán,46.515556,17.656944,2026-05-20 07:51:49.042824,20.52,20.09,20.52,20.52,1021,56,3.99,335,7,0.0,Clear,clear sky,7
Pamuk,46.553127,17.636412,2026-05-20 07:51:50.287741,20.67,20.25,20.67,20.67,1021,56,3.99,334,7,0.0,Clear,clear sky,7
Somogyvár,46.580556,17.634722,2026-05-20 07:51:51.520949,20.7,20.29,20.7,20.7,1021,56,3.98,334,7,0.0,Clear,clear sky,7
Öreglak,46.608607,17.632733,2026-05-20 07:51:52.754568,20.71,20.3,20.71,20.71,1021,56,3.97,334,7,0.0,Clear,clear sky,7
Tatárvár,46.636667,17.621111,2026-05-20 07:51:53.994624,20.62,20.2,20.62,20.62,1021,56,4.01,335,7,0.0,Clear,clear sky,7
Lengyeltóti,46.660556,17.613611,2026-05-20 07:51:55.225317,20.73,20.32,20.73,20.73,1021,56,4.03,335,7,0.0,Clear,clear sky,7
Pusztaberény,46.686111,17.594722,2026-05-20 07:51:56.459372,20.86,20.46,20.86,20.86,1021,56,4.04,335,7,0.0,Clear,clear sky,7
Örkény,47.132778,19.447222,2026-05-20 07:51:57.697786,20.52,19.93,20.52,20.52,1020,50,2.83,338,0,0.0,Clear,clear sky,7
Táborfalva,47.098545,19.479318,2026-05-20 07:51:58.933978,19.88,19.2,19.88,19.88,1020,49,2.84,341,0,0.0,Clear,clear sky,7
Felsőlajos,47.068834,19.498415,2026-05-20 07:52:00.170035,19.87,19.19,19.87,19.87,1020,49,2.87,342,0,0.0,Clear,clear sky,7
Lajosmizse,47.028333,19.542778,2026-05-20 07:52:01.406409,19.84,19.05,19.84,19.84,1020,45,4.12,30,0,0.0,Clear,clear sky,7
Lajosmizse alsó,47.0225,19.550278,2026-05-20 07:52:02.643102,19.85,19.07,19.85,19.85,1020,45,4.12,30,0,0.0,Clear,clear sky,7
Klábertelep,47.005556,19.551667,2026-05-20 07:52:03.877458,19.86,19.08,19.86,19.86,1020,45,4.12,30,0,0.0,Clear,clear sky,7
Méntelek,46.978611,19.570833,2026-05-20 07:52:05.108907,19.9,19.12,19.9,19.9,1020,45,4.12,30,0,0.0,Clear,clear sky,7
Hetényegyháza,46.930833,19.595,2026-05-20 07:52:06.346621,19.92,19.14,19.92,19.92,1020,45,4.12,30,0,0.0,Clear,clear sky,7
Kecskemét-Máriaváros,46.901192,19.675913,2026-05-20 07:52:07.581906,19.97,19.2,19.97,21.53,1020,45,4.12,30,0,0.0,Clear,clear sky,7
Nyársapát,47.100278,19.7925,2026-05-20 07:52:08.817130,20.04,19.35,19.99,20.5,1020,48,3.05,353,0,0.0,Clear,clear sky,7
Nagykőrös,47.038333,19.76,2026-05-20 07:52:10.046120,19.97,19.2,19.97,20.36,1020,45,4.12,30,0,0.0,Clear,clear sky,7
Katonatelep,46.963056,19.718889,2026-05-20 07:52:11.280778,19.94,19.16,19.94,19.94,1020,45,4.12,30,0,0.0,Clear,clear sky,7
Kecskemét,46.913889,19.700833,2026-05-20 07:52:12.514589,19.97,19.2,19.97,21.53,1020,45,4.12,30,0,0.0,Clear,clear sky,7
Városföld,46.816667,19.753333,2026-05-20 07:52:13.749719,20.03,19.26,20.03,21.59,1020,45,4.12,30,0,0.0,Clear,clear sky,7
Kiskunfélegyháza,46.7067,19.83474,2026-05-20 07:52:14.985379,21.64,21.11,20.08,21.64,1019,48,3.61,354,0,0.0,Clear,clear sky,7
Petőfiszállás,46.617374,19.865229,2026-05-20 07:52:16.223758,21.68,21.16,21.68,21.68,1019,48,3.9,352,0,0.0,Clear,clear sky,7
Csengele,46.538321,19.909008,2026-05-20 07:52:17.458253,21.67,21.15,17.19,21.67,1019,48,4.32,351,0,0.0,Clear,clear sky,7
Kistelek,46.466944,19.966944,2026-05-20 07:52:18.693606,17.25,16.88,17.25,21.72,1019,71,4.59,349,0,0.0,Clear,clear sky,7
Balástya,46.413333,20.001389,2026-05-20 07:52:19.926857,17.25,16.88,17.25,17.25,1019,71,4.77,349,0,0.0,Clear,clear sky,7
Szatymaz,46.345621,20.04374,2026-05-20 07:52:21.161676,17.27,16.91,17.27,17.27,1019,71,3.13,1,1,0.0,Clear,clear sky,7
Kiskundorozsma,46.271667,20.090556,2026-05-20 07:52:22.392283,17.3,16.94,17.3,17.3,1019,71,5.17,350,4,0.0,Clear,clear sky,7
Szeged,46.239722,20.143056,2026-05-20 07:52:23.619154,17.28,16.92,17.28,17.28,1019,71,5.33,351,7,0.0,Clear,clear sky,7
Alsóúrrét,46.898392,19.779891,2026-05-20 07:52:24.853552,20.01,19.24,20.01,21.58,1020,45,4.12,30,0,0.0,Clear,clear sky,7
Nyárlőrinc,46.87,19.851389,2026-05-20 07:52:26.088658,20.05,19.29,20.05,21.61,1019,45,4.12,30,0,0.0,Clear,clear sky,7
Világoshegy,46.855278,19.940278,2026-05-20 07:52:27.330391,20.08,19.32,20.08,21.64,1019,45,4.12,30,0,0.0,Clear,clear sky,7
Szikra,46.858333,19.975,2026-05-20 07:52:28.559950,20.85,20.19,20.08,21.65,1019,46,4.12,30,0,0.0,Clear,clear sky,7
Lakitelek,46.873056,20.003611,2026-05-20 07:52:29.793397,20.77,20.08,20.13,21.7,1019,45,4.12,30,0,0.0,Clear,clear sky,7
Tiszaug,46.850556,20.074167,2026-05-20 07:52:31.027591,19.86,19.08,19.45,20.59,1019,45,4.44,3,1,0.0,Clear,clear sky,7
Tiszasas,46.826389,20.089167,2026-05-20 07:52:32.262500,19.6,18.79,19.43,20.18,1019,45,4.44,3,1,0.0,Clear,clear sky,7
Csépa,46.8125,20.134722,2026-05-20 07:52:33.496662,19.62,18.86,19.43,21.75,1019,47,4.68,3,2,0.0,Clear,clear sky,7
Szelevény,46.811944,20.196389,2026-05-20 07:52:34.734946,19.71,18.96,19.44,21.75,1019,47,4.76,3,2,0.0,Clear,clear sky,7
Gátér,46.685,19.9625,2026-05-20 07:52:35.970162,21.62,21.09,19.43,21.75,1019,48,4.15,357,0,0.0,Clear,clear sky,7
Kónyaszék,46.699931,20.074299,2026-05-20 07:52:37.200468,20.54,19.88,19.45,21.76,1019,47,4.55,0,1,0.0,Clear,clear sky,7
Csongrád,46.704444,20.140556,2026-05-20 07:52:38.432333,19.59,18.83,19.45,21.77,1019,47,4.73,1,2,0.0,Clear,clear sky,7
Hékéd,46.675,20.266667,2026-05-20 07:52:39.669759,19.45,18.68,19.45,20.0,1019,47,4.47,356,5,0.0,Clear,clear sky,7
Fábiánsebestyén,46.670278,20.456667,2026-05-20 07:52:40.902153,19.99,19.27,19.44,19.99,1019,47,5.13,360,8,0.0,Clear,clear sky,7
Gádoros,46.656711,20.588157,2026-05-20 07:52:42.136686,19.98,19.26,19.43,19.98,1019,47,5.18,358,10,0.0,Clear,clear sky,7
Justhmajor,46.62,20.615833,2026-05-20 07:52:43.370716,19.97,19.54,19.43,19.97,1019,58,5.21,357,10,0.0,Clear,clear sky,7
Szentetornya,46.590964,20.628334,2026-05-20 07:52:44.610399,19.97,19.54,19.42,19.97,1019,58,5.21,356,10,0.0,Clear,clear sky,7
Gyopárosfürdő,46.567784,20.630662,2026-05-20 07:52:45.844361,19.95,19.57,19.41,19.95,1019,60,5.23,356,10,0.0,Clear,clear sky,7
Szabadságliget,47.626123,18.893481,2026-05-20 07:52:47.073843,19.2,18.56,18.73,20.37,1020,53,0.89,301,0,0.0,Clear,clear sky,7
Röszke,46.19261,20.03055,2026-05-20 07:52:48.305973,17.3,16.94,17.3,17.3,1019,71,5.15,349,2,0.0,Clear,clear sky,7
Tószeg,47.098056,20.138333,2026-05-20 07:52:49.544865,20.57,20.07,20.02,20.57,1019,53,5.14,20,0,0.0,Clear,clear sky,7
Tiszavárkony,47.059444,20.143056,2026-05-20 07:52:50.781237,20.57,20.07,20.03,20.57,1019,53,5.14,20,0,0.0,Clear,clear sky,7
Tiszajenő-Vezseny,47.036319,20.142415,2026-05-20 07:52:52.013120,20.57,20.07,20.03,20.57,1019,53,5.14,20,0,0.0,Clear,clear sky,7
Újbög,46.962222,20.093889,2026-05-20 07:52:53.246378,20.42,19.9,19.99,20.53,1019,53,4.36,3,1,0.0,Clear,clear sky,7
Tiszakécske,46.937512,20.082016,2026-05-20 07:52:54.475743,20.52,20.01,20.0,20.55,1019,53,4.28,2,1,0.0,Clear,clear sky,7
Kerekdomb,46.906944,20.052778,2026-05-20 07:52:55.706151,20.43,19.73,19.99,21.72,1019,46,4.32,3,1,0.0,Clear,clear sky,7
Tiszaalpár,46.818611,19.982778,2026-05-20 07:52:56.943846,21.31,20.75,19.38,21.69,1019,48,4.12,1,0,0.0,Clear,clear sky,7
Tiszaalpár alsó,46.790897,19.951409,2026-05-20 07:52:58.177293,21.43,20.88,19.38,21.69,1019,48,4.02,360,0,0.0,Clear,clear sky,7
Tiszatenyő,47.134167,20.3725,2026-05-20 07:52:59.407332,20.02,19.44,20.02,20.57,1019,52,5.14,20,0,0.0,Clear,clear sky,7
Pusztapó,47.091667,20.458333,2026-05-20 07:53:00.643727,20.03,19.45,20.03,20.57,1019,52,5.14,20,0,0.0,Clear,clear sky,7
Kétpó,47.076944,20.487778,2026-05-20 07:53:01.880608,20.03,19.45,20.03,20.57,1019,52,5.14,20,0,0.0,Clear,clear sky,7
Mezőtúr,47.0125,20.622778,2026-05-20 07:53:03.109733,20.82,20.37,20.82,20.82,1019,54,5.15,4,13,0.0,Clouds,few clouds,7
Nagylapos,46.974167,20.750556,2026-05-20 07:53:04.345614,20.78,20.38,20.78,20.78,1019,56,5.06,2,12,0.0,Clouds,few clouds,7
Gyoma,46.925833,20.821667,2026-05-20 07:53:05.584019,20.77,20.39,20.77,20.77,1019,57,5.08,1,12,0.0,Clouds,few clouds,7
Csárdaszállás,46.861111,20.932778,2026-05-20 07:53:06.816993,20.56,20.24,20.56,20.56,1019,60,5.15,359,12,0.0,Clouds,few clouds,7
Mezőberény,46.814722,21.013056,2026-05-20 07:53:08.046993,20.55,20.2,20.55,20.55,1019,59,5.16,358,11,0.0,Clouds,few clouds,7
Murony,46.756944,21.038056,2026-05-20 07:53:09.284001,20.57,20.22,20.57,20.57,1019,59,5.14,358,10,0.0,Clear,clear sky,7
Békéscsaba,46.669722,21.081667,2026-05-20 07:53:10.516805,20.53,20.18,20.53,20.53,1019,59,1.79,353,10,0.0,Clear,clear sky,7
Kétegyháza,46.5325,21.171944,2026-05-20 07:53:11.752464,20.51,20.16,20.51,20.51,1019,59,4.69,350,9,0.0,Clear,clear sky,7
Lőkösháza,46.432222,21.2375,2026-05-20 07:53:12.986290,20.01,20.0,17.83,20.47,1019,74,4.48,348,9,0.0,Clear,clear sky,7
Kengyel,47.089722,20.339722,2026-05-20 07:53:14.219550,20.0,19.41,20.0,20.55,1019,52,5.14,20,0,0.0,Clear,clear sky,7
Bagimajor,47.061111,20.316667,2026-05-20 07:53:15.456455,20.03,19.45,20.03,20.57,1019,52,5.14,20,0,0.0,Clear,clear sky,7
Martfű,47.019444,20.291667,2026-05-20 07:53:16.687466,20.01,19.42,20.01,20.55,1019,52,5.14,20,0,0.0,Clear,clear sky,7
Tiszaföldvár,46.975556,20.276389,2026-05-20 07:53:17.922742,20.01,19.42,20.01,20.55,1019,52,5.14,20,0,0.0,Clear,clear sky,7
Homok,46.9475,20.270278,2026-05-20 07:53:19.153369,20.29,19.76,19.97,20.56,1019,53,5.14,20,0,0.0,Clear,clear sky,7
Kungyalu,46.910833,20.2675,2026-05-20 07:53:20.389819,20.29,19.63,19.45,20.58,1019,48,4.86,4,5,0.0,Clear,clear sky,7
Kunszentmárton,46.848333,20.293333,2026-05-20 07:53:21.643266,19.98,19.26,19.43,19.98,1019,47,4.97,4,5,0.0,Clear,clear sky,7
Nagytőke,46.763333,20.291667,2026-05-20 07:53:22.878339,19.99,19.27,19.45,19.99,1019,47,5.0,3,5,0.0,Clear,clear sky,7
Szentes,46.657778,20.2725,2026-05-20 07:53:24.111799,19.45,18.68,19.45,20.0,1019,47,4.47,356,5,0.0,Clear,clear sky,7
Szegvár,46.588611,20.249444,2026-05-20 07:53:25.342255,19.45,18.68,19.45,20.0,1019,47,4.47,356,5,0.0,Clear,clear sky,7
Mindszent,46.524167,20.194167,2026-05-20 07:53:26.597636,19.46,18.69,19.46,20.01,1019,47,5.0,355,4,0.0,Clear,clear sky,7
Mártély,46.473333,20.236111,2026-05-20 07:53:27.831766,19.58,18.93,17.31,20.02,1019,51,5.08,354,5,0.0,Clear,clear sky,7
Pusztabánréve,46.939898,20.556809,2026-05-20 07:53:29.065698,20.96,20.5,20.96,20.96,1019,53,5.1,3,12,0.0,Clouds,few clouds,7
Szarvas,46.860833,20.566667,2026-05-20 07:53:30.296196,20.0,19.44,20.0,20.0,1019,53,5.09,2,11,0.0,Clouds,few clouds,7
Csabacsűd,46.823056,20.663333,2026-05-20 07:53:31.531609,19.99,19.48,19.99,19.99,1019,55,5.13,360,11,0.0,Clouds,few clouds,7
Kisszénás,46.751389,20.721389,2026-05-20 07:53:32.768113,20.0,19.57,20.0,20.0,1019,58,5.18,358,12,0.0,Clouds,few clouds,7
Kiscsákó,46.719167,20.717778,2026-05-20 07:53:34.011097,19.99,19.59,19.99,19.99,1019,59,5.22,358,12,0.0,Clouds,few clouds,7
Nagyszénás,46.672778,20.674167,2026-05-20 07:53:35.244118,19.96,19.53,19.96,19.96,1019,58,5.21,358,12,0.0,Clouds,few clouds,7
Kardoskút,46.498056,20.6975,2026-05-20 07:53:36.481323,20.77,20.57,20.77,20.77,1019,64,5.23,354,11,0.0,Clouds,few clouds,7
Tótkomlós,46.409167,20.726944,2026-05-20 07:53:37.714622,20.56,20.45,20.56,20.56,1019,68,5.2,351,13,0.0,Clouds,few clouds,7
Nagyér,46.365278,20.738333,2026-05-20 07:53:38.951351,20.5,20.43,20.5,20.5,1019,70,5.18,350,14,0.0,Clouds,few clouds,7
Pitvaros,46.326175,20.746446,2026-05-20 07:53:40.192294,20.42,20.37,20.42,20.42,1019,71,5.15,349,14,0.0,Clouds,few clouds,7
Dévaványa,47.033889,20.943333,2026-05-20 07:53:41.425521,20.58,20.21,20.58,20.58,1019,58,5.04,3,10,0.0,Clear,clear sky,7
Körösladány,46.97,21.085833,2026-05-20 07:53:42.661583,20.5,20.17,20.5,20.5,1019,60,5.11,3,10,0.0,Clear,clear sky,7
Szeghalom,47.015278,21.148333,2026-05-20 07:53:43.932705,20.43,20.1,20.43,20.43,1019,60,5.09,5,8,0.0,Clear,clear sky,7
Vésztő,46.938889,21.263611,2026-05-20 07:53:45.166691,20.35,20.06,20.35,20.35,1019,62,4.92,4,8,0.0,Clear,clear sky,7
Szeged-Rókus,46.266111,20.125278,2026-05-20 07:53:46.401158,17.3,16.94,17.3,17.3,1019,71,5.25,350,5,0.0,Clear,clear sky,7
Algyő,46.335556,20.196111,2026-05-20 07:53:47.630128,17.32,16.52,17.32,17.32,1019,54,5.22,352,7,0.0,Clear,clear sky,7
Hódmezővásárhelyi Népkert,46.403333,20.312778,2026-05-20 07:53:48.857243,19.46,18.9,19.46,19.46,1019,55,5.18,354,8,0.0,Clear,clear sky,7
Hódmezővásárhely,46.413333,20.34,2026-05-20 07:53:50.088056,19.45,18.91,19.45,19.45,1019,56,5.19,354,8,0.0,Clear,clear sky,7
Körmend,47.016389,16.599167,2026-05-20 07:53:51.317428,21.08,20.65,21.08,21.08,1022,54,1.38,354,20,0.0,Clouds,few clouds,7
Szentgotthárd,46.957222,16.263056,2026-05-20 07:53:52.549999,21.13,20.66,21.13,21.13,1021,52,0.49,328,42,0.0,Clouds,scattered clouds,7
Szombathely,47.237778,16.6325,2026-05-20 07:53:53.781946,21.15,20.7,21.15,21.15,1022,53,1.82,341,16,0.0,Clouds,few clouds,7
Sáferkút,48.010278,19.071389,2026-05-20 07:53:55.018111,19.23,18.7,19.23,19.23,1020,57,2.11,310,0,0.0,Clear,clear sky,7
Magdolnavölgy,47.6475,18.818889,2026-05-20 07:53:56.254032,19.14,18.44,18.72,20.36,1020,51,2.89,327,0,0.0,Clear,clear sky,7
Haris,46.964722,16.2825,2026-05-20 07:53:57.490568,21.15,20.68,21.15,21.15,1021,52,0.49,341,39,0.0,Clouds,scattered clouds,7
Egyházasrádóc,47.091389,16.62,2026-05-20 07:53:58.725020,20.88,20.43,20.88,20.88,1022,54,1.19,347,19,0.0,Clouds,few clouds,7
Alsórönök,46.964167,16.379444,2026-05-20 07:53:59.959520,21.15,20.68,21.15,21.15,1021,52,0.61,353,35,0.0,Clouds,scattered clouds,7
Szombathely-Szőlős,47.206389,16.641667,2026-05-20 07:54:01.193413,21.21,20.8,21.21,21.21,1022,54,1.73,341,16,0.0,Clouds,few clouds,7
Rátót,46.9675,16.433056,2026-05-20 07:54:02.432980,20.98,20.52,20.98,20.98,1021,53,0.94,359,27,0.0,Clouds,scattered clouds,7
Ják-Balogunyom,47.161389,16.630556,2026-05-20 07:54:03.670695,21.27,20.86,21.27,21.27,1022,54,1.65,342,17,0.0,Clouds,few clouds,7
Vasvár,47.056944,16.800278,2026-05-20 07:54:04.920887,20.99,20.55,20.99,20.99,1022,54,2.76,347,15,0.0,Clouds,few clouds,7
Répcelak,47.418889,17.008889,2026-05-20 07:54:06.164405,20.87,20.45,20.87,20.87,1022,55,4.6,338,14,0.0,Clouds,few clouds,7
Rajka,47.995556,17.191389,2026-05-20 07:54:07.396968,20.88,20.54,18.94,21.09,1021,58,3.09,290,20,0.0,Clouds,few clouds,7
Püspökmolnári,47.086111,16.7675,2026-05-20 07:54:08.632059,21.01,20.58,21.01,21.01,1022,54,2.39,345,16,0.0,Clouds,few clouds,7
Kőszeg,47.382222,16.556389,2026-05-20 07:54:09.866365,20.75,20.29,20.75,20.75,1022,54,2.66,352,19,0.0,Clouds,few clouds,7
Kastélypark,47.390278,18.988333,2026-05-20 07:54:11.105191,19.8,19.25,19.52,21.16,1020,54,2.82,330,0,0.0,Clear,clear sky,7
Hanságliget,47.72,17.215556,2026-05-20 07:54:12.338726,20.74,20.33,20.74,20.74,1021,56,5.04,326,17,0.0,Clouds,few clouds,7
Vica,47.477778,17.111944,2026-05-20 07:54:13.573393,20.81,20.41,20.81,20.81,1022,56,4.94,336,14,0.0,Clouds,few clouds,7
Vép,47.235833,16.7275,2026-05-20 07:54:14.809595,21.29,20.88,21.29,21.29,1022,54,2.34,341,16,0.0,Clouds,few clouds,7
Mosonszolnok,47.8525,17.160278,2026-05-20 07:54:16.048971,21.15,20.81,20.61,21.15,1021,57,5.0,325,16,0.0,Clouds,few clouds,7
Jánossomorja,47.789167,17.1375,2026-05-20 07:54:17.283784,20.76,20.35,20.76,20.76,1021,56,5.11,326,16,0.0,Clouds,few clouds,7
Bősárkány,47.685556,17.234167,2026-05-20 07:54:18.514323,20.77,20.36,20.77,20.77,1021,56,5.09,327,16,0.0,Clouds,few clouds,7
Szil-Sopronnémeti,47.533333,17.209444,2026-05-20 07:54:19.749283,17.15,16.38,17.15,17.15,1022,56,5.1,332,15,0.0,Clouds,few clouds,7
Magyarkeresztúr-Zsebeháza,47.514167,17.176111,2026-05-20 07:54:20.988434,17.14,16.37,17.14,17.14,1022,56,5.08,333,15,0.0,Clouds,few clouds,7
Páli-Vadosfa,47.4925,17.137778,2026-05-20 07:54:22.224298,20.79,20.39,20.79,20.79,1022,56,5.03,334,15,0.0,Clouds,few clouds,7
Beled,47.466667,17.084444,2026-05-20 07:54:23.458908,20.81,20.41,20.81,20.81,1022,56,4.94,336,14,0.0,Clouds,few clouds,7
Dénesfa,47.448611,17.054722,2026-05-20 07:54:24.693356,20.85,20.43,20.85,20.85,1022,55,4.75,337,14,0.0,Clouds,few clouds,7
Csánig,47.430278,17.026111,2026-05-20 07:54:25.924742,20.88,20.46,20.88,20.88,1022,55,4.66,338,14,0.0,Clouds,few clouds,7
Vámoscsalád,47.385556,16.961667,2026-05-20 07:54:27.156145,21.54,21.19,21.54,21.54,1022,55,4.35,340,14,0.0,Clouds,few clouds,7
Vasegerszeg,47.375,16.928889,2026-05-20 07:54:28.389752,21.55,21.17,21.55,21.55,1022,54,4.04,341,15,0.0,Clouds,few clouds,7
Hegyfalu,47.357778,16.898333,2026-05-20 07:54:29.620583,21.54,21.16,21.54,21.54,1022,54,4.04,341,15,0.0,Clouds,few clouds,7
Pósfa,47.326944,16.855833,2026-05-20 07:54:30.859699,21.52,21.14,21.52,21.52,1022,54,3.79,342,16,0.0,Clouds,few clouds,7
Ölbő-Alsószeleste,47.300556,16.843056,2026-05-20 07:54:32.098830,21.5,21.12,21.5,21.5,1022,54,3.5,342,16,0.0,Clouds,few clouds,7
Gencsapáti felső,47.299722,16.593889,2026-05-20 07:54:33.341308,21.01,20.58,21.01,21.01,1022,54,1.88,346,18,0.0,Clouds,few clouds,7
Lukácsháza alsó,47.326389,16.586389,2026-05-20 07:54:34.580907,20.95,20.51,20.95,20.95,1022,54,2.17,348,18,0.0,Clouds,few clouds,7
Kőszegfalva,47.361667,16.567778,2026-05-20 07:54:35.815543,20.84,20.39,20.84,20.84,1022,54,2.31,351,19,0.0,Clouds,few clouds,7
Gyöngyöshermán,47.202778,16.657222,2026-05-20 07:54:37.048452,21.23,20.82,21.23,21.23,1022,54,1.73,341,16,0.0,Clouds,few clouds,7
Bezenye,47.973611,17.207222,2026-05-20 07:54:38.280333,20.88,20.56,18.95,21.1,1021,59,4.48,323,15,0.0,Clouds,few clouds,7
Kámon,47.254534,16.625769,2026-05-20 07:54:39.523898,21.11,20.69,21.11,21.11,1022,54,1.96,342,16,0.0,Clouds,few clouds,7
Sorkifalud,47.1375,16.719167,2026-05-20 07:54:40.761713,21.02,20.59,21.02,21.02,1022,54,2.16,343,16,0.0,Clouds,few clouds,7
Szentléránt,47.12,16.735556,2026-05-20 07:54:42.001225,21.02,20.59,21.02,21.02,1022,54,2.16,343,16,0.0,Clouds,few clouds,7
Pácsony,47.009722,16.833611,2026-05-20 07:54:43.235403,20.93,20.49,20.93,20.93,1022,54,2.94,349,15,0.0,Clouds,few clouds,7
Győrvár,46.99,16.840556,2026-05-20 07:54:44.467633,20.93,20.49,20.93,20.93,1022,54,2.94,349,15,0.0,Clouds,few clouds,7
Egervár-Vasboldogasszony,46.942222,16.862222,2026-05-20 07:54:45.699970,21.12,20.72,21.12,21.12,1022,55,3.14,352,14,0.0,Clouds,few clouds,7
Zalaszentlőrinc,46.913889,16.8775,2026-05-20 07:54:46.935251,21.1,20.7,21.1,21.1,1022,55,3.14,353,14,0.0,Clouds,few clouds,7
Gencsapáti alsó,47.285833,16.6,2026-05-20 07:54:48.173121,21.04,20.61,21.04,21.04,1022,54,1.63,344,18,0.0,Clouds,few clouds,7
Gyöngyösfalu,47.316111,16.59,2026-05-20 07:54:49.409395,20.97,20.53,20.97,20.97,1022,54,1.88,346,18,0.0,Clouds,few clouds,7
Lukácsháza,47.341111,16.580556,2026-05-20 07:54:50.650076,20.9,20.46,20.9,20.9,1022,54,1.97,349,19,0.0,Clouds,few clouds,7
Horvátnádalja,47.005278,16.544444,2026-05-20 07:54:51.885439,21.13,20.71,21.13,21.13,1022,54,1.27,357,21,0.0,Clouds,few clouds,7
Csákánydoroszló,46.978333,16.499722,2026-05-20 07:54:53.125869,21.14,20.69,21.14,21.14,1022,53,1.06,359,25,0.0,Clouds,scattered clouds,7
Váckisújfalu,47.705,19.340278,2026-05-20 07:54:54.359672,20.75,20.32,20.75,20.75,1020,55,2.83,336,0,0.0,Clear,clear sky,7
Csisztafürdő,46.681411,17.561797,2026-05-20 07:54:55.596223,20.89,20.5,20.89,20.89,1021,56,4.23,337,8,0.0,Clear,clear sky,7
Mórágy,46.236021,18.627255,2026-05-20 07:54:56.833689,19.42,18.98,19.42,19.42,1021,60,3.18,341,0,0.0,Clear,clear sky,7
Kismacs,47.551111,21.542778,2026-05-20 07:54:58.076663,19.9,19.3,19.9,19.9,1019,52,3.6,10,0,0.0,Clear,clear sky,7
Pusztaszentistván,47.439869,19.470254,2026-05-20 07:54:59.311429,19.84,19.16,19.84,19.84,1020,49,1.54,0,20,0.0,Clouds,few clouds,7
Aranyvölgy,47.573795,19.017489,2026-05-20 07:55:00.543071,20.16,19.62,19.37,21.01,1020,53,0.89,341,0,0.0,Clear,clear sky,7
Szélhegy,47.601111,18.928056,2026-05-20 07:55:01.782552,19.49,18.88,19.01,20.65,1020,53,0.89,301,0,0.0,Clear,clear sky,7
Vörösvárbánya,47.61,18.913611,2026-05-20 07:55:03.018438,19.43,18.81,18.97,20.6,1020,53,0.89,301,0,0.0,Clear,clear sky,7
Máriaszőlőtelep,46.702778,17.411911,2026-05-20 07:55:04.251694,17.1,16.62,17.1,17.1,1021,67,4.63,320,10,0.0,Clear,clear sky,7
Akadémiaújtelep,47.485724,19.22294,2026-05-20 07:55:05.485673,20.12,19.52,19.33,20.97,1020,51,1.54,0,20,0.0,Clouds,few clouds,7
Újpalota,47.5316,19.126206,2026-05-20 07:55:06.720317,20.39,19.84,19.42,21.06,1020,52,2.68,64,20,0.0,Clouds,few clouds,7
"Szeged, Somogyi utca",46.250464,20.147713,2026-05-20 07:55:07.953043,17.26,16.9,17.26,17.26,1019,71,5.29,351,7,0.0,Clear,clear sky,7
"Hódmezővásárhely, Hősök tere",46.412183,20.31759,2026-05-20 07:55:09.192460,19.45,18.89,19.45,19.45,1019,55,5.18,354,8,0.0,Clear,clear sky,7
"Hódmezővásárhely, Kossuth tér",46.41465,20.319727,2026-05-20 07:55:10.415603,19.45,18.89,19.45,19.45,1019,55,5.18,354,8,0.0,Clear,clear sky,7
"Hódmezővásárhely, Strandfürdő",46.409147,20.315671,2026-05-20 07:55:11.637954,19.45,18.89,19.45,19.45,1019,55,5.18,354,8,0.0,Clear,clear sky,7
"Szeged, Széchenyi tér",46.252683,20.14935,2026-05-20 07:55:12.862158,17.26,16.9,17.26,17.26,1019,71,5.29,351,7,0.0,Clear,clear sky,7
"Szeged, Anna-kút",46.256184,20.147587,2026-05-20 07:55:14.099253,17.26,16.9,17.26,17.26,1019,71,5.29,351,7,0.0,Clear,clear sky,7
"Szeged, Rókusi templom",46.259255,20.141771,2026-05-20 07:55:15.337713,17.28,16.92,17.28,17.28,1019,71,5.29,351,7,0.0,Clear,clear sky,7
"Hódmezővásárhely, Kálvin János tér",46.416677,20.328532,2026-05-20 07:55:16.591894,19.45,18.91,19.45,19.45,1019,56,5.19,354,8,0.0,Clear,clear sky,7
Hódmezővásárhely vasútállomás,46.413242,20.338701,2026-05-20 07:55:17.815413,19.45,18.91,19.45,19.45,1019,56,5.19,354,8,0.0,Clear,clear sky,7
"Szeged, Tavasz utca",46.260715,20.139055,2026-05-20 07:55:19.040802,17.28,16.92,17.28,17.28,1019,71,5.29,351,7,0.0,Clear,clear sky,7
"Szeged, Damjanich utca",46.262753,20.135248,2026-05-20 07:55:20.263745,17.28,16.92,17.28,17.28,1019,71,5.29,351,7,0.0,Clear,clear sky,7
"Szeged, Vásárhelyi Pál utca",46.264173,20.131109,2026-05-20 07:55:21.497024,17.3,16.94,17.3,17.3,1019,71,5.29,351,7,0.0,Clear,clear sky,7
"Szeged, Bécsi körút ",46.243459,20.143809,2026-05-20 07:55:22.721463,17.28,16.92,17.28,17.28,1019,71,5.33,351,7,0.0,Clear,clear sky,7
Hódmezővásárhelyi Népkert vasútállomás,46.403733,20.312986,2026-05-20 07:55:23.944133,19.46,18.9,19.46,19.46,1019,55,5.18,354,8,0.0,Clear,clear sky,7
Szeged vasútállomás,46.239789,20.142561,2026-05-20 07:55:25.169413,17.28,16.92,17.28,17.28,1019,71,5.33,351,7,0.0,Clear,clear sky,7
"Szeged, Bem utca",46.240198,20.141247,2026-05-20 07:55:26.392068,17.28,16.92,17.28,17.28,1019,71,5.33,351,7,0.0,Clear,clear sky,7
"Szeged, Galamb utca",46.24153,20.142297,2026-05-20 07:55:27.619442,17.28,16.92,17.28,17.28,1019,71,5.33,351,7,0.0,Clear,clear sky,7
"Szeged, Aradi vértanúk tere",46.247839,20.147,2026-05-20 07:55:28.842012,17.26,16.9,17.26,17.26,1019,71,5.29,351,7,0.0,Clear,clear sky,7
"Szeged, Pulz utca",46.264452,20.126061,2026-05-20 07:55:30.064364,17.3,16.94,17.3,17.3,1019,71,5.29,351,7,0.0,Clear,clear sky,7
"Szeged, Rókus vasútállomás",46.266107,20.125686,2026-05-20 07:55:31.287351,17.3,16.94,17.3,17.3,1019,71,5.25,350,5,0.0,Clear,clear sky,7
Látókép,47.55787,21.524373,2026-05-20 07:55:32.528713,19.88,19.28,19.88,19.88,1019,52,3.6,10,0,0.0,Clear,clear sky,7
Szentmihálytelek,46.2229,20.0808,2026-05-20 07:55:33.759123,17.3,16.94,17.3,17.3,1019,71,5.24,350,4,0.0,Clear,clear sky,7
Kisvarsány,48.144356,22.297397,2026-05-20 07:55:34.991154,20.03,19.79,20.03,20.03,1018,65,4.42,345,13,0.0,Clouds,few clouds,7
