station_name,station_lat,station_lon,observation_time,temp,feels_like,temp_min,temp_max,pressure,humidity,wind_speed,wind_deg,clouds,precipitation_1h,weather_main,weather_description,collection_hour
Búcsúszentlászló,46.793056,16.932778,2026-09-08 21:04:21.768066,20.84,20.34,20.84,20.84,1012,52,2.56,152,0,0.0,Clear,clear sky,21
Angyalföld,47.549722,19.09,2026-09-08 21:04:23.036847,23.71,23.15,23.28,24.65,1013,39,1.34,191,0,0.0,Clear,clear sky,21
Felsőjánosfa,46.841389,16.544167,2026-09-08 21:04:24.303444,21.84,21.59,21.84,21.84,1012,58,2.22,179,0,0.0,Clear,clear sky,21
Pankasz,46.835833,16.496111,2026-09-08 21:04:25.572398,21.52,21.29,21.52,21.52,1012,60,2.19,187,0,0.0,Clear,clear sky,21
Nagyrákos,46.827222,16.455556,2026-09-08 21:04:26.845554,21.47,21.27,21.47,21.47,1012,61,2.14,191,0,0.0,Clear,clear sky,21
Őriszentpéter,46.828889,16.415278,2026-09-08 21:04:28.107515,21.56,21.39,21.56,21.56,1012,62,2.02,200,0,0.0,Clear,clear sky,21
Törökbálint,47.45,18.908611,2026-09-08 21:04:29.378870,23.73,23.15,23.05,24.08,1013,38,1.34,191,0,0.0,Clear,clear sky,21
Bicske alsó,47.486389,18.642778,2026-09-08 21:04:30.640086,23.71,23.08,23.41,23.97,1012,36,2.57,137,0,0.0,Clear,clear sky,21
Bajánsenye,46.818056,16.358056,2026-09-08 21:04:31.904733,21.62,21.48,21.62,21.62,1012,63,1.89,202,0,0.0,Clear,clear sky,21
Aquincum,47.566218,19.048273,2026-09-08 21:04:33.171615,23.77,23.22,23.3,24.67,1013,39,1.34,191,0,0.0,Clear,clear sky,21
Piliscsév,47.673889,18.791389,2026-09-08 21:04:34.432917,23.78,23.18,22.89,23.92,1012,37,2.92,140,0,0.0,Clear,clear sky,21
Tát,47.741201,18.64783,2026-09-08 21:04:35.699583,24.29,23.77,24.29,24.29,1010,38,3.34,142,0,0.0,Clear,clear sky,21
Süttő felső,47.756667,18.437222,2026-09-08 21:04:36.968338,22.69,22.06,22.69,22.69,1011,40,3.64,145,0,0.0,Clear,clear sky,21
Budatétény,47.405,19.016389,2026-09-08 21:04:38.232825,23.67,23.14,23.34,24.37,1013,40,0.45,107,0,0.0,Clear,clear sky,21
Seregélyes-Szőlőhegy,47.119444,18.612222,2026-09-08 21:04:39.500462,22.25,21.63,22.25,22.25,1013,42,3.17,159,0,0.0,Clear,clear sky,21
Gödöllő-Állami telepek,47.564444,19.375556,2026-09-08 21:04:40.765827,24.02,23.29,22.79,24.16,1013,31,2.39,149,0,0.0,Clear,clear sky,21
Dunakeszi alsó,47.607778,19.128889,2026-09-08 21:04:42.039059,24.08,23.51,23.27,24.64,1013,37,2.14,154,0,0.0,Clear,clear sky,21
Vác-Alsóváros,47.773056,19.149722,2026-09-08 21:04:43.299571,24.62,23.95,24.25,24.62,1013,31,2.11,136,0,0.0,Clear,clear sky,21
Szob alsó,47.816667,18.8725,2026-09-08 21:04:44.573847,24.28,23.76,24.28,24.28,1011,38,2.72,139,0,0.0,Clear,clear sky,21
Zalaszentmihály-Pacsa,46.7225,16.951944,2026-09-08 21:04:45.842604,20.75,20.34,20.75,20.75,1012,56,1.54,170,0,0.0,Clear,clear sky,21
Pötréte,46.682778,16.9575,2026-09-08 21:04:47.111858,20.75,20.34,20.75,20.75,1012,56,1.54,170,0,0.0,Clear,clear sky,21
Felsőrajk,46.667222,16.982778,2026-09-08 21:04:48.379099,20.81,20.41,20.81,20.81,1012,56,1.54,170,0,0.0,Clear,clear sky,21
Gelse,46.600556,16.982778,2026-09-08 21:04:49.646211,20.81,20.41,20.81,20.81,1012,56,1.54,170,0,0.0,Clear,clear sky,21
Őrtilos,46.297778,16.887778,2026-09-08 21:04:50.907219,21.72,21.46,21.72,21.72,1012,58,2.46,151,0,0.0,Clear,clear sky,21
Zákány,46.251944,16.9425,2026-09-08 21:04:52.171069,21.44,21.15,21.44,21.44,1012,58,2.66,145,0,0.0,Clear,clear sky,21
Berzence,46.201389,17.143611,2026-09-08 21:04:53.439043,21.67,21.33,21.67,21.67,1012,55,2.88,134,0,0.0,Clear,clear sky,21
Somogyudvarhely,46.163333,17.179722,2026-09-08 21:04:54.713967,21.62,21.25,21.62,21.62,1012,54,2.86,131,0,0.0,Clear,clear sky,21
Bélavár,46.122778,17.207778,2026-09-08 21:04:55.982149,21.64,21.27,21.64,21.64,1012,54,2.75,127,0,0.0,Clear,clear sky,21
Vízvár,46.101389,17.239444,2026-09-08 21:04:57.259082,21.53,21.12,21.53,21.53,1012,53,2.79,126,0,0.0,Clear,clear sky,21
Babócsa,46.028359,17.342276,2026-09-08 21:04:58.536510,21.53,21.07,21.53,21.53,1012,51,2.96,122,0,0.0,Clear,clear sky,21
Péterhida-Komlósd,46.006667,17.358056,2026-09-08 21:04:59.802385,21.58,21.1,21.58,21.58,1012,50,2.96,122,0,0.0,Clear,clear sky,21
Barcs,45.951944,17.446944,2026-09-08 21:05:01.063739,21.58,21.07,21.58,21.58,1012,49,3.05,122,0,0.0,Clear,clear sky,21
Barcs felső,45.958333,17.486389,2026-09-08 21:05:02.325546,21.5,20.99,21.5,21.5,1012,49,3.15,123,0,0.0,Clear,clear sky,21
Középrigóc,45.970556,17.525,2026-09-08 21:05:03.604450,21.42,20.87,21.42,21.42,1012,48,3.26,124,0,0.0,Clear,clear sky,21
Darány,45.992222,17.598611,2026-09-08 21:05:04.867210,21.44,20.87,21.44,21.44,1013,47,3.55,125,0,0.0,Clear,clear sky,21
Kisdobsza,46.012222,17.668056,2026-09-08 21:05:06.133190,21.52,20.95,21.52,21.52,1013,47,3.64,125,0,0.0,Clear,clear sky,21
Nemeske,46.023333,17.705278,2026-09-08 21:05:07.406025,21.54,20.95,21.54,21.54,1013,46,3.68,125,0,0.0,Clear,clear sky,21
Molvány,46.035278,17.748611,2026-09-08 21:05:08.677368,21.54,20.95,21.54,21.54,1013,46,3.63,126,0,0.0,Clear,clear sky,21
Szigetvár,46.043333,17.801944,2026-09-08 21:05:09.942253,21.52,20.93,21.52,21.52,1013,46,3.63,125,0,0.0,Clear,clear sky,21
Nagypeterd,46.039444,17.871667,2026-09-08 21:05:11.212896,23.53,23.11,23.53,23.53,1013,45,3.6,124,0,0.0,Clear,clear sky,21
Szentdénes,46.036667,17.926944,2026-09-08 21:05:12.481197,23.48,23.06,23.48,23.48,1013,45,3.57,124,0,0.0,Clear,clear sky,21
Háros,47.412222,19.035,2026-09-08 21:05:13.749205,23.69,23.16,23.3,24.67,1013,40,0.45,107,0,0.0,Clear,clear sky,21
Nagytétény-Diósd,47.398333,18.974444,2026-09-08 21:05:15.018415,23.74,23.21,23.34,24.36,1013,40,2.88,159,0,0.0,Clear,clear sky,21
Érdliget,47.390278,18.937778,2026-09-08 21:05:16.286740,23.75,23.2,23.25,24.28,1013,39,2.84,158,0,0.0,Clear,clear sky,21
Érd felső,47.381111,18.922222,2026-09-08 21:05:17.549682,23.76,23.21,23.22,24.25,1013,39,2.79,157,0,0.0,Clear,clear sky,21
Érd,47.369722,18.900833,2026-09-08 21:05:18.818096,23.77,23.22,23.18,24.21,1013,39,2.87,158,0,0.0,Clear,clear sky,21
Százhalombatta,47.322222,18.899167,2026-09-08 21:05:20.078812,23.73,23.1,23.17,24.2,1013,36,3.06,159,0,0.0,Clear,clear sky,21
Dunai Finomító,47.294444,18.878889,2026-09-08 21:05:21.342807,23.77,23.25,23.01,24.03,1013,40,2.98,159,0,0.0,Clear,clear sky,21
Ercsi,47.247222,18.875278,2026-09-08 21:05:22.617351,24.0,23.5,23.23,24.26,1013,40,3.09,160,0,0.0,Clear,clear sky,21
Iváncsa,47.177778,18.811944,2026-09-08 21:05:23.883950,22.13,21.44,22.13,22.13,1013,40,3.34,161,0,0.0,Clear,clear sky,21
Pusztaszabolcs,47.139722,18.761667,2026-09-08 21:05:25.145502,22.18,21.52,22.18,22.18,1013,41,3.66,160,0,0.0,Clear,clear sky,21
Szabadegyháza,47.082778,18.704167,2026-09-08 21:05:26.413970,22.14,21.48,22.14,22.14,1013,41,3.97,158,0,0.0,Clear,clear sky,21
Sárosd,47.039722,18.660278,2026-09-08 21:05:27.675580,22.2,21.6,22.2,22.2,1013,43,4.06,158,0,0.0,Clear,clear sky,21
Nagylók,46.979444,18.635833,2026-09-08 21:05:28.944915,22.0,21.38,22.0,22.0,1013,43,4.5,157,0,0.0,Clear,clear sky,21
Sárbogárd,46.896944,18.611944,2026-09-08 21:05:30.203848,22.15,21.6,22.15,22.15,1013,45,4.5,156,0,0.0,Clear,clear sky,21
Rétszilas,46.814167,18.601389,2026-09-08 21:05:31.469464,22.13,21.57,22.13,22.13,1013,45,4.22,156,0,0.0,Clear,clear sky,21
Nagyatád,46.228611,17.354167,2026-09-08 21:05:32.734076,21.64,21.17,21.64,21.64,1012,50,3.45,135,0,0.0,Clear,clear sky,21
Budapest-Keleti,47.500278,19.084167,2026-09-08 21:05:34.007981,23.47,22.92,23.25,24.62,1013,40,1.34,191,0,0.0,Clear,clear sky,21
Ferencváros,47.468611,19.088056,2026-09-08 21:05:35.276423,23.48,22.93,23.27,24.64,1013,40,1.34,191,0,0.0,Clear,clear sky,21
Budapest-Nyugati,47.510833,19.0575,2026-09-08 21:05:36.552429,23.52,22.97,23.27,24.63,1013,40,1.34,191,0,0.0,Clear,clear sky,21
Kőbánya felső,47.491944,19.133889,2026-09-08 21:05:37.833210,23.45,22.87,23.19,24.56,1013,39,0.45,107,0,0.0,Clear,clear sky,21
Rákos,47.488889,19.174722,2026-09-08 21:05:39.100498,23.48,22.9,23.15,24.52,1013,39,0.45,107,0,0.0,Clear,clear sky,21
Rákosrendező,47.525556,19.089444,2026-09-08 21:05:40.373733,23.59,23.02,23.3,24.67,1013,39,1.34,191,0,0.0,Clear,clear sky,21
Zugló,47.511389,19.101389,2026-09-08 21:05:41.634572,23.52,22.95,23.26,24.63,1013,39,1.34,191,0,0.0,Clear,clear sky,21
Mezőtárkány,47.725,20.480278,2026-09-08 21:05:42.900482,19.9,19.02,19.9,19.9,1014,41,1.3,141,3,0.0,Clear,clear sky,21
Istvántelek,47.550278,19.106389,2026-09-08 21:05:44.165046,23.72,23.14,23.28,24.65,1013,38,0.45,107,0,0.0,Clear,clear sky,21
Rákospalota-Újpest,47.565833,19.111944,2026-09-08 21:05:45.429791,23.81,23.24,23.28,24.65,1013,38,0.45,107,0,0.0,Clear,clear sky,21
Kőbánya alsó,47.483056,19.127222,2026-09-08 21:05:46.692818,23.43,22.87,23.21,24.58,1013,40,0.45,107,0,0.0,Clear,clear sky,21
Kőbánya-Kispest,47.463889,19.149444,2026-09-08 21:05:47.960583,23.43,22.9,23.21,24.58,1013,41,0.45,107,0,0.0,Clear,clear sky,21
Pestszentlőrinc,47.454722,19.182778,2026-09-08 21:05:49.227758,23.4,22.87,23.15,24.52,1013,41,2.94,159,0,0.0,Clear,clear sky,21
Kispest,47.448135,19.157552,2026-09-08 21:05:50.492449,23.42,22.89,23.21,24.58,1013,41,0.45,107,0,0.0,Clear,clear sky,21
Újpest,47.558889,19.079722,2026-09-08 21:05:51.757800,23.72,23.17,23.28,24.65,1013,39,1.34,191,0,0.0,Clear,clear sky,21
Pestszentimre felső,47.413611,19.173333,2026-09-08 21:05:53.023690,23.43,22.9,23.24,24.61,1013,41,3.07,158,0,0.0,Clear,clear sky,21
Dunakeszi,47.626111,19.136111,2026-09-08 21:05:54.287329,24.06,23.49,23.18,24.55,1013,37,2.05,151,0,0.0,Clear,clear sky,21
Dunakeszi-Gyártelep,47.643611,19.135,2026-09-08 21:05:55.548749,24.19,23.63,23.23,24.6,1013,37,1.97,147,0,0.0,Clear,clear sky,21
Alsógöd,47.676944,19.134444,2026-09-08 21:05:56.808808,24.58,23.9,23.22,24.59,1013,31,1.93,143,0,0.0,Clear,clear sky,21
Göd,47.687778,19.1375,2026-09-08 21:05:58.074207,24.6,23.93,23.24,24.61,1013,31,1.93,143,0,0.0,Clear,clear sky,21
Felsőgöd,47.705556,19.143333,2026-09-08 21:05:59.339368,24.64,23.97,23.28,24.65,1013,31,1.94,140,0,0.0,Clear,clear sky,21
Sződ-Sződliget,47.728056,19.154722,2026-09-08 21:06:00.606463,24.62,23.95,21.27,24.65,1013,31,1.97,138,0,0.0,Clear,clear sky,21
Vác,47.782778,19.133056,2026-09-08 21:06:01.872042,24.62,23.95,24.25,24.62,1013,31,2.11,136,0,0.0,Clear,clear sky,21
Verőce,47.823889,19.029444,2026-09-08 21:06:03.140592,24.45,24.0,24.08,24.45,1012,40,2.4,136,0,0.0,Clear,clear sky,21
Kismaros,47.8275,19.010278,2026-09-08 21:06:04.401550,24.59,24.12,24.21,24.59,1012,39,2.43,135,0,0.0,Clear,clear sky,21
Nagymaros-Visegrád,47.791389,18.959167,2026-09-08 21:06:05.669565,24.23,23.73,24.23,24.61,1012,39,2.31,137,0,0.0,Clear,clear sky,21
Nagymaros,47.780278,18.952222,2026-09-08 21:06:06.936128,24.31,23.81,24.31,24.68,1012,39,2.31,137,0,0.0,Clear,clear sky,21
Zebegény,47.801389,18.908889,2026-09-08 21:06:08.195536,24.28,23.78,24.28,24.65,1012,39,2.48,137,0,0.0,Clear,clear sky,21
Szob,47.821111,18.861944,2026-09-08 21:06:09.458720,24.24,23.74,24.24,24.24,1011,39,2.75,138,0,0.0,Clear,clear sky,21
Alagimajor,47.601944,19.153889,2026-09-08 21:06:10.723224,24.0,23.42,23.23,24.5,1013,37,2.14,154,0,0.0,Clear,clear sky,21
Fót,47.611389,19.181667,2026-09-08 21:06:11.989722,24.24,23.63,23.12,24.4,1013,35,2.08,150,0,0.0,Clear,clear sky,21
Fótújfalu,47.615,19.192778,2026-09-08 21:06:13.249790,24.15,23.53,23.02,24.29,1013,35,2.08,150,0,0.0,Clear,clear sky,21
Csomád,47.635556,19.222778,2026-09-08 21:06:14.517800,23.95,23.21,22.75,24.02,1013,31,2.11,148,0,0.0,Clear,clear sky,21
Veresegyház,47.649167,19.288611,2026-09-08 21:06:15.780828,24.15,23.43,22.9,24.17,1013,31,2.1,140,0,0.0,Clear,clear sky,21
Erdőkertes,47.662222,19.295833,2026-09-08 21:06:17.054985,24.11,23.39,22.85,24.13,1013,31,2.1,140,0,0.0,Clear,clear sky,21
Őrbottyán,47.685833,19.283611,2026-09-08 21:06:18.324374,23.4,22.61,19.71,24.04,1013,31,2.05,137,0,0.0,Clear,clear sky,21
Váchartyán,47.725833,19.248889,2026-09-08 21:06:19.583761,20.1,19.16,20.1,21.12,1013,38,2.05,133,0,0.0,Clear,clear sky,21
Magyarkút-Verőce,47.826111,19.044444,2026-09-08 21:06:20.855108,21.23,20.45,21.23,24.52,1012,40,2.4,136,0,0.0,Clear,clear sky,21
Szokolya,47.871111,19.030556,2026-09-08 21:06:22.122467,20.88,20.2,20.88,24.17,1013,45,2.62,135,0,0.0,Clear,clear sky,21
Berkenye,47.885278,19.071944,2026-09-08 21:06:23.389150,20.52,19.8,20.52,23.81,1013,45,2.59,136,0,0.0,Clear,clear sky,21
Nógrád,47.901944,19.0475,2026-09-08 21:06:24.654417,20.51,19.79,20.51,20.51,1013,45,2.7,135,0,0.0,Clear,clear sky,21
Diósjenő,47.94,19.049444,2026-09-08 21:06:25.918870,20.48,19.76,20.48,20.48,1013,45,2.76,134,0,0.0,Clear,clear sky,21
Borsosberény,47.971389,19.093056,2026-09-08 21:06:27.185941,20.47,19.75,20.47,20.47,1013,45,1.665,180,0,0.0,Clear,clear sky,21
Nagyoroszi,47.993611,19.101111,2026-09-08 21:06:28.448974,20.44,19.71,20.44,20.44,1013,45,1.665,180,0,0.0,Clear,clear sky,21
Drégelyvár,48.001944,19.079444,2026-09-08 21:06:29.713365,20.51,19.79,20.51,20.51,1013,45,1.665,180,0,0.0,Clear,clear sky,21
Drégely,48.042222,19.056111,2026-09-08 21:06:30.979418,20.92,20.24,20.92,20.92,1013,45,2.69,127,0,0.0,Clear,clear sky,21
Drégelypalánk,48.055,19.046111,2026-09-08 21:06:32.239707,21.12,20.46,21.12,21.12,1013,45,2.62,120,0,0.0,Clear,clear sky,21
Ipolyvece,48.056944,19.106389,2026-09-08 21:06:33.530555,21.12,20.46,21.12,21.12,1013,45,2.48,125,0,0.0,Clear,clear sky,21
Dejtár,48.045556,19.196389,2026-09-08 21:06:34.806778,21.1,20.44,21.1,21.1,1013,45,1.665,180,0,0.0,Clear,clear sky,21
Ipolyszög,48.054444,19.221944,2026-09-08 21:06:36.074537,21.03,20.36,21.03,21.03,1013,45,1.665,180,0,0.0,Clear,clear sky,21
Iklad-Domony,47.658056,19.444444,2026-09-08 21:06:37.344397,20.12,19.49,20.1,20.12,1013,50,1.95,131,0,0.0,Clear,clear sky,21
Iklad-Domony felső,47.667778,19.428056,2026-09-08 21:06:38.608049,20.11,19.48,20.09,20.11,1013,50,1.92,128,0,0.0,Clear,clear sky,21
Galgamácsa,47.693889,19.3925,2026-09-08 21:06:39.877449,24.41,23.72,20.1,24.41,1013,31,1.98,129,0,0.0,Clear,clear sky,21
Vácrátót,47.732778,19.217778,2026-09-08 21:06:41.144973,20.02,19.07,20.02,21.04,1013,38,2.02,136,0,0.0,Clear,clear sky,21
Csörög,47.735833,19.196389,2026-09-08 21:06:42.409625,24.31,23.61,21.04,24.33,1013,31,2.0,137,0,0.0,Clear,clear sky,21
Galgagyörk,47.735278,19.372222,2026-09-08 21:06:43.680683,24.3,23.6,19.99,24.3,1013,31,1.98,127,0,0.0,Clear,clear sky,21
Püspökhatvan,47.768611,19.366944,2026-09-08 21:06:44.940945,19.99,19.09,19.99,21.01,1013,40,2.02,126,0,0.0,Clear,clear sky,21
Acsa-Erdőkürt,47.801111,19.386111,2026-09-08 21:06:46.207686,24.23,23.75,20.94,24.23,1013,40,2.06,127,0,0.0,Clear,clear sky,21
Galgaguta,47.848611,19.385556,2026-09-08 21:06:47.471435,20.8,20.01,20.8,24.09,1013,41,2.13,131,0,0.0,Clear,clear sky,21
Nógrádkövesd,47.879444,19.371111,2026-09-08 21:06:48.742337,20.7,20.0,20.7,23.99,1013,45,2.16,134,0,0.0,Clear,clear sky,21
Magyarnándor,47.970833,19.356667,2026-09-08 21:06:50.004052,20.73,20.03,20.73,20.73,1013,45,2.21,139,0,0.0,Clear,clear sky,21
Mohora,47.995556,19.347778,2026-09-08 21:06:51.269138,20.9,20.22,20.9,20.9,1013,45,2.13,139,0,0.0,Clear,clear sky,21
Szügy,48.036389,19.333056,2026-09-08 21:06:52.536202,20.96,20.29,20.96,20.96,1013,45,1.85,134,0,0.0,Clear,clear sky,21
Balassagyarmat,48.071111,19.293611,2026-09-08 21:06:53.799081,20.99,20.32,20.99,20.99,1013,45,1.77,129,0,0.0,Clear,clear sky,21
Őrhalom,48.078773,19.403936,2026-09-08 21:06:55.069090,21.05,20.39,21.05,21.05,1013,45,1.18,116,0,0.0,Clear,clear sky,21
Hugyag,48.083056,19.421111,2026-09-08 21:06:56.342491,21.05,20.39,21.05,21.05,1013,45,1.18,116,0,0.0,Clear,clear sky,21
Szécsény,48.093056,19.521111,2026-09-08 21:06:57.628285,21.01,20.29,21.01,21.01,1014,43,1.07,114,0,0.0,Clear,clear sky,21
Ludányhalászi,48.1325,19.529444,2026-09-08 21:06:58.905074,20.97,20.27,20.97,20.97,1014,44,0.89,76,0,0.0,Clear,clear sky,21
Nógrádszakál,48.178333,19.521667,2026-09-08 21:07:00.167760,21.53,20.89,21.53,21.53,1014,44,0.98,57,0,0.0,Clear,clear sky,21
Ráróspuszta,48.207222,19.541389,2026-09-08 21:07:01.435012,20.99,20.32,20.99,20.99,1014,45,1.35,36,0,0.0,Clear,clear sky,21
Litke,48.215833,19.598611,2026-09-08 21:07:02.709226,21.45,20.83,21.45,21.45,1014,45,1.25,44,0,0.0,Clear,clear sky,21
Nyíregyháza külső,47.943056,21.740278,2026-09-08 21:07:03.978972,20.23,19.35,20.23,20.23,1014,40,3.42,163,0,0.0,Clear,clear sky,21
Oros,47.945833,21.806389,2026-09-08 21:07:05.245523,20.11,19.22,20.11,20.11,1014,40,3.45,163,1,0.0,Clear,clear sky,21
Napkor,47.948889,21.873056,2026-09-08 21:07:06.517589,19.99,19.12,19.99,19.99,1014,41,3.43,162,1,0.0,Clear,clear sky,21
Apagy,47.953775,21.939044,2026-09-08 21:07:07.779635,19.92,19.04,19.92,19.92,1014,41,3.41,162,1,0.0,Clear,clear sky,21
Levelek-Magy,47.948056,21.993611,2026-09-08 21:07:09.047545,19.75,18.85,19.75,19.75,1014,41,3.35,161,1,0.0,Clear,clear sky,21
Ófehértó,47.940556,22.041389,2026-09-08 21:07:10.315484,19.59,18.7,19.59,19.59,1014,42,3.29,161,2,0.0,Clear,clear sky,21
Ligettanya,47.951667,22.071389,2026-09-08 21:07:11.577557,19.51,18.61,19.51,19.51,1015,42,3.19,159,1,0.0,Clear,clear sky,21
Baktalórántháza,47.988611,22.083333,2026-09-08 21:07:12.842389,19.53,18.64,19.53,19.53,1014,42,3.2,159,1,0.0,Clear,clear sky,21
Vaja-Rohod,48.006389,22.164167,2026-09-08 21:07:14.113554,19.44,18.54,19.44,19.44,1015,42,3.09,157,1,0.0,Clear,clear sky,21
Rákóczitanya,48.022222,22.178333,2026-09-08 21:07:15.385700,19.35,18.46,19.35,19.35,1015,43,3.03,156,1,0.0,Clear,clear sky,21
Nyírmada,48.059167,22.203056,2026-09-08 21:07:16.658777,19.41,18.53,19.41,19.41,1015,43,3.06,154,1,0.0,Clear,clear sky,21
Tunyogmatolcs,47.960244,22.442247,2026-09-08 21:07:17.931252,19.12,18.29,19.12,19.12,1015,46,2.49,150,3,0.0,Clear,clear sky,21
Tunyogmatolcs alsó,47.966025,22.464713,2026-09-08 21:07:19.194045,19.03,18.19,19.03,19.03,1015,46,2.45,149,3,0.0,Clear,clear sky,21
Fehérgyarmat,47.979167,22.524444,2026-09-08 21:07:20.454252,18.94,18.12,18.94,18.94,1015,47,2.43,141,3,0.0,Clear,clear sky,21
Penyige,47.995278,22.566944,2026-09-08 21:07:21.716518,18.89,18.06,18.89,18.89,1015,47,2.4,139,3,0.0,Clear,clear sky,21
Nagyszekeres,47.976111,22.6125,2026-09-08 21:07:22.989200,18.83,18.02,18.83,18.83,1015,48,2.37,136,3,0.0,Clear,clear sky,21
Kisszekeres,47.965833,22.629444,2026-09-08 21:07:24.258249,18.78,17.97,18.78,18.78,1015,48,2.34,138,4,0.0,Clear,clear sky,21
Jánkmajtis,47.941944,22.657222,2026-09-08 21:07:25.523859,18.66,17.83,18.66,18.66,1015,48,2.3,139,4,0.0,Clear,clear sky,21
Gacsály,47.926111,22.745,2026-09-08 21:07:26.786688,16.03,14.97,16.03,16.03,1015,49,2.28,130,3,0.0,Clear,clear sky,21
Zajta,47.9025,22.796111,2026-09-08 21:07:28.062962,16.03,14.97,16.03,16.03,1015,49,2.31,128,4,0.0,Clear,clear sky,21
Eperjeske alsó,48.360556,22.19,2026-09-08 21:07:29.329238,19.6,18.76,19.6,19.6,1014,44,3.38,130,0,0.0,Clear,clear sky,21
Mándok,48.326944,22.196389,2026-09-08 21:07:30.609431,19.56,18.69,19.56,19.56,1014,43,3.26,135,0,0.0,Clear,clear sky,21
Tornyospálca,48.268333,22.201944,2026-09-08 21:07:31.876768,19.59,18.73,19.59,19.59,1014,43,3.15,140,0,0.0,Clear,clear sky,21
Aranyosapáti,48.211303,22.253534,2026-09-08 21:07:33.142050,19.52,18.65,19.52,19.52,1014,43,3.2,142,0,0.0,Clear,clear sky,21
Gyüre,48.171389,22.269167,2026-09-08 21:07:34.404475,19.49,18.62,19.49,19.49,1015,43,3.15,146,0,0.0,Clear,clear sky,21
Varsány,48.151722,22.290047,2026-09-08 21:07:35.672157,19.43,18.58,19.43,19.43,1015,44,3.11,146,0,0.0,Clear,clear sky,21
Vásárosnamény,48.126667,22.306111,2026-09-08 21:07:36.938184,19.42,18.57,19.42,19.42,1015,44,3.06,148,1,0.0,Clear,clear sky,21
Vitka,48.095556,22.308056,2026-09-08 21:07:38.202121,19.39,18.53,19.39,19.39,1015,44,3.0,149,1,0.0,Clear,clear sky,21
Nagydobos,48.054167,22.311111,2026-09-08 21:07:39.475289,19.31,18.45,19.31,19.31,1015,44,2.95,150,1,0.0,Clear,clear sky,21
Ópályi,47.997778,22.318333,2026-09-08 21:07:40.740746,19.23,18.36,19.23,19.23,1015,44,2.78,154,2,0.0,Clear,clear sky,21
Nyírcsaholy,47.908056,22.348333,2026-09-08 21:07:42.007535,19.14,18.28,19.14,19.14,1015,45,2.61,158,3,0.0,Clear,clear sky,21
Nagyecsed,47.864722,22.385556,2026-09-08 21:07:43.277532,19.04,18.2,19.04,19.04,1015,46,2.46,160,4,0.0,Clear,clear sky,21
Tiborszállás,47.815278,22.402778,2026-09-08 21:07:44.544957,18.98,18.13,18.98,18.98,1015,46,2.44,162,4,0.0,Clear,clear sky,21
Kiskunhalas,46.434444,19.493611,2026-09-08 21:07:45.812400,21.13,20.29,21.13,21.13,1013,38,4.45,150,0,0.0,Clear,clear sky,21
Kecskemét alsó,46.895833,19.692222,2026-09-08 21:07:47.075103,21.99,21.16,20.44,21.99,1013,35,2.57,160,0,0.0,Clear,clear sky,21
Putnok,48.286667,20.4375,2026-09-08 21:07:48.340326,22.44,21.63,22.22,22.45,1015,34,0.14,39,0,0.0,Clear,clear sky,21
Bánréve,48.299722,20.351944,2026-09-08 21:07:49.608968,22.44,21.63,22.21,22.44,1015,34,0.33,29,0,0.0,Clear,clear sky,21
Ipolytarnóc,48.236667,19.629167,2026-09-08 21:07:50.886170,21.39,20.79,21.39,21.39,1014,46,1.39,41,0,0.0,Clear,clear sky,21
Rákosliget,47.486111,19.257778,2026-09-08 21:07:52.149341,23.51,22.91,23.08,24.35,1013,38,2.78,156,0,0.0,Clear,clear sky,21
Ikrény,47.657778,17.524167,2026-09-08 21:07:53.414403,22.45,22.21,22.08,22.45,1011,56,0.54,169,0,0.0,Clear,clear sky,21
Rábapatona,47.648889,17.461944,2026-09-08 21:07:54.679954,22.47,22.23,22.1,22.47,1011,56,3.85,186,0,0.0,Clear,clear sky,21
Enese,47.644167,17.425278,2026-09-08 21:07:55.941778,22.47,22.23,22.1,22.47,1011,56,3.87,187,0,0.0,Clear,clear sky,21
Kóny,47.632222,17.357222,2026-09-08 21:07:57.208149,22.45,22.06,22.45,22.45,1011,50,3.88,187,0,0.0,Clear,clear sky,21
Farád,47.595278,17.195833,2026-09-08 21:07:58.475529,23.07,22.74,23.07,23.07,1011,50,3.97,182,0,0.0,Clear,clear sky,21
Rábatamási,47.592778,17.161389,2026-09-08 21:07:59.757130,23.07,22.74,23.07,23.07,1011,50,3.97,182,0,0.0,Clear,clear sky,21
Szárföld,47.589167,17.123889,2026-09-08 21:08:01.024196,23.07,22.74,23.07,23.07,1011,50,3.99,181,0,0.0,Clear,clear sky,21
Veszkény,47.586944,17.101389,2026-09-08 21:08:02.293890,23.07,22.74,23.07,23.07,1011,50,4.02,181,0,0.0,Clear,clear sky,21
Kapuvár,47.581944,17.046944,2026-09-08 21:08:03.561958,23.03,22.69,23.03,23.03,1011,50,4.01,183,0,0.0,Clear,clear sky,21
Vitnyéd-Csermajor,47.5825,16.987222,2026-09-08 21:08:04.827377,23.02,22.71,23.02,23.02,1011,51,4.04,185,0,0.0,Clear,clear sky,21
Petőháza,47.595278,16.893056,2026-09-08 21:08:06.091002,23.04,22.73,23.04,23.04,1011,51,4.14,190,0,0.0,Clear,clear sky,21
Fertőszentmiklós,47.6,16.858889,2026-09-08 21:08:07.362026,25.04,24.93,25.04,25.04,1011,51,4.15,192,0,0.0,Clear,clear sky,21
Pinnye,47.600278,16.768611,2026-09-08 21:08:08.633000,24.92,24.8,24.92,24.92,1011,51,4.3,203,0,0.0,Clear,clear sky,21
Fertőboz,47.625,16.691667,2026-09-08 21:08:09.896224,24.76,24.65,22.63,24.76,1010,52,4.63,205,0,0.0,Clear,clear sky,21
Sopron,47.677778,16.587222,2026-09-08 21:08:11.169744,22.33,21.98,22.33,24.46,1010,52,5.36,204,0,0.0,Clear,clear sky,21
Fertőszéplak-Fertőd,47.618889,16.850833,2026-09-08 21:08:12.439151,25.06,24.95,25.06,25.06,1010,51,4.29,193,0,0.0,Clear,clear sky,21
Nyúl,47.587778,17.698056,2026-09-08 21:08:13.703815,22.19,21.82,22.02,23.14,1011,52,3.09,150,0,0.0,Clear,clear sky,21
Pannonhalma,47.547778,17.740833,2026-09-08 21:08:14.969350,22.07,21.69,21.96,23.08,1011,52,3.09,150,0,0.0,Clear,clear sky,21
Tarjánpuszta,47.504722,17.789167,2026-09-08 21:08:16.235541,21.76,21.27,21.73,22.84,1011,49,3.09,150,0,0.0,Clear,clear sky,21
Győrasszonyfa,47.4925,17.799167,2026-09-08 21:08:17.505775,21.67,21.17,21.66,22.77,1011,49,3.09,150,0,0.0,Clear,clear sky,21
Veszprémvarsány,47.443333,17.818333,2026-09-08 21:08:18.777914,21.89,21.36,21.71,22.83,1012,47,4.14,161,0,0.0,Clear,clear sky,21
Bakonyszentlászló,47.395556,17.8175,2026-09-08 21:08:20.050099,22.58,22.12,21.47,22.58,1012,47,3.93,160,0,0.0,Clear,clear sky,21
Porva-Csesznek,47.326944,17.841111,2026-09-08 21:08:21.317290,21.59,21.06,21.59,21.59,1012,48,3.61,159,0,0.0,Clear,clear sky,21
Zirc,47.266667,17.878056,2026-09-08 21:08:22.583217,20.72,20.13,20.72,20.72,1012,49,2.77,157,0,0.0,Clear,clear sky,21
Eplény,47.192778,17.921667,2026-09-08 21:08:23.852317,21.07,20.56,21.07,21.07,1012,51,1.63,151,0,0.0,Clear,clear sky,21
Marcaltő,47.4275,17.348889,2026-09-08 21:08:25.119113,23.17,22.74,23.17,23.17,1011,46,3.6,170,0,0.0,Clear,clear sky,21
Szany-Rábaszentandrás,47.460833,17.315278,2026-09-08 21:08:26.380079,23.17,22.74,23.17,23.17,1011,46,3.6,170,0,0.0,Clear,clear sky,21
Egyed-Rábacsanak,47.521944,17.316389,2026-09-08 21:08:27.648108,23.18,22.83,22.43,23.18,1011,49,3.9,185,0,0.0,Clear,clear sky,21
Rábapordány,47.557222,17.315,2026-09-08 21:08:28.931903,23.18,22.83,22.43,23.18,1011,49,3.9,186,0,0.0,Clear,clear sky,21
Albertfalva,47.440784,19.033965,2026-09-08 21:08:30.201338,23.66,23.13,23.33,24.61,1013,40,1.34,191,0,0.0,Clear,clear sky,21
Budafok,47.425833,19.041389,2026-09-08 21:08:31.468838,23.67,23.14,23.34,24.61,1013,40,1.34,191,0,0.0,Clear,clear sky,21
Tétényliget,47.384722,18.955278,2026-09-08 21:08:32.743259,23.78,23.23,23.36,24.38,1013,39,2.84,158,0,0.0,Clear,clear sky,21
Érd alsó,47.379722,18.923056,2026-09-08 21:08:33.999771,23.76,23.21,23.22,24.25,1013,39,2.79,157,0,0.0,Clear,clear sky,21
Tárnok,47.365556,18.873889,2026-09-08 21:08:35.262161,23.92,23.39,23.28,24.31,1013,39,2.74,156,0,0.0,Clear,clear sky,21
Martonvásár,47.321389,18.781667,2026-09-08 21:08:36.532470,23.92,23.31,23.21,24.24,1013,36,2.66,157,0,0.0,Clear,clear sky,21
Baracska,47.297222,18.753333,2026-09-08 21:08:37.798524,24.06,23.57,23.49,24.34,1013,40,2.61,158,0,0.0,Clear,clear sky,21
Pettend,47.26,18.708889,2026-09-08 21:08:39.065716,24.24,23.76,23.58,24.24,1013,40,2.43,159,0,0.0,Clear,clear sky,21
Kápolnásnyék,47.245556,18.692222,2026-09-08 21:08:40.335507,24.27,23.82,23.61,24.27,1013,41,2.42,159,0,0.0,Clear,clear sky,21
Velence,47.226944,18.663889,2026-09-08 21:08:41.600909,24.29,23.85,24.29,24.29,1013,41,2.27,158,0,0.0,Clear,clear sky,21
Velencefürdő,47.218611,18.648056,2026-09-08 21:08:42.877747,22.35,21.71,22.35,22.35,1013,41,2.48,159,0,0.0,Clear,clear sky,21
Gárdony,47.205833,18.624722,2026-09-08 21:08:44.157356,22.39,21.78,22.39,22.39,1013,42,2.32,158,0,0.0,Clear,clear sky,21
Agárd,47.197666,18.604907,2026-09-08 21:08:45.426626,22.39,21.78,22.39,22.39,1013,42,2.32,158,0,0.0,Clear,clear sky,21
Dinnyés,47.179722,18.560833,2026-09-08 21:08:46.700441,22.38,21.77,22.38,22.38,1013,42,2.33,157,0,0.0,Clear,clear sky,21
Székesfehérvár,47.183611,18.424722,2026-09-08 21:08:47.971000,22.4,21.87,22.4,22.4,1012,45,1.95,154,0,0.0,Clear,clear sky,21
Szabadbattyán,47.105278,18.388333,2026-09-08 21:08:49.241551,22.31,21.85,22.31,22.31,1012,48,2.64,158,0,0.0,Clear,clear sky,21
Kiscséripuszta,47.048056,18.355,2026-09-08 21:08:50.513512,19.68,19.01,19.68,19.68,1012,50,2.99,159,0,0.0,Clear,clear sky,21
Lepsény,46.9875,18.248056,2026-09-08 21:08:51.779549,19.9,19.85,19.9,19.9,1012,73,2.99,160,0,0.0,Clear,clear sky,21
Balatonaliga,46.984444,18.171389,2026-09-08 21:08:53.044642,19.71,19.64,19.71,19.71,1012,73,2.21,158,0,0.0,Clear,clear sky,21
Balatonvilágos,46.964167,18.157222,2026-09-08 21:08:54.312263,19.75,19.69,19.75,19.75,1012,73,2.1,156,0,0.0,Clear,clear sky,21
Szabadifürdő,46.926111,18.103333,2026-09-08 21:08:55.580166,19.92,19.87,19.92,19.92,1012,73,2.26,157,0,0.0,Clear,clear sky,21
Ózd alsó,48.227778,20.306111,2026-09-08 21:08:56.847302,22.28,21.45,22.05,22.28,1015,34,0.53,139,0,0.0,Clear,clear sky,21
Ózd,48.2225,20.294722,2026-09-08 21:08:58.108976,22.33,21.51,22.1,22.33,1015,34,0.53,139,0,0.0,Clear,clear sky,21
Alsóboldva,48.212778,20.792222,2026-09-08 21:08:59.373780,22.46,21.91,22.43,22.46,1014,44,1.59,178,1,0.0,Clear,clear sky,21
Boldva,48.223333,20.790278,2026-09-08 21:09:00.637817,22.45,21.82,22.42,22.45,1014,41,1.59,178,1,0.0,Clear,clear sky,21
Borsodszirák,48.259167,20.770556,2026-09-08 21:09:01.899318,22.41,21.8,22.38,22.41,1014,42,1.35,168,1,0.0,Clear,clear sky,21
Edelény alsó,48.279167,20.760833,2026-09-08 21:09:03.159287,22.39,21.78,22.39,22.39,1014,42,1.35,168,1,0.0,Clear,clear sky,21
Edelény,48.299722,20.749444,2026-09-08 21:09:04.422489,22.37,21.76,22.37,22.37,1014,42,1.17,162,1,0.0,Clear,clear sky,21
Szendrőlád,48.334444,20.731944,2026-09-08 21:09:05.690027,19.72,18.84,19.72,19.72,1014,42,0.61,139,1,0.0,Clear,clear sky,21
Szendrő,48.400725,20.721346,2026-09-08 21:09:06.955262,20.59,19.83,20.59,20.59,1014,43,0.44,60,0,0.0,Clear,clear sky,21
Szendrő felső,48.409907,20.720148,2026-09-08 21:09:08.220189,20.59,19.83,20.59,20.59,1014,43,0.44,60,0,0.0,Clear,clear sky,21
Szalonna,48.449444,20.722222,2026-09-08 21:09:09.486181,20.61,19.88,20.61,20.61,1014,44,0.83,19,0,0.0,Clear,clear sky,21
Perkupa,48.471389,20.691111,2026-09-08 21:09:10.753997,19.92,19.12,19.92,19.92,1014,44,1.11,11,0,0.0,Clear,clear sky,21
Szemeretelep,47.443056,19.214167,2026-09-08 21:09:12.013552,23.42,22.89,23.14,24.42,1013,41,2.98,158,0,0.0,Clear,clear sky,21
Jósvafő-Aggtelek,48.489722,20.693889,2026-09-08 21:09:13.285118,20.23,19.48,20.23,20.23,1014,45,1.2,8,0,0.0,Clear,clear sky,21
Bódvaszilas,48.5375,20.738056,2026-09-08 21:09:14.555976,19.78,18.99,19.78,19.78,1014,45,1.09,1,0,0.0,Clear,clear sky,21
Komjáti,48.5475,20.759722,2026-09-08 21:09:15.816704,19.28,18.44,19.28,19.28,1014,45,0.98,352,0,0.0,Clear,clear sky,21
Tornanádaska,48.558333,20.787222,2026-09-08 21:09:17.083283,20.41,19.68,20.41,20.41,1014,45,0.94,350,0,0.0,Clear,clear sky,21
Onga,48.121111,20.906667,2026-09-08 21:09:18.343485,22.51,21.97,22.51,22.51,1014,44,1.63,185,0,0.0,Clear,clear sky,21
Szikszó-Vásártér,48.193056,20.934722,2026-09-08 21:09:19.613030,22.48,21.85,22.48,22.48,1014,41,1.74,170,0,0.0,Clear,clear sky,21
Szikszó,48.201667,20.941667,2026-09-08 21:09:20.883615,22.49,21.87,22.49,22.49,1014,41,1.74,166,0,0.0,Clear,clear sky,21
Aszaló,48.219867,20.961466,2026-09-08 21:09:22.141941,22.47,21.84,22.47,22.47,1014,41,1.73,162,0,0.0,Clear,clear sky,21
Halmaj,48.246667,20.991667,2026-09-08 21:09:23.406403,20.7,19.9,20.7,20.7,1014,41,1.68,155,0,0.0,Clear,clear sky,21
Csobád,48.277222,21.033889,2026-09-08 21:09:24.672397,20.66,19.85,20.66,20.66,1014,41,1.58,148,0,0.0,Clear,clear sky,21
Ináncs,48.291111,21.057778,2026-09-08 21:09:25.940260,20.55,19.73,20.55,20.55,1014,41,1.46,141,0,0.0,Clear,clear sky,21
Forró-Encs,48.3275,21.117778,2026-09-08 21:09:27.207860,20.45,19.62,20.45,20.45,1014,41,1.37,137,0,0.0,Clear,clear sky,21
Méra,48.363056,21.140278,2026-09-08 21:09:28.479789,20.15,19.32,20.15,20.15,1014,42,1.15,136,0,0.0,Clear,clear sky,21
Novajidrány,48.404444,21.170556,2026-09-08 21:09:29.749099,19.99,19.14,18.5,19.99,1014,42,1.09,140,0,0.0,Clear,clear sky,21
Hernádszurdok,48.487222,21.213889,2026-09-08 21:09:31.012092,19.47,18.73,18.42,20.81,1014,48,2.06,280,0,0.0,Clear,clear sky,21
Hidasnémeti,48.508333,21.229722,2026-09-08 21:09:32.273383,19.47,18.73,18.43,20.81,1014,48,2.06,280,0,0.0,Clear,clear sky,21
Mád,48.19,21.268889,2026-09-08 21:09:33.539355,20.3,19.43,20.3,20.3,1014,40,1.44,144,0,0.0,Clear,clear sky,21
Rátka,48.215,21.230278,2026-09-08 21:09:34.806163,20.63,19.79,20.63,20.63,1014,40,1.45,142,0,0.0,Clear,clear sky,21
Tállya,48.226944,21.225278,2026-09-08 21:09:36.072068,20.63,19.79,20.63,20.63,1014,40,1.45,142,0,0.0,Clear,clear sky,21
Golop,48.242778,21.204167,2026-09-08 21:09:37.343507,20.64,19.8,20.64,20.64,1014,40,1.53,141,0,0.0,Clear,clear sky,21
Abaújszántó,48.286944,21.181667,2026-09-08 21:09:38.609954,20.28,19.43,20.28,20.28,1014,41,1.42,137,0,0.0,Clear,clear sky,21
Abaújszántói fürdő,48.268333,21.179722,2026-09-08 21:09:39.881145,20.58,19.76,20.58,20.58,1014,41,1.48,139,0,0.0,Clear,clear sky,21
Abaújkér,48.309444,21.198333,2026-09-08 21:09:41.148917,20.25,19.4,20.25,20.25,1014,41,1.35,137,0,0.0,Clear,clear sky,21
Boldogkőváralja,48.345,21.208889,2026-09-08 21:09:42.418211,20.17,19.31,20.17,20.17,1014,41,1.25,139,0,0.0,Clear,clear sky,21
Korlát-Vizsoly,48.365,21.219167,2026-09-08 21:09:43.686295,20.25,19.43,20.25,20.25,1014,42,1.2,142,0,0.0,Clear,clear sky,21
Fony,48.411389,21.242778,2026-09-08 21:09:44.953814,19.5,18.6,18.3,21.38,1014,42,1.11,150,0,0.0,Clear,clear sky,21
Hejce-Vilmány,48.419444,21.245556,2026-09-08 21:09:46.219750,19.37,18.46,18.27,21.34,1014,42,1.11,150,0,0.0,Clear,clear sky,21
Göncruszka,48.445,21.246944,2026-09-08 21:09:47.487355,19.38,18.47,18.36,21.43,1014,42,1.07,155,0,0.0,Clear,clear sky,21
Gönc,48.470556,21.261389,2026-09-08 21:09:48.755173,19.34,18.45,18.26,21.34,1014,43,1.14,162,0,0.0,Clear,clear sky,21
Zsujta,48.4925,21.265,2026-09-08 21:09:50.027312,19.41,18.66,18.28,21.36,1014,48,2.06,280,0,0.0,Clear,clear sky,21
Bodrogkeresztúr,48.175556,21.354167,2026-09-08 21:09:51.296290,19.98,19.05,19.98,19.98,1014,39,1.42,149,0,0.0,Clear,clear sky,21
Szegi,48.201944,21.387778,2026-09-08 21:09:52.568208,21.87,21.13,21.87,21.87,1014,39,1.24,151,0,0.0,Clear,clear sky,21
Erdőbénye,48.218056,21.401944,2026-09-08 21:09:53.829879,21.84,21.1,21.84,21.84,1014,39,1.13,152,0,0.0,Clear,clear sky,21
Olaszliszka-Tolcsva,48.258333,21.448056,2026-09-08 21:09:55.093569,21.87,21.16,21.87,21.87,1014,40,1.04,155,0,0.0,Clear,clear sky,21
Bodrogolaszi,48.286944,21.512778,2026-09-08 21:09:56.359321,21.81,21.06,21.81,21.81,1014,39,1.04,160,0,0.0,Clear,clear sky,21
Sárospatak,48.325833,21.566111,2026-09-08 21:09:57.624441,21.76,21.01,21.76,21.76,1014,39,1.21,168,0,0.0,Clear,clear sky,21
Sátoraljaújhely,48.385833,21.657778,2026-09-08 21:09:58.887193,21.84,21.1,21.84,21.84,1014,39,1.34,167,0,0.0,Clear,clear sky,21
Vecsés,47.40855,19.25652,2026-09-08 21:10:00.156294,23.31,22.77,23.18,24.46,1013,41,3.19,156,0,0.0,Clear,clear sky,21
Vecsés-Kertekalja,47.403333,19.271389,2026-09-08 21:10:01.420268,23.34,22.8,23.22,24.5,1013,41,3.19,156,0,0.0,Clear,clear sky,21
Üllő,47.390833,19.348889,2026-09-08 21:10:02.682630,23.26,22.69,23.17,24.45,1013,40,3.41,154,0,0.0,Clear,clear sky,21
Monor,47.34545,19.43701,2026-09-08 21:10:03.945112,20.07,19.23,20.07,20.09,1013,42,3.09,100,0,0.0,Clear,clear sky,21
Pilis,47.279722,19.536389,2026-09-08 21:10:05.206156,20.03,19.16,20.03,20.05,1013,41,3.98,153,0,0.0,Clear,clear sky,21
Albertirsa,47.240278,19.606389,2026-09-08 21:10:06.481115,21.53,20.81,21.53,21.53,1013,41,4.02,154,0,0.0,Clear,clear sky,21
Ceglédbercel-Cserő,47.210278,19.686944,2026-09-08 21:10:07.742449,21.54,20.82,21.54,21.54,1013,41,3.98,155,0,0.0,Clear,clear sky,21
Cegléd,47.182778,19.806111,2026-09-08 21:10:09.010903,21.57,20.85,21.57,22.07,1013,41,3.86,157,0,0.0,Clear,clear sky,21
Abony,47.173056,20.016389,2026-09-08 21:10:10.279848,21.63,20.97,21.63,21.97,1013,43,2.57,140,0,0.0,Clear,clear sky,21
Szolnok,47.179167,20.175833,2026-09-08 21:10:11.555204,21.99,21.21,21.65,21.99,1013,37,2.57,140,0,0.0,Clear,clear sky,21
Szajol,47.170556,20.295278,2026-09-08 21:10:12.823745,22.01,21.23,21.66,22.01,1013,37,2.57,140,0,0.0,Clear,clear sky,21
Törökszentmiklós,47.170278,20.413611,2026-09-08 21:10:14.089085,22.0,21.22,21.66,22.0,1014,37,2.57,140,0,0.0,Clear,clear sky,21
Rákoscsaba-Újtelep,47.4875,19.271944,2026-09-08 21:10:15.358561,23.55,22.95,23.08,24.35,1013,38,2.78,156,0,0.0,Clear,clear sky,21
Rákoscsaba,47.492222,19.284722,2026-09-08 21:10:16.621848,23.59,23.0,23.07,24.35,1013,38,2.8,155,0,0.0,Clear,clear sky,21
Pécel,47.493889,19.338889,2026-09-08 21:10:17.883044,23.72,22.96,22.95,24.22,1013,31,2.82,155,0,0.0,Clear,clear sky,21
Isaszeg,47.537719,19.388955,2026-09-08 21:10:19.150933,20.3,19.53,19.81,24.13,1013,44,3.09,100,0,0.0,Clear,clear sky,21
Gödöllő,47.592222,19.358611,2026-09-08 21:10:20.416137,23.83,23.08,22.64,23.91,1013,31,2.26,145,0,0.0,Clear,clear sky,21
Máriabesnyő,47.595556,19.389722,2026-09-08 21:10:21.682286,21.07,20.33,19.73,24.05,1013,42,0.54,102,0,0.0,Clear,clear sky,21
Bag,47.641111,19.471667,2026-09-08 21:10:22.946925,20.1,19.47,20.08,20.1,1013,50,1.95,131,0,0.0,Clear,clear sky,21
Aszód,47.647467,19.492882,2026-09-08 21:10:24.208970,20.18,19.56,20.16,20.18,1013,50,1.92,129,0,0.0,Clear,clear sky,21
Hévízgyörk,47.638611,19.526667,2026-09-08 21:10:25.483424,20.19,19.57,20.19,24.5,1013,50,1.89,127,0,0.0,Clear,clear sky,21
Galgahévíz,47.6325,19.558333,2026-09-08 21:10:26.747804,20.18,19.56,20.18,24.48,1013,50,1.98,132,0,0.0,Clear,clear sky,21
Tura,47.626389,19.5975,2026-09-08 21:10:28.013780,20.21,19.59,20.21,24.52,1013,50,1.97,130,0,0.0,Clear,clear sky,21
Hatvan,47.663611,19.671389,2026-09-08 21:10:29.281724,20.2,19.35,20.2,20.2,1013,41,1.74,108,0,0.0,Clear,clear sky,21
Vámosgyörk,47.686111,19.927778,2026-09-08 21:10:30.551863,21.67,20.96,21.67,21.67,1014,41,1.33,94,0,0.0,Clear,clear sky,21
Adács,47.696389,19.975278,2026-09-08 21:10:31.819340,21.68,20.97,21.68,21.68,1014,41,1.22,79,0,0.0,Clear,clear sky,21
Karácsond,47.718056,20.048611,2026-09-08 21:10:33.081209,21.55,20.83,21.55,21.55,1014,41,1.21,69,0,0.0,Clear,clear sky,21
Ludas,47.723889,20.095556,2026-09-08 21:10:34.351205,21.68,20.97,21.68,21.68,1014,41,1.1,71,0,0.0,Clear,clear sky,21
Nagyút,47.72666666666667,20.161388888888887,2026-09-08 21:10:35.622228,21.61,20.9,21.61,21.61,1014,41,1.07,74,0,0.0,Clear,clear sky,21
Kál-Kápolna,47.734167,20.254167,2026-09-08 21:10:36.892943,21.5,20.78,21.5,21.5,1014,41,0.98,92,0,0.0,Clear,clear sky,21
Füzesabony,47.751389,20.415278,2026-09-08 21:10:38.164389,21.38,20.64,21.38,21.38,1014,41,0.98,122,2,0.0,Clear,clear sky,21
Szihalom,47.766944,20.491944,2026-09-08 21:10:39.433098,21.23,20.48,21.23,21.23,1014,41,0.96,133,3,0.0,Clear,clear sky,21
Mezőkövesd,47.797222,20.5675,2026-09-08 21:10:40.703814,21.21,20.46,21.21,21.21,1014,41,1.02,156,4,0.0,Clear,clear sky,21
Mezőkövesd felső,47.807222,20.591389,2026-09-08 21:10:41.966945,22.5,21.88,22.47,22.5,1014,41,1.02,156,4,0.0,Clear,clear sky,21
Mezőkeresztes-Mezőnyárád,47.845556,20.670278,2026-09-08 21:10:43.229705,22.5,21.88,22.47,22.5,1014,41,1.03,190,4,0.0,Clear,clear sky,21
Csincse,47.890833,20.764167,2026-09-08 21:10:44.502794,22.52,21.9,22.49,22.52,1014,41,1.34,203,3,0.0,Clear,clear sky,21
Emőd,47.930556,20.822778,2026-09-08 21:10:45.770108,22.54,22.0,22.51,22.54,1014,44,1.38,219,3,0.0,Clear,clear sky,21
Nyékládháza,47.9925,20.840556,2026-09-08 21:10:47.039003,22.56,22.02,22.54,22.56,1014,44,1.45,222,2,0.0,Clear,clear sky,21
Miskolc-Tiszai,48.098611,20.811389,2026-09-08 21:10:48.301759,22.49,21.94,22.46,22.49,1015,44,1.44,214,1,0.0,Clear,clear sky,21
Felsőzsolca,48.083611,20.866111,2026-09-08 21:10:49.588251,22.51,21.97,22.48,22.51,1014,44,1.51,203,1,0.0,Clear,clear sky,21
Hernádnémeti-Bőcs,48.051389,20.985,2026-09-08 21:10:50.857075,22.51,21.89,22.51,22.51,1014,41,1.68,182,0,0.0,Clear,clear sky,21
Tiszalúc,48.039722,21.0575,2026-09-08 21:10:52.118089,22.56,21.94,22.56,22.56,1014,41,1.93,171,0,0.0,Clear,clear sky,21
Taktaharkány,48.091667,21.128611,2026-09-08 21:10:53.385221,20.81,19.99,20.81,20.81,1014,40,1.86,164,0,0.0,Clear,clear sky,21
Taktaszada,48.1125,21.149444,2026-09-08 21:10:54.649836,20.78,19.96,20.78,20.78,1014,40,1.82,158,0,0.0,Clear,clear sky,21
Szerencs,48.155556,21.214444,2026-09-08 21:10:55.921814,20.81,19.99,20.81,20.81,1014,40,1.58,148,0,0.0,Clear,clear sky,21
Mezőzombor,48.156944,21.267778,2026-09-08 21:10:57.199172,20.73,19.88,20.73,20.73,1014,39,1.52,148,0,0.0,Clear,clear sky,21
Tarcal,48.125,21.34,2026-09-08 21:10:58.479562,20.89,20.05,20.89,20.89,1014,39,1.69,156,0,0.0,Clear,clear sky,21
Tokaj,48.112778,21.406667,2026-09-08 21:10:59.741720,20.29,19.37,20.29,20.29,1014,38,1.72,159,0,0.0,Clear,clear sky,21
Rakamaz,48.12,21.475,2026-09-08 21:11:01.010744,20.74,19.89,20.74,20.74,1014,39,1.75,161,0,0.0,Clear,clear sky,21
Görögszállás,48.04,21.555,2026-09-08 21:11:02.280545,20.57,19.7,20.57,20.57,1014,39,2.45,163,0,0.0,Clear,clear sky,21
Nyírtelek,48.005,21.615556,2026-09-08 21:11:03.541780,20.44,19.56,20.44,20.44,1014,39,2.88,164,0,0.0,Clear,clear sky,21
Rákoshegy,47.468611,19.245556,2026-09-08 21:11:04.819119,23.38,22.79,23.02,24.3,1013,39,2.92,156,0,0.0,Clear,clear sky,21
Ecser,47.439444,19.318056,2026-09-08 21:11:06.079947,23.25,22.68,23.07,24.35,1013,40,3.08,156,0,0.0,Clear,clear sky,21
Maglód,47.438889,19.340833,2026-09-08 21:11:07.346961,23.29,22.75,23.01,24.29,1013,41,3.11,155,0,0.0,Clear,clear sky,21
Maglódi nyaraló,47.434167,19.363611,2026-09-08 21:11:08.616599,23.26,22.71,22.91,24.19,1013,41,3.13,155,0,0.0,Clear,clear sky,21
Gyömrő,47.429722,19.393333,2026-09-08 21:11:09.890695,19.84,19.08,19.82,24.15,1013,46,3.09,100,0,0.0,Clear,clear sky,21
Mende,47.426944,19.439722,2026-09-08 21:11:11.151179,19.8,19.04,19.79,22.84,1013,46,3.09,100,0,0.0,Clear,clear sky,21
Szőlősnyaraló,47.450278,19.561111,2026-09-08 21:11:12.421259,20.04,19.41,20.02,20.04,1013,50,3.3,158,0,0.0,Clear,clear sky,21
Sülysáp,47.451944,19.5275,2026-09-08 21:11:13.690837,20.02,19.38,20.0,20.02,1013,50,3.24,156,0,0.0,Clear,clear sky,21
Tápiószecső,47.443056,19.614722,2026-09-08 21:11:14.952815,20.12,19.49,20.1,20.12,1013,50,3.34,158,0,0.0,Clear,clear sky,21
Szentmártonkáta,47.431944,19.680556,2026-09-08 21:11:16.219704,20.15,19.32,20.15,20.15,1013,42,3.42,159,0,0.0,Clear,clear sky,21
Nagykáta,47.409722,19.737778,2026-09-08 21:11:17.488051,20.22,19.39,20.22,20.22,1013,42,3.58,160,0,0.0,Clear,clear sky,21
Farmos,47.355278,19.8375,2026-09-08 21:11:18.754615,21.45,20.8,21.45,21.45,1013,44,3.78,160,0,0.0,Clear,clear sky,21
Tápiószele,47.346313,19.873504,2026-09-08 21:11:20.019496,21.36,20.73,21.36,21.36,1013,45,3.79,159,0,0.0,Clear,clear sky,21
Tápiógyörgye,47.325,19.95,2026-09-08 21:11:21.292405,21.62,20.96,21.62,21.62,1013,43,3.82,158,0,0.0,Clear,clear sky,21
Újszász,47.285833,20.066944,2026-09-08 21:11:22.554107,21.66,20.95,21.66,22.01,1013,41,3.77,155,0,0.0,Clear,clear sky,21
Szurdokpüspöki,47.851944,19.690278,2026-09-08 21:11:23.820014,21.66,20.95,21.66,21.66,1013,41,1.62,105,0,0.0,Clear,clear sky,21
Lőrinci,47.739444,19.673611,2026-09-08 21:11:25.088206,21.73,21.03,21.73,21.73,1013,41,1.74,94,0,0.0,Clear,clear sky,21
Selyp,47.759167,19.670833,2026-09-08 21:11:26.350442,21.72,21.02,21.72,21.72,1013,41,1.76,92,0,0.0,Clear,clear sky,21
Apc-Zagyvaszántó,47.791328,19.66822,2026-09-08 21:11:27.619202,21.74,21.04,21.74,21.74,1013,41,1.75,92,0,0.0,Clear,clear sky,21
Pásztó,47.918889,19.688889,2026-09-08 21:11:28.890268,21.52,20.8,21.52,21.52,1014,41,1.6,120,0,0.0,Clear,clear sky,21
Mátraszőlős-Hasznos,47.938506,19.706122,2026-09-08 21:11:30.160884,21.51,20.79,21.51,21.51,1014,41,1.6,129,0,0.0,Clear,clear sky,21
Tar,47.956111,19.746389,2026-09-08 21:11:31.430843,21.08,20.31,21.08,21.08,1014,41,1.73,142,0,0.0,Clear,clear sky,21
Mátraverebély,47.968333,19.778611,2026-09-08 21:11:32.695563,21.08,20.31,21.08,21.08,1014,41,1.73,142,0,0.0,Clear,clear sky,21
Nagybátony,47.981111,19.82,2026-09-08 21:11:33.961303,21.24,20.49,21.24,21.24,1014,41,1.92,150,0,0.0,Clear,clear sky,21
Kisterenye,48.009444,19.831944,2026-09-08 21:11:35.223791,21.3,20.56,21.3,21.3,1014,41,2.12,155,0,0.0,Clear,clear sky,21
Kisterenye-Bányatelep,48.021389,19.831944,2026-09-08 21:11:36.496017,21.3,20.56,21.3,21.3,1014,41,2.12,155,0,0.0,Clear,clear sky,21
Salgótarján külső,48.089444,19.790833,2026-09-08 21:11:37.759064,20.74,19.97,20.74,20.74,1014,42,1.77,149,0,0.0,Clear,clear sky,21
Balatonfenyves GV,46.7125,17.479167,2026-09-08 21:11:39.036208,21.08,20.6,21.08,21.08,1012,52,2.28,161,0,0.0,Clear,clear sky,21
Várhegyalja,47.737778,18.366667,2026-09-08 21:11:40.297542,22.65,22.04,22.65,22.65,1011,41,3.91,147,0,0.0,Clear,clear sky,21
Imremajor,46.680556,17.499722,2026-09-08 21:11:41.563687,21.11,20.63,21.11,21.11,1012,52,2.42,161,0,0.0,Clear,clear sky,21
Rákospalota-Kertváros,47.578333,19.122778,2026-09-08 21:11:42.842701,23.86,23.29,23.27,24.49,1013,38,2.22,157,0,0.0,Clear,clear sky,21
Vicziántelep,47.675833,19.286111,2026-09-08 21:11:44.110152,23.94,23.2,22.74,23.95,1013,31,2.05,137,0,0.0,Clear,clear sky,21
Pálmajor,46.662831,17.457526,2026-09-08 21:11:45.381742,21.1,20.62,21.1,21.1,1012,52,2.56,163,0,0.0,Clear,clear sky,21
Somogyszentpál felső,46.649758,17.471404,2026-09-08 21:11:46.650538,21.07,20.59,21.07,21.07,1012,52,2.55,161,0,0.0,Clear,clear sky,21
Somogyszentpál,46.638611,17.478611,2026-09-08 21:11:47.917964,21.06,20.58,21.06,21.06,1012,52,2.69,161,0,0.0,Clear,clear sky,21
Rudnaykert,47.7175,19.257778,2026-09-08 21:11:49.185598,24.3,23.6,23.08,24.3,1013,31,2.05,133,0,0.0,Clear,clear sky,21
Maroshegy,47.158333,18.406667,2026-09-08 21:11:50.465140,22.36,21.83,22.36,22.36,1012,45,2.19,156,0,0.0,Clear,clear sky,21
Bánhida,47.573703,18.371737,2026-09-08 21:11:51.731969,22.34,21.7,22.34,22.34,1012,41,3.55,147,0,0.0,Clear,clear sky,21
Magyarkút,47.850278,19.045,2026-09-08 21:11:53.007129,20.01,19.24,20.01,24.17,1012,45,2.51,135,0,0.0,Clear,clear sky,21
Becske alsó,47.897222,19.364722,2026-09-08 21:11:54.272316,19.68,18.88,19.68,19.68,1013,45,2.18,136,0,0.0,Clear,clear sky,21
Hosszúberek-Péteri,47.370556,19.389722,2026-09-08 21:11:55.547427,20.11,19.35,20.1,23.33,1013,45,3.09,100,0,0.0,Clear,clear sky,21
Monorierdő,47.308889,19.499167,2026-09-08 21:11:56.811882,20.01,19.14,20.01,20.03,1013,41,3.89,153,0,0.0,Clear,clear sky,21
Ceglédbercel,47.215833,19.658611,2026-09-08 21:11:58.075965,21.52,20.8,21.52,21.52,1013,41,4.02,155,0,0.0,Clear,clear sky,21
Budai út,47.208333,19.731389,2026-09-08 21:11:59.344776,21.42,20.69,21.42,21.42,1013,41,3.93,156,0,0.0,Clear,clear sky,21
Büdöskútpuszta,48.373056,20.726111,2026-09-08 21:12:00.603607,20.75,20.0,20.75,20.75,1014,43,0.43,108,0,0.0,Clear,clear sky,21
Bánrévei Vízmű,48.282778,20.368333,2026-09-08 21:12:01.885588,22.47,21.66,22.24,22.47,1015,34,0.27,28,0,0.0,Clear,clear sky,21
Rákoskert,47.456389,19.296111,2026-09-08 21:12:03.155498,23.13,22.57,22.94,24.15,1013,41,2.94,156,0,0.0,Clear,clear sky,21
Szirmabesenyő,48.146944,20.783056,2026-09-08 21:12:04.427391,22.41,21.86,22.39,22.41,1015,44,1.45,202,1,0.0,Clear,clear sky,21
Kitérőgyár,47.766944,19.935278,2026-09-08 21:12:05.688208,21.48,20.75,21.48,21.48,1014,41,1.3,74,0,0.0,Clear,clear sky,21
Tápiószentmárton,47.373333,19.797778,2026-09-08 21:12:06.958711,21.38,20.72,21.38,21.38,1013,44,3.76,160,0,0.0,Clear,clear sky,21
Zagyvarékas,47.244229,20.097435,2026-09-08 21:12:08.229832,21.67,21.02,21.67,22.01,1013,43,2.57,140,0,0.0,Clear,clear sky,21
Abonyi út,47.206401,20.125204,2026-09-08 21:12:09.496759,21.67,21.02,21.67,22.01,1013,43,2.57,140,0,0.0,Clear,clear sky,21
Jászkisér felső,47.438056,20.202222,2026-09-08 21:12:10.762438,20.0,19.13,20.0,20.0,1014,41,3.85,156,0,0.0,Clear,clear sky,21
Szellőhát,47.425556,20.188889,2026-09-08 21:12:12.024956,21.61,20.9,21.61,21.61,1014,41,3.93,156,0,0.0,Clear,clear sky,21
Szilvásvárad-Szalajkavölgy,48.0956,20.38272,2026-09-08 21:12:13.285900,20.83,19.96,20.8,21.03,1015,38,1.2,139,0,0.0,Clear,clear sky,21
Vásárosnamény külső,48.084444,22.255556,2026-09-08 21:12:14.552913,19.35,18.46,19.35,19.35,1015,43,3.03,150,1,0.0,Clear,clear sky,21
Újváros,46.660556,20.536111,2026-09-08 21:12:15.823593,23.88,23.0,23.88,23.88,1013,26,3.77,155,0,0.0,Clear,clear sky,21
Városi park,46.697778,19.864722,2026-09-08 21:12:17.089086,20.71,19.75,20.55,23.81,1013,35,4.02,156,0,0.0,Clear,clear sky,21
Belsőkamaráspuszta,46.341944,20.848889,2026-09-08 21:12:18.356687,22.25,21.57,22.25,22.25,1014,40,3.64,160,2,0.0,Clear,clear sky,21
Sajószöged,47.945278,20.981667,2026-09-08 21:12:19.622059,22.61,22.0,22.61,22.61,1014,41,1.98,183,1,0.0,Clear,clear sky,21
Kazincbarcika alsó,48.255278,20.649167,2026-09-08 21:12:20.883903,22.37,21.73,22.35,22.58,1015,41,1.02,182,1,0.0,Clear,clear sky,21
Nyárjas,46.857778,19.923611,2026-09-08 21:12:22.151488,21.56,20.69,20.51,23.76,1013,35,2.57,160,0,0.0,Clear,clear sky,21
Pogonyipuszta,48.296389,20.381667,2026-09-08 21:12:23.427164,22.43,21.62,22.2,22.43,1015,34,0.27,28,0,0.0,Clear,clear sky,21
Sióvölgy,46.911103,18.076964,2026-09-08 21:12:24.698997,19.97,19.93,19.97,19.97,1012,73,1.84,152,0,0.0,Clear,clear sky,21
Répáspuszta,46.430278,17.847222,2026-09-08 21:12:25.966383,21.57,21.04,21.57,21.57,1013,48,3.41,150,0,0.0,Clear,clear sky,21
Virányos,48.066667,21.527222,2026-09-08 21:12:27.233698,20.58,19.71,20.58,20.58,1014,39,2.27,164,0,0.0,Clear,clear sky,21
Füzesbokor,47.988611,21.6475,2026-09-08 21:12:28.507832,20.39,19.5,20.39,20.39,1014,39,3.09,164,0,0.0,Clear,clear sky,21
Kunfehértó,46.355833,19.417222,2026-09-08 21:12:29.771706,21.02,20.2,21.02,21.02,1013,39,4.43,147,0,0.0,Clear,clear sky,21
Erdőszél,46.329444,19.395,2026-09-08 21:12:31.038191,20.89,20.05,20.89,20.89,1013,39,4.46,144,0,0.0,Clear,clear sky,21
Jánoshalma,46.293056,19.330278,2026-09-08 21:12:32.304270,20.98,20.18,20.98,20.98,1013,40,4.41,141,0,0.0,Clear,clear sky,21
Mélykút,46.213056,19.370556,2026-09-08 21:12:33.573955,18.23,17.18,18.23,18.23,1013,41,4.28,141,0,0.0,Clear,clear sky,21
Bácsalmás,46.118056,19.346389,2026-09-08 21:12:34.839376,18.27,17.22,18.27,18.27,1013,41,4.24,136,0,0.0,Clear,clear sky,21
Almás,46.116216,19.328803,2026-09-08 21:12:36.109845,18.29,17.25,18.29,18.29,1013,41,4.24,136,0,0.0,Clear,clear sky,21
Bácsbokod-Bácsborsód,46.115833,19.16,2026-09-08 21:12:37.376786,21.04,20.27,21.04,21.04,1013,41,4.43,129,0,0.0,Clear,clear sky,21
Baja,46.187014,18.957602,2026-09-08 21:12:38.647580,21.37,20.66,21.37,21.37,1013,42,4.12,133,0,0.0,Clear,clear sky,21
Harkakötöny,46.458333,19.601944,2026-09-08 21:12:39.920140,20.95,20.07,20.95,20.95,1013,37,4.3,154,0,0.0,Clear,clear sky,21
Tajó,46.473056,19.650556,2026-09-08 21:12:41.190139,20.99,20.11,20.99,20.99,1013,37,4.25,155,0,0.0,Clear,clear sky,21
Kiskunmajsa,46.501667,19.728056,2026-09-08 21:12:42.455020,21.03,20.13,20.5,21.03,1013,36,4.18,156,0,0.0,Clear,clear sky,21
Jászszentlászló,46.565833,19.753611,2026-09-08 21:12:43.720683,20.52,19.54,20.52,20.52,1013,35,4.12,156,0,0.0,Clear,clear sky,21
Galambos,46.625,19.801111,2026-09-08 21:12:44.982211,20.55,19.57,20.55,23.8,1013,35,4.08,156,0,0.0,Clear,clear sky,21
Pestszentimre,47.402222,19.188611,2026-09-08 21:12:46.246039,23.39,22.86,23.23,24.45,1013,41,3.21,157,0,0.0,Clear,clear sky,21
Gyál felső,47.390278,19.204722,2026-09-08 21:12:47.517100,23.38,22.84,23.24,24.45,1013,41,3.26,156,0,0.0,Clear,clear sky,21
Gyál,47.376667,19.219444,2026-09-08 21:12:48.774371,23.42,22.89,23.25,24.53,1013,41,3.26,156,0,0.0,Clear,clear sky,21
Ócsa,47.301389,19.232222,2026-09-08 21:12:50.039104,20.78,20.01,20.23,23.89,1013,42,3.09,100,0,0.0,Clear,clear sky,21
Inárcs-Kakucs,47.247222,19.317778,2026-09-08 21:12:51.302091,20.23,19.35,20.23,20.23,1013,40,3.99,151,0,0.0,Clear,clear sky,21
Dabas,47.194722,19.328889,2026-09-08 21:12:52.560818,20.24,19.36,20.24,20.24,1013,40,4.18,150,0,0.0,Clear,clear sky,21
Gyón,47.178333,19.355556,2026-09-08 21:12:53.828979,20.21,19.33,20.21,20.21,1013,40,4.24,150,0,0.0,Clear,clear sky,21
Hernád,47.161389,19.4025,2026-09-08 21:12:55.098883,21.73,20.98,21.73,21.73,1013,39,4.32,150,0,0.0,Clear,clear sky,21
Bakonygyirót,47.416389,17.811944,2026-09-08 21:12:56.361104,21.59,21.06,21.59,22.71,1012,48,4.02,161,0,0.0,Clear,clear sky,21
Vinye,47.360317,17.819635,2026-09-08 21:12:57.629675,22.03,21.52,20.91,22.03,1012,47,3.79,160,0,0.0,Clear,clear sky,21
Nemesgörzsöny,47.402924,17.376385,2026-09-08 21:12:58.896543,23.16,22.73,23.16,23.16,1011,46,3.6,170,0,0.0,Clear,clear sky,21
Rábahíd,47.438618,17.337525,2026-09-08 21:13:00.159612,23.15,22.72,23.15,23.15,1011,46,3.6,170,0,0.0,Clear,clear sky,21
Öskü,47.162222,18.076389,2026-09-08 21:13:01.421795,19.64,19.02,19.64,19.64,1012,52,1.28,158,0,0.0,Clear,clear sky,21
Márkó,47.1275,17.813889,2026-09-08 21:13:02.688903,21.35,20.9,21.35,21.35,1012,52,1.36,131,0,0.0,Clear,clear sky,21
Nemeskocs,47.203333,17.188889,2026-09-08 21:13:03.960051,23.11,22.78,23.11,23.11,1012,50,3.76,168,0,0.0,Clear,clear sky,21
Zalagyömörő,47.011111,17.220833,2026-09-08 21:13:05.233071,22.43,22.03,22.43,22.43,1012,50,3.36,157,0,0.0,Clear,clear sky,21
Rigács,47.061667,17.199167,2026-09-08 21:13:06.501389,22.42,22.02,22.42,22.42,1012,50,3.44,158,0,0.0,Clear,clear sky,21
Kemenespálfa,47.139722,17.183056,2026-09-08 21:13:07.776434,22.57,22.19,22.57,22.57,1012,50,3.63,163,0,0.0,Clear,clear sky,21
Lentiszombathely,46.611389,16.5725,2026-09-08 21:13:09.061222,21.82,21.6,21.82,21.82,1012,59,1.45,147,0,0.0,Clear,clear sky,21
Ortaháza,46.626667,16.685833,2026-09-08 21:13:10.331022,21.68,21.39,21.68,21.68,1012,57,1.44,136,0,0.0,Clear,clear sky,21
Rádiháza,46.654722,16.765833,2026-09-08 21:13:11.595424,21.68,21.37,21.68,21.68,1012,56,1.52,139,0,0.0,Clear,clear sky,21
Baktüttös,46.690833,16.826389,2026-09-08 21:13:12.862785,20.6,20.13,20.6,20.6,1012,54,1.87,146,0,0.0,Clear,clear sky,21
Budafa,46.851667,16.624722,2026-09-08 21:13:14.136970,21.92,21.63,21.92,21.92,1012,56,2.26,167,0,0.0,Clear,clear sky,21
Zalapatakalja,46.845556,16.603889,2026-09-08 21:13:15.403370,21.91,21.64,21.91,21.91,1012,57,2.24,175,0,0.0,Clear,clear sky,21
Tormásliget,47.430556,16.781667,2026-09-08 21:13:16.668370,24.74,24.58,24.74,24.74,1011,50,3.64,207,0,0.0,Clear,clear sky,21
Belecska,46.64,18.411389,2026-09-08 21:13:17.930671,21.97,21.45,21.97,21.97,1013,47,3.47,148,0,0.0,Clear,clear sky,21
Almár,47.956111,20.356944,2026-09-08 21:13:19.196287,22.01,21.28,22.01,22.04,1015,39,1.35,121,0,0.0,Clear,clear sky,21
Vasútmúzeum,47.543889,19.099444,2026-09-08 21:13:20.464544,23.62,23.06,23.28,24.49,1013,39,3.13,150,0,0.0,Clear,clear sky,21
Abda,47.690833,17.540556,2026-09-08 21:13:21.730526,22.42,22.18,22.09,22.42,1011,56,0.359,166,0,0.0,Clear,clear sky,21
Vadaspark,47.526111,18.949167,2026-09-08 21:13:23.009450,21.99,21.26,21.47,22.69,1012,39,3.13,150,0,0.0,Clear,clear sky,21
Barosstelep,47.398889,18.989167,2026-09-08 21:13:24.274287,23.62,23.08,23.34,24.36,1013,40,2.88,159,0,0.0,Clear,clear sky,21
Fegyvernek-Örményes,47.194444,20.5575,2026-09-08 21:13:25.545633,22.02,21.3,22.02,22.02,1014,39,3.59,150,2,0.0,Clear,clear sky,21
Zagyvapálfalva,48.068889,19.785,2026-09-08 21:13:26.808330,20.97,20.22,20.97,20.97,1014,42,1.91,152,0,0.0,Clear,clear sky,21
Salgótarján,48.105556,19.807222,2026-09-08 21:13:28.076078,20.29,19.47,20.29,20.29,1014,42,1.57,144,0,0.0,Clear,clear sky,21
Szabadisóstó,46.933889,18.118056,2026-09-08 21:13:29.337145,19.95,19.91,19.95,19.95,1012,73,2.04,155,0,0.0,Clear,clear sky,21
Siófok,46.907778,18.053889,2026-09-08 21:13:30.591274,19.95,19.91,19.95,19.95,1012,73,1.84,152,0,0.0,Clear,clear sky,21
Balatonszéplak felső,46.898056,18.018056,2026-09-08 21:13:31.853460,19.95,19.91,19.95,19.95,1012,73,1.98,153,0,0.0,Clear,clear sky,21
Balatonszéplak alsó,46.891944,17.993333,2026-09-08 21:13:33.120907,19.95,19.91,19.95,19.95,1012,73,1.85,150,0,0.0,Clear,clear sky,21
Zamárdi felső,46.886111,17.969444,2026-09-08 21:13:34.399730,19.96,19.92,19.96,19.96,1012,73,1.73,148,0,0.0,Clear,clear sky,21
Zamárdi,46.88,17.944722,2026-09-08 21:13:35.665417,19.9,19.85,19.9,19.9,1012,73,1.73,148,0,0.0,Clear,clear sky,21
Szántód,46.861944,17.899167,2026-09-08 21:13:36.950309,19.97,19.93,19.97,19.97,1012,73,1.93,147,0,0.0,Clear,clear sky,21
Szőny-Déli,47.735278,18.141944,2026-09-08 21:13:38.223401,22.12,21.51,22.12,24.5,1011,43,4.68,152,0,0.0,Clear,clear sky,21
Várpalota,47.194444,18.149167,2026-09-08 21:13:39.488339,21.91,21.44,21.91,21.91,1012,49,1.7,161,0,0.0,Clear,clear sky,21
Pétfürdő,47.1675,18.121389,2026-09-08 21:13:40.748538,19.77,19.11,19.77,19.77,1012,50,1.54,161,0,0.0,Clear,clear sky,21
Hajmáskér,47.141111,18.009444,2026-09-08 21:13:42.008740,19.55,18.92,19.55,19.55,1012,52,1.24,157,0,0.0,Clear,clear sky,21
Veszprém,47.118889,17.91,2026-09-08 21:13:43.264536,19.25,18.61,19.25,19.25,1012,53,1.01,136,0,0.0,Clear,clear sky,21
Herend,47.136944,17.760278,2026-09-08 21:13:44.525812,21.28,20.8,21.28,21.28,1012,51,1.54,131,0,0.0,Clear,clear sky,21
Városlőd,47.144167,17.652778,2026-09-08 21:13:45.788187,21.98,21.54,21.98,21.98,1012,50,2.62,137,0,0.0,Clear,clear sky,21
Városlőd-Kislőd,47.133889,17.631111,2026-09-08 21:13:47.053967,22.09,21.66,22.09,22.09,1012,50,2.36,134,0,0.0,Clear,clear sky,21
Ajka,47.105902,17.572938,2026-09-08 21:13:48.314935,22.39,21.99,22.39,22.39,1012,50,2.72,136,0,0.0,Clear,clear sky,21
Ajka-Gyártelep,47.096806,17.555219,2026-09-08 21:13:49.579707,22.44,22.05,22.44,22.44,1012,50,2.72,136,0,0.0,Clear,clear sky,21
Devecser,47.1125,17.435278,2026-09-08 21:13:50.854267,22.84,22.46,22.84,22.84,1012,49,3.19,144,0,0.0,Clear,clear sky,21
Somlóvásárhely,47.124444,17.369167,2026-09-08 21:13:52.122135,22.95,22.58,22.95,22.95,1012,49,3.56,153,0,0.0,Clear,clear sky,21
Tüskevár,47.128611,17.331389,2026-09-08 21:13:53.390179,22.99,22.62,22.99,22.99,1012,49,3.59,156,0,0.0,Clear,clear sky,21
Karakószörcsök,47.133611,17.287778,2026-09-08 21:13:54.657173,22.55,22.14,22.55,22.55,1012,49,3.61,158,0,0.0,Clear,clear sky,21
Kerta,47.151944,17.237222,2026-09-08 21:13:55.921617,22.65,22.25,22.65,22.65,1012,49,3.68,164,0,0.0,Clear,clear sky,21
Boba,47.183333,17.191389,2026-09-08 21:13:57.190257,22.63,22.25,22.63,22.63,1012,50,3.71,166,0,0.0,Clear,clear sky,21
Börgönd,47.140278,18.515,2026-09-08 21:13:58.458614,22.22,21.65,22.22,22.22,1013,44,2.84,157,0,0.0,Clear,clear sky,21
Belsőbáránd,47.102778,18.499722,2026-09-08 21:13:59.731510,22.17,21.62,22.17,22.17,1013,45,3.05,158,0,0.0,Clear,clear sky,21
Zichyújfalu,47.124444,18.6725,2026-09-08 21:14:00.995453,22.15,21.49,22.15,22.15,1013,41,3.4,159,0,0.0,Clear,clear sky,21
Seregélyes,47.121111,18.580556,2026-09-08 21:14:02.267764,22.34,21.75,22.34,22.34,1013,43,2.94,158,0,0.0,Clear,clear sky,21
Polgárdi-Ipartelepek,47.079167,18.314444,2026-09-08 21:14:03.535800,19.58,18.93,19.58,19.58,1012,51,2.59,159,0,0.0,Clear,clear sky,21
Polgárdi,47.07,18.284167,2026-09-08 21:14:04.801558,19.58,18.93,19.58,19.58,1012,51,2.59,159,0,0.0,Clear,clear sky,21
Füle,47.05,18.255278,2026-09-08 21:14:06.067521,19.55,18.94,19.55,19.55,1012,53,2.61,159,0,0.0,Clear,clear sky,21
Zánka-Erzsébettábor,46.8775,17.709167,2026-09-08 21:14:07.329325,19.9,19.38,19.9,19.9,1012,55,1.71,138,0,0.0,Clear,clear sky,21
Csajág,47.033889,18.186389,2026-09-08 21:14:08.595122,19.79,19.73,19.79,19.79,1012,73,2.04,158,0,0.0,Clear,clear sky,21
Balatonakarattya,47.017222,18.167778,2026-09-08 21:14:09.869198,19.64,19.57,19.64,19.64,1012,73,2.04,158,0,0.0,Clear,clear sky,21
Csittényhegy,47.025278,18.1375,2026-09-08 21:14:11.137821,19.86,19.81,19.86,19.86,1012,73,1.76,156,0,0.0,Clear,clear sky,21
Balatonkenese,47.0325,18.105556,2026-09-08 21:14:12.409446,19.94,19.9,19.94,19.94,1012,73,1.5,153,0,0.0,Clear,clear sky,21
Balatonfűzfő,47.060278,18.0425,2026-09-08 21:14:13.665004,19.92,19.87,19.92,19.92,1012,73,0.81,136,0,0.0,Clear,clear sky,21
Balatonalmádi,47.028333,18.015,2026-09-08 21:14:14.931220,19.94,19.9,19.94,19.94,1012,73,0.88,136,0,0.0,Clear,clear sky,21
Káptalanfüred,47.008889,18.003889,2026-09-08 21:14:16.194548,19.97,19.93,19.97,19.97,1012,73,0.86,130,0,0.0,Clear,clear sky,21
Alsóörs,46.985278,17.974722,2026-09-08 21:14:17.461280,19.98,19.94,19.98,19.98,1012,73,0.86,130,0,0.0,Clear,clear sky,21
Csopak,46.974722,17.931111,2026-09-08 21:14:18.722004,19.85,19.8,19.85,19.85,1012,73,0.82,114,0,0.0,Clear,clear sky,21
Balatonarács,46.9625,17.8975,2026-09-08 21:14:19.985834,19.75,19.69,19.75,19.75,1012,73,0.82,114,0,0.0,Clear,clear sky,21
Balatonfüred,46.955833,17.883056,2026-09-08 21:14:21.249233,19.82,19.76,19.82,19.82,1012,73,0.97,121,0,0.0,Clear,clear sky,21
Aszófő,46.925556,17.8325,2026-09-08 21:14:22.523677,19.92,19.87,19.92,19.92,1012,73,1.19,129,0,0.0,Clear,clear sky,21
Örvényes,46.9125,17.818056,2026-09-08 21:14:23.789142,19.94,19.9,19.94,19.94,1012,73,1.19,129,0,0.0,Clear,clear sky,21
Balatonudvari,46.904722,17.808056,2026-09-08 21:14:25.056450,19.97,19.93,19.97,19.97,1012,73,1.21,127,0,0.0,Clear,clear sky,21
Fövenyes,46.893611,17.789444,2026-09-08 21:14:26.322348,19.99,19.53,19.99,19.99,1012,57,1.46,135,0,0.0,Clear,clear sky,21
Balatonakali-Dörgicse,46.88,17.747778,2026-09-08 21:14:27.585777,19.98,19.5,19.98,19.98,1012,56,1.46,134,0,0.0,Clear,clear sky,21
Zánka-Köveskál,46.872778,17.687778,2026-09-08 21:14:28.856024,19.97,19.43,19.97,19.97,1012,54,1.69,138,0,0.0,Clear,clear sky,21
Balatonszepezd,46.851111,17.663056,2026-09-08 21:14:30.132589,22.43,22.14,22.43,22.43,1012,54,1.91,143,0,0.0,Clear,clear sky,21
Szepezdfürdő,46.839722,17.649444,2026-09-08 21:14:31.397009,21.41,21.02,21.41,21.41,1012,54,1.86,143,0,0.0,Clear,clear sky,21
Révfülöp,46.829167,17.632222,2026-09-08 21:14:32.660286,21.41,21.02,21.41,21.41,1012,54,1.86,143,0,0.0,Clear,clear sky,21
Balatonrendes,46.824722,17.582778,2026-09-08 21:14:33.923108,22.05,21.69,22.05,22.05,1012,53,1.88,149,0,0.0,Clear,clear sky,21
Ábrahámhegy,46.815,17.572222,2026-09-08 21:14:35.194574,22.05,21.69,22.05,22.05,1012,53,1.88,149,0,0.0,Clear,clear sky,21
Badacsonyörs,46.805556,17.531667,2026-09-08 21:14:36.457098,22.31,21.98,22.31,22.31,1012,53,1.87,150,0,0.0,Clear,clear sky,21
Kisújszállás,47.223889,20.751111,2026-09-08 21:14:37.734868,21.32,20.53,21.32,21.32,1014,39,3.6,151,5,0.0,Clear,clear sky,21
Karcag,47.303333,20.928056,2026-09-08 21:14:38.996355,21.19,20.38,21.19,21.19,1014,39,3.65,154,6,0.0,Clear,clear sky,21
Püspökladány,47.3275,21.128889,2026-09-08 21:14:40.262802,21.06,20.27,21.06,21.06,1014,40,3.64,156,5,0.0,Clear,clear sky,21
Kaba,47.368889,21.259444,2026-09-08 21:14:41.535331,18.1,17.01,18.1,18.1,1014,40,3.51,156,5,0.0,Clear,clear sky,21
Hajdúszoboszló,47.429444,21.406944,2026-09-08 21:14:42.802404,18.09,17.31,18.09,18.09,1014,52,1.03,0,2,0.0,Clear,clear sky,21
Ebes,47.462778,21.488889,2026-09-08 21:14:44.064895,18.04,17.26,18.04,18.04,1014,52,1.03,0,2,0.0,Clear,clear sky,21
Debrecen,47.520278,21.628611,2026-09-08 21:14:45.335227,17.92,17.13,17.92,17.92,1014,52,1.03,0,2,0.0,Clear,clear sky,21
Debrecen-Csapókert,47.540556,21.648056,2026-09-08 21:14:46.602002,17.87,17.07,17.87,17.87,1014,52,1.03,0,2,0.0,Clear,clear sky,21
Apafa,47.584045,21.655858,2026-09-08 21:14:47.864907,17.83,17.03,17.83,17.83,1014,52,1.03,0,2,0.0,Clear,clear sky,21
Bocskaikert,47.6425,21.666389,2026-09-08 21:14:49.132714,17.76,16.95,17.76,17.76,1014,52,1.03,0,1,0.0,Clear,clear sky,21
Hajdúhadház,47.686944,21.679167,2026-09-08 21:14:50.399672,17.73,16.66,17.73,17.73,1014,42,3.09,153,2,0.0,Clear,clear sky,21
Téglás,47.714722,21.684722,2026-09-08 21:14:51.661003,17.8,16.73,17.8,17.8,1014,42,3.16,154,1,0.0,Clear,clear sky,21
Újfehértó,47.814444,21.706389,2026-09-08 21:14:52.927283,20.23,19.38,20.23,20.23,1014,41,3.39,160,1,0.0,Clear,clear sky,21
Nyíregyháza,47.946667,21.705556,2026-09-08 21:14:54.189039,20.29,19.42,20.29,20.29,1014,40,3.34,163,0,0.0,Clear,clear sky,21
Sóstó,47.998051,21.729047,2026-09-08 21:14:55.450113,20.22,19.34,20.22,20.22,1014,40,3.3,164,0,0.0,Clear,clear sky,21
Sóstóhegy,48.012222,21.742778,2026-09-08 21:14:56.716259,20.3,19.43,20.3,20.3,1014,40,3.22,164,0,0.0,Clear,clear sky,21
Kemecse,48.065556,21.801667,2026-09-08 21:14:57.977562,20.2,19.32,20.2,20.2,1014,40,3.14,163,0,0.0,Clear,clear sky,21
Nyírbogdány,48.082222,21.855278,2026-09-08 21:14:59.244155,20.11,19.22,20.11,20.11,1014,40,3.06,163,0,0.0,Clear,clear sky,21
Kék,48.093333,21.883889,2026-09-08 21:15:00.509431,20.08,19.19,20.08,20.08,1014,40,3.1,161,0,0.0,Clear,clear sky,21
Demecser,48.111667,21.926667,2026-09-08 21:15:01.798049,20.04,19.17,20.04,20.04,1014,41,2.99,159,0,0.0,Clear,clear sky,21
Gégény,48.128333,21.951944,2026-09-08 21:15:03.078005,19.97,19.09,19.97,19.97,1014,41,2.89,157,0,0.0,Clear,clear sky,21
Pátroha,48.158611,21.996667,2026-09-08 21:15:04.347265,19.94,19.06,19.94,19.94,1014,41,2.8,155,0,0.0,Clear,clear sky,21
Ajak,48.1865,22.048972,2026-09-08 21:15:05.624947,19.88,19.02,19.88,19.88,1014,42,2.76,152,0,0.0,Clear,clear sky,21
Kisvárda,48.208333,22.078333,2026-09-08 21:15:06.887724,19.83,18.97,19.83,19.83,1014,42,2.88,148,0,0.0,Clear,clear sky,21
Kisvárda-Hármasút,48.228333,22.091944,2026-09-08 21:15:08.156565,19.83,18.97,19.83,19.83,1014,42,2.88,148,0,0.0,Clear,clear sky,21
Fényeslitke,48.267222,22.107222,2026-09-08 21:15:09.428884,19.73,18.86,19.73,19.73,1014,42,2.99,142,0,0.0,Clear,clear sky,21
Komoró,48.305278,22.118056,2026-09-08 21:15:10.696757,19.75,18.9,19.75,19.75,1014,43,3.05,140,0,0.0,Clear,clear sky,21
Tuzsér,48.342222,22.131667,2026-09-08 21:15:11.967817,19.69,18.84,19.69,19.69,1014,43,3.18,136,0,0.0,Clear,clear sky,21
Tiszabezdéd,48.371389,22.145,2026-09-08 21:15:13.230823,19.65,18.79,19.65,19.65,1014,43,3.33,132,0,0.0,Clear,clear sky,21
Záhony,48.402222,22.183611,2026-09-08 21:15:14.511720,19.58,18.74,19.58,19.58,1014,44,3.41,128,0,0.0,Clear,clear sky,21
Karcag-Vásártér,47.3225,20.9075,2026-09-08 21:15:15.789012,20.0,19.07,20.0,20.0,1014,39,3.65,154,6,0.0,Clear,clear sky,21
Berekfürdő,47.374722,20.827222,2026-09-08 21:15:17.059566,19.99,19.09,19.99,19.99,1014,40,3.65,155,6,0.0,Clear,clear sky,21
Kunmadaras,47.415278,20.793056,2026-09-08 21:15:18.326368,19.98,19.23,19.98,19.98,1014,46,3.63,156,6,0.0,Clear,clear sky,21
Tiszaszentimre,47.490833,20.733056,2026-09-08 21:15:19.598538,19.99,19.25,19.99,19.99,1014,46,3.55,157,6,0.0,Clear,clear sky,21
Tiszaszőlős,47.555556,20.728056,2026-09-08 21:15:20.872539,19.99,19.25,19.99,19.99,1014,46,3.41,157,6,0.0,Clear,clear sky,21
Hosszúhát,47.235556,21.101944,2026-09-08 21:15:22.134949,21.05,20.23,21.05,21.05,1014,39,3.66,154,6,0.0,Clear,clear sky,21
Szerep,47.234444,21.145833,2026-09-08 21:15:23.406595,21.03,20.21,21.03,21.03,1014,39,3.65,155,6,0.0,Clear,clear sky,21
Sárrétudvari,47.231667,21.180833,2026-09-08 21:15:24.678153,20.98,20.15,20.98,20.98,1014,39,3.64,155,6,0.0,Clear,clear sky,21
Biharnagybajom,47.208889,21.221944,2026-09-08 21:15:25.937628,20.93,20.1,20.93,20.93,1014,39,3.62,155,7,0.0,Clear,clear sky,21
Füzesgyarmat,47.113056,21.194444,2026-09-08 21:15:27.196591,20.96,20.1,20.96,20.96,1014,38,3.59,151,6,0.0,Clear,clear sky,21
Füzesgyarmatfürdő,47.093787,21.201582,2026-09-08 21:15:28.467715,20.96,20.1,20.96,20.96,1014,38,3.59,151,6,0.0,Clear,clear sky,21
Báránd,47.299722,21.235278,2026-09-08 21:15:29.733505,20.97,20.17,20.97,20.97,1014,40,3.59,156,6,0.0,Clear,clear sky,21
Sáp,47.259722,21.360556,2026-09-08 21:15:31.004507,20.83,20.01,20.83,20.83,1014,40,3.57,157,6,0.0,Clear,clear sky,21
Berettyóújfalu,47.211944,21.535556,2026-09-08 21:15:32.277284,20.55,19.7,20.55,20.55,1015,40,3.4,155,4,0.0,Clear,clear sky,21
Mezőpeterd,47.176111,21.625278,2026-09-08 21:15:33.548179,19.17,18.19,19.17,19.28,1015,40,3.34,153,3,0.0,Clear,clear sky,21
Biharkeresztes,47.135556,21.721389,2026-09-08 21:15:34.817130,19.14,18.23,19.14,19.25,1015,43,3.6,110,1,0.0,Clear,clear sky,21
Tócóvölgy,47.529444,21.588889,2026-09-08 21:15:36.084768,17.97,17.18,17.97,17.97,1014,52,1.03,0,2,0.0,Clear,clear sky,21
Sáregres,46.7825,18.588889,2026-09-08 21:15:37.351897,22.08,21.52,22.08,22.08,1013,45,4.11,155,0,0.0,Clear,clear sky,21
Simontornya,46.756582,18.540674,2026-09-08 21:15:38.606690,22.0,21.48,22.0,22.0,1013,47,3.97,155,0,0.0,Clear,clear sky,21
Tolnanémedi,46.727778,18.475833,2026-09-08 21:15:39.871931,22.05,21.54,22.05,22.05,1013,47,3.85,154,0,0.0,Clear,clear sky,21
Pincehely,46.681389,18.43,2026-09-08 21:15:41.131696,21.89,21.39,21.89,21.89,1013,48,3.59,151,0,0.0,Clear,clear sky,21
Keszőhidegkút-Gyönk,46.597778,18.426111,2026-09-08 21:15:42.401477,21.86,21.33,21.86,21.86,1013,47,3.42,147,0,0.0,Clear,clear sky,21
Szárazd,46.575556,18.420833,2026-09-08 21:15:43.671071,21.87,21.31,21.87,21.87,1013,46,3.37,146,0,0.0,Clear,clear sky,21
Regöly,46.568889,18.396111,2026-09-08 21:15:44.934974,21.87,21.31,21.87,21.87,1013,46,3.37,146,0,0.0,Clear,clear sky,21
Szakály-Hőgyész,46.523611,18.389444,2026-09-08 21:15:46.197317,21.75,21.18,21.75,21.75,1013,46,3.26,144,0,0.0,Clear,clear sky,21
Dúzs,46.493889,18.377222,2026-09-08 21:15:47.464719,21.77,21.2,21.77,21.77,1013,46,3.23,144,0,0.0,Clear,clear sky,21
Csibrák,46.466667,18.336389,2026-09-08 21:15:48.731409,21.82,21.26,21.82,21.82,1013,46,3.2,144,0,0.0,Clear,clear sky,21
Kurd,46.449167,18.319167,2026-09-08 21:15:50.003324,21.46,20.84,21.46,21.46,1013,45,3.2,144,0,0.0,Clear,clear sky,21
Döbrököz,46.418889,18.255,2026-09-08 21:15:51.269999,21.75,21.16,21.75,21.75,1013,45,3.2,144,0,0.0,Clear,clear sky,21
Dombóvár,46.37,18.149722,2026-09-08 21:15:52.536890,21.73,21.13,21.73,21.73,1013,45,3.18,146,0,0.0,Clear,clear sky,21
Dombóvár alsó,46.363889,18.134167,2026-09-08 21:15:53.803139,21.73,21.13,21.73,21.73,1013,45,3.18,146,0,0.0,Clear,clear sky,21
Somoskőújfalu,48.154722,19.815556,2026-09-08 21:15:55.075050,19.15,18.24,19.15,19.15,1014,43,1.17,123,0,0.0,Clear,clear sky,21
Jászfényszaru,47.593056,19.754444,2026-09-08 21:15:56.344796,19.97,19.09,19.97,19.97,1013,41,2.07,138,0,0.0,Clear,clear sky,21
Pusztamonostor,47.564444,19.794167,2026-09-08 21:15:57.610767,19.96,19.08,19.96,19.96,1013,41,2.34,145,0,0.0,Clear,clear sky,21
Jászberény,47.494444,19.893333,2026-09-08 21:15:58.871929,21.67,20.99,21.67,21.67,1013,42,3.24,157,0,0.0,Clear,clear sky,21
Meggyespele,47.441944,19.938889,2026-09-08 21:16:00.134710,21.63,20.95,21.63,21.63,1013,42,3.69,158,0,0.0,Clear,clear sky,21
Portelek,47.418056,19.958889,2026-09-08 21:16:01.403903,21.6,20.91,21.6,21.6,1013,42,3.78,159,0,0.0,Clear,clear sky,21
Jászboldogháza-Jánoshida,47.366944,20.001389,2026-09-08 21:16:02.678382,21.53,20.84,21.53,21.53,1013,42,3.85,158,0,0.0,Clear,clear sky,21
Jászárokszállás,47.635556,19.971111,2026-09-08 21:16:04.185155,21.75,21.05,21.75,21.75,1014,41,1.6,126,0,0.0,Clear,clear sky,21
Jászdózsa,47.563056,20.028056,2026-09-08 21:16:05.455094,21.72,21.02,21.72,21.72,1014,41,2.31,146,0,0.0,Clear,clear sky,21
Jászapáti,47.513611,20.155,2026-09-08 21:16:06.721085,21.63,20.92,21.63,21.63,1014,41,3.18,154,0,0.0,Clear,clear sky,21
Jászkisér,47.456111,20.203333,2026-09-08 21:16:07.987157,20.01,19.14,20.01,20.01,1014,41,3.71,156,1,0.0,Clear,clear sky,21
Jászladány,47.373333,20.159167,2026-09-08 21:16:09.252641,22.01,21.34,22.01,22.01,1013,41,3.93,156,0,0.0,Clear,clear sky,21
Szászberek,47.320556,20.090833,2026-09-08 21:16:10.515772,22.01,21.34,21.66,22.01,1013,41,3.83,155,0,0.0,Clear,clear sky,21
Gyöngyöshalász,47.743056,19.932222,2026-09-08 21:16:11.776551,21.64,20.93,21.64,21.64,1014,41,1.35,71,0,0.0,Clear,clear sky,21
Gyöngyös,47.783056,19.937222,2026-09-08 21:16:13.043953,21.3,20.56,21.3,21.3,1014,41,1.24,72,0,0.0,Clear,clear sky,21
Erdőtelek,47.683333,20.3025,2026-09-08 21:16:14.305767,21.47,20.74,21.47,21.47,1014,41,1.26,125,1,0.0,Clear,clear sky,21
Heves,47.609444,20.306111,2026-09-08 21:16:15.578938,19.94,19.06,19.94,19.94,1014,41,2.3,147,2,0.0,Clear,clear sky,21
Hevesvezekény,47.562222,20.365833,2026-09-08 21:16:16.850373,19.98,19.23,19.98,19.98,1014,46,2.79,152,3,0.0,Clear,clear sky,21
Tarnaszentmiklós,47.546944,20.390833,2026-09-08 21:16:18.120088,19.99,19.25,19.99,19.99,1014,46,3.11,153,3,0.0,Clear,clear sky,21
Kisköre,47.495556,20.481667,2026-09-08 21:16:19.381356,20.01,19.27,20.01,20.01,1014,46,0.45,142,5,0.0,Clear,clear sky,21
Abádszalók,47.455278,20.553056,2026-09-08 21:16:20.652464,19.99,19.25,19.99,19.99,1014,46,0.45,142,5,0.0,Clear,clear sky,21
Kunhegyes,47.376667,20.641111,2026-09-08 21:16:21.919019,19.99,19.25,19.99,19.99,1014,46,3.74,155,5,0.0,Clear,clear sky,21
Kenderes,47.254444,20.686111,2026-09-08 21:16:23.190624,20.02,19.1,20.02,20.02,1014,39,3.62,151,5,0.0,Clear,clear sky,21
Maklár,47.808056,20.404722,2026-09-08 21:16:24.458730,22.35,21.71,22.35,22.35,1014,41,0.84,110,2,0.0,Clear,clear sky,21
Andornaktálya,47.852203,20.402295,2026-09-08 21:16:25.729537,22.29,21.65,22.29,22.29,1015,41,0.81,106,2,0.0,Clear,clear sky,21
Eger,47.891667,20.381667,2026-09-08 21:16:26.995381,22.2,21.55,22.2,22.23,1015,41,1.02,102,1,0.0,Clear,clear sky,21
Egervár,47.908056,20.380556,2026-09-08 21:16:28.259305,22.02,21.3,22.02,22.04,1015,39,1.08,108,1,0.0,Clear,clear sky,21
Eger-Felnémet,47.936667,20.370556,2026-09-08 21:16:29.522089,22.07,21.35,22.07,22.1,1015,39,1.15,114,1,0.0,Clear,clear sky,21
Szarvaskő,47.988611,20.3325,2026-09-08 21:16:30.794471,21.66,20.9,21.66,21.89,1015,39,1.42,126,0,0.0,Clear,clear sky,21
Mónosbél,48.031944,20.33,2026-09-08 21:16:32.071203,21.49,20.71,21.48,21.71,1015,39,1.46,134,0,0.0,Clear,clear sky,21
Bélapátfalva,48.055556,20.340556,2026-09-08 21:16:33.344737,21.21,20.38,21.19,21.42,1015,38,1.43,137,0,0.0,Clear,clear sky,21
Bélapátfalvi Cementgyár,48.058056,20.355,2026-09-08 21:16:34.613159,21.15,20.31,21.14,21.37,1015,38,1.43,137,0,0.0,Clear,clear sky,21
Szilvásvárad,48.11345,20.37919,2026-09-08 21:16:35.879230,21.07,20.2,21.01,21.24,1015,37,1.09,143,0,0.0,Clear,clear sky,21
Hejőkeresztúr,47.960278,20.869444,2026-09-08 21:16:37.150588,22.58,22.04,22.58,22.58,1014,44,1.52,212,2,0.0,Clear,clear sky,21
Tiszaújváros,47.926111,21.030556,2026-09-08 21:16:38.410986,20.93,20.15,20.93,20.93,1014,41,2.1,179,1,0.0,Clear,clear sky,21
Miskolc-Gömöri,48.106667,20.800278,2026-09-08 21:16:39.679180,22.47,21.92,22.44,22.47,1015,44,1.46,206,1,0.0,Clear,clear sky,21
Sajókeresztúr,48.168008,20.774014,2026-09-08 21:16:40.938734,22.42,21.87,22.39,22.42,1015,44,1.49,194,1,0.0,Clear,clear sky,21
Sajóecseg,48.186111,20.766667,2026-09-08 21:16:42.207713,22.46,21.91,22.43,22.46,1015,44,1.52,187,1,0.0,Clear,clear sky,21
Sajószentpéter,48.222222,20.708056,2026-09-08 21:16:43.473303,22.36,21.8,22.33,22.36,1015,44,1.43,183,1,0.0,Clear,clear sky,21
Kazincbarcika,48.264444,20.6275,2026-09-08 21:16:44.741282,22.37,21.76,22.34,22.57,1015,42,0.75,176,0,0.0,Clear,clear sky,21
Sajókaza,48.272778,20.581944,2026-09-08 21:16:46.001936,22.56,21.94,22.33,22.56,1015,41,0.61,177,0,0.0,Clear,clear sky,21
Vadna,48.276389,20.555278,2026-09-08 21:16:47.267208,22.53,21.91,22.31,22.54,1015,41,0.61,177,0,0.0,Clear,clear sky,21
Dubicsány,48.280833,20.504722,2026-09-08 21:16:48.538075,22.51,21.7,22.3,22.53,1015,34,0.27,172,0,0.0,Clear,clear sky,21
Raposka,46.851389,17.412778,2026-09-08 21:16:49.805503,21.06,20.58,21.06,21.06,1012,52,2.07,153,0,0.0,Clear,clear sky,21
Ivacs,47.641944,19.273889,2026-09-08 21:16:51.073687,23.91,23.17,22.9,24.0,1013,31,2.1,142,0,0.0,Clear,clear sky,21
Kisköre-Tiszahíd,47.480835,20.507698,2026-09-08 21:16:52.338544,19.99,19.25,19.99,19.99,1014,46,0.45,142,5,0.0,Clear,clear sky,21
Rozsály,47.912778,22.7825,2026-09-08 21:16:53.600889,15.03,13.87,15.03,15.03,1015,49,2.3,131,4,0.0,Clear,clear sky,21
Pusztakettős,47.453611,20.749722,2026-09-08 21:16:54.866504,19.99,19.25,19.99,19.99,1014,46,3.62,156,6,0.0,Clear,clear sky,21
Kisvác,47.795278,19.113611,2026-09-08 21:16:56.129190,24.34,23.64,24.23,24.34,1013,31,2.22,136,0,0.0,Clear,clear sky,21
Tiszafüred-Gyártelep,47.6075,20.736111,2026-09-08 21:16:57.389472,19.96,19.21,19.96,19.96,1014,46,3.21,158,6,0.0,Clear,clear sky,21
Újkenéz,48.251111,22.221667,2026-09-08 21:16:58.670817,19.52,18.65,19.52,19.52,1014,43,3.2,141,0,0.0,Clear,clear sky,21
Püspökladány-Vásártér,47.319167,21.096111,2026-09-08 21:16:59.938941,21.06,20.24,21.06,21.06,1014,39,3.64,156,6,0.0,Clear,clear sky,21
Végegyháza alsó,46.3675,20.866944,2026-09-08 21:17:01.202880,22.27,21.6,22.27,22.27,1014,40,3.62,162,2,0.0,Clear,clear sky,21
Orosháza felső,46.553611,20.655278,2026-09-08 21:17:02.466351,21.1,20.18,21.1,21.1,1013,35,3.75,157,0,0.0,Clear,clear sky,21
Ambrózfalva,46.353056,20.740556,2026-09-08 21:17:03.737995,20.76,19.91,20.76,20.76,1014,39,3.67,158,1,0.0,Clear,clear sky,21
Alsónyék,46.199444,18.738056,2026-09-08 21:17:05.007024,21.47,20.82,21.47,21.47,1013,44,3.16,150,0,0.0,Clear,clear sky,21
Tompapuszta,46.321389,20.966389,2026-09-08 21:17:06.276594,22.26,23.15,20.06,22.26,1014,100,3.55,162,2,0.0,Clear,clear sky,21
Halászlak,46.911879,20.56228,2026-09-08 21:17:07.548982,21.45,20.56,21.45,21.45,1013,35,3.66,150,0,0.0,Clear,clear sky,21
Sirató,46.840556,20.61,2026-09-08 21:17:08.815630,21.4,20.48,21.4,21.4,1013,34,3.68,151,0,0.0,Clear,clear sky,21
Csabacsűd felső,46.829167,20.649167,2026-09-08 21:17:10.083448,21.35,20.45,21.35,21.35,1013,35,3.66,151,0,0.0,Clear,clear sky,21
Orosháza-Üveggyár,46.579979,20.683644,2026-09-08 21:17:11.349809,21.07,20.15,21.07,21.07,1013,35,3.73,157,0,0.0,Clear,clear sky,21
Gyulai városerdő,46.69482,21.32281,2026-09-08 21:17:12.616335,20.58,19.71,20.58,20.58,1014,39,3.15,140,3,0.0,Clear,clear sky,21
Kórógyszentgyörgy,46.564377,20.224998,2026-09-08 21:17:13.879552,23.9,23.02,23.9,23.91,1013,26,3.81,157,0,0.0,Clear,clear sky,21
Kunszállás,46.784444,19.767222,2026-09-08 21:17:15.154453,20.73,19.77,19.94,23.75,1013,35,2.57,160,0,0.0,Clear,clear sky,21
Selymes,46.655321,19.8534,2026-09-08 21:17:16.417253,20.0,18.97,20.0,23.81,1013,35,4.05,156,0,0.0,Clear,clear sky,21
Petőfiszállási tanyák,46.587805,19.874509,2026-09-08 21:17:17.684920,20.04,19.01,20.04,21.12,1013,35,4.02,157,0,0.0,Clear,clear sky,21
Kisteleki szőlők,46.514199,19.92868,2026-09-08 21:17:18.945516,21.11,20.19,20.03,21.11,1013,35,3.95,158,0,0.0,Clear,clear sky,21
Kapitányság,46.435336,19.987564,2026-09-08 21:17:20.212810,21.13,20.19,21.13,21.13,1013,34,3.86,159,0,0.0,Clear,clear sky,21
Őszeszék,46.39025,20.016017,2026-09-08 21:17:21.478521,21.16,20.22,21.16,21.16,1014,34,3.79,158,0,0.0,Clear,clear sky,21
Vilmaszállás,46.366389,20.030833,2026-09-08 21:17:22.744747,21.14,20.2,21.14,21.14,1014,34,3.13,134,0,0.0,Clear,clear sky,21
Jánosszállás,46.334359,20.051199,2026-09-08 21:17:24.007922,21.17,20.23,21.17,21.17,1014,34,3.76,157,0,0.0,Clear,clear sky,21
Felsőpakony,47.343056,19.230556,2026-09-08 21:17:25.273819,20.77,20.0,19.99,23.91,1013,42,3.09,100,0,0.0,Clear,clear sky,21
Felsőméntelek,46.987074,19.557745,2026-09-08 21:17:26.545351,21.88,21.04,21.88,21.88,1013,35,2.57,160,0,0.0,Clear,clear sky,21
Alsóméntelek,46.961558,19.579121,2026-09-08 21:17:27.814742,21.91,21.07,21.91,21.91,1013,35,2.57,160,0,0.0,Clear,clear sky,21
Nagynyír,46.943319,19.585447,2026-09-08 21:17:29.081014,21.9,21.06,21.9,21.9,1013,35,2.57,160,0,0.0,Clear,clear sky,21
Úrihegy,46.917778,19.621389,2026-09-08 21:17:30.347482,21.93,21.09,19.82,21.93,1013,35,2.57,160,0,0.0,Clear,clear sky,21
Miklóstelep,46.913412,19.630913,2026-09-08 21:17:31.617507,21.94,21.1,19.84,21.94,1013,35,2.57,160,0,0.0,Clear,clear sky,21
Tiszajenő alsó,47.016944,20.134444,2026-09-08 21:17:32.885043,21.68,21.03,21.68,22.02,1013,43,2.57,140,0,0.0,Clear,clear sky,21
Óbög,46.987222,20.111111,2026-09-08 21:17:34.151799,21.77,21.07,21.66,22.17,1013,41,2.57,140,0,0.0,Clear,clear sky,21
Árpádszállás,46.866456,19.989163,2026-09-08 21:17:35.415441,22.1,21.28,21.59,22.1,1013,35,2.57,160,0,0.0,Clear,clear sky,21
Tőserdő,46.851111,19.980278,2026-09-08 21:17:36.687186,22.12,21.3,21.61,22.12,1013,35,2.57,160,0,0.0,Clear,clear sky,21
Tiszaalpár felső,46.836256,19.976753,2026-09-08 21:17:37.954176,23.15,22.3,22.14,23.85,1013,30,2.57,160,0,0.0,Clear,clear sky,21
Borsihalom,46.773056,19.92,2026-09-08 21:17:39.227223,23.26,22.29,22.13,23.84,1013,25,3.99,156,0,0.0,Clear,clear sky,21
Petőfiváros,46.725556,19.848611,2026-09-08 21:17:40.490329,20.01,18.98,19.99,23.81,1014,35,4.05,155,0,0.0,Clear,clear sky,21
Csorna,47.601944,17.248889,2026-09-08 21:17:41.766029,23.07,22.74,23.07,23.07,1011,50,3.93,183,0,0.0,Clear,clear sky,21
Szorgalmatos,47.986667,21.366389,2026-09-08 21:17:43.027142,20.75,19.9,20.75,20.75,1014,39,2.58,162,0,0.0,Clear,clear sky,21
Fótfürdő,47.6225,19.200556,2026-09-08 21:17:44.296508,23.91,23.24,22.9,24.0,1013,34,2.08,150,0,0.0,Clear,clear sky,21
Fenyveshegy,47.818333,19.068056,2026-09-08 21:17:45.560523,20.1,19.18,20.1,24.41,1013,39,2.25,136,0,0.0,Clear,clear sky,21
Hűvösvölgy,47.541202,18.96351,2026-09-08 21:17:46.832304,22.95,22.32,22.44,23.54,1012,39,3.13,161,0,0.0,Clear,clear sky,21
Hárshegy,47.535318,18.961433,2026-09-08 21:17:48.086193,22.95,22.32,22.44,23.54,1012,39,3.13,161,0,0.0,Clear,clear sky,21
Szépjuhászné,47.528277,18.955246,2026-09-08 21:17:49.345186,22.04,21.32,21.55,22.65,1012,39,3.13,161,0,0.0,Clear,clear sky,21
Jánoshegy,47.51433,18.95047,2026-09-08 21:17:50.604002,21.94,21.21,21.46,22.56,1012,39,3.13,161,0,0.0,Clear,clear sky,21
Virágvölgy,47.505965,18.95876,2026-09-08 21:17:51.873219,21.6,20.83,21.15,22.25,1012,39,3.13,161,0,0.0,Clear,clear sky,21
Csillebérc,47.498196,18.961694,2026-09-08 21:17:53.142554,21.35,20.56,20.91,22.02,1012,39,3.13,161,0,0.0,Clear,clear sky,21
Normafa,47.5,18.970558,2026-09-08 21:17:54.426273,21.39,20.6,20.97,22.07,1012,39,3.13,161,0,0.0,Clear,clear sky,21
Széchenyihegy,47.49413,18.977049,2026-09-08 21:17:55.697198,21.39,20.6,20.99,22.09,1013,39,3.13,161,0,0.0,Clear,clear sky,21
Balatonfőkajár felső,47.031389,18.215278,2026-09-08 21:17:56.971254,19.62,19.54,19.62,19.62,1012,73,2.31,159,0,0.0,Clear,clear sky,21
Piroska,47.148333,20.129722,2026-09-08 21:17:58.244521,21.68,21.03,21.68,22.02,1013,43,2.57,140,0,0.0,Clear,clear sky,21
Somodor,46.4725,17.836667,2026-09-08 21:17:59.511713,21.69,21.17,21.69,21.69,1013,48,3.44,149,0,0.0,Clear,clear sky,21
Középmező,45.995833,18.668889,2026-09-08 21:18:00.776450,21.25,20.68,21.25,21.25,1013,48,2.82,126,0,0.0,Clear,clear sky,21
Jobbágyi,47.828889,19.6875,2026-09-08 21:18:02.043302,21.66,20.95,21.66,21.66,1013,41,1.67,98,0,0.0,Clear,clear sky,21
Ferihegy,47.437222,19.223889,2026-09-08 21:18:03.312518,23.31,22.77,23.13,24.24,1013,41,2.98,158,0,0.0,Clear,clear sky,21
Máriapócs,47.852778,22.019167,2026-09-08 21:18:04.580158,19.51,18.61,19.51,19.51,1015,42,3.17,162,2,0.0,Clear,clear sky,21
Máriaudvar,47.751944,19.165,2026-09-08 21:18:05.846306,24.37,23.67,24.26,24.37,1013,31,2.03,136,0,0.0,Clear,clear sky,21
Nagyberki,46.353333,18.004167,2026-09-08 21:18:07.125184,21.61,21.03,21.61,21.61,1013,46,3.14,150,0,0.0,Clear,clear sky,21
Badacsonytomaj,46.804722,17.518056,2026-09-08 21:18:08.394504,22.31,21.98,22.31,22.31,1012,53,1.87,150,0,0.0,Clear,clear sky,21
Badacsony,46.788611,17.506389,2026-09-08 21:18:09.659173,21.11,20.63,21.11,21.11,1012,52,1.95,154,0,0.0,Clear,clear sky,21
Badacsonylábdihegy,46.793889,17.470833,2026-09-08 21:18:10.922458,21.08,20.6,21.08,21.08,1012,52,1.95,154,0,0.0,Clear,clear sky,21
Badacsonytördemic-Szigliget,46.809722,17.469167,2026-09-08 21:18:12.183291,21.03,20.55,21.03,21.03,1012,52,1.88,151,0,0.0,Clear,clear sky,21
Nemesgulács-Kisapáti,46.836944,17.476389,2026-09-08 21:18:13.445487,21.07,20.59,21.07,21.07,1012,52,1.85,148,0,0.0,Clear,clear sky,21
Tapolca,46.877778,17.428611,2026-09-08 21:18:14.707249,20.99,20.48,20.99,20.99,1012,51,2.14,151,0,0.0,Clear,clear sky,21
Uzsabánya alsó,46.898333,17.345278,2026-09-08 21:18:15.971378,20.79,20.26,20.79,20.79,1012,51,2.46,152,0,0.0,Clear,clear sky,21
Uzsa,46.920278,17.331667,2026-09-08 21:18:17.242127,20.75,20.21,20.75,20.75,1012,51,2.6,152,0,0.0,Clear,clear sky,21
Sümegi Bazaltbánya,46.9525,17.2925,2026-09-08 21:18:18.504599,22.19,21.77,22.19,22.19,1012,50,2.85,153,0,0.0,Clear,clear sky,21
Sümeg,46.981111,17.270833,2026-09-08 21:18:19.764283,22.39,21.99,22.39,22.39,1012,50,3.11,155,0,0.0,Clear,clear sky,21
Gógánfa,47.021111,17.207778,2026-09-08 21:18:21.029386,22.43,22.03,22.43,22.43,1012,50,3.36,157,0,0.0,Clear,clear sky,21
Ukk,47.041944,17.195833,2026-09-08 21:18:22.296797,22.5,22.11,22.5,22.5,1012,50,3.43,159,0,0.0,Clear,clear sky,21
Nemeskeresztúr,47.093611,17.183611,2026-09-08 21:18:23.561397,22.48,22.09,22.48,22.48,1012,50,3.57,161,0,0.0,Clear,clear sky,21
Jánosháza,47.115833,17.171667,2026-09-08 21:18:24.825469,22.57,22.19,22.57,22.57,1012,50,3.63,163,0,0.0,Clear,clear sky,21
Keszthely,46.758333,17.248056,2026-09-08 21:18:26.094512,21.08,20.71,21.08,21.08,1012,56,1.54,170,0,0.0,Clear,clear sky,21
Alsógyenes,46.765844,17.276435,2026-09-08 21:18:27.361483,21.08,20.71,21.08,21.08,1012,56,1.54,170,0,0.0,Clear,clear sky,21
Gyenesdiás,46.763333,17.292778,2026-09-08 21:18:28.621406,21.08,20.71,21.08,21.08,1012,56,1.54,170,0,0.0,Clear,clear sky,21
Vonyarcvashegy,46.755278,17.318333,2026-09-08 21:18:29.889770,21.09,20.72,21.09,21.09,1012,56,1.54,170,0,0.0,Clear,clear sky,21
Balatongyörök,46.751944,17.354444,2026-09-08 21:18:31.168313,21.11,20.74,21.11,21.11,1012,56,1.54,170,0,0.0,Clear,clear sky,21
Becehegy,46.776111,17.372778,2026-09-08 21:18:32.436620,21.08,20.71,21.08,21.08,1012,56,1.54,170,0,0.0,Clear,clear sky,21
Balatonederics,46.8025,17.385,2026-09-08 21:18:33.697260,21.03,20.55,21.03,21.03,1012,52,2.13,156,0,0.0,Clear,clear sky,21
Dabronc,47.025766,17.167006,2026-09-08 21:18:34.969408,22.46,22.07,22.46,22.46,1012,50,3.35,158,0,0.0,Clear,clear sky,21
Türje,46.994444,17.093611,2026-09-08 21:18:36.236583,22.4,22.0,22.4,22.4,1012,50,3.2,158,0,0.0,Clear,clear sky,21
Zalabér-Batyk,46.983056,17.040833,2026-09-08 21:18:37.502339,22.45,22.08,22.45,22.45,1012,51,3.02,157,0,0.0,Clear,clear sky,21
Pakod,46.959167,16.996667,2026-09-08 21:18:38.768892,22.34,21.96,22.34,22.34,1012,51,3.01,157,0,0.0,Clear,clear sky,21
Pókaszepetk,46.924444,16.972222,2026-09-08 21:18:40.037515,22.4,22.03,22.4,22.4,1012,51,2.87,154,0,0.0,Clear,clear sky,21
Kemendollár,46.905833,16.946667,2026-09-08 21:18:41.305368,20.91,20.39,20.91,20.91,1012,51,2.87,154,0,0.0,Clear,clear sky,21
Zalaegerszeg,46.833056,16.848333,2026-09-08 21:18:42.575440,20.73,20.22,20.73,20.73,1012,52,2.46,153,0,0.0,Clear,clear sky,21
Bocfölde,46.780278,16.853611,2026-09-08 21:18:43.851001,20.79,20.28,20.79,20.79,1012,52,2.3,151,0,0.0,Clear,clear sky,21
Sárhida,46.755833,16.851389,2026-09-08 21:18:45.117688,20.75,20.26,20.75,20.75,1012,53,2.1,150,0,0.0,Clear,clear sky,21
Bak,46.7325,16.849167,2026-09-08 21:18:46.380364,20.77,20.31,20.77,20.77,1012,54,2.01,149,0,0.0,Clear,clear sky,21
Tófej,46.670833,16.801944,2026-09-08 21:18:47.644641,20.61,20.16,20.61,20.61,1012,55,1.74,144,0,0.0,Clear,clear sky,21
Gutorfölde,46.646944,16.739722,2026-09-08 21:18:48.911234,21.68,21.37,21.68,21.68,1012,56,1.52,139,0,0.0,Clear,clear sky,21
Csömödér-Páka,46.608056,16.641111,2026-09-08 21:18:50.184894,21.82,21.57,21.82,21.82,1012,58,1.44,135,0,0.0,Clear,clear sky,21
Iklódbördőce,46.603056,16.604722,2026-09-08 21:18:51.449729,21.64,21.37,21.64,21.64,1012,58,1.44,142,0,0.0,Clear,clear sky,21
Lenti,46.621389,16.528611,2026-09-08 21:18:52.710958,21.84,21.65,21.84,21.84,1012,60,1.48,156,0,0.0,Clear,clear sky,21
Rédics,46.618056,16.471111,2026-09-08 21:18:53.973723,21.83,21.64,21.83,21.83,1012,60,1.49,161,0,0.0,Clear,clear sky,21
Zalalövő,46.845556,16.576389,2026-09-08 21:18:55.246915,21.84,21.59,21.84,21.84,1012,58,2.22,179,0,0.0,Clear,clear sky,21
Zalaegerszeg-Ola,46.849167,16.844722,2026-09-08 21:18:56.518118,22.07,21.69,22.07,22.07,1012,52,2.46,153,0,0.0,Clear,clear sky,21
Andráshida,46.863116,16.7792,2026-09-08 21:18:57.780377,22.04,21.68,22.04,22.04,1012,53,2.56,155,0,0.0,Clear,clear sky,21
Bagod,46.875,16.746111,2026-09-08 21:18:59.047315,22.13,21.81,22.13,22.13,1012,54,2.48,159,0,0.0,Clear,clear sky,21
Zalaszentgyörgy,46.872222,16.7125,2026-09-08 21:19:00.308468,22.07,21.77,22.07,22.07,1012,55,2.46,162,0,0.0,Clear,clear sky,21
Zalacséb-Salomvár,46.858056,16.662222,2026-09-08 21:19:01.571042,21.82,21.49,21.82,21.82,1012,55,2.44,165,0,0.0,Clear,clear sky,21
Kópháza,47.631389,16.6375,2026-09-08 21:19:02.837528,24.1,23.92,22.52,24.1,1010,52,4.69,206,0,0.0,Clear,clear sky,21
Nagycenk,47.601111,16.690278,2026-09-08 21:19:04.103448,24.21,24.04,24.21,24.21,1011,52,4.38,207,0,0.0,Clear,clear sky,21
Sopronkövesd,47.548333,16.748056,2026-09-08 21:19:05.363452,24.04,23.81,24.04,24.04,1011,50,3.96,208,0,0.0,Clear,clear sky,21
Lövő,47.509444,16.7775,2026-09-08 21:19:06.654015,24.08,23.85,24.08,24.08,1011,50,3.86,204,0,0.0,Clear,clear sky,21
Újkér,47.457778,16.786667,2026-09-08 21:19:07.930596,24.1,23.87,24.1,24.1,1011,50,3.7,207,0,0.0,Clear,clear sky,21
Bük,47.388611,16.752222,2026-09-08 21:19:09.197974,24.16,23.94,24.16,24.16,1011,50,3.36,216,0,0.0,Clear,clear sky,21
Acsád,47.308333,16.734722,2026-09-08 21:19:10.459859,23.91,23.66,23.91,23.91,1011,50,3.06,218,0,0.0,Clear,clear sky,21
Salköveskút-Vassurány,47.291389,16.704167,2026-09-08 21:19:11.723514,23.92,23.67,23.92,23.92,1011,50,3.01,215,0,0.0,Clear,clear sky,21
Zalaszentiván,46.8875,16.909444,2026-09-08 21:19:12.985401,20.89,20.37,20.89,20.89,1012,51,2.77,153,0,0.0,Clear,clear sky,21
Alsónemesapáti,46.854167,16.936389,2026-09-08 21:19:14.254835,20.88,20.36,20.88,20.88,1012,51,2.72,152,0,0.0,Clear,clear sky,21
Józsa,47.600833,21.584444,2026-09-08 21:19:15.515437,17.86,17.06,17.86,17.86,1014,52,1.03,0,1,0.0,Clear,clear sky,21
Hajdúszentgyörgy,47.608056,21.578333,2026-09-08 21:19:16.782037,17.83,17.03,17.83,17.83,1014,52,1.03,0,1,0.0,Clear,clear sky,21
Zelemér,47.627778,21.578333,2026-09-08 21:19:18.042719,17.78,16.97,17.78,17.78,1014,52,1.03,0,1,0.0,Clear,clear sky,21
Hajdúböszörmény,47.668056,21.524167,2026-09-08 21:19:19.306626,17.81,16.74,17.81,17.81,1014,42,3.33,153,0,0.0,Clear,clear sky,21
Hajdúvid,47.749444,21.508056,2026-09-08 21:19:20.566961,20.23,19.41,20.23,20.23,1014,42,3.45,157,0,0.0,Clear,clear sky,21
Hajdúdorog,47.805556,21.493056,2026-09-08 21:19:21.833144,20.23,19.38,20.23,20.23,1014,41,3.44,159,0,0.0,Clear,clear sky,21
Hajdúnánás,47.831944,21.426667,2026-09-08 21:19:23.108553,20.41,19.55,20.41,20.41,1014,40,3.35,160,0,0.0,Clear,clear sky,21
Hajdúnánás-Vásártér,47.843056,21.407222,2026-09-08 21:19:24.374318,20.41,19.55,20.41,20.41,1014,40,3.35,160,0,0.0,Clear,clear sky,21
Tedej,47.903611,21.404444,2026-09-08 21:19:25.648892,20.41,19.52,20.41,20.41,1014,39,3.08,161,0,0.0,Clear,clear sky,21
Tiszavasvári,47.945278,21.374722,2026-09-08 21:19:26.910575,20.44,19.56,20.44,20.44,1014,39,2.9,162,0,0.0,Clear,clear sky,21
Egyházerdő,47.9725,21.365,2026-09-08 21:19:28.174109,20.46,19.58,20.46,20.46,1014,39,2.75,162,0,0.0,Clear,clear sky,21
Tiszalök,48.013056,21.369167,2026-09-08 21:19:29.434025,20.45,19.54,20.45,20.45,1014,38,2.42,162,0,0.0,Clear,clear sky,21
Hajnalos,47.998889,21.414167,2026-09-08 21:19:30.702345,20.43,19.52,20.43,20.43,1014,38,2.63,162,0,0.0,Clear,clear sky,21
Kisfástanya,47.989167,21.47,2026-09-08 21:19:31.972201,20.36,19.44,20.36,20.36,1014,38,2.69,162,0,0.0,Clear,clear sky,21
Tiszaeszlár,48.010556,21.491944,2026-09-08 21:19:33.237240,20.35,19.43,20.35,20.35,1014,38,2.57,163,0,0.0,Clear,clear sky,21
Bashalom,48.026111,21.514722,2026-09-08 21:19:34.498854,20.39,19.48,20.39,20.39,1014,38,2.39,163,0,0.0,Clear,clear sky,21
Sáránd,47.415556,21.625,2026-09-08 21:19:35.765691,18.01,17.22,18.01,18.01,1014,52,1.03,0,2,0.0,Clear,clear sky,21
Derecske,47.365,21.584167,2026-09-08 21:19:37.037222,18.08,17.3,18.08,18.08,1014,52,1.03,0,3,0.0,Clear,clear sky,21
Derecske-Vásártér,47.352222,21.58,2026-09-08 21:19:38.307287,18.08,17.3,18.08,18.08,1014,52,1.03,0,3,0.0,Clear,clear sky,21
Konyár,47.323611,21.666111,2026-09-08 21:19:39.569600,18.05,17.27,18.05,18.05,1014,52,1.03,0,2,0.0,Clear,clear sky,21
Konyári Sóstófürdő,47.324167,21.744444,2026-09-08 21:19:40.853696,18.06,17.07,18.06,18.06,1015,44,2.88,145,2,0.0,Clear,clear sky,21
Pocsaj-Esztár,47.288333,21.793056,2026-09-08 21:19:42.121288,18.05,17.03,18.05,19.13,1015,43,2.81,144,2,0.0,Clear,clear sky,21
Kismarja,47.243889,21.813889,2026-09-08 21:19:43.385383,19.13,18.22,19.13,19.24,1015,43,2.88,145,1,0.0,Clear,clear sky,21
Nagykereki,47.191667,21.8,2026-09-08 21:19:44.644816,19.12,18.21,19.12,19.23,1015,43,2.95,146,1,0.0,Clear,clear sky,21
Debrecen-Szabadságtelep,47.527778,21.658611,2026-09-08 21:19:45.912799,17.89,17.09,17.89,17.89,1014,52,1.03,0,2,0.0,Clear,clear sky,21
Kondoroskert,47.525556,21.713889,2026-09-08 21:19:47.178502,17.92,17.13,17.92,17.92,1014,52,1.03,0,3,0.0,Clear,clear sky,21
Nagycsere,47.523889,21.763056,2026-09-08 21:19:48.449300,17.9,17.1,17.9,17.9,1014,52,1.03,0,3,0.0,Clear,clear sky,21
Haláp,47.521667,21.818333,2026-09-08 21:19:49.709790,17.9,17.1,17.9,17.9,1014,52,1.03,0,3,0.0,Clear,clear sky,21
Vámospércs,47.518056,21.893889,2026-09-08 21:19:50.974255,17.84,16.85,17.84,17.84,1014,45,2.68,140,4,0.0,Clear,clear sky,21
Szentannapuszta,47.52,21.965833,2026-09-08 21:19:52.237512,17.79,16.8,17.79,17.79,1015,45,2.64,140,4,0.0,Clear,clear sky,21
Nyírábrány,47.523889,22.016944,2026-09-08 21:19:53.505300,19.21,18.36,19.21,19.21,1015,45,2.61,141,4,0.0,Clear,clear sky,21
Dombostanya,47.602778,21.706389,2026-09-08 21:19:54.764564,17.82,17.02,17.82,17.82,1014,52,1.03,0,2,0.0,Clear,clear sky,21
Hajdúsámson,47.608056,21.755278,2026-09-08 21:19:56.028923,17.82,17.02,17.82,17.82,1014,52,1.03,0,3,0.0,Clear,clear sky,21
Tamásipuszta,47.632778,21.796111,2026-09-08 21:19:57.289901,17.77,16.78,17.77,17.77,1014,45,2.82,148,3,0.0,Clear,clear sky,21
Aradványpuszta,47.662778,21.8425,2026-09-08 21:19:58.559752,17.72,16.7,17.72,17.72,1014,44,2.84,150,3,0.0,Clear,clear sky,21
Nyíradony,47.699444,21.903333,2026-09-08 21:19:59.825388,19.29,18.42,19.29,19.29,1014,44,2.87,155,3,0.0,Clear,clear sky,21
Nyírmihálydi,47.7375,21.958889,2026-09-08 21:20:01.092138,19.21,18.34,19.21,19.21,1015,44,2.9,158,3,0.0,Clear,clear sky,21
Nyírgelse,47.750833,21.987778,2026-09-08 21:20:02.365435,19.1,18.21,19.1,19.1,1015,44,2.93,159,3,0.0,Clear,clear sky,21
Nyírbogát,47.793056,22.066389,2026-09-08 21:20:03.625109,19.06,18.17,19.06,19.06,1015,44,2.95,161,3,0.0,Clear,clear sky,21
Nagykálló,47.871111,21.825833,2026-09-08 21:20:04.897101,19.66,18.78,19.66,19.66,1014,42,3.43,163,1,0.0,Clear,clear sky,21
Kállósemjén,47.854722,21.935,2026-09-08 21:20:06.162308,19.47,18.57,19.47,19.47,1014,42,3.3,162,2,0.0,Clear,clear sky,21
Nyírbátor,47.8425,22.131111,2026-09-08 21:20:07.422894,18.96,18.06,18.96,18.96,1015,44,2.96,162,2,0.0,Clear,clear sky,21
Nyírcsászári,47.865556,22.179167,2026-09-08 21:20:08.690603,18.89,18.01,18.89,18.89,1015,45,2.89,161,2,0.0,Clear,clear sky,21
Hodász,47.896111,22.213611,2026-09-08 21:20:09.962748,18.8,17.94,18.8,18.8,1015,46,2.79,160,2,0.0,Clear,clear sky,21
Nyírmeggyes,47.9225,22.256667,2026-09-08 21:20:11.229791,18.85,17.99,18.85,18.85,1015,46,2.77,158,2,0.0,Clear,clear sky,21
Mátészalka,47.951389,22.313333,2026-09-08 21:20:12.498235,18.86,18.0,18.86,18.86,1015,46,2.74,155,2,0.0,Clear,clear sky,21
Kocsord,47.941944,22.375833,2026-09-08 21:20:13.760763,18.81,18.0,18.81,18.81,1015,48,2.5,154,3,0.0,Clear,clear sky,21
Kocsord alsó,47.946389,22.400556,2026-09-08 21:20:15.028985,18.81,18.0,18.81,18.81,1015,48,2.5,154,3,0.0,Clear,clear sky,21
Győrtelek,47.936667,22.424722,2026-09-08 21:20:16.298629,18.75,17.93,18.75,18.75,1015,48,2.46,153,3,0.0,Clear,clear sky,21
Győrtelek alsó,47.921111,22.443333,2026-09-08 21:20:17.576005,18.63,17.83,18.63,18.63,1015,49,2.38,154,4,0.0,Clear,clear sky,21
Ököritófülpös,47.911389,22.495,2026-09-08 21:20:18.843266,18.57,17.79,18.57,18.57,1015,50,2.34,152,4,0.0,Clear,clear sky,21
Porcsalma-Tyukod,47.868056,22.568333,2026-09-08 21:20:20.106327,15.05,13.94,15.05,15.05,1015,51,2.25,152,5,0.0,Clear,clear sky,21
Csenger,47.826111,22.666389,2026-09-08 21:20:21.366150,15.04,13.98,15.04,15.04,1015,53,2.25,150,5,0.0,Clear,clear sky,21
Kisfái,46.888303,19.807366,2026-09-08 21:20:22.645262,22.02,21.19,19.92,22.02,1013,35,2.57,160,0,0.0,Clear,clear sky,21
Nyárlőrinci szőlők,46.8775,19.828333,2026-09-08 21:20:23.914792,21.64,20.77,19.92,23.73,1013,35,2.57,160,0,0.0,Clear,clear sky,21
Nyárlőrinc alsó,46.863889,19.878889,2026-09-08 21:20:25.188306,21.52,20.64,19.94,23.75,1013,35,2.57,160,0,0.0,Clear,clear sky,21
Tiszaug-Tiszahídfő,46.866106,20.052098,2026-09-08 21:20:26.462326,23.61,22.68,21.7,23.91,1013,25,3.94,156,0,0.0,Clear,clear sky,21
Csongrádi úti tanyák,46.690278,19.921667,2026-09-08 21:20:27.737690,23.86,22.95,22.16,23.86,1013,25,3.98,156,0,0.0,Clear,clear sky,21
Kettőshalom,46.689167,20.0225,2026-09-08 21:20:29.022626,23.9,23.0,23.89,23.9,1012,25,3.92,157,0,0.0,Clear,clear sky,21
Csongrád alsó,46.711389,20.126389,2026-09-08 21:20:30.286217,23.9,23.0,23.89,23.9,1012,25,3.87,156,0,0.0,Clear,clear sky,21
Dónát,46.66988,20.368168,2026-09-08 21:20:31.549958,23.91,23.04,23.91,23.92,1013,26,3.58,156,0,0.0,Clear,clear sky,21
Pusztatemplom,46.676667,20.407222,2026-09-08 21:20:32.817120,23.9,23.02,23.9,23.9,1013,26,3.58,156,0,0.0,Clear,clear sky,21
Előhát,47.364722,20.653611,2026-09-08 21:20:34.093804,20.0,19.28,20.0,20.0,1014,47,3.73,154,5,0.0,Clear,clear sky,21
Polgárdi-Tekerespuszta,47.017778,18.297778,2026-09-08 21:20:35.368900,19.84,19.24,19.84,19.84,1012,52,3.02,160,0,0.0,Clear,clear sky,21
Szatina-Kishajmás,46.202778,18.083611,2026-09-08 21:20:36.630522,23.25,22.78,23.25,23.25,1013,44,3.08,141,0,0.0,Clear,clear sky,21
Márok,45.886944,18.499167,2026-09-08 21:20:37.899499,23.47,23.26,19.47,23.47,1013,53,2.99,116,0,0.0,Clear,clear sky,21
Nagynyárád,45.953333,18.564722,2026-09-08 21:20:39.167220,23.53,23.24,23.53,23.53,1013,50,2.58,120,0,0.0,Clear,clear sky,21
Szászvár,46.2875,18.369722222222222,2026-09-08 21:20:40.433110,20.84,20.13,20.84,20.84,1013,44,3.13,150,0,0.0,Clear,clear sky,21
Cikó,46.263514,18.557605,2026-09-08 21:20:41.694260,21.04,20.35,21.04,21.04,1013,44,3.02,157,0,0.0,Clear,clear sky,21
Gyöngyfa-Magyarmecske,45.983889,17.958889,2026-09-08 21:20:42.961432,23.57,23.13,23.57,23.57,1013,44,3.66,120,0,0.0,Clear,clear sky,21
Nagyhát,47.581389,21.445,2026-09-08 21:20:44.222115,17.92,17.13,17.92,17.92,1014,52,1.03,0,1,0.0,Clear,clear sky,21
Balmazújváros,47.613889,21.348056,2026-09-08 21:20:45.489165,18.1,17.06,18.1,18.1,1014,42,3.42,155,0,0.0,Clear,clear sky,21
Kónya,47.600833,21.2375,2026-09-08 21:20:46.755366,20.6,19.81,20.6,20.6,1014,42,3.46,156,2,0.0,Clear,clear sky,21
Hortobágy,47.586111,21.154722,2026-09-08 21:20:48.021429,20.68,19.87,20.68,20.68,1014,41,3.48,158,3,0.0,Clear,clear sky,21
Hortobágyi Halastó,47.604167,21.074167,2026-09-08 21:20:49.282459,20.74,19.94,20.74,20.74,1014,41,3.48,159,4,0.0,Clear,clear sky,21
Ohat-Pusztakócs,47.623333,20.951111,2026-09-08 21:20:50.549841,20.81,20.02,20.81,20.81,1014,41,3.39,161,6,0.0,Clear,clear sky,21
Egyek,47.616944,20.883611,2026-09-08 21:20:51.827853,19.97,19.09,19.97,19.97,1014,41,3.29,160,6,0.0,Clear,clear sky,21
Tiszafüred,47.627778,20.756111,2026-09-08 21:20:53.092587,19.97,19.09,19.97,19.97,1014,41,3.13,159,6,0.0,Clear,clear sky,21
Poroszló,47.657778,20.654444,2026-09-08 21:20:54.357163,19.98,19.1,19.98,19.98,1014,41,2.65,156,5,0.0,Clear,clear sky,21
Kétútköz,47.694167,20.565,2026-09-08 21:20:55.618523,19.95,19.07,19.95,19.95,1014,41,1.91,153,5,0.0,Clear,clear sky,21
Egerfarmos,47.711667,20.5225,2026-09-08 21:20:56.883128,19.93,19.05,19.93,19.93,1014,41,1.65,148,4,0.0,Clear,clear sky,21
Piliscsaba,47.638056,18.829722,2026-09-08 21:20:58.140228,23.25,22.6,21.98,23.55,1012,37,2.77,141,0,0.0,Clear,clear sky,21
Pilisjászfalu,47.656111,18.797778,2026-09-08 21:20:59.409154,23.62,23.0,22.23,23.81,1012,37,2.92,140,0,0.0,Clear,clear sky,21
Leányvár,47.687594,18.772553,2026-09-08 21:21:00.671716,23.88,23.29,23.11,23.97,1012,37,3.04,140,0,0.0,Clear,clear sky,21
Dorog,47.723333,18.732778,2026-09-08 21:21:01.938038,24.14,23.6,23.33,24.19,1011,38,3.21,141,0,0.0,Clear,clear sky,21
Esztergom-Kertváros,47.743333,18.719167,2026-09-08 21:21:03.204798,24.23,23.7,24.23,24.23,1011,38,3.23,141,0,0.0,Clear,clear sky,21
Esztergom,47.7775,18.743611,2026-09-08 21:21:04.468706,24.29,23.77,24.29,24.29,1011,38,3.07,141,0,0.0,Clear,clear sky,21
Dunaalmás,47.733056,18.326389,2026-09-08 21:21:05.733045,22.62,22.01,22.62,22.62,1012,41,4.04,148,0,0.0,Clear,clear sky,21
Neszmély,47.734444,18.345278,2026-09-08 21:21:07.005193,22.62,22.01,22.62,22.62,1012,41,4.04,148,0,0.0,Clear,clear sky,21
Süttő,47.761111,18.455,2026-09-08 21:21:08.266367,22.52,21.87,22.52,22.52,1011,40,3.64,145,0,0.0,Clear,clear sky,21
Piszke,47.75307,18.478017,2026-09-08 21:21:09.532237,22.53,21.88,22.53,22.53,1011,40,3.56,144,0,0.0,Clear,clear sky,21
Lábatlan,47.751944,18.513333,2026-09-08 21:21:10.795888,22.49,21.81,22.49,22.49,1011,39,3.51,144,0,0.0,Clear,clear sky,21
Eternitgyár,47.755544,18.530014,2026-09-08 21:21:12.055868,22.49,21.81,22.49,22.49,1011,39,3.51,144,0,0.0,Clear,clear sky,21
Nyergesújfalu felső,47.762222,18.540556,2026-09-08 21:21:13.321891,22.49,21.81,22.49,22.49,1011,39,3.51,144,0,0.0,Clear,clear sky,21
Nyergesújfalu,47.761111,18.561667,2026-09-08 21:21:14.587136,22.41,21.72,22.41,22.41,1011,39,3.47,144,0,0.0,Clear,clear sky,21
Tokod,47.735,18.675,2026-09-08 21:21:15.852363,24.25,23.72,24.25,24.25,1011,38,3.26,141,0,0.0,Clear,clear sky,21
Környe,47.541667,18.330278,2026-09-08 21:21:17.121946,22.18,21.55,22.18,22.18,1012,42,3.6,148,0,0.0,Clear,clear sky,21
Kecskéd alsó,47.519722,18.316667,2026-09-08 21:21:18.389763,22.19,21.59,22.19,22.19,1012,43,3.62,148,0,0.0,Clear,clear sky,21
Oroszlány,47.486944,18.308611,2026-09-08 21:21:19.648196,22.09,21.48,22.09,22.09,1012,43,3.4,148,0,0.0,Clear,clear sky,21
Győrszabadhegy,47.663056,17.648056,2026-09-08 21:21:20.909482,22.19,21.98,22.08,22.19,1010,58,3.09,150,0,0.0,Clear,clear sky,21
Ménfőcsanak felső,47.638333,17.615,2026-09-08 21:21:22.177850,22.19,21.98,22.08,22.19,1011,58,3.09,150,0,0.0,Clear,clear sky,21
Gyömöre-Tét,47.501672,17.559596,2026-09-08 21:21:23.436127,22.91,22.46,21.91,23.03,1011,46,3.6,170,0,0.0,Clear,clear sky,21
Szerecseny,47.469167,17.5475,2026-09-08 21:21:24.697077,23.0,22.56,21.9,23.02,1011,46,3.6,170,0,0.0,Clear,clear sky,21
Gecse-Gyarmat,47.456111,17.515,2026-09-08 21:21:25.959011,23.03,22.59,21.94,23.05,1011,46,3.6,170,0,0.0,Clear,clear sky,21
Vaszar,47.4025,17.496389,2026-09-08 21:21:27.223780,23.08,22.64,23.08,23.08,1012,46,3.6,170,0,0.0,Clear,clear sky,21
Pápa,47.340556,17.458889,2026-09-08 21:21:28.494427,23.03,22.59,23.03,23.03,1012,46,3.6,170,0,0.0,Clear,clear sky,21
Mezőlak,47.324722,17.371389,2026-09-08 21:21:29.760993,23.11,22.68,23.11,23.11,1012,46,3.6,170,0,0.0,Clear,clear sky,21
Mihályháza,47.318889,17.331667,2026-09-08 21:21:31.025190,23.14,22.71,23.14,23.14,1012,46,3.6,170,0,0.0,Clear,clear sky,21
Vinár,47.306667,17.284722,2026-09-08 21:21:32.292450,23.1,22.67,23.1,23.1,1012,46,3.6,170,0,0.0,Clear,clear sky,21
Külsővat,47.279167,17.219722,2026-09-08 21:21:33.567776,23.12,22.79,23.12,23.12,1012,50,3.82,173,0,0.0,Clear,clear sky,21
Celldömölk,47.261389,17.151944,2026-09-08 21:21:34.832974,23.07,22.74,23.07,23.07,1011,50,3.8,173,0,0.0,Clear,clear sky,21
Kemenesmihályfa,47.278056,17.111111,2026-09-08 21:21:36.098821,22.19,21.77,22.19,22.19,1011,50,3.81,175,0,0.0,Clear,clear sky,21
Nagysimonyi,47.265556,17.058889,2026-09-08 21:21:37.366239,22.24,21.85,22.24,22.24,1011,51,3.76,175,0,0.0,Clear,clear sky,21
Ostffyasszonyfa,47.283889,17.023889,2026-09-08 21:21:38.635229,22.33,21.95,22.33,22.33,1011,51,3.77,178,0,0.0,Clear,clear sky,21
Sárvár,47.259167,16.928889,2026-09-08 21:21:39.903941,22.34,21.99,22.34,22.34,1011,52,3.58,186,0,0.0,Clear,clear sky,21
Porpác,47.238611,16.8325,2026-09-08 21:21:41.169842,24.18,24.04,24.18,24.18,1011,53,3.38,190,0,0.0,Clear,clear sky,21
Balatonföldvár,46.853889,17.881389,2026-09-08 21:21:42.433314,19.97,19.93,19.97,19.97,1012,73,1.86,145,0,0.0,Clear,clear sky,21
Balatonszárszó,46.832222,17.830278,2026-09-08 21:21:43.694314,19.99,19.53,19.99,19.99,1012,57,2.19,147,0,0.0,Clear,clear sky,21
Balatonszemes,46.811944,17.776389,2026-09-08 21:21:44.953183,19.97,19.46,19.97,19.97,1012,55,2.41,148,0,0.0,Clear,clear sky,21
Balatonlelle felső,46.793889,17.7175,2026-09-08 21:21:46.218743,22.07,21.77,22.07,22.07,1012,55,2.49,149,0,0.0,Clear,clear sky,21
Balatonlelle,46.7875,17.694167,2026-09-08 21:21:47.483863,22.11,21.79,22.11,22.11,1012,54,2.38,149,0,0.0,Clear,clear sky,21
Fonyódliget,46.759167,17.592222,2026-09-08 21:21:48.744443,22.11,21.76,22.11,22.11,1012,53,2.32,152,0,0.0,Clear,clear sky,21
Balatonboglár,46.776111,17.647222,2026-09-08 21:21:50.013496,22.13,21.81,22.13,22.13,1012,54,2.26,149,0,0.0,Clear,clear sky,21
Balatonfenyves alsó,46.708611,17.455278,2026-09-08 21:21:51.279545,21.09,20.61,21.09,21.09,1012,52,2.27,162,0,0.0,Clear,clear sky,21
Fonyód,46.750278,17.558889,2026-09-08 21:21:52.546524,22.11,21.76,22.11,22.11,1012,53,2.12,154,0,0.0,Clear,clear sky,21
Bélatelep,46.737778,17.535,2026-09-08 21:21:53.811862,21.11,20.66,21.11,21.11,1012,53,2.18,158,0,0.0,Clear,clear sky,21
Alsóbélatelep,46.724167,17.516389,2026-09-08 21:21:55.075586,21.08,20.63,21.08,21.08,1012,53,2.18,158,0,0.0,Clear,clear sky,21
Balatonfenyves,46.713611,17.482778,2026-09-08 21:21:56.335240,21.08,20.63,21.08,21.08,1012,53,2.28,161,0,0.0,Clear,clear sky,21
Máriahullámtelep,46.704722,17.435,2026-09-08 21:21:57.597643,21.09,20.61,21.09,21.09,1012,52,2.27,162,0,0.0,Clear,clear sky,21
Balatonmáriafürdő,46.704167,17.374722,2026-09-08 21:21:58.869148,21.08,20.71,21.08,21.08,1012,56,1.54,170,0,0.0,Clear,clear sky,21
Balatonberény,46.713889,17.316944,2026-09-08 21:22:00.135530,21.05,20.67,21.05,21.05,1012,56,1.54,170,0,0.0,Clear,clear sky,21
Balatonszentgyörgy,46.692778,17.288889,2026-09-08 21:22:01.400879,21.08,20.71,21.08,21.08,1012,56,1.54,170,0,0.0,Clear,clear sky,21
Vörs,46.663611,17.260278,2026-09-08 21:22:02.668022,21.07,20.69,21.07,21.07,1012,56,1.54,170,0,0.0,Clear,clear sky,21
Zalaszentjakab,46.491667,17.135278,2026-09-08 21:22:03.935747,20.93,20.46,20.93,20.93,1012,53,3.7,163,0,0.0,Clear,clear sky,21
Nagykanizsa,46.440833,16.986667,2026-09-08 21:22:05.196375,21.54,21.19,21.54,21.54,1012,55,3.02,155,0,0.0,Clear,clear sky,21
Murakeresztúr,46.363889,16.876944,2026-09-08 21:22:06.462139,21.48,21.2,21.48,21.48,1012,58,2.45,150,0,0.0,Clear,clear sky,21
Zalakomár,46.530278,17.188056,2026-09-08 21:22:07.726787,20.93,20.54,20.93,20.93,1012,56,1.54,170,0,0.0,Clear,clear sky,21
Szárazrét,47.200833,18.381111,2026-09-08 21:22:09.001091,22.19,21.64,22.19,22.19,1012,45,1.72,152,0,0.0,Clear,clear sky,21
Bodajk,47.318333,18.251944,2026-09-08 21:22:10.271696,22.18,21.63,22.18,22.18,1012,45,1.94,150,0,0.0,Clear,clear sky,21
Csókakő,47.3275,18.240556,2026-09-08 21:22:11.535730,21.9,21.32,21.9,21.9,1012,45,2.12,149,0,0.0,Clear,clear sky,21
Mór,47.369167,18.189167,2026-09-08 21:22:12.797838,22.05,21.49,22.05,22.05,1012,45,2.83,155,0,0.0,Clear,clear sky,21
Bakonysárkány,47.443611,18.103611,2026-09-08 21:22:14.075535,21.33,20.72,21.33,21.33,1012,46,3.92,156,0,0.0,Clear,clear sky,21
Kisbér,47.494167,18.024722,2026-09-08 21:22:15.339747,21.64,21.06,21.64,21.64,1012,46,4.54,158,0,0.0,Clear,clear sky,21
Nagyigmánd-Bábolna,47.630556,18.050833,2026-09-08 21:22:16.614107,21.99,21.52,21.99,21.99,1012,49,3.09,150,0,0.0,Clear,clear sky,21
Budapest-Déli,47.498889,19.025,2026-09-08 21:22:17.875683,23.21,22.63,22.62,24.17,1013,40,2.68,183,0,0.0,Clear,clear sky,21
Budapest-Kelenföld,47.464444,19.02,2026-09-08 21:22:19.135719,23.3,22.73,22.72,24.27,1013,40,2.68,183,0,0.0,Clear,clear sky,21
Budaörs,47.4475,18.965,2026-09-08 21:22:20.393600,23.35,22.79,22.63,24.18,1013,40,2.68,183,0,0.0,Clear,clear sky,21
Biatorbágy,47.480278,18.834444,2026-09-08 21:22:21.660362,23.19,22.53,22.28,23.82,1013,37,0.8,124,0,0.0,Clear,clear sky,21
Herceghalom,47.493611,18.746111,2026-09-08 21:22:22.927086,23.49,22.86,22.53,24.08,1013,37,0.8,124,0,0.0,Clear,clear sky,21
Bicske,47.484167,18.6175,2026-09-08 21:22:24.195778,23.26,22.61,23.05,23.88,1012,37,2.51,137,0,0.0,Clear,clear sky,21
Szár,47.485,18.5275,2026-09-08 21:22:25.466683,23.0,22.43,22.84,23.67,1012,41,2.45,140,0,0.0,Clear,clear sky,21
Szárliget,47.518333,18.495833,2026-09-08 21:22:26.733908,22.95,22.37,22.65,22.95,1012,41,2.68,142,0,0.0,Clear,clear sky,21
Alsógalla,47.563337,18.425102,2026-09-08 21:22:28.001290,22.17,21.51,22.17,22.17,1012,41,3.37,146,0,0.0,Clear,clear sky,21
Tatabánya,47.585556,18.393056,2026-09-08 21:22:29.268552,22.3,21.66,22.3,22.3,1012,41,3.66,147,0,0.0,Clear,clear sky,21
Vértesszőlős,47.619444,18.375278,2026-09-08 21:22:30.535375,22.36,21.72,22.36,22.36,1012,41,3.74,147,0,0.0,Clear,clear sky,21
Tóvároskert,47.646111,18.348611,2026-09-08 21:22:31.806237,22.42,21.81,22.42,22.42,1012,42,3.98,148,0,0.0,Clear,clear sky,21
Tata,47.665,18.3275,2026-09-08 21:22:33.071517,22.44,21.84,22.44,22.44,1012,42,4.0,148,0,0.0,Clear,clear sky,21
Almásfüzitő,47.725278,18.262222,2026-09-08 21:22:34.338390,22.66,22.08,22.66,22.66,1011,42,4.28,149,0,0.0,Clear,clear sky,21
Almásfüzitő felső,47.731389,18.216389,2026-09-08 21:22:35.603112,24.47,24.1,24.47,24.47,1011,43,4.5,150,0,0.0,Clear,clear sky,21
Szőny,47.735556,18.1775,2026-09-08 21:22:36.867984,24.5,24.13,22.12,24.5,1011,43,4.6,151,0,0.0,Clear,clear sky,21
Komárom,47.749444,18.113611,2026-09-08 21:22:38.136747,22.13,21.55,22.13,24.51,1011,44,4.7,153,0,0.0,Clear,clear sky,21
Ács,47.717222,18.004444,2026-09-08 21:22:39.396067,22.05,21.59,22.05,22.16,1011,49,3.09,150,0,0.0,Clear,clear sky,21
Nagyszentjános,47.705556,17.871389,2026-09-08 21:22:40.670458,22.05,21.59,22.05,22.16,1011,49,3.09,150,0,0.0,Clear,clear sky,21
Győrszentiván,47.688611,17.745556,2026-09-08 21:22:41.938352,22.17,21.96,22.06,22.17,1011,58,3.09,150,0,0.0,Clear,clear sky,21
Győr-Gyárváros,47.684444,17.663889,2026-09-08 21:22:43.203453,22.21,22.0,22.1,22.21,1011,58,3.09,150,0,0.0,Clear,clear sky,21
Győr,47.681944,17.634722,2026-09-08 21:22:44.471455,22.17,21.96,22.06,22.17,1010,58,3.09,150,0,0.0,Clear,clear sky,21
Öttevény,47.719722,17.489167,2026-09-08 21:22:45.739729,22.19,21.98,22.08,22.19,1011,58,3.84,183,0,0.0,Clear,clear sky,21
Lébény-Mosonszentmiklós,47.755278,17.426389,2026-09-08 21:22:47.006035,22.18,21.97,22.18,22.18,1011,58,3.94,183,0,0.0,Clear,clear sky,21
Kimle-Károlyháza,47.803889,17.342778,2026-09-08 21:22:48.280194,22.19,21.77,22.19,22.19,1011,50,4.2,180,0,0.0,Clear,clear sky,21
Mosonmagyaróvár,47.849722,17.267222,2026-09-08 21:22:49.548771,23.93,23.68,23.38,23.93,1011,50,4.57,175,0,0.0,Clear,clear sky,21
Levél,47.889722,17.1925,2026-09-08 21:22:50.822053,23.9,23.65,23.35,23.9,1011,50,4.7,173,0,0.0,Clear,clear sky,21
Hegyeshalom,47.913889,17.145556,2026-09-08 21:22:52.094187,23.69,23.42,23.01,23.88,1011,50,4.72,172,0,0.0,Clear,clear sky,21
Óbuda,47.568611,19.033889,2026-09-08 21:22:53.358283,23.54,22.97,22.76,24.31,1013,39,2.68,183,0,0.0,Clear,clear sky,21
Üröm,47.580556,19.002222,2026-09-08 21:22:54.625251,23.64,23.08,22.66,24.21,1013,39,2.68,183,0,0.0,Clear,clear sky,21
Solymár,47.596111,18.95,2026-09-08 21:22:55.897638,23.66,23.1,22.47,24.02,1012,39,2.24,151,0,0.0,Clear,clear sky,21
Pilisvörösvár,47.614444,18.902222,2026-09-08 21:22:57.157894,23.35,22.76,22.12,23.67,1012,39,2.3,147,0,0.0,Clear,clear sky,21
Klotildliget,47.637778,18.846389,2026-09-08 21:22:58.425449,23.07,22.4,21.85,23.4,1012,37,2.77,141,0,0.0,Clear,clear sky,21
Kútvölgy,46.459444,20.451944,2026-09-08 21:22:59.691613,23.9,23.26,23.9,23.9,1013,35,3.73,155,1,0.0,Clear,clear sky,21
Székkutas,46.503889,20.541111,2026-09-08 21:23:00.953138,23.88,23.24,23.88,23.88,1013,35,3.75,155,1,0.0,Clear,clear sky,21
Kaposszentjakab,46.358056,17.821944,2026-09-08 21:23:02.213974,21.4,20.82,21.4,21.4,1013,47,3.34,151,0,0.0,Clear,clear sky,21
Kaposvár,46.352778,17.795,2026-09-08 21:23:03.479210,21.26,20.67,21.26,21.26,1013,47,3.39,150,0,0.0,Clear,clear sky,21
Kaposújlak,46.366667,17.715,2026-09-08 21:23:04.742890,21.34,20.78,21.34,21.34,1013,48,3.51,150,0,0.0,Clear,clear sky,21
Kaposmérő,46.365278,17.698889,2026-09-08 21:23:06.013578,21.28,20.72,21.28,21.28,1013,48,3.53,149,0,0.0,Clear,clear sky,21
Kaposfő,46.364167,17.656667,2026-09-08 21:23:07.283636,21.24,20.67,21.24,21.24,1013,48,3.55,149,0,0.0,Clear,clear sky,21
Kiskorpád,46.361389,17.606667,2026-09-08 21:23:08.544453,21.17,20.62,21.17,21.17,1012,49,3.57,149,0,0.0,Clear,clear sky,21
Jákó-Nagybajom,46.344444,17.554444,2026-09-08 21:23:09.806409,21.18,20.63,21.18,21.18,1012,49,3.61,147,0,0.0,Clear,clear sky,21
Kutas,46.326111,17.453889,2026-09-08 21:23:11.074374,21.34,20.84,21.34,21.34,1012,50,3.66,146,0,0.0,Clear,clear sky,21
Beleg,46.316944,17.420556,2026-09-08 21:23:12.342700,21.37,20.87,21.37,21.37,1012,50,3.61,144,0,0.0,Clear,clear sky,21
Ötvöskónyi,46.292778,17.358056,2026-09-08 21:23:13.613123,21.34,20.86,21.34,21.34,1012,51,3.54,141,0,0.0,Clear,clear sky,21
Somogyszob,46.289167,17.305556,2026-09-08 21:23:14.880400,21.27,20.81,21.27,21.27,1012,52,3.45,141,0,0.0,Clear,clear sky,21
Bolhás,46.282222,17.275278,2026-09-08 21:23:16.151409,21.24,20.8,21.24,21.24,1012,53,3.36,141,0,0.0,Clear,clear sky,21
Szenta,46.274167,17.182222,2026-09-08 21:23:17.420781,21.25,20.84,21.25,21.25,1012,54,3.28,141,0,0.0,Clear,clear sky,21
Zrínyitelep,46.275278,17.138056,2026-09-08 21:23:18.683969,21.23,20.84,21.23,21.23,1012,55,3.23,141,0,0.0,Clear,clear sky,21
Csurgó,46.261111,17.091667,2026-09-08 21:23:19.944605,21.33,20.98,21.33,21.33,1012,56,3.06,139,0,0.0,Clear,clear sky,21
Gyékényes,46.249167,16.956389,2026-09-08 21:23:21.212742,21.15,20.84,21.15,21.15,1012,58,2.66,145,0,0.0,Clear,clear sky,21
Adony,47.106111,18.847778,2026-09-08 21:23:22.473694,21.98,21.3,21.98,21.98,1013,41,3.94,159,0,0.0,Clear,clear sky,21
Kulcs,47.051111,18.8975,2026-09-08 21:23:23.747443,21.62,20.88,21.62,21.62,1013,40,4.22,158,0,0.0,Clear,clear sky,21
Rácalmás,47.023333,18.908889,2026-09-08 21:23:25.011898,21.54,20.79,21.54,21.54,1013,40,4.26,158,0,0.0,Clear,clear sky,21
Dunaújváros,46.960556,18.913889,2026-09-08 21:23:26.275801,21.51,20.76,21.51,21.51,1013,40,4.3,157,0,0.0,Clear,clear sky,21
Újvenyim,46.936944,18.868889,2026-09-08 21:23:27.543864,21.59,20.88,21.59,21.59,1013,41,4.36,157,0,0.0,Clear,clear sky,21
Mezőfalva,46.905556,18.810278,2026-09-08 21:23:28.811278,21.59,20.88,21.59,21.59,1013,41,4.42,156,0,0.0,Clear,clear sky,21
Nagykarácsony felső,46.866047,18.783064,2026-09-08 21:23:30.082052,21.64,20.93,21.64,21.64,1013,41,4.29,156,0,0.0,Clear,clear sky,21
Nagykarácsony,46.848729,18.765722,2026-09-08 21:23:31.354112,21.46,20.76,21.46,21.46,1013,42,4.24,156,0,0.0,Clear,clear sky,21
Alap,46.831944,18.657778,2026-09-08 21:23:32.618888,21.78,21.16,21.78,21.78,1013,44,4.33,156,0,0.0,Clear,clear sky,21
Cece,46.773333,18.623333,2026-09-08 21:23:33.894634,21.79,21.2,21.79,21.79,1013,45,4.11,155,0,0.0,Clear,clear sky,21
Vajta,46.713611,18.648056,2026-09-08 21:23:35.161296,21.68,21.05,21.68,21.68,1013,44,3.82,155,0,0.0,Clear,clear sky,21
Rétszilas alsó,46.829167,18.639444,2026-09-08 21:23:36.432115,21.78,21.16,21.78,21.78,1013,44,4.33,156,0,0.0,Clear,clear sky,21
Nagydorog,46.615485,18.65002,2026-09-08 21:23:37.698951,21.6,20.94,21.6,21.6,1013,43,3.63,154,0,0.0,Clear,clear sky,21
Tengelic,46.516111,18.695278,2026-09-08 21:23:38.961014,21.36,20.65,21.36,21.36,1013,42,3.5,154,0,0.0,Clear,clear sky,21
Fácánkert,46.449041,18.735661,2026-09-08 21:23:40.227594,21.3,20.58,21.3,21.3,1013,42,3.48,156,0,0.0,Clear,clear sky,21
Tolna-Mözs,46.416389,18.750556,2026-09-08 21:23:41.499466,21.3,20.58,21.3,21.3,1013,42,3.58,154,0,0.0,Clear,clear sky,21
Szekszárd-Palánk,46.38027777777778,18.72833333333333,2026-09-08 21:23:42.766139,21.33,20.62,21.33,21.33,1013,42,3.46,156,0,0.0,Clear,clear sky,21
Szekszárd,46.349444,18.7125,2026-09-08 21:23:44.028293,21.3,20.58,21.3,21.3,1013,42,3.45,156,0,0.0,Clear,clear sky,21
Őcsény,46.318889,18.7425,2026-09-08 21:23:45.294783,21.25,20.55,21.25,21.25,1013,43,3.53,152,0,0.0,Clear,clear sky,21
Decs,46.283889,18.756111,2026-09-08 21:23:46.560875,21.24,20.54,21.24,21.24,1013,43,3.51,151,0,0.0,Clear,clear sky,21
Csikóstőttős,46.337222,18.152778,2026-09-08 21:23:47.826811,21.41,20.78,21.41,21.41,1013,45,3.19,147,0,0.0,Clear,clear sky,21
Mágocs-Alsómocsolád,46.31027777777778,18.222222222222225,2026-09-08 21:23:49.094916,20.76,20.04,20.76,20.76,1013,44,3.22,146,0,0.0,Clear,clear sky,21
Szalatnak,46.284444444444446,18.288611111111113,2026-09-08 21:23:50.364795,20.92,20.22,20.92,20.92,1013,44,3.17,148,0,0.0,Clear,clear sky,21
Máza-Szászvár,46.279167,18.411389,2026-09-08 21:23:51.629495,20.9,20.19,20.9,20.9,1013,44,3.1,152,0,0.0,Clear,clear sky,21
Váralja,46.281667,18.436111,2026-09-08 21:23:52.896017,21.0,20.3,21.0,21.0,1013,44,3.08,155,0,0.0,Clear,clear sky,21
Nagymányok,46.280278,18.459167,2026-09-08 21:23:54.162351,21.0,20.3,21.0,21.0,1013,44,3.08,155,0,0.0,Clear,clear sky,21
Hidas-Bonyhád,46.269444,18.523333,2026-09-08 21:23:55.434771,20.93,20.23,20.93,20.93,1013,44,3.09,157,0,0.0,Clear,clear sky,21
Mőcsény,46.2575,18.591944,2026-09-08 21:23:56.701443,20.65,19.92,20.65,20.65,1013,44,3.1,157,0,0.0,Clear,clear sky,21
Bátaszék,46.202222,18.715556,2026-09-08 21:23:57.963287,21.15,20.47,21.15,21.15,1013,44,3.16,150,0,0.0,Clear,clear sky,21
Pörböly,46.199167,18.826389,2026-09-08 21:23:59.229471,21.1,20.39,21.1,21.1,1013,43,3.62,142,0,0.0,Clear,clear sky,21
Orosháza,46.566111,20.664722,2026-09-08 21:24:00.495185,20.74,19.81,20.74,20.74,1013,36,3.75,156,0,0.0,Clear,clear sky,21
Orosházi tanyák,46.596944,20.760556,2026-09-08 21:24:01.769683,20.64,19.73,20.64,20.64,1014,37,3.65,158,0,0.0,Clear,clear sky,21
Csorvás,46.623611,20.840833,2026-09-08 21:24:03.034191,20.57,19.67,20.57,20.57,1014,38,3.57,159,1,0.0,Clear,clear sky,21
Csorvás alsó,46.634722,20.888333,2026-09-08 21:24:04.294745,20.54,19.64,20.54,20.54,1014,38,3.51,159,1,0.0,Clear,clear sky,21
Telekgerendás,46.656111,20.963889,2026-09-08 21:24:05.556027,20.48,19.6,20.48,20.48,1014,39,3.34,158,2,0.0,Clear,clear sky,21
Fürjes,46.67214,21.02306,2026-09-08 21:24:06.826251,20.44,19.56,20.44,20.44,1014,39,3.25,155,3,0.0,Clear,clear sky,21
Fényes,46.659876,21.16618,2026-09-08 21:24:08.101382,20.33,19.49,20.33,20.33,1014,41,3.01,155,3,0.0,Clear,clear sky,21
Bicere,46.66,21.179444,2026-09-08 21:24:09.368245,20.27,19.42,20.27,20.27,1014,41,2.97,153,3,0.0,Clear,clear sky,21
Gyula,46.656389,21.273333,2026-09-08 21:24:10.639179,20.19,19.36,20.19,20.19,1014,42,2.91,147,2,0.0,Clear,clear sky,21
József Szanatórium,46.704722,21.3325,2026-09-08 21:24:11.909478,20.16,19.3,20.16,20.16,1014,41,3.16,139,3,0.0,Clear,clear sky,21
Sarkadi Cukorgyár,46.73,21.383611,2026-09-08 21:24:13.174939,20.13,19.27,20.13,20.13,1014,41,3.27,135,2,0.0,Clear,clear sky,21
Sarkad,46.736944,21.402222,2026-09-08 21:24:14.437098,20.07,19.2,20.07,20.07,1014,41,3.27,134,2,0.0,Clear,clear sky,21
Kötegyán,46.758333,21.479722,2026-09-08 21:24:15.702571,19.99,19.12,19.99,19.99,1015,41,3.28,132,2,0.0,Clear,clear sky,21
Méhkerék,46.774444,21.455556,2026-09-08 21:24:16.967568,20.07,19.2,20.07,20.07,1015,41,3.35,134,2,0.0,Clear,clear sky,21
Sarkadkeresztúr,46.823611,21.4175,2026-09-08 21:24:18.239597,20.14,19.28,20.14,20.14,1015,41,3.42,136,3,0.0,Clear,clear sky,21
Okány,46.8925,21.339167,2026-09-08 21:24:19.505003,20.29,19.42,20.29,20.29,1014,40,3.51,141,5,0.0,Clear,clear sky,21
Újszeged,46.242222,20.16,2026-09-08 21:24:20.796588,21.19,20.38,21.19,21.19,1014,39,3.65,152,0,0.0,Clear,clear sky,21
Szőreg,46.211389,20.183056,2026-09-08 21:24:22.063348,21.18,20.4,21.18,21.18,1014,40,3.61,150,0,0.0,Clear,clear sky,21
Deszk,46.210278,20.246389,2026-09-08 21:24:23.328080,21.19,20.38,21.19,21.19,1014,39,3.6,147,0,0.0,Clear,clear sky,21
Kiszombor,46.191944,20.413056,2026-09-08 21:24:24.595928,20.47,19.62,20.47,20.47,1014,40,3.58,146,0,0.0,Clear,clear sky,21
Kiszombor megálló,46.191111,20.430833,2026-09-08 21:24:25.862792,20.47,19.62,20.47,20.47,1014,40,3.58,146,0,0.0,Clear,clear sky,21
Makó,46.204722,20.474722,2026-09-08 21:24:27.131494,20.42,19.56,20.42,20.42,1014,40,3.58,146,0,0.0,Clear,clear sky,21
Apátfalva,46.175193,20.580611,2026-09-08 21:24:28.402318,20.28,19.43,20.28,20.28,1014,41,3.57,147,0,0.0,Clear,clear sky,21
Magyarcsanád,46.174444,20.610278,2026-09-08 21:24:29.670574,20.24,19.39,20.24,20.24,1014,41,3.56,147,0,0.0,Clear,clear sky,21
Nagylak,46.17,20.708333,2026-09-08 21:24:30.936276,22.32,21.7,22.32,22.32,1014,42,3.55,150,1,0.0,Clear,clear sky,21
Nagylaki Kendergyár,46.189167,20.717222,2026-09-08 21:24:32.197493,22.31,21.69,22.31,22.31,1014,42,3.56,152,1,0.0,Clear,clear sky,21
Csanádpalota,46.236111,20.7325,2026-09-08 21:24:33.461272,22.3,21.68,22.3,22.3,1014,42,3.59,153,2,0.0,Clear,clear sky,21
Mezőhegyes,46.310833,20.815556,2026-09-08 21:24:34.751854,22.24,21.62,22.24,22.24,1014,42,3.64,158,2,0.0,Clear,clear sky,21
Végegyháza,46.384444,20.878611,2026-09-08 21:24:36.019978,22.26,21.64,22.26,22.26,1014,42,3.63,163,2,0.0,Clear,clear sky,21
Mezőkovácsháza,46.408333,20.9,2026-09-08 21:24:37.278845,22.26,21.61,22.26,22.26,1014,41,3.63,163,1,0.0,Clear,clear sky,21
Mezőkovácsháza felső,46.415556,20.918056,2026-09-08 21:24:38.549015,22.27,21.65,22.27,22.27,1014,42,3.57,165,2,0.0,Clear,clear sky,21
Magyarbánhegyes,46.451389,20.97,2026-09-08 21:24:39.809360,20.23,19.41,20.23,20.23,1014,42,3.51,167,2,0.0,Clear,clear sky,21
Medgyesegyháza,46.495278,21.029167,2026-09-08 21:24:41.071180,20.2,19.37,20.2,20.2,1014,42,3.35,170,2,0.0,Clear,clear sky,21
Bánkút,46.505278,21.091944,2026-09-08 21:24:42.337486,20.17,19.34,20.17,20.17,1014,42,3.21,172,2,0.0,Clear,clear sky,21
Belsőperegpuszta,46.321111,20.916667,2026-09-08 21:24:43.603562,22.24,21.64,22.24,22.24,1014,43,3.57,161,2,0.0,Clear,clear sky,21
Battonya,46.282222,21.003889,2026-09-08 21:24:44.877614,22.24,23.13,20.04,22.24,1014,100,3.53,162,3,0.0,Clear,clear sky,21
Baja-Dunafürdő,46.193333,18.919167,2026-09-08 21:24:46.148958,21.04,20.3,21.04,21.04,1013,42,4.02,136,0,0.0,Clear,clear sky,21
Kaposszekcső,46.330556,18.143056,2026-09-08 21:24:47.414677,21.41,20.78,21.41,21.41,1013,45,3.19,147,0,0.0,Clear,clear sky,21
Vásárosdombó,46.310556,18.138889,2026-09-08 21:24:48.676296,21.27,20.63,21.27,21.27,1013,45,3.2,147,0,0.0,Clear,clear sky,21
Sásd,46.257222,18.104722,2026-09-08 21:24:49.939866,21.15,20.47,21.15,21.15,1013,44,3.14,146,0,0.0,Clear,clear sky,21
Godisa,46.223333,18.104722,2026-09-08 21:24:51.204317,23.4,22.94,23.4,23.4,1013,44,3.11,143,0,0.0,Clear,clear sky,21
Abaliget,46.152778,18.073611,2026-09-08 21:24:52.466000,23.01,22.49,23.01,23.01,1013,43,3.07,133,0,0.0,Clear,clear sky,21
Hetvehely,46.128333,18.045,2026-09-08 21:24:53.733600,23.2,22.7,23.2,23.2,1013,43,3.14,129,0,0.0,Clear,clear sky,21
Bükkösd,46.113056,17.999444,2026-09-08 21:24:55.006604,23.36,22.9,23.36,23.36,1013,44,3.18,130,0,0.0,Clear,clear sky,21
Cserdi-Helesfa,46.086667,17.987778,2026-09-08 21:24:56.269771,23.44,22.99,23.44,23.44,1013,44,3.25,126,0,0.0,Clear,clear sky,21
Szentlőrinc,46.033333,17.990833,2026-09-08 21:24:57.540489,23.5,22.77,23.5,23.5,1013,33,2.57,100,0,0.0,Clear,clear sky,21
Bicsérd,46.041389,18.057778,2026-09-08 21:24:58.813871,23.41,22.67,23.41,23.41,1013,33,2.57,100,0,0.0,Clear,clear sky,21
Mecsekalja-Cserkút,46.059722,18.150278,2026-09-08 21:25:00.083612,23.54,22.81,23.54,23.54,1014,33,2.57,100,0,0.0,Clear,clear sky,21
Pécs,46.065833,18.223611,2026-09-08 21:25:01.347862,23.46,22.72,23.46,23.46,1014,33,2.57,100,0,0.0,Clear,clear sky,21
Pécs-Külváros,46.071667,18.24,2026-09-08 21:25:02.614632,23.43,22.69,23.43,23.43,1014,33,2.57,100,0,0.0,Clear,clear sky,21
Pécsbánya-Rendező,46.063333,18.270278,2026-09-08 21:25:03.880166,23.28,22.53,23.28,23.28,1014,33,2.57,100,0,0.0,Clear,clear sky,21
Pécsudvard,46.01,18.275556,2026-09-08 21:25:05.144349,23.21,22.45,23.21,23.21,1014,33,2.57,100,0,0.0,Clear,clear sky,21
Szőkéd,45.9675,18.29,2026-09-08 21:25:06.413709,23.39,22.65,23.39,23.39,1013,33,2.57,100,0,0.0,Clear,clear sky,21
Áta,45.936389,18.306944,2026-09-08 21:25:07.673747,23.49,22.76,23.49,23.49,1013,33,2.57,100,0,0.0,Clear,clear sky,21
Kistótfalu,45.909722,18.315278,2026-09-08 21:25:08.935761,23.53,22.8,19.34,23.53,1013,33,2.57,100,0,0.0,Clear,clear sky,21
Vokány,45.899722,18.334722,2026-09-08 21:25:10.202482,23.49,22.76,19.3,23.49,1013,33,2.57,100,0,0.0,Clear,clear sky,21
Palkonya,45.891667,18.393889,2026-09-08 21:25:11.463963,23.52,22.79,19.32,23.52,1013,33,2.57,100,0,0.0,Clear,clear sky,21
Villánykövesd,45.879722,18.425833,2026-09-08 21:25:12.734732,23.48,22.75,19.29,23.48,1013,33,2.57,100,0,0.0,Clear,clear sky,21
Villány,45.8775,18.451389,2026-09-08 21:25:13.997073,23.6,23.43,19.41,23.6,1013,54,2.98,115,0,0.0,Clear,clear sky,21
Magyarbóly,45.834167,18.491944,2026-09-08 21:25:15.269034,19.46,18.82,19.46,23.66,1013,52,3.27,118,0,0.0,Clear,clear sky,21
Magyarszék,46.210278,18.188056,2026-09-08 21:25:16.538323,23.25,22.78,23.25,23.25,1013,44,3.04,140,0,0.0,Clear,clear sky,21
Mecsekpölöske,46.224167,18.213056,2026-09-08 21:25:17.805840,23.07,22.58,23.07,23.07,1013,44,3.1,143,0,0.0,Clear,clear sky,21
Mecsekjánosi,46.215278,18.241944,2026-09-08 21:25:19.067992,23.06,22.57,23.06,23.06,1013,44,3.05,144,0,0.0,Clear,clear sky,21
Komló,46.189167,18.265278,2026-09-08 21:25:20.336599,22.75,22.23,22.75,22.75,1013,44,2.94,141,0,0.0,Clear,clear sky,21
Királyegyháza-Rigópuszta,45.989167,17.971667,2026-09-08 21:25:21.597478,23.58,23.14,23.58,23.58,1013,44,3.6,119,0,0.0,Clear,clear sky,21
Sumony,45.960833,17.913333,2026-09-08 21:25:22.866914,23.61,23.2,23.61,23.61,1013,45,3.83,122,0,0.0,Clear,clear sky,21
Okorág-Kárászpuszta,45.933611,17.864444,2026-09-08 21:25:24.133809,23.62,23.24,23.62,23.62,1013,46,3.91,124,0,0.0,Clear,clear sky,21
Kákics,45.904167,17.8525,2026-09-08 21:25:25.396246,21.18,20.55,21.18,21.18,1013,46,3.94,126,0,0.0,Clear,clear sky,21
Bóly,45.9375,18.538333,2026-09-08 21:25:26.660018,23.43,23.16,23.43,23.43,1013,51,2.69,117,0,0.0,Clear,clear sky,21
Mohács,46.0025,18.683333,2026-09-08 21:25:27.925807,20.94,20.32,20.94,20.94,1013,47,2.76,128,0,0.0,Clear,clear sky,21
Sellye,45.873333,17.858889,2026-09-08 21:25:29.193511,21.17,20.54,21.17,21.17,1013,46,3.95,127,0,0.0,Clear,clear sky,21
Toponár,46.398333,17.840833,2026-09-08 21:25:30.463385,21.33,20.75,21.33,21.33,1013,47,3.35,151,0,0.0,Clear,clear sky,21
Somogyaszaló,46.453611,17.840278,2026-09-08 21:25:31.733396,21.28,20.72,21.28,21.28,1013,48,3.41,150,0,0.0,Clear,clear sky,21
Mernye,46.509444,17.832222,2026-09-08 21:25:32.997451,21.47,20.98,21.47,21.47,1013,50,3.55,149,0,0.0,Clear,clear sky,21
Felsőmocsolád,46.556389,17.8225,2026-09-08 21:25:34.267602,21.37,20.87,21.37,21.37,1012,50,3.6,150,0,0.0,Clear,clear sky,21
Kisbárapáti,46.615,17.866667,2026-09-08 21:25:35.531147,21.28,20.82,21.28,21.28,1012,52,3.76,152,0,0.0,Clear,clear sky,21
Bonnya,46.611389,17.909167,2026-09-08 21:25:36.793664,21.55,21.12,21.55,21.55,1012,52,3.71,151,0,0.0,Clear,clear sky,21
Andocs,46.646944,17.8925,2026-09-08 21:25:38.063477,21.08,20.63,21.08,21.08,1012,53,3.77,153,0,0.0,Clear,clear sky,21
Karád,46.681111,17.874722,2026-09-08 21:25:39.339830,21.5,21.12,21.5,21.5,1012,54,3.73,154,0,0.0,Clear,clear sky,21
Somogymeggyes,46.720556,17.920556,2026-09-08 21:25:40.601053,18.71,18.1,18.71,18.71,1012,56,3.53,155,0,0.0,Clear,clear sky,21
Kapoly,46.713611,17.977778,2026-09-08 21:25:41.867439,18.99,18.38,18.99,18.99,1012,55,3.71,156,0,0.0,Clear,clear sky,21
Tab,46.734167,18.041111,2026-09-08 21:25:43.128801,19.15,18.58,19.15,19.15,1012,56,3.6,157,0,0.0,Clear,clear sky,21
Bábonymegyer,46.746095,18.109921,2026-09-08 21:25:44.392150,19.26,19.17,19.26,19.26,1013,74,3.57,157,0,0.0,Clear,clear sky,21
Daránypuszta,46.764722,18.143889,2026-09-08 21:25:45.652858,19.28,19.2,19.28,19.28,1013,74,3.5,158,0,0.0,Clear,clear sky,21
Som-Nagyberény,46.803056,18.149444,2026-09-08 21:25:46.918969,19.27,19.18,19.27,19.27,1012,74,3.26,159,0,0.0,Clear,clear sky,21
Ádánd,46.854444,18.141667,2026-09-08 21:25:48.183798,19.39,19.32,19.39,19.39,1012,74,2.91,159,0,0.0,Clear,clear sky,21
Siójut,46.879444,18.126667,2026-09-08 21:25:49.444206,19.38,19.31,19.38,19.38,1012,74,2.7,158,0,0.0,Clear,clear sky,21
Kapostüskevár,46.367778,17.774167,2026-09-08 21:25:50.712612,21.41,20.86,21.41,21.41,1013,48,3.43,150,0,0.0,Clear,clear sky,21
Kaposfüred,46.415,17.759444,2026-09-08 21:25:51.973748,21.33,20.77,21.33,21.33,1013,48,3.47,150,0,0.0,Clear,clear sky,21
Várda,46.4625,17.721667,2026-09-08 21:25:53.477115,21.29,20.75,21.29,21.29,1012,49,3.51,150,0,0.0,Clear,clear sky,21
Somogyjád,46.490833,17.694444,2026-09-08 21:25:54.743895,21.46,20.97,21.46,21.46,1012,50,3.46,151,0,0.0,Clear,clear sky,21
Osztopán,46.515556,17.656944,2026-09-08 21:25:56.013495,21.49,21.0,21.49,21.49,1012,50,3.38,152,0,0.0,Clear,clear sky,21
Pamuk,46.553127,17.636412,2026-09-08 21:25:57.278047,21.67,21.22,21.67,21.67,1012,51,3.33,152,0,0.0,Clear,clear sky,21
Somogyvár,46.580556,17.634722,2026-09-08 21:25:58.539277,21.73,21.29,21.73,21.73,1012,51,3.26,153,0,0.0,Clear,clear sky,21
Öreglak,46.608607,17.632733,2026-09-08 21:25:59.805723,21.76,21.35,21.76,21.76,1012,52,3.21,154,0,0.0,Clear,clear sky,21
Tatárvár,46.636667,17.621111,2026-09-08 21:26:01.073538,21.7,21.28,21.7,21.7,1012,52,2.99,155,0,0.0,Clear,clear sky,21
Lengyeltóti,46.660556,17.613611,2026-09-08 21:26:02.337093,21.83,21.43,21.83,21.83,1012,52,2.89,155,0,0.0,Clear,clear sky,21
Pusztaberény,46.686111,17.594722,2026-09-08 21:26:03.602043,22.0,21.64,22.0,22.0,1012,53,2.77,155,0,0.0,Clear,clear sky,21
Örkény,47.132778,19.447222,2026-09-08 21:26:04.873570,21.38,20.62,21.38,21.38,1013,40,4.36,150,0,0.0,Clear,clear sky,21
Táborfalva,47.098545,19.479318,2026-09-08 21:26:06.137243,21.88,21.14,21.88,21.88,1013,39,4.36,151,0,0.0,Clear,clear sky,21
Felsőlajos,47.068834,19.498415,2026-09-08 21:26:07.402055,21.87,21.13,21.87,21.87,1013,39,4.38,151,0,0.0,Clear,clear sky,21
Lajosmizse,47.028333,19.542778,2026-09-08 21:26:08.663483,21.84,20.99,21.84,21.84,1013,35,2.57,160,0,0.0,Clear,clear sky,21
Lajosmizse alsó,47.0225,19.550278,2026-09-08 21:26:09.929532,21.85,21.0,21.85,21.85,1013,35,2.57,160,0,0.0,Clear,clear sky,21
Klábertelep,47.005556,19.551667,2026-09-08 21:26:11.197093,21.86,21.02,21.86,21.86,1013,35,2.57,160,0,0.0,Clear,clear sky,21
Méntelek,46.978611,19.570833,2026-09-08 21:26:12.461009,21.9,21.06,21.9,21.9,1013,35,2.57,160,0,0.0,Clear,clear sky,21
Hetényegyháza,46.930833,19.595,2026-09-08 21:26:13.725802,21.92,21.08,21.92,21.92,1014,35,2.57,160,0,0.0,Clear,clear sky,21
Kecskemét-Máriaváros,46.901192,19.675913,2026-09-08 21:26:14.988361,21.97,21.14,19.86,21.97,1014,35,2.57,160,0,0.0,Clear,clear sky,21
Nyársapát,47.100278,19.7925,2026-09-08 21:26:16.248377,21.99,21.26,21.49,21.99,1013,39,4.0,157,0,0.0,Clear,clear sky,21
Nagykőrös,47.038333,19.76,2026-09-08 21:26:17.512201,21.97,21.14,21.47,21.97,1013,35,2.57,160,0,0.0,Clear,clear sky,21
Katonatelep,46.963056,19.718889,2026-09-08 21:26:18.784425,21.94,21.1,21.94,21.94,1014,35,2.57,160,0,0.0,Clear,clear sky,21
Kecskemét,46.913889,19.700833,2026-09-08 21:26:20.048328,21.97,21.14,19.86,21.97,1014,35,2.57,160,0,0.0,Clear,clear sky,21
Városföld,46.816667,19.753333,2026-09-08 21:26:21.316884,22.03,21.2,19.92,22.03,1013,35,2.57,160,0,0.0,Clear,clear sky,21
Kiskunfélegyháza,46.7067,19.83474,2026-09-08 21:26:22.586221,20.0,19.0,19.97,23.79,1014,36,4.05,155,0,0.0,Clear,clear sky,21
Petőfiszállás,46.617374,19.865229,2026-09-08 21:26:23.845717,20.01,19.01,20.01,23.83,1013,36,4.03,156,0,0.0,Clear,clear sky,21
Csengele,46.538321,19.909008,2026-09-08 21:26:25.119546,20.0,19.0,20.0,21.08,1013,36,3.96,158,0,0.0,Clear,clear sky,21
Kistelek,46.466944,19.966944,2026-09-08 21:26:26.380986,21.14,20.2,20.05,21.14,1013,34,3.9,159,0,0.0,Clear,clear sky,21
Balástya,46.413333,20.001389,2026-09-08 21:26:27.640058,21.14,20.2,21.14,21.14,1014,34,3.84,159,0,0.0,Clear,clear sky,21
Szatymaz,46.345621,20.04374,2026-09-08 21:26:28.906919,21.16,20.22,21.16,21.16,1014,34,3.13,134,0,0.0,Clear,clear sky,21
Kiskundorozsma,46.271667,20.090556,2026-09-08 21:26:30.173041,21.19,20.25,21.19,21.19,1014,34,3.69,154,0,0.0,Clear,clear sky,21
Szeged,46.239722,20.143056,2026-09-08 21:26:31.443679,21.17,20.23,21.17,21.17,1014,34,3.63,152,0,0.0,Clear,clear sky,21
Alsóúrrét,46.898392,19.779891,2026-09-08 21:26:32.716575,22.01,21.18,19.91,22.01,1014,35,2.57,160,0,0.0,Clear,clear sky,21
Nyárlőrinc,46.87,19.851389,2026-09-08 21:26:33.980484,21.6,20.73,19.94,23.75,1013,35,2.57,160,0,0.0,Clear,clear sky,21
Világoshegy,46.855278,19.940278,2026-09-08 21:26:35.246250,21.31,20.41,19.97,23.79,1013,35,2.57,160,0,0.0,Clear,clear sky,21
Szikra,46.858333,19.975,2026-09-08 21:26:36.511267,22.08,21.26,21.58,22.08,1013,35,2.57,160,0,0.0,Clear,clear sky,21
Lakitelek,46.873056,20.003611,2026-09-08 21:26:37.782348,22.13,21.31,21.62,22.13,1013,35,2.57,160,0,0.0,Clear,clear sky,21
Tiszaug,46.850556,20.074167,2026-09-08 21:26:39.042859,23.87,22.97,21.7,23.91,1013,25,3.89,156,0,0.0,Clear,clear sky,21
Tiszasas,46.826389,20.089167,2026-09-08 21:26:40.304159,23.89,22.99,22.18,23.89,1013,25,3.89,156,0,0.0,Clear,clear sky,21
Csépa,46.8125,20.134722,2026-09-08 21:26:41.570371,23.89,22.99,23.88,23.89,1012,25,3.86,155,0,0.0,Clear,clear sky,21
Szelevény,46.811944,20.196389,2026-09-08 21:26:42.834517,23.9,23.0,23.89,23.9,1012,25,3.84,155,0,0.0,Clear,clear sky,21
Gátér,46.685,19.9625,2026-09-08 21:26:44.100885,23.89,22.99,23.88,23.89,1013,25,3.96,156,0,0.0,Clear,clear sky,21
Kónyaszék,46.699931,20.074299,2026-09-08 21:26:45.367873,23.9,23.0,23.9,23.9,1012,25,3.89,156,0,0.0,Clear,clear sky,21
Csongrád,46.704444,20.140556,2026-09-08 21:26:46.628453,23.91,23.01,23.9,23.91,1012,25,3.86,156,0,0.0,Clear,clear sky,21
Hékéd,46.675,20.266667,2026-09-08 21:26:47.892413,23.9,23.02,23.9,23.91,1013,26,3.58,156,0,0.0,Clear,clear sky,21
Fábiánsebestyén,46.670278,20.456667,2026-09-08 21:26:49.157976,23.89,23.01,23.89,23.9,1013,26,3.77,155,0,0.0,Clear,clear sky,21
Gádoros,46.656711,20.588157,2026-09-08 21:26:50.422379,23.88,23.21,23.88,23.88,1013,34,3.76,155,0,0.0,Clear,clear sky,21
Justhmajor,46.62,20.615833,2026-09-08 21:26:51.680835,23.88,23.24,23.88,23.88,1013,35,3.76,156,0,0.0,Clear,clear sky,21
Szentetornya,46.590964,20.628334,2026-09-08 21:26:52.953958,23.87,23.23,23.87,23.87,1013,35,3.76,156,0,0.0,Clear,clear sky,21
Gyopárosfürdő,46.567784,20.630662,2026-09-08 21:26:54.218703,23.86,23.24,23.86,23.86,1013,36,3.75,156,0,0.0,Clear,clear sky,21
Szabadságliget,47.626123,18.893481,2026-09-08 21:26:55.489913,23.25,22.62,22.01,23.55,1012,38,2.61,143,0,0.0,Clear,clear sky,21
Röszke,46.19261,20.03055,2026-09-08 21:26:56.752290,21.19,20.25,18.54,21.19,1014,34,3.69,157,0,0.0,Clear,clear sky,21
Tószeg,47.098056,20.138333,2026-09-08 21:26:58.016101,21.68,21.03,21.68,22.02,1013,43,2.57,140,0,0.0,Clear,clear sky,21
Tiszavárkony,47.059444,20.143056,2026-09-08 21:26:59.283273,21.68,21.03,21.68,22.03,1013,43,2.57,140,0,0.0,Clear,clear sky,21
Tiszajenő-Vezseny,47.036319,20.142415,2026-09-08 21:27:00.543173,21.68,21.03,21.68,22.03,1013,43,2.57,140,0,0.0,Clear,clear sky,21
Újbög,46.962222,20.093889,2026-09-08 21:27:01.811685,21.72,21.07,21.64,22.15,1013,43,3.86,156,0,0.0,Clear,clear sky,21
Tiszakécske,46.937512,20.082016,2026-09-08 21:27:03.075583,21.68,21.03,21.66,22.16,1013,43,3.89,156,0,0.0,Clear,clear sky,21
Kerekdomb,46.906944,20.052778,2026-09-08 21:27:04.341035,21.86,21.02,21.65,22.16,1013,35,3.89,156,0,0.0,Clear,clear sky,21
Tiszaalpár,46.818611,19.982778,2026-09-08 21:27:05.615431,23.39,22.44,22.12,23.83,1013,25,3.95,156,0,0.0,Clear,clear sky,21
Tiszaalpár alsó,46.790897,19.951409,2026-09-08 21:27:06.877832,23.38,22.43,22.12,23.83,1013,25,3.98,156,0,0.0,Clear,clear sky,21
Tiszatenyő,47.134167,20.3725,2026-09-08 21:27:08.139641,22.02,21.24,21.68,22.02,1014,37,2.57,140,0,0.0,Clear,clear sky,21
Pusztapó,47.091667,20.458333,2026-09-08 21:27:09.407767,22.03,21.25,21.68,22.03,1014,37,2.57,140,0,0.0,Clear,clear sky,21
Kétpó,47.076944,20.487778,2026-09-08 21:27:10.671036,22.03,21.25,21.68,22.03,1013,37,2.57,140,0,0.0,Clear,clear sky,21
Mezőtúr,47.0125,20.622778,2026-09-08 21:27:11.938674,21.07,20.2,21.07,21.07,1013,37,3.65,148,1,0.0,Clear,clear sky,21
Nagylapos,46.974167,20.750556,2026-09-08 21:27:13.202172,20.94,20.06,20.94,20.94,1014,37,3.62,147,2,0.0,Clear,clear sky,21
Gyoma,46.925833,20.821667,2026-09-08 21:27:14.474741,20.88,19.99,20.88,20.88,1014,37,3.59,147,2,0.0,Clear,clear sky,21
Csárdaszállás,46.861111,20.932778,2026-09-08 21:27:15.742100,20.72,19.81,20.72,20.72,1014,37,3.5,146,4,0.0,Clear,clear sky,21
Mezőberény,46.814722,21.013056,2026-09-08 21:27:17.006817,20.61,19.72,20.61,20.61,1014,38,3.42,146,4,0.0,Clear,clear sky,21
Murony,46.756944,21.038056,2026-09-08 21:27:18.265405,20.54,19.67,20.54,20.54,1014,39,3.34,148,3,0.0,Clear,clear sky,21
Békéscsaba,46.669722,21.081667,2026-09-08 21:27:19.532578,20.41,19.55,20.41,20.41,1014,40,3.16,154,3,0.0,Clear,clear sky,21
Kétegyháza,46.5325,21.171944,2026-09-08 21:27:20.794048,20.11,19.3,20.11,20.11,1014,43,2.9,170,1,0.0,Clear,clear sky,21
Lőkösháza,46.432222,21.2375,2026-09-08 21:27:22.056599,20.05,19.29,20.05,20.05,1014,45,2.93,175,0,0.0,Clear,clear sky,21
Kengyel,47.089722,20.339722,2026-09-08 21:27:23.327321,22.0,21.22,21.66,22.0,1014,37,2.57,140,0,0.0,Clear,clear sky,21
Bagimajor,47.061111,20.316667,2026-09-08 21:27:24.589028,22.03,21.25,21.68,22.03,1013,37,2.57,140,0,0.0,Clear,clear sky,21
Martfű,47.019444,20.291667,2026-09-08 21:27:25.849842,22.01,21.23,21.66,22.01,1013,37,2.57,140,0,0.0,Clear,clear sky,21
Tiszaföldvár,46.975556,20.276389,2026-09-08 21:27:27.117455,22.01,21.23,21.66,22.01,1013,37,2.57,140,0,0.0,Clear,clear sky,21
Homok,46.9475,20.270278,2026-09-08 21:27:28.378910,21.84,21.12,21.67,23.88,1013,40,2.57,140,0,0.0,Clear,clear sky,21
Kungyalu,46.910833,20.2675,2026-09-08 21:27:29.642743,22.47,21.69,21.69,23.9,1013,35,3.8,154,0,0.0,Clear,clear sky,21
Kunszentmárton,46.848333,20.293333,2026-09-08 21:27:30.907463,23.89,22.99,23.88,23.89,1013,25,3.8,154,0,0.0,Clear,clear sky,21
Nagytőke,46.763333,20.291667,2026-09-08 21:27:32.178395,23.9,23.02,23.9,23.9,1013,26,3.8,155,0,0.0,Clear,clear sky,21
Szentes,46.657778,20.2725,2026-09-08 21:27:33.446019,23.9,23.02,23.9,23.91,1013,26,3.58,156,0,0.0,Clear,clear sky,21
Szegvár,46.588611,20.249444,2026-09-08 21:27:34.720753,23.9,23.02,23.9,23.91,1013,26,3.58,156,0,0.0,Clear,clear sky,21
Mindszent,46.524167,20.194167,2026-09-08 21:27:35.988165,23.91,23.04,23.91,23.92,1013,26,3.8,157,0,0.0,Clear,clear sky,21
Mártély,46.473333,20.236111,2026-09-08 21:27:37.255958,23.92,23.26,23.92,23.93,1013,34,3.76,156,0,0.0,Clear,clear sky,21
Pusztabánréve,46.939898,20.556809,2026-09-08 21:27:38.519353,21.09,20.19,21.09,21.09,1013,36,3.67,150,0,0.0,Clear,clear sky,21
Szarvas,46.860833,20.566667,2026-09-08 21:27:39.787286,21.06,20.14,21.06,21.06,1013,35,3.67,151,0,0.0,Clear,clear sky,21
Csabacsűd,46.823056,20.663333,2026-09-08 21:27:41.060093,20.99,20.06,20.99,20.99,1013,35,3.66,152,0,0.0,Clear,clear sky,21
Kisszénás,46.751389,20.721389,2026-09-08 21:27:42.326329,20.88,19.96,20.88,20.88,1013,36,3.61,153,1,0.0,Clear,clear sky,21
Kiscsákó,46.719167,20.717778,2026-09-08 21:27:43.597844,20.83,19.91,20.83,20.83,1013,36,3.63,155,1,0.0,Clear,clear sky,21
Nagyszénás,46.672778,20.674167,2026-09-08 21:27:44.859160,20.82,19.87,20.82,20.82,1013,35,3.69,155,0,0.0,Clear,clear sky,21
Kardoskút,46.498056,20.6975,2026-09-08 21:27:46.119278,20.59,19.67,20.59,20.59,1014,37,3.74,157,0,0.0,Clear,clear sky,21
Tótkomlós,46.409167,20.726944,2026-09-08 21:27:47.380743,20.43,19.55,20.43,20.43,1014,39,3.7,159,1,0.0,Clear,clear sky,21
Nagyér,46.365278,20.738333,2026-09-08 21:27:48.819987,20.37,19.51,20.37,20.37,1014,40,3.67,158,1,0.0,Clear,clear sky,21
Pitvaros,46.326175,20.746446,2026-09-08 21:27:50.086334,20.29,19.45,20.29,20.29,1014,41,3.66,158,1,0.0,Clear,clear sky,21
Dévaványa,47.033889,20.943333,2026-09-08 21:27:51.351125,20.78,19.91,20.78,20.78,1014,38,3.61,147,5,0.0,Clear,clear sky,21
Körösladány,46.97,21.085833,2026-09-08 21:27:52.621105,20.64,19.75,20.64,20.64,1014,38,3.55,145,6,0.0,Clear,clear sky,21
Szeghalom,47.015278,21.148333,2026-09-08 21:27:53.884409,20.6,19.73,20.6,20.6,1014,39,3.54,148,6,0.0,Clear,clear sky,21
Vésztő,46.938889,21.263611,2026-09-08 21:27:55.150850,20.43,19.57,20.43,20.43,1014,40,3.5,144,5,0.0,Clear,clear sky,21
Szeged-Rókus,46.266111,20.125278,2026-09-08 21:27:56.415262,21.19,20.25,21.19,21.19,1014,34,3.65,153,0,0.0,Clear,clear sky,21
Algyő,46.335556,20.196111,2026-09-08 21:27:57.682794,21.21,20.35,21.21,21.21,1014,37,3.69,152,0,0.0,Clear,clear sky,21
Hódmezővásárhelyi Népkert,46.403333,20.312778,2026-09-08 21:27:58.944287,23.91,23.3,23.91,23.91,1013,36,3.71,153,0,0.0,Clear,clear sky,21
Hódmezővásárhely,46.413333,20.34,2026-09-08 21:28:00.199128,23.9,23.26,23.9,23.9,1013,35,3.71,153,0,0.0,Clear,clear sky,21
Körmend,47.016389,16.599167,2026-09-08 21:28:01.466440,21.8,21.5,21.8,21.8,1011,56,2.63,191,0,0.0,Clear,clear sky,21
Szentgotthárd,46.957222,16.263056,2026-09-08 21:28:02.727114,21.48,21.41,21.48,21.48,1011,66,1.53,237,0,0.0,Clear,clear sky,21
Szombathely,47.237778,16.6325,2026-09-08 21:28:03.988033,23.93,23.81,23.93,23.93,1011,55,2.68,220,0,0.0,Clear,clear sky,21
Sáferkút,48.010278,19.071389,2026-09-08 21:28:05.248797,19.24,18.42,19.24,19.24,1013,46,2.75,130,0,0.0,Clear,clear sky,21
Magdolnavölgy,47.6475,18.818889,2026-09-08 21:28:06.509282,23.33,22.68,21.99,23.54,1012,37,2.77,141,0,0.0,Clear,clear sky,21
Haris,46.964722,16.2825,2026-09-08 21:28:07.776426,21.52,21.42,21.52,21.52,1011,65,1.71,228,0,0.0,Clear,clear sky,21
Egyházasrádóc,47.091389,16.62,2026-09-08 21:28:09.045221,21.69,21.38,21.69,21.69,1011,56,2.44,205,0,0.0,Clear,clear sky,21
Alsórönök,46.964167,16.379444,2026-09-08 21:28:10.313135,21.57,21.43,21.57,21.57,1011,63,1.93,217,0,0.0,Clear,clear sky,21
Szombathely-Szőlős,47.206389,16.641667,2026-09-08 21:28:11.586394,23.99,23.88,23.99,23.99,1011,55,2.65,216,0,0.0,Clear,clear sky,21
Rátót,46.9675,16.433056,2026-09-08 21:28:12.858964,21.48,21.28,21.48,21.48,1011,61,2.31,202,0,0.0,Clear,clear sky,21
Ják-Balogunyom,47.161389,16.630556,2026-09-08 21:28:14.124209,24.05,23.95,24.05,24.05,1011,55,2.64,205,0,0.0,Clear,clear sky,21
Vasvár,47.056944,16.800278,2026-09-08 21:28:15.391699,21.97,21.58,21.97,21.97,1012,52,3.19,169,0,0.0,Clear,clear sky,21
Répcelak,47.418889,17.008889,2026-09-08 21:28:16.660318,22.61,22.26,22.61,22.61,1011,51,3.84,186,0,0.0,Clear,clear sky,21
Rajka,47.995556,17.191389,2026-09-08 21:28:17.927942,23.7,23.46,23.01,23.87,1011,51,1.03,0,0,0.0,Clear,clear sky,21
Püspökmolnári,47.086111,16.7675,2026-09-08 21:28:19.195150,21.98,21.62,21.98,21.98,1011,53,3.07,177,0,0.0,Clear,clear sky,21
Kőszeg,47.382222,16.556389,2026-09-08 21:28:20.465891,23.53,23.24,23.53,23.53,1011,50,2.78,248,0,0.0,Clear,clear sky,21
Kastélypark,47.390278,18.988333,2026-09-08 21:28:21.729032,23.26,22.71,22.79,24.34,1013,41,2.88,159,0,0.0,Clear,clear sky,21
Hanságliget,47.72,17.215556,2026-09-08 21:28:22.990969,22.95,22.61,22.95,22.95,1011,50,4.13,177,0,0.0,Clear,clear sky,21
Vica,47.477778,17.111944,2026-09-08 21:28:24.251731,22.7,22.36,22.7,22.7,1011,51,3.89,184,0,0.0,Clear,clear sky,21
Vép,47.235833,16.7275,2026-09-08 21:28:25.521614,24.07,23.94,24.07,24.07,1011,54,2.94,208,0,0.0,Clear,clear sky,21
Mosonszolnok,47.8525,17.160278,2026-09-08 21:28:26.787867,23.93,23.68,23.38,23.93,1011,50,4.66,172,0,0.0,Clear,clear sky,21
Jánossomorja,47.789167,17.1375,2026-09-08 21:28:28.057133,22.95,22.61,22.95,22.95,1011,50,4.4,173,0,0.0,Clear,clear sky,21
Bősárkány,47.685556,17.234167,2026-09-08 21:28:29.324205,22.93,22.58,22.93,22.93,1011,50,4.02,179,0,0.0,Clear,clear sky,21
Szil-Sopronnémeti,47.533333,17.209444,2026-09-08 21:28:30.589838,23.15,22.83,23.15,23.15,1011,50,3.92,183,0,0.0,Clear,clear sky,21
Magyarkeresztúr-Zsebeháza,47.514167,17.176111,2026-09-08 21:28:31.850964,23.14,22.82,23.14,23.14,1011,50,3.92,183,0,0.0,Clear,clear sky,21
Páli-Vadosfa,47.4925,17.137778,2026-09-08 21:28:33.116179,22.75,22.39,22.75,22.75,1011,50,3.9,184,0,0.0,Clear,clear sky,21
Beled,47.466667,17.084444,2026-09-08 21:28:34.385519,22.7,22.36,22.7,22.7,1011,51,3.89,184,0,0.0,Clear,clear sky,21
Dénesfa,47.448611,17.054722,2026-09-08 21:28:35.649959,22.67,22.32,22.67,22.67,1011,51,3.86,185,0,0.0,Clear,clear sky,21
Csánig,47.430278,17.026111,2026-09-08 21:28:36.914472,22.65,22.3,22.65,22.65,1011,51,3.86,187,0,0.0,Clear,clear sky,21
Vámoscsalád,47.385556,16.961667,2026-09-08 21:28:38.183122,24.32,24.17,24.32,24.32,1011,52,3.8,189,0,0.0,Clear,clear sky,21
Vasegerszeg,47.375,16.928889,2026-09-08 21:28:39.447505,24.33,24.18,24.33,24.33,1011,52,3.69,194,0,0.0,Clear,clear sky,21
Hegyfalu,47.357778,16.898333,2026-09-08 21:28:40.714317,24.32,24.17,24.32,24.32,1011,52,3.69,194,0,0.0,Clear,clear sky,21
Pósfa,47.326944,16.855833,2026-09-08 21:28:41.984560,24.3,24.14,24.3,24.3,1011,52,3.59,196,0,0.0,Clear,clear sky,21
Ölbő-Alsószeleste,47.300556,16.843056,2026-09-08 21:28:43.255739,24.28,24.12,24.28,24.28,1011,52,3.47,198,0,0.0,Clear,clear sky,21
Gencsapáti felső,47.299722,16.593889,2026-09-08 21:28:44.520034,23.79,23.53,23.79,23.79,1011,50,2.64,243,0,0.0,Clear,clear sky,21
Lukácsháza alsó,47.326389,16.586389,2026-09-08 21:28:45.792568,23.73,23.46,23.73,23.73,1011,50,2.72,244,0,0.0,Clear,clear sky,21
Kőszegfalva,47.361667,16.567778,2026-09-08 21:28:47.059106,23.62,23.34,23.62,23.62,1011,50,2.7,249,0,0.0,Clear,clear sky,21
Gyöngyöshermán,47.202778,16.657222,2026-09-08 21:28:48.321575,24.01,23.9,24.01,24.01,1011,55,2.65,216,0,0.0,Clear,clear sky,21
Bezenye,47.973611,17.207222,2026-09-08 21:28:49.592571,23.68,23.44,23.02,23.88,1011,51,4.61,172,0,0.0,Clear,clear sky,21
Kámon,47.254534,16.625769,2026-09-08 21:28:50.861636,23.89,23.64,23.89,23.89,1011,50,2.72,225,0,0.0,Clear,clear sky,21
Sorkifalud,47.1375,16.719167,2026-09-08 21:28:52.126537,22.01,21.68,22.01,22.01,1011,54,2.93,189,0,0.0,Clear,clear sky,21
Szentléránt,47.12,16.735556,2026-09-08 21:28:53.404835,22.01,21.68,22.01,22.01,1011,54,2.93,189,0,0.0,Clear,clear sky,21
Pácsony,47.009722,16.833611,2026-09-08 21:28:54.673204,21.89,21.44,21.89,21.89,1012,50,3.13,162,0,0.0,Clear,clear sky,21
Győrvár,46.99,16.840556,2026-09-08 21:28:55.945195,21.89,21.44,21.89,21.89,1012,50,3.13,162,0,0.0,Clear,clear sky,21
Egervár-Vasboldogasszony,46.942222,16.862222,2026-09-08 21:28:57.216716,22.08,21.57,22.08,22.08,1012,47,2.97,157,0,0.0,Clear,clear sky,21
Zalaszentlőrinc,46.913889,16.8775,2026-09-08 21:28:58.487726,22.02,21.45,22.02,22.02,1012,45,2.86,155,0,0.0,Clear,clear sky,21
Gencsapáti alsó,47.285833,16.6,2026-09-08 21:28:59.759235,23.82,23.56,23.82,23.82,1011,50,2.58,241,0,0.0,Clear,clear sky,21
Gyöngyösfalu,47.316111,16.59,2026-09-08 21:29:01.020713,23.75,23.49,23.75,23.75,1011,50,2.64,243,0,0.0,Clear,clear sky,21
Lukácsháza,47.341111,16.580556,2026-09-08 21:29:02.294345,23.68,23.41,23.68,23.68,1011,50,2.64,250,0,0.0,Clear,clear sky,21
Horvátnádalja,47.005278,16.544444,2026-09-08 21:29:03.560208,21.77,21.49,21.77,21.77,1011,57,2.58,192,0,0.0,Clear,clear sky,21
Csákánydoroszló,46.978333,16.499722,2026-09-08 21:29:04.832484,21.67,21.43,21.67,21.67,1011,59,2.42,198,0,0.0,Clear,clear sky,21
Váckisújfalu,47.705,19.340278,2026-09-08 21:29:06.099296,23.88,23.16,19.29,23.88,1013,32,2.01,131,0,0.0,Clear,clear sky,21
Csisztafürdő,46.681411,17.561797,2026-09-08 21:29:07.361154,22.01,21.65,22.01,22.01,1012,53,2.52,158,0,0.0,Clear,clear sky,21
Mórágy,46.236021,18.627255,2026-09-08 21:29:08.628127,20.69,19.96,20.69,20.69,1013,44,3.07,155,0,0.0,Clear,clear sky,21
Kismacs,47.551111,21.542778,2026-09-08 21:29:09.895138,17.9,17.1,17.9,17.9,1014,52,1.03,0,2,0.0,Clear,clear sky,21
Pusztaszentistván,47.439869,19.470254,2026-09-08 21:29:11.156162,19.25,18.59,19.25,19.84,1013,52,3.09,100,0,0.0,Clear,clear sky,21
Aranyvölgy,47.573795,19.017489,2026-09-08 21:29:12.431120,23.47,22.89,22.64,24.19,1013,39,1.34,166,0,0.0,Clear,clear sky,21
Szélhegy,47.601111,18.928056,2026-09-08 21:29:13.694548,23.46,22.88,22.29,23.83,1012,39,2.35,148,0,0.0,Clear,clear sky,21
Vörösvárbánya,47.61,18.913611,2026-09-08 21:29:14.956038,23.44,22.86,22.24,23.79,1012,39,2.35,148,0,0.0,Clear,clear sky,21
Máriaszőlőtelep,46.702778,17.411911,2026-09-08 21:29:16.225207,21.1,20.73,21.1,21.1,1012,56,1.54,170,0,0.0,Clear,clear sky,21
Akadémiaújtelep,47.485724,19.22294,2026-09-08 21:29:17.497722,23.12,22.51,22.6,24.15,1013,39,2.72,158,0,0.0,Clear,clear sky,21
Újpalota,47.5316,19.126206,2026-09-08 21:29:18.764335,23.21,22.6,22.7,24.24,1013,39,2.46,160,0,0.0,Clear,clear sky,21
"Szeged, Somogyi utca",46.250464,20.147713,2026-09-08 21:29:20.021086,21.14,20.2,21.14,21.14,1014,34,3.65,152,0,0.0,Clear,clear sky,21
"Hódmezővásárhely, Hősök tere",46.412183,20.31759,2026-09-08 21:29:21.293450,23.9,23.29,23.9,23.9,1013,36,3.71,153,0,0.0,Clear,clear sky,21
"Hódmezővásárhely, Kossuth tér",46.41465,20.319727,2026-09-08 21:29:22.549082,23.9,23.29,23.9,23.9,1013,36,3.71,153,0,0.0,Clear,clear sky,21
"Hódmezővásárhely, Strandfürdő",46.409147,20.315671,2026-09-08 21:29:23.803787,23.9,23.29,23.9,23.9,1013,36,3.71,153,0,0.0,Clear,clear sky,21
"Szeged, Széchenyi tér",46.252683,20.14935,2026-09-08 21:29:25.058181,21.14,20.2,21.14,21.14,1014,34,3.65,152,0,0.0,Clear,clear sky,21
"Szeged, Anna-kút",46.256184,20.147587,2026-09-08 21:29:26.312392,21.15,20.21,21.15,21.15,1014,34,3.65,152,0,0.0,Clear,clear sky,21
"Szeged, Rókusi templom",46.259255,20.141771,2026-09-08 21:29:27.586824,21.17,20.23,21.17,21.17,1014,34,3.65,152,0,0.0,Clear,clear sky,21
"Hódmezővásárhely, Kálvin János tér",46.416677,20.328532,2026-09-08 21:29:28.846172,23.9,23.29,23.9,23.9,1013,36,3.71,153,0,0.0,Clear,clear sky,21
Hódmezővásárhely vasútállomás,46.413242,20.338701,2026-09-08 21:29:30.111028,23.91,23.3,23.91,23.91,1013,36,3.71,153,0,0.0,Clear,clear sky,21
"Szeged, Tavasz utca",46.260715,20.139055,2026-09-08 21:29:31.365545,21.17,20.23,21.17,21.17,1014,34,3.65,152,0,0.0,Clear,clear sky,21
"Szeged, Damjanich utca",46.262753,20.135248,2026-09-08 21:29:32.622185,21.17,20.23,21.17,21.17,1014,34,3.65,152,0,0.0,Clear,clear sky,21
"Szeged, Vásárhelyi Pál utca",46.264173,20.131109,2026-09-08 21:29:33.882363,21.19,20.25,21.19,21.19,1014,34,3.65,152,0,0.0,Clear,clear sky,21
"Szeged, Bécsi körút ",46.243459,20.143809,2026-09-08 21:29:35.144199,21.19,20.25,21.19,21.19,1014,34,3.65,152,0,0.0,Clear,clear sky,21
Hódmezővásárhelyi Népkert vasútállomás,46.403733,20.312986,2026-09-08 21:29:36.399432,23.91,23.3,23.91,23.91,1013,36,3.71,153,0,0.0,Clear,clear sky,21
Szeged vasútállomás,46.239789,20.142561,2026-09-08 21:29:37.655833,21.19,20.25,21.19,21.19,1014,34,3.65,152,0,0.0,Clear,clear sky,21
"Szeged, Bem utca",46.240198,20.141247,2026-09-08 21:29:38.909781,21.19,20.25,21.19,21.19,1014,34,3.65,152,0,0.0,Clear,clear sky,21
"Szeged, Galamb utca",46.24153,20.142297,2026-09-08 21:29:40.164241,21.19,20.25,21.19,21.19,1014,34,3.65,152,0,0.0,Clear,clear sky,21
"Szeged, Aradi vértanúk tere",46.247839,20.147,2026-09-08 21:29:41.418669,21.14,20.2,21.14,21.14,1014,34,3.65,152,0,0.0,Clear,clear sky,21
"Szeged, Pulz utca",46.264452,20.126061,2026-09-08 21:29:42.673790,21.19,20.25,21.19,21.19,1014,34,3.65,152,0,0.0,Clear,clear sky,21
"Szeged, Rókus vasútállomás",46.266107,20.125686,2026-09-08 21:29:43.928315,21.19,20.25,21.19,21.19,1014,34,3.65,153,0,0.0,Clear,clear sky,21
Látókép,47.55787,21.524373,2026-09-08 21:29:45.196286,17.88,17.08,17.88,17.88,1014,52,1.03,0,2,0.0,Clear,clear sky,21
Szentmihálytelek,46.2229,20.0808,2026-09-08 21:29:46.460887,21.19,20.25,21.19,21.19,1014,34,3.66,154,0,0.0,Clear,clear sky,21
Kisvarsány,48.144356,22.297397,2026-09-08 21:29:47.724376,19.12,18.26,19.12,19.12,1015,45,3.11,146,0,0.0,Clear,clear sky,21
