station_name,station_lat,station_lon,observation_time,temp,feels_like,temp_min,temp_max,pressure,humidity,wind_speed,wind_deg,clouds,precipitation_1h,weather_main,weather_description,collection_hour
Búcsúszentlászló,46.793056,16.932778,2026-04-03 09:58:24.321828,12.84,11.38,12.84,12.84,1014,46,10.34,2,100,0.0,Clouds,overcast clouds,9
Angyalföld,47.549722,19.09,2026-04-03 09:58:25.493821,15.58,14.55,14.45,16.09,1011,52,5.66,340,0,0.0,Clear,clear sky,9
Felsőjánosfa,46.841389,16.544167,2026-04-03 09:58:26.666468,16.52,15.32,16.52,16.52,1014,42,8.36,13,100,0.0,Clouds,overcast clouds,9
Pankasz,46.835833,16.496111,2026-04-03 09:58:27.841733,16.43,15.2,16.43,16.43,1014,41,8.17,14,100,0.0,Clouds,overcast clouds,9
Nagyrákos,46.827222,16.455556,2026-04-03 09:58:29.026032,16.29,15.05,16.29,16.29,1014,41,7.99,14,100,0.0,Clouds,overcast clouds,9
Őriszentpéter,46.828889,16.415278,2026-04-03 09:58:30.200903,16.1,14.84,16.1,16.1,1014,41,7.44,13,100,0.0,Clouds,overcast clouds,9
Törökbálint,47.45,18.908611,2026-04-03 09:58:31.371957,14.95,13.88,14.23,15.86,1011,53,4.7,339,100,0.0,Clouds,overcast clouds,9
Bicske alsó,47.486389,18.642778,2026-04-03 09:58:32.544429,14.84,13.71,13.38,15.08,1012,51,7.18,338,100,0.0,Clouds,overcast clouds,9
Bajánsenye,46.818056,16.358056,2026-04-03 09:58:33.722073,16.32,14.84,16.32,16.32,1014,32,7.23,13,100,0.0,Clouds,overcast clouds,9
Aquincum,47.566218,19.048273,2026-04-03 09:58:34.893679,15.61,14.58,14.48,16.12,1011,52,2.68,303,100,0.0,Clouds,overcast clouds,9
Piliscsév,47.673889,18.791389,2026-04-03 09:58:36.062312,13.73,12.62,13.32,15.7,1012,56,4.54,335,100,0.0,Clouds,overcast clouds,9
Tát,47.741201,18.64783,2026-04-03 09:58:37.237038,13.73,12.46,13.73,13.73,1012,50,5.46,334,100,0.0,Clouds,overcast clouds,9
Süttő felső,47.756667,18.437222,2026-04-03 09:58:38.413052,14.6,13.32,14.6,14.6,1012,46,7.07,337,100,0.0,Clouds,overcast clouds,9
Budatétény,47.405,19.016389,2026-04-03 09:58:39.602171,15.15,14.13,14.52,16.16,1011,54,5.66,340,0,0.0,Clear,clear sky,9
Seregélyes-Szőlőhegy,47.119444,18.612222,2026-04-03 09:58:40.774693,14.68,13.46,14.68,14.68,1012,48,7.98,348,100,0.0,Clouds,overcast clouds,9
Gödöllő-Állami telepek,47.564444,19.375556,2026-04-03 09:58:41.950973,14.93,13.71,13.97,15.6,1011,47,5.66,340,0,0.0,Clear,clear sky,9
Dunakeszi alsó,47.607778,19.128889,2026-04-03 09:58:43.126089,15.62,14.6,14.45,16.08,1011,52,2.68,303,100,0.0,Clouds,overcast clouds,9
Vác-Alsóváros,47.773056,19.149722,2026-04-03 09:58:44.299038,16.06,15.11,13.69,16.06,1011,53,2.87,340,100,0.0,Clouds,overcast clouds,9
Szob alsó,47.816667,18.8725,2026-04-03 09:58:45.459474,13.6,12.37,13.6,13.6,1012,52,3.25,330,100,0.0,Clouds,overcast clouds,9
Zalaszentmihály-Pacsa,46.7225,16.951944,2026-04-03 09:58:46.634882,12.75,11.23,12.75,12.75,1014,44,12.35,360,0,0.0,Clear,clear sky,9
Pötréte,46.682778,16.9575,2026-04-03 09:58:47.808061,12.75,11.23,12.75,12.75,1014,44,12.35,360,0,0.0,Clear,clear sky,9
Felsőrajk,46.667222,16.982778,2026-04-03 09:58:48.979679,12.81,11.3,12.81,12.81,1014,44,12.35,360,0,0.0,Clear,clear sky,9
Gelse,46.600556,16.982778,2026-04-03 09:58:50.152616,12.81,11.3,12.81,12.81,1014,44,12.35,360,0,0.0,Clear,clear sky,9
Őrtilos,46.297778,16.887778,2026-04-03 09:58:51.335614,15.2,14.0,15.2,15.2,1014,47,9.06,9,100,0.0,Clouds,overcast clouds,9
Zákány,46.251944,16.9425,2026-04-03 09:58:52.512305,14.91,13.71,14.91,14.91,1014,48,9.39,9,100,0.0,Clouds,overcast clouds,9
Berzence,46.201389,17.143611,2026-04-03 09:58:53.684163,14.93,13.76,14.93,14.93,1013,49,9.42,6,100,0.0,Clouds,overcast clouds,9
Somogyudvarhely,46.163333,17.179722,2026-04-03 09:58:54.857628,14.85,13.67,14.85,14.85,1013,49,9.26,6,100,0.0,Clouds,overcast clouds,9
Bélavár,46.122778,17.207778,2026-04-03 09:58:56.031696,14.85,13.7,14.85,14.85,1013,50,8.81,5,100,0.0,Clouds,overcast clouds,9
Vízvár,46.101389,17.239444,2026-04-03 09:58:57.202771,14.68,13.51,14.68,14.68,1013,50,8.53,5,100,0.0,Clouds,overcast clouds,9
Babócsa,46.028359,17.342276,2026-04-03 09:58:58.380557,14.53,13.37,14.53,14.53,1013,51,7.89,3,100,0.0,Clouds,overcast clouds,9
Péterhida-Komlósd,46.006667,17.358056,2026-04-03 09:58:59.556839,14.5,13.36,14.5,14.5,1013,52,7.63,3,100,0.0,Clouds,overcast clouds,9
Barcs,45.951944,17.446944,2026-04-03 09:59:00.728168,14.32,13.24,14.32,14.32,1013,55,7.24,3,100,0.0,Clouds,overcast clouds,9
Barcs felső,45.958333,17.486389,2026-04-03 09:59:01.904455,14.16,13.07,14.16,14.16,1013,55,7.3,2,100,0.0,Clouds,overcast clouds,9
Középrigóc,45.970556,17.525,2026-04-03 09:59:03.074833,14.02,12.94,14.02,14.02,1013,56,7.35,2,100,0.0,Clouds,overcast clouds,9
Darány,45.992222,17.598611,2026-04-03 09:59:04.252531,13.93,12.84,13.93,13.93,1013,56,7.68,1,100,0.0,Clouds,overcast clouds,9
Kisdobsza,46.012222,17.668056,2026-04-03 09:59:05.429136,13.9,12.83,13.9,13.9,1012,57,7.87,0,100,0.0,Clouds,overcast clouds,9
Nemeske,46.023333,17.705278,2026-04-03 09:59:06.603671,13.88,12.81,13.88,13.88,1012,57,7.9,360,100,0.0,Clouds,overcast clouds,9
Molvány,46.035278,17.748611,2026-04-03 09:59:07.778074,13.84,12.77,13.84,13.84,1012,57,8.01,360,100,0.0,Clouds,overcast clouds,9
Szigetvár,46.043333,17.801944,2026-04-03 09:59:08.955151,13.78,12.7,13.78,13.78,1012,57,8.04,359,100,0.0,Clouds,overcast clouds,9
Nagypeterd,46.039444,17.871667,2026-04-03 09:59:10.134444,14.53,13.53,14.53,14.53,1012,57,8.1,359,100,0.0,Clouds,overcast clouds,9
Szentdénes,46.036667,17.926944,2026-04-03 09:59:11.323938,14.48,13.47,14.48,14.48,1012,57,8.14,359,100,0.0,Clouds,overcast clouds,9
Háros,47.412222,19.035,2026-04-03 09:59:12.496733,15.15,14.1,14.48,16.12,1011,53,5.66,340,0,0.0,Clear,clear sky,9
Nagytétény-Diósd,47.398333,18.974444,2026-04-03 09:59:13.667086,15.16,14.14,14.51,16.15,1011,54,4.42,340,100,0.0,Clouds,overcast clouds,9
Érdliget,47.390278,18.937778,2026-04-03 09:59:14.844868,15.12,14.1,14.43,16.06,1011,54,4.7,340,100,0.0,Clouds,overcast clouds,9
Érd felső,47.381111,18.922222,2026-04-03 09:59:16.020891,15.1,14.08,14.4,16.03,1011,54,5.03,340,100,0.0,Clouds,overcast clouds,9
Érd,47.369722,18.900833,2026-04-03 09:59:17.193870,15.08,14.05,14.36,15.99,1011,54,5.19,341,100,0.0,Clouds,overcast clouds,9
Százhalombatta,47.322222,18.899167,2026-04-03 09:59:18.368902,15.08,13.98,14.34,15.98,1011,51,5.47,342,100,0.0,Clouds,overcast clouds,9
Dunai Finomító,47.294444,18.878889,2026-04-03 09:59:19.542366,15.13,14.03,14.18,15.24,1012,51,6.11,344,100,0.0,Clouds,overcast clouds,9
Ercsi,47.247222,18.875278,2026-04-03 09:59:20.719439,15.37,14.29,14.41,15.46,1012,51,6.16,344,100,0.0,Clouds,overcast clouds,9
Iváncsa,47.177778,18.811944,2026-04-03 09:59:21.892833,14.84,13.69,14.84,14.84,1012,50,6.72,346,100,0.0,Clouds,overcast clouds,9
Pusztaszabolcs,47.139722,18.761667,2026-04-03 09:59:23.067798,14.82,13.66,14.82,14.82,1012,50,6.99,348,100,0.0,Clouds,overcast clouds,9
Szabadegyháza,47.082778,18.704167,2026-04-03 09:59:24.242188,14.71,13.52,14.71,14.71,1012,49,7.43,349,100,0.0,Clouds,overcast clouds,9
Sárosd,47.039722,18.660278,2026-04-03 09:59:25.414666,14.66,13.46,14.66,14.66,1012,49,7.88,349,100,0.0,Clouds,overcast clouds,9
Nagylók,46.979444,18.635833,2026-04-03 09:59:26.590587,14.45,13.23,14.45,14.45,1012,49,7.94,350,100,0.0,Clouds,overcast clouds,9
Sárbogárd,46.896944,18.611944,2026-04-03 09:59:27.761616,14.54,13.33,14.54,14.54,1012,49,8.18,351,100,0.0,Clouds,overcast clouds,9
Rétszilas,46.814167,18.601389,2026-04-03 09:59:28.934596,14.53,13.32,14.53,14.53,1012,49,8.19,351,100,0.0,Clouds,overcast clouds,9
Nagyatád,46.228611,17.354167,2026-04-03 09:59:30.106914,14.51,13.27,14.51,14.51,1013,48,9.16,3,100,0.0,Clouds,overcast clouds,9
Budapest-Keleti,47.500278,19.084167,2026-04-03 09:59:31.276149,15.34,14.29,14.25,16.06,1011,52,5.66,340,0,0.0,Clear,clear sky,9
Ferencváros,47.468611,19.088056,2026-04-03 09:59:32.459031,15.31,14.25,14.27,16.08,1011,52,5.66,340,0,0.0,Clear,clear sky,9
Budapest-Nyugati,47.510833,19.0575,2026-04-03 09:59:33.630608,15.31,14.28,14.26,16.08,1011,53,5.66,340,0,0.0,Clear,clear sky,9
Kőbánya felső,47.491944,19.133889,2026-04-03 09:59:34.808576,15.3,14.22,14.19,16.01,1011,51,5.66,340,0,0.0,Clear,clear sky,9
Rákos,47.488889,19.174722,2026-04-03 09:59:35.980434,15.25,14.16,14.15,15.97,1011,51,5.66,340,0,0.0,Clear,clear sky,9
Rákosrendező,47.525556,19.089444,2026-04-03 09:59:37.156458,15.46,14.42,14.29,16.11,1011,52,5.66,340,0,0.0,Clear,clear sky,9
Zugló,47.511389,19.101389,2026-04-03 09:59:38.333356,15.39,14.34,14.25,16.07,1011,52,5.66,340,0,0.0,Clear,clear sky,9
Mezőtárkány,47.725,20.480278,2026-04-03 09:59:39.507061,17.68,16.81,17.68,17.68,1010,50,8.52,33,100,0.0,Clouds,overcast clouds,9
Istvántelek,47.550278,19.106389,2026-04-03 09:59:40.685540,15.51,14.47,14.28,16.1,1011,52,5.66,340,0,0.0,Clear,clear sky,9
Rákospalota-Újpest,47.565833,19.111944,2026-04-03 09:59:41.859380,15.51,14.47,14.27,16.09,1011,52,5.66,340,0,0.0,Clear,clear sky,9
Kőbánya alsó,47.483056,19.127222,2026-04-03 09:59:43.037700,15.3,14.22,14.2,16.02,1011,51,5.66,340,0,0.0,Clear,clear sky,9
Kőbánya-Kispest,47.463889,19.149444,2026-04-03 09:59:44.210082,15.27,14.18,14.2,16.02,1011,51,5.66,340,0,0.0,Clear,clear sky,9
Pestszentlőrinc,47.454722,19.182778,2026-04-03 09:59:45.377367,15.2,14.08,14.14,15.96,1011,50,5.66,340,0,0.0,Clear,clear sky,9
Kispest,47.448135,19.157552,2026-04-03 09:59:46.551162,15.26,14.17,14.21,16.03,1011,51,5.66,340,0,0.0,Clear,clear sky,9
Újpest,47.558889,19.079722,2026-04-03 09:59:47.718621,15.54,14.51,14.28,16.1,1011,52,5.66,340,0,0.0,Clear,clear sky,9
Pestszentimre felső,47.413611,19.173333,2026-04-03 09:59:48.902041,15.25,14.14,14.23,16.05,1011,50,5.66,340,0,0.0,Clear,clear sky,9
Dunakeszi,47.626111,19.136111,2026-04-03 09:59:50.078597,15.37,14.35,14.18,15.99,1011,53,2.68,303,100,0.0,Clouds,overcast clouds,9
Dunakeszi-Gyártelep,47.643611,19.135,2026-04-03 09:59:51.246891,15.64,14.62,14.22,16.04,1011,52,2.82,341,100,0.0,Clouds,overcast clouds,9
Alsógöd,47.676944,19.134444,2026-04-03 09:59:52.419697,15.53,14.44,14.21,16.03,1011,50,2.83,341,100,0.0,Clouds,overcast clouds,9
Göd,47.687778,19.1375,2026-04-03 09:59:53.594809,15.54,14.46,14.23,16.05,1011,50,2.83,341,100,0.0,Clouds,overcast clouds,9
Felsőgöd,47.705556,19.143333,2026-04-03 09:59:54.769955,16.03,14.99,14.28,16.1,1011,50,2.85,341,100,0.0,Clouds,overcast clouds,9
Sződ-Sződliget,47.728056,19.154722,2026-04-03 09:59:55.939638,15.99,14.95,14.27,16.09,1011,50,2.87,340,100,0.0,Clouds,overcast clouds,9
Vác,47.782778,19.133056,2026-04-03 09:59:57.110972,16.06,15.11,14.25,16.06,1011,53,2.87,340,100,0.0,Clouds,overcast clouds,9
Verőce,47.823889,19.029444,2026-04-03 09:59:58.292982,15.9,14.93,14.08,15.9,1012,53,2.64,336,100,0.0,Clouds,overcast clouds,9
Kismaros,47.8275,19.010278,2026-04-03 09:59:59.461583,14.21,13.07,14.21,14.21,1012,53,2.66,335,100,0.0,Clouds,overcast clouds,9
Nagymaros-Visegrád,47.791389,18.959167,2026-04-03 10:00:01.108541,14.23,13.07,14.23,16.05,1011,52,2.6,335,100,0.0,Clouds,overcast clouds,9
Nagymaros,47.780278,18.952222,2026-04-03 10:00:03.163012,14.31,13.15,14.31,16.12,1011,52,2.6,335,100,0.0,Clouds,overcast clouds,9
Zebegény,47.801389,18.908889,2026-04-03 10:00:05.622471,14.28,13.12,14.28,16.1,1012,52,2.79,333,100,0.0,Clouds,overcast clouds,9
Szob,47.821111,18.861944,2026-04-03 10:00:08.142185,14.24,13.08,14.24,14.24,1012,52,3.25,330,100,0.0,Clouds,overcast clouds,9
Alagimajor,47.601944,19.153889,2026-04-03 10:00:09.478299,15.43,14.39,14.22,16.04,1011,52,5.66,340,0,0.0,Clear,clear sky,9
Fót,47.611389,19.181667,2026-04-03 10:00:10.645827,15.74,14.7,14.12,15.93,1011,51,2.99,342,100,0.0,Clouds,overcast clouds,9
Fótújfalu,47.615,19.192778,2026-04-03 10:00:11.825676,15.63,14.58,14.01,15.83,1011,51,2.99,342,100,0.0,Clouds,overcast clouds,9
Csomád,47.635556,19.222778,2026-04-03 10:00:12.999266,15.35,14.25,13.74,15.56,1011,50,3.19,343,100,0.0,Clouds,overcast clouds,9
Veresegyház,47.649167,19.288611,2026-04-03 10:00:14.172544,15.52,14.43,14.07,15.71,1011,50,3.77,343,100,0.0,Clouds,overcast clouds,9
Erdőkertes,47.662222,19.295833,2026-04-03 10:00:15.347399,15.49,14.45,14.03,15.66,1011,52,3.77,343,100,0.0,Clouds,overcast clouds,9
Őrbottyán,47.685833,19.283611,2026-04-03 10:00:16.520227,15.58,14.55,14.71,15.58,1011,52,3.77,342,100,0.0,Clouds,overcast clouds,9
Váchartyán,47.725833,19.248889,2026-04-03 10:00:17.688388,15.94,14.97,15.94,15.94,1011,53,3.6,340,100,0.0,Clouds,overcast clouds,9
Magyarkút-Verőce,47.826111,19.044444,2026-04-03 10:00:18.874698,16.06,15.11,16.06,16.06,1012,53,2.64,336,100,0.0,Clouds,overcast clouds,9
Szokolya,47.871111,19.030556,2026-04-03 10:00:20.046849,13.41,12.16,13.41,13.41,1011,52,2.83,335,100,0.0,Clouds,overcast clouds,9
Berkenye,47.885278,19.071944,2026-04-03 10:00:21.224569,14.14,12.99,14.14,14.14,1011,53,2.79,336,100,0.0,Clouds,overcast clouds,9
Nógrád,47.901944,19.0475,2026-04-03 10:00:22.433761,13.72,12.51,13.72,13.72,1012,52,2.93,335,100,0.0,Clouds,overcast clouds,9
Diósjenő,47.94,19.049444,2026-04-03 10:00:23.677933,13.31,12.05,13.31,13.31,1012,52,3.04,335,100,0.0,Clouds,overcast clouds,9
Borsosberény,47.971389,19.093056,2026-04-03 10:00:24.853559,14.01,12.82,14.01,14.01,1012,52,2.75,340,98,0.0,Clouds,overcast clouds,9
Nagyoroszi,47.993611,19.101111,2026-04-03 10:00:26.019870,13.82,12.62,13.82,13.82,1011,52,2.78,341,97,0.0,Clouds,overcast clouds,9
Drégelyvár,48.001944,19.079444,2026-04-03 10:00:27.187512,14.02,12.81,14.02,14.02,1012,51,3.22,339,98,0.0,Clouds,overcast clouds,9
Drégely,48.042222,19.056111,2026-04-03 10:00:28.356113,14.35,13.17,14.35,14.35,1012,51,3.29,340,98,0.0,Clouds,overcast clouds,9
Drégelypalánk,48.055,19.046111,2026-04-03 10:00:29.529910,14.45,13.28,14.45,14.45,1012,51,3.5,340,98,0.0,Clouds,overcast clouds,9
Ipolyvece,48.056944,19.106389,2026-04-03 10:00:30.704656,14.46,13.29,14.46,14.46,1012,51,2.91,345,97,0.0,Clouds,overcast clouds,9
Dejtár,48.045556,19.196389,2026-04-03 10:00:31.876311,14.44,13.3,14.44,14.44,1012,52,2.35,346,96,0.0,Clouds,overcast clouds,9
Ipolyszög,48.054444,19.221944,2026-04-03 10:00:33.046878,14.44,13.3,14.44,14.44,1012,52,2.11,349,96,0.0,Clouds,overcast clouds,9
Iklad-Domony,47.658056,19.444444,2026-04-03 10:00:34.233013,15.1,14.0,15.1,15.1,1011,51,4.0,348,100,0.0,Clouds,overcast clouds,9
Iklad-Domony felső,47.667778,19.428056,2026-04-03 10:00:35.403025,15.09,14.01,15.09,15.95,1011,52,3.92,344,100,0.0,Clouds,overcast clouds,9
Galgamácsa,47.693889,19.3925,2026-04-03 10:00:36.569218,15.94,14.95,15.94,15.94,1011,52,3.86,341,100,0.0,Clouds,overcast clouds,9
Vácrátót,47.732778,19.217778,2026-04-03 10:00:37.744632,15.86,14.89,15.86,15.86,1011,53,3.26,341,100,0.0,Clouds,overcast clouds,9
Csörög,47.735833,19.196389,2026-04-03 10:00:38.927685,15.85,14.87,14.05,15.86,1011,53,3.06,341,100,0.0,Clouds,overcast clouds,9
Galgagyörk,47.735278,19.372222,2026-04-03 10:00:40.096403,15.84,14.86,15.84,15.84,1011,53,3.78,339,100,0.0,Clouds,overcast clouds,9
Püspökhatvan,47.768611,19.366944,2026-04-03 10:00:41.263502,14.65,13.55,14.65,14.65,1011,53,3.51,337,99,0.0,Clouds,overcast clouds,9
Acsa-Erdőkürt,47.801111,19.386111,2026-04-03 10:00:42.439995,14.46,13.35,14.46,14.46,1011,53,3.31,336,99,0.0,Clouds,overcast clouds,9
Galgaguta,47.848611,19.385556,2026-04-03 10:00:43.606400,14.1,12.95,14.1,14.1,1011,53,2.84,335,98,0.0,Clouds,overcast clouds,9
Nógrádkövesd,47.879444,19.371111,2026-04-03 10:00:44.778879,14.23,13.09,14.23,14.23,1011,53,2.57,335,97,0.0,Clouds,overcast clouds,9
Magyarnándor,47.970833,19.356667,2026-04-03 10:00:45.948580,14.01,12.85,14.01,14.01,1011,53,1.87,338,95,0.0,Clouds,overcast clouds,9
Mohora,47.995556,19.347778,2026-04-03 10:00:47.117823,14.1,12.95,14.1,14.1,1011,53,1.68,339,95,0.0,Clouds,overcast clouds,9
Szügy,48.036389,19.333056,2026-04-03 10:00:48.312034,14.28,13.12,14.28,14.28,1011,52,1.42,344,95,0.0,Clouds,overcast clouds,9
Balassagyarmat,48.071111,19.293611,2026-04-03 10:00:49.488170,14.36,13.21,14.36,14.36,1011,52,1.49,348,95,0.0,Clouds,overcast clouds,9
Őrhalom,48.078773,19.403936,2026-04-03 10:00:50.662431,14.09,12.91,14.09,14.09,1011,52,1.0,344,97,0.0,Clouds,overcast clouds,9
Hugyag,48.083056,19.421111,2026-04-03 10:00:51.835105,14.09,12.91,14.09,14.09,1011,52,1.0,344,97,0.0,Clouds,overcast clouds,9
Szécsény,48.093056,19.521111,2026-04-03 10:00:53.003950,14.3,13.14,14.3,14.3,1011,52,0.92,347,97,0.0,Clouds,overcast clouds,9
Ludányhalászi,48.1325,19.529444,2026-04-03 10:00:54.177990,14.25,13.06,14.25,14.25,1011,51,0.66,348,96,0.0,Clouds,overcast clouds,9
Nógrádszakál,48.178333,19.521667,2026-04-03 10:00:55.356538,14.2,13.01,14.2,14.2,1011,51,0.58,346,96,0.0,Clouds,overcast clouds,9
Ráróspuszta,48.207222,19.541389,2026-04-03 10:00:56.529883,13.64,12.39,13.64,13.64,1011,51,0.52,342,95,0.0,Clouds,overcast clouds,9
Litke,48.215833,19.598611,2026-04-03 10:00:57.701553,14.14,12.94,14.14,14.14,1011,51,0.29,319,93,0.0,Clouds,overcast clouds,9
Nyíregyháza külső,47.943056,21.740278,2026-04-03 10:00:58.868516,14.05,12.87,14.05,14.05,1010,52,9.92,15,62,0.0,Clouds,broken clouds,9
Oros,47.945833,21.806389,2026-04-03 10:01:00.036053,14.07,12.89,14.07,14.07,1010,52,9.71,13,59,0.0,Clouds,broken clouds,9
Napkor,47.948889,21.873056,2026-04-03 10:01:01.216117,14.07,12.92,14.07,14.07,1010,53,9.36,9,58,0.0,Clouds,broken clouds,9
Apagy,47.953775,21.939044,2026-04-03 10:01:02.383483,14.08,12.93,14.08,14.08,1010,53,9.2,9,58,0.15,Rain,light rain,9
Levelek-Magy,47.948056,21.993611,2026-04-03 10:01:03.551015,14.06,12.88,14.06,14.06,1009,52,8.91,7,57,0.24,Rain,light rain,9
Ófehértó,47.940556,22.041389,2026-04-03 10:01:04.717705,14.01,12.82,14.01,14.01,1009,52,8.8,7,57,0.0,Clouds,broken clouds,9
Ligettanya,47.951667,22.071389,2026-04-03 10:01:05.887971,13.97,12.78,13.97,13.97,1009,52,8.63,7,55,0.0,Clouds,broken clouds,9
Baktalórántháza,47.988611,22.083333,2026-04-03 10:01:07.055401,13.96,12.77,13.96,13.96,1009,52,8.62,6,55,0.0,Clouds,broken clouds,9
Vaja-Rohod,48.006389,22.164167,2026-04-03 10:01:08.235824,13.98,12.79,13.98,13.98,1009,52,8.47,6,52,0.0,Clouds,broken clouds,9
Rákóczitanya,48.022222,22.178333,2026-04-03 10:01:09.407464,13.96,12.77,13.96,13.96,1009,52,8.42,7,50,0.0,Clouds,scattered clouds,9
Nyírmada,48.059167,22.203056,2026-04-03 10:01:10.582611,13.96,12.8,13.96,13.96,1009,53,8.33,6,50,0.0,Clouds,scattered clouds,9
Tunyogmatolcs,47.960244,22.442247,2026-04-03 10:01:11.750444,14.25,13.09,14.25,14.25,1009,52,7.98,15,38,0.0,Clouds,scattered clouds,9
Tunyogmatolcs alsó,47.966025,22.464713,2026-04-03 10:01:12.920811,14.22,13.06,14.22,14.22,1009,52,7.92,16,38,0.0,Clouds,scattered clouds,9
Fehérgyarmat,47.979167,22.524444,2026-04-03 10:01:14.094523,14.19,13.02,14.19,14.19,1008,52,7.87,17,39,0.0,Clouds,scattered clouds,9
Penyige,47.995278,22.566944,2026-04-03 10:01:15.266320,14.18,13.01,14.18,14.18,1008,52,7.84,17,42,0.0,Clouds,scattered clouds,9
Nagyszekeres,47.976111,22.6125,2026-04-03 10:01:16.435663,14.17,13.03,14.17,14.17,1008,53,7.82,17,46,0.0,Clouds,scattered clouds,9
Kisszekeres,47.965833,22.629444,2026-04-03 10:01:17.608600,14.18,13.01,14.18,14.18,1008,52,7.83,16,49,0.0,Clouds,scattered clouds,9
Jánkmajtis,47.941944,22.657222,2026-04-03 10:01:18.784356,14.17,13.0,14.17,14.17,1008,52,7.76,15,56,0.0,Clouds,broken clouds,9
Gacsály,47.926111,22.745,2026-04-03 10:01:19.958959,17.26,16.43,17.03,17.26,1008,53,7.59,11,61,0.0,Clouds,broken clouds,9
Zajta,47.9025,22.796111,2026-04-03 10:01:21.126582,17.25,16.41,17.03,17.25,1008,53,7.37,8,60,0.0,Clouds,broken clouds,9
Eperjeske alsó,48.360556,22.19,2026-04-03 10:01:22.325908,13.97,12.81,13.97,13.97,1010,53,8.43,360,76,0.0,Clouds,broken clouds,9
Mándok,48.326944,22.196389,2026-04-03 10:01:23.498165,13.96,12.8,13.96,13.96,1010,53,8.27,1,71,0.0,Clouds,broken clouds,9
Tornyospálca,48.268333,22.201944,2026-04-03 10:01:24.683743,14.0,12.84,14.0,14.0,1010,53,8.14,3,66,0.0,Clouds,broken clouds,9
Aranyosapáti,48.211303,22.253534,2026-04-03 10:01:25.856802,14.06,12.91,14.06,14.06,1009,53,7.52,8,53,0.0,Clouds,broken clouds,9
Gyüre,48.171389,22.269167,2026-04-03 10:01:27.036787,14.07,12.92,14.07,14.07,1009,53,7.68,9,48,0.0,Clouds,scattered clouds,9
Varsány,48.151722,22.290047,2026-04-03 10:01:28.206520,14.08,12.93,14.08,14.08,1009,53,7.71,11,43,0.0,Clouds,scattered clouds,9
Vásárosnamény,48.126667,22.306111,2026-04-03 10:01:29.376650,14.1,12.95,14.1,14.1,1009,53,7.83,11,41,0.0,Clouds,scattered clouds,9
Vitka,48.095556,22.308056,2026-04-03 10:01:30.547665,14.11,12.96,14.11,14.11,1009,53,7.95,11,40,0.0,Clouds,scattered clouds,9
Nagydobos,48.054167,22.311111,2026-04-03 10:01:31.716261,14.06,12.91,14.06,14.06,1009,53,8.06,11,40,0.0,Clouds,scattered clouds,9
Ópályi,47.997778,22.318333,2026-04-03 10:01:32.897656,14.1,12.92,14.1,14.1,1009,52,8.27,11,43,0.0,Clouds,scattered clouds,9
Nyírcsaholy,47.908056,22.348333,2026-04-03 10:01:34.070173,14.23,13.07,14.23,14.23,1009,52,8.2,13,51,0.0,Clouds,broken clouds,9
Nagyecsed,47.864722,22.385556,2026-04-03 10:01:35.238186,14.3,13.12,14.3,14.3,1008,51,7.92,15,60,0.0,Clouds,broken clouds,9
Tiborszállás,47.815278,22.402778,2026-04-03 10:01:36.409168,14.34,13.16,14.34,14.34,1008,51,7.77,16,71,0.0,Clouds,broken clouds,9
Kiskunhalas,46.434444,19.493611,2026-04-03 10:01:37.577621,14.4,13.31,14.4,14.4,1010,54,8.23,15,96,0.0,Clouds,overcast clouds,9
Kecskemét alsó,46.895833,19.692222,2026-04-03 10:01:38.749660,15.99,14.72,15.99,18.21,1010,41,8.23,30,0,0.0,Clear,clear sky,9
Putnok,48.286667,20.4375,2026-04-03 10:01:39.926182,15.0,13.86,15.0,15.0,1011,50,3.75,17,79,0.0,Clouds,broken clouds,9
Bánréve,48.299722,20.351944,2026-04-03 10:01:41.100632,14.99,13.85,14.99,14.99,1011,50,4.21,21,81,0.0,Clouds,broken clouds,9
Ipolytarnóc,48.236667,19.629167,2026-04-03 10:01:42.274733,14.07,12.86,14.07,14.07,1011,51,0.28,302,91,0.0,Clouds,overcast clouds,9
Rákosliget,47.486111,19.257778,2026-04-03 10:01:43.448572,15.44,14.29,14.07,16.87,1011,48,5.66,340,0,0.0,Clear,clear sky,9
Ikrény,47.657778,17.524167,2026-04-03 10:01:44.615137,13.08,11.62,13.08,13.08,1014,45,8.84,338,98,0.0,Clouds,overcast clouds,9
Rábapatona,47.648889,17.461944,2026-04-03 10:01:45.788711,13.1,11.64,13.1,13.1,1015,45,8.95,338,98,0.0,Clouds,overcast clouds,9
Enese,47.644167,17.425278,2026-04-03 10:01:46.963758,13.1,11.67,13.1,13.1,1015,46,9.11,338,99,0.0,Clouds,overcast clouds,9
Kóny,47.632222,17.357222,2026-04-03 10:01:48.135239,14.25,12.93,14.25,14.25,1015,46,9.24,338,100,0.0,Clouds,overcast clouds,9
Farád,47.595278,17.195833,2026-04-03 10:01:49.305701,14.33,13.07,14.33,14.33,1015,48,9.71,339,100,0.0,Clouds,overcast clouds,9
Rábatamási,47.592778,17.161389,2026-04-03 10:01:50.478719,14.33,13.07,14.33,14.33,1015,48,9.71,339,100,0.0,Clouds,overcast clouds,9
Szárföld,47.589167,17.123889,2026-04-03 10:01:51.651710,14.34,13.08,14.34,14.34,1015,48,9.76,339,100,0.0,Clouds,overcast clouds,9
Veszkény,47.586944,17.101389,2026-04-03 10:01:52.821582,14.35,13.09,14.35,14.35,1015,48,9.8,339,100,0.0,Clouds,overcast clouds,9
Kapuvár,47.581944,17.046944,2026-04-03 10:01:53.990654,14.36,13.1,14.36,14.36,1015,48,9.99,340,100,0.0,Clouds,overcast clouds,9
Vitnyéd-Csermajor,47.5825,16.987222,2026-04-03 10:01:55.174782,14.38,13.15,14.38,14.38,1015,49,10.19,340,100,0.0,Clouds,overcast clouds,9
Petőháza,47.595278,16.893056,2026-04-03 10:01:56.355722,14.4,13.18,14.4,14.4,1015,49,10.5,339,100,0.0,Clouds,overcast clouds,9
Fertőszentmiklós,47.6,16.858889,2026-04-03 10:01:57.537445,13.93,12.66,13.93,13.93,1015,49,10.62,339,100,0.0,Clouds,overcast clouds,9
Pinnye,47.600278,16.768611,2026-04-03 10:01:58.709917,13.81,12.55,13.81,13.81,1015,50,10.9,339,100,0.0,Clouds,overcast clouds,9
Fertőboz,47.625,16.691667,2026-04-03 10:01:59.882159,13.65,12.38,13.65,13.65,1015,50,10.9,336,98,0.0,Clouds,overcast clouds,9
Sopron,47.677778,16.587222,2026-04-03 10:02:01.082817,13.35,12.05,13.35,13.35,1015,50,10.78,331,90,0.0,Clouds,overcast clouds,9
Fertőszéplak-Fertőd,47.618889,16.850833,2026-04-03 10:02:02.255925,13.95,12.71,13.95,13.95,1015,50,10.66,337,100,0.0,Clouds,overcast clouds,9
Nyúl,47.587778,17.698056,2026-04-03 10:02:03.430255,13.02,11.45,13.02,13.14,1014,41,9.77,320,0,0.0,Clear,clear sky,9
Pannonhalma,47.547778,17.740833,2026-04-03 10:02:04.602088,12.96,11.38,12.96,13.08,1014,41,9.77,320,0,0.0,Clear,clear sky,9
Tarjánpuszta,47.504722,17.789167,2026-04-03 10:02:05.772153,12.73,11.13,12.73,12.84,1014,41,9.77,320,0,0.0,Clear,clear sky,9
Győrasszonyfa,47.4925,17.799167,2026-04-03 10:02:06.950922,12.66,11.05,12.66,12.77,1014,41,9.77,320,0,0.0,Clear,clear sky,9
Veszprémvarsány,47.443333,17.818333,2026-04-03 10:02:08.119078,12.71,11.24,12.71,12.83,1014,46,8.74,338,100,0.0,Clouds,overcast clouds,9
Bakonyszentlászló,47.395556,17.8175,2026-04-03 10:02:09.293703,12.58,11.09,12.47,12.58,1014,46,8.82,339,100,0.0,Clouds,overcast clouds,9
Porva-Csesznek,47.326944,17.841111,2026-04-03 10:02:10.468355,11.59,10.03,11.59,11.59,1014,47,8.95,340,100,0.0,Clouds,overcast clouds,9
Zirc,47.266667,17.878056,2026-04-03 10:02:11.641586,10.34,8.66,10.34,10.34,1014,47,9.38,341,100,0.0,Clouds,overcast clouds,9
Eplény,47.192778,17.921667,2026-04-03 10:02:12.820959,10.47,8.8,10.47,10.47,1014,47,9.91,341,100,0.0,Clouds,overcast clouds,9
Marcaltő,47.4275,17.348889,2026-04-03 10:02:13.992183,13.17,11.69,13.17,13.17,1015,44,9.77,340,0,0.0,Clear,clear sky,9
Szany-Rábaszentandrás,47.460833,17.315278,2026-04-03 10:02:15.166795,13.17,11.69,13.17,13.17,1015,44,9.77,340,0,0.0,Clear,clear sky,9
Egyed-Rábacsanak,47.521944,17.316389,2026-04-03 10:02:16.340603,13.18,11.78,13.18,13.18,1015,47,9.47,342,100,0.0,Clouds,overcast clouds,9
Rábapordány,47.557222,17.315,2026-04-03 10:02:17.511042,13.18,11.78,13.18,13.18,1015,47,9.45,341,100,0.0,Clouds,overcast clouds,9
Albertfalva,47.440784,19.033965,2026-04-03 10:02:18.678664,15.42,14.4,15.06,16.7,1011,53,5.66,340,0,0.0,Clear,clear sky,9
Budafok,47.425833,19.041389,2026-04-03 10:02:19.852437,15.41,14.39,15.06,16.71,1011,53,5.66,340,0,0.0,Clear,clear sky,9
Tétényliget,47.384722,18.955278,2026-04-03 10:02:21.021960,15.58,14.6,15.08,16.73,1011,54,4.7,340,100,0.0,Clouds,overcast clouds,9
Érd alsó,47.379722,18.923056,2026-04-03 10:02:22.184410,15.1,14.08,14.4,16.03,1011,54,5.03,340,100,0.0,Clouds,overcast clouds,9
Tárnok,47.365556,18.873889,2026-04-03 10:02:23.354541,15.66,14.69,15.01,16.66,1012,54,5.89,342,100,0.0,Clouds,overcast clouds,9
Martonvásár,47.321389,18.781667,2026-04-03 10:02:24.527799,15.82,14.76,14.21,15.91,1012,50,6.62,344,100,0.0,Clouds,overcast clouds,9
Baracska,47.297222,18.753333,2026-04-03 10:02:25.702408,16.18,15.16,15.04,17.11,1012,50,6.86,345,100,0.0,Clouds,overcast clouds,9
Pettend,47.26,18.708889,2026-04-03 10:02:26.876470,15.91,14.84,15.91,15.91,1012,49,7.24,346,100,0.0,Clouds,overcast clouds,9
Kápolnásnyék,47.245556,18.692222,2026-04-03 10:02:28.055420,15.94,14.87,15.94,15.94,1012,49,7.43,346,100,0.0,Clouds,overcast clouds,9
Velence,47.226944,18.663889,2026-04-03 10:02:29.225664,15.96,14.89,15.96,15.96,1012,49,7.62,346,100,0.0,Clouds,overcast clouds,9
Velencefürdő,47.218611,18.648056,2026-04-03 10:02:30.410617,14.85,13.64,14.85,14.85,1012,48,7.65,347,100,0.0,Clouds,overcast clouds,9
Gárdony,47.205833,18.624722,2026-04-03 10:02:31.592347,14.83,13.62,14.83,14.83,1012,48,7.84,346,100,0.0,Clouds,overcast clouds,9
Agárd,47.197666,18.604907,2026-04-03 10:02:32.763914,14.83,13.62,14.83,14.83,1012,48,7.84,346,100,0.0,Clouds,overcast clouds,9
Dinnyés,47.179722,18.560833,2026-04-03 10:02:33.938654,14.75,13.51,14.75,14.75,1012,47,8.29,346,100,0.0,Clouds,overcast clouds,9
Székesfehérvár,47.183611,18.424722,2026-04-03 10:02:35.109480,14.53,13.21,14.53,14.53,1012,45,9.24,344,100,0.0,Clouds,overcast clouds,9
Szabadbattyán,47.105278,18.388333,2026-04-03 10:02:36.278322,14.38,13.05,14.38,14.38,1012,45,9.28,347,100,0.0,Clouds,overcast clouds,9
Kiscséripuszta,47.048056,18.355,2026-04-03 10:02:37.453727,14.12,12.79,14.12,14.12,1013,46,9.28,348,100,0.0,Clouds,overcast clouds,9
Lepsény,46.9875,18.248056,2026-04-03 10:02:38.629326,14.34,13.19,12.68,14.34,1013,52,9.43,349,100,0.0,Clouds,overcast clouds,9
Balatonaliga,46.984444,18.171389,2026-04-03 10:02:39.807064,14.15,12.98,12.49,14.15,1013,52,10.0,349,100,0.0,Clouds,overcast clouds,9
Balatonvilágos,46.964167,18.157222,2026-04-03 10:02:40.976920,14.19,13.02,12.53,14.19,1013,52,10.15,349,100,0.0,Clouds,overcast clouds,9
Szabadifürdő,46.926111,18.103333,2026-04-03 10:02:42.151854,14.36,13.21,12.7,14.36,1013,52,10.12,350,100,0.0,Clouds,overcast clouds,9
Ózd alsó,48.227778,20.306111,2026-04-03 10:02:43.333087,14.83,13.7,14.83,14.83,1011,51,4.15,19,83,0.0,Clouds,broken clouds,9
Ózd,48.2225,20.294722,2026-04-03 10:02:44.502057,14.88,13.76,14.88,14.88,1011,51,4.15,19,83,0.0,Clouds,broken clouds,9
Alsóboldva,48.212778,20.792222,2026-04-03 10:02:45.670471,17.34,16.46,15.21,17.34,1011,51,7.16,24,90,0.0,Clouds,overcast clouds,9
Boldva,48.223333,20.790278,2026-04-03 10:02:46.841428,15.2,14.11,15.2,17.34,1011,51,7.16,24,90,0.0,Clouds,overcast clouds,9
Borsodszirák,48.259167,20.770556,2026-04-03 10:02:48.013676,15.16,14.04,15.16,15.16,1011,50,6.13,25,84,0.0,Clouds,broken clouds,9
Edelény alsó,48.279167,20.760833,2026-04-03 10:02:49.185976,13.66,12.39,13.66,13.66,1011,50,6.13,25,84,0.0,Clouds,broken clouds,9
Edelény,48.299722,20.749444,2026-04-03 10:02:50.355609,13.64,12.37,13.64,13.64,1011,50,5.82,25,81,0.0,Clouds,broken clouds,9
Szendrőlád,48.334444,20.731944,2026-04-03 10:02:51.526888,12.63,11.23,12.63,12.63,1011,49,4.81,25,75,0.0,Clouds,broken clouds,9
Szendrő,48.400725,20.721346,2026-04-03 10:02:52.713019,13.58,12.27,13.58,13.58,1011,49,4.3,23,69,0.0,Clouds,broken clouds,9
Szendrő felső,48.409907,20.720148,2026-04-03 10:02:53.884768,13.58,12.27,13.58,13.58,1011,49,4.3,23,69,0.0,Clouds,broken clouds,9
Szalonna,48.449444,20.722222,2026-04-03 10:02:55.053845,13.66,12.36,13.66,13.66,1011,49,3.91,20,64,0.0,Clouds,broken clouds,9
Perkupa,48.471389,20.691111,2026-04-03 10:02:56.231598,12.95,11.58,12.95,12.95,1011,49,3.29,14,68,0.0,Clouds,broken clouds,9
Szemeretelep,47.443056,19.214167,2026-04-03 10:02:57.409932,15.31,14.2,14.87,16.51,1011,50,5.14,330,0,0.0,Clear,clear sky,9
Jósvafő-Aggtelek,48.489722,20.693889,2026-04-03 10:02:58.580710,13.27,11.93,13.27,13.27,1011,49,3.24,12,67,0.0,Clouds,broken clouds,9
Bódvaszilas,48.5375,20.738056,2026-04-03 10:02:59.766415,12.89,11.54,12.89,12.89,1011,50,3.62,15,59,0.0,Clouds,broken clouds,9
Komjáti,48.5475,20.759722,2026-04-03 10:03:00.937186,12.45,11.06,12.45,12.45,1011,50,3.88,14,55,0.0,Clouds,broken clouds,9
Tornanádaska,48.558333,20.787222,2026-04-03 10:03:02.110229,13.62,12.32,13.62,13.62,1011,49,4.28,14,53,0.0,Clouds,broken clouds,9
Onga,48.121111,20.906667,2026-04-03 10:03:03.292766,17.4,16.53,17.4,17.4,1011,51,8.98,18,96,0.0,Clouds,overcast clouds,9
Szikszó-Vásártér,48.193056,20.934722,2026-04-03 10:03:04.461407,17.36,16.48,17.36,17.36,1011,51,8.62,20,92,0.0,Clouds,overcast clouds,9
Szikszó,48.201667,20.941667,2026-04-03 10:03:05.632183,13.77,12.51,13.77,13.77,1011,50,8.76,19,92,0.0,Clouds,overcast clouds,9
Aszaló,48.219867,20.961466,2026-04-03 10:03:06.802904,13.63,12.35,13.63,13.63,1011,50,8.66,19,89,0.0,Clouds,overcast clouds,9
Halmaj,48.246667,20.991667,2026-04-03 10:03:07.974509,13.77,12.51,13.77,13.77,1011,50,8.68,19,87,0.0,Clouds,overcast clouds,9
Csobád,48.277222,21.033889,2026-04-03 10:03:09.145991,13.79,12.5,13.79,13.79,1011,49,8.7,19,84,0.0,Clouds,broken clouds,9
Ináncs,48.291111,21.057778,2026-04-03 10:03:10.317994,13.74,12.45,13.74,13.74,1011,49,8.65,18,82,0.0,Clouds,broken clouds,9
Forró-Encs,48.3275,21.117778,2026-04-03 10:03:11.496629,13.7,12.41,13.7,13.7,1011,49,8.54,17,80,0.0,Clouds,broken clouds,9
Méra,48.363056,21.140278,2026-04-03 10:03:12.665410,13.52,12.21,13.52,13.52,1011,49,8.34,17,75,0.0,Clouds,broken clouds,9
Novajidrány,48.404444,21.170556,2026-04-03 10:03:13.845004,14.99,13.82,14.5,14.99,1011,49,8.11,17,74,0.0,Clouds,broken clouds,9
Hernádszurdok,48.487222,21.213889,2026-04-03 10:03:15.015104,14.91,13.4,14.42,14.91,1011,36,10.8,10,0,0.0,Clear,clear sky,9
Hidasnémeti,48.508333,21.229722,2026-04-03 10:03:16.187635,14.92,13.41,14.43,14.92,1011,36,10.8,10,0,0.0,Clear,clear sky,9
Mád,48.19,21.268889,2026-04-03 10:03:17.359290,13.96,12.43,13.96,13.96,1010,39,7.94,15,96,0.0,Clouds,overcast clouds,9
Rátka,48.215,21.230278,2026-04-03 10:03:18.531713,14.12,12.61,14.12,14.12,1010,39,7.98,15,94,0.0,Clouds,overcast clouds,9
Tállya,48.226944,21.225278,2026-04-03 10:03:19.704303,14.07,12.55,14.07,14.07,1010,39,7.98,15,94,0.0,Clouds,overcast clouds,9
Golop,48.242778,21.204167,2026-04-03 10:03:20.877905,14.19,12.68,14.19,14.19,1010,39,8.24,15,90,0.0,Clouds,overcast clouds,9
Abaújszántó,48.286944,21.181667,2026-04-03 10:03:22.049881,14.1,12.85,14.1,14.1,1010,49,8.24,16,85,0.0,Clouds,overcast clouds,9
Abaújszántói fürdő,48.268333,21.179722,2026-04-03 10:03:23.221051,14.16,12.91,14.16,14.16,1010,49,8.24,16,88,0.0,Clouds,overcast clouds,9
Abaújkér,48.309444,21.198333,2026-04-03 10:03:24.390992,14.06,12.8,14.06,14.06,1010,49,8.22,16,82,0.0,Clouds,broken clouds,9
Boldogkőváralja,48.345,21.208889,2026-04-03 10:03:25.566774,13.86,12.61,13.86,13.86,1010,50,7.79,15,82,0.0,Clouds,broken clouds,9
Korlát-Vizsoly,48.365,21.219167,2026-04-03 10:03:26.738392,13.77,12.48,13.77,13.77,1010,49,7.73,15,79,0.0,Clouds,broken clouds,9
Fony,48.411389,21.242778,2026-04-03 10:03:27.915862,14.79,13.58,14.3,14.79,1010,48,7.58,16,74,0.0,Clouds,broken clouds,9
Hejce-Vilmány,48.419444,21.245556,2026-04-03 10:03:29.084864,14.76,13.54,14.27,14.76,1010,48,7.58,16,74,0.0,Clouds,broken clouds,9
Göncruszka,48.445,21.246944,2026-04-03 10:03:30.253539,14.85,13.62,14.36,14.85,1011,47,7.52,16,73,0.0,Clouds,broken clouds,9
Gönc,48.470556,21.261389,2026-04-03 10:03:31.428001,14.75,13.51,14.26,14.75,1011,47,7.19,16,73,0.0,Clouds,broken clouds,9
Zsujta,48.4925,21.265,2026-04-03 10:03:32.598752,14.77,13.24,14.28,14.77,1011,36,10.8,10,0,0.0,Clear,clear sky,9
Bodrogkeresztúr,48.175556,21.354167,2026-04-03 10:03:33.773536,14.23,12.73,14.23,14.23,1010,39,8.06,17,98,0.0,Clouds,overcast clouds,9
Szegi,48.201944,21.387778,2026-04-03 10:03:34.948771,14.27,12.77,11.87,14.27,1010,39,8.27,16,97,0.0,Clouds,overcast clouds,9
Erdőbénye,48.218056,21.401944,2026-04-03 10:03:36.123651,14.24,12.74,11.84,14.24,1010,39,8.35,15,95,0.0,Clouds,overcast clouds,9
Olaszliszka-Tolcsva,48.258333,21.448056,2026-04-03 10:03:37.297029,14.27,12.77,11.87,14.27,1010,39,8.27,14,92,0.0,Clouds,overcast clouds,9
Bodrogolaszi,48.286944,21.512778,2026-04-03 10:03:38.468914,11.81,10.9,11.81,14.21,1010,71,8.3,13,90,0.0,Clouds,overcast clouds,9
Sárospatak,48.325833,21.566111,2026-04-03 10:03:39.652292,11.76,10.85,11.76,14.16,1010,71,8.94,12,92,0.0,Clouds,overcast clouds,9
Sátoraljaújhely,48.385833,21.657778,2026-04-03 10:03:40.820373,11.84,10.93,11.84,11.84,1009,71,9.08,9,88,0.0,Clouds,overcast clouds,9
Vecsés,47.40855,19.25652,2026-04-03 10:03:41.998174,15.24,14.07,14.91,16.98,1011,48,5.14,330,0,0.0,Clear,clear sky,9
Vecsés-Kertekalja,47.403333,19.271389,2026-04-03 10:03:43.173100,15.28,14.12,14.95,17.01,1011,48,5.14,330,0,0.0,Clear,clear sky,9
Üllő,47.390833,19.348889,2026-04-03 10:03:44.348881,15.22,14.02,14.9,16.97,1011,47,5.14,330,0,0.0,Clear,clear sky,9
Monor,47.34545,19.43701,2026-04-03 10:03:45.523314,15.07,13.86,15.07,15.07,1011,47,5.14,330,0,0.0,Clear,clear sky,9
Pilis,47.279722,19.536389,2026-04-03 10:03:46.696571,17.53,16.59,15.03,17.53,1010,48,5.39,9,100,0.0,Clouds,overcast clouds,9
Albertirsa,47.240278,19.606389,2026-04-03 10:03:47.862687,17.62,16.53,17.62,17.62,1010,42,5.56,11,100,0.0,Clouds,overcast clouds,9
Ceglédbercel-Cserő,47.210278,19.686944,2026-04-03 10:03:49.042291,17.69,16.61,17.69,17.69,1010,42,5.67,12,99,0.0,Clouds,overcast clouds,9
Cegléd,47.182778,19.806111,2026-04-03 10:03:50.213722,17.74,16.67,16.07,17.79,1010,42,6.03,16,98,0.0,Clouds,overcast clouds,9
Abony,47.173056,20.016389,2026-04-03 10:03:51.384236,16.67,15.67,16.63,17.86,1009,49,9.26,30,0,0.0,Clear,clear sky,9
Szolnok,47.179167,20.175833,2026-04-03 10:03:52.555302,16.84,15.83,16.65,17.88,1009,48,9.26,30,0,0.0,Clear,clear sky,9
Szajol,47.170556,20.295278,2026-04-03 10:03:53.724706,17.01,16.02,16.66,17.01,1009,48,9.26,30,0,0.0,Clear,clear sky,9
Törökszentmiklós,47.170278,20.413611,2026-04-03 10:03:54.896630,17.0,16.01,16.66,17.0,1009,48,9.26,30,0,0.0,Clear,clear sky,9
Rákoscsaba-Újtelep,47.4875,19.271944,2026-04-03 10:03:56.070002,15.43,14.28,14.07,16.87,1011,48,5.14,330,0,0.0,Clear,clear sky,9
Rákoscsaba,47.492222,19.284722,2026-04-03 10:03:57.245064,15.14,13.96,14.8,16.86,1011,48,5.14,330,0,0.0,Clear,clear sky,9
Pécel,47.493889,19.338889,2026-04-03 10:03:58.417683,15.01,13.79,14.67,16.74,1011,47,5.14,330,0,0.0,Clear,clear sky,9
Isaszeg,47.537719,19.388955,2026-04-03 10:03:59.587251,14.83,13.6,14.81,16.23,1011,47,5.14,330,0,0.0,Clear,clear sky,9
Gödöllő,47.592222,19.358611,2026-04-03 10:04:00.755932,15.04,13.83,14.36,16.01,1011,47,5.14,330,0,0.0,Clear,clear sky,9
Máriabesnyő,47.595556,19.389722,2026-04-03 10:04:01.934308,14.98,13.84,14.73,16.15,1011,50,3.98,349,100,0.0,Clouds,overcast clouds,9
Bag,47.641111,19.471667,2026-04-03 10:04:03.118572,15.08,13.95,15.08,15.08,1011,50,4.0,348,100,0.0,Clouds,overcast clouds,9
Aszód,47.647467,19.492882,2026-04-03 10:04:04.292108,15.16,14.04,15.16,15.16,1011,50,3.99,350,100,0.0,Clouds,overcast clouds,9
Hévízgyörk,47.638611,19.526667,2026-04-03 10:04:05.466907,14.56,13.35,14.56,14.56,1011,49,3.97,353,100,0.0,Clouds,overcast clouds,9
Galgahévíz,47.6325,19.558333,2026-04-03 10:04:06.637847,14.77,13.58,14.77,14.77,1011,49,4.1,0,100,0.0,Clouds,overcast clouds,9
Tura,47.626389,19.5975,2026-04-03 10:04:07.804812,14.69,13.49,14.69,14.69,1011,49,4.11,4,100,0.0,Clouds,overcast clouds,9
Hatvan,47.663611,19.671389,2026-04-03 10:04:08.975952,14.71,13.52,14.71,14.71,1011,49,3.9,10,100,0.0,Clouds,overcast clouds,9
Vámosgyörk,47.686111,19.927778,2026-04-03 10:04:10.152833,15.5,14.38,15.5,15.5,1010,49,4.66,22,100,0.0,Clouds,overcast clouds,9
Adács,47.696389,19.975278,2026-04-03 10:04:11.336232,15.45,14.33,15.45,15.45,1010,49,4.86,24,100,0.0,Clouds,overcast clouds,9
Karácsond,47.718056,20.048611,2026-04-03 10:04:12.510247,15.48,14.44,15.48,15.48,1010,52,4.94,24,100,0.0,Clouds,overcast clouds,9
Ludas,47.723889,20.095556,2026-04-03 10:04:13.679816,15.43,14.39,15.43,15.43,1010,52,5.27,27,100,0.0,Clouds,overcast clouds,9
Nagyút,47.72666666666667,20.161388888888887,2026-04-03 10:04:14.856040,15.46,14.42,15.46,15.46,1010,52,5.43,28,100,0.0,Clouds,overcast clouds,9
Kál-Kápolna,47.734167,20.254167,2026-04-03 10:04:16.025955,15.43,14.31,15.43,15.43,1010,49,6.32,32,100,0.0,Clouds,overcast clouds,9
Füzesabony,47.751389,20.415278,2026-04-03 10:04:17.193665,14.52,13.33,14.52,14.52,1010,50,7.79,33,100,0.0,Clouds,overcast clouds,9
Szihalom,47.766944,20.491944,2026-04-03 10:04:18.366634,17.39,16.49,17.39,17.39,1010,50,8.18,33,100,0.0,Clouds,overcast clouds,9
Mezőkövesd,47.797222,20.5675,2026-04-03 10:04:19.541971,17.4,16.53,17.4,17.4,1011,51,8.75,30,100,0.0,Clouds,overcast clouds,9
Mezőkövesd felső,47.807222,20.591389,2026-04-03 10:04:20.716830,17.38,16.51,15.25,17.38,1011,51,8.75,30,100,0.0,Clouds,overcast clouds,9
Mezőkeresztes-Mezőnyárád,47.845556,20.670278,2026-04-03 10:04:21.889266,17.38,16.22,15.25,17.38,1011,40,9.11,25,100,0.0,Clouds,overcast clouds,9
Csincse,47.890833,20.764167,2026-04-03 10:04:23.057394,17.4,16.24,15.27,17.4,1010,40,4.47,352,100,0.0,Clouds,overcast clouds,9
Emőd,47.930556,20.822778,2026-04-03 10:04:24.228632,17.42,16.26,15.29,17.42,1010,40,4.47,352,100,0.0,Clouds,overcast clouds,9
Nyékládháza,47.9925,20.840556,2026-04-03 10:04:25.408965,17.45,16.3,15.32,17.45,1010,40,4.47,352,99,0.0,Clouds,overcast clouds,9
Miskolc-Tiszai,48.098611,20.811389,2026-04-03 10:04:26.577996,17.37,16.21,15.24,17.37,1010,40,8.51,21,98,0.0,Clouds,overcast clouds,9
Felsőzsolca,48.083611,20.866111,2026-04-03 10:04:27.756515,17.4,16.24,15.26,17.4,1010,40,8.91,20,98,0.0,Clouds,overcast clouds,9
Hernádnémeti-Bőcs,48.051389,20.985,2026-04-03 10:04:28.925654,17.4,16.55,17.4,17.4,1010,52,9.0,16,98,0.0,Clouds,overcast clouds,9
Tiszalúc,48.039722,21.0575,2026-04-03 10:04:30.096006,17.44,16.57,14.26,17.44,1010,51,8.57,16,99,0.0,Clouds,overcast clouds,9
Taktaharkány,48.091667,21.128611,2026-04-03 10:04:31.273428,14.31,12.81,14.31,14.31,1010,39,8.49,16,98,0.0,Clouds,overcast clouds,9
Taktaszada,48.1125,21.149444,2026-04-03 10:04:32.443268,14.32,12.83,14.32,14.32,1010,39,8.37,16,98,0.0,Clouds,overcast clouds,9
Szerencs,48.155556,21.214444,2026-04-03 10:04:33.617906,14.31,12.81,14.31,14.31,1010,39,8.03,16,97,0.0,Clouds,overcast clouds,9
Mezőzombor,48.156944,21.267778,2026-04-03 10:04:34.791836,14.31,12.81,14.31,14.31,1010,39,7.98,16,98,0.0,Clouds,overcast clouds,9
Tarcal,48.125,21.34,2026-04-03 10:04:35.960818,14.33,12.84,14.33,14.33,1010,39,8.21,18,100,0.0,Clouds,overcast clouds,9
Tokaj,48.112778,21.406667,2026-04-03 10:04:37.131689,14.29,12.79,14.29,14.29,1010,39,8.78,19,100,0.0,Clouds,overcast clouds,9
Rakamaz,48.12,21.475,2026-04-03 10:04:38.300489,14.29,12.79,14.29,14.29,1010,39,9.02,19,99,0.0,Clouds,overcast clouds,9
Görögszállás,48.04,21.555,2026-04-03 10:04:39.481943,14.25,12.75,14.25,14.25,1010,39,9.7,21,95,0.0,Clouds,overcast clouds,9
Nyírtelek,48.005,21.615556,2026-04-03 10:04:40.651051,14.29,13.08,14.29,14.29,1010,50,10.14,19,84,0.0,Clouds,broken clouds,9
Rákoshegy,47.468611,19.245556,2026-04-03 10:04:41.824423,15.38,14.25,14.02,16.82,1011,49,5.14,330,0,0.0,Clear,clear sky,9
Ecser,47.439444,19.318056,2026-04-03 10:04:42.996940,15.1,13.89,14.8,16.86,1011,47,5.14,330,0,0.0,Clear,clear sky,9
Maglód,47.438889,19.340833,2026-04-03 10:04:44.168678,15.04,13.83,14.74,16.81,1011,47,5.14,330,0,0.0,Clear,clear sky,9
Maglódi nyaraló,47.434167,19.363611,2026-04-03 10:04:45.340651,14.94,13.72,14.64,16.71,1011,47,5.14,330,0,0.0,Clear,clear sky,9
Gyömrő,47.429722,19.393333,2026-04-03 10:04:46.513933,14.83,13.6,14.82,16.67,1011,47,5.14,330,0,0.0,Clear,clear sky,9
Mende,47.426944,19.439722,2026-04-03 10:04:47.687440,14.79,13.55,14.79,15.07,1011,47,5.14,330,0,0.0,Clear,clear sky,9
Szőlősnyaraló,47.450278,19.561111,2026-04-03 10:04:48.866357,15.02,13.83,15.02,17.52,1011,48,4.89,8,100,0.0,Clouds,overcast clouds,9
Sülysáp,47.451944,19.5275,2026-04-03 10:04:50.036238,15.0,13.83,15.0,17.5,1011,49,4.85,6,100,0.0,Clouds,overcast clouds,9
Tápiószecső,47.443056,19.614722,2026-04-03 10:04:51.209127,17.6,16.67,15.1,17.6,1010,48,4.88,9,100,0.0,Clouds,overcast clouds,9
Szentmártonkáta,47.431944,19.680556,2026-04-03 10:04:52.379609,17.63,16.55,17.63,17.63,1010,42,4.82,12,100,0.0,Clouds,overcast clouds,9
Nagykáta,47.409722,19.737778,2026-04-03 10:04:53.553363,17.7,16.62,17.7,17.7,1010,42,4.88,12,100,0.0,Clouds,overcast clouds,9
Farmos,47.355278,19.8375,2026-04-03 10:04:54.724665,17.81,16.74,17.81,17.81,1010,42,2.24,346,100,0.0,Clouds,overcast clouds,9
Tápiószele,47.346313,19.873504,2026-04-03 10:04:55.900425,17.79,16.72,17.79,17.79,1010,42,2.24,346,100,0.0,Clouds,overcast clouds,9
Tápiógyörgye,47.325,19.95,2026-04-03 10:04:57.072295,17.85,16.79,16.62,17.85,1010,42,2.24,346,100,0.0,Clouds,overcast clouds,9
Újszász,47.285833,20.066944,2026-04-03 10:04:58.243406,17.87,16.81,16.66,17.89,1010,42,7.23,29,100,0.0,Clouds,overcast clouds,9
Szurdokpüspöki,47.851944,19.690278,2026-04-03 10:04:59.413818,15.28,14.17,15.28,15.28,1011,50,3.2,13,100,0.0,Clouds,overcast clouds,9
Lőrinci,47.739444,19.673611,2026-04-03 10:05:00.584050,15.35,14.22,15.35,15.35,1011,49,3.68,10,100,0.0,Clouds,overcast clouds,9
Selyp,47.759167,19.670833,2026-04-03 10:05:01.760572,15.35,14.22,15.35,15.35,1011,49,3.58,10,100,0.0,Clouds,overcast clouds,9
Apc-Zagyvaszántó,47.791328,19.66822,2026-04-03 10:05:02.933127,15.32,14.19,15.32,15.32,1011,49,3.49,11,100,0.0,Clouds,overcast clouds,9
Pásztó,47.918889,19.688889,2026-04-03 10:05:04.110881,15.16,14.04,15.16,15.16,1011,50,2.95,15,100,0.0,Clouds,overcast clouds,9
Mátraszőlős-Hasznos,47.938506,19.706122,2026-04-03 10:05:05.283552,15.12,13.99,15.12,15.12,1011,50,3.11,19,100,0.0,Clouds,overcast clouds,9
Tar,47.956111,19.746389,2026-04-03 10:05:06.454962,15.06,13.93,15.06,15.06,1011,50,3.57,24,99,0.0,Clouds,overcast clouds,9
Mátraverebély,47.968333,19.778611,2026-04-03 10:05:07.633765,14.73,13.56,14.73,14.73,1011,50,3.57,24,99,0.0,Clouds,overcast clouds,9
Nagybátony,47.981111,19.82,2026-04-03 10:05:08.810737,14.94,13.85,14.94,14.94,1011,52,3.72,24,99,0.0,Clouds,overcast clouds,9
Kisterenye,48.009444,19.831944,2026-04-03 10:05:09.986801,14.93,13.78,14.93,14.93,1011,50,3.88,24,98,0.0,Clouds,overcast clouds,9
Kisterenye-Bányatelep,48.021389,19.831944,2026-04-03 10:05:11.166939,14.93,13.78,14.93,14.93,1011,50,3.88,24,98,0.0,Clouds,overcast clouds,9
Salgótarján külső,48.089444,19.790833,2026-04-03 10:05:12.335658,14.66,13.49,14.66,14.66,1011,50,2.73,25,97,0.0,Clouds,overcast clouds,9
Balatonfenyves GV,46.7125,17.479167,2026-04-03 10:05:13.515802,13.08,11.62,13.08,13.08,1014,45,10.55,352,100,0.0,Clouds,overcast clouds,9
Várhegyalja,47.737778,18.366667,2026-04-03 10:05:14.686386,14.27,13.01,14.27,14.27,1012,48,7.97,337,100,0.0,Clouds,overcast clouds,9
Imremajor,46.680556,17.499722,2026-04-03 10:05:15.874157,13.11,11.65,13.11,13.11,1014,45,10.36,352,100,0.0,Clouds,overcast clouds,9
Rákospalota-Kertváros,47.578333,19.122778,2026-04-03 10:05:17.043464,16.0,14.99,15.0,16.64,1010,51,5.14,330,0,0.0,Clear,clear sky,9
Vicziántelep,47.675833,19.286111,2026-04-03 10:05:18.214483,15.92,14.87,14.47,16.11,1011,50,3.77,342,100,0.0,Clouds,overcast clouds,9
Pálmajor,46.662831,17.457526,2026-04-03 10:05:19.389764,13.1,11.64,13.1,13.1,1014,45,10.15,353,100,0.0,Clouds,overcast clouds,9
Somogyszentpál felső,46.649758,17.471404,2026-04-03 10:05:20.580242,13.07,11.61,13.07,13.07,1014,45,10.15,353,100,0.0,Clouds,overcast clouds,9
Somogyszentpál,46.638611,17.478611,2026-04-03 10:05:21.757709,13.06,11.6,13.06,13.06,1014,45,9.92,354,100,0.0,Clouds,overcast clouds,9
Rudnaykert,47.7175,19.257778,2026-04-03 10:05:22.931367,16.46,15.49,15.31,16.46,1011,51,3.6,340,100,0.0,Clouds,overcast clouds,9
Maroshegy,47.158333,18.406667,2026-04-03 10:05:24.106069,14.5,13.23,14.5,14.5,1012,47,9.22,345,100,0.0,Clouds,overcast clouds,9
Bánhida,47.573703,18.371737,2026-04-03 10:05:25.286582,14.08,12.8,14.08,14.08,1012,48,8.17,337,100,0.0,Clouds,overcast clouds,9
Magyarkút,47.850278,19.045,2026-04-03 10:05:26.492653,13.79,12.56,13.79,13.79,1011,51,2.73,335,100,0.0,Clouds,overcast clouds,9
Becske alsó,47.897222,19.364722,2026-04-03 10:05:27.700653,13.43,12.16,13.43,13.43,1011,51,2.31,335,96,0.0,Clouds,overcast clouds,9
Hosszúberek-Péteri,47.370556,19.389722,2026-04-03 10:05:28.877257,15.1,13.89,15.1,16.95,1011,47,5.14,330,0,0.0,Clear,clear sky,9
Monorierdő,47.308889,19.499167,2026-04-03 10:05:30.079374,15.01,13.82,15.01,17.51,1010,48,5.26,8,100,0.0,Clouds,overcast clouds,9
Ceglédbercel,47.215833,19.658611,2026-04-03 10:05:31.267897,17.68,16.6,17.68,17.68,1010,42,5.66,12,99,0.0,Clouds,overcast clouds,9
Budai út,47.208333,19.731389,2026-04-03 10:05:32.461413,17.72,16.64,17.72,17.72,1010,42,5.7,13,99,0.0,Clouds,overcast clouds,9
Büdöskútpuszta,48.373056,20.726111,2026-04-03 10:05:33.847523,13.89,12.64,13.89,13.89,1011,50,4.54,24,72,0.0,Clouds,broken clouds,9
Bánrévei Vízmű,48.282778,20.368333,2026-04-03 10:05:35.046495,15.02,13.88,15.02,15.02,1011,50,4.05,19,80,0.0,Clouds,broken clouds,9
Rákoskert,47.456389,19.296111,2026-04-03 10:05:36.215311,14.97,13.75,14.67,16.73,1011,47,5.14,330,0,0.0,Clear,clear sky,9
Szirmabesenyő,48.146944,20.783056,2026-04-03 10:05:37.391154,17.3,16.55,15.17,17.3,1010,56,7.65,23,95,0.0,Clouds,overcast clouds,9
Kitérőgyár,47.766944,19.935278,2026-04-03 10:05:38.562813,15.17,14.1,15.17,15.17,1011,52,4.75,24,100,0.0,Clouds,overcast clouds,9
Tápiószentmárton,47.373333,19.797778,2026-04-03 10:05:39.742584,17.19,16.06,17.19,17.19,1010,42,1.34,341,100,0.0,Clouds,overcast clouds,9
Zagyvarékas,47.244229,20.097435,2026-04-03 10:05:40.918031,16.82,15.84,16.67,17.34,1010,49,9.26,30,0,0.0,Clear,clear sky,9
Abonyi út,47.206401,20.125204,2026-04-03 10:05:42.091144,16.84,15.86,16.67,17.34,1009,49,9.26,30,0,0.0,Clear,clear sky,9
Jászkisér felső,47.438056,20.202222,2026-04-03 10:05:43.263657,18.33,17.45,18.33,18.33,1010,47,7.21,32,100,0.0,Clouds,overcast clouds,9
Szellőhát,47.425556,20.188889,2026-04-03 10:05:44.436372,17.33,16.35,17.33,17.33,1010,47,7.35,31,99,0.0,Clouds,overcast clouds,9
Szilvásvárad-Szalajkavölgy,48.0956,20.38272,2026-04-03 10:05:45.609799,13.58,12.38,13.58,13.58,1011,53,4.19,19,88,0.0,Clouds,overcast clouds,9
Vásárosnamény külső,48.084444,22.255556,2026-04-03 10:05:46.783907,14.33,13.12,14.33,14.33,1009,50,8.02,9,43,0.0,Clouds,scattered clouds,9
Újváros,46.660556,20.536111,2026-04-03 10:05:47.959490,13.32,12.35,13.32,13.32,1009,63,7.22,32,89,0.0,Clouds,overcast clouds,9
Városi park,46.697778,19.864722,2026-04-03 10:05:49.143516,18.32,17.3,16.1,18.32,1009,42,8.36,26,87,0.0,Clouds,overcast clouds,9
Belsőkamaráspuszta,46.341944,20.848889,2026-04-03 10:05:50.313654,15.03,14.7,15.03,15.03,1009,81,7.85,18,100,0.0,Clouds,overcast clouds,9
Sajószöged,47.945278,20.981667,2026-04-03 10:05:51.484120,17.49,16.34,17.49,17.49,1010,40,8.8,16,100,0.0,Clouds,overcast clouds,9
Kazincbarcika alsó,48.255278,20.649167,2026-04-03 10:05:52.654653,15.13,14.06,15.13,15.13,1011,52,4.7,24,84,0.0,Clouds,broken clouds,9
Nyárjas,46.857778,19.923611,2026-04-03 10:05:53.825894,16.05,14.78,16.05,18.28,1009,41,7.2,10,0,0.0,Clear,clear sky,9
Pogonyipuszta,48.296389,20.381667,2026-04-03 10:05:54.999662,14.98,13.84,14.98,14.98,1011,50,4.05,19,80,0.0,Clouds,broken clouds,9
Sióvölgy,46.911103,18.076964,2026-04-03 10:05:56.170277,14.41,13.26,12.75,14.41,1013,52,10.34,349,100,0.0,Clouds,overcast clouds,9
Répáspuszta,46.430278,17.847222,2026-04-03 10:05:57.344363,14.03,12.74,14.03,14.03,1013,48,8.99,358,100,0.0,Clouds,overcast clouds,9
Virányos,48.066667,21.527222,2026-04-03 10:05:58.526518,14.28,12.78,14.28,14.28,1010,39,9.64,21,96,0.0,Clouds,overcast clouds,9
Füzesbokor,47.988611,21.6475,2026-04-03 10:05:59.697841,14.28,13.07,14.28,14.28,1010,50,10.18,19,77,0.0,Clouds,broken clouds,9
Kunfehértó,46.355833,19.417222,2026-04-03 10:06:00.872690,14.19,13.1,14.19,14.19,1010,55,8.24,15,98,0.0,Clouds,overcast clouds,9
Erdőszél,46.329444,19.395,2026-04-03 10:06:02.044235,14.03,12.92,14.03,14.03,1010,55,8.12,13,99,0.0,Clouds,overcast clouds,9
Jánoshalma,46.293056,19.330278,2026-04-03 10:06:03.219314,14.08,13.01,14.08,14.08,1010,56,8.1,13,100,0.0,Clouds,overcast clouds,9
Mélykút,46.213056,19.370556,2026-04-03 10:06:04.388041,13.99,12.96,13.99,13.99,1010,58,8.35,14,99,0.0,Clouds,overcast clouds,9
Bácsalmás,46.118056,19.346389,2026-04-03 10:06:05.575561,13.91,12.9,13.91,13.91,1010,59,8.4,13,99,0.0,Clouds,overcast clouds,9
Almás,46.116216,19.328803,2026-04-03 10:06:06.746054,13.91,12.9,13.91,13.91,1010,59,8.4,13,99,0.0,Clouds,overcast clouds,9
Bácsbokod-Bácsborsód,46.115833,19.16,2026-04-03 10:06:07.927326,13.91,12.9,13.91,13.91,1010,59,8.1,5,100,0.0,Clouds,overcast clouds,9
Baja,46.187014,18.957602,2026-04-03 10:06:09.106114,14.15,13.11,14.15,14.15,1011,57,8.17,359,100,0.0,Clouds,overcast clouds,9
Harkakötöny,46.458333,19.601944,2026-04-03 10:06:10.279435,13.73,12.54,13.73,13.73,1009,53,8.44,19,90,0.0,Clouds,overcast clouds,9
Tajó,46.473056,19.650556,2026-04-03 10:06:11.462360,13.77,12.59,13.77,13.77,1009,53,8.5,21,87,0.0,Clouds,overcast clouds,9
Kiskunmajsa,46.501667,19.728056,2026-04-03 10:06:12.643165,13.81,12.63,13.81,18.27,1009,53,8.55,22,84,0.0,Clouds,broken clouds,9
Jászszentlászló,46.565833,19.753611,2026-04-03 10:06:13.812436,18.29,17.27,18.29,18.29,1009,42,8.52,24,82,0.0,Clouds,broken clouds,9
Galambos,46.625,19.801111,2026-04-03 10:06:14.988584,18.32,17.3,18.32,18.32,1009,42,8.46,24,83,0.0,Clouds,broken clouds,9
Pestszentimre,47.402222,19.188611,2026-04-03 10:06:16.157902,15.36,14.26,14.23,16.61,1011,50,5.14,330,0,0.0,Clear,clear sky,9
Gyál felső,47.390278,19.204722,2026-04-03 10:06:17.327736,15.34,14.18,14.97,16.61,1011,48,5.14,330,0,0.0,Clear,clear sky,9
Gyál,47.376667,19.219444,2026-04-03 10:06:18.496004,15.25,14.08,14.99,16.64,1011,48,5.14,330,0,0.0,Clear,clear sky,9
Ócsa,47.301389,19.232222,2026-04-03 10:06:19.673147,15.25,14.06,15.0,15.51,1011,47,5.14,330,0,0.0,Clear,clear sky,9
Inárcs-Kakucs,47.247222,19.317778,2026-04-03 10:06:20.840545,15.23,14.09,15.23,15.23,1011,49,4.82,357,100,0.0,Clouds,overcast clouds,9
Dabas,47.194722,19.328889,2026-04-03 10:06:22.013783,15.24,14.1,15.24,15.24,1011,49,5.11,360,100,0.0,Clouds,overcast clouds,9
Gyón,47.178333,19.355556,2026-04-03 10:06:23.186107,15.21,14.07,15.21,15.21,1011,49,5.21,0,100,0.0,Clouds,overcast clouds,9
Hernád,47.161389,19.4025,2026-04-03 10:06:24.360638,14.75,13.53,14.75,14.75,1010,48,5.56,7,100,0.0,Clouds,overcast clouds,9
Bakonygyirót,47.416389,17.811944,2026-04-03 10:06:25.549533,13.59,12.18,12.71,13.59,1014,45,8.66,339,100,0.0,Clouds,overcast clouds,9
Vinye,47.360317,17.819635,2026-04-03 10:06:26.735881,12.03,10.46,12.03,12.91,1014,45,8.88,339,100,0.0,Clouds,overcast clouds,9
Nemesgörzsöny,47.402924,17.376385,2026-04-03 10:06:27.938663,13.16,11.68,13.16,13.16,1015,44,10.8,340,0,0.0,Clear,clear sky,9
Rábahíd,47.438618,17.337525,2026-04-03 10:06:29.121370,13.15,11.67,13.15,13.15,1015,44,10.8,340,0,0.0,Clear,clear sky,9
Öskü,47.162222,18.076389,2026-04-03 10:06:30.295794,14.08,12.72,14.08,14.08,1014,45,10.9,343,100,0.0,Clouds,overcast clouds,9
Márkó,47.1275,17.813889,2026-04-03 10:06:31.473446,10.94,9.37,10.94,11.53,1016,49,9.25,342,100,0.0,Clouds,overcast clouds,9
Nemeskocs,47.203333,17.188889,2026-04-03 10:06:32.647384,13.11,11.65,13.11,13.11,1015,45,9.97,353,100,0.0,Clouds,overcast clouds,9
Zalagyömörő,47.011111,17.220833,2026-04-03 10:06:33.819646,14.45,13.13,14.45,14.45,1015,45,10.16,357,100,0.0,Clouds,overcast clouds,9
Rigács,47.061667,17.199167,2026-04-03 10:06:34.997694,14.39,13.06,14.39,14.39,1015,45,10.12,356,100,0.0,Clouds,overcast clouds,9
Kemenespálfa,47.139722,17.183056,2026-04-03 10:06:36.167653,14.45,13.13,14.45,14.45,1015,45,9.97,355,100,0.0,Clouds,overcast clouds,9
Lentiszombathely,46.611389,16.5725,2026-04-03 10:06:37.338860,14.39,12.98,14.39,14.39,1014,42,7.65,12,100,0.0,Clouds,overcast clouds,9
Ortaháza,46.626667,16.685833,2026-04-03 10:06:38.506525,14.78,13.41,14.78,14.78,1014,42,7.06,10,100,0.0,Clouds,overcast clouds,9
Rádiháza,46.654722,16.765833,2026-04-03 10:06:39.675097,14.69,13.31,14.69,14.69,1014,42,7.2,8,100,0.0,Clouds,overcast clouds,9
Baktüttös,46.690833,16.826389,2026-04-03 10:06:40.844669,12.6,11.04,12.6,12.6,1014,43,8.22,5,100,0.0,Clouds,overcast clouds,9
Budafa,46.851667,16.624722,2026-04-03 10:06:42.015761,14.72,13.34,14.72,14.72,1014,42,8.45,11,100,0.0,Clouds,overcast clouds,9
Zalapatakalja,46.845556,16.603889,2026-04-03 10:06:43.184487,14.73,13.36,14.73,14.73,1014,42,8.4,13,100,0.0,Clouds,overcast clouds,9
Tormásliget,47.430556,16.781667,2026-04-03 10:06:44.354891,13.63,12.28,13.63,13.63,1015,47,10.7,348,99,0.0,Clouds,overcast clouds,9
Belecska,46.64,18.411389,2026-04-03 10:06:45.524310,14.41,13.19,14.41,14.41,1012,49,9.08,355,100,0.0,Clouds,overcast clouds,9
Almár,47.956111,20.356944,2026-04-03 10:06:46.694749,14.79,13.71,14.79,16.92,1011,53,4.97,23,93,0.0,Clouds,overcast clouds,9
Vasútmúzeum,47.543889,19.099444,2026-04-03 10:06:47.880384,15.85,14.82,14.27,16.65,1011,51,5.14,330,0,0.0,Clear,clear sky,9
Abda,47.690833,17.540556,2026-04-03 10:06:49.054554,14.09,12.73,14.09,14.09,1015,45,8.83,337,96,0.0,Clouds,overcast clouds,9
Vadaspark,47.526111,18.949167,2026-04-03 10:06:50.223125,13.51,12.3,12.47,14.85,1011,53,2.24,275,100,0.0,Clouds,overcast clouds,9
Barosstelep,47.398889,18.989167,2026-04-03 10:06:51.396262,15.46,14.45,14.33,16.71,1011,53,4.42,340,100,0.0,Clouds,overcast clouds,9
Fegyvernek-Örményes,47.194444,20.5575,2026-04-03 10:06:52.569070,17.02,16.08,17.02,17.02,1009,50,7.83,30,92,0.0,Clouds,overcast clouds,9
Zagyvapálfalva,48.068889,19.785,2026-04-03 10:06:53.739660,14.66,13.49,14.66,14.66,1011,50,3.03,25,97,0.0,Clouds,overcast clouds,9
Salgótarján,48.105556,19.807222,2026-04-03 10:06:54.909408,14.52,13.33,14.52,14.52,1011,50,2.39,25,96,0.0,Clouds,overcast clouds,9
Szabadisóstó,46.933889,18.118056,2026-04-03 10:06:56.082728,14.39,13.24,12.73,14.39,1013,52,10.25,349,100,0.0,Clouds,overcast clouds,9
Siófok,46.907778,18.053889,2026-04-03 10:06:57.252097,14.39,13.24,12.73,14.39,1013,52,10.34,349,100,0.0,Clouds,overcast clouds,9
Balatonszéplak felső,46.898056,18.018056,2026-04-03 10:06:58.424124,14.39,13.24,12.73,14.39,1013,52,10.2,349,100,0.0,Clouds,overcast clouds,9
Balatonszéplak alsó,46.891944,17.993333,2026-04-03 10:06:59.604514,14.39,13.24,12.73,14.39,1013,52,8.05,315,100,0.0,Clouds,overcast clouds,9
Zamárdi felső,46.886111,17.969444,2026-04-03 10:07:00.777493,13.52,12.0,12.15,14.4,1013,41,8.05,315,100,0.0,Clouds,overcast clouds,9
Zamárdi,46.88,17.944722,2026-04-03 10:07:01.946753,13.33,11.76,12.08,14.34,1013,40,8.05,315,100,0.0,Clouds,overcast clouds,9
Szántód,46.861944,17.899167,2026-04-03 10:07:03.124514,13.22,11.59,12.16,14.41,1013,38,8.05,315,100,0.0,Clouds,overcast clouds,9
Szőny-Déli,47.735278,18.141944,2026-04-03 10:07:04.292414,14.12,12.79,14.12,16.73,1013,46,9.06,337,95,0.0,Clouds,overcast clouds,9
Várpalota,47.194444,18.149167,2026-04-03 10:07:05.461989,13.73,12.36,13.73,13.73,1014,46,10.64,341,100,0.0,Clouds,overcast clouds,9
Pétfürdő,47.1675,18.121389,2026-04-03 10:07:06.630303,14.21,12.89,14.21,14.21,1014,46,10.78,342,100,0.0,Clouds,overcast clouds,9
Hajmáskér,47.141111,18.009444,2026-04-03 10:07:07.799302,13.67,12.27,11.73,13.99,1014,45,10.84,342,100,0.0,Clouds,overcast clouds,9
Veszprém,47.118889,17.91,2026-04-03 10:07:08.975253,11.65,10.15,11.53,13.78,1015,49,10.05,342,100,0.0,Clouds,overcast clouds,9
Herend,47.136944,17.760278,2026-04-03 10:07:10.151987,10.71,9.12,10.71,11.31,1016,49,9.08,343,100,0.0,Clouds,overcast clouds,9
Városlőd,47.144167,17.652778,2026-04-03 10:07:11.323760,10.88,9.3,10.88,11.98,1016,49,9.08,345,100,0.0,Clouds,overcast clouds,9
Városlőd-Kislőd,47.133889,17.631111,2026-04-03 10:07:12.496778,10.99,9.42,10.99,12.09,1016,49,9.14,345,100,0.0,Clouds,overcast clouds,9
Ajka,47.105902,17.572938,2026-04-03 10:07:13.662123,11.29,9.75,11.29,12.39,1016,49,9.78,348,100,0.0,Clouds,overcast clouds,9
Ajka-Gyártelep,47.096806,17.555219,2026-04-03 10:07:14.829707,11.34,9.81,11.34,12.44,1016,49,9.78,348,100,0.0,Clouds,overcast clouds,9
Devecser,47.1125,17.435278,2026-04-03 10:07:16.002609,11.75,10.26,11.75,12.84,1015,49,10.2,350,100,0.0,Clouds,overcast clouds,9
Somlóvásárhely,47.124444,17.369167,2026-04-03 10:07:17.176424,11.86,10.28,11.86,12.95,1015,45,10.2,352,100,0.0,Clouds,overcast clouds,9
Tüskevár,47.128611,17.331389,2026-04-03 10:07:18.356995,11.89,10.31,11.89,12.99,1015,45,10.17,353,100,0.0,Clouds,overcast clouds,9
Karakószörcsök,47.133611,17.287778,2026-04-03 10:07:19.530157,14.35,13.02,14.35,14.35,1015,45,10.14,354,100,0.0,Clouds,overcast clouds,9
Kerta,47.151944,17.237222,2026-04-03 10:07:20.701045,14.47,13.15,14.47,14.47,1015,45,10.0,354,100,0.0,Clouds,overcast clouds,9
Boba,47.183333,17.191389,2026-04-03 10:07:21.869736,14.43,13.1,14.43,14.43,1015,45,9.97,354,100,0.0,Clouds,overcast clouds,9
Börgönd,47.140278,18.515,2026-04-03 10:07:23.046505,14.49,13.25,14.49,14.49,1012,48,8.56,347,100,0.0,Clouds,overcast clouds,9
Belsőbáránd,47.102778,18.499722,2026-04-03 10:07:24.236264,14.41,13.13,14.41,14.41,1012,47,8.73,347,100,0.0,Clouds,overcast clouds,9
Zichyújfalu,47.124444,18.6725,2026-04-03 10:07:25.428226,14.59,13.38,14.59,14.59,1011,49,7.56,348,100,0.0,Clouds,overcast clouds,9
Seregélyes,47.121111,18.580556,2026-04-03 10:07:26.828807,14.66,13.43,14.66,14.66,1012,48,8.38,347,100,0.0,Clouds,overcast clouds,9
Polgárdi-Ipartelepek,47.079167,18.314444,2026-04-03 10:07:28.033797,14.02,12.68,14.02,14.02,1013,46,9.48,347,100,0.0,Clouds,overcast clouds,9
Polgárdi,47.07,18.284167,2026-04-03 10:07:29.233814,14.02,12.68,14.02,14.02,1013,46,9.48,347,100,0.0,Clouds,overcast clouds,9
Füle,47.05,18.255278,2026-04-03 10:07:30.441499,13.99,12.65,13.99,13.99,1013,46,9.55,348,100,0.0,Clouds,overcast clouds,9
Zánka-Erzsébettábor,46.8775,17.709167,2026-04-03 10:07:31.627663,12.53,10.62,12.09,14.34,1014,30,9.8,348,100,0.0,Clouds,overcast clouds,9
Csajág,47.033889,18.186389,2026-04-03 10:07:32.814598,14.23,13.07,12.57,14.23,1013,52,10.08,348,100,0.0,Clouds,overcast clouds,9
Balatonakarattya,47.017222,18.167778,2026-04-03 10:07:33.991713,14.08,12.9,12.42,14.08,1013,52,10.08,348,100,0.0,Clouds,overcast clouds,9
Csittényhegy,47.025278,18.1375,2026-04-03 10:07:35.162473,14.3,13.14,12.64,14.3,1013,52,10.32,348,100,0.0,Clouds,overcast clouds,9
Balatonkenese,47.0325,18.105556,2026-04-03 10:07:36.337252,14.38,13.23,12.72,14.38,1013,52,10.54,347,100,0.0,Clouds,overcast clouds,9
Balatonfűzfő,47.060278,18.0425,2026-04-03 10:07:37.513477,13.86,12.42,12.15,14.41,1014,43,10.88,345,100,0.0,Clouds,overcast clouds,9
Balatonalmádi,47.028333,18.015,2026-04-03 10:07:38.685683,13.72,12.24,12.13,14.38,1014,42,10.82,346,100,0.0,Clouds,overcast clouds,9
Káptalanfüred,47.008889,18.003889,2026-04-03 10:07:39.858766,13.7,12.22,12.15,14.41,1013,42,10.68,346,100,0.0,Clouds,overcast clouds,9
Alsóörs,46.985278,17.974722,2026-04-03 10:07:41.039944,13.55,12.03,12.17,14.42,1013,41,8.05,315,100,0.0,Clouds,overcast clouds,9
Csopak,46.974722,17.931111,2026-04-03 10:07:42.235707,13.1,11.46,12.04,14.29,1013,38,8.05,315,100,0.0,Clouds,overcast clouds,9
Balatonarács,46.9625,17.8975,2026-04-03 10:07:43.404795,12.75,11.02,11.94,14.19,1013,36,8.05,315,100,0.0,Clouds,overcast clouds,9
Balatonfüred,46.955833,17.883056,2026-04-03 10:07:44.576862,12.74,10.98,12.01,14.26,1013,35,8.05,315,100,0.0,Clouds,overcast clouds,9
Aszófő,46.925556,17.8325,2026-04-03 10:07:45.747661,12.7,10.84,12.1,14.36,1013,31,8.05,315,100,0.0,Clouds,overcast clouds,9
Örvényes,46.9125,17.818056,2026-04-03 10:07:46.918413,12.72,10.83,12.12,14.38,1013,30,8.05,315,100,0.0,Clouds,overcast clouds,9
Balatonudvari,46.904722,17.808056,2026-04-03 10:07:48.094420,12.75,10.89,12.16,14.41,1013,31,8.05,315,100,0.0,Clouds,overcast clouds,9
Fövenyes,46.893611,17.789444,2026-04-03 10:07:49.268324,12.76,10.87,12.17,14.43,1013,30,8.05,315,100,0.0,Clouds,overcast clouds,9
Balatonakali-Dörgicse,46.88,17.747778,2026-04-03 10:07:50.438521,12.7,10.81,12.17,14.42,1013,30,9.57,347,100,0.0,Clouds,overcast clouds,9
Zánka-Köveskál,46.872778,17.687778,2026-04-03 10:07:51.607161,12.56,10.65,12.16,14.41,1014,30,9.98,348,100,0.0,Clouds,overcast clouds,9
Balatonszepezd,46.851111,17.663056,2026-04-03 10:07:52.782027,12.75,10.86,12.16,12.75,1014,30,10.05,348,100,0.0,Clouds,overcast clouds,9
Szepezdfürdő,46.839722,17.649444,2026-04-03 10:07:53.960871,12.72,11.17,12.13,12.72,1014,43,10.26,348,100,0.0,Clouds,overcast clouds,9
Révfülöp,46.829167,17.632222,2026-04-03 10:07:55.131669,12.73,11.18,12.14,12.73,1014,43,10.26,348,100,0.0,Clouds,overcast clouds,9
Balatonrendes,46.824722,17.582778,2026-04-03 10:07:56.303810,12.73,11.21,12.14,12.73,1014,44,10.81,350,100,0.0,Clouds,overcast clouds,9
Ábrahámhegy,46.815,17.572222,2026-04-03 10:07:57.482254,12.7,11.17,12.1,12.7,1014,44,10.81,350,100,0.0,Clouds,overcast clouds,9
Badacsonyörs,46.805556,17.531667,2026-04-03 10:07:58.651705,12.16,10.58,12.16,12.16,1014,44,10.91,350,100,0.0,Clouds,overcast clouds,9
Kisújszállás,47.223889,20.751111,2026-04-03 10:07:59.822442,14.86,13.73,14.86,14.86,1009,51,8.28,32,83,0.0,Clouds,broken clouds,9
Karcag,47.303333,20.928056,2026-04-03 10:08:01.007773,14.84,13.71,14.84,14.84,1009,51,8.66,32,81,0.0,Clouds,broken clouds,9
Püspökladány,47.3275,21.128889,2026-04-03 10:08:02.176673,14.83,13.73,14.83,14.83,1009,52,9.16,30,83,0.0,Clouds,broken clouds,9
Kaba,47.368889,21.259444,2026-04-03 10:08:03.344483,17.1,16.2,17.1,17.1,1009,51,9.26,27,85,0.0,Clouds,overcast clouds,9
Hajdúszoboszló,47.429444,21.406944,2026-04-03 10:08:04.514883,17.09,15.95,17.09,17.09,1009,42,8.75,20,0,0.0,Clear,clear sky,9
Ebes,47.462778,21.488889,2026-04-03 10:08:05.685681,17.04,15.9,17.04,17.04,1009,42,8.75,20,0,0.0,Clear,clear sky,9
Debrecen,47.520278,21.628611,2026-04-03 10:08:06.860738,16.92,15.76,16.92,16.92,1008,42,8.75,20,0,0.0,Clear,clear sky,9
Debrecen-Csapókert,47.540556,21.648056,2026-04-03 10:08:08.030575,16.87,15.71,16.87,16.87,1008,42,8.75,20,0,0.0,Clear,clear sky,9
Apafa,47.584045,21.655858,2026-04-03 10:08:09.203794,16.83,15.67,16.83,16.83,1008,42,8.75,20,0,0.0,Clear,clear sky,9
Bocskaikert,47.6425,21.666389,2026-04-03 10:08:10.379160,16.76,15.59,16.76,16.76,1009,42,8.75,20,0,0.0,Clear,clear sky,9
Hajdúhadház,47.686944,21.679167,2026-04-03 10:08:11.547668,16.73,15.74,16.73,16.73,1009,49,9.44,18,72,0.0,Clouds,broken clouds,9
Téglás,47.714722,21.684722,2026-04-03 10:08:12.717956,16.8,15.84,16.8,16.8,1009,50,9.48,18,69,0.0,Clouds,broken clouds,9
Újfehértó,47.814444,21.706389,2026-04-03 10:08:13.888248,14.47,13.28,14.47,14.47,1009,50,9.68,18,62,0.0,Clouds,broken clouds,9
Nyíregyháza,47.946667,21.705556,2026-04-03 10:08:15.061347,14.39,13.19,14.39,14.39,1010,50,10.05,18,68,0.0,Clouds,broken clouds,9
Sóstó,47.998051,21.729047,2026-04-03 10:08:16.235817,14.26,13.07,14.26,14.26,1010,51,10.09,15,68,0.0,Clouds,broken clouds,9
Sóstóhegy,48.012222,21.742778,2026-04-03 10:08:17.404882,14.26,13.07,14.26,14.26,1010,51,10.17,15,71,0.0,Clouds,broken clouds,9
Kemecse,48.065556,21.801667,2026-04-03 10:08:18.573353,14.41,13.24,14.41,14.41,1010,51,10.15,12,73,0.0,Clouds,broken clouds,9
Nyírbogdány,48.082222,21.855278,2026-04-03 10:08:19.741996,14.38,13.23,14.38,14.38,1010,52,10.09,10,75,0.0,Clouds,broken clouds,9
Kék,48.093333,21.883889,2026-04-03 10:08:20.920671,14.42,13.28,14.42,14.42,1010,52,9.74,8,71,0.0,Clouds,broken clouds,9
Demecser,48.111667,21.926667,2026-04-03 10:08:22.093615,14.43,13.29,14.43,14.43,1010,52,9.63,7,73,0.0,Clouds,broken clouds,9
Gégény,48.128333,21.951944,2026-04-03 10:08:23.263337,14.41,13.26,14.41,14.41,1010,52,9.52,6,74,0.0,Clouds,broken clouds,9
Pátroha,48.158611,21.996667,2026-04-03 10:08:24.435343,14.43,13.29,14.43,14.43,1010,52,9.39,5,74,0.0,Clouds,broken clouds,9
Ajak,48.1865,22.048972,2026-04-03 10:08:25.611791,14.42,13.28,14.42,14.42,1010,52,9.24,4,75,0.0,Clouds,broken clouds,9
Kisvárda,48.208333,22.078333,2026-04-03 10:08:26.782033,14.43,13.29,14.43,14.43,1010,52,8.83,3,71,0.0,Clouds,broken clouds,9
Kisvárda-Hármasút,48.228333,22.091944,2026-04-03 10:08:27.956498,14.43,13.29,14.43,14.43,1010,52,8.83,3,71,0.0,Clouds,broken clouds,9
Fényeslitke,48.267222,22.107222,2026-04-03 10:08:29.129019,14.37,13.22,14.37,14.37,1010,52,8.7,2,73,0.0,Clouds,broken clouds,9
Komoró,48.305278,22.118056,2026-04-03 10:08:30.305530,14.39,13.24,14.39,14.39,1010,52,8.78,1,75,0.0,Clouds,broken clouds,9
Tuzsér,48.342222,22.131667,2026-04-03 10:08:31.479828,14.32,13.17,14.32,14.32,1010,52,8.93,360,80,0.0,Clouds,broken clouds,9
Tiszabezdéd,48.371389,22.145,2026-04-03 10:08:32.651539,14.33,13.15,14.33,14.33,1010,51,8.72,359,79,0.0,Clouds,broken clouds,9
Záhony,48.402222,22.183611,2026-04-03 10:08:33.828419,14.31,13.1,14.31,14.31,1010,50,8.49,359,78,0.0,Clouds,broken clouds,9
Karcag-Vásártér,47.3225,20.9075,2026-04-03 10:08:35.004899,18.33,17.55,18.33,18.33,1009,51,8.66,32,81,0.0,Clouds,broken clouds,9
Berekfürdő,47.374722,20.827222,2026-04-03 10:08:36.179439,18.32,17.51,18.32,18.32,1009,50,8.27,30,88,0.0,Clouds,overcast clouds,9
Kunmadaras,47.415278,20.793056,2026-04-03 10:08:37.357001,18.31,17.29,18.31,18.31,1010,42,8.14,28,94,0.0,Clouds,overcast clouds,9
Tiszaszentimre,47.490833,20.733056,2026-04-03 10:08:38.542792,18.32,17.3,18.32,18.32,1010,42,8.23,24,99,0.0,Clouds,overcast clouds,9
Tiszaszőlős,47.555556,20.728056,2026-04-03 10:08:39.716533,18.32,17.3,18.32,18.32,1010,42,8.43,23,100,0.0,Clouds,overcast clouds,9
Hosszúhát,47.235556,21.101944,2026-04-03 10:08:40.887324,14.8,13.72,14.8,14.8,1009,53,8.71,30,87,0.0,Clouds,overcast clouds,9
Szerep,47.234444,21.145833,2026-04-03 10:08:42.059009,14.8,13.72,14.8,14.8,1009,53,8.67,29,90,0.0,Clouds,overcast clouds,9
Sárrétudvari,47.231667,21.180833,2026-04-03 10:08:43.231491,14.78,13.72,14.78,14.78,1009,54,8.61,28,93,0.0,Clouds,overcast clouds,9
Biharnagybajom,47.208889,21.221944,2026-04-03 10:08:44.402089,14.76,13.7,14.76,14.76,1009,54,8.24,27,98,0.0,Clouds,overcast clouds,9
Füzesgyarmat,47.113056,21.194444,2026-04-03 10:08:45.577092,14.73,13.75,14.73,14.73,1009,57,7.52,28,96,0.0,Clouds,overcast clouds,9
Füzesgyarmatfürdő,47.093787,21.201582,2026-04-03 10:08:46.750528,14.73,13.75,14.73,14.73,1009,57,7.52,28,96,0.0,Clouds,overcast clouds,9
Báránd,47.299722,21.235278,2026-04-03 10:08:47.934828,14.82,13.72,14.82,14.82,1009,52,9.03,27,91,0.0,Clouds,overcast clouds,9
Sáp,47.259722,21.360556,2026-04-03 10:08:49.105568,14.78,13.7,14.78,14.78,1009,53,8.51,24,100,0.0,Clouds,overcast clouds,9
Berettyóújfalu,47.211944,21.535556,2026-04-03 10:08:50.277436,14.73,13.69,14.73,14.73,1008,55,7.47,20,98,0.0,Clouds,overcast clouds,9
Mezőpeterd,47.176111,21.625278,2026-04-03 10:08:51.448158,14.71,13.67,14.71,14.71,1008,55,6.92,19,94,0.0,Clouds,overcast clouds,9
Biharkeresztes,47.135556,21.721389,2026-04-03 10:08:52.622581,14.67,13.65,14.67,14.67,1008,56,6.66,20,88,0.0,Clouds,overcast clouds,9
Tócóvölgy,47.529444,21.588889,2026-04-03 10:08:53.798159,16.97,15.82,16.97,16.97,1008,42,8.75,20,0,0.0,Clear,clear sky,9
Sáregres,46.7825,18.588889,2026-04-03 10:08:54.967569,14.58,13.37,14.58,14.58,1012,49,8.18,352,100,0.0,Clouds,overcast clouds,9
Simontornya,46.756582,18.540674,2026-04-03 10:08:56.142732,14.45,13.2,14.45,14.45,1012,48,8.62,352,100,0.0,Clouds,overcast clouds,9
Tolnanémedi,46.727778,18.475833,2026-04-03 10:08:57.317554,14.49,13.25,14.49,14.49,1012,48,8.74,352,100,0.0,Clouds,overcast clouds,9
Pincehely,46.681389,18.43,2026-04-03 10:08:58.488174,14.31,13.05,14.31,14.31,1012,48,9.09,354,100,0.0,Clouds,overcast clouds,9
Keszőhidegkút-Gyönk,46.597778,18.426111,2026-04-03 10:08:59.656700,14.31,13.08,14.31,14.31,1012,49,9.06,355,100,0.0,Clouds,overcast clouds,9
Szárazd,46.575556,18.420833,2026-04-03 10:09:00.827040,14.34,13.14,14.34,14.34,1012,50,9.02,356,100,0.0,Clouds,overcast clouds,9
Regöly,46.568889,18.396111,2026-04-03 10:09:02.010721,14.34,13.14,14.34,14.34,1012,50,9.02,356,100,0.0,Clouds,overcast clouds,9
Szakály-Hőgyész,46.523611,18.389444,2026-04-03 10:09:03.179794,14.21,12.99,14.21,14.21,1012,50,8.95,357,100,0.0,Clouds,overcast clouds,9
Dúzs,46.493889,18.377222,2026-04-03 10:09:04.360322,14.24,13.05,14.24,14.24,1012,51,8.86,357,100,0.0,Clouds,overcast clouds,9
Csibrák,46.466667,18.336389,2026-04-03 10:09:05.531665,14.28,13.1,14.28,14.28,1012,51,8.78,357,100,0.0,Clouds,overcast clouds,9
Kurd,46.449167,18.319167,2026-04-03 10:09:06.702111,13.92,12.73,13.92,13.92,1012,52,8.64,358,100,0.0,Clouds,overcast clouds,9
Döbrököz,46.418889,18.255,2026-04-03 10:09:07.876043,14.19,13.02,14.19,14.19,1012,52,8.5,358,100,0.0,Clouds,overcast clouds,9
Dombóvár,46.37,18.149722,2026-04-03 10:09:09.049680,14.16,12.99,14.16,14.16,1012,52,8.15,359,100,0.0,Clouds,overcast clouds,9
Dombóvár alsó,46.363889,18.134167,2026-04-03 10:09:10.222815,14.16,12.99,14.16,14.16,1012,52,8.15,359,100,0.0,Clouds,overcast clouds,9
Somoskőújfalu,48.154722,19.815556,2026-04-03 10:09:11.397173,11.72,10.25,11.72,11.72,1011,50,1.73,25,94,0.0,Clouds,overcast clouds,9
Jászfényszaru,47.593056,19.754444,2026-04-03 10:09:12.569392,14.75,13.53,14.75,14.75,1010,48,4.35,16,100,0.0,Clouds,overcast clouds,9
Pusztamonostor,47.564444,19.794167,2026-04-03 10:09:13.746312,17.16,16.18,17.16,17.16,1010,48,4.47,17,100,0.0,Clouds,overcast clouds,9
Jászberény,47.494444,19.893333,2026-04-03 10:09:14.919991,17.26,16.27,17.26,17.26,1010,47,4.85,17,100,0.0,Clouds,overcast clouds,9
Meggyespele,47.441944,19.938889,2026-04-03 10:09:16.091618,17.28,16.16,17.28,17.28,1010,42,5.53,21,100,0.0,Clouds,overcast clouds,9
Portelek,47.418056,19.958889,2026-04-03 10:09:17.268271,17.3,16.18,17.3,17.3,1010,42,5.64,21,100,0.0,Clouds,overcast clouds,9
Jászboldogháza-Jánoshida,47.366944,20.001389,2026-04-03 10:09:18.438378,17.29,16.17,17.29,17.29,1010,42,6.12,24,100,0.0,Clouds,overcast clouds,9
Jászárokszállás,47.635556,19.971111,2026-04-03 10:09:19.608504,15.55,14.41,15.55,15.55,1010,48,4.9,22,100,0.0,Clouds,overcast clouds,9
Jászdózsa,47.563056,20.028056,2026-04-03 10:09:20.780114,14.83,13.62,14.83,14.83,1010,48,5.37,23,100,0.0,Clouds,overcast clouds,9
Jászapáti,47.513611,20.155,2026-04-03 10:09:21.959319,14.83,13.62,14.83,14.83,1010,48,6.52,31,100,0.0,Clouds,overcast clouds,9
Jászkisér,47.456111,20.203333,2026-04-03 10:09:23.137260,18.34,17.48,18.34,18.34,1010,48,7.08,32,100,0.0,Clouds,overcast clouds,9
Jászladány,47.373333,20.159167,2026-04-03 10:09:24.306540,17.34,16.36,17.01,17.34,1010,47,7.36,30,99,0.0,Clouds,overcast clouds,9
Szászberek,47.320556,20.090833,2026-04-03 10:09:25.478731,17.33,16.22,16.66,17.33,1010,42,7.35,29,100,0.0,Clouds,overcast clouds,9
Gyöngyöshalász,47.743056,19.932222,2026-04-03 10:09:26.652942,15.33,14.28,15.33,15.33,1011,52,4.7,24,100,0.0,Clouds,overcast clouds,9
Gyöngyös,47.783056,19.937222,2026-04-03 10:09:27.822321,15.05,13.97,15.05,15.05,1011,52,4.86,24,100,0.0,Clouds,overcast clouds,9
Erdőtelek,47.683333,20.3025,2026-04-03 10:09:29.000036,14.63,13.43,14.63,14.63,1010,49,6.98,34,100,0.0,Clouds,overcast clouds,9
Heves,47.609444,20.306111,2026-04-03 10:09:30.169609,18.27,17.43,18.27,18.27,1010,49,7.45,34,100,0.0,Clouds,overcast clouds,9
Hevesvezekény,47.562222,20.365833,2026-04-03 10:09:31.344317,18.31,17.29,18.31,18.31,1010,42,8.11,34,100,0.0,Clouds,overcast clouds,9
Tarnaszentmiklós,47.546944,20.390833,2026-04-03 10:09:32.516709,18.32,17.3,18.32,18.32,1010,42,8.17,33,100,0.0,Clouds,overcast clouds,9
Kisköre,47.495556,20.481667,2026-04-03 10:09:33.691291,18.34,17.33,18.34,18.34,1010,42,4.47,25,100,0.0,Clouds,overcast clouds,9
Abádszalók,47.455278,20.553056,2026-04-03 10:09:34.860549,18.32,17.3,18.32,18.32,1010,42,4.47,25,100,0.0,Clouds,overcast clouds,9
Kunhegyes,47.376667,20.641111,2026-04-03 10:09:36.033774,18.32,17.3,18.32,18.32,1010,42,8.07,27,97,0.0,Clouds,overcast clouds,9
Kenderes,47.254444,20.686111,2026-04-03 10:09:37.210691,18.35,17.55,18.35,18.35,1009,50,8.01,31,89,0.0,Clouds,overcast clouds,9
Maklár,47.808056,20.404722,2026-04-03 10:09:38.383031,15.13,14.0,15.13,15.13,1011,50,7.31,33,100,0.0,Clouds,overcast clouds,9
Andornaktálya,47.852203,20.402295,2026-04-03 10:09:39.556298,15.12,13.99,15.07,17.2,1011,50,6.71,31,100,0.0,Clouds,overcast clouds,9
Eger,47.891667,20.381667,2026-04-03 10:09:40.734589,14.98,13.84,14.98,17.11,1011,50,5.83,29,97,0.0,Clouds,overcast clouds,9
Egervár,47.908056,20.380556,2026-04-03 10:09:41.903882,14.8,13.72,14.8,16.93,1011,53,5.57,27,96,0.0,Clouds,overcast clouds,9
Eger-Felnémet,47.936667,20.370556,2026-04-03 10:09:43.075860,14.85,13.77,14.85,16.98,1011,53,5.31,26,95,0.0,Clouds,overcast clouds,9
Szarvaskő,47.988611,20.3325,2026-04-03 10:09:44.245693,14.44,13.32,14.44,14.64,1011,53,4.79,21,92,0.0,Clouds,overcast clouds,9
Mónosbél,48.031944,20.33,2026-04-03 10:09:45.419112,14.26,13.13,14.26,14.45,1011,53,4.49,19,89,0.0,Clouds,overcast clouds,9
Bélapátfalva,48.055556,20.340556,2026-04-03 10:09:46.589588,13.97,12.81,13.97,13.97,1011,53,4.36,18,88,0.0,Clouds,overcast clouds,9
Bélapátfalvi Cementgyár,48.058056,20.355,2026-04-03 10:09:47.763696,13.92,12.75,13.92,13.92,1011,53,4.36,18,88,0.0,Clouds,overcast clouds,9
Szilvásvárad,48.11345,20.37919,2026-04-03 10:09:48.945571,13.79,12.61,13.79,13.79,1011,53,4.07,18,87,0.0,Clouds,overcast clouds,9
Hejőkeresztúr,47.960278,20.869444,2026-04-03 10:09:50.118771,17.46,16.31,17.46,17.46,1010,40,4.47,352,99,0.0,Clouds,overcast clouds,9
Tiszaújváros,47.926111,21.030556,2026-04-03 10:09:51.290605,17.51,16.65,17.51,17.51,1010,51,8.64,16,100,0.0,Clouds,overcast clouds,9
Miskolc-Gömöri,48.106667,20.800278,2026-04-03 10:09:52.458934,17.36,16.2,15.22,17.36,1010,40,8.26,22,97,0.0,Clouds,overcast clouds,9
Sajókeresztúr,48.168008,20.774014,2026-04-03 10:09:53.629166,17.3,16.52,15.17,17.3,1010,55,7.35,24,94,0.0,Clouds,overcast clouds,9
Sajóecseg,48.186111,20.766667,2026-04-03 10:09:54.796922,17.34,16.54,15.21,17.34,1010,54,7.05,24,92,0.0,Clouds,overcast clouds,9
Sajószentpéter,48.222222,20.708056,2026-04-03 10:09:55.973075,15.11,14.06,15.11,17.25,1010,53,6.31,25,89,0.0,Clouds,overcast clouds,9
Kazincbarcika,48.264444,20.6275,2026-04-03 10:09:57.144591,15.12,14.05,15.12,15.12,1011,52,4.1,23,82,0.0,Clouds,broken clouds,9
Sajókaza,48.272778,20.581944,2026-04-03 10:09:58.316936,15.11,14.03,15.11,15.11,1011,52,3.84,21,81,0.0,Clouds,broken clouds,9
Vadna,48.276389,20.555278,2026-04-03 10:09:59.486804,15.09,14.01,15.09,15.09,1011,52,3.84,21,81,0.0,Clouds,broken clouds,9
Dubicsány,48.280833,20.504722,2026-04-03 10:10:00.659907,15.08,13.98,15.08,15.08,1011,51,3.56,17,80,0.0,Clouds,broken clouds,9
Raposka,46.851389,17.412778,2026-04-03 10:10:01.849620,13.06,11.57,13.06,13.06,1014,44,10.82,352,100,0.0,Clouds,overcast clouds,9
Ivacs,47.641944,19.273889,2026-04-03 10:10:03.020890,14.93,13.78,13.9,15.13,1011,50,3.62,343,100,0.0,Clouds,overcast clouds,9
Kisköre-Tiszahíd,47.480835,20.507698,2026-04-03 10:10:04.191060,18.32,17.3,18.32,18.32,1010,42,4.47,25,100,0.0,Clouds,overcast clouds,9
Rozsály,47.912778,22.7825,2026-04-03 10:10:05.361974,17.25,16.31,17.03,17.25,1008,49,7.47,9,62,0.0,Clouds,broken clouds,9
Pusztakettős,47.453611,20.749722,2026-04-03 10:10:06.529430,18.32,17.3,18.32,18.32,1010,42,8.11,26,96,0.0,Clouds,overcast clouds,9
Kisvác,47.795278,19.113611,2026-04-03 10:10:07.708907,16.61,15.66,14.23,16.61,1011,51,2.73,340,100,0.0,Clouds,overcast clouds,9
Tiszafüred-Gyártelep,47.6075,20.736111,2026-04-03 10:10:08.879826,18.29,17.27,18.29,18.29,1010,42,8.65,23,100,0.0,Clouds,overcast clouds,9
Újkenéz,48.251111,22.221667,2026-04-03 10:10:10.052821,14.34,13.16,14.34,14.34,1009,51,7.64,6,58,0.0,Clouds,broken clouds,9
Püspökladány-Vásártér,47.319167,21.096111,2026-04-03 10:10:11.238273,14.82,13.72,14.82,14.82,1009,52,9.08,30,84,0.0,Clouds,broken clouds,9
Végegyháza alsó,46.3675,20.866944,2026-04-03 10:10:12.412339,15.05,14.73,15.05,15.05,1009,81,7.87,18,100,0.0,Clouds,overcast clouds,9
Orosháza felső,46.553611,20.655278,2026-04-03 10:10:13.583091,14.41,13.68,14.41,14.41,1009,68,7.1,31,99,0.0,Clouds,overcast clouds,9
Ambrózfalva,46.353056,20.740556,2026-04-03 10:10:14.754581,14.16,13.64,14.16,14.16,1009,77,7.64,20,100,0.0,Clouds,overcast clouds,9
Alsónyék,46.199444,18.738056,2026-04-03 10:10:15.923975,15.82,14.95,15.82,15.82,1011,57,8.25,358,100,0.0,Clouds,overcast clouds,9
Tompapuszta,46.321389,20.966389,2026-04-03 10:10:17.093370,15.01,15.18,13.95,15.08,1009,100,7.92,17,100,0.0,Clouds,overcast clouds,9
Halászlak,46.911879,20.56228,2026-04-03 10:10:18.275935,14.72,13.66,14.72,14.72,1009,54,7.82,31,83,0.0,Clouds,broken clouds,9
Sirató,46.840556,20.61,2026-04-03 10:10:19.457656,14.69,13.7,14.69,14.69,1009,57,7.67,31,86,0.0,Clouds,overcast clouds,9
Csabacsűd felső,46.829167,20.649167,2026-04-03 10:10:20.630855,14.67,13.71,14.67,14.67,1009,58,7.64,32,88,0.0,Clouds,overcast clouds,9
Orosháza-Üveggyár,46.579979,20.683644,2026-04-03 10:10:21.801459,14.4,13.67,14.4,14.4,1009,68,7.13,31,99,0.0,Clouds,overcast clouds,9
Gyulai városerdő,46.69482,21.32281,2026-04-03 10:10:22.978780,14.49,13.85,14.49,14.49,1009,71,7.75,20,98,0.0,Clouds,overcast clouds,9
Kórógyszentgyörgy,46.564377,20.224998,2026-04-03 10:10:24.162591,13.34,12.37,13.34,13.34,1009,63,7.51,25,79,0.0,Clouds,broken clouds,9
Kunszállás,46.784444,19.767222,2026-04-03 10:10:25.335750,18.27,17.2,16.04,18.27,1009,40,7.2,10,0,0.0,Clear,clear sky,9
Selymes,46.655321,19.8534,2026-04-03 10:10:26.511024,18.33,17.26,18.33,18.33,1009,40,8.44,25,83,0.0,Clouds,broken clouds,9
Petőfiszállási tanyák,46.587805,19.874509,2026-04-03 10:10:27.682041,18.37,17.31,13.9,18.37,1009,40,8.52,25,77,0.0,Clouds,broken clouds,9
Kisteleki szőlők,46.514199,19.92868,2026-04-03 10:10:28.850396,13.89,12.74,13.89,18.36,1009,54,8.41,24,67,0.0,Clouds,broken clouds,9
Kapitányság,46.435336,19.987564,2026-04-03 10:10:30.027520,13.91,12.92,13.91,13.91,1009,60,8.15,23,70,0.0,Clouds,broken clouds,9
Őszeszék,46.39025,20.016017,2026-04-03 10:10:31.213038,13.94,12.96,13.94,13.94,1009,60,7.94,23,78,0.0,Clouds,broken clouds,9
Vilmaszállás,46.366389,20.030833,2026-04-03 10:10:32.392101,13.92,12.93,13.92,13.92,1009,60,8.05,23,82,0.0,Clouds,broken clouds,9
Jánosszállás,46.334359,20.051199,2026-04-03 10:10:33.569028,13.95,12.97,13.95,13.95,1009,60,7.83,23,86,0.0,Clouds,overcast clouds,9
Felsőpakony,47.343056,19.230556,2026-04-03 10:10:34.741858,15.28,14.09,15.02,16.67,1011,47,5.14,330,0,0.0,Clear,clear sky,9
Felsőméntelek,46.987074,19.557745,2026-04-03 10:10:35.911056,15.88,14.59,15.88,15.88,1010,41,7.2,10,0,0.0,Clear,clear sky,9
Alsóméntelek,46.961558,19.579121,2026-04-03 10:10:37.081323,15.91,14.63,15.91,15.91,1010,41,7.2,10,0,0.0,Clear,clear sky,9
Nagynyír,46.943319,19.585447,2026-04-03 10:10:38.256626,15.9,14.62,15.9,15.9,1010,41,7.2,10,0,0.0,Clear,clear sky,9
Úrihegy,46.917778,19.621389,2026-04-03 10:10:39.426928,15.93,14.65,15.93,18.15,1010,41,7.2,10,0,0.0,Clear,clear sky,9
Miklóstelep,46.913412,19.630913,2026-04-03 10:10:40.601164,15.94,14.66,15.94,18.17,1010,41,7.2,10,0,0.0,Clear,clear sky,9
Tiszajenő alsó,47.016944,20.134444,2026-04-03 10:10:41.774055,16.68,15.68,16.68,17.02,1009,49,9.26,30,0,0.0,Clear,clear sky,9
Óbög,46.987222,20.111111,2026-04-03 10:10:42.945996,16.77,15.78,16.17,17.01,1009,49,9.26,30,0,0.0,Clear,clear sky,9
Árpádszállás,46.866456,19.989163,2026-04-03 10:10:44.118492,17.1,15.94,16.1,18.32,1009,41,7.2,10,0,0.0,Clear,clear sky,9
Tőserdő,46.851111,19.980278,2026-04-03 10:10:45.286363,17.32,16.15,16.12,18.34,1009,40,7.2,10,0,0.0,Clear,clear sky,9
Tiszaalpár felső,46.836256,19.976753,2026-04-03 10:10:46.463807,18.37,17.31,16.14,18.37,1009,40,7.2,10,0,0.0,Clear,clear sky,9
Borsihalom,46.773056,19.92,2026-04-03 10:10:47.638714,18.36,17.3,16.13,18.36,1009,40,8.3,27,92,0.0,Clouds,overcast clouds,9
Petőfiváros,46.725556,19.848611,2026-04-03 10:10:48.806860,18.32,17.25,16.1,18.32,1009,40,8.24,25,89,0.0,Clouds,overcast clouds,9
Csorna,47.601944,17.248889,2026-04-03 10:10:49.978014,14.31,13.0,14.31,14.31,1015,46,9.61,339,100,0.0,Clouds,overcast clouds,9
Szorgalmatos,47.986667,21.366389,2026-04-03 10:10:51.164523,14.31,12.81,14.31,14.31,1010,39,9.01,24,98,0.0,Clouds,overcast clouds,9
Fótfürdő,47.6225,19.200556,2026-04-03 10:10:52.334422,14.98,13.81,13.9,15.13,1011,49,2.99,342,100,0.0,Clouds,overcast clouds,9
Fenyveshegy,47.818333,19.068056,2026-04-03 10:10:53.514929,16.68,15.74,16.68,16.68,1011,51,2.59,338,100,0.0,Clouds,overcast clouds,9
Hűvösvölgy,47.541202,18.96351,2026-04-03 10:10:54.691789,14.49,13.35,13.44,15.81,1011,52,2.68,313,100,0.0,Clouds,overcast clouds,9
Hárshegy,47.535318,18.961433,2026-04-03 10:10:55.855547,14.49,13.35,13.44,15.81,1011,52,2.68,313,100,0.0,Clouds,overcast clouds,9
Szépjuhászné,47.528277,18.955246,2026-04-03 10:10:57.027863,13.59,12.36,12.55,14.92,1011,52,2.68,313,100,0.0,Clouds,overcast clouds,9
Jánoshegy,47.51433,18.95047,2026-04-03 10:10:58.212323,13.51,12.27,12.46,14.83,1011,52,2.68,313,100,0.0,Clouds,overcast clouds,9
Virágvölgy,47.505965,18.95876,2026-04-03 10:10:59.385839,13.21,11.94,12.14,14.52,1011,52,2.68,313,100,0.0,Clouds,overcast clouds,9
Csillebérc,47.498196,18.961694,2026-04-03 10:11:00.556525,12.98,11.69,11.91,14.29,1011,52,2.68,313,100,0.0,Clouds,overcast clouds,9
Normafa,47.5,18.970558,2026-04-03 10:11:01.726547,13.04,11.76,11.96,14.34,1011,52,2.68,313,100,0.0,Clouds,overcast clouds,9
Széchenyihegy,47.49413,18.977049,2026-04-03 10:11:02.900119,13.06,11.78,11.98,14.36,1011,52,1.79,347,100,0.0,Clouds,overcast clouds,9
Balatonfőkajár felső,47.031389,18.215278,2026-04-03 10:11:04.072756,13.51,12.27,12.4,13.51,1013,52,9.86,348,100,0.0,Clouds,overcast clouds,9
Piroska,47.148333,20.129722,2026-04-03 10:11:05.241849,17.14,16.16,17.02,17.34,1009,48,9.26,30,0,0.0,Clear,clear sky,9
Somodor,46.4725,17.836667,2026-04-03 10:11:06.421453,14.13,12.85,14.13,14.13,1013,48,9.16,357,100,0.0,Clouds,overcast clouds,9
Középmező,45.995833,18.668889,2026-04-03 10:11:07.596495,15.81,14.91,15.06,15.81,1011,56,8.44,3,100,0.0,Clouds,overcast clouds,9
Jobbágyi,47.828889,19.6875,2026-04-03 10:11:08.767846,15.3,14.19,15.3,15.3,1011,50,3.3,12,100,0.0,Clouds,overcast clouds,9
Ferihegy,47.437222,19.223889,2026-04-03 10:11:09.947394,15.13,14.0,14.13,15.37,1011,50,5.14,330,0,0.0,Clear,clear sky,9
Máriapócs,47.852778,22.019167,2026-04-03 10:11:11.126357,14.31,13.1,14.31,14.31,1009,50,8.82,8,62,0.0,Clouds,broken clouds,9
Máriaudvar,47.751944,19.165,2026-04-03 10:11:12.303680,16.64,15.69,14.26,16.64,1011,51,2.88,340,100,0.0,Clouds,overcast clouds,9
Nagyberki,46.353333,18.004167,2026-04-03 10:11:13.490815,14.05,12.84,14.05,14.05,1012,51,8.18,359,100,0.0,Clouds,overcast clouds,9
Badacsonytomaj,46.804722,17.518056,2026-04-03 10:11:14.662671,14.45,13.1,14.45,14.45,1014,44,10.91,350,100,0.0,Clouds,overcast clouds,9
Badacsony,46.788611,17.506389,2026-04-03 10:11:15.835787,13.11,11.63,13.11,13.11,1014,44,10.9,350,100,0.0,Clouds,overcast clouds,9
Badacsonylábdihegy,46.793889,17.470833,2026-04-03 10:11:17.007704,13.08,11.59,13.08,13.08,1014,44,10.9,350,100,0.0,Clouds,overcast clouds,9
Badacsonytördemic-Szigliget,46.809722,17.469167,2026-04-03 10:11:18.177174,13.03,11.54,13.03,13.03,1014,44,10.95,350,100,0.0,Clouds,overcast clouds,9
Nemesgulács-Kisapáti,46.836944,17.476389,2026-04-03 10:11:19.349065,12.14,10.56,12.14,13.07,1014,44,10.97,350,100,0.0,Clouds,overcast clouds,9
Tapolca,46.877778,17.428611,2026-04-03 10:11:20.523806,12.05,10.46,12.05,12.99,1014,44,10.83,352,100,0.0,Clouds,overcast clouds,9
Uzsabánya alsó,46.898333,17.345278,2026-04-03 10:11:21.696445,12.79,11.27,12.79,12.79,1014,44,10.62,354,100,0.0,Clouds,overcast clouds,9
Uzsa,46.920278,17.331667,2026-04-03 10:11:22.883873,12.75,11.26,12.75,12.75,1014,45,10.61,354,100,0.0,Clouds,overcast clouds,9
Sümegi Bazaltbánya,46.9525,17.2925,2026-04-03 10:11:24.064332,14.29,12.95,14.29,14.29,1015,45,10.49,355,100,0.0,Clouds,overcast clouds,9
Sümeg,46.981111,17.270833,2026-04-03 10:11:25.252621,14.48,13.16,14.48,14.48,1015,45,10.31,356,100,0.0,Clouds,overcast clouds,9
Gógánfa,47.021111,17.207778,2026-04-03 10:11:26.439260,14.45,13.13,14.45,14.45,1015,45,10.16,357,100,0.0,Clouds,overcast clouds,9
Ukk,47.041944,17.195833,2026-04-03 10:11:27.710432,14.51,13.19,14.51,14.51,1015,45,10.04,357,100,0.0,Clouds,overcast clouds,9
Nemeskeresztúr,47.093611,17.183611,2026-04-03 10:11:28.926156,14.4,13.07,14.4,14.4,1015,45,9.99,356,100,0.0,Clouds,overcast clouds,9
Jánosháza,47.115833,17.171667,2026-04-03 10:11:30.147173,14.45,13.13,14.45,14.45,1015,45,9.97,355,100,0.0,Clouds,overcast clouds,9
Keszthely,46.758333,17.248056,2026-04-03 10:11:31.359435,13.08,11.67,13.08,13.08,1014,47,10.8,360,0,0.0,Clear,clear sky,9
Alsógyenes,46.765844,17.276435,2026-04-03 10:11:32.533782,13.08,11.67,13.08,13.08,1014,47,10.8,360,0,0.0,Clear,clear sky,9
Gyenesdiás,46.763333,17.292778,2026-04-03 10:11:33.704943,13.08,11.67,13.08,13.08,1014,47,10.8,360,0,0.0,Clear,clear sky,9
Vonyarcvashegy,46.755278,17.318333,2026-04-03 10:11:34.873750,13.09,11.68,13.09,13.09,1014,47,10.8,360,0,0.0,Clear,clear sky,9
Balatongyörök,46.751944,17.354444,2026-04-03 10:11:36.046742,13.11,11.7,13.11,13.11,1014,47,10.8,360,0,0.0,Clear,clear sky,9
Becehegy,46.776111,17.372778,2026-04-03 10:11:37.225511,13.08,11.67,13.08,13.08,1014,47,10.8,360,0,0.0,Clear,clear sky,9
Balatonederics,46.8025,17.385,2026-04-03 10:11:38.412602,13.03,11.54,13.03,13.03,1014,44,10.68,353,100,0.0,Clouds,overcast clouds,9
Dabronc,47.025766,17.167006,2026-04-03 10:11:39.601721,14.51,13.19,14.51,14.51,1015,45,10.06,357,100,0.0,Clouds,overcast clouds,9
Türje,46.994444,17.093611,2026-04-03 10:11:40.785127,14.56,13.25,14.56,14.56,1014,45,9.95,358,100,0.0,Clouds,overcast clouds,9
Zalabér-Batyk,46.983056,17.040833,2026-04-03 10:11:41.957866,14.72,13.4,14.72,14.72,1014,44,9.89,0,100,0.0,Clouds,overcast clouds,9
Pakod,46.959167,16.996667,2026-04-03 10:11:43.128436,14.64,13.31,14.64,14.64,1014,44,9.87,1,100,0.0,Clouds,overcast clouds,9
Pókaszepetk,46.924444,16.972222,2026-04-03 10:11:44.298569,14.79,13.47,14.79,14.79,1014,44,10.08,1,100,0.0,Clouds,overcast clouds,9
Kemendollár,46.905833,16.946667,2026-04-03 10:11:45.469685,12.91,11.41,12.91,12.91,1014,44,10.01,2,100,0.0,Clouds,overcast clouds,9
Zalaegerszeg,46.833056,16.848333,2026-04-03 10:11:46.646703,12.73,11.18,12.73,12.73,1014,43,9.15,5,100,0.0,Clouds,overcast clouds,9
Bocfölde,46.780278,16.853611,2026-04-03 10:11:47.823095,12.79,11.25,12.79,12.79,1014,43,9.24,4,100,0.0,Clouds,overcast clouds,9
Sárhida,46.755833,16.851389,2026-04-03 10:11:48.999670,12.75,11.2,12.75,12.75,1014,43,8.71,5,100,0.0,Clouds,overcast clouds,9
Bak,46.7325,16.849167,2026-04-03 10:11:50.170429,12.77,11.23,12.77,12.77,1014,43,8.56,5,100,0.0,Clouds,overcast clouds,9
Tófej,46.670833,16.801944,2026-04-03 10:11:51.340964,12.61,11.05,12.61,12.61,1014,43,7.82,6,100,0.0,Clouds,overcast clouds,9
Gutorfölde,46.646944,16.739722,2026-04-03 10:11:52.517732,14.69,13.31,14.69,14.69,1014,42,7.2,8,100,0.0,Clouds,overcast clouds,9
Csömödér-Páka,46.608056,16.641111,2026-04-03 10:11:53.701682,15.01,13.66,15.01,15.01,1014,42,7.12,10,100,0.0,Clouds,overcast clouds,9
Iklódbördőce,46.603056,16.604722,2026-04-03 10:11:54.879273,15.0,13.65,15.0,15.0,1014,42,7.47,11,100,0.0,Clouds,overcast clouds,9
Lenti,46.621389,16.528611,2026-04-03 10:11:56.048809,14.95,13.57,14.95,14.95,1014,41,7.83,12,100,0.0,Clouds,overcast clouds,9
Rédics,46.618056,16.471111,2026-04-03 10:11:57.224970,14.94,13.56,14.94,14.94,1014,41,7.95,13,100,0.0,Clouds,overcast clouds,9
Zalalövő,46.845556,16.576389,2026-04-03 10:11:58.405049,14.69,13.29,14.69,14.69,1014,41,8.36,13,100,0.0,Clouds,overcast clouds,9
Zalaegerszeg-Ola,46.849167,16.844722,2026-04-03 10:11:59.579048,14.72,13.37,14.72,14.72,1014,43,9.15,5,100,0.0,Clouds,overcast clouds,9
Andráshida,46.863116,16.7792,2026-04-03 10:12:00.753337,14.68,13.33,14.68,14.68,1014,43,9.08,6,100,0.0,Clouds,overcast clouds,9
Bagod,46.875,16.746111,2026-04-03 10:12:01.930662,14.8,13.46,14.8,14.8,1014,43,8.83,8,100,0.0,Clouds,overcast clouds,9
Zalaszentgyörgy,46.872222,16.7125,2026-04-03 10:12:03.114116,14.76,13.41,14.76,14.76,1014,43,8.76,9,100,0.0,Clouds,overcast clouds,9
Zalacséb-Salomvár,46.858056,16.662222,2026-04-03 10:12:04.285337,14.55,13.16,14.55,14.55,1014,42,8.72,10,100,0.0,Clouds,overcast clouds,9
Kópháza,47.631389,16.6375,2026-04-03 10:12:05.456748,13.54,12.18,13.54,13.54,1015,47,10.83,336,97,0.0,Clouds,overcast clouds,9
Nagycenk,47.601111,16.690278,2026-04-03 10:12:06.630043,13.65,12.3,13.65,13.65,1015,47,10.86,339,99,0.0,Clouds,overcast clouds,9
Sopronkövesd,47.548333,16.748056,2026-04-03 10:12:07.809594,13.48,12.11,13.48,13.48,1015,47,10.89,343,100,0.0,Clouds,overcast clouds,9
Lövő,47.509444,16.7775,2026-04-03 10:12:08.984955,13.52,12.15,13.52,13.52,1015,47,10.83,344,100,0.0,Clouds,overcast clouds,9
Újkér,47.457778,16.786667,2026-04-03 10:12:10.158185,13.54,12.18,13.54,13.54,1015,47,10.77,347,99,0.0,Clouds,overcast clouds,9
Bük,47.388611,16.752222,2026-04-03 10:12:11.328624,13.6,12.24,13.6,13.6,1015,47,10.52,352,100,0.0,Clouds,overcast clouds,9
Acsád,47.308333,16.734722,2026-04-03 10:12:12.509521,13.35,11.97,13.35,13.35,1015,47,10.23,356,100,0.0,Clouds,overcast clouds,9
Salköveskút-Vassurány,47.291389,16.704167,2026-04-03 10:12:13.682298,13.36,11.98,13.36,13.36,1015,47,10.17,358,100,0.0,Clouds,overcast clouds,9
Zalaszentiván,46.8875,16.909444,2026-04-03 10:12:14.860257,12.89,11.38,12.89,12.89,1014,44,9.77,3,100,0.0,Clouds,overcast clouds,9
Alsónemesapáti,46.854167,16.936389,2026-04-03 10:12:16.036725,12.88,11.37,12.88,12.88,1014,44,10.19,2,100,0.0,Clouds,overcast clouds,9
Józsa,47.600833,21.584444,2026-04-03 10:12:17.210420,16.86,15.7,16.86,16.86,1009,42,8.75,20,0,0.0,Clear,clear sky,9
Hajdúszentgyörgy,47.608056,21.578333,2026-04-03 10:12:18.383991,16.83,15.67,16.83,16.83,1009,42,8.75,20,0,0.0,Clear,clear sky,9
Zelemér,47.627778,21.578333,2026-04-03 10:12:19.553412,16.78,15.61,16.78,16.78,1009,42,8.75,20,0,0.0,Clear,clear sky,9
Hajdúböszörmény,47.668056,21.524167,2026-04-03 10:12:20.723238,16.81,15.83,16.81,16.81,1009,49,9.81,22,72,0.0,Clouds,broken clouds,9
Hajdúvid,47.749444,21.508056,2026-04-03 10:12:21.894605,14.58,13.37,14.58,14.58,1009,49,9.92,23,74,0.0,Clouds,broken clouds,9
Hajdúdorog,47.805556,21.493056,2026-04-03 10:12:23.067671,14.53,13.32,14.53,14.53,1009,49,9.93,23,77,0.0,Clouds,broken clouds,9
Hajdúnánás,47.831944,21.426667,2026-04-03 10:12:24.250024,14.59,13.38,14.59,14.59,1010,49,9.72,25,84,0.0,Clouds,broken clouds,9
Hajdúnánás-Vásártér,47.843056,21.407222,2026-04-03 10:12:25.424762,14.59,13.38,14.59,14.59,1010,49,9.72,25,84,0.0,Clouds,broken clouds,9
Tedej,47.903611,21.404444,2026-04-03 10:12:26.604047,14.87,13.69,14.87,14.87,1010,49,9.5,25,91,0.0,Clouds,overcast clouds,9
Tiszavasvári,47.945278,21.374722,2026-04-03 10:12:27.774226,14.87,13.38,14.87,14.87,1010,37,9.22,25,95,0.0,Clouds,overcast clouds,9
Egyházerdő,47.9725,21.365,2026-04-03 10:12:28.947008,14.89,13.4,14.89,14.89,1010,37,9.11,24,97,0.0,Clouds,overcast clouds,9
Tiszalök,48.013056,21.369167,2026-04-03 10:12:30.122378,14.86,13.37,14.86,14.86,1010,37,8.91,23,99,0.0,Clouds,overcast clouds,9
Hajnalos,47.998889,21.414167,2026-04-03 10:12:31.291236,14.87,13.38,14.87,14.87,1010,37,9.22,24,97,0.0,Clouds,overcast clouds,9
Kisfástanya,47.989167,21.47,2026-04-03 10:12:32.469372,14.84,13.35,14.84,14.84,1010,37,9.42,23,95,0.0,Clouds,overcast clouds,9
Tiszaeszlár,48.010556,21.491944,2026-04-03 10:12:33.647777,14.85,13.36,14.85,14.85,1010,37,9.56,22,95,0.0,Clouds,overcast clouds,9
Bashalom,48.026111,21.514722,2026-04-03 10:12:34.822351,14.82,13.32,14.82,14.82,1010,37,9.49,22,96,0.0,Clouds,overcast clouds,9
Sáránd,47.415556,21.625,2026-04-03 10:12:35.996269,17.01,15.86,17.01,17.01,1008,42,8.75,20,0,0.0,Clear,clear sky,9
Derecske,47.365,21.584167,2026-04-03 10:12:37.164620,17.08,15.94,17.08,17.08,1008,42,8.75,20,0,0.0,Clear,clear sky,9
Derecske-Vásártér,47.352222,21.58,2026-04-03 10:12:38.339329,17.08,15.94,17.08,17.08,1008,42,8.75,20,0,0.0,Clear,clear sky,9
Konyár,47.323611,21.666111,2026-04-03 10:12:39.512336,17.05,15.91,17.05,17.05,1008,42,8.75,20,0,0.0,Clear,clear sky,9
Konyári Sóstófürdő,47.324167,21.744444,2026-04-03 10:12:40.682413,17.06,16.21,17.06,17.06,1008,53,7.03,19,100,0.0,Clouds,overcast clouds,9
Pocsaj-Esztár,47.288333,21.793056,2026-04-03 10:12:41.860949,17.05,16.22,17.05,17.05,1008,54,6.69,19,99,0.0,Clouds,overcast clouds,9
Kismarja,47.243889,21.813889,2026-04-03 10:12:43.033601,14.71,13.67,14.71,14.71,1008,55,6.55,20,95,0.0,Clouds,overcast clouds,9
Nagykereki,47.191667,21.8,2026-04-03 10:12:44.204731,14.67,13.63,14.67,14.67,1008,55,6.57,21,91,0.0,Clouds,overcast clouds,9
Debrecen-Szabadságtelep,47.527778,21.658611,2026-04-03 10:12:45.379511,16.89,15.73,16.89,16.89,1008,42,8.75,20,0,0.0,Clear,clear sky,9
Kondoroskert,47.525556,21.713889,2026-04-03 10:12:46.549731,16.92,15.76,16.92,16.92,1008,42,8.75,20,0,0.0,Clear,clear sky,9
Nagycsere,47.523889,21.763056,2026-04-03 10:12:47.719397,16.9,15.74,16.9,16.9,1008,42,8.75,20,0,0.0,Clear,clear sky,9
Haláp,47.521667,21.818333,2026-04-03 10:12:48.888499,16.9,15.74,16.9,16.9,1008,42,8.75,20,0,0.0,Clear,clear sky,9
Vámospércs,47.518056,21.893889,2026-04-03 10:12:50.060401,16.84,15.89,16.84,16.84,1008,50,8.27,15,100,0.0,Clouds,overcast clouds,9
Szentannapuszta,47.52,21.965833,2026-04-03 10:12:51.233372,16.79,15.83,16.79,16.79,1008,50,8.01,15,100,0.0,Clouds,overcast clouds,9
Nyírábrány,47.523889,22.016944,2026-04-03 10:12:52.422567,14.55,13.39,14.55,14.55,1008,51,7.89,16,100,0.0,Clouds,overcast clouds,9
Dombostanya,47.602778,21.706389,2026-04-03 10:12:53.599061,16.82,15.65,16.82,16.82,1009,42,8.75,20,0,0.0,Clear,clear sky,9
Hajdúsámson,47.608056,21.755278,2026-04-03 10:12:54.772480,16.82,15.65,16.82,16.82,1008,42,8.75,20,0,0.0,Clear,clear sky,9
Tamásipuszta,47.632778,21.796111,2026-04-03 10:12:55.943920,16.77,15.81,16.77,16.77,1009,50,9.02,14,85,0.0,Clouds,overcast clouds,9
Aradványpuszta,47.662778,21.8425,2026-04-03 10:12:57.124036,16.72,15.75,16.72,16.72,1009,50,8.98,14,82,0.0,Clouds,broken clouds,9
Nyíradony,47.699444,21.903333,2026-04-03 10:12:58.295564,14.36,13.16,14.36,14.36,1009,50,8.88,11,78,0.0,Clouds,broken clouds,9
Nyírmihálydi,47.7375,21.958889,2026-04-03 10:12:59.471992,14.33,13.12,14.33,14.33,1009,50,8.86,10,75,0.0,Clouds,broken clouds,9
Nyírgelse,47.750833,21.987778,2026-04-03 10:13:00.642555,14.27,13.06,14.27,14.27,1009,50,8.83,10,73,0.0,Clouds,broken clouds,9
Nyírbogát,47.793056,22.066389,2026-04-03 10:13:01.814954,14.34,13.14,14.34,14.34,1009,50,8.63,9,69,0.0,Clouds,broken clouds,9
Nagykálló,47.871111,21.825833,2026-04-03 10:13:02.990476,14.39,13.19,14.39,14.39,1009,50,9.41,12,57,0.0,Clouds,broken clouds,9
Kállósemjén,47.854722,21.935,2026-04-03 10:13:04.164941,14.37,13.17,14.37,14.37,1009,50,9.06,9,59,0.0,Clouds,broken clouds,9
Nyírbátor,47.8425,22.131111,2026-04-03 10:13:05.346693,14.29,13.08,14.29,14.29,1008,50,8.57,9,66,0.0,Clouds,broken clouds,9
Nyírcsászári,47.865556,22.179167,2026-04-03 10:13:06.521547,14.34,13.14,14.34,14.34,1008,50,8.43,10,62,0.0,Clouds,broken clouds,9
Hodász,47.896111,22.213611,2026-04-03 10:13:07.692919,14.31,13.1,14.31,14.31,1008,50,8.35,11,58,0.0,Clouds,broken clouds,9
Nyírmeggyes,47.9225,22.256667,2026-04-03 10:13:08.863802,14.34,13.14,14.34,14.34,1008,50,8.36,11,50,0.0,Clouds,scattered clouds,9
Mátészalka,47.951389,22.313333,2026-04-03 10:13:10.040132,14.39,13.19,14.39,14.39,1008,50,8.3,11,45,0.0,Clouds,scattered clouds,9
Kocsord,47.941944,22.375833,2026-04-03 10:13:11.215698,14.53,13.34,14.53,14.53,1008,50,8.05,15,44,0.0,Clouds,scattered clouds,9
Kocsord alsó,47.946389,22.400556,2026-04-03 10:13:12.385659,14.53,13.34,14.53,14.53,1008,50,8.05,15,44,0.0,Clouds,scattered clouds,9
Győrtelek,47.936667,22.424722,2026-04-03 10:13:13.562857,14.54,13.36,14.54,14.54,1008,50,7.98,15,43,0.0,Clouds,scattered clouds,9
Győrtelek alsó,47.921111,22.443333,2026-04-03 10:13:14.735961,14.54,13.33,14.54,14.54,1008,49,7.89,16,48,0.0,Clouds,scattered clouds,9
Ököritófülpös,47.911389,22.495,2026-04-03 10:13:15.909896,14.53,13.32,14.53,14.53,1008,49,7.86,16,49,0.0,Clouds,scattered clouds,9
Porcsalma-Tyukod,47.868056,22.568333,2026-04-03 10:13:17.082133,17.28,16.34,17.05,17.28,1008,49,7.65,15,63,0.0,Clouds,broken clouds,9
Csenger,47.826111,22.666389,2026-04-03 10:13:18.261441,17.27,16.33,17.04,17.27,1008,49,7.44,13,69,0.0,Clouds,broken clouds,9
Kisfái,46.888303,19.807366,2026-04-03 10:13:19.432698,16.02,14.75,16.02,18.25,1010,41,7.2,10,0,0.0,Clear,clear sky,9
Nyárlőrinci szőlők,46.8775,19.828333,2026-04-03 10:13:20.604689,16.03,14.76,16.03,18.25,1010,41,7.2,10,0,0.0,Clear,clear sky,9
Nyárlőrinc alsó,46.863889,19.878889,2026-04-03 10:13:21.781684,16.05,14.78,16.05,18.27,1010,41,7.2,10,0,0.0,Clear,clear sky,9
Tiszaug-Tiszahídfő,46.866106,20.052098,2026-04-03 10:13:22.954165,17.66,16.79,16.2,18.43,1009,50,8.24,28,93,0.0,Clouds,overcast clouds,9
Csongrádi úti tanyák,46.690278,19.921667,2026-04-03 10:13:24.123588,18.38,17.32,16.16,18.38,1009,40,8.41,26,83,0.0,Clouds,broken clouds,9
Kettőshalom,46.689167,20.0225,2026-04-03 10:13:25.298883,18.41,17.35,13.33,18.41,1009,40,8.26,26,80,0.0,Clouds,broken clouds,9
Csongrád alsó,46.711389,20.126389,2026-04-03 10:13:26.476107,13.33,12.36,13.33,18.41,1009,63,8.05,26,78,0.0,Clouds,broken clouds,9
Dónát,46.66988,20.368168,2026-04-03 10:13:27.644962,13.35,12.39,13.35,13.35,1009,63,7.6,24,78,0.0,Clouds,broken clouds,9
Pusztatemplom,46.676667,20.407222,2026-04-03 10:13:28.818035,13.34,12.37,13.34,13.34,1009,63,7.6,24,81,0.0,Clouds,broken clouds,9
Előhát,47.364722,20.653611,2026-04-03 10:13:29.996823,14.9,13.75,14.9,14.9,1010,50,8.02,28,96,0.0,Clouds,overcast clouds,9
Polgárdi-Tekerespuszta,47.017778,18.297778,2026-04-03 10:13:31.175860,13.73,12.36,13.73,13.73,1013,46,9.34,349,100,0.0,Clouds,overcast clouds,9
Szatina-Kishajmás,46.202778,18.083611,2026-04-03 10:13:32.345513,14.25,13.14,14.25,14.25,1012,54,7.66,360,100,0.0,Clouds,overcast clouds,9
Márok,45.886944,18.499167,2026-04-03 10:13:33.518282,14.92,13.96,14.47,15.58,1011,57,6.26,319,100,0.0,Clouds,overcast clouds,9
Nagynyárád,45.953333,18.564722,2026-04-03 10:13:34.690636,15.29,14.34,14.53,15.65,1011,56,8.7,4,100,0.0,Clouds,overcast clouds,9
Szászvár,46.2875,18.369722222222222,2026-04-03 10:13:35.860752,15.24,14.26,15.24,15.24,1012,55,7.98,358,100,0.0,Clouds,overcast clouds,9
Cikó,46.263514,18.557605,2026-04-03 10:13:37.033593,15.56,14.63,15.56,15.56,1012,56,8.16,358,100,0.0,Clouds,overcast clouds,9
Gyöngyfa-Magyarmecske,45.983889,17.958889,2026-04-03 10:13:38.209999,14.57,13.6,14.57,14.57,1012,58,8.26,358,100,0.0,Clouds,overcast clouds,9
Nagyhát,47.581389,21.445,2026-04-03 10:13:39.383754,16.92,15.76,16.92,16.92,1009,42,8.75,20,0,0.0,Clear,clear sky,9
Balmazújváros,47.613889,21.348056,2026-04-03 10:13:40.557365,17.1,16.17,17.1,17.1,1009,50,9.68,27,71,0.0,Clouds,broken clouds,9
Kónya,47.600833,21.2375,2026-04-03 10:13:41.732278,14.77,13.61,14.77,14.77,1009,50,9.44,28,74,0.0,Clouds,broken clouds,9
Hortobágy,47.586111,21.154722,2026-04-03 10:13:42.904476,14.79,13.63,14.79,14.79,1009,50,9.06,29,84,0.0,Clouds,broken clouds,9
Hortobágyi Halastó,47.604167,21.074167,2026-04-03 10:13:44.073256,14.79,13.63,14.79,14.79,1009,50,8.79,29,93,0.0,Clouds,overcast clouds,9
Ohat-Pusztakócs,47.623333,20.951111,2026-04-03 10:13:45.247225,14.78,13.62,14.78,14.78,1010,50,8.43,25,100,0.0,Clouds,overcast clouds,9
Egyek,47.616944,20.883611,2026-04-03 10:13:46.417227,14.79,13.63,14.79,14.79,1010,50,8.44,23,100,0.0,Clouds,overcast clouds,9
Tiszafüred,47.627778,20.756111,2026-04-03 10:13:47.587047,14.78,13.62,14.78,14.78,1010,50,8.66,23,100,0.0,Clouds,overcast clouds,9
Poroszló,47.657778,20.654444,2026-04-03 10:13:48.769518,14.8,13.64,14.8,14.8,1010,50,9.08,26,100,0.0,Clouds,overcast clouds,9
Kétútköz,47.694167,20.565,2026-04-03 10:13:49.937975,14.68,13.51,14.68,14.68,1010,50,9.09,29,99,0.0,Clouds,overcast clouds,9
Egerfarmos,47.711667,20.5225,2026-04-03 10:13:51.107853,14.67,13.5,14.67,14.67,1010,50,8.83,31,100,0.0,Clouds,overcast clouds,9
Piliscsaba,47.638056,18.829722,2026-04-03 10:13:52.282973,13.86,12.69,13.52,15.9,1011,53,2.68,313,100,0.0,Clouds,overcast clouds,9
Pilisjászfalu,47.656111,18.797778,2026-04-03 10:13:53.452096,14.17,13.03,13.77,16.15,1011,53,4.8,335,100,0.0,Clouds,overcast clouds,9
Leányvár,47.687594,18.772553,2026-04-03 10:13:54.624090,13.99,12.83,13.94,16.32,1011,53,4.91,335,100,0.0,Clouds,overcast clouds,9
Dorog,47.723333,18.732778,2026-04-03 10:13:55.800785,14.16,12.96,14.16,15.86,1011,51,5.08,334,100,0.0,Clouds,overcast clouds,9
Esztergom-Kertváros,47.743333,18.719167,2026-04-03 10:13:56.973404,14.23,13.04,14.23,14.23,1011,51,4.92,333,100,0.0,Clouds,overcast clouds,9
Esztergom,47.7775,18.743611,2026-04-03 10:13:58.146812,14.29,13.11,14.29,14.29,1011,51,4.21,332,100,0.0,Clouds,overcast clouds,9
Dunaalmás,47.733056,18.326389,2026-04-03 10:13:59.318643,14.35,13.07,14.35,14.35,1013,47,8.24,338,100,0.0,Clouds,overcast clouds,9
Neszmély,47.734444,18.345278,2026-04-03 10:14:00.495489,14.35,13.07,14.35,14.35,1013,47,8.24,338,100,0.0,Clouds,overcast clouds,9
Süttő,47.761111,18.455,2026-04-03 10:14:01.668501,14.39,13.14,14.39,14.39,1012,48,7.07,337,100,0.0,Clouds,overcast clouds,9
Piszke,47.75307,18.478017,2026-04-03 10:14:02.842387,14.45,13.23,14.45,14.45,1012,49,6.77,337,100,0.0,Clouds,overcast clouds,9
Lábatlan,47.751944,18.513333,2026-04-03 10:14:04.014027,14.46,13.24,14.46,14.46,1012,49,6.51,336,100,0.0,Clouds,overcast clouds,9
Eternitgyár,47.755544,18.530014,2026-04-03 10:14:05.188751,14.46,13.24,14.46,14.46,1012,49,6.51,336,100,0.0,Clouds,overcast clouds,9
Nyergesújfalu felső,47.762222,18.540556,2026-04-03 10:14:06.359076,14.46,13.24,14.46,14.46,1012,49,6.51,336,100,0.0,Clouds,overcast clouds,9
Nyergesújfalu,47.761111,18.561667,2026-04-03 10:14:07.527404,14.43,13.21,14.43,14.43,1012,49,6.25,336,100,0.0,Clouds,overcast clouds,9
Tokod,47.735,18.675,2026-04-03 10:14:08.705105,14.25,13.06,14.25,14.25,1011,51,5.34,334,100,0.0,Clouds,overcast clouds,9
Környe,47.541667,18.330278,2026-04-03 10:14:09.880897,14.1,12.82,14.1,14.1,1012,48,8.48,337,100,0.0,Clouds,overcast clouds,9
Kecskéd alsó,47.519722,18.316667,2026-04-03 10:14:11.049843,14.08,12.77,14.08,14.08,1013,47,8.78,337,100,0.0,Clouds,overcast clouds,9
Oroszlány,47.486944,18.308611,2026-04-03 10:14:12.217988,14.0,12.68,14.0,14.0,1013,47,8.87,337,100,0.0,Clouds,overcast clouds,9
Győrszabadhegy,47.663056,17.648056,2026-04-03 10:14:13.388215,14.08,12.54,14.08,14.08,1014,38,9.77,320,0,0.0,Clear,clear sky,9
Ménfőcsanak felső,47.638333,17.615,2026-04-03 10:14:14.562657,14.08,12.54,14.08,14.08,1014,38,9.77,320,0,0.0,Clear,clear sky,9
Gyömöre-Tét,47.501672,17.559596,2026-04-03 10:14:15.731907,13.03,11.54,13.03,13.91,1014,44,10.8,340,0,0.0,Clear,clear sky,9
Szerecseny,47.469167,17.5475,2026-04-03 10:14:16.905975,13.02,11.53,13.02,13.9,1014,44,10.8,340,0,0.0,Clear,clear sky,9
Gecse-Gyarmat,47.456111,17.515,2026-04-03 10:14:18.078346,13.05,11.56,13.05,13.94,1014,44,10.8,340,0,0.0,Clear,clear sky,9
Vaszar,47.4025,17.496389,2026-04-03 10:14:19.247816,13.08,11.59,13.08,13.08,1015,44,10.8,340,0,0.0,Clear,clear sky,9
Pápa,47.340556,17.458889,2026-04-03 10:14:20.422579,13.03,11.54,13.03,13.03,1015,44,10.8,340,0,0.0,Clear,clear sky,9
Mezőlak,47.324722,17.371389,2026-04-03 10:14:21.598417,13.11,11.63,13.11,13.11,1015,44,10.8,340,0,0.0,Clear,clear sky,9
Mihályháza,47.318889,17.331667,2026-04-03 10:14:22.777990,13.14,11.66,13.14,13.14,1015,44,10.8,340,0,0.0,Clear,clear sky,9
Vinár,47.306667,17.284722,2026-04-03 10:14:23.952629,13.1,11.61,13.1,13.1,1015,44,10.8,340,0,0.0,Clear,clear sky,9
Külsővat,47.279167,17.219722,2026-04-03 10:14:25.122632,13.12,11.69,13.12,13.12,1015,46,9.94,351,100,0.0,Clouds,overcast clouds,9
Celldömölk,47.261389,17.151944,2026-04-03 10:14:26.292567,13.07,11.63,13.07,13.07,1015,46,10.05,352,100,0.0,Clouds,overcast clouds,9
Kemenesmihályfa,47.278056,17.111111,2026-04-03 10:14:27.466664,14.1,12.77,14.1,14.1,1015,46,10.11,351,100,0.0,Clouds,overcast clouds,9
Nagysimonyi,47.265556,17.058889,2026-04-03 10:14:28.638262,14.21,12.86,14.21,14.21,1015,45,10.15,352,100,0.0,Clouds,overcast clouds,9
Ostffyasszonyfa,47.283889,17.023889,2026-04-03 10:14:29.815627,14.28,12.96,14.28,14.28,1015,46,10.24,352,100,0.0,Clouds,overcast clouds,9
Sárvár,47.259167,16.928889,2026-04-03 10:14:30.982936,14.44,13.11,14.44,14.44,1015,45,10.21,353,100,0.0,Clouds,overcast clouds,9
Porpác,47.238611,16.8325,2026-04-03 10:14:32.155814,13.62,12.21,13.62,13.62,1015,45,10.04,357,100,0.0,Clouds,overcast clouds,9
Balatonföldvár,46.853889,17.881389,2026-04-03 10:14:33.332641,13.02,11.4,12.15,13.86,1013,39,8.05,315,100,0.0,Clouds,overcast clouds,9
Balatonszárszó,46.832222,17.830278,2026-04-03 10:14:34.510116,12.93,11.09,12.17,13.88,1013,31,9.61,349,100,0.0,Clouds,overcast clouds,9
Balatonszemes,46.811944,17.776389,2026-04-03 10:14:35.683081,12.8,10.95,12.15,13.86,1013,31,9.7,350,100,0.0,Clouds,overcast clouds,9
Balatonlelle felső,46.793889,17.7175,2026-04-03 10:14:36.851060,12.77,10.91,12.17,12.77,1014,31,9.98,350,100,0.0,Clouds,overcast clouds,9
Balatonlelle,46.7875,17.694167,2026-04-03 10:14:38.021301,12.73,11.18,12.14,12.73,1014,43,10.15,350,100,0.0,Clouds,overcast clouds,9
Fonyódliget,46.759167,17.592222,2026-04-03 10:14:39.197084,12.75,11.23,12.75,12.75,1014,44,10.48,350,100,0.0,Clouds,overcast clouds,9
Balatonboglár,46.776111,17.647222,2026-04-03 10:14:40.372331,12.75,11.2,12.75,12.75,1014,43,10.33,350,100,0.0,Clouds,overcast clouds,9
Balatonfenyves alsó,46.708611,17.455278,2026-04-03 10:14:41.544296,13.09,11.63,13.09,13.09,1014,45,10.53,352,100,0.0,Clouds,overcast clouds,9
Fonyód,46.750278,17.558889,2026-04-03 10:14:42.714594,14.57,13.23,14.57,14.57,1014,44,10.73,350,100,0.0,Clouds,overcast clouds,9
Bélatelep,46.737778,17.535,2026-04-03 10:14:43.888792,13.11,11.63,13.11,13.11,1014,44,10.69,351,100,0.0,Clouds,overcast clouds,9
Alsóbélatelep,46.724167,17.516389,2026-04-03 10:14:45.065118,13.08,11.59,13.08,13.08,1014,44,10.69,351,100,0.0,Clouds,overcast clouds,9
Balatonfenyves,46.713611,17.482778,2026-04-03 10:14:46.246077,13.08,11.62,13.08,13.08,1014,45,10.55,352,100,0.0,Clouds,overcast clouds,9
Máriahullámtelep,46.704722,17.435,2026-04-03 10:14:47.419491,13.09,11.63,13.09,13.09,1014,45,10.53,352,100,0.0,Clouds,overcast clouds,9
Balatonmáriafürdő,46.704167,17.374722,2026-04-03 10:14:48.588960,13.08,11.67,13.08,13.08,1014,47,10.8,360,0,0.0,Clear,clear sky,9
Balatonberény,46.713889,17.316944,2026-04-03 10:14:49.767112,13.05,11.64,13.05,13.05,1014,47,10.8,360,0,0.0,Clear,clear sky,9
Balatonszentgyörgy,46.692778,17.288889,2026-04-03 10:14:50.938044,13.08,11.67,13.08,13.08,1014,47,10.8,360,0,0.0,Clear,clear sky,9
Vörs,46.663611,17.260278,2026-04-03 10:14:52.106656,13.07,11.66,13.07,13.07,1013,47,10.8,360,0,0.0,Clear,clear sky,9
Zalaszentjakab,46.491667,17.135278,2026-04-03 10:14:53.282638,12.93,11.45,12.93,12.93,1013,45,10.23,2,100,0.0,Clouds,overcast clouds,9
Nagykanizsa,46.440833,16.986667,2026-04-03 10:14:54.460048,14.97,13.7,14.97,14.97,1014,45,9.46,5,100,0.0,Clouds,overcast clouds,9
Murakeresztúr,46.363889,16.876944,2026-04-03 10:14:55.630796,15.12,13.84,15.12,15.12,1014,44,8.77,8,100,0.0,Clouds,overcast clouds,9
Zalakomár,46.530278,17.188056,2026-04-03 10:14:56.804425,12.93,11.51,12.93,12.93,1013,47,10.8,360,0,0.0,Clear,clear sky,9
Szárazrét,47.200833,18.381111,2026-04-03 10:14:57.976385,14.49,13.22,14.49,14.49,1012,47,9.45,343,100,0.0,Clouds,overcast clouds,9
Bodajk,47.318333,18.251944,2026-04-03 10:14:59.147258,14.24,12.95,14.24,14.24,1013,47,9.91,340,100,0.0,Clouds,overcast clouds,9
Csókakő,47.3275,18.240556,2026-04-03 10:15:00.328350,13.94,12.62,13.94,13.94,1013,47,9.81,339,100,0.0,Clouds,overcast clouds,9
Mór,47.369167,18.189167,2026-04-03 10:15:01.509037,13.97,12.62,13.97,13.97,1013,46,10.04,338,100,0.0,Clouds,overcast clouds,9
Bakonysárkány,47.443611,18.103611,2026-04-03 10:15:02.678536,13.33,11.92,13.33,13.33,1014,46,9.66,337,100,0.0,Clouds,overcast clouds,9
Kisbér,47.494167,18.024722,2026-04-03 10:15:03.859274,13.64,12.23,13.64,13.64,1014,45,9.28,337,100,0.0,Clouds,overcast clouds,9
Nagyigmánd-Bábolna,47.630556,18.050833,2026-04-03 10:15:05.034433,13.99,12.44,13.99,13.99,1014,38,9.77,320,0,0.0,Clear,clear sky,9
Budapest-Déli,47.498889,19.025,2026-04-03 10:15:06.207261,15.37,14.32,14.16,16.54,1011,52,5.14,330,0,0.0,Clear,clear sky,9
Budapest-Kelenföld,47.464444,19.02,2026-04-03 10:15:07.376986,15.42,14.38,14.27,16.64,1011,52,5.14,330,0,0.0,Clear,clear sky,9
Budaörs,47.4475,18.965,2026-04-03 10:15:08.550257,15.41,14.36,14.18,16.55,1011,52,1.79,347,100,0.0,Clouds,overcast clouds,9
Biatorbágy,47.480278,18.834444,2026-04-03 10:15:09.720835,15.52,14.54,13.82,16.2,1011,54,5.84,339,100,0.0,Clouds,overcast clouds,9
Herceghalom,47.493611,18.746111,2026-04-03 10:15:10.890134,15.65,14.71,14.08,16.46,1011,55,6.45,339,100,0.0,Clouds,overcast clouds,9
Bicske,47.484167,18.6175,2026-04-03 10:15:12.060077,15.8,14.77,13.88,16.13,1011,51,7.25,337,100,0.0,Clouds,overcast clouds,9
Szár,47.485,18.5275,2026-04-03 10:15:13.239096,15.92,14.87,13.67,15.92,1011,50,7.46,337,100,0.0,Clouds,overcast clouds,9
Szárliget,47.518333,18.495833,2026-04-03 10:15:14.421481,15.73,14.66,15.73,15.73,1012,50,7.46,336,100,0.0,Clouds,overcast clouds,9
Alsógalla,47.563337,18.425102,2026-04-03 10:15:15.595634,14.17,12.92,14.17,14.17,1012,49,7.91,336,100,0.0,Clouds,overcast clouds,9
Tatabánya,47.585556,18.393056,2026-04-03 10:15:16.770372,14.21,12.94,14.21,14.21,1012,48,8.11,337,100,0.0,Clouds,overcast clouds,9
Vértesszőlős,47.619444,18.375278,2026-04-03 10:15:17.938846,14.24,12.97,14.24,14.24,1012,48,8.06,337,100,0.0,Clouds,overcast clouds,9
Tóvároskert,47.646111,18.348611,2026-04-03 10:15:19.108907,14.23,12.96,14.23,14.23,1012,48,8.29,337,100,0.0,Clouds,overcast clouds,9
Tata,47.665,18.3275,2026-04-03 10:15:20.284165,14.23,12.96,14.23,14.23,1013,48,8.27,337,100,0.0,Clouds,overcast clouds,9
Almásfüzitő,47.725278,18.262222,2026-04-03 10:15:21.453032,14.3,13.01,14.3,14.3,1013,47,8.65,338,99,0.0,Clouds,overcast clouds,9
Almásfüzitő felső,47.731389,18.216389,2026-04-03 10:15:22.622722,16.7,15.63,16.7,16.7,1013,46,8.9,337,98,0.0,Clouds,overcast clouds,9
Szőny,47.735556,18.1775,2026-04-03 10:15:23.797847,16.73,15.66,14.12,16.73,1013,46,9.0,337,96,0.0,Clouds,overcast clouds,9
Komárom,47.749444,18.113611,2026-04-03 10:15:24.966510,14.13,12.77,14.13,16.74,1014,45,9.08,337,93,0.0,Clouds,overcast clouds,9
Ács,47.717222,18.004444,2026-04-03 10:15:26.140428,14.05,12.5,14.05,14.05,1014,38,9.77,320,0,0.0,Clear,clear sky,9
Nagyszentjános,47.705556,17.871389,2026-04-03 10:15:27.313294,14.05,12.5,14.05,14.05,1014,38,9.77,320,0,0.0,Clear,clear sky,9
Győrszentiván,47.688611,17.745556,2026-04-03 10:15:28.483481,14.06,12.51,14.06,14.06,1014,38,9.77,320,0,0.0,Clear,clear sky,9
Győr-Gyárváros,47.684444,17.663889,2026-04-03 10:15:29.656553,14.1,12.56,14.1,14.1,1014,38,9.77,320,0,0.0,Clear,clear sky,9
Győr,47.681944,17.634722,2026-04-03 10:15:30.829959,14.06,12.51,14.06,14.06,1014,38,9.77,320,0,0.0,Clear,clear sky,9
Öttevény,47.719722,17.489167,2026-04-03 10:15:32.009292,14.08,12.72,14.08,14.08,1015,45,8.84,337,96,0.0,Clouds,overcast clouds,9
Lébény-Mosonszentmiklós,47.755278,17.426389,2026-04-03 10:15:33.177911,14.2,12.88,14.2,14.2,1015,46,8.97,335,97,0.0,Clouds,overcast clouds,9
Kimle-Károlyháza,47.803889,17.342778,2026-04-03 10:15:34.349354,14.18,12.85,14.18,14.18,1015,46,9.01,334,95,0.0,Clouds,overcast clouds,9
Mosonmagyaróvár,47.849722,17.267222,2026-04-03 10:15:35.523526,15.04,13.8,15.04,15.05,1015,46,9.06,332,91,0.0,Clouds,overcast clouds,9
Levél,47.889722,17.1925,2026-04-03 10:15:36.697597,15.01,13.77,15.01,15.02,1015,46,9.12,331,88,0.0,Clouds,overcast clouds,9
Hegyeshalom,47.913889,17.145556,2026-04-03 10:15:37.868092,14.99,13.75,14.01,14.99,1015,46,9.1,331,86,0.0,Clouds,overcast clouds,9
Óbuda,47.568611,19.033889,2026-04-03 10:15:39.037668,15.74,14.7,14.31,16.68,1010,51,1.79,347,100,0.0,Clouds,overcast clouds,9
Üröm,47.580556,19.002222,2026-04-03 10:15:40.212738,15.44,14.37,14.2,16.58,1011,51,2.68,313,100,0.0,Clouds,overcast clouds,9
Solymár,47.596111,18.95,2026-04-03 10:15:41.381413,15.07,13.99,14.02,16.4,1011,52,2.68,313,100,0.0,Clouds,overcast clouds,9
Pilisvörösvár,47.614444,18.902222,2026-04-03 10:15:42.556996,13.95,12.78,13.66,16.04,1011,53,2.68,313,100,0.0,Clouds,overcast clouds,9
Klotildliget,47.637778,18.846389,2026-04-03 10:15:43.727340,13.75,12.56,13.4,15.77,1011,53,2.68,313,100,0.0,Clouds,overcast clouds,9
Kútvölgy,46.459444,20.451944,2026-04-03 10:15:44.915040,13.34,12.43,13.34,13.34,1009,65,6.83,33,99,0.0,Clouds,overcast clouds,9
Székkutas,46.503889,20.541111,2026-04-03 10:15:46.085457,13.32,12.43,13.32,13.32,1009,66,6.87,33,99,0.0,Clouds,overcast clouds,9
Kaposszentjakab,46.358056,17.821944,2026-04-03 10:15:47.258399,14.2,12.98,14.2,14.2,1013,50,8.4,359,100,0.0,Clouds,overcast clouds,9
Kaposvár,46.352778,17.795,2026-04-03 10:15:48.429443,14.08,12.85,14.08,14.08,1013,50,8.43,358,100,0.0,Clouds,overcast clouds,9
Kaposújlak,46.366667,17.715,2026-04-03 10:15:49.604827,14.2,12.96,14.2,14.2,1013,49,8.44,358,100,0.0,Clouds,overcast clouds,9
Kaposmérő,46.365278,17.698889,2026-04-03 10:15:50.777951,14.17,12.92,14.17,14.17,1013,49,8.43,359,100,0.0,Clouds,overcast clouds,9
Kaposfő,46.364167,17.656667,2026-04-03 10:15:51.957285,14.16,12.88,14.16,14.16,1013,48,8.42,359,100,0.0,Clouds,overcast clouds,9
Kiskorpád,46.361389,17.606667,2026-04-03 10:15:53.136589,14.12,12.84,14.12,14.12,1013,48,8.42,359,100,0.0,Clouds,overcast clouds,9
Jákó-Nagybajom,46.344444,17.554444,2026-04-03 10:15:54.321830,14.17,12.9,14.17,14.17,1013,48,8.44,0,100,0.0,Clouds,overcast clouds,9
Kutas,46.326111,17.453889,2026-04-03 10:15:55.491126,14.46,13.19,14.46,14.46,1013,47,8.8,1,100,0.0,Clouds,overcast clouds,9
Beleg,46.316944,17.420556,2026-04-03 10:15:56.659239,14.55,13.31,14.55,14.55,1013,48,9.14,2,100,0.0,Clouds,overcast clouds,9
Ötvöskónyi,46.292778,17.358056,2026-04-03 10:15:57.830811,14.59,13.36,14.59,14.59,1013,48,9.28,3,100,0.0,Clouds,overcast clouds,9
Somogyszob,46.289167,17.305556,2026-04-03 10:15:59.002605,14.61,13.35,14.61,14.61,1013,47,9.56,4,100,0.0,Clouds,overcast clouds,9
Bolhás,46.282222,17.275278,2026-04-03 10:16:00.170346,14.62,13.36,14.62,14.62,1013,47,9.74,5,100,0.0,Clouds,overcast clouds,9
Szenta,46.274167,17.182222,2026-04-03 10:16:01.340666,14.71,13.46,14.71,14.71,1013,47,9.79,5,100,0.0,Clouds,overcast clouds,9
Zrínyitelep,46.275278,17.138056,2026-04-03 10:16:02.512974,14.73,13.49,14.73,14.73,1013,47,9.77,6,100,0.0,Clouds,overcast clouds,9
Csurgó,46.261111,17.091667,2026-04-03 10:16:03.681776,14.9,13.67,14.9,14.9,1013,47,9.63,7,100,0.0,Clouds,overcast clouds,9
Gyékényes,46.249167,16.956389,2026-04-03 10:16:04.869836,14.87,13.61,14.87,14.87,1014,46,9.39,9,100,0.0,Clouds,overcast clouds,9
Adony,47.106111,18.847778,2026-04-03 10:16:06.038305,14.85,13.67,14.85,14.85,1011,49,6.66,347,100,0.0,Clouds,overcast clouds,9
Kulcs,47.051111,18.8975,2026-04-03 10:16:07.207024,14.58,13.4,14.58,14.58,1011,50,6.25,345,100,0.0,Clouds,overcast clouds,9
Rácalmás,47.023333,18.908889,2026-04-03 10:16:08.375953,14.51,13.3,14.51,14.51,1011,49,6.28,346,100,0.0,Clouds,overcast clouds,9
Dunaújváros,46.960556,18.913889,2026-04-03 10:16:09.547270,14.49,13.27,14.49,14.49,1011,49,6.35,346,100,0.0,Clouds,overcast clouds,9
Újvenyim,46.936944,18.868889,2026-04-03 10:16:10.728057,14.55,13.34,14.55,14.55,1011,49,6.69,347,100,0.0,Clouds,overcast clouds,9
Mezőfalva,46.905556,18.810278,2026-04-03 10:16:11.909068,14.49,13.27,14.49,14.49,1011,49,7.08,349,100,0.0,Clouds,overcast clouds,9
Nagykarácsony felső,46.866047,18.783064,2026-04-03 10:16:13.077861,14.57,13.36,14.57,14.57,1011,49,7.16,350,100,0.0,Clouds,overcast clouds,9
Nagykarácsony,46.848729,18.765722,2026-04-03 10:16:14.249983,14.37,13.14,14.37,14.37,1012,49,7.35,350,100,0.0,Clouds,overcast clouds,9
Alap,46.831944,18.657778,2026-04-03 10:16:15.423811,14.58,13.37,14.58,14.58,1012,49,8.02,351,100,0.0,Clouds,overcast clouds,9
Cece,46.773333,18.623333,2026-04-03 10:16:16.592423,14.58,13.37,14.58,14.58,1012,49,8.18,352,100,0.0,Clouds,overcast clouds,9
Vajta,46.713611,18.648056,2026-04-03 10:16:17.763056,14.55,13.37,14.55,14.55,1012,50,7.97,352,100,0.0,Clouds,overcast clouds,9
Rétszilas alsó,46.829167,18.639444,2026-04-03 10:16:18.934029,14.58,13.37,14.58,14.58,1012,49,8.02,351,100,0.0,Clouds,overcast clouds,9
Nagydorog,46.615485,18.65002,2026-04-03 10:16:20.102320,14.5,13.34,14.5,14.5,1012,51,7.92,354,100,0.0,Clouds,overcast clouds,9
Tengelic,46.516111,18.695278,2026-04-03 10:16:21.273730,14.31,13.15,14.31,14.31,1012,52,7.74,355,100,0.0,Clouds,overcast clouds,9
Fácánkert,46.449041,18.735661,2026-04-03 10:16:22.455294,14.3,13.2,14.3,14.3,1012,54,7.72,355,100,0.0,Clouds,overcast clouds,9
Tolna-Mözs,46.416389,18.750556,2026-04-03 10:16:23.628270,14.33,13.23,14.33,14.33,1011,54,7.69,355,100,0.0,Clouds,overcast clouds,9
Szekszárd-Palánk,46.38027777777778,18.72833333333333,2026-04-03 10:16:24.799012,14.33,13.25,14.33,14.33,1012,55,7.85,356,100,0.0,Clouds,overcast clouds,9
Szekszárd,46.349444,18.7125,2026-04-03 10:16:25.974955,14.29,13.21,14.29,14.29,1011,55,7.93,356,100,0.0,Clouds,overcast clouds,9
Őcsény,46.318889,18.7425,2026-04-03 10:16:27.146006,14.28,13.23,14.28,14.28,1011,56,8.06,356,100,0.0,Clouds,overcast clouds,9
Decs,46.283889,18.756111,2026-04-03 10:16:28.314865,14.26,13.2,14.26,14.26,1011,56,8.13,356,100,0.0,Clouds,overcast clouds,9
Csikóstőttős,46.337222,18.152778,2026-04-03 10:16:29.484449,14.14,12.99,14.14,14.14,1012,53,7.98,359,100,0.0,Clouds,overcast clouds,9
Mágocs-Alsómocsolád,46.31027777777778,18.222222222222225,2026-04-03 10:16:30.673139,13.5,12.32,13.5,13.5,1012,54,7.89,359,100,0.0,Clouds,overcast clouds,9
Szalatnak,46.284444444444446,18.288611111111113,2026-04-03 10:16:31.843151,13.67,12.53,13.67,13.67,1012,55,7.91,359,100,0.0,Clouds,overcast clouds,9
Máza-Szászvár,46.279167,18.411389,2026-04-03 10:16:33.016660,15.36,14.39,15.36,15.36,1012,55,8.01,358,100,0.0,Clouds,overcast clouds,9
Váralja,46.281667,18.436111,2026-04-03 10:16:34.190447,15.44,14.5,15.44,15.44,1012,56,8.06,358,100,0.0,Clouds,overcast clouds,9
Nagymányok,46.280278,18.459167,2026-04-03 10:16:35.360243,15.52,14.59,15.52,15.52,1012,56,8.06,358,100,0.0,Clouds,overcast clouds,9
Hidas-Bonyhád,46.269444,18.523333,2026-04-03 10:16:36.534765,15.52,14.59,15.52,15.52,1012,56,8.11,358,100,0.0,Clouds,overcast clouds,9
Mőcsény,46.2575,18.591944,2026-04-03 10:16:37.708121,15.51,14.58,15.51,15.51,1012,56,8.18,358,100,0.0,Clouds,overcast clouds,9
Bátaszék,46.202222,18.715556,2026-04-03 10:16:38.883294,15.8,14.92,15.8,15.8,1011,57,8.25,358,100,0.0,Clouds,overcast clouds,9
Pörböly,46.199167,18.826389,2026-04-03 10:16:40.053833,14.15,13.11,14.15,14.15,1011,57,8.22,357,100,0.0,Clouds,overcast clouds,9
Orosháza,46.566111,20.664722,2026-04-03 10:16:41.221998,14.43,13.68,14.43,14.43,1009,67,7.1,32,98,0.0,Clouds,overcast clouds,9
Orosházi tanyák,46.596944,20.760556,2026-04-03 10:16:42.395700,14.42,13.72,14.42,14.42,1009,69,7.17,29,100,0.0,Clouds,overcast clouds,9
Csorvás,46.623611,20.840833,2026-04-03 10:16:43.577532,14.42,13.72,14.42,14.42,1009,69,7.1,28,100,0.0,Clouds,overcast clouds,9
Csorvás alsó,46.634722,20.888333,2026-04-03 10:16:44.749461,14.44,13.77,14.44,14.44,1009,70,7.06,28,100,0.0,Clouds,overcast clouds,9
Telekgerendás,46.656111,20.963889,2026-04-03 10:16:45.926947,14.45,13.8,14.45,14.45,1009,71,6.98,26,99,0.0,Clouds,overcast clouds,9
Fürjes,46.67214,21.02306,2026-04-03 10:16:47.106138,14.49,13.85,14.49,14.49,1009,71,7.06,25,98,0.0,Clouds,overcast clouds,9
Fényes,46.659876,21.16618,2026-04-03 10:16:48.279489,14.5,13.91,14.5,14.5,1009,73,7.1,22,97,0.0,Clouds,overcast clouds,9
Bicere,46.66,21.179444,2026-04-03 10:16:49.451857,14.47,13.9,14.47,14.47,1009,74,7.15,22,97,0.0,Clouds,overcast clouds,9
Gyula,46.656389,21.273333,2026-04-03 10:16:50.626116,14.46,13.89,14.46,14.46,1009,74,7.29,20,98,0.0,Clouds,overcast clouds,9
József Szanatórium,46.704722,21.3325,2026-04-03 10:16:51.797695,14.5,13.86,14.5,14.5,1009,71,7.8,20,98,0.0,Clouds,overcast clouds,9
Sarkadi Cukorgyár,46.73,21.383611,2026-04-03 10:16:52.974053,14.52,13.86,14.52,14.52,1009,70,7.96,18,99,0.0,Clouds,overcast clouds,9
Sarkad,46.736944,21.402222,2026-04-03 10:16:54.146510,14.5,13.81,14.5,14.5,1009,69,7.95,18,100,0.0,Clouds,overcast clouds,9
Kötegyán,46.758333,21.479722,2026-04-03 10:16:55.318900,14.53,13.81,14.53,14.53,1009,68,7.92,18,100,0.0,Clouds,overcast clouds,9
Méhkerék,46.774444,21.455556,2026-04-03 10:16:56.491399,14.55,13.81,14.55,14.55,1009,67,7.89,18,98,0.0,Clouds,overcast clouds,9
Sarkadkeresztúr,46.823611,21.4175,2026-04-03 10:16:57.665537,14.57,13.81,14.57,14.57,1009,66,7.79,19,96,0.0,Clouds,overcast clouds,9
Okány,46.8925,21.339167,2026-04-03 10:16:58.844746,14.61,13.77,14.61,14.61,1009,63,7.16,22,93,0.0,Clouds,overcast clouds,9
Újszeged,46.242222,20.16,2026-04-03 10:17:00.019243,13.97,13.07,13.97,13.97,1009,63,7.38,27,100,0.0,Clouds,overcast clouds,9
Szőreg,46.211389,20.183056,2026-04-03 10:17:01.188977,13.96,13.11,13.96,13.96,1009,65,7.23,29,100,0.0,Clouds,overcast clouds,9
Deszk,46.210278,20.246389,2026-04-03 10:17:02.364639,13.97,13.17,13.97,13.97,1009,67,7.14,28,100,0.0,Clouds,overcast clouds,9
Kiszombor,46.191944,20.413056,2026-04-03 10:17:03.535306,14.06,13.4,14.06,14.06,1009,72,7.14,25,100,0.0,Clouds,overcast clouds,9
Kiszombor megálló,46.191111,20.430833,2026-04-03 10:17:04.708531,14.06,13.4,14.06,14.06,1009,72,7.14,25,100,0.0,Clouds,overcast clouds,9
Makó,46.204722,20.474722,2026-04-03 10:17:05.880850,14.02,13.38,14.02,14.02,1009,73,7.15,24,100,0.0,Clouds,overcast clouds,9
Apátfalva,46.175193,20.580611,2026-04-03 10:17:07.053728,13.95,13.41,13.95,13.95,1009,77,6.99,20,100,0.0,Clouds,overcast clouds,9
Magyarcsanád,46.174444,20.610278,2026-04-03 10:17:08.222675,13.93,13.42,13.93,13.93,1009,78,6.94,19,100,0.0,Clouds,overcast clouds,9
Nagylak,46.17,20.708333,2026-04-03 10:17:09.392052,15.1,14.78,15.1,15.1,1009,81,6.82,19,100,0.0,Clouds,overcast clouds,9
Nagylaki Kendergyár,46.189167,20.717222,2026-04-03 10:17:10.567984,15.09,14.77,15.09,15.09,1009,81,7.07,19,100,0.0,Clouds,overcast clouds,9
Csanádpalota,46.236111,20.7325,2026-04-03 10:17:11.739268,15.08,14.73,15.08,15.08,1009,80,7.27,18,100,0.0,Clouds,overcast clouds,9
Mezőhegyes,46.310833,20.815556,2026-04-03 10:17:12.917704,15.02,14.69,15.02,15.02,1009,81,7.75,18,100,0.0,Clouds,overcast clouds,9
Végegyháza,46.384444,20.878611,2026-04-03 10:17:14.087800,15.04,14.69,15.04,15.04,1009,80,7.83,19,100,0.0,Clouds,overcast clouds,9
Mezőkovácsháza,46.408333,20.9,2026-04-03 10:17:15.258526,15.04,14.66,15.04,15.04,1009,79,7.75,20,100,0.0,Clouds,overcast clouds,9
Mezőkovácsháza felső,46.415556,20.918056,2026-04-03 10:17:16.427646,15.05,14.7,15.05,15.05,1009,80,7.68,20,100,0.0,Clouds,overcast clouds,9
Magyarbánhegyes,46.451389,20.97,2026-04-03 10:17:17.598185,14.23,13.77,14.23,14.23,1009,79,7.5,20,100,0.0,Clouds,overcast clouds,9
Medgyesegyháza,46.495278,21.029167,2026-04-03 10:17:18.768319,14.26,13.8,14.26,14.26,1009,79,7.05,21,100,0.0,Clouds,overcast clouds,9
Bánkút,46.505278,21.091944,2026-04-03 10:17:19.948248,14.27,13.82,14.27,14.27,1009,79,6.86,21,100,0.0,Clouds,overcast clouds,9
Belsőperegpuszta,46.321111,20.916667,2026-04-03 10:17:21.122251,15.02,14.74,15.02,15.02,1009,83,7.91,17,100,0.0,Clouds,overcast clouds,9
Battonya,46.282222,21.003889,2026-04-03 10:17:22.294666,14.98,15.14,13.93,15.06,1009,100,7.88,17,100,0.0,Clouds,overcast clouds,9
Baja-Dunafürdő,46.193333,18.919167,2026-04-03 10:17:23.477853,14.14,13.1,14.14,14.14,1011,57,8.2,358,100,0.0,Clouds,overcast clouds,9
Kaposszekcső,46.330556,18.143056,2026-04-03 10:17:24.652631,14.14,12.99,14.14,14.14,1012,53,7.98,359,100,0.0,Clouds,overcast clouds,9
Vásárosdombó,46.310556,18.138889,2026-04-03 10:17:25.829327,14.0,12.84,14.0,14.0,1012,53,7.84,359,100,0.0,Clouds,overcast clouds,9
Sásd,46.257222,18.104722,2026-04-03 10:17:27.014146,13.86,12.71,13.86,13.86,1012,54,7.66,360,100,0.0,Clouds,overcast clouds,9
Godisa,46.223333,18.104722,2026-04-03 10:17:28.186685,14.4,13.31,14.4,14.4,1012,54,7.65,360,100,0.0,Clouds,overcast clouds,9
Abaliget,46.152778,18.073611,2026-04-03 10:17:29.365903,14.01,12.9,14.01,14.01,1012,55,7.81,359,100,0.0,Clouds,overcast clouds,9
Hetvehely,46.128333,18.045,2026-04-03 10:17:30.541540,14.2,13.14,14.2,14.2,1012,56,7.92,359,100,0.0,Clouds,overcast clouds,9
Bükkösd,46.113056,17.999444,2026-04-03 10:17:31.711530,14.36,13.31,14.36,14.36,1012,56,7.93,359,100,0.0,Clouds,overcast clouds,9
Cserdi-Helesfa,46.086667,17.987778,2026-04-03 10:17:32.882102,14.44,13.4,14.44,14.44,1012,56,8.03,359,100,0.0,Clouds,overcast clouds,9
Szentlőrinc,46.033333,17.990833,2026-04-03 10:17:34.058710,14.5,13.23,14.5,14.5,1012,47,8.23,350,0,0.0,Clear,clear sky,9
Bicsérd,46.041389,18.057778,2026-04-03 10:17:35.229033,14.41,13.13,14.41,14.41,1012,47,8.23,350,0,0.0,Clear,clear sky,9
Mecsekalja-Cserkút,46.059722,18.150278,2026-04-03 10:17:36.400706,14.54,13.28,14.54,15.66,1012,47,8.23,350,0,0.0,Clear,clear sky,9
Pécs,46.065833,18.223611,2026-04-03 10:17:37.574670,14.63,13.45,14.46,15.58,1011,50,8.23,350,0,0.0,Clear,clear sky,9
Pécs-Külváros,46.071667,18.24,2026-04-03 10:17:38.750447,14.64,13.47,14.43,15.55,1011,50,8.23,350,0,0.0,Clear,clear sky,9
Pécsbánya-Rendező,46.063333,18.270278,2026-04-03 10:17:39.921148,14.53,13.34,14.28,15.4,1012,50,8.23,350,0,0.0,Clear,clear sky,9
Pécsudvard,46.01,18.275556,2026-04-03 10:17:41.093582,14.3,13.06,14.21,15.32,1011,49,8.23,350,0,0.0,Clear,clear sky,9
Szőkéd,45.9675,18.29,2026-04-03 10:17:42.266875,14.4,13.15,14.39,15.51,1011,48,8.23,350,0,0.0,Clear,clear sky,9
Áta,45.936389,18.306944,2026-04-03 10:17:43.446795,14.58,13.37,14.49,15.61,1011,49,8.23,350,0,0.0,Clear,clear sky,9
Kistótfalu,45.909722,18.315278,2026-04-03 10:17:44.625619,14.9,13.78,14.53,15.65,1011,51,8.23,350,0,0.0,Clear,clear sky,9
Vokány,45.899722,18.334722,2026-04-03 10:17:45.795737,15.1,14.02,14.49,15.61,1011,52,8.23,350,0,0.0,Clear,clear sky,9
Palkonya,45.891667,18.393889,2026-04-03 10:17:46.967444,15.44,14.5,14.52,15.64,1011,56,8.23,350,0,0.0,Clear,clear sky,9
Villánykövesd,45.879722,18.425833,2026-04-03 10:17:48.142662,15.41,14.47,14.48,15.6,1011,56,8.23,350,0,0.0,Clear,clear sky,9
Villány,45.8775,18.451389,2026-04-03 10:17:49.321861,15.53,14.6,14.6,15.72,1011,56,4.92,355,100,0.0,Clouds,overcast clouds,9
Magyarbóly,45.834167,18.491944,2026-04-03 10:17:50.512478,15.59,14.67,14.66,15.77,1011,56,4.92,355,100,0.0,Clouds,overcast clouds,9
Magyarszék,46.210278,18.188056,2026-04-03 10:17:51.690594,14.25,13.17,14.25,15.36,1012,55,7.71,359,100,0.0,Clouds,overcast clouds,9
Mecsekpölöske,46.224167,18.213056,2026-04-03 10:17:52.864103,14.07,12.97,14.07,15.19,1012,55,7.73,359,100,0.0,Clouds,overcast clouds,9
Mecsekjánosi,46.215278,18.241944,2026-04-03 10:17:54.036369,14.06,12.96,14.06,15.18,1012,55,7.82,359,100,0.0,Clouds,overcast clouds,9
Komló,46.189167,18.265278,2026-04-03 10:17:55.206708,13.75,12.62,13.75,14.86,1012,55,7.84,359,100,0.0,Clouds,overcast clouds,9
Királyegyháza-Rigópuszta,45.989167,17.971667,2026-04-03 10:17:56.375101,14.58,13.61,14.58,14.58,1012,58,8.29,358,100,0.0,Clouds,overcast clouds,9
Sumony,45.960833,17.913333,2026-04-03 10:17:57.548487,14.61,13.67,14.61,14.61,1012,59,8.13,357,100,0.0,Clouds,overcast clouds,9
Okorág-Kárászpuszta,45.933611,17.864444,2026-04-03 10:17:58.724017,14.62,13.7,14.62,14.62,1012,60,7.98,357,100,0.0,Clouds,overcast clouds,9
Kákics,45.904167,17.8525,2026-04-03 10:17:59.897645,13.95,12.99,13.95,13.95,1012,61,7.78,356,100,0.0,Clouds,overcast clouds,9
Bóly,45.9375,18.538333,2026-04-03 10:18:01.071611,15.43,14.49,14.43,15.55,1011,56,4.92,355,100,0.0,Clouds,overcast clouds,9
Mohács,46.0025,18.683333,2026-04-03 10:18:02.248271,15.81,14.91,15.62,15.81,1011,56,8.42,3,100,0.0,Clouds,overcast clouds,9
Sellye,45.873333,17.858889,2026-04-03 10:18:03.415513,13.9,12.96,13.9,13.9,1012,62,7.72,355,100,0.0,Clouds,overcast clouds,9
Toponár,46.398333,17.840833,2026-04-03 10:18:04.586185,14.12,12.87,14.12,14.12,1013,49,8.59,358,100,0.0,Clouds,overcast clouds,9
Somogyaszaló,46.453611,17.840278,2026-04-03 10:18:05.762657,14.03,12.74,14.03,14.03,1013,48,8.99,358,100,0.0,Clouds,overcast clouds,9
Mernye,46.509444,17.832222,2026-04-03 10:18:06.938949,14.16,12.86,14.16,14.16,1013,47,9.44,357,100,0.0,Clouds,overcast clouds,9
Felsőmocsolád,46.556389,17.8225,2026-04-03 10:18:08.110511,14.03,12.69,14.03,14.03,1013,46,9.53,356,100,0.0,Clouds,overcast clouds,9
Kisbárapáti,46.615,17.866667,2026-04-03 10:18:09.281523,13.84,12.45,13.84,13.84,1013,45,9.59,355,100,0.0,Clouds,overcast clouds,9
Bonnya,46.611389,17.909167,2026-04-03 10:18:10.453869,14.14,12.81,14.14,14.14,1013,46,9.52,356,100,0.0,Clouds,overcast clouds,9
Andocs,46.646944,17.8925,2026-04-03 10:18:11.626842,13.6,12.19,13.6,13.6,1013,45,9.58,355,100,0.0,Clouds,overcast clouds,9
Karád,46.681111,17.874722,2026-04-03 10:18:12.810519,12.47,10.92,12.47,12.47,1013,44,9.57,354,100,0.0,Clouds,overcast clouds,9
Somogymeggyes,46.720556,17.920556,2026-04-03 10:18:13.988460,12.05,10.46,12.05,13.16,1013,44,9.5,353,100,0.0,Clouds,overcast clouds,9
Kapoly,46.713611,17.977778,2026-04-03 10:18:15.157850,12.33,10.79,12.33,13.44,1013,45,9.41,354,100,0.0,Clouds,overcast clouds,9
Tab,46.734167,18.041111,2026-04-03 10:18:16.328166,13.6,12.19,12.49,13.6,1013,45,9.45,354,100,0.0,Clouds,overcast clouds,9
Bábonymegyer,46.746095,18.109921,2026-04-03 10:18:17.497679,13.71,12.49,12.6,13.71,1013,52,9.43,354,100,0.0,Clouds,overcast clouds,9
Daránypuszta,46.764722,18.143889,2026-04-03 10:18:18.672714,13.73,12.52,12.62,13.73,1013,52,9.46,354,100,0.0,Clouds,overcast clouds,9
Som-Nagyberény,46.803056,18.149444,2026-04-03 10:18:19.845503,13.72,12.51,12.61,13.72,1013,52,9.58,353,100,0.0,Clouds,overcast clouds,9
Ádánd,46.854444,18.141667,2026-04-03 10:18:21.021243,13.84,12.64,12.73,13.84,1013,52,9.75,352,100,0.0,Clouds,overcast clouds,9
Siójut,46.879444,18.126667,2026-04-03 10:18:22.191670,13.83,12.63,12.72,13.83,1013,52,9.86,351,100,0.0,Clouds,overcast clouds,9
Kapostüskevár,46.367778,17.774167,2026-04-03 10:18:23.371075,14.26,13.05,14.26,14.26,1013,50,8.45,358,100,0.0,Clouds,overcast clouds,9
Kaposfüred,46.415,17.759444,2026-04-03 10:18:24.542522,14.14,12.86,14.14,14.14,1013,48,8.81,358,100,0.0,Clouds,overcast clouds,9
Várda,46.4625,17.721667,2026-04-03 10:18:25.713583,14.07,12.76,14.07,14.07,1013,47,9.04,357,100,0.0,Clouds,overcast clouds,9
Somogyjád,46.490833,17.694444,2026-04-03 10:18:26.883054,14.5,13.23,14.5,14.5,1013,47,9.12,356,100,0.0,Clouds,overcast clouds,9
Osztopán,46.515556,17.656944,2026-04-03 10:18:28.054608,14.52,13.23,14.52,14.52,1013,46,9.2,356,100,0.0,Clouds,overcast clouds,9
Pamuk,46.553127,17.636412,2026-04-03 10:18:29.228334,14.66,13.38,14.66,14.66,1013,46,9.36,355,100,0.0,Clouds,overcast clouds,9
Somogyvár,46.580556,17.634722,2026-04-03 10:18:30.399164,14.68,13.4,14.68,14.68,1014,46,9.53,355,100,0.0,Clouds,overcast clouds,9
Öreglak,46.608607,17.632733,2026-04-03 10:18:31.571006,14.67,13.39,14.67,14.67,1014,46,9.69,354,100,0.0,Clouds,overcast clouds,9
Tatárvár,46.636667,17.621111,2026-04-03 10:18:32.740051,14.59,13.28,14.59,14.59,1014,45,9.87,353,100,0.0,Clouds,overcast clouds,9
Lengyeltóti,46.660556,17.613611,2026-04-03 10:18:33.910003,14.68,13.38,14.68,14.68,1014,45,10.05,353,100,0.0,Clouds,overcast clouds,9
Pusztaberény,46.686111,17.594722,2026-04-03 10:18:35.083954,14.8,13.51,14.8,14.8,1014,45,10.19,352,100,0.0,Clouds,overcast clouds,9
Örkény,47.132778,19.447222,2026-04-03 10:18:36.254406,14.88,13.65,14.88,14.88,1010,47,5.74,9,100,0.0,Clouds,overcast clouds,9
Táborfalva,47.098545,19.479318,2026-04-03 10:18:37.433090,15.88,14.75,15.88,15.88,1010,47,5.92,10,100,0.0,Clouds,overcast clouds,9
Felsőlajos,47.068834,19.498415,2026-04-03 10:18:38.613780,15.87,14.74,15.87,15.87,1010,47,6.01,10,100,0.0,Clouds,overcast clouds,9
Lajosmizse,47.028333,19.542778,2026-04-03 10:18:39.783385,15.84,14.55,15.84,15.84,1010,41,7.2,10,0,0.0,Clear,clear sky,9
Lajosmizse alsó,47.0225,19.550278,2026-04-03 10:18:40.968324,15.85,14.56,15.85,15.85,1010,41,7.2,10,0,0.0,Clear,clear sky,9
Klábertelep,47.005556,19.551667,2026-04-03 10:18:42.140938,15.86,14.57,15.86,15.86,1010,41,7.2,10,0,0.0,Clear,clear sky,9
Méntelek,46.978611,19.570833,2026-04-03 10:18:43.308869,15.9,14.62,15.9,15.9,1010,41,7.2,10,0,0.0,Clear,clear sky,9
Hetényegyháza,46.930833,19.595,2026-04-03 10:18:44.479314,15.92,14.64,15.92,15.92,1010,41,7.2,10,0,0.0,Clear,clear sky,9
Kecskemét-Máriaváros,46.901192,19.675913,2026-04-03 10:18:45.660508,15.97,14.69,15.97,18.19,1010,41,7.2,10,0,0.0,Clear,clear sky,9
Nyársapát,47.100278,19.7925,2026-04-03 10:18:46.836084,16.16,15.03,15.99,17.72,1010,46,6.47,17,95,0.0,Clouds,overcast clouds,9
Nagykőrös,47.038333,19.76,2026-04-03 10:18:48.008097,15.97,14.69,15.97,17.02,1010,41,7.2,10,0,0.0,Clear,clear sky,9
Katonatelep,46.963056,19.718889,2026-04-03 10:18:49.179833,15.94,14.66,15.94,15.94,1010,41,7.2,10,0,0.0,Clear,clear sky,9
Kecskemét,46.913889,19.700833,2026-04-03 10:18:50.351717,15.97,14.69,15.97,18.19,1010,41,7.2,10,0,0.0,Clear,clear sky,9
Városföld,46.816667,19.753333,2026-04-03 10:18:51.524401,16.03,14.76,16.03,18.25,1010,41,7.2,10,0,0.0,Clear,clear sky,9
Kiskunfélegyháza,46.7067,19.83474,2026-04-03 10:18:52.698912,18.3,17.26,16.08,18.3,1010,41,8.31,25,87,0.0,Clouds,overcast clouds,9
Petőfiszállás,46.617374,19.865229,2026-04-03 10:18:53.869866,18.34,17.3,18.34,18.34,1010,41,8.49,25,79,0.0,Clouds,broken clouds,9
Csengele,46.538321,19.909008,2026-04-03 10:18:55.037143,18.33,17.29,13.86,18.33,1010,41,8.43,24,69,0.0,Clouds,broken clouds,9
Kistelek,46.466944,19.966944,2026-04-03 10:18:56.214413,13.92,12.93,13.92,18.38,1009,60,8.28,23,67,0.0,Clouds,broken clouds,9
Balástya,46.413333,20.001389,2026-04-03 10:18:57.396481,13.92,12.93,13.92,13.92,1009,60,8.1,23,73,0.0,Clouds,broken clouds,9
Szatymaz,46.345621,20.04374,2026-04-03 10:18:58.568774,13.94,12.96,13.94,13.94,1009,60,8.05,23,86,0.0,Clouds,overcast clouds,9
Kiskundorozsma,46.271667,20.090556,2026-04-03 10:18:59.743599,13.97,12.99,13.97,13.97,1009,60,7.56,26,97,0.0,Clouds,overcast clouds,9
Szeged,46.239722,20.143056,2026-04-03 10:19:00.912583,13.95,12.97,13.95,13.95,1009,60,7.34,28,100,0.0,Clouds,overcast clouds,9
Alsóúrrét,46.898392,19.779891,2026-04-03 10:19:02.081066,16.01,14.74,16.01,18.24,1010,41,7.2,10,0,0.0,Clear,clear sky,9
Nyárlőrinc,46.87,19.851389,2026-04-03 10:19:03.254056,16.05,14.78,16.05,18.27,1010,41,7.2,10,0,0.0,Clear,clear sky,9
Világoshegy,46.855278,19.940278,2026-04-03 10:19:04.424096,16.08,14.81,16.08,18.3,1010,41,7.2,10,0,0.0,Clear,clear sky,9
Szikra,46.858333,19.975,2026-04-03 10:19:05.597976,17.17,16.01,16.08,18.31,1010,41,7.2,10,0,0.0,Clear,clear sky,9
Lakitelek,46.873056,20.003611,2026-04-03 10:19:06.768329,17.04,15.87,16.13,18.36,1010,41,7.2,10,0,0.0,Clear,clear sky,9
Tiszaug,46.850556,20.074167,2026-04-03 10:19:07.945521,18.13,17.3,16.2,18.43,1010,50,8.21,28,90,0.0,Clouds,overcast clouds,9
Tiszasas,46.826389,20.089167,2026-04-03 10:19:09.115615,18.41,17.61,16.18,18.41,1010,50,8.21,28,90,0.0,Clouds,overcast clouds,9
Csépa,46.8125,20.134722,2026-04-03 10:19:10.292286,13.32,12.35,13.32,18.41,1009,63,8.06,27,84,0.0,Clouds,broken clouds,9
Szelevény,46.811944,20.196389,2026-04-03 10:19:11.462103,13.33,12.36,13.33,18.41,1009,63,7.98,27,82,0.0,Clouds,broken clouds,9
Gátér,46.685,19.9625,2026-04-03 10:19:12.630045,18.41,17.38,13.32,18.41,1010,41,8.38,26,82,0.0,Clouds,broken clouds,9
Kónyaszék,46.699931,20.074299,2026-04-03 10:19:13.804059,13.34,12.37,13.34,18.42,1010,63,8.14,26,80,0.0,Clouds,broken clouds,9
Csongrád,46.704444,20.140556,2026-04-03 10:19:14.981285,13.34,12.37,13.34,18.43,1009,63,7.96,25,77,0.0,Clouds,broken clouds,9
Hékéd,46.675,20.266667,2026-04-03 10:19:16.154767,13.34,12.37,13.34,13.34,1009,63,7.6,24,75,0.0,Clouds,broken clouds,9
Fábiánsebestyén,46.670278,20.456667,2026-04-03 10:19:17.325457,13.33,12.36,13.33,13.33,1009,63,7.36,30,83,0.0,Clouds,broken clouds,9
Gádoros,46.656711,20.588157,2026-04-03 10:19:18.495070,13.32,12.33,13.32,13.32,1009,62,7.22,33,93,0.0,Clouds,overcast clouds,9
Justhmajor,46.62,20.615833,2026-04-03 10:19:19.665849,13.32,12.35,13.32,13.32,1009,63,7.15,33,96,0.0,Clouds,overcast clouds,9
Szentetornya,46.590964,20.628334,2026-04-03 10:19:20.836506,13.31,12.37,13.31,13.31,1009,64,7.1,32,97,0.0,Clouds,overcast clouds,9
Gyopárosfürdő,46.567784,20.630662,2026-04-03 10:19:22.014393,13.3,12.41,13.3,13.3,1009,66,7.1,32,98,0.0,Clouds,overcast clouds,9
Szabadságliget,47.626123,18.893481,2026-04-03 10:19:23.195741,13.86,12.66,13.55,15.93,1011,52,2.68,313,100,0.0,Clouds,overcast clouds,9
Röszke,46.19261,20.03055,2026-04-03 10:19:24.370747,13.97,12.99,13.97,13.97,1009,60,7.63,26,100,0.0,Clouds,overcast clouds,9
Tószeg,47.098056,20.138333,2026-04-03 10:19:25.541115,17.23,16.26,17.02,17.23,1009,48,9.26,30,0,0.0,Clear,clear sky,9
Tiszavárkony,47.059444,20.143056,2026-04-03 10:19:26.728086,17.23,16.26,17.03,17.23,1009,48,9.26,30,0,0.0,Clear,clear sky,9
Tiszajenő-Vezseny,47.036319,20.142415,2026-04-03 10:19:27.897599,17.23,16.26,17.03,17.23,1009,48,9.26,30,0,0.0,Clear,clear sky,9
Újbög,46.962222,20.093889,2026-04-03 10:19:29.083701,17.15,16.17,16.15,17.19,1009,48,8.09,29,95,0.0,Clouds,overcast clouds,9
Tiszakécske,46.937512,20.082016,2026-04-03 10:19:30.267315,17.2,16.23,16.16,17.21,1010,48,8.13,29,93,0.0,Clouds,overcast clouds,9
Kerekdomb,46.906944,20.052778,2026-04-03 10:19:31.440985,16.83,15.85,16.16,18.38,1010,49,8.16,28,93,0.0,Clouds,overcast clouds,9
Tiszaalpár,46.818611,19.982778,2026-04-03 10:19:32.611493,18.35,17.31,16.12,18.35,1010,41,8.3,28,92,0.0,Clouds,overcast clouds,9
Tiszaalpár alsó,46.790897,19.951409,2026-04-03 10:19:33.785037,18.35,17.31,16.12,18.35,1010,41,8.32,28,92,0.0,Clouds,overcast clouds,9
Tiszatenyő,47.134167,20.3725,2026-04-03 10:19:34.959223,17.02,16.03,17.02,17.23,1009,48,9.26,30,0,0.0,Clear,clear sky,9
Pusztapó,47.091667,20.458333,2026-04-03 10:19:36.127658,17.03,16.04,17.03,17.23,1009,48,9.26,30,0,0.0,Clear,clear sky,9
Kétpó,47.076944,20.487778,2026-04-03 10:19:37.298885,17.03,16.04,17.03,17.23,1009,48,9.26,30,0,0.0,Clear,clear sky,9
Mezőtúr,47.0125,20.622778,2026-04-03 10:19:38.471378,14.94,13.85,14.94,14.94,1009,52,7.93,31,84,0.0,Clouds,broken clouds,9
Nagylapos,46.974167,20.750556,2026-04-03 10:19:39.649179,14.92,13.9,14.92,14.92,1009,55,8.09,32,88,0.0,Clouds,overcast clouds,9
Gyoma,46.925833,20.821667,2026-04-03 10:19:40.823271,14.89,13.92,14.89,14.89,1009,57,7.86,32,92,0.0,Clouds,overcast clouds,9
Csárdaszállás,46.861111,20.932778,2026-04-03 10:19:41.992773,14.82,13.95,14.82,14.82,1009,61,7.44,30,98,0.0,Clouds,overcast clouds,9
Mezőberény,46.814722,21.013056,2026-04-03 10:19:43.173704,14.79,14.0,14.79,14.79,1009,64,7.28,28,98,0.0,Clouds,overcast clouds,9
Murony,46.756944,21.038056,2026-04-03 10:19:44.345794,14.77,14.05,14.77,14.77,1009,67,7.24,26,97,0.0,Clouds,overcast clouds,9
Békéscsaba,46.669722,21.081667,2026-04-03 10:19:45.525913,14.73,14.11,14.73,14.73,1009,71,7.15,24,97,0.0,Clouds,overcast clouds,9
Kétegyháza,46.5325,21.171944,2026-04-03 10:19:46.696141,14.55,14.12,14.55,14.55,1009,79,6.54,20,100,0.0,Clouds,overcast clouds,9
Lőkösháza,46.432222,21.2375,2026-04-03 10:19:47.867155,15.04,14.71,13.94,15.07,1009,81,6.65,18,100,0.0,Clouds,overcast clouds,9
Kengyel,47.089722,20.339722,2026-04-03 10:19:49.040367,17.0,16.01,17.0,17.21,1009,48,9.26,30,0,0.0,Clear,clear sky,9
Bagimajor,47.061111,20.316667,2026-04-03 10:19:50.208179,17.03,16.04,17.03,17.23,1009,48,9.26,30,0,0.0,Clear,clear sky,9
Martfű,47.019444,20.291667,2026-04-03 10:19:51.383761,17.01,16.02,17.01,17.21,1009,48,9.26,30,0,0.0,Clear,clear sky,9
Tiszaföldvár,46.975556,20.276389,2026-04-03 10:19:52.552840,17.01,16.02,17.01,17.21,1009,48,9.26,30,0,0.0,Clear,clear sky,9
Homok,46.9475,20.270278,2026-04-03 10:19:53.723254,17.22,16.25,17.01,17.22,1009,48,9.26,30,0,0.0,Clear,clear sky,9
Kungyalu,46.910833,20.2675,2026-04-03 10:19:54.905531,17.24,16.35,17.03,17.24,1009,51,7.81,27,88,0.0,Clouds,overcast clouds,9
Kunszentmárton,46.848333,20.293333,2026-04-03 10:19:56.081601,13.32,12.12,13.32,13.32,1009,54,7.75,26,78,0.0,Clouds,broken clouds,9
Nagytőke,46.763333,20.291667,2026-04-03 10:19:57.252421,13.34,12.37,13.34,13.34,1009,63,7.69,26,74,0.0,Clouds,broken clouds,9
Szentes,46.657778,20.2725,2026-04-03 10:19:58.427248,13.34,12.37,13.34,13.34,1009,63,7.6,24,77,0.0,Clouds,broken clouds,9
Szegvár,46.588611,20.249444,2026-04-03 10:19:59.600864,13.34,12.37,13.34,13.34,1009,63,7.6,24,81,0.0,Clouds,broken clouds,9
Mindszent,46.524167,20.194167,2026-04-03 10:20:00.786135,13.35,12.39,13.35,13.35,1009,63,7.55,25,79,0.0,Clouds,broken clouds,9
Mártély,46.473333,20.236111,2026-04-03 10:20:01.959305,13.36,12.29,13.36,13.98,1009,59,7.41,26,87,0.0,Clouds,overcast clouds,9
Pusztabánréve,46.939898,20.556809,2026-04-03 10:20:03.135137,14.92,13.85,14.92,14.92,1009,53,7.84,31,83,0.0,Clouds,broken clouds,9
Szarvas,46.860833,20.566667,2026-04-03 10:20:04.304516,14.87,13.85,14.87,14.87,1009,55,7.74,31,84,0.0,Clouds,broken clouds,9
Csabacsűd,46.823056,20.663333,2026-04-03 10:20:05.482418,14.86,13.92,14.86,14.86,1009,58,7.56,32,90,0.0,Clouds,overcast clouds,9
Kisszénás,46.751389,20.721389,2026-04-03 10:20:06.655307,14.81,13.94,14.81,14.81,1009,61,7.29,32,97,0.0,Clouds,overcast clouds,9
Kiscsákó,46.719167,20.717778,2026-04-03 10:20:07.837066,14.77,13.95,14.77,14.77,1009,63,7.2,32,99,0.0,Clouds,overcast clouds,9
Nagyszénás,46.672778,20.674167,2026-04-03 10:20:09.006733,14.73,13.9,14.73,14.73,1009,63,7.23,32,97,0.0,Clouds,overcast clouds,9
Kardoskút,46.498056,20.6975,2026-04-03 10:20:10.186600,14.59,13.93,14.59,14.59,1009,70,7.23,28,100,0.0,Clouds,overcast clouds,9
Tótkomlós,46.409167,20.726944,2026-04-03 10:20:11.353518,14.49,13.93,14.49,14.49,1009,74,7.58,23,100,0.0,Clouds,overcast clouds,9
Nagyér,46.365278,20.738333,2026-04-03 10:20:12.522861,14.45,13.94,14.45,14.45,1009,76,7.64,20,100,0.0,Clouds,overcast clouds,9
Pitvaros,46.326175,20.746446,2026-04-03 10:20:13.691819,14.41,13.94,14.41,14.41,1009,78,7.73,19,100,0.0,Clouds,overcast clouds,9
Dévaványa,47.033889,20.943333,2026-04-03 10:20:14.863804,14.91,13.92,14.91,14.91,1009,56,8.02,31,92,0.0,Clouds,overcast clouds,9
Körösladány,46.97,21.085833,2026-04-03 10:20:16.035881,14.86,13.94,14.86,14.86,1009,59,7.38,29,97,0.0,Clouds,overcast clouds,9
Szeghalom,47.015278,21.148333,2026-04-03 10:20:17.218034,14.88,13.94,14.88,14.88,1009,58,7.23,28,96,0.0,Clouds,overcast clouds,9
Vésztő,46.938889,21.263611,2026-04-03 10:20:18.389462,14.84,14.0,14.84,14.84,1009,62,6.87,24,93,0.0,Clouds,overcast clouds,9
Szeged-Rókus,46.266111,20.125278,2026-04-03 10:20:19.558371,13.97,12.99,13.97,13.97,1009,60,7.45,27,100,0.0,Clouds,overcast clouds,9
Algyő,46.335556,20.196111,2026-04-03 10:20:20.728101,13.99,13.04,13.99,13.99,1009,61,7.42,27,95,0.0,Clouds,overcast clouds,9
Hódmezővásárhelyi Népkert,46.403333,20.312778,2026-04-03 10:20:21.898872,13.35,12.36,13.35,13.35,1009,62,7.14,29,97,0.0,Clouds,overcast clouds,9
Hódmezővásárhely,46.413333,20.34,2026-04-03 10:20:23.076719,13.34,12.37,13.34,13.34,1009,63,7.06,30,98,0.0,Clouds,overcast clouds,9
Körmend,47.016389,16.599167,2026-04-03 10:20:24.250997,14.83,13.47,14.83,14.83,1015,42,9.48,9,100,0.0,Clouds,overcast clouds,9
Szentgotthárd,46.957222,16.263056,2026-04-03 10:20:25.430687,14.91,13.47,14.91,14.91,1015,39,4.42,7,100,0.0,Clouds,overcast clouds,9
Szombathely,47.237778,16.6325,2026-04-03 10:20:26.603117,13.37,11.91,13.37,13.37,1015,44,10.07,1,100,0.0,Clouds,overcast clouds,9
Sáferkút,48.010278,19.071389,2026-04-03 10:20:27.771921,13.99,12.72,13.99,13.99,1011,49,3.22,339,98,0.0,Clouds,overcast clouds,9
Magdolnavölgy,47.6475,18.818889,2026-04-03 10:20:28.942382,13.96,12.77,13.54,15.92,1011,52,4.38,335,100,0.0,Clouds,overcast clouds,9
Haris,46.964722,16.2825,2026-04-03 10:20:30.130609,14.92,13.51,14.92,14.92,1015,40,5.35,9,100,0.0,Clouds,overcast clouds,9
Egyházasrádóc,47.091389,16.62,2026-04-03 10:20:31.308693,14.57,13.21,14.57,14.57,1015,43,9.73,7,100,0.0,Clouds,overcast clouds,9
Alsórönök,46.964167,16.379444,2026-04-03 10:20:32.493660,14.9,13.49,14.9,14.9,1015,40,6.45,10,100,0.0,Clouds,overcast clouds,9
Szombathely-Szőlős,47.206389,16.641667,2026-04-03 10:20:33.665787,13.43,11.98,13.43,13.43,1015,44,10.06,2,100,0.0,Clouds,overcast clouds,9
Rátót,46.9675,16.433056,2026-04-03 10:20:34.837642,14.74,13.34,14.74,14.74,1015,41,7.98,11,100,0.0,Clouds,overcast clouds,9
Ják-Balogunyom,47.161389,16.630556,2026-04-03 10:20:36.012523,13.49,12.02,13.49,13.49,1015,43,10.07,4,100,0.0,Clouds,overcast clouds,9
Vasvár,47.056944,16.800278,2026-04-03 10:20:37.184123,14.8,13.48,14.8,14.8,1015,44,9.9,4,100,0.0,Clouds,overcast clouds,9
Répcelak,47.418889,17.008889,2026-04-03 10:20:38.354693,14.66,13.36,14.66,14.66,1015,45,10.3,347,99,0.0,Clouds,overcast clouds,9
Rajka,47.995556,17.191389,2026-04-03 10:20:39.544895,14.83,13.41,12.26,15.54,1015,40,8.23,340,0,0.0,Clear,clear sky,9
Püspökmolnári,47.086111,16.7675,2026-04-03 10:20:40.715077,14.79,13.45,14.79,14.79,1015,43,10.05,4,100,0.0,Clouds,overcast clouds,9
Kőszeg,47.382222,16.556389,2026-04-03 10:20:41.884409,12.97,11.52,12.97,12.97,1015,46,2.68,343,100,0.0,Clouds,overcast clouds,9
Kastélypark,47.390278,18.988333,2026-04-03 10:20:43.057971,15.58,14.55,14.34,16.72,1011,52,4.42,340,100,0.0,Clouds,overcast clouds,9
Hanságliget,47.72,17.215556,2026-04-03 10:20:44.234241,14.57,13.23,14.57,14.57,1015,44,9.37,334,99,0.0,Clouds,overcast clouds,9
Vica,47.477778,17.111944,2026-04-03 10:20:45.407396,14.64,13.33,14.64,14.64,1015,45,10.03,344,100,0.0,Clouds,overcast clouds,9
Vép,47.235833,16.7275,2026-04-03 10:20:46.575574,13.51,12.07,13.51,13.51,1015,44,10.1,359,100,0.0,Clouds,overcast clouds,9
Mosonszolnok,47.8525,17.160278,2026-04-03 10:20:47.748040,15.6,14.36,15.05,15.6,1015,44,9.23,331,91,0.0,Clouds,overcast clouds,9
Jánossomorja,47.789167,17.1375,2026-04-03 10:20:48.919100,14.54,13.2,14.54,14.54,1015,44,9.37,333,97,0.0,Clouds,overcast clouds,9
Bősárkány,47.685556,17.234167,2026-04-03 10:20:50.089637,14.6,13.26,14.6,14.6,1015,44,9.47,336,100,0.0,Clouds,overcast clouds,9
Szil-Sopronnémeti,47.533333,17.209444,2026-04-03 10:20:51.260338,13.15,11.67,13.15,13.15,1015,44,9.77,341,100,0.0,Clouds,overcast clouds,9
Magyarkeresztúr-Zsebeháza,47.514167,17.176111,2026-04-03 10:20:52.440356,13.14,11.68,13.14,13.14,1015,45,9.85,342,100,0.0,Clouds,overcast clouds,9
Páli-Vadosfa,47.4925,17.137778,2026-04-03 10:20:53.614924,14.64,13.33,14.64,14.64,1015,45,9.94,343,100,0.0,Clouds,overcast clouds,9
Beled,47.466667,17.084444,2026-04-03 10:20:54.785634,14.64,13.33,14.64,14.64,1015,45,10.03,344,100,0.0,Clouds,overcast clouds,9
Dénesfa,47.448611,17.054722,2026-04-03 10:20:55.965445,14.66,13.36,14.66,14.66,1015,45,10.19,346,99,0.0,Clouds,overcast clouds,9
Csánig,47.430278,17.026111,2026-04-03 10:20:57.155375,14.67,13.37,14.67,14.67,1015,45,10.27,346,99,0.0,Clouds,overcast clouds,9
Vámoscsalád,47.385556,16.961667,2026-04-03 10:20:58.333691,13.76,12.37,13.76,13.76,1015,45,10.44,348,99,0.0,Clouds,overcast clouds,9
Vasegerszeg,47.375,16.928889,2026-04-03 10:20:59.506408,13.77,12.38,13.77,13.77,1015,45,10.46,350,99,0.0,Clouds,overcast clouds,9
Hegyfalu,47.357778,16.898333,2026-04-03 10:21:00.686840,13.76,12.37,13.76,13.76,1015,45,10.46,350,99,0.0,Clouds,overcast clouds,9
Pósfa,47.326944,16.855833,2026-04-03 10:21:01.860806,13.74,12.34,13.74,13.74,1015,45,10.37,352,100,0.0,Clouds,overcast clouds,9
Ölbő-Alsószeleste,47.300556,16.843056,2026-04-03 10:21:03.035280,13.72,12.32,13.72,13.72,1015,45,10.25,354,100,0.0,Clouds,overcast clouds,9
Gencsapáti felső,47.299722,16.593889,2026-04-03 10:21:04.210649,13.23,11.81,13.23,13.23,1015,46,9.9,359,100,0.0,Clouds,overcast clouds,9
Lukácsháza alsó,47.326389,16.586389,2026-04-03 10:21:05.381454,13.17,11.74,13.17,13.17,1015,46,9.92,358,100,0.0,Clouds,overcast clouds,9
Kőszegfalva,47.361667,16.567778,2026-04-03 10:21:06.557408,13.06,11.62,13.06,13.06,1015,46,2.68,343,100,0.0,Clouds,overcast clouds,9
Gyöngyöshermán,47.202778,16.657222,2026-04-03 10:21:07.726413,13.45,12.0,13.45,13.45,1015,44,10.06,2,100,0.0,Clouds,overcast clouds,9
Bezenye,47.973611,17.207222,2026-04-03 10:21:08.895688,14.88,13.52,12.27,15.55,1015,42,8.84,331,82,0.0,Clouds,broken clouds,9
Kámon,47.254534,16.625769,2026-04-03 10:21:10.064591,13.33,11.92,13.33,13.33,1015,46,10.09,360,100,0.0,Clouds,overcast clouds,9
Sorkifalud,47.1375,16.719167,2026-04-03 10:21:11.245222,14.75,13.4,14.75,14.75,1015,43,10.12,4,100,0.0,Clouds,overcast clouds,9
Szentléránt,47.12,16.735556,2026-04-03 10:21:12.418945,14.75,13.4,14.75,14.75,1015,43,10.12,4,100,0.0,Clouds,overcast clouds,9
Pácsony,47.009722,16.833611,2026-04-03 10:21:13.588972,14.79,13.47,14.79,14.79,1015,44,9.75,4,100,0.0,Clouds,overcast clouds,9
Győrvár,46.99,16.840556,2026-04-03 10:21:14.762694,14.79,13.47,14.79,14.79,1015,44,9.75,4,100,0.0,Clouds,overcast clouds,9
Egervár-Vasboldogasszony,46.942222,16.862222,2026-04-03 10:21:15.939541,15.04,13.75,15.04,15.04,1015,44,9.68,4,100,0.0,Clouds,overcast clouds,9
Zalaszentlőrinc,46.913889,16.8775,2026-04-03 10:21:17.108569,15.03,13.74,15.03,15.03,1014,44,9.63,4,100,0.0,Clouds,overcast clouds,9
Gencsapáti alsó,47.285833,16.6,2026-04-03 10:21:18.289673,13.26,11.84,13.26,13.26,1015,46,9.88,0,100,0.0,Clouds,overcast clouds,9
Gyöngyösfalu,47.316111,16.59,2026-04-03 10:21:19.466232,13.19,11.77,13.19,13.19,1015,46,9.9,359,100,0.0,Clouds,overcast clouds,9
Lukácsháza,47.341111,16.580556,2026-04-03 10:21:20.648264,13.12,11.69,13.12,13.12,1015,46,2.68,343,100,0.0,Clouds,overcast clouds,9
Horvátnádalja,47.005278,16.544444,2026-04-03 10:21:21.821544,14.88,13.52,14.88,14.88,1015,42,9.12,10,100,0.0,Clouds,overcast clouds,9
Csákánydoroszló,46.978333,16.499722,2026-04-03 10:21:23.002406,14.9,13.52,14.9,14.9,1015,41,8.39,11,100,0.0,Clouds,overcast clouds,9
Váckisújfalu,47.705,19.340278,2026-04-03 10:21:24.170265,16.86,15.88,16.86,16.86,1011,49,3.83,340,100,0.0,Clouds,overcast clouds,9
Csisztafürdő,46.681411,17.561797,2026-04-03 10:21:25.347995,14.85,13.57,14.85,14.85,1014,45,10.32,352,100,0.0,Clouds,overcast clouds,9
Mórágy,46.236021,18.627255,2026-04-03 10:21:26.521551,15.53,14.6,15.53,15.53,1012,56,8.22,358,100,0.0,Clouds,overcast clouds,9
Kismacs,47.551111,21.542778,2026-04-03 10:21:27.696513,16.9,15.74,16.9,16.9,1008,42,8.75,20,0,0.0,Clear,clear sky,9
Pusztaszentistván,47.439869,19.470254,2026-04-03 10:21:28.869185,14.84,13.61,14.84,14.84,1011,47,5.14,330,0,0.0,Clear,clear sky,9
Aranyvölgy,47.573795,19.017489,2026-04-03 10:21:30.039112,14.89,13.79,14.19,16.44,1010,52,2.68,307,100,0.0,Clouds,overcast clouds,9
Szélhegy,47.601111,18.928056,2026-04-03 10:21:31.213046,14.27,13.11,13.83,16.76,1011,52,2.68,307,100,0.0,Clouds,overcast clouds,9
Vörösvárbánya,47.61,18.913611,2026-04-03 10:21:32.382524,14.14,12.97,13.79,16.71,1011,52,2.68,307,100,0.0,Clouds,overcast clouds,9
Máriaszőlőtelep,46.702778,17.411911,2026-04-03 10:21:33.554299,13.1,11.69,13.1,13.1,1014,47,10.8,360,0,0.0,Clear,clear sky,9
Akadémiaújtelep,47.485724,19.22294,2026-04-03 10:21:34.725865,15.14,13.99,14.15,16.4,1011,49,5.14,330,0,0.0,Clear,clear sky,9
Újpalota,47.5316,19.126206,2026-04-03 10:21:35.892795,15.21,14.12,14.24,16.49,1011,51,5.14,330,0,0.0,Clear,clear sky,9
"Szeged, Somogyi utca",46.250464,20.147713,2026-04-03 10:21:37.068050,13.93,12.95,13.93,13.93,1009,60,7.38,27,100,0.0,Clouds,overcast clouds,9
"Hódmezővásárhely, Hősök tere",46.412183,20.31759,2026-04-03 10:21:38.242729,13.34,12.35,13.34,13.34,1009,62,7.14,29,97,0.0,Clouds,overcast clouds,9
"Hódmezővásárhely, Kossuth tér",46.41465,20.319727,2026-04-03 10:21:39.404598,13.34,12.35,13.34,13.34,1009,62,7.14,29,97,0.0,Clouds,overcast clouds,9
"Hódmezővásárhely, Strandfürdő",46.409147,20.315671,2026-04-03 10:21:40.566544,13.34,12.35,13.34,13.34,1009,62,7.14,29,97,0.0,Clouds,overcast clouds,9
"Szeged, Széchenyi tér",46.252683,20.14935,2026-04-03 10:21:41.728089,13.93,12.95,13.93,13.93,1009,60,7.38,27,100,0.0,Clouds,overcast clouds,9
"Szeged, Anna-kút",46.256184,20.147587,2026-04-03 10:21:42.897511,13.93,12.95,13.93,13.93,1009,60,7.38,27,100,0.0,Clouds,overcast clouds,9
"Szeged, Rókusi templom",46.259255,20.141771,2026-04-03 10:21:44.068792,13.95,12.97,13.95,13.95,1009,60,7.38,27,100,0.0,Clouds,overcast clouds,9
"Hódmezővásárhely, Kálvin János tér",46.416677,20.328532,2026-04-03 10:21:45.239174,13.34,12.37,13.34,13.34,1009,63,7.06,30,98,0.0,Clouds,overcast clouds,9
Hódmezővásárhely vasútállomás,46.413242,20.338701,2026-04-03 10:21:46.404756,13.34,12.37,13.34,13.34,1009,63,7.06,30,98,0.0,Clouds,overcast clouds,9
"Szeged, Tavasz utca",46.260715,20.139055,2026-04-03 10:21:47.566101,13.95,12.97,13.95,13.95,1009,60,7.38,27,100,0.0,Clouds,overcast clouds,9
"Szeged, Damjanich utca",46.262753,20.135248,2026-04-03 10:21:48.734478,13.95,12.97,13.95,13.95,1009,60,7.38,27,100,0.0,Clouds,overcast clouds,9
"Szeged, Vásárhelyi Pál utca",46.264173,20.131109,2026-04-03 10:21:49.906482,13.97,12.99,13.97,13.97,1009,60,7.38,27,100,0.0,Clouds,overcast clouds,9
"Szeged, Bécsi körút ",46.243459,20.143809,2026-04-03 10:21:51.069081,13.95,12.97,13.95,13.95,1009,60,7.34,28,100,0.0,Clouds,overcast clouds,9
Hódmezővásárhelyi Népkert vasútállomás,46.403733,20.312986,2026-04-03 10:21:52.230933,13.35,12.36,13.35,13.35,1009,62,7.14,29,97,0.0,Clouds,overcast clouds,9
Szeged vasútállomás,46.239789,20.142561,2026-04-03 10:21:53.394001,13.95,12.97,13.95,13.95,1009,60,7.34,28,100,0.0,Clouds,overcast clouds,9
"Szeged, Bem utca",46.240198,20.141247,2026-04-03 10:21:54.568615,13.95,12.97,13.95,13.95,1009,60,7.34,28,100,0.0,Clouds,overcast clouds,9
"Szeged, Galamb utca",46.24153,20.142297,2026-04-03 10:21:55.731536,13.95,12.97,13.95,13.95,1009,60,7.34,28,100,0.0,Clouds,overcast clouds,9
"Szeged, Aradi vértanúk tere",46.247839,20.147,2026-04-03 10:21:56.893327,13.93,12.95,13.93,13.93,1009,60,7.38,27,100,0.0,Clouds,overcast clouds,9
"Szeged, Pulz utca",46.264452,20.126061,2026-04-03 10:21:58.055424,13.97,12.99,13.97,13.97,1009,60,7.38,27,100,0.0,Clouds,overcast clouds,9
"Szeged, Rókus vasútállomás",46.266107,20.125686,2026-04-03 10:21:59.216565,13.97,12.99,13.97,13.97,1009,60,7.45,27,100,0.0,Clouds,overcast clouds,9
Látókép,47.55787,21.524373,2026-04-03 10:22:00.390980,16.88,15.72,16.88,16.88,1008,42,8.75,20,0,0.0,Clear,clear sky,9
Szentmihálytelek,46.2229,20.0808,2026-04-03 10:22:01.566009,13.97,12.99,13.97,13.97,1009,60,7.48,27,100,0.0,Clouds,overcast clouds,9
Kisvarsány,48.144356,22.297397,2026-04-03 10:22:02.739034,14.55,13.34,14.55,14.55,1009,49,7.71,11,43,0.0,Clouds,scattered clouds,9
