station_name,station_lat,station_lon,observation_time,temp,feels_like,temp_min,temp_max,pressure,humidity,wind_speed,wind_deg,clouds,precipitation_1h,weather_main,weather_description,collection_hour
Búcsúszentlászló,46.793056,16.932778,2026-09-26 15:22:33.812797,20.84,20.13,20.84,20.84,1024,44,2.58,130,46,0.0,Clouds,scattered clouds,15
Angyalföld,47.549722,19.09,2026-09-26 15:22:34.976074,21.19,20.54,20.38,22.31,1024,45,2.57,200,49,0.0,Clouds,scattered clouds,15
Felsőjánosfa,46.841389,16.544167,2026-09-26 15:22:36.145113,21.77,21.15,21.77,21.77,1024,44,2.29,179,49,0.0,Clouds,scattered clouds,15
Pankasz,46.835833,16.496111,2026-09-26 15:22:37.323528,21.5,20.85,21.5,21.5,1024,44,2.32,175,58,0.0,Clouds,broken clouds,15
Nagyrákos,46.827222,16.455556,2026-09-26 15:22:38.502756,21.47,20.82,21.47,21.47,1024,44,2.31,175,61,0.0,Clouds,broken clouds,15
Őriszentpéter,46.828889,16.415278,2026-09-26 15:22:39.666601,21.59,20.95,21.59,21.59,1024,44,2.27,174,69,0.0,Clouds,broken clouds,15
Törökbálint,47.45,18.908611,2026-09-26 15:22:40.825392,21.48,20.83,20.16,22.41,1024,44,1.53,191,54,0.0,Clouds,broken clouds,15
Bicske alsó,47.486389,18.642778,2026-09-26 15:22:41.993457,21.06,20.32,20.05,21.75,1024,42,2.22,176,37,0.0,Clouds,scattered clouds,15
Bajánsenye,46.818056,16.358056,2026-09-26 15:22:43.179456,21.71,21.06,21.71,21.71,1024,43,2.23,172,69,0.0,Clouds,broken clouds,15
Aquincum,47.566218,19.048273,2026-09-26 15:22:44.349314,21.07,20.43,20.41,22.34,1024,46,0.89,116,55,0.0,Clouds,broken clouds,15
Piliscsév,47.673889,18.791389,2026-09-26 15:22:45.511392,20.36,19.73,19.99,21.92,1023,49,2.37,183,57,0.0,Clouds,broken clouds,15
Tát,47.741201,18.64783,2026-09-26 15:22:46.674817,20.9,20.35,20.4,20.9,1022,50,0.3,265,34,0.0,Clouds,scattered clouds,15
Süttő felső,47.756667,18.437222,2026-09-26 15:22:47.840508,20.93,20.28,20.93,20.93,1023,46,3.28,354,58,0.0,Clouds,broken clouds,15
Budatétény,47.405,19.016389,2026-09-26 15:22:49.021472,21.82,21.23,20.45,22.38,1024,45,2.57,200,46,0.0,Clouds,scattered clouds,15
Seregélyes-Szőlőhegy,47.119444,18.612222,2026-09-26 15:22:50.196431,21.12,20.54,21.12,21.12,1024,48,1.24,304,24,0.0,Clouds,few clouds,15
Gödöllő-Állami telepek,47.564444,19.375556,2026-09-26 15:22:51.358738,20.9,20.04,20.05,21.82,1024,38,2.57,200,33,0.0,Clouds,scattered clouds,15
Dunakeszi alsó,47.607778,19.128889,2026-09-26 15:22:52.530399,21.04,20.37,20.38,22.3,1024,45,0.89,116,49,0.0,Clouds,scattered clouds,15
Vác-Alsóváros,47.773056,19.149722,2026-09-26 15:22:53.703316,20.79,20.0,20.36,20.83,1024,41,2.46,170,77,0.0,Clouds,broken clouds,15
Szob alsó,47.816667,18.8725,2026-09-26 15:22:54.869673,20.89,20.34,20.39,20.89,1023,50,1.48,320,49,0.0,Clouds,scattered clouds,15
Zalaszentmihály-Pacsa,46.7225,16.951944,2026-09-26 15:22:56.036735,20.75,19.93,20.75,20.75,1024,40,1.03,0,47,0.0,Clouds,scattered clouds,15
Pötréte,46.682778,16.9575,2026-09-26 15:22:57.212874,20.75,19.93,20.75,20.75,1024,40,1.03,0,45,0.0,Clouds,scattered clouds,15
Felsőrajk,46.667222,16.982778,2026-09-26 15:22:58.384435,20.81,19.99,20.81,20.81,1024,40,1.03,0,42,0.0,Clouds,scattered clouds,15
Gelse,46.600556,16.982778,2026-09-26 15:22:59.554495,20.81,19.99,20.81,20.81,1024,40,1.03,0,36,0.0,Clouds,scattered clouds,15
Őrtilos,46.297778,16.887778,2026-09-26 15:23:00.718383,21.87,21.26,21.87,21.87,1024,44,1.51,147,45,0.0,Clouds,scattered clouds,15
Zákány,46.251944,16.9425,2026-09-26 15:23:01.886616,21.59,20.98,21.59,21.59,1024,45,1.48,144,42,0.0,Clouds,scattered clouds,15
Berzence,46.201389,17.143611,2026-09-26 15:23:03.050365,21.78,21.21,21.78,21.78,1024,46,1.7,135,22,0.0,Clouds,few clouds,15
Somogyudvarhely,46.163333,17.179722,2026-09-26 15:23:04.218348,21.73,21.16,21.73,21.73,1024,46,1.78,129,15,0.0,Clouds,few clouds,15
Bélavár,46.122778,17.207778,2026-09-26 15:23:05.385085,21.76,21.19,21.76,21.76,1024,46,1.86,119,6,0.0,Clear,clear sky,15
Vízvár,46.101389,17.239444,2026-09-26 15:23:06.558353,21.64,21.09,21.64,21.64,1024,47,1.85,113,3,0.0,Clear,clear sky,15
Babócsa,46.028359,17.342276,2026-09-26 15:23:07.734360,21.62,21.09,21.62,21.62,1024,48,1.81,99,0,0.0,Clear,clear sky,15
Péterhida-Komlósd,46.006667,17.358056,2026-09-26 15:23:08.900973,21.67,21.15,21.67,21.67,1024,48,1.79,98,0,0.0,Clear,clear sky,15
Barcs,45.951944,17.446944,2026-09-26 15:23:10.070203,21.64,21.14,21.64,21.64,1024,49,1.92,110,0,0.0,Clear,clear sky,15
Barcs felső,45.958333,17.486389,2026-09-26 15:23:11.238887,21.53,21.02,21.53,21.53,1024,49,1.93,113,0,0.0,Clear,clear sky,15
Középrigóc,45.970556,17.525,2026-09-26 15:23:12.409528,21.44,20.92,21.44,21.44,1024,49,1.91,117,0,0.0,Clear,clear sky,15
Darány,45.992222,17.598611,2026-09-26 15:23:13.577340,21.45,20.93,21.45,21.45,1024,49,1.66,123,0,0.0,Clear,clear sky,15
Kisdobsza,46.012222,17.668056,2026-09-26 15:23:14.749111,21.5,20.99,21.5,21.5,1024,49,1.62,123,0,0.0,Clear,clear sky,15
Nemeske,46.023333,17.705278,2026-09-26 15:23:15.912191,21.52,21.01,21.52,21.52,1024,49,1.69,127,0,0.0,Clear,clear sky,15
Molvány,46.035278,17.748611,2026-09-26 15:23:17.081510,21.51,21.0,21.51,21.51,1025,49,1.71,130,0,0.0,Clear,clear sky,15
Szigetvár,46.043333,17.801944,2026-09-26 15:23:18.252143,21.48,20.96,21.48,21.48,1025,49,1.7,136,0,0.0,Clear,clear sky,15
Nagypeterd,46.039444,17.871667,2026-09-26 15:23:19.416832,20.53,19.92,20.53,20.53,1025,49,1.67,153,0,0.0,Clear,clear sky,15
Szentdénes,46.036667,17.926944,2026-09-26 15:23:20.595260,20.48,19.86,20.48,20.48,1025,49,1.7,160,0,0.0,Clear,clear sky,15
Háros,47.412222,19.035,2026-09-26 15:23:21.764353,21.64,21.03,20.41,22.34,1024,45,2.57,200,46,0.0,Clouds,scattered clouds,15
Nagytétény-Diósd,47.398333,18.974444,2026-09-26 15:23:22.928980,21.71,21.14,20.44,22.37,1024,46,1.77,182,46,0.0,Clouds,scattered clouds,15
Érdliget,47.390278,18.937778,2026-09-26 15:23:24.094712,21.52,20.93,20.36,22.28,1024,46,1.76,185,48,0.0,Clouds,scattered clouds,15
Érd felső,47.381111,18.922222,2026-09-26 15:23:25.259960,21.5,20.91,19.95,22.58,1024,46,1.73,186,50,0.0,Clouds,scattered clouds,15
Érd,47.369722,18.900833,2026-09-26 15:23:26.424492,21.42,20.82,20.29,22.21,1024,46,1.77,184,46,0.0,Clouds,scattered clouds,15
Százhalombatta,47.322222,18.899167,2026-09-26 15:23:27.593326,21.47,20.77,20.27,22.2,1024,42,1.49,179,38,0.0,Clouds,scattered clouds,15
Dunai Finomító,47.294444,18.878889,2026-09-26 15:23:28.757971,21.35,20.72,20.29,22.04,1024,45,1.07,179,39,0.0,Clouds,scattered clouds,15
Ercsi,47.247222,18.875278,2026-09-26 15:23:29.923290,21.61,21.0,20.52,22.26,1024,45,0.53,171,35,0.0,Clouds,scattered clouds,15
Iváncsa,47.177778,18.811944,2026-09-26 15:23:31.103108,20.9,20.25,20.9,20.9,1024,46,0.96,354,32,0.0,Clouds,scattered clouds,15
Pusztaszabolcs,47.139722,18.761667,2026-09-26 15:23:32.272293,21.04,20.4,21.04,21.04,1024,46,1.09,350,29,0.0,Clouds,scattered clouds,15
Szabadegyháza,47.082778,18.704167,2026-09-26 15:23:33.437442,21.09,20.48,21.09,21.09,1024,47,1.08,320,20,0.0,Clouds,few clouds,15
Sárosd,47.039722,18.660278,2026-09-26 15:23:34.606589,21.2,20.63,21.2,21.2,1024,48,1.16,310,16,0.0,Clouds,few clouds,15
Nagylók,46.979444,18.635833,2026-09-26 15:23:35.782275,21.13,20.55,21.13,21.13,1024,48,0.43,234,12,0.0,Clouds,few clouds,15
Sárbogárd,46.896944,18.611944,2026-09-26 15:23:36.946690,21.41,20.89,21.41,21.41,1024,49,0.53,188,11,0.0,Clouds,few clouds,15
Rétszilas,46.814167,18.601389,2026-09-26 15:23:38.116304,21.5,20.99,21.5,21.5,1024,49,0.89,180,6,0.0,Clear,clear sky,15
Nagyatád,46.228611,17.354167,2026-09-26 15:23:39.281282,21.61,21.05,21.61,21.61,1024,47,1.63,157,1,0.0,Clear,clear sky,15
Budapest-Keleti,47.500278,19.084167,2026-09-26 15:23:40.454566,21.58,20.99,20.36,22.28,1024,46,2.57,200,50,0.0,Clouds,scattered clouds,15
Ferencváros,47.468611,19.088056,2026-09-26 15:23:41.627806,21.73,21.13,20.38,22.3,1024,45,2.57,200,49,0.0,Clouds,scattered clouds,15
Budapest-Nyugati,47.510833,19.0575,2026-09-26 15:23:42.801058,21.47,20.87,20.37,22.3,1024,46,2.57,200,51,0.0,Clouds,broken clouds,15
Kőbánya felső,47.491944,19.133889,2026-09-26 15:23:43.968760,21.56,20.92,20.3,22.23,1024,44,2.57,200,45,0.0,Clouds,scattered clouds,15
Rákos,47.488889,19.174722,2026-09-26 15:23:45.136108,21.54,20.9,20.26,22.19,1024,44,2.57,200,43,0.0,Clouds,scattered clouds,15
Rákosrendező,47.525556,19.089444,2026-09-26 15:23:46.302520,21.41,20.81,20.4,22.33,1024,46,2.57,200,48,0.0,Clouds,scattered clouds,15
Zugló,47.511389,19.101389,2026-09-26 15:23:47.493554,21.49,20.87,20.36,22.29,1024,45,2.57,200,48,0.0,Clouds,scattered clouds,15
Mezőtárkány,47.725,20.480278,2026-09-26 15:23:48.659816,24.34,24.08,24.34,24.34,1024,48,1.79,235,8,0.0,Clear,clear sky,15
Istvántelek,47.550278,19.106389,2026-09-26 15:23:49.842683,21.23,20.58,20.39,22.32,1024,45,2.57,200,49,0.0,Clouds,scattered clouds,15
Rákospalota-Újpest,47.565833,19.111944,2026-09-26 15:23:51.012296,21.15,20.5,20.38,22.31,1024,45,2.57,200,50,0.0,Clouds,scattered clouds,15
Kőbánya alsó,47.483056,19.127222,2026-09-26 15:23:52.187465,21.62,20.99,20.31,22.24,1024,44,2.57,200,45,0.0,Clouds,scattered clouds,15
Kőbánya-Kispest,47.463889,19.149444,2026-09-26 15:23:53.348289,21.66,21.03,19.95,22.58,1024,44,2.57,200,42,0.0,Clouds,scattered clouds,15
Pestszentlőrinc,47.454722,19.182778,2026-09-26 15:23:54.515493,21.69,21.04,20.25,22.18,1024,43,2.57,200,35,0.0,Clouds,scattered clouds,15
Kispest,47.448135,19.157552,2026-09-26 15:23:55.679546,21.78,21.16,20.32,22.25,1024,44,2.57,200,38,0.0,Clouds,scattered clouds,15
Újpest,47.558889,19.079722,2026-09-26 15:23:56.844369,21.11,20.48,20.39,22.32,1024,46,2.57,200,52,0.0,Clouds,broken clouds,15
Pestszentimre felső,47.413611,19.173333,2026-09-26 15:23:58.018080,21.89,21.26,20.34,22.27,1024,43,2.57,200,31,0.0,Clouds,scattered clouds,15
Dunakeszi,47.626111,19.136111,2026-09-26 15:23:59.177664,21.12,20.41,20.26,22.51,1025,43,0.89,211,49,0.0,Clouds,scattered clouds,15
Dunakeszi-Gyártelep,47.643611,19.135,2026-09-26 15:24:00.337942,20.99,20.29,19.87,22.1,1025,44,0.801,127,51,0.0,Clouds,broken clouds,15
Alsógöd,47.676944,19.134444,2026-09-26 15:24:01.503443,20.79,20.05,20.32,22.25,1024,43,0.79,147,54,0.0,Clouds,broken clouds,15
Göd,47.687778,19.1375,2026-09-26 15:24:02.670727,20.8,20.06,20.34,22.27,1024,43,0.79,147,54,0.0,Clouds,broken clouds,15
Felsőgöd,47.705556,19.143333,2026-09-26 15:24:03.837132,20.79,20.05,20.39,22.32,1024,43,0.79,147,59,0.0,Clouds,broken clouds,15
Sződ-Sződliget,47.728056,19.154722,2026-09-26 15:24:05.001334,20.79,20.05,20.38,22.48,1024,43,2.74,172,65,0.0,Clouds,broken clouds,15
Vác,47.782778,19.133056,2026-09-26 15:24:06.180584,20.8,20.01,20.36,20.86,1024,41,2.46,170,77,0.0,Clouds,broken clouds,15
Verőce,47.823889,19.029444,2026-09-26 15:24:07.344599,20.68,19.98,20.19,20.69,1024,45,0.77,278,67,0.0,Clouds,broken clouds,15
Kismaros,47.8275,19.010278,2026-09-26 15:24:08.508062,20.82,20.13,20.32,20.83,1024,45,1.2,301,63,0.0,Clouds,broken clouds,15
Nagymaros-Visegrád,47.791389,18.959167,2026-09-26 15:24:09.677334,20.83,20.27,20.34,20.85,1024,50,1.03,277,59,0.0,Clouds,broken clouds,15
Nagymaros,47.780278,18.952222,2026-09-26 15:24:10.843594,20.89,20.34,20.42,20.92,1024,50,1.03,277,59,0.0,Clouds,broken clouds,15
Zebegény,47.801389,18.908889,2026-09-26 15:24:12.014330,20.87,20.32,20.39,20.89,1023,50,1.47,307,56,0.0,Clouds,broken clouds,15
Szob,47.821111,18.861944,2026-09-26 15:24:13.181355,20.85,20.3,20.35,20.85,1023,50,1.86,325,47,0.0,Clouds,scattered clouds,15
Alagimajor,47.601944,19.153889,2026-09-26 15:24:14.353112,21.04,20.37,20.33,22.26,1024,45,2.57,200,49,0.0,Clouds,scattered clouds,15
Fót,47.611389,19.181667,2026-09-26 15:24:15.525207,20.73,20.01,20.23,22.15,1025,44,0.79,147,47,0.0,Clouds,scattered clouds,15
Fótújfalu,47.615,19.192778,2026-09-26 15:24:16.695067,20.64,19.91,20.12,22.05,1025,44,0.79,147,47,0.0,Clouds,scattered clouds,15
Csomád,47.635556,19.222778,2026-09-26 15:24:17.860021,20.35,19.56,19.85,21.78,1025,43,0.79,147,45,0.0,Clouds,scattered clouds,15
Veresegyház,47.649167,19.288611,2026-09-26 15:24:19.029051,20.49,19.72,20.16,21.93,1025,43,0.79,147,41,0.0,Clouds,scattered clouds,15
Erdőkertes,47.662222,19.295833,2026-09-26 15:24:20.198336,20.44,19.61,20.11,21.88,1025,41,0.79,147,41,0.0,Clouds,scattered clouds,15
Őrbottyán,47.685833,19.283611,2026-09-26 15:24:21.368607,20.65,19.84,20.03,22.84,1025,41,0.79,147,44,0.0,Clouds,scattered clouds,15
Váchartyán,47.725833,19.248889,2026-09-26 15:24:22.539971,20.79,20.0,20.39,23.21,1025,41,0.79,147,57,0.0,Clouds,broken clouds,15
Magyarkút-Verőce,47.826111,19.044444,2026-09-26 15:24:23.705911,20.84,20.15,20.51,20.85,1024,45,0.77,278,67,0.0,Clouds,broken clouds,15
Szokolya,47.871111,19.030556,2026-09-26 15:24:24.874896,21.74,21.04,20.47,22.09,1024,41,1.3,304,65,0.0,Clouds,broken clouds,15
Berkenye,47.885278,19.071944,2026-09-26 15:24:26.040408,21.69,20.99,20.11,21.73,1024,41,0.96,295,68,0.0,Clouds,broken clouds,15
Nógrád,47.901944,19.0475,2026-09-26 15:24:27.207309,21.72,21.02,20.13,21.72,1024,41,1.55,308,64,0.0,Clouds,broken clouds,15
Diósjenő,47.94,19.049444,2026-09-26 15:24:28.377337,21.69,20.99,20.1,21.69,1024,41,1.8,310,62,0.0,Clouds,broken clouds,15
Borsosberény,47.971389,19.093056,2026-09-26 15:24:29.551566,21.68,20.97,21.68,21.68,1024,41,1.003,315,65,0.0,Clouds,broken clouds,15
Nagyoroszi,47.993611,19.101111,2026-09-26 15:24:30.718018,21.65,20.94,21.65,21.65,1024,41,1.003,315,63,0.0,Clouds,broken clouds,15
Drégelyvár,48.001944,19.079444,2026-09-26 15:24:31.882999,21.72,21.02,21.72,21.72,1024,41,1.003,315,58,0.0,Clouds,broken clouds,15
Drégely,48.042222,19.056111,2026-09-26 15:24:33.051636,22.13,21.47,22.13,22.13,1024,41,2.47,307,56,0.0,Clouds,broken clouds,15
Drégelypalánk,48.055,19.046111,2026-09-26 15:24:34.217253,22.33,21.69,22.33,22.33,1024,41,2.47,301,52,0.0,Clouds,broken clouds,15
Ipolyvece,48.056944,19.106389,2026-09-26 15:24:35.392427,22.33,21.69,22.33,22.33,1024,41,2.68,312,58,0.0,Clouds,broken clouds,15
Dejtár,48.045556,19.196389,2026-09-26 15:24:36.558686,22.31,21.67,22.31,22.31,1024,41,1.003,315,65,0.0,Clouds,broken clouds,15
Ipolyszög,48.054444,19.221944,2026-09-26 15:24:37.726291,22.24,21.59,22.24,22.24,1024,41,1.003,315,68,0.0,Clouds,broken clouds,15
Iklad-Domony,47.658056,19.444444,2026-09-26 15:24:38.897286,22.21,21.61,20.73,23.23,1024,43,1.73,249,25,0.0,Clouds,scattered clouds,15
Iklad-Domony felső,47.667778,19.428056,2026-09-26 15:24:40.066284,22.0,21.38,20.4,23.22,1024,43,1.79,245,30,0.0,Clouds,scattered clouds,15
Galgamácsa,47.693889,19.3925,2026-09-26 15:24:41.231252,20.71,19.91,20.39,20.71,1025,41,1.93,224,42,0.0,Clouds,scattered clouds,15
Vácrátót,47.732778,19.217778,2026-09-26 15:24:42.401802,20.61,19.8,20.31,23.13,1025,41,3.14,171,61,0.0,Clouds,broken clouds,15
Csörög,47.735833,19.196389,2026-09-26 15:24:43.571488,20.59,19.78,20.16,22.25,1024,41,2.99,171,63,0.0,Clouds,broken clouds,15
Galgagyörk,47.735278,19.372222,2026-09-26 15:24:44.737239,20.6,19.79,20.29,20.6,1024,41,2.02,213,47,0.0,Clouds,scattered clouds,15
Püspökhatvan,47.768611,19.366944,2026-09-26 15:24:45.911495,20.61,19.8,20.6,23.1,1024,41,2.28,197,58,0.0,Clouds,broken clouds,15
Acsa-Erdőkürt,47.801111,19.386111,2026-09-26 15:24:47.075467,20.53,19.79,20.53,22.15,1024,44,2.41,192,63,0.0,Clouds,broken clouds,15
Galgaguta,47.848611,19.385556,2026-09-26 15:24:48.248101,22.01,21.42,20.39,22.01,1024,44,2.25,190,70,0.0,Clouds,broken clouds,15
Nógrádkövesd,47.879444,19.371111,2026-09-26 15:24:49.416640,21.91,21.23,20.29,21.91,1024,41,1.88,195,72,0.0,Clouds,broken clouds,15
Magyarnándor,47.970833,19.356667,2026-09-26 15:24:50.586306,21.94,21.26,21.94,21.94,1024,41,1.14,299,77,0.0,Clouds,broken clouds,15
Mohora,47.995556,19.347778,2026-09-26 15:24:51.750992,22.11,21.45,22.11,22.11,1024,41,1.9,319,75,0.0,Clouds,broken clouds,15
Szügy,48.036389,19.333056,2026-09-26 15:24:52.918298,22.17,21.51,22.17,22.17,1024,41,3.19,329,73,0.0,Clouds,broken clouds,15
Balassagyarmat,48.071111,19.293611,2026-09-26 15:24:54.090698,22.2,21.55,22.2,22.2,1024,41,3.48,329,73,0.0,Clouds,broken clouds,15
Őrhalom,48.078773,19.403936,2026-09-26 15:24:55.266347,22.26,21.61,22.26,22.26,1024,41,3.55,324,69,0.0,Clouds,broken clouds,15
Hugyag,48.083056,19.421111,2026-09-26 15:24:56.432735,22.26,21.61,22.26,22.26,1024,41,3.55,324,69,0.0,Clouds,broken clouds,15
Szécsény,48.093056,19.521111,2026-09-26 15:24:57.597485,22.22,21.67,22.22,22.22,1024,45,3.27,321,63,0.0,Clouds,broken clouds,15
Ludányhalászi,48.1325,19.529444,2026-09-26 15:24:58.763690,22.18,21.65,22.18,22.18,1024,46,3.36,320,54,0.0,Clouds,broken clouds,15
Nógrádszakál,48.178333,19.521667,2026-09-26 15:24:59.939164,20.32,19.61,20.32,20.32,1024,46,3.12,315,53,0.0,Clouds,broken clouds,15
Ráróspuszta,48.207222,19.541389,2026-09-26 15:25:01.109264,19.75,19.01,19.75,19.75,1024,47,2.37,295,52,0.0,Clouds,broken clouds,15
Litke,48.215833,19.598611,2026-09-26 15:25:02.277817,20.27,19.58,20.27,20.27,1024,47,1.82,301,41,0.0,Clouds,scattered clouds,15
Nyíregyháza külső,47.943056,21.740278,2026-09-26 15:25:03.443768,20.77,20.16,20.77,20.77,1024,48,0.7,51,15,0.0,Clouds,few clouds,15
Oros,47.945833,21.806389,2026-09-26 15:25:04.622248,20.72,20.13,20.72,20.72,1024,49,0.53,12,16,0.0,Clouds,few clouds,15
Napkor,47.948889,21.873056,2026-09-26 15:25:05.787713,20.67,20.07,20.67,20.67,1024,49,0.5,351,13,0.0,Clouds,few clouds,15
Apagy,47.953775,21.939044,2026-09-26 15:25:06.952057,20.65,20.05,20.65,20.65,1024,49,0.57,5,11,0.0,Clouds,few clouds,15
Levelek-Magy,47.948056,21.993611,2026-09-26 15:25:08.117239,20.58,19.95,20.58,20.58,1024,48,0.81,26,6,0.0,Clear,clear sky,15
Ófehértó,47.940556,22.041389,2026-09-26 15:25:09.297476,20.49,19.82,20.49,20.49,1024,47,1.08,21,6,0.0,Clear,clear sky,15
Ligettanya,47.951667,22.071389,2026-09-26 15:25:10.465369,20.42,19.77,20.42,20.42,1024,48,1.1,38,2,0.0,Clear,clear sky,15
Baktalórántháza,47.988611,22.083333,2026-09-26 15:25:11.630678,20.42,19.77,20.42,20.42,1024,48,1.03,45,3,0.0,Clear,clear sky,15
Vaja-Rohod,48.006389,22.164167,2026-09-26 15:25:12.795284,20.38,19.73,20.38,20.38,1024,48,1.06,45,5,0.0,Clear,clear sky,15
Rákóczitanya,48.022222,22.178333,2026-09-26 15:25:13.965209,20.34,19.68,20.34,20.34,1024,48,1.07,41,5,0.0,Clear,clear sky,15
Nyírmada,48.059167,22.203056,2026-09-26 15:25:15.142527,20.33,19.72,20.33,20.33,1024,50,1.18,37,10,0.0,Clear,clear sky,15
Tunyogmatolcs,47.960244,22.442247,2026-09-26 15:25:16.311183,20.45,19.73,20.45,20.45,1024,45,1.64,24,2,0.0,Clear,clear sky,15
Tunyogmatolcs alsó,47.966025,22.464713,2026-09-26 15:25:17.477193,20.42,19.69,20.42,20.42,1024,45,1.75,24,1,0.0,Clear,clear sky,15
Fehérgyarmat,47.979167,22.524444,2026-09-26 15:25:18.642299,20.39,19.63,20.39,20.39,1024,44,1.74,14,1,0.0,Clear,clear sky,15
Penyige,47.995278,22.566944,2026-09-26 15:25:19.810080,20.38,19.62,20.38,20.38,1024,44,1.7,8,2,0.0,Clear,clear sky,15
Nagyszekeres,47.976111,22.6125,2026-09-26 15:25:20.974446,20.35,19.59,20.35,20.35,1024,44,1.66,2,3,0.0,Clear,clear sky,15
Kisszekeres,47.965833,22.629444,2026-09-26 15:25:22.139773,20.36,19.57,20.36,20.36,1024,43,1.76,5,3,0.0,Clear,clear sky,15
Jánkmajtis,47.941944,22.657222,2026-09-26 15:25:23.316687,20.35,19.54,20.35,20.35,1024,42,1.83,1,5,0.0,Clear,clear sky,15
Gacsály,47.926111,22.745,2026-09-26 15:25:24.489294,21.15,20.42,21.03,21.15,1024,42,1.74,341,11,0.0,Clouds,few clouds,15
Zajta,47.9025,22.796111,2026-09-26 15:25:25.655981,21.14,20.41,21.03,21.14,1024,42,1.7,341,17,0.0,Clouds,few clouds,15
Eperjeske alsó,48.360556,22.19,2026-09-26 15:25:26.827375,20.2,19.76,20.2,20.2,1024,57,1.04,152,21,0.0,Clouds,few clouds,15
Mándok,48.326944,22.196389,2026-09-26 15:25:27.994324,20.19,19.75,20.19,20.19,1024,57,0.8,141,12,0.0,Clouds,few clouds,15
Tornyospálca,48.268333,22.201944,2026-09-26 15:25:29.165945,20.25,19.79,20.25,20.25,1024,56,0.66,89,8,0.0,Clear,clear sky,15
Aranyosapáti,48.211303,22.253534,2026-09-26 15:25:30.334505,20.32,19.79,20.32,20.32,1024,53,0.79,10,6,0.0,Clear,clear sky,15
Gyüre,48.171389,22.269167,2026-09-26 15:25:31.501284,20.35,19.77,20.35,20.35,1024,51,1.24,12,6,0.0,Clear,clear sky,15
Varsány,48.151722,22.290047,2026-09-26 15:25:32.672328,20.35,19.75,20.35,20.35,1024,50,1.37,8,5,0.0,Clear,clear sky,15
Vásárosnamény,48.126667,22.306111,2026-09-26 15:25:33.840921,20.37,19.77,20.37,20.37,1024,50,1.44,11,5,0.0,Clear,clear sky,15
Vitka,48.095556,22.308056,2026-09-26 15:25:35.026174,20.38,19.75,20.38,20.38,1024,49,1.42,13,5,0.0,Clear,clear sky,15
Nagydobos,48.054167,22.311111,2026-09-26 15:25:36.192635,20.33,19.7,20.33,20.33,1024,49,1.34,16,5,0.0,Clear,clear sky,15
Ópályi,47.997778,22.318333,2026-09-26 15:25:37.359290,20.35,19.67,20.35,20.35,1024,47,1.17,23,4,0.0,Clear,clear sky,15
Nyírcsaholy,47.908056,22.348333,2026-09-26 15:25:38.527891,20.43,19.7,20.43,20.43,1024,45,1.53,21,2,0.0,Clear,clear sky,15
Nagyecsed,47.864722,22.385556,2026-09-26 15:25:39.694501,20.47,19.72,20.47,20.47,1024,44,1.79,19,2,0.0,Clear,clear sky,15
Tiborszállás,47.815278,22.402778,2026-09-26 15:25:40.865827,20.5,19.73,20.5,20.5,1024,43,1.81,21,2,0.0,Clear,clear sky,15
Kiskunhalas,46.434444,19.493611,2026-09-26 15:25:42.030237,21.28,20.59,21.28,21.28,1025,43,1.06,60,59,0.0,Clouds,broken clouds,15
Kecskemét alsó,46.895833,19.692222,2026-09-26 15:25:43.203961,22.66,22.13,22.66,22.66,1025,44,1.3,304,12,0.0,Clouds,few clouds,15
Putnok,48.286667,20.4375,2026-09-26 15:25:44.375937,21.53,21.07,21.53,23.92,1024,51,2.25,289,32,0.0,Clouds,scattered clouds,15
Bánréve,48.299722,20.351944,2026-09-26 15:25:45.551271,21.52,21.03,18.32,21.52,1024,50,2.38,274,23,0.0,Clouds,few clouds,15
Ipolytarnóc,48.236667,19.629167,2026-09-26 15:25:46.718298,20.2,19.53,20.2,20.2,1024,48,1.34,281,40,0.0,Clouds,scattered clouds,15
Rákosliget,47.486111,19.257778,2026-09-26 15:25:47.877673,21.49,20.74,19.71,21.94,1024,40,2.57,200,37,0.0,Clouds,scattered clouds,15
Ikrény,47.657778,17.524167,2026-09-26 15:25:49.046877,21.42,20.87,21.21,22.08,1024,48,0.025,161,77,0.0,Clouds,broken clouds,15
Rábapatona,47.648889,17.461944,2026-09-26 15:25:50.210140,21.55,20.99,21.23,22.1,1024,47,1.97,205,77,0.0,Clouds,broken clouds,15
Enese,47.644167,17.425278,2026-09-26 15:25:51.378299,21.59,21.01,21.23,22.1,1024,46,2.0,197,75,0.0,Clouds,broken clouds,15
Kóny,47.632222,17.357222,2026-09-26 15:25:52.548904,21.86,21.09,21.21,21.86,1024,38,2.2,189,70,0.0,Clouds,broken clouds,15
Farád,47.595278,17.195833,2026-09-26 15:25:53.717229,21.85,21.27,21.85,21.85,1024,45,2.55,168,55,0.0,Clouds,broken clouds,15
Rábatamási,47.592778,17.161389,2026-09-26 15:25:54.884359,21.85,21.27,21.85,21.85,1024,45,2.55,168,55,0.0,Clouds,broken clouds,15
Szárföld,47.589167,17.123889,2026-09-26 15:25:56.053278,21.87,21.29,21.87,21.87,1024,45,2.55,169,53,0.0,Clouds,broken clouds,15
Veszkény,47.586944,17.101389,2026-09-26 15:25:57.222603,21.9,21.32,21.9,21.9,1024,45,2.55,170,51,0.0,Clouds,broken clouds,15
Kapuvár,47.581944,17.046944,2026-09-26 15:25:58.386932,21.9,21.32,21.9,21.9,1024,45,2.54,173,52,0.0,Clouds,broken clouds,15
Vitnyéd-Csermajor,47.5825,16.987222,2026-09-26 15:25:59.552633,21.94,21.39,21.94,21.94,1024,46,2.75,175,56,0.0,Clouds,broken clouds,15
Petőháza,47.595278,16.893056,2026-09-26 15:26:00.718516,21.99,21.45,21.99,21.99,1024,46,3.12,169,46,0.0,Clouds,scattered clouds,15
Fertőszentmiklós,47.6,16.858889,2026-09-26 15:26:01.876981,20.6,19.92,20.6,20.6,1024,46,3.22,166,40,0.0,Clouds,scattered clouds,15
Pinnye,47.600278,16.768611,2026-09-26 15:26:03.044898,20.48,19.78,20.48,20.48,1023,46,3.44,158,20,0.0,Clouds,few clouds,15
Fertőboz,47.625,16.691667,2026-09-26 15:26:04.227906,20.32,19.63,20.32,22.08,1023,47,3.21,154,6,0.0,Clear,clear sky,15
Sopron,47.677778,16.587222,2026-09-26 15:26:05.406126,21.78,21.21,20.02,21.78,1023,46,3.25,154,1,0.0,Clear,clear sky,15
Fertőszéplak-Fertőd,47.618889,16.850833,2026-09-26 15:26:06.577427,20.62,19.94,20.62,20.62,1023,46,3.26,162,30,0.0,Clouds,scattered clouds,15
Nyúl,47.587778,17.698056,2026-09-26 15:26:07.747348,21.68,21.03,21.15,22.14,1024,43,1.54,0,53,0.0,Clouds,broken clouds,15
Pannonhalma,47.547778,17.740833,2026-09-26 15:26:08.923535,21.77,21.1,21.31,22.08,1024,42,1.54,0,27,0.0,Clouds,scattered clouds,15
Tarjánpuszta,47.504722,17.789167,2026-09-26 15:26:10.090170,21.62,20.8,21.08,21.84,1024,37,1.54,0,15,0.0,Clouds,few clouds,15
Győrasszonyfa,47.4925,17.799167,2026-09-26 15:26:11.258170,21.57,20.75,21.0,21.77,1024,37,1.54,0,15,0.0,Clouds,few clouds,15
Veszprémvarsány,47.443333,17.818333,2026-09-26 15:26:12.433109,21.65,21.02,21.06,21.83,1024,44,1.24,309,13,0.0,Clouds,few clouds,15
Bakonyszentlászló,47.395556,17.8175,2026-09-26 15:26:13.605242,21.58,20.94,21.25,21.58,1024,44,0.63,285,13,0.0,Clouds,few clouds,15
Porva-Csesznek,47.326944,17.841111,2026-09-26 15:26:14.773287,20.59,19.88,20.59,20.59,1025,45,0.75,190,11,0.0,Clouds,few clouds,15
Zirc,47.266667,17.878056,2026-09-26 15:26:15.940574,19.78,19.01,19.78,19.78,1025,46,2.1,168,6,0.0,Clear,clear sky,15
Eplény,47.192778,17.921667,2026-09-26 15:26:17.115142,19.91,19.24,19.91,19.91,1026,49,2.57,169,2,0.0,Clear,clear sky,15
Marcaltő,47.4275,17.348889,2026-09-26 15:26:18.285393,22.17,21.41,21.83,22.17,1024,37,1.54,0,59,0.0,Clouds,broken clouds,15
Szany-Rábaszentandrás,47.460833,17.315278,2026-09-26 15:26:19.453515,22.17,21.41,21.83,22.17,1024,37,1.54,0,60,0.0,Clouds,broken clouds,15
Egyed-Rábacsanak,47.521944,17.316389,2026-09-26 15:26:20.629147,21.95,21.19,21.41,22.18,1024,38,2.55,181,62,0.0,Clouds,broken clouds,15
Rábapordány,47.557222,17.315,2026-09-26 15:26:21.795455,21.86,21.09,21.41,22.18,1024,38,2.51,181,63,0.0,Clouds,broken clouds,15
Albertfalva,47.440784,19.033965,2026-09-26 15:26:22.972562,21.67,21.09,20.43,22.46,1024,46,2.57,200,48,0.0,Clouds,scattered clouds,15
Budafok,47.425833,19.041389,2026-09-26 15:26:24.134551,21.68,21.08,20.44,22.37,1024,45,2.57,200,46,0.0,Clouds,scattered clouds,15
Tétényliget,47.384722,18.955278,2026-09-26 15:26:25.303541,21.7,21.13,20.46,22.49,1024,46,1.76,185,48,0.0,Clouds,scattered clouds,15
Érd alsó,47.379722,18.923056,2026-09-26 15:26:26.465027,21.5,20.91,19.95,22.58,1024,46,1.73,186,50,0.0,Clouds,scattered clouds,15
Tárnok,47.365556,18.873889,2026-09-26 15:26:27.632512,21.45,20.85,20.39,22.42,1024,46,1.74,184,49,0.0,Clouds,scattered clouds,15
Martonvásár,47.321389,18.781667,2026-09-26 15:26:28.800289,21.37,20.66,20.32,22.35,1024,42,1.62,188,44,0.0,Clouds,scattered clouds,15
Baracska,47.297222,18.753333,2026-09-26 15:26:30.028552,21.5,20.88,20.6,22.45,1024,45,1.44,195,41,0.0,Clouds,scattered clouds,15
Pettend,47.26,18.708889,2026-09-26 15:26:31.205877,22.02,21.45,20.58,22.02,1024,45,1.35,204,36,0.0,Clouds,scattered clouds,15
Kápolnásnyék,47.245556,18.692222,2026-09-26 15:26:32.390014,22.05,21.51,20.61,22.05,1024,46,1.07,216,32,0.0,Clouds,scattered clouds,15
Velence,47.226944,18.663889,2026-09-26 15:26:33.554230,22.69,22.22,22.69,22.69,1024,46,1.3,206,30,0.0,Clouds,scattered clouds,15
Velencefürdő,47.218611,18.648056,2026-09-26 15:26:34.728932,21.08,20.44,21.08,21.08,1024,46,0.91,233,29,0.0,Clouds,scattered clouds,15
Gárdony,47.205833,18.624722,2026-09-26 15:26:35.894647,21.14,20.54,21.14,21.14,1024,47,1.15,213,27,0.0,Clouds,scattered clouds,15
Agárd,47.197666,18.604907,2026-09-26 15:26:37.061993,21.14,20.54,21.14,21.14,1024,47,1.15,213,27,0.0,Clouds,scattered clouds,15
Dinnyés,47.179722,18.560833,2026-09-26 15:26:38.237499,21.17,20.57,21.17,21.17,1024,47,1.29,198,22,0.0,Clouds,few clouds,15
Székesfehérvár,47.183611,18.424722,2026-09-26 15:26:39.406633,21.26,20.69,21.26,21.26,1024,48,2.31,175,15,0.0,Clouds,few clouds,15
Szabadbattyán,47.105278,18.388333,2026-09-26 15:26:40.570359,21.32,20.84,21.32,21.32,1025,51,1.33,184,18,0.0,Clouds,few clouds,15
Kiscséripuszta,47.048056,18.355,2026-09-26 15:26:41.737543,21.9,21.53,21.9,21.9,1025,53,0.6,241,22,0.0,Clouds,few clouds,15
Lepsény,46.9875,18.248056,2026-09-26 15:26:42.908571,22.12,22.48,22.12,22.12,1025,80,1.29,313,22,0.0,Clouds,few clouds,15
Balatonaliga,46.984444,18.171389,2026-09-26 15:26:44.073168,21.93,22.27,21.93,21.93,1025,80,1.95,318,16,0.0,Clouds,few clouds,15
Balatonvilágos,46.964167,18.157222,2026-09-26 15:26:45.247728,21.97,22.31,21.97,21.97,1025,80,2.37,329,15,0.0,Clouds,few clouds,15
Szabadifürdő,46.926111,18.103333,2026-09-26 15:26:46.422705,22.14,22.5,22.14,22.14,1025,80,2.43,341,17,0.0,Clouds,few clouds,15
Ózd alsó,48.227778,20.306111,2026-09-26 15:26:47.592328,21.36,20.83,18.16,21.36,1024,49,2.46,278,38,0.0,Clouds,scattered clouds,15
Ózd,48.2225,20.294722,2026-09-26 15:26:48.757675,21.41,20.89,18.21,21.41,1024,49,2.46,278,38,0.0,Clouds,scattered clouds,15
Alsóboldva,48.212778,20.792222,2026-09-26 15:26:49.925921,24.12,24.31,22.34,24.13,1024,66,3.23,118,44,0.0,Clouds,scattered clouds,15
Boldva,48.223333,20.790278,2026-09-26 15:26:51.094789,24.12,23.92,22.34,24.12,1024,51,3.23,118,44,0.0,Clouds,scattered clouds,15
Borsodszirák,48.259167,20.770556,2026-09-26 15:26:52.261036,24.08,23.88,18.49,24.08,1024,51,2.98,127,40,0.0,Clouds,scattered clouds,15
Edelény alsó,48.279167,20.760833,2026-09-26 15:26:53.428538,24.06,23.85,24.06,24.06,1024,51,2.98,127,40,0.0,Clouds,scattered clouds,15
Edelény,48.299722,20.749444,2026-09-26 15:26:54.610653,24.04,23.83,24.04,24.04,1024,51,2.88,140,36,0.0,Clouds,scattered clouds,15
Szendrőlád,48.334444,20.731944,2026-09-26 15:26:55.778716,19.21,18.49,19.21,19.21,1024,50,2.48,166,34,0.0,Clouds,scattered clouds,15
Szendrő,48.400725,20.721346,2026-09-26 15:26:56.956604,20.07,19.41,20.07,20.07,1024,49,2.49,191,30,0.0,Clouds,scattered clouds,15
Szendrő felső,48.409907,20.720148,2026-09-26 15:26:58.123336,20.07,19.41,20.07,20.07,1024,49,2.49,191,30,0.0,Clouds,scattered clouds,15
Szalonna,48.449444,20.722222,2026-09-26 15:26:59.287812,20.05,19.39,20.05,20.05,1023,49,2.15,213,26,0.0,Clouds,scattered clouds,15
Perkupa,48.471389,20.691111,2026-09-26 15:27:00.458607,19.3,18.56,19.3,19.3,1023,49,2.29,236,27,0.0,Clouds,scattered clouds,15
Szemeretelep,47.443056,19.214167,2026-09-26 15:27:01.622552,21.75,21.1,20.25,22.27,1024,43,2.57,200,32,0.0,Clouds,scattered clouds,15
Jósvafő-Aggtelek,48.489722,20.693889,2026-09-26 15:27:02.787336,19.59,18.88,19.59,19.59,1023,49,2.14,242,25,0.0,Clouds,scattered clouds,15
Bódvaszilas,48.5375,20.738056,2026-09-26 15:27:03.954335,19.14,18.39,19.14,19.14,1023,49,1.58,245,23,0.0,Clouds,few clouds,15
Komjáti,48.5475,20.759722,2026-09-26 15:27:05.129366,18.65,17.85,18.65,18.65,1023,49,1.35,251,23,0.0,Clouds,few clouds,15
Tornanádaska,48.558333,20.787222,2026-09-26 15:27:06.296525,19.81,19.13,19.81,19.81,1023,49,1.19,255,23,0.0,Clouds,few clouds,15
Onga,48.121111,20.906667,2026-09-26 15:27:07.466591,22.8,22.42,22.4,24.18,1024,49,2.37,162,41,0.0,Clouds,scattered clouds,15
Szikszó-Vásártér,48.193056,20.934722,2026-09-26 15:27:08.634315,23.18,22.86,22.36,24.15,1024,50,2.46,158,35,0.0,Clouds,scattered clouds,15
Szikszó,48.201667,20.941667,2026-09-26 15:27:09.804932,22.69,22.32,22.69,24.16,1024,50,2.33,171,35,0.0,Clouds,scattered clouds,15
Aszaló,48.219867,20.961466,2026-09-26 15:27:10.977335,22.67,22.3,22.67,24.14,1024,50,2.46,172,33,0.0,Clouds,scattered clouds,15
Halmaj,48.246667,20.991667,2026-09-26 15:27:12.147119,20.54,19.96,20.54,20.54,1024,50,2.5,185,33,0.0,Clouds,scattered clouds,15
Csobád,48.277222,21.033889,2026-09-26 15:27:13.312977,20.49,19.9,20.49,20.49,1024,50,2.57,193,33,0.0,Clouds,scattered clouds,15
Ináncs,48.291111,21.057778,2026-09-26 15:27:14.483984,20.38,19.78,20.38,20.38,1024,50,2.34,201,31,0.0,Clouds,scattered clouds,15
Forró-Encs,48.3275,21.117778,2026-09-26 15:27:15.649042,20.27,19.66,20.27,20.27,1023,50,2.24,199,30,0.0,Clouds,scattered clouds,15
Méra,48.363056,21.140278,2026-09-26 15:27:16.815786,19.96,19.32,19.96,19.96,1023,50,2.22,188,36,0.0,Clouds,scattered clouds,15
Novajidrány,48.404444,21.170556,2026-09-26 15:27:17.984953,20.55,19.97,20.55,21.5,1023,50,1.93,183,40,0.0,Clouds,scattered clouds,15
Hernádszurdok,48.487222,21.213889,2026-09-26 15:27:19.167663,20.74,19.91,19.69,21.42,1023,40,3.6,220,45,0.0,Clouds,scattered clouds,15
Hidasnémeti,48.508333,21.229722,2026-09-26 15:27:20.333485,20.74,19.91,19.69,21.43,1023,40,3.6,220,47,0.0,Clouds,scattered clouds,15
Mád,48.19,21.268889,2026-09-26 15:27:21.518585,20.62,20.02,20.62,20.62,1024,49,1.55,227,33,0.0,Clouds,scattered clouds,15
Rátka,48.215,21.230278,2026-09-26 15:27:22.692244,20.78,20.19,20.78,20.78,1024,49,1.55,237,35,0.0,Clouds,scattered clouds,15
Tállya,48.226944,21.225278,2026-09-26 15:27:23.861184,20.73,20.14,20.73,20.73,1024,49,1.55,237,35,0.0,Clouds,scattered clouds,15
Golop,48.242778,21.204167,2026-09-26 15:27:25.034635,20.85,20.3,20.85,20.85,1024,50,1.67,232,34,0.0,Clouds,scattered clouds,15
Abaújszántó,48.286944,21.181667,2026-09-26 15:27:26.207455,20.76,20.2,20.76,20.76,1024,50,1.54,217,31,0.0,Clouds,scattered clouds,15
Abaújszántói fürdő,48.268333,21.179722,2026-09-26 15:27:27.380221,20.82,20.26,20.82,20.82,1024,50,1.57,227,32,0.0,Clouds,scattered clouds,15
Abaújkér,48.309444,21.198333,2026-09-26 15:27:28.550218,20.72,20.15,20.72,20.72,1023,50,1.61,205,32,0.0,Clouds,scattered clouds,15
Boldogkőváralja,48.345,21.208889,2026-09-26 15:27:29.718771,20.52,19.96,20.52,20.52,1023,51,1.22,204,36,0.0,Clouds,scattered clouds,15
Korlát-Vizsoly,48.365,21.219167,2026-09-26 15:27:30.886508,20.43,19.86,20.43,20.43,1023,51,1.31,194,38,0.0,Clouds,scattered clouds,15
Fony,48.411389,21.242778,2026-09-26 15:27:32.051463,20.35,19.75,20.35,21.3,1023,50,1.32,180,42,0.0,Clouds,scattered clouds,15
Hejce-Vilmány,48.419444,21.245556,2026-09-26 15:27:33.224090,20.32,19.71,20.32,21.27,1023,50,1.32,180,42,0.0,Clouds,scattered clouds,15
Göncruszka,48.445,21.246944,2026-09-26 15:27:34.391614,20.7,20.11,19.62,21.36,1023,49,1.2,175,43,0.0,Clouds,scattered clouds,15
Gönc,48.470556,21.261389,2026-09-26 15:27:35.556478,20.56,19.95,19.52,21.26,1023,49,0.89,175,46,0.0,Clouds,scattered clouds,15
Zsujta,48.4925,21.265,2026-09-26 15:27:36.727788,20.58,19.74,19.54,21.28,1023,40,3.6,220,50,0.0,Clouds,scattered clouds,15
Bodrogkeresztúr,48.175556,21.354167,2026-09-26 15:27:37.901569,20.89,20.31,20.89,20.89,1024,49,1.65,202,28,0.0,Clouds,scattered clouds,15
Szegi,48.201944,21.387778,2026-09-26 15:27:39.068129,20.93,20.38,20.93,20.93,1024,50,1.6,196,35,0.0,Clouds,scattered clouds,15
Erdőbénye,48.218056,21.401944,2026-09-26 15:27:40.234717,20.9,20.4,20.9,20.9,1024,52,1.45,197,38,0.0,Clouds,scattered clouds,15
Olaszliszka-Tolcsva,48.258333,21.448056,2026-09-26 15:27:41.403494,20.93,20.54,20.93,20.93,1023,56,1.0,209,38,0.0,Clouds,scattered clouds,15
Bodrogolaszi,48.286944,21.512778,2026-09-26 15:27:42.568952,20.87,20.58,20.87,20.87,1023,60,0.79,203,36,0.0,Clouds,scattered clouds,15
Sárospatak,48.325833,21.566111,2026-09-26 15:27:43.736356,20.82,20.71,20.82,20.82,1023,67,1.1,156,35,0.0,Clouds,scattered clouds,15
Sátoraljaújhely,48.385833,21.657778,2026-09-26 15:27:44.904761,19.48,19.68,19.48,19.48,1023,84,1.07,126,43,0.0,Clouds,scattered clouds,15
Vecsés,47.40855,19.25652,2026-09-26 15:27:46.074532,22.08,21.36,20.44,22.31,1024,39,2.57,200,19,0.0,Clouds,few clouds,15
Vecsés-Kertekalja,47.403333,19.271389,2026-09-26 15:27:47.239473,22.13,21.39,20.48,22.35,1024,38,2.57,200,19,0.0,Clouds,few clouds,15
Üllő,47.390833,19.348889,2026-09-26 15:27:48.414086,22.12,21.3,20.44,22.31,1024,35,2.57,200,10,0.0,Clear,clear sky,15
Monor,47.34545,19.43701,2026-09-26 15:27:49.580793,22.07,21.25,22.07,23.2,1024,35,2.57,200,9,0.0,Clear,clear sky,15
Pilis,47.279722,19.536389,2026-09-26 15:27:50.748172,20.45,19.7,20.31,23.16,1024,44,1.78,275,10,0.0,Clear,clear sky,15
Albertirsa,47.240278,19.606389,2026-09-26 15:27:51.913401,20.4,19.64,20.4,20.4,1024,44,1.41,309,14,0.0,Clouds,few clouds,15
Ceglédbercel-Cserő,47.210278,19.686944,2026-09-26 15:27:53.086761,20.47,19.72,20.47,20.47,1024,44,1.15,353,12,0.0,Clouds,few clouds,15
Cegléd,47.182778,19.806111,2026-09-26 15:27:54.255872,20.57,19.83,20.57,21.57,1024,44,2.11,45,9,0.0,Clear,clear sky,15
Abony,47.173056,20.016389,2026-09-26 15:27:55.424423,21.55,20.99,20.64,21.63,1024,47,1.54,280,9,0.0,Clear,clear sky,15
Szolnok,47.179167,20.175833,2026-09-26 15:27:56.595788,21.29,20.65,20.66,21.65,1024,45,1.54,280,11,0.0,Clouds,few clouds,15
Szajol,47.170556,20.295278,2026-09-26 15:27:57.762491,21.01,20.29,21.01,21.66,1024,43,1.54,280,7,0.0,Clear,clear sky,15
Törökszentmiklós,47.170278,20.413611,2026-09-26 15:27:58.927533,21.0,20.28,21.0,21.66,1024,43,1.54,280,4,0.0,Clear,clear sky,15
Rákoscsaba-Újtelep,47.4875,19.271944,2026-09-26 15:28:00.099620,21.82,21.15,20.18,22.77,1024,42,2.57,200,37,0.0,Clouds,scattered clouds,15
Rákoscsaba,47.492222,19.284722,2026-09-26 15:28:01.262879,22.1,21.46,20.33,22.76,1024,42,2.57,200,34,0.0,Clouds,scattered clouds,15
Pécel,47.493889,19.338889,2026-09-26 15:28:02.434529,22.1,21.44,20.21,22.64,1024,41,2.57,200,32,0.0,Clouds,scattered clouds,15
Isaszeg,47.537719,19.388955,2026-09-26 15:28:03.605669,22.17,21.57,20.12,22.55,1024,43,2.57,200,33,0.0,Clouds,scattered clouds,15
Gödöllő,47.592222,19.358611,2026-09-26 15:28:04.770939,21.35,20.64,19.9,22.33,1024,42,2.57,200,32,0.0,Clouds,scattered clouds,15
Máriabesnyő,47.595556,19.389722,2026-09-26 15:28:05.940477,21.67,21.07,20.04,22.47,1024,45,0.72,164,32,0.0,Clouds,scattered clouds,15
Bag,47.641111,19.471667,2026-09-26 15:28:07.106756,22.21,21.66,20.62,22.82,1024,45,1.73,249,25,0.0,Clouds,scattered clouds,15
Aszód,47.647467,19.492882,2026-09-26 15:28:08.274239,22.31,21.82,20.69,22.9,1024,47,1.57,244,23,0.0,Clouds,few clouds,15
Hévízgyörk,47.638611,19.526667,2026-09-26 15:28:09.437660,22.91,22.48,20.7,22.91,1024,47,1.4,234,22,0.0,Clouds,few clouds,15
Galgahévíz,47.6325,19.558333,2026-09-26 15:28:10.604425,22.9,22.47,20.69,22.9,1024,47,1.47,193,22,0.0,Clouds,few clouds,15
Tura,47.626389,19.5975,2026-09-26 15:28:11.773582,22.93,22.51,20.72,22.93,1024,47,1.65,180,22,0.0,Clouds,few clouds,15
Hatvan,47.663611,19.671389,2026-09-26 15:28:12.941942,22.92,22.42,22.92,22.92,1024,44,2.14,169,14,0.0,Clouds,few clouds,15
Vámosgyörk,47.686111,19.927778,2026-09-26 15:28:14.109809,20.85,20.17,20.85,20.85,1024,45,2.11,200,23,0.0,Clouds,few clouds,15
Adács,47.696389,19.975278,2026-09-26 15:28:15.277077,20.88,20.22,20.88,20.88,1024,46,2.04,210,25,0.0,Clouds,scattered clouds,15
Karácsond,47.718056,20.048611,2026-09-26 15:28:16.442281,20.74,20.07,20.74,20.74,1024,46,2.02,212,24,0.0,Clouds,few clouds,15
Ludas,47.723889,20.095556,2026-09-26 15:28:17.609561,20.92,20.29,20.92,20.92,1024,47,2.05,209,22,0.0,Clouds,few clouds,15
Nagyút,47.72666666666667,20.161388888888887,2026-09-26 15:28:18.774432,20.89,20.26,20.89,20.89,1024,47,2.07,208,22,0.0,Clouds,few clouds,15
Kál-Kápolna,47.734167,20.254167,2026-09-26 15:28:19.940810,20.9,20.27,20.9,20.9,1024,47,2.05,212,15,0.0,Clouds,few clouds,15
Füzesabony,47.751389,20.415278,2026-09-26 15:28:21.108798,20.9,20.3,20.9,20.9,1024,48,1.93,233,9,0.0,Clear,clear sky,15
Szihalom,47.766944,20.491944,2026-09-26 15:28:22.274460,22.39,21.94,22.39,22.39,1024,48,1.9,233,8,0.0,Clear,clear sky,15
Mezőkövesd,47.797222,20.5675,2026-09-26 15:28:23.441449,22.4,21.98,22.4,22.4,1024,49,1.81,215,8,0.0,Clear,clear sky,15
Mezőkövesd felső,47.807222,20.591389,2026-09-26 15:28:24.617159,22.38,21.95,22.38,24.17,1024,49,1.81,215,8,0.0,Clear,clear sky,15
Mezőkeresztes-Mezőnyárád,47.845556,20.670278,2026-09-26 15:28:25.786409,22.38,21.72,22.38,24.17,1024,40,2.23,200,7,0.0,Clear,clear sky,15
Csincse,47.890833,20.764167,2026-09-26 15:28:26.958139,22.45,21.82,22.4,24.19,1024,41,0.89,155,13,0.0,Clouds,few clouds,15
Emőd,47.930556,20.822778,2026-09-26 15:28:28.122992,22.54,21.95,22.42,24.21,1024,42,0.89,155,29,0.0,Clouds,scattered clouds,15
Nyékládháza,47.9925,20.840556,2026-09-26 15:28:29.299483,22.62,22.06,22.45,24.23,1024,43,0.89,155,39,0.0,Clouds,scattered clouds,15
Miskolc-Tiszai,48.098611,20.811389,2026-09-26 15:28:30.466890,24.12,24.23,22.37,24.16,1024,63,2.46,137,53,0.0,Clouds,broken clouds,15
Felsőzsolca,48.083611,20.866111,2026-09-26 15:28:31.633094,22.71,22.24,22.4,24.18,1024,46,2.48,154,45,0.0,Clouds,scattered clouds,15
Hernádnémeti-Bőcs,48.051389,20.985,2026-09-26 15:28:32.799282,22.69,22.19,22.4,24.18,1024,45,2.12,182,30,0.0,Clouds,scattered clouds,15
Tiszalúc,48.039722,21.0575,2026-09-26 15:28:33.965288,22.67,22.17,20.92,24.23,1024,45,1.81,186,23,0.0,Clouds,few clouds,15
Taktaharkány,48.091667,21.128611,2026-09-26 15:28:35.138709,22.8,22.31,20.97,22.8,1024,45,1.96,203,28,0.0,Clouds,scattered clouds,15
Taktaszada,48.1125,21.149444,2026-09-26 15:28:36.305445,20.98,20.39,20.98,22.81,1024,48,1.92,208,28,0.0,Clouds,scattered clouds,15
Szerencs,48.155556,21.214444,2026-09-26 15:28:37.470332,20.97,20.4,20.97,22.81,1024,49,1.66,223,30,0.0,Clouds,scattered clouds,15
Mezőzombor,48.156944,21.267778,2026-09-26 15:28:38.647254,20.97,20.4,20.97,20.97,1024,49,1.61,218,29,0.0,Clouds,scattered clouds,15
Tarcal,48.125,21.34,2026-09-26 15:28:39.815119,20.99,20.4,20.99,20.99,1024,48,1.82,183,16,0.0,Clouds,few clouds,15
Tokaj,48.112778,21.406667,2026-09-26 15:28:40.982624,20.95,20.38,20.95,20.95,1024,49,1.86,167,19,0.0,Clouds,few clouds,15
Rakamaz,48.12,21.475,2026-09-26 15:28:42.160485,20.95,20.41,20.95,20.95,1024,50,1.86,163,21,0.0,Clouds,few clouds,15
Görögszállás,48.04,21.555,2026-09-26 15:28:43.327753,20.91,20.34,20.91,20.91,1024,49,1.29,137,21,0.0,Clouds,few clouds,15
Nyírtelek,48.005,21.615556,2026-09-26 15:28:44.492278,20.95,20.38,20.95,20.95,1024,49,0.99,120,18,0.0,Clouds,few clouds,15
Rákoshegy,47.468611,19.245556,2026-09-26 15:28:45.657872,21.76,21.11,20.13,22.71,1024,43,2.57,200,32,0.0,Clouds,scattered clouds,15
Ecser,47.439444,19.318056,2026-09-26 15:28:46.832159,22.2,21.52,20.33,22.76,1024,40,2.57,200,22,0.0,Clouds,few clouds,15
Maglód,47.438889,19.340833,2026-09-26 15:28:47.996987,22.18,21.5,20.27,22.7,1024,40,2.57,200,19,0.0,Clouds,few clouds,15
Maglódi nyaraló,47.434167,19.363611,2026-09-26 15:28:49.162538,22.11,21.45,20.18,22.6,1024,41,2.57,200,17,0.0,Clouds,few clouds,15
Gyömrő,47.429722,19.393333,2026-09-26 15:28:50.327437,22.17,21.51,20.14,22.57,1024,41,2.57,200,17,0.0,Clouds,few clouds,15
Mende,47.426944,19.439722,2026-09-26 15:28:51.491550,22.21,21.56,20.32,22.53,1024,41,2.57,200,9,0.0,Clear,clear sky,15
Szőlősnyaraló,47.450278,19.561111,2026-09-26 15:28:52.675521,22.72,22.27,20.3,22.76,1024,47,1.88,212,10,0.0,Clear,clear sky,15
Sülysáp,47.451944,19.5275,2026-09-26 15:28:53.843575,22.6,22.14,20.28,22.74,1024,47,2.2,212,12,0.0,Clouds,few clouds,15
Tápiószecső,47.443056,19.614722,2026-09-26 15:28:55.018877,22.31,21.82,20.38,22.84,1024,47,1.59,212,9,0.0,Clear,clear sky,15
Szentmártonkáta,47.431944,19.680556,2026-09-26 15:28:56.186972,20.41,19.66,20.41,22.87,1024,44,1.04,211,7,0.0,Clear,clear sky,15
Nagykáta,47.409722,19.737778,2026-09-26 15:28:57.372135,20.48,19.73,20.48,22.94,1024,44,0.87,218,6,0.0,Clear,clear sky,15
Farmos,47.355278,19.8375,2026-09-26 15:28:58.537104,20.59,19.85,20.59,20.59,1024,44,0.81,186,14,0.0,Clouds,few clouds,15
Tápiószele,47.346313,19.873504,2026-09-26 15:28:59.715643,20.57,19.83,20.57,20.57,1024,44,0.93,181,17,0.0,Clouds,few clouds,15
Tápiógyörgye,47.325,19.95,2026-09-26 15:29:00.886306,20.63,19.9,20.63,21.62,1024,44,1.05,194,16,0.0,Clouds,few clouds,15
Újszász,47.285833,20.066944,2026-09-26 15:29:02.053531,20.69,19.96,20.67,21.66,1024,44,1.27,275,12,0.0,Clouds,few clouds,15
Szurdokpüspöki,47.851944,19.690278,2026-09-26 15:29:03.223148,20.62,19.91,20.62,20.62,1024,45,1.91,200,18,0.0,Clouds,few clouds,15
Lőrinci,47.739444,19.673611,2026-09-26 15:29:04.395704,20.76,20.04,20.76,20.76,1024,44,1.93,173,11,0.0,Clouds,few clouds,15
Selyp,47.759167,19.670833,2026-09-26 15:29:05.564886,20.74,20.02,20.74,20.74,1024,44,1.79,177,13,0.0,Clouds,few clouds,15
Apc-Zagyvaszántó,47.791328,19.66822,2026-09-26 15:29:06.730730,20.74,20.02,20.74,20.74,1024,44,1.69,182,15,0.0,Clouds,few clouds,15
Pásztó,47.918889,19.688889,2026-09-26 15:29:07.896743,20.45,19.73,20.45,20.45,1024,45,1.99,210,30,0.0,Clouds,scattered clouds,15
Mátraszőlős-Hasznos,47.938506,19.706122,2026-09-26 15:29:09.060723,20.45,19.73,20.45,20.45,1024,45,1.99,214,35,0.0,Clouds,scattered clouds,15
Tar,47.956111,19.746389,2026-09-26 15:29:10.229918,20.02,19.28,20.02,20.02,1024,46,1.9,224,28,0.0,Clouds,scattered clouds,15
Mátraverebély,47.968333,19.778611,2026-09-26 15:29:11.411999,20.02,19.28,20.02,20.02,1024,46,1.9,224,28,0.0,Clouds,scattered clouds,15
Nagybátony,47.981111,19.82,2026-09-26 15:29:12.579647,20.17,19.44,20.17,20.17,1024,46,1.72,241,28,0.0,Clouds,scattered clouds,15
Kisterenye,48.009444,19.831944,2026-09-26 15:29:13.745030,20.24,19.55,20.24,20.24,1024,47,1.64,262,28,0.0,Clouds,scattered clouds,15
Kisterenye-Bányatelep,48.021389,19.831944,2026-09-26 15:29:14.915540,20.24,19.55,20.24,20.24,1024,47,1.64,262,28,0.0,Clouds,scattered clouds,15
Salgótarján külső,48.089444,19.790833,2026-09-26 15:29:16.082580,19.67,18.92,19.67,19.67,1024,47,1.77,308,21,0.0,Clouds,few clouds,15
Balatonfenyves GV,46.7125,17.479167,2026-09-26 15:29:17.250414,21.08,20.5,21.08,21.08,1025,48,1.02,27,8,0.0,Clear,clear sky,15
Várhegyalja,47.737778,18.366667,2026-09-26 15:29:18.415506,20.89,20.24,20.89,20.89,1023,46,2.8,338,42,0.0,Clouds,scattered clouds,15
Imremajor,46.680556,17.499722,2026-09-26 15:29:19.581964,21.11,20.53,21.11,21.11,1025,48,0.95,39,7,0.0,Clear,clear sky,15
Rákospalota-Kertváros,47.578333,19.122778,2026-09-26 15:29:20.751329,21.11,20.48,20.38,22.4,1024,46,2.57,200,50,0.0,Clouds,scattered clouds,15
Vicziántelep,47.675833,19.286111,2026-09-26 15:29:21.920292,20.56,19.79,20.0,22.43,1025,43,0.861,130,44,0.0,Clouds,scattered clouds,15
Pálmajor,46.662831,17.457526,2026-09-26 15:29:23.089519,21.1,20.49,21.1,21.1,1025,47,1.05,70,9,0.0,Clear,clear sky,15
Somogyszentpál felső,46.649758,17.471404,2026-09-26 15:29:24.254450,21.07,20.46,21.07,21.07,1025,47,0.9,51,7,0.0,Clear,clear sky,15
Somogyszentpál,46.638611,17.478611,2026-09-26 15:29:25.425922,21.06,20.45,21.06,21.06,1025,47,0.9,62,6,0.0,Clear,clear sky,15
Rudnaykert,47.7175,19.257778,2026-09-26 15:29:26.589122,20.69,19.89,20.35,22.77,1025,41,0.861,130,57,0.0,Clouds,broken clouds,15
Maroshegy,47.158333,18.406667,2026-09-26 15:29:27.753293,21.26,20.72,21.26,21.26,1024,49,2.01,176,16,0.0,Clouds,few clouds,15
Bánhida,47.573703,18.371737,2026-09-26 15:29:28.939100,20.78,20.09,20.78,20.78,1024,45,1.61,205,28,0.0,Clouds,scattered clouds,15
Magyarkút,47.850278,19.045,2026-09-26 15:29:30.104007,21.73,21.06,20.44,21.93,1024,42,1.02,296,66,0.0,Clouds,broken clouds,15
Becske alsó,47.897222,19.364722,2026-09-26 15:29:31.283358,21.59,20.9,21.59,21.59,1024,42,1.37,208,73,0.0,Clouds,broken clouds,15
Hosszúberek-Péteri,47.370556,19.389722,2026-09-26 15:29:32.456989,22.34,21.67,22.04,22.84,1024,40,2.57,200,8,0.0,Clear,clear sky,15
Monorierdő,47.308889,19.499167,2026-09-26 15:29:33.631578,22.05,21.46,20.29,22.75,1024,44,1.78,261,10,0.0,Clear,clear sky,15
Ceglédbercel,47.215833,19.658611,2026-09-26 15:29:34.804438,20.46,19.71,20.46,20.46,1024,44,1.21,327,14,0.0,Clouds,few clouds,15
Budai út,47.208333,19.731389,2026-09-26 15:29:35.973229,20.5,19.75,20.5,20.5,1024,44,1.31,16,9,0.0,Clear,clear sky,15
Büdöskútpuszta,48.373056,20.726111,2026-09-26 15:29:37.138518,20.24,19.63,20.24,20.24,1024,50,2.52,180,32,0.0,Clouds,scattered clouds,15
Bánrévei Vízmű,48.282778,20.368333,2026-09-26 15:29:38.316571,21.54,21.06,18.35,21.54,1024,50,2.46,279,25,0.0,Clouds,scattered clouds,15
Rákoskert,47.456389,19.296111,2026-09-26 15:29:39.492353,22.03,21.33,20.2,22.63,1024,40,2.57,200,29,0.0,Clouds,scattered clouds,15
Szirmabesenyő,48.146944,20.783056,2026-09-26 15:29:40.664430,24.03,24.21,22.3,24.08,1024,66,2.9,109,57,0.0,Clouds,broken clouds,15
Kitérőgyár,47.766944,19.935278,2026-09-26 15:29:41.829405,20.54,19.85,20.54,20.54,1024,46,1.9,210,20,0.0,Clouds,few clouds,15
Tápiószentmárton,47.373333,19.797778,2026-09-26 15:29:42.999805,20.53,19.79,20.53,20.53,1024,44,0.74,187,13,0.0,Clouds,few clouds,15
Zagyvarékas,47.244229,20.097435,2026-09-26 15:29:44.167446,21.39,20.79,20.68,21.67,1024,46,1.54,280,10,0.0,Clear,clear sky,15
Abonyi út,47.206401,20.125204,2026-09-26 15:29:45.342734,21.35,20.74,20.68,21.67,1024,46,1.54,280,10,0.0,Clear,clear sky,15
Jászkisér felső,47.438056,20.202222,2026-09-26 15:29:46.517690,24.44,24.11,24.44,24.44,1024,45,0.79,299,11,0.0,Clouds,few clouds,15
Szellőhát,47.425556,20.188889,2026-09-26 15:29:47.681978,20.67,19.97,20.67,20.67,1024,45,0.82,296,9,0.0,Clear,clear sky,15
Szilvásvárad-Szalajkavölgy,48.0956,20.38272,2026-09-26 15:29:48.847641,20.11,19.46,20.11,22.5,1024,49,1.87,270,31,0.0,Clouds,scattered clouds,15
Vásárosnamény külső,48.084444,22.255556,2026-09-26 15:29:50.014357,20.31,19.7,20.31,20.31,1024,50,1.35,17,6,0.0,Clear,clear sky,15
Újváros,46.660556,20.536111,2026-09-26 15:29:51.189119,19.99,19.51,19.99,19.99,1024,56,1.81,297,21,0.0,Clouds,few clouds,15
Városi park,46.697778,19.864722,2026-09-26 15:29:52.359160,22.77,22.15,22.77,22.77,1026,40,0.99,234,7,0.0,Clear,clear sky,15
Belsőkamaráspuszta,46.341944,20.848889,2026-09-26 15:29:53.531358,21.7,21.0,21.7,21.7,1024,41,2.12,337,4,0.0,Clear,clear sky,15
Sajószöged,47.945278,20.981667,2026-09-26 15:29:54.715998,22.76,22.24,22.49,24.28,1024,44,1.38,173,19,0.0,Clouds,few clouds,15
Kazincbarcika alsó,48.255278,20.649167,2026-09-26 15:29:55.887678,24.05,23.87,21.65,24.05,1024,52,1.85,69,72,0.0,Clouds,broken clouds,15
Nyárjas,46.857778,19.923611,2026-09-26 15:29:57.058591,22.73,22.1,22.73,22.73,1025,40,0.96,323,14,0.0,Clouds,few clouds,15
Pogonyipuszta,48.296389,20.381667,2026-09-26 15:29:58.225490,21.51,21.02,18.31,21.51,1024,50,2.46,279,25,0.0,Clouds,scattered clouds,15
Sióvölgy,46.911103,18.076964,2026-09-26 15:29:59.389391,22.19,22.55,22.19,22.19,1026,80,1.94,356,20,0.0,Clouds,few clouds,15
Répáspuszta,46.430278,17.847222,2026-09-26 15:30:00.556404,20.24,19.89,20.24,20.24,1025,60,0.72,51,11,0.0,Clouds,few clouds,15
Virányos,48.066667,21.527222,2026-09-26 15:30:01.722397,20.94,20.55,20.94,20.94,1024,56,1.24,142,24,0.0,Clouds,few clouds,15
Füzesbokor,47.988611,21.6475,2026-09-26 15:30:02.890924,20.94,20.53,20.94,20.94,1024,55,1.3,138,13,0.0,Clouds,few clouds,15
Kunfehértó,46.355833,19.417222,2026-09-26 15:30:04.070939,19.77,19.08,19.77,19.77,1024,49,0.7,97,17,0.0,Clouds,few clouds,15
Erdőszél,46.329444,19.395,2026-09-26 15:30:05.245125,19.65,18.95,19.65,19.65,1024,49,0.64,136,18,0.0,Clouds,few clouds,15
Jánoshalma,46.293056,19.330278,2026-09-26 15:30:06.409916,19.75,19.09,19.75,19.75,1024,50,1.08,167,14,0.0,Clouds,few clouds,15
Mélykút,46.213056,19.370556,2026-09-26 15:30:07.576044,22.12,21.72,22.12,22.12,1024,51,1.24,185,9,0.0,Clear,clear sky,15
Bácsalmás,46.118056,19.346389,2026-09-26 15:30:08.757610,22.16,21.82,21.03,22.16,1024,53,0.24,152,6,0.0,Clear,clear sky,15
Almás,46.116216,19.328803,2026-09-26 15:30:09.922929,22.18,21.84,21.06,22.18,1024,53,0.24,152,6,0.0,Clear,clear sky,15
Bácsbokod-Bácsborsód,46.115833,19.16,2026-09-26 15:30:11.100823,21.09,20.38,21.09,21.09,1025,43,0.67,71,3,0.0,Clear,clear sky,15
Baja,46.187014,18.957602,2026-09-26 15:30:12.277606,21.17,20.47,21.17,21.17,1025,43,0.53,291,3,0.0,Clear,clear sky,15
Harkakötöny,46.458333,19.601944,2026-09-26 15:30:13.452553,20.95,20.35,20.95,20.95,1025,48,2.15,65,5,0.0,Clear,clear sky,15
Tajó,46.473056,19.650556,2026-09-26 15:30:14.619034,20.99,20.42,20.99,20.99,1025,49,2.09,64,5,0.0,Clear,clear sky,15
Kiskunmajsa,46.501667,19.728056,2026-09-26 15:30:15.789691,21.03,20.49,21.03,21.05,1025,50,1.62,62,3,0.0,Clear,clear sky,15
Jászszentlászló,46.565833,19.753611,2026-09-26 15:30:16.953459,21.07,20.33,21.07,21.07,1025,42,0.79,111,5,0.0,Clear,clear sky,15
Galambos,46.625,19.801111,2026-09-26 15:30:18.131677,21.1,20.36,21.1,21.1,1025,42,0.7,162,5,0.0,Clear,clear sky,15
Pestszentimre,47.402222,19.188611,2026-09-26 15:30:19.296739,21.92,21.29,20.34,22.36,1024,43,2.57,200,55,0.0,Clouds,broken clouds,15
Gyál felső,47.390278,19.204722,2026-09-26 15:30:20.463059,22.02,21.32,20.5,22.93,1024,40,2.57,200,54,0.0,Clouds,broken clouds,15
Gyál,47.376667,19.219444,2026-09-26 15:30:21.633835,22.12,21.41,20.53,22.95,1024,39,2.57,200,54,0.0,Clouds,broken clouds,15
Ócsa,47.301389,19.232222,2026-09-26 15:30:22.798365,22.24,21.43,22.17,22.97,1025,35,2.57,200,52,0.0,Clouds,broken clouds,15
Inárcs-Kakucs,47.247222,19.317778,2026-09-26 15:30:23.963624,22.23,21.84,22.23,22.23,1025,51,0.38,215,46,0.0,Clouds,scattered clouds,15
Dabas,47.194722,19.328889,2026-09-26 15:30:25.128797,22.24,21.88,22.24,22.24,1025,52,0.45,236,41,0.0,Clouds,scattered clouds,15
Gyón,47.178333,19.355556,2026-09-26 15:30:26.299816,22.21,21.84,22.21,22.21,1025,52,0.44,229,39,0.0,Clouds,scattered clouds,15
Hernád,47.161389,19.4025,2026-09-26 15:30:27.464727,19.33,18.68,19.33,19.33,1025,52,0.92,252,27,0.0,Clouds,scattered clouds,15
Bakonygyirót,47.416389,17.811944,2026-09-26 15:30:28.630097,21.47,21.08,21.17,21.71,1024,54,0.95,315,56,0.0,Clouds,broken clouds,15
Vinye,47.360317,17.819635,2026-09-26 15:30:29.796430,21.0,20.54,20.49,21.03,1025,53,0.36,210,36,0.0,Clouds,scattered clouds,15
Nemesgörzsöny,47.402924,17.376385,2026-09-26 15:30:30.971133,22.16,21.4,21.62,22.16,1024,37,1.54,0,60,0.0,Clouds,broken clouds,15
Rábahíd,47.438618,17.337525,2026-09-26 15:30:32.144504,22.15,21.39,21.61,22.15,1024,37,1.54,0,55,0.0,Clouds,broken clouds,15
Öskü,47.162222,18.076389,2026-09-26 15:30:33.324860,21.86,21.56,21.86,21.86,1025,56,0.65,243,2,0.0,Clear,clear sky,15
Márkó,47.1275,17.813889,2026-09-26 15:30:34.489083,20.38,19.57,20.38,20.38,1026,42,0.99,155,9,0.0,Clear,clear sky,15
Nemeskocs,47.203333,17.188889,2026-09-26 15:30:35.659799,22.11,21.68,22.11,22.11,1025,50,2.42,161,23,0.0,Clouds,few clouds,15
Zalagyömörő,47.011111,17.220833,2026-09-26 15:30:36.829412,20.42,19.88,20.42,20.42,1025,52,1.4,168,7,0.0,Clear,clear sky,15
Rigács,47.061667,17.199167,2026-09-26 15:30:38.029579,20.34,19.79,20.34,20.34,1025,52,1.44,169,7,0.0,Clear,clear sky,15
Kemenespálfa,47.139722,17.183056,2026-09-26 15:30:39.259949,20.39,19.84,20.39,20.39,1025,52,1.84,164,11,0.0,Clouds,few clouds,15
Lentiszombathely,46.611389,16.5725,2026-09-26 15:30:40.461645,22.73,22.47,22.73,22.73,1024,54,1.51,178,2,0.0,Clear,clear sky,15
Ortaháza,46.626667,16.685833,2026-09-26 15:30:41.647631,20.89,20.5,20.89,20.89,1024,56,1.25,198,4,0.0,Clear,clear sky,15
Rádiháza,46.654722,16.765833,2026-09-26 15:30:42.827812,20.78,20.38,20.78,20.78,1024,56,1.06,195,6,0.0,Clear,clear sky,15
Baktüttös,46.690833,16.826389,2026-09-26 15:30:44.000305,20.6,20.1,20.6,20.6,1024,53,1.2,139,6,0.0,Clear,clear sky,15
Budafa,46.851667,16.624722,2026-09-26 15:30:45.170430,20.96,20.5,20.96,20.96,1024,53,1.32,179,3,0.0,Clear,clear sky,15
Zalapatakalja,46.845556,16.603889,2026-09-26 15:30:46.343776,20.97,20.48,20.97,20.97,1024,52,1.41,179,3,0.0,Clear,clear sky,15
Tormásliget,47.430556,16.781667,2026-09-26 15:30:47.513712,20.3,19.72,20.3,20.3,1024,51,2.14,166,0,0.0,Clear,clear sky,15
Belecska,46.64,18.411389,2026-09-26 15:30:48.683718,20.5,20.09,20.5,20.5,1025,57,1.34,177,15,0.0,Clouds,few clouds,15
Almár,47.956111,20.356944,2026-09-26 15:30:49.848019,21.32,20.79,21.32,21.37,1024,49,2.31,177,10,0.0,Clear,clear sky,15
Vasútmúzeum,47.543889,19.099444,2026-09-26 15:30:51.013599,21.22,20.6,20.38,22.23,1024,46,2.57,200,69,0.0,Clouds,broken clouds,15
Abda,47.690833,17.540556,2026-09-26 15:30:52.195641,21.47,21.03,21.44,22.09,1024,52,0.84,182,44,0.0,Clouds,scattered clouds,15
Vadaspark,47.526111,18.949167,2026-09-26 15:30:53.375512,19.32,18.53,18.58,20.42,1024,47,1.05,211,75,0.0,Clouds,broken clouds,15
Barosstelep,47.398889,18.989167,2026-09-26 15:30:54.543878,21.72,21.15,20.44,22.29,1024,46,1.05,211,65,0.0,Clouds,broken clouds,15
Fegyvernek-Örményes,47.194444,20.5575,2026-09-26 15:30:55.720322,21.02,20.46,21.02,21.02,1024,49,0.93,358,1,0.0,Clear,clear sky,15
Zagyvapálfalva,48.068889,19.785,2026-09-26 15:30:56.886971,18.95,18.18,18.95,18.95,1024,49,1.4,323,70,0.0,Clouds,broken clouds,15
Salgótarján,48.105556,19.807222,2026-09-26 15:30:58.051291,18.27,17.46,18.27,18.27,1024,50,1.44,323,64,0.0,Clouds,broken clouds,15
Szabadisóstó,46.933889,18.118056,2026-09-26 15:30:59.216392,22.17,22.53,22.17,22.17,1025,80,1.89,344,17,0.0,Clouds,few clouds,15
Siófok,46.907778,18.053889,2026-09-26 15:31:00.395316,22.17,22.53,22.17,22.17,1025,80,1.58,4,18,0.0,Clouds,few clouds,15
Balatonszéplak felső,46.898056,18.018056,2026-09-26 15:31:01.569791,22.17,22.53,22.17,22.17,1025,80,1.47,15,20,0.0,Clouds,few clouds,15
Balatonszéplak alsó,46.891944,17.993333,2026-09-26 15:31:02.735603,22.17,22.53,22.17,22.17,1025,80,1.39,22,20,0.0,Clouds,few clouds,15
Zamárdi felső,46.886111,17.969444,2026-09-26 15:31:03.901154,22.18,22.54,21.59,22.18,1025,80,1.29,30,20,0.0,Clouds,few clouds,15
Zamárdi,46.88,17.944722,2026-09-26 15:31:05.076180,22.12,22.48,21.52,22.12,1025,80,1.29,30,20,0.0,Clouds,few clouds,15
Szántód,46.861944,17.899167,2026-09-26 15:31:06.237941,22.19,22.55,21.6,22.19,1025,80,1.1,41,21,0.0,Clouds,few clouds,15
Szőny-Déli,47.735278,18.141944,2026-09-26 15:31:07.407222,22.12,21.77,21.73,22.12,1024,53,0.26,47,21,0.0,Clouds,few clouds,15
Várpalota,47.194444,18.149167,2026-09-26 15:31:08.574218,19.49,18.88,19.49,19.49,1025,53,1.04,241,7,0.0,Clear,clear sky,15
Pétfürdő,47.1675,18.121389,2026-09-26 15:31:09.749416,21.99,21.65,21.99,21.99,1025,54,0.92,243,5,0.0,Clear,clear sky,15
Hajmáskér,47.141111,18.009444,2026-09-26 15:31:10.922180,21.77,21.44,21.17,21.77,1025,55,0.54,219,3,0.0,Clear,clear sky,15
Veszprém,47.118889,17.91,2026-09-26 15:31:12.100098,20.97,20.22,20.97,21.56,1025,42,0.78,150,9,0.0,Clear,clear sky,15
Herend,47.136944,17.760278,2026-09-26 15:31:13.267736,20.15,19.32,20.15,20.15,1026,42,1.07,160,11,0.0,Clouds,few clouds,15
Városlőd,47.144167,17.652778,2026-09-26 15:31:14.441285,20.32,19.5,20.32,20.98,1025,42,1.32,189,34,0.0,Clouds,scattered clouds,15
Városlőd-Kislőd,47.133889,17.631111,2026-09-26 15:31:15.609392,20.43,19.63,20.43,21.09,1026,42,1.18,186,32,0.0,Clouds,scattered clouds,15
Ajka,47.105902,17.572938,2026-09-26 15:31:16.776442,20.73,19.96,20.73,21.39,1025,42,1.28,181,40,0.0,Clouds,scattered clouds,15
Ajka-Gyártelep,47.096806,17.555219,2026-09-26 15:31:17.943779,20.78,20.01,20.78,21.44,1025,42,1.28,181,40,0.0,Clouds,scattered clouds,15
Devecser,47.1125,17.435278,2026-09-26 15:31:19.113048,21.19,20.46,21.19,21.84,1025,42,1.44,172,44,0.0,Clouds,scattered clouds,15
Somlóvásárhely,47.124444,17.369167,2026-09-26 15:31:20.286886,21.3,20.87,21.3,21.95,1025,53,1.56,167,23,0.0,Clouds,few clouds,15
Tüskevár,47.128611,17.331389,2026-09-26 15:31:21.451210,21.33,20.9,21.33,21.99,1025,53,1.57,167,19,0.0,Clouds,few clouds,15
Karakószörcsök,47.133611,17.287778,2026-09-26 15:31:22.621704,20.21,19.64,20.21,20.21,1025,52,1.59,168,16,0.0,Clouds,few clouds,15
Kerta,47.151944,17.237222,2026-09-26 15:31:23.792272,20.36,19.78,20.36,20.36,1025,51,1.92,167,14,0.0,Clouds,few clouds,15
Boba,47.183333,17.191389,2026-09-26 15:31:24.960307,20.35,19.77,20.35,20.35,1025,51,2.24,163,18,0.0,Clouds,few clouds,15
Börgönd,47.140278,18.515,2026-09-26 15:31:26.126285,19.8,19.22,19.8,19.8,1025,53,0.23,38,34,0.0,Clouds,scattered clouds,15
Belsőbáránd,47.102778,18.499722,2026-09-26 15:31:27.297276,19.85,19.27,19.85,19.85,1025,53,0.27,8,34,0.0,Clouds,scattered clouds,15
Zichyújfalu,47.124444,18.6725,2026-09-26 15:31:28.459707,19.64,19.02,19.64,19.64,1024,52,1.5,360,53,0.0,Clouds,broken clouds,15
Seregélyes,47.121111,18.580556,2026-09-26 15:31:29.626144,19.9,19.3,19.9,19.9,1024,52,0.46,11,36,0.0,Clouds,scattered clouds,15
Polgárdi-Ipartelepek,47.079167,18.314444,2026-09-26 15:31:30.853969,21.8,21.52,21.8,21.8,1025,57,0.32,250,29,0.0,Clouds,scattered clouds,15
Polgárdi,47.07,18.284167,2026-09-26 15:31:32.781740,21.8,21.52,21.8,21.8,1025,57,0.32,250,29,0.0,Clouds,scattered clouds,15
Füle,47.05,18.255278,2026-09-26 15:31:34.526459,21.77,21.52,21.77,21.77,1025,58,0.54,300,25,0.0,Clouds,scattered clouds,15
Zánka-Erzsébettábor,46.8775,17.709167,2026-09-26 15:31:35.764402,21.53,21.33,21.53,22.12,1025,61,0.8,325,8,0.0,Clear,clear sky,15
Csajág,47.033889,18.186389,2026-09-26 15:31:38.151765,22.01,22.36,22.01,22.01,1025,80,1.43,320,17,0.0,Clouds,few clouds,15
Balatonakarattya,47.017222,18.167778,2026-09-26 15:31:39.319990,21.86,22.19,21.86,21.86,1025,80,1.43,320,17,0.0,Clouds,few clouds,15
Csittényhegy,47.025278,18.1375,2026-09-26 15:31:40.502963,22.08,22.43,22.08,22.08,1025,80,1.46,321,15,0.0,Clouds,few clouds,15
Balatonkenese,47.0325,18.105556,2026-09-26 15:31:41.673223,22.16,22.52,22.16,22.16,1025,80,1.3,322,13,0.0,Clouds,few clouds,15
Balatonfűzfő,47.060278,18.0425,2026-09-26 15:31:42.837513,22.19,22.55,21.59,22.19,1025,80,0.37,315,9,0.0,Clear,clear sky,15
Balatonalmádi,47.028333,18.015,2026-09-26 15:31:43.999930,22.16,22.52,21.57,22.16,1025,80,0.45,338,10,0.0,Clear,clear sky,15
Káptalanfüred,47.008889,18.003889,2026-09-26 15:31:45.163202,22.19,22.55,21.59,22.19,1025,80,0.49,13,13,0.0,Clouds,few clouds,15
Alsóörs,46.985278,17.974722,2026-09-26 15:31:46.333809,22.2,22.56,21.61,22.2,1025,80,0.49,13,13,0.0,Clouds,few clouds,15
Csopak,46.974722,17.931111,2026-09-26 15:31:47.495732,22.07,22.42,21.48,22.07,1025,80,0.66,76,17,0.0,Clouds,few clouds,15
Balatonarács,46.9625,17.8975,2026-09-26 15:31:48.661716,21.97,22.31,21.38,21.97,1025,80,0.66,76,17,0.0,Clouds,few clouds,15
Balatonfüred,46.955833,17.883056,2026-09-26 15:31:49.834582,22.04,22.39,21.45,22.04,1025,80,0.75,78,17,0.0,Clouds,few clouds,15
Aszófő,46.925556,17.8325,2026-09-26 15:31:51.001112,22.14,22.5,21.54,22.14,1025,80,0.67,72,16,0.0,Clouds,few clouds,15
Örvényes,46.9125,17.818056,2026-09-26 15:31:52.166945,22.16,22.52,21.56,22.16,1025,80,0.67,72,16,0.0,Clouds,few clouds,15
Balatonudvari,46.904722,17.808056,2026-09-26 15:31:53.331814,21.6,20.91,21.6,22.19,1025,42,0.46,76,13,0.0,Clouds,few clouds,15
Fövenyes,46.893611,17.789444,2026-09-26 15:31:54.506424,21.61,21.39,21.61,22.21,1025,60,0.54,48,15,0.0,Clouds,few clouds,15
Balatonakali-Dörgicse,46.88,17.747778,2026-09-26 15:31:55.677894,21.61,21.37,21.61,22.2,1025,59,0.36,28,12,0.0,Clouds,few clouds,15
Zánka-Köveskál,46.872778,17.687778,2026-09-26 15:31:56.846464,21.6,21.38,21.6,22.19,1025,60,0.93,316,7,0.0,Clear,clear sky,15
Balatonszepezd,46.851111,17.663056,2026-09-26 15:31:58.014163,21.6,21.36,21.6,21.6,1025,59,1.4,323,5,0.0,Clear,clear sky,15
Szepezdfürdő,46.839722,17.649444,2026-09-26 15:31:59.181550,21.57,21.3,21.57,21.57,1025,58,1.47,322,5,0.0,Clear,clear sky,15
Révfülöp,46.829167,17.632222,2026-09-26 15:32:00.376341,21.58,21.31,21.58,21.58,1025,58,1.47,322,5,0.0,Clear,clear sky,15
Balatonrendes,46.824722,17.582778,2026-09-26 15:32:01.550833,21.58,21.23,21.58,21.58,1025,55,1.14,348,17,0.0,Clouds,few clouds,15
Ábrahámhegy,46.815,17.572222,2026-09-26 15:32:02.714685,21.54,21.19,21.54,21.54,1025,55,1.14,348,17,0.0,Clouds,few clouds,15
Badacsonyörs,46.805556,17.531667,2026-09-26 15:32:03.880348,21.6,21.25,21.6,21.6,1025,55,0.99,5,22,0.0,Clouds,few clouds,15
Kisújszállás,47.223889,20.751111,2026-09-26 15:32:05.052883,19.97,19.33,19.97,19.97,1025,50,1.28,55,2,0.0,Clear,clear sky,15
Karcag,47.303333,20.928056,2026-09-26 15:32:06.231348,19.91,19.26,19.91,19.91,1025,50,1.56,62,1,0.0,Clear,clear sky,15
Püspökladány,47.3275,21.128889,2026-09-26 15:32:07.400276,19.94,19.24,19.94,19.94,1025,48,1.31,3,3,0.0,Clear,clear sky,15
Kaba,47.368889,21.259444,2026-09-26 15:32:08.564409,22.1,21.62,22.1,22.1,1025,48,1.4,339,2,0.0,Clear,clear sky,15
Hajdúszoboszló,47.429444,21.406944,2026-09-26 15:32:09.729495,22.09,21.32,22.09,22.09,1025,37,1.03,0,2,0.0,Clear,clear sky,15
Ebes,47.462778,21.488889,2026-09-26 15:32:10.897069,22.04,21.27,22.04,22.04,1024,37,1.03,0,2,0.0,Clear,clear sky,15
Debrecen,47.520278,21.628611,2026-09-26 15:32:12.064316,21.92,21.13,21.92,21.92,1025,37,1.03,0,3,0.0,Clear,clear sky,15
Debrecen-Csapókert,47.540556,21.648056,2026-09-26 15:32:13.228547,21.87,21.08,21.87,21.87,1025,37,1.03,0,5,0.0,Clear,clear sky,15
Apafa,47.584045,21.655858,2026-09-26 15:32:14.399905,21.83,21.03,21.83,21.83,1025,37,1.03,0,7,0.0,Clear,clear sky,15
Bocskaikert,47.6425,21.666389,2026-09-26 15:32:15.569322,21.76,20.96,21.76,21.76,1025,37,1.03,0,7,0.0,Clear,clear sky,15
Hajdúhadház,47.686944,21.679167,2026-09-26 15:32:16.746181,21.73,21.24,21.73,21.73,1025,49,1.22,53,5,0.0,Clear,clear sky,15
Téglás,47.714722,21.684722,2026-09-26 15:32:17.913145,21.8,21.31,21.8,21.8,1025,49,1.26,55,4,0.0,Clear,clear sky,15
Újfehértó,47.814444,21.706389,2026-09-26 15:32:19.083310,19.55,18.89,19.55,19.55,1025,51,1.27,85,4,0.0,Clear,clear sky,15
Nyíregyháza,47.946667,21.705556,2026-09-26 15:32:20.251263,19.52,18.96,19.52,19.52,1024,55,1.31,129,10,0.0,Clear,clear sky,15
Sóstó,47.998051,21.729047,2026-09-26 15:32:21.420465,20.92,20.53,20.92,20.92,1024,56,1.2,144,8,0.0,Clear,clear sky,15
Sóstóhegy,48.012222,21.742778,2026-09-26 15:32:22.592928,20.92,20.53,20.92,20.92,1024,56,1.17,149,8,0.0,Clear,clear sky,15
Kemecse,48.065556,21.801667,2026-09-26 15:32:23.757921,19.41,18.89,19.41,19.41,1024,57,0.93,157,8,0.0,Clear,clear sky,15
Nyírbogdány,48.082222,21.855278,2026-09-26 15:32:24.960052,19.34,18.82,19.34,19.34,1024,57,0.83,152,9,0.0,Clear,clear sky,15
Kék,48.093333,21.883889,2026-09-26 15:32:26.125056,19.33,18.81,19.33,19.33,1024,57,0.86,133,9,0.0,Clear,clear sky,15
Demecser,48.111667,21.926667,2026-09-26 15:32:27.289097,19.28,18.78,19.28,19.28,1024,58,1.05,112,10,0.0,Clear,clear sky,15
Gégény,48.128333,21.951944,2026-09-26 15:32:28.458283,19.19,18.68,19.19,19.19,1024,58,1.36,98,11,0.0,Clouds,few clouds,15
Pátroha,48.158611,21.996667,2026-09-26 15:32:29.646315,19.15,18.66,19.15,19.15,1024,59,1.64,90,10,0.0,Clear,clear sky,15
Ajak,48.1865,22.048972,2026-09-26 15:32:30.850238,19.08,18.58,19.08,19.08,1024,59,1.76,88,9,0.0,Clear,clear sky,15
Kisvárda,48.208333,22.078333,2026-09-26 15:32:32.084176,18.99,18.54,18.99,18.99,1025,61,1.64,92,9,0.0,Clear,clear sky,15
Kisvárda-Hármasút,48.228333,22.091944,2026-09-26 15:32:33.255394,18.99,18.54,18.99,18.99,1025,61,1.64,92,9,0.0,Clear,clear sky,15
Fényeslitke,48.267222,22.107222,2026-09-26 15:32:34.417756,18.85,18.41,18.85,18.85,1025,62,1.36,119,11,0.0,Clouds,few clouds,15
Komoró,48.305278,22.118056,2026-09-26 15:32:35.588358,18.86,18.42,18.86,18.86,1025,62,1.39,133,11,0.0,Clouds,few clouds,15
Tuzsér,48.342222,22.131667,2026-09-26 15:32:36.759023,18.8,18.35,18.8,18.8,1024,62,1.57,151,11,0.0,Clouds,few clouds,15
Tiszabezdéd,48.371389,22.145,2026-09-26 15:32:37.934146,18.78,18.33,18.78,18.78,1025,62,1.48,156,11,0.0,Clouds,few clouds,15
Záhony,48.402222,22.183611,2026-09-26 15:32:39.103602,18.74,18.29,18.74,18.74,1025,62,1.33,151,12,0.0,Clouds,few clouds,15
Karcag-Vásártér,47.3225,20.9075,2026-09-26 15:32:40.269564,19.91,19.26,19.91,19.91,1025,50,1.56,62,1,0.0,Clear,clear sky,15
Berekfürdő,47.374722,20.827222,2026-09-26 15:32:41.440289,19.88,19.23,19.88,19.88,1025,50,1.48,72,1,0.0,Clear,clear sky,15
Kunmadaras,47.415278,20.793056,2026-09-26 15:32:42.606833,19.83,19.2,19.83,19.83,1024,51,1.39,76,2,0.0,Clear,clear sky,15
Tiszaszentimre,47.490833,20.733056,2026-09-26 15:32:43.772592,19.82,19.22,19.82,19.82,1024,52,1.04,95,4,0.0,Clear,clear sky,15
Tiszaszőlős,47.555556,20.728056,2026-09-26 15:32:44.947115,19.84,19.21,19.84,19.84,1024,51,1.08,140,7,0.0,Clear,clear sky,15
Hosszúhát,47.235556,21.101944,2026-09-26 15:32:46.110308,19.99,19.32,19.99,19.99,1025,49,1.43,6,1,0.0,Clear,clear sky,15
Szerep,47.234444,21.145833,2026-09-26 15:32:47.273962,20.0,19.36,20.0,20.0,1025,50,1.36,5,1,0.0,Clear,clear sky,15
Sárrétudvari,47.231667,21.180833,2026-09-26 15:32:48.448701,19.99,19.35,19.99,19.99,1025,50,1.29,3,1,0.0,Clear,clear sky,15
Biharnagybajom,47.208889,21.221944,2026-09-26 15:32:49.618510,20.01,19.37,20.01,20.01,1025,50,1.01,5,1,0.0,Clear,clear sky,15
Füzesgyarmat,47.113056,21.194444,2026-09-26 15:32:50.792491,20.11,19.46,20.11,20.11,1025,49,1.2,25,2,0.0,Clear,clear sky,15
Füzesgyarmatfürdő,47.093787,21.201582,2026-09-26 15:32:51.960544,20.11,19.46,20.11,20.11,1025,49,1.2,25,2,0.0,Clear,clear sky,15
Báránd,47.299722,21.235278,2026-09-26 15:32:53.126446,19.96,19.26,19.96,19.96,1025,48,1.46,346,2,0.0,Clear,clear sky,15
Sáp,47.259722,21.360556,2026-09-26 15:32:54.291552,19.99,19.32,19.99,19.99,1025,49,0.67,352,2,0.0,Clear,clear sky,15
Berettyóújfalu,47.211944,21.535556,2026-09-26 15:32:55.471973,19.94,19.24,19.94,19.94,1025,48,0.95,356,5,0.0,Clear,clear sky,15
Mezőpeterd,47.176111,21.625278,2026-09-26 15:32:56.635749,21.39,20.84,21.28,21.39,1025,48,1.11,6,7,0.0,Clear,clear sky,15
Biharkeresztes,47.135556,21.721389,2026-09-26 15:32:57.817923,21.36,20.41,21.25,21.36,1024,33,3.6,20,2,0.0,Clear,clear sky,15
Tócóvölgy,47.529444,21.588889,2026-09-26 15:32:58.985453,21.97,21.19,21.97,21.97,1025,37,2.06,0,2,0.0,Clear,clear sky,15
Sáregres,46.7825,18.588889,2026-09-26 15:33:00.152616,20.35,19.82,20.35,20.35,1025,53,1.09,189,28,0.0,Clouds,scattered clouds,15
Simontornya,46.756582,18.540674,2026-09-26 15:33:01.317778,20.38,19.88,20.38,20.38,1025,54,1.51,185,24,0.0,Clouds,few clouds,15
Tolnanémedi,46.727778,18.475833,2026-09-26 15:33:02.493438,20.51,20.03,20.51,20.51,1025,54,1.68,186,21,0.0,Clouds,few clouds,15
Pincehely,46.681389,18.43,2026-09-26 15:33:03.669085,20.42,19.98,20.42,20.42,1025,56,1.63,182,21,0.0,Clouds,few clouds,15
Keszőhidegkút-Gyönk,46.597778,18.426111,2026-09-26 15:33:04.836126,20.39,19.97,20.39,20.39,1025,57,1.2,174,13,0.0,Clouds,few clouds,15
Szárazd,46.575556,18.420833,2026-09-26 15:33:06.004434,20.42,20.01,20.42,20.42,1025,57,1.11,170,12,0.0,Clouds,few clouds,15
Regöly,46.568889,18.396111,2026-09-26 15:33:07.170182,20.42,20.01,20.42,20.42,1025,57,1.11,170,12,0.0,Clouds,few clouds,15
Szakály-Hőgyész,46.523611,18.389444,2026-09-26 15:33:08.335183,20.34,19.89,20.34,20.34,1025,56,1.3,145,12,0.0,Clouds,few clouds,15
Dúzs,46.493889,18.377222,2026-09-26 15:33:09.509573,20.39,19.95,20.39,20.39,1025,56,1.5,143,11,0.0,Clouds,few clouds,15
Csibrák,46.466667,18.336389,2026-09-26 15:33:10.684306,20.48,20.02,20.48,20.48,1025,55,2.02,130,10,0.0,Clear,clear sky,15
Kurd,46.449167,18.319167,2026-09-26 15:33:11.850239,20.15,19.63,20.15,20.15,1025,54,2.26,130,9,0.0,Clear,clear sky,15
Döbrököz,46.418889,18.255,2026-09-26 15:33:13.023361,20.51,20.0,20.51,20.51,1025,53,2.63,114,15,0.0,Clouds,few clouds,15
Dombóvár,46.37,18.149722,2026-09-26 15:33:14.202983,20.5,20.04,20.5,20.5,1025,55,1.41,109,45,0.0,Clouds,scattered clouds,15
Dombóvár alsó,46.363889,18.134167,2026-09-26 15:33:15.368194,20.5,20.04,20.5,20.5,1025,55,1.41,109,45,0.0,Clouds,scattered clouds,15
Somoskőújfalu,48.154722,19.815556,2026-09-26 15:33:16.532619,17.13,16.26,17.13,17.13,1024,52,1.02,311,56,0.0,Clouds,broken clouds,15
Jászfényszaru,47.593056,19.754444,2026-09-26 15:33:17.696895,22.97,22.6,22.97,22.97,1024,49,1.83,176,18,0.0,Clouds,few clouds,15
Pusztamonostor,47.564444,19.794167,2026-09-26 15:33:18.871279,20.5,19.88,20.5,22.96,1024,49,1.44,183,13,0.0,Clouds,few clouds,15
Jászberény,47.494444,19.893333,2026-09-26 15:33:20.036079,20.6,20.02,20.6,20.6,1024,50,0.35,192,6,0.0,Clear,clear sky,15
Meggyespele,47.441944,19.938889,2026-09-26 15:33:21.203904,20.62,19.89,20.62,20.62,1024,44,0.57,154,5,0.0,Clear,clear sky,15
Portelek,47.418056,19.958889,2026-09-26 15:33:22.372137,20.64,19.91,20.64,20.64,1024,44,0.72,153,5,0.0,Clear,clear sky,15
Jászboldogháza-Jánoshida,47.366944,20.001389,2026-09-26 15:33:23.535972,20.63,19.9,20.63,20.63,1024,44,0.94,167,5,0.0,Clear,clear sky,15
Jászárokszállás,47.635556,19.971111,2026-09-26 15:33:24.701826,19.71,19.04,19.71,19.71,1024,50,1.48,202,9,0.0,Clear,clear sky,15
Jászdózsa,47.563056,20.028056,2026-09-26 15:33:25.872727,19.67,19.0,19.67,19.67,1024,50,1.22,186,8,0.0,Clear,clear sky,15
Jászapáti,47.513611,20.155,2026-09-26 15:33:27.038298,19.64,18.97,19.64,19.64,1024,50,0.41,184,6,0.0,Clear,clear sky,15
Jászkisér,47.456111,20.203333,2026-09-26 15:33:28.202731,19.62,18.94,19.62,19.62,1024,50,0.39,263,5,0.0,Clear,clear sky,15
Jászladány,47.373333,20.159167,2026-09-26 15:33:29.367915,20.68,20.11,20.68,21.01,1024,50,0.75,234,5,0.0,Clear,clear sky,15
Szászberek,47.320556,20.090833,2026-09-26 15:33:30.532456,20.67,19.94,20.67,21.66,1024,44,0.73,243,5,0.0,Clear,clear sky,15
Gyöngyöshalász,47.743056,19.932222,2026-09-26 15:33:31.909274,19.69,19.02,19.69,19.69,1024,50,1.24,204,19,0.0,Clouds,few clouds,15
Gyöngyös,47.783056,19.937222,2026-09-26 15:33:33.074151,19.38,18.71,19.38,19.38,1024,51,1.23,213,19,0.0,Clouds,few clouds,15
Erdőtelek,47.683333,20.3025,2026-09-26 15:33:34.245936,19.75,19.03,19.75,19.75,1024,48,1.9,212,10,0.0,Clear,clear sky,15
Heves,47.609444,20.306111,2026-09-26 15:33:35.409667,19.75,19.09,19.75,19.75,1024,50,1.12,224,6,0.0,Clear,clear sky,15
Hevesvezekény,47.562222,20.365833,2026-09-26 15:33:36.580818,19.79,19.13,19.79,19.79,1024,50,0.97,248,4,0.0,Clear,clear sky,15
Tarnaszentmiklós,47.546944,20.390833,2026-09-26 15:33:37.752536,19.78,19.12,19.78,19.78,1024,50,0.76,265,5,0.0,Clear,clear sky,15
Kisköre,47.495556,20.481667,2026-09-26 15:33:38.919913,19.77,19.11,19.77,19.77,1024,50,0.24,90,7,0.0,Clear,clear sky,15
Abádszalók,47.455278,20.553056,2026-09-26 15:33:40.088782,19.71,19.04,19.71,19.71,1024,50,0.54,91,7,0.0,Clear,clear sky,15
Kunhegyes,47.376667,20.641111,2026-09-26 15:33:41.256283,19.79,19.13,19.79,19.79,1024,50,0.78,83,4,0.0,Clear,clear sky,15
Kenderes,47.254444,20.686111,2026-09-26 15:33:42.421337,19.93,19.28,19.93,19.93,1024,50,0.53,26,2,0.0,Clear,clear sky,15
Maklár,47.808056,20.404722,2026-09-26 15:33:43.590804,21.66,21.21,18.46,21.66,1024,51,1.24,241,10,0.0,Clear,clear sky,15
Andornaktálya,47.852203,20.402295,2026-09-26 15:33:44.759785,21.6,21.12,21.6,21.65,1024,50,1.47,213,14,0.0,Clouds,few clouds,15
Eger,47.891667,20.381667,2026-09-26 15:33:45.924117,21.51,21.0,21.51,21.56,1024,49,2.21,187,13,0.0,Clouds,few clouds,15
Egervár,47.908056,20.380556,2026-09-26 15:33:47.093993,21.32,20.79,21.32,21.38,1024,49,2.48,184,13,0.0,Clouds,few clouds,15
Eger-Felnémet,47.936667,20.370556,2026-09-26 15:33:48.264384,21.38,20.85,21.38,21.43,1024,49,2.57,182,11,0.0,Clouds,few clouds,15
Szarvaskő,47.988611,20.3325,2026-09-26 15:33:49.428873,20.97,20.4,20.97,23.36,1024,49,1.9,178,10,0.0,Clear,clear sky,15
Mónosbél,48.031944,20.33,2026-09-26 15:33:50.595685,20.79,20.2,20.79,23.18,1024,49,0.85,190,17,0.0,Clouds,few clouds,15
Bélapátfalva,48.055556,20.340556,2026-09-26 15:33:51.762627,20.49,19.87,20.49,22.88,1024,49,0.43,229,23,0.0,Clouds,few clouds,15
Bélapátfalvi Cementgyár,48.058056,20.355,2026-09-26 15:33:52.926938,20.45,19.83,20.45,22.84,1024,49,0.43,229,23,0.0,Clouds,few clouds,15
Szilvásvárad,48.11345,20.37919,2026-09-26 15:33:54.104189,20.32,19.69,20.32,22.71,1024,49,1.09,301,40,0.0,Clouds,scattered clouds,15
Hejőkeresztúr,47.960278,20.869444,2026-09-26 15:33:55.273720,22.5,21.93,21.91,24.25,1024,43,0.89,151,12,0.0,Clouds,few clouds,15
Tiszaújváros,47.926111,21.030556,2026-09-26 15:33:56.438772,22.82,22.33,21.96,22.82,1024,45,1.07,146,12,0.0,Clouds,few clouds,15
Miskolc-Gömöri,48.106667,20.800278,2026-09-26 15:33:57.604728,24.05,24.13,21.81,24.14,1024,62,2.19,137,32,0.0,Clouds,scattered clouds,15
Sajókeresztúr,48.168008,20.774014,2026-09-26 15:33:58.774943,24.02,24.2,21.75,24.09,1024,66,2.21,129,26,0.0,Clouds,scattered clouds,15
Sajóecseg,48.186111,20.766667,2026-09-26 15:33:59.941511,24.07,24.26,21.79,24.13,1024,66,2.23,132,20,0.0,Clouds,few clouds,15
Sajószentpéter,48.222222,20.708056,2026-09-26 15:34:01.116101,24.03,24.21,21.7,24.03,1024,66,2.15,127,18,0.0,Clouds,few clouds,15
Kazincbarcika,48.264444,20.6275,2026-09-26 15:34:02.279305,24.04,23.88,21.65,24.04,1024,53,1.16,99,19,0.0,Clouds,few clouds,15
Sajókaza,48.272778,20.581944,2026-09-26 15:34:03.447111,24.03,23.87,21.64,24.03,1024,53,0.75,85,19,0.0,Clouds,few clouds,15
Vadna,48.276389,20.555278,2026-09-26 15:34:04.614231,24.01,23.85,21.62,24.01,1024,53,0.75,85,19,0.0,Clouds,few clouds,15
Dubicsány,48.280833,20.504722,2026-09-26 15:34:05.783452,21.6,21.17,21.6,23.99,1024,52,0.45,335,22,0.0,Clouds,few clouds,15
Raposka,46.851389,17.412778,2026-09-26 15:34:06.956946,21.06,20.71,21.06,21.06,1025,57,0.82,87,43,0.0,Clouds,scattered clouds,15
Ivacs,47.641944,19.273889,2026-09-26 15:34:08.122414,20.34,19.58,20.01,21.83,1025,44,0.667,131,73,0.0,Clouds,broken clouds,15
Kisköre-Tiszahíd,47.480835,20.507698,2026-09-26 15:34:09.295070,19.76,19.1,19.76,19.76,1024,50,0.25,81,7,0.0,Clear,clear sky,15
Rozsály,47.912778,22.7825,2026-09-26 15:34:10.462154,21.14,20.64,21.03,21.14,1025,51,1.25,317,1,0.0,Clear,clear sky,15
Pusztakettős,47.453611,20.749722,2026-09-26 15:34:11.632713,19.82,19.22,19.82,19.82,1024,52,1.32,77,2,0.0,Clear,clear sky,15
Kisvác,47.795278,19.113611,2026-09-26 15:34:12.801788,20.56,19.77,20.34,20.65,1024,42,1.0,171,71,0.0,Clouds,broken clouds,15
Tiszafüred-Gyártelep,47.6075,20.736111,2026-09-26 15:34:13.965448,19.76,19.1,19.76,19.76,1024,50,1.58,165,9,0.0,Clear,clear sky,15
Újkenéz,48.251111,22.221667,2026-09-26 15:34:15.133101,18.64,18.15,18.64,18.64,1025,61,0.49,156,12,0.0,Clouds,few clouds,15
Püspökladány-Vásártér,47.319167,21.096111,2026-09-26 15:34:16.305603,19.84,19.13,19.84,19.84,1025,48,1.41,4,2,0.0,Clear,clear sky,15
Végegyháza alsó,46.3675,20.866944,2026-09-26 15:34:17.474229,21.72,21.31,21.72,21.72,1024,52,1.35,328,6,0.0,Clear,clear sky,15
Orosháza felső,46.553611,20.655278,2026-09-26 15:34:18.647395,20.49,19.93,20.49,20.49,1024,51,0.5,339,33,0.0,Clouds,scattered clouds,15
Ambrózfalva,46.353056,20.740556,2026-09-26 15:34:19.813519,20.55,20.02,20.55,20.55,1024,52,1.18,324,5,0.0,Clear,clear sky,15
Alsónyék,46.199444,18.738056,2026-09-26 15:34:20.985012,21.25,20.55,21.25,23.04,1025,43,0.35,333,2,0.0,Clear,clear sky,15
Tompapuszta,46.321389,20.966389,2026-09-26 15:34:22.150327,21.71,22.55,21.71,22.28,1024,100,1.47,347,13,0.0,Clouds,few clouds,15
Halászlak,46.911879,20.56228,2026-09-26 15:34:23.315328,20.24,19.57,20.24,20.24,1024,48,1.14,1,1,0.0,Clear,clear sky,15
Sirató,46.840556,20.61,2026-09-26 15:34:24.481279,20.34,19.66,20.34,20.34,1024,47,1.82,24,1,0.0,Clear,clear sky,15
Csabacsűd felső,46.829167,20.649167,2026-09-26 15:34:25.654734,20.31,19.62,20.31,20.31,1024,47,1.89,30,0,0.0,Clear,clear sky,15
Orosháza-Üveggyár,46.579979,20.683644,2026-09-26 15:34:26.822561,20.44,19.87,20.44,20.44,1024,51,0.73,13,29,0.0,Clouds,scattered clouds,15
Gyulai városerdő,46.69482,21.32281,2026-09-26 15:34:27.987776,21.08,20.29,21.08,21.08,1025,40,2.41,5,3,0.0,Clear,clear sky,15
Kórógyszentgyörgy,46.564377,20.224998,2026-09-26 15:34:29.167128,20.01,19.53,20.01,20.01,1024,56,1.46,309,1,0.0,Clear,clear sky,15
Kunszállás,46.784444,19.767222,2026-09-26 15:34:30.334291,21.05,20.31,21.04,21.05,1025,42,1.03,0,3,0.0,Clear,clear sky,15
Selymes,46.655321,19.8534,2026-09-26 15:34:31.503181,21.11,20.37,21.11,21.11,1025,42,0.71,196,6,0.0,Clear,clear sky,15
Petőfiszállási tanyák,46.587805,19.874509,2026-09-26 15:34:32.675456,21.15,20.42,21.12,21.15,1025,42,0.52,209,6,0.0,Clear,clear sky,15
Kisteleki szőlők,46.514199,19.92868,2026-09-26 15:34:33.841544,21.11,20.61,21.11,21.14,1025,51,1.2,324,4,0.0,Clear,clear sky,15
Kapitányság,46.435336,19.987564,2026-09-26 15:34:35.012245,21.13,20.5,21.13,21.13,1025,46,2.11,334,6,0.0,Clear,clear sky,15
Őszeszék,46.39025,20.016017,2026-09-26 15:34:36.176667,21.16,20.53,21.16,22.2,1025,46,1.65,333,10,0.0,Clear,clear sky,15
Vilmaszállás,46.366389,20.030833,2026-09-26 15:34:37.348757,21.14,20.51,21.14,22.19,1025,46,0.45,117,11,0.0,Clouds,few clouds,15
Jánosszállás,46.334359,20.051199,2026-09-26 15:34:38.515466,21.17,20.54,21.17,22.22,1025,46,1.12,338,11,0.0,Clouds,few clouds,15
Felsőpakony,47.343056,19.230556,2026-09-26 15:34:39.680279,21.49,20.74,20.56,22.99,1024,40,2.57,170,52,0.0,Clouds,broken clouds,15
Felsőméntelek,46.987074,19.557745,2026-09-26 15:34:40.852296,20.88,20.15,20.88,20.88,1025,43,1.03,0,12,0.0,Clouds,few clouds,15
Alsóméntelek,46.961558,19.579121,2026-09-26 15:34:42.027095,20.91,20.18,20.91,20.91,1025,43,1.03,0,10,0.0,Clear,clear sky,15
Nagynyír,46.943319,19.585447,2026-09-26 15:34:43.195384,20.9,20.17,20.9,20.9,1025,43,1.03,0,7,0.0,Clear,clear sky,15
Úrihegy,46.917778,19.621389,2026-09-26 15:34:44.363184,20.93,20.2,20.93,20.93,1025,43,1.03,0,5,0.0,Clear,clear sky,15
Miklóstelep,46.913412,19.630913,2026-09-26 15:34:45.529616,20.94,20.21,20.94,20.95,1025,43,1.03,0,5,0.0,Clear,clear sky,15
Tiszajenő alsó,47.016944,20.134444,2026-09-26 15:34:46.693676,21.68,21.16,21.02,21.68,1024,48,0.45,229,4,0.0,Clear,clear sky,15
Óbög,46.987222,20.111111,2026-09-26 15:34:47.861190,21.46,20.86,21.01,21.66,1024,46,0.0,0,4,0.0,Clear,clear sky,15
Árpádszállás,46.866456,19.989163,2026-09-26 15:34:49.035356,21.1,20.39,21.1,21.59,1024,43,1.03,0,5,0.0,Clear,clear sky,15
Tőserdő,46.851111,19.980278,2026-09-26 15:34:50.201804,21.12,20.38,21.12,21.61,1025,42,1.03,0,9,0.0,Clear,clear sky,15
Tiszaalpár felső,46.836256,19.976753,2026-09-26 15:34:51.369465,21.15,20.42,19.95,21.15,1025,42,1.03,0,9,0.0,Clear,clear sky,15
Borsihalom,46.773056,19.92,2026-09-26 15:34:52.535509,21.14,20.41,19.94,21.14,1025,42,0.52,306,10,0.0,Clear,clear sky,15
Petőfiváros,46.725556,19.848611,2026-09-26 15:34:53.701206,21.1,20.36,21.1,21.1,1025,42,0.37,236,4,0.0,Clear,clear sky,15
Csorna,47.601944,17.248889,2026-09-26 15:34:54.871028,21.44,20.97,21.44,21.44,1024,51,1.64,162,12,0.0,Clouds,few clouds,15
Szorgalmatos,47.986667,21.366389,2026-09-26 15:34:56.039236,20.97,20.56,20.97,20.97,1024,55,1.05,159,18,0.0,Clouds,few clouds,15
Fótfürdő,47.6225,19.200556,2026-09-26 15:34:57.204555,20.31,19.55,20.01,21.83,1025,44,0.667,131,72,0.0,Clouds,broken clouds,15
Fenyveshegy,47.818333,19.068056,2026-09-26 15:34:58.376987,20.65,20.08,20.57,20.71,1024,50,0.37,177,67,0.0,Clouds,broken clouds,15
Hűvösvölgy,47.541202,18.96351,2026-09-26 15:34:59.543248,20.24,19.55,19.55,21.37,1024,47,1.34,166,76,0.0,Clouds,broken clouds,15
Hárshegy,47.535318,18.961433,2026-09-26 15:35:00.703827,20.24,19.55,19.55,21.37,1024,47,1.34,166,76,0.0,Clouds,broken clouds,15
Szépjuhászné,47.528277,18.955246,2026-09-26 15:35:01.873783,19.39,18.61,18.66,20.48,1024,47,1.34,166,75,0.0,Clouds,broken clouds,15
Jánoshegy,47.51433,18.95047,2026-09-26 15:35:03.038621,19.34,18.56,18.57,20.39,1024,47,1.34,166,75,0.0,Clouds,broken clouds,15
Virágvölgy,47.505965,18.95876,2026-09-26 15:35:04.215493,19.06,18.25,18.25,20.08,1024,47,1.34,166,75,0.0,Clouds,broken clouds,15
Csillebérc,47.498196,18.961694,2026-09-26 15:35:05.378956,18.86,18.03,18.02,19.85,1024,47,1.34,166,75,0.0,Clouds,broken clouds,15
Normafa,47.5,18.970558,2026-09-26 15:35:06.548246,18.91,18.08,18.07,19.9,1024,47,1.34,166,75,0.0,Clouds,broken clouds,15
Széchenyihegy,47.49413,18.977049,2026-09-26 15:35:07.716826,18.96,18.14,18.09,19.92,1024,47,1.34,166,73,0.0,Clouds,broken clouds,15
Balatonfőkajár felső,47.031389,18.215278,2026-09-26 15:35:08.894834,21.84,22.17,21.84,21.84,1025,80,1.26,320,19,0.0,Clouds,few clouds,15
Piroska,47.148333,20.129722,2026-09-26 15:35:10.060542,21.39,20.79,20.68,21.68,1024,46,0.45,229,3,0.0,Clear,clear sky,15
Somodor,46.4725,17.836667,2026-09-26 15:35:11.228348,20.23,19.88,20.23,20.23,1025,60,0.97,62,9,0.0,Clear,clear sky,15
Középmező,45.995833,18.668889,2026-09-26 15:35:12.396056,22.33,21.58,20.62,23.03,1025,37,0.56,297,10,0.0,Clear,clear sky,15
Jobbágyi,47.828889,19.6875,2026-09-26 15:35:13.568463,19.42,18.67,19.42,19.42,1024,48,1.62,173,52,0.0,Clouds,broken clouds,15
Ferihegy,47.437222,19.223889,2026-09-26 15:35:14.733791,21.27,20.6,20.24,22.07,1024,44,2.57,170,56,0.0,Clouds,broken clouds,15
Máriapócs,47.852778,22.019167,2026-09-26 15:35:15.898763,18.95,18.31,18.95,18.95,1025,54,0.88,38,7,0.0,Clear,clear sky,15
Máriaudvar,47.751944,19.165,2026-09-26 15:35:17.068730,20.59,19.8,20.37,21.75,1024,42,1.92,175,73,0.0,Clouds,broken clouds,15
Nagyberki,46.353333,18.004167,2026-09-26 15:35:18.233067,20.25,19.85,20.25,20.25,1025,58,0.78,291,16,0.0,Clouds,few clouds,15
Badacsonytomaj,46.804722,17.518056,2026-09-26 15:35:19.406118,20.52,20.04,20.52,20.52,1025,54,0.99,5,22,0.0,Clouds,few clouds,15
Badacsony,46.788611,17.506389,2026-09-26 15:35:20.573232,21.11,20.69,21.11,21.11,1025,54,1.22,21,22,0.0,Clouds,few clouds,15
Badacsonylábdihegy,46.793889,17.470833,2026-09-26 15:35:21.741346,21.08,20.65,21.08,21.08,1025,54,1.22,21,22,0.0,Clouds,few clouds,15
Badacsonytördemic-Szigliget,46.809722,17.469167,2026-09-26 15:35:22.923778,21.03,20.6,21.03,21.03,1025,54,0.94,20,26,0.0,Clouds,scattered clouds,15
Nemesgulács-Kisapáti,46.836944,17.476389,2026-09-26 15:35:24.104586,21.58,21.23,21.07,21.58,1025,55,0.56,22,30,0.0,Clouds,scattered clouds,15
Tapolca,46.877778,17.428611,2026-09-26 15:35:25.276407,21.49,21.18,20.99,21.49,1025,57,0.76,109,46,0.0,Clouds,scattered clouds,15
Uzsabánya alsó,46.898333,17.345278,2026-09-26 15:35:26.442091,20.79,20.41,20.79,20.79,1025,57,0.96,134,43,0.0,Clouds,scattered clouds,15
Uzsa,46.920278,17.331667,2026-09-26 15:35:27.617118,20.75,20.37,20.75,20.75,1025,57,1.04,146,41,0.0,Clouds,scattered clouds,15
Sümegi Bazaltbánya,46.9525,17.2925,2026-09-26 15:35:28.792396,20.18,19.72,20.18,20.18,1025,56,1.2,155,33,0.0,Clouds,scattered clouds,15
Sümeg,46.981111,17.270833,2026-09-26 15:35:29.955788,21.72,21.12,21.72,21.72,1025,45,2.31,162,54,0.0,Clouds,broken clouds,15
Gógánfa,47.021111,17.207778,2026-09-26 15:35:31.122760,20.28,19.72,20.28,20.28,1025,52,1.4,168,7,0.0,Clear,clear sky,15
Ukk,47.041944,17.195833,2026-09-26 15:35:32.287305,20.33,19.78,20.33,20.33,1025,52,1.48,168,4,0.0,Clear,clear sky,15
Nemeskeresztúr,47.093611,17.183611,2026-09-26 15:35:33.462023,20.2,19.63,20.2,20.2,1025,52,1.67,165,9,0.0,Clear,clear sky,15
Jánosháza,47.115833,17.171667,2026-09-26 15:35:34.627292,20.24,19.68,20.24,20.24,1025,52,1.84,164,11,0.0,Clouds,few clouds,15
Keszthely,46.758333,17.248056,2026-09-26 15:35:35.793827,21.08,20.29,21.08,21.08,1025,40,1.03,0,16,0.0,Clouds,few clouds,15
Alsógyenes,46.765844,17.276435,2026-09-26 15:35:36.967009,21.08,20.29,21.08,21.08,1025,40,1.03,0,25,0.0,Clouds,scattered clouds,15
Gyenesdiás,46.763333,17.292778,2026-09-26 15:35:38.141392,21.08,20.29,21.08,21.08,1025,40,1.03,0,25,0.0,Clouds,scattered clouds,15
Vonyarcvashegy,46.755278,17.318333,2026-09-26 15:35:39.310042,21.09,20.3,21.09,21.09,1025,40,1.03,0,28,0.0,Clouds,scattered clouds,15
Balatongyörök,46.751944,17.354444,2026-09-26 15:35:40.476069,21.11,20.32,21.11,21.11,1025,40,1.03,0,29,0.0,Clouds,scattered clouds,15
Becehegy,46.776111,17.372778,2026-09-26 15:35:41.644980,21.08,20.29,21.08,21.08,1025,40,1.03,0,35,0.0,Clouds,scattered clouds,15
Balatonederics,46.8025,17.385,2026-09-26 15:35:42.810887,21.03,20.68,21.03,21.03,1025,57,0.96,85,40,0.0,Clouds,scattered clouds,15
Dabronc,47.025766,17.167006,2026-09-26 15:35:43.986100,20.36,19.78,20.36,20.36,1025,51,1.44,167,4,0.0,Clear,clear sky,15
Türje,46.994444,17.093611,2026-09-26 15:35:45.152154,20.47,19.88,20.47,20.47,1025,50,1.59,155,2,0.0,Clear,clear sky,15
Zalabér-Batyk,46.983056,17.040833,2026-09-26 15:35:46.318298,20.69,20.12,20.69,20.69,1025,50,2.09,136,3,0.0,Clear,clear sky,15
Pakod,46.959167,16.996667,2026-09-26 15:35:47.486129,20.63,20.05,20.63,20.63,1024,50,2.23,133,3,0.0,Clear,clear sky,15
Pókaszepetk,46.924444,16.972222,2026-09-26 15:35:48.651925,20.78,20.22,20.78,20.78,1024,50,2.17,127,1,0.0,Clear,clear sky,15
Kemendollár,46.905833,16.946667,2026-09-26 15:35:49.817384,20.91,20.36,20.91,20.91,1024,50,2.29,125,2,0.0,Clear,clear sky,15
Zalaegerszeg,46.833056,16.848333,2026-09-26 15:35:50.980708,20.73,20.19,20.73,20.73,1024,51,1.47,131,3,0.0,Clear,clear sky,15
Bocfölde,46.780278,16.853611,2026-09-26 15:35:52.153237,20.79,20.28,20.79,20.79,1024,52,1.65,125,3,0.0,Clear,clear sky,15
Sárhida,46.755833,16.851389,2026-09-26 15:35:53.326421,20.75,20.26,20.75,20.75,1024,53,1.34,134,4,0.0,Clear,clear sky,15
Bak,46.7325,16.849167,2026-09-26 15:35:54.506514,20.77,20.29,20.77,20.77,1024,53,1.3,135,5,0.0,Clear,clear sky,15
Tófej,46.670833,16.801944,2026-09-26 15:35:55.681163,20.61,20.16,20.61,20.61,1024,55,1.0,158,6,0.0,Clear,clear sky,15
Gutorfölde,46.646944,16.739722,2026-09-26 15:35:56.847337,20.63,20.24,20.63,20.63,1024,57,1.06,195,6,0.0,Clear,clear sky,15
Csömödér-Páka,46.608056,16.641111,2026-09-26 15:35:58.022081,20.93,20.57,20.93,20.93,1024,57,1.35,195,4,0.0,Clear,clear sky,15
Iklódbördőce,46.603056,16.604722,2026-09-26 15:35:59.191604,20.78,20.38,20.78,20.78,1024,56,1.45,184,3,0.0,Clear,clear sky,15
Lenti,46.621389,16.528611,2026-09-26 15:36:00.357254,21.05,20.65,21.05,21.05,1024,55,1.52,174,2,0.0,Clear,clear sky,15
Rédics,46.618056,16.471111,2026-09-26 15:36:01.523550,21.09,20.66,21.09,21.09,1024,54,1.56,169,2,0.0,Clear,clear sky,15
Zalalövő,46.845556,16.576389,2026-09-26 15:36:02.703250,20.79,20.31,20.79,20.79,1024,53,1.44,177,3,0.0,Clear,clear sky,15
Zalaegerszeg-Ola,46.849167,16.844722,2026-09-26 15:36:03.873560,20.74,20.2,20.74,20.74,1024,51,1.47,131,3,0.0,Clear,clear sky,15
Andráshida,46.863116,16.7792,2026-09-26 15:36:05.041955,20.72,20.18,20.72,20.72,1024,51,1.37,138,3,0.0,Clear,clear sky,15
Bagod,46.875,16.746111,2026-09-26 15:36:06.216407,20.85,20.35,20.85,20.85,1024,52,1.19,157,3,0.0,Clear,clear sky,15
Zalaszentgyörgy,46.872222,16.7125,2026-09-26 15:36:07.380717,20.83,20.35,20.83,20.83,1024,53,1.2,167,3,0.0,Clear,clear sky,15
Zalacséb-Salomvár,46.858056,16.662222,2026-09-26 15:36:08.546586,20.62,20.12,20.62,20.62,1024,53,1.26,173,3,0.0,Clear,clear sky,15
Kópháza,47.631389,16.6375,2026-09-26 15:36:09.720698,19.65,19.03,19.65,21.97,1024,52,2.58,144,0,0.0,Clear,clear sky,15
Nagycenk,47.601111,16.690278,2026-09-26 15:36:10.890421,19.76,19.12,19.76,19.76,1024,51,2.6,146,0,0.0,Clear,clear sky,15
Sopronkövesd,47.548333,16.748056,2026-09-26 15:36:12.067233,19.59,18.96,19.59,19.59,1024,52,2.71,155,0,0.0,Clear,clear sky,15
Lövő,47.509444,16.7775,2026-09-26 15:36:13.242320,19.63,19.01,19.63,19.63,1024,52,2.45,160,0,0.0,Clear,clear sky,15
Újkér,47.457778,16.786667,2026-09-26 15:36:14.410955,19.65,19.03,19.65,19.65,1024,52,2.25,164,0,0.0,Clear,clear sky,15
Bük,47.388611,16.752222,2026-09-26 15:36:15.574830,19.71,19.09,19.71,19.71,1024,52,2.34,170,2,0.0,Clear,clear sky,15
Acsád,47.308333,16.734722,2026-09-26 15:36:16.738129,19.46,18.82,19.46,19.46,1024,52,2.05,176,3,0.0,Clear,clear sky,15
Salköveskút-Vassurány,47.291389,16.704167,2026-09-26 15:36:17.912109,19.47,18.83,19.47,19.47,1024,52,1.91,176,3,0.0,Clear,clear sky,15
Zalaszentiván,46.8875,16.909444,2026-09-26 15:36:19.080921,20.89,20.34,20.89,20.89,1024,50,2.12,123,3,0.0,Clear,clear sky,15
Alsónemesapáti,46.854167,16.936389,2026-09-26 15:36:20.251339,20.88,20.36,20.88,20.88,1024,51,2.26,120,1,0.0,Clear,clear sky,15
Józsa,47.600833,21.584444,2026-09-26 15:36:21.421932,21.86,21.07,21.86,21.86,1025,37,2.06,0,6,0.0,Clear,clear sky,15
Hajdúszentgyörgy,47.608056,21.578333,2026-09-26 15:36:22.589444,21.83,21.03,21.83,21.83,1025,37,2.06,0,6,0.0,Clear,clear sky,15
Zelemér,47.627778,21.578333,2026-09-26 15:36:23.757885,21.78,20.98,21.78,21.78,1025,37,2.06,0,7,0.0,Clear,clear sky,15
Hajdúböszörmény,47.668056,21.524167,2026-09-26 15:36:24.926958,21.81,21.33,21.81,21.81,1025,49,1.09,71,5,0.0,Clear,clear sky,15
Hajdúvid,47.749444,21.508056,2026-09-26 15:36:26.094090,19.74,19.1,19.74,19.74,1025,51,0.86,75,7,0.0,Clear,clear sky,15
Hajdúdorog,47.805556,21.493056,2026-09-26 15:36:27.265277,19.7,19.11,19.7,19.7,1025,53,0.91,98,11,0.0,Clouds,few clouds,15
Hajdúnánás,47.831944,21.426667,2026-09-26 15:36:28.431217,19.87,19.3,19.87,19.87,1024,53,0.61,128,14,0.0,Clouds,few clouds,15
Hajdúnánás-Vásártér,47.843056,21.407222,2026-09-26 15:36:29.612939,19.87,19.3,19.87,19.87,1024,53,0.61,128,14,0.0,Clouds,few clouds,15
Tedej,47.903611,21.404444,2026-09-26 15:36:30.781582,20.98,20.54,20.98,20.98,1024,54,0.96,152,15,0.0,Clouds,few clouds,15
Tiszavasvári,47.945278,21.374722,2026-09-26 15:36:31.946931,20.98,20.54,20.98,20.98,1024,54,0.99,160,16,0.0,Clouds,few clouds,15
Egyházerdő,47.9725,21.365,2026-09-26 15:36:33.113359,21.0,20.57,21.0,21.0,1024,54,1.02,161,17,0.0,Clouds,few clouds,15
Tiszalök,48.013056,21.369167,2026-09-26 15:36:34.278287,20.97,20.56,20.97,20.97,1024,55,1.09,157,20,0.0,Clouds,few clouds,15
Hajnalos,47.998889,21.414167,2026-09-26 15:36:35.445882,20.98,20.6,20.98,20.98,1024,56,0.99,156,19,0.0,Clouds,few clouds,15
Kisfástanya,47.989167,21.47,2026-09-26 15:36:36.615677,20.95,20.56,20.95,20.95,1024,56,1.0,149,20,0.0,Clouds,few clouds,15
Tiszaeszlár,48.010556,21.491944,2026-09-26 15:36:37.780465,20.96,20.63,20.96,20.96,1024,58,1.07,143,22,0.0,Clouds,few clouds,15
Bashalom,48.026111,21.514722,2026-09-26 15:36:38.944125,20.93,20.59,20.93,20.93,1024,58,1.11,143,24,0.0,Clouds,few clouds,15
Sáránd,47.415556,21.625,2026-09-26 15:36:40.131082,22.01,21.23,22.01,22.01,1024,37,2.06,0,4,0.0,Clear,clear sky,15
Derecske,47.365,21.584167,2026-09-26 15:36:41.297789,22.08,21.31,22.08,22.08,1025,37,2.06,0,7,0.0,Clear,clear sky,15
Derecske-Vásártér,47.352222,21.58,2026-09-26 15:36:42.462443,22.08,21.31,22.08,22.08,1025,37,2.06,0,7,0.0,Clear,clear sky,15
Konyár,47.323611,21.666111,2026-09-26 15:36:43.631006,22.05,21.28,22.05,22.05,1025,37,2.06,0,10,0.0,Clear,clear sky,15
Konyári Sóstófürdő,47.324167,21.744444,2026-09-26 15:36:44.800610,22.06,21.55,22.06,22.06,1025,47,1.22,5,7,0.0,Clear,clear sky,15
Pocsaj-Esztár,47.288333,21.793056,2026-09-26 15:36:45.976043,22.05,21.54,21.35,22.05,1024,47,0.81,16,6,0.0,Clear,clear sky,15
Kismarja,47.243889,21.813889,2026-09-26 15:36:47.139738,21.35,20.74,21.24,21.35,1024,46,0.82,30,4,0.0,Clear,clear sky,15
Nagykereki,47.191667,21.8,2026-09-26 15:36:48.309390,21.34,20.39,21.23,21.34,1024,33,0.91,31,3,0.0,Clear,clear sky,15
Debrecen-Szabadságtelep,47.527778,21.658611,2026-09-26 15:36:49.483680,21.89,21.1,21.89,21.89,1025,37,2.06,0,4,0.0,Clear,clear sky,15
Kondoroskert,47.525556,21.713889,2026-09-26 15:36:50.649704,21.92,21.13,21.92,21.92,1025,37,2.06,0,7,0.0,Clear,clear sky,15
Nagycsere,47.523889,21.763056,2026-09-26 15:36:51.814067,21.9,21.11,21.9,21.9,1025,37,2.06,0,8,0.0,Clear,clear sky,15
Haláp,47.521667,21.818333,2026-09-26 15:36:52.980607,21.9,21.11,21.9,21.9,1025,37,2.06,0,9,0.0,Clear,clear sky,15
Vámospércs,47.518056,21.893889,2026-09-26 15:36:54.152432,21.84,21.39,21.84,21.84,1025,50,1.34,349,11,0.0,Clouds,few clouds,15
Szentannapuszta,47.52,21.965833,2026-09-26 15:36:55.321427,21.79,21.36,21.79,21.79,1025,51,1.06,14,11,0.0,Clouds,few clouds,15
Nyírábrány,47.523889,22.016944,2026-09-26 15:36:56.496348,19.11,18.41,19.11,19.11,1025,51,1.05,35,10,0.0,Clear,clear sky,15
Dombostanya,47.602778,21.706389,2026-09-26 15:36:57.664210,21.82,21.02,21.82,21.82,1025,37,2.06,0,9,0.0,Clear,clear sky,15
Hajdúsámson,47.608056,21.755278,2026-09-26 15:36:58.828680,21.82,21.02,21.82,21.82,1025,37,2.06,0,9,0.0,Clear,clear sky,15
Tamásipuszta,47.632778,21.796111,2026-09-26 15:37:00.001590,21.77,21.31,21.77,21.77,1025,50,1.46,355,6,0.0,Clear,clear sky,15
Aradványpuszta,47.662778,21.8425,2026-09-26 15:37:01.166115,21.72,21.25,21.72,21.72,1025,50,1.55,352,3,0.0,Clear,clear sky,15
Nyíradony,47.699444,21.903333,2026-09-26 15:37:02.341697,19.03,18.32,19.03,19.03,1025,51,1.41,359,1,0.0,Clear,clear sky,15
Nyírmihálydi,47.7375,21.958889,2026-09-26 15:37:03.513297,18.99,18.3,18.99,18.99,1025,52,1.33,5,3,0.0,Clear,clear sky,15
Nyírgelse,47.750833,21.987778,2026-09-26 15:37:04.677442,18.91,18.21,18.91,18.91,1025,52,1.27,14,5,0.0,Clear,clear sky,15
Nyírbogát,47.793056,22.066389,2026-09-26 15:37:05.847004,18.87,18.22,18.87,18.87,1025,54,1.28,41,8,0.0,Clear,clear sky,15
Nagykálló,47.871111,21.825833,2026-09-26 15:37:07.014294,19.28,18.7,19.28,19.28,1025,55,0.33,76,8,0.0,Clear,clear sky,15
Kállósemjén,47.854722,21.935,2026-09-26 15:37:08.181426,19.18,18.56,19.18,19.18,1025,54,0.63,22,7,0.0,Clear,clear sky,15
Nyírbátor,47.8425,22.131111,2026-09-26 15:37:09.359613,18.79,18.13,18.79,18.79,1025,54,1.21,45,7,0.0,Clear,clear sky,15
Nyírcsászári,47.865556,22.179167,2026-09-26 15:37:10.532802,18.75,18.09,18.75,18.75,1025,54,1.09,46,5,0.0,Clear,clear sky,15
Hodász,47.896111,22.213611,2026-09-26 15:37:11.709522,18.66,18.02,18.66,18.66,1025,55,0.93,43,3,0.0,Clear,clear sky,15
Nyírmeggyes,47.9225,22.256667,2026-09-26 15:37:12.880233,18.7,18.09,18.7,18.7,1025,56,0.82,45,2,0.0,Clear,clear sky,15
Mátészalka,47.951389,22.313333,2026-09-26 15:37:14.044593,18.7,18.09,18.7,18.7,1025,56,0.84,42,3,0.0,Clear,clear sky,15
Kocsord,47.941944,22.375833,2026-09-26 15:37:15.208402,18.74,18.08,18.74,18.74,1025,54,1.01,43,1,0.0,Clear,clear sky,15
Kocsord alsó,47.946389,22.400556,2026-09-26 15:37:16.371806,18.74,18.08,18.74,18.74,1025,54,1.01,43,1,0.0,Clear,clear sky,15
Győrtelek,47.936667,22.424722,2026-09-26 15:37:17.537337,18.72,18.06,18.72,18.72,1025,54,1.06,43,0,0.0,Clear,clear sky,15
Győrtelek alsó,47.921111,22.443333,2026-09-26 15:37:18.703941,18.68,17.99,18.68,18.68,1025,53,1.14,39,0,0.0,Clear,clear sky,15
Ököritófülpös,47.911389,22.495,2026-09-26 15:37:19.877706,18.66,17.94,18.66,18.66,1025,52,1.12,33,0,0.0,Clear,clear sky,15
Porcsalma-Tyukod,47.868056,22.568333,2026-09-26 15:37:21.050583,21.05,20.52,21.05,21.05,1025,50,1.37,10,0,0.0,Clear,clear sky,15
Csenger,47.826111,22.666389,2026-09-26 15:37:22.216271,21.04,20.48,21.04,21.04,1025,49,1.45,0,1,0.0,Clear,clear sky,15
Kisfái,46.888303,19.807366,2026-09-26 15:37:23.380436,21.02,20.3,21.02,21.03,1025,43,1.03,0,6,0.0,Clear,clear sky,15
Nyárlőrinci szőlők,46.8775,19.828333,2026-09-26 15:37:24.547146,21.03,20.31,21.03,21.03,1025,43,1.03,0,5,0.0,Clear,clear sky,15
Nyárlőrinc alsó,46.863889,19.878889,2026-09-26 15:37:25.715968,21.05,20.33,21.05,21.05,1025,43,1.03,0,4,0.0,Clear,clear sky,15
Tiszaug-Tiszahídfő,46.866106,20.052098,2026-09-26 15:37:26.880819,21.23,20.71,20.01,21.7,1024,50,0.92,14,5,0.0,Clear,clear sky,15
Csongrádi úti tanyák,46.690278,19.921667,2026-09-26 15:37:28.050384,21.16,20.43,19.97,21.16,1025,42,1.1,236,7,0.0,Clear,clear sky,15
Kettőshalom,46.689167,20.0225,2026-09-26 15:37:29.215421,21.19,20.46,20.0,21.19,1025,42,1.13,247,8,0.0,Clear,clear sky,15
Csongrád alsó,46.711389,20.126389,2026-09-26 15:37:30.380691,20.0,19.52,20.0,21.19,1025,56,0.69,279,8,0.0,Clear,clear sky,15
Dónát,46.66988,20.368168,2026-09-26 15:37:31.545968,20.02,19.54,20.02,20.02,1024,56,0.45,33,6,0.0,Clear,clear sky,15
Pusztatemplom,46.676667,20.407222,2026-09-26 15:37:32.716619,20.01,19.53,20.01,20.01,1024,56,0.45,33,12,0.0,Clouds,few clouds,15
Előhát,47.364722,20.653611,2026-09-26 15:37:33.880928,19.68,19.01,19.68,19.68,1024,50,0.56,85,4,0.0,Clear,clear sky,15
Polgárdi-Tekerespuszta,47.017778,18.297778,2026-09-26 15:37:35.046484,22.06,21.81,22.06,22.06,1025,57,0.53,320,26,0.0,Clouds,scattered clouds,15
Szatina-Kishajmás,46.202778,18.083611,2026-09-26 15:37:36.213077,20.25,19.74,20.25,20.25,1025,54,1.69,215,61,0.0,Clouds,broken clouds,15
Márok,45.886944,18.499167,2026-09-26 15:37:37.384178,20.39,19.87,19.87,20.47,1025,53,0.89,124,7,0.0,Clear,clear sky,15
Nagynyárád,45.953333,18.564722,2026-09-26 15:37:38.552807,21.71,21.11,20.46,22.87,1025,45,1.11,50,9,0.0,Clear,clear sky,15
Szászvár,46.2875,18.369722222222222,2026-09-26 15:37:39.718899,22.46,22.15,22.46,22.46,1025,53,2.11,99,23,0.0,Clouds,few clouds,15
Cikó,46.263514,18.557605,2026-09-26 15:37:40.883535,22.78,22.55,22.78,22.78,1025,55,0.34,78,3,0.0,Clear,clear sky,15
Gyöngyfa-Magyarmecske,45.983889,17.958889,2026-09-26 15:37:42.061067,20.57,20.12,20.57,20.57,1025,55,1.42,182,7,0.0,Clear,clear sky,15
Nagyhát,47.581389,21.445,2026-09-26 15:37:43.236780,21.92,21.13,21.92,21.92,1024,37,2.06,0,4,0.0,Clear,clear sky,15
Balmazújváros,47.613889,21.348056,2026-09-26 15:37:44.401679,22.1,21.67,22.1,22.1,1025,50,0.16,300,6,0.0,Clear,clear sky,15
Kónya,47.600833,21.2375,2026-09-26 15:37:45.567240,19.88,19.26,19.88,19.88,1025,51,0.2,195,8,0.0,Clear,clear sky,15
Hortobágy,47.586111,21.154722,2026-09-26 15:37:46.732772,19.88,19.31,19.88,19.88,1025,53,1.02,153,6,0.0,Clear,clear sky,15
Hortobágyi Halastó,47.604167,21.074167,2026-09-26 15:37:47.904087,19.87,19.3,19.87,19.87,1025,53,1.45,154,4,0.0,Clear,clear sky,15
Ohat-Pusztakócs,47.623333,20.951111,2026-09-26 15:37:49.067350,19.88,19.31,19.88,19.88,1024,53,1.43,166,4,0.0,Clear,clear sky,15
Egyek,47.616944,20.883611,2026-09-26 15:37:50.237287,19.86,19.23,19.86,19.86,1024,51,1.57,179,5,0.0,Clear,clear sky,15
Tiszafüred,47.627778,20.756111,2026-09-26 15:37:51.416487,19.79,19.13,19.79,19.79,1024,50,1.65,174,8,0.0,Clear,clear sky,15
Poroszló,47.657778,20.654444,2026-09-26 15:37:52.583666,19.8,19.12,19.8,19.8,1024,49,1.9,168,9,0.0,Clear,clear sky,15
Kétútköz,47.694167,20.565,2026-09-26 15:37:53.751091,19.76,19.1,19.76,19.76,1024,50,1.26,188,11,0.0,Clouds,few clouds,15
Egerfarmos,47.711667,20.5225,2026-09-26 15:37:54.923494,19.74,19.08,19.74,19.74,1024,50,1.33,211,13,0.0,Clouds,few clouds,15
Piliscsaba,47.638056,18.829722,2026-09-26 15:37:56.090106,19.81,19.1,19.07,21.42,1024,48,1.84,189,69,0.0,Clouds,broken clouds,15
Pilisjászfalu,47.656111,18.797778,2026-09-26 15:37:57.255077,19.92,19.19,19.32,21.67,1024,47,1.98,185,67,0.0,Clouds,broken clouds,15
Leányvár,47.687594,18.772553,2026-09-26 15:37:58.419447,20.1,19.45,19.49,20.51,1024,49,1.56,183,65,0.0,Clouds,broken clouds,15
Dorog,47.723333,18.732778,2026-09-26 15:37:59.590399,20.47,19.88,19.71,21.97,1024,50,0.3,237,64,0.0,Clouds,broken clouds,15
Esztergom-Kertváros,47.743333,18.719167,2026-09-26 15:38:00.757809,20.65,20.08,19.78,20.65,1024,50,0.3,237,64,0.0,Clouds,broken clouds,15
Esztergom,47.7775,18.743611,2026-09-26 15:38:01.926173,20.7,20.13,19.84,20.7,1024,50,0.3,237,66,0.0,Clouds,broken clouds,15
Dunaalmás,47.733056,18.326389,2026-09-26 15:38:03.098324,19.7,19.06,19.7,19.7,1024,51,1.37,17,35,0.0,Clouds,scattered clouds,15
Neszmély,47.734444,18.345278,2026-09-26 15:38:04.267914,19.7,19.06,19.7,19.7,1024,51,1.37,17,35,0.0,Clouds,scattered clouds,15
Süttő,47.761111,18.455,2026-09-26 15:38:05.435137,20.71,20.19,20.71,20.71,1024,52,1.74,11,58,0.0,Clouds,broken clouds,15
Piszke,47.75307,18.478017,2026-09-26 15:38:06.598394,20.71,20.14,20.71,20.71,1024,50,1.67,9,61,0.0,Clouds,broken clouds,15
Lábatlan,47.751944,18.513333,2026-09-26 15:38:07.769591,20.56,19.98,20.56,20.56,1024,50,1.52,9,62,0.0,Clouds,broken clouds,15
Eternitgyár,47.755544,18.530014,2026-09-26 15:38:08.933759,20.62,20.04,20.62,20.62,1024,50,1.52,9,62,0.0,Clouds,broken clouds,15
Nyergesújfalu felső,47.762222,18.540556,2026-09-26 15:38:10.103091,20.69,20.12,20.69,20.69,1024,50,1.52,9,62,0.0,Clouds,broken clouds,15
Nyergesújfalu,47.761111,18.561667,2026-09-26 15:38:11.268320,20.68,20.11,20.68,20.68,1024,50,1.32,9,62,0.0,Clouds,broken clouds,15
Tokod,47.735,18.675,2026-09-26 15:38:12.442089,20.66,20.09,19.8,20.66,1024,50,0.3,237,64,0.0,Clouds,broken clouds,15
Környe,47.541667,18.330278,2026-09-26 15:38:13.622011,19.33,18.62,19.33,19.33,1024,50,1.36,200,44,0.0,Clouds,scattered clouds,15
Kecskéd alsó,47.519722,18.316667,2026-09-26 15:38:14.800098,19.36,18.6,19.36,19.36,1024,48,1.83,190,37,0.0,Clouds,scattered clouds,15
Oroszlány,47.486944,18.308611,2026-09-26 15:38:15.974581,19.27,18.51,19.27,19.27,1024,48,2.1,188,35,0.0,Clouds,scattered clouds,15
Győrszabadhegy,47.663056,17.648056,2026-09-26 15:38:17.136771,21.58,21.28,21.36,22.08,1024,57,1.54,0,71,0.0,Clouds,broken clouds,15
Ménfőcsanak felső,47.638333,17.615,2026-09-26 15:38:18.310296,21.54,21.13,21.36,22.08,1024,53,1.54,0,73,0.0,Clouds,broken clouds,15
Gyömöre-Tét,47.501672,17.559596,2026-09-26 15:38:19.475198,21.17,20.39,21.03,21.91,1024,40,1.54,240,79,0.0,Clouds,broken clouds,15
Szerecseny,47.469167,17.5475,2026-09-26 15:38:20.643534,21.12,20.33,21.02,21.9,1024,40,1.54,240,78,0.0,Clouds,broken clouds,15
Gecse-Gyarmat,47.456111,17.515,2026-09-26 15:38:21.808317,21.14,20.35,21.05,21.94,1024,40,1.54,240,77,0.0,Clouds,broken clouds,15
Vaszar,47.4025,17.496389,2026-09-26 15:38:22.974722,21.08,20.29,21.08,21.24,1024,40,1.54,240,72,0.0,Clouds,broken clouds,15
Pápa,47.340556,17.458889,2026-09-26 15:38:24.145530,21.03,20.23,21.03,21.2,1024,40,1.54,240,62,0.0,Clouds,broken clouds,15
Mezőlak,47.324722,17.371389,2026-09-26 15:38:25.310739,21.11,20.32,21.11,21.27,1024,40,1.54,240,55,0.0,Clouds,broken clouds,15
Mihályháza,47.318889,17.331667,2026-09-26 15:38:26.476416,21.14,20.35,21.14,21.14,1024,40,1.54,240,49,0.0,Clouds,scattered clouds,15
Vinár,47.306667,17.284722,2026-09-26 15:38:27.644746,21.1,20.31,21.1,21.1,1024,40,1.54,240,47,0.0,Clouds,scattered clouds,15
Külsővat,47.279167,17.219722,2026-09-26 15:38:28.812171,21.12,20.62,21.12,21.12,1024,51,2.43,162,40,0.0,Clouds,scattered clouds,15
Celldömölk,47.261389,17.151944,2026-09-26 15:38:29.984316,21.07,20.56,21.07,21.07,1024,51,2.75,156,35,0.0,Clouds,scattered clouds,15
Kemenesmihályfa,47.278056,17.111111,2026-09-26 15:38:31.149487,19.93,19.31,19.93,19.93,1024,51,2.81,154,38,0.0,Clouds,scattered clouds,15
Nagysimonyi,47.265556,17.058889,2026-09-26 15:38:32.316490,20.09,19.49,20.09,20.09,1024,51,2.79,153,34,0.0,Clouds,scattered clouds,15
Ostffyasszonyfa,47.283889,17.023889,2026-09-26 15:38:33.483254,20.23,19.64,20.23,20.23,1024,51,2.6,152,34,0.0,Clouds,scattered clouds,15
Sárvár,47.259167,16.928889,2026-09-26 15:38:34.647971,20.47,19.96,20.47,20.47,1024,53,1.91,158,22,0.0,Clouds,few clouds,15
Porpác,47.238611,16.8325,2026-09-26 15:38:35.812431,19.73,19.17,19.73,19.73,1024,54,1.64,163,15,0.0,Clouds,few clouds,15
Balatonföldvár,46.853889,17.881389,2026-09-26 15:38:36.982349,21.59,21.4,21.59,21.59,1025,61,0.95,41,19,0.0,Clouds,few clouds,15
Balatonszárszó,46.832222,17.830278,2026-09-26 15:38:38.160141,21.61,21.39,21.61,21.61,1025,60,0.83,24,17,0.0,Clouds,few clouds,15
Balatonszemes,46.811944,17.776389,2026-09-26 15:38:39.334689,21.59,21.4,21.59,21.59,1025,61,0.87,345,13,0.0,Clouds,few clouds,15
Balatonlelle felső,46.793889,17.7175,2026-09-26 15:38:40.497724,21.61,21.37,21.61,21.61,1025,59,1.62,325,5,0.0,Clear,clear sky,15
Balatonlelle,46.7875,17.694167,2026-09-26 15:38:41.669022,21.58,21.28,21.58,21.58,1025,57,1.93,325,3,0.0,Clear,clear sky,15
Fonyódliget,46.759167,17.592222,2026-09-26 15:38:42.836057,20.72,20.28,20.72,20.72,1025,55,1.96,334,5,0.0,Clear,clear sky,15
Balatonboglár,46.776111,17.647222,2026-09-26 15:38:44.001701,20.73,20.32,20.73,20.73,1025,56,2.04,327,3,0.0,Clear,clear sky,15
Balatonfenyves alsó,46.708611,17.455278,2026-09-26 15:38:45.166142,21.09,20.66,21.09,21.09,1025,54,1.48,39,14,0.0,Clouds,few clouds,15
Fonyód,46.750278,17.558889,2026-09-26 15:38:46.334034,20.71,20.25,20.71,20.71,1025,54,1.52,356,12,0.0,Clouds,few clouds,15
Bélatelep,46.737778,17.535,2026-09-26 15:38:47.500217,21.11,20.69,21.11,21.11,1025,54,1.49,12,13,0.0,Clouds,few clouds,15
Alsóbélatelep,46.724167,17.516389,2026-09-26 15:38:48.671255,21.08,20.65,21.08,21.08,1025,54,1.49,12,13,0.0,Clouds,few clouds,15
Balatonfenyves,46.713611,17.482778,2026-09-26 15:38:49.829957,21.08,20.5,21.08,21.08,1025,48,1.02,27,8,0.0,Clear,clear sky,15
Máriahullámtelep,46.704722,17.435,2026-09-26 15:38:50.997245,21.09,20.66,21.09,21.09,1025,54,1.48,39,14,0.0,Clouds,few clouds,15
Balatonmáriafürdő,46.704167,17.374722,2026-09-26 15:38:52.163653,21.08,20.29,21.08,21.08,1025,40,1.03,0,18,0.0,Clouds,few clouds,15
Balatonberény,46.713889,17.316944,2026-09-26 15:38:53.331286,21.05,20.25,21.05,21.05,1025,40,1.03,0,17,0.0,Clouds,few clouds,15
Balatonszentgyörgy,46.692778,17.288889,2026-09-26 15:38:54.500435,21.08,20.29,21.08,21.08,1024,40,1.03,0,11,0.0,Clouds,few clouds,15
Vörs,46.663611,17.260278,2026-09-26 15:38:55.666754,21.07,20.28,21.07,21.07,1024,40,1.03,0,6,0.0,Clear,clear sky,15
Zalaszentjakab,46.491667,17.135278,2026-09-26 15:38:56.831705,20.93,20.49,20.93,20.93,1024,54,0.64,143,8,0.0,Clear,clear sky,15
Nagykanizsa,46.440833,16.986667,2026-09-26 15:38:58.002065,20.75,20.32,20.75,20.75,1024,55,1.17,148,7,0.0,Clear,clear sky,15
Murakeresztúr,46.363889,16.876944,2026-09-26 15:38:59.167083,20.8,20.37,20.8,20.8,1024,55,1.17,154,9,0.0,Clear,clear sky,15
Zalakomár,46.530278,17.188056,2026-09-26 15:39:00.334645,20.93,20.12,20.93,20.93,1024,40,1.03,0,8,0.0,Clear,clear sky,15
Szárazrét,47.200833,18.381111,2026-09-26 15:39:01.503488,19.82,19.24,19.82,19.82,1025,53,0.98,184,36,0.0,Clouds,scattered clouds,15
Bodajk,47.318333,18.251944,2026-09-26 15:39:02.671391,19.63,18.98,19.63,19.63,1025,51,1.1,216,25,0.0,Clouds,scattered clouds,15
Csókakő,47.3275,18.240556,2026-09-26 15:39:03.848336,19.29,18.61,19.29,19.29,1025,51,1.28,206,25,0.0,Clouds,scattered clouds,15
Mór,47.369167,18.189167,2026-09-26 15:39:05.008406,19.54,18.8,19.54,19.54,1025,48,1.96,190,14,0.0,Clouds,few clouds,15
Bakonysárkány,47.443611,18.103611,2026-09-26 15:39:06.173739,21.33,20.72,21.33,21.33,1024,46,2.34,169,14,0.0,Clouds,few clouds,15
Kisbér,47.494167,18.024722,2026-09-26 15:39:07.348052,21.64,21.17,21.64,21.64,1024,50,0.48,158,23,0.0,Clouds,few clouds,15
Nagyigmánd-Bábolna,47.630556,18.050833,2026-09-26 15:39:08.514098,21.99,21.29,21.99,21.99,1024,40,1.54,0,32,0.0,Clouds,scattered clouds,15
Budapest-Déli,47.498889,19.025,2026-09-26 15:39:09.677923,21.34,20.73,19.71,22.06,1024,46,2.57,170,71,0.0,Clouds,broken clouds,15
Budapest-Kelenföld,47.464444,19.02,2026-09-26 15:39:10.845952,21.49,20.9,19.82,22.16,1024,46,2.57,170,68,0.0,Clouds,broken clouds,15
Budaörs,47.4475,18.965,2026-09-26 15:39:12.013768,21.27,20.65,19.73,22.07,1024,46,1.94,194,71,0.0,Clouds,broken clouds,15
Biatorbágy,47.480278,18.834444,2026-09-26 15:39:13.189308,20.85,20.17,19.37,21.72,1024,45,1.29,180,70,0.0,Clouds,broken clouds,15
Herceghalom,47.493611,18.746111,2026-09-26 15:39:14.356989,21.03,20.39,19.63,21.97,1024,46,1.46,178,69,0.0,Clouds,broken clouds,15
Bicske,47.484167,18.6175,2026-09-26 15:39:15.521285,20.95,20.2,19.43,21.69,1024,42,1.57,174,66,0.0,Clouds,broken clouds,15
Szár,47.485,18.5275,2026-09-26 15:39:16.697756,20.89,20.29,19.22,21.48,1024,48,1.5,184,66,0.0,Clouds,broken clouds,15
Szárliget,47.518333,18.495833,2026-09-26 15:39:17.867941,21.29,20.75,20.05,21.29,1024,49,1.49,190,66,0.0,Clouds,broken clouds,15
Alsógalla,47.563337,18.425102,2026-09-26 15:39:19.036589,19.28,18.6,19.28,19.28,1024,51,0.94,217,57,0.0,Clouds,broken clouds,15
Tatabánya,47.585556,18.393056,2026-09-26 15:39:20.205786,19.39,18.77,19.39,19.39,1024,53,0.52,247,52,0.0,Clouds,broken clouds,15
Vértesszőlős,47.619444,18.375278,2026-09-26 15:39:21.369499,19.44,18.82,19.44,19.44,1024,53,0.54,312,51,0.0,Clouds,broken clouds,15
Tóvároskert,47.646111,18.348611,2026-09-26 15:39:22.538314,19.51,18.9,19.51,19.51,1024,53,0.89,346,42,0.0,Clouds,scattered clouds,15
Tata,47.665,18.3275,2026-09-26 15:39:23.701941,19.52,18.89,19.52,19.52,1024,52,1.21,358,40,0.0,Clouds,scattered clouds,15
Almásfüzitő,47.725278,18.262222,2026-09-26 15:39:24.868123,19.75,19.14,19.75,19.75,1024,52,1.0,22,27,0.0,Clouds,scattered clouds,15
Almásfüzitő felső,47.731389,18.216389,2026-09-26 15:39:26.033318,21.7,21.31,21.7,21.7,1024,53,0.57,33,21,0.0,Clouds,few clouds,15
Szőny,47.735556,18.1775,2026-09-26 15:39:27.196082,21.73,21.34,21.73,22.12,1024,53,0.4,41,20,0.0,Clouds,few clouds,15
Komárom,47.749444,18.113611,2026-09-26 15:39:28.367394,22.13,21.81,21.74,22.13,1024,54,0.13,86,28,0.0,Clouds,scattered clouds,15
Ács,47.717222,18.004444,2026-09-26 15:39:29.533586,22.05,21.36,21.54,22.05,1024,40,1.54,0,53,0.0,Clouds,broken clouds,15
Nagyszentjános,47.705556,17.871389,2026-09-26 15:39:30.695802,21.92,21.39,21.23,22.05,1024,47,1.54,0,76,0.0,Clouds,broken clouds,15
Győrszentiván,47.688611,17.745556,2026-09-26 15:39:31.867892,21.79,21.33,21.24,22.06,1024,50,1.54,0,81,0.0,Clouds,broken clouds,15
Győr-Gyárváros,47.684444,17.663889,2026-09-26 15:39:33.035535,21.62,21.27,21.28,22.1,1024,55,1.54,0,75,0.0,Clouds,broken clouds,15
Győr,47.681944,17.634722,2026-09-26 15:39:34.214132,21.55,21.25,21.24,22.06,1024,57,1.54,0,71,0.0,Clouds,broken clouds,15
Öttevény,47.719722,17.489167,2026-09-26 15:39:35.393593,21.52,21.27,21.26,22.08,1024,59,0.62,202,32,0.0,Clouds,scattered clouds,15
Lébény-Mosonszentmiklós,47.755278,17.426389,2026-09-26 15:39:36.570367,21.56,21.31,21.25,21.56,1024,59,0.69,191,15,0.0,Clouds,few clouds,15
Kimle-Károlyháza,47.803889,17.342778,2026-09-26 15:39:37.736735,21.57,21.17,21.57,21.57,1024,53,1.24,166,9,0.0,Clear,clear sky,15
Mosonmagyaróvár,47.849722,17.267222,2026-09-26 15:39:38.905047,21.15,20.65,21.15,21.72,1024,51,1.9,154,5,0.0,Clear,clear sky,15
Levél,47.889722,17.1925,2026-09-26 15:39:40.083632,21.12,20.62,21.12,21.69,1024,51,1.95,153,4,0.0,Clear,clear sky,15
Hegyeshalom,47.913889,17.145556,2026-09-26 15:39:41.255477,21.29,20.83,20.01,21.66,1024,52,1.68,156,4,0.0,Clear,clear sky,15
Óbuda,47.568611,19.033889,2026-09-26 15:39:42.424517,21.15,20.55,19.86,22.2,1024,47,0.89,191,75,0.0,Clouds,broken clouds,15
Üröm,47.580556,19.002222,2026-09-26 15:39:43.588319,20.95,20.3,19.75,22.1,1024,46,0.89,191,75,0.0,Clouds,broken clouds,15
Solymár,47.596111,18.95,2026-09-26 15:39:44.755805,20.58,19.92,19.57,21.91,1024,47,1.53,183,75,0.0,Clouds,broken clouds,15
Pilisvörösvár,47.614444,18.902222,2026-09-26 15:39:45.921456,19.81,19.07,19.21,21.56,1024,47,1.66,188,73,0.0,Clouds,broken clouds,15
Klotildliget,47.637778,18.846389,2026-09-26 15:39:47.104623,19.63,18.9,18.95,21.29,1024,48,1.84,189,69,0.0,Clouds,broken clouds,15
Kútvölgy,46.459444,20.451944,2026-09-26 15:39:48.269000,20.01,19.37,20.01,20.01,1024,50,0.79,317,19,0.0,Clouds,few clouds,15
Székkutas,46.503889,20.541111,2026-09-26 15:39:49.438015,19.99,19.35,19.99,19.99,1024,50,0.69,311,31,0.0,Clouds,scattered clouds,15
Kaposszentjakab,46.358056,17.821944,2026-09-26 15:39:50.613148,20.33,19.96,20.33,20.33,1025,59,0.73,249,13,0.0,Clouds,few clouds,15
Kaposvár,46.352778,17.795,2026-09-26 15:39:51.780975,20.2,19.79,20.2,20.2,1025,58,0.62,224,10,0.0,Clear,clear sky,15
Kaposújlak,46.366667,17.715,2026-09-26 15:39:52.945830,20.3,19.87,20.3,20.3,1025,57,1.11,172,2,0.0,Clear,clear sky,15
Kaposmérő,46.365278,17.698889,2026-09-26 15:39:54.110308,20.25,19.79,20.25,20.25,1025,56,1.33,171,1,0.0,Clear,clear sky,15
Kaposfő,46.364167,17.656667,2026-09-26 15:39:55.279291,20.22,19.76,20.22,20.22,1025,56,1.47,172,1,0.0,Clear,clear sky,15
Kiskorpád,46.361389,17.606667,2026-09-26 15:39:56.454005,20.15,19.68,20.15,20.15,1025,56,1.57,173,1,0.0,Clear,clear sky,15
Jákó-Nagybajom,46.344444,17.554444,2026-09-26 15:39:57.625300,20.17,19.68,20.17,20.17,1025,55,1.81,180,3,0.0,Clear,clear sky,15
Kutas,46.326111,17.453889,2026-09-26 15:39:58.791562,20.38,19.91,20.38,20.38,1025,55,1.54,183,7,0.0,Clear,clear sky,15
Beleg,46.316944,17.420556,2026-09-26 15:39:59.957193,20.42,19.95,20.42,20.42,1025,55,1.3,176,8,0.0,Clear,clear sky,15
Ötvöskónyi,46.292778,17.358056,2026-09-26 15:40:01.137269,20.42,19.98,20.42,20.42,1025,56,1.14,162,8,0.0,Clear,clear sky,15
Somogyszob,46.289167,17.305556,2026-09-26 15:40:02.306218,20.4,19.96,20.4,20.4,1024,56,1.15,155,11,0.0,Clouds,few clouds,15
Bolhás,46.282222,17.275278,2026-09-26 15:40:03.477642,20.39,19.97,20.39,20.39,1024,57,1.19,151,13,0.0,Clouds,few clouds,15
Szenta,46.274167,17.182222,2026-09-26 15:40:04.649966,20.42,20.03,20.42,20.42,1024,58,1.23,149,15,0.0,Clouds,few clouds,15
Zrínyitelep,46.275278,17.138056,2026-09-26 15:40:05.823027,20.42,20.06,20.42,20.42,1024,59,1.25,147,15,0.0,Clouds,few clouds,15
Csurgó,46.261111,17.091667,2026-09-26 15:40:06.989060,20.56,20.21,20.56,20.56,1024,59,1.24,141,13,0.0,Clouds,few clouds,15
Gyékényes,46.249167,16.956389,2026-09-26 15:40:08.153214,20.48,20.1,20.48,20.48,1024,58,1.18,140,7,0.0,Clear,clear sky,15
Adony,47.106111,18.847778,2026-09-26 15:40:09.326816,19.66,19.01,19.66,19.66,1025,51,1.5,51,73,0.0,Clouds,broken clouds,15
Kulcs,47.051111,18.8975,2026-09-26 15:40:10.496917,19.41,18.74,19.41,19.41,1025,51,2.26,81,70,0.0,Clouds,broken clouds,15
Rácalmás,47.023333,18.908889,2026-09-26 15:40:11.662304,19.38,18.71,19.38,19.38,1024,51,2.23,82,68,0.0,Clouds,broken clouds,15
Dunaújváros,46.960556,18.913889,2026-09-26 15:40:12.833548,19.44,18.77,19.44,19.44,1024,51,2.01,83,61,0.0,Clouds,broken clouds,15
Újvenyim,46.936944,18.868889,2026-09-26 15:40:13.999357,19.58,18.93,19.58,19.58,1024,51,1.49,86,56,0.0,Clouds,broken clouds,15
Mezőfalva,46.905556,18.810278,2026-09-26 15:40:15.173078,19.69,19.02,19.69,19.69,1024,50,0.72,90,48,0.0,Clouds,scattered clouds,15
Nagykarácsony felső,46.866047,18.783064,2026-09-26 15:40:16.350136,19.86,19.23,19.86,19.86,1024,51,0.56,113,40,0.0,Clouds,scattered clouds,15
Nagykarácsony,46.848729,18.765722,2026-09-26 15:40:17.517385,19.76,19.15,19.76,19.76,1024,52,0.49,147,37,0.0,Clouds,scattered clouds,15
Alap,46.831944,18.657778,2026-09-26 15:40:18.687941,20.13,19.58,20.13,20.13,1024,53,0.63,189,35,0.0,Clouds,scattered clouds,15
Cece,46.773333,18.623333,2026-09-26 15:40:19.859015,20.24,19.7,20.24,20.24,1025,53,1.09,189,28,0.0,Clouds,scattered clouds,15
Vajta,46.713611,18.648056,2026-09-26 15:40:21.052499,20.22,19.68,20.22,20.22,1025,53,1.23,192,22,0.0,Clouds,few clouds,15
Rétszilas alsó,46.829167,18.639444,2026-09-26 15:40:22.219118,20.13,19.58,20.13,20.13,1024,53,0.63,189,35,0.0,Clouds,scattered clouds,15
Nagydorog,46.615485,18.65002,2026-09-26 15:40:23.388182,20.25,19.74,20.25,20.25,1025,54,0.8,196,15,0.0,Clouds,few clouds,15
Tengelic,46.516111,18.695278,2026-09-26 15:40:24.561539,20.14,19.59,20.14,20.14,1025,53,0.95,197,15,0.0,Clouds,few clouds,15
Fácánkert,46.449041,18.735661,2026-09-26 15:40:25.724933,20.23,19.64,20.23,20.23,1025,51,1.87,206,13,0.0,Clouds,few clouds,15
Tolna-Mözs,46.416389,18.750556,2026-09-26 15:40:26.900220,20.2,19.61,20.2,20.2,1025,51,2.08,216,9,0.0,Clear,clear sky,15
Szekszárd-Palánk,46.38027777777778,18.72833333333333,2026-09-26 15:40:28.065529,21.24,20.78,21.24,21.24,1025,52,1.96,212,9,0.0,Clear,clear sky,15
Szekszárd,46.349444,18.7125,2026-09-26 15:40:29.236691,21.23,20.79,21.23,21.23,1025,53,1.65,217,7,0.0,Clear,clear sky,15
Őcsény,46.318889,18.7425,2026-09-26 15:40:30.400330,21.26,20.88,21.26,21.26,1025,55,1.2,251,5,0.0,Clear,clear sky,15
Decs,46.283889,18.756111,2026-09-26 15:40:31.563165,21.24,20.88,21.24,21.24,1025,56,0.94,269,4,0.0,Clear,clear sky,15
Csikóstőttős,46.337222,18.152778,2026-09-26 15:40:32.726500,20.42,19.93,20.42,20.42,1025,54,1.33,122,62,0.0,Clouds,broken clouds,15
Mágocs-Alsómocsolád,46.31027777777778,18.222222222222225,2026-09-26 15:40:33.935505,19.82,19.22,19.82,19.82,1025,52,2.02,116,71,0.0,Clouds,broken clouds,15
Szalatnak,46.284444444444446,18.288611111111113,2026-09-26 15:40:35.136242,20.05,19.47,20.05,20.05,1025,52,2.39,103,38,0.0,Clouds,scattered clouds,15
Máza-Szászvár,46.279167,18.411389,2026-09-26 15:40:36.331343,22.58,22.3,22.58,22.58,1025,54,1.76,98,14,0.0,Clouds,few clouds,15
Váralja,46.281667,18.436111,2026-09-26 15:40:37.500149,22.66,22.42,22.66,22.66,1025,55,0.97,95,3,0.0,Clear,clear sky,15
Nagymányok,46.280278,18.459167,2026-09-26 15:40:38.663324,22.74,22.51,22.74,22.74,1025,55,0.97,95,3,0.0,Clear,clear sky,15
Hidas-Bonyhád,46.269444,18.523333,2026-09-26 15:40:39.827987,22.74,22.51,22.74,22.74,1025,55,0.44,99,2,0.0,Clear,clear sky,15
Mőcsény,46.2575,18.591944,2026-09-26 15:40:40.997896,22.73,22.49,22.73,22.73,1025,55,0.09,360,2,0.0,Clear,clear sky,15
Bátaszék,46.202222,18.715556,2026-09-26 15:40:42.178425,21.23,20.53,21.23,23.02,1025,43,0.35,333,2,0.0,Clear,clear sky,15
Pörböly,46.199167,18.826389,2026-09-26 15:40:43.345401,21.25,20.55,21.25,21.25,1025,43,1.02,304,6,0.0,Clear,clear sky,15
Orosháza,46.566111,20.664722,2026-09-26 15:40:44.510967,20.47,19.9,20.47,20.47,1024,51,0.64,354,33,0.0,Clouds,scattered clouds,15
Orosházi tanyák,46.596944,20.760556,2026-09-26 15:40:45.690696,21.08,20.52,21.08,21.08,1024,49,1.67,37,16,0.0,Clouds,few clouds,15
Csorvás,46.623611,20.840833,2026-09-26 15:40:46.854941,21.06,20.45,21.06,21.06,1024,47,2.2,36,7,0.0,Clear,clear sky,15
Csorvás alsó,46.634722,20.888333,2026-09-26 15:40:48.019661,21.08,20.29,21.08,21.08,1024,40,2.19,33,4,0.0,Clear,clear sky,15
Telekgerendás,46.656111,20.963889,2026-09-26 15:40:49.185176,21.08,20.29,21.08,21.08,1024,40,1.86,23,3,0.0,Clear,clear sky,15
Fürjes,46.67214,21.02306,2026-09-26 15:40:50.355268,21.08,20.29,21.08,21.08,1025,40,0.89,325,4,0.0,Clear,clear sky,15
Fényes,46.659876,21.16618,2026-09-26 15:40:51.519706,21.11,20.32,21.11,21.11,1025,40,0.89,325,5,0.0,Clear,clear sky,15
Bicere,46.66,21.179444,2026-09-26 15:40:52.691329,20.55,19.7,20.55,20.55,1024,40,0.89,315,5,0.0,Clear,clear sky,15
Gyula,46.656389,21.273333,2026-09-26 15:40:53.859439,20.54,19.69,20.54,20.54,1024,40,2.46,4,4,0.0,Clear,clear sky,15
József Szanatórium,46.704722,21.3325,2026-09-26 15:40:55.024364,20.53,19.68,20.53,20.53,1025,40,2.41,3,2,0.0,Clear,clear sky,15
Sarkadi Cukorgyár,46.73,21.383611,2026-09-26 15:40:56.190461,20.54,19.69,20.54,20.54,1024,40,2.26,1,1,0.0,Clear,clear sky,15
Sarkad,46.736944,21.402222,2026-09-26 15:40:57.357565,20.53,19.81,20.53,20.53,1024,45,2.21,2,1,0.0,Clear,clear sky,15
Kötegyán,46.758333,21.479722,2026-09-26 15:40:58.527239,20.53,19.81,20.53,20.53,1024,45,1.97,7,1,0.0,Clear,clear sky,15
Méhkerék,46.774444,21.455556,2026-09-26 15:40:59.691202,20.53,19.81,20.53,20.53,1024,45,2.03,359,1,0.0,Clear,clear sky,15
Sarkadkeresztúr,46.823611,21.4175,2026-09-26 15:41:00.865141,20.55,19.84,20.55,20.55,1024,45,2.01,355,1,0.0,Clear,clear sky,15
Okány,46.8925,21.339167,2026-09-26 15:41:02.047457,20.55,19.84,20.55,20.55,1025,45,1.6,9,1,0.0,Clear,clear sky,15
Újszeged,46.242222,20.16,2026-09-26 15:41:03.218952,21.19,20.77,21.19,22.14,1025,54,0.61,320,4,0.0,Clear,clear sky,15
Szőreg,46.211389,20.183056,2026-09-26 15:41:04.383094,21.18,20.74,21.18,22.13,1025,53,1.08,327,3,0.0,Clear,clear sky,15
Deszk,46.210278,20.246389,2026-09-26 15:41:05.558814,21.19,20.72,21.19,21.19,1025,52,1.77,319,5,0.0,Clear,clear sky,15
Kiszombor,46.191944,20.413056,2026-09-26 15:41:06.722347,20.35,19.82,20.35,20.35,1025,53,1.53,328,10,0.0,Clear,clear sky,15
Kiszombor megálló,46.191111,20.430833,2026-09-26 15:41:07.892817,20.35,19.82,20.35,20.35,1025,53,1.53,328,10,0.0,Clear,clear sky,15
Makó,46.204722,20.474722,2026-09-26 15:41:09.067616,20.36,19.84,20.36,20.36,1024,53,1.42,336,11,0.0,Clouds,few clouds,15
Apátfalva,46.175193,20.580611,2026-09-26 15:41:10.240658,20.48,19.97,20.48,20.48,1024,53,1.41,5,13,0.0,Clouds,few clouds,15
Magyarcsanád,46.174444,20.610278,2026-09-26 15:41:11.418947,20.5,19.99,20.5,20.5,1024,53,1.51,4,14,0.0,Clouds,few clouds,15
Nagylak,46.17,20.708333,2026-09-26 15:41:12.586250,21.77,21.39,21.77,21.77,1024,53,1.85,353,26,0.0,Clouds,scattered clouds,15
Nagylaki Kendergyár,46.189167,20.717222,2026-09-26 15:41:13.752454,21.76,21.38,21.76,21.76,1024,53,1.8,353,20,0.0,Clouds,few clouds,15
Csanádpalota,46.236111,20.7325,2026-09-26 15:41:14.922503,21.75,21.36,21.75,21.75,1024,53,1.76,351,14,0.0,Clouds,few clouds,15
Mezőhegyes,46.310833,20.815556,2026-09-26 15:41:16.095520,21.69,21.27,21.69,21.69,1024,52,1.63,329,3,0.0,Clear,clear sky,15
Végegyháza,46.384444,20.878611,2026-09-26 15:41:17.260516,21.71,21.29,21.71,21.71,1024,52,1.26,330,11,0.0,Clouds,few clouds,15
Mezőkovácsháza,46.408333,20.9,2026-09-26 15:41:18.429123,21.71,21.29,21.71,21.71,1024,52,1.19,335,13,0.0,Clouds,few clouds,15
Mezőkovácsháza felső,46.415556,20.918056,2026-09-26 15:41:19.595292,21.72,21.31,21.72,21.72,1024,52,1.37,350,12,0.0,Clouds,few clouds,15
Magyarbánhegyes,46.451389,20.97,2026-09-26 15:41:20.759120,20.5,19.91,20.5,20.5,1024,50,1.55,3,10,0.0,Clear,clear sky,15
Medgyesegyháza,46.495278,21.029167,2026-09-26 15:41:21.929968,20.48,19.84,20.48,20.48,1024,48,2.08,13,3,0.0,Clear,clear sky,15
Bánkút,46.505278,21.091944,2026-09-26 15:41:23.106706,20.5,19.65,20.5,20.5,1024,40,2.15,11,2,0.0,Clear,clear sky,15
Belsőperegpuszta,46.321111,20.916667,2026-09-26 15:41:24.271912,21.69,21.3,21.69,21.69,1024,53,1.52,339,10,0.0,Clear,clear sky,15
Battonya,46.282222,21.003889,2026-09-26 15:41:25.437211,21.69,22.53,21.69,22.26,1024,100,1.41,359,23,0.0,Clouds,few clouds,15
Baja-Dunafürdő,46.193333,18.919167,2026-09-26 15:41:26.602414,21.24,20.54,21.24,21.24,1025,43,0.92,285,5,0.0,Clear,clear sky,15
Kaposszekcső,46.330556,18.143056,2026-09-26 15:41:27.765712,20.42,19.93,20.42,20.42,1025,54,1.33,122,62,0.0,Clouds,broken clouds,15
Vásárosdombó,46.310556,18.138889,2026-09-26 15:41:28.931105,20.32,19.79,20.32,20.32,1025,53,1.26,133,77,0.0,Clouds,broken clouds,15
Sásd,46.257222,18.104722,2026-09-26 15:41:30.112211,20.22,19.68,20.22,20.22,1025,53,1.1,179,81,0.0,Clouds,broken clouds,15
Godisa,46.223333,18.104722,2026-09-26 15:41:31.328519,20.4,19.91,20.4,20.4,1025,54,1.15,188,81,0.0,Clouds,broken clouds,15
Abaliget,46.152778,18.073611,2026-09-26 15:41:32.530941,20.01,19.53,20.01,20.01,1025,56,1.66,215,44,0.0,Clouds,scattered clouds,15
Hetvehely,46.128333,18.045,2026-09-26 15:41:33.735506,20.2,19.74,20.2,20.2,1025,56,1.64,212,28,0.0,Clouds,scattered clouds,15
Bükkösd,46.113056,17.999444,2026-09-26 15:41:35.415765,20.36,19.94,20.36,20.36,1025,57,1.53,206,24,0.0,Clouds,few clouds,15
Cserdi-Helesfa,46.086667,17.987778,2026-09-26 15:41:36.610765,20.44,20.03,20.44,20.44,1025,57,1.5,203,16,0.0,Clouds,few clouds,15
Szentlőrinc,46.033333,17.990833,2026-09-26 15:41:37.775421,20.5,19.78,20.5,20.5,1025,45,2.06,140,10,0.0,Clear,clear sky,15
Bicsérd,46.041389,18.057778,2026-09-26 15:41:38.953550,20.41,19.68,20.41,20.41,1025,45,2.06,140,14,0.0,Clouds,few clouds,15
Mecsekalja-Cserkút,46.059722,18.150278,2026-09-26 15:41:40.119896,20.54,19.82,20.54,22.88,1025,45,2.06,140,19,0.0,Clouds,few clouds,15
Pécs,46.065833,18.223611,2026-09-26 15:41:41.286603,20.81,20.07,20.38,22.8,1025,43,2.06,140,17,0.0,Clouds,few clouds,15
Pécs-Külváros,46.071667,18.24,2026-09-26 15:41:42.452256,20.87,20.11,20.36,22.77,1025,42,2.06,140,17,0.0,Clouds,few clouds,15
Pécsbánya-Rendező,46.063333,18.270278,2026-09-26 15:41:43.616900,20.81,20.04,20.2,22.62,1025,42,2.06,140,15,0.0,Clouds,few clouds,15
Pécsudvard,46.01,18.275556,2026-09-26 15:41:44.785025,20.4,19.62,20.13,22.54,1025,43,2.06,140,16,0.0,Clouds,few clouds,15
Szőkéd,45.9675,18.29,2026-09-26 15:41:45.955493,20.4,19.64,20.31,22.73,1025,44,2.06,140,17,0.0,Clouds,few clouds,15
Áta,45.936389,18.306944,2026-09-26 15:41:47.125300,20.49,19.82,20.42,22.83,1025,47,2.06,140,17,0.0,Clouds,few clouds,15
Kistótfalu,45.909722,18.315278,2026-09-26 15:41:48.289405,20.88,20.22,19.73,22.87,1025,46,2.06,140,18,0.0,Clouds,few clouds,15
Vokány,45.899722,18.334722,2026-09-26 15:41:49.453892,20.81,20.15,19.69,22.83,1025,46,2.06,140,17,0.0,Clouds,few clouds,15
Palkonya,45.891667,18.393889,2026-09-26 15:41:50.624124,20.83,20.2,19.72,22.86,1025,47,2.06,140,15,0.0,Clouds,few clouds,15
Villánykövesd,45.879722,18.425833,2026-09-26 15:41:51.792012,20.67,20.05,19.68,22.82,1025,48,2.06,140,13,0.0,Clouds,few clouds,15
Villány,45.8775,18.451389,2026-09-26 15:41:52.964365,20.76,20.17,19.8,22.94,1025,49,0.89,124,8,0.0,Clear,clear sky,15
Magyarbóly,45.834167,18.491944,2026-09-26 15:41:54.131824,20.74,20.25,19.85,22.99,1025,53,0.89,124,7,0.0,Clear,clear sky,15
Magyarszék,46.210278,18.188056,2026-09-26 15:41:55.296261,20.25,19.74,20.25,22.58,1025,54,0.92,146,70,0.0,Clouds,broken clouds,15
Mecsekpölöske,46.224167,18.213056,2026-09-26 15:41:56.462589,20.07,19.52,20.07,22.41,1025,53,1.31,117,69,0.0,Clouds,broken clouds,15
Mecsekjánosi,46.215278,18.241944,2026-09-26 15:41:57.641470,20.06,19.51,20.06,22.4,1025,53,1.75,99,41,0.0,Clouds,scattered clouds,15
Komló,46.189167,18.265278,2026-09-26 15:41:58.807165,19.75,19.16,19.75,22.08,1025,53,1.47,98,35,0.0,Clouds,scattered clouds,15
Királyegyháza-Rigópuszta,45.989167,17.971667,2026-09-26 15:41:59.986977,20.58,20.13,20.58,20.58,1025,55,1.56,193,9,0.0,Clear,clear sky,15
Sumony,45.960833,17.913333,2026-09-26 15:42:01.159457,20.61,20.16,20.61,20.61,1025,55,1.33,159,6,0.0,Clear,clear sky,15
Okorág-Kárászpuszta,45.933611,17.864444,2026-09-26 15:42:02.327318,20.62,20.2,20.62,20.62,1025,56,1.36,149,8,0.0,Clear,clear sky,15
Kákics,45.904167,17.8525,2026-09-26 15:42:03.492019,20.26,19.83,20.26,20.26,1025,57,1.37,140,10,0.0,Clear,clear sky,15
Bóly,45.9375,18.538333,2026-09-26 15:42:04.659731,21.35,20.74,20.35,22.77,1025,46,0.89,124,7,0.0,Clear,clear sky,15
Mohács,46.0025,18.683333,2026-09-26 15:42:05.824512,22.49,21.76,20.62,23.03,1025,37,0.52,271,11,0.0,Clouds,few clouds,15
Sellye,45.873333,17.858889,2026-09-26 15:42:06.988886,20.23,19.82,20.23,20.23,1025,58,1.18,126,12,0.0,Clouds,few clouds,15
Toponár,46.398333,17.840833,2026-09-26 15:42:08.152401,20.25,19.9,20.25,20.25,1025,60,0.28,285,13,0.0,Clouds,few clouds,15
Somogyaszaló,46.453611,17.840278,2026-09-26 15:42:09.320120,20.14,19.78,20.14,20.14,1025,60,0.72,51,11,0.0,Clouds,few clouds,15
Mernye,46.509444,17.832222,2026-09-26 15:42:10.494911,20.27,19.89,20.27,20.27,1025,59,1.0,88,7,0.0,Clear,clear sky,15
Felsőmocsolád,46.556389,17.8225,2026-09-26 15:42:11.660037,20.16,19.77,20.16,20.16,1025,59,0.9,108,7,0.0,Clear,clear sky,15
Kisbárapáti,46.615,17.866667,2026-09-26 15:42:13.138269,20.11,19.72,20.11,20.11,1025,59,0.93,167,12,0.0,Clouds,few clouds,15
Bonnya,46.611389,17.909167,2026-09-26 15:42:14.304571,20.37,20.0,20.37,20.37,1025,59,0.94,146,15,0.0,Clouds,few clouds,15
Andocs,46.646944,17.8925,2026-09-26 15:42:15.475759,19.93,19.52,19.93,19.93,1025,59,0.81,176,13,0.0,Clouds,few clouds,15
Karád,46.681111,17.874722,2026-09-26 15:42:16.642046,20.37,20.0,20.37,20.37,1025,59,0.55,185,14,0.0,Clouds,few clouds,15
Somogymeggyes,46.720556,17.920556,2026-09-26 15:42:17.806602,20.02,19.62,20.02,20.02,1025,59,0.12,95,19,0.0,Clouds,few clouds,15
Kapoly,46.713611,17.977778,2026-09-26 15:42:18.969403,20.4,20.06,20.4,20.4,1025,60,0.72,147,22,0.0,Clouds,few clouds,15
Tab,46.734167,18.041111,2026-09-26 15:42:20.134611,20.25,19.92,20.25,20.25,1025,61,0.58,141,22,0.0,Clouds,few clouds,15
Bábonymegyer,46.746095,18.109921,2026-09-26 15:42:21.301961,20.35,20.03,20.35,20.35,1025,61,0.68,158,23,0.0,Clouds,few clouds,15
Daránypuszta,46.764722,18.143889,2026-09-26 15:42:22.472130,20.55,20.25,20.55,20.55,1025,61,0.41,167,23,0.0,Clouds,few clouds,15
Som-Nagyberény,46.803056,18.149444,2026-09-26 15:42:23.638418,20.92,20.66,20.92,20.92,1025,61,0.48,352,21,0.0,Clouds,few clouds,15
Ádánd,46.854444,18.141667,2026-09-26 15:42:24.803384,21.19,20.98,21.19,21.19,1025,62,1.39,348,19,0.0,Clouds,few clouds,15
Siójut,46.879444,18.126667,2026-09-26 15:42:25.967514,21.26,21.06,21.26,21.26,1025,62,1.71,346,18,0.0,Clouds,few clouds,15
Kapostüskevár,46.367778,17.774167,2026-09-26 15:42:27.132009,20.36,19.94,20.36,20.36,1025,57,0.66,195,6,0.0,Clear,clear sky,15
Kaposfüred,46.415,17.759444,2026-09-26 15:42:28.295028,20.22,19.84,20.22,20.22,1025,59,0.48,97,6,0.0,Clear,clear sky,15
Várda,46.4625,17.721667,2026-09-26 15:42:29.466303,20.17,19.76,20.17,20.17,1025,58,1.08,96,2,0.0,Clear,clear sky,15
Somogyjád,46.490833,17.694444,2026-09-26 15:42:30.645396,20.33,19.91,20.33,20.33,1025,57,1.06,94,1,0.0,Clear,clear sky,15
Osztopán,46.515556,17.656944,2026-09-26 15:42:31.835258,20.35,19.9,20.35,20.35,1025,56,0.89,84,2,0.0,Clear,clear sky,15
Pamuk,46.553127,17.636412,2026-09-26 15:42:32.997610,20.51,20.08,20.51,20.51,1025,56,0.72,74,2,0.0,Clear,clear sky,15
Somogyvár,46.580556,17.634722,2026-09-26 15:42:34.161780,20.55,20.12,20.55,20.55,1025,56,0.51,53,2,0.0,Clear,clear sky,15
Öreglak,46.608607,17.632733,2026-09-26 15:42:35.331281,20.57,20.14,20.57,20.57,1025,56,0.45,14,2,0.0,Clear,clear sky,15
Tatárvár,46.636667,17.621111,2026-09-26 15:42:36.496371,20.47,20.03,20.47,20.47,1025,56,0.79,354,2,0.0,Clear,clear sky,15
Lengyeltóti,46.660556,17.613611,2026-09-26 15:42:37.665408,20.57,20.14,20.57,20.57,1025,56,1.06,345,3,0.0,Clear,clear sky,15
Pusztaberény,46.686111,17.594722,2026-09-26 15:42:38.832265,20.7,20.29,20.7,20.7,1025,56,1.34,340,3,0.0,Clear,clear sky,15
Örkény,47.132778,19.447222,2026-09-26 15:42:40.000510,19.18,18.49,19.18,19.18,1025,51,1.15,259,22,0.0,Clouds,few clouds,15
Táborfalva,47.098545,19.479318,2026-09-26 15:42:41.167937,20.88,20.33,20.88,20.88,1025,50,1.41,268,18,0.0,Clouds,few clouds,15
Felsőlajos,47.068834,19.498415,2026-09-26 15:42:42.346326,20.87,20.32,20.87,20.87,1025,50,1.39,272,18,0.0,Clouds,few clouds,15
Lajosmizse,47.028333,19.542778,2026-09-26 15:42:43.519390,20.84,20.1,20.84,20.84,1025,43,1.03,0,14,0.0,Clouds,few clouds,15
Lajosmizse alsó,47.0225,19.550278,2026-09-26 15:42:44.695169,20.85,20.11,20.85,20.85,1025,43,1.03,0,14,0.0,Clouds,few clouds,15
Klábertelep,47.005556,19.551667,2026-09-26 15:42:45.867016,20.86,20.12,20.86,20.86,1025,43,1.03,0,12,0.0,Clouds,few clouds,15
Méntelek,46.978611,19.570833,2026-09-26 15:42:47.038320,20.9,20.17,20.9,20.9,1025,43,1.03,0,10,0.0,Clear,clear sky,15
Hetényegyháza,46.930833,19.595,2026-09-26 15:42:48.202108,20.92,20.19,20.92,20.92,1025,43,1.03,0,5,0.0,Clear,clear sky,15
Kecskemét-Máriaváros,46.901192,19.675913,2026-09-26 15:42:49.373911,20.97,20.25,20.97,20.97,1025,43,1.03,0,5,0.0,Clear,clear sky,15
Nyársapát,47.100278,19.7925,2026-09-26 15:42:50.548387,20.84,20.29,19.38,21.49,1024,50,1.21,40,14,0.0,Clouds,few clouds,15
Nagykőrös,47.038333,19.76,2026-09-26 15:42:51.718814,20.97,20.25,20.97,21.47,1024,43,1.03,0,12,0.0,Clouds,few clouds,15
Katonatelep,46.963056,19.718889,2026-09-26 15:42:52.889337,20.94,20.21,20.94,20.94,1025,43,1.03,0,9,0.0,Clear,clear sky,15
Kecskemét,46.913889,19.700833,2026-09-26 15:42:54.057488,20.97,20.25,20.97,20.97,1025,43,1.03,0,6,0.0,Clear,clear sky,15
Városföld,46.816667,19.753333,2026-09-26 15:42:55.221687,21.03,20.31,21.03,21.03,1025,43,1.03,0,3,0.0,Clear,clear sky,15
Kiskunfélegyháza,46.7067,19.83474,2026-09-26 15:42:56.395578,21.08,20.34,21.08,21.08,1025,42,0.53,217,5,0.0,Clear,clear sky,15
Petőfiszállás,46.617374,19.865229,2026-09-26 15:42:57.559475,21.12,20.38,21.12,21.12,1025,42,0.73,209,7,0.0,Clear,clear sky,15
Csengele,46.538321,19.909008,2026-09-26 15:42:58.727768,21.11,20.37,21.08,21.11,1025,42,0.89,302,4,0.0,Clear,clear sky,15
Kistelek,46.466944,19.966944,2026-09-26 15:42:59.899463,21.14,20.51,21.14,21.16,1025,46,1.99,334,4,0.0,Clear,clear sky,15
Balástya,46.413333,20.001389,2026-09-26 15:43:01.066141,21.14,20.51,21.14,22.08,1025,46,1.95,336,8,0.0,Clear,clear sky,15
Szatymaz,46.345621,20.04374,2026-09-26 15:43:02.229895,21.16,20.53,21.16,22.1,1025,46,0.45,117,11,0.0,Clouds,few clouds,15
Kiskundorozsma,46.271667,20.090556,2026-09-26 15:43:03.399614,21.19,20.57,21.19,22.14,1025,46,0.57,329,7,0.0,Clear,clear sky,15
Szeged,46.239722,20.143056,2026-09-26 15:43:04.561506,21.17,20.54,21.17,22.12,1025,46,0.72,328,3,0.0,Clear,clear sky,15
Alsóúrrét,46.898392,19.779891,2026-09-26 15:43:05.730296,21.01,20.29,21.01,21.02,1025,43,1.03,0,7,0.0,Clear,clear sky,15
Nyárlőrinc,46.87,19.851389,2026-09-26 15:43:06.896832,21.05,20.33,21.05,21.05,1025,43,1.03,0,5,0.0,Clear,clear sky,15
Világoshegy,46.855278,19.940278,2026-09-26 15:43:08.062707,21.08,20.37,21.08,21.08,1025,43,1.03,0,5,0.0,Clear,clear sky,15
Szikra,46.858333,19.975,2026-09-26 15:43:09.224440,21.09,20.38,21.08,21.58,1025,43,1.03,0,5,0.0,Clear,clear sky,15
Lakitelek,46.873056,20.003611,2026-09-26 15:43:10.388636,21.13,20.42,21.13,21.62,1024,43,1.03,0,5,0.0,Clear,clear sky,15
Tiszaug,46.850556,20.074167,2026-09-26 15:43:11.556215,21.08,20.52,20.01,21.7,1024,49,1.31,7,10,0.0,Clear,clear sky,15
Tiszasas,46.826389,20.089167,2026-09-26 15:43:12.722092,20.75,20.16,19.99,21.19,1024,49,1.31,7,10,0.0,Clear,clear sky,15
Csépa,46.8125,20.134722,2026-09-26 15:43:13.890565,19.99,19.51,19.99,21.19,1024,56,1.58,360,13,0.0,Clouds,few clouds,15
Szelevény,46.811944,20.196389,2026-09-26 15:43:15.069441,20.0,19.52,20.0,21.19,1024,56,1.66,360,11,0.0,Clouds,few clouds,15
Gátér,46.685,19.9625,2026-09-26 15:43:16.233744,21.19,20.46,19.99,21.19,1025,42,1.19,240,8,0.0,Clear,clear sky,15
Kónyaszék,46.699931,20.074299,2026-09-26 15:43:17.406293,20.01,19.53,20.01,21.2,1025,56,0.72,270,9,0.0,Clear,clear sky,15
Csongrád,46.704444,20.140556,2026-09-26 15:43:18.578614,20.01,19.53,20.01,21.21,1024,56,0.67,287,7,0.0,Clear,clear sky,15
Hékéd,46.675,20.266667,2026-09-26 15:43:19.745405,20.01,19.53,20.01,20.01,1024,56,0.45,33,3,0.0,Clear,clear sky,15
Fábiánsebestyén,46.670278,20.456667,2026-09-26 15:43:20.909825,20.0,19.52,20.0,20.0,1024,56,1.47,312,14,0.0,Clouds,few clouds,15
Gádoros,46.656711,20.588157,2026-09-26 15:43:22.083054,19.99,19.32,19.99,19.99,1024,49,1.04,349,28,0.0,Clouds,scattered clouds,15
Justhmajor,46.62,20.615833,2026-09-26 15:43:23.251635,19.99,19.32,19.99,19.99,1024,49,0.95,359,33,0.0,Clouds,scattered clouds,15
Szentetornya,46.590964,20.628334,2026-09-26 15:43:24.420163,19.98,19.34,19.98,19.98,1024,50,0.78,346,36,0.0,Clouds,scattered clouds,15
Gyopárosfürdő,46.567784,20.630662,2026-09-26 15:43:25.586683,19.97,19.35,19.97,19.97,1024,51,0.64,354,33,0.0,Clouds,scattered clouds,15
Szabadságliget,47.626123,18.893481,2026-09-26 15:43:26.754545,19.46,18.71,18.7,21.36,1024,48,1.88,190,71,0.0,Clouds,broken clouds,15
Röszke,46.19261,20.03055,2026-09-26 15:43:27.924707,21.72,21.17,21.19,22.04,1025,47,0.57,353,4,0.0,Clear,clear sky,15
Tószeg,47.098056,20.138333,2026-09-26 15:43:29.099034,21.68,21.13,21.02,21.68,1024,47,0.89,244,2,0.0,Clear,clear sky,15
Tiszavárkony,47.059444,20.143056,2026-09-26 15:43:30.272931,21.68,21.13,21.03,21.68,1024,47,0.89,244,3,0.0,Clear,clear sky,15
Tiszajenő-Vezseny,47.036319,20.142415,2026-09-26 15:43:31.437509,21.68,21.13,21.03,21.68,1024,47,0.89,244,3,0.0,Clear,clear sky,15
Újbög,46.962222,20.093889,2026-09-26 15:43:32.601782,21.51,20.94,20.99,21.64,1024,47,0.23,80,4,0.0,Clear,clear sky,15
Tiszakécske,46.937512,20.082016,2026-09-26 15:43:33.765213,21.62,21.06,21.0,21.66,1024,47,0.45,55,3,0.0,Clear,clear sky,15
Kerekdomb,46.906944,20.052778,2026-09-26 15:43:34.938128,21.44,20.92,20.99,21.65,1025,49,0.69,37,2,0.0,Clear,clear sky,15
Tiszaalpár,46.818611,19.982778,2026-09-26 15:43:36.103469,21.13,20.4,19.94,21.13,1025,42,0.8,344,12,0.0,Clouds,few clouds,15
Tiszaalpár alsó,46.790897,19.951409,2026-09-26 15:43:37.271493,21.13,20.4,19.94,21.13,1025,42,0.64,315,12,0.0,Clouds,few clouds,15
Tiszatenyő,47.134167,20.3725,2026-09-26 15:43:38.436468,21.02,20.3,21.02,21.68,1024,43,0.0,0,2,0.0,Clear,clear sky,15
Pusztapó,47.091667,20.458333,2026-09-26 15:43:39.607663,21.03,20.31,21.03,21.68,1024,43,0.0,0,2,0.0,Clear,clear sky,15
Kétpó,47.076944,20.487778,2026-09-26 15:43:40.774520,21.03,20.31,21.03,21.68,1024,43,0.0,0,2,0.0,Clear,clear sky,15
Mezőtúr,47.0125,20.622778,2026-09-26 15:43:41.939513,20.09,19.38,20.09,20.09,1024,47,0.88,2,2,0.0,Clear,clear sky,15
Nagylapos,46.974167,20.750556,2026-09-26 15:43:43.118618,20.16,19.46,20.16,20.16,1024,47,1.34,52,1,0.0,Clear,clear sky,15
Gyoma,46.925833,20.821667,2026-09-26 15:43:44.286608,20.2,19.5,20.2,20.2,1024,47,1.43,40,1,0.0,Clear,clear sky,15
Csárdaszállás,46.861111,20.932778,2026-09-26 15:43:45.451983,20.56,19.9,20.56,20.56,1025,47,1.42,13,1,0.0,Clear,clear sky,15
Mezőberény,46.814722,21.013056,2026-09-26 15:43:46.615235,20.55,19.7,20.55,20.55,1025,40,1.32,18,2,0.0,Clear,clear sky,15
Murony,46.756944,21.038056,2026-09-26 15:43:47.779483,20.57,19.73,20.57,20.57,1025,40,1.3,22,3,0.0,Clear,clear sky,15
Békéscsaba,46.669722,21.081667,2026-09-26 15:43:48.950266,20.53,19.68,20.53,20.53,1025,40,0.89,315,5,0.0,Clear,clear sky,15
Kétegyháza,46.5325,21.171944,2026-09-26 15:43:50.121656,20.51,19.66,20.51,20.51,1024,40,2.16,2,1,0.0,Clear,clear sky,15
Lőkösháza,46.432222,21.2375,2026-09-26 15:43:51.285268,21.77,21.28,20.47,22.27,1024,49,1.75,4,4,0.0,Clear,clear sky,15
Kengyel,47.089722,20.339722,2026-09-26 15:43:52.451752,21.0,20.28,21.0,21.66,1024,43,0.0,0,1,0.0,Clear,clear sky,15
Bagimajor,47.061111,20.316667,2026-09-26 15:43:53.616616,21.03,20.31,21.03,21.68,1024,43,0.0,0,2,0.0,Clear,clear sky,15
Martfű,47.019444,20.291667,2026-09-26 15:43:54.783507,21.01,20.29,21.01,21.66,1024,43,0.0,0,2,0.0,Clear,clear sky,15
Tiszaföldvár,46.975556,20.276389,2026-09-26 15:43:55.954297,21.01,20.29,21.01,21.66,1024,43,0.0,0,2,0.0,Clear,clear sky,15
Homok,46.9475,20.270278,2026-09-26 15:43:57.122255,21.67,21.12,21.01,21.67,1024,47,0.0,0,1,0.0,Clear,clear sky,15
Kungyalu,46.910833,20.2675,2026-09-26 15:43:58.290022,21.41,20.86,20.01,21.69,1024,48,1.01,348,1,0.0,Clear,clear sky,15
Kunszentmárton,46.848333,20.293333,2026-09-26 15:43:59.468717,19.99,19.3,19.99,19.99,1024,48,2.07,350,3,0.0,Clear,clear sky,15
Nagytőke,46.763333,20.291667,2026-09-26 15:44:00.630941,20.01,19.53,20.01,20.01,1024,56,1.57,337,4,0.0,Clear,clear sky,15
Szentes,46.657778,20.2725,2026-09-26 15:44:01.796512,20.01,19.53,20.01,20.01,1024,56,0.45,33,2,0.0,Clear,clear sky,15
Szegvár,46.588611,20.249444,2026-09-26 15:44:02.960147,20.01,19.53,20.01,20.01,1024,56,0.45,33,2,0.0,Clear,clear sky,15
Mindszent,46.524167,20.194167,2026-09-26 15:44:04.123765,20.02,19.54,20.02,20.02,1025,56,2.02,316,2,0.0,Clear,clear sky,15
Mártély,46.473333,20.236111,2026-09-26 15:44:05.288299,20.03,19.37,20.03,21.2,1025,49,1.88,316,7,0.0,Clear,clear sky,15
Pusztabánréve,46.939898,20.556809,2026-09-26 15:44:06.452710,20.21,19.54,20.21,20.21,1024,48,0.96,353,0,0.0,Clear,clear sky,15
Szarvas,46.860833,20.566667,2026-09-26 15:44:07.624672,20.3,19.61,20.3,20.3,1024,47,1.6,12,1,0.0,Clear,clear sky,15
Csabacsűd,46.823056,20.663333,2026-09-26 15:44:08.790160,20.35,19.67,20.35,20.35,1024,47,2.11,31,1,0.0,Clear,clear sky,15
Kisszénás,46.751389,20.721389,2026-09-26 15:44:09.954612,20.37,19.66,20.37,20.37,1024,46,2.32,36,3,0.0,Clear,clear sky,15
Kiscsákó,46.719167,20.717778,2026-09-26 15:44:11.124441,20.39,19.71,20.39,20.39,1024,47,2.35,37,9,0.0,Clear,clear sky,15
Nagyszénás,46.672778,20.674167,2026-09-26 15:44:12.290430,20.4,19.75,20.4,20.4,1024,48,1.94,34,19,0.0,Clouds,few clouds,15
Kardoskút,46.498056,20.6975,2026-09-26 15:44:13.455259,20.5,19.96,20.5,20.5,1024,52,0.38,321,21,0.0,Clouds,few clouds,15
Tótkomlós,46.409167,20.726944,2026-09-26 15:44:14.625426,20.52,19.99,20.52,20.52,1024,52,0.83,315,10,0.0,Clear,clear sky,15
Nagyér,46.365278,20.738333,2026-09-26 15:44:15.792781,20.55,20.02,20.55,20.55,1024,52,1.18,324,5,0.0,Clear,clear sky,15
Pitvaros,46.326175,20.746446,2026-09-26 15:44:16.958332,20.58,20.05,20.58,20.58,1024,52,1.45,325,2,0.0,Clear,clear sky,15
Dévaványa,47.033889,20.943333,2026-09-26 15:44:18.124745,20.1,19.37,20.1,20.1,1025,46,1.78,26,1,0.0,Clear,clear sky,15
Körösladány,46.97,21.085833,2026-09-26 15:44:19.288998,20.12,19.41,20.12,20.12,1025,47,1.74,37,2,0.0,Clear,clear sky,15
Szeghalom,47.015278,21.148333,2026-09-26 15:44:20.456440,20.08,19.4,20.08,20.08,1025,48,1.5,34,2,0.0,Clear,clear sky,15
Vésztő,46.938889,21.263611,2026-09-26 15:44:21.636869,20.13,19.4,20.13,20.13,1025,46,1.57,35,3,0.0,Clear,clear sky,15
Szeged-Rókus,46.266111,20.125278,2026-09-26 15:44:22.800285,21.19,20.57,21.19,22.04,1025,46,0.54,327,4,0.0,Clear,clear sky,15
Algyő,46.335556,20.196111,2026-09-26 15:44:23.977210,21.21,20.8,21.21,21.21,1025,54,0.9,299,8,0.0,Clear,clear sky,15
Hódmezővásárhelyi Népkert,46.403333,20.312778,2026-09-26 15:44:25.143992,20.02,19.44,20.02,20.02,1024,52,0.97,294,6,0.0,Clear,clear sky,15
Hódmezővásárhely,46.413333,20.34,2026-09-26 15:44:26.308221,20.01,19.42,20.01,20.01,1024,52,0.91,295,5,0.0,Clear,clear sky,15
Körmend,47.016389,16.599167,2026-09-26 15:44:27.485109,20.67,20.23,20.67,20.67,1024,55,1.34,174,3,0.0,Clear,clear sky,15
Szentgotthárd,46.957222,16.263056,2026-09-26 15:44:28.648489,20.76,20.22,20.76,20.76,1024,51,1.98,164,0,0.0,Clear,clear sky,15
Szombathely,47.237778,16.6325,2026-09-26 15:44:29.819078,19.48,18.79,19.48,19.48,1024,50,1.82,173,0,0.0,Clear,clear sky,15
Sáferkút,48.010278,19.071389,2026-09-26 15:44:30.983437,21.02,20.27,21.02,21.02,1024,42,0.89,324,59,0.0,Clouds,broken clouds,15
Magdolnavölgy,47.6475,18.818889,2026-09-26 15:44:32.151579,19.56,18.8,18.69,21.35,1024,47,1.84,189,69,0.0,Clouds,broken clouds,15
Haris,46.964722,16.2825,2026-09-26 15:44:33.316472,20.78,20.25,20.78,20.78,1024,51,1.84,169,0,0.0,Clear,clear sky,15
Egyházasrádóc,47.091389,16.62,2026-09-26 15:44:34.481218,20.42,19.95,20.42,20.42,1024,55,1.34,174,2,0.0,Clear,clear sky,15
Alsórönök,46.964167,16.379444,2026-09-26 15:44:35.648250,20.76,20.25,20.76,20.76,1024,52,1.61,174,0,0.0,Clear,clear sky,15
Szombathely-Szőlős,47.206389,16.641667,2026-09-26 15:44:36.816541,19.54,18.88,19.54,19.54,1024,51,1.68,172,0,0.0,Clear,clear sky,15
Rátót,46.9675,16.433056,2026-09-26 15:44:37.982143,20.58,20.08,20.58,20.58,1024,53,1.43,177,1,0.0,Clear,clear sky,15
Ják-Balogunyom,47.161389,16.630556,2026-09-26 15:44:39.152136,19.6,19.0,19.6,19.6,1024,53,1.46,169,2,0.0,Clear,clear sky,15
Vasvár,47.056944,16.800278,2026-09-26 15:44:40.315895,20.58,20.08,20.58,20.58,1024,53,2.02,146,8,0.0,Clear,clear sky,15
Répcelak,47.418889,17.008889,2026-09-26 15:44:41.480279,20.4,19.85,20.4,20.4,1024,52,2.04,150,16,0.0,Clouds,few clouds,15
Rajka,47.995556,17.191389,2026-09-26 15:44:42.644517,20.72,20.18,20.01,21.1,1024,51,2.57,110,3,0.0,Clear,clear sky,15
Püspökmolnári,47.086111,16.7675,2026-09-26 15:44:43.810707,20.58,20.1,20.58,20.58,1024,54,1.6,159,7,0.0,Clear,clear sky,15
Kőszeg,47.382222,16.556389,2026-09-26 15:44:44.975788,19.08,18.4,19.08,19.08,1024,52,2.44,168,0,0.0,Clear,clear sky,15
Kastélypark,47.390278,18.988333,2026-09-26 15:44:46.143359,21.29,20.7,19.89,22.15,1024,47,1.71,171,65,0.0,Clouds,broken clouds,15
Hanságliget,47.72,17.215556,2026-09-26 15:44:47.314634,20.5,19.96,20.5,20.5,1024,52,1.54,153,5,0.0,Clear,clear sky,15
Vica,47.477778,17.111944,2026-09-26 15:44:48.479478,20.35,19.77,20.35,20.35,1024,51,2.13,151,16,0.0,Clouds,few clouds,15
Vép,47.235833,16.7275,2026-09-26 15:44:49.651172,19.62,19.0,19.62,19.62,1024,52,1.63,174,4,0.0,Clear,clear sky,15
Mosonszolnok,47.8525,17.160278,2026-09-26 15:44:50.821310,20.6,20.05,20.6,21.16,1024,51,1.91,156,4,0.0,Clear,clear sky,15
Jánossomorja,47.789167,17.1375,2026-09-26 15:44:51.992155,20.61,20.06,20.61,20.61,1024,51,1.86,151,4,0.0,Clear,clear sky,15
Bősárkány,47.685556,17.234167,2026-09-26 15:44:53.158459,21.06,20.58,21.06,21.06,1024,52,1.46,153,5,0.0,Clear,clear sky,15
Szil-Sopronnémeti,47.533333,17.209444,2026-09-26 15:44:54.328212,21.01,20.5,21.01,21.15,1024,51,1.91,162,15,0.0,Clouds,few clouds,15
Magyarkeresztúr-Zsebeháza,47.514167,17.176111,2026-09-26 15:44:55.491814,21.01,20.5,21.01,21.14,1024,51,2.03,160,15,0.0,Clouds,few clouds,15
Páli-Vadosfa,47.4925,17.137778,2026-09-26 15:44:56.662338,20.32,19.74,20.32,20.32,1024,51,2.1,156,16,0.0,Clouds,few clouds,15
Beled,47.466667,17.084444,2026-09-26 15:44:57.833043,20.35,19.77,20.35,20.35,1024,51,2.13,151,16,0.0,Clouds,few clouds,15
Dénesfa,47.448611,17.054722,2026-09-26 15:44:58.997542,20.38,19.83,20.38,20.38,1024,52,2.02,149,14,0.0,Clouds,few clouds,15
Csánig,47.430278,17.026111,2026-09-26 15:45:00.161095,20.43,19.89,20.43,20.43,1024,52,1.91,150,11,0.0,Clouds,few clouds,15
Vámoscsalád,47.385556,16.961667,2026-09-26 15:45:01.338756,19.87,19.27,19.87,19.87,1024,52,1.89,155,14,0.0,Clouds,few clouds,15
Vasegerszeg,47.375,16.928889,2026-09-26 15:45:02.520207,19.88,19.31,19.88,19.88,1024,53,1.61,166,11,0.0,Clouds,few clouds,15
Hegyfalu,47.357778,16.898333,2026-09-26 15:45:03.692310,19.87,19.3,19.87,19.87,1024,53,1.61,166,11,0.0,Clouds,few clouds,15
Pósfa,47.326944,16.855833,2026-09-26 15:45:04.865302,19.85,19.27,19.85,19.85,1024,53,1.56,171,11,0.0,Clouds,few clouds,15
Ölbő-Alsószeleste,47.300556,16.843056,2026-09-26 15:45:06.033657,19.83,19.28,19.83,19.83,1024,54,1.59,174,11,0.0,Clouds,few clouds,15
Gencsapáti felső,47.299722,16.593889,2026-09-26 15:45:07.197090,19.34,18.69,19.34,19.34,1024,52,2.52,171,0,0.0,Clear,clear sky,15
Lukácsháza alsó,47.326389,16.586389,2026-09-26 15:45:08.370723,19.28,18.62,19.28,19.28,1024,52,2.58,170,0,0.0,Clear,clear sky,15
Kőszegfalva,47.361667,16.567778,2026-09-26 15:45:09.533899,19.17,18.5,19.17,19.17,1024,52,2.53,169,0,0.0,Clear,clear sky,15
Gyöngyöshermán,47.202778,16.657222,2026-09-26 15:45:10.705103,19.56,18.9,19.56,19.56,1024,51,1.68,172,0,0.0,Clear,clear sky,15
Bezenye,47.973611,17.207222,2026-09-26 15:45:11.869295,20.76,20.22,20.02,21.11,1024,51,1.87,140,4,0.0,Clear,clear sky,15
Kámon,47.254534,16.625769,2026-09-26 15:45:13.035653,19.44,18.8,19.44,19.44,1024,52,1.97,174,0,0.0,Clear,clear sky,15
Sorkifalud,47.1375,16.719167,2026-09-26 15:45:14.201133,20.58,20.1,20.58,20.58,1024,54,1.42,166,5,0.0,Clear,clear sky,15
Szentléránt,47.12,16.735556,2026-09-26 15:45:15.370177,20.58,20.1,20.58,20.58,1024,54,1.42,166,5,0.0,Clear,clear sky,15
Pácsony,47.009722,16.833611,2026-09-26 15:45:16.537230,20.53,20.0,20.53,20.53,1024,52,2.1,138,6,0.0,Clear,clear sky,15
Győrvár,46.99,16.840556,2026-09-26 15:45:17.707396,20.53,20.0,20.53,20.53,1024,52,2.1,138,6,0.0,Clear,clear sky,15
Egervár-Vasboldogasszony,46.942222,16.862222,2026-09-26 15:45:18.878570,20.77,20.23,20.77,20.77,1024,51,2.07,130,4,0.0,Clear,clear sky,15
Zalaszentlőrinc,46.913889,16.8775,2026-09-26 15:45:20.043018,20.76,20.2,20.76,20.76,1024,50,1.97,128,3,0.0,Clear,clear sky,15
Gencsapáti alsó,47.285833,16.6,2026-09-26 15:45:21.206625,19.37,18.72,19.37,19.37,1024,52,2.39,171,0,0.0,Clear,clear sky,15
Gyöngyösfalu,47.316111,16.59,2026-09-26 15:45:22.376955,19.3,18.64,19.3,19.3,1024,52,2.52,171,0,0.0,Clear,clear sky,15
Lukácsháza,47.341111,16.580556,2026-09-26 15:45:23.545779,19.23,18.57,19.23,19.23,1024,52,2.58,169,0,0.0,Clear,clear sky,15
Horvátnádalja,47.005278,16.544444,2026-09-26 15:45:24.711665,20.72,20.26,20.72,20.72,1024,54,1.37,175,2,0.0,Clear,clear sky,15
Csákánydoroszló,46.978333,16.499722,2026-09-26 15:45:25.884217,20.74,20.28,20.74,20.74,1024,54,1.41,176,1,0.0,Clear,clear sky,15
Váckisújfalu,47.705,19.340278,2026-09-26 15:45:27.053966,20.02,19.2,19.08,20.02,1025,43,2.12,226,77,0.0,Clouds,broken clouds,15
Csisztafürdő,46.681411,17.561797,2026-09-26 15:45:28.220298,20.72,20.31,20.72,20.72,1025,56,1.33,3,6,0.0,Clear,clear sky,15
Mórágy,46.236021,18.627255,2026-09-26 15:45:29.387455,20.97,20.56,20.97,20.97,1025,55,0.19,348,1,0.0,Clear,clear sky,15
Kismacs,47.551111,21.542778,2026-09-26 15:45:30.552440,21.9,21.11,21.9,21.9,1024,37,2.06,0,3,0.0,Clear,clear sky,15
Pusztaszentistván,47.439869,19.470254,2026-09-26 15:45:31.717029,20.84,20.02,19.98,20.84,1025,40,2.57,170,36,0.0,Clouds,scattered clouds,15
Aranyvölgy,47.573795,19.017489,2026-09-26 15:45:32.882972,20.6,19.94,19.74,22.0,1024,47,1.34,210,75,0.0,Clouds,broken clouds,15
Szélhegy,47.601111,18.928056,2026-09-26 15:45:34.056001,19.7,18.98,18.98,21.18,1024,48,1.63,187,74,0.0,Clouds,broken clouds,15
Vörösvárbánya,47.61,18.913611,2026-09-26 15:45:35.221639,19.57,18.84,18.93,21.13,1024,48,1.63,187,74,0.0,Clouds,broken clouds,15
Máriaszőlőtelep,46.702778,17.411911,2026-09-26 15:45:36.392555,21.1,20.31,21.1,21.1,1025,40,1.03,0,17,0.0,Clouds,few clouds,15
Akadémiaújtelep,47.485724,19.22294,2026-09-26 15:45:37.556968,21.01,20.34,19.7,21.96,1024,45,2.57,170,61,0.0,Clouds,broken clouds,15
Újpalota,47.5316,19.126206,2026-09-26 15:45:38.720298,21.02,20.38,19.79,22.05,1024,46,2.57,170,66,0.0,Clouds,broken clouds,15
"Szeged, Somogyi utca",46.250464,20.147713,2026-09-26 15:45:39.879066,21.16,20.53,21.16,22.11,1025,46,0.61,320,4,0.0,Clear,clear sky,15
"Hódmezővásárhely, Hősök tere",46.412183,20.31759,2026-09-26 15:45:41.044775,20.01,19.42,20.01,20.01,1024,52,0.97,294,6,0.0,Clear,clear sky,15
"Hódmezővásárhely, Kossuth tér",46.41465,20.319727,2026-09-26 15:45:42.204758,20.01,19.42,20.01,20.01,1024,52,0.97,294,6,0.0,Clear,clear sky,15
"Hódmezővásárhely, Strandfürdő",46.409147,20.315671,2026-09-26 15:45:43.362726,20.01,19.42,20.01,20.01,1024,52,0.97,294,6,0.0,Clear,clear sky,15
"Szeged, Széchenyi tér",46.252683,20.14935,2026-09-26 15:45:44.520654,21.16,20.53,21.16,22.11,1025,46,0.61,320,4,0.0,Clear,clear sky,15
"Szeged, Anna-kút",46.256184,20.147587,2026-09-26 15:45:45.687066,21.15,20.52,21.15,21.9,1025,46,0.61,320,4,0.0,Clear,clear sky,15
"Szeged, Rókusi templom",46.259255,20.141771,2026-09-26 15:45:46.852049,21.17,20.54,21.17,21.92,1025,46,0.61,320,4,0.0,Clear,clear sky,15
"Hódmezővásárhely, Kálvin János tér",46.416677,20.328532,2026-09-26 15:45:48.017385,20.01,19.42,20.01,20.01,1024,52,0.91,295,5,0.0,Clear,clear sky,15
Hódmezővásárhely vasútállomás,46.413242,20.338701,2026-09-26 15:45:49.178174,20.01,19.42,20.01,20.01,1024,52,0.91,295,5,0.0,Clear,clear sky,15
"Szeged, Tavasz utca",46.260715,20.139055,2026-09-26 15:45:50.337225,21.17,20.54,21.17,21.92,1025,46,0.61,320,4,0.0,Clear,clear sky,15
"Szeged, Damjanich utca",46.262753,20.135248,2026-09-26 15:45:51.495907,21.17,20.54,21.17,21.92,1025,46,0.61,320,4,0.0,Clear,clear sky,15
"Szeged, Vásárhelyi Pál utca",46.264173,20.131109,2026-09-26 15:45:52.662598,21.19,20.57,21.19,21.94,1025,46,0.61,320,4,0.0,Clear,clear sky,15
"Szeged, Bécsi körút ",46.243459,20.143809,2026-09-26 15:45:53.822362,21.17,20.54,21.17,22.12,1025,46,0.72,328,3,0.0,Clear,clear sky,15
Hódmezővásárhelyi Népkert vasútállomás,46.403733,20.312986,2026-09-26 15:45:54.980617,20.02,19.44,20.02,20.02,1024,52,0.97,294,6,0.0,Clear,clear sky,15
Szeged vasútállomás,46.239789,20.142561,2026-09-26 15:45:56.139121,21.17,20.54,21.17,22.12,1025,46,0.72,328,3,0.0,Clear,clear sky,15
"Szeged, Bem utca",46.240198,20.141247,2026-09-26 15:45:57.298945,21.17,20.54,21.17,22.12,1025,46,0.72,328,3,0.0,Clear,clear sky,15
"Szeged, Galamb utca",46.24153,20.142297,2026-09-26 15:45:58.458129,21.17,20.54,21.17,22.12,1025,46,0.72,328,3,0.0,Clear,clear sky,15
"Szeged, Aradi vértanúk tere",46.247839,20.147,2026-09-26 15:45:59.617763,21.16,20.53,21.16,22.11,1025,46,0.61,320,4,0.0,Clear,clear sky,15
"Szeged, Pulz utca",46.264452,20.126061,2026-09-26 15:46:00.780817,21.19,20.57,21.19,21.94,1025,46,0.61,320,4,0.0,Clear,clear sky,15
"Szeged, Rókus vasútállomás",46.266107,20.125686,2026-09-26 15:46:01.939115,21.19,20.57,21.19,22.04,1025,46,0.54,327,4,0.0,Clear,clear sky,15
Látókép,47.55787,21.524373,2026-09-26 15:46:03.104232,21.88,21.09,21.88,21.88,1024,37,2.06,0,3,0.0,Clear,clear sky,15
Szentmihálytelek,46.2229,20.0808,2026-09-26 15:46:04.269821,21.19,20.57,21.19,21.94,1025,46,0.58,340,4,0.0,Clear,clear sky,15
Kisvarsány,48.144356,22.297397,2026-09-26 15:46:05.441673,18.72,18.14,18.72,18.72,1025,57,0.61,20,13,0.0,Clouds,few clouds,15
