station_name,station_lat,station_lon,observation_time,temp,feels_like,temp_min,temp_max,pressure,humidity,wind_speed,wind_deg,clouds,precipitation_1h,weather_main,weather_description,collection_hour
Búcsúszentlászló,46.793056,16.932778,2026-07-11 21:28:15.015885,20.89,20.99,20.89,20.89,1018,75,4.97,301,59,0.0,Clouds,broken clouds,21
Angyalföld,47.549722,19.09,2026-07-11 21:28:16.258321,23.08,22.7,21.49,23.84,1017,48,1.79,55,4,0.0,Clear,clear sky,21
Felsőjánosfa,46.841389,16.544167,2026-07-11 21:28:17.502153,20.72,20.88,20.72,20.72,1018,78,2.83,316,64,0.0,Clouds,broken clouds,21
Pankasz,46.835833,16.496111,2026-07-11 21:28:18.719824,20.44,20.6,20.44,20.44,1018,79,2.74,318,65,0.0,Clouds,broken clouds,21
Nagyrákos,46.827222,16.455556,2026-07-11 21:28:19.977863,20.4,20.56,20.4,20.4,1018,79,2.7,318,66,0.0,Clouds,broken clouds,21
Őriszentpéter,46.828889,16.415278,2026-07-11 21:28:21.200529,20.51,20.71,20.51,20.51,1018,80,2.64,320,67,0.0,Clouds,broken clouds,21
Törökbálint,47.45,18.908611,2026-07-11 21:28:22.445453,22.52,22.08,21.27,23.61,1017,48,1.79,38,13,0.0,Clouds,few clouds,21
Bicske alsó,47.486389,18.642778,2026-07-11 21:28:23.687953,21.25,20.87,21.16,22.84,1017,55,3.21,7,5,0.0,Clear,clear sky,21
Bajánsenye,46.818056,16.358056,2026-07-11 21:28:24.916636,20.59,20.79,20.59,20.59,1018,80,2.68,321,70,0.0,Clouds,broken clouds,21
Aquincum,47.566218,19.048273,2026-07-11 21:28:26.141342,22.73,22.31,21.52,23.86,1017,48,1.79,55,3,0.0,Clear,clear sky,21
Piliscsév,47.673889,18.791389,2026-07-11 21:28:27.367994,21.1,20.6,20.15,21.85,1017,51,1.72,11,0,0.0,Clear,clear sky,21
Tát,47.741201,18.64783,2026-07-11 21:28:28.611869,21.51,21.2,21.51,21.51,1017,57,1.36,21,2,0.0,Clear,clear sky,21
Süttő felső,47.756667,18.437222,2026-07-11 21:28:29.859372,19.5,18.97,19.5,19.5,1017,56,1.61,16,3,0.0,Clear,clear sky,21
Budatétény,47.405,19.016389,2026-07-11 21:28:31.105069,23.21,22.81,21.56,23.9,1016,47,1.79,38,16,0.0,Clouds,few clouds,21
Seregélyes-Szőlőhegy,47.119444,18.612222,2026-07-11 21:28:32.364962,19.52,18.78,19.52,19.52,1016,48,3.58,24,7,0.0,Clear,clear sky,21
Gödöllő-Állami telepek,47.564444,19.375556,2026-07-11 21:28:33.584165,22.43,21.96,21.75,23.35,1017,47,3.23,15,5,0.0,Clear,clear sky,21
Dunakeszi alsó,47.607778,19.128889,2026-07-11 21:28:34.810737,22.98,22.59,21.49,23.83,1017,48,2.74,3,3,0.0,Clear,clear sky,21
Vác-Alsóváros,47.773056,19.149722,2026-07-11 21:28:36.060813,20.51,20.18,20.51,21.47,1017,60,2.19,351,15,0.0,Clouds,few clouds,21
Szob alsó,47.816667,18.8725,2026-07-11 21:28:37.311488,21.5,21.25,21.5,21.5,1017,59,1.32,20,11,0.0,Clouds,few clouds,21
Zalaszentmihály-Pacsa,46.7225,16.951944,2026-07-11 21:28:38.560125,20.86,20.96,20.86,20.86,1018,75,4.78,301,63,0.0,Clouds,broken clouds,21
Pötréte,46.682778,16.9575,2026-07-11 21:28:39.825171,20.84,20.96,20.84,20.84,1018,76,4.55,301,65,0.0,Clouds,broken clouds,21
Felsőrajk,46.667222,16.982778,2026-07-11 21:28:41.069786,20.8,20.92,20.8,20.8,1017,76,4.74,301,63,0.0,Clouds,broken clouds,21
Gelse,46.600556,16.982778,2026-07-11 21:28:42.320881,20.73,20.84,20.73,20.73,1017,76,4.42,305,66,0.0,Clouds,broken clouds,21
Őrtilos,46.297778,16.887778,2026-07-11 21:28:43.562914,20.73,20.87,20.73,20.73,1017,77,4.03,327,96,0.0,Clouds,overcast clouds,21
Zákány,46.251944,16.9425,2026-07-11 21:28:44.797641,20.49,20.58,20.49,20.49,1017,76,4.11,327,100,0.0,Clouds,overcast clouds,21
Berzence,46.201389,17.143611,2026-07-11 21:28:46.059574,20.96,20.97,20.96,20.96,1017,71,4.71,327,100,0.0,Clouds,overcast clouds,21
Somogyudvarhely,46.163333,17.179722,2026-07-11 21:28:47.319431,20.96,20.94,20.96,20.96,1017,70,4.45,325,100,0.0,Clouds,overcast clouds,21
Bélavár,46.122778,17.207778,2026-07-11 21:28:48.549298,20.97,21.0,20.97,20.97,1017,72,3.66,319,100,0.0,Clouds,overcast clouds,21
Vízvár,46.101389,17.239444,2026-07-11 21:28:49.795874,20.82,20.86,20.82,20.82,1017,73,3.29,313,100,0.0,Clouds,overcast clouds,21
Babócsa,46.028359,17.342276,2026-07-11 21:28:51.046214,20.62,20.77,20.62,20.62,1017,78,2.66,295,100,0.0,Clouds,overcast clouds,21
Péterhida-Komlósd,46.006667,17.358056,2026-07-11 21:28:52.276608,20.5,20.72,20.5,20.5,1017,81,2.54,284,100,0.0,Clouds,overcast clouds,21
Barcs,45.951944,17.446944,2026-07-11 21:28:53.536986,20.14,20.51,20.14,20.14,1017,88,2.8,263,100,0.0,Clouds,overcast clouds,21
Barcs felső,45.958333,17.486389,2026-07-11 21:28:54.783944,20.01,20.36,20.01,20.01,1017,88,2.89,261,100,0.0,Clouds,overcast clouds,21
Középrigóc,45.970556,17.525,2026-07-11 21:28:56.041716,19.89,20.23,19.89,19.89,1017,88,2.98,260,100,0.0,Clouds,overcast clouds,21
Darány,45.992222,17.598611,2026-07-11 21:28:57.295180,20.03,20.26,20.03,20.03,1017,83,3.07,262,100,0.0,Clouds,overcast clouds,21
Kisdobsza,46.012222,17.668056,2026-07-11 21:28:58.530889,20.25,20.34,20.25,20.25,1017,77,3.07,264,100,0.0,Clouds,overcast clouds,21
Nemeske,46.023333,17.705278,2026-07-11 21:28:59.790408,20.29,20.33,20.29,20.29,1017,75,3.12,265,100,0.16,Rain,light rain,21
Molvány,46.035278,17.748611,2026-07-11 21:29:01.056919,20.45,20.35,20.45,20.45,1017,69,3.01,268,100,0.0,Clouds,overcast clouds,21
Szigetvár,46.043333,17.801944,2026-07-11 21:29:02.322040,20.41,20.28,20.41,20.41,1017,68,2.98,269,100,0.0,Clouds,overcast clouds,21
Nagypeterd,46.039444,17.871667,2026-07-11 21:29:03.585829,20.4,20.19,20.4,20.4,1017,65,2.87,271,100,0.0,Clouds,overcast clouds,21
Szentdénes,46.036667,17.926944,2026-07-11 21:29:04.852565,20.33,20.06,20.33,20.33,1017,63,2.79,273,100,0.0,Clouds,overcast clouds,21
Háros,47.412222,19.035,2026-07-11 21:29:06.095793,23.2,22.8,21.52,23.86,1016,47,1.79,38,16,0.0,Clouds,few clouds,21
Nagytétény-Diósd,47.398333,18.974444,2026-07-11 21:29:07.354913,23.1,22.69,21.55,23.9,1016,47,1.79,38,18,0.0,Clouds,few clouds,21
Érdliget,47.390278,18.937778,2026-07-11 21:29:08.600976,22.94,22.52,21.47,23.81,1016,47,1.79,38,17,0.0,Clouds,few clouds,21
Érd felső,47.381111,18.922222,2026-07-11 21:29:09.847767,23.02,22.6,21.43,23.78,1016,47,1.79,38,15,0.0,Clouds,few clouds,21
Érd,47.369722,18.900833,2026-07-11 21:29:11.109443,22.97,22.55,21.4,23.74,1016,47,3.7,14,16,0.0,Clouds,few clouds,21
Százhalombatta,47.322222,18.899167,2026-07-11 21:29:12.356882,22.99,22.55,21.38,23.73,1016,46,3.86,16,17,0.0,Clouds,few clouds,21
Dunai Finomító,47.294444,18.878889,2026-07-11 21:29:13.620604,22.9,22.45,21.96,23.57,1016,46,3.83,16,12,0.0,Clouds,few clouds,21
Ercsi,47.247222,18.875278,2026-07-11 21:29:14.884417,23.13,22.7,22.19,23.79,1016,46,3.86,17,11,0.0,Clouds,few clouds,21
Iváncsa,47.177778,18.811944,2026-07-11 21:29:16.141165,19.22,18.4,19.22,19.22,1016,46,3.79,20,4,0.0,Clear,clear sky,21
Pusztaszabolcs,47.139722,18.761667,2026-07-11 21:29:17.406762,19.35,18.54,19.35,19.35,1016,46,3.78,22,3,0.0,Clear,clear sky,21
Szabadegyháza,47.082778,18.704167,2026-07-11 21:29:18.662322,19.4,18.57,19.4,19.4,1016,45,3.78,25,5,0.0,Clear,clear sky,21
Sárosd,47.039722,18.660278,2026-07-11 21:29:19.898104,19.55,18.74,19.55,19.55,1016,45,3.79,27,8,0.0,Clear,clear sky,21
Nagylók,46.979444,18.635833,2026-07-11 21:29:21.167778,19.46,18.61,19.46,19.46,1016,44,3.94,29,7,0.0,Clear,clear sky,21
Sárbogárd,46.896944,18.611944,2026-07-11 21:29:22.415825,19.75,18.93,19.75,19.75,1016,44,3.97,27,7,0.0,Clear,clear sky,21
Rétszilas,46.814167,18.601389,2026-07-11 21:29:23.652756,19.84,19.0,19.84,19.84,1016,43,3.83,23,9,0.0,Clear,clear sky,21
Nagyatád,46.228611,17.354167,2026-07-11 21:29:24.917574,21.33,21.16,21.33,21.33,1017,63,4.67,318,100,0.0,Clouds,overcast clouds,21
Budapest-Keleti,47.500278,19.084167,2026-07-11 21:29:26.180371,23.24,22.85,21.47,23.81,1017,47,1.79,55,9,0.0,Clear,clear sky,21
Ferencváros,47.468611,19.088056,2026-07-11 21:29:27.412784,23.29,22.9,21.49,23.83,1016,47,1.79,55,11,0.0,Clouds,few clouds,21
Budapest-Nyugati,47.510833,19.0575,2026-07-11 21:29:28.656977,23.07,22.69,21.48,23.83,1017,48,1.79,55,6,0.0,Clear,clear sky,21
Kőbánya felső,47.491944,19.133889,2026-07-11 21:29:29.889147,23.19,22.79,21.41,23.75,1017,47,1.79,55,6,0.0,Clear,clear sky,21
Rákos,47.488889,19.174722,2026-07-11 21:29:31.109915,23.06,22.65,21.37,23.71,1017,47,1.79,55,6,0.0,Clear,clear sky,21
Rákosrendező,47.525556,19.089444,2026-07-11 21:29:32.372503,23.23,22.86,21.51,23.86,1017,48,1.79,55,5,0.0,Clear,clear sky,21
Zugló,47.511389,19.101389,2026-07-11 21:29:33.622706,23.29,22.9,21.47,23.82,1017,47,1.79,55,5,0.0,Clear,clear sky,21
Mezőtárkány,47.725,20.480278,2026-07-11 21:29:34.861244,17.86,17.76,17.86,17.86,1017,79,4.09,55,13,0.0,Clouds,few clouds,21
Istvántelek,47.550278,19.106389,2026-07-11 21:29:36.092369,23.23,22.86,21.5,23.84,1017,48,1.79,55,4,0.0,Clear,clear sky,21
Rákospalota-Újpest,47.565833,19.111944,2026-07-11 21:29:37.302277,23.19,22.82,21.49,23.84,1017,48,1.79,55,3,0.0,Clear,clear sky,21
Kőbánya alsó,47.483056,19.127222,2026-07-11 21:29:38.540184,23.2,22.8,21.42,23.77,1017,47,1.79,55,6,0.0,Clear,clear sky,21
Kőbánya-Kispest,47.463889,19.149444,2026-07-11 21:29:39.809061,23.15,22.75,21.42,23.77,1016,47,1.79,55,9,0.0,Clear,clear sky,21
Pestszentlőrinc,47.454722,19.182778,2026-07-11 21:29:41.064766,23.03,22.62,21.36,23.71,1016,47,3.58,14,12,0.0,Clouds,few clouds,21
Kispest,47.448135,19.157552,2026-07-11 21:29:42.323640,23.13,22.73,21.43,23.77,1016,47,1.79,55,12,0.0,Clouds,few clouds,21
Újpest,47.558889,19.079722,2026-07-11 21:29:43.547192,22.94,22.54,21.5,23.84,1017,48,1.79,55,5,0.0,Clear,clear sky,21
Pestszentimre felső,47.413611,19.173333,2026-07-11 21:29:44.784197,23.12,22.71,21.45,23.8,1016,47,3.71,15,16,0.0,Clouds,few clouds,21
Dunakeszi,47.626111,19.136111,2026-07-11 21:29:46.017836,22.75,22.36,21.4,23.74,1017,49,2.63,0,3,0.0,Clear,clear sky,21
Dunakeszi-Gyártelep,47.643611,19.135,2026-07-11 21:29:47.278630,22.64,22.24,21.44,23.79,1017,49,2.54,358,5,0.0,Clear,clear sky,21
Alsógöd,47.676944,19.134444,2026-07-11 21:29:48.530825,22.43,22.14,21.43,23.78,1017,54,2.45,356,6,0.0,Clear,clear sky,21
Göd,47.687778,19.1375,2026-07-11 21:29:49.779219,22.41,22.12,21.45,23.8,1017,54,2.45,356,6,0.0,Clear,clear sky,21
Felsőgöd,47.705556,19.143333,2026-07-11 21:29:51.049477,21.73,21.42,21.5,22.88,1017,56,2.38,353,8,0.0,Clear,clear sky,21
Sződ-Sződliget,47.728056,19.154722,2026-07-11 21:29:52.269954,20.59,20.14,20.54,22.23,1017,55,2.31,352,10,0.0,Clear,clear sky,21
Vác,47.782778,19.133056,2026-07-11 21:29:53.523271,20.51,20.18,20.51,21.47,1017,60,2.19,351,15,0.0,Clouds,few clouds,21
Verőce,47.823889,19.029444,2026-07-11 21:29:54.737146,20.35,20.03,20.35,21.3,1017,61,1.59,360,18,0.0,Clouds,few clouds,21
Kismaros,47.8275,19.010278,2026-07-11 21:29:55.988377,21.43,21.22,21.43,21.43,1017,61,1.48,4,17,0.0,Clouds,few clouds,21
Nagymaros-Visegrád,47.791389,18.959167,2026-07-11 21:29:57.238952,21.45,21.22,20.5,21.45,1017,60,1.45,7,8,0.0,Clear,clear sky,21
Nagymaros,47.780278,18.952222,2026-07-11 21:29:58.465889,21.53,21.31,20.57,21.53,1017,60,1.45,7,8,0.0,Clear,clear sky,21
Zebegény,47.801389,18.908889,2026-07-11 21:29:59.731872,21.5,21.27,20.55,21.5,1017,60,1.36,12,12,0.0,Clouds,few clouds,21
Szob,47.821111,18.861944,2026-07-11 21:30:00.989089,21.46,21.23,21.46,21.46,1017,60,1.58,16,20,0.0,Clouds,few clouds,21
Alagimajor,47.601944,19.153889,2026-07-11 21:30:02.241351,22.96,22.56,21.44,23.79,1017,48,2.59,35,17,0.0,Clouds,few clouds,21
Fót,47.611389,19.181667,2026-07-11 21:30:03.500598,22.88,22.48,21.34,23.68,1017,48,2.49,35,17,0.0,Clouds,few clouds,21
Fótújfalu,47.615,19.192778,2026-07-11 21:30:04.753419,22.77,22.36,21.23,23.58,1017,48,2.49,35,17,0.0,Clouds,few clouds,21
Csomád,47.635556,19.222778,2026-07-11 21:30:06.006894,22.45,21.98,20.96,23.31,1017,47,2.53,36,18,0.0,Clouds,few clouds,21
Veresegyház,47.649167,19.288611,2026-07-11 21:30:07.241809,21.35,20.87,20.16,23.46,1017,51,2.17,34,19,0.0,Clouds,few clouds,21
Erdőkertes,47.662222,19.295833,2026-07-11 21:30:08.503859,21.27,20.91,20.11,23.41,1017,56,2.17,34,19,0.0,Clouds,few clouds,21
Őrbottyán,47.685833,19.283611,2026-07-11 21:30:09.751876,20.68,20.29,20.03,23.33,1017,57,1.94,30,18,0.0,Clouds,few clouds,21
Váchartyán,47.725833,19.248889,2026-07-11 21:30:11.009845,20.39,20.03,20.39,22.72,1017,59,1.73,22,15,0.0,Clouds,few clouds,21
Magyarkút-Verőce,47.826111,19.044444,2026-07-11 21:30:12.264372,20.51,20.21,20.51,20.51,1017,61,1.58,16,18,0.0,Clouds,few clouds,21
Szokolya,47.871111,19.030556,2026-07-11 21:30:13.518345,15.64,14.85,15.64,15.64,1017,61,1.53,15,29,0.0,Clouds,scattered clouds,21
Berkenye,47.885278,19.071944,2026-07-11 21:30:14.774710,16.33,15.61,16.33,16.33,1017,61,1.54,13,27,0.0,Clouds,scattered clouds,21
Nógrád,47.901944,19.0475,2026-07-11 21:30:16.009690,16.04,15.29,16.04,16.04,1017,61,1.53,14,34,0.0,Clouds,scattered clouds,21
Diósjenő,47.94,19.049444,2026-07-11 21:30:17.241986,15.72,14.94,15.72,15.72,1017,61,1.56,14,39,0.0,Clouds,scattered clouds,21
Borsosberény,47.971389,19.093056,2026-07-11 21:30:18.493696,16.4,15.71,16.4,16.4,1017,62,1.61,8,32,0.0,Clouds,scattered clouds,21
Nagyoroszi,47.993611,19.101111,2026-07-11 21:30:19.745840,16.29,15.59,16.29,16.29,1017,62,1.69,8,34,0.0,Clouds,scattered clouds,21
Drégelyvár,48.001944,19.079444,2026-07-11 21:30:21.000037,16.62,15.96,16.62,16.62,1017,62,1.79,13,44,0.0,Clouds,scattered clouds,21
Drégely,48.042222,19.056111,2026-07-11 21:30:22.236920,17.03,16.41,17.03,17.03,1017,62,1.9,13,45,0.0,Clouds,scattered clouds,21
Drégelypalánk,48.055,19.046111,2026-07-11 21:30:23.507696,17.23,16.63,17.23,17.23,1017,62,2.04,16,49,0.0,Clouds,scattered clouds,21
Ipolyvece,48.056944,19.106389,2026-07-11 21:30:24.768517,17.13,16.54,17.13,17.13,1017,63,2.07,8,37,0.0,Clouds,scattered clouds,21
Dejtár,48.045556,19.196389,2026-07-11 21:30:26.032378,16.97,16.39,16.97,16.97,1017,64,1.95,4,28,0.0,Clouds,scattered clouds,21
Ipolyszög,48.054444,19.221944,2026-07-11 21:30:27.308497,17.01,16.46,17.01,17.01,1017,65,2.1,2,24,0.0,Clouds,few clouds,21
Iklad-Domony,47.658056,19.444444,2026-07-11 21:30:28.624498,22.75,22.7,22.75,22.75,1017,62,1.6,35,18,0.0,Clouds,few clouds,21
Iklad-Domony felső,47.667778,19.428056,2026-07-11 21:30:29.890113,22.73,22.68,20.4,22.73,1017,62,1.44,31,18,0.0,Clouds,few clouds,21
Galgamácsa,47.693889,19.3925,2026-07-11 21:30:31.109692,22.72,22.64,20.39,22.72,1017,61,1.49,26,17,0.0,Clouds,few clouds,21
Vácrátót,47.732778,19.217778,2026-07-11 21:30:32.380865,20.31,19.91,20.31,22.64,1017,58,1.89,23,14,0.0,Clouds,few clouds,21
Csörög,47.735833,19.196389,2026-07-11 21:30:33.610913,20.32,19.92,20.31,23.61,1017,58,1.92,23,13,0.0,Clouds,few clouds,21
Galgagyörk,47.735278,19.372222,2026-07-11 21:30:34.849553,22.62,22.56,20.29,22.62,1017,62,1.33,21,16,0.0,Clouds,few clouds,21
Püspökhatvan,47.768611,19.366944,2026-07-11 21:30:36.097846,16.57,15.95,16.57,16.57,1017,64,1.1,11,14,0.0,Clouds,few clouds,21
Acsa-Erdőkürt,47.801111,19.386111,2026-07-11 21:30:37.349995,16.43,15.83,16.43,16.43,1017,65,1.03,7,13,0.0,Clouds,few clouds,21
Galgaguta,47.848611,19.385556,2026-07-11 21:30:38.569200,16.15,15.57,16.15,16.15,1017,67,0.96,1,11,0.0,Clouds,few clouds,21
Nógrádkövesd,47.879444,19.371111,2026-07-11 21:30:39.812828,16.33,15.79,16.33,16.33,1017,68,0.97,359,10,0.0,Clear,clear sky,21
Magyarnándor,47.970833,19.356667,2026-07-11 21:30:41.081486,16.26,15.74,16.26,16.26,1017,69,1.3,360,10,0.0,Clear,clear sky,21
Mohora,47.995556,19.347778,2026-07-11 21:30:42.338541,16.41,15.91,16.41,16.41,1017,69,1.43,359,11,0.0,Clouds,few clouds,21
Szügy,48.036389,19.333056,2026-07-11 21:30:43.587964,16.71,16.24,16.71,16.71,1017,69,1.75,358,12,0.0,Clouds,few clouds,21
Balassagyarmat,48.071111,19.293611,2026-07-11 21:30:44.846541,16.86,16.38,16.86,16.86,1017,68,2.02,357,14,0.0,Clouds,few clouds,21
Őrhalom,48.078773,19.403936,2026-07-11 21:30:46.080883,16.61,16.18,16.61,16.61,1017,71,1.77,355,10,0.0,Clear,clear sky,21
Hugyag,48.083056,19.421111,2026-07-11 21:30:47.328955,16.61,16.18,16.61,16.61,1017,71,1.77,355,10,0.0,Clear,clear sky,21
Szécsény,48.093056,19.521111,2026-07-11 21:30:48.591367,16.86,16.51,16.86,16.86,1017,73,1.27,3,10,0.0,Clear,clear sky,21
Ludányhalászi,48.1325,19.529444,2026-07-11 21:30:49.842214,16.88,16.5,16.88,16.88,1017,72,1.69,355,12,0.0,Clouds,few clouds,21
Nógrádszakál,48.178333,19.521667,2026-07-11 21:30:51.106093,16.85,16.47,16.85,16.85,1018,72,1.89,352,13,0.0,Clouds,few clouds,21
Ráróspuszta,48.207222,19.541389,2026-07-11 21:30:52.372305,16.34,15.88,16.34,16.34,1018,71,2.24,347,14,0.0,Clouds,few clouds,21
Litke,48.215833,19.598611,2026-07-11 21:30:53.609908,16.84,16.49,16.84,16.84,1018,73,1.63,356,14,0.0,Clouds,few clouds,21
Nyíregyháza külső,47.943056,21.740278,2026-07-11 21:30:54.881255,16.95,16.61,16.95,16.95,1017,73,3.05,65,4,0.0,Clear,clear sky,21
Oros,47.945833,21.806389,2026-07-11 21:30:56.131051,16.89,16.54,16.89,16.89,1017,73,2.97,64,6,0.0,Clear,clear sky,21
Napkor,47.948889,21.873056,2026-07-11 21:30:57.361627,16.85,16.5,16.85,16.85,1017,73,2.74,62,9,0.0,Clear,clear sky,21
Apagy,47.953775,21.939044,2026-07-11 21:30:58.592535,16.82,16.46,16.82,16.82,1017,73,2.68,60,9,0.0,Clear,clear sky,21
Levelek-Magy,47.948056,21.993611,2026-07-11 21:30:59.861244,16.73,16.36,16.73,16.73,1017,73,2.57,57,9,0.0,Clear,clear sky,21
Ófehértó,47.940556,22.041389,2026-07-11 21:31:01.104075,16.62,16.24,16.62,16.62,1017,73,2.62,55,7,0.0,Clear,clear sky,21
Ligettanya,47.951667,22.071389,2026-07-11 21:31:02.348185,16.59,16.21,16.59,16.59,1017,73,2.42,51,8,0.0,Clear,clear sky,21
Baktalórántháza,47.988611,22.083333,2026-07-11 21:31:03.584804,16.61,16.23,16.61,16.61,1017,73,2.32,50,9,0.0,Clear,clear sky,21
Vaja-Rohod,48.006389,22.164167,2026-07-11 21:31:04.839630,16.61,16.23,16.61,16.61,1017,73,2.14,43,10,0.0,Clear,clear sky,21
Rákóczitanya,48.022222,22.178333,2026-07-11 21:31:06.104973,16.57,16.19,16.57,16.57,1017,73,2.1,40,9,0.0,Clear,clear sky,21
Nyírmada,48.059167,22.203056,2026-07-11 21:31:07.374070,16.61,16.23,16.61,16.61,1017,73,1.97,37,13,0.0,Clouds,few clouds,21
Tunyogmatolcs,47.960244,22.442247,2026-07-11 21:31:08.635911,16.62,16.22,16.62,16.62,1017,72,1.82,24,12,0.0,Clouds,few clouds,21
Tunyogmatolcs alsó,47.966025,22.464713,2026-07-11 21:31:09.849239,16.57,16.19,16.57,16.57,1017,73,1.78,23,13,0.0,Clouds,few clouds,21
Fehérgyarmat,47.979167,22.524444,2026-07-11 21:31:11.098140,16.47,16.08,16.47,16.47,1017,73,1.64,20,14,0.0,Clouds,few clouds,21
Penyige,47.995278,22.566944,2026-07-11 21:31:12.362387,16.42,16.05,16.42,16.42,1017,74,1.6,20,13,0.0,Clouds,few clouds,21
Nagyszekeres,47.976111,22.6125,2026-07-11 21:31:13.628670,16.36,15.98,16.36,16.36,1017,74,1.56,22,12,0.0,Clouds,few clouds,21
Kisszekeres,47.965833,22.629444,2026-07-11 21:31:14.862631,16.36,15.98,16.36,16.36,1017,74,1.58,24,11,0.0,Clouds,few clouds,21
Jánkmajtis,47.941944,22.657222,2026-07-11 21:31:16.093193,16.29,15.93,16.29,16.29,1017,75,1.54,28,9,0.0,Clear,clear sky,21
Gacsály,47.926111,22.745,2026-07-11 21:31:17.362044,15.04,14.58,15.04,15.04,1017,76,1.36,37,6,0.0,Clear,clear sky,21
Zajta,47.9025,22.796111,2026-07-11 21:31:18.590724,15.03,14.6,15.03,15.03,1017,77,1.2,50,4,0.0,Clear,clear sky,21
Eperjeske alsó,48.360556,22.19,2026-07-11 21:31:19.825115,16.8,16.44,16.8,16.8,1017,73,1.7,17,63,0.0,Clouds,broken clouds,21
Mándok,48.326944,22.196389,2026-07-11 21:31:21.066446,16.78,16.42,16.78,16.78,1017,73,1.68,20,55,0.0,Clouds,broken clouds,21
Tornyospálca,48.268333,22.201944,2026-07-11 21:31:22.317338,16.8,16.44,16.8,16.8,1017,73,1.69,24,46,0.0,Clouds,scattered clouds,21
Aranyosapáti,48.211303,22.253534,2026-07-11 21:31:23.565303,16.74,16.4,16.74,16.74,1017,74,1.72,23,32,0.0,Clouds,scattered clouds,21
Gyüre,48.171389,22.269167,2026-07-11 21:31:24.824377,16.72,16.38,16.72,16.72,1017,74,1.74,24,25,0.0,Clouds,scattered clouds,21
Varsány,48.151722,22.290047,2026-07-11 21:31:26.083867,16.68,16.34,16.68,16.68,1017,74,1.77,23,21,0.0,Clouds,few clouds,21
Vásárosnamény,48.126667,22.306111,2026-07-11 21:31:27.349725,16.69,16.32,16.69,16.69,1017,73,1.8,23,18,0.0,Clouds,few clouds,21
Vitka,48.095556,22.308056,2026-07-11 21:31:28.599912,16.68,16.31,16.68,16.68,1017,73,1.83,24,15,0.0,Clouds,few clouds,21
Nagydobos,48.054167,22.311111,2026-07-11 21:31:29.902577,16.62,16.24,16.62,16.62,1017,73,1.87,25,13,0.0,Clouds,few clouds,21
Ópályi,47.997778,22.318333,2026-07-11 21:31:31.258306,16.6,16.2,16.6,16.6,1017,72,2.01,30,9,0.0,Clear,clear sky,21
Nyírcsaholy,47.908056,22.348333,2026-07-11 21:31:32.501439,16.61,16.21,16.61,16.61,1017,72,2.11,34,7,0.0,Clear,clear sky,21
Nagyecsed,47.864722,22.385556,2026-07-11 21:31:33.726743,16.58,16.17,16.58,16.58,1017,72,2.08,38,7,0.0,Clear,clear sky,21
Tiborszállás,47.815278,22.402778,2026-07-11 21:31:34.990163,16.54,16.13,16.54,16.54,1017,72,2.21,44,6,0.0,Clear,clear sky,21
Kiskunhalas,46.434444,19.493611,2026-07-11 21:31:36.248212,17.93,16.88,17.93,17.93,1016,42,3.32,7,81,0.0,Clouds,broken clouds,21
Kecskemét alsó,46.895833,19.692222,2026-07-11 21:31:37.464688,17.45,16.58,17.45,17.45,1016,51,3.54,45,6,0.0,Clear,clear sky,21
Putnok,48.286667,20.4375,2026-07-11 21:31:38.720516,18.89,18.85,17.8,18.89,1017,77,0.58,81,19,0.0,Clouds,few clouds,21
Bánréve,48.299722,20.351944,2026-07-11 21:31:40.001656,18.88,18.81,18.88,18.88,1017,76,0.61,49,20,0.0,Clouds,few clouds,21
Ipolytarnóc,48.236667,19.629167,2026-07-11 21:31:41.266035,16.81,16.45,16.81,16.81,1018,73,1.6,356,14,0.0,Clouds,few clouds,21
Rákosliget,47.486111,19.257778,2026-07-11 21:31:42.523003,22.46,22.01,20.34,23.64,1017,48,3.61,44,27,0.0,Clouds,scattered clouds,21
Ikrény,47.657778,17.524167,2026-07-11 21:31:43.746866,20.24,19.6,20.24,20.24,1018,49,3.73,6,43,0.0,Clouds,scattered clouds,21
Rábapatona,47.648889,17.461944,2026-07-11 21:31:44.963098,20.32,19.71,20.32,20.32,1018,50,3.79,7,48,0.0,Clouds,scattered clouds,21
Enese,47.644167,17.425278,2026-07-11 21:31:46.228482,20.34,19.74,20.34,20.34,1018,50,3.77,7,51,0.0,Clouds,broken clouds,21
Kóny,47.632222,17.357222,2026-07-11 21:31:47.485099,20.35,19.77,20.35,20.35,1018,51,3.79,8,54,0.0,Clouds,broken clouds,21
Farád,47.595278,17.195833,2026-07-11 21:31:48.751960,22.23,21.92,22.23,22.23,1018,54,3.62,10,58,0.0,Clouds,broken clouds,21
Rábatamási,47.592778,17.161389,2026-07-11 21:31:50.014559,22.23,21.92,22.23,22.23,1018,54,3.62,10,58,0.0,Clouds,broken clouds,21
Szárföld,47.589167,17.123889,2026-07-11 21:31:51.234525,22.21,21.9,22.21,22.21,1018,54,3.6,10,58,0.0,Clouds,broken clouds,21
Veszkény,47.586944,17.101389,2026-07-11 21:31:52.468078,22.22,21.78,22.22,22.22,1018,49,3.57,10,59,0.0,Clouds,broken clouds,21
Kapuvár,47.581944,17.046944,2026-07-11 21:31:53.725041,22.2,21.76,22.2,22.2,1018,49,3.52,9,58,0.0,Clouds,broken clouds,21
Vitnyéd-Csermajor,47.5825,16.987222,2026-07-11 21:31:54.974710,22.21,21.77,22.21,22.21,1018,49,3.47,8,60,0.0,Clouds,broken clouds,21
Petőháza,47.595278,16.893056,2026-07-11 21:31:56.240539,22.16,21.71,22.16,22.16,1018,49,3.48,4,70,0.0,Clouds,broken clouds,21
Fertőszentmiklós,47.6,16.858889,2026-07-11 21:31:57.735261,22.16,21.71,18.38,22.16,1018,49,3.46,2,72,0.0,Clouds,broken clouds,21
Pinnye,47.600278,16.768611,2026-07-11 21:31:58.962476,22.04,21.58,18.26,22.04,1018,49,3.28,351,82,0.0,Clouds,broken clouds,21
Fertőboz,47.625,16.691667,2026-07-11 21:32:00.221894,21.88,21.4,18.1,21.88,1018,49,3.18,343,82,0.0,Clouds,broken clouds,21
Sopron,47.677778,16.587222,2026-07-11 21:32:01.482334,21.58,21.18,17.8,21.58,1018,53,2.77,328,70,0.0,Clouds,broken clouds,21
Fertőszéplak-Fertőd,47.618889,16.850833,2026-07-11 21:32:02.710185,22.18,21.73,18.4,22.18,1018,49,3.54,358,77,0.0,Clouds,broken clouds,21
Nyúl,47.587778,17.698056,2026-07-11 21:32:03.972811,19.92,19.33,19.92,19.92,1018,52,3.13,8,18,0.0,Clouds,few clouds,21
Pannonhalma,47.547778,17.740833,2026-07-11 21:32:05.220751,19.53,18.97,19.53,19.53,1018,55,2.53,11,4,0.0,Clear,clear sky,21
Tarjánpuszta,47.504722,17.789167,2026-07-11 21:32:06.451761,19.35,18.8,19.35,19.35,1018,56,2.17,13,2,0.0,Clear,clear sky,21
Győrasszonyfa,47.4925,17.799167,2026-07-11 21:32:07.686996,19.35,18.8,19.35,19.35,1018,56,2.17,13,2,0.0,Clear,clear sky,21
Veszprémvarsány,47.443333,17.818333,2026-07-11 21:32:08.951664,19.16,18.62,19.16,19.16,1018,57,1.92,11,7,0.0,Clear,clear sky,21
Bakonyszentlászló,47.395556,17.8175,2026-07-11 21:32:10.180913,18.79,18.21,18.79,18.79,1018,57,1.79,11,16,0.0,Clouds,few clouds,21
Porva-Csesznek,47.326944,17.841111,2026-07-11 21:32:11.451430,17.45,16.74,17.45,17.45,1018,57,1.76,9,28,0.0,Clouds,scattered clouds,21
Zirc,47.266667,17.878056,2026-07-11 21:32:12.674086,17.46,16.72,17.46,17.46,1018,56,2.01,358,42,0.0,Clouds,scattered clouds,21
Eplény,47.192778,17.921667,2026-07-11 21:32:13.889082,17.92,17.18,17.92,17.92,1018,54,2.46,353,50,0.0,Clouds,scattered clouds,21
Marcaltő,47.4275,17.348889,2026-07-11 21:32:15.148311,20.35,19.8,20.35,20.35,1018,52,3.41,12,69,0.0,Clouds,broken clouds,21
Szany-Rábaszentandrás,47.460833,17.315278,2026-07-11 21:32:16.370838,20.37,19.79,20.37,20.37,1018,51,3.61,9,67,0.0,Clouds,broken clouds,21
Egyed-Rábacsanak,47.521944,17.316389,2026-07-11 21:32:17.709172,20.35,19.77,20.35,20.35,1018,51,3.76,8,64,0.0,Clouds,broken clouds,21
Rábapordány,47.557222,17.315,2026-07-11 21:32:19.022057,20.38,19.81,20.38,20.38,1018,51,3.79,8,62,0.0,Clouds,broken clouds,21
Albertfalva,47.440784,19.033965,2026-07-11 21:32:20.615136,22.91,22.54,20.59,23.89,1017,49,1.79,38,21,0.0,Clouds,few clouds,21
Budafok,47.425833,19.041389,2026-07-11 21:32:21.860415,23.13,22.73,21.55,23.9,1017,47,1.79,38,22,0.0,Clouds,few clouds,21
Tétényliget,47.384722,18.955278,2026-07-11 21:32:23.265691,22.81,22.37,20.62,23.92,1016,47,1.79,38,19,0.0,Clouds,few clouds,21
Érd alsó,47.379722,18.923056,2026-07-11 21:32:24.523855,23.02,22.6,21.43,23.78,1016,47,1.79,38,15,0.0,Clouds,few clouds,21
Tárnok,47.365556,18.873889,2026-07-11 21:32:25.977152,22.65,22.22,20.55,23.19,1017,48,3.1,8,12,0.0,Clouds,few clouds,21
Martonvásár,47.321389,18.781667,2026-07-11 21:32:27.887481,22.84,22.49,20.87,23.77,1017,50,3.2,3,7,0.0,Clear,clear sky,21
Baracska,47.297222,18.753333,2026-07-11 21:32:29.103045,23.22,22.93,21.71,23.22,1017,51,3.23,2,4,0.0,Clear,clear sky,21
Pettend,47.26,18.708889,2026-07-11 21:32:30.383673,17.54,16.71,17.54,17.54,1017,52,3.21,1,2,0.0,Clear,clear sky,21
Kápolnásnyék,47.245556,18.692222,2026-07-11 21:32:31.628776,17.67,16.85,17.67,17.67,1017,52,3.21,2,2,0.0,Clear,clear sky,21
Velence,47.226944,18.663889,2026-07-11 21:32:32.860763,17.79,16.98,17.79,17.79,1017,52,3.17,2,2,0.0,Clear,clear sky,21
Velencefürdő,47.218611,18.648056,2026-07-11 21:32:34.117998,17.8,16.99,17.8,17.8,1017,52,3.23,3,3,0.0,Clear,clear sky,21
Gárdony,47.205833,18.624722,2026-07-11 21:32:35.352750,17.89,17.09,17.89,17.89,1017,52,3.2,3,4,0.0,Clear,clear sky,21
Agárd,47.197666,18.604907,2026-07-11 21:32:36.565823,17.89,17.09,17.89,17.89,1017,52,3.2,3,4,0.0,Clear,clear sky,21
Dinnyés,47.179722,18.560833,2026-07-11 21:32:37.793569,17.95,17.16,17.95,17.95,1017,52,3.19,5,8,0.0,Clear,clear sky,21
Székesfehérvár,47.183611,18.424722,2026-07-11 21:32:39.045135,18.22,17.46,18.22,18.22,1017,52,3.07,359,8,0.0,Clear,clear sky,21
Szabadbattyán,47.105278,18.388333,2026-07-11 21:32:40.308686,18.32,17.54,18.32,18.32,1017,51,3.15,3,23,0.0,Clouds,few clouds,21
Kiscséripuszta,47.048056,18.355,2026-07-11 21:32:41.575525,22.46,22.07,22.46,22.46,1017,50,3.2,5,30,0.0,Clouds,scattered clouds,21
Lepsény,46.9875,18.248056,2026-07-11 21:32:42.837242,22.68,23.12,22.68,22.68,1017,81,3.28,7,29,0.0,Clouds,scattered clouds,21
Balatonaliga,46.984444,18.171389,2026-07-11 21:32:44.051847,22.49,22.91,22.49,22.49,1017,81,3.28,3,27,0.0,Clouds,scattered clouds,21
Balatonvilágos,46.964167,18.157222,2026-07-11 21:32:45.285495,22.53,22.95,22.53,22.53,1017,81,3.32,4,25,0.0,Clouds,scattered clouds,21
Szabadifürdő,46.926111,18.103333,2026-07-11 21:32:46.542305,22.7,23.14,22.7,22.7,1017,81,3.33,8,19,0.0,Clouds,few clouds,21
Ózd alsó,48.227778,20.306111,2026-07-11 21:32:47.795247,18.72,18.61,18.72,18.72,1017,75,0.39,80,12,0.0,Clouds,few clouds,21
Ózd,48.2225,20.294722,2026-07-11 21:32:49.059768,18.77,18.66,18.77,18.77,1017,75,0.39,80,12,0.0,Clouds,few clouds,21
Alsóboldva,48.212778,20.792222,2026-07-11 21:32:50.327600,18.01,18.48,15.68,19.1,1017,100,0.22,210,31,0.0,Clouds,scattered clouds,21
Boldva,48.223333,20.790278,2026-07-11 21:32:51.555660,18.0,17.89,15.68,19.09,1017,78,0.22,210,31,0.0,Clouds,scattered clouds,21
Borsodszirák,48.259167,20.770556,2026-07-11 21:32:52.782372,17.96,17.82,17.96,19.05,1017,77,0.26,196,29,0.0,Clouds,scattered clouds,21
Edelény alsó,48.279167,20.760833,2026-07-11 21:32:54.042154,17.94,17.8,17.94,17.94,1017,77,0.26,196,29,0.0,Clouds,scattered clouds,21
Edelény,48.299722,20.749444,2026-07-11 21:32:55.297417,17.92,17.78,17.92,17.92,1017,77,0.16,191,31,0.0,Clouds,scattered clouds,21
Szendrőlád,48.334444,20.731944,2026-07-11 21:32:56.556063,16.05,15.72,16.05,16.05,1017,77,0.14,39,36,0.0,Clouds,scattered clouds,21
Szendrő,48.400725,20.721346,2026-07-11 21:32:57.794876,16.87,16.62,16.87,16.87,1017,77,0.61,14,46,0.0,Clouds,scattered clouds,21
Szendrő felső,48.409907,20.720148,2026-07-11 21:32:59.053607,16.87,16.62,16.87,16.87,1017,77,0.61,14,46,0.0,Clouds,scattered clouds,21
Szalonna,48.449444,20.722222,2026-07-11 21:33:00.275681,16.83,16.61,16.83,16.83,1017,78,1.12,10,55,0.37,Rain,light rain,21
Perkupa,48.471389,20.691111,2026-07-11 21:33:01.502658,16.1,15.83,16.1,16.1,1017,79,1.33,9,60,0.89,Rain,light rain,21
Szemeretelep,47.443056,19.214167,2026-07-11 21:33:02.761032,22.62,22.19,20.4,23.7,1017,48,3.84,42,28,0.0,Clouds,scattered clouds,21
Jósvafő-Aggtelek,48.489722,20.693889,2026-07-11 21:33:04.001469,16.37,16.13,16.37,16.37,1017,79,1.53,8,63,0.45,Rain,light rain,21
Bódvaszilas,48.5375,20.738056,2026-07-11 21:33:05.242063,15.92,15.63,15.92,15.92,1017,79,1.71,7,66,0.0,Clouds,broken clouds,21
Komjáti,48.5475,20.759722,2026-07-11 21:33:06.505519,15.42,15.08,15.42,15.42,1017,79,1.85,6,70,0.0,Clouds,broken clouds,21
Tornanádaska,48.558333,20.787222,2026-07-11 21:33:07.765139,16.57,16.32,16.57,16.57,1017,78,1.87,6,72,0.0,Clouds,broken clouds,21
Onga,48.121111,20.906667,2026-07-11 21:33:09.015905,18.06,18.53,15.74,18.06,1017,100,1.07,62,39,0.0,Clouds,scattered clouds,21
Szikszó-Vásártér,48.193056,20.934722,2026-07-11 21:33:10.237335,18.03,17.87,15.7,18.03,1017,76,0.34,67,43,0.0,Clouds,scattered clouds,21
Szikszó,48.201667,20.941667,2026-07-11 21:33:11.486977,18.04,17.88,18.04,18.04,1017,76,0.48,68,45,0.0,Clouds,scattered clouds,21
Aszaló,48.219867,20.961466,2026-07-11 21:33:12.726239,18.02,17.86,18.02,18.02,1017,76,0.33,65,48,0.0,Clouds,scattered clouds,21
Halmaj,48.246667,20.991667,2026-07-11 21:33:13.983609,17.17,16.9,17.17,17.17,1017,75,0.4,56,53,0.0,Clouds,broken clouds,21
Csobád,48.277222,21.033889,2026-07-11 21:33:15.209934,17.03,16.75,17.03,17.03,1017,75,0.53,51,59,0.0,Clouds,broken clouds,21
Ináncs,48.291111,21.057778,2026-07-11 21:33:16.426715,16.94,16.62,16.94,16.94,1017,74,0.84,55,66,0.0,Clouds,broken clouds,21
Forró-Encs,48.3275,21.117778,2026-07-11 21:33:17.685376,16.85,16.5,16.85,16.85,1017,73,1.03,55,71,0.0,Clouds,broken clouds,21
Méra,48.363056,21.140278,2026-07-11 21:33:18.929519,16.58,16.17,16.58,16.58,1017,72,1.34,52,78,0.0,Clouds,broken clouds,21
Novajidrány,48.404444,21.170556,2026-07-11 21:33:20.155663,16.66,16.24,16.66,16.66,1017,71,1.5,53,82,0.0,Clouds,broken clouds,21
Hernádszurdok,48.487222,21.213889,2026-07-11 21:33:21.374338,16.63,16.33,16.43,16.92,1017,76,1.69,46,87,0.0,Clouds,overcast clouds,21
Hidasnémeti,48.508333,21.229722,2026-07-11 21:33:22.626295,16.64,16.34,16.44,16.92,1017,76,1.74,41,87,0.0,Clouds,overcast clouds,21
Mád,48.19,21.268889,2026-07-11 21:33:23.883350,16.73,16.34,16.73,16.73,1017,72,1.94,70,50,0.0,Clouds,scattered clouds,21
Rátka,48.215,21.230278,2026-07-11 21:33:25.101385,17.07,16.71,17.07,17.07,1017,72,1.7,70,55,0.0,Clouds,broken clouds,21
Tállya,48.226944,21.225278,2026-07-11 21:33:26.326610,17.07,16.71,17.07,17.07,1017,72,1.7,70,55,0.0,Clouds,broken clouds,21
Golop,48.242778,21.204167,2026-07-11 21:33:27.549502,17.07,16.74,17.07,17.07,1017,73,1.33,70,59,0.0,Clouds,broken clouds,21
Abaújszántó,48.286944,21.181667,2026-07-11 21:33:28.817521,16.73,16.34,16.73,16.73,1017,72,1.25,65,68,0.0,Clouds,broken clouds,21
Abaújszántói fürdő,48.268333,21.179722,2026-07-11 21:33:30.080836,17.01,16.67,17.01,17.01,1017,73,1.26,68,64,0.0,Clouds,broken clouds,21
Abaújkér,48.309444,21.198333,2026-07-11 21:33:31.325608,16.7,16.31,16.7,16.7,1017,72,1.27,62,72,0.0,Clouds,broken clouds,21
Boldogkőváralja,48.345,21.208889,2026-07-11 21:33:32.538279,16.65,16.22,16.65,16.65,1017,71,1.47,62,77,0.0,Clouds,broken clouds,21
Korlát-Vizsoly,48.365,21.219167,2026-07-11 21:33:33.759068,16.73,16.31,16.73,16.73,1017,71,1.51,60,79,0.0,Clouds,broken clouds,21
Fony,48.411389,21.242778,2026-07-11 21:33:35.005257,16.46,16.02,16.38,16.46,1017,71,1.6,54,84,0.0,Clouds,broken clouds,21
Hejce-Vilmány,48.419444,21.245556,2026-07-11 21:33:36.274217,16.43,15.98,16.34,16.43,1017,71,1.6,54,84,0.0,Clouds,broken clouds,21
Göncruszka,48.445,21.246944,2026-07-11 21:33:37.497480,16.55,16.11,16.43,16.85,1017,71,1.65,50,85,0.0,Clouds,overcast clouds,21
Gönc,48.470556,21.261389,2026-07-11 21:33:38.727023,16.49,16.07,16.27,16.75,1017,72,1.63,47,86,0.0,Clouds,overcast clouds,21
Zsujta,48.4925,21.265,2026-07-11 21:33:39.982892,16.52,16.21,16.29,16.77,1017,76,1.67,42,87,0.0,Clouds,overcast clouds,21
Bodrogkeresztúr,48.175556,21.354167,2026-07-11 21:33:41.206661,16.37,15.94,16.37,16.37,1017,72,2.26,66,46,0.0,Clouds,scattered clouds,21
Szegi,48.201944,21.387778,2026-07-11 21:33:42.453555,16.87,16.47,16.87,16.87,1017,71,2.21,59,55,0.0,Clouds,broken clouds,21
Erdőbénye,48.218056,21.401944,2026-07-11 21:33:43.717943,16.84,16.41,16.84,16.84,1017,70,2.13,54,63,0.0,Clouds,broken clouds,21
Olaszliszka-Tolcsva,48.258333,21.448056,2026-07-11 21:33:44.942703,16.87,16.44,16.87,16.87,1017,70,1.97,46,76,0.0,Clouds,broken clouds,21
Bodrogolaszi,48.286944,21.512778,2026-07-11 21:33:46.214132,16.81,17.16,16.81,16.81,1017,100,1.92,41,81,0.0,Clouds,broken clouds,21
Sárospatak,48.325833,21.566111,2026-07-11 21:33:47.454646,16.76,17.1,16.76,16.76,1017,100,1.96,29,84,0.0,Clouds,broken clouds,21
Sátoraljaújhely,48.385833,21.657778,2026-07-11 21:33:48.686055,16.84,17.19,16.84,16.84,1017,100,1.86,13,84,0.0,Clouds,broken clouds,21
Vecsés,47.40855,19.25652,2026-07-11 21:33:49.936298,22.9,22.47,21.58,23.74,1017,47,4.12,44,29,0.0,Clouds,scattered clouds,21
Vecsés-Kertekalja,47.403333,19.271389,2026-07-11 21:33:51.157208,22.92,22.49,21.62,23.78,1017,47,4.12,44,29,0.0,Clouds,scattered clouds,21
Üllő,47.390833,19.348889,2026-07-11 21:33:52.417093,22.84,22.41,21.57,23.73,1017,47,4.24,46,29,0.0,Clouds,scattered clouds,21
Monor,47.34545,19.43701,2026-07-11 21:33:53.641327,22.71,22.26,22.71,22.71,1017,47,4.15,48,29,0.0,Clouds,scattered clouds,21
Pilis,47.279722,19.536389,2026-07-11 21:33:54.870115,16.42,15.58,16.42,22.67,1017,56,4.06,49,32,0.0,Clouds,scattered clouds,21
Albertirsa,47.240278,19.606389,2026-07-11 21:33:56.113144,16.51,15.97,16.51,16.51,1016,67,3.9,51,43,0.0,Clouds,scattered clouds,21
Ceglédbercel-Cserő,47.210278,19.686944,2026-07-11 21:33:57.367984,16.58,16.04,16.58,16.58,1016,67,3.8,53,50,0.0,Clouds,scattered clouds,21
Cegléd,47.182778,19.806111,2026-07-11 21:33:58.592648,16.68,16.15,16.68,21.01,1016,67,3.54,54,56,0.0,Clouds,broken clouds,21
Abony,47.173056,20.016389,2026-07-11 21:33:59.852117,21.07,20.67,16.75,21.07,1016,55,3.24,52,43,0.0,Clouds,scattered clouds,21
Szolnok,47.179167,20.175833,2026-07-11 21:34:01.112967,21.09,20.69,16.77,21.09,1016,55,2.24,31,31,0.0,Clouds,scattered clouds,21
Szajol,47.170556,20.295278,2026-07-11 21:34:02.353699,21.1,20.7,21.1,21.1,1016,55,3.61,57,27,0.0,Clouds,scattered clouds,21
Törökszentmiklós,47.170278,20.413611,2026-07-11 21:34:03.602236,21.1,20.78,21.1,21.1,1016,58,3.88,60,25,0.0,Clouds,scattered clouds,21
Rákoscsaba-Újtelep,47.4875,19.271944,2026-07-11 21:34:04.824526,22.46,22.01,20.34,23.64,1017,48,3.61,44,27,0.0,Clouds,scattered clouds,21
Rákoscsaba,47.492222,19.284722,2026-07-11 21:34:06.073526,22.72,22.27,21.47,23.63,1017,47,3.61,44,27,0.0,Clouds,scattered clouds,21
Pécel,47.493889,19.338889,2026-07-11 21:34:07.336129,22.58,22.12,21.34,23.51,1017,47,3.57,45,27,0.0,Clouds,scattered clouds,21
Isaszeg,47.537719,19.388955,2026-07-11 21:34:08.609951,22.43,21.96,20.12,23.42,1017,47,3.01,43,24,0.0,Clouds,few clouds,21
Gödöllő,47.592222,19.358611,2026-07-11 21:34:09.853494,21.86,21.33,19.9,23.2,1017,47,2.47,40,22,0.0,Clouds,few clouds,21
Máriabesnyő,47.595556,19.389722,2026-07-11 21:34:11.096971,22.21,21.71,20.04,23.34,1017,47,2.47,40,22,0.0,Clouds,few clouds,21
Bag,47.641111,19.471667,2026-07-11 21:34:12.359054,22.73,22.68,22.73,22.73,1017,62,1.6,35,18,0.0,Clouds,few clouds,21
Aszód,47.647467,19.492882,2026-07-11 21:34:13.589270,22.8,22.78,22.8,22.8,1017,63,1.53,35,17,0.0,Clouds,few clouds,21
Hévízgyörk,47.638611,19.526667,2026-07-11 21:34:14.856302,22.81,22.82,22.81,22.81,1017,64,1.48,35,16,0.0,Clouds,few clouds,21
Galgahévíz,47.6325,19.558333,2026-07-11 21:34:16.102262,22.8,22.81,22.8,22.8,1017,64,1.79,38,15,0.0,Clouds,few clouds,21
Tura,47.626389,19.5975,2026-07-11 21:34:17.364674,22.83,22.87,22.83,22.83,1017,65,1.86,39,14,0.0,Clouds,few clouds,21
Hatvan,47.663611,19.671389,2026-07-11 21:34:18.620950,17.04,16.5,17.04,17.04,1017,65,1.67,42,14,0.0,Clouds,few clouds,21
Vámosgyörk,47.686111,19.927778,2026-07-11 21:34:19.840867,17.39,16.88,17.39,17.39,1017,65,3.12,48,20,0.0,Clouds,few clouds,21
Adács,47.696389,19.975278,2026-07-11 21:34:21.087595,17.51,17.04,17.51,17.51,1017,66,3.31,50,23,0.0,Clouds,few clouds,21
Karácsond,47.718056,20.048611,2026-07-11 21:34:22.339464,17.42,16.97,17.42,17.42,1017,67,3.28,50,24,0.0,Clouds,few clouds,21
Ludas,47.723889,20.095556,2026-07-11 21:34:23.586470,17.67,17.27,17.67,17.67,1017,68,3.6,52,25,0.0,Clouds,scattered clouds,21
Nagyút,47.72666666666667,20.161388888888887,2026-07-11 21:34:24.852039,17.66,17.26,17.66,17.66,1017,68,3.69,52,25,0.0,Clouds,scattered clouds,21
Kál-Kápolna,47.734167,20.254167,2026-07-11 21:34:26.075256,17.73,17.36,17.73,17.73,1017,69,4.01,56,27,0.0,Clouds,scattered clouds,21
Füzesabony,47.751389,20.415278,2026-07-11 21:34:27.331937,17.81,17.47,17.81,17.81,1017,70,4.42,62,30,0.0,Clouds,scattered clouds,21
Szihalom,47.766944,20.491944,2026-07-11 21:34:28.575064,15.73,15.19,15.73,15.73,1017,70,4.36,63,30,0.0,Clouds,scattered clouds,21
Mezőkövesd,47.797222,20.5675,2026-07-11 21:34:29.834725,15.74,15.22,15.74,15.74,1017,71,4.07,62,29,0.0,Clouds,scattered clouds,21
Mezőkövesd felső,47.807222,20.591389,2026-07-11 21:34:31.094831,15.76,15.25,15.72,19.14,1017,71,4.07,62,29,0.0,Clouds,scattered clouds,21
Mezőkeresztes-Mezőnyárád,47.845556,20.670278,2026-07-11 21:34:32.339767,15.91,15.7,15.72,19.14,1017,82,3.29,56,31,0.0,Clouds,scattered clouds,21
Csincse,47.890833,20.764167,2026-07-11 21:34:33.591433,16.05,15.85,15.74,19.16,1017,82,2.97,52,31,0.0,Clouds,scattered clouds,21
Emőd,47.930556,20.822778,2026-07-11 21:34:34.847681,16.16,16.13,15.76,19.18,1017,88,2.49,47,35,0.0,Clouds,scattered clouds,21
Nyékládháza,47.9925,20.840556,2026-07-11 21:34:36.060668,16.4,16.42,15.79,19.21,1017,89,2.04,45,38,0.0,Clouds,scattered clouds,21
Miskolc-Tiszai,48.098611,20.811389,2026-07-11 21:34:37.279850,17.23,17.41,15.71,19.13,1017,92,0.8,30,37,0.0,Clouds,scattered clouds,21
Felsőzsolca,48.083611,20.866111,2026-07-11 21:34:38.539133,16.91,17.03,15.74,19.15,1017,91,1.03,47,39,0.0,Clouds,scattered clouds,21
Hernádnémeti-Bőcs,48.051389,20.985,2026-07-11 21:34:39.796864,15.74,15.33,15.74,18.06,1017,75,2.08,67,35,0.0,Clouds,scattered clouds,21
Tiszalúc,48.039722,21.0575,2026-07-11 21:34:41.045595,15.78,15.35,15.78,18.11,1017,74,2.79,71,29,0.0,Clouds,scattered clouds,21
Taktaharkány,48.091667,21.128611,2026-07-11 21:34:42.268739,17.28,17.0,17.28,17.28,1017,74,2.38,73,34,0.0,Clouds,scattered clouds,21
Taktaszada,48.1125,21.149444,2026-07-11 21:34:43.491795,17.22,16.93,17.22,17.22,1017,74,2.2,73,36,0.0,Clouds,scattered clouds,21
Szerencs,48.155556,21.214444,2026-07-11 21:34:44.747274,17.23,16.91,17.23,17.23,1017,73,2.04,71,44,0.0,Clouds,scattered clouds,21
Mezőzombor,48.156944,21.267778,2026-07-11 21:34:46.006950,17.14,16.79,17.14,17.14,1017,72,2.12,70,45,0.0,Clouds,scattered clouds,21
Tarcal,48.125,21.34,2026-07-11 21:34:47.263423,17.26,16.92,17.26,17.26,1017,72,2.62,68,33,0.0,Clouds,scattered clouds,21
Tokaj,48.112778,21.406667,2026-07-11 21:34:48.494232,16.7,16.31,16.7,16.7,1017,72,2.68,63,34,0.0,Clouds,scattered clouds,21
Rakamaz,48.12,21.475,2026-07-11 21:34:49.717236,17.21,16.87,17.21,17.21,1017,72,2.69,61,35,0.0,Clouds,scattered clouds,21
Görögszállás,48.04,21.555,2026-07-11 21:34:50.986235,17.13,16.8,17.13,17.13,1017,73,2.98,65,15,0.0,Clouds,few clouds,21
Nyírtelek,48.005,21.615556,2026-07-11 21:34:52.250794,17.04,16.71,17.04,17.04,1017,73,2.96,65,11,0.0,Clouds,few clouds,21
Rákoshegy,47.468611,19.245556,2026-07-11 21:34:53.507347,22.44,22.02,20.29,23.58,1017,49,3.8,44,28,0.0,Clouds,scattered clouds,21
Ecser,47.439444,19.318056,2026-07-11 21:34:54.758566,22.72,22.27,21.47,23.63,1017,47,3.98,45,28,0.0,Clouds,scattered clouds,21
Maglód,47.438889,19.340833,2026-07-11 21:34:55.982479,22.66,22.21,21.41,23.57,1017,47,3.96,46,28,0.0,Clouds,scattered clouds,21
Maglódi nyaraló,47.434167,19.363611,2026-07-11 21:34:57.236642,22.56,22.1,21.31,23.47,1017,47,3.9,46,28,0.0,Clouds,scattered clouds,21
Gyömrő,47.429722,19.393333,2026-07-11 21:34:58.487101,22.48,22.01,22.47,23.44,1017,47,3.9,46,28,0.0,Clouds,scattered clouds,21
Mende,47.426944,19.439722,2026-07-11 21:34:59.749080,22.43,21.96,22.43,23.4,1017,47,3.81,47,28,0.0,Clouds,scattered clouds,21
Szőlősnyaraló,47.450278,19.561111,2026-07-11 21:35:00.975592,22.66,22.21,16.41,22.66,1017,47,3.37,46,25,0.0,Clouds,scattered clouds,21
Sülysáp,47.451944,19.5275,2026-07-11 21:35:02.217503,22.64,22.19,16.39,22.64,1017,47,3.47,46,26,0.0,Clouds,scattered clouds,21
Tápiószecső,47.443056,19.614722,2026-07-11 21:35:03.486136,16.49,15.81,16.49,22.75,1017,62,3.33,46,26,0.0,Clouds,scattered clouds,21
Szentmártonkáta,47.431944,19.680556,2026-07-11 21:35:04.714626,16.52,15.98,16.52,22.77,1017,67,3.32,46,26,0.0,Clouds,scattered clouds,21
Nagykáta,47.409722,19.737778,2026-07-11 21:35:05.941456,16.59,16.05,16.59,16.59,1017,67,3.43,48,31,0.0,Clouds,scattered clouds,21
Farmos,47.355278,19.8375,2026-07-11 21:35:07.194665,16.7,16.18,16.7,16.7,1017,67,3.48,51,45,0.0,Clouds,scattered clouds,21
Tápiószele,47.346313,19.873504,2026-07-11 21:35:08.453730,16.68,16.15,16.68,16.68,1016,67,3.47,52,50,0.0,Clouds,scattered clouds,21
Tápiógyörgye,47.325,19.95,2026-07-11 21:35:09.714829,16.74,16.22,16.74,21.06,1016,67,3.43,54,47,0.0,Clouds,scattered clouds,21
Újszász,47.285833,20.066944,2026-07-11 21:35:10.954450,16.78,16.26,16.78,21.1,1016,67,3.42,56,42,0.0,Clouds,scattered clouds,21
Szurdokpüspöki,47.851944,19.690278,2026-07-11 21:35:12.214241,16.94,16.54,16.94,16.94,1017,71,0.81,77,11,0.0,Clouds,few clouds,21
Lőrinci,47.739444,19.673611,2026-07-11 21:35:13.430767,17.0,16.48,17.0,17.0,1017,66,1.3,45,14,0.0,Clouds,few clouds,21
Selyp,47.759167,19.670833,2026-07-11 21:35:14.690796,16.99,16.49,16.99,16.99,1017,67,1.16,49,14,0.0,Clouds,few clouds,21
Apc-Zagyvaszántó,47.791328,19.66822,2026-07-11 21:35:15.906596,17.01,16.54,17.01,17.01,1017,68,1.02,54,14,0.0,Clouds,few clouds,21
Pásztó,47.918889,19.688889,2026-07-11 21:35:17.155765,16.8,16.44,16.8,16.8,1017,73,0.8,89,8,0.0,Clear,clear sky,21
Mátraszőlős-Hasznos,47.938506,19.706122,2026-07-11 21:35:18.392997,16.84,16.51,16.84,16.84,1017,74,0.9,93,7,0.0,Clear,clear sky,21
Tar,47.956111,19.746389,2026-07-11 21:35:19.656215,16.47,16.1,16.47,16.47,1017,74,0.99,96,9,0.0,Clear,clear sky,21
Mátraverebély,47.968333,19.778611,2026-07-11 21:35:20.867289,16.47,16.1,16.47,16.47,1017,74,0.99,96,9,0.0,Clear,clear sky,21
Nagybátony,47.981111,19.82,2026-07-11 21:35:22.125257,16.67,16.35,16.67,16.67,1017,75,0.96,99,10,0.0,Clear,clear sky,21
Kisterenye,48.009444,19.831944,2026-07-11 21:35:23.344238,16.78,16.5,16.78,16.78,1017,76,0.89,102,12,0.0,Clouds,few clouds,21
Kisterenye-Bányatelep,48.021389,19.831944,2026-07-11 21:35:24.585336,16.78,16.5,16.78,16.78,1017,76,0.89,102,12,0.0,Clouds,few clouds,21
Salgótarján külső,48.089444,19.790833,2026-07-11 21:35:25.832610,16.2,15.89,16.2,16.2,1017,77,0.83,94,10,0.0,Clear,clear sky,21
Balatonfenyves GV,46.7125,17.479167,2026-07-11 21:35:27.087161,19.94,19.77,19.94,19.94,1017,68,3.07,316,44,0.0,Clouds,scattered clouds,21
Várhegyalja,47.737778,18.366667,2026-07-11 21:35:28.345776,18.0,17.4,18.0,18.0,1017,59,2.14,356,5,0.0,Clear,clear sky,21
Imremajor,46.680556,17.499722,2026-07-11 21:35:29.604882,19.93,19.78,19.93,19.93,1017,69,3.18,314,48,0.0,Clouds,scattered clouds,21
Rákospalota-Kertváros,47.578333,19.122778,2026-07-11 21:35:30.838776,21.24,20.78,20.53,23.83,1017,52,2.63,34,17,0.0,Clouds,few clouds,21
Vicziántelep,47.675833,19.286111,2026-07-11 21:35:32.063831,20.97,20.61,20.0,23.3,1017,57,1.94,30,18,0.0,Clouds,few clouds,21
Pálmajor,46.662831,17.457526,2026-07-11 21:35:33.317648,19.89,19.79,19.89,19.89,1017,71,3.41,313,53,0.0,Clouds,broken clouds,21
Somogyszentpál felső,46.649758,17.471404,2026-07-11 21:35:34.578929,19.88,19.75,19.88,19.88,1017,70,3.29,312,52,0.0,Clouds,broken clouds,21
Somogyszentpál,46.638611,17.478611,2026-07-11 21:35:35.839933,19.76,19.65,19.76,19.76,1017,71,3.41,311,56,0.0,Clouds,broken clouds,21
Rudnaykert,47.7175,19.257778,2026-07-11 21:35:37.105434,20.55,20.2,20.35,23.64,1017,59,1.73,22,15,0.0,Clouds,few clouds,21
Maroshegy,47.158333,18.406667,2026-07-11 21:35:38.336980,18.15,17.38,18.15,18.15,1017,52,3.11,1,13,0.0,Clouds,few clouds,21
Bánhida,47.573703,18.371737,2026-07-11 21:35:39.563034,17.73,17.02,17.73,17.73,1017,56,2.48,353,4,0.0,Clear,clear sky,21
Magyarkút,47.850278,19.045,2026-07-11 21:35:40.822312,16.17,15.44,16.17,16.17,1017,61,1.54,15,23,0.0,Clouds,few clouds,21
Becske alsó,47.897222,19.364722,2026-07-11 21:35:42.079472,15.75,15.18,15.75,15.75,1017,69,1.01,359,9,0.0,Clear,clear sky,21
Hosszúberek-Péteri,47.370556,19.389722,2026-07-11 21:35:43.323481,22.75,22.31,22.75,23.71,1017,47,4.3,47,29,0.0,Clouds,scattered clouds,21
Monorierdő,47.308889,19.499167,2026-07-11 21:35:44.584105,22.65,22.43,16.4,22.65,1017,56,4.12,49,30,0.0,Clouds,scattered clouds,21
Ceglédbercel,47.215833,19.658611,2026-07-11 21:35:45.812296,16.57,16.03,16.57,16.57,1016,67,3.85,52,47,0.0,Clouds,scattered clouds,21
Budai út,47.208333,19.731389,2026-07-11 21:35:47.035186,16.61,16.08,16.61,16.61,1016,67,3.75,54,54,0.0,Clouds,broken clouds,21
Büdöskútpuszta,48.373056,20.726111,2026-07-11 21:35:48.271451,16.96,16.75,16.96,16.96,1017,78,0.35,20,40,0.0,Clouds,scattered clouds,21
Bánrévei Vízmű,48.282778,20.368333,2026-07-11 21:35:49.528886,18.91,18.84,18.91,18.91,1017,76,0.58,60,20,0.0,Clouds,few clouds,21
Rákoskert,47.456389,19.296111,2026-07-11 21:35:50.779275,22.59,22.13,21.34,23.5,1017,47,3.8,45,28,0.0,Clouds,scattered clouds,21
Szirmabesenyő,48.146944,20.783056,2026-07-11 21:35:52.040945,17.73,18.17,15.64,19.06,1017,100,0.2,9,31,0.0,Clouds,scattered clouds,21
Kitérőgyár,47.766944,19.935278,2026-07-11 21:35:53.269616,17.12,16.66,17.12,17.12,1017,68,2.45,52,22,0.0,Clouds,few clouds,21
Tápiószentmárton,47.373333,19.797778,2026-07-11 21:35:54.520680,16.64,16.11,16.64,16.64,1017,67,3.5,50,44,0.0,Clouds,scattered clouds,21
Zagyvarékas,47.244229,20.097435,2026-07-11 21:35:55.773356,21.11,20.71,16.79,21.11,1016,55,3.36,55,39,0.0,Clouds,scattered clouds,21
Abonyi út,47.206401,20.125204,2026-07-11 21:35:57.036081,21.11,20.71,16.79,21.11,1016,55,3.32,54,37,0.0,Clouds,scattered clouds,21
Jászkisér felső,47.438056,20.202222,2026-07-11 21:35:58.282369,17.77,17.27,17.77,17.77,1017,64,3.56,54,32,0.0,Clouds,scattered clouds,21
Szellőhát,47.425556,20.188889,2026-07-11 21:35:59.512481,16.78,16.16,16.78,16.78,1017,63,3.55,55,34,0.0,Clouds,scattered clouds,21
Szilvásvárad-Szalajkavölgy,48.0956,20.38272,2026-07-11 21:36:00.775297,17.47,17.28,16.38,17.47,1017,77,0.41,93,17,0.0,Clouds,few clouds,21
Vásárosnamény külső,48.084444,22.255556,2026-07-11 21:36:02.039146,16.56,16.18,16.56,16.56,1017,73,1.85,27,15,0.0,Clouds,few clouds,21
Újváros,46.660556,20.536111,2026-07-11 21:36:03.288422,18.88,18.05,18.88,18.88,1015,47,3.78,58,59,0.0,Clouds,broken clouds,21
Városi park,46.697778,19.864722,2026-07-11 21:36:04.537356,17.84,17.06,17.84,17.84,1016,53,3.44,41,9,0.0,Clear,clear sky,21
Belsőkamaráspuszta,46.341944,20.848889,2026-07-11 21:36:05.771575,21.7,21.52,21.7,21.7,1015,61,0.84,70,82,0.0,Clouds,broken clouds,21
Sajószöged,47.945278,20.981667,2026-07-11 21:36:07.030364,15.83,15.61,15.83,18.16,1017,82,3.23,65,26,0.0,Clouds,scattered clouds,21
Kazincbarcika alsó,48.255278,20.649167,2026-07-11 21:36:08.284630,17.93,17.84,17.93,19.02,1017,79,0.47,160,15,0.0,Clouds,few clouds,21
Nyárjas,46.857778,19.923611,2026-07-11 21:36:09.542541,17.53,16.72,17.53,17.53,1016,53,3.32,38,8,0.0,Clear,clear sky,21
Pogonyipuszta,48.296389,20.381667,2026-07-11 21:36:10.784084,18.87,18.8,18.87,18.87,1017,76,0.58,60,20,0.0,Clouds,few clouds,21
Sióvölgy,46.911103,18.076964,2026-07-11 21:36:12.018088,22.75,23.2,22.75,22.75,1017,81,3.22,5,20,0.0,Clouds,few clouds,21
Répáspuszta,46.430278,17.847222,2026-07-11 21:36:13.235069,19.26,18.63,19.26,19.26,1017,53,3.89,313,90,0.0,Clouds,overcast clouds,21
Virányos,48.066667,21.527222,2026-07-11 21:36:14.462743,17.15,16.8,17.15,17.15,1017,72,2.89,63,21,0.0,Clouds,few clouds,21
Füzesbokor,47.988611,21.6475,2026-07-11 21:36:15.715010,17.01,16.67,17.01,17.01,1017,73,3.0,66,7,0.0,Clear,clear sky,21
Kunfehértó,46.355833,19.417222,2026-07-11 21:36:16.956758,18.19,17.08,18.19,18.19,1015,39,3.45,354,87,0.0,Clouds,overcast clouds,21
Erdőszél,46.329444,19.395,2026-07-11 21:36:18.184386,18.22,17.09,18.22,18.22,1015,38,3.52,352,89,0.0,Clouds,overcast clouds,21
Jánoshalma,46.293056,19.330278,2026-07-11 21:36:19.418599,18.52,17.42,18.52,18.52,1015,38,3.56,348,93,0.0,Clouds,overcast clouds,21
Mélykút,46.213056,19.370556,2026-07-11 21:36:20.673563,18.67,17.61,18.67,18.67,1015,39,3.57,343,94,0.0,Clouds,overcast clouds,21
Bácsalmás,46.118056,19.346389,2026-07-11 21:36:21.907130,18.67,17.74,18.67,18.67,1015,44,3.36,340,98,0.0,Clouds,overcast clouds,21
Almás,46.116216,19.328803,2026-07-11 21:36:23.156832,18.67,17.74,18.67,18.67,1015,44,3.36,340,98,0.0,Clouds,overcast clouds,21
Bácsbokod-Bácsborsód,46.115833,19.16,2026-07-11 21:36:24.409865,18.5,17.66,18.5,18.5,1015,48,3.18,339,100,0.0,Clouds,overcast clouds,21
Baja,46.187014,18.957602,2026-07-11 21:36:25.624320,18.83,17.87,18.83,18.83,1015,42,3.34,344,99,0.0,Clouds,overcast clouds,21
Harkakötöny,46.458333,19.601944,2026-07-11 21:36:26.861311,17.84,16.85,17.84,17.84,1015,45,3.14,16,71,0.0,Clouds,broken clouds,21
Tajó,46.473056,19.650556,2026-07-11 21:36:28.084123,17.85,16.87,17.85,17.85,1015,45,3.1,19,69,0.0,Clouds,broken clouds,21
Kiskunmajsa,46.501667,19.728056,2026-07-11 21:36:29.327558,17.83,16.9,17.83,17.83,1015,47,3.09,30,58,0.0,Clouds,broken clouds,21
Jászszentlászló,46.565833,19.753611,2026-07-11 21:36:30.557095,17.78,16.95,17.78,17.78,1015,51,3.27,42,32,0.0,Clouds,scattered clouds,21
Galambos,46.625,19.801111,2026-07-11 21:36:31.811745,17.78,16.97,17.78,17.78,1016,52,3.38,43,20,0.0,Clouds,few clouds,21
Pestszentimre,47.402222,19.188611,2026-07-11 21:36:33.032536,22.66,22.23,20.5,23.23,1017,48,3.99,40,29,0.0,Clouds,scattered clouds,21
Gyál felső,47.390278,19.204722,2026-07-11 21:36:34.254999,22.99,22.57,21.64,23.24,1017,47,4.11,42,29,0.0,Clouds,scattered clouds,21
Gyál,47.376667,19.219444,2026-07-11 21:36:35.513071,23.06,22.62,21.65,23.81,1017,46,4.11,42,29,0.0,Clouds,scattered clouds,21
Ócsa,47.301389,19.232222,2026-07-11 21:36:36.748374,23.03,22.62,21.67,23.28,1016,47,4.34,39,29,0.0,Clouds,scattered clouds,21
Inárcs-Kakucs,47.247222,19.317778,2026-07-11 21:36:38.005501,22.87,22.57,22.87,22.87,1016,52,4.45,41,27,0.0,Clouds,scattered clouds,21
Dabas,47.194722,19.328889,2026-07-11 21:36:39.256686,17.2,16.36,17.2,17.2,1016,53,4.38,39,24,0.0,Clouds,few clouds,21
Gyón,47.178333,19.355556,2026-07-11 21:36:40.529771,17.22,16.38,17.22,17.22,1016,53,4.32,37,22,0.0,Clouds,few clouds,21
Hernád,47.161389,19.4025,2026-07-11 21:36:41.774623,17.11,16.29,17.11,17.11,1016,54,4.14,41,24,0.0,Clouds,few clouds,21
Bakonygyirót,47.416389,17.811944,2026-07-11 21:36:43.023335,19.13,18.59,19.13,19.13,1018,57,1.87,16,13,0.0,Clouds,few clouds,21
Vinye,47.360317,17.819635,2026-07-11 21:36:44.268915,18.58,17.98,18.58,18.58,1018,57,1.77,10,22,0.0,Clouds,few clouds,21
Nemesgörzsöny,47.402924,17.376385,2026-07-11 21:36:45.501091,20.2,19.61,20.2,20.2,1018,51,3.42,14,69,0.0,Clouds,broken clouds,21
Rábahíd,47.438618,17.337525,2026-07-11 21:36:46.765323,20.22,19.63,20.22,20.22,1018,51,3.52,10,68,0.0,Clouds,broken clouds,21
Öskü,47.162222,18.076389,2026-07-11 21:36:48.027385,22.42,22.08,22.42,22.42,1017,52,3.09,346,35,0.0,Clouds,scattered clouds,21
Márkó,47.1275,17.813889,2026-07-11 21:36:49.270143,18.36,17.64,18.36,18.36,1018,53,2.33,2,58,0.0,Clouds,broken clouds,21
Nemeskocs,47.203333,17.188889,2026-07-11 21:36:50.528262,20.13,19.63,20.13,20.13,1018,55,3.27,3,51,0.0,Clouds,broken clouds,21
Zalagyömörő,47.011111,17.220833,2026-07-11 21:36:51.781444,20.0,19.54,20.0,20.0,1018,57,3.88,358,23,0.0,Clouds,few clouds,21
Rigács,47.061667,17.199167,2026-07-11 21:36:53.032199,19.96,19.47,19.96,19.96,1018,56,3.81,360,26,0.0,Clouds,scattered clouds,21
Kemenespálfa,47.139722,17.183056,2026-07-11 21:36:54.278152,20.09,19.62,20.09,20.09,1018,56,3.58,2,39,0.0,Clouds,scattered clouds,21
Lentiszombathely,46.611389,16.5725,2026-07-11 21:36:55.507912,18.84,18.84,18.84,18.84,1018,79,2.51,337,53,0.0,Clouds,broken clouds,21
Ortaháza,46.626667,16.685833,2026-07-11 21:36:56.725281,19.79,19.84,19.79,19.79,1018,77,2.51,338,54,0.0,Clouds,broken clouds,21
Rádiháza,46.654722,16.765833,2026-07-11 21:36:57.987877,19.78,19.77,19.78,19.78,1018,75,2.73,338,54,0.0,Clouds,broken clouds,21
Baktüttös,46.690833,16.826389,2026-07-11 21:36:59.244844,19.91,19.84,19.91,19.91,1018,72,3.31,337,53,0.0,Clouds,broken clouds,21
Budafa,46.851667,16.624722,2026-07-11 21:37:00.484503,19.99,19.95,19.99,19.99,1018,73,3.12,346,54,0.0,Clouds,broken clouds,21
Zalapatakalja,46.845556,16.603889,2026-07-11 21:37:01.730067,19.97,19.98,19.97,19.97,1018,75,3.02,346,52,0.0,Clouds,broken clouds,21
Tormásliget,47.430556,16.781667,2026-07-11 21:37:02.952595,18.08,17.72,18.08,18.08,1018,68,2.98,1,52,0.0,Clouds,broken clouds,21
Belecska,46.64,18.411389,2026-07-11 21:37:04.213068,18.61,17.7,18.61,18.61,1016,45,2.59,22,48,0.0,Clouds,scattered clouds,21
Almár,47.956111,20.356944,2026-07-11 21:37:05.477312,18.61,18.54,15.26,18.68,1017,77,1.39,62,25,0.0,Clouds,scattered clouds,21
Vasútmúzeum,47.543889,19.099444,2026-07-11 21:37:06.728780,21.55,21.09,20.54,23.28,1017,51,2.24,59,19,0.0,Clouds,few clouds,21
Abda,47.690833,17.540556,2026-07-11 21:37:07.940090,20.03,19.42,20.03,20.03,1018,51,3.69,5,44,0.0,Clouds,scattered clouds,21
Vadaspark,47.526111,18.949167,2026-07-11 21:37:09.164230,19.99,19.38,18.74,21.47,1017,51,2.24,59,13,0.0,Clouds,few clouds,21
Barosstelep,47.398889,18.989167,2026-07-11 21:37:10.406460,22.76,22.37,20.6,23.34,1016,49,2.24,43,20,0.0,Clouds,few clouds,21
Fegyvernek-Örményes,47.194444,20.5575,2026-07-11 21:37:11.669624,17.94,17.36,17.94,17.94,1016,60,4.07,61,30,0.0,Clouds,scattered clouds,21
Zagyvapálfalva,48.068889,19.785,2026-07-11 21:37:12.911188,16.43,16.14,16.43,16.43,1017,77,0.87,99,10,0.0,Clear,clear sky,21
Salgótarján,48.105556,19.807222,2026-07-11 21:37:14.126517,15.75,15.39,15.75,15.75,1017,77,0.78,86,10,0.0,Clear,clear sky,21
Szabadisóstó,46.933889,18.118056,2026-07-11 21:37:15.341471,22.73,23.17,22.73,22.73,1017,81,3.32,6,22,0.0,Clouds,few clouds,21
Siófok,46.907778,18.053889,2026-07-11 21:37:16.560165,22.73,23.17,22.73,22.73,1017,81,3.22,5,20,0.0,Clouds,few clouds,21
Balatonszéplak felső,46.898056,18.018056,2026-07-11 21:37:17.822593,22.73,23.17,22.73,22.73,1017,81,3.11,6,18,0.0,Clouds,few clouds,21
Balatonszéplak alsó,46.891944,17.993333,2026-07-11 21:37:19.090237,22.73,23.17,22.73,22.73,1017,81,3.0,5,18,0.0,Clouds,few clouds,21
Zamárdi felső,46.886111,17.969444,2026-07-11 21:37:20.347208,22.74,23.18,22.74,22.74,1017,81,2.88,5,19,0.0,Clouds,few clouds,21
Zamárdi,46.88,17.944722,2026-07-11 21:37:21.566690,22.68,23.12,22.68,22.68,1017,81,2.88,5,19,0.0,Clouds,few clouds,21
Szántód,46.861944,17.899167,2026-07-11 21:37:22.820091,22.75,23.2,22.75,22.75,1017,81,2.52,3,17,0.0,Clouds,few clouds,21
Szőny-Déli,47.735278,18.141944,2026-07-11 21:37:24.081036,18.74,18.16,18.74,18.74,1017,57,2.97,358,16,0.0,Clouds,few clouds,21
Várpalota,47.194444,18.149167,2026-07-11 21:37:25.328461,18.17,17.43,18.17,18.17,1017,53,3.1,343,18,0.0,Clouds,few clouds,21
Pétfürdő,47.1675,18.121389,2026-07-11 21:37:26.587969,22.55,22.24,22.55,22.55,1017,53,3.12,344,25,0.0,Clouds,scattered clouds,21
Hajmáskér,47.141111,18.009444,2026-07-11 21:37:27.822250,22.33,22.0,22.33,22.33,1017,53,3.02,346,38,0.0,Clouds,scattered clouds,21
Veszprém,47.118889,17.91,2026-07-11 21:37:29.044334,22.12,21.75,22.12,22.12,1017,52,2.66,353,52,0.0,Clouds,broken clouds,21
Herend,47.136944,17.760278,2026-07-11 21:37:30.271581,18.32,17.59,18.32,18.32,1018,53,2.26,6,59,0.0,Clouds,broken clouds,21
Városlőd,47.144167,17.652778,2026-07-11 21:37:31.504051,18.2,17.49,18.2,18.2,1018,54,2.18,24,58,0.0,Clouds,broken clouds,21
Városlőd-Kislőd,47.133889,17.631111,2026-07-11 21:37:32.765997,18.65,17.95,18.65,18.65,1018,53,2.22,20,56,0.0,Clouds,broken clouds,21
Ajka,47.105902,17.572938,2026-07-11 21:37:34.034932,19.13,18.48,19.13,19.13,1018,53,2.42,18,45,0.0,Clouds,scattered clouds,21
Ajka-Gyártelep,47.096806,17.555219,2026-07-11 21:37:35.291780,19.24,18.6,19.24,19.24,1018,53,2.42,18,45,0.0,Clouds,scattered clouds,21
Devecser,47.1125,17.435278,2026-07-11 21:37:36.512197,19.59,19.01,19.59,19.59,1018,54,2.68,15,37,0.0,Clouds,scattered clouds,21
Somlóvásárhely,47.124444,17.369167,2026-07-11 21:37:37.738914,19.75,19.19,19.75,19.75,1018,54,2.97,12,37,0.0,Clouds,scattered clouds,21
Tüskevár,47.128611,17.331389,2026-07-11 21:37:38.994361,19.89,19.34,19.89,19.89,1018,54,3.09,9,36,0.0,Clouds,scattered clouds,21
Karakószörcsök,47.133611,17.287778,2026-07-11 21:37:40.262037,19.96,19.45,19.96,19.96,1018,55,3.21,7,35,0.0,Clouds,scattered clouds,21
Kerta,47.151944,17.237222,2026-07-11 21:37:41.518986,20.12,19.62,20.12,20.12,1018,55,3.4,4,42,0.0,Clouds,scattered clouds,21
Boba,47.183333,17.191389,2026-07-11 21:37:42.783582,20.1,19.6,20.1,20.1,1018,55,3.36,3,47,0.0,Clouds,scattered clouds,21
Börgönd,47.140278,18.515,2026-07-11 21:37:44.027003,17.87,17.07,17.87,17.87,1017,52,3.27,7,17,0.0,Clouds,few clouds,21
Belsőbáránd,47.102778,18.499722,2026-07-11 21:37:45.285326,17.91,17.09,17.91,17.91,1017,51,3.29,8,22,0.0,Clouds,few clouds,21
Zichyújfalu,47.124444,18.6725,2026-07-11 21:37:46.558490,17.66,16.79,17.66,17.66,1016,50,3.44,8,7,0.0,Clear,clear sky,21
Seregélyes,47.121111,18.580556,2026-07-11 21:37:47.817920,17.95,17.13,17.95,17.95,1017,51,3.3,8,16,0.0,Clouds,few clouds,21
Polgárdi-Ipartelepek,47.079167,18.314444,2026-07-11 21:37:49.072543,22.36,21.98,22.36,22.36,1017,51,3.15,1,26,0.0,Clouds,scattered clouds,21
Polgárdi,47.07,18.284167,2026-07-11 21:37:50.333512,22.36,21.98,22.36,22.36,1017,51,3.15,1,26,0.0,Clouds,scattered clouds,21
Füle,47.05,18.255278,2026-07-11 21:37:51.582886,22.33,21.92,22.33,22.33,1017,50,3.18,2,28,0.0,Clouds,scattered clouds,21
Zánka-Erzsébettábor,46.8775,17.709167,2026-07-11 21:37:52.844169,22.68,22.39,22.68,22.68,1017,53,2.03,350,21,0.0,Clouds,few clouds,21
Csajág,47.033889,18.186389,2026-07-11 21:37:54.072738,22.57,23.0,22.57,22.57,1017,81,3.24,0,29,0.0,Clouds,scattered clouds,21
Balatonakarattya,47.017222,18.167778,2026-07-11 21:37:55.330475,22.42,22.83,22.42,22.42,1017,81,3.24,0,29,0.0,Clouds,scattered clouds,21
Csittényhegy,47.025278,18.1375,2026-07-11 21:37:56.584796,22.64,23.07,22.64,22.64,1017,81,3.25,359,29,0.0,Clouds,scattered clouds,21
Balatonkenese,47.0325,18.105556,2026-07-11 21:37:57.849796,22.72,23.16,22.72,22.72,1017,81,3.25,358,30,0.0,Clouds,scattered clouds,21
Balatonfűzfő,47.060278,18.0425,2026-07-11 21:37:59.086254,22.75,23.2,22.75,22.75,1017,81,3.16,353,37,0.0,Clouds,scattered clouds,21
Balatonalmádi,47.028333,18.015,2026-07-11 21:38:00.345228,22.72,23.16,22.72,22.72,1017,81,3.18,356,35,0.0,Clouds,scattered clouds,21
Káptalanfüred,47.008889,18.003889,2026-07-11 21:38:01.569588,22.75,23.2,22.75,22.75,1017,81,3.12,358,33,0.0,Clouds,scattered clouds,21
Alsóörs,46.985278,17.974722,2026-07-11 21:38:02.821114,22.76,23.21,22.76,22.76,1017,81,3.12,358,33,0.0,Clouds,scattered clouds,21
Csopak,46.974722,17.931111,2026-07-11 21:38:04.088960,22.63,23.06,22.63,22.63,1017,81,2.84,359,36,0.0,Clouds,scattered clouds,21
Balatonarács,46.9625,17.8975,2026-07-11 21:38:05.311071,22.53,22.95,22.53,22.53,1017,81,2.84,359,36,0.0,Clouds,scattered clouds,21
Balatonfüred,46.955833,17.883056,2026-07-11 21:38:06.582654,22.6,23.03,22.6,22.6,1017,81,2.68,360,32,0.0,Clouds,scattered clouds,21
Aszófő,46.925556,17.8325,2026-07-11 21:38:07.843251,22.7,23.14,22.7,22.7,1017,81,2.5,360,28,0.0,Clouds,scattered clouds,21
Örvényes,46.9125,17.818056,2026-07-11 21:38:09.077006,22.72,23.16,22.72,22.72,1017,81,2.5,360,28,0.0,Clouds,scattered clouds,21
Balatonudvari,46.904722,17.808056,2026-07-11 21:38:10.329880,22.75,23.2,22.75,22.75,1017,81,2.4,359,29,0.0,Clouds,scattered clouds,21
Fövenyes,46.893611,17.789444,2026-07-11 21:38:11.560912,22.77,22.43,22.77,22.77,1017,51,2.29,359,23,0.0,Clouds,few clouds,21
Balatonakali-Dörgicse,46.88,17.747778,2026-07-11 21:38:12.791215,22.76,22.42,22.76,22.76,1017,51,2.21,357,24,0.0,Clouds,few clouds,21
Zánka-Köveskál,46.872778,17.687778,2026-07-11 21:38:14.035734,22.75,22.46,22.75,22.75,1017,53,2.06,347,22,0.0,Clouds,few clouds,21
Balatonszepezd,46.851111,17.663056,2026-07-11 21:38:15.301761,20.05,19.52,20.05,20.05,1017,54,1.99,343,20,0.0,Clouds,few clouds,21
Szepezdfürdő,46.839722,17.649444,2026-07-11 21:38:16.561639,19.03,18.42,19.03,19.03,1017,55,2.07,339,22,0.0,Clouds,few clouds,21
Révfülöp,46.829167,17.632222,2026-07-11 21:38:17.812173,19.03,18.42,19.03,19.03,1017,55,2.07,339,22,0.0,Clouds,few clouds,21
Balatonrendes,46.824722,17.582778,2026-07-11 21:38:19.034885,19.67,19.26,19.67,19.67,1017,60,2.5,329,28,0.0,Clouds,scattered clouds,21
Ábrahámhegy,46.815,17.572222,2026-07-11 21:38:20.287227,19.67,19.26,19.67,19.67,1017,60,2.5,329,28,0.0,Clouds,scattered clouds,21
Badacsonyörs,46.805556,17.531667,2026-07-11 21:38:21.534026,19.92,19.56,19.92,19.92,1017,61,2.64,329,30,0.0,Clouds,scattered clouds,21
Kisújszállás,47.223889,20.751111,2026-07-11 21:38:22.799110,17.8,17.25,17.8,17.8,1016,62,4.07,58,25,0.0,Clouds,scattered clouds,21
Karcag,47.303333,20.928056,2026-07-11 21:38:24.060898,17.65,17.17,17.65,17.65,1016,65,4.05,53,26,0.0,Clouds,scattered clouds,21
Püspökladány,47.3275,21.128889,2026-07-11 21:38:25.303142,17.59,17.13,17.59,17.59,1016,66,4.14,53,20,0.0,Clouds,few clouds,21
Kaba,47.368889,21.259444,2026-07-11 21:38:26.517888,17.49,17.02,17.49,17.49,1016,66,4.23,54,19,0.0,Clouds,few clouds,21
Hajdúszoboszló,47.429444,21.406944,2026-07-11 21:38:27.742311,17.28,16.84,17.28,17.28,1016,68,4.16,54,26,0.0,Clouds,scattered clouds,21
Ebes,47.462778,21.488889,2026-07-11 21:38:28.964883,17.18,16.76,17.18,17.18,1016,69,4.14,55,31,0.0,Clouds,scattered clouds,21
Debrecen,47.520278,21.628611,2026-07-11 21:38:30.212740,16.98,16.54,16.98,16.98,1017,69,4.09,57,35,0.0,Clouds,scattered clouds,21
Debrecen-Csapókert,47.540556,21.648056,2026-07-11 21:38:31.435929,16.83,16.4,16.83,16.83,1017,70,4.05,58,33,0.0,Clouds,scattered clouds,21
Apafa,47.584045,21.655858,2026-07-11 21:38:32.696957,16.81,16.37,16.81,16.81,1017,70,4.0,58,31,0.0,Clouds,scattered clouds,21
Bocskaikert,47.6425,21.666389,2026-07-11 21:38:33.957496,16.67,16.22,16.67,16.67,1017,70,3.82,59,22,0.0,Clouds,few clouds,21
Hajdúhadház,47.686944,21.679167,2026-07-11 21:38:35.202832,16.73,16.31,16.73,16.73,1017,71,3.75,59,18,0.0,Clouds,few clouds,21
Téglás,47.714722,21.684722,2026-07-11 21:38:36.465177,16.76,16.35,16.76,16.76,1017,71,3.69,60,15,0.0,Clouds,few clouds,21
Újfehértó,47.814444,21.706389,2026-07-11 21:38:37.699731,16.88,16.5,16.88,16.88,1017,72,3.48,63,3,0.0,Clear,clear sky,21
Nyíregyháza,47.946667,21.705556,2026-07-11 21:38:38.912157,16.92,16.57,16.92,16.92,1017,73,3.12,66,2,0.0,Clear,clear sky,21
Sóstó,47.998051,21.729047,2026-07-11 21:38:40.144536,16.89,16.54,16.89,16.89,1017,73,2.88,65,10,0.0,Clear,clear sky,21
Sóstóhegy,48.012222,21.742778,2026-07-11 21:38:41.365172,16.99,16.65,16.99,16.99,1017,73,2.81,64,14,0.0,Clouds,few clouds,21
Kemecse,48.065556,21.801667,2026-07-11 21:38:42.632272,17.01,16.67,17.01,17.01,1017,73,2.57,60,24,0.0,Clouds,few clouds,21
Nyírbogdány,48.082222,21.855278,2026-07-11 21:38:43.878251,16.98,16.64,16.98,16.98,1017,73,2.43,57,29,0.0,Clouds,scattered clouds,21
Kék,48.093333,21.883889,2026-07-11 21:38:45.105177,16.98,16.64,16.98,16.98,1017,73,2.33,55,27,0.0,Clouds,scattered clouds,21
Demecser,48.111667,21.926667,2026-07-11 21:38:46.326749,16.99,16.65,16.99,16.99,1017,73,2.21,51,31,0.0,Clouds,scattered clouds,21
Gégény,48.128333,21.951944,2026-07-11 21:38:47.598387,16.96,16.62,16.96,16.96,1017,73,2.1,47,35,0.0,Clouds,scattered clouds,21
Pátroha,48.158611,21.996667,2026-07-11 21:38:48.819019,16.97,16.6,16.97,16.97,1017,72,2.01,42,38,0.0,Clouds,scattered clouds,21
Ajak,48.1865,22.048972,2026-07-11 21:38:50.036312,16.95,16.58,16.95,16.95,1017,72,1.93,38,41,0.0,Clouds,scattered clouds,21
Kisvárda,48.208333,22.078333,2026-07-11 21:38:51.248482,16.92,16.57,16.92,16.92,1017,73,1.81,32,42,0.0,Clouds,scattered clouds,21
Kisvárda-Hármasút,48.228333,22.091944,2026-07-11 21:38:52.494854,16.92,16.57,16.92,16.92,1017,73,1.81,32,42,0.0,Clouds,scattered clouds,21
Fényeslitke,48.267222,22.107222,2026-07-11 21:38:53.719102,16.85,16.5,16.85,16.85,1017,73,1.74,25,51,0.0,Clouds,broken clouds,21
Komoró,48.305278,22.118056,2026-07-11 21:38:54.950227,16.87,16.49,16.87,16.87,1017,72,1.72,23,56,0.0,Clouds,broken clouds,21
Tuzsér,48.342222,22.131667,2026-07-11 21:38:56.179993,16.82,16.44,16.82,16.82,1017,72,1.69,18,66,0.0,Clouds,broken clouds,21
Tiszabezdéd,48.371389,22.145,2026-07-11 21:38:57.401482,16.77,16.41,16.77,16.77,1017,73,1.69,16,67,0.0,Clouds,broken clouds,21
Záhony,48.402222,22.183611,2026-07-11 21:38:58.658233,16.7,16.33,16.7,16.7,1017,73,1.71,16,67,0.0,Clouds,broken clouds,21
Karcag-Vásártér,47.3225,20.9075,2026-07-11 21:38:59.905814,17.65,17.17,17.65,17.65,1016,65,4.05,53,26,0.0,Clouds,scattered clouds,21
Berekfürdő,47.374722,20.827222,2026-07-11 21:39:01.152472,17.65,17.22,17.65,17.65,1016,67,3.95,52,51,0.0,Clouds,broken clouds,21
Kunmadaras,47.415278,20.793056,2026-07-11 21:39:02.383453,17.63,17.25,17.63,17.63,1016,69,3.87,50,63,0.0,Clouds,broken clouds,21
Tiszaszentimre,47.490833,20.733056,2026-07-11 21:39:03.613060,17.69,17.34,17.69,17.69,1017,70,3.84,49,67,0.0,Clouds,broken clouds,21
Tiszaszőlős,47.555556,20.728056,2026-07-11 21:39:04.837838,17.72,17.4,17.72,17.72,1017,71,3.93,51,63,0.0,Clouds,broken clouds,21
Hosszúhát,47.235556,21.101944,2026-07-11 21:39:06.057576,17.65,17.12,17.65,17.65,1016,63,4.31,57,2,0.0,Clear,clear sky,21
Szerep,47.234444,21.145833,2026-07-11 21:39:07.316884,17.65,17.12,17.65,17.65,1016,63,4.35,57,4,0.0,Clear,clear sky,21
Sárrétudvari,47.231667,21.180833,2026-07-11 21:39:08.569914,17.63,17.09,17.63,17.63,1016,63,4.39,57,6,0.0,Clear,clear sky,21
Biharnagybajom,47.208889,21.221944,2026-07-11 21:39:09.800550,17.62,17.08,17.62,17.62,1016,63,4.48,58,8,0.0,Clear,clear sky,21
Füzesgyarmat,47.113056,21.194444,2026-07-11 21:39:11.021769,17.7,17.14,17.7,17.7,1016,62,4.47,61,1,0.0,Clear,clear sky,21
Füzesgyarmatfürdő,47.093787,21.201582,2026-07-11 21:39:12.247904,17.7,17.14,17.7,17.7,1016,62,4.47,61,1,0.0,Clear,clear sky,21
Báránd,47.299722,21.235278,2026-07-11 21:39:13.510750,17.58,17.09,17.58,17.58,1016,65,4.31,55,16,0.0,Clouds,few clouds,21
Sáp,47.259722,21.360556,2026-07-11 21:39:14.745597,17.55,17.03,17.55,17.55,1016,64,4.51,57,15,0.0,Clouds,few clouds,21
Berettyóújfalu,47.211944,21.535556,2026-07-11 21:39:15.967094,17.42,16.86,17.42,17.42,1016,63,4.64,56,8,0.0,Clear,clear sky,21
Mezőpeterd,47.176111,21.625278,2026-07-11 21:39:17.229467,17.36,16.82,17.36,17.36,1016,64,4.65,56,6,0.0,Clear,clear sky,21
Biharkeresztes,47.135556,21.721389,2026-07-11 21:39:18.483940,17.26,16.71,17.26,17.26,1016,64,4.58,56,5,0.0,Clear,clear sky,21
Tócóvölgy,47.529444,21.588889,2026-07-11 21:39:19.714319,17.04,16.6,17.04,17.04,1017,69,4.09,57,35,0.0,Clouds,scattered clouds,21
Sáregres,46.7825,18.588889,2026-07-11 21:39:20.974224,18.41,17.48,18.41,18.41,1016,45,3.54,28,21,0.0,Clouds,few clouds,21
Simontornya,46.756582,18.540674,2026-07-11 21:39:22.221161,18.43,17.5,18.43,18.43,1016,45,3.36,27,30,0.0,Clouds,scattered clouds,21
Tolnanémedi,46.727778,18.475833,2026-07-11 21:39:23.472741,18.54,17.62,18.54,18.54,1016,45,3.26,27,32,0.0,Clouds,scattered clouds,21
Pincehely,46.681389,18.43,2026-07-11 21:39:24.687808,18.47,17.57,18.47,18.47,1016,46,2.94,24,36,0.0,Clouds,scattered clouds,21
Keszőhidegkút-Gyönk,46.597778,18.426111,2026-07-11 21:39:25.954242,18.54,17.62,18.54,18.54,1016,45,2.41,19,54,0.0,Clouds,broken clouds,21
Szárazd,46.575556,18.420833,2026-07-11 21:39:27.185502,18.59,17.71,18.59,18.59,1016,46,2.23,16,61,0.0,Clouds,broken clouds,21
Regöly,46.568889,18.396111,2026-07-11 21:39:28.427572,18.59,17.71,18.59,18.59,1016,46,2.23,16,61,0.0,Clouds,broken clouds,21
Szakály-Hőgyész,46.523611,18.389444,2026-07-11 21:39:29.686165,18.58,17.69,18.58,18.58,1016,46,1.89,4,74,0.0,Clouds,broken clouds,21
Dúzs,46.493889,18.377222,2026-07-11 21:39:30.911889,18.66,17.78,18.66,18.66,1016,46,1.8,358,80,0.0,Clouds,broken clouds,21
Csibrák,46.466667,18.336389,2026-07-11 21:39:32.126127,18.81,17.97,18.81,18.81,1016,47,1.7,348,87,0.0,Clouds,overcast clouds,21
Kurd,46.449167,18.319167,2026-07-11 21:39:33.378058,18.52,17.65,18.52,18.52,1016,47,1.69,342,91,0.0,Clouds,overcast clouds,21
Döbrököz,46.418889,18.255,2026-07-11 21:39:34.625289,18.96,18.16,18.96,18.96,1016,48,1.7,328,98,0.0,Clouds,overcast clouds,21
Dombóvár,46.37,18.149722,2026-07-11 21:39:35.858929,19.29,18.58,19.29,19.29,1017,50,2.08,311,100,0.0,Clouds,overcast clouds,21
Dombóvár alsó,46.363889,18.134167,2026-07-11 21:39:37.118696,19.29,18.58,19.29,19.29,1017,50,2.08,311,100,0.0,Clouds,overcast clouds,21
Somoskőújfalu,48.154722,19.815556,2026-07-11 21:39:38.368478,14.62,14.15,14.62,14.62,1018,77,0.76,62,11,0.0,Clouds,few clouds,21
Jászfényszaru,47.593056,19.754444,2026-07-11 21:39:39.604000,17.16,16.6,17.16,17.16,1017,64,2.67,44,12,0.0,Clouds,few clouds,21
Pusztamonostor,47.564444,19.794167,2026-07-11 21:39:40.854679,16.61,15.97,16.61,16.61,1017,63,2.92,45,14,0.0,Clouds,few clouds,21
Jászberény,47.494444,19.893333,2026-07-11 21:39:42.114558,16.71,16.06,16.71,16.71,1017,62,3.29,48,23,0.0,Clouds,few clouds,21
Meggyespele,47.441944,19.938889,2026-07-11 21:39:43.345837,16.73,16.21,16.73,16.73,1017,67,3.43,52,34,0.0,Clouds,scattered clouds,21
Portelek,47.418056,19.958889,2026-07-11 21:39:44.590470,16.75,16.23,16.75,16.75,1017,67,3.44,52,37,0.0,Clouds,scattered clouds,21
Jászboldogháza-Jánoshida,47.366944,20.001389,2026-07-11 21:39:45.837119,16.74,16.22,16.74,16.74,1017,67,3.45,54,43,0.0,Clouds,scattered clouds,21
Jászárokszállás,47.635556,19.971111,2026-07-11 21:39:47.083014,17.56,17.04,17.56,17.56,1017,64,3.42,48,21,0.0,Clouds,few clouds,21
Jászdózsa,47.563056,20.028056,2026-07-11 21:39:48.312910,17.67,17.16,17.67,17.67,1017,64,3.63,50,24,0.0,Clouds,few clouds,21
Jászapáti,47.513611,20.155,2026-07-11 21:39:49.571356,17.7,17.22,17.7,17.7,1017,65,3.68,52,28,0.0,Clouds,scattered clouds,21
Jászkisér,47.456111,20.203333,2026-07-11 21:39:50.816374,17.74,17.24,17.74,17.74,1017,64,3.58,53,31,0.0,Clouds,scattered clouds,21
Jászladány,47.373333,20.159167,2026-07-11 21:39:52.038517,16.79,16.09,16.79,16.79,1017,60,3.53,56,37,0.0,Clouds,scattered clouds,21
Szászberek,47.320556,20.090833,2026-07-11 21:39:53.282858,16.78,16.26,16.78,21.1,1016,67,3.48,56,40,0.0,Clouds,scattered clouds,21
Gyöngyöshalász,47.743056,19.932222,2026-07-11 21:39:54.521903,17.39,16.93,17.39,17.39,1017,67,2.66,51,22,0.0,Clouds,few clouds,21
Gyöngyös,47.783056,19.937222,2026-07-11 21:39:55.781343,17.0,16.53,17.0,17.0,1017,68,2.61,52,23,0.0,Clouds,few clouds,21
Erdőtelek,47.683333,20.3025,2026-07-11 21:39:57.040324,17.72,17.32,17.72,17.72,1017,68,4.22,56,29,0.0,Clouds,scattered clouds,21
Heves,47.609444,20.306111,2026-07-11 21:39:58.267434,17.74,17.35,17.74,17.74,1017,68,4.04,53,31,0.0,Clouds,scattered clouds,21
Hevesvezekény,47.562222,20.365833,2026-07-11 21:39:59.523623,17.77,17.4,17.77,17.77,1017,69,4.0,53,37,0.0,Clouds,scattered clouds,21
Tarnaszentmiklós,47.546944,20.390833,2026-07-11 21:40:00.782194,17.75,17.38,17.75,17.75,1017,69,3.88,52,38,0.0,Clouds,scattered clouds,21
Kisköre,47.495556,20.481667,2026-07-11 21:40:02.011446,17.75,17.38,17.75,17.75,1017,69,3.75,50,52,0.0,Clouds,broken clouds,21
Abádszalók,47.455278,20.553056,2026-07-11 21:40:03.276970,17.73,17.36,17.73,17.73,1017,69,3.72,50,55,0.0,Clouds,broken clouds,21
Kunhegyes,47.376667,20.641111,2026-07-11 21:40:04.514206,17.73,17.31,17.73,17.73,1016,67,3.85,52,59,0.0,Clouds,broken clouds,21
Kenderes,47.254444,20.686111,2026-07-11 21:40:05.779034,17.87,17.33,17.87,17.87,1016,62,4.09,58,37,0.0,Clouds,scattered clouds,21
Maklár,47.808056,20.404722,2026-07-11 21:40:07.025904,19.02,18.83,19.02,19.02,1017,71,3.99,63,29,0.0,Clouds,scattered clouds,21
Andornaktálya,47.852203,20.402295,2026-07-11 21:40:08.277652,18.96,18.82,15.54,18.96,1017,73,3.29,62,29,0.0,Clouds,scattered clouds,21
Eger,47.891667,20.381667,2026-07-11 21:40:09.528735,18.87,18.74,15.45,18.87,1017,74,2.67,61,27,0.0,Clouds,scattered clouds,21
Egervár,47.908056,20.380556,2026-07-11 21:40:10.748680,18.67,18.6,15.27,18.69,1017,77,2.27,61,27,0.0,Clouds,scattered clouds,21
Eger-Felnémet,47.936667,20.370556,2026-07-11 21:40:12.001726,18.69,18.63,15.32,18.74,1017,77,1.86,61,27,0.0,Clouds,scattered clouds,21
Szarvaskő,47.988611,20.3325,2026-07-11 21:40:13.260649,18.33,18.23,17.24,18.33,1017,77,1.06,63,24,0.0,Clouds,few clouds,21
Mónosbél,48.031944,20.33,2026-07-11 21:40:14.478328,18.15,18.03,17.06,18.15,1017,77,0.6,72,21,0.0,Clouds,few clouds,21
Bélapátfalva,48.055556,20.340556,2026-07-11 21:40:15.724076,17.86,17.71,16.76,17.86,1017,77,0.45,82,19,0.0,Clouds,few clouds,21
Bélapátfalvi Cementgyár,48.058056,20.355,2026-07-11 21:40:16.982259,17.81,17.66,16.72,17.81,1017,77,0.45,82,19,0.0,Clouds,few clouds,21
Szilvásvárad,48.11345,20.37919,2026-07-11 21:40:18.226380,17.68,17.51,16.59,17.68,1017,77,0.38,105,14,0.0,Clouds,few clouds,21
Hejőkeresztúr,47.960278,20.869444,2026-07-11 21:40:19.476971,15.8,15.58,15.8,18.13,1017,82,2.45,52,35,0.0,Clouds,scattered clouds,21
Tiszaújváros,47.926111,21.030556,2026-07-11 21:40:20.735152,15.85,15.42,15.85,15.85,1017,74,3.33,67,24,0.0,Clouds,few clouds,21
Miskolc-Gömöri,48.106667,20.800278,2026-07-11 21:40:21.957880,17.35,17.57,15.7,19.11,1017,93,0.51,27,35,0.0,Clouds,scattered clouds,21
Sajókeresztúr,48.168008,20.774014,2026-07-11 21:40:23.188898,17.9,18.36,15.64,19.06,1017,100,0.05,270,29,0.0,Clouds,scattered clouds,21
Sajóecseg,48.186111,20.766667,2026-07-11 21:40:24.433248,18.01,18.48,15.68,19.1,1017,100,0.17,211,28,0.0,Clouds,scattered clouds,21
Sajószentpéter,48.222222,20.708056,2026-07-11 21:40:25.688902,18.1,18.58,15.59,19.0,1017,100,0.3,195,24,0.0,Clouds,few clouds,21
Kazincbarcika,48.264444,20.6275,2026-07-11 21:40:26.939638,17.92,17.8,17.92,19.01,1017,78,0.49,143,15,0.0,Clouds,few clouds,21
Sajókaza,48.272778,20.581944,2026-07-11 21:40:28.196717,19.0,18.99,17.91,19.0,1017,78,0.53,136,13,0.0,Clouds,few clouds,21
Vadna,48.276389,20.555278,2026-07-11 21:40:29.408228,18.98,18.97,17.89,18.98,1017,78,0.53,136,13,0.0,Clouds,few clouds,21
Dubicsány,48.280833,20.504722,2026-07-11 21:40:30.670712,18.97,18.96,17.87,18.97,1017,78,0.6,111,12,0.0,Clouds,few clouds,21
Raposka,46.851389,17.412778,2026-07-11 21:40:31.929274,19.96,19.68,19.96,19.96,1017,64,3.1,334,24,0.0,Clouds,few clouds,21
Ivacs,47.641944,19.273889,2026-07-11 21:40:33.181391,21.4,20.93,20.16,22.9,1017,51,2.25,34,19,0.0,Clouds,few clouds,21
Kisköre-Tiszahíd,47.480835,20.507698,2026-07-11 21:40:34.434882,17.74,17.37,17.74,17.74,1017,69,3.7,50,53,0.0,Clouds,broken clouds,21
Rozsály,47.912778,22.7825,2026-07-11 21:40:35.684699,15.03,14.6,15.03,15.03,1017,77,1.27,44,4,0.0,Clear,clear sky,21
Pusztakettős,47.453611,20.749722,2026-07-11 21:40:36.905330,17.65,17.27,17.65,17.65,1017,69,3.83,49,66,0.0,Clouds,broken clouds,21
Kisvác,47.795278,19.113611,2026-07-11 21:40:38.164056,20.5,20.2,20.5,20.89,1017,61,1.69,15,14,0.0,Clouds,few clouds,21
Tiszafüred-Gyártelep,47.6075,20.736111,2026-07-11 21:40:39.426834,17.76,17.45,17.76,17.76,1017,71,4.06,54,55,0.0,Clouds,broken clouds,21
Újkenéz,48.251111,22.221667,2026-07-11 21:40:40.639107,16.66,16.31,16.66,16.66,1017,74,1.7,24,38,0.0,Clouds,scattered clouds,21
Püspökladány-Vásártér,47.319167,21.096111,2026-07-11 21:40:41.903681,17.61,17.12,17.61,17.61,1016,65,4.18,54,15,0.0,Clouds,few clouds,21
Végegyháza alsó,46.3675,20.866944,2026-07-11 21:40:43.131570,21.72,21.54,21.72,21.72,1015,61,1.15,69,83,0.0,Clouds,broken clouds,21
Orosháza felső,46.553611,20.655278,2026-07-11 21:40:44.342835,18.51,17.83,18.51,18.51,1015,54,3.75,53,81,0.0,Clouds,broken clouds,21
Ambrózfalva,46.353056,20.740556,2026-07-11 21:40:45.581416,18.45,17.81,18.45,18.45,1015,56,1.82,45,82,0.0,Clouds,broken clouds,21
Alsónyék,46.199444,18.738056,2026-07-11 21:40:46.825062,18.95,17.97,18.95,18.95,1016,41,3.05,333,94,0.0,Clouds,overcast clouds,21
Tompapuszta,46.321389,20.966389,2026-07-11 21:40:48.039582,21.71,22.55,21.71,22.3,1015,100,1.17,161,82,0.0,Clouds,broken clouds,21
Halászlak,46.911879,20.56228,2026-07-11 21:40:49.289523,17.71,17.1,17.71,17.71,1016,60,3.59,57,14,0.0,Clouds,few clouds,21
Sirató,46.840556,20.61,2026-07-11 21:40:50.550009,17.82,17.2,17.82,17.82,1015,59,3.58,56,29,0.0,Clouds,scattered clouds,21
Csabacsűd felső,46.829167,20.649167,2026-07-11 21:40:51.771062,17.84,17.22,17.84,17.84,1015,59,3.59,56,32,0.0,Clouds,scattered clouds,21
Orosháza-Üveggyár,46.579979,20.683644,2026-07-11 21:40:53.010778,18.46,17.77,18.46,18.46,1015,54,3.82,53,80,0.0,Clouds,broken clouds,21
Gyulai városerdő,46.69482,21.32281,2026-07-11 21:40:54.259237,21.08,20.6,21.08,21.08,1015,52,3.86,48,83,0.0,Clouds,broken clouds,21
Kórógyszentgyörgy,46.564377,20.224998,2026-07-11 21:40:55.486583,18.9,18.07,18.9,18.9,1015,47,3.79,62,64,0.0,Clouds,broken clouds,21
Kunszállás,46.784444,19.767222,2026-07-11 21:40:56.736484,21.05,20.33,21.05,21.05,1016,43,3.45,38,1,0.0,Clear,clear sky,21
Selymes,46.655321,19.8534,2026-07-11 21:40:57.989278,21.11,20.4,21.11,21.11,1016,43,3.42,43,15,0.0,Clouds,few clouds,21
Petőfiszállási tanyák,46.587805,19.874509,2026-07-11 21:40:59.249684,21.15,20.44,21.15,21.15,1015,43,3.4,48,27,0.0,Clouds,scattered clouds,21
Kisteleki szőlők,46.514199,19.92868,2026-07-11 21:41:00.477164,21.14,20.62,21.14,21.14,1015,50,3.41,53,51,0.0,Clouds,broken clouds,21
Kapitányság,46.435336,19.987564,2026-07-11 21:41:01.745718,18.18,17.25,18.18,18.18,1015,46,3.35,50,75,0.0,Clouds,broken clouds,21
Őszeszék,46.39025,20.016017,2026-07-11 21:41:02.989418,18.33,17.34,18.33,18.33,1015,43,3.22,43,87,0.0,Clouds,overcast clouds,21
Vilmaszállás,46.366389,20.030833,2026-07-11 21:41:04.246560,18.4,17.39,18.4,18.4,1015,42,3.11,37,91,0.0,Clouds,overcast clouds,21
Jánosszállás,46.334359,20.051199,2026-07-11 21:41:05.470963,18.45,17.4,18.45,18.45,1015,40,3.0,31,94,0.0,Clouds,overcast clouds,21
Felsőpakony,47.343056,19.230556,2026-07-11 21:41:06.726548,23.03,22.62,21.69,23.3,1016,47,4.29,41,29,0.0,Clouds,scattered clouds,21
Felsőméntelek,46.987074,19.557745,2026-07-11 21:41:07.983904,17.13,16.26,17.13,17.13,1016,52,3.66,46,19,0.0,Clouds,few clouds,21
Alsóméntelek,46.961558,19.579121,2026-07-11 21:41:09.250497,17.17,16.3,17.17,17.17,1016,52,3.63,46,15,0.0,Clouds,few clouds,21
Nagynyír,46.943319,19.585447,2026-07-11 21:41:10.514494,17.21,16.34,17.21,17.21,1016,52,3.61,45,11,0.0,Clouds,few clouds,21
Úrihegy,46.917778,19.621389,2026-07-11 21:41:11.745908,20.93,20.41,20.93,20.93,1016,51,3.59,46,8,0.0,Clear,clear sky,21
Miklóstelep,46.913412,19.630913,2026-07-11 21:41:12.990418,20.95,20.43,20.95,20.95,1016,51,3.56,46,9,0.0,Clear,clear sky,21
Tiszajenő alsó,47.016944,20.134444,2026-07-11 21:41:14.251768,21.12,20.72,21.12,21.12,1016,55,2.24,42,15,0.0,Clouds,few clouds,21
Óbög,46.987222,20.111111,2026-07-11 21:41:15.512368,21.1,20.7,21.1,21.1,1016,55,3.16,43,14,0.0,Clouds,few clouds,21
Árpádszállás,46.866456,19.989163,2026-07-11 21:41:16.724075,21.1,20.39,21.03,21.1,1016,43,3.27,39,8,0.0,Clear,clear sky,21
Tőserdő,46.851111,19.980278,2026-07-11 21:41:18.008654,21.12,20.41,21.05,21.12,1016,43,3.29,39,8,0.0,Clear,clear sky,21
Tiszaalpár felső,46.836256,19.976753,2026-07-11 21:41:19.231287,21.15,20.44,18.84,21.15,1016,43,3.29,39,8,0.0,Clear,clear sky,21
Borsihalom,46.773056,19.92,2026-07-11 21:41:20.490643,21.14,20.43,18.83,21.14,1016,43,3.37,39,8,0.0,Clear,clear sky,21
Petőfiváros,46.725556,19.848611,2026-07-11 21:41:21.726025,21.1,20.39,21.1,21.1,1016,43,3.44,39,5,0.0,Clear,clear sky,21
Csorna,47.601944,17.248889,2026-07-11 21:41:22.972492,22.22,21.88,22.22,22.22,1018,53,3.68,9,58,0.0,Clouds,broken clouds,21
Szorgalmatos,47.986667,21.366389,2026-07-11 21:41:24.233641,17.22,16.9,17.22,17.22,1017,73,3.27,68,8,0.0,Clear,clear sky,21
Fótfürdő,47.6225,19.200556,2026-07-11 21:41:25.503520,21.02,20.51,20.16,22.9,1017,51,2.49,35,17,0.0,Clouds,few clouds,21
Fenyveshegy,47.818333,19.068056,2026-07-11 21:41:26.754868,20.57,20.28,20.57,20.57,1017,61,1.65,16,14,0.0,Clouds,few clouds,21
Hűvösvölgy,47.541202,18.96351,2026-07-11 21:41:28.008237,20.88,20.36,19.7,22.44,1017,51,2.24,59,11,0.0,Clouds,few clouds,21
Hárshegy,47.535318,18.961433,2026-07-11 21:41:29.222849,20.88,20.36,19.7,22.44,1017,51,2.24,59,11,0.0,Clouds,few clouds,21
Szépjuhászné,47.528277,18.955246,2026-07-11 21:41:30.439875,20.06,19.45,18.81,21.55,1017,51,2.24,59,13,0.0,Clouds,few clouds,21
Jánoshegy,47.51433,18.95047,2026-07-11 21:41:31.682877,20.05,19.44,18.72,21.46,1017,51,2.24,59,13,0.0,Clouds,few clouds,21
Virágvölgy,47.505965,18.95876,2026-07-11 21:41:32.935292,19.81,19.18,18.41,21.15,1017,51,2.24,59,15,0.0,Clouds,few clouds,21
Csillebérc,47.498196,18.961694,2026-07-11 21:41:34.177228,19.63,18.98,18.18,20.92,1017,51,2.24,59,15,0.0,Clouds,few clouds,21
Normafa,47.5,18.970558,2026-07-11 21:41:35.399758,19.69,19.05,18.23,20.97,1017,51,2.24,59,15,0.0,Clouds,few clouds,21
Széchenyihegy,47.49413,18.977049,2026-07-11 21:41:36.647916,19.76,19.1,18.25,20.99,1017,50,2.24,59,17,0.0,Clouds,few clouds,21
Balatonfőkajár felső,47.031389,18.215278,2026-07-11 21:41:37.904048,22.4,22.81,22.4,22.4,1017,81,3.23,2,29,0.0,Clouds,scattered clouds,21
Piroska,47.148333,20.129722,2026-07-11 21:41:39.119104,21.12,20.72,16.79,21.12,1016,55,2.24,42,30,0.0,Clouds,scattered clouds,21
Somodor,46.4725,17.836667,2026-07-11 21:41:40.344366,19.26,18.65,19.26,19.26,1017,54,3.74,311,85,0.0,Clouds,overcast clouds,21
Középmező,45.995833,18.668889,2026-07-11 21:41:41.597332,18.95,18.28,18.95,18.95,1016,53,2.5,282,86,0.0,Clouds,overcast clouds,21
Jobbágyi,47.828889,19.6875,2026-07-11 21:41:42.817451,16.93,16.51,16.93,16.93,1017,70,0.85,69,12,0.0,Clouds,few clouds,21
Ferihegy,47.437222,19.223889,2026-07-11 21:41:44.059180,22.5,22.08,20.4,23.14,1017,49,3.84,42,28,0.0,Clouds,scattered clouds,21
Máriapócs,47.852778,22.019167,2026-07-11 21:41:45.332548,16.51,16.1,16.51,16.51,1017,72,2.93,56,5,0.0,Clear,clear sky,21
Máriaudvar,47.751944,19.165,2026-07-11 21:41:46.559130,20.53,20.18,20.53,20.92,1017,59,1.84,20,11,0.0,Clouds,few clouds,21
Nagyberki,46.353333,18.004167,2026-07-11 21:41:47.780422,19.51,18.82,19.51,19.51,1017,50,3.03,311,100,0.0,Clouds,overcast clouds,21
Badacsonytomaj,46.804722,17.518056,2026-07-11 21:41:49.034782,19.92,19.56,19.92,19.92,1017,61,2.64,329,30,0.0,Clouds,scattered clouds,21
Badacsony,46.788611,17.506389,2026-07-11 21:41:50.274332,19.97,19.69,19.97,19.97,1017,64,2.84,325,34,0.0,Clouds,scattered clouds,21
Badacsonylábdihegy,46.793889,17.470833,2026-07-11 21:41:51.505766,19.97,19.69,19.97,19.97,1017,64,2.84,325,34,0.0,Clouds,scattered clouds,21
Badacsonytördemic-Szigliget,46.809722,17.469167,2026-07-11 21:41:52.766981,19.97,19.64,19.97,19.97,1017,62,2.79,329,30,0.0,Clouds,scattered clouds,21
Nemesgulács-Kisapáti,46.836944,17.476389,2026-07-11 21:41:53.980737,19.98,19.63,19.98,19.98,1017,61,2.75,333,27,0.0,Clouds,scattered clouds,21
Tapolca,46.877778,17.428611,2026-07-11 21:41:55.229306,19.92,19.59,19.92,19.92,1017,62,3.09,338,21,0.0,Clouds,few clouds,21
Uzsabánya alsó,46.898333,17.345278,2026-07-11 21:41:56.450375,18.89,18.45,18.89,18.89,1017,62,3.35,343,17,0.0,Clouds,few clouds,21
Uzsa,46.920278,17.331667,2026-07-11 21:41:57.676061,19.68,19.27,19.68,19.68,1017,60,3.36,346,15,0.0,Clouds,few clouds,21
Sümegi Bazaltbánya,46.9525,17.2925,2026-07-11 21:41:58.933563,19.73,19.3,19.73,19.73,1018,59,3.53,350,15,0.0,Clouds,few clouds,21
Sümeg,46.981111,17.270833,2026-07-11 21:42:00.191158,19.96,19.55,19.96,19.96,1018,59,3.82,354,18,0.0,Clouds,few clouds,21
Gógánfa,47.021111,17.207778,2026-07-11 21:42:01.418289,20.0,19.54,20.0,20.0,1018,57,3.88,358,23,0.0,Clouds,few clouds,21
Ukk,47.041944,17.195833,2026-07-11 21:42:02.665952,20.07,19.62,20.07,20.07,1018,57,3.9,360,28,0.0,Clouds,scattered clouds,21
Nemeskeresztúr,47.093611,17.183611,2026-07-11 21:42:03.894039,20.01,19.53,20.01,20.01,1018,56,3.69,2,35,0.0,Clouds,scattered clouds,21
Jánosháza,47.115833,17.171667,2026-07-11 21:42:05.153995,20.09,19.62,20.09,20.09,1018,56,3.58,2,39,0.0,Clouds,scattered clouds,21
Keszthely,46.758333,17.248056,2026-07-11 21:42:06.384210,19.95,19.83,19.95,19.95,1017,70,3.73,330,32,0.0,Clouds,scattered clouds,21
Alsógyenes,46.765844,17.276435,2026-07-11 21:42:07.611044,19.96,19.84,19.96,19.96,1017,70,3.5,327,33,0.0,Clouds,scattered clouds,21
Gyenesdiás,46.763333,17.292778,2026-07-11 21:42:08.859064,19.96,19.84,19.96,19.96,1017,70,3.5,327,33,0.0,Clouds,scattered clouds,21
Vonyarcvashegy,46.755278,17.318333,2026-07-11 21:42:10.103878,19.37,19.16,19.37,19.37,1017,69,3.41,325,34,0.0,Clouds,scattered clouds,21
Balatongyörök,46.751944,17.354444,2026-07-11 21:42:11.348168,19.93,19.78,19.93,19.93,1017,69,3.32,324,35,0.0,Clouds,scattered clouds,21
Becehegy,46.776111,17.372778,2026-07-11 21:42:12.618531,18.8,18.51,18.8,18.8,1017,68,3.26,327,31,0.0,Clouds,scattered clouds,21
Balatonederics,46.8025,17.385,2026-07-11 21:42:13.837292,18.75,18.4,18.75,18.75,1017,66,3.23,331,27,0.0,Clouds,scattered clouds,21
Dabronc,47.025766,17.167006,2026-07-11 21:42:15.082327,20.06,19.61,20.06,20.06,1018,57,3.97,359,25,0.0,Clouds,scattered clouds,21
Türje,46.994444,17.093611,2026-07-11 21:42:16.329948,20.07,19.67,20.07,20.07,1018,59,4.17,359,28,0.0,Clouds,scattered clouds,21
Zalabér-Batyk,46.983056,17.040833,2026-07-11 21:42:17.576576,20.24,19.89,20.24,20.24,1018,60,4.29,359,35,0.0,Clouds,scattered clouds,21
Pakod,46.959167,16.996667,2026-07-11 21:42:18.841284,20.15,19.81,20.15,20.15,1018,61,4.27,359,38,0.0,Clouds,scattered clouds,21
Pókaszepetk,46.924444,16.972222,2026-07-11 21:42:20.110107,20.27,19.97,20.27,20.27,1018,62,4.36,356,39,0.0,Clouds,scattered clouds,21
Kemendollár,46.905833,16.946667,2026-07-11 21:42:21.373178,20.0,19.67,20.0,20.0,1018,62,4.31,355,42,0.0,Clouds,scattered clouds,21
Zalaegerszeg,46.833056,16.848333,2026-07-11 21:42:22.630923,20.1,19.92,20.1,20.1,1018,67,3.82,348,54,0.0,Clouds,broken clouds,21
Bocfölde,46.780278,16.853611,2026-07-11 21:42:23.853387,20.15,20.0,20.15,20.15,1018,68,3.89,344,53,0.0,Clouds,broken clouds,21
Sárhida,46.755833,16.851389,2026-07-11 21:42:25.124214,19.35,19.17,19.35,19.35,1018,70,3.63,343,54,0.0,Clouds,broken clouds,21
Bak,46.7325,16.849167,2026-07-11 21:42:26.400537,19.75,19.61,19.75,19.75,1018,70,3.54,341,53,0.0,Clouds,broken clouds,21
Tófej,46.670833,16.801944,2026-07-11 21:42:27.653729,19.55,19.47,19.55,19.55,1018,73,3.13,338,54,0.0,Clouds,broken clouds,21
Gutorfölde,46.646944,16.739722,2026-07-11 21:42:28.891530,19.78,19.77,19.78,19.78,1018,75,2.73,338,54,0.0,Clouds,broken clouds,21
Csömödér-Páka,46.608056,16.641111,2026-07-11 21:42:30.106225,18.9,18.88,18.9,18.9,1018,78,2.42,336,55,0.0,Clouds,broken clouds,21
Iklódbördőce,46.603056,16.604722,2026-07-11 21:42:31.332415,18.89,18.9,18.89,18.89,1018,79,2.47,337,53,0.0,Clouds,broken clouds,21
Lenti,46.621389,16.528611,2026-07-11 21:42:32.586072,18.84,18.84,18.84,18.84,1018,79,2.61,340,53,0.0,Clouds,broken clouds,21
Rédics,46.618056,16.471111,2026-07-11 21:42:33.823878,18.83,18.83,18.83,18.83,1018,79,2.63,340,53,0.0,Clouds,broken clouds,21
Zalalövő,46.845556,16.576389,2026-07-11 21:42:35.090045,19.92,19.95,19.92,19.92,1018,76,2.99,347,51,0.0,Clouds,broken clouds,21
Zalaegerszeg-Ola,46.849167,16.844722,2026-07-11 21:42:36.353653,20.1,19.92,20.1,20.1,1018,67,3.82,348,54,0.0,Clouds,broken clouds,21
Andráshida,46.863116,16.7792,2026-07-11 21:42:37.586349,20.07,19.88,20.07,20.07,1018,67,3.7,349,55,0.0,Clouds,broken clouds,21
Bagod,46.875,16.746111,2026-07-11 21:42:38.839566,20.17,20.02,20.17,20.17,1018,68,3.44,348,56,0.0,Clouds,broken clouds,21
Zalaszentgyörgy,46.872222,16.7125,2026-07-11 21:42:40.054087,20.11,20.0,20.11,20.11,1018,70,3.33,347,55,0.0,Clouds,broken clouds,21
Zalacséb-Salomvár,46.858056,16.662222,2026-07-11 21:42:41.313171,19.88,19.78,19.88,19.88,1018,71,3.23,346,55,0.0,Clouds,broken clouds,21
Kópháza,47.631389,16.6375,2026-07-11 21:42:42.558679,21.77,21.39,17.99,21.77,1018,53,3.05,339,81,0.0,Clouds,broken clouds,21
Nagycenk,47.601111,16.690278,2026-07-11 21:42:43.821952,21.88,21.51,18.1,21.88,1018,53,3.09,345,84,0.0,Clouds,broken clouds,21
Sopronkövesd,47.548333,16.748056,2026-07-11 21:42:45.096377,17.93,17.55,17.93,21.71,1018,68,3.06,355,80,0.0,Clouds,broken clouds,21
Lövő,47.509444,16.7775,2026-07-11 21:42:46.357999,17.97,17.6,17.97,21.75,1018,68,3.1,360,69,0.0,Clouds,broken clouds,21
Újkér,47.457778,16.786667,2026-07-11 21:42:47.573894,17.99,17.62,17.99,17.99,1018,68,2.99,1,59,0.0,Clouds,broken clouds,21
Bük,47.388611,16.752222,2026-07-11 21:42:48.839651,18.05,17.69,18.05,18.05,1018,68,2.88,359,43,0.0,Clouds,scattered clouds,21
Acsád,47.308333,16.734722,2026-07-11 21:42:50.104447,17.8,17.41,17.8,17.8,1018,68,2.91,357,22,0.0,Clouds,few clouds,21
Salköveskút-Vassurány,47.291389,16.704167,2026-07-11 21:42:51.374727,17.81,17.42,17.81,17.81,1018,68,2.96,357,17,0.0,Clouds,few clouds,21
Zalaszentiván,46.8875,16.909444,2026-07-11 21:42:52.636317,20.2,19.95,20.2,20.2,1018,64,4.14,353,49,0.0,Clouds,scattered clouds,21
Alsónemesapáti,46.854167,16.936389,2026-07-11 21:42:53.890255,20.25,20.0,20.25,20.25,1018,64,4.35,351,44,0.0,Clouds,scattered clouds,21
Józsa,47.600833,21.584444,2026-07-11 21:42:55.116033,16.87,16.44,16.87,16.87,1017,70,3.92,58,29,0.0,Clouds,scattered clouds,21
Hajdúszentgyörgy,47.608056,21.578333,2026-07-11 21:42:56.375299,16.87,16.44,16.87,16.87,1017,70,3.92,58,29,0.0,Clouds,scattered clouds,21
Zelemér,47.627778,21.578333,2026-07-11 21:42:57.614000,16.84,16.41,16.84,16.84,1017,70,3.87,59,26,0.0,Clouds,scattered clouds,21
Hajdúböszörmény,47.668056,21.524167,2026-07-11 21:42:58.874604,16.98,16.59,16.98,16.98,1017,71,3.73,60,19,0.0,Clouds,few clouds,21
Hajdúvid,47.749444,21.508056,2026-07-11 21:43:00.148845,17.14,16.76,17.14,17.14,1017,71,3.61,62,9,0.0,Clear,clear sky,21
Hajdúdorog,47.805556,21.493056,2026-07-11 21:43:01.359868,17.12,16.77,17.12,17.12,1017,72,3.56,64,3,0.0,Clear,clear sky,21
Hajdúnánás,47.831944,21.426667,2026-07-11 21:43:02.625676,17.25,16.94,17.25,17.25,1017,73,3.54,65,4,0.0,Clear,clear sky,21
Hajdúnánás-Vásártér,47.843056,21.407222,2026-07-11 21:43:03.885877,17.25,16.94,17.25,17.25,1017,73,3.54,65,4,0.0,Clear,clear sky,21
Tedej,47.903611,21.404444,2026-07-11 21:43:05.112873,17.22,16.9,17.22,17.22,1017,73,3.44,67,2,0.0,Clear,clear sky,21
Tiszavasvári,47.945278,21.374722,2026-07-11 21:43:06.372360,17.23,16.91,17.23,17.23,1017,73,3.41,67,4,0.0,Clear,clear sky,21
Egyházerdő,47.9725,21.365,2026-07-11 21:43:07.632965,17.24,16.93,17.24,17.24,1017,73,3.34,68,6,0.0,Clear,clear sky,21
Tiszalök,48.013056,21.369167,2026-07-11 21:43:08.848702,17.2,16.88,17.2,17.2,1017,73,3.19,67,12,0.0,Clouds,few clouds,21
Hajnalos,47.998889,21.414167,2026-07-11 21:43:10.104623,17.22,16.9,17.22,17.22,1017,73,3.24,67,7,0.0,Clear,clear sky,21
Kisfástanya,47.989167,21.47,2026-07-11 21:43:11.364303,17.15,16.83,17.15,17.15,1017,73,3.21,67,6,0.0,Clear,clear sky,21
Tiszaeszlár,48.010556,21.491944,2026-07-11 21:43:12.591925,17.16,16.84,17.16,17.16,1017,73,3.1,66,10,0.0,Clear,clear sky,21
Bashalom,48.026111,21.514722,2026-07-11 21:43:13.830753,17.2,16.88,17.2,17.2,1017,73,3.02,65,15,0.0,Clouds,few clouds,21
Sáránd,47.415556,21.625,2026-07-11 21:43:15.065263,17.13,16.67,17.13,17.13,1016,68,4.27,55,32,0.0,Clouds,scattered clouds,21
Derecske,47.365,21.584167,2026-07-11 21:43:16.283128,17.21,16.71,17.21,17.21,1016,66,4.37,55,27,0.0,Clouds,scattered clouds,21
Derecske-Vásártér,47.352222,21.58,2026-07-11 21:43:17.551248,17.21,16.71,17.21,17.21,1016,66,4.37,55,27,0.0,Clouds,scattered clouds,21
Konyár,47.323611,21.666111,2026-07-11 21:43:18.778622,17.2,16.7,17.2,17.2,1016,66,4.42,54,20,0.0,Clouds,few clouds,21
Konyári Sóstófürdő,47.324167,21.744444,2026-07-11 21:43:20.024552,17.14,16.63,17.14,17.14,1016,66,4.35,54,19,0.0,Clouds,few clouds,21
Pocsaj-Esztár,47.288333,21.793056,2026-07-11 21:43:21.296634,17.09,16.58,17.09,17.09,1016,66,4.35,54,17,0.0,Clouds,few clouds,21
Kismarja,47.243889,21.813889,2026-07-11 21:43:22.512008,17.13,16.6,17.13,17.13,1016,65,4.42,54,12,0.0,Clouds,few clouds,21
Nagykereki,47.191667,21.8,2026-07-11 21:43:23.731573,17.13,16.6,17.13,17.13,1016,65,4.47,55,8,0.0,Clear,clear sky,21
Debrecen-Szabadságtelep,47.527778,21.658611,2026-07-11 21:43:24.982720,16.9,16.47,16.9,16.9,1017,70,4.09,57,34,0.0,Clouds,scattered clouds,21
Kondoroskert,47.525556,21.713889,2026-07-11 21:43:26.223935,16.83,16.4,16.83,16.83,1017,70,4.08,57,31,0.0,Clouds,scattered clouds,21
Nagycsere,47.523889,21.763056,2026-07-11 21:43:27.446781,16.8,16.36,16.8,16.8,1017,70,4.08,57,30,0.0,Clouds,scattered clouds,21
Haláp,47.521667,21.818333,2026-07-11 21:43:28.660835,16.72,16.28,16.72,16.72,1017,70,4.07,57,28,0.0,Clouds,scattered clouds,21
Vámospércs,47.518056,21.893889,2026-07-11 21:43:29.919604,16.63,16.18,16.63,16.63,1017,70,4.01,56,24,0.0,Clouds,few clouds,21
Szentannapuszta,47.52,21.965833,2026-07-11 21:43:31.140153,16.6,16.14,16.6,16.6,1017,70,3.92,56,21,0.0,Clouds,few clouds,21
Nyírábrány,47.523889,22.016944,2026-07-11 21:43:32.372042,16.56,16.13,16.56,16.56,1017,71,3.89,56,19,0.0,Clouds,few clouds,21
Dombostanya,47.602778,21.706389,2026-07-11 21:43:33.615103,16.8,16.36,16.8,16.8,1017,70,3.94,58,28,0.0,Clouds,scattered clouds,21
Hajdúsámson,47.608056,21.755278,2026-07-11 21:43:34.837836,16.73,16.29,16.73,16.73,1017,70,3.94,58,25,0.0,Clouds,scattered clouds,21
Tamásipuszta,47.632778,21.796111,2026-07-11 21:43:36.093294,16.65,16.2,16.65,16.65,1017,70,3.87,57,22,0.0,Clouds,few clouds,21
Aradványpuszta,47.662778,21.8425,2026-07-11 21:43:37.305332,16.63,16.18,16.63,16.63,1017,70,3.8,57,19,0.0,Clouds,few clouds,21
Nyíradony,47.699444,21.903333,2026-07-11 21:43:38.547118,16.54,16.08,16.54,16.54,1017,70,3.58,56,12,0.0,Clouds,few clouds,21
Nyírmihálydi,47.7375,21.958889,2026-07-11 21:43:39.793764,16.51,16.07,16.51,16.51,1017,71,3.47,55,11,0.0,Clouds,few clouds,21
Nyírgelse,47.750833,21.987778,2026-07-11 21:43:41.020025,16.44,15.99,16.44,16.44,1017,71,3.35,55,9,0.0,Clear,clear sky,21
Nyírbogát,47.793056,22.066389,2026-07-11 21:43:42.250178,16.49,16.05,16.49,16.49,1017,71,3.0,53,6,0.0,Clear,clear sky,21
Nagykálló,47.871111,21.825833,2026-07-11 21:43:43.462011,16.73,16.36,16.73,16.73,1017,73,3.12,63,4,0.0,Clear,clear sky,21
Kállósemjén,47.854722,21.935,2026-07-11 21:43:44.682846,16.64,16.24,16.64,16.64,1017,72,3.09,59,5,0.0,Clear,clear sky,21
Nyírbátor,47.8425,22.131111,2026-07-11 21:43:45.902327,16.43,15.98,16.43,16.43,1017,71,2.83,51,6,0.0,Clear,clear sky,21
Nyírcsászári,47.865556,22.179167,2026-07-11 21:43:47.150606,16.44,16.02,16.44,16.44,1017,72,2.58,48,5,0.0,Clear,clear sky,21
Hodász,47.896111,22.213611,2026-07-11 21:43:48.387542,16.41,15.99,16.41,16.41,1017,72,2.36,43,5,0.0,Clear,clear sky,21
Nyírmeggyes,47.9225,22.256667,2026-07-11 21:43:49.619087,16.47,16.05,16.47,16.47,1017,72,2.17,37,6,0.0,Clear,clear sky,21
Mátészalka,47.951389,22.313333,2026-07-11 21:43:50.862460,16.52,16.11,16.52,16.52,1017,72,2.06,32,7,0.0,Clear,clear sky,21
Kocsord,47.941944,22.375833,2026-07-11 21:43:52.095267,16.58,16.17,16.58,16.58,1017,72,1.92,28,10,0.0,Clear,clear sky,21
Kocsord alsó,47.946389,22.400556,2026-07-11 21:43:53.340917,16.58,16.17,16.58,16.58,1017,72,1.92,28,10,0.0,Clear,clear sky,21
Győrtelek,47.936667,22.424722,2026-07-11 21:43:54.584863,16.56,16.15,16.56,16.56,1017,72,1.86,26,11,0.0,Clouds,few clouds,21
Győrtelek alsó,47.921111,22.443333,2026-07-11 21:43:55.817178,16.5,16.11,16.5,16.5,1017,73,1.84,29,10,0.0,Clear,clear sky,21
Ököritófülpös,47.911389,22.495,2026-07-11 21:43:57.084112,16.46,16.07,16.46,16.46,1017,73,1.79,28,10,0.0,Clear,clear sky,21
Porcsalma-Tyukod,47.868056,22.568333,2026-07-11 21:43:58.329804,15.06,14.58,15.06,15.06,1017,75,1.69,37,7,0.0,Clear,clear sky,21
Csenger,47.826111,22.666389,2026-07-11 21:43:59.546555,15.05,14.6,15.05,15.05,1017,76,1.56,43,6,0.0,Clear,clear sky,21
Kisfái,46.888303,19.807366,2026-07-11 21:44:00.795029,21.03,20.55,21.03,21.03,1016,52,3.41,42,8,0.0,Clear,clear sky,21
Nyárlőrinci szőlők,46.8775,19.828333,2026-07-11 21:44:02.018105,21.03,20.31,21.03,21.03,1016,43,3.39,40,6,0.0,Clear,clear sky,21
Nyárlőrinc alsó,46.863889,19.878889,2026-07-11 21:44:03.241843,21.05,20.33,21.05,21.05,1016,43,3.36,39,7,0.0,Clear,clear sky,21
Tiszaug-Tiszahídfő,46.866106,20.052098,2026-07-11 21:44:04.462846,21.2,20.79,18.9,21.21,1016,54,3.24,40,8,0.0,Clear,clear sky,21
Csongrádi úti tanyák,46.690278,19.921667,2026-07-11 21:44:05.686719,21.16,20.45,18.86,21.16,1015,43,3.46,47,17,0.0,Clouds,few clouds,21
Kettőshalom,46.689167,20.0225,2026-07-11 21:44:06.917573,21.19,20.49,18.89,21.19,1015,43,3.51,52,23,0.0,Clouds,few clouds,21
Csongrád alsó,46.711389,20.126389,2026-07-11 21:44:08.128861,18.89,18.06,18.89,21.19,1015,47,3.52,55,23,0.0,Clouds,few clouds,21
Dónát,46.66988,20.368168,2026-07-11 21:44:09.374227,18.91,18.08,18.91,18.91,1015,47,3.58,66,41,0.0,Clouds,scattered clouds,21
Pusztatemplom,46.676667,20.407222,2026-07-11 21:44:10.593887,18.9,18.07,18.9,18.9,1015,47,3.58,66,46,0.0,Clouds,scattered clouds,21
Előhát,47.364722,20.653611,2026-07-11 21:44:11.824582,17.75,17.3,17.75,17.75,1016,66,3.91,54,56,0.0,Clouds,broken clouds,21
Polgárdi-Tekerespuszta,47.017778,18.297778,2026-07-11 21:44:13.070187,22.62,22.24,22.62,22.62,1017,50,3.23,6,31,0.0,Clouds,scattered clouds,21
Szatina-Kishajmás,46.202778,18.083611,2026-07-11 21:44:14.299109,18.86,18.29,18.86,18.86,1017,57,2.26,299,99,0.0,Clouds,overcast clouds,21
Márok,45.886944,18.499167,2026-07-11 21:44:15.562537,18.72,19.0,18.72,18.72,1016,90,1.34,335,94,0.0,Clouds,overcast clouds,21
Nagynyárád,45.953333,18.564722,2026-07-11 21:44:16.810660,18.79,19.07,18.79,18.79,1016,90,2.76,275,88,0.0,Clouds,overcast clouds,21
Szászvár,46.2875,18.369722222222222,2026-07-11 21:44:18.038895,18.53,17.77,18.53,18.53,1016,51,2.13,312,100,0.0,Clouds,overcast clouds,21
Cikó,46.263514,18.557605,2026-07-11 21:44:19.287953,18.76,17.92,18.76,18.76,1016,47,2.74,324,100,0.0,Clouds,overcast clouds,21
Gyöngyfa-Magyarmecske,45.983889,17.958889,2026-07-11 21:44:20.515778,18.6,18.53,18.6,18.6,1016,77,2.95,281,100,0.0,Clouds,overcast clouds,21
Nagyhát,47.581389,21.445,2026-07-11 21:44:21.776748,17.08,16.67,17.08,17.08,1017,70,3.9,57,26,0.0,Clouds,scattered clouds,21
Balmazújváros,47.613889,21.348056,2026-07-11 21:44:23.045213,17.34,16.98,17.34,17.34,1017,71,3.7,56,19,0.0,Clouds,few clouds,21
Kónya,47.600833,21.2375,2026-07-11 21:44:24.293529,17.41,17.09,17.41,17.41,1017,72,3.7,53,24,0.0,Clouds,few clouds,21
Hortobágy,47.586111,21.154722,2026-07-11 21:44:25.544615,17.48,17.16,17.48,17.48,1017,72,3.69,52,38,0.0,Clouds,scattered clouds,21
Hortobágyi Halastó,47.604167,21.074167,2026-07-11 21:44:26.810348,17.54,17.23,17.54,17.54,1017,72,3.72,52,50,0.0,Clouds,scattered clouds,21
Ohat-Pusztakócs,47.623333,20.951111,2026-07-11 21:44:28.103764,17.62,17.32,17.62,17.62,1017,72,3.8,54,59,0.0,Clouds,broken clouds,21
Egyek,47.616944,20.883611,2026-07-11 21:44:29.362222,17.71,17.39,17.71,17.71,1017,71,3.92,55,57,0.0,Clouds,broken clouds,21
Tiszafüred,47.627778,20.756111,2026-07-11 21:44:30.626761,17.76,17.45,17.76,17.76,1017,71,4.07,55,51,0.0,Clouds,broken clouds,21
Poroszló,47.657778,20.654444,2026-07-11 21:44:31.878736,17.88,17.55,17.88,17.88,1017,70,4.37,58,43,0.0,Clouds,scattered clouds,21
Kétútköz,47.694167,20.565,2026-07-11 21:44:33.139289,17.89,17.56,17.89,17.89,1017,70,4.59,62,35,0.0,Clouds,scattered clouds,21
Egerfarmos,47.711667,20.5225,2026-07-11 21:44:34.400688,17.89,17.56,17.89,17.89,1017,70,4.65,62,35,0.0,Clouds,scattered clouds,21
Piliscsaba,47.638056,18.829722,2026-07-11 21:44:35.658313,20.28,19.77,19.79,22.53,1017,54,1.83,7,0,0.0,Clear,clear sky,21
Pilisjászfalu,47.656111,18.797778,2026-07-11 21:44:36.906503,20.43,19.96,20.04,21.17,1017,55,1.84,5,0,0.0,Clear,clear sky,21
Leányvár,47.687594,18.772553,2026-07-11 21:44:38.129839,20.6,20.15,20.21,21.34,1017,55,1.71,3,0,0.0,Clear,clear sky,21
Dorog,47.723333,18.732778,2026-07-11 21:44:39.363434,20.82,20.47,20.82,20.82,1017,58,1.54,360,2,0.0,Clear,clear sky,21
Esztergom-Kertváros,47.743333,18.719167,2026-07-11 21:44:40.579608,20.89,20.58,20.89,20.89,1017,59,1.5,2,4,0.0,Clear,clear sky,21
Esztergom,47.7775,18.743611,2026-07-11 21:44:41.831290,20.95,20.64,20.95,20.95,1017,59,1.51,8,9,0.0,Clear,clear sky,21
Dunaalmás,47.733056,18.326389,2026-07-11 21:44:43.087834,18.21,17.63,18.21,18.21,1017,59,2.24,357,6,0.0,Clear,clear sky,21
Neszmély,47.734444,18.345278,2026-07-11 21:44:44.309552,18.21,17.63,18.21,18.21,1017,59,2.24,357,6,0.0,Clear,clear sky,21
Süttő,47.761111,18.455,2026-07-11 21:44:45.532635,17.9,17.29,17.9,17.9,1017,59,1.85,354,4,0.0,Clear,clear sky,21
Piszke,47.75307,18.478017,2026-07-11 21:44:46.780479,17.83,17.21,17.83,17.83,1017,59,1.78,354,4,0.0,Clear,clear sky,21
Lábatlan,47.751944,18.513333,2026-07-11 21:44:48.006516,17.72,17.09,17.72,17.72,1017,59,1.72,354,4,0.0,Clear,clear sky,21
Eternitgyár,47.755544,18.530014,2026-07-11 21:44:49.269876,17.72,17.09,17.72,17.72,1017,59,1.72,354,4,0.0,Clear,clear sky,21
Nyergesújfalu felső,47.762222,18.540556,2026-07-11 21:44:50.515305,17.72,17.09,17.72,17.72,1017,59,1.72,354,4,0.0,Clear,clear sky,21
Nyergesújfalu,47.761111,18.561667,2026-07-11 21:44:51.776333,17.57,16.92,17.57,17.57,1017,59,1.67,354,4,0.0,Clear,clear sky,21
Tokod,47.735,18.675,2026-07-11 21:44:52.997522,20.91,20.57,20.91,20.91,1017,58,1.55,358,1,0.0,Clear,clear sky,21
Környe,47.541667,18.330278,2026-07-11 21:44:54.246342,17.88,17.16,17.88,17.88,1017,55,2.59,353,4,0.0,Clear,clear sky,21
Kecskéd alsó,47.519722,18.316667,2026-07-11 21:44:55.501079,18.0,17.29,18.0,18.0,1017,55,2.66,352,3,0.0,Clear,clear sky,21
Oroszlány,47.486944,18.308611,2026-07-11 21:44:56.752230,17.91,17.19,17.91,17.91,1017,55,2.71,351,2,0.0,Clear,clear sky,21
Győrszabadhegy,47.663056,17.648056,2026-07-11 21:44:58.015595,19.81,19.2,19.81,19.81,1018,52,3.51,3,30,0.0,Clouds,scattered clouds,21
Ménfőcsanak felső,47.638333,17.615,2026-07-11 21:44:59.262713,19.95,19.33,19.95,19.95,1018,51,3.53,5,32,0.0,Clouds,scattered clouds,21
Gyömöre-Tét,47.501672,17.559596,2026-07-11 21:45:00.488539,19.9,19.25,19.9,19.9,1018,50,3.38,16,42,0.0,Clouds,scattered clouds,21
Szerecseny,47.469167,17.5475,2026-07-11 21:45:01.739303,19.93,19.28,19.93,19.93,1018,50,3.28,18,45,0.0,Clouds,scattered clouds,21
Gecse-Gyarmat,47.456111,17.515,2026-07-11 21:45:02.966033,19.89,19.24,19.89,19.89,1018,50,3.4,17,50,0.0,Clouds,scattered clouds,21
Vaszar,47.4025,17.496389,2026-07-11 21:45:04.206094,20.01,19.42,20.01,20.01,1018,52,3.15,23,63,0.0,Clouds,broken clouds,21
Pápa,47.340556,17.458889,2026-07-11 21:45:05.456286,20.0,19.44,20.0,20.0,1018,53,2.98,26,69,0.0,Clouds,broken clouds,21
Mezőlak,47.324722,17.371389,2026-07-11 21:45:06.704763,20.12,19.57,20.12,20.12,1018,53,3.07,18,69,0.0,Clouds,broken clouds,21
Mihályháza,47.318889,17.331667,2026-07-11 21:45:07.959276,20.12,19.6,20.12,20.12,1018,54,3.0,16,66,0.0,Clouds,broken clouds,21
Vinár,47.306667,17.284722,2026-07-11 21:45:09.206906,20.18,19.66,20.18,20.18,1018,54,3.02,13,65,0.0,Clouds,broken clouds,21
Külsővat,47.279167,17.219722,2026-07-11 21:45:10.460991,20.19,19.7,20.19,20.19,1018,55,3.09,5,60,0.0,Clouds,broken clouds,21
Celldömölk,47.261389,17.151944,2026-07-11 21:45:11.711071,20.2,19.71,20.2,20.2,1018,55,3.18,2,58,0.0,Clouds,broken clouds,21
Kemenesmihályfa,47.278056,17.111111,2026-07-11 21:45:12.970528,19.81,19.31,19.81,19.81,1018,56,3.18,0,59,0.0,Clouds,broken clouds,21
Nagysimonyi,47.265556,17.058889,2026-07-11 21:45:14.223205,19.89,19.4,19.89,19.89,1018,56,3.25,359,56,0.0,Clouds,broken clouds,21
Ostffyasszonyfa,47.283889,17.023889,2026-07-11 21:45:15.439927,19.96,19.5,19.96,19.96,1018,57,3.23,358,54,0.0,Clouds,broken clouds,21
Sárvár,47.259167,16.928889,2026-07-11 21:45:16.698277,20.03,19.6,20.03,20.03,1018,58,3.38,357,32,0.0,Clouds,scattered clouds,21
Porpác,47.238611,16.8325,2026-07-11 21:45:17.947028,18.07,17.47,18.07,18.07,1018,59,3.43,356,20,0.0,Clouds,few clouds,21
Balatonföldvár,46.853889,17.881389,2026-07-11 21:45:19.188050,22.75,23.2,22.75,22.75,1017,81,2.39,2,17,0.0,Clouds,few clouds,21
Balatonszárszó,46.832222,17.830278,2026-07-11 21:45:20.436951,22.77,22.43,22.77,22.77,1017,51,2.15,359,14,0.0,Clouds,few clouds,21
Balatonszemes,46.811944,17.776389,2026-07-11 21:45:21.679131,22.75,22.46,22.75,22.75,1017,53,1.89,350,13,0.0,Clouds,few clouds,21
Balatonlelle felső,46.793889,17.7175,2026-07-11 21:45:22.932562,19.97,19.46,19.97,19.97,1017,55,1.84,338,15,0.0,Clouds,few clouds,21
Balatonlelle,46.7875,17.694167,2026-07-11 21:45:24.176600,20.03,19.55,20.03,20.03,1017,56,1.92,334,18,0.0,Clouds,few clouds,21
Fonyódliget,46.759167,17.592222,2026-07-11 21:45:25.434892,20.05,19.68,20.05,20.05,1017,60,2.25,324,27,0.0,Clouds,scattered clouds,21
Balatonboglár,46.776111,17.647222,2026-07-11 21:45:26.657606,20.05,19.63,20.05,20.05,1017,58,2.05,330,22,0.0,Clouds,few clouds,21
Balatonfenyves alsó,46.708611,17.455278,2026-07-11 21:45:27.908046,19.97,19.82,19.97,19.97,1017,69,3.19,317,45,0.0,Clouds,scattered clouds,21
Fonyód,46.750278,17.558889,2026-07-11 21:45:29.152312,20.02,19.7,20.02,20.02,1017,62,2.6,322,33,0.0,Clouds,scattered clouds,21
Bélatelep,46.737778,17.535,2026-07-11 21:45:30.388167,20.0,19.75,20.0,20.0,1017,65,2.83,319,39,0.0,Clouds,scattered clouds,21
Alsóbélatelep,46.724167,17.516389,2026-07-11 21:45:31.614724,20.0,19.75,20.0,20.0,1017,65,2.83,319,39,0.0,Clouds,scattered clouds,21
Balatonfenyves,46.713611,17.482778,2026-07-11 21:45:32.859557,19.94,19.77,19.94,19.94,1017,68,3.07,316,44,0.0,Clouds,scattered clouds,21
Máriahullámtelep,46.704722,17.435,2026-07-11 21:45:34.084934,19.97,19.82,19.97,19.97,1017,69,3.19,317,45,0.0,Clouds,scattered clouds,21
Balatonmáriafürdő,46.704167,17.374722,2026-07-11 21:45:35.334177,19.95,19.85,19.95,19.95,1017,71,3.48,318,44,0.0,Clouds,scattered clouds,21
Balatonberény,46.713889,17.316944,2026-07-11 21:45:36.584943,19.87,19.79,19.87,19.87,1017,72,3.55,319,43,0.0,Clouds,scattered clouds,21
Balatonszentgyörgy,46.692778,17.288889,2026-07-11 21:45:37.833861,19.95,19.88,19.95,19.95,1017,72,3.73,318,46,0.0,Clouds,scattered clouds,21
Vörs,46.663611,17.260278,2026-07-11 21:45:39.082391,19.98,19.91,19.98,19.98,1017,72,4.0,319,48,0.0,Clouds,scattered clouds,21
Zalaszentjakab,46.491667,17.135278,2026-07-11 21:45:40.323118,19.81,19.75,19.81,19.81,1017,73,4.36,315,66,0.0,Clouds,broken clouds,21
Nagykanizsa,46.440833,16.986667,2026-07-11 21:45:41.585858,19.88,19.83,19.88,19.88,1017,73,3.95,317,65,0.0,Clouds,broken clouds,21
Murakeresztúr,46.363889,16.876944,2026-07-11 21:45:42.839341,19.78,19.8,19.78,19.78,1017,76,3.61,314,76,0.0,Clouds,broken clouds,21
Zalakomár,46.530278,17.188056,2026-07-11 21:45:44.054343,19.91,19.84,19.91,19.91,1017,72,4.37,315,65,0.0,Clouds,broken clouds,21
Szárazrét,47.200833,18.381111,2026-07-11 21:45:45.271153,18.21,17.47,18.21,18.21,1017,53,3.02,355,4,0.0,Clear,clear sky,21
Bodajk,47.318333,18.251944,2026-07-11 21:45:46.518945,18.28,17.57,18.28,18.28,1017,54,2.94,345,0,0.0,Clear,clear sky,21
Csókakő,47.3275,18.240556,2026-07-11 21:45:47.737489,17.97,17.23,17.97,17.97,1017,54,2.91,345,0,0.0,Clear,clear sky,21
Mór,47.369167,18.189167,2026-07-11 21:45:48.981921,18.23,17.54,18.23,18.23,1017,55,2.82,342,3,0.0,Clear,clear sky,21
Bakonysárkány,47.443611,18.103611,2026-07-11 21:45:50.214053,18.05,17.37,18.05,18.05,1017,56,2.57,347,4,0.0,Clear,clear sky,21
Kisbér,47.494167,18.024722,2026-07-11 21:45:51.465202,18.54,17.94,18.54,18.54,1018,57,2.37,354,2,0.0,Clear,clear sky,21
Nagyigmánd-Bábolna,47.630556,18.050833,2026-07-11 21:45:52.685985,18.83,18.23,18.83,18.83,1017,56,2.86,358,9,0.0,Clear,clear sky,21
Budapest-Déli,47.498889,19.025,2026-07-11 21:45:53.935274,22.38,21.98,20.82,23.17,1017,50,2.24,43,18,0.0,Clouds,few clouds,21
Budapest-Kelenföld,47.464444,19.02,2026-07-11 21:45:55.200844,22.67,22.27,20.93,23.27,1017,49,2.24,43,20,0.0,Clouds,few clouds,21
Budaörs,47.4475,18.965,2026-07-11 21:45:56.443925,22.44,22.05,20.84,23.18,1017,50,2.24,43,18,0.0,Clouds,few clouds,21
Biatorbágy,47.480278,18.834444,2026-07-11 21:45:57.669472,20.89,20.42,20.48,22.83,1017,53,2.73,6,9,0.0,Clear,clear sky,21
Herceghalom,47.493611,18.746111,2026-07-11 21:45:58.913271,20.95,20.51,20.74,23.08,1017,54,2.68,2,6,0.0,Clear,clear sky,21
Bicske,47.484167,18.6175,2026-07-11 21:46:00.173918,20.54,20.09,20.54,21.28,1017,55,2.65,354,3,0.0,Clear,clear sky,21
Szár,47.485,18.5275,2026-07-11 21:46:01.432577,20.33,19.85,20.33,20.33,1017,55,2.61,351,3,0.0,Clear,clear sky,21
Szárliget,47.518333,18.495833,2026-07-11 21:46:02.656657,17.02,16.21,17.02,17.02,1017,55,2.53,351,3,0.0,Clear,clear sky,21
Alsógalla,47.563337,18.425102,2026-07-11 21:46:03.905506,17.67,16.95,17.67,17.67,1017,56,2.45,352,4,0.0,Clear,clear sky,21
Tatabánya,47.585556,18.393056,2026-07-11 21:46:05.159132,17.86,17.16,17.86,17.86,1017,56,2.41,353,4,0.0,Clear,clear sky,21
Vértesszőlős,47.619444,18.375278,2026-07-11 21:46:06.423651,17.91,17.24,17.91,17.91,1017,57,2.33,354,4,0.0,Clear,clear sky,21
Tóvároskert,47.646111,18.348611,2026-07-11 21:46:07.669602,18.04,17.41,18.04,18.04,1017,58,2.34,355,4,0.0,Clear,clear sky,21
Tata,47.665,18.3275,2026-07-11 21:46:08.931544,18.05,17.43,18.05,18.05,1017,58,2.3,356,5,0.0,Clear,clear sky,21
Almásfüzitő,47.725278,18.262222,2026-07-11 21:46:10.161865,18.41,17.85,18.41,18.41,1017,59,2.47,359,9,0.0,Clear,clear sky,21
Almásfüzitő felső,47.731389,18.216389,2026-07-11 21:46:11.405544,18.53,17.95,18.53,18.53,1017,58,2.72,359,12,0.0,Clouds,few clouds,21
Szőny,47.735556,18.1775,2026-07-11 21:46:12.660682,18.64,18.07,18.64,18.64,1017,58,2.84,359,14,0.0,Clouds,few clouds,21
Komárom,47.749444,18.113611,2026-07-11 21:46:13.904709,18.87,18.3,18.87,18.87,1017,57,3.17,358,20,0.0,Clouds,few clouds,21
Ács,47.717222,18.004444,2026-07-11 21:46:15.153188,19.08,18.48,19.08,19.08,1017,55,3.44,357,22,0.0,Clouds,few clouds,21
Nagyszentjános,47.705556,17.871389,2026-07-11 21:46:16.370461,19.33,18.75,19.33,19.33,1018,55,3.41,359,20,0.0,Clouds,few clouds,21
Győrszentiván,47.688611,17.745556,2026-07-11 21:46:17.589634,19.53,18.95,19.53,19.53,1018,54,3.3,2,18,0.0,Clouds,few clouds,21
Győr-Gyárváros,47.684444,17.663889,2026-07-11 21:46:18.844550,19.77,19.16,19.77,19.77,1018,52,3.43,3,26,0.0,Clouds,scattered clouds,21
Győr,47.681944,17.634722,2026-07-11 21:46:20.089242,19.81,19.2,19.81,19.81,1018,52,3.51,3,30,0.0,Clouds,scattered clouds,21
Öttevény,47.719722,17.489167,2026-07-11 21:46:21.335261,20.03,19.42,20.03,20.03,1018,51,3.65,5,46,0.0,Clouds,scattered clouds,21
Lébény-Mosonszentmiklós,47.755278,17.426389,2026-07-11 21:46:22.585658,20.05,19.47,20.05,20.05,1018,52,3.52,7,45,0.0,Clouds,scattered clouds,21
Kimle-Károlyháza,47.803889,17.342778,2026-07-11 21:46:23.835229,20.07,19.52,20.07,20.07,1018,53,3.35,8,43,0.0,Clouds,scattered clouds,21
Mosonmagyaróvár,47.849722,17.267222,2026-07-11 21:46:25.084568,21.71,21.29,21.16,21.71,1018,52,3.16,7,47,0.0,Clouds,scattered clouds,21
Levél,47.889722,17.1925,2026-07-11 21:46:26.353511,21.5,21.06,21.13,22.19,1018,52,3.09,4,54,0.0,Clouds,broken clouds,21
Hegyeshalom,47.913889,17.145556,2026-07-11 21:46:27.605856,21.49,21.05,21.1,22.16,1018,52,3.04,359,57,0.0,Clouds,broken clouds,21
Óbuda,47.568611,19.033889,2026-07-11 21:46:28.835914,22.15,21.75,20.97,23.31,1017,51,0.89,46,12,0.0,Clouds,few clouds,21
Üröm,47.580556,19.002222,2026-07-11 21:46:30.089963,21.87,21.44,20.86,23.21,1017,51,0.45,13,10,0.0,Clear,clear sky,21
Solymár,47.596111,18.95,2026-07-11 21:46:31.346547,21.02,20.56,20.68,23.02,1017,53,2.08,19,6,0.0,Clear,clear sky,21
Pilisvörösvár,47.614444,18.902222,2026-07-11 21:46:32.561853,20.54,20.03,20.32,22.67,1017,53,1.95,15,3,0.0,Clear,clear sky,21
Klotildliget,47.637778,18.846389,2026-07-11 21:46:33.804057,20.23,19.72,20.06,22.4,1017,54,1.83,7,0,0.0,Clear,clear sky,21
Kútvölgy,46.459444,20.451944,2026-07-11 21:46:35.047575,18.9,18.18,18.9,18.9,1015,51,3.65,52,90,0.0,Clouds,overcast clouds,21
Székkutas,46.503889,20.541111,2026-07-11 21:46:36.289748,18.88,18.21,18.88,18.88,1015,53,3.65,53,86,0.0,Clouds,overcast clouds,21
Kaposszentjakab,46.358056,17.821944,2026-07-11 21:46:37.546806,19.79,19.21,19.79,19.79,1017,53,4.16,317,98,0.0,Clouds,overcast clouds,21
Kaposvár,46.352778,17.795,2026-07-11 21:46:38.778982,19.68,19.11,19.68,19.68,1017,54,4.34,318,96,0.0,Clouds,overcast clouds,21
Kaposújlak,46.366667,17.715,2026-07-11 21:46:40.024262,19.78,19.3,19.78,19.78,1017,57,4.73,323,94,0.0,Clouds,overcast clouds,21
Kaposmérő,46.365278,17.698889,2026-07-11 21:46:41.298149,19.73,19.3,19.73,19.73,1017,59,4.81,324,93,0.0,Clouds,overcast clouds,21
Kaposfő,46.364167,17.656667,2026-07-11 21:46:42.535938,19.69,19.28,19.69,19.69,1017,60,4.85,325,93,0.0,Clouds,overcast clouds,21
Kiskorpád,46.361389,17.606667,2026-07-11 21:46:43.750382,19.61,19.25,19.61,19.61,1017,62,4.87,326,92,0.0,Clouds,overcast clouds,21
Jákó-Nagybajom,46.344444,17.554444,2026-07-11 21:46:45.024009,19.68,19.37,19.68,19.68,1017,64,4.97,330,95,0.0,Clouds,overcast clouds,21
Kutas,46.326111,17.453889,2026-07-11 21:46:46.283478,19.75,19.56,19.75,19.75,1017,68,4.74,330,95,0.0,Clouds,overcast clouds,21
Beleg,46.316944,17.420556,2026-07-11 21:46:47.506087,19.72,19.58,19.72,19.72,1017,70,4.59,331,97,0.0,Clouds,overcast clouds,21
Ötvöskónyi,46.292778,17.358056,2026-07-11 21:46:48.760285,19.69,19.57,19.69,19.69,1017,71,4.5,332,98,0.0,Clouds,overcast clouds,21
Somogyszob,46.289167,17.305556,2026-07-11 21:46:50.020211,19.56,19.48,19.56,19.56,1017,73,4.25,330,98,0.0,Clouds,overcast clouds,21
Bolhás,46.282222,17.275278,2026-07-11 21:46:51.271884,19.47,19.4,19.47,19.47,1017,74,4.05,328,98,0.0,Clouds,overcast clouds,21
Szenta,46.274167,17.182222,2026-07-11 21:46:52.531894,19.5,19.46,19.5,19.5,1017,75,3.95,326,99,0.0,Clouds,overcast clouds,21
Zrínyitelep,46.275278,17.138056,2026-07-11 21:46:53.775885,19.51,19.47,19.51,19.51,1017,75,3.92,325,98,0.0,Clouds,overcast clouds,21
Csurgó,46.261111,17.091667,2026-07-11 21:46:55.043813,19.66,19.64,19.66,19.66,1017,75,3.85,326,100,0.0,Clouds,overcast clouds,21
Gyékényes,46.249167,16.956389,2026-07-11 21:46:56.294996,19.51,19.5,19.51,19.51,1017,76,3.81,321,97,0.0,Clouds,overcast clouds,21
Adony,47.106111,18.847778,2026-07-11 21:46:57.552015,17.76,16.82,17.76,17.76,1016,47,3.66,11,1,0.0,Clear,clear sky,21
Kulcs,47.051111,18.8975,2026-07-11 21:46:58.762652,17.49,16.5,17.49,17.49,1016,46,3.78,16,1,0.0,Clear,clear sky,21
Rácalmás,47.023333,18.908889,2026-07-11 21:46:59.987544,17.45,16.45,17.45,17.45,1016,46,3.78,17,0,0.0,Clear,clear sky,21
Dunaújváros,46.960556,18.913889,2026-07-11 21:47:01.256175,17.52,16.53,17.52,17.52,1016,46,3.75,19,0,0.0,Clear,clear sky,21
Újvenyim,46.936944,18.868889,2026-07-11 21:47:02.482032,17.68,16.7,17.68,17.68,1016,46,3.76,20,0,0.0,Clear,clear sky,21
Mezőfalva,46.905556,18.810278,2026-07-11 21:47:03.723887,17.78,16.81,17.78,17.78,1016,46,3.78,22,0,0.0,Clear,clear sky,21
Nagykarácsony felső,46.866047,18.783064,2026-07-11 21:47:04.992211,17.96,16.99,17.96,17.96,1016,45,3.79,24,0,0.0,Clear,clear sky,21
Nagykarácsony,46.848729,18.765722,2026-07-11 21:47:06.220101,17.86,16.88,17.86,17.86,1016,45,3.77,26,2,0.0,Clear,clear sky,21
Alap,46.831944,18.657778,2026-07-11 21:47:07.479848,18.26,17.32,18.26,18.26,1016,45,3.68,27,13,0.0,Clouds,few clouds,21
Cece,46.773333,18.623333,2026-07-11 21:47:08.736314,18.41,17.48,18.41,18.41,1016,45,3.54,28,21,0.0,Clouds,few clouds,21
Vajta,46.713611,18.648056,2026-07-11 21:47:09.964761,18.45,17.53,18.45,18.45,1016,45,3.39,27,32,0.0,Clouds,scattered clouds,21
Rétszilas alsó,46.829167,18.639444,2026-07-11 21:47:11.207513,18.26,17.32,18.26,18.26,1016,45,3.68,27,13,0.0,Clouds,few clouds,21
Nagydorog,46.615485,18.65002,2026-07-11 21:47:12.464904,18.52,17.58,18.52,18.52,1016,44,3.07,22,57,0.0,Clouds,broken clouds,21
Tengelic,46.516111,18.695278,2026-07-11 21:47:13.726064,18.51,17.57,18.51,18.51,1016,44,2.9,9,91,0.0,Clouds,overcast clouds,21
Fácánkert,46.449041,18.735661,2026-07-11 21:47:14.992083,18.66,17.68,18.66,18.66,1016,42,3.14,359,100,0.0,Clouds,overcast clouds,21
Tolna-Mözs,46.416389,18.750556,2026-07-11 21:47:16.222206,18.71,17.71,18.71,18.71,1016,41,3.41,358,100,0.0,Clouds,overcast clouds,21
Szekszárd-Palánk,46.38027777777778,18.72833333333333,2026-07-11 21:47:17.471601,18.81,17.82,18.81,18.81,1016,41,3.3,353,100,0.0,Clouds,overcast clouds,21
Szekszárd,46.349444,18.7125,2026-07-11 21:47:18.692156,18.85,17.86,18.85,18.85,1016,41,3.36,350,100,0.0,Clouds,overcast clouds,21
Őcsény,46.318889,18.7425,2026-07-11 21:47:19.958768,18.91,17.87,18.91,18.91,1016,39,3.59,348,100,0.0,Clouds,overcast clouds,21
Decs,46.283889,18.756111,2026-07-11 21:47:21.180504,18.94,17.91,18.94,18.94,1016,39,3.56,346,100,0.0,Clouds,overcast clouds,21
Csikóstőttős,46.337222,18.152778,2026-07-11 21:47:22.405990,19.33,18.65,19.33,19.33,1017,51,2.08,309,100,0.0,Clouds,overcast clouds,21
Mágocs-Alsómocsolád,46.31027777777778,18.222222222222225,2026-07-11 21:47:23.661206,18.58,17.83,18.58,18.58,1016,51,1.95,308,100,0.0,Clouds,overcast clouds,21
Szalatnak,46.284444444444446,18.288611111111113,2026-07-11 21:47:24.912369,18.65,17.9,18.65,18.65,1016,51,2.04,308,100,0.0,Clouds,overcast clouds,21
Máza-Szászvár,46.279167,18.411389,2026-07-11 21:47:26.141300,18.58,17.8,18.58,18.58,1016,50,2.19,314,100,0.0,Clouds,overcast clouds,21
Váralja,46.281667,18.436111,2026-07-11 21:47:27.410978,18.68,17.88,18.68,18.68,1016,49,2.38,319,100,0.0,Clouds,overcast clouds,21
Nagymányok,46.280278,18.459167,2026-07-11 21:47:28.661978,18.68,17.88,18.68,18.68,1016,49,2.38,319,100,0.0,Clouds,overcast clouds,21
Hidas-Bonyhád,46.269444,18.523333,2026-07-11 21:47:29.929929,18.62,17.79,18.62,18.62,1016,48,2.63,325,100,0.0,Clouds,overcast clouds,21
Mőcsény,46.2575,18.591944,2026-07-11 21:47:31.171261,18.38,17.42,18.38,18.38,1016,44,2.97,331,100,0.0,Clouds,overcast clouds,21
Bátaszék,46.202222,18.715556,2026-07-11 21:47:32.414870,18.95,17.97,18.95,18.95,1016,41,3.05,333,94,0.0,Clouds,overcast clouds,21
Pörböly,46.199167,18.826389,2026-07-11 21:47:33.661521,18.89,17.85,18.89,18.89,1016,39,3.34,342,96,0.0,Clouds,overcast clouds,21
Orosháza,46.566111,20.664722,2026-07-11 21:47:34.928221,18.45,17.76,18.45,18.45,1015,54,3.8,54,79,0.0,Clouds,broken clouds,21
Orosházi tanyák,46.596944,20.760556,2026-07-11 21:47:36.160729,20.53,20.05,20.53,20.53,1015,54,3.98,52,81,0.0,Clouds,broken clouds,21
Csorvás,46.623611,20.840833,2026-07-11 21:47:37.409595,20.51,20.03,20.51,20.51,1015,54,4.07,52,80,0.0,Clouds,broken clouds,21
Csorvás alsó,46.634722,20.888333,2026-07-11 21:47:38.677719,20.53,20.02,20.53,20.53,1015,53,4.11,52,81,0.0,Clouds,broken clouds,21
Telekgerendás,46.656111,20.963889,2026-07-11 21:47:39.921728,20.53,20.02,20.53,20.53,1015,53,4.16,51,78,0.0,Clouds,broken clouds,21
Fürjes,46.67214,21.02306,2026-07-11 21:47:41.181620,20.53,20.02,20.53,20.53,1015,53,4.19,52,74,0.0,Clouds,broken clouds,21
Fényes,46.659876,21.16618,2026-07-11 21:47:42.448095,20.56,20.06,20.56,20.56,1015,53,4.01,50,85,0.0,Clouds,overcast clouds,21
Bicere,46.66,21.179444,2026-07-11 21:47:43.707620,20.55,20.04,20.55,20.55,1015,53,3.92,50,86,0.0,Clouds,overcast clouds,21
Gyula,46.656389,21.273333,2026-07-11 21:47:44.960776,20.54,20.03,20.54,20.54,1015,53,3.58,48,90,0.0,Clouds,overcast clouds,21
József Szanatórium,46.704722,21.3325,2026-07-11 21:47:46.214304,20.53,20.02,20.53,20.53,1015,53,3.77,46,84,0.0,Clouds,broken clouds,21
Sarkadi Cukorgyár,46.73,21.383611,2026-07-11 21:47:47.462883,20.54,20.03,20.54,20.54,1015,53,3.76,45,81,0.0,Clouds,broken clouds,21
Sarkad,46.736944,21.402222,2026-07-11 21:47:48.716386,20.53,20.15,20.53,20.53,1015,58,3.65,44,81,0.0,Clouds,broken clouds,21
Kötegyán,46.758333,21.479722,2026-07-11 21:47:49.932977,20.53,20.15,20.53,20.53,1015,58,3.64,44,75,0.0,Clouds,broken clouds,21
Méhkerék,46.774444,21.455556,2026-07-11 21:47:51.180314,20.53,20.15,20.53,20.53,1015,58,3.93,45,71,0.0,Clouds,broken clouds,21
Sarkadkeresztúr,46.823611,21.4175,2026-07-11 21:47:52.407988,20.55,20.18,20.55,20.55,1015,58,4.16,47,65,0.0,Clouds,broken clouds,21
Okány,46.8925,21.339167,2026-07-11 21:47:53.669244,20.55,20.2,20.55,20.55,1015,59,4.51,54,38,0.0,Clouds,scattered clouds,21
Újszeged,46.242222,20.16,2026-07-11 21:47:54.913390,18.41,17.38,18.41,18.41,1015,41,2.63,21,91,0.0,Clouds,overcast clouds,21
Szőreg,46.211389,20.183056,2026-07-11 21:47:56.163338,18.4,17.44,18.4,18.4,1015,44,2.33,7,83,0.0,Clouds,broken clouds,21
Deszk,46.210278,20.246389,2026-07-11 21:47:57.398078,18.41,17.46,18.41,18.41,1015,44,2.4,6,80,0.0,Clouds,broken clouds,21
Kiszombor,46.191944,20.413056,2026-07-11 21:47:58.636861,18.46,17.56,18.46,18.46,1015,46,2.55,358,89,0.0,Clouds,overcast clouds,21
Kiszombor megálló,46.191111,20.430833,2026-07-11 21:47:59.875589,18.46,17.56,18.46,18.46,1015,46,2.55,358,89,0.0,Clouds,overcast clouds,21
Makó,46.204722,20.474722,2026-07-11 21:48:01.091173,18.41,17.53,18.41,18.41,1015,47,2.51,356,90,0.0,Clouds,overcast clouds,21
Apátfalva,46.175193,20.580611,2026-07-11 21:48:02.361139,18.28,17.55,18.28,18.28,1015,53,1.9,335,92,0.0,Clouds,overcast clouds,21
Magyarcsanád,46.174444,20.610278,2026-07-11 21:48:03.619930,18.25,17.57,18.25,18.25,1015,55,1.63,330,91,0.0,Clouds,overcast clouds,21
Nagylak,46.17,20.708333,2026-07-11 21:48:04.854764,21.77,21.62,21.77,21.77,1015,62,0.64,270,84,0.0,Clouds,broken clouds,21
Nagylaki Kendergyár,46.189167,20.717222,2026-07-11 21:48:06.075762,21.76,21.58,21.76,21.76,1015,61,0.45,288,82,0.0,Clouds,broken clouds,21
Csanádpalota,46.236111,20.7325,2026-07-11 21:48:07.305853,21.75,21.55,21.75,21.75,1015,60,0.34,324,81,0.0,Clouds,broken clouds,21
Mezőhegyes,46.310833,20.815556,2026-07-11 21:48:08.561807,21.69,21.51,21.69,21.69,1015,61,0.58,66,80,0.0,Clouds,broken clouds,21
Végegyháza,46.384444,20.878611,2026-07-11 21:48:09.820212,21.71,21.5,21.71,21.71,1015,60,1.63,60,84,0.0,Clouds,broken clouds,21
Mezőkovácsháza,46.408333,20.9,2026-07-11 21:48:11.049373,21.71,21.45,21.71,21.71,1015,58,2.11,56,85,0.0,Clouds,overcast clouds,21
Mezőkovácsháza felső,46.415556,20.918056,2026-07-11 21:48:12.304824,21.72,21.51,21.72,21.72,1015,60,1.86,62,87,0.0,Clouds,overcast clouds,21
Magyarbánhegyes,46.451389,20.97,2026-07-11 21:48:13.526640,20.5,20.15,20.5,20.5,1015,59,2.25,59,88,0.0,Clouds,overcast clouds,21
Medgyesegyháza,46.495278,21.029167,2026-07-11 21:48:14.758866,20.48,20.07,20.48,20.48,1015,57,2.97,54,92,0.0,Clouds,overcast clouds,21
Bánkút,46.505278,21.091944,2026-07-11 21:48:16.022159,20.5,19.99,20.5,20.5,1015,53,2.75,56,93,0.0,Clouds,overcast clouds,21
Belsőperegpuszta,46.321111,20.916667,2026-07-11 21:48:17.274147,21.69,21.61,21.69,21.69,1015,65,0.96,155,82,0.0,Clouds,broken clouds,21
Battonya,46.282222,21.003889,2026-07-11 21:48:18.513181,21.69,22.53,21.69,22.28,1015,100,1.66,174,81,0.0,Clouds,broken clouds,21
Baja-Dunafürdő,46.193333,18.919167,2026-07-11 21:48:19.786767,18.8,17.78,18.8,18.8,1015,40,3.48,347,98,0.0,Clouds,overcast clouds,21
Kaposszekcső,46.330556,18.143056,2026-07-11 21:48:21.030724,19.29,18.61,19.29,19.29,1017,51,2.08,309,100,0.0,Clouds,overcast clouds,21
Vásárosdombó,46.310556,18.138889,2026-07-11 21:48:22.297033,19.18,18.51,19.18,19.18,1017,52,2.07,307,100,0.0,Clouds,overcast clouds,21
Sásd,46.257222,18.104722,2026-07-11 21:48:23.574953,19.12,18.5,19.12,19.12,1017,54,2.13,302,100,0.0,Clouds,overcast clouds,21
Godisa,46.223333,18.104722,2026-07-11 21:48:24.830689,18.83,18.2,18.83,18.83,1017,55,2.11,299,99,0.0,Clouds,overcast clouds,21
Abaliget,46.152778,18.073611,2026-07-11 21:48:26.079263,18.49,17.96,18.49,18.49,1017,60,2.27,291,99,0.0,Clouds,overcast clouds,21
Hetvehely,46.128333,18.045,2026-07-11 21:48:27.308154,18.63,18.19,18.63,18.63,1016,63,2.38,289,99,0.0,Clouds,overcast clouds,21
Bükkösd,46.113056,17.999444,2026-07-11 21:48:28.572982,18.61,18.2,18.61,18.61,1016,64,2.45,292,100,0.0,Clouds,overcast clouds,21
Cserdi-Helesfa,46.086667,17.987778,2026-07-11 21:48:29.803861,18.5,18.13,18.5,18.5,1016,66,2.49,288,100,0.0,Clouds,overcast clouds,21
Szentlőrinc,46.033333,17.990833,2026-07-11 21:48:31.053870,18.67,18.45,18.67,18.67,1016,71,2.67,282,100,0.0,Clouds,overcast clouds,21
Bicsérd,46.041389,18.057778,2026-07-11 21:48:32.312509,18.41,18.08,18.41,18.41,1016,68,2.65,280,100,0.0,Clouds,overcast clouds,21
Mecsekalja-Cserkút,46.059722,18.150278,2026-07-11 21:48:33.565852,17.84,17.27,17.84,17.84,1016,61,2.58,278,100,0.0,Clouds,overcast clouds,21
Pécs,46.065833,18.223611,2026-07-11 21:48:34.793231,19.26,18.76,19.26,19.26,1016,58,2.63,278,100,0.0,Clouds,overcast clouds,21
Pécs-Külváros,46.071667,18.24,2026-07-11 21:48:36.008544,19.24,18.73,19.24,19.24,1016,58,2.63,278,100,0.0,Clouds,overcast clouds,21
Pécsbánya-Rendező,46.063333,18.270278,2026-07-11 21:48:37.238880,19.08,18.51,19.08,19.08,1016,56,2.65,279,99,0.0,Clouds,overcast clouds,21
Pécsudvard,46.01,18.275556,2026-07-11 21:48:38.502014,19.01,18.51,19.01,19.01,1016,59,2.88,278,99,0.0,Clouds,overcast clouds,21
Szőkéd,45.9675,18.29,2026-07-11 21:48:39.754868,19.19,19.51,19.19,19.19,1016,90,3.11,278,97,0.0,Clouds,overcast clouds,21
Áta,45.936389,18.306944,2026-07-11 21:48:41.004313,19.3,19.64,19.3,19.3,1016,90,3.26,280,98,0.0,Clouds,overcast clouds,21
Kistótfalu,45.909722,18.315278,2026-07-11 21:48:42.265164,19.34,19.68,19.34,19.34,1016,90,3.39,281,98,0.0,Clouds,overcast clouds,21
Vokány,45.899722,18.334722,2026-07-11 21:48:43.517906,19.3,19.64,19.3,19.3,1016,90,3.35,280,97,0.0,Clouds,overcast clouds,21
Palkonya,45.891667,18.393889,2026-07-11 21:48:44.780391,19.32,19.66,19.32,19.32,1016,90,0.89,343,97,0.0,Clouds,overcast clouds,21
Villánykövesd,45.879722,18.425833,2026-07-11 21:48:46.038364,19.28,19.61,19.28,19.28,1016,90,0.89,343,96,0.0,Clouds,overcast clouds,21
Villány,45.8775,18.451389,2026-07-11 21:48:47.303970,19.41,19.76,19.41,19.41,1016,90,0.89,343,94,0.0,Clouds,overcast clouds,21
Magyarbóly,45.834167,18.491944,2026-07-11 21:48:48.572912,19.46,19.81,19.46,19.46,1016,90,0.89,343,97,0.0,Clouds,overcast clouds,21
Magyarszék,46.210278,18.188056,2026-07-11 21:48:49.819777,18.6,17.93,18.6,18.6,1016,54,2.1,294,99,0.0,Clouds,overcast clouds,21
Mecsekpölöske,46.224167,18.213056,2026-07-11 21:48:51.075569,18.3,17.57,18.3,18.3,1016,53,2.07,298,99,0.0,Clouds,overcast clouds,21
Mecsekjánosi,46.215278,18.241944,2026-07-11 21:48:52.325522,18.18,17.41,18.18,18.18,1016,52,2.12,299,100,0.0,Clouds,overcast clouds,21
Komló,46.189167,18.265278,2026-07-11 21:48:53.563231,18.36,17.61,18.36,18.36,1016,52,2.18,295,99,0.0,Clouds,overcast clouds,21
Királyegyháza-Rigópuszta,45.989167,17.971667,2026-07-11 21:48:54.811891,18.47,18.33,18.47,18.47,1016,75,2.94,281,100,0.0,Clouds,overcast clouds,21
Sumony,45.960833,17.913333,2026-07-11 21:48:56.083884,18.58,18.61,18.58,18.58,1016,81,3.12,281,99,0.27,Rain,light rain,21
Okorág-Kárászpuszta,45.933611,17.864444,2026-07-11 21:48:57.342135,18.6,18.71,18.6,18.6,1016,84,3.27,281,99,1.87,Rain,moderate rain,21
Kákics,45.904167,17.8525,2026-07-11 21:48:58.560127,18.57,18.75,18.57,18.57,1016,87,3.39,280,99,0.35,Rain,light rain,21
Bóly,45.9375,18.538333,2026-07-11 21:48:59.820551,19.23,19.56,19.23,19.23,1016,90,0.89,343,90,0.0,Clouds,overcast clouds,21
Mohács,46.0025,18.683333,2026-07-11 21:49:01.040809,19.5,18.84,19.5,19.5,1016,51,2.39,287,85,0.0,Clouds,overcast clouds,21
Sellye,45.873333,17.858889,2026-07-11 21:49:02.277906,18.45,18.65,18.45,18.45,1016,88,3.54,281,99,0.0,Clouds,overcast clouds,21
Toponár,46.398333,17.840833,2026-07-11 21:49:03.495030,19.54,18.93,19.54,19.54,1017,53,4.1,316,96,0.0,Clouds,overcast clouds,21
Somogyaszaló,46.453611,17.840278,2026-07-11 21:49:04.766677,19.2,18.56,19.2,19.2,1017,53,3.89,313,90,0.0,Clouds,overcast clouds,21
Mernye,46.509444,17.832222,2026-07-11 21:49:06.012482,19.11,18.51,19.11,19.11,1017,55,3.36,310,72,0.0,Clouds,broken clouds,21
Felsőmocsolád,46.556389,17.8225,2026-07-11 21:49:07.249637,18.96,18.35,18.96,18.96,1017,55,3.14,310,65,0.0,Clouds,broken clouds,21
Kisbárapáti,46.615,17.866667,2026-07-11 21:49:08.461749,18.83,18.15,18.83,18.83,1017,53,2.43,321,41,0.0,Clouds,scattered clouds,21
Bonnya,46.611389,17.909167,2026-07-11 21:49:09.702127,19.06,18.38,19.06,19.06,1017,52,2.64,319,53,0.0,Clouds,broken clouds,21
Andocs,46.646944,17.8925,2026-07-11 21:49:10.962133,18.63,17.93,18.63,18.63,1017,53,2.23,327,33,0.0,Clouds,scattered clouds,21
Karád,46.681111,17.874722,2026-07-11 21:49:12.195638,19.08,18.43,19.08,19.08,1017,53,2.09,333,25,0.0,Clouds,scattered clouds,21
Somogymeggyes,46.720556,17.920556,2026-07-11 21:49:13.444535,22.05,21.64,22.05,22.05,1017,51,2.11,351,16,0.0,Clouds,few clouds,21
Kapoly,46.713611,17.977778,2026-07-11 21:49:14.677064,22.33,21.92,22.33,22.33,1017,50,2.44,354,26,0.0,Clouds,scattered clouds,21
Tab,46.734167,18.041111,2026-07-11 21:49:15.897424,22.49,22.1,22.49,22.49,1017,50,2.63,1,21,0.0,Clouds,few clouds,21
Bábonymegyer,46.746095,18.109921,2026-07-11 21:49:17.147971,22.6,23.03,22.6,22.6,1017,81,2.91,8,20,0.0,Clouds,few clouds,21
Daránypuszta,46.764722,18.143889,2026-07-11 21:49:18.415616,22.62,23.05,22.62,22.62,1017,81,3.1,12,15,0.0,Clouds,few clouds,21
Som-Nagyberény,46.803056,18.149444,2026-07-11 21:49:19.653431,22.61,23.04,22.61,22.61,1017,81,3.27,13,12,0.0,Clouds,few clouds,21
Ádánd,46.854444,18.141667,2026-07-11 21:49:20.902127,22.73,23.17,22.73,22.73,1017,81,3.35,12,14,0.0,Clouds,few clouds,21
Siójut,46.879444,18.126667,2026-07-11 21:49:22.146084,22.72,23.16,22.72,22.72,1017,81,3.37,11,16,0.0,Clouds,few clouds,21
Kapostüskevár,46.367778,17.774167,2026-07-11 21:49:23.417932,19.8,19.27,19.8,19.8,1017,55,4.5,320,95,0.0,Clouds,overcast clouds,21
Kaposfüred,46.415,17.759444,2026-07-11 21:49:24.660012,19.41,18.87,19.41,19.41,1017,56,4.24,316,89,0.0,Clouds,overcast clouds,21
Várda,46.4625,17.721667,2026-07-11 21:49:25.924875,19.09,18.62,19.09,19.09,1017,60,3.97,314,78,0.0,Clouds,broken clouds,21
Somogyjád,46.490833,17.694444,2026-07-11 21:49:27.139452,19.19,18.81,19.19,19.19,1017,63,3.78,313,72,0.0,Clouds,broken clouds,21
Osztopán,46.515556,17.656944,2026-07-11 21:49:28.370388,19.21,18.88,19.21,19.21,1017,65,3.6,312,66,0.0,Clouds,broken clouds,21
Pamuk,46.553127,17.636412,2026-07-11 21:49:29.630943,19.36,19.05,19.36,19.36,1017,65,3.38,310,60,0.0,Clouds,broken clouds,21
Somogyvár,46.580556,17.634722,2026-07-11 21:49:30.897877,19.41,19.1,19.41,19.41,1017,65,3.17,309,54,0.0,Clouds,broken clouds,21
Öreglak,46.608607,17.632733,2026-07-11 21:49:32.159070,19.47,19.17,19.47,19.47,1017,65,2.96,309,48,0.0,Clouds,scattered clouds,21
Tatárvár,46.636667,17.621111,2026-07-11 21:49:33.396893,19.46,19.18,19.46,19.46,1017,66,2.89,310,45,0.0,Clouds,scattered clouds,21
Lengyeltóti,46.660556,17.613611,2026-07-11 21:49:34.656128,19.64,19.36,19.64,19.64,1017,65,2.72,311,40,0.0,Clouds,scattered clouds,21
Pusztaberény,46.686111,17.594722,2026-07-11 21:49:35.874066,19.82,19.53,19.82,19.82,1017,64,2.55,314,36,0.0,Clouds,scattered clouds,21
Örkény,47.132778,19.447222,2026-07-11 21:49:37.102351,17.05,16.22,17.05,17.05,1016,54,4.03,41,24,0.0,Clouds,few clouds,21
Táborfalva,47.098545,19.479318,2026-07-11 21:49:38.358645,17.04,16.21,17.04,17.04,1016,54,3.93,42,25,0.0,Clouds,scattered clouds,21
Felsőlajos,47.068834,19.498415,2026-07-11 21:49:39.618435,17.04,16.18,17.04,17.04,1016,53,3.87,41,23,0.0,Clouds,few clouds,21
Lajosmizse,47.028333,19.542778,2026-07-11 21:49:40.847531,17.09,16.24,17.09,17.09,1016,53,3.72,42,20,0.0,Clouds,few clouds,21
Lajosmizse alsó,47.0225,19.550278,2026-07-11 21:49:42.121731,17.09,16.24,17.09,17.09,1016,53,3.72,42,20,0.0,Clouds,few clouds,21
Klábertelep,47.005556,19.551667,2026-07-11 21:49:43.349941,17.1,16.22,17.1,17.1,1016,52,3.66,46,19,0.0,Clouds,few clouds,21
Méntelek,46.978611,19.570833,2026-07-11 21:49:44.616071,17.14,16.27,17.14,17.14,1016,52,3.63,46,15,0.0,Clouds,few clouds,21
Hetényegyháza,46.930833,19.595,2026-07-11 21:49:45.886602,17.28,16.4,17.28,17.28,1016,51,3.59,46,8,0.0,Clear,clear sky,21
Kecskemét-Máriaváros,46.901192,19.675913,2026-07-11 21:49:47.136019,20.97,20.45,20.97,20.97,1016,51,3.54,45,6,0.0,Clear,clear sky,21
Nyársapát,47.100278,19.7925,2026-07-11 21:49:48.378748,16.61,15.74,16.61,20.93,1016,54,3.51,53,46,0.0,Clouds,scattered clouds,21
Nagykőrös,47.038333,19.76,2026-07-11 21:49:49.644668,20.91,20.44,20.91,20.91,1016,53,3.53,52,36,0.0,Clouds,scattered clouds,21
Katonatelep,46.963056,19.718889,2026-07-11 21:49:50.905754,17.21,16.34,17.21,17.21,1016,52,3.55,49,19,0.0,Clouds,few clouds,21
Kecskemét,46.913889,19.700833,2026-07-11 21:49:52.139719,20.97,20.48,20.97,20.97,1016,52,3.54,47,9,0.0,Clear,clear sky,21
Városföld,46.816667,19.753333,2026-07-11 21:49:53.407151,21.03,20.34,21.03,21.03,1016,44,3.45,39,1,0.0,Clear,clear sky,21
Kiskunfélegyháza,46.7067,19.83474,2026-07-11 21:49:54.683802,21.08,20.39,21.08,21.08,1016,44,3.44,40,8,0.0,Clear,clear sky,21
Petőfiszállás,46.617374,19.865229,2026-07-11 21:49:55.907168,21.12,20.44,21.12,21.12,1015,44,3.42,47,22,0.0,Clouds,few clouds,21
Csengele,46.538321,19.909008,2026-07-11 21:49:57.162171,21.11,20.43,18.3,21.11,1015,44,3.45,54,44,0.0,Clouds,scattered clouds,21
Kistelek,46.466944,19.966944,2026-07-11 21:49:58.376711,18.36,17.27,18.36,21.16,1015,39,3.36,51,67,0.0,Clouds,broken clouds,21
Balástya,46.413333,20.001389,2026-07-11 21:49:59.638289,18.36,17.27,18.36,18.36,1015,39,3.26,45,81,0.0,Clouds,broken clouds,21
Szatymaz,46.345621,20.04374,2026-07-11 21:50:00.888329,18.38,17.29,18.38,18.38,1015,39,2.68,14,94,0.0,Clouds,overcast clouds,21
Kiskundorozsma,46.271667,20.090556,2026-07-11 21:50:02.122391,18.41,17.32,18.41,18.41,1015,39,2.8,24,95,0.0,Clouds,overcast clouds,21
Szeged,46.239722,20.143056,2026-07-11 21:50:03.363170,18.39,17.3,18.39,18.39,1015,39,2.49,14,88,0.0,Clouds,overcast clouds,21
Alsóúrrét,46.898392,19.779891,2026-07-11 21:50:04.620954,21.02,20.54,21.02,21.02,1016,52,3.45,43,7,0.0,Clear,clear sky,21
Nyárlőrinc,46.87,19.851389,2026-07-11 21:50:05.889236,21.05,20.36,21.05,21.05,1016,44,3.39,40,6,0.0,Clear,clear sky,21
Világoshegy,46.855278,19.940278,2026-07-11 21:50:07.156910,21.08,20.39,21.08,21.08,1016,44,3.3,38,8,0.0,Clear,clear sky,21
Szikra,46.858333,19.975,2026-07-11 21:50:08.378140,21.09,20.4,21.02,21.09,1016,44,3.3,38,8,0.0,Clear,clear sky,21
Lakitelek,46.873056,20.003611,2026-07-11 21:50:09.625366,21.14,20.72,21.06,21.14,1016,54,3.27,39,8,0.0,Clear,clear sky,21
Tiszaug,46.850556,20.074167,2026-07-11 21:50:10.855564,20.93,20.51,18.9,21.21,1016,55,3.23,44,7,0.0,Clear,clear sky,21
Tiszasas,46.826389,20.089167,2026-07-11 21:50:12.111753,21.19,20.8,18.88,21.19,1016,55,3.23,44,7,0.0,Clear,clear sky,21
Csépa,46.8125,20.134722,2026-07-11 21:50:13.337692,18.88,18.05,18.88,21.19,1016,47,3.28,49,7,0.0,Clear,clear sky,21
Szelevény,46.811944,20.196389,2026-07-11 21:50:14.556521,18.89,18.06,18.89,21.19,1016,47,3.3,52,7,0.0,Clear,clear sky,21
Gátér,46.685,19.9625,2026-07-11 21:50:15.792077,21.19,20.51,18.88,21.19,1015,44,3.47,48,19,0.0,Clouds,few clouds,21
Kónyaszék,46.699931,20.074299,2026-07-11 21:50:17.051193,18.9,18.07,18.9,21.2,1015,47,3.49,53,21,0.0,Clouds,few clouds,21
Csongrád,46.704444,20.140556,2026-07-11 21:50:18.295248,18.9,18.07,18.9,21.21,1015,47,3.54,57,24,0.0,Clouds,few clouds,21
Hékéd,46.675,20.266667,2026-07-11 21:50:19.562621,18.9,18.07,18.9,18.9,1015,47,3.58,66,36,0.0,Clouds,scattered clouds,21
Fábiánsebestyén,46.670278,20.456667,2026-07-11 21:50:20.785742,18.89,18.06,18.89,18.89,1015,47,3.74,59,48,0.0,Clouds,scattered clouds,21
Gádoros,46.656711,20.588157,2026-07-11 21:50:21.999049,18.88,18.29,18.88,18.88,1015,56,3.8,56,63,0.0,Clouds,broken clouds,21
Justhmajor,46.62,20.615833,2026-07-11 21:50:23.258607,18.88,18.26,18.88,18.88,1015,55,3.83,55,71,0.0,Clouds,broken clouds,21
Szentetornya,46.590964,20.628334,2026-07-11 21:50:24.518430,18.87,18.25,18.87,18.87,1015,55,3.81,55,74,0.0,Clouds,broken clouds,21
Gyopárosfürdő,46.567784,20.630662,2026-07-11 21:50:25.753706,18.86,18.21,18.86,18.86,1015,54,3.8,54,79,0.0,Clouds,broken clouds,21
Szabadságliget,47.626123,18.893481,2026-07-11 21:50:26.974713,20.43,19.91,20.21,22.56,1017,53,1.95,10,1,0.0,Clear,clear sky,21
Röszke,46.19261,20.03055,2026-07-11 21:50:28.191976,18.41,17.32,18.41,18.41,1015,39,2.58,359,96,0.0,Clouds,overcast clouds,21
Tószeg,47.098056,20.138333,2026-07-11 21:50:29.436761,21.12,20.72,21.12,21.12,1016,55,1.79,39,25,0.0,Clouds,scattered clouds,21
Tiszavárkony,47.059444,20.143056,2026-07-11 21:50:30.681348,21.12,20.72,21.12,21.12,1016,55,1.79,39,19,0.0,Clouds,few clouds,21
Tiszajenő-Vezseny,47.036319,20.142415,2026-07-11 21:50:31.973033,21.12,20.72,21.12,21.12,1016,55,1.79,39,19,0.0,Clouds,few clouds,21
Újbög,46.962222,20.093889,2026-07-11 21:50:33.222629,21.08,20.68,21.08,21.08,1016,55,3.16,43,11,0.0,Clouds,few clouds,21
Tiszakécske,46.937512,20.082016,2026-07-11 21:50:34.464255,21.1,20.7,21.1,21.1,1016,55,3.17,41,10,0.0,Clear,clear sky,21
Kerekdomb,46.906944,20.052778,2026-07-11 21:50:35.704347,21.09,20.69,21.09,21.16,1016,55,3.18,42,8,0.0,Clear,clear sky,21
Tiszaalpár,46.818611,19.982778,2026-07-11 21:50:36.926878,21.13,20.45,18.83,21.13,1016,44,3.31,40,8,0.0,Clear,clear sky,21
Tiszaalpár alsó,46.790897,19.951409,2026-07-11 21:50:38.168255,21.13,20.45,18.83,21.13,1016,44,3.35,40,9,0.0,Clear,clear sky,21
Tiszatenyő,47.134167,20.3725,2026-07-11 21:50:39.425545,21.12,20.72,21.12,21.12,1016,55,3.63,58,20,0.0,Clouds,few clouds,21
Pusztapó,47.091667,20.458333,2026-07-11 21:50:40.646299,21.12,20.8,21.12,21.12,1016,58,3.75,60,16,0.0,Clouds,few clouds,21
Kétpó,47.076944,20.487778,2026-07-11 21:50:41.894304,21.12,20.83,21.12,21.12,1016,59,3.73,60,13,0.0,Clouds,few clouds,21
Mezőtúr,47.0125,20.622778,2026-07-11 21:50:43.127230,17.69,17.08,17.69,17.69,1016,60,3.72,58,9,0.0,Clear,clear sky,21
Nagylapos,46.974167,20.750556,2026-07-11 21:50:44.370635,17.71,17.1,17.71,17.71,1016,60,3.81,57,10,0.0,Clear,clear sky,21
Gyoma,46.925833,20.821667,2026-07-11 21:50:45.614866,17.78,17.18,17.78,17.78,1015,60,3.81,57,20,0.0,Clouds,few clouds,21
Csárdaszállás,46.861111,20.932778,2026-07-11 21:50:46.879735,20.56,20.21,20.56,20.56,1015,59,4.03,58,33,0.0,Clouds,scattered clouds,21
Mezőberény,46.814722,21.013056,2026-07-11 21:50:48.123564,20.55,20.04,20.55,20.55,1015,53,4.11,57,46,0.0,Clouds,scattered clouds,21
Murony,46.756944,21.038056,2026-07-11 21:50:49.347107,20.57,20.07,20.57,20.57,1015,53,4.15,55,58,0.0,Clouds,broken clouds,21
Békéscsaba,46.669722,21.081667,2026-07-11 21:50:50.598184,20.53,20.02,20.53,20.53,1015,53,4.18,51,77,0.0,Clouds,broken clouds,21
Kétegyháza,46.5325,21.171944,2026-07-11 21:50:51.814576,20.51,20.0,20.51,20.51,1015,53,2.68,56,94,0.0,Clouds,overcast clouds,21
Lőkösháza,46.432222,21.2375,2026-07-11 21:50:53.081247,22.27,22.17,18.94,22.29,1015,62,1.29,94,83,0.0,Clouds,broken clouds,21
Kengyel,47.089722,20.339722,2026-07-11 21:50:54.333222,21.1,20.7,21.1,21.1,1016,55,3.51,56,18,0.0,Clouds,few clouds,21
Bagimajor,47.061111,20.316667,2026-07-11 21:50:55.561320,21.12,20.72,21.12,21.12,1016,55,3.36,54,13,0.0,Clouds,few clouds,21
Martfű,47.019444,20.291667,2026-07-11 21:50:56.807707,21.1,20.7,21.1,21.1,1016,55,3.33,53,10,0.0,Clear,clear sky,21
Tiszaföldvár,46.975556,20.276389,2026-07-11 21:50:58.055731,21.1,20.7,21.1,21.1,1016,55,3.26,52,6,0.0,Clear,clear sky,21
Homok,46.9475,20.270278,2026-07-11 21:50:59.315967,21.11,20.71,21.11,21.11,1016,55,3.26,52,4,0.0,Clear,clear sky,21
Kungyalu,46.910833,20.2675,2026-07-11 21:51:00.533705,21.13,20.81,18.9,21.13,1016,58,3.25,53,3,0.0,Clear,clear sky,21
Kunszentmárton,46.848333,20.293333,2026-07-11 21:51:01.757447,18.88,18.31,18.88,18.88,1016,57,3.36,56,6,0.0,Clear,clear sky,21
Nagytőke,46.763333,20.291667,2026-07-11 21:51:02.978245,18.9,18.07,18.9,18.9,1015,47,3.51,59,17,0.0,Clouds,few clouds,21
Szentes,46.657778,20.2725,2026-07-11 21:51:04.234277,18.9,18.07,18.9,18.9,1015,47,3.58,66,44,0.0,Clouds,scattered clouds,21
Szegvár,46.588611,20.249444,2026-07-11 21:51:05.477627,18.9,18.07,18.9,18.9,1015,47,3.58,66,61,0.0,Clouds,broken clouds,21
Mindszent,46.524167,20.194167,2026-07-11 21:51:06.737645,18.91,18.08,18.91,18.91,1015,47,3.77,61,75,0.0,Clouds,broken clouds,21
Mártély,46.473333,20.236111,2026-07-11 21:51:07.960850,18.92,18.2,18.42,18.92,1015,51,3.72,57,88,0.0,Clouds,overcast clouds,21
Pusztabánréve,46.939898,20.556809,2026-07-11 21:51:09.228805,17.66,17.05,17.66,17.66,1016,60,3.61,57,11,0.0,Clouds,few clouds,21
Szarvas,46.860833,20.566667,2026-07-11 21:51:10.473589,17.69,17.06,17.69,17.69,1015,59,3.56,56,21,0.0,Clouds,few clouds,21
Csabacsűd,46.823056,20.663333,2026-07-11 21:51:11.724861,17.85,17.23,17.85,17.85,1015,59,3.59,56,38,0.0,Clouds,scattered clouds,21
Kisszénás,46.751389,20.721389,2026-07-11 21:51:12.935649,18.06,17.41,18.06,18.06,1015,57,3.74,56,56,0.0,Clouds,broken clouds,21
Kiscsákó,46.719167,20.717778,2026-07-11 21:51:14.161934,18.18,17.52,18.18,18.18,1015,56,3.86,55,67,0.0,Clouds,broken clouds,21
Nagyszénás,46.672778,20.674167,2026-07-11 21:51:15.410525,18.17,17.5,18.17,18.17,1015,56,3.84,55,67,0.0,Clouds,broken clouds,21
Kardoskút,46.498056,20.6975,2026-07-11 21:51:16.640771,18.53,17.82,18.53,18.53,1015,53,3.52,50,84,0.0,Clouds,broken clouds,21
Tótkomlós,46.409167,20.726944,2026-07-11 21:51:17.872618,18.47,17.78,18.47,18.47,1015,54,2.6,48,83,0.0,Clouds,broken clouds,21
Nagyér,46.365278,20.738333,2026-07-11 21:51:19.099448,18.39,17.75,18.39,18.39,1015,56,1.82,45,82,0.0,Clouds,broken clouds,21
Pitvaros,46.326175,20.746446,2026-07-11 21:51:20.353243,18.32,17.72,18.32,18.32,1015,58,1.2,49,81,0.0,Clouds,broken clouds,21
Dévaványa,47.033889,20.943333,2026-07-11 21:51:21.580808,17.69,17.11,17.69,17.69,1016,61,4.22,59,4,0.0,Clear,clear sky,21
Körösladány,46.97,21.085833,2026-07-11 21:51:22.831030,17.79,17.19,17.79,17.79,1015,60,4.43,60,14,0.0,Clouds,few clouds,21
Szeghalom,47.015278,21.148333,2026-07-11 21:51:24.083872,17.73,17.15,17.73,17.73,1015,61,4.47,61,7,0.0,Clear,clear sky,21
Vésztő,46.938889,21.263611,2026-07-11 21:51:25.298071,17.88,17.29,17.88,17.88,1015,60,4.55,58,22,0.0,Clouds,few clouds,21
Szeged-Rókus,46.266111,20.125278,2026-07-11 21:51:26.543755,18.41,17.32,18.41,18.41,1015,39,2.65,20,93,0.0,Clouds,overcast clouds,21
Algyő,46.335556,20.196111,2026-07-11 21:51:27.800995,18.43,17.43,18.43,18.43,1015,42,3.12,41,96,0.0,Clouds,overcast clouds,21
Hódmezővásárhelyi Népkert,46.403333,20.312778,2026-07-11 21:51:29.029546,18.91,18.11,18.91,18.91,1015,48,3.6,51,97,0.0,Clouds,overcast clouds,21
Hódmezővásárhely,46.413333,20.34,2026-07-11 21:51:30.240491,18.9,18.1,18.9,18.9,1015,48,3.6,50,97,0.0,Clouds,overcast clouds,21
Körmend,47.016389,16.599167,2026-07-11 21:51:31.500733,19.83,19.72,19.83,19.83,1018,71,2.79,344,43,0.0,Clouds,scattered clouds,21
Szentgotthárd,46.957222,16.263056,2026-07-11 21:51:32.745954,19.74,19.91,19.74,19.74,1018,82,1.79,1,41,0.0,Clouds,scattered clouds,21
Szombathely,47.237778,16.6325,2026-07-11 21:51:33.984994,17.82,17.3,17.82,17.82,1018,63,2.73,354,17,0.0,Clouds,few clouds,21
Sáferkút,48.010278,19.071389,2026-07-11 21:51:35.384804,16.44,15.76,16.44,16.44,1017,62,1.79,13,44,0.0,Clouds,scattered clouds,21
Magdolnavölgy,47.6475,18.818889,2026-07-11 21:51:36.611704,20.37,19.9,20.2,22.54,1017,55,1.83,7,0,0.0,Clear,clear sky,21
Haris,46.964722,16.2825,2026-07-11 21:51:37.867728,19.75,19.9,19.75,19.75,1018,81,1.93,353,39,0.0,Clouds,scattered clouds,21
Egyházasrádóc,47.091389,16.62,2026-07-11 21:51:39.120265,19.59,19.41,19.59,19.59,1018,69,2.6,347,32,0.0,Clouds,scattered clouds,21
Alsórönök,46.964167,16.379444,2026-07-11 21:51:40.383485,19.76,19.88,19.76,19.76,1018,80,2.12,347,40,0.0,Clouds,scattered clouds,21
Szombathely-Szőlős,47.206389,16.641667,2026-07-11 21:51:41.627184,17.88,17.37,17.88,17.88,1018,63,2.77,354,16,0.0,Clouds,few clouds,21
Rátót,46.9675,16.433056,2026-07-11 21:51:42.859774,19.63,19.66,19.63,19.63,1018,77,2.46,343,43,0.0,Clouds,scattered clouds,21
Ják-Balogunyom,47.161389,16.630556,2026-07-11 21:51:44.070487,17.94,17.49,17.94,17.94,1018,65,2.85,352,20,0.0,Clouds,few clouds,21
Vasvár,47.056944,16.800278,2026-07-11 21:51:45.326567,19.93,19.6,19.93,19.93,1018,62,3.68,356,38,0.0,Clouds,scattered clouds,21
Répcelak,47.418889,17.008889,2026-07-11 21:51:46.573573,20.01,19.5,20.01,20.01,1018,55,3.25,2,53,0.0,Clouds,broken clouds,21
Rajka,47.995556,17.191389,2026-07-11 21:51:47.815508,21.65,21.31,21.1,21.65,1018,55,2.8,352,49,0.0,Clouds,scattered clouds,21
Püspökmolnári,47.086111,16.7675,2026-07-11 21:51:49.059002,19.89,19.58,19.89,19.89,1018,63,3.42,354,32,0.0,Clouds,scattered clouds,21
Kőszeg,47.382222,16.556389,2026-07-11 21:51:50.312142,17.42,16.97,17.42,17.42,1018,67,2.44,352,65,0.0,Clouds,broken clouds,21
Kastélypark,47.390278,18.988333,2026-07-11 21:51:51.554852,22.59,22.18,21.0,23.34,1016,49,1.79,66,20,0.0,Clouds,few clouds,21
Hanságliget,47.72,17.215556,2026-07-11 21:51:52.784775,22.24,21.93,22.24,22.24,1018,54,3.45,12,52,0.0,Clouds,broken clouds,21
Vica,47.477778,17.111944,2026-07-11 21:51:54.028335,20.05,19.55,20.05,20.05,1018,55,3.43,5,57,0.0,Clouds,broken clouds,21
Vép,47.235833,16.7275,2026-07-11 21:51:55.284875,17.96,17.4,17.96,17.96,1018,61,3.06,356,11,0.0,Clouds,few clouds,21
Mosonszolnok,47.8525,17.160278,2026-07-11 21:51:56.536881,22.18,21.84,21.16,22.21,1018,53,3.16,5,59,0.0,Clouds,broken clouds,21
Jánossomorja,47.789167,17.1375,2026-07-11 21:51:57.767455,22.21,21.77,22.21,22.21,1018,49,3.33,11,59,0.0,Clouds,broken clouds,21
Bősárkány,47.685556,17.234167,2026-07-11 21:51:58.978119,22.24,21.93,22.24,22.24,1018,54,3.55,12,54,0.0,Clouds,broken clouds,21
Szil-Sopronnémeti,47.533333,17.209444,2026-07-11 21:52:00.228783,22.19,21.87,22.19,22.19,1018,54,3.64,7,60,0.0,Clouds,broken clouds,21
Magyarkeresztúr-Zsebeháza,47.514167,17.176111,2026-07-11 21:52:01.490219,22.19,21.87,22.19,22.19,1018,54,3.58,7,60,0.0,Clouds,broken clouds,21
Páli-Vadosfa,47.4925,17.137778,2026-07-11 21:52:02.754926,22.17,21.85,22.17,22.17,1018,54,3.51,6,59,0.0,Clouds,broken clouds,21
Beled,47.466667,17.084444,2026-07-11 21:52:03.977499,20.05,19.55,20.05,20.05,1018,55,3.43,5,57,0.0,Clouds,broken clouds,21
Dénesfa,47.448611,17.054722,2026-07-11 21:52:05.239633,20.04,19.54,20.04,20.04,1018,55,3.32,3,54,0.0,Clouds,broken clouds,21
Csánig,47.430278,17.026111,2026-07-11 21:52:06.489589,20.04,19.54,20.04,20.04,1018,55,3.29,3,52,0.0,Clouds,broken clouds,21
Vámoscsalád,47.385556,16.961667,2026-07-11 21:52:07.730731,18.21,17.55,18.21,18.21,1018,56,3.18,1,47,0.0,Clouds,scattered clouds,21
Vasegerszeg,47.375,16.928889,2026-07-11 21:52:08.990210,18.22,17.59,18.22,18.22,1018,57,3.16,359,39,0.0,Clouds,scattered clouds,21
Hegyfalu,47.357778,16.898333,2026-07-11 21:52:10.252313,18.21,17.57,18.21,18.21,1018,57,3.16,359,39,0.0,Clouds,scattered clouds,21
Pósfa,47.326944,16.855833,2026-07-11 21:52:11.470593,18.19,17.55,18.19,18.19,1018,57,3.19,358,32,0.0,Clouds,scattered clouds,21
Ölbő-Alsószeleste,47.300556,16.843056,2026-07-11 21:52:12.696014,18.17,17.56,18.17,18.17,1018,58,3.22,357,25,0.0,Clouds,scattered clouds,21
Gencsapáti felső,47.299722,16.593889,2026-07-11 21:52:13.919041,17.68,17.25,17.68,17.68,1018,67,2.39,354,38,0.0,Clouds,scattered clouds,21
Lukácsháza alsó,47.326389,16.586389,2026-07-11 21:52:15.143843,17.62,17.19,17.62,17.62,1018,67,2.41,354,45,0.0,Clouds,scattered clouds,21
Kőszegfalva,47.361667,16.567778,2026-07-11 21:52:16.406904,17.51,17.07,17.51,17.51,1018,67,2.38,353,57,0.0,Clouds,broken clouds,21
Gyöngyöshermán,47.202778,16.657222,2026-07-11 21:52:17.666859,17.9,17.39,17.9,17.9,1018,63,2.77,354,16,0.0,Clouds,few clouds,21
Bezenye,47.973611,17.207222,2026-07-11 21:52:18.929247,21.66,21.32,21.11,21.66,1018,55,2.86,357,48,0.0,Clouds,scattered clouds,21
Kámon,47.254534,16.625769,2026-07-11 21:52:20.175790,17.78,17.36,17.78,17.78,1018,67,2.7,355,19,0.0,Clouds,few clouds,21
Sorkifalud,47.1375,16.719167,2026-07-11 21:52:21.397077,19.83,19.51,19.83,19.83,1018,63,3.23,353,21,0.0,Clouds,few clouds,21
Szentléránt,47.12,16.735556,2026-07-11 21:52:22.660426,19.83,19.51,19.83,19.83,1018,63,3.23,353,21,0.0,Clouds,few clouds,21
Pácsony,47.009722,16.833611,2026-07-11 21:52:23.888846,19.91,19.58,19.91,19.91,1018,62,3.84,356,45,0.0,Clouds,scattered clouds,21
Győrvár,46.99,16.840556,2026-07-11 21:52:25.156803,19.91,19.58,19.91,19.91,1018,62,3.84,356,45,0.0,Clouds,scattered clouds,21
Egervár-Vasboldogasszony,46.942222,16.862222,2026-07-11 21:52:26.418513,20.16,19.85,20.16,20.16,1018,62,4.0,356,48,0.0,Clouds,scattered clouds,21
Zalaszentlőrinc,46.913889,16.8775,2026-07-11 21:52:27.673718,20.13,19.84,20.13,20.13,1018,63,4.01,354,50,0.0,Clouds,scattered clouds,21
Gencsapáti alsó,47.285833,16.6,2026-07-11 21:52:28.931990,17.71,17.29,17.71,17.71,1018,67,2.37,354,32,0.11,Rain,light rain,21
Gyöngyösfalu,47.316111,16.59,2026-07-11 21:52:30.169933,17.64,17.21,17.64,17.64,1018,67,2.39,354,38,0.0,Clouds,scattered clouds,21
Lukácsháza,47.341111,16.580556,2026-07-11 21:52:31.401634,17.57,17.13,17.57,17.57,1018,67,2.33,353,49,0.0,Clouds,scattered clouds,21
Horvátnádalja,47.005278,16.544444,2026-07-11 21:52:32.667196,19.85,19.8,19.85,19.85,1018,73,2.73,343,45,0.0,Clouds,scattered clouds,21
Csákánydoroszló,46.978333,16.499722,2026-07-11 21:52:33.927186,19.81,19.83,19.81,19.81,1018,76,2.57,343,45,0.0,Clouds,scattered clouds,21
Váckisújfalu,47.705,19.340278,2026-07-11 21:52:35.174898,19.64,19.23,19.64,21.98,1017,60,1.62,26,17,0.0,Clouds,few clouds,21
Csisztafürdő,46.681411,17.561797,2026-07-11 21:52:36.423826,19.83,19.59,19.83,19.83,1017,66,2.89,313,43,0.0,Clouds,scattered clouds,21
Mórágy,46.236021,18.627255,2026-07-11 21:52:37.691264,18.43,17.45,18.43,18.43,1016,43,2.99,330,98,0.0,Clouds,overcast clouds,21
Kismacs,47.551111,21.542778,2026-07-11 21:52:38.920016,16.97,16.55,16.97,16.97,1017,70,4.0,57,32,0.0,Clouds,scattered clouds,21
Pusztaszentistván,47.439869,19.470254,2026-07-11 21:52:40.150605,21.93,21.43,21.93,21.93,1017,48,3.65,46,27,0.0,Clouds,scattered clouds,21
Aranyvölgy,47.573795,19.017489,2026-07-11 21:52:41.393676,21.89,21.47,20.85,23.19,1017,51,0.45,22,12,0.0,Clouds,few clouds,21
Szélhegy,47.601111,18.928056,2026-07-11 21:52:42.643904,20.75,20.26,20.49,22.84,1017,53,2.06,15,5,0.0,Clear,clear sky,21
Vörösvárbánya,47.61,18.913611,2026-07-11 21:52:43.920653,20.68,20.19,20.45,22.79,1017,53,2.06,15,5,0.0,Clear,clear sky,21
Máriaszőlőtelep,46.702778,17.411911,2026-07-11 21:52:45.174959,19.86,19.73,19.86,19.86,1017,70,3.39,318,45,0.0,Clouds,scattered clouds,21
Akadémiaújtelep,47.485724,19.22294,2026-07-11 21:52:46.433652,22.41,21.96,20.81,23.15,1017,48,3.5,42,26,0.0,Clouds,scattered clouds,21
Újpalota,47.5316,19.126206,2026-07-11 21:52:47.659347,22.71,22.32,20.9,23.25,1017,49,0.89,46,21,0.0,Clouds,few clouds,21
"Szeged, Somogyi utca",46.250464,20.147713,2026-07-11 21:52:48.901143,17.81,16.66,17.81,17.81,1015,39,2.63,21,91,0.0,Clouds,overcast clouds,21
"Hódmezővásárhely, Hősök tere",46.412183,20.31759,2026-07-11 21:52:50.161510,18.9,18.1,18.9,18.9,1015,48,3.6,51,97,0.0,Clouds,overcast clouds,21
"Hódmezővásárhely, Kossuth tér",46.41465,20.319727,2026-07-11 21:52:51.412822,18.9,18.1,18.9,18.9,1015,48,3.6,51,97,0.0,Clouds,overcast clouds,21
"Hódmezővásárhely, Strandfürdő",46.409147,20.315671,2026-07-11 21:52:52.648662,18.9,18.1,18.9,18.9,1015,48,3.6,51,97,0.0,Clouds,overcast clouds,21
"Szeged, Széchenyi tér",46.252683,20.14935,2026-07-11 21:52:53.877530,17.81,16.66,17.81,17.81,1015,39,2.63,21,91,0.0,Clouds,overcast clouds,21
"Szeged, Anna-kút",46.256184,20.147587,2026-07-11 21:52:55.123303,17.82,16.68,17.82,17.82,1015,39,2.63,21,91,0.0,Clouds,overcast clouds,21
"Szeged, Rókusi templom",46.259255,20.141771,2026-07-11 21:52:56.357681,17.84,16.7,17.84,17.84,1015,39,2.63,21,91,0.0,Clouds,overcast clouds,21
"Hódmezővásárhely, Kálvin János tér",46.416677,20.328532,2026-07-11 21:52:57.622450,18.9,18.1,18.9,18.9,1015,48,3.6,50,97,0.0,Clouds,overcast clouds,21
Hódmezővásárhely vasútállomás,46.413242,20.338701,2026-07-11 21:52:58.837076,18.9,18.1,18.9,18.9,1015,48,3.6,50,97,0.0,Clouds,overcast clouds,21
"Szeged, Tavasz utca",46.260715,20.139055,2026-07-11 21:53:00.059237,17.84,16.7,17.84,17.84,1015,39,2.63,21,91,0.0,Clouds,overcast clouds,21
"Szeged, Damjanich utca",46.262753,20.135248,2026-07-11 21:53:01.305253,17.84,16.7,17.84,17.84,1015,39,2.63,21,91,0.0,Clouds,overcast clouds,21
"Szeged, Vásárhelyi Pál utca",46.264173,20.131109,2026-07-11 21:53:02.556108,17.86,16.72,17.86,17.86,1015,39,2.63,21,91,0.0,Clouds,overcast clouds,21
"Szeged, Bécsi körút ",46.243459,20.143809,2026-07-11 21:53:03.778531,18.39,17.3,18.39,18.39,1015,39,2.49,14,88,0.0,Clouds,overcast clouds,21
Hódmezővásárhelyi Népkert vasútállomás,46.403733,20.312986,2026-07-11 21:53:05.026649,18.91,18.11,18.91,18.91,1015,48,3.6,51,97,0.0,Clouds,overcast clouds,21
Szeged vasútállomás,46.239789,20.142561,2026-07-11 21:53:06.277731,18.39,17.3,18.39,18.39,1015,39,2.49,14,88,0.0,Clouds,overcast clouds,21
"Szeged, Bem utca",46.240198,20.141247,2026-07-11 21:53:07.502355,18.39,17.3,18.39,18.39,1015,39,2.49,14,88,0.0,Clouds,overcast clouds,21
"Szeged, Galamb utca",46.24153,20.142297,2026-07-11 21:53:08.750732,18.39,17.3,18.39,18.39,1015,39,2.49,14,88,0.0,Clouds,overcast clouds,21
"Szeged, Aradi vértanúk tere",46.247839,20.147,2026-07-11 21:53:10.002621,17.81,16.66,17.81,17.81,1015,39,2.63,21,91,0.0,Clouds,overcast clouds,21
"Szeged, Pulz utca",46.264452,20.126061,2026-07-11 21:53:11.222553,17.86,16.72,17.86,17.86,1015,39,2.63,21,91,0.0,Clouds,overcast clouds,21
"Szeged, Rókus vasútállomás",46.266107,20.125686,2026-07-11 21:53:12.474728,18.41,17.32,18.41,18.41,1015,39,2.65,20,93,0.0,Clouds,overcast clouds,21
Látókép,47.55787,21.524373,2026-07-11 21:53:13.710788,16.97,16.55,16.97,16.97,1017,70,4.0,57,32,0.0,Clouds,scattered clouds,21
Szentmihálytelek,46.2229,20.0808,2026-07-11 21:53:14.945037,17.86,16.72,17.86,17.86,1015,39,2.57,10,93,0.0,Clouds,overcast clouds,21
Kisvarsány,48.144356,22.297397,2026-07-11 21:53:16.201450,16.6,16.25,16.6,16.6,1017,74,1.77,23,21,0.0,Clouds,few clouds,21
