station_name,station_lat,station_lon,observation_time,temp,feels_like,temp_min,temp_max,pressure,humidity,wind_speed,wind_deg,clouds,precipitation_1h,weather_main,weather_description,collection_hour
Búcsúszentlászló,46.793056,16.932778,2026-09-30 00:57:08.464936,7.84,6.59,7.84,7.84,1028,83,2.1,126,0,0.0,Clear,clear sky,0
Angyalföld,47.549722,19.09,2026-09-30 00:57:09.679860,15.4,14.48,14.39,16.23,1029,57,3.09,80,0,0.0,Clear,clear sky,0
Felsőjánosfa,46.841389,16.544167,2026-09-30 00:57:10.925833,10.65,9.89,10.65,10.65,1028,81,1.86,127,0,0.0,Clear,clear sky,0
Pankasz,46.835833,16.496111,2026-09-30 00:57:12.140861,10.37,9.55,10.37,10.37,1028,80,1.7,122,0,0.0,Clear,clear sky,0
Nagyrákos,46.827222,16.455556,2026-09-30 00:57:13.368579,10.33,9.51,10.33,10.33,1028,80,1.62,120,0,0.0,Clear,clear sky,0
Őriszentpéter,46.828889,16.415278,2026-09-30 00:57:14.609690,10.44,9.63,10.44,10.44,1028,80,1.45,115,0,0.0,Clear,clear sky,0
Törökbálint,47.45,18.908611,2026-09-30 00:57:15.829979,14.96,14.0,14.32,16.0,1029,57,0.5,165,0,0.0,Clear,clear sky,0
Bicske alsó,47.486389,18.642778,2026-09-30 00:57:17.075495,14.21,13.17,14.21,15.23,1029,57,2.11,105,0,0.0,Clear,clear sky,0
Bajánsenye,46.818056,16.358056,2026-09-30 00:57:18.293695,10.5,9.69,10.5,10.5,1028,80,1.41,101,0,0.0,Clear,clear sky,0
Aquincum,47.566218,19.048273,2026-09-30 00:57:19.515466,15.43,14.52,14.42,16.25,1029,57,0.45,61,0,0.0,Clear,clear sky,0
Piliscsév,47.673889,18.791389,2026-09-30 00:57:20.759983,14.45,13.67,14.15,15.18,1028,66,2.81,98,0,0.0,Clear,clear sky,0
Tát,47.741201,18.64783,2026-09-30 00:57:21.976066,11.7,11.15,11.7,11.7,1028,85,2.2,120,0,0.0,Clear,clear sky,0
Süttő felső,47.756667,18.437222,2026-09-30 00:57:23.228167,11.73,10.71,11.73,11.73,1028,67,2.99,117,0,0.0,Clear,clear sky,0
Budatétény,47.405,19.016389,2026-09-30 00:57:24.446300,15.53,14.63,14.61,16.29,1029,57,3.09,80,0,0.0,Clear,clear sky,0
Seregélyes-Szőlőhegy,47.119444,18.612222,2026-09-30 00:57:25.652913,12.37,11.49,12.37,12.37,1029,70,2.35,76,0,0.0,Clear,clear sky,0
Gödöllő-Állami telepek,47.564444,19.375556,2026-09-30 00:57:26.897305,14.69,13.62,13.91,15.74,1029,54,3.09,80,0,0.0,Clear,clear sky,0
Dunakeszi alsó,47.607778,19.128889,2026-09-30 00:57:28.112231,15.0,14.07,14.39,16.22,1029,58,0.192,333,0,0.0,Clear,clear sky,0
Vác-Alsóváros,47.773056,19.149722,2026-09-30 00:57:29.359737,14.37,13.43,14.37,14.37,1029,60,1.18,32,0,0.0,Clear,clear sky,0
Szob alsó,47.816667,18.8725,2026-09-30 00:57:30.574828,11.69,11.13,11.69,11.69,1028,85,3.17,99,0,0.0,Clear,clear sky,0
Zalaszentmihály-Pacsa,46.7225,16.951944,2026-09-30 00:57:31.796878,7.75,7.04,7.75,7.75,1028,87,1.54,310,0,0.0,Clear,clear sky,0
Pötréte,46.682778,16.9575,2026-09-30 00:57:33.040653,7.75,7.04,7.75,7.75,1028,87,1.54,310,0,0.0,Clear,clear sky,0
Felsőrajk,46.667222,16.982778,2026-09-30 00:57:34.257909,7.81,7.11,7.81,7.81,1028,87,1.54,310,0,0.0,Clear,clear sky,0
Gelse,46.600556,16.982778,2026-09-30 00:57:35.498028,7.81,7.11,7.81,7.81,1028,87,1.54,310,0,0.0,Clear,clear sky,0
Őrtilos,46.297778,16.887778,2026-09-30 00:57:36.731341,10.55,9.8,10.55,10.55,1028,82,1.21,105,0,0.0,Clear,clear sky,0
Zákány,46.251944,16.9425,2026-09-30 00:57:37.938933,10.29,9.54,10.29,10.29,1028,83,1.24,103,0,0.0,Clear,clear sky,0
Berzence,46.201389,17.143611,2026-09-30 00:57:39.187119,10.56,9.84,10.56,10.56,1028,83,1.34,83,0,0.0,Clear,clear sky,0
Somogyudvarhely,46.163333,17.179722,2026-09-30 00:57:40.407854,10.55,9.8,10.55,10.55,1028,82,1.29,83,0,0.0,Clear,clear sky,0
Bélavár,46.122778,17.207778,2026-09-30 00:57:41.652582,10.66,9.92,10.66,10.66,1028,82,1.22,95,0,0.0,Clear,clear sky,0
Vízvár,46.101389,17.239444,2026-09-30 00:57:42.874257,10.6,9.86,10.6,10.6,1028,82,1.21,101,0,0.0,Clear,clear sky,0
Babócsa,46.028359,17.342276,2026-09-30 00:57:44.091476,10.72,9.94,10.72,10.72,1028,80,1.29,104,0,0.0,Clear,clear sky,0
Péterhida-Komlósd,46.006667,17.358056,2026-09-30 00:57:45.332620,10.82,10.05,10.82,10.82,1028,80,1.32,103,0,0.0,Clear,clear sky,0
Barcs,45.951944,17.446944,2026-09-30 00:57:46.559726,10.89,10.1,10.89,10.89,1027,79,1.54,92,0,0.0,Clear,clear sky,0
Barcs felső,45.958333,17.486389,2026-09-30 00:57:47.799963,10.85,10.03,10.85,10.85,1027,78,1.63,89,0,0.0,Clear,clear sky,0
Középrigóc,45.970556,17.525,2026-09-30 00:57:49.021008,10.81,9.96,10.81,10.81,1027,77,1.68,87,0,0.0,Clear,clear sky,0
Darány,45.992222,17.598611,2026-09-30 00:57:50.230771,10.95,10.03,10.95,10.95,1027,74,1.69,86,0,0.0,Clear,clear sky,0
Kisdobsza,46.012222,17.668056,2026-09-30 00:57:51.472377,11.15,10.23,11.15,11.15,1028,73,1.38,91,0,0.0,Clear,clear sky,0
Nemeske,46.023333,17.705278,2026-09-30 00:57:52.686919,11.25,10.34,11.25,11.25,1028,73,1.2,92,0,0.0,Clear,clear sky,0
Molvány,46.035278,17.748611,2026-09-30 00:57:53.928165,11.33,10.4,11.33,11.33,1028,72,0.92,96,0,0.0,Clear,clear sky,0
Szigetvár,46.043333,17.801944,2026-09-30 00:57:55.142758,11.37,10.42,11.37,11.37,1028,71,0.91,96,0,0.0,Clear,clear sky,0
Nagypeterd,46.039444,17.871667,2026-09-30 00:57:56.349389,14.53,13.89,14.53,14.53,1028,71,1.03,94,0,0.0,Clear,clear sky,0
Szentdénes,46.036667,17.926944,2026-09-30 00:57:57.591999,14.48,13.81,14.48,14.48,1028,70,1.11,94,0,0.0,Clear,clear sky,0
Háros,47.412222,19.035,2026-09-30 00:57:58.808798,15.5,14.57,14.42,16.25,1029,56,3.09,80,0,0.0,Clear,clear sky,0
Nagytétény-Diósd,47.398333,18.974444,2026-09-30 00:58:00.056579,15.41,14.49,14.6,16.29,1029,57,2.12,64,0,0.0,Clear,clear sky,0
Érdliget,47.390278,18.937778,2026-09-30 00:58:01.281399,15.22,14.29,14.52,16.2,1029,57,2.25,69,0,0.0,Clear,clear sky,0
Érd felső,47.381111,18.922222,2026-09-30 00:58:02.488512,15.15,14.21,14.49,16.17,1029,57,2.35,74,0,0.0,Clear,clear sky,0
Érd,47.369722,18.900833,2026-09-30 00:58:03.731805,15.06,14.11,14.45,16.13,1029,57,2.29,75,0,0.0,Clear,clear sky,0
Százhalombatta,47.322222,18.899167,2026-09-30 00:58:04.962288,15.03,14.08,14.43,16.12,1029,57,2.16,77,0,0.0,Clear,clear sky,0
Dunai Finomító,47.294444,18.878889,2026-09-30 00:58:06.202755,14.36,13.6,14.27,15.29,1029,67,2.17,78,0,0.0,Clear,clear sky,0
Ercsi,47.247222,18.875278,2026-09-30 00:58:07.419926,14.58,13.87,14.5,15.52,1029,68,2.13,76,0,0.0,Clear,clear sky,0
Iváncsa,47.177778,18.811944,2026-09-30 00:58:08.629331,12.67,11.82,12.67,12.67,1029,70,2.26,74,0,0.0,Clear,clear sky,0
Pusztaszabolcs,47.139722,18.761667,2026-09-30 00:58:09.864987,12.59,11.71,12.59,12.59,1029,69,2.37,75,0,0.0,Clear,clear sky,0
Szabadegyháza,47.082778,18.704167,2026-09-30 00:58:11.084686,12.43,11.53,12.43,12.43,1029,69,2.45,78,0,0.0,Clear,clear sky,0
Sárosd,47.039722,18.660278,2026-09-30 00:58:12.330647,12.33,11.42,12.33,12.33,1028,69,2.3,77,0,0.0,Clear,clear sky,0
Nagylók,46.979444,18.635833,2026-09-30 00:58:13.549759,12.1,11.14,12.1,12.1,1028,68,2.23,77,0,0.0,Clear,clear sky,0
Sárbogárd,46.896944,18.611944,2026-09-30 00:58:14.758313,12.13,11.23,12.13,12.13,1028,70,1.99,77,0,0.0,Clear,clear sky,0
Rétszilas,46.814167,18.601389,2026-09-30 00:58:15.998903,12.08,11.25,12.08,12.08,1028,73,1.83,82,0,0.0,Clear,clear sky,0
Nagyatád,46.228611,17.354167,2026-09-30 00:58:17.216270,10.61,9.82,10.61,10.61,1028,80,1.59,81,0,0.0,Clear,clear sky,0
Budapest-Keleti,47.500278,19.084167,2026-09-30 00:58:18.451045,15.49,14.56,14.38,16.21,1029,56,3.09,80,0,0.0,Clear,clear sky,0
Ferencváros,47.468611,19.088056,2026-09-30 00:58:19.665669,15.52,14.59,14.39,16.22,1029,56,3.09,80,0,0.0,Clear,clear sky,0
Budapest-Nyugati,47.510833,19.0575,2026-09-30 00:58:20.875716,15.47,14.56,14.38,16.21,1029,57,3.09,80,0,0.0,Clear,clear sky,0
Kőbánya felső,47.491944,19.133889,2026-09-30 00:58:22.117892,15.48,14.52,14.31,16.14,1029,55,3.09,80,0,0.0,Clear,clear sky,0
Rákos,47.488889,19.174722,2026-09-30 00:58:23.347467,15.49,14.53,14.27,16.1,1029,55,3.09,80,0,0.0,Clear,clear sky,0
Rákosrendező,47.525556,19.089444,2026-09-30 00:58:24.588307,15.5,14.57,14.41,16.25,1029,56,3.09,80,0,0.0,Clear,clear sky,0
Zugló,47.511389,19.101389,2026-09-30 00:58:25.805925,15.48,14.55,14.37,16.21,1029,56,3.09,80,0,0.0,Clear,clear sky,0
Mezőtárkány,47.725,20.480278,2026-09-30 00:58:27.014757,10.46,9.39,10.46,10.46,1029,70,3.76,57,0,0.0,Clear,clear sky,0
Istvántelek,47.550278,19.106389,2026-09-30 00:58:28.262196,15.38,14.46,14.4,16.23,1029,57,3.09,80,0,0.0,Clear,clear sky,0
Rákospalota-Újpest,47.565833,19.111944,2026-09-30 00:58:29.477747,15.29,14.36,14.39,16.23,1029,57,3.09,80,0,0.0,Clear,clear sky,0
Kőbánya alsó,47.483056,19.127222,2026-09-30 00:58:30.729460,15.51,14.55,14.32,16.16,1029,55,3.09,80,0,0.0,Clear,clear sky,0
Kőbánya-Kispest,47.463889,19.149444,2026-09-30 00:58:31.946511,15.58,14.63,14.32,16.16,1029,55,3.09,80,0,0.0,Clear,clear sky,0
Pestszentlőrinc,47.454722,19.182778,2026-09-30 00:58:33.159905,15.6,14.63,14.26,16.1,1029,54,3.09,80,0,0.0,Clear,clear sky,0
Kispest,47.448135,19.157552,2026-09-30 00:58:34.402149,15.64,14.67,14.33,16.16,1029,54,3.09,80,0,0.0,Clear,clear sky,0
Újpest,47.558889,19.079722,2026-09-30 00:58:35.625128,15.39,14.47,14.4,16.23,1029,57,3.09,80,0,0.0,Clear,clear sky,0
Pestszentimre felső,47.413611,19.173333,2026-09-30 00:58:36.865776,15.75,14.79,14.36,16.19,1029,54,3.09,80,0,0.0,Clear,clear sky,0
Dunakeszi,47.626111,19.136111,2026-09-30 00:58:38.085496,14.81,13.86,14.3,16.13,1029,58,0.192,333,0,0.0,Clear,clear sky,0
Dunakeszi-Gyártelep,47.643611,19.135,2026-09-30 00:58:39.292177,14.74,13.78,14.3,16.14,1029,58,0.192,333,0,0.0,Clear,clear sky,0
Alsógöd,47.676944,19.134444,2026-09-30 00:58:40.534229,14.54,13.62,14.34,16.17,1029,60,0.192,333,0,0.0,Clear,clear sky,0
Göd,47.687778,19.1375,2026-09-30 00:58:41.761181,14.55,13.63,14.36,16.19,1029,60,0.192,333,0,0.0,Clear,clear sky,0
Felsőgöd,47.705556,19.143333,2026-09-30 00:58:43.003500,14.41,13.47,14.4,15.57,1029,60,0.192,333,0,0.0,Clear,clear sky,0
Sződ-Sződliget,47.728056,19.154722,2026-09-30 00:58:44.227414,14.4,13.46,14.39,15.56,1029,60,1.24,45,0,0.0,Clear,clear sky,0
Vác,47.782778,19.133056,2026-09-30 00:58:45.435117,14.37,13.43,11.66,14.37,1029,60,1.18,32,0,0.0,Clear,clear sky,0
Verőce,47.823889,19.029444,2026-09-30 00:58:46.686698,11.49,10.57,11.49,14.2,1029,72,1.86,65,0,0.0,Clear,clear sky,0
Kismaros,47.8275,19.010278,2026-09-30 00:58:47.903258,11.63,10.7,11.63,14.34,1029,71,2.2,76,0,0.0,Clear,clear sky,0
Nagymaros-Visegrád,47.791389,18.959167,2026-09-30 00:58:49.148529,11.65,11.09,11.65,14.36,1029,85,2.63,87,0,0.0,Clear,clear sky,0
Nagymaros,47.780278,18.952222,2026-09-30 00:58:50.365879,11.72,11.17,11.72,14.43,1029,85,2.63,87,0,0.0,Clear,clear sky,0
Zebegény,47.801389,18.908889,2026-09-30 00:58:51.574466,11.69,11.13,11.69,14.4,1029,85,2.89,91,0,0.0,Clear,clear sky,0
Szob,47.821111,18.861944,2026-09-30 00:58:52.816249,11.65,11.09,11.65,11.65,1028,85,3.12,98,0,0.0,Clear,clear sky,0
Alagimajor,47.601944,19.153889,2026-09-30 00:58:54.035096,14.96,14.0,14.34,16.18,1029,57,3.09,80,0,0.0,Clear,clear sky,0
Fót,47.611389,19.181667,2026-09-30 00:58:55.281663,14.31,13.34,14.24,16.07,1029,59,0.192,333,0,0.0,Clear,clear sky,0
Fótújfalu,47.615,19.192778,2026-09-30 00:58:56.497989,14.17,13.18,14.13,15.97,1029,59,0.192,333,0,0.0,Clear,clear sky,0
Csomád,47.635556,19.222778,2026-09-30 00:58:57.720810,13.88,12.89,13.86,15.69,1029,60,0.192,333,0,0.0,Clear,clear sky,0
Veresegyház,47.649167,19.288611,2026-09-30 00:58:58.974217,14.09,13.12,14.01,15.84,1029,60,0.192,333,0,0.0,Clear,clear sky,0
Erdőkertes,47.662222,19.295833,2026-09-30 00:59:00.193008,14.03,13.06,13.97,15.8,1029,60,0.192,333,0,0.0,Clear,clear sky,0
Őrbottyán,47.685833,19.283611,2026-09-30 00:59:01.438948,13.89,12.9,13.88,15.71,1029,60,0.192,333,0,0.0,Clear,clear sky,0
Váchartyán,47.725833,19.248889,2026-09-30 00:59:02.661954,14.25,13.3,14.25,14.25,1029,60,0.192,333,0,0.0,Clear,clear sky,0
Magyarkút-Verőce,47.826111,19.044444,2026-09-30 00:59:03.871814,11.65,10.75,11.65,14.36,1029,72,1.86,65,0,0.0,Clear,clear sky,0
Szokolya,47.871111,19.030556,2026-09-30 00:59:05.112301,11.3,10.37,11.3,14.01,1029,72,1.93,64,0,0.0,Clear,clear sky,0
Berkenye,47.885278,19.071944,2026-09-30 00:59:06.327231,10.94,9.97,10.94,13.65,1029,72,1.71,52,0,0.0,Clear,clear sky,0
Nógrád,47.901944,19.0475,2026-09-30 00:59:07.566985,10.93,9.96,10.93,10.93,1029,72,1.95,66,0,0.0,Clear,clear sky,0
Diósjenő,47.94,19.049444,2026-09-30 00:59:08.787202,10.9,9.95,10.9,10.9,1029,73,1.97,71,0,0.0,Clear,clear sky,0
Borsosberény,47.971389,19.093056,2026-09-30 00:59:10.002022,11.82,10.99,11.82,11.82,1030,74,1.26,40,0,0.0,Clear,clear sky,0
Nagyoroszi,47.993611,19.101111,2026-09-30 00:59:11.248490,11.61,10.78,11.61,11.61,1030,75,1.26,59,0,0.0,Clear,clear sky,0
Drégelyvár,48.001944,19.079444,2026-09-30 00:59:12.464308,11.82,10.99,11.82,11.82,1029,74,2.06,92,0,0.0,Clear,clear sky,0
Drégely,48.042222,19.056111,2026-09-30 00:59:13.705212,12.14,11.32,12.14,12.14,1030,73,2.25,99,0,0.0,Clear,clear sky,0
Drégelypalánk,48.055,19.046111,2026-09-30 00:59:14.919971,12.28,11.44,12.28,12.28,1029,72,2.7,104,0,0.0,Clear,clear sky,0
Ipolyvece,48.056944,19.106389,2026-09-30 00:59:16.135034,12.2,11.38,12.2,12.2,1030,73,1.94,96,0,0.0,Clear,clear sky,0
Dejtár,48.045556,19.196389,2026-09-30 00:59:17.378405,12.18,11.41,12.18,12.18,1030,75,1.29,70,0,0.0,Clear,clear sky,0
Ipolyszög,48.054444,19.221944,2026-09-30 00:59:18.593917,12.15,11.35,12.15,12.15,1030,74,1.54,72,0,0.0,Clear,clear sky,0
Iklad-Domony,47.658056,19.444444,2026-09-30 00:59:19.833873,14.27,13.32,14.27,16.1,1029,60,3.69,106,0,0.0,Clear,clear sky,0
Iklad-Domony felső,47.667778,19.428056,2026-09-30 00:59:21.052824,14.26,13.31,14.26,16.09,1029,60,3.29,108,0,0.0,Clear,clear sky,0
Galgamácsa,47.693889,19.3925,2026-09-30 00:59:22.266949,14.25,13.3,14.25,14.25,1029,60,2.54,100,0,0.0,Clear,clear sky,0
Vácrátót,47.732778,19.217778,2026-09-30 00:59:23.512368,14.17,13.21,14.17,14.17,1029,60,1.18,50,0,0.0,Clear,clear sky,0
Csörög,47.735833,19.196389,2026-09-30 00:59:24.728609,14.17,13.21,14.17,15.28,1029,60,1.22,47,0,0.0,Clear,clear sky,0
Galgagyörk,47.735278,19.372222,2026-09-30 00:59:25.979801,14.14,13.18,14.14,14.14,1029,60,2.23,103,0,0.0,Clear,clear sky,0
Püspökhatvan,47.768611,19.366944,2026-09-30 00:59:27.194622,14.14,13.18,14.14,14.14,1029,60,1.55,103,0,0.0,Clear,clear sky,0
Acsa-Erdőkürt,47.801111,19.386111,2026-09-30 00:59:28.401726,14.07,13.31,14.07,14.07,1029,68,1.21,97,0,0.0,Clear,clear sky,0
Galgaguta,47.848611,19.385556,2026-09-30 00:59:29.648977,13.93,13.18,13.93,13.93,1029,69,0.82,62,0,0.0,Clear,clear sky,0
Nógrádkövesd,47.879444,19.371111,2026-09-30 00:59:30.866160,13.83,13.1,13.83,13.83,1029,70,0.91,42,0,0.0,Clear,clear sky,0
Magyarnándor,47.970833,19.356667,2026-09-30 00:59:32.108212,11.79,10.93,11.79,11.79,1030,73,1.52,22,0,0.0,Clear,clear sky,0
Mohora,47.995556,19.347778,2026-09-30 00:59:33.326749,11.86,11.03,11.86,11.86,1030,74,1.66,29,0,0.0,Clear,clear sky,0
Szügy,48.036389,19.333056,2026-09-30 00:59:34.550964,11.99,11.18,11.99,11.99,1030,74,1.9,44,0,0.0,Clear,clear sky,0
Balassagyarmat,48.071111,19.293611,2026-09-30 00:59:35.790083,12.05,11.24,12.05,12.05,1030,74,1.9,53,0,0.0,Clear,clear sky,0
Őrhalom,48.078773,19.403936,2026-09-30 00:59:37.007929,11.76,10.85,11.76,11.76,1030,71,2.77,56,0,0.0,Clear,clear sky,0
Hugyag,48.083056,19.421111,2026-09-30 00:59:38.260669,11.76,10.85,11.76,11.76,1030,71,2.77,56,0,0.0,Clear,clear sky,0
Szécsény,48.093056,19.521111,2026-09-30 00:59:39.479233,11.91,11.01,11.91,11.91,1030,71,2.61,58,0,0.0,Clear,clear sky,0
Ludányhalászi,48.1325,19.529444,2026-09-30 00:59:40.688400,11.85,10.89,11.85,11.85,1030,69,3.17,46,0,0.0,Clear,clear sky,0
Nógrádszakál,48.178333,19.521667,2026-09-30 00:59:41.929591,11.79,10.83,11.79,11.79,1030,69,3.48,39,0,0.0,Clear,clear sky,0
Ráróspuszta,48.207222,19.541389,2026-09-30 00:59:43.144626,11.18,10.16,11.18,11.18,1030,69,3.74,31,0,0.0,Clear,clear sky,0
Litke,48.215833,19.598611,2026-09-30 00:59:44.393517,11.64,10.71,11.64,11.64,1030,71,3.27,34,0,0.0,Clear,clear sky,0
Nyíregyháza külső,47.943056,21.740278,2026-09-30 00:59:45.611975,12.27,11.33,12.27,12.27,1030,68,3.53,90,0,0.0,Clear,clear sky,0
Oros,47.945833,21.806389,2026-09-30 00:59:46.830610,12.24,11.3,12.24,12.24,1030,68,3.62,94,0,0.0,Clear,clear sky,0
Napkor,47.948889,21.873056,2026-09-30 00:59:48.082672,12.19,11.24,12.19,12.19,1030,68,3.55,98,0,0.0,Clear,clear sky,0
Apagy,47.953775,21.939044,2026-09-30 00:59:49.303941,12.17,11.22,12.17,12.17,1030,68,3.65,99,0,0.0,Clear,clear sky,0
Levelek-Magy,47.948056,21.993611,2026-09-30 00:59:50.549036,12.09,11.1,12.09,12.09,1030,67,3.83,101,0,0.0,Clear,clear sky,0
Ófehértó,47.940556,22.041389,2026-09-30 00:59:51.763279,11.99,10.97,11.99,11.99,1030,66,3.98,102,0,0.0,Clear,clear sky,0
Ligettanya,47.951667,22.071389,2026-09-30 00:59:52.972904,11.92,10.92,11.92,11.92,1030,67,4.04,101,0,0.0,Clear,clear sky,0
Baktalórántháza,47.988611,22.083333,2026-09-30 00:59:54.216250,11.92,10.94,11.92,11.92,1030,68,3.99,101,0,0.0,Clear,clear sky,0
Vaja-Rohod,48.006389,22.164167,2026-09-30 00:59:55.436229,11.87,10.91,11.87,11.87,1030,69,4.01,101,0,0.0,Clear,clear sky,0
Rákóczitanya,48.022222,22.178333,2026-09-30 00:59:56.676677,11.81,10.85,11.81,11.81,1031,69,3.96,101,0,0.0,Clear,clear sky,0
Nyírmada,48.059167,22.203056,2026-09-30 00:59:57.892929,11.81,10.93,11.81,11.81,1031,72,3.72,102,0,0.0,Clear,clear sky,0
Tunyogmatolcs,47.960244,22.442247,2026-09-30 00:59:59.116984,11.76,10.82,11.76,11.76,1031,70,2.79,101,0,0.0,Clear,clear sky,0
Tunyogmatolcs alsó,47.966025,22.464713,2026-09-30 01:00:00.389038,11.71,10.76,11.71,11.71,1031,70,2.75,101,0,0.0,Clear,clear sky,0
Fehérgyarmat,47.979167,22.524444,2026-09-30 01:00:01.608371,11.69,10.74,11.69,11.69,1031,70,3.01,97,0,0.0,Clear,clear sky,0
Penyige,47.995278,22.566944,2026-09-30 01:00:02.861978,11.68,10.73,11.68,11.68,1031,70,3.13,96,0,0.0,Clear,clear sky,0
Nagyszekeres,47.976111,22.6125,2026-09-30 01:00:04.121687,11.65,10.67,11.65,11.65,1031,69,3.19,96,0,0.0,Clear,clear sky,0
Kisszekeres,47.965833,22.629444,2026-09-30 01:00:05.350504,11.63,10.65,11.63,11.63,1031,69,3.35,98,0,0.0,Clear,clear sky,0
Jánkmajtis,47.941944,22.657222,2026-09-30 01:00:06.607499,11.58,10.57,11.58,11.58,1031,68,3.57,100,0,0.0,Clear,clear sky,0
Gacsály,47.926111,22.745,2026-09-30 01:00:07.823974,12.26,11.37,12.03,12.26,1031,70,3.6,102,0,0.0,Clear,clear sky,0
Zajta,47.9025,22.796111,2026-09-30 01:00:09.064500,12.25,11.38,12.03,12.25,1031,71,3.4,103,0,0.0,Clear,clear sky,0
Eperjeske alsó,48.360556,22.19,2026-09-30 01:00:10.298313,12.04,11.31,12.04,12.04,1031,77,2.43,88,0,0.0,Clear,clear sky,0
Mándok,48.326944,22.196389,2026-09-30 01:00:11.515286,11.97,11.23,11.97,11.97,1031,77,2.48,91,0,0.0,Clear,clear sky,0
Tornyospálca,48.268333,22.201944,2026-09-30 01:00:12.764810,11.96,11.22,11.96,11.96,1031,77,2.46,96,0,0.0,Clear,clear sky,0
Aranyosapáti,48.211303,22.253534,2026-09-30 01:00:13.997944,11.96,11.17,11.96,11.96,1031,75,2.71,101,0,0.0,Clear,clear sky,0
Gyüre,48.171389,22.269167,2026-09-30 01:00:15.237619,11.91,11.09,11.91,11.91,1031,74,2.83,104,0,0.0,Clear,clear sky,0
Varsány,48.151722,22.290047,2026-09-30 01:00:16.454744,11.87,11.04,11.87,11.87,1031,74,2.93,103,0,0.0,Clear,clear sky,0
Vásárosnamény,48.126667,22.306111,2026-09-30 01:00:17.671624,11.86,11.01,11.86,11.86,1031,73,3.03,104,0,0.0,Clear,clear sky,0
Vitka,48.095556,22.308056,2026-09-30 01:00:18.914445,11.84,10.99,11.84,11.84,1031,73,3.11,104,0,0.0,Clear,clear sky,0
Nagydobos,48.054167,22.311111,2026-09-30 01:00:20.131021,11.76,10.9,11.76,11.76,1031,73,3.19,104,0,0.0,Clear,clear sky,0
Ópályi,47.997778,22.318333,2026-09-30 01:00:21.381170,11.75,10.81,11.75,11.75,1031,70,3.44,102,0,0.0,Clear,clear sky,0
Nyírcsaholy,47.908056,22.348333,2026-09-30 01:00:22.600179,11.8,10.79,11.8,11.8,1031,67,3.53,100,0,0.0,Clear,clear sky,0
Nagyecsed,47.864722,22.385556,2026-09-30 01:00:23.813077,11.8,10.76,11.8,11.8,1031,66,3.37,100,0,0.0,Clear,clear sky,0
Tiborszállás,47.815278,22.402778,2026-09-30 01:00:25.065934,11.82,10.75,11.82,11.82,1030,65,3.47,99,0,0.0,Clear,clear sky,0
Kiskunhalas,46.434444,19.493611,2026-09-30 01:00:26.283167,12.04,11.13,12.04,12.04,1028,70,2.16,109,0,0.0,Clear,clear sky,0
Kecskemét alsó,46.895833,19.692222,2026-09-30 01:00:27.523636,10.67,9.75,9.99,10.75,1029,75,1.6,42,0,0.0,Clear,clear sky,0
Putnok,48.286667,20.4375,2026-09-30 01:00:28.739478,15.56,15.1,13.36,15.56,1030,74,2.5,79,0,0.0,Clear,clear sky,0
Bánréve,48.299722,20.351944,2026-09-30 01:00:29.953588,15.55,15.09,15.55,15.55,1030,74,2.45,69,0,0.0,Clear,clear sky,0
Ipolytarnóc,48.236667,19.629167,2026-09-30 01:00:31.192900,11.51,10.6,11.51,11.51,1030,72,3.0,33,0,0.0,Clear,clear sky,0
Rákosliget,47.486111,19.257778,2026-09-30 01:00:32.414930,15.86,14.86,14.17,16.03,1029,52,3.09,80,0,0.0,Clear,clear sky,0
Ikrény,47.657778,17.524167,2026-09-30 01:00:33.675934,14.76,13.7,6.08,14.76,1028,54,2.96,114,0,0.0,Clear,clear sky,0
Rábapatona,47.648889,17.461944,2026-09-30 01:00:34.898898,14.78,13.72,6.1,14.78,1028,54,2.94,116,0,0.0,Clear,clear sky,0
Enese,47.644167,17.425278,2026-09-30 01:00:36.132743,14.78,13.72,6.1,14.78,1028,54,2.62,121,0,0.0,Clear,clear sky,0
Kóny,47.632222,17.357222,2026-09-30 01:00:37.390277,14.76,13.7,14.76,14.76,1028,54,2.3,127,0,0.0,Clear,clear sky,0
Farád,47.595278,17.195833,2026-09-30 01:00:38.658088,14.75,14.13,14.75,14.75,1028,71,1.51,170,0,0.0,Clear,clear sky,0
Rábatamási,47.592778,17.161389,2026-09-30 01:00:39.995281,11.82,10.91,11.82,11.82,1028,71,1.51,170,0,0.0,Clear,clear sky,0
Szárföld,47.589167,17.123889,2026-09-30 01:00:41.284674,11.87,10.97,11.87,11.87,1028,71,1.47,175,0,0.0,Clear,clear sky,0
Veszkény,47.586944,17.101389,2026-09-30 01:00:42.666018,11.93,11.03,11.93,11.93,1028,71,1.47,179,0,0.0,Clear,clear sky,0
Kapuvár,47.581944,17.046944,2026-09-30 01:00:43.932040,11.93,11.06,11.93,11.93,1028,72,1.53,184,0,0.0,Clear,clear sky,0
Vitnyéd-Csermajor,47.5825,16.987222,2026-09-30 01:00:45.198486,12.01,11.12,12.01,12.01,1027,71,1.74,182,0,0.0,Clear,clear sky,0
Petőháza,47.595278,16.893056,2026-09-30 01:00:46.492641,12.15,11.25,12.15,12.15,1027,70,2.12,175,0,0.0,Clear,clear sky,0
Fertőszentmiklós,47.6,16.858889,2026-09-30 01:00:47.710039,12.16,11.26,12.16,12.16,1027,70,2.2,175,0,0.0,Clear,clear sky,0
Pinnye,47.600278,16.768611,2026-09-30 01:00:48.977351,12.11,11.18,12.11,12.11,1027,69,2.2,187,0,0.0,Clear,clear sky,0
Fertőboz,47.625,16.691667,2026-09-30 01:00:50.221355,11.52,10.5,11.52,11.52,1027,68,2.02,197,0,0.0,Clear,clear sky,0
Sopron,47.677778,16.587222,2026-09-30 01:00:51.451967,11.22,10.12,11.22,11.22,1027,66,2.3,196,0,0.0,Clear,clear sky,0
Fertőszéplak-Fertőd,47.618889,16.850833,2026-09-30 01:00:54.025686,12.29,11.4,12.29,12.29,1027,70,2.23,172,0,0.0,Clear,clear sky,0
Nyúl,47.587778,17.698056,2026-09-30 01:00:55.273000,10.14,9.01,10.14,10.14,1028,69,3.19,119,0,0.0,Clear,clear sky,0
Pannonhalma,47.547778,17.740833,2026-09-30 01:00:58.418420,10.08,8.95,10.08,10.08,1028,69,3.36,124,0,0.0,Clear,clear sky,0
Tarjánpuszta,47.504722,17.789167,2026-09-30 01:00:59.643264,9.84,8.08,9.84,9.84,1028,68,3.44,128,0,0.0,Clear,clear sky,0
Győrasszonyfa,47.4925,17.799167,2026-09-30 01:01:02.606581,9.77,7.99,9.77,9.77,1028,68,3.44,128,0,0.0,Clear,clear sky,0
Veszprémvarsány,47.443333,17.818333,2026-09-30 01:01:03.862680,9.83,8.13,9.83,9.83,1028,68,3.31,135,0,0.0,Clear,clear sky,0
Bakonyszentlászló,47.395556,17.8175,2026-09-30 01:01:05.083870,9.58,7.85,9.58,9.58,1028,67,3.28,138,0,0.0,Clear,clear sky,0
Porva-Csesznek,47.326944,17.841111,2026-09-30 01:01:06.331307,8.59,6.73,8.59,8.59,1028,67,3.15,135,0,0.0,Clear,clear sky,0
Zirc,47.266667,17.878056,2026-09-30 01:01:07.578532,9.44,8.24,9.44,9.44,1028,68,2.38,122,0,0.0,Clear,clear sky,0
Eplény,47.192778,17.921667,2026-09-30 01:01:08.829387,9.89,9.58,9.89,9.89,1028,69,1.45,89,0,0.0,Clear,clear sky,0
Marcaltő,47.4275,17.348889,2026-09-30 01:01:10.074284,10.17,9.1,10.17,14.73,1028,71,1.03,0,0,0.0,Clear,clear sky,0
Szany-Rábaszentandrás,47.460833,17.315278,2026-09-30 01:01:11.296704,10.17,9.1,10.17,14.73,1028,71,1.03,0,0,0.0,Clear,clear sky,0
Egyed-Rábacsanak,47.521944,17.316389,2026-09-30 01:01:12.555309,14.74,13.68,10.18,14.74,1028,54,1.65,141,0,0.0,Clear,clear sky,0
Rábapordány,47.557222,17.315,2026-09-30 01:01:13.809718,14.75,13.69,10.18,14.75,1028,54,1.78,139,0,0.0,Clear,clear sky,0
Albertfalva,47.440784,19.033965,2026-09-30 01:01:15.059430,15.58,14.66,14.42,16.28,1029,56,3.09,80,0,0.0,Clear,clear sky,0
Budafok,47.425833,19.041389,2026-09-30 01:01:16.298259,15.6,14.68,14.43,16.29,1029,56,3.09,80,0,0.0,Clear,clear sky,0
Tétényliget,47.384722,18.955278,2026-09-30 01:01:17.511326,15.43,14.52,14.62,16.31,1029,57,2.25,69,0,0.0,Clear,clear sky,0
Érd alsó,47.379722,18.923056,2026-09-30 01:01:18.756120,15.21,14.27,14.5,16.18,1029,57,2.35,74,0,0.0,Clear,clear sky,0
Tárnok,47.365556,18.873889,2026-09-30 01:01:20.018049,15.16,14.22,14.55,16.23,1029,57,2.38,81,0,0.0,Clear,clear sky,0
Martonvásár,47.321389,18.781667,2026-09-30 01:01:21.268735,14.54,13.54,14.48,15.55,1029,57,2.27,81,0,0.0,Clear,clear sky,0
Baracska,47.297222,18.753333,2026-09-30 01:01:22.511657,14.6,13.89,14.58,15.65,1029,68,2.25,78,0,0.0,Clear,clear sky,0
Pettend,47.26,18.708889,2026-09-30 01:01:23.731254,14.48,13.79,14.48,14.48,1029,69,2.33,75,0,0.0,Clear,clear sky,0
Kápolnásnyék,47.245556,18.692222,2026-09-30 01:01:24.980917,14.51,13.82,14.51,14.51,1029,69,2.45,74,0,0.0,Clear,clear sky,0
Velence,47.226944,18.663889,2026-09-30 01:01:26.241009,12.69,11.82,12.69,12.69,1029,69,2.51,74,0,0.0,Clear,clear sky,0
Velencefürdő,47.218611,18.648056,2026-09-30 01:01:27.487628,12.65,11.77,12.65,12.65,1029,69,2.53,75,0,0.0,Clear,clear sky,0
Gárdony,47.205833,18.624722,2026-09-30 01:01:28.759251,12.6,11.72,12.6,12.6,1029,69,2.59,75,0,0.0,Clear,clear sky,0
Agárd,47.197666,18.604907,2026-09-30 01:01:29.982405,12.6,11.72,12.6,12.6,1029,69,2.59,75,0,0.0,Clear,clear sky,0
Dinnyés,47.179722,18.560833,2026-09-30 01:01:31.230078,12.47,11.57,12.47,12.47,1029,69,2.45,76,0,0.0,Clear,clear sky,0
Székesfehérvár,47.183611,18.424722,2026-09-30 01:01:33.325384,12.09,11.23,12.09,12.09,1029,72,1.65,60,0,0.0,Clear,clear sky,0
Szabadbattyán,47.105278,18.388333,2026-09-30 01:01:35.244321,11.89,11.04,11.89,11.89,1029,73,1.45,46,0,0.0,Clear,clear sky,0
Kiscséripuszta,47.048056,18.355,2026-09-30 01:01:36.792277,11.61,10.71,11.61,11.61,1028,72,1.54,44,0,0.0,Clear,clear sky,0
Lepsény,46.9875,18.248056,2026-09-30 01:01:38.900003,11.76,10.87,11.76,11.76,1028,72,1.83,45,0,0.0,Clear,clear sky,0
Balatonaliga,46.984444,18.171389,2026-09-30 01:01:40.187029,11.54,10.66,11.54,11.54,1028,73,2.48,38,0,0.0,Clear,clear sky,0
Balatonvilágos,46.964167,18.157222,2026-09-30 01:01:41.466011,11.84,11.01,11.84,11.84,1028,74,2.56,41,0,0.0,Clear,clear sky,0
Szabadifürdő,46.926111,18.103333,2026-09-30 01:01:42.815160,11.73,10.94,11.73,11.73,1028,76,2.35,46,0,0.0,Clear,clear sky,0
Ózd alsó,48.227778,20.306111,2026-09-30 01:01:44.099920,11.51,10.65,11.51,15.39,1030,74,2.29,64,0,0.0,Clear,clear sky,0
Ózd,48.2225,20.294722,2026-09-30 01:01:45.320989,11.56,10.7,11.56,15.44,1030,74,2.29,64,0,0.0,Clear,clear sky,0
Alsóboldva,48.212778,20.792222,2026-09-30 01:01:46.567332,13.57,13.59,13.57,15.77,1030,100,0.73,70,0,0.0,Clear,clear sky,0
Boldva,48.223333,20.790278,2026-09-30 01:01:47.828501,13.56,12.96,13.56,15.76,1030,76,0.73,70,0,0.0,Clear,clear sky,0
Borsodszirák,48.259167,20.770556,2026-09-30 01:01:49.068382,13.52,12.94,13.52,15.72,1030,77,1.2,56,0,0.0,Clear,clear sky,0
Edelény alsó,48.279167,20.760833,2026-09-30 01:01:50.316613,13.5,12.92,13.5,13.5,1030,77,1.2,56,0,0.0,Clear,clear sky,0
Edelény,48.299722,20.749444,2026-09-30 01:01:51.534601,13.48,12.89,13.48,13.48,1030,77,1.55,47,0,0.0,Clear,clear sky,0
Szendrőlád,48.334444,20.731944,2026-09-30 01:01:52.786330,10.78,9.9,10.78,10.78,1030,76,2.55,43,0,0.0,Clear,clear sky,0
Szendrő,48.400725,20.721346,2026-09-30 01:01:54.037367,11.65,10.83,11.65,11.65,1030,75,2.99,42,0,0.0,Clear,clear sky,0
Szendrő felső,48.409907,20.720148,2026-09-30 01:01:55.277312,11.65,10.83,11.65,11.65,1030,75,2.99,42,0,0.0,Clear,clear sky,0
Szalonna,48.449444,20.722222,2026-09-30 01:01:56.524910,11.66,10.84,11.66,11.66,1030,75,2.71,45,0,0.0,Clear,clear sky,0
Perkupa,48.471389,20.691111,2026-09-30 01:01:57.742470,10.91,9.96,10.91,10.91,1030,73,2.67,63,0,0.0,Clear,clear sky,0
Szemeretelep,47.443056,19.214167,2026-09-30 01:01:59.007326,15.7,14.71,14.24,16.09,1029,53,3.09,80,0,0.0,Clear,clear sky,0
Jósvafő-Aggtelek,48.489722,20.693889,2026-09-30 01:02:00.255394,11.2,10.28,11.2,11.2,1030,73,2.41,68,0,0.0,Clear,clear sky,0
Bódvaszilas,48.5375,20.738056,2026-09-30 01:02:01.496114,10.77,9.83,10.77,10.77,1030,74,1.93,52,1,0.0,Clear,clear sky,0
Komjáti,48.5475,20.759722,2026-09-30 01:02:02.746540,10.32,9.34,10.32,10.32,1030,74,1.77,44,1,0.0,Clear,clear sky,0
Tornanádaska,48.558333,20.787222,2026-09-30 01:02:03.966971,11.52,10.69,11.52,11.52,1030,75,1.76,36,1,0.0,Clear,clear sky,0
Onga,48.121111,20.906667,2026-09-30 01:02:05.214499,13.62,13.65,13.62,13.62,1030,100,1.1,52,0,0.0,Clear,clear sky,0
Szikszó-Vásártér,48.193056,20.934722,2026-09-30 01:02:06.460846,13.59,12.94,13.59,13.59,1030,74,1.15,66,0,0.0,Clear,clear sky,0
Szikszó,48.201667,20.941667,2026-09-30 01:02:07.702478,13.6,12.95,13.6,13.6,1030,74,1.46,70,0,0.0,Clear,clear sky,0
Aszaló,48.219867,20.961466,2026-09-30 01:02:08.953788,13.58,12.93,13.58,13.58,1030,74,1.47,71,0,0.0,Clear,clear sky,0
Halmaj,48.246667,20.991667,2026-09-30 01:02:10.198432,12.12,11.29,12.12,12.12,1030,73,1.82,74,0,0.0,Clear,clear sky,0
Csobád,48.277222,21.033889,2026-09-30 01:02:11.450184,12.11,11.26,12.11,12.11,1030,72,2.02,75,0,0.0,Clear,clear sky,0
Ináncs,48.291111,21.057778,2026-09-30 01:02:12.697409,12.04,11.15,12.04,12.04,1030,71,2.19,81,0,0.0,Clear,clear sky,0
Forró-Encs,48.3275,21.117778,2026-09-30 01:02:13.942145,11.97,11.1,11.97,11.97,1030,72,2.11,82,0,0.0,Clear,clear sky,0
Méra,48.363056,21.140278,2026-09-30 01:02:15.202345,11.71,10.87,11.71,11.71,1030,74,1.87,76,0,0.0,Clear,clear sky,0
Novajidrány,48.404444,21.170556,2026-09-30 01:02:16.425646,12.77,12.06,11.5,12.77,1030,75,1.86,73,0,0.0,Clear,clear sky,0
Hernádszurdok,48.487222,21.213889,2026-09-30 01:02:17.677364,12.13,11.23,10.32,12.69,1030,70,3.09,360,0,0.0,Clear,clear sky,0
Hidasnémeti,48.508333,21.229722,2026-09-30 01:02:18.926031,12.12,11.22,10.33,12.7,1030,70,3.09,360,0,0.0,Clear,clear sky,0
Mád,48.19,21.268889,2026-09-30 01:02:20.170239,11.84,10.96,11.84,11.84,1030,72,4.25,78,0,0.0,Clear,clear sky,0
Rátka,48.215,21.230278,2026-09-30 01:02:21.418731,12.19,11.32,12.19,12.19,1030,71,4.14,83,0,0.0,Clear,clear sky,0
Tállya,48.226944,21.225278,2026-09-30 01:02:22.635965,12.19,11.32,12.19,12.19,1030,71,4.14,83,0,0.0,Clear,clear sky,0
Golop,48.242778,21.204167,2026-09-30 01:02:23.883879,12.22,11.33,12.22,12.22,1030,70,3.52,87,0,0.0,Clear,clear sky,0
Abaújszántó,48.286944,21.181667,2026-09-30 01:02:25.131510,11.9,11.0,11.9,11.9,1030,71,2.83,88,0,0.0,Clear,clear sky,0
Abaújszántói fürdő,48.268333,21.179722,2026-09-30 01:02:26.374105,12.18,11.28,12.18,12.18,1030,70,3.16,88,0,0.0,Clear,clear sky,0
Abaújkér,48.309444,21.198333,2026-09-30 01:02:27.622223,11.86,10.98,11.86,11.86,1030,72,2.52,87,0,0.0,Clear,clear sky,0
Boldogkőváralja,48.345,21.208889,2026-09-30 01:02:28.837580,11.83,11.0,11.83,11.83,1030,74,2.5,84,0,0.0,Clear,clear sky,0
Korlát-Vizsoly,48.365,21.219167,2026-09-30 01:02:30.134713,11.91,11.11,11.91,11.91,1030,75,2.26,82,0,0.0,Clear,clear sky,0
Fony,48.411389,21.242778,2026-09-30 01:02:31.415878,12.32,11.62,11.3,12.57,1030,77,1.94,77,0,0.0,Clear,clear sky,0
Hejce-Vilmány,48.419444,21.245556,2026-09-30 01:02:32.685818,12.21,11.5,11.27,12.54,1030,77,1.94,77,0,0.0,Clear,clear sky,0
Göncruszka,48.445,21.246944,2026-09-30 01:02:33.952627,12.09,11.39,11.29,12.63,1030,78,1.82,74,0,0.0,Clear,clear sky,0
Gönc,48.470556,21.261389,2026-09-30 01:02:35.188706,11.88,11.19,10.16,12.53,1030,79,1.85,77,0,0.0,Clear,clear sky,0
Zsujta,48.4925,21.265,2026-09-30 01:02:36.468759,11.77,10.83,10.18,12.55,1030,70,3.09,360,0,0.0,Clear,clear sky,0
Bodrogkeresztúr,48.175556,21.354167,2026-09-30 01:02:37.750614,11.48,10.62,11.48,11.48,1030,74,3.99,65,0,0.0,Clear,clear sky,0
Szegi,48.201944,21.387778,2026-09-30 01:02:39.014025,12.98,12.32,12.98,12.98,1030,76,3.54,54,0,0.0,Clear,clear sky,0
Erdőbénye,48.218056,21.401944,2026-09-30 01:02:40.262823,12.95,12.34,12.95,12.95,1030,78,3.25,49,0,0.0,Clear,clear sky,0
Olaszliszka-Tolcsva,48.258333,21.448056,2026-09-30 01:02:41.480190,12.98,12.45,12.98,12.98,1030,81,2.6,45,0,0.0,Clear,clear sky,0
Bodrogolaszi,48.286944,21.512778,2026-09-30 01:02:42.750658,12.92,12.88,12.92,12.92,1030,100,2.26,37,0,0.0,Clear,clear sky,0
Sárospatak,48.325833,21.566111,2026-09-30 01:02:44.003177,12.87,12.82,12.87,12.87,1030,100,1.98,16,0,0.0,Clear,clear sky,0
Sátoraljaújhely,48.385833,21.657778,2026-09-30 01:02:45.247039,12.95,12.91,12.95,12.95,1030,100,0.97,355,0,0.0,Clear,clear sky,0
Vecsés,47.40855,19.25652,2026-09-30 01:02:46.501045,15.98,14.97,14.28,16.13,1029,51,3.6,80,0,0.0,Clear,clear sky,0
Vecsés-Kertekalja,47.403333,19.271389,2026-09-30 01:02:47.717628,16.03,15.02,14.31,16.17,1029,51,3.6,80,0,0.0,Clear,clear sky,0
Üllő,47.390833,19.348889,2026-09-30 01:02:48.985844,16.05,14.96,14.27,16.12,1029,48,3.6,80,0,0.0,Clear,clear sky,0
Monor,47.34545,19.43701,2026-09-30 01:02:50.232047,16.07,14.99,16.07,16.07,1029,48,3.6,80,0,0.0,Clear,clear sky,0
Pilis,47.279722,19.536389,2026-09-30 01:02:51.479925,16.03,15.49,16.03,16.03,1029,69,3.24,69,0,0.0,Clear,clear sky,0
Albertirsa,47.240278,19.606389,2026-09-30 01:02:52.739333,12.19,11.34,12.19,12.19,1029,72,2.84,68,0,0.0,Clear,clear sky,0
Ceglédbercel-Cserő,47.210278,19.686944,2026-09-30 01:02:53.956925,12.15,11.33,12.15,12.15,1029,73,2.63,65,0,0.0,Clear,clear sky,0
Cegléd,47.182778,19.806111,2026-09-30 01:02:55.211871,10.07,9.06,10.07,10.07,1029,74,2.14,55,0,0.0,Clear,clear sky,0
Abony,47.173056,20.016389,2026-09-30 01:02:56.470041,10.97,9.98,10.97,10.97,1029,71,1.03,70,0,0.0,Clear,clear sky,0
Szolnok,47.179167,20.175833,2026-09-30 01:02:57.711207,10.99,10.0,10.99,10.99,1029,71,1.03,70,0,0.0,Clear,clear sky,0
Szajol,47.170556,20.295278,2026-09-30 01:02:58.960632,11.01,10.02,11.01,11.01,1029,71,1.03,70,0,0.0,Clear,clear sky,0
Törökszentmiklós,47.170278,20.413611,2026-09-30 01:03:00.182607,11.0,10.01,11.0,11.0,1029,71,1.03,70,0,0.0,Clear,clear sky,0
Rákoscsaba-Újtelep,47.4875,19.271944,2026-09-30 01:03:01.444244,15.84,14.84,14.17,16.03,1029,52,3.6,80,0,0.0,Clear,clear sky,0
Rákoscsaba,47.492222,19.284722,2026-09-30 01:03:02.698234,15.78,14.77,14.16,16.02,1029,52,3.6,80,0,0.0,Clear,clear sky,0
Pécel,47.493889,19.338889,2026-09-30 01:03:03.945698,15.55,14.52,14.04,15.9,1029,52,3.6,80,0,0.0,Clear,clear sky,0
Isaszeg,47.537719,19.388955,2026-09-30 01:03:05.195798,15.05,13.99,13.95,15.81,1029,53,3.6,80,0,0.0,Clear,clear sky,0
Gödöllő,47.592222,19.358611,2026-09-30 01:03:06.413294,14.25,13.17,13.73,15.58,1029,55,3.6,80,0,0.0,Clear,clear sky,0
Máriabesnyő,47.595556,19.389722,2026-09-30 01:03:07.667012,14.32,13.37,13.87,15.73,1029,60,3.45,87,0,0.0,Clear,clear sky,0
Bag,47.641111,19.471667,2026-09-30 01:03:08.915709,14.23,13.28,14.23,16.08,1029,60,3.69,106,0,0.0,Clear,clear sky,0
Aszód,47.647467,19.492882,2026-09-30 01:03:10.157846,14.3,13.46,14.3,16.16,1029,64,3.65,109,0,0.0,Clear,clear sky,0
Hévízgyörk,47.638611,19.526667,2026-09-30 01:03:11.420368,14.31,13.47,14.31,14.31,1029,64,3.51,111,0,0.0,Clear,clear sky,0
Galgahévíz,47.6325,19.558333,2026-09-30 01:03:12.638135,14.3,13.51,14.3,14.3,1029,66,2.93,106,0,0.0,Clear,clear sky,0
Tura,47.626389,19.5975,2026-09-30 01:03:13.884535,14.33,13.57,14.33,14.33,1029,67,2.71,108,0,0.0,Clear,clear sky,0
Hatvan,47.663611,19.671389,2026-09-30 01:03:15.133815,12.62,11.66,12.62,12.62,1029,66,2.52,123,0,0.0,Clear,clear sky,0
Vámosgyörk,47.686111,19.927778,2026-09-30 01:03:16.378259,12.4,11.37,12.4,12.4,1029,64,3.51,81,0,0.0,Clear,clear sky,0
Adács,47.696389,19.975278,2026-09-30 01:03:17.641766,12.38,11.32,12.38,12.38,1029,63,3.7,70,0,0.0,Clear,clear sky,0
Karácsond,47.718056,20.048611,2026-09-30 01:03:18.857535,12.22,11.12,12.22,12.22,1029,62,3.69,63,0,0.0,Clear,clear sky,0
Ludas,47.723889,20.095556,2026-09-30 01:03:20.104159,12.36,11.32,12.36,12.36,1029,64,3.44,53,0,0.0,Clear,clear sky,0
Nagyút,47.72666666666667,20.161388888888887,2026-09-30 01:03:21.360540,12.31,11.29,12.31,12.31,1029,65,3.4,51,0,0.0,Clear,clear sky,0
Kál-Kápolna,47.734167,20.254167,2026-09-30 01:03:22.608015,12.29,11.32,12.29,12.29,1029,67,3.27,53,0,0.0,Clear,clear sky,0
Füzesabony,47.751389,20.415278,2026-09-30 01:03:23.858724,12.33,11.39,12.33,12.33,1029,68,3.73,62,0,0.0,Clear,clear sky,0
Szihalom,47.766944,20.491944,2026-09-30 01:03:25.086820,12.28,11.34,12.28,12.28,1029,68,3.89,62,0,0.0,Clear,clear sky,0
Mezőkövesd,47.797222,20.5675,2026-09-30 01:03:26.345709,12.35,11.47,12.35,12.35,1029,70,3.79,52,0,0.0,Clear,clear sky,0
Mezőkövesd felső,47.807222,20.591389,2026-09-30 01:03:27.593794,13.61,12.85,13.61,15.81,1029,70,3.79,52,0,0.0,Clear,clear sky,0
Mezőkeresztes-Mezőnyárád,47.845556,20.670278,2026-09-30 01:03:28.844682,13.61,12.91,13.61,15.81,1029,72,4.11,35,0,0.0,Clear,clear sky,0
Csincse,47.890833,20.764167,2026-09-30 01:03:30.091134,13.63,12.98,13.63,15.83,1029,74,3.78,22,0,0.0,Clear,clear sky,0
Emőd,47.930556,20.822778,2026-09-30 01:03:31.312653,13.65,13.68,13.65,15.85,1030,100,3.33,13,0,0.0,Clear,clear sky,0
Nyékládháza,47.9925,20.840556,2026-09-30 01:03:32.560170,13.67,13.7,13.67,15.88,1030,100,2.48,1,0,0.0,Clear,clear sky,0
Miskolc-Tiszai,48.098611,20.811389,2026-09-30 01:03:33.812373,13.6,13.63,13.6,15.8,1030,100,0.82,356,0,0.0,Clear,clear sky,0
Felsőzsolca,48.083611,20.866111,2026-09-30 01:03:35.056653,13.62,13.65,13.62,15.82,1030,100,0.85,14,0,0.0,Clear,clear sky,0
Hernádnémeti-Bőcs,48.051389,20.985,2026-09-30 01:03:36.307757,13.62,13.02,13.62,13.62,1030,76,1.82,54,0,0.0,Clear,clear sky,0
Tiszalúc,48.039722,21.0575,2026-09-30 01:03:37.523088,13.67,13.02,13.67,13.67,1030,74,2.92,64,0,0.0,Clear,clear sky,0
Taktaharkány,48.091667,21.128611,2026-09-30 01:03:38.769662,12.31,11.5,12.31,12.31,1030,73,3.58,72,0,0.0,Clear,clear sky,0
Taktaszada,48.1125,21.149444,2026-09-30 01:03:40.017004,12.29,11.48,12.29,12.29,1030,73,3.92,75,0,0.0,Clear,clear sky,0
Szerencs,48.155556,21.214444,2026-09-30 01:03:41.258973,12.32,11.49,12.32,12.32,1030,72,4.4,78,0,0.0,Clear,clear sky,0
Mezőzombor,48.156944,21.267778,2026-09-30 01:03:42.507339,12.24,11.4,12.24,12.24,1030,72,4.34,75,0,0.0,Clear,clear sky,0
Tarcal,48.125,21.34,2026-09-30 01:03:43.731697,12.36,11.58,12.36,12.36,1030,74,4.18,60,0,0.0,Clear,clear sky,0
Tokaj,48.112778,21.406667,2026-09-30 01:03:44.984202,11.78,11.0,11.78,11.78,1030,76,3.88,47,0,0.0,Clear,clear sky,0
Rakamaz,48.12,21.475,2026-09-30 01:03:46.231858,12.29,11.59,12.29,12.29,1030,77,3.8,43,0,0.0,Clear,clear sky,0
Görögszállás,48.04,21.555,2026-09-30 01:03:47.472501,12.26,11.5,12.26,12.26,1030,75,3.37,48,0,0.0,Clear,clear sky,0
Nyírtelek,48.005,21.615556,2026-09-30 01:03:48.683063,12.24,11.43,12.24,12.24,1030,73,2.95,62,0,0.0,Clear,clear sky,0
Rákoshegy,47.468611,19.245556,2026-09-30 01:03:49.917000,15.87,14.84,14.12,15.97,1029,51,3.6,80,0,0.0,Clear,clear sky,0
Ecser,47.439444,19.318056,2026-09-30 01:03:51.172864,15.93,14.83,14.16,16.02,1029,48,3.6,80,0,0.0,Clear,clear sky,0
Maglód,47.438889,19.340833,2026-09-30 01:03:52.425793,15.86,14.75,14.11,15.96,1029,48,3.6,80,0,0.0,Clear,clear sky,0
Maglódi nyaraló,47.434167,19.363611,2026-09-30 01:03:53.668090,15.74,14.62,14.01,15.86,1029,48,3.6,80,0,0.0,Clear,clear sky,0
Gyömrő,47.429722,19.393333,2026-09-30 01:03:54.883623,15.82,14.71,13.97,15.82,1029,48,3.6,80,0,0.0,Clear,clear sky,0
Mende,47.426944,19.439722,2026-09-30 01:03:56.106630,15.78,14.67,13.93,15.79,1029,48,3.6,80,0,0.0,Clear,clear sky,0
Szőlősnyaraló,47.450278,19.561111,2026-09-30 01:03:57.360329,16.02,15.48,16.02,16.02,1029,69,2.65,65,0,0.0,Clear,clear sky,0
Sülysáp,47.451944,19.5275,2026-09-30 01:03:58.608617,16.0,15.41,16.0,16.0,1029,67,3.02,70,0,0.0,Clear,clear sky,0
Tápiószecső,47.443056,19.614722,2026-09-30 01:03:59.850754,16.1,15.57,16.1,16.1,1029,69,2.48,63,0,0.0,Clear,clear sky,0
Szentmártonkáta,47.431944,19.680556,2026-09-30 01:04:01.068971,12.24,11.37,12.24,12.24,1029,71,2.26,63,0,0.0,Clear,clear sky,0
Nagykáta,47.409722,19.737778,2026-09-30 01:04:02.294795,12.14,11.29,12.14,12.14,1029,72,2.16,64,0,0.0,Clear,clear sky,0
Farmos,47.355278,19.8375,2026-09-30 01:04:03.541155,11.86,11.03,11.86,11.86,1029,74,1.95,70,0,0.0,Clear,clear sky,0
Tápiószele,47.346313,19.873504,2026-09-30 01:04:04.794045,11.75,10.94,11.75,11.75,1029,75,1.95,70,0,0.0,Clear,clear sky,0
Tápiógyörgye,47.325,19.95,2026-09-30 01:04:06.036453,11.99,11.18,11.99,11.99,1029,74,2.0,69,0,0.0,Clear,clear sky,0
Újszász,47.285833,20.066944,2026-09-30 01:04:07.243982,11.01,10.1,11.01,11.01,1029,74,1.91,69,0,0.0,Clear,clear sky,0
Szurdokpüspöki,47.851944,19.690278,2026-09-30 01:04:08.471914,12.26,11.24,12.26,12.26,1029,65,1.61,74,0,0.0,Clear,clear sky,0
Lőrinci,47.739444,19.673611,2026-09-30 01:04:09.719405,12.53,11.54,12.53,12.53,1029,65,2.26,128,0,0.0,Clear,clear sky,0
Selyp,47.759167,19.670833,2026-09-30 01:04:10.977917,12.49,11.49,12.49,12.49,1029,65,2.04,125,0,0.0,Clear,clear sky,0
Apc-Zagyvaszántó,47.791328,19.66822,2026-09-30 01:04:12.219990,12.47,11.47,12.47,12.47,1029,65,1.79,117,0,0.0,Clear,clear sky,0
Pásztó,47.918889,19.688889,2026-09-30 01:04:13.433493,12.03,11.01,12.03,12.03,1029,66,1.87,63,0,0.0,Clear,clear sky,0
Mátraszőlős-Hasznos,47.938506,19.706122,2026-09-30 01:04:14.649960,11.95,10.92,11.95,11.95,1029,66,2.05,64,0,0.0,Clear,clear sky,0
Tar,47.956111,19.746389,2026-09-30 01:04:15.900170,11.45,10.4,11.45,11.45,1029,67,2.16,75,0,0.0,Clear,clear sky,0
Mátraverebély,47.968333,19.778611,2026-09-30 01:04:17.153382,11.22,10.15,11.22,11.22,1029,67,2.16,75,0,0.0,Clear,clear sky,0
Nagybátony,47.981111,19.82,2026-09-30 01:04:18.400098,11.43,10.27,11.43,11.43,1029,63,2.16,87,0,0.0,Clear,clear sky,0
Kisterenye,48.009444,19.831944,2026-09-30 01:04:19.609088,11.42,10.26,11.42,11.42,1029,63,2.19,96,0,0.0,Clear,clear sky,0
Kisterenye-Bányatelep,48.021389,19.831944,2026-09-30 01:04:20.828117,11.42,10.26,11.42,11.42,1029,63,2.19,96,0,0.0,Clear,clear sky,0
Salgótarján külső,48.089444,19.790833,2026-09-30 01:04:22.074629,11.15,10.02,11.15,11.15,1029,65,2.76,89,0,0.0,Clear,clear sky,0
Balatonfenyves GV,46.7125,17.479167,2026-09-30 01:04:23.326615,8.08,6.77,8.08,8.08,1028,79,2.22,69,0,0.0,Clear,clear sky,0
Várhegyalja,47.737778,18.366667,2026-09-30 01:04:24.570036,11.19,10.11,11.19,11.19,1028,67,3.36,115,0,0.0,Clear,clear sky,0
Imremajor,46.680556,17.499722,2026-09-30 01:04:25.789420,8.11,7.01,8.11,8.11,1028,79,1.98,74,0,0.0,Clear,clear sky,0
Rákospalota-Kertváros,47.578333,19.122778,2026-09-30 01:04:27.005785,15.22,14.29,14.37,16.22,1029,57,3.6,80,0,0.0,Clear,clear sky,0
Vicziántelep,47.675833,19.286111,2026-09-30 01:04:28.247880,13.83,12.84,13.81,15.67,1029,60,0.126,330,0,0.0,Clear,clear sky,0
Pálmajor,46.662831,17.457526,2026-09-30 01:04:29.498649,8.1,7.25,8.1,8.1,1028,80,1.72,80,0,0.0,Clear,clear sky,0
Somogyszentpál felső,46.649758,17.471404,2026-09-30 01:04:30.739501,8.07,7.19,8.07,8.07,1028,79,1.74,82,0,0.0,Clear,clear sky,0
Somogyszentpál,46.638611,17.478611,2026-09-30 01:04:31.955254,8.06,7.35,8.06,8.06,1028,79,1.58,90,0,0.0,Clear,clear sky,0
Rudnaykert,47.7175,19.257778,2026-09-30 01:04:33.174509,14.18,13.22,14.18,15.31,1029,60,0.126,330,0,0.0,Clear,clear sky,0
Maroshegy,47.158333,18.406667,2026-09-30 01:04:34.433188,12.02,11.03,12.02,12.02,1028,67,1.58,57,0,0.0,Clear,clear sky,0
Bánhida,47.573703,18.371737,2026-09-30 01:04:35.678500,11.8,10.73,11.8,11.8,1028,65,3.29,120,0,0.0,Clear,clear sky,0
Magyarkút,47.850278,19.045,2026-09-30 01:04:36.930829,10.87,9.76,10.87,14.05,1029,67,1.9,63,0,0.0,Clear,clear sky,0
Becske alsó,47.897222,19.364722,2026-09-30 01:04:38.138750,11.16,10.05,11.16,11.16,1029,66,1.09,32,0,0.0,Clear,clear sky,0
Hosszúberek-Péteri,47.370556,19.389722,2026-09-30 01:04:39.361672,16.1,15.02,15.38,16.1,1029,48,3.6,80,0,0.0,Clear,clear sky,0
Monorierdő,47.308889,19.499167,2026-09-30 01:04:40.616458,16.01,15.36,16.01,16.01,1029,65,3.33,69,0,0.0,Clear,clear sky,0
Ceglédbercel,47.215833,19.658611,2026-09-30 01:04:41.873992,12.16,11.26,12.16,12.16,1028,70,2.74,66,0,0.0,Clear,clear sky,0
Budai út,47.208333,19.731389,2026-09-30 01:04:43.117166,12.07,11.21,12.07,12.07,1028,72,2.5,63,0,0.0,Clear,clear sky,0
Büdöskútpuszta,48.373056,20.726111,2026-09-30 01:04:44.329892,11.72,10.93,11.72,11.72,1029,76,2.85,42,0,0.0,Clear,clear sky,0
Bánrévei Vízmű,48.282778,20.368333,2026-09-30 01:04:45.546592,15.58,15.07,11.7,15.58,1029,72,2.52,73,0,0.0,Clear,clear sky,0
Rákoskert,47.456389,19.296111,2026-09-30 01:04:46.793864,15.79,14.76,14.03,15.89,1029,51,3.6,80,0,0.0,Clear,clear sky,0
Szirmabesenyő,48.146944,20.783056,2026-09-30 01:04:48.048703,13.52,13.54,13.52,15.73,1028,100,0.26,62,0,0.0,Clear,clear sky,0
Kitérőgyár,47.766944,19.935278,2026-09-30 01:04:49.292893,11.93,10.8,11.93,11.93,1029,62,3.55,70,0,0.0,Clear,clear sky,0
Tápiószentmárton,47.373333,19.797778,2026-09-30 01:04:50.503733,11.97,11.18,11.97,11.97,1028,75,1.97,70,0,0.0,Clear,clear sky,0
Zagyvarékas,47.244229,20.097435,2026-09-30 01:04:51.719463,11.01,10.02,11.01,11.01,1028,71,1.03,70,0,0.0,Clear,clear sky,0
Abonyi út,47.206401,20.125204,2026-09-30 01:04:52.968900,11.01,10.02,11.01,11.01,1028,71,1.03,70,0,0.0,Clear,clear sky,0
Jászkisér felső,47.438056,20.202222,2026-09-30 01:04:54.224719,10.56,9.53,10.56,10.56,1029,71,2.41,60,0,0.0,Clear,clear sky,0
Szellőhát,47.425556,20.188889,2026-09-30 01:04:55.470677,12.43,11.58,12.43,12.43,1029,71,2.4,62,0,0.0,Clear,clear sky,0
Szilvásvárad-Szalajkavölgy,48.0956,20.38272,2026-09-30 01:04:56.683496,13.89,12.85,10.27,14.14,1028,58,2.26,72,0,0.0,Clear,clear sky,0
Vásárosnamény külső,48.084444,22.255556,2026-09-30 01:04:57.902020,11.8,10.94,11.8,11.8,1030,73,3.23,104,0,0.0,Clear,clear sky,0
Újváros,46.660556,20.536111,2026-09-30 01:04:59.150264,15.55,14.39,15.55,15.55,1028,47,2.05,115,0,0.0,Clear,clear sky,0
Városi park,46.697778,19.864722,2026-09-30 01:05:00.408330,10.1,8.92,10.1,10.76,1028,67,1.85,107,0,0.0,Clear,clear sky,0
Belsőkamaráspuszta,46.341944,20.848889,2026-09-30 01:05:01.650246,16.7,16.15,16.7,16.7,1029,66,3.1,112,0,0.0,Clear,clear sky,0
Sajószöged,47.945278,20.981667,2026-09-30 01:05:02.858301,13.72,13.13,13.72,13.72,1029,76,2.54,41,0,0.0,Clear,clear sky,0
Kazincbarcika alsó,48.255278,20.649167,2026-09-30 01:05:04.081063,13.49,12.91,13.49,15.69,1028,77,1.57,95,0,0.0,Clear,clear sky,0
Nyárjas,46.857778,19.923611,2026-09-30 01:05:05.334881,10.05,8.96,10.05,10.71,1028,71,1.54,60,0,0.0,Clear,clear sky,0
Pogonyipuszta,48.296389,20.381667,2026-09-30 01:05:06.582433,15.54,15.03,15.54,15.54,1029,72,2.52,73,0,0.0,Clear,clear sky,0
Sióvölgy,46.911103,18.076964,2026-09-30 01:05:07.822953,11.86,10.98,11.86,11.86,1028,72,2.34,43,0,0.0,Clear,clear sky,0
Répáspuszta,46.430278,17.847222,2026-09-30 01:05:09.031095,10.99,10.1,10.99,10.99,1028,75,1.97,87,0,0.0,Clear,clear sky,0
Virányos,48.066667,21.527222,2026-09-30 01:05:10.249855,12.19,11.5,12.19,12.19,1029,78,3.47,45,0,0.0,Clear,clear sky,0
Füzesbokor,47.988611,21.6475,2026-09-30 01:05:11.497403,12.21,11.44,12.21,12.21,1030,75,3.06,71,0,0.0,Clear,clear sky,0
Kunfehértó,46.355833,19.417222,2026-09-30 01:05:12.751363,12.12,11.19,12.12,12.12,1028,69,2.12,113,0,0.0,Clear,clear sky,0
Erdőszél,46.329444,19.395,2026-09-30 01:05:13.993079,11.99,11.05,11.99,11.99,1028,69,2.25,120,0,0.0,Clear,clear sky,0
Jánoshalma,46.293056,19.330278,2026-09-30 01:05:15.203968,12.1,11.17,12.1,12.1,1028,69,2.19,123,0,0.0,Clear,clear sky,0
Mélykút,46.213056,19.370556,2026-09-30 01:05:16.418985,12.15,11.25,12.15,12.15,1027,70,2.08,119,0,0.0,Clear,clear sky,0
Bácsalmás,46.118056,19.346389,2026-09-30 01:05:17.665424,12.16,11.29,12.16,12.16,1027,71,2.08,113,0,0.0,Clear,clear sky,0
Almás,46.116216,19.328803,2026-09-30 01:05:18.917157,12.16,11.29,12.16,12.16,1027,71,2.08,113,0,0.0,Clear,clear sky,0
Bácsbokod-Bácsborsód,46.115833,19.16,2026-09-30 01:05:20.157496,12.03,11.17,12.03,12.03,1027,72,2.22,112,0,0.0,Clear,clear sky,0
Baja,46.187014,18.957602,2026-09-30 01:05:21.369601,12.07,11.24,12.07,12.07,1028,73,1.08,113,0,0.0,Clear,clear sky,0
Harkakötöny,46.458333,19.601944,2026-09-30 01:05:22.587062,16.51,15.99,16.51,16.51,1028,68,1.82,107,0,0.0,Clear,clear sky,0
Tajó,46.473056,19.650556,2026-09-30 01:05:23.834235,16.55,16.04,16.55,16.55,1028,68,1.79,107,0,0.0,Clear,clear sky,0
Kiskunmajsa,46.501667,19.728056,2026-09-30 01:05:25.091477,16.59,16.05,16.59,16.59,1028,67,1.77,110,0,0.0,Clear,clear sky,0
Jászszentlászló,46.565833,19.753611,2026-09-30 01:05:26.344625,12.39,11.43,12.39,12.39,1028,67,1.83,112,0,0.0,Clear,clear sky,0
Galambos,46.625,19.801111,2026-09-30 01:05:27.553449,15.47,14.82,15.47,15.47,1028,67,1.86,110,0,0.0,Clear,clear sky,0
Pestszentimre,47.402222,19.188611,2026-09-30 01:05:28.769987,15.91,14.94,14.29,16.18,1029,53,3.6,80,0,0.0,Clear,clear sky,0
Gyál felső,47.390278,19.204722,2026-09-30 01:05:30.017678,15.93,14.94,14.3,16.19,1029,52,3.6,80,0,0.0,Clear,clear sky,0
Gyál,47.376667,19.219444,2026-09-30 01:05:31.272125,16.13,15.13,15.5,16.21,1029,51,3.6,80,0,0.0,Clear,clear sky,0
Ócsa,47.301389,19.232222,2026-09-30 01:05:32.511697,16.14,15.06,15.51,16.23,1029,48,3.6,80,0,0.0,Clear,clear sky,0
Inárcs-Kakucs,47.247222,19.317778,2026-09-30 01:05:33.722998,16.23,15.55,16.23,16.23,1029,63,2.98,76,0,0.0,Clear,clear sky,0
Dabas,47.194722,19.328889,2026-09-30 01:05:34.948016,16.24,15.59,16.24,16.24,1029,64,2.91,76,0,0.0,Clear,clear sky,0
Gyón,47.178333,19.355556,2026-09-30 01:05:36.196966,16.21,15.58,16.21,16.21,1029,65,2.85,77,0,0.0,Clear,clear sky,0
Hernád,47.161389,19.4025,2026-09-30 01:05:37.462967,12.35,11.36,12.35,12.35,1029,66,3.14,75,0,0.0,Clear,clear sky,0
Bakonygyirót,47.416389,17.811944,2026-09-30 01:05:38.722091,6.59,4.18,6.59,9.71,1028,68,3.37,135,0,0.0,Clear,clear sky,0
Vinye,47.360317,17.819635,2026-09-30 01:05:39.954692,9.03,7.21,5.91,9.03,1028,68,3.24,137,0,0.0,Clear,clear sky,0
Nemesgörzsöny,47.402924,17.376385,2026-09-30 01:05:41.173665,10.16,9.22,10.16,14.92,1027,76,1.03,0,0,0.0,Clear,clear sky,0
Rábahíd,47.438618,17.337525,2026-09-30 01:05:42.380719,10.15,9.21,10.15,14.91,1028,76,1.03,0,0,0.0,Clear,clear sky,0
Öskü,47.162222,18.076389,2026-09-30 01:05:43.642267,11.37,10.34,11.37,11.37,1028,68,1.02,31,0,0.0,Clear,clear sky,0
Márkó,47.1275,17.813889,2026-09-30 01:05:44.885919,10.46,9.36,10.46,10.46,1028,69,1.86,83,0,0.0,Clear,clear sky,0
Nemeskocs,47.203333,17.188889,2026-09-30 01:05:46.092996,10.11,9.06,10.11,10.11,1027,72,2.28,162,0,0.0,Clear,clear sky,0
Zalagyömörő,47.011111,17.220833,2026-09-30 01:05:47.310660,11.47,10.63,11.47,11.47,1028,75,2.46,143,0,0.0,Clear,clear sky,0
Rigács,47.061667,17.199167,2026-09-30 01:05:48.522971,11.46,10.62,11.46,11.46,1028,75,2.37,146,0,0.0,Clear,clear sky,0
Kemenespálfa,47.139722,17.183056,2026-09-30 01:05:49.775722,11.65,10.78,11.65,11.65,1028,73,2.23,154,0,0.0,Clear,clear sky,0
Lentiszombathely,46.611389,16.5725,2026-09-30 01:05:51.017261,11.1,10.46,11.1,11.1,1027,84,0.94,121,0,0.0,Clear,clear sky,0
Ortaháza,46.626667,16.685833,2026-09-30 01:05:52.229441,10.88,10.19,10.88,10.88,1028,83,1.7,108,0,0.0,Clear,clear sky,0
Rádiháza,46.654722,16.765833,2026-09-30 01:05:53.447944,10.82,10.12,10.82,10.82,1028,83,2.11,108,0,0.0,Clear,clear sky,0
Baktüttös,46.690833,16.826389,2026-09-30 01:05:54.655726,7.6,6.16,7.6,7.6,1028,83,2.27,110,0,0.0,Clear,clear sky,0
Budafa,46.851667,16.624722,2026-09-30 01:05:55.910283,11.18,10.52,11.18,11.18,1028,83,1.94,129,0,0.0,Clear,clear sky,0
Zalapatakalja,46.845556,16.603889,2026-09-30 01:05:57.155102,11.19,10.53,11.19,11.19,1027,83,1.9,128,0,0.0,Clear,clear sky,0
Tormásliget,47.430556,16.781667,2026-09-30 01:05:58.373674,11.94,10.99,11.94,11.94,1027,69,2.23,201,0,0.0,Clear,clear sky,0
Belecska,46.64,18.411389,2026-09-30 01:05:59.591863,11.83,10.95,11.83,11.83,1028,72,1.81,85,0,0.0,Clear,clear sky,0
Almár,47.956111,20.356944,2026-09-30 01:06:00.819227,14.17,13.05,11.47,15.35,1028,54,1.42,51,0,0.0,Clear,clear sky,0
Vasútmúzeum,47.543889,19.099444,2026-09-30 01:06:02.065986,15.58,14.66,14.33,16.23,1029,56,3.6,80,0,0.0,Clear,clear sky,0
Abda,47.690833,17.540556,2026-09-30 01:06:03.305857,14.97,13.93,7.09,14.97,1028,54,2.91,113,0,0.0,Clear,clear sky,0
Vadaspark,47.526111,18.949167,2026-09-30 01:06:04.518685,13.61,12.51,12.53,14.42,1028,57,0.86,37,0,0.0,Clear,clear sky,0
Barosstelep,47.398889,18.989167,2026-09-30 01:06:05.740685,15.77,14.86,15.57,16.29,1029,56,0.86,37,0,0.0,Clear,clear sky,0
Fegyvernek-Örményes,47.194444,20.5575,2026-09-30 01:06:06.951872,11.02,10.03,11.02,11.02,1029,71,1.59,63,0,0.0,Clear,clear sky,0
Zagyvapálfalva,48.068889,19.785,2026-09-30 01:06:08.201348,11.14,9.98,11.14,11.14,1029,64,2.58,93,0,0.0,Clear,clear sky,0
Salgótarján,48.105556,19.807222,2026-09-30 01:06:09.443927,11.01,9.86,11.01,11.01,1029,65,2.95,84,0,0.0,Clear,clear sky,0
Szabadisóstó,46.933889,18.118056,2026-09-30 01:06:10.658234,11.88,10.98,11.88,11.88,1028,71,2.46,43,0,0.0,Clear,clear sky,0
Siófok,46.907778,18.053889,2026-09-30 01:06:11.877374,11.86,10.98,11.86,11.86,1028,72,2.34,43,0,0.0,Clear,clear sky,0
Balatonszéplak felső,46.898056,18.018056,2026-09-30 01:06:13.095363,11.73,10.86,11.73,11.73,1028,73,2.3,46,0,0.0,Clear,clear sky,0
Balatonszéplak alsó,46.891944,17.993333,2026-09-30 01:06:14.346879,11.81,10.95,11.81,11.81,1028,73,2.38,47,0,0.0,Clear,clear sky,0
Zamárdi felső,46.886111,17.969444,2026-09-30 01:06:15.604305,11.79,10.93,11.79,11.79,1028,73,2.46,48,0,0.0,Clear,clear sky,0
Zamárdi,46.88,17.944722,2026-09-30 01:06:16.811536,11.79,10.93,11.79,11.79,1028,73,2.46,48,0,0.0,Clear,clear sky,0
Szántód,46.861944,17.899167,2026-09-30 01:06:18.029677,11.73,10.89,11.73,11.73,1028,74,2.55,54,0,0.0,Clear,clear sky,0
Szőny-Déli,47.735278,18.141944,2026-09-30 01:06:19.241209,7.12,5.56,7.12,12.84,1028,67,2.31,122,0,0.0,Clear,clear sky,0
Várpalota,47.194444,18.149167,2026-09-30 01:06:20.489942,11.18,10.13,11.18,11.18,1028,68,0.78,46,0,0.0,Clear,clear sky,0
Pétfürdő,47.1675,18.121389,2026-09-30 01:06:21.728784,11.57,10.56,11.57,11.57,1028,68,0.86,32,0,0.0,Clear,clear sky,0
Hajmáskér,47.141111,18.009444,2026-09-30 01:06:22.946504,11.11,10.05,11.11,11.11,1028,68,1.04,38,0,0.0,Clear,clear sky,0
Veszprém,47.118889,17.91,2026-09-30 01:06:24.170868,11.0,9.96,11.0,11.0,1028,69,1.36,63,0,0.0,Clear,clear sky,0
Herend,47.136944,17.760278,2026-09-30 01:06:25.385013,10.37,9.26,10.37,10.37,1028,69,2.14,88,0,0.0,Clear,clear sky,0
Városlőd,47.144167,17.652778,2026-09-30 01:06:26.632847,8.98,7.03,8.98,8.98,1028,68,3.45,106,0,0.0,Clear,clear sky,0
Városlőd-Kislőd,47.133889,17.631111,2026-09-30 01:06:27.889522,9.09,7.26,9.09,9.09,1028,69,3.28,102,0,0.0,Clear,clear sky,0
Ajka,47.105902,17.572938,2026-09-30 01:06:29.097023,9.39,7.58,9.39,9.39,1028,69,3.35,108,0,0.0,Clear,clear sky,0
Ajka-Gyártelep,47.096806,17.555219,2026-09-30 01:06:30.309629,9.44,7.64,9.44,9.44,1028,69,3.35,108,0,0.0,Clear,clear sky,0
Devecser,47.1125,17.435278,2026-09-30 01:06:31.534673,9.84,8.14,9.84,9.84,1028,70,3.32,120,0,0.0,Clear,clear sky,0
Somlóvásárhely,47.124444,17.369167,2026-09-30 01:06:33.045195,9.95,8.77,9.95,9.95,1028,71,2.49,133,0,0.0,Clear,clear sky,0
Tüskevár,47.128611,17.331389,2026-09-30 01:06:34.326724,9.99,8.94,9.99,9.99,1028,71,2.32,137,0,0.0,Clear,clear sky,0
Karakószörcsök,47.133611,17.287778,2026-09-30 01:06:35.555433,11.61,10.71,11.61,11.61,1028,72,2.24,142,0,0.0,Clear,clear sky,0
Kerta,47.151944,17.237222,2026-09-30 01:06:36.853052,11.72,10.83,11.72,11.72,1027,72,2.22,155,0,0.0,Clear,clear sky,0
Boba,47.183333,17.191389,2026-09-30 01:06:38.144299,11.72,10.83,11.72,11.72,1027,72,2.28,159,0,0.0,Clear,clear sky,0
Börgönd,47.140278,18.515,2026-09-30 01:06:39.643375,12.04,11.0,12.04,12.04,1028,65,2.02,74,0,0.0,Clear,clear sky,0
Belsőbáránd,47.102778,18.499722,2026-09-30 01:06:40.895043,11.93,10.9,11.93,11.93,1028,66,1.79,69,0,0.0,Clear,clear sky,0
Zichyújfalu,47.124444,18.6725,2026-09-30 01:06:42.107953,12.21,11.16,12.21,12.21,1028,64,2.44,76,0,0.0,Clear,clear sky,0
Seregélyes,47.121111,18.580556,2026-09-30 01:06:43.332957,12.23,11.21,12.23,12.23,1028,65,2.15,75,0,0.0,Clear,clear sky,0
Polgárdi-Ipartelepek,47.079167,18.314444,2026-09-30 01:06:44.549626,11.5,10.48,11.5,11.5,1028,68,1.51,35,0,0.0,Clear,clear sky,0
Polgárdi,47.07,18.284167,2026-09-30 01:06:45.802499,11.5,10.48,11.5,11.5,1028,68,1.51,35,0,0.0,Clear,clear sky,0
Füle,47.05,18.255278,2026-09-30 01:06:47.042955,11.45,10.43,11.45,11.45,1028,68,1.69,35,0,0.0,Clear,clear sky,0
Zánka-Erzsébettábor,46.8775,17.709167,2026-09-30 01:06:48.252918,11.65,10.83,11.65,11.65,1028,75,3.28,64,0,0.0,Clear,clear sky,0
Csajág,47.033889,18.186389,2026-09-30 01:06:49.470035,11.58,10.6,11.58,11.58,1028,69,2.32,34,0,0.0,Clear,clear sky,0
Balatonakarattya,47.017222,18.167778,2026-09-30 01:06:50.681207,11.58,10.6,11.58,11.58,1028,69,2.32,34,0,0.0,Clear,clear sky,0
Csittényhegy,47.025278,18.1375,2026-09-30 01:06:51.939020,11.8,10.84,11.8,11.8,1028,69,2.34,32,0,0.0,Clear,clear sky,0
Balatonkenese,47.0325,18.105556,2026-09-30 01:06:53.179413,11.89,10.94,11.89,11.89,1028,69,2.21,30,0,0.0,Clear,clear sky,0
Balatonfűzfő,47.060278,18.0425,2026-09-30 01:06:54.388208,11.57,10.58,11.57,11.57,1028,69,1.66,24,0,0.0,Clear,clear sky,0
Balatonalmádi,47.028333,18.015,2026-09-30 01:06:55.605279,11.77,10.8,11.77,11.77,1028,69,1.79,27,0,0.0,Clear,clear sky,0
Káptalanfüred,47.008889,18.003889,2026-09-30 01:06:56.814187,10.88,9.85,10.88,10.88,1028,70,1.96,32,0,0.0,Clear,clear sky,0
Alsóörs,46.985278,17.974722,2026-09-30 01:06:58.078614,10.88,9.85,10.88,10.88,1028,70,1.96,32,0,0.0,Clear,clear sky,0
Csopak,46.974722,17.931111,2026-09-30 01:06:59.323467,11.19,10.19,11.19,11.19,1028,70,2.35,40,0,0.0,Clear,clear sky,0
Balatonarács,46.9625,17.8975,2026-09-30 01:07:00.536976,11.19,10.19,11.19,11.19,1028,70,2.35,40,0,0.0,Clear,clear sky,0
Balatonfüred,46.955833,17.883056,2026-09-30 01:07:01.753987,11.58,10.65,11.58,11.58,1028,71,2.64,44,0,0.0,Clear,clear sky,0
Aszófő,46.925556,17.8325,2026-09-30 01:07:02.976041,11.52,10.61,11.52,11.52,1028,72,2.91,50,0,0.0,Clear,clear sky,0
Örvényes,46.9125,17.818056,2026-09-30 01:07:04.226388,11.52,10.61,11.52,11.52,1028,72,2.91,50,0,0.0,Clear,clear sky,0
Balatonudvari,46.904722,17.808056,2026-09-30 01:07:05.472115,10.99,10.02,10.99,10.99,1028,72,3.07,54,0,0.0,Clear,clear sky,0
Fövenyes,46.893611,17.789444,2026-09-30 01:07:06.692258,11.61,10.73,11.61,11.61,1028,73,3.1,56,0,0.0,Clear,clear sky,0
Balatonakali-Dörgicse,46.88,17.747778,2026-09-30 01:07:07.912348,11.24,10.33,11.24,11.24,1028,73,3.22,59,0,0.0,Clear,clear sky,0
Zánka-Köveskál,46.872778,17.687778,2026-09-30 01:07:09.123725,11.25,10.39,11.25,11.25,1028,75,3.26,65,0,0.0,Clear,clear sky,0
Balatonszepezd,46.851111,17.663056,2026-09-30 01:07:10.374610,11.62,10.82,11.62,11.62,1028,76,3.24,65,0,0.0,Clear,clear sky,0
Szepezdfürdő,46.839722,17.649444,2026-09-30 01:07:11.626704,10.58,9.7,10.58,10.58,1028,77,3.2,65,0,0.0,Clear,clear sky,0
Révfülöp,46.829167,17.632222,2026-09-30 01:07:12.841734,10.58,9.7,10.58,10.58,1028,77,3.2,65,0,0.0,Clear,clear sky,0
Balatonrendes,46.824722,17.582778,2026-09-30 01:07:14.058281,11.17,10.35,11.17,11.17,1028,77,2.79,66,0,0.0,Clear,clear sky,0
Ábrahámhegy,46.815,17.572222,2026-09-30 01:07:15.296406,11.17,10.35,11.17,11.17,1028,77,2.79,66,0,0.0,Clear,clear sky,0
Badacsonyörs,46.805556,17.531667,2026-09-30 01:07:16.547066,11.4,10.61,11.4,11.4,1028,77,2.7,67,0,0.0,Clear,clear sky,0
Kisújszállás,47.223889,20.751111,2026-09-30 01:07:17.792280,12.69,11.87,12.69,12.69,1029,71,1.44,65,0,0.0,Clear,clear sky,0
Karcag,47.303333,20.928056,2026-09-30 01:07:19.001462,12.63,11.8,12.63,12.63,1029,71,1.21,75,0,0.0,Clear,clear sky,0
Püspökladány,47.3275,21.128889,2026-09-30 01:07:20.218359,12.67,11.82,12.67,12.67,1029,70,1.66,102,0,0.0,Clear,clear sky,0
Kaba,47.368889,21.259444,2026-09-30 01:07:21.446827,12.1,11.17,12.1,12.1,1029,69,1.86,107,0,0.0,Clear,clear sky,0
Hajdúszoboszló,47.429444,21.406944,2026-09-30 01:07:22.702032,12.09,11.08,12.09,12.09,1029,66,3.09,80,0,0.0,Clear,clear sky,0
Ebes,47.462778,21.488889,2026-09-30 01:07:23.940687,12.04,11.02,12.04,12.04,1029,66,3.09,80,0,0.0,Clear,clear sky,0
Debrecen,47.520278,21.628611,2026-09-30 01:07:25.150019,11.92,10.89,11.92,11.92,1029,66,3.09,80,0,0.0,Clear,clear sky,0
Debrecen-Csapókert,47.540556,21.648056,2026-09-30 01:07:26.366236,11.87,10.84,11.87,11.87,1029,66,3.09,80,0,0.0,Clear,clear sky,0
Apafa,47.584045,21.655858,2026-09-30 01:07:27.590632,11.83,10.79,11.83,11.83,1029,66,3.09,80,0,0.0,Clear,clear sky,0
Bocskaikert,47.6425,21.666389,2026-09-30 01:07:28.843699,11.76,10.71,11.76,11.76,1029,66,3.09,80,0,0.0,Clear,clear sky,0
Hajdúhadház,47.686944,21.679167,2026-09-30 01:07:30.131434,11.73,10.71,11.73,11.73,1029,67,3.8,106,0,0.0,Clear,clear sky,0
Téglás,47.714722,21.684722,2026-09-30 01:07:31.427575,11.8,10.79,11.8,11.8,1029,67,3.89,106,0,0.0,Clear,clear sky,0
Újfehértó,47.814444,21.706389,2026-09-30 01:07:32.659605,12.23,11.31,12.23,12.23,1029,69,3.82,101,0,0.0,Clear,clear sky,0
Nyíregyháza,47.946667,21.705556,2026-09-30 01:07:33.916121,12.21,11.37,12.21,12.21,1029,72,3.38,84,0,0.0,Clear,clear sky,0
Sóstó,47.998051,21.729047,2026-09-30 01:07:35.191460,12.14,11.34,12.14,12.14,1030,74,3.25,83,0,0.0,Clear,clear sky,0
Sóstóhegy,48.012222,21.742778,2026-09-30 01:07:37.487533,12.21,11.44,12.21,12.21,1030,75,3.1,79,0,0.0,Clear,clear sky,0
Kemecse,48.065556,21.801667,2026-09-30 01:07:38.701822,12.18,11.46,12.18,12.18,1030,77,2.9,78,0,0.0,Clear,clear sky,0
Nyírbogdány,48.082222,21.855278,2026-09-30 01:07:39.914679,12.14,11.42,12.14,12.14,1030,77,2.93,78,0,0.0,Clear,clear sky,0
Kék,48.093333,21.883889,2026-09-30 01:07:41.162003,12.16,11.44,12.16,12.16,1030,77,3.19,85,0,0.0,Clear,clear sky,0
Demecser,48.111667,21.926667,2026-09-30 01:07:42.388502,12.15,11.46,12.15,12.15,1030,78,3.22,86,0,0.0,Clear,clear sky,0
Gégény,48.128333,21.951944,2026-09-30 01:07:43.629885,12.1,11.4,12.1,12.1,1030,78,3.07,86,0,0.0,Clear,clear sky,0
Pátroha,48.158611,21.996667,2026-09-30 01:07:44.845833,12.09,11.42,12.09,12.09,1030,79,2.81,86,0,0.0,Clear,clear sky,0
Ajak,48.1865,22.048972,2026-09-30 01:07:46.056202,12.06,11.38,12.06,12.06,1030,79,2.56,86,0,0.0,Clear,clear sky,0
Kisvárda,48.208333,22.078333,2026-09-30 01:07:47.303361,12.04,11.36,12.04,12.04,1030,79,2.44,91,0,0.0,Clear,clear sky,0
Kisvárda-Hármasút,48.228333,22.091944,2026-09-30 01:07:48.552235,12.04,11.36,12.04,12.04,1030,79,2.44,91,0,0.0,Clear,clear sky,0
Fényeslitke,48.267222,22.107222,2026-09-30 01:07:49.795802,11.98,11.32,11.98,11.98,1030,80,2.26,90,0,0.0,Clear,clear sky,0
Komoró,48.305278,22.118056,2026-09-30 01:07:51.020212,12.01,11.36,12.01,12.01,1030,80,2.23,87,0,0.0,Clear,clear sky,0
Tuzsér,48.342222,22.131667,2026-09-30 01:07:52.232126,11.97,11.34,11.97,11.97,1030,81,2.26,82,0,0.0,Clear,clear sky,0
Tiszabezdéd,48.371389,22.145,2026-09-30 01:07:53.493053,11.98,11.32,11.98,11.98,1030,80,2.33,85,0,0.0,Clear,clear sky,0
Záhony,48.402222,22.183611,2026-09-30 01:07:54.723593,11.95,11.29,11.95,11.95,1030,80,2.31,87,0,0.0,Clear,clear sky,0
Karcag-Vásártér,47.3225,20.9075,2026-09-30 01:07:55.965898,10.56,9.53,10.56,10.56,1029,71,1.21,75,0,0.0,Clear,clear sky,0
Berekfürdő,47.374722,20.827222,2026-09-30 01:07:57.185941,10.55,9.54,10.55,10.55,1029,72,1.54,48,0,0.0,Clear,clear sky,0
Kunmadaras,47.415278,20.793056,2026-09-30 01:07:58.398926,10.54,9.61,10.54,10.54,1029,75,1.67,45,0,0.0,Clear,clear sky,0
Tiszaszentimre,47.490833,20.733056,2026-09-30 01:07:59.652297,10.55,9.62,10.55,10.55,1029,75,1.92,46,0,0.0,Clear,clear sky,0
Tiszaszőlős,47.555556,20.728056,2026-09-30 01:08:00.877608,10.55,9.62,10.55,10.55,1029,75,2.29,43,0,0.0,Clear,clear sky,0
Hosszúhát,47.235556,21.101944,2026-09-30 01:08:02.118760,12.74,11.9,12.74,12.74,1029,70,1.33,96,0,0.0,Clear,clear sky,0
Szerep,47.234444,21.145833,2026-09-30 01:08:03.340438,12.76,11.92,12.76,12.76,1029,70,1.33,96,0,0.0,Clear,clear sky,0
Sárrétudvari,47.231667,21.180833,2026-09-30 01:08:04.555254,12.76,11.92,12.76,12.76,1029,70,1.33,96,0,0.0,Clear,clear sky,0
Biharnagybajom,47.208889,21.221944,2026-09-30 01:08:05.806106,12.79,11.93,12.79,12.79,1029,69,1.26,98,0,0.0,Clear,clear sky,0
Füzesgyarmat,47.113056,21.194444,2026-09-30 01:08:07.036735,12.97,12.07,12.97,12.97,1029,67,0.86,126,0,0.0,Clear,clear sky,0
Füzesgyarmatfürdő,47.093787,21.201582,2026-09-30 01:08:08.277737,12.97,12.07,12.97,12.97,1029,67,0.86,126,0,0.0,Clear,clear sky,0
Báránd,47.299722,21.235278,2026-09-30 01:08:09.501239,12.71,11.84,12.71,12.71,1029,69,1.7,102,0,0.0,Clear,clear sky,0
Sáp,47.259722,21.360556,2026-09-30 01:08:10.714048,12.77,11.9,12.77,12.77,1029,69,1.61,100,0,0.0,Clear,clear sky,0
Berettyóújfalu,47.211944,21.535556,2026-09-30 01:08:11.964665,12.91,12.01,12.91,12.91,1029,67,1.58,105,0,0.0,Clear,clear sky,0
Mezőpeterd,47.176111,21.625278,2026-09-30 01:08:13.199641,14.17,13.37,14.17,14.28,1029,66,1.35,98,0,0.0,Clear,clear sky,0
Biharkeresztes,47.135556,21.721389,2026-09-30 01:08:14.440426,14.14,13.15,14.14,14.25,1029,59,3.09,100,0,0.0,Clear,clear sky,0
Tócóvölgy,47.529444,21.588889,2026-09-30 01:08:15.660592,11.97,10.95,11.97,11.97,1029,66,3.09,80,0,0.0,Clear,clear sky,0
Sáregres,46.7825,18.588889,2026-09-30 01:08:16.874271,12.05,11.11,12.05,12.05,1028,69,1.81,85,0,0.0,Clear,clear sky,0
Simontornya,46.756582,18.540674,2026-09-30 01:08:18.121703,11.9,11.0,11.9,11.9,1028,71,1.65,80,0,0.0,Clear,clear sky,0
Tolnanémedi,46.727778,18.475833,2026-09-30 01:08:19.347522,11.94,11.04,11.94,11.94,1028,71,1.69,80,0,0.0,Clear,clear sky,0
Pincehely,46.681389,18.43,2026-09-30 01:08:20.616108,11.72,10.83,11.72,11.72,1028,72,1.68,76,0,0.0,Clear,clear sky,0
Keszőhidegkút-Gyönk,46.597778,18.426111,2026-09-30 01:08:21.844475,11.73,10.84,11.73,11.73,1028,72,1.84,88,0,0.0,Clear,clear sky,0
Szárazd,46.575556,18.420833,2026-09-30 01:08:23.064150,11.76,10.9,11.76,11.76,1028,73,1.87,90,0,0.0,Clear,clear sky,0
Regöly,46.568889,18.396111,2026-09-30 01:08:24.321408,11.76,10.9,11.76,11.76,1028,73,1.87,90,0,0.0,Clear,clear sky,0
Szakály-Hőgyész,46.523611,18.389444,2026-09-30 01:08:25.547610,11.64,10.77,11.64,11.64,1028,73,1.95,92,0,0.0,Clear,clear sky,0
Dúzs,46.493889,18.377222,2026-09-30 01:08:26.787227,11.69,10.82,11.69,11.69,1028,73,2.06,93,0,0.0,Clear,clear sky,0
Csibrák,46.466667,18.336389,2026-09-30 01:08:28.011504,11.73,10.84,11.73,11.73,1028,72,2.2,92,0,0.0,Clear,clear sky,0
Kurd,46.449167,18.319167,2026-09-30 01:08:29.219894,11.42,10.5,11.42,11.42,1028,72,2.35,94,0,0.0,Clear,clear sky,0
Döbrököz,46.418889,18.255,2026-09-30 01:08:30.466382,11.67,10.77,11.67,11.67,1028,72,2.2,88,0,0.0,Clear,clear sky,0
Dombóvár,46.37,18.149722,2026-09-30 01:08:31.698246,11.56,10.68,11.56,11.56,1028,73,1.67,91,0,0.0,Clear,clear sky,0
Dombóvár alsó,46.363889,18.134167,2026-09-30 01:08:32.939526,11.56,10.68,11.56,11.56,1028,73,1.67,91,0,0.0,Clear,clear sky,0
Somoskőújfalu,48.154722,19.815556,2026-09-30 01:08:34.155497,10.51,9.34,10.51,10.51,1029,66,3.27,71,0,0.0,Clear,clear sky,0
Jászfényszaru,47.593056,19.754444,2026-09-30 01:08:35.364634,12.32,11.33,12.32,12.32,1029,66,2.69,90,0,0.0,Clear,clear sky,0
Pusztamonostor,47.564444,19.794167,2026-09-30 01:08:36.621809,12.29,11.32,12.29,12.29,1029,67,2.69,81,0,0.0,Clear,clear sky,0
Jászberény,47.494444,19.893333,2026-09-30 01:08:37.854529,12.29,11.4,12.29,12.29,1029,70,2.57,67,0,0.0,Clear,clear sky,0
Meggyespele,47.441944,19.938889,2026-09-30 01:08:39.096353,12.29,11.43,12.29,12.29,1028,71,2.42,63,0,0.0,Clear,clear sky,0
Portelek,47.418056,19.958889,2026-09-30 01:08:40.328580,12.26,11.42,12.26,12.26,1028,72,2.29,64,0,0.0,Clear,clear sky,0
Jászboldogháza-Jánoshida,47.366944,20.001389,2026-09-30 01:08:41.539523,12.24,11.43,12.24,12.24,1028,73,2.13,68,0,0.0,Clear,clear sky,0
Jászárokszállás,47.635556,19.971111,2026-09-30 01:08:42.788008,12.36,11.37,12.36,12.36,1029,66,3.27,76,0,0.0,Clear,clear sky,0
Jászdózsa,47.563056,20.028056,2026-09-30 01:08:44.018441,12.37,11.44,12.37,12.37,1029,68,2.99,64,0,0.0,Clear,clear sky,0
Jászapáti,47.513611,20.155,2026-09-30 01:08:45.274438,12.38,11.5,12.38,12.38,1029,70,2.53,60,0,0.0,Clear,clear sky,0
Jászkisér,47.456111,20.203333,2026-09-30 01:08:46.501449,10.57,9.54,10.57,10.57,1029,71,2.44,59,0,0.0,Clear,clear sky,0
Jászladány,47.373333,20.159167,2026-09-30 01:08:47.758600,11.01,10.05,11.01,11.01,1028,72,2.26,66,0,0.0,Clear,clear sky,0
Szászberek,47.320556,20.090833,2026-09-30 01:08:49.015192,11.01,10.05,11.01,11.01,1028,72,2.0,69,0,0.0,Clear,clear sky,0
Gyöngyöshalász,47.743056,19.932222,2026-09-30 01:08:50.227516,12.13,11.02,12.13,12.13,1029,62,3.63,73,0,0.0,Clear,clear sky,0
Gyöngyös,47.783056,19.937222,2026-09-30 01:08:51.475784,11.74,10.59,11.74,11.74,1029,62,3.64,66,0,0.0,Clear,clear sky,0
Erdőtelek,47.683333,20.3025,2026-09-30 01:08:52.694649,12.25,11.33,12.25,12.25,1029,69,3.52,58,0,0.0,Clear,clear sky,0
Heves,47.609444,20.306111,2026-09-30 01:08:53.950985,10.5,9.43,10.5,10.5,1029,70,3.14,59,0,0.0,Clear,clear sky,0
Hevesvezekény,47.562222,20.365833,2026-09-30 01:08:55.202219,10.54,9.61,10.54,10.54,1029,75,3.13,56,0,0.0,Clear,clear sky,0
Tarnaszentmiklós,47.546944,20.390833,2026-09-30 01:08:56.422842,10.55,9.62,10.55,10.55,1029,75,2.98,56,0,0.0,Clear,clear sky,0
Kisköre,47.495556,20.481667,2026-09-30 01:08:57.673506,10.57,9.64,10.57,10.57,1029,75,0.45,32,0,0.0,Clear,clear sky,0
Abádszalók,47.455278,20.553056,2026-09-30 01:08:58.904033,10.55,9.62,10.55,10.55,1029,75,0.45,32,0,0.0,Clear,clear sky,0
Kunhegyes,47.376667,20.641111,2026-09-30 01:09:00.156422,10.55,9.62,10.55,10.55,1029,75,1.82,49,0,0.0,Clear,clear sky,0
Kenderes,47.254444,20.686111,2026-09-30 01:09:01.408150,10.58,9.55,10.58,10.58,1029,71,1.63,59,0,0.0,Clear,clear sky,0
Maklár,47.808056,20.404722,2026-09-30 01:09:02.621765,15.69,15.12,15.69,15.69,1028,69,3.63,64,0,0.0,Clear,clear sky,0
Andornaktálya,47.852203,20.402295,2026-09-30 01:09:03.869687,15.63,15.05,11.75,15.63,1028,69,3.42,63,0,0.0,Clear,clear sky,0
Eger,47.891667,20.381667,2026-09-30 01:09:05.095420,15.0,14.36,11.66,15.54,1028,69,2.24,54,0,0.0,Clear,clear sky,0
Egervár,47.908056,20.380556,2026-09-30 01:09:06.353527,14.81,13.99,11.48,15.36,1028,63,2.11,54,0,0.0,Clear,clear sky,0
Eger-Felnémet,47.936667,20.370556,2026-09-30 01:09:07.620733,14.6,13.76,11.53,15.41,1028,63,2.02,54,0,0.0,Clear,clear sky,0
Szarvaskő,47.988611,20.3325,2026-09-30 01:09:08.831829,13.23,11.97,11.12,15.0,1028,52,1.41,53,0,0.0,Clear,clear sky,0
Mónosbél,48.031944,20.33,2026-09-30 01:09:10.071119,13.05,11.77,10.94,14.82,1028,52,1.57,57,0,0.0,Clear,clear sky,0
Bélapátfalva,48.055556,20.340556,2026-09-30 01:09:11.298984,13.08,11.83,10.65,14.53,1028,53,1.69,59,0,0.0,Clear,clear sky,0
Bélapátfalvi Cementgyár,48.058056,20.355,2026-09-30 01:09:12.559865,13.45,12.26,10.6,14.48,1028,54,1.69,59,0,0.0,Clear,clear sky,0
Szilvásvárad,48.11345,20.37919,2026-09-30 01:09:13.817007,14.02,12.99,10.47,14.35,1028,58,2.36,75,0,0.0,Clear,clear sky,0
Hejőkeresztúr,47.960278,20.869444,2026-09-30 01:09:15.033105,13.69,13.73,13.69,13.69,1028,100,2.67,9,0,0.0,Clear,clear sky,0
Tiszaújváros,47.926111,21.030556,2026-09-30 01:09:16.274320,12.33,11.6,12.33,12.33,1029,76,2.73,46,0,0.0,Clear,clear sky,0
Miskolc-Gömöri,48.106667,20.800278,2026-09-30 01:09:17.500899,13.58,13.6,13.58,15.78,1028,100,0.48,11,0,0.0,Clear,clear sky,0
Sajókeresztúr,48.168008,20.774014,2026-09-30 01:09:18.751994,13.53,13.55,13.53,15.73,1028,100,0.4,91,0,0.0,Clear,clear sky,0
Sajóecseg,48.186111,20.766667,2026-09-30 01:09:19.998057,13.57,13.59,13.57,15.77,1028,100,0.57,89,0,0.0,Clear,clear sky,0
Sajószentpéter,48.222222,20.708056,2026-09-30 01:09:21.206353,13.47,13.48,13.47,15.67,1028,100,0.82,89,0,0.0,Clear,clear sky,0
Kazincbarcika,48.264444,20.6275,2026-09-30 01:09:22.450875,13.48,12.87,13.48,15.68,1028,76,2.04,84,0,0.0,Clear,clear sky,0
Sajókaza,48.272778,20.581944,2026-09-30 01:09:23.674166,15.67,15.25,13.47,15.67,1028,75,2.32,86,0,0.0,Clear,clear sky,0
Vadna,48.276389,20.555278,2026-09-30 01:09:24.928360,15.65,15.23,13.45,15.65,1028,75,2.32,86,0,0.0,Clear,clear sky,0
Dubicsány,48.280833,20.504722,2026-09-30 01:09:26.176204,15.64,15.19,13.43,15.64,1028,74,2.56,90,0,0.0,Clear,clear sky,0
Raposka,46.851389,17.412778,2026-09-30 01:09:27.382479,8.06,6.7,8.06,8.06,1028,78,2.28,84,0,0.0,Clear,clear sky,0
Ivacs,47.641944,19.273889,2026-09-30 01:09:28.622287,15.6,14.81,15.13,15.85,1030,61,2.0,77,0,0.0,Clear,clear sky,0
Kisköre-Tiszahíd,47.480835,20.507698,2026-09-30 01:09:29.852439,10.55,9.62,10.55,10.55,1029,75,0.45,32,0,0.0,Clear,clear sky,0
Rozsály,47.912778,22.7825,2026-09-30 01:09:31.103591,11.14,10.06,11.14,12.03,1030,67,3.65,103,0,0.0,Clear,clear sky,0
Pusztakettős,47.453611,20.749722,2026-09-30 01:09:32.355336,10.55,9.62,10.55,10.55,1029,75,1.72,46,0,0.0,Clear,clear sky,0
Kisvác,47.795278,19.113611,2026-09-30 01:09:33.567856,14.3,13.35,11.15,14.3,1029,60,1.27,29,0,0.0,Clear,clear sky,0
Tiszafüred-Gyártelep,47.6075,20.736111,2026-09-30 01:09:34.810476,10.52,9.59,10.52,10.52,1029,75,2.72,39,0,0.0,Clear,clear sky,0
Újkenéz,48.251111,22.221667,2026-09-30 01:09:36.037483,11.9,11.16,11.9,11.9,1030,77,2.65,100,0,0.0,Clear,clear sky,0
Püspökladány-Vásártér,47.319167,21.096111,2026-09-30 01:09:37.287808,12.69,11.84,12.69,12.69,1029,70,1.6,100,0,0.0,Clear,clear sky,0
Végegyháza alsó,46.3675,20.866944,2026-09-30 01:09:38.535779,16.72,16.17,16.72,16.72,1029,66,3.07,111,0,0.0,Clear,clear sky,0
Orosháza felső,46.553611,20.655278,2026-09-30 01:09:39.745093,13.42,12.44,13.42,13.42,1028,62,2.28,112,0,0.0,Clear,clear sky,0
Ambrózfalva,46.353056,20.740556,2026-09-30 01:09:40.987370,13.63,12.75,13.63,13.63,1029,65,2.94,109,0,0.0,Clear,clear sky,0
Alsónyék,46.199444,18.738056,2026-09-30 01:09:42.209855,11.95,11.11,11.95,11.95,1028,73,0.5,51,0,0.0,Clear,clear sky,0
Tompapuszta,46.321389,20.966389,2026-09-30 01:09:43.460601,16.71,17.05,16.17,17.3,1029,100,3.03,116,0,0.0,Clear,clear sky,0
Halászlak,46.911879,20.56228,2026-09-30 01:09:44.710040,13.05,12.08,13.05,13.05,1028,64,1.33,87,0,0.0,Clear,clear sky,0
Sirató,46.840556,20.61,2026-09-30 01:09:45.921723,13.17,12.16,13.17,13.17,1028,62,1.73,108,0,0.0,Clear,clear sky,0
Csabacsűd felső,46.829167,20.649167,2026-09-30 01:09:47.166870,13.16,12.18,13.16,13.16,1028,63,1.79,108,0,0.0,Clear,clear sky,0
Orosháza-Üveggyár,46.579979,20.683644,2026-09-30 01:09:48.392399,13.4,12.41,13.4,13.4,1028,62,2.31,112,0,0.0,Clear,clear sky,0
Gyulai városerdő,46.69482,21.32281,2026-09-30 01:09:49.643148,12.75,11.75,12.75,12.75,1029,64,3.67,139,0,0.0,Clear,clear sky,0
Kórógyszentgyörgy,46.564377,20.224998,2026-09-30 01:09:50.888871,15.57,14.41,15.57,15.58,1028,47,2.01,114,0,0.0,Clear,clear sky,0
Kunszállás,46.784444,19.767222,2026-09-30 01:09:52.096672,10.04,8.95,10.04,10.7,1028,71,1.54,60,0,0.0,Clear,clear sky,0
Selymes,46.655321,19.8534,2026-09-30 01:09:53.336986,15.48,14.83,15.48,15.48,1028,67,1.87,109,0,0.0,Clear,clear sky,0
Petőfiszállási tanyák,46.587805,19.874509,2026-09-30 01:09:54.559962,15.52,14.82,15.52,16.68,1028,65,1.78,110,0,0.0,Clear,clear sky,0
Kisteleki szőlők,46.514199,19.92868,2026-09-30 01:09:55.806415,16.67,16.09,15.51,16.67,1028,65,1.75,112,0,0.0,Clear,clear sky,0
Kapitányság,46.435336,19.987564,2026-09-30 01:09:57.053804,16.69,15.88,16.69,16.69,1028,56,1.71,112,0,0.0,Clear,clear sky,0
Őszeszék,46.39025,20.016017,2026-09-30 01:09:58.261327,16.72,15.91,16.72,16.72,1028,56,1.6,111,0,0.0,Clear,clear sky,0
Vilmaszállás,46.366389,20.030833,2026-09-30 01:09:59.509392,16.7,15.89,16.7,16.7,1028,56,0.45,91,0,0.0,Clear,clear sky,0
Jánosszállás,46.334359,20.051199,2026-09-30 01:10:00.733043,16.73,15.92,16.73,16.73,1028,56,1.44,109,0,0.0,Clear,clear sky,0
Felsőpakony,47.343056,19.230556,2026-09-30 01:10:01.984792,16.17,15.1,15.53,16.25,1029,48,3.6,80,0,0.0,Clear,clear sky,0
Felsőméntelek,46.987074,19.557745,2026-09-30 01:10:03.244012,10.54,9.61,9.88,10.54,1029,75,1.54,60,0,0.0,Clear,clear sky,0
Alsóméntelek,46.961558,19.579121,2026-09-30 01:10:04.468206,10.57,9.64,9.91,10.57,1029,75,1.54,60,0,0.0,Clear,clear sky,0
Nagynyír,46.943319,19.585447,2026-09-30 01:10:05.714962,10.56,9.63,9.9,10.56,1029,75,1.54,60,0,0.0,Clear,clear sky,0
Úrihegy,46.917778,19.621389,2026-09-30 01:10:06.940272,10.59,9.66,9.93,10.59,1029,75,1.54,60,0,0.0,Clear,clear sky,0
Miklóstelep,46.913412,19.630913,2026-09-30 01:10:08.192959,10.6,9.67,9.94,10.6,1029,75,1.54,60,0,0.0,Clear,clear sky,0
Tiszajenő alsó,47.016944,20.134444,2026-09-30 01:10:09.445612,11.02,10.03,11.02,11.02,1028,71,1.03,70,0,0.0,Clear,clear sky,0
Óbög,46.987222,20.111111,2026-09-30 01:10:10.663435,11.01,10.02,10.17,11.01,1028,71,1.03,70,0,0.0,Clear,clear sky,0
Árpádszállás,46.866456,19.989163,2026-09-30 01:10:11.912217,10.1,9.02,10.1,10.76,1028,71,1.54,60,0,0.0,Clear,clear sky,0
Tőserdő,46.851111,19.980278,2026-09-30 01:10:13.135190,10.12,9.04,10.12,10.78,1028,71,1.54,60,0,0.0,Clear,clear sky,0
Tiszaalpár felső,46.836256,19.976753,2026-09-30 01:10:14.390687,12.96,11.83,10.14,15.52,1028,58,1.54,60,0,0.0,Clear,clear sky,0
Borsihalom,46.773056,19.92,2026-09-30 01:10:15.637379,13.24,11.85,10.13,15.51,1028,47,1.54,100,0,0.0,Clear,clear sky,0
Petőfiváros,46.725556,19.848611,2026-09-30 01:10:16.852723,10.1,8.94,10.1,10.76,1029,68,1.87,104,0,0.0,Clear,clear sky,0
Csorna,47.601944,17.248889,2026-09-30 01:10:18.094633,14.94,14.27,14.94,14.94,1027,68,1.68,157,0,0.0,Clear,clear sky,0
Szorgalmatos,47.986667,21.366389,2026-09-30 01:10:19.326609,12.29,11.53,12.29,12.29,1029,75,3.77,53,0,0.0,Clear,clear sky,0
Fótfürdő,47.6225,19.200556,2026-09-30 01:10:20.578433,15.24,14.28,15.13,15.85,1030,56,1.28,49,0,0.0,Clear,clear sky,0
Fenyveshegy,47.818333,19.068056,2026-09-30 01:10:21.833253,14.34,13.55,11.21,14.34,1029,66,1.52,55,0,0.0,Clear,clear sky,0
Hűvösvölgy,47.541202,18.96351,2026-09-30 01:10:23.047990,14.61,13.61,13.48,15.39,1028,57,0.86,37,0,0.0,Clear,clear sky,0
Hárshegy,47.535318,18.961433,2026-09-30 01:10:24.280741,14.61,13.61,13.48,15.39,1028,57,0.86,37,0,0.0,Clear,clear sky,0
Szépjuhászné,47.528277,18.955246,2026-09-30 01:10:25.504213,13.71,12.62,12.59,14.5,1028,57,0.86,37,0,0.0,Clear,clear sky,0
Jánoshegy,47.51433,18.95047,2026-09-30 01:10:26.752270,13.6,12.5,12.5,14.41,1028,57,0.86,37,0,0.0,Clear,clear sky,0
Virágvölgy,47.505965,18.95876,2026-09-30 01:10:27.999416,13.32,12.2,12.19,14.1,1028,57,0.86,37,0,0.0,Clear,clear sky,0
Csillebérc,47.498196,18.961694,2026-09-30 01:10:29.224491,13.15,11.98,11.96,13.86,1028,56,1.191,35,0,0.0,Clear,clear sky,0
Normafa,47.5,18.970558,2026-09-30 01:10:30.464764,13.23,12.07,12.01,13.92,1028,56,1.191,35,0,0.0,Clear,clear sky,0
Széchenyihegy,47.49413,18.977049,2026-09-30 01:10:31.706051,13.27,12.11,12.03,13.94,1029,56,1.191,35,0,0.0,Clear,clear sky,0
Balatonfőkajár felső,47.031389,18.215278,2026-09-30 01:10:32.971702,11.72,10.75,11.72,11.72,1028,69,2.18,35,0,0.0,Clear,clear sky,0
Piroska,47.148333,20.129722,2026-09-30 01:10:34.246839,11.02,10.03,11.02,11.02,1028,71,1.03,70,0,0.0,Clear,clear sky,0
Somodor,46.4725,17.836667,2026-09-30 01:10:35.471652,11.1,10.22,11.1,11.1,1028,75,2.07,89,0,0.0,Clear,clear sky,0
Középmező,45.995833,18.668889,2026-09-30 01:10:36.712150,11.71,10.97,11.71,11.71,1028,78,1.39,47,0,0.0,Clear,clear sky,0
Jobbágyi,47.828889,19.6875,2026-09-30 01:10:37.946124,12.05,10.96,12.05,12.05,1029,63,1.54,88,0,0.0,Clear,clear sky,0
Ferihegy,47.437222,19.223889,2026-09-30 01:10:39.206255,16.02,15.01,15.37,16.08,1029,51,3.6,80,0,0.0,Clear,clear sky,0
Máriapócs,47.852778,22.019167,2026-09-30 01:10:40.454902,11.93,10.95,11.93,11.93,1030,68,4.14,104,0,0.0,Clear,clear sky,0
Máriaudvar,47.751944,19.165,2026-09-30 01:10:41.667522,14.3,13.35,14.3,14.3,1029,60,1.21,40,0,0.0,Clear,clear sky,0
Nagyberki,46.353333,18.004167,2026-09-30 01:10:42.908356,11.25,10.39,11.25,11.25,1028,75,1.33,75,0,0.0,Clear,clear sky,0
Badacsonytomaj,46.804722,17.518056,2026-09-30 01:10:44.132954,11.4,10.61,11.4,11.4,1028,77,2.7,67,0,0.0,Clear,clear sky,0
Badacsony,46.788611,17.506389,2026-09-30 01:10:45.380780,8.11,6.49,8.11,8.11,1028,78,2.63,66,0,0.0,Clear,clear sky,0
Badacsonylábdihegy,46.793889,17.470833,2026-09-30 01:10:46.627850,8.08,6.45,8.08,8.08,1028,78,2.63,66,0,0.0,Clear,clear sky,0
Badacsonytördemic-Szigliget,46.809722,17.469167,2026-09-30 01:10:47.877120,8.03,6.4,8.03,8.03,1028,78,2.62,69,0,0.0,Clear,clear sky,0
Nemesgulács-Kisapáti,46.836944,17.476389,2026-09-30 01:10:49.123108,8.07,6.49,8.07,8.07,1028,77,2.57,74,0,0.0,Clear,clear sky,0
Tapolca,46.877778,17.428611,2026-09-30 01:10:50.331156,7.99,6.49,7.99,7.99,1028,77,2.44,94,0,0.0,Clear,clear sky,0
Uzsabánya alsó,46.898333,17.345278,2026-09-30 01:10:51.593635,7.79,6.05,7.79,7.79,1028,77,2.71,110,0,0.0,Clear,clear sky,0
Uzsa,46.920278,17.331667,2026-09-30 01:10:52.841859,7.75,5.85,7.75,7.75,1028,76,2.94,117,0,0.0,Clear,clear sky,0
Sümegi Bazaltbánya,46.9525,17.2925,2026-09-30 01:10:54.104471,11.22,10.38,11.22,11.22,1028,76,3.15,126,0,0.0,Clear,clear sky,0
Sümeg,46.981111,17.270833,2026-09-30 01:10:55.346120,11.43,10.61,11.43,11.43,1028,76,2.91,134,0,0.0,Clear,clear sky,0
Gógánfa,47.021111,17.207778,2026-09-30 01:10:56.552941,11.47,10.63,11.47,11.47,1028,75,2.46,143,0,0.0,Clear,clear sky,0
Ukk,47.041944,17.195833,2026-09-30 01:10:57.799197,11.56,10.73,11.56,11.56,1028,75,2.24,148,0,0.0,Clear,clear sky,0
Nemeskeresztúr,47.093611,17.183611,2026-09-30 01:10:59.045935,11.55,10.69,11.55,11.55,1028,74,2.21,152,0,0.0,Clear,clear sky,0
Jánosháza,47.115833,17.171667,2026-09-30 01:11:00.294196,11.65,10.78,11.65,11.65,1028,73,2.23,154,0,0.0,Clear,clear sky,0
Keszthely,46.758333,17.248056,2026-09-30 01:11:01.532586,8.08,7.41,8.08,8.08,1028,87,1.54,0,0,0.0,Clear,clear sky,0
Alsógyenes,46.765844,17.276435,2026-09-30 01:11:02.762291,8.08,7.41,8.08,8.08,1028,87,1.54,0,0,0.0,Clear,clear sky,0
Gyenesdiás,46.763333,17.292778,2026-09-30 01:11:04.013533,8.08,7.41,8.08,8.08,1028,87,1.54,0,0,0.0,Clear,clear sky,0
Vonyarcvashegy,46.755278,17.318333,2026-09-30 01:11:05.276323,8.09,7.43,8.09,8.09,1028,87,1.54,0,0,0.0,Clear,clear sky,0
Balatongyörök,46.751944,17.354444,2026-09-30 01:11:06.532188,8.11,7.45,8.11,8.11,1028,87,1.54,0,0,0.0,Clear,clear sky,0
Becehegy,46.776111,17.372778,2026-09-30 01:11:07.780671,8.08,7.41,8.08,8.08,1028,87,1.54,0,0,0.0,Clear,clear sky,0
Balatonederics,46.8025,17.385,2026-09-30 01:11:08.989825,8.03,6.84,8.03,8.03,1028,79,2.07,80,0,0.0,Clear,clear sky,0
Dabronc,47.025766,17.167006,2026-09-30 01:11:10.236783,11.51,10.7,11.51,11.51,1028,76,2.27,145,0,0.0,Clear,clear sky,0
Türje,46.994444,17.093611,2026-09-30 01:11:11.491528,11.46,10.67,11.46,11.46,1028,77,2.13,144,0,0.0,Clear,clear sky,0
Zalabér-Batyk,46.983056,17.040833,2026-09-30 01:11:12.743992,11.54,10.79,11.54,11.54,1028,78,2.19,143,0,0.0,Clear,clear sky,0
Pakod,46.959167,16.996667,2026-09-30 01:11:13.984747,11.44,10.7,11.44,11.44,1028,79,2.18,144,0,0.0,Clear,clear sky,0
Pókaszepetk,46.924444,16.972222,2026-09-30 01:11:15.198346,11.47,10.76,11.47,11.47,1028,80,2.18,140,0,0.0,Clear,clear sky,0
Kemendollár,46.905833,16.946667,2026-09-30 01:11:16.446391,7.91,6.63,7.91,7.91,1028,80,2.15,140,0,0.0,Clear,clear sky,0
Zalaegerszeg,46.833056,16.848333,2026-09-30 01:11:17.697410,7.73,6.52,7.73,7.73,1028,82,2.03,130,0,0.0,Clear,clear sky,0
Bocfölde,46.780278,16.853611,2026-09-30 01:11:18.949114,7.79,6.54,7.79,7.79,1028,82,2.09,123,0,0.0,Clear,clear sky,0
Sárhida,46.755833,16.851389,2026-09-30 01:11:20.192751,7.75,6.44,7.75,7.75,1028,83,2.15,117,0,0.0,Clear,clear sky,0
Bak,46.7325,16.849167,2026-09-30 01:11:21.403854,7.77,6.43,7.77,7.77,1028,83,2.19,114,0,0.0,Clear,clear sky,0
Tófej,46.670833,16.801944,2026-09-30 01:11:22.651707,7.61,6.14,7.61,7.61,1028,83,2.31,109,0,0.0,Clear,clear sky,0
Gutorfölde,46.646944,16.739722,2026-09-30 01:11:23.898869,10.82,10.12,10.82,10.82,1028,83,2.11,108,0,0.0,Clear,clear sky,0
Csömödér-Páka,46.608056,16.641111,2026-09-30 01:11:25.144284,11.06,10.41,11.06,11.06,1028,84,1.5,111,0,0.0,Clear,clear sky,0
Iklódbördőce,46.603056,16.604722,2026-09-30 01:11:26.388103,10.89,10.23,10.89,10.89,1028,84,1.1,119,0,0.0,Clear,clear sky,0
Lenti,46.621389,16.528611,2026-09-30 01:11:27.608947,11.13,10.52,11.13,11.13,1027,85,0.69,109,0,0.0,Clear,clear sky,0
Rédics,46.618056,16.471111,2026-09-30 01:11:28.857462,11.15,10.54,11.15,11.15,1027,85,0.58,101,0,0.0,Clear,clear sky,0
Zalalövő,46.845556,16.576389,2026-09-30 01:11:30.163303,11.15,10.49,11.15,11.15,1027,83,1.86,127,0,0.0,Clear,clear sky,0
Zalaegerszeg-Ola,46.849167,16.844722,2026-09-30 01:11:31.431520,11.18,10.49,11.18,11.18,1028,82,2.03,130,0,0.0,Clear,clear sky,0
Andráshida,46.863116,16.7792,2026-09-30 01:11:32.673334,11.2,10.52,11.2,11.2,1028,82,2.01,135,0,0.0,Clear,clear sky,0
Bagod,46.875,16.746111,2026-09-30 01:11:33.884863,11.31,10.64,11.31,11.31,1028,82,1.97,136,0,0.0,Clear,clear sky,0
Zalaszentgyörgy,46.872222,16.7125,2026-09-30 01:11:35.135161,11.28,10.6,11.28,11.28,1028,82,1.96,137,0,0.0,Clear,clear sky,0
Zalacséb-Salomvár,46.858056,16.662222,2026-09-30 01:11:36.382993,11.06,10.36,11.06,11.06,1028,82,1.95,137,0,0.0,Clear,clear sky,0
Kópháza,47.631389,16.6375,2026-09-30 01:11:37.638892,11.41,10.36,11.41,11.41,1026,67,2.05,203,0,0.0,Clear,clear sky,0
Nagycenk,47.601111,16.690278,2026-09-30 01:11:38.881037,12.17,11.19,12.17,12.17,1026,67,2.03,200,0,0.0,Clear,clear sky,0
Sopronkövesd,47.548333,16.748056,2026-09-30 01:11:40.099235,11.91,10.93,11.91,11.91,1027,68,2.37,192,0,0.0,Clear,clear sky,0
Lövő,47.509444,16.7775,2026-09-30 01:11:41.350268,11.83,10.84,11.83,11.83,1027,68,2.4,190,0,0.0,Clear,clear sky,0
Újkér,47.457778,16.786667,2026-09-30 01:11:42.603402,11.86,10.9,11.86,11.86,1027,69,2.31,197,0,0.0,Clear,clear sky,0
Bük,47.388611,16.752222,2026-09-30 01:11:43.849437,11.87,10.94,11.87,11.87,1027,70,1.97,211,0,0.0,Clear,clear sky,0
Acsád,47.308333,16.734722,2026-09-30 01:11:45.099544,11.51,10.6,11.51,11.51,1027,72,1.55,228,0,0.0,Clear,clear sky,0
Salköveskút-Vassurány,47.291389,16.704167,2026-09-30 01:11:46.314297,11.52,10.63,11.52,11.52,1027,73,1.47,232,0,0.0,Clear,clear sky,0
Zalaszentiván,46.8875,16.909444,2026-09-30 01:11:47.569109,7.89,6.63,7.89,7.89,1028,81,2.12,138,0,0.0,Clear,clear sky,0
Alsónemesapáti,46.854167,16.936389,2026-09-30 01:11:48.823486,7.88,6.6,7.88,7.88,1028,81,2.14,135,0,0.0,Clear,clear sky,0
Józsa,47.600833,21.584444,2026-09-30 01:11:50.074003,11.86,10.82,11.86,11.86,1029,66,3.09,80,0,0.0,Clear,clear sky,0
Hajdúszentgyörgy,47.608056,21.578333,2026-09-30 01:11:51.318369,11.83,10.79,11.83,11.83,1029,66,3.09,80,0,0.0,Clear,clear sky,0
Zelemér,47.627778,21.578333,2026-09-30 01:11:52.526076,11.78,10.74,11.78,11.78,1029,66,3.09,80,0,0.0,Clear,clear sky,0
Hajdúböszörmény,47.668056,21.524167,2026-09-30 01:11:53.773789,11.81,10.8,11.81,11.81,1029,67,3.44,106,0,0.0,Clear,clear sky,0
Hajdúvid,47.749444,21.508056,2026-09-30 01:11:55.019297,12.36,11.45,12.36,12.36,1029,69,3.28,99,0,0.0,Clear,clear sky,0
Hajdúdorog,47.805556,21.493056,2026-09-30 01:11:56.267084,12.32,11.44,12.32,12.32,1029,70,3.12,91,0,0.0,Clear,clear sky,0
Hajdúnánás,47.831944,21.426667,2026-09-30 01:11:57.505221,12.41,11.56,12.41,12.41,1029,71,2.79,79,0,0.0,Clear,clear sky,0
Hajdúnánás-Vásártér,47.843056,21.407222,2026-09-30 01:11:58.716639,12.41,11.56,12.41,12.41,1029,71,2.79,79,0,0.0,Clear,clear sky,0
Tedej,47.903611,21.404444,2026-09-30 01:11:59.968178,12.35,11.55,12.35,12.35,1029,73,3.07,63,0,0.0,Clear,clear sky,0
Tiszavasvári,47.945278,21.374722,2026-09-30 01:12:01.219034,12.33,11.55,12.33,12.33,1029,74,3.28,57,0,0.0,Clear,clear sky,0
Egyházerdő,47.9725,21.365,2026-09-30 01:12:02.463757,12.32,11.54,12.32,12.32,1029,74,3.54,55,0,0.0,Clear,clear sky,0
Tiszalök,48.013056,21.369167,2026-09-30 01:12:03.703958,12.25,11.51,12.25,12.25,1029,76,3.94,52,0,0.0,Clear,clear sky,0
Hajnalos,47.998889,21.414167,2026-09-30 01:12:04.917866,12.29,11.53,12.29,12.29,1029,75,3.68,52,0,0.0,Clear,clear sky,0
Kisfástanya,47.989167,21.47,2026-09-30 01:12:06.167428,12.25,11.49,12.25,12.25,1029,75,3.54,52,0,0.0,Clear,clear sky,0
Tiszaeszlár,48.010556,21.491944,2026-09-30 01:12:07.419092,12.24,11.5,12.24,12.24,1029,76,3.47,50,0,0.0,Clear,clear sky,0
Bashalom,48.026111,21.514722,2026-09-30 01:12:08.664720,12.25,11.54,12.25,12.25,1029,77,3.58,47,0,0.0,Clear,clear sky,0
Sáránd,47.415556,21.625,2026-09-30 01:12:09.905469,12.01,10.99,12.01,12.01,1029,66,3.09,80,0,0.0,Clear,clear sky,0
Derecske,47.365,21.584167,2026-09-30 01:12:11.127432,12.08,11.07,12.08,12.08,1029,66,3.09,80,0,0.0,Clear,clear sky,0
Derecske-Vásártér,47.352222,21.58,2026-09-30 01:12:12.374999,12.08,11.07,12.08,12.08,1029,66,3.09,80,0,0.0,Clear,clear sky,0
Konyár,47.323611,21.666111,2026-09-30 01:12:13.627183,12.05,11.03,12.05,12.05,1029,66,3.09,80,0,0.0,Clear,clear sky,0
Konyári Sóstófürdő,47.324167,21.744444,2026-09-30 01:12:14.883289,12.06,11.02,12.06,12.06,1029,65,1.89,82,0,0.0,Clear,clear sky,0
Pocsaj-Esztár,47.288333,21.793056,2026-09-30 01:12:16.128400,12.05,11.01,12.05,14.13,1029,65,1.77,84,0,0.0,Clear,clear sky,0
Kismarja,47.243889,21.813889,2026-09-30 01:12:17.334959,14.13,13.3,14.13,14.24,1029,65,1.6,87,0,0.0,Clear,clear sky,0
Nagykereki,47.191667,21.8,2026-09-30 01:12:18.590498,14.12,13.13,14.12,14.23,1029,59,1.4,89,0,0.0,Clear,clear sky,0
Debrecen-Szabadságtelep,47.527778,21.658611,2026-09-30 01:12:19.838130,11.89,10.86,11.89,11.89,1029,66,3.09,80,0,0.0,Clear,clear sky,0
Kondoroskert,47.525556,21.713889,2026-09-30 01:12:21.085100,11.92,10.89,11.92,11.92,1029,66,3.09,80,0,0.0,Clear,clear sky,0
Nagycsere,47.523889,21.763056,2026-09-30 01:12:22.322755,11.9,10.87,11.9,11.9,1029,66,3.09,80,0,0.0,Clear,clear sky,0
Haláp,47.521667,21.818333,2026-09-30 01:12:23.531929,11.9,10.87,11.9,11.9,1029,66,3.09,80,0,0.0,Clear,clear sky,0
Vámospércs,47.518056,21.893889,2026-09-30 01:12:24.794054,11.84,10.78,11.84,11.84,1029,65,3.02,92,0,0.0,Clear,clear sky,0
Szentannapuszta,47.52,21.965833,2026-09-30 01:12:26.041840,11.79,10.72,11.79,11.79,1029,65,3.1,91,0,0.0,Clear,clear sky,0
Nyírábrány,47.523889,22.016944,2026-09-30 01:12:27.289465,12.26,11.24,12.26,12.26,1029,65,3.18,92,0,0.0,Clear,clear sky,0
Dombostanya,47.602778,21.706389,2026-09-30 01:12:28.541187,11.82,10.78,11.82,11.82,1029,66,3.09,80,0,0.0,Clear,clear sky,0
Hajdúsámson,47.608056,21.755278,2026-09-30 01:12:29.764163,11.82,10.78,11.82,11.82,1029,66,3.09,80,0,0.0,Clear,clear sky,0
Tamásipuszta,47.632778,21.796111,2026-09-30 01:12:31.016070,11.77,10.73,11.77,11.77,1029,66,3.49,103,0,0.0,Clear,clear sky,0
Aradványpuszta,47.662778,21.8425,2026-09-30 01:12:32.268043,11.72,10.67,11.72,11.72,1029,66,3.7,104,0,0.0,Clear,clear sky,0
Nyíradony,47.699444,21.903333,2026-09-30 01:12:33.521923,12.03,11.01,12.03,12.03,1030,66,3.99,104,0,0.0,Clear,clear sky,0
Nyírmihálydi,47.7375,21.958889,2026-09-30 01:12:34.761471,11.98,10.98,11.98,11.98,1030,67,4.04,104,0,0.0,Clear,clear sky,0
Nyírgelse,47.750833,21.987778,2026-09-30 01:12:35.971995,11.9,10.9,11.9,11.9,1030,67,4.06,104,0,0.0,Clear,clear sky,0
Nyírbogát,47.793056,22.066389,2026-09-30 01:12:37.225721,11.9,10.92,11.9,11.9,1030,68,4.02,103,0,0.0,Clear,clear sky,0
Nagykálló,47.871111,21.825833,2026-09-30 01:12:38.479325,12.14,11.24,12.14,12.14,1030,70,4.02,99,0,0.0,Clear,clear sky,0
Kállósemjén,47.854722,21.935,2026-09-30 01:12:39.727444,12.07,11.13,12.07,12.07,1030,69,4.16,103,0,0.0,Clear,clear sky,0
Nyírbátor,47.8425,22.131111,2026-09-30 01:12:40.974619,11.83,10.84,11.83,11.83,1030,68,4.01,103,0,0.0,Clear,clear sky,0
Nyírcsászári,47.865556,22.179167,2026-09-30 01:12:42.185517,11.83,10.84,11.83,11.83,1030,68,3.95,101,0,0.0,Clear,clear sky,0
Hodász,47.896111,22.213611,2026-09-30 01:12:43.433051,11.75,10.76,11.75,11.75,1030,68,3.85,100,0,0.0,Clear,clear sky,0
Nyírmeggyes,47.9225,22.256667,2026-09-30 01:12:44.680657,11.78,10.82,11.78,11.78,1030,69,3.75,100,0,0.0,Clear,clear sky,0
Mátészalka,47.951389,22.313333,2026-09-30 01:12:45.926986,11.79,10.85,11.79,11.79,1030,70,3.53,101,0,0.0,Clear,clear sky,0
Kocsord,47.941944,22.375833,2026-09-30 01:12:47.175017,11.84,10.88,11.84,11.84,1030,69,3.05,101,0,0.0,Clear,clear sky,0
Kocsord alsó,47.946389,22.400556,2026-09-30 01:12:48.386520,11.84,10.88,11.84,11.84,1030,69,3.05,101,0,0.0,Clear,clear sky,0
Győrtelek,47.936667,22.424722,2026-09-30 01:12:49.635408,11.83,10.87,11.83,11.83,1030,69,2.91,101,0,0.0,Clear,clear sky,0
Győrtelek alsó,47.921111,22.443333,2026-09-30 01:12:50.881755,11.82,10.83,11.82,11.82,1030,68,3.0,101,0,0.0,Clear,clear sky,0
Ököritófülpös,47.911389,22.495,2026-09-30 01:12:52.145205,11.8,10.79,11.8,11.8,1030,67,3.08,101,0,0.0,Clear,clear sky,0
Porcsalma-Tyukod,47.868056,22.568333,2026-09-30 01:12:53.397787,11.17,10.07,11.17,12.05,1030,66,3.6,102,0,0.0,Clear,clear sky,0
Csenger,47.826111,22.666389,2026-09-30 01:12:54.625376,11.16,10.05,11.16,12.04,1030,66,3.72,101,0,0.0,Clear,clear sky,0
Kisfái,46.888303,19.807366,2026-09-30 01:12:55.879454,10.02,8.93,10.02,10.78,1029,71,1.54,60,0,0.0,Clear,clear sky,0
Nyárlőrinci szőlők,46.8775,19.828333,2026-09-30 01:12:57.125690,10.03,8.94,10.03,10.78,1028,71,1.54,60,0,0.0,Clear,clear sky,0
Nyárlőrinc alsó,46.863889,19.878889,2026-09-30 01:12:58.377069,10.05,8.96,10.05,10.8,1028,71,1.54,60,0,0.0,Clear,clear sky,0
Tiszaug-Tiszahídfő,46.866106,20.052098,2026-09-30 01:12:59.615790,14.78,13.54,10.2,15.58,1028,47,1.29,80,0,0.0,Clear,clear sky,0
Csongrádi úti tanyák,46.690278,19.921667,2026-09-30 01:13:00.825058,15.53,14.37,15.53,15.53,1028,47,1.84,110,0,0.0,Clear,clear sky,0
Kettőshalom,46.689167,20.0225,2026-09-30 01:13:02.077896,15.57,14.41,15.56,15.57,1027,47,1.87,116,0,0.0,Clear,clear sky,0
Csongrád alsó,46.711389,20.126389,2026-09-30 01:13:03.338178,15.57,14.41,15.56,15.57,1026,47,1.94,120,0,0.0,Clear,clear sky,0
Dónát,46.66988,20.368168,2026-09-30 01:13:04.604953,15.58,14.42,15.58,15.59,1028,47,1.79,119,0,0.0,Clear,clear sky,0
Pusztatemplom,46.676667,20.407222,2026-09-30 01:13:05.844907,15.57,14.41,15.57,15.57,1028,47,1.79,119,0,0.0,Clear,clear sky,0
Előhát,47.364722,20.653611,2026-09-30 01:13:07.054334,10.56,9.63,10.56,10.56,1029,75,1.8,50,0,0.0,Clear,clear sky,0
Polgárdi-Tekerespuszta,47.017778,18.297778,2026-09-30 01:13:08.303120,11.74,10.75,11.74,11.74,1028,68,1.66,44,0,0.0,Clear,clear sky,0
Szatina-Kishajmás,46.202778,18.083611,2026-09-30 01:13:09.552391,14.25,13.58,14.25,14.25,1028,71,1.83,109,0,0.0,Clear,clear sky,0
Márok,45.886944,18.499167,2026-09-30 01:13:10.768240,14.47,14.11,14.47,14.47,1028,82,1.87,62,0,0.0,Clear,clear sky,0
Nagynyárád,45.953333,18.564722,2026-09-30 01:13:12.012264,14.53,14.1,14.53,14.53,1028,79,1.81,51,0,0.0,Clear,clear sky,0
Szászvár,46.2875,18.369722222222222,2026-09-30 01:13:13.222254,11.36,10.41,11.36,11.36,1028,71,2.17,119,0,0.0,Clear,clear sky,0
Cikó,46.263514,18.557605,2026-09-30 01:13:14.470406,11.71,10.79,11.71,11.71,1028,71,0.98,111,0,0.0,Clear,clear sky,0
Gyöngyfa-Magyarmecske,45.983889,17.958889,2026-09-30 01:13:15.718518,14.57,14.04,14.57,14.57,1027,75,1.4,104,0,0.0,Clear,clear sky,0
Nagyhát,47.581389,21.445,2026-09-30 01:13:16.927391,11.92,10.89,11.92,11.92,1029,66,3.09,80,0,0.0,Clear,clear sky,0
Balmazújváros,47.613889,21.348056,2026-09-30 01:13:18.166926,12.1,11.17,12.1,12.1,1029,69,2.57,101,0,0.0,Clear,clear sky,0
Kónya,47.600833,21.2375,2026-09-30 01:13:19.378411,12.51,11.64,12.51,12.51,1029,70,2.1,94,0,0.0,Clear,clear sky,0
Hortobágy,47.586111,21.154722,2026-09-30 01:13:20.635182,12.51,11.67,12.51,12.51,1029,71,1.83,78,0,0.0,Clear,clear sky,0
Hortobágyi Halastó,47.604167,21.074167,2026-09-30 01:13:21.893968,12.5,11.69,12.5,12.5,1029,72,1.83,65,0,0.0,Clear,clear sky,0
Ohat-Pusztakócs,47.623333,20.951111,2026-09-30 01:13:23.101704,12.47,11.65,12.47,12.47,1029,72,2.03,42,0,0.0,Clear,clear sky,0
Egyek,47.616944,20.883611,2026-09-30 01:13:24.340964,10.53,9.54,10.53,10.53,1029,73,2.52,39,0,0.0,Clear,clear sky,0
Tiszafüred,47.627778,20.756111,2026-09-30 01:13:25.547912,10.53,9.54,10.53,10.53,1029,73,2.77,39,0,0.0,Clear,clear sky,0
Poroszló,47.657778,20.654444,2026-09-30 01:13:26.816426,10.54,9.56,10.54,10.54,1029,73,3.24,40,0,0.0,Clear,clear sky,0
Kétútköz,47.694167,20.565,2026-09-30 01:13:28.062376,10.51,9.5,10.51,10.51,1029,72,3.57,47,0,0.0,Clear,clear sky,0
Egerfarmos,47.711667,20.5225,2026-09-30 01:13:29.278757,10.49,9.45,10.49,10.49,1029,71,3.68,52,0,0.0,Clear,clear sky,0
Piliscsaba,47.638056,18.829722,2026-09-30 01:13:30.516977,14.28,13.28,13.56,15.44,1028,58,2.84,92,0,0.0,Clear,clear sky,0
Pilisjászfalu,47.656111,18.797778,2026-09-30 01:13:31.725628,14.19,13.18,13.84,15.69,1028,58,2.76,95,0,0.0,Clear,clear sky,0
Leányvár,47.687594,18.772553,2026-09-30 01:13:32.976382,14.01,13.19,14.01,15.23,1028,66,2.69,101,0,0.0,Clear,clear sky,0
Dorog,47.723333,18.732778,2026-09-30 01:13:34.222771,11.07,10.45,11.07,14.23,1027,85,0.3,168,0,0.0,Clear,clear sky,0
Esztergom-Kertváros,47.743333,18.719167,2026-09-30 01:13:35.431869,11.15,10.54,11.15,11.15,1026,85,0.3,168,0,0.0,Clear,clear sky,0
Esztergom,47.7775,18.743611,2026-09-30 01:13:36.671301,11.2,10.6,11.2,11.2,1026,85,0.3,168,0,0.0,Clear,clear sky,0
Dunaalmás,47.733056,18.326389,2026-09-30 01:13:37.878707,12.16,11.15,12.16,12.16,1028,66,3.31,115,0,0.0,Clear,clear sky,0
Neszmély,47.734444,18.345278,2026-09-30 01:13:39.126217,12.16,11.15,12.16,12.16,1028,66,3.31,115,0,0.0,Clear,clear sky,0
Süttő,47.761111,18.455,2026-09-30 01:13:40.373142,11.21,10.16,11.21,11.21,1027,68,2.99,117,0,0.0,Clear,clear sky,0
Piszke,47.75307,18.478017,2026-09-30 01:13:41.580193,11.21,10.61,11.21,11.21,1027,85,2.83,119,0,0.0,Clear,clear sky,0
Lábatlan,47.751944,18.513333,2026-09-30 01:13:42.828833,11.06,10.44,11.06,11.06,1027,85,2.67,120,0,0.0,Clear,clear sky,0
Eternitgyár,47.755544,18.530014,2026-09-30 01:13:44.036598,11.12,10.51,11.12,11.12,1027,85,2.67,120,0,0.0,Clear,clear sky,0
Nyergesújfalu felső,47.762222,18.540556,2026-09-30 01:13:45.283235,11.19,10.58,11.19,11.19,1027,85,2.67,120,0,0.0,Clear,clear sky,0
Nyergesújfalu,47.761111,18.561667,2026-09-30 01:13:46.532784,11.18,10.57,11.18,11.18,1027,85,2.51,121,0,0.0,Clear,clear sky,0
Tokod,47.735,18.675,2026-09-30 01:13:47.759815,11.16,10.55,11.16,11.16,1027,85,0.3,168,0,0.0,Clear,clear sky,0
Környe,47.541667,18.330278,2026-09-30 01:13:48.974322,11.77,10.7,11.77,11.77,1028,65,3.27,120,0,0.0,Clear,clear sky,0
Kecskéd alsó,47.519722,18.316667,2026-09-30 01:13:50.218287,11.73,10.68,11.73,11.73,1028,66,3.29,121,0,0.0,Clear,clear sky,0
Oroszlány,47.486944,18.308611,2026-09-30 01:13:51.466332,11.63,10.57,11.63,11.63,1028,66,3.12,120,0,0.0,Clear,clear sky,0
Győrszabadhegy,47.663056,17.648056,2026-09-30 01:13:52.716172,7.08,5.31,7.08,14.96,1028,81,2.57,90,0,0.0,Clear,clear sky,0
Ménfőcsanak felső,47.638333,17.615,2026-09-30 01:13:53.928659,14.96,13.92,7.08,14.96,1028,54,2.57,90,0,0.0,Clear,clear sky,0
Gyömöre-Tét,47.501672,17.559596,2026-09-30 01:13:55.152385,10.03,9.07,6.91,10.03,1028,76,1.03,0,0,0.0,Clear,clear sky,0
Szerecseny,47.469167,17.5475,2026-09-30 01:13:56.390839,10.02,9.06,6.9,10.02,1028,76,1.03,0,0,0.0,Clear,clear sky,0
Gecse-Gyarmat,47.456111,17.515,2026-09-30 01:13:57.637275,10.05,9.1,6.94,10.05,1028,76,1.03,0,0,0.0,Clear,clear sky,0
Vaszar,47.4025,17.496389,2026-09-30 01:13:58.883219,10.08,9.13,10.08,14.84,1027,76,1.03,0,0,0.0,Clear,clear sky,0
Pápa,47.340556,17.458889,2026-09-30 01:14:00.091332,10.03,9.07,10.03,14.8,1027,76,1.03,0,0,0.0,Clear,clear sky,0
Mezőlak,47.324722,17.371389,2026-09-30 01:14:01.319865,10.11,9.16,10.11,14.87,1027,76,1.03,0,0,0.0,Clear,clear sky,0
Mihályháza,47.318889,17.331667,2026-09-30 01:14:02.562190,10.14,9.19,10.14,10.14,1027,76,1.03,0,0,0.0,Clear,clear sky,0
Vinár,47.306667,17.284722,2026-09-30 01:14:03.809225,10.1,9.15,10.1,10.1,1027,76,1.03,0,0,0.0,Clear,clear sky,0
Külsővat,47.279167,17.219722,2026-09-30 01:14:05.055765,10.12,9.02,10.12,10.12,1027,70,2.06,170,0,0.0,Clear,clear sky,0
Celldömölk,47.261389,17.151944,2026-09-30 01:14:06.268178,10.07,8.99,10.07,10.07,1027,71,2.23,168,0,0.0,Clear,clear sky,0
Kemenesmihályfa,47.278056,17.111111,2026-09-30 01:14:07.473861,11.53,10.59,11.53,11.53,1027,71,2.1,173,0,0.0,Clear,clear sky,0
Nagysimonyi,47.265556,17.058889,2026-09-30 01:14:08.713827,11.6,10.67,11.6,11.6,1027,71,2.23,170,0,0.0,Clear,clear sky,0
Ostffyasszonyfa,47.283889,17.023889,2026-09-30 01:14:09.965022,11.71,10.79,11.71,11.71,1027,71,2.08,174,0,0.0,Clear,clear sky,0
Sárvár,47.259167,16.928889,2026-09-30 01:14:11.210461,11.78,10.89,11.78,11.78,1027,72,1.71,181,0,0.0,Clear,clear sky,0
Porpác,47.238611,16.8325,2026-09-30 01:14:12.417341,11.7,10.83,11.7,11.7,1027,73,1.38,191,0,0.0,Clear,clear sky,0
Balatonföldvár,46.853889,17.881389,2026-09-30 01:14:13.628511,11.7,10.86,11.7,11.7,1028,74,2.72,55,0,0.0,Clear,clear sky,0
Balatonszárszó,46.832222,17.830278,2026-09-30 01:14:14.868495,11.65,10.83,11.65,11.65,1028,75,2.74,62,0,0.0,Clear,clear sky,0
Balatonszemes,46.811944,17.776389,2026-09-30 01:14:16.124191,11.59,10.79,11.59,11.59,1028,76,2.78,69,0,0.0,Clear,clear sky,0
Balatonlelle felső,46.793889,17.7175,2026-09-30 01:14:17.381142,11.54,10.76,11.54,11.54,1028,77,2.82,71,0,0.0,Clear,clear sky,0
Balatonlelle,46.7875,17.694167,2026-09-30 01:14:18.588833,11.57,10.82,11.57,11.57,1028,78,2.9,68,0,0.0,Clear,clear sky,0
Fonyódliget,46.759167,17.592222,2026-09-30 01:14:19.797929,11.49,10.73,11.49,11.49,1028,78,2.59,68,0,0.0,Clear,clear sky,0
Balatonboglár,46.776111,17.647222,2026-09-30 01:14:21.046082,11.56,10.81,11.56,11.56,1028,78,2.93,67,0,0.0,Clear,clear sky,0
Balatonfenyves alsó,46.708611,17.455278,2026-09-30 01:14:22.298429,8.09,6.79,8.09,8.09,1028,80,2.21,69,0,0.0,Clear,clear sky,0
Fonyód,46.750278,17.558889,2026-09-30 01:14:23.546466,11.48,10.72,11.48,11.48,1028,78,2.56,66,0,0.0,Clear,clear sky,0
Bélatelep,46.737778,17.535,2026-09-30 01:14:24.755907,8.11,6.68,8.11,8.11,1028,78,2.38,67,0,0.0,Clear,clear sky,0
Alsóbélatelep,46.724167,17.516389,2026-09-30 01:14:25.969962,8.08,6.64,8.08,8.08,1028,78,2.38,67,0,0.0,Clear,clear sky,0
Balatonfenyves,46.713611,17.482778,2026-09-30 01:14:27.210109,8.08,6.77,8.08,8.08,1028,79,2.22,69,0,0.0,Clear,clear sky,0
Máriahullámtelep,46.704722,17.435,2026-09-30 01:14:28.456912,8.09,6.79,8.09,8.09,1028,80,2.21,69,0,0.0,Clear,clear sky,0
Balatonmáriafürdő,46.704167,17.374722,2026-09-30 01:14:29.718431,8.08,7.41,8.08,8.08,1028,87,1.54,0,0,0.0,Clear,clear sky,0
Balatonberény,46.713889,17.316944,2026-09-30 01:14:30.932389,8.05,7.38,8.05,8.05,1028,87,1.54,0,0,0.0,Clear,clear sky,0
Balatonszentgyörgy,46.692778,17.288889,2026-09-30 01:14:32.140445,8.08,7.41,8.08,8.08,1028,87,1.54,0,0,0.0,Clear,clear sky,0
Vörs,46.663611,17.260278,2026-09-30 01:14:33.380498,8.07,7.4,8.07,8.07,1028,87,1.54,0,0,0.0,Clear,clear sky,0
Zalaszentjakab,46.491667,17.135278,2026-09-30 01:14:34.629829,7.93,7.93,7.93,7.93,1028,82,0.97,88,0,0.0,Clear,clear sky,0
Nagykanizsa,46.440833,16.986667,2026-09-30 01:14:35.884281,10.87,10.15,10.87,10.87,1028,82,1.54,68,0,0.0,Clear,clear sky,0
Murakeresztúr,46.363889,16.876944,2026-09-30 01:14:37.095005,10.9,10.21,10.9,10.9,1028,83,1.35,86,0,0.0,Clear,clear sky,0
Zalakomár,46.530278,17.188056,2026-09-30 01:14:38.309501,7.93,7.24,7.93,7.93,1028,87,1.54,0,0,0.0,Clear,clear sky,0
Szárazrét,47.200833,18.381111,2026-09-30 01:14:39.553795,12.02,11.0,12.02,12.02,1028,66,1.58,58,0,0.0,Clear,clear sky,0
Bodajk,47.318333,18.251944,2026-09-30 01:14:40.800936,11.77,10.75,11.77,11.77,1028,67,1.54,96,0,0.0,Clear,clear sky,0
Csókakő,47.3275,18.240556,2026-09-30 01:14:42.051264,11.47,10.42,11.47,11.47,1028,67,1.71,103,0,0.0,Clear,clear sky,0
Mór,47.369167,18.189167,2026-09-30 01:14:43.269880,11.49,10.44,11.49,11.49,1028,67,2.08,137,0,0.0,Clear,clear sky,0
Bakonysárkány,47.443611,18.103611,2026-09-30 01:14:44.478061,6.33,4.0,6.33,6.33,1028,67,3.15,143,0,0.0,Clear,clear sky,0
Kisbér,47.494167,18.024722,2026-09-30 01:14:45.720398,6.64,4.32,6.64,6.64,1028,68,3.24,140,0,0.0,Clear,clear sky,0
Nagyigmánd-Bábolna,47.630556,18.050833,2026-09-30 01:14:46.969631,6.99,5.2,6.99,6.99,1028,81,2.57,90,0,0.0,Clear,clear sky,0
Budapest-Déli,47.498889,19.025,2026-09-30 01:14:48.217959,15.59,14.67,14.21,16.12,1029,56,3.6,80,0,0.0,Clear,clear sky,0
Budapest-Kelenföld,47.464444,19.02,2026-09-30 01:14:49.427058,15.68,14.74,14.31,16.22,1029,55,3.6,80,0,0.0,Clear,clear sky,0
Budaörs,47.4475,18.965,2026-09-30 01:14:50.636610,15.42,14.48,14.22,16.13,1029,56,1.191,35,0,0.0,Clear,clear sky,0
Biatorbágy,47.480278,18.834444,2026-09-30 01:14:51.878453,13.99,12.96,13.9,15.74,1028,58,1.0,129,0,0.0,Clear,clear sky,0
Herceghalom,47.493611,18.746111,2026-09-30 01:14:53.126031,14.25,13.25,14.15,16.0,1028,58,1.0,129,0,0.0,Clear,clear sky,0
Bicske,47.484167,18.6175,2026-09-30 01:14:54.382199,13.95,12.92,13.95,15.17,1028,58,1.97,106,0,0.0,Clear,clear sky,0
Szár,47.485,18.5275,2026-09-30 01:14:55.595512,13.74,12.84,13.74,13.74,1028,64,2.02,107,0,0.0,Clear,clear sky,0
Szárliget,47.518333,18.495833,2026-09-30 01:14:56.806011,13.55,12.63,13.55,13.55,1028,64,2.34,113,0,0.0,Clear,clear sky,0
Alsógalla,47.563337,18.425102,2026-09-30 01:14:58.045063,11.9,10.84,11.9,11.9,1028,65,3.21,119,0,0.0,Clear,clear sky,0
Tatabánya,47.585556,18.393056,2026-09-30 01:14:59.292792,11.93,10.88,11.93,11.93,1028,65,3.38,121,0,0.0,Clear,clear sky,0
Vértesszőlős,47.619444,18.375278,2026-09-30 01:15:00.551007,11.98,10.96,11.98,11.98,1028,66,3.44,121,0,0.0,Clear,clear sky,0
Tóvároskert,47.646111,18.348611,2026-09-30 01:15:01.758144,11.98,10.96,11.98,11.98,1028,66,3.47,121,0,0.0,Clear,clear sky,0
Tata,47.665,18.3275,2026-09-30 01:15:02.984102,11.99,10.97,11.99,11.99,1028,66,3.44,119,0,0.0,Clear,clear sky,0
Almásfüzitő,47.725278,18.262222,2026-09-30 01:15:04.221610,12.1,11.09,12.1,12.1,1028,66,2.97,116,0,0.0,Clear,clear sky,0
Almásfüzitő felső,47.731389,18.216389,2026-09-30 01:15:05.475135,12.81,11.9,12.81,12.81,1028,67,2.58,119,0,0.0,Clear,clear sky,0
Szőny,47.735556,18.1775,2026-09-30 01:15:06.721790,12.84,11.93,7.12,12.84,1028,67,2.43,120,0,0.0,Clear,clear sky,0
Komárom,47.749444,18.113611,2026-09-30 01:15:07.931644,7.13,5.69,7.13,12.85,1028,67,2.18,120,0,0.0,Clear,clear sky,0
Ács,47.717222,18.004444,2026-09-30 01:15:09.140202,7.05,5.27,7.05,7.05,1028,81,2.57,90,0,0.0,Clear,clear sky,0
Nagyszentjános,47.705556,17.871389,2026-09-30 01:15:10.378427,7.05,5.27,7.05,14.93,1028,81,2.57,90,0,0.0,Clear,clear sky,0
Győrszentiván,47.688611,17.745556,2026-09-30 01:15:11.628744,7.06,5.29,7.06,14.94,1028,81,2.57,90,0,0.0,Clear,clear sky,0
Győr-Gyárváros,47.684444,17.663889,2026-09-30 01:15:12.876218,7.1,5.33,7.1,14.98,1028,81,2.57,90,0,0.0,Clear,clear sky,0
Győr,47.681944,17.634722,2026-09-30 01:15:14.088491,7.06,5.29,7.06,14.94,1028,81,2.57,90,0,0.0,Clear,clear sky,0
Öttevény,47.719722,17.489167,2026-09-30 01:15:15.307954,14.96,14.34,7.08,14.96,1028,70,2.95,112,0,0.0,Clear,clear sky,0
Lébény-Mosonszentmiklós,47.755278,17.426389,2026-09-30 01:15:16.556795,14.95,14.3,14.95,14.95,1028,69,2.9,111,0,0.0,Clear,clear sky,0
Kimle-Károlyháza,47.803889,17.342778,2026-09-30 01:15:17.816030,12.25,11.33,12.25,12.25,1028,69,2.92,110,0,0.0,Clear,clear sky,0
Mosonmagyaróvár,47.849722,17.267222,2026-09-30 01:15:19.063012,9.49,8.09,9.49,9.49,1028,68,2.69,118,0,0.0,Clear,clear sky,0
Levél,47.889722,17.1925,2026-09-30 01:15:20.270956,9.46,8.28,9.46,9.46,1027,68,2.36,123,0,0.0,Clear,clear sky,0
Hegyeshalom,47.913889,17.145556,2026-09-30 01:15:21.489864,9.9,8.9,9.43,14.5,1027,68,2.22,124,0,0.0,Clear,clear sky,0
Óbuda,47.568611,19.033889,2026-09-30 01:15:22.731967,15.62,14.73,14.34,16.26,1029,57,0.89,115,0,0.0,Clear,clear sky,0
Üröm,47.580556,19.002222,2026-09-30 01:15:23.990000,15.43,14.52,14.24,16.16,1028,57,0.89,115,0,0.0,Clear,clear sky,0
Solymár,47.596111,18.95,2026-09-30 01:15:25.242203,15.12,14.18,14.06,15.97,1028,57,1.96,68,0,0.0,Clear,clear sky,0
Pilisvörösvár,47.614444,18.902222,2026-09-30 01:15:26.453474,14.66,13.67,13.7,15.58,1028,57,2.37,79,0,0.0,Clear,clear sky,0
Klotildliget,47.637778,18.846389,2026-09-30 01:15:27.670066,14.19,13.18,13.43,15.32,1028,58,2.84,92,0,0.0,Clear,clear sky,0
Kútvölgy,46.459444,20.451944,2026-09-30 01:15:28.918614,15.57,14.8,15.57,15.57,1028,62,2.39,113,0,0.0,Clear,clear sky,0
Székkutas,46.503889,20.541111,2026-09-30 01:15:30.166223,15.55,14.78,15.55,15.55,1028,62,2.3,113,0,0.0,Clear,clear sky,0
Kaposszentjakab,46.358056,17.821944,2026-09-30 01:15:31.412740,11.19,10.35,11.19,11.19,1028,76,1.73,81,0,0.0,Clear,clear sky,0
Kaposvár,46.352778,17.795,2026-09-30 01:15:32.614756,10.94,10.07,10.94,10.94,1028,76,1.78,82,0,0.0,Clear,clear sky,0
Kaposújlak,46.366667,17.715,2026-09-30 01:15:33.824317,11.02,10.19,11.02,11.02,1028,77,2.06,88,0,0.0,Clear,clear sky,0
Kaposmérő,46.365278,17.698889,2026-09-30 01:15:35.070936,10.91,10.07,10.91,10.91,1028,77,2.07,90,0,0.0,Clear,clear sky,0
Kaposfő,46.364167,17.656667,2026-09-30 01:15:36.317964,10.83,10.01,10.83,10.83,1028,78,2.05,91,0,0.0,Clear,clear sky,0
Kiskorpád,46.361389,17.606667,2026-09-30 01:15:37.570898,10.72,9.88,10.72,10.72,1028,78,2.0,91,0,0.0,Clear,clear sky,0
Jákó-Nagybajom,46.344444,17.554444,2026-09-30 01:15:38.779875,10.7,9.89,10.7,10.7,1028,79,1.78,91,0,0.0,Clear,clear sky,0
Kutas,46.326111,17.453889,2026-09-30 01:15:40.007028,10.78,10.0,10.78,10.78,1028,80,1.59,94,0,0.0,Clear,clear sky,0
Beleg,46.316944,17.420556,2026-09-30 01:15:41.249459,10.82,10.05,10.82,10.82,1028,80,1.58,93,0,0.0,Clear,clear sky,0
Ötvöskónyi,46.292778,17.358056,2026-09-30 01:15:42.521131,10.8,10.02,10.8,10.8,1028,80,1.61,89,0,0.0,Clear,clear sky,0
Somogyszob,46.289167,17.305556,2026-09-30 01:15:43.770052,10.71,9.95,10.71,10.71,1028,81,1.66,89,0,0.0,Clear,clear sky,0
Bolhás,46.282222,17.275278,2026-09-30 01:15:44.982230,10.67,9.91,10.67,10.67,1028,81,1.69,88,0,0.0,Clear,clear sky,0
Szenta,46.274167,17.182222,2026-09-30 01:15:46.208977,10.67,9.91,10.67,10.67,1028,81,1.71,86,0,0.0,Clear,clear sky,0
Zrínyitelep,46.275278,17.138056,2026-09-30 01:15:47.453430,10.66,9.92,10.66,10.66,1028,82,1.69,86,0,0.0,Clear,clear sky,0
Csurgó,46.261111,17.091667,2026-09-30 01:15:48.705135,10.76,10.03,10.76,10.76,1028,82,1.53,84,0,0.0,Clear,clear sky,0
Gyékényes,46.249167,16.956389,2026-09-30 01:15:49.959062,10.6,9.88,10.6,10.6,1028,83,1.24,103,0,0.0,Clear,clear sky,0
Adony,47.106111,18.847778,2026-09-30 01:15:51.165899,12.49,11.47,12.49,12.49,1029,64,2.25,77,0,0.0,Clear,clear sky,0
Kulcs,47.051111,18.8975,2026-09-30 01:15:52.393199,12.2,11.17,12.2,12.2,1029,65,2.01,81,0,0.0,Clear,clear sky,0
Rácalmás,47.023333,18.908889,2026-09-30 01:15:53.639260,12.11,11.07,12.11,12.11,1029,65,2.01,83,0,0.0,Clear,clear sky,0
Dunaújváros,46.960556,18.913889,2026-09-30 01:15:54.894815,12.07,11.03,12.07,12.07,1029,65,2.03,85,0,0.0,Clear,clear sky,0
Újvenyim,46.936944,18.868889,2026-09-30 01:15:56.143965,12.11,11.1,12.11,12.11,1028,66,2.18,85,0,0.0,Clear,clear sky,0
Mezőfalva,46.905556,18.810278,2026-09-30 01:15:57.350479,12.05,11.03,12.05,12.05,1028,66,2.36,84,0,0.0,Clear,clear sky,0
Nagykarácsony felső,46.866047,18.783064,2026-09-30 01:15:58.581822,12.13,11.12,12.13,12.13,1028,66,2.34,83,0,0.0,Clear,clear sky,0
Nagykarácsony,46.848729,18.765722,2026-09-30 01:15:59.825980,11.91,10.91,11.91,11.91,1028,67,2.3,83,0,0.0,Clear,clear sky,0
Alap,46.831944,18.657778,2026-09-30 01:16:01.076689,12.07,11.11,12.07,12.07,1028,68,1.98,82,0,0.0,Clear,clear sky,0
Cece,46.773333,18.623333,2026-09-30 01:16:02.335243,12.05,11.11,12.05,12.05,1028,69,1.81,85,0,0.0,Clear,clear sky,0
Vajta,46.713611,18.648056,2026-09-30 01:16:03.543221,12.04,11.13,12.04,12.04,1028,70,1.93,91,0,0.0,Clear,clear sky,0
Rétszilas alsó,46.829167,18.639444,2026-09-30 01:16:04.774590,12.07,11.11,12.07,12.07,1028,68,1.98,82,0,0.0,Clear,clear sky,0
Nagydorog,46.615485,18.65002,2026-09-30 01:16:06.013526,12.01,11.09,12.01,12.01,1028,70,1.97,89,0,0.0,Clear,clear sky,0
Tengelic,46.516111,18.695278,2026-09-30 01:16:07.260341,11.87,10.97,11.87,11.87,1028,71,1.87,79,0,0.0,Clear,clear sky,0
Fácánkert,46.449041,18.735661,2026-09-30 01:16:08.506300,11.92,11.07,11.92,11.92,1028,73,1.39,73,0,0.0,Clear,clear sky,0
Tolna-Mözs,46.416389,18.750556,2026-09-30 01:16:09.714386,11.96,11.12,11.96,11.96,1028,73,1.16,66,0,0.0,Clear,clear sky,0
Szekszárd-Palánk,46.38027777777778,18.72833333333333,2026-09-30 01:16:10.945690,12.0,11.16,12.0,12.0,1028,73,0.94,73,0,0.0,Clear,clear sky,0
Szekszárd,46.349444,18.7125,2026-09-30 01:16:12.186086,11.99,11.15,11.99,11.99,1028,73,0.7,73,0,0.0,Clear,clear sky,0
Őcsény,46.318889,18.7425,2026-09-30 01:16:13.433953,12.01,11.15,12.01,12.01,1028,72,0.38,42,0,0.0,Clear,clear sky,0
Decs,46.283889,18.756111,2026-09-30 01:16:14.684277,12.01,11.15,12.01,12.01,1028,72,0.31,33,0,0.0,Clear,clear sky,0
Csikóstőttős,46.337222,18.152778,2026-09-30 01:16:15.901909,11.59,10.68,11.59,11.59,1028,72,1.66,103,0,0.0,Clear,clear sky,0
Mágocs-Alsómocsolád,46.31027777777778,18.222222222222225,2026-09-30 01:16:17.130215,11.08,10.1,11.08,11.08,1028,71,2.02,114,0,0.0,Clear,clear sky,0
Szalatnak,46.284444444444446,18.288611111111113,2026-09-30 01:16:18.379147,11.39,10.44,11.39,11.39,1028,71,2.23,119,0,0.0,Clear,clear sky,0
Máza-Szászvár,46.279167,18.411389,2026-09-30 01:16:19.639868,11.45,10.5,11.45,11.45,1028,71,2.1,119,0,0.0,Clear,clear sky,0
Váralja,46.281667,18.436111,2026-09-30 01:16:20.886659,11.56,10.63,11.56,11.56,1028,71,1.79,119,0,0.0,Clear,clear sky,0
Nagymányok,46.280278,18.459167,2026-09-30 01:16:22.093048,11.56,10.63,11.56,11.56,1028,71,1.79,119,0,0.0,Clear,clear sky,0
Hidas-Bonyhád,46.269444,18.523333,2026-09-30 01:16:23.319452,11.55,10.61,11.55,11.55,1028,71,1.31,117,0,0.0,Clear,clear sky,0
Mőcsény,46.2575,18.591944,2026-09-30 01:16:24.557962,11.35,10.39,11.35,11.35,1028,71,0.61,100,0,0.0,Clear,clear sky,0
Bátaszék,46.202222,18.715556,2026-09-30 01:16:25.807333,11.95,11.11,11.95,11.95,1028,73,0.5,51,0,0.0,Clear,clear sky,0
Pörböly,46.199167,18.826389,2026-09-30 01:16:27.056917,12.0,11.16,12.0,12.0,1028,73,0.42,48,0,0.0,Clear,clear sky,0
Orosháza,46.566111,20.664722,2026-09-30 01:16:28.268599,13.4,12.41,13.4,13.4,1028,62,2.27,112,0,0.0,Clear,clear sky,0
Orosházi tanyák,46.596944,20.760556,2026-09-30 01:16:29.496957,13.4,12.41,13.4,13.4,1028,62,2.36,111,0,0.0,Clear,clear sky,0
Csorvás,46.623611,20.840833,2026-09-30 01:16:30.745820,13.37,12.41,13.37,13.37,1029,63,2.23,111,0,0.0,Clear,clear sky,0
Csorvás alsó,46.634722,20.888333,2026-09-30 01:16:31.992899,13.39,12.43,13.39,13.39,1029,63,2.21,111,0,0.0,Clear,clear sky,0
Telekgerendás,46.656111,20.963889,2026-09-30 01:16:33.247235,13.41,12.45,13.41,13.41,1029,63,2.42,111,0,0.0,Clear,clear sky,0
Fürjes,46.67214,21.02306,2026-09-30 01:16:34.455941,13.45,12.5,13.45,13.45,1029,63,2.69,114,0,0.0,Clear,clear sky,0
Fényes,46.659876,21.16618,2026-09-30 01:16:35.686831,13.53,12.61,13.53,13.53,1030,64,2.87,119,0,0.0,Clear,clear sky,0
Bicere,46.66,21.179444,2026-09-30 01:16:36.928458,13.53,12.61,13.53,13.53,1029,64,2.94,121,0,0.0,Clear,clear sky,0
Gyula,46.656389,21.273333,2026-09-30 01:16:38.177220,13.56,12.62,13.56,13.56,1029,63,3.32,130,0,0.0,Clear,clear sky,0
József Szanatórium,46.704722,21.3325,2026-09-30 01:16:39.435310,13.51,12.56,13.51,13.51,1029,63,3.78,140,0,0.0,Clear,clear sky,0
Sarkadi Cukorgyár,46.73,21.383611,2026-09-30 01:16:40.642871,13.48,12.53,13.48,13.48,1029,63,3.71,143,0,0.0,Clear,clear sky,0
Sarkad,46.736944,21.402222,2026-09-30 01:16:41.867780,13.45,12.5,13.45,13.45,1029,63,3.64,143,0,0.0,Clear,clear sky,0
Kötegyán,46.758333,21.479722,2026-09-30 01:16:43.107791,13.4,12.47,13.4,13.4,1029,64,3.06,144,0,0.0,Clear,clear sky,0
Méhkerék,46.774444,21.455556,2026-09-30 01:16:44.363823,13.38,12.44,13.38,13.38,1029,64,2.89,146,0,0.0,Clear,clear sky,0
Sarkadkeresztúr,46.823611,21.4175,2026-09-30 01:16:45.613410,13.36,12.42,13.36,13.36,1029,64,2.79,148,0,0.0,Clear,clear sky,0
Okány,46.8925,21.339167,2026-09-30 01:16:46.821991,13.31,12.34,13.31,13.31,1029,63,2.89,156,0,0.0,Clear,clear sky,0
Újszeged,46.242222,20.16,2026-09-30 01:16:48.043794,16.75,16.28,16.75,16.75,1028,69,1.52,111,0,0.0,Clear,clear sky,0
Szőreg,46.211389,20.183056,2026-09-30 01:16:49.286963,16.74,16.27,16.74,16.74,1028,69,1.62,115,0,0.0,Clear,clear sky,0
Deszk,46.210278,20.246389,2026-09-30 01:16:50.534674,16.75,16.26,16.75,16.75,1028,68,1.79,112,0,0.0,Clear,clear sky,0
Kiszombor,46.191944,20.413056,2026-09-30 01:16:51.781955,13.26,12.42,13.26,13.26,1028,68,1.98,107,0,0.0,Clear,clear sky,0
Kiszombor megálló,46.191111,20.430833,2026-09-30 01:16:52.996498,13.26,12.42,13.26,13.26,1028,68,1.98,107,0,0.0,Clear,clear sky,0
Makó,46.204722,20.474722,2026-09-30 01:16:54.221412,13.28,12.44,13.28,13.28,1028,68,2.06,108,0,0.0,Clear,clear sky,0
Apátfalva,46.175193,20.580611,2026-09-30 01:16:55.465152,13.48,12.66,13.48,13.48,1029,68,2.41,111,0,0.0,Clear,clear sky,0
Magyarcsanád,46.174444,20.610278,2026-09-30 01:16:56.715632,13.54,12.73,13.54,13.54,1029,68,2.44,111,0,0.0,Clear,clear sky,0
Nagylak,46.17,20.708333,2026-09-30 01:16:57.968887,16.21,15.66,16.21,16.21,1029,68,2.44,110,0,0.0,Clear,clear sky,0
Nagylaki Kendergyár,46.189167,20.717222,2026-09-30 01:16:59.176108,16.2,15.65,16.2,16.2,1029,68,2.5,111,0,0.0,Clear,clear sky,0
Csanádpalota,46.236111,20.7325,2026-09-30 01:17:00.399452,16.19,15.61,16.19,16.19,1029,67,2.61,112,0,0.0,Clear,clear sky,0
Mezőhegyes,46.310833,20.815556,2026-09-30 01:17:01.647415,16.13,15.52,16.13,16.13,1029,66,3.05,112,0,0.0,Clear,clear sky,0
Végegyháza,46.384444,20.878611,2026-09-30 01:17:02.893317,16.15,15.54,16.15,16.15,1029,66,3.0,110,0,0.0,Clear,clear sky,0
Mezőkovácsháza,46.408333,20.9,2026-09-30 01:17:04.153193,16.15,15.52,16.15,16.15,1029,65,2.91,109,0,0.0,Clear,clear sky,0
Mezőkovácsháza felső,46.415556,20.918056,2026-09-30 01:17:05.368529,16.16,15.53,16.16,16.16,1029,65,2.73,111,0,0.0,Clear,clear sky,0
Magyarbánhegyes,46.451389,20.97,2026-09-30 01:17:06.603866,13.7,12.85,13.7,13.7,1029,66,2.47,111,0,0.0,Clear,clear sky,0
Medgyesegyháza,46.495278,21.029167,2026-09-30 01:17:07.847412,13.6,12.71,13.6,13.6,1029,65,2.2,112,0,0.0,Clear,clear sky,0
Bánkút,46.505278,21.091944,2026-09-30 01:17:09.095597,13.63,12.75,13.63,13.63,1029,65,2.19,111,0,0.0,Clear,clear sky,0
Belsőperegpuszta,46.321111,20.916667,2026-09-30 01:17:10.355922,16.13,15.55,16.13,16.13,1029,67,3.07,114,0,0.0,Clear,clear sky,0
Battonya,46.282222,21.003889,2026-09-30 01:17:11.569936,16.13,16.41,16.04,17.28,1029,100,3.0,118,0,0.0,Clear,clear sky,0
Baja-Dunafürdő,46.193333,18.919167,2026-09-30 01:17:12.811902,12.02,11.18,12.02,12.02,1028,73,0.76,109,0,0.0,Clear,clear sky,0
Kaposszekcső,46.330556,18.143056,2026-09-30 01:17:14.070610,11.59,10.68,11.59,11.59,1028,72,1.66,103,0,0.0,Clear,clear sky,0
Vásárosdombó,46.310556,18.138889,2026-09-30 01:17:15.320658,11.5,10.59,11.5,11.5,1028,72,1.71,113,0,0.0,Clear,clear sky,0
Sásd,46.257222,18.104722,2026-09-30 01:17:16.578507,11.44,10.49,11.44,11.44,1028,71,1.78,123,0,0.0,Clear,clear sky,0
Godisa,46.223333,18.104722,2026-09-30 01:17:17.787350,14.4,13.75,14.4,14.4,1028,71,1.87,122,0,0.0,Clear,clear sky,0
Abaliget,46.152778,18.073611,2026-09-30 01:17:19.012887,14.01,13.32,14.01,14.01,1028,71,1.94,99,0,0.0,Clear,clear sky,0
Hetvehely,46.128333,18.045,2026-09-30 01:17:20.266488,14.2,13.56,14.2,14.2,1028,72,1.87,92,0,0.0,Clear,clear sky,0
Bükkösd,46.113056,17.999444,2026-09-30 01:17:21.514513,14.36,13.73,14.36,14.36,1028,72,1.75,90,0,0.0,Clear,clear sky,0
Cserdi-Helesfa,46.086667,17.987778,2026-09-30 01:17:22.774333,14.44,13.82,14.44,14.44,1028,72,1.68,88,0,0.0,Clear,clear sky,0
Szentlőrinc,46.033333,17.990833,2026-09-30 01:17:23.983710,14.5,13.42,14.5,14.5,1028,54,3.6,60,0,0.0,Clear,clear sky,0
Bicsérd,46.041389,18.057778,2026-09-30 01:17:25.219954,14.41,13.32,14.41,14.41,1028,54,3.6,60,0,0.0,Clear,clear sky,0
Mecsekalja-Cserkút,46.059722,18.150278,2026-09-30 01:17:26.458602,14.54,13.46,14.54,14.54,1028,54,3.6,60,0,0.0,Clear,clear sky,0
Pécs,46.065833,18.223611,2026-09-30 01:17:27.710403,14.46,13.37,14.46,14.46,1028,54,3.6,60,0,0.0,Clear,clear sky,0
Pécs-Külváros,46.071667,18.24,2026-09-30 01:17:28.977938,14.43,13.34,14.43,14.43,1028,54,3.6,60,0,0.0,Clear,clear sky,0
Pécsbánya-Rendező,46.063333,18.270278,2026-09-30 01:17:30.186158,14.28,13.17,14.28,14.28,1028,54,3.6,60,0,0.0,Clear,clear sky,0
Pécsudvard,46.01,18.275556,2026-09-30 01:17:31.411530,14.21,13.1,14.21,14.21,1028,54,3.6,60,0,0.0,Clear,clear sky,0
Szőkéd,45.9675,18.29,2026-09-30 01:17:32.658924,14.39,13.29,14.39,14.39,1028,54,3.6,60,0,0.0,Clear,clear sky,0
Áta,45.936389,18.306944,2026-09-30 01:17:33.919394,14.49,13.4,14.49,14.49,1028,54,3.6,60,0,0.0,Clear,clear sky,0
Kistótfalu,45.909722,18.315278,2026-09-30 01:17:35.186109,14.53,13.45,14.53,14.53,1027,54,3.6,60,0,0.0,Clear,clear sky,0
Vokány,45.899722,18.334722,2026-09-30 01:17:36.412163,14.49,13.4,14.49,14.49,1027,54,3.6,60,0,0.0,Clear,clear sky,0
Palkonya,45.891667,18.393889,2026-09-30 01:17:37.635463,14.52,13.44,14.52,14.52,1027,54,3.6,60,0,0.0,Clear,clear sky,0
Villánykövesd,45.879722,18.425833,2026-09-30 01:17:38.876545,14.48,13.39,14.48,14.48,1028,54,3.6,60,0,0.0,Clear,clear sky,0
Villány,45.8775,18.451389,2026-09-30 01:17:40.131940,14.6,14.26,14.6,14.6,1028,82,1.92,64,0,0.0,Clear,clear sky,0
Magyarbóly,45.834167,18.491944,2026-09-30 01:17:41.384914,14.66,14.35,14.66,14.66,1027,83,1.77,66,0,0.0,Clear,clear sky,0
Magyarszék,46.210278,18.188056,2026-09-30 01:17:42.593043,14.25,13.58,14.25,14.25,1028,71,1.99,122,0,0.0,Clear,clear sky,0
Mecsekpölöske,46.224167,18.213056,2026-09-30 01:17:43.818341,14.07,13.39,14.07,14.07,1028,71,2.02,126,0,0.0,Clear,clear sky,0
Mecsekjánosi,46.215278,18.241944,2026-09-30 01:17:45.063809,14.06,13.38,14.06,14.06,1028,71,2.01,123,0,0.0,Clear,clear sky,0
Komló,46.189167,18.265278,2026-09-30 01:17:46.310990,13.75,13.03,13.75,13.75,1028,71,1.92,119,0,0.0,Clear,clear sky,0
Királyegyháza-Rigópuszta,45.989167,17.971667,2026-09-30 01:17:47.564978,14.58,14.05,14.58,14.58,1027,75,1.56,103,0,0.0,Clear,clear sky,0
Sumony,45.960833,17.913333,2026-09-30 01:17:48.773116,14.61,14.11,14.61,14.61,1027,76,1.34,107,0,0.0,Clear,clear sky,0
Okorág-Kárászpuszta,45.933611,17.864444,2026-09-30 01:17:50.006065,14.62,14.15,14.62,14.62,1027,77,1.49,105,0,0.0,Clear,clear sky,0
Kákics,45.904167,17.8525,2026-09-30 01:17:51.248944,11.32,10.54,11.32,11.32,1027,78,1.66,98,0,0.0,Clear,clear sky,0
Bóly,45.9375,18.538333,2026-09-30 01:17:52.503178,14.43,14.02,14.43,14.43,1028,80,1.86,55,0,0.0,Clear,clear sky,0
Mohács,46.0025,18.683333,2026-09-30 01:17:53.755263,11.72,10.98,11.72,11.72,1028,78,1.39,44,0,0.0,Clear,clear sky,0
Sellye,45.873333,17.858889,2026-09-30 01:17:54.969429,11.33,10.58,11.33,11.33,1027,79,1.81,97,0,0.0,Clear,clear sky,0
Toponár,46.398333,17.840833,2026-09-30 01:17:56.198316,11.09,10.24,11.09,11.09,1028,76,1.8,83,0,0.0,Clear,clear sky,0
Somogyaszaló,46.453611,17.840278,2026-09-30 01:17:57.440800,10.99,10.1,10.99,10.99,1028,75,1.97,87,0,0.0,Clear,clear sky,0
Mernye,46.509444,17.832222,2026-09-30 01:17:58.694958,11.16,10.24,11.16,11.16,1028,73,2.26,94,0,0.0,Clear,clear sky,0
Felsőmocsolád,46.556389,17.8225,2026-09-30 01:17:59.949913,11.04,10.11,11.04,11.04,1028,73,2.35,95,0,0.0,Clear,clear sky,0
Kisbárapáti,46.615,17.866667,2026-09-30 01:18:01.158872,10.94,10.0,10.94,10.94,1028,73,2.41,94,0,0.0,Clear,clear sky,0
Bonnya,46.611389,17.909167,2026-09-30 01:18:02.387975,11.27,10.33,11.27,11.27,1028,72,2.38,90,0,0.0,Clear,clear sky,0
Andocs,46.646944,17.8925,2026-09-30 01:18:03.630491,10.7,9.73,10.7,10.7,1028,73,2.38,94,0,0.0,Clear,clear sky,0
Karád,46.681111,17.874722,2026-09-30 01:18:04.880700,11.11,10.21,11.11,11.11,1028,74,2.34,91,0,0.0,Clear,clear sky,0
Somogymeggyes,46.720556,17.920556,2026-09-30 01:18:06.136368,10.7,9.78,10.7,10.7,1028,75,2.17,84,0,0.0,Clear,clear sky,0
Kapoly,46.713611,17.977778,2026-09-30 01:18:07.344680,11.12,10.25,11.12,11.12,1028,75,1.96,82,0,0.0,Clear,clear sky,0
Tab,46.734167,18.041111,2026-09-30 01:18:08.570764,10.94,10.05,10.94,10.94,1028,75,1.73,77,0,0.0,Clear,clear sky,0
Bábonymegyer,46.746095,18.109921,2026-09-30 01:18:09.814602,11.11,10.23,11.11,11.11,1028,75,1.52,68,0,0.0,Clear,clear sky,0
Daránypuszta,46.764722,18.143889,2026-09-30 01:18:11.072273,11.31,10.43,11.31,11.31,1028,74,1.39,62,0,0.0,Clear,clear sky,0
Som-Nagyberény,46.803056,18.149444,2026-09-30 01:18:12.324468,11.58,10.73,11.58,11.58,1028,74,1.46,56,0,0.0,Clear,clear sky,0
Ádánd,46.854444,18.141667,2026-09-30 01:18:13.540893,11.75,10.89,11.75,11.75,1028,73,1.84,53,0,0.0,Clear,clear sky,0
Siójut,46.879444,18.126667,2026-09-30 01:18:14.769694,11.79,10.93,11.79,11.79,1028,73,2.08,51,0,0.0,Clear,clear sky,0
Kapostüskevár,46.367778,17.774167,2026-09-30 01:18:16.020119,11.13,10.31,11.13,11.13,1028,77,1.93,85,0,0.0,Clear,clear sky,0
Kaposfüred,46.415,17.759444,2026-09-30 01:18:17.273154,10.98,10.12,10.98,10.98,1028,76,2.05,91,0,0.0,Clear,clear sky,0
Várda,46.4625,17.721667,2026-09-30 01:18:18.525499,10.87,10.0,10.87,10.87,1028,76,2.3,102,0,0.0,Clear,clear sky,0
Somogyjád,46.490833,17.694444,2026-09-30 01:18:19.732949,10.99,10.13,10.99,10.99,1028,76,2.32,107,0,0.0,Clear,clear sky,0
Osztopán,46.515556,17.656944,2026-09-30 01:18:20.956963,10.95,10.09,10.95,10.95,1028,76,2.26,110,0,0.0,Clear,clear sky,0
Pamuk,46.553127,17.636412,2026-09-30 01:18:22.213074,11.11,10.26,11.11,11.11,1028,76,2.2,110,0,0.0,Clear,clear sky,0
Somogyvár,46.580556,17.634722,2026-09-30 01:18:23.460170,11.14,10.29,11.14,11.14,1028,76,2.11,107,0,0.0,Clear,clear sky,0
Öreglak,46.608607,17.632733,2026-09-30 01:18:24.716923,11.16,10.32,11.16,11.16,1028,76,1.99,104,0,0.0,Clear,clear sky,0
Tatárvár,46.636667,17.621111,2026-09-30 01:18:25.923688,11.04,10.21,11.04,11.04,1028,77,1.81,100,0,0.0,Clear,clear sky,0
Lengyeltóti,46.660556,17.613611,2026-09-30 01:18:27.148275,11.17,10.35,11.17,11.17,1028,77,1.74,93,0,0.0,Clear,clear sky,0
Pusztaberény,46.686111,17.594722,2026-09-30 01:18:28.389171,11.33,10.53,11.33,11.33,1028,77,1.79,86,0,0.0,Clear,clear sky,0
Örkény,47.132778,19.447222,2026-09-30 01:18:29.637250,12.3,11.34,12.3,12.3,1029,67,3.15,75,0,0.0,Clear,clear sky,0
Táborfalva,47.098545,19.479318,2026-09-30 01:18:30.897215,10.64,9.54,9.88,10.64,1029,68,3.15,73,0,0.0,Clear,clear sky,0
Felsőlajos,47.068834,19.498415,2026-09-30 01:18:32.124188,10.63,9.52,9.87,10.63,1029,68,3.14,73,0,0.0,Clear,clear sky,0
Lajosmizse,47.028333,19.542778,2026-09-30 01:18:33.376885,10.6,9.67,9.84,10.6,1029,75,1.54,60,0,0.0,Clear,clear sky,0
Lajosmizse alsó,47.0225,19.550278,2026-09-30 01:18:34.619292,10.61,9.68,9.85,10.61,1029,75,1.54,60,0,0.0,Clear,clear sky,0
Klábertelep,47.005556,19.551667,2026-09-30 01:18:35.867015,10.62,9.7,9.86,10.62,1029,75,1.54,60,0,0.0,Clear,clear sky,0
Méntelek,46.978611,19.570833,2026-09-30 01:18:37.137688,10.65,9.73,9.9,10.65,1029,75,1.54,60,0,0.0,Clear,clear sky,0
Hetényegyháza,46.930833,19.595,2026-09-30 01:18:38.345056,10.68,9.76,9.92,10.68,1029,75,1.6,67,0,0.0,Clear,clear sky,0
Kecskemét-Máriaváros,46.901192,19.675913,2026-09-30 01:18:39.597012,10.73,9.82,9.97,10.73,1029,75,1.6,67,0,0.0,Clear,clear sky,0
Nyársapát,47.100278,19.7925,2026-09-30 01:18:40.836607,9.99,9.05,9.99,10.75,1028,71,2.16,50,0,0.0,Clear,clear sky,0
Nagykőrös,47.038333,19.76,2026-09-30 01:18:42.083187,9.97,9.57,9.97,10.73,1029,71,1.54,60,0,0.0,Clear,clear sky,0
Katonatelep,46.963056,19.718889,2026-09-30 01:18:43.343986,9.94,9.48,9.94,10.69,1029,71,1.6,67,0,0.0,Clear,clear sky,0
Kecskemét,46.913889,19.700833,2026-09-30 01:18:44.551543,10.73,9.82,9.97,10.73,1029,75,1.6,67,0,0.0,Clear,clear sky,0
Városföld,46.816667,19.753333,2026-09-30 01:18:45.798624,10.03,8.94,10.03,10.78,1028,71,1.54,60,0,0.0,Clear,clear sky,0
Kiskunfélegyháza,46.7067,19.83474,2026-09-30 01:18:47.044873,10.08,8.95,10.08,10.84,1029,69,1.89,106,0,0.0,Clear,clear sky,0
Petőfiszállás,46.617374,19.865229,2026-09-30 01:18:48.299414,15.5,14.8,15.5,15.5,1028,65,1.82,110,0,0.0,Clear,clear sky,0
Csengele,46.538321,19.909008,2026-09-30 01:18:49.556589,16.64,16.03,15.48,16.64,1028,64,1.77,111,0,0.0,Clear,clear sky,0
Kistelek,46.466944,19.966944,2026-09-30 01:18:50.764513,16.7,15.89,16.7,16.7,1028,56,1.73,112,0,0.0,Clear,clear sky,0
Balástya,46.413333,20.001389,2026-09-30 01:18:52.013944,16.7,15.89,16.7,16.7,1028,56,1.64,111,0,0.0,Clear,clear sky,0
Szatymaz,46.345621,20.04374,2026-09-30 01:18:53.252351,16.72,15.91,16.72,16.72,1028,56,0.45,91,0,0.0,Clear,clear sky,0
Kiskundorozsma,46.271667,20.090556,2026-09-30 01:18:54.513843,16.75,15.94,16.75,16.75,1028,56,1.4,109,0,0.0,Clear,clear sky,0
Szeged,46.239722,20.143056,2026-09-30 01:18:55.767540,16.73,15.92,16.73,16.73,1028,56,1.52,113,0,0.0,Clear,clear sky,0
Alsóúrrét,46.898392,19.779891,2026-09-30 01:18:56.982390,10.01,8.92,10.01,10.77,1029,71,1.6,67,0,0.0,Clear,clear sky,0
Nyárlőrinc,46.87,19.851389,2026-09-30 01:18:58.240088,10.05,8.96,10.05,10.8,1028,71,1.54,60,0,0.0,Clear,clear sky,0
Világoshegy,46.855278,19.940278,2026-09-30 01:18:59.494259,10.08,9.0,10.08,10.84,1028,71,1.54,60,0,0.0,Clear,clear sky,0
Szikra,46.858333,19.975,2026-09-30 01:19:00.748919,10.08,9.0,10.08,10.84,1028,71,1.54,60,0,0.0,Clear,clear sky,0
Lakitelek,46.873056,20.003611,2026-09-30 01:19:02.010762,10.13,9.05,10.13,10.89,1028,71,1.54,60,0,0.0,Clear,clear sky,0
Tiszaug,46.850556,20.074167,2026-09-30 01:19:03.226662,15.21,14.04,10.2,15.58,1027,48,1.42,96,0,0.0,Clear,clear sky,0
Tiszasas,46.826389,20.089167,2026-09-30 01:19:04.477280,15.56,14.42,15.55,15.56,1027,48,1.42,96,0,0.0,Clear,clear sky,0
Csépa,46.8125,20.134722,2026-09-30 01:19:05.716250,15.56,14.42,15.55,15.56,1027,48,1.64,109,0,0.0,Clear,clear sky,0
Szelevény,46.811944,20.196389,2026-09-30 01:19:06.967277,15.57,14.44,15.56,15.57,1027,48,1.68,111,0,0.0,Clear,clear sky,0
Gátér,46.685,19.9625,2026-09-30 01:19:08.225331,15.56,14.42,15.55,15.56,1028,48,1.83,112,0,0.0,Clear,clear sky,0
Kónyaszék,46.699931,20.074299,2026-09-30 01:19:09.433259,15.57,14.44,15.57,15.57,1027,48,1.92,120,0,0.0,Clear,clear sky,0
Csongrád,46.704444,20.140556,2026-09-30 01:19:10.686995,15.58,14.45,15.57,15.58,1027,48,1.94,121,0,0.0,Clear,clear sky,0
Hékéd,46.675,20.266667,2026-09-30 01:19:11.926062,15.57,14.41,15.57,15.58,1028,47,1.79,119,0,0.0,Clear,clear sky,0
Fábiánsebestyén,46.670278,20.456667,2026-09-30 01:19:13.184827,15.56,14.4,15.56,15.57,1028,47,1.98,116,0,0.0,Clear,clear sky,0
Gádoros,46.656711,20.588157,2026-09-30 01:19:14.440410,15.55,14.78,15.55,15.55,1028,62,2.07,113,0,0.0,Clear,clear sky,0
Justhmajor,46.62,20.615833,2026-09-30 01:19:15.648621,15.55,14.81,15.55,15.55,1028,63,2.16,113,0,0.0,Clear,clear sky,0
Szentetornya,46.590964,20.628334,2026-09-30 01:19:16.898818,15.54,14.79,15.54,15.54,1028,63,2.21,113,0,0.0,Clear,clear sky,0
Gyopárosfürdő,46.567784,20.630662,2026-09-30 01:19:18.137776,15.53,14.81,15.53,15.53,1028,64,2.27,112,0,0.0,Clear,clear sky,0
Szabadságliget,47.626123,18.893481,2026-09-30 01:19:19.390370,14.52,13.54,13.59,15.65,1028,58,2.85,87,0,0.0,Clear,clear sky,0
Röszke,46.19261,20.03055,2026-09-30 01:19:20.642501,16.75,15.94,16.75,16.75,1029,56,1.29,115,0,0.0,Clear,clear sky,0
Tószeg,47.098056,20.138333,2026-09-30 01:19:21.851721,11.02,10.03,11.02,11.02,1028,71,1.03,70,0,0.0,Clear,clear sky,0
Tiszavárkony,47.059444,20.143056,2026-09-30 01:19:23.074045,11.03,10.04,11.03,11.03,1028,71,1.03,70,0,0.0,Clear,clear sky,0
Tiszajenő-Vezseny,47.036319,20.142415,2026-09-30 01:19:24.336978,11.03,10.04,11.03,11.03,1028,71,1.03,70,0,0.0,Clear,clear sky,0
Újbög,46.962222,20.093889,2026-09-30 01:19:25.585657,10.99,9.92,10.15,10.99,1028,68,1.47,47,0,0.0,Clear,clear sky,0
Tiszakécske,46.937512,20.082016,2026-09-30 01:19:26.836928,10.71,9.59,10.16,11.0,1028,67,1.4,52,0,0.0,Clear,clear sky,0
Kerekdomb,46.906944,20.052778,2026-09-30 01:19:28.082975,10.16,8.95,10.16,10.99,1028,66,1.31,60,0,0.0,Clear,clear sky,0
Tiszaalpár,46.818611,19.982778,2026-09-30 01:19:29.305535,13.91,12.61,10.12,15.5,1028,48,1.43,98,0,0.0,Clear,clear sky,0
Tiszaalpár alsó,46.790897,19.951409,2026-09-30 01:19:30.558705,13.78,12.47,10.12,15.5,1028,48,1.52,102,0,0.0,Clear,clear sky,0
Tiszatenyő,47.134167,20.3725,2026-09-30 01:19:31.812812,11.02,10.03,11.02,11.02,1028,71,1.03,70,0,0.0,Clear,clear sky,0
Pusztapó,47.091667,20.458333,2026-09-30 01:19:33.069605,11.03,10.04,11.03,11.03,1028,71,1.03,70,0,0.0,Clear,clear sky,0
Kétpó,47.076944,20.487778,2026-09-30 01:19:34.316616,11.03,10.04,11.03,11.03,1028,71,1.03,70,0,0.0,Clear,clear sky,0
Mezőtúr,47.0125,20.622778,2026-09-30 01:19:35.540135,12.78,11.89,12.78,12.78,1028,68,1.3,58,0,0.0,Clear,clear sky,0
Nagylapos,46.974167,20.750556,2026-09-30 01:19:36.782781,12.9,12.0,12.9,12.9,1028,67,1.38,88,0,0.0,Clear,clear sky,0
Gyoma,46.925833,20.821667,2026-09-30 01:19:38.029927,12.97,12.05,12.97,12.97,1029,66,1.81,106,0,0.0,Clear,clear sky,0
Csárdaszállás,46.861111,20.932778,2026-09-30 01:19:39.282154,13.1,12.16,13.1,13.1,1029,65,2.62,125,0,0.0,Clear,clear sky,0
Mezőberény,46.814722,21.013056,2026-09-30 01:19:40.534322,13.18,12.25,13.18,13.18,1029,65,2.87,126,0,0.0,Clear,clear sky,0
Murony,46.756944,21.038056,2026-09-30 01:19:41.764916,13.26,12.34,13.26,13.26,1029,65,2.94,122,0,0.0,Clear,clear sky,0
Békéscsaba,46.669722,21.081667,2026-09-30 01:19:43.002765,13.34,12.48,13.34,13.34,1030,67,2.89,117,0,0.0,Clear,clear sky,0
Kétegyháza,46.5325,21.171944,2026-09-30 01:19:44.252003,13.5,12.71,13.5,13.5,1029,69,2.37,111,0,0.0,Clear,clear sky,0
Lőkösháza,46.432222,21.2375,2026-09-30 01:19:45.507692,17.26,16.87,16.05,17.29,1029,70,2.68,116,0,0.0,Clear,clear sky,0
Kengyel,47.089722,20.339722,2026-09-30 01:19:46.758997,11.0,10.01,11.0,11.0,1028,71,1.03,70,0,0.0,Clear,clear sky,0
Bagimajor,47.061111,20.316667,2026-09-30 01:19:47.985829,11.03,10.04,11.03,11.03,1028,71,1.03,70,0,0.0,Clear,clear sky,0
Martfű,47.019444,20.291667,2026-09-30 01:19:49.225189,11.01,10.02,11.01,11.01,1028,71,1.03,70,0,0.0,Clear,clear sky,0
Tiszaföldvár,46.975556,20.276389,2026-09-30 01:19:50.471929,11.01,10.02,11.01,11.01,1028,71,1.03,70,0,0.0,Clear,clear sky,0
Homok,46.9475,20.270278,2026-09-30 01:19:51.726982,11.01,10.02,11.01,15.55,1028,71,1.03,70,0,0.0,Clear,clear sky,0
Kungyalu,46.910833,20.2675,2026-09-30 01:19:52.974774,15.01,14.26,15.01,15.57,1028,65,1.27,72,0,0.0,Clear,clear sky,0
Kunszentmárton,46.848333,20.293333,2026-09-30 01:19:54.196956,15.0,13.81,15.0,15.55,1028,48,1.57,106,0,0.0,Clear,clear sky,0
Nagytőke,46.763333,20.291667,2026-09-30 01:19:55.458965,15.57,14.41,15.01,15.57,1028,47,1.89,119,0,0.0,Clear,clear sky,0
Szentes,46.657778,20.2725,2026-09-30 01:19:56.710885,15.57,14.41,15.02,15.57,1028,47,1.79,119,0,0.0,Clear,clear sky,0
Szegvár,46.588611,20.249444,2026-09-30 01:19:57.964450,15.57,14.41,15.02,15.57,1028,47,1.79,119,0,0.0,Clear,clear sky,0
Mindszent,46.524167,20.194167,2026-09-30 01:19:59.209813,15.58,14.42,15.03,15.58,1028,47,2.02,113,0,0.0,Clear,clear sky,0
Mártély,46.473333,20.236111,2026-09-30 01:20:00.432298,15.59,14.85,15.04,16.76,1028,63,2.0,115,0,0.0,Clear,clear sky,0
Pusztabánréve,46.939898,20.556809,2026-09-30 01:20:01.675016,12.9,11.97,12.9,12.9,1028,66,1.28,77,0,0.0,Clear,clear sky,0
Szarvas,46.860833,20.566667,2026-09-30 01:20:02.925837,13.0,12.03,13.0,13.0,1028,64,1.56,103,0,0.0,Clear,clear sky,0
Csabacsűd,46.823056,20.663333,2026-09-30 01:20:04.187139,13.09,12.13,13.09,13.09,1028,64,1.88,110,0,0.0,Clear,clear sky,0
Kisszénás,46.751389,20.721389,2026-09-30 01:20:05.445519,13.15,12.19,13.15,13.15,1028,64,2.11,110,0,0.0,Clear,clear sky,0
Kiscsákó,46.719167,20.717778,2026-09-30 01:20:06.672224,13.2,12.25,13.2,13.2,1028,64,2.1,109,0,0.0,Clear,clear sky,0
Nagyszénás,46.672778,20.674167,2026-09-30 01:20:07.914834,13.2,12.22,13.2,13.2,1028,63,2.09,110,0,0.0,Clear,clear sky,0
Kardoskút,46.498056,20.6975,2026-09-30 01:20:09.169352,13.32,12.43,13.32,13.32,1029,66,2.31,109,0,0.0,Clear,clear sky,0
Tótkomlós,46.409167,20.726944,2026-09-30 01:20:10.428873,13.43,12.6,13.43,13.43,1029,68,2.75,107,0,0.0,Clear,clear sky,0
Nagyér,46.365278,20.738333,2026-09-30 01:20:11.675239,13.5,12.71,13.5,13.5,1029,69,2.94,109,0,0.0,Clear,clear sky,0
Pitvaros,46.326175,20.746446,2026-09-30 01:20:12.907522,13.58,12.82,13.58,13.58,1029,70,3.05,111,0,0.0,Clear,clear sky,0
Dévaványa,47.033889,20.943333,2026-09-30 01:20:14.152436,12.88,11.97,12.88,12.88,1029,67,1.35,119,0,0.0,Clear,clear sky,0
Körösladány,46.97,21.085833,2026-09-30 01:20:15.399497,13.01,12.06,13.01,13.01,1029,65,2.24,154,0,0.0,Clear,clear sky,0
Szeghalom,47.015278,21.148333,2026-09-30 01:20:16.656021,12.96,12.03,12.96,12.96,1029,66,1.63,154,0,0.0,Clear,clear sky,0
Vésztő,46.938889,21.263611,2026-09-30 01:20:17.864962,13.12,12.16,13.12,13.12,1029,64,2.65,160,0,0.0,Clear,clear sky,0
Szeged-Rókus,46.266111,20.125278,2026-09-30 01:20:19.090267,16.75,15.94,16.75,16.75,1028,56,1.45,111,0,0.0,Clear,clear sky,0
Algyő,46.335556,20.196111,2026-09-30 01:20:20.331702,16.77,16.28,16.77,16.77,1028,68,1.67,109,0,0.0,Clear,clear sky,0
Hódmezővásárhelyi Népkert,46.403333,20.312778,2026-09-30 01:20:21.581912,15.58,14.89,15.58,15.58,1028,65,2.11,112,0,0.0,Clear,clear sky,0
Hódmezővásárhely,46.413333,20.34,2026-09-30 01:20:22.843755,15.57,14.88,15.57,15.57,1028,65,2.24,111,0,0.0,Clear,clear sky,0
Körmend,47.016389,16.599167,2026-09-30 01:20:24.054090,11.31,10.59,11.31,11.31,1027,80,1.21,180,0,0.0,Clear,clear sky,0
Szentgotthárd,46.957222,16.263056,2026-09-30 01:20:25.276611,11.2,10.57,11.2,11.2,1027,84,0.1,174,0,0.0,Clear,clear sky,0
Szombathely,47.237778,16.6325,2026-09-30 01:20:26.518431,11.44,10.57,11.44,11.44,1027,74,1.34,238,0,0.0,Clear,clear sky,0
Sáferkút,48.010278,19.071389,2026-09-30 01:20:27.769084,11.48,10.51,11.48,11.48,1029,70,2.06,92,0,0.0,Clear,clear sky,0
Magdolnavölgy,47.6475,18.818889,2026-09-30 01:20:29.025998,14.0,12.97,13.61,15.72,1028,58,2.84,92,0,0.0,Clear,clear sky,0
Haris,46.964722,16.2825,2026-09-30 01:20:30.232690,11.22,10.56,11.22,11.22,1027,83,0.17,197,0,0.0,Clear,clear sky,0
Egyházasrádóc,47.091389,16.62,2026-09-30 01:20:31.458472,11.22,10.43,11.22,11.22,1027,78,0.89,203,0,0.0,Clear,clear sky,0
Alsórönök,46.964167,16.379444,2026-09-30 01:20:32.779496,11.22,10.56,11.22,11.22,1027,83,0.33,192,0,0.0,Clear,clear sky,0
Szombathely-Szőlős,47.206389,16.641667,2026-09-30 01:20:34.061607,11.48,10.64,11.48,11.48,1027,75,1.26,233,0,0.0,Clear,clear sky,0
Rátót,46.9675,16.433056,2026-09-30 01:20:35.355263,11.07,10.37,11.07,11.07,1027,82,0.76,181,0,0.0,Clear,clear sky,0
Ják-Balogunyom,47.161389,16.630556,2026-09-30 01:20:36.620973,11.48,10.67,11.48,11.48,1027,76,1.08,214,0,0.0,Clear,clear sky,0
Vasvár,47.056944,16.800278,2026-09-30 01:20:37.855139,11.39,10.62,11.39,11.39,1027,78,2.25,150,0,0.0,Clear,clear sky,0
Répcelak,47.418889,17.008889,2026-09-30 01:20:39.099623,11.96,11.07,11.96,11.96,1027,71,1.58,195,0,0.0,Clear,clear sky,0
Rajka,47.995556,17.191389,2026-09-30 01:20:40.353259,9.7,8.42,9.43,14.49,1028,64,2.57,30,0,0.0,Clear,clear sky,0
Püspökmolnári,47.086111,16.7675,2026-09-30 01:20:41.610391,11.42,10.65,11.42,11.42,1027,78,1.83,161,0,0.0,Clear,clear sky,0
Kőszeg,47.382222,16.556389,2026-09-30 01:20:42.819851,11.23,10.26,11.23,11.23,1027,71,1.59,217,0,0.0,Clear,clear sky,0
Kastélypark,47.390278,18.988333,2026-09-30 01:20:44.042393,16.14,15.25,15.63,16.52,1029,55,2.12,64,0,0.0,Clear,clear sky,0
Hanságliget,47.72,17.215556,2026-09-30 01:20:45.285862,12.24,11.32,12.24,12.24,1027,69,1.59,137,0,0.0,Clear,clear sky,0
Vica,47.477778,17.111944,2026-09-30 01:20:46.532888,12.01,11.09,12.01,12.01,1027,70,1.36,189,0,0.0,Clear,clear sky,0
Vép,47.235833,16.7275,2026-09-30 01:20:47.790087,11.53,10.67,11.53,11.53,1027,74,1.3,230,0,0.0,Clear,clear sky,0
Mosonszolnok,47.8525,17.160278,2026-09-30 01:20:49.007813,9.49,8.53,9.49,9.49,1027,68,2.08,129,0,0.0,Clear,clear sky,0
Jánossomorja,47.789167,17.1375,2026-09-30 01:20:50.230012,12.34,11.41,12.34,12.34,1027,68,1.62,141,0,0.0,Clear,clear sky,0
Bősárkány,47.685556,17.234167,2026-09-30 01:20:51.468290,14.96,14.31,14.96,14.96,1027,69,1.5,150,0,0.0,Clear,clear sky,0
Szil-Sopronnémeti,47.533333,17.209444,2026-09-30 01:20:52.715114,14.91,14.28,10.15,14.91,1027,70,1.5,168,0,0.0,Clear,clear sky,0
Magyarkeresztúr-Zsebeháza,47.514167,17.176111,2026-09-30 01:20:53.973657,14.91,14.28,10.14,14.91,1027,70,1.43,176,0,0.0,Clear,clear sky,0
Páli-Vadosfa,47.4925,17.137778,2026-09-30 01:20:55.180757,12.03,11.12,12.03,12.03,1027,70,1.37,183,0,0.0,Clear,clear sky,0
Beled,47.466667,17.084444,2026-09-30 01:20:56.401705,12.01,11.09,12.01,12.01,1027,70,1.36,189,0,0.0,Clear,clear sky,0
Dénesfa,47.448611,17.054722,2026-09-30 01:20:57.809803,12.0,11.11,12.0,12.0,1027,71,1.47,195,0,0.0,Clear,clear sky,0
Csánig,47.430278,17.026111,2026-09-30 01:20:59.063922,12.01,11.09,12.01,12.01,1027,70,1.54,196,0,0.0,Clear,clear sky,0
Vámoscsalád,47.385556,16.961667,2026-09-30 01:21:00.277065,11.93,11.03,11.93,11.93,1027,71,1.75,196,0,0.0,Clear,clear sky,0
Vasegerszeg,47.375,16.928889,2026-09-30 01:21:01.544216,11.89,10.99,11.89,11.89,1027,71,1.83,201,0,0.0,Clear,clear sky,0
Hegyfalu,47.357778,16.898333,2026-09-30 01:21:02.777019,11.89,10.99,11.89,11.89,1027,71,1.83,201,0,0.0,Clear,clear sky,0
Pósfa,47.326944,16.855833,2026-09-30 01:21:04.033979,11.87,10.99,11.87,11.87,1027,72,1.76,204,0,0.0,Clear,clear sky,0
Ölbő-Alsószeleste,47.300556,16.843056,2026-09-30 01:21:05.287318,11.59,10.68,11.59,11.59,1027,72,1.62,207,0,0.0,Clear,clear sky,0
Gencsapáti felső,47.299722,16.593889,2026-09-30 01:21:06.499229,11.39,10.49,11.39,11.39,1027,73,1.31,229,0,0.0,Clear,clear sky,0
Lukácsháza alsó,47.326389,16.586389,2026-09-30 01:21:07.754899,11.32,10.39,11.32,11.32,1027,72,1.41,225,0,0.0,Clear,clear sky,0
Kőszegfalva,47.361667,16.567778,2026-09-30 01:21:08.979975,11.32,10.39,11.32,11.32,1027,72,1.45,218,0,0.0,Clear,clear sky,0
Gyöngyöshermán,47.202778,16.657222,2026-09-30 01:21:10.253869,11.48,10.64,11.48,11.48,1027,75,1.26,233,0,0.0,Clear,clear sky,0
Bezenye,47.973611,17.207222,2026-09-30 01:21:11.507289,9.58,8.32,9.44,14.5,1028,66,2.51,114,0,0.0,Clear,clear sky,0
Kámon,47.254534,16.625769,2026-09-30 01:21:12.723655,11.44,10.57,11.44,11.44,1027,74,1.41,239,0,0.0,Clear,clear sky,0
Sorkifalud,47.1375,16.719167,2026-09-30 01:21:13.977837,11.48,10.69,11.48,11.48,1027,77,1.31,182,0,0.0,Clear,clear sky,0
Szentléránt,47.12,16.735556,2026-09-30 01:21:15.202911,11.48,10.69,11.48,11.48,1027,77,1.31,182,0,0.0,Clear,clear sky,0
Pácsony,47.009722,16.833611,2026-09-30 01:21:16.465534,11.28,10.53,11.28,11.28,1027,79,2.34,145,0,0.0,Clear,clear sky,0
Győrvár,46.99,16.840556,2026-09-30 01:21:17.722540,11.28,10.53,11.28,11.28,1027,79,2.34,145,0,0.0,Clear,clear sky,0
Egervár-Vasboldogasszony,46.942222,16.862222,2026-09-30 01:21:18.935897,11.42,10.71,11.42,11.42,1027,80,2.24,142,0,0.0,Clear,clear sky,0
Zalaszentlőrinc,46.913889,16.8775,2026-09-30 01:21:20.190984,11.35,10.66,11.35,11.35,1027,81,2.17,141,0,0.0,Clear,clear sky,0
Gencsapáti alsó,47.285833,16.6,2026-09-30 01:21:21.423855,11.42,10.52,11.42,11.42,1027,73,1.24,232,0,0.0,Clear,clear sky,0
Gyöngyösfalu,47.316111,16.59,2026-09-30 01:21:22.680173,11.39,10.49,11.39,11.39,1027,73,1.31,229,0,0.0,Clear,clear sky,0
Lukácsháza,47.341111,16.580556,2026-09-30 01:21:23.936482,11.28,10.34,11.28,11.28,1027,72,1.3,221,0,0.0,Clear,clear sky,0
Horvátnádalja,47.005278,16.544444,2026-09-30 01:21:25.147926,11.29,10.59,11.29,11.29,1027,81,1.22,180,0,0.0,Clear,clear sky,0
Csákánydoroszló,46.978333,16.499722,2026-09-30 01:21:26.406810,11.24,10.56,11.24,11.24,1027,82,0.98,178,0,0.0,Clear,clear sky,0
Váckisújfalu,47.705,19.340278,2026-09-30 01:21:27.654104,13.9,12.94,13.9,13.9,1029,61,2.24,93,0,0.0,Clear,clear sky,0
Csisztafürdő,46.681411,17.561797,2026-09-30 01:21:28.907413,11.3,10.55,11.3,11.3,1028,79,1.87,80,0,0.0,Clear,clear sky,0
Mórágy,46.236021,18.627255,2026-09-30 01:21:30.165388,11.39,10.46,11.39,11.39,1028,72,0.51,79,0,0.0,Clear,clear sky,0
Kismacs,47.551111,21.542778,2026-09-30 01:21:31.380171,11.9,10.87,11.9,11.9,1029,66,3.09,80,0,0.0,Clear,clear sky,0
Pusztaszentistván,47.439869,19.470254,2026-09-30 01:21:32.635373,15.84,14.73,13.86,15.84,1029,48,3.6,80,0,0.0,Clear,clear sky,0
Aranyvölgy,47.573795,19.017489,2026-09-30 01:21:33.913881,15.68,14.77,14.16,16.37,1029,56,1.34,3,0,0.0,Clear,clear sky,0
Szélhegy,47.601111,18.928056,2026-09-30 01:21:35.199151,15.08,14.11,13.81,16.01,1028,56,2.32,75,0,0.0,Clear,clear sky,0
Vörösvárbánya,47.61,18.913611,2026-09-30 01:21:36.497467,14.95,13.96,13.76,15.96,1028,56,2.32,75,0,0.0,Clear,clear sky,0
Máriaszőlőtelep,46.702778,17.411911,2026-09-30 01:21:37.765316,8.1,7.44,8.1,8.1,1027,87,1.54,0,0,0.0,Clear,clear sky,0
Akadémiaújtelep,47.485724,19.22294,2026-09-30 01:21:39.027005,15.83,14.88,14.12,16.33,1029,54,3.6,80,0,0.0,Clear,clear sky,0
Újpalota,47.5316,19.126206,2026-09-30 01:21:40.249341,15.86,14.94,14.21,16.42,1029,55,3.6,80,0,0.0,Clear,clear sky,0
"Szeged, Somogyi utca",46.250464,20.147713,2026-09-30 01:21:41.506305,16.71,15.9,16.71,16.71,1028,56,1.52,111,0,0.0,Clear,clear sky,0
"Hódmezővásárhely, Hősök tere",46.412183,20.31759,2026-09-30 01:21:42.760262,15.57,14.88,15.57,15.57,1028,65,2.11,112,0,0.0,Clear,clear sky,0
"Hódmezővásárhely, Kossuth tér",46.41465,20.319727,2026-09-30 01:21:43.968278,15.57,14.88,15.57,15.57,1028,65,2.11,112,0,0.0,Clear,clear sky,0
"Hódmezővásárhely, Strandfürdő",46.409147,20.315671,2026-09-30 01:21:45.217964,15.57,14.88,15.57,15.57,1028,65,2.11,112,0,0.0,Clear,clear sky,0
"Szeged, Széchenyi tér",46.252683,20.14935,2026-09-30 01:21:46.440476,16.71,15.9,16.71,16.71,1028,56,1.52,111,0,0.0,Clear,clear sky,0
"Szeged, Anna-kút",46.256184,20.147587,2026-09-30 01:21:47.668489,16.71,15.9,16.71,16.71,1028,56,1.52,111,0,0.0,Clear,clear sky,0
"Szeged, Rókusi templom",46.259255,20.141771,2026-09-30 01:21:48.921092,16.73,15.92,16.73,16.73,1028,56,1.52,111,0,0.0,Clear,clear sky,0
"Hódmezővásárhely, Kálvin János tér",46.416677,20.328532,2026-09-30 01:21:50.129069,15.57,14.88,15.57,15.57,1028,65,2.24,111,0,0.0,Clear,clear sky,0
Hódmezővásárhely vasútállomás,46.413242,20.338701,2026-09-30 01:21:51.391683,15.58,14.89,15.58,15.58,1028,65,2.24,111,0,0.0,Clear,clear sky,0
"Szeged, Tavasz utca",46.260715,20.139055,2026-09-30 01:21:52.609327,16.73,15.92,16.73,16.73,1028,56,1.52,111,0,0.0,Clear,clear sky,0
"Szeged, Damjanich utca",46.262753,20.135248,2026-09-30 01:21:53.823973,16.73,15.92,16.73,16.73,1028,56,1.52,111,0,0.0,Clear,clear sky,0
"Szeged, Vásárhelyi Pál utca",46.264173,20.131109,2026-09-30 01:21:55.082825,16.75,15.94,16.75,16.75,1028,56,1.52,111,0,0.0,Clear,clear sky,0
"Szeged, Bécsi körút ",46.243459,20.143809,2026-09-30 01:21:56.293450,16.75,15.94,16.75,16.75,1028,56,1.52,111,0,0.0,Clear,clear sky,0
Hódmezővásárhelyi Népkert vasútállomás,46.403733,20.312986,2026-09-30 01:21:57.549408,15.58,14.89,15.58,15.58,1028,65,2.11,112,0,0.0,Clear,clear sky,0
Szeged vasútállomás,46.239789,20.142561,2026-09-30 01:21:58.767190,16.75,15.94,16.75,16.75,1028,56,1.52,111,0,0.0,Clear,clear sky,0
"Szeged, Bem utca",46.240198,20.141247,2026-09-30 01:21:59.986902,16.75,15.94,16.75,16.75,1028,56,1.52,111,0,0.0,Clear,clear sky,0
"Szeged, Galamb utca",46.24153,20.142297,2026-09-30 01:22:01.239503,16.75,15.94,16.75,16.75,1028,56,1.52,111,0,0.0,Clear,clear sky,0
"Szeged, Aradi vértanúk tere",46.247839,20.147,2026-09-30 01:22:02.440838,16.71,15.9,16.71,16.71,1028,56,1.52,111,0,0.0,Clear,clear sky,0
"Szeged, Pulz utca",46.264452,20.126061,2026-09-30 01:22:03.693795,16.75,15.94,16.75,16.75,1028,56,1.52,111,0,0.0,Clear,clear sky,0
"Szeged, Rókus vasútállomás",46.266107,20.125686,2026-09-30 01:22:04.925164,16.75,15.94,16.75,16.75,1028,56,1.45,111,0,0.0,Clear,clear sky,0
Látókép,47.55787,21.524373,2026-09-30 01:22:06.159758,11.88,10.85,11.88,11.88,1029,66,3.09,80,0,0.0,Clear,clear sky,0
Szentmihálytelek,46.2229,20.0808,2026-09-30 01:22:07.420262,16.75,15.94,16.75,16.75,1029,56,1.37,113,0,0.0,Clear,clear sky,0
Kisvarsány,48.144356,22.297397,2026-09-30 01:22:08.634263,11.78,10.95,11.78,11.78,1030,74,2.93,103,0,0.0,Clear,clear sky,0
