station_name,station_lat,station_lon,observation_time,temp,feels_like,temp_min,temp_max,pressure,humidity,wind_speed,wind_deg,clouds,precipitation_1h,weather_main,weather_description,collection_hour
Búcsúszentlászló,46.793056,16.932778,2026-05-02 18:29:35.280564,20.84,20.13,20.84,20.84,1020,44,1.03,54,7,0.0,Clear,clear sky,18
Angyalföld,47.549722,19.09,2026-05-02 18:29:36.472036,16.22,15.15,15.54,19.23,1019,48,5.14,120,0,0.0,Clear,clear sky,18
Felsőjánosfa,46.841389,16.544167,2026-05-02 18:29:37.672659,19.11,18.33,19.11,19.11,1020,48,1.75,93,7,0.0,Clear,clear sky,18
Pankasz,46.835833,16.496111,2026-05-02 18:29:38.871528,18.83,18.02,18.83,18.83,1020,48,1.89,92,7,0.0,Clear,clear sky,18
Nagyrákos,46.827222,16.455556,2026-05-02 18:29:40.062772,18.79,17.98,18.79,18.79,1020,48,1.94,92,7,0.0,Clear,clear sky,18
Őriszentpéter,46.828889,16.415278,2026-05-02 18:29:41.257742,18.9,18.1,18.9,18.9,1020,48,1.99,92,6,0.0,Clear,clear sky,18
Törökbálint,47.45,18.908611,2026-05-02 18:29:42.448967,17.48,16.51,15.31,19.0,1019,47,0.89,117,21,0.0,Clouds,few clouds,18
Bicske alsó,47.486389,18.642778,2026-05-02 18:29:43.642787,17.8,16.84,16.34,18.39,1019,46,2.22,166,22,0.0,Clouds,few clouds,18
Bajánsenye,46.818056,16.358056,2026-05-02 18:29:44.838011,19.0,18.21,19.0,19.0,1020,48,2.05,92,6,0.0,Clear,clear sky,18
Aquincum,47.566218,19.048273,2026-05-02 18:29:46.028954,16.09,15.03,15.57,19.25,1019,49,0.45,101,29,0.0,Clouds,scattered clouds,18
Piliscsév,47.673889,18.791389,2026-05-02 18:29:47.224779,15.05,14.13,14.99,17.81,1019,58,1.54,133,18,0.0,Clouds,few clouds,18
Tát,47.741201,18.64783,2026-05-02 18:29:48.421082,15.4,14.22,15.4,15.4,1019,47,0.43,77,15,0.0,Clouds,few clouds,18
Süttő felső,47.756667,18.437222,2026-05-02 18:29:49.620100,18.31,17.4,18.31,18.31,1020,46,0.49,302,10,0.0,Clear,clear sky,18
Budatétény,47.405,19.016389,2026-05-02 18:29:50.818002,18.4,17.47,15.61,19.29,1019,45,5.14,120,0,0.0,Clear,clear sky,18
Seregélyes-Szőlőhegy,47.119444,18.612222,2026-05-02 18:29:52.014550,17.85,16.87,17.85,17.85,1020,45,1.81,163,32,0.0,Clouds,scattered clouds,18
Gödöllő-Állami telepek,47.564444,19.375556,2026-05-02 18:29:53.215918,17.95,16.69,15.05,18.74,1019,34,5.14,120,0,0.0,Clear,clear sky,18
Dunakeszi alsó,47.607778,19.128889,2026-05-02 18:29:54.415649,16.2,15.21,15.53,19.22,1019,51,2.89,121,51,0.0,Clouds,broken clouds,18
Vác-Alsóváros,47.773056,19.149722,2026-05-02 18:29:55.616000,15.51,14.29,15.36,15.51,1019,45,2.55,125,63,0.0,Clouds,broken clouds,18
Szob alsó,47.816667,18.8725,2026-05-02 18:29:56.808935,15.39,14.21,15.39,15.39,1019,47,1.32,104,22,0.0,Clouds,few clouds,18
Zalaszentmihály-Pacsa,46.7225,16.951944,2026-05-02 18:29:58.003448,20.75,19.79,20.75,20.75,1020,35,1.03,0,0,0.0,Clear,clear sky,18
Pötréte,46.682778,16.9575,2026-05-02 18:29:59.200829,20.75,19.79,20.75,20.75,1020,35,1.03,0,0,0.0,Clear,clear sky,18
Felsőrajk,46.667222,16.982778,2026-05-02 18:30:00.401066,20.81,19.86,20.81,20.81,1021,35,1.03,0,0,0.0,Clear,clear sky,18
Gelse,46.600556,16.982778,2026-05-02 18:30:01.599568,20.81,19.86,20.81,20.81,1021,35,1.03,0,0,0.0,Clear,clear sky,18
Őrtilos,46.297778,16.887778,2026-05-02 18:30:02.796600,17.37,16.76,17.37,17.37,1021,61,2.68,170,0,0.0,Clear,clear sky,18
Zákány,46.251944,16.9425,2026-05-02 18:30:03.996663,17.03,16.38,17.03,17.03,1021,61,3.01,171,0,0.0,Clear,clear sky,18
Berzence,46.201389,17.143611,2026-05-02 18:30:05.189805,17.14,16.48,17.14,17.14,1021,60,2.94,162,0,0.0,Clear,clear sky,18
Somogyudvarhely,46.163333,17.179722,2026-05-02 18:30:06.393407,17.04,16.37,17.04,17.04,1021,60,2.86,159,0,0.0,Clear,clear sky,18
Bélavár,46.122778,17.207778,2026-05-02 18:30:07.590096,16.99,16.34,16.99,16.99,1021,61,2.72,155,0,0.0,Clear,clear sky,18
Vízvár,46.101389,17.239444,2026-05-02 18:30:08.783256,16.81,16.14,16.81,16.81,1021,61,2.69,154,0,0.0,Clear,clear sky,18
Babócsa,46.028359,17.342276,2026-05-02 18:30:09.985790,16.64,15.98,16.64,16.64,1021,62,2.6,155,0,0.0,Clear,clear sky,18
Péterhida-Komlósd,46.006667,17.358056,2026-05-02 18:30:11.186202,16.59,15.92,16.59,16.59,1021,62,2.52,157,0,0.0,Clear,clear sky,18
Barcs,45.951944,17.446944,2026-05-02 18:30:12.381359,16.35,15.66,16.35,16.35,1021,62,2.41,164,0,0.0,Clear,clear sky,18
Barcs felső,45.958333,17.486389,2026-05-02 18:30:13.577679,16.2,15.49,16.2,16.2,1021,62,2.43,167,0,0.0,Clear,clear sky,18
Középrigóc,45.970556,17.525,2026-05-02 18:30:14.770924,16.06,15.34,16.06,16.06,1021,62,2.46,169,0,0.0,Clear,clear sky,18
Darány,45.992222,17.598611,2026-05-02 18:30:15.968151,15.99,15.26,15.99,15.99,1021,62,2.48,176,0,0.0,Clear,clear sky,18
Kisdobsza,46.012222,17.668056,2026-05-02 18:30:17.176661,15.95,15.22,15.95,15.95,1021,62,2.4,181,0,0.0,Clear,clear sky,18
Nemeske,46.023333,17.705278,2026-05-02 18:30:18.371973,15.92,15.19,15.92,15.92,1021,62,2.37,184,0,0.0,Clear,clear sky,18
Molvány,46.035278,17.748611,2026-05-02 18:30:19.567265,15.86,15.12,15.86,15.86,1021,62,2.24,188,0,0.0,Clear,clear sky,18
Szigetvár,46.043333,17.801944,2026-05-02 18:30:20.775190,15.76,15.01,15.76,15.76,1021,62,2.18,191,1,0.0,Clear,clear sky,18
Nagypeterd,46.039444,17.871667,2026-05-02 18:30:21.968546,19.53,19.16,19.53,19.53,1021,62,2.02,196,4,0.0,Clear,clear sky,18
Szentdénes,46.036667,17.926944,2026-05-02 18:30:23.174814,19.48,19.1,19.48,19.48,1021,62,1.92,199,5,0.0,Clear,clear sky,18
Háros,47.412222,19.035,2026-05-02 18:30:24.368366,18.41,17.46,15.57,19.25,1020,44,5.14,120,0,0.0,Clear,clear sky,18
Nagytétény-Diósd,47.398333,18.974444,2026-05-02 18:30:25.566267,18.2,17.28,15.6,19.29,1020,46,0.89,117,11,0.0,Clouds,few clouds,18
Érdliget,47.390278,18.937778,2026-05-02 18:30:26.763483,18.03,17.06,15.51,19.2,1020,45,0.89,117,7,0.0,Clear,clear sky,18
Érd felső,47.381111,18.922222,2026-05-02 18:30:27.958307,18.0,17.03,15.48,19.17,1020,45,0.89,117,4,0.0,Clear,clear sky,18
Érd,47.369722,18.900833,2026-05-02 18:30:29.159015,17.96,16.99,15.44,19.13,1020,45,2.67,133,6,0.0,Clear,clear sky,18
Százhalombatta,47.322222,18.899167,2026-05-02 18:30:30.355638,18.08,17.04,15.43,19.12,1020,42,2.89,128,10,0.0,Clear,clear sky,18
Dunai Finomító,47.294444,18.878889,2026-05-02 18:30:31.559826,18.26,17.24,16.4,18.46,1020,42,2.73,126,11,0.0,Clouds,few clouds,18
Ercsi,47.247222,18.875278,2026-05-02 18:30:32.755188,18.51,17.72,16.63,18.69,1020,50,2.83,124,13,0.0,Clouds,few clouds,18
Iváncsa,47.177778,18.811944,2026-05-02 18:30:33.951292,16.0,14.99,16.0,16.0,1021,51,2.74,121,17,0.0,Clouds,few clouds,18
Pusztaszabolcs,47.139722,18.761667,2026-05-02 18:30:35.149699,16.08,15.08,16.08,16.08,1021,51,2.62,122,16,0.0,Clouds,few clouds,18
Szabadegyháza,47.082778,18.704167,2026-05-02 18:30:36.346017,16.07,15.06,16.07,16.07,1021,51,2.12,126,13,0.0,Clouds,few clouds,18
Sárosd,47.039722,18.660278,2026-05-02 18:30:37.550209,16.16,15.19,16.16,16.16,1021,52,1.47,138,10,0.0,Clear,clear sky,18
Nagylók,46.979444,18.635833,2026-05-02 18:30:38.745639,15.99,15.0,15.99,15.99,1021,52,1.61,134,8,0.0,Clear,clear sky,18
Sárbogárd,46.896944,18.611944,2026-05-02 18:30:39.938292,16.18,15.21,16.18,16.18,1021,52,1.36,140,5,0.0,Clear,clear sky,18
Rétszilas,46.814167,18.601389,2026-05-02 18:30:41.134995,16.17,15.2,16.17,16.17,1021,52,1.33,137,3,0.0,Clear,clear sky,18
Nagyatád,46.228611,17.354167,2026-05-02 18:30:42.332739,16.89,16.15,16.89,16.89,1021,58,2.83,162,0,0.0,Clear,clear sky,18
Budapest-Keleti,47.500278,19.084167,2026-05-02 18:30:43.536605,16.88,15.82,15.51,19.2,1020,46,5.14,120,0,0.0,Clear,clear sky,18
Ferencváros,47.468611,19.088056,2026-05-02 18:30:44.733683,17.51,16.49,15.53,19.22,1020,45,5.14,120,0,0.0,Clear,clear sky,18
Budapest-Nyugati,47.510833,19.0575,2026-05-02 18:30:45.927742,16.62,15.59,15.53,19.21,1020,48,5.14,120,0,0.0,Clear,clear sky,18
Kőbánya felső,47.491944,19.133889,2026-05-02 18:30:47.119964,17.3,16.26,15.46,19.14,1020,45,5.14,120,0,0.0,Clear,clear sky,18
Rákos,47.488889,19.174722,2026-05-02 18:30:48.317478,17.6,16.56,15.42,19.1,1020,44,5.14,120,0,0.0,Clear,clear sky,18
Rákosrendező,47.525556,19.089444,2026-05-02 18:30:49.517590,16.54,15.48,15.56,19.25,1020,47,5.14,120,0,0.0,Clear,clear sky,18
Zugló,47.511389,19.101389,2026-05-02 18:30:50.729677,16.81,15.75,15.52,19.21,1020,46,5.14,120,0,0.0,Clear,clear sky,18
Mezőtárkány,47.725,20.480278,2026-05-02 18:30:51.927068,13.79,12.66,13.79,13.79,1021,55,3.03,32,7,0.0,Clear,clear sky,18
Istvántelek,47.550278,19.106389,2026-05-02 18:30:53.125059,16.35,15.27,15.55,19.23,1020,47,5.14,120,0,0.0,Clear,clear sky,18
Rákospalota-Újpest,47.565833,19.111944,2026-05-02 18:30:54.322848,16.27,15.18,15.54,19.23,1020,47,5.14,120,0,0.0,Clear,clear sky,18
Kőbánya alsó,47.483056,19.127222,2026-05-02 18:30:55.516707,17.4,16.34,15.47,19.16,1020,44,5.14,120,0,0.0,Clear,clear sky,18
Kőbánya-Kispest,47.463889,19.149444,2026-05-02 18:30:56.711950,17.81,16.77,15.47,19.16,1020,43,5.14,120,0,0.0,Clear,clear sky,18
Pestszentlőrinc,47.454722,19.182778,2026-05-02 18:30:57.911831,18.02,17.0,15.41,19.1,1020,43,5.14,120,0,0.0,Clear,clear sky,18
Kispest,47.448135,19.157552,2026-05-02 18:30:59.108262,18.03,17.01,15.48,19.16,1020,43,5.14,120,0,0.0,Clear,clear sky,18
Újpest,47.558889,19.079722,2026-05-02 18:31:00.306849,16.08,15.0,15.55,19.23,1020,48,5.14,120,0,0.0,Clear,clear sky,18
Pestszentimre felső,47.413611,19.173333,2026-05-02 18:31:01.505628,18.38,17.37,15.5,19.19,1020,42,5.14,120,0,0.0,Clear,clear sky,18
Dunakeszi,47.626111,19.136111,2026-05-02 18:31:02.706218,16.09,15.09,15.44,19.13,1020,51,1.7,123,45,0.0,Clouds,scattered clouds,18
Dunakeszi-Gyártelep,47.643611,19.135,2026-05-02 18:31:03.897432,15.62,14.6,15.33,19.18,1021,52,1.63,121,45,0.0,Clouds,scattered clouds,18
Alsógöd,47.676944,19.134444,2026-05-02 18:31:05.100293,15.6,14.55,15.32,19.17,1021,51,1.59,119,46,0.0,Clouds,scattered clouds,18
Göd,47.687778,19.1375,2026-05-02 18:31:06.299833,15.62,14.57,15.34,19.19,1021,51,1.59,119,46,0.0,Clouds,scattered clouds,18
Felsőgöd,47.705556,19.143333,2026-05-02 18:31:07.492532,15.54,14.48,15.39,16.68,1021,51,1.56,119,46,0.0,Clouds,scattered clouds,18
Sződ-Sződliget,47.728056,19.154722,2026-05-02 18:31:08.692438,15.53,14.47,15.38,16.67,1021,51,1.57,119,47,0.0,Clouds,scattered clouds,18
Vác,47.782778,19.133056,2026-05-02 18:31:09.895787,15.51,14.45,15.36,15.51,1021,51,1.65,121,49,0.0,Clouds,scattered clouds,18
Verőce,47.823889,19.029444,2026-05-02 18:31:11.089292,15.35,14.3,15.19,15.35,1021,52,1.83,124,67,0.0,Clouds,broken clouds,18
Kismaros,47.8275,19.010278,2026-05-02 18:31:12.280075,15.32,14.27,15.32,15.32,1021,52,1.85,124,74,0.0,Clouds,broken clouds,18
Nagymaros-Visegrád,47.791389,18.959167,2026-05-02 18:31:13.472288,15.34,14.26,15.34,15.5,1021,51,1.81,127,69,0.0,Clouds,broken clouds,18
Nagymaros,47.780278,18.952222,2026-05-02 18:31:14.664894,15.42,14.35,15.42,15.57,1021,51,1.81,127,69,0.0,Clouds,broken clouds,18
Zebegény,47.801389,18.908889,2026-05-02 18:31:15.856738,15.39,14.32,15.39,15.55,1021,51,1.88,126,84,0.0,Clouds,broken clouds,18
Szob,47.821111,18.861944,2026-05-02 18:31:17.048554,15.35,14.25,15.35,15.35,1021,50,1.94,124,100,0.0,Clouds,overcast clouds,18
Alagimajor,47.601944,19.153889,2026-05-02 18:31:18.244529,16.36,15.28,15.49,19.18,1020,47,5.14,120,0,0.0,Clear,clear sky,18
Fót,47.611389,19.181667,2026-05-02 18:31:19.452129,15.68,14.64,15.23,19.07,1020,51,1.67,121,51,0.0,Clouds,broken clouds,18
Fótújfalu,47.615,19.192778,2026-05-02 18:31:20.648472,15.65,14.6,15.12,18.97,1020,51,1.67,121,51,0.0,Clouds,broken clouds,18
Csomád,47.635556,19.222778,2026-05-02 18:31:21.839052,15.54,14.48,14.85,18.69,1020,51,1.65,119,57,0.0,Clouds,broken clouds,18
Veresegyház,47.649167,19.288611,2026-05-02 18:31:23.046035,15.83,14.8,15.16,18.84,1021,51,1.55,116,70,0.0,Clouds,broken clouds,18
Erdőkertes,47.662222,19.295833,2026-05-02 18:31:24.238033,15.73,14.61,15.11,18.8,1021,48,1.55,116,70,0.0,Clouds,broken clouds,18
Őrbottyán,47.685833,19.283611,2026-05-02 18:31:25.430278,18.71,17.92,18.71,20.0,1021,49,1.54,113,68,0.0,Clouds,broken clouds,18
Váchartyán,47.725833,19.248889,2026-05-02 18:31:26.621298,15.39,14.29,15.39,15.39,1021,50,1.57,112,61,0.0,Clouds,broken clouds,18
Magyarkút-Verőce,47.826111,19.044444,2026-05-02 18:31:27.820278,15.51,14.47,15.51,15.51,1021,52,1.83,124,67,0.0,Clouds,broken clouds,18
Szokolya,47.871111,19.030556,2026-05-02 18:31:29.012434,14.72,13.61,14.72,14.72,1021,52,1.95,123,78,0.0,Clouds,broken clouds,18
Berkenye,47.885278,19.071944,2026-05-02 18:31:30.213487,15.41,14.39,15.41,15.41,1021,53,1.98,125,72,0.0,Clouds,broken clouds,18
Nógrád,47.901944,19.0475,2026-05-02 18:31:31.415477,15.11,14.03,15.11,15.11,1021,52,2.02,122,82,0.0,Clouds,broken clouds,18
Diósjenő,47.94,19.049444,2026-05-02 18:31:32.613431,14.77,13.66,14.77,14.77,1021,52,2.08,120,86,0.0,Clouds,overcast clouds,18
Borsosberény,47.971389,19.093056,2026-05-02 18:31:33.807926,15.44,14.42,15.44,15.44,1021,53,2.31,127,70,0.0,Clouds,broken clouds,18
Nagyoroszi,47.993611,19.101111,2026-05-02 18:31:35.000762,15.32,14.29,15.32,15.32,1021,53,2.37,124,72,0.0,Clouds,broken clouds,18
Drégelyvár,48.001944,19.079444,2026-05-02 18:31:36.195236,15.65,14.63,15.65,15.65,1021,52,2.32,114,89,0.0,Clouds,overcast clouds,18
Drégely,48.042222,19.056111,2026-05-02 18:31:37.402004,16.05,15.07,16.05,16.05,1021,52,2.39,109,91,0.0,Clouds,overcast clouds,18
Drégelypalánk,48.055,19.046111,2026-05-02 18:31:38.600075,16.26,15.3,16.26,16.26,1021,52,2.42,100,97,0.0,Clouds,overcast clouds,18
Ipolyvece,48.056944,19.106389,2026-05-02 18:31:39.792275,16.15,15.2,16.15,16.15,1021,53,2.49,110,76,0.0,Clouds,broken clouds,18
Dejtár,48.045556,19.196389,2026-05-02 18:31:40.988501,15.97,15.03,15.97,15.97,1021,54,2.48,122,56,0.0,Clouds,broken clouds,18
Ipolyszög,48.054444,19.221944,2026-05-02 18:31:42.191434,15.98,15.04,15.98,15.98,1021,54,2.45,118,47,0.0,Clouds,scattered clouds,18
Iklad-Domony,47.658056,19.444444,2026-05-02 18:31:43.387575,19.1,18.4,19.1,19.1,1021,51,1.42,120,71,0.0,Clouds,broken clouds,18
Iklad-Domony felső,47.667778,19.428056,2026-05-02 18:31:44.579215,19.09,18.39,15.4,19.09,1021,51,1.46,115,70,0.0,Clouds,broken clouds,18
Galgamácsa,47.693889,19.3925,2026-05-02 18:31:45.774205,15.39,14.29,15.39,15.39,1021,50,1.52,112,69,0.0,Clouds,broken clouds,18
Vácrátót,47.732778,19.217778,2026-05-02 18:31:46.970595,15.31,14.2,15.31,15.31,1021,50,1.56,115,54,0.0,Clouds,broken clouds,18
Csörög,47.735833,19.196389,2026-05-02 18:31:48.172511,15.31,14.2,15.16,15.31,1021,50,1.56,116,50,0.0,Clouds,scattered clouds,18
Galgagyörk,47.735278,19.372222,2026-05-02 18:31:49.366563,15.29,14.21,15.29,15.29,1021,51,1.55,111,66,0.0,Clouds,broken clouds,18
Püspökhatvan,47.768611,19.366944,2026-05-02 18:31:50.559596,15.54,14.48,15.54,15.54,1021,51,1.65,113,59,0.0,Clouds,broken clouds,18
Acsa-Erdőkürt,47.801111,19.386111,2026-05-02 18:31:51.753998,15.39,14.34,15.39,15.39,1021,52,1.7,115,55,0.0,Clouds,broken clouds,18
Galgaguta,47.848611,19.385556,2026-05-02 18:31:52.950042,15.11,14.06,15.11,15.11,1021,53,1.86,120,48,0.0,Clouds,scattered clouds,18
Nógrádkövesd,47.879444,19.371111,2026-05-02 18:31:54.147408,15.29,14.26,15.29,15.29,1021,53,1.94,123,45,0.0,Clouds,scattered clouds,18
Magyarnándor,47.970833,19.356667,2026-05-02 18:31:55.342674,15.22,14.21,15.22,15.22,1021,54,2.23,130,35,0.0,Clouds,scattered clouds,18
Mohora,47.995556,19.347778,2026-05-02 18:31:56.533487,15.36,14.39,15.36,15.36,1021,55,2.26,130,32,0.0,Clouds,scattered clouds,18
Szügy,48.036389,19.333056,2026-05-02 18:31:57.737124,15.63,14.68,15.63,15.63,1021,55,2.23,124,27,0.0,Clouds,scattered clouds,18
Balassagyarmat,48.071111,19.293611,2026-05-02 18:31:58.939766,15.78,14.82,15.78,15.78,1021,54,2.27,120,28,0.0,Clouds,scattered clouds,18
Őrhalom,48.078773,19.403936,2026-05-02 18:32:00.143511,15.43,14.44,15.43,15.43,1021,54,1.89,107,20,0.0,Clouds,few clouds,18
Hugyag,48.083056,19.421111,2026-05-02 18:32:01.334899,15.43,14.44,15.43,15.43,1021,54,1.89,107,20,0.0,Clouds,few clouds,18
Szécsény,48.093056,19.521111,2026-05-02 18:32:02.536412,15.55,14.54,15.55,15.55,1021,53,1.77,98,23,0.0,Clouds,few clouds,18
Ludányhalászi,48.1325,19.529444,2026-05-02 18:32:03.733398,15.55,14.52,15.55,15.55,1022,52,1.69,95,16,0.0,Clouds,few clouds,18
Nógrádszakál,48.178333,19.521667,2026-05-02 18:32:04.934477,15.52,14.49,15.52,15.52,1022,52,1.63,94,13,0.0,Clouds,few clouds,18
Ráróspuszta,48.207222,19.541389,2026-05-02 18:32:06.133005,15.01,13.92,15.01,15.01,1022,52,1.52,92,11,0.0,Clouds,few clouds,18
Litke,48.215833,19.598611,2026-05-02 18:32:07.328862,15.43,14.36,15.43,15.43,1022,51,1.52,98,11,0.0,Clouds,few clouds,18
Nyíregyháza külső,47.943056,21.740278,2026-05-02 18:32:08.524063,13.91,12.58,13.91,13.91,1021,47,4.98,59,41,0.0,Clouds,scattered clouds,18
Oros,47.945833,21.806389,2026-05-02 18:32:09.721438,13.89,12.54,13.89,13.89,1021,46,5.08,57,42,0.0,Clouds,scattered clouds,18
Napkor,47.948889,21.873056,2026-05-02 18:32:10.918694,13.8,12.46,13.8,13.8,1021,47,4.95,53,38,0.0,Clouds,scattered clouds,18
Apagy,47.953775,21.939044,2026-05-02 18:32:12.109637,13.77,12.43,13.77,13.77,1021,47,4.89,52,35,0.0,Clouds,scattered clouds,18
Levelek-Magy,47.948056,21.993611,2026-05-02 18:32:13.305021,13.67,12.35,13.67,13.67,1021,48,4.74,49,28,0.0,Clouds,scattered clouds,18
Ófehértó,47.940556,22.041389,2026-05-02 18:32:14.505120,13.57,12.24,13.57,13.57,1021,48,4.71,47,23,0.0,Clouds,few clouds,18
Ligettanya,47.951667,22.071389,2026-05-02 18:32:15.706793,13.46,12.14,13.46,13.46,1021,49,4.45,45,20,0.0,Clouds,few clouds,18
Baktalórántháza,47.988611,22.083333,2026-05-02 18:32:16.898100,13.45,12.13,13.45,13.45,1021,49,4.41,46,21,0.0,Clouds,few clouds,18
Vaja-Rohod,48.006389,22.164167,2026-05-02 18:32:18.094176,13.38,12.08,13.38,13.38,1021,50,4.23,45,19,0.0,Clouds,few clouds,18
Rákóczitanya,48.022222,22.178333,2026-05-02 18:32:19.297530,13.33,12.02,13.33,13.33,1022,50,4.17,44,18,0.0,Clouds,few clouds,18
Nyírmada,48.059167,22.203056,2026-05-02 18:32:20.490152,13.31,12.0,13.31,13.31,1022,50,4.19,46,19,0.0,Clouds,few clouds,18
Tunyogmatolcs,47.960244,22.442247,2026-05-02 18:32:21.682613,13.44,12.17,13.44,13.44,1021,51,3.87,48,12,0.0,Clouds,few clouds,18
Tunyogmatolcs alsó,47.966025,22.464713,2026-05-02 18:32:22.875405,13.41,12.11,13.41,13.41,1021,50,3.87,50,12,0.0,Clouds,few clouds,18
Fehérgyarmat,47.979167,22.524444,2026-05-02 18:32:24.068631,13.39,12.09,13.39,13.39,1021,50,3.85,53,13,0.0,Clouds,few clouds,18
Penyige,47.995278,22.566944,2026-05-02 18:32:25.262229,13.4,12.1,13.4,13.4,1021,50,3.81,54,14,0.0,Clouds,few clouds,18
Nagyszekeres,47.976111,22.6125,2026-05-02 18:32:26.452466,13.38,12.08,13.38,13.38,1021,50,3.76,56,14,0.0,Clouds,few clouds,18
Kisszekeres,47.965833,22.629444,2026-05-02 18:32:27.645131,13.39,12.09,13.39,13.39,1021,50,3.8,57,14,0.0,Clouds,few clouds,18
Jánkmajtis,47.941944,22.657222,2026-05-02 18:32:28.836222,13.38,12.05,13.38,13.38,1021,49,3.8,60,13,0.0,Clouds,few clouds,18
Gacsály,47.926111,22.745,2026-05-02 18:32:30.032450,13.93,12.66,13.93,14.03,1021,49,3.66,62,12,0.0,Clouds,few clouds,18
Zajta,47.9025,22.796111,2026-05-02 18:32:31.231034,13.92,12.62,13.92,14.03,1021,48,3.61,65,9,0.0,Clear,clear sky,18
Eperjeske alsó,48.360556,22.19,2026-05-02 18:32:32.427275,13.07,11.76,13.07,13.07,1022,51,3.98,45,20,0.0,Clouds,few clouds,18
Mándok,48.326944,22.196389,2026-05-02 18:32:33.623822,13.11,11.81,13.11,13.11,1022,51,4.11,47,22,0.0,Clouds,few clouds,18
Tornyospálca,48.268333,22.201944,2026-05-02 18:32:34.817424,13.2,11.91,13.2,13.2,1022,51,4.2,48,23,0.0,Clouds,few clouds,18
Aranyosapáti,48.211303,22.253534,2026-05-02 18:32:36.022203,13.26,11.97,13.26,13.26,1022,51,4.24,43,15,0.0,Clouds,few clouds,18
Gyüre,48.171389,22.269167,2026-05-02 18:32:37.220767,13.3,11.99,13.3,13.3,1022,50,4.24,43,15,0.0,Clouds,few clouds,18
Varsány,48.151722,22.290047,2026-05-02 18:32:38.419565,13.31,12.0,13.31,13.31,1022,50,4.2,42,14,0.0,Clouds,few clouds,18
Vásárosnamény,48.126667,22.306111,2026-05-02 18:32:39.624374,13.34,12.04,13.34,13.34,1022,50,4.18,42,14,0.0,Clouds,few clouds,18
Vitka,48.095556,22.308056,2026-05-02 18:32:40.818673,13.36,12.06,13.36,13.36,1022,50,4.14,43,14,0.0,Clouds,few clouds,18
Nagydobos,48.054167,22.311111,2026-05-02 18:32:42.015557,13.31,12.0,13.31,13.31,1022,50,4.1,43,14,0.0,Clouds,few clouds,18
Ópályi,47.997778,22.318333,2026-05-02 18:32:43.206781,13.35,12.05,13.35,13.35,1022,50,3.96,43,13,0.0,Clouds,few clouds,18
Nyírcsaholy,47.908056,22.348333,2026-05-02 18:32:44.399520,13.44,12.17,13.44,13.44,1021,51,3.76,44,13,0.0,Clouds,few clouds,18
Nagyecsed,47.864722,22.385556,2026-05-02 18:32:45.592703,13.47,12.23,13.47,13.47,1021,52,3.63,49,14,0.0,Clouds,few clouds,18
Tiborszállás,47.815278,22.402778,2026-05-02 18:32:46.792165,13.49,12.25,13.49,13.49,1021,52,3.56,50,14,0.0,Clouds,few clouds,18
Kiskunhalas,46.434444,19.493611,2026-05-02 18:32:47.986902,14.94,13.77,14.94,14.94,1021,49,2.66,61,18,0.0,Clouds,few clouds,18
Kecskemét alsó,46.895833,19.692222,2026-05-02 18:32:49.190681,16.99,15.63,16.99,16.99,1021,34,2.57,100,0,0.0,Clear,clear sky,18
Putnok,48.286667,20.4375,2026-05-02 18:32:50.385465,16.34,14.92,11.69,16.34,1022,34,1.98,83,7,0.0,Clear,clear sky,18
Bánréve,48.299722,20.351944,2026-05-02 18:32:51.581284,16.33,14.91,16.33,16.33,1022,34,2.0,85,7,0.0,Clear,clear sky,18
Ipolytarnóc,48.236667,19.629167,2026-05-02 18:32:52.771617,15.36,14.28,15.36,15.36,1022,51,1.47,101,10,0.0,Clear,clear sky,18
Rákosliget,47.486111,19.257778,2026-05-02 18:32:53.963655,16.93,15.78,15.34,18.53,1020,42,4.12,110,0,0.0,Clear,clear sky,18
Ikrény,47.657778,17.524167,2026-05-02 18:32:55.161005,20.08,19.4,20.08,20.08,1020,48,0.87,184,0,0.0,Clear,clear sky,18
Rábapatona,47.648889,17.461944,2026-05-02 18:32:56.353606,20.1,19.42,20.1,20.1,1020,48,0.93,177,0,0.0,Clear,clear sky,18
Enese,47.644167,17.425278,2026-05-02 18:32:57.542110,20.1,19.42,20.1,20.1,1020,48,1.01,173,0,0.0,Clear,clear sky,18
Kóny,47.632222,17.357222,2026-05-02 18:32:58.744270,17.83,16.92,17.83,17.83,1020,48,0.98,166,0,0.0,Clear,clear sky,18
Farád,47.595278,17.195833,2026-05-02 18:32:59.943866,17.89,17.01,17.89,17.89,1020,49,1.17,164,0,0.0,Clear,clear sky,18
Rábatamási,47.592778,17.161389,2026-05-02 18:33:01.142201,17.89,17.01,17.89,17.89,1020,49,1.17,164,0,0.0,Clear,clear sky,18
Szárföld,47.589167,17.123889,2026-05-02 18:33:02.340949,17.9,17.03,17.9,17.9,1020,49,1.22,165,0,0.0,Clear,clear sky,18
Veszkény,47.586944,17.101389,2026-05-02 18:33:03.540116,17.92,17.07,17.92,17.92,1020,50,1.28,166,0,0.0,Clear,clear sky,18
Kapuvár,47.581944,17.046944,2026-05-02 18:33:04.730997,17.9,17.05,17.9,17.9,1020,50,1.24,170,0,0.0,Clear,clear sky,18
Vitnyéd-Csermajor,47.5825,16.987222,2026-05-02 18:33:05.931850,17.93,17.08,17.93,17.93,1020,50,1.34,177,0,0.0,Clear,clear sky,18
Petőháza,47.595278,16.893056,2026-05-02 18:33:07.134016,17.98,17.17,17.98,17.98,1020,51,1.67,189,0,0.0,Clear,clear sky,18
Fertőszentmiklós,47.6,16.858889,2026-05-02 18:33:08.338467,14.49,13.33,14.49,14.49,1020,51,1.73,193,0,0.0,Clear,clear sky,18
Pinnye,47.600278,16.768611,2026-05-02 18:33:09.538997,14.37,13.22,14.37,14.37,1020,52,1.87,208,0,0.0,Clear,clear sky,18
Fertőboz,47.625,16.691667,2026-05-02 18:33:10.731729,14.21,13.04,14.21,14.21,1020,52,2.01,213,0,0.0,Clear,clear sky,18
Sopron,47.677778,16.587222,2026-05-02 18:33:11.925061,13.91,12.71,13.91,13.91,1020,52,2.11,215,0,0.0,Clear,clear sky,18
Fertőszéplak-Fertőd,47.618889,16.850833,2026-05-02 18:33:13.115132,14.51,13.35,14.51,14.51,1020,51,1.92,197,0,0.0,Clear,clear sky,18
Nyúl,47.587778,17.698056,2026-05-02 18:33:14.307300,20.02,18.97,17.14,20.02,1020,34,1.54,190,0,0.0,Clear,clear sky,18
Pannonhalma,47.547778,17.740833,2026-05-02 18:33:15.512802,19.96,18.9,17.08,19.96,1020,34,1.54,190,0,0.0,Clear,clear sky,18
Tarjánpuszta,47.504722,17.789167,2026-05-02 18:33:16.708611,19.73,18.65,16.84,19.73,1020,34,1.54,190,0,0.0,Clear,clear sky,18
Győrasszonyfa,47.4925,17.799167,2026-05-02 18:33:17.903840,19.66,18.57,16.77,19.66,1020,34,1.54,190,0,0.0,Clear,clear sky,18
Veszprémvarsány,47.443333,17.818333,2026-05-02 18:33:19.101184,19.71,18.96,16.83,19.71,1021,47,1.04,154,3,0.0,Clear,clear sky,18
Bakonyszentlászló,47.395556,17.8175,2026-05-02 18:33:20.296798,16.58,15.55,16.58,19.47,1021,48,1.21,143,3,0.0,Clear,clear sky,18
Porva-Csesznek,47.326944,17.841111,2026-05-02 18:33:21.492656,15.59,14.46,15.59,15.59,1021,48,1.31,139,2,0.0,Clear,clear sky,18
Zirc,47.266667,17.878056,2026-05-02 18:33:22.683211,15.23,14.09,15.23,15.23,1021,49,1.12,144,2,0.0,Clear,clear sky,18
Eplény,47.192778,17.921667,2026-05-02 18:33:23.883647,15.56,14.48,15.56,15.56,1022,50,0.86,191,2,0.0,Clear,clear sky,18
Marcaltő,47.4275,17.348889,2026-05-02 18:33:25.077053,17.17,16.27,17.17,17.17,1020,51,0.0,0,0,0.0,Clear,clear sky,18
Szany-Rábaszentandrás,47.460833,17.315278,2026-05-02 18:33:26.281063,17.17,16.27,17.17,17.17,1020,51,0.0,0,0,0.0,Clear,clear sky,18
Egyed-Rábacsanak,47.521944,17.316389,2026-05-02 18:33:27.473933,17.18,16.23,17.18,17.18,1020,49,0.78,139,0,0.0,Clear,clear sky,18
Rábapordány,47.557222,17.315,2026-05-02 18:33:28.669229,17.18,16.23,17.18,17.18,1020,49,0.82,147,0,0.0,Clear,clear sky,18
Albertfalva,47.440784,19.033965,2026-05-02 18:33:29.862138,18.15,17.22,15.59,18.78,1020,46,4.12,110,0,0.0,Clear,clear sky,18
Budafok,47.425833,19.041389,2026-05-02 18:33:31.056030,18.33,17.39,15.6,18.79,1020,45,4.12,110,0,0.0,Clear,clear sky,18
Tétényliget,47.384722,18.955278,2026-05-02 18:33:32.261016,18.1,17.14,15.62,18.81,1020,45,0.89,117,7,0.0,Clear,clear sky,18
Érd alsó,47.379722,18.923056,2026-05-02 18:33:33.447381,18.0,17.03,15.48,19.17,1020,45,0.89,117,4,0.0,Clear,clear sky,18
Tárnok,47.365556,18.873889,2026-05-02 18:33:34.636607,17.81,16.82,15.55,18.74,1020,45,2.41,136,2,0.0,Clear,clear sky,18
Martonvásár,47.321389,18.781667,2026-05-02 18:33:35.837295,17.74,16.9,16.61,18.67,1021,51,2.29,132,7,0.0,Clear,clear sky,18
Baracska,47.297222,18.753333,2026-05-02 18:33:37.037695,17.84,17.04,16.71,18.77,1021,52,2.18,131,10,0.0,Clear,clear sky,18
Pettend,47.26,18.708889,2026-05-02 18:33:38.227760,17.57,16.74,17.57,17.57,1021,52,1.78,137,13,0.0,Clouds,few clouds,18
Kápolnásnyék,47.245556,18.692222,2026-05-02 18:33:39.419408,17.6,16.77,17.6,17.6,1021,52,1.55,142,13,0.0,Clouds,few clouds,18
Velence,47.226944,18.663889,2026-05-02 18:33:40.611043,17.62,16.82,17.62,17.62,1021,53,1.35,155,12,0.0,Clouds,few clouds,18
Velencefürdő,47.218611,18.648056,2026-05-02 18:33:41.808798,16.05,15.09,16.05,16.05,1021,53,1.31,151,12,0.0,Clouds,few clouds,18
Gárdony,47.205833,18.624722,2026-05-02 18:33:43.002902,16.1,15.15,16.1,16.1,1021,53,1.18,168,11,0.0,Clouds,few clouds,18
Agárd,47.197666,18.604907,2026-05-02 18:33:44.198860,16.1,15.15,16.1,16.1,1021,53,1.18,168,11,0.0,Clouds,few clouds,18
Dinnyés,47.179722,18.560833,2026-05-02 18:33:45.390723,16.11,15.19,16.11,16.11,1021,54,1.22,201,7,0.0,Clear,clear sky,18
Székesfehérvár,47.183611,18.424722,2026-05-02 18:33:46.585450,16.21,15.35,16.21,16.21,1021,56,1.9,215,7,0.0,Clear,clear sky,18
Szabadbattyán,47.105278,18.388333,2026-05-02 18:33:47.781626,16.17,15.28,16.17,16.17,1021,55,1.8,230,7,0.0,Clear,clear sky,18
Kiscséripuszta,47.048056,18.355,2026-05-02 18:33:48.979014,15.97,15.03,15.97,15.97,1021,54,1.8,239,8,0.0,Clear,clear sky,18
Lepsény,46.9875,18.248056,2026-05-02 18:33:50.172639,16.27,15.34,16.27,16.27,1021,53,1.96,244,8,0.0,Clear,clear sky,18
Balatonaliga,46.984444,18.171389,2026-05-02 18:33:51.373295,16.13,15.18,16.13,16.13,1021,53,2.37,243,7,0.0,Clear,clear sky,18
Balatonvilágos,46.964167,18.157222,2026-05-02 18:33:52.566832,16.49,15.58,16.49,16.49,1021,53,2.53,242,6,0.0,Clear,clear sky,18
Szabadifürdő,46.926111,18.103333,2026-05-02 18:33:53.770458,16.47,15.56,16.47,16.47,1021,53,2.55,237,6,0.0,Clear,clear sky,18
Ózd alsó,48.227778,20.306111,2026-05-02 18:33:54.972194,16.17,14.73,16.17,16.17,1022,34,2.05,83,8,0.0,Clear,clear sky,18
Ózd,48.2225,20.294722,2026-05-02 18:33:56.175484,16.22,14.79,16.22,16.22,1022,34,2.05,83,8,0.0,Clear,clear sky,18
Alsóboldva,48.212778,20.792222,2026-05-02 18:33:57.373082,13.9,13.12,11.9,14.49,1021,68,2.24,49,9,0.0,Clear,clear sky,18
Boldva,48.223333,20.790278,2026-05-02 18:33:58.569259,13.87,12.62,11.89,14.48,1021,50,2.24,49,9,0.0,Clear,clear sky,18
Borsodszirák,48.259167,20.770556,2026-05-02 18:33:59.761588,14.43,13.23,11.85,14.43,1021,50,2.18,55,9,0.0,Clear,clear sky,18
Edelény alsó,48.279167,20.760833,2026-05-02 18:34:00.960745,14.41,13.39,11.83,14.41,1021,57,2.18,55,9,0.0,Clear,clear sky,18
Edelény,48.299722,20.749444,2026-05-02 18:34:02.161823,14.39,13.35,11.81,14.39,1022,56,2.26,55,8,0.0,Clear,clear sky,18
Szendrőlád,48.334444,20.731944,2026-05-02 18:34:03.357938,14.3,13.25,14.3,14.3,1022,56,2.37,53,8,0.0,Clear,clear sky,18
Szendrő,48.400725,20.721346,2026-05-02 18:34:04.555045,14.06,12.96,14.06,14.06,1022,55,2.61,47,7,0.0,Clear,clear sky,18
Szendrő felső,48.409907,20.720148,2026-05-02 18:34:05.750987,14.06,12.96,14.06,14.06,1022,55,2.61,47,7,0.0,Clear,clear sky,18
Szalonna,48.449444,20.722222,2026-05-02 18:34:06.951318,14.13,13.03,14.13,14.13,1022,55,2.86,41,7,0.0,Clear,clear sky,18
Perkupa,48.471389,20.691111,2026-05-02 18:34:08.152302,13.5,12.34,13.5,13.5,1022,55,2.71,41,7,0.0,Clear,clear sky,18
Szemeretelep,47.443056,19.214167,2026-05-02 18:34:09.341446,17.09,16.0,15.4,18.6,1020,44,4.12,110,0,0.0,Clear,clear sky,18
Jósvafő-Aggtelek,48.489722,20.693889,2026-05-02 18:34:10.540719,13.83,12.7,13.83,13.83,1022,55,2.79,38,7,0.0,Clear,clear sky,18
Bódvaszilas,48.5375,20.738056,2026-05-02 18:34:11.739895,13.39,12.19,13.39,13.39,1022,54,3.07,33,7,0.0,Clear,clear sky,18
Komjáti,48.5475,20.759722,2026-05-02 18:34:12.937931,12.88,11.66,12.88,12.88,1022,55,3.14,30,7,0.0,Clear,clear sky,18
Tornanádaska,48.558333,20.787222,2026-05-02 18:34:14.140077,13.98,12.87,13.98,13.98,1022,55,3.2,29,7,0.0,Clear,clear sky,18
Onga,48.121111,20.906667,2026-05-02 18:34:15.344154,14.51,13.45,11.95,14.54,1021,55,3.33,41,8,0.0,Clear,clear sky,18
Szikszó-Vásártér,48.193056,20.934722,2026-05-02 18:34:16.537173,14.34,13.14,11.92,14.5,1021,50,2.96,49,8,0.0,Clear,clear sky,18
Szikszó,48.201667,20.941667,2026-05-02 18:34:17.733284,14.52,13.33,11.93,14.52,1021,50,3.17,50,8,0.0,Clear,clear sky,18
Aszaló,48.219867,20.961466,2026-05-02 18:34:18.931727,14.5,13.31,11.91,14.5,1021,50,3.11,52,8,0.0,Clear,clear sky,18
Halmaj,48.246667,20.991667,2026-05-02 18:34:20.129189,14.48,13.37,14.48,14.48,1021,53,3.3,54,8,0.0,Clear,clear sky,18
Csobád,48.277222,21.033889,2026-05-02 18:34:21.322575,14.45,13.31,14.45,14.45,1021,52,3.51,55,8,0.0,Clear,clear sky,18
Ináncs,48.291111,21.057778,2026-05-02 18:34:22.517795,14.45,13.28,14.45,14.45,1021,51,3.89,55,8,0.0,Clear,clear sky,18
Forró-Encs,48.3275,21.117778,2026-05-02 18:34:23.719038,13.72,12.45,13.72,13.72,1022,50,4.02,55,8,0.0,Clear,clear sky,18
Méra,48.363056,21.140278,2026-05-02 18:34:24.912561,13.43,12.16,13.43,13.43,1022,51,3.93,53,8,0.0,Clear,clear sky,18
Novajidrány,48.404444,21.170556,2026-05-02 18:34:26.109803,12.22,10.83,12.22,14.5,1022,51,3.82,53,8,0.0,Clear,clear sky,18
Hernádszurdok,48.487222,21.213889,2026-05-02 18:34:27.300058,12.14,10.74,12.14,14.42,1022,51,3.09,50,0,0.0,Clear,clear sky,18
Hidasnémeti,48.508333,21.229722,2026-05-02 18:34:28.496751,12.15,10.75,12.15,14.43,1022,51,3.09,50,0,0.0,Clear,clear sky,18
Mád,48.19,21.268889,2026-05-02 18:34:29.693501,13.46,12.09,13.46,13.46,1021,47,4.63,51,9,0.0,Clear,clear sky,18
Rátka,48.215,21.230278,2026-05-02 18:34:30.888260,13.83,12.5,13.83,13.83,1021,47,4.65,52,9,0.0,Clear,clear sky,18
Tállya,48.226944,21.225278,2026-05-02 18:34:32.078819,13.83,12.5,13.83,13.83,1021,47,4.65,52,9,0.0,Clear,clear sky,18
Golop,48.242778,21.204167,2026-05-02 18:34:33.281597,13.86,12.55,13.86,13.86,1021,48,4.48,54,8,0.0,Clear,clear sky,18
Abaújszántó,48.286944,21.181667,2026-05-02 18:34:34.483471,13.54,12.23,13.54,13.54,1021,49,4.38,55,8,0.0,Clear,clear sky,18
Abaújszántói fürdő,48.268333,21.179722,2026-05-02 18:34:35.682892,13.82,12.54,13.82,13.82,1021,49,4.45,55,8,0.0,Clear,clear sky,18
Abaújkér,48.309444,21.198333,2026-05-02 18:34:36.877249,13.52,12.21,13.52,13.52,1022,49,4.28,54,8,0.0,Clear,clear sky,18
Boldogkőváralja,48.345,21.208889,2026-05-02 18:34:38.073787,13.44,12.15,13.44,13.44,1022,50,4.25,53,8,0.0,Clear,clear sky,18
Korlát-Vizsoly,48.365,21.219167,2026-05-02 18:34:39.277412,13.52,12.23,13.52,13.52,1022,50,4.04,53,8,0.0,Clear,clear sky,18
Fony,48.411389,21.242778,2026-05-02 18:34:40.474078,12.46,11.12,12.02,14.3,1022,52,3.58,51,8,0.0,Clear,clear sky,18
Hejce-Vilmány,48.419444,21.245556,2026-05-02 18:34:41.664749,12.58,11.25,11.99,14.27,1022,52,3.58,51,8,0.0,Clear,clear sky,18
Göncruszka,48.445,21.246944,2026-05-02 18:34:42.863761,12.94,11.67,12.08,14.36,1022,53,3.35,50,8,0.0,Clear,clear sky,18
Gönc,48.470556,21.261389,2026-05-02 18:34:44.054510,12.94,11.67,11.98,14.26,1022,53,3.08,49,8,0.0,Clear,clear sky,18
Zsujta,48.4925,21.265,2026-05-02 18:34:45.264966,13.01,11.62,12.0,14.28,1022,48,3.09,50,0,0.0,Clear,clear sky,18
Bodrogkeresztúr,48.175556,21.354167,2026-05-02 18:34:46.457558,13.03,11.59,13.03,13.03,1021,46,4.51,49,9,0.0,Clear,clear sky,18
Szegi,48.201944,21.387778,2026-05-02 18:34:47.653130,13.54,12.15,13.54,13.54,1021,46,4.5,44,10,0.0,Clear,clear sky,18
Erdőbénye,48.218056,21.401944,2026-05-02 18:34:48.845726,13.51,12.14,13.51,13.51,1021,47,4.47,41,11,0.0,Clouds,few clouds,18
Olaszliszka-Tolcsva,48.258333,21.448056,2026-05-02 18:34:50.038083,13.54,12.23,13.54,13.54,1021,49,4.32,38,11,0.0,Clouds,few clouds,18
Bodrogolaszi,48.286944,21.512778,2026-05-02 18:34:51.235987,13.48,12.08,13.48,13.48,1021,46,4.11,36,12,0.0,Clouds,few clouds,18
Sárospatak,48.325833,21.566111,2026-05-02 18:34:52.426418,13.43,12.03,13.43,13.43,1021,46,3.69,29,15,0.0,Clouds,few clouds,18
Sátoraljaújhely,48.385833,21.657778,2026-05-02 18:34:53.617440,13.51,12.12,13.51,13.51,1021,46,3.37,27,14,0.0,Clouds,few clouds,18
Vecsés,47.40855,19.25652,2026-05-02 18:34:54.809257,17.21,16.03,15.44,18.64,1020,40,4.12,110,0,0.0,Clear,clear sky,18
Vecsés-Kertekalja,47.403333,19.271389,2026-05-02 18:34:56.008294,17.25,16.07,15.48,18.67,1020,40,4.12,110,0,0.0,Clear,clear sky,18
Üllő,47.390833,19.348889,2026-05-02 18:34:57.203835,17.18,15.97,15.44,18.63,1020,39,4.12,110,0,0.0,Clear,clear sky,18
Monor,47.34545,19.43701,2026-05-02 18:34:58.399998,17.07,15.85,17.07,17.07,1021,39,4.12,110,0,0.0,Clear,clear sky,18
Pilis,47.279722,19.536389,2026-05-02 18:34:59.594733,17.03,16.07,17.03,17.03,1021,49,2.21,118,40,0.0,Clouds,scattered clouds,18
Albertirsa,47.240278,19.606389,2026-05-02 18:35:00.789906,15.29,14.13,15.29,15.29,1021,48,1.62,111,34,0.0,Clouds,scattered clouds,18
Ceglédbercel-Cserő,47.210278,19.686944,2026-05-02 18:35:01.981630,15.26,14.09,15.26,15.26,1021,48,1.16,102,30,0.0,Clouds,scattered clouds,18
Cegléd,47.182778,19.806111,2026-05-02 18:35:03.185619,17.07,16.09,17.07,17.07,1021,48,0.57,54,23,0.0,Clouds,few clouds,18
Abony,47.173056,20.016389,2026-05-02 18:35:04.383494,14.97,13.67,14.97,14.97,1021,44,1.03,20,0,0.0,Clear,clear sky,18
Szolnok,47.179167,20.175833,2026-05-02 18:35:05.576270,14.99,13.69,14.99,14.99,1021,44,1.03,20,0,0.0,Clear,clear sky,18
Szajol,47.170556,20.295278,2026-05-02 18:35:06.769852,15.01,13.72,15.01,15.01,1021,44,1.03,20,0,0.0,Clear,clear sky,18
Törökszentmiklós,47.170278,20.413611,2026-05-02 18:35:07.962652,15.0,13.7,15.0,15.0,1021,44,1.03,20,0,0.0,Clear,clear sky,18
Rákoscsaba-Újtelep,47.4875,19.271944,2026-05-02 18:35:09.157780,16.93,15.78,15.34,18.53,1020,42,4.12,110,0,0.0,Clear,clear sky,18
Rákoscsaba,47.492222,19.284722,2026-05-02 18:35:10.357842,16.91,15.75,15.33,18.52,1020,42,4.12,110,0,0.0,Clear,clear sky,18
Pécel,47.493889,19.338889,2026-05-02 18:35:11.551784,16.79,15.54,15.21,18.4,1021,39,4.12,110,0,0.0,Clear,clear sky,18
Isaszeg,47.537719,19.388955,2026-05-02 18:35:12.763826,16.81,15.56,15.12,16.81,1021,39,4.12,110,0,0.0,Clear,clear sky,18
Gödöllő,47.592222,19.358611,2026-05-02 18:35:13.958633,16.02,14.7,14.9,16.58,1021,39,4.12,110,0,0.0,Clear,clear sky,18
Máriabesnyő,47.595556,19.389722,2026-05-02 18:35:15.155630,16.73,15.74,15.04,16.73,1021,49,1.6,123,75,0.0,Clouds,broken clouds,18
Bag,47.641111,19.471667,2026-05-02 18:35:16.350531,17.08,16.18,17.08,17.08,1021,51,1.42,120,71,0.0,Clouds,broken clouds,18
Aszód,47.647467,19.492882,2026-05-02 18:35:17.548044,17.16,16.29,17.16,17.16,1021,52,1.39,121,68,0.0,Clouds,broken clouds,18
Hévízgyörk,47.638611,19.526667,2026-05-02 18:35:18.741703,15.37,14.32,15.37,15.37,1021,52,1.35,122,64,0.0,Clouds,broken clouds,18
Galgahévíz,47.6325,19.558333,2026-05-02 18:35:19.953579,15.54,14.53,15.54,15.54,1021,53,1.27,129,57,0.0,Clouds,broken clouds,18
Tura,47.626389,19.5975,2026-05-02 18:35:21.155584,15.43,14.41,15.43,15.43,1021,53,1.19,128,51,0.0,Clouds,broken clouds,18
Hatvan,47.663611,19.671389,2026-05-02 18:35:22.346868,15.42,14.43,15.42,15.42,1021,54,1.0,98,33,0.0,Clouds,scattered clouds,18
Vámosgyörk,47.686111,19.927778,2026-05-02 18:35:23.536591,15.16,14.17,15.16,15.16,1021,55,1.17,18,12,0.0,Clouds,few clouds,18
Adács,47.696389,19.975278,2026-05-02 18:35:24.730848,15.09,14.09,15.09,15.09,1021,55,1.51,11,13,0.0,Clouds,few clouds,18
Karácsond,47.718056,20.048611,2026-05-02 18:35:25.926702,14.92,13.9,14.92,14.92,1021,55,1.64,9,13,0.0,Clouds,few clouds,18
Ludas,47.723889,20.095556,2026-05-02 18:35:27.130672,15.01,13.98,15.01,15.01,1021,54,1.77,9,13,0.0,Clouds,few clouds,18
Nagyút,47.72666666666667,20.161388888888887,2026-05-02 18:35:28.325005,14.92,13.9,14.92,14.92,1021,55,1.81,11,12,0.0,Clouds,few clouds,18
Kál-Kápolna,47.734167,20.254167,2026-05-02 18:35:29.523749,14.77,13.74,14.77,14.77,1021,55,2.02,21,9,0.0,Clear,clear sky,18
Füzesabony,47.751389,20.415278,2026-05-02 18:35:30.719438,14.57,13.54,14.57,14.57,1021,56,2.69,31,7,0.0,Clear,clear sky,18
Szihalom,47.766944,20.491944,2026-05-02 18:35:31.917858,12.39,11.15,12.39,12.39,1021,56,2.99,32,6,0.0,Clear,clear sky,18
Mezőkövesd,47.797222,20.5675,2026-05-02 18:35:33.111642,12.4,11.16,12.4,12.4,1021,56,3.42,30,7,0.0,Clear,clear sky,18
Mezőkövesd felső,47.807222,20.591389,2026-05-02 18:35:34.301977,12.38,11.14,11.94,12.38,1021,56,3.42,30,7,0.0,Clear,clear sky,18
Mezőkeresztes-Mezőnyárád,47.845556,20.670278,2026-05-02 18:35:35.493767,12.33,11.29,11.94,14.52,1021,64,3.76,25,9,0.0,Clear,clear sky,18
Csincse,47.890833,20.764167,2026-05-02 18:35:36.687279,12.39,11.36,11.96,14.54,1021,64,4.02,23,10,0.0,Clear,clear sky,18
Emőd,47.930556,20.822778,2026-05-02 18:35:37.888818,12.42,11.39,11.98,14.56,1021,64,3.97,22,10,0.0,Clear,clear sky,18
Nyékládháza,47.9925,20.840556,2026-05-02 18:35:39.081073,12.78,11.68,12.0,14.59,1021,60,3.81,23,10,0.0,Clear,clear sky,18
Miskolc-Tiszai,48.098611,20.811389,2026-05-02 18:35:40.277728,14.37,13.43,11.93,14.51,1021,60,2.92,27,10,0.0,Clear,clear sky,18
Felsőzsolca,48.083611,20.866111,2026-05-02 18:35:41.468528,14.54,13.38,11.95,14.54,1021,51,3.19,32,9,0.0,Clear,clear sky,18
Hernádnémeti-Bőcs,48.051389,20.985,2026-05-02 18:35:42.662983,14.16,12.94,11.95,14.54,1021,50,3.88,42,8,0.0,Clear,clear sky,18
Tiszalúc,48.039722,21.0575,2026-05-02 18:35:43.858491,14.05,12.87,12.0,14.58,1021,52,4.15,47,9,0.0,Clear,clear sky,18
Taktaharkány,48.091667,21.128611,2026-05-02 18:35:45.054190,14.63,13.48,14.63,14.63,1021,51,4.14,50,9,0.0,Clear,clear sky,18
Taktaszada,48.1125,21.149444,2026-05-02 18:35:46.251037,14.64,13.47,14.64,14.64,1021,50,4.22,52,9,0.0,Clear,clear sky,18
Szerencs,48.155556,21.214444,2026-05-02 18:35:47.457734,13.96,12.66,13.96,13.96,1021,48,4.52,52,9,0.0,Clear,clear sky,18
Mezőzombor,48.156944,21.267778,2026-05-02 18:35:48.655792,13.85,12.52,13.85,13.85,1021,47,4.54,51,9,0.0,Clear,clear sky,18
Tarcal,48.125,21.34,2026-05-02 18:35:49.853031,13.9,12.57,13.9,13.9,1021,47,4.24,50,10,0.0,Clear,clear sky,18
Tokaj,48.112778,21.406667,2026-05-02 18:35:51.052611,13.27,11.88,13.27,13.27,1021,47,4.12,47,11,0.0,Clouds,few clouds,18
Rakamaz,48.12,21.475,2026-05-02 18:35:52.249533,13.75,12.43,13.75,13.75,1021,48,4.07,46,12,0.0,Clouds,few clouds,18
Görögszállás,48.04,21.555,2026-05-02 18:35:53.444776,13.7,12.43,13.7,13.7,1021,50,3.94,53,18,0.0,Clouds,few clouds,18
Nyírtelek,48.005,21.615556,2026-05-02 18:35:54.639787,13.7,12.41,13.7,13.7,1021,49,4.24,56,32,0.0,Clouds,scattered clouds,18
Rákoshegy,47.468611,19.245556,2026-05-02 18:35:55.839971,16.63,15.5,14.57,16.97,1020,44,4.12,110,0,0.0,Clear,clear sky,18
Ecser,47.439444,19.318056,2026-05-02 18:35:57.032912,16.99,15.76,15.33,17.02,1020,39,4.12,110,0,0.0,Clear,clear sky,18
Maglód,47.438889,19.340833,2026-05-02 18:35:58.223418,16.93,15.7,15.27,16.96,1020,39,4.12,110,0,0.0,Clear,clear sky,18
Maglódi nyaraló,47.434167,19.363611,2026-05-02 18:35:59.418819,16.83,15.59,15.18,16.86,1021,39,4.12,110,0,0.0,Clear,clear sky,18
Gyömrő,47.429722,19.393333,2026-05-02 18:36:00.618300,16.83,15.59,15.14,18.33,1021,39,4.12,110,0,0.0,Clear,clear sky,18
Mende,47.426944,19.439722,2026-05-02 18:36:01.820299,16.79,15.54,16.79,16.79,1021,39,4.12,110,0,0.0,Clear,clear sky,18
Szőlősnyaraló,47.450278,19.561111,2026-05-02 18:36:03.019532,17.02,16.08,17.02,17.02,1021,50,1.75,139,34,0.0,Clouds,scattered clouds,18
Sülysáp,47.451944,19.5275,2026-05-02 18:36:04.211573,17.0,16.06,17.0,17.0,1021,50,2.01,131,41,0.0,Clouds,scattered clouds,18
Tápiószecső,47.443056,19.614722,2026-05-02 18:36:05.409010,17.1,16.17,17.1,17.1,1021,50,1.6,145,30,0.0,Clouds,scattered clouds,18
Szentmártonkáta,47.431944,19.680556,2026-05-02 18:36:06.609070,15.29,14.21,15.29,15.29,1021,51,1.3,159,23,0.0,Clouds,few clouds,18
Nagykáta,47.409722,19.737778,2026-05-02 18:36:07.802876,15.26,14.15,15.26,15.26,1021,50,1.15,164,20,0.0,Clouds,few clouds,18
Farmos,47.355278,19.8375,2026-05-02 18:36:09.002538,15.06,13.93,15.06,15.06,1021,50,0.7,200,12,0.0,Clouds,few clouds,18
Tápiószele,47.346313,19.873504,2026-05-02 18:36:10.197840,14.94,13.77,14.94,14.94,1021,49,0.59,207,12,0.0,Clouds,few clouds,18
Tápiógyörgye,47.325,19.95,2026-05-02 18:36:11.389803,15.08,13.95,15.08,15.08,1021,50,0.63,235,12,0.0,Clouds,few clouds,18
Újszász,47.285833,20.066944,2026-05-02 18:36:12.583837,15.01,13.85,15.01,15.01,1021,49,0.56,224,12,0.0,Clouds,few clouds,18
Szurdokpüspöki,47.851944,19.690278,2026-05-02 18:36:13.778776,15.25,14.24,15.25,15.25,1021,54,0.85,100,49,0.0,Clouds,scattered clouds,18
Lőrinci,47.739444,19.673611,2026-05-02 18:36:14.974471,15.34,14.37,15.34,15.34,1021,55,0.87,97,20,0.0,Clouds,few clouds,18
Selyp,47.759167,19.670833,2026-05-02 18:36:16.166030,15.32,14.34,15.32,15.32,1021,55,0.89,93,23,0.0,Clouds,few clouds,18
Apc-Zagyvaszántó,47.791328,19.66822,2026-05-02 18:36:17.363317,15.33,14.35,15.33,15.33,1021,55,0.91,91,28,0.0,Clouds,scattered clouds,18
Pásztó,47.918889,19.688889,2026-05-02 18:36:18.559638,15.11,14.09,15.11,15.11,1021,54,0.81,113,63,0.0,Clouds,broken clouds,18
Mátraszőlős-Hasznos,47.938506,19.706122,2026-05-02 18:36:19.763933,15.08,14.03,15.08,15.08,1022,53,0.61,120,66,0.0,Clouds,broken clouds,18
Tar,47.956111,19.746389,2026-05-02 18:36:20.956146,14.62,13.52,14.62,14.62,1022,53,0.29,153,62,0.0,Clouds,broken clouds,18
Mátraverebély,47.968333,19.778611,2026-05-02 18:36:22.146732,14.62,13.52,14.62,14.62,1022,53,0.29,153,62,0.0,Clouds,broken clouds,18
Nagybátony,47.981111,19.82,2026-05-02 18:36:23.343465,14.75,13.64,14.75,14.75,1022,52,0.33,189,61,0.0,Clouds,broken clouds,18
Kisterenye,48.009444,19.831944,2026-05-02 18:36:24.539950,14.79,13.66,14.79,14.79,1022,51,0.44,203,57,0.0,Clouds,broken clouds,18
Kisterenye-Bányatelep,48.021389,19.831944,2026-05-02 18:36:25.738372,14.79,13.66,14.79,14.79,1022,51,0.44,203,57,0.0,Clouds,broken clouds,18
Salgótarján külső,48.089444,19.790833,2026-05-02 18:36:26.937211,14.33,13.15,14.33,14.33,1022,51,0.63,147,62,0.0,Clouds,broken clouds,18
Balatonfenyves GV,46.7125,17.479167,2026-05-02 18:36:28.132127,19.08,18.4,19.08,19.08,1021,52,2.63,181,0,0.0,Clear,clear sky,18
Várhegyalja,47.737778,18.366667,2026-05-02 18:36:29.331383,16.47,15.5,16.47,16.47,1020,51,1.97,140,9,0.0,Clear,clear sky,18
Imremajor,46.680556,17.499722,2026-05-02 18:36:30.521755,19.11,18.43,19.11,19.11,1021,52,2.72,181,0,0.0,Clear,clear sky,18
Rákospalota-Kertváros,47.578333,19.122778,2026-05-02 18:36:31.715893,15.93,14.86,15.53,17.63,1021,49,4.12,110,0,0.0,Clear,clear sky,18
Vicziántelep,47.675833,19.286111,2026-05-02 18:36:32.910633,15.16,14.01,15.0,16.69,1021,49,1.59,120,49,0.0,Clouds,scattered clouds,18
Pálmajor,46.662831,17.457526,2026-05-02 18:36:34.104507,19.1,18.42,19.1,19.1,1021,52,2.83,180,0,0.0,Clear,clear sky,18
Somogyszentpál felső,46.649758,17.471404,2026-05-02 18:36:35.292914,19.07,18.39,19.07,19.07,1021,52,2.8,181,0,0.0,Clear,clear sky,18
Somogyszentpál,46.638611,17.478611,2026-05-02 18:36:36.490819,19.06,18.41,19.06,19.06,1021,53,2.86,180,0,0.0,Clear,clear sky,18
Rudnaykert,47.7175,19.257778,2026-05-02 18:36:37.696988,15.35,14.25,15.35,15.35,1021,50,1.51,123,47,0.0,Clouds,scattered clouds,18
Maroshegy,47.158333,18.406667,2026-05-02 18:36:38.894895,16.18,15.29,16.18,16.18,1021,55,2.27,145,8,0.0,Clear,clear sky,18
Bánhida,47.573703,18.371737,2026-05-02 18:36:40.085684,16.11,15.13,16.11,16.11,1021,52,2.73,127,20,0.0,Clouds,few clouds,18
Magyarkút,47.850278,19.045,2026-05-02 18:36:41.277520,15.16,14.12,15.16,15.16,1021,53,1.94,137,78,0.0,Clouds,broken clouds,18
Becske alsó,47.897222,19.364722,2026-05-02 18:36:42.470721,14.59,13.51,14.59,14.59,1021,54,2.11,144,36,0.0,Clouds,scattered clouds,18
Hosszúberek-Péteri,47.370556,19.389722,2026-05-02 18:36:43.666180,17.1,15.88,17.1,17.1,1021,39,4.12,110,0,0.0,Clear,clear sky,18
Monorierdő,47.308889,19.499167,2026-05-02 18:36:44.857370,17.01,16.05,17.01,17.01,1021,49,2.58,115,42,0.0,Clouds,scattered clouds,18
Ceglédbercel,47.215833,19.658611,2026-05-02 18:36:46.048935,15.26,14.09,15.26,15.26,1021,48,1.67,107,21,0.0,Clouds,few clouds,18
Budai út,47.208333,19.731389,2026-05-02 18:36:47.243014,15.12,13.94,15.12,15.12,1021,48,1.19,109,16,0.0,Clouds,few clouds,18
Büdöskútpuszta,48.373056,20.726111,2026-05-02 18:36:48.435878,14.18,13.12,14.18,14.18,1022,56,2.68,73,10,0.0,Clear,clear sky,18
Bánrévei Vízmű,48.282778,20.368333,2026-05-02 18:36:49.630663,16.36,14.94,16.36,16.36,1022,34,2.23,84,11,0.0,Clouds,few clouds,18
Rákoskert,47.456389,19.296111,2026-05-02 18:36:50.827638,16.85,15.61,15.2,16.89,1020,39,4.12,110,0,0.0,Clear,clear sky,18
Szirmabesenyő,48.146944,20.783056,2026-05-02 18:36:52.024785,13.98,13.16,11.85,14.44,1021,66,3.19,52,13,0.0,Clouds,few clouds,18
Kitérőgyár,47.766944,19.935278,2026-05-02 18:36:53.225371,14.88,13.86,14.88,14.88,1021,55,1.32,339,14,0.0,Clouds,few clouds,18
Tápiószentmárton,47.373333,19.797778,2026-05-02 18:36:54.414183,15.02,13.86,15.02,15.02,1021,49,0.76,187,13,0.0,Clouds,few clouds,18
Zagyvarékas,47.244229,20.097435,2026-05-02 18:36:55.611939,15.01,13.72,15.01,15.01,1021,44,1.03,20,0,0.0,Clear,clear sky,18
Abonyi út,47.206401,20.125204,2026-05-02 18:36:56.806935,15.01,13.72,15.01,15.01,1021,44,1.03,20,0,0.0,Clear,clear sky,18
Jászkisér felső,47.438056,20.202222,2026-05-02 18:36:57.998411,13.89,12.67,13.89,13.89,1021,51,1.28,286,9,0.0,Clear,clear sky,18
Szellőhát,47.425556,20.188889,2026-05-02 18:36:59.189255,15.18,14.09,15.18,15.18,1021,51,1.14,280,9,0.0,Clear,clear sky,18
Szilvásvárad-Szalajkavölgy,48.0956,20.38272,2026-05-02 18:37:00.385494,14.92,13.36,10.27,14.92,1022,34,1.82,71,13,0.0,Clouds,few clouds,18
Vásárosnamény külső,48.084444,22.255556,2026-05-02 18:37:01.584095,13.19,11.87,13.19,13.19,1022,50,3.62,57,27,0.0,Clouds,scattered clouds,18
Újváros,46.660556,20.536111,2026-05-02 18:37:02.784470,14.43,13.34,14.43,14.43,1021,54,2.22,80,1,0.0,Clear,clear sky,18
Városi park,46.697778,19.864722,2026-05-02 18:37:03.987271,17.1,16.09,17.1,17.1,1021,47,2.1,93,14,0.0,Clouds,few clouds,18
Belsőkamaráspuszta,46.341944,20.848889,2026-05-02 18:37:05.184913,14.3,13.35,14.3,14.3,1020,60,3.57,43,8,0.0,Clear,clear sky,18
Sajószöged,47.945278,20.981667,2026-05-02 18:37:06.376398,12.99,12.02,12.05,14.63,1021,64,6.26,57,13,0.0,Clouds,few clouds,18
Kazincbarcika alsó,48.255278,20.649167,2026-05-02 18:37:07.569039,14.4,13.41,14.4,16.47,1022,58,2.22,76,9,0.0,Clear,clear sky,18
Nyárjas,46.857778,19.923611,2026-05-02 18:37:08.762058,17.05,15.7,17.05,17.05,1021,34,2.57,100,0,0.0,Clear,clear sky,18
Pogonyipuszta,48.296389,20.381667,2026-05-02 18:37:09.959241,16.32,14.9,16.32,16.32,1022,34,2.23,84,11,0.0,Clouds,few clouds,18
Sióvölgy,46.911103,18.076964,2026-05-02 18:37:11.157064,16.55,15.64,16.55,16.55,1021,53,2.26,205,7,0.0,Clear,clear sky,18
Répáspuszta,46.430278,17.847222,2026-05-02 18:37:12.365150,15.85,15.06,15.85,15.85,1021,60,2.69,189,5,0.0,Clear,clear sky,18
Virányos,48.066667,21.527222,2026-05-02 18:37:13.558104,13.69,12.39,13.69,13.69,1021,49,5.46,78,21,0.0,Clouds,few clouds,18
Füzesbokor,47.988611,21.6475,2026-05-02 18:37:14.757300,13.75,12.43,13.75,13.75,1021,48,4.82,82,17,0.0,Clouds,few clouds,18
Kunfehértó,46.355833,19.417222,2026-05-02 18:37:15.948160,14.7,13.56,14.7,14.7,1021,51,3.5,78,16,0.0,Clouds,few clouds,18
Erdőszél,46.329444,19.395,2026-05-02 18:37:17.154649,14.59,13.44,14.59,14.59,1021,51,3.54,78,14,0.0,Clouds,few clouds,18
Jánoshalma,46.293056,19.330278,2026-05-02 18:37:18.346230,14.66,13.54,14.66,14.66,1021,52,3.53,76,13,0.0,Clouds,few clouds,18
Mélykút,46.213056,19.370556,2026-05-02 18:37:19.539000,14.55,13.44,14.55,14.55,1021,53,3.54,72,12,0.0,Clouds,few clouds,18
Bácsalmás,46.118056,19.346389,2026-05-02 18:37:20.732071,14.5,13.44,14.5,14.5,1021,55,3.47,71,12,0.0,Clouds,few clouds,18
Almás,46.116216,19.328803,2026-05-02 18:37:21.933047,14.5,13.44,14.5,14.5,1021,55,3.47,71,12,0.0,Clouds,few clouds,18
Bácsbokod-Bácsborsód,46.115833,19.16,2026-05-02 18:37:23.129542,14.56,13.56,14.56,14.56,1021,57,3.26,86,9,0.0,Clear,clear sky,18
Baja,46.187014,18.957602,2026-05-02 18:37:24.326507,14.97,14.04,14.97,14.97,1021,58,2.59,99,10,0.0,Clear,clear sky,18
Harkakötöny,46.458333,19.601944,2026-05-02 18:37:25.528379,14.81,13.63,14.81,14.81,1021,49,2.98,81,17,0.0,Clouds,few clouds,18
Tajó,46.473056,19.650556,2026-05-02 18:37:26.723479,14.8,13.62,14.8,14.8,1021,49,2.88,81,16,0.0,Clouds,few clouds,18
Kiskunmajsa,46.501667,19.728056,2026-05-02 18:37:27.920610,14.82,13.64,14.82,14.82,1021,49,2.68,82,16,0.0,Clouds,few clouds,18
Jászszentlászló,46.565833,19.753611,2026-05-02 18:37:29.118296,14.92,13.72,14.92,14.92,1021,48,2.48,86,15,0.0,Clouds,few clouds,18
Galambos,46.625,19.801111,2026-05-02 18:37:30.308920,14.95,13.75,14.95,14.95,1021,48,2.36,88,15,0.0,Clouds,few clouds,18
Pestszentimre,47.402222,19.188611,2026-05-02 18:37:31.501809,16.91,15.81,15.5,17.59,1020,44,4.12,110,0,0.0,Clear,clear sky,18
Gyál felső,47.390278,19.204722,2026-05-02 18:37:32.697141,16.95,15.72,15.5,17.6,1020,39,4.12,110,0,0.0,Clear,clear sky,18
Gyál,47.376667,19.219444,2026-05-02 18:37:33.888753,17.21,16.0,15.53,17.21,1020,39,4.12,110,0,0.0,Clear,clear sky,18
Ócsa,47.301389,19.232222,2026-05-02 18:37:35.085650,17.23,16.03,16.67,17.23,1020,39,4.12,110,0,0.0,Clear,clear sky,18
Inárcs-Kakucs,47.247222,19.317778,2026-05-02 18:37:36.279802,17.23,16.29,17.23,17.23,1021,49,3.39,111,50,0.0,Clouds,scattered clouds,18
Dabas,47.194722,19.328889,2026-05-02 18:37:37.475914,17.24,16.3,17.24,17.24,1021,49,3.47,108,43,0.0,Clouds,scattered clouds,18
Gyón,47.178333,19.355556,2026-05-02 18:37:38.675853,17.21,16.27,17.21,17.21,1021,49,3.5,107,39,0.0,Clouds,scattered clouds,18
Hernád,47.161389,19.4025,2026-05-02 18:37:39.872865,15.51,14.37,15.51,15.51,1021,48,3.23,104,32,0.0,Clouds,scattered clouds,18
Bakonygyirót,47.416389,17.811944,2026-05-02 18:37:41.064390,19.59,18.86,16.71,19.59,1021,48,0.77,143,5,0.0,Clear,clear sky,18
Vinye,47.360317,17.819635,2026-05-02 18:37:42.260009,16.03,14.94,16.03,18.91,1021,48,0.86,128,4,0.0,Clear,clear sky,18
Nemesgörzsöny,47.402924,17.376385,2026-05-02 18:37:43.449452,17.16,16.26,17.16,17.16,1020,51,0.0,0,0,0.0,Clear,clear sky,18
Rábahíd,47.438618,17.337525,2026-05-02 18:37:44.643483,17.15,16.25,17.15,17.15,1020,51,0.0,0,0,0.0,Clear,clear sky,18
Öskü,47.162222,18.076389,2026-05-02 18:37:45.838940,16.25,15.31,16.25,16.25,1021,53,0.84,179,6,0.0,Clear,clear sky,18
Márkó,47.1275,17.813889,2026-05-02 18:37:47.035314,15.65,14.6,15.65,15.65,1022,51,0.71,141,0,0.0,Clear,clear sky,18
Nemeskocs,47.203333,17.188889,2026-05-02 18:37:48.234865,17.11,16.23,17.11,17.11,1021,52,0.84,63,0,0.0,Clear,clear sky,18
Zalagyömörő,47.011111,17.220833,2026-05-02 18:37:49.435773,17.16,16.32,17.16,17.16,1021,53,0.82,73,0,0.0,Clear,clear sky,18
Rigács,47.061667,17.199167,2026-05-02 18:37:50.630294,17.12,16.25,17.12,17.12,1021,52,0.84,68,0,0.0,Clear,clear sky,18
Kemenespálfa,47.139722,17.183056,2026-05-02 18:37:51.830465,17.23,16.37,17.23,17.23,1021,52,0.87,57,0,0.0,Clear,clear sky,18
Lentiszombathely,46.611389,16.5725,2026-05-02 18:37:53.027591,13.28,12.15,13.28,13.28,1021,57,0.93,83,0,0.0,Clear,clear sky,18
Ortaháza,46.626667,16.685833,2026-05-02 18:37:54.223769,17.05,16.27,17.05,17.05,1021,56,0.99,64,0,0.0,Clear,clear sky,18
Rádiháza,46.654722,16.765833,2026-05-02 18:37:55.419877,16.99,16.21,16.99,16.99,1021,56,0.99,59,0,0.0,Clear,clear sky,18
Baktüttös,46.690833,16.826389,2026-05-02 18:37:56.614232,18.6,17.98,18.6,18.6,1021,56,0.98,57,0,0.0,Clear,clear sky,18
Budafa,46.851667,16.624722,2026-05-02 18:37:57.806186,17.19,16.4,17.19,17.19,1021,55,0.8,73,0,0.0,Clear,clear sky,18
Zalapatakalja,46.845556,16.603889,2026-05-02 18:37:59.000771,17.19,16.43,17.19,17.19,1021,56,0.9,77,0,0.0,Clear,clear sky,18
Tormásliget,47.430556,16.781667,2026-05-02 18:38:00.198394,14.19,13.18,14.19,14.19,1020,58,1.01,214,0,0.0,Clear,clear sky,18
Belecska,46.64,18.411389,2026-05-02 18:38:01.395020,15.96,15.0,15.96,15.96,1021,53,1.45,134,6,0.0,Clear,clear sky,18
Almár,47.956111,20.356944,2026-05-02 18:38:02.589907,11.48,10.12,11.48,11.92,1022,55,1.47,23,12,0.0,Clouds,few clouds,18
Vasútmúzeum,47.543889,19.099444,2026-05-02 18:38:03.791131,15.95,14.85,15.54,17.64,1021,48,4.12,110,0,0.0,Clear,clear sky,18
Abda,47.690833,17.540556,2026-05-02 18:38:04.998247,20.09,19.41,20.09,20.09,1020,48,1.23,196,2,0.0,Clear,clear sky,18
Vadaspark,47.526111,18.949167,2026-05-02 18:38:06.192660,14.78,13.59,13.74,15.83,1020,49,1.79,118,14,0.0,Clouds,few clouds,18
Barosstelep,47.398889,18.989167,2026-05-02 18:38:07.388996,16.98,15.99,15.6,17.69,1020,48,2.61,138,15,0.0,Clouds,few clouds,18
Fegyvernek-Örményes,47.194444,20.5575,2026-05-02 18:38:08.583020,15.02,13.91,15.02,15.02,1021,51,2.16,172,7,0.0,Clear,clear sky,18
Zagyvapálfalva,48.068889,19.785,2026-05-02 18:38:09.771809,14.54,13.38,14.54,14.54,1022,51,0.57,159,63,0.0,Clouds,broken clouds,18
Salgótarján,48.105556,19.807222,2026-05-02 18:38:10.968415,13.9,12.65,13.9,13.9,1022,50,0.7,134,59,0.0,Clouds,broken clouds,18
Szabadisóstó,46.933889,18.118056,2026-05-02 18:38:12.159531,16.52,15.61,16.52,16.52,1021,53,2.26,204,8,0.0,Clear,clear sky,18
Siófok,46.907778,18.053889,2026-05-02 18:38:13.354693,16.55,15.64,16.55,16.55,1021,53,2.26,205,7,0.0,Clear,clear sky,18
Balatonszéplak felső,46.898056,18.018056,2026-05-02 18:38:14.547249,16.49,15.58,16.49,16.49,1021,53,2.22,202,6,0.0,Clear,clear sky,18
Balatonszéplak alsó,46.891944,17.993333,2026-05-02 18:38:15.738224,16.62,15.7,16.62,16.62,1021,52,2.19,202,6,0.0,Clear,clear sky,18
Zamárdi felső,46.886111,17.969444,2026-05-02 18:38:16.932137,16.66,15.74,16.66,16.66,1021,52,2.16,201,5,0.0,Clear,clear sky,18
Zamárdi,46.88,17.944722,2026-05-02 18:38:18.126930,16.66,15.74,16.66,16.66,1021,52,2.16,201,5,0.0,Clear,clear sky,18
Szántód,46.861944,17.899167,2026-05-02 18:38:19.317815,16.67,15.75,16.67,16.67,1021,52,2.12,196,4,0.0,Clear,clear sky,18
Szőny-Déli,47.735278,18.141944,2026-05-02 18:38:20.507796,20.12,19.47,20.12,20.12,1020,49,0.51,165,6,0.0,Clear,clear sky,18
Várpalota,47.194444,18.149167,2026-05-02 18:38:21.701315,15.93,14.99,15.93,15.93,1021,54,1.12,134,10,0.0,Clear,clear sky,18
Pétfürdő,47.1675,18.121389,2026-05-02 18:38:22.896263,16.39,15.49,16.39,16.39,1021,54,0.93,152,9,0.0,Clear,clear sky,18
Hajmáskér,47.141111,18.009444,2026-05-02 18:38:24.093229,16.05,15.09,16.05,16.05,1022,53,0.78,181,5,0.0,Clear,clear sky,18
Veszprém,47.118889,17.91,2026-05-02 18:38:25.293087,16.08,15.1,16.08,16.08,1022,52,0.7,180,1,0.0,Clear,clear sky,18
Herend,47.136944,17.760278,2026-05-02 18:38:26.485418,15.6,14.52,15.6,15.6,1022,50,0.82,131,0,0.0,Clear,clear sky,18
Városlőd,47.144167,17.652778,2026-05-02 18:38:27.676266,15.98,14.91,15.98,15.98,1022,49,1.36,114,0,0.0,Clear,clear sky,18
Városlőd-Kislőd,47.133889,17.631111,2026-05-02 18:38:28.871659,16.09,15.06,16.09,16.09,1022,50,1.35,115,0,0.0,Clear,clear sky,18
Ajka,47.105902,17.572938,2026-05-02 18:38:30.065308,16.39,15.39,16.39,16.39,1022,50,1.58,114,0,0.0,Clear,clear sky,18
Ajka-Gyártelep,47.096806,17.555219,2026-05-02 18:38:31.262816,16.44,15.45,16.44,16.44,1022,50,1.58,114,0,0.0,Clear,clear sky,18
Devecser,47.1125,17.435278,2026-05-02 18:38:32.456766,16.84,15.91,16.84,16.84,1022,51,1.54,108,0,0.0,Clear,clear sky,18
Somlóvásárhely,47.124444,17.369167,2026-05-02 18:38:33.647306,16.95,16.03,16.95,16.95,1021,51,1.31,93,0,0.0,Clear,clear sky,18
Tüskevár,47.128611,17.331389,2026-05-02 18:38:34.848133,16.99,16.08,16.99,16.99,1021,51,1.22,87,0,0.0,Clear,clear sky,18
Karakószörcsök,47.133611,17.287778,2026-05-02 18:38:36.046407,17.13,16.26,17.13,17.13,1021,52,1.13,80,0,0.0,Clear,clear sky,18
Kerta,47.151944,17.237222,2026-05-02 18:38:37.237906,17.26,16.4,17.26,17.26,1021,52,0.92,63,0,0.0,Clear,clear sky,18
Boba,47.183333,17.191389,2026-05-02 18:38:38.442304,17.25,16.39,17.25,17.25,1021,52,0.86,60,0,0.0,Clear,clear sky,18
Börgönd,47.140278,18.515,2026-05-02 18:38:39.634931,15.99,15.05,15.99,15.99,1021,54,2.66,141,5,0.0,Clear,clear sky,18
Belsőbáránd,47.102778,18.499722,2026-05-02 18:38:40.825972,15.96,15.02,15.96,15.96,1021,54,2.56,140,5,0.0,Clear,clear sky,18
Zichyújfalu,47.124444,18.6725,2026-05-02 18:38:42.017955,15.88,14.88,15.88,15.88,1021,52,2.8,135,10,0.0,Clear,clear sky,18
Seregélyes,47.121111,18.580556,2026-05-02 18:38:43.214171,16.1,15.18,16.1,16.1,1021,54,2.7,139,5,0.0,Clear,clear sky,18
Polgárdi-Ipartelepek,47.079167,18.314444,2026-05-02 18:38:44.408815,15.88,14.93,15.88,15.88,1021,54,1.83,165,10,0.0,Clear,clear sky,18
Polgárdi,47.07,18.284167,2026-05-02 18:38:45.606739,15.88,14.93,15.88,15.88,1021,54,1.83,165,10,0.0,Clear,clear sky,18
Füle,47.05,18.255278,2026-05-02 18:38:46.797853,15.89,14.94,15.89,15.89,1021,54,1.82,176,11,0.0,Clouds,few clouds,18
Zánka-Erzsébettábor,46.8775,17.709167,2026-05-02 18:38:47.992452,16.89,15.99,16.89,16.89,1022,52,2.0,179,2,0.0,Clear,clear sky,18
Csajág,47.033889,18.186389,2026-05-02 18:38:49.187233,16.11,15.19,16.11,16.11,1021,54,1.99,198,10,0.0,Clear,clear sky,18
Balatonakarattya,47.017222,18.167778,2026-05-02 18:38:50.387902,16.11,15.19,16.11,16.11,1021,54,1.99,198,10,0.0,Clear,clear sky,18
Csittényhegy,47.025278,18.1375,2026-05-02 18:38:51.579643,16.4,15.51,16.4,16.4,1021,54,2.04,203,10,0.0,Clear,clear sky,18
Balatonkenese,47.0325,18.105556,2026-05-02 18:38:52.787517,16.57,15.67,16.57,16.57,1021,53,2.06,206,9,0.0,Clear,clear sky,18
Balatonfűzfő,47.060278,18.0425,2026-05-02 18:38:53.980049,16.43,15.51,16.43,16.43,1021,53,1.76,210,6,0.0,Clear,clear sky,18
Balatonalmádi,47.028333,18.015,2026-05-02 18:38:55.173133,16.61,15.71,16.61,16.61,1021,53,1.95,211,6,0.0,Clear,clear sky,18
Káptalanfüred,47.008889,18.003889,2026-05-02 18:38:56.367765,15.76,14.78,15.76,15.76,1021,53,2.01,210,5,0.0,Clear,clear sky,18
Alsóörs,46.985278,17.974722,2026-05-02 18:38:57.561772,15.76,14.78,15.76,15.76,1021,53,2.01,210,5,0.0,Clear,clear sky,18
Csopak,46.974722,17.931111,2026-05-02 18:38:58.752522,16.19,15.22,16.19,16.19,1021,52,1.72,204,3,0.0,Clear,clear sky,18
Balatonarács,46.9625,17.8975,2026-05-02 18:38:59.953055,16.19,15.22,16.19,16.19,1021,52,1.72,204,3,0.0,Clear,clear sky,18
Balatonfüred,46.955833,17.883056,2026-05-02 18:39:01.150590,16.61,15.68,16.61,16.61,1021,52,1.7,199,3,0.0,Clear,clear sky,18
Aszófő,46.925556,17.8325,2026-05-02 18:39:02.345281,16.6,15.67,16.6,16.6,1021,52,1.74,193,3,0.0,Clear,clear sky,18
Örvényes,46.9125,17.818056,2026-05-02 18:39:03.540614,16.6,15.67,16.6,16.6,1021,52,1.74,193,3,0.0,Clear,clear sky,18
Balatonudvari,46.904722,17.808056,2026-05-02 18:39:04.741419,16.11,15.13,16.11,16.11,1021,52,1.65,188,2,0.0,Clear,clear sky,18
Fövenyes,46.893611,17.789444,2026-05-02 18:39:05.942117,16.73,15.82,16.73,16.73,1021,52,1.84,188,3,0.0,Clear,clear sky,18
Balatonakali-Dörgicse,46.88,17.747778,2026-05-02 18:39:07.140559,16.42,15.48,16.42,16.42,1021,52,1.8,184,2,0.0,Clear,clear sky,18
Zánka-Köveskál,46.872778,17.687778,2026-05-02 18:39:08.337026,16.53,15.6,16.53,16.53,1022,52,2.0,177,1,0.0,Clear,clear sky,18
Balatonszepezd,46.851111,17.663056,2026-05-02 18:39:09.533609,16.91,16.01,16.91,16.91,1022,52,2.21,179,2,0.0,Clear,clear sky,18
Szepezdfürdő,46.839722,17.649444,2026-05-02 18:39:10.723021,15.93,14.94,15.93,15.93,1022,52,2.19,178,1,0.0,Clear,clear sky,18
Révfülöp,46.829167,17.632222,2026-05-02 18:39:11.925246,15.93,14.94,15.93,15.93,1022,52,2.19,178,1,0.0,Clear,clear sky,18
Balatonrendes,46.824722,17.582778,2026-05-02 18:39:13.121940,16.67,15.75,16.67,16.67,1021,52,2.22,177,0,0.0,Clear,clear sky,18
Ábrahámhegy,46.815,17.572222,2026-05-02 18:39:14.316550,16.67,15.75,16.67,16.67,1021,52,2.22,177,0,0.0,Clear,clear sky,18
Badacsonyörs,46.805556,17.531667,2026-05-02 18:39:15.507447,16.96,16.07,16.96,16.96,1021,52,2.18,175,0,0.0,Clear,clear sky,18
Kisújszállás,47.223889,20.751111,2026-05-02 18:39:16.700094,14.86,13.76,14.86,14.86,1021,52,2.28,172,10,0.0,Clear,clear sky,18
Karcag,47.303333,20.928056,2026-05-02 18:39:17.896137,14.67,13.58,14.67,14.67,1021,53,1.95,170,13,0.0,Clouds,few clouds,18
Püspökladány,47.3275,21.128889,2026-05-02 18:39:19.087188,14.6,13.5,14.6,14.6,1021,53,1.96,162,14,0.0,Clouds,few clouds,18
Kaba,47.368889,21.259444,2026-05-02 18:39:20.275780,15.1,14.0,15.1,15.1,1021,51,2.06,154,19,0.0,Clouds,few clouds,18
Hajdúszoboszló,47.429444,21.406944,2026-05-02 18:39:21.466660,15.09,13.73,15.09,15.09,1021,41,2.06,120,0,0.0,Clear,clear sky,18
Ebes,47.462778,21.488889,2026-05-02 18:39:22.662907,15.04,13.67,15.04,15.04,1021,41,2.06,120,0,0.0,Clear,clear sky,18
Debrecen,47.520278,21.628611,2026-05-02 18:39:23.856754,14.92,13.54,14.92,14.92,1021,41,2.06,120,0,0.0,Clear,clear sky,18
Debrecen-Csapókert,47.540556,21.648056,2026-05-02 18:39:25.050281,14.87,13.48,14.87,14.87,1021,41,2.06,120,0,0.0,Clear,clear sky,18
Apafa,47.584045,21.655858,2026-05-02 18:39:26.247522,14.83,13.44,14.83,14.83,1021,41,2.06,120,0,0.0,Clear,clear sky,18
Bocskaikert,47.6425,21.666389,2026-05-02 18:39:27.443606,14.76,13.36,14.76,14.76,1021,41,2.06,120,0,0.0,Clear,clear sky,18
Hajdúhadház,47.686944,21.679167,2026-05-02 18:39:28.639411,14.73,13.49,14.73,14.73,1021,47,4.1,80,40,0.0,Clouds,scattered clouds,18
Téglás,47.714722,21.684722,2026-05-02 18:39:29.838592,14.8,13.56,14.8,14.8,1021,47,4.28,81,32,0.0,Clouds,scattered clouds,18
Újfehértó,47.814444,21.706389,2026-05-02 18:39:31.027550,13.96,12.64,13.96,13.96,1021,47,4.74,83,13,0.0,Clouds,few clouds,18
Nyíregyháza,47.946667,21.705556,2026-05-02 18:39:32.219150,13.8,12.46,13.8,13.8,1021,47,4.74,83,14,0.0,Clouds,few clouds,18
Sóstó,47.998051,21.729047,2026-05-02 18:39:33.412968,13.7,12.35,13.7,13.7,1021,47,4.3,78,18,0.0,Clouds,few clouds,18
Sóstóhegy,48.012222,21.742778,2026-05-02 18:39:34.609782,13.74,12.42,13.74,13.74,1021,48,4.26,77,19,0.0,Clouds,few clouds,18
Kemecse,48.065556,21.801667,2026-05-02 18:39:35.804747,13.63,12.33,13.63,13.63,1021,49,4.06,74,20,0.0,Clouds,few clouds,18
Nyírbogdány,48.082222,21.855278,2026-05-02 18:39:36.996536,13.54,12.23,13.54,13.54,1021,49,4.01,72,20,0.0,Clouds,few clouds,18
Kék,48.093333,21.883889,2026-05-02 18:39:38.191567,13.56,12.25,13.56,13.56,1021,49,3.91,71,20,0.0,Clouds,few clouds,18
Demecser,48.111667,21.926667,2026-05-02 18:39:39.390614,13.51,12.22,13.51,13.51,1021,50,3.9,69,19,0.0,Clouds,few clouds,18
Gégény,48.128333,21.951944,2026-05-02 18:39:40.586881,13.43,12.13,13.43,13.43,1021,50,3.88,68,18,0.0,Clouds,few clouds,18
Pátroha,48.158611,21.996667,2026-05-02 18:39:41.784366,13.39,12.12,13.39,13.39,1021,51,3.86,67,17,0.0,Clouds,few clouds,18
Ajak,48.1865,22.048972,2026-05-02 18:39:42.986253,13.34,12.06,13.34,13.34,1022,51,3.83,66,17,0.0,Clouds,few clouds,18
Kisvárda,48.208333,22.078333,2026-05-02 18:39:44.182542,13.29,12.01,13.29,13.29,1022,51,3.77,64,19,0.0,Clouds,few clouds,18
Kisvárda-Hármasút,48.228333,22.091944,2026-05-02 18:39:45.378098,13.29,12.01,13.29,13.29,1022,51,3.77,64,19,0.0,Clouds,few clouds,18
Fényeslitke,48.267222,22.107222,2026-05-02 18:39:46.578059,13.16,11.86,13.16,13.16,1022,51,3.73,64,19,0.0,Clouds,few clouds,18
Komoró,48.305278,22.118056,2026-05-02 18:39:47.782042,13.14,11.84,13.14,13.14,1022,51,3.72,64,18,0.0,Clouds,few clouds,18
Tuzsér,48.342222,22.131667,2026-05-02 18:39:48.988226,13.02,11.71,13.02,13.02,1022,51,3.66,66,17,0.0,Clouds,few clouds,18
Tiszabezdéd,48.371389,22.145,2026-05-02 18:39:50.182026,12.98,11.69,12.98,12.98,1022,52,3.69,66,17,0.0,Clouds,few clouds,18
Záhony,48.402222,22.183611,2026-05-02 18:39:51.381838,12.9,11.6,12.9,12.9,1022,52,3.72,66,17,0.0,Clouds,few clouds,18
Karcag-Vásártér,47.3225,20.9075,2026-05-02 18:39:52.575132,14.67,13.58,14.67,14.67,1021,53,1.95,170,13,0.0,Clouds,few clouds,18
Berekfürdő,47.374722,20.827222,2026-05-02 18:39:53.770798,14.73,13.62,14.73,14.73,1021,52,1.37,172,12,0.0,Clouds,few clouds,18
Kunmadaras,47.415278,20.793056,2026-05-02 18:39:54.963432,14.72,13.58,14.72,14.72,1021,51,0.65,164,12,0.0,Clouds,few clouds,18
Tiszaszentimre,47.490833,20.733056,2026-05-02 18:39:56.158438,14.74,13.63,14.74,14.74,1021,52,0.67,10,13,0.0,Clouds,few clouds,18
Tiszaszőlős,47.555556,20.728056,2026-05-02 18:39:57.352416,14.66,13.54,14.66,14.66,1021,52,1.45,6,13,0.0,Clouds,few clouds,18
Hosszúhát,47.235556,21.101944,2026-05-02 18:39:58.547797,14.63,13.53,14.63,14.63,1021,53,2.08,148,16,0.0,Clouds,few clouds,18
Szerep,47.234444,21.145833,2026-05-02 18:39:59.736500,14.63,13.53,14.63,14.63,1021,53,2.07,144,17,0.0,Clouds,few clouds,18
Sárrétudvari,47.231667,21.180833,2026-05-02 18:40:00.937442,14.63,13.53,14.63,14.63,1021,53,2.07,141,17,0.0,Clouds,few clouds,18
Biharnagybajom,47.208889,21.221944,2026-05-02 18:40:02.137119,14.65,13.53,14.65,14.65,1021,52,2.1,130,20,0.0,Clouds,few clouds,18
Füzesgyarmat,47.113056,21.194444,2026-05-02 18:40:03.333842,14.67,13.58,14.67,14.67,1021,53,2.11,121,22,0.0,Clouds,few clouds,18
Füzesgyarmatfürdő,47.093787,21.201582,2026-05-02 18:40:04.526228,14.67,13.58,14.67,14.67,1021,53,2.11,121,22,0.0,Clouds,few clouds,18
Báránd,47.299722,21.235278,2026-05-02 18:40:05.716133,14.62,13.5,14.62,14.62,1021,52,2.04,149,17,0.0,Clouds,few clouds,18
Sáp,47.259722,21.360556,2026-05-02 18:40:06.914965,14.67,13.52,14.67,14.67,1021,51,2.07,132,20,0.0,Clouds,few clouds,18
Berettyóújfalu,47.211944,21.535556,2026-05-02 18:40:08.115825,14.79,13.6,14.79,14.79,1021,49,2.1,117,37,0.0,Clouds,scattered clouds,18
Mezőpeterd,47.176111,21.625278,2026-05-02 18:40:09.312273,11.39,9.84,11.39,16.28,1021,48,2.12,111,48,0.0,Clouds,scattered clouds,18
Biharkeresztes,47.135556,21.721389,2026-05-02 18:40:10.508073,11.36,9.86,11.36,16.25,1020,50,2.06,80,0,0.0,Clear,clear sky,18
Tócóvölgy,47.529444,21.588889,2026-05-02 18:40:11.706676,14.97,13.59,14.97,14.97,1021,41,2.06,120,0,0.0,Clear,clear sky,18
Sáregres,46.7825,18.588889,2026-05-02 18:40:12.906053,15.96,14.97,15.96,15.96,1021,52,2.64,124,9,0.0,Clear,clear sky,18
Simontornya,46.756582,18.540674,2026-05-02 18:40:14.107263,15.91,14.94,15.91,15.91,1021,53,2.33,126,8,0.0,Clear,clear sky,18
Tolnanémedi,46.727778,18.475833,2026-05-02 18:40:15.309510,15.99,15.03,15.99,15.99,1021,53,2.18,126,8,0.0,Clear,clear sky,18
Pincehely,46.681389,18.43,2026-05-02 18:40:16.504962,15.88,14.91,15.88,15.88,1021,53,1.72,135,7,0.0,Clear,clear sky,18
Keszőhidegkút-Gyönk,46.597778,18.426111,2026-05-02 18:40:17.697427,15.84,14.86,15.84,15.84,1021,53,1.32,134,6,0.0,Clear,clear sky,18
Szárazd,46.575556,18.420833,2026-05-02 18:40:18.899420,15.85,14.9,15.85,15.85,1021,54,1.17,136,5,0.0,Clear,clear sky,18
Regöly,46.568889,18.396111,2026-05-02 18:40:20.102647,15.85,14.9,15.85,15.85,1021,54,1.17,136,5,0.0,Clear,clear sky,18
Szakály-Hőgyész,46.523611,18.389444,2026-05-02 18:40:21.300251,15.72,14.78,15.72,15.72,1021,55,0.92,157,5,0.0,Clear,clear sky,18
Dúzs,46.493889,18.377222,2026-05-02 18:40:22.493896,15.74,14.81,15.74,15.74,1021,55,0.87,163,5,0.0,Clear,clear sky,18
Csibrák,46.466667,18.336389,2026-05-02 18:40:23.690194,15.79,14.89,15.79,15.79,1021,56,0.95,184,5,0.0,Clear,clear sky,18
Kurd,46.449167,18.319167,2026-05-02 18:40:24.886748,15.42,14.51,15.42,15.42,1021,57,0.97,188,5,0.0,Clear,clear sky,18
Döbrököz,46.418889,18.255,2026-05-02 18:40:26.081695,15.72,14.86,15.72,15.72,1021,58,1.33,205,6,0.0,Clear,clear sky,18
Dombóvár,46.37,18.149722,2026-05-02 18:40:27.280405,15.69,14.93,15.69,15.69,1021,62,1.83,213,6,0.0,Clear,clear sky,18
Dombóvár alsó,46.363889,18.134167,2026-05-02 18:40:28.481564,15.69,14.93,15.69,15.69,1021,62,1.83,213,6,0.0,Clear,clear sky,18
Somoskőújfalu,48.154722,19.815556,2026-05-02 18:40:29.675201,12.81,11.48,12.81,12.81,1022,51,0.89,113,51,0.0,Clouds,broken clouds,18
Jászfényszaru,47.593056,19.754444,2026-05-02 18:40:30.875713,15.36,14.34,15.36,15.36,1021,53,0.37,174,8,0.0,Clear,clear sky,18
Pusztamonostor,47.564444,19.794167,2026-05-02 18:40:32.074086,15.5,14.49,15.5,15.5,1021,53,0.44,205,9,0.0,Clear,clear sky,18
Jászberény,47.494444,19.893333,2026-05-02 18:40:33.269217,15.6,14.57,15.6,15.6,1021,52,0.79,231,12,0.0,Clouds,few clouds,18
Meggyespele,47.441944,19.938889,2026-05-02 18:40:34.469191,15.62,14.36,15.62,15.62,1021,43,0.9,256,13,0.0,Clouds,few clouds,18
Portelek,47.418056,19.958889,2026-05-02 18:40:35.671932,15.64,14.38,15.64,15.64,1021,43,0.86,251,13,0.0,Clouds,few clouds,18
Jászboldogháza-Jánoshida,47.366944,20.001389,2026-05-02 18:40:36.864182,15.63,14.37,15.63,15.63,1021,43,0.73,248,12,0.0,Clouds,few clouds,18
Jászárokszállás,47.635556,19.971111,2026-05-02 18:40:38.055002,15.25,14.24,15.25,15.25,1021,54,1.2,318,11,0.0,Clouds,few clouds,18
Jászdózsa,47.563056,20.028056,2026-05-02 18:40:39.259146,15.21,14.17,15.21,15.21,1021,53,1.38,306,13,0.0,Clouds,few clouds,18
Jászapáti,47.513611,20.155,2026-05-02 18:40:40.455633,15.13,14.06,15.13,15.13,1021,52,1.67,300,10,0.0,Clear,clear sky,18
Jászkisér,47.456111,20.203333,2026-05-02 18:40:41.662471,13.34,12.09,13.34,13.34,1021,52,1.43,292,9,0.0,Clear,clear sky,18
Jászladány,47.373333,20.159167,2026-05-02 18:40:42.863486,15.68,14.61,15.01,15.68,1021,50,0.84,264,10,0.0,Clear,clear sky,18
Szászberek,47.320556,20.090833,2026-05-02 18:40:44.061422,15.67,14.42,15.01,15.67,1021,43,0.63,239,11,0.0,Clouds,few clouds,18
Gyöngyöshalász,47.743056,19.932222,2026-05-02 18:40:45.260950,15.07,14.07,15.07,15.07,1021,55,1.35,340,12,0.0,Clouds,few clouds,18
Gyöngyös,47.783056,19.937222,2026-05-02 18:40:46.452217,14.66,13.59,14.66,14.66,1021,54,1.48,335,14,0.0,Clouds,few clouds,18
Erdőtelek,47.683333,20.3025,2026-05-02 18:40:47.654904,14.78,13.72,14.78,14.78,1021,54,2.62,325,10,0.0,Clear,clear sky,18
Heves,47.609444,20.306111,2026-05-02 18:40:48.851726,13.27,12.04,13.27,13.27,1021,53,2.33,316,10,0.0,Clear,clear sky,18
Hevesvezekény,47.562222,20.365833,2026-05-02 18:40:50.044064,13.31,12.11,13.31,13.31,1021,54,2.16,316,10,0.0,Clear,clear sky,18
Tarnaszentmiklós,47.546944,20.390833,2026-05-02 18:40:51.239274,13.32,12.12,13.32,13.32,1021,54,1.96,312,11,0.0,Clouds,few clouds,18
Kisköre,47.495556,20.481667,2026-05-02 18:40:52.431304,13.34,12.14,13.34,13.34,1021,54,1.21,309,14,0.0,Clouds,few clouds,18
Abádszalók,47.455278,20.553056,2026-05-02 18:40:53.625729,13.32,12.12,13.32,13.32,1021,54,0.86,300,15,0.0,Clouds,few clouds,18
Kunhegyes,47.376667,20.641111,2026-05-02 18:40:54.817171,13.32,12.12,13.32,13.32,1021,54,0.73,190,13,0.0,Clouds,few clouds,18
Kenderes,47.254444,20.686111,2026-05-02 18:40:56.015896,13.35,12.07,13.35,13.35,1021,51,2.08,175,10,0.0,Clear,clear sky,18
Maklár,47.808056,20.404722,2026-05-02 18:40:57.210501,14.42,13.38,14.42,14.42,1021,56,2.63,350,9,0.0,Clear,clear sky,18
Andornaktálya,47.852203,20.402295,2026-05-02 18:40:58.407166,12.2,10.94,12.2,12.2,1021,56,2.42,360,9,0.0,Clear,clear sky,18
Eger,47.891667,20.381667,2026-05-02 18:40:59.600791,11.67,10.35,11.67,12.11,1021,56,2.01,360,11,0.0,Clouds,few clouds,18
Egervár,47.908056,20.380556,2026-05-02 18:41:00.791740,11.48,10.12,11.48,11.93,1021,55,1.86,7,11,0.0,Clouds,few clouds,18
Eger-Felnémet,47.936667,20.370556,2026-05-02 18:41:01.989255,11.54,10.19,11.54,11.98,1022,55,1.73,16,11,0.0,Clouds,few clouds,18
Szarvaskő,47.988611,20.3325,2026-05-02 18:41:03.179964,11.13,9.71,11.13,15.78,1022,54,1.4,35,12,0.0,Clouds,few clouds,18
Mónosbél,48.031944,20.33,2026-05-02 18:41:04.379637,15.6,14.63,10.95,15.6,1022,54,1.46,58,13,0.0,Clouds,few clouds,18
Bélapátfalva,48.055556,20.340556,2026-05-02 18:41:05.575593,15.31,13.78,10.65,15.31,1022,34,1.56,66,13,0.0,Clouds,few clouds,18
Bélapátfalvi Cementgyár,48.058056,20.355,2026-05-02 18:41:06.772687,15.26,13.73,10.61,15.26,1022,34,1.56,66,13,0.0,Clouds,few clouds,18
Szilvásvárad,48.11345,20.37919,2026-05-02 18:41:07.964211,15.13,13.59,10.48,15.13,1022,34,1.95,76,13,0.0,Clouds,few clouds,18
Hejőkeresztúr,47.960278,20.869444,2026-05-02 18:41:09.156294,12.64,11.55,12.02,14.6,1021,61,5.12,40,13,0.0,Clouds,few clouds,18
Tiszaújváros,47.926111,21.030556,2026-05-02 18:41:10.351221,12.51,11.2,12.51,14.65,1021,53,6.54,60,13,0.0,Clouds,few clouds,18
Miskolc-Gömöri,48.106667,20.800278,2026-05-02 18:41:11.544419,14.3,13.38,11.91,14.5,1021,61,3.72,50,13,0.0,Clouds,few clouds,18
Sajókeresztúr,48.168008,20.774014,2026-05-02 18:41:12.739118,13.87,13.06,11.86,14.45,1021,67,3.05,57,13,0.0,Clouds,few clouds,18
Sajóecseg,48.186111,20.766667,2026-05-02 18:41:13.935299,13.84,13.06,11.9,14.49,1021,68,2.93,63,13,0.0,Clouds,few clouds,18
Sajószentpéter,48.222222,20.708056,2026-05-02 18:41:15.135245,13.44,12.72,11.8,14.39,1021,72,2.6,67,11,0.0,Clouds,few clouds,18
Kazincbarcika,48.264444,20.6275,2026-05-02 18:41:16.325919,14.39,13.37,14.39,16.46,1022,57,2.24,81,8,0.0,Clear,clear sky,18
Sajókaza,48.272778,20.581944,2026-05-02 18:41:17.522826,16.45,15.64,14.39,16.45,1022,57,2.26,82,8,0.0,Clear,clear sky,18
Vadna,48.276389,20.555278,2026-05-02 18:41:18.719684,16.43,15.62,14.37,16.43,1022,57,2.26,82,8,0.0,Clear,clear sky,18
Dubicsány,48.280833,20.504722,2026-05-02 18:41:19.916225,16.42,15.01,14.35,16.42,1022,34,2.37,85,9,0.0,Clear,clear sky,18
Raposka,46.851389,17.412778,2026-05-02 18:41:21.116876,19.06,18.41,19.06,19.06,1021,53,1.85,159,0,0.0,Clear,clear sky,18
Ivacs,47.641944,19.273889,2026-05-02 18:41:22.307970,15.65,14.6,14.45,16.86,1021,51,1.58,120,49,0.0,Clouds,scattered clouds,18
Kisköre-Tiszahíd,47.480835,20.507698,2026-05-02 18:41:23.500116,13.32,12.12,13.32,13.32,1021,54,0.96,298,14,0.0,Clouds,few clouds,18
Rozsály,47.912778,22.7825,2026-05-02 18:41:24.699266,14.03,12.74,14.03,14.03,1021,48,3.03,65,12,0.0,Clouds,few clouds,18
Pusztakettős,47.453611,20.749722,2026-05-02 18:41:25.897897,13.32,12.12,13.32,13.32,1021,54,0.23,140,12,0.0,Clouds,few clouds,18
Kisvác,47.795278,19.113611,2026-05-02 18:41:27.095873,15.5,14.49,14.78,15.5,1021,53,1.56,137,53,0.0,Clouds,broken clouds,18
Tiszafüred-Gyártelep,47.6075,20.736111,2026-05-02 18:41:28.296311,13.29,12.08,13.29,13.29,1021,54,2.12,5,13,0.0,Clouds,few clouds,18
Újkenéz,48.251111,22.221667,2026-05-02 18:41:29.493403,13.08,11.78,13.08,13.08,1022,51,3.73,57,25,0.0,Clouds,scattered clouds,18
Püspökladány-Vásártér,47.319167,21.096111,2026-05-02 18:41:30.699927,14.61,13.51,14.61,14.61,1021,53,2.01,159,15,0.0,Clouds,few clouds,18
Végegyháza alsó,46.3675,20.866944,2026-05-02 18:41:31.893544,14.3,13.35,14.3,14.3,1021,60,3.47,45,7,0.0,Clear,clear sky,18
Orosháza felső,46.553611,20.655278,2026-05-02 18:41:33.090046,14.47,13.43,14.47,14.47,1021,56,2.59,54,0,0.0,Clear,clear sky,18
Ambrózfalva,46.353056,20.740556,2026-05-02 18:41:34.290794,14.34,13.37,14.34,14.34,1021,59,3.44,42,5,0.0,Clear,clear sky,18
Alsónyék,46.199444,18.738056,2026-05-02 18:41:35.487089,15.28,14.4,15.28,15.28,1021,59,1.0,93,10,0.0,Clear,clear sky,18
Tompapuszta,46.321389,20.966389,2026-05-02 18:41:36.694496,16.06,15.31,16.06,16.06,1020,61,3.63,48,13,0.0,Clouds,few clouds,18
Halászlak,46.911879,20.56228,2026-05-02 18:41:37.887622,14.9,13.86,14.9,14.9,1021,54,1.88,136,0,0.0,Clear,clear sky,18
Sirató,46.840556,20.61,2026-05-02 18:41:39.081254,14.79,13.73,14.79,14.79,1021,54,1.81,116,0,0.0,Clear,clear sky,18
Csabacsűd felső,46.829167,20.649167,2026-05-02 18:41:40.280875,14.74,13.68,14.74,14.74,1021,54,1.79,114,0,0.0,Clear,clear sky,18
Orosháza-Üveggyár,46.579979,20.683644,2026-05-02 18:41:41.486647,14.45,13.41,14.45,14.45,1021,56,2.49,56,0,0.0,Clear,clear sky,18
Gyulai városerdő,46.69482,21.32281,2026-05-02 18:41:42.679455,11.64,10.14,11.64,11.64,1021,49,2.7,81,31,0.0,Clouds,scattered clouds,18
Kórógyszentgyörgy,46.564377,20.224998,2026-05-02 18:41:43.876139,14.45,13.36,14.45,14.45,1021,54,2.46,87,6,0.0,Clear,clear sky,18
Kunszállás,46.784444,19.767222,2026-05-02 18:41:45.068706,17.04,15.69,17.04,17.04,1021,34,2.57,100,0,0.0,Clear,clear sky,18
Selymes,46.655321,19.8534,2026-05-02 18:41:46.261943,14.96,13.74,14.96,14.96,1021,47,2.25,90,14,0.0,Clouds,few clouds,18
Petőfiszállási tanyák,46.587805,19.874509,2026-05-02 18:41:47.460739,14.89,13.71,14.89,14.89,1021,49,2.27,89,13,0.0,Clouds,few clouds,18
Kisteleki szőlők,46.514199,19.92868,2026-05-02 18:41:48.660000,14.71,13.59,14.71,14.71,1021,52,2.31,85,11,0.0,Clouds,few clouds,18
Kapitányság,46.435336,19.987564,2026-05-02 18:41:49.871528,14.62,13.57,14.62,14.62,1021,55,2.43,78,9,0.0,Clear,clear sky,18
Őszeszék,46.39025,20.016017,2026-05-02 18:41:51.067603,14.54,13.51,14.54,14.54,1021,56,2.56,72,8,0.0,Clear,clear sky,18
Vilmaszállás,46.366389,20.030833,2026-05-02 18:41:52.261116,14.52,13.49,14.52,14.52,1021,56,2.6,70,8,0.0,Clear,clear sky,18
Jánosszállás,46.334359,20.051199,2026-05-02 18:41:53.455929,14.5,13.47,14.5,14.5,1021,56,2.64,67,8,0.0,Clear,clear sky,18
Felsőpakony,47.343056,19.230556,2026-05-02 18:41:54.650572,17.25,16.05,15.56,17.25,1020,39,4.12,110,0,0.0,Clear,clear sky,18
Felsőméntelek,46.987074,19.557745,2026-05-02 18:41:55.842771,16.88,15.51,16.88,16.88,1021,34,2.57,100,0,0.0,Clear,clear sky,18
Alsóméntelek,46.961558,19.579121,2026-05-02 18:41:57.039503,16.91,15.54,16.91,16.91,1021,34,2.57,100,0,0.0,Clear,clear sky,18
Nagynyír,46.943319,19.585447,2026-05-02 18:41:58.235538,16.9,15.53,16.9,16.9,1021,34,2.57,100,0,0.0,Clear,clear sky,18
Úrihegy,46.917778,19.621389,2026-05-02 18:41:59.431172,16.93,15.57,16.93,16.93,1021,34,2.57,100,0,0.0,Clear,clear sky,18
Miklóstelep,46.913412,19.630913,2026-05-02 18:42:00.631548,16.94,15.58,16.94,16.94,1021,34,2.57,100,0,0.0,Clear,clear sky,18
Tiszajenő alsó,47.016944,20.134444,2026-05-02 18:42:01.838359,15.02,13.73,15.02,15.02,1021,44,1.03,20,0,0.0,Clear,clear sky,18
Óbög,46.987222,20.111111,2026-05-02 18:42:03.040115,15.01,13.72,15.01,17.17,1021,44,1.03,20,0,0.0,Clear,clear sky,18
Árpádszállás,46.866456,19.989163,2026-05-02 18:42:04.236169,17.1,15.75,17.1,17.1,1021,34,2.57,100,0,0.0,Clear,clear sky,18
Tőserdő,46.851111,19.980278,2026-05-02 18:42:05.432116,17.12,15.78,17.12,17.12,1021,34,2.57,100,0,0.0,Clear,clear sky,18
Tiszaalpár felső,46.836256,19.976753,2026-05-02 18:42:06.637922,17.14,15.8,14.39,17.14,1021,34,2.57,100,0,0.0,Clear,clear sky,18
Borsihalom,46.773056,19.92,2026-05-02 18:42:07.835562,17.13,16.13,14.38,17.13,1021,47,1.88,102,13,0.0,Clouds,few clouds,18
Petőfiváros,46.725556,19.848611,2026-05-02 18:42:09.039790,17.1,16.07,17.1,17.1,1021,46,2.12,91,14,0.0,Clouds,few clouds,18
Csorna,47.601944,17.248889,2026-05-02 18:42:10.235941,17.51,16.6,17.51,17.51,1020,49,1.13,170,0,0.0,Clear,clear sky,18
Szorgalmatos,47.986667,21.366389,2026-05-02 18:42:11.433754,13.85,12.62,13.85,13.85,1021,51,6.81,80,16,0.0,Clouds,few clouds,18
Fótfürdő,47.6225,19.200556,2026-05-02 18:42:12.625138,15.34,14.26,14.45,16.86,1021,51,1.56,125,43,0.0,Clouds,scattered clouds,18
Fenyveshegy,47.818333,19.068056,2026-05-02 18:42:13.825670,15.57,14.57,15.57,15.57,1021,53,1.64,137,65,0.0,Clouds,broken clouds,18
Hűvösvölgy,47.541202,18.96351,2026-05-02 18:42:15.018700,15.89,14.81,14.7,16.8,1020,49,1.79,144,18,0.0,Clouds,few clouds,18
Hárshegy,47.535318,18.961433,2026-05-02 18:42:16.203517,15.89,14.81,14.7,16.8,1020,49,1.79,144,18,0.0,Clouds,few clouds,18
Szépjuhászné,47.528277,18.955246,2026-05-02 18:42:17.401912,15.1,13.95,13.81,15.91,1020,49,1.79,144,14,0.0,Clouds,few clouds,18
Jánoshegy,47.51433,18.95047,2026-05-02 18:42:18.597000,15.1,13.95,13.72,15.82,1020,49,1.79,144,14,0.0,Clouds,few clouds,18
Virágvölgy,47.505965,18.95876,2026-05-02 18:42:19.797124,14.81,13.63,13.41,15.51,1020,49,1.79,144,11,0.0,Clouds,few clouds,18
Csillebérc,47.498196,18.961694,2026-05-02 18:42:21.001700,14.6,13.37,13.18,15.27,1020,48,1.79,144,11,0.0,Clouds,few clouds,18
Normafa,47.5,18.970558,2026-05-02 18:42:22.213663,14.62,13.39,13.23,15.32,1020,48,1.79,144,11,0.0,Clouds,few clouds,18
Széchenyihegy,47.49413,18.977049,2026-05-02 18:42:23.413081,14.65,13.42,13.25,15.34,1020,48,1.79,144,14,0.0,Clouds,few clouds,18
Balatonfőkajár felső,47.031389,18.215278,2026-05-02 18:42:24.609841,16.19,15.27,16.19,16.19,1021,54,1.94,192,10,0.0,Clear,clear sky,18
Piroska,47.148333,20.129722,2026-05-02 18:42:25.811162,15.02,13.73,15.02,15.68,1021,44,1.03,20,0,0.0,Clear,clear sky,18
Somodor,46.4725,17.836667,2026-05-02 18:42:27.005717,15.98,15.17,15.98,15.98,1021,59,2.74,189,5,0.0,Clear,clear sky,18
Középmező,45.995833,18.668889,2026-05-02 18:42:28.204762,15.62,14.83,15.62,15.62,1021,61,0.85,333,11,0.0,Clouds,few clouds,18
Jobbágyi,47.828889,19.6875,2026-05-02 18:42:29.400275,15.24,14.26,15.24,15.24,1021,55,0.88,95,41,0.0,Clouds,scattered clouds,18
Ferihegy,47.437222,19.223889,2026-05-02 18:42:30.595508,17.08,15.89,15.4,17.09,1020,40,4.12,110,0,0.0,Clear,clear sky,18
Máriapócs,47.852778,22.019167,2026-05-02 18:42:31.790813,13.5,12.13,13.5,13.5,1021,47,3.86,66,10,0.0,Clear,clear sky,18
Máriaudvar,47.751944,19.165,2026-05-02 18:42:32.983935,15.53,14.47,14.26,15.53,1021,51,1.39,130,49,0.0,Clouds,scattered clouds,18
Nagyberki,46.353333,18.004167,2026-05-02 18:42:34.180520,15.65,14.92,15.65,15.65,1022,63,2.12,207,7,0.0,Clear,clear sky,18
Badacsonytomaj,46.804722,17.518056,2026-05-02 18:42:35.379070,16.96,16.07,16.96,16.96,1021,52,2.18,175,0,0.0,Clear,clear sky,18
Badacsony,46.788611,17.506389,2026-05-02 18:42:36.588684,19.11,18.46,19.11,19.11,1021,53,2.27,176,0,0.0,Clear,clear sky,18
Badacsonylábdihegy,46.793889,17.470833,2026-05-02 18:42:37.785596,19.08,18.43,19.08,19.08,1021,53,2.27,176,0,0.0,Clear,clear sky,18
Badacsonytördemic-Szigliget,46.809722,17.469167,2026-05-02 18:42:38.979969,19.03,18.37,19.03,19.03,1021,53,2.14,173,0,0.0,Clear,clear sky,18
Nemesgulács-Kisapáti,46.836944,17.476389,2026-05-02 18:42:40.180262,19.07,18.42,19.07,19.07,1022,53,1.99,169,0,0.0,Clear,clear sky,18
Tapolca,46.877778,17.428611,2026-05-02 18:42:41.374981,18.99,18.33,18.99,18.99,1021,53,1.7,154,0,0.0,Clear,clear sky,18
Uzsabánya alsó,46.898333,17.345278,2026-05-02 18:42:42.575485,18.79,18.13,18.79,18.79,1021,54,1.4,139,0,0.0,Clear,clear sky,18
Uzsa,46.920278,17.331667,2026-05-02 18:42:43.764450,18.75,18.09,18.75,18.75,1021,54,1.3,132,0,0.0,Clear,clear sky,18
Sümegi Bazaltbánya,46.9525,17.2925,2026-05-02 18:42:44.971694,16.91,16.07,16.91,16.91,1021,54,1.11,118,0,0.0,Clear,clear sky,18
Sümeg,46.981111,17.270833,2026-05-02 18:42:46.167187,17.13,16.28,17.13,17.13,1021,53,0.87,96,0,0.0,Clear,clear sky,18
Gógánfa,47.021111,17.207778,2026-05-02 18:42:47.369869,17.16,16.32,17.16,17.16,1021,53,0.82,73,0,0.0,Clear,clear sky,18
Ukk,47.041944,17.195833,2026-05-02 18:42:48.571477,17.23,16.37,17.23,17.23,1021,52,0.8,62,0,0.0,Clear,clear sky,18
Nemeskeresztúr,47.093611,17.183611,2026-05-02 18:42:49.766071,17.16,16.29,17.16,17.16,1021,52,0.85,57,0,0.0,Clear,clear sky,18
Jánosháza,47.115833,17.171667,2026-05-02 18:42:50.961782,17.23,16.37,17.23,17.23,1021,52,0.87,57,0,0.0,Clear,clear sky,18
Keszthely,46.758333,17.248056,2026-05-02 18:42:52.159450,19.08,18.14,19.08,19.08,1021,42,1.54,340,0,0.0,Clear,clear sky,18
Alsógyenes,46.765844,17.276435,2026-05-02 18:42:53.354395,19.08,18.14,19.08,19.08,1021,42,1.54,340,0,0.0,Clear,clear sky,18
Gyenesdiás,46.763333,17.292778,2026-05-02 18:42:54.548569,19.08,18.14,19.08,19.08,1021,42,1.54,340,0,0.0,Clear,clear sky,18
Vonyarcvashegy,46.755278,17.318333,2026-05-02 18:42:55.748351,19.09,18.15,19.09,19.09,1021,42,1.54,340,0,0.0,Clear,clear sky,18
Balatongyörök,46.751944,17.354444,2026-05-02 18:42:56.946637,19.11,18.17,19.11,19.11,1021,42,1.54,340,0,0.0,Clear,clear sky,18
Becehegy,46.776111,17.372778,2026-05-02 18:42:58.135998,19.08,18.14,19.08,19.08,1021,42,1.54,340,0,0.0,Clear,clear sky,18
Balatonederics,46.8025,17.385,2026-05-02 18:42:59.327671,19.03,18.4,19.03,19.03,1021,54,1.94,161,0,0.0,Clear,clear sky,18
Dabronc,47.025766,17.167006,2026-05-02 18:43:00.526939,17.22,16.38,17.22,17.22,1021,53,0.77,65,0,0.0,Clear,clear sky,18
Türje,46.994444,17.093611,2026-05-02 18:43:01.734022,17.24,16.4,17.24,17.24,1021,53,0.71,54,0,0.0,Clear,clear sky,18
Zalabér-Batyk,46.983056,17.040833,2026-05-02 18:43:02.929111,17.37,16.55,17.37,17.37,1021,53,0.7,42,0,0.0,Clear,clear sky,18
Pakod,46.959167,16.996667,2026-05-02 18:43:04.127063,17.28,16.45,17.28,17.28,1021,53,0.69,41,0,0.0,Clear,clear sky,18
Pókaszepetk,46.924444,16.972222,2026-05-02 18:43:05.329874,17.39,16.57,17.39,17.39,1021,53,0.77,41,0,0.0,Clear,clear sky,18
Kemendollár,46.905833,16.946667,2026-05-02 18:43:06.526191,18.91,18.24,18.91,18.91,1021,53,0.75,40,0,0.0,Clear,clear sky,18
Zalaegerszeg,46.833056,16.848333,2026-05-02 18:43:07.724884,18.73,18.07,18.73,18.73,1021,54,0.79,47,0,0.0,Clear,clear sky,18
Bocfölde,46.780278,16.853611,2026-05-02 18:43:08.926009,18.79,18.13,18.79,18.79,1021,54,0.88,44,0,0.0,Clear,clear sky,18
Sárhida,46.755833,16.851389,2026-05-02 18:43:10.123011,18.75,18.12,18.75,18.75,1021,55,0.88,46,0,0.0,Clear,clear sky,18
Bak,46.7325,16.849167,2026-05-02 18:43:11.324036,18.77,18.14,18.77,18.77,1021,55,0.91,49,0,0.0,Clear,clear sky,18
Tófej,46.670833,16.801944,2026-05-02 18:43:12.517082,18.61,17.99,18.61,18.61,1021,56,0.97,55,0,0.0,Clear,clear sky,18
Gutorfölde,46.646944,16.739722,2026-05-02 18:43:13.709227,16.99,16.21,16.99,16.99,1021,56,0.99,59,0,0.0,Clear,clear sky,18
Csömödér-Páka,46.608056,16.641111,2026-05-02 18:43:14.916793,12.79,11.61,12.79,12.79,1021,57,0.97,69,0,0.0,Clear,clear sky,18
Iklódbördőce,46.603056,16.604722,2026-05-02 18:43:16.117742,12.78,11.6,12.78,12.78,1021,57,0.93,77,0,0.0,Clear,clear sky,18
Lenti,46.621389,16.528611,2026-05-02 18:43:17.326183,12.73,11.55,12.73,12.73,1021,57,0.98,84,0,0.0,Clear,clear sky,18
Rédics,46.618056,16.471111,2026-05-02 18:43:18.519487,12.72,11.54,12.72,12.72,1021,57,1.02,90,0,0.0,Clear,clear sky,18
Zalalövő,46.845556,16.576389,2026-05-02 18:43:19.713877,17.15,16.38,17.15,17.15,1021,56,0.96,78,0,0.0,Clear,clear sky,18
Zalaegerszeg-Ola,46.849167,16.844722,2026-05-02 18:43:20.911749,17.22,16.41,17.22,17.22,1021,54,0.79,47,0,0.0,Clear,clear sky,18
Andráshida,46.863116,16.7792,2026-05-02 18:43:22.103991,17.19,16.37,17.19,17.19,1021,54,0.71,55,0,0.0,Clear,clear sky,18
Bagod,46.875,16.746111,2026-05-02 18:43:23.302465,17.31,16.53,17.31,17.31,1021,55,0.69,68,0,0.0,Clear,clear sky,18
Zalaszentgyörgy,46.872222,16.7125,2026-05-02 18:43:24.499544,17.27,16.49,17.27,17.27,1021,55,0.71,73,0,0.0,Clear,clear sky,18
Zalacséb-Salomvár,46.858056,16.662222,2026-05-02 18:43:25.693008,17.05,16.25,17.05,17.05,1021,55,0.74,77,0,0.0,Clear,clear sky,18
Kópháza,47.631389,16.6375,2026-05-02 18:43:26.886580,14.1,12.95,14.1,14.1,1020,53,2.02,224,0,0.0,Clear,clear sky,18
Nagycenk,47.601111,16.690278,2026-05-02 18:43:28.081237,14.21,13.07,14.21,14.21,1020,53,1.92,222,0,0.0,Clear,clear sky,18
Sopronkövesd,47.548333,16.748056,2026-05-02 18:43:29.273492,14.04,13.01,14.04,14.04,1020,58,1.65,218,0,0.0,Clear,clear sky,18
Lövő,47.509444,16.7775,2026-05-02 18:43:30.463880,14.08,13.06,14.08,14.08,1020,58,1.44,212,0,0.0,Clear,clear sky,18
Újkér,47.457778,16.786667,2026-05-02 18:43:31.670065,14.1,13.08,14.1,14.1,1020,58,1.15,214,0,0.0,Clear,clear sky,18
Bük,47.388611,16.752222,2026-05-02 18:43:32.868587,14.16,13.15,14.16,14.16,1021,58,0.79,226,0,0.0,Clear,clear sky,18
Acsád,47.308333,16.734722,2026-05-02 18:43:34.068802,13.91,12.87,13.91,13.91,1021,58,0.38,235,0,0.0,Clear,clear sky,18
Salköveskút-Vassurány,47.291389,16.704167,2026-05-02 18:43:35.260594,13.92,12.88,13.92,13.92,1021,58,0.26,233,0,0.0,Clear,clear sky,18
Zalaszentiván,46.8875,16.909444,2026-05-02 18:43:36.454303,18.89,18.22,18.89,18.89,1021,53,0.76,42,0,0.0,Clear,clear sky,18
Alsónemesapáti,46.854167,16.936389,2026-05-02 18:43:37.663108,18.88,18.21,18.88,18.88,1021,53,0.84,41,0,0.0,Clear,clear sky,18
Józsa,47.600833,21.584444,2026-05-02 18:43:38.855919,14.86,13.47,14.86,14.86,1021,41,2.06,120,0,0.0,Clear,clear sky,18
Hajdúszentgyörgy,47.608056,21.578333,2026-05-02 18:43:40.061018,14.83,13.44,14.83,14.83,1021,41,2.06,120,0,0.0,Clear,clear sky,18
Zelemér,47.627778,21.578333,2026-05-02 18:43:41.257634,14.78,13.38,14.78,14.78,1021,41,2.06,120,0,0.0,Clear,clear sky,18
Hajdúböszörmény,47.668056,21.524167,2026-05-02 18:43:42.455223,14.81,13.57,14.81,14.81,1021,47,4.03,92,34,0.0,Clouds,scattered clouds,18
Hajdúvid,47.749444,21.508056,2026-05-02 18:43:43.649234,14.15,12.87,14.15,14.15,1021,48,4.93,89,19,0.0,Clouds,few clouds,18
Hajdúdorog,47.805556,21.493056,2026-05-02 18:43:44.846666,14.06,12.8,14.06,14.06,1021,49,5.48,87,14,0.0,Clouds,few clouds,18
Hajdúnánás,47.831944,21.426667,2026-05-02 18:43:46.043585,14.11,12.88,14.11,14.11,1021,50,5.91,83,13,0.0,Clouds,few clouds,18
Hajdúnánás-Vásártér,47.843056,21.407222,2026-05-02 18:43:47.243815,14.11,12.88,14.11,14.11,1021,50,5.91,83,13,0.0,Clouds,few clouds,18
Tedej,47.903611,21.404444,2026-05-02 18:43:48.440019,13.95,12.73,13.95,13.95,1021,51,6.48,83,13,0.0,Clouds,few clouds,18
Tiszavasvári,47.945278,21.374722,2026-05-02 18:43:49.636595,13.91,12.69,13.91,13.91,1021,51,6.75,80,14,0.0,Clouds,few clouds,18
Egyházerdő,47.9725,21.365,2026-05-02 18:43:50.833383,13.89,12.67,13.89,13.89,1021,51,6.81,80,14,0.0,Clouds,few clouds,18
Tiszalök,48.013056,21.369167,2026-05-02 18:43:52.034589,13.81,12.58,13.81,13.81,1021,51,6.76,79,17,0.0,Clouds,few clouds,18
Hajnalos,47.998889,21.414167,2026-05-02 18:43:53.226668,13.84,12.61,13.84,13.84,1021,51,6.57,81,16,0.0,Clouds,few clouds,18
Kisfástanya,47.989167,21.47,2026-05-02 18:43:54.420732,13.78,12.55,13.78,13.78,1021,51,6.32,82,16,0.0,Clouds,few clouds,18
Tiszaeszlár,48.010556,21.491944,2026-05-02 18:43:55.620576,13.76,12.5,13.76,13.76,1021,50,5.98,81,18,0.0,Clouds,few clouds,18
Bashalom,48.026111,21.514722,2026-05-02 18:43:56.817380,13.77,12.51,13.77,13.77,1021,50,5.86,80,19,0.0,Clouds,few clouds,18
Sáránd,47.415556,21.625,2026-05-02 18:43:58.015366,15.01,13.64,15.01,15.01,1021,41,2.06,120,0,0.0,Clear,clear sky,18
Derecske,47.365,21.584167,2026-05-02 18:43:59.213030,15.08,13.71,15.08,15.08,1021,41,2.06,120,0,0.0,Clear,clear sky,18
Derecske-Vásártér,47.352222,21.58,2026-05-02 18:44:00.408835,15.08,13.71,15.08,15.08,1021,41,2.06,120,0,0.0,Clear,clear sky,18
Konyár,47.323611,21.666111,2026-05-02 18:44:01.619181,15.05,13.68,15.05,15.05,1021,41,2.06,120,0,0.0,Clear,clear sky,18
Konyári Sóstófürdő,47.324167,21.744444,2026-05-02 18:44:02.813704,15.06,13.87,15.06,15.06,1021,48,1.96,92,75,0.0,Clouds,broken clouds,18
Pocsaj-Esztár,47.288333,21.793056,2026-05-02 18:44:04.007594,15.05,13.86,11.35,15.05,1021,48,1.99,90,62,0.0,Clouds,broken clouds,18
Kismarja,47.243889,21.813889,2026-05-02 18:44:05.200275,11.35,9.79,11.24,11.35,1020,48,2.0,98,49,0.0,Clouds,scattered clouds,18
Nagykereki,47.191667,21.8,2026-05-02 18:44:06.396633,11.34,9.84,11.23,11.34,1020,50,2.09,104,38,0.0,Clouds,scattered clouds,18
Debrecen-Szabadságtelep,47.527778,21.658611,2026-05-02 18:44:07.594376,14.89,13.51,14.89,14.89,1021,41,2.06,120,0,0.0,Clear,clear sky,18
Kondoroskert,47.525556,21.713889,2026-05-02 18:44:08.787887,14.92,13.54,14.92,14.92,1021,41,2.06,120,0,0.0,Clear,clear sky,18
Nagycsere,47.523889,21.763056,2026-05-02 18:44:09.992376,14.9,13.52,14.9,14.9,1021,41,2.06,120,0,0.0,Clear,clear sky,18
Haláp,47.521667,21.818333,2026-05-02 18:44:11.192687,14.9,13.52,14.9,14.9,1021,41,2.06,120,0,0.0,Clear,clear sky,18
Vámospércs,47.518056,21.893889,2026-05-02 18:44:12.390088,14.84,13.69,14.84,14.84,1021,50,3.58,57,82,0.0,Clouds,broken clouds,18
Szentannapuszta,47.52,21.965833,2026-05-02 18:44:13.586590,14.79,13.66,14.79,14.79,1021,51,3.65,55,78,0.0,Clouds,broken clouds,18
Nyírábrány,47.523889,22.016944,2026-05-02 18:44:14.785867,13.92,12.7,13.92,13.92,1021,51,3.66,54,76,0.0,Clouds,broken clouds,18
Dombostanya,47.602778,21.706389,2026-05-02 18:44:15.977652,14.82,13.43,14.82,14.82,1021,41,2.06,120,0,0.0,Clear,clear sky,18
Hajdúsámson,47.608056,21.755278,2026-05-02 18:44:17.176015,14.82,13.43,14.82,14.82,1021,41,2.06,120,0,0.0,Clear,clear sky,18
Tamásipuszta,47.632778,21.796111,2026-05-02 18:44:18.367041,14.77,13.56,14.77,14.77,1021,48,3.89,66,59,0.0,Clouds,broken clouds,18
Aradványpuszta,47.662778,21.8425,2026-05-02 18:44:19.570214,14.72,13.5,14.72,14.72,1021,48,4.01,64,50,0.0,Clouds,scattered clouds,18
Nyíradony,47.699444,21.903333,2026-05-02 18:44:20.771380,13.69,12.37,13.69,13.69,1021,48,4.03,63,30,0.0,Clouds,scattered clouds,18
Nyírmihálydi,47.7375,21.958889,2026-05-02 18:44:21.973090,13.62,12.29,13.62,13.62,1021,48,3.99,63,23,0.0,Clouds,few clouds,18
Nyírgelse,47.750833,21.987778,2026-05-02 18:44:23.166492,13.5,12.16,13.5,13.5,1021,48,3.94,64,17,0.0,Clouds,few clouds,18
Nyírbogát,47.793056,22.066389,2026-05-02 18:44:24.356892,13.44,12.09,13.44,13.44,1021,48,3.83,63,12,0.0,Clouds,few clouds,18
Nagykálló,47.871111,21.825833,2026-05-02 18:44:25.560104,13.78,12.41,13.78,13.78,1021,46,4.13,74,11,0.0,Clouds,few clouds,18
Kállósemjén,47.854722,21.935,2026-05-02 18:44:26.751195,13.69,12.32,13.69,13.69,1021,46,3.96,69,10,0.0,Clear,clear sky,18
Nyírbátor,47.8425,22.131111,2026-05-02 18:44:27.948221,13.34,12.01,13.34,13.34,1021,49,3.79,62,12,0.0,Clouds,few clouds,18
Nyírcsászári,47.865556,22.179167,2026-05-02 18:44:29.143482,13.3,11.99,13.3,13.3,1021,50,3.74,61,13,0.0,Clouds,few clouds,18
Hodász,47.896111,22.213611,2026-05-02 18:44:30.349044,13.21,11.89,13.21,13.21,1021,50,3.7,60,14,0.0,Clouds,few clouds,18
Nyírmeggyes,47.9225,22.256667,2026-05-02 18:44:31.548877,13.23,11.94,13.23,13.23,1021,51,3.65,59,17,0.0,Clouds,few clouds,18
Mátészalka,47.951389,22.313333,2026-05-02 18:44:32.745459,13.25,11.96,13.25,13.25,1021,51,3.63,57,19,0.0,Clouds,few clouds,18
Kocsord,47.941944,22.375833,2026-05-02 18:44:33.943541,13.36,12.08,13.36,13.36,1021,51,3.59,55,15,0.0,Clouds,few clouds,18
Kocsord alsó,47.946389,22.400556,2026-05-02 18:44:35.137074,13.36,12.08,13.36,13.36,1021,51,3.59,55,15,0.0,Clouds,few clouds,18
Győrtelek,47.936667,22.424722,2026-05-02 18:44:36.330682,13.36,12.08,13.36,13.36,1021,51,3.56,54,14,0.0,Clouds,few clouds,18
Győrtelek alsó,47.921111,22.443333,2026-05-02 18:44:37.533526,13.37,12.09,13.37,13.37,1021,51,3.56,55,11,0.0,Clouds,few clouds,18
Ököritófülpös,47.911389,22.495,2026-05-02 18:44:38.738846,13.36,12.08,13.36,13.36,1021,51,3.52,55,11,0.0,Clouds,few clouds,18
Porcsalma-Tyukod,47.868056,22.568333,2026-05-02 18:44:39.935738,14.05,12.82,14.05,14.05,1021,50,3.51,59,6,0.0,Clear,clear sky,18
Csenger,47.826111,22.666389,2026-05-02 18:44:41.131290,14.04,12.81,14.04,14.04,1021,50,3.49,63,6,0.0,Clear,clear sky,18
Kisfái,46.888303,19.807366,2026-05-02 18:44:42.323210,17.02,15.67,13.39,17.02,1021,34,2.57,100,0,0.0,Clear,clear sky,18
Nyárlőrinci szőlők,46.8775,19.828333,2026-05-02 18:44:43.517088,17.03,15.68,13.4,17.03,1021,34,2.57,100,0,0.0,Clear,clear sky,18
Nyárlőrinc alsó,46.863889,19.878889,2026-05-02 18:44:44.708147,17.05,15.7,13.42,17.05,1021,34,2.57,100,0,0.0,Clear,clear sky,18
Tiszaug-Tiszahídfő,46.866106,20.052098,2026-05-02 18:44:45.904959,13.58,12.25,13.58,14.45,1021,48,1.72,119,12,0.0,Clouds,few clouds,18
Csongrádi úti tanyák,46.690278,19.921667,2026-05-02 18:44:47.101151,14.41,13.16,13.53,14.41,1021,48,2.08,96,12,0.0,Clouds,few clouds,18
Kettőshalom,46.689167,20.0225,2026-05-02 18:44:48.295835,14.44,13.35,14.44,14.44,1021,54,2.09,101,10,0.0,Clear,clear sky,18
Csongrád alsó,46.711389,20.126389,2026-05-02 18:44:49.492742,14.44,13.35,14.44,14.44,1021,54,2.09,106,8,0.0,Clear,clear sky,18
Dónát,46.66988,20.368168,2026-05-02 18:44:50.689192,14.46,13.37,14.46,14.46,1021,54,1.79,100,3,0.0,Clear,clear sky,18
Pusztatemplom,46.676667,20.407222,2026-05-02 18:44:51.886069,14.45,13.36,14.45,14.45,1021,54,1.79,100,2,0.0,Clear,clear sky,18
Előhát,47.364722,20.653611,2026-05-02 18:44:53.078687,14.88,13.76,14.88,14.88,1021,51,1.06,184,13,0.0,Clouds,few clouds,18
Polgárdi-Tekerespuszta,47.017778,18.297778,2026-05-02 18:44:54.279496,16.11,15.19,16.11,16.11,1021,54,1.89,171,10,0.0,Clear,clear sky,18
Szatina-Kishajmás,46.202778,18.083611,2026-05-02 18:44:55.475143,18.25,17.88,18.25,18.25,1022,67,1.66,208,4,0.0,Clear,clear sky,18
Márok,45.886944,18.499167,2026-05-02 18:44:56.665717,15.39,14.55,15.39,18.47,1021,60,1.93,269,12,0.0,Clouds,few clouds,18
Nagynyárád,45.953333,18.564722,2026-05-02 18:44:57.863190,15.46,14.63,15.46,18.53,1021,60,1.47,289,11,0.0,Clouds,few clouds,18
Szászvár,46.2875,18.369722222222222,2026-05-02 18:44:59.056520,15.0,14.15,15.0,15.0,1021,61,0.97,211,6,0.0,Clear,clear sky,18
Cikó,46.263514,18.557605,2026-05-02 18:45:00.248307,15.19,14.31,15.19,15.19,1021,59,0.37,153,8,0.0,Clear,clear sky,18
Gyöngyfa-Magyarmecske,45.983889,17.958889,2026-05-02 18:45:01.458830,18.57,18.21,18.57,18.57,1022,66,1.52,196,0,0.0,Clear,clear sky,18
Nagyhát,47.581389,21.445,2026-05-02 18:45:02.659389,14.92,13.54,14.92,14.92,1021,41,2.06,120,0,0.0,Clear,clear sky,18
Balmazújváros,47.613889,21.348056,2026-05-02 18:45:03.857900,15.1,13.95,15.1,15.1,1021,49,2.59,97,28,0.0,Clouds,scattered clouds,18
Kónya,47.600833,21.2375,2026-05-02 18:45:05.059020,14.44,13.27,14.44,14.44,1021,51,1.75,97,22,0.0,Clouds,few clouds,18
Hortobágy,47.586111,21.154722,2026-05-02 18:45:06.260802,14.44,13.3,14.44,14.44,1021,52,1.37,76,17,0.0,Clouds,few clouds,18
Hortobágyi Halastó,47.604167,21.074167,2026-05-02 18:45:07.462389,14.45,13.31,14.45,14.45,1021,52,1.32,56,16,0.0,Clouds,few clouds,18
Ohat-Pusztakócs,47.623333,20.951111,2026-05-02 18:45:08.665554,14.41,13.29,14.41,14.41,1021,53,2.07,27,16,0.0,Clouds,few clouds,18
Egyek,47.616944,20.883611,2026-05-02 18:45:09.874554,14.45,13.33,14.45,14.45,1021,53,2.33,16,14,0.0,Clouds,few clouds,18
Tiszafüred,47.627778,20.756111,2026-05-02 18:45:11.072895,14.5,13.39,14.5,14.5,1021,53,2.43,8,13,0.0,Clouds,few clouds,18
Poroszló,47.657778,20.654444,2026-05-02 18:45:12.273224,14.59,13.51,14.59,14.59,1021,54,2.66,356,12,0.0,Clouds,few clouds,18
Kétútköz,47.694167,20.565,2026-05-02 18:45:13.465827,14.54,13.49,14.54,14.54,1021,55,2.97,352,10,0.0,Clear,clear sky,18
Egerfarmos,47.711667,20.5225,2026-05-02 18:45:14.655685,14.58,13.53,14.58,14.58,1021,55,2.86,345,9,0.0,Clear,clear sky,18
Piliscsaba,47.638056,18.829722,2026-05-02 18:45:15.852639,16.82,15.78,15.34,16.88,1021,47,2.39,149,55,0.0,Clouds,broken clouds,18
Pilisjászfalu,47.656111,18.797778,2026-05-02 18:45:17.045912,17.12,16.25,15.59,17.14,1021,52,2.51,149,57,0.0,Clouds,broken clouds,18
Leányvár,47.687594,18.772553,2026-05-02 18:45:18.241235,17.3,16.44,15.76,17.3,1021,52,2.62,147,67,0.0,Clouds,broken clouds,18
Dorog,47.723333,18.732778,2026-05-02 18:45:19.438382,14.16,12.96,14.16,17.52,1021,51,2.81,145,76,0.0,Clouds,broken clouds,18
Esztergom-Kertváros,47.743333,18.719167,2026-05-02 18:45:20.638365,14.23,13.04,14.23,14.23,1021,51,2.79,143,81,0.0,Clouds,broken clouds,18
Esztergom,47.7775,18.743611,2026-05-02 18:45:21.839963,14.29,13.08,14.29,14.29,1021,50,2.62,139,95,0.0,Clouds,overcast clouds,18
Dunaalmás,47.733056,18.326389,2026-05-02 18:45:23.041036,16.65,15.68,16.65,16.65,1020,50,1.78,139,9,0.0,Clear,clear sky,18
Neszmély,47.734444,18.345278,2026-05-02 18:45:24.235008,16.65,15.68,16.65,16.65,1020,50,1.78,139,9,0.0,Clear,clear sky,18
Süttő,47.761111,18.455,2026-05-02 18:45:25.431879,16.46,15.49,16.46,16.46,1021,51,2.3,146,15,0.0,Clouds,few clouds,18
Piszke,47.75307,18.478017,2026-05-02 18:45:26.628568,16.44,15.5,16.44,16.44,1020,52,2.44,146,20,0.0,Clouds,few clouds,18
Lábatlan,47.751944,18.513333,2026-05-02 18:45:27.822366,16.38,15.43,16.38,16.38,1020,52,2.56,146,27,0.0,Clouds,scattered clouds,18
Eternitgyár,47.755544,18.530014,2026-05-02 18:45:29.015462,16.38,15.43,16.38,16.38,1020,52,2.56,146,27,0.0,Clouds,scattered clouds,18
Nyergesújfalu felső,47.762222,18.540556,2026-05-02 18:45:30.211917,16.38,15.43,16.38,16.38,1020,52,2.56,146,27,0.0,Clouds,scattered clouds,18
Nyergesújfalu,47.761111,18.561667,2026-05-02 18:45:31.406191,16.28,15.32,16.28,16.28,1020,52,2.67,146,35,0.0,Clouds,scattered clouds,18
Tokod,47.735,18.675,2026-05-02 18:45:32.613059,14.25,13.06,14.25,14.25,1021,51,2.87,145,69,0.0,Clouds,broken clouds,18
Környe,47.541667,18.330278,2026-05-02 18:45:33.814774,16.19,15.22,16.19,16.19,1021,52,2.75,124,17,0.0,Clouds,few clouds,18
Kecskéd alsó,47.519722,18.316667,2026-05-02 18:45:35.011964,16.24,15.28,16.24,16.24,1021,52,2.75,122,12,0.0,Clouds,few clouds,18
Oroszlány,47.486944,18.308611,2026-05-02 18:45:36.204638,16.13,15.16,16.13,16.13,1021,52,2.78,122,13,0.0,Clouds,few clouds,18
Győrszabadhegy,47.663056,17.648056,2026-05-02 18:45:37.411297,20.08,19.03,20.08,20.08,1020,34,1.54,190,0,0.0,Clear,clear sky,18
Ménfőcsanak felső,47.638333,17.615,2026-05-02 18:45:38.609688,20.08,19.03,20.08,20.08,1020,34,1.54,190,0,0.0,Clear,clear sky,18
Gyömöre-Tét,47.501672,17.559596,2026-05-02 18:45:39.806118,17.03,16.12,17.03,19.91,1020,51,0.0,0,0,0.0,Clear,clear sky,18
Szerecseny,47.469167,17.5475,2026-05-02 18:45:41.002481,17.02,16.11,17.02,19.9,1020,51,0.0,0,0,0.0,Clear,clear sky,18
Gecse-Gyarmat,47.456111,17.515,2026-05-02 18:45:42.203725,17.05,16.14,17.05,19.94,1020,51,0.0,0,0,0.0,Clear,clear sky,18
Vaszar,47.4025,17.496389,2026-05-02 18:45:43.400087,17.08,16.18,17.08,17.08,1020,51,0.0,0,0,0.0,Clear,clear sky,18
Pápa,47.340556,17.458889,2026-05-02 18:45:44.593224,17.03,16.12,17.03,17.03,1020,51,0.0,0,0,0.0,Clear,clear sky,18
Mezőlak,47.324722,17.371389,2026-05-02 18:45:45.785177,17.11,16.21,17.11,17.11,1021,51,0.0,0,0,0.0,Clear,clear sky,18
Mihályháza,47.318889,17.331667,2026-05-02 18:45:46.981129,17.14,16.24,17.14,17.14,1021,51,0.0,0,0,0.0,Clear,clear sky,18
Vinár,47.306667,17.284722,2026-05-02 18:45:48.177375,17.1,16.2,17.1,17.1,1021,51,0.0,0,0,0.0,Clear,clear sky,18
Külsővat,47.279167,17.219722,2026-05-02 18:45:49.368908,17.12,16.22,17.12,17.12,1021,51,0.8,77,0,0.0,Clear,clear sky,18
Celldömölk,47.261389,17.151944,2026-05-02 18:45:50.570102,17.07,16.16,17.07,17.07,1021,51,0.72,70,0,0.0,Clear,clear sky,18
Kemenesmihályfa,47.278056,17.111111,2026-05-02 18:45:51.761316,17.01,16.12,17.01,17.01,1021,52,0.62,76,0,0.0,Clear,clear sky,18
Nagysimonyi,47.265556,17.058889,2026-05-02 18:45:52.962878,17.1,16.22,17.1,17.1,1021,52,0.52,72,0,0.0,Clear,clear sky,18
Ostffyasszonyfa,47.283889,17.023889,2026-05-02 18:45:54.156504,17.2,16.33,17.2,17.2,1021,52,0.41,84,0,0.0,Clear,clear sky,18
Sárvár,47.259167,16.928889,2026-05-02 18:45:55.347835,17.3,16.44,17.3,17.3,1021,52,0.16,104,0,0.0,Clear,clear sky,18
Porpác,47.238611,16.8325,2026-05-02 18:45:56.556159,13.62,12.42,13.62,13.62,1021,53,0.11,112,0,0.0,Clear,clear sky,18
Balatonföldvár,46.853889,17.881389,2026-05-02 18:45:57.750670,16.72,15.81,16.72,16.72,1021,52,2.09,193,4,0.0,Clear,clear sky,18
Balatonszárszó,46.832222,17.830278,2026-05-02 18:45:58.945834,16.74,15.83,16.74,16.74,1021,52,2.2,189,4,0.0,Clear,clear sky,18
Balatonszemes,46.811944,17.776389,2026-05-02 18:46:00.141597,16.81,15.9,16.81,16.81,1021,52,2.4,185,4,0.0,Clear,clear sky,18
Balatonlelle felső,46.793889,17.7175,2026-05-02 18:46:01.352563,16.81,15.9,16.81,16.81,1021,52,2.59,183,3,0.0,Clear,clear sky,18
Balatonlelle,46.7875,17.694167,2026-05-02 18:46:02.548021,16.89,15.99,16.89,16.89,1021,52,2.58,183,2,0.0,Clear,clear sky,18
Fonyódliget,46.759167,17.592222,2026-05-02 18:46:03.738707,16.98,16.09,16.98,16.98,1021,52,2.63,183,1,0.0,Clear,clear sky,18
Balatonboglár,46.776111,17.647222,2026-05-02 18:46:04.935051,16.94,16.05,16.94,16.94,1021,52,2.54,182,2,0.0,Clear,clear sky,18
Balatonfenyves alsó,46.708611,17.455278,2026-05-02 18:46:06.134157,19.09,18.41,19.09,19.09,1021,52,2.63,179,0,0.0,Clear,clear sky,18
Fonyód,46.750278,17.558889,2026-05-02 18:46:07.333945,17.03,16.15,17.03,17.03,1021,52,2.49,181,0,0.0,Clear,clear sky,18
Bélatelep,46.737778,17.535,2026-05-02 18:46:08.527709,19.11,18.43,19.11,19.11,1021,52,2.55,181,0,0.0,Clear,clear sky,18
Alsóbélatelep,46.724167,17.516389,2026-05-02 18:46:09.722949,19.08,18.4,19.08,19.08,1021,52,2.55,181,0,0.0,Clear,clear sky,18
Balatonfenyves,46.713611,17.482778,2026-05-02 18:46:10.913784,19.08,18.4,19.08,19.08,1021,52,2.63,181,0,0.0,Clear,clear sky,18
Máriahullámtelep,46.704722,17.435,2026-05-02 18:46:12.115568,19.09,18.41,19.09,19.09,1021,52,2.63,179,0,0.0,Clear,clear sky,18
Balatonmáriafürdő,46.704167,17.374722,2026-05-02 18:46:13.306401,19.08,18.14,19.08,19.08,1021,42,1.54,340,0,0.0,Clear,clear sky,18
Balatonberény,46.713889,17.316944,2026-05-02 18:46:14.497699,19.05,18.11,19.05,19.05,1021,42,1.54,340,0,0.0,Clear,clear sky,18
Balatonszentgyörgy,46.692778,17.288889,2026-05-02 18:46:15.691089,19.08,18.14,19.08,19.08,1021,42,1.54,340,0,0.0,Clear,clear sky,18
Vörs,46.663611,17.260278,2026-05-02 18:46:16.888901,19.07,18.13,19.07,19.07,1021,42,1.54,340,0,0.0,Clear,clear sky,18
Zalaszentjakab,46.491667,17.135278,2026-05-02 18:46:18.092451,18.93,18.34,18.93,18.93,1021,56,3.16,174,0,0.0,Clear,clear sky,18
Nagykanizsa,46.440833,16.986667,2026-05-02 18:46:19.295738,17.05,16.38,17.05,17.05,1021,60,2.33,153,0,0.0,Clear,clear sky,18
Murakeresztúr,46.363889,16.876944,2026-05-02 18:46:20.496013,17.1,16.46,17.1,17.1,1021,61,1.78,141,1,0.0,Clear,clear sky,18
Zalakomár,46.530278,17.188056,2026-05-02 18:46:21.692454,18.93,17.98,18.93,18.93,1021,42,1.54,340,0,0.0,Clear,clear sky,18
Szárazrét,47.200833,18.381111,2026-05-02 18:46:22.888453,16.25,15.39,16.25,16.25,1021,56,2.23,141,10,0.0,Clear,clear sky,18
Bodajk,47.318333,18.251944,2026-05-02 18:46:24.085558,16.29,15.41,16.29,16.29,1021,55,2.3,121,10,0.0,Clear,clear sky,18
Csókakő,47.3275,18.240556,2026-05-02 18:46:25.283674,16.0,15.09,16.0,16.0,1021,55,2.43,119,10,0.0,Clear,clear sky,18
Mór,47.369167,18.189167,2026-05-02 18:46:26.477841,16.23,15.29,16.23,16.23,1021,53,2.22,113,5,0.0,Clear,clear sky,18
Bakonysárkány,47.443611,18.103611,2026-05-02 18:46:27.680709,19.33,18.62,19.33,19.33,1021,50,2.02,120,4,0.0,Clear,clear sky,18
Kisbér,47.494167,18.024722,2026-05-02 18:46:28.875764,19.64,18.91,19.64,19.64,1021,48,1.37,138,8,0.0,Clear,clear sky,18
Nagyigmánd-Bábolna,47.630556,18.050833,2026-05-02 18:46:30.073278,19.99,18.93,19.99,19.99,1020,34,1.54,190,0,0.0,Clear,clear sky,18
Budapest-Déli,47.498889,19.025,2026-05-02 18:46:31.264607,16.76,15.74,15.98,17.12,1020,48,4.12,110,0,0.0,Clear,clear sky,18
Budapest-Kelenföld,47.464444,19.02,2026-05-02 18:46:32.457553,17.0,16.01,16.08,17.23,1020,48,4.12,110,0,0.0,Clear,clear sky,18
Budaörs,47.4475,18.965,2026-05-02 18:46:33.658933,16.95,15.95,15.99,17.14,1020,48,2.68,129,9,0.0,Clear,clear sky,18
Biatorbágy,47.480278,18.834444,2026-05-02 18:46:34.864126,16.66,15.61,15.64,16.79,1020,47,2.42,150,3,0.0,Clear,clear sky,18
Herceghalom,47.493611,18.746111,2026-05-02 18:46:36.064060,16.91,15.88,15.9,17.04,1021,47,2.48,151,10,0.0,Clear,clear sky,18
Bicske,47.484167,18.6175,2026-05-02 18:46:37.257173,16.69,15.85,16.69,16.84,1021,55,2.61,145,35,0.0,Clouds,scattered clouds,18
Szár,47.485,18.5275,2026-05-02 18:46:38.455221,16.48,15.62,13.67,16.48,1021,55,2.7,138,44,0.0,Clouds,scattered clouds,18
Szárliget,47.518333,18.495833,2026-05-02 18:46:39.650951,16.29,15.38,16.29,16.29,1021,54,2.76,135,42,0.0,Clouds,scattered clouds,18
Alsógalla,47.563337,18.425102,2026-05-02 18:46:40.850386,16.09,15.11,16.09,16.09,1021,52,2.77,129,25,0.0,Clouds,scattered clouds,18
Tatabánya,47.585556,18.393056,2026-05-02 18:46:42.049873,16.26,15.3,16.26,16.26,1020,52,2.66,129,18,0.0,Clouds,few clouds,18
Vértesszőlős,47.619444,18.375278,2026-05-02 18:46:43.242013,16.32,15.37,16.32,16.32,1020,52,2.55,130,15,0.0,Clouds,few clouds,18
Tóvároskert,47.646111,18.348611,2026-05-02 18:46:44.447421,16.43,15.46,16.43,16.43,1020,51,2.3,131,11,0.0,Clouds,few clouds,18
Tata,47.665,18.3275,2026-05-02 18:46:45.641777,16.46,15.49,16.46,16.46,1020,51,2.14,133,9,0.0,Clear,clear sky,18
Almásfüzitő,47.725278,18.262222,2026-05-02 18:46:46.852392,16.76,15.8,16.76,16.76,1020,50,1.36,139,9,0.0,Clear,clear sky,18
Almásfüzitő felső,47.731389,18.216389,2026-05-02 18:46:48.044125,16.84,15.86,16.84,16.84,1020,49,0.91,143,8,0.0,Clear,clear sky,18
Szőny,47.735556,18.1775,2026-05-02 18:46:49.239161,20.12,19.47,20.12,20.12,1020,49,0.68,150,7,0.0,Clear,clear sky,18
Komárom,47.749444,18.113611,2026-05-02 18:46:50.429766,20.13,19.45,20.13,20.13,1020,48,0.45,217,4,0.0,Clear,clear sky,18
Ács,47.717222,18.004444,2026-05-02 18:46:51.635896,20.05,19.0,20.05,20.05,1020,34,1.54,190,0,0.0,Clear,clear sky,18
Nagyszentjános,47.705556,17.871389,2026-05-02 18:46:52.832275,20.05,19.0,20.05,20.05,1020,34,1.54,190,0,0.0,Clear,clear sky,18
Győrszentiván,47.688611,17.745556,2026-05-02 18:46:54.022193,20.06,19.01,20.06,20.06,1020,34,1.54,190,0,0.0,Clear,clear sky,18
Győr-Gyárváros,47.684444,17.663889,2026-05-02 18:46:55.213055,20.1,19.05,20.1,20.1,1020,34,1.54,190,0,0.0,Clear,clear sky,18
Győr,47.681944,17.634722,2026-05-02 18:46:56.402924,20.06,19.01,20.06,20.06,1020,34,1.54,190,0,0.0,Clear,clear sky,18
Öttevény,47.719722,17.489167,2026-05-02 18:46:57.594017,20.08,19.4,20.08,20.08,1020,48,1.38,196,2,0.0,Clear,clear sky,18
Lébény-Mosonszentmiklós,47.755278,17.426389,2026-05-02 18:46:58.792483,17.52,16.58,17.52,17.52,1020,48,1.6,193,1,0.0,Clear,clear sky,18
Kimle-Károlyháza,47.803889,17.342778,2026-05-02 18:46:59.987822,17.54,16.63,17.54,17.54,1020,49,1.88,198,1,0.0,Clear,clear sky,18
Mosonmagyaróvár,47.849722,17.267222,2026-05-02 18:47:01.180710,17.54,16.63,17.54,17.54,1020,49,2.04,205,0,0.0,Clear,clear sky,18
Levél,47.889722,17.1925,2026-05-02 18:47:02.381881,17.54,16.63,17.54,17.54,1020,49,2.04,210,0,0.0,Clear,clear sky,18
Hegyeshalom,47.913889,17.145556,2026-05-02 18:47:03.579822,20.01,19.35,20.01,20.01,1020,49,2.03,216,0,0.0,Clear,clear sky,18
Óbuda,47.568611,19.033889,2026-05-02 18:47:04.778762,16.52,15.51,16.12,17.27,1021,49,2.68,129,26,0.0,Clouds,scattered clouds,18
Üröm,47.580556,19.002222,2026-05-02 18:47:05.975585,16.52,15.51,16.02,17.16,1020,49,2.68,129,24,0.0,Clouds,few clouds,18
Solymár,47.596111,18.95,2026-05-02 18:47:07.173626,16.45,15.43,15.84,16.98,1021,49,0.45,322,29,0.0,Clouds,scattered clouds,18
Pilisvörösvár,47.614444,18.902222,2026-05-02 18:47:08.371700,15.99,14.92,15.48,16.62,1021,49,2.04,147,38,0.0,Clouds,scattered clouds,18
Klotildliget,47.637778,18.846389,2026-05-02 18:47:09.564158,16.33,15.25,15.21,16.36,1021,47,2.39,149,55,0.0,Clouds,broken clouds,18
Kútvölgy,46.459444,20.451944,2026-05-02 18:47:10.763944,14.45,13.41,14.45,14.45,1021,56,2.85,58,4,0.0,Clear,clear sky,18
Székkutas,46.503889,20.541111,2026-05-02 18:47:11.961842,14.43,13.39,14.43,14.43,1021,56,2.78,56,3,0.0,Clear,clear sky,18
Kaposszentjakab,46.358056,17.821944,2026-05-02 18:47:13.162450,15.91,15.18,15.91,15.91,1022,62,2.54,187,6,0.0,Clear,clear sky,18
Kaposvár,46.352778,17.795,2026-05-02 18:47:14.355969,15.82,15.08,15.82,15.82,1021,62,2.63,184,6,0.0,Clear,clear sky,18
Kaposújlak,46.366667,17.715,2026-05-02 18:47:15.548036,16.05,15.28,16.05,16.05,1021,60,2.75,175,5,0.0,Clear,clear sky,18
Kaposmérő,46.365278,17.698889,2026-05-02 18:47:16.742971,16.05,15.28,16.05,16.05,1021,60,2.75,173,4,0.0,Clear,clear sky,18
Kaposfő,46.364167,17.656667,2026-05-02 18:47:17.939632,16.08,15.28,16.08,16.08,1021,59,2.76,171,4,0.0,Clear,clear sky,18
Kiskorpád,46.361389,17.606667,2026-05-02 18:47:19.133003,16.08,15.28,16.08,16.08,1021,59,2.75,169,3,0.0,Clear,clear sky,18
Jákó-Nagybajom,46.344444,17.554444,2026-05-02 18:47:20.324650,16.18,15.37,16.18,16.18,1021,58,2.72,167,2,0.0,Clear,clear sky,18
Kutas,46.326111,17.453889,2026-05-02 18:47:21.522221,16.53,15.73,16.53,16.53,1021,57,2.86,168,0,0.0,Clear,clear sky,18
Beleg,46.316944,17.420556,2026-05-02 18:47:22.718952,16.64,15.85,16.64,16.64,1021,57,2.94,167,0,0.0,Clear,clear sky,18
Ötvöskónyi,46.292778,17.358056,2026-05-02 18:47:23.922164,16.65,15.86,16.65,16.65,1021,57,2.93,166,0,0.0,Clear,clear sky,18
Somogyszob,46.289167,17.305556,2026-05-02 18:47:25.117716,16.67,15.88,16.67,16.67,1021,57,3.06,167,0,0.0,Clear,clear sky,18
Bolhás,46.282222,17.275278,2026-05-02 18:47:26.315712,16.66,15.9,16.66,16.66,1021,58,3.19,168,0,0.0,Clear,clear sky,18
Szenta,46.274167,17.182222,2026-05-02 18:47:27.508079,16.72,15.96,16.72,16.72,1021,58,3.31,167,0,0.0,Clear,clear sky,18
Zrínyitelep,46.275278,17.138056,2026-05-02 18:47:28.698496,16.73,16.0,16.73,16.73,1021,59,3.34,167,0,0.0,Clear,clear sky,18
Csurgó,46.261111,17.091667,2026-05-02 18:47:29.891935,16.85,16.16,16.85,16.85,1021,60,3.24,165,0,0.0,Clear,clear sky,18
Gyékényes,46.249167,16.956389,2026-05-02 18:47:31.095987,16.75,16.1,16.75,16.75,1021,62,2.72,161,0,0.0,Clear,clear sky,18
Adony,47.106111,18.847778,2026-05-02 18:47:32.288467,15.97,14.95,15.97,15.97,1021,51,2.9,133,14,0.0,Clouds,few clouds,18
Kulcs,47.051111,18.8975,2026-05-02 18:47:33.496447,15.63,14.58,15.63,15.63,1021,51,3.01,129,14,0.0,Clouds,few clouds,18
Rácalmás,47.023333,18.908889,2026-05-02 18:47:34.692612,15.56,14.5,15.56,15.56,1021,51,3.03,128,13,0.0,Clouds,few clouds,18
Dunaújváros,46.960556,18.913889,2026-05-02 18:47:35.898725,15.55,14.49,15.55,15.55,1021,51,3.01,126,12,0.0,Clouds,few clouds,18
Újvenyim,46.936944,18.868889,2026-05-02 18:47:37.095642,15.64,14.59,15.64,15.64,1021,51,3.04,127,12,0.0,Clouds,few clouds,18
Mezőfalva,46.905556,18.810278,2026-05-02 18:47:38.284796,15.65,14.6,15.65,15.65,1021,51,3.07,127,11,0.0,Clouds,few clouds,18
Nagykarácsony felső,46.866047,18.783064,2026-05-02 18:47:39.484481,15.73,14.72,15.73,15.73,1021,52,2.98,124,11,0.0,Clouds,few clouds,18
Nagykarácsony,46.848729,18.765722,2026-05-02 18:47:40.678876,15.57,14.54,15.57,15.57,1021,52,2.93,124,11,0.0,Clouds,few clouds,18
Alap,46.831944,18.657778,2026-05-02 18:47:41.870987,15.92,14.93,15.92,15.92,1021,52,2.84,124,9,0.0,Clear,clear sky,18
Cece,46.773333,18.623333,2026-05-02 18:47:43.064056,15.96,14.97,15.96,15.96,1021,52,2.64,124,9,0.0,Clear,clear sky,18
Vajta,46.713611,18.648056,2026-05-02 18:47:44.262282,15.86,14.89,15.86,15.86,1021,53,2.54,120,8,0.0,Clear,clear sky,18
Rétszilas alsó,46.829167,18.639444,2026-05-02 18:47:45.461202,15.92,14.93,15.92,15.92,1021,52,2.84,124,9,0.0,Clear,clear sky,18
Nagydorog,46.615485,18.65002,2026-05-02 18:47:46.655049,15.8,14.82,15.8,15.8,1021,53,2.35,116,8,0.0,Clear,clear sky,18
Tengelic,46.516111,18.695278,2026-05-02 18:47:47.847774,15.54,14.56,15.54,15.54,1021,54,2.17,112,8,0.0,Clear,clear sky,18
Fácánkert,46.449041,18.735661,2026-05-02 18:47:49.048766,15.48,14.55,15.48,15.48,1021,56,2.05,112,8,0.0,Clear,clear sky,18
Tolna-Mözs,46.416389,18.750556,2026-05-02 18:47:50.241429,15.46,14.52,15.46,15.46,1021,56,2.16,112,9,0.0,Clear,clear sky,18
Szekszárd-Palánk,46.38027777777778,18.72833333333333,2026-05-02 18:47:51.441724,15.51,14.6,15.51,15.51,1021,57,1.85,112,9,0.0,Clear,clear sky,18
Szekszárd,46.349444,18.7125,2026-05-02 18:47:52.636222,15.47,14.56,15.47,15.47,1021,57,1.73,112,9,0.0,Clear,clear sky,18
Őcsény,46.318889,18.7425,2026-05-02 18:47:53.833092,15.4,14.51,15.4,15.4,1021,58,1.79,110,10,0.0,Clear,clear sky,18
Decs,46.283889,18.756111,2026-05-02 18:47:55.037460,15.38,14.49,15.38,15.38,1021,58,1.69,108,10,0.0,Clear,clear sky,18
Csikóstőttős,46.337222,18.152778,2026-05-02 18:47:56.237843,15.65,14.92,15.65,15.65,1021,63,1.81,212,6,0.0,Clear,clear sky,18
Mágocs-Alsómocsolád,46.31027777777778,18.222222222222225,2026-05-02 18:47:57.433207,14.95,14.12,14.95,14.95,1021,62,1.61,211,6,0.0,Clear,clear sky,18
Szalatnak,46.284444444444446,18.288611111111113,2026-05-02 18:47:58.629589,15.09,14.27,15.09,15.09,1021,62,1.25,213,5,0.0,Clear,clear sky,18
Máza-Szászvár,46.279167,18.411389,2026-05-02 18:47:59.824275,15.06,14.19,15.06,15.06,1021,60,0.81,209,6,0.0,Clear,clear sky,18
Váralja,46.281667,18.436111,2026-05-02 18:48:01.032724,15.16,14.27,15.16,15.16,1021,59,0.55,195,7,0.0,Clear,clear sky,18
Nagymányok,46.280278,18.459167,2026-05-02 18:48:02.228186,15.16,14.27,15.16,15.16,1021,59,0.55,195,7,0.0,Clear,clear sky,18
Hidas-Bonyhád,46.269444,18.523333,2026-05-02 18:48:03.425254,15.09,14.2,15.09,15.09,1021,59,0.46,161,7,0.0,Clear,clear sky,18
Mőcsény,46.2575,18.591944,2026-05-02 18:48:04.624010,14.82,13.9,14.82,14.82,1021,59,0.63,117,9,0.0,Clear,clear sky,18
Bátaszék,46.202222,18.715556,2026-05-02 18:48:05.827492,15.28,14.4,15.28,15.28,1021,59,1.0,93,10,0.0,Clear,clear sky,18
Pörböly,46.199167,18.826389,2026-05-02 18:48:07.020548,15.15,14.26,15.15,15.15,1021,59,1.88,100,10,0.0,Clear,clear sky,18
Orosháza,46.566111,20.664722,2026-05-02 18:48:08.217377,14.48,13.45,14.48,14.48,1021,56,2.48,58,0,0.0,Clear,clear sky,18
Orosházi tanyák,46.596944,20.760556,2026-05-02 18:48:09.416511,11.64,10.32,11.64,11.64,1021,56,2.41,58,0,0.0,Clear,clear sky,18
Csorvás,46.623611,20.840833,2026-05-02 18:48:10.615624,11.62,10.3,11.62,11.62,1021,56,2.35,61,2,0.0,Clear,clear sky,18
Csorvás alsó,46.634722,20.888333,2026-05-02 18:48:11.813468,11.64,10.14,11.64,11.64,1021,49,2.4,62,3,0.0,Clear,clear sky,18
Telekgerendás,46.656111,20.963889,2026-05-02 18:48:13.009048,11.64,10.14,11.64,11.64,1021,49,2.44,67,7,0.0,Clear,clear sky,18
Fürjes,46.67214,21.02306,2026-05-02 18:48:14.201022,11.64,10.14,11.64,11.64,1021,49,2.45,71,9,0.0,Clear,clear sky,18
Fényes,46.659876,21.16618,2026-05-02 18:48:15.401549,11.67,10.17,11.67,11.67,1021,49,2.64,76,13,0.0,Clouds,few clouds,18
Bicere,46.66,21.179444,2026-05-02 18:48:16.594175,11.66,10.16,11.66,11.66,1021,49,2.67,77,14,0.0,Clouds,few clouds,18
Gyula,46.656389,21.273333,2026-05-02 18:48:17.784880,11.65,10.15,11.65,11.65,1021,49,2.73,81,22,0.0,Clouds,few clouds,18
József Szanatórium,46.704722,21.3325,2026-05-02 18:48:18.975713,11.64,10.14,11.64,11.64,1021,49,2.73,82,36,0.0,Clouds,scattered clouds,18
Sarkadi Cukorgyár,46.73,21.383611,2026-05-02 18:48:20.177544,11.65,10.15,11.65,11.65,1021,49,2.75,83,52,0.0,Clouds,broken clouds,18
Sarkad,46.736944,21.402222,2026-05-02 18:48:21.375216,11.64,10.27,11.64,11.64,1021,54,2.76,84,58,0.0,Clouds,broken clouds,18
Kötegyán,46.758333,21.479722,2026-05-02 18:48:22.570766,11.64,10.24,11.64,11.64,1021,53,2.77,85,74,0.0,Clouds,broken clouds,18
Méhkerék,46.774444,21.455556,2026-05-02 18:48:23.763450,11.64,10.24,11.64,11.64,1021,53,2.75,85,72,0.0,Clouds,broken clouds,18
Sarkadkeresztúr,46.823611,21.4175,2026-05-02 18:48:24.963624,11.66,10.27,11.66,11.66,1021,53,2.71,85,69,0.0,Clouds,broken clouds,18
Okány,46.8925,21.339167,2026-05-02 18:48:26.160962,11.66,10.24,11.66,11.66,1021,52,2.53,89,51,0.0,Clouds,broken clouds,18
Újszeged,46.242222,20.16,2026-05-02 18:48:27.362065,14.52,13.54,14.52,14.52,1021,58,2.98,56,7,0.0,Clear,clear sky,18
Szőreg,46.211389,20.183056,2026-05-02 18:48:28.557042,14.51,13.53,14.51,14.51,1021,58,3.07,51,7,0.0,Clear,clear sky,18
Deszk,46.210278,20.246389,2026-05-02 18:48:29.761821,14.52,13.54,14.52,14.52,1021,58,3.26,47,7,0.0,Clear,clear sky,18
Kiszombor,46.191944,20.413056,2026-05-02 18:48:30.954193,14.28,13.3,14.28,14.28,1021,59,3.43,41,7,0.0,Clear,clear sky,18
Kiszombor megálló,46.191111,20.430833,2026-05-02 18:48:32.174957,14.28,13.3,14.28,14.28,1021,59,3.43,41,7,0.0,Clear,clear sky,18
Makó,46.204722,20.474722,2026-05-02 18:48:33.367137,14.24,13.26,14.24,14.24,1021,59,3.46,39,7,0.0,Clear,clear sky,18
Apátfalva,46.175193,20.580611,2026-05-02 18:48:34.568964,14.21,13.23,14.21,14.21,1021,59,3.61,34,8,0.0,Clear,clear sky,18
Magyarcsanád,46.174444,20.610278,2026-05-02 18:48:35.759728,14.2,13.24,14.2,14.2,1021,60,3.65,34,8,0.0,Clear,clear sky,18
Nagylak,46.17,20.708333,2026-05-02 18:48:36.962518,14.24,13.31,14.24,14.24,1020,61,3.79,34,11,0.0,Clouds,few clouds,18
Nagylaki Kendergyár,46.189167,20.717222,2026-05-02 18:48:38.157608,14.27,13.32,14.27,14.27,1020,60,3.75,35,10,0.0,Clear,clear sky,18
Csanádpalota,46.236111,20.7325,2026-05-02 18:48:39.352814,14.29,13.34,14.29,14.29,1020,60,3.73,36,10,0.0,Clear,clear sky,18
Mezőhegyes,46.310833,20.815556,2026-05-02 18:48:40.544530,14.3,13.35,14.3,14.3,1020,60,3.64,41,8,0.0,Clear,clear sky,18
Végegyháza,46.384444,20.878611,2026-05-02 18:48:41.738057,14.28,13.3,14.28,14.28,1021,59,3.37,46,6,0.0,Clear,clear sky,18
Mezőkovácsháza,46.408333,20.9,2026-05-02 18:48:42.933769,14.29,13.32,14.29,14.29,1021,59,3.27,47,5,0.0,Clear,clear sky,18
Mezőkovácsháza felső,46.415556,20.918056,2026-05-02 18:48:44.126889,14.26,13.28,14.26,14.26,1021,59,3.26,51,7,0.0,Clear,clear sky,18
Magyarbánhegyes,46.451389,20.97,2026-05-02 18:48:45.321121,11.61,10.37,11.61,11.61,1021,59,3.16,54,7,0.0,Clear,clear sky,18
Medgyesegyháza,46.495278,21.029167,2026-05-02 18:48:46.518157,11.59,10.32,11.59,11.59,1021,58,2.99,62,8,0.0,Clear,clear sky,18
Bánkút,46.505278,21.091944,2026-05-02 18:48:47.707451,11.61,10.11,11.61,11.61,1021,49,2.98,67,10,0.0,Clear,clear sky,18
Belsőperegpuszta,46.321111,20.916667,2026-05-02 18:48:48.898149,14.28,13.36,14.28,14.28,1020,61,3.64,46,12,0.0,Clouds,few clouds,18
Battonya,46.282222,21.003889,2026-05-02 18:48:50.094837,15.04,14.19,15.04,15.04,1020,61,3.7,49,15,0.0,Clouds,few clouds,18
Baja-Dunafürdő,46.193333,18.919167,2026-05-02 18:48:51.295484,15.02,14.09,15.02,15.02,1021,58,2.43,101,10,0.0,Clear,clear sky,18
Kaposszekcső,46.330556,18.143056,2026-05-02 18:48:52.493149,15.65,14.92,15.65,15.65,1021,63,1.81,212,6,0.0,Clear,clear sky,18
Vásárosdombó,46.310556,18.138889,2026-05-02 18:48:53.683685,15.48,14.73,15.48,15.48,1021,63,1.79,212,6,0.0,Clear,clear sky,18
Sásd,46.257222,18.104722,2026-05-02 18:48:54.876810,15.31,14.59,15.31,15.31,1022,65,1.73,211,5,0.0,Clear,clear sky,18
Godisa,46.223333,18.104722,2026-05-02 18:48:56.069474,18.4,18.02,18.4,18.4,1022,66,1.65,212,5,0.0,Clear,clear sky,18
Abaliget,46.152778,18.073611,2026-05-02 18:48:57.263734,18.01,17.62,18.01,18.01,1022,67,1.46,211,3,0.0,Clear,clear sky,18
Hetvehely,46.128333,18.045,2026-05-02 18:48:58.463008,18.2,17.83,18.2,18.2,1022,67,1.42,207,2,0.0,Clear,clear sky,18
Bükkösd,46.113056,17.999444,2026-05-02 18:48:59.661769,18.36,18.0,18.36,18.36,1022,67,1.47,201,3,0.0,Clear,clear sky,18
Cserdi-Helesfa,46.086667,17.987778,2026-05-02 18:49:00.864402,18.44,18.09,18.44,18.44,1022,67,1.41,201,2,0.0,Clear,clear sky,18
Szentlőrinc,46.033333,17.990833,2026-05-02 18:49:02.057493,18.5,17.5,18.5,18.5,1022,42,0.51,0,0,0.0,Clear,clear sky,18
Bicsérd,46.041389,18.057778,2026-05-02 18:49:03.255491,18.41,17.4,18.41,18.41,1022,42,0.51,0,0,0.0,Clear,clear sky,18
Mecsekalja-Cserkút,46.059722,18.150278,2026-05-02 18:49:04.445184,18.54,17.55,18.54,18.54,1022,42,0.51,0,0,0.0,Clear,clear sky,18
Pécs,46.065833,18.223611,2026-05-02 18:49:05.640311,18.46,17.46,14.82,18.46,1022,42,0.51,0,0,0.0,Clear,clear sky,18
Pécs-Külváros,46.071667,18.24,2026-05-02 18:49:06.833393,18.43,17.43,14.8,18.43,1022,42,0.51,0,0,0.0,Clear,clear sky,18
Pécsbánya-Rendező,46.063333,18.270278,2026-05-02 18:49:08.031286,18.28,17.26,14.64,18.28,1022,42,0.51,0,0,0.0,Clear,clear sky,18
Pécsudvard,46.01,18.275556,2026-05-02 18:49:09.234457,18.21,17.18,14.57,18.21,1022,42,0.51,0,0,0.0,Clear,clear sky,18
Szőkéd,45.9675,18.29,2026-05-02 18:49:10.431786,18.39,17.38,14.75,18.39,1021,42,0.51,0,0,0.0,Clear,clear sky,18
Áta,45.936389,18.306944,2026-05-02 18:49:11.626939,18.49,17.49,14.86,18.49,1021,42,0.51,0,0,0.0,Clear,clear sky,18
Kistótfalu,45.909722,18.315278,2026-05-02 18:49:12.829073,18.53,17.54,14.9,18.53,1021,42,0.51,0,0,0.0,Clear,clear sky,18
Vokány,45.899722,18.334722,2026-05-02 18:49:14.025473,14.86,13.97,14.86,18.49,1021,60,0.51,0,0,0.0,Clear,clear sky,18
Palkonya,45.891667,18.393889,2026-05-02 18:49:15.224398,14.88,13.99,14.88,18.52,1021,60,0.51,0,0,0.0,Clear,clear sky,18
Villánykövesd,45.879722,18.425833,2026-05-02 18:49:16.419945,14.84,13.95,14.84,18.48,1021,60,0.51,0,0,0.0,Clear,clear sky,18
Villány,45.8775,18.451389,2026-05-02 18:49:17.613920,14.97,14.09,14.97,18.6,1021,60,1.99,267,11,0.0,Clouds,few clouds,18
Magyarbóly,45.834167,18.491944,2026-05-02 18:49:18.811748,15.02,14.14,15.02,18.66,1021,60,2.1,259,13,0.0,Clouds,few clouds,18
Magyarszék,46.210278,18.188056,2026-05-02 18:49:20.012849,18.25,17.85,18.25,18.25,1022,66,1.45,221,4,0.0,Clear,clear sky,18
Mecsekpölöske,46.224167,18.213056,2026-05-02 18:49:21.220624,18.07,17.63,18.07,18.07,1022,65,1.45,218,4,0.0,Clear,clear sky,18
Mecsekjánosi,46.215278,18.241944,2026-05-02 18:49:22.414861,18.06,17.59,18.06,18.06,1021,64,1.29,222,4,0.0,Clear,clear sky,18
Komló,46.189167,18.265278,2026-05-02 18:49:23.611228,17.75,17.25,17.75,17.75,1021,64,1.25,229,4,0.0,Clear,clear sky,18
Királyegyháza-Rigópuszta,45.989167,17.971667,2026-05-02 18:49:24.805649,18.58,18.22,18.58,18.58,1022,66,1.44,203,0,0.0,Clear,clear sky,18
Sumony,45.960833,17.913333,2026-05-02 18:49:26.007075,18.61,18.22,18.61,18.61,1021,65,1.8,187,1,0.0,Clear,clear sky,18
Okorág-Kárászpuszta,45.933611,17.864444,2026-05-02 18:49:27.201957,18.62,18.23,18.62,18.62,1021,65,2.0,185,1,0.0,Clear,clear sky,18
Kákics,45.904167,17.8525,2026-05-02 18:49:28.396629,15.36,14.65,15.36,15.36,1021,65,2.16,184,2,0.0,Clear,clear sky,18
Bóly,45.9375,18.538333,2026-05-02 18:49:29.589170,14.79,13.89,14.79,18.43,1021,60,1.68,281,11,0.0,Clouds,few clouds,18
Mohács,46.0025,18.683333,2026-05-02 18:49:30.782225,15.06,14.21,15.06,15.06,1021,61,0.79,345,11,0.0,Clouds,few clouds,18
Sellye,45.873333,17.858889,2026-05-02 18:49:31.977858,15.27,14.55,15.27,15.27,1021,65,2.21,188,1,0.0,Clear,clear sky,18
Toponár,46.398333,17.840833,2026-05-02 18:49:33.175811,15.86,15.12,15.86,15.86,1021,62,2.6,188,6,0.0,Clear,clear sky,18
Somogyaszaló,46.453611,17.840278,2026-05-02 18:49:34.366590,15.85,15.06,15.85,15.85,1021,60,2.69,189,5,0.0,Clear,clear sky,18
Mernye,46.509444,17.832222,2026-05-02 18:49:35.556494,16.09,15.27,16.09,16.09,1021,58,2.83,189,5,0.0,Clear,clear sky,18
Felsőmocsolád,46.556389,17.8225,2026-05-02 18:49:36.754996,15.99,15.13,15.99,15.99,1021,57,2.87,189,5,0.0,Clear,clear sky,18
Kisbárapáti,46.615,17.866667,2026-05-02 18:49:37.954164,15.9,14.98,15.9,15.9,1021,55,2.72,190,5,0.0,Clear,clear sky,18
Bonnya,46.611389,17.909167,2026-05-02 18:49:39.152150,16.13,15.26,16.13,16.13,1021,56,2.56,193,5,0.0,Clear,clear sky,18
Andocs,46.646944,17.8925,2026-05-02 18:49:40.343975,15.7,14.74,15.7,15.7,1021,54,2.7,189,5,0.0,Clear,clear sky,18
Karád,46.681111,17.874722,2026-05-02 18:49:41.538356,16.13,15.21,16.13,16.13,1021,54,2.66,188,5,0.0,Clear,clear sky,18
Somogymeggyes,46.720556,17.920556,2026-05-02 18:49:42.731452,15.7,14.71,15.7,15.7,1021,53,2.42,189,5,0.0,Clear,clear sky,18
Kapoly,46.713611,17.977778,2026-05-02 18:49:43.936664,16.02,15.06,16.02,16.02,1021,53,2.04,190,6,0.0,Clear,clear sky,18
Tab,46.734167,18.041111,2026-05-02 18:49:45.132903,15.81,14.83,15.81,15.81,1021,53,1.95,189,6,0.0,Clear,clear sky,18
Bábonymegyer,46.746095,18.109921,2026-05-02 18:49:46.327106,15.87,14.9,15.87,15.87,1021,53,1.76,182,7,0.0,Clear,clear sky,18
Daránypuszta,46.764722,18.143889,2026-05-02 18:49:47.518416,16.0,15.01,16.0,16.0,1021,52,1.79,178,7,0.0,Clear,clear sky,18
Som-Nagyberény,46.803056,18.149444,2026-05-02 18:49:48.708804,16.24,15.28,16.24,16.24,1021,52,1.92,183,8,0.0,Clear,clear sky,18
Ádánd,46.854444,18.141667,2026-05-02 18:49:49.910979,16.38,15.43,16.38,16.38,1021,52,2.07,191,8,0.0,Clear,clear sky,18
Siójut,46.879444,18.126667,2026-05-02 18:49:51.112442,16.4,15.48,16.4,16.4,1021,53,2.14,195,9,0.0,Clear,clear sky,18
Kapostüskevár,46.367778,17.774167,2026-05-02 18:49:52.311157,16.04,15.29,16.04,16.04,1021,61,2.69,180,5,0.0,Clear,clear sky,18
Kaposfüred,46.415,17.759444,2026-05-02 18:49:53.503829,15.98,15.2,15.98,15.98,1021,60,2.81,181,5,0.0,Clear,clear sky,18
Várda,46.4625,17.721667,2026-05-02 18:49:54.698363,16.03,15.2,16.03,16.03,1021,58,2.97,177,3,0.0,Clear,clear sky,18
Somogyjád,46.490833,17.694444,2026-05-02 18:49:55.901247,16.26,15.43,16.26,16.26,1021,57,3.01,176,3,0.0,Clear,clear sky,18
Osztopán,46.515556,17.656944,2026-05-02 18:49:57.099421,16.36,15.51,16.36,16.36,1021,56,3.01,176,2,0.0,Clear,clear sky,18
Pamuk,46.553127,17.636412,2026-05-02 18:49:58.294916,16.54,15.69,16.54,16.54,1021,55,3.04,178,2,0.0,Clear,clear sky,18
Somogyvár,46.580556,17.634722,2026-05-02 18:49:59.499393,16.6,15.75,16.6,16.6,1021,55,3.07,179,2,0.0,Clear,clear sky,18
Öreglak,46.608607,17.632733,2026-05-02 18:50:00.694710,16.64,15.77,16.64,16.64,1021,54,3.08,180,2,0.0,Clear,clear sky,18
Tatárvár,46.636667,17.621111,2026-05-02 18:50:01.902293,16.62,15.72,16.62,16.62,1021,53,3.0,181,1,0.0,Clear,clear sky,18
Lengyeltóti,46.660556,17.613611,2026-05-02 18:50:03.102071,16.75,15.86,16.75,16.75,1021,53,2.97,182,1,0.0,Clear,clear sky,18
Pusztaberény,46.686111,17.594722,2026-05-02 18:50:04.300018,16.9,16.03,16.9,16.9,1021,53,2.92,183,1,0.0,Clear,clear sky,18
Örkény,47.132778,19.447222,2026-05-02 18:50:05.497313,15.44,14.29,15.44,15.44,1021,48,3.09,102,27,0.0,Clouds,scattered clouds,18
Táborfalva,47.098545,19.479318,2026-05-02 18:50:06.702566,13.26,11.87,13.26,16.88,1021,47,2.94,100,22,0.0,Clouds,few clouds,18
Felsőlajos,47.068834,19.498415,2026-05-02 18:50:07.893660,13.25,11.86,13.25,16.87,1021,47,2.95,99,20,0.0,Clouds,few clouds,18
Lajosmizse,47.028333,19.542778,2026-05-02 18:50:09.102136,13.22,12.06,13.22,16.84,1021,56,2.57,100,0,0.0,Clear,clear sky,18
Lajosmizse alsó,47.0225,19.550278,2026-05-02 18:50:10.302633,13.23,12.07,13.23,16.85,1021,56,2.57,100,0,0.0,Clear,clear sky,18
Klábertelep,47.005556,19.551667,2026-05-02 18:50:11.509857,13.23,12.07,13.23,16.86,1021,56,2.57,100,0,0.0,Clear,clear sky,18
Méntelek,46.978611,19.570833,2026-05-02 18:50:12.708926,13.27,12.11,13.27,16.9,1021,56,2.57,100,0,0.0,Clear,clear sky,18
Hetényegyháza,46.930833,19.595,2026-05-02 18:50:13.911739,13.3,12.15,13.3,16.92,1021,56,2.57,100,0,0.0,Clear,clear sky,18
Kecskemét-Máriaváros,46.901192,19.675913,2026-05-02 18:50:15.105990,13.34,12.19,13.34,16.97,1021,56,2.57,100,0,0.0,Clear,clear sky,18
Nyársapát,47.100278,19.7925,2026-05-02 18:50:16.304970,16.26,15.17,13.37,16.99,1021,47,1.05,102,13,0.0,Clouds,few clouds,18
Nagykőrös,47.038333,19.76,2026-05-02 18:50:17.498969,16.97,15.61,13.35,16.97,1021,34,2.57,100,0,0.0,Clear,clear sky,18
Katonatelep,46.963056,19.718889,2026-05-02 18:50:18.691542,16.94,15.58,13.31,16.94,1021,34,2.57,100,0,0.0,Clear,clear sky,18
Kecskemét,46.913889,19.700833,2026-05-02 18:50:19.883283,13.34,12.19,13.34,16.97,1021,56,2.57,100,0,0.0,Clear,clear sky,18
Városföld,46.816667,19.753333,2026-05-02 18:50:21.073806,17.03,15.68,13.4,17.03,1021,34,2.57,100,0,0.0,Clear,clear sky,18
Kiskunfélegyháza,46.7067,19.83474,2026-05-02 18:50:22.268878,17.08,16.04,13.45,17.08,1021,46,2.17,91,14,0.0,Clouds,few clouds,18
Petőfiszállás,46.617374,19.865229,2026-05-02 18:50:23.459407,14.92,13.72,14.92,14.92,1021,48,2.24,90,13,0.0,Clouds,few clouds,18
Csengele,46.538321,19.909008,2026-05-02 18:50:24.652984,14.41,13.24,14.41,14.41,1021,51,2.28,87,11,0.0,Clouds,few clouds,18
Kistelek,46.466944,19.966944,2026-05-02 18:50:25.845898,14.47,13.43,14.47,14.47,1021,56,2.37,81,9,0.0,Clear,clear sky,18
Balástya,46.413333,20.001389,2026-05-02 18:50:27.036167,14.47,13.43,14.47,14.47,1021,56,2.47,75,8,0.0,Clear,clear sky,18
Szatymaz,46.345621,20.04374,2026-05-02 18:50:28.227601,14.49,13.46,14.49,14.49,1021,56,2.24,67,8,0.0,Clear,clear sky,18
Kiskundorozsma,46.271667,20.090556,2026-05-02 18:50:29.420596,14.52,13.49,14.52,14.52,1021,56,2.81,61,7,0.0,Clear,clear sky,18
Szeged,46.239722,20.143056,2026-05-02 18:50:30.610887,14.5,13.47,14.5,14.5,1021,56,2.99,54,7,0.0,Clear,clear sky,18
Alsóúrrét,46.898392,19.779891,2026-05-02 18:50:31.808786,17.01,15.65,17.01,17.01,1021,34,2.57,100,0,0.0,Clear,clear sky,18
Nyárlőrinc,46.87,19.851389,2026-05-02 18:50:33.006770,17.05,15.7,17.05,17.05,1021,34,2.57,100,0,0.0,Clear,clear sky,18
Világoshegy,46.855278,19.940278,2026-05-02 18:50:34.210513,17.08,15.73,17.08,17.08,1021,34,2.57,100,0,0.0,Clear,clear sky,18
Szikra,46.858333,19.975,2026-05-02 18:50:35.407494,17.08,15.73,14.91,17.08,1021,34,2.57,100,0,0.0,Clear,clear sky,18
Lakitelek,46.873056,20.003611,2026-05-02 18:50:36.605926,17.13,15.79,14.95,17.13,1021,34,2.57,100,0,0.0,Clear,clear sky,18
Tiszaug,46.850556,20.074167,2026-05-02 18:50:37.803304,15.91,14.84,14.45,17.2,1021,49,1.84,122,10,0.0,Clear,clear sky,18
Tiszasas,46.826389,20.089167,2026-05-02 18:50:39.007014,14.43,13.21,14.43,17.18,1021,49,1.84,122,10,0.0,Clear,clear sky,18
Csépa,46.8125,20.134722,2026-05-02 18:50:40.201839,14.43,13.34,14.43,14.43,1021,54,1.95,122,9,0.0,Clear,clear sky,18
Szelevény,46.811944,20.196389,2026-05-02 18:50:41.391863,14.44,13.35,14.44,14.44,1021,54,1.96,122,8,0.0,Clear,clear sky,18
Gátér,46.685,19.9625,2026-05-02 18:50:42.584674,14.43,13.21,14.43,14.43,1021,49,2.07,98,11,0.0,Clouds,few clouds,18
Kónyaszék,46.699931,20.074299,2026-05-02 18:50:43.777249,14.45,13.36,14.45,14.45,1021,54,2.07,106,9,0.0,Clear,clear sky,18
Csongrád,46.704444,20.140556,2026-05-02 18:50:44.972602,14.45,13.36,14.45,14.45,1021,54,2.11,106,7,0.0,Clear,clear sky,18
Hékéd,46.675,20.266667,2026-05-02 18:50:46.170738,14.45,13.36,14.45,14.45,1021,54,1.79,100,5,0.0,Clear,clear sky,18
Fábiánsebestyén,46.670278,20.456667,2026-05-02 18:50:47.362479,14.44,13.35,14.44,14.44,1021,54,2.19,89,1,0.0,Clear,clear sky,18
Gádoros,46.656711,20.588157,2026-05-02 18:50:48.556494,14.43,13.34,14.43,14.43,1021,54,2.17,75,0,0.0,Clear,clear sky,18
Justhmajor,46.62,20.615833,2026-05-02 18:50:49.747589,14.43,13.36,14.43,14.43,1021,55,2.26,68,0,0.0,Clear,clear sky,18
Szentetornya,46.590964,20.628334,2026-05-02 18:50:50.945307,14.42,13.35,14.42,14.42,1021,55,2.37,63,0,0.0,Clear,clear sky,18
Gyopárosfürdő,46.567784,20.630662,2026-05-02 18:50:52.144176,14.41,13.37,14.41,14.41,1021,56,2.48,58,0,0.0,Clear,clear sky,18
Szabadságliget,47.626123,18.893481,2026-05-02 18:50:53.337847,16.16,15.06,15.93,16.51,1021,47,2.28,149,42,0.0,Clouds,scattered clouds,18
Röszke,46.19261,20.03055,2026-05-02 18:50:54.538115,14.52,13.49,14.52,14.52,1021,56,2.75,57,8,0.0,Clear,clear sky,18
Tószeg,47.098056,20.138333,2026-05-02 18:50:55.739195,15.01,13.79,15.01,15.02,1020,47,1.03,20,0,0.0,Clear,clear sky,18
Tiszavárkony,47.059444,20.143056,2026-05-02 18:50:56.932443,15.01,13.79,15.01,15.03,1021,47,1.03,20,0,0.0,Clear,clear sky,18
Tiszajenő-Vezseny,47.036319,20.142415,2026-05-02 18:50:58.130675,15.01,13.79,15.01,15.03,1021,47,1.03,20,0,0.0,Clear,clear sky,18
Újbög,46.962222,20.093889,2026-05-02 18:50:59.323412,14.98,13.76,14.97,17.15,1021,47,1.64,143,11,0.0,Clouds,few clouds,18
Tiszakécske,46.937512,20.082016,2026-05-02 18:51:00.527423,14.99,13.77,14.99,17.16,1021,47,1.61,137,12,0.0,Clouds,few clouds,18
Kerekdomb,46.906944,20.052778,2026-05-02 18:51:01.728951,15.86,14.78,14.98,17.16,1021,49,1.68,133,11,0.0,Clouds,few clouds,18
Tiszaalpár,46.818611,19.982778,2026-05-02 18:51:02.923467,17.12,16.14,14.38,17.12,1021,48,1.82,110,12,0.0,Clouds,few clouds,18
Tiszaalpár alsó,46.790897,19.951409,2026-05-02 18:51:04.122047,17.12,16.14,14.38,17.12,1021,48,1.87,105,12,0.0,Clouds,few clouds,18
Tiszatenyő,47.134167,20.3725,2026-05-02 18:51:05.317228,15.02,13.73,15.01,15.02,1021,44,1.03,20,0,0.0,Clear,clear sky,18
Pusztapó,47.091667,20.458333,2026-05-02 18:51:06.520019,15.03,13.74,15.01,15.03,1021,44,1.03,20,0,0.0,Clear,clear sky,18
Kétpó,47.076944,20.487778,2026-05-02 18:51:07.727752,15.03,13.74,15.01,15.03,1021,44,1.03,20,0,0.0,Clear,clear sky,18
Mezőtúr,47.0125,20.622778,2026-05-02 18:51:08.923116,14.96,13.9,14.96,14.96,1021,53,2.05,153,1,0.0,Clear,clear sky,18
Nagylapos,46.974167,20.750556,2026-05-02 18:51:10.115909,14.76,13.73,14.76,14.76,1021,55,1.75,132,6,0.0,Clear,clear sky,18
Gyoma,46.925833,20.821667,2026-05-02 18:51:11.314637,14.69,13.65,14.69,14.69,1021,55,1.7,117,6,0.0,Clear,clear sky,18
Csárdaszállás,46.861111,20.932778,2026-05-02 18:51:12.506481,11.11,9.69,11.11,11.11,1021,54,1.89,94,13,0.0,Clouds,few clouds,18
Mezőberény,46.814722,21.013056,2026-05-02 18:51:13.712760,11.1,9.6,11.1,11.1,1021,51,2.1,83,14,0.0,Clouds,few clouds,18
Murony,46.756944,21.038056,2026-05-02 18:51:14.911746,11.12,9.62,11.12,11.12,1021,51,2.27,78,12,0.0,Clouds,few clouds,18
Békéscsaba,46.669722,21.081667,2026-05-02 18:51:16.104614,11.08,9.58,11.08,11.08,1021,51,2.53,74,11,0.0,Clouds,few clouds,18
Kétegyháza,46.5325,21.171944,2026-05-02 18:51:17.298881,11.06,9.55,11.06,11.06,1021,51,2.89,75,12,0.0,Clouds,few clouds,18
Lőkösháza,46.432222,21.2375,2026-05-02 18:51:18.494299,11.02,9.74,11.02,15.05,1021,60,3.03,76,15,0.0,Clouds,few clouds,18
Kengyel,47.089722,20.339722,2026-05-02 18:51:19.685602,15.0,13.7,14.99,15.0,1021,44,1.03,20,0,0.0,Clear,clear sky,18
Bagimajor,47.061111,20.316667,2026-05-02 18:51:20.884857,15.03,13.74,15.01,15.03,1021,44,1.03,20,0,0.0,Clear,clear sky,18
Martfű,47.019444,20.291667,2026-05-02 18:51:22.086067,15.01,13.72,14.99,15.01,1021,44,1.03,20,0,0.0,Clear,clear sky,18
Tiszaföldvár,46.975556,20.276389,2026-05-02 18:51:23.282078,15.01,13.72,14.99,15.01,1021,44,1.03,20,0,0.0,Clear,clear sky,18
Homok,46.9475,20.270278,2026-05-02 18:51:24.474952,15.0,13.78,15.0,15.01,1021,47,1.03,20,0,0.0,Clear,clear sky,18
Kungyalu,46.910833,20.2675,2026-05-02 18:51:25.668630,15.03,13.92,14.45,15.03,1021,51,2.01,144,6,0.0,Clear,clear sky,18
Kunszentmárton,46.848333,20.293333,2026-05-02 18:51:26.863139,14.43,13.29,14.43,14.43,1021,52,2.04,128,5,0.0,Clear,clear sky,18
Nagytőke,46.763333,20.291667,2026-05-02 18:51:28.064204,14.45,13.36,14.45,14.45,1021,54,2.09,112,4,0.0,Clear,clear sky,18
Szentes,46.657778,20.2725,2026-05-02 18:51:29.266859,14.45,13.36,14.45,14.45,1021,54,1.79,100,5,0.0,Clear,clear sky,18
Szegvár,46.588611,20.249444,2026-05-02 18:51:30.473793,14.45,13.36,14.45,14.45,1021,54,1.79,100,5,0.0,Clear,clear sky,18
Mindszent,46.524167,20.194167,2026-05-02 18:51:31.676477,14.46,13.37,14.46,14.46,1021,54,2.55,81,7,0.0,Clear,clear sky,18
Mártély,46.473333,20.236111,2026-05-02 18:51:32.870020,14.47,13.43,14.47,14.53,1021,56,2.7,74,7,0.0,Clear,clear sky,18
Pusztabánréve,46.939898,20.556809,2026-05-02 18:51:34.065258,14.93,13.86,14.93,14.93,1021,53,1.91,141,0,0.0,Clear,clear sky,18
Szarvas,46.860833,20.566667,2026-05-02 18:51:35.262382,14.83,13.78,14.83,14.83,1021,54,1.86,124,0,0.0,Clear,clear sky,18
Csabacsűd,46.823056,20.663333,2026-05-02 18:51:36.470855,14.73,13.67,14.73,14.73,1021,54,1.8,107,0,0.0,Clear,clear sky,18
Kisszénás,46.751389,20.721389,2026-05-02 18:51:37.662101,14.65,13.58,14.65,14.65,1021,54,1.83,89,3,0.0,Clear,clear sky,18
Kiscsákó,46.719167,20.717778,2026-05-02 18:51:38.855043,14.59,13.51,14.59,14.59,1021,54,1.96,78,2,0.0,Clear,clear sky,18
Nagyszénás,46.672778,20.674167,2026-05-02 18:51:40.046151,14.56,13.51,14.56,14.56,1021,55,2.04,75,0,0.0,Clear,clear sky,18
Kardoskút,46.498056,20.6975,2026-05-02 18:51:41.239714,14.42,13.41,14.42,14.42,1021,57,2.84,48,0,0.0,Clear,clear sky,18
Tótkomlós,46.409167,20.726944,2026-05-02 18:51:42.443846,14.34,13.34,14.34,14.34,1021,58,3.22,44,3,0.0,Clear,clear sky,18
Nagyér,46.365278,20.738333,2026-05-02 18:51:43.639956,14.34,13.37,14.34,14.34,1021,59,3.44,42,5,0.0,Clear,clear sky,18
Pitvaros,46.326175,20.746446,2026-05-02 18:51:44.831426,14.32,13.35,14.32,14.32,1021,59,3.54,41,7,0.0,Clear,clear sky,18
Dévaványa,47.033889,20.943333,2026-05-02 18:51:46.021922,14.66,13.59,14.66,14.66,1021,54,1.86,125,16,0.0,Clouds,few clouds,18
Körösladány,46.97,21.085833,2026-05-02 18:51:47.219646,14.62,13.52,14.62,14.62,1021,53,2.03,104,20,0.0,Clouds,few clouds,18
Szeghalom,47.015278,21.148333,2026-05-02 18:51:48.419911,14.65,13.55,14.65,14.65,1021,53,2.09,110,23,0.0,Clouds,few clouds,18
Vésztő,46.938889,21.263611,2026-05-02 18:51:49.615674,14.65,13.53,14.65,14.65,1021,52,2.37,95,37,0.0,Clouds,scattered clouds,18
Szeged-Rókus,46.266111,20.125278,2026-05-02 18:51:50.813969,14.52,13.49,14.52,14.52,1021,56,2.91,57,7,0.0,Clear,clear sky,18
Algyő,46.335556,20.196111,2026-05-02 18:51:52.002704,14.54,13.54,14.54,14.54,1021,57,2.96,60,7,0.0,Clear,clear sky,18
Hódmezővásárhelyi Népkert,46.403333,20.312778,2026-05-02 18:51:53.197893,14.46,13.42,14.46,14.46,1021,56,2.95,62,7,0.0,Clear,clear sky,18
Hódmezővásárhely,46.413333,20.34,2026-05-02 18:51:54.392683,14.45,13.41,14.45,14.45,1021,56,2.97,60,6,0.0,Clear,clear sky,18
Körmend,47.016389,16.599167,2026-05-02 18:51:55.592541,17.2,16.41,17.2,17.2,1021,55,0.71,108,0,0.0,Clear,clear sky,18
Szentgotthárd,46.957222,16.263056,2026-05-02 18:51:56.790142,17.16,16.39,17.16,17.16,1021,56,0.84,98,0,0.0,Clear,clear sky,18
Szombathely,47.237778,16.6325,2026-05-02 18:51:57.979647,13.37,12.17,13.37,13.37,1021,54,0.06,211,0,0.0,Clear,clear sky,18
Sáferkút,48.010278,19.071389,2026-05-02 18:51:59.174278,15.44,14.42,15.44,15.44,1021,53,2.59,138,85,0.0,Clouds,overcast clouds,18
Magdolnavölgy,47.6475,18.818889,2026-05-02 18:52:00.370412,16.36,15.38,15.92,16.5,1021,51,2.39,149,55,0.0,Clouds,broken clouds,18
Haris,46.964722,16.2825,2026-05-02 18:52:01.569963,17.17,16.4,17.17,17.17,1020,56,0.86,99,0,0.0,Clear,clear sky,18
Egyházasrádóc,47.091389,16.62,2026-05-02 18:52:02.770230,17.01,16.2,17.01,17.01,1021,55,0.52,108,0,0.0,Clear,clear sky,18
Alsórönök,46.964167,16.379444,2026-05-02 18:52:03.963235,17.18,16.42,17.18,17.18,1021,56,0.86,101,0,0.0,Clear,clear sky,18
Szombathely-Szőlős,47.206389,16.641667,2026-05-02 18:52:05.157793,13.43,12.24,13.43,13.43,1021,54,0.1,127,0,0.0,Clear,clear sky,18
Rátót,46.9675,16.433056,2026-05-02 18:52:06.364996,17.03,16.25,17.03,17.03,1021,56,0.84,103,0,0.0,Clear,clear sky,18
Ják-Balogunyom,47.161389,16.630556,2026-05-02 18:52:07.563059,13.49,12.33,13.49,13.49,1021,55,0.33,108,0,0.0,Clear,clear sky,18
Vasvár,47.056944,16.800278,2026-05-02 18:52:08.754054,17.21,16.4,17.21,17.21,1021,54,0.52,85,0,0.0,Clear,clear sky,18
Répcelak,47.418889,17.008889,2026-05-02 18:52:09.952935,17.4,16.53,17.4,17.4,1020,51,0.5,163,0,0.0,Clear,clear sky,18
Rajka,47.995556,17.191389,2026-05-02 18:52:11.144230,20.01,19.03,20.01,20.01,1020,37,1.54,240,0,0.0,Clear,clear sky,18
Püspökmolnári,47.086111,16.7675,2026-05-02 18:52:12.347683,17.22,16.41,17.22,17.22,1021,54,0.54,99,0,0.0,Clear,clear sky,18
Kőszeg,47.382222,16.556389,2026-05-02 18:52:13.549829,12.97,11.84,12.97,12.97,1021,58,0.83,260,0,0.0,Clear,clear sky,18
Kastélypark,47.390278,18.988333,2026-05-02 18:52:14.754043,17.25,16.23,16.72,17.3,1020,46,2.61,138,15,0.0,Clouds,few clouds,18
Hanságliget,47.72,17.215556,2026-05-02 18:52:15.946714,17.57,16.66,17.57,17.57,1020,49,1.71,186,0,0.0,Clear,clear sky,18
Vica,47.477778,17.111944,2026-05-02 18:52:17.151506,17.43,16.56,17.43,17.43,1020,51,0.63,158,0,0.0,Clear,clear sky,18
Vép,47.235833,16.7275,2026-05-02 18:52:18.352883,13.51,12.33,13.51,13.51,1021,54,0.09,180,0,0.0,Clear,clear sky,18
Mosonszolnok,47.8525,17.160278,2026-05-02 18:52:19.552501,17.56,16.65,17.56,17.56,1020,49,1.98,206,0,0.0,Clear,clear sky,18
Jánossomorja,47.789167,17.1375,2026-05-02 18:52:20.749370,17.58,16.67,17.58,17.58,1020,49,1.89,192,0,0.0,Clear,clear sky,18
Bősárkány,47.685556,17.234167,2026-05-02 18:52:21.957804,17.56,16.65,17.56,17.56,1020,49,1.53,180,0,0.0,Clear,clear sky,18
Szil-Sopronnémeti,47.533333,17.209444,2026-05-02 18:52:23.151502,17.15,16.23,17.15,17.15,1020,50,0.91,164,0,0.0,Clear,clear sky,18
Magyarkeresztúr-Zsebeháza,47.514167,17.176111,2026-05-02 18:52:24.345037,17.14,16.22,17.14,17.14,1020,50,0.82,162,0,0.0,Clear,clear sky,18
Páli-Vadosfa,47.4925,17.137778,2026-05-02 18:52:25.541646,17.45,16.56,17.45,17.45,1020,50,0.72,160,0,0.0,Clear,clear sky,18
Beled,47.466667,17.084444,2026-05-02 18:52:26.740513,17.43,16.56,17.43,17.43,1020,51,0.63,158,0,0.0,Clear,clear sky,18
Dénesfa,47.448611,17.054722,2026-05-02 18:52:27.938274,17.43,16.56,17.43,17.43,1020,51,0.57,164,0,0.0,Clear,clear sky,18
Csánig,47.430278,17.026111,2026-05-02 18:52:29.133970,17.43,16.56,17.43,17.43,1020,51,0.62,172,0,0.0,Clear,clear sky,18
Vámoscsalád,47.385556,16.961667,2026-05-02 18:52:30.334862,13.76,12.55,13.76,13.76,1020,52,0.47,175,0,0.0,Clear,clear sky,18
Vasegerszeg,47.375,16.928889,2026-05-02 18:52:31.528104,13.77,12.56,13.77,13.77,1021,52,0.43,189,0,0.0,Clear,clear sky,18
Hegyfalu,47.357778,16.898333,2026-05-02 18:52:32.730512,13.76,12.55,13.76,13.76,1021,52,0.43,189,0,0.0,Clear,clear sky,18
Pósfa,47.326944,16.855833,2026-05-02 18:52:33.954800,13.74,12.53,13.74,13.74,1021,52,0.34,195,0,0.0,Clear,clear sky,18
Ölbő-Alsószeleste,47.300556,16.843056,2026-05-02 18:52:35.148905,13.72,12.53,13.72,13.72,1021,53,0.26,203,0,0.0,Clear,clear sky,18
Gencsapáti felső,47.299722,16.593889,2026-05-02 18:52:36.340933,13.23,12.12,13.23,13.23,1021,58,0.4,269,0,0.0,Clear,clear sky,18
Lukácsháza alsó,47.326389,16.586389,2026-05-02 18:52:37.539157,13.17,12.06,13.17,13.17,1021,58,0.54,263,0,0.0,Clear,clear sky,18
Kőszegfalva,47.361667,16.567778,2026-05-02 18:52:38.736920,13.06,11.94,13.06,13.06,1021,58,0.68,265,0,0.0,Clear,clear sky,18
Gyöngyöshermán,47.202778,16.657222,2026-05-02 18:52:39.930385,13.45,12.26,13.45,13.45,1021,54,0.1,127,0,0.0,Clear,clear sky,18
Bezenye,47.973611,17.207222,2026-05-02 18:52:41.125887,20.02,19.36,20.02,20.02,1020,49,2.21,223,0,0.0,Clear,clear sky,18
Kámon,47.254534,16.625769,2026-05-02 18:52:42.324000,13.33,12.23,13.33,13.33,1021,58,0.16,248,0,0.0,Clear,clear sky,18
Sorkifalud,47.1375,16.719167,2026-05-02 18:52:43.518040,17.22,16.41,17.22,17.22,1021,54,0.41,104,0,0.0,Clear,clear sky,18
Szentléránt,47.12,16.735556,2026-05-02 18:52:44.721284,17.22,16.41,17.22,17.22,1021,54,0.41,104,0,0.0,Clear,clear sky,18
Pácsony,47.009722,16.833611,2026-05-02 18:52:45.921534,17.16,16.34,17.16,17.16,1021,54,0.56,70,0,0.0,Clear,clear sky,18
Győrvár,46.99,16.840556,2026-05-02 18:52:47.112873,17.16,16.34,17.16,17.16,1021,54,0.56,70,0,0.0,Clear,clear sky,18
Egervár-Vasboldogasszony,46.942222,16.862222,2026-05-02 18:52:48.318525,17.36,16.54,17.36,17.36,1021,53,0.64,53,0,0.0,Clear,clear sky,18
Zalaszentlőrinc,46.913889,16.8775,2026-05-02 18:52:49.511351,17.34,16.54,17.34,17.34,1021,54,0.68,50,0,0.0,Clear,clear sky,18
Gencsapáti alsó,47.285833,16.6,2026-05-02 18:52:50.709016,13.26,12.16,13.26,13.26,1021,58,0.27,274,0,0.0,Clear,clear sky,18
Gyöngyösfalu,47.316111,16.59,2026-05-02 18:52:51.905179,13.19,12.08,13.19,13.19,1021,58,0.4,269,0,0.0,Clear,clear sky,18
Lukácsháza,47.341111,16.580556,2026-05-02 18:52:53.111470,13.12,12.0,13.12,13.12,1021,58,0.54,271,0,0.0,Clear,clear sky,18
Horvátnádalja,47.005278,16.544444,2026-05-02 18:52:54.310664,17.22,16.43,17.22,17.22,1021,55,0.76,107,0,0.0,Clear,clear sky,18
Csákánydoroszló,46.978333,16.499722,2026-05-02 18:52:55.503263,17.2,16.44,17.2,17.2,1021,56,0.82,103,0,0.0,Clear,clear sky,18
Váckisújfalu,47.705,19.340278,2026-05-02 18:52:56.698447,16.31,15.3,16.31,16.31,1021,50,1.61,121,49,0.0,Clouds,scattered clouds,18
Csisztafürdő,46.681411,17.561797,2026-05-02 18:52:57.893318,16.97,16.08,16.97,16.97,1021,52,2.77,182,0,0.0,Clear,clear sky,18
Mórágy,46.236021,18.627255,2026-05-02 18:52:59.086705,14.84,13.92,14.84,14.84,1021,59,0.67,105,10,0.0,Clear,clear sky,18
Kismacs,47.551111,21.542778,2026-05-02 18:53:00.277020,14.9,13.52,14.9,14.9,1021,41,2.06,120,0,0.0,Clear,clear sky,18
Pusztaszentistván,47.439869,19.470254,2026-05-02 18:53:01.472890,16.84,15.6,16.84,16.84,1021,39,4.12,110,0,0.0,Clear,clear sky,18
Aranyvölgy,47.573795,19.017489,2026-05-02 18:53:02.662069,16.8,15.76,16.57,17.15,1021,47,1.34,158,26,0.0,Clouds,scattered clouds,18
Szélhegy,47.601111,18.928056,2026-05-02 18:53:03.860172,16.47,15.4,16.21,16.79,1021,47,2.11,147,30,0.0,Clouds,scattered clouds,18
Vörösvárbánya,47.61,18.913611,2026-05-02 18:53:05.054501,16.42,15.34,16.16,16.75,1021,47,2.11,147,30,0.0,Clouds,scattered clouds,18
Máriaszőlőtelep,46.702778,17.411911,2026-05-02 18:53:06.252193,19.1,18.16,19.1,19.1,1021,42,1.54,340,0,0.0,Clear,clear sky,18
Akadémiaújtelep,47.485724,19.22294,2026-05-02 18:53:07.448900,16.96,15.83,16.53,17.11,1020,43,4.12,110,0,0.0,Clear,clear sky,18
Újpalota,47.5316,19.126206,2026-05-02 18:53:08.644082,16.87,15.79,16.62,17.2,1020,45,4.12,110,0,0.0,Clear,clear sky,18
"Szeged, Somogyi utca",46.250464,20.147713,2026-05-02 18:53:09.833230,14.48,13.45,14.48,14.48,1021,56,2.98,56,7,0.0,Clear,clear sky,18
"Hódmezővásárhely, Hősök tere",46.412183,20.31759,2026-05-02 18:53:11.032086,14.45,13.41,14.45,14.45,1021,56,2.95,62,7,0.0,Clear,clear sky,18
"Hódmezővásárhely, Kossuth tér",46.41465,20.319727,2026-05-02 18:53:12.216008,14.45,13.41,14.45,14.45,1021,56,2.95,62,7,0.0,Clear,clear sky,18
"Hódmezővásárhely, Strandfürdő",46.409147,20.315671,2026-05-02 18:53:13.399623,14.45,13.41,14.45,14.45,1021,56,2.95,62,7,0.0,Clear,clear sky,18
"Szeged, Széchenyi tér",46.252683,20.14935,2026-05-02 18:53:14.586249,14.48,13.45,14.48,14.48,1021,56,2.98,56,7,0.0,Clear,clear sky,18
"Szeged, Anna-kút",46.256184,20.147587,2026-05-02 18:53:15.781069,14.48,13.45,14.48,14.48,1021,56,2.98,56,7,0.0,Clear,clear sky,18
"Szeged, Rókusi templom",46.259255,20.141771,2026-05-02 18:53:16.970980,14.5,13.47,14.5,14.5,1021,56,2.98,56,7,0.0,Clear,clear sky,18
"Hódmezővásárhely, Kálvin János tér",46.416677,20.328532,2026-05-02 18:53:18.167997,14.45,13.41,14.45,14.45,1021,56,2.97,60,6,0.0,Clear,clear sky,18
Hódmezővásárhely vasútállomás,46.413242,20.338701,2026-05-02 18:53:19.352933,14.45,13.41,14.45,14.45,1021,56,2.97,60,6,0.0,Clear,clear sky,18
"Szeged, Tavasz utca",46.260715,20.139055,2026-05-02 18:53:20.537117,14.5,13.47,14.5,14.5,1021,56,2.98,56,7,0.0,Clear,clear sky,18
"Szeged, Damjanich utca",46.262753,20.135248,2026-05-02 18:53:21.721436,14.5,13.47,14.5,14.5,1021,56,2.98,56,7,0.0,Clear,clear sky,18
"Szeged, Vásárhelyi Pál utca",46.264173,20.131109,2026-05-02 18:53:22.917879,14.52,13.49,14.52,14.52,1021,56,2.98,56,7,0.0,Clear,clear sky,18
"Szeged, Bécsi körút ",46.243459,20.143809,2026-05-02 18:53:24.102173,14.5,13.47,14.5,14.5,1021,56,2.99,54,7,0.0,Clear,clear sky,18
Hódmezővásárhelyi Népkert vasútállomás,46.403733,20.312986,2026-05-02 18:53:25.286667,14.46,13.42,14.46,14.46,1021,56,2.95,62,7,0.0,Clear,clear sky,18
Szeged vasútállomás,46.239789,20.142561,2026-05-02 18:53:26.470847,14.5,13.47,14.5,14.5,1021,56,2.99,54,7,0.0,Clear,clear sky,18
"Szeged, Bem utca",46.240198,20.141247,2026-05-02 18:53:27.656160,14.5,13.47,14.5,14.5,1021,56,2.99,54,7,0.0,Clear,clear sky,18
"Szeged, Galamb utca",46.24153,20.142297,2026-05-02 18:53:28.840831,14.5,13.47,14.5,14.5,1021,56,2.99,54,7,0.0,Clear,clear sky,18
"Szeged, Aradi vértanúk tere",46.247839,20.147,2026-05-02 18:53:30.032806,14.48,13.45,14.48,14.48,1021,56,2.98,56,7,0.0,Clear,clear sky,18
"Szeged, Pulz utca",46.264452,20.126061,2026-05-02 18:53:31.217259,14.52,13.49,14.52,14.52,1021,56,2.98,56,7,0.0,Clear,clear sky,18
"Szeged, Rókus vasútállomás",46.266107,20.125686,2026-05-02 18:53:32.401766,14.52,13.49,14.52,14.52,1021,56,2.91,57,7,0.0,Clear,clear sky,18
Látókép,47.55787,21.524373,2026-05-02 18:53:33.607082,14.88,13.49,14.88,14.88,1021,41,2.06,120,0,0.0,Clear,clear sky,18
Szentmihálytelek,46.2229,20.0808,2026-05-02 18:53:34.805687,14.52,13.49,14.52,14.52,1021,56,2.85,57,8,0.0,Clear,clear sky,18
Kisvarsány,48.144356,22.297397,2026-05-02 18:53:36.005685,13.21,11.92,13.21,13.21,1022,51,3.65,55,27,0.0,Clouds,scattered clouds,18
