station_name,station_lat,station_lon,observation_time,temp,feels_like,temp_min,temp_max,pressure,humidity,wind_speed,wind_deg,clouds,precipitation_1h,weather_main,weather_description,collection_hour
Búcsúszentlászló,46.793056,16.932778,2026-06-12 13:29:02.543299,23.04,22.5,23.04,23.04,1022,42,2.11,333,100,0.0,Clouds,overcast clouds,13
Angyalföld,47.549722,19.09,2026-06-12 13:29:03.703089,22.35,21.68,21.11,23.73,1020,40,4.47,317,7,0.0,Clear,clear sky,13
Felsőjánosfa,46.841389,16.544167,2026-06-12 13:29:04.866234,23.06,22.62,23.06,23.06,1022,46,2.79,317,100,0.0,Clouds,overcast clouds,13
Pankasz,46.835833,16.496111,2026-06-12 13:29:06.021673,22.91,22.48,22.91,22.91,1022,47,2.57,326,100,0.0,Clouds,overcast clouds,13
Nagyrákos,46.827222,16.455556,2026-06-12 13:29:07.179455,22.95,22.55,22.95,22.95,1022,48,2.5,332,100,0.0,Clouds,overcast clouds,13
Őriszentpéter,46.828889,16.415278,2026-06-12 13:29:08.350246,23.12,22.77,23.12,23.12,1022,49,2.44,345,99,0.0,Clouds,overcast clouds,13
Törökbálint,47.45,18.908611,2026-06-12 13:29:09.504493,20.93,20.23,20.16,22.53,1020,44,0.45,39,12,0.0,Clouds,few clouds,13
Bicske alsó,47.486389,18.642778,2026-06-12 13:29:10.659935,20.05,19.16,20.05,20.78,1020,40,5.38,321,10,0.0,Clear,clear sky,13
Bajánsenye,46.818056,16.358056,2026-06-12 13:29:11.814842,23.43,23.11,23.43,23.43,1022,49,2.26,350,99,0.0,Clouds,overcast clouds,13
Aquincum,47.566218,19.048273,2026-06-12 13:29:12.981961,22.34,21.67,21.14,23.76,1020,40,4.47,317,9,0.0,Clear,clear sky,13
Piliscsév,47.673889,18.791389,2026-06-12 13:29:14.146496,20.22,19.45,19.99,22.37,1020,44,4.95,314,8,0.0,Clear,clear sky,13
Tát,47.741201,18.64783,2026-06-12 13:29:15.293506,20.4,19.54,20.4,20.4,1020,40,4.66,316,6,0.0,Clear,clear sky,13
Süttő felső,47.756667,18.437222,2026-06-12 13:29:16.448846,21.69,20.96,21.69,21.69,1020,40,5.13,312,9,0.0,Clear,clear sky,13
Budatétény,47.405,19.016389,2026-06-12 13:29:17.603902,23.0,22.43,21.18,23.8,1020,41,2.68,293,11,0.0,Clouds,few clouds,13
Seregélyes-Szőlőhegy,47.119444,18.612222,2026-06-12 13:29:18.761918,22.28,21.5,22.28,22.28,1021,36,5.58,325,10,0.0,Clear,clear sky,13
Gödöllő-Állami telepek,47.564444,19.375556,2026-06-12 13:29:19.910078,25.09,24.49,21.67,25.15,1020,32,5.05,316,5,0.0,Clear,clear sky,13
Dunakeszi alsó,47.607778,19.128889,2026-06-12 13:29:21.072141,22.4,21.74,21.11,23.73,1020,40,4.47,317,7,0.0,Clear,clear sky,13
Vác-Alsóváros,47.773056,19.149722,2026-06-12 13:29:22.226634,22.73,22.1,20.36,22.73,1020,40,5.13,304,6,0.0,Clear,clear sky,13
Szob alsó,47.816667,18.8725,2026-06-12 13:29:23.375818,20.27,19.42,20.27,20.27,1020,41,5.26,307,6,0.0,Clear,clear sky,13
Zalaszentmihály-Pacsa,46.7225,16.951944,2026-06-12 13:29:24.528987,23.21,22.68,23.21,23.21,1022,42,1.77,328,100,0.0,Clouds,overcast clouds,13
Pötréte,46.682778,16.9575,2026-06-12 13:29:25.693296,23.4,22.89,23.4,23.4,1022,42,1.57,320,100,0.0,Clouds,overcast clouds,13
Felsőrajk,46.667222,16.982778,2026-06-12 13:29:26.846833,23.35,22.84,23.35,23.35,1022,42,1.64,330,100,0.0,Clouds,overcast clouds,13
Gelse,46.600556,16.982778,2026-06-12 13:29:28.003953,23.59,23.08,23.59,23.59,1022,41,1.59,317,100,0.0,Clouds,overcast clouds,13
Őrtilos,46.297778,16.887778,2026-06-12 13:29:29.159802,24.64,24.2,24.64,24.64,1022,40,2.84,306,99,0.0,Clouds,overcast clouds,13
Zákány,46.251944,16.9425,2026-06-12 13:29:30.321806,24.37,23.88,24.37,24.37,1022,39,2.71,304,98,0.0,Clouds,overcast clouds,13
Berzence,46.201389,17.143611,2026-06-12 13:29:31.480613,24.26,23.79,24.26,24.26,1022,40,2.66,300,93,0.0,Clouds,overcast clouds,13
Somogyudvarhely,46.163333,17.179722,2026-06-12 13:29:32.638806,24.16,23.7,24.16,24.16,1022,41,2.72,301,86,0.0,Clouds,overcast clouds,13
Bélavár,46.122778,17.207778,2026-06-12 13:29:33.807954,24.18,23.75,24.18,24.18,1022,42,2.78,306,68,0.0,Clouds,broken clouds,13
Vízvár,46.101389,17.239444,2026-06-12 13:29:34.961542,24.03,23.59,24.03,24.03,1022,42,2.81,309,56,0.0,Clouds,broken clouds,13
Babócsa,46.028359,17.342276,2026-06-12 13:29:36.117775,24.02,23.57,24.02,24.02,1022,42,2.91,317,28,0.0,Clouds,scattered clouds,13
Péterhida-Komlósd,46.006667,17.358056,2026-06-12 13:29:37.270690,24.07,23.63,24.07,24.07,1022,42,2.95,321,20,0.0,Clouds,few clouds,13
Barcs,45.951944,17.446944,2026-06-12 13:29:38.427909,24.06,23.62,24.06,24.06,1022,42,3.25,330,17,0.0,Clouds,few clouds,13
Barcs felső,45.958333,17.486389,2026-06-12 13:29:39.589141,23.92,23.46,23.92,23.92,1022,42,3.38,332,19,0.0,Clouds,few clouds,13
Középrigóc,45.970556,17.525,2026-06-12 13:29:40.741526,23.78,23.34,23.78,23.78,1022,43,3.52,333,20,0.0,Clouds,few clouds,13
Darány,45.992222,17.598611,2026-06-12 13:29:41.894713,23.66,23.2,23.66,23.66,1022,43,3.85,333,18,0.0,Clouds,few clouds,13
Kisdobsza,46.012222,17.668056,2026-06-12 13:29:43.058004,23.58,23.14,23.58,23.58,1022,44,4.03,333,16,0.0,Clouds,few clouds,13
Nemeske,46.023333,17.705278,2026-06-12 13:29:44.212521,23.53,23.09,23.53,23.53,1022,44,4.12,333,16,0.0,Clouds,few clouds,13
Molvány,46.035278,17.748611,2026-06-12 13:29:45.382274,23.43,22.98,23.43,23.43,1022,44,4.22,334,17,0.0,Clouds,few clouds,13
Szigetvár,46.043333,17.801944,2026-06-12 13:29:46.545084,23.34,22.88,23.34,23.34,1022,44,4.3,334,18,0.0,Clouds,few clouds,13
Nagypeterd,46.039444,17.871667,2026-06-12 13:29:47.700171,23.23,22.78,23.23,23.23,1022,45,4.44,334,18,0.0,Clouds,few clouds,13
Szentdénes,46.036667,17.926944,2026-06-12 13:29:48.867414,23.12,22.66,23.12,23.12,1022,45,4.5,334,18,0.0,Clouds,few clouds,13
Háros,47.412222,19.035,2026-06-12 13:29:50.024222,22.97,22.37,21.14,23.76,1020,40,2.68,293,11,0.0,Clouds,few clouds,13
Nagytétény-Diósd,47.398333,18.974444,2026-06-12 13:29:51.177767,22.9,22.32,21.17,23.79,1020,41,2.68,293,12,0.0,Clouds,few clouds,13
Érdliget,47.390278,18.937778,2026-06-12 13:29:52.331780,22.74,22.14,21.09,23.71,1020,41,2.68,293,12,0.0,Clouds,few clouds,13
Érd felső,47.381111,18.922222,2026-06-12 13:29:53.491557,21.26,20.59,20.32,22.7,1020,44,5.6,316,12,0.0,Clouds,few clouds,13
Érd,47.369722,18.900833,2026-06-12 13:29:54.645967,21.19,20.51,20.29,22.66,1020,44,5.7,318,12,0.0,Clouds,few clouds,13
Százhalombatta,47.322222,18.899167,2026-06-12 13:29:55.800489,21.22,20.36,20.27,22.65,1020,37,5.85,320,11,0.0,Clouds,few clouds,13
Dunai Finomító,47.294444,18.878889,2026-06-12 13:29:56.954403,23.43,22.82,20.84,23.46,1020,38,5.86,323,9,0.0,Clear,clear sky,13
Ercsi,47.247222,18.875278,2026-06-12 13:29:58.108194,23.68,23.07,21.07,23.69,1020,37,5.88,323,8,0.0,Clear,clear sky,13
Iváncsa,47.177778,18.811944,2026-06-12 13:29:59.268477,22.14,21.38,22.14,22.14,1020,37,5.78,324,6,0.0,Clear,clear sky,13
Pusztaszabolcs,47.139722,18.761667,2026-06-12 13:30:00.428769,22.08,21.26,22.08,22.08,1020,35,5.93,322,6,0.0,Clear,clear sky,13
Szabadegyháza,47.082778,18.704167,2026-06-12 13:30:01.582179,22.17,21.36,22.17,22.17,1020,35,6.08,320,10,0.0,Clear,clear sky,13
Sárosd,47.039722,18.660278,2026-06-12 13:30:02.735607,22.24,21.43,22.24,22.24,1020,35,6.29,318,16,0.0,Clouds,few clouds,13
Nagylók,46.979444,18.635833,2026-06-12 13:30:03.889905,22.27,21.47,22.27,22.27,1020,35,6.04,320,13,0.0,Clouds,few clouds,13
Sárbogárd,46.896944,18.611944,2026-06-12 13:30:05.052264,22.58,21.83,22.58,22.58,1021,36,5.88,320,14,0.0,Clouds,few clouds,13
Rétszilas,46.814167,18.601389,2026-06-12 13:30:06.210972,22.72,22.01,22.72,22.72,1021,37,5.62,321,14,0.0,Clouds,few clouds,13
Nagyatád,46.228611,17.354167,2026-06-12 13:30:07.371632,24.36,24.08,24.36,24.36,1022,47,3.21,317,80,0.0,Clouds,broken clouds,13
Budapest-Keleti,47.500278,19.084167,2026-06-12 13:30:08.516136,22.26,21.59,20.36,23.71,1020,40,3.13,271,9,0.0,Clear,clear sky,13
Ferencváros,47.468611,19.088056,2026-06-12 13:30:09.693755,22.0,21.3,21.11,23.73,1020,40,2.68,293,8,0.0,Clear,clear sky,13
Budapest-Nyugati,47.510833,19.0575,2026-06-12 13:30:10.846759,21.71,21.01,21.1,23.72,1020,41,4.47,317,8,0.0,Clear,clear sky,13
Kőbánya felső,47.491944,19.133889,2026-06-12 13:30:12.000810,21.67,20.88,21.03,23.65,1020,38,4.47,317,8,0.0,Clear,clear sky,13
Rákos,47.488889,19.174722,2026-06-12 13:30:13.165084,21.79,21.02,20.99,23.61,1020,38,1.79,351,8,0.0,Clear,clear sky,13
Rákosrendező,47.525556,19.089444,2026-06-12 13:30:14.320841,22.14,21.45,21.13,23.75,1020,40,4.47,317,8,0.0,Clear,clear sky,13
Zugló,47.511389,19.101389,2026-06-12 13:30:15.474252,21.95,21.25,21.09,23.71,1020,40,4.47,317,8,0.0,Clear,clear sky,13
Mezőtárkány,47.725,20.480278,2026-06-12 13:30:16.635084,25.29,25.05,25.29,25.29,1019,45,4.01,255,69,0.0,Clouds,broken clouds,13
Istvántelek,47.550278,19.106389,2026-06-12 13:30:17.792559,22.36,21.7,21.12,23.74,1020,40,4.47,317,8,0.0,Clear,clear sky,13
Rákospalota-Újpest,47.565833,19.111944,2026-06-12 13:30:18.946004,22.39,21.73,21.11,23.73,1020,40,4.47,317,8,0.0,Clear,clear sky,13
Kőbánya alsó,47.483056,19.127222,2026-06-12 13:30:20.102553,21.61,20.84,21.04,23.66,1020,39,4.47,317,8,0.0,Clear,clear sky,13
Kőbánya-Kispest,47.463889,19.149444,2026-06-12 13:30:21.259392,21.9,21.16,21.04,23.66,1020,39,1.79,351,8,0.0,Clear,clear sky,13
Pestszentlőrinc,47.454722,19.182778,2026-06-12 13:30:22.416299,22.01,21.26,20.98,23.6,1020,38,4.9,310,9,0.0,Clear,clear sky,13
Kispest,47.448135,19.157552,2026-06-12 13:30:23.573340,22.22,21.52,21.05,23.67,1020,39,1.79,351,9,0.0,Clear,clear sky,13
Újpest,47.558889,19.079722,2026-06-12 13:30:24.724172,22.4,21.74,21.12,23.74,1020,40,4.47,317,8,0.0,Clear,clear sky,13
Pestszentimre felső,47.413611,19.173333,2026-06-12 13:30:25.875159,22.66,22.0,21.08,23.69,1020,39,5.04,310,9,0.0,Clear,clear sky,13
Dunakeszi,47.626111,19.136111,2026-06-12 13:30:27.030085,22.3,21.63,21.02,23.64,1020,40,4.47,317,8,0.0,Clear,clear sky,13
Dunakeszi-Gyártelep,47.643611,19.135,2026-06-12 13:30:28.177473,22.54,21.89,20.28,23.63,1020,40,1.34,193,7,0.0,Clear,clear sky,13
Alsógöd,47.676944,19.134444,2026-06-12 13:30:29.324683,22.38,21.64,20.36,23.71,1020,37,4.7,308,7,0.0,Clear,clear sky,13
Göd,47.687778,19.1375,2026-06-12 13:30:30.475398,22.34,21.6,21.08,23.69,1020,37,4.7,313,8,0.0,Clear,clear sky,13
Felsőgöd,47.705556,19.143333,2026-06-12 13:30:31.623911,22.68,21.97,20.39,22.77,1020,37,4.8,312,8,0.0,Clear,clear sky,13
Sződ-Sződliget,47.728056,19.154722,2026-06-12 13:30:32.768551,23.1,22.51,20.38,23.3,1020,40,4.89,307,7,0.0,Clear,clear sky,13
Vác,47.782778,19.133056,2026-06-12 13:30:33.916176,22.73,22.1,20.36,22.73,1020,40,5.13,304,6,0.0,Clear,clear sky,13
Verőce,47.823889,19.029444,2026-06-12 13:30:35.064693,22.66,22.05,22.66,22.66,1020,41,5.34,302,5,0.0,Clear,clear sky,13
Kismaros,47.8275,19.010278,2026-06-12 13:30:36.237591,20.32,19.48,20.32,20.32,1020,41,4.98,309,7,0.0,Clear,clear sky,13
Nagymaros-Visegrád,47.791389,18.959167,2026-06-12 13:30:37.397009,20.34,19.5,20.34,22.72,1020,41,5.13,305,5,0.0,Clear,clear sky,13
Nagymaros,47.780278,18.952222,2026-06-12 13:30:38.552668,20.42,19.56,20.42,22.79,1020,40,4.73,312,6,0.0,Clear,clear sky,13
Zebegény,47.801389,18.908889,2026-06-12 13:30:39.698237,20.27,19.42,20.27,22.64,1020,41,5.12,306,5,0.0,Clear,clear sky,13
Szob,47.821111,18.861944,2026-06-12 13:30:40.854549,20.35,19.51,20.35,20.35,1020,41,5.36,308,5,0.0,Clear,clear sky,13
Alagimajor,47.601944,19.153889,2026-06-12 13:30:42.005995,22.36,21.7,21.06,23.68,1020,40,4.47,317,8,0.0,Clear,clear sky,13
Fót,47.611389,19.181667,2026-06-12 13:30:43.159794,22.26,21.59,20.96,23.58,1020,40,4.68,313,7,0.0,Clear,clear sky,13
Fótújfalu,47.615,19.192778,2026-06-12 13:30:44.305834,22.63,21.97,20.17,23.52,1020,39,4.6,309,7,0.0,Clear,clear sky,13
Csomád,47.635556,19.222778,2026-06-12 13:30:45.460471,21.89,21.1,20.58,23.2,1020,37,4.85,312,7,0.0,Clear,clear sky,13
Veresegyház,47.649167,19.288611,2026-06-12 13:30:46.614498,22.28,21.53,20.73,22.38,1020,37,5.38,312,6,0.0,Clear,clear sky,13
Erdőkertes,47.662222,19.295833,2026-06-12 13:30:47.766440,22.24,21.51,20.69,22.33,1020,38,5.38,312,6,0.0,Clear,clear sky,13
Őrbottyán,47.685833,19.283611,2026-06-12 13:30:48.914180,23.42,22.84,21.66,25.14,1020,39,5.06,311,5,0.0,Clear,clear sky,13
Váchartyán,47.725833,19.248889,2026-06-12 13:30:50.072161,22.61,21.94,22.61,24.39,1020,39,5.54,308,5,0.0,Clear,clear sky,13
Magyarkút-Verőce,47.826111,19.044444,2026-06-12 13:30:51.225097,22.73,22.13,22.73,22.73,1020,41,5.0,308,7,0.0,Clear,clear sky,13
Szokolya,47.871111,19.030556,2026-06-12 13:30:52.380493,20.75,19.95,20.75,20.75,1020,41,5.29,304,7,0.0,Clear,clear sky,13
Berkenye,47.885278,19.071944,2026-06-12 13:30:53.525914,21.59,20.9,21.59,21.59,1020,42,5.72,298,4,0.0,Clear,clear sky,13
Nógrád,47.901944,19.0475,2026-06-12 13:30:54.683691,21.18,20.45,21.18,21.18,1020,42,5.44,302,7,0.0,Clear,clear sky,13
Diósjenő,47.94,19.049444,2026-06-12 13:30:55.849497,20.89,20.13,20.89,20.89,1020,42,5.57,301,7,0.0,Clear,clear sky,13
Borsosberény,47.971389,19.093056,2026-06-12 13:30:57.005562,21.85,21.19,21.85,21.85,1020,42,5.85,294,6,0.0,Clear,clear sky,13
Nagyoroszi,47.993611,19.101111,2026-06-12 13:30:58.157850,21.78,21.11,21.78,21.78,1020,42,5.95,292,6,0.0,Clear,clear sky,13
Drégelyvár,48.001944,19.079444,2026-06-12 13:30:59.315435,22.02,21.37,22.02,22.02,1020,42,5.91,294,6,0.0,Clear,clear sky,13
Drégely,48.042222,19.056111,2026-06-12 13:31:00.493938,22.47,21.87,22.47,22.47,1020,42,5.96,293,7,0.0,Clear,clear sky,13
Drégelypalánk,48.055,19.046111,2026-06-12 13:31:01.640848,22.43,21.83,22.43,22.43,1020,42,6.44,290,6,0.0,Clear,clear sky,13
Ipolyvece,48.056944,19.106389,2026-06-12 13:31:02.789625,22.69,22.11,22.69,22.69,1020,42,6.42,287,6,0.0,Clear,clear sky,13
Dejtár,48.045556,19.196389,2026-06-12 13:31:03.943269,22.78,22.18,22.78,22.78,1020,41,6.25,286,6,0.0,Clear,clear sky,13
Ipolyszög,48.054444,19.221944,2026-06-12 13:31:05.096707,22.96,22.38,22.96,22.96,1020,41,6.35,285,6,0.0,Clear,clear sky,13
Iklad-Domony,47.658056,19.444444,2026-06-12 13:31:06.253544,24.42,23.94,24.42,24.42,1020,39,5.62,311,6,0.0,Clear,clear sky,13
Iklad-Domony felső,47.667778,19.428056,2026-06-12 13:31:07.405471,24.4,23.91,22.62,24.4,1020,39,5.64,309,6,0.0,Clear,clear sky,13
Galgamácsa,47.693889,19.3925,2026-06-12 13:31:08.557803,24.39,23.93,22.61,24.39,1020,40,5.67,308,5,0.0,Clear,clear sky,13
Vácrátót,47.732778,19.217778,2026-06-12 13:31:09.717654,22.53,21.86,22.53,24.31,1020,39,5.25,310,6,0.0,Clear,clear sky,13
Csörög,47.735833,19.196389,2026-06-12 13:31:10.873358,22.52,21.85,20.16,22.53,1020,39,5.08,311,7,0.0,Clear,clear sky,13
Galgagyörk,47.735278,19.372222,2026-06-12 13:31:12.027997,24.29,23.82,22.51,24.29,1020,40,5.74,306,5,0.0,Clear,clear sky,13
Püspökhatvan,47.768611,19.366944,2026-06-12 13:31:13.185265,22.46,21.83,22.46,22.46,1020,41,5.86,301,4,0.0,Clear,clear sky,13
Acsa-Erdőkürt,47.801111,19.386111,2026-06-12 13:31:14.338257,22.39,21.76,22.39,22.39,1020,41,5.92,298,4,0.0,Clear,clear sky,13
Galgaguta,47.848611,19.385556,2026-06-12 13:31:15.489042,22.19,21.54,22.19,22.19,1020,41,5.6,291,3,0.0,Clear,clear sky,13
Nógrádkövesd,47.879444,19.371111,2026-06-12 13:31:16.642396,22.49,21.87,22.49,22.49,1020,41,6.07,289,4,0.0,Clear,clear sky,13
Magyarnándor,47.970833,19.356667,2026-06-12 13:31:17.805582,22.44,21.78,22.44,22.44,1020,40,6.29,283,4,0.0,Clear,clear sky,13
Mohora,47.995556,19.347778,2026-06-12 13:31:18.959044,22.63,21.99,22.63,22.63,1020,40,6.35,282,5,0.0,Clear,clear sky,13
Szügy,48.036389,19.333056,2026-06-12 13:31:20.104674,22.83,22.21,22.83,22.83,1020,40,5.95,280,5,0.0,Clear,clear sky,13
Balassagyarmat,48.071111,19.293611,2026-06-12 13:31:21.273830,23.05,22.45,23.05,23.05,1020,40,6.45,282,6,0.0,Clear,clear sky,13
Őrhalom,48.078773,19.403936,2026-06-12 13:31:22.426575,23.12,22.51,23.12,23.12,1019,39,6.06,280,10,0.0,Clear,clear sky,13
Hugyag,48.083056,19.421111,2026-06-12 13:31:23.592882,23.12,22.51,23.12,23.12,1019,39,6.06,280,10,0.0,Clear,clear sky,13
Szécsény,48.093056,19.521111,2026-06-12 13:31:24.748412,23.59,23.0,23.59,23.59,1019,38,5.64,280,11,0.0,Clouds,few clouds,13
Ludányhalászi,48.1325,19.529444,2026-06-12 13:31:26.049524,23.61,23.02,23.61,23.61,1019,38,5.51,284,12,0.0,Clouds,few clouds,13
Nógrádszakál,48.178333,19.521667,2026-06-12 13:31:27.234382,23.59,23.0,23.59,23.59,1019,38,5.46,286,12,0.0,Clouds,few clouds,13
Ráróspuszta,48.207222,19.541389,2026-06-12 13:31:28.656529,23.07,22.42,23.07,23.07,1019,38,5.38,289,12,0.0,Clouds,few clouds,13
Litke,48.215833,19.598611,2026-06-12 13:31:30.083247,23.68,23.1,23.68,23.68,1019,38,4.99,288,13,0.0,Clouds,few clouds,13
Nyíregyháza külső,47.943056,21.740278,2026-06-12 13:31:31.257879,24.51,24.45,24.51,24.51,1020,55,2.96,331,21,0.56,Rain,light rain,13
Oros,47.945833,21.806389,2026-06-12 13:31:32.411377,24.31,24.26,24.31,24.31,1020,56,3.1,334,29,0.0,Clouds,scattered clouds,13
Napkor,47.948889,21.873056,2026-06-12 13:31:33.564658,24.09,24.04,24.09,24.09,1020,57,3.32,336,41,0.0,Clouds,scattered clouds,13
Apagy,47.953775,21.939044,2026-06-12 13:31:34.725673,23.98,23.9,23.98,23.98,1020,56,3.45,337,44,0.41,Rain,light rain,13
Levelek-Magy,47.948056,21.993611,2026-06-12 13:31:35.884361,23.75,23.64,23.75,23.75,1020,56,3.7,338,48,0.0,Clouds,scattered clouds,13
Ófehértó,47.940556,22.041389,2026-06-12 13:31:37.039331,23.58,23.43,23.58,23.58,1020,55,3.93,339,53,0.0,Clouds,broken clouds,13
Ligettanya,47.951667,22.071389,2026-06-12 13:31:38.191988,23.46,23.3,23.46,23.46,1020,55,4.02,337,54,0.0,Clouds,broken clouds,13
Baktalórántháza,47.988611,22.083333,2026-06-12 13:31:39.344537,23.44,23.28,23.44,23.44,1020,55,3.88,336,53,0.0,Clouds,broken clouds,13
Vaja-Rohod,48.006389,22.164167,2026-06-12 13:31:40.501978,23.25,23.07,23.25,23.25,1020,55,3.96,334,54,0.0,Clouds,broken clouds,13
Rákóczitanya,48.022222,22.178333,2026-06-12 13:31:41.655305,23.14,22.92,23.14,23.14,1020,54,4.06,334,54,0.0,Clouds,broken clouds,13
Nyírmada,48.059167,22.203056,2026-06-12 13:31:42.809296,23.07,22.87,23.07,23.07,1020,55,3.76,331,57,0.0,Clouds,broken clouds,13
Tunyogmatolcs,47.960244,22.442247,2026-06-12 13:31:43.971095,22.88,22.56,22.88,22.88,1019,51,5.01,333,41,0.0,Clouds,scattered clouds,13
Tunyogmatolcs alsó,47.966025,22.464713,2026-06-12 13:31:45.124964,22.76,22.42,22.76,22.76,1019,51,5.05,333,40,0.0,Clouds,scattered clouds,13
Fehérgyarmat,47.979167,22.524444,2026-06-12 13:31:46.286086,22.51,22.17,22.51,22.51,1019,52,4.89,334,44,0.0,Clouds,scattered clouds,13
Penyige,47.995278,22.566944,2026-06-12 13:31:47.440907,22.42,22.08,22.42,22.42,1019,52,4.88,334,48,0.0,Clouds,scattered clouds,13
Nagyszekeres,47.976111,22.6125,2026-06-12 13:31:48.592065,22.31,21.95,22.31,22.31,1019,52,4.86,334,54,0.0,Clouds,broken clouds,13
Kisszekeres,47.965833,22.629444,2026-06-12 13:31:49.746635,22.33,21.95,22.33,22.33,1019,51,4.99,335,57,0.0,Clouds,broken clouds,13
Jánkmajtis,47.941944,22.657222,2026-06-12 13:31:50.908666,22.22,21.83,22.22,22.22,1019,51,5.01,336,65,0.0,Clouds,broken clouds,13
Gacsály,47.926111,22.745,2026-06-12 13:31:52.063897,21.15,20.65,21.15,21.15,1019,51,4.67,337,76,0.0,Clouds,broken clouds,13
Zajta,47.9025,22.796111,2026-06-12 13:31:53.230163,21.14,20.64,21.14,21.14,1019,51,4.38,338,76,0.0,Clouds,broken clouds,13
Eperjeske alsó,48.360556,22.19,2026-06-12 13:31:54.381098,22.82,22.75,22.82,22.82,1019,61,2.19,341,58,0.0,Clouds,broken clouds,13
Mándok,48.326944,22.196389,2026-06-12 13:31:55.534109,22.79,22.72,22.79,22.79,1020,61,2.4,332,67,0.0,Clouds,broken clouds,13
Tornyospálca,48.268333,22.201944,2026-06-12 13:31:56.693675,22.83,22.76,22.83,22.83,1020,61,2.66,326,72,0.0,Clouds,broken clouds,13
Aranyosapáti,48.211303,22.253534,2026-06-12 13:31:57.847776,22.81,22.66,22.81,22.81,1020,58,3.11,337,56,0.0,Clouds,broken clouds,13
Gyüre,48.171389,22.269167,2026-06-12 13:31:59.017517,22.87,22.7,22.87,22.87,1020,57,3.39,334,56,0.0,Clouds,broken clouds,13
Varsány,48.151722,22.290047,2026-06-12 13:32:00.179811,22.82,22.62,22.82,22.82,1020,56,3.59,335,50,0.0,Clouds,scattered clouds,13
Vásárosnamény,48.126667,22.306111,2026-06-12 13:32:01.334192,22.87,22.65,22.87,22.87,1020,55,3.73,334,50,0.0,Clouds,scattered clouds,13
Vitka,48.095556,22.308056,2026-06-12 13:32:02.487224,22.91,22.67,22.91,22.91,1020,54,3.89,334,49,0.0,Clouds,scattered clouds,13
Nagydobos,48.054167,22.311111,2026-06-12 13:32:03.643842,22.89,22.64,22.89,22.89,1020,54,4.05,333,48,0.0,Clouds,scattered clouds,13
Ópályi,47.997778,22.318333,2026-06-12 13:32:04.809792,23.0,22.71,23.0,23.0,1020,52,4.54,333,48,0.0,Clouds,scattered clouds,13
Nyírcsaholy,47.908056,22.348333,2026-06-12 13:32:05.965658,23.06,22.73,23.06,23.06,1019,50,5.2,333,52,0.0,Clouds,broken clouds,13
Nagyecsed,47.864722,22.385556,2026-06-12 13:32:07.118550,23.05,22.72,23.05,23.05,1019,50,5.73,333,54,0.0,Clouds,broken clouds,13
Tiborszállás,47.815278,22.402778,2026-06-12 13:32:08.273422,23.04,22.68,23.04,23.04,1019,49,5.96,333,62,0.0,Clouds,broken clouds,13
Kiskunhalas,46.434444,19.493611,2026-06-12 13:32:09.431455,23.29,22.54,23.29,23.29,1020,33,6.26,321,54,0.0,Clouds,broken clouds,13
Kecskemét alsó,46.895833,19.692222,2026-06-12 13:32:10.605857,23.21,22.42,23.21,23.21,1020,32,6.48,312,9,0.0,Clear,clear sky,13
Putnok,48.286667,20.4375,2026-06-12 13:32:11.758245,22.78,22.29,22.78,23.75,1019,45,0.69,329,74,0.0,Clouds,broken clouds,13
Bánréve,48.299722,20.351944,2026-06-12 13:32:12.909552,23.74,23.27,22.77,23.74,1019,42,1.82,282,66,0.0,Clouds,broken clouds,13
Ipolytarnóc,48.236667,19.629167,2026-06-12 13:32:14.061591,23.68,23.1,23.68,23.68,1019,38,4.89,289,14,0.0,Clouds,few clouds,13
Rákosliget,47.486111,19.257778,2026-06-12 13:32:15.222595,22.1,21.36,20.91,23.53,1020,38,5.06,311,7,0.0,Clear,clear sky,13
Ikrény,47.657778,17.524167,2026-06-12 13:32:16.381100,20.8,20.11,20.8,20.8,1022,45,9.43,306,74,0.0,Clouds,broken clouds,13
Rábapatona,47.648889,17.461944,2026-06-12 13:32:17.543016,20.74,20.07,20.74,20.74,1022,46,9.57,307,73,0.0,Clouds,broken clouds,13
Enese,47.644167,17.425278,2026-06-12 13:32:18.700017,20.68,20.0,20.68,20.68,1022,46,9.44,309,74,0.0,Clouds,broken clouds,13
Kóny,47.632222,17.357222,2026-06-12 13:32:19.853022,20.73,20.06,20.73,20.73,1022,46,9.24,311,74,0.0,Clouds,broken clouds,13
Farád,47.595278,17.195833,2026-06-12 13:32:21.006971,20.57,19.94,20.57,20.57,1022,48,8.11,323,90,0.0,Clouds,overcast clouds,13
Rábatamási,47.592778,17.161389,2026-06-12 13:32:22.176134,20.57,19.94,20.57,20.57,1022,48,8.11,323,90,0.0,Clouds,overcast clouds,13
Szárföld,47.589167,17.123889,2026-06-12 13:32:23.521276,20.55,19.94,20.55,20.55,1022,49,7.91,324,92,0.0,Clouds,overcast clouds,13
Veszkény,47.586944,17.101389,2026-06-12 13:32:24.681193,20.56,19.79,20.56,20.56,1022,43,7.72,326,94,0.0,Clouds,overcast clouds,13
Kapuvár,47.581944,17.046944,2026-06-12 13:32:25.836390,20.54,19.77,20.54,20.54,1022,43,7.39,331,97,0.0,Clouds,overcast clouds,13
Vitnyéd-Csermajor,47.5825,16.987222,2026-06-12 13:32:26.987496,20.55,19.78,20.55,20.55,1022,43,6.97,334,99,0.0,Clouds,overcast clouds,13
Petőháza,47.595278,16.893056,2026-06-12 13:32:28.141687,20.5,19.73,20.5,20.5,1022,43,6.13,336,99,0.0,Clouds,overcast clouds,13
Fertőszentmiklós,47.6,16.858889,2026-06-12 13:32:29.294599,20.5,19.73,20.5,20.6,1022,43,5.83,337,99,0.0,Clouds,overcast clouds,13
Pinnye,47.600278,16.768611,2026-06-12 13:32:30.448889,20.38,19.6,20.38,20.48,1022,43,4.61,338,98,0.0,Clouds,overcast clouds,13
Fertőboz,47.625,16.691667,2026-06-12 13:32:31.605102,20.22,19.42,20.22,20.32,1022,43,3.95,335,98,0.0,Clouds,overcast clouds,13
Sopron,47.677778,16.587222,2026-06-12 13:32:32.764950,19.92,19.48,19.92,20.02,1023,58,2.92,324,99,0.0,Clouds,overcast clouds,13
Fertőszéplak-Fertőd,47.618889,16.850833,2026-06-12 13:32:33.927515,20.52,19.75,20.52,20.62,1022,43,5.47,335,98,0.0,Clouds,overcast clouds,13
Nyúl,47.587778,17.698056,2026-06-12 13:32:35.088519,21.08,20.37,21.08,21.08,1022,43,8.1,305,83,0.0,Clouds,broken clouds,13
Pannonhalma,47.547778,17.740833,2026-06-12 13:32:36.245855,21.08,20.37,21.08,21.08,1022,43,7.15,305,91,0.0,Clouds,overcast clouds,13
Tarjánpuszta,47.504722,17.789167,2026-06-12 13:32:37.398892,21.13,20.42,21.13,21.13,1021,43,6.84,305,93,0.0,Clouds,overcast clouds,13
Győrasszonyfa,47.4925,17.799167,2026-06-12 13:32:38.550584,21.13,20.42,21.13,21.13,1021,43,6.84,305,93,0.0,Clouds,overcast clouds,13
Veszprémvarsány,47.443333,17.818333,2026-06-12 13:32:39.715188,21.13,20.42,21.13,21.13,1021,43,6.64,305,94,0.0,Clouds,overcast clouds,13
Bakonyszentlászló,47.395556,17.8175,2026-06-12 13:32:40.867795,20.86,20.15,20.86,20.86,1022,44,6.59,304,95,0.0,Clouds,overcast clouds,13
Porva-Csesznek,47.326944,17.841111,2026-06-12 13:32:42.023165,19.6,18.79,19.6,19.6,1022,45,6.56,304,95,0.0,Clouds,overcast clouds,13
Zirc,47.266667,17.878056,2026-06-12 13:32:43.178994,19.77,18.98,19.77,19.77,1022,45,6.6,304,96,0.0,Clouds,overcast clouds,13
Eplény,47.192778,17.921667,2026-06-12 13:32:44.333091,20.37,19.61,20.37,20.37,1022,44,6.84,307,96,0.0,Clouds,overcast clouds,13
Marcaltő,47.4275,17.348889,2026-06-12 13:32:45.492299,21.78,21.16,21.78,21.78,1022,44,8.26,322,82,0.0,Clouds,broken clouds,13
Szany-Rábaszentandrás,47.460833,17.315278,2026-06-12 13:32:46.649153,21.49,20.84,21.49,21.49,1022,44,8.55,320,77,0.0,Clouds,broken clouds,13
Egyed-Rábacsanak,47.521944,17.316389,2026-06-12 13:32:47.807350,21.18,20.53,21.18,21.18,1022,45,8.76,318,74,0.0,Clouds,broken clouds,13
Rábapordány,47.557222,17.315,2026-06-12 13:32:48.963194,21.08,20.42,21.08,21.08,1022,45,8.85,317,74,0.0,Clouds,broken clouds,13
Albertfalva,47.440784,19.033965,2026-06-12 13:32:50.120307,22.83,22.24,21.17,23.78,1020,41,2.68,293,8,0.0,Clear,clear sky,13
Budafok,47.425833,19.041389,2026-06-12 13:32:51.270982,22.96,22.36,21.17,23.79,1020,40,2.68,293,8,0.0,Clear,clear sky,13
Tétényliget,47.384722,18.955278,2026-06-12 13:32:52.428842,22.9,22.32,21.19,23.81,1020,41,2.68,293,7,0.0,Clear,clear sky,13
Érd alsó,47.379722,18.923056,2026-06-12 13:32:53.579108,21.26,20.59,20.32,22.7,1020,44,5.6,316,12,0.0,Clouds,few clouds,13
Tárnok,47.365556,18.873889,2026-06-12 13:32:54.735402,22.63,22.02,20.39,23.74,1020,41,5.7,319,5,0.0,Clear,clear sky,13
Martonvásár,47.321389,18.781667,2026-06-12 13:32:55.890921,21.12,20.23,20.32,21.55,1020,36,6.04,319,5,0.0,Clear,clear sky,13
Baracska,47.297222,18.753333,2026-06-12 13:32:57.045873,23.77,23.14,21.15,23.77,1020,36,6.17,319,6,0.0,Clear,clear sky,13
Pettend,47.26,18.708889,2026-06-12 13:32:58.200307,21.58,20.73,21.58,21.58,1020,36,6.49,317,12,0.0,Clouds,few clouds,13
Kápolnásnyék,47.245556,18.692222,2026-06-12 13:32:59.354155,21.71,20.88,21.71,21.71,1020,36,6.64,317,17,0.0,Clouds,few clouds,13
Velence,47.226944,18.663889,2026-06-12 13:33:00.516342,21.77,20.97,21.77,21.77,1020,37,6.85,315,23,0.0,Clouds,few clouds,13
Velencefürdő,47.218611,18.648056,2026-06-12 13:33:01.675644,21.84,21.02,21.84,21.84,1020,36,6.78,316,23,0.0,Clouds,few clouds,13
Gárdony,47.205833,18.624722,2026-06-12 13:33:02.832475,21.85,21.06,21.85,21.85,1020,37,6.99,315,29,0.0,Clouds,scattered clouds,13
Agárd,47.197666,18.604907,2026-06-12 13:33:03.989025,21.85,21.06,21.85,21.85,1020,37,6.99,315,29,0.0,Clouds,scattered clouds,13
Dinnyés,47.179722,18.560833,2026-06-12 13:33:05.141915,21.87,21.08,21.87,21.87,1021,37,7.25,314,39,0.0,Clouds,scattered clouds,13
Székesfehérvár,47.183611,18.424722,2026-06-12 13:33:06.296254,21.8,21.03,21.8,21.8,1021,38,7.47,314,51,0.0,Clouds,broken clouds,13
Szabadbattyán,47.105278,18.388333,2026-06-12 13:33:07.457524,21.97,21.19,21.97,21.97,1021,37,7.27,317,49,0.0,Clouds,scattered clouds,13
Kiscséripuszta,47.048056,18.355,2026-06-12 13:33:08.611181,23.57,22.95,23.57,23.57,1021,37,7.15,317,50,0.0,Clouds,scattered clouds,13
Lepsény,46.9875,18.248056,2026-06-12 13:33:09.768368,23.79,23.35,20.46,23.79,1021,43,7.09,316,57,0.0,Clouds,broken clouds,13
Balatonaliga,46.984444,18.171389,2026-06-12 13:33:10.921807,23.6,23.14,20.27,23.6,1021,43,7.38,315,66,0.0,Clouds,broken clouds,13
Balatonvilágos,46.964167,18.157222,2026-06-12 13:33:12.075339,23.64,23.18,20.31,23.64,1021,43,7.4,313,69,0.0,Clouds,broken clouds,13
Szabadifürdő,46.926111,18.103333,2026-06-12 13:33:13.231125,23.81,23.37,20.48,23.81,1021,43,7.25,311,70,0.0,Clouds,broken clouds,13
Ózd alsó,48.227778,20.306111,2026-06-12 13:33:14.392602,23.58,23.43,22.61,23.58,1019,55,2.81,281,66,0.0,Clouds,broken clouds,13
Ózd,48.2225,20.294722,2026-06-12 13:33:15.552038,23.63,23.48,22.66,23.63,1019,55,2.81,281,66,0.0,Clouds,broken clouds,13
Alsóboldva,48.212778,20.792222,2026-06-12 13:33:16.703209,22.26,21.87,20.12,22.99,1019,51,2.46,95,38,0.0,Clouds,scattered clouds,13
Boldva,48.223333,20.790278,2026-06-12 13:33:17.856381,22.26,21.87,20.12,22.98,1019,51,2.46,95,38,0.0,Clouds,scattered clouds,13
Borsodszirák,48.259167,20.770556,2026-06-12 13:33:19.010957,22.21,21.82,22.21,22.94,1019,51,2.38,88,46,0.0,Clouds,scattered clouds,13
Edelény alsó,48.279167,20.760833,2026-06-12 13:33:20.177927,22.19,21.87,22.19,22.19,1019,54,2.38,88,46,0.0,Clouds,scattered clouds,13
Edelény,48.299722,20.749444,2026-06-12 13:33:21.332348,22.17,21.85,22.17,22.17,1019,54,2.29,83,46,0.0,Clouds,scattered clouds,13
Szendrőlád,48.334444,20.731944,2026-06-12 13:33:22.486334,22.08,21.75,22.08,22.08,1019,54,2.31,72,50,0.0,Clouds,scattered clouds,13
Szendrő,48.400725,20.721346,2026-06-12 13:33:23.649197,24.48,24.42,24.48,24.48,1019,55,2.19,60,45,0.0,Clouds,scattered clouds,13
Szendrő felső,48.409907,20.720148,2026-06-12 13:33:24.810340,24.48,24.42,24.48,24.48,1019,55,2.19,60,45,0.0,Clouds,scattered clouds,13
Szalonna,48.449444,20.722222,2026-06-12 13:33:25.974279,24.36,24.31,24.36,24.36,1019,56,2.0,48,39,0.74,Rain,light rain,13
Perkupa,48.471389,20.691111,2026-06-12 13:33:27.127643,23.55,23.4,23.55,23.55,1019,55,2.22,49,40,0.0,Clouds,scattered clouds,13
Szemeretelep,47.443056,19.214167,2026-06-12 13:33:28.283128,22.15,21.41,20.98,23.6,1020,38,5.01,310,8,0.0,Clear,clear sky,13
Jósvafő-Aggtelek,48.489722,20.693889,2026-06-12 13:33:29.440594,23.78,23.7,23.78,23.78,1019,57,2.06,45,38,0.12,Rain,light rain,13
Bódvaszilas,48.5375,20.738056,2026-06-12 13:33:30.606448,23.3,23.23,23.3,23.3,1019,59,1.56,30,33,0.0,Clouds,scattered clouds,13
Komjáti,48.5475,20.759722,2026-06-12 13:33:31.760543,22.75,22.67,22.75,22.75,1019,61,1.2,9,31,0.2,Rain,light rain,13
Tornanádaska,48.558333,20.787222,2026-06-12 13:33:32.915539,23.92,23.96,23.92,23.92,1019,61,1.1,350,29,0.14,Rain,light rain,13
Onga,48.121111,20.906667,2026-06-12 13:33:34.073064,22.32,21.94,20.18,22.32,1019,51,1.98,100,38,0.36,Rain,light rain,13
Szikszó-Vásártér,48.193056,20.934722,2026-06-12 13:33:35.232362,22.28,21.9,20.14,22.28,1019,51,1.63,97,22,0.0,Clouds,few clouds,13
Szikszó,48.201667,20.941667,2026-06-12 13:33:36.386036,22.3,21.92,22.3,22.3,1019,51,1.3,98,20,0.0,Clouds,few clouds,13
Aszaló,48.219867,20.961466,2026-06-12 13:33:37.545002,22.28,21.9,22.28,22.28,1019,51,1.09,95,14,0.0,Clouds,few clouds,13
Halmaj,48.246667,20.991667,2026-06-12 13:33:38.698744,22.26,21.95,22.26,22.26,1019,54,0.48,91,6,0.0,Clear,clear sky,13
Csobád,48.277222,21.033889,2026-06-12 13:33:39.860309,22.23,21.94,22.23,22.23,1019,55,0.14,282,0,0.0,Clear,clear sky,13
Ináncs,48.291111,21.057778,2026-06-12 13:33:41.023585,22.23,21.94,22.23,22.23,1019,55,0.99,267,0,0.0,Clear,clear sky,13
Forró-Encs,48.3275,21.117778,2026-06-12 13:33:42.181749,23.97,23.88,23.97,23.97,1019,56,1.38,265,0,0.0,Clear,clear sky,13
Méra,48.363056,21.140278,2026-06-12 13:33:43.336440,23.47,23.39,23.47,23.47,1019,58,1.68,263,0,0.0,Clear,clear sky,13
Novajidrány,48.404444,21.170556,2026-06-12 13:33:44.495990,19.99,19.61,19.99,19.99,1019,60,1.64,261,0,0.0,Clear,clear sky,13
Hernádszurdok,48.487222,21.213889,2026-06-12 13:33:45.661026,19.91,19.5,19.91,20.81,1018,59,0.99,247,2,0.0,Clear,clear sky,13
Hidasnémeti,48.508333,21.229722,2026-06-12 13:33:46.824432,19.92,19.51,19.92,20.81,1018,59,0.87,242,7,0.0,Clear,clear sky,13
Mád,48.19,21.268889,2026-06-12 13:33:47.979473,20.62,20.04,20.62,20.62,1019,50,1.02,261,25,0.0,Clouds,scattered clouds,13
Rátka,48.215,21.230278,2026-06-12 13:33:49.137075,20.78,20.22,20.78,20.78,1019,50,1.13,258,20,0.0,Clouds,few clouds,13
Tállya,48.226944,21.225278,2026-06-12 13:33:50.302316,20.73,20.16,20.73,20.73,1019,50,1.13,258,20,0.0,Clouds,few clouds,13
Golop,48.242778,21.204167,2026-06-12 13:33:51.473889,20.85,20.3,20.85,20.85,1019,50,1.15,256,10,0.0,Clear,clear sky,13
Abaújszántó,48.286944,21.181667,2026-06-12 13:33:52.629398,20.76,20.38,20.76,20.76,1019,57,1.45,261,0,0.0,Clear,clear sky,13
Abaújszántói fürdő,48.268333,21.179722,2026-06-12 13:33:53.801145,20.82,20.42,20.82,20.82,1019,56,1.31,259,4,0.0,Clear,clear sky,13
Abaújkér,48.309444,21.198333,2026-06-12 13:33:54.962284,20.72,20.36,20.72,20.72,1019,58,1.55,262,0,0.0,Clear,clear sky,13
Boldogkőváralja,48.345,21.208889,2026-06-12 13:33:56.118419,20.52,20.19,20.52,20.52,1019,60,1.42,261,0,0.0,Clear,clear sky,13
Korlát-Vizsoly,48.365,21.219167,2026-06-12 13:33:57.277394,20.43,20.12,20.43,20.43,1019,61,1.37,260,0,0.0,Clear,clear sky,13
Fony,48.411389,21.242778,2026-06-12 13:33:58.433437,19.79,19.47,15.83,19.79,1019,63,1.21,255,0,0.0,Clear,clear sky,13
Hejce-Vilmány,48.419444,21.245556,2026-06-12 13:33:59.587114,19.76,19.44,15.79,19.76,1019,63,1.21,255,0,0.0,Clear,clear sky,13
Göncruszka,48.445,21.246944,2026-06-12 13:34:00.744853,19.85,19.56,19.85,20.74,1019,64,1.1,252,0,0.0,Clear,clear sky,13
Gönc,48.470556,21.261389,2026-06-12 13:34:01.900959,19.75,19.5,19.75,20.64,1019,66,0.73,240,10,0.0,Clear,clear sky,13
Zsujta,48.4925,21.265,2026-06-12 13:34:03.069269,19.77,19.34,19.77,20.66,1018,59,0.62,229,14,0.0,Clouds,few clouds,13
Bodrogkeresztúr,48.175556,21.354167,2026-06-12 13:34:04.230537,20.89,20.34,20.89,20.89,1019,50,0.95,277,24,0.0,Clouds,few clouds,13
Szegi,48.201944,21.387778,2026-06-12 13:34:05.393319,20.93,20.38,16.32,20.93,1019,50,1.01,303,21,0.0,Clouds,few clouds,13
Erdőbénye,48.218056,21.401944,2026-06-12 13:34:06.544901,20.9,20.35,16.29,20.9,1019,50,1.05,320,25,0.0,Clouds,scattered clouds,13
Olaszliszka-Tolcsva,48.258333,21.448056,2026-06-12 13:34:07.703408,20.93,20.38,16.32,20.93,1019,50,1.06,340,38,0.0,Clouds,scattered clouds,13
Bodrogolaszi,48.286944,21.512778,2026-06-12 13:34:08.861149,16.26,16.55,16.26,20.87,1019,100,1.09,350,50,0.0,Clouds,scattered clouds,13
Sárospatak,48.325833,21.566111,2026-06-12 13:34:10.014599,16.21,16.5,16.21,20.82,1019,100,1.07,344,77,0.0,Clouds,broken clouds,13
Sátoraljaújhely,48.385833,21.657778,2026-06-12 13:34:11.168966,16.29,16.59,16.29,16.29,1019,100,0.62,305,100,0.0,Clouds,overcast clouds,13
Vecsés,47.40855,19.25652,2026-06-12 13:34:12.327867,24.07,23.45,21.02,24.44,1020,35,5.35,309,9,0.0,Clear,clear sky,13
Vecsés-Kertekalja,47.403333,19.271389,2026-06-12 13:34:13.490152,24.15,23.53,21.06,24.48,1020,35,5.35,309,9,0.0,Clear,clear sky,13
Üllő,47.390833,19.348889,2026-06-12 13:34:14.648650,24.22,23.56,21.01,24.44,1020,33,5.61,310,9,0.0,Clear,clear sky,13
Monor,47.34545,19.43701,2026-06-12 13:34:15.813197,24.38,23.74,24.38,24.38,1019,33,5.89,312,8,0.0,Clear,clear sky,13
Pilis,47.279722,19.536389,2026-06-12 13:34:16.966886,25.31,24.81,24.34,25.31,1019,35,6.02,312,7,0.0,Clear,clear sky,13
Albertirsa,47.240278,19.606389,2026-06-12 13:34:18.131914,25.4,24.83,25.4,25.4,1019,32,6.04,313,6,0.0,Clear,clear sky,13
Ceglédbercel-Cserő,47.210278,19.686944,2026-06-12 13:34:19.293792,25.47,24.91,25.47,25.47,1019,32,5.98,315,6,0.0,Clear,clear sky,13
Cegléd,47.182778,19.806111,2026-06-12 13:34:20.451115,25.57,25.02,23.23,25.57,1019,32,5.65,320,5,0.0,Clear,clear sky,13
Abony,47.173056,20.016389,2026-06-12 13:34:21.613002,23.29,22.8,23.29,25.64,1019,43,5.01,325,1,0.0,Clear,clear sky,13
Szolnok,47.179167,20.175833,2026-06-12 13:34:22.768251,23.31,22.82,23.31,25.66,1019,43,1.79,51,2,0.0,Clear,clear sky,13
Szajol,47.170556,20.295278,2026-06-12 13:34:23.921175,23.32,22.83,23.32,23.32,1019,43,4.95,312,2,0.0,Clear,clear sky,13
Törökszentmiklós,47.170278,20.413611,2026-06-12 13:34:25.076198,23.32,22.65,23.32,23.32,1019,36,4.71,308,4,0.0,Clear,clear sky,13
Rákoscsaba-Újtelep,47.4875,19.271944,2026-06-12 13:34:26.233327,22.14,21.4,20.91,23.53,1020,38,5.06,311,7,0.0,Clear,clear sky,13
Rákoscsaba,47.492222,19.284722,2026-06-12 13:34:27.388705,24.1,23.48,20.91,24.33,1020,35,5.16,312,7,0.0,Clear,clear sky,13
Pécel,47.493889,19.338889,2026-06-12 13:34:28.540597,24.03,23.35,20.78,24.21,1020,33,5.24,312,7,0.0,Clear,clear sky,13
Isaszeg,47.537719,19.388955,2026-06-12 13:34:29.693652,24.11,23.44,21.2,24.12,1020,33,5.3,314,7,0.0,Clear,clear sky,13
Gödöllő,47.592222,19.358611,2026-06-12 13:34:30.856350,22.31,21.59,20.47,22.67,1020,38,5.39,314,6,0.0,Clear,clear sky,13
Máriabesnyő,47.595556,19.389722,2026-06-12 13:34:32.015869,23.96,23.27,21.12,24.04,1020,33,5.39,314,6,0.0,Clear,clear sky,13
Bag,47.641111,19.471667,2026-06-12 13:34:33.175609,24.4,23.91,24.4,24.4,1020,39,5.62,311,6,0.0,Clear,clear sky,13
Aszód,47.647467,19.492882,2026-06-12 13:34:34.365849,24.47,23.99,24.47,24.47,1020,39,5.66,310,6,0.0,Clear,clear sky,13
Hévízgyörk,47.638611,19.526667,2026-06-12 13:34:35.516131,24.48,24.03,24.48,24.48,1020,40,5.7,310,5,0.0,Clear,clear sky,13
Galgahévíz,47.6325,19.558333,2026-06-12 13:34:36.671013,24.47,23.99,24.47,24.47,1020,39,5.78,310,4,0.0,Clear,clear sky,13
Tura,47.626389,19.5975,2026-06-12 13:34:37.830614,24.5,24.05,24.5,24.5,1020,40,5.83,309,4,0.0,Clear,clear sky,13
Hatvan,47.663611,19.671389,2026-06-12 13:34:38.985147,23.25,22.68,23.25,23.25,1019,40,5.86,300,9,0.0,Clear,clear sky,13
Vámosgyörk,47.686111,19.927778,2026-06-12 13:34:40.144384,23.83,23.37,23.83,23.83,1019,42,5.35,285,59,0.0,Clouds,broken clouds,13
Adács,47.696389,19.975278,2026-06-12 13:34:41.311064,24.02,23.6,24.02,24.02,1019,43,5.07,278,77,0.0,Clouds,broken clouds,13
Karácsond,47.718056,20.048611,2026-06-12 13:34:42.463933,23.99,23.59,23.99,23.99,1019,44,4.91,273,88,0.0,Clouds,overcast clouds,13
Ludas,47.723889,20.095556,2026-06-12 13:34:43.620872,24.19,23.84,24.19,24.19,1019,45,4.71,268,98,0.0,Clouds,overcast clouds,13
Nagyút,47.72666666666667,20.161388888888887,2026-06-12 13:34:44.774149,24.16,23.83,24.16,24.16,1019,46,4.66,266,99,0.0,Clouds,overcast clouds,13
Kál-Kápolna,47.734167,20.254167,2026-06-12 13:34:45.934882,24.17,23.87,24.17,24.17,1019,47,4.58,260,94,0.0,Clouds,overcast clouds,13
Füzesabony,47.751389,20.415278,2026-06-12 13:34:47.088252,24.27,23.98,24.27,24.27,1019,47,4.3,250,81,0.0,Clouds,broken clouds,13
Szihalom,47.766944,20.491944,2026-06-12 13:34:48.242904,20.17,19.5,20.17,20.17,1019,48,3.85,245,66,0.0,Clouds,broken clouds,13
Mezőkövesd,47.797222,20.5675,2026-06-12 13:34:49.401275,20.18,19.51,20.18,20.18,1019,48,2.73,243,35,0.0,Clouds,scattered clouds,13
Mezőkövesd felső,47.807222,20.591389,2026-06-12 13:34:50.560585,20.16,19.48,20.16,23.03,1019,48,2.73,243,35,0.0,Clouds,scattered clouds,13
Mezőkeresztes-Mezőnyárád,47.845556,20.670278,2026-06-12 13:34:51.715191,20.18,19.79,20.16,23.03,1019,59,0.93,238,7,0.0,Clear,clear sky,13
Csincse,47.890833,20.764167,2026-06-12 13:34:52.883035,20.33,19.96,20.18,23.05,1019,59,1.34,265,5,0.0,Clear,clear sky,13
Emőd,47.930556,20.822778,2026-06-12 13:34:54.036649,20.6,20.18,20.2,23.07,1019,56,1.34,265,15,0.0,Clouds,few clouds,13
Nyékládháza,47.9925,20.840556,2026-06-12 13:34:55.194797,21.03,20.65,20.23,23.1,1019,56,1.34,265,28,0.0,Clouds,scattered clouds,13
Miskolc-Tiszai,48.098611,20.811389,2026-06-12 13:34:56.353628,22.01,21.65,20.15,23.02,1018,53,2.5,98,32,0.0,Clouds,scattered clouds,13
Felsőzsolca,48.083611,20.866111,2026-06-12 13:34:57.510593,21.81,21.46,20.18,23.04,1019,54,2.35,98,36,0.0,Clouds,scattered clouds,13
Hernádnémeti-Bőcs,48.051389,20.985,2026-06-12 13:34:58.664435,22.32,21.94,20.18,22.32,1019,51,1.51,101,55,0.0,Clouds,broken clouds,13
Tiszalúc,48.039722,21.0575,2026-06-12 13:34:59.820580,22.18,21.81,20.22,22.36,1019,52,0.88,101,68,0.0,Clouds,broken clouds,13
Taktaharkány,48.091667,21.128611,2026-06-12 13:35:00.972787,20.97,20.43,20.97,22.41,1019,50,0.59,126,53,0.0,Clouds,broken clouds,13
Taktaszada,48.1125,21.149444,2026-06-12 13:35:02.129855,20.98,20.44,20.98,22.42,1019,50,0.39,168,44,0.0,Clouds,scattered clouds,13
Szerencs,48.155556,21.214444,2026-06-12 13:35:03.292368,20.97,20.43,20.97,20.97,1019,50,0.87,251,29,0.0,Clouds,scattered clouds,13
Mezőzombor,48.156944,21.267778,2026-06-12 13:35:04.448115,20.97,20.43,20.97,20.97,1019,50,0.91,258,28,0.0,Clouds,scattered clouds,13
Tarcal,48.125,21.34,2026-06-12 13:35:05.601856,20.99,20.45,20.99,20.99,1019,50,0.83,276,26,0.0,Clouds,scattered clouds,13
Tokaj,48.112778,21.406667,2026-06-12 13:35:06.761034,20.95,20.41,20.95,20.95,1019,50,1.19,300,14,0.0,Clouds,few clouds,13
Rakamaz,48.12,21.475,2026-06-12 13:35:07.925528,20.95,20.41,20.95,20.95,1019,50,1.33,305,12,0.0,Clouds,few clouds,13
Görögszállás,48.04,21.555,2026-06-12 13:35:09.093806,20.91,20.36,20.91,20.91,1019,50,1.82,307,7,2.73,Rain,moderate rain,13
Nyírtelek,48.005,21.615556,2026-06-12 13:35:10.246204,20.95,20.51,20.95,20.95,1019,54,2.27,313,11,2.73,Rain,moderate rain,13
Rákoshegy,47.468611,19.245556,2026-06-12 13:35:11.414187,21.96,21.2,20.86,23.48,1020,38,5.12,310,8,0.0,Clear,clear sky,13
Ecser,47.439444,19.318056,2026-06-12 13:35:12.568091,24.15,23.48,20.91,24.33,1020,33,5.31,310,8,0.0,Clear,clear sky,13
Maglód,47.438889,19.340833,2026-06-12 13:35:13.721163,24.1,23.43,20.85,24.27,1020,33,5.38,311,8,0.0,Clear,clear sky,13
Maglódi nyaraló,47.434167,19.363611,2026-06-12 13:35:14.875909,24.01,23.33,20.75,24.18,1020,33,5.44,312,8,0.0,Clear,clear sky,13
Gyömrő,47.429722,19.393333,2026-06-12 13:35:16.039311,24.14,23.47,22.91,24.14,1020,33,5.44,312,8,0.0,Clear,clear sky,13
Mende,47.426944,19.439722,2026-06-12 13:35:17.196172,24.1,23.43,21.18,24.1,1020,33,5.64,315,7,0.0,Clear,clear sky,13
Szőlősnyaraló,47.450278,19.561111,2026-06-12 13:35:18.349402,24.33,23.68,24.33,25.3,1019,33,5.81,319,4,0.0,Clear,clear sky,13
Sülysáp,47.451944,19.5275,2026-06-12 13:35:19.500221,24.31,23.66,24.31,25.28,1019,33,5.7,318,6,0.0,Clear,clear sky,13
Tápiószecső,47.443056,19.614722,2026-06-12 13:35:20.653383,25.38,24.94,24.42,25.38,1019,37,5.86,319,3,0.0,Clear,clear sky,13
Szentmártonkáta,47.431944,19.680556,2026-06-12 13:35:21.809521,25.41,24.84,24.44,25.41,1019,32,5.93,319,2,0.0,Clear,clear sky,13
Nagykáta,47.409722,19.737778,2026-06-12 13:35:22.973005,25.48,24.92,25.48,25.48,1019,32,5.96,319,2,0.0,Clear,clear sky,13
Farmos,47.355278,19.8375,2026-06-12 13:35:24.125702,25.59,25.04,25.59,25.59,1019,32,0.89,15,5,0.0,Clear,clear sky,13
Tápiószele,47.346313,19.873504,2026-06-12 13:35:25.277193,25.57,25.02,25.57,25.57,1019,32,0.89,15,5,0.0,Clear,clear sky,13
Tápiógyörgye,47.325,19.95,2026-06-12 13:35:26.440480,25.63,25.08,23.84,25.63,1019,32,0.89,15,8,0.0,Clear,clear sky,13
Újszász,47.285833,20.066944,2026-06-12 13:35:27.597704,25.67,25.13,23.88,25.67,1019,32,5.36,317,4,0.0,Clear,clear sky,13
Szurdokpüspöki,47.851944,19.690278,2026-06-12 13:35:28.752306,23.37,22.83,23.37,23.37,1019,41,5.77,280,17,0.0,Clouds,few clouds,13
Lőrinci,47.739444,19.673611,2026-06-12 13:35:29.905220,23.28,22.71,23.28,23.28,1019,40,5.85,294,12,0.0,Clouds,few clouds,13
Selyp,47.759167,19.670833,2026-06-12 13:35:31.059868,23.32,22.78,23.32,23.32,1019,41,5.84,291,13,0.0,Clouds,few clouds,13
Apc-Zagyvaszántó,47.791328,19.66822,2026-06-12 13:35:32.217842,23.37,22.83,23.37,23.37,1019,41,5.83,288,14,0.0,Clouds,few clouds,13
Pásztó,47.918889,19.688889,2026-06-12 13:35:33.372572,23.24,22.69,23.24,23.24,1019,41,5.67,276,19,0.0,Clouds,few clouds,13
Mátraszőlős-Hasznos,47.938506,19.706122,2026-06-12 13:35:34.529214,23.34,22.8,23.34,23.34,1019,41,5.56,274,24,0.0,Clouds,few clouds,13
Tar,47.956111,19.746389,2026-06-12 13:35:35.682209,22.99,22.42,22.99,22.99,1019,41,5.45,272,34,0.0,Clouds,scattered clouds,13
Mátraverebély,47.968333,19.778611,2026-06-12 13:35:36.847074,22.99,22.42,22.99,22.99,1019,41,5.45,272,34,0.0,Clouds,scattered clouds,13
Nagybátony,47.981111,19.82,2026-06-12 13:35:38.012355,23.2,22.65,23.2,23.2,1019,41,5.37,272,39,0.0,Clouds,scattered clouds,13
Kisterenye,48.009444,19.831944,2026-06-12 13:35:39.168253,23.3,22.78,23.3,23.3,1019,42,5.29,272,43,0.0,Clouds,scattered clouds,13
Kisterenye-Bányatelep,48.021389,19.831944,2026-06-12 13:35:40.332581,23.3,22.78,23.3,23.3,1019,42,5.29,272,43,0.0,Clouds,scattered clouds,13
Salgótarján külső,48.089444,19.790833,2026-06-12 13:35:41.503935,22.55,21.96,22.55,22.55,1019,42,4.93,276,28,0.0,Clouds,scattered clouds,13
Balatonfenyves GV,46.7125,17.479167,2026-06-12 13:35:42.665921,23.24,22.72,23.24,23.24,1021,42,4.48,334,100,0.0,Clouds,overcast clouds,13
Várhegyalja,47.737778,18.366667,2026-06-12 13:35:43.821827,20.74,20.07,20.74,20.74,1021,46,7.88,302,59,0.0,Clouds,broken clouds,13
Imremajor,46.680556,17.499722,2026-06-12 13:35:44.977931,23.33,22.82,23.33,23.33,1021,42,4.3,333,100,0.0,Clouds,overcast clouds,13
Rákospalota-Kertváros,47.578333,19.122778,2026-06-12 13:35:46.129653,22.8,22.15,21.11,23.73,1020,39,1.79,282,8,0.0,Clear,clear sky,13
Vicziántelep,47.675833,19.286111,2026-06-12 13:35:47.280167,22.67,22.01,20.58,22.77,1020,39,5.47,311,5,0.0,Clear,clear sky,13
Pálmajor,46.662831,17.457526,2026-06-12 13:35:48.438757,23.44,22.91,23.44,23.44,1021,41,3.9,334,100,0.0,Clouds,overcast clouds,13
Somogyszentpál felső,46.649758,17.471404,2026-06-12 13:35:49.608005,23.36,22.82,23.36,23.36,1021,41,4.11,332,100,0.0,Clouds,overcast clouds,13
Somogyszentpál,46.638611,17.478611,2026-06-12 13:35:50.767001,23.33,22.79,23.33,23.33,1021,41,3.93,331,100,0.0,Clouds,overcast clouds,13
Rudnaykert,47.7175,19.257778,2026-06-12 13:35:51.923092,23.22,22.62,21.42,24.34,1020,39,5.54,308,5,0.0,Clear,clear sky,13
Maroshegy,47.158333,18.406667,2026-06-12 13:35:53.087185,21.72,20.91,21.72,21.72,1020,37,7.41,315,50,0.0,Clouds,scattered clouds,13
Bánhida,47.573703,18.371737,2026-06-12 13:35:54.246234,20.59,19.88,20.59,20.59,1021,45,7.79,304,49,0.0,Clouds,scattered clouds,13
Magyarkút,47.850278,19.045,2026-06-12 13:35:55.401096,21.09,20.33,21.09,21.09,1020,41,5.14,306,7,0.0,Clear,clear sky,13
Becske alsó,47.897222,19.364722,2026-06-12 13:35:56.554619,21.59,20.88,21.59,21.59,1020,41,6.13,287,4,0.0,Clear,clear sky,13
Hosszúberek-Péteri,47.370556,19.389722,2026-06-12 13:35:57.709538,23.3,22.55,21.49,23.61,1020,33,5.77,310,9,0.0,Clear,clear sky,13
Monorierdő,47.308889,19.499167,2026-06-12 13:35:58.863794,23.21,22.5,23.21,25.29,1019,35,5.96,312,7,0.0,Clear,clear sky,13
Ceglédbercel,47.215833,19.658611,2026-06-12 13:36:00.016856,25.46,24.9,25.46,25.46,1019,32,6.03,313,6,0.0,Clear,clear sky,13
Budai út,47.208333,19.731389,2026-06-12 13:36:01.171442,25.5,24.94,25.5,25.5,1019,32,5.91,316,6,0.0,Clear,clear sky,13
Büdöskútpuszta,48.373056,20.726111,2026-06-12 13:36:02.323976,23.7,23.56,23.7,23.7,1019,55,2.25,66,48,0.0,Clouds,scattered clouds,13
Bánrévei Vízmű,48.282778,20.368333,2026-06-12 13:36:03.499438,23.76,23.44,22.8,23.76,1019,48,1.39,289,69,0.0,Clouds,broken clouds,13
Rákoskert,47.456389,19.296111,2026-06-12 13:36:04.655382,23.01,22.25,20.78,23.95,1020,34,5.22,311,8,0.0,Clear,clear sky,13
Szirmabesenyő,48.146944,20.783056,2026-06-12 13:36:05.808368,22.15,21.75,20.08,22.95,1018,51,2.64,99,38,0.14,Rain,light rain,13
Kitérőgyár,47.766944,19.935278,2026-06-12 13:36:06.960885,23.83,23.37,23.83,23.83,1019,42,5.16,274,73,0.0,Clouds,broken clouds,13
Tápiószentmárton,47.373333,19.797778,2026-06-12 13:36:08.116497,25.53,24.97,25.53,25.53,1019,32,0.89,15,4,0.0,Clear,clear sky,13
Zagyvarékas,47.244229,20.097435,2026-06-12 13:36:09.268814,23.89,23.41,23.89,25.68,1019,41,5.12,319,3,0.0,Clear,clear sky,13
Abonyi út,47.206401,20.125204,2026-06-12 13:36:10.429703,23.89,23.41,23.89,25.68,1019,41,5.02,321,2,0.0,Clear,clear sky,13
Jászkisér felső,47.438056,20.202222,2026-06-12 13:36:11.585294,21.67,20.88,21.67,21.67,1019,38,5.95,303,22,0.0,Clouds,few clouds,13
Szellőhát,47.425556,20.188889,2026-06-12 13:36:12.745390,25.67,25.28,25.67,25.67,1019,38,5.92,305,18,0.0,Clouds,few clouds,13
Szilvásvárad-Szalajkavölgy,48.0956,20.38272,2026-06-12 13:36:13.897814,22.33,22.05,21.36,22.33,1019,55,2.22,272,77,0.49,Rain,light rain,13
Vásárosnamény külső,48.084444,22.255556,2026-06-12 13:36:15.062585,22.77,22.49,22.77,22.77,1019,53,3.84,333,52,0.0,Clouds,broken clouds,13
Újváros,46.660556,20.536111,2026-06-12 13:36:16.221149,24.98,24.34,23.32,24.98,1019,31,4.6,322,6,0.0,Clear,clear sky,13
Városi park,46.697778,19.864722,2026-06-12 13:36:17.376764,23.88,23.19,23.88,23.88,1019,33,6.06,318,14,0.0,Clouds,few clouds,13
Belsőkamaráspuszta,46.341944,20.848889,2026-06-12 13:36:18.530109,22.25,21.65,22.25,22.25,1019,43,2.89,322,39,0.0,Clouds,scattered clouds,13
Sajószöged,47.945278,20.981667,2026-06-12 13:36:19.682295,20.27,19.89,20.27,22.41,1019,59,1.08,55,67,0.0,Clouds,broken clouds,13
Kazincbarcika alsó,48.255278,20.649167,2026-06-12 13:36:20.843677,22.37,22.07,22.18,23.87,1019,54,2.27,86,69,0.0,Clouds,broken clouds,13
Nyárjas,46.857778,19.923611,2026-06-12 13:36:22.004427,23.84,23.14,23.84,23.84,1019,33,5.49,319,3,0.0,Clear,clear sky,13
Pogonyipuszta,48.296389,20.381667,2026-06-12 13:36:23.171853,23.73,23.41,22.76,23.73,1019,48,1.39,289,69,0.0,Clouds,broken clouds,13
Sióvölgy,46.911103,18.076964,2026-06-12 13:36:24.324254,23.86,23.45,20.53,23.86,1021,44,7.4,311,74,0.0,Clouds,broken clouds,13
Répáspuszta,46.430278,17.847222,2026-06-12 13:36:25.476426,22.75,22.18,22.75,22.75,1021,42,5.43,317,44,0.0,Clouds,scattered clouds,13
Virányos,48.066667,21.527222,2026-06-12 13:36:26.632785,20.94,20.4,20.94,20.94,1019,50,1.73,307,8,0.55,Rain,light rain,13
Füzesbokor,47.988611,21.6475,2026-06-12 13:36:27.789492,20.94,20.5,20.94,20.94,1019,54,2.46,318,12,4.1,Rain,heavy intensity rain,13
Kunfehértó,46.355833,19.417222,2026-06-12 13:36:28.955306,23.02,22.24,23.02,23.02,1020,33,6.15,320,55,0.0,Clouds,broken clouds,13
Erdőszél,46.329444,19.395,2026-06-12 13:36:30.114593,22.87,22.1,22.87,22.87,1020,34,6.1,319,56,0.0,Clouds,broken clouds,13
Jánoshalma,46.293056,19.330278,2026-06-12 13:36:31.270066,22.97,22.21,22.97,22.97,1020,34,6.03,318,56,0.0,Clouds,broken clouds,13
Mélykút,46.213056,19.370556,2026-06-12 13:36:32.429177,24.9,24.33,24.9,24.9,1020,34,5.94,318,54,0.0,Clouds,broken clouds,13
Bácsalmás,46.118056,19.346389,2026-06-12 13:36:33.592260,24.94,24.4,24.94,24.94,1020,35,5.82,318,54,0.0,Clouds,broken clouds,13
Almás,46.116216,19.328803,2026-06-12 13:36:34.749133,24.96,24.43,24.96,24.96,1020,35,5.82,318,54,0.0,Clouds,broken clouds,13
Bácsbokod-Bácsborsód,46.115833,19.16,2026-06-12 13:36:35.908810,22.99,22.28,22.99,22.99,1020,36,5.72,319,55,0.0,Clouds,broken clouds,13
Baja,46.187014,18.957602,2026-06-12 13:36:37.072864,23.15,22.49,23.15,23.15,1020,37,5.5,322,51,0.0,Clouds,broken clouds,13
Harkakötöny,46.458333,19.601944,2026-06-12 13:36:38.228282,22.06,21.18,22.06,22.06,1019,33,6.28,321,51,0.0,Clouds,broken clouds,13
Tajó,46.473056,19.650556,2026-06-12 13:36:39.386768,22.1,21.23,22.1,22.1,1019,33,6.27,321,49,0.0,Clouds,scattered clouds,13
Kiskunmajsa,46.501667,19.728056,2026-06-12 13:36:40.542376,22.14,21.27,22.14,23.83,1019,33,6.25,320,45,0.0,Clouds,scattered clouds,13
Jászszentlászló,46.565833,19.753611,2026-06-12 13:36:41.694837,23.85,23.15,23.85,23.85,1019,33,6.25,319,35,0.0,Clouds,scattered clouds,13
Galambos,46.625,19.801111,2026-06-12 13:36:42.858003,23.88,23.19,23.88,23.88,1019,33,6.23,319,26,0.0,Clouds,scattered clouds,13
Pestszentimre,47.402222,19.188611,2026-06-12 13:36:44.015140,22.68,21.94,21.07,23.38,1020,36,5.21,311,9,0.0,Clear,clear sky,13
Gyál felső,47.390278,19.204722,2026-06-12 13:36:45.177952,23.23,22.55,21.08,24.25,1020,36,5.3,310,9,0.0,Clear,clear sky,13
Gyál,47.376667,19.219444,2026-06-12 13:36:46.330206,23.3,22.63,21.1,24.28,1020,36,5.3,310,9,0.0,Clear,clear sky,13
Ócsa,47.301389,19.232222,2026-06-12 13:36:47.487000,23.51,22.78,21.11,24.29,1020,33,5.78,311,10,0.0,Clear,clear sky,13
Inárcs-Kakucs,47.247222,19.317778,2026-06-12 13:36:48.640588,23.43,22.74,23.43,23.43,1020,35,6.18,309,9,0.0,Clear,clear sky,13
Dabas,47.194722,19.328889,2026-06-12 13:36:49.805223,22.42,21.63,22.42,22.42,1020,35,6.32,309,8,0.0,Clear,clear sky,13
Gyón,47.178333,19.355556,2026-06-12 13:36:50.964257,22.46,21.68,22.46,22.46,1020,35,6.35,310,8,0.0,Clear,clear sky,13
Hernád,47.161389,19.4025,2026-06-12 13:36:52.117580,22.51,21.7,22.51,22.51,1020,34,6.4,309,7,0.0,Clear,clear sky,13
Bakonygyirót,47.416389,17.811944,2026-06-12 13:36:53.275374,20.47,19.72,20.47,20.47,1021,44,6.72,305,93,0.0,Clouds,overcast clouds,13
Vinye,47.360317,17.819635,2026-06-12 13:36:54.429822,20.14,19.36,20.14,20.14,1021,44,6.57,304,95,0.0,Clouds,overcast clouds,13
Nemesgörzsöny,47.402924,17.376385,2026-06-12 13:36:55.591025,20.56,19.87,20.56,20.56,1022,46,8.35,320,79,0.0,Clouds,broken clouds,13
Rábahíd,47.438618,17.337525,2026-06-12 13:36:56.752415,20.43,19.73,20.43,20.43,1022,46,8.41,321,79,0.0,Clouds,broken clouds,13
Öskü,47.162222,18.076389,2026-06-12 13:36:57.909824,23.53,22.98,23.53,23.53,1021,40,7.27,311,85,0.0,Clouds,overcast clouds,13
Márkó,47.1275,17.813889,2026-06-12 13:36:59.067248,19.31,18.39,19.31,19.31,1021,42,6.6,309,96,0.0,Clouds,overcast clouds,13
Nemeskocs,47.203333,17.188889,2026-06-12 13:37:00.218886,21.53,20.91,21.53,21.53,1022,45,5.69,329,100,0.0,Clouds,overcast clouds,13
Zalagyömörő,47.011111,17.220833,2026-06-12 13:37:01.375246,22.38,21.85,22.38,22.38,1022,45,4.58,343,100,0.0,Clouds,overcast clouds,13
Rigács,47.061667,17.199167,2026-06-12 13:37:02.532371,22.21,21.66,22.21,22.21,1022,45,4.75,342,100,0.0,Clouds,overcast clouds,13
Kemenespálfa,47.139722,17.183056,2026-06-12 13:37:03.688563,21.93,21.35,21.93,21.93,1022,45,5.06,335,100,0.0,Clouds,overcast clouds,13
Lentiszombathely,46.611389,16.5725,2026-06-12 13:37:04.862983,24.27,24.01,24.27,24.27,1021,48,1.06,319,100,0.0,Clouds,overcast clouds,13
Ortaháza,46.626667,16.685833,2026-06-12 13:37:06.021147,23.8,23.52,23.8,23.8,1021,49,1.59,293,100,0.0,Clouds,overcast clouds,13
Rádiháza,46.654722,16.765833,2026-06-12 13:37:07.181251,23.57,23.26,23.57,23.57,1022,49,1.86,291,100,0.0,Clouds,overcast clouds,13
Baktüttös,46.690833,16.826389,2026-06-12 13:37:08.336761,23.52,23.18,23.52,23.52,1022,48,2.11,290,100,0.0,Clouds,overcast clouds,13
Budafa,46.851667,16.624722,2026-06-12 13:37:09.502423,23.15,22.75,23.15,23.15,1022,47,2.62,337,100,0.0,Clouds,overcast clouds,13
Zalapatakalja,46.845556,16.603889,2026-06-12 13:37:10.660409,23.17,22.8,23.17,23.17,1022,48,2.45,342,99,0.0,Clouds,overcast clouds,13
Tormásliget,47.430556,16.781667,2026-06-12 13:37:11.820759,20.3,19.82,20.3,20.3,1022,55,4.71,341,100,0.0,Clouds,overcast clouds,13
Belecska,46.64,18.411389,2026-06-12 13:37:12.983823,22.74,22.04,22.74,22.74,1021,37,5.46,308,19,0.0,Clouds,few clouds,13
Almár,47.956111,20.356944,2026-06-12 13:37:14.143380,23.54,23.39,22.57,23.54,1019,55,3.02,255,90,0.0,Clouds,overcast clouds,13
Vasútmúzeum,47.543889,19.099444,2026-06-12 13:37:15.314582,22.47,21.82,21.11,23.43,1020,40,1.79,317,8,0.0,Clear,clear sky,13
Abda,47.690833,17.540556,2026-06-12 13:37:16.469663,19.73,18.99,19.73,19.73,1021,47,9.55,304,81,0.0,Clouds,broken clouds,13
Vadaspark,47.526111,18.949167,2026-06-12 13:37:17.624004,20.03,19.19,19.31,21.62,1020,42,1.79,350,8,0.0,Clear,clear sky,13
Barosstelep,47.398889,18.989167,2026-06-12 13:37:18.786326,21.61,20.92,21.17,23.49,1020,42,5.08,317,8,0.0,Clear,clear sky,13
Fegyvernek-Örményes,47.194444,20.5575,2026-06-12 13:37:19.952547,24.28,23.73,24.28,24.28,1019,37,4.74,303,5,0.0,Clear,clear sky,13
Zagyvapálfalva,48.068889,19.785,2026-06-12 13:37:21.106269,22.82,22.25,22.82,22.82,1019,42,5.05,274,31,0.0,Clouds,scattered clouds,13
Salgótarján,48.105556,19.807222,2026-06-12 13:37:22.265516,22.06,21.42,22.06,22.06,1019,42,4.81,277,25,0.0,Clouds,scattered clouds,13
Szabadisóstó,46.933889,18.118056,2026-06-12 13:37:23.428095,23.84,23.43,20.51,23.84,1021,44,7.39,312,71,0.0,Clouds,broken clouds,13
Siófok,46.907778,18.053889,2026-06-12 13:37:24.591707,23.84,23.43,20.51,23.84,1021,44,7.4,311,74,0.0,Clouds,broken clouds,13
Balatonszéplak felső,46.898056,18.018056,2026-06-12 13:37:25.748022,23.84,23.43,20.51,23.84,1021,44,7.31,310,73,0.0,Clouds,broken clouds,13
Balatonszéplak alsó,46.891944,17.993333,2026-06-12 13:37:26.906511,23.84,23.43,20.51,23.84,1021,44,3.13,315,75,0.0,Clouds,broken clouds,13
Zamárdi felső,46.886111,17.969444,2026-06-12 13:37:28.060112,20.52,19.44,20.52,23.85,1021,31,3.13,315,77,0.0,Clouds,broken clouds,13
Zamárdi,46.88,17.944722,2026-06-12 13:37:29.214214,20.46,19.37,20.46,23.79,1021,31,3.13,315,77,0.0,Clouds,broken clouds,13
Szántód,46.861944,17.899167,2026-06-12 13:37:30.368131,20.53,19.45,20.53,23.86,1021,31,3.13,315,79,0.0,Clouds,broken clouds,13
Szőny-Déli,47.735278,18.141944,2026-06-12 13:37:31.528347,20.51,19.82,20.51,20.51,1021,46,6.73,304,77,0.0,Clouds,broken clouds,13
Várpalota,47.194444,18.149167,2026-06-12 13:37:32.687953,20.78,19.96,20.78,20.78,1021,40,7.04,312,70,0.0,Clouds,broken clouds,13
Pétfürdő,47.1675,18.121389,2026-06-12 13:37:33.843472,23.66,23.13,23.66,23.66,1021,40,7.15,312,76,0.0,Clouds,broken clouds,13
Hajmáskér,47.141111,18.009444,2026-06-12 13:37:35.006840,23.44,22.91,20.11,23.44,1021,41,7.25,310,88,0.0,Clouds,overcast clouds,13
Veszprém,47.118889,17.91,2026-06-12 13:37:36.165362,19.9,19.02,19.9,23.23,1021,41,7.02,308,95,0.0,Clouds,overcast clouds,13
Herend,47.136944,17.760278,2026-06-12 13:37:37.322847,19.09,18.15,19.09,19.09,1021,42,6.48,310,97,0.0,Clouds,overcast clouds,13
Városlőd,47.144167,17.652778,2026-06-12 13:37:38.483026,19.99,19.19,19.99,19.99,1022,44,6.37,315,100,0.0,Clouds,overcast clouds,13
Városlőd-Kislőd,47.133889,17.631111,2026-06-12 13:37:39.642489,20.51,19.77,20.51,20.51,1022,44,6.25,316,100,0.0,Clouds,overcast clouds,13
Ajka,47.105902,17.572938,2026-06-12 13:37:40.800808,21.05,20.39,21.05,21.05,1022,45,6.06,325,100,0.0,Clouds,overcast clouds,13
Ajka-Gyártelep,47.096806,17.555219,2026-06-12 13:37:41.957671,21.05,20.39,21.05,21.05,1022,45,6.06,325,100,0.0,Clouds,overcast clouds,13
Devecser,47.1125,17.435278,2026-06-12 13:37:43.117078,21.51,20.92,21.51,21.51,1022,46,6.01,331,100,0.0,Clouds,overcast clouds,13
Somlóvásárhely,47.124444,17.369167,2026-06-12 13:37:44.275795,21.54,20.95,21.54,21.54,1022,46,6.01,334,100,0.0,Clouds,overcast clouds,13
Tüskevár,47.128611,17.331389,2026-06-12 13:37:45.430682,21.68,21.1,21.68,21.68,1022,46,5.89,335,100,0.0,Clouds,overcast clouds,13
Karakószörcsök,47.133611,17.287778,2026-06-12 13:37:46.590784,21.77,21.18,21.77,21.77,1022,45,5.75,336,100,0.0,Clouds,overcast clouds,13
Kerta,47.151944,17.237222,2026-06-12 13:37:47.748200,21.8,21.21,21.8,21.8,1022,45,5.46,334,100,0.0,Clouds,overcast clouds,13
Boba,47.183333,17.191389,2026-06-12 13:37:48.901785,21.65,21.05,21.65,21.65,1022,45,5.46,331,100,0.0,Clouds,overcast clouds,13
Börgönd,47.140278,18.515,2026-06-12 13:37:50.067350,21.78,20.95,21.78,21.78,1020,36,7.17,315,39,0.0,Clouds,scattered clouds,13
Belsőbáránd,47.102778,18.499722,2026-06-12 13:37:51.230081,21.78,20.95,21.78,21.78,1020,36,7.16,316,40,0.0,Clouds,scattered clouds,13
Zichyújfalu,47.124444,18.6725,2026-06-12 13:37:52.384650,21.87,21.03,21.87,21.87,1020,35,6.37,318,15,0.0,Clouds,few clouds,13
Seregélyes,47.121111,18.580556,2026-06-12 13:37:53.550952,21.95,21.14,21.95,21.95,1020,36,7.05,316,35,0.0,Clouds,scattered clouds,13
Polgárdi-Ipartelepek,47.079167,18.314444,2026-06-12 13:37:54.710821,23.47,22.84,23.47,23.47,1020,37,7.23,317,53,0.0,Clouds,broken clouds,13
Polgárdi,47.07,18.284167,2026-06-12 13:37:55.869667,23.47,22.84,23.47,23.47,1020,37,7.23,317,53,0.0,Clouds,broken clouds,13
Füle,47.05,18.255278,2026-06-12 13:37:57.025820,23.44,22.81,23.44,23.44,1021,37,7.22,317,56,0.0,Clouds,broken clouds,13
Zánka-Erzsébettábor,46.8775,17.709167,2026-06-12 13:37:58.181851,20.46,19.37,20.46,23.79,1021,31,6.52,322,92,0.0,Clouds,overcast clouds,13
Csajág,47.033889,18.186389,2026-06-12 13:37:59.340601,23.68,23.25,20.35,23.68,1021,44,7.42,315,66,0.0,Clouds,broken clouds,13
Balatonakarattya,47.017222,18.167778,2026-06-12 13:38:00.504828,23.53,23.09,20.2,23.53,1021,44,7.42,315,66,0.0,Clouds,broken clouds,13
Csittényhegy,47.025278,18.1375,2026-06-12 13:38:01.657595,23.75,23.33,20.42,23.75,1021,44,7.52,315,70,0.0,Clouds,broken clouds,13
Balatonkenese,47.0325,18.105556,2026-06-12 13:38:02.814763,23.83,23.42,20.5,23.83,1021,44,7.6,314,74,0.0,Clouds,broken clouds,13
Balatonfűzfő,47.060278,18.0425,2026-06-12 13:38:03.976954,23.86,23.45,20.53,23.86,1021,44,7.65,312,84,0.0,Clouds,broken clouds,13
Balatonalmádi,47.028333,18.015,2026-06-12 13:38:05.133363,23.83,23.42,20.5,23.83,1021,44,7.69,312,83,0.0,Clouds,broken clouds,13
Káptalanfüred,47.008889,18.003889,2026-06-12 13:38:06.301018,23.86,23.45,20.53,23.86,1021,44,7.65,312,84,0.0,Clouds,broken clouds,13
Alsóörs,46.985278,17.974722,2026-06-12 13:38:07.456467,20.54,19.46,20.54,23.87,1021,31,3.13,315,84,0.0,Clouds,broken clouds,13
Csopak,46.974722,17.931111,2026-06-12 13:38:08.612353,20.41,19.32,20.41,23.74,1021,31,3.13,315,88,0.0,Clouds,overcast clouds,13
Balatonarács,46.9625,17.8975,2026-06-12 13:38:09.778171,20.31,19.21,20.31,23.64,1021,31,3.13,315,88,0.0,Clouds,overcast clouds,13
Balatonfüred,46.955833,17.883056,2026-06-12 13:38:10.926943,20.33,19.23,20.33,23.66,1021,31,3.13,315,89,0.0,Clouds,overcast clouds,13
Aszófő,46.925556,17.8325,2026-06-12 13:38:12.083867,20.48,19.39,20.48,23.81,1021,31,3.13,315,88,0.0,Clouds,overcast clouds,13
Örvényes,46.9125,17.818056,2026-06-12 13:38:13.240985,20.5,19.42,20.5,23.83,1021,31,3.13,315,88,0.0,Clouds,overcast clouds,13
Balatonudvari,46.904722,17.808056,2026-06-12 13:38:14.400350,20.53,19.45,20.53,23.86,1021,31,3.13,315,90,0.0,Clouds,overcast clouds,13
Fövenyes,46.893611,17.789444,2026-06-12 13:38:15.558761,20.55,19.47,20.55,23.88,1021,31,3.13,315,88,0.0,Clouds,overcast clouds,13
Balatonakali-Dörgicse,46.88,17.747778,2026-06-12 13:38:16.718213,20.54,19.46,20.54,23.87,1021,31,6.78,318,90,0.0,Clouds,overcast clouds,13
Zánka-Köveskál,46.872778,17.687778,2026-06-12 13:38:17.871488,20.53,19.45,20.53,23.86,1021,31,6.34,324,93,0.0,Clouds,overcast clouds,13
Balatonszepezd,46.851111,17.663056,2026-06-12 13:38:19.030072,20.53,19.45,20.53,20.53,1021,31,6.36,324,93,0.0,Clouds,overcast clouds,13
Szepezdfürdő,46.839722,17.649444,2026-06-12 13:38:20.184345,20.5,19.75,20.5,20.5,1021,44,6.16,326,94,0.0,Clouds,overcast clouds,13
Révfülöp,46.829167,17.632222,2026-06-12 13:38:21.342162,20.51,19.77,20.51,20.51,1021,44,6.16,326,94,0.0,Clouds,overcast clouds,13
Balatonrendes,46.824722,17.582778,2026-06-12 13:38:22.496597,20.51,19.77,20.51,20.51,1021,44,5.43,332,98,0.0,Clouds,overcast clouds,13
Ábrahámhegy,46.815,17.572222,2026-06-12 13:38:23.663096,20.48,19.73,20.48,20.48,1021,44,5.43,332,98,0.0,Clouds,overcast clouds,13
Badacsonyörs,46.805556,17.531667,2026-06-12 13:38:24.816220,22.78,22.26,22.78,22.78,1022,44,5.19,334,99,0.0,Clouds,overcast clouds,13
Kisújszállás,47.223889,20.751111,2026-06-12 13:38:25.970861,24.39,23.88,24.39,24.39,1019,38,4.1,312,22,0.0,Clouds,few clouds,13
Karcag,47.303333,20.928056,2026-06-12 13:38:27.131636,24.4,23.94,24.4,24.4,1019,40,2.63,350,66,0.0,Clouds,broken clouds,13
Püspökladány,47.3275,21.128889,2026-06-12 13:38:28.301773,24.27,23.85,24.27,24.27,1019,42,2.87,32,88,0.0,Clouds,overcast clouds,13
Kaba,47.368889,21.259444,2026-06-12 13:38:29.464684,24.06,23.7,24.06,24.06,1019,45,2.64,41,97,0.0,Clouds,overcast clouds,13
Hajdúszoboszló,47.429444,21.406944,2026-06-12 13:38:30.625984,23.9,23.57,23.9,23.9,1019,47,1.43,23,100,0.0,Clouds,overcast clouds,13
Ebes,47.462778,21.488889,2026-06-12 13:38:31.787318,23.81,23.5,23.81,23.81,1019,48,1.38,5,100,0.0,Clouds,overcast clouds,13
Debrecen,47.520278,21.628611,2026-06-12 13:38:32.943243,23.68,23.36,23.68,23.68,1019,48,2.05,340,98,0.0,Clouds,overcast clouds,13
Debrecen-Csapókert,47.540556,21.648056,2026-06-12 13:38:34.099708,23.58,23.25,23.58,23.58,1019,48,2.42,338,93,0.0,Clouds,overcast clouds,13
Apafa,47.584045,21.655858,2026-06-12 13:38:35.257387,23.61,23.28,23.61,23.61,1019,48,2.65,340,87,0.0,Clouds,overcast clouds,13
Bocskaikert,47.6425,21.666389,2026-06-12 13:38:36.422193,23.6,23.27,23.6,23.6,1019,48,3.32,344,67,0.0,Clouds,broken clouds,13
Hajdúhadház,47.686944,21.679167,2026-06-12 13:38:37.583692,23.67,23.35,23.67,23.67,1019,48,3.52,343,58,0.0,Clouds,broken clouds,13
Téglás,47.714722,21.684722,2026-06-12 13:38:38.739097,23.73,23.41,23.73,23.73,1019,48,3.64,344,51,0.0,Clouds,broken clouds,13
Újfehértó,47.814444,21.706389,2026-06-12 13:38:39.895441,23.96,23.72,23.96,23.96,1019,50,3.66,342,25,0.0,Clouds,scattered clouds,13
Nyíregyháza,47.946667,21.705556,2026-06-12 13:38:41.049417,23.97,23.78,23.97,23.97,1019,52,2.84,328,13,4.52,Rain,heavy intensity rain,13
Sóstó,47.998051,21.729047,2026-06-12 13:38:42.216868,20.92,20.48,20.92,20.92,1019,54,2.68,325,26,0.59,Rain,light rain,13
Sóstóhegy,48.012222,21.742778,2026-06-12 13:38:43.373430,20.92,20.5,20.92,20.92,1019,55,2.58,322,30,0.45,Rain,light rain,13
Kemecse,48.065556,21.801667,2026-06-12 13:38:44.530884,23.71,23.62,23.71,23.71,1019,57,2.59,319,49,0.0,Clouds,scattered clouds,13
Nyírbogdány,48.082222,21.855278,2026-06-12 13:38:45.690263,23.57,23.5,23.57,23.57,1019,58,2.63,317,59,0.0,Clouds,broken clouds,13
Kék,48.093333,21.883889,2026-06-12 13:38:46.845869,23.53,23.45,23.53,23.53,1019,58,2.8,319,62,0.0,Clouds,broken clouds,13
Demecser,48.111667,21.926667,2026-06-12 13:38:48.001348,23.44,23.35,23.44,23.44,1019,58,2.82,316,70,0.0,Clouds,broken clouds,13
Gégény,48.128333,21.951944,2026-06-12 13:38:49.159531,23.32,23.25,23.32,23.32,1019,59,2.82,313,77,0.0,Clouds,broken clouds,13
Pátroha,48.158611,21.996667,2026-06-12 13:38:50.329874,23.26,23.18,23.26,23.26,1019,59,2.83,310,83,0.0,Clouds,broken clouds,13
Ajak,48.1865,22.048972,2026-06-12 13:38:51.488532,23.17,23.08,23.17,23.17,1019,59,2.81,308,87,0.0,Clouds,overcast clouds,13
Kisvárda,48.208333,22.078333,2026-06-12 13:38:52.643321,23.13,23.04,23.13,23.13,1019,59,2.8,312,86,0.0,Clouds,overcast clouds,13
Kisvárda-Hármasút,48.228333,22.091944,2026-06-12 13:38:53.810278,23.13,23.04,23.13,23.13,1019,59,2.8,312,86,0.0,Clouds,overcast clouds,13
Fényeslitke,48.267222,22.107222,2026-06-12 13:38:54.965112,22.98,22.87,22.98,22.98,1019,59,2.62,314,84,0.0,Clouds,broken clouds,13
Komoró,48.305278,22.118056,2026-06-12 13:38:56.119711,22.97,22.89,22.97,22.97,1019,60,2.51,315,83,0.0,Clouds,broken clouds,13
Tuzsér,48.342222,22.131667,2026-06-12 13:38:57.275613,22.86,22.79,22.86,22.86,1019,61,2.28,319,78,0.0,Clouds,broken clouds,13
Tiszabezdéd,48.371389,22.145,2026-06-12 13:38:58.433748,22.81,22.71,22.81,22.81,1019,60,2.17,332,66,0.0,Clouds,broken clouds,13
Záhony,48.402222,22.183611,2026-06-12 13:38:59.590535,22.73,22.6,22.73,22.73,1019,59,2.14,346,52,0.0,Clouds,broken clouds,13
Karcag-Vásártér,47.3225,20.9075,2026-06-12 13:39:00.746072,21.67,20.94,21.67,21.67,1019,40,2.63,350,66,0.0,Clouds,broken clouds,13
Berekfürdő,47.374722,20.827222,2026-06-12 13:39:01.909952,21.66,20.95,21.66,21.66,1019,41,2.65,333,71,0.0,Clouds,broken clouds,13
Kunmadaras,47.415278,20.793056,2026-06-12 13:39:03.067802,21.65,21.23,21.65,21.65,1019,52,2.46,334,84,0.0,Clouds,broken clouds,13
Tiszaszentimre,47.490833,20.733056,2026-06-12 13:39:04.220460,21.66,21.24,21.66,21.66,1019,52,2.47,328,91,0.0,Clouds,overcast clouds,13
Tiszaszőlős,47.555556,20.728056,2026-06-12 13:39:05.373303,21.66,21.24,21.66,21.66,1019,52,2.26,327,86,0.0,Clouds,overcast clouds,13
Hosszúhát,47.235556,21.101944,2026-06-12 13:39:06.543519,24.22,23.74,24.22,24.22,1019,40,3.46,31,80,0.25,Rain,light rain,13
Szerep,47.234444,21.145833,2026-06-12 13:39:07.701918,24.16,23.7,24.16,24.16,1019,41,3.64,36,85,0.0,Clouds,overcast clouds,13
Sárrétudvari,47.231667,21.180833,2026-06-12 13:39:08.861253,24.08,23.64,24.08,24.08,1019,42,3.81,40,89,0.0,Clouds,overcast clouds,13
Biharnagybajom,47.208889,21.221944,2026-06-12 13:39:10.016627,23.92,23.49,23.92,23.92,1019,43,4.12,45,95,0.0,Clouds,overcast clouds,13
Füzesgyarmat,47.113056,21.194444,2026-06-12 13:39:11.170297,24.01,23.51,24.01,24.01,1019,40,3.58,39,87,0.0,Clouds,overcast clouds,13
Füzesgyarmatfürdő,47.093787,21.201582,2026-06-12 13:39:12.323625,24.01,23.51,24.01,24.01,1019,40,3.58,39,87,0.0,Clouds,overcast clouds,13
Báránd,47.299722,21.235278,2026-06-12 13:39:13.477651,24.05,23.66,24.05,24.05,1019,44,3.35,43,94,0.0,Clouds,overcast clouds,13
Sáp,47.259722,21.360556,2026-06-12 13:39:14.637212,23.78,23.36,23.78,23.78,1019,44,3.69,47,98,0.0,Clouds,overcast clouds,13
Berettyóújfalu,47.211944,21.535556,2026-06-12 13:39:15.791267,23.37,22.96,23.37,23.37,1019,46,2.92,38,97,0.0,Clouds,overcast clouds,13
Mezőpeterd,47.176111,21.625278,2026-06-12 13:39:16.946497,21.39,20.79,21.39,21.39,1019,46,2.74,28,92,0.0,Clouds,overcast clouds,13
Biharkeresztes,47.135556,21.721389,2026-06-12 13:39:18.099664,21.36,20.67,21.36,21.36,1019,43,3.13,16,81,0.0,Clouds,broken clouds,13
Tócóvölgy,47.529444,21.588889,2026-06-12 13:39:19.263868,23.76,23.44,23.76,23.76,1019,48,1.92,344,98,0.0,Clouds,overcast clouds,13
Sáregres,46.7825,18.588889,2026-06-12 13:39:20.428021,22.59,21.82,22.59,22.59,1020,35,5.53,321,15,0.0,Clouds,few clouds,13
Simontornya,46.756582,18.540674,2026-06-12 13:39:21.593630,22.52,21.77,22.52,22.52,1020,36,5.6,316,26,0.0,Clouds,scattered clouds,13
Tolnanémedi,46.727778,18.475833,2026-06-12 13:39:22.761380,22.62,21.88,22.62,22.62,1020,36,5.56,314,28,0.0,Clouds,scattered clouds,13
Pincehely,46.681389,18.43,2026-06-12 13:39:23.917658,22.53,21.8,22.53,22.53,1021,37,5.55,308,28,0.0,Clouds,scattered clouds,13
Keszőhidegkút-Gyönk,46.597778,18.426111,2026-06-12 13:39:25.070692,22.69,21.98,22.69,22.69,1021,37,5.43,309,15,0.0,Clouds,few clouds,13
Szárazd,46.575556,18.420833,2026-06-12 13:39:26.225594,22.76,22.06,22.76,22.76,1021,37,5.4,309,12,0.0,Clouds,few clouds,13
Regöly,46.568889,18.396111,2026-06-12 13:39:27.387563,22.76,22.06,22.76,22.76,1021,37,5.4,309,12,0.0,Clouds,few clouds,13
Szakály-Hőgyész,46.523611,18.389444,2026-06-12 13:39:28.542683,22.73,22.05,22.73,22.73,1021,38,5.41,311,10,0.0,Clear,clear sky,13
Dúzs,46.493889,18.377222,2026-06-12 13:39:29.702465,22.8,22.13,22.8,22.8,1021,38,5.38,312,11,0.0,Clouds,few clouds,13
Csibrák,46.466667,18.336389,2026-06-12 13:39:30.861670,22.9,22.24,22.9,22.9,1021,38,5.39,314,13,0.0,Clouds,few clouds,13
Kurd,46.449167,18.319167,2026-06-12 13:39:32.018574,22.58,21.89,22.58,22.58,1021,38,5.34,315,16,0.0,Clouds,few clouds,13
Döbrököz,46.418889,18.255,2026-06-12 13:39:33.176522,22.94,22.31,22.94,22.94,1021,39,5.37,318,20,0.0,Clouds,few clouds,13
Dombóvár,46.37,18.149722,2026-06-12 13:39:34.347425,23.09,22.47,23.09,23.09,1021,39,5.36,325,25,0.0,Clouds,scattered clouds,13
Dombóvár alsó,46.363889,18.134167,2026-06-12 13:39:35.515997,23.09,22.47,23.09,23.09,1021,39,5.36,325,25,0.0,Clouds,scattered clouds,13
Somoskőújfalu,48.154722,19.815556,2026-06-12 13:39:36.668064,20.88,20.15,20.88,20.88,1019,43,4.63,281,20,0.0,Clouds,few clouds,13
Jászfényszaru,47.593056,19.754444,2026-06-12 13:39:37.824052,23.34,22.77,23.34,23.34,1019,40,5.89,304,14,0.0,Clouds,few clouds,13
Pusztamonostor,47.564444,19.794167,2026-06-12 13:39:38.979157,25.5,25.12,25.5,25.5,1019,39,5.93,305,16,0.0,Clouds,few clouds,13
Jászberény,47.494444,19.893333,2026-06-12 13:39:40.134675,25.6,25.21,25.6,25.6,1019,38,6.05,309,16,0.0,Clouds,few clouds,13
Meggyespele,47.441944,19.938889,2026-06-12 13:39:41.294654,25.62,25.07,25.62,25.62,1019,32,6.06,310,19,0.0,Clouds,few clouds,13
Portelek,47.418056,19.958889,2026-06-12 13:39:42.450327,25.64,25.1,25.64,25.64,1019,32,6.0,312,16,0.0,Clouds,few clouds,13
Jászboldogháza-Jánoshida,47.366944,20.001389,2026-06-12 13:39:43.604111,25.63,25.08,25.63,25.63,1019,32,5.81,315,11,0.0,Clouds,few clouds,13
Jászárokszállás,47.635556,19.971111,2026-06-12 13:39:44.760427,23.92,23.44,23.92,23.92,1019,41,5.54,290,55,0.0,Clouds,broken clouds,13
Jászdózsa,47.563056,20.028056,2026-06-12 13:39:45.921542,24.0,23.5,24.0,24.0,1019,40,5.76,294,51,0.0,Clouds,broken clouds,13
Jászapáti,47.513611,20.155,2026-06-12 13:39:47.075010,24.09,23.6,24.09,24.09,1019,40,5.83,296,40,0.0,Clouds,scattered clouds,13
Jászkisér,47.456111,20.203333,2026-06-12 13:39:48.241400,24.12,23.61,24.12,24.12,1019,39,5.94,301,27,0.0,Clouds,scattered clouds,13
Jászladány,47.373333,20.159167,2026-06-12 13:39:49.403172,25.68,25.27,25.68,25.68,1019,37,5.76,309,11,0.0,Clouds,few clouds,13
Szászberek,47.320556,20.090833,2026-06-12 13:39:50.556821,25.67,25.13,23.88,25.67,1019,32,5.49,314,6,0.0,Clear,clear sky,13
Gyöngyöshalász,47.743056,19.932222,2026-06-12 13:39:51.710293,23.94,23.49,23.94,23.94,1019,42,5.16,277,70,0.0,Clouds,broken clouds,13
Gyöngyös,47.783056,19.937222,2026-06-12 13:39:52.868529,23.73,23.26,23.73,23.73,1019,42,5.03,273,81,0.0,Clouds,broken clouds,13
Erdőtelek,47.683333,20.3025,2026-06-12 13:39:54.028966,24.19,23.87,24.19,24.19,1019,46,4.74,267,82,0.0,Clouds,broken clouds,13
Heves,47.609444,20.306111,2026-06-12 13:39:55.195847,24.25,23.85,24.25,24.25,1019,43,5.16,284,62,0.0,Clouds,broken clouds,13
Hevesvezekény,47.562222,20.365833,2026-06-12 13:39:56.369604,24.34,23.95,24.34,24.34,1019,43,5.24,288,59,0.0,Clouds,broken clouds,13
Tarnaszentmiklós,47.546944,20.390833,2026-06-12 13:39:57.531361,24.33,23.92,24.33,24.33,1019,42,5.41,293,53,0.0,Clouds,broken clouds,13
Kisköre,47.495556,20.481667,2026-06-12 13:39:58.686811,24.4,23.99,24.4,24.4,1019,42,5.08,302,58,0.0,Clouds,broken clouds,13
Abádszalók,47.455278,20.553056,2026-06-12 13:39:59.846807,24.39,23.98,24.39,24.39,1019,42,4.93,305,58,0.0,Clouds,broken clouds,13
Kunhegyes,47.376667,20.641111,2026-06-12 13:40:01.000329,24.4,23.97,24.4,24.4,1019,41,3.95,311,59,0.0,Clouds,broken clouds,13
Kenderes,47.254444,20.686111,2026-06-12 13:40:02.155378,24.37,23.88,24.37,24.37,1019,39,4.4,306,20,0.0,Clouds,few clouds,13
Maklár,47.808056,20.404722,2026-06-12 13:40:03.314555,23.88,23.6,22.91,23.88,1019,49,4.07,243,80,0.0,Clouds,broken clouds,13
Andornaktálya,47.852203,20.402295,2026-06-12 13:40:04.470214,23.82,23.59,22.85,23.82,1019,51,3.66,239,77,0.0,Clouds,broken clouds,13
Eger,47.891667,20.381667,2026-06-12 13:40:05.640190,23.73,23.59,22.76,23.73,1019,55,3.6,245,90,0.0,Clouds,overcast clouds,13
Egervár,47.908056,20.380556,2026-06-12 13:40:06.805622,23.54,23.39,22.58,23.54,1019,55,3.34,245,88,0.0,Clouds,overcast clouds,13
Eger-Felnémet,47.936667,20.370556,2026-06-12 13:40:07.975235,23.6,23.45,22.63,23.6,1019,55,3.09,247,86,0.0,Clouds,overcast clouds,13
Szarvaskő,47.988611,20.3325,2026-06-12 13:40:09.134743,23.19,23.0,22.22,23.19,1019,55,2.86,259,87,0.0,Clouds,overcast clouds,13
Mónosbél,48.031944,20.33,2026-06-12 13:40:10.289648,23.01,22.8,22.04,23.01,1019,55,2.68,267,82,0.0,Clouds,broken clouds,13
Bélapátfalva,48.055556,20.340556,2026-06-12 13:40:11.447403,22.71,22.47,21.75,22.71,1019,55,2.65,271,80,0.15,Rain,light rain,13
Bélapátfalvi Cementgyár,48.058056,20.355,2026-06-12 13:40:12.599027,22.67,22.43,21.7,22.67,1019,55,2.65,271,80,0.0,Clouds,broken clouds,13
Szilvásvárad,48.11345,20.37919,2026-06-12 13:40:13.757097,22.54,22.29,21.57,22.54,1019,55,2.18,275,76,0.0,Clouds,broken clouds,13
Hejőkeresztúr,47.960278,20.869444,2026-06-12 13:40:14.913494,20.24,19.86,20.24,21.83,1019,59,1.34,265,34,0.0,Clouds,scattered clouds,13
Tiszaújváros,47.926111,21.030556,2026-06-12 13:40:16.067206,20.29,19.68,20.29,21.88,1019,50,1.05,50,74,0.0,Clouds,broken clouds,13
Miskolc-Gömöri,48.106667,20.800278,2026-06-12 13:40:17.218895,21.57,21.17,20.14,23.0,1018,53,2.59,99,34,0.0,Clouds,scattered clouds,13
Sajókeresztúr,48.168008,20.774014,2026-06-12 13:40:18.374983,21.66,21.21,20.08,22.95,1018,51,2.65,98,41,0.37,Rain,light rain,13
Sajóecseg,48.186111,20.766667,2026-06-12 13:40:19.528991,21.72,21.28,20.12,22.99,1019,51,2.63,96,43,0.1,Clouds,scattered clouds,13
Sajószentpéter,48.222222,20.708056,2026-06-12 13:40:20.699639,21.76,21.32,20.03,22.89,1019,51,2.61,94,50,0.0,Clouds,scattered clouds,13
Kazincbarcika,48.264444,20.6275,2026-06-12 13:40:21.851078,22.04,21.71,21.62,23.87,1019,54,2.07,78,73,0.0,Clouds,broken clouds,13
Sajókaza,48.272778,20.581944,2026-06-12 13:40:23.013814,22.38,22.08,21.62,23.86,1019,54,1.77,74,76,0.0,Clouds,broken clouds,13
Vadna,48.276389,20.555278,2026-06-12 13:40:24.170446,22.73,22.47,21.6,23.84,1019,54,1.77,74,76,0.0,Clouds,broken clouds,13
Dubicsány,48.280833,20.504722,2026-06-12 13:40:25.326821,23.05,22.77,21.58,23.82,1019,52,0.73,36,79,0.0,Clouds,broken clouds,13
Raposka,46.851389,17.412778,2026-06-12 13:40:26.480197,23.0,22.48,23.0,23.0,1022,43,4.44,343,100,0.0,Clouds,overcast clouds,13
Ivacs,47.641944,19.273889,2026-06-12 13:40:27.650175,22.9,22.19,21.24,23.05,1020,36,5.25,312,6,0.0,Clear,clear sky,13
Kisköre-Tiszahíd,47.480835,20.507698,2026-06-12 13:40:28.802958,24.39,23.98,24.39,24.39,1019,42,5.17,303,53,0.0,Clouds,broken clouds,13
Rozsály,47.912778,22.7825,2026-06-12 13:40:29.965518,21.14,20.56,21.14,21.14,1019,48,4.53,338,78,0.0,Clouds,broken clouds,13
Pusztakettős,47.453611,20.749722,2026-06-12 13:40:31.124460,21.66,21.27,21.66,21.66,1019,53,2.49,331,87,0.0,Clouds,overcast clouds,13
Kisvác,47.795278,19.113611,2026-06-12 13:40:32.290462,23.27,22.7,20.34,23.27,1020,40,5.11,308,7,0.0,Clear,clear sky,13
Tiszafüred-Gyártelep,47.6075,20.736111,2026-06-12 13:40:33.444797,21.63,21.23,21.63,21.63,1019,53,2.09,322,73,0.0,Clouds,broken clouds,13
Újkenéz,48.251111,22.221667,2026-06-12 13:40:34.598410,22.8,22.62,22.8,22.8,1019,57,2.91,335,61,0.0,Clouds,broken clouds,13
Püspökladány-Vásártér,47.319167,21.096111,2026-06-12 13:40:35.754859,24.25,23.83,24.25,24.25,1019,42,3.09,32,86,0.0,Clouds,overcast clouds,13
Végegyháza alsó,46.3675,20.866944,2026-06-12 13:40:36.912273,21.16,20.45,21.16,21.16,1019,43,2.68,326,32,0.0,Clouds,scattered clouds,13
Orosháza felső,46.553611,20.655278,2026-06-12 13:40:38.076535,24.96,24.48,24.96,24.96,1019,37,4.3,314,15,0.0,Clouds,few clouds,13
Ambrózfalva,46.353056,20.740556,2026-06-12 13:40:39.232249,23.54,23.02,23.54,23.54,1019,41,3.54,312,37,0.0,Clouds,scattered clouds,13
Alsónyék,46.199444,18.738056,2026-06-12 13:40:40.389863,24.15,23.64,24.15,24.15,1021,39,5.41,324,36,0.0,Clouds,scattered clouds,13
Tompapuszta,46.321389,20.966389,2026-06-12 13:40:41.547611,21.16,21.94,21.15,24.52,1019,100,2.54,349,26,0.0,Clouds,scattered clouds,13
Halászlak,46.911879,20.56228,2026-06-12 13:40:42.700667,24.99,24.46,24.99,24.99,1019,35,5.11,317,4,0.0,Clear,clear sky,13
Sirató,46.840556,20.61,2026-06-12 13:40:43.857049,25.0,24.44,25.0,25.0,1019,34,5.1,318,5,0.0,Clear,clear sky,13
Csabacsűd felső,46.829167,20.649167,2026-06-12 13:40:45.013480,24.99,24.46,24.99,24.99,1019,35,5.13,316,6,0.0,Clear,clear sky,13
Orosháza-Üveggyár,46.579979,20.683644,2026-06-12 13:40:46.172645,24.94,24.46,24.94,24.94,1019,37,4.29,314,15,0.0,Clouds,few clouds,13
Gyulai városerdő,46.69482,21.32281,2026-06-12 13:40:47.332034,23.86,23.27,23.86,23.86,1019,37,2.27,56,58,0.0,Clouds,broken clouds,13
Kórógyszentgyörgy,46.564377,20.224998,2026-06-12 13:40:48.491120,23.34,22.67,23.34,25.0,1019,36,4.96,322,10,0.0,Clear,clear sky,13
Kunszállás,46.784444,19.767222,2026-06-12 13:40:49.644500,23.83,23.13,23.83,23.83,1019,33,6.26,315,10,0.0,Clear,clear sky,13
Selymes,46.655321,19.8534,2026-06-12 13:40:50.812027,23.89,23.2,23.89,23.89,1019,33,6.18,318,22,0.0,Clouds,few clouds,13
Petőfiszállási tanyák,46.587805,19.874509,2026-06-12 13:40:51.971315,23.93,23.24,22.23,23.93,1019,33,6.08,319,29,0.0,Clouds,scattered clouds,13
Kisteleki szőlők,46.514199,19.92868,2026-06-12 13:40:53.126011,22.22,21.36,22.22,23.92,1019,33,5.85,319,35,0.0,Clouds,scattered clouds,13
Kapitányság,46.435336,19.987564,2026-06-12 13:40:54.282338,22.24,21.62,22.24,22.24,1019,42,5.59,319,34,0.0,Clouds,scattered clouds,13
Őszeszék,46.39025,20.016017,2026-06-12 13:40:55.435593,22.27,21.65,22.27,22.27,1019,42,5.44,319,29,0.0,Clouds,scattered clouds,13
Vilmaszállás,46.366389,20.030833,2026-06-12 13:40:56.595181,22.25,21.63,22.25,22.25,1019,42,4.47,315,29,0.0,Clouds,scattered clouds,13
Jánosszállás,46.334359,20.051199,2026-06-12 13:40:57.755909,22.28,21.66,22.28,22.28,1019,42,5.35,319,28,0.0,Clouds,scattered clouds,13
Felsőpakony,47.343056,19.230556,2026-06-12 13:40:58.913786,23.38,22.69,21.64,24.31,1020,35,5.64,311,10,0.0,Clear,clear sky,13
Felsőméntelek,46.987074,19.557745,2026-06-12 13:41:00.072913,22.78,21.98,22.78,22.78,1019,33,6.57,311,10,0.0,Clear,clear sky,13
Alsóméntelek,46.961558,19.579121,2026-06-12 13:41:01.235821,22.81,22.01,22.81,22.81,1019,33,6.58,311,11,0.0,Clouds,few clouds,13
Nagynyír,46.943319,19.585447,2026-06-12 13:41:02.391049,22.82,22.02,22.82,22.82,1019,33,6.58,312,12,0.0,Clouds,few clouds,13
Úrihegy,46.917778,19.621389,2026-06-12 13:41:03.559049,23.71,23.0,23.71,23.71,1019,33,6.57,312,11,0.0,Clouds,few clouds,13
Miklóstelep,46.913412,19.630913,2026-06-12 13:41:04.713245,23.73,23.02,23.73,23.73,1019,33,6.54,312,10,0.0,Clear,clear sky,13
Tiszajenő alsó,47.016944,20.134444,2026-06-12 13:41:05.868999,23.9,23.42,23.9,23.9,1019,41,0.45,265,2,0.0,Clear,clear sky,13
Óbög,46.987222,20.111111,2026-06-12 13:41:07.027435,23.88,23.39,23.88,23.88,1019,41,4.84,328,3,0.0,Clear,clear sky,13
Árpádszállás,46.866456,19.989163,2026-06-12 13:41:08.179857,23.88,23.19,23.81,23.88,1019,33,5.25,322,3,0.0,Clear,clear sky,13
Tőserdő,46.851111,19.980278,2026-06-12 13:41:09.333767,23.9,23.21,23.83,23.9,1019,33,5.33,322,3,0.0,Clear,clear sky,13
Tiszaalpár felső,46.836256,19.976753,2026-06-12 13:41:10.490975,23.93,23.24,23.28,23.93,1019,33,5.33,322,3,0.0,Clear,clear sky,13
Borsihalom,46.773056,19.92,2026-06-12 13:41:11.650263,23.92,23.23,23.27,23.92,1019,33,5.7,319,6,0.0,Clear,clear sky,13
Petőfiváros,46.725556,19.848611,2026-06-12 13:41:12.810798,23.88,23.19,23.88,23.88,1019,33,6.14,317,12,0.0,Clouds,few clouds,13
Csorna,47.601944,17.248889,2026-06-12 13:41:13.972065,20.56,19.95,20.56,20.56,1022,49,8.46,319,85,0.0,Clouds,overcast clouds,13
Szorgalmatos,47.986667,21.366389,2026-06-12 13:41:15.134924,20.97,20.43,20.97,20.97,1019,50,1.41,319,24,0.0,Clouds,few clouds,13
Fótfürdő,47.6225,19.200556,2026-06-12 13:41:16.289302,22.66,21.95,20.56,23.05,1020,37,4.68,313,7,0.0,Clear,clear sky,13
Fenyveshegy,47.818333,19.068056,2026-06-12 13:41:17.447896,23.34,22.77,23.34,23.34,1020,40,4.91,310,8,0.0,Clear,clear sky,13
Hűvösvölgy,47.541202,18.96351,2026-06-12 13:41:18.610610,20.99,20.24,20.1,22.59,1020,42,2.24,298,8,0.0,Clear,clear sky,13
Hárshegy,47.535318,18.961433,2026-06-12 13:41:19.756478,20.99,20.24,20.1,22.59,1020,42,2.24,298,8,0.0,Clear,clear sky,13
Szépjuhászné,47.528277,18.955246,2026-06-12 13:41:20.903797,20.58,19.79,20.1,21.91,1020,42,1.79,69,8,0.0,Clear,clear sky,13
Jánoshegy,47.51433,18.95047,2026-06-12 13:41:22.083114,19.96,19.11,19.12,21.61,1020,42,2.24,298,8,0.0,Clear,clear sky,13
Virágvölgy,47.505965,18.95876,2026-06-12 13:41:23.245318,19.67,18.79,18.8,21.3,1020,42,2.24,298,8,0.0,Clear,clear sky,13
Csillebérc,47.498196,18.961694,2026-06-12 13:41:24.402825,19.43,18.53,18.57,21.07,1020,42,2.24,298,8,0.0,Clear,clear sky,13
Normafa,47.5,18.970558,2026-06-12 13:41:25.557823,19.5,18.6,18.62,21.12,1020,42,2.24,298,8,0.0,Clear,clear sky,13
Széchenyihegy,47.49413,18.977049,2026-06-12 13:41:26.714766,19.53,18.64,18.64,21.14,1020,42,1.79,69,8,0.0,Clear,clear sky,13
Balatonfőkajár felső,47.031389,18.215278,2026-06-12 13:41:27.867068,23.51,23.07,20.18,23.51,1021,44,7.33,316,63,0.0,Clouds,broken clouds,13
Piroska,47.148333,20.129722,2026-06-12 13:41:29.021103,23.9,23.42,23.9,25.68,1019,41,0.45,265,1,0.0,Clear,clear sky,13
Somodor,46.4725,17.836667,2026-06-12 13:41:30.178100,22.79,22.22,22.79,22.79,1021,42,5.5,316,45,0.0,Clouds,scattered clouds,13
Középmező,45.995833,18.668889,2026-06-12 13:41:31.335173,24.14,23.71,21.73,24.14,1021,42,4.86,329,27,0.0,Clouds,scattered clouds,13
Jobbágyi,47.828889,19.6875,2026-06-12 13:41:32.497685,23.35,22.81,23.35,23.35,1019,41,5.79,282,16,0.0,Clouds,few clouds,13
Ferihegy,47.437222,19.223889,2026-06-12 13:41:33.660560,22.62,21.93,20.79,23.29,1020,38,5.01,310,8,0.0,Clear,clear sky,13
Máriapócs,47.852778,22.019167,2026-06-12 13:41:34.821366,23.16,22.86,23.16,23.16,1019,51,4.21,338,67,0.0,Clouds,broken clouds,13
Máriaudvar,47.751944,19.165,2026-06-12 13:41:35.991063,23.3,22.7,20.92,23.3,1020,39,5.02,310,7,0.0,Clear,clear sky,13
Nagyberki,46.353333,18.004167,2026-06-12 13:41:37.149916,23.02,22.4,23.02,23.02,1021,39,5.49,325,24,0.0,Clouds,few clouds,13
Badacsonytomaj,46.804722,17.518056,2026-06-12 13:41:38.312923,22.78,22.26,22.78,22.78,1022,44,5.19,334,99,0.0,Clouds,overcast clouds,13
Badacsony,46.788611,17.506389,2026-06-12 13:41:39.466555,22.99,22.47,22.99,22.99,1021,43,4.87,335,100,0.0,Clouds,overcast clouds,13
Badacsonylábdihegy,46.793889,17.470833,2026-06-12 13:41:40.623258,22.99,22.47,22.99,22.99,1021,43,4.87,335,100,0.0,Clouds,overcast clouds,13
Badacsonytördemic-Szigliget,46.809722,17.469167,2026-06-12 13:41:41.783919,22.9,22.37,22.9,22.9,1022,43,4.96,336,100,0.0,Clouds,overcast clouds,13
Nemesgulács-Kisapáti,46.836944,17.476389,2026-06-12 13:41:42.945671,22.83,22.32,22.83,22.83,1022,44,5.05,336,99,0.0,Clouds,overcast clouds,13
Tapolca,46.877778,17.428611,2026-06-12 13:41:44.099600,22.85,22.31,22.85,22.85,1022,43,4.57,343,100,0.0,Clouds,overcast clouds,13
Uzsabánya alsó,46.898333,17.345278,2026-06-12 13:41:45.254069,21.81,21.17,21.81,21.81,1022,43,4.36,346,100,0.0,Clouds,overcast clouds,13
Uzsa,46.920278,17.331667,2026-06-12 13:41:46.413592,22.49,21.94,22.49,22.49,1022,44,4.51,346,100,0.0,Clouds,overcast clouds,13
Sümegi Bazaltbánya,46.9525,17.2925,2026-06-12 13:41:47.568289,22.46,21.91,22.46,22.46,1022,44,4.52,346,100,0.0,Clouds,overcast clouds,13
Sümeg,46.981111,17.270833,2026-06-12 13:41:48.721531,22.59,22.05,22.59,22.59,1022,44,4.4,346,100,0.0,Clouds,overcast clouds,13
Gógánfa,47.021111,17.207778,2026-06-12 13:41:49.880137,22.38,21.85,22.38,22.38,1022,45,4.58,343,100,0.0,Clouds,overcast clouds,13
Ukk,47.041944,17.195833,2026-06-12 13:41:51.038486,22.35,21.82,22.35,22.35,1022,45,4.57,341,100,0.0,Clouds,overcast clouds,13
Nemeskeresztúr,47.093611,17.183611,2026-06-12 13:41:52.202482,22.0,21.43,22.0,22.0,1022,45,4.89,337,100,0.0,Clouds,overcast clouds,13
Jánosháza,47.115833,17.171667,2026-06-12 13:41:53.363666,21.93,21.35,21.93,21.93,1022,45,5.06,335,100,0.0,Clouds,overcast clouds,13
Keszthely,46.758333,17.248056,2026-06-12 13:41:54.518988,23.43,22.9,23.43,23.43,1022,41,3.08,344,100,0.0,Clouds,overcast clouds,13
Alsógyenes,46.765844,17.276435,2026-06-12 13:41:55.672249,23.42,22.86,23.42,23.42,1022,40,3.47,345,100,0.0,Clouds,overcast clouds,13
Gyenesdiás,46.763333,17.292778,2026-06-12 13:41:56.833628,23.42,22.86,23.42,23.42,1022,40,3.47,345,100,0.0,Clouds,overcast clouds,13
Vonyarcvashegy,46.755278,17.318333,2026-06-12 13:41:57.987311,22.8,22.18,22.8,22.8,1022,40,3.67,345,100,0.0,Clouds,overcast clouds,13
Balatongyörök,46.751944,17.354444,2026-06-12 13:41:59.145894,23.32,22.78,23.32,23.32,1022,41,3.87,343,100,0.0,Clouds,overcast clouds,13
Becehegy,46.776111,17.372778,2026-06-12 13:42:00.298159,22.09,21.43,22.09,22.09,1022,41,3.99,344,100,0.0,Clouds,overcast clouds,13
Balatonederics,46.8025,17.385,2026-06-12 13:42:01.455641,21.94,21.29,21.94,21.94,1022,42,4.12,345,100,0.0,Clouds,overcast clouds,13
Dabronc,47.025766,17.167006,2026-06-12 13:42:02.611592,22.47,21.95,22.47,22.47,1022,45,4.43,343,100,0.0,Clouds,overcast clouds,13
Türje,46.994444,17.093611,2026-06-12 13:42:03.776202,22.66,22.16,22.66,22.66,1022,45,3.95,343,100,0.0,Clouds,overcast clouds,13
Zalabér-Batyk,46.983056,17.040833,2026-06-12 13:42:04.939276,22.97,22.5,22.97,22.97,1022,45,3.52,341,100,0.0,Clouds,overcast clouds,13
Pakod,46.959167,16.996667,2026-06-12 13:42:06.101011,22.9,22.39,22.9,22.9,1022,44,3.49,341,100,0.0,Clouds,overcast clouds,13
Pókaszepetk,46.924444,16.972222,2026-06-12 13:42:07.262102,23.27,22.8,23.27,23.27,1022,44,3.18,339,100,0.0,Clouds,overcast clouds,13
Kemendollár,46.905833,16.946667,2026-06-12 13:42:08.422921,23.01,22.52,23.01,23.01,1022,44,3.18,338,100,0.0,Clouds,overcast clouds,13
Zalaegerszeg,46.833056,16.848333,2026-06-12 13:42:09.577275,23.3,22.86,23.3,23.3,1022,45,2.73,328,100,0.0,Clouds,overcast clouds,13
Bocfölde,46.780278,16.853611,2026-06-12 13:42:10.736541,23.48,23.08,23.48,23.48,1022,46,2.44,315,100,0.0,Clouds,overcast clouds,13
Sárhida,46.755833,16.851389,2026-06-12 13:42:11.897281,22.74,22.3,22.74,22.74,1022,47,2.33,310,100,0.0,Clouds,overcast clouds,13
Bak,46.7325,16.849167,2026-06-12 13:42:13.055715,23.21,22.81,23.21,23.21,1022,47,2.24,303,100,0.0,Clouds,overcast clouds,13
Tófej,46.670833,16.801944,2026-06-12 13:42:14.210026,23.2,22.83,23.2,23.2,1022,48,2.06,292,100,0.0,Clouds,overcast clouds,13
Gutorfölde,46.646944,16.739722,2026-06-12 13:42:15.374867,23.57,23.26,23.57,23.57,1022,49,1.86,291,100,0.0,Clouds,overcast clouds,13
Csömödér-Páka,46.608056,16.641111,2026-06-12 13:42:16.530182,24.12,23.87,24.12,24.12,1021,49,1.39,292,100,0.0,Clouds,overcast clouds,13
Iklódbördőce,46.603056,16.604722,2026-06-12 13:42:17.684281,24.02,23.73,24.02,24.02,1021,48,1.13,308,100,0.0,Clouds,overcast clouds,13
Lenti,46.621389,16.528611,2026-06-12 13:42:18.842993,24.24,23.97,24.24,24.24,1021,48,1.19,337,100,0.0,Clouds,overcast clouds,13
Rédics,46.618056,16.471111,2026-06-12 13:42:20.005227,24.3,24.04,24.3,24.3,1021,48,1.24,348,100,0.0,Clouds,overcast clouds,13
Zalalövő,46.845556,16.576389,2026-06-12 13:42:21.162808,23.15,22.8,23.15,23.15,1022,49,2.37,345,99,0.0,Clouds,overcast clouds,13
Zalaegerszeg-Ola,46.849167,16.844722,2026-06-12 13:42:22.322933,23.3,22.86,23.3,23.3,1022,45,2.73,328,100,0.0,Clouds,overcast clouds,13
Andráshida,46.863116,16.7792,2026-06-12 13:42:23.473639,23.16,22.71,23.16,23.16,1022,45,2.92,335,100,0.0,Clouds,overcast clouds,13
Bagod,46.875,16.746111,2026-06-12 13:42:24.626542,23.23,22.81,23.23,23.23,1022,46,2.93,337,100,0.0,Clouds,overcast clouds,13
Zalaszentgyörgy,46.872222,16.7125,2026-06-12 13:42:25.780285,23.15,22.72,23.15,23.15,1022,46,2.89,338,100,0.0,Clouds,overcast clouds,13
Zalacséb-Salomvár,46.858056,16.662222,2026-06-12 13:42:26.937746,22.91,22.48,22.91,22.91,1022,47,2.82,339,100,0.0,Clouds,overcast clouds,13
Kópháza,47.631389,16.6375,2026-06-12 13:42:28.096599,20.11,19.66,20.11,20.21,1022,57,3.6,334,98,0.0,Clouds,overcast clouds,13
Nagycenk,47.601111,16.690278,2026-06-12 13:42:29.264873,20.22,19.76,20.22,20.32,1022,56,3.95,337,98,0.0,Clouds,overcast clouds,13
Sopronkövesd,47.548333,16.748056,2026-06-12 13:42:30.421402,20.15,19.66,20.05,20.15,1022,55,4.58,341,99,0.0,Clouds,overcast clouds,13
Lövő,47.509444,16.7775,2026-06-12 13:42:31.586909,20.19,19.7,20.09,20.19,1022,55,5.15,342,100,0.0,Clouds,overcast clouds,13
Újkér,47.457778,16.786667,2026-06-12 13:42:32.763699,20.21,19.72,20.21,20.21,1022,55,4.9,342,100,0.0,Clouds,overcast clouds,13
Bük,47.388611,16.752222,2026-06-12 13:42:33.927000,20.27,19.79,20.27,20.27,1022,55,3.74,339,100,0.0,Clouds,overcast clouds,13
Acsád,47.308333,16.734722,2026-06-12 13:42:35.084885,20.02,19.51,20.02,20.02,1022,55,3.01,334,100,0.0,Clouds,overcast clouds,13
Salköveskút-Vassurány,47.291389,16.704167,2026-06-12 13:42:36.238941,20.03,19.52,20.03,20.03,1022,55,2.92,333,100,0.0,Clouds,overcast clouds,13
Zalaszentiván,46.8875,16.909444,2026-06-12 13:42:37.390565,23.32,22.83,23.32,23.32,1022,43,3.04,336,100,0.0,Clouds,overcast clouds,13
Alsónemesapáti,46.854167,16.936389,2026-06-12 13:42:38.546410,23.48,23.03,23.48,23.48,1022,44,2.83,331,100,0.0,Clouds,overcast clouds,13
Józsa,47.600833,21.584444,2026-06-12 13:42:39.707916,23.74,23.42,23.74,23.74,1019,48,2.7,347,83,0.0,Clouds,broken clouds,13
Hajdúszentgyörgy,47.608056,21.578333,2026-06-12 13:42:40.872397,23.74,23.42,23.74,23.74,1019,48,2.7,347,83,0.0,Clouds,broken clouds,13
Zelemér,47.627778,21.578333,2026-06-12 13:42:42.025063,23.76,23.44,23.76,23.76,1019,48,2.98,347,77,0.0,Clouds,broken clouds,13
Hajdúböszörmény,47.668056,21.524167,2026-06-12 13:42:43.180380,23.97,23.7,23.97,23.97,1019,49,3.51,352,69,0.0,Clouds,broken clouds,13
Hajdúvid,47.749444,21.508056,2026-06-12 13:42:44.337443,24.23,23.99,24.23,24.23,1019,49,3.92,352,54,0.0,Clouds,broken clouds,13
Hajdúdorog,47.805556,21.493056,2026-06-12 13:42:45.500164,24.24,24.03,24.24,24.24,1019,50,3.75,349,41,0.0,Clouds,scattered clouds,13
Hajdúnánás,47.831944,21.426667,2026-06-12 13:42:46.659364,24.4,24.2,24.4,24.4,1019,50,3.49,349,46,0.0,Clouds,scattered clouds,13
Hajdúnánás-Vásártér,47.843056,21.407222,2026-06-12 13:42:47.817016,24.4,24.2,24.4,24.4,1019,50,3.49,349,46,0.0,Clouds,scattered clouds,13
Tedej,47.903611,21.404444,2026-06-12 13:42:48.972125,20.98,20.49,20.98,20.98,1019,52,2.47,338,29,0.0,Clouds,scattered clouds,13
Tiszavasvári,47.945278,21.374722,2026-06-12 13:42:50.124973,20.98,20.44,20.98,20.98,1019,50,1.98,335,32,0.14,Rain,light rain,13
Egyházerdő,47.9725,21.365,2026-06-12 13:42:51.278368,21.0,20.46,21.0,21.0,1019,50,1.66,328,28,0.0,Clouds,scattered clouds,13
Tiszalök,48.013056,21.369167,2026-06-12 13:42:52.435546,20.97,20.43,20.97,20.97,1019,50,1.26,310,22,0.0,Clouds,few clouds,13
Hajnalos,47.998889,21.414167,2026-06-12 13:42:53.611121,20.98,20.44,20.98,20.98,1019,50,1.62,316,18,0.0,Clouds,few clouds,13
Kisfástanya,47.989167,21.47,2026-06-12 13:42:54.775285,20.95,20.41,20.95,20.95,1019,50,1.79,315,13,0.64,Rain,light rain,13
Tiszaeszlár,48.010556,21.491944,2026-06-12 13:42:55.930964,20.96,20.42,20.96,20.96,1019,50,1.81,309,8,0.42,Rain,light rain,13
Bashalom,48.026111,21.514722,2026-06-12 13:42:57.085218,20.93,20.38,20.93,20.93,1019,50,1.7,306,8,0.98,Rain,light rain,13
Sáránd,47.415556,21.625,2026-06-12 13:42:58.240578,23.59,23.23,23.59,23.59,1019,47,1.43,346,100,0.0,Clouds,overcast clouds,13
Derecske,47.365,21.584167,2026-06-12 13:42:59.399828,23.56,23.2,23.56,23.56,1019,47,1.39,8,100,0.0,Clouds,overcast clouds,13
Derecske-Vásártér,47.352222,21.58,2026-06-12 13:43:00.554826,23.56,23.2,23.56,23.56,1019,47,1.39,8,100,0.0,Clouds,overcast clouds,13
Konyár,47.323611,21.666111,2026-06-12 13:43:01.713411,23.38,22.97,23.38,23.38,1019,46,1.52,1,100,0.0,Clouds,overcast clouds,13
Konyári Sóstófürdő,47.324167,21.744444,2026-06-12 13:43:02.875533,23.28,22.86,23.28,23.28,1019,46,1.68,336,100,0.0,Clouds,overcast clouds,13
Pocsaj-Esztár,47.288333,21.793056,2026-06-12 13:43:04.037291,21.35,20.74,21.35,21.35,1019,46,1.88,330,100,0.0,Clouds,overcast clouds,13
Kismarja,47.243889,21.813889,2026-06-12 13:43:05.205324,21.35,20.74,21.35,21.35,1019,46,1.98,344,97,0.0,Clouds,overcast clouds,13
Nagykereki,47.191667,21.8,2026-06-12 13:43:06.357701,21.34,20.65,21.34,21.34,1019,43,2.41,358,89,0.0,Clouds,overcast clouds,13
Debrecen-Szabadságtelep,47.527778,21.658611,2026-06-12 13:43:07.513377,23.59,23.23,23.59,23.59,1019,47,2.2,337,98,0.0,Clouds,overcast clouds,13
Kondoroskert,47.525556,21.713889,2026-06-12 13:43:08.677669,23.54,23.15,23.54,23.54,1019,46,2.71,330,98,0.0,Clouds,overcast clouds,13
Nagycsere,47.523889,21.763056,2026-06-12 13:43:09.835499,23.49,23.1,23.49,23.49,1019,46,2.88,329,98,0.0,Clouds,overcast clouds,13
Haláp,47.521667,21.818333,2026-06-12 13:43:10.991785,23.4,23.0,23.4,23.4,1019,46,3.04,329,98,0.0,Clouds,overcast clouds,13
Vámospércs,47.518056,21.893889,2026-06-12 13:43:12.146347,23.27,22.83,23.27,23.27,1019,45,3.5,328,99,0.0,Clouds,overcast clouds,13
Szentannapuszta,47.52,21.965833,2026-06-12 13:43:13.309709,23.17,22.74,23.17,23.17,1019,46,3.76,328,99,0.0,Clouds,overcast clouds,13
Nyírábrány,47.523889,22.016944,2026-06-12 13:43:14.469270,23.11,22.68,23.11,23.11,1019,46,3.86,328,100,0.0,Clouds,overcast clouds,13
Dombostanya,47.602778,21.706389,2026-06-12 13:43:15.622624,23.63,23.3,23.63,23.63,1019,48,2.98,339,80,0.0,Clouds,broken clouds,13
Hajdúsámson,47.608056,21.755278,2026-06-12 13:43:16.780895,23.55,23.19,23.55,23.55,1019,47,3.32,335,82,0.0,Clouds,broken clouds,13
Tamásipuszta,47.632778,21.796111,2026-06-12 13:43:17.942124,23.48,23.11,23.48,23.48,1019,47,3.54,335,78,0.0,Clouds,broken clouds,13
Aradványpuszta,47.662778,21.8425,2026-06-12 13:43:19.100811,23.45,23.08,23.45,23.45,1019,47,3.71,335,76,0.0,Clouds,broken clouds,13
Nyíradony,47.699444,21.903333,2026-06-12 13:43:20.258281,23.3,22.94,23.3,23.3,1019,48,4.06,335,82,0.0,Clouds,broken clouds,13
Nyírmihálydi,47.7375,21.958889,2026-06-12 13:43:21.411206,23.23,22.89,23.23,23.23,1019,49,4.16,335,83,0.0,Clouds,broken clouds,13
Nyírgelse,47.750833,21.987778,2026-06-12 13:43:22.566496,23.12,22.77,23.12,23.12,1019,49,4.25,336,84,0.0,Clouds,broken clouds,13
Nyírbogát,47.793056,22.066389,2026-06-12 13:43:23.720349,23.07,22.74,23.07,23.07,1019,50,4.54,336,83,0.0,Clouds,broken clouds,13
Nagykálló,47.871111,21.825833,2026-06-12 13:43:24.874771,23.69,23.45,23.69,23.69,1019,51,3.45,338,35,0.0,Clouds,scattered clouds,13
Kállósemjén,47.854722,21.935,2026-06-12 13:43:26.033905,23.47,23.2,23.47,23.47,1019,51,3.86,339,54,0.0,Clouds,broken clouds,13
Nyírbátor,47.8425,22.131111,2026-06-12 13:43:27.190192,22.97,22.63,22.97,22.97,1019,50,4.62,336,78,0.0,Clouds,broken clouds,13
Nyírcsászári,47.865556,22.179167,2026-06-12 13:43:28.348231,22.89,22.54,22.89,22.89,1019,50,4.82,335,72,0.0,Clouds,broken clouds,13
Hodász,47.896111,22.213611,2026-06-12 13:43:29.505254,22.82,22.46,22.82,22.82,1019,50,4.98,334,64,0.0,Clouds,broken clouds,13
Nyírmeggyes,47.9225,22.256667,2026-06-12 13:43:30.676423,22.8,22.44,22.8,22.8,1019,50,4.81,334,55,0.0,Clouds,broken clouds,13
Mátészalka,47.951389,22.313333,2026-06-12 13:43:31.835560,22.79,22.43,22.79,22.79,1019,50,4.73,333,50,0.0,Clouds,scattered clouds,13
Kocsord,47.941944,22.375833,2026-06-12 13:43:32.993071,22.82,22.44,22.82,22.82,1019,49,5.18,333,45,0.0,Clouds,scattered clouds,13
Kocsord alsó,47.946389,22.400556,2026-06-12 13:43:34.156684,22.82,22.44,22.82,22.82,1019,49,5.18,333,45,0.0,Clouds,scattered clouds,13
Győrtelek,47.936667,22.424722,2026-06-12 13:43:35.311197,22.78,22.39,22.78,22.78,1019,49,5.23,333,43,0.0,Clouds,scattered clouds,13
Győrtelek alsó,47.921111,22.443333,2026-06-12 13:43:36.464281,22.72,22.3,22.72,22.72,1019,48,5.48,333,45,0.0,Clouds,scattered clouds,13
Ököritófülpös,47.911389,22.495,2026-06-12 13:43:37.621538,22.66,22.23,22.66,22.66,1019,48,5.48,333,46,0.0,Clouds,scattered clouds,13
Porcsalma-Tyukod,47.868056,22.568333,2026-06-12 13:43:38.773120,21.17,20.6,21.17,21.17,1019,48,5.55,336,63,0.0,Clouds,broken clouds,13
Csenger,47.826111,22.666389,2026-06-12 13:43:39.928167,21.16,20.58,21.16,21.16,1019,48,5.24,339,77,0.0,Clouds,broken clouds,13
Kisfái,46.888303,19.807366,2026-06-12 13:43:41.093334,23.81,23.11,23.81,23.81,1019,33,6.05,314,5,0.0,Clear,clear sky,13
Nyárlőrinci szőlők,46.8775,19.828333,2026-06-12 13:43:42.249148,23.81,23.11,23.81,23.81,1019,33,5.95,315,4,0.0,Clear,clear sky,13
Nyárlőrinc alsó,46.863889,19.878889,2026-06-12 13:43:43.401203,23.83,23.13,23.83,23.83,1019,33,5.79,316,4,0.0,Clear,clear sky,13
Tiszaug-Tiszahídfő,46.866106,20.052098,2026-06-12 13:43:44.557813,23.96,23.27,23.34,25.0,1019,33,5.16,324,3,0.0,Clear,clear sky,13
Csongrádi úti tanyák,46.690278,19.921667,2026-06-12 13:43:45.714037,23.94,23.25,23.3,23.94,1019,33,5.88,319,16,0.0,Clouds,few clouds,13
Kettőshalom,46.689167,20.0225,2026-06-12 13:43:46.872667,23.88,23.21,23.33,24.99,1019,34,5.57,321,14,0.0,Clouds,few clouds,13
Csongrád alsó,46.711389,20.126389,2026-06-12 13:43:48.028785,23.61,22.91,23.33,24.99,1019,34,5.23,324,9,0.0,Clear,clear sky,13
Dónát,46.66988,20.368168,2026-06-12 13:43:49.210937,25.01,24.38,23.35,25.01,1019,31,4.47,306,4,0.0,Clear,clear sky,13
Pusztatemplom,46.676667,20.407222,2026-06-12 13:43:50.371135,24.99,24.35,23.34,24.99,1019,31,4.47,306,4,0.0,Clear,clear sky,13
Előhát,47.364722,20.653611,2026-06-12 13:43:51.531242,21.67,21.28,21.67,21.67,1019,53,4.08,310,50,0.0,Clouds,scattered clouds,13
Polgárdi-Tekerespuszta,47.017778,18.297778,2026-06-12 13:43:52.684763,22.62,21.9,22.62,22.62,1020,37,7.12,317,53,0.0,Clouds,broken clouds,13
Szatina-Kishajmás,46.202778,18.083611,2026-06-12 13:43:53.841682,22.73,22.1,22.73,22.73,1021,40,4.69,336,43,0.0,Clouds,scattered clouds,13
Márok,45.886944,18.499167,2026-06-12 13:43:55.000758,21.5,21.04,21.5,23.91,1021,51,1.79,288,24,0.0,Clouds,few clouds,13
Nagynyárád,45.953333,18.564722,2026-06-12 13:43:56.166405,23.98,23.53,21.57,23.98,1021,42,5.09,329,28,0.0,Clouds,scattered clouds,13
Szászvár,46.2875,18.369722222222222,2026-06-12 13:43:57.328692,23.57,23.03,23.57,23.57,1021,40,5.04,324,44,0.0,Clouds,scattered clouds,13
Cikó,46.263514,18.557605,2026-06-12 13:43:58.485377,23.89,23.35,23.89,23.89,1021,39,5.34,322,38,0.0,Clouds,scattered clouds,13
Gyöngyfa-Magyarmecske,45.983889,17.958889,2026-06-12 13:43:59.639621,23.38,22.9,23.38,23.38,1021,43,4.24,332,59,0.0,Clouds,broken clouds,13
Nagyhát,47.581389,21.445,2026-06-12 13:44:00.808504,23.95,23.65,23.95,23.95,1019,48,2.22,354,94,0.0,Clouds,overcast clouds,13
Balmazújváros,47.613889,21.348056,2026-06-12 13:44:01.972137,24.34,24.08,24.34,24.34,1019,48,2.79,354,93,0.0,Clouds,overcast clouds,13
Kónya,47.600833,21.2375,2026-06-12 13:44:03.131569,24.42,24.14,24.42,24.42,1019,47,2.37,355,96,0.0,Clouds,overcast clouds,13
Hortobágy,47.586111,21.154722,2026-06-12 13:44:04.284693,24.5,24.21,24.5,24.5,1019,46,2.25,355,93,0.0,Clouds,overcast clouds,13
Hortobágyi Halastó,47.604167,21.074167,2026-06-12 13:44:05.442756,24.53,24.24,24.53,24.53,1019,46,2.15,355,89,0.0,Clouds,overcast clouds,13
Ohat-Pusztakócs,47.623333,20.951111,2026-06-12 13:44:06.594938,24.6,24.29,24.6,24.6,1019,45,2.09,351,76,0.0,Clouds,broken clouds,13
Egyek,47.616944,20.883611,2026-06-12 13:44:07.749595,21.64,21.01,21.64,21.64,1019,44,1.91,345,68,0.0,Clouds,broken clouds,13
Tiszafüred,47.627778,20.756111,2026-06-12 13:44:08.903498,21.64,21.01,21.64,21.64,1019,44,1.9,326,65,0.0,Clouds,broken clouds,13
Poroszló,47.657778,20.654444,2026-06-12 13:44:10.065431,21.65,21.02,21.65,21.65,1019,44,2.62,289,58,0.0,Clouds,broken clouds,13
Kétútköz,47.694167,20.565,2026-06-12 13:44:11.218444,21.62,21.01,21.62,21.62,1019,45,3.15,266,53,0.0,Clouds,broken clouds,13
Egerfarmos,47.711667,20.5225,2026-06-12 13:44:12.373272,21.6,21.02,21.6,21.6,1019,46,3.8,261,65,0.0,Clouds,broken clouds,13
Piliscsaba,47.638056,18.829722,2026-06-12 13:44:13.534255,20.38,19.57,20.18,22.56,1020,42,2.24,298,6,0.0,Clear,clear sky,13
Pilisjászfalu,47.656111,18.797778,2026-06-12 13:44:14.688182,20.49,19.69,20.43,21.17,1020,42,5.62,311,7,0.0,Clear,clear sky,13
Leányvár,47.687594,18.772553,2026-06-12 13:44:15.839986,20.6,19.81,20.6,22.98,1020,42,5.86,309,8,0.0,Clear,clear sky,13
Dorog,47.723333,18.732778,2026-06-12 13:44:16.994020,20.82,20.03,20.82,20.82,1020,41,6.43,306,13,0.0,Clouds,few clouds,13
Esztergom-Kertváros,47.743333,18.719167,2026-06-12 13:44:18.149297,20.89,20.11,20.89,20.89,1020,41,6.46,305,13,0.0,Clouds,few clouds,13
Esztergom,47.7775,18.743611,2026-06-12 13:44:19.307259,20.95,20.15,20.95,20.95,1020,40,5.9,307,7,0.0,Clear,clear sky,13
Dunaalmás,47.733056,18.326389,2026-06-12 13:44:20.461855,20.78,20.11,20.78,20.78,1021,46,7.76,303,61,0.0,Clouds,broken clouds,13
Neszmély,47.734444,18.345278,2026-06-12 13:44:21.621974,20.78,20.11,20.78,20.78,1021,46,7.76,303,61,0.0,Clouds,broken clouds,13
Süttő,47.761111,18.455,2026-06-12 13:44:22.775592,20.97,20.3,20.97,20.97,1020,45,8.06,301,52,0.0,Clouds,broken clouds,13
Piszke,47.75307,18.478017,2026-06-12 13:44:23.930512,21.06,20.4,21.06,21.06,1020,45,8.02,301,48,0.0,Clouds,scattered clouds,13
Lábatlan,47.751944,18.513333,2026-06-12 13:44:25.081936,21.12,20.44,21.12,21.12,1020,44,7.93,301,45,0.0,Clouds,scattered clouds,13
Eternitgyár,47.755544,18.530014,2026-06-12 13:44:26.243197,21.12,20.44,21.12,21.12,1020,44,7.93,301,45,0.0,Clouds,scattered clouds,13
Nyergesújfalu felső,47.762222,18.540556,2026-06-12 13:44:27.395272,21.12,20.44,21.12,21.12,1020,44,7.93,301,45,0.0,Clouds,scattered clouds,13
Nyergesújfalu,47.761111,18.561667,2026-06-12 13:44:28.556372,21.12,20.44,21.12,21.12,1020,44,7.79,302,40,0.0,Clouds,scattered clouds,13
Tokod,47.735,18.675,2026-06-12 13:44:29.713272,20.91,20.15,20.91,20.91,1020,42,6.73,305,17,0.0,Clouds,few clouds,13
Környe,47.541667,18.330278,2026-06-12 13:44:30.867146,20.6,19.89,20.6,20.6,1021,45,7.71,305,53,0.0,Clouds,broken clouds,13
Kecskéd alsó,47.519722,18.316667,2026-06-12 13:44:32.020386,20.59,19.88,20.59,20.59,1021,45,7.6,306,58,0.0,Clouds,broken clouds,13
Oroszlány,47.486944,18.308611,2026-06-12 13:44:33.178753,20.54,19.8,20.54,20.54,1021,44,7.58,306,57,0.0,Clouds,broken clouds,13
Győrszabadhegy,47.663056,17.648056,2026-06-12 13:44:34.336925,19.94,19.19,19.94,19.94,1021,46,8.62,303,86,0.0,Clouds,overcast clouds,13
Ménfőcsanak felső,47.638333,17.615,2026-06-12 13:44:35.489859,20.0,19.26,20.0,20.0,1021,46,8.83,304,81,0.0,Clouds,broken clouds,13
Gyömöre-Tét,47.501672,17.559596,2026-06-12 13:44:36.642876,20.26,19.52,20.26,20.26,1021,45,8.54,310,66,0.0,Clouds,broken clouds,13
Szerecseny,47.469167,17.5475,2026-06-12 13:44:37.798790,20.38,19.65,20.38,20.38,1021,45,8.41,310,68,0.0,Clouds,broken clouds,13
Gecse-Gyarmat,47.456111,17.515,2026-06-12 13:44:38.960783,20.24,19.49,20.24,20.24,1021,45,8.55,312,66,0.0,Clouds,broken clouds,13
Vaszar,47.4025,17.496389,2026-06-12 13:44:40.113829,20.63,19.9,20.63,20.63,1021,44,8.2,315,77,0.0,Clouds,broken clouds,13
Pápa,47.340556,17.458889,2026-06-12 13:44:41.267917,20.82,20.11,20.82,20.82,1022,44,7.88,319,88,0.0,Clouds,overcast clouds,13
Mezőlak,47.324722,17.371389,2026-06-12 13:44:42.423450,20.87,20.19,20.87,20.87,1022,45,7.79,324,91,0.0,Clouds,overcast clouds,13
Mihályháza,47.318889,17.331667,2026-06-12 13:44:43.583444,20.98,20.31,20.98,20.98,1022,45,7.46,326,95,0.0,Clouds,overcast clouds,13
Vinár,47.306667,17.284722,2026-06-12 13:44:44.743629,21.03,20.36,21.03,21.03,1022,45,7.33,327,96,0.0,Clouds,overcast clouds,13
Külsővat,47.279167,17.219722,2026-06-12 13:44:45.915390,21.16,20.51,21.16,21.16,1022,45,6.6,328,99,0.0,Clouds,overcast clouds,13
Celldömölk,47.261389,17.151944,2026-06-12 13:44:47.068698,21.31,20.67,21.31,21.31,1022,45,5.9,327,100,0.0,Clouds,overcast clouds,13
Kemenesmihályfa,47.278056,17.111111,2026-06-12 13:44:48.227861,20.78,20.11,20.78,20.78,1022,46,5.9,326,100,0.0,Clouds,overcast clouds,13
Nagysimonyi,47.265556,17.058889,2026-06-12 13:44:49.385604,21.01,20.37,21.01,21.01,1022,46,5.13,324,100,0.0,Clouds,overcast clouds,13
Ostffyasszonyfa,47.283889,17.023889,2026-06-12 13:44:50.541985,20.92,20.27,20.92,20.92,1022,46,5.12,324,100,0.0,Clouds,overcast clouds,13
Sárvár,47.259167,16.928889,2026-06-12 13:44:51.716539,21.1,20.52,21.1,21.1,1022,48,3.98,326,100,0.0,Clouds,overcast clouds,13
Porpác,47.238611,16.8325,2026-06-12 13:44:52.875526,20.29,19.63,20.29,20.29,1022,48,3.49,330,100,0.0,Clouds,overcast clouds,13
Balatonföldvár,46.853889,17.881389,2026-06-12 13:44:54.033881,20.53,19.47,20.53,22.75,1021,32,2.68,270,81,0.0,Clouds,broken clouds,13
Balatonszárszó,46.832222,17.830278,2026-06-12 13:44:55.198937,20.55,19.5,20.55,22.77,1021,32,7.01,315,81,0.0,Clouds,broken clouds,13
Balatonszemes,46.811944,17.776389,2026-06-12 13:44:56.357325,20.53,19.47,20.53,22.75,1021,32,6.8,319,85,0.0,Clouds,overcast clouds,13
Balatonlelle felső,46.793889,17.7175,2026-06-12 13:44:57.509917,20.55,19.5,20.55,20.55,1021,32,6.49,322,88,0.0,Clouds,overcast clouds,13
Balatonlelle,46.7875,17.694167,2026-06-12 13:44:58.666264,20.51,19.77,20.51,20.51,1021,44,6.32,324,91,0.0,Clouds,overcast clouds,13
Fonyódliget,46.759167,17.592222,2026-06-12 13:44:59.821616,20.53,19.79,20.53,20.53,1021,44,5.78,327,95,0.0,Clouds,overcast clouds,13
Balatonboglár,46.776111,17.647222,2026-06-12 13:45:00.979868,20.53,19.79,20.53,20.53,1021,44,6.1,326,93,0.0,Clouds,overcast clouds,13
Balatonfenyves alsó,46.708611,17.455278,2026-06-12 13:45:02.376218,23.35,22.81,23.35,23.35,1021,41,4.24,336,100,0.0,Clouds,overcast clouds,13
Fonyód,46.750278,17.558889,2026-06-12 13:45:03.545644,22.97,22.45,22.97,22.97,1021,43,5.26,331,98,0.0,Clouds,overcast clouds,13
Bélatelep,46.737778,17.535,2026-06-12 13:45:04.702172,23.12,22.61,23.12,23.12,1021,43,4.88,332,100,0.0,Clouds,overcast clouds,13
Alsóbélatelep,46.724167,17.516389,2026-06-12 13:45:05.854046,23.12,22.61,23.12,23.12,1021,43,4.88,332,100,0.0,Clouds,overcast clouds,13
Balatonfenyves,46.713611,17.482778,2026-06-12 13:45:07.015101,23.24,22.72,23.24,23.24,1021,42,4.48,334,100,0.0,Clouds,overcast clouds,13
Máriahullámtelep,46.704722,17.435,2026-06-12 13:45:08.174559,23.35,22.81,23.35,23.35,1021,41,4.24,336,100,0.0,Clouds,overcast clouds,13
Balatonmáriafürdő,46.704167,17.374722,2026-06-12 13:45:09.324158,23.5,22.95,23.5,23.5,1021,40,3.61,342,100,0.0,Clouds,overcast clouds,13
Balatonberény,46.713889,17.316944,2026-06-12 13:45:10.478936,23.46,22.91,23.46,23.46,1022,40,3.41,343,100,0.0,Clouds,overcast clouds,13
Balatonszentgyörgy,46.692778,17.288889,2026-06-12 13:45:11.640178,23.64,23.1,23.64,23.64,1022,40,3.07,342,100,0.0,Clouds,overcast clouds,13
Vörs,46.663611,17.260278,2026-06-12 13:45:12.799487,23.74,23.24,23.74,23.74,1021,41,2.59,338,99,0.0,Clouds,overcast clouds,13
Zalaszentjakab,46.491667,17.135278,2026-06-12 13:45:13.956018,23.93,23.5,23.93,23.93,1021,43,2.16,309,100,0.0,Clouds,overcast clouds,13
Nagykanizsa,46.440833,16.986667,2026-06-12 13:45:15.115559,24.2,23.85,24.2,24.2,1021,45,2.45,289,100,0.0,Clouds,overcast clouds,13
Murakeresztúr,46.363889,16.876944,2026-06-12 13:45:16.270932,24.56,24.22,24.56,24.56,1021,44,2.64,304,98,0.0,Clouds,overcast clouds,13
Zalakomár,46.530278,17.188056,2026-06-12 13:45:17.424455,23.97,23.55,23.97,23.97,1021,43,2.14,317,99,0.0,Clouds,overcast clouds,13
Szárazrét,47.200833,18.381111,2026-06-12 13:45:18.578037,21.58,20.79,21.58,21.58,1020,38,7.45,313,52,0.0,Clouds,broken clouds,13
Bodajk,47.318333,18.251944,2026-06-12 13:45:19.738765,21.09,20.33,21.09,21.09,1021,41,7.2,310,56,0.0,Clouds,broken clouds,13
Csókakő,47.3275,18.240556,2026-06-12 13:45:20.891168,20.73,19.96,20.73,20.73,1021,42,7.24,310,57,0.0,Clouds,broken clouds,13
Mór,47.369167,18.189167,2026-06-12 13:45:22.042288,20.69,19.94,20.69,20.69,1021,43,6.91,309,70,0.0,Clouds,broken clouds,13
Bakonysárkány,47.443611,18.103611,2026-06-12 13:45:23.206575,20.16,19.35,20.16,20.16,1021,43,6.79,308,82,0.0,Clouds,broken clouds,13
Kisbér,47.494167,18.024722,2026-06-12 13:45:24.362252,20.37,19.59,20.37,20.37,1021,43,6.58,307,89,0.0,Clouds,overcast clouds,13
Nagyigmánd-Bábolna,47.630556,18.050833,2026-06-12 13:45:25.517563,20.5,19.75,20.5,20.5,1021,44,6.54,306,88,0.0,Clouds,overcast clouds,13
Budapest-Déli,47.498889,19.025,2026-06-12 13:45:26.671898,21.81,21.14,20.82,23.32,1020,42,2.68,323,8,0.0,Clear,clear sky,13
Budapest-Kelenföld,47.464444,19.02,2026-06-12 13:45:27.836639,21.84,21.18,20.93,23.42,1020,42,1.79,350,8,0.0,Clear,clear sky,13
Budaörs,47.4475,18.965,2026-06-12 13:45:28.991526,21.68,21.0,20.84,23.33,1020,42,1.79,350,7,0.0,Clear,clear sky,13
Biatorbágy,47.480278,18.834444,2026-06-12 13:45:30.156977,20.84,20.13,20.48,22.86,1020,44,5.79,314,8,0.0,Clear,clear sky,13
Herceghalom,47.493611,18.746111,2026-06-12 13:45:31.311713,20.96,20.26,20.74,23.12,1020,44,6.32,312,9,0.0,Clear,clear sky,13
Bicske,47.484167,18.6175,2026-06-12 13:45:32.462838,20.54,19.72,20.54,21.28,1020,41,7.44,306,13,0.0,Clouds,few clouds,13
Szár,47.485,18.5275,2026-06-12 13:45:33.617283,20.33,19.52,20.33,20.33,1020,42,7.76,304,21,0.0,Clouds,few clouds,13
Szárliget,47.518333,18.495833,2026-06-12 13:45:34.775351,20.39,19.61,20.39,20.39,1020,43,7.79,303,25,0.0,Clouds,scattered clouds,13
Alsógalla,47.563337,18.425102,2026-06-12 13:45:35.930075,20.69,19.96,20.69,20.69,1020,44,7.83,303,44,0.0,Clouds,scattered clouds,13
Tatabánya,47.585556,18.393056,2026-06-12 13:45:37.086420,20.7,20.0,20.7,20.7,1021,45,7.8,304,51,0.0,Clouds,broken clouds,13
Vértesszőlős,47.619444,18.375278,2026-06-12 13:45:38.241214,20.73,20.03,20.73,20.73,1021,45,7.8,303,53,0.0,Clouds,broken clouds,13
Tóvároskert,47.646111,18.348611,2026-06-12 13:45:39.398810,20.68,20.0,20.68,20.68,1021,46,7.74,304,58,0.0,Clouds,broken clouds,13
Tata,47.665,18.3275,2026-06-12 13:45:40.555591,20.67,19.99,20.67,20.67,1021,46,7.75,303,59,0.0,Clouds,broken clouds,13
Almásfüzitő,47.725278,18.262222,2026-06-12 13:45:41.710940,20.65,20.0,20.65,20.65,1021,47,7.43,304,65,0.0,Clouds,broken clouds,13
Almásfüzitő felső,47.731389,18.216389,2026-06-12 13:45:42.864248,20.6,19.94,20.6,20.6,1021,47,7.05,304,70,0.0,Clouds,broken clouds,13
Szőny,47.735556,18.1775,2026-06-12 13:45:44.019801,20.56,19.87,20.56,20.56,1021,46,6.87,304,73,0.0,Clouds,broken clouds,13
Komárom,47.749444,18.113611,2026-06-12 13:45:45.175773,20.45,19.75,20.45,20.45,1021,46,6.59,304,80,0.0,Clouds,broken clouds,13
Ács,47.717222,18.004444,2026-06-12 13:45:46.331143,20.29,19.55,20.29,20.29,1021,45,6.38,303,92,0.0,Clouds,overcast clouds,13
Nagyszentjános,47.705556,17.871389,2026-06-12 13:45:47.484370,20.21,19.46,20.21,20.21,1021,45,6.71,303,98,0.0,Clouds,overcast clouds,13
Győrszentiván,47.688611,17.745556,2026-06-12 13:45:48.638000,20.07,19.31,20.07,20.07,1021,45,7.39,303,95,0.0,Clouds,overcast clouds,13
Győr-Gyárváros,47.684444,17.663889,2026-06-12 13:45:49.790764,20.02,19.28,20.02,20.02,1021,46,8.32,303,89,0.0,Clouds,overcast clouds,13
Győr,47.681944,17.634722,2026-06-12 13:45:50.942929,19.94,19.19,19.94,19.94,1021,46,8.62,303,86,0.0,Clouds,overcast clouds,13
Öttevény,47.719722,17.489167,2026-06-12 13:45:52.096140,19.59,18.86,19.59,19.59,1021,48,9.67,303,83,0.0,Clouds,broken clouds,13
Lébény-Mosonszentmiklós,47.755278,17.426389,2026-06-12 13:45:53.252239,19.39,18.66,19.39,19.39,1022,49,9.58,303,84,0.0,Clouds,broken clouds,13
Kimle-Károlyháza,47.803889,17.342778,2026-06-12 13:45:54.426384,19.16,18.44,19.16,19.16,1022,50,9.22,301,86,0.0,Clouds,overcast clouds,13
Mosonmagyaróvár,47.849722,17.267222,2026-06-12 13:45:55.585067,18.89,18.17,18.89,18.89,1022,51,8.51,298,89,0.0,Clouds,overcast clouds,13
Levél,47.889722,17.1925,2026-06-12 13:45:56.744759,20.53,20.02,20.53,20.53,1022,53,8.0,297,92,0.0,Clouds,overcast clouds,13
Hegyeshalom,47.913889,17.145556,2026-06-12 13:45:57.906486,20.5,20.02,20.5,20.5,1022,54,7.77,295,94,0.0,Clouds,overcast clouds,13
Óbuda,47.568611,19.033889,2026-06-12 13:45:59.063802,23.18,22.6,20.97,23.34,1020,40,2.68,323,8,0.0,Clear,clear sky,13
Üröm,47.580556,19.002222,2026-06-12 13:46:00.216235,22.58,21.96,20.86,23.24,1020,41,2.68,323,8,0.0,Clear,clear sky,13
Solymár,47.596111,18.95,2026-06-12 13:46:01.373333,21.18,20.45,20.68,23.06,1020,42,2.68,323,7,0.0,Clear,clear sky,13
Pilisvörösvár,47.614444,18.902222,2026-06-12 13:46:02.525769,20.59,19.8,20.32,22.7,1020,42,2.24,298,7,0.0,Clear,clear sky,13
Klotildliget,47.637778,18.846389,2026-06-12 13:46:03.678202,20.28,19.46,20.06,22.43,1020,42,2.24,298,6,0.0,Clear,clear sky,13
Kútvölgy,46.459444,20.451944,2026-06-12 13:46:04.833091,23.34,22.67,23.34,24.99,1019,36,4.34,317,5,0.0,Clear,clear sky,13
Székkutas,46.503889,20.541111,2026-06-12 13:46:05.990103,24.97,24.46,23.32,24.97,1019,36,4.31,316,9,0.0,Clear,clear sky,13
Kaposszentjakab,46.358056,17.821944,2026-06-12 13:46:07.147765,23.09,22.55,23.09,23.09,1021,42,5.27,321,41,0.0,Clouds,scattered clouds,13
Kaposvár,46.352778,17.795,2026-06-12 13:46:08.308067,22.96,22.41,22.96,22.96,1021,42,5.17,321,46,0.0,Clouds,scattered clouds,13
Kaposújlak,46.366667,17.715,2026-06-12 13:46:09.466367,23.07,22.56,23.07,23.07,1022,43,4.8,319,58,0.0,Clouds,broken clouds,13
Kaposmérő,46.365278,17.698889,2026-06-12 13:46:10.617495,23.04,22.52,23.04,23.04,1022,43,4.64,320,61,0.0,Clouds,broken clouds,13
Kaposfő,46.364167,17.656667,2026-06-12 13:46:11.775014,23.05,22.53,23.05,23.05,1022,43,4.46,320,64,0.0,Clouds,broken clouds,13
Kiskorpád,46.361389,17.606667,2026-06-12 13:46:12.931343,23.04,22.52,23.04,23.04,1022,43,4.28,320,68,0.0,Clouds,broken clouds,13
Jákó-Nagybajom,46.344444,17.554444,2026-06-12 13:46:14.085638,23.16,22.63,23.16,23.16,1022,42,3.97,321,70,0.0,Clouds,broken clouds,13
Kutas,46.326111,17.453889,2026-06-12 13:46:15.238785,23.56,23.07,23.56,23.56,1022,42,3.42,321,79,0.0,Clouds,broken clouds,13
Beleg,46.316944,17.420556,2026-06-12 13:46:16.392175,23.74,23.24,23.74,23.74,1022,41,3.14,318,84,0.0,Clouds,broken clouds,13
Ötvöskónyi,46.292778,17.358056,2026-06-12 13:46:17.563921,23.85,23.36,23.85,23.85,1022,41,3.06,316,86,0.0,Clouds,overcast clouds,13
Somogyszob,46.289167,17.305556,2026-06-12 13:46:18.723826,23.95,23.47,23.95,23.95,1022,41,2.84,313,93,0.0,Clouds,overcast clouds,13
Bolhás,46.282222,17.275278,2026-06-12 13:46:19.881666,23.99,23.52,23.99,23.99,1022,41,2.78,310,99,0.0,Clouds,overcast clouds,13
Szenta,46.274167,17.182222,2026-06-12 13:46:21.037632,24.13,23.67,24.13,24.13,1022,41,2.8,307,100,0.0,Clouds,overcast clouds,13
Zrínyitelep,46.275278,17.138056,2026-06-12 13:46:22.191611,24.17,23.71,24.17,24.17,1022,41,2.84,306,100,0.0,Clouds,overcast clouds,13
Csurgó,46.261111,17.091667,2026-06-12 13:46:23.343444,24.39,23.93,24.39,24.39,1022,40,2.96,307,100,0.0,Clouds,overcast clouds,13
Gyékényes,46.249167,16.956389,2026-06-12 13:46:24.502453,24.46,24.03,24.46,24.46,1021,41,3.27,314,98,0.0,Clouds,overcast clouds,13
Adony,47.106111,18.847778,2026-06-12 13:46:25.660529,22.18,21.37,22.18,22.18,1020,35,5.73,324,4,0.0,Clear,clear sky,13
Kulcs,47.051111,18.8975,2026-06-12 13:46:26.815999,22.04,21.21,22.04,22.04,1020,35,5.57,326,5,0.0,Clear,clear sky,13
Rácalmás,47.023333,18.908889,2026-06-12 13:46:27.977329,22.03,21.2,22.03,22.03,1020,35,5.53,326,6,0.0,Clear,clear sky,13
Dunaújváros,46.960556,18.913889,2026-06-12 13:46:29.133861,22.12,21.28,22.12,22.12,1020,34,5.47,326,7,0.0,Clear,clear sky,13
Újvenyim,46.936944,18.868889,2026-06-12 13:46:30.286233,22.23,21.4,22.23,22.23,1020,34,5.46,325,5,0.0,Clear,clear sky,13
Mezőfalva,46.905556,18.810278,2026-06-12 13:46:31.439013,22.22,21.41,22.22,22.22,1020,35,5.5,323,4,0.0,Clear,clear sky,13
Nagykarácsony felső,46.866047,18.783064,2026-06-12 13:46:32.598124,22.4,21.61,22.4,22.4,1020,35,5.44,324,4,0.0,Clear,clear sky,13
Nagykarácsony,46.848729,18.765722,2026-06-12 13:46:33.753196,22.25,21.44,22.25,22.25,1020,35,5.42,324,4,0.0,Clear,clear sky,13
Alap,46.831944,18.657778,2026-06-12 13:46:34.913305,22.49,21.71,22.49,22.49,1020,35,5.63,322,10,0.0,Clear,clear sky,13
Cece,46.773333,18.623333,2026-06-12 13:46:36.079763,22.59,21.82,22.59,22.59,1020,35,5.53,321,15,0.0,Clouds,few clouds,13
Vajta,46.713611,18.648056,2026-06-12 13:46:37.237267,22.69,21.95,22.69,22.69,1020,36,5.24,320,14,0.0,Clouds,few clouds,13
Rétszilas alsó,46.829167,18.639444,2026-06-12 13:46:38.390539,22.49,21.71,22.49,22.49,1020,35,5.63,322,10,0.0,Clear,clear sky,13
Nagydorog,46.615485,18.65002,2026-06-12 13:46:39.546803,22.77,22.04,22.77,22.77,1020,36,5.02,318,18,0.0,Clouds,few clouds,13
Tengelic,46.516111,18.695278,2026-06-12 13:46:40.710453,22.75,22.02,22.75,22.75,1020,36,4.92,317,29,0.0,Clouds,scattered clouds,13
Fácánkert,46.449041,18.735661,2026-06-12 13:46:41.864772,22.85,22.16,22.85,22.85,1021,37,5.07,318,38,0.0,Clouds,scattered clouds,13
Tolna-Mözs,46.416389,18.750556,2026-06-12 13:46:43.025449,22.93,22.24,22.93,22.93,1020,37,5.21,320,45,0.0,Clouds,scattered clouds,13
Szekszárd-Palánk,46.38027777777778,18.72833333333333,2026-06-12 13:46:44.181502,22.96,22.28,22.96,22.96,1021,37,5.21,319,39,0.0,Clouds,scattered clouds,13
Szekszárd,46.349444,18.7125,2026-06-12 13:46:45.335626,22.97,22.31,22.97,22.97,1021,38,5.28,319,39,0.0,Clouds,scattered clouds,13
Őcsény,46.318889,18.7425,2026-06-12 13:46:46.490994,23.04,22.39,23.04,23.04,1021,38,5.43,321,42,0.0,Clouds,scattered clouds,13
Decs,46.283889,18.756111,2026-06-12 13:46:47.641998,23.07,22.42,23.07,23.07,1021,38,5.46,321,41,0.0,Clouds,scattered clouds,13
Csikóstőttős,46.337222,18.152778,2026-06-12 13:46:48.802913,23.11,22.49,23.11,23.11,1021,39,5.2,327,29,0.0,Clouds,scattered clouds,13
Mágocs-Alsómocsolád,46.31027777777778,18.222222222222225,2026-06-12 13:46:49.961935,22.44,21.76,22.44,22.44,1021,39,5.04,328,37,0.0,Clouds,scattered clouds,13
Szalatnak,46.284444444444446,18.288611111111113,2026-06-12 13:46:51.126806,22.57,21.93,22.57,22.57,1021,40,4.98,326,45,0.0,Clouds,scattered clouds,13
Máza-Szászvár,46.279167,18.411389,2026-06-12 13:46:52.283630,23.69,23.16,23.69,23.69,1021,40,5.1,323,42,0.0,Clouds,scattered clouds,13
Váralja,46.281667,18.436111,2026-06-12 13:46:53.442067,23.77,23.25,23.77,23.77,1021,40,5.19,322,39,0.0,Clouds,scattered clouds,13
Nagymányok,46.280278,18.459167,2026-06-12 13:46:54.605332,23.85,23.34,23.85,23.85,1021,40,5.19,322,39,0.0,Clouds,scattered clouds,13
Hidas-Bonyhád,46.269444,18.523333,2026-06-12 13:46:55.766129,23.85,23.31,23.85,23.85,1021,39,5.26,321,37,0.0,Clouds,scattered clouds,13
Mőcsény,46.2575,18.591944,2026-06-12 13:46:56.929276,23.84,23.3,23.84,23.84,1021,39,5.39,322,36,0.0,Clouds,scattered clouds,13
Bátaszék,46.202222,18.715556,2026-06-12 13:46:58.091467,24.13,23.62,24.13,24.13,1021,39,5.41,324,36,0.0,Clouds,scattered clouds,13
Pörböly,46.199167,18.826389,2026-06-12 13:46:59.250860,23.1,22.46,23.1,23.1,1021,38,5.42,323,41,0.0,Clouds,scattered clouds,13
Orosháza,46.566111,20.664722,2026-06-12 13:47:00.405150,24.95,24.44,24.95,24.95,1019,36,4.36,315,14,0.0,Clouds,few clouds,13
Orosházi tanyák,46.596944,20.760556,2026-06-12 13:47:01.564347,23.3,22.68,23.3,23.3,1019,38,3.97,314,16,0.0,Clouds,few clouds,13
Csorvás,46.623611,20.840833,2026-06-12 13:47:02.718782,23.28,22.66,23.28,23.28,1019,38,3.61,316,16,0.0,Clouds,few clouds,13
Csorvás alsó,46.634722,20.888333,2026-06-12 13:47:03.876267,23.3,22.63,23.3,23.3,1019,36,3.31,318,17,0.0,Clouds,few clouds,13
Telekgerendás,46.656111,20.963889,2026-06-12 13:47:05.028970,23.3,22.63,23.3,23.3,1019,36,2.45,329,19,0.0,Clouds,few clouds,13
Fürjes,46.67214,21.02306,2026-06-12 13:47:06.183359,23.3,22.63,23.3,23.3,1019,36,1.34,322,21,0.0,Clouds,few clouds,13
Fényes,46.659876,21.16618,2026-06-12 13:47:07.341974,23.33,22.66,23.33,23.33,1019,36,1.34,322,25,0.0,Clouds,scattered clouds,13
Bicere,46.66,21.179444,2026-06-12 13:47:08.495689,23.32,22.65,23.32,23.32,1019,36,1.34,322,29,0.0,Clouds,scattered clouds,13
Gyula,46.656389,21.273333,2026-06-12 13:47:09.650814,23.31,22.64,23.31,23.31,1019,36,2.27,46,45,0.0,Clouds,scattered clouds,13
József Szanatórium,46.704722,21.3325,2026-06-12 13:47:10.808932,23.3,22.63,23.3,23.3,1019,36,2.29,57,66,0.0,Clouds,broken clouds,13
Sarkadi Cukorgyár,46.73,21.383611,2026-06-12 13:47:11.973067,23.31,22.64,23.31,23.31,1019,36,2.18,56,84,0.0,Clouds,broken clouds,13
Sarkad,46.736944,21.402222,2026-06-12 13:47:13.139192,23.3,22.89,23.3,23.3,1019,46,2.08,52,91,0.0,Clouds,overcast clouds,13
Kötegyán,46.758333,21.479722,2026-06-12 13:47:14.298955,23.3,22.89,23.3,23.3,1019,46,1.86,39,99,0.0,Clouds,overcast clouds,13
Méhkerék,46.774444,21.455556,2026-06-12 13:47:15.458527,23.3,22.89,23.3,23.3,1019,46,2.02,48,98,0.0,Clouds,overcast clouds,13
Sarkadkeresztúr,46.823611,21.4175,2026-06-12 13:47:16.625028,23.32,22.88,23.32,23.32,1019,45,2.26,54,96,0.0,Clouds,overcast clouds,13
Okány,46.8925,21.339167,2026-06-12 13:47:17.782008,23.32,22.83,23.32,23.32,1019,43,3.07,60,94,0.0,Clouds,overcast clouds,13
Újszeged,46.242222,20.16,2026-06-12 13:47:18.938410,22.3,21.5,22.3,22.3,1019,35,4.78,321,17,0.0,Clouds,few clouds,13
Szőreg,46.211389,20.183056,2026-06-12 13:47:20.091588,22.29,21.49,22.29,22.29,1019,35,4.62,320,19,0.0,Clouds,few clouds,13
Deszk,46.210278,20.246389,2026-06-12 13:47:21.246547,22.3,21.53,22.3,22.3,1019,36,4.45,319,15,0.0,Clouds,few clouds,13
Kiszombor,46.191944,20.413056,2026-06-12 13:47:22.401588,23.62,23.03,23.62,23.62,1019,38,4.36,316,11,0.0,Clouds,few clouds,13
Kiszombor megálló,46.191111,20.430833,2026-06-12 13:47:23.561137,23.62,23.03,23.62,23.62,1019,38,4.36,316,11,0.0,Clouds,few clouds,13
Makó,46.204722,20.474722,2026-06-12 13:47:24.719932,23.58,22.99,23.58,23.58,1019,38,4.36,315,12,0.0,Clouds,few clouds,13
Apátfalva,46.175193,20.580611,2026-06-12 13:47:25.874989,23.53,22.98,23.53,23.53,1019,40,4.36,314,26,0.0,Clouds,scattered clouds,13
Magyarcsanád,46.174444,20.610278,2026-06-12 13:47:27.025971,23.51,22.96,23.51,23.51,1019,40,4.31,315,29,0.0,Clouds,scattered clouds,13
Nagylak,46.17,20.708333,2026-06-12 13:47:28.187298,21.21,20.48,21.21,21.21,1019,42,3.91,320,42,0.0,Clouds,scattered clouds,13
Nagylaki Kendergyár,46.189167,20.717222,2026-06-12 13:47:29.344629,21.2,20.47,21.2,21.2,1019,42,3.8,319,44,0.0,Clouds,scattered clouds,13
Csanádpalota,46.236111,20.7325,2026-06-12 13:47:30.500797,21.19,20.46,21.19,21.19,1019,42,3.72,317,44,0.0,Clouds,scattered clouds,13
Mezőhegyes,46.310833,20.815556,2026-06-12 13:47:31.655103,21.13,20.42,21.13,21.13,1019,43,3.14,319,43,0.0,Clouds,scattered clouds,13
Végegyháza,46.384444,20.878611,2026-06-12 13:47:32.809859,21.15,20.44,21.15,21.15,1019,43,2.68,325,29,0.0,Clouds,scattered clouds,13
Mezőkovácsháza,46.408333,20.9,2026-06-12 13:47:33.966128,21.15,20.42,21.15,21.15,1019,42,2.7,324,26,0.0,Clouds,scattered clouds,13
Mezőkovácsháza felső,46.415556,20.918056,2026-06-12 13:47:35.121288,21.16,20.45,21.16,21.16,1019,43,2.36,337,19,0.0,Clouds,few clouds,13
Magyarbánhegyes,46.451389,20.97,2026-06-12 13:47:36.272833,23.27,22.78,23.27,23.27,1019,43,2.28,343,15,0.0,Clouds,few clouds,13
Medgyesegyháza,46.495278,21.029167,2026-06-12 13:47:37.424185,23.25,22.75,23.25,23.25,1019,43,2.16,354,11,0.0,Clouds,few clouds,13
Bánkút,46.505278,21.091944,2026-06-12 13:47:38.576581,23.27,22.59,23.27,23.27,1019,36,2.27,4,11,0.0,Clouds,few clouds,13
Belsőperegpuszta,46.321111,20.916667,2026-06-12 13:47:39.737363,21.13,20.47,21.13,21.13,1019,45,2.54,343,30,0.0,Clouds,scattered clouds,13
Battonya,46.282222,21.003889,2026-06-12 13:47:40.893641,21.13,21.91,21.13,22.26,1019,100,2.67,354,24,0.0,Clouds,few clouds,13
Baja-Dunafürdő,46.193333,18.919167,2026-06-12 13:47:42.056016,23.1,22.43,23.1,23.1,1021,37,5.51,322,48,0.0,Clouds,scattered clouds,13
Kaposszekcső,46.330556,18.143056,2026-06-12 13:47:43.212936,23.11,22.49,23.11,23.11,1021,39,5.2,327,29,0.0,Clouds,scattered clouds,13
Vásárosdombó,46.310556,18.138889,2026-06-12 13:47:44.367268,23.01,22.38,23.01,23.01,1021,39,5.06,329,33,0.0,Clouds,scattered clouds,13
Sásd,46.257222,18.104722,2026-06-12 13:47:45.522083,22.97,22.34,22.97,22.97,1021,39,4.85,333,40,0.0,Clouds,scattered clouds,13
Godisa,46.223333,18.104722,2026-06-12 13:47:46.681948,22.73,22.1,22.73,22.73,1021,40,4.76,334,44,0.0,Clouds,scattered clouds,13
Abaliget,46.152778,18.073611,2026-06-12 13:47:47.833258,22.63,22.02,22.63,22.63,1021,41,4.52,337,50,0.0,Clouds,scattered clouds,13
Hetvehely,46.128333,18.045,2026-06-12 13:47:48.990642,22.87,22.28,22.87,22.87,1021,41,4.45,336,51,0.0,Clouds,broken clouds,13
Bükkösd,46.113056,17.999444,2026-06-12 13:47:50.147538,22.8,22.21,22.8,22.8,1021,41,4.47,336,49,0.0,Clouds,scattered clouds,13
Cserdi-Helesfa,46.086667,17.987778,2026-06-12 13:47:51.309858,22.83,22.27,22.83,22.83,1021,42,4.4,336,52,0.0,Clouds,broken clouds,13
Szentlőrinc,46.033333,17.990833,2026-06-12 13:47:52.468111,23.29,22.8,23.29,23.29,1021,43,4.3,335,56,0.0,Clouds,broken clouds,13
Bicsérd,46.041389,18.057778,2026-06-12 13:47:53.623510,23.07,22.53,23.07,23.07,1021,42,4.33,335,58,0.0,Clouds,broken clouds,13
Mecsekalja-Cserkút,46.059722,18.150278,2026-06-12 13:47:54.779029,23.99,23.54,23.99,23.99,1021,42,4.51,334,61,0.0,Clouds,broken clouds,13
Pécs,46.065833,18.223611,2026-06-12 13:47:55.935031,23.91,23.45,22.04,23.91,1021,42,4.67,333,62,0.0,Clouds,broken clouds,13
Pécs-Külváros,46.071667,18.24,2026-06-12 13:47:57.087472,23.88,23.42,22.02,23.88,1021,42,4.67,333,62,0.0,Clouds,broken clouds,13
Pécsbánya-Rendező,46.063333,18.270278,2026-06-12 13:47:58.242566,23.73,23.26,21.86,23.73,1021,42,4.86,331,61,0.0,Clouds,broken clouds,13
Pécsudvard,46.01,18.275556,2026-06-12 13:47:59.397431,23.65,23.17,21.79,23.65,1021,42,4.88,330,56,0.0,Clouds,broken clouds,13
Szőkéd,45.9675,18.29,2026-06-12 13:48:00.557665,23.84,23.38,21.97,23.84,1021,42,4.97,328,47,0.0,Clouds,scattered clouds,13
Áta,45.936389,18.306944,2026-06-12 13:48:01.710775,22.08,21.65,22.08,23.94,1021,50,4.98,328,42,0.0,Clouds,scattered clouds,13
Kistótfalu,45.909722,18.315278,2026-06-12 13:48:02.867948,22.12,21.69,22.12,23.98,1021,50,4.97,327,37,0.0,Clouds,scattered clouds,13
Vokány,45.899722,18.334722,2026-06-12 13:48:04.020135,22.08,21.65,22.08,23.94,1021,50,5.02,327,35,0.0,Clouds,scattered clouds,13
Palkonya,45.891667,18.393889,2026-06-12 13:48:05.176992,22.1,21.67,22.1,23.97,1021,50,1.34,309,28,0.0,Clouds,scattered clouds,13
Villánykövesd,45.879722,18.425833,2026-06-12 13:48:06.335091,22.06,21.63,22.06,23.93,1021,50,1.34,309,27,0.0,Clouds,scattered clouds,13
Villány,45.8775,18.451389,2026-06-12 13:48:07.508670,22.19,21.77,22.19,24.05,1021,50,1.34,309,25,0.0,Clouds,scattered clouds,13
Magyarbóly,45.834167,18.491944,2026-06-12 13:48:08.664855,22.24,21.83,22.24,24.1,1021,50,1.34,309,19,0.0,Clouds,few clouds,13
Magyarszék,46.210278,18.188056,2026-06-12 13:48:09.820873,23.69,23.16,23.69,23.69,1021,40,4.74,334,53,0.0,Clouds,broken clouds,13
Mecsekpölöske,46.224167,18.213056,2026-06-12 13:48:10.979590,23.52,22.97,23.52,23.52,1021,40,4.82,332,51,0.0,Clouds,broken clouds,13
Mecsekjánosi,46.215278,18.241944,2026-06-12 13:48:12.141634,23.51,22.96,23.51,23.51,1021,40,4.89,330,54,0.0,Clouds,broken clouds,13
Komló,46.189167,18.265278,2026-06-12 13:48:13.302353,23.19,22.61,23.19,23.19,1021,40,4.87,330,57,0.0,Clouds,broken clouds,13
Királyegyháza-Rigópuszta,45.989167,17.971667,2026-06-12 13:48:14.462228,23.28,22.79,23.28,23.28,1021,43,4.25,333,59,0.0,Clouds,broken clouds,13
Sumony,45.960833,17.913333,2026-06-12 13:48:15.620955,23.4,22.92,23.4,23.4,1021,43,4.19,331,59,0.0,Clouds,broken clouds,13
Okorág-Kárászpuszta,45.933611,17.864444,2026-06-12 13:48:16.779888,23.45,23.0,23.45,23.45,1021,44,4.12,330,60,0.0,Clouds,broken clouds,13
Kákics,45.904167,17.8525,2026-06-12 13:48:17.959243,23.44,22.99,23.44,23.44,1021,44,4.05,329,59,0.0,Clouds,broken clouds,13
Bóly,45.9375,18.538333,2026-06-12 13:48:19.117472,22.01,21.57,22.01,23.88,1021,50,1.34,309,27,0.0,Clouds,scattered clouds,13
Mohács,46.0025,18.683333,2026-06-12 13:48:20.276532,24.14,23.71,22.28,24.14,1021,42,4.92,329,29,0.0,Clouds,scattered clouds,13
Sellye,45.873333,17.858889,2026-06-12 13:48:21.429528,23.38,22.92,23.38,23.38,1021,44,4.05,330,59,0.0,Clouds,broken clouds,13
Toponár,46.398333,17.840833,2026-06-12 13:48:22.583685,22.92,22.36,22.92,22.92,1021,42,5.32,320,42,0.0,Clouds,scattered clouds,13
Somogyaszaló,46.453611,17.840278,2026-06-12 13:48:23.739474,22.72,22.14,22.72,22.72,1021,42,5.43,317,44,0.0,Clouds,scattered clouds,13
Mernye,46.509444,17.832222,2026-06-12 13:48:24.895643,22.66,22.1,22.66,22.66,1021,43,5.7,315,49,0.0,Clouds,scattered clouds,13
Felsőmocsolád,46.556389,17.8225,2026-06-12 13:48:26.052690,22.46,21.88,22.46,22.46,1021,43,5.81,314,51,0.0,Clouds,broken clouds,13
Kisbárapáti,46.615,17.866667,2026-06-12 13:48:27.211937,22.07,21.48,22.07,22.07,1021,44,6.34,313,54,0.0,Clouds,broken clouds,13
Bonnya,46.611389,17.909167,2026-06-12 13:48:28.368868,22.42,21.84,22.42,22.42,1021,43,6.33,312,46,0.0,Clouds,scattered clouds,13
Andocs,46.646944,17.8925,2026-06-12 13:48:29.524289,21.77,21.15,21.77,21.77,1021,44,6.46,313,57,0.0,Clouds,broken clouds,13
Karád,46.681111,17.874722,2026-06-12 13:48:30.680379,20.25,19.48,20.25,20.25,1021,44,6.57,313,60,0.0,Clouds,broken clouds,13
Somogymeggyes,46.720556,17.920556,2026-06-12 13:48:31.841368,19.83,19.02,19.83,22.05,1021,44,6.79,312,63,0.0,Clouds,broken clouds,13
Kapoly,46.713611,17.977778,2026-06-12 13:48:32.996113,20.11,19.3,20.11,22.33,1021,43,6.6,307,50,0.0,Clouds,scattered clouds,13
Tab,46.734167,18.041111,2026-06-12 13:48:34.157305,22.49,21.89,20.27,22.49,1021,42,6.57,306,52,0.0,Clouds,broken clouds,13
Bábonymegyer,46.746095,18.109921,2026-06-12 13:48:35.319253,22.6,22.06,20.38,22.6,1021,44,6.35,303,48,0.0,Clouds,scattered clouds,13
Daránypuszta,46.764722,18.143889,2026-06-12 13:48:36.474315,22.62,22.09,20.4,22.62,1021,44,6.31,303,52,0.0,Clouds,broken clouds,13
Som-Nagyberény,46.803056,18.149444,2026-06-12 13:48:37.630310,22.61,22.08,20.39,22.61,1021,44,6.51,305,59,0.0,Clouds,broken clouds,13
Ádánd,46.854444,18.141667,2026-06-12 13:48:38.784661,22.73,22.21,20.51,22.73,1021,44,6.81,308,64,0.0,Clouds,broken clouds,13
Siójut,46.879444,18.126667,2026-06-12 13:48:39.938255,22.72,22.2,20.5,22.72,1021,44,6.98,310,66,0.0,Clouds,broken clouds,13
Kapostüskevár,46.367778,17.774167,2026-06-12 13:48:41.094549,23.1,22.56,23.1,23.1,1022,42,5.06,320,50,0.0,Clouds,scattered clouds,13
Kaposfüred,46.415,17.759444,2026-06-12 13:48:42.247105,22.88,22.32,22.88,22.88,1022,42,5.07,318,53,0.0,Clouds,broken clouds,13
Várda,46.4625,17.721667,2026-06-12 13:48:43.403405,22.71,22.16,22.71,22.71,1022,43,4.74,317,66,0.0,Clouds,broken clouds,13
Somogyjád,46.490833,17.694444,2026-06-12 13:48:44.581773,22.86,22.32,22.86,22.86,1022,43,4.57,318,74,0.0,Clouds,broken clouds,13
Osztopán,46.515556,17.656944,2026-06-12 13:48:45.746823,22.88,22.35,22.88,22.88,1022,43,4.42,319,81,0.0,Clouds,broken clouds,13
Pamuk,46.553127,17.636412,2026-06-12 13:48:46.904875,22.98,22.46,22.98,22.98,1022,43,4.54,320,83,0.0,Clouds,broken clouds,13
Somogyvár,46.580556,17.634722,2026-06-12 13:48:48.059279,22.96,22.43,22.96,22.96,1022,43,4.71,321,85,0.0,Clouds,overcast clouds,13
Öreglak,46.608607,17.632733,2026-06-12 13:48:49.212627,22.92,22.39,22.92,22.92,1022,43,4.9,322,87,0.0,Clouds,overcast clouds,13
Tatárvár,46.636667,17.621111,2026-06-12 13:48:50.370128,22.85,22.31,22.85,22.85,1021,43,4.86,324,92,0.0,Clouds,overcast clouds,13
Lengyeltóti,46.660556,17.613611,2026-06-12 13:48:51.535376,22.91,22.38,22.91,22.91,1021,43,5.09,325,93,0.0,Clouds,overcast clouds,13
Pusztaberény,46.686111,17.594722,2026-06-12 13:48:52.693232,22.98,22.46,22.98,22.98,1021,43,5.3,326,94,0.0,Clouds,overcast clouds,13
Örkény,47.132778,19.447222,2026-06-12 13:48:53.849399,22.58,21.78,22.58,22.58,1019,34,6.42,310,7,0.0,Clear,clear sky,13
Táborfalva,47.098545,19.479318,2026-06-12 13:48:55.010556,22.63,21.81,22.63,22.63,1019,33,6.45,310,8,0.0,Clear,clear sky,13
Felsőlajos,47.068834,19.498415,2026-06-12 13:48:56.165748,22.64,21.82,22.64,22.64,1019,33,6.48,311,9,0.0,Clear,clear sky,13
Lajosmizse,47.028333,19.542778,2026-06-12 13:48:57.320499,22.73,21.92,22.73,22.73,1019,33,6.53,312,10,0.0,Clear,clear sky,13
Lajosmizse alsó,47.0225,19.550278,2026-06-12 13:48:58.475214,22.73,21.92,22.73,22.73,1019,33,6.53,312,10,0.0,Clear,clear sky,13
Klábertelep,47.005556,19.551667,2026-06-12 13:48:59.626934,22.8,22.0,22.8,22.8,1019,33,6.57,311,10,0.0,Clear,clear sky,13
Méntelek,46.978611,19.570833,2026-06-12 13:49:00.798316,22.83,22.03,22.83,22.83,1019,33,6.58,311,11,0.0,Clouds,few clouds,13
Hetényegyháza,46.930833,19.595,2026-06-12 13:49:01.957860,22.96,22.15,22.96,22.96,1019,32,6.57,312,11,0.0,Clouds,few clouds,13
Kecskemét-Máriaváros,46.901192,19.675913,2026-06-12 13:49:03.117338,23.75,23.02,23.75,23.75,1019,32,6.48,312,9,0.0,Clear,clear sky,13
Nyársapát,47.100278,19.7925,2026-06-12 13:49:04.273345,25.5,24.99,23.15,25.5,1019,34,5.73,317,5,0.0,Clear,clear sky,13
Nagykőrös,47.038333,19.76,2026-06-12 13:49:05.429951,23.13,22.36,23.13,23.13,1019,33,5.98,314,5,0.0,Clear,clear sky,13
Katonatelep,46.963056,19.718889,2026-06-12 13:49:06.589577,23.07,22.29,23.07,23.07,1019,33,6.38,311,7,0.0,Clear,clear sky,13
Kecskemét,46.913889,19.700833,2026-06-12 13:49:07.747635,23.75,23.02,23.75,23.75,1019,32,6.49,312,8,0.0,Clear,clear sky,13
Városföld,46.816667,19.753333,2026-06-12 13:49:08.903097,23.81,23.11,23.81,23.81,1019,33,6.24,315,8,0.0,Clear,clear sky,13
Kiskunfélegyháza,46.7067,19.83474,2026-06-12 13:49:10.062286,23.86,23.16,23.86,23.86,1019,33,6.15,318,15,0.0,Clouds,few clouds,13
Petőfiszállás,46.617374,19.865229,2026-06-12 13:49:11.221406,23.9,23.21,23.9,23.9,1019,33,6.09,319,25,0.0,Clouds,scattered clouds,13
Csengele,46.538321,19.909008,2026-06-12 13:49:12.374112,23.89,23.2,22.19,23.89,1019,33,5.87,319,33,0.0,Clouds,scattered clouds,13
Kistelek,46.466944,19.966944,2026-06-12 13:49:13.537477,22.25,21.63,22.25,23.94,1019,42,5.71,319,36,0.0,Clouds,scattered clouds,13
Balástya,46.413333,20.001389,2026-06-12 13:49:14.699425,22.25,21.63,22.25,22.25,1019,42,5.56,319,33,0.0,Clouds,scattered clouds,13
Szatymaz,46.345621,20.04374,2026-06-12 13:49:15.857445,22.27,21.65,22.27,22.27,1019,42,4.47,315,28,0.0,Clouds,scattered clouds,13
Kiskundorozsma,46.271667,20.090556,2026-06-12 13:49:17.021431,22.3,21.68,22.3,22.3,1019,42,5.05,320,21,0.0,Clouds,few clouds,13
Szeged,46.239722,20.143056,2026-06-12 13:49:18.178172,22.28,21.66,22.28,22.28,1019,42,4.75,320,19,0.0,Clouds,few clouds,13
Alsóúrrét,46.898392,19.779891,2026-06-12 13:49:19.333770,23.8,23.07,23.8,23.8,1019,32,6.2,313,5,0.0,Clear,clear sky,13
Nyárlőrinc,46.87,19.851389,2026-06-12 13:49:20.485967,23.83,23.13,23.83,23.83,1019,33,5.95,315,4,0.0,Clear,clear sky,13
Világoshegy,46.855278,19.940278,2026-06-12 13:49:21.641557,23.86,23.16,23.86,23.86,1019,33,5.37,321,3,0.0,Clear,clear sky,13
Szikra,46.858333,19.975,2026-06-12 13:49:22.794858,23.87,23.17,23.24,23.87,1019,33,5.37,321,3,0.0,Clear,clear sky,13
Lakitelek,46.873056,20.003611,2026-06-12 13:49:23.960018,23.92,23.23,23.28,23.92,1019,33,5.25,322,3,0.0,Clear,clear sky,13
Tiszaug,46.850556,20.074167,2026-06-12 13:49:25.134761,23.93,23.21,23.34,25.0,1019,32,5.09,326,4,0.0,Clear,clear sky,13
Tiszasas,46.826389,20.089167,2026-06-12 13:49:26.295096,23.83,23.1,23.32,24.98,1019,32,5.09,326,4,0.0,Clear,clear sky,13
Csépa,46.8125,20.134722,2026-06-12 13:49:27.449318,23.88,23.26,23.32,24.98,1019,36,5.04,328,4,0.0,Clear,clear sky,13
Szelevény,46.811944,20.196389,2026-06-12 13:49:28.620477,24.16,23.49,23.33,24.99,1019,33,5.0,329,4,0.0,Clear,clear sky,13
Gátér,46.685,19.9625,2026-06-12 13:49:29.791155,23.93,23.24,23.32,24.98,1019,33,5.78,320,16,0.0,Clouds,few clouds,13
Kónyaszék,46.699931,20.074299,2026-06-12 13:49:30.944705,23.64,22.97,23.34,24.99,1019,35,5.33,323,10,0.0,Clear,clear sky,13
Csongrád,46.704444,20.140556,2026-06-12 13:49:32.099477,23.75,23.07,23.34,25.0,1019,34,5.15,325,8,0.0,Clear,clear sky,13
Hékéd,46.675,20.266667,2026-06-12 13:49:33.263541,23.34,22.67,23.34,25.0,1019,36,4.47,306,5,0.0,Clear,clear sky,13
Fábiánsebestyén,46.670278,20.456667,2026-06-12 13:49:34.421312,24.99,24.35,23.33,24.99,1019,31,4.62,326,4,0.0,Clear,clear sky,13
Gádoros,46.656711,20.588157,2026-06-12 13:49:35.574562,24.98,24.34,23.32,24.98,1019,31,4.63,319,9,0.0,Clear,clear sky,13
Justhmajor,46.62,20.615833,2026-06-12 13:49:36.734335,24.97,24.44,23.32,24.97,1019,35,4.55,317,11,0.0,Clouds,few clouds,13
Szentetornya,46.590964,20.628334,2026-06-12 13:49:37.892209,24.97,24.44,23.31,24.97,1019,35,4.48,317,12,0.0,Clouds,few clouds,13
Gyopárosfürdő,46.567784,20.630662,2026-06-12 13:49:39.047277,24.95,24.44,23.3,24.95,1019,36,4.36,315,14,0.0,Clouds,few clouds,13
Szabadságliget,47.626123,18.893481,2026-06-12 13:49:40.201117,20.5,19.7,20.21,22.59,1020,42,2.24,298,7,0.0,Clear,clear sky,13
Röszke,46.19261,20.03055,2026-06-12 13:49:41.359563,22.3,21.68,22.3,24.1,1019,42,5.1,319,31,0.0,Clouds,scattered clouds,13
Tószeg,47.098056,20.138333,2026-06-12 13:49:42.539408,23.34,22.77,23.34,23.34,1019,40,0.89,334,1,0.0,Clear,clear sky,13
Tiszavárkony,47.059444,20.143056,2026-06-12 13:49:43.697239,23.34,22.77,23.34,23.34,1019,40,0.89,334,1,0.0,Clear,clear sky,13
Tiszajenő-Vezseny,47.036319,20.142415,2026-06-12 13:49:44.851599,23.34,22.77,23.34,23.34,1019,40,0.89,334,1,0.0,Clear,clear sky,13
Újbög,46.962222,20.093889,2026-06-12 13:49:46.012590,23.3,22.73,23.3,23.3,1019,40,4.85,328,3,0.0,Clear,clear sky,13
Tiszakécske,46.937512,20.082016,2026-06-12 13:49:47.168763,23.32,22.75,23.32,23.32,1019,40,4.89,327,3,0.0,Clear,clear sky,13
Kerekdomb,46.906944,20.052778,2026-06-12 13:49:48.323662,23.31,22.56,23.31,23.94,1019,33,4.93,327,3,0.0,Clear,clear sky,13
Tiszaalpár,46.818611,19.982778,2026-06-12 13:49:49.484161,23.91,23.22,23.27,23.91,1019,33,5.4,322,4,0.0,Clear,clear sky,13
Tiszaalpár alsó,46.790897,19.951409,2026-06-12 13:49:50.638445,23.91,23.22,23.27,23.91,1019,33,5.58,321,6,0.0,Clear,clear sky,13
Tiszatenyő,47.134167,20.3725,2026-06-12 13:49:51.793287,23.34,22.77,23.34,23.34,1019,40,4.82,314,2,0.0,Clear,clear sky,13
Pusztapó,47.091667,20.458333,2026-06-12 13:49:52.950783,23.34,22.64,23.34,23.34,1019,35,4.71,313,2,0.0,Clear,clear sky,13
Kétpó,47.076944,20.487778,2026-06-12 13:49:54.119520,23.34,22.64,23.34,23.34,1019,35,4.78,313,2,0.0,Clear,clear sky,13
Mezőtúr,47.0125,20.622778,2026-06-12 13:49:55.275221,24.19,23.58,24.19,24.19,1019,35,5.17,310,2,0.0,Clear,clear sky,13
Nagylapos,46.974167,20.750556,2026-06-12 13:49:56.438569,24.22,23.61,24.22,24.22,1019,35,5.14,309,7,0.0,Clear,clear sky,13
Gyoma,46.925833,20.821667,2026-06-12 13:49:57.597973,24.18,23.57,24.18,24.18,1019,35,4.97,310,9,0.0,Clear,clear sky,13
Csárdaszállás,46.861111,20.932778,2026-06-12 13:49:58.762222,23.33,22.66,23.33,23.33,1019,36,3.66,316,20,0.0,Clouds,few clouds,13
Mezőberény,46.814722,21.013056,2026-06-12 13:49:59.918466,23.32,22.65,23.32,23.32,1019,36,2.63,326,26,0.0,Clouds,scattered clouds,13
Murony,46.756944,21.038056,2026-06-12 13:50:01.074509,23.34,22.67,23.34,23.34,1019,36,2.09,337,27,0.0,Clouds,scattered clouds,13
Békéscsaba,46.669722,21.081667,2026-06-12 13:50:02.227189,23.3,22.63,23.3,23.3,1019,36,1.34,322,23,0.0,Clouds,few clouds,13
Kétegyháza,46.5325,21.171944,2026-06-12 13:50:03.393507,23.28,22.6,23.28,23.28,1019,36,2.49,15,19,0.0,Clouds,few clouds,13
Lőkösháza,46.432222,21.2375,2026-06-12 13:50:04.553151,25.06,24.8,22.27,25.07,1019,45,3.1,7,19,0.0,Clouds,few clouds,13
Kengyel,47.089722,20.339722,2026-06-12 13:50:05.722480,23.32,22.75,23.32,23.32,1019,40,4.88,317,2,0.0,Clear,clear sky,13
Bagimajor,47.061111,20.316667,2026-06-12 13:50:06.881792,23.34,22.77,23.34,23.34,1019,40,4.93,322,2,0.0,Clear,clear sky,13
Martfű,47.019444,20.291667,2026-06-12 13:50:08.036787,23.32,22.75,23.32,23.32,1019,40,4.94,324,2,0.0,Clear,clear sky,13
Tiszaföldvár,46.975556,20.276389,2026-06-12 13:50:09.199855,23.32,22.75,23.32,23.32,1019,40,4.95,327,3,0.0,Clear,clear sky,13
Homok,46.9475,20.270278,2026-06-12 13:50:10.357043,23.33,22.76,23.33,24.97,1019,40,4.94,328,4,0.0,Clear,clear sky,13
Kungyalu,46.910833,20.2675,2026-06-12 13:50:11.515879,23.72,23.01,23.34,24.99,1019,33,4.95,329,4,0.0,Clear,clear sky,13
Kunszentmárton,46.848333,20.293333,2026-06-12 13:50:12.683465,24.98,24.34,23.32,24.98,1019,31,4.91,330,4,0.0,Clear,clear sky,13
Nagytőke,46.763333,20.291667,2026-06-12 13:50:13.839248,24.99,24.35,23.34,24.99,1019,31,4.88,329,4,0.0,Clear,clear sky,13
Szentes,46.657778,20.2725,2026-06-12 13:50:15.005520,23.34,22.67,23.34,25.0,1019,36,4.47,306,6,0.0,Clear,clear sky,13
Szegvár,46.588611,20.249444,2026-06-12 13:50:16.183798,23.34,22.67,23.34,25.0,1019,36,4.47,306,6,0.0,Clear,clear sky,13
Mindszent,46.524167,20.194167,2026-06-12 13:50:17.343314,23.35,22.68,23.35,25.01,1019,36,5.02,321,14,0.0,Clouds,few clouds,13
Mártély,46.473333,20.236111,2026-06-12 13:50:18.498358,23.67,22.98,22.31,25.02,1019,34,4.87,320,11,0.0,Clouds,few clouds,13
Pusztabánréve,46.939898,20.556809,2026-06-12 13:50:19.664353,24.12,23.48,24.12,24.12,1019,34,5.11,315,4,0.0,Clear,clear sky,13
Szarvas,46.860833,20.566667,2026-06-12 13:50:20.827533,25.0,24.44,25.0,25.0,1019,34,5.08,319,4,0.0,Clear,clear sky,13
Csabacsűd,46.823056,20.663333,2026-06-12 13:50:21.984592,24.99,24.43,24.99,24.99,1019,34,5.07,317,7,0.0,Clear,clear sky,13
Kisszénás,46.751389,20.721389,2026-06-12 13:50:23.150182,25.0,24.47,25.0,25.0,1019,35,4.76,314,13,0.0,Clouds,few clouds,13
Kiscsákó,46.719167,20.717778,2026-06-12 13:50:24.304001,24.99,24.46,24.99,24.99,1019,35,4.55,315,15,0.0,Clouds,few clouds,13
Nagyszénás,46.672778,20.674167,2026-06-12 13:50:25.463067,24.96,24.43,24.96,24.96,1019,35,4.63,316,13,0.0,Clouds,few clouds,13
Kardoskút,46.498056,20.6975,2026-06-12 13:50:26.618961,23.69,23.08,23.69,23.69,1019,37,4.07,312,20,0.0,Clouds,few clouds,13
Tótkomlós,46.409167,20.726944,2026-06-12 13:50:27.772555,23.56,22.99,23.56,23.56,1019,39,3.61,311,31,0.0,Clouds,scattered clouds,13
Nagyér,46.365278,20.738333,2026-06-12 13:50:28.932799,23.51,22.96,23.51,23.51,1019,40,3.54,312,37,0.0,Clouds,scattered clouds,13
Pitvaros,46.326175,20.746446,2026-06-12 13:50:30.096580,23.48,22.95,23.48,23.48,1019,41,3.34,315,41,0.0,Clouds,scattered clouds,13
Dévaványa,47.033889,20.943333,2026-06-12 13:50:31.250207,24.31,23.74,24.31,24.31,1019,36,3.47,324,27,0.0,Clouds,scattered clouds,13
Körösladány,46.97,21.085833,2026-06-12 13:50:32.425624,24.13,23.56,24.13,24.13,1019,37,2.28,1,52,0.0,Clouds,broken clouds,13
Szeghalom,47.015278,21.148333,2026-06-12 13:50:33.585230,24.07,23.52,24.07,24.07,1019,38,2.81,30,74,0.0,Clouds,broken clouds,13
Vésztő,46.938889,21.263611,2026-06-12 13:50:34.740862,23.68,23.15,23.68,23.68,1019,40,3.26,56,92,0.0,Clouds,overcast clouds,13
Szeged-Rókus,46.266111,20.125278,2026-06-12 13:50:35.904915,22.3,21.68,22.3,22.3,1019,42,4.9,320,19,0.0,Clouds,few clouds,13
Algyő,46.335556,20.196111,2026-06-12 13:50:37.062952,22.32,21.52,22.32,22.32,1019,35,4.8,320,12,0.0,Clouds,few clouds,13
Hódmezővásárhelyi Népkert,46.403333,20.312778,2026-06-12 13:50:38.210394,23.36,22.67,23.36,23.36,1019,35,4.59,319,4,0.0,Clear,clear sky,13
Hódmezővásárhely,46.413333,20.34,2026-06-12 13:50:39.365636,23.34,22.64,23.34,23.34,1019,35,4.52,319,3,0.0,Clear,clear sky,13
Körmend,47.016389,16.599167,2026-06-12 13:50:40.519474,22.14,21.72,22.14,22.14,1022,50,2.38,339,100,0.0,Clouds,overcast clouds,13
Szentgotthárd,46.957222,16.263056,2026-06-12 13:50:41.685583,22.47,22.08,22.47,22.47,1022,50,1.21,356,100,0.0,Clouds,overcast clouds,13
Szombathely,47.237778,16.6325,2026-06-12 13:50:42.843080,19.48,18.84,19.48,19.48,1022,52,2.47,329,100,0.0,Clouds,overcast clouds,13
Sáferkút,48.010278,19.071389,2026-06-12 13:50:43.998313,21.45,20.75,21.45,21.45,1020,42,5.91,294,6,0.0,Clear,clear sky,13
Magdolnavölgy,47.6475,18.818889,2026-06-12 13:50:45.157787,20.85,20.14,20.38,22.58,1020,44,5.32,312,6,0.0,Clear,clear sky,13
Haris,46.964722,16.2825,2026-06-12 13:50:46.315171,22.46,22.09,22.46,22.46,1022,51,1.35,354,100,0.0,Clouds,overcast clouds,13
Egyházasrádóc,47.091389,16.62,2026-06-12 13:50:47.468043,21.47,21.0,21.47,21.47,1022,51,2.21,332,100,0.0,Clouds,overcast clouds,13
Alsórönök,46.964167,16.379444,2026-06-12 13:50:48.622466,22.43,22.06,22.43,22.43,1022,51,1.49,348,100,0.0,Clouds,overcast clouds,13
Szombathely-Szőlős,47.206389,16.641667,2026-06-12 13:50:49.782319,19.54,18.88,19.54,19.54,1022,51,2.48,330,100,0.0,Clouds,overcast clouds,13
Rátót,46.9675,16.433056,2026-06-12 13:50:50.943124,22.26,21.87,22.26,22.26,1022,51,1.79,340,100,0.0,Clouds,overcast clouds,13
Ják-Balogunyom,47.161389,16.630556,2026-06-12 13:50:52.102647,19.6,18.95,19.6,19.6,1022,51,2.54,334,100,0.0,Clouds,overcast clouds,13
Vasvár,47.056944,16.800278,2026-06-12 13:50:53.257363,22.19,21.67,22.19,22.19,1022,46,3.55,346,100,0.0,Clouds,overcast clouds,13
Répcelak,47.418889,17.008889,2026-06-12 13:50:54.414922,20.22,19.58,20.22,20.22,1022,49,6.59,333,100,0.0,Clouds,overcast clouds,13
Rajka,47.995556,17.191389,2026-06-12 13:50:55.573695,18.44,17.72,18.44,18.44,1022,53,8.18,291,93,0.0,Clouds,overcast clouds,13
Püspökmolnári,47.086111,16.7675,2026-06-12 13:50:56.730403,21.99,21.47,21.99,21.99,1022,47,3.3,345,100,0.0,Clouds,overcast clouds,13
Kőszeg,47.382222,16.556389,2026-06-12 13:50:57.890622,19.08,18.51,19.08,19.08,1022,56,2.41,332,100,0.0,Clouds,overcast clouds,13
Kastélypark,47.390278,18.988333,2026-06-12 13:50:59.070570,21.47,20.8,21.18,23.38,1020,43,5.08,317,8,0.0,Clear,clear sky,13
Hanságliget,47.72,17.215556,2026-06-12 13:51:00.229648,20.58,20.03,20.58,20.58,1022,51,8.14,309,88,0.0,Clouds,overcast clouds,13
Vica,47.477778,17.111944,2026-06-12 13:51:01.415019,20.5,19.88,20.5,20.5,1022,49,7.65,331,96,0.0,Clouds,overcast clouds,13
Vép,47.235833,16.7275,2026-06-12 13:51:02.570669,19.62,18.97,19.62,19.62,1022,51,2.84,333,100,0.0,Clouds,overcast clouds,13
Mosonszolnok,47.8525,17.160278,2026-06-12 13:51:03.728763,20.55,20.07,20.55,20.55,1022,54,7.64,299,93,0.0,Clouds,overcast clouds,13
Jánossomorja,47.789167,17.1375,2026-06-12 13:51:04.880825,20.55,19.78,20.55,20.55,1022,43,7.52,306,92,0.0,Clouds,overcast clouds,13
Bősárkány,47.685556,17.234167,2026-06-12 13:51:06.046793,20.58,20.03,20.58,20.58,1022,51,8.19,314,87,0.0,Clouds,overcast clouds,13
Szil-Sopronnémeti,47.533333,17.209444,2026-06-12 13:51:07.204303,20.53,19.92,20.53,20.53,1022,49,8.29,324,88,0.0,Clouds,overcast clouds,13
Magyarkeresztúr-Zsebeháza,47.514167,17.176111,2026-06-12 13:51:08.365397,20.53,19.92,20.53,20.53,1022,49,8.12,327,91,0.0,Clouds,overcast clouds,13
Páli-Vadosfa,47.4925,17.137778,2026-06-12 13:51:09.519692,20.51,19.9,20.51,20.51,1022,49,7.92,329,94,0.0,Clouds,overcast clouds,13
Beled,47.466667,17.084444,2026-06-12 13:51:10.675045,20.02,19.36,20.02,20.02,1022,49,7.65,331,96,0.0,Clouds,overcast clouds,13
Dénesfa,47.448611,17.054722,2026-06-12 13:51:11.830335,20.13,19.48,20.13,20.13,1022,49,7.06,333,99,0.0,Clouds,overcast clouds,13
Csánig,47.430278,17.026111,2026-06-12 13:51:12.996796,20.1,19.45,20.1,20.1,1022,49,6.82,334,100,0.0,Clouds,overcast clouds,13
Vámoscsalád,47.385556,16.961667,2026-06-12 13:51:14.156777,19.87,19.19,19.87,19.87,1022,49,5.76,333,100,0.0,Clouds,overcast clouds,13
Vasegerszeg,47.375,16.928889,2026-06-12 13:51:15.316124,19.88,19.23,19.88,19.88,1022,50,4.87,333,100,0.0,Clouds,overcast clouds,13
Hegyfalu,47.357778,16.898333,2026-06-12 13:51:16.470879,19.87,19.22,19.87,19.87,1022,50,4.87,333,100,0.0,Clouds,overcast clouds,13
Pósfa,47.326944,16.855833,2026-06-12 13:51:17.623377,19.85,19.2,19.85,19.85,1022,50,4.33,332,100,0.0,Clouds,overcast clouds,13
Ölbő-Alsószeleste,47.300556,16.843056,2026-06-12 13:51:18.788376,19.83,19.17,19.83,19.83,1022,50,3.85,332,100,0.0,Clouds,overcast clouds,13
Gencsapáti felső,47.299722,16.593889,2026-06-12 13:51:19.942859,19.34,18.79,19.34,19.34,1022,56,2.26,327,100,0.0,Clouds,overcast clouds,13
Lukácsháza alsó,47.326389,16.586389,2026-06-12 13:51:21.095531,19.28,18.73,19.28,19.28,1022,56,2.34,330,100,0.0,Clouds,overcast clouds,13
Kőszegfalva,47.361667,16.567778,2026-06-12 13:51:22.249815,19.17,18.6,19.17,19.17,1022,56,2.3,330,100,0.0,Clouds,overcast clouds,13
Gyöngyöshermán,47.202778,16.657222,2026-06-12 13:51:23.408888,19.56,18.9,19.56,19.56,1022,51,2.48,330,100,0.0,Clouds,overcast clouds,13
Bezenye,47.973611,17.207222,2026-06-12 13:51:24.564946,18.54,17.83,18.54,18.54,1022,53,8.41,292,92,0.0,Clouds,overcast clouds,13
Kámon,47.254534,16.625769,2026-06-12 13:51:25.753950,19.44,18.9,19.44,19.44,1022,56,2.48,330,100,0.0,Clouds,overcast clouds,13
Sorkifalud,47.1375,16.719167,2026-06-12 13:51:26.969198,21.63,21.13,21.63,21.63,1022,49,3.0,340,100,0.0,Clouds,overcast clouds,13
Szentléránt,47.12,16.735556,2026-06-12 13:51:28.138062,21.63,21.13,21.63,21.63,1022,49,3.0,340,100,0.0,Clouds,overcast clouds,13
Pácsony,47.009722,16.833611,2026-06-12 13:51:29.307750,22.47,21.95,22.47,22.47,1022,45,3.57,346,100,0.0,Clouds,overcast clouds,13
Győrvár,46.99,16.840556,2026-06-12 13:51:30.486013,22.47,21.95,22.47,22.47,1022,45,3.57,346,100,0.0,Clouds,overcast clouds,13
Egervár-Vasboldogasszony,46.942222,16.862222,2026-06-12 13:51:31.644089,23.0,22.5,23.0,23.0,1022,44,3.39,342,100,0.0,Clouds,overcast clouds,13
Zalaszentlőrinc,46.913889,16.8775,2026-06-12 13:51:32.797106,23.11,22.63,23.11,23.11,1022,44,3.24,340,100,0.0,Clouds,overcast clouds,13
Gencsapáti alsó,47.285833,16.6,2026-06-12 13:51:33.954565,19.37,18.82,19.37,19.37,1022,56,2.21,325,100,0.0,Clouds,overcast clouds,13
Gyöngyösfalu,47.316111,16.59,2026-06-12 13:51:35.111391,19.3,18.75,19.3,19.3,1022,56,2.26,327,100,0.0,Clouds,overcast clouds,13
Lukácsháza,47.341111,16.580556,2026-06-12 13:51:36.274268,19.23,18.67,19.23,19.23,1022,56,2.21,327,100,0.0,Clouds,overcast clouds,13
Horvátnádalja,47.005278,16.544444,2026-06-12 13:51:37.432831,22.3,21.89,22.3,22.3,1022,50,2.21,338,100,0.0,Clouds,overcast clouds,13
Csákánydoroszló,46.978333,16.499722,2026-06-12 13:51:38.590308,22.42,22.05,22.42,22.42,1022,51,1.93,339,100,0.0,Clouds,overcast clouds,13
Váckisújfalu,47.705,19.340278,2026-06-12 13:51:39.746313,22.97,22.34,22.97,22.97,1020,39,5.63,309,5,0.0,Clear,clear sky,13
Csisztafürdő,46.681411,17.561797,2026-06-12 13:51:40.903670,23.09,22.58,23.09,23.09,1021,43,4.78,329,99,0.0,Clouds,overcast clouds,13
Mórágy,46.236021,18.627255,2026-06-12 13:51:42.062669,23.86,23.32,23.86,23.86,1021,39,5.42,323,36,0.0,Clouds,scattered clouds,13
Kismacs,47.551111,21.542778,2026-06-12 13:51:43.216777,23.87,23.59,23.87,23.87,1019,49,2.01,351,95,0.0,Clouds,overcast clouds,13
Pusztaszentistván,47.439869,19.470254,2026-06-12 13:51:44.369810,22.01,21.21,22.01,22.01,1020,36,5.59,316,7,0.0,Clear,clear sky,13
Aranyvölgy,47.573795,19.017489,2026-06-12 13:51:45.523944,23.01,22.41,21.03,23.23,1020,40,1.79,54,8,0.0,Clear,clear sky,13
Szélhegy,47.601111,18.928056,2026-06-12 13:51:46.682002,21.23,20.53,20.67,22.87,1020,43,1.34,317,7,0.0,Clear,clear sky,13
Vörösvárbánya,47.61,18.913611,2026-06-12 13:51:47.833119,21.16,20.45,20.63,22.82,1020,43,1.34,317,7,0.0,Clear,clear sky,13
Máriaszőlőtelep,46.702778,17.411911,2026-06-12 13:51:48.990249,23.37,22.83,23.37,23.37,1021,41,3.81,340,100,0.0,Clouds,overcast clouds,13
Akadémiaújtelep,47.485724,19.22294,2026-06-12 13:51:50.144173,22.0,21.3,20.99,23.19,1020,40,4.8,310,8,0.0,Clear,clear sky,13
Újpalota,47.5316,19.126206,2026-06-12 13:51:51.295117,22.34,21.67,21.08,23.28,1020,40,1.79,54,8,0.0,Clear,clear sky,13
"Szeged, Somogyi utca",46.250464,20.147713,2026-06-12 13:51:52.449658,22.26,21.64,22.26,22.26,1019,42,4.78,321,17,0.0,Clouds,few clouds,13
"Hódmezővásárhely, Hősök tere",46.412183,20.31759,2026-06-12 13:51:53.600413,23.34,22.64,23.34,23.34,1019,35,4.59,319,4,0.0,Clear,clear sky,13
"Hódmezővásárhely, Kossuth tér",46.41465,20.319727,2026-06-12 13:51:54.745640,23.34,22.64,23.34,23.34,1019,35,4.59,319,4,0.0,Clear,clear sky,13
"Hódmezővásárhely, Strandfürdő",46.409147,20.315671,2026-06-12 13:51:55.891426,23.34,22.64,23.34,23.34,1019,35,4.59,319,4,0.0,Clear,clear sky,13
"Szeged, Széchenyi tér",46.252683,20.14935,2026-06-12 13:51:57.037557,22.26,21.64,22.26,22.26,1019,42,4.78,321,17,0.0,Clouds,few clouds,13
"Szeged, Anna-kút",46.256184,20.147587,2026-06-12 13:51:58.189627,22.26,21.64,22.26,22.26,1019,42,4.78,321,17,0.0,Clouds,few clouds,13
"Szeged, Rókusi templom",46.259255,20.141771,2026-06-12 13:51:59.343144,22.28,21.66,22.28,22.28,1019,42,4.78,321,17,0.0,Clouds,few clouds,13
"Hódmezővásárhely, Kálvin János tér",46.416677,20.328532,2026-06-12 13:52:00.493558,23.34,22.64,23.34,23.34,1019,35,4.52,319,3,0.0,Clear,clear sky,13
Hódmezővásárhely vasútállomás,46.413242,20.338701,2026-06-12 13:52:01.639124,23.34,22.64,23.34,23.34,1019,35,4.52,319,3,0.0,Clear,clear sky,13
"Szeged, Tavasz utca",46.260715,20.139055,2026-06-12 13:52:02.785408,22.28,21.66,22.28,22.28,1019,42,4.78,321,17,0.0,Clouds,few clouds,13
"Szeged, Damjanich utca",46.262753,20.135248,2026-06-12 13:52:03.930260,22.28,21.66,22.28,22.28,1019,42,4.78,321,17,0.0,Clouds,few clouds,13
"Szeged, Vásárhelyi Pál utca",46.264173,20.131109,2026-06-12 13:52:05.083677,22.3,21.68,22.3,22.3,1019,42,4.78,321,17,0.0,Clouds,few clouds,13
"Szeged, Bécsi körút ",46.243459,20.143809,2026-06-12 13:52:06.232481,22.28,21.66,22.28,22.28,1019,42,4.75,320,19,0.0,Clouds,few clouds,13
Hódmezővásárhelyi Népkert vasútállomás,46.403733,20.312986,2026-06-12 13:52:07.380009,23.36,22.67,23.36,23.36,1019,35,4.59,319,4,0.0,Clear,clear sky,13
Szeged vasútállomás,46.239789,20.142561,2026-06-12 13:52:08.526089,22.28,21.66,22.28,22.28,1019,42,4.75,320,19,0.0,Clouds,few clouds,13
"Szeged, Bem utca",46.240198,20.141247,2026-06-12 13:52:09.674177,22.28,21.66,22.28,22.28,1019,42,4.75,320,19,0.0,Clouds,few clouds,13
"Szeged, Galamb utca",46.24153,20.142297,2026-06-12 13:52:10.826954,22.28,21.66,22.28,22.28,1019,42,4.75,320,19,0.0,Clouds,few clouds,13
"Szeged, Aradi vértanúk tere",46.247839,20.147,2026-06-12 13:52:11.972967,22.26,21.64,22.26,22.26,1019,42,4.78,321,17,0.0,Clouds,few clouds,13
"Szeged, Pulz utca",46.264452,20.126061,2026-06-12 13:52:13.119561,22.3,21.68,22.3,22.3,1019,42,4.78,321,17,0.0,Clouds,few clouds,13
"Szeged, Rókus vasútállomás",46.266107,20.125686,2026-06-12 13:52:14.268758,22.3,21.68,22.3,22.3,1019,42,4.9,320,19,0.0,Clouds,few clouds,13
Látókép,47.55787,21.524373,2026-06-12 13:52:15.424646,23.87,23.59,23.87,23.87,1019,49,2.01,351,95,0.0,Clouds,overcast clouds,13
Szentmihálytelek,46.2229,20.0808,2026-06-12 13:52:16.586505,22.3,21.68,22.3,22.3,1019,42,4.96,320,23,0.0,Clouds,few clouds,13
Kisvarsány,48.144356,22.297397,2026-06-12 13:52:17.746961,22.88,22.66,22.88,22.88,1019,55,3.59,335,50,0.0,Clouds,scattered clouds,13
