station_name,station_lat,station_lon,observation_time,temp,feels_like,temp_min,temp_max,pressure,humidity,wind_speed,wind_deg,clouds,precipitation_1h,weather_main,weather_description,collection_hour
Búcsúszentlászló,46.793056,16.932778,2026-06-11 01:18:38.714423,12.61,12.25,12.61,12.61,1017,89,4.82,343,100,0.0,Clouds,overcast clouds,1
Angyalföld,47.549722,19.09,2026-06-11 01:18:39.887583,13.31,13.07,13.16,13.73,1014,91,4.47,262,100,26.61,Rain,very heavy rain,1
Felsőjánosfa,46.841389,16.544167,2026-06-11 01:18:41.061106,12.29,11.98,12.29,12.29,1017,92,2.21,360,100,0.0,Clouds,overcast clouds,1
Pankasz,46.835833,16.496111,2026-06-11 01:18:42.228601,11.97,11.62,11.97,11.97,1017,92,2.43,354,100,0.0,Clouds,overcast clouds,1
Nagyrákos,46.827222,16.455556,2026-06-11 01:18:43.395021,11.91,11.56,11.91,11.91,1017,92,2.56,349,100,0.0,Clouds,overcast clouds,1
Őriszentpéter,46.828889,16.415278,2026-06-11 01:18:44.559842,11.99,11.65,11.99,11.99,1017,92,2.87,339,100,0.0,Clouds,overcast clouds,1
Törökbálint,47.45,18.908611,2026-06-11 01:18:45.733227,13.24,13.0,12.94,13.51,1014,91,4.47,262,100,12.3,Rain,heavy intensity rain,1
Bicske alsó,47.486389,18.642778,2026-06-11 01:18:46.902235,12.85,12.62,12.83,13.39,1015,93,11.47,309,100,2.11,Rain,moderate rain,1
Bajánsenye,46.818056,16.358056,2026-06-11 01:18:48.085342,12.1,11.77,12.1,12.1,1017,92,3.19,336,99,0.0,Clouds,overcast clouds,1
Aquincum,47.566218,19.048273,2026-06-11 01:18:49.258964,13.33,13.12,13.19,13.76,1014,92,4.47,262,100,27.34,Rain,very heavy rain,1
Piliscsév,47.673889,18.791389,2026-06-11 01:18:50.427364,12.8,12.64,12.77,12.96,1014,96,7.18,303,100,6.68,Rain,heavy intensity rain,1
Tát,47.741201,18.64783,2026-06-11 01:18:51.600351,13.18,13.01,13.18,13.18,1015,94,7.58,296,100,1.33,Rain,moderate rain,1
Süttő felső,47.756667,18.437222,2026-06-11 01:18:52.769673,13.54,13.4,13.54,13.54,1016,94,8.51,295,100,0.0,Clouds,overcast clouds,1
Budatétény,47.405,19.016389,2026-06-11 01:18:53.941245,13.62,13.39,13.23,13.8,1014,90,4.02,333,100,13.73,Rain,heavy intensity rain,1
Seregélyes-Szőlőhegy,47.119444,18.612222,2026-06-11 01:18:55.106677,13.86,13.65,13.86,13.86,1015,90,9.58,318,100,7.29,Rain,heavy intensity rain,1
Gödöllő-Állami telepek,47.564444,19.375556,2026-06-11 01:18:56.274421,12.81,12.55,12.79,12.86,1013,92,6.53,294,100,18.31,Rain,very heavy rain,1
Dunakeszi alsó,47.607778,19.128889,2026-06-11 01:18:57.440910,13.3,13.09,13.16,13.73,1014,92,2.68,311,100,23.68,Rain,very heavy rain,1
Vác-Alsóváros,47.773056,19.149722,2026-06-11 01:18:58.611792,13.28,13.09,13.14,13.28,1014,93,6.71,286,100,17.28,Rain,very heavy rain,1
Szob alsó,47.816667,18.8725,2026-06-11 01:18:59.777567,13.17,13.0,13.17,13.17,1014,94,6.31,292,100,8.65,Rain,heavy intensity rain,1
Zalaszentmihály-Pacsa,46.7225,16.951944,2026-06-11 01:19:00.944445,12.65,12.29,12.65,12.65,1017,89,4.44,343,100,0.0,Clouds,overcast clouds,1
Pötréte,46.682778,16.9575,2026-06-11 01:19:02.124049,12.71,12.36,12.71,12.71,1017,89,4.25,343,100,0.0,Clouds,overcast clouds,1
Felsőrajk,46.667222,16.982778,2026-06-11 01:19:03.288353,12.67,12.32,12.67,12.67,1017,89,4.7,344,100,0.0,Clouds,overcast clouds,1
Gelse,46.600556,16.982778,2026-06-11 01:19:04.454215,12.7,12.38,12.7,12.7,1017,90,4.76,347,100,0.0,Clouds,overcast clouds,1
Őrtilos,46.297778,16.887778,2026-06-11 01:19:05.628665,13.17,12.92,13.17,13.17,1016,91,4.02,0,100,0.0,Clouds,overcast clouds,1
Zákány,46.251944,16.9425,2026-06-11 01:19:06.799800,12.87,12.59,12.87,12.87,1016,91,5.02,4,100,0.0,Clouds,overcast clouds,1
Berzence,46.201389,17.143611,2026-06-11 01:19:07.966206,12.88,12.57,12.88,12.88,1016,90,6.78,9,100,0.0,Clouds,overcast clouds,1
Somogyudvarhely,46.163333,17.179722,2026-06-11 01:19:09.133338,12.81,12.5,12.81,12.81,1016,90,6.91,9,100,0.0,Clouds,overcast clouds,1
Bélavár,46.122778,17.207778,2026-06-11 01:19:10.298230,12.84,12.56,12.84,12.84,1017,91,6.93,8,100,0.0,Clouds,overcast clouds,1
Vízvár,46.101389,17.239444,2026-06-11 01:19:11.465117,12.71,12.41,12.71,12.71,1017,91,6.94,6,100,0.0,Clouds,overcast clouds,1
Babócsa,46.028359,17.342276,2026-06-11 01:19:12.631873,12.68,12.41,12.68,12.68,1017,92,6.76,358,100,0.0,Clouds,overcast clouds,1
Péterhida-Komlósd,46.006667,17.358056,2026-06-11 01:19:13.797289,12.73,12.46,12.73,12.73,1017,92,6.62,355,100,0.0,Clouds,overcast clouds,1
Barcs,45.951944,17.446944,2026-06-11 01:19:14.963075,12.79,12.53,12.79,12.79,1017,92,6.4,345,99,1.79,Rain,moderate rain,1
Barcs felső,45.958333,17.486389,2026-06-11 01:19:16.130929,12.72,12.45,12.72,12.72,1017,92,6.49,341,100,0.94,Rain,light rain,1
Középrigóc,45.970556,17.525,2026-06-11 01:19:17.300530,12.67,12.39,12.67,12.67,1017,92,6.6,339,100,0.3,Rain,light rain,1
Darány,45.992222,17.598611,2026-06-11 01:19:18.467609,12.75,12.48,12.75,12.75,1017,92,7.12,335,100,0.0,Clouds,overcast clouds,1
Kisdobsza,46.012222,17.668056,2026-06-11 01:19:19.634902,12.87,12.59,12.87,12.87,1017,91,7.44,335,100,0.14,Rain,light rain,1
Nemeske,46.023333,17.705278,2026-06-11 01:19:20.807827,12.94,12.67,12.94,12.94,1017,91,7.57,336,100,0.53,Rain,light rain,1
Molvány,46.035278,17.748611,2026-06-11 01:19:21.975143,12.94,12.67,12.94,12.94,1017,91,7.77,339,99,1.48,Rain,moderate rain,1
Szigetvár,46.043333,17.801944,2026-06-11 01:19:23.147843,12.96,12.69,12.96,12.96,1017,91,7.87,340,96,1.59,Rain,moderate rain,1
Nagypeterd,46.039444,17.871667,2026-06-11 01:19:24.320248,13.05,12.79,13.05,13.05,1017,91,8.06,341,89,1.18,Rain,moderate rain,1
Szentdénes,46.036667,17.926944,2026-06-11 01:19:25.491983,13.05,12.79,13.05,13.05,1017,91,8.13,342,85,0.0,Clouds,overcast clouds,1
Háros,47.412222,19.035,2026-06-11 01:19:26.655796,13.57,13.33,13.19,13.76,1014,90,4.02,333,100,14.2,Rain,heavy intensity rain,1
Nagytétény-Diósd,47.398333,18.974444,2026-06-11 01:19:27.822196,13.62,13.39,13.22,13.79,1014,90,4.02,333,100,10.65,Rain,heavy intensity rain,1
Érdliget,47.390278,18.937778,2026-06-11 01:19:28.987489,13.54,13.3,13.14,13.71,1014,90,4.02,333,100,10.29,Rain,heavy intensity rain,1
Érd felső,47.381111,18.922222,2026-06-11 01:19:30.155268,13.5,13.26,13.1,13.67,1014,90,4.02,333,100,9.99,Rain,heavy intensity rain,1
Érd,47.369722,18.900833,2026-06-11 01:19:31.322645,13.46,13.21,13.07,13.64,1014,90,9.69,309,100,9.99,Rain,heavy intensity rain,1
Százhalombatta,47.322222,18.899167,2026-06-11 01:19:32.487793,13.46,13.19,13.05,13.62,1014,89,10.07,309,100,13.32,Rain,heavy intensity rain,1
Dunai Finomító,47.294444,18.878889,2026-06-11 01:19:33.656094,13.46,13.19,13.01,13.46,1014,89,10.45,309,100,15.38,Rain,heavy intensity rain,1
Ercsi,47.247222,18.875278,2026-06-11 01:19:34.825421,13.69,13.49,13.23,13.69,1014,91,10.41,309,100,11.53,Rain,heavy intensity rain,1
Iváncsa,47.177778,18.811944,2026-06-11 01:19:35.999509,14.08,13.92,14.08,14.08,1014,91,10.06,308,100,5.62,Rain,heavy intensity rain,1
Pusztaszabolcs,47.139722,18.761667,2026-06-11 01:19:37.170495,14.06,13.87,14.06,14.06,1014,90,9.63,309,100,6.48,Rain,heavy intensity rain,1
Szabadegyháza,47.082778,18.704167,2026-06-11 01:19:38.348615,13.95,13.75,13.95,13.95,1014,90,9.19,313,100,8.65,Rain,heavy intensity rain,1
Sárosd,47.039722,18.660278,2026-06-11 01:19:39.523953,13.89,13.68,13.89,13.89,1014,90,9.06,318,100,5.62,Rain,heavy intensity rain,1
Nagylók,46.979444,18.635833,2026-06-11 01:19:40.691654,13.71,13.49,13.71,13.71,1015,90,8.87,321,100,4.86,Rain,heavy intensity rain,1
Sárbogárd,46.896944,18.611944,2026-06-11 01:19:41.857311,13.84,13.63,13.84,13.84,1015,90,9.05,326,100,4.21,Rain,heavy intensity rain,1
Rétszilas,46.814167,18.601389,2026-06-11 01:19:43.029418,13.86,13.65,13.86,13.86,1015,90,9.34,330,100,2.37,Rain,moderate rain,1
Nagyatád,46.228611,17.354167,2026-06-11 01:19:44.207639,12.63,12.27,12.63,12.63,1016,89,7.24,359,100,0.0,Clouds,overcast clouds,1
Budapest-Keleti,47.500278,19.084167,2026-06-11 01:19:45.390365,13.33,13.09,13.14,13.71,1014,91,4.47,262,100,23.68,Rain,very heavy rain,1
Ferencváros,47.468611,19.088056,2026-06-11 01:19:46.557915,13.41,13.16,13.16,13.73,1014,90,4.47,262,100,17.76,Rain,very heavy rain,1
Budapest-Nyugati,47.510833,19.0575,2026-06-11 01:19:47.722016,13.32,13.08,13.15,13.72,1014,91,4.47,262,100,27.34,Rain,very heavy rain,1
Kőbánya felső,47.491944,19.133889,2026-06-11 01:19:48.899980,13.29,13.05,13.08,13.65,1014,91,2.68,311,100,20.51,Rain,very heavy rain,1
Rákos,47.488889,19.174722,2026-06-11 01:19:50.074513,13.26,13.02,13.04,13.61,1013,91,1.79,306,100,17.76,Rain,very heavy rain,1
Rákosrendező,47.525556,19.089444,2026-06-11 01:19:51.239575,13.34,13.11,13.18,13.75,1014,91,4.47,262,100,27.34,Rain,very heavy rain,1
Zugló,47.511389,19.101389,2026-06-11 01:19:52.411132,13.33,13.09,13.14,13.71,1014,91,4.47,262,100,23.68,Rain,very heavy rain,1
Mezőtárkány,47.725,20.480278,2026-06-11 01:19:53.575110,17.64,17.91,17.64,17.64,1011,94,1.52,265,100,2.73,Rain,moderate rain,1
Istvántelek,47.550278,19.106389,2026-06-11 01:19:54.738076,13.32,13.08,13.17,13.74,1014,91,2.68,311,100,31.58,Rain,very heavy rain,1
Rákospalota-Újpest,47.565833,19.111944,2026-06-11 01:19:55.912806,13.31,13.07,13.16,13.73,1014,91,2.68,311,100,42.11,Rain,very heavy rain,1
Kőbánya alsó,47.483056,19.127222,2026-06-11 01:19:57.084121,13.32,13.08,13.09,13.66,1014,91,4.02,333,100,17.76,Rain,very heavy rain,1
Kőbánya-Kispest,47.463889,19.149444,2026-06-11 01:19:58.250526,13.34,13.08,13.09,13.66,1014,90,1.79,306,100,17.76,Rain,very heavy rain,1
Pestszentlőrinc,47.454722,19.182778,2026-06-11 01:19:59.419818,13.29,13.02,13.03,13.6,1013,90,6.48,304,100,17.76,Rain,very heavy rain,1
Kispest,47.448135,19.157552,2026-06-11 01:20:00.587549,13.36,13.1,13.1,13.67,1014,90,1.79,306,100,17.76,Rain,very heavy rain,1
Újpest,47.558889,19.079722,2026-06-11 01:20:01.760517,13.32,13.08,13.17,13.74,1014,91,4.47,262,100,42.11,Rain,very heavy rain,1
Pestszentimre felső,47.413611,19.173333,2026-06-11 01:20:02.923958,13.42,13.17,13.12,13.69,1013,90,6.8,305,100,15.38,Rain,heavy intensity rain,1
Dunakeszi,47.626111,19.136111,2026-06-11 01:20:04.109145,13.2,12.98,13.07,13.64,1014,92,2.68,311,100,36.46,Rain,very heavy rain,1
Dunakeszi-Gyártelep,47.643611,19.135,2026-06-11 01:20:05.273721,13.24,13.02,13.11,13.68,1013,92,5.73,294,100,31.58,Rain,very heavy rain,1
Alsógöd,47.676944,19.134444,2026-06-11 01:20:06.437234,13.23,13.01,13.1,13.67,1013,92,5.86,292,100,23.68,Rain,very heavy rain,1
Göd,47.687778,19.1375,2026-06-11 01:20:07.618692,13.19,12.97,12.75,13.69,1013,92,5.86,292,100,20.51,Rain,very heavy rain,1
Felsőgöd,47.705556,19.143333,2026-06-11 01:20:08.786513,13.31,13.1,12.79,13.32,1013,92,6.03,290,100,20.51,Rain,very heavy rain,1
Sződ-Sződliget,47.728056,19.154722,2026-06-11 01:20:09.952046,13.3,13.09,12.78,13.31,1013,92,6.23,289,100,17.76,Rain,very heavy rain,1
Vác,47.782778,19.133056,2026-06-11 01:20:11.114516,13.28,13.09,13.14,13.28,1014,93,6.71,286,100,17.76,Rain,very heavy rain,1
Verőce,47.823889,19.029444,2026-06-11 01:20:12.277713,13.12,12.94,12.97,13.12,1014,94,6.56,286,100,17.76,Rain,very heavy rain,1
Kismaros,47.8275,19.010278,2026-06-11 01:20:13.446310,13.1,12.92,13.1,13.1,1014,94,6.45,287,100,15.38,Rain,heavy intensity rain,1
Nagymaros-Visegrád,47.791389,18.959167,2026-06-11 01:20:14.608817,13.12,12.94,13.12,13.27,1014,94,5.98,291,100,11.53,Rain,heavy intensity rain,1
Nagymaros,47.780278,18.952222,2026-06-11 01:20:15.777096,13.2,13.03,13.2,13.34,1014,94,5.98,291,100,9.99,Rain,heavy intensity rain,1
Zebegény,47.801389,18.908889,2026-06-11 01:20:16.947492,13.17,13.0,13.17,13.32,1014,94,6.16,290,100,5.62,Rain,heavy intensity rain,1
Szob,47.821111,18.861944,2026-06-11 01:20:18.120802,13.13,12.95,13.13,13.13,1014,94,6.5,290,100,4.21,Rain,heavy intensity rain,1
Alagimajor,47.601944,19.153889,2026-06-11 01:20:19.286444,13.2,12.98,12.73,13.68,1014,92,2.68,311,100,48.63,Rain,very heavy rain,1
Fót,47.611389,19.181667,2026-06-11 01:20:20.464517,13.1,12.87,12.63,13.58,1013,92,5.76,295,100,42.11,Rain,very heavy rain,1
Fótújfalu,47.615,19.192778,2026-06-11 01:20:21.628783,13.0,12.76,12.52,13.47,1013,92,5.76,295,100,42.11,Rain,very heavy rain,1
Csomád,47.635556,19.222778,2026-06-11 01:20:22.794427,12.73,12.46,12.25,13.2,1013,92,5.92,294,100,27.34,Rain,very heavy rain,1
Veresegyház,47.649167,19.288611,2026-06-11 01:20:23.963332,12.92,12.67,12.4,12.93,1013,92,6.61,291,100,15.38,Rain,heavy intensity rain,1
Erdőkertes,47.662222,19.295833,2026-06-11 01:20:25.128569,12.88,12.63,12.36,12.88,1013,92,6.61,291,100,13.32,Rain,heavy intensity rain,1
Őrbottyán,47.685833,19.283611,2026-06-11 01:20:26.291393,13.27,13.05,12.77,14.58,1013,92,6.78,290,100,11.89,Rain,heavy intensity rain,1
Váchartyán,47.725833,19.248889,2026-06-11 01:20:27.464105,13.16,12.96,13.16,14.94,1013,93,7.01,288,100,13.32,Rain,heavy intensity rain,1
Magyarkút-Verőce,47.826111,19.044444,2026-06-11 01:20:28.631750,13.28,13.12,13.28,13.28,1014,94,6.56,286,100,17.76,Rain,very heavy rain,1
Szokolya,47.871111,19.030556,2026-06-11 01:20:29.797205,12.79,12.58,12.79,12.79,1014,94,7.0,283,100,13.32,Rain,heavy intensity rain,1
Berkenye,47.885278,19.071944,2026-06-11 01:20:30.965683,13.58,13.45,13.58,13.58,1014,94,7.1,283,100,12.3,Rain,heavy intensity rain,1
Nógrád,47.901944,19.0475,2026-06-11 01:20:32.134958,13.14,12.96,13.14,13.14,1014,94,7.19,282,100,10.29,Rain,heavy intensity rain,1
Diósjenő,47.94,19.049444,2026-06-11 01:20:33.311832,12.75,12.56,12.75,12.75,1014,95,7.35,280,100,6.92,Rain,heavy intensity rain,1
Borsosberény,47.971389,19.093056,2026-06-11 01:20:34.492784,13.61,13.48,13.61,13.61,1014,94,7.58,276,100,3.39,Rain,moderate rain,1
Nagyoroszi,47.993611,19.101111,2026-06-11 01:20:35.663595,13.45,13.33,13.45,13.45,1014,95,7.57,274,100,2.61,Rain,moderate rain,1
Drégelyvár,48.001944,19.079444,2026-06-11 01:20:36.833672,13.6,13.5,13.6,13.6,1014,95,7.55,273,100,3.02,Rain,moderate rain,1
Drégely,48.042222,19.056111,2026-06-11 01:20:37.999300,13.96,13.89,13.96,13.96,1014,95,7.51,271,100,2.74,Rain,moderate rain,1
Drégelypalánk,48.055,19.046111,2026-06-11 01:20:39.172822,14.02,13.96,14.02,14.02,1014,95,7.47,269,100,2.37,Rain,moderate rain,1
Ipolyvece,48.056944,19.106389,2026-06-11 01:20:40.338731,14.17,14.12,14.17,14.17,1014,95,7.33,265,100,2.19,Rain,moderate rain,1
Dejtár,48.045556,19.196389,2026-06-11 01:20:41.537536,14.26,14.22,14.26,14.26,1013,95,7.37,267,100,3.33,Rain,moderate rain,1
Ipolyszög,48.054444,19.221944,2026-06-11 01:20:42.704588,14.37,14.34,14.37,14.37,1013,95,7.16,263,100,5.12,Rain,heavy intensity rain,1
Iklad-Domony,47.658056,19.444444,2026-06-11 01:20:43.877646,14.97,14.92,14.97,14.97,1013,92,7.2,290,100,21.14,Rain,very heavy rain,1
Iklad-Domony felső,47.667778,19.428056,2026-06-11 01:20:45.054519,14.95,14.9,13.17,14.95,1013,92,7.2,289,100,18.94,Rain,very heavy rain,1
Galgamácsa,47.693889,19.3925,2026-06-11 01:20:46.224805,14.94,14.89,13.16,14.94,1013,92,7.19,289,100,13.73,Rain,heavy intensity rain,1
Vácrátót,47.732778,19.217778,2026-06-11 01:20:47.395576,13.08,12.87,13.08,14.86,1013,93,6.63,288,100,14.75,Rain,heavy intensity rain,1
Csörög,47.735833,19.196389,2026-06-11 01:20:48.571056,13.08,12.87,12.94,13.08,1013,93,6.43,288,100,16.4,Rain,very heavy rain,1
Galgagyörk,47.735278,19.372222,2026-06-11 01:20:49.745293,14.84,14.81,13.06,14.84,1013,93,7.33,287,100,11.53,Rain,heavy intensity rain,1
Püspökhatvan,47.768611,19.366944,2026-06-11 01:20:50.913123,14.53,14.47,14.53,14.53,1013,93,7.55,285,100,9.22,Rain,heavy intensity rain,1
Acsa-Erdőkürt,47.801111,19.386111,2026-06-11 01:20:52.082772,14.37,14.29,14.37,14.37,1013,93,7.59,284,100,8.91,Rain,heavy intensity rain,1
Galgaguta,47.848611,19.385556,2026-06-11 01:20:53.245907,14.08,14.0,14.08,14.08,1013,94,7.52,280,100,8.21,Rain,heavy intensity rain,1
Nógrádkövesd,47.879444,19.371111,2026-06-11 01:20:54.412126,14.26,14.2,14.26,14.26,1013,94,7.43,278,100,8.04,Rain,heavy intensity rain,1
Magyarnándor,47.970833,19.356667,2026-06-11 01:20:55.578497,14.07,13.99,14.07,14.07,1013,94,7.21,272,100,21.61,Rain,very heavy rain,1
Mohora,47.995556,19.347778,2026-06-11 01:20:56.753259,14.19,14.15,14.19,14.19,1013,95,7.06,269,100,22.02,Rain,very heavy rain,1
Szügy,48.036389,19.333056,2026-06-11 01:20:57.922186,14.43,14.41,14.43,14.43,1013,95,6.78,263,100,19.07,Rain,very heavy rain,1
Balassagyarmat,48.071111,19.293611,2026-06-11 01:20:59.085079,14.45,14.43,14.45,14.45,1013,95,6.82,261,100,10.52,Rain,heavy intensity rain,1
Őrhalom,48.078773,19.403936,2026-06-11 01:21:00.264398,14.47,14.48,14.47,14.47,1013,96,5.78,254,100,21.14,Rain,very heavy rain,1
Hugyag,48.083056,19.421111,2026-06-11 01:21:01.433591,14.47,14.48,14.47,14.47,1013,96,5.78,254,100,21.14,Rain,very heavy rain,1
Szécsény,48.093056,19.521111,2026-06-11 01:21:02.599590,14.99,15.05,14.99,14.99,1013,96,5.07,252,100,27.34,Rain,very heavy rain,1
Ludányhalászi,48.1325,19.529444,2026-06-11 01:21:03.764925,14.97,15.03,14.97,14.97,1013,96,4.98,245,100,23.68,Rain,very heavy rain,1
Nógrádszakál,48.178333,19.521667,2026-06-11 01:21:04.939303,14.94,15.0,14.94,14.94,1013,96,4.9,242,100,26.61,Rain,very heavy rain,1
Ráróspuszta,48.207222,19.541389,2026-06-11 01:21:06.110687,14.42,14.42,14.42,14.42,1013,96,4.66,237,100,21.87,Rain,very heavy rain,1
Litke,48.215833,19.598611,2026-06-11 01:21:07.279540,15.14,15.24,15.14,15.14,1012,97,4.38,236,100,18.94,Rain,very heavy rain,1
Nyíregyháza külső,47.943056,21.740278,2026-06-11 01:21:08.453985,16.83,17.0,16.83,16.83,1011,93,2.12,336,100,0.0,Clouds,overcast clouds,1
Oros,47.945833,21.806389,2026-06-11 01:21:09.618507,16.81,16.95,16.81,16.81,1011,92,1.84,317,100,0.0,Clouds,overcast clouds,1
Napkor,47.948889,21.873056,2026-06-11 01:21:10.788715,16.76,16.89,16.76,16.76,1010,92,1.67,276,100,0.0,Clouds,overcast clouds,1
Apagy,47.953775,21.939044,2026-06-11 01:21:11.958582,16.75,16.88,16.75,16.75,1010,92,1.65,262,100,0.0,Clouds,overcast clouds,1
Levelek-Magy,47.948056,21.993611,2026-06-11 01:21:13.127446,16.66,16.76,16.66,16.66,1010,91,1.73,236,100,0.0,Clouds,overcast clouds,1
Ófehértó,47.940556,22.041389,2026-06-11 01:21:14.292789,16.56,16.65,16.56,16.56,1010,91,1.64,221,99,0.0,Clouds,overcast clouds,1
Ligettanya,47.951667,22.071389,2026-06-11 01:21:15.469187,16.49,16.57,16.49,16.49,1010,91,2.12,206,92,0.0,Clouds,overcast clouds,1
Baktalórántháza,47.988611,22.083333,2026-06-11 01:21:16.638594,16.5,16.58,16.5,16.5,1010,91,2.21,208,92,0.0,Clouds,overcast clouds,1
Vaja-Rohod,48.006389,22.164167,2026-06-11 01:21:17.819502,16.49,16.57,16.49,16.49,1011,91,2.51,194,84,0.0,Clouds,broken clouds,1
Rákóczitanya,48.022222,22.178333,2026-06-11 01:21:18.995306,16.44,16.52,16.44,16.44,1011,91,2.64,187,80,0.0,Clouds,broken clouds,1
Nyírmada,48.059167,22.203056,2026-06-11 01:21:20.164688,16.48,16.56,16.48,16.48,1011,91,2.5,184,82,0.0,Clouds,broken clouds,1
Tunyogmatolcs,47.960244,22.442247,2026-06-11 01:21:21.334977,16.54,16.5,16.54,16.54,1011,86,3.5,166,79,0.0,Clouds,broken clouds,1
Tunyogmatolcs alsó,47.966025,22.464713,2026-06-11 01:21:22.502316,16.51,16.44,16.51,16.51,1011,85,3.51,164,82,0.0,Clouds,broken clouds,1
Fehérgyarmat,47.979167,22.524444,2026-06-11 01:21:23.674092,16.54,16.39,16.54,16.54,1011,82,3.45,156,93,0.0,Clouds,overcast clouds,1
Penyige,47.995278,22.566944,2026-06-11 01:21:24.839705,16.54,16.36,16.54,16.54,1011,81,3.46,153,97,0.0,Clouds,overcast clouds,1
Nagyszekeres,47.976111,22.6125,2026-06-11 01:21:26.011978,16.53,16.33,16.53,16.53,1011,80,3.45,150,100,0.0,Clouds,overcast clouds,1
Kisszekeres,47.965833,22.629444,2026-06-11 01:21:27.186393,16.49,16.28,16.49,16.49,1011,80,3.48,154,100,0.0,Clouds,overcast clouds,1
Jánkmajtis,47.941944,22.657222,2026-06-11 01:21:28.351927,16.45,16.21,16.45,16.45,1011,79,3.45,155,100,0.0,Clouds,overcast clouds,1
Gacsály,47.926111,22.745,2026-06-11 01:21:29.523408,18.93,18.89,18.93,18.93,1011,77,3.28,146,100,0.0,Clouds,overcast clouds,1
Zajta,47.9025,22.796111,2026-06-11 01:21:31.056020,18.92,18.85,18.92,18.92,1011,76,3.08,143,88,0.0,Clouds,overcast clouds,1
Eperjeske alsó,48.360556,22.19,2026-06-11 01:21:32.221995,16.69,16.84,16.69,16.69,1011,93,1.05,145,100,0.0,Clouds,overcast clouds,1
Mándok,48.326944,22.196389,2026-06-11 01:21:33.392431,16.64,16.79,16.64,16.64,1011,93,1.31,143,100,0.0,Clouds,overcast clouds,1
Tornyospálca,48.268333,22.201944,2026-06-11 01:21:34.570273,16.65,16.8,16.65,16.65,1011,93,1.53,147,100,0.0,Clouds,overcast clouds,1
Aranyosapáti,48.211303,22.253534,2026-06-11 01:21:35.741472,16.68,16.81,16.68,16.68,1011,92,2.47,132,96,0.0,Clouds,overcast clouds,1
Gyüre,48.171389,22.269167,2026-06-11 01:21:36.914633,16.65,16.75,16.65,16.65,1011,91,2.55,142,89,0.0,Clouds,overcast clouds,1
Varsány,48.151722,22.290047,2026-06-11 01:21:38.089486,16.63,16.7,16.63,16.63,1011,90,2.77,144,83,0.0,Clouds,broken clouds,1
Vásárosnamény,48.126667,22.306111,2026-06-11 01:21:39.254321,16.63,16.7,16.63,16.63,1011,90,2.82,150,80,0.0,Clouds,broken clouds,1
Vitka,48.095556,22.308056,2026-06-11 01:21:40.423927,16.6,16.67,16.6,16.6,1011,90,2.9,156,76,0.0,Clouds,broken clouds,1
Nagydobos,48.054167,22.311111,2026-06-11 01:21:41.609156,16.52,16.55,16.52,16.52,1011,89,2.97,161,74,0.0,Clouds,broken clouds,1
Ópályi,47.997778,22.318333,2026-06-11 01:21:42.784718,16.47,16.5,16.47,16.47,1011,89,3.17,170,72,0.0,Clouds,broken clouds,1
Nyírcsaholy,47.908056,22.348333,2026-06-11 01:21:43.952505,16.47,16.47,16.47,16.47,1011,88,3.32,172,78,0.0,Clouds,broken clouds,1
Nagyecsed,47.864722,22.385556,2026-06-11 01:21:45.119763,16.47,16.47,16.47,16.47,1011,88,3.44,173,90,0.0,Clouds,overcast clouds,1
Tiborszállás,47.815278,22.402778,2026-06-11 01:21:46.296739,16.45,16.45,16.45,16.45,1011,88,3.21,174,96,0.0,Clouds,overcast clouds,1
Kiskunhalas,46.434444,19.493611,2026-06-11 01:21:47.460577,14.78,14.56,14.78,14.78,1014,86,10.05,312,100,23.56,Rain,very heavy rain,1
Kecskemét alsó,46.895833,19.692222,2026-06-11 01:21:48.629830,16.55,16.56,16.55,16.55,1013,88,9.87,299,100,3.99,Rain,moderate rain,1
Putnok,48.286667,20.4375,2026-06-11 01:21:49.798704,16.34,16.25,16.34,19.44,1012,85,0.7,324,100,4.6,Rain,heavy intensity rain,1
Bánréve,48.299722,20.351944,2026-06-11 01:21:50.972026,16.33,16.24,16.33,19.43,1012,85,0.75,286,100,3.74,Rain,moderate rain,1
Ipolytarnóc,48.236667,19.629167,2026-06-11 01:21:52.138903,15.21,15.32,15.21,15.21,1012,97,4.18,233,100,16.33,Rain,very heavy rain,1
Rákosliget,47.486111,19.257778,2026-06-11 01:21:53.303827,13.1,12.84,12.58,13.53,1013,91,6.11,299,100,16.33,Rain,very heavy rain,1
Ikrény,47.657778,17.524167,2026-06-11 01:21:54.467985,13.04,12.75,13.04,13.04,1016,90,7.91,316,100,0.0,Clouds,overcast clouds,1
Rábapatona,47.648889,17.461944,2026-06-11 01:21:55.633119,13.05,12.76,13.05,13.05,1016,90,7.89,318,100,0.0,Clouds,overcast clouds,1
Enese,47.644167,17.425278,2026-06-11 01:21:56.801283,13.06,12.77,13.06,13.06,1016,90,7.89,320,100,0.0,Clouds,overcast clouds,1
Kóny,47.632222,17.357222,2026-06-11 01:21:57.972978,13.03,12.74,13.03,13.03,1017,90,7.94,322,100,0.0,Clouds,overcast clouds,1
Farád,47.595278,17.195833,2026-06-11 01:21:59.136267,12.79,12.45,12.79,12.79,1017,89,8.14,326,100,0.0,Clouds,overcast clouds,1
Rábatamási,47.592778,17.161389,2026-06-11 01:22:00.301509,12.79,12.45,12.79,12.79,1017,89,8.14,326,100,0.0,Clouds,overcast clouds,1
Szárföld,47.589167,17.123889,2026-06-11 01:22:01.468610,12.77,12.4,12.77,12.77,1017,88,8.14,326,100,0.0,Clouds,overcast clouds,1
Veszkény,47.586944,17.101389,2026-06-11 01:22:02.634539,12.78,12.12,12.78,12.78,1017,77,8.12,325,100,0.0,Clouds,overcast clouds,1
Kapuvár,47.581944,17.046944,2026-06-11 01:22:03.798194,12.76,12.1,12.76,12.76,1017,77,8.18,326,100,0.0,Clouds,overcast clouds,1
Vitnyéd-Csermajor,47.5825,16.987222,2026-06-11 01:22:04.963893,12.77,12.11,12.77,12.77,1017,77,8.22,326,100,0.0,Clouds,overcast clouds,1
Petőháza,47.595278,16.893056,2026-06-11 01:22:06.128080,12.72,12.06,12.72,12.72,1017,77,8.39,326,100,0.0,Clouds,overcast clouds,1
Fertőszentmiklós,47.6,16.858889,2026-06-11 01:22:07.294891,12.72,12.06,10.04,12.72,1017,77,8.42,326,100,0.0,Clouds,overcast clouds,1
Pinnye,47.600278,16.768611,2026-06-11 01:22:08.465595,12.6,11.93,9.92,12.6,1017,77,8.34,327,100,0.0,Clouds,overcast clouds,1
Fertőboz,47.625,16.691667,2026-06-11 01:22:09.630413,12.44,11.75,9.76,12.44,1017,77,8.53,324,100,0.0,Clouds,overcast clouds,1
Sopron,47.677778,16.587222,2026-06-11 01:22:10.796691,12.14,11.68,9.46,12.14,1017,87,8.86,318,100,0.0,Clouds,overcast clouds,1
Fertőszéplak-Fertőd,47.618889,16.850833,2026-06-11 01:22:11.964183,12.74,12.08,10.06,12.74,1017,77,8.64,324,100,0.0,Clouds,overcast clouds,1
Nyúl,47.587778,17.698056,2026-06-11 01:22:13.131140,13.0,12.71,13.0,13.0,1016,90,7.84,313,100,0.0,Clouds,overcast clouds,1
Pannonhalma,47.547778,17.740833,2026-06-11 01:22:14.309377,12.82,12.51,12.82,12.82,1016,90,7.84,312,100,0.0,Clouds,overcast clouds,1
Tarjánpuszta,47.504722,17.789167,2026-06-11 01:22:15.479834,12.74,12.42,12.74,12.74,1016,90,8.01,314,100,0.0,Clouds,overcast clouds,1
Győrasszonyfa,47.4925,17.799167,2026-06-11 01:22:16.646449,12.74,12.42,12.74,12.74,1016,90,8.01,314,100,0.0,Clouds,overcast clouds,1
Veszprémvarsány,47.443333,17.818333,2026-06-11 01:22:17.815260,12.65,12.35,12.65,12.65,1016,91,8.47,316,100,0.0,Clouds,overcast clouds,1
Bakonyszentlászló,47.395556,17.8175,2026-06-11 01:22:18.979728,12.28,11.94,12.28,12.28,1016,91,8.91,320,100,0.0,Clouds,overcast clouds,1
Porva-Csesznek,47.326944,17.841111,2026-06-11 01:22:20.158484,10.92,10.44,10.92,10.92,1016,91,9.42,323,100,0.0,Clouds,overcast clouds,1
Zirc,47.266667,17.878056,2026-06-11 01:22:21.321350,11.0,10.51,11.0,11.0,1016,90,10.47,326,100,0.0,Clouds,overcast clouds,1
Eplény,47.192778,17.921667,2026-06-11 01:22:22.486398,11.51,11.01,11.51,11.51,1016,88,11.13,328,100,0.0,Clouds,overcast clouds,1
Marcaltő,47.4275,17.348889,2026-06-11 01:22:23.660150,12.94,12.61,12.94,12.94,1017,89,8.41,332,100,0.0,Clouds,overcast clouds,1
Szany-Rábaszentandrás,47.460833,17.315278,2026-06-11 01:22:24.829320,12.96,12.64,12.96,12.96,1017,89,8.3,330,100,0.0,Clouds,overcast clouds,1
Egyed-Rábacsanak,47.521944,17.316389,2026-06-11 01:22:26.016528,12.96,12.64,12.96,12.96,1017,89,8.18,328,100,0.0,Clouds,overcast clouds,1
Rábapordány,47.557222,17.315,2026-06-11 01:22:27.182824,13.0,12.68,13.0,13.0,1017,89,8.13,327,100,0.0,Clouds,overcast clouds,1
Albertfalva,47.440784,19.033965,2026-06-11 01:22:28.354679,13.45,13.2,12.84,13.78,1014,90,4.02,333,100,12.6,Rain,heavy intensity rain,1
Budafok,47.425833,19.041389,2026-06-11 01:22:29.526207,13.49,13.24,12.84,13.79,1014,90,4.02,333,100,12.6,Rain,heavy intensity rain,1
Tétényliget,47.384722,18.955278,2026-06-11 01:22:30.700963,13.54,13.3,12.86,13.81,1014,90,4.02,333,100,11.53,Rain,heavy intensity rain,1
Érd alsó,47.379722,18.923056,2026-06-11 01:22:31.860679,13.5,13.26,13.1,13.67,1014,90,4.02,333,100,9.99,Rain,heavy intensity rain,1
Tárnok,47.365556,18.873889,2026-06-11 01:22:33.025941,13.41,13.16,12.79,13.74,1014,90,10.32,310,100,7.35,Rain,heavy intensity rain,1
Martonvásár,47.321389,18.781667,2026-06-11 01:22:34.195419,13.47,13.25,12.72,13.67,1014,91,10.75,310,100,2.68,Rain,moderate rain,1
Baracska,47.297222,18.753333,2026-06-11 01:22:35.360593,13.77,13.58,12.82,13.77,1014,91,10.71,311,100,2.71,Rain,moderate rain,1
Pettend,47.26,18.708889,2026-06-11 01:22:36.536156,14.01,13.84,14.01,14.01,1014,91,10.59,312,100,3.79,Rain,moderate rain,1
Kápolnásnyék,47.245556,18.692222,2026-06-11 01:22:37.704603,14.01,13.82,14.01,14.01,1014,90,10.39,313,100,4.21,Rain,heavy intensity rain,1
Velence,47.226944,18.663889,2026-06-11 01:22:38.876835,14.02,13.83,14.02,14.02,1015,90,10.44,314,100,4.6,Rain,heavy intensity rain,1
Velencefürdő,47.218611,18.648056,2026-06-11 01:22:40.044144,14.01,13.82,14.01,14.01,1014,90,10.2,315,100,4.6,Rain,heavy intensity rain,1
Gárdony,47.205833,18.624722,2026-06-11 01:22:41.213010,13.97,13.77,13.97,13.97,1015,90,10.25,316,100,4.86,Rain,heavy intensity rain,1
Agárd,47.197666,18.604907,2026-06-11 01:22:42.395492,13.97,13.77,13.97,13.97,1015,90,10.25,316,100,4.86,Rain,heavy intensity rain,1
Dinnyés,47.179722,18.560833,2026-06-11 01:22:43.567497,13.89,13.68,13.89,13.89,1015,90,10.16,320,100,4.13,Rain,heavy intensity rain,1
Székesfehérvár,47.183611,18.424722,2026-06-11 01:22:44.740026,13.63,13.37,13.63,13.63,1015,89,10.64,325,100,1.23,Rain,moderate rain,1
Szabadbattyán,47.105278,18.388333,2026-06-11 01:22:45.904746,13.51,13.19,13.51,13.51,1015,87,9.78,328,100,1.41,Rain,moderate rain,1
Kiscséripuszta,47.048056,18.355,2026-06-11 01:22:47.072367,13.57,13.25,13.57,13.57,1015,87,9.21,329,100,1.41,Rain,moderate rain,1
Lepsény,46.9875,18.248056,2026-06-11 01:22:48.252381,13.79,13.57,12.12,13.79,1015,90,8.81,330,100,0.74,Rain,light rain,1
Balatonaliga,46.984444,18.171389,2026-06-11 01:22:49.417206,13.6,13.37,11.93,13.6,1015,90,9.31,329,100,0.12,Rain,light rain,1
Balatonvilágos,46.964167,18.157222,2026-06-11 01:22:50.586994,13.64,13.41,11.97,13.64,1015,90,9.29,330,100,0.0,Clouds,overcast clouds,1
Szabadifürdő,46.926111,18.103333,2026-06-11 01:22:51.751124,13.81,13.6,12.14,13.81,1015,90,9.12,330,100,0.0,Clouds,overcast clouds,1
Ózd alsó,48.227778,20.306111,2026-06-11 01:22:52.917178,16.17,16.06,16.17,19.27,1012,85,1.36,268,100,3.45,Rain,moderate rain,1
Ózd,48.2225,20.294722,2026-06-11 01:22:54.083259,16.22,16.12,16.22,19.32,1012,85,1.36,268,100,3.45,Rain,moderate rain,1
Alsóboldva,48.212778,20.792222,2026-06-11 01:22:55.247696,18.45,18.86,18.45,19.65,1011,96,2.25,22,100,0.0,Clouds,overcast clouds,1
Boldva,48.223333,20.790278,2026-06-11 01:22:56.412242,19.64,20.17,18.45,19.64,1011,96,2.25,22,100,0.0,Clouds,overcast clouds,1
Borsodszirák,48.259167,20.770556,2026-06-11 01:22:57.597171,19.6,20.12,19.6,19.6,1011,96,2.18,24,100,0.0,Clouds,overcast clouds,1
Edelény alsó,48.279167,20.760833,2026-06-11 01:22:58.772380,17.31,17.6,17.31,17.31,1011,96,2.18,24,100,0.0,Clouds,overcast clouds,1
Edelény,48.299722,20.749444,2026-06-11 01:22:59.948465,17.18,17.46,17.18,17.18,1011,96,2.31,24,100,0.0,Clouds,overcast clouds,1
Szendrőlád,48.334444,20.731944,2026-06-11 01:23:01.123033,15.97,16.13,15.97,15.97,1011,96,2.36,22,100,0.0,Clouds,overcast clouds,1
Szendrő,48.400725,20.721346,2026-06-11 01:23:02.287912,16.73,16.97,16.73,16.73,1011,96,2.6,20,100,0.0,Clouds,overcast clouds,1
Szendrő felső,48.409907,20.720148,2026-06-11 01:23:03.452829,16.73,16.97,16.73,16.73,1011,96,2.6,20,100,0.0,Clouds,overcast clouds,1
Szalonna,48.449444,20.722222,2026-06-11 01:23:04.618978,16.66,16.89,16.66,16.66,1011,96,2.66,20,100,0.0,Clouds,overcast clouds,1
Perkupa,48.471389,20.691111,2026-06-11 01:23:05.815909,15.91,16.06,15.91,15.91,1011,96,2.44,24,100,0.18,Rain,light rain,1
Szemeretelep,47.443056,19.214167,2026-06-11 01:23:06.982202,13.2,12.95,12.65,13.6,1013,91,6.42,303,100,16.33,Rain,very heavy rain,1
Jósvafő-Aggtelek,48.489722,20.693889,2026-06-11 01:23:08.150575,16.18,16.36,16.18,16.18,1011,96,2.37,25,100,0.13,Rain,light rain,1
Bódvaszilas,48.5375,20.738056,2026-06-11 01:23:09.323624,15.74,15.88,15.74,15.74,1011,96,2.31,23,100,0.11,Rain,light rain,1
Komjáti,48.5475,20.759722,2026-06-11 01:23:10.502918,15.26,15.32,15.26,15.26,1011,95,2.05,24,100,0.0,Clouds,overcast clouds,1
Tornanádaska,48.558333,20.787222,2026-06-11 01:23:11.677708,16.42,16.6,16.42,16.42,1011,95,2.0,22,100,0.0,Clouds,overcast clouds,1
Onga,48.121111,20.906667,2026-06-11 01:23:12.848305,18.51,18.9,18.51,18.51,1011,95,3.04,24,100,0.0,Clouds,overcast clouds,1
Szikszó-Vásártér,48.193056,20.934722,2026-06-11 01:23:14.033792,18.47,18.88,18.47,18.47,1011,96,3.36,26,100,0.0,Clouds,overcast clouds,1
Szikszó,48.201667,20.941667,2026-06-11 01:23:15.200488,17.29,17.58,17.29,17.29,1011,96,3.6,27,100,0.0,Clouds,overcast clouds,1
Aszaló,48.219867,20.961466,2026-06-11 01:23:16.365772,17.08,17.35,17.08,17.08,1011,96,3.66,27,100,0.0,Clouds,overcast clouds,1
Halmaj,48.246667,20.991667,2026-06-11 01:23:17.531661,17.09,17.36,17.09,17.09,1011,96,3.88,27,100,0.0,Clouds,overcast clouds,1
Csobád,48.277222,21.033889,2026-06-11 01:23:18.699241,16.99,17.23,16.99,16.99,1011,95,3.97,27,100,0.0,Clouds,overcast clouds,1
Ináncs,48.291111,21.057778,2026-06-11 01:23:19.869432,16.85,17.07,16.85,16.85,1011,95,3.9,26,100,0.0,Clouds,overcast clouds,1
Forró-Encs,48.3275,21.117778,2026-06-11 01:23:21.040330,16.71,16.92,16.71,16.71,1011,95,3.63,24,100,0.0,Clouds,overcast clouds,1
Méra,48.363056,21.140278,2026-06-11 01:23:22.213349,16.41,16.59,16.41,16.41,1011,95,2.94,22,100,0.0,Clouds,overcast clouds,1
Novajidrány,48.404444,21.170556,2026-06-11 01:23:23.382921,16.66,16.86,16.66,16.66,1011,95,2.41,20,100,0.0,Clouds,overcast clouds,1
Hernádszurdok,48.487222,21.213889,2026-06-11 01:23:24.554840,16.58,16.9,14.01,16.58,1011,100,1.11,360,100,0.0,Clouds,overcast clouds,1
Hidasnémeti,48.508333,21.229722,2026-06-11 01:23:25.727443,16.59,16.92,14.02,16.59,1011,100,0.88,350,100,0.0,Clouds,overcast clouds,1
Mád,48.19,21.268889,2026-06-11 01:23:26.895370,16.48,16.64,16.48,16.48,1011,94,3.6,26,100,0.0,Clouds,overcast clouds,1
Rátka,48.215,21.230278,2026-06-11 01:23:28.067541,16.84,17.06,16.84,16.84,1011,95,3.64,25,100,0.0,Clouds,overcast clouds,1
Tállya,48.226944,21.225278,2026-06-11 01:23:29.247091,16.84,17.06,16.84,16.84,1011,95,3.64,25,100,0.0,Clouds,overcast clouds,1
Golop,48.242778,21.204167,2026-06-11 01:23:30.419308,16.89,17.12,16.89,16.89,1011,95,3.86,25,100,0.0,Clouds,overcast clouds,1
Abaújszántó,48.286944,21.181667,2026-06-11 01:23:31.586058,16.53,16.72,16.53,16.53,1011,95,3.52,23,100,0.0,Clouds,overcast clouds,1
Abaújszántói fürdő,48.268333,21.179722,2026-06-11 01:23:32.753248,16.82,17.04,16.82,16.82,1011,95,3.71,24,100,0.0,Clouds,overcast clouds,1
Abaújkér,48.309444,21.198333,2026-06-11 01:23:33.941315,16.49,16.68,16.49,16.49,1011,95,3.3,22,100,0.0,Clouds,overcast clouds,1
Boldogkőváralja,48.345,21.208889,2026-06-11 01:23:35.115735,16.4,16.58,16.4,16.4,1011,95,2.58,17,100,0.0,Clouds,overcast clouds,1
Korlát-Vizsoly,48.365,21.219167,2026-06-11 01:23:36.280908,16.49,16.68,16.49,16.49,1011,95,2.3,15,100,0.0,Clouds,overcast clouds,1
Fony,48.411389,21.242778,2026-06-11 01:23:37.447755,16.46,16.64,16.38,16.46,1011,95,1.68,10,100,0.0,Clouds,overcast clouds,1
Hejce-Vilmány,48.419444,21.245556,2026-06-11 01:23:38.615711,16.43,16.61,16.34,16.43,1011,95,1.68,10,100,0.0,Clouds,overcast clouds,1
Göncruszka,48.445,21.246944,2026-06-11 01:23:39.792064,16.5,16.69,16.29,16.52,1011,95,1.38,6,100,0.0,Clouds,overcast clouds,1
Gönc,48.470556,21.261389,2026-06-11 01:23:40.975099,16.37,16.54,16.19,16.42,1011,95,1.01,349,100,0.0,Clouds,overcast clouds,1
Zsujta,48.4925,21.265,2026-06-11 01:23:42.142088,16.37,16.67,16.21,16.44,1011,100,0.83,337,100,0.0,Clouds,overcast clouds,1
Bodrogkeresztúr,48.175556,21.354167,2026-06-11 01:23:43.307034,16.05,16.17,16.05,16.05,1011,94,3.37,26,100,0.0,Clouds,overcast clouds,1
Szegi,48.201944,21.387778,2026-06-11 01:23:44.475817,16.87,17.07,16.87,16.87,1011,94,2.67,19,100,0.0,Clouds,overcast clouds,1
Erdőbénye,48.218056,21.401944,2026-06-11 01:23:45.643752,16.84,17.03,16.84,16.84,1011,94,2.18,10,100,0.0,Clouds,overcast clouds,1
Olaszliszka-Tolcsva,48.258333,21.448056,2026-06-11 01:23:46.811273,16.87,17.09,16.87,16.87,1011,95,1.59,347,100,0.0,Clouds,overcast clouds,1
Bodrogolaszi,48.286944,21.512778,2026-06-11 01:23:47.977507,16.81,17.16,16.81,16.81,1011,100,1.43,324,100,0.0,Clouds,overcast clouds,1
Sárospatak,48.325833,21.566111,2026-06-11 01:23:49.144330,16.76,17.1,16.76,16.76,1011,100,1.77,282,100,0.0,Clouds,overcast clouds,1
Sátoraljaújhely,48.385833,21.657778,2026-06-11 01:23:50.310088,16.84,17.19,16.84,16.84,1011,100,2.2,264,100,0.0,Clouds,overcast clouds,1
Vecsés,47.40855,19.25652,2026-06-11 01:23:51.482043,13.38,13.12,12.69,13.64,1013,90,6.7,302,100,14.2,Rain,heavy intensity rain,1
Vecsés-Kertekalja,47.403333,19.271389,2026-06-11 01:23:52.656546,13.42,13.17,12.73,13.67,1013,90,6.7,302,100,14.2,Rain,heavy intensity rain,1
Üllő,47.390833,19.348889,2026-06-11 01:23:53.823774,13.37,13.16,12.68,13.63,1013,92,7.05,299,100,15.85,Rain,heavy intensity rain,1
Monor,47.34545,19.43701,2026-06-11 01:23:54.991264,14.93,15.09,14.93,14.93,1013,100,7.87,294,100,11.89,Rain,heavy intensity rain,1
Pilis,47.279722,19.536389,2026-06-11 01:23:56.160965,14.19,14.04,14.19,14.89,1012,91,8.42,293,100,5.62,Rain,heavy intensity rain,1
Albertirsa,47.240278,19.606389,2026-06-11 01:23:57.331372,14.28,14.14,14.28,14.28,1012,91,8.64,291,100,5.79,Rain,heavy intensity rain,1
Ceglédbercel-Cserő,47.210278,19.686944,2026-06-11 01:23:58.503496,14.35,14.22,14.35,14.35,1012,91,8.57,290,100,5.19,Rain,heavy intensity rain,1
Cegléd,47.182778,19.806111,2026-06-11 01:23:59.678979,14.45,14.33,14.45,15.46,1012,91,8.09,291,100,9.49,Rain,heavy intensity rain,1
Abony,47.173056,20.016389,2026-06-11 01:24:00.857653,15.52,15.22,14.52,15.52,1012,80,5.99,296,100,7.29,Rain,heavy intensity rain,1
Szolnok,47.179167,20.175833,2026-06-11 01:24:02.035768,15.54,15.24,14.54,15.54,1012,80,4.47,266,100,5.01,Rain,heavy intensity rain,1
Szajol,47.170556,20.295278,2026-06-11 01:24:03.201620,15.55,15.25,15.55,15.55,1011,80,3.63,285,100,1.5,Rain,moderate rain,1
Törökszentmiklós,47.170278,20.413611,2026-06-11 01:24:04.366771,15.55,15.51,15.55,15.55,1011,90,3.29,273,100,26.61,Rain,very heavy rain,1
Rákoscsaba-Újtelep,47.4875,19.271944,2026-06-11 01:24:05.539298,13.1,12.84,12.58,13.53,1013,91,6.11,299,100,17.28,Rain,very heavy rain,1
Rákoscsaba,47.492222,19.284722,2026-06-11 01:24:06.711572,13.1,12.87,12.58,13.52,1013,92,6.22,298,100,17.28,Rain,very heavy rain,1
Pécel,47.493889,19.338889,2026-06-11 01:24:07.880764,12.98,12.76,12.45,13.4,1013,93,6.33,297,100,14.96,Rain,heavy intensity rain,1
Isaszeg,47.537719,19.388955,2026-06-11 01:24:09.046792,14.65,14.78,12.86,14.67,1013,100,6.47,294,100,14.2,Rain,heavy intensity rain,1
Gödöllő,47.592222,19.358611,2026-06-11 01:24:10.218640,12.66,12.38,12.14,12.67,1013,92,6.63,293,100,21.87,Rain,very heavy rain,1
Máriabesnyő,47.595556,19.389722,2026-06-11 01:24:11.385215,14.47,14.58,12.78,14.59,1013,100,6.63,293,100,23.68,Rain,very heavy rain,1
Bag,47.641111,19.471667,2026-06-11 01:24:12.559141,14.95,14.9,14.95,14.95,1013,92,7.2,290,100,23.04,Rain,very heavy rain,1
Aszód,47.647467,19.492882,2026-06-11 01:24:13.724279,15.02,15.01,15.02,15.02,1013,93,7.28,291,100,22.49,Rain,very heavy rain,1
Hévízgyörk,47.638611,19.526667,2026-06-11 01:24:14.892276,15.03,15.02,15.03,15.03,1013,93,7.37,291,100,20.51,Rain,very heavy rain,1
Galgahévíz,47.6325,19.558333,2026-06-11 01:24:16.058096,15.02,15.01,15.02,15.02,1013,93,7.52,292,100,19.96,Rain,very heavy rain,1
Tura,47.626389,19.5975,2026-06-11 01:24:17.222789,15.05,15.04,15.05,15.05,1013,93,7.54,292,100,19.96,Rain,very heavy rain,1
Hatvan,47.663611,19.671389,2026-06-11 01:24:18.392848,15.46,15.49,15.46,15.46,1013,93,7.1,291,100,14.61,Rain,heavy intensity rain,1
Vámosgyörk,47.686111,19.927778,2026-06-11 01:24:19.561098,16.28,16.42,16.28,16.28,1012,94,4.43,282,100,4.21,Rain,heavy intensity rain,1
Adács,47.696389,19.975278,2026-06-11 01:24:20.725424,16.64,16.81,16.64,16.64,1012,94,3.67,272,100,4.0,Rain,moderate rain,1
Karácsond,47.718056,20.048611,2026-06-11 01:24:21.890521,16.69,16.87,16.69,16.69,1012,94,3.39,266,100,3.15,Rain,moderate rain,1
Ludas,47.723889,20.095556,2026-06-11 01:24:23.055728,17.1,17.32,17.1,17.1,1012,94,3.21,256,99,2.21,Rain,moderate rain,1
Nagyút,47.72666666666667,20.161388888888887,2026-06-11 01:24:24.244354,17.14,17.36,17.14,17.14,1011,94,3.19,254,99,0.26,Rain,light rain,1
Kál-Kápolna,47.734167,20.254167,2026-06-11 01:24:25.411941,17.33,17.57,17.33,17.33,1011,94,3.11,252,99,0.0,Clouds,overcast clouds,1
Füzesabony,47.751389,20.415278,2026-06-11 01:24:26.584648,17.59,17.86,17.59,17.59,1011,94,2.11,256,100,15.93,Rain,heavy intensity rain,1
Szihalom,47.766944,20.491944,2026-06-11 01:24:27.758741,18.5,18.89,18.5,18.5,1011,95,1.42,264,100,6.3,Rain,heavy intensity rain,1
Mezőkövesd,47.797222,20.5675,2026-06-11 01:24:28.926035,18.51,18.9,18.51,18.51,1011,95,0.62,316,100,0.81,Rain,light rain,1
Mezőkövesd felső,47.807222,20.591389,2026-06-11 01:24:30.093942,18.49,18.88,18.49,19.69,1011,95,0.62,316,100,0.75,Rain,light rain,1
Mezőkeresztes-Mezőnyárád,47.845556,20.670278,2026-06-11 01:24:31.260947,18.49,18.64,18.49,19.69,1011,86,1.12,14,100,4.21,Rain,heavy intensity rain,1
Csincse,47.890833,20.764167,2026-06-11 01:24:32.438324,18.51,18.66,18.51,19.71,1011,86,2.68,311,100,0.15,Rain,light rain,1
Emőd,47.930556,20.822778,2026-06-11 01:24:33.603906,18.53,18.68,18.53,19.73,1010,86,2.68,311,100,0.0,Clouds,overcast clouds,1
Nyékládháza,47.9925,20.840556,2026-06-11 01:24:34.770008,18.56,18.72,18.56,19.76,1010,86,2.68,311,100,0.0,Clouds,overcast clouds,1
Miskolc-Tiszai,48.098611,20.811389,2026-06-11 01:24:35.940424,18.48,18.63,18.48,19.68,1011,86,2.07,6,100,0.0,Clouds,overcast clouds,1
Felsőzsolca,48.083611,20.866111,2026-06-11 01:24:37.107328,18.51,18.66,18.51,19.7,1011,86,2.48,16,100,0.0,Clouds,overcast clouds,1
Hernádnémeti-Bőcs,48.051389,20.985,2026-06-11 01:24:38.288774,18.51,18.9,18.51,18.51,1011,95,3.13,29,100,0.0,Clouds,overcast clouds,1
Tiszalúc,48.039722,21.0575,2026-06-11 01:24:39.465457,18.55,18.94,18.55,18.55,1011,95,3.44,37,100,0.0,Clouds,overcast clouds,1
Taktaharkány,48.091667,21.128611,2026-06-11 01:24:40.640535,17.23,17.49,17.23,17.23,1011,95,3.91,34,100,0.0,Clouds,overcast clouds,1
Taktaszada,48.1125,21.149444,2026-06-11 01:24:41.809006,17.13,17.38,17.13,17.13,1011,95,4.08,32,100,0.0,Clouds,overcast clouds,1
Szerencs,48.155556,21.214444,2026-06-11 01:24:42.975440,17.03,17.27,17.03,17.03,1011,95,3.88,28,100,0.0,Clouds,overcast clouds,1
Mezőzombor,48.156944,21.267778,2026-06-11 01:24:44.145654,16.9,17.1,16.9,16.9,1011,94,3.73,28,100,0.0,Clouds,overcast clouds,1
Tarcal,48.125,21.34,2026-06-11 01:24:45.314529,16.98,17.21,16.98,16.98,1011,95,3.69,31,100,0.0,Clouds,overcast clouds,1
Tokaj,48.112778,21.406667,2026-06-11 01:24:46.479717,16.37,16.54,16.37,16.37,1011,95,3.09,27,100,0.0,Clouds,overcast clouds,1
Rakamaz,48.12,21.475,2026-06-11 01:24:47.649306,16.86,17.08,16.86,16.86,1011,95,2.85,24,100,0.0,Clouds,overcast clouds,1
Görögszállás,48.04,21.555,2026-06-11 01:24:48.816339,16.87,17.09,16.87,16.87,1011,95,2.96,22,100,0.0,Clouds,overcast clouds,1
Nyírtelek,48.005,21.615556,2026-06-11 01:24:49.989632,16.84,17.03,16.84,16.84,1011,94,2.5,3,99,0.0,Clouds,overcast clouds,1
Rákoshegy,47.468611,19.245556,2026-06-11 01:24:51.163168,13.06,12.8,12.53,13.48,1013,91,6.25,300,100,17.76,Rain,very heavy rain,1
Ecser,47.439444,19.318056,2026-06-11 01:24:52.331391,13.18,12.98,12.58,13.52,1013,93,6.5,299,100,17.76,Rain,very heavy rain,1
Maglód,47.438889,19.340833,2026-06-11 01:24:53.502240,13.12,12.92,12.52,13.47,1013,93,6.58,298,100,20.51,Rain,very heavy rain,1
Maglódi nyaraló,47.434167,19.363611,2026-06-11 01:24:54.669295,13.03,12.79,12.42,13.37,1013,92,6.68,296,100,20.51,Rain,very heavy rain,1
Gyömrő,47.429722,19.393333,2026-06-11 01:24:55.837374,12.89,12.64,12.88,13.33,1013,92,6.68,296,100,17.76,Rain,very heavy rain,1
Mende,47.426944,19.439722,2026-06-11 01:24:57.003036,14.65,14.78,12.84,14.65,1013,100,7.26,293,100,15.38,Rain,heavy intensity rain,1
Szőlősnyaraló,47.450278,19.561111,2026-06-11 01:24:58.168432,14.88,15.03,14.18,14.88,1012,100,7.76,292,100,7.49,Rain,heavy intensity rain,1
Sülysáp,47.451944,19.5275,2026-06-11 01:24:59.345164,14.86,15.01,14.16,14.86,1012,100,7.47,292,100,8.65,Rain,heavy intensity rain,1
Tápiószecső,47.443056,19.614722,2026-06-11 01:25:00.510569,14.26,14.14,14.26,14.97,1012,92,7.84,292,100,5.62,Rain,heavy intensity rain,1
Szentmártonkáta,47.431944,19.680556,2026-06-11 01:25:01.677076,14.29,14.15,14.29,14.99,1012,91,7.85,293,100,5.62,Rain,heavy intensity rain,1
Nagykáta,47.409722,19.737778,2026-06-11 01:25:02.863683,14.36,14.23,14.36,14.36,1012,91,7.83,293,100,4.21,Rain,heavy intensity rain,1
Farmos,47.355278,19.8375,2026-06-11 01:25:04.041954,14.47,14.35,14.47,14.47,1012,91,0.89,25,100,6.48,Rain,heavy intensity rain,1
Tápiószele,47.346313,19.873504,2026-06-11 01:25:05.222273,14.45,14.33,14.45,14.45,1012,91,0.89,25,100,6.48,Rain,heavy intensity rain,1
Tápiógyörgye,47.325,19.95,2026-06-11 01:25:06.398905,14.51,14.39,14.51,15.51,1012,91,0.89,25,100,17.76,Rain,very heavy rain,1
Újszász,47.285833,20.066944,2026-06-11 01:25:07.569658,14.55,14.44,14.55,15.55,1012,91,4.82,299,100,23.68,Rain,very heavy rain,1
Szurdokpüspöki,47.851944,19.690278,2026-06-11 01:25:08.737333,15.52,15.61,15.52,15.52,1013,95,5.41,283,100,9.99,Rain,heavy intensity rain,1
Lőrinci,47.739444,19.673611,2026-06-11 01:25:09.902878,15.46,15.52,15.46,15.46,1013,94,6.73,289,100,17.76,Rain,very heavy rain,1
Selyp,47.759167,19.670833,2026-06-11 01:25:11.076829,15.47,15.53,15.47,15.47,1013,94,6.52,288,100,17.76,Rain,very heavy rain,1
Apc-Zagyvaszántó,47.791328,19.66822,2026-06-11 01:25:12.252638,15.51,15.57,15.51,15.51,1013,94,6.29,287,100,15.38,Rain,heavy intensity rain,1
Pásztó,47.918889,19.688889,2026-06-11 01:25:13.424664,15.42,15.5,15.42,15.42,1013,95,4.78,279,100,15.38,Rain,heavy intensity rain,1
Mátraszőlős-Hasznos,47.938506,19.706122,2026-06-11 01:25:14.590490,15.58,15.67,15.58,15.58,1013,95,4.27,277,100,11.53,Rain,heavy intensity rain,1
Tar,47.956111,19.746389,2026-06-11 01:25:15.755620,15.34,15.44,15.34,15.34,1013,96,3.71,278,100,11.53,Rain,heavy intensity rain,1
Mátraverebély,47.968333,19.778611,2026-06-11 01:25:16.924566,15.34,15.44,15.34,15.34,1013,96,3.71,278,100,11.53,Rain,heavy intensity rain,1
Nagybátony,47.981111,19.82,2026-06-11 01:25:18.095175,15.66,15.79,15.66,15.66,1013,96,3.46,277,100,13.32,Rain,heavy intensity rain,1
Kisterenye,48.009444,19.831944,2026-06-11 01:25:19.268703,15.87,16.02,15.87,15.87,1013,96,3.28,276,100,15.38,Rain,heavy intensity rain,1
Kisterenye-Bányatelep,48.021389,19.831944,2026-06-11 01:25:20.441899,15.87,16.02,15.87,15.87,1013,96,3.28,276,100,15.38,Rain,heavy intensity rain,1
Salgótarján külső,48.089444,19.790833,2026-06-11 01:25:21.612942,15.18,15.26,15.18,15.18,1013,96,3.37,258,100,15.38,Rain,heavy intensity rain,1
Balatonfenyves GV,46.7125,17.479167,2026-06-11 01:25:22.789773,13.0,12.52,13.0,13.0,1017,83,8.75,355,100,0.0,Clouds,overcast clouds,1
Várhegyalja,47.737778,18.366667,2026-06-11 01:25:23.959563,13.36,13.18,13.36,13.36,1016,93,8.77,296,100,1.54,Rain,moderate rain,1
Imremajor,46.680556,17.499722,2026-06-11 01:25:25.132289,13.01,12.56,13.01,13.01,1017,84,8.67,356,100,0.0,Clouds,overcast clouds,1
Rákospalota-Kertváros,47.578333,19.122778,2026-06-11 01:25:26.301289,13.25,13.03,12.78,13.73,1014,92,1.79,298,100,42.11,Rain,very heavy rain,1
Vicziántelep,47.675833,19.286111,2026-06-11 01:25:27.467390,12.77,12.5,12.25,12.77,1013,92,6.78,290,100,20.51,Rain,very heavy rain,1
Pálmajor,46.662831,17.457526,2026-06-11 01:25:28.647420,12.94,12.48,12.94,12.94,1017,84,8.5,358,100,0.0,Clouds,overcast clouds,1
Somogyszentpál felső,46.649758,17.471404,2026-06-11 01:25:29.821979,12.96,12.5,12.96,12.96,1017,84,8.63,357,100,0.0,Clouds,overcast clouds,1
Somogyszentpál,46.638611,17.478611,2026-06-11 01:25:30.991301,12.86,12.39,12.86,12.86,1017,84,8.59,358,100,0.0,Clouds,overcast clouds,1
Rudnaykert,47.7175,19.257778,2026-06-11 01:25:32.158418,13.27,13.08,13.08,14.89,1013,93,7.01,288,100,19.67,Rain,very heavy rain,1
Maroshegy,47.158333,18.406667,2026-06-11 01:25:33.328822,13.61,13.32,13.61,13.61,1015,88,10.34,326,100,0.5,Rain,light rain,1
Bánhida,47.573703,18.371737,2026-06-11 01:25:34.500073,13.15,12.95,13.15,13.15,1015,93,9.95,303,100,0.0,Clouds,overcast clouds,1
Magyarkút,47.850278,19.045,2026-06-11 01:25:35.670048,13.48,13.34,13.48,13.48,1014,94,6.79,285,100,12.65,Rain,heavy intensity rain,1
Becske alsó,47.897222,19.364722,2026-06-11 01:25:36.839665,13.75,13.63,13.75,13.75,1013,94,7.29,276,100,9.99,Rain,heavy intensity rain,1
Hosszúberek-Péteri,47.370556,19.389722,2026-06-11 01:25:38.008297,14.96,15.12,13.15,14.97,1013,100,7.38,298,100,19.96,Rain,very heavy rain,1
Monorierdő,47.308889,19.499167,2026-06-11 01:25:39.177062,14.87,14.79,14.17,14.87,1012,91,8.17,293,100,8.21,Rain,heavy intensity rain,1
Ceglédbercel,47.215833,19.658611,2026-06-11 01:25:40.342205,14.34,14.21,14.34,14.34,1012,91,8.68,291,100,6.16,Rain,heavy intensity rain,1
Budai út,47.208333,19.731389,2026-06-11 01:25:41.509574,14.38,14.25,14.38,14.38,1012,91,8.43,290,100,5.46,Rain,heavy intensity rain,1
Büdöskútpuszta,48.373056,20.726111,2026-06-11 01:25:42.679909,16.95,17.21,16.95,16.95,1011,96,2.49,21,100,0.0,Clouds,overcast clouds,1
Bánrévei Vízmű,48.282778,20.368333,2026-06-11 01:25:43.847311,16.36,16.27,16.36,19.46,1012,85,0.69,298,100,3.76,Rain,moderate rain,1
Rákoskert,47.456389,19.296111,2026-06-11 01:25:45.024649,13.02,12.75,12.45,13.39,1013,91,6.33,299,100,17.76,Rain,very heavy rain,1
Szirmabesenyő,48.146944,20.783056,2026-06-11 01:25:46.191181,18.41,18.79,18.41,19.61,1011,95,1.86,8,100,0.0,Clouds,overcast clouds,1
Kitérőgyár,47.766944,19.935278,2026-06-11 01:25:47.366549,16.24,16.4,16.24,16.24,1012,95,3.75,276,100,9.72,Rain,heavy intensity rain,1
Tápiószentmárton,47.373333,19.797778,2026-06-11 01:25:48.530670,14.41,14.28,14.41,14.41,1012,91,0.89,25,100,4.21,Rain,heavy intensity rain,1
Zagyvarékas,47.244229,20.097435,2026-06-11 01:25:49.707152,15.0,14.72,14.56,15.0,1012,83,4.68,297,100,5.79,Rain,heavy intensity rain,1
Abonyi út,47.206401,20.125204,2026-06-11 01:25:50.886984,15.0,14.72,14.56,15.0,1012,83,4.82,297,100,6.68,Rain,heavy intensity rain,1
Jászkisér felső,47.438056,20.202222,2026-06-11 01:25:52.058331,16.11,16.2,16.11,16.11,1012,93,3.97,292,100,5.58,Rain,heavy intensity rain,1
Szellőhát,47.425556,20.188889,2026-06-11 01:25:53.227153,14.55,14.46,14.55,14.55,1011,92,3.98,294,100,6.47,Rain,heavy intensity rain,1
Szilvásvárad-Szalajkavölgy,48.0956,20.38272,2026-06-11 01:25:54.402520,18.02,18.49,14.92,18.02,1012,100,1.77,281,100,4.62,Rain,heavy intensity rain,1
Vásárosnamény külső,48.084444,22.255556,2026-06-11 01:25:55.568712,16.51,16.57,16.51,16.51,1011,90,2.77,160,78,0.0,Clouds,broken clouds,1
Újváros,46.660556,20.536111,2026-06-11 01:25:56.737815,18.32,18.43,18.32,18.32,1012,85,5.31,272,99,0.0,Clouds,overcast clouds,1
Városi park,46.697778,19.864722,2026-06-11 01:25:57.907221,16.66,16.63,16.66,16.66,1013,86,9.12,299,100,8.65,Rain,heavy intensity rain,1
Belsőkamaráspuszta,46.341944,20.848889,2026-06-11 01:25:59.076096,17.09,17.2,17.09,17.09,1011,90,2.57,198,65,0.0,Clouds,broken clouds,1
Sajószöged,47.945278,20.981667,2026-06-11 01:26:00.245028,18.6,18.76,18.6,18.6,1011,86,2.29,42,100,0.0,Clouds,overcast clouds,1
Kazincbarcika alsó,48.255278,20.649167,2026-06-11 01:26:01.407985,19.57,20.12,16.47,19.57,1011,97,1.15,4,100,0.36,Rain,light rain,1
Nyárjas,46.857778,19.923611,2026-06-11 01:26:02.581627,16.62,16.58,16.62,16.62,1012,86,8.8,294,100,3.0,Rain,moderate rain,1
Pogonyipuszta,48.296389,20.381667,2026-06-11 01:26:03.749898,16.32,16.23,16.32,19.42,1012,85,0.69,298,100,3.65,Rain,moderate rain,1
Sióvölgy,46.911103,18.076964,2026-06-11 01:26:04.924567,13.86,13.65,12.19,13.86,1015,90,9.46,330,100,0.0,Clouds,overcast clouds,1
Répáspuszta,46.430278,17.847222,2026-06-11 01:26:06.088330,12.48,12.08,12.48,12.48,1017,88,9.58,344,100,0.0,Clouds,overcast clouds,1
Virányos,48.066667,21.527222,2026-06-11 01:26:07.257726,16.85,17.07,16.85,16.85,1011,95,2.79,20,100,0.0,Clouds,overcast clouds,1
Füzesbokor,47.988611,21.6475,2026-06-11 01:26:08.435095,16.86,17.06,16.86,16.86,1011,94,2.45,357,99,0.0,Clouds,overcast clouds,1
Kunfehértó,46.355833,19.417222,2026-06-11 01:26:09.601602,14.73,14.5,14.73,14.73,1014,86,10.28,314,100,3.89,Rain,moderate rain,1
Erdőszél,46.329444,19.395,2026-06-11 01:26:10.767884,14.57,14.33,14.57,14.57,1014,86,10.41,316,100,3.5,Rain,moderate rain,1
Jánoshalma,46.293056,19.330278,2026-06-11 01:26:11.932482,14.69,14.46,14.69,14.69,1014,86,10.56,318,100,9.58,Rain,heavy intensity rain,1
Mélykút,46.213056,19.370556,2026-06-11 01:26:13.107220,16.57,16.53,16.57,16.57,1014,86,10.62,320,99,2.3,Rain,moderate rain,1
Bácsalmás,46.118056,19.346389,2026-06-11 01:26:14.274320,16.61,16.57,16.61,16.61,1014,86,10.65,324,99,1.7,Rain,moderate rain,1
Almás,46.116216,19.328803,2026-06-11 01:26:15.456143,16.63,16.59,16.63,16.63,1014,86,10.65,324,99,2.05,Rain,moderate rain,1
Bácsbokod-Bácsborsód,46.115833,19.16,2026-06-11 01:26:16.626837,14.68,14.48,14.68,14.68,1014,87,10.76,329,100,20.51,Rain,very heavy rain,1
Baja,46.187014,18.957602,2026-06-11 01:26:17.797901,14.63,14.42,14.63,14.63,1014,87,10.02,333,100,27.92,Rain,very heavy rain,1
Harkakötöny,46.458333,19.601944,2026-06-11 01:26:18.968824,17.06,17.07,17.06,17.06,1014,86,9.79,311,100,50.13,Rain,extreme rain,1
Tajó,46.473056,19.650556,2026-06-11 01:26:20.143882,17.1,17.11,17.1,17.1,1013,86,9.69,311,100,33.11,Rain,very heavy rain,1
Kiskunmajsa,46.501667,19.728056,2026-06-11 01:26:21.314119,17.14,17.16,16.61,17.14,1013,86,9.51,309,100,20.52,Rain,very heavy rain,1
Jászszentlászló,46.565833,19.753611,2026-06-11 01:26:22.484525,16.63,16.59,16.63,16.63,1013,86,9.43,306,100,15.38,Rain,heavy intensity rain,1
Galambos,46.625,19.801111,2026-06-11 01:26:23.649029,16.66,16.63,16.66,16.66,1013,86,9.38,304,100,12.78,Rain,heavy intensity rain,1
Pestszentimre,47.402222,19.188611,2026-06-11 01:26:24.817631,13.33,13.09,12.74,13.69,1014,91,7.18,306,100,17.28,Rain,very heavy rain,1
Gyál felső,47.390278,19.204722,2026-06-11 01:26:25.982835,13.49,13.24,12.75,13.69,1013,90,7.07,305,100,14.96,Rain,heavy intensity rain,1
Gyál,47.376667,19.219444,2026-06-11 01:26:27.145498,13.52,13.28,12.77,13.72,1013,90,7.07,305,100,13.32,Rain,heavy intensity rain,1
Ócsa,47.301389,19.232222,2026-06-11 01:26:28.317554,13.62,13.44,12.78,13.73,1013,92,8.19,305,100,15.38,Rain,heavy intensity rain,1
Inárcs-Kakucs,47.247222,19.317778,2026-06-11 01:26:29.485153,15.09,15.06,15.09,15.09,1013,92,8.5,302,100,8.42,Rain,heavy intensity rain,1
Dabas,47.194722,19.328889,2026-06-11 01:26:30.660100,15.0,14.93,15.0,15.0,1013,91,8.85,301,99,5.62,Rain,heavy intensity rain,1
Gyón,47.178333,19.355556,2026-06-11 01:26:31.827814,14.93,14.88,14.93,14.93,1013,92,9.01,301,98,4.86,Rain,heavy intensity rain,1
Hernád,47.161389,19.4025,2026-06-11 01:26:32.992606,14.95,14.88,14.95,14.95,1013,91,9.06,299,99,4.6,Rain,heavy intensity rain,1
Bakonygyirót,47.416389,17.811944,2026-06-11 01:26:34.159552,12.45,12.07,12.45,12.45,1016,89,8.42,319,100,0.0,Clouds,overcast clouds,1
Vinye,47.360317,17.819635,2026-06-11 01:26:35.330517,12.03,11.61,12.03,12.03,1016,89,9.17,322,100,0.0,Clouds,overcast clouds,1
Nemesgörzsöny,47.402924,17.376385,2026-06-11 01:26:36.505911,12.49,12.09,12.49,12.49,1017,88,8.35,332,100,0.0,Clouds,overcast clouds,1
Rábahíd,47.438618,17.337525,2026-06-11 01:26:37.677205,12.47,12.07,12.47,12.47,1017,88,8.35,331,100,0.0,Clouds,overcast clouds,1
Öskü,47.162222,18.076389,2026-06-11 01:26:38.847920,13.53,13.18,13.53,13.53,1015,86,12.16,328,100,0.0,Clouds,overcast clouds,1
Márkó,47.1275,17.813889,2026-06-11 01:26:40.016558,10.97,10.32,10.97,10.97,1015,84,9.93,330,100,0.0,Clouds,overcast clouds,1
Nemeskocs,47.203333,17.188889,2026-06-11 01:26:41.182374,12.32,11.88,12.32,12.32,1016,87,9.24,341,100,0.0,Clouds,overcast clouds,1
Zalagyömörő,47.011111,17.220833,2026-06-11 01:26:42.354587,12.29,11.82,12.29,12.29,1016,86,9.42,348,100,0.0,Clouds,overcast clouds,1
Rigács,47.061667,17.199167,2026-06-11 01:26:43.519879,12.25,11.78,12.25,12.25,1016,86,9.51,347,100,0.0,Clouds,overcast clouds,1
Kemenespálfa,47.139722,17.183056,2026-06-11 01:26:44.689748,12.29,11.85,12.29,12.29,1016,87,9.47,344,100,0.0,Clouds,overcast clouds,1
Lentiszombathely,46.611389,16.5725,2026-06-11 01:26:45.855085,11.62,11.19,11.62,11.62,1017,90,2.9,2,100,0.0,Clouds,overcast clouds,1
Ortaháza,46.626667,16.685833,2026-06-11 01:26:47.027905,12.22,11.85,12.22,12.22,1017,90,2.06,4,100,0.0,Clouds,overcast clouds,1
Rádiháza,46.654722,16.765833,2026-06-11 01:26:48.205621,12.15,11.77,12.15,12.15,1017,90,1.9,354,100,0.0,Clouds,overcast clouds,1
Baktüttös,46.690833,16.826389,2026-06-11 01:26:49.379185,12.22,11.85,12.22,12.22,1017,90,2.52,342,100,0.0,Clouds,overcast clouds,1
Budafa,46.851667,16.624722,2026-06-11 01:26:50.546899,12.07,11.71,12.07,12.07,1017,91,2.19,359,100,0.0,Clouds,overcast clouds,1
Zalapatakalja,46.845556,16.603889,2026-06-11 01:26:51.716395,12.06,11.7,12.06,12.06,1017,91,2.16,1,100,0.0,Clouds,overcast clouds,1
Tormásliget,47.430556,16.781667,2026-06-11 01:26:52.886489,9.74,6.54,9.74,9.74,1017,47,7.23,342,100,0.0,Clouds,overcast clouds,1
Belecska,46.64,18.411389,2026-06-11 01:26:54.051308,13.93,13.68,13.93,13.93,1015,88,9.02,336,100,4.6,Rain,heavy intensity rain,1
Almár,47.956111,20.356944,2026-06-11 01:26:55.220253,19.23,19.82,18.03,19.23,1012,100,2.18,274,100,1.33,Rain,moderate rain,1
Vasútmúzeum,47.543889,19.099444,2026-06-11 01:26:56.394750,13.23,13.01,12.78,13.73,1013,92,2.68,336,100,27.15,Rain,very heavy rain,1
Abda,47.690833,17.540556,2026-06-11 01:26:57.573145,12.58,12.22,12.58,12.58,1017,89,8.04,314,100,0.0,Clouds,overcast clouds,1
Vadaspark,47.526111,18.949167,2026-06-11 01:26:58.743125,11.15,10.75,10.98,11.93,1012,93,2.68,336,100,10.58,Rain,heavy intensity rain,1
Barosstelep,47.398889,18.989167,2026-06-11 01:26:59.914947,13.51,13.27,12.84,13.79,1013,90,3.58,324,100,9.99,Rain,heavy intensity rain,1
Fegyvernek-Örményes,47.194444,20.5575,2026-06-11 01:27:01.083923,16.93,16.98,16.93,16.93,1011,88,3.19,264,100,36.59,Rain,very heavy rain,1
Zagyvapálfalva,48.068889,19.785,2026-06-11 01:27:02.249424,14.77,14.73,14.77,14.77,1012,93,3.33,264,100,15.38,Rain,heavy intensity rain,1
Salgótarján,48.105556,19.807222,2026-06-11 01:27:03.419401,14.1,13.99,14.1,14.1,1012,93,3.47,252,100,14.14,Rain,heavy intensity rain,1
Szabadisóstó,46.933889,18.118056,2026-06-11 01:27:04.591022,13.84,13.63,12.73,13.84,1015,90,9.29,330,100,0.0,Clouds,overcast clouds,1
Siófok,46.907778,18.053889,2026-06-11 01:27:05.763172,13.84,13.63,12.73,13.84,1015,90,9.46,330,100,0.0,Clouds,overcast clouds,1
Balatonszéplak felső,46.898056,18.018056,2026-06-11 01:27:06.942742,13.84,13.63,12.73,13.84,1015,90,9.41,331,100,0.0,Clouds,overcast clouds,1
Balatonszéplak alsó,46.891944,17.993333,2026-06-11 01:27:08.111563,13.84,13.63,12.73,13.84,1015,90,4.92,315,100,0.0,Clouds,overcast clouds,1
Zamárdi felső,46.886111,17.969444,2026-06-11 01:27:09.282728,12.74,11.77,12.74,13.85,1015,65,4.92,315,100,0.0,Clouds,overcast clouds,1
Zamárdi,46.88,17.944722,2026-06-11 01:27:10.452089,12.68,11.7,12.68,13.79,1015,65,4.92,315,100,0.0,Clouds,overcast clouds,1
Szántód,46.861944,17.899167,2026-06-11 01:27:11.619496,12.75,11.78,12.75,13.86,1015,65,4.92,315,100,0.0,Clouds,overcast clouds,1
Szőny-Déli,47.735278,18.141944,2026-06-11 01:27:12.785415,13.05,12.84,13.05,13.05,1017,93,8.47,299,100,0.0,Clouds,overcast clouds,1
Várpalota,47.194444,18.149167,2026-06-11 01:27:13.958931,12.61,12.2,12.61,12.61,1015,87,12.29,326,100,0.0,Clouds,overcast clouds,1
Pétfürdő,47.1675,18.121389,2026-06-11 01:27:15.127972,13.66,13.33,13.66,13.66,1015,86,12.24,327,100,0.0,Clouds,overcast clouds,1
Hajmáskér,47.141111,18.009444,2026-06-11 01:27:16.297639,13.44,13.06,12.33,13.44,1015,85,12.11,328,100,0.0,Clouds,overcast clouds,1
Veszprém,47.118889,17.91,2026-06-11 01:27:17.465474,12.12,11.58,12.12,13.23,1015,84,10.97,329,100,0.0,Clouds,overcast clouds,1
Herend,47.136944,17.760278,2026-06-11 01:27:18.634881,11.31,10.69,11.31,11.31,1015,84,9.67,331,100,0.0,Clouds,overcast clouds,1
Városlőd,47.144167,17.652778,2026-06-11 01:27:19.807445,11.14,10.56,11.14,11.14,1016,86,9.24,336,100,0.0,Clouds,overcast clouds,1
Városlőd-Kislőd,47.133889,17.631111,2026-06-11 01:27:20.989549,11.58,11.01,11.58,11.58,1015,85,9.36,336,100,0.0,Clouds,overcast clouds,1
Ajka,47.105902,17.572938,2026-06-11 01:27:22.159681,11.93,11.4,11.93,11.93,1016,85,9.81,340,100,0.0,Clouds,overcast clouds,1
Ajka-Gyártelep,47.096806,17.555219,2026-06-11 01:27:23.328402,11.93,11.4,11.93,11.93,1016,85,9.81,340,100,0.0,Clouds,overcast clouds,1
Devecser,47.1125,17.435278,2026-06-11 01:27:24.495679,12.2,11.72,12.2,12.2,1016,86,10.04,343,100,0.0,Clouds,overcast clouds,1
Somlóvásárhely,47.124444,17.369167,2026-06-11 01:27:25.665740,12.22,11.74,12.22,12.22,1016,86,9.76,344,100,0.0,Clouds,overcast clouds,1
Tüskevár,47.128611,17.331389,2026-06-11 01:27:26.843306,12.29,11.82,12.29,12.29,1016,86,9.69,344,100,0.0,Clouds,overcast clouds,1
Karakószörcsök,47.133611,17.287778,2026-06-11 01:27:28.013156,12.32,11.85,12.32,12.32,1016,86,9.6,345,100,0.0,Clouds,overcast clouds,1
Kerta,47.151944,17.237222,2026-06-11 01:27:29.180843,12.35,11.91,12.35,12.35,1016,87,9.44,343,100,0.0,Clouds,overcast clouds,1
Boba,47.183333,17.191389,2026-06-11 01:27:30.347381,12.29,11.85,12.29,12.29,1016,87,9.33,342,100,0.0,Clouds,overcast clouds,1
Börgönd,47.140278,18.515,2026-06-11 01:27:31.513223,13.74,13.49,13.74,13.74,1014,89,9.78,323,100,2.19,Rain,moderate rain,1
Belsőbáránd,47.102778,18.499722,2026-06-11 01:27:32.682481,13.65,13.39,13.65,13.65,1014,89,9.62,325,100,2.16,Rain,moderate rain,1
Zichyújfalu,47.124444,18.6725,2026-06-11 01:27:33.847518,13.97,13.77,13.97,13.97,1014,90,9.51,314,100,7.35,Rain,heavy intensity rain,1
Seregélyes,47.121111,18.580556,2026-06-11 01:27:35.014660,13.94,13.71,13.94,13.94,1014,89,9.72,321,100,3.84,Rain,moderate rain,1
Polgárdi-Ipartelepek,47.079167,18.314444,2026-06-11 01:27:36.184406,13.47,13.14,13.47,13.47,1015,87,9.6,329,100,0.38,Rain,light rain,1
Polgárdi,47.07,18.284167,2026-06-11 01:27:37.352614,13.47,13.14,13.47,13.47,1015,87,9.6,329,100,0.38,Rain,light rain,1
Füle,47.05,18.255278,2026-06-11 01:27:38.521424,13.44,13.09,13.44,13.44,1015,86,9.38,329,100,0.31,Rain,light rain,1
Zánka-Erzsébettábor,46.8775,17.709167,2026-06-11 01:27:39.693611,12.68,11.7,12.68,13.79,1015,65,9.5,339,100,0.0,Clouds,overcast clouds,1
Csajág,47.033889,18.186389,2026-06-11 01:27:40.864340,13.68,13.45,12.57,13.68,1015,90,9.63,329,100,0.0,Clouds,overcast clouds,1
Balatonakarattya,47.017222,18.167778,2026-06-11 01:27:42.033153,13.53,13.29,12.42,13.53,1015,90,9.63,329,100,0.0,Clouds,overcast clouds,1
Csittényhegy,47.025278,18.1375,2026-06-11 01:27:43.211396,13.75,13.53,12.64,13.75,1015,90,9.88,329,100,0.0,Clouds,overcast clouds,1
Balatonkenese,47.0325,18.105556,2026-06-11 01:27:44.379180,13.83,13.62,12.72,13.83,1015,90,10.12,329,100,0.0,Clouds,overcast clouds,1
Balatonfűzfő,47.060278,18.0425,2026-06-11 01:27:45.556418,13.86,13.65,12.75,13.86,1015,90,10.94,329,100,0.0,Clouds,overcast clouds,1
Balatonalmádi,47.028333,18.015,2026-06-11 01:27:46.726093,13.83,13.62,12.72,13.83,1015,90,10.62,329,100,0.0,Clouds,overcast clouds,1
Káptalanfüred,47.008889,18.003889,2026-06-11 01:27:47.898216,13.86,13.65,12.75,13.86,1015,90,10.35,330,100,0.0,Clouds,overcast clouds,1
Alsóörs,46.985278,17.974722,2026-06-11 01:27:49.066482,12.76,11.79,12.76,13.87,1015,65,4.92,315,100,0.0,Clouds,overcast clouds,1
Csopak,46.974722,17.931111,2026-06-11 01:27:50.233306,12.63,11.65,12.63,13.74,1014,65,4.92,315,100,0.0,Clouds,overcast clouds,1
Balatonarács,46.9625,17.8975,2026-06-11 01:27:51.406234,12.53,11.54,12.53,13.64,1014,65,4.92,315,100,0.0,Clouds,overcast clouds,1
Balatonfüred,46.955833,17.883056,2026-06-11 01:27:52.575362,12.6,11.61,12.6,13.71,1014,65,4.92,315,100,0.0,Clouds,overcast clouds,1
Aszófő,46.925556,17.8325,2026-06-11 01:27:53.752483,12.7,11.72,12.7,13.81,1014,65,4.92,315,100,0.0,Clouds,overcast clouds,1
Örvényes,46.9125,17.818056,2026-06-11 01:27:54.918077,12.72,11.74,12.72,13.83,1014,65,4.92,315,100,0.0,Clouds,overcast clouds,1
Balatonudvari,46.904722,17.808056,2026-06-11 01:27:56.085048,12.75,11.78,12.75,13.86,1014,65,4.92,315,100,0.0,Clouds,overcast clouds,1
Fövenyes,46.893611,17.789444,2026-06-11 01:27:57.251544,12.77,11.8,12.77,13.88,1015,65,4.92,315,100,0.0,Clouds,overcast clouds,1
Balatonakali-Dörgicse,46.88,17.747778,2026-06-11 01:27:58.424534,12.76,11.79,12.76,13.87,1015,65,9.45,336,100,0.0,Clouds,overcast clouds,1
Zánka-Köveskál,46.872778,17.687778,2026-06-11 01:27:59.592281,12.75,11.78,12.75,13.86,1015,65,9.55,341,100,0.0,Clouds,overcast clouds,1
Balatonszepezd,46.851111,17.663056,2026-06-11 01:28:00.757898,12.75,11.78,12.75,12.75,1015,65,9.52,342,100,0.0,Clouds,overcast clouds,1
Szepezdfürdő,46.839722,17.649444,2026-06-11 01:28:01.922651,12.72,12.16,12.72,12.72,1015,81,9.54,343,100,0.0,Clouds,overcast clouds,1
Révfülöp,46.829167,17.632222,2026-06-11 01:28:03.091588,12.73,12.17,12.73,12.73,1015,81,9.54,343,100,0.0,Clouds,overcast clouds,1
Balatonrendes,46.824722,17.582778,2026-06-11 01:28:04.259221,12.73,12.2,12.73,12.73,1015,82,9.38,348,100,0.0,Clouds,overcast clouds,1
Ábrahámhegy,46.815,17.572222,2026-06-11 01:28:05.425371,12.7,12.17,12.7,12.7,1015,82,9.38,348,100,0.0,Clouds,overcast clouds,1
Badacsonyörs,46.805556,17.531667,2026-06-11 01:28:06.591874,12.75,12.22,12.75,12.75,1016,82,9.31,349,100,0.0,Clouds,overcast clouds,1
Kisújszállás,47.223889,20.751111,2026-06-11 01:28:07.770485,17.15,17.22,17.15,17.15,1011,88,2.49,251,100,0.0,Clouds,overcast clouds,1
Karcag,47.303333,20.928056,2026-06-11 01:28:08.944615,17.24,17.34,17.24,17.24,1011,89,0.85,247,100,0.0,Clouds,overcast clouds,1
Püspökladány,47.3275,21.128889,2026-06-11 01:28:10.110802,17.38,17.5,17.38,17.38,1011,89,0.73,134,100,0.0,Clouds,overcast clouds,1
Kaba,47.368889,21.259444,2026-06-11 01:28:11.281134,17.44,17.54,17.44,17.44,1010,88,1.42,124,100,0.0,Clouds,overcast clouds,1
Hajdúszoboszló,47.429444,21.406944,2026-06-11 01:28:12.450455,17.45,17.55,17.45,17.45,1010,88,1.25,115,100,0.0,Clouds,overcast clouds,1
Ebes,47.462778,21.488889,2026-06-11 01:28:13.629314,17.42,17.52,17.42,17.42,1010,88,1.25,124,100,0.0,Clouds,overcast clouds,1
Debrecen,47.520278,21.628611,2026-06-11 01:28:14.801227,17.33,17.39,17.33,17.33,1010,87,1.32,142,100,0.0,Clouds,overcast clouds,1
Debrecen-Csapókert,47.540556,21.648056,2026-06-11 01:28:15.976309,17.2,17.25,17.2,17.2,1010,87,1.17,142,100,0.0,Clouds,overcast clouds,1
Apafa,47.584045,21.655858,2026-06-11 01:28:17.150313,17.17,17.24,17.17,17.17,1010,88,0.89,130,100,0.0,Clouds,overcast clouds,1
Bocskaikert,47.6425,21.666389,2026-06-11 01:28:18.317058,16.97,17.05,16.97,16.97,1011,89,0.7,43,100,0.0,Clouds,overcast clouds,1
Hajdúhadház,47.686944,21.679167,2026-06-11 01:28:19.490333,17.04,17.12,17.04,17.04,1011,89,0.76,24,100,0.0,Clouds,overcast clouds,1
Téglás,47.714722,21.684722,2026-06-11 01:28:20.658991,17.05,17.13,17.05,17.05,1011,89,1.05,13,100,0.0,Clouds,overcast clouds,1
Újfehértó,47.814444,21.706389,2026-06-11 01:28:21.827519,17.15,17.3,17.15,17.15,1011,91,1.99,1,100,0.0,Clouds,overcast clouds,1
Nyíregyháza,47.946667,21.705556,2026-06-11 01:28:22.998990,17.15,17.35,17.15,17.15,1011,93,2.42,353,99,0.0,Clouds,overcast clouds,1
Sóstó,47.998051,21.729047,2026-06-11 01:28:24.171118,17.11,17.3,17.11,17.11,1011,93,2.08,328,100,0.0,Clouds,overcast clouds,1
Sóstóhegy,48.012222,21.742778,2026-06-11 01:28:25.337386,17.18,17.38,17.18,17.18,1011,93,2.03,323,100,0.0,Clouds,overcast clouds,1
Kemecse,48.065556,21.801667,2026-06-11 01:28:26.503746,17.18,17.38,17.18,17.18,1011,93,2.1,291,100,0.0,Clouds,overcast clouds,1
Nyírbogdány,48.082222,21.855278,2026-06-11 01:28:27.668564,17.15,17.35,17.15,17.15,1011,93,2.27,277,100,0.0,Clouds,overcast clouds,1
Kék,48.093333,21.883889,2026-06-11 01:28:28.835059,17.18,17.38,17.18,17.18,1011,93,2.37,261,100,0.0,Clouds,overcast clouds,1
Demecser,48.111667,21.926667,2026-06-11 01:28:30.005477,17.19,17.39,17.19,17.19,1011,93,2.44,252,100,0.0,Clouds,overcast clouds,1
Gégény,48.128333,21.951944,2026-06-11 01:28:31.176354,17.16,17.36,17.16,17.16,1011,93,2.4,245,100,0.0,Clouds,overcast clouds,1
Pátroha,48.158611,21.996667,2026-06-11 01:28:32.343711,17.18,17.36,17.18,17.18,1011,92,2.25,238,100,0.0,Clouds,overcast clouds,1
Ajak,48.1865,22.048972,2026-06-11 01:28:33.509888,17.17,17.34,17.17,17.17,1011,92,2.0,230,100,0.0,Clouds,overcast clouds,1
Kisvárda,48.208333,22.078333,2026-06-11 01:28:34.678217,17.18,17.36,17.18,17.18,1011,92,1.53,205,100,0.0,Clouds,overcast clouds,1
Kisvárda-Hármasút,48.228333,22.091944,2026-06-11 01:28:35.843986,17.18,17.36,17.18,17.18,1011,92,1.53,205,100,0.0,Clouds,overcast clouds,1
Fényeslitke,48.267222,22.107222,2026-06-11 01:28:37.008843,17.13,17.3,17.13,17.13,1011,92,1.19,184,100,0.0,Clouds,overcast clouds,1
Komoró,48.305278,22.118056,2026-06-11 01:28:38.173637,17.15,17.32,17.15,17.15,1010,92,1.06,184,100,0.0,Clouds,overcast clouds,1
Tuzsér,48.342222,22.131667,2026-06-11 01:28:39.338391,17.1,17.27,17.1,17.1,1010,92,0.84,191,100,0.0,Clouds,overcast clouds,1
Tiszabezdéd,48.371389,22.145,2026-06-11 01:28:40.504183,17.12,17.26,17.12,17.12,1010,91,0.81,166,100,0.0,Clouds,overcast clouds,1
Záhony,48.402222,22.183611,2026-06-11 01:28:41.676010,17.1,17.24,17.1,17.1,1010,91,0.91,149,100,0.0,Clouds,overcast clouds,1
Karcag-Vásártér,47.3225,20.9075,2026-06-11 01:28:42.841421,17.24,17.34,17.24,17.24,1011,89,0.85,247,100,0.0,Clouds,overcast clouds,1
Berekfürdő,47.374722,20.827222,2026-06-11 01:28:44.015295,17.13,17.22,17.13,17.13,1011,89,0.81,311,100,0.0,Clouds,overcast clouds,1
Kunmadaras,47.415278,20.793056,2026-06-11 01:28:45.183176,17.06,17.17,17.06,17.06,1011,90,1.02,1,100,0.0,Clouds,overcast clouds,1
Tiszaszentimre,47.490833,20.733056,2026-06-11 01:28:46.355839,17.03,17.14,17.03,17.03,1011,90,1.37,24,100,0.0,Clouds,overcast clouds,1
Tiszaszőlős,47.555556,20.728056,2026-06-11 01:28:47.520742,17.03,17.14,17.03,17.03,1011,90,1.71,39,100,0.0,Clouds,overcast clouds,1
Hosszúhát,47.235556,21.101944,2026-06-11 01:28:48.685923,17.42,17.52,17.42,17.42,1011,88,2.1,170,100,0.0,Clouds,overcast clouds,1
Szerep,47.234444,21.145833,2026-06-11 01:28:49.853844,17.44,17.54,17.44,17.44,1010,88,2.31,164,100,0.0,Clouds,overcast clouds,1
Sárrétudvari,47.231667,21.180833,2026-06-11 01:28:51.017712,17.45,17.55,17.45,17.45,1010,88,2.54,160,100,0.0,Clouds,overcast clouds,1
Biharnagybajom,47.208889,21.221944,2026-06-11 01:28:52.195939,17.45,17.55,17.45,17.45,1010,88,3.15,157,99,0.0,Clouds,overcast clouds,1
Füzesgyarmat,47.113056,21.194444,2026-06-11 01:28:53.377896,17.49,17.57,17.49,17.49,1010,87,3.31,160,97,0.0,Clouds,overcast clouds,1
Füzesgyarmatfürdő,47.093787,21.201582,2026-06-11 01:28:54.550962,17.49,17.57,17.49,17.49,1010,87,3.31,160,97,0.0,Clouds,overcast clouds,1
Báránd,47.299722,21.235278,2026-06-11 01:28:55.718283,17.45,17.55,17.45,17.45,1010,88,1.98,146,100,0.0,Clouds,overcast clouds,1
Sáp,47.259722,21.360556,2026-06-11 01:28:56.889653,17.49,17.59,17.49,17.49,1010,88,3.15,152,100,0.0,Clouds,overcast clouds,1
Berettyóújfalu,47.211944,21.535556,2026-06-11 01:28:58.057779,17.56,17.7,17.56,17.56,1010,89,3.97,160,100,0.0,Clouds,overcast clouds,1
Mezőpeterd,47.176111,21.625278,2026-06-11 01:28:59.231950,17.61,17.75,17.61,17.61,1010,89,4.15,165,100,0.0,Clouds,overcast clouds,1
Biharkeresztes,47.135556,21.721389,2026-06-11 01:29:00.401043,17.68,17.78,17.68,17.68,1010,87,4.23,167,100,0.0,Clouds,overcast clouds,1
Tócóvölgy,47.529444,21.588889,2026-06-11 01:29:01.569451,17.36,17.45,17.36,17.36,1010,88,1.17,133,100,0.0,Clouds,overcast clouds,1
Sáregres,46.7825,18.588889,2026-06-11 01:29:02.738138,14.16,13.96,14.16,14.16,1015,89,9.41,331,100,3.0,Rain,moderate rain,1
Simontornya,46.756582,18.540674,2026-06-11 01:29:03.905729,13.97,13.72,13.97,13.97,1015,88,9.41,333,100,4.0,Rain,moderate rain,1
Tolnanémedi,46.727778,18.475833,2026-06-11 01:29:05.079666,13.99,13.74,13.99,13.99,1015,88,9.37,333,100,3.76,Rain,moderate rain,1
Pincehely,46.681389,18.43,2026-06-11 01:29:06.244877,13.77,13.47,13.77,13.77,1015,87,9.12,335,100,3.76,Rain,moderate rain,1
Keszőhidegkút-Gyönk,46.597778,18.426111,2026-06-11 01:29:07.414507,13.87,13.61,13.87,13.87,1015,88,8.94,337,100,5.79,Rain,heavy intensity rain,1
Szárazd,46.575556,18.420833,2026-06-11 01:29:08.581025,13.93,13.68,13.93,13.93,1015,88,8.83,337,100,6.68,Rain,heavy intensity rain,1
Regöly,46.568889,18.396111,2026-06-11 01:29:09.755373,13.93,13.68,13.93,13.93,1015,88,8.83,337,100,5.99,Rain,heavy intensity rain,1
Szakály-Hőgyész,46.523611,18.389444,2026-06-11 01:29:10.926317,13.83,13.57,13.83,13.83,1015,88,8.48,338,100,8.65,Rain,heavy intensity rain,1
Dúzs,46.493889,18.377222,2026-06-11 01:29:12.096300,13.9,13.67,13.9,13.9,1015,89,8.29,338,100,8.91,Rain,heavy intensity rain,1
Csibrák,46.466667,18.336389,2026-06-11 01:29:13.262690,13.92,13.69,13.92,13.92,1015,89,8.01,338,100,8.65,Rain,heavy intensity rain,1
Kurd,46.449167,18.319167,2026-06-11 01:29:14.433114,13.61,13.35,13.61,13.61,1015,89,7.76,338,100,7.72,Rain,heavy intensity rain,1
Döbrököz,46.418889,18.255,2026-06-11 01:29:15.603567,13.81,13.57,13.81,13.81,1015,89,7.45,339,100,6.68,Rain,heavy intensity rain,1
Dombóvár,46.37,18.149722,2026-06-11 01:29:16.769788,13.65,13.39,13.65,13.65,1016,89,7.34,341,100,3.37,Rain,moderate rain,1
Dombóvár alsó,46.363889,18.134167,2026-06-11 01:29:17.936367,13.65,13.39,13.65,13.65,1016,89,7.34,341,100,3.65,Rain,moderate rain,1
Somoskőújfalu,48.154722,19.815556,2026-06-11 01:29:19.104954,12.98,12.76,12.98,12.98,1012,93,3.69,242,100,14.96,Rain,heavy intensity rain,1
Jászfényszaru,47.593056,19.754444,2026-06-11 01:29:20.273062,15.45,15.45,15.45,15.45,1012,92,6.99,294,100,6.48,Rain,heavy intensity rain,1
Pusztamonostor,47.564444,19.794167,2026-06-11 01:29:21.449319,14.38,14.28,14.38,14.38,1012,92,6.9,294,100,2.3,Rain,moderate rain,1
Jászberény,47.494444,19.893333,2026-06-11 01:29:22.618108,14.48,14.36,14.48,14.48,1012,91,6.69,296,100,3.46,Rain,moderate rain,1
Meggyespele,47.441944,19.938889,2026-06-11 01:29:23.792295,14.5,14.38,14.5,14.5,1011,91,5.82,297,100,5.46,Rain,heavy intensity rain,1
Portelek,47.418056,19.958889,2026-06-11 01:29:24.958415,14.52,14.4,14.52,14.52,1011,91,5.86,298,100,6.48,Rain,heavy intensity rain,1
Jászboldogháza-Jánoshida,47.366944,20.001389,2026-06-11 01:29:26.125691,14.51,14.39,14.51,14.51,1011,91,5.6,298,100,23.04,Rain,very heavy rain,1
Jászárokszállás,47.635556,19.971111,2026-06-11 01:29:27.291683,15.93,15.98,15.93,15.93,1012,92,4.6,285,100,2.92,Rain,moderate rain,1
Jászdózsa,47.563056,20.028056,2026-06-11 01:29:28.460338,16.11,16.15,16.11,16.11,1012,91,4.52,287,100,5.79,Rain,heavy intensity rain,1
Jászapáti,47.513611,20.155,2026-06-11 01:29:29.632988,16.3,16.36,16.3,16.3,1011,91,3.99,286,100,8.65,Rain,heavy intensity rain,1
Jászkisér,47.456111,20.203333,2026-06-11 01:29:30.811390,16.38,16.42,16.38,16.38,1011,90,3.94,290,100,8.65,Rain,heavy intensity rain,1
Jászladány,47.373333,20.159167,2026-06-11 01:29:31.984041,14.56,14.4,14.56,14.56,1011,89,4.2,297,100,64.84,Rain,extreme rain,1
Szászberek,47.320556,20.090833,2026-06-11 01:29:33.154362,14.55,14.44,14.55,14.99,1011,91,4.5,299,100,27.34,Rain,very heavy rain,1
Gyöngyöshalász,47.743056,19.932222,2026-06-11 01:29:34.325809,15.69,15.72,15.69,15.69,1012,92,3.88,276,100,6.48,Rain,heavy intensity rain,1
Gyöngyös,47.783056,19.937222,2026-06-11 01:29:35.502393,15.43,15.43,15.43,15.43,1012,92,3.5,273,100,11.53,Rain,heavy intensity rain,1
Erdőtelek,47.683333,20.3025,2026-06-11 01:29:36.673601,16.51,16.59,16.51,16.51,1012,91,3.16,257,99,3.65,Rain,moderate rain,1
Heves,47.609444,20.306111,2026-06-11 01:29:37.837512,16.54,16.63,16.54,16.54,1011,91,3.36,268,99,23.68,Rain,very heavy rain,1
Hevesvezekény,47.562222,20.365833,2026-06-11 01:29:39.009394,16.69,16.76,16.69,16.69,1011,90,3.23,271,100,5.62,Rain,heavy intensity rain,1
Tarnaszentmiklós,47.546944,20.390833,2026-06-11 01:29:40.179138,16.68,16.75,16.68,16.68,1011,90,3.29,274,100,1.78,Rain,moderate rain,1
Kisköre,47.495556,20.481667,2026-06-11 01:29:41.346454,16.82,16.91,16.82,16.82,1011,90,2.69,284,100,0.0,Clouds,overcast clouds,1
Abádszalók,47.455278,20.553056,2026-06-11 01:29:42.513166,16.84,16.9,16.84,16.84,1011,89,2.53,287,100,0.0,Clouds,overcast clouds,1
Kunhegyes,47.376667,20.641111,2026-06-11 01:29:43.677372,16.95,17.02,16.95,16.95,1011,89,1.78,294,100,0.0,Clouds,overcast clouds,1
Kenderes,47.254444,20.686111,2026-06-11 01:29:44.844122,17.05,17.11,17.05,17.05,1011,88,2.61,265,100,0.0,Clouds,overcast clouds,1
Maklár,47.808056,20.404722,2026-06-11 01:29:46.015696,19.57,19.98,19.57,19.57,1012,92,1.98,257,100,4.86,Rain,heavy intensity rain,1
Andornaktálya,47.852203,20.402295,2026-06-11 01:29:47.198483,19.51,19.92,18.31,19.51,1012,92,1.85,261,100,3.65,Rain,moderate rain,1
Eger,47.891667,20.381667,2026-06-11 01:29:48.373071,19.42,19.85,18.22,19.42,1012,93,2.22,262,99,2.73,Rain,moderate rain,1
Egervár,47.908056,20.380556,2026-06-11 01:29:49.547646,19.24,19.83,18.04,19.24,1012,100,2.15,266,100,2.73,Rain,moderate rain,1
Eger-Felnémet,47.936667,20.370556,2026-06-11 01:29:50.721057,19.29,19.89,18.09,19.29,1012,100,2.08,270,100,1.78,Rain,moderate rain,1
Szarvaskő,47.988611,20.3325,2026-06-11 01:29:51.889029,18.88,19.43,15.78,18.88,1012,100,2.14,277,100,2.05,Rain,moderate rain,1
Mónosbél,48.031944,20.33,2026-06-11 01:29:53.057388,18.7,19.24,15.6,18.7,1013,100,2.05,281,100,3.65,Rain,moderate rain,1
Bélapátfalva,48.055556,20.340556,2026-06-11 01:29:54.226677,18.41,18.92,15.31,18.41,1013,100,1.98,281,100,2.73,Rain,moderate rain,1
Bélapátfalvi Cementgyár,48.058056,20.355,2026-06-11 01:29:55.408772,18.36,18.86,15.26,18.36,1013,100,1.98,281,100,3.16,Rain,moderate rain,1
Szilvásvárad,48.11345,20.37919,2026-06-11 01:29:56.578014,18.23,18.72,15.13,18.23,1013,100,1.68,280,100,3.16,Rain,moderate rain,1
Hejőkeresztúr,47.960278,20.869444,2026-06-11 01:29:57.744533,18.57,18.73,18.57,18.57,1010,86,2.68,311,100,0.0,Clouds,overcast clouds,1
Tiszaújváros,47.926111,21.030556,2026-06-11 01:29:58.913362,18.62,18.91,18.62,18.62,1010,91,2.41,45,100,0.0,Clouds,overcast clouds,1
Miskolc-Gömöri,48.106667,20.800278,2026-06-11 01:30:00.081352,18.47,18.62,18.47,19.66,1011,86,1.57,262,100,1.0,Rain,light rain,1
Sajókeresztúr,48.168008,20.774014,2026-06-11 01:30:01.250813,18.41,18.73,18.41,19.61,1011,93,1.64,256,100,0.21,Rain,light rain,1
Sajóecseg,48.186111,20.766667,2026-06-11 01:30:02.438339,18.45,18.81,18.45,19.65,1011,94,1.68,255,100,0.0,Clouds,overcast clouds,1
Sajószentpéter,48.222222,20.708056,2026-06-11 01:30:03.607763,19.55,20.02,18.36,19.55,1011,94,1.82,254,100,0.18,Rain,light rain,1
Kazincbarcika,48.264444,20.6275,2026-06-11 01:30:04.771442,19.56,20.05,16.46,19.56,1012,95,2.36,256,100,0.75,Rain,light rain,1
Sajókaza,48.272778,20.581944,2026-06-11 01:30:05.942352,16.45,16.63,16.45,19.55,1012,95,2.49,256,100,2.05,Rain,moderate rain,1
Vadna,48.276389,20.555278,2026-06-11 01:30:07.111444,16.43,16.61,16.43,19.53,1012,95,2.49,256,100,1.78,Rain,moderate rain,1
Dubicsány,48.280833,20.504722,2026-06-11 01:30:08.276406,16.42,16.34,16.42,19.52,1012,85,2.99,256,100,2.05,Rain,moderate rain,1
Raposka,46.851389,17.412778,2026-06-11 01:30:09.442048,12.73,12.28,12.73,12.73,1017,85,8.15,346,100,0.0,Clouds,overcast clouds,1
Ivacs,47.641944,19.273889,2026-06-11 01:30:10.607657,12.9,12.67,12.41,12.93,1014,93,7.21,300,100,48.63,Rain,very heavy rain,1
Kisköre-Tiszahíd,47.480835,20.507698,2026-06-11 01:30:11.796084,17.21,17.39,17.21,17.21,1012,92,6.28,279,100,0.0,Clouds,overcast clouds,1
Rozsály,47.912778,22.7825,2026-06-11 01:30:12.967332,18.92,18.83,18.92,18.92,1011,75,3.51,131,98,0.0,Clouds,overcast clouds,1
Pusztakettős,47.453611,20.749722,2026-06-11 01:30:14.136743,17.32,17.51,17.32,17.32,1012,92,3.89,281,100,0.0,Clouds,overcast clouds,1
Kisvác,47.795278,19.113611,2026-06-11 01:30:15.301741,13.27,13.08,13.12,13.27,1014,93,8.36,294,100,11.53,Rain,heavy intensity rain,1
Tiszafüred-Gyártelep,47.6075,20.736111,2026-06-11 01:30:16.472164,17.65,17.9,17.65,17.65,1012,93,3.5,275,99,0.0,Clouds,overcast clouds,1
Újkenéz,48.251111,22.221667,2026-06-11 01:30:17.641477,16.98,17.08,16.98,16.98,1010,90,2.44,75,96,0.0,Clouds,overcast clouds,1
Püspökladány-Vásártér,47.319167,21.096111,2026-06-11 01:30:18.811483,17.32,17.48,17.32,17.32,1011,91,3.34,252,100,0.0,Clouds,overcast clouds,1
Végegyháza alsó,46.3675,20.866944,2026-06-11 01:30:19.989441,17.39,17.59,17.39,17.39,1011,92,6.43,294,79,0.0,Clouds,broken clouds,1
Orosháza felső,46.553611,20.655278,2026-06-11 01:30:21.161127,16.34,16.41,16.34,16.34,1012,91,9.49,293,90,0.0,Clouds,overcast clouds,1
Ambrózfalva,46.353056,20.740556,2026-06-11 01:30:22.331549,17.01,17.17,17.01,17.01,1012,92,8.39,301,83,0.0,Clouds,broken clouds,1
Alsónyék,46.199444,18.738056,2026-06-11 01:30:23.502985,14.21,14.06,14.21,14.21,1016,91,10.07,335,98,4.86,Rain,heavy intensity rain,1
Tompapuszta,46.321389,20.966389,2026-06-11 01:30:24.673539,21.17,21.72,21.17,21.17,1011,91,4.69,280,83,0.0,Clouds,broken clouds,1
Halászlak,46.911879,20.56228,2026-06-11 01:30:25.844805,16.11,16.15,16.11,16.11,1012,91,9.04,282,77,1.15,Rain,moderate rain,1
Sirató,46.840556,20.61,2026-06-11 01:30:27.018744,16.08,16.12,16.08,16.08,1012,91,9.18,283,83,0.0,Clouds,broken clouds,1
Csabacsűd felső,46.829167,20.649167,2026-06-11 01:30:28.187159,16.18,16.23,16.18,16.18,1012,91,8.79,281,84,0.0,Clouds,broken clouds,1
Orosháza-Üveggyár,46.579979,20.683644,2026-06-11 01:30:29.353138,16.39,16.46,16.39,16.39,1012,91,9.11,291,90,0.0,Clouds,overcast clouds,1
Gyulai városerdő,46.69482,21.32281,2026-06-11 01:30:30.523250,19.41,19.23,19.41,19.41,1011,70,3.71,224,93,0.0,Clouds,overcast clouds,1
Kórógyszentgyörgy,46.564377,20.224998,2026-06-11 01:30:31.688290,18.34,18.45,18.34,18.34,1013,85,10.58,306,100,1.0,Rain,light rain,1
Kunszállás,46.784444,19.767222,2026-06-11 01:30:32.853450,16.61,16.57,16.19,16.61,1013,86,9.33,320,98,25.26,Rain,very heavy rain,1
Selymes,46.655321,19.8534,2026-06-11 01:30:34.019660,16.67,16.64,16.67,16.67,1013,86,9.5,320,99,11.53,Rain,heavy intensity rain,1
Petőfiszállási tanyák,46.587805,19.874509,2026-06-11 01:30:35.186466,16.71,16.68,16.71,17.23,1013,86,9.69,321,100,6.68,Rain,heavy intensity rain,1
Kisteleki szőlők,46.514199,19.92868,2026-06-11 01:30:36.356355,17.22,17.3,16.7,17.22,1013,88,9.99,320,100,8.26,Rain,heavy intensity rain,1
Kapitányság,46.435336,19.987564,2026-06-11 01:30:37.524107,17.24,17.29,17.24,17.24,1013,87,10.12,319,100,13.96,Rain,heavy intensity rain,1
Őszeszék,46.39025,20.016017,2026-06-11 01:30:38.704876,17.27,17.32,17.27,17.27,1013,87,10.12,320,100,11.02,Rain,heavy intensity rain,1
Vilmaszállás,46.366389,20.030833,2026-06-11 01:30:39.871956,17.25,17.3,17.25,17.25,1013,87,7.6,320,100,12.72,Rain,heavy intensity rain,1
Jánosszállás,46.334359,20.051199,2026-06-11 01:30:41.039191,17.28,17.34,17.28,17.28,1013,87,10.03,321,100,16.97,Rain,very heavy rain,1
Felsőpakony,47.343056,19.230556,2026-06-11 01:30:42.207953,13.56,13.3,12.8,13.75,1014,89,8.1,314,100,15.38,Rain,heavy intensity rain,1
Felsőméntelek,46.987074,19.557745,2026-06-11 01:30:43.374080,16.03,16.04,16.03,16.03,1013,90,9.1,323,100,5.01,Rain,heavy intensity rain,1
Alsóméntelek,46.961558,19.579121,2026-06-11 01:30:44.545194,16.06,16.07,16.06,16.06,1013,90,9.18,323,100,4.49,Rain,heavy intensity rain,1
Nagynyír,46.943319,19.585447,2026-06-11 01:30:45.748140,16.06,16.07,16.06,16.06,1013,90,6.71,298,99,4.86,Rain,heavy intensity rain,1
Úrihegy,46.917778,19.621389,2026-06-11 01:30:46.932092,16.49,16.57,16.49,16.49,1013,91,9.24,324,99,5.62,Rain,heavy intensity rain,1
Miklóstelep,46.913412,19.630913,2026-06-11 01:30:48.109398,16.51,16.57,16.51,16.51,1013,90,9.3,323,99,5.62,Rain,heavy intensity rain,1
Tiszajenő alsó,47.016944,20.134444,2026-06-11 01:30:49.278721,15.01,14.73,15.01,15.01,1013,83,4.02,287,100,4.21,Rain,heavy intensity rain,1
Óbög,46.987222,20.111111,2026-06-11 01:30:50.442983,14.99,14.71,14.99,14.99,1013,83,10.72,290,100,4.87,Rain,heavy intensity rain,1
Árpádszállás,46.866456,19.989163,2026-06-11 01:30:51.611820,16.66,16.63,14.92,16.66,1013,86,10.4,302,100,5.66,Rain,heavy intensity rain,1
Tőserdő,46.851111,19.980278,2026-06-11 01:30:52.784949,16.68,16.65,14.94,16.68,1013,86,10.36,304,100,4.3,Rain,heavy intensity rain,1
Tiszaalpár felső,46.836256,19.976753,2026-06-11 01:30:53.950345,16.71,16.68,16.71,18.28,1013,86,10.36,304,100,2.94,Rain,moderate rain,1
Borsihalom,46.773056,19.92,2026-06-11 01:30:55.116148,16.7,16.67,16.7,18.27,1013,86,9.96,310,99,5.68,Rain,heavy intensity rain,1
Petőfiváros,46.725556,19.848611,2026-06-11 01:30:56.290687,16.66,16.63,16.66,16.66,1013,86,9.48,318,99,20.52,Rain,very heavy rain,1
Csorna,47.601944,17.248889,2026-06-11 01:30:57.460184,12.78,12.44,12.78,12.78,1017,89,7.7,320,100,0.0,Clouds,overcast clouds,1
Szorgalmatos,47.986667,21.366389,2026-06-11 01:30:58.629185,17.57,17.81,17.57,17.57,1011,93,1.15,15,100,0.0,Clouds,overcast clouds,1
Fótfürdő,47.6225,19.200556,2026-06-11 01:30:59.804671,12.88,12.63,12.41,13.36,1014,92,6.43,302,100,40.98,Rain,very heavy rain,1
Fenyveshegy,47.818333,19.068056,2026-06-11 01:31:00.973227,13.34,13.16,13.34,13.34,1014,93,7.99,295,100,7.11,Rain,heavy intensity rain,1
Hűvösvölgy,47.541202,18.96351,2026-06-11 01:31:02.139602,12.19,11.89,11.95,12.9,1014,93,3.58,324,100,4.76,Rain,heavy intensity rain,1
Hárshegy,47.535318,18.961433,2026-06-11 01:31:03.307603,12.19,11.89,11.95,12.9,1014,93,3.58,324,100,4.76,Rain,heavy intensity rain,1
Szépjuhászné,47.528277,18.955246,2026-06-11 01:31:04.478692,11.23,10.84,11.06,12.01,1014,93,3.58,324,100,2.7,Rain,moderate rain,1
Jánoshegy,47.51433,18.95047,2026-06-11 01:31:05.644748,11.05,10.61,10.97,11.92,1014,92,3.13,299,100,2.34,Rain,moderate rain,1
Virágvölgy,47.505965,18.95876,2026-06-11 01:31:06.822808,10.72,10.22,10.66,11.6,1014,91,3.58,324,100,3.57,Rain,moderate rain,1
Csillebérc,47.498196,18.961694,2026-06-11 01:31:07.991814,10.53,10.01,10.42,11.37,1014,91,3.58,324,100,3.57,Rain,moderate rain,1
Normafa,47.5,18.970558,2026-06-11 01:31:09.166730,10.56,10.05,10.47,11.42,1014,91,3.58,324,100,3.57,Rain,moderate rain,1
Széchenyihegy,47.49413,18.977049,2026-06-11 01:31:10.340569,10.65,10.15,10.49,11.44,1014,91,3.58,324,100,3.57,Rain,moderate rain,1
Balatonfőkajár felső,47.031389,18.215278,2026-06-11 01:31:11.515996,13.51,13.27,12.4,13.51,1016,90,8.15,340,100,0.0,Clouds,overcast clouds,1
Piroska,47.148333,20.129722,2026-06-11 01:31:12.683843,15.01,14.73,14.56,15.01,1013,83,4.02,287,100,8.91,Rain,heavy intensity rain,1
Somodor,46.4725,17.836667,2026-06-11 01:31:13.867122,12.67,12.29,12.67,12.67,1016,88,8.1,348,100,0.0,Clouds,overcast clouds,1
Középmező,45.995833,18.668889,2026-06-11 01:31:15.051360,13.95,13.78,13.95,13.95,1015,91,8.37,340,100,4.21,Rain,heavy intensity rain,1
Jobbágyi,47.828889,19.6875,2026-06-11 01:31:16.234468,15.62,15.69,15.62,15.62,1014,94,7.16,286,100,18.94,Rain,very heavy rain,1
Ferihegy,47.437222,19.223889,2026-06-11 01:31:17.411893,13.2,12.95,12.64,13.59,1014,91,6.43,311,100,17.76,Rain,very heavy rain,1
Máriapócs,47.852778,22.019167,2026-06-11 01:31:18.590323,16.96,16.98,16.96,16.96,1011,87,0.67,139,100,0.0,Clouds,overcast clouds,1
Máriaudvar,47.751944,19.165,2026-06-11 01:31:19.757615,13.3,13.11,13.15,13.3,1014,93,7.91,296,100,21.14,Rain,very heavy rain,1
Nagyberki,46.353333,18.004167,2026-06-11 01:31:20.927252,12.85,12.54,12.85,12.85,1016,90,7.13,349,100,0.18,Rain,light rain,1
Badacsonytomaj,46.804722,17.518056,2026-06-11 01:31:22.099953,12.81,12.34,12.81,12.81,1016,84,8.83,343,100,0.0,Clouds,overcast clouds,1
Badacsony,46.788611,17.506389,2026-06-11 01:31:23.273106,12.85,12.38,12.85,12.85,1016,84,8.55,344,100,0.0,Clouds,overcast clouds,1
Badacsonylábdihegy,46.793889,17.470833,2026-06-11 01:31:24.445398,12.85,12.38,12.85,12.85,1016,84,8.55,344,100,0.0,Clouds,overcast clouds,1
Badacsonytördemic-Szigliget,46.809722,17.469167,2026-06-11 01:31:25.613837,12.82,12.35,12.82,12.82,1016,84,8.72,344,100,0.0,Clouds,overcast clouds,1
Nemesgulács-Kisapáti,46.836944,17.476389,2026-06-11 01:31:26.783991,12.82,12.35,12.82,12.82,1016,84,8.88,344,100,0.0,Clouds,overcast clouds,1
Tapolca,46.877778,17.428611,2026-06-11 01:31:27.960457,12.66,12.23,12.66,12.66,1017,86,8.29,346,100,0.0,Clouds,overcast clouds,1
Uzsabánya alsó,46.898333,17.345278,2026-06-11 01:31:29.137666,11.52,11.0,11.52,11.52,1017,87,7.78,349,100,0.0,Clouds,overcast clouds,1
Uzsa,46.920278,17.331667,2026-06-11 01:31:30.303807,12.29,11.85,12.29,12.29,1017,87,7.87,349,100,0.0,Clouds,overcast clouds,1
Sümegi Bazaltbánya,46.9525,17.2925,2026-06-11 01:31:31.565041,12.28,11.84,12.28,12.28,1017,87,7.69,350,100,0.0,Clouds,overcast clouds,1
Sümeg,46.981111,17.270833,2026-06-11 01:31:32.919007,12.44,12.01,12.44,12.44,1017,87,7.44,351,100,0.0,Clouds,overcast clouds,1
Gógánfa,47.021111,17.207778,2026-06-11 01:31:34.101366,12.43,12.0,12.43,12.43,1017,87,7.5,351,100,0.0,Clouds,overcast clouds,1
Ukk,47.041944,17.195833,2026-06-11 01:31:35.273224,12.47,12.04,12.47,12.47,1017,87,7.52,350,100,0.0,Clouds,overcast clouds,1
Nemeskeresztúr,47.093611,17.183611,2026-06-11 01:31:36.438626,12.39,11.96,12.39,12.39,1017,87,7.64,349,100,0.0,Clouds,overcast clouds,1
Jánosháza,47.115833,17.171667,2026-06-11 01:31:37.612470,12.46,12.03,12.46,12.46,1017,87,7.7,348,100,0.0,Clouds,overcast clouds,1
Keszthely,46.758333,17.248056,2026-06-11 01:31:38.808605,12.57,12.13,12.57,12.57,1017,86,6.73,349,100,0.0,Clouds,overcast clouds,1
Alsógyenes,46.765844,17.276435,2026-06-11 01:31:39.978707,12.65,12.22,12.65,12.65,1017,86,6.95,348,100,0.0,Clouds,overcast clouds,1
Gyenesdiás,46.763333,17.292778,2026-06-11 01:31:41.147216,12.65,12.22,12.65,12.65,1017,86,6.95,348,100,0.0,Clouds,overcast clouds,1
Vonyarcvashegy,46.755278,17.318333,2026-06-11 01:31:42.315420,12.12,11.63,12.12,12.12,1017,86,7.16,347,100,0.0,Clouds,overcast clouds,1
Balatongyörök,46.751944,17.354444,2026-06-11 01:31:43.484551,12.73,12.28,12.73,12.73,1017,85,7.42,346,100,0.0,Clouds,overcast clouds,1
Becehegy,46.776111,17.372778,2026-06-11 01:31:44.662305,11.57,11.0,11.57,11.57,1017,85,7.55,347,100,0.0,Clouds,overcast clouds,1
Balatonederics,46.8025,17.385,2026-06-11 01:31:45.830353,11.5,10.93,11.5,11.5,1017,85,7.7,347,100,0.0,Clouds,overcast clouds,1
Dabronc,47.025766,17.167006,2026-06-11 01:31:46.999651,12.46,12.03,12.46,12.46,1017,87,7.44,351,100,0.0,Clouds,overcast clouds,1
Türje,46.994444,17.093611,2026-06-11 01:31:48.172351,12.42,11.99,12.42,12.42,1017,87,7.26,350,100,0.0,Clouds,overcast clouds,1
Zalabér-Batyk,46.983056,17.040833,2026-06-11 01:31:49.341682,12.49,12.07,12.49,12.49,1018,87,6.95,348,100,0.0,Clouds,overcast clouds,1
Pakod,46.959167,16.996667,2026-06-11 01:31:50.511775,12.37,11.93,12.37,12.37,1018,87,6.81,348,100,0.0,Clouds,overcast clouds,1
Pókaszepetk,46.924444,16.972222,2026-06-11 01:31:51.678802,12.47,12.04,12.47,12.47,1018,87,6.74,349,100,0.0,Clouds,overcast clouds,1
Kemendollár,46.905833,16.946667,2026-06-11 01:31:52.853038,12.16,11.7,12.16,12.16,1018,87,6.51,349,100,0.0,Clouds,overcast clouds,1
Zalaegerszeg,46.833056,16.848333,2026-06-11 01:31:54.038384,12.2,11.83,12.2,12.2,1018,90,4.85,352,100,0.0,Clouds,overcast clouds,1
Bocfölde,46.780278,16.853611,2026-06-11 01:31:55.209263,12.31,11.95,12.31,12.31,1018,90,5.13,354,100,0.0,Clouds,overcast clouds,1
Sárhida,46.755833,16.851389,2026-06-11 01:31:56.376924,11.55,11.11,11.55,11.55,1018,90,4.59,355,100,0.0,Clouds,overcast clouds,1
Bak,46.7325,16.849167,2026-06-11 01:31:57.545756,11.99,11.59,11.99,11.99,1018,90,4.48,356,100,0.0,Clouds,overcast clouds,1
Tófej,46.670833,16.801944,2026-06-11 01:31:58.713000,11.9,11.52,11.9,11.9,1018,91,3.81,357,100,0.0,Clouds,overcast clouds,1
Gutorfölde,46.646944,16.739722,2026-06-11 01:31:59.906960,12.22,11.9,12.22,12.22,1018,92,3.06,355,100,0.0,Clouds,overcast clouds,1
Csömödér-Páka,46.608056,16.641111,2026-06-11 01:32:01.081618,11.68,11.31,11.68,11.68,1018,92,2.61,346,100,0.0,Clouds,overcast clouds,1
Iklódbördőce,46.603056,16.604722,2026-06-11 01:32:02.253800,11.67,11.29,11.67,11.67,1018,92,2.78,341,100,0.0,Clouds,overcast clouds,1
Lenti,46.621389,16.528611,2026-06-11 01:32:03.420177,11.62,11.24,11.62,11.62,1018,92,3.06,338,100,0.39,Rain,light rain,1
Rédics,46.618056,16.471111,2026-06-11 01:32:04.590930,11.61,11.23,11.61,11.61,1018,92,3.2,336,100,0.15,Rain,light rain,1
Zalalövő,46.845556,16.576389,2026-06-11 01:32:05.761669,12.12,11.79,12.12,12.12,1018,92,2.72,333,99,0.0,Clouds,overcast clouds,1
Zalaegerszeg-Ola,46.849167,16.844722,2026-06-11 01:32:06.929201,12.2,11.83,12.2,12.2,1018,90,4.85,352,100,0.0,Clouds,overcast clouds,1
Andráshida,46.863116,16.7792,2026-06-11 01:32:08.100774,12.14,11.76,12.14,12.14,1018,90,4.52,351,100,0.0,Clouds,overcast clouds,1
Bagod,46.875,16.746111,2026-06-11 01:32:09.266050,12.24,11.87,12.24,12.24,1018,90,3.82,349,100,0.0,Clouds,overcast clouds,1
Zalaszentgyörgy,46.872222,16.7125,2026-06-11 01:32:10.440936,12.2,11.85,12.2,12.2,1018,91,3.52,348,100,0.0,Clouds,overcast clouds,1
Zalacséb-Salomvár,46.858056,16.662222,2026-06-11 01:32:11.606790,11.98,11.61,11.98,11.98,1018,91,3.25,345,100,0.0,Clouds,overcast clouds,1
Kópháza,47.631389,16.6375,2026-06-11 01:32:12.776301,12.33,11.86,10.21,12.33,1017,86,8.19,317,91,0.0,Clouds,overcast clouds,1
Nagycenk,47.601111,16.690278,2026-06-11 01:32:13.947371,12.44,11.99,10.32,12.44,1017,86,8.02,320,94,0.0,Clouds,overcast clouds,1
Sopronkövesd,47.548333,16.748056,2026-06-11 01:32:15.111580,10.15,8.42,10.15,12.27,1017,46,7.81,326,99,0.0,Clouds,overcast clouds,1
Lövő,47.509444,16.7775,2026-06-11 01:32:16.281567,10.19,8.47,10.19,12.31,1017,46,8.1,330,100,0.0,Clouds,overcast clouds,1
Újkér,47.457778,16.786667,2026-06-11 01:32:17.462464,10.21,8.49,10.21,10.21,1017,46,7.67,334,100,0.0,Clouds,overcast clouds,1
Bük,47.388611,16.752222,2026-06-11 01:32:18.629195,10.27,8.55,10.27,10.27,1017,46,6.29,336,99,0.0,Clouds,overcast clouds,1
Acsád,47.308333,16.734722,2026-06-11 01:32:19.800494,10.02,8.28,10.02,10.02,1017,46,5.35,335,100,0.0,Clouds,overcast clouds,1
Salköveskút-Vassurány,47.291389,16.704167,2026-06-11 01:32:20.969699,10.03,8.29,10.03,10.03,1017,46,5.24,335,100,0.0,Clouds,overcast clouds,1
Zalaszentiván,46.8875,16.909444,2026-06-11 01:32:22.157395,12.3,11.88,12.3,12.3,1018,88,5.81,350,100,0.0,Clouds,overcast clouds,1
Alsónemesapáti,46.854167,16.936389,2026-06-11 01:32:23.326612,12.41,12.0,12.41,12.41,1018,88,6.46,350,100,0.0,Clouds,overcast clouds,1
Józsa,47.600833,21.584444,2026-06-11 01:32:24.500885,17.19,17.29,17.19,17.19,1011,89,1.48,183,99,0.0,Clouds,overcast clouds,1
Hajdúszentgyörgy,47.608056,21.578333,2026-06-11 01:32:25.674463,17.19,17.29,17.19,17.19,1011,89,1.48,183,99,0.0,Clouds,overcast clouds,1
Zelemér,47.627778,21.578333,2026-06-11 01:32:26.838836,17.16,17.26,17.16,17.16,1011,89,1.35,169,99,0.0,Clouds,overcast clouds,1
Hajdúböszörmény,47.668056,21.524167,2026-06-11 01:32:28.005668,17.29,17.42,17.29,17.29,1011,90,1.29,152,100,0.0,Clouds,overcast clouds,1
Hajdúvid,47.749444,21.508056,2026-06-11 01:32:29.180009,17.47,17.67,17.47,17.47,1011,92,1.2,124,100,0.0,Clouds,overcast clouds,1
Hajdúdorog,47.805556,21.493056,2026-06-11 01:32:30.354478,17.46,17.66,17.46,17.46,1011,92,1.25,102,100,0.0,Clouds,overcast clouds,1
Hajdúnánás,47.831944,21.426667,2026-06-11 01:32:31.518397,17.62,17.87,17.62,17.62,1011,93,0.67,96,100,0.0,Clouds,overcast clouds,1
Hajdúnánás-Vásártér,47.843056,21.407222,2026-06-11 01:32:32.684621,17.62,17.87,17.62,17.62,1011,93,0.67,96,100,0.0,Clouds,overcast clouds,1
Tedej,47.903611,21.404444,2026-06-11 01:32:33.853662,17.59,17.83,17.59,17.59,1011,93,0.98,49,100,0.0,Clouds,overcast clouds,1
Tiszavasvári,47.945278,21.374722,2026-06-11 01:32:35.023892,17.6,17.84,17.6,17.6,1011,93,0.94,25,100,0.0,Clouds,overcast clouds,1
Egyházerdő,47.9725,21.365,2026-06-11 01:32:36.189880,17.6,17.84,17.6,17.6,1011,93,1.07,20,100,0.0,Clouds,overcast clouds,1
Tiszalök,48.013056,21.369167,2026-06-11 01:32:37.357468,17.53,17.77,17.53,17.53,1011,93,1.17,10,100,0.0,Clouds,overcast clouds,1
Hajnalos,47.998889,21.414167,2026-06-11 01:32:38.523513,17.55,17.79,17.55,17.55,1011,93,1.22,27,100,0.0,Clouds,overcast clouds,1
Kisfástanya,47.989167,21.47,2026-06-11 01:32:39.691446,17.48,17.71,17.48,17.48,1010,93,1.33,36,100,0.0,Clouds,overcast clouds,1
Tiszaeszlár,48.010556,21.491944,2026-06-11 01:32:40.858366,17.45,17.68,17.45,17.45,1010,93,1.38,39,100,0.0,Clouds,overcast clouds,1
Bashalom,48.026111,21.514722,2026-06-11 01:32:42.023413,17.46,17.69,17.46,17.46,1010,93,1.3,34,100,0.0,Clouds,overcast clouds,1
Sáránd,47.415556,21.625,2026-06-11 01:32:43.190604,17.42,17.54,17.42,17.42,1011,89,3.27,218,100,0.0,Clouds,overcast clouds,1
Derecske,47.365,21.584167,2026-06-11 01:32:44.363595,17.43,17.58,17.43,17.43,1011,90,3.71,220,100,0.0,Clouds,overcast clouds,1
Derecske-Vásártér,47.352222,21.58,2026-06-11 01:32:45.534745,17.43,17.58,17.43,17.43,1011,90,3.71,220,100,0.0,Clouds,overcast clouds,1
Konyár,47.323611,21.666111,2026-06-11 01:32:46.705746,17.43,17.58,17.43,17.43,1011,90,4.07,213,100,0.0,Clouds,overcast clouds,1
Konyári Sóstófürdő,47.324167,21.744444,2026-06-11 01:32:47.877620,17.46,17.56,17.46,17.46,1011,88,4.11,205,100,0.0,Clouds,overcast clouds,1
Pocsaj-Esztár,47.288333,21.793056,2026-06-11 01:32:49.045758,17.44,17.54,17.44,17.44,1011,88,4.2,200,100,0.0,Clouds,overcast clouds,1
Kismarja,47.243889,21.813889,2026-06-11 01:32:50.217515,17.45,17.55,17.45,17.45,1011,88,4.39,196,100,0.0,Clouds,overcast clouds,1
Nagykereki,47.191667,21.8,2026-06-11 01:32:51.383272,17.42,17.49,17.42,17.42,1011,87,4.45,192,100,0.0,Clouds,overcast clouds,1
Debrecen-Szabadságtelep,47.527778,21.658611,2026-06-11 01:32:52.548937,17.25,17.33,17.25,17.25,1011,88,2.09,207,99,0.0,Clouds,overcast clouds,1
Kondoroskert,47.525556,21.713889,2026-06-11 01:32:53.722576,17.24,17.32,17.24,17.24,1011,88,1.97,207,100,0.0,Clouds,overcast clouds,1
Nagycsere,47.523889,21.763056,2026-06-11 01:32:54.900803,17.22,17.27,17.22,17.22,1011,87,1.96,208,100,0.0,Clouds,overcast clouds,1
Haláp,47.521667,21.818333,2026-06-11 01:32:56.069274,17.18,17.23,17.18,17.18,1011,87,1.96,209,100,0.0,Clouds,overcast clouds,1
Vámospércs,47.518056,21.893889,2026-06-11 01:32:57.240676,17.16,17.15,17.16,17.16,1011,85,1.95,209,100,0.0,Clouds,overcast clouds,1
Szentannapuszta,47.52,21.965833,2026-06-11 01:32:58.409911,17.18,17.15,17.18,17.18,1011,84,1.92,207,100,0.0,Clouds,overcast clouds,1
Nyírábrány,47.523889,22.016944,2026-06-11 01:32:59.580703,17.16,17.1,17.16,17.16,1011,83,1.89,206,100,0.0,Clouds,overcast clouds,1
Dombostanya,47.602778,21.706389,2026-06-11 01:33:00.764953,17.16,17.23,17.16,17.16,1011,88,1.28,179,99,0.0,Clouds,overcast clouds,1
Hajdúsámson,47.608056,21.755278,2026-06-11 01:33:01.938095,17.15,17.19,17.15,17.15,1011,87,1.12,186,100,0.0,Clouds,overcast clouds,1
Tamásipuszta,47.632778,21.796111,2026-06-11 01:33:03.110138,17.08,17.12,17.08,17.08,1011,87,0.89,173,100,0.0,Clouds,overcast clouds,1
Aradványpuszta,47.662778,21.8425,2026-06-11 01:33:04.279193,17.08,17.12,17.08,17.08,1011,87,0.76,156,100,0.0,Clouds,overcast clouds,1
Nyíradony,47.699444,21.903333,2026-06-11 01:33:05.450384,17.02,17.02,17.02,17.02,1011,86,0.57,136,100,0.0,Clouds,overcast clouds,1
Nyírmihálydi,47.7375,21.958889,2026-06-11 01:33:06.633158,16.98,16.98,16.98,16.98,1011,86,0.52,132,100,0.0,Clouds,overcast clouds,1
Nyírgelse,47.750833,21.987778,2026-06-11 01:33:07.799717,16.91,16.9,16.91,16.91,1011,86,0.48,138,100,0.0,Clouds,overcast clouds,1
Nyírbogát,47.793056,22.066389,2026-06-11 01:33:08.976264,16.92,16.91,16.92,16.92,1011,86,0.61,194,99,0.0,Clouds,overcast clouds,1
Nagykálló,47.871111,21.825833,2026-06-11 01:33:10.145181,17.19,17.31,17.19,17.19,1010,90,1.73,93,100,0.0,Clouds,overcast clouds,1
Kállósemjén,47.854722,21.935,2026-06-11 01:33:11.311182,17.11,17.17,17.11,17.11,1011,88,1.19,105,100,0.0,Clouds,overcast clouds,1
Nyírbátor,47.8425,22.131111,2026-06-11 01:33:12.488260,16.84,16.83,16.84,16.84,1011,86,0.79,200,98,0.0,Clouds,overcast clouds,1
Nyírcsászári,47.865556,22.179167,2026-06-11 01:33:13.658145,16.83,16.81,16.83,16.83,1011,86,1.11,204,96,0.0,Clouds,overcast clouds,1
Hodász,47.896111,22.213611,2026-06-11 01:33:14.839039,16.76,16.74,16.76,16.76,1011,86,1.33,198,94,0.0,Clouds,overcast clouds,1
Nyírmeggyes,47.9225,22.256667,2026-06-11 01:33:16.010102,16.79,16.77,16.79,16.79,1011,86,1.37,186,90,0.0,Clouds,overcast clouds,1
Mátészalka,47.951389,22.313333,2026-06-11 01:33:17.179534,16.82,16.8,16.82,16.82,1011,86,1.4,176,88,0.0,Clouds,overcast clouds,1
Kocsord,47.941944,22.375833,2026-06-11 01:33:18.344199,16.84,16.77,16.84,16.84,1011,84,1.76,161,91,0.0,Clouds,overcast clouds,1
Kocsord alsó,47.946389,22.400556,2026-06-11 01:33:19.512779,16.84,16.77,16.84,16.84,1011,84,1.76,161,91,0.0,Clouds,overcast clouds,1
Győrtelek,47.936667,22.424722,2026-06-11 01:33:20.679949,16.81,16.71,16.81,16.81,1011,83,1.92,154,92,0.0,Clouds,overcast clouds,1
Győrtelek alsó,47.921111,22.443333,2026-06-11 01:33:21.853314,16.75,16.62,16.75,16.75,1011,82,2.1,151,96,0.0,Clouds,overcast clouds,1
Ököritófülpös,47.911389,22.495,2026-06-11 01:33:23.028743,16.72,16.56,16.72,16.72,1011,81,2.31,145,98,0.0,Clouds,overcast clouds,1
Porcsalma-Tyukod,47.868056,22.568333,2026-06-11 01:33:24.206268,18.95,18.94,18.95,18.95,1011,78,2.89,136,100,0.0,Clouds,overcast clouds,1
Csenger,47.826111,22.666389,2026-06-11 01:33:25.384963,18.94,18.87,18.94,18.94,1011,76,3.17,132,100,0.0,Clouds,overcast clouds,1
Kisfái,46.888303,19.807366,2026-06-11 01:33:26.558396,16.59,16.65,16.59,16.59,1013,90,9.71,315,99,10.38,Rain,heavy intensity rain,1
Nyárlőrinci szőlők,46.8775,19.828333,2026-06-11 01:33:27.725268,16.59,16.55,16.59,16.59,1013,86,9.75,314,99,11.98,Rain,heavy intensity rain,1
Nyárlőrinc alsó,46.863889,19.878889,2026-06-11 01:33:28.890120,16.61,16.57,16.61,16.61,1013,86,9.86,311,99,9.51,Rain,heavy intensity rain,1
Tiszaug-Tiszahídfő,46.866106,20.052098,2026-06-11 01:33:30.057665,16.77,16.83,15.03,16.77,1013,89,10.53,301,100,11.5,Rain,heavy intensity rain,1
Csongrádi úti tanyák,46.690278,19.921667,2026-06-11 01:33:31.223008,16.72,16.69,16.72,16.72,1013,86,9.9,315,99,11.54,Rain,heavy intensity rain,1
Kettőshalom,46.689167,20.0225,2026-06-11 01:33:32.391090,16.75,16.73,16.75,16.75,1013,86,10.33,310,100,3.55,Rain,moderate rain,1
Csongrád alsó,46.711389,20.126389,2026-06-11 01:33:33.564800,16.75,16.8,16.75,16.75,1013,89,10.63,305,100,2.05,Rain,moderate rain,1
Dónát,46.66988,20.368168,2026-06-11 01:33:34.735736,15.12,15.01,15.12,15.12,1013,89,10.9,296,95,0.8,Rain,light rain,1
Pusztatemplom,46.676667,20.407222,2026-06-11 01:33:35.905669,15.27,15.18,15.27,15.27,1013,89,10.82,293,91,0.65,Rain,light rain,1
Előhát,47.364722,20.653611,2026-06-11 01:33:37.083743,17.07,17.26,17.07,17.07,1012,93,5.01,286,100,0.0,Clouds,overcast clouds,1
Polgárdi-Tekerespuszta,47.017778,18.297778,2026-06-11 01:33:38.257117,13.73,13.4,13.73,13.73,1016,86,7.93,338,100,0.0,Clouds,overcast clouds,1
Szatina-Kishajmás,46.202778,18.083611,2026-06-11 01:33:39.431167,12.73,12.46,12.73,12.73,1016,92,6.54,348,98,2.66,Rain,moderate rain,1
Márok,45.886944,18.499167,2026-06-11 01:33:40.595404,13.72,13.5,13.72,13.72,1015,90,2.68,319,97,10.95,Rain,heavy intensity rain,1
Nagynyárád,45.953333,18.564722,2026-06-11 01:33:41.762981,13.79,13.57,13.79,13.79,1015,90,7.61,338,99,6.03,Rain,heavy intensity rain,1
Szászvár,46.2875,18.369722222222222,2026-06-11 01:33:42.933482,13.15,12.92,13.15,13.15,1016,92,7.36,347,100,0.81,Rain,light rain,1
Cikó,46.263514,18.557605,2026-06-11 01:33:44.109434,13.71,13.51,13.71,13.71,1016,91,9.23,339,100,4.34,Rain,heavy intensity rain,1
Gyöngyfa-Magyarmecske,45.983889,17.958889,2026-06-11 01:33:45.281301,13.45,13.23,13.45,13.45,1017,91,7.47,340,90,0.0,Clouds,overcast clouds,1
Nagyhát,47.581389,21.445,2026-06-11 01:33:46.454730,17.39,17.53,17.39,17.39,1011,90,1.99,204,99,0.0,Clouds,overcast clouds,1
Balmazújváros,47.613889,21.348056,2026-06-11 01:33:47.621640,17.67,17.87,17.67,17.67,1011,91,1.99,217,100,0.0,Clouds,overcast clouds,1
Kónya,47.600833,21.2375,2026-06-11 01:33:48.790382,17.71,17.94,17.71,17.71,1011,92,2.35,235,100,0.0,Clouds,overcast clouds,1
Hortobágy,47.586111,21.154722,2026-06-11 01:33:49.959887,17.73,17.96,17.73,17.73,1011,92,2.53,251,100,0.0,Clouds,overcast clouds,1
Hortobágyi Halastó,47.604167,21.074167,2026-06-11 01:33:51.133378,17.73,17.96,17.73,17.73,1011,92,2.68,261,100,0.0,Clouds,overcast clouds,1
Ohat-Pusztakócs,47.623333,20.951111,2026-06-11 01:33:52.311149,17.75,18.01,17.75,17.75,1011,93,2.78,276,100,0.0,Clouds,overcast clouds,1
Egyek,47.616944,20.883611,2026-06-11 01:33:53.482970,17.74,18.0,17.74,17.74,1011,93,3.03,279,99,0.0,Clouds,overcast clouds,1
Tiszafüred,47.627778,20.756111,2026-06-11 01:33:54.650587,17.71,17.96,17.71,17.71,1012,93,3.3,276,98,0.0,Clouds,overcast clouds,1
Poroszló,47.657778,20.654444,2026-06-11 01:33:55.820430,17.79,18.05,17.79,17.79,1012,93,3.78,266,98,0.0,Clouds,overcast clouds,1
Kétútköz,47.694167,20.565,2026-06-11 01:33:57.001980,17.84,18.11,17.84,17.84,1012,93,3.93,259,99,0.25,Rain,light rain,1
Egerfarmos,47.711667,20.5225,2026-06-11 01:33:58.172095,17.81,18.07,17.81,17.81,1012,93,4.31,256,100,3.65,Rain,moderate rain,1
Piliscsaba,47.638056,18.829722,2026-06-11 01:33:59.337974,12.38,12.13,12.03,12.98,1015,94,2.24,306,100,3.16,Rain,moderate rain,1
Pilisjászfalu,47.656111,18.797778,2026-06-11 01:34:00.524374,12.64,12.47,12.28,12.81,1015,96,7.41,318,100,1.15,Rain,moderate rain,1
Leányvár,47.687594,18.772553,2026-06-11 01:34:01.696374,12.83,12.68,12.45,12.98,1015,96,7.21,317,100,0.2,Rain,light rain,1
Dorog,47.723333,18.732778,2026-06-11 01:34:02.859788,13.05,12.84,13.05,13.05,1015,93,6.79,313,100,0.0,Clouds,overcast clouds,1
Esztergom-Kertváros,47.743333,18.719167,2026-06-11 01:34:04.037353,13.12,12.92,13.12,13.12,1015,93,6.72,311,100,0.0,Clouds,overcast clouds,1
Esztergom,47.7775,18.743611,2026-06-11 01:34:05.208998,13.18,13.01,13.18,13.18,1015,94,6.89,307,100,0.0,Clouds,overcast clouds,1
Dunaalmás,47.733056,18.326389,2026-06-11 01:34:06.379378,13.38,13.2,13.38,13.38,1016,93,6.78,316,100,0.0,Clouds,overcast clouds,1
Neszmély,47.734444,18.345278,2026-06-11 01:34:07.552791,13.38,13.2,13.38,13.38,1016,93,6.78,316,100,0.0,Clouds,overcast clouds,1
Süttő,47.761111,18.455,2026-06-11 01:34:08.723636,13.51,13.34,13.51,13.51,1016,93,6.33,313,100,1.0,Rain,light rain,1
Piszke,47.75307,18.478017,2026-06-11 01:34:09.889573,13.6,13.44,13.6,13.6,1016,93,6.28,312,100,0.37,Rain,light rain,1
Lábatlan,47.751944,18.513333,2026-06-11 01:34:11.060887,13.64,13.49,13.64,13.64,1015,93,6.27,312,100,0.2,Rain,light rain,1
Eternitgyár,47.755544,18.530014,2026-06-11 01:34:12.225969,13.64,13.49,13.64,13.64,1015,93,6.27,312,100,0.11,Rain,light rain,1
Nyergesújfalu felső,47.762222,18.540556,2026-06-11 01:34:13.402151,13.64,13.49,13.64,13.64,1015,93,6.27,312,100,0.1,Rain,light rain,1
Nyergesújfalu,47.761111,18.561667,2026-06-11 01:34:14.581595,13.64,13.49,13.64,13.64,1015,93,6.28,312,100,0.0,Clouds,overcast clouds,1
Tokod,47.735,18.675,2026-06-11 01:34:15.756231,13.14,12.94,13.14,13.14,1015,93,6.71,313,100,0.0,Clouds,overcast clouds,1
Környe,47.541667,18.330278,2026-06-11 01:34:16.923847,13.12,12.92,13.12,13.12,1016,93,7.29,317,100,0.0,Clouds,overcast clouds,1
Kecskéd alsó,47.519722,18.316667,2026-06-11 01:34:18.097359,13.07,12.83,13.07,13.07,1016,92,7.48,318,100,0.0,Clouds,overcast clouds,1
Oroszlány,47.486944,18.308611,2026-06-11 01:34:19.264165,12.99,12.75,12.99,12.99,1016,92,7.67,319,100,0.0,Clouds,overcast clouds,1
Győrszabadhegy,47.663056,17.648056,2026-06-11 01:34:20.433980,12.74,12.42,12.74,12.74,1017,90,6.91,315,100,0.0,Clouds,overcast clouds,1
Ménfőcsanak felső,47.638333,17.615,2026-06-11 01:34:21.614536,12.78,12.46,12.78,12.78,1017,90,6.92,318,100,0.0,Clouds,overcast clouds,1
Gyömöre-Tét,47.501672,17.559596,2026-06-11 01:34:22.780830,12.58,12.24,12.58,12.58,1017,90,6.62,329,100,0.0,Clouds,overcast clouds,1
Szerecseny,47.469167,17.5475,2026-06-11 01:34:23.947774,12.61,12.25,12.61,12.61,1017,89,6.51,331,100,0.0,Clouds,overcast clouds,1
Gecse-Gyarmat,47.456111,17.515,2026-06-11 01:34:25.123087,12.5,12.13,12.5,12.5,1017,89,6.63,331,100,0.0,Clouds,overcast clouds,1
Vaszar,47.4025,17.496389,2026-06-11 01:34:26.297041,12.6,12.24,12.6,12.6,1017,89,6.49,336,100,0.0,Clouds,overcast clouds,1
Pápa,47.340556,17.458889,2026-06-11 01:34:27.465466,12.58,12.22,12.58,12.58,1017,89,6.58,340,100,0.0,Clouds,overcast clouds,1
Mezőlak,47.324722,17.371389,2026-06-11 01:34:28.637445,12.61,12.22,12.61,12.61,1017,88,7.05,338,100,0.0,Clouds,overcast clouds,1
Mihályháza,47.318889,17.331667,2026-06-11 01:34:29.807456,12.58,12.19,12.58,12.58,1017,88,7.19,339,100,0.0,Clouds,overcast clouds,1
Vinár,47.306667,17.284722,2026-06-11 01:34:30.974118,12.61,12.22,12.61,12.61,1017,88,7.36,339,100,0.0,Clouds,overcast clouds,1
Külsővat,47.279167,17.219722,2026-06-11 01:34:32.145778,12.56,12.17,12.56,12.56,1017,88,7.91,340,100,0.0,Clouds,overcast clouds,1
Celldömölk,47.261389,17.151944,2026-06-11 01:34:33.310202,12.52,12.1,12.52,12.52,1017,87,8.11,341,100,0.0,Clouds,overcast clouds,1
Kemenesmihályfa,47.278056,17.111111,2026-06-11 01:34:34.481749,12.12,11.66,12.12,12.12,1017,87,8.26,340,100,0.0,Clouds,overcast clouds,1
Nagysimonyi,47.265556,17.058889,2026-06-11 01:34:35.646958,12.18,11.73,12.18,12.18,1017,87,8.21,342,100,0.0,Clouds,overcast clouds,1
Ostffyasszonyfa,47.283889,17.023889,2026-06-11 01:34:36.822198,12.24,11.79,12.24,12.24,1017,87,8.3,341,100,0.0,Clouds,overcast clouds,1
Sárvár,47.259167,16.928889,2026-06-11 01:34:37.992218,12.29,11.82,12.29,12.29,1017,86,7.63,343,99,0.0,Clouds,overcast clouds,1
Porpác,47.238611,16.8325,2026-06-11 01:34:39.162576,10.29,9.62,10.29,10.29,1017,86,6.82,343,99,0.0,Clouds,overcast clouds,1
Balatonföldvár,46.853889,17.881389,2026-06-11 01:34:40.335068,12.75,11.78,12.75,13.86,1016,65,4.92,315,100,0.0,Clouds,overcast clouds,1
Balatonszárszó,46.832222,17.830278,2026-06-11 01:34:41.502152,12.77,11.8,12.77,13.88,1016,65,8.15,338,100,0.0,Clouds,overcast clouds,1
Balatonszemes,46.811944,17.776389,2026-06-11 01:34:42.670565,12.75,11.78,12.75,13.86,1016,65,8.25,338,100,0.0,Clouds,overcast clouds,1
Balatonlelle felső,46.793889,17.7175,2026-06-11 01:34:43.837687,12.77,11.8,12.77,12.77,1016,65,8.41,339,100,0.0,Clouds,overcast clouds,1
Balatonlelle,46.7875,17.694167,2026-06-11 01:34:45.011740,12.73,12.2,12.73,12.73,1016,82,8.52,340,100,0.0,Clouds,overcast clouds,1
Fonyódliget,46.759167,17.592222,2026-06-11 01:34:46.178830,12.75,12.22,12.75,12.75,1016,82,8.57,341,100,0.0,Clouds,overcast clouds,1
Balatonboglár,46.776111,17.647222,2026-06-11 01:34:47.346435,12.75,12.22,12.75,12.75,1016,82,8.61,340,100,0.0,Clouds,overcast clouds,1
Balatonfenyves alsó,46.708611,17.455278,2026-06-11 01:34:48.516235,12.88,12.39,12.88,12.88,1017,83,7.81,344,100,0.0,Clouds,overcast clouds,1
Fonyód,46.750278,17.558889,2026-06-11 01:34:49.683833,12.99,12.49,12.99,12.99,1016,82,8.56,342,100,0.0,Clouds,overcast clouds,1
Bélatelep,46.737778,17.535,2026-06-11 01:34:50.851480,12.96,12.48,12.96,12.96,1016,83,8.3,343,100,0.0,Clouds,overcast clouds,1
Alsóbélatelep,46.724167,17.516389,2026-06-11 01:34:52.022182,12.96,12.48,12.96,12.96,1016,83,8.3,343,100,0.0,Clouds,overcast clouds,1
Balatonfenyves,46.713611,17.482778,2026-06-11 01:34:53.180390,13.0,12.52,13.0,13.0,1017,83,8.75,355,100,0.0,Clouds,overcast clouds,1
Máriahullámtelep,46.704722,17.435,2026-06-11 01:34:54.346018,12.88,12.39,12.88,12.88,1017,83,7.81,344,100,0.0,Clouds,overcast clouds,1
Balatonmáriafürdő,46.704167,17.374722,2026-06-11 01:34:55.526776,12.79,12.32,12.79,12.79,1017,84,7.15,346,100,0.0,Clouds,overcast clouds,1
Balatonberény,46.713889,17.316944,2026-06-11 01:34:56.692770,12.66,12.2,12.66,12.66,1017,85,6.94,347,100,0.0,Clouds,overcast clouds,1
Balatonszentgyörgy,46.692778,17.288889,2026-06-11 01:34:57.864789,12.7,12.25,12.7,12.7,1017,85,6.7,348,100,0.0,Clouds,overcast clouds,1
Vörs,46.663611,17.260278,2026-06-11 01:34:59.033140,12.68,12.25,12.68,12.68,1017,86,6.56,351,100,0.0,Clouds,overcast clouds,1
Zalaszentjakab,46.491667,17.135278,2026-06-11 01:35:00.205365,12.54,12.1,12.54,12.54,1018,86,6.52,2,100,0.0,Clouds,overcast clouds,1
Nagykanizsa,46.440833,16.986667,2026-06-11 01:35:01.372715,12.63,12.25,12.63,12.63,1018,88,5.27,8,100,0.0,Clouds,overcast clouds,1
Murakeresztúr,46.363889,16.876944,2026-06-11 01:35:02.538237,12.84,12.53,12.84,12.84,1018,90,3.5,12,100,0.0,Clouds,overcast clouds,1
Zalakomár,46.530278,17.188056,2026-06-11 01:35:03.716241,12.65,12.22,12.65,12.65,1017,86,6.56,359,100,0.0,Clouds,overcast clouds,1
Szárazrét,47.200833,18.381111,2026-06-11 01:35:04.890464,13.55,13.26,13.55,13.55,1015,88,8.88,331,100,0.0,Clouds,overcast clouds,1
Bodajk,47.318333,18.251944,2026-06-11 01:35:06.069380,13.2,12.93,13.2,13.2,1015,90,9.19,328,100,0.0,Clouds,overcast clouds,1
Csókakő,47.3275,18.240556,2026-06-11 01:35:07.240031,12.89,12.58,12.89,12.89,1015,90,9.02,326,100,0.0,Clouds,overcast clouds,1
Mór,47.369167,18.189167,2026-06-11 01:35:08.409003,12.85,12.57,12.85,12.85,1016,91,9.15,324,100,0.0,Clouds,overcast clouds,1
Bakonysárkány,47.443611,18.103611,2026-06-11 01:35:09.578165,12.39,12.06,12.39,12.39,1016,91,8.17,319,100,0.0,Clouds,overcast clouds,1
Kisbér,47.494167,18.024722,2026-06-11 01:35:10.752820,12.62,12.31,12.62,12.62,1017,91,7.29,316,100,0.0,Clouds,overcast clouds,1
Nagyigmánd-Bábolna,47.630556,18.050833,2026-06-11 01:35:11.918886,12.99,12.72,12.99,12.99,1017,91,6.69,311,100,0.0,Clouds,overcast clouds,1
Budapest-Déli,47.498889,19.025,2026-06-11 01:35:13.087805,13.02,12.75,12.67,13.62,1014,91,3.58,309,100,4.21,Rain,heavy intensity rain,1
Budapest-Kelenföld,47.464444,19.02,2026-06-11 01:35:14.263953,13.29,13.05,12.78,13.73,1014,91,3.58,324,100,1.78,Rain,moderate rain,1
Budaörs,47.4475,18.965,2026-06-11 01:35:15.441374,13.23,12.96,12.69,13.64,1014,90,3.58,324,100,1.15,Rain,moderate rain,1
Biatorbágy,47.480278,18.834444,2026-06-11 01:35:16.618070,12.66,12.38,12.34,13.28,1014,92,9.13,324,100,1.33,Rain,moderate rain,1
Herceghalom,47.493611,18.746111,2026-06-11 01:35:17.794324,12.91,12.71,12.59,13.54,1014,94,9.39,325,100,2.05,Rain,moderate rain,1
Bicske,47.484167,18.6175,2026-06-11 01:35:18.968346,12.77,12.5,12.39,12.77,1015,92,8.79,324,100,0.0,Clouds,overcast clouds,1
Szár,47.485,18.5275,2026-06-11 01:35:20.134926,12.56,12.27,12.56,12.56,1015,92,7.98,321,100,0.0,Clouds,overcast clouds,1
Szárliget,47.518333,18.495833,2026-06-11 01:35:21.300689,12.95,12.7,12.95,12.95,1015,92,7.58,320,100,0.0,Clouds,overcast clouds,1
Alsógalla,47.563337,18.425102,2026-06-11 01:35:22.467155,13.25,13.06,13.25,13.25,1015,93,7.06,317,100,0.0,Clouds,overcast clouds,1
Tatabánya,47.585556,18.393056,2026-06-11 01:35:23.640192,13.26,13.07,13.26,13.26,1016,93,6.97,317,100,0.0,Clouds,overcast clouds,1
Vértesszőlős,47.619444,18.375278,2026-06-11 01:35:24.818183,13.3,13.11,13.3,13.3,1016,93,6.87,316,100,0.0,Clouds,overcast clouds,1
Tóvároskert,47.646111,18.348611,2026-06-11 01:35:25.991252,13.26,13.07,13.26,13.26,1016,93,6.88,316,100,0.0,Clouds,overcast clouds,1
Tata,47.665,18.3275,2026-06-11 01:35:27.155985,13.25,13.06,13.25,13.25,1016,93,6.83,316,100,0.0,Clouds,overcast clouds,1
Almásfüzitő,47.725278,18.262222,2026-06-11 01:35:28.325824,13.27,13.05,13.27,13.27,1016,92,6.95,316,100,0.0,Clouds,overcast clouds,1
Almásfüzitő felső,47.731389,18.216389,2026-06-11 01:35:29.495458,13.23,13.01,13.23,13.23,1016,92,7.0,315,100,0.0,Clouds,overcast clouds,1
Szőny,47.735556,18.1775,2026-06-11 01:35:30.660703,13.2,12.98,13.2,13.2,1016,92,6.98,315,100,0.0,Clouds,overcast clouds,1
Komárom,47.749444,18.113611,2026-06-11 01:35:31.830916,13.13,12.9,13.13,13.13,1017,92,6.91,313,100,0.0,Clouds,overcast clouds,1
Ács,47.717222,18.004444,2026-06-11 01:35:32.998913,12.94,12.67,12.94,12.94,1017,91,6.68,309,100,0.0,Clouds,overcast clouds,1
Nagyszentjános,47.705556,17.871389,2026-06-11 01:35:34.167519,12.86,12.58,12.86,12.86,1017,91,6.61,310,100,0.11,Rain,light rain,1
Győrszentiván,47.688611,17.745556,2026-06-11 01:35:35.333241,12.76,12.44,12.76,12.76,1017,90,6.65,313,100,0.0,Clouds,overcast clouds,1
Győr-Gyárváros,47.684444,17.663889,2026-06-11 01:35:36.502250,12.79,12.47,12.79,12.79,1017,90,6.83,315,100,0.0,Clouds,overcast clouds,1
Győr,47.681944,17.634722,2026-06-11 01:35:37.676610,12.74,12.42,12.74,12.74,1017,90,6.91,315,100,0.0,Clouds,overcast clouds,1
Öttevény,47.719722,17.489167,2026-06-11 01:35:38.852371,12.72,12.4,12.72,12.72,1017,90,7.24,314,100,0.0,Clouds,overcast clouds,1
Lébény-Mosonszentmiklós,47.755278,17.426389,2026-06-11 01:35:40.023007,12.7,12.35,12.7,12.7,1017,89,7.21,312,100,0.0,Clouds,overcast clouds,1
Kimle-Károlyháza,47.803889,17.342778,2026-06-11 01:35:41.199913,12.68,12.33,12.68,12.68,1017,89,7.14,311,100,0.0,Clouds,overcast clouds,1
Mosonmagyaróvár,47.849722,17.267222,2026-06-11 01:35:42.366567,12.26,11.87,12.26,12.27,1017,89,6.96,309,100,0.0,Clouds,overcast clouds,1
Levél,47.889722,17.1925,2026-06-11 01:35:43.536075,12.24,11.84,12.23,12.75,1017,89,6.84,309,100,0.0,Clouds,overcast clouds,1
Hegyeshalom,47.913889,17.145556,2026-06-11 01:35:44.713319,12.21,11.81,11.73,12.72,1017,89,6.8,308,100,0.0,Clouds,overcast clouds,1
Óbuda,47.568611,19.033889,2026-06-11 01:35:45.895185,13.23,13.04,12.82,13.76,1014,93,3.58,324,100,4.12,Rain,heavy intensity rain,1
Üröm,47.580556,19.002222,2026-06-11 01:35:47.066700,13.09,12.88,12.71,13.66,1014,93,3.58,324,100,2.73,Rain,moderate rain,1
Solymár,47.596111,18.95,2026-06-11 01:35:48.232958,12.88,12.65,12.53,13.48,1014,93,3.58,324,100,1.95,Rain,moderate rain,1
Pilisvörösvár,47.614444,18.902222,2026-06-11 01:35:49.405982,12.53,12.29,12.17,13.12,1014,94,2.24,306,100,2.3,Rain,moderate rain,1
Klotildliget,47.637778,18.846389,2026-06-11 01:35:50.571923,12.26,12.0,11.91,12.86,1015,94,2.24,306,100,0.88,Rain,light rain,1
Kútvölgy,46.459444,20.451944,2026-06-11 01:35:51.746200,15.88,15.87,15.88,15.88,1013,90,10.69,299,100,0.77,Rain,light rain,1
Székkutas,46.503889,20.541111,2026-06-11 01:35:52.912817,16.03,16.04,16.03,16.03,1013,90,10.51,296,100,0.63,Rain,light rain,1
Kaposszentjakab,46.358056,17.821944,2026-06-11 01:35:54.086549,12.77,12.43,12.77,12.77,1017,89,7.33,349,100,0.0,Clouds,overcast clouds,1
Kaposvár,46.352778,17.795,2026-06-11 01:35:55.255724,12.59,12.23,12.59,12.59,1017,89,7.31,350,100,0.0,Clouds,overcast clouds,1
Kaposújlak,46.366667,17.715,2026-06-11 01:35:56.425521,12.6,12.24,12.6,12.6,1017,89,6.99,350,100,0.0,Clouds,overcast clouds,1
Kaposmérő,46.365278,17.698889,2026-06-11 01:35:57.594127,12.5,12.13,12.5,12.5,1017,89,6.82,350,100,0.0,Clouds,overcast clouds,1
Kaposfő,46.364167,17.656667,2026-06-11 01:35:58.761825,12.43,12.03,12.43,12.43,1017,88,6.62,350,100,0.0,Clouds,overcast clouds,1
Kiskorpád,46.361389,17.606667,2026-06-11 01:35:59.938014,12.33,11.92,12.33,12.33,1017,88,6.42,351,100,0.0,Clouds,overcast clouds,1
Jákó-Nagybajom,46.344444,17.554444,2026-06-11 01:36:01.107810,12.36,11.95,12.36,12.36,1017,88,6.06,353,100,0.0,Clouds,overcast clouds,1
Kutas,46.326111,17.453889,2026-06-11 01:36:02.282273,12.52,12.13,12.52,12.52,1017,88,6.07,356,100,0.0,Clouds,overcast clouds,1
Beleg,46.316944,17.420556,2026-06-11 01:36:03.460743,12.63,12.22,12.63,12.63,1017,87,6.28,359,100,0.0,Clouds,overcast clouds,1
Ötvöskónyi,46.292778,17.358056,2026-06-11 01:36:04.630284,12.66,12.25,12.66,12.66,1017,87,6.41,1,100,0.0,Clouds,overcast clouds,1
Somogyszob,46.289167,17.305556,2026-06-11 01:36:05.798396,12.62,12.21,12.62,12.62,1017,87,6.61,3,100,0.0,Clouds,overcast clouds,1
Bolhás,46.282222,17.275278,2026-06-11 01:36:06.974051,12.6,12.16,12.6,12.6,1017,86,6.69,5,100,0.0,Clouds,overcast clouds,1
Szenta,46.274167,17.182222,2026-06-11 01:36:08.147263,12.61,12.17,12.61,12.61,1017,86,6.57,6,100,0.0,Clouds,overcast clouds,1
Zrínyitelep,46.275278,17.138056,2026-06-11 01:36:09.319661,12.6,12.19,12.6,12.6,1017,87,6.42,7,100,0.0,Clouds,overcast clouds,1
Csurgó,46.261111,17.091667,2026-06-11 01:36:10.488641,12.74,12.34,12.74,12.74,1017,87,6.15,8,100,0.0,Clouds,overcast clouds,1
Gyékényes,46.249167,16.956389,2026-06-11 01:36:11.659093,12.63,12.27,12.63,12.63,1017,89,4.66,13,100,0.0,Clouds,overcast clouds,1
Adony,47.106111,18.847778,2026-06-11 01:36:12.827815,14.23,14.03,14.23,14.23,1015,89,8.76,324,100,6.31,Rain,heavy intensity rain,1
Kulcs,47.051111,18.8975,2026-06-11 01:36:14.010829,14.02,13.8,14.02,14.02,1015,89,9.29,323,100,7.29,Rain,heavy intensity rain,1
Rácalmás,47.023333,18.908889,2026-06-11 01:36:15.177053,13.94,13.71,13.94,13.94,1015,89,9.29,324,100,8.21,Rain,heavy intensity rain,1
Dunaújváros,46.960556,18.913889,2026-06-11 01:36:16.348645,13.94,13.71,13.94,13.94,1015,89,9.38,324,99,11.22,Rain,heavy intensity rain,1
Újvenyim,46.936944,18.868889,2026-06-11 01:36:17.513706,13.98,13.76,13.98,13.98,1015,89,9.14,326,99,8.04,Rain,heavy intensity rain,1
Mezőfalva,46.905556,18.810278,2026-06-11 01:36:18.680042,13.87,13.61,13.87,13.87,1015,88,8.95,328,100,6.31,Rain,heavy intensity rain,1
Nagykarácsony felső,46.866047,18.783064,2026-06-11 01:36:19.855946,13.96,13.71,13.96,13.96,1015,88,9.25,329,99,6.31,Rain,heavy intensity rain,1
Nagykarácsony,46.848729,18.765722,2026-06-11 01:36:21.032935,13.74,13.47,13.74,13.74,1016,88,9.25,330,100,6.31,Rain,heavy intensity rain,1
Alap,46.831944,18.657778,2026-06-11 01:36:22.213750,13.88,13.62,13.88,13.88,1016,88,8.66,334,100,4.86,Rain,heavy intensity rain,1
Cece,46.773333,18.623333,2026-06-11 01:36:23.387370,13.85,13.59,13.85,13.85,1016,88,8.71,336,100,6.31,Rain,heavy intensity rain,1
Vajta,46.713611,18.648056,2026-06-11 01:36:24.555279,13.85,13.59,13.85,13.85,1015,88,9.17,337,100,8.65,Rain,heavy intensity rain,1
Rétszilas alsó,46.829167,18.639444,2026-06-11 01:36:25.724945,13.88,13.62,13.88,13.88,1016,88,8.66,334,100,4.62,Rain,heavy intensity rain,1
Nagydorog,46.615485,18.65002,2026-06-11 01:36:26.892292,13.82,13.58,13.82,13.82,1015,89,9.41,339,100,7.72,Rain,heavy intensity rain,1
Tengelic,46.516111,18.695278,2026-06-11 01:36:28.066239,13.73,13.48,13.73,13.73,1015,89,9.87,339,100,14.96,Rain,heavy intensity rain,1
Fácánkert,46.449041,18.735661,2026-06-11 01:36:29.240505,13.85,13.64,13.85,13.85,1015,90,10.24,338,99,11.22,Rain,heavy intensity rain,1
Tolna-Mözs,46.416389,18.750556,2026-06-11 01:36:30.415371,13.97,13.77,13.97,13.97,1015,90,10.47,337,98,9.45,Rain,heavy intensity rain,1
Szekszárd-Palánk,46.38027777777778,18.72833333333333,2026-06-11 01:36:31.579440,13.97,13.77,13.97,13.97,1015,90,10.35,336,98,8.18,Rain,heavy intensity rain,1
Szekszárd,46.349444,18.7125,2026-06-11 01:36:32.751128,14.0,13.81,14.0,14.0,1015,90,10.37,336,98,7.49,Rain,heavy intensity rain,1
Őcsény,46.318889,18.7425,2026-06-11 01:36:33.921876,14.15,13.97,14.15,14.15,1015,90,10.5,335,98,8.18,Rain,heavy intensity rain,1
Decs,46.283889,18.756111,2026-06-11 01:36:35.090159,14.2,14.05,14.2,14.2,1015,91,10.45,334,98,7.43,Rain,heavy intensity rain,1
Csikóstőttős,46.337222,18.152778,2026-06-11 01:36:36.255213,13.25,13.01,13.25,13.25,1016,91,6.66,350,100,2.84,Rain,moderate rain,1
Mágocs-Alsómocsolád,46.31027777777778,18.222222222222225,2026-06-11 01:36:37.425919,12.77,12.5,12.77,12.77,1016,92,6.56,350,100,1.55,Rain,moderate rain,1
Szalatnak,46.284444444444446,18.288611111111113,2026-06-11 01:36:38.611567,13.1,12.87,13.1,13.1,1016,92,6.85,349,100,0.72,Rain,light rain,1
Máza-Szászvár,46.279167,18.411389,2026-06-11 01:36:39.784932,13.27,13.05,13.27,13.27,1016,92,7.67,346,100,0.51,Rain,light rain,1
Váralja,46.281667,18.436111,2026-06-11 01:36:40.952111,13.44,13.24,13.44,13.44,1016,92,8.33,343,100,1.32,Rain,moderate rain,1
Nagymányok,46.280278,18.459167,2026-06-11 01:36:42.118566,13.44,13.24,13.44,13.44,1016,92,8.33,343,100,2.41,Rain,moderate rain,1
Hidas-Bonyhád,46.269444,18.523333,2026-06-11 01:36:43.287631,13.48,13.26,13.48,13.48,1016,91,8.97,341,100,4.86,Rain,heavy intensity rain,1
Mőcsény,46.2575,18.591944,2026-06-11 01:36:44.462733,13.4,13.17,13.4,13.4,1016,91,9.75,337,99,3.87,Rain,moderate rain,1
Bátaszék,46.202222,18.715556,2026-06-11 01:36:45.632110,14.22,14.07,14.22,14.22,1016,91,10.07,335,98,4.21,Rain,heavy intensity rain,1
Pörböly,46.199167,18.826389,2026-06-11 01:36:46.799583,14.34,14.21,14.34,14.34,1015,91,10.11,336,99,5.84,Rain,heavy intensity rain,1
Orosháza,46.566111,20.664722,2026-06-11 01:36:47.965526,16.24,16.3,16.24,16.24,1012,91,9.47,292,91,0.0,Clouds,overcast clouds,1
Orosházi tanyák,46.596944,20.760556,2026-06-11 01:36:49.133918,19.41,19.81,19.41,19.41,1012,92,7.98,289,92,0.0,Clouds,overcast clouds,1
Csorvás,46.623611,20.840833,2026-06-11 01:36:50.299493,19.39,19.79,19.39,19.39,1012,92,7.17,285,96,0.0,Clouds,overcast clouds,1
Csorvás alsó,46.634722,20.888333,2026-06-11 01:36:51.469777,19.41,19.23,19.41,19.41,1012,70,6.76,284,96,0.0,Clouds,overcast clouds,1
Telekgerendás,46.656111,20.963889,2026-06-11 01:36:52.636418,19.41,19.23,19.41,19.41,1011,70,5.57,276,98,0.0,Clouds,overcast clouds,1
Fürjes,46.67214,21.02306,2026-06-11 01:36:53.803168,19.41,19.23,19.41,19.41,1011,70,4.96,269,98,0.0,Clouds,overcast clouds,1
Fényes,46.659876,21.16618,2026-06-11 01:36:54.975052,19.44,19.27,19.44,19.44,1011,70,4.18,249,95,0.0,Clouds,overcast clouds,1
Bicere,46.66,21.179444,2026-06-11 01:36:56.141951,19.43,19.26,19.43,19.43,1011,70,4.06,243,95,0.0,Clouds,overcast clouds,1
Gyula,46.656389,21.273333,2026-06-11 01:36:57.313251,19.42,19.25,19.42,19.42,1011,70,3.82,227,91,0.0,Clouds,overcast clouds,1
József Szanatórium,46.704722,21.3325,2026-06-11 01:36:58.480832,19.41,19.23,19.41,19.41,1011,70,3.61,219,91,0.0,Clouds,overcast clouds,1
Sarkadi Cukorgyár,46.73,21.383611,2026-06-11 01:36:59.646642,19.42,19.25,19.42,19.42,1011,70,3.44,208,87,0.0,Clouds,overcast clouds,1
Sarkad,46.736944,21.402222,2026-06-11 01:37:00.813240,19.41,19.73,19.41,19.41,1011,89,3.38,202,84,0.0,Clouds,broken clouds,1
Kötegyán,46.758333,21.479722,2026-06-11 01:37:01.982141,19.41,19.73,19.41,19.41,1011,89,3.41,193,77,0.0,Clouds,broken clouds,1
Méhkerék,46.774444,21.455556,2026-06-11 01:37:03.147207,19.41,19.73,19.41,19.41,1011,89,3.46,198,81,0.0,Clouds,broken clouds,1
Sarkadkeresztúr,46.823611,21.4175,2026-06-11 01:37:04.313473,19.43,19.75,19.43,19.43,1011,89,3.5,205,84,0.0,Clouds,broken clouds,1
Okány,46.8925,21.339167,2026-06-11 01:37:05.481399,19.43,19.8,19.43,19.43,1011,91,3.62,227,91,0.38,Rain,light rain,1
Újszeged,46.242222,20.16,2026-06-11 01:37:06.650672,15.74,15.69,15.74,15.74,1013,89,10.21,318,100,126.95,Rain,extreme rain,1
Szőreg,46.211389,20.183056,2026-06-11 01:37:07.816898,15.91,15.91,15.91,15.91,1013,90,10.3,317,100,150.92,Rain,extreme rain,1
Deszk,46.210278,20.246389,2026-06-11 01:37:08.996225,16.06,16.07,16.06,16.06,1013,90,10.68,313,100,59.13,Rain,extreme rain,1
Kiszombor,46.191944,20.413056,2026-06-11 01:37:10.168382,16.46,16.51,16.46,16.46,1013,90,10.92,308,95,0.17,Rain,light rain,1
Kiszombor megálló,46.191111,20.430833,2026-06-11 01:37:11.334972,16.46,16.51,16.46,16.46,1013,90,10.92,308,95,0.0,Clouds,overcast clouds,1
Makó,46.204722,20.474722,2026-06-11 01:37:12.505092,16.54,16.6,16.54,16.54,1013,90,10.86,307,95,0.0,Clouds,overcast clouds,1
Apátfalva,46.175193,20.580611,2026-06-11 01:37:13.688070,16.96,17.09,16.96,16.96,1012,91,10.05,306,92,0.0,Clouds,overcast clouds,1
Magyarcsanád,46.174444,20.610278,2026-06-11 01:37:14.859983,17.06,17.2,17.06,17.06,1012,91,9.68,306,93,0.0,Clouds,overcast clouds,1
Nagylak,46.17,20.708333,2026-06-11 01:37:16.027929,17.37,17.56,17.37,17.37,1012,92,7.68,303,99,0.0,Clouds,overcast clouds,1
Nagylaki Kendergyár,46.189167,20.717222,2026-06-11 01:37:17.205345,17.31,17.5,17.31,17.31,1012,92,7.84,303,96,0.0,Clouds,overcast clouds,1
Csanádpalota,46.236111,20.7325,2026-06-11 01:37:18.379592,17.26,17.44,17.26,17.26,1012,92,7.98,303,93,0.0,Clouds,overcast clouds,1
Mezőhegyes,46.310833,20.815556,2026-06-11 01:37:19.545646,17.25,17.43,17.25,17.25,1011,92,7.3,300,82,0.0,Clouds,broken clouds,1
Végegyháza,46.384444,20.878611,2026-06-11 01:37:20.721966,17.29,17.48,17.29,17.29,1011,92,6.51,294,79,0.0,Clouds,broken clouds,1
Mezőkovácsháza,46.408333,20.9,2026-06-11 01:37:21.889560,17.24,17.42,17.24,17.24,1011,92,6.58,293,80,0.0,Clouds,broken clouds,1
Mezőkovácsháza felső,46.415556,20.918056,2026-06-11 01:37:23.060898,17.33,17.52,17.33,17.33,1011,92,5.61,287,83,0.0,Clouds,broken clouds,1
Magyarbánhegyes,46.451389,20.97,2026-06-11 01:37:24.226341,19.38,19.75,19.38,19.38,1011,91,5.27,282,85,0.0,Clouds,overcast clouds,1
Medgyesegyháza,46.495278,21.029167,2026-06-11 01:37:25.393515,19.36,19.73,19.36,19.36,1011,91,4.77,272,90,0.0,Clouds,overcast clouds,1
Bánkút,46.505278,21.091944,2026-06-11 01:37:26.574232,19.38,19.2,19.38,19.38,1011,70,4.28,260,90,0.0,Clouds,overcast clouds,1
Belsőperegpuszta,46.321111,20.916667,2026-06-11 01:37:27.739037,17.48,17.69,17.48,17.48,1011,92,5.13,286,82,0.0,Clouds,broken clouds,1
Battonya,46.282222,21.003889,2026-06-11 01:37:28.908071,17.66,17.86,17.66,17.66,1011,91,4.19,272,84,0.0,Clouds,broken clouds,1
Baja-Dunafürdő,46.193333,18.919167,2026-06-11 01:37:30.073368,14.39,14.26,14.39,14.39,1015,91,9.78,338,100,5.84,Rain,heavy intensity rain,1
Kaposszekcső,46.330556,18.143056,2026-06-11 01:37:31.246064,13.25,13.01,13.25,13.25,1016,91,6.66,350,100,2.68,Rain,moderate rain,1
Vásárosdombó,46.310556,18.138889,2026-06-11 01:37:32.420632,13.15,12.92,13.15,13.15,1016,92,6.49,350,100,2.9,Rain,moderate rain,1
Sásd,46.257222,18.104722,2026-06-11 01:37:33.596694,13.03,12.79,13.03,13.03,1016,92,6.33,349,100,2.73,Rain,moderate rain,1
Godisa,46.223333,18.104722,2026-06-11 01:37:34.763306,12.81,12.55,12.81,12.81,1016,92,6.34,349,99,2.99,Rain,moderate rain,1
Abaliget,46.152778,18.073611,2026-06-11 01:37:35.930298,12.69,12.42,12.69,12.69,1016,92,6.82,347,95,0.31,Rain,light rain,1
Hetvehely,46.128333,18.045,2026-06-11 01:37:37.105382,12.88,12.63,12.88,12.88,1016,92,7.07,346,93,0.16,Rain,light rain,1
Bükkösd,46.113056,17.999444,2026-06-11 01:37:38.272237,12.72,12.45,12.72,12.72,1017,92,7.15,346,93,0.1,Rain,light rain,1
Cserdi-Helesfa,46.086667,17.987778,2026-06-11 01:37:39.442900,12.8,12.54,12.8,12.8,1016,92,7.3,345,91,0.0,Clouds,overcast clouds,1
Szentlőrinc,46.033333,17.990833,2026-06-11 01:37:40.627152,13.34,13.13,13.34,13.34,1016,92,7.49,343,90,0.0,Clouds,overcast clouds,1
Bicsérd,46.041389,18.057778,2026-06-11 01:37:41.797771,13.3,13.09,13.3,13.3,1016,92,7.38,343,90,0.0,Clouds,overcast clouds,1
Mecsekalja-Cserkút,46.059722,18.150278,2026-06-11 01:37:42.972744,12.74,12.47,12.74,12.74,1016,92,7.04,344,95,0.0,Clouds,overcast clouds,1
Pécs,46.065833,18.223611,2026-06-11 01:37:44.138881,13.71,13.54,13.71,13.71,1016,92,6.92,343,98,0.0,Clouds,overcast clouds,1
Pécs-Külváros,46.071667,18.24,2026-06-11 01:37:45.307969,13.69,13.52,13.69,13.69,1016,92,6.92,343,98,0.16,Rain,light rain,1
Pécsbánya-Rendező,46.063333,18.270278,2026-06-11 01:37:46.484730,13.53,13.34,13.53,13.53,1016,92,6.91,343,100,0.41,Rain,light rain,1
Pécsudvard,46.01,18.275556,2026-06-11 01:37:47.657972,13.46,13.26,13.46,13.46,1015,92,7.08,341,100,1.89,Rain,moderate rain,1
Szőkéd,45.9675,18.29,2026-06-11 01:37:48.825536,13.64,13.41,13.64,13.64,1015,90,7.15,339,100,4.86,Rain,heavy intensity rain,1
Áta,45.936389,18.306944,2026-06-11 01:37:49.994544,13.75,13.53,13.75,13.75,1015,90,7.16,338,100,7.49,Rain,heavy intensity rain,1
Kistótfalu,45.909722,18.315278,2026-06-11 01:37:51.166432,13.79,13.57,13.79,13.79,1015,90,7.17,338,100,8.18,Rain,heavy intensity rain,1
Vokány,45.899722,18.334722,2026-06-11 01:37:52.333924,13.75,13.53,13.75,13.75,1015,90,7.13,337,100,8.99,Rain,heavy intensity rain,1
Palkonya,45.891667,18.393889,2026-06-11 01:37:53.499080,13.77,13.55,13.77,13.77,1015,90,2.68,319,99,8.65,Rain,heavy intensity rain,1
Villánykövesd,45.879722,18.425833,2026-06-11 01:37:54.669083,13.73,13.51,13.73,13.73,1015,90,2.68,319,98,8.65,Rain,heavy intensity rain,1
Villány,45.8775,18.451389,2026-06-11 01:37:55.836333,13.86,13.65,13.86,13.86,1015,90,2.68,319,97,7.49,Rain,heavy intensity rain,1
Magyarbóly,45.834167,18.491944,2026-06-11 01:37:57.008146,13.91,13.71,13.91,13.91,1015,90,2.68,319,95,7.95,Rain,heavy intensity rain,1
Magyarszék,46.210278,18.188056,2026-06-11 01:37:58.180689,12.91,12.66,12.91,12.91,1016,92,6.33,348,99,2.49,Rain,moderate rain,1
Mecsekpölöske,46.224167,18.213056,2026-06-11 01:37:59.351686,12.65,12.37,12.65,12.65,1016,92,6.34,349,100,2.71,Rain,moderate rain,1
Mecsekjánosi,46.215278,18.241944,2026-06-11 01:38:00.530908,12.64,12.36,12.64,12.64,1016,92,6.55,348,100,2.36,Rain,moderate rain,1
Komló,46.189167,18.265278,2026-06-11 01:38:01.704086,12.89,12.64,12.89,12.89,1016,92,6.55,348,100,1.12,Rain,moderate rain,1
Királyegyháza-Rigópuszta,45.989167,17.971667,2026-06-11 01:38:02.883808,13.47,13.25,13.47,13.47,1016,91,7.48,340,89,0.0,Clouds,overcast clouds,1
Sumony,45.960833,17.913333,2026-06-11 01:38:04.051972,13.45,13.23,13.45,13.45,1017,91,7.23,338,93,0.0,Clouds,overcast clouds,1
Okorág-Kárászpuszta,45.933611,17.864444,2026-06-11 01:38:05.219003,13.47,13.25,13.47,13.47,1017,91,6.97,335,95,0.0,Clouds,overcast clouds,1
Kákics,45.904167,17.8525,2026-06-11 01:38:06.388298,13.4,13.17,13.4,13.4,1017,91,6.67,333,96,0.33,Rain,light rain,1
Bóly,45.9375,18.538333,2026-06-11 01:38:07.562812,13.68,13.45,13.68,13.68,1015,90,2.68,319,98,12.24,Rain,heavy intensity rain,1
Mohács,46.0025,18.683333,2026-06-11 01:38:08.734782,13.95,13.78,13.95,13.95,1015,91,8.61,340,100,5.16,Rain,heavy intensity rain,1
Sellye,45.873333,17.858889,2026-06-11 01:38:09.904500,13.49,13.3,13.49,13.49,1017,92,6.61,330,95,1.76,Rain,moderate rain,1
Toponár,46.398333,17.840833,2026-06-11 01:38:11.089347,12.68,12.33,12.68,12.68,1017,89,7.55,349,100,0.0,Clouds,overcast clouds,1
Somogyaszaló,46.453611,17.840278,2026-06-11 01:38:12.261170,12.58,12.19,12.58,12.58,1016,88,7.94,348,100,0.0,Clouds,overcast clouds,1
Mernye,46.509444,17.832222,2026-06-11 01:38:13.429978,12.73,12.3,12.73,12.73,1016,86,8.32,346,100,0.0,Clouds,overcast clouds,1
Felsőmocsolád,46.556389,17.8225,2026-06-11 01:38:14.601464,12.61,12.15,12.61,12.61,1016,85,8.37,346,100,0.0,Clouds,overcast clouds,1
Kisbárapáti,46.615,17.866667,2026-06-11 01:38:15.767890,12.53,12.03,12.53,12.53,1016,84,8.31,345,100,0.0,Clouds,overcast clouds,1
Bonnya,46.611389,17.909167,2026-06-11 01:38:16.938384,12.85,12.41,12.85,12.85,1016,85,8.35,345,100,0.0,Clouds,overcast clouds,1
Andocs,46.646944,17.8925,2026-06-11 01:38:18.106754,12.32,11.8,12.32,12.32,1016,84,8.25,344,100,0.0,Clouds,overcast clouds,1
Karád,46.681111,17.874722,2026-06-11 01:38:19.282810,12.47,11.94,12.47,12.47,1016,83,8.19,343,100,0.0,Clouds,overcast clouds,1
Somogymeggyes,46.720556,17.920556,2026-06-11 01:38:20.456140,12.05,11.48,12.05,12.6,1016,83,8.06,342,100,0.0,Clouds,overcast clouds,1
Kapoly,46.713611,17.977778,2026-06-11 01:38:21.624440,12.33,11.81,12.33,12.88,1016,84,8.06,344,100,0.0,Clouds,overcast clouds,1
Tab,46.734167,18.041111,2026-06-11 01:38:22.794915,13.04,12.59,12.49,13.04,1016,84,8.0,344,100,0.0,Clouds,overcast clouds,1
Bábonymegyer,46.746095,18.109921,2026-06-11 01:38:23.963622,13.15,12.84,12.6,13.15,1016,89,7.99,345,100,0.0,Clouds,overcast clouds,1
Daránypuszta,46.764722,18.143889,2026-06-11 01:38:25.132790,13.17,12.87,12.62,13.17,1016,89,7.97,345,100,0.0,Clouds,overcast clouds,1
Som-Nagyberény,46.803056,18.149444,2026-06-11 01:38:26.307165,13.16,12.86,12.61,13.16,1016,89,7.89,345,100,0.0,Clouds,overcast clouds,1
Ádánd,46.854444,18.141667,2026-06-11 01:38:27.473502,13.28,12.99,12.73,13.28,1016,89,7.87,344,100,0.0,Clouds,overcast clouds,1
Siójut,46.879444,18.126667,2026-06-11 01:38:28.652147,13.27,12.98,12.72,13.27,1016,89,7.87,344,100,0.0,Clouds,overcast clouds,1
Kapostüskevár,46.367778,17.774167,2026-06-11 01:38:29.833197,12.71,12.36,12.71,12.71,1017,89,7.24,350,100,0.0,Clouds,overcast clouds,1
Kaposfüred,46.415,17.759444,2026-06-11 01:38:31.003583,12.57,12.18,12.57,12.57,1017,88,7.63,349,100,0.0,Clouds,overcast clouds,1
Várda,46.4625,17.721667,2026-06-11 01:38:32.175037,12.43,12.0,12.43,12.43,1017,87,7.66,347,100,0.0,Clouds,overcast clouds,1
Somogyjád,46.490833,17.694444,2026-06-11 01:38:33.344539,12.54,12.12,12.54,12.54,1017,87,7.6,346,100,0.0,Clouds,overcast clouds,1
Osztopán,46.515556,17.656944,2026-06-11 01:38:34.517813,12.53,12.08,12.53,12.53,1017,86,7.51,345,100,0.0,Clouds,overcast clouds,1
Pamuk,46.553127,17.636412,2026-06-11 01:38:35.684388,12.7,12.25,12.7,12.7,1017,85,7.65,345,100,0.0,Clouds,overcast clouds,1
Somogyvár,46.580556,17.634722,2026-06-11 01:38:36.852017,12.75,12.3,12.75,12.75,1017,85,7.77,344,100,0.0,Clouds,overcast clouds,1
Öreglak,46.608607,17.632733,2026-06-11 01:38:38.020242,12.79,12.32,12.79,12.79,1017,84,7.9,344,100,0.0,Clouds,overcast clouds,1
Tatárvár,46.636667,17.621111,2026-06-11 01:38:39.197104,12.69,12.21,12.69,12.69,1017,84,7.88,343,100,0.0,Clouds,overcast clouds,1
Lengyeltóti,46.660556,17.613611,2026-06-11 01:38:40.370559,12.83,12.34,12.83,12.83,1016,83,8.02,343,100,0.0,Clouds,overcast clouds,1
Pusztaberény,46.686111,17.594722,2026-06-11 01:38:41.538159,12.98,12.5,12.98,12.98,1016,83,8.16,342,100,0.0,Clouds,overcast clouds,1
Örkény,47.132778,19.447222,2026-06-11 01:38:42.708559,14.58,14.52,14.58,14.58,1013,93,8.75,319,100,6.68,Rain,heavy intensity rain,1
Táborfalva,47.098545,19.479318,2026-06-11 01:38:43.872495,14.58,14.5,14.58,14.58,1013,92,8.74,320,100,5.46,Rain,heavy intensity rain,1
Felsőlajos,47.068834,19.498415,2026-06-11 01:38:45.044228,14.55,14.46,14.55,14.55,1013,92,8.88,321,100,4.73,Rain,heavy intensity rain,1
Lajosmizse,47.028333,19.542778,2026-06-11 01:38:46.213207,14.55,14.46,14.55,14.55,1013,92,9.05,323,100,4.49,Rain,heavy intensity rain,1
Lajosmizse alsó,47.0225,19.550278,2026-06-11 01:38:47.381059,14.55,14.46,14.55,14.55,1013,92,9.05,323,100,5.01,Rain,heavy intensity rain,1
Klábertelep,47.005556,19.551667,2026-06-11 01:38:48.548637,14.57,14.46,14.57,14.57,1013,91,9.1,323,100,5.01,Rain,heavy intensity rain,1
Méntelek,46.978611,19.570833,2026-06-11 01:38:49.721257,14.56,14.45,14.56,14.56,1013,91,9.18,323,100,4.86,Rain,heavy intensity rain,1
Hetényegyháza,46.930833,19.595,2026-06-11 01:38:50.898395,14.62,14.51,14.62,14.62,1013,91,9.24,324,99,4.86,Rain,heavy intensity rain,1
Kecskemét-Máriaváros,46.901192,19.675913,2026-06-11 01:38:52.064343,16.53,16.59,16.53,16.53,1013,90,9.34,322,99,6.92,Rain,heavy intensity rain,1
Nyársapát,47.100278,19.7925,2026-06-11 01:38:53.231361,14.38,14.25,14.38,14.82,1013,91,9.2,300,100,5.01,Rain,heavy intensity rain,1
Nagykőrös,47.038333,19.76,2026-06-11 01:38:54.399699,14.8,14.71,14.8,14.8,1013,91,9.35,308,100,5.62,Rain,heavy intensity rain,1
Katonatelep,46.963056,19.718889,2026-06-11 01:38:55.565523,14.72,14.62,14.72,14.72,1013,91,9.44,318,100,7.29,Rain,heavy intensity rain,1
Kecskemét,46.913889,19.700833,2026-06-11 01:38:56.738264,16.53,16.61,16.53,16.53,1013,91,9.37,321,99,7.18,Rain,heavy intensity rain,1
Városföld,46.816667,19.753333,2026-06-11 01:38:57.908828,16.59,16.55,16.59,16.59,1013,86,9.4,319,99,25.26,Rain,very heavy rain,1
Kiskunfélegyháza,46.7067,19.83474,2026-06-11 01:38:59.078389,16.64,16.61,16.64,16.64,1013,86,9.47,319,99,21.5,Rain,very heavy rain,1
Petőfiszállás,46.617374,19.865229,2026-06-11 01:39:00.255622,16.68,16.65,16.68,16.68,1013,86,9.67,320,99,16.51,Rain,very heavy rain,1
Csengele,46.538321,19.909008,2026-06-11 01:39:01.425188,16.67,16.64,16.67,16.67,1013,86,9.99,319,100,36.76,Rain,very heavy rain,1
Kistelek,46.466944,19.966944,2026-06-11 01:39:02.592889,16.72,16.77,16.72,16.72,1013,89,10.06,320,100,43.64,Rain,very heavy rain,1
Balástya,46.413333,20.001389,2026-06-11 01:39:03.762033,15.31,15.22,15.31,15.31,1013,89,10.08,320,100,37.24,Rain,very heavy rain,1
Szatymaz,46.345621,20.04374,2026-06-11 01:39:04.932667,15.46,15.39,15.46,15.46,1013,89,10.03,321,100,57.34,Rain,extreme rain,1
Kiskundorozsma,46.271667,20.090556,2026-06-11 01:39:06.103658,15.61,15.55,15.61,15.61,1013,89,10.08,320,100,137.99,Rain,extreme rain,1
Szeged,46.239722,20.143056,2026-06-11 01:39:07.271693,15.78,15.74,15.78,15.78,1013,89,10.2,318,100,184.01,Rain,extreme rain,1
Alsóúrrét,46.898392,19.779891,2026-06-11 01:39:08.439676,16.58,16.64,16.58,16.58,1013,90,9.62,317,99,14.3,Rain,heavy intensity rain,1
Nyárlőrinc,46.87,19.851389,2026-06-11 01:39:09.605751,16.61,16.57,16.61,16.61,1013,86,9.75,314,99,16.51,Rain,very heavy rain,1
Világoshegy,46.855278,19.940278,2026-06-11 01:39:10.771070,16.64,16.61,16.64,16.64,1013,86,10.26,304,99,3.92,Rain,moderate rain,1
Szikra,46.858333,19.975,2026-06-11 01:39:11.935930,16.65,16.62,14.91,16.65,1013,86,10.26,304,99,2.19,Rain,moderate rain,1
Lakitelek,46.873056,20.003611,2026-06-11 01:39:13.113375,16.7,16.75,14.95,16.7,1013,89,10.4,302,100,2.61,Rain,moderate rain,1
Tiszaug,46.850556,20.074167,2026-06-11 01:39:14.279327,16.77,16.83,15.03,16.77,1013,89,10.72,299,100,4.52,Rain,heavy intensity rain,1
Tiszasas,46.826389,20.089167,2026-06-11 01:39:15.445904,16.75,16.8,16.75,16.75,1013,89,10.72,299,100,5.99,Rain,heavy intensity rain,1
Csépa,46.8125,20.134722,2026-06-11 01:39:16.619255,16.75,16.8,16.75,16.75,1013,89,10.8,298,100,5.01,Rain,heavy intensity rain,1
Szelevény,46.811944,20.196389,2026-06-11 01:39:17.787620,16.75,16.8,16.75,16.75,1013,89,10.84,297,100,4.02,Rain,heavy intensity rain,1
Gátér,46.685,19.9625,2026-06-11 01:39:18.958380,16.75,16.73,16.75,16.75,1013,86,10.05,313,100,9.58,Rain,heavy intensity rain,1
Kónyaszék,46.699931,20.074299,2026-06-11 01:39:20.142194,16.76,16.74,16.76,16.76,1013,86,10.56,306,100,4.44,Rain,heavy intensity rain,1
Csongrád,46.704444,20.140556,2026-06-11 01:39:21.308785,16.77,16.83,16.77,16.77,1013,89,10.69,303,100,2.05,Rain,moderate rain,1
Hékéd,46.675,20.266667,2026-06-11 01:39:22.476329,14.73,14.58,14.73,14.73,1013,89,10.82,300,99,1.59,Rain,moderate rain,1
Fábiánsebestyén,46.670278,20.456667,2026-06-11 01:39:23.645204,15.41,15.36,15.41,15.41,1013,90,10.73,292,90,1.12,Rain,moderate rain,1
Gádoros,46.656711,20.588157,2026-06-11 01:39:24.811206,15.85,15.87,15.85,15.85,1012,91,10.04,290,92,0.65,Rain,light rain,1
Justhmajor,46.62,20.615833,2026-06-11 01:39:25.981831,16.03,16.06,16.03,16.03,1012,91,9.77,290,93,0.2,Rain,light rain,1
Szentetornya,46.590964,20.628334,2026-06-11 01:39:27.159760,16.06,16.1,16.06,16.06,1012,91,9.8,291,92,0.13,Rain,light rain,1
Gyopárosfürdő,46.567784,20.630662,2026-06-11 01:39:28.333483,16.24,16.3,16.24,16.24,1012,91,9.47,292,91,0.15,Rain,light rain,1
Szabadságliget,47.626123,18.893481,2026-06-11 01:39:29.502193,12.44,12.17,12.06,13.12,1014,93,2.24,306,100,2.19,Rain,moderate rain,1
Röszke,46.19261,20.03055,2026-06-11 01:39:30.670518,15.69,15.64,15.69,15.69,1013,89,9.81,322,100,27.34,Rain,very heavy rain,1
Tószeg,47.098056,20.138333,2026-06-11 01:39:31.840906,15.01,14.79,15.01,15.01,1013,85,4.02,295,100,9.99,Rain,heavy intensity rain,1
Tiszavárkony,47.059444,20.143056,2026-06-11 01:39:33.018065,15.01,14.79,15.01,15.01,1013,85,4.02,295,100,7.49,Rain,heavy intensity rain,1
Tiszajenő-Vezseny,47.036319,20.142415,2026-06-11 01:39:34.188224,15.01,14.79,15.01,15.01,1013,85,4.02,295,100,7.49,Rain,heavy intensity rain,1
Újbög,46.962222,20.093889,2026-06-11 01:39:35.354064,14.97,14.74,14.97,14.97,1013,85,10.77,291,100,42.11,Rain,very heavy rain,1
Tiszakécske,46.937512,20.082016,2026-06-11 01:39:36.524257,14.99,14.76,14.99,14.99,1013,85,10.77,293,100,23.68,Rain,very heavy rain,1
Kerekdomb,46.906944,20.052778,2026-06-11 01:39:37.698430,14.98,14.86,14.98,16.72,1013,89,10.77,295,100,4.86,Rain,heavy intensity rain,1
Tiszaalpár,46.818611,19.982778,2026-06-11 01:39:38.864541,16.69,16.66,16.69,16.69,1013,86,10.3,305,100,5.62,Rain,heavy intensity rain,1
Tiszaalpár alsó,46.790897,19.951409,2026-06-11 01:39:40.033583,16.69,16.66,16.69,16.69,1013,86,10.11,308,99,11.53,Rain,heavy intensity rain,1
Tiszatenyő,47.134167,20.3725,2026-06-11 01:39:41.200370,15.01,14.79,15.01,15.01,1013,85,9.36,287,99,2.05,Rain,moderate rain,1
Pusztapó,47.091667,20.458333,2026-06-11 01:39:42.368825,15.01,14.94,15.01,15.01,1012,91,8.81,287,93,1.54,Rain,moderate rain,1
Kétpó,47.076944,20.487778,2026-06-11 01:39:43.541032,15.01,14.94,15.01,15.01,1012,91,8.76,286,89,1.78,Rain,moderate rain,1
Mezőtúr,47.0125,20.622778,2026-06-11 01:39:44.707510,16.37,16.46,16.37,16.37,1012,92,7.85,281,73,0.87,Rain,light rain,1
Nagylapos,46.974167,20.750556,2026-06-11 01:39:45.884919,16.55,16.66,16.55,16.55,1012,92,6.24,271,73,0.0,Clouds,broken clouds,1
Gyoma,46.925833,20.821667,2026-06-11 01:39:47.053161,16.57,16.68,16.57,16.57,1012,92,6.21,271,82,0.0,Clouds,broken clouds,1
Csárdaszállás,46.861111,20.932778,2026-06-11 01:39:48.222305,19.44,19.84,19.44,19.44,1012,92,4.99,266,96,3.16,Rain,moderate rain,1
Mezőberény,46.814722,21.013056,2026-06-11 01:39:49.393040,19.43,19.26,19.43,19.43,1011,70,4.75,265,100,0.0,Clouds,overcast clouds,1
Murony,46.756944,21.038056,2026-06-11 01:39:50.561685,19.45,19.28,19.45,19.45,1011,70,4.76,265,100,0.0,Clouds,overcast clouds,1
Békéscsaba,46.669722,21.081667,2026-06-11 01:39:51.729413,19.41,19.23,19.41,19.41,1011,70,4.51,260,98,0.0,Clouds,overcast clouds,1
Kétegyháza,46.5325,21.171944,2026-06-11 01:39:52.904892,19.39,19.21,19.39,19.39,1011,70,3.94,239,88,0.0,Clouds,overcast clouds,1
Lőkösháza,46.432222,21.2375,2026-06-11 01:39:54.075156,19.35,19.66,19.35,19.35,1011,89,3.54,226,85,0.0,Clouds,overcast clouds,1
Kengyel,47.089722,20.339722,2026-06-11 01:39:55.254418,14.99,14.76,14.99,14.99,1013,85,9.75,286,99,2.37,Rain,moderate rain,1
Bagimajor,47.061111,20.316667,2026-06-11 01:39:56.421076,15.01,14.79,15.01,15.01,1013,85,10.25,286,99,3.16,Rain,moderate rain,1
Martfű,47.019444,20.291667,2026-06-11 01:39:57.589106,14.99,14.76,14.99,14.99,1013,85,10.39,286,98,3.65,Rain,moderate rain,1
Tiszaföldvár,46.975556,20.276389,2026-06-11 01:39:58.758381,14.99,14.76,14.99,14.99,1013,85,10.66,288,99,3.65,Rain,moderate rain,1
Homok,46.9475,20.270278,2026-06-11 01:39:59.927099,15.0,14.77,15.0,15.0,1013,85,10.74,288,99,6.48,Rain,heavy intensity rain,1
Kungyalu,46.910833,20.2675,2026-06-11 01:40:01.097111,15.02,14.9,15.02,15.02,1013,89,10.8,289,99,7.49,Rain,heavy intensity rain,1
Kunszentmárton,46.848333,20.293333,2026-06-11 01:40:02.264983,15.18,15.08,15.18,15.18,1013,89,10.92,292,97,2.73,Rain,moderate rain,1
Nagytőke,46.763333,20.291667,2026-06-11 01:40:03.432809,15.0,14.88,15.0,15.0,1013,89,10.94,295,97,2.37,Rain,moderate rain,1
Szentes,46.657778,20.2725,2026-06-11 01:40:04.603709,14.84,14.7,14.84,14.84,1013,89,10.79,301,100,1.54,Rain,moderate rain,1
Szegvár,46.588611,20.249444,2026-06-11 01:40:05.770173,15.07,14.96,15.07,15.07,1013,89,10.71,303,100,1.15,Rain,moderate rain,1
Mindszent,46.524167,20.194167,2026-06-11 01:40:06.936239,15.27,15.18,15.27,15.27,1013,89,10.47,310,100,1.54,Rain,moderate rain,1
Mártély,46.473333,20.236111,2026-06-11 01:40:08.103080,15.39,15.31,15.39,15.39,1013,89,10.42,310,99,1.54,Rain,moderate rain,1
Pusztabánréve,46.939898,20.556809,2026-06-11 01:40:09.274156,16.14,16.19,16.14,16.14,1012,91,8.86,282,76,1.15,Rain,moderate rain,1
Szarvas,46.860833,20.566667,2026-06-11 01:40:10.448908,15.97,16.0,15.97,15.97,1012,91,9.39,283,80,1.33,Rain,moderate rain,1
Csabacsűd,46.823056,20.663333,2026-06-11 01:40:11.623698,16.13,16.17,16.13,16.13,1012,91,8.93,282,87,0.18,Rain,light rain,1
Kisszénás,46.751389,20.721389,2026-06-11 01:40:12.792526,16.36,16.45,16.36,16.36,1012,92,7.96,281,99,0.0,Clouds,overcast clouds,1
Kiscsákó,46.719167,20.717778,2026-06-11 01:40:13.972583,16.37,16.46,16.37,16.37,1012,92,8.14,284,100,0.13,Rain,light rain,1
Nagyszénás,46.672778,20.674167,2026-06-11 01:40:15.149301,16.22,16.27,16.22,16.22,1012,91,8.98,287,96,1.78,Rain,moderate rain,1
Kardoskút,46.498056,20.6975,2026-06-11 01:40:16.322609,16.54,16.63,16.54,16.54,1012,91,9.16,295,87,0.0,Clouds,overcast clouds,1
Tótkomlós,46.409167,20.726944,2026-06-11 01:40:17.492601,16.84,16.98,16.84,16.84,1012,92,8.41,299,82,0.0,Clouds,broken clouds,1
Nagyér,46.365278,20.738333,2026-06-11 01:40:18.673584,16.97,17.12,16.97,16.97,1012,92,8.39,301,83,0.0,Clouds,broken clouds,1
Pitvaros,46.326175,20.746446,2026-06-11 01:40:19.841720,17.13,17.3,17.13,17.13,1012,92,7.89,301,82,0.0,Clouds,broken clouds,1
Dévaványa,47.033889,20.943333,2026-06-11 01:40:21.029598,16.87,16.99,16.87,16.87,1011,91,3.9,258,91,0.0,Clouds,overcast clouds,1
Körösladány,46.97,21.085833,2026-06-11 01:40:22.196106,17.0,17.13,17.0,17.0,1011,91,3.68,253,100,0.37,Rain,light rain,1
Szeghalom,47.015278,21.148333,2026-06-11 01:40:23.360698,17.11,17.25,17.11,17.11,1011,91,3.58,249,100,0.12,Rain,light rain,1
Vésztő,46.938889,21.263611,2026-06-11 01:40:24.527825,17.25,17.41,17.25,17.25,1011,91,3.72,239,96,1.33,Rain,moderate rain,1
Szeged-Rókus,46.266111,20.125278,2026-06-11 01:40:25.692927,15.69,15.64,15.69,15.69,1013,89,10.13,319,100,86.47,Rain,extreme rain,1
Algyő,46.335556,20.196111,2026-06-11 01:40:26.865357,15.67,15.62,15.67,15.67,1013,89,10.3,315,99,31.58,Rain,very heavy rain,1
Hódmezővásárhelyi Népkert,46.403333,20.312778,2026-06-11 01:40:28.028646,15.68,15.65,15.68,15.68,1013,90,10.59,307,100,2.05,Rain,moderate rain,1
Hódmezővásárhely,46.413333,20.34,2026-06-11 01:40:29.203933,15.72,15.7,15.72,15.72,1013,90,10.65,306,100,1.33,Rain,moderate rain,1
Körmend,47.016389,16.599167,2026-06-11 01:40:30.370167,12.03,11.64,12.03,12.03,1018,90,2.68,319,100,0.0,Clouds,overcast clouds,1
Szentgotthárd,46.957222,16.263056,2026-06-11 01:40:31.539290,11.83,11.52,11.83,11.83,1018,94,2.01,306,100,0.0,Clouds,overcast clouds,1
Szombathely,47.237778,16.6325,2026-06-11 01:40:32.706950,10.04,9.37,10.04,10.04,1017,87,4.01,325,100,0.0,Clouds,overcast clouds,1
Sáferkút,48.010278,19.071389,2026-06-11 01:40:33.881088,13.74,13.62,13.74,13.74,1014,94,9.94,292,100,0.0,Clouds,overcast clouds,1
Magdolnavölgy,47.6475,18.818889,2026-06-11 01:40:35.055599,12.41,12.21,12.05,13.1,1015,96,7.23,317,100,0.0,Clouds,overcast clouds,1
Haris,46.964722,16.2825,2026-06-11 01:40:36.230973,11.88,11.58,11.88,11.88,1018,94,2.1,304,100,0.0,Clouds,overcast clouds,1
Egyházasrádóc,47.091389,16.62,2026-06-11 01:40:37.400219,11.83,11.42,11.83,11.83,1018,90,2.83,312,100,0.0,Clouds,overcast clouds,1
Alsórönök,46.964167,16.379444,2026-06-11 01:40:38.571228,11.93,11.61,11.93,11.93,1018,93,2.19,303,100,0.0,Clouds,overcast clouds,1
Szombathely-Szőlős,47.206389,16.641667,2026-06-11 01:40:39.746335,10.1,9.46,10.1,10.1,1017,88,3.92,325,100,0.0,Clouds,overcast clouds,1
Rátót,46.9675,16.433056,2026-06-11 01:40:40.924119,11.84,11.48,11.84,11.84,1018,92,2.31,307,100,0.0,Clouds,overcast clouds,1
Ják-Balogunyom,47.161389,16.630556,2026-06-11 01:40:42.097511,10.16,9.53,10.16,10.16,1018,88,3.68,325,100,0.0,Clouds,overcast clouds,1
Vasvár,47.056944,16.800278,2026-06-11 01:40:43.263632,12.11,11.67,12.11,12.11,1018,88,5.21,345,100,0.0,Clouds,overcast clouds,1
Répcelak,47.418889,17.008889,2026-06-11 01:40:44.432599,12.43,12.0,12.43,12.43,1017,87,8.67,334,100,0.0,Clouds,overcast clouds,1
Rajka,47.995556,17.191389,2026-06-11 01:40:45.603950,12.14,11.71,10.59,12.21,1017,88,6.86,307,100,0.0,Clouds,overcast clouds,1
Püspökmolnári,47.086111,16.7675,2026-06-11 01:40:46.794933,12.09,11.65,12.09,12.09,1018,88,4.56,341,100,0.0,Clouds,overcast clouds,1
Kőszeg,47.382222,16.556389,2026-06-11 01:40:47.971049,9.64,8.03,9.64,9.64,1018,46,3.09,313,86,0.0,Clouds,overcast clouds,1
Kastélypark,47.390278,18.988333,2026-06-11 01:40:49.137827,13.64,13.41,12.85,13.9,1014,90,5.36,330,100,2.19,Rain,moderate rain,1
Hanságliget,47.72,17.215556,2026-06-11 01:40:50.308707,12.8,12.46,12.8,12.8,1017,89,7.16,314,100,0.0,Clouds,overcast clouds,1
Vica,47.477778,17.111944,2026-06-11 01:40:51.479330,12.5,12.08,12.5,12.5,1017,87,8.55,329,99,0.0,Clouds,overcast clouds,1
Vép,47.235833,16.7275,2026-06-11 01:40:52.647538,10.18,9.53,10.18,10.18,1017,87,5.01,335,100,0.0,Clouds,overcast clouds,1
Mosonszolnok,47.8525,17.160278,2026-06-11 01:40:53.819477,12.74,12.39,12.26,12.77,1017,89,6.85,309,100,0.0,Clouds,overcast clouds,1
Jánossomorja,47.789167,17.1375,2026-06-11 01:40:54.989967,12.77,12.11,12.77,12.77,1017,77,7.04,312,100,0.0,Clouds,overcast clouds,1
Bősárkány,47.685556,17.234167,2026-06-11 01:40:56.159487,12.8,12.43,12.8,12.8,1017,88,7.4,316,100,0.0,Clouds,overcast clouds,1
Szil-Sopronnémeti,47.533333,17.209444,2026-06-11 01:40:57.330759,12.75,12.38,12.75,12.75,1017,88,8.01,323,100,0.0,Clouds,overcast clouds,1
Magyarkeresztúr-Zsebeháza,47.514167,17.176111,2026-06-11 01:40:58.501176,12.75,12.38,12.75,12.75,1017,88,8.22,325,100,0.0,Clouds,overcast clouds,1
Páli-Vadosfa,47.4925,17.137778,2026-06-11 01:40:59.671091,12.73,12.33,12.73,12.73,1017,87,8.41,327,99,0.0,Clouds,overcast clouds,1
Beled,47.466667,17.084444,2026-06-11 01:41:00.840627,12.5,12.08,12.5,12.5,1017,87,8.55,329,99,0.0,Clouds,overcast clouds,1
Dénesfa,47.448611,17.054722,2026-06-11 01:41:02.008940,12.48,12.06,12.48,12.48,1017,87,8.68,332,99,0.0,Clouds,overcast clouds,1
Csánig,47.430278,17.026111,2026-06-11 01:41:03.178741,12.46,12.01,12.46,12.46,1017,86,8.69,332,100,0.0,Clouds,overcast clouds,1
Vámoscsalád,47.385556,16.961667,2026-06-11 01:41:04.347947,10.43,9.77,10.43,10.43,1017,86,8.54,337,100,0.0,Clouds,overcast clouds,1
Vasegerszeg,47.375,16.928889,2026-06-11 01:41:05.520125,10.44,9.79,10.44,10.44,1017,86,8.13,339,100,0.0,Clouds,overcast clouds,1
Hegyfalu,47.357778,16.898333,2026-06-11 01:41:06.696071,10.43,9.77,10.43,10.43,1017,86,8.13,339,100,0.0,Clouds,overcast clouds,1
Pósfa,47.326944,16.855833,2026-06-11 01:41:07.863267,10.41,9.75,10.41,10.41,1017,86,7.73,340,100,0.0,Clouds,overcast clouds,1
Ölbő-Alsószeleste,47.300556,16.843056,2026-06-11 01:41:09.032685,10.39,9.73,10.39,10.39,1017,86,7.25,341,100,0.0,Clouds,overcast clouds,1
Gencsapáti felső,47.299722,16.593889,2026-06-11 01:41:10.203392,9.9,8.21,9.9,9.9,1017,46,3.32,314,99,0.0,Clouds,overcast clouds,1
Lukácsháza alsó,47.326389,16.586389,2026-06-11 01:41:11.371089,9.84,8.13,9.84,9.84,1017,46,3.35,315,96,0.0,Clouds,overcast clouds,1
Kőszegfalva,47.361667,16.567778,2026-06-11 01:41:12.544801,9.73,8.18,9.73,9.73,1018,46,3.01,310,90,0.0,Clouds,overcast clouds,1
Gyöngyöshermán,47.202778,16.657222,2026-06-11 01:41:13.711192,10.12,9.49,10.12,10.12,1017,88,3.92,325,100,0.0,Clouds,overcast clouds,1
Bezenye,47.973611,17.207222,2026-06-11 01:41:14.880309,12.16,11.73,10.6,12.22,1017,88,6.94,308,100,0.0,Clouds,overcast clouds,1
Kámon,47.254534,16.625769,2026-06-11 01:41:16.054545,10.0,7.96,10.0,10.0,1017,46,4.09,325,100,0.0,Clouds,overcast clouds,1
Sorkifalud,47.1375,16.719167,2026-06-11 01:41:17.224517,12.09,11.65,12.09,12.09,1018,88,4.42,337,100,0.0,Clouds,overcast clouds,1
Szentléránt,47.12,16.735556,2026-06-11 01:41:18.393113,12.09,11.65,12.09,12.09,1018,88,4.42,337,100,0.0,Clouds,overcast clouds,1
Pácsony,47.009722,16.833611,2026-06-11 01:41:19.581336,12.07,11.63,12.07,12.07,1018,88,5.35,347,100,0.0,Clouds,overcast clouds,1
Győrvár,46.99,16.840556,2026-06-11 01:41:20.753531,12.07,11.63,12.07,12.07,1018,88,5.35,347,100,0.0,Clouds,overcast clouds,1
Egervár-Vasboldogasszony,46.942222,16.862222,2026-06-11 01:41:21.922691,12.32,11.91,12.32,12.32,1018,88,5.56,348,100,0.0,Clouds,overcast clouds,1
Zalaszentlőrinc,46.913889,16.8775,2026-06-11 01:41:23.105114,12.29,11.87,12.29,12.29,1018,88,5.49,349,100,0.0,Clouds,overcast clouds,1
Gencsapáti alsó,47.285833,16.6,2026-06-11 01:41:24.277831,9.93,8.27,9.93,9.93,1017,46,3.29,312,100,0.0,Clouds,overcast clouds,1
Gyöngyösfalu,47.316111,16.59,2026-06-11 01:41:25.472502,9.86,8.17,9.86,9.86,1017,46,3.32,314,99,0.0,Clouds,overcast clouds,1
Lukácsháza,47.341111,16.580556,2026-06-11 01:41:26.640992,9.79,8.27,9.79,9.79,1018,46,2.98,308,94,0.0,Clouds,overcast clouds,1
Horvátnádalja,47.005278,16.544444,2026-06-11 01:41:27.811234,12.05,11.69,12.05,12.05,1018,91,2.51,315,100,0.0,Clouds,overcast clouds,1
Csákánydoroszló,46.978333,16.499722,2026-06-11 01:41:28.978146,12.03,11.69,12.03,12.03,1018,92,2.36,310,99,0.0,Clouds,overcast clouds,1
Váckisújfalu,47.705,19.340278,2026-06-11 01:41:30.151424,12.97,12.75,12.97,14.75,1014,93,8.06,297,100,34.51,Rain,very heavy rain,1
Csisztafürdő,46.681411,17.561797,2026-06-11 01:41:31.331904,12.96,12.48,12.96,12.96,1017,83,8.0,343,100,0.0,Clouds,overcast clouds,1
Mórágy,46.236021,18.627255,2026-06-11 01:41:32.527751,13.57,13.36,13.57,13.57,1016,91,9.9,336,98,5.31,Rain,heavy intensity rain,1
Kismacs,47.551111,21.542778,2026-06-11 01:41:33.693476,17.31,17.42,17.31,17.31,1011,89,2.06,205,99,0.0,Clouds,overcast clouds,1
Pusztaszentistván,47.439869,19.470254,2026-06-11 01:41:34.861653,14.7,14.84,14.7,14.7,1014,100,6.86,299,100,22.41,Rain,very heavy rain,1
Aranyvölgy,47.573795,19.017489,2026-06-11 01:41:36.033871,13.16,12.93,12.7,13.75,1014,92,2.68,9,100,0.0,Clouds,overcast clouds,1
Szélhegy,47.601111,18.928056,2026-06-11 01:41:37.200636,12.72,12.48,12.34,13.4,1014,93,2.68,9,100,1.46,Rain,moderate rain,1
Vörösvárbánya,47.61,18.913611,2026-06-11 01:41:38.366354,12.67,12.42,12.3,13.35,1014,93,2.68,9,100,1.6,Rain,moderate rain,1
Máriaszőlőtelep,46.702778,17.411911,2026-06-11 01:41:39.535889,12.82,12.35,12.82,12.82,1017,84,7.38,346,100,0.0,Clouds,overcast clouds,1
Akadémiaújtelep,47.485724,19.22294,2026-06-11 01:41:40.712366,13.38,13.12,12.66,13.71,1014,90,6.01,309,100,16.8,Rain,very heavy rain,1
Újpalota,47.5316,19.126206,2026-06-11 01:41:41.881935,13.4,13.17,12.75,13.81,1014,91,1.79,326,100,5.2,Rain,heavy intensity rain,1
"Szeged, Somogyi utca",46.250464,20.147713,2026-06-11 01:41:43.054710,15.74,15.69,15.74,15.74,1013,89,10.21,318,100,130.94,Rain,extreme rain,1
"Hódmezővásárhely, Hősök tere",46.412183,20.31759,2026-06-11 01:41:44.240148,15.68,15.65,15.68,15.68,1013,90,10.59,307,100,2.75,Rain,moderate rain,1
"Hódmezővásárhely, Kossuth tér",46.41465,20.319727,2026-06-11 01:41:45.401434,15.68,15.65,15.68,15.68,1013,90,10.59,307,100,2.75,Rain,moderate rain,1
"Hódmezővásárhely, Strandfürdő",46.409147,20.315671,2026-06-11 01:41:46.559556,15.68,15.65,15.68,15.68,1013,90,10.59,307,100,2.75,Rain,moderate rain,1
"Szeged, Széchenyi tér",46.252683,20.14935,2026-06-11 01:41:47.719277,15.74,15.69,15.74,15.74,1013,89,10.21,318,100,130.94,Rain,extreme rain,1
"Szeged, Anna-kút",46.256184,20.147587,2026-06-11 01:41:48.897792,15.74,15.69,15.74,15.74,1013,89,10.21,318,100,130.94,Rain,extreme rain,1
"Szeged, Rókusi templom",46.259255,20.141771,2026-06-11 01:41:50.064678,15.74,15.69,15.74,15.74,1013,89,10.21,318,100,140.21,Rain,extreme rain,1
"Hódmezővásárhely, Kálvin János tér",46.416677,20.328532,2026-06-11 01:41:51.231508,15.72,15.7,15.72,15.72,1013,90,10.65,306,100,2.06,Rain,moderate rain,1
Hódmezővásárhely vasútállomás,46.413242,20.338701,2026-06-11 01:41:52.393222,15.72,15.7,15.72,15.72,1013,90,10.65,306,100,1.33,Rain,moderate rain,1
"Szeged, Tavasz utca",46.260715,20.139055,2026-06-11 01:41:53.552142,15.74,15.69,15.74,15.74,1013,89,10.21,318,100,140.21,Rain,extreme rain,1
"Szeged, Damjanich utca",46.262753,20.135248,2026-06-11 01:41:54.711021,15.74,15.69,15.74,15.74,1013,89,10.21,318,100,140.21,Rain,extreme rain,1
"Szeged, Vásárhelyi Pál utca",46.264173,20.131109,2026-06-11 01:41:55.883206,15.74,15.69,15.74,15.74,1013,89,10.21,318,100,122.91,Rain,extreme rain,1
"Szeged, Bécsi körút ",46.243459,20.143809,2026-06-11 01:41:57.041998,15.78,15.74,15.78,15.78,1013,89,10.2,318,100,184.01,Rain,extreme rain,1
Hódmezővásárhelyi Népkert vasútállomás,46.403733,20.312986,2026-06-11 01:41:58.201192,15.68,15.65,15.68,15.68,1013,90,10.59,307,100,2.05,Rain,moderate rain,1
Szeged vasútállomás,46.239789,20.142561,2026-06-11 01:41:59.377621,15.78,15.74,15.78,15.78,1013,89,10.2,318,100,184.01,Rain,extreme rain,1
"Szeged, Bem utca",46.240198,20.141247,2026-06-11 01:42:00.536413,15.78,15.74,15.78,15.78,1013,89,10.2,318,100,184.01,Rain,extreme rain,1
"Szeged, Galamb utca",46.24153,20.142297,2026-06-11 01:42:01.700926,15.78,15.74,15.78,15.78,1013,89,10.2,318,100,184.01,Rain,extreme rain,1
"Szeged, Aradi vértanúk tere",46.247839,20.147,2026-06-11 01:42:02.863533,15.74,15.69,15.74,15.74,1013,89,10.21,318,100,130.94,Rain,extreme rain,1
"Szeged, Pulz utca",46.264452,20.126061,2026-06-11 01:42:04.022067,15.74,15.69,15.74,15.74,1013,89,10.21,318,100,122.91,Rain,extreme rain,1
"Szeged, Rókus vasútállomás",46.266107,20.125686,2026-06-11 01:42:05.180735,15.69,15.64,15.69,15.69,1013,89,10.13,319,100,86.47,Rain,extreme rain,1
Látókép,47.55787,21.524373,2026-06-11 01:42:06.345701,17.31,17.42,17.31,17.31,1011,89,2.06,205,99,0.0,Clouds,overcast clouds,1
Szentmihálytelek,46.2229,20.0808,2026-06-11 01:42:07.513229,15.7,15.65,15.7,15.7,1013,89,10.02,320,100,146.48,Rain,extreme rain,1
Kisvarsány,48.144356,22.297397,2026-06-11 01:42:08.689061,16.99,17.04,16.99,16.99,1011,88,1.62,102,89,0.0,Clouds,overcast clouds,1
