station_name,station_lat,station_lon,observation_time,temp,feels_like,temp_min,temp_max,pressure,humidity,wind_speed,wind_deg,clouds,precipitation_1h,weather_main,weather_description,collection_hour
Búcsúszentlászló,46.793056,16.932778,2026-05-25 18:48:07.415741,24.84,25.13,24.84,24.84,1028,67,2.15,40,10,0.0,Clear,clear sky,18
Angyalföld,47.549722,19.09,2026-05-25 18:48:08.581775,24.51,24.06,23.34,25.51,1026,40,3.09,320,0,0.0,Clear,clear sky,18
Felsőjánosfa,46.841389,16.544167,2026-05-25 18:48:09.743852,23.1,23.24,23.1,23.1,1028,68,1.44,60,5,0.0,Clear,clear sky,18
Pankasz,46.835833,16.496111,2026-05-25 18:48:10.895845,22.82,22.93,22.82,22.82,1028,68,1.35,53,4,0.0,Clear,clear sky,18
Nagyrákos,46.827222,16.455556,2026-05-25 18:48:12.062832,22.77,22.88,22.77,22.77,1028,68,1.3,48,5,0.0,Clear,clear sky,18
Őriszentpéter,46.828889,16.415278,2026-05-25 18:48:13.219017,22.89,23.01,22.89,22.89,1028,68,1.16,38,5,0.0,Clear,clear sky,18
Törökbálint,47.45,18.908611,2026-05-25 18:48:14.376024,24.21,23.73,23.12,25.28,1026,40,1.79,305,14,0.0,Clouds,few clouds,18
Bicske alsó,47.486389,18.642778,2026-05-25 18:48:15.527532,23.01,22.7,23.01,24.5,1026,51,4.21,325,19,0.0,Clouds,few clouds,18
Bajánsenye,46.818056,16.358056,2026-05-25 18:48:16.683579,22.96,23.09,22.96,22.96,1028,68,1.17,29,6,0.0,Clear,clear sky,18
Aquincum,47.566218,19.048273,2026-05-25 18:48:17.846381,24.46,24.01,23.37,25.53,1026,40,2.24,288,10,0.0,Clear,clear sky,18
Piliscsév,47.673889,18.791389,2026-05-25 18:48:18.999700,23.49,23.23,22.96,25.12,1026,51,2.81,316,15,0.0,Clouds,few clouds,18
Tát,47.741201,18.64783,2026-05-25 18:48:20.157051,22.65,22.38,22.65,22.65,1026,54,2.1,298,8,0.0,Clear,clear sky,18
Süttő felső,47.756667,18.437222,2026-05-25 18:48:21.332273,22.49,22.26,22.49,22.49,1027,56,2.35,297,8,0.0,Clear,clear sky,18
Budatétény,47.405,19.016389,2026-05-25 18:48:22.494247,24.75,24.32,23.41,25.57,1026,40,3.09,320,0,0.0,Clear,clear sky,18
Seregélyes-Szőlőhegy,47.119444,18.612222,2026-05-25 18:48:23.648563,22.92,22.65,22.92,22.92,1026,53,3.34,323,42,0.0,Clouds,scattered clouds,18
Gödöllő-Állami telepek,47.564444,19.375556,2026-05-25 18:48:24.806594,23.98,23.5,22.86,25.02,1026,41,3.09,320,0,0.0,Clear,clear sky,18
Dunakeszi alsó,47.607778,19.128889,2026-05-25 18:48:25.971343,24.47,24.04,23.34,25.5,1026,41,2.24,288,3,0.0,Clear,clear sky,18
Vác-Alsóváros,47.773056,19.149722,2026-05-25 18:48:27.129955,24.39,24.24,24.39,24.39,1026,52,1.74,307,12,0.0,Clouds,few clouds,18
Szob alsó,47.816667,18.8725,2026-05-25 18:48:28.284456,22.57,22.32,22.57,22.57,1026,55,2.13,293,8,0.0,Clear,clear sky,18
Zalaszentmihály-Pacsa,46.7225,16.951944,2026-05-25 18:48:29.440474,24.75,24.66,24.75,24.75,1028,53,2.57,20,0,0.0,Clear,clear sky,18
Pötréte,46.682778,16.9575,2026-05-25 18:48:30.608079,24.75,24.66,24.75,24.75,1028,53,2.57,20,0,0.0,Clear,clear sky,18
Felsőrajk,46.667222,16.982778,2026-05-25 18:48:31.767663,24.81,24.73,24.81,24.81,1028,53,2.57,20,0,0.0,Clear,clear sky,18
Gelse,46.600556,16.982778,2026-05-25 18:48:32.922327,24.81,24.73,24.81,24.81,1028,53,2.57,20,0,0.0,Clear,clear sky,18
Őrtilos,46.297778,16.887778,2026-05-25 18:48:34.077388,22.75,22.91,22.75,22.75,1027,70,2.95,6,6,0.0,Clear,clear sky,18
Zákány,46.251944,16.9425,2026-05-25 18:48:35.241181,22.43,22.58,22.43,22.43,1027,71,3.38,9,7,0.0,Clear,clear sky,18
Berzence,46.201389,17.143611,2026-05-25 18:48:36.401563,22.61,22.75,22.61,22.61,1027,70,3.59,8,8,0.0,Clear,clear sky,18
Somogyudvarhely,46.163333,17.179722,2026-05-25 18:48:37.556237,22.53,22.67,22.53,22.53,1027,70,3.51,6,8,0.0,Clear,clear sky,18
Bélavár,46.122778,17.207778,2026-05-25 18:48:38.716008,22.5,22.66,22.5,22.5,1027,71,3.28,2,8,0.0,Clear,clear sky,18
Vízvár,46.101389,17.239444,2026-05-25 18:48:39.871561,22.36,22.51,22.36,22.36,1027,71,3.14,360,8,0.0,Clear,clear sky,18
Babócsa,46.028359,17.342276,2026-05-25 18:48:41.036312,22.43,22.58,22.43,22.43,1027,71,2.82,356,8,0.0,Clear,clear sky,18
Péterhida-Komlósd,46.006667,17.358056,2026-05-25 18:48:42.194756,22.52,22.66,22.52,22.52,1027,70,2.63,354,8,0.0,Clear,clear sky,18
Barcs,45.951944,17.446944,2026-05-25 18:48:43.353006,22.75,22.86,22.75,22.75,1027,68,2.17,351,8,0.0,Clear,clear sky,18
Barcs felső,45.958333,17.486389,2026-05-25 18:48:44.506983,22.71,22.81,22.71,22.71,1027,68,2.19,351,8,0.0,Clear,clear sky,18
Középrigóc,45.970556,17.525,2026-05-25 18:48:45.669635,22.64,22.71,22.64,22.64,1027,67,2.24,352,7,0.0,Clear,clear sky,18
Darány,45.992222,17.598611,2026-05-25 18:48:46.828290,22.54,22.63,22.54,22.54,1027,68,2.84,354,4,0.0,Clear,clear sky,18
Kisdobsza,46.012222,17.668056,2026-05-25 18:48:47.992061,22.46,22.59,22.46,22.46,1027,70,3.31,355,4,0.0,Clear,clear sky,18
Nemeske,46.023333,17.705278,2026-05-25 18:48:49.148687,22.42,22.57,22.42,22.42,1027,71,3.42,355,5,0.0,Clear,clear sky,18
Molvány,46.035278,17.748611,2026-05-25 18:48:50.301447,22.32,22.49,22.32,22.32,1027,72,3.74,356,12,0.0,Clouds,few clouds,18
Szigetvár,46.043333,17.801944,2026-05-25 18:48:51.459462,22.27,22.43,22.27,22.27,1027,72,3.8,356,17,0.0,Clouds,few clouds,18
Nagypeterd,46.039444,17.871667,2026-05-25 18:48:52.616620,25.53,26.02,25.53,25.53,1027,72,3.87,356,30,0.0,Clouds,scattered clouds,18
Szentdénes,46.036667,17.926944,2026-05-25 18:48:53.771088,25.48,25.96,25.48,25.48,1027,72,3.87,356,37,0.0,Clouds,scattered clouds,18
Háros,47.412222,19.035,2026-05-25 18:48:54.924328,24.74,24.31,23.37,25.53,1026,40,3.09,320,0,0.0,Clear,clear sky,18
Nagytétény-Diósd,47.398333,18.974444,2026-05-25 18:48:56.078033,24.67,24.24,23.4,25.57,1026,40,1.79,293,6,0.0,Clear,clear sky,18
Érdliget,47.390278,18.937778,2026-05-25 18:48:57.235227,24.55,24.11,23.32,25.48,1026,40,1.79,293,6,0.0,Clear,clear sky,18
Érd felső,47.381111,18.922222,2026-05-25 18:48:58.391277,24.53,24.08,23.29,25.45,1026,40,1.79,293,6,0.0,Clear,clear sky,18
Érd,47.369722,18.900833,2026-05-25 18:48:59.552407,24.48,24.03,23.25,25.41,1026,40,3.55,314,5,0.0,Clear,clear sky,18
Százhalombatta,47.322222,18.899167,2026-05-25 18:49:00.709939,24.53,24.03,23.23,25.4,1026,38,3.53,310,8,0.0,Clear,clear sky,18
Dunai Finomító,47.294444,18.878889,2026-05-25 18:49:01.863567,24.55,24.05,23.07,25.24,1026,38,3.51,312,11,0.0,Clouds,few clouds,18
Ercsi,47.247222,18.875278,2026-05-25 18:49:03.015252,24.79,24.55,23.3,25.46,1026,47,3.48,310,15,0.0,Clouds,few clouds,18
Iváncsa,47.177778,18.811944,2026-05-25 18:49:04.169917,23.12,22.79,23.12,23.12,1026,50,3.36,312,35,0.0,Clouds,scattered clouds,18
Pusztaszabolcs,47.139722,18.761667,2026-05-25 18:49:05.325012,23.06,22.75,23.06,23.06,1026,51,3.39,316,49,0.0,Clouds,scattered clouds,18
Szabadegyháza,47.082778,18.704167,2026-05-25 18:49:06.494706,22.91,22.64,22.91,22.91,1026,53,3.44,321,60,0.0,Clouds,broken clouds,18
Sárosd,47.039722,18.660278,2026-05-25 18:49:07.657672,22.84,22.59,22.84,22.84,1026,54,3.47,324,61,0.0,Clouds,broken clouds,18
Nagylók,46.979444,18.635833,2026-05-25 18:49:08.814769,22.54,22.29,22.54,22.54,1026,55,3.57,327,69,0.0,Clouds,broken clouds,18
Sárbogárd,46.896944,18.611944,2026-05-25 18:49:09.968608,22.55,22.35,22.55,22.55,1027,57,3.55,329,66,0.0,Clouds,broken clouds,18
Rétszilas,46.814167,18.601389,2026-05-25 18:49:11.122971,22.47,22.29,22.47,22.47,1027,58,3.51,331,60,0.0,Clouds,broken clouds,18
Nagyatád,46.228611,17.354167,2026-05-25 18:49:12.285096,22.57,22.68,22.57,22.57,1027,69,3.26,8,10,0.0,Clear,clear sky,18
Budapest-Keleti,47.500278,19.084167,2026-05-25 18:49:13.438959,24.69,24.26,23.32,25.48,1026,40,3.09,320,0,0.0,Clear,clear sky,18
Ferencváros,47.468611,19.088056,2026-05-25 18:49:14.600635,24.81,24.36,23.34,25.5,1026,39,3.09,320,0,0.0,Clear,clear sky,18
Budapest-Nyugati,47.510833,19.0575,2026-05-25 18:49:15.765659,24.57,24.13,23.33,25.5,1026,40,3.09,320,0,0.0,Clear,clear sky,18
Kőbánya felső,47.491944,19.133889,2026-05-25 18:49:16.921682,24.94,24.51,23.26,25.42,1026,39,3.09,320,0,0.0,Clear,clear sky,18
Rákos,47.488889,19.174722,2026-05-25 18:49:18.077372,24.6,24.13,23.22,25.38,1026,39,3.09,320,0,0.0,Clear,clear sky,18
Rákosrendező,47.525556,19.089444,2026-05-25 18:49:19.235570,24.62,24.18,23.36,25.53,1026,40,3.09,320,0,0.0,Clear,clear sky,18
Zugló,47.511389,19.101389,2026-05-25 18:49:20.390015,24.69,24.26,23.32,25.49,1026,40,3.09,320,0,0.0,Clear,clear sky,18
Mezőtárkány,47.725,20.480278,2026-05-25 18:49:21.547595,20.99,20.76,20.99,20.99,1027,62,3.56,63,27,0.0,Clouds,scattered clouds,18
Istvántelek,47.550278,19.106389,2026-05-25 18:49:22.706673,24.55,24.11,23.35,25.51,1026,40,3.09,320,0,0.0,Clear,clear sky,18
Rákospalota-Újpest,47.565833,19.111944,2026-05-25 18:49:23.865700,24.51,24.06,23.34,25.51,1026,40,3.09,320,0,0.0,Clear,clear sky,18
Kőbánya alsó,47.483056,19.127222,2026-05-25 18:49:25.020671,24.93,24.5,23.27,25.44,1026,39,3.09,320,0,0.0,Clear,clear sky,18
Kőbánya-Kispest,47.463889,19.149444,2026-05-25 18:49:26.189631,24.92,24.46,23.27,25.44,1026,38,3.09,320,0,0.0,Clear,clear sky,18
Pestszentlőrinc,47.454722,19.182778,2026-05-25 18:49:27.353924,24.41,23.95,23.21,25.38,1026,40,3.09,320,0,0.0,Clear,clear sky,18
Kispest,47.448135,19.157552,2026-05-25 18:49:28.513181,24.67,24.21,23.28,25.44,1026,39,3.09,320,0,0.0,Clear,clear sky,18
Újpest,47.558889,19.079722,2026-05-25 18:49:29.675594,24.48,24.03,23.35,25.51,1026,40,3.09,320,0,0.0,Clear,clear sky,18
Pestszentimre felső,47.413611,19.173333,2026-05-25 18:49:30.830073,24.53,24.08,23.31,25.47,1026,40,3.09,320,0,0.0,Clear,clear sky,18
Dunakeszi,47.626111,19.136111,2026-05-25 18:49:31.988699,24.37,23.93,23.25,25.41,1026,41,2.24,288,4,0.0,Clear,clear sky,18
Dunakeszi-Gyártelep,47.643611,19.135,2026-05-25 18:49:33.146320,24.41,23.98,23.29,25.46,1026,41,1.67,326,5,0.0,Clear,clear sky,18
Alsógöd,47.676944,19.134444,2026-05-25 18:49:34.307335,24.38,23.94,23.29,25.45,1026,41,1.67,324,7,0.0,Clear,clear sky,18
Göd,47.687778,19.1375,2026-05-25 18:49:35.459968,24.4,23.97,23.31,25.47,1026,41,1.67,324,7,0.0,Clear,clear sky,18
Felsőgöd,47.705556,19.143333,2026-05-25 18:49:36.615145,24.44,24.01,23.35,25.51,1026,41,1.66,320,9,0.0,Clear,clear sky,18
Sződ-Sződliget,47.728056,19.154722,2026-05-25 18:49:37.772625,24.42,23.99,23.34,25.51,1026,41,1.68,316,10,0.0,Clear,clear sky,18
Vác,47.782778,19.133056,2026-05-25 18:49:38.933145,24.39,24.24,24.39,24.39,1026,52,1.74,307,12,0.0,Clouds,few clouds,18
Verőce,47.823889,19.029444,2026-05-25 18:49:40.088409,24.23,24.14,24.23,24.23,1026,55,2.18,288,9,0.0,Clear,clear sky,18
Kismaros,47.8275,19.010278,2026-05-25 18:49:41.243768,20.88,20.46,20.88,20.88,1026,55,2.18,287,9,0.0,Clear,clear sky,18
Nagymaros-Visegrád,47.791389,18.959167,2026-05-25 18:49:42.403857,24.38,24.28,24.38,24.38,1026,54,2.28,294,9,0.0,Clear,clear sky,18
Nagymaros,47.780278,18.952222,2026-05-25 18:49:43.557645,24.45,24.36,24.45,24.45,1026,54,2.28,294,9,0.0,Clear,clear sky,18
Zebegény,47.801389,18.908889,2026-05-25 18:49:44.716097,24.43,24.36,24.43,24.43,1026,55,2.2,291,8,0.0,Clear,clear sky,18
Szob,47.821111,18.861944,2026-05-25 18:49:45.869689,21.88,21.56,21.88,21.88,1026,55,2.04,290,8,0.0,Clear,clear sky,18
Alagimajor,47.601944,19.153889,2026-05-25 18:49:47.026241,24.46,24.03,23.29,25.46,1026,41,3.09,320,0,0.0,Clear,clear sky,18
Fót,47.611389,19.181667,2026-05-25 18:49:48.186044,24.36,23.9,23.19,25.35,1026,40,1.55,337,4,0.0,Clear,clear sky,18
Fótújfalu,47.615,19.192778,2026-05-25 18:49:49.337544,24.26,23.79,23.08,25.25,1026,40,1.55,337,4,0.0,Clear,clear sky,18
Csomád,47.635556,19.222778,2026-05-25 18:49:50.501850,23.98,23.5,22.81,24.98,1026,41,1.47,346,5,0.0,Clear,clear sky,18
Veresegyház,47.649167,19.288611,2026-05-25 18:49:51.662480,24.11,23.65,22.96,25.13,1026,41,1.44,11,15,0.0,Clouds,few clouds,18
Erdőkertes,47.662222,19.295833,2026-05-25 18:49:52.818587,24.06,23.72,22.92,25.08,1026,46,1.44,11,15,0.0,Clouds,few clouds,18
Őrbottyán,47.685833,19.283611,2026-05-25 18:49:53.971107,23.94,23.64,23.71,25.0,1026,48,1.34,11,15,0.0,Clouds,few clouds,18
Váchartyán,47.725833,19.248889,2026-05-25 18:49:55.132305,24.27,24.03,24.27,24.39,1026,49,1.17,354,13,0.0,Clouds,few clouds,18
Magyarkút-Verőce,47.826111,19.044444,2026-05-25 18:49:56.288714,24.39,24.32,24.39,24.39,1026,55,2.18,288,9,0.0,Clear,clear sky,18
Szokolya,47.871111,19.030556,2026-05-25 18:49:57.447271,20.72,20.31,20.72,20.72,1026,56,2.11,284,9,0.0,Clear,clear sky,18
Berkenye,47.885278,19.071944,2026-05-25 18:49:58.611800,21.42,21.08,21.42,21.42,1026,56,2.11,285,10,0.0,Clear,clear sky,18
Nógrád,47.901944,19.0475,2026-05-25 18:49:59.772959,20.98,20.6,20.98,20.98,1026,56,2.05,283,9,0.0,Clear,clear sky,18
Diósjenő,47.94,19.049444,2026-05-25 18:50:00.931341,20.53,20.13,20.53,20.53,1026,57,1.99,284,8,0.0,Clear,clear sky,18
Borsosberény,47.971389,19.093056,2026-05-25 18:50:02.085879,21.16,20.82,21.16,21.16,1026,57,2.01,291,9,0.0,Clear,clear sky,18
Nagyoroszi,47.993611,19.101111,2026-05-25 18:50:03.239118,20.95,20.59,20.95,20.95,1026,57,1.98,295,8,0.0,Clear,clear sky,18
Drégelyvár,48.001944,19.079444,2026-05-25 18:50:04.398008,21.16,20.82,21.16,21.16,1026,57,1.85,300,8,0.0,Clear,clear sky,18
Drégely,48.042222,19.056111,2026-05-25 18:50:05.547881,21.49,21.16,21.49,21.49,1026,56,1.84,309,8,0.0,Clear,clear sky,18
Drégelypalánk,48.055,19.046111,2026-05-25 18:50:06.702554,21.6,21.28,21.6,21.6,1027,56,1.77,321,8,0.0,Clear,clear sky,18
Ipolyvece,48.056944,19.106389,2026-05-25 18:50:07.860652,21.57,21.27,21.57,21.57,1026,57,2.07,320,8,0.0,Clear,clear sky,18
Dejtár,48.045556,19.196389,2026-05-25 18:50:09.013466,21.5,21.25,21.5,21.5,1026,59,2.0,312,8,0.0,Clear,clear sky,18
Ipolyszög,48.054444,19.221944,2026-05-25 18:50:10.172860,21.48,21.25,21.48,21.48,1026,60,2.05,322,8,0.0,Clear,clear sky,18
Iklad-Domony,47.658056,19.444444,2026-05-25 18:50:11.329991,24.42,24.3,24.1,24.42,1026,53,1.79,37,42,0.0,Clouds,scattered clouds,18
Iklad-Domony felső,47.667778,19.428056,2026-05-25 18:50:12.484174,24.4,24.25,24.09,24.4,1026,52,1.59,38,30,0.0,Clouds,scattered clouds,18
Galgamácsa,47.693889,19.3925,2026-05-25 18:50:13.641915,24.39,24.22,24.27,24.39,1026,51,1.3,28,19,0.0,Clouds,few clouds,18
Vácrátót,47.732778,19.217778,2026-05-25 18:50:14.803269,24.19,23.94,24.19,24.31,1026,49,1.36,332,11,0.0,Clouds,few clouds,18
Csörög,47.735833,19.196389,2026-05-25 18:50:15.968832,24.19,23.94,24.19,25.28,1026,49,1.51,323,11,0.0,Clouds,few clouds,18
Galgagyörk,47.735278,19.372222,2026-05-25 18:50:17.125024,24.29,24.13,24.17,24.29,1026,52,1.15,29,16,0.0,Clouds,few clouds,18
Püspökhatvan,47.768611,19.366944,2026-05-25 18:50:18.289859,22.02,21.69,22.02,22.02,1026,54,0.76,31,12,0.0,Clouds,few clouds,18
Acsa-Erdőkürt,47.801111,19.386111,2026-05-25 18:50:19.455133,21.75,21.42,21.75,21.75,1026,55,0.54,31,11,0.0,Clouds,few clouds,18
Galgaguta,47.848611,19.385556,2026-05-25 18:50:20.617901,21.25,20.92,21.25,21.25,1026,57,0.11,15,9,0.0,Clear,clear sky,18
Nógrádkövesd,47.879444,19.371111,2026-05-25 18:50:21.774824,21.33,21.03,21.33,21.33,1026,58,0.09,257,9,0.0,Clear,clear sky,18
Magyarnándor,47.970833,19.356667,2026-05-25 18:50:22.927849,21.01,20.73,21.01,21.01,1026,60,0.71,284,10,0.0,Clear,clear sky,18
Mohora,47.995556,19.347778,2026-05-25 18:50:24.093385,21.07,20.8,21.07,21.07,1026,60,0.79,292,10,0.0,Clear,clear sky,18
Szügy,48.036389,19.333056,2026-05-25 18:50:25.249744,21.23,21.03,21.23,21.23,1026,62,1.03,318,9,0.0,Clear,clear sky,18
Balassagyarmat,48.071111,19.293611,2026-05-25 18:50:26.412271,21.33,21.11,21.33,21.33,1026,61,1.56,327,8,0.0,Clear,clear sky,18
Őrhalom,48.078773,19.403936,2026-05-25 18:50:27.571213,20.96,20.76,20.96,20.96,1026,63,0.73,19,11,0.0,Clouds,few clouds,18
Hugyag,48.083056,19.421111,2026-05-25 18:50:28.725765,20.96,20.76,20.96,20.96,1026,63,0.73,19,11,0.0,Clouds,few clouds,18
Szécsény,48.093056,19.521111,2026-05-25 18:50:29.879000,21.09,20.9,21.09,21.09,1027,63,0.89,93,9,0.0,Clear,clear sky,18
Ludányhalászi,48.1325,19.529444,2026-05-25 18:50:31.029839,21.01,20.81,21.01,21.01,1027,63,1.24,49,7,0.0,Clear,clear sky,18
Nógrádszakál,48.178333,19.521667,2026-05-25 18:50:32.189910,20.95,20.75,20.95,20.95,1027,63,1.57,37,7,0.0,Clear,clear sky,18
Ráróspuszta,48.207222,19.541389,2026-05-25 18:50:33.345695,20.39,20.13,20.39,20.39,1027,63,2.21,24,8,0.0,Clear,clear sky,18
Litke,48.215833,19.598611,2026-05-25 18:50:34.507880,20.84,20.6,20.84,20.84,1027,62,1.73,48,3,0.0,Clear,clear sky,18
Nyíregyháza külső,47.943056,21.740278,2026-05-25 18:50:35.661709,20.69,20.36,20.69,20.69,1027,59,6.63,16,35,0.0,Clouds,scattered clouds,18
Oros,47.945833,21.806389,2026-05-25 18:50:36.820706,20.63,20.29,20.63,20.63,1026,59,6.55,11,34,0.0,Clouds,scattered clouds,18
Napkor,47.948889,21.873056,2026-05-25 18:50:37.980727,20.58,20.23,20.58,20.58,1026,59,6.43,6,34,0.0,Clouds,scattered clouds,18
Apagy,47.953775,21.939044,2026-05-25 18:50:39.136387,20.56,20.19,20.56,20.56,1026,58,6.34,4,33,0.0,Clouds,scattered clouds,18
Levelek-Magy,47.948056,21.993611,2026-05-25 18:50:40.297374,20.47,20.09,20.47,20.47,1026,58,6.17,1,31,0.0,Clouds,scattered clouds,18
Ófehértó,47.940556,22.041389,2026-05-25 18:50:41.450304,20.36,19.94,20.36,20.36,1026,57,6.07,359,33,0.0,Clouds,scattered clouds,18
Ligettanya,47.951667,22.071389,2026-05-25 18:50:42.606124,20.29,19.86,20.29,20.29,1026,57,6.05,356,27,0.0,Clouds,scattered clouds,18
Baktalórántháza,47.988611,22.083333,2026-05-25 18:50:43.758234,20.29,19.86,20.29,20.29,1026,57,6.07,356,24,0.0,Clouds,few clouds,18
Vaja-Rohod,48.006389,22.164167,2026-05-25 18:50:44.912725,20.24,19.83,20.24,20.24,1026,58,6.04,353,19,0.0,Clouds,few clouds,18
Rákóczitanya,48.022222,22.178333,2026-05-25 18:50:46.076334,20.18,19.77,20.18,20.18,1026,58,6.0,352,18,0.0,Clouds,few clouds,18
Nyírmada,48.059167,22.203056,2026-05-25 18:50:47.231553,20.2,19.79,20.2,20.2,1026,58,5.99,352,14,0.0,Clouds,few clouds,18
Tunyogmatolcs,47.960244,22.442247,2026-05-25 18:50:48.396700,20.13,19.69,20.13,20.13,1026,57,5.18,349,19,0.0,Clouds,few clouds,18
Tunyogmatolcs alsó,47.966025,22.464713,2026-05-25 18:50:49.556563,20.07,19.62,20.07,20.07,1026,57,5.02,348,19,0.0,Clouds,few clouds,18
Fehérgyarmat,47.979167,22.524444,2026-05-25 18:50:50.711152,20.02,19.57,20.02,20.02,1026,57,4.6,348,19,0.0,Clouds,few clouds,18
Penyige,47.995278,22.566944,2026-05-25 18:50:51.867454,20.0,19.54,20.0,20.0,1026,57,4.48,348,19,0.0,Clouds,few clouds,18
Nagyszekeres,47.976111,22.6125,2026-05-25 18:50:53.020009,19.98,19.5,19.98,19.98,1026,56,4.36,348,20,0.0,Clouds,few clouds,18
Kisszekeres,47.965833,22.629444,2026-05-25 18:50:54.182703,19.98,19.5,19.98,19.98,1025,56,4.39,348,21,0.0,Clouds,few clouds,18
Jánkmajtis,47.941944,22.657222,2026-05-25 18:50:55.340936,19.96,19.45,19.96,19.96,1025,55,4.31,348,26,0.0,Clouds,scattered clouds,18
Gacsály,47.926111,22.745,2026-05-25 18:50:56.501786,23.03,22.8,23.03,23.03,1025,54,4.12,349,32,0.0,Clouds,scattered clouds,18
Zajta,47.9025,22.796111,2026-05-25 18:50:57.659278,23.03,22.75,23.03,23.03,1025,52,4.08,350,44,0.0,Clouds,scattered clouds,18
Eperjeske alsó,48.360556,22.19,2026-05-25 18:50:58.819912,20.16,19.88,20.16,20.16,1027,63,5.19,347,12,0.0,Clouds,few clouds,18
Mándok,48.326944,22.196389,2026-05-25 18:50:59.983951,20.16,19.88,20.16,20.16,1026,63,5.41,348,12,0.0,Clouds,few clouds,18
Tornyospálca,48.268333,22.201944,2026-05-25 18:51:01.149788,20.22,19.92,20.22,20.22,1026,62,5.6,349,12,0.0,Clouds,few clouds,18
Aranyosapáti,48.211303,22.253534,2026-05-25 18:51:02.303712,20.22,19.92,20.22,20.22,1026,62,5.22,346,15,0.0,Clouds,few clouds,18
Gyüre,48.171389,22.269167,2026-05-25 18:51:03.458886,20.23,19.9,20.23,20.23,1026,61,5.4,347,14,0.0,Clouds,few clouds,18
Varsány,48.151722,22.290047,2026-05-25 18:51:04.626706,20.2,19.84,20.2,20.2,1026,60,5.32,347,15,0.0,Clouds,few clouds,18
Vásárosnamény,48.126667,22.306111,2026-05-25 18:51:05.785043,20.22,19.86,20.22,20.22,1026,60,5.42,348,14,0.0,Clouds,few clouds,18
Vitka,48.095556,22.308056,2026-05-25 18:51:06.944007,20.21,19.83,20.21,20.21,1026,59,5.5,349,14,0.0,Clouds,few clouds,18
Nagydobos,48.054167,22.311111,2026-05-25 18:51:08.100697,20.15,19.76,20.15,20.15,1026,59,5.58,349,15,0.0,Clouds,few clouds,18
Ópályi,47.997778,22.318333,2026-05-25 18:51:09.253672,20.14,19.7,20.14,20.14,1026,57,5.72,350,17,0.0,Clouds,few clouds,18
Nyírcsaholy,47.908056,22.348333,2026-05-25 18:51:10.409230,20.16,19.72,20.16,20.16,1026,57,5.63,350,25,0.0,Clouds,scattered clouds,18
Nagyecsed,47.864722,22.385556,2026-05-25 18:51:11.561880,20.13,19.69,20.13,20.13,1026,57,5.25,349,32,0.0,Clouds,scattered clouds,18
Tiborszállás,47.815278,22.402778,2026-05-25 18:51:12.716484,20.13,19.66,20.13,20.13,1026,56,5.15,349,42,0.0,Clouds,scattered clouds,18
Kiskunhalas,46.434444,19.493611,2026-05-25 18:51:13.875590,23.54,23.2,23.54,23.54,1026,48,5.54,338,100,0.0,Clouds,overcast clouds,18
Kecskemét alsó,46.895833,19.692222,2026-05-25 18:51:15.032172,24.99,24.69,24.99,24.99,1026,44,3.6,320,0,0.0,Clear,clear sky,18
Putnok,48.286667,20.4375,2026-05-25 18:51:16.193185,23.33,23.29,23.33,23.33,1027,60,1.61,108,0,0.0,Clear,clear sky,18
Bánréve,48.299722,20.351944,2026-05-25 18:51:17.349259,23.32,23.27,23.32,23.32,1027,60,1.77,97,0,0.0,Clear,clear sky,18
Ipolytarnóc,48.236667,19.629167,2026-05-25 18:51:18.507720,20.76,20.48,20.76,20.76,1027,61,1.76,48,4,0.0,Clear,clear sky,18
Rákosliget,47.486111,19.257778,2026-05-25 18:51:19.661122,24.21,23.76,24.03,24.75,1026,41,3.09,320,0,0.0,Clear,clear sky,18
Ikrény,47.657778,17.524167,2026-05-25 18:51:20.817640,24.08,24.06,24.08,24.08,1027,58,3.65,359,10,0.0,Clear,clear sky,18
Rábapatona,47.648889,17.461944,2026-05-25 18:51:21.974342,24.1,24.08,24.1,24.1,1027,58,3.66,3,10,0.0,Clear,clear sky,18
Enese,47.644167,17.425278,2026-05-25 18:51:23.131662,24.1,24.08,24.1,24.1,1027,58,3.66,6,9,0.0,Clear,clear sky,18
Kóny,47.632222,17.357222,2026-05-25 18:51:24.288324,23.39,23.3,23.39,23.39,1027,58,3.64,9,10,0.0,Clear,clear sky,18
Farád,47.595278,17.195833,2026-05-25 18:51:25.451381,23.58,23.53,23.58,23.58,1027,59,3.53,14,8,0.0,Clear,clear sky,18
Rábatamási,47.592778,17.161389,2026-05-25 18:51:26.608626,23.58,23.53,23.58,23.58,1027,59,3.53,14,8,0.0,Clear,clear sky,18
Szárföld,47.589167,17.123889,2026-05-25 18:51:27.760015,23.62,23.58,23.62,23.62,1027,59,3.5,14,8,0.0,Clear,clear sky,18
Veszkény,47.586944,17.101389,2026-05-25 18:51:28.916075,23.65,23.61,23.65,23.65,1028,59,3.48,14,8,0.0,Clear,clear sky,18
Kapuvár,47.581944,17.046944,2026-05-25 18:51:30.095085,23.66,23.62,23.66,23.66,1028,59,3.43,15,9,0.0,Clear,clear sky,18
Vitnyéd-Csermajor,47.5825,16.987222,2026-05-25 18:51:31.247973,23.71,23.7,23.71,23.71,1028,60,3.41,13,9,0.0,Clear,clear sky,18
Petőháza,47.595278,16.893056,2026-05-25 18:51:32.400918,23.78,23.78,23.78,23.78,1028,60,3.47,7,9,0.0,Clear,clear sky,18
Fertőszentmiklós,47.6,16.858889,2026-05-25 18:51:33.561230,23.79,23.82,23.79,23.79,1028,61,3.48,5,9,0.0,Clear,clear sky,18
Pinnye,47.600278,16.768611,2026-05-25 18:51:34.719548,23.7,23.72,23.7,23.7,1028,61,3.38,360,10,0.0,Clear,clear sky,18
Fertőboz,47.625,16.691667,2026-05-25 18:51:35.874196,23.67,23.71,23.67,23.67,1028,62,3.26,356,10,0.0,Clear,clear sky,18
Sopron,47.677778,16.587222,2026-05-25 18:51:37.026630,23.39,23.4,23.39,23.39,1028,62,2.76,353,11,0.0,Clouds,few clouds,18
Fertőszéplak-Fertőd,47.618889,16.850833,2026-05-25 18:51:38.182616,23.86,23.89,23.86,23.86,1028,61,3.56,3,9,0.0,Clear,clear sky,18
Nyúl,47.587778,17.698056,2026-05-25 18:51:39.336621,24.02,23.68,24.02,25.14,1027,46,4.63,340,0,0.0,Clear,clear sky,18
Pannonhalma,47.547778,17.740833,2026-05-25 18:51:40.494101,23.96,23.61,23.96,25.08,1027,46,4.63,340,0,0.0,Clear,clear sky,18
Tarjánpuszta,47.504722,17.789167,2026-05-25 18:51:41.652047,23.73,23.36,23.73,24.84,1027,46,4.63,340,0,0.0,Clear,clear sky,18
Győrasszonyfa,47.4925,17.799167,2026-05-25 18:51:42.815117,23.66,23.28,23.66,24.77,1027,46,4.63,340,0,0.0,Clear,clear sky,18
Veszprémvarsány,47.443333,17.818333,2026-05-25 18:51:43.974861,23.71,23.7,23.71,24.83,1027,60,3.02,341,8,0.0,Clear,clear sky,18
Bakonyszentlászló,47.395556,17.8175,2026-05-25 18:51:45.127884,24.58,24.66,23.47,24.58,1028,60,3.11,343,8,0.0,Clear,clear sky,18
Porva-Csesznek,47.326944,17.841111,2026-05-25 18:51:46.283590,23.59,23.57,23.59,23.59,1028,60,3.26,344,8,0.0,Clear,clear sky,18
Zirc,47.266667,17.878056,2026-05-25 18:51:47.435207,20.92,20.61,20.92,20.92,1028,59,3.77,341,9,0.0,Clear,clear sky,18
Eplény,47.192778,17.921667,2026-05-25 18:51:48.597442,21.37,21.05,21.37,21.37,1028,57,4.27,340,9,0.0,Clear,clear sky,18
Marcaltő,47.4275,17.348889,2026-05-25 18:51:49.750569,25.17,24.97,25.17,25.17,1027,47,3.09,30,0,0.0,Clear,clear sky,18
Szany-Rábaszentandrás,47.460833,17.315278,2026-05-25 18:51:50.907146,25.17,24.97,25.17,25.17,1027,47,3.09,30,0,0.0,Clear,clear sky,18
Egyed-Rábacsanak,47.521944,17.316389,2026-05-25 18:51:52.063016,25.18,25.29,25.18,25.18,1027,59,3.57,16,11,0.0,Clouds,few clouds,18
Rábapordány,47.557222,17.315,2026-05-25 18:51:53.216971,25.18,25.29,25.18,25.18,1027,59,3.58,15,10,0.0,Clear,clear sky,18
Albertfalva,47.440784,19.033965,2026-05-25 18:51:54.372373,24.88,24.42,24.28,25.0,1026,38,3.09,320,0,0.0,Clear,clear sky,18
Budafok,47.425833,19.041389,2026-05-25 18:51:55.525458,24.89,24.43,24.29,25.01,1026,38,3.09,320,0,0.0,Clear,clear sky,18
Tétényliget,47.384722,18.955278,2026-05-25 18:51:56.679631,24.9,24.44,24.31,25.03,1026,38,1.79,293,6,0.0,Clear,clear sky,18
Érd alsó,47.379722,18.923056,2026-05-25 18:51:57.828261,24.53,24.08,23.29,25.45,1026,40,1.79,293,6,0.0,Clear,clear sky,18
Tárnok,47.365556,18.873889,2026-05-25 18:51:58.985573,24.45,24.0,23.35,24.95,1026,40,3.72,318,5,0.0,Clear,clear sky,18
Martonvásár,47.321389,18.781667,2026-05-25 18:52:00.148950,24.59,24.36,23.28,24.88,1026,48,3.58,317,9,0.0,Clear,clear sky,18
Baracska,47.297222,18.753333,2026-05-25 18:52:01.309817,24.88,24.68,23.38,24.88,1026,48,3.45,317,13,0.0,Clouds,few clouds,18
Pettend,47.26,18.708889,2026-05-25 18:52:02.475306,23.23,22.91,23.23,23.23,1026,50,3.29,319,17,0.0,Clouds,few clouds,18
Kápolnásnyék,47.245556,18.692222,2026-05-25 18:52:03.629540,23.18,22.86,23.18,23.18,1026,50,3.23,319,20,0.0,Clouds,few clouds,18
Velence,47.226944,18.663889,2026-05-25 18:52:04.781230,23.21,22.92,23.21,23.21,1026,51,3.25,321,19,0.0,Clouds,few clouds,18
Velencefürdő,47.218611,18.648056,2026-05-25 18:52:05.935471,23.16,22.86,23.16,23.16,1026,51,3.23,321,24,0.0,Clouds,few clouds,18
Gárdony,47.205833,18.624722,2026-05-25 18:52:07.088925,23.14,22.84,23.14,23.14,1026,51,3.28,322,23,0.0,Clouds,few clouds,18
Agárd,47.197666,18.604907,2026-05-25 18:52:08.248482,23.14,22.84,23.14,23.14,1026,51,3.28,322,23,0.0,Clouds,few clouds,18
Dinnyés,47.179722,18.560833,2026-05-25 18:52:09.403495,23.04,22.76,23.04,23.04,1026,52,3.46,325,26,0.0,Clouds,scattered clouds,18
Székesfehérvár,47.183611,18.424722,2026-05-25 18:52:10.564031,22.94,22.65,22.94,22.94,1026,52,4.18,331,18,0.0,Clouds,few clouds,18
Szabadbattyán,47.105278,18.388333,2026-05-25 18:52:11.731838,22.69,22.45,22.69,22.69,1027,55,3.93,332,27,0.0,Clouds,scattered clouds,18
Kiscséripuszta,47.048056,18.355,2026-05-25 18:52:12.885707,22.32,22.1,22.32,22.32,1027,57,3.69,332,30,0.0,Clouds,scattered clouds,18
Lepsény,46.9875,18.248056,2026-05-25 18:52:14.044287,22.4,22.21,22.4,22.4,1027,58,3.49,333,26,0.0,Clouds,scattered clouds,18
Balatonaliga,46.984444,18.171389,2026-05-25 18:52:15.210868,22.23,22.02,22.23,22.23,1027,58,3.78,337,20,0.0,Clouds,few clouds,18
Balatonvilágos,46.964167,18.157222,2026-05-25 18:52:16.372174,22.53,22.35,22.53,22.53,1027,58,3.74,338,21,0.0,Clouds,few clouds,18
Szabadifürdő,46.926111,18.103333,2026-05-25 18:52:17.532320,22.46,22.3,22.46,22.46,1027,59,3.61,340,25,0.0,Clouds,scattered clouds,18
Ózd alsó,48.227778,20.306111,2026-05-25 18:52:18.685831,23.16,23.1,23.16,23.16,1027,60,2.09,101,17,0.0,Clouds,few clouds,18
Ózd,48.2225,20.294722,2026-05-25 18:52:19.852844,23.21,23.15,23.21,23.21,1027,60,2.09,101,17,0.0,Clouds,few clouds,18
Alsóboldva,48.212778,20.792222,2026-05-25 18:52:21.024804,21.72,21.41,21.72,23.54,1027,56,2.41,42,13,0.0,Clouds,few clouds,18
Boldva,48.223333,20.790278,2026-05-25 18:52:22.184323,21.71,21.4,21.71,23.53,1027,56,2.41,42,13,0.0,Clouds,few clouds,18
Borsodszirák,48.259167,20.770556,2026-05-25 18:52:23.348957,21.66,21.34,21.66,23.49,1027,56,2.15,54,8,0.0,Clear,clear sky,18
Edelény alsó,48.279167,20.760833,2026-05-25 18:52:24.503732,21.64,21.37,21.64,21.64,1027,58,2.15,54,8,0.0,Clear,clear sky,18
Edelény,48.299722,20.749444,2026-05-25 18:52:25.730930,21.62,21.35,21.62,21.62,1027,58,2.17,56,7,0.0,Clear,clear sky,18
Szendrőlád,48.334444,20.731944,2026-05-25 18:52:26.963182,21.53,21.25,21.53,21.53,1027,58,1.91,57,6,0.0,Clear,clear sky,18
Szendrő,48.400725,20.721346,2026-05-25 18:52:28.182574,20.37,19.98,20.37,20.37,1027,58,1.94,47,7,0.0,Clear,clear sky,18
Szendrő felső,48.409907,20.720148,2026-05-25 18:52:29.338949,20.37,19.98,20.37,20.37,1027,58,1.94,47,7,0.0,Clear,clear sky,18
Szalonna,48.449444,20.722222,2026-05-25 18:52:30.493492,20.42,20.03,20.42,20.42,1027,58,2.05,33,8,0.0,Clear,clear sky,18
Perkupa,48.471389,20.691111,2026-05-25 18:52:31.647200,19.71,19.25,19.71,19.71,1027,58,1.95,24,8,0.0,Clear,clear sky,18
Szemeretelep,47.443056,19.214167,2026-05-25 18:52:32.806376,24.3,23.83,23.21,24.81,1026,40,3.09,320,0,0.0,Clear,clear sky,18
Jósvafő-Aggtelek,48.489722,20.693889,2026-05-25 18:52:33.959278,20.03,19.6,20.03,20.03,1027,58,2.12,19,9,0.0,Clear,clear sky,18
Bódvaszilas,48.5375,20.738056,2026-05-25 18:52:35.117002,19.64,19.17,19.64,19.64,1027,58,2.33,18,9,0.0,Clear,clear sky,18
Komjáti,48.5475,20.759722,2026-05-25 18:52:36.277270,19.21,18.7,19.21,19.21,1027,58,2.45,15,9,0.0,Clear,clear sky,18
Tornanádaska,48.558333,20.787222,2026-05-25 18:52:37.428984,20.38,19.99,20.38,20.38,1027,58,2.52,18,9,0.0,Clear,clear sky,18
Onga,48.121111,20.906667,2026-05-25 18:52:38.595721,21.77,21.46,21.77,21.77,1026,56,3.04,26,35,0.0,Clouds,scattered clouds,18
Szikszó-Vásártér,48.193056,20.934722,2026-05-25 18:52:39.750437,21.73,21.42,21.73,21.73,1027,56,3.26,34,18,0.0,Clouds,few clouds,18
Szikszó,48.201667,20.941667,2026-05-25 18:52:40.904380,21.75,21.44,21.75,21.75,1027,56,3.36,35,19,0.0,Clouds,few clouds,18
Aszaló,48.219867,20.961466,2026-05-25 18:52:42.056001,21.73,21.42,21.73,21.73,1027,56,3.47,37,14,0.0,Clouds,few clouds,18
Halmaj,48.246667,20.991667,2026-05-25 18:52:43.209807,21.71,21.42,21.71,21.71,1027,57,3.66,39,11,0.0,Clouds,few clouds,18
Csobád,48.277222,21.033889,2026-05-25 18:52:44.374232,21.68,21.39,21.68,21.68,1027,57,3.8,40,9,0.0,Clear,clear sky,18
Ináncs,48.291111,21.057778,2026-05-25 18:52:45.541478,21.68,21.42,21.68,21.68,1027,58,3.8,41,12,0.0,Clouds,few clouds,18
Forró-Encs,48.3275,21.117778,2026-05-25 18:52:46.694995,20.54,20.16,20.54,20.54,1027,58,3.77,41,13,0.0,Clouds,few clouds,18
Méra,48.363056,21.140278,2026-05-25 18:52:47.853475,20.31,19.91,20.31,20.31,1027,58,3.72,42,12,0.0,Clouds,few clouds,18
Novajidrány,48.404444,21.170556,2026-05-25 18:52:49.008083,22.5,22.32,22.5,22.5,1027,58,3.56,41,13,0.0,Clouds,few clouds,18
Hernádszurdok,48.487222,21.213889,2026-05-25 18:52:50.165340,22.42,21.84,22.42,22.42,1027,43,6.17,20,0,0.0,Clear,clear sky,18
Hidasnémeti,48.508333,21.229722,2026-05-25 18:52:51.326334,22.43,21.85,22.43,22.43,1027,43,6.17,20,0,0.0,Clear,clear sky,18
Mád,48.19,21.268889,2026-05-25 18:52:52.482829,20.33,20.01,20.33,20.33,1027,61,2.8,44,45,0.0,Clouds,scattered clouds,18
Rátka,48.215,21.230278,2026-05-25 18:52:53.633031,20.68,20.4,20.68,20.68,1027,61,2.83,42,39,0.0,Clouds,scattered clouds,18
Tállya,48.226944,21.225278,2026-05-25 18:52:54.794061,20.68,20.4,20.68,20.68,1027,61,2.83,42,39,0.0,Clouds,scattered clouds,18
Golop,48.242778,21.204167,2026-05-25 18:52:55.948263,20.7,20.39,20.7,20.7,1027,60,3.12,40,29,0.0,Clouds,scattered clouds,18
Abaújszántó,48.286944,21.181667,2026-05-25 18:52:57.105552,20.38,20.01,20.38,20.38,1027,59,3.34,40,22,0.0,Clouds,few clouds,18
Abaújszántói fürdő,48.268333,21.179722,2026-05-25 18:52:58.259633,20.66,20.32,20.66,20.66,1027,59,3.24,40,25,0.0,Clouds,scattered clouds,18
Abaújkér,48.309444,21.198333,2026-05-25 18:52:59.410948,20.37,20.0,20.37,20.37,1027,59,3.43,40,19,0.0,Clouds,few clouds,18
Boldogkőváralja,48.345,21.208889,2026-05-25 18:53:00.563195,20.32,19.95,20.32,20.32,1027,59,3.11,39,21,0.0,Clouds,few clouds,18
Korlát-Vizsoly,48.365,21.219167,2026-05-25 18:53:01.715930,20.44,20.08,20.44,20.44,1027,59,3.14,39,18,0.0,Clouds,few clouds,18
Fony,48.411389,21.242778,2026-05-25 18:53:02.868038,22.3,22.13,19.16,22.3,1027,59,3.17,38,14,0.0,Clouds,few clouds,18
Hejce-Vilmány,48.419444,21.245556,2026-05-25 18:53:04.020310,22.27,22.09,19.12,22.27,1027,59,3.17,38,14,0.0,Clouds,few clouds,18
Göncruszka,48.445,21.246944,2026-05-25 18:53:05.173796,22.36,22.17,19.21,22.36,1027,58,3.18,38,12,0.0,Clouds,few clouds,18
Gönc,48.470556,21.261389,2026-05-25 18:53:06.335811,22.26,22.08,19.12,22.26,1027,59,2.99,34,11,0.0,Clouds,few clouds,18
Zsujta,48.4925,21.265,2026-05-25 18:53:07.494807,22.28,21.69,19.14,22.28,1027,43,6.17,20,0,0.0,Clear,clear sky,18
Bodrogkeresztúr,48.175556,21.354167,2026-05-25 18:53:08.647152,19.98,19.63,19.98,19.98,1027,61,3.07,44,50,0.0,Clouds,scattered clouds,18
Szegi,48.201944,21.387778,2026-05-25 18:53:09.806002,19.65,19.24,19.65,19.65,1027,60,3.44,37,46,0.0,Clouds,scattered clouds,18
Erdőbénye,48.218056,21.401944,2026-05-25 18:53:10.964059,19.62,19.23,19.62,19.62,1027,61,3.58,33,41,0.0,Clouds,scattered clouds,18
Olaszliszka-Tolcsva,48.258333,21.448056,2026-05-25 18:53:12.121905,19.65,19.26,19.65,19.65,1027,61,3.53,28,31,0.0,Clouds,scattered clouds,18
Bodrogolaszi,48.286944,21.512778,2026-05-25 18:53:13.276736,19.59,19.72,19.59,19.59,1027,81,3.58,24,26,0.0,Clouds,scattered clouds,18
Sárospatak,48.325833,21.566111,2026-05-25 18:53:14.434938,19.54,19.66,19.54,19.54,1027,81,4.13,17,16,0.0,Clouds,few clouds,18
Sátoraljaújhely,48.385833,21.657778,2026-05-25 18:53:15.591765,19.62,19.75,19.62,19.62,1026,81,3.95,9,10,0.0,Clear,clear sky,18
Vecsés,47.40855,19.25652,2026-05-25 18:53:16.749791,24.28,23.81,24.13,24.85,1026,40,3.09,320,0,0.0,Clear,clear sky,18
Vecsés-Kertekalja,47.403333,19.271389,2026-05-25 18:53:17.902471,24.32,23.85,24.17,24.89,1026,40,3.09,320,0,0.0,Clear,clear sky,18
Üllő,47.390833,19.348889,2026-05-25 18:53:19.067178,24.29,23.85,24.12,24.84,1026,41,3.09,320,0,0.0,Clear,clear sky,18
Monor,47.34545,19.43701,2026-05-25 18:53:20.222180,24.07,23.6,24.07,24.38,1026,41,3.09,320,0,0.0,Clear,clear sky,18
Pilis,47.279722,19.536389,2026-05-25 18:53:21.379908,23.08,22.8,23.08,24.34,1026,52,1.28,9,57,0.0,Clouds,broken clouds,18
Albertirsa,47.240278,19.606389,2026-05-25 18:53:22.533306,23.17,22.85,23.17,23.17,1026,50,1.2,40,73,0.0,Clouds,broken clouds,18
Ceglédbercel-Cserő,47.210278,19.686944,2026-05-25 18:53:23.693387,23.24,22.93,23.24,23.24,1026,50,1.34,56,87,0.0,Clouds,overcast clouds,18
Cegléd,47.182778,19.806111,2026-05-25 18:53:24.852906,23.44,23.15,23.34,25.46,1026,50,1.61,75,100,0.0,Clouds,overcast clouds,18
Abony,47.173056,20.016389,2026-05-25 18:53:26.012135,25.7,25.45,23.41,26.97,1026,43,3.6,330,0,0.0,Clear,clear sky,18
Szolnok,47.179167,20.175833,2026-05-25 18:53:27.169418,26.33,26.33,23.43,26.99,1026,41,3.6,330,0,0.0,Clear,clear sky,18
Szajol,47.170556,20.295278,2026-05-25 18:53:28.322031,27.01,26.68,25.55,27.01,1026,36,3.6,330,0,0.0,Clear,clear sky,18
Törökszentmiklós,47.170278,20.413611,2026-05-25 18:53:29.484696,27.0,26.67,25.55,27.0,1026,36,3.6,330,0,0.0,Clear,clear sky,18
Rákoscsaba-Újtelep,47.4875,19.271944,2026-05-25 18:53:30.638735,24.24,23.76,23.14,24.75,1026,40,3.09,320,0,0.0,Clear,clear sky,18
Rákoscsaba,47.492222,19.284722,2026-05-25 18:53:31.796210,24.22,23.77,24.02,24.74,1026,41,3.09,320,0,0.0,Clear,clear sky,18
Pécel,47.493889,19.338889,2026-05-25 18:53:32.947410,24.11,23.65,23.9,24.62,1026,41,3.09,320,0,0.0,Clear,clear sky,18
Isaszeg,47.537719,19.388955,2026-05-25 18:53:34.103211,24.02,23.55,23.81,24.53,1026,41,3.09,320,0,0.0,Clear,clear sky,18
Gödöllő,47.592222,19.358611,2026-05-25 18:53:35.272689,23.81,23.32,22.7,24.31,1026,41,3.09,320,0,0.0,Clear,clear sky,18
Máriabesnyő,47.595556,19.389722,2026-05-25 18:53:36.429022,23.96,23.48,23.73,24.45,1026,41,1.73,19,33,0.0,Clouds,scattered clouds,18
Bag,47.641111,19.471667,2026-05-25 18:53:37.581330,24.4,24.28,24.08,24.4,1026,53,1.79,37,42,0.0,Clouds,scattered clouds,18
Aszód,47.647467,19.492882,2026-05-25 18:53:38.749738,24.47,24.41,24.16,24.47,1026,55,1.86,39,46,0.0,Clouds,scattered clouds,18
Hévízgyörk,47.638611,19.526667,2026-05-25 18:53:39.902402,24.48,24.45,24.48,24.48,1026,56,1.93,42,49,0.0,Clouds,scattered clouds,18
Galgahévíz,47.6325,19.558333,2026-05-25 18:53:41.060320,24.47,24.46,24.47,24.47,1026,57,2.17,41,63,0.0,Clouds,broken clouds,18
Tura,47.626389,19.5975,2026-05-25 18:53:42.215795,24.5,24.52,24.5,24.5,1026,58,2.25,45,63,0.0,Clouds,broken clouds,18
Hatvan,47.663611,19.671389,2026-05-25 18:53:43.375593,21.93,21.72,21.93,21.93,1026,59,2.23,64,40,0.0,Clouds,scattered clouds,18
Vámosgyörk,47.686111,19.927778,2026-05-25 18:53:44.532991,21.43,21.22,21.43,21.43,1027,61,3.05,77,27,0.0,Clouds,scattered clouds,18
Adács,47.696389,19.975278,2026-05-25 18:53:45.691851,21.29,21.12,21.29,21.29,1027,63,3.15,77,19,0.0,Clouds,few clouds,18
Karácsond,47.718056,20.048611,2026-05-25 18:53:46.845219,21.08,20.89,21.08,21.08,1027,63,3.11,76,16,0.0,Clouds,few clouds,18
Ludas,47.723889,20.095556,2026-05-25 18:53:48.008123,21.17,20.99,21.17,21.17,1027,63,3.36,80,13,0.0,Clouds,few clouds,18
Nagyút,47.72666666666667,20.161388888888887,2026-05-25 18:53:49.162882,21.1,20.91,21.1,21.1,1027,63,3.44,82,12,0.0,Clouds,few clouds,18
Kál-Kápolna,47.734167,20.254167,2026-05-25 18:53:50.325746,21.01,20.81,21.01,21.01,1027,63,3.59,82,14,0.0,Clouds,few clouds,18
Füzesabony,47.751389,20.415278,2026-05-25 18:53:51.485667,20.93,20.7,20.93,20.93,1027,62,3.58,68,31,0.0,Clouds,scattered clouds,18
Szihalom,47.766944,20.491944,2026-05-25 18:53:52.647853,20.82,20.58,20.82,20.82,1027,62,3.56,60,37,0.0,Clouds,scattered clouds,18
Mezőkövesd,47.797222,20.5675,2026-05-25 18:53:53.805714,20.85,20.58,20.85,20.85,1027,61,3.47,49,35,0.0,Clouds,scattered clouds,18
Mezőkövesd felső,47.807222,20.591389,2026-05-25 18:53:54.971954,22.47,22.37,22.47,22.47,1027,61,3.47,49,35,0.0,Clouds,scattered clouds,18
Mezőkeresztes-Mezőnyárád,47.845556,20.670278,2026-05-25 18:53:56.133382,22.47,22.37,21.75,22.47,1027,61,3.4,34,30,0.0,Clouds,scattered clouds,18
Csincse,47.890833,20.764167,2026-05-25 18:53:57.288217,21.77,21.6,21.77,22.49,1027,61,3.27,25,28,0.0,Clouds,scattered clouds,18
Emőd,47.930556,20.822778,2026-05-25 18:53:58.443724,21.79,21.49,21.79,22.51,1027,56,3.25,17,33,0.0,Clouds,scattered clouds,18
Nyékládháza,47.9925,20.840556,2026-05-25 18:53:59.602698,21.82,21.52,21.82,22.54,1026,56,3.17,13,38,0.0,Clouds,scattered clouds,18
Miskolc-Tiszai,48.098611,20.811389,2026-05-25 18:54:00.764472,21.74,21.43,21.74,22.46,1026,56,2.88,17,32,0.0,Clouds,scattered clouds,18
Felsőzsolca,48.083611,20.866111,2026-05-25 18:54:01.918867,21.77,21.46,21.77,22.48,1026,56,2.98,18,35,0.0,Clouds,scattered clouds,18
Hernádnémeti-Bőcs,48.051389,20.985,2026-05-25 18:54:03.071295,21.77,21.46,21.77,21.77,1026,56,2.75,31,49,0.0,Clouds,scattered clouds,18
Tiszalúc,48.039722,21.0575,2026-05-25 18:54:04.229907,21.81,21.64,21.81,21.81,1026,61,2.51,48,56,0.0,Clouds,broken clouds,18
Taktaharkány,48.091667,21.128611,2026-05-25 18:54:05.389175,21.86,21.69,21.86,21.86,1026,61,2.6,48,53,0.0,Clouds,broken clouds,18
Taktaszada,48.1125,21.149444,2026-05-25 18:54:06.546932,21.87,21.71,21.87,21.87,1027,61,2.66,48,50,0.0,Clouds,scattered clouds,18
Szerencs,48.155556,21.214444,2026-05-25 18:54:07.703041,20.85,20.58,20.85,20.85,1027,61,2.75,46,47,0.0,Clouds,scattered clouds,18
Mezőzombor,48.156944,21.267778,2026-05-25 18:54:08.872223,20.76,20.48,20.76,20.76,1027,61,2.81,46,48,0.0,Clouds,scattered clouds,18
Tarcal,48.125,21.34,2026-05-25 18:54:10.040953,20.9,20.64,20.9,20.9,1027,61,3.26,49,57,0.0,Clouds,broken clouds,18
Tokaj,48.112778,21.406667,2026-05-25 18:54:11.194651,20.35,19.98,20.35,20.35,1027,59,4.14,40,57,0.0,Clouds,broken clouds,18
Rakamaz,48.12,21.475,2026-05-25 18:54:12.348045,20.85,20.53,20.85,20.85,1027,59,4.48,37,56,0.0,Clouds,broken clouds,18
Görögszállás,48.04,21.555,2026-05-25 18:54:13.505626,20.85,20.51,20.85,20.85,1027,58,5.57,33,58,0.0,Clouds,broken clouds,18
Nyírtelek,48.005,21.615556,2026-05-25 18:54:14.659586,20.8,20.45,20.8,20.8,1027,58,6.39,25,52,0.0,Clouds,broken clouds,18
Rákoshegy,47.468611,19.245556,2026-05-25 18:54:15.818422,24.18,23.7,23.09,24.69,1026,40,3.09,320,0,0.0,Clear,clear sky,18
Ecser,47.439444,19.318056,2026-05-25 18:54:16.973620,24.19,23.74,24.02,24.74,1026,41,3.09,320,0,0.0,Clear,clear sky,18
Maglód,47.438889,19.340833,2026-05-25 18:54:18.125443,24.14,23.68,23.96,24.68,1026,41,3.09,320,0,0.0,Clear,clear sky,18
Maglódi nyaraló,47.434167,19.363611,2026-05-25 18:54:19.292099,24.04,23.57,23.86,24.58,1026,41,3.09,320,0,0.0,Clear,clear sky,18
Gyömrő,47.429722,19.393333,2026-05-25 18:54:20.454884,24.0,23.53,23.82,24.55,1026,41,3.09,320,0,0.0,Clear,clear sky,18
Mende,47.426944,19.439722,2026-05-25 18:54:21.606949,23.97,23.49,23.79,24.51,1026,41,3.09,320,0,0.0,Clear,clear sky,18
Szőlősnyaraló,47.450278,19.561111,2026-05-25 18:54:22.765860,24.28,23.83,23.07,24.33,1026,41,2.16,21,95,0.0,Clouds,overcast clouds,18
Sülysáp,47.451944,19.5275,2026-05-25 18:54:23.926332,24.22,23.77,23.05,24.31,1026,41,2.05,16,86,0.0,Clouds,overcast clouds,18
Tápiószecső,47.443056,19.614722,2026-05-25 18:54:25.081589,23.64,23.52,23.15,24.42,1026,56,2.19,25,97,0.0,Clouds,overcast clouds,18
Szentmártonkáta,47.431944,19.680556,2026-05-25 18:54:26.235546,23.18,22.86,23.18,24.44,1026,50,2.21,33,99,0.0,Clouds,overcast clouds,18
Nagykáta,47.409722,19.737778,2026-05-25 18:54:27.388101,23.25,22.94,23.25,23.25,1026,50,2.06,38,100,0.0,Clouds,overcast clouds,18
Farmos,47.355278,19.8375,2026-05-25 18:54:28.558360,23.36,23.06,23.36,23.36,1026,50,1.88,65,100,0.0,Clouds,overcast clouds,18
Tápiószele,47.346313,19.873504,2026-05-25 18:54:29.717562,23.34,23.04,23.34,23.34,1026,50,1.89,73,100,0.0,Clouds,overcast clouds,18
Tápiógyörgye,47.325,19.95,2026-05-25 18:54:30.874359,23.4,23.1,23.4,25.51,1026,50,2.39,87,99,0.0,Clouds,overcast clouds,18
Újszász,47.285833,20.066944,2026-05-25 18:54:32.030538,23.48,23.19,23.44,27.01,1026,50,2.87,90,96,0.0,Clouds,overcast clouds,18
Szurdokpüspöki,47.851944,19.690278,2026-05-25 18:54:33.185100,21.42,21.24,21.42,21.42,1027,62,2.04,117,0,0.0,Clear,clear sky,18
Lőrinci,47.739444,19.673611,2026-05-25 18:54:34.339362,21.75,21.55,21.75,21.75,1026,60,2.1,79,23,0.0,Clouds,few clouds,18
Selyp,47.759167,19.670833,2026-05-25 18:54:35.497049,21.68,21.47,21.68,21.68,1026,60,2.06,87,16,0.0,Clouds,few clouds,18
Apc-Zagyvaszántó,47.791328,19.66822,2026-05-25 18:54:36.655396,21.63,21.42,21.63,21.63,1026,60,2.05,95,11,0.0,Clouds,few clouds,18
Pásztó,47.918889,19.688889,2026-05-25 18:54:37.809626,21.2,21.02,21.2,21.2,1027,63,2.03,127,0,0.0,Clear,clear sky,18
Mátraszőlős-Hasznos,47.938506,19.706122,2026-05-25 18:54:38.960688,21.11,20.95,21.11,21.11,1027,64,1.97,130,1,0.0,Clear,clear sky,18
Tar,47.956111,19.746389,2026-05-25 18:54:40.118984,20.61,20.37,20.61,20.61,1027,63,1.83,131,12,0.0,Clouds,few clouds,18
Mátraverebély,47.968333,19.778611,2026-05-25 18:54:41.272714,20.61,20.37,20.61,20.61,1027,63,1.83,131,12,0.0,Clouds,few clouds,18
Nagybátony,47.981111,19.82,2026-05-25 18:54:42.428538,20.71,20.48,20.71,20.71,1027,63,1.77,134,22,0.0,Clouds,few clouds,18
Kisterenye,48.009444,19.831944,2026-05-25 18:54:43.586441,20.73,20.48,20.73,20.73,1027,62,1.78,137,34,0.0,Clouds,scattered clouds,18
Kisterenye-Bányatelep,48.021389,19.831944,2026-05-25 18:54:44.745973,20.73,20.48,20.73,20.73,1027,62,1.78,137,34,0.0,Clouds,scattered clouds,18
Salgótarján külső,48.089444,19.790833,2026-05-25 18:54:45.910586,20.17,19.84,20.17,20.17,1027,61,1.82,130,26,0.0,Clouds,scattered clouds,18
Balatonfenyves GV,46.7125,17.479167,2026-05-25 18:54:47.067758,25.08,25.29,25.08,25.08,1027,63,2.63,8,9,0.0,Clear,clear sky,18
Várhegyalja,47.737778,18.366667,2026-05-25 18:54:48.220246,22.42,22.21,22.42,22.42,1027,57,2.63,309,8,0.0,Clear,clear sky,18
Imremajor,46.680556,17.499722,2026-05-25 18:54:49.375069,25.11,25.32,25.11,25.11,1027,63,2.65,8,9,0.0,Clear,clear sky,18
Rákospalota-Kertváros,47.578333,19.122778,2026-05-25 18:54:50.528701,24.39,23.96,23.34,24.94,1026,41,3.09,320,0,0.0,Clear,clear sky,18
Vicziántelep,47.675833,19.286111,2026-05-25 18:54:51.689937,23.93,23.63,22.81,24.41,1026,48,1.34,11,15,0.0,Clouds,few clouds,18
Pálmajor,46.662831,17.457526,2026-05-25 18:54:52.850221,25.1,25.34,25.1,25.1,1027,64,2.7,8,9,0.0,Clear,clear sky,18
Somogyszentpál felső,46.649758,17.471404,2026-05-25 18:54:54.013862,25.07,25.3,25.07,25.07,1027,64,2.67,9,9,0.0,Clear,clear sky,18
Somogyszentpál,46.638611,17.478611,2026-05-25 18:54:55.167378,25.06,25.29,25.06,25.06,1027,64,2.68,9,9,0.0,Clear,clear sky,18
Rudnaykert,47.7175,19.257778,2026-05-25 18:54:56.327307,24.24,24.0,24.23,24.75,1026,49,1.17,354,13,0.0,Clouds,few clouds,18
Maroshegy,47.158333,18.406667,2026-05-25 18:54:57.486781,22.86,22.59,22.86,22.86,1026,53,4.07,331,22,0.0,Clouds,few clouds,18
Bánhida,47.573703,18.371737,2026-05-25 18:54:58.652420,22.42,22.21,22.42,22.42,1027,57,2.97,314,9,0.0,Clear,clear sky,18
Magyarkút,47.850278,19.045,2026-05-25 18:54:59.807698,21.5,21.17,21.5,21.5,1026,56,2.15,285,9,0.0,Clear,clear sky,18
Becske alsó,47.897222,19.364722,2026-05-25 18:55:00.970781,20.72,20.39,20.72,20.72,1026,59,0.23,245,9,0.0,Clear,clear sky,18
Hosszúberek-Péteri,47.370556,19.389722,2026-05-25 18:55:02.138855,24.26,23.81,24.1,24.82,1026,41,3.09,320,0,0.0,Clear,clear sky,18
Monorierdő,47.308889,19.499167,2026-05-25 18:55:03.304075,24.18,23.99,23.06,24.32,1026,51,1.41,2,56,0.0,Clouds,broken clouds,18
Ceglédbercel,47.215833,19.658611,2026-05-25 18:55:04.454736,23.23,22.91,23.23,23.23,1026,50,1.29,50,81,0.0,Clouds,broken clouds,18
Budai út,47.208333,19.731389,2026-05-25 18:55:05.611960,23.27,22.96,23.27,23.27,1026,50,1.39,61,93,0.0,Clouds,overcast clouds,18
Büdöskútpuszta,48.373056,20.726111,2026-05-25 18:55:06.765186,20.51,20.13,20.51,20.51,1027,58,1.92,52,6,0.0,Clear,clear sky,18
Bánrévei Vízmű,48.282778,20.368333,2026-05-25 18:55:07.920539,22.24,22.09,22.24,22.24,1027,60,1.71,100,0,0.0,Clear,clear sky,18
Rákoskert,47.456389,19.296111,2026-05-25 18:55:09.076459,24.07,23.6,23.89,24.61,1026,41,3.09,320,0,0.0,Clear,clear sky,18
Szirmabesenyő,48.146944,20.783056,2026-05-25 18:55:10.233475,21.67,21.35,21.67,22.39,1026,56,2.42,27,23,0.0,Clouds,few clouds,18
Kitérőgyár,47.766944,19.935278,2026-05-25 18:55:11.392400,20.99,20.79,20.99,20.99,1027,63,2.53,78,20,0.0,Clouds,few clouds,18
Tápiószentmárton,47.373333,19.797778,2026-05-25 18:55:12.543601,23.3,22.99,23.3,23.3,1026,50,1.79,58,100,0.0,Clouds,overcast clouds,18
Zagyvarékas,47.244229,20.097435,2026-05-25 18:55:13.700439,26.19,26.19,23.45,27.01,1026,41,3.6,330,0,0.0,Clear,clear sky,18
Abonyi út,47.206401,20.125204,2026-05-25 18:55:14.869888,26.26,26.26,23.45,27.01,1026,41,3.6,330,0,0.0,Clear,clear sky,18
Jászkisér felső,47.438056,20.202222,2026-05-25 18:55:16.023278,21.79,21.46,21.79,21.79,1026,55,3.51,100,55,0.0,Clouds,broken clouds,18
Szellőhát,47.425556,20.188889,2026-05-25 18:55:17.179275,23.44,23.25,23.44,23.44,1026,54,3.49,99,63,0.0,Clouds,broken clouds,18
Szilvásvárad-Szalajkavölgy,48.0956,20.38272,2026-05-25 18:55:18.338567,20.8,20.27,20.8,20.8,1027,51,2.35,91,62,0.0,Clouds,broken clouds,18
Vásárosnamény külső,48.084444,22.255556,2026-05-25 18:55:19.491278,20.16,19.77,20.16,20.16,1026,59,5.64,349,13,0.0,Clouds,few clouds,18
Újváros,46.660556,20.536111,2026-05-25 18:55:20.657629,22.21,22.42,22.21,22.21,1026,74,3.3,83,86,0.13,Rain,light rain,18
Városi park,46.697778,19.864722,2026-05-25 18:55:21.810807,25.1,25.44,24.58,25.1,1026,68,3.69,1,90,0.0,Clouds,overcast clouds,18
Belsőkamaráspuszta,46.341944,20.848889,2026-05-25 18:55:22.964221,22.94,23.17,22.94,22.94,1026,72,2.95,71,39,0.0,Clouds,scattered clouds,18
Sajószöged,47.945278,20.981667,2026-05-25 18:55:24.119027,21.86,21.69,21.86,21.86,1026,61,2.66,39,45,0.0,Clouds,scattered clouds,18
Kazincbarcika alsó,48.255278,20.649167,2026-05-25 18:55:25.273219,21.63,21.42,21.63,22.35,1027,60,1.43,85,12,0.0,Clouds,few clouds,18
Nyárjas,46.857778,19.923611,2026-05-25 18:55:26.429603,25.05,24.76,24.54,25.05,1026,44,3.6,320,0,0.0,Clear,clear sky,18
Pogonyipuszta,48.296389,20.381667,2026-05-25 18:55:27.588584,22.2,22.04,22.2,22.2,1027,60,1.71,100,0,0.0,Clear,clear sky,18
Sióvölgy,46.911103,18.076964,2026-05-25 18:55:28.742863,22.57,22.4,22.57,22.57,1027,58,3.77,343,25,0.0,Clouds,scattered clouds,18
Répáspuszta,46.430278,17.847222,2026-05-25 18:55:29.903448,22.01,21.99,22.01,22.01,1027,66,3.42,12,12,0.0,Clouds,few clouds,18
Virányos,48.066667,21.527222,2026-05-25 18:55:31.060788,20.83,20.48,20.83,20.83,1027,58,5.44,33,58,0.0,Clouds,broken clouds,18
Füzesbokor,47.988611,21.6475,2026-05-25 18:55:32.230786,20.79,20.44,20.79,20.79,1027,58,6.58,23,48,0.0,Clouds,scattered clouds,18
Kunfehértó,46.355833,19.417222,2026-05-25 18:55:33.394093,23.62,23.32,23.62,23.62,1026,49,5.01,336,100,0.0,Clouds,overcast clouds,18
Erdőszél,46.329444,19.395,2026-05-25 18:55:34.549486,23.44,23.15,23.44,23.44,1026,50,4.47,333,100,0.0,Clouds,overcast clouds,18
Jánoshalma,46.293056,19.330278,2026-05-25 18:55:35.705310,23.42,23.18,23.42,23.42,1026,52,3.98,328,100,0.0,Clouds,overcast clouds,18
Mélykút,46.213056,19.370556,2026-05-25 18:55:36.858907,26.01,26.01,26.01,26.01,1026,54,3.82,324,93,0.0,Clouds,overcast clouds,18
Bácsalmás,46.118056,19.346389,2026-05-25 18:55:38.021357,26.05,26.05,26.05,26.05,1026,58,3.49,318,71,0.0,Clouds,broken clouds,18
Almás,46.116216,19.328803,2026-05-25 18:55:39.173694,26.07,26.07,26.07,26.07,1026,58,3.49,318,71,0.0,Clouds,broken clouds,18
Bácsbokod-Bácsborsód,46.115833,19.16,2026-05-25 18:55:40.336165,22.59,22.6,22.59,22.59,1026,65,3.02,324,56,0.0,Clouds,broken clouds,18
Baja,46.187014,18.957602,2026-05-25 18:55:41.493446,22.66,22.84,22.66,22.66,1026,71,3.02,329,80,0.0,Clouds,broken clouds,18
Harkakötöny,46.458333,19.601944,2026-05-25 18:55:42.647724,23.35,23.07,23.35,23.35,1026,51,5.54,338,99,0.0,Clouds,overcast clouds,18
Tajó,46.473056,19.650556,2026-05-25 18:55:43.801310,23.3,23.04,23.3,23.3,1026,52,5.43,338,97,0.0,Clouds,overcast clouds,18
Kiskunmajsa,46.501667,19.728056,2026-05-25 18:55:44.960873,23.1,22.93,23.1,23.1,1026,56,5.2,337,93,0.0,Clouds,overcast clouds,18
Jászszentlászló,46.565833,19.753611,2026-05-25 18:55:46.112543,22.78,22.73,22.78,22.78,1026,62,4.99,339,92,0.0,Clouds,overcast clouds,18
Galambos,46.625,19.801111,2026-05-25 18:55:47.268228,22.62,22.63,22.62,22.62,1026,65,4.69,343,91,0.0,Clouds,overcast clouds,18
Pestszentimre,47.402222,19.188611,2026-05-25 18:55:48.431789,24.41,23.95,23.3,24.9,1026,40,3.09,320,0,0.0,Clear,clear sky,18
Gyál felső,47.390278,19.204722,2026-05-25 18:55:49.587393,24.4,23.94,24.19,24.91,1026,40,3.09,320,0,0.0,Clear,clear sky,18
Gyál,47.376667,19.219444,2026-05-25 18:55:50.751472,24.42,23.96,24.21,24.94,1026,40,3.09,320,0,0.0,Clear,clear sky,18
Ócsa,47.301389,19.232222,2026-05-25 18:55:51.910767,24.44,24.01,23.34,24.95,1026,41,3.09,320,0,0.0,Clear,clear sky,18
Inárcs-Kakucs,47.247222,19.317778,2026-05-25 18:55:53.065913,24.23,23.86,24.23,24.54,1026,44,2.48,321,49,0.0,Clouds,scattered clouds,18
Dabas,47.194722,19.328889,2026-05-25 18:55:54.222987,24.24,23.92,24.24,24.24,1026,46,2.41,324,52,0.0,Clouds,broken clouds,18
Gyón,47.178333,19.355556,2026-05-25 18:55:55.383887,24.21,23.89,24.21,24.21,1026,46,2.5,325,55,0.0,Clouds,broken clouds,18
Hernád,47.161389,19.4025,2026-05-25 18:55:56.542438,23.35,23.02,23.35,23.35,1026,49,1.85,347,59,0.0,Clouds,broken clouds,18
Bakonygyirót,47.416389,17.811944,2026-05-25 18:55:57.702972,23.59,23.57,23.59,24.71,1028,60,3.0,346,8,0.0,Clear,clear sky,18
Vinye,47.360317,17.819635,2026-05-25 18:55:58.856464,24.03,24.06,22.91,24.03,1028,60,3.18,343,8,0.0,Clear,clear sky,18
Nemesgörzsöny,47.402924,17.376385,2026-05-25 18:56:00.014881,25.16,24.96,25.16,25.16,1027,47,3.09,30,0,0.0,Clear,clear sky,18
Rábahíd,47.438618,17.337525,2026-05-25 18:56:01.173049,25.15,24.95,25.15,25.15,1027,47,3.09,30,0,0.0,Clear,clear sky,18
Öskü,47.162222,18.076389,2026-05-25 18:56:02.323472,22.44,22.23,22.44,22.44,1027,57,4.96,337,10,0.0,Clear,clear sky,18
Márkó,47.1275,17.813889,2026-05-25 18:56:03.475694,21.77,21.46,21.77,21.77,1028,56,3.8,346,9,0.0,Clear,clear sky,18
Nemeskocs,47.203333,17.188889,2026-05-25 18:56:04.638043,25.11,25.3,25.11,25.11,1027,62,3.19,32,9,0.0,Clear,clear sky,18
Zalagyömörő,47.011111,17.220833,2026-05-25 18:56:05.797876,23.09,23.13,23.09,23.09,1027,64,2.82,32,10,0.0,Clear,clear sky,18
Rigács,47.061667,17.199167,2026-05-25 18:56:06.965323,23.07,23.1,23.07,23.07,1027,64,2.88,33,10,0.0,Clear,clear sky,18
Kemenespálfa,47.139722,17.183056,2026-05-25 18:56:08.126919,23.26,23.29,23.26,23.26,1028,63,3.05,34,9,0.12,Rain,light rain,18
Lentiszombathely,46.611389,16.5725,2026-05-25 18:56:09.287747,21.06,21.0,21.06,21.06,1028,68,1.73,12,7,0.0,Clear,clear sky,18
Ortaháza,46.626667,16.685833,2026-05-25 18:56:10.446353,22.88,23.05,22.88,22.88,1028,70,1.63,18,7,0.0,Clear,clear sky,18
Rádiháza,46.654722,16.765833,2026-05-25 18:56:11.602339,22.81,23.0,22.81,22.81,1028,71,1.63,22,7,0.0,Clear,clear sky,18
Baktüttös,46.690833,16.826389,2026-05-25 18:56:12.758074,24.6,24.97,24.6,24.6,1028,71,1.86,27,8,0.0,Clear,clear sky,18
Budafa,46.851667,16.624722,2026-05-25 18:56:13.914235,23.1,23.27,23.1,23.1,1028,69,1.66,41,9,0.0,Clear,clear sky,18
Zalapatakalja,46.845556,16.603889,2026-05-25 18:56:15.067686,23.13,23.3,23.13,23.13,1028,69,1.65,33,9,0.0,Clear,clear sky,18
Tormásliget,47.430556,16.781667,2026-05-25 18:56:16.230437,23.5,23.52,23.5,23.5,1028,62,3.21,13,10,0.0,Clear,clear sky,18
Belecska,46.64,18.411389,2026-05-25 18:56:17.383933,22.11,22.0,22.11,22.11,1027,62,3.14,341,36,0.0,Clouds,scattered clouds,18
Almár,47.956111,20.356944,2026-05-25 18:56:18.540951,22.01,21.6,22.01,22.01,1027,51,2.82,76,85,0.0,Clouds,overcast clouds,18
Vasútmúzeum,47.543889,19.099444,2026-05-25 18:56:19.695292,24.38,23.94,23.34,24.95,1026,41,3.09,320,0,0.0,Clear,clear sky,18
Abda,47.690833,17.540556,2026-05-25 18:56:20.846343,24.09,24.07,24.09,24.09,1027,58,3.71,356,9,0.0,Clear,clear sky,18
Vadaspark,47.526111,18.949167,2026-05-25 18:56:22.003650,22.22,21.59,21.54,23.14,1026,42,2.68,304,12,0.0,Clouds,few clouds,18
Barosstelep,47.398889,18.989167,2026-05-25 18:56:23.163651,24.29,23.82,23.4,25.01,1026,40,1.34,299,6,0.0,Clear,clear sky,18
Fegyvernek-Örményes,47.194444,20.5575,2026-05-25 18:56:24.317254,27.02,27.56,27.02,27.02,1026,52,3.26,81,100,0.0,Clouds,overcast clouds,18
Zagyvapálfalva,48.068889,19.785,2026-05-25 18:56:25.471764,20.42,20.14,20.42,20.42,1027,62,1.83,133,26,0.0,Clouds,scattered clouds,18
Salgótarján,48.105556,19.807222,2026-05-25 18:56:26.623884,19.71,19.3,19.71,19.71,1027,60,1.81,125,25,0.0,Clouds,scattered clouds,18
Szabadisóstó,46.933889,18.118056,2026-05-25 18:56:27.781910,22.53,22.35,22.53,22.53,1027,58,3.72,340,22,0.0,Clouds,few clouds,18
Siófok,46.907778,18.053889,2026-05-25 18:56:28.940757,22.57,22.4,22.57,22.57,1027,58,3.77,343,25,0.0,Clouds,scattered clouds,18
Balatonszéplak felső,46.898056,18.018056,2026-05-25 18:56:30.109120,22.47,22.29,22.47,22.47,1027,58,3.69,344,28,0.0,Clouds,scattered clouds,18
Balatonszéplak alsó,46.891944,17.993333,2026-05-25 18:56:31.261941,22.61,22.44,22.61,22.61,1027,58,3.71,345,27,0.0,Clouds,scattered clouds,18
Zamárdi felső,46.886111,17.969444,2026-05-25 18:56:32.422676,22.65,22.49,22.65,22.65,1027,58,3.72,346,26,0.0,Clouds,scattered clouds,18
Zamárdi,46.88,17.944722,2026-05-25 18:56:33.584279,22.65,22.49,22.65,22.65,1027,58,3.72,346,26,0.0,Clouds,scattered clouds,18
Szántód,46.861944,17.899167,2026-05-25 18:56:34.750340,22.64,22.47,22.64,22.64,1027,58,3.47,350,23,0.0,Clouds,few clouds,18
Szőny-Déli,47.735278,18.141944,2026-05-25 18:56:35.904302,24.12,24.13,24.12,24.12,1027,59,3.54,323,8,0.0,Clear,clear sky,18
Várpalota,47.194444,18.149167,2026-05-25 18:56:37.060872,22.26,21.98,22.26,22.26,1027,55,5.19,334,10,0.0,Clear,clear sky,18
Pétfürdő,47.1675,18.121389,2026-05-25 18:56:38.218149,22.64,22.42,22.64,22.64,1027,56,5.12,335,11,0.0,Clouds,few clouds,18
Hajmáskér,47.141111,18.009444,2026-05-25 18:56:39.372528,22.21,21.97,22.21,22.21,1027,57,4.88,337,10,0.0,Clear,clear sky,18
Veszprém,47.118889,17.91,2026-05-25 18:56:40.525917,22.21,21.95,22.21,22.21,1027,56,4.36,341,10,0.0,Clear,clear sky,18
Herend,47.136944,17.760278,2026-05-25 18:56:41.694539,21.7,21.39,21.7,21.7,1028,56,3.61,348,9,0.0,Clear,clear sky,18
Városlőd,47.144167,17.652778,2026-05-25 18:56:42.853698,23.98,23.95,23.98,23.98,1028,58,3.09,7,9,0.0,Clear,clear sky,18
Városlőd-Kislőd,47.133889,17.631111,2026-05-25 18:56:44.011311,24.09,24.07,24.09,24.09,1028,58,3.12,4,9,0.0,Clear,clear sky,18
Ajka,47.105902,17.572938,2026-05-25 18:56:45.166816,24.39,24.45,24.39,24.39,1028,60,3.05,15,9,0.0,Clear,clear sky,18
Ajka-Gyártelep,47.096806,17.555219,2026-05-25 18:56:46.323178,24.44,24.51,24.44,24.44,1028,60,3.05,15,9,0.0,Clear,clear sky,18
Devecser,47.1125,17.435278,2026-05-25 18:56:47.481563,24.84,25.0,24.84,24.84,1028,62,3.05,24,9,0.0,Clear,clear sky,18
Somlóvásárhely,47.124444,17.369167,2026-05-25 18:56:48.638048,24.95,25.15,24.95,24.95,1028,63,3.1,31,9,0.0,Clear,clear sky,18
Tüskevár,47.128611,17.331389,2026-05-25 18:56:49.794880,24.99,25.19,24.99,24.99,1028,63,3.09,32,9,0.0,Clear,clear sky,18
Karakószörcsök,47.133611,17.287778,2026-05-25 18:56:50.949493,23.12,23.13,23.12,23.12,1028,63,3.07,32,9,0.0,Clear,clear sky,18
Kerta,47.151944,17.237222,2026-05-25 18:56:52.107663,23.3,23.33,23.3,23.3,1028,63,3.1,33,9,0.12,Rain,light rain,18
Boba,47.183333,17.191389,2026-05-25 18:56:53.268973,23.31,23.32,23.31,23.31,1027,62,3.14,33,9,0.12,Rain,light rain,18
Börgönd,47.140278,18.515,2026-05-25 18:56:54.427812,22.79,22.51,22.79,22.79,1026,53,3.56,327,36,0.0,Clouds,scattered clouds,18
Belsőbáránd,47.102778,18.499722,2026-05-25 18:56:55.589366,22.66,22.39,22.66,22.66,1026,54,3.61,328,40,0.0,Clouds,scattered clouds,18
Zichyújfalu,47.124444,18.6725,2026-05-25 18:56:56.745838,22.93,22.64,22.93,22.93,1026,52,3.29,320,46,0.0,Clouds,scattered clouds,18
Seregélyes,47.121111,18.580556,2026-05-25 18:56:57.899464,22.95,22.68,22.95,22.95,1026,53,3.47,326,39,0.0,Clouds,scattered clouds,18
Polgárdi-Ipartelepek,47.079167,18.314444,2026-05-25 18:56:59.054813,22.24,21.98,22.24,22.24,1027,56,3.94,333,24,0.0,Clouds,few clouds,18
Polgárdi,47.07,18.284167,2026-05-25 18:57:00.210964,22.24,21.98,22.24,22.24,1027,56,3.94,333,24,0.0,Clouds,few clouds,18
Füle,47.05,18.255278,2026-05-25 18:57:01.369749,22.14,21.9,22.14,22.14,1027,57,3.84,334,23,0.0,Clouds,few clouds,18
Zánka-Erzsébettábor,46.8775,17.709167,2026-05-25 18:57:02.524123,22.82,22.7,22.82,22.82,1027,59,3.01,357,10,0.0,Clear,clear sky,18
Csajág,47.033889,18.186389,2026-05-25 18:57:03.681791,22.25,22.05,22.25,22.25,1027,58,3.95,337,18,0.0,Clouds,few clouds,18
Balatonakarattya,47.017222,18.167778,2026-05-25 18:57:04.836860,22.25,22.05,22.25,22.25,1027,58,3.95,337,18,0.0,Clouds,few clouds,18
Csittényhegy,47.025278,18.1375,2026-05-25 18:57:05.994535,22.52,22.32,22.52,22.52,1027,57,4.06,338,17,0.0,Clouds,few clouds,18
Balatonkenese,47.0325,18.105556,2026-05-25 18:57:07.152019,22.68,22.49,22.68,22.68,1027,57,4.16,339,16,0.0,Clouds,few clouds,18
Balatonfűzfő,47.060278,18.0425,2026-05-25 18:57:08.313267,22.58,22.36,22.58,22.58,1027,56,4.5,341,14,0.0,Clouds,few clouds,18
Balatonalmádi,47.028333,18.015,2026-05-25 18:57:09.464051,22.74,22.53,22.74,22.74,1027,56,4.37,342,15,0.0,Clouds,few clouds,18
Káptalanfüred,47.008889,18.003889,2026-05-25 18:57:10.623855,21.87,21.57,21.87,21.87,1027,56,4.26,343,17,0.0,Clouds,few clouds,18
Alsóörs,46.985278,17.974722,2026-05-25 18:57:11.778074,21.87,21.57,21.87,21.87,1027,56,4.26,343,17,0.0,Clouds,few clouds,18
Csopak,46.974722,17.931111,2026-05-25 18:57:12.930932,22.31,22.03,22.31,22.31,1027,55,4.03,345,16,0.0,Clouds,few clouds,18
Balatonarács,46.9625,17.8975,2026-05-25 18:57:14.085277,22.31,22.03,22.31,22.31,1027,55,4.03,345,16,0.0,Clouds,few clouds,18
Balatonfüred,46.955833,17.883056,2026-05-25 18:57:15.237919,22.7,22.49,22.7,22.7,1027,56,3.82,347,16,0.0,Clouds,few clouds,18
Aszófő,46.925556,17.8325,2026-05-25 18:57:16.399332,22.64,22.42,22.64,22.64,1027,56,3.6,349,15,0.0,Clouds,few clouds,18
Örvényes,46.9125,17.818056,2026-05-25 18:57:17.563810,22.64,22.42,22.64,22.64,1027,56,3.6,349,15,0.0,Clouds,few clouds,18
Balatonudvari,46.904722,17.808056,2026-05-25 18:57:18.723480,22.15,21.88,22.15,22.15,1027,56,3.49,350,13,0.0,Clouds,few clouds,18
Fövenyes,46.893611,17.789444,2026-05-25 18:57:19.879624,22.73,22.55,22.73,22.73,1027,57,3.37,352,14,0.0,Clouds,few clouds,18
Balatonakali-Dörgicse,46.88,17.747778,2026-05-25 18:57:21.032532,22.4,22.18,22.4,22.4,1027,57,3.28,353,12,0.0,Clouds,few clouds,18
Zánka-Köveskál,46.872778,17.687778,2026-05-25 18:57:22.195988,22.45,22.29,22.45,22.45,1027,59,2.95,358,9,0.0,Clear,clear sky,18
Balatonszepezd,46.851111,17.663056,2026-05-25 18:57:23.350698,22.8,22.7,22.8,22.8,1027,60,2.87,1,9,0.0,Clear,clear sky,18
Szepezdfürdő,46.839722,17.649444,2026-05-25 18:57:24.516176,21.81,21.61,21.81,21.81,1027,60,2.82,1,8,0.0,Clear,clear sky,18
Révfülöp,46.829167,17.632222,2026-05-25 18:57:25.675370,21.81,21.61,21.81,21.81,1027,60,2.82,1,8,0.0,Clear,clear sky,18
Balatonrendes,46.824722,17.582778,2026-05-25 18:57:26.829924,22.53,22.43,22.53,22.53,1027,61,2.67,5,9,0.0,Clear,clear sky,18
Ábrahámhegy,46.815,17.572222,2026-05-25 18:57:27.987217,22.53,22.43,22.53,22.53,1027,61,2.67,5,9,0.0,Clear,clear sky,18
Badacsonyörs,46.805556,17.531667,2026-05-25 18:57:29.138938,22.82,22.75,22.82,22.82,1027,61,2.66,5,9,0.0,Clear,clear sky,18
Kisújszállás,47.223889,20.751111,2026-05-25 18:57:30.292612,21.67,21.33,21.67,21.67,1026,55,3.24,65,100,0.0,Clouds,overcast clouds,18
Karcag,47.303333,20.928056,2026-05-25 18:57:31.446379,21.45,21.09,21.45,21.45,1026,55,3.67,56,92,0.0,Clouds,overcast clouds,18
Püspökladány,47.3275,21.128889,2026-05-25 18:57:32.602175,21.4,21.03,21.4,21.4,1026,55,4.09,46,95,0.0,Clouds,overcast clouds,18
Kaba,47.368889,21.259444,2026-05-25 18:57:33.763679,25.1,25.13,25.1,25.1,1026,56,4.17,39,93,0.0,Clouds,overcast clouds,18
Hajdúszoboszló,47.429444,21.406944,2026-05-25 18:57:34.920689,25.09,24.59,25.09,25.09,1026,36,5.14,30,0,0.0,Clear,clear sky,18
Ebes,47.462778,21.488889,2026-05-25 18:57:36.073547,25.04,24.54,25.04,25.04,1026,36,5.14,30,0,0.0,Clear,clear sky,18
Debrecen,47.520278,21.628611,2026-05-25 18:57:37.229021,24.92,24.41,24.92,24.92,1026,36,5.14,30,0,0.0,Clear,clear sky,18
Debrecen-Csapókert,47.540556,21.648056,2026-05-25 18:57:38.382196,24.87,24.35,24.87,24.87,1026,36,5.14,30,0,0.0,Clear,clear sky,18
Apafa,47.584045,21.655858,2026-05-25 18:57:39.537660,24.83,24.31,24.83,24.83,1026,36,5.14,30,0,0.0,Clear,clear sky,18
Bocskaikert,47.6425,21.666389,2026-05-25 18:57:40.695064,24.76,24.23,24.76,24.76,1026,36,5.14,30,0,0.0,Clear,clear sky,18
Hajdúhadház,47.686944,21.679167,2026-05-25 18:57:41.856031,24.73,24.77,24.73,24.73,1026,58,5.6,19,29,0.0,Clouds,scattered clouds,18
Téglás,47.714722,21.684722,2026-05-25 18:57:43.013593,24.8,24.85,24.8,24.8,1026,58,5.75,19,22,0.0,Clouds,few clouds,18
Újfehértó,47.814444,21.706389,2026-05-25 18:57:44.172585,20.71,20.38,20.71,20.71,1026,59,6.29,19,16,0.0,Clouds,few clouds,18
Nyíregyháza,47.946667,21.705556,2026-05-25 18:57:45.331606,20.73,20.4,20.73,20.73,1027,59,6.65,20,38,0.0,Clouds,scattered clouds,18
Sóstó,47.998051,21.729047,2026-05-25 18:57:46.484752,20.65,20.31,20.65,20.65,1027,59,6.74,16,42,0.0,Clouds,scattered clouds,18
Sóstóhegy,48.012222,21.742778,2026-05-25 18:57:47.642826,20.73,20.4,20.73,20.73,1027,59,6.76,16,43,0.0,Clouds,scattered clouds,18
Kemecse,48.065556,21.801667,2026-05-25 18:57:48.804024,20.67,20.33,20.67,20.67,1027,59,6.83,12,37,0.0,Clouds,scattered clouds,18
Nyírbogdány,48.082222,21.855278,2026-05-25 18:57:49.964164,20.61,20.27,20.61,20.61,1027,59,6.84,10,31,0.0,Clouds,scattered clouds,18
Kék,48.093333,21.883889,2026-05-25 18:57:51.119231,20.61,20.27,20.61,20.61,1027,59,6.72,6,27,0.0,Clouds,scattered clouds,18
Demecser,48.111667,21.926667,2026-05-25 18:57:52.273293,20.58,20.26,20.58,20.58,1027,60,6.66,4,22,0.0,Clouds,few clouds,18
Gégény,48.128333,21.951944,2026-05-25 18:57:53.430659,20.52,20.19,20.52,20.52,1027,60,6.57,2,18,0.0,Clouds,few clouds,18
Pátroha,48.158611,21.996667,2026-05-25 18:57:54.589903,20.5,20.17,20.5,20.5,1027,60,6.47,0,15,0.0,Clouds,few clouds,18
Ajak,48.1865,22.048972,2026-05-25 18:57:55.746575,20.45,20.14,20.45,20.45,1027,61,6.35,358,13,0.0,Clouds,few clouds,18
Kisvárda,48.208333,22.078333,2026-05-25 18:57:56.908357,20.42,20.11,20.42,20.42,1026,61,6.12,354,12,0.0,Clouds,few clouds,18
Kisvárda-Hármasút,48.228333,22.091944,2026-05-25 18:57:58.064024,20.42,20.11,20.42,20.42,1026,61,6.12,354,12,0.0,Clouds,few clouds,18
Fényeslitke,48.267222,22.107222,2026-05-25 18:57:59.225247,20.31,20.02,20.31,20.31,1026,62,5.9,352,11,0.0,Clouds,few clouds,18
Komoró,48.305278,22.118056,2026-05-25 18:58:00.389221,20.32,20.03,20.32,20.32,1027,62,5.82,351,12,0.0,Clouds,few clouds,18
Tuzsér,48.342222,22.131667,2026-05-25 18:58:01.548732,20.23,19.95,20.23,20.23,1027,63,5.62,350,12,0.0,Clouds,few clouds,18
Tiszabezdéd,48.371389,22.145,2026-05-25 18:58:02.707967,20.2,19.92,20.2,20.2,1027,63,5.35,348,12,0.0,Clouds,few clouds,18
Záhony,48.402222,22.183611,2026-05-25 18:58:03.864718,20.14,19.85,20.14,20.14,1027,63,5.05,347,12,0.0,Clouds,few clouds,18
Karcag-Vásártér,47.3225,20.9075,2026-05-25 18:58:05.025322,21.45,21.09,21.45,21.45,1026,55,3.67,56,92,0.0,Clouds,overcast clouds,18
Berekfürdő,47.374722,20.827222,2026-05-25 18:58:06.182154,21.41,21.07,21.41,21.41,1026,56,3.55,65,76,0.0,Clouds,broken clouds,18
Kunmadaras,47.415278,20.793056,2026-05-25 18:58:07.347883,21.33,20.98,21.33,21.33,1026,56,3.55,69,58,0.0,Clouds,broken clouds,18
Tiszaszentimre,47.490833,20.733056,2026-05-25 18:58:08.509202,21.25,20.94,21.25,21.25,1026,58,3.49,72,29,0.0,Clouds,scattered clouds,18
Tiszaszőlős,47.555556,20.728056,2026-05-25 18:58:09.668956,21.18,20.89,21.18,21.18,1026,59,3.51,71,18,0.0,Clouds,few clouds,18
Hosszúhát,47.235556,21.101944,2026-05-25 18:58:10.827234,21.45,21.11,21.45,21.45,1026,56,4.07,44,100,0.0,Clouds,overcast clouds,18
Szerep,47.234444,21.145833,2026-05-25 18:58:11.983558,21.43,21.09,21.43,21.43,1026,56,4.14,43,100,0.0,Clouds,overcast clouds,18
Sárrétudvari,47.231667,21.180833,2026-05-25 18:58:13.139119,21.4,21.06,21.4,21.4,1026,56,4.19,42,100,0.0,Clouds,overcast clouds,18
Biharnagybajom,47.208889,21.221944,2026-05-25 18:58:14.295614,21.38,21.04,21.38,21.38,1026,56,4.25,39,100,0.0,Clouds,overcast clouds,18
Füzesgyarmat,47.113056,21.194444,2026-05-25 18:58:15.448593,21.54,21.24,21.54,21.54,1026,57,4.03,39,100,0.0,Clouds,overcast clouds,18
Füzesgyarmatfürdő,47.093787,21.201582,2026-05-25 18:58:16.608594,21.54,21.24,21.54,21.54,1026,57,4.03,39,100,0.0,Clouds,overcast clouds,18
Báránd,47.299722,21.235278,2026-05-25 18:58:17.772085,21.33,20.98,21.33,21.33,1026,56,4.22,40,97,0.0,Clouds,overcast clouds,18
Sáp,47.259722,21.360556,2026-05-25 18:58:18.926588,21.27,20.89,21.27,21.27,1026,55,4.2,36,100,0.0,Clouds,overcast clouds,18
Berettyóújfalu,47.211944,21.535556,2026-05-25 18:58:20.096946,21.18,20.76,21.18,21.18,1026,54,4.01,26,100,0.0,Clouds,overcast clouds,18
Mezőpeterd,47.176111,21.625278,2026-05-25 18:58:21.254165,25.28,25.25,25.28,25.28,1025,53,3.97,23,100,0.0,Clouds,overcast clouds,18
Biharkeresztes,47.135556,21.721389,2026-05-25 18:58:22.410958,25.25,24.77,25.25,25.25,1025,36,5.14,30,0,0.0,Clear,clear sky,18
Tócóvölgy,47.529444,21.588889,2026-05-25 18:58:23.572703,24.97,24.46,24.97,24.97,1026,36,5.14,30,0,0.0,Clear,clear sky,18
Sáregres,46.7825,18.588889,2026-05-25 18:58:24.731216,22.4,22.24,22.4,22.4,1027,59,3.49,332,59,0.0,Clouds,broken clouds,18
Simontornya,46.756582,18.540674,2026-05-25 18:58:25.896166,22.19,22.01,22.19,22.19,1027,59,3.35,334,50,0.0,Clouds,scattered clouds,18
Tolnanémedi,46.727778,18.475833,2026-05-25 18:58:27.050250,22.21,22.05,22.21,22.21,1027,60,3.3,335,46,0.0,Clouds,scattered clouds,18
Pincehely,46.681389,18.43,2026-05-25 18:58:28.207219,22.01,21.86,22.01,22.01,1027,61,3.19,339,35,0.0,Clouds,scattered clouds,18
Keszőhidegkút-Gyönk,46.597778,18.426111,2026-05-25 18:58:29.365164,22.0,21.9,22.0,22.0,1027,63,3.13,343,37,0.0,Clouds,scattered clouds,18
Szárazd,46.575556,18.420833,2026-05-25 18:58:30.519486,22.02,21.95,22.02,22.02,1027,64,3.14,344,39,0.0,Clouds,scattered clouds,18
Regöly,46.568889,18.396111,2026-05-25 18:58:31.680439,22.02,21.95,22.02,22.02,1027,64,3.14,344,39,0.0,Clouds,scattered clouds,18
Szakály-Hőgyész,46.523611,18.389444,2026-05-25 18:58:32.833529,21.88,21.87,21.88,21.88,1027,67,3.28,349,41,0.0,Clouds,scattered clouds,18
Dúzs,46.493889,18.377222,2026-05-25 18:58:33.993220,21.91,21.93,21.91,21.91,1027,68,3.37,351,47,0.0,Clouds,scattered clouds,18
Csibrák,46.466667,18.336389,2026-05-25 18:58:35.153149,21.92,22.0,21.92,21.92,1027,70,3.49,355,49,0.0,Clouds,scattered clouds,18
Kurd,46.449167,18.319167,2026-05-25 18:58:36.309397,21.56,21.63,21.56,21.56,1027,71,3.58,357,56,0.0,Clouds,broken clouds,18
Döbrököz,46.418889,18.255,2026-05-25 18:58:37.464479,21.8,21.94,21.8,21.8,1027,73,3.65,3,58,0.0,Clouds,broken clouds,18
Dombóvár,46.37,18.149722,2026-05-25 18:58:38.631619,21.92,22.07,21.92,21.92,1027,73,3.46,13,62,0.0,Clouds,broken clouds,18
Dombóvár alsó,46.363889,18.134167,2026-05-25 18:58:39.795935,21.92,22.07,21.92,21.92,1027,73,3.46,13,62,0.0,Clouds,broken clouds,18
Somoskőújfalu,48.154722,19.815556,2026-05-25 18:58:40.955307,18.56,18.01,18.56,18.56,1027,59,1.79,113,24,0.0,Clouds,few clouds,18
Jászfényszaru,47.593056,19.754444,2026-05-25 18:58:42.109860,22.0,21.77,22.0,22.0,1026,58,2.6,59,62,0.0,Clouds,broken clouds,18
Pusztamonostor,47.564444,19.794167,2026-05-25 18:58:43.268213,22.16,21.95,22.16,22.16,1026,58,2.66,63,67,0.0,Clouds,broken clouds,18
Jászberény,47.494444,19.893333,2026-05-25 18:58:44.421905,22.26,22.0,22.26,22.26,1026,56,2.61,75,85,0.0,Clouds,overcast clouds,18
Meggyespele,47.441944,19.938889,2026-05-25 18:58:45.588794,22.28,22.0,22.28,22.28,1026,55,2.92,94,87,0.0,Clouds,overcast clouds,18
Portelek,47.418056,19.958889,2026-05-25 18:58:46.741171,22.3,22.02,22.3,22.3,1026,55,2.79,93,91,0.0,Clouds,overcast clouds,18
Jászboldogháza-Jánoshida,47.366944,20.001389,2026-05-25 18:58:47.896232,22.29,22.01,22.29,22.29,1026,55,2.69,92,94,0.0,Clouds,overcast clouds,18
Jászárokszállás,47.635556,19.971111,2026-05-25 18:58:49.050241,21.6,21.38,21.6,21.6,1026,60,3.26,83,38,0.0,Clouds,scattered clouds,18
Jászdózsa,47.563056,20.028056,2026-05-25 18:58:50.216497,21.63,21.39,21.63,21.63,1026,59,3.46,93,45,0.0,Clouds,scattered clouds,18
Jászapáti,47.513611,20.155,2026-05-25 18:58:51.374823,21.57,21.3,21.57,21.57,1026,58,3.59,99,38,0.0,Clouds,scattered clouds,18
Jászkisér,47.456111,20.203333,2026-05-25 18:58:52.537578,21.69,21.38,21.69,21.69,1026,56,3.53,100,48,0.0,Clouds,scattered clouds,18
Jászladány,47.373333,20.159167,2026-05-25 18:58:53.692215,22.34,21.99,22.34,27.01,1026,52,3.35,97,79,0.0,Clouds,broken clouds,18
Szászberek,47.320556,20.090833,2026-05-25 18:58:54.851624,27.01,27.49,25.55,27.01,1026,51,3.1,92,92,0.0,Clouds,overcast clouds,18
Gyöngyöshalász,47.743056,19.932222,2026-05-25 18:58:56.006047,21.22,21.04,21.22,21.22,1027,63,2.7,76,19,0.0,Clouds,few clouds,18
Gyöngyös,47.783056,19.937222,2026-05-25 18:58:57.162957,20.77,20.55,20.77,20.77,1027,63,2.62,76,21,0.0,Clouds,few clouds,18
Erdőtelek,47.683333,20.3025,2026-05-25 18:58:58.322571,21.03,20.83,21.03,21.03,1027,63,3.58,83,7,0.0,Clear,clear sky,18
Heves,47.609444,20.306111,2026-05-25 18:58:59.479555,21.21,20.98,21.21,21.21,1027,61,3.48,88,6,0.0,Clear,clear sky,18
Hevesvezekény,47.562222,20.365833,2026-05-25 18:59:00.635828,21.24,21.01,21.24,21.24,1026,61,3.44,86,8,0.0,Clear,clear sky,18
Tarnaszentmiklós,47.546944,20.390833,2026-05-25 18:59:01.788039,21.29,21.04,21.29,21.29,1026,60,3.42,87,11,0.0,Clouds,few clouds,18
Kisköre,47.495556,20.481667,2026-05-25 18:59:02.942835,21.34,21.07,21.34,21.34,1027,59,3.45,85,21,0.0,Clouds,few clouds,18
Abádszalók,47.455278,20.553056,2026-05-25 18:59:04.110737,21.36,21.07,21.36,21.36,1026,58,3.47,86,28,0.0,Clouds,scattered clouds,18
Kunhegyes,47.376667,20.641111,2026-05-25 18:59:05.271478,21.47,21.13,21.47,21.47,1026,56,3.46,81,56,0.0,Clouds,broken clouds,18
Kenderes,47.254444,20.686111,2026-05-25 18:59:06.437457,21.77,21.41,21.77,21.77,1026,54,3.27,76,98,0.0,Clouds,overcast clouds,18
Maklár,47.808056,20.404722,2026-05-25 18:59:07.592788,22.35,22.26,22.35,22.35,1027,62,3.55,66,43,0.0,Clouds,scattered clouds,18
Andornaktálya,47.852203,20.402295,2026-05-25 18:59:08.750814,22.29,22.19,22.29,22.29,1027,62,3.43,64,55,0.0,Clouds,broken clouds,18
Eger,47.891667,20.381667,2026-05-25 18:59:09.907689,22.2,22.07,22.2,22.2,1027,61,3.26,71,66,0.0,Clouds,broken clouds,18
Egervár,47.908056,20.380556,2026-05-25 18:59:11.070932,22.02,21.61,22.02,22.02,1027,51,3.15,72,72,0.0,Clouds,broken clouds,18
Eger-Felnémet,47.936667,20.370556,2026-05-25 18:59:12.233746,22.07,21.66,22.07,22.07,1027,51,3.02,72,77,0.0,Clouds,broken clouds,18
Szarvaskő,47.988611,20.3325,2026-05-25 18:59:13.390581,21.66,21.21,21.66,21.66,1027,51,2.68,78,87,0.0,Clouds,overcast clouds,18
Mónosbél,48.031944,20.33,2026-05-25 18:59:14.554562,21.48,21.02,21.48,21.48,1027,51,2.48,84,82,0.0,Clouds,broken clouds,18
Bélapátfalva,48.055556,20.340556,2026-05-25 18:59:15.709771,21.19,20.7,21.19,21.19,1027,51,2.4,88,76,0.0,Clouds,broken clouds,18
Bélapátfalvi Cementgyár,48.058056,20.355,2026-05-25 18:59:16.867520,21.14,20.64,21.14,21.14,1027,51,2.4,88,76,0.0,Clouds,broken clouds,18
Szilvásvárad,48.11345,20.37919,2026-05-25 18:59:18.032993,21.01,20.5,21.01,21.01,1027,51,2.28,95,53,0.0,Clouds,broken clouds,18
Hejőkeresztúr,47.960278,20.869444,2026-05-25 18:59:19.200290,21.83,21.53,21.83,21.83,1026,56,3.05,17,39,0.0,Clouds,scattered clouds,18
Tiszaújváros,47.926111,21.030556,2026-05-25 18:59:20.356844,21.88,21.72,21.88,21.88,1026,61,2.64,45,46,0.0,Clouds,scattered clouds,18
Miskolc-Gömöri,48.106667,20.800278,2026-05-25 18:59:21.513978,21.73,21.42,21.73,22.44,1026,56,2.73,21,28,0.0,Clouds,scattered clouds,18
Sajókeresztúr,48.168008,20.774014,2026-05-25 18:59:22.670221,21.68,21.37,21.68,22.39,1027,56,2.29,33,20,0.0,Clouds,few clouds,18
Sajóecseg,48.186111,20.766667,2026-05-25 18:59:23.824487,21.72,21.41,21.72,22.43,1027,56,2.2,39,16,0.0,Clouds,few clouds,18
Sajószentpéter,48.222222,20.708056,2026-05-25 18:59:24.978802,21.62,21.3,21.62,22.33,1027,56,1.9,51,13,0.0,Clouds,few clouds,18
Kazincbarcika,48.264444,20.6275,2026-05-25 18:59:26.137610,21.62,21.4,21.62,22.34,1027,60,1.4,97,11,0.0,Clouds,few clouds,18
Sajókaza,48.272778,20.581944,2026-05-25 18:59:27.299153,22.33,22.19,21.62,22.33,1027,60,1.44,105,11,0.0,Clouds,few clouds,18
Vadna,48.276389,20.555278,2026-05-25 18:59:28.462780,22.31,22.16,21.6,22.31,1027,60,1.44,105,11,0.0,Clouds,few clouds,18
Dubicsány,48.280833,20.504722,2026-05-25 18:59:29.631472,22.3,22.15,21.58,22.3,1027,60,1.64,115,8,0.0,Clear,clear sky,18
Raposka,46.851389,17.412778,2026-05-25 18:59:30.793220,25.06,25.21,25.06,25.06,1027,61,2.64,10,10,0.0,Clear,clear sky,18
Ivacs,47.641944,19.273889,2026-05-25 18:59:31.948479,24.08,23.61,22.97,24.57,1026,41,1.4,3,11,0.0,Clouds,few clouds,18
Kisköre-Tiszahíd,47.480835,20.507698,2026-05-25 18:59:33.105379,21.4,21.11,21.4,21.4,1026,58,3.47,87,28,0.0,Clouds,scattered clouds,18
Rozsály,47.912778,22.7825,2026-05-25 18:59:34.266209,23.03,22.77,23.03,23.03,1025,53,4.11,349,41,0.0,Clouds,scattered clouds,18
Pusztakettős,47.453611,20.749722,2026-05-25 18:59:35.419677,21.3,20.97,21.3,21.3,1026,57,3.52,71,47,0.0,Clouds,scattered clouds,18
Kisvác,47.795278,19.113611,2026-05-25 18:59:36.574595,24.38,24.28,23.67,24.38,1026,54,1.94,298,12,0.0,Clouds,few clouds,18
Tiszafüred-Gyártelep,47.6075,20.736111,2026-05-25 18:59:37.730343,21.12,20.85,21.12,21.12,1026,60,3.51,68,12,0.0,Clouds,few clouds,18
Újkenéz,48.251111,22.221667,2026-05-25 18:59:38.885237,20.18,19.87,20.18,20.18,1026,62,5.33,347,13,0.0,Clouds,few clouds,18
Püspökladány-Vásártér,47.319167,21.096111,2026-05-25 18:59:40.042438,21.41,21.04,21.41,21.41,1026,55,4.1,46,96,0.0,Clouds,overcast clouds,18
Végegyháza alsó,46.3675,20.866944,2026-05-25 18:59:41.196274,22.93,23.16,22.93,22.93,1026,72,2.97,68,33,0.0,Clouds,scattered clouds,18
Orosháza felső,46.553611,20.655278,2026-05-25 18:59:42.350232,22.66,22.84,22.66,22.66,1026,71,3.47,81,55,0.0,Clouds,broken clouds,18
Ambrózfalva,46.353056,20.740556,2026-05-25 18:59:43.506297,22.88,23.16,22.88,22.88,1026,74,3.06,79,46,0.0,Clouds,scattered clouds,18
Alsónyék,46.199444,18.738056,2026-05-25 18:59:44.664245,22.29,22.56,22.29,22.29,1026,76,3.68,329,70,0.0,Clouds,broken clouds,18
Tompapuszta,46.321389,20.966389,2026-05-25 18:59:45.840562,22.06,22.18,22.06,22.28,1026,71,2.84,61,36,0.0,Clouds,scattered clouds,18
Halászlak,46.911879,20.56228,2026-05-25 18:59:46.990724,22.2,22.04,22.2,22.2,1026,60,3.02,69,100,0.0,Clouds,overcast clouds,18
Sirató,46.840556,20.61,2026-05-25 18:59:48.153861,22.26,22.19,22.26,22.26,1026,63,3.09,73,100,0.0,Clouds,overcast clouds,18
Csabacsűd felső,46.829167,20.649167,2026-05-25 18:59:49.306280,22.22,22.14,22.22,22.22,1026,63,3.08,72,100,0.0,Clouds,overcast clouds,18
Orosháza-Üveggyár,46.579979,20.683644,2026-05-25 18:59:50.464834,22.61,22.75,22.61,22.61,1026,70,3.49,79,57,0.0,Clouds,broken clouds,18
Gyulai városerdő,46.69482,21.32281,2026-05-25 18:59:51.620970,21.64,21.61,21.64,21.64,1026,67,2.55,33,94,0.0,Clouds,overcast clouds,18
Kórógyszentgyörgy,46.564377,20.224998,2026-05-25 18:59:52.779221,22.23,22.44,22.23,22.23,1026,74,2.03,73,88,0.0,Clouds,overcast clouds,18
Kunszállás,46.784444,19.767222,2026-05-25 18:59:53.932383,25.04,24.75,23.97,25.04,1026,44,3.6,320,0,0.0,Clear,clear sky,18
Selymes,46.655321,19.8534,2026-05-25 18:59:55.092660,22.54,22.57,22.54,22.54,1026,66,4.32,349,91,0.0,Clouds,overcast clouds,18
Petőfiszállási tanyák,46.587805,19.874509,2026-05-25 18:59:56.252937,22.58,22.64,22.58,22.58,1026,67,4.29,346,92,0.0,Clouds,overcast clouds,18
Kisteleki szőlők,46.514199,19.92868,2026-05-25 18:59:57.408423,22.54,22.65,22.54,22.54,1026,69,4.14,344,89,0.0,Clouds,overcast clouds,18
Kapitányság,46.435336,19.987564,2026-05-25 18:59:58.572908,22.58,22.72,22.58,22.58,1026,70,3.9,346,79,0.0,Clouds,broken clouds,18
Őszeszék,46.39025,20.016017,2026-05-25 18:59:59.734568,22.58,22.72,22.58,22.58,1026,70,3.74,348,72,0.0,Clouds,broken clouds,18
Vilmaszállás,46.366389,20.030833,2026-05-25 19:00:00.900674,22.6,22.74,22.6,22.6,1026,70,3.8,349,69,0.0,Clouds,broken clouds,18
Jánosszállás,46.334359,20.051199,2026-05-25 19:00:02.052170,22.62,22.74,22.62,22.62,1026,69,3.85,350,66,0.0,Clouds,broken clouds,18
Felsőpakony,47.343056,19.230556,2026-05-25 19:00:03.212949,24.39,23.96,23.36,24.97,1026,41,3.09,320,0,0.0,Clear,clear sky,18
Felsőméntelek,46.987074,19.557745,2026-05-25 19:00:04.378573,23.81,23.55,23.81,24.88,1026,50,3.6,320,0,0.0,Clear,clear sky,18
Alsóméntelek,46.961558,19.579121,2026-05-25 19:00:05.532291,23.84,23.59,23.84,24.91,1026,50,3.6,320,0,0.0,Clear,clear sky,18
Nagynyír,46.943319,19.585447,2026-05-25 19:00:06.685637,23.84,23.59,23.84,24.9,1026,50,3.6,320,0,0.0,Clear,clear sky,18
Úrihegy,46.917778,19.621389,2026-05-25 19:00:07.847008,23.86,23.61,23.86,24.93,1026,50,3.6,320,0,0.0,Clear,clear sky,18
Miklóstelep,46.913412,19.630913,2026-05-25 19:00:08.999223,23.88,23.63,23.88,24.94,1026,50,3.6,320,0,0.0,Clear,clear sky,18
Tiszajenő alsó,47.016944,20.134444,2026-05-25 19:00:10.150778,25.57,25.38,25.57,27.02,1026,46,3.6,330,0,0.0,Clear,clear sky,18
Óbög,46.987222,20.111111,2026-05-25 19:00:11.301162,26.0,26.0,25.17,27.01,1026,42,3.6,330,0,0.0,Clear,clear sky,18
Árpádszállás,46.866456,19.989163,2026-05-25 19:00:12.461253,24.82,24.51,24.03,25.48,1026,44,3.6,320,0,0.0,Clear,clear sky,18
Tőserdő,46.851111,19.980278,2026-05-25 19:00:13.612899,24.78,24.46,24.05,25.5,1026,44,3.6,320,0,0.0,Clear,clear sky,18
Tiszaalpár felső,46.836256,19.976753,2026-05-25 19:00:14.770321,24.8,24.48,22.17,25.14,1026,44,3.6,320,0,0.0,Clear,clear sky,18
Borsihalom,46.773056,19.92,2026-05-25 19:00:15.931141,24.73,25.01,22.16,25.13,1026,67,2.85,35,91,0.0,Clouds,overcast clouds,18
Petőfiváros,46.725556,19.848611,2026-05-25 19:00:17.082789,25.1,25.42,24.03,25.1,1026,67,3.78,359,90,0.0,Clouds,overcast clouds,18
Csorna,47.601944,17.248889,2026-05-25 19:00:18.250468,23.51,23.46,23.51,23.51,1027,59,3.57,14,9,0.0,Clear,clear sky,18
Szorgalmatos,47.986667,21.366389,2026-05-25 19:00:19.413932,20.97,20.66,20.97,20.97,1027,59,4.62,46,55,0.0,Clouds,broken clouds,18
Fótfürdő,47.6225,19.200556,2026-05-25 19:00:20.589227,24.05,23.56,22.97,24.57,1026,40,1.55,337,4,0.0,Clear,clear sky,18
Fenyveshegy,47.818333,19.068056,2026-05-25 19:00:21.752078,24.45,24.36,24.45,24.45,1026,54,2.15,293,10,0.0,Clear,clear sky,18
Hűvösvölgy,47.541202,18.96351,2026-05-25 19:00:22.910657,23.2,22.67,22.51,24.11,1026,42,2.68,316,12,0.0,Clouds,few clouds,18
Hárshegy,47.535318,18.961433,2026-05-25 19:00:24.057850,23.2,22.67,22.51,24.11,1026,42,2.68,316,12,0.0,Clouds,few clouds,18
Szépjuhászné,47.528277,18.955246,2026-05-25 19:00:25.212898,22.3,21.68,21.62,23.22,1026,42,2.68,316,12,0.0,Clouds,few clouds,18
Jánoshegy,47.51433,18.95047,2026-05-25 19:00:26.367242,22.21,21.56,21.53,23.13,1026,41,2.68,316,12,0.0,Clouds,few clouds,18
Virágvölgy,47.505965,18.95876,2026-05-25 19:00:27.524995,21.91,21.23,21.22,22.82,1026,41,2.68,316,11,0.0,Clouds,few clouds,18
Csillebérc,47.498196,18.961694,2026-05-25 19:00:28.688394,21.68,20.97,20.98,22.59,1026,41,2.68,316,11,0.0,Clouds,few clouds,18
Normafa,47.5,18.970558,2026-05-25 19:00:29.840271,21.74,21.04,21.03,22.64,1026,41,2.68,316,11,0.0,Clouds,few clouds,18
Széchenyihegy,47.49413,18.977049,2026-05-25 19:00:31.015253,21.77,21.07,21.05,22.66,1026,41,2.68,316,10,0.0,Clear,clear sky,18
Balatonfőkajár felső,47.031389,18.215278,2026-05-25 19:00:32.172108,22.36,22.17,22.36,22.36,1027,58,3.84,336,20,0.0,Clouds,few clouds,18
Piroska,47.148333,20.129722,2026-05-25 19:00:33.323129,25.57,25.38,25.57,27.02,1026,46,3.6,330,0,0.0,Clear,clear sky,18
Somodor,46.4725,17.836667,2026-05-25 19:00:34.482496,22.11,22.07,22.11,22.11,1027,65,3.47,11,11,0.0,Clouds,few clouds,18
Középmező,45.995833,18.668889,2026-05-25 19:00:35.653156,23.95,24.25,23.95,23.95,1026,71,2.91,326,34,0.0,Clouds,scattered clouds,18
Jobbágyi,47.828889,19.6875,2026-05-25 19:00:36.808094,21.45,21.27,21.45,21.45,1027,62,2.03,110,3,0.0,Clear,clear sky,18
Ferihegy,47.437222,19.223889,2026-05-25 19:00:37.960994,24.23,23.78,23.2,24.81,1026,41,3.09,320,0,0.0,Clear,clear sky,18
Máriapócs,47.852778,22.019167,2026-05-25 19:00:39.124223,20.33,19.88,20.33,20.33,1026,56,5.97,1,42,0.0,Clouds,scattered clouds,18
Máriaudvar,47.751944,19.165,2026-05-25 19:00:40.284367,24.41,24.24,23.7,24.41,1026,51,1.71,311,11,0.0,Clouds,few clouds,18
Nagyberki,46.353333,18.004167,2026-05-25 19:00:41.439003,22.08,22.12,22.08,22.08,1027,68,3.2,15,37,0.0,Clouds,scattered clouds,18
Badacsonytomaj,46.804722,17.518056,2026-05-25 19:00:42.596712,22.82,22.75,22.82,22.82,1027,61,2.66,5,9,0.0,Clear,clear sky,18
Badacsony,46.788611,17.506389,2026-05-25 19:00:43.764711,25.11,25.3,25.11,25.11,1027,62,2.63,6,9,0.0,Clear,clear sky,18
Badacsonylábdihegy,46.793889,17.470833,2026-05-25 19:00:44.923825,25.08,25.26,25.08,25.08,1027,62,2.63,6,9,0.0,Clear,clear sky,18
Badacsonytördemic-Szigliget,46.809722,17.469167,2026-05-25 19:00:46.076777,25.03,25.18,25.03,25.03,1027,61,2.65,6,9,0.0,Clear,clear sky,18
Nemesgulács-Kisapáti,46.836944,17.476389,2026-05-25 19:00:47.231890,25.07,25.23,25.07,25.07,1027,61,2.67,6,9,0.0,Clear,clear sky,18
Tapolca,46.877778,17.428611,2026-05-25 19:00:48.387311,24.99,25.16,24.99,24.99,1027,62,2.65,11,10,0.0,Clear,clear sky,18
Uzsabánya alsó,46.898333,17.345278,2026-05-25 19:00:49.558002,24.79,24.94,24.79,24.79,1027,62,2.62,17,10,0.0,Clear,clear sky,18
Uzsa,46.920278,17.331667,2026-05-25 19:00:50.725977,24.75,24.93,24.75,24.75,1027,63,2.64,19,10,0.0,Clear,clear sky,18
Sümegi Bazaltbánya,46.9525,17.2925,2026-05-25 19:00:51.888820,22.81,22.79,22.81,22.81,1027,63,2.65,23,10,0.0,Clear,clear sky,18
Sümeg,46.981111,17.270833,2026-05-25 19:00:53.054578,23.03,23.06,23.03,23.03,1027,64,2.71,28,10,0.0,Clear,clear sky,18
Gógánfa,47.021111,17.207778,2026-05-25 19:00:54.211124,23.09,23.13,23.09,23.09,1027,64,2.82,32,10,0.0,Clear,clear sky,18
Ukk,47.041944,17.195833,2026-05-25 19:00:55.366739,23.19,23.24,23.19,23.19,1027,64,2.89,34,10,0.0,Clear,clear sky,18
Nemeskeresztúr,47.093611,17.183611,2026-05-25 19:00:56.523540,23.17,23.19,23.17,23.17,1028,63,2.99,34,9,0.0,Clear,clear sky,18
Jánosháza,47.115833,17.171667,2026-05-25 19:00:57.678723,23.26,23.29,23.26,23.26,1028,63,3.05,34,9,0.0,Clear,clear sky,18
Keszthely,46.758333,17.248056,2026-05-25 19:00:58.827917,25.08,25.03,25.08,25.08,1027,53,2.57,20,0,0.0,Clear,clear sky,18
Alsógyenes,46.765844,17.276435,2026-05-25 19:00:59.978000,25.08,25.03,25.08,25.08,1027,53,2.57,20,0,0.0,Clear,clear sky,18
Gyenesdiás,46.763333,17.292778,2026-05-25 19:01:01.139457,25.08,25.03,25.08,25.08,1027,53,2.57,20,0,0.0,Clear,clear sky,18
Vonyarcvashegy,46.755278,17.318333,2026-05-25 19:01:02.302860,25.09,25.04,25.09,25.09,1027,53,2.57,20,0,0.0,Clear,clear sky,18
Balatongyörök,46.751944,17.354444,2026-05-25 19:01:03.467611,25.11,25.06,25.11,25.11,1027,53,2.57,20,0,0.0,Clear,clear sky,18
Becehegy,46.776111,17.372778,2026-05-25 19:01:04.623921,25.08,25.03,25.08,25.08,1027,53,2.57,20,0,0.0,Clear,clear sky,18
Balatonederics,46.8025,17.385,2026-05-25 19:01:05.785107,25.03,25.18,25.03,25.03,1027,61,2.65,10,9,0.0,Clear,clear sky,18
Dabronc,47.025766,17.167006,2026-05-25 19:01:06.938347,23.16,23.2,23.16,23.16,1027,64,2.83,34,10,0.0,Clear,clear sky,18
Türje,46.994444,17.093611,2026-05-25 19:01:08.090760,23.17,23.21,23.17,23.17,1028,64,2.81,36,9,0.0,Clear,clear sky,18
Zalabér-Batyk,46.983056,17.040833,2026-05-25 19:01:09.241397,23.3,23.38,23.3,23.3,1028,65,2.75,40,9,0.0,Clear,clear sky,18
Pakod,46.959167,16.996667,2026-05-25 19:01:10.404742,23.21,23.28,23.21,23.21,1028,65,2.73,42,9,0.0,Clear,clear sky,18
Pókaszepetk,46.924444,16.972222,2026-05-25 19:01:11.559857,23.27,23.35,23.27,23.27,1028,65,2.61,40,9,0.0,Clear,clear sky,18
Kemendollár,46.905833,16.946667,2026-05-25 19:01:12.725661,24.91,25.18,24.91,24.91,1028,66,2.55,43,9,0.0,Clear,clear sky,18
Zalaegerszeg,46.833056,16.848333,2026-05-25 19:01:13.884357,24.73,25.06,24.73,24.73,1028,69,1.99,48,9,0.0,Clear,clear sky,18
Bocfölde,46.780278,16.853611,2026-05-25 19:01:15.037825,24.79,25.13,24.79,24.79,1028,69,1.98,39,9,0.0,Clear,clear sky,18
Sárhida,46.755833,16.851389,2026-05-25 19:01:16.192751,24.75,25.11,24.75,24.75,1028,70,1.83,37,8,0.0,Clear,clear sky,18
Bak,46.7325,16.849167,2026-05-25 19:01:17.357945,24.77,25.13,24.77,24.77,1028,70,1.82,34,8,0.0,Clear,clear sky,18
Tófej,46.670833,16.801944,2026-05-25 19:01:18.515427,24.61,24.98,24.61,24.61,1028,71,1.74,27,8,0.0,Clear,clear sky,18
Gutorfölde,46.646944,16.739722,2026-05-25 19:01:19.672737,22.81,23.0,22.81,22.81,1028,71,1.63,22,7,0.0,Clear,clear sky,18
Csömödér-Páka,46.608056,16.641111,2026-05-25 19:01:20.833845,20.57,20.48,20.57,20.57,1028,69,1.68,16,7,0.0,Clear,clear sky,18
Iklódbördőce,46.603056,16.604722,2026-05-25 19:01:22.002845,20.56,20.45,20.56,20.56,1028,68,1.71,14,7,0.0,Clear,clear sky,18
Lenti,46.621389,16.528611,2026-05-25 19:01:23.171610,20.51,20.39,20.51,20.51,1028,68,1.74,11,7,0.0,Clear,clear sky,18
Rédics,46.618056,16.471111,2026-05-25 19:01:24.330707,20.5,20.36,20.5,20.5,1028,67,1.77,10,7,0.0,Clear,clear sky,18
Zalalövő,46.845556,16.576389,2026-05-25 19:01:25.538988,23.1,23.24,23.1,23.1,1028,68,1.65,29,9,0.0,Clear,clear sky,18
Zalaegerszeg-Ola,46.849167,16.844722,2026-05-25 19:01:26.699185,23.07,23.23,23.07,23.07,1028,69,1.99,48,9,0.0,Clear,clear sky,18
Andráshida,46.863116,16.7792,2026-05-25 19:01:27.852268,23.07,23.23,23.07,23.07,1028,69,2.0,52,9,0.0,Clear,clear sky,18
Bagod,46.875,16.746111,2026-05-25 19:01:29.013334,23.2,23.38,23.2,23.2,1028,69,1.87,52,9,0.0,Clear,clear sky,18
Zalaszentgyörgy,46.872222,16.7125,2026-05-25 19:01:30.165419,23.18,23.36,23.18,23.18,1028,69,1.82,50,9,0.0,Clear,clear sky,18
Zalacséb-Salomvár,46.858056,16.662222,2026-05-25 19:01:31.320399,22.97,23.12,22.97,22.97,1028,69,1.78,48,9,0.0,Clear,clear sky,18
Kópháza,47.631389,16.6375,2026-05-25 19:01:32.473003,22.99,22.96,22.99,22.99,1028,62,3.13,355,10,0.0,Clear,clear sky,18
Nagycenk,47.601111,16.690278,2026-05-25 19:01:33.701618,23.1,23.08,23.1,23.1,1028,62,3.22,358,10,0.0,Clear,clear sky,18
Sopronkövesd,47.548333,16.748056,2026-05-25 19:01:34.856625,22.93,22.87,22.93,22.93,1028,61,3.26,3,9,0.0,Clear,clear sky,18
Lövő,47.509444,16.7775,2026-05-25 19:01:36.025969,22.97,22.92,22.97,22.97,1028,61,3.26,7,10,0.0,Clear,clear sky,18
Újkér,47.457778,16.786667,2026-05-25 19:01:37.185625,22.99,22.94,22.99,22.99,1028,61,3.21,11,10,0.0,Clear,clear sky,18
Bük,47.388611,16.752222,2026-05-25 19:01:38.340134,23.05,23.0,23.05,23.05,1028,61,3.23,15,9,0.0,Clear,clear sky,18
Acsád,47.308333,16.734722,2026-05-25 19:01:39.501119,22.8,22.73,22.8,22.8,1028,61,3.24,21,8,0.0,Clear,clear sky,18
Salköveskút-Vassurány,47.291389,16.704167,2026-05-25 19:01:40.655477,22.81,22.74,22.81,22.81,1028,61,3.22,23,9,0.0,Clear,clear sky,18
Zalaszentiván,46.8875,16.909444,2026-05-25 19:01:41.814899,24.89,25.18,24.89,24.89,1028,67,2.34,48,9,0.0,Clear,clear sky,18
Alsónemesapáti,46.854167,16.936389,2026-05-25 19:01:42.972567,24.88,25.15,24.88,24.88,1028,66,2.44,40,9,0.0,Clear,clear sky,18
Józsa,47.600833,21.584444,2026-05-25 19:01:44.133922,24.86,24.34,24.86,24.86,1026,36,5.14,30,0,0.0,Clear,clear sky,18
Hajdúszentgyörgy,47.608056,21.578333,2026-05-25 19:01:45.292659,24.83,24.31,24.83,24.83,1026,36,5.14,30,0,0.0,Clear,clear sky,18
Zelemér,47.627778,21.578333,2026-05-25 19:01:46.450712,24.78,24.25,24.78,24.78,1026,36,5.14,30,0,0.0,Clear,clear sky,18
Hajdúböszörmény,47.668056,21.524167,2026-05-25 19:01:47.602468,24.81,24.89,24.81,24.81,1026,59,5.67,27,26,0.0,Clouds,scattered clouds,18
Hajdúvid,47.749444,21.508056,2026-05-25 19:01:48.760853,20.93,20.59,20.93,20.93,1027,58,6.05,31,18,0.0,Clouds,few clouds,18
Hajdúdorog,47.805556,21.493056,2026-05-25 19:01:49.923340,20.92,20.58,20.92,20.92,1027,58,6.17,32,21,0.0,Clouds,few clouds,18
Hajdúnánás,47.831944,21.426667,2026-05-25 19:01:51.076688,21.04,20.71,21.04,21.04,1027,58,5.79,38,25,0.0,Clouds,scattered clouds,18
Hajdúnánás-Vásártér,47.843056,21.407222,2026-05-25 19:01:52.250105,21.04,20.71,21.04,21.04,1027,58,5.79,38,25,0.0,Clouds,scattered clouds,18
Tedej,47.903611,21.404444,2026-05-25 19:01:53.413004,21.01,20.68,21.01,21.01,1027,58,5.45,41,40,0.0,Clouds,scattered clouds,18
Tiszavasvári,47.945278,21.374722,2026-05-25 19:01:54.574951,21.0,20.7,21.0,21.0,1027,59,4.99,45,45,0.0,Clouds,scattered clouds,18
Egyházerdő,47.9725,21.365,2026-05-25 19:01:55.732382,21.0,20.7,21.0,21.0,1027,59,4.8,45,50,0.0,Clouds,scattered clouds,18
Tiszalök,48.013056,21.369167,2026-05-25 19:01:56.884640,20.93,20.62,20.93,20.93,1027,59,4.44,46,58,0.0,Clouds,broken clouds,18
Hajnalos,47.998889,21.414167,2026-05-25 19:01:58.043179,20.97,20.66,20.97,20.97,1027,59,4.94,43,55,0.0,Clouds,broken clouds,18
Kisfástanya,47.989167,21.47,2026-05-25 19:01:59.198125,20.91,20.57,20.91,20.91,1027,58,5.26,39,55,0.0,Clouds,broken clouds,18
Tiszaeszlár,48.010556,21.491944,2026-05-25 19:02:00.360669,20.91,20.57,20.91,20.91,1027,58,5.41,37,57,0.0,Clouds,broken clouds,18
Bashalom,48.026111,21.514722,2026-05-25 19:02:01.514856,20.92,20.58,20.92,20.92,1027,58,5.26,36,59,0.0,Clouds,broken clouds,18
Sáránd,47.415556,21.625,2026-05-25 19:02:02.674046,25.01,24.51,25.01,25.01,1026,36,5.14,30,0,0.0,Clear,clear sky,18
Derecske,47.365,21.584167,2026-05-25 19:02:03.846472,25.08,24.58,25.08,25.08,1026,36,5.14,30,0,0.0,Clear,clear sky,18
Derecske-Vásártér,47.352222,21.58,2026-05-25 19:02:05.004461,25.08,24.58,25.08,25.08,1026,36,5.14,30,0,0.0,Clear,clear sky,18
Konyár,47.323611,21.666111,2026-05-25 19:02:06.160092,25.05,24.55,25.05,25.05,1026,36,5.14,30,0,0.0,Clear,clear sky,18
Konyári Sóstófürdő,47.324167,21.744444,2026-05-25 19:02:07.312873,25.06,25.03,25.06,25.06,1026,54,4.08,16,100,0.0,Clouds,overcast clouds,18
Pocsaj-Esztár,47.288333,21.793056,2026-05-25 19:02:08.465484,25.05,24.99,25.05,25.05,1026,53,4.03,15,100,0.0,Clouds,overcast clouds,18
Kismarja,47.243889,21.813889,2026-05-25 19:02:09.636621,25.24,25.2,25.24,25.24,1026,53,3.9,16,100,0.0,Clouds,overcast clouds,18
Nagykereki,47.191667,21.8,2026-05-25 19:02:10.789071,25.23,25.17,25.23,25.23,1025,52,3.82,18,99,0.0,Clouds,overcast clouds,18
Debrecen-Szabadságtelep,47.527778,21.658611,2026-05-25 19:02:11.941106,24.89,24.37,24.89,24.89,1026,36,5.14,30,0,0.0,Clear,clear sky,18
Kondoroskert,47.525556,21.713889,2026-05-25 19:02:13.096950,24.92,24.41,24.92,24.92,1026,36,5.14,30,0,0.0,Clear,clear sky,18
Nagycsere,47.523889,21.763056,2026-05-25 19:02:14.255776,24.9,24.39,24.9,24.9,1026,36,5.14,30,0,0.0,Clear,clear sky,18
Haláp,47.521667,21.818333,2026-05-25 19:02:15.408664,24.9,24.39,24.9,24.9,1026,36,5.14,30,0,0.0,Clear,clear sky,18
Vámospércs,47.518056,21.893889,2026-05-25 19:02:16.563740,24.84,24.76,24.84,24.84,1026,53,5.31,10,92,0.0,Clouds,overcast clouds,18
Szentannapuszta,47.52,21.965833,2026-05-25 19:02:17.717349,24.79,24.71,24.79,24.79,1026,53,5.45,8,94,0.0,Clouds,overcast clouds,18
Nyírábrány,47.523889,22.016944,2026-05-25 19:02:18.877145,20.53,20.02,20.53,20.53,1026,53,5.51,7,94,0.0,Clouds,overcast clouds,18
Dombostanya,47.602778,21.706389,2026-05-25 19:02:20.028912,24.82,24.3,24.82,24.82,1026,36,5.14,30,0,0.0,Clear,clear sky,18
Hajdúsámson,47.608056,21.755278,2026-05-25 19:02:21.182755,24.82,24.3,24.82,24.82,1026,36,5.14,30,0,0.0,Clear,clear sky,18
Tamásipuszta,47.632778,21.796111,2026-05-25 19:02:22.547009,24.77,24.76,24.77,24.77,1026,56,5.39,13,58,0.0,Clouds,broken clouds,18
Aradványpuszta,47.662778,21.8425,2026-05-25 19:02:23.703305,24.72,24.71,24.72,24.72,1026,56,5.52,12,53,0.0,Clouds,broken clouds,18
Nyíradony,47.699444,21.903333,2026-05-25 19:02:24.871920,20.41,19.94,20.41,20.41,1026,55,5.78,7,55,0.0,Clouds,broken clouds,18
Nyírmihálydi,47.7375,21.958889,2026-05-25 19:02:26.172745,20.36,19.89,20.36,20.36,1026,55,5.84,5,55,0.0,Clouds,broken clouds,18
Nyírgelse,47.750833,21.987778,2026-05-25 19:02:27.327842,20.28,19.8,20.28,20.28,1026,55,5.88,4,55,0.0,Clouds,broken clouds,18
Nyírbogát,47.793056,22.066389,2026-05-25 19:02:28.488989,20.27,19.79,20.27,20.27,1026,55,5.95,359,52,0.0,Clouds,broken clouds,18
Nagykálló,47.871111,21.825833,2026-05-25 19:02:29.673808,20.56,20.21,20.56,20.56,1026,59,6.32,10,30,0.0,Clouds,scattered clouds,18
Kállósemjén,47.854722,21.935,2026-05-25 19:02:30.827582,20.48,20.07,20.48,20.48,1026,57,6.07,5,36,0.0,Clouds,scattered clouds,18
Nyírbátor,47.8425,22.131111,2026-05-25 19:02:31.978551,20.19,19.7,20.19,20.19,1026,55,5.97,358,47,0.0,Clouds,scattered clouds,18
Nyírcsászári,47.865556,22.179167,2026-05-25 19:02:33.134765,20.16,19.69,20.16,20.16,1026,56,5.98,355,40,0.0,Clouds,scattered clouds,18
Hodász,47.896111,22.213611,2026-05-25 19:02:34.289284,20.08,19.61,20.08,20.08,1026,56,5.92,353,32,0.0,Clouds,scattered clouds,18
Nyírmeggyes,47.9225,22.256667,2026-05-25 19:02:35.444275,20.11,19.66,20.11,20.11,1026,57,5.85,352,23,0.0,Clouds,few clouds,18
Mátészalka,47.951389,22.313333,2026-05-25 19:02:36.598098,20.12,19.68,20.12,20.12,1026,57,5.75,351,20,0.0,Clouds,few clouds,18
Kocsord,47.941944,22.375833,2026-05-25 19:02:37.761764,20.14,19.7,20.14,20.14,1026,57,5.34,349,21,0.0,Clouds,few clouds,18
Kocsord alsó,47.946389,22.400556,2026-05-25 19:02:38.917920,20.14,19.7,20.14,20.14,1026,57,5.34,349,21,0.0,Clouds,few clouds,18
Győrtelek,47.936667,22.424722,2026-05-25 19:02:40.079622,20.12,19.68,20.12,20.12,1026,57,5.18,349,21,0.0,Clouds,few clouds,18
Győrtelek alsó,47.921111,22.443333,2026-05-25 19:02:41.241839,20.08,19.63,20.08,20.08,1026,57,5.01,348,24,0.0,Clouds,few clouds,18
Ököritófülpös,47.911389,22.495,2026-05-25 19:02:42.399159,20.06,19.61,20.06,20.06,1026,57,4.86,348,25,0.0,Clouds,scattered clouds,18
Porcsalma-Tyukod,47.868056,22.568333,2026-05-25 19:02:43.550233,23.05,22.87,23.05,23.05,1025,56,4.43,346,37,0.0,Clouds,scattered clouds,18
Csenger,47.826111,22.666389,2026-05-25 19:02:44.708256,23.04,22.84,23.04,23.04,1025,55,4.23,346,49,0.0,Clouds,scattered clouds,18
Kisfái,46.888303,19.807366,2026-05-25 19:02:45.860621,25.02,24.73,25.02,25.02,1026,44,3.6,320,0,0.0,Clear,clear sky,18
Nyárlőrinci szőlők,46.8775,19.828333,2026-05-25 19:02:47.015729,24.03,23.69,24.03,24.03,1026,46,2.57,310,0,0.0,Clear,clear sky,18
Nyárlőrinc alsó,46.863889,19.878889,2026-05-25 19:02:48.169942,24.05,23.71,24.05,24.05,1026,46,2.57,310,0,0.0,Clear,clear sky,18
Tiszaug-Tiszahídfő,46.866106,20.052098,2026-05-25 19:02:49.323417,24.38,24.57,22.23,25.59,1026,65,2.91,73,94,0.0,Clouds,overcast clouds,18
Csongrádi úti tanyák,46.690278,19.921667,2026-05-25 19:02:50.478317,22.19,22.27,22.19,24.16,1026,69,3.3,9,91,0.0,Clouds,overcast clouds,18
Kettőshalom,46.689167,20.0225,2026-05-25 19:02:51.640209,22.22,22.43,22.22,22.22,1026,74,2.77,33,92,0.0,Clouds,overcast clouds,18
Csongrád alsó,46.711389,20.126389,2026-05-25 19:02:52.793427,22.22,22.43,22.22,22.22,1026,74,2.81,60,94,0.0,Clouds,overcast clouds,18
Dónát,46.66988,20.368168,2026-05-25 19:02:53.953918,22.24,22.45,22.24,22.24,1026,74,3.13,73,95,0.12,Rain,light rain,18
Pusztatemplom,46.676667,20.407222,2026-05-25 19:02:55.106451,22.23,22.44,22.23,22.23,1026,74,3.13,73,93,0.0,Clouds,overcast clouds,18
Előhát,47.364722,20.653611,2026-05-25 19:02:56.261790,21.53,21.2,21.53,21.53,1026,56,3.45,81,66,0.0,Clouds,broken clouds,18
Polgárdi-Tekerespuszta,47.017778,18.297778,2026-05-25 19:02:57.416309,22.34,22.14,22.34,22.34,1027,58,3.58,333,28,0.0,Clouds,scattered clouds,18
Szatina-Kishajmás,46.202778,18.083611,2026-05-25 19:02:58.626864,25.25,25.74,25.25,25.25,1027,73,3.2,14,74,0.0,Clouds,broken clouds,18
Márok,45.886944,18.499167,2026-05-25 19:02:59.780699,23.16,23.39,23.16,25.47,1026,71,0.45,322,30,0.0,Clouds,scattered clouds,18
Nagynyárád,45.953333,18.564722,2026-05-25 19:03:00.939629,23.23,23.46,23.23,25.53,1026,71,3.09,323,17,0.0,Clouds,few clouds,18
Szászvár,46.2875,18.369722222222222,2026-05-25 19:03:02.105163,21.47,21.71,21.47,21.47,1027,78,3.99,359,89,0.0,Clouds,overcast clouds,18
Cikó,46.263514,18.557605,2026-05-25 19:03:03.264528,22.09,22.31,22.09,22.09,1027,75,4.29,342,71,0.0,Clouds,broken clouds,18
Gyöngyfa-Magyarmecske,45.983889,17.958889,2026-05-25 19:03:04.415545,25.57,26.09,25.57,25.57,1027,73,3.62,348,41,0.0,Clouds,scattered clouds,18
Nagyhát,47.581389,21.445,2026-05-25 19:03:05.577800,23.92,23.36,23.92,23.92,1026,38,3.6,40,0,0.0,Clear,clear sky,18
Balmazújváros,47.613889,21.348056,2026-05-25 19:03:06.738554,24.1,24.08,24.1,24.1,1026,58,4.88,38,36,0.0,Clouds,scattered clouds,18
Kónya,47.600833,21.2375,2026-05-25 19:03:07.897868,21.16,20.82,21.16,21.16,1026,57,4.51,44,43,0.0,Clouds,scattered clouds,18
Hortobágy,47.586111,21.154722,2026-05-25 19:03:09.054092,21.21,20.87,21.21,21.21,1026,57,4.28,50,44,0.0,Clouds,scattered clouds,18
Hortobágyi Halastó,47.604167,21.074167,2026-05-25 19:03:10.206852,21.22,20.89,21.22,21.22,1026,57,4.13,55,43,0.0,Clouds,scattered clouds,18
Ohat-Pusztakócs,47.623333,20.951111,2026-05-25 19:03:11.362287,21.17,20.86,21.17,21.17,1026,58,3.85,61,29,0.0,Clouds,scattered clouds,18
Egyek,47.616944,20.883611,2026-05-25 19:03:12.515652,21.15,20.86,21.15,21.15,1026,59,3.65,65,20,0.0,Clouds,few clouds,18
Tiszafüred,47.627778,20.756111,2026-05-25 19:03:13.677688,21.1,20.81,21.1,21.1,1026,59,3.52,66,12,0.0,Clouds,few clouds,18
Poroszló,47.657778,20.654444,2026-05-25 19:03:14.832999,21.11,20.87,21.11,21.11,1026,61,3.48,65,12,0.0,Clouds,few clouds,18
Kétútköz,47.694167,20.565,2026-05-25 19:03:15.988686,21.04,20.79,21.04,21.04,1027,61,3.49,60,21,0.0,Clouds,few clouds,18
Egerfarmos,47.711667,20.5225,2026-05-25 19:03:17.148805,21.03,20.81,21.03,21.03,1027,62,3.53,63,23,0.0,Clouds,few clouds,18
Piliscsaba,47.638056,18.829722,2026-05-25 19:03:18.302114,23.02,22.53,22.59,24.2,1026,44,3.15,319,10,0.0,Clear,clear sky,18
Pilisjászfalu,47.656111,18.797778,2026-05-25 19:03:19.459366,23.23,22.78,22.84,24.45,1026,45,3.16,320,9,0.0,Clear,clear sky,18
Leányvár,47.687594,18.772553,2026-05-25 19:03:20.610599,23.38,22.95,23.01,24.09,1026,45,2.87,317,9,0.0,Clear,clear sky,18
Dorog,47.723333,18.732778,2026-05-25 19:03:21.775674,23.6,23.4,23.6,23.6,1026,53,2.28,306,9,0.0,Clear,clear sky,18
Esztergom-Kertváros,47.743333,18.719167,2026-05-25 19:03:22.929219,23.67,23.5,23.67,23.67,1026,54,2.13,302,9,0.0,Clear,clear sky,18
Esztergom,47.7775,18.743611,2026-05-25 19:03:24.088549,23.73,23.57,23.73,23.73,1026,54,2.09,300,9,0.0,Clear,clear sky,18
Dunaalmás,47.733056,18.326389,2026-05-25 19:03:25.248588,22.52,22.32,22.52,22.52,1027,57,2.77,312,8,0.0,Clear,clear sky,18
Neszmély,47.734444,18.345278,2026-05-25 19:03:26.410317,22.52,22.32,22.52,22.52,1027,57,2.77,312,8,0.0,Clear,clear sky,18
Süttő,47.761111,18.455,2026-05-25 19:03:27.569494,22.49,22.26,22.49,22.49,1027,56,2.35,297,8,0.0,Clear,clear sky,18
Piszke,47.75307,18.478017,2026-05-25 19:03:28.727773,22.54,22.31,22.54,22.54,1027,56,2.28,295,8,0.0,Clear,clear sky,18
Lábatlan,47.751944,18.513333,2026-05-25 19:03:29.881461,22.56,22.31,22.56,22.56,1027,55,2.23,293,8,0.0,Clear,clear sky,18
Eternitgyár,47.755544,18.530014,2026-05-25 19:03:31.032332,22.56,22.31,22.56,22.56,1027,55,2.23,293,8,0.0,Clear,clear sky,18
Nyergesújfalu felső,47.762222,18.540556,2026-05-25 19:03:32.193160,22.56,22.31,22.56,22.56,1027,55,2.23,293,8,0.0,Clear,clear sky,18
Nyergesújfalu,47.761111,18.561667,2026-05-25 19:03:33.358435,22.53,22.27,22.53,22.53,1027,55,2.18,293,8,0.0,Clear,clear sky,18
Tokod,47.735,18.675,2026-05-25 19:03:34.521773,23.69,23.52,23.69,23.69,1026,54,2.24,304,8,0.0,Clear,clear sky,18
Környe,47.541667,18.330278,2026-05-25 19:03:35.674688,22.44,22.25,22.44,22.44,1027,58,3.14,318,9,0.0,Clear,clear sky,18
Kecskéd alsó,47.519722,18.316667,2026-05-25 19:03:36.832985,22.43,22.24,22.43,22.43,1027,58,3.31,320,8,0.0,Clear,clear sky,18
Oroszlány,47.486944,18.308611,2026-05-25 19:03:38.006499,22.38,22.19,22.38,22.38,1027,58,3.47,322,8,0.0,Clear,clear sky,18
Győrszabadhegy,47.663056,17.648056,2026-05-25 19:03:39.155976,23.08,22.72,23.08,23.08,1027,49,4.63,340,0,0.0,Clear,clear sky,18
Ménfőcsanak felső,47.638333,17.615,2026-05-25 19:03:40.315143,23.08,22.72,23.08,23.08,1027,49,4.63,340,0,0.0,Clear,clear sky,18
Gyömöre-Tét,47.501672,17.559596,2026-05-25 19:03:41.471896,24.03,23.69,22.91,24.03,1027,46,3.09,20,0,0.0,Clear,clear sky,18
Szerecseny,47.469167,17.5475,2026-05-25 19:03:42.626753,24.02,23.68,22.9,24.02,1027,46,3.09,20,0,0.0,Clear,clear sky,18
Gecse-Gyarmat,47.456111,17.515,2026-05-25 19:03:43.780933,24.05,23.71,22.94,24.05,1027,46,3.09,20,0,0.0,Clear,clear sky,18
Vaszar,47.4025,17.496389,2026-05-25 19:03:44.934767,24.08,23.74,24.08,24.08,1027,46,3.09,20,0,0.0,Clear,clear sky,18
Pápa,47.340556,17.458889,2026-05-25 19:03:46.093652,24.03,23.69,24.03,24.03,1027,46,3.09,20,0,0.13,Rain,light rain,18
Mezőlak,47.324722,17.371389,2026-05-25 19:03:47.253719,24.11,23.78,24.11,24.11,1027,46,3.09,20,0,0.12,Rain,light rain,18
Mihályháza,47.318889,17.331667,2026-05-25 19:03:48.411589,24.14,23.81,24.14,24.14,1027,46,3.09,20,0,0.0,Clear,clear sky,18
Vinár,47.306667,17.284722,2026-05-25 19:03:49.567668,24.1,23.77,24.1,24.1,1027,46,3.09,20,0,0.0,Clear,clear sky,18
Külsővat,47.279167,17.219722,2026-05-25 19:03:50.720601,24.12,24.18,24.12,24.12,1027,61,3.33,29,9,0.0,Clear,clear sky,18
Celldömölk,47.261389,17.151944,2026-05-25 19:03:51.889357,24.07,24.13,24.07,24.07,1027,61,3.26,30,9,0.0,Clear,clear sky,18
Kemenesmihályfa,47.278056,17.111111,2026-05-25 19:03:53.051411,23.14,23.1,23.14,23.14,1028,61,3.27,30,9,0.0,Clear,clear sky,18
Nagysimonyi,47.265556,17.058889,2026-05-25 19:03:54.209729,23.23,23.2,23.23,23.23,1028,61,3.22,32,10,0.0,Clear,clear sky,18
Ostffyasszonyfa,47.283889,17.023889,2026-05-25 19:03:55.366705,23.34,23.32,23.34,23.34,1028,61,3.23,31,10,0.0,Clear,clear sky,18
Sárvár,47.259167,16.928889,2026-05-25 19:03:56.527300,23.46,23.48,23.46,23.46,1028,62,3.23,32,12,0.0,Clouds,few clouds,18
Porpác,47.238611,16.8325,2026-05-25 19:03:57.689567,23.07,23.08,23.07,23.07,1028,63,3.21,34,12,0.0,Clouds,few clouds,18
Balatonföldvár,46.853889,17.881389,2026-05-25 19:03:58.845235,22.67,22.51,22.67,22.67,1027,58,3.4,351,20,0.0,Clouds,few clouds,18
Balatonszárszó,46.832222,17.830278,2026-05-25 19:04:00.005570,22.64,22.5,22.64,22.64,1027,59,3.19,355,18,0.0,Clouds,few clouds,18
Balatonszemes,46.811944,17.776389,2026-05-25 19:04:01.160398,22.65,22.54,22.65,22.65,1027,60,2.96,0,13,0.0,Clouds,few clouds,18
Balatonlelle felső,46.793889,17.7175,2026-05-25 19:04:02.311975,22.64,22.55,22.64,22.64,1027,61,2.81,5,9,0.0,Clear,clear sky,18
Balatonlelle,46.7875,17.694167,2026-05-25 19:04:03.464574,22.72,22.64,22.72,22.72,1027,61,2.76,5,8,0.0,Clear,clear sky,18
Fonyódliget,46.759167,17.592222,2026-05-25 19:04:04.614622,22.8,22.75,22.8,22.8,1027,62,2.66,8,8,0.0,Clear,clear sky,18
Balatonboglár,46.776111,17.647222,2026-05-25 19:04:05.776675,22.77,22.7,22.77,22.77,1027,61,2.72,6,8,0.0,Clear,clear sky,18
Balatonfenyves alsó,46.708611,17.455278,2026-05-25 19:04:06.930061,25.09,25.27,25.09,25.09,1027,62,2.66,7,9,0.0,Clear,clear sky,18
Fonyód,46.750278,17.558889,2026-05-25 19:04:08.086997,22.87,22.83,22.87,22.87,1027,62,2.62,7,8,0.0,Clear,clear sky,18
Bélatelep,46.737778,17.535,2026-05-25 19:04:09.241310,25.11,25.3,25.11,25.11,1027,62,2.62,8,9,0.0,Clear,clear sky,18
Alsóbélatelep,46.724167,17.516389,2026-05-25 19:04:10.404033,25.08,25.26,25.08,25.08,1027,62,2.62,8,9,0.0,Clear,clear sky,18
Balatonfenyves,46.713611,17.482778,2026-05-25 19:04:11.554952,25.08,25.29,25.08,25.08,1027,63,2.63,8,9,0.0,Clear,clear sky,18
Máriahullámtelep,46.704722,17.435,2026-05-25 19:04:12.709732,25.09,25.27,25.09,25.09,1027,62,2.66,7,9,0.0,Clear,clear sky,18
Balatonmáriafürdő,46.704167,17.374722,2026-05-25 19:04:13.867306,25.08,24.95,25.08,25.08,1027,50,2.06,10,0,0.0,Clear,clear sky,18
Balatonberény,46.713889,17.316944,2026-05-25 19:04:15.027559,25.05,24.92,25.05,25.05,1027,50,2.06,10,0,0.0,Clear,clear sky,18
Balatonszentgyörgy,46.692778,17.288889,2026-05-25 19:04:16.182742,25.08,24.95,25.08,25.08,1027,50,2.06,10,0,0.0,Clear,clear sky,18
Vörs,46.663611,17.260278,2026-05-25 19:04:17.348611,25.07,24.94,25.07,25.07,1027,50,2.06,10,0,0.0,Clear,clear sky,18
Zalaszentjakab,46.491667,17.135278,2026-05-25 19:04:18.510081,24.93,25.28,24.93,24.93,1027,69,3.41,10,9,0.0,Clear,clear sky,18
Nagykanizsa,46.440833,16.986667,2026-05-25 19:04:19.662666,22.78,22.97,22.78,22.78,1028,71,3.22,11,8,0.0,Clear,clear sky,18
Murakeresztúr,46.363889,16.876944,2026-05-25 19:04:20.826592,22.81,23.0,22.81,22.81,1028,71,2.86,7,6,0.0,Clear,clear sky,18
Zalakomár,46.530278,17.188056,2026-05-25 19:04:21.976278,24.93,24.78,24.93,24.93,1027,50,2.06,10,0,0.0,Clear,clear sky,18
Szárazrét,47.200833,18.381111,2026-05-25 19:04:23.132162,22.97,22.68,22.97,22.97,1026,52,4.42,332,13,0.0,Clouds,few clouds,18
Bodajk,47.318333,18.251944,2026-05-25 19:04:24.283388,22.81,22.56,22.81,22.81,1027,54,4.82,331,7,0.0,Clear,clear sky,18
Csókakő,47.3275,18.240556,2026-05-25 19:04:25.439427,22.48,22.19,22.48,22.48,1027,54,4.68,330,7,0.0,Clear,clear sky,18
Mór,47.369167,18.189167,2026-05-25 19:04:26.595901,22.47,22.23,22.47,22.47,1027,56,4.58,329,8,0.0,Clear,clear sky,18
Bakonysárkány,47.443611,18.103611,2026-05-25 19:04:27.758319,22.33,22.16,22.33,22.33,1027,59,3.76,326,8,0.0,Clear,clear sky,18
Kisbér,47.494167,18.024722,2026-05-25 19:04:28.924129,22.64,22.53,22.64,22.64,1027,60,3.24,326,8,0.0,Clear,clear sky,18
Nagyigmánd-Bábolna,47.630556,18.050833,2026-05-25 19:04:30.078635,22.99,22.62,22.99,22.99,1027,49,4.63,340,0,0.0,Clear,clear sky,18
Budapest-Déli,47.498889,19.025,2026-05-25 19:04:31.228573,24.07,23.6,23.12,24.84,1026,41,3.09,330,0,0.0,Clear,clear sky,18
Budapest-Kelenföld,47.464444,19.02,2026-05-25 19:04:32.381080,24.21,23.76,23.22,24.94,1026,41,3.09,330,0,0.0,Clear,clear sky,18
Budaörs,47.4475,18.965,2026-05-25 19:04:33.537582,24.03,23.56,23.13,24.85,1026,41,2.68,332,8,0.0,Clear,clear sky,18
Biatorbágy,47.480278,18.834444,2026-05-25 19:04:34.694107,23.28,22.79,22.9,24.5,1026,43,4.11,326,8,0.0,Clear,clear sky,18
Herceghalom,47.493611,18.746111,2026-05-25 19:04:35.852344,23.49,23.07,23.15,24.75,1026,45,4.28,329,8,0.0,Clear,clear sky,18
Bicske,47.484167,18.6175,2026-05-25 19:04:37.019124,23.32,23.07,22.95,23.32,1026,52,3.92,326,8,0.0,Clear,clear sky,18
Szár,47.485,18.5275,2026-05-25 19:04:38.179884,23.11,22.86,23.11,23.11,1026,53,3.54,321,8,0.0,Clear,clear sky,18
Szárliget,47.518333,18.495833,2026-05-25 19:04:39.339168,22.29,21.98,22.29,22.29,1026,54,3.32,318,9,0.0,Clear,clear sky,18
Alsógalla,47.563337,18.425102,2026-05-25 19:04:40.493778,22.52,22.29,22.52,22.52,1027,56,2.94,313,9,0.0,Clear,clear sky,18
Tatabánya,47.585556,18.393056,2026-05-25 19:04:41.644294,22.51,22.3,22.51,22.51,1027,57,2.85,312,9,0.0,Clear,clear sky,18
Vértesszőlős,47.619444,18.375278,2026-05-25 19:04:42.808578,22.52,22.32,22.52,22.52,1027,57,2.77,311,9,0.0,Clear,clear sky,18
Tóvároskert,47.646111,18.348611,2026-05-25 19:04:43.975586,22.47,22.29,22.47,22.47,1027,58,2.78,312,8,0.0,Clear,clear sky,18
Tata,47.665,18.3275,2026-05-25 19:04:45.135074,22.45,22.27,22.45,22.45,1027,58,2.75,312,8,0.0,Clear,clear sky,18
Almásfüzitő,47.725278,18.262222,2026-05-25 19:04:46.291839,22.5,22.32,22.5,22.5,1027,58,3.08,318,8,0.0,Clear,clear sky,18
Almásfüzitő felső,47.731389,18.216389,2026-05-25 19:04:47.442883,22.51,22.33,22.51,22.51,1027,58,3.34,321,8,0.0,Clear,clear sky,18
Szőny,47.735556,18.1775,2026-05-25 19:04:48.598918,23.12,23.03,23.12,23.12,1027,59,3.45,322,8,0.0,Clear,clear sky,18
Komárom,47.749444,18.113611,2026-05-25 19:04:49.755050,23.13,23.04,23.13,23.13,1027,59,3.71,324,8,0.0,Clear,clear sky,18
Ács,47.717222,18.004444,2026-05-25 19:04:50.911445,23.05,22.69,23.05,23.05,1027,49,4.63,340,0,0.0,Clear,clear sky,18
Nagyszentjános,47.705556,17.871389,2026-05-25 19:04:52.062586,23.05,22.69,23.05,23.05,1027,49,4.63,340,0,0.0,Clear,clear sky,18
Győrszentiván,47.688611,17.745556,2026-05-25 19:04:53.216335,23.06,22.7,23.06,23.06,1027,49,4.63,340,0,0.0,Clear,clear sky,18
Győr-Gyárváros,47.684444,17.663889,2026-05-25 19:04:54.378074,23.1,22.75,23.1,23.1,1027,49,4.63,340,0,0.0,Clear,clear sky,18
Győr,47.681944,17.634722,2026-05-25 19:04:55.528137,23.06,22.7,23.06,23.06,1027,49,4.63,340,0,0.0,Clear,clear sky,18
Öttevény,47.719722,17.489167,2026-05-25 19:04:56.681125,23.08,22.96,23.08,23.08,1027,58,3.71,357,8,0.0,Clear,clear sky,18
Lébény-Mosonszentmiklós,47.755278,17.426389,2026-05-25 19:04:57.845982,23.28,23.18,23.28,23.28,1027,58,3.65,1,7,0.0,Clear,clear sky,18
Kimle-Károlyháza,47.803889,17.342778,2026-05-25 19:04:58.997016,23.33,23.23,23.33,23.33,1027,58,3.55,1,6,0.0,Clear,clear sky,18
Mosonmagyaróvár,47.849722,17.267222,2026-05-25 19:05:00.151751,23.34,23.24,23.34,23.34,1027,58,3.38,359,5,0.0,Clear,clear sky,18
Levél,47.889722,17.1925,2026-05-25 19:05:01.303606,23.39,23.3,23.39,23.39,1027,58,3.33,355,5,0.0,Clear,clear sky,18
Hegyeshalom,47.913889,17.145556,2026-05-25 19:05:02.474839,23.01,22.88,23.01,23.01,1027,58,3.31,352,6,0.0,Clear,clear sky,18
Óbuda,47.568611,19.033889,2026-05-25 19:05:03.629808,24.2,23.77,23.26,24.98,1026,42,2.68,332,10,0.0,Clear,clear sky,18
Üröm,47.580556,19.002222,2026-05-25 19:05:04.779745,24.02,23.57,23.16,24.88,1026,42,2.68,332,11,0.0,Clouds,few clouds,18
Solymár,47.596111,18.95,2026-05-25 19:05:05.933526,23.75,23.28,22.97,24.69,1026,42,2.24,302,12,0.0,Clouds,few clouds,18
Pilisvörösvár,47.614444,18.902222,2026-05-25 19:05:07.088276,23.2,22.72,22.73,24.34,1026,44,3.03,316,12,0.0,Clouds,few clouds,18
Klotildliget,47.637778,18.846389,2026-05-25 19:05:08.240085,22.91,22.41,22.47,24.07,1026,44,3.15,319,10,0.0,Clear,clear sky,18
Kútvölgy,46.459444,20.451944,2026-05-25 19:05:09.407720,22.23,22.44,22.23,22.23,1026,74,3.05,93,73,0.0,Clouds,broken clouds,18
Székkutas,46.503889,20.541111,2026-05-25 19:05:10.563635,22.21,22.42,22.21,22.21,1026,74,3.23,88,67,0.0,Clouds,broken clouds,18
Kaposszentjakab,46.358056,17.821944,2026-05-25 19:05:11.720838,22.2,22.28,22.2,22.2,1027,69,3.15,14,15,0.0,Clouds,few clouds,18
Kaposvár,46.352778,17.795,2026-05-25 19:05:12.875316,22.07,22.13,22.07,22.07,1027,69,3.13,14,12,0.0,Clouds,few clouds,18
Kaposújlak,46.366667,17.715,2026-05-25 19:05:14.040937,22.18,22.31,22.18,22.18,1027,71,3.02,13,7,0.0,Clear,clear sky,18
Kaposmérő,46.365278,17.698889,2026-05-25 19:05:15.197225,22.15,22.27,22.15,22.15,1027,71,2.96,13,6,0.0,Clear,clear sky,18
Kaposfő,46.364167,17.656667,2026-05-25 19:05:16.348255,22.15,22.27,22.15,22.15,1027,71,2.91,13,6,0.0,Clear,clear sky,18
Kiskorpád,46.361389,17.606667,2026-05-25 19:05:17.500393,22.12,22.24,22.12,22.12,1027,71,2.86,13,6,0.0,Clear,clear sky,18
Jákó-Nagybajom,46.344444,17.554444,2026-05-25 19:05:18.653172,22.19,22.34,22.19,22.19,1027,72,2.81,12,7,0.0,Clear,clear sky,18
Kutas,46.326111,17.453889,2026-05-25 19:05:19.806769,22.46,22.62,22.46,22.46,1027,71,2.95,12,10,0.0,Clear,clear sky,18
Beleg,46.316944,17.420556,2026-05-25 19:05:20.975380,22.54,22.68,22.54,22.54,1027,70,3.16,11,10,0.0,Clear,clear sky,18
Ötvöskónyi,46.292778,17.358056,2026-05-25 19:05:22.127154,22.55,22.66,22.55,22.55,1027,69,3.26,10,10,0.0,Clear,clear sky,18
Somogyszob,46.289167,17.305556,2026-05-25 19:05:23.295955,22.51,22.62,22.51,22.51,1027,69,3.46,10,9,0.0,Clear,clear sky,18
Bolhás,46.282222,17.275278,2026-05-25 19:05:24.484684,22.47,22.57,22.47,22.47,1027,69,3.64,10,9,0.0,Clear,clear sky,18
Szenta,46.274167,17.182222,2026-05-25 19:05:25.646367,22.49,22.6,22.49,22.49,1027,69,3.74,10,8,0.0,Clear,clear sky,18
Zrínyitelep,46.275278,17.138056,2026-05-25 19:05:26.799335,22.48,22.59,22.48,22.48,1027,69,3.75,10,8,0.0,Clear,clear sky,18
Csurgó,46.261111,17.091667,2026-05-25 19:05:27.954142,22.59,22.73,22.59,22.59,1027,70,3.7,10,8,0.0,Clear,clear sky,18
Gyékényes,46.249167,16.956389,2026-05-25 19:05:29.122801,22.43,22.58,22.43,22.43,1027,71,3.38,9,7,0.0,Clear,clear sky,18
Adony,47.106111,18.847778,2026-05-25 19:05:30.275993,23.17,22.87,23.17,23.17,1026,51,3.59,314,59,0.0,Clouds,broken clouds,18
Kulcs,47.051111,18.8975,2026-05-25 19:05:31.436061,22.84,22.51,22.84,22.84,1026,51,3.9,315,76,0.0,Clouds,broken clouds,18
Rácalmás,47.023333,18.908889,2026-05-25 19:05:32.609118,22.75,22.44,22.75,22.75,1026,52,3.95,316,79,0.0,Clouds,broken clouds,18
Dunaújváros,46.960556,18.913889,2026-05-25 19:05:33.786840,22.69,22.37,22.69,22.69,1026,52,4.02,319,79,0.0,Clouds,broken clouds,18
Újvenyim,46.936944,18.868889,2026-05-25 19:05:34.944272,22.69,22.42,22.69,22.69,1026,54,3.95,321,77,0.0,Clouds,broken clouds,18
Mezőfalva,46.905556,18.810278,2026-05-25 19:05:36.114624,22.59,22.34,22.59,22.59,1026,55,3.85,323,73,0.0,Clouds,broken clouds,18
Nagykarácsony felső,46.866047,18.783064,2026-05-25 19:05:37.289541,22.62,22.4,22.62,22.62,1026,56,3.84,325,67,0.0,Clouds,broken clouds,18
Nagykarácsony,46.848729,18.765722,2026-05-25 19:05:38.460581,22.38,22.14,22.38,22.38,1026,56,3.76,326,65,0.0,Clouds,broken clouds,18
Alap,46.831944,18.657778,2026-05-25 19:05:39.615892,22.48,22.27,22.48,22.48,1026,57,3.57,330,64,0.0,Clouds,broken clouds,18
Cece,46.773333,18.623333,2026-05-25 19:05:40.780566,22.4,22.24,22.4,22.4,1027,59,3.49,332,59,0.0,Clouds,broken clouds,18
Vajta,46.713611,18.648056,2026-05-25 19:05:41.946008,22.33,22.19,22.33,22.33,1026,60,3.47,332,60,0.0,Clouds,broken clouds,18
Rétszilas alsó,46.829167,18.639444,2026-05-25 19:05:43.105802,22.48,22.27,22.48,22.48,1026,57,3.57,330,64,0.0,Clouds,broken clouds,18
Nagydorog,46.615485,18.65002,2026-05-25 19:05:44.259952,22.27,22.2,22.27,22.27,1027,63,3.41,333,65,0.0,Clouds,broken clouds,18
Tengelic,46.516111,18.695278,2026-05-25 19:05:45.412750,22.14,22.19,22.14,22.14,1026,68,3.54,334,76,0.0,Clouds,broken clouds,18
Fácánkert,46.449041,18.735661,2026-05-25 19:05:46.572914,22.2,22.33,22.2,22.2,1026,71,3.7,332,82,0.0,Clouds,broken clouds,18
Tolna-Mözs,46.416389,18.750556,2026-05-25 19:05:47.728926,22.28,22.44,22.28,22.28,1026,72,3.65,330,85,0.0,Clouds,overcast clouds,18
Szekszárd-Palánk,46.38027777777778,18.72833333333333,2026-05-25 19:05:48.893654,22.28,22.47,22.28,22.28,1026,73,3.79,332,83,0.0,Clouds,broken clouds,18
Szekszárd,46.349444,18.7125,2026-05-25 19:05:50.053569,22.28,22.5,22.28,22.28,1026,74,3.82,332,82,0.0,Clouds,broken clouds,18
Őcsény,46.318889,18.7425,2026-05-25 19:05:51.210588,22.35,22.6,22.35,22.35,1026,75,3.62,328,84,0.0,Clouds,broken clouds,18
Decs,46.283889,18.756111,2026-05-25 19:05:52.381906,22.36,22.61,22.36,22.36,1026,75,3.59,327,82,0.0,Clouds,broken clouds,18
Csikóstőttős,46.337222,18.152778,2026-05-25 19:05:53.545941,21.92,22.1,21.92,21.92,1027,74,3.41,14,70,0.0,Clouds,broken clouds,18
Mágocs-Alsómocsolád,46.31027777777778,18.222222222222225,2026-05-25 19:05:54.709637,21.2,21.39,21.2,21.2,1027,77,3.5,12,85,0.0,Clouds,overcast clouds,18
Szalatnak,46.284444444444446,18.288611111111113,2026-05-25 19:05:55.868320,21.4,21.66,21.4,21.4,1027,79,3.77,5,92,0.0,Clouds,overcast clouds,18
Máza-Szászvár,46.279167,18.411389,2026-05-25 19:05:57.041162,21.63,21.86,21.63,21.63,1027,77,4.1,356,87,0.0,Clouds,overcast clouds,18
Váralja,46.281667,18.436111,2026-05-25 19:05:58.193321,21.88,22.11,21.88,21.88,1027,76,4.25,350,82,0.0,Clouds,broken clouds,18
Nagymányok,46.280278,18.459167,2026-05-25 19:05:59.351818,21.88,22.11,21.88,21.88,1027,76,4.25,350,82,0.0,Clouds,broken clouds,18
Hidas-Bonyhád,46.269444,18.523333,2026-05-25 19:06:00.513542,21.93,22.14,21.93,21.93,1027,75,4.29,345,77,0.0,Clouds,broken clouds,18
Mőcsény,46.2575,18.591944,2026-05-25 19:06:01.671767,21.71,21.92,21.71,21.71,1027,76,4.16,336,71,0.0,Clouds,broken clouds,18
Bátaszék,46.202222,18.715556,2026-05-25 19:06:02.827987,22.29,22.56,22.29,22.29,1026,76,3.68,329,70,0.0,Clouds,broken clouds,18
Pörböly,46.199167,18.826389,2026-05-25 19:06:03.982660,22.39,22.62,22.39,22.39,1026,74,3.24,326,81,0.0,Clouds,broken clouds,18
Orosháza,46.566111,20.664722,2026-05-25 19:06:05.141945,22.62,22.79,22.62,22.62,1026,71,3.48,80,60,0.0,Clouds,broken clouds,18
Orosházi tanyák,46.596944,20.760556,2026-05-25 19:06:06.294807,21.08,21.02,21.08,21.08,1026,68,3.39,75,58,0.0,Clouds,broken clouds,18
Csorvás,46.623611,20.840833,2026-05-25 19:06:07.455956,21.06,20.94,21.06,21.06,1026,66,3.23,72,64,0.0,Clouds,broken clouds,18
Csorvás alsó,46.634722,20.888333,2026-05-25 19:06:08.615575,21.08,21.05,21.08,21.08,1026,69,3.12,70,64,0.0,Clouds,broken clouds,18
Telekgerendás,46.656111,20.963889,2026-05-25 19:06:09.769026,21.08,21.05,21.08,21.08,1026,69,2.76,62,72,0.0,Clouds,broken clouds,18
Fürjes,46.67214,21.02306,2026-05-25 19:06:10.927286,21.08,21.05,21.08,21.08,1026,69,2.55,57,78,0.0,Clouds,broken clouds,18
Fényes,46.659876,21.16618,2026-05-25 19:06:12.083880,21.11,21.08,21.11,21.11,1026,69,2.38,44,86,0.0,Clouds,overcast clouds,18
Bicere,46.66,21.179444,2026-05-25 19:06:13.241232,21.1,21.07,21.1,21.1,1026,69,2.38,41,88,0.0,Clouds,overcast clouds,18
Gyula,46.656389,21.273333,2026-05-25 19:06:14.403676,21.09,21.06,21.09,21.09,1026,69,2.44,34,95,0.0,Clouds,overcast clouds,18
József Szanatórium,46.704722,21.3325,2026-05-25 19:06:15.556726,21.08,21.05,21.08,21.08,1026,69,2.61,31,94,0.0,Clouds,overcast clouds,18
Sarkadi Cukorgyár,46.73,21.383611,2026-05-25 19:06:16.712832,21.09,21.06,21.09,21.09,1026,69,2.8,30,93,0.0,Clouds,overcast clouds,18
Sarkad,46.736944,21.402222,2026-05-25 19:06:17.867783,21.08,20.78,21.08,21.08,1026,59,2.89,29,93,0.0,Clouds,overcast clouds,18
Kötegyán,46.758333,21.479722,2026-05-25 19:06:19.029040,21.08,20.76,21.08,21.08,1026,58,3.13,29,94,0.0,Clouds,overcast clouds,18
Méhkerék,46.774444,21.455556,2026-05-25 19:06:20.186642,21.08,20.76,21.08,21.08,1026,58,3.13,30,93,0.0,Clouds,overcast clouds,18
Sarkadkeresztúr,46.823611,21.4175,2026-05-25 19:06:21.338585,21.1,20.78,21.1,21.1,1026,58,3.16,31,93,0.0,Clouds,overcast clouds,18
Okány,46.8925,21.339167,2026-05-25 19:06:22.505538,21.1,20.78,21.1,21.1,1026,58,3.4,34,94,0.0,Clouds,overcast clouds,18
Újszeged,46.242222,20.16,2026-05-25 19:06:23.671819,22.69,22.79,22.69,22.69,1026,68,2.49,3,70,0.0,Clouds,broken clouds,18
Szőreg,46.211389,20.183056,2026-05-25 19:06:24.843622,22.76,22.84,22.76,22.76,1026,67,2.24,4,77,0.0,Clouds,broken clouds,18
Deszk,46.210278,20.246389,2026-05-25 19:06:26.031559,22.77,22.85,22.77,22.77,1026,67,1.3,31,83,0.0,Clouds,broken clouds,18
Kiszombor,46.191944,20.413056,2026-05-25 19:06:27.201335,22.83,23.02,22.83,22.83,1026,71,1.65,93,89,0.0,Clouds,overcast clouds,18
Kiszombor megálló,46.191111,20.430833,2026-05-25 19:06:28.396234,22.83,23.02,22.83,22.83,1026,71,1.65,93,89,0.0,Clouds,overcast clouds,18
Makó,46.204722,20.474722,2026-05-25 19:06:29.560950,22.82,23.01,22.82,22.82,1026,71,1.83,96,89,0.0,Clouds,overcast clouds,18
Apátfalva,46.175193,20.580611,2026-05-25 19:06:30.734316,22.88,23.13,22.88,22.88,1026,73,2.18,96,89,0.0,Clouds,overcast clouds,18
Magyarcsanád,46.174444,20.610278,2026-05-25 19:06:31.916743,22.89,23.14,22.89,22.89,1026,73,2.26,93,88,0.0,Clouds,overcast clouds,18
Nagylak,46.17,20.708333,2026-05-25 19:06:33.086404,22.99,23.28,22.99,22.99,1026,74,2.51,79,80,0.0,Clouds,broken clouds,18
Nagylaki Kendergyár,46.189167,20.717222,2026-05-25 19:06:34.275664,22.98,23.27,22.98,22.98,1026,74,2.58,80,76,0.0,Clouds,broken clouds,18
Csanádpalota,46.236111,20.7325,2026-05-25 19:06:35.437604,22.98,23.27,22.98,22.98,1026,74,2.66,80,71,0.0,Clouds,broken clouds,18
Mezőhegyes,46.310833,20.815556,2026-05-25 19:06:36.595794,22.96,23.22,22.96,22.96,1026,73,2.89,74,47,0.0,Clouds,scattered clouds,18
Végegyháza,46.384444,20.878611,2026-05-25 19:06:37.749400,22.89,23.09,22.89,22.89,1026,71,3.01,68,31,0.0,Clouds,scattered clouds,18
Mezőkovácsháza,46.408333,20.9,2026-05-25 19:06:38.905242,22.85,23.04,22.85,22.85,1026,71,3.05,68,30,0.0,Clouds,scattered clouds,18
Mezőkovácsháza felső,46.415556,20.918056,2026-05-25 19:06:40.063655,22.85,23.02,22.85,22.85,1026,70,2.93,63,32,0.0,Clouds,scattered clouds,18
Magyarbánhegyes,46.451389,20.97,2026-05-25 19:06:41.217920,21.05,21.01,21.05,21.05,1026,69,2.87,60,38,0.0,Clouds,scattered clouds,18
Medgyesegyháza,46.495278,21.029167,2026-05-25 19:06:42.372425,21.03,20.94,21.03,21.03,1026,67,2.71,55,55,0.0,Clouds,broken clouds,18
Bánkút,46.505278,21.091944,2026-05-25 19:06:43.528405,21.05,21.01,21.05,21.05,1026,69,2.58,50,67,0.0,Clouds,broken clouds,18
Belsőperegpuszta,46.321111,20.916667,2026-05-25 19:06:44.700968,23.01,23.22,23.01,23.01,1026,71,2.88,63,36,0.0,Clouds,scattered clouds,18
Battonya,46.282222,21.003889,2026-05-25 19:06:45.854861,22.04,22.15,22.04,22.26,1026,71,2.81,58,41,0.0,Clouds,scattered clouds,18
Baja-Dunafürdő,46.193333,18.919167,2026-05-25 19:06:47.010042,22.58,22.75,22.58,22.58,1026,71,3.1,327,86,0.0,Clouds,overcast clouds,18
Kaposszekcső,46.330556,18.143056,2026-05-25 19:06:48.171262,21.92,22.1,21.92,21.92,1027,74,3.41,14,70,0.0,Clouds,broken clouds,18
Vásárosdombó,46.310556,18.138889,2026-05-25 19:06:49.337809,21.81,22.0,21.81,21.81,1027,75,3.35,16,77,0.0,Clouds,broken clouds,18
Sásd,46.257222,18.104722,2026-05-25 19:06:50.501883,21.81,22.0,21.81,21.81,1027,75,3.22,17,81,0.0,Clouds,broken clouds,18
Godisa,46.223333,18.104722,2026-05-25 19:06:51.658314,25.4,25.95,25.4,25.4,1027,75,3.21,16,84,0.0,Clouds,broken clouds,18
Abaliget,46.152778,18.073611,2026-05-25 19:06:52.815034,25.01,25.47,25.01,25.01,1027,73,3.33,9,75,0.0,Clouds,broken clouds,18
Hetvehely,46.128333,18.045,2026-05-25 19:06:53.974289,25.2,25.66,25.2,25.2,1027,72,3.47,5,68,0.0,Clouds,broken clouds,18
Bükkösd,46.113056,17.999444,2026-05-25 19:06:55.129179,25.36,25.83,25.36,25.36,1027,72,3.54,5,63,0.0,Clouds,broken clouds,18
Cserdi-Helesfa,46.086667,17.987778,2026-05-25 19:06:56.283329,25.44,25.92,25.44,25.44,1027,72,3.63,2,61,0.0,Clouds,broken clouds,18
Szentlőrinc,46.033333,17.990833,2026-05-25 19:06:57.440563,25.5,25.49,25.5,25.5,1027,53,2.57,300,0,0.0,Clear,clear sky,18
Bicsérd,46.041389,18.057778,2026-05-25 19:06:58.601093,25.41,25.39,25.41,25.41,1027,53,2.57,300,0,0.0,Clear,clear sky,18
Mecsekalja-Cserkút,46.059722,18.150278,2026-05-25 19:06:59.772993,25.54,25.53,25.54,25.54,1027,53,2.57,300,0,0.0,Clear,clear sky,18
Pécs,46.065833,18.223611,2026-05-25 19:07:00.924388,25.46,25.45,23.15,25.46,1027,53,2.57,300,0,0.0,Clear,clear sky,18
Pécs-Külváros,46.071667,18.24,2026-05-25 19:07:02.078494,25.43,25.41,23.13,25.43,1027,53,2.57,300,0,0.0,Clear,clear sky,18
Pécsbánya-Rendező,46.063333,18.270278,2026-05-25 19:07:03.240224,25.28,25.25,22.97,25.28,1027,53,2.57,300,0,0.0,Clear,clear sky,18
Pécsudvard,46.01,18.275556,2026-05-25 19:07:04.399691,25.21,25.17,22.9,25.21,1027,53,2.57,300,0,0.0,Clear,clear sky,18
Szőkéd,45.9675,18.29,2026-05-25 19:07:05.554170,25.39,25.37,23.08,25.39,1027,53,2.57,300,0,0.0,Clear,clear sky,18
Áta,45.936389,18.306944,2026-05-25 19:07:06.727719,25.49,25.48,23.19,25.49,1026,53,2.57,300,0,0.0,Clear,clear sky,18
Kistótfalu,45.909722,18.315278,2026-05-25 19:07:07.885907,25.53,25.52,23.23,25.53,1026,53,2.57,300,0,0.0,Clear,clear sky,18
Vokány,45.899722,18.334722,2026-05-25 19:07:09.041201,23.19,23.42,23.19,25.49,1026,71,2.57,300,0,0.0,Clear,clear sky,18
Palkonya,45.891667,18.393889,2026-05-25 19:07:10.208611,23.21,23.44,23.21,25.52,1026,71,2.57,300,0,0.0,Clear,clear sky,18
Villánykövesd,45.879722,18.425833,2026-05-25 19:07:11.370388,23.17,23.4,23.17,25.48,1026,71,2.57,300,0,0.0,Clear,clear sky,18
Villány,45.8775,18.451389,2026-05-25 19:07:12.527425,23.3,23.54,23.3,25.6,1026,71,0.45,322,26,0.0,Clouds,scattered clouds,18
Magyarbóly,45.834167,18.491944,2026-05-25 19:07:13.681288,23.35,23.59,23.35,25.66,1026,71,0.45,322,48,0.0,Clouds,scattered clouds,18
Magyarszék,46.210278,18.188056,2026-05-25 19:07:14.843988,25.25,25.84,25.25,25.25,1027,77,3.26,12,91,0.0,Clouds,overcast clouds,18
Mecsekpölöske,46.224167,18.213056,2026-05-25 19:07:15.993620,25.07,25.67,25.07,25.07,1027,78,3.37,11,93,0.0,Clouds,overcast clouds,18
Mecsekjánosi,46.215278,18.241944,2026-05-25 19:07:17.145307,25.06,25.68,25.06,25.06,1027,79,3.54,7,92,0.0,Clouds,overcast clouds,18
Komló,46.189167,18.265278,2026-05-25 19:07:18.309348,24.75,25.34,24.75,24.75,1027,79,3.45,5,89,0.0,Clouds,overcast clouds,18
Királyegyháza-Rigópuszta,45.989167,17.971667,2026-05-25 19:07:19.465887,25.58,26.1,25.58,25.58,1027,73,3.55,348,43,0.0,Clouds,scattered clouds,18
Sumony,45.960833,17.913333,2026-05-25 19:07:20.620997,25.61,26.13,25.61,25.61,1027,73,3.48,346,27,0.0,Clouds,scattered clouds,18
Okorág-Kárászpuszta,45.933611,17.864444,2026-05-25 19:07:21.774078,25.62,26.17,25.62,25.62,1027,74,3.18,342,19,0.0,Clouds,few clouds,18
Kákics,45.904167,17.8525,2026-05-25 19:07:22.925451,22.09,22.29,22.09,22.09,1027,74,2.8,336,13,0.0,Clouds,few clouds,18
Bóly,45.9375,18.538333,2026-05-25 19:07:24.086195,23.12,23.34,23.12,25.43,1026,71,0.45,322,19,0.0,Clouds,few clouds,18
Mohács,46.0025,18.683333,2026-05-25 19:07:25.242601,23.39,23.66,23.39,23.39,1026,72,3.01,326,36,0.0,Clouds,scattered clouds,18
Sellye,45.873333,17.858889,2026-05-25 19:07:26.402351,22.01,22.22,22.01,22.01,1027,75,2.6,329,12,0.0,Clouds,few clouds,18
Toponár,46.398333,17.840833,2026-05-25 19:07:27.558597,22.12,22.16,22.12,22.12,1027,68,3.24,14,14,0.0,Clouds,few clouds,18
Somogyaszaló,46.453611,17.840278,2026-05-25 19:07:28.709351,22.01,21.99,22.01,22.01,1027,66,3.42,12,12,0.0,Clouds,few clouds,18
Mernye,46.509444,17.832222,2026-05-25 19:07:30.102820,22.11,22.05,22.11,22.11,1027,64,3.48,10,11,0.0,Clouds,few clouds,18
Felsőmocsolád,46.556389,17.8225,2026-05-25 19:07:31.485790,21.96,21.86,21.96,21.96,1027,63,3.45,10,12,0.0,Clouds,few clouds,18
Kisbárapáti,46.615,17.866667,2026-05-25 19:07:32.650226,21.73,21.6,21.73,21.73,1027,63,3.27,6,16,0.0,Clouds,few clouds,18
Bonnya,46.611389,17.909167,2026-05-25 19:07:33.819374,22.01,21.91,22.01,22.01,1027,63,3.39,5,16,0.0,Clouds,few clouds,18
Andocs,46.646944,17.8925,2026-05-25 19:07:34.996262,21.49,21.34,21.49,21.49,1027,63,3.18,5,18,0.0,Clouds,few clouds,18
Karád,46.681111,17.874722,2026-05-25 19:07:37.066942,21.89,21.78,21.89,21.89,1027,63,3.11,4,19,0.0,Clouds,few clouds,18
Somogymeggyes,46.720556,17.920556,2026-05-25 19:07:38.229283,21.48,21.3,21.48,21.48,1027,62,3.08,358,25,0.0,Clouds,scattered clouds,18
Kapoly,46.713611,17.977778,2026-05-25 19:07:39.396111,21.81,21.67,21.81,21.81,1027,62,3.23,352,30,0.0,Clouds,scattered clouds,18
Tab,46.734167,18.041111,2026-05-25 19:07:40.553536,21.62,21.46,21.62,21.62,1027,62,3.25,349,33,0.0,Clouds,scattered clouds,18
Bábonymegyer,46.746095,18.109921,2026-05-25 19:07:41.705246,21.74,21.59,21.74,21.74,1027,62,3.29,343,30,0.0,Clouds,scattered clouds,18
Daránypuszta,46.764722,18.143889,2026-05-25 19:07:42.856868,21.92,21.76,21.92,21.92,1027,61,3.27,341,31,0.0,Clouds,scattered clouds,18
Som-Nagyberény,46.803056,18.149444,2026-05-25 19:07:44.014950,22.17,22.01,22.17,22.17,1027,60,3.29,339,31,0.0,Clouds,scattered clouds,18
Ádánd,46.854444,18.141667,2026-05-25 19:07:45.176169,22.33,22.19,22.33,22.33,1027,60,3.36,339,29,0.0,Clouds,scattered clouds,18
Siójut,46.879444,18.126667,2026-05-25 19:07:46.330897,22.37,22.2,22.37,22.37,1027,59,3.43,338,27,0.0,Clouds,scattered clouds,18
Kapostüskevár,46.367778,17.774167,2026-05-25 19:07:47.486900,22.23,22.34,22.23,22.23,1027,70,3.11,14,10,0.0,Clear,clear sky,18
Kaposfüred,46.415,17.759444,2026-05-25 19:07:48.651554,22.12,22.16,22.12,22.12,1027,68,3.26,13,9,0.0,Clear,clear sky,18
Várda,46.4625,17.721667,2026-05-25 19:07:49.804129,22.09,22.1,22.09,22.09,1027,67,3.22,13,8,0.0,Clear,clear sky,18
Somogyjád,46.490833,17.694444,2026-05-25 19:07:50.958815,22.28,22.29,22.28,22.28,1027,66,3.14,14,8,0.0,Clear,clear sky,18
Osztopán,46.515556,17.656944,2026-05-25 19:07:52.109422,22.35,22.36,22.35,22.35,1027,66,3.02,14,8,0.0,Clear,clear sky,18
Pamuk,46.553127,17.636412,2026-05-25 19:07:53.262050,22.49,22.49,22.49,22.49,1027,65,2.99,14,8,0.0,Clear,clear sky,18
Somogyvár,46.580556,17.634722,2026-05-25 19:07:54.425644,22.53,22.54,22.53,22.53,1027,65,2.94,14,8,0.0,Clear,clear sky,18
Öreglak,46.608607,17.632733,2026-05-25 19:07:55.579831,22.53,22.54,22.53,22.53,1027,65,2.9,13,8,0.0,Clear,clear sky,18
Tatárvár,46.636667,17.621111,2026-05-25 19:07:56.731969,22.49,22.47,22.49,22.49,1027,64,2.78,13,8,0.0,Clear,clear sky,18
Lengyeltóti,46.660556,17.613611,2026-05-25 19:07:57.886108,22.6,22.59,22.6,22.6,1027,64,2.73,12,8,0.0,Clear,clear sky,18
Pusztaberény,46.686111,17.594722,2026-05-25 19:07:59.038019,22.73,22.7,22.73,22.73,1027,63,2.7,12,8,0.0,Clear,clear sky,18
Örkény,47.132778,19.447222,2026-05-25 19:08:00.190911,23.34,23.04,23.34,23.34,1026,50,1.84,358,66,0.0,Clouds,broken clouds,18
Táborfalva,47.098545,19.479318,2026-05-25 19:08:01.341965,23.88,23.66,23.88,23.88,1026,51,1.93,7,75,0.0,Clouds,broken clouds,18
Felsőlajos,47.068834,19.498415,2026-05-25 19:08:02.493715,23.87,23.64,23.87,23.87,1026,51,2.14,6,80,0.0,Clouds,broken clouds,18
Lajosmizse,47.028333,19.542778,2026-05-25 19:08:03.648031,23.84,23.48,23.84,23.84,1026,46,2.57,310,0,0.0,Clear,clear sky,18
Lajosmizse alsó,47.0225,19.550278,2026-05-25 19:08:04.797938,23.85,23.49,23.85,23.85,1026,46,2.57,310,0,0.0,Clear,clear sky,18
Klábertelep,47.005556,19.551667,2026-05-25 19:08:05.951014,23.86,23.5,23.86,23.86,1026,46,2.57,310,0,0.0,Clear,clear sky,18
Méntelek,46.978611,19.570833,2026-05-25 19:08:07.102065,23.9,23.55,23.9,23.9,1026,46,2.57,310,0,0.0,Clear,clear sky,18
Hetényegyháza,46.930833,19.595,2026-05-25 19:08:08.258453,23.92,23.57,23.92,23.92,1026,46,2.57,310,0,0.0,Clear,clear sky,18
Kecskemét-Máriaváros,46.901192,19.675913,2026-05-25 19:08:09.410470,23.97,23.62,23.97,23.97,1026,46,2.57,310,0,0.0,Clear,clear sky,18
Nyársapát,47.100278,19.7925,2026-05-25 19:08:10.562018,23.99,23.88,23.99,24.26,1026,55,1.91,74,100,0.0,Clouds,overcast clouds,18
Nagykőrös,47.038333,19.76,2026-05-25 19:08:11.713492,23.97,23.62,23.97,24.24,1026,46,2.57,310,0,0.0,Clear,clear sky,18
Katonatelep,46.963056,19.718889,2026-05-25 19:08:12.864151,23.94,23.59,23.94,23.94,1026,46,2.57,310,0,0.0,Clear,clear sky,18
Kecskemét,46.913889,19.700833,2026-05-25 19:08:14.016892,23.97,23.62,23.97,23.97,1026,46,2.57,310,0,0.0,Clear,clear sky,18
Városföld,46.816667,19.753333,2026-05-25 19:08:15.168213,24.03,23.69,24.03,24.03,1026,46,2.57,310,0,0.0,Clear,clear sky,18
Kiskunfélegyháza,46.7067,19.83474,2026-05-25 19:08:16.317832,24.08,24.29,24.08,24.08,1026,67,3.98,355,90,0.0,Clouds,overcast clouds,18
Petőfiszállás,46.617374,19.865229,2026-05-25 19:08:17.471357,22.54,22.6,22.54,22.54,1026,67,4.17,349,92,0.0,Clouds,overcast clouds,18
Csengele,46.538321,19.909008,2026-05-25 19:08:18.624407,22.54,22.65,22.54,22.54,1026,69,4.01,346,90,0.0,Clouds,overcast clouds,18
Kistelek,46.466944,19.966944,2026-05-25 19:08:19.780888,22.6,22.72,22.6,22.6,1026,69,4.1,344,83,0.0,Clouds,broken clouds,18
Balástya,46.413333,20.001389,2026-05-25 19:08:20.933914,22.59,22.73,22.59,22.59,1026,70,3.99,346,75,0.0,Clouds,broken clouds,18
Szatymaz,46.345621,20.04374,2026-05-25 19:08:22.093935,22.62,22.74,22.62,22.62,1026,69,3.85,350,66,0.0,Clouds,broken clouds,18
Kiskundorozsma,46.271667,20.090556,2026-05-25 19:08:23.244338,22.67,22.79,22.67,22.67,1026,69,3.23,356,66,0.0,Clouds,broken clouds,18
Szeged,46.239722,20.143056,2026-05-25 19:08:24.403646,22.72,22.8,22.72,22.72,1026,67,2.57,2,72,0.0,Clouds,broken clouds,18
Alsóúrrét,46.898392,19.779891,2026-05-25 19:08:25.557261,24.01,23.67,23.39,24.01,1026,46,2.57,310,0,0.0,Clear,clear sky,18
Nyárlőrinc,46.87,19.851389,2026-05-25 19:08:26.718433,24.05,23.71,23.42,24.05,1026,46,2.57,310,0,0.0,Clear,clear sky,18
Világoshegy,46.855278,19.940278,2026-05-25 19:08:27.869628,24.08,23.74,23.45,24.08,1026,46,2.57,310,0,0.0,Clear,clear sky,18
Szikra,46.858333,19.975,2026-05-25 19:08:29.026139,23.89,23.54,23.46,24.35,1026,46,2.57,310,0,0.0,Clear,clear sky,18
Lakitelek,46.873056,20.003611,2026-05-25 19:08:30.185129,24.02,23.68,23.51,24.39,1026,46,2.57,310,0,0.0,Clear,clear sky,18
Tiszaug,46.850556,20.074167,2026-05-25 19:08:31.341647,24.24,24.44,23.58,24.47,1026,66,3.11,72,95,0.0,Clouds,overcast clouds,18
Tiszasas,46.826389,20.089167,2026-05-25 19:08:32.499399,22.21,22.21,22.21,24.18,1026,66,3.11,72,95,0.0,Clouds,overcast clouds,18
Csépa,46.8125,20.134722,2026-05-25 19:08:33.663485,22.21,22.42,22.21,22.21,1026,74,3.18,71,97,0.0,Clouds,overcast clouds,18
Szelevény,46.811944,20.196389,2026-05-25 19:08:34.815351,22.22,22.43,22.22,22.22,1026,74,3.19,71,98,0.0,Clouds,overcast clouds,18
Gátér,46.685,19.9625,2026-05-25 19:08:35.975635,22.21,22.31,22.21,22.21,1026,70,3.08,17,91,0.0,Clouds,overcast clouds,18
Kónyaszék,46.699931,20.074299,2026-05-25 19:08:37.129297,22.23,22.44,22.23,22.23,1026,74,2.79,54,93,0.0,Clouds,overcast clouds,18
Csongrád,46.704444,20.140556,2026-05-25 19:08:38.286221,22.23,22.44,22.23,22.23,1026,74,2.84,65,95,0.0,Clouds,overcast clouds,18
Hékéd,46.675,20.266667,2026-05-25 19:08:39.446841,22.23,22.44,22.23,22.23,1026,74,3.13,73,95,0.15,Rain,light rain,18
Fábiánsebestyén,46.670278,20.456667,2026-05-25 19:08:40.598183,22.22,22.43,22.22,22.22,1026,74,3.19,83,92,0.0,Clouds,overcast clouds,18
Gádoros,46.656711,20.588157,2026-05-25 19:08:41.751105,22.21,22.31,22.21,22.21,1026,70,3.39,81,83,0.0,Clouds,broken clouds,18
Justhmajor,46.62,20.615833,2026-05-25 19:08:42.915459,22.21,22.31,22.21,22.21,1026,70,3.45,81,75,0.0,Clouds,broken clouds,18
Szentetornya,46.590964,20.628334,2026-05-25 19:08:44.066987,22.2,22.33,22.2,22.2,1026,71,3.46,81,69,0.18,Rain,light rain,18
Gyopárosfürdő,46.567784,20.630662,2026-05-25 19:08:45.230014,22.19,22.32,22.19,22.19,1026,71,3.48,80,60,0.12,Rain,light rain,18
Szabadságliget,47.626123,18.893481,2026-05-25 19:08:46.382302,23.1,22.59,22.62,24.23,1026,43,3.3,320,11,0.0,Clouds,few clouds,18
Röszke,46.19261,20.03055,2026-05-25 19:08:47.551674,26.32,26.32,26.32,26.32,1025,66,3.92,351,68,0.0,Clouds,broken clouds,18
Tószeg,47.098056,20.138333,2026-05-25 19:08:48.703832,24.45,24.18,24.45,26.02,1026,47,3.09,330,0,0.0,Clear,clear sky,18
Tiszavárkony,47.059444,20.143056,2026-05-25 19:08:49.863710,24.45,24.18,24.45,26.03,1026,47,3.09,330,0,0.0,Clear,clear sky,18
Tiszajenő-Vezseny,47.036319,20.142415,2026-05-25 19:08:51.016755,24.45,24.18,24.45,26.03,1026,47,3.09,330,0,0.0,Clear,clear sky,18
Újbög,46.962222,20.093889,2026-05-25 19:08:52.180812,24.74,24.5,24.15,25.99,1026,47,2.9,82,98,0.0,Clouds,overcast clouds,18
Tiszakécske,46.937512,20.082016,2026-05-25 19:08:53.336823,24.4,24.12,23.54,24.43,1026,47,2.91,84,97,0.0,Clouds,overcast clouds,18
Kerekdomb,46.906944,20.052778,2026-05-25 19:08:54.495937,24.32,24.4,23.53,24.42,1026,61,2.97,81,97,0.0,Clouds,overcast clouds,18
Tiszaalpár,46.818611,19.982778,2026-05-25 19:08:55.647645,23.97,24.17,22.16,24.12,1026,67,2.85,58,93,0.0,Clouds,overcast clouds,18
Tiszaalpár alsó,46.790897,19.951409,2026-05-25 19:08:56.805794,23.93,24.13,22.16,24.12,1026,67,2.84,44,92,0.0,Clouds,overcast clouds,18
Tiszatenyő,47.134167,20.3725,2026-05-25 19:08:57.964739,26.02,26.02,24.45,26.02,1026,36,3.09,330,0,0.0,Clear,clear sky,18
Pusztapó,47.091667,20.458333,2026-05-25 19:08:59.121460,26.03,26.03,24.45,26.03,1026,36,3.09,330,0,0.0,Clear,clear sky,18
Kétpó,47.076944,20.487778,2026-05-25 19:09:00.281900,26.03,26.03,24.45,26.03,1026,36,3.09,330,0,0.0,Clear,clear sky,18
Mezőtúr,47.0125,20.622778,2026-05-25 19:09:01.471067,22.1,21.85,22.1,22.1,1026,57,2.93,67,99,0.0,Clouds,overcast clouds,18
Nagylapos,46.974167,20.750556,2026-05-25 19:09:02.621128,21.93,21.75,21.93,21.93,1026,60,2.79,57,96,0.0,Clouds,overcast clouds,18
Gyoma,46.925833,20.821667,2026-05-25 19:09:03.790177,22.01,21.86,22.01,22.01,1026,61,2.8,59,100,0.0,Clouds,overcast clouds,18
Csárdaszállás,46.861111,20.932778,2026-05-25 19:09:04.943358,21.11,20.9,21.11,21.11,1026,62,2.77,55,97,0.0,Clouds,overcast clouds,18
Mezőberény,46.814722,21.013056,2026-05-25 19:09:06.103392,21.1,21.07,21.1,21.1,1026,69,2.67,54,92,0.0,Clouds,overcast clouds,18
Murony,46.756944,21.038056,2026-05-25 19:09:07.265400,21.12,21.09,21.12,21.12,1026,69,2.58,54,86,0.0,Clouds,overcast clouds,18
Békéscsaba,46.669722,21.081667,2026-05-25 19:09:08.416954,21.08,21.05,21.08,21.08,1026,69,2.43,50,81,0.0,Clouds,broken clouds,18
Kétegyháza,46.5325,21.171944,2026-05-25 19:09:09.585592,21.06,21.02,21.06,21.06,1026,69,2.47,41,88,0.0,Clouds,overcast clouds,18
Lőkösháza,46.432222,21.2375,2026-05-25 19:09:10.738914,21.92,21.92,21.02,22.27,1026,67,2.43,36,96,0.0,Clouds,overcast clouds,18
Kengyel,47.089722,20.339722,2026-05-25 19:09:11.892468,26.0,26.0,24.43,26.0,1026,36,3.09,330,0,0.0,Clear,clear sky,18
Bagimajor,47.061111,20.316667,2026-05-25 19:09:13.045664,26.03,26.03,24.45,26.03,1026,36,3.09,330,0,0.0,Clear,clear sky,18
Martfű,47.019444,20.291667,2026-05-25 19:09:14.196903,26.01,26.01,24.43,26.01,1026,36,3.09,330,0,0.0,Clear,clear sky,18
Tiszaföldvár,46.975556,20.276389,2026-05-25 19:09:15.351930,26.01,26.01,24.43,26.01,1026,36,3.09,330,0,0.0,Clear,clear sky,18
Homok,46.9475,20.270278,2026-05-25 19:09:16.505875,24.44,24.17,24.44,26.01,1026,47,3.09,330,0,0.0,Clear,clear sky,18
Kungyalu,46.910833,20.2675,2026-05-25 19:09:17.662313,25.14,25.28,22.23,26.03,1026,60,3.21,66,99,0.0,Clouds,overcast clouds,18
Kunszentmárton,46.848333,20.293333,2026-05-25 19:09:18.815454,22.21,22.18,22.21,22.21,1026,65,3.16,68,100,0.0,Clouds,overcast clouds,18
Nagytőke,46.763333,20.291667,2026-05-25 19:09:19.973245,22.23,22.44,22.23,22.23,1026,74,3.06,74,100,0.0,Clouds,overcast clouds,18
Szentes,46.657778,20.2725,2026-05-25 19:09:21.128309,22.23,22.44,22.23,22.23,1026,74,3.13,73,93,0.32,Rain,light rain,18
Szegvár,46.588611,20.249444,2026-05-25 19:09:22.280374,22.23,22.44,22.23,22.23,1026,74,3.13,73,89,0.0,Clouds,overcast clouds,18
Mindszent,46.524167,20.194167,2026-05-25 19:09:23.453220,22.24,22.45,22.24,22.24,1026,74,1.64,53,85,0.0,Clouds,overcast clouds,18
Mártély,46.473333,20.236111,2026-05-25 19:09:24.605530,22.25,22.44,22.25,22.25,1026,73,1.56,62,80,0.0,Clouds,broken clouds,18
Pusztabánréve,46.939898,20.556809,2026-05-25 19:09:25.754559,22.19,22.01,22.19,22.19,1026,59,3.0,68,99,0.0,Clouds,overcast clouds,18
Szarvas,46.860833,20.566667,2026-05-25 19:09:26.917883,22.24,22.16,22.24,22.24,1026,63,3.06,71,100,0.0,Clouds,overcast clouds,18
Csabacsűd,46.823056,20.663333,2026-05-25 19:09:28.071173,22.28,22.23,22.28,22.28,1026,64,3.13,74,100,0.0,Clouds,overcast clouds,18
Kisszénás,46.751389,20.721389,2026-05-25 19:09:29.228182,22.36,22.32,22.36,22.36,1026,64,3.23,74,100,0.0,Clouds,overcast clouds,18
Kiscsákó,46.719167,20.717778,2026-05-25 19:09:30.381255,22.44,22.46,22.44,22.44,1026,66,3.35,76,90,0.0,Clouds,overcast clouds,18
Nagyszénás,46.672778,20.674167,2026-05-25 19:09:31.537804,22.46,22.51,22.46,22.46,1026,67,3.44,78,85,0.0,Clouds,overcast clouds,18
Kardoskút,46.498056,20.6975,2026-05-25 19:09:32.695779,22.73,22.94,22.73,22.73,1026,72,3.41,80,45,0.0,Clouds,scattered clouds,18
Tótkomlós,46.409167,20.726944,2026-05-25 19:09:33.853212,22.81,23.05,22.81,22.81,1026,73,3.2,78,39,0.0,Clouds,scattered clouds,18
Nagyér,46.365278,20.738333,2026-05-25 19:09:35.018314,22.88,23.16,22.88,22.88,1026,74,3.06,79,46,0.0,Clouds,scattered clouds,18
Pitvaros,46.326175,20.746446,2026-05-25 19:09:36.173301,22.92,23.17,22.92,22.92,1026,73,2.96,77,46,0.0,Clouds,scattered clouds,18
Dévaványa,47.033889,20.943333,2026-05-25 19:09:37.332545,21.76,21.53,21.76,21.76,1026,59,3.13,45,97,0.0,Clouds,overcast clouds,18
Körösladány,46.97,21.085833,2026-05-25 19:09:38.487635,21.83,21.64,21.83,21.83,1026,60,3.29,41,97,0.0,Clouds,overcast clouds,18
Szeghalom,47.015278,21.148333,2026-05-25 19:09:39.648300,21.69,21.46,21.69,21.69,1026,59,3.69,39,99,0.0,Clouds,overcast clouds,18
Vésztő,46.938889,21.263611,2026-05-25 19:09:40.804004,21.81,21.56,21.81,21.81,1026,58,3.59,36,96,0.0,Clouds,overcast clouds,18
Szeged-Rókus,46.266111,20.125278,2026-05-25 19:09:41.957591,22.69,22.79,22.69,22.69,1026,68,2.9,359,68,0.0,Clouds,broken clouds,18
Algyő,46.335556,20.196111,2026-05-25 19:09:43.109740,22.68,22.83,22.68,22.68,1026,70,1.83,19,72,0.0,Clouds,broken clouds,18
Hódmezővásárhelyi Népkert,46.403333,20.312778,2026-05-25 19:09:44.269735,22.24,22.4,22.24,22.24,1026,72,2.01,89,78,0.0,Clouds,broken clouds,18
Hódmezővásárhely,46.413333,20.34,2026-05-25 19:09:45.420823,22.23,22.39,22.23,22.23,1026,72,2.24,93,78,0.0,Clouds,broken clouds,18
Körmend,47.016389,16.599167,2026-05-25 19:09:46.575263,23.24,23.34,23.24,23.24,1028,66,2.26,42,9,0.0,Clear,clear sky,18
Szentgotthárd,46.957222,16.263056,2026-05-25 19:09:47.732653,23.12,23.24,23.12,23.12,1028,67,0.75,40,6,0.0,Clear,clear sky,18
Szombathely,47.237778,16.6325,2026-05-25 19:09:48.902016,22.82,22.83,22.82,22.82,1028,64,3.06,25,6,0.0,Clear,clear sky,18
Sáferkút,48.010278,19.071389,2026-05-25 19:09:50.058731,21.16,20.82,21.16,21.16,1026,57,1.85,300,8,0.0,Clear,clear sky,18
Magdolnavölgy,47.6475,18.818889,2026-05-25 19:09:51.221220,23.04,22.57,22.61,24.21,1026,45,3.15,319,10,0.0,Clear,clear sky,18
Haris,46.964722,16.2825,2026-05-25 19:09:52.373889,23.15,23.27,23.15,23.15,1028,67,1.04,32,7,0.0,Clear,clear sky,18
Egyházasrádóc,47.091389,16.62,2026-05-25 19:09:53.528657,23.09,23.15,23.09,23.09,1028,65,2.53,36,7,0.0,Clear,clear sky,18
Alsórönök,46.964167,16.379444,2026-05-25 19:09:54.685753,23.17,23.27,23.17,23.17,1028,66,1.37,30,7,0.0,Clear,clear sky,18
Szombathely-Szőlős,47.206389,16.641667,2026-05-25 19:09:55.842436,22.88,22.89,22.88,22.88,1028,64,3.0,28,6,0.0,Clear,clear sky,18
Rátót,46.9675,16.433056,2026-05-25 19:09:56.998819,23.03,23.11,23.03,23.03,1028,66,1.77,32,9,0.0,Clear,clear sky,18
Ják-Balogunyom,47.161389,16.630556,2026-05-25 19:09:58.154874,22.94,22.99,22.94,22.94,1028,65,2.85,35,7,0.0,Clear,clear sky,18
Vasvár,47.056944,16.800278,2026-05-25 19:09:59.306680,23.23,23.33,23.23,23.23,1028,66,2.76,53,10,0.0,Clear,clear sky,18
Répcelak,47.418889,17.008889,2026-05-25 19:10:00.458377,23.55,23.53,23.55,23.55,1028,60,3.3,23,11,0.0,Clouds,few clouds,18
Rajka,47.995556,17.191389,2026-05-25 19:10:01.611180,22.2,22.12,22.2,23.01,1027,63,3.09,360,0,0.0,Clear,clear sky,18
Püspökmolnári,47.086111,16.7675,2026-05-25 19:10:02.769535,23.26,23.36,23.26,23.26,1028,66,2.77,50,10,0.1,Rain,light rain,18
Kőszeg,47.382222,16.556389,2026-05-25 19:10:03.929685,22.42,22.31,22.42,22.42,1028,61,3.14,8,3,0.0,Clear,clear sky,18
Kastélypark,47.390278,18.988333,2026-05-25 19:10:05.087367,24.0,23.53,23.29,25.01,1026,41,1.79,305,6,0.0,Clear,clear sky,18
Hanságliget,47.72,17.215556,2026-05-25 19:10:06.243948,23.5,23.45,23.5,23.5,1027,59,3.55,7,6,0.0,Clear,clear sky,18
Vica,47.477778,17.111944,2026-05-25 19:10:07.403437,23.56,23.51,23.56,23.56,1027,59,3.38,21,10,0.0,Clear,clear sky,18
Vép,47.235833,16.7275,2026-05-25 19:10:08.560470,22.96,22.98,22.96,22.96,1028,64,3.15,29,9,0.0,Clear,clear sky,18
Mosonszolnok,47.8525,17.160278,2026-05-25 19:10:09.724275,22.26,22.06,22.26,22.26,1027,58,3.39,357,5,0.0,Clear,clear sky,18
Jánossomorja,47.789167,17.1375,2026-05-25 19:10:10.878440,23.53,23.48,23.53,23.53,1027,59,3.48,4,5,0.0,Clear,clear sky,18
Bősárkány,47.685556,17.234167,2026-05-25 19:10:12.028745,23.53,23.48,23.53,23.53,1027,59,3.56,10,7,0.0,Clear,clear sky,18
Szil-Sopronnémeti,47.533333,17.209444,2026-05-25 19:10:13.187708,24.15,24.16,24.15,24.15,1027,59,3.51,17,9,0.0,Clear,clear sky,18
Magyarkeresztúr-Zsebeháza,47.514167,17.176111,2026-05-25 19:10:14.338918,24.14,24.15,24.14,24.14,1027,59,3.46,18,10,0.0,Clear,clear sky,18
Páli-Vadosfa,47.4925,17.137778,2026-05-25 19:10:15.491399,23.55,23.5,23.55,23.55,1027,59,3.43,19,10,0.0,Clear,clear sky,18
Beled,47.466667,17.084444,2026-05-25 19:10:16.648157,23.56,23.51,23.56,23.56,1027,59,3.38,21,10,0.0,Clear,clear sky,18
Dénesfa,47.448611,17.054722,2026-05-25 19:10:17.799119,23.57,23.55,23.57,23.57,1028,60,3.33,22,10,0.0,Clear,clear sky,18
Csánig,47.430278,17.026111,2026-05-25 19:10:18.952844,23.59,23.57,23.59,23.59,1028,60,3.3,21,10,0.0,Clear,clear sky,18
Vámoscsalád,47.385556,16.961667,2026-05-25 19:10:20.118259,23.21,23.18,23.21,23.21,1028,61,3.26,23,11,0.0,Clouds,few clouds,18
Vasegerszeg,47.375,16.928889,2026-05-25 19:10:21.270912,23.22,23.19,23.22,23.22,1028,61,3.24,24,12,0.0,Clouds,few clouds,18
Hegyfalu,47.357778,16.898333,2026-05-25 19:10:22.436304,23.21,23.18,23.21,23.21,1028,61,3.24,24,12,0.0,Clouds,few clouds,18
Pósfa,47.326944,16.855833,2026-05-25 19:10:23.594144,23.19,23.18,23.19,23.19,1028,62,3.24,25,12,0.0,Clouds,few clouds,18
Ölbő-Alsószeleste,47.300556,16.843056,2026-05-25 19:10:24.762455,23.17,23.16,23.17,23.17,1028,62,3.26,26,12,0.0,Clouds,few clouds,18
Gencsapáti felső,47.299722,16.593889,2026-05-25 19:10:25.919969,22.68,22.6,22.68,22.68,1028,61,3.1,14,3,0.0,Clear,clear sky,18
Lukácsháza alsó,47.326389,16.586389,2026-05-25 19:10:27.077107,22.62,22.53,22.62,22.62,1028,61,3.14,12,3,0.0,Clear,clear sky,18
Kőszegfalva,47.361667,16.567778,2026-05-25 19:10:28.228168,22.51,22.41,22.51,22.51,1028,61,3.13,9,2,0.0,Clear,clear sky,18
Gyöngyöshermán,47.202778,16.657222,2026-05-25 19:10:29.378870,22.9,22.92,22.9,22.9,1028,64,3.0,28,6,0.0,Clear,clear sky,18
Bezenye,47.973611,17.207222,2026-05-25 19:10:30.546151,22.21,22.13,22.21,23.02,1027,63,3.13,350,6,0.0,Clear,clear sky,18
Kámon,47.254534,16.625769,2026-05-25 19:10:31.707162,22.78,22.71,22.78,22.78,1028,61,3.12,22,6,0.0,Clear,clear sky,18
Sorkifalud,47.1375,16.719167,2026-05-25 19:10:32.859775,23.31,23.39,23.31,23.31,1028,65,2.9,42,10,0.0,Clear,clear sky,18
Szentléránt,47.12,16.735556,2026-05-25 19:10:34.017856,23.31,23.39,23.31,23.31,1028,65,2.9,42,10,0.0,Clear,clear sky,18
Pácsony,47.009722,16.833611,2026-05-25 19:10:35.180913,23.13,23.22,23.13,23.13,1028,66,2.61,54,10,0.0,Clear,clear sky,18
Győrvár,46.99,16.840556,2026-05-25 19:10:36.338914,23.13,23.22,23.13,23.13,1028,66,2.61,54,10,0.0,Clear,clear sky,18
Egervár-Vasboldogasszony,46.942222,16.862222,2026-05-25 19:10:37.497794,23.28,23.41,23.28,23.28,1028,67,2.46,52,9,0.0,Clear,clear sky,18
Zalaszentlőrinc,46.913889,16.8775,2026-05-25 19:10:38.648247,23.23,23.36,23.23,23.23,1028,67,2.36,52,9,0.0,Clear,clear sky,18
Gencsapáti alsó,47.285833,16.6,2026-05-25 19:10:39.804680,22.71,22.63,22.71,22.71,1028,61,3.06,16,3,0.0,Clear,clear sky,18
Gyöngyösfalu,47.316111,16.59,2026-05-25 19:10:40.958323,22.64,22.55,22.64,22.64,1028,61,3.1,14,3,0.0,Clear,clear sky,18
Lukácsháza,47.341111,16.580556,2026-05-25 19:10:42.116496,22.57,22.48,22.57,22.57,1028,61,3.11,11,1,0.0,Clear,clear sky,18
Horvátnádalja,47.005278,16.544444,2026-05-25 19:10:43.268416,23.25,23.35,23.25,23.25,1028,66,2.09,40,9,0.0,Clear,clear sky,18
Csákánydoroszló,46.978333,16.499722,2026-05-25 19:10:44.424620,23.21,23.31,23.21,23.21,1028,66,1.86,34,9,0.0,Clear,clear sky,18
Váckisújfalu,47.705,19.340278,2026-05-25 19:10:45.596638,24.08,23.85,23.64,24.08,1026,50,1.26,19,16,0.0,Clouds,few clouds,18
Csisztafürdő,46.681411,17.561797,2026-05-25 19:10:46.747330,22.84,22.82,22.84,22.84,1027,63,2.64,10,8,0.0,Clear,clear sky,18
Mórágy,46.236021,18.627255,2026-05-25 19:10:47.902572,21.77,21.99,21.77,21.77,1027,76,4.01,333,68,0.0,Clouds,broken clouds,18
Kismacs,47.551111,21.542778,2026-05-25 19:10:49.055645,23.9,23.34,23.9,23.9,1026,38,3.6,40,0,0.0,Clear,clear sky,18
Pusztaszentistván,47.439869,19.470254,2026-05-25 19:10:50.204231,23.59,23.13,22.84,23.59,1026,43,3.09,330,0,0.0,Clear,clear sky,18
Aranyvölgy,47.573795,19.017489,2026-05-25 19:10:51.366172,24.01,23.56,23.14,24.86,1026,42,3.13,257,10,0.0,Clear,clear sky,18
Szélhegy,47.601111,18.928056,2026-05-25 19:10:52.525767,23.39,22.91,22.9,24.51,1026,43,3.17,318,12,0.0,Clouds,few clouds,18
Vörösvárbánya,47.61,18.913611,2026-05-25 19:10:53.675415,23.33,22.87,22.86,24.46,1026,44,3.17,318,12,0.0,Clouds,few clouds,18
Máriaszőlőtelep,46.702778,17.411911,2026-05-25 19:10:54.828001,25.1,24.97,25.1,25.1,1027,50,2.06,10,0,0.0,Clear,clear sky,18
Akadémiaújtelep,47.485724,19.22294,2026-05-25 19:10:55.983863,23.75,23.28,23.1,24.82,1026,42,3.09,330,0,0.0,Clear,clear sky,18
Újpalota,47.5316,19.126206,2026-05-25 19:10:57.146152,24.31,23.87,23.19,24.92,1026,41,3.09,330,0,0.0,Clear,clear sky,18
"Szeged, Somogyi utca",46.250464,20.147713,2026-05-25 19:10:58.295003,22.69,22.79,22.69,22.69,1026,68,2.49,3,70,0.0,Clouds,broken clouds,18
"Hódmezővásárhely, Hősök tere",46.412183,20.31759,2026-05-25 19:10:59.445813,22.23,22.39,22.23,22.23,1026,72,2.01,89,78,0.0,Clouds,broken clouds,18
"Hódmezővásárhely, Kossuth tér",46.41465,20.319727,2026-05-25 19:11:00.594917,22.23,22.39,22.23,22.23,1026,72,2.01,89,78,0.0,Clouds,broken clouds,18
"Hódmezővásárhely, Strandfürdő",46.409147,20.315671,2026-05-25 19:11:01.737677,22.23,22.39,22.23,22.23,1026,72,2.01,89,78,0.0,Clouds,broken clouds,18
"Szeged, Széchenyi tér",46.252683,20.14935,2026-05-25 19:11:02.883152,22.69,22.79,22.69,22.69,1026,68,2.49,3,70,0.0,Clouds,broken clouds,18
"Szeged, Anna-kút",46.256184,20.147587,2026-05-25 19:11:04.032879,22.69,22.79,22.69,22.69,1026,68,2.49,3,70,0.0,Clouds,broken clouds,18
"Szeged, Rókusi templom",46.259255,20.141771,2026-05-25 19:11:05.192450,22.69,22.79,22.69,22.69,1026,68,2.49,3,70,0.0,Clouds,broken clouds,18
"Hódmezővásárhely, Kálvin János tér",46.416677,20.328532,2026-05-25 19:11:06.344159,22.23,22.39,22.23,22.23,1026,72,2.24,93,78,0.0,Clouds,broken clouds,18
Hódmezővásárhely vasútállomás,46.413242,20.338701,2026-05-25 19:11:07.497024,22.24,22.4,22.24,22.24,1026,72,2.24,93,78,0.0,Clouds,broken clouds,18
"Szeged, Tavasz utca",46.260715,20.139055,2026-05-25 19:11:08.642763,22.69,22.79,22.69,22.69,1026,68,2.49,3,70,0.0,Clouds,broken clouds,18
"Szeged, Damjanich utca",46.262753,20.135248,2026-05-25 19:11:09.787686,22.69,22.79,22.69,22.69,1026,68,2.49,3,70,0.0,Clouds,broken clouds,18
"Szeged, Vásárhelyi Pál utca",46.264173,20.131109,2026-05-25 19:11:10.949811,22.69,22.79,22.69,22.69,1026,68,2.49,3,70,0.0,Clouds,broken clouds,18
"Szeged, Bécsi körút ",46.243459,20.143809,2026-05-25 19:11:12.095062,22.69,22.79,22.69,22.69,1026,68,2.49,3,70,0.0,Clouds,broken clouds,18
Hódmezővásárhelyi Népkert vasútállomás,46.403733,20.312986,2026-05-25 19:11:13.253401,22.24,22.4,22.24,22.24,1026,72,2.01,89,78,0.0,Clouds,broken clouds,18
Szeged vasútállomás,46.239789,20.142561,2026-05-25 19:11:14.405226,22.69,22.79,22.69,22.69,1026,68,2.49,3,70,0.0,Clouds,broken clouds,18
"Szeged, Bem utca",46.240198,20.141247,2026-05-25 19:11:15.549652,22.69,22.79,22.69,22.69,1026,68,2.49,3,70,0.0,Clouds,broken clouds,18
"Szeged, Galamb utca",46.24153,20.142297,2026-05-25 19:11:16.697645,22.69,22.79,22.69,22.69,1026,68,2.49,3,70,0.0,Clouds,broken clouds,18
"Szeged, Aradi vértanúk tere",46.247839,20.147,2026-05-25 19:11:17.842342,22.69,22.79,22.69,22.69,1026,68,2.49,3,70,0.0,Clouds,broken clouds,18
"Szeged, Pulz utca",46.264452,20.126061,2026-05-25 19:11:18.992204,22.69,22.79,22.69,22.69,1026,68,2.49,3,70,0.0,Clouds,broken clouds,18
"Szeged, Rókus vasútállomás",46.266107,20.125686,2026-05-25 19:11:20.155088,22.69,22.79,22.69,22.69,1026,68,2.9,359,68,0.0,Clouds,broken clouds,18
Látókép,47.55787,21.524373,2026-05-25 19:11:21.307549,23.88,23.32,23.88,23.88,1026,38,3.6,40,0,0.0,Clear,clear sky,18
Szentmihálytelek,46.2229,20.0808,2026-05-25 19:11:22.458431,22.74,22.82,22.74,22.74,1026,67,3.34,355,68,0.0,Clouds,broken clouds,18
Kisvarsány,48.144356,22.297397,2026-05-25 19:11:23.609781,20.2,19.84,20.2,20.2,1026,60,5.32,347,15,0.0,Clouds,few clouds,18
