station_name,station_lat,station_lon,observation_time,temp,feels_like,temp_min,temp_max,pressure,humidity,wind_speed,wind_deg,clouds,precipitation_1h,weather_main,weather_description,collection_hour
Búcsúszentlászló,46.793056,16.932778,2026-07-11 12:32:44.098709,31.78,30.36,31.78,31.78,1014,28,3.42,343,1,0.0,Clear,clear sky,12
Angyalföld,47.549722,19.09,2026-07-11 12:32:45.262846,30.83,29.32,29.95,32.07,1014,27,2.24,52,10,0.0,Clear,clear sky,12
Felsőjánosfa,46.841389,16.544167,2026-07-11 12:32:46.420966,31.73,30.51,31.73,31.73,1015,30,2.7,19,20,0.0,Clouds,few clouds,12
Pankasz,46.835833,16.496111,2026-07-11 12:32:47.575308,31.49,30.36,31.49,31.49,1015,31,2.88,17,21,0.0,Clouds,few clouds,12
Nagyrákos,46.827222,16.455556,2026-07-11 12:32:48.749825,31.47,30.33,31.47,31.47,1015,31,2.97,15,20,0.0,Clouds,few clouds,12
Őriszentpéter,46.828889,16.415278,2026-07-11 12:32:49.906811,31.61,30.49,31.61,31.61,1015,31,3.06,12,16,0.0,Clouds,few clouds,12
Törökbálint,47.45,18.908611,2026-07-11 12:32:51.065421,31.23,29.71,29.72,31.85,1014,27,4.02,305,28,0.0,Clouds,scattered clouds,12
Bicske alsó,47.486389,18.642778,2026-07-11 12:32:52.217088,28.01,26.83,28.01,31.73,1014,23,7.32,328,55,0.0,Clouds,broken clouds,12
Bajánsenye,46.818056,16.358056,2026-07-11 12:32:53.377123,31.75,30.65,31.75,31.75,1015,31,3.01,13,17,0.0,Clouds,few clouds,12
Aquincum,47.566218,19.048273,2026-07-11 12:32:54.540550,30.91,29.39,29.97,32.1,1014,27,2.24,52,6,0.0,Clear,clear sky,12
Piliscsév,47.673889,18.791389,2026-07-11 12:32:55.699144,29.32,27.92,27.96,30.7,1014,26,6.02,317,12,0.0,Clouds,few clouds,12
Tát,47.741201,18.64783,2026-07-11 12:32:56.852307,27.94,26.92,27.94,27.94,1015,27,5.97,320,1,0.0,Clear,clear sky,12
Süttő felső,47.756667,18.437222,2026-07-11 12:32:58.006966,28.13,27.02,28.13,28.13,1015,26,5.69,329,8,0.0,Clear,clear sky,12
Budatétény,47.405,19.016389,2026-07-11 12:32:59.161502,31.64,30.12,30.01,32.14,1014,27,4.02,305,22,0.0,Clouds,few clouds,12
Seregélyes-Szőlőhegy,47.119444,18.612222,2026-07-11 12:33:00.319677,29.27,27.69,29.27,29.27,1013,21,6.14,326,19,0.0,Clouds,few clouds,12
Gödöllő-Állami telepek,47.564444,19.375556,2026-07-11 12:33:01.476436,30.28,28.69,27.86,30.6,1014,25,6.21,306,21,0.0,Clouds,few clouds,12
Dunakeszi alsó,47.607778,19.128889,2026-07-11 12:33:02.628853,30.88,29.37,29.94,32.07,1014,27,2.24,52,10,0.0,Clear,clear sky,12
Vác-Alsóváros,47.773056,19.149722,2026-07-11 12:33:03.784806,31.06,29.54,31.06,31.06,1014,27,6.47,297,8,0.0,Clear,clear sky,12
Szob alsó,47.816667,18.8725,2026-07-11 12:33:04.939625,27.65,26.73,27.65,27.65,1014,27,6.25,305,0,0.0,Clear,clear sky,12
Zalaszentmihály-Pacsa,46.7225,16.951944,2026-07-11 12:33:06.097682,31.87,30.46,31.87,31.87,1014,28,3.09,337,0,0.0,Clear,clear sky,12
Pötréte,46.682778,16.9575,2026-07-11 12:33:07.250600,31.96,30.55,31.96,31.96,1014,28,2.9,331,0,0.0,Clear,clear sky,12
Felsőrajk,46.667222,16.982778,2026-07-11 12:33:08.416503,31.94,30.53,31.94,31.94,1014,28,3.0,333,0,0.0,Clear,clear sky,12
Gelse,46.600556,16.982778,2026-07-11 12:33:09.572323,32.01,30.61,32.01,32.01,1014,28,2.99,326,0,0.0,Clear,clear sky,12
Őrtilos,46.297778,16.887778,2026-07-11 12:33:10.726826,32.21,31.74,32.21,32.21,1014,35,4.86,301,59,0.0,Clouds,broken clouds,12
Zákány,46.251944,16.9425,2026-07-11 12:33:11.886485,32.19,31.42,32.19,32.19,1014,33,5.07,299,62,0.0,Clouds,broken clouds,12
Berzence,46.201389,17.143611,2026-07-11 12:33:13.045118,32.36,31.49,32.36,32.36,1014,32,3.63,295,68,0.0,Clouds,broken clouds,12
Somogyudvarhely,46.163333,17.179722,2026-07-11 12:33:14.201025,32.25,31.36,32.25,32.25,1014,32,3.27,285,66,0.0,Clouds,broken clouds,12
Bélavár,46.122778,17.207778,2026-07-11 12:33:15.362031,32.24,31.48,32.24,32.24,1014,33,3.28,259,55,0.0,Clouds,broken clouds,12
Vízvár,46.101389,17.239444,2026-07-11 12:33:16.515143,32.07,31.41,32.07,32.07,1014,34,3.46,248,49,0.0,Clouds,scattered clouds,12
Babócsa,46.028359,17.342276,2026-07-11 12:33:17.668556,32.03,31.51,32.03,32.03,1014,35,4.06,236,39,0.0,Clouds,scattered clouds,12
Péterhida-Komlósd,46.006667,17.358056,2026-07-11 12:33:18.826042,32.11,31.61,32.11,32.11,1014,35,4.3,236,36,0.0,Clouds,scattered clouds,12
Barcs,45.951944,17.446944,2026-07-11 12:33:19.981155,32.27,31.67,32.27,32.27,1014,34,4.54,242,37,0.0,Clouds,scattered clouds,12
Barcs felső,45.958333,17.486389,2026-07-11 12:33:21.144233,32.24,31.48,32.24,32.24,1014,33,4.57,244,37,0.0,Clouds,scattered clouds,12
Középrigóc,45.970556,17.525,2026-07-11 12:33:22.300958,32.22,31.46,32.22,32.22,1014,33,4.58,245,37,0.0,Clouds,scattered clouds,12
Darány,45.992222,17.598611,2026-07-11 12:33:23.457273,32.39,31.53,32.39,32.39,1014,32,4.44,245,33,0.0,Clouds,scattered clouds,12
Kisdobsza,46.012222,17.668056,2026-07-11 12:33:24.615945,32.56,31.6,32.56,32.56,1014,31,4.16,245,34,0.0,Clouds,scattered clouds,12
Nemeske,46.023333,17.705278,2026-07-11 12:33:25.772719,32.68,31.61,32.68,32.68,1014,30,4.05,247,34,0.0,Clouds,scattered clouds,12
Molvány,46.035278,17.748611,2026-07-11 12:33:26.929385,32.72,31.66,32.72,32.72,1014,30,3.63,251,38,0.0,Clouds,scattered clouds,12
Szigetvár,46.043333,17.801944,2026-07-11 12:33:28.093389,32.75,31.69,32.75,32.75,1014,30,3.5,254,39,0.0,Clouds,scattered clouds,12
Nagypeterd,46.039444,17.871667,2026-07-11 12:33:29.249871,32.85,31.68,32.85,32.85,1014,29,3.27,262,39,0.0,Clouds,scattered clouds,12
Szentdénes,46.036667,17.926944,2026-07-11 12:33:30.408013,32.81,31.63,32.81,32.81,1014,29,3.19,266,39,0.0,Clouds,scattered clouds,12
Háros,47.412222,19.035,2026-07-11 12:33:31.567593,31.56,30.04,29.97,32.1,1014,27,4.02,305,22,0.0,Clouds,few clouds,12
Nagytétény-Diósd,47.398333,18.974444,2026-07-11 12:33:32.732813,31.64,30.12,30.01,32.13,1014,27,4.02,305,26,0.0,Clouds,scattered clouds,12
Érdliget,47.390278,18.937778,2026-07-11 12:33:33.888816,31.56,30.04,29.92,32.05,1014,27,4.02,305,29,0.0,Clouds,scattered clouds,12
Érd felső,47.381111,18.922222,2026-07-11 12:33:35.051745,31.53,30.01,29.89,32.01,1014,27,4.02,305,33,0.0,Clouds,scattered clouds,12
Érd,47.369722,18.900833,2026-07-11 12:33:36.205639,31.49,29.97,29.85,31.98,1014,27,6.22,326,35,0.0,Clouds,scattered clouds,12
Százhalombatta,47.322222,18.899167,2026-07-11 12:33:37.376487,31.48,29.96,29.84,31.96,1014,27,6.27,325,38,0.0,Clouds,scattered clouds,12
Dunai Finomító,47.294444,18.878889,2026-07-11 12:33:38.533837,31.76,30.25,28.07,31.8,1014,27,6.49,326,45,0.0,Clouds,scattered clouds,12
Ercsi,47.247222,18.875278,2026-07-11 12:33:39.689650,32.02,30.11,28.3,32.03,1013,22,6.43,325,45,0.0,Clouds,scattered clouds,12
Iváncsa,47.177778,18.811944,2026-07-11 12:33:40.844648,28.79,27.33,28.79,28.79,1013,21,6.24,324,43,0.0,Clouds,scattered clouds,12
Pusztaszabolcs,47.139722,18.761667,2026-07-11 12:33:41.999446,29.07,27.54,29.07,29.07,1013,21,6.01,323,39,0.0,Clouds,scattered clouds,12
Szabadegyháza,47.082778,18.704167,2026-07-11 12:33:43.153901,29.27,27.66,29.27,29.27,1013,20,5.78,322,30,0.0,Clouds,scattered clouds,12
Sárosd,47.039722,18.660278,2026-07-11 12:33:44.309273,29.49,27.83,29.49,29.49,1013,20,5.59,321,21,0.0,Clouds,few clouds,12
Nagylók,46.979444,18.635833,2026-07-11 12:33:45.463572,29.62,27.94,29.62,29.62,1013,20,4.85,313,14,0.0,Clouds,few clouds,12
Sárbogárd,46.896944,18.611944,2026-07-11 12:33:46.617483,30.12,28.34,30.12,30.12,1013,20,4.15,300,5,0.0,Clear,clear sky,12
Rétszilas,46.814167,18.601389,2026-07-11 12:33:47.772502,30.41,28.61,30.41,30.41,1014,21,3.78,293,0,0.0,Clear,clear sky,12
Nagyatád,46.228611,17.354167,2026-07-11 12:33:48.929180,31.45,30.79,31.45,31.45,1014,35,2.14,310,92,0.0,Clouds,overcast clouds,12
Budapest-Keleti,47.500278,19.084167,2026-07-11 12:33:50.083255,30.05,28.6,29.92,32.05,1014,27,4.02,305,12,0.0,Clouds,few clouds,12
Ferencváros,47.468611,19.088056,2026-07-11 12:33:51.237951,30.39,28.84,29.94,32.07,1014,26,4.02,305,15,0.0,Clouds,few clouds,12
Budapest-Nyugati,47.510833,19.0575,2026-07-11 12:33:52.389506,30.22,28.75,29.94,32.06,1014,27,4.02,305,9,0.0,Clear,clear sky,12
Kőbánya felső,47.491944,19.133889,2026-07-11 12:33:53.552658,30.0,28.55,29.86,31.99,1014,27,2.24,52,19,0.0,Clouds,few clouds,12
Rákos,47.488889,19.174722,2026-07-11 12:33:54.715925,30.03,28.58,29.82,31.95,1014,27,1.79,324,23,0.0,Clouds,few clouds,12
Rákosrendező,47.525556,19.089444,2026-07-11 12:33:55.868843,30.61,29.11,29.97,32.09,1014,27,2.24,52,13,0.0,Clouds,few clouds,12
Zugló,47.511389,19.101389,2026-07-11 12:33:57.031167,30.35,28.87,29.93,32.05,1014,27,2.24,52,13,0.0,Clouds,few clouds,12
Mezőtárkány,47.725,20.480278,2026-07-11 12:33:58.197416,25.41,25.0,25.41,25.41,1014,38,3.9,275,100,0.0,Clouds,overcast clouds,12
Istvántelek,47.550278,19.106389,2026-07-11 12:33:59.352867,30.82,29.31,29.95,32.08,1014,27,2.24,52,10,0.0,Clear,clear sky,12
Rákospalota-Újpest,47.565833,19.111944,2026-07-11 12:34:00.508945,30.86,29.35,29.95,32.07,1014,27,2.24,52,9,0.0,Clear,clear sky,12
Kőbánya alsó,47.483056,19.127222,2026-07-11 12:34:01.664027,29.88,28.39,29.88,32.0,1014,26,4.02,305,19,0.0,Clouds,few clouds,12
Kőbánya-Kispest,47.463889,19.149444,2026-07-11 12:34:02.817207,30.17,28.65,29.88,32.0,1014,26,1.79,324,23,0.0,Clouds,few clouds,12
Pestszentlőrinc,47.454722,19.182778,2026-07-11 12:34:03.975974,30.2,28.67,29.82,31.94,1014,26,5.17,319,31,0.0,Clouds,scattered clouds,12
Kispest,47.448135,19.157552,2026-07-11 12:34:05.159460,30.55,28.99,29.88,32.01,1014,26,1.79,324,27,0.0,Clouds,scattered clouds,12
Újpest,47.558889,19.079722,2026-07-11 12:34:06.312202,30.89,29.38,29.95,32.08,1014,27,2.24,52,7,0.0,Clear,clear sky,12
Pestszentimre felső,47.413611,19.173333,2026-07-11 12:34:07.464825,31.03,29.51,29.91,32.03,1014,27,5.19,319,35,0.0,Clouds,scattered clouds,12
Dunakeszi,47.626111,19.136111,2026-07-11 12:34:08.623658,30.79,29.28,29.85,31.98,1014,27,2.24,52,9,0.0,Clear,clear sky,12
Dunakeszi-Gyártelep,47.643611,19.135,2026-07-11 12:34:09.784795,30.84,29.33,29.9,32.02,1014,27,5.59,301,8,0.0,Clear,clear sky,12
Alsógöd,47.676944,19.134444,2026-07-11 12:34:10.937455,30.84,29.4,29.89,32.01,1014,28,5.78,298,8,0.0,Clear,clear sky,12
Göd,47.687778,19.1375,2026-07-11 12:34:12.090222,30.86,29.42,29.91,32.03,1014,28,5.78,298,8,0.0,Clear,clear sky,12
Felsőgöd,47.705556,19.143333,2026-07-11 12:34:13.245513,31.1,29.66,28.35,31.1,1014,28,5.98,297,8,0.0,Clear,clear sky,12
Sződ-Sződliget,47.728056,19.154722,2026-07-11 12:34:14.403083,31.09,29.65,28.34,31.09,1014,28,6.15,296,8,0.0,Clear,clear sky,12
Vác,47.782778,19.133056,2026-07-11 12:34:15.560041,31.06,29.54,31.06,31.06,1014,27,6.47,297,8,0.0,Clear,clear sky,12
Verőce,47.823889,19.029444,2026-07-11 12:34:16.719159,30.9,29.46,30.9,30.9,1014,28,6.62,300,6,0.0,Clear,clear sky,12
Kismaros,47.8275,19.010278,2026-07-11 12:34:17.876090,25.92,25.3,25.92,25.92,1014,28,6.58,300,5,0.0,Clear,clear sky,12
Nagymaros-Visegrád,47.791389,18.959167,2026-07-11 12:34:19.052538,31.05,29.61,31.05,31.05,1014,28,6.11,301,4,0.0,Clear,clear sky,12
Nagymaros,47.780278,18.952222,2026-07-11 12:34:20.210374,31.12,29.68,31.12,31.12,1014,28,6.11,301,4,0.0,Clear,clear sky,12
Zebegény,47.801389,18.908889,2026-07-11 12:34:21.368455,31.1,29.66,31.1,31.1,1014,28,6.3,302,3,0.0,Clear,clear sky,12
Szob,47.821111,18.861944,2026-07-11 12:34:22.523688,27.01,26.35,27.01,27.01,1014,28,6.45,304,0,0.0,Clear,clear sky,12
Alagimajor,47.601944,19.153889,2026-07-11 12:34:23.676517,30.82,29.38,29.9,32.02,1014,28,4.92,353,10,0.0,Clear,clear sky,12
Fót,47.611389,19.181667,2026-07-11 12:34:24.830351,30.71,29.28,29.79,31.92,1014,28,5.56,303,11,0.0,Clouds,few clouds,12
Fótújfalu,47.615,19.192778,2026-07-11 12:34:25.982791,30.6,29.17,29.69,31.81,1014,28,5.56,303,11,0.0,Clouds,few clouds,12
Csomád,47.635556,19.222778,2026-07-11 12:34:27.140212,30.33,28.99,29.42,31.54,1014,29,5.71,302,13,0.0,Clouds,few clouds,12
Veresegyház,47.649167,19.288611,2026-07-11 12:34:28.294274,30.61,29.26,27.96,30.71,1014,29,6.21,300,15,0.0,Clouds,few clouds,12
Erdőkertes,47.662222,19.295833,2026-07-11 12:34:29.450848,30.57,29.01,27.92,30.66,1014,26,6.21,300,15,0.0,Clouds,few clouds,12
Őrbottyán,47.685833,19.283611,2026-07-11 12:34:30.608908,30.58,29.01,29.44,30.58,1014,26,6.31,298,14,0.0,Clouds,few clouds,12
Váchartyán,47.725833,19.248889,2026-07-11 12:34:31.770515,30.94,29.35,30.94,30.94,1014,26,6.42,296,11,0.0,Clouds,few clouds,12
Magyarkút-Verőce,47.826111,19.044444,2026-07-11 12:34:32.928807,31.06,29.62,31.06,31.06,1014,28,6.62,300,6,0.0,Clear,clear sky,12
Szokolya,47.871111,19.030556,2026-07-11 12:34:34.090605,25.87,25.24,25.87,25.87,1014,28,7.0,302,6,0.0,Clear,clear sky,12
Berkenye,47.885278,19.071944,2026-07-11 12:34:35.243861,26.58,26.58,26.58,26.58,1014,28,7.0,303,7,0.0,Clear,clear sky,12
Nógrád,47.901944,19.0475,2026-07-11 12:34:36.398412,26.18,26.18,26.18,26.18,1014,28,7.16,304,7,0.0,Clear,clear sky,12
Diósjenő,47.94,19.049444,2026-07-11 12:34:37.554462,25.75,25.11,25.75,25.75,1014,28,7.27,305,7,0.0,Clear,clear sky,12
Borsosberény,47.971389,19.093056,2026-07-11 12:34:38.707282,26.38,26.38,26.38,26.38,1014,28,7.15,311,7,0.0,Clear,clear sky,12
Nagyoroszi,47.993611,19.101111,2026-07-11 12:34:39.871783,26.16,26.16,26.16,26.16,1014,28,7.16,313,7,0.0,Clear,clear sky,12
Drégelyvár,48.001944,19.079444,2026-07-11 12:34:41.027194,26.37,26.37,26.37,26.37,1014,28,7.31,310,6,0.0,Clear,clear sky,12
Drégely,48.042222,19.056111,2026-07-11 12:34:42.181841,26.67,26.18,26.67,26.67,1014,29,7.24,311,5,0.0,Clear,clear sky,12
Drégelypalánk,48.055,19.046111,2026-07-11 12:34:43.336005,26.77,26.24,26.77,26.77,1014,29,7.2,310,4,0.0,Clear,clear sky,12
Ipolyvece,48.056944,19.106389,2026-07-11 12:34:44.493532,26.7,26.2,26.7,26.7,1014,29,6.93,315,4,0.0,Clear,clear sky,12
Dejtár,48.045556,19.196389,2026-07-11 12:34:45.648016,26.64,26.64,26.64,26.64,1014,29,6.82,318,5,0.0,Clear,clear sky,12
Ipolyszög,48.054444,19.221944,2026-07-11 12:34:46.806724,26.56,26.56,26.56,26.56,1014,30,6.6,319,4,0.0,Clear,clear sky,12
Iklad-Domony,47.658056,19.444444,2026-07-11 12:34:47.974484,27.46,26.6,27.46,27.46,1014,27,6.33,303,23,0.0,Clouds,few clouds,12
Iklad-Domony felső,47.667778,19.428056,2026-07-11 12:34:49.129418,30.95,29.43,30.95,30.95,1014,27,6.29,301,19,0.0,Clouds,few clouds,12
Galgamácsa,47.693889,19.3925,2026-07-11 12:34:50.286464,30.94,29.42,30.94,30.94,1014,27,6.34,298,15,0.0,Clouds,few clouds,12
Vácrátót,47.732778,19.217778,2026-07-11 12:34:51.441543,30.86,29.35,30.86,30.86,1014,27,6.34,296,9,0.0,Clear,clear sky,12
Csörög,47.735833,19.196389,2026-07-11 12:34:52.595645,30.86,29.35,29.72,30.86,1014,27,6.26,296,9,0.0,Clear,clear sky,12
Galgagyörk,47.735278,19.372222,2026-07-11 12:34:53.762446,30.84,29.33,30.84,30.84,1014,27,6.32,298,14,0.0,Clouds,few clouds,12
Püspökhatvan,47.768611,19.366944,2026-07-11 12:34:54.920659,27.02,26.36,27.02,27.02,1014,28,6.2,300,12,0.0,Clouds,few clouds,12
Acsa-Erdőkürt,47.801111,19.386111,2026-07-11 12:34:56.075536,26.81,26.23,26.81,26.81,1014,28,6.1,301,12,0.0,Clouds,few clouds,12
Galgaguta,47.848611,19.385556,2026-07-11 12:34:57.234737,26.39,26.39,26.39,26.39,1014,29,5.93,307,10,0.0,Clear,clear sky,12
Nógrádkövesd,47.879444,19.371111,2026-07-11 12:34:58.388553,26.48,26.48,26.48,26.48,1014,29,5.88,310,10,0.0,Clear,clear sky,12
Magyarnándor,47.970833,19.356667,2026-07-11 12:34:59.540502,26.17,26.17,26.17,26.17,1014,30,6.07,319,8,0.0,Clear,clear sky,12
Mohora,47.995556,19.347778,2026-07-11 12:35:00.705621,26.22,26.22,26.22,26.22,1014,30,6.08,320,8,0.0,Clear,clear sky,12
Szügy,48.036389,19.333056,2026-07-11 12:35:01.863609,26.31,26.31,26.31,26.31,1014,31,6.1,321,6,0.0,Clear,clear sky,12
Balassagyarmat,48.071111,19.293611,2026-07-11 12:35:03.019390,26.38,26.38,26.38,26.38,1014,30,6.24,321,5,0.0,Clear,clear sky,12
Őrhalom,48.078773,19.403936,2026-07-11 12:35:04.182633,25.92,25.4,25.92,25.92,1014,32,5.6,316,8,0.0,Clear,clear sky,12
Hugyag,48.083056,19.421111,2026-07-11 12:35:05.335895,25.92,25.4,25.92,25.92,1014,32,5.6,316,8,0.0,Clear,clear sky,12
Szécsény,48.093056,19.521111,2026-07-11 12:35:06.496582,26.01,26.01,26.01,26.01,1014,34,5.09,311,11,0.0,Clouds,few clouds,12
Ludányhalászi,48.1325,19.529444,2026-07-11 12:35:07.658430,25.86,25.39,25.86,25.86,1014,34,5.25,309,17,0.0,Clouds,few clouds,12
Nógrádszakál,48.178333,19.521667,2026-07-11 12:35:08.816461,25.75,25.27,25.75,25.75,1014,34,5.34,308,20,0.0,Clouds,few clouds,12
Ráróspuszta,48.207222,19.541389,2026-07-11 12:35:09.981294,25.08,24.56,25.08,25.08,1014,35,5.57,307,26,0.0,Clouds,scattered clouds,12
Litke,48.215833,19.598611,2026-07-11 12:35:11.138011,25.49,25.01,25.49,25.49,1014,35,4.58,312,46,0.0,Clouds,scattered clouds,12
Nyíregyháza külső,47.943056,21.740278,2026-07-11 12:35:12.293669,23.85,23.47,23.85,23.85,1015,45,3.67,60,100,0.0,Clouds,overcast clouds,12
Oros,47.945833,21.806389,2026-07-11 12:35:13.447730,23.78,23.39,23.78,23.78,1015,45,3.49,62,100,0.0,Clouds,overcast clouds,12
Napkor,47.948889,21.873056,2026-07-11 12:35:14.601389,23.73,23.33,23.73,23.73,1015,45,3.13,63,95,0.0,Clouds,overcast clouds,12
Apagy,47.953775,21.939044,2026-07-11 12:35:15.757983,23.72,23.3,23.72,23.72,1015,44,3.01,65,92,0.0,Clouds,overcast clouds,12
Levelek-Magy,47.948056,21.993611,2026-07-11 12:35:16.920002,23.67,23.22,23.67,23.67,1015,43,2.69,67,88,0.0,Clouds,overcast clouds,12
Ófehértó,47.940556,22.041389,2026-07-11 12:35:18.076831,23.64,23.16,23.64,23.64,1015,42,2.5,67,81,0.0,Clouds,broken clouds,12
Ligettanya,47.951667,22.071389,2026-07-11 12:35:19.231146,23.6,23.11,23.6,23.6,1015,42,2.07,63,85,0.0,Clouds,overcast clouds,12
Baktalórántháza,47.988611,22.083333,2026-07-11 12:35:20.389985,23.55,23.06,23.55,23.55,1015,42,2.09,61,89,0.0,Clouds,overcast clouds,12
Vaja-Rohod,48.006389,22.164167,2026-07-11 12:35:21.547551,23.52,23.02,23.52,23.52,1016,42,1.82,43,94,0.0,Clouds,overcast clouds,12
Rákóczitanya,48.022222,22.178333,2026-07-11 12:35:22.707635,23.5,22.98,23.5,23.5,1016,41,1.74,34,95,0.0,Clouds,overcast clouds,12
Nyírmada,48.059167,22.203056,2026-07-11 12:35:23.863966,23.42,22.91,23.42,23.42,1016,42,2.34,25,94,0.0,Clouds,overcast clouds,12
Tunyogmatolcs,47.960244,22.442247,2026-07-11 12:35:25.018807,23.72,23.17,23.72,23.72,1016,39,2.83,9,53,0.0,Clouds,broken clouds,12
Tunyogmatolcs alsó,47.966025,22.464713,2026-07-11 12:35:26.175547,23.63,23.07,23.63,23.63,1016,39,3.07,10,51,0.0,Clouds,broken clouds,12
Fehérgyarmat,47.979167,22.524444,2026-07-11 12:35:27.327606,23.32,22.75,23.32,23.32,1016,40,4.28,10,67,0.12,Rain,light rain,12
Penyige,47.995278,22.566944,2026-07-11 12:35:28.481880,23.22,22.64,23.22,23.22,1016,40,4.46,11,72,0.75,Rain,light rain,12
Nagyszekeres,47.976111,22.6125,2026-07-11 12:35:29.639456,23.1,22.54,23.1,23.1,1016,41,4.59,11,78,0.15,Rain,light rain,12
Kisszekeres,47.965833,22.629444,2026-07-11 12:35:30.796867,23.19,22.61,23.19,23.19,1016,40,3.97,13,74,0.2,Rain,light rain,12
Jánkmajtis,47.941944,22.657222,2026-07-11 12:35:31.958242,23.15,22.59,23.15,23.15,1016,41,3.38,16,77,0.0,Clouds,broken clouds,12
Gacsály,47.926111,22.745,2026-07-11 12:35:33.120898,23.93,23.45,23.93,23.93,1016,41,3.58,19,89,0.0,Clouds,overcast clouds,12
Zajta,47.9025,22.796111,2026-07-11 12:35:34.282703,23.92,23.46,23.92,23.92,1016,42,3.11,27,83,0.0,Clouds,broken clouds,12
Eperjeske alsó,48.360556,22.19,2026-07-11 12:35:35.447209,23.01,22.65,23.01,23.01,1016,49,4.6,13,16,0.0,Clouds,few clouds,12
Mándok,48.326944,22.196389,2026-07-11 12:35:36.603315,23.07,22.66,23.07,23.07,1016,47,5.15,13,23,0.0,Clouds,few clouds,12
Tornyospálca,48.268333,22.201944,2026-07-11 12:35:37.760124,23.18,22.75,23.18,23.18,1016,46,5.33,13,34,0.0,Clouds,scattered clouds,12
Aranyosapáti,48.211303,22.253534,2026-07-11 12:35:38.916754,23.23,22.78,23.23,23.23,1016,45,5.01,10,65,0.0,Clouds,broken clouds,12
Gyüre,48.171389,22.269167,2026-07-11 12:35:40.073727,23.32,22.83,23.32,23.32,1016,43,4.46,9,79,0.0,Clouds,broken clouds,12
Varsány,48.151722,22.290047,2026-07-11 12:35:41.228515,23.32,22.83,23.32,23.32,1016,43,4.22,7,87,0.0,Clouds,overcast clouds,12
Vásárosnamény,48.126667,22.306111,2026-07-11 12:35:42.386221,23.39,22.88,23.39,23.39,1016,42,3.84,7,91,0.23,Rain,light rain,12
Vitka,48.095556,22.308056,2026-07-11 12:35:43.540426,23.45,22.92,23.45,23.45,1016,41,3.43,7,94,0.2,Rain,light rain,12
Nagydobos,48.054167,22.311111,2026-07-11 12:35:44.697832,23.44,22.91,23.44,23.44,1016,41,3.04,7,94,0.0,Clouds,overcast clouds,12
Ópályi,47.997778,22.318333,2026-07-11 12:35:45.858359,23.63,23.09,23.63,23.63,1016,40,2.1,10,81,0.0,Clouds,broken clouds,12
Nyírcsaholy,47.908056,22.348333,2026-07-11 12:35:47.013497,23.88,23.34,23.88,23.88,1016,39,1.77,20,45,0.0,Clouds,scattered clouds,12
Nagyecsed,47.864722,22.385556,2026-07-11 12:35:48.173786,24.02,23.5,24.02,24.02,1016,39,1.48,35,17,0.0,Clouds,few clouds,12
Tiborszállás,47.815278,22.402778,2026-07-11 12:35:49.330859,24.04,23.54,24.04,24.04,1016,40,1.5,60,6,0.0,Clear,clear sky,12
Kiskunhalas,46.434444,19.493611,2026-07-11 12:35:50.485684,30.66,29.03,30.66,30.66,1013,25,5.54,313,94,0.0,Clouds,overcast clouds,12
Kecskemét alsó,46.895833,19.692222,2026-07-11 12:35:51.643209,32.25,31.36,32.1,32.25,1013,32,2.24,239,0,0.0,Clear,clear sky,12
Putnok,48.286667,20.4375,2026-07-11 12:35:52.800002,25.17,24.73,23.36,25.23,1015,38,3.02,96,68,0.0,Clouds,broken clouds,12
Bánréve,48.299722,20.351944,2026-07-11 12:35:53.961870,25.22,24.79,24.43,25.22,1015,38,3.04,90,53,0.0,Clouds,broken clouds,12
Ipolytarnóc,48.236667,19.629167,2026-07-11 12:35:55.125979,25.32,24.85,25.32,25.32,1014,36,4.21,317,57,0.0,Clouds,broken clouds,12
Rákosliget,47.486111,19.257778,2026-07-11 12:35:56.283328,29.9,28.53,28.14,31.87,1014,28,5.58,314,30,0.0,Clouds,scattered clouds,12
Ikrény,47.657778,17.524167,2026-07-11 12:35:57.444958,29.56,28.12,29.56,29.56,1014,26,4.89,320,15,0.0,Clouds,few clouds,12
Rábapatona,47.648889,17.461944,2026-07-11 12:35:58.602625,29.65,28.2,29.65,29.65,1014,26,5.23,314,17,0.0,Clouds,few clouds,12
Enese,47.644167,17.425278,2026-07-11 12:35:59.759352,29.68,28.28,29.68,29.68,1014,27,5.61,309,19,0.0,Clouds,few clouds,12
Kóny,47.632222,17.357222,2026-07-11 12:36:00.918928,29.74,28.33,29.74,29.74,1014,27,5.87,306,15,0.0,Clouds,few clouds,12
Farád,47.595278,17.195833,2026-07-11 12:36:02.070580,28.9,27.68,28.9,28.9,1015,28,5.93,311,5,0.0,Clear,clear sky,12
Rábatamási,47.592778,17.161389,2026-07-11 12:36:03.232844,28.9,27.68,28.9,28.9,1015,28,5.93,311,5,0.0,Clear,clear sky,12
Szárföld,47.589167,17.123889,2026-07-11 12:36:04.385349,28.88,27.67,28.88,28.88,1015,28,5.78,314,3,0.0,Clear,clear sky,12
Veszkény,47.586944,17.101389,2026-07-11 12:36:05.545341,28.89,27.84,28.89,28.89,1015,31,5.62,316,1,0.0,Clear,clear sky,12
Kapuvár,47.581944,17.046944,2026-07-11 12:36:06.711188,28.87,27.82,28.87,28.87,1015,31,5.45,327,0,0.0,Clear,clear sky,12
Vitnyéd-Csermajor,47.5825,16.987222,2026-07-11 12:36:07.876724,28.88,27.83,28.88,28.88,1015,31,5.41,331,0,0.0,Clear,clear sky,12
Petőháza,47.595278,16.893056,2026-07-11 12:36:09.030013,28.83,27.79,28.83,28.83,1015,31,5.33,327,0,0.0,Clear,clear sky,12
Fertőszentmiklós,47.6,16.858889,2026-07-11 12:36:10.188863,28.83,27.79,28.83,31.16,1015,31,5.37,327,0,0.0,Clear,clear sky,12
Pinnye,47.600278,16.768611,2026-07-11 12:36:11.343252,28.71,27.69,28.71,31.04,1015,31,5.25,324,20,0.0,Clouds,few clouds,12
Fertőboz,47.625,16.691667,2026-07-11 12:36:12.496982,28.55,27.56,28.55,30.88,1015,31,4.84,321,29,0.0,Clouds,scattered clouds,12
Sopron,47.677778,16.587222,2026-07-11 12:36:13.654045,28.25,27.49,28.25,30.58,1015,34,4.45,322,32,0.0,Clouds,scattered clouds,12
Fertőszéplak-Fertőd,47.618889,16.850833,2026-07-11 12:36:14.807857,28.85,27.81,28.85,31.18,1015,31,5.17,322,0,0.0,Clear,clear sky,12
Nyúl,47.587778,17.698056,2026-07-11 12:36:15.959373,29.42,27.96,29.42,29.42,1014,25,4.22,332,9,0.0,Clear,clear sky,12
Pannonhalma,47.547778,17.740833,2026-07-11 12:36:17.115253,29.19,27.78,29.19,29.19,1014,25,4.21,338,4,0.0,Clear,clear sky,12
Tarjánpuszta,47.504722,17.789167,2026-07-11 12:36:18.270527,29.13,27.73,29.13,29.13,1014,25,4.54,338,1,0.0,Clear,clear sky,12
Győrasszonyfa,47.4925,17.799167,2026-07-11 12:36:19.425306,29.13,27.73,29.13,29.13,1014,25,4.54,338,1,0.0,Clear,clear sky,12
Veszprémvarsány,47.443333,17.818333,2026-07-11 12:36:20.587001,29.06,27.67,29.06,29.06,1015,25,5.18,336,0,0.0,Clear,clear sky,12
Bakonyszentlászló,47.395556,17.8175,2026-07-11 12:36:21.746702,28.8,27.47,28.8,28.8,1015,25,5.73,334,1,0.0,Clear,clear sky,12
Porva-Csesznek,47.326944,17.841111,2026-07-11 12:36:22.902817,27.55,26.59,27.55,27.55,1015,25,6.25,331,3,0.0,Clear,clear sky,12
Zirc,47.266667,17.878056,2026-07-11 12:36:24.056778,29.23,27.81,29.23,29.23,1015,25,6.77,329,8,0.0,Clear,clear sky,12
Eplény,47.192778,17.921667,2026-07-11 12:36:25.213811,29.36,27.91,29.36,29.36,1015,25,6.35,326,12,0.0,Clouds,few clouds,12
Marcaltő,47.4275,17.348889,2026-07-11 12:36:26.368814,30.13,28.61,30.13,30.13,1015,26,5.73,313,0,0.0,Clear,clear sky,12
Szany-Rábaszentandrás,47.460833,17.315278,2026-07-11 12:36:27.538636,30.02,28.57,30.02,30.02,1015,27,6.0,309,0,0.0,Clear,clear sky,12
Egyed-Rábacsanak,47.521944,17.316389,2026-07-11 12:36:28.692483,29.91,28.47,29.91,29.91,1015,27,6.13,307,2,0.0,Clear,clear sky,12
Rábapordány,47.557222,17.315,2026-07-11 12:36:29.849095,29.9,28.47,29.9,29.9,1015,27,6.15,306,5,0.0,Clear,clear sky,12
Albertfalva,47.440784,19.033965,2026-07-11 12:36:31.002901,30.85,29.49,28.4,32.12,1014,29,4.02,314,18,0.0,Clouds,few clouds,12
Budafok,47.425833,19.041389,2026-07-11 12:36:32.154072,31.55,30.03,30.01,32.13,1014,27,4.02,305,46,0.0,Clouds,scattered clouds,12
Tétényliget,47.384722,18.955278,2026-07-11 12:36:33.305965,30.91,29.55,28.42,32.15,1014,29,2.24,311,29,0.0,Clouds,scattered clouds,12
Érd alsó,47.379722,18.923056,2026-07-11 12:36:34.453950,31.53,30.01,29.89,32.01,1014,27,4.02,305,33,0.0,Clouds,scattered clouds,12
Tárnok,47.365556,18.873889,2026-07-11 12:36:35.609752,30.65,29.3,28.35,32.08,1014,29,6.62,328,44,0.0,Clouds,scattered clouds,12
Martonvásár,47.321389,18.781667,2026-07-11 12:36:36.762044,28.28,26.99,28.28,29.32,1014,22,6.78,328,51,0.0,Clouds,broken clouds,12
Baracska,47.297222,18.753333,2026-07-11 12:36:37.924232,32.11,30.2,28.38,32.11,1014,22,6.74,328,49,0.0,Clouds,scattered clouds,12
Pettend,47.26,18.708889,2026-07-11 12:36:39.078865,28.63,27.24,28.63,28.63,1014,22,6.71,329,42,0.0,Clouds,scattered clouds,12
Kápolnásnyék,47.245556,18.692222,2026-07-11 12:36:40.233662,28.79,27.36,28.79,28.79,1014,22,6.62,329,34,0.0,Clouds,scattered clouds,12
Velence,47.226944,18.663889,2026-07-11 12:36:41.387510,28.91,27.45,28.91,28.91,1014,22,6.65,329,28,0.0,Clouds,scattered clouds,12
Velencefürdő,47.218611,18.648056,2026-07-11 12:36:42.538864,28.98,27.47,28.98,28.98,1014,21,6.53,329,26,0.0,Clouds,scattered clouds,12
Gárdony,47.205833,18.624722,2026-07-11 12:36:43.693189,29.05,27.52,29.05,29.05,1014,21,6.55,329,20,0.0,Clouds,few clouds,12
Agárd,47.197666,18.604907,2026-07-11 12:36:44.849302,29.05,27.52,29.05,29.05,1014,21,6.55,329,20,0.0,Clouds,few clouds,12
Dinnyés,47.179722,18.560833,2026-07-11 12:36:46.001736,29.17,27.62,29.17,29.17,1014,21,6.44,329,10,0.0,Clear,clear sky,12
Székesfehérvár,47.183611,18.424722,2026-07-11 12:36:47.162654,29.36,27.76,29.36,29.36,1014,21,6.38,330,10,0.0,Clear,clear sky,12
Szabadbattyán,47.105278,18.388333,2026-07-11 12:36:48.318800,29.64,27.95,29.64,29.64,1014,20,5.72,320,14,0.0,Clouds,few clouds,12
Kiscséripuszta,47.048056,18.355,2026-07-11 12:36:49.476443,32.46,30.41,32.46,32.46,1014,20,5.3,311,16,0.0,Clouds,few clouds,12
Lepsény,46.9875,18.248056,2026-07-11 12:36:50.635299,32.68,35.39,32.68,32.68,1014,49,4.85,299,13,0.0,Clouds,few clouds,12
Balatonaliga,46.984444,18.171389,2026-07-11 12:36:51.788711,32.49,35.03,32.49,32.49,1014,49,4.38,295,11,0.0,Clouds,few clouds,12
Balatonvilágos,46.964167,18.157222,2026-07-11 12:36:52.947918,32.53,35.1,32.53,32.53,1014,49,4.04,291,7,0.0,Clear,clear sky,12
Szabadifürdő,46.926111,18.103333,2026-07-11 12:36:54.102862,32.7,35.42,32.7,32.7,1014,49,3.54,286,0,0.0,Clear,clear sky,12
Ózd alsó,48.227778,20.306111,2026-07-11 12:36:55.261530,25.06,24.61,24.27,25.06,1015,38,3.44,76,75,0.0,Clouds,broken clouds,12
Ózd,48.2225,20.294722,2026-07-11 12:36:56.416997,25.11,24.67,24.32,25.11,1015,38,3.44,76,75,0.0,Clouds,broken clouds,12
Alsóboldva,48.212778,20.792222,2026-07-11 12:36:57.577214,23.42,23.28,23.38,26.79,1015,56,3.83,79,100,0.0,Clouds,overcast clouds,12
Boldva,48.223333,20.790278,2026-07-11 12:36:58.732865,23.42,22.99,23.37,26.79,1015,45,3.83,79,100,0.29,Rain,light rain,12
Borsodszirák,48.259167,20.770556,2026-07-11 12:36:59.886893,23.37,22.94,23.32,24.6,1015,45,3.34,85,98,2.88,Rain,moderate rain,12
Edelény alsó,48.279167,20.760833,2026-07-11 12:37:01.043404,23.3,22.89,23.3,23.5,1015,46,3.34,85,98,3.32,Rain,moderate rain,12
Edelény,48.299722,20.749444,2026-07-11 12:37:02.197486,23.28,22.86,23.28,23.48,1015,46,3.18,87,92,4.13,Rain,heavy intensity rain,12
Szendrőlád,48.334444,20.731944,2026-07-11 12:37:03.351497,23.19,22.74,23.19,23.19,1015,45,2.97,92,76,3.65,Rain,moderate rain,12
Szendrő,48.400725,20.721346,2026-07-11 12:37:04.509205,23.69,23.29,23.69,23.69,1015,45,2.88,90,56,0.0,Clouds,broken clouds,12
Szendrő felső,48.409907,20.720148,2026-07-11 12:37:05.668703,23.69,23.29,23.69,23.69,1015,45,2.88,90,56,0.0,Clouds,broken clouds,12
Szalonna,48.449444,20.722222,2026-07-11 12:37:06.829949,23.74,23.34,23.74,23.74,1015,45,2.79,85,36,0.0,Clouds,scattered clouds,12
Perkupa,48.471389,20.691111,2026-07-11 12:37:07.984231,23.04,22.57,23.04,23.04,1015,45,2.37,82,33,0.26,Rain,light rain,12
Szemeretelep,47.443056,19.214167,2026-07-11 12:37:09.150420,30.09,28.63,28.21,31.94,1014,27,5.24,318,34,0.0,Clouds,scattered clouds,12
Jósvafő-Aggtelek,48.489722,20.693889,2026-07-11 12:37:10.303683,23.33,22.92,23.33,23.33,1015,46,2.3,77,26,0.0,Clouds,scattered clouds,12
Bódvaszilas,48.5375,20.738056,2026-07-11 12:37:11.460247,22.88,22.45,22.88,22.88,1015,47,2.56,74,14,0.0,Clouds,few clouds,12
Komjáti,48.5475,20.759722,2026-07-11 12:37:12.616511,22.37,21.92,22.37,22.37,1015,48,2.57,69,8,0.0,Clear,clear sky,12
Tornanádaska,48.558333,20.787222,2026-07-11 12:37:13.778915,23.5,23.16,23.5,23.5,1015,48,2.7,68,8,0.0,Clear,clear sky,12
Onga,48.121111,20.906667,2026-07-11 12:37:14.933497,23.91,23.56,23.43,26.85,1015,46,4.44,69,100,0.0,Clouds,overcast clouds,12
Szikszó-Vásártér,48.193056,20.934722,2026-07-11 12:37:16.089498,23.76,23.37,23.39,26.81,1015,45,3.73,72,100,0.0,Clouds,overcast clouds,12
Szikszó,48.201667,20.941667,2026-07-11 12:37:17.244216,23.41,22.98,23.41,23.6,1015,45,3.61,71,100,0.16,Rain,light rain,12
Aszaló,48.219867,20.961466,2026-07-11 12:37:18.403498,23.39,22.96,23.39,23.58,1015,45,3.45,71,100,0.2,Rain,light rain,12
Halmaj,48.246667,20.991667,2026-07-11 12:37:19.560156,23.37,22.96,23.37,23.37,1015,46,3.27,71,95,0.25,Rain,light rain,12
Csobád,48.277222,21.033889,2026-07-11 12:37:20.751209,23.34,22.93,23.34,23.34,1015,46,3.17,70,85,0.0,Clouds,overcast clouds,12
Ináncs,48.291111,21.057778,2026-07-11 12:37:21.910301,23.34,22.9,23.34,23.34,1015,45,3.08,70,65,0.0,Clouds,broken clouds,12
Forró-Encs,48.3275,21.117778,2026-07-11 12:37:23.066431,23.66,23.28,23.66,23.66,1015,46,3.04,71,49,0.0,Clouds,scattered clouds,12
Méra,48.363056,21.140278,2026-07-11 12:37:24.224129,23.37,22.96,23.37,23.37,1015,46,2.97,70,27,0.0,Clouds,scattered clouds,12
Novajidrány,48.404444,21.170556,2026-07-11 12:37:25.379906,24.99,24.77,24.99,24.99,1015,47,2.88,69,15,0.0,Clouds,few clouds,12
Hernádszurdok,48.487222,21.213889,2026-07-11 12:37:26.534006,24.91,24.76,24.91,24.91,1015,50,2.59,59,4,0.0,Clear,clear sky,12
Hidasnémeti,48.508333,21.229722,2026-07-11 12:37:27.694231,24.92,24.77,24.92,24.92,1015,50,2.58,54,7,0.0,Clear,clear sky,12
Mád,48.19,21.268889,2026-07-11 12:37:28.852985,22.29,21.85,22.29,22.29,1015,49,3.39,72,47,0.0,Clouds,scattered clouds,12
Rátka,48.215,21.230278,2026-07-11 12:37:30.008772,22.45,22.03,22.45,22.45,1015,49,3.26,72,46,0.0,Clouds,scattered clouds,12
Tállya,48.226944,21.225278,2026-07-11 12:37:31.171218,22.4,21.98,22.4,22.4,1015,49,3.26,72,46,0.0,Clouds,scattered clouds,12
Golop,48.242778,21.204167,2026-07-11 12:37:32.324639,22.52,22.11,22.52,22.52,1015,49,3.12,71,53,0.0,Clouds,broken clouds,12
Abaújszántó,48.286944,21.181667,2026-07-11 12:37:33.484516,22.43,21.9,22.43,22.43,1015,45,3.02,72,40,0.0,Clouds,scattered clouds,12
Abaújszántói fürdő,48.268333,21.179722,2026-07-11 12:37:34.646513,22.49,21.97,22.49,22.49,1015,45,3.07,72,47,0.0,Clouds,scattered clouds,12
Abaújkér,48.309444,21.198333,2026-07-11 12:37:35.799429,22.39,21.89,22.39,22.39,1015,46,2.98,72,33,0.0,Clouds,scattered clouds,12
Boldogkőváralja,48.345,21.208889,2026-07-11 12:37:36.956933,22.19,21.67,22.19,22.19,1015,46,2.9,73,14,0.0,Clouds,few clouds,12
Korlát-Vizsoly,48.365,21.219167,2026-07-11 12:37:38.125370,22.1,21.57,22.1,22.1,1015,46,2.83,72,10,0.0,Clear,clear sky,12
Fony,48.411389,21.242778,2026-07-11 12:37:39.286779,24.79,24.58,24.79,24.79,1015,48,2.67,67,4,0.0,Clear,clear sky,12
Hejce-Vilmány,48.419444,21.245556,2026-07-11 12:37:40.439666,24.76,24.54,24.76,24.76,1015,48,2.67,67,4,0.0,Clear,clear sky,12
Göncruszka,48.445,21.246944,2026-07-11 12:37:41.594548,24.85,24.64,24.85,24.85,1015,48,2.62,63,3,0.0,Clear,clear sky,12
Gönc,48.470556,21.261389,2026-07-11 12:37:42.754498,24.75,24.56,24.75,24.75,1015,49,2.49,58,3,0.0,Clear,clear sky,12
Zsujta,48.4925,21.265,2026-07-11 12:37:43.911133,24.77,24.61,24.77,24.77,1015,50,2.48,53,6,0.0,Clear,clear sky,12
Bodrogkeresztúr,48.175556,21.354167,2026-07-11 12:37:45.068254,22.56,22.15,22.56,22.56,1015,49,3.6,72,45,0.0,Clouds,scattered clouds,12
Szegi,48.201944,21.387778,2026-07-11 12:37:46.233098,22.6,22.2,22.6,22.6,1015,49,3.77,73,31,0.0,Clouds,scattered clouds,12
Erdőbénye,48.218056,21.401944,2026-07-11 12:37:47.392462,22.57,22.16,22.57,22.57,1015,49,3.86,74,22,0.0,Clouds,few clouds,12
Olaszliszka-Tolcsva,48.258333,21.448056,2026-07-11 12:37:48.548928,22.6,22.2,22.6,22.6,1016,49,3.87,73,10,0.0,Clear,clear sky,12
Bodrogolaszi,48.286944,21.512778,2026-07-11 12:37:49.707960,22.54,22.02,22.54,22.54,1016,45,3.9,71,6,0.0,Clear,clear sky,12
Sárospatak,48.325833,21.566111,2026-07-11 12:37:50.862320,22.49,22.0,22.49,22.49,1016,46,4.24,63,3,0.0,Clear,clear sky,12
Sátoraljaújhely,48.385833,21.657778,2026-07-11 12:37:52.018616,22.07,21.59,22.07,22.07,1016,48,4.16,52,2,0.0,Clear,clear sky,12
Vecsés,47.40855,19.25652,2026-07-11 12:37:53.173683,30.49,29.0,28.25,31.98,1014,27,5.42,315,42,0.0,Clouds,scattered clouds,12
Vecsés-Kertekalja,47.403333,19.271389,2026-07-11 12:37:54.334147,30.55,29.05,28.29,32.01,1014,27,5.42,315,42,0.0,Clouds,scattered clouds,12
Üllő,47.390833,19.348889,2026-07-11 12:37:55.494027,30.47,28.8,28.24,31.97,1014,24,5.58,313,43,0.0,Clouds,scattered clouds,12
Monor,47.34545,19.43701,2026-07-11 12:37:56.647573,28.02,26.87,28.02,28.02,1014,24,5.72,309,33,0.0,Clouds,scattered clouds,12
Pilis,47.279722,19.536389,2026-07-11 12:37:57.807549,30.31,28.71,30.31,30.31,1014,25,5.52,308,25,0.0,Clouds,scattered clouds,12
Albertirsa,47.240278,19.606389,2026-07-11 12:37:58.974175,30.4,28.91,30.4,30.4,1013,27,5.27,306,14,0.0,Clouds,few clouds,12
Ceglédbercel-Cserő,47.210278,19.686944,2026-07-11 12:38:00.127830,30.47,28.98,30.47,30.47,1014,27,5.13,304,8,0.0,Clear,clear sky,12
Cegléd,47.182778,19.806111,2026-07-11 12:38:01.285918,30.57,29.07,29.34,30.57,1013,27,5.13,299,2,0.0,Clear,clear sky,12
Abony,47.173056,20.016389,2026-07-11 12:38:02.443196,29.4,28.66,29.4,30.64,1013,36,5.56,290,6,0.0,Clear,clear sky,12
Szolnok,47.179167,20.175833,2026-07-11 12:38:03.603922,29.42,28.67,29.42,30.66,1013,36,3.58,306,19,0.0,Clouds,few clouds,12
Szajol,47.170556,20.295278,2026-07-11 12:38:04.765575,29.43,28.68,29.43,29.43,1013,36,5.33,288,43,0.0,Clouds,scattered clouds,12
Törökszentmiklós,47.170278,20.413611,2026-07-11 12:38:05.919584,29.43,28.06,29.43,29.43,1013,27,4.73,289,75,0.0,Clouds,broken clouds,12
Rákoscsaba-Újtelep,47.4875,19.271944,2026-07-11 12:38:07.085674,29.94,28.56,28.14,31.87,1014,28,5.58,314,30,0.0,Clouds,scattered clouds,12
Rákoscsaba,47.492222,19.284722,2026-07-11 12:38:08.245690,29.97,28.59,28.14,31.86,1014,28,5.74,313,30,0.0,Clouds,scattered clouds,12
Pécel,47.493889,19.338889,2026-07-11 12:38:09.400969,29.93,28.33,28.01,31.74,1014,24,5.89,312,29,0.0,Clouds,scattered clouds,12
Isaszeg,47.537719,19.388955,2026-07-11 12:38:10.567968,30.67,29.03,28.97,30.67,1014,25,6.17,308,23,0.0,Clouds,few clouds,12
Gödöllő,47.592222,19.358611,2026-07-11 12:38:11.723033,30.09,28.52,27.7,30.45,1014,25,6.25,305,19,0.0,Clouds,few clouds,12
Máriabesnyő,47.595556,19.389722,2026-07-11 12:38:12.876581,30.59,28.96,28.89,30.59,1014,25,6.25,305,19,0.0,Clouds,few clouds,12
Bag,47.641111,19.471667,2026-07-11 12:38:14.030674,27.46,26.6,27.46,27.46,1014,27,6.33,303,23,0.0,Clouds,few clouds,12
Aszód,47.647467,19.492882,2026-07-11 12:38:15.185708,27.31,26.5,27.31,27.31,1014,27,6.3,304,26,0.0,Clouds,scattered clouds,12
Hévízgyörk,47.638611,19.526667,2026-07-11 12:38:16.345234,27.28,26.52,27.28,27.28,1014,28,6.27,305,31,0.0,Clouds,scattered clouds,12
Galgahévíz,47.6325,19.558333,2026-07-11 12:38:17.511307,27.5,26.66,27.5,27.5,1014,28,6.25,307,44,0.0,Clouds,scattered clouds,12
Tura,47.626389,19.5975,2026-07-11 12:38:18.667369,27.41,26.6,27.41,27.41,1013,28,6.18,308,52,0.0,Clouds,broken clouds,12
Hatvan,47.663611,19.671389,2026-07-11 12:38:19.823398,27.34,26.64,27.34,27.34,1013,30,5.85,311,59,0.0,Clouds,broken clouds,12
Vámosgyörk,47.686111,19.927778,2026-07-11 12:38:20.981560,32.16,31.38,32.16,32.16,1014,33,5.26,311,90,0.0,Clouds,overcast clouds,12
Adács,47.696389,19.975278,2026-07-11 12:38:22.137651,32.11,31.46,32.11,32.11,1014,34,5.1,307,89,0.0,Clouds,overcast clouds,12
Karácsond,47.718056,20.048611,2026-07-11 12:38:23.295796,32.14,30.46,32.14,32.14,1014,25,5.04,305,87,0.0,Clouds,overcast clouds,12
Ludas,47.723889,20.095556,2026-07-11 12:38:24.456370,32.09,30.41,32.09,32.09,1014,25,4.68,300,92,0.0,Clouds,overcast clouds,12
Nagyút,47.72666666666667,20.161388888888887,2026-07-11 12:38:25.614412,32.12,30.44,32.12,32.12,1014,25,4.54,298,93,0.0,Clouds,overcast clouds,12
Kál-Kápolna,47.734167,20.254167,2026-07-11 12:38:26.769570,32.09,31.74,32.09,32.09,1014,36,4.26,287,97,0.0,Clouds,overcast clouds,12
Füzesabony,47.751389,20.415278,2026-07-11 12:38:27.930084,25.41,25.0,25.41,25.41,1014,38,3.88,272,100,0.0,Clouds,overcast clouds,12
Szihalom,47.766944,20.491944,2026-07-11 12:38:29.083712,26.84,26.7,26.84,26.84,1014,39,3.11,275,96,0.0,Clouds,overcast clouds,12
Mezőkövesd,47.797222,20.5675,2026-07-11 12:38:30.242136,26.85,26.76,26.85,26.85,1014,40,1.79,311,91,0.0,Clouds,overcast clouds,12
Mezőkövesd felső,47.807222,20.591389,2026-07-11 12:38:31.399335,26.78,26.71,23.61,26.83,1014,40,1.79,311,91,0.0,Clouds,overcast clouds,12
Mezőkeresztes-Mezőnyárád,47.845556,20.670278,2026-07-11 12:38:32.553473,26.47,26.47,23.41,26.83,1015,42,3.23,35,86,0.0,Clouds,overcast clouds,12
Csincse,47.890833,20.764167,2026-07-11 12:38:33.707375,26.34,26.34,23.43,26.85,1015,42,1.34,159,90,0.0,Clouds,overcast clouds,12
Emőd,47.930556,20.822778,2026-07-11 12:38:34.863767,26.14,26.14,23.45,26.87,1015,48,1.34,159,89,0.0,Clouds,overcast clouds,12
Nyékládháza,47.9925,20.840556,2026-07-11 12:38:36.017426,25.76,25.67,23.48,26.9,1015,49,1.34,159,91,0.0,Clouds,overcast clouds,12
Miskolc-Tiszai,48.098611,20.811389,2026-07-11 12:38:37.171777,24.04,23.83,23.4,26.82,1015,51,5.49,68,100,0.0,Clouds,overcast clouds,12
Felsőzsolca,48.083611,20.866111,2026-07-11 12:38:38.329589,24.69,24.52,23.43,26.85,1015,50,5.16,68,100,0.0,Clouds,overcast clouds,12
Hernádnémeti-Bőcs,48.051389,20.985,2026-07-11 12:38:39.487074,25.85,25.59,23.43,26.85,1015,42,4.44,67,94,0.0,Clouds,overcast clouds,12
Tiszalúc,48.039722,21.0575,2026-07-11 12:38:40.640932,25.99,25.99,22.59,26.89,1015,41,4.18,66,91,0.0,Clouds,overcast clouds,12
Taktaharkány,48.091667,21.128611,2026-07-11 12:38:41.797123,22.64,22.24,22.64,23.52,1015,49,3.72,66,89,0.0,Clouds,overcast clouds,12
Taktaszada,48.1125,21.149444,2026-07-11 12:38:42.952221,22.65,22.25,22.65,23.53,1015,49,3.53,67,84,0.0,Clouds,broken clouds,12
Szerencs,48.155556,21.214444,2026-07-11 12:38:44.110021,22.64,22.24,22.64,26.7,1015,49,3.39,70,59,0.0,Clouds,broken clouds,12
Mezőzombor,48.156944,21.267778,2026-07-11 12:38:45.268961,22.64,22.24,22.64,22.64,1015,49,3.45,71,54,0.0,Clouds,broken clouds,12
Tarcal,48.125,21.34,2026-07-11 12:38:46.425500,22.66,22.26,22.66,22.66,1015,49,3.68,69,61,0.0,Clouds,broken clouds,12
Tokaj,48.112778,21.406667,2026-07-11 12:38:47.582942,22.62,22.22,22.62,22.62,1015,49,3.82,69,52,0.0,Clouds,broken clouds,12
Rakamaz,48.12,21.475,2026-07-11 12:38:48.743849,22.62,22.22,22.62,22.62,1015,49,3.87,68,50,0.0,Clouds,scattered clouds,12
Görögszállás,48.04,21.555,2026-07-11 12:38:49.899627,22.58,22.17,22.58,22.58,1015,49,3.87,63,71,0.0,Clouds,broken clouds,12
Nyírtelek,48.005,21.615556,2026-07-11 12:38:51.055280,22.62,22.09,22.62,22.62,1015,44,3.8,58,81,0.0,Clouds,broken clouds,12
Rákoshegy,47.468611,19.245556,2026-07-11 12:38:52.213307,29.8,28.44,28.09,31.82,1014,28,5.52,315,33,0.0,Clouds,scattered clouds,12
Ecser,47.439444,19.318056,2026-07-11 12:38:53.363524,30.07,28.45,28.14,31.86,1014,24,5.61,314,37,0.0,Clouds,scattered clouds,12
Maglód,47.438889,19.340833,2026-07-11 12:38:54.516736,30.02,28.41,28.08,31.81,1014,24,5.74,313,36,0.0,Clouds,scattered clouds,12
Maglódi nyaraló,47.434167,19.363611,2026-07-11 12:38:55.677093,29.95,28.35,27.98,31.71,1014,24,5.88,312,34,0.0,Clouds,scattered clouds,12
Gyömrő,47.429722,19.393333,2026-07-11 12:38:56.834032,29.05,27.63,28.99,31.67,1014,24,5.88,312,34,0.0,Clouds,scattered clouds,12
Mende,47.426944,19.439722,2026-07-11 12:38:57.994344,28.95,27.59,28.95,28.95,1014,25,6.13,309,31,0.0,Clouds,scattered clouds,12
Szőlősnyaraló,47.450278,19.561111,2026-07-11 12:38:59.151313,30.3,28.76,30.3,30.3,1014,26,6.33,305,41,0.0,Clouds,scattered clouds,12
Sülysáp,47.451944,19.5275,2026-07-11 12:39:00.301520,30.28,28.74,30.28,30.28,1014,26,6.35,307,33,0.0,Clouds,scattered clouds,12
Tápiószecső,47.443056,19.614722,2026-07-11 12:39:01.457780,30.38,28.9,30.38,30.38,1014,27,6.28,305,46,0.0,Clouds,scattered clouds,12
Szentmártonkáta,47.431944,19.680556,2026-07-11 12:39:02.611407,30.41,28.92,30.41,30.41,1013,27,6.09,303,58,0.0,Clouds,broken clouds,12
Nagykáta,47.409722,19.737778,2026-07-11 12:39:03.762767,30.48,28.99,30.48,30.48,1013,27,5.99,302,57,0.0,Clouds,broken clouds,12
Farmos,47.355278,19.8375,2026-07-11 12:39:04.926967,30.59,29.09,30.59,30.59,1013,27,0.89,360,46,0.0,Clouds,scattered clouds,12
Tápiószele,47.346313,19.873504,2026-07-11 12:39:06.089770,30.57,29.07,30.57,30.57,1013,27,0.89,360,35,0.0,Clouds,scattered clouds,12
Tápiógyörgye,47.325,19.95,2026-07-11 12:39:07.248017,30.63,29.13,29.39,30.63,1013,27,0.89,360,34,0.0,Clouds,scattered clouds,12
Újszász,47.285833,20.066944,2026-07-11 12:39:08.408293,30.67,29.17,29.43,30.67,1013,27,5.87,291,17,0.0,Clouds,few clouds,12
Szurdokpüspöki,47.851944,19.690278,2026-07-11 12:39:09.567419,31.94,31.12,31.94,31.94,1014,33,5.15,307,14,0.0,Clouds,few clouds,12
Lőrinci,47.739444,19.673611,2026-07-11 12:39:10.729164,32.01,30.95,32.01,32.01,1014,31,5.68,311,48,0.0,Clouds,scattered clouds,12
Selyp,47.759167,19.670833,2026-07-11 12:39:11.890361,32.01,30.95,32.01,32.01,1014,31,5.59,311,42,0.0,Clouds,scattered clouds,12
Apc-Zagyvaszántó,47.791328,19.66822,2026-07-11 12:39:13.046697,31.98,30.91,31.98,31.98,1014,31,5.48,311,35,0.0,Clouds,scattered clouds,12
Pásztó,47.918889,19.688889,2026-07-11 12:39:14.204428,31.82,31.1,31.82,31.82,1014,34,4.93,304,4,0.0,Clear,clear sky,12
Mátraszőlős-Hasznos,47.938506,19.706122,2026-07-11 12:39:15.361120,31.78,31.19,31.78,31.78,1014,35,4.89,301,2,0.0,Clear,clear sky,12
Tar,47.956111,19.746389,2026-07-11 12:39:16.520624,31.72,31.12,31.72,31.72,1014,35,4.9,300,6,0.0,Clear,clear sky,12
Mátraverebély,47.968333,19.778611,2026-07-11 12:39:17.674518,31.39,30.72,31.39,31.39,1014,35,4.9,300,6,0.0,Clear,clear sky,12
Nagybátony,47.981111,19.82,2026-07-11 12:39:18.830505,31.6,29.92,31.6,31.6,1014,25,4.67,301,12,0.0,Clouds,few clouds,12
Kisterenye,48.009444,19.831944,2026-07-11 12:39:19.998130,31.59,31.24,31.59,31.59,1014,37,4.25,304,21,0.0,Clouds,few clouds,12
Kisterenye-Bányatelep,48.021389,19.831944,2026-07-11 12:39:21.153098,31.59,31.24,31.59,31.59,1014,37,4.25,304,21,0.0,Clouds,few clouds,12
Salgótarján külső,48.089444,19.790833,2026-07-11 12:39:22.309167,31.32,31.04,31.32,31.32,1014,38,2.9,313,38,0.0,Clouds,scattered clouds,12
Balatonfenyves GV,46.7125,17.479167,2026-07-11 12:39:23.463778,30.76,29.77,30.76,30.76,1014,33,1.81,15,0,0.0,Clear,clear sky,12
Várhegyalja,47.737778,18.366667,2026-07-11 12:39:24.617826,28.11,27.01,28.11,28.11,1014,26,5.66,333,14,0.0,Clouds,few clouds,12
Imremajor,46.680556,17.499722,2026-07-11 12:39:25.774855,30.94,29.86,30.94,30.94,1014,32,2.04,16,0,0.0,Clear,clear sky,12
Rákospalota-Kertváros,47.578333,19.122778,2026-07-11 12:39:26.932138,30.93,29.57,28.34,32.07,1014,29,1.79,286,9,0.0,Clear,clear sky,12
Vicziántelep,47.675833,19.286111,2026-07-11 12:39:28.089412,30.97,29.38,27.81,31.11,1014,26,6.31,298,14,0.0,Clouds,few clouds,12
Pálmajor,46.662831,17.457526,2026-07-11 12:39:29.244507,31.23,30.07,31.23,31.23,1014,31,2.45,22,0,0.0,Clear,clear sky,12
Somogyszentpál felső,46.649758,17.471404,2026-07-11 12:39:30.397628,31.09,29.92,31.09,31.09,1014,31,2.34,15,0,0.0,Clear,clear sky,12
Somogyszentpál,46.638611,17.478611,2026-07-11 12:39:31.560185,31.21,29.95,31.21,31.21,1014,30,2.69,14,0,0.0,Clear,clear sky,12
Rudnaykert,47.7175,19.257778,2026-07-11 12:39:32.714707,31.46,29.86,29.19,31.46,1014,26,6.42,296,11,0.0,Clouds,few clouds,12
Maroshegy,47.158333,18.406667,2026-07-11 12:39:33.888721,29.44,27.82,29.44,29.44,1014,21,6.17,327,11,0.0,Clouds,few clouds,12
Bánhida,47.573703,18.371737,2026-07-11 12:39:35.042508,28.09,26.95,28.09,28.09,1015,25,6.35,327,27,0.0,Clouds,scattered clouds,12
Magyarkút,47.850278,19.045,2026-07-11 12:39:36.201597,26.6,26.6,26.6,26.6,1014,28,6.82,301,6,0.0,Clear,clear sky,12
Becske alsó,47.897222,19.364722,2026-07-11 12:39:37.363993,25.88,25.31,25.88,25.88,1014,30,5.84,313,10,0.0,Clear,clear sky,12
Hosszúberek-Péteri,47.370556,19.389722,2026-07-11 12:39:38.525324,29.26,27.79,29.26,31.95,1014,24,5.58,311,42,0.0,Clouds,scattered clouds,12
Monorierdő,47.308889,19.499167,2026-07-11 12:39:39.683486,30.29,28.64,30.29,30.29,1014,24,5.63,308,29,0.0,Clouds,scattered clouds,12
Ceglédbercel,47.215833,19.658611,2026-07-11 12:39:40.842586,30.46,28.97,30.46,30.46,1013,27,5.1,306,10,0.0,Clear,clear sky,12
Budai út,47.208333,19.731389,2026-07-11 12:39:42.000359,30.5,29.01,30.5,30.5,1014,27,5.18,303,7,0.0,Clear,clear sky,12
Büdöskútpuszta,48.373056,20.726111,2026-07-11 12:39:43.154031,23.83,23.44,23.83,23.83,1015,45,2.92,91,66,1.15,Rain,moderate rain,12
Bánrévei Vízmű,48.282778,20.368333,2026-07-11 12:39:44.307076,25.25,24.82,24.46,25.25,1015,38,2.99,92,57,0.0,Clouds,broken clouds,12
Rákoskert,47.456389,19.296111,2026-07-11 12:39:45.461286,29.95,28.51,28.01,31.73,1014,27,5.66,314,33,0.0,Clouds,scattered clouds,12
Szirmabesenyő,48.146944,20.783056,2026-07-11 12:39:46.629745,23.49,23.38,23.33,26.75,1015,57,4.92,72,100,0.0,Clouds,overcast clouds,12
Kitérőgyár,47.766944,19.935278,2026-07-11 12:39:47.795547,31.83,30.15,31.83,31.83,1014,25,5.44,309,68,0.0,Clouds,broken clouds,12
Tápiószentmárton,47.373333,19.797778,2026-07-11 12:39:48.951520,30.53,29.03,30.53,30.53,1013,27,0.89,360,46,0.0,Clouds,scattered clouds,12
Zagyvarékas,47.244229,20.097435,2026-07-11 12:39:50.107796,29.44,28.69,29.44,30.68,1013,36,5.84,288,11,0.0,Clouds,few clouds,12
Abonyi út,47.206401,20.125204,2026-07-11 12:39:51.273940,29.44,28.69,29.44,30.68,1013,36,5.77,288,10,0.0,Clear,clear sky,12
Jászkisér felső,47.438056,20.202222,2026-07-11 12:39:52.432759,27.24,26.66,27.24,27.24,1014,32,5.55,309,78,0.0,Clouds,broken clouds,12
Szellőhát,47.425556,20.188889,2026-07-11 12:39:53.600629,30.67,29.49,30.67,30.67,1014,31,5.57,306,68,0.0,Clouds,broken clouds,12
Szilvásvárad-Szalajkavölgy,48.0956,20.38272,2026-07-11 12:39:54.757039,23.12,22.58,21.94,23.81,1015,42,3.67,41,80,0.0,Clouds,broken clouds,12
Vásárosnamény külső,48.084444,22.255556,2026-07-11 12:39:55.914627,23.39,22.86,23.39,23.39,1016,41,3.19,9,94,0.0,Clouds,overcast clouds,12
Újváros,46.660556,20.536111,2026-07-11 12:39:57.067203,33.32,31.07,33.32,33.32,1013,17,3.91,313,67,0.0,Clouds,broken clouds,12
Városi park,46.697778,19.864722,2026-07-11 12:39:58.221948,32.22,30.46,32.21,32.36,1013,24,6.38,323,10,0.0,Clear,clear sky,12
Belsőkamaráspuszta,46.341944,20.848889,2026-07-11 12:39:59.375639,30.59,28.91,30.59,30.59,1014,24,0.82,315,0,0.0,Clear,clear sky,12
Sajószöged,47.945278,20.981667,2026-07-11 12:40:00.533246,26.59,26.59,23.52,26.94,1015,41,5.41,62,90,0.0,Clouds,overcast clouds,12
Kazincbarcika alsó,48.255278,20.649167,2026-07-11 12:40:01.691589,23.47,23.1,23.29,25.36,1015,47,3.61,90,96,1.0,Rain,light rain,12
Nyárjas,46.857778,19.923611,2026-07-11 12:40:02.845887,32.17,30.33,32.17,32.32,1013,23,5.25,316,0,0.0,Clear,clear sky,12
Pogonyipuszta,48.296389,20.381667,2026-07-11 12:40:04.003959,25.21,24.78,24.42,25.21,1015,38,2.99,92,57,0.0,Clouds,broken clouds,12
Sióvölgy,46.911103,18.076964,2026-07-11 12:40:05.165434,32.19,34.47,32.19,32.19,1014,49,3.09,286,0,0.0,Clear,clear sky,12
Répáspuszta,46.430278,17.847222,2026-07-11 12:40:06.320637,31.65,30.13,31.65,31.65,1014,27,5.63,336,29,0.0,Clouds,scattered clouds,12
Virányos,48.066667,21.527222,2026-07-11 12:40:07.478575,22.61,22.21,22.61,22.61,1015,49,3.86,63,64,0.0,Clouds,broken clouds,12
Füzesbokor,47.988611,21.6475,2026-07-11 12:40:08.635001,22.61,22.1,22.61,22.61,1015,45,3.78,57,90,0.0,Clouds,overcast clouds,12
Kunfehértó,46.355833,19.417222,2026-07-11 12:40:09.797773,30.62,29.05,30.62,30.62,1013,26,3.69,300,99,0.0,Clouds,overcast clouds,12
Erdőszél,46.329444,19.395,2026-07-11 12:40:10.952904,30.66,29.09,30.66,30.66,1013,26,3.52,302,99,0.0,Clouds,overcast clouds,12
Jánoshalma,46.293056,19.330278,2026-07-11 12:40:12.113247,30.95,29.36,30.95,30.95,1013,26,2.98,299,100,0.0,Clouds,overcast clouds,12
Mélykút,46.213056,19.370556,2026-07-11 12:40:13.269586,30.96,29.44,30.96,30.96,1013,27,2.25,295,100,0.0,Clouds,overcast clouds,12
Bácsalmás,46.118056,19.346389,2026-07-11 12:40:14.430084,31.26,29.74,31.26,31.26,1013,27,2.68,323,100,0.0,Clouds,overcast clouds,12
Almás,46.116216,19.328803,2026-07-11 12:40:15.598370,31.26,29.74,31.26,31.26,1013,27,2.68,323,100,0.0,Clouds,overcast clouds,12
Bácsbokod-Bácsborsód,46.115833,19.16,2026-07-11 12:40:16.753651,31.56,30.04,31.56,31.56,1013,27,2.7,334,91,0.0,Clouds,overcast clouds,12
Baja,46.187014,18.957602,2026-07-11 12:40:17.911121,32.04,30.36,32.04,32.04,1013,25,2.64,318,79,0.0,Clouds,broken clouds,12
Harkakötöny,46.458333,19.601944,2026-07-11 12:40:19.066689,28.73,27.38,28.73,28.73,1013,24,5.91,314,91,0.0,Clouds,overcast clouds,12
Tajó,46.473056,19.650556,2026-07-11 12:40:20.219027,28.77,27.41,28.77,28.77,1013,24,5.77,313,90,0.0,Clouds,overcast clouds,12
Kiskunmajsa,46.501667,19.728056,2026-07-11 12:40:21.372583,32.16,30.32,32.16,32.17,1013,23,6.19,316,81,0.0,Clouds,broken clouds,12
Jászszentlászló,46.565833,19.753611,2026-07-11 12:40:22.529916,32.18,30.79,32.18,32.19,1013,28,7.09,322,52,0.0,Clouds,broken clouds,12
Galambos,46.625,19.801111,2026-07-11 12:40:23.685105,32.21,30.83,32.21,32.21,1013,28,7.02,324,33,0.0,Clouds,scattered clouds,12
Pestszentimre,47.402222,19.188611,2026-07-11 12:40:24.836951,30.82,29.31,29.34,32.03,1014,27,5.21,318,39,0.0,Clouds,scattered clouds,12
Gyál felső,47.390278,19.204722,2026-07-11 12:40:25.994387,30.88,29.37,29.35,32.03,1014,27,5.24,317,43,0.0,Clouds,scattered clouds,12
Gyál,47.376667,19.219444,2026-07-11 12:40:27.149462,30.95,29.43,29.38,32.06,1014,27,5.24,317,43,0.0,Clouds,scattered clouds,12
Ócsa,47.301389,19.232222,2026-07-11 12:40:28.300121,29.39,27.85,27.78,29.39,1013,23,5.27,314,52,0.0,Clouds,broken clouds,12
Inárcs-Kakucs,47.247222,19.317778,2026-07-11 12:40:29.462104,28.48,27.16,28.48,28.48,1013,23,5.19,311,52,0.0,Clouds,broken clouds,12
Dabas,47.194722,19.328889,2026-07-11 12:40:30.626964,28.55,27.22,28.55,28.55,1013,23,5.07,312,46,0.0,Clouds,scattered clouds,12
Gyón,47.178333,19.355556,2026-07-11 12:40:31.779936,28.64,27.28,28.64,28.64,1013,23,5.03,313,43,0.0,Clouds,scattered clouds,12
Hernád,47.161389,19.4025,2026-07-11 12:40:32.935178,28.59,27.24,28.59,28.59,1013,23,4.85,313,29,0.0,Clouds,scattered clouds,12
Bakonygyirót,47.416389,17.811944,2026-07-11 12:40:34.088216,29.19,27.78,29.19,29.19,1015,25,5.24,334,0,0.0,Clear,clear sky,12
Vinye,47.360317,17.819635,2026-07-11 12:40:35.240008,28.76,27.44,28.76,28.76,1015,25,6.01,332,2,0.0,Clear,clear sky,12
Nemesgörzsöny,47.402924,17.376385,2026-07-11 12:40:36.396918,30.11,28.59,30.11,30.11,1015,26,5.78,310,0,0.0,Clear,clear sky,12
Rábahíd,47.438618,17.337525,2026-07-11 12:40:37.552640,30.08,28.62,30.08,30.08,1015,27,5.88,311,0,0.0,Clear,clear sky,12
Öskü,47.162222,18.076389,2026-07-11 12:40:38.708027,31.86,30.18,31.86,31.86,1014,25,5.93,325,19,0.0,Clouds,few clouds,12
Márkó,47.1275,17.813889,2026-07-11 12:40:39.870087,29.83,28.74,29.83,29.83,1015,32,5.95,323,11,0.0,Clouds,few clouds,12
Nemeskocs,47.203333,17.188889,2026-07-11 12:40:41.036584,30.69,29.18,30.69,30.69,1015,27,5.17,345,5,0.0,Clear,clear sky,12
Zalagyömörő,47.011111,17.220833,2026-07-11 12:40:42.192533,31.03,29.51,31.03,31.03,1014,27,6.97,345,21,0.0,Clouds,few clouds,12
Rigács,47.061667,17.199167,2026-07-11 12:40:43.352836,30.92,29.4,30.92,30.92,1015,27,6.97,345,20,0.0,Clouds,few clouds,12
Kemenespálfa,47.139722,17.183056,2026-07-11 12:40:44.510302,30.85,29.34,30.85,30.85,1015,27,6.17,346,14,0.0,Clouds,few clouds,12
Lentiszombathely,46.611389,16.5725,2026-07-11 12:40:45.666201,33.46,33.08,32.73,33.46,1014,33,1.8,102,14,0.0,Clouds,few clouds,12
Ortaháza,46.626667,16.685833,2026-07-11 12:40:46.827437,31.68,30.68,31.68,31.68,1015,32,1.02,63,3,0.0,Clear,clear sky,12
Rádiháza,46.654722,16.765833,2026-07-11 12:40:47.988312,31.61,30.6,31.61,31.61,1015,32,1.01,14,0,0.0,Clear,clear sky,12
Baktüttös,46.690833,16.826389,2026-07-11 12:40:49.142617,31.68,30.46,31.68,31.68,1014,30,1.86,337,0,0.0,Clear,clear sky,12
Budafa,46.851667,16.624722,2026-07-11 12:40:50.295017,31.66,30.44,31.66,31.66,1014,30,2.48,18,11,0.0,Clouds,few clouds,12
Zalapatakalja,46.845556,16.603889,2026-07-11 12:40:51.461011,31.68,30.46,31.68,31.68,1014,30,2.62,20,17,0.0,Clouds,few clouds,12
Tormásliget,47.430556,16.781667,2026-07-11 12:40:52.614568,30.86,29.99,30.86,30.86,1015,34,5.92,340,27,0.0,Clouds,scattered clouds,12
Belecska,46.64,18.411389,2026-07-11 12:40:53.779451,31.18,29.38,31.18,31.18,1014,23,5.47,324,5,0.0,Clear,clear sky,12
Almár,47.956111,20.356944,2026-07-11 12:40:54.940999,24.16,23.75,23.15,26.37,1015,43,3.09,355,89,0.0,Clouds,overcast clouds,12
Vasútmúzeum,47.543889,19.099444,2026-07-11 12:40:56.102105,31.04,29.52,29.39,32.07,1014,27,1.79,286,10,0.0,Clear,clear sky,12
Abda,47.690833,17.540556,2026-07-11 12:40:57.256527,29.46,28.04,29.46,29.46,1014,26,5.09,327,25,0.0,Clouds,scattered clouds,12
Vadaspark,47.526111,18.949167,2026-07-11 12:40:58.414263,28.45,27.29,27.58,30.27,1014,27,1.79,286,15,0.0,Clouds,few clouds,12
Barosstelep,47.398889,18.989167,2026-07-11 12:40:59.567879,31.51,29.99,29.45,32.13,1014,27,2.24,311,26,0.0,Clouds,scattered clouds,12
Fegyvernek-Örményes,47.194444,20.5575,2026-07-11 12:41:00.725919,27.8,26.87,27.8,27.8,1013,28,4.23,290,88,0.0,Clouds,overcast clouds,12
Zagyvapálfalva,48.068889,19.785,2026-07-11 12:41:01.887636,31.32,31.04,31.32,31.32,1014,38,3.4,307,29,0.0,Clouds,scattered clouds,12
Salgótarján,48.105556,19.807222,2026-07-11 12:41:03.039401,31.18,31.0,31.18,31.18,1014,39,2.44,323,49,0.0,Clouds,scattered clouds,12
Szabadisóstó,46.933889,18.118056,2026-07-11 12:41:04.198992,32.17,34.43,32.17,32.17,1014,49,3.67,288,3,0.0,Clear,clear sky,12
Siófok,46.907778,18.053889,2026-07-11 12:41:05.357915,32.17,34.43,32.17,32.17,1014,49,3.09,286,0,0.0,Clear,clear sky,12
Balatonszéplak felső,46.898056,18.018056,2026-07-11 12:41:06.521801,32.17,34.43,32.17,32.17,1014,49,2.79,286,0,0.0,Clear,clear sky,12
Balatonszéplak alsó,46.891944,17.993333,2026-07-11 12:41:07.676085,32.17,34.43,32.17,32.17,1014,49,2.67,286,0,0.0,Clear,clear sky,12
Zamárdi felső,46.886111,17.969444,2026-07-11 12:41:08.835618,32.18,34.45,31.04,32.18,1014,49,2.6,287,0,0.0,Clear,clear sky,12
Zamárdi,46.88,17.944722,2026-07-11 12:41:09.997291,32.12,34.34,30.97,32.12,1014,49,2.6,287,0,0.0,Clear,clear sky,12
Szántód,46.861944,17.899167,2026-07-11 12:41:11.151524,32.19,34.47,31.05,32.19,1014,49,2.48,288,1,0.0,Clear,clear sky,12
Szőny-Déli,47.735278,18.141944,2026-07-11 12:41:12.308720,30.62,28.99,30.62,30.62,1014,25,5.12,335,17,0.0,Clouds,few clouds,12
Várpalota,47.194444,18.149167,2026-07-11 12:41:13.467430,28.98,27.54,28.98,28.98,1014,23,6.72,332,25,0.0,Clouds,scattered clouds,12
Pétfürdő,47.1675,18.121389,2026-07-11 12:41:14.622235,31.99,30.15,31.99,31.99,1014,23,6.35,329,23,0.0,Clouds,few clouds,12
Hajmáskér,47.141111,18.009444,2026-07-11 12:41:15.778776,31.77,30.09,30.62,31.77,1014,25,5.94,325,17,0.0,Clouds,few clouds,12
Veszprém,47.118889,17.91,2026-07-11 12:41:16.931816,30.42,29.32,30.42,31.56,1014,32,5.63,322,12,0.0,Clouds,few clouds,12
Herend,47.136944,17.760278,2026-07-11 12:41:18.085118,29.6,28.53,29.6,29.6,1015,32,6.09,324,10,0.0,Clear,clear sky,12
Városlőd,47.144167,17.652778,2026-07-11 12:41:19.244922,29.77,28.69,29.77,29.77,1015,32,6.76,324,6,0.0,Clear,clear sky,12
Városlőd-Kislőd,47.133889,17.631111,2026-07-11 12:41:20.397354,29.88,28.79,29.88,29.88,1015,32,6.7,325,7,0.0,Clear,clear sky,12
Ajka,47.105902,17.572938,2026-07-11 12:41:21.556935,30.18,29.08,30.18,30.18,1015,32,7.03,329,6,0.0,Clear,clear sky,12
Ajka-Gyártelep,47.096806,17.555219,2026-07-11 12:41:22.714455,30.23,29.13,30.23,30.23,1015,32,7.03,329,6,0.0,Clear,clear sky,12
Devecser,47.1125,17.435278,2026-07-11 12:41:23.869747,30.64,29.55,30.64,30.64,1015,32,7.3,332,8,0.0,Clear,clear sky,12
Somlóvásárhely,47.124444,17.369167,2026-07-11 12:41:25.074225,30.75,29.17,30.75,30.75,1015,26,7.09,335,11,0.0,Clouds,few clouds,12
Tüskevár,47.128611,17.331389,2026-07-11 12:41:26.256010,30.78,29.2,30.78,30.78,1015,26,6.99,336,12,0.0,Clouds,few clouds,12
Karakószörcsök,47.133611,17.287778,2026-07-11 12:41:27.699982,30.7,29.13,30.7,30.7,1015,26,6.86,338,13,0.0,Clouds,few clouds,12
Kerta,47.151944,17.237222,2026-07-11 12:41:29.126763,30.8,29.29,30.8,30.8,1015,27,6.02,344,11,0.0,Clouds,few clouds,12
Boba,47.183333,17.191389,2026-07-11 12:41:30.602393,30.73,29.22,30.73,30.73,1015,27,5.48,346,8,0.0,Clear,clear sky,12
Börgönd,47.140278,18.515,2026-07-11 12:41:31.897119,29.26,27.68,29.26,29.26,1013,21,6.1,326,9,0.0,Clear,clear sky,12
Belsőbáránd,47.102778,18.499722,2026-07-11 12:41:33.159776,29.37,27.74,29.37,29.37,1013,20,5.88,324,9,0.0,Clear,clear sky,12
Zichyújfalu,47.124444,18.6725,2026-07-11 12:41:34.312189,29.08,27.55,29.08,29.08,1013,21,6.11,325,28,0.0,Clouds,scattered clouds,12
Seregélyes,47.121111,18.580556,2026-07-11 12:41:35.466392,29.36,27.76,29.36,29.36,1013,21,6.12,326,11,0.0,Clouds,few clouds,12
Polgárdi-Ipartelepek,47.079167,18.314444,2026-07-11 12:41:36.626289,31.8,29.79,31.8,31.8,1014,20,5.4,314,18,0.0,Clouds,few clouds,12
Polgárdi,47.07,18.284167,2026-07-11 12:41:37.785757,31.8,29.79,31.8,31.8,1014,20,5.4,314,18,0.0,Clouds,few clouds,12
Füle,47.05,18.255278,2026-07-11 12:41:38.940315,31.77,29.82,31.77,31.77,1014,21,5.13,308,18,0.0,Clouds,few clouds,12
Zánka-Erzsébettábor,46.8775,17.709167,2026-07-11 12:41:40.094350,30.98,29.81,30.98,32.12,1014,31,2.73,306,9,0.0,Clear,clear sky,12
Csajág,47.033889,18.186389,2026-07-11 12:41:41.260218,32.01,34.14,32.01,32.01,1014,49,4.54,300,14,0.0,Clouds,few clouds,12
Balatonakarattya,47.017222,18.167778,2026-07-11 12:41:42.420298,31.86,33.88,31.86,31.86,1014,49,4.54,300,14,0.0,Clouds,few clouds,12
Csittényhegy,47.025278,18.1375,2026-07-11 12:41:43.574136,32.08,34.27,32.08,32.08,1014,49,4.37,300,13,0.0,Clouds,few clouds,12
Balatonkenese,47.0325,18.105556,2026-07-11 12:41:44.730631,32.16,34.42,32.16,32.16,1014,49,4.2,300,12,0.0,Clouds,few clouds,12
Balatonfűzfő,47.060278,18.0425,2026-07-11 12:41:45.891368,32.19,34.47,31.04,32.19,1014,49,4.18,308,10,0.0,Clear,clear sky,12
Balatonalmádi,47.028333,18.015,2026-07-11 12:41:47.063267,32.16,34.42,31.02,32.16,1014,49,3.83,303,8,0.0,Clear,clear sky,12
Káptalanfüred,47.008889,18.003889,2026-07-11 12:41:48.225189,32.19,34.47,31.04,32.19,1014,49,3.48,300,6,0.0,Clear,clear sky,12
Alsóörs,46.985278,17.974722,2026-07-11 12:41:49.384036,32.2,34.49,31.06,32.2,1014,49,3.48,300,6,0.0,Clear,clear sky,12
Csopak,46.974722,17.931111,2026-07-11 12:41:50.538407,32.07,34.25,30.93,32.07,1014,49,3.27,304,6,0.0,Clear,clear sky,12
Balatonarács,46.9625,17.8975,2026-07-11 12:41:51.692020,31.97,34.07,30.83,31.97,1014,49,3.27,304,6,0.0,Clear,clear sky,12
Balatonfüred,46.955833,17.883056,2026-07-11 12:41:52.846713,32.04,34.2,30.9,32.04,1014,49,3.1,303,6,0.0,Clear,clear sky,12
Aszófő,46.925556,17.8325,2026-07-11 12:41:54.004153,32.14,34.38,30.99,32.14,1014,49,2.96,302,7,0.0,Clear,clear sky,12
Örvényes,46.9125,17.818056,2026-07-11 12:41:55.162344,32.16,34.42,31.01,32.16,1014,49,2.96,302,7,0.0,Clear,clear sky,12
Balatonudvari,46.904722,17.808056,2026-07-11 12:41:56.320777,31.05,29.98,31.05,32.19,1014,32,3.09,305,8,0.0,Clear,clear sky,12
Fövenyes,46.893611,17.789444,2026-07-11 12:41:57.476966,31.06,29.7,31.06,32.21,1014,29,2.82,300,7,0.0,Clear,clear sky,12
Balatonakali-Dörgicse,46.88,17.747778,2026-07-11 12:41:58.631433,31.06,29.7,31.06,32.2,1014,29,2.92,304,8,0.0,Clear,clear sky,12
Zánka-Köveskál,46.872778,17.687778,2026-07-11 12:41:59.792229,31.05,29.98,31.05,32.19,1014,32,2.76,311,9,0.0,Clear,clear sky,12
Balatonszepezd,46.851111,17.663056,2026-07-11 12:42:00.947730,31.05,30.09,31.05,31.05,1014,33,2.4,306,7,0.0,Clear,clear sky,12
Szepezdfürdő,46.839722,17.649444,2026-07-11 12:42:02.103381,31.02,30.05,31.02,31.02,1014,33,2.37,312,7,0.0,Clear,clear sky,12
Révfülöp,46.829167,17.632222,2026-07-11 12:42:03.263941,31.03,30.07,31.03,31.03,1014,33,2.37,312,7,0.0,Clear,clear sky,12
Balatonrendes,46.824722,17.582778,2026-07-11 12:42:04.429512,31.03,30.29,31.03,31.03,1014,35,2.0,335,5,0.0,Clear,clear sky,12
Ábrahámhegy,46.815,17.572222,2026-07-11 12:42:05.588205,30.99,30.25,30.99,30.99,1014,35,2.0,335,5,0.0,Clear,clear sky,12
Badacsonyörs,46.805556,17.531667,2026-07-11 12:42:06.746329,31.05,30.2,31.05,31.05,1014,34,2.09,343,5,0.0,Clear,clear sky,12
Kisújszállás,47.223889,20.751111,2026-07-11 12:42:07.902550,27.38,26.62,27.38,27.38,1014,29,3.81,290,85,0.0,Clouds,overcast clouds,12
Karcag,47.303333,20.928056,2026-07-11 12:42:09.055134,26.75,26.3,26.75,26.75,1014,31,3.56,296,100,0.0,Clouds,overcast clouds,12
Püspökladány,47.3275,21.128889,2026-07-11 12:42:10.211235,26.48,26.48,26.48,26.48,1014,31,3.29,302,100,0.0,Clouds,overcast clouds,12
Kaba,47.368889,21.259444,2026-07-11 12:42:11.364113,26.3,26.3,26.3,26.3,1014,31,3.7,307,100,0.0,Clouds,overcast clouds,12
Hajdúszoboszló,47.429444,21.406944,2026-07-11 12:42:12.519474,25.97,25.97,25.97,25.97,1014,32,4.71,320,100,0.0,Clouds,overcast clouds,12
Ebes,47.462778,21.488889,2026-07-11 12:42:13.672258,25.84,25.32,25.84,25.84,1014,32,4.48,325,100,0.0,Clouds,overcast clouds,12
Debrecen,47.520278,21.628611,2026-07-11 12:42:14.826530,25.57,25.04,25.57,25.57,1014,33,3.46,350,87,0.0,Clouds,overcast clouds,12
Debrecen-Csapókert,47.540556,21.648056,2026-07-11 12:42:15.989492,25.3,24.77,25.3,25.3,1014,34,3.28,6,84,0.0,Clouds,broken clouds,12
Apafa,47.584045,21.655858,2026-07-11 12:42:17.149372,25.08,24.56,25.08,25.08,1014,35,3.31,16,85,0.0,Clouds,overcast clouds,12
Bocskaikert,47.6425,21.666389,2026-07-11 12:42:18.307711,24.39,23.88,24.39,24.39,1015,38,3.72,45,94,0.0,Clouds,overcast clouds,12
Hajdúhadház,47.686944,21.679167,2026-07-11 12:42:19.460292,24.3,23.8,24.3,24.3,1015,39,4.03,55,95,0.0,Clouds,overcast clouds,12
Téglás,47.714722,21.684722,2026-07-11 12:42:20.616485,24.19,23.71,24.19,24.19,1015,40,4.19,60,99,0.0,Clouds,overcast clouds,12
Újfehértó,47.814444,21.706389,2026-07-11 12:42:21.853437,23.99,23.57,23.99,23.99,1015,43,4.37,69,100,0.0,Clouds,overcast clouds,12
Nyíregyháza,47.946667,21.705556,2026-07-11 12:42:23.010162,23.9,23.52,23.9,23.9,1015,45,3.85,61,100,0.0,Clouds,overcast clouds,12
Sóstó,47.998051,21.729047,2026-07-11 12:42:24.169169,22.59,22.08,22.59,22.59,1015,45,3.59,55,95,0.0,Clouds,overcast clouds,12
Sóstóhegy,48.012222,21.742778,2026-07-11 12:42:25.324712,22.59,22.08,22.59,22.59,1015,45,3.61,52,89,0.0,Clouds,overcast clouds,12
Kemecse,48.065556,21.801667,2026-07-11 12:42:26.476974,23.77,23.4,23.77,23.77,1015,46,3.73,48,75,0.0,Clouds,broken clouds,12
Nyírbogdány,48.082222,21.855278,2026-07-11 12:42:27.647813,23.68,23.28,23.68,23.68,1016,45,3.86,46,66,0.0,Clouds,broken clouds,12
Kék,48.093333,21.883889,2026-07-11 12:42:28.818519,23.68,23.28,23.68,23.68,1016,45,3.72,45,67,0.0,Clouds,broken clouds,12
Demecser,48.111667,21.926667,2026-07-11 12:42:29.981927,23.64,23.23,23.64,23.64,1016,45,3.9,40,57,0.0,Clouds,broken clouds,12
Gégény,48.128333,21.951944,2026-07-11 12:42:31.134600,23.57,23.16,23.57,23.57,1016,45,4.13,35,47,0.0,Clouds,scattered clouds,12
Pátroha,48.158611,21.996667,2026-07-11 12:42:32.287511,23.54,23.12,23.54,23.54,1016,45,4.4,29,38,0.0,Clouds,scattered clouds,12
Ajak,48.1865,22.048972,2026-07-11 12:42:33.445605,23.48,23.06,23.48,23.48,1016,45,4.7,24,31,0.0,Clouds,scattered clouds,12
Kisvárda,48.208333,22.078333,2026-07-11 12:42:34.599972,23.44,23.01,23.44,23.44,1016,45,4.99,18,31,0.0,Clouds,scattered clouds,12
Kisvárda-Hármasút,48.228333,22.091944,2026-07-11 12:42:35.754118,23.44,23.01,23.44,23.44,1016,45,4.99,18,31,0.0,Clouds,scattered clouds,12
Fényeslitke,48.267222,22.107222,2026-07-11 12:42:36.912495,23.28,22.86,23.28,23.28,1016,46,5.34,16,21,0.0,Clouds,few clouds,12
Komoró,48.305278,22.118056,2026-07-11 12:42:38.075772,23.26,22.87,23.26,23.26,1016,47,5.32,15,16,0.0,Clouds,few clouds,12
Tuzsér,48.342222,22.131667,2026-07-11 12:42:39.238434,23.12,22.74,23.12,23.12,1016,48,4.94,16,9,0.0,Clear,clear sky,12
Tiszabezdéd,48.371389,22.145,2026-07-11 12:42:40.392316,23.06,22.7,23.06,23.06,1016,49,4.62,14,11,0.0,Clouds,few clouds,12
Záhony,48.402222,22.183611,2026-07-11 12:42:41.548019,22.97,22.63,22.97,22.97,1016,50,4.22,13,13,0.0,Clouds,few clouds,12
Karcag-Vásártér,47.3225,20.9075,2026-07-11 12:42:42.702985,26.75,26.3,26.75,26.75,1014,31,3.56,296,100,0.0,Clouds,overcast clouds,12
Berekfürdő,47.374722,20.827222,2026-07-11 12:42:43.864421,26.62,26.62,26.62,26.62,1014,32,4.44,299,100,0.0,Clouds,overcast clouds,12
Kunmadaras,47.415278,20.793056,2026-07-11 12:42:45.018719,26.43,26.43,26.43,26.43,1014,33,4.91,303,100,0.0,Clouds,overcast clouds,12
Tiszaszentimre,47.490833,20.733056,2026-07-11 12:42:46.180583,26.2,26.2,26.2,26.2,1014,34,5.25,309,100,0.0,Clouds,overcast clouds,12
Tiszaszőlős,47.555556,20.728056,2026-07-11 12:42:47.336971,25.97,25.97,25.97,25.97,1014,35,5.08,313,100,0.0,Clouds,overcast clouds,12
Hosszúhát,47.235556,21.101944,2026-07-11 12:42:48.507104,26.9,26.36,26.9,26.9,1014,30,2.3,276,95,0.0,Clouds,overcast clouds,12
Szerep,47.234444,21.145833,2026-07-11 12:42:49.661803,26.86,26.33,26.86,26.86,1014,30,2.23,274,95,0.0,Clouds,overcast clouds,12
Sárrétudvari,47.231667,21.180833,2026-07-11 12:42:50.826730,26.81,26.3,26.81,26.81,1014,30,2.2,271,95,0.0,Clouds,overcast clouds,12
Biharnagybajom,47.208889,21.221944,2026-07-11 12:42:51.984506,26.91,26.36,26.91,26.91,1014,30,2.32,262,88,0.0,Clouds,overcast clouds,12
Füzesgyarmat,47.113056,21.194444,2026-07-11 12:42:53.141893,27.78,26.81,27.78,27.78,1014,27,3.34,266,50,0.0,Clouds,scattered clouds,12
Füzesgyarmatfürdő,47.093787,21.201582,2026-07-11 12:42:54.297507,27.78,26.81,27.78,27.78,1014,27,3.34,266,50,0.0,Clouds,scattered clouds,12
Báránd,47.299722,21.235278,2026-07-11 12:42:55.457390,26.48,26.48,26.48,26.48,1014,31,2.7,294,100,0.0,Clouds,overcast clouds,12
Sáp,47.259722,21.360556,2026-07-11 12:42:56.619700,26.6,26.6,26.6,26.6,1014,30,2.33,273,99,0.0,Clouds,overcast clouds,12
Berettyóújfalu,47.211944,21.535556,2026-07-11 12:42:57.779540,26.79,26.25,26.79,26.79,1014,29,3.23,265,95,0.0,Clouds,overcast clouds,12
Mezőpeterd,47.176111,21.625278,2026-07-11 12:42:58.941818,29.17,27.96,29.17,29.17,1014,29,3.87,261,100,0.0,Clouds,overcast clouds,12
Biharkeresztes,47.135556,21.721389,2026-07-11 12:43:00.104416,29.14,27.83,29.14,29.14,1014,27,4.3,256,100,0.0,Clouds,overcast clouds,12
Tócóvölgy,47.529444,21.588889,2026-07-11 12:43:01.259655,25.58,25.06,25.58,25.58,1014,33,3.69,345,91,0.0,Clouds,overcast clouds,12
Sáregres,46.7825,18.588889,2026-07-11 12:43:02.419246,30.46,28.65,30.46,30.46,1014,21,3.75,293,0,0.0,Clear,clear sky,12
Simontornya,46.756582,18.540674,2026-07-11 12:43:03.570564,30.59,28.76,30.59,30.59,1014,21,4.06,295,0,0.0,Clear,clear sky,12
Tolnanémedi,46.727778,18.475833,2026-07-11 12:43:04.726784,30.79,28.98,30.79,30.79,1014,22,4.24,300,0,0.0,Clear,clear sky,12
Pincehely,46.681389,18.43,2026-07-11 12:43:05.883530,30.86,29.09,30.86,30.86,1014,23,4.84,314,1,0.0,Clear,clear sky,12
Keszőhidegkút-Gyönk,46.597778,18.426111,2026-07-11 12:43:07.040518,31.17,29.43,31.17,31.17,1014,24,5.79,327,8,0.0,Clear,clear sky,12
Szárazd,46.575556,18.420833,2026-07-11 12:43:08.197576,31.3,29.56,31.3,31.3,1014,24,6.06,330,12,0.0,Clouds,few clouds,12
Regöly,46.568889,18.396111,2026-07-11 12:43:09.353743,31.3,29.56,31.3,31.3,1014,24,6.06,330,12,0.0,Clouds,few clouds,12
Szakály-Hőgyész,46.523611,18.389444,2026-07-11 12:43:10.509240,31.37,29.69,31.37,31.37,1014,25,6.34,333,25,0.0,Clouds,scattered clouds,12
Dúzs,46.493889,18.377222,2026-07-11 12:43:11.664575,31.46,29.78,31.46,31.46,1014,25,6.25,333,31,0.0,Clouds,scattered clouds,12
Csibrák,46.466667,18.336389,2026-07-11 12:43:12.819540,31.6,30.0,31.6,31.6,1014,26,6.02,333,41,0.0,Clouds,scattered clouds,12
Kurd,46.449167,18.319167,2026-07-11 12:43:13.976108,31.3,29.7,31.3,31.3,1014,26,5.65,331,47,0.0,Clouds,scattered clouds,12
Döbrököz,46.418889,18.255,2026-07-11 12:43:15.134969,31.68,30.16,31.68,31.68,1014,27,5.12,328,55,0.0,Clouds,broken clouds,12
Dombóvár,46.37,18.149722,2026-07-11 12:43:16.298647,31.84,30.43,31.84,31.84,1014,28,3.89,315,52,0.0,Clouds,broken clouds,12
Dombóvár alsó,46.363889,18.134167,2026-07-11 12:43:17.451241,31.84,30.43,31.84,31.84,1014,28,3.89,315,52,0.0,Clouds,broken clouds,12
Somoskőújfalu,48.154722,19.815556,2026-07-11 12:43:18.609335,23.0,22.4,23.0,23.0,1014,40,1.98,352,70,0.0,Clouds,broken clouds,12
Jászfényszaru,47.593056,19.754444,2026-07-11 12:43:19.774082,27.4,26.68,27.4,27.4,1013,30,5.69,309,88,0.0,Clouds,overcast clouds,12
Pusztamonostor,47.564444,19.794167,2026-07-11 12:43:20.930742,32.16,31.0,32.16,32.16,1013,30,5.59,308,93,0.0,Clouds,overcast clouds,12
Jászberény,47.494444,19.893333,2026-07-11 12:43:22.088137,32.26,31.11,32.26,32.26,1013,30,5.45,305,89,0.0,Clouds,overcast clouds,12
Meggyespele,47.441944,19.938889,2026-07-11 12:43:23.249439,32.28,30.61,32.28,32.28,1013,25,5.44,303,74,0.0,Clouds,broken clouds,12
Portelek,47.418056,19.958889,2026-07-11 12:43:24.403163,32.3,30.63,32.3,32.3,1013,25,5.52,301,65,0.0,Clouds,broken clouds,12
Jászboldogháza-Jánoshida,47.366944,20.001389,2026-07-11 12:43:25.562516,32.29,30.62,32.29,32.29,1013,25,5.68,297,44,0.0,Clouds,scattered clouds,12
Jászárokszállás,47.635556,19.971111,2026-07-11 12:43:26.721656,32.21,31.31,32.21,32.21,1014,32,5.22,310,98,0.0,Clouds,overcast clouds,12
Jászdózsa,47.563056,20.028056,2026-07-11 12:43:27.880223,27.13,26.58,27.13,27.13,1014,32,5.23,310,99,0.0,Clouds,overcast clouds,12
Jászapáti,47.513611,20.155,2026-07-11 12:43:29.039865,26.99,26.53,26.99,26.99,1014,33,5.4,313,98,0.0,Clouds,overcast clouds,12
Jászkisér,47.456111,20.203333,2026-07-11 12:43:30.192697,27.12,26.58,27.12,27.12,1014,32,5.53,312,87,0.0,Clouds,overcast clouds,12
Jászladány,47.373333,20.159167,2026-07-11 12:43:31.352579,32.34,31.09,32.34,32.34,1013,29,5.67,298,45,0.0,Clouds,scattered clouds,12
Szászberek,47.320556,20.090833,2026-07-11 12:43:32.506265,32.33,30.66,29.43,32.33,1013,25,5.82,292,25,0.0,Clouds,scattered clouds,12
Gyöngyöshalász,47.743056,19.932222,2026-07-11 12:43:33.671116,31.99,30.31,31.99,31.99,1014,25,5.36,310,74,0.0,Clouds,broken clouds,12
Gyöngyös,47.783056,19.937222,2026-07-11 12:43:34.828942,31.71,30.03,31.71,31.71,1014,25,5.38,308,72,0.0,Clouds,broken clouds,12
Erdőtelek,47.683333,20.3025,2026-07-11 12:43:35.986673,26.03,26.03,26.03,26.03,1014,36,4.58,290,100,0.0,Clouds,overcast clouds,12
Heves,47.609444,20.306111,2026-07-11 12:43:37.153316,26.36,26.36,26.36,26.36,1014,35,5.15,305,100,0.0,Clouds,overcast clouds,12
Hevesvezekény,47.562222,20.365833,2026-07-11 12:43:38.313653,26.32,26.32,26.32,26.32,1014,35,5.4,307,100,0.0,Clouds,overcast clouds,12
Tarnaszentmiklós,47.546944,20.390833,2026-07-11 12:43:39.468130,26.43,26.43,26.43,26.43,1014,35,5.58,310,100,0.0,Clouds,overcast clouds,12
Kisköre,47.495556,20.481667,2026-07-11 12:43:40.630458,26.48,26.48,26.48,26.48,1014,34,5.72,312,99,0.0,Clouds,overcast clouds,12
Abádszalók,47.455278,20.553056,2026-07-11 12:43:41.784661,26.53,26.53,26.53,26.53,1014,34,5.64,312,96,0.0,Clouds,overcast clouds,12
Kunhegyes,47.376667,20.641111,2026-07-11 12:43:42.936681,26.74,26.34,26.74,26.74,1014,32,5.04,303,97,0.0,Clouds,overcast clouds,12
Kenderes,47.254444,20.686111,2026-07-11 12:43:44.092620,27.36,26.65,27.36,27.36,1013,30,4.15,292,90,0.0,Clouds,overcast clouds,12
Maklár,47.808056,20.404722,2026-07-11 12:43:45.247910,24.57,24.1,24.57,24.57,1014,39,3.07,276,93,0.0,Clouds,overcast clouds,12
Andornaktálya,47.852203,20.402295,2026-07-11 12:43:46.405524,24.51,24.09,24.51,26.65,1014,41,2.17,300,84,0.0,Clouds,broken clouds,12
Eger,47.891667,20.381667,2026-07-11 12:43:47.578844,24.42,23.99,23.34,26.56,1015,41,2.48,315,88,0.0,Clouds,overcast clouds,12
Egervár,47.908056,20.380556,2026-07-11 12:43:48.733239,24.22,23.82,23.15,26.38,1015,43,2.5,332,86,0.0,Clouds,overcast clouds,12
Eger-Felnémet,47.936667,20.370556,2026-07-11 12:43:49.886405,24.24,23.84,23.21,26.43,1015,43,2.68,348,84,0.0,Clouds,broken clouds,12
Szarvaskő,47.988611,20.3325,2026-07-11 12:43:51.045084,23.87,23.44,22.8,24.67,1015,43,3.3,5,88,0.0,Clouds,overcast clouds,12
Mónosbél,48.031944,20.33,2026-07-11 12:43:52.199626,23.73,23.28,22.62,24.49,1015,43,3.56,21,87,0.0,Clouds,overcast clouds,12
Bélapátfalva,48.055556,20.340556,2026-07-11 12:43:53.351274,23.48,22.98,22.32,24.2,1015,42,3.6,29,86,0.0,Clouds,overcast clouds,12
Bélapátfalvi Cementgyár,48.058056,20.355,2026-07-11 12:43:54.506592,23.4,22.89,22.28,24.15,1015,42,3.6,29,86,0.0,Clouds,overcast clouds,12
Szilvásvárad,48.11345,20.37919,2026-07-11 12:43:55.662444,23.44,22.91,22.15,24.02,1015,41,3.63,49,80,0.0,Clouds,broken clouds,12
Hejőkeresztúr,47.960278,20.869444,2026-07-11 12:43:56.818378,26.65,26.65,23.49,26.91,1015,42,1.34,159,91,0.0,Clouds,overcast clouds,12
Tiszaújváros,47.926111,21.030556,2026-07-11 12:43:57.982432,26.71,26.7,26.71,26.96,1015,41,5.32,63,91,0.0,Clouds,overcast clouds,12
Miskolc-Gömöri,48.106667,20.800278,2026-07-11 12:43:59.137770,23.87,23.67,23.39,26.81,1015,52,5.18,70,100,0.0,Clouds,overcast clouds,12
Sajókeresztúr,48.168008,20.774014,2026-07-11 12:44:00.294370,23.41,23.29,23.34,26.75,1015,57,4.56,75,100,0.0,Clouds,overcast clouds,12
Sajóecseg,48.186111,20.766667,2026-07-11 12:44:01.448967,23.46,23.35,23.38,26.79,1015,57,4.2,77,100,0.0,Clouds,overcast clouds,12
Sajószentpéter,48.222222,20.708056,2026-07-11 12:44:02.601397,23.33,23.21,23.28,24.55,1015,57,3.9,82,100,0.27,Rain,light rain,12
Kazincbarcika,48.264444,20.6275,2026-07-11 12:44:03.758924,23.41,23.01,23.28,25.35,1015,46,3.35,95,93,2.66,Rain,moderate rain,12
Sajókaza,48.272778,20.581944,2026-07-11 12:44:04.910920,25.19,24.97,23.28,25.34,1015,46,3.35,96,91,0.19,Rain,light rain,12
Vadna,48.276389,20.555278,2026-07-11 12:44:06.062876,25.15,24.92,23.26,25.32,1015,46,3.35,96,91,0.0,Clouds,overcast clouds,12
Dubicsány,48.280833,20.504722,2026-07-11 12:44:07.215672,25.12,24.68,23.24,25.31,1015,38,3.29,96,82,0.0,Clouds,broken clouds,12
Raposka,46.851389,17.412778,2026-07-11 12:44:08.371537,30.94,29.67,30.94,30.94,1014,30,3.22,356,7,0.0,Clear,clear sky,12
Ivacs,47.641944,19.273889,2026-07-11 12:44:09.528268,28.65,27.36,27.41,29.01,1014,25,6.12,300,14,0.0,Clouds,few clouds,12
Kisköre-Tiszahíd,47.480835,20.507698,2026-07-11 12:44:10.684878,26.6,26.6,26.6,26.6,1014,34,5.68,313,96,0.0,Clouds,overcast clouds,12
Rozsály,47.912778,22.7825,2026-07-11 12:44:11.840647,23.92,23.46,23.92,23.92,1016,42,3.02,24,87,0.0,Clouds,overcast clouds,12
Pusztakettős,47.453611,20.749722,2026-07-11 12:44:12.994015,26.37,26.37,26.37,26.37,1014,33,5.09,305,100,0.0,Clouds,overcast clouds,12
Kisvác,47.795278,19.113611,2026-07-11 12:44:14.146434,31.61,30.09,28.12,31.61,1014,27,6.56,298,7,0.0,Clear,clear sky,12
Tiszafüred-Gyártelep,47.6075,20.736111,2026-07-11 12:44:15.303567,25.74,25.31,25.74,25.74,1014,36,4.62,318,100,0.0,Clouds,overcast clouds,12
Újkenéz,48.251111,22.221667,2026-07-11 12:44:16.463310,23.17,22.72,23.17,23.17,1016,45,5.19,11,53,0.0,Clouds,broken clouds,12
Püspökladány-Vásártér,47.319167,21.096111,2026-07-11 12:44:17.615363,26.56,26.56,26.56,26.56,1014,31,2.87,296,100,0.0,Clouds,overcast clouds,12
Végegyháza alsó,46.3675,20.866944,2026-07-11 12:44:18.767417,30.61,28.87,30.61,30.61,1014,23,1.13,314,0,0.0,Clear,clear sky,12
Orosháza felső,46.553611,20.655278,2026-07-11 12:44:19.931338,30.41,28.65,30.41,30.41,1013,22,0.94,346,44,0.0,Clouds,scattered clouds,12
Ambrózfalva,46.353056,20.740556,2026-07-11 12:44:21.084696,30.58,28.95,30.58,30.58,1014,25,0.5,89,11,0.0,Clouds,few clouds,12
Alsónyék,46.199444,18.738056,2026-07-11 12:44:22.236943,34.71,33.54,34.71,34.71,1013,26,3.61,292,97,0.0,Clouds,overcast clouds,12
Tompapuszta,46.321389,20.966389,2026-07-11 12:44:23.402230,30.61,37.61,30.6,31.19,1014,100,2.21,304,0,0.0,Clear,clear sky,12
Halászlak,46.911879,20.56228,2026-07-11 12:44:24.557654,29.27,27.84,29.27,29.27,1013,25,5.44,307,81,0.0,Clouds,broken clouds,12
Sirató,46.840556,20.61,2026-07-11 12:44:25.713584,29.54,28.06,29.54,29.54,1013,25,5.35,310,78,0.0,Clouds,broken clouds,12
Csabacsűd felső,46.829167,20.649167,2026-07-11 12:44:26.869258,29.48,28.01,29.48,29.48,1013,25,5.02,310,80,0.0,Clouds,broken clouds,12
Orosháza-Üveggyár,46.579979,20.683644,2026-07-11 12:44:28.022543,30.33,28.58,30.33,30.33,1013,22,1.38,337,39,0.0,Clouds,scattered clouds,12
Gyulai városerdő,46.69482,21.32281,2026-07-11 12:44:29.175516,29.97,28.72,29.97,29.97,1014,30,3.35,262,93,0.0,Clouds,overcast clouds,12
Kórógyszentgyörgy,46.564377,20.224998,2026-07-11 12:44:30.334303,33.34,31.08,33.34,35.03,1013,17,5.09,321,71,0.0,Clouds,broken clouds,12
Kunszállás,46.784444,19.767222,2026-07-11 12:44:31.485613,32.16,30.32,32.16,32.3,1013,23,5.42,321,0,0.0,Clear,clear sky,12
Selymes,46.655321,19.8534,2026-07-11 12:44:32.642534,32.22,30.84,32.22,32.23,1013,28,6.81,324,24,0.0,Clouds,few clouds,12
Petőfiszállási tanyák,46.587805,19.874509,2026-07-11 12:44:33.796820,32.26,30.88,32.26,32.27,1013,28,6.77,323,40,0.0,Clouds,scattered clouds,12
Kisteleki szőlők,46.514199,19.92868,2026-07-11 12:44:34.949990,32.25,30.34,32.25,32.25,1013,22,5.57,317,65,0.0,Clouds,broken clouds,12
Kapitányság,46.435336,19.987564,2026-07-11 12:44:36.110371,28.91,27.56,28.91,28.91,1013,25,4.04,298,90,0.0,Clouds,overcast clouds,12
Őszeszék,46.39025,20.016017,2026-07-11 12:44:37.268777,28.94,27.58,28.94,28.94,1013,25,3.76,277,100,0.0,Clouds,overcast clouds,12
Vilmaszállás,46.366389,20.030833,2026-07-11 12:44:38.427346,28.92,27.56,28.92,28.92,1013,25,3.58,267,100,0.0,Clouds,overcast clouds,12
Jánosszállás,46.334359,20.051199,2026-07-11 12:44:39.581601,28.95,27.59,28.95,28.95,1013,25,4.05,258,100,0.0,Clouds,overcast clouds,12
Felsőpakony,47.343056,19.230556,2026-07-11 12:44:40.733683,31.11,29.59,29.41,32.09,1013,27,5.25,315,50,0.0,Clouds,scattered clouds,12
Felsőméntelek,46.987074,19.557745,2026-07-11 12:44:41.887385,32.14,31.23,32.14,32.14,1013,32,4.27,315,7,0.0,Clear,clear sky,12
Alsóméntelek,46.961558,19.579121,2026-07-11 12:44:43.039173,32.17,31.26,32.17,32.17,1013,32,4.28,315,4,0.0,Clear,clear sky,12
Nagynyír,46.943319,19.585447,2026-07-11 12:44:44.196556,32.17,31.26,32.17,32.17,1013,32,2.24,239,2,0.0,Clear,clear sky,12
Úrihegy,46.917778,19.621389,2026-07-11 12:44:45.351821,32.19,31.29,32.04,32.19,1013,32,2.24,239,0,0.0,Clear,clear sky,12
Miklóstelep,46.913412,19.630913,2026-07-11 12:44:46.511851,32.21,31.31,32.06,32.21,1013,32,2.24,239,1,0.0,Clear,clear sky,12
Tiszajenő alsó,47.016944,20.134444,2026-07-11 12:44:47.670920,29.45,28.7,29.45,29.45,1013,36,3.58,306,39,0.0,Clouds,scattered clouds,12
Óbög,46.987222,20.111111,2026-07-11 12:44:48.823735,29.43,28.68,29.43,29.43,1013,36,5.34,304,33,0.0,Clouds,scattered clouds,12
Árpádszállás,46.866456,19.989163,2026-07-11 12:44:49.977266,32.22,30.46,32.21,32.36,1013,24,5.59,314,3,0.0,Clear,clear sky,12
Tőserdő,46.851111,19.980278,2026-07-11 12:44:51.134095,32.24,30.48,32.23,32.38,1013,24,5.78,315,1,0.0,Clear,clear sky,12
Tiszaalpár felső,46.836256,19.976753,2026-07-11 12:44:52.286456,32.28,30.52,32.26,33.28,1013,24,5.78,315,1,0.0,Clear,clear sky,12
Borsihalom,46.773056,19.92,2026-07-11 12:44:53.441680,32.26,30.5,32.25,33.27,1013,24,5.86,319,0,0.0,Clear,clear sky,12
Petőfiváros,46.725556,19.848611,2026-07-11 12:44:54.601927,32.22,30.46,32.21,32.36,1013,24,6.11,323,5,0.0,Clear,clear sky,12
Csorna,47.601944,17.248889,2026-07-11 12:44:55.757545,28.89,27.63,28.89,28.89,1015,27,6.15,307,9,0.0,Clear,clear sky,12
Szorgalmatos,47.986667,21.366389,2026-07-11 12:44:56.910299,22.64,22.24,22.64,22.64,1015,49,4.29,66,87,0.0,Clouds,overcast clouds,12
Fótfürdő,47.6225,19.200556,2026-07-11 12:44:58.065160,30.32,28.78,27.79,30.71,1014,26,5.56,303,11,0.0,Clouds,few clouds,12
Fenyveshegy,47.818333,19.068056,2026-07-11 12:44:59.218289,31.12,29.68,31.12,31.12,1014,28,6.45,299,6,0.0,Clear,clear sky,12
Hűvösvölgy,47.541202,18.96351,2026-07-11 12:45:00.379992,27.56,26.87,27.33,30.25,1014,32,3.58,307,13,0.0,Clouds,few clouds,12
Hárshegy,47.535318,18.961433,2026-07-11 12:45:01.528045,27.56,26.87,27.33,30.25,1014,32,3.58,307,13,0.0,Clouds,few clouds,12
Szépjuhászné,47.528277,18.955246,2026-07-11 12:45:02.681312,26.59,26.59,26.44,29.36,1014,32,3.58,307,15,0.0,Clouds,few clouds,12
Jánoshegy,47.51433,18.95047,2026-07-11 12:45:03.834017,26.56,26.56,26.35,29.27,1014,32,1.34,247,15,0.0,Clouds,few clouds,12
Virágvölgy,47.505965,18.95876,2026-07-11 12:45:04.994531,26.31,26.31,26.03,28.96,1014,32,1.34,247,18,0.0,Clouds,few clouds,12
Csillebérc,47.498196,18.961694,2026-07-11 12:45:06.147733,26.12,26.12,25.8,28.73,1014,32,1.34,247,18,0.0,Clouds,few clouds,12
Normafa,47.5,18.970558,2026-07-11 12:45:07.300612,26.17,26.17,25.85,28.78,1014,32,3.58,307,18,0.0,Clouds,few clouds,12
Széchenyihegy,47.49413,18.977049,2026-07-11 12:45:08.453411,26.27,26.27,25.87,28.8,1014,31,1.34,247,14,0.0,Clouds,few clouds,12
Balatonfőkajár felső,47.031389,18.215278,2026-07-11 12:45:09.612553,31.84,33.84,31.84,31.84,1014,49,4.71,301,15,0.0,Clouds,few clouds,12
Piroska,47.148333,20.129722,2026-07-11 12:45:10.767506,29.45,28.7,29.45,32.34,1013,36,3.58,306,18,0.0,Clouds,few clouds,12
Somodor,46.4725,17.836667,2026-07-11 12:45:11.924125,31.69,30.17,31.69,31.69,1014,27,5.85,337,22,0.0,Clouds,few clouds,12
Középmező,45.995833,18.668889,2026-07-11 12:45:13.076981,34.7,33.53,34.7,34.7,1013,26,4.83,282,83,0.0,Clouds,broken clouds,12
Jobbágyi,47.828889,19.6875,2026-07-11 12:45:14.239281,31.96,31.01,31.96,31.96,1014,32,5.26,308,21,0.0,Clouds,few clouds,12
Ferihegy,47.437222,19.223889,2026-07-11 12:45:15.402753,29.47,28.21,28.02,30.95,1014,29,5.24,318,34,0.0,Clouds,scattered clouds,12
Máriapócs,47.852778,22.019167,2026-07-11 12:45:16.563299,23.77,23.27,23.77,23.77,1015,41,2.75,60,58,0.0,Clouds,broken clouds,12
Máriaudvar,47.751944,19.165,2026-07-11 12:45:17.715663,31.08,29.56,28.15,31.08,1014,27,6.32,296,8,0.0,Clear,clear sky,12
Nagyberki,46.353333,18.004167,2026-07-11 12:45:18.870665,31.79,30.37,31.79,31.79,1014,28,3.96,320,45,0.0,Clouds,scattered clouds,12
Badacsonytomaj,46.804722,17.518056,2026-07-11 12:45:20.030122,30.31,29.39,30.31,30.31,1014,34,2.09,343,5,0.0,Clear,clear sky,12
Badacsony,46.788611,17.506389,2026-07-11 12:45:21.191032,30.49,29.58,30.49,30.49,1014,34,1.87,356,3,0.0,Clear,clear sky,12
Badacsonylábdihegy,46.793889,17.470833,2026-07-11 12:45:22.345428,30.49,29.58,30.49,30.49,1014,34,1.87,356,3,0.0,Clear,clear sky,12
Badacsonytördemic-Szigliget,46.809722,17.469167,2026-07-11 12:45:23.499889,30.48,29.57,30.48,30.48,1014,34,2.23,350,5,0.0,Clear,clear sky,12
Nemesgulács-Kisapáti,46.836944,17.476389,2026-07-11 12:45:24.660827,31.03,30.07,31.03,31.03,1014,33,2.74,345,6,0.0,Clear,clear sky,12
Tapolca,46.877778,17.428611,2026-07-11 12:45:25.816889,30.94,29.67,30.94,30.94,1014,30,3.85,351,9,0.0,Clear,clear sky,12
Uzsabánya alsó,46.898333,17.345278,2026-07-11 12:45:26.982338,30.11,28.71,30.11,30.11,1014,28,4.82,350,12,0.0,Clouds,few clouds,12
Uzsa,46.920278,17.331667,2026-07-11 12:45:28.138248,30.87,29.43,30.87,30.87,1014,28,5.47,346,14,0.0,Clouds,few clouds,12
Sümegi Bazaltbánya,46.9525,17.2925,2026-07-11 12:45:29.292803,30.94,29.42,30.94,30.94,1014,27,6.14,345,17,0.0,Clouds,few clouds,12
Sümeg,46.981111,17.270833,2026-07-11 12:45:30.450108,31.15,29.55,31.15,31.15,1014,26,6.61,346,20,0.0,Clouds,few clouds,12
Gógánfa,47.021111,17.207778,2026-07-11 12:45:31.606615,31.03,29.51,31.03,31.03,1014,27,6.97,345,21,0.0,Clouds,few clouds,12
Ukk,47.041944,17.195833,2026-07-11 12:45:32.758503,31.05,29.53,31.05,31.05,1015,27,6.82,347,20,0.0,Clouds,few clouds,12
Nemeskeresztúr,47.093611,17.183611,2026-07-11 12:45:33.911095,30.84,29.33,30.84,30.84,1015,27,6.46,346,17,0.0,Clouds,few clouds,12
Jánosháza,47.115833,17.171667,2026-07-11 12:45:35.065603,30.85,29.34,30.85,30.85,1015,27,6.17,346,14,0.0,Clouds,few clouds,12
Keszthely,46.758333,17.248056,2026-07-11 12:45:36.224817,31.77,30.17,31.77,31.77,1014,26,2.86,16,1,0.0,Clear,clear sky,12
Alsógyenes,46.765844,17.276435,2026-07-11 12:45:37.385744,31.59,30.07,31.59,31.59,1014,27,2.67,22,1,0.0,Clear,clear sky,12
Gyenesdiás,46.763333,17.292778,2026-07-11 12:45:38.537731,31.59,30.07,31.59,31.59,1014,27,2.67,22,1,0.0,Clear,clear sky,12
Vonyarcvashegy,46.755278,17.318333,2026-07-11 12:45:39.696687,30.85,29.41,30.85,30.85,1014,28,2.54,24,1,0.0,Clear,clear sky,12
Balatongyörök,46.751944,17.354444,2026-07-11 12:45:40.849947,31.24,29.89,31.24,31.24,1014,29,2.4,23,1,0.0,Clear,clear sky,12
Becehegy,46.776111,17.372778,2026-07-11 12:45:42.020410,30.03,28.78,30.03,30.03,1014,30,2.56,15,3,0.0,Clear,clear sky,12
Balatonederics,46.8025,17.385,2026-07-11 12:45:43.185793,29.93,28.69,29.93,29.93,1014,30,2.89,6,6,0.0,Clear,clear sky,12
Dabronc,47.025766,17.167006,2026-07-11 12:45:44.347312,31.11,29.59,31.11,31.11,1015,27,6.83,347,21,0.0,Clouds,few clouds,12
Türje,46.994444,17.093611,2026-07-11 12:45:45.499729,31.21,29.69,31.21,31.21,1014,27,6.42,350,20,0.0,Clouds,few clouds,12
Zalabér-Batyk,46.983056,17.040833,2026-07-11 12:45:46.659109,31.42,29.98,31.42,31.42,1015,28,5.69,354,16,0.0,Clouds,few clouds,12
Pakod,46.959167,16.996667,2026-07-11 12:45:47.815618,31.34,29.9,31.34,31.34,1015,28,5.47,355,14,0.0,Clouds,few clouds,12
Pókaszepetk,46.924444,16.972222,2026-07-11 12:45:48.972801,31.57,30.14,31.57,31.57,1014,28,5.05,353,12,0.0,Clouds,few clouds,12
Kemendollár,46.905833,16.946667,2026-07-11 12:45:50.129467,31.3,29.86,31.3,31.3,1014,28,4.81,354,10,0.0,Clear,clear sky,12
Zalaegerszeg,46.833056,16.848333,2026-07-11 12:45:51.285296,31.62,30.29,31.62,31.62,1014,29,2.96,357,0,0.0,Clear,clear sky,12
Bocfölde,46.780278,16.853611,2026-07-11 12:45:52.446952,31.74,30.42,31.74,31.74,1014,29,2.72,347,0,0.0,Clear,clear sky,12
Sárhida,46.755833,16.851389,2026-07-11 12:45:53.614807,31.02,29.75,31.02,31.02,1014,30,2.27,348,0,0.0,Clear,clear sky,12
Bak,46.7325,16.849167,2026-07-11 12:45:54.773222,31.46,30.22,31.46,31.46,1014,30,2.1,345,0,0.0,Clear,clear sky,12
Tófej,46.670833,16.801944,2026-07-11 12:45:55.925665,31.35,30.2,31.35,31.35,1015,31,1.55,345,0,0.0,Clear,clear sky,12
Gutorfölde,46.646944,16.739722,2026-07-11 12:45:57.078760,31.61,30.6,31.61,31.61,1015,32,1.01,14,0,0.0,Clear,clear sky,12
Csömödér-Páka,46.608056,16.641111,2026-07-11 12:45:58.235955,33.51,33.15,32.23,33.51,1015,33,1.16,86,6,0.0,Clear,clear sky,12
Iklódbördőce,46.603056,16.604722,2026-07-11 12:45:59.390879,33.51,33.15,32.22,33.51,1015,33,1.66,98,12,0.0,Clouds,few clouds,12
Lenti,46.621389,16.528611,2026-07-11 12:46:00.545814,33.45,32.89,32.17,33.45,1014,32,1.86,92,17,0.0,Clouds,few clouds,12
Rédics,46.618056,16.471111,2026-07-11 12:46:01.697695,33.45,33.07,32.16,33.45,1014,33,1.8,93,17,0.0,Clouds,few clouds,12
Zalalövő,46.845556,16.576389,2026-07-11 12:46:02.853301,31.65,30.53,31.65,31.65,1015,31,2.7,19,20,0.0,Clouds,few clouds,12
Zalaegerszeg-Ola,46.849167,16.844722,2026-07-11 12:46:04.018074,31.62,30.29,31.62,31.62,1014,29,2.96,357,0,0.0,Clear,clear sky,12
Andráshida,46.863116,16.7792,2026-07-11 12:46:05.171999,31.57,30.24,31.57,31.57,1014,29,3.04,2,0,0.0,Clear,clear sky,12
Bagod,46.875,16.746111,2026-07-11 12:46:06.331291,31.7,30.48,31.7,31.7,1014,30,2.76,9,2,0.0,Clear,clear sky,12
Zalaszentgyörgy,46.872222,16.7125,2026-07-11 12:46:07.497949,31.68,30.46,31.68,31.68,1014,30,2.68,11,4,0.0,Clear,clear sky,12
Zalacséb-Salomvár,46.858056,16.662222,2026-07-11 12:46:08.649476,31.47,30.23,31.47,31.47,1014,30,2.64,13,6,0.0,Clear,clear sky,12
Kópháza,47.631389,16.6375,2026-07-11 12:46:09.803003,28.44,27.71,28.44,30.77,1015,35,4.66,322,38,0.0,Clouds,scattered clouds,12
Nagycenk,47.601111,16.690278,2026-07-11 12:46:10.957910,28.55,27.74,28.55,30.88,1015,34,4.93,323,38,0.0,Clouds,scattered clouds,12
Sopronkövesd,47.548333,16.748056,2026-07-11 12:46:12.112851,30.71,29.93,28.38,30.71,1015,35,5.56,328,32,0.0,Clouds,scattered clouds,12
Lövő,47.509444,16.7775,2026-07-11 12:46:13.267696,30.75,29.97,28.42,30.75,1015,35,5.88,333,20,0.0,Clouds,few clouds,12
Újkér,47.457778,16.786667,2026-07-11 12:46:14.428389,30.77,30.0,30.77,30.77,1015,35,5.97,337,26,0.0,Clouds,scattered clouds,12
Bük,47.388611,16.752222,2026-07-11 12:46:15.581741,30.83,30.06,30.83,30.83,1015,35,5.63,341,40,0.0,Clouds,scattered clouds,12
Acsád,47.308333,16.734722,2026-07-11 12:46:16.735126,30.58,29.79,30.58,30.58,1015,35,5.32,347,35,0.0,Clouds,scattered clouds,12
Salköveskút-Vassurány,47.291389,16.704167,2026-07-11 12:46:17.891613,30.59,29.8,30.59,30.59,1015,35,5.25,349,30,0.0,Clouds,scattered clouds,12
Zalaszentiván,46.8875,16.909444,2026-07-11 12:46:19.048758,31.55,30.12,31.55,31.55,1014,28,4.04,356,4,0.0,Clear,clear sky,12
Alsónemesapáti,46.854167,16.936389,2026-07-11 12:46:20.212622,31.66,30.23,31.66,31.66,1014,28,4.23,351,7,0.0,Clear,clear sky,12
Józsa,47.600833,21.584444,2026-07-11 12:46:21.372419,24.87,24.35,24.87,24.87,1014,36,3.45,14,94,0.0,Clouds,overcast clouds,12
Hajdúszentgyörgy,47.608056,21.578333,2026-07-11 12:46:22.530022,24.87,24.35,24.87,24.87,1014,36,3.45,14,94,0.0,Clouds,overcast clouds,12
Zelemér,47.627778,21.578333,2026-07-11 12:46:23.684354,24.67,24.16,24.67,24.67,1014,37,3.48,25,96,0.0,Clouds,overcast clouds,12
Hajdúböszörmény,47.668056,21.524167,2026-07-11 12:46:24.844377,24.43,23.97,24.43,24.43,1015,40,3.87,42,100,0.0,Clouds,overcast clouds,12
Hajdúvid,47.749444,21.508056,2026-07-11 12:46:25.998398,24.28,23.86,24.28,24.28,1015,42,4.73,63,99,0.0,Clouds,overcast clouds,12
Hajdúdorog,47.805556,21.493056,2026-07-11 12:46:27.150641,24.18,23.78,24.18,24.18,1015,43,5.0,69,99,0.0,Clouds,overcast clouds,12
Hajdúnánás,47.831944,21.426667,2026-07-11 12:46:28.306038,24.29,23.9,24.29,24.29,1015,43,5.36,71,98,0.0,Clouds,overcast clouds,12
Hajdúnánás-Vásártér,47.843056,21.407222,2026-07-11 12:46:29.462296,24.29,23.9,24.29,24.29,1015,43,5.36,71,98,0.0,Clouds,overcast clouds,12
Tedej,47.903611,21.404444,2026-07-11 12:46:30.619794,22.65,22.09,22.65,22.65,1015,43,4.91,70,94,0.0,Clouds,overcast clouds,12
Tiszavasvári,47.945278,21.374722,2026-07-11 12:46:31.779588,22.65,22.25,22.65,22.65,1015,49,4.81,69,94,0.0,Clouds,overcast clouds,12
Egyházerdő,47.9725,21.365,2026-07-11 12:46:32.942962,22.67,22.27,22.67,22.67,1015,49,4.54,67,91,0.0,Clouds,overcast clouds,12
Tiszalök,48.013056,21.369167,2026-07-11 12:46:34.095231,22.64,22.24,22.64,22.64,1015,49,4.09,66,82,0.0,Clouds,broken clouds,12
Hajnalos,47.998889,21.414167,2026-07-11 12:46:35.253328,22.65,22.25,22.65,22.65,1015,49,4.21,66,85,0.0,Clouds,overcast clouds,12
Kisfástanya,47.989167,21.47,2026-07-11 12:46:36.408363,22.62,22.22,22.62,22.62,1015,49,4.14,65,83,0.0,Clouds,broken clouds,12
Tiszaeszlár,48.010556,21.491944,2026-07-11 12:46:37.561574,22.63,22.23,22.63,22.63,1015,49,3.95,64,77,0.0,Clouds,broken clouds,12
Bashalom,48.026111,21.514722,2026-07-11 12:46:38.720396,22.6,22.2,22.6,22.6,1015,49,3.88,64,71,0.0,Clouds,broken clouds,12
Sáránd,47.415556,21.625,2026-07-11 12:46:39.875928,26.22,26.22,26.22,26.22,1014,30,3.41,319,93,0.0,Clouds,overcast clouds,12
Derecske,47.365,21.584167,2026-07-11 12:46:41.034507,26.37,26.37,26.37,26.37,1014,30,3.37,303,100,0.0,Clouds,overcast clouds,12
Derecske-Vásártér,47.352222,21.58,2026-07-11 12:46:42.186774,26.37,26.37,26.37,26.37,1014,30,3.37,303,100,0.0,Clouds,overcast clouds,12
Konyár,47.323611,21.666111,2026-07-11 12:46:43.342558,26.53,26.53,26.53,26.53,1014,29,3.24,286,100,0.0,Clouds,overcast clouds,12
Konyári Sóstófürdő,47.324167,21.744444,2026-07-11 12:46:44.497454,26.58,26.58,26.58,26.58,1014,29,3.09,290,93,0.0,Clouds,overcast clouds,12
Pocsaj-Esztár,47.288333,21.793056,2026-07-11 12:46:45.657352,29.13,27.87,29.13,29.13,1014,28,3.26,288,82,0.0,Clouds,broken clouds,12
Kismarja,47.243889,21.813889,2026-07-11 12:46:46.816445,29.13,27.87,29.13,29.13,1014,28,3.81,276,90,0.0,Clouds,overcast clouds,12
Nagykereki,47.191667,21.8,2026-07-11 12:46:47.968376,29.12,27.81,29.12,29.12,1014,27,4.15,266,97,0.0,Clouds,overcast clouds,12
Debrecen-Szabadságtelep,47.527778,21.658611,2026-07-11 12:46:49.121361,25.54,25.01,25.54,25.54,1014,33,3.27,357,83,0.0,Clouds,broken clouds,12
Kondoroskert,47.525556,21.713889,2026-07-11 12:46:50.273701,25.45,24.91,25.45,25.45,1014,33,3.21,25,73,0.0,Clouds,broken clouds,12
Nagycsere,47.523889,21.763056,2026-07-11 12:46:51.432514,25.36,24.84,25.36,25.36,1014,34,3.4,34,71,0.0,Clouds,broken clouds,12
Haláp,47.521667,21.818333,2026-07-11 12:46:52.586702,25.19,24.68,25.19,25.19,1014,35,3.68,42,70,0.0,Clouds,broken clouds,12
Vámospércs,47.518056,21.893889,2026-07-11 12:46:53.741385,24.61,24.12,24.61,24.61,1015,38,4.87,58,73,0.0,Clouds,broken clouds,12
Szentannapuszta,47.52,21.965833,2026-07-11 12:46:54.899924,24.22,23.77,24.22,24.22,1015,41,5.55,63,78,0.0,Clouds,broken clouds,12
Nyírábrány,47.523889,22.016944,2026-07-11 12:46:56.050633,24.02,23.57,24.02,24.02,1015,42,5.79,65,81,0.0,Clouds,broken clouds,12
Dombostanya,47.602778,21.706389,2026-07-11 12:46:57.202133,24.91,24.4,24.91,24.91,1014,36,3.48,33,84,0.0,Clouds,broken clouds,12
Hajdúsámson,47.608056,21.755278,2026-07-11 12:46:58.364463,24.78,24.28,24.78,24.78,1014,37,4.09,50,76,0.0,Clouds,broken clouds,12
Tamásipuszta,47.632778,21.796111,2026-07-11 12:46:59.523685,24.5,24.0,24.5,24.5,1015,38,4.5,57,77,0.0,Clouds,broken clouds,12
Aradványpuszta,47.662778,21.8425,2026-07-11 12:47:00.679469,24.29,23.79,24.29,24.29,1015,39,4.75,61,76,0.0,Clouds,broken clouds,12
Nyíradony,47.699444,21.903333,2026-07-11 12:47:01.837336,23.93,23.45,23.93,23.93,1015,41,4.6,62,60,0.0,Clouds,broken clouds,12
Nyírmihálydi,47.7375,21.958889,2026-07-11 12:47:02.988950,23.87,23.41,23.87,23.87,1015,42,4.26,60,52,0.0,Clouds,broken clouds,12
Nyírgelse,47.750833,21.987778,2026-07-11 12:47:04.141231,23.8,23.31,23.8,23.8,1015,41,3.88,58,45,0.0,Clouds,scattered clouds,12
Nyírbogát,47.793056,22.066389,2026-07-11 12:47:05.300474,23.88,23.39,23.88,23.88,1015,41,3.07,50,33,0.0,Clouds,scattered clouds,12
Nagykálló,47.871111,21.825833,2026-07-11 12:47:06.462396,23.77,23.35,23.77,23.77,1015,44,3.52,65,100,0.0,Clouds,overcast clouds,12
Kállósemjén,47.854722,21.935,2026-07-11 12:47:07.626493,23.81,23.37,23.81,23.81,1015,43,3.16,64,78,0.0,Clouds,broken clouds,12
Nyírbátor,47.8425,22.131111,2026-07-11 12:47:08.783038,23.81,23.32,23.81,23.81,1015,41,2.68,48,37,0.0,Clouds,scattered clouds,12
Nyírcsászári,47.865556,22.179167,2026-07-11 12:47:09.941266,23.81,23.29,23.81,23.81,1015,40,2.2,43,41,0.0,Clouds,scattered clouds,12
Hodász,47.896111,22.213611,2026-07-11 12:47:11.095736,23.76,23.24,23.76,23.76,1016,40,1.81,35,47,0.0,Clouds,scattered clouds,12
Nyírmeggyes,47.9225,22.256667,2026-07-11 12:47:12.250134,23.7,23.17,23.7,23.7,1016,40,1.65,22,66,0.0,Clouds,broken clouds,12
Mátészalka,47.951389,22.313333,2026-07-11 12:47:13.403910,23.67,23.14,23.67,23.67,1016,40,1.89,13,72,0.0,Clouds,broken clouds,12
Kocsord,47.941944,22.375833,2026-07-11 12:47:14.555398,23.83,23.29,23.83,23.83,1016,39,2.22,12,47,0.0,Clouds,scattered clouds,12
Kocsord alsó,47.946389,22.400556,2026-07-11 12:47:15.713550,23.83,23.29,23.83,23.83,1016,39,2.22,12,47,0.0,Clouds,scattered clouds,12
Győrtelek,47.936667,22.424722,2026-07-11 12:47:16.868017,23.8,23.25,23.8,23.8,1016,39,2.4,13,43,0.0,Clouds,scattered clouds,12
Győrtelek alsó,47.921111,22.443333,2026-07-11 12:47:18.021748,23.81,23.26,23.81,23.81,1016,39,2.09,18,33,0.0,Clouds,scattered clouds,12
Ököritófülpös,47.911389,22.495,2026-07-11 12:47:19.190274,23.75,23.2,23.75,23.75,1016,39,2.19,18,35,0.0,Clouds,scattered clouds,12
Porcsalma-Tyukod,47.868056,22.568333,2026-07-11 12:47:20.347759,23.95,23.45,23.95,23.95,1016,40,1.2,42,46,0.0,Clouds,scattered clouds,12
Csenger,47.826111,22.666389,2026-07-11 12:47:21.504779,23.94,23.49,23.94,23.94,1016,42,0.87,68,66,0.0,Clouds,broken clouds,12
Kisfái,46.888303,19.807366,2026-07-11 12:47:22.660195,32.28,31.26,32.14,32.28,1013,31,2.24,239,0,0.0,Clear,clear sky,12
Nyárlőrinci szőlők,46.8775,19.828333,2026-07-11 12:47:23.815944,32.29,31.15,32.14,32.29,1013,30,4.87,319,0,0.0,Clear,clear sky,12
Nyárlőrinc alsó,46.863889,19.878889,2026-07-11 12:47:24.965220,32.28,30.91,32.16,32.31,1013,28,4.97,319,0,0.0,Clear,clear sky,12
Tiszaug-Tiszahídfő,46.866106,20.052098,2026-07-11 12:47:26.121890,32.32,30.41,32.32,33.34,1013,22,5.77,313,6,0.0,Clear,clear sky,12
Csongrádi úti tanyák,46.690278,19.921667,2026-07-11 12:47:27.278021,32.28,30.52,32.27,33.3,1013,24,6.5,322,17,0.0,Clouds,few clouds,12
Kettőshalom,46.689167,20.0225,2026-07-11 12:47:28.434116,32.31,30.55,32.3,33.33,1013,24,6.48,320,19,0.0,Clouds,few clouds,12
Csongrád alsó,46.711389,20.126389,2026-07-11 12:47:29.588880,33.32,31.07,32.3,33.33,1013,17,6.7,316,20,0.0,Clouds,few clouds,12
Dónát,46.66988,20.368168,2026-07-11 12:47:30.745762,33.35,31.09,33.35,35.03,1013,17,2.24,313,52,0.0,Clouds,broken clouds,12
Pusztatemplom,46.676667,20.407222,2026-07-11 12:47:31.902780,33.34,31.08,33.34,35.02,1013,17,2.24,313,58,0.0,Clouds,broken clouds,12
Előhát,47.364722,20.653611,2026-07-11 12:47:33.055989,26.85,26.41,26.85,26.85,1014,32,4.86,301,96,0.0,Clouds,overcast clouds,12
Polgárdi-Tekerespuszta,47.017778,18.297778,2026-07-11 12:47:34.210467,32.06,30.03,32.06,32.06,1014,20,5.08,305,15,0.0,Clouds,few clouds,12
Szatina-Kishajmás,46.202778,18.083611,2026-07-11 12:47:35.368326,31.76,30.44,31.76,31.76,1014,29,2.77,264,28,0.0,Clouds,scattered clouds,12
Márok,45.886944,18.499167,2026-07-11 12:47:36.521905,34.47,33.24,34.47,34.47,1013,26,5.77,280,57,0.0,Clouds,broken clouds,12
Nagynyárád,45.953333,18.564722,2026-07-11 12:47:37.678168,34.54,33.32,34.54,34.54,1013,26,5.85,280,49,0.0,Clouds,scattered clouds,12
Szászvár,46.2875,18.369722222222222,2026-07-11 12:47:38.830875,34.13,33.12,34.13,34.13,1014,28,3.71,289,75,0.0,Clouds,broken clouds,12
Cikó,46.263514,18.557605,2026-07-11 12:47:40.001742,34.45,33.37,34.45,34.45,1013,27,4.02,293,93,0.0,Clouds,overcast clouds,12
Gyöngyfa-Magyarmecske,45.983889,17.958889,2026-07-11 12:47:41.166349,33.04,31.78,33.04,33.04,1014,28,3.46,278,45,0.0,Clouds,scattered clouds,12
Nagyhát,47.581389,21.445,2026-07-11 12:47:42.321256,25.11,24.62,25.11,25.11,1014,36,4.18,351,100,0.0,Clouds,overcast clouds,12
Balmazújváros,47.613889,21.348056,2026-07-11 12:47:43.476332,25.03,24.58,25.03,25.03,1014,38,4.23,12,100,0.0,Clouds,overcast clouds,12
Kónya,47.600833,21.2375,2026-07-11 12:47:44.630272,25.26,24.81,25.26,25.26,1014,37,4.62,359,97,0.0,Clouds,overcast clouds,12
Hortobágy,47.586111,21.154722,2026-07-11 12:47:45.789552,25.34,24.9,25.34,25.34,1014,37,4.64,356,96,0.0,Clouds,overcast clouds,12
Hortobágyi Halastó,47.604167,21.074167,2026-07-11 12:47:46.941918,25.4,24.96,25.4,25.4,1014,37,4.57,352,97,0.0,Clouds,overcast clouds,12
Ohat-Pusztakócs,47.623333,20.951111,2026-07-11 12:47:48.104010,25.37,24.93,25.37,25.37,1014,37,4.26,352,98,0.0,Clouds,overcast clouds,12
Egyek,47.616944,20.883611,2026-07-11 12:47:49.257217,25.48,25.05,25.48,25.48,1014,37,4.23,340,99,0.0,Clouds,overcast clouds,12
Tiszafüred,47.627778,20.756111,2026-07-11 12:47:50.413714,25.58,25.16,25.58,25.58,1014,37,4.27,327,100,0.0,Clouds,overcast clouds,12
Poroszló,47.657778,20.654444,2026-07-11 12:47:51.571647,25.62,25.2,25.62,25.62,1014,37,4.13,307,100,0.0,Clouds,overcast clouds,12
Kétútköz,47.694167,20.565,2026-07-11 12:47:52.728460,25.44,25.03,25.44,25.44,1014,38,3.61,291,100,0.0,Clouds,overcast clouds,12
Egerfarmos,47.711667,20.5225,2026-07-11 12:47:53.886413,25.48,25.08,25.48,25.48,1014,38,4.04,281,100,0.0,Clouds,overcast clouds,12
Piliscsaba,47.638056,18.829722,2026-07-11 12:47:55.044994,27.6,26.81,27.41,30.34,1014,30,1.34,3,15,0.0,Clouds,few clouds,12
Pilisjászfalu,47.656111,18.797778,2026-07-11 12:47:56.199517,27.68,26.87,27.66,28.89,1014,30,6.12,319,17,0.0,Clouds,few clouds,12
Leányvár,47.687594,18.772553,2026-07-11 12:47:57.359790,27.83,26.97,27.83,28.01,1014,30,6.13,319,13,0.0,Clouds,few clouds,12
Dorog,47.723333,18.732778,2026-07-11 12:47:58.520033,28.05,27.0,28.05,28.05,1015,27,6.06,319,5,0.0,Clear,clear sky,12
Esztergom-Kertváros,47.743333,18.719167,2026-07-11 12:47:59.675343,28.12,27.05,28.12,28.12,1015,27,6.02,317,1,0.0,Clear,clear sky,12
Esztergom,47.7775,18.743611,2026-07-11 12:48:00.829356,28.18,27.1,28.18,28.18,1014,27,6.07,312,0,0.0,Clear,clear sky,12
Dunaalmás,47.733056,18.326389,2026-07-11 12:48:01.994436,28.28,27.13,28.28,28.28,1014,26,5.63,334,15,0.0,Clouds,few clouds,12
Neszmély,47.734444,18.345278,2026-07-11 12:48:03.151726,28.28,27.13,28.28,28.28,1014,26,5.63,334,15,0.0,Clouds,few clouds,12
Süttő,47.761111,18.455,2026-07-11 12:48:04.310226,28.06,26.97,28.06,28.06,1015,26,5.69,329,8,0.0,Clear,clear sky,12
Piszke,47.75307,18.478017,2026-07-11 12:48:05.468822,28.06,26.97,28.06,28.06,1015,26,5.72,328,7,0.0,Clear,clear sky,12
Lábatlan,47.751944,18.513333,2026-07-11 12:48:06.625421,28.0,26.97,28.0,28.0,1015,27,5.77,327,5,0.0,Clear,clear sky,12
Eternitgyár,47.755544,18.530014,2026-07-11 12:48:07.776448,28.0,26.97,28.0,28.0,1015,27,5.77,327,5,0.0,Clear,clear sky,12
Nyergesújfalu felső,47.762222,18.540556,2026-07-11 12:48:08.933319,28.0,26.97,28.0,28.0,1015,27,5.77,327,5,0.0,Clear,clear sky,12
Nyergesújfalu,47.761111,18.561667,2026-07-11 12:48:10.090635,27.92,26.91,27.92,27.92,1015,27,5.82,325,4,0.0,Clear,clear sky,12
Tokod,47.735,18.675,2026-07-11 12:48:11.263243,28.14,27.07,28.14,28.14,1015,27,6.04,320,5,0.0,Clear,clear sky,12
Környe,47.541667,18.330278,2026-07-11 12:48:12.415391,28.22,27.01,28.22,28.22,1015,24,6.46,327,24,0.0,Clouds,few clouds,12
Kecskéd alsó,47.519722,18.316667,2026-07-11 12:48:13.574252,28.32,27.08,28.32,28.32,1015,24,6.57,327,21,0.0,Clouds,few clouds,12
Oroszlány,47.486944,18.308611,2026-07-11 12:48:14.730571,28.28,27.05,28.28,28.28,1015,24,6.74,328,22,0.0,Clouds,few clouds,12
Győrszabadhegy,47.663056,17.648056,2026-07-11 12:48:15.884650,29.4,27.99,29.4,29.4,1014,26,4.73,333,19,0.0,Clouds,few clouds,12
Ménfőcsanak felső,47.638333,17.615,2026-07-11 12:48:17.041526,29.56,28.12,29.56,29.56,1014,26,4.59,329,15,0.0,Clouds,few clouds,12
Gyömöre-Tét,47.501672,17.559596,2026-07-11 12:48:18.203417,29.72,28.26,29.72,29.72,1014,26,4.94,311,0,0.0,Clear,clear sky,12
Szerecseny,47.469167,17.5475,2026-07-11 12:48:19.355690,29.8,28.32,29.8,29.8,1014,26,5.08,310,0,0.0,Clear,clear sky,12
Gecse-Gyarmat,47.456111,17.515,2026-07-11 12:48:20.507802,29.75,28.28,29.75,29.75,1014,26,5.29,308,0,0.0,Clear,clear sky,12
Vaszar,47.4025,17.496389,2026-07-11 12:48:21.666639,30.04,28.53,30.04,30.04,1015,26,5.7,310,0,0.0,Clear,clear sky,12
Pápa,47.340556,17.458889,2026-07-11 12:48:22.824001,30.19,28.66,30.19,30.19,1015,26,5.82,314,0,0.0,Clear,clear sky,12
Mezőlak,47.324722,17.371389,2026-07-11 12:48:23.983302,30.33,28.79,30.33,30.33,1015,26,5.51,318,0,0.0,Clear,clear sky,12
Mihályháza,47.318889,17.331667,2026-07-11 12:48:25.141936,30.42,28.87,30.42,30.42,1015,26,5.34,323,0,0.0,Clear,clear sky,12
Vinár,47.306667,17.284722,2026-07-11 12:48:26.293991,30.5,29.01,30.5,30.5,1015,27,5.18,326,0,0.0,Clear,clear sky,12
Külsővat,47.279167,17.219722,2026-07-11 12:48:27.449121,30.62,29.12,30.62,30.62,1015,27,4.77,338,0,0.0,Clear,clear sky,12
Celldömölk,47.261389,17.151944,2026-07-11 12:48:28.606817,30.75,29.24,30.75,30.75,1015,27,4.62,347,0,0.0,Clear,clear sky,12
Kemenesmihályfa,47.278056,17.111111,2026-07-11 12:48:29.761399,30.34,28.93,30.34,30.34,1015,28,4.49,349,0,0.0,Clear,clear sky,12
Nagysimonyi,47.265556,17.058889,2026-07-11 12:48:30.913495,30.52,29.1,30.52,30.52,1015,28,4.46,355,0,0.0,Clear,clear sky,12
Ostffyasszonyfa,47.283889,17.023889,2026-07-11 12:48:32.066379,30.57,29.14,30.57,30.57,1015,28,4.49,356,0,0.0,Clear,clear sky,12
Sárvár,47.259167,16.928889,2026-07-11 12:48:33.220028,30.83,29.47,30.83,30.83,1015,29,4.69,359,7,0.0,Clear,clear sky,12
Porpác,47.238611,16.8325,2026-07-11 12:48:34.374308,30.85,29.49,30.85,30.85,1015,29,4.77,360,13,0.0,Clouds,few clouds,12
Balatonföldvár,46.853889,17.881389,2026-07-11 12:48:35.532633,32.19,34.47,31.04,32.19,1014,49,2.51,290,3,0.0,Clear,clear sky,12
Balatonszárszó,46.832222,17.830278,2026-07-11 12:48:36.689806,32.21,31.06,31.06,32.21,1014,30,2.45,290,3,0.0,Clear,clear sky,12
Balatonszemes,46.811944,17.776389,2026-07-11 12:48:37.841544,32.19,31.29,31.04,32.19,1014,32,2.36,292,4,0.0,Clear,clear sky,12
Balatonlelle felső,46.793889,17.7175,2026-07-11 12:48:38.995318,31.06,30.1,31.06,31.06,1014,33,2.11,296,3,0.0,Clear,clear sky,12
Balatonlelle,46.7875,17.694167,2026-07-11 12:48:40.159857,31.03,30.18,31.03,31.03,1014,34,1.97,301,3,0.0,Clear,clear sky,12
Fonyódliget,46.759167,17.592222,2026-07-11 12:48:41.312327,30.4,29.59,30.4,30.4,1014,35,1.57,319,0,0.0,Clear,clear sky,12
Balatonboglár,46.776111,17.647222,2026-07-11 12:48:42.477581,30.35,29.54,30.35,30.35,1014,35,1.83,307,3,0.0,Clear,clear sky,12
Balatonfenyves alsó,46.708611,17.455278,2026-07-11 12:48:43.636685,31.03,29.96,31.03,31.03,1014,32,1.96,22,0,0.0,Clear,clear sky,12
Fonyód,46.750278,17.558889,2026-07-11 12:48:44.791170,30.45,29.64,30.45,30.45,1014,35,1.49,342,0,0.0,Clear,clear sky,12
Bélatelep,46.737778,17.535,2026-07-11 12:48:45.937760,30.54,29.64,30.54,30.54,1014,34,1.55,1,0,0.0,Clear,clear sky,12
Alsóbélatelep,46.724167,17.516389,2026-07-11 12:48:47.102000,30.63,29.73,30.63,30.63,1014,34,1.55,1,0,0.0,Clear,clear sky,12
Balatonfenyves,46.713611,17.482778,2026-07-11 12:48:48.247536,30.76,29.77,30.76,30.76,1014,33,1.81,15,0,0.0,Clear,clear sky,12
Máriahullámtelep,46.704722,17.435,2026-07-11 12:48:49.400037,31.03,29.96,31.03,31.03,1014,32,1.96,22,0,0.0,Clear,clear sky,12
Balatonmáriafürdő,46.704167,17.374722,2026-07-11 12:48:50.562319,31.55,30.21,31.55,31.55,1014,29,2.45,34,0,0.0,Clear,clear sky,12
Balatonberény,46.713889,17.316944,2026-07-11 12:48:51.714036,31.63,30.2,31.63,31.63,1014,28,2.55,34,0,0.0,Clear,clear sky,12
Balatonszentgyörgy,46.692778,17.288889,2026-07-11 12:48:52.872309,31.93,30.42,31.93,31.93,1014,27,2.7,34,0,0.0,Clear,clear sky,12
Vörs,46.663611,17.260278,2026-07-11 12:48:54.024765,32.2,30.62,32.2,32.2,1014,26,2.76,24,0,0.0,Clear,clear sky,12
Zalaszentjakab,46.491667,17.135278,2026-07-11 12:48:55.183564,32.28,30.91,32.28,32.28,1014,28,3.45,345,11,0.0,Clouds,few clouds,12
Nagykanizsa,46.440833,16.986667,2026-07-11 12:48:56.340813,32.28,31.14,32.28,32.28,1014,30,4.07,315,22,0.0,Clouds,few clouds,12
Murakeresztúr,46.363889,16.876944,2026-07-11 12:48:57.496358,32.17,31.54,32.17,32.17,1014,34,4.42,304,45,0.0,Clouds,scattered clouds,12
Zalakomár,46.530278,17.188056,2026-07-11 12:48:58.649551,32.38,31.02,32.38,32.38,1014,28,3.29,355,5,0.0,Clear,clear sky,12
Szárazrét,47.200833,18.381111,2026-07-11 12:48:59.801785,29.38,27.78,29.38,29.38,1014,21,6.58,332,14,0.0,Clouds,few clouds,12
Bodajk,47.318333,18.251944,2026-07-11 12:49:00.961007,29.07,27.6,29.07,29.07,1014,23,7.27,336,23,0.0,Clouds,few clouds,12
Csókakő,47.3275,18.240556,2026-07-11 12:49:02.115490,28.69,27.32,28.69,28.69,1014,23,7.31,335,22,0.0,Clouds,few clouds,12
Mór,47.369167,18.189167,2026-07-11 12:49:03.272529,28.82,27.41,28.82,28.82,1014,23,7.42,335,19,0.0,Clouds,few clouds,12
Bakonysárkány,47.443611,18.103611,2026-07-11 12:49:04.445303,28.38,27.13,28.38,28.38,1015,24,6.83,333,8,0.0,Clear,clear sky,12
Kisbér,47.494167,18.024722,2026-07-11 12:49:05.606426,28.7,27.36,28.7,28.7,1015,24,5.88,333,1,0.0,Clear,clear sky,12
Nagyigmánd-Bábolna,47.630556,18.050833,2026-07-11 12:49:06.758515,28.77,27.45,28.77,28.77,1014,25,5.06,331,7,0.0,Clear,clear sky,12
Budapest-Déli,47.498889,19.025,2026-07-11 12:49:07.931658,29.01,27.88,28.05,30.98,1014,30,3.58,307,12,0.0,Clouds,few clouds,12
Budapest-Kelenföld,47.464444,19.02,2026-07-11 12:49:09.083686,29.04,27.91,28.16,31.08,1014,30,2.24,342,15,0.0,Clouds,few clouds,12
Budaörs,47.4475,18.965,2026-07-11 12:49:10.240709,28.65,27.64,28.07,30.99,1014,31,2.24,342,23,0.0,Clouds,few clouds,12
Biatorbágy,47.480278,18.834444,2026-07-11 12:49:11.396304,27.87,27.05,27.71,30.64,1014,31,6.74,327,43,0.0,Clouds,scattered clouds,12
Herceghalom,47.493611,18.746111,2026-07-11 12:49:12.553033,28.05,27.23,27.97,30.9,1014,32,7.09,328,50,0.0,Clouds,scattered clouds,12
Bicske,47.484167,18.6175,2026-07-11 12:49:13.706713,27.77,26.67,27.77,27.95,1014,23,7.25,328,54,0.0,Clouds,broken clouds,12
Szár,47.485,18.5275,2026-07-11 12:49:14.864651,27.56,26.56,27.56,27.56,1014,24,7.0,328,44,0.0,Clouds,scattered clouds,12
Szárliget,47.518333,18.495833,2026-07-11 12:49:16.020878,27.68,26.64,27.68,27.68,1014,24,6.8,328,41,0.0,Clouds,scattered clouds,12
Alsógalla,47.563337,18.425102,2026-07-11 12:49:17.186655,28.14,26.99,28.14,28.14,1015,25,6.39,327,29,0.0,Clouds,scattered clouds,12
Tatabánya,47.585556,18.393056,2026-07-11 12:49:18.349411,28.23,27.05,28.23,28.23,1015,25,6.2,328,25,0.0,Clouds,scattered clouds,12
Vértesszőlős,47.619444,18.375278,2026-07-11 12:49:19.504422,28.24,27.06,28.24,28.24,1015,25,6.06,328,23,0.0,Clouds,few clouds,12
Tóvároskert,47.646111,18.348611,2026-07-11 12:49:20.658924,28.28,27.09,28.28,28.28,1015,25,5.88,330,20,0.0,Clouds,few clouds,12
Tata,47.665,18.3275,2026-07-11 12:49:21.813981,28.25,27.07,28.25,28.25,1015,25,5.77,331,19,0.0,Clouds,few clouds,12
Almásfüzitő,47.725278,18.262222,2026-07-11 12:49:22.966974,28.42,27.19,28.42,28.42,1014,25,5.51,335,16,0.0,Clouds,few clouds,12
Almásfüzitő felső,47.731389,18.216389,2026-07-11 12:49:24.122540,30.59,28.96,30.59,30.59,1014,25,5.33,335,17,0.0,Clouds,few clouds,12
Szőny,47.735556,18.1775,2026-07-11 12:49:25.298175,30.62,28.99,30.62,30.62,1014,25,5.23,335,17,0.0,Clouds,few clouds,12
Komárom,47.749444,18.113611,2026-07-11 12:49:26.450795,30.63,29.0,30.63,30.63,1014,25,5.01,336,19,0.0,Clouds,few clouds,12
Ács,47.717222,18.004444,2026-07-11 12:49:27.606856,28.77,27.45,28.77,28.77,1014,25,4.78,334,19,0.0,Clouds,few clouds,12
Nagyszentjános,47.705556,17.871389,2026-07-11 12:49:28.761298,29.0,27.63,29.0,29.0,1014,25,4.73,336,20,0.0,Clouds,few clouds,12
Győrszentiván,47.688611,17.745556,2026-07-11 12:49:29.919883,29.2,27.78,29.2,29.2,1014,25,4.65,337,19,0.0,Clouds,few clouds,12
Győr-Gyárváros,47.684444,17.663889,2026-07-11 12:49:31.082565,29.38,27.97,29.38,29.38,1014,26,4.71,335,20,0.0,Clouds,few clouds,12
Győr,47.681944,17.634722,2026-07-11 12:49:32.235495,29.4,27.99,29.4,29.4,1014,26,4.73,333,19,0.0,Clouds,few clouds,12
Öttevény,47.719722,17.489167,2026-07-11 12:49:33.387432,29.49,28.12,29.49,29.49,1014,27,5.27,327,31,0.0,Clouds,scattered clouds,12
Lébény-Mosonszentmiklós,47.755278,17.426389,2026-07-11 12:49:34.556355,29.48,28.11,29.48,29.48,1014,27,5.55,320,42,0.0,Clouds,scattered clouds,12
Kimle-Károlyháza,47.803889,17.342778,2026-07-11 12:49:35.707947,29.42,28.11,29.42,29.42,1015,28,5.74,321,58,0.0,Clouds,broken clouds,12
Mosonmagyaróvár,47.849722,17.267222,2026-07-11 12:49:36.865972,31.15,29.8,30.05,31.15,1015,29,5.75,321,69,0.0,Clouds,broken clouds,12
Levél,47.889722,17.1925,2026-07-11 12:49:38.024830,30.76,29.4,29.41,31.12,1015,29,5.62,323,68,0.0,Clouds,broken clouds,12
Hegyeshalom,47.913889,17.145556,2026-07-11 12:49:39.184170,30.75,29.48,28.95,31.1,1015,30,5.63,326,70,0.0,Clouds,broken clouds,12
Óbuda,47.568611,19.033889,2026-07-11 12:49:40.337983,30.87,29.51,28.2,31.12,1014,29,3.13,314,6,0.0,Clear,clear sky,12
Üröm,47.580556,19.002222,2026-07-11 12:49:41.492739,30.12,28.79,28.09,31.02,1014,29,3.13,314,8,0.0,Clear,clear sky,12
Solymár,47.596111,18.95,2026-07-11 12:49:42.650402,28.46,27.44,27.91,30.84,1014,30,3.13,314,9,0.0,Clear,clear sky,12
Pilisvörösvár,47.614444,18.902222,2026-07-11 12:49:43.805162,27.83,26.97,27.55,30.48,1014,30,1.34,3,10,0.0,Clear,clear sky,12
Klotildliget,47.637778,18.846389,2026-07-11 12:49:44.958674,27.51,26.75,27.29,30.21,1014,30,1.34,3,15,0.0,Clouds,few clouds,12
Kútvölgy,46.459444,20.451944,2026-07-11 12:49:46.112683,33.34,31.76,33.34,33.34,1013,25,0.32,4,100,0.0,Clouds,overcast clouds,12
Székkutas,46.503889,20.541111,2026-07-11 12:49:47.275586,33.32,31.52,33.32,33.32,1013,23,0.35,27,90,0.0,Clouds,overcast clouds,12
Kaposszentjakab,46.358056,17.821944,2026-07-11 12:49:48.434605,31.93,30.63,31.93,31.93,1014,29,4.32,328,51,0.0,Clouds,broken clouds,12
Kaposvár,46.352778,17.795,2026-07-11 12:49:49.585345,31.77,30.45,31.77,31.77,1014,29,4.33,330,54,0.0,Clouds,broken clouds,12
Kaposújlak,46.366667,17.715,2026-07-11 12:49:50.736979,31.71,30.49,31.71,31.71,1014,30,4.14,336,61,0.0,Clouds,broken clouds,12
Kaposmérő,46.365278,17.698889,2026-07-11 12:49:51.890330,31.59,30.47,31.59,31.59,1014,31,4.01,338,63,0.0,Clouds,broken clouds,12
Kaposfő,46.364167,17.656667,2026-07-11 12:49:53.041338,31.5,30.37,31.5,31.5,1014,31,3.86,340,65,0.0,Clouds,broken clouds,12
Kiskorpád,46.361389,17.606667,2026-07-11 12:49:54.197272,31.38,30.34,31.38,31.38,1014,32,3.71,343,67,0.0,Clouds,broken clouds,12
Jákó-Nagybajom,46.344444,17.554444,2026-07-11 12:49:55.350550,31.21,30.38,31.21,31.21,1014,34,3.04,343,82,0.0,Clouds,broken clouds,12
Kutas,46.326111,17.453889,2026-07-11 12:49:56.506527,31.42,30.62,31.42,31.42,1014,34,2.98,349,82,0.0,Clouds,broken clouds,12
Beleg,46.316944,17.420556,2026-07-11 12:49:57.674586,31.49,30.84,31.49,31.49,1014,35,2.79,345,88,0.0,Clouds,overcast clouds,12
Ötvöskónyi,46.292778,17.358056,2026-07-11 12:49:58.836417,31.52,30.87,31.52,31.52,1014,35,2.61,336,92,0.0,Clouds,overcast clouds,12
Somogyszob,46.289167,17.305556,2026-07-11 12:49:59.994256,31.69,30.82,31.69,31.69,1014,33,3.0,333,86,0.0,Clouds,overcast clouds,12
Bolhás,46.282222,17.275278,2026-07-11 12:50:01.149474,31.9,30.94,31.9,31.9,1014,32,3.41,327,80,0.0,Clouds,broken clouds,12
Szenta,46.274167,17.182222,2026-07-11 12:50:02.305385,32.13,31.09,32.13,32.13,1014,31,3.87,320,73,0.0,Clouds,broken clouds,12
Zrínyitelep,46.275278,17.138056,2026-07-11 12:50:03.457480,32.2,31.17,32.2,32.2,1014,31,4.1,316,70,0.0,Clouds,broken clouds,12
Csurgó,46.261111,17.091667,2026-07-11 12:50:04.612275,32.37,31.5,32.37,32.37,1014,32,4.22,308,68,0.0,Clouds,broken clouds,12
Gyékényes,46.249167,16.956389,2026-07-11 12:50:05.768313,32.19,31.56,32.19,32.19,1014,34,5.07,299,62,0.0,Clouds,broken clouds,12
Adony,47.106111,18.847778,2026-07-11 12:50:06.921116,29.24,27.67,29.24,29.24,1013,21,5.78,321,39,0.0,Clouds,scattered clouds,12
Kulcs,47.051111,18.8975,2026-07-11 12:50:08.078635,29.1,27.54,29.1,29.1,1013,20,5.25,316,31,0.0,Clouds,scattered clouds,12
Rácalmás,47.023333,18.908889,2026-07-11 12:50:09.240099,29.12,27.55,29.12,29.12,1013,20,5.06,315,27,0.0,Clouds,scattered clouds,12
Dunaújváros,46.960556,18.913889,2026-07-11 12:50:10.391366,29.3,27.69,29.3,29.3,1013,20,4.66,310,18,0.0,Clouds,few clouds,12
Újvenyim,46.936944,18.868889,2026-07-11 12:50:11.542420,29.51,27.85,29.51,29.51,1013,20,4.47,308,13,0.0,Clouds,few clouds,12
Mezőfalva,46.905556,18.810278,2026-07-11 12:50:12.693608,29.63,27.94,29.63,29.63,1013,20,4.25,306,8,0.0,Clear,clear sky,12
Nagykarácsony felső,46.866047,18.783064,2026-07-11 12:50:13.850410,29.9,28.16,29.9,29.9,1014,20,3.83,300,0,0.0,Clear,clear sky,12
Nagykarácsony,46.848729,18.765722,2026-07-11 12:50:15.005398,29.83,28.1,29.83,29.83,1014,20,3.66,298,0,0.0,Clear,clear sky,12
Alap,46.831944,18.657778,2026-07-11 12:50:16.158813,30.25,28.44,30.25,30.25,1014,20,3.79,295,0,0.0,Clear,clear sky,12
Cece,46.773333,18.623333,2026-07-11 12:50:17.313259,30.5,28.69,30.5,30.5,1014,21,3.75,293,0,0.0,Clear,clear sky,12
Vajta,46.713611,18.648056,2026-07-11 12:50:18.468337,30.72,28.92,30.72,30.72,1014,22,3.96,308,5,0.0,Clear,clear sky,12
Rétszilas alsó,46.829167,18.639444,2026-07-11 12:50:19.628787,30.25,28.44,30.25,30.25,1014,20,3.79,295,0,0.0,Clear,clear sky,12
Nagydorog,46.615485,18.65002,2026-07-11 12:50:20.785226,31.04,29.2,31.04,31.04,1013,22,5.06,324,21,0.0,Clouds,few clouds,12
Tengelic,46.516111,18.695278,2026-07-11 12:50:21.939494,31.31,29.57,31.31,31.31,1013,24,6.39,335,57,0.0,Clouds,broken clouds,12
Fácánkert,46.449041,18.735661,2026-07-11 12:50:23.095275,31.61,29.85,31.61,31.61,1013,24,6.17,334,81,0.0,Clouds,broken clouds,12
Tolna-Mözs,46.416389,18.750556,2026-07-11 12:50:24.253936,31.78,30.02,31.78,31.78,1013,24,5.87,334,88,0.0,Clouds,overcast clouds,12
Szekszárd-Palánk,46.38027777777778,18.72833333333333,2026-07-11 12:50:25.405396,31.84,30.16,31.84,31.84,1013,25,5.44,330,89,0.65,Rain,light rain,12
Szekszárd,46.349444,18.7125,2026-07-11 12:50:26.556344,31.9,30.22,31.9,31.9,1013,25,4.98,326,92,1.54,Rain,moderate rain,12
Őcsény,46.318889,18.7425,2026-07-11 12:50:27.711237,32.13,30.45,32.13,32.13,1013,25,4.15,319,91,0.0,Clouds,overcast clouds,12
Decs,46.283889,18.756111,2026-07-11 12:50:28.872260,32.19,30.51,32.19,32.19,1013,25,3.82,313,91,0.0,Clouds,overcast clouds,12
Csikóstőttős,46.337222,18.152778,2026-07-11 12:50:30.028826,31.94,30.53,31.94,31.94,1014,28,3.43,305,50,0.0,Clouds,scattered clouds,12
Mágocs-Alsómocsolád,46.31027777777778,18.222222222222225,2026-07-11 12:50:31.182317,31.3,29.95,31.3,31.3,1014,29,3.29,293,55,0.0,Clouds,broken clouds,12
Szalatnak,46.284444444444446,18.288611111111113,2026-07-11 12:50:32.334795,31.44,30.01,31.44,31.44,1014,28,3.51,285,66,0.0,Clouds,broken clouds,12
Máza-Szászvár,46.279167,18.411389,2026-07-11 12:50:33.494852,34.25,33.28,34.25,34.25,1014,28,3.81,290,78,0.0,Clouds,broken clouds,12
Váralja,46.281667,18.436111,2026-07-11 12:50:34.651450,34.33,33.38,34.33,34.33,1013,28,3.95,294,85,0.0,Clouds,overcast clouds,12
Nagymányok,46.280278,18.459167,2026-07-11 12:50:35.806692,34.41,33.48,34.41,34.41,1013,28,3.95,294,85,0.0,Clouds,overcast clouds,12
Hidas-Bonyhád,46.269444,18.523333,2026-07-11 12:50:36.961205,34.41,33.32,34.41,34.41,1013,27,4.03,298,90,0.0,Clouds,overcast clouds,12
Mőcsény,46.2575,18.591944,2026-07-11 12:50:38.122531,34.4,33.15,34.4,34.4,1013,26,3.94,297,97,0.0,Clouds,overcast clouds,12
Bátaszék,46.202222,18.715556,2026-07-11 12:50:39.278209,34.69,33.51,34.69,34.69,1013,26,3.61,292,97,0.0,Clouds,overcast clouds,12
Pörböly,46.199167,18.826389,2026-07-11 12:50:40.442500,32.16,30.48,32.16,32.16,1013,25,3.06,305,87,0.0,Clouds,overcast clouds,12
Orosháza,46.566111,20.664722,2026-07-11 12:50:41.596265,30.33,28.58,30.33,30.33,1013,22,1.38,335,47,0.0,Clouds,scattered clouds,12
Orosházi tanyák,46.596944,20.760556,2026-07-11 12:50:42.749017,29.97,28.32,29.97,29.97,1013,23,1.79,334,33,0.0,Clouds,scattered clouds,12
Csorvás,46.623611,20.840833,2026-07-11 12:50:43.901555,29.95,28.35,29.95,29.95,1013,24,2.0,327,44,0.0,Clouds,scattered clouds,12
Csorvás alsó,46.634722,20.888333,2026-07-11 12:50:45.056534,29.97,28.72,29.97,29.97,1014,30,1.97,324,44,0.0,Clouds,scattered clouds,12
Telekgerendás,46.656111,20.963889,2026-07-11 12:50:46.216376,29.97,28.72,29.97,29.97,1014,30,2.12,304,61,0.12,Rain,light rain,12
Fürjes,46.67214,21.02306,2026-07-11 12:50:47.372618,29.97,28.72,29.97,29.97,1014,30,1.34,353,74,0.0,Clouds,broken clouds,12
Fényes,46.659876,21.16618,2026-07-11 12:50:48.527295,30.0,28.75,30.0,30.0,1014,30,1.34,353,74,0.0,Clouds,broken clouds,12
Bicere,46.66,21.179444,2026-07-11 12:50:49.681552,29.99,28.74,29.99,29.99,1014,30,1.34,353,75,0.0,Clouds,broken clouds,12
Gyula,46.656389,21.273333,2026-07-11 12:50:50.846300,29.98,28.73,29.98,29.98,1014,30,2.79,266,77,0.0,Clouds,broken clouds,12
József Szanatórium,46.704722,21.3325,2026-07-11 12:50:52.008587,29.97,28.72,29.97,29.97,1014,30,3.4,260,94,0.0,Clouds,overcast clouds,12
Sarkadi Cukorgyár,46.73,21.383611,2026-07-11 12:50:53.161994,29.98,28.73,29.98,29.98,1014,30,3.68,256,97,0.12,Rain,light rain,12
Sarkad,46.736944,21.402222,2026-07-11 12:50:54.315771,29.97,28.47,29.97,29.97,1014,26,3.7,254,94,0.16,Rain,light rain,12
Kötegyán,46.758333,21.479722,2026-07-11 12:50:55.473454,29.97,28.47,29.97,29.97,1014,26,3.86,252,89,0.0,Clouds,overcast clouds,12
Méhkerék,46.774444,21.455556,2026-07-11 12:50:56.629323,29.97,28.47,29.97,29.97,1014,26,4.03,255,95,0.0,Clouds,overcast clouds,12
Sarkadkeresztúr,46.823611,21.4175,2026-07-11 12:50:57.782868,29.99,28.49,29.99,29.99,1014,26,4.22,259,97,0.0,Clouds,overcast clouds,12
Okány,46.8925,21.339167,2026-07-11 12:50:58.935158,29.99,28.49,29.99,29.99,1014,26,4.61,267,76,0.0,Clouds,broken clouds,12
Újszeged,46.242222,20.16,2026-07-11 12:51:00.095570,28.97,27.65,28.97,28.97,1013,26,4.99,259,97,0.0,Clouds,overcast clouds,12
Szőreg,46.211389,20.183056,2026-07-11 12:51:01.262859,28.96,27.64,28.96,28.96,1013,26,5.22,260,77,0.0,Clouds,broken clouds,12
Deszk,46.210278,20.246389,2026-07-11 12:51:02.416527,28.97,27.74,28.97,28.97,1013,28,4.55,262,80,0.0,Clouds,broken clouds,12
Kiszombor,46.191944,20.413056,2026-07-11 12:51:03.569643,30.15,29.05,30.15,30.15,1013,32,2.17,254,97,0.0,Clouds,overcast clouds,12
Kiszombor megálló,46.191111,20.430833,2026-07-11 12:51:04.723169,30.15,29.05,30.15,30.15,1013,32,2.17,254,97,0.0,Clouds,overcast clouds,12
Makó,46.204722,20.474722,2026-07-11 12:51:05.878107,30.07,29.06,30.07,30.07,1013,33,1.73,250,99,0.0,Clouds,overcast clouds,12
Apátfalva,46.175193,20.580611,2026-07-11 12:51:07.031464,30.42,29.23,30.42,30.42,1013,31,1.04,266,92,0.23,Rain,light rain,12
Magyarcsanád,46.174444,20.610278,2026-07-11 12:51:08.190760,30.53,29.26,30.53,30.53,1014,30,0.98,275,86,0.28,Rain,light rain,12
Nagylak,46.17,20.708333,2026-07-11 12:51:09.349842,30.66,29.09,30.66,30.66,1014,26,1.51,300,51,0.0,Clouds,broken clouds,12
Nagylaki Kendergyár,46.189167,20.717222,2026-07-11 12:51:10.509195,30.65,29.15,30.65,30.65,1014,27,1.07,301,47,0.0,Clouds,scattered clouds,12
Csanádpalota,46.236111,20.7325,2026-07-11 12:51:11.669890,30.64,29.14,30.64,30.64,1014,27,0.66,304,42,0.0,Clouds,scattered clouds,12
Mezőhegyes,46.310833,20.815556,2026-07-11 12:51:12.830273,30.58,28.95,30.58,30.58,1014,25,0.56,317,10,0.0,Clear,clear sky,12
Végegyháza,46.384444,20.878611,2026-07-11 12:51:13.997706,30.6,28.86,30.6,30.6,1014,23,1.12,319,0,0.0,Clear,clear sky,12
Mezőkovácsháza,46.408333,20.9,2026-07-11 12:51:15.161699,30.6,28.86,30.6,30.6,1014,23,1.15,323,0,0.0,Clear,clear sky,12
Mezőkovácsháza felső,46.415556,20.918056,2026-07-11 12:51:16.318393,30.61,28.82,30.61,30.61,1014,22,1.72,314,0,0.0,Clear,clear sky,12
Magyarbánhegyes,46.451389,20.97,2026-07-11 12:51:17.476385,31.05,29.21,31.05,31.05,1014,22,1.94,315,0,0.0,Clear,clear sky,12
Medgyesegyháza,46.495278,21.029167,2026-07-11 12:51:18.629192,31.03,29.25,31.03,31.03,1014,23,2.14,313,8,0.0,Clear,clear sky,12
Bánkút,46.505278,21.091944,2026-07-11 12:51:19.784629,31.05,29.69,31.05,31.05,1014,29,2.19,310,14,0.0,Clouds,few clouds,12
Belsőperegpuszta,46.321111,20.916667,2026-07-11 12:51:20.938560,30.58,28.9,30.58,30.58,1014,24,1.94,304,0,0.0,Clear,clear sky,12
Battonya,46.282222,21.003889,2026-07-11 12:51:22.091186,30.59,37.59,30.58,31.17,1014,100,2.5,305,0,0.0,Clear,clear sky,12
Baja-Dunafürdő,46.193333,18.919167,2026-07-11 12:51:23.245956,32.11,30.43,32.11,32.11,1013,25,2.89,315,77,0.0,Clouds,broken clouds,12
Kaposszekcső,46.330556,18.143056,2026-07-11 12:51:24.398552,31.94,30.53,31.94,31.94,1014,28,3.43,305,50,0.0,Clouds,scattered clouds,12
Vásárosdombó,46.310556,18.138889,2026-07-11 12:51:25.556178,31.86,30.55,31.86,31.86,1014,29,3.13,293,47,0.0,Clouds,scattered clouds,12
Sásd,46.257222,18.104722,2026-07-11 12:51:26.716618,31.9,30.59,31.9,31.9,1014,29,2.89,273,36,0.0,Clouds,scattered clouds,12
Godisa,46.223333,18.104722,2026-07-11 12:51:27.878161,31.72,30.4,31.72,31.72,1014,29,2.93,267,32,0.0,Clouds,scattered clouds,12
Abaliget,46.152778,18.073611,2026-07-11 12:51:29.030941,31.86,30.55,31.86,31.86,1014,29,2.84,265,24,0.0,Clouds,few clouds,12
Hetvehely,46.128333,18.045,2026-07-11 12:51:30.184818,32.18,30.9,32.18,32.18,1014,29,2.83,268,27,0.0,Clouds,scattered clouds,12
Bükkösd,46.113056,17.999444,2026-07-11 12:51:31.340205,32.1,30.82,32.1,32.1,1014,29,2.8,267,30,0.0,Clouds,scattered clouds,12
Cserdi-Helesfa,46.086667,17.987778,2026-07-11 12:51:32.498498,32.24,30.97,32.24,32.24,1014,29,2.88,270,31,0.0,Clouds,scattered clouds,12
Szentlőrinc,46.033333,17.990833,2026-07-11 12:51:33.652585,32.87,31.58,32.87,32.87,1014,28,3.12,277,35,0.0,Clouds,scattered clouds,12
Bicsérd,46.041389,18.057778,2026-07-11 12:51:34.811849,32.69,31.37,32.69,32.69,1014,28,3.18,281,29,0.0,Clouds,scattered clouds,12
Mecsekalja-Cserkút,46.059722,18.150278,2026-07-11 12:51:35.966416,34.55,33.67,34.55,34.55,1014,28,3.29,279,16,0.0,Clouds,few clouds,12
Pécs,46.065833,18.223611,2026-07-11 12:51:37.127429,34.47,33.24,34.47,34.47,1014,26,3.61,278,12,0.0,Clouds,few clouds,12
Pécs-Külváros,46.071667,18.24,2026-07-11 12:51:38.280841,34.44,33.2,34.44,34.44,1014,26,3.61,278,12,0.0,Clouds,few clouds,12
Pécsbánya-Rendező,46.063333,18.270278,2026-07-11 12:51:39.442031,34.29,33.01,34.29,34.29,1014,26,4.07,278,11,0.0,Clouds,few clouds,12
Pécsudvard,46.01,18.275556,2026-07-11 12:51:40.605157,34.21,32.91,34.21,34.21,1014,26,4.3,283,9,0.0,Clear,clear sky,12
Szőkéd,45.9675,18.29,2026-07-11 12:51:41.775158,34.4,33.15,34.4,34.4,1014,26,4.78,285,16,0.0,Clouds,few clouds,12
Áta,45.936389,18.306944,2026-07-11 12:51:42.936971,34.5,33.27,34.5,34.5,1014,26,4.87,285,25,0.0,Clouds,scattered clouds,12
Kistótfalu,45.909722,18.315278,2026-07-11 12:51:44.110266,34.54,33.32,34.54,34.54,1014,26,4.94,285,35,0.0,Clouds,scattered clouds,12
Vokány,45.899722,18.334722,2026-07-11 12:51:45.263910,34.5,33.27,34.5,34.5,1014,26,5.14,284,35,0.0,Clouds,scattered clouds,12
Palkonya,45.891667,18.393889,2026-07-11 12:51:46.417310,34.53,33.31,34.53,34.53,1013,26,5.32,283,47,0.0,Clouds,scattered clouds,12
Villánykövesd,45.879722,18.425833,2026-07-11 12:51:47.572767,34.49,33.26,34.49,34.49,1013,26,5.47,282,49,0.0,Clouds,scattered clouds,12
Villány,45.8775,18.451389,2026-07-11 12:51:48.727089,34.61,33.41,34.61,34.61,1013,26,5.7,280,53,0.0,Clouds,broken clouds,12
Magyarbóly,45.834167,18.491944,2026-07-11 12:51:49.878974,34.66,33.64,34.66,34.66,1013,27,5.52,279,77,0.0,Clouds,broken clouds,12
Magyarszék,46.210278,18.188056,2026-07-11 12:51:51.032309,34.25,33.45,34.25,34.25,1014,29,3.21,264,33,0.0,Clouds,scattered clouds,12
Mecsekpölöske,46.224167,18.213056,2026-07-11 12:51:52.192240,34.08,33.22,34.08,34.08,1014,29,2.83,288,67,0.0,Clouds,broken clouds,12
Mecsekjánosi,46.215278,18.241944,2026-07-11 12:51:53.348337,34.07,33.21,34.07,34.07,1014,29,3.02,292,79,0.0,Clouds,broken clouds,12
Komló,46.189167,18.265278,2026-07-11 12:51:54.505537,33.75,32.79,33.75,33.75,1014,29,3.24,288,72,0.0,Clouds,broken clouds,12
Királyegyháza-Rigópuszta,45.989167,17.971667,2026-07-11 12:51:55.660186,33.02,31.75,33.02,33.02,1014,28,4.24,290,9,0.0,Clear,clear sky,12
Sumony,45.960833,17.913333,2026-07-11 12:51:56.822237,33.1,31.85,33.1,33.1,1014,28,3.97,288,8,0.0,Clear,clear sky,12
Okorág-Kárászpuszta,45.933611,17.864444,2026-07-11 12:51:57.975546,33.1,31.98,33.1,33.1,1014,29,3.98,287,6,0.0,Clear,clear sky,12
Kákics,45.904167,17.8525,2026-07-11 12:51:59.145870,33.01,31.87,33.01,33.01,1014,29,4.01,285,5,0.0,Clear,clear sky,12
Bóly,45.9375,18.538333,2026-07-11 12:52:00.311041,34.44,33.2,34.44,34.44,1013,26,5.57,278,22,0.0,Clouds,few clouds,12
Mohács,46.0025,18.683333,2026-07-11 12:52:01.474534,34.7,33.53,34.7,34.7,1013,26,3.65,300,85,0.0,Clouds,overcast clouds,12
Sellye,45.873333,17.858889,2026-07-11 12:52:02.628213,33.02,31.89,33.02,33.02,1014,29,4.3,286,5,0.0,Clear,clear sky,12
Toponár,46.398333,17.840833,2026-07-11 12:52:03.782078,31.84,30.43,31.84,31.84,1014,28,4.97,323,30,0.0,Clouds,scattered clouds,12
Somogyaszaló,46.453611,17.840278,2026-07-11 12:52:04.939892,31.7,30.18,31.7,31.7,1014,27,5.68,330,27,0.0,Clouds,scattered clouds,12
Mernye,46.509444,17.832222,2026-07-11 12:52:06.094024,31.57,30.05,31.57,31.57,1014,27,5.94,333,18,0.0,Clouds,few clouds,12
Felsőmocsolád,46.556389,17.8225,2026-07-11 12:52:07.247573,31.3,29.78,31.3,31.3,1014,27,5.74,332,14,0.0,Clouds,few clouds,12
Kisbárapáti,46.615,17.866667,2026-07-11 12:52:08.412257,30.67,29.24,30.67,30.67,1014,28,4.77,329,8,0.0,Clear,clear sky,12
Bonnya,46.611389,17.909167,2026-07-11 12:52:09.565113,31.15,29.63,31.15,31.15,1014,27,5.35,333,21,0.0,Clouds,few clouds,12
Andocs,46.646944,17.8925,2026-07-11 12:52:10.719379,30.29,28.88,30.29,30.29,1014,28,4.29,325,3,0.0,Clear,clear sky,12
Karád,46.681111,17.874722,2026-07-11 12:52:11.876973,30.54,29.19,30.54,30.54,1014,29,3.81,321,0,0.0,Clear,clear sky,12
Somogymeggyes,46.720556,17.920556,2026-07-11 12:52:13.035224,32.05,30.76,32.05,32.05,1014,29,3.11,311,0,0.0,Clear,clear sky,12
Kapoly,46.713611,17.977778,2026-07-11 12:52:14.189414,32.33,30.75,32.33,32.33,1014,26,3.68,323,7,0.0,Clear,clear sky,12
Tab,46.734167,18.041111,2026-07-11 12:52:15.346397,32.49,30.83,32.49,32.49,1014,25,3.36,317,3,0.0,Clear,clear sky,12
Bábonymegyer,46.746095,18.109921,2026-07-11 12:52:16.502457,32.6,34.73,32.6,32.6,1014,47,3.66,316,4,0.0,Clear,clear sky,12
Daránypuszta,46.764722,18.143889,2026-07-11 12:52:17.664860,32.62,34.76,32.62,32.62,1014,47,3.63,307,0,0.0,Clear,clear sky,12
Som-Nagyberény,46.803056,18.149444,2026-07-11 12:52:18.831362,32.61,34.74,32.61,32.61,1014,47,3.6,295,0,0.0,Clear,clear sky,12
Ádánd,46.854444,18.141667,2026-07-11 12:52:19.985830,32.73,34.96,32.73,32.73,1014,47,3.81,288,8,0.0,Clear,clear sky,12
Siójut,46.879444,18.126667,2026-07-11 12:52:21.139232,32.72,34.94,32.72,32.72,1014,47,3.93,287,14,0.0,Clouds,few clouds,12
Kapostüskevár,46.367778,17.774167,2026-07-11 12:52:22.290356,31.89,30.58,31.89,31.89,1014,29,4.69,318,28,0.0,Clouds,scattered clouds,12
Kaposfüred,46.415,17.759444,2026-07-11 12:52:23.446573,31.8,30.38,31.8,31.8,1014,28,5.36,325,21,0.0,Clouds,few clouds,12
Várda,46.4625,17.721667,2026-07-11 12:52:24.601150,31.64,30.12,31.64,31.64,1014,27,5.5,327,6,0.0,Clear,clear sky,12
Somogyjád,46.490833,17.694444,2026-07-11 12:52:25.754574,31.7,30.18,31.7,31.7,1014,27,5.26,328,0,0.0,Clear,clear sky,12
Osztopán,46.515556,17.656944,2026-07-11 12:52:26.907840,31.59,30.16,31.59,31.59,1014,28,4.79,328,0,0.0,Clear,clear sky,12
Pamuk,46.553127,17.636412,2026-07-11 12:52:28.063471,31.57,30.14,31.57,31.57,1014,28,4.47,327,0,0.0,Clear,clear sky,12
Somogyvár,46.580556,17.634722,2026-07-11 12:52:29.222279,31.4,30.06,31.4,31.4,1014,29,4.07,326,0,0.0,Clear,clear sky,12
Öreglak,46.608607,17.632733,2026-07-11 12:52:30.382256,31.19,29.93,31.19,31.19,1014,30,3.64,324,0,0.0,Clear,clear sky,12
Tatárvár,46.636667,17.621111,2026-07-11 12:52:31.534957,30.89,29.71,30.89,30.89,1014,31,2.86,323,0,0.0,Clear,clear sky,12
Lengyeltóti,46.660556,17.613611,2026-07-11 12:52:32.687119,30.77,29.68,30.77,30.77,1014,32,2.42,320,0,0.0,Clear,clear sky,12
Pusztaberény,46.686111,17.594722,2026-07-11 12:52:33.841363,30.71,29.72,30.71,30.71,1014,33,2.05,315,0,0.0,Clear,clear sky,12
Örkény,47.132778,19.447222,2026-07-11 12:52:34.993351,28.64,27.28,28.64,28.64,1013,23,6.34,322,48,0.0,Clouds,scattered clouds,12
Táborfalva,47.098545,19.479318,2026-07-11 12:52:36.144557,32.15,30.31,32.15,32.15,1013,23,6.44,324,51,0.0,Clouds,broken clouds,12
Felsőlajos,47.068834,19.498415,2026-07-11 12:52:37.296713,32.14,30.23,32.14,32.14,1013,22,6.62,326,55,0.0,Clouds,broken clouds,12
Lajosmizse,47.028333,19.542778,2026-07-11 12:52:38.458526,32.11,31.19,32.11,32.11,1013,32,6.72,327,57,0.0,Clouds,broken clouds,12
Lajosmizse alsó,47.0225,19.550278,2026-07-11 12:52:39.609739,32.12,31.2,32.12,32.12,1013,32,6.72,327,57,0.0,Clouds,broken clouds,12
Klábertelep,47.005556,19.551667,2026-07-11 12:52:40.762562,32.12,31.2,32.12,32.12,1013,32,6.55,326,49,0.0,Clouds,scattered clouds,12
Méntelek,46.978611,19.570833,2026-07-11 12:52:41.924383,32.16,31.25,32.16,32.16,1013,32,6.49,326,47,0.0,Clouds,scattered clouds,12
Hetényegyháza,46.930833,19.595,2026-07-11 12:52:43.078799,32.19,31.29,32.19,32.19,1013,32,2.24,239,36,0.0,Clouds,scattered clouds,12
Kecskemét-Máriaváros,46.901192,19.675913,2026-07-11 12:52:44.229250,32.23,31.33,32.09,32.64,1013,32,2.24,239,25,0.0,Clouds,scattered clouds,12
Nyársapát,47.100278,19.7925,2026-07-11 12:52:45.380494,32.26,30.5,32.26,32.72,1013,24,5.81,314,47,0.0,Clouds,scattered clouds,12
Nagykőrös,47.038333,19.76,2026-07-11 12:52:46.538298,32.24,31.35,29.8,32.24,1013,32,5.92,320,43,0.0,Clouds,scattered clouds,12
Katonatelep,46.963056,19.718889,2026-07-11 12:52:47.692304,32.2,31.3,32.06,32.2,1013,32,2.24,239,35,0.0,Clouds,scattered clouds,12
Kecskemét,46.913889,19.700833,2026-07-11 12:52:48.845442,32.23,31.33,32.09,32.64,1013,32,2.24,239,30,0.0,Clouds,scattered clouds,12
Városföld,46.816667,19.753333,2026-07-11 12:52:50.003205,32.27,30.89,32.15,32.7,1013,28,5.81,316,12,0.0,Clouds,few clouds,12
Kiskunfélegyháza,46.7067,19.83474,2026-07-11 12:52:51.157912,32.48,30.73,32.2,32.75,1013,24,6.23,317,21,0.0,Clouds,few clouds,12
Petőfiszállás,46.617374,19.865229,2026-07-11 12:52:52.315312,32.55,30.8,32.24,34.94,1013,24,6.21,320,46,0.0,Clouds,scattered clouds,12
Csengele,46.538321,19.909008,2026-07-11 12:52:53.473569,32.78,31.47,32.23,32.78,1013,28,5.06,321,77,0.0,Clouds,broken clouds,12
Kistelek,46.466944,19.966944,2026-07-11 12:52:54.630122,32.83,31.09,32.28,32.83,1013,24,3.34,307,100,0.0,Clouds,overcast clouds,12
Balástya,46.413333,20.001389,2026-07-11 12:52:55.783296,28.92,27.56,28.92,28.92,1013,25,2.62,281,100,0.0,Clouds,overcast clouds,12
Szatymaz,46.345621,20.04374,2026-07-11 12:52:56.938373,28.94,27.58,28.94,28.94,1013,25,3.58,267,100,0.0,Clouds,overcast clouds,12
Kiskundorozsma,46.271667,20.090556,2026-07-11 12:52:58.089942,28.97,27.6,28.97,28.97,1013,25,4.1,252,100,0.0,Clouds,overcast clouds,12
Szeged,46.239722,20.143056,2026-07-11 12:52:59.244620,28.95,27.59,28.95,28.95,1013,25,4.78,263,93,0.0,Clouds,overcast clouds,12
Alsóúrrét,46.898392,19.779891,2026-07-11 12:53:00.397662,32.28,31.39,32.14,32.69,1013,32,2.24,239,19,0.0,Clouds,few clouds,12
Nyárlőrinc,46.87,19.851389,2026-07-11 12:53:01.554515,32.3,31.16,32.17,32.72,1013,30,5.87,319,14,0.0,Clouds,few clouds,12
Világoshegy,46.855278,19.940278,2026-07-11 12:53:02.707476,32.38,30.54,32.2,32.75,1013,23,5.99,317,20,0.0,Clouds,few clouds,12
Szikra,46.858333,19.975,2026-07-11 12:53:03.864150,32.42,30.67,32.21,32.76,1013,24,5.99,317,20,0.0,Clouds,few clouds,12
Lakitelek,46.873056,20.003611,2026-07-11 12:53:05.026274,32.46,30.55,32.25,32.81,1013,22,6.03,316,22,0.0,Clouds,few clouds,12
Tiszaug,46.850556,20.074167,2026-07-11 12:53:06.180912,32.67,30.76,32.32,33.34,1013,22,6.34,314,22,0.0,Clouds,few clouds,12
Tiszasas,46.826389,20.089167,2026-07-11 12:53:07.335444,32.55,30.64,32.3,33.32,1013,22,6.34,314,22,0.0,Clouds,few clouds,12
Csépa,46.8125,20.134722,2026-07-11 12:53:08.491834,33.32,31.07,32.3,33.32,1013,17,6.51,314,24,0.0,Clouds,few clouds,12
Szelevény,46.811944,20.196389,2026-07-11 12:53:09.647437,33.33,31.07,32.31,33.33,1013,17,6.52,313,28,0.0,Clouds,scattered clouds,12
Gátér,46.685,19.9625,2026-07-11 12:53:10.801740,32.6,30.85,32.3,33.32,1013,24,6.2,320,26,0.0,Clouds,scattered clouds,12
Kónyaszék,46.699931,20.074299,2026-07-11 12:53:11.963492,33.17,31.27,32.32,33.34,1013,22,6.32,318,23,0.0,Clouds,few clouds,12
Csongrád,46.704444,20.140556,2026-07-11 12:53:13.124754,33.34,31.08,32.32,33.34,1013,17,6.31,317,30,0.0,Clouds,scattered clouds,12
Hékéd,46.675,20.266667,2026-07-11 12:53:14.286768,33.34,31.08,33.34,35.03,1013,17,2.24,313,54,0.0,Clouds,broken clouds,12
Fábiánsebestyén,46.670278,20.456667,2026-07-11 12:53:15.439470,33.33,31.07,33.33,35.01,1013,17,5.82,307,74,0.0,Clouds,broken clouds,12
Gádoros,46.656711,20.588157,2026-07-11 12:53:16.591864,33.32,31.43,33.32,33.32,1013,22,5.27,305,76,0.0,Clouds,broken clouds,12
Justhmajor,46.62,20.615833,2026-07-11 12:53:17.748633,33.32,31.43,33.32,33.32,1013,22,4.98,305,71,0.0,Clouds,broken clouds,12
Szentetornya,46.590964,20.628334,2026-07-11 12:53:18.901244,33.31,31.42,33.31,33.31,1013,22,4.79,304,67,0.0,Clouds,broken clouds,12
Gyopárosfürdő,46.567784,20.630662,2026-07-11 12:53:20.057207,33.3,31.41,33.3,33.3,1013,22,4.39,304,61,0.0,Clouds,broken clouds,12
Szabadságliget,47.626123,18.893481,2026-07-11 12:53:21.217882,27.74,26.95,27.44,30.37,1014,31,1.79,310,86,0.0,Clouds,overcast clouds,12
Röszke,46.19261,20.03055,2026-07-11 12:53:22.371971,28.97,27.6,28.97,28.97,1013,25,3.92,251,87,0.0,Clouds,overcast clouds,12
Tószeg,47.098056,20.138333,2026-07-11 12:53:23.527153,30.01,29.18,30.01,30.01,1013,35,3.13,303,81,0.0,Clouds,broken clouds,12
Tiszavárkony,47.059444,20.143056,2026-07-11 12:53:24.691504,30.01,29.18,30.01,30.01,1013,35,3.13,303,78,0.0,Clouds,broken clouds,12
Tiszajenő-Vezseny,47.036319,20.142415,2026-07-11 12:53:25.844504,30.01,29.18,30.01,30.01,1013,35,3.13,303,78,0.0,Clouds,broken clouds,12
Újbög,46.962222,20.093889,2026-07-11 12:53:26.999419,29.97,29.14,29.97,34.97,1013,35,5.56,313,62,0.0,Clouds,broken clouds,12
Tiszakécske,46.937512,20.082016,2026-07-11 12:53:28.168408,32.43,30.59,32.28,32.43,1013,23,5.67,314,52,0.0,Clouds,broken clouds,12
Kerekdomb,46.906944,20.052778,2026-07-11 12:53:29.326213,32.39,30.55,32.28,32.83,1013,23,5.83,314,44,0.0,Clouds,scattered clouds,12
Tiszaalpár,46.818611,19.982778,2026-07-11 12:53:30.482673,32.5,30.75,32.25,33.27,1013,24,6.27,316,11,0.0,Clouds,few clouds,12
Tiszaalpár alsó,46.790897,19.951409,2026-07-11 12:53:31.635463,32.51,30.76,32.25,33.27,1013,24,6.27,317,9,0.0,Clear,clear sky,12
Tiszatenyő,47.134167,20.3725,2026-07-11 12:53:32.795346,30.01,29.18,30.01,30.01,1013,35,5.65,308,99,0.0,Clouds,overcast clouds,12
Pusztapó,47.091667,20.458333,2026-07-11 12:53:33.951662,30.01,28.5,30.01,30.01,1013,26,5.5,310,100,0.0,Clouds,overcast clouds,12
Kétpó,47.076944,20.487778,2026-07-11 12:53:35.108492,30.01,28.5,30.01,30.01,1013,26,5.44,312,100,0.0,Clouds,overcast clouds,12
Mezőtúr,47.0125,20.622778,2026-07-11 12:53:36.270446,28.73,27.46,28.73,28.73,1013,26,5.18,313,100,0.0,Clouds,overcast clouds,12
Nagylapos,46.974167,20.750556,2026-07-11 12:53:37.437526,28.91,27.6,28.91,28.91,1013,26,4.46,312,100,0.0,Clouds,overcast clouds,12
Gyoma,46.925833,20.821667,2026-07-11 12:53:38.592444,29.06,27.72,29.06,29.06,1013,26,4.31,312,100,0.0,Clouds,overcast clouds,12
Csárdaszállás,46.861111,20.932778,2026-07-11 12:53:39.748362,31.11,29.51,31.11,31.11,1013,26,3.61,305,100,0.0,Clouds,overcast clouds,12
Mezőberény,46.814722,21.013056,2026-07-11 12:53:40.909195,31.1,29.75,31.1,31.1,1014,29,3.64,299,93,0.0,Clouds,overcast clouds,12
Murony,46.756944,21.038056,2026-07-11 12:53:42.063974,31.12,29.77,31.12,31.12,1014,29,3.81,297,86,0.0,Clouds,overcast clouds,12
Békéscsaba,46.669722,21.081667,2026-07-11 12:53:43.222583,31.08,29.73,31.08,31.08,1014,29,1.79,24,80,0.0,Clouds,broken clouds,12
Kétegyháza,46.5325,21.171944,2026-07-11 12:53:44.379015,31.06,29.7,31.06,31.06,1014,29,3.64,307,58,0.0,Clouds,broken clouds,12
Lőkösháza,46.432222,21.2375,2026-07-11 12:53:45.539560,31.18,29.38,31.02,31.18,1014,23,3.67,307,38,0.0,Clouds,scattered clouds,12
Kengyel,47.089722,20.339722,2026-07-11 12:53:46.697393,29.99,29.16,29.99,29.99,1013,35,5.64,309,97,0.0,Clouds,overcast clouds,12
Bagimajor,47.061111,20.316667,2026-07-11 12:53:47.861545,30.01,29.18,30.01,30.01,1013,35,5.62,311,91,0.0,Clouds,overcast clouds,12
Martfű,47.019444,20.291667,2026-07-11 12:53:49.021167,29.99,29.16,29.99,29.99,1013,35,5.65,312,88,0.0,Clouds,overcast clouds,12
Tiszaföldvár,46.975556,20.276389,2026-07-11 12:53:50.176347,29.99,29.16,29.99,29.99,1013,35,5.78,313,75,0.0,Clouds,broken clouds,12
Homok,46.9475,20.270278,2026-07-11 12:53:51.332994,30.0,29.17,30.0,35.0,1013,35,5.9,313,69,0.0,Clouds,broken clouds,12
Kungyalu,46.910833,20.2675,2026-07-11 12:53:52.493250,35.02,33.61,33.34,35.02,1013,24,6.04,312,63,0.0,Clouds,broken clouds,12
Kunszentmárton,46.848333,20.293333,2026-07-11 12:53:53.646541,35.01,32.66,33.32,35.01,1013,16,6.39,311,52,0.0,Clouds,broken clouds,12
Nagytőke,46.763333,20.291667,2026-07-11 12:53:54.801393,33.34,31.08,33.34,35.02,1013,17,6.44,311,48,0.0,Clouds,scattered clouds,12
Szentes,46.657778,20.2725,2026-07-11 12:53:55.954622,33.34,31.08,33.34,35.03,1013,17,2.24,313,60,0.0,Clouds,broken clouds,12
Szegvár,46.588611,20.249444,2026-07-11 12:53:57.109296,33.34,31.08,33.34,35.03,1013,17,2.24,313,75,0.0,Clouds,broken clouds,12
Mindszent,46.524167,20.194167,2026-07-11 12:53:58.266288,33.35,31.09,33.35,35.03,1013,17,4.23,320,97,0.0,Clouds,overcast clouds,12
Mártély,46.473333,20.236111,2026-07-11 12:53:59.419859,33.36,31.57,33.36,35.05,1013,23,3.72,310,100,0.0,Clouds,overcast clouds,12
Pusztabánréve,46.939898,20.556809,2026-07-11 12:54:00.574338,29.15,27.74,29.15,29.15,1013,25,5.42,314,100,0.0,Clouds,overcast clouds,12
Szarvas,46.860833,20.566667,2026-07-11 12:54:01.728082,29.47,28.0,29.47,29.47,1013,25,5.49,312,100,0.0,Clouds,overcast clouds,12
Csabacsűd,46.823056,20.663333,2026-07-11 12:54:02.889493,29.58,28.09,29.58,29.58,1013,25,5.22,309,100,0.0,Clouds,overcast clouds,12
Kisszénás,46.751389,20.721389,2026-07-11 12:54:04.042543,29.61,28.11,29.61,29.61,1013,25,4.73,308,100,0.0,Clouds,overcast clouds,12
Kiscsákó,46.719167,20.717778,2026-07-11 12:54:05.196761,29.8,28.27,29.8,29.8,1013,25,4.65,307,90,0.0,Clouds,overcast clouds,12
Nagyszénás,46.672778,20.674167,2026-07-11 12:54:06.359324,29.96,28.36,29.96,29.96,1013,24,4.88,306,83,0.0,Clouds,broken clouds,12
Kardoskút,46.498056,20.6975,2026-07-11 12:54:07.515093,30.49,28.72,30.49,30.49,1013,22,3.26,298,55,0.0,Clouds,broken clouds,12
Tótkomlós,46.409167,20.726944,2026-07-11 12:54:08.670874,30.59,28.91,30.59,30.59,1014,24,2.06,282,60,0.0,Clouds,broken clouds,12
Nagyér,46.365278,20.738333,2026-07-11 12:54:09.835340,30.57,28.94,30.57,30.57,1014,25,1.58,263,75,0.0,Clouds,broken clouds,12
Pitvaros,46.326175,20.746446,2026-07-11 12:54:10.989781,30.66,29.03,30.66,30.66,1014,25,1.55,256,77,0.0,Clouds,broken clouds,12
Dévaványa,47.033889,20.943333,2026-07-11 12:54:12.154151,28.58,27.35,28.58,28.58,1013,26,3.49,304,99,0.0,Clouds,overcast clouds,12
Körösladány,46.97,21.085833,2026-07-11 12:54:13.310648,28.7,27.44,28.7,28.7,1014,26,2.92,300,100,0.0,Clouds,overcast clouds,12
Szeghalom,47.015278,21.148333,2026-07-11 12:54:14.465822,28.37,27.19,28.37,28.37,1014,26,3.14,294,96,0.0,Clouds,overcast clouds,12
Vésztő,46.938889,21.263611,2026-07-11 12:54:15.621862,28.53,27.31,28.53,28.53,1014,26,3.32,283,98,0.0,Clouds,overcast clouds,12
Szeged-Rókus,46.266111,20.125278,2026-07-11 12:54:16.779212,28.97,27.6,28.97,28.97,1013,25,4.47,257,99,0.0,Clouds,overcast clouds,12
Algyő,46.335556,20.196111,2026-07-11 12:54:17.938815,28.99,27.66,28.99,28.99,1013,26,3.94,270,100,0.0,Clouds,overcast clouds,12
Hódmezővásárhelyi Népkert,46.403333,20.312778,2026-07-11 12:54:19.093738,33.35,31.89,33.35,33.35,1013,26,3.65,297,100,0.0,Clouds,overcast clouds,12
Hódmezővásárhely,46.413333,20.34,2026-07-11 12:54:20.250495,33.34,31.88,33.34,33.34,1013,26,3.6,297,100,0.0,Clouds,overcast clouds,12
Körmend,47.016389,16.599167,2026-07-11 12:54:21.404767,31.43,30.19,31.43,31.43,1015,30,3.36,350,11,0.0,Clouds,few clouds,12
Szentgotthárd,46.957222,16.263056,2026-07-11 12:54:22.563021,31.68,30.81,31.68,31.68,1015,33,2.86,7,44,0.0,Clouds,scattered clouds,12
Szombathely,47.237778,16.6325,2026-07-11 12:54:23.715608,30.6,29.33,30.6,30.6,1015,30,6.3,349,52,0.0,Clouds,broken clouds,12
Sáferkút,48.010278,19.071389,2026-07-11 12:54:24.869157,26.38,26.38,26.38,26.38,1014,28,7.16,312,74,0.0,Clouds,broken clouds,12
Magdolnavölgy,47.6475,18.818889,2026-07-11 12:54:26.025489,27.63,26.92,27.43,30.36,1014,32,5.4,322,77,0.0,Clouds,broken clouds,12
Haris,46.964722,16.2825,2026-07-11 12:54:27.186664,31.68,30.81,31.68,31.68,1015,33,2.8,2,35,0.0,Clouds,scattered clouds,12
Egyházasrádóc,47.091389,16.62,2026-07-11 12:54:28.341195,31.07,29.81,31.07,31.07,1015,30,4.54,350,30,0.0,Clouds,scattered clouds,12
Alsórönök,46.964167,16.379444,2026-07-11 12:54:29.497745,31.63,30.63,31.63,31.63,1015,32,2.79,357,24,0.0,Clouds,few clouds,12
Szombathely-Szőlős,47.206389,16.641667,2026-07-11 12:54:30.653507,30.66,29.39,30.66,30.66,1015,30,6.19,350,45,0.0,Clouds,scattered clouds,12
Rátót,46.9675,16.433056,2026-07-11 12:54:31.809937,31.44,30.3,31.44,31.44,1015,31,2.82,351,11,0.0,Clouds,few clouds,12
Ják-Balogunyom,47.161389,16.630556,2026-07-11 12:54:32.962766,30.72,29.45,30.72,30.72,1015,30,5.62,352,32,0.0,Clouds,scattered clouds,12
Vasvár,47.056944,16.800278,2026-07-11 12:54:34.122896,31.31,29.96,31.31,31.31,1015,29,4.54,0,22,0.0,Clouds,few clouds,12
Répcelak,47.418889,17.008889,2026-07-11 12:54:35.275026,30.4,28.98,30.4,30.4,1015,28,5.33,334,0,0.0,Clear,clear sky,12
Rajka,47.995556,17.191389,2026-07-11 12:54:36.436246,30.42,29.23,28.92,31.09,1015,31,6.21,340,100,0.0,Clouds,overcast clouds,12
Püspökmolnári,47.086111,16.7675,2026-07-11 12:54:37.590690,31.28,29.93,31.28,31.28,1015,29,4.67,358,16,0.0,Clouds,few clouds,12
Kőszeg,47.382222,16.556389,2026-07-11 12:54:38.746366,30.2,29.38,30.2,30.2,1016,35,4.28,343,100,0.0,Clouds,overcast clouds,12
Kastélypark,47.390278,18.988333,2026-07-11 12:54:39.905142,28.99,27.92,28.23,31.16,1014,31,5.38,318,70,0.0,Clouds,broken clouds,12
Hanságliget,47.72,17.215556,2026-07-11 12:54:41.069853,28.91,27.69,28.91,28.91,1015,28,6.7,330,69,0.0,Clouds,broken clouds,12
Vica,47.477778,17.111944,2026-07-11 12:54:42.223953,30.24,28.83,30.24,30.24,1015,28,5.75,326,0,0.0,Clear,clear sky,12
Vép,47.235833,16.7275,2026-07-11 12:54:43.391004,30.74,29.47,30.74,30.74,1015,30,6.36,350,33,0.0,Clouds,scattered clouds,12
Mosonszolnok,47.8525,17.160278,2026-07-11 12:54:44.547612,29.02,27.83,28.88,31.15,1015,29,6.69,334,83,0.0,Clouds,broken clouds,12
Jánossomorja,47.789167,17.1375,2026-07-11 12:54:45.700255,28.88,27.83,28.88,28.88,1015,31,6.61,331,63,0.0,Clouds,broken clouds,12
Bősárkány,47.685556,17.234167,2026-07-11 12:54:46.853516,28.91,27.69,28.91,28.91,1015,28,6.66,326,52,0.0,Clouds,broken clouds,12
Szil-Sopronnémeti,47.533333,17.209444,2026-07-11 12:54:48.018027,28.86,27.65,28.86,28.86,1015,28,6.41,320,11,0.0,Clouds,few clouds,12
Magyarkeresztúr-Zsebeháza,47.514167,17.176111,2026-07-11 12:54:49.174646,28.86,27.65,28.86,28.86,1015,28,6.25,321,2,0.0,Clear,clear sky,12
Páli-Vadosfa,47.4925,17.137778,2026-07-11 12:54:50.329838,28.84,27.64,28.84,28.84,1015,28,6.01,323,0,0.0,Clear,clear sky,12
Beled,47.466667,17.084444,2026-07-11 12:54:51.485538,30.24,28.83,30.24,30.24,1015,28,5.75,326,0,0.0,Clear,clear sky,12
Dénesfa,47.448611,17.054722,2026-07-11 12:54:52.641178,30.33,28.92,30.33,30.33,1015,28,5.5,331,0,0.0,Clear,clear sky,12
Csánig,47.430278,17.026111,2026-07-11 12:54:53.793553,30.35,29.01,30.35,30.35,1015,29,5.54,332,0,0.0,Clear,clear sky,12
Vámoscsalád,47.385556,16.961667,2026-07-11 12:54:54.949853,30.99,29.63,30.99,30.99,1015,29,5.38,337,8,0.0,Clear,clear sky,12
Vasegerszeg,47.375,16.928889,2026-07-11 12:54:56.113344,31.0,29.64,31.0,31.0,1015,29,5.54,339,21,0.0,Clouds,few clouds,12
Hegyfalu,47.357778,16.898333,2026-07-11 12:54:57.266747,30.99,29.63,30.99,30.99,1015,29,5.54,339,21,0.0,Clouds,few clouds,12
Pósfa,47.326944,16.855833,2026-07-11 12:54:58.420674,30.97,29.61,30.97,30.97,1015,29,5.66,342,22,0.0,Clouds,few clouds,12
Ölbő-Alsószeleste,47.300556,16.843056,2026-07-11 12:54:59.577500,30.95,29.59,30.95,30.95,1015,29,5.83,345,23,0.0,Clouds,few clouds,12
Gencsapáti felső,47.299722,16.593889,2026-07-11 12:55:00.753277,30.46,29.65,30.46,30.46,1015,35,5.6,346,93,0.0,Clouds,overcast clouds,12
Lukácsháza alsó,47.326389,16.586389,2026-07-11 12:55:01.928006,30.4,29.59,30.4,30.4,1015,35,5.3,345,99,0.0,Clouds,overcast clouds,12
Kőszegfalva,47.361667,16.567778,2026-07-11 12:55:03.088811,30.29,29.47,30.29,30.29,1015,35,4.65,345,100,0.0,Clouds,overcast clouds,12
Gyöngyöshermán,47.202778,16.657222,2026-07-11 12:55:04.242661,30.68,29.41,30.68,30.68,1015,30,6.19,350,45,0.0,Clouds,scattered clouds,12
Bezenye,47.973611,17.207222,2026-07-11 12:55:05.395847,30.43,29.24,28.93,31.1,1015,31,6.43,340,100,0.0,Clouds,overcast clouds,12
Kámon,47.254534,16.625769,2026-07-11 12:55:06.553518,30.56,29.76,30.56,30.56,1015,35,6.3,348,60,0.0,Clouds,broken clouds,12
Sorkifalud,47.1375,16.719167,2026-07-11 12:55:07.716609,31.19,29.93,31.19,31.19,1015,30,5.38,355,18,0.0,Clouds,few clouds,12
Szentléránt,47.12,16.735556,2026-07-11 12:55:08.875359,31.19,29.93,31.19,31.19,1015,30,5.38,355,18,0.0,Clouds,few clouds,12
Pácsony,47.009722,16.833611,2026-07-11 12:55:10.030552,31.34,29.99,31.34,31.34,1015,29,4.19,359,28,0.0,Clouds,scattered clouds,12
Győrvár,46.99,16.840556,2026-07-11 12:55:11.181462,31.34,29.99,31.34,31.34,1015,29,4.19,359,28,0.0,Clouds,scattered clouds,12
Egervár-Vasboldogasszony,46.942222,16.862222,2026-07-11 12:55:12.341131,31.63,30.3,31.63,31.63,1015,29,4.03,354,29,0.0,Clouds,scattered clouds,12
Zalaszentlőrinc,46.913889,16.8775,2026-07-11 12:55:13.501230,31.65,30.32,31.65,31.65,1015,29,3.84,351,25,0.0,Clouds,scattered clouds,12
Gencsapáti alsó,47.285833,16.6,2026-07-11 12:55:14.661525,30.49,29.69,30.49,30.49,1015,35,5.82,348,86,0.0,Clouds,overcast clouds,12
Gyöngyösfalu,47.316111,16.59,2026-07-11 12:55:15.815946,30.42,29.61,30.42,30.42,1015,35,5.6,346,93,0.0,Clouds,overcast clouds,12
Lukácsháza,47.341111,16.580556,2026-07-11 12:55:16.977684,30.35,29.54,30.35,30.35,1015,35,5.0,347,100,0.0,Clouds,overcast clouds,12
Horvátnádalja,47.005278,16.544444,2026-07-11 12:55:18.136730,31.52,30.39,31.52,31.52,1015,31,3.01,350,8,0.0,Clear,clear sky,12
Csákánydoroszló,46.978333,16.499722,2026-07-11 12:55:19.299553,31.59,30.47,31.59,31.59,1015,31,2.81,351,8,0.0,Clear,clear sky,12
Váckisújfalu,47.705,19.340278,2026-07-11 12:55:20.456039,30.75,29.24,30.75,30.75,1014,27,5.45,308,69,0.0,Clouds,broken clouds,12
Csisztafürdő,46.681411,17.561797,2026-07-11 12:55:21.608217,30.79,29.8,30.79,30.79,1014,33,1.42,327,0,0.0,Clear,clear sky,12
Mórágy,46.236021,18.627255,2026-07-11 12:55:22.775268,34.42,33.17,34.42,34.42,1013,26,3.84,313,100,0.0,Clouds,overcast clouds,12
Kismacs,47.551111,21.542778,2026-07-11 12:55:23.936226,25.25,24.72,25.25,25.25,1014,34,2.88,8,36,0.0,Clouds,scattered clouds,12
Pusztaszentistván,47.439869,19.470254,2026-07-11 12:55:25.091373,27.47,26.54,27.47,27.47,1014,25,5.66,315,69,0.0,Clouds,broken clouds,12
Aranyvölgy,47.573795,19.017489,2026-07-11 12:55:26.246562,30.72,29.36,28.08,31.01,1014,29,3.58,357,99,0.0,Clouds,overcast clouds,12
Szélhegy,47.601111,18.928056,2026-07-11 12:55:27.404798,28.07,27.19,27.72,30.65,1014,31,1.79,310,94,0.0,Clouds,overcast clouds,12
Vörösvárbánya,47.61,18.913611,2026-07-11 12:55:28.566169,27.98,27.13,27.68,30.6,1014,31,1.79,310,94,0.0,Clouds,overcast clouds,12
Máriaszőlőtelep,46.702778,17.411911,2026-07-11 12:55:29.721330,31.35,30.1,31.35,31.35,1014,30,1.39,60,10,0.0,Clear,clear sky,12
Akadémiaújtelep,47.485724,19.22294,2026-07-11 12:55:30.884769,29.67,28.39,28.04,30.97,1014,29,4.5,314,89,0.0,Clouds,overcast clouds,12
Újpalota,47.5316,19.126206,2026-07-11 12:55:32.042896,30.03,28.71,28.13,31.06,1014,29,3.58,357,95,0.0,Clouds,overcast clouds,12
"Szeged, Somogyi utca",46.250464,20.147713,2026-07-11 12:55:33.202677,28.93,27.57,28.93,28.93,1013,25,4.63,261,99,0.0,Clouds,overcast clouds,12
"Hódmezővásárhely, Hősök tere",46.412183,20.31759,2026-07-11 12:55:34.375362,33.34,31.88,33.34,33.34,1013,26,3.65,297,100,0.0,Clouds,overcast clouds,12
"Hódmezővásárhely, Kossuth tér",46.41465,20.319727,2026-07-11 12:55:35.521179,33.34,31.88,33.34,33.34,1013,26,3.65,297,100,0.0,Clouds,overcast clouds,12
"Hódmezővásárhely, Strandfürdő",46.409147,20.315671,2026-07-11 12:55:36.672480,33.34,31.88,33.34,33.34,1013,26,3.65,297,100,0.0,Clouds,overcast clouds,12
"Szeged, Széchenyi tér",46.252683,20.14935,2026-07-11 12:55:37.819298,28.93,27.57,28.93,28.93,1013,25,4.63,261,99,0.0,Clouds,overcast clouds,12
"Szeged, Anna-kút",46.256184,20.147587,2026-07-11 12:55:38.973925,28.93,27.57,28.93,28.93,1013,25,4.63,261,99,0.0,Clouds,overcast clouds,12
"Szeged, Rókusi templom",46.259255,20.141771,2026-07-11 12:55:40.133391,28.95,27.59,28.95,28.95,1013,25,4.63,261,99,0.0,Clouds,overcast clouds,12
"Hódmezővásárhely, Kálvin János tér",46.416677,20.328532,2026-07-11 12:55:41.296766,33.34,31.88,33.34,33.34,1013,26,3.6,297,100,0.0,Clouds,overcast clouds,12
Hódmezővásárhely vasútállomás,46.413242,20.338701,2026-07-11 12:55:42.443470,33.34,31.88,33.34,33.34,1013,26,3.6,297,100,0.0,Clouds,overcast clouds,12
"Szeged, Tavasz utca",46.260715,20.139055,2026-07-11 12:55:43.589470,28.95,27.59,28.95,28.95,1013,25,4.63,261,99,0.0,Clouds,overcast clouds,12
"Szeged, Damjanich utca",46.262753,20.135248,2026-07-11 12:55:44.743353,28.95,27.59,28.95,28.95,1013,25,4.63,261,99,0.0,Clouds,overcast clouds,12
"Szeged, Vásárhelyi Pál utca",46.264173,20.131109,2026-07-11 12:55:45.896431,28.97,27.6,28.97,28.97,1013,25,4.63,261,99,0.0,Clouds,overcast clouds,12
"Szeged, Bécsi körút ",46.243459,20.143809,2026-07-11 12:55:47.043698,28.95,27.59,28.95,28.95,1013,25,4.78,263,93,0.0,Clouds,overcast clouds,12
Hódmezővásárhelyi Népkert vasútállomás,46.403733,20.312986,2026-07-11 12:55:48.189424,33.35,31.89,33.35,33.35,1013,26,3.65,297,100,0.0,Clouds,overcast clouds,12
Szeged vasútállomás,46.239789,20.142561,2026-07-11 12:55:49.335225,28.95,27.59,28.95,28.95,1013,25,4.78,263,93,0.0,Clouds,overcast clouds,12
"Szeged, Bem utca",46.240198,20.141247,2026-07-11 12:55:50.481588,28.95,27.59,28.95,28.95,1013,25,4.78,263,93,0.0,Clouds,overcast clouds,12
"Szeged, Galamb utca",46.24153,20.142297,2026-07-11 12:55:51.629616,28.95,27.59,28.95,28.95,1013,25,4.78,263,93,0.0,Clouds,overcast clouds,12
"Szeged, Aradi vértanúk tere",46.247839,20.147,2026-07-11 12:55:52.781839,28.93,27.57,28.93,28.93,1013,25,4.63,261,99,0.0,Clouds,overcast clouds,12
"Szeged, Pulz utca",46.264452,20.126061,2026-07-11 12:55:53.929439,28.97,27.6,28.97,28.97,1013,25,4.63,261,99,0.0,Clouds,overcast clouds,12
"Szeged, Rókus vasútállomás",46.266107,20.125686,2026-07-11 12:55:55.074089,28.97,27.6,28.97,28.97,1013,25,4.47,257,99,0.0,Clouds,overcast clouds,12
Látókép,47.55787,21.524373,2026-07-11 12:55:56.231460,25.25,24.72,25.25,25.25,1014,34,2.88,8,36,0.0,Clouds,scattered clouds,12
Szentmihálytelek,46.2229,20.0808,2026-07-11 12:55:57.403370,28.97,27.6,28.97,28.97,1013,25,4.39,255,93,0.0,Clouds,overcast clouds,12
Kisvarsány,48.144356,22.297397,2026-07-11 12:55:58.562240,23.29,22.8,23.29,23.29,1016,43,4.46,10,71,0.0,Clouds,broken clouds,12
