station_name,station_lat,station_lon,observation_time,temp,feels_like,temp_min,temp_max,pressure,humidity,wind_speed,wind_deg,clouds,precipitation_1h,weather_main,weather_description,collection_hour
Búcsúszentlászló,46.793056,16.932778,2026-06-29 10:49:01.896074,35.91,35.34,35.91,35.91,1017,27,3.34,167,1,0.0,Clear,clear sky,10
Angyalföld,47.549722,19.09,2026-06-29 10:49:03.159054,37.76,37.54,37.6,39.29,1018,25,1.79,212,0,0.0,Clear,clear sky,10
Felsőjánosfa,46.841389,16.544167,2026-06-29 10:49:04.426307,35.97,36.37,35.97,35.97,1017,31,2.95,149,0,0.0,Clear,clear sky,10
Pankasz,46.835833,16.496111,2026-06-29 10:49:05.695055,35.88,36.75,35.88,35.88,1017,33,2.88,152,0,0.0,Clear,clear sky,10
Nagyrákos,46.827222,16.455556,2026-06-29 10:49:06.962073,35.74,36.52,35.74,35.74,1017,33,2.81,156,0,0.0,Clear,clear sky,10
Őriszentpéter,46.828889,16.415278,2026-06-29 10:49:08.226821,35.55,36.75,35.55,35.55,1017,35,2.67,164,1,0.0,Clear,clear sky,10
Törökbálint,47.45,18.908611,2026-06-29 10:49:09.489739,37.46,36.85,37.38,37.53,1017,24,3.2,198,0,0.0,Clear,clear sky,10
Bicske alsó,47.486389,18.642778,2026-06-29 10:49:10.755787,37.09,35.9,35.78,38.95,1017,22,3.41,197,0,0.0,Clear,clear sky,10
Bajánsenye,46.818056,16.358056,2026-06-29 10:49:12.019286,35.77,36.57,35.77,35.77,1017,33,2.59,167,1,0.0,Clear,clear sky,10
Aquincum,47.566218,19.048273,2026-06-29 10:49:13.284751,37.77,37.56,37.63,39.32,1018,25,1.79,212,0,0.0,Clear,clear sky,10
Piliscsév,47.673889,18.791389,2026-06-29 10:49:14.548072,37.11,35.92,35.73,37.37,1018,22,2.03,195,0,0.0,Clear,clear sky,10
Tát,47.741201,18.64783,2026-06-29 10:49:15.811298,37.62,36.84,37.62,37.62,1017,23,1.96,184,0,0.0,Clear,clear sky,10
Süttő felső,47.756667,18.437222,2026-06-29 10:49:17.077846,36.15,34.87,36.15,36.15,1017,23,2.3,182,0,0.0,Clear,clear sky,10
Budatétény,47.405,19.016389,2026-06-29 10:49:18.342176,38.89,39.6,37.67,39.36,1017,26,2.68,167,0,0.0,Clear,clear sky,10
Seregélyes-Szőlőhegy,47.119444,18.612222,2026-06-29 10:49:19.613517,37.02,35.61,37.02,37.02,1017,21,4.14,185,0,0.0,Clear,clear sky,10
Gödöllő-Állami telepek,47.564444,19.375556,2026-06-29 10:49:20.880083,37.26,36.12,35.63,37.27,1018,22,3.09,233,0,0.0,Clear,clear sky,10
Dunakeszi alsó,47.607778,19.128889,2026-06-29 10:49:22.143750,37.74,37.51,37.6,39.29,1018,25,0.45,108,0,0.0,Clear,clear sky,10
Vác-Alsóváros,47.773056,19.149722,2026-06-29 10:49:23.404792,37.73,36.99,37.58,37.73,1018,23,3.05,220,0,0.0,Clear,clear sky,10
Szob alsó,47.816667,18.8725,2026-06-29 10:49:24.672764,37.61,36.82,37.61,37.61,1018,23,2.15,197,0,0.0,Clear,clear sky,10
Zalaszentmihály-Pacsa,46.7225,16.951944,2026-06-29 10:49:25.937943,35.87,35.5,35.87,35.87,1017,28,3.19,165,2,0.0,Clear,clear sky,10
Pötréte,46.682778,16.9575,2026-06-29 10:49:27.202894,35.86,35.71,35.86,35.86,1017,29,3.07,159,4,0.0,Clear,clear sky,10
Felsőrajk,46.667222,16.982778,2026-06-29 10:49:28.466561,35.87,35.5,35.87,35.87,1017,28,3.2,160,3,0.0,Clear,clear sky,10
Gelse,46.600556,16.982778,2026-06-29 10:49:29.729586,35.83,35.67,35.83,35.83,1017,29,3.24,147,7,0.0,Clear,clear sky,10
Őrtilos,46.297778,16.887778,2026-06-29 10:49:30.993098,35.61,36.31,35.61,35.61,1017,33,3.28,134,41,0.0,Clouds,scattered clouds,10
Zákány,46.251944,16.9425,2026-06-29 10:49:32.263071,35.43,35.77,35.43,35.43,1017,32,3.74,133,48,0.0,Clouds,scattered clouds,10
Berzence,46.201389,17.143611,2026-06-29 10:49:33.526941,35.71,35.96,35.71,35.71,1017,31,3.8,133,50,0.0,Clouds,scattered clouds,10
Somogyudvarhely,46.163333,17.179722,2026-06-29 10:49:34.795228,35.61,36.05,35.61,35.61,1017,32,3.74,133,50,0.0,Clouds,scattered clouds,10
Bélavár,46.122778,17.207778,2026-06-29 10:49:36.059219,35.57,35.99,35.57,35.57,1017,32,3.58,132,47,0.0,Clouds,scattered clouds,10
Vízvár,46.101389,17.239444,2026-06-29 10:49:37.323201,35.43,35.77,35.43,35.43,1017,32,3.47,131,45,0.0,Clouds,scattered clouds,10
Babócsa,46.028359,17.342276,2026-06-29 10:49:38.587755,35.43,35.53,35.43,35.43,1017,31,3.19,127,41,0.0,Clouds,scattered clouds,10
Péterhida-Komlósd,46.006667,17.358056,2026-06-29 10:49:39.852726,35.5,35.64,35.5,35.5,1017,31,3.06,123,38,0.0,Clouds,scattered clouds,10
Barcs,45.951944,17.446944,2026-06-29 10:49:41.116421,35.56,35.49,35.56,35.56,1017,30,3.07,111,32,0.0,Clouds,scattered clouds,10
Barcs felső,45.958333,17.486389,2026-06-29 10:49:42.385220,35.49,35.39,35.49,35.49,1017,30,3.13,113,32,0.0,Clouds,scattered clouds,10
Középrigóc,45.970556,17.525,2026-06-29 10:49:43.656852,35.41,35.05,35.41,35.41,1017,29,3.2,115,31,0.0,Clouds,scattered clouds,10
Darány,45.992222,17.598611,2026-06-29 10:49:44.925429,35.45,34.9,35.45,35.45,1017,28,3.38,127,32,0.0,Clouds,scattered clouds,10
Kisdobsza,46.012222,17.668056,2026-06-29 10:49:46.190881,35.57,34.86,35.57,35.57,1017,27,3.52,134,32,0.0,Clouds,scattered clouds,10
Nemeske,46.023333,17.705278,2026-06-29 10:49:47.456351,35.63,34.94,35.63,35.63,1017,27,3.57,135,31,0.0,Clouds,scattered clouds,10
Molvány,46.035278,17.748611,2026-06-29 10:49:48.719206,35.7,34.84,35.7,35.7,1017,26,3.64,139,30,0.0,Clouds,scattered clouds,10
Szigetvár,46.043333,17.801944,2026-06-29 10:49:49.983353,35.72,34.87,35.72,35.72,1017,26,3.67,140,29,0.0,Clouds,scattered clouds,10
Nagypeterd,46.039444,17.871667,2026-06-29 10:49:51.254466,35.85,34.85,35.85,35.85,1017,25,3.7,141,27,0.0,Clouds,scattered clouds,10
Szentdénes,46.036667,17.926944,2026-06-29 10:49:52.523597,35.86,34.86,35.86,35.86,1017,25,3.72,142,26,0.0,Clouds,scattered clouds,10
Háros,47.412222,19.035,2026-06-29 10:49:53.782187,38.8,39.46,37.63,39.32,1017,26,2.68,167,0,0.0,Clear,clear sky,10
Nagytétény-Diósd,47.398333,18.974444,2026-06-29 10:49:55.044928,38.96,39.72,37.66,39.35,1017,26,2.68,167,0,0.0,Clear,clear sky,10
Érdliget,47.390278,18.937778,2026-06-29 10:49:56.304541,38.9,39.62,37.58,39.27,1017,26,2.68,167,0,0.0,Clear,clear sky,10
Érd felső,47.381111,18.922222,2026-06-29 10:49:57.567963,37.67,37.68,37.54,37.7,1017,26,3.43,199,0,0.0,Clear,clear sky,10
Érd,47.369722,18.900833,2026-06-29 10:49:58.840347,37.62,37.6,37.51,37.66,1017,26,3.54,199,0,0.0,Clear,clear sky,10
Százhalombatta,47.322222,18.899167,2026-06-29 10:50:00.102630,37.61,36.37,37.49,37.65,1017,21,3.72,199,0,0.0,Clear,clear sky,10
Dunai Finomító,47.294444,18.878889,2026-06-29 10:50:01.369572,38.99,39.77,35.84,39.02,1017,26,3.89,198,0,0.0,Clear,clear sky,10
Ercsi,47.247222,18.875278,2026-06-29 10:50:02.638895,39.24,38.59,36.07,39.25,1017,21,3.92,198,0,0.0,Clear,clear sky,10
Iváncsa,47.177778,18.811944,2026-06-29 10:50:03.904306,36.78,35.3,36.78,36.78,1017,21,4.05,194,0,0.0,Clear,clear sky,10
Pusztaszabolcs,47.139722,18.761667,2026-06-29 10:50:05.165448,36.97,35.36,36.97,36.97,1017,20,4.12,191,0,0.0,Clear,clear sky,10
Szabadegyháza,47.082778,18.704167,2026-06-29 10:50:06.429884,37.05,35.46,37.05,37.05,1017,20,4.19,186,0,0.0,Clear,clear sky,10
Sárosd,47.039722,18.660278,2026-06-29 10:50:07.703962,37.15,35.58,37.15,37.15,1017,20,4.23,183,0,0.0,Clear,clear sky,10
Nagylók,46.979444,18.635833,2026-06-29 10:50:08.966184,37.08,35.49,37.08,37.08,1017,20,4.25,180,0,0.0,Clear,clear sky,10
Sárbogárd,46.896944,18.611944,2026-06-29 10:50:10.230519,37.34,35.82,37.34,37.34,1017,20,4.22,175,0,0.0,Clear,clear sky,10
Rétszilas,46.814167,18.601389,2026-06-29 10:50:11.496208,37.41,35.72,37.41,37.41,1017,19,4.17,171,0,0.0,Clear,clear sky,10
Nagyatád,46.228611,17.354167,2026-06-29 10:50:12.759256,35.67,35.43,35.67,35.67,1017,29,3.57,139,44,0.0,Clouds,scattered clouds,10
Budapest-Keleti,47.500278,19.084167,2026-06-29 10:50:14.027319,37.96,38.13,37.58,39.27,1018,26,2.68,167,0,0.0,Clear,clear sky,10
Ferencváros,47.468611,19.088056,2026-06-29 10:50:15.288236,38.23,38.55,37.6,39.29,1018,26,2.68,167,0,0.0,Clear,clear sky,10
Budapest-Nyugati,47.510833,19.0575,2026-06-29 10:50:16.549124,37.88,38.0,37.59,39.28,1018,26,2.68,167,0,0.0,Clear,clear sky,10
Kőbánya felső,47.491944,19.133889,2026-06-29 10:50:17.809725,37.98,38.16,37.52,39.21,1018,26,1.79,212,0,0.0,Clear,clear sky,10
Rákos,47.488889,19.174722,2026-06-29 10:50:19.071299,37.96,38.13,37.48,39.17,1018,26,1.79,212,0,0.0,Clear,clear sky,10
Rákosrendező,47.525556,19.089444,2026-06-29 10:50:20.331542,37.85,37.96,37.62,39.31,1018,26,1.79,212,0,0.0,Clear,clear sky,10
Zugló,47.511389,19.101389,2026-06-29 10:50:21.590593,37.91,38.05,37.58,39.27,1018,26,1.79,212,0,0.0,Clear,clear sky,10
Mezőtárkány,47.725,20.480278,2026-06-29 10:50:22.861337,39.34,41.47,39.34,39.34,1018,29,3.93,269,3,0.0,Clear,clear sky,10
Istvántelek,47.550278,19.106389,2026-06-29 10:50:24.125702,37.77,37.56,37.61,39.3,1018,25,1.79,212,0,0.0,Clear,clear sky,10
Rákospalota-Újpest,47.565833,19.111944,2026-06-29 10:50:25.389519,37.75,37.53,37.6,39.29,1018,25,1.79,212,0,0.0,Clear,clear sky,10
Kőbánya alsó,47.483056,19.127222,2026-06-29 10:50:26.651337,38.04,38.25,37.53,39.22,1018,26,2.68,167,0,0.0,Clear,clear sky,10
Kőbánya-Kispest,47.463889,19.149444,2026-06-29 10:50:27.917393,38.15,38.42,37.53,39.22,1018,26,1.79,212,0,0.0,Clear,clear sky,10
Pestszentlőrinc,47.454722,19.182778,2026-06-29 10:50:29.181830,38.11,38.36,37.47,39.16,1017,26,2.57,213,0,0.0,Clear,clear sky,10
Kispest,47.448135,19.157552,2026-06-29 10:50:30.443070,38.23,38.55,37.54,39.23,1017,26,1.79,212,0,0.0,Clear,clear sky,10
Újpest,47.558889,19.079722,2026-06-29 10:50:31.714034,37.76,37.54,37.61,39.3,1018,25,1.79,212,0,0.0,Clear,clear sky,10
Pestszentimre felső,47.413611,19.173333,2026-06-29 10:50:32.977227,38.37,38.77,37.56,39.25,1017,26,2.72,212,0,0.0,Clear,clear sky,10
Dunakeszi,47.626111,19.136111,2026-06-29 10:50:34.238230,37.65,37.38,37.51,39.2,1018,25,0.45,108,0,0.0,Clear,clear sky,10
Dunakeszi-Gyártelep,47.643611,19.135,2026-06-29 10:50:35.503414,37.69,37.44,37.55,39.24,1018,25,2.35,222,0,0.0,Clear,clear sky,10
Alsógöd,47.676944,19.134444,2026-06-29 10:50:36.766753,37.67,37.41,37.54,39.23,1018,25,2.46,222,0,0.0,Clear,clear sky,10
Göd,47.687778,19.1375,2026-06-29 10:50:38.025472,37.69,37.44,37.56,39.25,1018,25,2.46,222,0,0.0,Clear,clear sky,10
Felsőgöd,47.705556,19.143333,2026-06-29 10:50:39.292067,37.76,37.54,36.12,37.77,1018,25,2.59,223,0,0.0,Clear,clear sky,10
Sződ-Sződliget,47.728056,19.154722,2026-06-29 10:50:40.555406,37.75,37.53,36.11,37.76,1018,25,2.74,222,0,0.0,Clear,clear sky,10
Vác,47.782778,19.133056,2026-06-29 10:50:41.821338,37.73,36.99,37.58,37.73,1018,23,3.05,220,0,0.0,Clear,clear sky,10
Verőce,47.823889,19.029444,2026-06-29 10:50:43.087856,37.57,37.01,37.41,37.57,1018,24,2.81,213,0,0.0,Clear,clear sky,10
Kismaros,47.8275,19.010278,2026-06-29 10:50:44.348032,37.54,36.97,37.54,37.54,1018,24,2.68,210,0,0.0,Clear,clear sky,10
Nagymaros-Visegrád,47.791389,18.959167,2026-06-29 10:50:45.608477,37.56,36.75,37.56,37.72,1018,23,2.18,209,0,0.0,Clear,clear sky,10
Nagymaros,47.780278,18.952222,2026-06-29 10:50:46.876017,37.64,36.86,37.64,37.79,1018,23,2.18,209,0,0.0,Clear,clear sky,10
Zebegény,47.801389,18.908889,2026-06-29 10:50:48.133932,37.61,36.82,37.61,37.77,1018,23,2.26,205,0,0.0,Clear,clear sky,10
Szob,47.821111,18.861944,2026-06-29 10:50:49.407631,37.57,36.77,37.57,37.57,1018,23,2.36,196,0,0.0,Clear,clear sky,10
Alagimajor,47.601944,19.153889,2026-06-29 10:50:50.669709,37.7,37.45,37.55,39.24,1018,25,0.45,108,0,0.0,Clear,clear sky,10
Fót,47.611389,19.181667,2026-06-29 10:50:51.934408,37.6,37.31,37.45,39.14,1018,25,2.38,223,0,0.0,Clear,clear sky,10
Fótújfalu,47.615,19.192778,2026-06-29 10:50:53.191586,37.49,37.14,37.34,39.03,1018,25,2.38,223,0,0.0,Clear,clear sky,10
Csomád,47.635556,19.222778,2026-06-29 10:50:54.454070,37.22,36.75,37.07,38.76,1018,25,2.52,225,0,0.0,Clear,clear sky,10
Veresegyház,47.649167,19.288611,2026-06-29 10:50:55.712867,37.37,36.97,35.73,37.38,1018,25,3.04,230,0,0.0,Clear,clear sky,10
Erdőkertes,47.662222,19.295833,2026-06-29 10:50:56.973410,37.33,36.21,35.69,37.33,1018,22,3.04,230,0,0.0,Clear,clear sky,10
Őrbottyán,47.685833,19.283611,2026-06-29 10:50:58.237697,37.25,36.33,37.22,37.25,1018,23,3.15,230,0,0.0,Clear,clear sky,10
Váchartyán,47.725833,19.248889,2026-06-29 10:50:59.505363,37.61,36.82,37.61,40.5,1018,23,3.27,226,0,0.0,Clear,clear sky,10
Magyarkút-Verőce,47.826111,19.044444,2026-06-29 10:51:00.767454,37.73,37.24,37.73,37.73,1018,24,2.81,213,0,0.0,Clear,clear sky,10
Szokolya,47.871111,19.030556,2026-06-29 10:51:02.026786,33.71,32.06,33.71,33.71,1018,24,3.21,210,0,0.0,Clear,clear sky,10
Berkenye,47.885278,19.071944,2026-06-29 10:51:03.298518,34.4,32.73,34.4,34.4,1018,23,3.33,211,0,0.0,Clear,clear sky,10
Nógrád,47.901944,19.0475,2026-06-29 10:51:04.557583,34.03,32.31,34.03,34.03,1018,23,3.39,209,0,0.0,Clear,clear sky,10
Diósjenő,47.94,19.049444,2026-06-29 10:51:05.820216,33.63,31.86,33.63,33.63,1018,23,3.54,208,0,0.0,Clear,clear sky,10
Borsosberény,47.971389,19.093056,2026-06-29 10:51:07.083141,34.3,32.61,34.3,34.3,1018,23,3.86,211,1,0.0,Clear,clear sky,10
Nagyoroszi,47.993611,19.101111,2026-06-29 10:51:08.356882,34.12,32.41,34.12,34.12,1018,23,3.9,210,1,0.0,Clear,clear sky,10
Drégelyvár,48.001944,19.079444,2026-06-29 10:51:09.628278,34.35,32.67,34.35,34.35,1018,23,3.82,209,1,0.0,Clear,clear sky,10
Drégely,48.042222,19.056111,2026-06-29 10:51:10.895555,34.7,33.22,34.7,34.7,1018,24,3.78,209,1,0.0,Clear,clear sky,10
Drégelypalánk,48.055,19.046111,2026-06-29 10:51:12.159387,34.84,33.39,34.84,34.84,1018,24,3.65,208,1,0.0,Clear,clear sky,10
Ipolyvece,48.056944,19.106389,2026-06-29 10:51:13.417210,34.8,33.2,34.8,34.8,1018,23,3.82,211,2,0.0,Clear,clear sky,10
Dejtár,48.045556,19.196389,2026-06-29 10:51:14.686215,34.71,33.09,34.71,34.71,1018,23,3.93,211,2,0.0,Clear,clear sky,10
Ipolyszög,48.054444,19.221944,2026-06-29 10:51:15.946322,34.7,33.08,34.7,34.7,1017,23,3.88,210,3,0.0,Clear,clear sky,10
Iklad-Domony,47.658056,19.444444,2026-06-29 10:51:17.214141,40.53,41.2,40.53,40.53,1018,23,3.53,236,0,0.0,Clear,clear sky,10
Iklad-Domony felső,47.667778,19.428056,2026-06-29 10:51:18.473616,40.51,41.17,37.62,40.51,1018,23,3.5,235,0,0.0,Clear,clear sky,10
Galgamácsa,47.693889,19.3925,2026-06-29 10:51:19.736114,40.5,41.15,37.61,40.5,1018,23,3.42,231,0,0.0,Clear,clear sky,10
Vácrátót,47.732778,19.217778,2026-06-29 10:51:21.000323,37.53,36.71,37.53,40.42,1018,23,3.03,225,0,0.0,Clear,clear sky,10
Csörög,47.735833,19.196389,2026-06-29 10:51:22.260897,37.53,36.71,37.38,37.53,1018,23,2.89,223,0,0.0,Clear,clear sky,10
Galgagyörk,47.735278,19.372222,2026-06-29 10:51:23.526535,40.4,40.99,37.51,40.4,1018,23,3.48,230,0,0.0,Clear,clear sky,10
Püspökhatvan,47.768611,19.366944,2026-06-29 10:51:24.793060,34.68,33.06,34.68,34.68,1018,23,3.56,227,1,0.0,Clear,clear sky,10
Acsa-Erdőkürt,47.801111,19.386111,2026-06-29 10:51:26.056795,34.49,32.83,34.49,34.49,1018,23,3.56,225,1,0.0,Clear,clear sky,10
Galgaguta,47.848611,19.385556,2026-06-29 10:51:27.316172,34.14,32.43,34.14,34.14,1018,23,3.54,222,2,0.0,Clear,clear sky,10
Nógrádkövesd,47.879444,19.371111,2026-06-29 10:51:28.584231,34.29,32.6,34.29,34.29,1018,23,3.5,221,2,0.0,Clear,clear sky,10
Magyarnándor,47.970833,19.356667,2026-06-29 10:51:29.857336,34.13,32.42,34.13,34.13,1018,23,3.56,214,3,0.0,Clear,clear sky,10
Mohora,47.995556,19.347778,2026-06-29 10:51:31.130047,34.24,32.55,34.24,34.24,1018,23,3.55,212,3,0.0,Clear,clear sky,10
Szügy,48.036389,19.333056,2026-06-29 10:51:32.391345,34.44,32.78,34.44,34.44,1018,23,3.59,209,4,0.0,Clear,clear sky,10
Balassagyarmat,48.071111,19.293611,2026-06-29 10:51:33.649482,34.56,32.92,34.56,34.56,1017,23,3.72,208,4,0.0,Clear,clear sky,10
Őrhalom,48.078773,19.403936,2026-06-29 10:51:34.913088,34.19,32.61,34.19,34.19,1018,24,3.17,203,5,0.0,Clear,clear sky,10
Hugyag,48.083056,19.421111,2026-06-29 10:51:36.177290,34.19,32.61,34.19,34.19,1018,24,3.17,203,5,0.0,Clear,clear sky,10
Szécsény,48.093056,19.521111,2026-06-29 10:51:37.434610,34.33,32.92,34.33,34.33,1018,25,2.61,201,5,0.0,Clear,clear sky,10
Ludányhalászi,48.1325,19.529444,2026-06-29 10:51:38.699513,34.32,32.9,34.32,34.32,1018,25,2.85,193,5,0.0,Clear,clear sky,10
Nógrádszakál,48.178333,19.521667,2026-06-29 10:51:39.968070,34.27,32.99,34.27,34.27,1018,26,2.94,190,4,0.0,Clear,clear sky,10
Ráróspuszta,48.207222,19.541389,2026-06-29 10:51:41.228162,33.73,32.33,33.73,33.73,1018,26,3.03,187,4,0.0,Clear,clear sky,10
Litke,48.215833,19.598611,2026-06-29 10:51:42.497594,34.19,33.04,34.19,34.19,1018,27,2.64,183,4,0.0,Clear,clear sky,10
Nyíregyháza külső,47.943056,21.740278,2026-06-29 10:51:43.758691,34.51,34.38,34.51,34.51,1017,32,3.52,345,25,0.0,Clouds,scattered clouds,10
Oros,47.945833,21.806389,2026-06-29 10:51:45.023278,34.58,34.48,34.58,34.58,1017,32,3.68,342,26,0.0,Clouds,scattered clouds,10
Napkor,47.948889,21.873056,2026-06-29 10:51:46.291099,34.65,34.59,34.65,34.65,1017,32,3.82,337,30,0.0,Clouds,scattered clouds,10
Apagy,47.953775,21.939044,2026-06-29 10:51:47.568264,34.68,34.63,34.68,34.68,1017,32,3.88,335,30,0.0,Clouds,scattered clouds,10
Levelek-Magy,47.948056,21.993611,2026-06-29 10:51:48.832780,34.73,34.49,34.73,34.73,1017,31,4.0,334,30,0.0,Clouds,scattered clouds,10
Ófehértó,47.940556,22.041389,2026-06-29 10:51:50.094348,34.69,34.43,34.69,34.69,1017,31,4.1,334,28,0.0,Clouds,scattered clouds,10
Ligettanya,47.951667,22.071389,2026-06-29 10:51:51.372042,34.7,34.45,34.7,34.7,1017,31,4.17,332,31,0.0,Clouds,scattered clouds,10
Baktalórántháza,47.988611,22.083333,2026-06-29 10:51:52.637157,34.7,34.45,34.7,34.7,1017,31,4.12,332,34,0.0,Clouds,scattered clouds,10
Vaja-Rohod,48.006389,22.164167,2026-06-29 10:51:53.900087,34.8,34.59,34.8,34.8,1017,31,4.12,332,38,0.0,Clouds,scattered clouds,10
Rákóczitanya,48.022222,22.178333,2026-06-29 10:51:55.166502,34.82,34.62,34.82,34.82,1017,31,4.13,333,38,0.0,Clouds,scattered clouds,10
Nyírmada,48.059167,22.203056,2026-06-29 10:51:56.430606,34.81,34.82,34.81,34.81,1017,32,3.96,331,44,0.0,Clouds,scattered clouds,10
Tunyogmatolcs,47.960244,22.442247,2026-06-29 10:51:57.694634,35.41,34.84,35.41,35.41,1017,28,3.8,337,48,0.0,Clouds,scattered clouds,10
Tunyogmatolcs alsó,47.966025,22.464713,2026-06-29 10:51:58.960387,35.46,34.91,35.46,35.46,1017,28,3.62,339,49,0.0,Clouds,scattered clouds,10
Fehérgyarmat,47.979167,22.524444,2026-06-29 10:52:00.223354,35.54,35.24,35.54,35.54,1017,29,3.08,348,52,0.0,Clouds,broken clouds,10
Penyige,47.995278,22.566944,2026-06-29 10:52:01.486343,35.62,35.36,35.62,35.62,1017,29,2.81,352,52,0.0,Clouds,broken clouds,10
Nagyszekeres,47.976111,22.6125,2026-06-29 10:52:02.749330,35.67,35.43,35.67,35.67,1017,29,2.55,358,51,0.0,Clouds,broken clouds,10
Kisszekeres,47.965833,22.629444,2026-06-29 10:52:04.015826,35.7,35.25,35.7,35.7,1017,28,2.37,358,48,0.0,Clouds,scattered clouds,10
Jánkmajtis,47.941944,22.657222,2026-06-29 10:52:05.282285,35.77,35.35,35.77,35.77,1017,28,1.94,5,43,0.0,Clouds,scattered clouds,10
Gacsály,47.926111,22.745,2026-06-29 10:52:06.545874,36.15,36.15,36.15,36.15,1017,29,1.51,26,37,0.0,Clouds,scattered clouds,10
Zajta,47.9025,22.796111,2026-06-29 10:52:07.811788,36.14,36.13,36.14,36.14,1017,29,1.17,30,31,0.0,Clouds,scattered clouds,10
Eperjeske alsó,48.360556,22.19,2026-06-29 10:52:09.075068,35.0,35.83,35.0,35.0,1018,35,2.03,315,66,0.0,Clouds,broken clouds,10
Mándok,48.326944,22.196389,2026-06-29 10:52:10.340411,34.92,35.7,34.92,34.92,1018,35,2.35,317,66,0.0,Clouds,broken clouds,10
Tornyospálca,48.268333,22.201944,2026-06-29 10:52:11.613490,34.91,35.68,34.91,34.91,1018,35,2.68,319,64,0.0,Clouds,broken clouds,10
Aranyosapáti,48.211303,22.253534,2026-06-29 10:52:12.877586,35.0,35.58,35.0,35.0,1018,34,3.1,323,58,0.0,Clouds,broken clouds,10
Gyüre,48.171389,22.269167,2026-06-29 10:52:14.146542,34.99,35.32,34.99,34.99,1017,33,3.48,327,55,0.0,Clouds,broken clouds,10
Varsány,48.151722,22.290047,2026-06-29 10:52:15.405888,35.04,35.17,35.04,35.04,1017,32,3.7,330,53,0.0,Clouds,broken clouds,10
Vásárosnamény,48.126667,22.306111,2026-06-29 10:52:16.680642,35.06,35.2,35.06,35.06,1017,32,3.86,332,51,0.0,Clouds,broken clouds,10
Vitka,48.095556,22.308056,2026-06-29 10:52:17.938283,35.07,35.21,35.07,35.07,1017,32,3.98,333,49,0.0,Clouds,scattered clouds,10
Nagydobos,48.054167,22.311111,2026-06-29 10:52:19.196199,35.03,34.93,35.03,35.03,1017,31,4.07,335,47,0.0,Clouds,scattered clouds,10
Ópályi,47.997778,22.318333,2026-06-29 10:52:20.460955,35.08,34.79,35.08,35.08,1017,30,4.19,335,42,0.0,Clouds,scattered clouds,10
Nyírcsaholy,47.908056,22.348333,2026-06-29 10:52:21.723166,35.28,34.66,35.28,35.28,1017,28,4.0,332,38,0.0,Clouds,scattered clouds,10
Nagyecsed,47.864722,22.385556,2026-06-29 10:52:22.989349,35.45,34.7,35.45,35.45,1017,27,3.4,328,37,0.0,Clouds,scattered clouds,10
Tiborszállás,47.815278,22.402778,2026-06-29 10:52:24.254165,35.5,34.57,35.5,35.5,1017,26,3.05,322,32,0.0,Clouds,scattered clouds,10
Kiskunhalas,46.434444,19.493611,2026-06-29 10:52:25.516104,37.28,35.74,37.28,37.28,1017,20,3.83,161,0,0.0,Clear,clear sky,10
Kecskemét alsó,46.895833,19.692222,2026-06-29 10:52:26.780078,38.78,37.45,38.77,38.78,1017,19,3.49,192,0,0.0,Clear,clear sky,10
Putnok,48.286667,20.4375,2026-06-29 10:52:28.044200,33.77,33.51,33.77,33.77,1018,33,2.25,277,25,0.0,Clouds,scattered clouds,10
Bánréve,48.299722,20.351944,2026-06-29 10:52:29.316123,33.88,33.67,33.88,33.88,1018,33,2.3,268,22,0.0,Clouds,few clouds,10
Ipolytarnóc,48.236667,19.629167,2026-06-29 10:52:30.580256,34.13,32.96,34.13,34.13,1018,27,2.55,182,4,0.0,Clear,clear sky,10
Rákosliget,47.486111,19.257778,2026-06-29 10:52:31.850184,37.89,38.02,37.4,39.09,1018,26,2.6,224,0,0.0,Clear,clear sky,10
Ikrény,47.657778,17.524167,2026-06-29 10:52:33.119801,36.99,36.42,36.99,36.99,1016,25,3.64,193,0,0.0,Clear,clear sky,10
Rábapatona,47.648889,17.461944,2026-06-29 10:52:34.383403,37.0,36.68,37.0,37.0,1016,26,3.64,193,0,0.0,Clear,clear sky,10
Enese,47.644167,17.425278,2026-06-29 10:52:35.647082,36.99,36.66,36.99,36.99,1016,26,3.59,189,0,0.0,Clear,clear sky,10
Kóny,47.632222,17.357222,2026-06-29 10:52:36.915350,36.96,36.62,36.96,36.96,1016,26,3.66,187,0,0.0,Clear,clear sky,10
Farád,47.595278,17.195833,2026-06-29 10:52:38.177378,36.12,35.42,36.12,36.12,1016,26,3.53,174,0,0.0,Clear,clear sky,10
Rábatamási,47.592778,17.161389,2026-06-29 10:52:39.447008,36.12,35.42,36.12,36.12,1016,26,3.53,174,0,0.0,Clear,clear sky,10
Szárföld,47.589167,17.123889,2026-06-29 10:52:40.706457,36.1,35.39,36.1,36.1,1016,26,3.5,172,0,0.0,Clear,clear sky,10
Veszkény,47.586944,17.101389,2026-06-29 10:52:41.970935,36.11,35.4,36.11,36.11,1016,26,3.45,172,0,0.0,Clear,clear sky,10
Kapuvár,47.581944,17.046944,2026-06-29 10:52:43.233176,36.09,35.38,36.09,36.09,1016,26,3.43,171,0,0.0,Clear,clear sky,10
Vitnyéd-Csermajor,47.5825,16.987222,2026-06-29 10:52:44.492089,36.1,35.39,36.1,36.1,1016,26,3.36,171,0,0.0,Clear,clear sky,10
Petőháza,47.595278,16.893056,2026-06-29 10:52:45.756127,36.05,35.32,36.05,36.05,1016,26,3.11,169,0,0.0,Clear,clear sky,10
Fertőszentmiklós,47.6,16.858889,2026-06-29 10:52:47.016362,36.05,35.32,36.05,36.05,1016,26,3.05,169,0,0.0,Clear,clear sky,10
Pinnye,47.600278,16.768611,2026-06-29 10:52:48.283156,35.93,35.16,35.93,35.93,1016,26,2.96,178,0,0.0,Clear,clear sky,10
Fertőboz,47.625,16.691667,2026-06-29 10:52:49.550426,35.77,34.94,35.77,35.77,1016,26,2.81,184,0,0.0,Clear,clear sky,10
Sopron,47.677778,16.587222,2026-06-29 10:52:50.808910,35.47,35.36,35.47,35.47,1017,30,2.9,190,0,0.0,Clear,clear sky,10
Fertőszéplak-Fertőd,47.618889,16.850833,2026-06-29 10:52:52.076267,36.07,35.35,36.07,36.07,1016,26,2.78,167,0,0.0,Clear,clear sky,10
Nyúl,47.587778,17.698056,2026-06-29 10:52:53.342289,36.94,36.12,36.94,36.94,1017,24,3.72,189,0,0.0,Clear,clear sky,10
Pannonhalma,47.547778,17.740833,2026-06-29 10:52:54.606131,36.75,35.86,36.75,36.75,1017,24,3.69,188,0,0.0,Clear,clear sky,10
Tarjánpuszta,47.504722,17.789167,2026-06-29 10:52:55.869977,36.67,35.55,36.67,36.67,1017,23,3.84,190,0,0.0,Clear,clear sky,10
Győrasszonyfa,47.4925,17.799167,2026-06-29 10:52:57.130335,36.67,35.55,36.67,36.67,1017,23,3.84,190,0,0.0,Clear,clear sky,10
Veszprémvarsány,47.443333,17.818333,2026-06-29 10:52:58.398595,36.58,35.43,36.58,36.58,1017,23,4.04,191,0,0.0,Clear,clear sky,10
Bakonyszentlászló,47.395556,17.8175,2026-06-29 10:52:59.662959,36.2,34.93,36.2,36.2,1017,23,4.23,192,0,0.0,Clear,clear sky,10
Porva-Csesznek,47.326944,17.841111,2026-06-29 10:53:00.922981,34.81,33.35,34.81,34.81,1018,24,4.29,191,0,0.0,Clear,clear sky,10
Zirc,47.266667,17.878056,2026-06-29 10:53:02.186196,37.01,36.22,37.01,37.01,1018,24,4.11,190,0,0.0,Clear,clear sky,10
Eplény,47.192778,17.921667,2026-06-29 10:53:03.448812,37.14,36.64,37.14,37.14,1018,25,3.52,192,0,0.0,Clear,clear sky,10
Marcaltő,47.4275,17.348889,2026-06-29 10:53:04.711642,36.89,36.28,36.89,36.89,1017,25,4.55,177,0,0.0,Clear,clear sky,10
Szany-Rábaszentandrás,47.460833,17.315278,2026-06-29 10:53:05.976477,36.91,36.31,36.91,36.91,1017,25,4.33,179,0,0.0,Clear,clear sky,10
Egyed-Rábacsanak,47.521944,17.316389,2026-06-29 10:53:07.242334,36.91,36.55,36.91,36.91,1016,26,4.08,181,0,0.0,Clear,clear sky,10
Rábapordány,47.557222,17.315,2026-06-29 10:53:08.503879,36.94,36.59,36.94,36.94,1016,26,3.96,182,0,0.0,Clear,clear sky,10
Albertfalva,47.440784,19.033965,2026-06-29 10:53:09.765701,38.72,39.33,37.65,39.34,1017,26,2.68,167,0,0.0,Clear,clear sky,10
Budafok,47.425833,19.041389,2026-06-29 10:53:11.032331,38.78,39.43,37.66,39.35,1017,26,2.68,167,0,0.0,Clear,clear sky,10
Tétényliget,47.384722,18.955278,2026-06-29 10:53:12.297272,39.01,39.8,37.68,39.37,1017,26,2.68,167,0,0.0,Clear,clear sky,10
Érd alsó,47.379722,18.923056,2026-06-29 10:53:13.550249,37.67,37.68,37.54,37.7,1017,26,3.43,199,0,0.0,Clear,clear sky,10
Tárnok,47.365556,18.873889,2026-06-29 10:53:14.808272,37.71,37.74,37.61,37.77,1017,26,3.73,198,0,0.0,Clear,clear sky,10
Martonvásár,47.321389,18.781667,2026-06-29 10:53:16.074569,38.55,37.63,36.05,39.23,1017,21,3.91,197,0,0.0,Clear,clear sky,10
Baracska,47.297222,18.753333,2026-06-29 10:53:17.342067,39.33,38.72,36.15,39.33,1017,21,3.94,196,0,0.0,Clear,clear sky,10
Pettend,47.26,18.708889,2026-06-29 10:53:18.612115,36.65,35.14,36.65,36.65,1017,21,3.95,193,0,0.0,Clear,clear sky,10
Kápolnásnyék,47.245556,18.692222,2026-06-29 10:53:19.880203,36.8,35.33,36.8,36.8,1017,21,3.97,191,0,0.0,Clear,clear sky,10
Velence,47.226944,18.663889,2026-06-29 10:53:21.142206,36.89,35.44,36.89,36.89,1017,21,3.96,190,0,0.0,Clear,clear sky,10
Velencefürdő,47.218611,18.648056,2026-06-29 10:53:22.404594,36.94,35.5,36.94,36.94,1017,21,4.0,189,0,0.0,Clear,clear sky,10
Gárdony,47.205833,18.624722,2026-06-29 10:53:23.669102,36.98,35.56,36.98,36.98,1017,21,4.0,187,0,0.0,Clear,clear sky,10
Agárd,47.197666,18.604907,2026-06-29 10:53:24.932639,36.98,35.56,36.98,36.98,1017,21,4.0,187,0,0.0,Clear,clear sky,10
Dinnyés,47.179722,18.560833,2026-06-29 10:53:26.190403,37.02,35.61,37.02,37.02,1017,21,4.05,185,0,0.0,Clear,clear sky,10
Székesfehérvár,47.183611,18.424722,2026-06-29 10:53:27.452447,37.08,35.68,37.08,37.08,1017,21,4.0,185,0,0.0,Clear,clear sky,10
Szabadbattyán,47.105278,18.388333,2026-06-29 10:53:28.715423,37.2,35.64,37.2,37.2,1017,20,4.05,183,0,0.0,Clear,clear sky,10
Kiscséripuszta,47.048056,18.355,2026-06-29 10:53:29.980054,35.79,33.94,35.79,35.79,1017,20,3.98,182,0,0.0,Clear,clear sky,10
Lepsény,46.9875,18.248056,2026-06-29 10:53:31.246405,36.01,43.01,36.01,36.01,1017,60,3.71,181,0,0.0,Clear,clear sky,10
Balatonaliga,46.984444,18.171389,2026-06-29 10:53:32.512569,35.82,42.82,35.82,35.82,1017,60,3.19,190,0,0.0,Clear,clear sky,10
Balatonvilágos,46.964167,18.157222,2026-06-29 10:53:33.778617,35.86,42.86,35.86,35.86,1017,60,2.93,190,0,0.0,Clear,clear sky,10
Szabadifürdő,46.926111,18.103333,2026-06-29 10:53:35.045216,36.03,43.03,36.03,36.03,1017,60,2.67,183,0,0.0,Clear,clear sky,10
Ózd alsó,48.227778,20.306111,2026-06-29 10:53:36.310262,33.68,33.39,33.68,33.68,1019,33,2.51,272,19,0.0,Clouds,few clouds,10
Ózd,48.2225,20.294722,2026-06-29 10:53:37.569902,33.68,33.39,33.68,33.68,1019,33,2.51,272,19,0.0,Clouds,few clouds,10
Alsóboldva,48.212778,20.792222,2026-06-29 10:53:38.831482,39.56,44.55,39.56,39.56,1018,35,3.42,310,19,0.0,Clouds,few clouds,10
Boldva,48.223333,20.790278,2026-06-29 10:53:40.101597,39.56,44.55,39.56,39.56,1018,35,3.42,310,19,0.0,Clouds,few clouds,10
Borsodszirák,48.259167,20.770556,2026-06-29 10:53:41.366184,33.63,33.7,33.63,33.63,1018,35,3.39,306,16,0.0,Clouds,few clouds,10
Edelény alsó,48.279167,20.760833,2026-06-29 10:53:42.631115,33.63,33.7,33.63,33.63,1018,35,3.39,306,16,0.0,Clouds,few clouds,10
Edelény,48.299722,20.749444,2026-06-29 10:53:43.894224,33.65,33.53,33.65,33.65,1018,34,3.34,303,14,0.0,Clouds,few clouds,10
Szendrőlád,48.334444,20.731944,2026-06-29 10:53:45.161547,32.71,32.08,32.71,32.71,1018,33,3.14,292,12,0.0,Clouds,few clouds,10
Szendrő,48.400725,20.721346,2026-06-29 10:53:46.424960,33.71,33.43,33.71,33.71,1018,33,3.1,278,11,0.0,Clouds,few clouds,10
Szendrő felső,48.409907,20.720148,2026-06-29 10:53:47.689743,33.71,33.43,33.71,33.71,1018,33,3.1,278,11,0.0,Clouds,few clouds,10
Szalonna,48.449444,20.722222,2026-06-29 10:53:48.959732,33.85,33.44,33.85,33.85,1018,32,3.19,264,11,0.0,Clouds,few clouds,10
Perkupa,48.471389,20.691111,2026-06-29 10:53:50.225534,33.17,32.52,33.17,33.17,1018,32,2.85,257,13,0.0,Clouds,few clouds,10
Szemeretelep,47.443056,19.214167,2026-06-29 10:53:51.491319,38.13,38.39,37.47,39.16,1017,26,2.61,216,0,0.0,Clear,clear sky,10
Jósvafő-Aggtelek,48.489722,20.693889,2026-06-29 10:53:52.756523,33.52,32.99,33.52,33.52,1018,32,2.95,251,14,0.0,Clouds,few clouds,10
Bódvaszilas,48.5375,20.738056,2026-06-29 10:53:54.022181,33.16,32.35,33.16,33.16,1018,31,3.42,247,15,0.0,Clouds,few clouds,10
Komjáti,48.5475,20.759722,2026-06-29 10:53:55.287396,32.74,31.82,32.74,32.74,1018,31,3.58,243,17,0.0,Clouds,few clouds,10
Tornanádaska,48.558333,20.787222,2026-06-29 10:53:56.588566,33.9,33.33,33.9,33.9,1017,31,3.68,243,18,0.0,Clouds,few clouds,10
Onga,48.121111,20.906667,2026-06-29 10:53:57.857442,39.62,45.18,39.62,39.62,1018,36,2.62,300,29,0.0,Clouds,scattered clouds,10
Szikszó-Vásártér,48.193056,20.934722,2026-06-29 10:53:59.118885,39.58,44.6,39.58,39.58,1018,35,3.01,311,23,0.0,Clouds,few clouds,10
Szikszó,48.201667,20.941667,2026-06-29 10:54:00.380362,33.65,33.73,33.65,33.65,1018,35,2.86,311,23,0.0,Clouds,few clouds,10
Aszaló,48.219867,20.961466,2026-06-29 10:54:01.655358,33.56,33.6,33.56,33.56,1018,35,2.99,311,21,0.0,Clouds,few clouds,10
Halmaj,48.246667,20.991667,2026-06-29 10:54:02.915858,33.8,33.75,33.8,33.8,1018,34,2.97,307,19,0.0,Clouds,few clouds,10
Csobád,48.277222,21.033889,2026-06-29 10:54:04.182576,33.91,33.91,33.91,33.91,1018,34,3.0,302,17,0.0,Clouds,few clouds,10
Ináncs,48.291111,21.057778,2026-06-29 10:54:05.446415,33.94,33.76,33.94,33.94,1017,33,3.02,292,17,0.0,Clouds,few clouds,10
Forró-Encs,48.3275,21.117778,2026-06-29 10:54:06.707129,33.96,33.78,33.96,33.96,1017,33,3.15,285,17,0.0,Clouds,few clouds,10
Méra,48.363056,21.140278,2026-06-29 10:54:07.972828,33.83,33.41,33.83,33.83,1017,32,3.39,277,19,0.0,Clouds,few clouds,10
Novajidrány,48.404444,21.170556,2026-06-29 10:54:09.237430,38.88,41.81,38.88,38.88,1017,32,3.36,274,21,0.0,Clouds,few clouds,10
Hernádszurdok,48.487222,21.213889,2026-06-29 10:54:10.507170,38.8,39.46,38.8,38.8,1017,26,2.81,271,29,0.0,Clouds,scattered clouds,10
Hidasnémeti,48.508333,21.229722,2026-06-29 10:54:11.772103,38.81,39.47,38.81,38.81,1017,26,2.62,269,30,0.0,Clouds,scattered clouds,10
Mád,48.19,21.268889,2026-06-29 10:54:13.034593,35.62,35.36,35.62,35.62,1018,29,1.35,283,27,0.0,Clouds,scattered clouds,10
Rátka,48.215,21.230278,2026-06-29 10:54:14.300873,35.78,35.59,35.78,35.78,1018,29,1.75,283,24,0.0,Clouds,few clouds,10
Tállya,48.226944,21.225278,2026-06-29 10:54:15.571491,35.73,35.52,35.73,35.73,1018,29,1.75,283,24,0.0,Clouds,few clouds,10
Golop,48.242778,21.204167,2026-06-29 10:54:16.837396,35.85,35.7,35.85,35.85,1018,29,2.29,289,21,0.0,Clouds,few clouds,10
Abaújszántó,48.286944,21.181667,2026-06-29 10:54:18.104898,35.76,36.55,35.76,35.76,1018,33,2.75,283,19,0.0,Clouds,few clouds,10
Abaújszántói fürdő,48.268333,21.179722,2026-06-29 10:54:19.375237,35.82,36.65,35.82,35.82,1018,33,2.52,286,20,0.0,Clouds,few clouds,10
Abaújkér,48.309444,21.198333,2026-06-29 10:54:20.640025,35.72,36.49,35.72,35.72,1018,33,2.96,281,19,0.0,Clouds,few clouds,10
Boldogkőváralja,48.345,21.208889,2026-06-29 10:54:21.907444,35.52,36.16,35.52,35.52,1017,33,2.79,275,22,0.0,Clouds,few clouds,10
Korlát-Vizsoly,48.365,21.219167,2026-06-29 10:54:23.169008,35.43,36.02,35.43,35.43,1017,33,2.91,274,23,0.0,Clouds,few clouds,10
Fony,48.411389,21.242778,2026-06-29 10:54:24.429449,38.68,41.83,38.68,38.68,1017,33,2.99,273,26,0.0,Clouds,scattered clouds,10
Hejce-Vilmány,48.419444,21.245556,2026-06-29 10:54:25.694414,38.65,41.77,38.65,38.65,1017,33,2.99,273,26,0.0,Clouds,scattered clouds,10
Göncruszka,48.445,21.246944,2026-06-29 10:54:26.959899,38.74,41.54,38.74,38.74,1017,32,2.92,273,27,0.0,Clouds,scattered clouds,10
Gönc,48.470556,21.261389,2026-06-29 10:54:28.227130,38.64,41.35,38.64,38.64,1017,32,2.56,274,30,0.0,Clouds,scattered clouds,10
Zsujta,48.4925,21.265,2026-06-29 10:54:29.501968,38.66,39.23,38.66,38.66,1017,26,2.38,272,31,0.0,Clouds,scattered clouds,10
Bodrogkeresztúr,48.175556,21.354167,2026-06-29 10:54:30.764875,35.89,35.75,35.89,35.89,1018,29,0.74,284,30,0.0,Clouds,scattered clouds,10
Szegi,48.201944,21.387778,2026-06-29 10:54:32.036271,35.93,35.81,35.93,35.93,1018,29,0.53,247,33,0.0,Clouds,scattered clouds,10
Erdőbénye,48.218056,21.401944,2026-06-29 10:54:33.303359,35.9,35.77,35.9,35.9,1018,29,0.63,224,35,0.0,Clouds,scattered clouds,10
Olaszliszka-Tolcsva,48.258333,21.448056,2026-06-29 10:54:34.563799,35.93,35.81,35.93,35.93,1018,29,0.82,217,38,0.0,Clouds,scattered clouds,10
Bodrogolaszi,48.286944,21.512778,2026-06-29 10:54:35.835348,35.87,37.9,35.87,35.87,1018,37,0.73,208,40,0.0,Clouds,scattered clouds,10
Sárospatak,48.325833,21.566111,2026-06-29 10:54:37.103043,35.82,38.79,35.82,35.82,1018,40,0.44,150,46,0.0,Clouds,scattered clouds,10
Sátoraljaújhely,48.385833,21.657778,2026-06-29 10:54:38.371582,34.24,37.91,34.24,34.24,1018,47,0.9,84,50,0.0,Clouds,scattered clouds,10
Vecsés,47.40855,19.25652,2026-06-29 10:54:39.637541,38.32,38.69,37.63,39.2,1017,26,2.87,220,0,0.0,Clear,clear sky,10
Vecsés-Kertekalja,47.403333,19.271389,2026-06-29 10:54:40.895263,38.37,38.77,37.67,39.23,1017,26,2.87,220,0,0.0,Clear,clear sky,10
Üllő,47.390833,19.348889,2026-06-29 10:54:42.154544,38.26,37.24,37.62,39.19,1017,21,3.15,223,0,0.0,Clear,clear sky,10
Monor,47.34545,19.43701,2026-06-29 10:54:43.415934,40.49,41.14,40.49,40.49,1017,23,3.53,223,0,0.0,Clear,clear sky,10
Pilis,47.279722,19.536389,2026-06-29 10:54:44.679312,40.31,40.15,40.31,40.45,1017,21,3.55,220,0,0.0,Clear,clear sky,10
Albertirsa,47.240278,19.606389,2026-06-29 10:54:45.942226,40.4,39.95,40.4,40.4,1017,20,3.42,215,0,0.0,Clear,clear sky,10
Ceglédbercel-Cserő,47.210278,19.686944,2026-06-29 10:54:47.202822,40.47,40.05,40.47,40.47,1017,20,3.31,213,1,0.0,Clear,clear sky,10
Cegléd,47.182778,19.806111,2026-06-29 10:54:48.463100,40.57,40.2,38.23,40.57,1017,20,3.17,209,1,0.0,Clear,clear sky,10
Abony,47.173056,20.016389,2026-06-29 10:54:49.725261,38.29,39.27,38.29,40.64,1017,28,3.07,216,1,0.0,Clear,clear sky,10
Szolnok,47.179167,20.175833,2026-06-29 10:54:50.982941,38.31,39.31,38.31,40.66,1017,28,1.34,231,0,0.0,Clear,clear sky,10
Szajol,47.170556,20.295278,2026-06-29 10:54:52.253465,38.32,39.32,38.32,38.32,1017,28,3.14,232,1,0.0,Clear,clear sky,10
Törökszentmiklós,47.170278,20.413611,2026-06-29 10:54:53.514759,38.32,37.57,38.32,38.32,1017,22,3.12,233,1,0.0,Clear,clear sky,10
Rákoscsaba-Újtelep,47.4875,19.271944,2026-06-29 10:54:54.780125,37.89,38.02,37.4,39.09,1018,26,2.6,224,0,0.0,Clear,clear sky,10
Rákoscsaba,47.492222,19.284722,2026-06-29 10:54:56.042977,37.53,37.47,37.52,39.08,1018,26,2.73,227,0,0.0,Clear,clear sky,10
Pécel,47.493889,19.338889,2026-06-29 10:54:57.302250,37.41,36.32,37.4,38.96,1018,22,2.87,229,0,0.0,Clear,clear sky,10
Isaszeg,47.537719,19.388955,2026-06-29 10:54:58.582441,37.34,36.23,37.31,37.34,1018,22,3.04,233,0,0.0,Clear,clear sky,10
Gödöllő,47.592222,19.358611,2026-06-29 10:54:59.844320,37.11,35.92,35.47,37.12,1018,22,3.14,234,0,0.0,Clear,clear sky,10
Máriabesnyő,47.595556,19.389722,2026-06-29 10:55:01.114586,37.26,36.12,37.23,37.26,1018,22,3.14,234,0,0.0,Clear,clear sky,10
Bag,47.641111,19.471667,2026-06-29 10:55:02.388580,40.51,41.17,40.51,40.51,1018,23,3.53,236,0,0.0,Clear,clear sky,10
Aszód,47.647467,19.492882,2026-06-29 10:55:03.651358,40.58,41.28,40.58,40.58,1017,23,3.58,237,0,0.0,Clear,clear sky,10
Hévízgyörk,47.638611,19.526667,2026-06-29 10:55:04.919121,40.59,41.3,40.59,40.59,1017,23,3.59,237,0,0.0,Clear,clear sky,10
Galgahévíz,47.6325,19.558333,2026-06-29 10:55:06.190950,40.58,41.28,40.58,40.58,1017,23,3.62,238,0,0.0,Clear,clear sky,10
Tura,47.626389,19.5975,2026-06-29 10:55:07.454542,40.61,41.33,40.61,40.61,1017,23,3.6,239,0,0.0,Clear,clear sky,10
Hatvan,47.663611,19.671389,2026-06-29 10:55:08.717178,34.83,33.38,34.83,34.83,1017,24,3.49,241,1,0.0,Clear,clear sky,10
Vámosgyörk,47.686111,19.927778,2026-06-29 10:55:09.977359,36.61,35.89,36.61,36.61,1017,25,3.2,249,2,0.0,Clear,clear sky,10
Adács,47.696389,19.975278,2026-06-29 10:55:11.240525,36.56,35.82,36.56,36.56,1018,25,3.14,253,3,0.0,Clear,clear sky,10
Karácsond,47.718056,20.048611,2026-06-29 10:55:12.507644,36.59,36.32,36.59,36.59,1018,27,3.1,255,4,0.0,Clear,clear sky,10
Ludas,47.723889,20.095556,2026-06-29 10:55:13.780283,36.54,36.24,36.54,36.54,1018,27,3.2,260,4,0.0,Clear,clear sky,10
Nagyút,47.72666666666667,20.161388888888887,2026-06-29 10:55:15.042015,36.57,36.29,36.57,36.57,1018,27,3.25,262,4,0.0,Clear,clear sky,10
Kál-Kápolna,47.734167,20.254167,2026-06-29 10:55:16.314088,36.54,36.24,36.54,36.54,1018,27,3.53,266,3,0.0,Clear,clear sky,10
Füzesabony,47.751389,20.415278,2026-06-29 10:55:17.579503,34.04,33.17,34.04,34.04,1018,29,3.78,270,3,0.0,Clear,clear sky,10
Szihalom,47.766944,20.491944,2026-06-29 10:55:18.843408,39.61,42.38,39.61,39.61,1018,30,3.78,270,4,0.0,Clear,clear sky,10
Mezőkövesd,47.797222,20.5675,2026-06-29 10:55:20.117784,39.62,42.83,39.62,39.62,1018,31,3.81,270,7,0.0,Clear,clear sky,10
Mezőkövesd felső,47.807222,20.591389,2026-06-29 10:55:21.381080,39.6,42.79,39.6,39.6,1018,31,3.81,270,7,0.0,Clear,clear sky,10
Mezőkeresztes-Mezőnyárád,47.845556,20.670278,2026-06-29 10:55:22.643438,39.6,41.16,39.6,39.6,1018,27,3.78,270,13,0.0,Clouds,few clouds,10
Csincse,47.890833,20.764167,2026-06-29 10:55:23.908004,39.62,41.19,39.62,39.62,1018,27,1.79,293,17,0.0,Clouds,few clouds,10
Emőd,47.930556,20.822778,2026-06-29 10:55:25.165503,39.64,41.23,39.64,39.64,1018,27,1.79,293,23,0.0,Clouds,few clouds,10
Nyékládháza,47.9925,20.840556,2026-06-29 10:55:26.425482,39.67,41.28,39.67,39.67,1018,27,1.79,293,28,0.0,Clouds,scattered clouds,10
Miskolc-Tiszai,48.098611,20.811389,2026-06-29 10:55:27.693228,39.59,41.14,39.59,39.59,1018,27,3.11,293,27,0.0,Clouds,scattered clouds,10
Felsőzsolca,48.083611,20.866111,2026-06-29 10:55:28.970233,39.62,41.19,39.62,39.62,1018,27,2.89,293,29,0.0,Clouds,scattered clouds,10
Hernádnémeti-Bőcs,48.051389,20.985,2026-06-29 10:55:30.238339,39.62,45.18,39.62,39.62,1017,36,2.14,289,33,0.0,Clouds,scattered clouds,10
Tiszalúc,48.039722,21.0575,2026-06-29 10:55:31.500377,39.66,44.77,35.92,39.66,1017,35,1.66,290,34,0.0,Clouds,scattered clouds,10
Taktaharkány,48.091667,21.128611,2026-06-29 10:55:32.765428,35.97,35.87,35.97,35.97,1017,29,1.6,302,33,0.0,Clouds,scattered clouds,10
Taktaszada,48.1125,21.149444,2026-06-29 10:55:34.031704,35.98,35.89,35.98,35.98,1017,29,1.59,305,31,0.0,Clouds,scattered clouds,10
Szerencs,48.155556,21.214444,2026-06-29 10:55:35.289314,35.97,35.87,35.97,35.97,1018,29,1.39,295,28,0.0,Clouds,scattered clouds,10
Mezőzombor,48.156944,21.267778,2026-06-29 10:55:36.574952,35.97,35.87,35.97,35.97,1018,29,1.18,291,28,0.0,Clouds,scattered clouds,10
Tarcal,48.125,21.34,2026-06-29 10:55:37.839758,35.99,35.9,35.99,35.99,1017,29,0.74,327,31,0.0,Clouds,scattered clouds,10
Tokaj,48.112778,21.406667,2026-06-29 10:55:39.105165,35.95,35.84,35.95,35.95,1018,29,0.58,4,34,0.0,Clouds,scattered clouds,10
Rakamaz,48.12,21.475,2026-06-29 10:55:40.373590,35.95,35.84,35.95,35.95,1018,29,0.62,10,34,0.0,Clouds,scattered clouds,10
Görögszállás,48.04,21.555,2026-06-29 10:55:41.655020,35.91,35.78,35.91,35.91,1017,29,1.76,4,31,0.0,Clouds,scattered clouds,10
Nyírtelek,48.005,21.615556,2026-06-29 10:55:42.916003,35.95,36.6,35.95,35.95,1017,32,2.44,355,30,0.0,Clouds,scattered clouds,10
Rákoshegy,47.468611,19.245556,2026-06-29 10:55:44.175362,37.9,37.75,37.35,39.04,1018,25,2.67,223,0,0.0,Clear,clear sky,10
Ecser,47.439444,19.318056,2026-06-29 10:55:45.435979,37.61,36.37,37.52,39.08,1017,21,2.86,224,0,0.0,Clear,clear sky,10
Maglód,47.438889,19.340833,2026-06-29 10:55:46.695532,37.5,36.23,37.46,39.03,1017,21,2.97,226,0,0.0,Clear,clear sky,10
Maglódi nyaraló,47.434167,19.363611,2026-06-29 10:55:47.959016,37.41,36.32,37.36,38.93,1017,22,3.09,228,0,0.0,Clear,clear sky,10
Gyömrő,47.429722,19.393333,2026-06-29 10:55:49.218932,37.36,36.25,37.33,38.89,1017,22,3.09,228,0,0.0,Clear,clear sky,10
Mende,47.426944,19.439722,2026-06-29 10:55:50.482650,40.21,40.69,37.29,40.21,1017,23,3.43,229,0,0.0,Clear,clear sky,10
Szőlősnyaraló,47.450278,19.561111,2026-06-29 10:55:51.743739,40.44,41.06,39.74,40.44,1017,23,3.52,232,0,0.0,Clear,clear sky,10
Sülysáp,47.451944,19.5275,2026-06-29 10:55:53.003693,40.42,41.02,39.72,40.42,1017,23,3.52,232,0,0.0,Clear,clear sky,10
Tápiószecső,47.443056,19.614722,2026-06-29 10:55:54.265176,39.82,39.75,39.82,40.53,1017,22,3.49,232,0,0.0,Clear,clear sky,10
Szentmártonkáta,47.431944,19.680556,2026-06-29 10:55:55.525895,39.85,39.16,39.85,40.55,1017,20,3.39,231,0,0.0,Clear,clear sky,10
Nagykáta,47.409722,19.737778,2026-06-29 10:55:56.801434,39.92,39.26,39.92,39.92,1017,20,3.32,229,0,0.0,Clear,clear sky,10
Farmos,47.355278,19.8375,2026-06-29 10:55:58.063391,40.03,39.42,40.03,40.03,1017,20,3.2,224,0,0.0,Clear,clear sky,10
Tápiószele,47.346313,19.873504,2026-06-29 10:55:59.331645,40.01,39.39,40.01,40.01,1017,20,3.19,222,0,0.0,Clear,clear sky,10
Tápiógyörgye,47.325,19.95,2026-06-29 10:56:00.594514,40.07,39.48,38.28,40.07,1017,20,3.21,225,0,0.0,Clear,clear sky,10
Újszász,47.285833,20.066944,2026-06-29 10:56:01.858947,40.11,39.53,38.32,40.11,1017,20,3.23,226,0,0.0,Clear,clear sky,10
Szurdokpüspöki,47.851944,19.690278,2026-06-29 10:56:03.122942,36.39,35.58,36.39,36.39,1018,25,2.73,243,5,0.0,Clear,clear sky,10
Lőrinci,47.739444,19.673611,2026-06-29 10:56:04.391477,36.46,35.47,36.46,36.46,1018,24,3.37,241,2,0.0,Clear,clear sky,10
Selyp,47.759167,19.670833,2026-06-29 10:56:05.658718,36.46,35.47,36.46,36.46,1018,24,3.28,241,3,0.0,Clear,clear sky,10
Apc-Zagyvaszántó,47.791328,19.66822,2026-06-29 10:56:06.923109,36.43,35.43,36.43,36.43,1018,24,3.18,242,3,0.0,Clear,clear sky,10
Pásztó,47.918889,19.688889,2026-06-29 10:56:08.187794,36.27,35.42,36.27,36.27,1018,25,2.39,243,6,0.0,Clear,clear sky,10
Mátraszőlős-Hasznos,47.938506,19.706122,2026-06-29 10:56:09.451014,36.23,35.57,36.23,36.23,1018,26,2.2,246,7,0.0,Clear,clear sky,10
Tar,47.956111,19.746389,2026-06-29 10:56:10.727298,36.17,35.49,36.17,36.17,1018,26,2.05,251,8,0.0,Clear,clear sky,10
Mátraverebély,47.968333,19.778611,2026-06-29 10:56:11.993295,35.84,35.03,35.84,35.84,1018,26,2.05,251,8,0.0,Clear,clear sky,10
Nagybátony,47.981111,19.82,2026-06-29 10:56:13.257195,36.05,35.54,36.05,36.05,1018,27,1.96,253,8,0.0,Clear,clear sky,10
Kisterenye,48.009444,19.831944,2026-06-29 10:56:14.527870,36.04,35.52,36.04,36.04,1018,27,1.93,255,9,0.0,Clear,clear sky,10
Kisterenye-Bányatelep,48.021389,19.831944,2026-06-29 10:56:15.795256,36.04,35.52,36.04,36.04,1018,27,1.93,255,9,0.0,Clear,clear sky,10
Salgótarján külső,48.089444,19.790833,2026-06-29 10:56:17.060955,35.77,35.35,35.77,35.77,1018,28,1.54,238,7,0.0,Clear,clear sky,10
Balatonfenyves GV,46.7125,17.479167,2026-06-29 10:56:18.329773,35.94,35.6,35.94,35.94,1017,28,1.85,159,0,0.0,Clear,clear sky,10
Várhegyalja,47.737778,18.366667,2026-06-29 10:56:19.593009,36.18,34.91,36.18,36.18,1017,23,2.59,182,1,0.0,Clear,clear sky,10
Imremajor,46.680556,17.499722,2026-06-29 10:56:20.857610,36.05,35.76,36.05,36.05,1017,28,2.12,164,0,0.0,Clear,clear sky,10
Rákospalota-Kertváros,47.578333,19.122778,2026-06-29 10:56:22.119399,37.75,37.53,37.6,39.29,1018,25,0.45,108,0,0.0,Clear,clear sky,10
Vicziántelep,47.675833,19.286111,2026-06-29 10:56:23.379475,37.22,36.28,35.58,37.22,1018,23,3.15,230,0,0.0,Clear,clear sky,10
Pálmajor,46.662831,17.457526,2026-06-29 10:56:24.642892,36.16,35.69,36.16,36.16,1017,27,2.48,167,0,0.0,Clear,clear sky,10
Somogyszentpál felső,46.649758,17.471404,2026-06-29 10:56:25.901613,36.12,35.64,36.12,36.12,1017,27,2.44,167,0,0.0,Clear,clear sky,10
Somogyszentpál,46.638611,17.478611,2026-06-29 10:56:27.162172,36.16,35.47,36.16,36.16,1017,26,2.77,170,0,0.0,Clear,clear sky,10
Rudnaykert,47.7175,19.257778,2026-06-29 10:56:28.420405,37.57,36.77,37.53,37.57,1018,23,3.27,226,0,0.0,Clear,clear sky,10
Maroshegy,47.158333,18.406667,2026-06-29 10:56:29.683410,37.12,35.73,37.12,37.12,1017,21,4.04,184,0,0.0,Clear,clear sky,10
Bánhida,47.573703,18.371737,2026-06-29 10:56:30.945401,36.1,34.63,36.1,36.1,1017,22,2.85,186,1,0.0,Clear,clear sky,10
Magyarkút,47.850278,19.045,2026-06-29 10:56:32.202386,34.41,32.87,34.41,34.41,1018,24,3.01,211,0,0.0,Clear,clear sky,10
Becske alsó,47.897222,19.364722,2026-06-29 10:56:33.469425,33.74,31.98,33.74,33.74,1018,23,3.47,219,3,0.0,Clear,clear sky,10
Hosszúberek-Péteri,47.370556,19.389722,2026-06-29 10:56:34.732036,40.52,41.19,37.6,40.53,1017,23,3.33,222,0,0.0,Clear,clear sky,10
Monorierdő,47.308889,19.499167,2026-06-29 10:56:35.998588,40.43,40.33,39.73,40.43,1017,21,3.56,221,0,0.0,Clear,clear sky,10
Ceglédbercel,47.215833,19.658611,2026-06-29 10:56:37.266638,39.9,39.24,39.9,39.9,1017,20,3.36,213,1,0.0,Clear,clear sky,10
Budai út,47.208333,19.731389,2026-06-29 10:56:38.529510,39.94,39.29,39.94,39.94,1017,20,3.28,212,1,0.0,Clear,clear sky,10
Büdöskútpuszta,48.373056,20.726111,2026-06-29 10:56:39.791148,33.81,33.57,33.81,33.81,1018,33,3.1,286,11,0.0,Clouds,few clouds,10
Bánrévei Vízmű,48.282778,20.368333,2026-06-29 10:56:41.058328,33.82,33.59,33.82,33.82,1018,33,2.28,271,23,0.0,Clouds,few clouds,10
Rákoskert,47.456389,19.296111,2026-06-29 10:56:42.326074,37.39,37.26,37.39,38.95,1018,26,2.78,225,0,0.0,Clear,clear sky,10
Szirmabesenyő,48.146944,20.783056,2026-06-29 10:56:43.590246,39.52,44.96,39.52,39.52,1018,36,3.22,302,24,0.55,Rain,light rain,10
Kitérőgyár,47.766944,19.935278,2026-06-29 10:56:44.852540,36.28,35.87,36.28,36.28,1018,27,2.97,254,5,0.0,Clear,clear sky,10
Tápiószentmárton,47.373333,19.797778,2026-06-29 10:56:46.117606,39.97,39.33,39.97,39.97,1017,20,3.21,224,0,0.0,Clear,clear sky,10
Zagyvarékas,47.244229,20.097435,2026-06-29 10:56:47.380605,38.33,39.02,38.33,40.12,1017,27,3.17,225,0,0.0,Clear,clear sky,10
Abonyi út,47.206401,20.125204,2026-06-29 10:56:48.648853,38.33,39.02,38.33,40.12,1017,27,3.13,224,0,0.0,Clear,clear sky,10
Jászkisér felső,47.438056,20.202222,2026-06-29 10:56:49.907847,40.0,40.72,40.0,40.0,1017,24,3.48,247,3,0.0,Clear,clear sky,10
Szellőhát,47.425556,20.188889,2026-06-29 10:56:51.168238,40.11,40.89,40.11,40.11,1017,24,3.46,244,2,0.0,Clear,clear sky,10
Szilvásvárad-Szalajkavölgy,48.0956,20.38272,2026-06-29 10:56:52.432332,32.6,31.94,32.6,32.6,1019,33,2.56,281,17,0.0,Clouds,few clouds,10
Vásárosnamény külső,48.084444,22.255556,2026-06-29 10:56:53.707097,34.93,35.0,34.93,34.93,1017,32,3.94,333,48,0.0,Clouds,scattered clouds,10
Újváros,46.660556,20.536111,2026-06-29 10:56:54.969725,40.55,39.53,40.55,40.55,1017,18,3.67,171,1,0.0,Clear,clear sky,10
Városi park,46.697778,19.864722,2026-06-29 10:56:56.232232,38.89,38.66,38.88,41.03,1017,23,3.75,182,0,0.0,Clear,clear sky,10
Belsőkamaráspuszta,46.341944,20.848889,2026-06-29 10:56:57.494546,38.36,38.75,38.36,38.36,1017,26,1.13,132,1,0.0,Clear,clear sky,10
Sajószöged,47.945278,20.981667,2026-06-29 10:56:58.758210,39.71,41.35,39.71,39.71,1017,27,2.78,269,28,0.0,Clouds,scattered clouds,10
Kazincbarcika alsó,48.255278,20.649167,2026-06-29 10:57:00.029077,33.43,33.41,33.43,33.43,1018,35,2.96,303,22,0.0,Clouds,few clouds,10
Nyárjas,46.857778,19.923611,2026-06-29 10:57:01.296573,38.84,38.3,38.84,40.99,1017,22,3.23,193,1,0.0,Clear,clear sky,10
Pogonyipuszta,48.296389,20.381667,2026-06-29 10:57:02.563476,33.82,33.59,33.82,33.82,1018,33,2.28,271,23,0.0,Clouds,few clouds,10
Sióvölgy,46.911103,18.076964,2026-06-29 10:57:03.827101,36.08,43.08,36.08,36.08,1017,60,2.24,188,0,0.0,Clear,clear sky,10
Répáspuszta,46.430278,17.847222,2026-06-29 10:57:05.093769,36.89,35.09,36.89,36.89,1017,19,4.24,165,5,0.0,Clear,clear sky,10
Virányos,48.066667,21.527222,2026-06-29 10:57:06.356782,35.94,35.83,35.94,35.94,1018,29,1.46,6,33,0.0,Clouds,scattered clouds,10
Füzesbokor,47.988611,21.6475,2026-06-29 10:57:07.623125,35.94,36.58,35.94,35.94,1017,32,2.83,352,28,0.0,Clouds,scattered clouds,10
Kunfehértó,46.355833,19.417222,2026-06-29 10:57:08.886460,37.06,35.66,37.06,37.06,1017,21,3.63,149,0,0.0,Clear,clear sky,10
Erdőszél,46.329444,19.395,2026-06-29 10:57:10.152829,36.9,35.45,36.9,36.9,1017,21,3.65,147,0,0.0,Clear,clear sky,10
Jánoshalma,46.293056,19.330278,2026-06-29 10:57:11.412800,36.96,35.73,36.96,36.96,1017,22,3.61,143,0,0.0,Clear,clear sky,10
Mélykút,46.213056,19.370556,2026-06-29 10:57:12.675765,39.34,39.03,39.34,39.34,1017,22,3.46,140,0,0.0,Clear,clear sky,10
Bácsalmás,46.118056,19.346389,2026-06-29 10:57:13.939650,39.38,39.4,39.38,39.38,1017,23,3.49,140,0,0.0,Clear,clear sky,10
Almás,46.116216,19.328803,2026-06-29 10:57:15.206177,39.4,39.43,39.4,39.4,1017,23,3.49,140,0,0.0,Clear,clear sky,10
Bácsbokod-Bácsborsód,46.115833,19.16,2026-06-29 10:57:16.468197,36.91,35.87,36.91,36.91,1017,23,3.8,143,0,0.0,Clear,clear sky,10
Baja,46.187014,18.957602,2026-06-29 10:57:17.729640,37.35,36.24,37.35,37.35,1017,22,4.03,147,0,0.0,Clear,clear sky,10
Harkakötöny,46.458333,19.601944,2026-06-29 10:57:18.989204,37.62,36.17,37.62,37.62,1017,20,3.86,167,0,0.0,Clear,clear sky,10
Tajó,46.473056,19.650556,2026-06-29 10:57:20.256623,37.66,36.22,37.66,37.66,1017,20,3.83,168,0,0.0,Clear,clear sky,10
Kiskunmajsa,46.501667,19.728056,2026-06-29 10:57:21.514215,38.12,36.82,37.7,38.84,1017,20,3.89,171,0,0.0,Clear,clear sky,10
Jászszentlászló,46.565833,19.753611,2026-06-29 10:57:22.772887,38.85,39.88,38.85,38.86,1017,27,4.01,176,0,0.0,Clear,clear sky,10
Galambos,46.625,19.801111,2026-06-29 10:57:24.034441,38.88,38.65,38.88,41.03,1017,23,3.97,178,0,0.0,Clear,clear sky,10
Pestszentimre,47.402222,19.188611,2026-06-29 10:57:25.292212,38.38,38.48,37.56,39.25,1017,25,2.89,211,0,0.0,Clear,clear sky,10
Gyál felső,47.390278,19.204722,2026-06-29 10:57:26.590950,38.58,38.79,37.69,39.25,1017,25,2.9,214,0,0.0,Clear,clear sky,10
Gyál,47.376667,19.219444,2026-06-29 10:57:27.849977,38.64,38.89,37.72,39.28,1017,25,2.9,214,0,0.0,Clear,clear sky,10
Ócsa,47.301389,19.232222,2026-06-29 10:57:29.107500,39.29,38.67,37.73,39.29,1017,21,3.45,211,0,0.0,Clear,clear sky,10
Inárcs-Kakucs,47.247222,19.317778,2026-06-29 10:57:30.368946,40.65,40.66,40.65,40.65,1017,21,3.71,213,0,0.0,Clear,clear sky,10
Dabas,47.194722,19.328889,2026-06-29 10:57:31.636834,36.31,34.72,36.31,36.31,1017,21,3.82,212,0,0.0,Clear,clear sky,10
Gyón,47.178333,19.355556,2026-06-29 10:57:32.902188,36.4,34.66,36.4,36.4,1017,20,3.84,210,0,0.0,Clear,clear sky,10
Hernád,47.161389,19.4025,2026-06-29 10:57:34.164154,36.27,34.51,36.27,36.27,1017,20,3.69,211,0,0.0,Clear,clear sky,10
Bakonygyirót,47.416389,17.811944,2026-06-29 10:57:35.422807,36.59,35.64,36.59,36.59,1017,24,4.16,192,0,0.0,Clear,clear sky,10
Vinye,47.360317,17.819635,2026-06-29 10:57:36.685206,36.1,34.8,36.1,36.1,1017,23,4.28,191,0,0.0,Clear,clear sky,10
Nemesgörzsöny,47.402924,17.376385,2026-06-29 10:57:37.948384,36.9,36.29,36.9,36.9,1017,25,4.64,179,0,0.0,Clear,clear sky,10
Rábahíd,47.438618,17.337525,2026-06-29 10:57:39.209146,36.91,36.31,36.91,36.91,1017,25,4.45,178,0,0.0,Clear,clear sky,10
Öskü,47.162222,18.076389,2026-06-29 10:57:40.476304,35.75,34.72,35.75,35.75,1017,25,3.67,198,0,0.0,Clear,clear sky,10
Márkó,47.1275,17.813889,2026-06-29 10:57:41.734080,37.61,38.46,37.61,37.61,1018,29,2.75,184,0,0.0,Clear,clear sky,10
Nemeskocs,47.203333,17.188889,2026-06-29 10:57:42.999477,36.6,36.1,36.6,36.6,1017,26,4.35,162,0,0.0,Clear,clear sky,10
Zalagyömörő,47.011111,17.220833,2026-06-29 10:57:44.262984,36.36,35.76,36.36,36.36,1017,26,3.73,150,0,0.0,Clear,clear sky,10
Rigács,47.061667,17.199167,2026-06-29 10:57:45.527815,36.34,35.73,36.34,36.34,1017,26,3.85,151,0,0.0,Clear,clear sky,10
Kemenespálfa,47.139722,17.183056,2026-06-29 10:57:46.792887,36.48,35.93,36.48,36.48,1017,26,4.16,156,0,0.0,Clear,clear sky,10
Lentiszombathely,46.611389,16.5725,2026-06-29 10:57:48.056357,36.24,37.65,34.95,36.24,1017,34,2.16,157,11,0.0,Clouds,few clouds,10
Ortaháza,46.626667,16.685833,2026-06-29 10:57:49.328515,35.33,35.61,35.33,35.33,1017,32,1.96,150,14,0.0,Clouds,few clouds,10
Rádiháza,46.654722,16.765833,2026-06-29 10:57:50.601791,35.36,35.42,35.36,35.36,1017,31,2.02,149,12,0.0,Clouds,few clouds,10
Baktüttös,46.690833,16.826389,2026-06-29 10:57:51.866258,35.52,35.43,35.52,35.52,1017,30,2.38,154,7,0.0,Clear,clear sky,10
Budafa,46.851667,16.624722,2026-06-29 10:57:53.130638,35.56,35.49,35.56,35.56,1017,30,2.96,148,0,0.0,Clear,clear sky,10
Zalapatakalja,46.845556,16.603889,2026-06-29 10:57:54.392541,35.53,35.68,35.53,35.53,1017,31,2.97,148,0,0.0,Clear,clear sky,10
Tormásliget,47.430556,16.781667,2026-06-29 10:57:55.653761,36.38,36.01,36.38,36.38,1017,27,3.82,176,0,0.0,Clear,clear sky,10
Belecska,46.64,18.411389,2026-06-29 10:57:56.920123,37.5,35.83,37.5,37.5,1017,19,4.32,151,0,0.0,Clear,clear sky,10
Almár,47.956111,20.356944,2026-06-29 10:57:58.191105,36.1,36.57,36.1,39.14,1019,31,2.94,278,8,0.0,Clear,clear sky,10
Vasútmúzeum,47.543889,19.099444,2026-06-29 10:57:59.455827,37.77,37.56,37.6,39.29,1018,25,0.89,156,0,0.0,Clear,clear sky,10
Abda,47.690833,17.540556,2026-06-29 10:58:00.718403,37.0,36.44,37.0,37.0,1016,25,3.43,192,0,0.0,Clear,clear sky,10
Vadaspark,47.526111,18.949167,2026-06-29 10:58:01.979033,35.84,34.47,35.8,37.49,1017,23,0.89,247,0,0.0,Clear,clear sky,10
Barosstelep,47.398889,18.989167,2026-06-29 10:58:03.243761,38.94,39.36,37.66,39.35,1017,25,2.24,217,0,0.0,Clear,clear sky,10
Fegyvernek-Örményes,47.194444,20.5575,2026-06-29 10:58:04.513044,35.29,33.79,35.29,35.29,1017,23,3.2,236,1,0.0,Clear,clear sky,10
Zagyvapálfalva,48.068889,19.785,2026-06-29 10:58:05.782566,35.77,35.14,35.77,35.77,1018,27,1.62,244,8,0.0,Clear,clear sky,10
Salgótarján,48.105556,19.807222,2026-06-29 10:58:07.046034,35.63,35.15,35.63,35.63,1018,28,1.5,232,6,0.0,Clear,clear sky,10
Szabadisóstó,46.933889,18.118056,2026-06-29 10:58:08.311780,36.06,43.06,36.06,36.06,1017,60,2.67,189,0,0.0,Clear,clear sky,10
Siófok,46.907778,18.053889,2026-06-29 10:58:09.570357,36.06,43.06,36.06,36.06,1017,60,2.24,188,0,0.0,Clear,clear sky,10
Balatonszéplak felső,46.898056,18.018056,2026-06-29 10:58:10.843498,36.06,43.06,36.06,36.06,1017,60,2.1,181,0,0.0,Clear,clear sky,10
Balatonszéplak alsó,46.891944,17.993333,2026-06-29 10:58:12.107743,36.06,43.06,36.06,36.06,1017,60,1.93,180,0,0.0,Clear,clear sky,10
Zamárdi felső,46.886111,17.969444,2026-06-29 10:58:13.375026,36.07,43.07,36.07,38.82,1017,60,1.78,176,0,0.0,Clear,clear sky,10
Zamárdi,46.88,17.944722,2026-06-29 10:58:14.641719,36.01,43.01,36.01,38.75,1017,60,1.78,176,0,0.0,Clear,clear sky,10
Szántód,46.861944,17.899167,2026-06-29 10:58:15.907732,36.08,43.08,36.08,38.83,1017,60,1.79,158,0,0.0,Clear,clear sky,10
Szőny-Déli,47.735278,18.141944,2026-06-29 10:58:17.168103,39.5,39.92,39.5,39.5,1017,24,3.14,170,0,0.0,Clear,clear sky,10
Várpalota,47.194444,18.149167,2026-06-29 10:58:18.427623,36.22,34.78,36.22,36.22,1017,22,4.03,192,0,0.0,Clear,clear sky,10
Pétfürdő,47.1675,18.121389,2026-06-29 10:58:19.689004,35.88,34.52,35.88,35.88,1017,23,3.92,194,0,0.0,Clear,clear sky,10
Hajmáskér,47.141111,18.009444,2026-06-29 10:58:20.948994,35.66,34.6,35.66,38.4,1018,25,3.61,198,0,0.0,Clear,clear sky,10
Veszprém,47.118889,17.91,2026-06-29 10:58:22.213246,38.2,39.45,35.45,38.2,1018,29,2.92,195,0,0.0,Clear,clear sky,10
Herend,47.136944,17.760278,2026-06-29 10:58:23.483441,37.38,38.08,37.38,37.38,1018,29,2.76,180,0,0.0,Clear,clear sky,10
Városlőd,47.144167,17.652778,2026-06-29 10:58:24.745758,37.55,38.36,37.55,37.55,1018,29,3.38,174,0,0.0,Clear,clear sky,10
Városlőd-Kislőd,47.133889,17.631111,2026-06-29 10:58:26.014138,37.66,38.54,37.66,37.66,1018,29,3.13,170,0,0.0,Clear,clear sky,10
Ajka,47.105902,17.572938,2026-06-29 10:58:27.272063,37.96,39.05,37.96,37.96,1018,29,3.29,163,0,0.0,Clear,clear sky,10
Ajka-Gyártelep,47.096806,17.555219,2026-06-29 10:58:28.536876,38.01,39.13,38.01,38.01,1018,29,3.29,163,0,0.0,Clear,clear sky,10
Devecser,47.1125,17.435278,2026-06-29 10:58:29.800221,38.42,39.83,38.42,38.42,1017,29,3.64,160,0,0.0,Clear,clear sky,10
Somlóvásárhely,47.124444,17.369167,2026-06-29 10:58:31.064078,38.53,39.02,38.53,38.53,1017,26,4.07,159,0,0.0,Clear,clear sky,10
Tüskevár,47.128611,17.331389,2026-06-29 10:58:32.325104,38.56,39.07,38.56,38.56,1017,26,4.11,158,0,0.0,Clear,clear sky,10
Karakószörcsök,47.133611,17.287778,2026-06-29 10:58:33.584272,36.48,35.93,36.48,36.48,1017,26,4.14,157,0,0.0,Clear,clear sky,10
Kerta,47.151944,17.237222,2026-06-29 10:58:34.854943,36.58,36.07,36.58,36.58,1017,26,4.26,158,0,0.0,Clear,clear sky,10
Boba,47.183333,17.191389,2026-06-29 10:58:36.120606,36.55,36.03,36.55,36.55,1017,26,4.3,160,0,0.0,Clear,clear sky,10
Börgönd,47.140278,18.515,2026-06-29 10:58:37.384307,37.0,35.58,37.0,37.0,1017,21,4.15,182,0,0.0,Clear,clear sky,10
Belsőbáránd,47.102778,18.499722,2026-06-29 10:58:38.645219,37.02,35.42,37.02,37.02,1017,20,4.18,181,0,0.0,Clear,clear sky,10
Zichyújfalu,47.124444,18.6725,2026-06-29 10:58:39.911804,36.94,35.32,36.94,36.94,1017,20,4.13,187,0,0.0,Clear,clear sky,10
Seregélyes,47.121111,18.580556,2026-06-29 10:58:41.176876,37.11,35.72,37.11,37.11,1017,21,4.16,183,0,0.0,Clear,clear sky,10
Polgárdi-Ipartelepek,47.079167,18.314444,2026-06-29 10:58:42.435557,35.69,33.83,35.69,35.69,1017,20,3.89,185,0,0.0,Clear,clear sky,10
Polgárdi,47.07,18.284167,2026-06-29 10:58:43.694455,35.69,33.83,35.69,35.69,1017,20,3.89,185,0,0.0,Clear,clear sky,10
Füle,47.05,18.255278,2026-06-29 10:58:44.955593,35.66,33.93,35.66,35.66,1017,21,3.77,185,0,0.0,Clear,clear sky,10
Zánka-Erzsébettábor,46.8775,17.709167,2026-06-29 10:58:46.217963,38.76,40.07,36.01,38.76,1017,28,1.83,129,1,0.0,Clear,clear sky,10
Csajág,47.033889,18.186389,2026-06-29 10:58:47.492043,35.9,42.9,35.9,35.9,1017,60,3.27,193,0,0.0,Clear,clear sky,10
Balatonakarattya,47.017222,18.167778,2026-06-29 10:58:48.759724,35.75,42.75,35.75,35.75,1017,60,3.27,193,0,0.0,Clear,clear sky,10
Csittényhegy,47.025278,18.1375,2026-06-29 10:58:50.028593,35.97,42.97,35.97,35.97,1017,60,3.1,196,0,0.0,Clear,clear sky,10
Balatonkenese,47.0325,18.105556,2026-06-29 10:58:51.293087,36.05,43.05,36.05,36.05,1017,60,2.94,200,0,0.0,Clear,clear sky,10
Balatonfűzfő,47.060278,18.0425,2026-06-29 10:58:52.559499,36.08,43.08,36.08,38.82,1017,60,2.67,207,0,0.0,Clear,clear sky,10
Balatonalmádi,47.028333,18.015,2026-06-29 10:58:53.823167,36.05,43.05,36.05,38.8,1017,60,2.46,207,0,0.0,Clear,clear sky,10
Káptalanfüred,47.008889,18.003889,2026-06-29 10:58:55.085832,36.08,43.08,36.08,38.82,1017,60,2.12,206,0,0.0,Clear,clear sky,10
Alsóörs,46.985278,17.974722,2026-06-29 10:58:56.344036,36.09,43.09,36.09,38.84,1017,60,2.12,206,0,0.0,Clear,clear sky,10
Csopak,46.974722,17.931111,2026-06-29 10:58:57.606972,35.96,42.96,35.96,38.71,1017,60,1.51,187,0,0.0,Clear,clear sky,10
Balatonarács,46.9625,17.8975,2026-06-29 10:58:58.867552,35.86,42.86,35.86,38.61,1017,67,1.51,187,0,0.0,Clear,clear sky,10
Balatonfüred,46.955833,17.883056,2026-06-29 10:59:00.133486,35.93,42.93,35.93,38.68,1017,67,1.43,169,0,0.0,Clear,clear sky,10
Aszófő,46.925556,17.8325,2026-06-29 10:59:01.399011,36.03,43.03,36.03,38.77,1017,67,1.52,153,0,0.0,Clear,clear sky,10
Örvényes,46.9125,17.818056,2026-06-29 10:59:02.663601,36.05,43.05,36.05,38.79,1017,67,1.52,153,0,0.0,Clear,clear sky,10
Balatonudvari,46.904722,17.808056,2026-06-29 10:59:03.925384,38.83,40.55,36.08,38.83,1017,29,1.6,145,0,0.0,Clear,clear sky,10
Fövenyes,46.893611,17.789444,2026-06-29 10:59:05.191072,38.84,39.86,36.1,38.84,1017,27,1.69,142,0,0.0,Clear,clear sky,10
Balatonakali-Dörgicse,46.88,17.747778,2026-06-29 10:59:06.451134,38.84,39.86,36.09,38.84,1017,27,1.75,137,0,0.0,Clear,clear sky,10
Zánka-Köveskál,46.872778,17.687778,2026-06-29 10:59:07.717565,38.83,40.55,36.08,38.83,1017,29,1.78,127,1,0.0,Clear,clear sky,10
Balatonszepezd,46.851111,17.663056,2026-06-29 10:59:08.981648,38.83,40.55,38.83,38.83,1017,29,1.8,128,1,0.0,Clear,clear sky,10
Szepezdfürdő,46.839722,17.649444,2026-06-29 10:59:10.250036,38.8,40.5,38.8,38.8,1017,29,1.71,127,1,0.0,Clear,clear sky,10
Révfülöp,46.829167,17.632222,2026-06-29 10:59:11.521827,38.81,40.52,38.81,38.81,1017,29,1.71,127,1,0.0,Clear,clear sky,10
Balatonrendes,46.824722,17.582778,2026-06-29 10:59:12.780333,38.81,40.89,38.81,38.81,1017,30,1.46,131,2,0.0,Clear,clear sky,10
Ábrahámhegy,46.815,17.572222,2026-06-29 10:59:14.046836,38.77,40.82,38.77,38.77,1017,30,1.46,131,2,0.0,Clear,clear sky,10
Badacsonyörs,46.805556,17.531667,2026-06-29 10:59:15.309816,38.83,40.93,38.83,38.83,1017,30,1.44,133,2,0.0,Clear,clear sky,10
Kisújszállás,47.223889,20.751111,2026-06-29 10:59:16.587233,35.15,33.62,35.15,35.15,1017,23,3.3,241,1,0.0,Clear,clear sky,10
Karcag,47.303333,20.928056,2026-06-29 10:59:17.853875,34.87,33.43,34.87,34.87,1017,24,3.34,254,2,0.0,Clear,clear sky,10
Püspökladány,47.3275,21.128889,2026-06-29 10:59:19.112279,34.89,33.45,34.89,34.89,1017,24,3.3,265,3,0.0,Clear,clear sky,10
Kaba,47.368889,21.259444,2026-06-29 10:59:20.373628,34.91,33.33,34.91,34.91,1017,23,3.3,273,3,0.0,Clear,clear sky,10
Hajdúszoboszló,47.429444,21.406944,2026-06-29 10:59:21.633789,34.79,33.33,34.79,34.79,1017,24,3.38,279,5,0.0,Clear,clear sky,10
Ebes,47.462778,21.488889,2026-06-29 10:59:22.896837,34.77,33.31,34.77,34.77,1017,24,3.35,281,6,0.0,Clear,clear sky,10
Debrecen,47.520278,21.628611,2026-06-29 10:59:24.158052,34.7,33.37,34.7,34.7,1017,25,3.24,289,5,0.0,Clear,clear sky,10
Debrecen-Csapókert,47.540556,21.648056,2026-06-29 10:59:25.417356,34.58,33.37,34.58,34.58,1017,26,3.23,295,5,0.0,Clear,clear sky,10
Apafa,47.584045,21.655858,2026-06-29 10:59:26.679071,34.52,33.3,34.52,34.52,1017,26,3.24,301,5,0.0,Clear,clear sky,10
Bocskaikert,47.6425,21.666389,2026-06-29 10:59:27.952025,34.28,33.32,34.28,34.28,1017,28,3.27,318,5,0.0,Clear,clear sky,10
Hajdúhadház,47.686944,21.679167,2026-06-29 10:59:29.216115,34.39,33.46,34.39,34.39,1017,28,3.31,325,6,0.0,Clear,clear sky,10
Téglás,47.714722,21.684722,2026-06-29 10:59:30.482583,34.39,33.63,34.39,34.39,1017,29,3.36,330,7,0.0,Clear,clear sky,10
Újfehértó,47.814444,21.706389,2026-06-29 10:59:31.746710,34.47,33.92,34.47,34.47,1017,30,3.56,343,12,0.0,Clouds,few clouds,10
Nyíregyháza,47.946667,21.705556,2026-06-29 10:59:33.008343,34.49,34.35,34.49,34.49,1017,32,3.34,349,24,0.0,Clouds,few clouds,10
Sóstó,47.998051,21.729047,2026-06-29 10:59:34.277296,35.92,36.82,35.92,35.92,1017,33,3.22,344,31,0.0,Clouds,scattered clouds,10
Sóstóhegy,48.012222,21.742778,2026-06-29 10:59:35.539637,35.92,36.82,35.92,35.92,1018,33,3.03,343,33,0.0,Clouds,scattered clouds,10
Kemecse,48.065556,21.801667,2026-06-29 10:59:36.799091,34.7,35.11,34.7,34.7,1018,34,2.96,335,40,0.0,Clouds,scattered clouds,10
Nyírbogdány,48.082222,21.855278,2026-06-29 10:59:38.060689,34.71,35.12,34.71,34.71,1018,34,2.93,332,43,0.0,Clouds,scattered clouds,10
Kék,48.093333,21.883889,2026-06-29 10:59:39.326884,34.76,35.2,34.76,34.76,1018,34,3.24,330,45,0.0,Clouds,scattered clouds,10
Demecser,48.111667,21.926667,2026-06-29 10:59:40.589015,34.8,35.51,34.8,34.8,1018,35,3.19,328,49,0.0,Clouds,scattered clouds,10
Gégény,48.128333,21.951944,2026-06-29 10:59:41.856851,34.81,35.52,34.81,34.81,1018,35,3.13,327,53,0.0,Clouds,broken clouds,10
Pátroha,48.158611,21.996667,2026-06-29 10:59:43.120903,34.86,35.6,34.86,34.86,1018,35,3.06,325,57,0.0,Clouds,broken clouds,10
Ajak,48.1865,22.048972,2026-06-29 10:59:44.380902,34.88,35.63,34.88,34.88,1018,35,2.99,324,60,0.0,Clouds,broken clouds,10
Kisvárda,48.208333,22.078333,2026-06-29 10:59:45.645028,34.91,35.94,34.91,34.91,1018,36,2.97,323,63,0.0,Clouds,broken clouds,10
Kisvárda-Hármasút,48.228333,22.091944,2026-06-29 10:59:46.909342,34.91,35.94,34.91,34.91,1018,36,2.97,323,63,0.0,Clouds,broken clouds,10
Fényeslitke,48.267222,22.107222,2026-06-29 10:59:48.176502,34.91,35.94,34.91,34.91,1018,36,2.68,320,66,0.0,Clouds,broken clouds,10
Komoró,48.305278,22.118056,2026-06-29 10:59:49.444485,34.94,35.99,34.94,34.94,1018,36,2.53,320,67,0.0,Clouds,broken clouds,10
Tuzsér,48.342222,22.131667,2026-06-29 10:59:50.741037,34.93,35.97,34.93,34.93,1018,36,2.25,319,68,0.0,Clouds,broken clouds,10
Tiszabezdéd,48.371389,22.145,2026-06-29 10:59:52.002218,34.99,36.07,34.99,34.99,1018,36,2.07,317,67,0.0,Clouds,broken clouds,10
Záhony,48.402222,22.183611,2026-06-29 10:59:53.268100,35.02,35.86,35.02,35.02,1018,35,1.85,314,66,0.0,Clouds,broken clouds,10
Karcag-Vásártér,47.3225,20.9075,2026-06-29 10:59:54.530301,40.0,40.72,40.0,40.0,1017,24,3.34,254,2,0.0,Clear,clear sky,10
Berekfürdő,47.374722,20.827222,2026-06-29 10:59:55.797485,39.99,41.07,39.99,39.99,1017,25,3.3,259,3,0.0,Clear,clear sky,10
Kunmadaras,47.415278,20.793056,2026-06-29 10:59:57.059970,39.98,42.24,39.98,39.98,1017,28,3.32,266,3,0.0,Clear,clear sky,10
Tiszaszentimre,47.490833,20.733056,2026-06-29 10:59:58.328155,39.99,42.25,39.99,39.99,1017,28,3.43,273,4,0.0,Clear,clear sky,10
Tiszaszőlős,47.555556,20.728056,2026-06-29 10:59:59.593585,39.99,42.25,39.99,39.99,1017,28,3.6,275,4,0.0,Clear,clear sky,10
Hosszúhát,47.235556,21.101944,2026-06-29 11:00:00.864048,35.2,33.68,35.2,35.2,1017,23,3.25,254,2,0.0,Clear,clear sky,10
Szerep,47.234444,21.145833,2026-06-29 11:00:02.135275,35.23,33.57,35.23,35.23,1017,22,3.22,255,2,0.0,Clear,clear sky,10
Sárrétudvari,47.231667,21.180833,2026-06-29 11:00:03.394936,35.25,33.59,35.25,35.25,1017,22,3.18,257,2,0.0,Clear,clear sky,10
Biharnagybajom,47.208889,21.221944,2026-06-29 11:00:04.654554,35.37,33.74,35.37,35.37,1017,22,3.03,257,2,0.0,Clear,clear sky,10
Füzesgyarmat,47.113056,21.194444,2026-06-29 11:00:05.911203,35.72,34.01,35.72,35.72,1017,21,2.78,248,3,0.0,Clear,clear sky,10
Füzesgyarmatfürdő,47.093787,21.201582,2026-06-29 11:00:07.186277,35.72,34.01,35.72,35.72,1017,21,2.78,248,3,0.0,Clear,clear sky,10
Báránd,47.299722,21.235278,2026-06-29 11:00:08.452078,35.05,33.5,35.05,35.05,1017,23,3.22,267,2,0.0,Clear,clear sky,10
Sáp,47.259722,21.360556,2026-06-29 11:00:09.719095,35.29,33.64,35.29,35.29,1017,22,3.0,264,2,0.0,Clear,clear sky,10
Berettyóújfalu,47.211944,21.535556,2026-06-29 11:00:10.987876,35.65,33.78,35.65,35.65,1017,20,2.32,257,2,0.0,Clear,clear sky,10
Mezőpeterd,47.176111,21.625278,2026-06-29 11:00:12.261651,37.5,36.02,37.5,37.5,1017,20,2.06,249,3,0.0,Clear,clear sky,10
Biharkeresztes,47.135556,21.721389,2026-06-29 11:00:13.520577,37.47,37.65,37.47,37.47,1017,27,2.06,255,4,0.0,Clear,clear sky,10
Tócóvölgy,47.529444,21.588889,2026-06-29 11:00:14.784858,34.68,33.34,34.68,34.68,1017,25,3.28,288,5,0.0,Clear,clear sky,10
Sáregres,46.7825,18.588889,2026-06-29 11:00:16.050953,37.4,35.7,37.4,37.4,1017,19,4.16,170,0,0.0,Clear,clear sky,10
Simontornya,46.756582,18.540674,2026-06-29 11:00:17.310064,37.34,35.82,37.34,37.34,1017,20,4.13,164,0,0.0,Clear,clear sky,10
Tolnanémedi,46.727778,18.475833,2026-06-29 11:00:18.571483,37.43,35.74,37.43,37.43,1017,19,4.15,161,0,0.0,Clear,clear sky,10
Pincehely,46.681389,18.43,2026-06-29 11:00:19.834364,37.33,35.62,37.33,37.33,1017,19,4.27,153,0,0.0,Clear,clear sky,10
Keszőhidegkút-Gyönk,46.597778,18.426111,2026-06-29 11:00:21.100294,37.44,35.75,37.44,37.44,1017,19,4.33,150,0,0.0,Clear,clear sky,10
Szárazd,46.575556,18.420833,2026-06-29 11:00:22.362151,37.5,35.83,37.5,37.5,1017,19,4.34,149,0,0.0,Clear,clear sky,10
Regöly,46.568889,18.396111,2026-06-29 11:00:23.627391,37.5,35.83,37.5,37.5,1017,19,4.34,149,0,0.0,Clear,clear sky,10
Szakály-Hőgyész,46.523611,18.389444,2026-06-29 11:00:24.885284,37.45,35.59,37.45,37.45,1017,18,4.34,147,0,0.0,Clear,clear sky,10
Dúzs,46.493889,18.377222,2026-06-29 11:00:26.147193,37.49,35.63,37.49,37.49,1017,18,4.32,147,0,0.0,Clear,clear sky,10
Csibrák,46.466667,18.336389,2026-06-29 11:00:27.411113,37.54,35.69,37.54,37.54,1017,18,4.27,147,0,0.0,Clear,clear sky,10
Kurd,46.449167,18.319167,2026-06-29 11:00:28.674445,37.18,35.27,37.18,37.18,1017,18,4.24,146,0,0.0,Clear,clear sky,10
Döbrököz,46.418889,18.255,2026-06-29 11:00:29.942093,37.42,35.73,37.42,37.42,1017,19,4.13,147,1,0.0,Clear,clear sky,10
Dombóvár,46.37,18.149722,2026-06-29 11:00:31.201833,37.24,35.51,37.24,37.24,1017,19,3.89,151,4,0.0,Clear,clear sky,10
Dombóvár alsó,46.363889,18.134167,2026-06-29 11:00:32.467917,37.24,35.51,37.24,37.24,1017,19,3.89,151,4,0.0,Clear,clear sky,10
Somoskőújfalu,48.154722,19.815556,2026-06-29 11:00:33.732648,31.86,30.45,31.86,31.86,1018,28,1.55,218,5,0.0,Clear,clear sky,10
Jászfényszaru,47.593056,19.754444,2026-06-29 11:00:34.992253,34.89,33.31,34.89,34.89,1017,23,3.37,241,1,0.0,Clear,clear sky,10
Pusztamonostor,47.564444,19.794167,2026-06-29 11:00:36.254531,39.94,40.27,39.94,39.94,1017,23,3.3,241,0,0.0,Clear,clear sky,10
Jászberény,47.494444,19.893333,2026-06-29 11:00:37.521699,40.04,40.42,40.04,40.04,1017,23,3.22,238,0,0.0,Clear,clear sky,10
Meggyespele,47.441944,19.938889,2026-06-29 11:00:38.794587,40.06,39.46,40.06,40.06,1017,20,3.26,238,0,0.0,Clear,clear sky,10
Portelek,47.418056,19.958889,2026-06-29 11:00:40.063718,40.08,39.49,40.08,40.08,1017,20,3.25,235,0,0.0,Clear,clear sky,10
Jászboldogháza-Jánoshida,47.366944,20.001389,2026-06-29 11:00:41.332598,40.07,39.48,40.07,40.07,1017,20,3.24,230,0,0.0,Clear,clear sky,10
Jászárokszállás,47.635556,19.971111,2026-06-29 11:00:42.597238,37.77,37.3,37.77,37.77,1017,24,3.27,249,2,0.0,Clear,clear sky,10
Jászdózsa,47.563056,20.028056,2026-06-29 11:00:43.855898,34.76,33.29,34.76,34.76,1017,24,3.34,250,2,0.0,Clear,clear sky,10
Jászapáti,47.513611,20.155,2026-06-29 11:00:45.117872,34.76,33.29,34.76,34.76,1017,24,3.47,251,3,0.0,Clear,clear sky,10
Jászkisér,47.456111,20.203333,2026-06-29 11:00:46.387065,34.86,33.41,34.86,34.86,1017,24,3.5,249,3,0.0,Clear,clear sky,10
Jászladány,47.373333,20.159167,2026-06-29 11:00:47.662576,40.12,40.55,40.12,40.12,1017,23,3.38,238,1,0.0,Clear,clear sky,10
Szászberek,47.320556,20.090833,2026-06-29 11:00:48.922924,40.11,39.53,38.32,40.11,1017,20,3.29,231,0,0.0,Clear,clear sky,10
Gyöngyöshalász,47.743056,19.932222,2026-06-29 11:00:50.179900,37.55,37.23,37.55,37.55,1018,25,3.04,252,4,0.0,Clear,clear sky,10
Gyöngyös,47.783056,19.937222,2026-06-29 11:00:51.457180,37.27,36.82,37.27,37.27,1018,25,2.98,255,5,0.0,Clear,clear sky,10
Erdőtelek,47.683333,20.3025,2026-06-29 11:00:52.718372,34.24,33.1,34.24,34.24,1018,27,3.64,264,3,0.0,Clear,clear sky,10
Heves,47.609444,20.306111,2026-06-29 11:00:53.982893,40.5,42.34,40.5,40.5,1017,26,3.63,261,4,0.0,Clear,clear sky,10
Hevesvezekény,47.562222,20.365833,2026-06-29 11:00:55.254283,40.54,43.73,40.54,40.54,1017,29,3.67,262,4,0.0,Clear,clear sky,10
Tarnaszentmiklós,47.546944,20.390833,2026-06-29 11:00:56.515779,40.55,43.75,40.55,40.55,1017,29,3.63,260,4,0.0,Clear,clear sky,10
Kisköre,47.495556,20.481667,2026-06-29 11:00:57.779004,40.57,43.79,40.57,40.57,1017,29,0.89,17,4,0.0,Clear,clear sky,10
Abádszalók,47.455278,20.553056,2026-06-29 11:00:59.039139,40.55,43.75,40.55,40.55,1017,29,0.89,17,4,0.0,Clear,clear sky,10
Kunhegyes,47.376667,20.641111,2026-06-29 11:01:00.314412,40.55,43.75,40.55,40.55,1017,29,3.35,257,3,0.0,Clear,clear sky,10
Kenderes,47.254444,20.686111,2026-06-29 11:01:01.572692,40.58,41.28,40.58,40.58,1017,23,3.33,241,1,0.0,Clear,clear sky,10
Maklár,47.808056,20.404722,2026-06-29 11:01:02.842092,33.89,33.14,33.89,33.89,1018,30,3.57,271,4,0.0,Clear,clear sky,10
Andornaktálya,47.852203,20.402295,2026-06-29 11:01:04.099204,39.42,42.02,37.49,39.42,1018,30,3.28,273,6,0.0,Clear,clear sky,10
Eger,47.891667,20.381667,2026-06-29 11:01:05.357742,37.39,38.72,37.39,39.33,1019,31,3.18,275,6,0.0,Clear,clear sky,10
Egervár,47.908056,20.380556,2026-06-29 11:01:06.622884,37.21,38.41,37.21,39.15,1019,31,3.07,276,7,0.0,Clear,clear sky,10
Eger-Felnémet,47.936667,20.370556,2026-06-29 11:01:07.887352,37.26,38.49,37.26,39.2,1019,31,2.95,277,8,0.0,Clear,clear sky,10
Szarvaskő,47.988611,20.3325,2026-06-29 11:01:09.149037,36.86,38.11,36.86,36.86,1019,32,2.87,279,9,0.0,Clear,clear sky,10
Mónosbél,48.031944,20.33,2026-06-29 11:01:10.411343,36.67,38.09,36.67,36.67,1019,33,2.75,280,12,0.0,Clouds,few clouds,10
Bélapátfalva,48.055556,20.340556,2026-06-29 11:01:11.686832,33.07,32.55,33.07,33.07,1019,33,2.7,280,14,0.0,Clouds,few clouds,10
Bélapátfalvi Cementgyár,48.058056,20.355,2026-06-29 11:01:12.952021,33.07,32.55,33.07,33.07,1019,33,2.7,280,14,0.0,Clouds,few clouds,10
Szilvásvárad,48.11345,20.37919,2026-06-29 11:01:14.217272,32.55,31.87,32.55,32.55,1019,33,2.53,281,18,0.0,Clouds,few clouds,10
Hejőkeresztúr,47.960278,20.869444,2026-06-29 11:01:15.475469,39.68,43.4,39.68,39.68,1018,32,1.34,142,27,0.0,Clouds,scattered clouds,10
Tiszaújváros,47.926111,21.030556,2026-06-29 11:01:16.735571,39.73,44.93,39.73,39.73,1017,35,2.6,270,28,0.0,Clouds,scattered clouds,10
Miskolc-Gömöri,48.106667,20.800278,2026-06-29 11:01:17.998917,39.58,43.19,39.58,39.58,1018,32,3.15,298,26,0.58,Rain,light rain,10
Sajókeresztúr,48.168008,20.774014,2026-06-29 11:01:19.262929,39.52,44.96,39.52,39.52,1018,36,3.29,306,23,1.5,Rain,moderate rain,10
Sajóecseg,48.186111,20.766667,2026-06-29 11:01:20.524696,39.56,44.55,39.56,39.56,1018,35,3.35,308,21,0.0,Clouds,few clouds,10
Sajószentpéter,48.222222,20.708056,2026-06-29 11:01:21.788118,39.47,44.36,39.47,39.47,1018,35,3.33,308,20,0.0,Clouds,few clouds,10
Kazincbarcika,48.264444,20.6275,2026-06-29 11:01:23.054803,33.69,33.59,33.69,33.69,1018,34,2.77,299,22,0.0,Clouds,few clouds,10
Sajókaza,48.272778,20.581944,2026-06-29 11:01:24.317409,33.72,33.64,33.72,33.72,1018,34,2.63,296,24,0.0,Clouds,few clouds,10
Vadna,48.276389,20.555278,2026-06-29 11:01:25.590996,33.72,33.64,33.72,33.72,1018,34,2.63,296,24,0.0,Clouds,few clouds,10
Dubicsány,48.280833,20.504722,2026-06-29 11:01:26.856976,33.77,33.71,33.77,33.77,1019,34,2.34,286,26,0.0,Clouds,scattered clouds,10
Raposka,46.851389,17.412778,2026-06-29 11:01:28.127083,36.18,35.95,36.18,36.18,1017,28,1.83,140,1,0.0,Clear,clear sky,10
Ivacs,47.641944,19.273889,2026-06-29 11:01:29.394696,37.71,37.47,35.74,37.93,1018,25,2.91,229,0,0.0,Clear,clear sky,10
Kisköre-Tiszahíd,47.480835,20.507698,2026-06-29 11:01:30.655117,40.55,43.75,40.55,40.55,1017,29,0.89,17,4,0.0,Clear,clear sky,10
Rozsály,47.912778,22.7825,2026-06-29 11:01:31.916514,36.14,36.13,36.14,36.14,1017,29,1.27,30,32,0.0,Clouds,scattered clouds,10
Pusztakettős,47.453611,20.749722,2026-06-29 11:01:33.181604,40.55,43.75,40.55,40.55,1017,29,3.34,269,4,0.0,Clear,clear sky,10
Kisvác,47.795278,19.113611,2026-06-29 11:01:34.448114,38.27,37.76,37.56,38.27,1018,23,3.07,218,0,0.0,Clear,clear sky,10
Tiszafüred-Gyártelep,47.6075,20.736111,2026-06-29 11:01:35.706218,40.52,43.69,40.52,40.52,1017,29,3.79,276,3,0.0,Clear,clear sky,10
Újkenéz,48.251111,22.221667,2026-06-29 11:01:36.970343,34.92,35.45,34.92,34.92,1018,34,2.87,321,60,0.0,Clouds,broken clouds,10
Püspökladány-Vásártér,47.319167,21.096111,2026-06-29 11:01:38.239255,34.96,33.54,34.96,34.96,1017,24,3.29,262,3,0.0,Clear,clear sky,10
Végegyháza alsó,46.3675,20.866944,2026-06-29 11:01:39.499841,38.38,38.78,38.38,38.38,1017,26,1.22,143,1,0.0,Clear,clear sky,10
Orosháza felső,46.553611,20.655278,2026-06-29 11:01:40.762022,36.83,35.97,36.83,36.83,1017,24,3.54,164,0,0.0,Clear,clear sky,10
Ambrózfalva,46.353056,20.740556,2026-06-29 11:01:42.023717,36.68,36.21,36.68,36.68,1017,26,1.72,144,1,0.0,Clear,clear sky,10
Alsónyék,46.199444,18.738056,2026-06-29 11:01:43.290062,39.15,38.47,39.15,39.15,1017,21,4.3,147,0,0.0,Clear,clear sky,10
Tompapuszta,46.321389,20.966389,2026-06-29 11:01:44.556982,38.36,45.36,37.28,40.08,1017,100,0.81,89,1,0.0,Clear,clear sky,10
Halászlak,46.911879,20.56228,2026-06-29 11:01:45.824980,36.37,34.97,36.37,36.37,1017,22,2.49,198,2,0.0,Clear,clear sky,10
Sirató,46.840556,20.61,2026-06-29 11:01:47.084960,36.63,35.3,36.63,36.63,1017,22,2.78,186,1,0.0,Clear,clear sky,10
Csabacsűd felső,46.829167,20.649167,2026-06-29 11:01:48.346271,36.6,35.26,36.6,36.6,1017,22,2.74,185,2,0.0,Clear,clear sky,10
Orosháza-Üveggyár,46.579979,20.683644,2026-06-29 11:01:49.605073,36.75,35.86,36.75,36.75,1017,24,3.54,166,0,0.0,Clear,clear sky,10
Gyulai városerdő,46.69482,21.32281,2026-06-29 11:01:50.870370,36.88,35.43,36.88,36.88,1017,21,1.33,157,2,0.0,Clear,clear sky,10
Kórógyszentgyörgy,46.564377,20.224998,2026-06-29 11:01:52.135240,40.57,39.55,40.57,41.14,1017,18,3.74,165,1,0.0,Clear,clear sky,10
Kunszállás,46.784444,19.767222,2026-06-29 11:01:53.397937,38.83,37.28,38.83,39.38,1017,18,3.64,185,0,0.0,Clear,clear sky,10
Selymes,46.655321,19.8534,2026-06-29 11:01:54.663337,39.19,38.81,38.9,41.04,1017,22,3.9,179,0,0.0,Clear,clear sky,10
Petőfiszállási tanyák,46.587805,19.874509,2026-06-29 11:01:55.924634,39.23,38.87,37.79,39.48,1017,22,3.91,176,0,0.0,Clear,clear sky,10
Kisteleki szőlők,46.514199,19.92868,2026-06-29 11:01:57.189924,38.25,36.99,37.78,39.47,1017,20,3.74,169,0,0.0,Clear,clear sky,10
Kapitányság,46.435336,19.987564,2026-06-29 11:01:58.460214,37.8,37.34,37.8,37.8,1017,24,3.47,159,0,0.0,Clear,clear sky,10
Őszeszék,46.39025,20.016017,2026-06-29 11:01:59.726445,37.83,37.38,37.83,37.83,1017,24,3.29,152,0,0.0,Clear,clear sky,10
Vilmaszállás,46.366389,20.030833,2026-06-29 11:02:00.985819,37.81,37.35,37.81,37.81,1017,24,3.13,142,0,0.0,Clear,clear sky,10
Jánosszállás,46.334359,20.051199,2026-06-29 11:02:02.244986,37.84,37.4,37.84,37.84,1017,24,3.09,146,0,0.0,Clear,clear sky,10
Felsőpakony,47.343056,19.230556,2026-06-29 11:02:03.506113,38.74,39.04,37.75,39.31,1017,25,3.27,212,0,0.0,Clear,clear sky,10
Felsőméntelek,46.987074,19.557745,2026-06-29 11:02:04.770600,36.47,34.75,36.47,36.47,1017,20,3.46,200,0,0.0,Clear,clear sky,10
Alsóméntelek,46.961558,19.579121,2026-06-29 11:02:06.034498,36.56,34.86,36.56,36.56,1017,20,3.49,199,0,0.0,Clear,clear sky,10
Nagynyír,46.943319,19.585447,2026-06-29 11:02:07.292124,36.65,34.8,36.65,36.65,1017,19,3.52,197,0,0.0,Clear,clear sky,10
Úrihegy,46.917778,19.621389,2026-06-29 11:02:08.557257,38.72,37.37,38.72,39.26,1017,19,3.51,195,0,0.0,Clear,clear sky,10
Miklóstelep,46.913412,19.630913,2026-06-29 11:02:09.825553,38.73,37.38,38.73,39.28,1017,19,3.48,194,0,0.0,Clear,clear sky,10
Tiszajenő alsó,47.016944,20.134444,2026-06-29 11:02:11.089896,38.34,39.03,38.34,38.34,1017,27,1.79,251,1,0.0,Clear,clear sky,10
Óbög,46.987222,20.111111,2026-06-29 11:02:12.359508,38.32,39.0,38.32,38.32,1017,27,2.81,211,1,0.0,Clear,clear sky,10
Árpádszállás,46.866456,19.989163,2026-06-29 11:02:13.623590,39.14,38.74,38.25,39.43,1017,22,3.16,195,1,0.0,Clear,clear sky,10
Tőserdő,46.851111,19.980278,2026-06-29 11:02:14.888447,39.16,38.77,38.27,39.45,1017,22,3.24,193,1,0.0,Clear,clear sky,10
Tiszaalpár felső,46.836256,19.976753,2026-06-29 11:02:16.150431,39.62,39.14,38.94,41.08,1017,21,3.24,193,1,0.0,Clear,clear sky,10
Borsihalom,46.773056,19.92,2026-06-29 11:02:17.420216,39.4,38.82,38.92,41.06,1017,21,3.47,187,1,0.0,Clear,clear sky,10
Petőfiváros,46.725556,19.848611,2026-06-29 11:02:18.684314,39.14,38.74,38.89,41.03,1017,22,3.72,183,0,0.0,Clear,clear sky,10
Csorna,47.601944,17.248889,2026-06-29 11:02:19.956939,36.67,36.2,36.67,36.67,1016,26,3.61,177,0,0.0,Clear,clear sky,10
Szorgalmatos,47.986667,21.366389,2026-06-29 11:02:21.225083,35.97,35.87,35.97,35.97,1017,29,1.84,358,27,0.0,Clouds,scattered clouds,10
Fótfürdő,47.6225,19.200556,2026-06-29 11:02:22.488693,37.81,37.62,37.23,38.92,1018,25,2.38,223,0,0.0,Clear,clear sky,10
Fenyveshegy,47.818333,19.068056,2026-06-29 11:02:23.750038,38.34,37.86,38.34,38.34,1018,23,2.76,215,0,0.0,Clear,clear sky,10
Hűvösvölgy,47.541202,18.96351,2026-06-29 11:02:25.013645,36.98,35.96,36.77,38.46,1017,23,1.79,170,0,0.0,Clear,clear sky,10
Hárshegy,47.535318,18.961433,2026-06-29 11:02:26.266207,36.98,35.96,36.77,38.46,1017,23,1.79,170,0,0.0,Clear,clear sky,10
Szépjuhászné,47.528277,18.955246,2026-06-29 11:02:27.544031,36.02,34.7,35.88,37.57,1017,23,1.79,170,0,0.0,Clear,clear sky,10
Jánoshegy,47.51433,18.95047,2026-06-29 11:02:28.815482,35.84,34.47,35.79,37.48,1017,23,0.89,156,0,0.0,Clear,clear sky,10
Virágvölgy,47.505965,18.95876,2026-06-29 11:02:30.082153,35.65,34.4,35.47,37.16,1017,24,2.24,217,0,0.0,Clear,clear sky,10
Csillebérc,47.498196,18.961694,2026-06-29 11:02:31.356073,35.71,34.66,35.24,36.93,1017,25,2.24,217,0,0.0,Clear,clear sky,10
Normafa,47.5,18.970558,2026-06-29 11:02:32.621291,35.65,34.77,35.29,36.98,1017,26,2.24,217,0,0.0,Clear,clear sky,10
Széchenyihegy,47.49413,18.977049,2026-06-29 11:02:33.892141,35.88,35.09,35.31,37.0,1017,26,2.24,217,0,0.0,Clear,clear sky,10
Balatonfőkajár felső,47.031389,18.215278,2026-06-29 11:02:35.153580,35.73,42.73,33.51,35.73,1017,67,3.43,189,0,0.0,Clear,clear sky,10
Piroska,47.148333,20.129722,2026-06-29 11:02:36.418227,38.34,39.03,38.34,40.12,1017,27,1.79,251,0,0.0,Clear,clear sky,10
Somodor,46.4725,17.836667,2026-06-29 11:02:37.690753,37.0,35.22,37.0,37.0,1017,19,4.26,165,4,0.0,Clear,clear sky,10
Középmező,45.995833,18.668889,2026-06-29 11:02:38.955873,39.14,39.68,35.06,39.14,1017,25,4.13,137,0,0.0,Clear,clear sky,10
Jobbágyi,47.828889,19.6875,2026-06-29 11:02:40.220645,37.52,37.19,37.52,37.52,1018,25,2.89,243,4,0.0,Clear,clear sky,10
Ferihegy,47.437222,19.223889,2026-06-29 11:02:41.491162,38.26,38.3,37.46,39.15,1017,25,2.61,216,0,0.0,Clear,clear sky,10
Máriapócs,47.852778,22.019167,2026-06-29 11:02:42.767046,34.68,34.03,34.68,34.68,1017,29,4.03,336,22,0.0,Clouds,few clouds,10
Máriaudvar,47.751944,19.165,2026-06-29 11:02:44.028726,38.3,37.8,37.59,38.3,1018,23,2.89,221,0,0.0,Clear,clear sky,10
Nagyberki,46.353333,18.004167,2026-06-29 11:02:45.289182,36.95,35.16,36.95,36.95,1017,19,3.91,159,8,0.0,Clear,clear sky,10
Badacsonytomaj,46.804722,17.518056,2026-06-29 11:02:46.548951,35.75,35.78,35.75,35.75,1017,30,1.44,133,2,0.0,Clear,clear sky,10
Badacsony,46.788611,17.506389,2026-06-29 11:02:47.816963,35.85,35.93,35.85,35.85,1017,30,1.46,140,1,0.0,Clear,clear sky,10
Badacsonylábdihegy,46.793889,17.470833,2026-06-29 11:02:49.083049,35.85,35.93,35.85,35.85,1017,30,1.46,140,1,0.0,Clear,clear sky,10
Badacsonytördemic-Szigliget,46.809722,17.469167,2026-06-29 11:02:50.346742,35.86,35.95,35.86,35.86,1017,30,1.47,136,1,0.0,Clear,clear sky,10
Nemesgulács-Kisapáti,46.836944,17.476389,2026-06-29 11:02:51.611112,38.81,40.89,38.81,38.81,1017,30,1.52,133,1,0.0,Clear,clear sky,10
Tapolca,46.877778,17.428611,2026-06-29 11:02:52.869831,38.72,40.0,38.72,38.72,1017,28,1.95,139,0,0.0,Clear,clear sky,10
Uzsabánya alsó,46.898333,17.345278,2026-06-29 11:02:54.136478,35.25,34.42,35.25,35.25,1017,27,2.43,143,0,0.0,Clear,clear sky,10
Uzsa,46.920278,17.331667,2026-06-29 11:02:55.397153,36.06,35.55,36.06,36.06,1017,27,2.61,143,0,0.0,Clear,clear sky,10
Sümegi Bazaltbánya,46.9525,17.2925,2026-06-29 11:02:56.665255,36.13,35.43,36.13,36.13,1017,26,2.95,145,0,0.0,Clear,clear sky,10
Sümeg,46.981111,17.270833,2026-06-29 11:02:57.927650,36.35,35.74,36.35,36.35,1017,26,3.35,148,0,0.0,Clear,clear sky,10
Gógánfa,47.021111,17.207778,2026-06-29 11:02:59.197346,36.36,35.76,36.36,36.36,1017,26,3.73,150,0,0.0,Clear,clear sky,10
Ukk,47.041944,17.195833,2026-06-29 11:03:00.460818,36.41,35.83,36.41,36.41,1017,26,3.9,152,0,0.0,Clear,clear sky,10
Nemeskeresztúr,47.093611,17.183611,2026-06-29 11:03:01.726020,36.39,35.8,36.39,36.39,1017,26,4.09,155,0,0.0,Clear,clear sky,10
Jánosháza,47.115833,17.171667,2026-06-29 11:03:02.985962,36.48,35.93,36.48,36.48,1017,26,4.16,156,0,0.0,Clear,clear sky,10
Keszthely,46.758333,17.248056,2026-06-29 11:03:04.258863,36.4,35.81,36.4,36.4,1017,26,2.71,159,0,0.0,Clear,clear sky,10
Alsógyenes,46.765844,17.276435,2026-06-29 11:03:05.523098,36.36,35.76,36.36,36.36,1017,26,2.33,156,0,0.0,Clear,clear sky,10
Gyenesdiás,46.763333,17.292778,2026-06-29 11:03:06.789229,36.36,35.76,36.36,36.36,1017,26,2.33,156,0,0.0,Clear,clear sky,10
Vonyarcvashegy,46.755278,17.318333,2026-06-29 11:03:08.048617,35.73,35.08,35.73,35.73,1017,27,2.14,154,0,0.0,Clear,clear sky,10
Balatongyörök,46.751944,17.354444,2026-06-29 11:03:09.315526,36.23,35.79,36.23,36.23,1017,27,1.97,153,1,0.0,Clear,clear sky,10
Becehegy,46.776111,17.372778,2026-06-29 11:03:10.581017,35.08,34.2,35.08,35.08,1017,27,1.91,148,0,0.0,Clear,clear sky,10
Balatonederics,46.8025,17.385,2026-06-29 11:03:11.839921,35.03,34.32,35.03,35.03,1017,28,1.93,145,0,0.0,Clear,clear sky,10
Dabronc,47.025766,17.167006,2026-06-29 11:03:13.105543,36.38,35.78,36.38,36.38,1017,26,3.78,151,0,0.0,Clear,clear sky,10
Türje,46.994444,17.093611,2026-06-29 11:03:14.375586,36.3,35.67,36.3,36.3,1017,26,3.77,154,0,0.0,Clear,clear sky,10
Zalabér-Batyk,46.983056,17.040833,2026-06-29 11:03:15.643423,36.32,35.7,36.32,36.32,1017,26,3.85,159,0,0.0,Clear,clear sky,10
Pakod,46.959167,16.996667,2026-06-29 11:03:16.904538,36.19,35.52,36.19,36.19,1017,26,3.9,160,0,0.0,Clear,clear sky,10
Pókaszepetk,46.924444,16.972222,2026-06-29 11:03:18.164882,36.24,35.59,36.24,36.24,1017,26,3.76,163,0,0.0,Clear,clear sky,10
Kemendollár,46.905833,16.946667,2026-06-29 11:03:19.429040,35.91,35.13,35.91,35.91,1017,26,3.79,163,0,0.0,Clear,clear sky,10
Zalaegerszeg,46.833056,16.848333,2026-06-29 11:03:20.692558,35.88,35.74,35.88,35.88,1017,29,3.18,160,0,0.0,Clear,clear sky,10
Bocfölde,46.780278,16.853611,2026-06-29 11:03:21.958739,35.93,35.81,35.93,35.93,1017,29,2.97,162,0,0.0,Clear,clear sky,10
Sárhida,46.755833,16.851389,2026-06-29 11:03:23.229445,35.09,34.8,35.09,35.09,1017,30,2.69,159,1,0.0,Clear,clear sky,10
Bak,46.7325,16.849167,2026-06-29 11:03:24.492699,35.49,35.62,35.49,35.49,1017,31,2.56,158,2,0.0,Clear,clear sky,10
Tófej,46.670833,16.801944,2026-06-29 11:03:25.752789,35.27,35.52,35.27,35.27,1017,32,2.24,152,8,0.0,Clear,clear sky,10
Gutorfölde,46.646944,16.739722,2026-06-29 11:03:27.023713,35.5,36.13,35.5,35.5,1017,33,2.02,149,12,0.0,Clouds,few clouds,10
Csömödér-Páka,46.608056,16.641111,2026-06-29 11:03:28.283534,36.29,38.36,35.01,36.29,1017,36,1.96,154,16,0.0,Clouds,few clouds,10
Iklódbördőce,46.603056,16.604722,2026-06-29 11:03:29.549038,36.29,38.69,35.0,36.29,1018,37,2.09,156,13,0.0,Clouds,few clouds,10
Lenti,46.621389,16.528611,2026-06-29 11:03:30.819136,36.09,38.64,34.95,36.65,1018,38,2.29,154,8,0.0,Clear,clear sky,10
Rédics,46.618056,16.471111,2026-06-29 11:03:32.087791,36.22,39.23,34.94,36.64,1018,39,2.35,156,7,0.0,Clear,clear sky,10
Zalalövő,46.845556,16.576389,2026-06-29 11:03:33.352837,35.58,36.8,35.58,35.58,1017,35,2.95,149,0,0.0,Clear,clear sky,10
Zalaegerszeg-Ola,46.849167,16.844722,2026-06-29 11:03:34.621058,35.88,35.74,35.88,35.88,1017,29,3.18,160,0,0.0,Clear,clear sky,10
Andráshida,46.863116,16.7792,2026-06-29 11:03:35.893451,35.84,35.92,35.84,35.84,1017,30,3.3,158,0,0.0,Clear,clear sky,10
Bagod,46.875,16.746111,2026-06-29 11:03:37.158449,35.92,36.29,35.92,35.92,1017,31,3.2,154,0,0.0,Clear,clear sky,10
Zalaszentgyörgy,46.872222,16.7125,2026-06-29 11:03:38.429467,35.85,36.44,35.85,35.85,1017,32,3.17,153,0,0.0,Clear,clear sky,10
Zalacséb-Salomvár,46.858056,16.662222,2026-06-29 11:03:39.695407,35.59,36.02,35.59,35.59,1017,32,3.16,152,0,0.0,Clear,clear sky,10
Kópháza,47.631389,16.6375,2026-06-29 11:03:40.956136,35.66,36.39,35.66,37.43,1017,33,2.91,189,0,0.0,Clear,clear sky,10
Nagycenk,47.601111,16.690278,2026-06-29 11:03:42.226345,35.77,36.57,35.77,37.54,1017,33,3.04,187,0,0.0,Clear,clear sky,10
Sopronkövesd,47.548333,16.748056,2026-06-29 11:03:43.491336,37.37,40.05,35.6,37.37,1017,35,3.42,183,0,0.0,Clear,clear sky,10
Lövő,47.509444,16.7775,2026-06-29 11:03:44.762200,37.41,40.13,35.64,37.41,1017,35,3.62,178,0,0.0,Clear,clear sky,10
Újkér,47.457778,16.786667,2026-06-29 11:03:46.036855,37.43,40.16,37.43,37.43,1017,35,3.81,177,0,0.0,Clear,clear sky,10
Bük,47.388611,16.752222,2026-06-29 11:03:47.298968,37.49,40.28,37.49,37.49,1017,35,3.54,179,0,0.0,Clear,clear sky,10
Acsád,47.308333,16.734722,2026-06-29 11:03:48.567194,37.24,39.8,37.24,37.24,1017,35,3.07,175,0,0.0,Clear,clear sky,10
Salköveskút-Vassurány,47.291389,16.704167,2026-06-29 11:03:49.830404,37.25,39.82,37.25,37.25,1017,35,3.04,171,0,0.0,Clear,clear sky,10
Zalaszentiván,46.8875,16.909444,2026-06-29 11:03:51.098221,36.07,35.79,36.07,36.07,1017,28,3.66,163,0,0.0,Clear,clear sky,10
Alsónemesapáti,46.854167,16.936389,2026-06-29 11:03:52.368745,36.16,35.69,36.16,36.16,1017,27,3.6,166,0,0.0,Clear,clear sky,10
Józsa,47.600833,21.584444,2026-06-29 11:03:53.638035,34.4,34.43,34.4,34.4,1017,33,3.27,303,5,0.0,Clear,clear sky,10
Hajdúszentgyörgy,47.608056,21.578333,2026-06-29 11:03:54.907571,34.4,34.43,34.4,34.4,1017,33,3.27,303,5,0.0,Clear,clear sky,10
Zelemér,47.627778,21.578333,2026-06-29 11:03:56.175789,34.35,34.35,34.35,34.35,1017,33,3.27,308,5,0.0,Clear,clear sky,10
Hajdúböszörmény,47.668056,21.524167,2026-06-29 11:03:57.432884,34.38,34.84,34.38,34.38,1017,35,3.25,314,5,0.0,Clear,clear sky,10
Hajdúvid,47.749444,21.508056,2026-06-29 11:03:58.700907,34.45,35.18,34.45,34.45,1018,36,3.13,325,7,0.0,Clear,clear sky,10
Hajdúdorog,47.805556,21.493056,2026-06-29 11:03:59.959160,34.44,35.41,34.44,34.44,1018,37,3.03,334,10,0.0,Clear,clear sky,10
Hajdúnánás,47.831944,21.426667,2026-06-29 11:04:01.227775,34.48,35.73,34.48,34.48,1018,38,2.74,331,12,0.0,Clouds,few clouds,10
Hajdúnánás-Vásártér,47.843056,21.407222,2026-06-29 11:04:02.497101,34.48,35.73,34.48,34.48,1018,38,2.74,331,12,0.0,Clouds,few clouds,10
Tedej,47.903611,21.404444,2026-06-29 11:04:03.765745,35.98,38.43,35.98,35.98,1018,38,2.43,347,20,0.0,Clouds,few clouds,10
Tiszavasvári,47.945278,21.374722,2026-06-29 11:04:05.032905,35.98,35.89,35.98,35.98,1018,29,2.15,349,23,0.0,Clouds,few clouds,10
Egyházerdő,47.9725,21.365,2026-06-29 11:04:06.291972,36.0,35.92,36.0,36.0,1018,29,2.01,353,25,0.0,Clouds,scattered clouds,10
Tiszalök,48.013056,21.369167,2026-06-29 11:04:07.557339,35.97,35.87,35.97,35.97,1018,29,1.64,360,29,0.0,Clouds,scattered clouds,10
Hajnalos,47.998889,21.414167,2026-06-29 11:04:08.819274,35.98,35.89,35.98,35.98,1018,29,1.96,360,27,0.0,Clouds,scattered clouds,10
Kisfástanya,47.989167,21.47,2026-06-29 11:04:10.083549,35.95,35.84,35.95,35.95,1018,29,2.09,1,27,0.0,Clouds,scattered clouds,10
Tiszaeszlár,48.010556,21.491944,2026-06-29 11:04:11.348155,35.96,35.86,35.96,35.96,1018,29,1.95,4,28,0.0,Clouds,scattered clouds,10
Bashalom,48.026111,21.514722,2026-06-29 11:04:12.610898,35.93,35.81,35.93,35.93,1018,29,1.68,5,30,0.0,Clouds,scattered clouds,10
Sáránd,47.415556,21.625,2026-06-29 11:04:13.872459,34.95,34.21,34.95,34.95,1017,28,3.06,272,5,0.0,Clear,clear sky,10
Derecske,47.365,21.584167,2026-06-29 11:04:15.135326,35.04,34.14,35.04,35.04,1017,27,2.94,267,4,0.0,Clear,clear sky,10
Derecske-Vásártér,47.352222,21.58,2026-06-29 11:04:16.397766,35.04,34.14,35.04,35.04,1017,27,2.94,267,4,0.0,Clear,clear sky,10
Konyár,47.323611,21.666111,2026-06-29 11:04:17.661772,35.23,34.04,35.23,35.23,1017,25,2.52,256,4,0.0,Clear,clear sky,10
Konyári Sóstófürdő,47.324167,21.744444,2026-06-29 11:04:18.925561,35.3,34.13,35.3,35.3,1017,25,2.33,248,4,0.0,Clear,clear sky,10
Pocsaj-Esztár,47.288333,21.793056,2026-06-29 11:04:20.185825,38.02,37.93,38.02,38.02,1017,25,2.22,240,4,0.0,Clear,clear sky,10
Kismarja,47.243889,21.813889,2026-06-29 11:04:21.449485,38.02,37.66,38.02,38.02,1017,24,2.17,240,4,0.0,Clear,clear sky,10
Nagykereki,47.191667,21.8,2026-06-29 11:04:22.714358,38.01,37.65,38.01,38.01,1017,24,2.16,247,4,0.0,Clear,clear sky,10
Debrecen-Szabadságtelep,47.527778,21.658611,2026-06-29 11:04:23.988006,34.66,34.19,34.66,34.66,1017,30,3.2,290,5,0.0,Clear,clear sky,10
Kondoroskert,47.525556,21.713889,2026-06-29 11:04:25.250782,34.74,34.3,34.74,34.74,1017,30,3.05,293,4,0.0,Clear,clear sky,10
Nagycsere,47.523889,21.763056,2026-06-29 11:04:26.516784,34.77,34.34,34.77,34.77,1017,30,2.99,293,4,0.0,Clear,clear sky,10
Haláp,47.521667,21.818333,2026-06-29 11:04:27.778993,34.77,34.34,34.77,34.77,1017,30,2.91,294,5,0.0,Clear,clear sky,10
Vámospércs,47.518056,21.893889,2026-06-29 11:04:29.043067,34.81,34.4,34.81,34.81,1017,30,2.62,298,6,0.0,Clear,clear sky,10
Szentannapuszta,47.52,21.965833,2026-06-29 11:04:30.303777,34.92,34.36,34.92,34.92,1017,29,2.42,300,7,0.0,Clear,clear sky,10
Nyírábrány,47.523889,22.016944,2026-06-29 11:04:31.566156,34.97,34.43,34.97,34.97,1017,29,2.33,301,8,0.0,Clear,clear sky,10
Dombostanya,47.602778,21.706389,2026-06-29 11:04:32.840196,34.54,34.42,34.54,34.54,1017,32,3.23,308,5,0.0,Clear,clear sky,10
Hajdúsámson,47.608056,21.755278,2026-06-29 11:04:34.103123,34.61,34.32,34.61,34.61,1017,31,3.15,311,5,0.0,Clear,clear sky,10
Tamásipuszta,47.632778,21.796111,2026-06-29 11:04:35.386482,34.57,34.47,34.57,34.57,1017,32,3.17,318,6,0.0,Clear,clear sky,10
Aradványpuszta,47.662778,21.8425,2026-06-29 11:04:36.695774,34.58,34.48,34.58,34.58,1017,32,3.2,325,7,0.0,Clear,clear sky,10
Nyíradony,47.699444,21.903333,2026-06-29 11:04:37.955480,34.56,34.45,34.56,34.56,1017,32,3.32,336,12,0.0,Clouds,few clouds,10
Nyírmihálydi,47.7375,21.958889,2026-06-29 11:04:39.220158,34.57,34.47,34.57,34.57,1017,32,3.43,338,14,0.0,Clouds,few clouds,10
Nyírgelse,47.750833,21.987778,2026-06-29 11:04:40.482141,34.54,34.64,34.54,34.54,1017,33,3.57,338,16,0.0,Clouds,few clouds,10
Nyírbogát,47.793056,22.066389,2026-06-29 11:04:41.745241,34.68,34.85,34.68,34.68,1017,33,3.94,333,21,0.0,Clouds,few clouds,10
Nagykálló,47.871111,21.825833,2026-06-29 11:04:43.016069,34.59,35.41,34.59,34.59,1018,36,3.83,342,21,0.0,Clouds,few clouds,10
Kállósemjén,47.854722,21.935,2026-06-29 11:04:44.282137,34.61,35.2,34.61,34.61,1017,35,3.92,340,20,0.0,Clouds,few clouds,10
Nyírbátor,47.8425,22.131111,2026-06-29 11:04:45.544081,34.67,34.83,34.67,34.67,1017,33,4.09,332,23,0.0,Clouds,few clouds,10
Nyírcsászári,47.865556,22.179167,2026-06-29 11:04:46.809342,34.79,34.79,34.79,34.79,1017,32,4.2,330,27,0.0,Clouds,scattered clouds,10
Hodász,47.896111,22.213611,2026-06-29 11:04:48.076136,34.81,34.82,34.81,34.81,1017,32,4.2,330,31,0.0,Clouds,scattered clouds,10
Nyírmeggyes,47.9225,22.256667,2026-06-29 11:04:49.340475,34.9,35.18,34.9,34.9,1017,33,4.21,333,36,0.0,Clouds,scattered clouds,10
Mátészalka,47.951389,22.313333,2026-06-29 11:04:50.608269,34.99,35.32,34.99,34.99,1017,33,4.18,334,40,0.0,Clouds,scattered clouds,10
Kocsord,47.941944,22.375833,2026-06-29 11:04:51.873018,35.24,35.48,35.24,35.24,1017,32,3.82,335,44,0.0,Clouds,scattered clouds,10
Kocsord alsó,47.946389,22.400556,2026-06-29 11:04:53.135034,35.24,35.48,35.24,35.24,1017,32,3.82,335,44,0.0,Clouds,scattered clouds,10
Győrtelek,47.936667,22.424722,2026-06-29 11:04:54.398166,35.31,35.58,35.31,35.31,1017,32,3.65,336,46,0.0,Clouds,scattered clouds,10
Győrtelek alsó,47.921111,22.443333,2026-06-29 11:04:55.672101,35.4,35.72,35.4,35.4,1017,32,3.26,336,44,0.0,Clouds,scattered clouds,10
Ököritófülpös,47.911389,22.495,2026-06-29 11:04:56.935094,35.45,35.8,35.45,35.45,1017,32,3.01,338,45,0.0,Clouds,scattered clouds,10
Porcsalma-Tyukod,47.868056,22.568333,2026-06-29 11:04:58.205873,37.28,38.53,37.28,37.28,1017,31,1.73,347,36,0.0,Clouds,scattered clouds,10
Csenger,47.826111,22.666389,2026-06-29 11:04:59.467116,37.27,38.51,37.27,37.27,1017,31,1.11,4,29,0.0,Clouds,scattered clouds,10
Kisfái,46.888303,19.807366,2026-06-29 11:05:00.730518,38.81,37.25,38.81,39.36,1017,18,3.33,192,0,0.0,Clear,clear sky,10
Nyárlőrinci szőlők,46.8775,19.828333,2026-06-29 11:05:01.996208,38.82,37.26,38.82,39.36,1017,18,3.36,191,0,0.0,Clear,clear sky,10
Nyárlőrinc alsó,46.863889,19.878889,2026-06-29 11:05:03.258583,39.08,38.65,38.84,40.98,1017,22,3.31,191,1,0.0,Clear,clear sky,10
Tiszaug-Tiszahídfő,46.866106,20.052098,2026-06-29 11:05:04.524850,40.24,39.11,38.36,41.14,1017,18,3.13,196,1,0.0,Clear,clear sky,10
Csongrádi úti tanyák,46.690278,19.921667,2026-06-29 11:05:05.788793,39.41,38.84,38.95,41.09,1017,21,3.75,180,0,0.0,Clear,clear sky,10
Kettőshalom,46.689167,20.0225,2026-06-29 11:05:07.051856,40.24,39.72,38.98,41.12,1017,20,3.67,180,1,0.0,Clear,clear sky,10
Csongrád alsó,46.711389,20.126389,2026-06-29 11:05:08.317109,41.03,40.18,38.98,41.12,1017,18,3.53,181,1,0.0,Clear,clear sky,10
Dónát,46.66988,20.368168,2026-06-29 11:05:09.578869,40.58,39.57,40.58,41.14,1017,18,3.13,154,1,0.0,Clear,clear sky,10
Pusztatemplom,46.676667,20.407222,2026-06-29 11:05:10.845833,40.57,39.55,40.57,41.13,1017,18,3.13,154,1,0.0,Clear,clear sky,10
Előhát,47.364722,20.653611,2026-06-29 11:05:12.119477,40.56,43.77,40.56,40.56,1017,29,3.35,253,3,0.0,Clear,clear sky,10
Polgárdi-Tekerespuszta,47.017778,18.297778,2026-06-29 11:05:13.379198,35.95,34.44,35.95,35.95,1017,22,3.86,181,0,0.0,Clear,clear sky,10
Szatina-Kishajmás,46.202778,18.083611,2026-06-29 11:05:14.643309,36.12,34.65,36.12,36.12,1017,22,3.56,153,14,0.0,Clouds,few clouds,10
Márok,45.886944,18.499167,2026-06-29 11:05:15.906823,34.83,39.17,34.83,38.91,1017,47,2.24,139,0,0.0,Clear,clear sky,10
Nagynyárád,45.953333,18.564722,2026-06-29 11:05:17.169761,38.98,39.42,34.9,38.98,1017,25,4.07,135,0,0.0,Clear,clear sky,10
Szászvár,46.2875,18.369722222222222,2026-06-29 11:05:18.438198,38.57,37.41,38.57,38.57,1017,20,4.08,144,1,0.0,Clear,clear sky,10
Cikó,46.263514,18.557605,2026-06-29 11:05:19.696131,38.89,37.84,38.89,38.89,1017,20,4.3,146,1,0.0,Clear,clear sky,10
Gyöngyfa-Magyarmecske,45.983889,17.958889,2026-06-29 11:05:20.965788,36.04,35.1,36.04,36.04,1017,25,3.8,138,24,0.0,Clouds,few clouds,10
Nagyhát,47.581389,21.445,2026-06-29 11:05:22.223176,34.47,34.53,34.47,34.47,1017,33,3.37,293,5,0.0,Clear,clear sky,10
Balmazújváros,47.613889,21.348056,2026-06-29 11:05:23.484158,34.51,35.04,34.51,34.51,1018,35,3.6,291,2,0.0,Clear,clear sky,10
Kónya,47.600833,21.2375,2026-06-29 11:05:24.749231,34.48,35.0,34.48,34.48,1018,35,3.77,287,1,0.0,Clear,clear sky,10
Hortobágy,47.586111,21.154722,2026-06-29 11:05:26.021284,34.45,34.95,34.45,34.45,1018,35,3.91,285,1,0.0,Clear,clear sky,10
Hortobágyi Halastó,47.604167,21.074167,2026-06-29 11:05:27.287300,34.42,35.14,34.42,34.42,1018,36,3.96,284,1,0.0,Clear,clear sky,10
Ohat-Pusztakócs,47.623333,20.951111,2026-06-29 11:05:28.555360,34.34,35.25,34.34,34.34,1018,37,4.06,281,2,0.0,Clear,clear sky,10
Egyek,47.616944,20.883611,2026-06-29 11:05:29.823517,40.53,47.53,40.53,40.53,1018,37,3.98,279,2,0.0,Clear,clear sky,10
Tiszafüred,47.627778,20.756111,2026-06-29 11:05:31.087740,34.36,35.28,34.36,34.36,1018,37,3.9,276,3,0.0,Clear,clear sky,10
Poroszló,47.657778,20.654444,2026-06-29 11:05:32.353630,34.41,35.36,34.41,34.41,1018,37,3.96,272,3,0.0,Clear,clear sky,10
Kétútköz,47.694167,20.565,2026-06-29 11:05:33.620132,34.35,35.27,34.35,34.35,1019,37,4.04,270,3,0.0,Clear,clear sky,10
Egerfarmos,47.711667,20.5225,2026-06-29 11:05:34.879707,34.37,35.3,34.37,34.37,1019,37,4.0,270,3,0.0,Clear,clear sky,10
Piliscsaba,47.638056,18.829722,2026-06-29 11:05:36.140502,36.9,35.65,36.85,37.56,1018,22,0.45,37,0,0.0,Clear,clear sky,10
Pilisjászfalu,47.656111,18.797778,2026-06-29 11:05:37.402840,37.15,35.77,37.1,37.81,1018,21,2.2,196,0,0.0,Clear,clear sky,10
Leányvár,47.687594,18.772553,2026-06-29 11:05:38.665508,37.27,35.93,35.78,37.98,1018,21,2.07,195,0,0.0,Clear,clear sky,10
Dorog,47.723333,18.732778,2026-06-29 11:05:39.934172,37.49,37.14,37.49,37.49,1018,25,1.93,189,0,0.0,Clear,clear sky,10
Esztergom-Kertváros,47.743333,18.719167,2026-06-29 11:05:41.197799,37.56,37.25,37.56,37.56,1018,25,1.93,187,0,0.0,Clear,clear sky,10
Esztergom,47.7775,18.743611,2026-06-29 11:05:42.470516,37.62,37.34,37.62,37.62,1018,25,2.0,188,0,0.0,Clear,clear sky,10
Dunaalmás,47.733056,18.326389,2026-06-29 11:05:43.729648,36.43,35.85,36.43,36.43,1017,26,2.7,181,1,0.0,Clear,clear sky,10
Neszmély,47.734444,18.345278,2026-06-29 11:05:44.993316,36.43,35.85,36.43,36.43,1017,26,2.7,181,1,0.0,Clear,clear sky,10
Süttő,47.761111,18.455,2026-06-29 11:05:46.260258,36.28,35.64,36.28,36.28,1017,26,2.3,182,0,0.0,Clear,clear sky,10
Piszke,47.75307,18.478017,2026-06-29 11:05:47.519854,36.28,35.43,36.28,36.28,1017,25,2.21,183,0,0.0,Clear,clear sky,10
Lábatlan,47.751944,18.513333,2026-06-29 11:05:48.783441,36.23,35.36,36.23,36.23,1017,25,2.13,182,0,0.0,Clear,clear sky,10
Eternitgyár,47.755544,18.530014,2026-06-29 11:05:50.045147,36.23,35.36,36.23,36.23,1017,25,2.13,182,0,0.0,Clear,clear sky,10
Nyergesújfalu felső,47.762222,18.540556,2026-06-29 11:05:51.304984,36.23,35.36,36.23,36.23,1017,25,2.13,182,0,0.0,Clear,clear sky,10
Nyergesújfalu,47.761111,18.561667,2026-06-29 11:05:52.570946,36.13,35.23,36.13,36.13,1018,25,2.07,182,0,0.0,Clear,clear sky,10
Tokod,47.735,18.675,2026-06-29 11:05:53.833473,37.58,37.28,37.58,37.58,1018,25,1.93,188,0,0.0,Clear,clear sky,10
Környe,47.541667,18.330278,2026-06-29 11:05:55.092999,36.21,35.33,36.21,36.21,1017,25,3.03,185,0,0.0,Clear,clear sky,10
Kecskéd alsó,47.519722,18.316667,2026-06-29 11:05:56.355217,36.26,35.4,36.26,36.26,1017,25,3.2,184,0,0.0,Clear,clear sky,10
Oroszlány,47.486944,18.308611,2026-06-29 11:05:57.618242,36.19,35.31,36.19,36.19,1017,25,3.28,185,0,0.0,Clear,clear sky,10
Győrszabadhegy,47.663056,17.648056,2026-06-29 11:05:58.886358,36.84,37.49,36.84,36.84,1017,30,3.5,185,0,0.0,Clear,clear sky,10
Ménfőcsanak felső,47.638333,17.615,2026-06-29 11:06:00.143744,36.9,37.59,36.9,36.9,1017,30,3.6,190,0,0.0,Clear,clear sky,10
Gyömöre-Tét,47.501672,17.559596,2026-06-29 11:06:01.409019,36.69,36.98,36.69,36.69,1017,29,4.43,190,0,0.0,Clear,clear sky,10
Szerecseny,47.469167,17.5475,2026-06-29 11:06:02.676844,36.72,36.76,36.72,36.72,1017,28,4.56,189,0,0.0,Clear,clear sky,10
Gecse-Gyarmat,47.456111,17.515,2026-06-29 11:06:03.943884,36.62,36.87,36.62,36.62,1017,29,4.59,188,0,0.0,Clear,clear sky,10
Vaszar,47.4025,17.496389,2026-06-29 11:06:05.205567,36.7,36.73,36.7,36.7,1017,28,4.88,183,0,0.0,Clear,clear sky,10
Pápa,47.340556,17.458889,2026-06-29 11:06:06.468331,36.67,36.69,36.67,36.67,1017,28,4.94,179,0,0.0,Clear,clear sky,10
Mezőlak,47.324722,17.371389,2026-06-29 11:06:07.737486,36.72,37.02,36.72,36.72,1017,29,4.82,175,0,0.0,Clear,clear sky,10
Mihályháza,47.318889,17.331667,2026-06-29 11:06:08.994988,36.69,36.98,36.69,36.69,1017,29,4.75,172,0,0.0,Clear,clear sky,10
Vinár,47.306667,17.284722,2026-06-29 11:06:10.252302,36.72,37.02,36.72,36.72,1017,29,4.67,171,0,0.0,Clear,clear sky,10
Külsővat,47.279167,17.219722,2026-06-29 11:06:11.521926,36.66,36.93,36.66,36.66,1017,29,4.47,167,0,0.0,Clear,clear sky,10
Celldömölk,47.261389,17.151944,2026-06-29 11:06:12.782292,36.61,37.12,36.61,36.61,1017,30,4.33,165,0,0.0,Clear,clear sky,10
Kemenesmihályfa,47.278056,17.111111,2026-06-29 11:06:14.049095,36.21,36.49,36.21,36.21,1017,30,4.24,166,0,0.0,Clear,clear sky,10
Nagysimonyi,47.265556,17.058889,2026-06-29 11:06:15.313810,36.26,36.57,36.26,36.26,1017,30,4.11,164,0,0.0,Clear,clear sky,10
Ostffyasszonyfa,47.283889,17.023889,2026-06-29 11:06:16.591985,36.33,36.94,36.33,36.33,1017,31,4.03,164,0,0.0,Clear,clear sky,10
Sárvár,47.259167,16.928889,2026-06-29 11:06:17.856460,36.32,36.93,36.32,36.32,1017,31,3.83,159,0,0.0,Clear,clear sky,10
Porpác,47.238611,16.8325,2026-06-29 11:06:19.114447,37.51,39.26,37.51,37.51,1017,32,3.7,156,0,0.0,Clear,clear sky,10
Balatonföldvár,46.853889,17.881389,2026-06-29 11:06:20.375998,33.86,32.63,33.86,36.08,1017,27,0.89,0,0,0.0,Clear,clear sky,10
Balatonszárszó,46.832222,17.830278,2026-06-29 11:06:21.643120,33.88,32.65,33.88,36.1,1017,27,1.99,144,1,0.0,Clear,clear sky,10
Balatonszemes,46.811944,17.776389,2026-06-29 11:06:22.903525,33.86,32.63,33.86,36.08,1017,27,2.1,138,1,0.0,Clear,clear sky,10
Balatonlelle felső,46.793889,17.7175,2026-06-29 11:06:24.164420,33.88,32.65,33.88,38.84,1017,27,2.03,136,1,0.0,Clear,clear sky,10
Balatonlelle,46.7875,17.694167,2026-06-29 11:06:25.430204,33.84,32.91,33.84,38.81,1017,29,1.9,135,1,0.0,Clear,clear sky,10
Fonyódliget,46.759167,17.592222,2026-06-29 11:06:26.691181,33.86,33.1,33.86,33.86,1017,30,1.71,140,1,0.0,Clear,clear sky,10
Balatonboglár,46.776111,17.647222,2026-06-29 11:06:27.951450,33.86,32.93,33.86,33.86,1017,29,1.76,134,1,0.0,Clear,clear sky,10
Balatonfenyves alsó,46.708611,17.455278,2026-06-29 11:06:29.215723,36.2,36.22,36.2,36.2,1017,29,1.91,160,0,0.0,Clear,clear sky,10
Fonyód,46.750278,17.558889,2026-06-29 11:06:30.493292,36.03,36.21,36.03,36.03,1017,30,1.53,142,1,0.0,Clear,clear sky,10
Bélatelep,46.737778,17.535,2026-06-29 11:06:31.756788,36.08,36.04,36.08,36.08,1017,29,1.63,151,0,0.0,Clear,clear sky,10
Alsóbélatelep,46.724167,17.516389,2026-06-29 11:06:33.017091,36.08,36.04,36.08,36.08,1017,29,1.63,151,0,0.0,Clear,clear sky,10
Balatonfenyves,46.713611,17.482778,2026-06-29 11:06:34.278990,36.12,36.1,36.12,36.12,1017,29,1.85,159,0,0.0,Clear,clear sky,10
Máriahullámtelep,46.704722,17.435,2026-06-29 11:06:35.538651,36.2,36.22,36.2,36.2,1017,29,1.91,160,0,0.0,Clear,clear sky,10
Balatonmáriafürdő,46.704167,17.374722,2026-06-29 11:06:36.806806,36.36,36.22,36.36,36.36,1017,28,2.25,161,1,0.0,Clear,clear sky,10
Balatonberény,46.713889,17.316944,2026-06-29 11:06:38.067479,36.32,36.16,36.32,36.32,1017,28,2.4,161,1,0.0,Clear,clear sky,10
Balatonszentgyörgy,46.692778,17.288889,2026-06-29 11:06:39.334769,36.4,36.28,36.4,36.4,1017,28,2.75,163,2,0.0,Clear,clear sky,10
Vörs,46.663611,17.260278,2026-06-29 11:06:40.598743,36.43,36.32,36.43,36.43,1017,28,3.18,162,4,0.0,Clear,clear sky,10
Zalaszentjakab,46.491667,17.135278,2026-06-29 11:06:41.862863,35.99,36.15,35.99,35.99,1017,30,4.0,146,18,0.0,Clouds,few clouds,10
Nagykanizsa,46.440833,16.986667,2026-06-29 11:06:43.127079,35.89,36.5,35.89,35.89,1017,32,3.81,132,26,0.0,Clouds,scattered clouds,10
Murakeresztúr,46.363889,16.876944,2026-06-29 11:06:44.385994,35.76,37.11,35.76,35.76,1017,35,3.21,133,39,0.0,Clouds,scattered clouds,10
Zalakomár,46.530278,17.188056,2026-06-29 11:06:45.660494,36.16,36.41,36.16,36.16,1017,30,3.93,151,15,0.0,Clouds,few clouds,10
Szárazrét,47.200833,18.381111,2026-06-29 11:06:46.919692,36.86,36.01,36.86,36.86,1017,24,3.92,186,0,0.0,Clear,clear sky,10
Bodajk,47.318333,18.251944,2026-06-29 11:06:48.186168,36.59,35.64,36.59,36.59,1017,24,3.83,188,0,0.0,Clear,clear sky,10
Csókakő,47.3275,18.240556,2026-06-29 11:06:49.453505,36.26,35.2,36.26,36.26,1017,24,3.78,187,0,0.0,Clear,clear sky,10
Mór,47.369167,18.189167,2026-06-29 11:06:50.716554,36.38,35.36,36.38,36.38,1017,24,3.98,186,0,0.0,Clear,clear sky,10
Bakonysárkány,47.443611,18.103611,2026-06-29 11:06:51.990029,36.03,35.09,36.03,36.03,1017,25,3.86,183,0,0.0,Clear,clear sky,10
Kisbér,47.494167,18.024722,2026-06-29 11:06:53.252860,36.37,35.77,36.37,36.37,1017,26,3.69,183,0,0.0,Clear,clear sky,10
Nagyigmánd-Bábolna,47.630556,18.050833,2026-06-29 11:06:54.513777,36.61,36.11,36.61,36.61,1017,26,3.23,172,0,0.0,Clear,clear sky,10
Budapest-Déli,47.498889,19.025,2026-06-29 11:06:55.776941,38.45,38.59,37.49,39.73,1018,25,2.68,145,0,0.0,Clear,clear sky,10
Budapest-Kelenföld,47.464444,19.02,2026-06-29 11:06:57.039045,39.01,39.47,37.6,39.84,1018,25,2.68,145,0,0.0,Clear,clear sky,10
Budaörs,47.4475,18.965,2026-06-29 11:06:58.303069,39.27,39.55,37.51,39.75,1018,24,2.68,145,0,0.0,Clear,clear sky,10
Biatorbágy,47.480278,18.834444,2026-06-29 11:06:59.561497,37.23,36.08,37.15,37.86,1018,22,3.48,197,0,0.0,Clear,clear sky,10
Herceghalom,47.493611,18.746111,2026-06-29 11:07:00.823912,37.43,36.13,37.41,38.12,1018,21,3.5,197,0,0.0,Clear,clear sky,10
Bicske,47.484167,18.6175,2026-06-29 11:07:02.085263,37.21,36.74,35.72,37.21,1018,25,3.32,196,1,0.0,Clear,clear sky,10
Szár,47.485,18.5275,2026-06-29 11:07:03.346959,37.0,36.44,37.0,37.0,1018,25,3.08,194,1,0.0,Clear,clear sky,10
Szárliget,47.518333,18.495833,2026-06-29 11:07:04.610416,35.7,34.65,35.7,35.7,1018,25,2.91,193,1,0.0,Clear,clear sky,10
Alsógalla,47.563337,18.425102,2026-06-29 11:07:05.868205,36.16,35.27,36.16,36.16,1017,25,2.76,188,1,0.0,Clear,clear sky,10
Tatabánya,47.585556,18.393056,2026-06-29 11:07:07.134891,36.25,35.39,36.25,36.25,1017,25,2.77,186,1,0.0,Clear,clear sky,10
Vértesszőlős,47.619444,18.375278,2026-06-29 11:07:08.398631,36.27,35.42,36.27,36.27,1017,25,2.68,186,1,0.0,Clear,clear sky,10
Tóvároskert,47.646111,18.348611,2026-06-29 11:07:09.663142,36.32,35.48,36.32,36.32,1017,25,2.73,183,1,0.0,Clear,clear sky,10
Tata,47.665,18.3275,2026-06-29 11:07:10.932939,36.31,35.47,36.31,36.31,1017,25,2.7,183,1,0.0,Clear,clear sky,10
Almásfüzitő,47.725278,18.262222,2026-06-29 11:07:12.196916,36.48,35.93,36.48,36.48,1017,26,2.9,178,1,0.0,Clear,clear sky,10
Almásfüzitő felső,47.731389,18.216389,2026-06-29 11:07:13.467354,39.47,40.56,39.47,39.47,1017,26,3.04,174,1,0.0,Clear,clear sky,10
Szőny,47.735556,18.1775,2026-06-29 11:07:14.734077,39.5,40.98,39.5,39.5,1017,27,3.09,172,1,0.0,Clear,clear sky,10
Komárom,47.749444,18.113611,2026-06-29 11:07:16.004388,39.51,41.0,39.51,39.51,1017,27,3.22,167,0,0.0,Clear,clear sky,10
Ács,47.717222,18.004444,2026-06-29 11:07:17.267907,36.67,36.69,36.67,36.67,1017,28,3.36,162,0,0.0,Clear,clear sky,10
Nagyszentjános,47.705556,17.871389,2026-06-29 11:07:18.531566,36.76,36.82,36.76,36.76,1017,28,3.5,165,0,0.0,Clear,clear sky,10
Győrszentiván,47.688611,17.745556,2026-06-29 11:07:19.793560,36.78,37.12,36.78,36.78,1017,29,3.5,173,0,0.0,Clear,clear sky,10
Győr-Gyárváros,47.684444,17.663889,2026-06-29 11:07:21.054984,36.87,37.26,36.87,36.87,1017,29,3.5,182,0,0.0,Clear,clear sky,10
Győr,47.681944,17.634722,2026-06-29 11:07:22.311475,36.84,37.49,36.84,36.84,1017,30,3.5,185,0,0.0,Clear,clear sky,10
Öttevény,47.719722,17.489167,2026-06-29 11:07:23.575082,36.88,37.85,36.88,36.88,1017,31,3.35,192,0,0.0,Clear,clear sky,10
Lébény-Mosonszentmiklós,47.755278,17.426389,2026-06-29 11:07:24.834351,36.86,37.81,36.86,36.86,1017,31,3.27,187,0,0.0,Clear,clear sky,10
Kimle-Károlyháza,47.803889,17.342778,2026-06-29 11:07:26.094934,36.87,38.13,36.87,36.87,1017,32,3.23,179,0,0.0,Clear,clear sky,10
Mosonmagyaróvár,47.849722,17.267222,2026-06-29 11:07:27.355894,36.71,37.86,36.71,37.83,1017,32,3.2,174,0,0.0,Clear,clear sky,10
Levél,47.889722,17.1925,2026-06-29 11:07:28.621039,37.05,38.44,35.53,37.8,1017,32,3.11,177,0,0.0,Clear,clear sky,10
Hegyeshalom,47.913889,17.145556,2026-06-29 11:07:29.886952,37.0,38.36,35.5,37.84,1017,32,3.04,181,0,0.0,Clear,clear sky,10
Óbuda,47.568611,19.033889,2026-06-29 11:07:31.147313,38.26,38.01,37.64,39.87,1018,24,1.79,170,0,0.0,Clear,clear sky,10
Üröm,47.580556,19.002222,2026-06-29 11:07:32.415631,38.01,37.65,37.53,39.77,1018,24,1.79,170,0,0.0,Clear,clear sky,10
Solymár,47.596111,18.95,2026-06-29 11:07:33.679007,37.49,36.43,37.35,38.06,1018,22,1.79,170,0,0.0,Clear,clear sky,10
Pilisvörösvár,47.614444,18.902222,2026-06-29 11:07:34.944369,37.06,35.86,36.99,37.7,1018,22,0.45,37,0,0.0,Clear,clear sky,10
Klotildliget,47.637778,18.846389,2026-06-29 11:07:36.212015,36.78,35.49,36.73,37.43,1018,22,0.45,37,0,0.0,Clear,clear sky,10
Kútvölgy,46.459444,20.451944,2026-06-29 11:07:37.476402,40.57,42.89,40.57,40.57,1017,27,3.45,152,0,0.0,Clear,clear sky,10
Székkutas,46.503889,20.541111,2026-06-29 11:07:38.744151,40.55,42.86,40.55,40.55,1017,27,3.51,157,0,0.0,Clear,clear sky,10
Kaposszentjakab,46.358056,17.821944,2026-06-29 11:07:39.997866,36.65,35.14,36.65,36.65,1017,21,4.07,164,12,0.0,Clouds,few clouds,10
Kaposvár,46.352778,17.795,2026-06-29 11:07:41.255835,36.53,35.17,36.53,36.53,1017,22,4.07,164,12,0.0,Clouds,few clouds,10
Kaposújlak,46.366667,17.715,2026-06-29 11:07:42.520605,36.5,35.32,36.5,36.5,1017,23,4.1,165,14,0.0,Clouds,few clouds,10
Kaposmérő,46.365278,17.698889,2026-06-29 11:07:43.780027,36.38,35.16,36.38,36.38,1017,23,4.1,165,15,0.0,Clouds,few clouds,10
Kaposfő,46.364167,17.656667,2026-06-29 11:07:45.046980,36.29,35.24,36.29,36.29,1017,24,4.09,164,16,0.0,Clouds,few clouds,10
Kiskorpád,46.361389,17.606667,2026-06-29 11:07:46.315088,36.16,35.07,36.16,36.16,1017,24,4.08,163,17,0.0,Clouds,few clouds,10
Jákó-Nagybajom,46.344444,17.554444,2026-06-29 11:07:47.585327,36.0,35.05,36.0,36.0,1017,25,3.91,158,24,0.0,Clouds,few clouds,10
Kutas,46.326111,17.453889,2026-06-29 11:07:48.854805,36.01,35.48,36.01,36.01,1017,27,3.86,154,29,0.0,Clouds,scattered clouds,10
Beleg,46.316944,17.420556,2026-06-29 11:07:50.117089,35.92,35.57,35.92,35.92,1017,28,3.72,148,36,0.0,Clouds,scattered clouds,10
Ötvöskónyi,46.292778,17.358056,2026-06-29 11:07:51.390316,35.82,35.65,35.82,35.82,1017,29,3.65,143,40,0.0,Clouds,scattered clouds,10
Somogyszob,46.289167,17.305556,2026-06-29 11:07:52.657635,35.71,35.96,35.71,35.71,1017,31,3.66,141,42,0.0,Clouds,scattered clouds,10
Bolhás,46.282222,17.275278,2026-06-29 11:07:53.922436,35.68,35.91,35.68,35.68,1017,31,3.75,139,44,0.0,Clouds,scattered clouds,10
Szenta,46.274167,17.182222,2026-06-29 11:07:55.190422,35.69,36.18,35.69,35.69,1017,32,3.85,136,46,0.0,Clouds,scattered clouds,10
Zrínyitelep,46.275278,17.138056,2026-06-29 11:07:56.447171,35.68,36.16,35.68,35.68,1017,32,3.9,135,47,0.0,Clouds,scattered clouds,10
Csurgó,46.261111,17.091667,2026-06-29 11:07:57.711880,35.77,36.57,35.77,35.77,1017,33,3.9,133,49,0.0,Clouds,scattered clouds,10
Gyékényes,46.249167,16.956389,2026-06-29 11:07:58.974314,35.51,36.68,35.51,35.51,1017,35,3.74,133,48,0.0,Clouds,scattered clouds,10
Adony,47.106111,18.847778,2026-06-29 11:08:00.239060,36.9,35.85,36.9,36.9,1017,23,4.16,191,0,0.0,Clear,clear sky,10
Kulcs,47.051111,18.8975,2026-06-29 11:08:01.503074,36.67,35.55,36.67,36.67,1017,23,4.2,191,0,0.0,Clear,clear sky,10
Rácalmás,47.023333,18.908889,2026-06-29 11:08:02.760279,36.65,35.52,36.65,36.65,1017,23,4.22,190,0,0.0,Clear,clear sky,10
Dunaújváros,46.960556,18.913889,2026-06-29 11:08:04.023858,36.74,35.44,36.74,36.74,1017,22,4.24,187,0,0.0,Clear,clear sky,10
Újvenyim,46.936944,18.868889,2026-06-29 11:08:05.297641,36.86,35.6,36.86,36.86,1017,22,4.27,185,0,0.0,Clear,clear sky,10
Mezőfalva,46.905556,18.810278,2026-06-29 11:08:06.589895,36.89,35.63,36.89,36.89,1017,22,4.27,182,0,0.0,Clear,clear sky,10
Nagykarácsony felső,46.866047,18.783064,2026-06-29 11:08:07.862041,37.05,35.64,37.05,37.05,1017,21,4.28,180,0,0.0,Clear,clear sky,10
Nagykarácsony,46.848729,18.765722,2026-06-29 11:08:09.123639,36.91,35.47,36.91,36.91,1017,21,4.26,178,0,0.0,Clear,clear sky,10
Alap,46.831944,18.657778,2026-06-29 11:08:10.385953,37.15,35.77,37.15,37.15,1017,21,4.21,174,0,0.0,Clear,clear sky,10
Cece,46.773333,18.623333,2026-06-29 11:08:11.652341,37.22,35.86,37.22,37.22,1017,21,4.16,170,0,0.0,Clear,clear sky,10
Vajta,46.713611,18.648056,2026-06-29 11:08:12.912971,37.29,35.76,37.29,37.29,1017,20,4.14,168,0,0.0,Clear,clear sky,10
Rétszilas alsó,46.829167,18.639444,2026-06-29 11:08:14.177272,37.15,35.77,37.15,37.15,1017,21,4.21,174,0,0.0,Clear,clear sky,10
Nagydorog,46.615485,18.65002,2026-06-29 11:08:15.434962,37.36,35.84,37.36,37.36,1017,20,4.15,164,0,0.0,Clear,clear sky,10
Tengelic,46.516111,18.695278,2026-06-29 11:08:16.699151,37.31,35.59,37.31,37.31,1017,19,4.18,161,0,0.0,Clear,clear sky,10
Fácánkert,46.449041,18.735661,2026-06-29 11:08:17.962095,37.39,35.69,37.39,37.39,1017,19,4.18,158,0,0.0,Clear,clear sky,10
Tolna-Mözs,46.416389,18.750556,2026-06-29 11:08:19.235552,37.46,35.78,37.46,37.46,1017,19,4.15,158,0,0.0,Clear,clear sky,10
Szekszárd-Palánk,46.38027777777778,18.72833333333333,2026-06-29 11:08:20.496112,37.46,35.97,37.46,37.46,1017,20,4.21,155,0,0.0,Clear,clear sky,10
Szekszárd,46.349444,18.7125,2026-06-29 11:08:21.761241,37.43,35.93,37.43,37.43,1017,20,4.23,154,0,0.0,Clear,clear sky,10
Őcsény,46.318889,18.7425,2026-06-29 11:08:23.022724,37.44,35.94,37.44,37.44,1017,20,4.2,152,0,0.0,Clear,clear sky,10
Decs,46.283889,18.756111,2026-06-29 11:08:24.291514,37.42,36.12,37.42,37.42,1017,21,4.22,151,0,0.0,Clear,clear sky,10
Csikóstőttős,46.337222,18.152778,2026-06-29 11:08:25.563650,37.05,35.46,37.05,37.05,1017,20,3.82,151,5,0.0,Clear,clear sky,10
Mágocs-Alsómocsolád,46.31027777777778,18.222222222222225,2026-06-29 11:08:26.826651,36.43,34.7,36.43,36.43,1017,20,3.83,148,4,0.0,Clear,clear sky,10
Szalatnak,46.284444444444446,18.288611111111113,2026-06-29 11:08:28.091135,36.61,34.92,36.61,36.61,1017,20,3.96,144,2,0.0,Clear,clear sky,10
Máza-Szászvár,46.279167,18.411389,2026-06-29 11:08:29.352109,38.69,37.57,38.69,38.69,1018,20,4.13,144,1,0.0,Clear,clear sky,10
Váralja,46.281667,18.436111,2026-06-29 11:08:30.618367,38.77,37.68,38.77,38.77,1018,20,4.22,144,1,0.0,Clear,clear sky,10
Nagymányok,46.280278,18.459167,2026-06-29 11:08:31.887275,38.85,37.79,38.85,38.85,1018,20,4.22,144,1,0.0,Clear,clear sky,10
Hidas-Bonyhád,46.269444,18.523333,2026-06-29 11:08:33.154524,38.85,37.79,38.85,38.85,1017,20,4.28,146,1,0.0,Clear,clear sky,10
Mőcsény,46.2575,18.591944,2026-06-29 11:08:34.420040,38.84,37.77,38.84,38.84,1017,20,4.32,147,1,0.0,Clear,clear sky,10
Bátaszék,46.202222,18.715556,2026-06-29 11:08:35.679421,39.13,38.44,39.13,39.13,1017,21,4.3,147,0,0.0,Clear,clear sky,10
Pörböly,46.199167,18.826389,2026-06-29 11:08:36.944464,37.32,36.2,37.32,37.32,1017,22,4.18,149,0,0.0,Clear,clear sky,10
Orosháza,46.566111,20.664722,2026-06-29 11:08:38.212579,36.63,36.38,36.63,36.63,1017,27,3.61,166,0,0.0,Clear,clear sky,10
Orosházi tanyák,46.596944,20.760556,2026-06-29 11:08:39.475207,36.42,35.84,36.42,36.42,1017,26,3.39,169,1,0.0,Clear,clear sky,10
Csorvás,46.623611,20.840833,2026-06-29 11:08:40.746638,36.37,35.77,36.37,36.37,1017,26,3.22,172,1,0.0,Clear,clear sky,10
Csorvás alsó,46.634722,20.888333,2026-06-29 11:08:42.013571,36.37,35.55,36.37,36.37,1017,25,3.12,172,1,0.0,Clear,clear sky,10
Telekgerendás,46.656111,20.963889,2026-06-29 11:08:43.277883,36.38,35.57,36.38,36.38,1017,25,2.75,174,1,0.0,Clear,clear sky,10
Fürjes,46.67214,21.02306,2026-06-29 11:08:44.541167,36.45,35.45,36.45,36.45,1017,24,2.51,174,2,0.0,Clear,clear sky,10
Fényes,46.659876,21.16618,2026-06-29 11:08:45.807350,36.59,35.44,36.59,36.59,1017,23,2.0,168,1,0.0,Clear,clear sky,10
Bicere,46.66,21.179444,2026-06-29 11:08:47.070644,36.61,35.47,36.61,36.61,1017,23,1.85,166,1,0.0,Clear,clear sky,10
Gyula,46.656389,21.273333,2026-06-29 11:08:48.341002,36.68,35.56,36.68,36.68,1017,23,1.37,158,2,0.0,Clear,clear sky,10
József Szanatórium,46.704722,21.3325,2026-06-29 11:08:49.604556,36.64,35.31,36.64,36.64,1017,22,1.17,153,2,0.0,Clear,clear sky,10
Sarkadi Cukorgyár,46.73,21.383611,2026-06-29 11:08:50.867987,36.57,35.22,36.57,36.57,1017,22,0.92,146,2,0.0,Clear,clear sky,10
Sarkad,46.736944,21.402222,2026-06-29 11:08:52.128708,36.54,35.37,36.54,36.54,1017,23,0.75,141,2,0.0,Clear,clear sky,10
Kötegyán,46.758333,21.479722,2026-06-29 11:08:53.390242,36.49,35.31,36.49,36.49,1017,23,0.51,141,3,0.0,Clear,clear sky,10
Méhkerék,46.774444,21.455556,2026-06-29 11:08:54.655596,36.48,35.11,36.48,36.48,1017,22,0.74,150,3,0.0,Clear,clear sky,10
Sarkadkeresztúr,46.823611,21.4175,2026-06-29 11:08:55.921478,36.46,35.08,36.46,36.46,1017,22,0.92,159,3,0.0,Clear,clear sky,10
Okány,46.8925,21.339167,2026-06-29 11:08:57.181204,36.35,34.94,36.35,36.35,1017,22,1.31,196,3,0.0,Clear,clear sky,10
Újszeged,46.242222,20.16,2026-06-29 11:08:58.444077,37.86,37.17,37.86,37.86,1017,23,3.01,126,0,0.0,Clear,clear sky,10
Szőreg,46.211389,20.183056,2026-06-29 11:08:59.708455,37.85,36.92,37.85,37.85,1017,22,2.99,118,0,0.0,Clear,clear sky,10
Deszk,46.210278,20.246389,2026-06-29 11:09:00.971876,37.86,37.17,37.86,37.86,1017,23,3.06,112,0,0.0,Clear,clear sky,10
Kiszombor,46.191944,20.413056,2026-06-29 11:09:02.243041,37.01,36.22,37.01,37.01,1017,24,2.75,106,0,0.0,Clear,clear sky,10
Kiszombor megálló,46.191111,20.430833,2026-06-29 11:09:03.501022,37.01,36.22,37.01,37.01,1017,24,2.75,106,0,0.0,Clear,clear sky,10
Makó,46.204722,20.474722,2026-06-29 11:09:04.772315,36.91,36.31,36.91,36.91,1017,25,2.62,106,0,0.0,Clear,clear sky,10
Apátfalva,46.175193,20.580611,2026-06-29 11:09:06.042092,36.84,36.21,36.84,36.84,1017,25,1.97,98,0,0.0,Clear,clear sky,10
Magyarcsanád,46.174444,20.610278,2026-06-29 11:09:07.305069,36.84,36.44,36.84,36.84,1017,26,1.79,96,0,0.0,Clear,clear sky,10
Nagylak,46.17,20.708333,2026-06-29 11:09:08.569485,38.43,38.56,38.43,38.43,1017,25,1.22,81,1,0.0,Clear,clear sky,10
Nagylaki Kendergyár,46.189167,20.717222,2026-06-29 11:09:09.834048,38.42,38.85,38.42,38.42,1017,26,1.18,86,1,0.0,Clear,clear sky,10
Csanádpalota,46.236111,20.7325,2026-06-29 11:09:11.096374,38.41,38.83,38.41,38.41,1017,26,1.15,93,1,0.0,Clear,clear sky,10
Mezőhegyes,46.310833,20.815556,2026-06-29 11:09:12.361134,38.35,39.05,38.35,38.35,1017,27,1.09,121,1,0.0,Clear,clear sky,10
Végegyháza,46.384444,20.878611,2026-06-29 11:09:13.619951,38.37,39.08,38.37,38.37,1017,27,1.48,153,1,0.0,Clear,clear sky,10
Mezőkovácsháza,46.408333,20.9,2026-06-29 11:09:14.883500,38.37,39.08,38.37,38.37,1017,27,1.75,159,1,0.0,Clear,clear sky,10
Mezőkovácsháza felső,46.415556,20.918056,2026-06-29 11:09:16.153964,38.38,39.1,38.38,38.38,1017,27,1.47,159,1,0.0,Clear,clear sky,10
Magyarbánhegyes,46.451389,20.97,2026-06-29 11:09:17.413089,36.41,35.83,36.41,36.41,1017,26,1.6,164,1,0.0,Clear,clear sky,10
Medgyesegyháza,46.495278,21.029167,2026-06-29 11:09:18.673418,36.35,35.74,36.35,36.35,1017,26,1.83,170,1,0.0,Clear,clear sky,10
Bánkút,46.505278,21.091944,2026-06-29 11:09:19.939988,36.45,35.66,36.45,36.45,1017,25,1.55,168,1,0.0,Clear,clear sky,10
Belsőperegpuszta,46.321111,20.916667,2026-06-29 11:09:21.204561,38.35,38.74,38.35,38.35,1017,26,0.82,97,1,0.0,Clear,clear sky,10
Battonya,46.282222,21.003889,2026-06-29 11:09:22.467934,38.34,45.34,37.82,40.62,1017,100,0.94,68,1,0.0,Clear,clear sky,10
Baja-Dunafürdő,46.193333,18.919167,2026-06-29 11:09:23.734910,37.29,36.16,37.29,37.29,1017,22,4.06,149,0,0.0,Clear,clear sky,10
Kaposszekcső,46.330556,18.143056,2026-06-29 11:09:24.997033,37.05,35.46,37.05,37.05,1017,20,3.82,151,5,0.0,Clear,clear sky,10
Vásárosdombó,46.310556,18.138889,2026-06-29 11:09:26.259830,36.87,35.23,36.87,36.87,1017,20,3.76,151,6,0.0,Clear,clear sky,10
Sásd,46.257222,18.104722,2026-06-29 11:09:27.525750,36.62,35.1,36.62,36.62,1017,21,3.63,152,9,0.0,Clear,clear sky,10
Godisa,46.223333,18.104722,2026-06-29 11:09:28.788842,36.29,34.69,36.29,36.29,1017,21,3.6,152,10,0.0,Clear,clear sky,10
Abaliget,46.152778,18.073611,2026-06-29 11:09:30.053961,35.86,34.33,35.86,35.86,1017,22,3.57,150,16,0.0,Clouds,few clouds,10
Hetvehely,46.128333,18.045,2026-06-29 11:09:31.316312,35.94,34.6,35.94,35.94,1017,23,3.59,149,19,0.0,Clouds,few clouds,10
Bükkösd,46.113056,17.999444,2026-06-29 11:09:32.578828,35.77,34.38,35.77,35.77,1017,23,3.59,149,20,0.0,Clouds,few clouds,10
Cserdi-Helesfa,46.086667,17.987778,2026-06-29 11:09:33.842601,35.75,34.53,35.75,35.75,1017,24,3.63,147,21,0.0,Clouds,few clouds,10
Szentlőrinc,46.033333,17.990833,2026-06-29 11:09:35.106850,36.1,34.99,36.1,36.1,1017,24,3.72,142,22,0.0,Clouds,few clouds,10
Bicsérd,46.041389,18.057778,2026-06-29 11:09:36.369100,36.05,34.92,36.05,36.05,1017,24,3.71,141,18,0.0,Clouds,few clouds,10
Mecsekalja-Cserkút,46.059722,18.150278,2026-06-29 11:09:37.639003,39.55,39.66,39.55,39.55,1017,23,3.71,141,11,0.0,Clouds,few clouds,10
Pécs,46.065833,18.223611,2026-06-29 11:09:38.900856,39.47,39.87,34.82,39.47,1017,24,3.77,140,7,0.0,Clear,clear sky,10
Pécs-Külváros,46.071667,18.24,2026-06-29 11:09:40.171281,39.44,39.82,34.8,39.44,1017,24,3.77,140,7,0.0,Clear,clear sky,10
Pécsbánya-Rendező,46.063333,18.270278,2026-06-29 11:09:41.431786,39.29,39.58,34.64,39.29,1017,24,3.86,139,4,0.0,Clear,clear sky,10
Pécsudvard,46.01,18.275556,2026-06-29 11:09:42.704501,39.21,39.46,34.57,39.21,1017,24,3.86,136,5,0.0,Clear,clear sky,10
Szőkéd,45.9675,18.29,2026-06-29 11:09:43.971479,39.4,39.76,34.75,39.4,1017,24,3.85,132,6,0.0,Clear,clear sky,10
Áta,45.936389,18.306944,2026-06-29 11:09:45.230075,34.86,39.23,34.86,39.5,1017,47,3.83,130,7,0.0,Clear,clear sky,10
Kistótfalu,45.909722,18.315278,2026-06-29 11:09:46.500274,34.9,39.32,34.9,39.54,1017,47,3.79,128,8,0.0,Clear,clear sky,10
Vokány,45.899722,18.334722,2026-06-29 11:09:47.764931,34.86,39.23,34.86,39.5,1017,47,3.8,128,6,0.0,Clear,clear sky,10
Palkonya,45.891667,18.393889,2026-06-29 11:09:49.025769,34.88,39.28,34.88,39.53,1017,47,2.24,139,6,0.0,Clear,clear sky,10
Villánykövesd,45.879722,18.425833,2026-06-29 11:09:50.288282,34.84,39.19,34.84,39.49,1017,47,2.24,139,4,0.0,Clear,clear sky,10
Villány,45.8775,18.451389,2026-06-29 11:09:51.554718,34.97,39.48,34.97,39.61,1017,47,2.24,139,1,0.0,Clear,clear sky,10
Magyarbóly,45.834167,18.491944,2026-06-29 11:09:52.826072,35.02,39.59,35.02,39.66,1017,47,2.24,139,0,0.0,Clear,clear sky,10
Magyarszék,46.210278,18.188056,2026-06-29 11:09:54.091845,39.25,38.61,39.25,39.25,1017,21,3.66,148,6,0.0,Clear,clear sky,10
Mecsekpölöske,46.224167,18.213056,2026-06-29 11:09:55.358311,39.08,38.37,39.08,39.08,1017,21,3.73,147,5,0.0,Clear,clear sky,10
Mecsekjánosi,46.215278,18.241944,2026-06-29 11:09:56.619353,39.07,38.35,39.07,39.07,1017,21,3.85,145,2,0.0,Clear,clear sky,10
Komló,46.189167,18.265278,2026-06-29 11:09:57.881513,38.75,37.91,38.75,38.75,1017,21,3.84,144,3,0.0,Clear,clear sky,10
Királyegyháza-Rigópuszta,45.989167,17.971667,2026-06-29 11:09:59.142889,36.06,34.94,36.06,36.06,1017,24,3.79,138,22,0.0,Clouds,few clouds,10
Sumony,45.960833,17.913333,2026-06-29 11:10:00.410758,35.94,34.97,35.94,35.94,1017,25,3.81,136,26,0.0,Clouds,scattered clouds,10
Okorág-Kárászpuszta,45.933611,17.864444,2026-06-29 11:10:01.674395,35.89,35.1,35.89,35.89,1017,26,3.8,133,27,0.0,Clouds,scattered clouds,10
Kákics,45.904167,17.8525,2026-06-29 11:10:02.942932,35.79,34.96,35.79,35.79,1017,26,3.76,130,28,0.0,Clouds,scattered clouds,10
Bóly,45.9375,18.538333,2026-06-29 11:10:04.213280,34.79,39.08,34.79,39.44,1017,47,2.24,139,0,0.0,Clear,clear sky,10
Mohács,46.0025,18.683333,2026-06-29 11:10:05.477791,39.7,40.23,35.06,39.7,1017,24,4.18,139,0,0.0,Clear,clear sky,10
Sellye,45.873333,17.858889,2026-06-29 11:10:06.739896,35.85,35.05,35.85,35.85,1017,26,3.79,129,26,0.0,Clouds,scattered clouds,10
Toponár,46.398333,17.840833,2026-06-29 11:10:08.001008,36.72,35.23,36.72,36.72,1017,21,4.13,165,9,0.0,Clear,clear sky,10
Somogyaszaló,46.453611,17.840278,2026-06-29 11:10:09.270436,36.71,35.21,36.71,36.71,1017,21,4.24,165,5,0.0,Clear,clear sky,10
Mernye,46.509444,17.832222,2026-06-29 11:10:10.543860,36.8,35.33,36.8,36.8,1017,21,4.16,163,1,0.0,Clear,clear sky,10
Felsőmocsolád,46.556389,17.8225,2026-06-29 11:10:11.809202,36.61,35.09,36.61,36.61,1017,21,4.07,162,0,0.0,Clear,clear sky,10
Kisbárapáti,46.615,17.866667,2026-06-29 11:10:13.073348,36.31,34.89,36.31,36.31,1017,22,3.71,156,0,0.0,Clear,clear sky,10
Bonnya,46.611389,17.909167,2026-06-29 11:10:14.340189,36.78,35.3,36.78,36.78,1017,21,3.92,156,0,0.0,Clear,clear sky,10
Andocs,46.646944,17.8925,2026-06-29 11:10:15.606408,36.0,34.68,36.0,36.0,1017,23,3.54,154,0,0.0,Clear,clear sky,10
Karád,46.681111,17.874722,2026-06-29 11:10:16.868831,33.58,31.81,33.58,33.58,1017,23,3.35,152,0,0.0,Clear,clear sky,10
Somogymeggyes,46.720556,17.920556,2026-06-29 11:10:18.136317,33.16,31.45,33.16,35.38,1017,24,3.02,151,0,0.0,Clear,clear sky,10
Kapoly,46.713611,17.977778,2026-06-29 11:10:19.398516,33.44,31.55,33.44,35.66,1017,22,3.54,152,0,0.0,Clear,clear sky,10
Tab,46.734167,18.041111,2026-06-29 11:10:20.672312,35.82,34.28,33.6,35.82,1017,22,3.44,153,0,0.0,Clear,clear sky,10
Bábonymegyer,46.746095,18.109921,2026-06-29 11:10:21.934188,35.93,42.93,33.71,35.93,1017,64,3.82,152,0,0.0,Clear,clear sky,10
Daránypuszta,46.764722,18.143889,2026-06-29 11:10:23.193307,35.95,42.95,33.73,35.95,1017,64,3.78,154,0,0.0,Clear,clear sky,10
Som-Nagyberény,46.803056,18.149444,2026-06-29 11:10:24.464582,35.94,42.94,33.72,35.94,1017,64,3.44,160,0,0.0,Clear,clear sky,10
Ádánd,46.854444,18.141667,2026-06-29 11:10:25.730046,36.06,43.06,33.84,36.06,1017,64,3.1,169,0,0.0,Clear,clear sky,10
Siójut,46.879444,18.126667,2026-06-29 11:10:26.990868,36.05,43.05,33.83,36.05,1017,64,2.98,175,0,0.0,Clear,clear sky,10
Kapostüskevár,46.367778,17.774167,2026-06-29 11:10:28.249911,36.64,35.31,36.64,36.64,1017,22,4.08,165,12,0.0,Clouds,few clouds,10
Kaposfüred,46.415,17.759444,2026-06-29 11:10:29.513488,36.66,35.34,36.66,36.66,1017,22,4.26,167,8,0.0,Clear,clear sky,10
Várda,46.4625,17.721667,2026-06-29 11:10:30.776952,36.55,35.2,36.55,36.55,1017,22,4.32,170,4,0.0,Clear,clear sky,10
Somogyjád,46.490833,17.694444,2026-06-29 11:10:32.038610,36.6,35.26,36.6,36.6,1017,22,4.23,171,2,0.0,Clear,clear sky,10
Osztopán,46.515556,17.656944,2026-06-29 11:10:33.301403,36.48,35.3,36.48,36.48,1017,23,4.05,171,0,0.0,Clear,clear sky,10
Pamuk,46.553127,17.636412,2026-06-29 11:10:34.563442,36.54,35.58,36.54,36.54,1017,24,3.85,171,0,0.0,Clear,clear sky,10
Somogyvár,46.580556,17.634722,2026-06-29 11:10:35.833408,36.46,35.47,36.46,36.46,1017,24,3.59,170,0,0.0,Clear,clear sky,10
Öreglak,46.608607,17.632733,2026-06-29 11:10:37.100686,36.35,35.53,36.35,36.35,1017,25,3.31,168,0,0.0,Clear,clear sky,10
Tatárvár,46.636667,17.621111,2026-06-29 11:10:38.365233,36.09,35.59,36.09,36.09,1017,27,2.92,167,0,0.0,Clear,clear sky,10
Lengyeltóti,46.660556,17.613611,2026-06-29 11:10:39.639519,36.09,35.59,36.09,36.09,1017,27,2.59,164,0,0.0,Clear,clear sky,10
Pusztaberény,46.686111,17.594722,2026-06-29 11:10:40.899950,36.13,35.88,36.13,36.13,1017,28,2.29,159,0,0.0,Clear,clear sky,10
Örkény,47.132778,19.447222,2026-06-29 11:10:42.158460,36.08,34.96,36.08,36.08,1017,24,3.62,209,0,0.0,Clear,clear sky,10
Táborfalva,47.098545,19.479318,2026-06-29 11:10:43.422458,40.49,41.14,40.49,40.49,1017,23,3.56,207,0,0.0,Clear,clear sky,10
Felsőlajos,47.068834,19.498415,2026-06-29 11:10:44.685097,40.48,41.12,40.48,40.48,1017,23,3.55,206,0,0.0,Clear,clear sky,10
Lajosmizse,47.028333,19.542778,2026-06-29 11:10:45.945599,40.45,43.56,40.45,40.45,1017,29,3.52,203,0,0.0,Clear,clear sky,10
Lajosmizse alsó,47.0225,19.550278,2026-06-29 11:10:47.202951,40.46,43.58,40.46,40.46,1017,29,3.52,203,0,0.0,Clear,clear sky,10
Klábertelep,47.005556,19.551667,2026-06-29 11:10:48.461257,40.46,43.58,40.46,40.46,1017,29,3.46,200,0,0.0,Clear,clear sky,10
Méntelek,46.978611,19.570833,2026-06-29 11:10:49.728132,40.5,43.65,40.5,40.5,1017,29,3.49,199,0,0.0,Clear,clear sky,10
Hetényegyháza,46.930833,19.595,2026-06-29 11:10:50.992526,40.53,43.71,40.53,40.53,1017,29,1.79,355,0,0.0,Clear,clear sky,10
Kecskemét-Máriaváros,46.901192,19.675913,2026-06-29 11:10:52.252869,40.57,43.79,38.76,40.57,1017,29,1.79,355,0,0.0,Clear,clear sky,10
Nyársapát,47.100278,19.7925,2026-06-29 11:10:53.528414,40.68,41.83,38.71,41.05,1017,24,3.13,205,1,0.0,Clear,clear sky,10
Nagykőrös,47.038333,19.76,2026-06-29 11:10:54.789159,40.58,43.81,38.69,40.58,1017,29,3.17,201,1,0.0,Clear,clear sky,10
Katonatelep,46.963056,19.718889,2026-06-29 11:10:56.054076,40.54,43.73,38.73,40.54,1017,29,1.79,355,0,0.0,Clear,clear sky,10
Kecskemét,46.913889,19.700833,2026-06-29 11:10:57.319765,40.57,43.79,38.76,40.57,1017,29,1.79,355,0,0.0,Clear,clear sky,10
Városföld,46.816667,19.753333,2026-06-29 11:10:58.589196,40.31,42.01,38.82,40.63,1017,26,3.56,187,0,0.0,Clear,clear sky,10
Kiskunfélegyháza,46.7067,19.83474,2026-06-29 11:10:59.855189,39.15,38.75,38.87,41.01,1017,22,3.79,182,0,0.0,Clear,clear sky,10
Petőfiszállás,46.617374,19.865229,2026-06-29 11:11:01.120887,39.21,38.84,38.91,41.05,1017,22,3.89,178,0,0.0,Clear,clear sky,10
Csengele,46.538321,19.909008,2026-06-29 11:11:02.388426,39.26,40.21,37.75,39.44,1017,26,3.8,171,0,0.0,Clear,clear sky,10
Kistelek,46.466944,19.966944,2026-06-29 11:11:03.658696,37.83,37.38,37.81,39.49,1017,24,3.57,163,0,0.0,Clear,clear sky,10
Balástya,46.413333,20.001389,2026-06-29 11:11:04.923306,37.81,37.35,37.81,37.81,1017,24,3.38,157,0,0.0,Clear,clear sky,10
Szatymaz,46.345621,20.04374,2026-06-29 11:11:06.186750,37.83,37.38,37.83,37.83,1017,24,3.13,142,0,0.0,Clear,clear sky,10
Kiskundorozsma,46.271667,20.090556,2026-06-29 11:11:07.447096,37.86,37.43,37.86,37.86,1017,24,3.0,134,0,0.0,Clear,clear sky,10
Szeged,46.239722,20.143056,2026-06-29 11:11:08.718505,37.84,37.4,37.84,37.84,1017,24,2.98,123,0,0.0,Clear,clear sky,10
Alsóúrrét,46.898392,19.779891,2026-06-29 11:11:09.979734,40.6,43.85,38.81,40.62,1017,29,1.79,355,0,0.0,Clear,clear sky,10
Nyárlőrinc,46.87,19.851389,2026-06-29 11:11:11.250332,39.85,40.83,38.84,40.98,1017,25,3.36,191,0,0.0,Clear,clear sky,10
Világoshegy,46.855278,19.940278,2026-06-29 11:11:12.515097,39.31,39.3,38.87,41.01,1017,23,3.19,194,1,0.0,Clear,clear sky,10
Szikra,46.858333,19.975,2026-06-29 11:11:13.782563,39.69,39.55,38.8,41.02,1017,22,3.19,194,1,0.0,Clear,clear sky,10
Lakitelek,46.873056,20.003611,2026-06-29 11:11:15.046089,39.79,40.38,38.84,41.06,1017,24,3.16,195,1,0.0,Clear,clear sky,10
Tiszaug,46.850556,20.074167,2026-06-29 11:11:16.313319,40.4,38.75,38.92,41.14,1017,16,3.16,194,1,0.0,Clear,clear sky,10
Tiszasas,46.826389,20.089167,2026-06-29 11:11:17.583212,41.02,39.54,38.97,41.12,1017,16,3.16,194,1,0.0,Clear,clear sky,10
Csépa,46.8125,20.134722,2026-06-29 11:11:18.839409,41.06,39.59,38.97,41.12,1017,16,3.17,191,1,0.0,Clear,clear sky,10
Szelevény,46.811944,20.196389,2026-06-29 11:11:20.103080,40.95,39.75,38.98,41.12,1017,17,3.14,191,1,0.0,Clear,clear sky,10
Gátér,46.685,19.9625,2026-06-29 11:11:21.369993,39.57,39.07,38.97,41.12,1017,21,3.73,180,0,0.0,Clear,clear sky,10
Kónyaszék,46.699931,20.074299,2026-06-29 11:11:22.636581,41.12,39.98,38.99,41.13,1017,17,3.56,181,1,0.0,Clear,clear sky,10
Csongrád,46.704444,20.140556,2026-06-29 11:11:23.897561,41.02,39.85,38.99,41.14,1017,17,3.51,180,1,0.0,Clear,clear sky,10
Hékéd,46.675,20.266667,2026-06-29 11:11:25.156260,40.57,39.55,40.57,41.14,1017,18,3.13,154,1,0.0,Clear,clear sky,10
Fábiánsebestyén,46.670278,20.456667,2026-06-29 11:11:26.424864,40.56,39.54,40.56,41.12,1017,18,3.57,174,1,0.0,Clear,clear sky,10
Gádoros,46.656711,20.588157,2026-06-29 11:11:27.693144,40.55,43.3,40.55,40.55,1017,28,3.65,171,1,0.0,Clear,clear sky,10
Justhmajor,46.62,20.615833,2026-06-29 11:11:28.956297,40.55,42.86,40.55,40.55,1017,27,3.67,169,1,0.0,Clear,clear sky,10
Szentetornya,46.590964,20.628334,2026-06-29 11:11:30.225234,40.54,42.84,40.54,40.54,1017,27,3.68,167,0,0.0,Clear,clear sky,10
Gyopárosfürdő,46.567784,20.630662,2026-06-29 11:11:31.485289,40.53,42.82,40.53,40.53,1017,27,3.61,166,0,0.0,Clear,clear sky,10
Szabadságliget,47.626123,18.893481,2026-06-29 11:11:32.748498,36.96,35.73,36.88,37.59,1018,22,0.45,37,0,0.0,Clear,clear sky,10
Röszke,46.19261,20.03055,2026-06-29 11:11:34.012274,37.86,37.43,37.86,37.86,1017,24,2.76,131,0,0.0,Clear,clear sky,10
Tószeg,47.098056,20.138333,2026-06-29 11:11:35.277783,38.9,39.96,38.9,38.9,1017,27,0.45,212,1,0.0,Clear,clear sky,10
Tiszavárkony,47.059444,20.143056,2026-06-29 11:11:36.544283,38.9,39.96,38.9,38.9,1017,27,0.45,212,1,0.0,Clear,clear sky,10
Tiszajenő-Vezseny,47.036319,20.142415,2026-06-29 11:11:37.806887,38.9,39.96,38.9,38.9,1017,27,0.45,212,1,0.0,Clear,clear sky,10
Újbög,46.962222,20.093889,2026-06-29 11:11:39.067124,38.86,39.89,38.86,41.08,1017,27,2.82,209,1,0.0,Clear,clear sky,10
Tiszakécske,46.937512,20.082016,2026-06-29 11:11:40.325987,39.08,40.26,38.88,41.1,1017,27,2.88,206,1,0.0,Clear,clear sky,10
Kerekdomb,46.906944,20.052778,2026-06-29 11:11:41.590153,39.65,40.5,38.87,41.09,1017,25,2.93,203,2,0.0,Clear,clear sky,10
Tiszaalpár,46.818611,19.982778,2026-06-29 11:11:42.853557,39.67,38.91,38.92,41.06,1017,20,3.32,190,1,0.0,Clear,clear sky,10
Tiszaalpár alsó,46.790897,19.951409,2026-06-29 11:11:44.111679,39.53,39.01,38.92,41.06,1017,21,3.44,188,1,0.0,Clear,clear sky,10
Tiszatenyő,47.134167,20.3725,2026-06-29 11:11:45.375078,38.9,39.96,38.9,38.9,1017,27,2.93,229,1,0.0,Clear,clear sky,10
Pusztapó,47.091667,20.458333,2026-06-29 11:11:46.642126,38.9,39.62,38.9,38.9,1017,26,2.77,226,1,0.0,Clear,clear sky,10
Kétpó,47.076944,20.487778,2026-06-29 11:11:47.899949,38.9,39.62,38.9,38.9,1017,26,2.65,223,1,0.0,Clear,clear sky,10
Mezőtúr,47.0125,20.622778,2026-06-29 11:11:49.179066,35.79,34.77,35.79,35.79,1017,25,2.39,215,2,0.0,Clear,clear sky,10
Nagylapos,46.974167,20.750556,2026-06-29 11:11:50.444611,35.93,34.96,35.93,35.93,1017,25,2.23,210,2,0.0,Clear,clear sky,10
Gyoma,46.925833,20.821667,2026-06-29 11:11:51.712254,36.09,34.98,36.09,36.09,1017,24,2.24,201,2,0.0,Clear,clear sky,10
Csárdaszállás,46.861111,20.932778,2026-06-29 11:11:52.980575,36.21,35.13,36.21,36.21,1017,24,2.19,195,2,0.0,Clear,clear sky,10
Mezőberény,46.814722,21.013056,2026-06-29 11:11:54.243976,36.34,35.11,36.34,36.34,1017,23,2.24,186,2,0.0,Clear,clear sky,10
Murony,46.756944,21.038056,2026-06-29 11:11:55.509941,36.45,35.26,36.45,36.45,1017,23,2.34,179,2,0.0,Clear,clear sky,10
Békéscsaba,46.669722,21.081667,2026-06-29 11:11:56.782578,36.5,35.32,36.5,36.5,1017,23,2.29,172,2,0.0,Clear,clear sky,10
Kétegyháza,46.5325,21.171944,2026-06-29 11:11:58.045565,36.62,35.68,36.62,36.62,1017,24,1.23,165,1,0.0,Clear,clear sky,10
Lőkösháza,46.432222,21.2375,2026-06-29 11:11:59.312038,40.63,41.36,37.83,40.63,1017,23,0.38,115,1,0.0,Clear,clear sky,10
Kengyel,47.089722,20.339722,2026-06-29 11:12:00.583920,38.88,39.93,38.88,38.88,1017,27,2.86,226,1,0.0,Clear,clear sky,10
Bagimajor,47.061111,20.316667,2026-06-29 11:12:01.843737,38.9,39.96,38.9,38.9,1017,27,2.74,220,1,0.0,Clear,clear sky,10
Martfű,47.019444,20.291667,2026-06-29 11:12:03.104117,38.88,39.93,38.88,38.88,1017,27,2.71,217,1,0.0,Clear,clear sky,10
Tiszaföldvár,46.975556,20.276389,2026-06-29 11:12:04.364837,38.88,39.93,38.88,38.88,1017,27,2.72,211,1,0.0,Clear,clear sky,10
Homok,46.9475,20.270278,2026-06-29 11:12:05.629840,38.89,39.94,38.89,41.11,1017,27,2.74,208,1,0.0,Clear,clear sky,10
Kungyalu,46.910833,20.2675,2026-06-29 11:12:06.895254,39.69,40.94,38.91,41.13,1017,26,2.78,204,1,0.0,Clear,clear sky,10
Kunszentmárton,46.848333,20.293333,2026-06-29 11:12:08.169171,41.12,39.67,40.55,41.12,1017,16,2.98,193,1,0.0,Clear,clear sky,10
Nagytőke,46.763333,20.291667,2026-06-29 11:12:09.427530,40.57,39.55,40.57,41.13,1017,18,3.28,184,1,0.0,Clear,clear sky,10
Szentes,46.657778,20.2725,2026-06-29 11:12:10.691073,40.57,39.55,40.57,41.14,1017,18,3.13,154,1,0.0,Clear,clear sky,10
Szegvár,46.588611,20.249444,2026-06-29 11:12:11.961267,40.57,39.55,40.57,41.14,1017,18,3.13,154,1,0.0,Clear,clear sky,10
Mindszent,46.524167,20.194167,2026-06-29 11:12:13.220094,40.58,39.57,40.58,41.14,1017,18,3.68,160,0,0.0,Clear,clear sky,10
Mártély,46.473333,20.236111,2026-06-29 11:12:14.484977,40.59,42.5,40.59,41.16,1017,26,3.57,153,0,0.0,Clear,clear sky,10
Pusztabánréve,46.939898,20.556809,2026-06-29 11:12:15.753017,36.07,35.35,36.07,36.07,1017,26,2.43,202,2,0.0,Clear,clear sky,10
Szarvas,46.860833,20.566667,2026-06-29 11:12:17.020865,36.3,35.67,36.3,36.3,1017,26,2.69,190,1,0.0,Clear,clear sky,10
Csabacsűd,46.823056,20.663333,2026-06-29 11:12:18.282162,36.43,35.85,36.43,36.43,1017,26,2.87,182,2,0.0,Clear,clear sky,10
Kisszénás,46.751389,20.721389,2026-06-29 11:12:19.549509,36.49,35.94,36.49,36.49,1017,26,3.01,177,2,0.0,Clear,clear sky,10
Kiscsákó,46.719167,20.717778,2026-06-29 11:12:20.812591,36.53,36.0,36.53,36.53,1017,26,3.25,174,1,0.0,Clear,clear sky,10
Nagyszénás,46.672778,20.674167,2026-06-29 11:12:22.080542,36.57,36.05,36.57,36.57,1017,26,3.45,173,1,0.0,Clear,clear sky,10
Kardoskút,46.498056,20.6975,2026-06-29 11:12:23.343260,36.54,36.24,36.54,36.54,1017,27,3.16,162,0,0.0,Clear,clear sky,10
Tótkomlós,46.409167,20.726944,2026-06-29 11:12:24.606126,36.46,36.13,36.46,36.46,1017,27,2.24,155,0,0.0,Clear,clear sky,10
Nagyér,46.365278,20.738333,2026-06-29 11:12:25.876341,36.55,36.26,36.55,36.55,1017,27,1.72,144,1,0.0,Clear,clear sky,10
Pitvaros,46.326175,20.746446,2026-06-29 11:12:27.142192,36.6,36.33,36.6,36.6,1017,27,1.36,135,1,0.0,Clear,clear sky,10
Dévaványa,47.033889,20.943333,2026-06-29 11:12:28.404355,35.71,34.66,35.71,35.71,1017,25,2.39,231,2,0.0,Clear,clear sky,10
Körösladány,46.97,21.085833,2026-06-29 11:12:29.667193,35.92,34.57,35.92,35.92,1017,23,2.17,228,3,0.0,Clear,clear sky,10
Szeghalom,47.015278,21.148333,2026-06-29 11:12:30.931569,35.79,34.58,35.79,35.79,1017,24,2.4,240,3,0.0,Clear,clear sky,10
Vésztő,46.938889,21.263611,2026-06-29 11:12:32.195057,36.17,34.72,36.17,36.17,1017,22,1.67,221,3,0.0,Clear,clear sky,10
Szeged-Rókus,46.266111,20.125278,2026-06-29 11:12:33.458137,37.86,37.43,37.86,37.86,1017,24,2.97,129,0,0.0,Clear,clear sky,10
Algyő,46.335556,20.196111,2026-06-29 11:12:34.723017,37.88,37.46,37.88,37.88,1017,24,3.2,135,0,0.0,Clear,clear sky,10
Hódmezővásárhelyi Népkert,46.403333,20.312778,2026-06-29 11:12:35.989192,40.58,42.07,40.58,40.58,1017,25,3.44,143,0,0.0,Clear,clear sky,10
Hódmezővásárhely,46.413333,20.34,2026-06-29 11:12:37.255047,40.57,42.46,40.57,40.57,1017,26,3.41,143,0,0.0,Clear,clear sky,10
Körmend,47.016389,16.599167,2026-06-29 11:12:38.530506,35.78,36.86,35.78,35.78,1017,34,3.5,171,0,0.0,Clear,clear sky,10
Szentgotthárd,46.957222,16.263056,2026-06-29 11:12:39.795466,36.34,39.83,36.34,36.34,1017,40,2.09,184,0,0.0,Clear,clear sky,10
Szombathely,47.237778,16.6325,2026-06-29 11:12:41.056201,37.26,39.48,37.26,37.26,1017,34,2.76,179,0,0.0,Clear,clear sky,10
Sáferkút,48.010278,19.071389,2026-06-29 11:12:42.313845,34.75,33.76,34.75,34.75,1018,27,3.82,209,1,0.0,Clear,clear sky,10
Magdolnavölgy,47.6475,18.818889,2026-06-29 11:12:43.585085,37.44,36.15,37.43,37.58,1018,21,2.14,197,0,0.0,Clear,clear sky,10
Haris,46.964722,16.2825,2026-06-29 11:12:44.857025,36.36,39.87,36.36,36.36,1017,40,2.25,184,0,0.0,Clear,clear sky,10
Egyházasrádóc,47.091389,16.62,2026-06-29 11:12:46.124530,35.64,36.63,35.64,35.64,1017,34,3.18,179,0,0.0,Clear,clear sky,10
Alsórönök,46.964167,16.379444,2026-06-29 11:12:47.392575,36.41,39.61,36.41,36.41,1017,39,2.51,180,0,0.0,Clear,clear sky,10
Szombathely-Szőlős,47.206389,16.641667,2026-06-29 11:12:48.653794,37.32,39.6,37.32,37.32,1017,34,2.86,177,0,0.0,Clear,clear sky,10
Rátót,46.9675,16.433056,2026-06-29 11:12:49.922978,35.42,37.09,35.42,35.42,1017,37,2.97,173,0,0.0,Clear,clear sky,10
Ják-Balogunyom,47.161389,16.630556,2026-06-29 11:12:51.188687,37.38,39.71,37.38,37.38,1017,34,3.15,172,0,0.0,Clear,clear sky,10
Vasvár,47.056944,16.800278,2026-06-29 11:12:52.454589,36.01,36.43,36.01,36.01,1017,31,4.15,157,1,0.0,Clear,clear sky,10
Répcelak,47.418889,17.008889,2026-06-29 11:12:53.722332,36.56,37.32,36.56,36.56,1017,31,3.83,170,0,0.0,Clear,clear sky,10
Rajka,47.995556,17.191389,2026-06-29 11:12:54.984290,37.48,39.54,36.7,37.83,1017,33,2.98,175,0,0.0,Clear,clear sky,10
Püspökmolnári,47.086111,16.7675,2026-06-29 11:12:56.251063,35.99,36.66,35.99,35.99,1017,32,3.98,159,1,0.0,Clear,clear sky,10
Kőszeg,47.382222,16.556389,2026-06-29 11:12:57.520474,36.86,39.08,36.86,36.86,1017,35,3.17,214,0,0.0,Clear,clear sky,10
Kastélypark,47.390278,18.988333,2026-06-29 11:12:58.784977,39.49,39.9,38.23,39.91,1018,24,2.68,145,0,0.0,Clear,clear sky,10
Hanságliget,47.72,17.215556,2026-06-29 11:13:00.055812,35.58,36.01,35.58,35.58,1017,32,3.3,174,0,0.0,Clear,clear sky,10
Vica,47.477778,17.111944,2026-06-29 11:13:01.321470,36.66,37.48,36.66,36.66,1017,31,3.8,171,0,0.0,Clear,clear sky,10
Vép,47.235833,16.7275,2026-06-29 11:13:02.588438,37.4,39.4,37.4,37.4,1017,33,3.09,166,0,0.0,Clear,clear sky,10
Mosonszolnok,47.8525,17.160278,2026-06-29 11:13:03.848685,36.17,36.96,36.1,37.83,1017,32,3.09,178,0,0.0,Clear,clear sky,10
Jánossomorja,47.789167,17.1375,2026-06-29 11:13:05.111598,36.1,35.83,36.1,36.1,1017,28,3.18,174,0,0.0,Clear,clear sky,10
Bősárkány,47.685556,17.234167,2026-06-29 11:13:06.376338,36.13,36.62,36.13,36.13,1017,31,3.39,174,0,0.0,Clear,clear sky,10
Szil-Sopronnémeti,47.533333,17.209444,2026-06-29 11:13:07.641386,36.08,36.54,36.08,36.08,1017,31,3.73,175,0,0.0,Clear,clear sky,10
Magyarkeresztúr-Zsebeháza,47.514167,17.176111,2026-06-29 11:13:08.907541,36.08,36.54,36.08,36.08,1017,31,3.76,173,0,0.0,Clear,clear sky,10
Páli-Vadosfa,47.4925,17.137778,2026-06-29 11:13:10.165461,36.06,36.51,36.06,36.06,1017,31,3.78,172,0,0.0,Clear,clear sky,10
Beled,47.466667,17.084444,2026-06-29 11:13:11.435512,36.66,37.48,36.66,36.66,1017,31,3.8,171,0,0.0,Clear,clear sky,10
Dénesfa,47.448611,17.054722,2026-06-29 11:13:12.700792,36.62,37.42,36.62,36.62,1017,31,3.79,171,0,0.0,Clear,clear sky,10
Csánig,47.430278,17.026111,2026-06-29 11:13:13.963605,36.6,37.38,36.6,36.6,1017,31,3.78,171,0,0.0,Clear,clear sky,10
Vámoscsalád,47.385556,16.961667,2026-06-29 11:13:15.224354,37.65,39.17,37.65,37.65,1017,31,3.86,169,0,0.0,Clear,clear sky,10
Vasegerszeg,47.375,16.928889,2026-06-29 11:13:16.484837,37.66,39.19,37.66,37.66,1017,31,3.83,166,0,0.0,Clear,clear sky,10
Hegyfalu,47.357778,16.898333,2026-06-29 11:13:17.763052,37.65,39.17,37.65,37.65,1017,31,3.83,166,0,0.0,Clear,clear sky,10
Pósfa,47.326944,16.855833,2026-06-29 11:13:19.022987,37.63,39.47,37.63,37.63,1017,32,3.75,164,0,0.0,Clear,clear sky,10
Ölbő-Alsószeleste,47.300556,16.843056,2026-06-29 11:13:20.282043,37.61,39.43,37.61,37.61,1017,32,3.64,162,0,0.0,Clear,clear sky,10
Gencsapáti felső,47.299722,16.593889,2026-06-29 11:13:21.552563,37.12,39.57,37.12,37.12,1017,35,2.75,206,0,0.0,Clear,clear sky,10
Lukácsháza alsó,47.326389,16.586389,2026-06-29 11:13:22.826885,37.06,39.46,37.06,37.06,1017,35,2.88,208,0,0.0,Clear,clear sky,10
Kőszegfalva,47.361667,16.567778,2026-06-29 11:13:24.087741,36.95,39.25,36.95,36.95,1017,35,3.04,215,0,0.0,Clear,clear sky,10
Gyöngyöshermán,47.202778,16.657222,2026-06-29 11:13:25.358610,37.34,39.63,37.34,37.34,1017,34,2.86,177,0,0.0,Clear,clear sky,10
Bezenye,47.973611,17.207222,2026-06-29 11:13:26.626848,37.5,39.93,36.71,37.84,1017,34,3.09,173,0,0.0,Clear,clear sky,10
Kámon,47.254534,16.625769,2026-06-29 11:13:27.893202,37.22,39.76,37.22,37.22,1017,35,2.72,183,0,0.0,Clear,clear sky,10
Sorkifalud,47.1375,16.719167,2026-06-29 11:13:29.161984,35.98,36.92,35.98,35.98,1017,33,3.63,162,1,0.0,Clear,clear sky,10
Szentléránt,47.12,16.735556,2026-06-29 11:13:30.432933,35.98,36.92,35.98,35.98,1017,33,3.63,162,1,0.0,Clear,clear sky,10
Pácsony,47.009722,16.833611,2026-06-29 11:13:31.699095,35.95,36.09,35.95,35.95,1017,30,4.1,158,0,0.0,Clear,clear sky,10
Győrvár,46.99,16.840556,2026-06-29 11:13:32.956206,35.95,36.09,35.95,35.95,1017,30,4.1,158,0,0.0,Clear,clear sky,10
Egervár-Vasboldogasszony,46.942222,16.862222,2026-06-29 11:13:34.217986,36.16,36.16,36.16,36.16,1017,29,3.9,160,0,0.0,Clear,clear sky,10
Zalaszentlőrinc,46.913889,16.8775,2026-06-29 11:13:35.485348,36.1,36.07,36.1,36.1,1017,29,3.77,161,0,0.0,Clear,clear sky,10
Gencsapáti alsó,47.285833,16.6,2026-06-29 11:13:36.746053,37.15,39.63,37.15,37.15,1017,35,2.65,204,0,0.0,Clear,clear sky,10
Gyöngyösfalu,47.316111,16.59,2026-06-29 11:13:38.017836,37.08,39.5,37.08,37.08,1017,35,2.75,206,0,0.0,Clear,clear sky,10
Lukácsháza,47.341111,16.580556,2026-06-29 11:13:39.287312,37.01,39.36,37.01,37.01,1017,35,2.91,214,0,0.0,Clear,clear sky,10
Horvátnádalja,47.005278,16.544444,2026-06-29 11:13:40.553796,35.74,37.07,35.74,35.74,1017,35,3.4,170,0,0.0,Clear,clear sky,10
Csákánydoroszló,46.978333,16.499722,2026-06-29 11:13:41.819034,35.63,37.17,35.63,35.63,1017,36,3.12,171,0,0.0,Clear,clear sky,10
Váckisújfalu,47.705,19.340278,2026-06-29 11:13:43.082694,37.97,38.14,37.97,40.31,1018,26,3.35,230,0,0.0,Clear,clear sky,10
Csisztafürdő,46.681411,17.561797,2026-06-29 11:13:44.345546,36.13,35.88,36.13,36.13,1017,28,2.13,162,0,0.0,Clear,clear sky,10
Mórágy,46.236021,18.627255,2026-06-29 11:13:45.615142,39.42,38.85,39.42,39.42,1017,21,4.33,147,0,0.0,Clear,clear sky,10
Kismacs,47.551111,21.542778,2026-06-29 11:13:46.888893,34.53,34.41,34.53,34.53,1017,32,3.31,291,5,0.0,Clear,clear sky,10
Pusztaszentistván,47.439869,19.470254,2026-06-29 11:13:48.149321,40.26,40.42,40.26,40.26,1018,22,3.41,231,0,0.0,Clear,clear sky,10
Aranyvölgy,47.573795,19.017489,2026-06-29 11:13:49.410901,38.19,37.91,38.08,39.76,1018,24,0.89,107,0,0.0,Clear,clear sky,10
Szélhegy,47.601111,18.928056,2026-06-29 11:13:50.673276,37.74,36.77,37.72,37.87,1018,22,0.89,228,0,0.0,Clear,clear sky,10
Vörösvárbánya,47.61,18.913611,2026-06-29 11:13:51.934991,37.69,36.7,37.68,37.82,1018,22,0.89,228,0,0.0,Clear,clear sky,10
Máriaszőlőtelep,46.702778,17.411911,2026-06-29 11:13:53.201552,36.31,36.14,36.31,36.31,1017,28,2.11,161,0,0.0,Clear,clear sky,10
Akadémiaújtelep,47.485724,19.22294,2026-06-29 11:13:54.465514,38.52,38.7,38.04,39.72,1018,25,2.41,219,0,0.0,Clear,clear sky,10
Újpalota,47.5316,19.126206,2026-06-29 11:13:55.726461,38.36,38.45,38.13,39.81,1018,25,1.34,199,0,0.0,Clear,clear sky,10
"Szeged, Somogyi utca",46.250464,20.147713,2026-06-29 11:13:56.989940,37.82,37.37,37.82,37.82,1017,24,3.01,126,0,0.0,Clear,clear sky,10
"Hódmezővásárhely, Hősök tere",46.412183,20.31759,2026-06-29 11:13:58.249913,40.57,42.05,40.57,40.57,1017,25,3.44,143,0,0.0,Clear,clear sky,10
"Hódmezővásárhely, Kossuth tér",46.41465,20.319727,2026-06-29 11:13:59.504242,40.57,42.05,40.57,40.57,1017,25,3.44,143,0,0.0,Clear,clear sky,10
"Hódmezővásárhely, Strandfürdő",46.409147,20.315671,2026-06-29 11:14:00.757276,40.57,42.05,40.57,40.57,1017,25,3.44,143,0,0.0,Clear,clear sky,10
"Szeged, Széchenyi tér",46.252683,20.14935,2026-06-29 11:14:02.010279,37.82,37.37,37.82,37.82,1017,24,3.01,126,0,0.0,Clear,clear sky,10
"Szeged, Anna-kút",46.256184,20.147587,2026-06-29 11:14:03.275528,37.82,37.37,37.82,37.82,1017,24,3.01,126,0,0.0,Clear,clear sky,10
"Szeged, Rókusi templom",46.259255,20.141771,2026-06-29 11:14:04.555093,37.84,37.4,37.84,37.84,1017,24,3.01,126,0,0.0,Clear,clear sky,10
"Hódmezővásárhely, Kálvin János tér",46.416677,20.328532,2026-06-29 11:14:05.815432,40.57,42.46,40.57,40.57,1017,26,3.41,143,0,0.0,Clear,clear sky,10
Hódmezővásárhely vasútállomás,46.413242,20.338701,2026-06-29 11:14:07.067505,40.57,42.46,40.57,40.57,1017,26,3.41,143,0,0.0,Clear,clear sky,10
"Szeged, Tavasz utca",46.260715,20.139055,2026-06-29 11:14:08.320437,37.84,37.4,37.84,37.84,1017,24,3.01,126,0,0.0,Clear,clear sky,10
"Szeged, Damjanich utca",46.262753,20.135248,2026-06-29 11:14:09.571771,37.84,37.4,37.84,37.84,1017,24,3.01,126,0,0.0,Clear,clear sky,10
"Szeged, Vásárhelyi Pál utca",46.264173,20.131109,2026-06-29 11:14:10.841087,37.86,37.43,37.86,37.86,1017,24,3.01,126,0,0.0,Clear,clear sky,10
"Szeged, Bécsi körút ",46.243459,20.143809,2026-06-29 11:14:12.095291,37.84,37.4,37.84,37.84,1017,24,2.98,123,0,0.0,Clear,clear sky,10
Hódmezővásárhelyi Népkert vasútállomás,46.403733,20.312986,2026-06-29 11:14:13.347324,40.58,42.07,40.58,40.58,1017,25,3.44,143,0,0.0,Clear,clear sky,10
Szeged vasútállomás,46.239789,20.142561,2026-06-29 11:14:14.599021,37.84,37.4,37.84,37.84,1017,24,2.98,123,0,0.0,Clear,clear sky,10
"Szeged, Bem utca",46.240198,20.141247,2026-06-29 11:14:15.850493,37.84,37.4,37.84,37.84,1017,24,2.98,123,0,0.0,Clear,clear sky,10
"Szeged, Galamb utca",46.24153,20.142297,2026-06-29 11:14:17.101787,37.84,37.4,37.84,37.84,1017,24,2.98,123,0,0.0,Clear,clear sky,10
"Szeged, Aradi vértanúk tere",46.247839,20.147,2026-06-29 11:14:18.355460,37.82,37.37,37.82,37.82,1017,24,3.01,126,0,0.0,Clear,clear sky,10
"Szeged, Pulz utca",46.264452,20.126061,2026-06-29 11:14:19.607428,37.86,37.43,37.86,37.86,1017,24,3.01,126,0,0.0,Clear,clear sky,10
"Szeged, Rókus vasútállomás",46.266107,20.125686,2026-06-29 11:14:20.860763,37.86,37.43,37.86,37.86,1017,24,2.97,129,0,0.0,Clear,clear sky,10
Látókép,47.55787,21.524373,2026-06-29 11:14:22.125456,34.53,34.41,34.53,34.53,1017,32,3.31,291,5,0.0,Clear,clear sky,10
Szentmihálytelek,46.2229,20.0808,2026-06-29 11:14:23.397476,37.86,37.43,37.86,37.86,1017,24,2.89,129,0,0.0,Clear,clear sky,10
Kisvarsány,48.144356,22.297397,2026-06-29 11:14:24.668630,35.0,36.09,35.0,35.0,1018,36,3.7,330,53,0.0,Clouds,broken clouds,10
