2026-07-11 07:00:31,950 - __main__ - INFO - ============================================================
2026-07-11 07:00:31,950 - __main__ - INFO - CURRENT WEATHER COLLECTION STARTED
2026-07-11 07:00:31,950 - __main__ - INFO - ============================================================
2026-07-11 07:00:31,950 - __main__ - INFO - Collection time: 2026-07-11 07:00:31
2026-07-11 07:00:31,950 - __main__ - INFO - ============================================================

2026-07-11 07:00:31,950 - root - INFO - Starting current weather collection...
2026-07-11 07:00:31,961 - root - INFO - Loaded 1205 unique station coordinates from GTFS
2026-07-11 07:00:31,961 - root - INFO - Collecting weather for 1205 unique stations...
2026-07-11 07:00:31,962 - root - INFO - [1/1205] Fetching weather for Búcsúszentlászló...
2026-07-11 07:00:32,166 - root - INFO - Fetched weather for Búcsúszentlászló: 26.0°C, Clear, humidity: 36%
2026-07-11 07:00:33,268 - root - INFO - [2/1205] Fetching weather for Angyalföld...
2026-07-11 07:00:33,420 - root - INFO - Fetched weather for Angyalföld: 24.4°C, Clouds, humidity: 48%
2026-07-11 07:00:34,522 - root - INFO - [3/1205] Fetching weather for Felsőjánosfa...
2026-07-11 07:00:34,666 - root - INFO - Fetched weather for Felsőjánosfa: 25.6°C, Clear, humidity: 50%
2026-07-11 07:00:35,768 - root - INFO - [4/1205] Fetching weather for Pankasz...
2026-07-11 07:00:35,916 - root - INFO - Fetched weather for Pankasz: 23.7°C, Clear, humidity: 51%
2026-07-11 07:00:37,018 - root - INFO - [5/1205] Fetching weather for Nagyrákos...
2026-07-11 07:00:37,163 - root - INFO - Fetched weather for Nagyrákos: 23.7°C, Clear, humidity: 51%
2026-07-11 07:00:38,265 - root - INFO - [6/1205] Fetching weather for Őriszentpéter...
2026-07-11 07:00:38,411 - root - INFO - Fetched weather for Őriszentpéter: 23.8°C, Clear, humidity: 51%
2026-07-11 07:00:39,514 - root - INFO - [7/1205] Fetching weather for Törökbálint...
2026-07-11 07:00:39,681 - root - INFO - Fetched weather for Törökbálint: 24.6°C, Clouds, humidity: 45%
2026-07-11 07:00:40,783 - root - INFO - [8/1205] Fetching weather for Bicske alsó...
2026-07-11 07:00:40,929 - root - INFO - Fetched weather for Bicske alsó: 25.4°C, Clouds, humidity: 41%
2026-07-11 07:00:42,032 - root - INFO - [9/1205] Fetching weather for Bajánsenye...
2026-07-11 07:00:42,181 - root - INFO - Fetched weather for Bajánsenye: 23.9°C, Clear, humidity: 53%
2026-07-11 07:00:43,283 - root - INFO - [10/1205] Fetching weather for Aquincum...
2026-07-11 07:00:43,437 - root - INFO - Fetched weather for Aquincum: 24.4°C, Clouds, humidity: 47%
2026-07-11 07:00:44,540 - root - INFO - [11/1205] Fetching weather for Piliscsév...
2026-07-11 07:00:44,684 - root - INFO - Fetched weather for Piliscsév: 23.8°C, Clouds, humidity: 43%
2026-07-11 07:00:45,786 - root - INFO - [12/1205] Fetching weather for Tát...
2026-07-11 07:00:45,925 - root - INFO - Fetched weather for Tát: 25.9°C, Clouds, humidity: 43%
2026-07-11 07:00:47,027 - root - INFO - [13/1205] Fetching weather for Süttő felső...
2026-07-11 07:00:47,174 - root - INFO - Fetched weather for Süttő felső: 23.7°C, Clouds, humidity: 43%
2026-07-11 07:00:48,276 - root - INFO - [14/1205] Fetching weather for Budatétény...
2026-07-11 07:00:48,423 - root - INFO - Fetched weather for Budatétény: 25.3°C, Clouds, humidity: 46%
2026-07-11 07:00:49,525 - root - INFO - [15/1205] Fetching weather for Seregélyes-Szőlőhegy...
2026-07-11 07:00:49,671 - root - INFO - Fetched weather for Seregélyes-Szőlőhegy: 24.1°C, Clouds, humidity: 41%
2026-07-11 07:00:50,774 - root - INFO - [16/1205] Fetching weather for Gödöllő-Állami telepek...
2026-07-11 07:00:50,922 - root - INFO - Fetched weather for Gödöllő-Állami telepek: 23.9°C, Clouds, humidity: 42%
2026-07-11 07:00:52,024 - root - INFO - [17/1205] Fetching weather for Dunakeszi alsó...
2026-07-11 07:00:52,166 - root - INFO - Fetched weather for Dunakeszi alsó: 24.4°C, Clouds, humidity: 47%
2026-07-11 07:00:53,268 - root - INFO - [18/1205] Fetching weather for Vác-Alsóváros...
2026-07-11 07:00:53,417 - root - INFO - Fetched weather for Vác-Alsóváros: 24.4°C, Clouds, humidity: 44%
2026-07-11 07:00:54,520 - root - INFO - [19/1205] Fetching weather for Szob alsó...
2026-07-11 07:00:54,670 - root - INFO - Fetched weather for Szob alsó: 25.9°C, Clouds, humidity: 45%
2026-07-11 07:00:55,772 - root - INFO - [20/1205] Fetching weather for Zalaszentmihály-Pacsa...
2026-07-11 07:00:55,917 - root - INFO - Fetched weather for Zalaszentmihály-Pacsa: 25.9°C, Clear, humidity: 36%
2026-07-11 07:00:57,019 - root - INFO - [21/1205] Fetching weather for Pötréte...
2026-07-11 07:00:57,163 - root - INFO - Fetched weather for Pötréte: 25.9°C, Clear, humidity: 36%
2026-07-11 07:00:58,265 - root - INFO - [22/1205] Fetching weather for Felsőrajk...
2026-07-11 07:00:58,411 - root - INFO - Fetched weather for Felsőrajk: 25.9°C, Clear, humidity: 55%
2026-07-11 07:00:59,514 - root - INFO - [23/1205] Fetching weather for Gelse...
2026-07-11 07:00:59,651 - root - INFO - Fetched weather for Gelse: 25.9°C, Clear, humidity: 57%
2026-07-11 07:01:00,754 - root - INFO - [24/1205] Fetching weather for Őrtilos...
2026-07-11 07:01:00,903 - root - INFO - Fetched weather for Őrtilos: 24.2°C, Clear, humidity: 63%
2026-07-11 07:01:02,006 - root - INFO - [25/1205] Fetching weather for Zákány...
2026-07-11 07:01:02,150 - root - INFO - Fetched weather for Zákány: 24.1°C, Clear, humidity: 60%
2026-07-11 07:01:03,253 - root - INFO - [26/1205] Fetching weather for Berzence...
2026-07-11 07:01:03,399 - root - INFO - Fetched weather for Berzence: 24.6°C, Clear, humidity: 58%
2026-07-11 07:01:04,501 - root - INFO - [27/1205] Fetching weather for Somogyudvarhely...
2026-07-11 07:01:04,678 - root - INFO - Fetched weather for Somogyudvarhely: 24.5°C, Clear, humidity: 59%
2026-07-11 07:01:05,781 - root - INFO - [28/1205] Fetching weather for Bélavár...
2026-07-11 07:01:05,927 - root - INFO - Fetched weather for Bélavár: 24.5°C, Clear, humidity: 61%
2026-07-11 07:01:07,029 - root - INFO - [29/1205] Fetching weather for Vízvár...
2026-07-11 07:01:07,186 - root - INFO - Fetched weather for Vízvár: 24.3°C, Clear, humidity: 63%
2026-07-11 07:01:08,289 - root - INFO - [30/1205] Fetching weather for Babócsa...
2026-07-11 07:01:08,439 - root - INFO - Fetched weather for Babócsa: 24.2°C, Clear, humidity: 67%
2026-07-11 07:01:09,542 - root - INFO - [31/1205] Fetching weather for Péterhida-Komlósd...
2026-07-11 07:01:09,686 - root - INFO - Fetched weather for Péterhida-Komlósd: 24.2°C, Clear, humidity: 68%
2026-07-11 07:01:10,788 - root - INFO - [32/1205] Fetching weather for Barcs...
2026-07-11 07:01:10,934 - root - INFO - Fetched weather for Barcs: 24.2°C, Clear, humidity: 70%
2026-07-11 07:01:12,037 - root - INFO - [33/1205] Fetching weather for Barcs felső...
2026-07-11 07:01:12,206 - root - INFO - Fetched weather for Barcs felső: 24.2°C, Clear, humidity: 70%
2026-07-11 07:01:13,308 - root - INFO - [34/1205] Fetching weather for Középrigóc...
2026-07-11 07:01:13,480 - root - INFO - Fetched weather for Középrigóc: 24.1°C, Clear, humidity: 70%
2026-07-11 07:01:14,583 - root - INFO - [35/1205] Fetching weather for Darány...
2026-07-11 07:01:14,734 - root - INFO - Fetched weather for Darány: 24.3°C, Clear, humidity: 68%
2026-07-11 07:01:15,836 - root - INFO - [36/1205] Fetching weather for Kisdobsza...
2026-07-11 07:01:15,992 - root - INFO - Fetched weather for Kisdobsza: 24.5°C, Clear, humidity: 65%
2026-07-11 07:01:17,094 - root - INFO - [37/1205] Fetching weather for Nemeske...
2026-07-11 07:01:17,242 - root - INFO - Fetched weather for Nemeske: 24.6°C, Clear, humidity: 64%
2026-07-11 07:01:18,344 - root - INFO - [38/1205] Fetching weather for Molvány...
2026-07-11 07:01:18,490 - root - INFO - Fetched weather for Molvány: 24.7°C, Clear, humidity: 61%
2026-07-11 07:01:19,593 - root - INFO - [39/1205] Fetching weather for Szigetvár...
2026-07-11 07:01:19,757 - root - INFO - Fetched weather for Szigetvár: 24.8°C, Clear, humidity: 60%
2026-07-11 07:01:20,860 - root - INFO - [40/1205] Fetching weather for Nagypeterd...
2026-07-11 07:01:21,024 - root - INFO - Fetched weather for Nagypeterd: 24.9°C, Clear, humidity: 58%
2026-07-11 07:01:22,127 - root - INFO - [41/1205] Fetching weather for Szentdénes...
2026-07-11 07:01:22,419 - root - INFO - Fetched weather for Szentdénes: 24.9°C, Clear, humidity: 57%
2026-07-11 07:01:23,521 - root - INFO - [42/1205] Fetching weather for Háros...
2026-07-11 07:01:23,672 - root - INFO - Fetched weather for Háros: 25.2°C, Clouds, humidity: 46%
2026-07-11 07:01:24,775 - root - INFO - [43/1205] Fetching weather for Nagytétény-Diósd...
2026-07-11 07:01:25,104 - root - INFO - Fetched weather for Nagytétény-Diósd: 25.3°C, Clouds, humidity: 46%
2026-07-11 07:01:26,206 - root - INFO - [44/1205] Fetching weather for Érdliget...
2026-07-11 07:01:26,545 - root - INFO - Fetched weather for Érdliget: 25.2°C, Clouds, humidity: 46%
2026-07-11 07:01:27,648 - root - INFO - [45/1205] Fetching weather for Érd felső...
2026-07-11 07:01:27,773 - root - INFO - Fetched weather for Érd felső: 25.1°C, Clouds, humidity: 46%
2026-07-11 07:01:28,876 - root - INFO - [46/1205] Fetching weather for Érd...
2026-07-11 07:01:29,148 - root - INFO - Fetched weather for Érd: 25.1°C, Clouds, humidity: 46%
2026-07-11 07:01:30,250 - root - INFO - [47/1205] Fetching weather for Százhalombatta...
2026-07-11 07:01:30,485 - root - INFO - Fetched weather for Százhalombatta: 25.1°C, Clouds, humidity: 45%
2026-07-11 07:01:31,588 - root - INFO - [48/1205] Fetching weather for Dunai Finomító...
2026-07-11 07:01:31,801 - root - INFO - Fetched weather for Dunai Finomító: 25.7°C, Clouds, humidity: 45%
2026-07-11 07:01:32,904 - root - INFO - [49/1205] Fetching weather for Ercsi...
2026-07-11 07:01:33,056 - root - INFO - Fetched weather for Ercsi: 25.9°C, Clouds, humidity: 42%
2026-07-11 07:01:34,158 - root - INFO - [50/1205] Fetching weather for Iváncsa...
2026-07-11 07:01:34,303 - root - INFO - Fetched weather for Iváncsa: 24.0°C, Clouds, humidity: 42%
2026-07-11 07:01:35,406 - root - INFO - [51/1205] Fetching weather for Pusztaszabolcs...
2026-07-11 07:01:35,571 - root - INFO - Fetched weather for Pusztaszabolcs: 24.0°C, Clouds, humidity: 42%
2026-07-11 07:01:36,674 - root - INFO - [52/1205] Fetching weather for Szabadegyháza...
2026-07-11 07:01:36,823 - root - INFO - Fetched weather for Szabadegyháza: 24.0°C, Clouds, humidity: 41%
2026-07-11 07:01:37,926 - root - INFO - [53/1205] Fetching weather for Sárosd...
2026-07-11 07:01:38,087 - root - INFO - Fetched weather for Sárosd: 24.1°C, Clear, humidity: 40%
2026-07-11 07:01:39,189 - root - INFO - [54/1205] Fetching weather for Nagylók...
2026-07-11 07:01:39,336 - root - INFO - Fetched weather for Nagylók: 24.0°C, Clear, humidity: 40%
2026-07-11 07:01:40,438 - root - INFO - [55/1205] Fetching weather for Sárbogárd...
2026-07-11 07:01:40,581 - root - INFO - Fetched weather for Sárbogárd: 24.4°C, Clear, humidity: 39%
2026-07-11 07:01:41,684 - root - INFO - [56/1205] Fetching weather for Rétszilas...
2026-07-11 07:01:41,839 - root - INFO - Fetched weather for Rétszilas: 24.5°C, Clear, humidity: 39%
2026-07-11 07:01:42,942 - root - INFO - [57/1205] Fetching weather for Nagyatád...
2026-07-11 07:01:43,088 - root - INFO - Fetched weather for Nagyatád: 24.4°C, Clear, humidity: 59%
2026-07-11 07:01:44,191 - root - INFO - [58/1205] Fetching weather for Budapest-Keleti...
2026-07-11 07:01:44,342 - root - INFO - Fetched weather for Budapest-Keleti: 24.5°C, Clouds, humidity: 47%
2026-07-11 07:01:45,445 - root - INFO - [59/1205] Fetching weather for Ferencváros...
2026-07-11 07:01:45,617 - root - INFO - Fetched weather for Ferencváros: 24.7°C, Clouds, humidity: 47%
2026-07-11 07:01:46,720 - root - INFO - [60/1205] Fetching weather for Budapest-Nyugati...
2026-07-11 07:01:46,881 - root - INFO - Fetched weather for Budapest-Nyugati: 24.4°C, Clouds, humidity: 47%
2026-07-11 07:01:47,984 - root - INFO - [61/1205] Fetching weather for Kőbánya felső...
2026-07-11 07:01:48,130 - root - INFO - Fetched weather for Kőbánya felső: 24.5°C, Clouds, humidity: 47%
2026-07-11 07:01:49,232 - root - INFO - [62/1205] Fetching weather for Rákos...
2026-07-11 07:01:49,388 - root - INFO - Fetched weather for Rákos: 24.5°C, Clouds, humidity: 47%
2026-07-11 07:01:50,490 - root - INFO - [63/1205] Fetching weather for Rákosrendező...
2026-07-11 07:01:50,636 - root - INFO - Fetched weather for Rákosrendező: 24.4°C, Clouds, humidity: 47%
2026-07-11 07:01:51,739 - root - INFO - [64/1205] Fetching weather for Zugló...
2026-07-11 07:01:51,896 - root - INFO - Fetched weather for Zugló: 24.4°C, Clouds, humidity: 47%
2026-07-11 07:01:52,998 - root - INFO - [65/1205] Fetching weather for Mezőtárkány...
2026-07-11 07:01:53,148 - root - INFO - Fetched weather for Mezőtárkány: 21.6°C, Clouds, humidity: 47%
2026-07-11 07:01:54,250 - root - INFO - [66/1205] Fetching weather for Istvántelek...
2026-07-11 07:01:54,396 - root - INFO - Fetched weather for Istvántelek: 24.4°C, Clouds, humidity: 48%
2026-07-11 07:01:55,498 - root - INFO - [67/1205] Fetching weather for Rákospalota-Újpest...
2026-07-11 07:01:55,646 - root - INFO - Fetched weather for Rákospalota-Újpest: 24.4°C, Clouds, humidity: 48%
2026-07-11 07:01:56,749 - root - INFO - [68/1205] Fetching weather for Kőbánya alsó...
2026-07-11 07:01:56,900 - root - INFO - Fetched weather for Kőbánya alsó: 24.6°C, Clouds, humidity: 47%
2026-07-11 07:01:58,003 - root - INFO - [69/1205] Fetching weather for Kőbánya-Kispest...
2026-07-11 07:01:58,163 - root - INFO - Fetched weather for Kőbánya-Kispest: 24.6°C, Clouds, humidity: 47%
2026-07-11 07:01:59,265 - root - INFO - [70/1205] Fetching weather for Pestszentlőrinc...
2026-07-11 07:01:59,416 - root - INFO - Fetched weather for Pestszentlőrinc: 24.6°C, Clouds, humidity: 47%
2026-07-11 07:02:00,519 - root - INFO - [71/1205] Fetching weather for Kispest...
2026-07-11 07:02:00,678 - root - INFO - Fetched weather for Kispest: 24.7°C, Clouds, humidity: 47%
2026-07-11 07:02:01,780 - root - INFO - [72/1205] Fetching weather for Újpest...
2026-07-11 07:02:01,936 - root - INFO - Fetched weather for Újpest: 24.4°C, Clouds, humidity: 48%
2026-07-11 07:02:03,038 - root - INFO - [73/1205] Fetching weather for Pestszentimre felső...
2026-07-11 07:02:03,188 - root - INFO - Fetched weather for Pestszentimre felső: 24.8°C, Clouds, humidity: 47%
2026-07-11 07:02:04,290 - root - INFO - [74/1205] Fetching weather for Dunakeszi...
2026-07-11 07:02:04,435 - root - INFO - Fetched weather for Dunakeszi: 24.4°C, Clouds, humidity: 47%
2026-07-11 07:02:05,537 - root - INFO - [75/1205] Fetching weather for Dunakeszi-Gyártelep...
2026-07-11 07:02:05,712 - root - INFO - Fetched weather for Dunakeszi-Gyártelep: 24.5°C, Clouds, humidity: 47%
2026-07-11 07:02:06,814 - root - INFO - [76/1205] Fetching weather for Alsógöd...
2026-07-11 07:02:06,958 - root - INFO - Fetched weather for Alsógöd: 24.6°C, Clouds, humidity: 50%
2026-07-11 07:02:08,061 - root - INFO - [77/1205] Fetching weather for Göd...
2026-07-11 07:02:08,212 - root - INFO - Fetched weather for Göd: 24.6°C, Clouds, humidity: 50%
2026-07-11 07:02:09,314 - root - INFO - [78/1205] Fetching weather for Felsőgöd...
2026-07-11 07:02:09,481 - root - INFO - Fetched weather for Felsőgöd: 24.4°C, Clouds, humidity: 50%
2026-07-11 07:02:10,583 - root - INFO - [79/1205] Fetching weather for Sződ-Sződliget...
2026-07-11 07:02:10,733 - root - INFO - Fetched weather for Sződ-Sződliget: 24.4°C, Clouds, humidity: 50%
2026-07-11 07:02:11,835 - root - INFO - [80/1205] Fetching weather for Vác...
2026-07-11 07:02:11,980 - root - INFO - Fetched weather for Vác: 24.4°C, Clouds, humidity: 44%
2026-07-11 07:02:13,082 - root - INFO - [81/1205] Fetching weather for Verőce...
2026-07-11 07:02:13,226 - root - INFO - Fetched weather for Verőce: 24.2°C, Clouds, humidity: 45%
2026-07-11 07:02:14,328 - root - INFO - [82/1205] Fetching weather for Kismaros...
2026-07-11 07:02:14,473 - root - INFO - Fetched weather for Kismaros: 26.4°C, Clouds, humidity: 45%
2026-07-11 07:02:15,575 - root - INFO - [83/1205] Fetching weather for Nagymaros-Visegrád...
2026-07-11 07:02:15,738 - root - INFO - Fetched weather for Nagymaros-Visegrád: 26.4°C, Clouds, humidity: 46%
2026-07-11 07:02:16,841 - root - INFO - [84/1205] Fetching weather for Nagymaros...
2026-07-11 07:02:17,010 - root - INFO - Fetched weather for Nagymaros: 26.5°C, Clouds, humidity: 46%
2026-07-11 07:02:18,113 - root - INFO - [85/1205] Fetching weather for Zebegény...
2026-07-11 07:02:18,259 - root - INFO - Fetched weather for Zebegény: 26.5°C, Clouds, humidity: 46%
2026-07-11 07:02:19,361 - root - INFO - [86/1205] Fetching weather for Szob...
2026-07-11 07:02:19,523 - root - INFO - Fetched weather for Szob: 26.5°C, Clouds, humidity: 45%
2026-07-11 07:02:20,625 - root - INFO - [87/1205] Fetching weather for Alagimajor...
2026-07-11 07:02:20,774 - root - INFO - Fetched weather for Alagimajor: 24.3°C, Clouds, humidity: 48%
2026-07-11 07:02:21,876 - root - INFO - [88/1205] Fetching weather for Fót...
2026-07-11 07:02:22,028 - root - INFO - Fetched weather for Fót: 24.2°C, Clouds, humidity: 48%
2026-07-11 07:02:23,130 - root - INFO - [89/1205] Fetching weather for Fótújfalu...
2026-07-11 07:02:23,289 - root - INFO - Fetched weather for Fótújfalu: 24.1°C, Clouds, humidity: 48%
2026-07-11 07:02:24,392 - root - INFO - [90/1205] Fetching weather for Csomád...
2026-07-11 07:02:24,577 - root - INFO - Fetched weather for Csomád: 23.9°C, Clouds, humidity: 50%
2026-07-11 07:02:25,679 - root - INFO - [91/1205] Fetching weather for Veresegyház...
2026-07-11 07:02:25,827 - root - INFO - Fetched weather for Veresegyház: 24.0°C, Clouds, humidity: 50%
2026-07-11 07:02:26,929 - root - INFO - [92/1205] Fetching weather for Erdőkertes...
2026-07-11 07:02:27,076 - root - INFO - Fetched weather for Erdőkertes: 24.0°C, Clouds, humidity: 42%
2026-07-11 07:02:28,178 - root - INFO - [93/1205] Fetching weather for Őrbottyán...
2026-07-11 07:02:28,324 - root - INFO - Fetched weather for Őrbottyán: 23.9°C, Clouds, humidity: 43%
2026-07-11 07:02:29,426 - root - INFO - [94/1205] Fetching weather for Váchartyán...
2026-07-11 07:02:29,575 - root - INFO - Fetched weather for Váchartyán: 24.3°C, Clouds, humidity: 43%
2026-07-11 07:02:30,677 - root - INFO - [95/1205] Fetching weather for Magyarkút-Verőce...
2026-07-11 07:02:30,841 - root - INFO - Fetched weather for Magyarkút-Verőce: 24.4°C, Clouds, humidity: 45%
2026-07-11 07:02:31,943 - root - INFO - [96/1205] Fetching weather for Szokolya...
2026-07-11 07:02:32,059 - root - INFO - Fetched weather for Szokolya: 21.9°C, Clouds, humidity: 45%
2026-07-11 07:02:33,161 - root - INFO - [97/1205] Fetching weather for Berkenye...
2026-07-11 07:02:33,313 - root - INFO - Fetched weather for Berkenye: 22.6°C, Clouds, humidity: 45%
2026-07-11 07:02:34,415 - root - INFO - [98/1205] Fetching weather for Nógrád...
2026-07-11 07:02:34,560 - root - INFO - Fetched weather for Nógrád: 22.1°C, Clouds, humidity: 45%
2026-07-11 07:02:35,663 - root - INFO - [99/1205] Fetching weather for Diósjenő...
2026-07-11 07:02:35,828 - root - INFO - Fetched weather for Diósjenő: 21.7°C, Clouds, humidity: 44%
2026-07-11 07:02:36,930 - root - INFO - [100/1205] Fetching weather for Borsosberény...
2026-07-11 07:02:37,086 - root - INFO - Fetched weather for Borsosberény: 22.4°C, Clouds, humidity: 43%
2026-07-11 07:02:38,189 - root - INFO - [101/1205] Fetching weather for Nagyoroszi...
2026-07-11 07:02:38,347 - root - INFO - Fetched weather for Nagyoroszi: 22.1°C, Clouds, humidity: 43%
2026-07-11 07:02:39,450 - root - INFO - [102/1205] Fetching weather for Drégelyvár...
2026-07-11 07:02:39,595 - root - INFO - Fetched weather for Drégelyvár: 22.3°C, Clouds, humidity: 43%
2026-07-11 07:02:40,698 - root - INFO - [103/1205] Fetching weather for Drégely...
2026-07-11 07:02:40,812 - root - INFO - Fetched weather for Drégely: 22.6°C, Clouds, humidity: 43%
2026-07-11 07:02:41,914 - root - INFO - [104/1205] Fetching weather for Drégelypalánk...
2026-07-11 07:02:42,077 - root - INFO - Fetched weather for Drégelypalánk: 22.7°C, Clouds, humidity: 44%
2026-07-11 07:02:43,179 - root - INFO - [105/1205] Fetching weather for Ipolyvece...
2026-07-11 07:02:43,324 - root - INFO - Fetched weather for Ipolyvece: 22.7°C, Clouds, humidity: 43%
2026-07-11 07:02:44,426 - root - INFO - [106/1205] Fetching weather for Dejtár...
2026-07-11 07:02:44,575 - root - INFO - Fetched weather for Dejtár: 22.7°C, Clouds, humidity: 43%
2026-07-11 07:02:45,677 - root - INFO - [107/1205] Fetching weather for Ipolyszög...
2026-07-11 07:02:45,839 - root - INFO - Fetched weather for Ipolyszög: 22.6°C, Clouds, humidity: 43%
2026-07-11 07:02:46,941 - root - INFO - [108/1205] Fetching weather for Iklad-Domony...
2026-07-11 07:02:47,059 - root - INFO - Fetched weather for Iklad-Domony: 23.4°C, Clouds, humidity: 43%
2026-07-11 07:02:48,161 - root - INFO - [109/1205] Fetching weather for Iklad-Domony felső...
2026-07-11 07:02:48,308 - root - INFO - Fetched weather for Iklad-Domony felső: 24.3°C, Clouds, humidity: 43%
2026-07-11 07:02:49,410 - root - INFO - [110/1205] Fetching weather for Galgamácsa...
2026-07-11 07:02:49,579 - root - INFO - Fetched weather for Galgamácsa: 24.3°C, Clouds, humidity: 43%
2026-07-11 07:02:50,681 - root - INFO - [111/1205] Fetching weather for Vácrátót...
2026-07-11 07:02:50,828 - root - INFO - Fetched weather for Vácrátót: 24.2°C, Clouds, humidity: 43%
2026-07-11 07:02:51,931 - root - INFO - [112/1205] Fetching weather for Csörög...
2026-07-11 07:02:52,074 - root - INFO - Fetched weather for Csörög: 24.2°C, Clouds, humidity: 44%
2026-07-11 07:02:53,177 - root - INFO - [113/1205] Fetching weather for Galgagyörk...
2026-07-11 07:02:53,337 - root - INFO - Fetched weather for Galgagyörk: 24.2°C, Clouds, humidity: 43%
2026-07-11 07:02:54,440 - root - INFO - [114/1205] Fetching weather for Püspökhatvan...
2026-07-11 07:02:54,556 - root - INFO - Fetched weather for Püspökhatvan: 23.0°C, Clouds, humidity: 43%
2026-07-11 07:02:55,658 - root - INFO - [115/1205] Fetching weather for Acsa-Erdőkürt...
2026-07-11 07:02:55,810 - root - INFO - Fetched weather for Acsa-Erdőkürt: 22.8°C, Clouds, humidity: 43%
2026-07-11 07:02:56,912 - root - INFO - [116/1205] Fetching weather for Galgaguta...
2026-07-11 07:02:57,069 - root - INFO - Fetched weather for Galgaguta: 22.4°C, Clouds, humidity: 44%
2026-07-11 07:02:58,171 - root - INFO - [117/1205] Fetching weather for Nógrádkövesd...
2026-07-11 07:02:58,319 - root - INFO - Fetched weather for Nógrádkövesd: 22.5°C, Clouds, humidity: 44%
2026-07-11 07:02:59,422 - root - INFO - [118/1205] Fetching weather for Magyarnándor...
2026-07-11 07:02:59,568 - root - INFO - Fetched weather for Magyarnándor: 22.2°C, Clouds, humidity: 44%
2026-07-11 07:03:00,670 - root - INFO - [119/1205] Fetching weather for Mohora...
2026-07-11 07:03:00,832 - root - INFO - Fetched weather for Mohora: 22.2°C, Clouds, humidity: 44%
2026-07-11 07:03:01,934 - root - INFO - [120/1205] Fetching weather for Szügy...
2026-07-11 07:03:02,047 - root - INFO - Fetched weather for Szügy: 22.4°C, Clouds, humidity: 44%
2026-07-11 07:03:03,149 - root - INFO - [121/1205] Fetching weather for Balassagyarmat...
2026-07-11 07:03:03,283 - root - INFO - Fetched weather for Balassagyarmat: 22.5°C, Clouds, humidity: 44%
2026-07-11 07:03:04,385 - root - INFO - [122/1205] Fetching weather for Őrhalom...
2026-07-11 07:03:04,546 - root - INFO - Fetched weather for Őrhalom: 22.0°C, Clouds, humidity: 45%
2026-07-11 07:03:05,648 - root - INFO - [123/1205] Fetching weather for Hugyag...
2026-07-11 07:03:05,798 - root - INFO - Fetched weather for Hugyag: 22.0°C, Clouds, humidity: 45%
2026-07-11 07:03:06,900 - root - INFO - [124/1205] Fetching weather for Szécsény...
2026-07-11 07:03:07,048 - root - INFO - Fetched weather for Szécsény: 22.1°C, Clouds, humidity: 46%
2026-07-11 07:03:08,151 - root - INFO - [125/1205] Fetching weather for Ludányhalászi...
2026-07-11 07:03:08,311 - root - INFO - Fetched weather for Ludányhalászi: 22.0°C, Clouds, humidity: 45%
2026-07-11 07:03:09,414 - root - INFO - [126/1205] Fetching weather for Nógrádszakál...
2026-07-11 07:03:09,536 - root - INFO - Fetched weather for Nógrádszakál: 22.0°C, Clouds, humidity: 45%
2026-07-11 07:03:10,638 - root - INFO - [127/1205] Fetching weather for Ráróspuszta...
2026-07-11 07:03:10,752 - root - INFO - Fetched weather for Ráróspuszta: 21.3°C, Clouds, humidity: 45%
2026-07-11 07:03:11,854 - root - INFO - [128/1205] Fetching weather for Litke...
2026-07-11 07:03:12,000 - root - INFO - Fetched weather for Litke: 21.7°C, Clouds, humidity: 47%
2026-07-11 07:03:13,103 - root - INFO - [129/1205] Fetching weather for Nyíregyháza külső...
2026-07-11 07:03:13,276 - root - INFO - Fetched weather for Nyíregyháza külső: 18.8°C, Clouds, humidity: 52%
2026-07-11 07:03:14,378 - root - INFO - [130/1205] Fetching weather for Oros...
2026-07-11 07:03:14,523 - root - INFO - Fetched weather for Oros: 18.8°C, Clouds, humidity: 52%
2026-07-11 07:03:15,625 - root - INFO - [131/1205] Fetching weather for Napkor...
2026-07-11 07:03:15,784 - root - INFO - Fetched weather for Napkor: 18.8°C, Clouds, humidity: 52%
2026-07-11 07:03:16,887 - root - INFO - [132/1205] Fetching weather for Apagy...
2026-07-11 07:03:17,004 - root - INFO - Fetched weather for Apagy: 18.8°C, Clouds, humidity: 53%
2026-07-11 07:03:18,107 - root - INFO - [133/1205] Fetching weather for Levelek-Magy...
2026-07-11 07:03:18,244 - root - INFO - Fetched weather for Levelek-Magy: 18.7°C, Clouds, humidity: 53%
2026-07-11 07:03:19,346 - root - INFO - [134/1205] Fetching weather for Ófehértó...
2026-07-11 07:03:19,491 - root - INFO - Fetched weather for Ófehértó: 18.7°C, Clear, humidity: 53%
2026-07-11 07:03:20,594 - root - INFO - [135/1205] Fetching weather for Ligettanya...
2026-07-11 07:03:20,741 - root - INFO - Fetched weather for Ligettanya: 18.6°C, Clear, humidity: 54%
2026-07-11 07:03:21,843 - root - INFO - [136/1205] Fetching weather for Baktalórántháza...
2026-07-11 07:03:22,011 - root - INFO - Fetched weather for Baktalórántháza: 18.6°C, Clouds, humidity: 54%
2026-07-11 07:03:23,113 - root - INFO - [137/1205] Fetching weather for Vaja-Rohod...
2026-07-11 07:03:23,280 - root - INFO - Fetched weather for Vaja-Rohod: 18.6°C, Clouds, humidity: 54%
2026-07-11 07:03:24,383 - root - INFO - [138/1205] Fetching weather for Rákóczitanya...
2026-07-11 07:03:24,498 - root - INFO - Fetched weather for Rákóczitanya: 18.6°C, Clouds, humidity: 55%
2026-07-11 07:03:25,600 - root - INFO - [139/1205] Fetching weather for Nyírmada...
2026-07-11 07:03:25,730 - root - INFO - Fetched weather for Nyírmada: 18.5°C, Clouds, humidity: 55%
2026-07-11 07:03:26,833 - root - INFO - [140/1205] Fetching weather for Tunyogmatolcs...
2026-07-11 07:03:26,992 - root - INFO - Fetched weather for Tunyogmatolcs: 18.9°C, Clouds, humidity: 58%
2026-07-11 07:03:28,095 - root - INFO - [141/1205] Fetching weather for Tunyogmatolcs alsó...
2026-07-11 07:03:28,248 - root - INFO - Fetched weather for Tunyogmatolcs alsó: 18.9°C, Clouds, humidity: 58%
2026-07-11 07:03:29,350 - root - INFO - [142/1205] Fetching weather for Fehérgyarmat...
2026-07-11 07:03:29,528 - root - INFO - Fetched weather for Fehérgyarmat: 18.9°C, Clouds, humidity: 59%
2026-07-11 07:03:30,630 - root - INFO - [143/1205] Fetching weather for Penyige...
2026-07-11 07:03:30,792 - root - INFO - Fetched weather for Penyige: 19.0°C, Clouds, humidity: 60%
2026-07-11 07:03:31,894 - root - INFO - [144/1205] Fetching weather for Nagyszekeres...
2026-07-11 07:03:32,059 - root - INFO - Fetched weather for Nagyszekeres: 19.0°C, Clouds, humidity: 60%
2026-07-11 07:03:33,162 - root - INFO - [145/1205] Fetching weather for Kisszekeres...
2026-07-11 07:03:33,303 - root - INFO - Fetched weather for Kisszekeres: 19.0°C, Clouds, humidity: 60%
2026-07-11 07:03:34,405 - root - INFO - [146/1205] Fetching weather for Jánkmajtis...
2026-07-11 07:03:34,568 - root - INFO - Fetched weather for Jánkmajtis: 19.0°C, Clouds, humidity: 61%
2026-07-11 07:03:35,670 - root - INFO - [147/1205] Fetching weather for Gacsály...
2026-07-11 07:03:35,820 - root - INFO - Fetched weather for Gacsály: 19.1°C, Clouds, humidity: 61%
2026-07-11 07:03:36,922 - root - INFO - [148/1205] Fetching weather for Zajta...
2026-07-11 07:03:37,084 - root - INFO - Fetched weather for Zajta: 19.2°C, Clouds, humidity: 62%
2026-07-11 07:03:38,187 - root - INFO - [149/1205] Fetching weather for Eperjeske alsó...
2026-07-11 07:03:38,347 - root - INFO - Fetched weather for Eperjeske alsó: 18.1°C, Clouds, humidity: 63%
2026-07-11 07:03:39,449 - root - INFO - [150/1205] Fetching weather for Mándok...
2026-07-11 07:03:39,609 - root - INFO - Fetched weather for Mándok: 18.1°C, Clouds, humidity: 62%
2026-07-11 07:03:40,711 - root - INFO - [151/1205] Fetching weather for Tornyospálca...
2026-07-11 07:03:40,845 - root - INFO - Fetched weather for Tornyospálca: 18.2°C, Clouds, humidity: 60%
2026-07-11 07:03:41,948 - root - INFO - [152/1205] Fetching weather for Aranyosapáti...
2026-07-11 07:03:42,107 - root - INFO - Fetched weather for Aranyosapáti: 18.4°C, Clouds, humidity: 60%
2026-07-11 07:03:43,209 - root - INFO - [153/1205] Fetching weather for Gyüre...
2026-07-11 07:03:43,355 - root - INFO - Fetched weather for Gyüre: 18.5°C, Clouds, humidity: 58%
2026-07-11 07:03:44,457 - root - INFO - [154/1205] Fetching weather for Varsány...
2026-07-11 07:03:44,618 - root - INFO - Fetched weather for Varsány: 18.6°C, Clouds, humidity: 58%
2026-07-11 07:03:45,720 - root - INFO - [155/1205] Fetching weather for Vásárosnamény...
2026-07-11 07:03:45,881 - root - INFO - Fetched weather for Vásárosnamény: 18.6°C, Clouds, humidity: 57%
2026-07-11 07:03:46,984 - root - INFO - [156/1205] Fetching weather for Vitka...
2026-07-11 07:03:47,170 - root - INFO - Fetched weather for Vitka: 18.7°C, Clouds, humidity: 56%
2026-07-11 07:03:48,272 - root - INFO - [157/1205] Fetching weather for Nagydobos...
2026-07-11 07:03:48,417 - root - INFO - Fetched weather for Nagydobos: 18.7°C, Clouds, humidity: 56%
2026-07-11 07:03:49,519 - root - INFO - [158/1205] Fetching weather for Ópályi...
2026-07-11 07:03:49,698 - root - INFO - Fetched weather for Ópályi: 18.8°C, Clouds, humidity: 56%
2026-07-11 07:03:50,800 - root - INFO - [159/1205] Fetching weather for Nyírcsaholy...
2026-07-11 07:03:50,938 - root - INFO - Fetched weather for Nyírcsaholy: 18.9°C, Clouds, humidity: 58%
2026-07-11 07:03:52,040 - root - INFO - [160/1205] Fetching weather for Nagyecsed...
2026-07-11 07:03:52,203 - root - INFO - Fetched weather for Nagyecsed: 18.9°C, Clouds, humidity: 59%
2026-07-11 07:03:53,305 - root - INFO - [161/1205] Fetching weather for Tiborszállás...
2026-07-11 07:03:53,466 - root - INFO - Fetched weather for Tiborszállás: 19.0°C, Clouds, humidity: 60%
2026-07-11 07:03:54,568 - root - INFO - [162/1205] Fetching weather for Kiskunhalas...
2026-07-11 07:03:54,734 - root - INFO - Fetched weather for Kiskunhalas: 24.2°C, Clouds, humidity: 35%
2026-07-11 07:03:55,836 - root - INFO - [163/1205] Fetching weather for Kecskemét alsó...
2026-07-11 07:03:55,966 - root - INFO - Fetched weather for Kecskemét alsó: 24.9°C, Clouds, humidity: 44%
2026-07-11 07:03:57,068 - root - INFO - [164/1205] Fetching weather for Putnok...
2026-07-11 07:03:57,228 - root - INFO - Fetched weather for Putnok: 19.8°C, Clouds, humidity: 59%
2026-07-11 07:03:58,330 - root - INFO - [165/1205] Fetching weather for Bánréve...
2026-07-11 07:03:58,508 - root - INFO - Fetched weather for Bánréve: 19.7°C, Clouds, humidity: 59%
2026-07-11 07:03:59,610 - root - INFO - [166/1205] Fetching weather for Ipolytarnóc...
2026-07-11 07:03:59,771 - root - INFO - Fetched weather for Ipolytarnóc: 21.6°C, Clouds, humidity: 47%
2026-07-11 07:04:00,874 - root - INFO - [167/1205] Fetching weather for Rákosliget...
2026-07-11 07:04:01,050 - root - INFO - Fetched weather for Rákosliget: 24.4°C, Clouds, humidity: 47%
2026-07-11 07:04:02,152 - root - INFO - [168/1205] Fetching weather for Ikrény...
2026-07-11 07:04:02,317 - root - INFO - Fetched weather for Ikrény: 23.9°C, Clouds, humidity: 44%
2026-07-11 07:04:03,419 - root - INFO - [169/1205] Fetching weather for Rábapatona...
2026-07-11 07:04:03,546 - root - INFO - Fetched weather for Rábapatona: 23.9°C, Clouds, humidity: 45%
2026-07-11 07:04:04,648 - root - INFO - [170/1205] Fetching weather for Enese...
2026-07-11 07:04:04,808 - root - INFO - Fetched weather for Enese: 23.9°C, Clouds, humidity: 45%
2026-07-11 07:04:05,910 - root - INFO - [171/1205] Fetching weather for Kóny...
2026-07-11 07:04:06,072 - root - INFO - Fetched weather for Kóny: 24.0°C, Clouds, humidity: 45%
2026-07-11 07:04:07,174 - root - INFO - [172/1205] Fetching weather for Farád...
2026-07-11 07:04:07,336 - root - INFO - Fetched weather for Farád: 23.3°C, Clouds, humidity: 45%
2026-07-11 07:04:08,438 - root - INFO - [173/1205] Fetching weather for Rábatamási...
2026-07-11 07:04:08,597 - root - INFO - Fetched weather for Rábatamási: 23.3°C, Clouds, humidity: 45%
2026-07-11 07:04:09,699 - root - INFO - [174/1205] Fetching weather for Szárföld...
2026-07-11 07:04:09,861 - root - INFO - Fetched weather for Szárföld: 23.3°C, Clouds, humidity: 45%
2026-07-11 07:04:10,963 - root - INFO - [175/1205] Fetching weather for Veszkény...
2026-07-11 07:04:11,097 - root - INFO - Fetched weather for Veszkény: 23.3°C, Clouds, humidity: 46%
2026-07-11 07:04:12,200 - root - INFO - [176/1205] Fetching weather for Kapuvár...
2026-07-11 07:04:12,368 - root - INFO - Fetched weather for Kapuvár: 23.3°C, Clouds, humidity: 46%
2026-07-11 07:04:13,470 - root - INFO - [177/1205] Fetching weather for Vitnyéd-Csermajor...
2026-07-11 07:04:13,631 - root - INFO - Fetched weather for Vitnyéd-Csermajor: 23.3°C, Clouds, humidity: 46%
2026-07-11 07:04:14,733 - root - INFO - [178/1205] Fetching weather for Petőháza...
2026-07-11 07:04:14,896 - root - INFO - Fetched weather for Petőháza: 23.3°C, Clouds, humidity: 46%
2026-07-11 07:04:15,998 - root - INFO - [179/1205] Fetching weather for Fertőszentmiklós...
2026-07-11 07:04:16,158 - root - INFO - Fetched weather for Fertőszentmiklós: 23.3°C, Clouds, humidity: 46%
2026-07-11 07:04:17,261 - root - INFO - [180/1205] Fetching weather for Pinnye...
2026-07-11 07:04:17,422 - root - INFO - Fetched weather for Pinnye: 23.1°C, Clouds, humidity: 46%
2026-07-11 07:04:18,525 - root - INFO - [181/1205] Fetching weather for Fertőboz...
2026-07-11 07:04:18,682 - root - INFO - Fetched weather for Fertőboz: 23.0°C, Clear, humidity: 46%
2026-07-11 07:04:19,784 - root - INFO - [182/1205] Fetching weather for Sopron...
2026-07-11 07:04:19,941 - root - INFO - Fetched weather for Sopron: 22.7°C, Clear, humidity: 49%
2026-07-11 07:04:21,044 - root - INFO - [183/1205] Fetching weather for Fertőszéplak-Fertőd...
2026-07-11 07:04:21,211 - root - INFO - Fetched weather for Fertőszéplak-Fertőd: 23.3°C, Clouds, humidity: 46%
2026-07-11 07:04:22,313 - root - INFO - [184/1205] Fetching weather for Nyúl...
2026-07-11 07:04:22,474 - root - INFO - Fetched weather for Nyúl: 23.9°C, Clouds, humidity: 43%
2026-07-11 07:04:23,577 - root - INFO - [185/1205] Fetching weather for Pannonhalma...
2026-07-11 07:04:23,737 - root - INFO - Fetched weather for Pannonhalma: 23.7°C, Clouds, humidity: 42%
2026-07-11 07:04:24,840 - root - INFO - [186/1205] Fetching weather for Tarjánpuszta...
2026-07-11 07:04:25,012 - root - INFO - Fetched weather for Tarjánpuszta: 23.7°C, Clouds, humidity: 41%
2026-07-11 07:04:26,114 - root - INFO - [187/1205] Fetching weather for Győrasszonyfa...
2026-07-11 07:04:26,256 - root - INFO - Fetched weather for Győrasszonyfa: 23.7°C, Clouds, humidity: 41%
2026-07-11 07:04:27,358 - root - INFO - [188/1205] Fetching weather for Veszprémvarsány...
2026-07-11 07:04:27,516 - root - INFO - Fetched weather for Veszprémvarsány: 23.6°C, Clouds, humidity: 41%
2026-07-11 07:04:28,619 - root - INFO - [189/1205] Fetching weather for Bakonyszentlászló...
2026-07-11 07:04:28,781 - root - INFO - Fetched weather for Bakonyszentlászló: 23.3°C, Clouds, humidity: 41%
2026-07-11 07:04:29,883 - root - INFO - [190/1205] Fetching weather for Porva-Csesznek...
2026-07-11 07:04:30,044 - root - INFO - Fetched weather for Porva-Csesznek: 21.9°C, Clouds, humidity: 41%
2026-07-11 07:04:31,146 - root - INFO - [191/1205] Fetching weather for Zirc...
2026-07-11 07:04:31,321 - root - INFO - Fetched weather for Zirc: 22.0°C, Clouds, humidity: 42%
2026-07-11 07:04:32,423 - root - INFO - [192/1205] Fetching weather for Eplény...
2026-07-11 07:04:32,560 - root - INFO - Fetched weather for Eplény: 22.6°C, Clouds, humidity: 42%
2026-07-11 07:04:33,662 - root - INFO - [193/1205] Fetching weather for Marcaltő...
2026-07-11 07:04:33,826 - root - INFO - Fetched weather for Marcaltő: 24.2°C, Clouds, humidity: 42%
2026-07-11 07:04:34,928 - root - INFO - [194/1205] Fetching weather for Szany-Rábaszentandrás...
2026-07-11 07:04:35,098 - root - INFO - Fetched weather for Szany-Rábaszentandrás: 24.2°C, Clouds, humidity: 43%
2026-07-11 07:04:36,201 - root - INFO - [195/1205] Fetching weather for Egyed-Rábacsanak...
2026-07-11 07:04:36,371 - root - INFO - Fetched weather for Egyed-Rábacsanak: 24.1°C, Clouds, humidity: 44%
2026-07-11 07:04:37,474 - root - INFO - [196/1205] Fetching weather for Rábapordány...
2026-07-11 07:04:37,634 - root - INFO - Fetched weather for Rábapordány: 24.1°C, Clouds, humidity: 44%
2026-07-11 07:04:38,737 - root - INFO - [197/1205] Fetching weather for Albertfalva...
2026-07-11 07:04:38,896 - root - INFO - Fetched weather for Albertfalva: 25.1°C, Clouds, humidity: 46%
2026-07-11 07:04:39,999 - root - INFO - [198/1205] Fetching weather for Budafok...
2026-07-11 07:04:40,160 - root - INFO - Fetched weather for Budafok: 25.2°C, Clouds, humidity: 46%
2026-07-11 07:04:41,262 - root - INFO - [199/1205] Fetching weather for Tétényliget...
2026-07-11 07:04:41,401 - root - INFO - Fetched weather for Tétényliget: 25.3°C, Clouds, humidity: 46%
2026-07-11 07:04:42,503 - root - INFO - [200/1205] Fetching weather for Érd alsó...
2026-07-11 07:04:42,659 - root - INFO - Fetched weather for Érd alsó: 25.1°C, Clouds, humidity: 46%
2026-07-11 07:04:43,762 - root - INFO - [201/1205] Fetching weather for Tárnok...
2026-07-11 07:04:43,925 - root - INFO - Fetched weather for Tárnok: 25.2°C, Clouds, humidity: 46%
2026-07-11 07:04:45,027 - root - INFO - [202/1205] Fetching weather for Martonvásár...
2026-07-11 07:04:45,192 - root - INFO - Fetched weather for Martonvásár: 25.4°C, Clouds, humidity: 42%
2026-07-11 07:04:46,294 - root - INFO - [203/1205] Fetching weather for Baracska...
2026-07-11 07:04:46,460 - root - INFO - Fetched weather for Baracska: 26.0°C, Clouds, humidity: 42%
2026-07-11 07:04:47,563 - root - INFO - [204/1205] Fetching weather for Pettend...
2026-07-11 07:04:47,711 - root - INFO - Fetched weather for Pettend: 24.0°C, Clouds, humidity: 42%
2026-07-11 07:04:48,814 - root - INFO - [205/1205] Fetching weather for Kápolnásnyék...
2026-07-11 07:04:48,991 - root - INFO - Fetched weather for Kápolnásnyék: 24.1°C, Clouds, humidity: 42%
2026-07-11 07:04:50,093 - root - INFO - [206/1205] Fetching weather for Velence...
2026-07-11 07:04:50,239 - root - INFO - Fetched weather for Velence: 24.1°C, Clouds, humidity: 42%
2026-07-11 07:04:51,341 - root - INFO - [207/1205] Fetching weather for Velencefürdő...
2026-07-11 07:04:51,509 - root - INFO - Fetched weather for Velencefürdő: 24.1°C, Clouds, humidity: 42%
2026-07-11 07:04:52,611 - root - INFO - [208/1205] Fetching weather for Gárdony...
2026-07-11 07:04:52,773 - root - INFO - Fetched weather for Gárdony: 24.2°C, Clouds, humidity: 41%
2026-07-11 07:04:53,875 - root - INFO - [209/1205] Fetching weather for Agárd...
2026-07-11 07:04:54,047 - root - INFO - Fetched weather for Agárd: 24.2°C, Clouds, humidity: 41%
2026-07-11 07:04:55,149 - root - INFO - [210/1205] Fetching weather for Dinnyés...
2026-07-11 07:04:55,311 - root - INFO - Fetched weather for Dinnyés: 24.2°C, Clouds, humidity: 41%
2026-07-11 07:04:56,413 - root - INFO - [211/1205] Fetching weather for Székesfehérvár...
2026-07-11 07:04:56,552 - root - INFO - Fetched weather for Székesfehérvár: 24.2°C, Clouds, humidity: 39%
2026-07-11 07:04:57,654 - root - INFO - [212/1205] Fetching weather for Szabadbattyán...
2026-07-11 07:04:57,800 - root - INFO - Fetched weather for Szabadbattyán: 24.2°C, Clouds, humidity: 38%
2026-07-11 07:04:58,903 - root - INFO - [213/1205] Fetching weather for Kiscséripuszta...
2026-07-11 07:04:59,074 - root - INFO - Fetched weather for Kiscséripuszta: 21.9°C, Clouds, humidity: 38%
2026-07-11 07:05:00,176 - root - INFO - [214/1205] Fetching weather for Lepsény...
2026-07-11 07:05:00,344 - root - INFO - Fetched weather for Lepsény: 22.1°C, Clouds, humidity: 78%
2026-07-11 07:05:01,447 - root - INFO - [215/1205] Fetching weather for Balatonaliga...
2026-07-11 07:05:01,629 - root - INFO - Fetched weather for Balatonaliga: 21.9°C, Clouds, humidity: 78%
2026-07-11 07:05:02,731 - root - INFO - [216/1205] Fetching weather for Balatonvilágos...
2026-07-11 07:05:02,878 - root - INFO - Fetched weather for Balatonvilágos: 22.0°C, Clouds, humidity: 78%
2026-07-11 07:05:03,980 - root - INFO - [217/1205] Fetching weather for Szabadifürdő...
2026-07-11 07:05:04,152 - root - INFO - Fetched weather for Szabadifürdő: 22.1°C, Clouds, humidity: 78%
2026-07-11 07:05:05,254 - root - INFO - [218/1205] Fetching weather for Ózd alsó...
2026-07-11 07:05:05,410 - root - INFO - Fetched weather for Ózd alsó: 23.9°C, Clouds, humidity: 48%
2026-07-11 07:05:06,512 - root - INFO - [219/1205] Fetching weather for Ózd...
2026-07-11 07:05:06,646 - root - INFO - Fetched weather for Ózd: 24.0°C, Clouds, humidity: 48%
2026-07-11 07:05:07,748 - root - INFO - [220/1205] Fetching weather for Alsóboldva...
2026-07-11 07:05:07,912 - root - INFO - Fetched weather for Alsóboldva: 21.4°C, Clouds, humidity: 100%
2026-07-11 07:05:09,014 - root - INFO - [221/1205] Fetching weather for Boldva...
2026-07-11 07:05:09,178 - root - INFO - Fetched weather for Boldva: 21.3°C, Clouds, humidity: 54%
2026-07-11 07:05:10,281 - root - INFO - [222/1205] Fetching weather for Borsodszirák...
2026-07-11 07:05:10,418 - root - INFO - Fetched weather for Borsodszirák: 22.9°C, Clouds, humidity: 47%
2026-07-11 07:05:11,520 - root - INFO - [223/1205] Fetching weather for Edelény alsó...
2026-07-11 07:05:11,668 - root - INFO - Fetched weather for Edelény alsó: 23.3°C, Clouds, humidity: 54%
2026-07-11 07:05:12,771 - root - INFO - [224/1205] Fetching weather for Edelény...
2026-07-11 07:05:12,933 - root - INFO - Fetched weather for Edelény: 23.3°C, Clouds, humidity: 54%
2026-07-11 07:05:14,035 - root - INFO - [225/1205] Fetching weather for Szendrőlád...
2026-07-11 07:05:14,171 - root - INFO - Fetched weather for Szendrőlád: 23.2°C, Clouds, humidity: 55%
2026-07-11 07:05:15,274 - root - INFO - [226/1205] Fetching weather for Szendrő...
2026-07-11 07:05:15,436 - root - INFO - Fetched weather for Szendrő: 19.8°C, Clouds, humidity: 55%
2026-07-11 07:05:16,538 - root - INFO - [227/1205] Fetching weather for Szendrő felső...
2026-07-11 07:05:16,702 - root - INFO - Fetched weather for Szendrő felső: 19.8°C, Clouds, humidity: 55%
2026-07-11 07:05:17,806 - root - INFO - [228/1205] Fetching weather for Szalonna...
2026-07-11 07:05:17,949 - root - INFO - Fetched weather for Szalonna: 19.8°C, Clouds, humidity: 56%
2026-07-11 07:05:19,051 - root - INFO - [229/1205] Fetching weather for Perkupa...
2026-07-11 07:05:19,230 - root - INFO - Fetched weather for Perkupa: 19.1°C, Clouds, humidity: 57%
2026-07-11 07:05:20,333 - root - INFO - [230/1205] Fetching weather for Szemeretelep...
2026-07-11 07:05:20,488 - root - INFO - Fetched weather for Szemeretelep: 24.6°C, Clouds, humidity: 47%
2026-07-11 07:05:21,590 - root - INFO - [231/1205] Fetching weather for Jósvafő-Aggtelek...
2026-07-11 07:05:21,726 - root - INFO - Fetched weather for Jósvafő-Aggtelek: 19.4°C, Clouds, humidity: 57%
2026-07-11 07:05:22,828 - root - INFO - [232/1205] Fetching weather for Bódvaszilas...
2026-07-11 07:05:23,008 - root - INFO - Fetched weather for Bódvaszilas: 19.0°C, Clear, humidity: 57%
2026-07-11 07:05:24,111 - root - INFO - [233/1205] Fetching weather for Komjáti...
2026-07-11 07:05:24,300 - root - INFO - Fetched weather for Komjáti: 18.5°C, Clear, humidity: 58%
2026-07-11 07:05:25,402 - root - INFO - [234/1205] Fetching weather for Tornanádaska...
2026-07-11 07:05:25,543 - root - INFO - Fetched weather for Tornanádaska: 19.6°C, Clear, humidity: 58%
2026-07-11 07:05:26,646 - root - INFO - [235/1205] Fetching weather for Onga...
2026-07-11 07:05:26,828 - root - INFO - Fetched weather for Onga: 23.4°C, Clouds, humidity: 51%
2026-07-11 07:05:27,931 - root - INFO - [236/1205] Fetching weather for Szikszó-Vásártér...
2026-07-11 07:05:28,081 - root - INFO - Fetched weather for Szikszó-Vásártér: 23.3°C, Clouds, humidity: 46%
2026-07-11 07:05:29,183 - root - INFO - [237/1205] Fetching weather for Szikszó...
2026-07-11 07:05:29,354 - root - INFO - Fetched weather for Szikszó: 23.4°C, Clouds, humidity: 46%
2026-07-11 07:05:30,457 - root - INFO - [238/1205] Fetching weather for Aszaló...
2026-07-11 07:05:30,617 - root - INFO - Fetched weather for Aszaló: 23.4°C, Clouds, humidity: 46%
2026-07-11 07:05:31,720 - root - INFO - [239/1205] Fetching weather for Halmaj...
2026-07-11 07:05:31,892 - root - INFO - Fetched weather for Halmaj: 23.4°C, Clouds, humidity: 55%
2026-07-11 07:05:32,995 - root - INFO - [240/1205] Fetching weather for Csobád...
2026-07-11 07:05:33,139 - root - INFO - Fetched weather for Csobád: 23.3°C, Clouds, humidity: 55%
2026-07-11 07:05:34,242 - root - INFO - [241/1205] Fetching weather for Ináncs...
2026-07-11 07:05:34,371 - root - INFO - Fetched weather for Ináncs: 23.3°C, Clouds, humidity: 56%
2026-07-11 07:05:35,474 - root - INFO - [242/1205] Fetching weather for Forró-Encs...
2026-07-11 07:05:35,619 - root - INFO - Fetched weather for Forró-Encs: 19.0°C, Clouds, humidity: 57%
2026-07-11 07:05:36,721 - root - INFO - [243/1205] Fetching weather for Méra...
2026-07-11 07:05:36,885 - root - INFO - Fetched weather for Méra: 18.7°C, Clouds, humidity: 58%
2026-07-11 07:05:37,988 - root - INFO - [244/1205] Fetching weather for Novajidrány...
2026-07-11 07:05:38,147 - root - INFO - Fetched weather for Novajidrány: 17.2°C, Clouds, humidity: 59%
2026-07-11 07:05:39,250 - root - INFO - [245/1205] Fetching weather for Hernádszurdok...
2026-07-11 07:05:39,414 - root - INFO - Fetched weather for Hernádszurdok: 17.0°C, Clouds, humidity: 76%
2026-07-11 07:05:40,517 - root - INFO - [246/1205] Fetching weather for Hidasnémeti...
2026-07-11 07:05:40,653 - root - INFO - Fetched weather for Hidasnémeti: 16.9°C, Clouds, humidity: 76%
2026-07-11 07:05:41,755 - root - INFO - [247/1205] Fetching weather for Mád...
2026-07-11 07:05:41,886 - root - INFO - Fetched weather for Mád: 19.5°C, Clouds, humidity: 56%
2026-07-11 07:05:42,989 - root - INFO - [248/1205] Fetching weather for Rátka...
2026-07-11 07:05:43,137 - root - INFO - Fetched weather for Rátka: 19.7°C, Clouds, humidity: 56%
2026-07-11 07:05:44,240 - root - INFO - [249/1205] Fetching weather for Tállya...
2026-07-11 07:05:44,385 - root - INFO - Fetched weather for Tállya: 19.6°C, Clouds, humidity: 56%
2026-07-11 07:05:45,487 - root - INFO - [250/1205] Fetching weather for Golop...
2026-07-11 07:05:45,647 - root - INFO - Fetched weather for Golop: 19.7°C, Clouds, humidity: 56%
2026-07-11 07:05:46,750 - root - INFO - [251/1205] Fetching weather for Abaújszántó...
2026-07-11 07:05:46,913 - root - INFO - Fetched weather for Abaújszántó: 19.6°C, Clouds, humidity: 57%
2026-07-11 07:05:48,015 - root - INFO - [252/1205] Fetching weather for Abaújszántói fürdő...
2026-07-11 07:05:48,153 - root - INFO - Fetched weather for Abaújszántói fürdő: 19.7°C, Clouds, humidity: 56%
2026-07-11 07:05:49,256 - root - INFO - [253/1205] Fetching weather for Abaújkér...
2026-07-11 07:05:49,416 - root - INFO - Fetched weather for Abaújkér: 19.6°C, Clouds, humidity: 57%
2026-07-11 07:05:50,518 - root - INFO - [254/1205] Fetching weather for Boldogkőváralja...
2026-07-11 07:05:50,665 - root - INFO - Fetched weather for Boldogkőváralja: 19.4°C, Clouds, humidity: 58%
2026-07-11 07:05:51,767 - root - INFO - [255/1205] Fetching weather for Korlát-Vizsoly...
2026-07-11 07:05:51,912 - root - INFO - Fetched weather for Korlát-Vizsoly: 19.3°C, Clouds, humidity: 59%
2026-07-11 07:05:53,014 - root - INFO - [256/1205] Fetching weather for Fony...
2026-07-11 07:05:53,175 - root - INFO - Fetched weather for Fony: 17.0°C, Clouds, humidity: 60%
2026-07-11 07:05:54,277 - root - INFO - [257/1205] Fetching weather for Hejce-Vilmány...
2026-07-11 07:05:54,410 - root - INFO - Fetched weather for Hejce-Vilmány: 17.0°C, Clouds, humidity: 60%
2026-07-11 07:05:55,512 - root - INFO - [258/1205] Fetching weather for Göncruszka...
2026-07-11 07:05:55,655 - root - INFO - Fetched weather for Göncruszka: 17.1°C, Clouds, humidity: 61%
2026-07-11 07:05:56,758 - root - INFO - [259/1205] Fetching weather for Gönc...
2026-07-11 07:05:56,919 - root - INFO - Fetched weather for Gönc: 16.7°C, Clouds, humidity: 62%
2026-07-11 07:05:58,021 - root - INFO - [260/1205] Fetching weather for Zsujta...
2026-07-11 07:05:58,181 - root - INFO - Fetched weather for Zsujta: 16.8°C, Clouds, humidity: 76%
2026-07-11 07:05:59,284 - root - INFO - [261/1205] Fetching weather for Bodrogkeresztúr...
2026-07-11 07:05:59,443 - root - INFO - Fetched weather for Bodrogkeresztúr: 19.8°C, Clouds, humidity: 55%
2026-07-11 07:06:00,545 - root - INFO - [262/1205] Fetching weather for Szegi...
2026-07-11 07:06:00,689 - root - INFO - Fetched weather for Szegi: 19.8°C, Clouds, humidity: 56%
2026-07-11 07:06:01,792 - root - INFO - [263/1205] Fetching weather for Erdőbénye...
2026-07-11 07:06:01,944 - root - INFO - Fetched weather for Erdőbénye: 19.8°C, Clouds, humidity: 57%
2026-07-11 07:06:03,047 - root - INFO - [264/1205] Fetching weather for Olaszliszka-Tolcsva...
2026-07-11 07:06:03,187 - root - INFO - Fetched weather for Olaszliszka-Tolcsva: 19.8°C, Clouds, humidity: 58%
2026-07-11 07:06:04,290 - root - INFO - [265/1205] Fetching weather for Bodrogolaszi...
2026-07-11 07:06:04,450 - root - INFO - Fetched weather for Bodrogolaszi: 19.8°C, Clouds, humidity: 59%
2026-07-11 07:06:05,552 - root - INFO - [266/1205] Fetching weather for Sárospatak...
2026-07-11 07:06:05,712 - root - INFO - Fetched weather for Sárospatak: 19.7°C, Clouds, humidity: 60%
2026-07-11 07:06:06,814 - root - INFO - [267/1205] Fetching weather for Sátoraljaújhely...
2026-07-11 07:06:06,968 - root - INFO - Fetched weather for Sátoraljaújhely: 16.3°C, Clouds, humidity: 63%
2026-07-11 07:06:08,071 - root - INFO - [268/1205] Fetching weather for Vecsés...
2026-07-11 07:06:08,230 - root - INFO - Fetched weather for Vecsés: 24.3°C, Clouds, humidity: 44%
2026-07-11 07:06:09,333 - root - INFO - [269/1205] Fetching weather for Vecsés-Kertekalja...
2026-07-11 07:06:09,470 - root - INFO - Fetched weather for Vecsés-Kertekalja: 24.3°C, Clouds, humidity: 44%
2026-07-11 07:06:10,572 - root - INFO - [270/1205] Fetching weather for Üllő...
2026-07-11 07:06:10,717 - root - INFO - Fetched weather for Üllő: 24.3°C, Clouds, humidity: 42%
2026-07-11 07:06:11,819 - root - INFO - [271/1205] Fetching weather for Monor...
2026-07-11 07:06:11,980 - root - INFO - Fetched weather for Monor: 23.6°C, Clouds, humidity: 44%
2026-07-11 07:06:13,083 - root - INFO - [272/1205] Fetching weather for Pilis...
2026-07-11 07:06:13,253 - root - INFO - Fetched weather for Pilis: 22.0°C, Clouds, humidity: 44%
2026-07-11 07:06:14,355 - root - INFO - [273/1205] Fetching weather for Albertirsa...
2026-07-11 07:06:14,501 - root - INFO - Fetched weather for Albertirsa: 22.1°C, Clouds, humidity: 55%
2026-07-11 07:06:15,603 - root - INFO - [274/1205] Fetching weather for Ceglédbercel-Cserő...
2026-07-11 07:06:15,748 - root - INFO - Fetched weather for Ceglédbercel-Cserő: 22.1°C, Clouds, humidity: 55%
2026-07-11 07:06:16,850 - root - INFO - [275/1205] Fetching weather for Cegléd...
2026-07-11 07:06:17,030 - root - INFO - Fetched weather for Cegléd: 22.2°C, Clouds, humidity: 55%
2026-07-11 07:06:18,132 - root - INFO - [276/1205] Fetching weather for Abony...
2026-07-11 07:06:18,280 - root - INFO - Fetched weather for Abony: 22.7°C, Clouds, humidity: 55%
2026-07-11 07:06:19,383 - root - INFO - [277/1205] Fetching weather for Szolnok...
2026-07-11 07:06:19,536 - root - INFO - Fetched weather for Szolnok: 22.8°C, Clouds, humidity: 55%
2026-07-11 07:06:20,638 - root - INFO - [278/1205] Fetching weather for Szajol...
2026-07-11 07:06:20,824 - root - INFO - Fetched weather for Szajol: 22.8°C, Clouds, humidity: 55%
2026-07-11 07:06:21,926 - root - INFO - [279/1205] Fetching weather for Törökszentmiklós...
2026-07-11 07:06:22,075 - root - INFO - Fetched weather for Törökszentmiklós: 22.8°C, Clouds, humidity: 47%
2026-07-11 07:06:23,178 - root - INFO - [280/1205] Fetching weather for Rákoscsaba-Újtelep...
2026-07-11 07:06:23,347 - root - INFO - Fetched weather for Rákoscsaba-Újtelep: 24.1°C, Clouds, humidity: 47%
2026-07-11 07:06:24,449 - root - INFO - [281/1205] Fetching weather for Rákoscsaba...
2026-07-11 07:06:24,631 - root - INFO - Fetched weather for Rákoscsaba: 24.2°C, Clouds, humidity: 47%
2026-07-11 07:06:25,733 - root - INFO - [282/1205] Fetching weather for Pécel...
2026-07-11 07:06:25,894 - root - INFO - Fetched weather for Pécel: 24.1°C, Clouds, humidity: 42%
2026-07-11 07:06:26,996 - root - INFO - [283/1205] Fetching weather for Isaszeg...
2026-07-11 07:06:27,150 - root - INFO - Fetched weather for Isaszeg: 24.0°C, Clouds, humidity: 42%
2026-07-11 07:06:28,252 - root - INFO - [284/1205] Fetching weather for Gödöllő...
2026-07-11 07:06:28,404 - root - INFO - Fetched weather for Gödöllő: 23.8°C, Clouds, humidity: 42%
2026-07-11 07:06:29,507 - root - INFO - [285/1205] Fetching weather for Máriabesnyő...
2026-07-11 07:06:29,670 - root - INFO - Fetched weather for Máriabesnyő: 23.9°C, Clouds, humidity: 42%
2026-07-11 07:06:30,773 - root - INFO - [286/1205] Fetching weather for Bag...
2026-07-11 07:06:30,934 - root - INFO - Fetched weather for Bag: 23.4°C, Clouds, humidity: 43%
2026-07-11 07:06:32,036 - root - INFO - [287/1205] Fetching weather for Aszód...
2026-07-11 07:06:32,196 - root - INFO - Fetched weather for Aszód: 23.2°C, Clouds, humidity: 43%
2026-07-11 07:06:33,299 - root - INFO - [288/1205] Fetching weather for Hévízgyörk...
2026-07-11 07:06:33,458 - root - INFO - Fetched weather for Hévízgyörk: 23.2°C, Clouds, humidity: 43%
2026-07-11 07:06:34,561 - root - INFO - [289/1205] Fetching weather for Galgahévíz...
2026-07-11 07:06:34,707 - root - INFO - Fetched weather for Galgahévíz: 23.4°C, Clouds, humidity: 43%
2026-07-11 07:06:35,810 - root - INFO - [290/1205] Fetching weather for Tura...
2026-07-11 07:06:35,958 - root - INFO - Fetched weather for Tura: 23.3°C, Clouds, humidity: 43%
2026-07-11 07:06:37,061 - root - INFO - [291/1205] Fetching weather for Hatvan...
2026-07-11 07:06:37,221 - root - INFO - Fetched weather for Hatvan: 23.2°C, Clouds, humidity: 43%
2026-07-11 07:06:38,323 - root - INFO - [292/1205] Fetching weather for Vámosgyörk...
2026-07-11 07:06:38,438 - root - INFO - Fetched weather for Vámosgyörk: 24.9°C, Clouds, humidity: 42%
2026-07-11 07:06:39,540 - root - INFO - [293/1205] Fetching weather for Adács...
2026-07-11 07:06:39,688 - root - INFO - Fetched weather for Adács: 24.9°C, Clouds, humidity: 42%
2026-07-11 07:06:40,790 - root - INFO - [294/1205] Fetching weather for Karácsond...
2026-07-11 07:06:40,938 - root - INFO - Fetched weather for Karácsond: 24.9°C, Clouds, humidity: 37%
2026-07-11 07:06:42,041 - root - INFO - [295/1205] Fetching weather for Ludas...
2026-07-11 07:06:42,218 - root - INFO - Fetched weather for Ludas: 24.9°C, Clouds, humidity: 37%
2026-07-11 07:06:43,320 - root - INFO - [296/1205] Fetching weather for Nagyút...
2026-07-11 07:06:43,485 - root - INFO - Fetched weather for Nagyút: 24.9°C, Clouds, humidity: 37%
2026-07-11 07:06:44,588 - root - INFO - [297/1205] Fetching weather for Kál-Kápolna...
2026-07-11 07:06:44,745 - root - INFO - Fetched weather for Kál-Kápolna: 24.9°C, Clouds, humidity: 45%
2026-07-11 07:06:45,847 - root - INFO - [298/1205] Fetching weather for Füzesabony...
2026-07-11 07:06:46,004 - root - INFO - Fetched weather for Füzesabony: 22.1°C, Clouds, humidity: 46%
2026-07-11 07:06:47,106 - root - INFO - [299/1205] Fetching weather for Szihalom...
2026-07-11 07:06:47,267 - root - INFO - Fetched weather for Szihalom: 21.8°C, Clouds, humidity: 47%
2026-07-11 07:06:48,369 - root - INFO - [300/1205] Fetching weather for Mezőkövesd...
2026-07-11 07:06:48,488 - root - INFO - Fetched weather for Mezőkövesd: 21.9°C, Clouds, humidity: 48%
2026-07-11 07:06:49,590 - root - INFO - [301/1205] Fetching weather for Mezőkövesd felső...
2026-07-11 07:06:49,738 - root - INFO - Fetched weather for Mezőkövesd felső: 21.8°C, Clouds, humidity: 48%
2026-07-11 07:06:50,840 - root - INFO - [302/1205] Fetching weather for Mezőkeresztes-Mezőnyárád...
2026-07-11 07:06:51,001 - root - INFO - Fetched weather for Mezőkeresztes-Mezőnyárád: 21.8°C, Clouds, humidity: 60%
2026-07-11 07:06:52,104 - root - INFO - [303/1205] Fetching weather for Csincse...
2026-07-11 07:06:52,253 - root - INFO - Fetched weather for Csincse: 21.8°C, Clouds, humidity: 60%
2026-07-11 07:06:53,356 - root - INFO - [304/1205] Fetching weather for Emőd...
2026-07-11 07:06:53,502 - root - INFO - Fetched weather for Emőd: 21.8°C, Clouds, humidity: 73%
2026-07-11 07:06:54,605 - root - INFO - [305/1205] Fetching weather for Nyékládháza...
2026-07-11 07:06:54,765 - root - INFO - Fetched weather for Nyékládháza: 21.8°C, Clouds, humidity: 75%
2026-07-11 07:06:55,867 - root - INFO - [306/1205] Fetching weather for Miskolc-Tiszai...
2026-07-11 07:06:55,981 - root - INFO - Fetched weather for Miskolc-Tiszai: 21.5°C, Clouds, humidity: 83%
2026-07-11 07:06:57,083 - root - INFO - [307/1205] Fetching weather for Felsőzsolca...
2026-07-11 07:06:57,229 - root - INFO - Fetched weather for Felsőzsolca: 21.6°C, Clouds, humidity: 80%
2026-07-11 07:06:58,331 - root - INFO - [308/1205] Fetching weather for Hernádnémeti-Bőcs...
2026-07-11 07:06:58,491 - root - INFO - Fetched weather for Hernádnémeti-Bőcs: 23.1°C, Clouds, humidity: 46%
2026-07-11 07:06:59,594 - root - INFO - [309/1205] Fetching weather for Tiszalúc...
2026-07-11 07:06:59,758 - root - INFO - Fetched weather for Tiszalúc: 21.9°C, Clear, humidity: 53%
2026-07-11 07:07:00,860 - root - INFO - [310/1205] Fetching weather for Taktaharkány...
2026-07-11 07:07:01,010 - root - INFO - Fetched weather for Taktaharkány: 19.9°C, Clear, humidity: 53%
2026-07-11 07:07:02,113 - root - INFO - [311/1205] Fetching weather for Taktaszada...
2026-07-11 07:07:02,231 - root - INFO - Fetched weather for Taktaszada: 19.9°C, Clear, humidity: 54%
2026-07-11 07:07:03,333 - root - INFO - [312/1205] Fetching weather for Szerencs...
2026-07-11 07:07:03,491 - root - INFO - Fetched weather for Szerencs: 19.9°C, Clouds, humidity: 55%
2026-07-11 07:07:04,594 - root - INFO - [313/1205] Fetching weather for Mezőzombor...
2026-07-11 07:07:04,737 - root - INFO - Fetched weather for Mezőzombor: 19.9°C, Clouds, humidity: 55%
2026-07-11 07:07:05,840 - root - INFO - [314/1205] Fetching weather for Tarcal...
2026-07-11 07:07:06,001 - root - INFO - Fetched weather for Tarcal: 19.9°C, Clouds, humidity: 55%
2026-07-11 07:07:07,103 - root - INFO - [315/1205] Fetching weather for Tokaj...
2026-07-11 07:07:07,265 - root - INFO - Fetched weather for Tokaj: 19.8°C, Clouds, humidity: 55%
2026-07-11 07:07:08,367 - root - INFO - [316/1205] Fetching weather for Rakamaz...
2026-07-11 07:07:08,515 - root - INFO - Fetched weather for Rakamaz: 19.8°C, Clouds, humidity: 55%
2026-07-11 07:07:09,618 - root - INFO - [317/1205] Fetching weather for Görögszállás...
2026-07-11 07:07:09,750 - root - INFO - Fetched weather for Görögszállás: 19.8°C, Clouds, humidity: 54%
2026-07-11 07:07:10,853 - root - INFO - [318/1205] Fetching weather for Nyírtelek...
2026-07-11 07:07:11,016 - root - INFO - Fetched weather for Nyírtelek: 19.8°C, Clouds, humidity: 53%
2026-07-11 07:07:12,118 - root - INFO - [319/1205] Fetching weather for Rákoshegy...
2026-07-11 07:07:12,284 - root - INFO - Fetched weather for Rákoshegy: 24.1°C, Clouds, humidity: 47%
2026-07-11 07:07:13,386 - root - INFO - [320/1205] Fetching weather for Ecser...
2026-07-11 07:07:13,570 - root - INFO - Fetched weather for Ecser: 24.2°C, Clouds, humidity: 42%
2026-07-11 07:07:14,672 - root - INFO - [321/1205] Fetching weather for Maglód...
2026-07-11 07:07:14,838 - root - INFO - Fetched weather for Maglód: 24.1°C, Clouds, humidity: 42%
2026-07-11 07:07:15,940 - root - INFO - [322/1205] Fetching weather for Maglódi nyaraló...
2026-07-11 07:07:16,070 - root - INFO - Fetched weather for Maglódi nyaraló: 24.0°C, Clouds, humidity: 43%
2026-07-11 07:07:17,173 - root - INFO - [323/1205] Fetching weather for Gyömrő...
2026-07-11 07:07:17,320 - root - INFO - Fetched weather for Gyömrő: 24.0°C, Clouds, humidity: 43%
2026-07-11 07:07:18,423 - root - INFO - [324/1205] Fetching weather for Mende...
2026-07-11 07:07:18,577 - root - INFO - Fetched weather for Mende: 23.9°C, Clouds, humidity: 43%
2026-07-11 07:07:19,680 - root - INFO - [325/1205] Fetching weather for Szőlősnyaraló...
2026-07-11 07:07:19,843 - root - INFO - Fetched weather for Szőlősnyaraló: 22.0°C, Clouds, humidity: 44%
2026-07-11 07:07:20,945 - root - INFO - [326/1205] Fetching weather for Sülysáp...
2026-07-11 07:07:21,056 - root - INFO - Fetched weather for Sülysáp: 21.9°C, Clouds, humidity: 44%
2026-07-11 07:07:22,158 - root - INFO - [327/1205] Fetching weather for Tápiószecső...
2026-07-11 07:07:22,329 - root - INFO - Fetched weather for Tápiószecső: 22.0°C, Clouds, humidity: 44%
2026-07-11 07:07:23,431 - root - INFO - [328/1205] Fetching weather for Szentmártonkáta...
2026-07-11 07:07:23,598 - root - INFO - Fetched weather for Szentmártonkáta: 22.1°C, Clouds, humidity: 55%
2026-07-11 07:07:24,700 - root - INFO - [329/1205] Fetching weather for Nagykáta...
2026-07-11 07:07:24,892 - root - INFO - Fetched weather for Nagykáta: 22.1°C, Clouds, humidity: 55%
2026-07-11 07:07:25,995 - root - INFO - [330/1205] Fetching weather for Farmos...
2026-07-11 07:07:26,146 - root - INFO - Fetched weather for Farmos: 22.2°C, Clouds, humidity: 55%
2026-07-11 07:07:27,248 - root - INFO - [331/1205] Fetching weather for Tápiószele...
2026-07-11 07:07:27,427 - root - INFO - Fetched weather for Tápiószele: 22.2°C, Clouds, humidity: 55%
2026-07-11 07:07:28,529 - root - INFO - [332/1205] Fetching weather for Tápiógyörgye...
2026-07-11 07:07:28,688 - root - INFO - Fetched weather for Tápiógyörgye: 22.3°C, Clouds, humidity: 55%
2026-07-11 07:07:29,791 - root - INFO - [333/1205] Fetching weather for Újszász...
2026-07-11 07:07:29,924 - root - INFO - Fetched weather for Újszász: 22.3°C, Clouds, humidity: 55%
2026-07-11 07:07:31,026 - root - INFO - [334/1205] Fetching weather for Szurdokpüspöki...
2026-07-11 07:07:31,189 - root - INFO - Fetched weather for Szurdokpüspöki: 24.7°C, Clouds, humidity: 44%
2026-07-11 07:07:32,291 - root - INFO - [335/1205] Fetching weather for Lőrinci...
2026-07-11 07:07:32,451 - root - INFO - Fetched weather for Lőrinci: 24.8°C, Clouds, humidity: 42%
2026-07-11 07:07:33,554 - root - INFO - [336/1205] Fetching weather for Selyp...
2026-07-11 07:07:33,701 - root - INFO - Fetched weather for Selyp: 24.8°C, Clouds, humidity: 43%
2026-07-11 07:07:34,803 - root - INFO - [337/1205] Fetching weather for Apc-Zagyvaszántó...
2026-07-11 07:07:34,948 - root - INFO - Fetched weather for Apc-Zagyvaszántó: 24.8°C, Clouds, humidity: 43%
2026-07-11 07:07:36,051 - root - INFO - [338/1205] Fetching weather for Pásztó...
2026-07-11 07:07:36,216 - root - INFO - Fetched weather for Pásztó: 24.6°C, Clouds, humidity: 45%
2026-07-11 07:07:37,318 - root - INFO - [339/1205] Fetching weather for Mátraszőlős-Hasznos...
2026-07-11 07:07:37,434 - root - INFO - Fetched weather for Mátraszőlős-Hasznos: 24.6°C, Clouds, humidity: 45%
2026-07-11 07:07:38,536 - root - INFO - [340/1205] Fetching weather for Tar...
2026-07-11 07:07:38,697 - root - INFO - Fetched weather for Tar: 24.5°C, Clouds, humidity: 44%
2026-07-11 07:07:39,799 - root - INFO - [341/1205] Fetching weather for Mátraverebély...
2026-07-11 07:07:39,979 - root - INFO - Fetched weather for Mátraverebély: 24.2°C, Clouds, humidity: 44%
2026-07-11 07:07:41,082 - root - INFO - [342/1205] Fetching weather for Nagybátony...
2026-07-11 07:07:41,235 - root - INFO - Fetched weather for Nagybátony: 24.4°C, Clouds, humidity: 37%
2026-07-11 07:07:42,337 - root - INFO - [343/1205] Fetching weather for Kisterenye...
2026-07-11 07:07:42,503 - root - INFO - Fetched weather for Kisterenye: 24.4°C, Clouds, humidity: 45%
2026-07-11 07:07:43,605 - root - INFO - [344/1205] Fetching weather for Kisterenye-Bányatelep...
2026-07-11 07:07:43,764 - root - INFO - Fetched weather for Kisterenye-Bányatelep: 24.4°C, Clouds, humidity: 45%
2026-07-11 07:07:44,866 - root - INFO - [345/1205] Fetching weather for Salgótarján külső...
2026-07-11 07:07:44,982 - root - INFO - Fetched weather for Salgótarján külső: 21.7°C, Clouds, humidity: 46%
2026-07-11 07:07:46,084 - root - INFO - [346/1205] Fetching weather for Balatonfenyves GV...
2026-07-11 07:07:46,242 - root - INFO - Fetched weather for Balatonfenyves GV: 24.4°C, Clear, humidity: 47%
2026-07-11 07:07:47,345 - root - INFO - [347/1205] Fetching weather for Várhegyalja...
2026-07-11 07:07:47,505 - root - INFO - Fetched weather for Várhegyalja: 23.6°C, Clouds, humidity: 42%
2026-07-11 07:07:48,607 - root - INFO - [348/1205] Fetching weather for Imremajor...
2026-07-11 07:07:48,756 - root - INFO - Fetched weather for Imremajor: 24.4°C, Clear, humidity: 47%
2026-07-11 07:07:49,859 - root - INFO - [349/1205] Fetching weather for Rákospalota-Kertváros...
2026-07-11 07:07:50,009 - root - INFO - Fetched weather for Rákospalota-Kertváros: 24.4°C, Clouds, humidity: 48%
2026-07-11 07:07:51,112 - root - INFO - [350/1205] Fetching weather for Vicziántelep...
2026-07-11 07:07:51,271 - root - INFO - Fetched weather for Vicziántelep: 23.9°C, Clouds, humidity: 43%
2026-07-11 07:07:52,373 - root - INFO - [351/1205] Fetching weather for Pálmajor...
2026-07-11 07:07:52,505 - root - INFO - Fetched weather for Pálmajor: 24.4°C, Clear, humidity: 47%
2026-07-11 07:07:53,608 - root - INFO - [352/1205] Fetching weather for Somogyszentpál felső...
2026-07-11 07:07:53,780 - root - INFO - Fetched weather for Somogyszentpál felső: 24.4°C, Clear, humidity: 47%
2026-07-11 07:07:54,883 - root - INFO - [353/1205] Fetching weather for Somogyszentpál...
2026-07-11 07:07:55,063 - root - INFO - Fetched weather for Somogyszentpál: 24.4°C, Clear, humidity: 47%
2026-07-11 07:07:56,165 - root - INFO - [354/1205] Fetching weather for Rudnaykert...
2026-07-11 07:07:56,320 - root - INFO - Fetched weather for Rudnaykert: 24.2°C, Clouds, humidity: 43%
2026-07-11 07:07:57,422 - root - INFO - [355/1205] Fetching weather for Maroshegy...
2026-07-11 07:07:57,581 - root - INFO - Fetched weather for Maroshegy: 24.2°C, Clouds, humidity: 39%
2026-07-11 07:07:58,683 - root - INFO - [356/1205] Fetching weather for Bánhida...
2026-07-11 07:07:58,843 - root - INFO - Fetched weather for Bánhida: 23.6°C, Clouds, humidity: 41%
2026-07-11 07:07:59,945 - root - INFO - [357/1205] Fetching weather for Magyarkút...
2026-07-11 07:08:00,060 - root - INFO - Fetched weather for Magyarkút: 22.6°C, Clouds, humidity: 45%
2026-07-11 07:08:01,163 - root - INFO - [358/1205] Fetching weather for Becske alsó...
2026-07-11 07:08:01,323 - root - INFO - Fetched weather for Becske alsó: 21.9°C, Clouds, humidity: 44%
2026-07-11 07:08:02,425 - root - INFO - [359/1205] Fetching weather for Hosszúberek-Péteri...
2026-07-11 07:08:02,586 - root - INFO - Fetched weather for Hosszúberek-Péteri: 24.3°C, Clouds, humidity: 43%
2026-07-11 07:08:03,688 - root - INFO - [360/1205] Fetching weather for Monorierdő...
2026-07-11 07:08:03,833 - root - INFO - Fetched weather for Monorierdő: 21.9°C, Clouds, humidity: 44%
2026-07-11 07:08:04,935 - root - INFO - [361/1205] Fetching weather for Ceglédbercel...
2026-07-11 07:08:05,095 - root - INFO - Fetched weather for Ceglédbercel: 22.1°C, Clouds, humidity: 55%
2026-07-11 07:08:06,198 - root - INFO - [362/1205] Fetching weather for Budai út...
2026-07-11 07:08:06,343 - root - INFO - Fetched weather for Budai út: 22.2°C, Clouds, humidity: 55%
2026-07-11 07:08:07,445 - root - INFO - [363/1205] Fetching weather for Büdöskútpuszta...
2026-07-11 07:08:07,604 - root - INFO - Fetched weather for Büdöskútpuszta: 19.9°C, Clouds, humidity: 55%
2026-07-11 07:08:08,706 - root - INFO - [364/1205] Fetching weather for Bánrévei Vízmű...
2026-07-11 07:08:08,839 - root - INFO - Fetched weather for Bánrévei Vízmű: 24.0°C, Clouds, humidity: 48%
2026-07-11 07:08:09,942 - root - INFO - [365/1205] Fetching weather for Rákoskert...
2026-07-11 07:08:10,103 - root - INFO - Fetched weather for Rákoskert: 24.1°C, Clouds, humidity: 44%
2026-07-11 07:08:11,205 - root - INFO - [366/1205] Fetching weather for Szirmabesenyő...
2026-07-11 07:08:11,369 - root - INFO - Fetched weather for Szirmabesenyő: 21.4°C, Clouds, humidity: 100%
2026-07-11 07:08:12,471 - root - INFO - [367/1205] Fetching weather for Kitérőgyár...
2026-07-11 07:08:12,630 - root - INFO - Fetched weather for Kitérőgyár: 24.6°C, Clouds, humidity: 37%
2026-07-11 07:08:13,732 - root - INFO - [368/1205] Fetching weather for Tápiószentmárton...
2026-07-11 07:08:13,898 - root - INFO - Fetched weather for Tápiószentmárton: 22.2°C, Clouds, humidity: 55%
2026-07-11 07:08:15,001 - root - INFO - [369/1205] Fetching weather for Zagyvarékas...
2026-07-11 07:08:15,159 - root - INFO - Fetched weather for Zagyvarékas: 22.8°C, Clouds, humidity: 55%
2026-07-11 07:08:16,262 - root - INFO - [370/1205] Fetching weather for Abonyi út...
2026-07-11 07:08:16,390 - root - INFO - Fetched weather for Abonyi út: 22.8°C, Clouds, humidity: 55%
2026-07-11 07:08:17,492 - root - INFO - [371/1205] Fetching weather for Jászkisér felső...
2026-07-11 07:08:17,658 - root - INFO - Fetched weather for Jászkisér felső: 22.8°C, Clouds, humidity: 47%
2026-07-11 07:08:18,760 - root - INFO - [372/1205] Fetching weather for Szellőhát...
2026-07-11 07:08:18,922 - root - INFO - Fetched weather for Szellőhát: 22.3°C, Clouds, humidity: 47%
2026-07-11 07:08:20,024 - root - INFO - [373/1205] Fetching weather for Szilvásvárad-Szalajkavölgy...
2026-07-11 07:08:20,185 - root - INFO - Fetched weather for Szilvásvárad-Szalajkavölgy: 19.2°C, Clouds, humidity: 56%
2026-07-11 07:08:21,288 - root - INFO - [374/1205] Fetching weather for Vásárosnamény külső...
2026-07-11 07:08:21,450 - root - INFO - Fetched weather for Vásárosnamény külső: 18.6°C, Clouds, humidity: 56%
2026-07-11 07:08:22,553 - root - INFO - [375/1205] Fetching weather for Újváros...
2026-07-11 07:08:22,664 - root - INFO - Fetched weather for Újváros: 26.6°C, Clouds, humidity: 32%
2026-07-11 07:08:23,767 - root - INFO - [376/1205] Fetching weather for Városi park...
2026-07-11 07:08:23,884 - root - INFO - Fetched weather for Városi park: 25.0°C, Clouds, humidity: 40%
2026-07-11 07:08:24,987 - root - INFO - [377/1205] Fetching weather for Belsőkamaráspuszta...
2026-07-11 07:08:25,157 - root - INFO - Fetched weather for Belsőkamaráspuszta: 24.5°C, Clouds, humidity: 46%
2026-07-11 07:08:26,259 - root - INFO - [378/1205] Fetching weather for Sajószöged...
2026-07-11 07:08:26,424 - root - INFO - Fetched weather for Sajószöged: 22.3°C, Clouds, humidity: 60%
2026-07-11 07:08:27,526 - root - INFO - [379/1205] Fetching weather for Kazincbarcika alsó...
2026-07-11 07:08:27,674 - root - INFO - Fetched weather for Kazincbarcika alsó: 22.3°C, Clouds, humidity: 54%
2026-07-11 07:08:28,776 - root - INFO - [380/1205] Fetching weather for Nyárjas...
2026-07-11 07:08:28,920 - root - INFO - Fetched weather for Nyárjas: 24.9°C, Clouds, humidity: 40%
2026-07-11 07:08:30,023 - root - INFO - [381/1205] Fetching weather for Pogonyipuszta...
2026-07-11 07:08:30,136 - root - INFO - Fetched weather for Pogonyipuszta: 24.1°C, Clouds, humidity: 48%
2026-07-11 07:08:31,238 - root - INFO - [382/1205] Fetching weather for Sióvölgy...
2026-07-11 07:08:31,397 - root - INFO - Fetched weather for Sióvölgy: 22.2°C, Clouds, humidity: 78%
2026-07-11 07:08:32,500 - root - INFO - [383/1205] Fetching weather for Répáspuszta...
2026-07-11 07:08:32,650 - root - INFO - Fetched weather for Répáspuszta: 24.4°C, Clear, humidity: 45%
2026-07-11 07:08:33,752 - root - INFO - [384/1205] Fetching weather for Virányos...
2026-07-11 07:08:33,913 - root - INFO - Fetched weather for Virányos: 19.8°C, Clouds, humidity: 54%
2026-07-11 07:08:35,015 - root - INFO - [385/1205] Fetching weather for Füzesbokor...
2026-07-11 07:08:35,136 - root - INFO - Fetched weather for Füzesbokor: 19.8°C, Clouds, humidity: 53%
2026-07-11 07:08:36,238 - root - INFO - [386/1205] Fetching weather for Kunfehértó...
2026-07-11 07:08:36,387 - root - INFO - Fetched weather for Kunfehértó: 24.3°C, Clouds, humidity: 35%
2026-07-11 07:08:37,490 - root - INFO - [387/1205] Fetching weather for Erdőszél...
2026-07-11 07:08:37,604 - root - INFO - Fetched weather for Erdőszél: 24.3°C, Clouds, humidity: 35%
2026-07-11 07:08:38,707 - root - INFO - [388/1205] Fetching weather for Jánoshalma...
2026-07-11 07:08:38,867 - root - INFO - Fetched weather for Jánoshalma: 24.5°C, Clear, humidity: 35%
2026-07-11 07:08:39,969 - root - INFO - [389/1205] Fetching weather for Mélykút...
2026-07-11 07:08:40,135 - root - INFO - Fetched weather for Mélykút: 24.6°C, Clear, humidity: 35%
2026-07-11 07:08:41,237 - root - INFO - [390/1205] Fetching weather for Bácsalmás...
2026-07-11 07:08:41,398 - root - INFO - Fetched weather for Bácsalmás: 24.7°C, Clear, humidity: 36%
2026-07-11 07:08:42,501 - root - INFO - [391/1205] Fetching weather for Almás...
2026-07-11 07:08:42,614 - root - INFO - Fetched weather for Almás: 24.7°C, Clear, humidity: 36%
2026-07-11 07:08:43,716 - root - INFO - [392/1205] Fetching weather for Bácsbokod-Bácsborsód...
2026-07-11 07:08:43,878 - root - INFO - Fetched weather for Bácsbokod-Bácsborsód: 24.8°C, Clear, humidity: 36%
2026-07-11 07:08:44,981 - root - INFO - [393/1205] Fetching weather for Baja...
2026-07-11 07:08:45,103 - root - INFO - Fetched weather for Baja: 25.1°C, Clear, humidity: 37%
2026-07-11 07:08:46,205 - root - INFO - [394/1205] Fetching weather for Harkakötöny...
2026-07-11 07:08:46,369 - root - INFO - Fetched weather for Harkakötöny: 23.7°C, Clouds, humidity: 35%
2026-07-11 07:08:47,471 - root - INFO - [395/1205] Fetching weather for Tajó...
2026-07-11 07:08:47,619 - root - INFO - Fetched weather for Tajó: 23.8°C, Clouds, humidity: 35%
2026-07-11 07:08:48,721 - root - INFO - [396/1205] Fetching weather for Kiskunmajsa...
2026-07-11 07:08:48,884 - root - INFO - Fetched weather for Kiskunmajsa: 23.8°C, Clouds, humidity: 36%
2026-07-11 07:08:49,986 - root - INFO - [397/1205] Fetching weather for Jászszentlászló...
2026-07-11 07:08:50,102 - root - INFO - Fetched weather for Jászszentlászló: 25.0°C, Clouds, humidity: 40%
2026-07-11 07:08:51,204 - root - INFO - [398/1205] Fetching weather for Galambos...
2026-07-11 07:08:51,350 - root - INFO - Fetched weather for Galambos: 25.0°C, Clouds, humidity: 40%
2026-07-11 07:08:52,452 - root - INFO - [399/1205] Fetching weather for Pestszentimre...
2026-07-11 07:08:52,600 - root - INFO - Fetched weather for Pestszentimre: 24.2°C, Clouds, humidity: 46%
2026-07-11 07:08:53,702 - root - INFO - [400/1205] Fetching weather for Gyál felső...
2026-07-11 07:08:53,825 - root - INFO - Fetched weather for Gyál felső: 24.3°C, Clouds, humidity: 44%
2026-07-11 07:08:54,928 - root - INFO - [401/1205] Fetching weather for Gyál...
2026-07-11 07:08:55,088 - root - INFO - Fetched weather for Gyál: 24.4°C, Clouds, humidity: 45%
2026-07-11 07:08:56,190 - root - INFO - [402/1205] Fetching weather for Ócsa...
2026-07-11 07:08:56,338 - root - INFO - Fetched weather for Ócsa: 24.4°C, Clouds, humidity: 42%
2026-07-11 07:08:57,441 - root - INFO - [403/1205] Fetching weather for Inárcs-Kakucs...
2026-07-11 07:08:57,566 - root - INFO - Fetched weather for Inárcs-Kakucs: 24.0°C, Clouds, humidity: 42%
2026-07-11 07:08:58,669 - root - INFO - [404/1205] Fetching weather for Dabas...
2026-07-11 07:08:58,823 - root - INFO - Fetched weather for Dabas: 23.9°C, Clouds, humidity: 42%
2026-07-11 07:08:59,925 - root - INFO - [405/1205] Fetching weather for Gyón...
2026-07-11 07:09:00,071 - root - INFO - Fetched weather for Gyón: 23.9°C, Clouds, humidity: 42%
2026-07-11 07:09:01,173 - root - INFO - [406/1205] Fetching weather for Hernád...
2026-07-11 07:09:01,285 - root - INFO - Fetched weather for Hernád: 23.7°C, Clouds, humidity: 42%
2026-07-11 07:09:02,387 - root - INFO - [407/1205] Fetching weather for Bakonygyirót...
2026-07-11 07:09:02,554 - root - INFO - Fetched weather for Bakonygyirót: 23.7°C, Clouds, humidity: 41%
2026-07-11 07:09:03,656 - root - INFO - [408/1205] Fetching weather for Vinye...
2026-07-11 07:09:03,814 - root - INFO - Fetched weather for Vinye: 23.2°C, Clouds, humidity: 41%
2026-07-11 07:09:04,916 - root - INFO - [409/1205] Fetching weather for Nemesgörzsöny...
2026-07-11 07:09:05,039 - root - INFO - Fetched weather for Nemesgörzsöny: 24.2°C, Clouds, humidity: 42%
2026-07-11 07:09:06,142 - root - INFO - [410/1205] Fetching weather for Rábahíd...
2026-07-11 07:09:06,288 - root - INFO - Fetched weather for Rábahíd: 24.2°C, Clouds, humidity: 43%
2026-07-11 07:09:07,390 - root - INFO - [411/1205] Fetching weather for Öskü...
2026-07-11 07:09:07,540 - root - INFO - Fetched weather for Öskü: 21.9°C, Clouds, humidity: 40%
2026-07-11 07:09:08,642 - root - INFO - [412/1205] Fetching weather for Márkó...
2026-07-11 07:09:08,758 - root - INFO - Fetched weather for Márkó: 22.6°C, Clouds, humidity: 44%
2026-07-11 07:09:09,860 - root - INFO - [413/1205] Fetching weather for Nemeskocs...
2026-07-11 07:09:09,981 - root - INFO - Fetched weather for Nemeskocs: 24.4°C, Clear, humidity: 41%
2026-07-11 07:09:11,084 - root - INFO - [414/1205] Fetching weather for Zalagyömörő...
2026-07-11 07:09:11,238 - root - INFO - Fetched weather for Zalagyömörő: 26.0°C, Clear, humidity: 42%
2026-07-11 07:09:12,340 - root - INFO - [415/1205] Fetching weather for Rigács...
2026-07-11 07:09:12,485 - root - INFO - Fetched weather for Rigács: 24.3°C, Clear, humidity: 42%
2026-07-11 07:09:13,587 - root - INFO - [416/1205] Fetching weather for Kemenespálfa...
2026-07-11 07:09:13,705 - root - INFO - Fetched weather for Kemenespálfa: 24.4°C, Clear, humidity: 41%
2026-07-11 07:09:14,808 - root - INFO - [417/1205] Fetching weather for Lentiszombathely...
2026-07-11 07:09:14,969 - root - INFO - Fetched weather for Lentiszombathely: 24.0°C, Clear, humidity: 61%
2026-07-11 07:09:16,071 - root - INFO - [418/1205] Fetching weather for Ortaháza...
2026-07-11 07:09:16,188 - root - INFO - Fetched weather for Ortaháza: 23.9°C, Clear, humidity: 60%
2026-07-11 07:09:17,291 - root - INFO - [419/1205] Fetching weather for Rádiháza...
2026-07-11 07:09:17,408 - root - INFO - Fetched weather for Rádiháza: 25.8°C, Clear, humidity: 59%
2026-07-11 07:09:18,510 - root - INFO - [420/1205] Fetching weather for Baktüttös...
2026-07-11 07:09:18,663 - root - INFO - Fetched weather for Baktüttös: 25.7°C, Clear, humidity: 36%
2026-07-11 07:09:19,765 - root - INFO - [421/1205] Fetching weather for Budafa...
2026-07-11 07:09:19,932 - root - INFO - Fetched weather for Budafa: 25.8°C, Clear, humidity: 50%
2026-07-11 07:09:21,034 - root - INFO - [422/1205] Fetching weather for Zalapatakalja...
2026-07-11 07:09:21,150 - root - INFO - Fetched weather for Zalapatakalja: 25.7°C, Clear, humidity: 50%
2026-07-11 07:09:22,252 - root - INFO - [423/1205] Fetching weather for Tormásliget...
2026-07-11 07:09:22,383 - root - INFO - Fetched weather for Tormásliget: 26.4°C, Clouds, humidity: 45%
2026-07-11 07:09:23,486 - root - INFO - [424/1205] Fetching weather for Belecska...
2026-07-11 07:09:23,616 - root - INFO - Fetched weather for Belecska: 24.8°C, Clear, humidity: 38%
2026-07-11 07:09:24,718 - root - INFO - [425/1205] Fetching weather for Almár...
2026-07-11 07:09:24,886 - root - INFO - Fetched weather for Almár: 21.0°C, Clouds, humidity: 49%
2026-07-11 07:09:25,988 - root - INFO - [426/1205] Fetching weather for Vasútmúzeum...
2026-07-11 07:09:26,157 - root - INFO - Fetched weather for Vasútmúzeum: 24.3°C, Clouds, humidity: 47%
2026-07-11 07:09:27,259 - root - INFO - [427/1205] Fetching weather for Abda...
2026-07-11 07:09:27,404 - root - INFO - Fetched weather for Abda: 23.8°C, Clouds, humidity: 45%
2026-07-11 07:09:28,506 - root - INFO - [428/1205] Fetching weather for Vadaspark...
2026-07-11 07:09:28,622 - root - INFO - Fetched weather for Vadaspark: 22.7°C, Clouds, humidity: 44%
2026-07-11 07:09:29,724 - root - INFO - [429/1205] Fetching weather for Barosstelep...
2026-07-11 07:09:29,840 - root - INFO - Fetched weather for Barosstelep: 24.2°C, Clouds, humidity: 46%
2026-07-11 07:09:30,942 - root - INFO - [430/1205] Fetching weather for Fegyvernek-Örményes...
2026-07-11 07:09:31,072 - root - INFO - Fetched weather for Fegyvernek-Örményes: 22.3°C, Clouds, humidity: 47%
2026-07-11 07:09:32,174 - root - INFO - [431/1205] Fetching weather for Zagyvapálfalva...
2026-07-11 07:09:32,338 - root - INFO - Fetched weather for Zagyvapálfalva: 24.1°C, Clouds, humidity: 46%
2026-07-11 07:09:33,440 - root - INFO - [432/1205] Fetching weather for Salgótarján...
2026-07-11 07:09:33,587 - root - INFO - Fetched weather for Salgótarján: 21.6°C, Clouds, humidity: 47%
2026-07-11 07:09:34,689 - root - INFO - [433/1205] Fetching weather for Szabadisóstó...
2026-07-11 07:09:34,837 - root - INFO - Fetched weather for Szabadisóstó: 22.7°C, Clouds, humidity: 76%
2026-07-11 07:09:35,939 - root - INFO - [434/1205] Fetching weather for Siófok...
2026-07-11 07:09:36,054 - root - INFO - Fetched weather for Siófok: 22.7°C, Clouds, humidity: 76%
2026-07-11 07:09:37,157 - root - INFO - [435/1205] Fetching weather for Balatonszéplak felső...
2026-07-11 07:09:37,276 - root - INFO - Fetched weather for Balatonszéplak felső: 22.7°C, Clouds, humidity: 76%
2026-07-11 07:09:38,378 - root - INFO - [436/1205] Fetching weather for Balatonszéplak alsó...
2026-07-11 07:09:38,518 - root - INFO - Fetched weather for Balatonszéplak alsó: 22.7°C, Clouds, humidity: 76%
2026-07-11 07:09:39,620 - root - INFO - [437/1205] Fetching weather for Zamárdi felső...
2026-07-11 07:09:39,788 - root - INFO - Fetched weather for Zamárdi felső: 23.9°C, Clouds, humidity: 42%
2026-07-11 07:09:40,890 - root - INFO - [438/1205] Fetching weather for Zamárdi...
2026-07-11 07:09:41,036 - root - INFO - Fetched weather for Zamárdi: 23.8°C, Clouds, humidity: 42%
2026-07-11 07:09:42,139 - root - INFO - [439/1205] Fetching weather for Szántód...
2026-07-11 07:09:42,285 - root - INFO - Fetched weather for Szántód: 23.9°C, Clouds, humidity: 42%
2026-07-11 07:09:43,387 - root - INFO - [440/1205] Fetching weather for Szőny-Déli...
2026-07-11 07:09:43,500 - root - INFO - Fetched weather for Szőny-Déli: 23.4°C, Clouds, humidity: 42%
2026-07-11 07:09:44,603 - root - INFO - [441/1205] Fetching weather for Várpalota...
2026-07-11 07:09:44,789 - root - INFO - Fetched weather for Várpalota: 23.4°C, Clouds, humidity: 40%
2026-07-11 07:09:45,892 - root - INFO - [442/1205] Fetching weather for Pétfürdő...
2026-07-11 07:09:46,034 - root - INFO - Fetched weather for Pétfürdő: 22.6°C, Clouds, humidity: 40%
2026-07-11 07:09:47,137 - root - INFO - [443/1205] Fetching weather for Hajmáskér...
2026-07-11 07:09:47,282 - root - INFO - Fetched weather for Hajmáskér: 22.3°C, Clouds, humidity: 41%
2026-07-11 07:09:48,384 - root - INFO - [444/1205] Fetching weather for Veszprém...
2026-07-11 07:09:48,548 - root - INFO - Fetched weather for Veszprém: 23.2°C, Clouds, humidity: 43%
2026-07-11 07:09:49,650 - root - INFO - [445/1205] Fetching weather for Herend...
2026-07-11 07:09:49,813 - root - INFO - Fetched weather for Herend: 22.4°C, Clouds, humidity: 45%
2026-07-11 07:09:50,915 - root - INFO - [446/1205] Fetching weather for Városlőd...
2026-07-11 07:09:51,034 - root - INFO - Fetched weather for Városlőd: 22.7°C, Clouds, humidity: 46%
2026-07-11 07:09:52,136 - root - INFO - [447/1205] Fetching weather for Városlőd-Kislőd...
2026-07-11 07:09:52,295 - root - INFO - Fetched weather for Városlőd-Kislőd: 23.2°C, Clear, humidity: 46%
2026-07-11 07:09:53,398 - root - INFO - [448/1205] Fetching weather for Ajka...
2026-07-11 07:09:53,553 - root - INFO - Fetched weather for Ajka: 23.6°C, Clear, humidity: 47%
2026-07-11 07:09:54,656 - root - INFO - [449/1205] Fetching weather for Ajka-Gyártelep...
2026-07-11 07:09:54,837 - root - INFO - Fetched weather for Ajka-Gyártelep: 23.6°C, Clear, humidity: 47%
2026-07-11 07:09:55,940 - root - INFO - [450/1205] Fetching weather for Devecser...
2026-07-11 07:09:56,087 - root - INFO - Fetched weather for Devecser: 24.0°C, Clear, humidity: 46%
2026-07-11 07:09:57,190 - root - INFO - [451/1205] Fetching weather for Somlóvásárhely...
2026-07-11 07:09:57,356 - root - INFO - Fetched weather for Somlóvásárhely: 24.1°C, Clear, humidity: 44%
2026-07-11 07:09:58,458 - root - INFO - [452/1205] Fetching weather for Tüskevár...
2026-07-11 07:09:58,572 - root - INFO - Fetched weather for Tüskevár: 24.2°C, Clear, humidity: 43%
2026-07-11 07:09:59,674 - root - INFO - [453/1205] Fetching weather for Karakószörcsök...
2026-07-11 07:09:59,835 - root - INFO - Fetched weather for Karakószörcsök: 24.3°C, Clear, humidity: 42%
2026-07-11 07:10:00,938 - root - INFO - [454/1205] Fetching weather for Kerta...
2026-07-11 07:10:01,098 - root - INFO - Fetched weather for Kerta: 24.4°C, Clear, humidity: 41%
2026-07-11 07:10:02,200 - root - INFO - [455/1205] Fetching weather for Boba...
2026-07-11 07:10:02,354 - root - INFO - Fetched weather for Boba: 24.4°C, Clear, humidity: 41%
2026-07-11 07:10:03,456 - root - INFO - [456/1205] Fetching weather for Börgönd...
2026-07-11 07:10:03,607 - root - INFO - Fetched weather for Börgönd: 24.1°C, Clouds, humidity: 40%
2026-07-11 07:10:04,709 - root - INFO - [457/1205] Fetching weather for Belsőbáránd...
2026-07-11 07:10:04,878 - root - INFO - Fetched weather for Belsőbáránd: 24.0°C, Clouds, humidity: 39%
2026-07-11 07:10:05,980 - root - INFO - [458/1205] Fetching weather for Zichyújfalu...
2026-07-11 07:10:06,097 - root - INFO - Fetched weather for Zichyújfalu: 24.0°C, Clouds, humidity: 41%
2026-07-11 07:10:07,199 - root - INFO - [459/1205] Fetching weather for Seregélyes...
2026-07-11 07:10:07,359 - root - INFO - Fetched weather for Seregélyes: 24.2°C, Clouds, humidity: 40%
2026-07-11 07:10:08,462 - root - INFO - [460/1205] Fetching weather for Polgárdi-Ipartelepek...
2026-07-11 07:10:08,628 - root - INFO - Fetched weather for Polgárdi-Ipartelepek: 22.4°C, Clouds, humidity: 38%
2026-07-11 07:10:09,730 - root - INFO - [461/1205] Fetching weather for Polgárdi...
2026-07-11 07:10:09,876 - root - INFO - Fetched weather for Polgárdi: 22.4°C, Clouds, humidity: 38%
2026-07-11 07:10:10,978 - root - INFO - [462/1205] Fetching weather for Füle...
2026-07-11 07:10:11,136 - root - INFO - Fetched weather for Füle: 22.3°C, Clouds, humidity: 38%
2026-07-11 07:10:12,238 - root - INFO - [463/1205] Fetching weather for Zánka-Erzsébettábor...
2026-07-11 07:10:12,419 - root - INFO - Fetched weather for Zánka-Erzsébettábor: 23.8°C, Clear, humidity: 42%
2026-07-11 07:10:13,521 - root - INFO - [464/1205] Fetching weather for Csajág...
2026-07-11 07:10:13,640 - root - INFO - Fetched weather for Csajág: 22.6°C, Clouds, humidity: 76%
2026-07-11 07:10:14,742 - root - INFO - [465/1205] Fetching weather for Balatonakarattya...
2026-07-11 07:10:14,889 - root - INFO - Fetched weather for Balatonakarattya: 22.4°C, Clouds, humidity: 76%
2026-07-11 07:10:15,991 - root - INFO - [466/1205] Fetching weather for Csittényhegy...
2026-07-11 07:10:16,149 - root - INFO - Fetched weather for Csittényhegy: 22.6°C, Clouds, humidity: 76%
2026-07-11 07:10:17,252 - root - INFO - [467/1205] Fetching weather for Balatonkenese...
2026-07-11 07:10:17,409 - root - INFO - Fetched weather for Balatonkenese: 22.7°C, Clouds, humidity: 76%
2026-07-11 07:10:18,511 - root - INFO - [468/1205] Fetching weather for Balatonfűzfő...
2026-07-11 07:10:18,661 - root - INFO - Fetched weather for Balatonfűzfő: 22.8°C, Clouds, humidity: 76%
2026-07-11 07:10:19,764 - root - INFO - [469/1205] Fetching weather for Balatonalmádi...
2026-07-11 07:10:19,936 - root - INFO - Fetched weather for Balatonalmádi: 22.7°C, Clouds, humidity: 76%
2026-07-11 07:10:21,038 - root - INFO - [470/1205] Fetching weather for Káptalanfüred...
2026-07-11 07:10:21,151 - root - INFO - Fetched weather for Káptalanfüred: 22.8°C, Clouds, humidity: 76%
2026-07-11 07:10:22,253 - root - INFO - [471/1205] Fetching weather for Alsóörs...
2026-07-11 07:10:22,395 - root - INFO - Fetched weather for Alsóörs: 23.9°C, Clouds, humidity: 42%
2026-07-11 07:10:23,497 - root - INFO - [472/1205] Fetching weather for Csopak...
2026-07-11 07:10:23,662 - root - INFO - Fetched weather for Csopak: 23.7°C, Clouds, humidity: 42%
2026-07-11 07:10:24,764 - root - INFO - [473/1205] Fetching weather for Balatonarács...
2026-07-11 07:10:24,920 - root - INFO - Fetched weather for Balatonarács: 23.6°C, Clouds, humidity: 42%
2026-07-11 07:10:26,022 - root - INFO - [474/1205] Fetching weather for Balatonfüred...
2026-07-11 07:10:26,179 - root - INFO - Fetched weather for Balatonfüred: 23.7°C, Clouds, humidity: 42%
2026-07-11 07:10:27,281 - root - INFO - [475/1205] Fetching weather for Aszófő...
2026-07-11 07:10:27,441 - root - INFO - Fetched weather for Aszófő: 23.8°C, Clouds, humidity: 42%
2026-07-11 07:10:28,544 - root - INFO - [476/1205] Fetching weather for Örvényes...
2026-07-11 07:10:28,657 - root - INFO - Fetched weather for Örvényes: 23.8°C, Clouds, humidity: 42%
2026-07-11 07:10:29,760 - root - INFO - [477/1205] Fetching weather for Balatonudvari...
2026-07-11 07:10:29,903 - root - INFO - Fetched weather for Balatonudvari: 23.9°C, Clear, humidity: 42%
2026-07-11 07:10:31,005 - root - INFO - [478/1205] Fetching weather for Fövenyes...
2026-07-11 07:10:31,179 - root - INFO - Fetched weather for Fövenyes: 23.9°C, Clear, humidity: 42%
2026-07-11 07:10:32,281 - root - INFO - [479/1205] Fetching weather for Balatonakali-Dörgicse...
2026-07-11 07:10:32,438 - root - INFO - Fetched weather for Balatonakali-Dörgicse: 23.9°C, Clear, humidity: 42%
2026-07-11 07:10:33,540 - root - INFO - [480/1205] Fetching weather for Zánka-Köveskál...
2026-07-11 07:10:33,701 - root - INFO - Fetched weather for Zánka-Köveskál: 23.9°C, Clear, humidity: 42%
2026-07-11 07:10:34,804 - root - INFO - [481/1205] Fetching weather for Balatonszepezd...
2026-07-11 07:10:34,966 - root - INFO - Fetched weather for Balatonszepezd: 23.9°C, Clear, humidity: 42%
2026-07-11 07:10:36,068 - root - INFO - [482/1205] Fetching weather for Szepezdfürdő...
2026-07-11 07:10:36,201 - root - INFO - Fetched weather for Szepezdfürdő: 23.8°C, Clear, humidity: 47%
2026-07-11 07:10:37,303 - root - INFO - [483/1205] Fetching weather for Révfülöp...
2026-07-11 07:10:37,448 - root - INFO - Fetched weather for Révfülöp: 23.8°C, Clear, humidity: 47%
2026-07-11 07:10:38,551 - root - INFO - [484/1205] Fetching weather for Balatonrendes...
2026-07-11 07:10:38,722 - root - INFO - Fetched weather for Balatonrendes: 23.8°C, Clear, humidity: 47%
2026-07-11 07:10:39,824 - root - INFO - [485/1205] Fetching weather for Ábrahámhegy...
2026-07-11 07:10:39,984 - root - INFO - Fetched weather for Ábrahámhegy: 23.8°C, Clear, humidity: 47%
2026-07-11 07:10:41,086 - root - INFO - [486/1205] Fetching weather for Badacsonyörs...
2026-07-11 07:10:41,248 - root - INFO - Fetched weather for Badacsonyörs: 24.3°C, Clear, humidity: 47%
2026-07-11 07:10:42,350 - root - INFO - [487/1205] Fetching weather for Kisújszállás...
2026-07-11 07:10:42,517 - root - INFO - Fetched weather for Kisújszállás: 22.2°C, Clouds, humidity: 46%
2026-07-11 07:10:43,619 - root - INFO - [488/1205] Fetching weather for Karcag...
2026-07-11 07:10:43,732 - root - INFO - Fetched weather for Karcag: 21.9°C, Clouds, humidity: 47%
2026-07-11 07:10:44,834 - root - INFO - [489/1205] Fetching weather for Püspökladány...
2026-07-11 07:10:44,978 - root - INFO - Fetched weather for Püspökladány: 21.6°C, Clouds, humidity: 47%
2026-07-11 07:10:46,080 - root - INFO - [490/1205] Fetching weather for Kaba...
2026-07-11 07:10:46,249 - root - INFO - Fetched weather for Kaba: 21.1°C, Clouds, humidity: 48%
2026-07-11 07:10:47,351 - root - INFO - [491/1205] Fetching weather for Hajdúszoboszló...
2026-07-11 07:10:47,505 - root - INFO - Fetched weather for Hajdúszoboszló: 20.8°C, Clouds, humidity: 48%
2026-07-11 07:10:48,608 - root - INFO - [492/1205] Fetching weather for Ebes...
2026-07-11 07:10:48,769 - root - INFO - Fetched weather for Ebes: 20.6°C, Clouds, humidity: 47%
2026-07-11 07:10:49,871 - root - INFO - [493/1205] Fetching weather for Debrecen...
2026-07-11 07:10:49,991 - root - INFO - Fetched weather for Debrecen: 20.3°C, Clouds, humidity: 47%
2026-07-11 07:10:51,093 - root - INFO - [494/1205] Fetching weather for Debrecen-Csapókert...
2026-07-11 07:10:51,257 - root - INFO - Fetched weather for Debrecen-Csapókert: 20.1°C, Clouds, humidity: 47%
2026-07-11 07:10:52,360 - root - INFO - [495/1205] Fetching weather for Apafa...
2026-07-11 07:10:52,542 - root - INFO - Fetched weather for Apafa: 20.0°C, Clouds, humidity: 47%
2026-07-11 07:10:53,644 - root - INFO - [496/1205] Fetching weather for Bocskaikert...
2026-07-11 07:10:53,782 - root - INFO - Fetched weather for Bocskaikert: 19.6°C, Clouds, humidity: 47%
2026-07-11 07:10:54,884 - root - INFO - [497/1205] Fetching weather for Hajdúhadház...
2026-07-11 07:10:55,036 - root - INFO - Fetched weather for Hajdúhadház: 19.5°C, Clouds, humidity: 48%
2026-07-11 07:10:56,139 - root - INFO - [498/1205] Fetching weather for Téglás...
2026-07-11 07:10:56,303 - root - INFO - Fetched weather for Téglás: 19.5°C, Clouds, humidity: 48%
2026-07-11 07:10:57,405 - root - INFO - [499/1205] Fetching weather for Újfehértó...
2026-07-11 07:10:57,522 - root - INFO - Fetched weather for Újfehértó: 19.2°C, Clouds, humidity: 50%
2026-07-11 07:10:58,624 - root - INFO - [500/1205] Fetching weather for Nyíregyháza...
2026-07-11 07:10:58,778 - root - INFO - Fetched weather for Nyíregyháza: 18.8°C, Clouds, humidity: 52%
2026-07-11 07:10:59,880 - root - INFO - [501/1205] Fetching weather for Sóstó...
2026-07-11 07:11:00,040 - root - INFO - Fetched weather for Sóstó: 19.8°C, Clouds, humidity: 53%
2026-07-11 07:11:01,143 - root - INFO - [502/1205] Fetching weather for Sóstóhegy...
2026-07-11 07:11:01,308 - root - INFO - Fetched weather for Sóstóhegy: 19.8°C, Clouds, humidity: 53%
2026-07-11 07:11:02,411 - root - INFO - [503/1205] Fetching weather for Kemecse...
2026-07-11 07:11:02,565 - root - INFO - Fetched weather for Kemecse: 18.6°C, Clouds, humidity: 54%
2026-07-11 07:11:03,667 - root - INFO - [504/1205] Fetching weather for Nyírbogdány...
2026-07-11 07:11:03,828 - root - INFO - Fetched weather for Nyírbogdány: 18.5°C, Clouds, humidity: 55%
2026-07-11 07:11:04,930 - root - INFO - [505/1205] Fetching weather for Kék...
2026-07-11 07:11:05,099 - root - INFO - Fetched weather for Kék: 18.5°C, Clouds, humidity: 55%
2026-07-11 07:11:06,201 - root - INFO - [506/1205] Fetching weather for Demecser...
2026-07-11 07:11:06,316 - root - INFO - Fetched weather for Demecser: 18.5°C, Clouds, humidity: 55%
2026-07-11 07:11:07,418 - root - INFO - [507/1205] Fetching weather for Gégény...
2026-07-11 07:11:07,563 - root - INFO - Fetched weather for Gégény: 18.4°C, Clouds, humidity: 56%
2026-07-11 07:11:08,666 - root - INFO - [508/1205] Fetching weather for Pátroha...
2026-07-11 07:11:08,797 - root - INFO - Fetched weather for Pátroha: 18.4°C, Clouds, humidity: 57%
2026-07-11 07:11:09,900 - root - INFO - [509/1205] Fetching weather for Ajak...
2026-07-11 07:11:10,062 - root - INFO - Fetched weather for Ajak: 18.3°C, Clouds, humidity: 58%
2026-07-11 07:11:11,164 - root - INFO - [510/1205] Fetching weather for Kisvárda...
2026-07-11 07:11:11,335 - root - INFO - Fetched weather for Kisvárda: 18.3°C, Clouds, humidity: 58%
2026-07-11 07:11:12,437 - root - INFO - [511/1205] Fetching weather for Kisvárda-Hármasút...
2026-07-11 07:11:12,551 - root - INFO - Fetched weather for Kisvárda-Hármasút: 18.3°C, Clouds, humidity: 58%
2026-07-11 07:11:13,654 - root - INFO - [512/1205] Fetching weather for Fényeslitke...
2026-07-11 07:11:13,797 - root - INFO - Fetched weather for Fényeslitke: 18.2°C, Clouds, humidity: 60%
2026-07-11 07:11:14,900 - root - INFO - [513/1205] Fetching weather for Komoró...
2026-07-11 07:11:15,076 - root - INFO - Fetched weather for Komoró: 18.2°C, Clouds, humidity: 60%
2026-07-11 07:11:16,178 - root - INFO - [514/1205] Fetching weather for Tuzsér...
2026-07-11 07:11:16,327 - root - INFO - Fetched weather for Tuzsér: 18.0°C, Clouds, humidity: 62%
2026-07-11 07:11:17,428 - root - INFO - [515/1205] Fetching weather for Tiszabezdéd...
2026-07-11 07:11:17,573 - root - INFO - Fetched weather for Tiszabezdéd: 18.1°C, Clouds, humidity: 63%
2026-07-11 07:11:18,675 - root - INFO - [516/1205] Fetching weather for Záhony...
2026-07-11 07:11:18,838 - root - INFO - Fetched weather for Záhony: 18.0°C, Clouds, humidity: 64%
2026-07-11 07:11:19,941 - root - INFO - [517/1205] Fetching weather for Karcag-Vásártér...
2026-07-11 07:11:20,057 - root - INFO - Fetched weather for Karcag-Vásártér: 21.9°C, Clouds, humidity: 47%
2026-07-11 07:11:21,159 - root - INFO - [518/1205] Fetching weather for Berekfürdő...
2026-07-11 07:11:21,331 - root - INFO - Fetched weather for Berekfürdő: 21.8°C, Clouds, humidity: 48%
2026-07-11 07:11:22,433 - root - INFO - [519/1205] Fetching weather for Kunmadaras...
2026-07-11 07:11:22,579 - root - INFO - Fetched weather for Kunmadaras: 21.7°C, Clouds, humidity: 49%
2026-07-11 07:11:23,681 - root - INFO - [520/1205] Fetching weather for Tiszaszentimre...
2026-07-11 07:11:23,842 - root - INFO - Fetched weather for Tiszaszentimre: 21.7°C, Clouds, humidity: 50%
2026-07-11 07:11:24,944 - root - INFO - [521/1205] Fetching weather for Tiszaszőlős...
2026-07-11 07:11:25,096 - root - INFO - Fetched weather for Tiszaszőlős: 21.6°C, Clouds, humidity: 50%
2026-07-11 07:11:26,197 - root - INFO - [522/1205] Fetching weather for Hosszúhát...
2026-07-11 07:11:26,363 - root - INFO - Fetched weather for Hosszúhát: 21.8°C, Clouds, humidity: 46%
2026-07-11 07:11:27,466 - root - INFO - [523/1205] Fetching weather for Szerep...
2026-07-11 07:11:27,583 - root - INFO - Fetched weather for Szerep: 21.8°C, Clouds, humidity: 46%
2026-07-11 07:11:28,685 - root - INFO - [524/1205] Fetching weather for Sárrétudvari...
2026-07-11 07:11:28,820 - root - INFO - Fetched weather for Sárrétudvari: 21.6°C, Clouds, humidity: 47%
2026-07-11 07:11:29,922 - root - INFO - [525/1205] Fetching weather for Biharnagybajom...
2026-07-11 07:11:30,073 - root - INFO - Fetched weather for Biharnagybajom: 21.5°C, Clouds, humidity: 47%
2026-07-11 07:11:31,175 - root - INFO - [526/1205] Fetching weather for Füzesgyarmat...
2026-07-11 07:11:31,325 - root - INFO - Fetched weather for Füzesgyarmat: 22.0°C, Clouds, humidity: 45%
2026-07-11 07:11:32,427 - root - INFO - [527/1205] Fetching weather for Füzesgyarmatfürdő...
2026-07-11 07:11:32,561 - root - INFO - Fetched weather for Füzesgyarmatfürdő: 22.0°C, Clouds, humidity: 45%
2026-07-11 07:11:33,663 - root - INFO - [528/1205] Fetching weather for Báránd...
2026-07-11 07:11:33,823 - root - INFO - Fetched weather for Báránd: 21.3°C, Clouds, humidity: 48%
2026-07-11 07:11:34,926 - root - INFO - [529/1205] Fetching weather for Sáp...
2026-07-11 07:11:35,042 - root - INFO - Fetched weather for Sáp: 21.1°C, Clouds, humidity: 49%
2026-07-11 07:11:36,144 - root - INFO - [530/1205] Fetching weather for Berettyóújfalu...
2026-07-11 07:11:36,284 - root - INFO - Fetched weather for Berettyóújfalu: 20.7°C, Clouds, humidity: 51%
2026-07-11 07:11:37,386 - root - INFO - [531/1205] Fetching weather for Mezőpeterd...
2026-07-11 07:11:37,538 - root - INFO - Fetched weather for Mezőpeterd: 20.7°C, Clouds, humidity: 50%
2026-07-11 07:11:38,640 - root - INFO - [532/1205] Fetching weather for Biharkeresztes...
2026-07-11 07:11:38,801 - root - INFO - Fetched weather for Biharkeresztes: 20.9°C, Clouds, humidity: 46%
2026-07-11 07:11:39,903 - root - INFO - [533/1205] Fetching weather for Tócóvölgy...
2026-07-11 07:11:40,066 - root - INFO - Fetched weather for Tócóvölgy: 20.4°C, Clouds, humidity: 46%
2026-07-11 07:11:41,168 - root - INFO - [534/1205] Fetching weather for Sáregres...
2026-07-11 07:11:41,330 - root - INFO - Fetched weather for Sáregres: 24.6°C, Clear, humidity: 39%
2026-07-11 07:11:42,432 - root - INFO - [535/1205] Fetching weather for Simontornya...
2026-07-11 07:11:42,555 - root - INFO - Fetched weather for Simontornya: 24.5°C, Clear, humidity: 39%
2026-07-11 07:11:43,657 - root - INFO - [536/1205] Fetching weather for Tolnanémedi...
2026-07-11 07:11:43,799 - root - INFO - Fetched weather for Tolnanémedi: 24.7°C, Clear, humidity: 39%
2026-07-11 07:11:44,901 - root - INFO - [537/1205] Fetching weather for Pincehely...
2026-07-11 07:11:45,054 - root - INFO - Fetched weather for Pincehely: 24.6°C, Clear, humidity: 38%
2026-07-11 07:11:46,156 - root - INFO - [538/1205] Fetching weather for Keszőhidegkút-Gyönk...
2026-07-11 07:11:46,320 - root - INFO - Fetched weather for Keszőhidegkút-Gyönk: 24.8°C, Clear, humidity: 37%
2026-07-11 07:11:47,422 - root - INFO - [539/1205] Fetching weather for Szárazd...
2026-07-11 07:11:47,554 - root - INFO - Fetched weather for Szárazd: 24.9°C, Clear, humidity: 37%
2026-07-11 07:11:48,656 - root - INFO - [540/1205] Fetching weather for Regöly...
2026-07-11 07:11:48,811 - root - INFO - Fetched weather for Regöly: 24.9°C, Clear, humidity: 37%
2026-07-11 07:11:49,913 - root - INFO - [541/1205] Fetching weather for Szakály-Hőgyész...
2026-07-11 07:11:50,033 - root - INFO - Fetched weather for Szakály-Hőgyész: 24.8°C, Clear, humidity: 37%
2026-07-11 07:11:51,135 - root - INFO - [542/1205] Fetching weather for Dúzs...
2026-07-11 07:11:51,289 - root - INFO - Fetched weather for Dúzs: 24.9°C, Clear, humidity: 37%
2026-07-11 07:11:52,392 - root - INFO - [543/1205] Fetching weather for Csibrák...
2026-07-11 07:11:52,539 - root - INFO - Fetched weather for Csibrák: 25.0°C, Clear, humidity: 38%
2026-07-11 07:11:53,641 - root - INFO - [544/1205] Fetching weather for Kurd...
2026-07-11 07:11:53,814 - root - INFO - Fetched weather for Kurd: 24.6°C, Clear, humidity: 39%
2026-07-11 07:11:54,916 - root - INFO - [545/1205] Fetching weather for Döbrököz...
2026-07-11 07:11:55,051 - root - INFO - Fetched weather for Döbrököz: 24.9°C, Clear, humidity: 40%
2026-07-11 07:11:56,153 - root - INFO - [546/1205] Fetching weather for Dombóvár...
2026-07-11 07:11:56,303 - root - INFO - Fetched weather for Dombóvár: 24.8°C, Clear, humidity: 45%
2026-07-11 07:11:57,405 - root - INFO - [547/1205] Fetching weather for Dombóvár alsó...
2026-07-11 07:11:57,552 - root - INFO - Fetched weather for Dombóvár alsó: 24.8°C, Clear, humidity: 45%
2026-07-11 07:11:58,654 - root - INFO - [548/1205] Fetching weather for Somoskőújfalu...
2026-07-11 07:11:58,767 - root - INFO - Fetched weather for Somoskőújfalu: 21.1°C, Clouds, humidity: 47%
2026-07-11 07:11:59,869 - root - INFO - [549/1205] Fetching weather for Jászfényszaru...
2026-07-11 07:12:00,013 - root - INFO - Fetched weather for Jászfényszaru: 23.2°C, Clouds, humidity: 43%
2026-07-11 07:12:01,115 - root - INFO - [550/1205] Fetching weather for Pusztamonostor...
2026-07-11 07:12:01,275 - root - INFO - Fetched weather for Pusztamonostor: 22.2°C, Clouds, humidity: 43%
2026-07-11 07:12:02,377 - root - INFO - [551/1205] Fetching weather for Jászberény...
2026-07-11 07:12:02,518 - root - INFO - Fetched weather for Jászberény: 22.3°C, Clouds, humidity: 45%
2026-07-11 07:12:03,620 - root - INFO - [552/1205] Fetching weather for Meggyespele...
2026-07-11 07:12:03,753 - root - INFO - Fetched weather for Meggyespele: 22.3°C, Clouds, humidity: 53%
2026-07-11 07:12:04,856 - root - INFO - [553/1205] Fetching weather for Portelek...
2026-07-11 07:12:05,003 - root - INFO - Fetched weather for Portelek: 22.3°C, Clouds, humidity: 53%
2026-07-11 07:12:06,105 - root - INFO - [554/1205] Fetching weather for Jászboldogháza-Jánoshida...
2026-07-11 07:12:06,216 - root - INFO - Fetched weather for Jászboldogháza-Jánoshida: 22.3°C, Clouds, humidity: 53%
2026-07-11 07:12:07,318 - root - INFO - [555/1205] Fetching weather for Jászárokszállás...
2026-07-11 07:12:07,482 - root - INFO - Fetched weather for Jászárokszállás: 25.0°C, Clouds, humidity: 43%
2026-07-11 07:12:08,585 - root - INFO - [556/1205] Fetching weather for Jászdózsa...
2026-07-11 07:12:08,744 - root - INFO - Fetched weather for Jászdózsa: 23.0°C, Clouds, humidity: 44%
2026-07-11 07:12:09,847 - root - INFO - [557/1205] Fetching weather for Jászapáti...
2026-07-11 07:12:09,982 - root - INFO - Fetched weather for Jászapáti: 22.8°C, Clouds, humidity: 46%
2026-07-11 07:12:11,084 - root - INFO - [558/1205] Fetching weather for Jászkisér...
2026-07-11 07:12:11,217 - root - INFO - Fetched weather for Jászkisér: 22.7°C, Clouds, humidity: 47%
2026-07-11 07:12:12,319 - root - INFO - [559/1205] Fetching weather for Jászladány...
2026-07-11 07:12:12,466 - root - INFO - Fetched weather for Jászladány: 22.3°C, Clouds, humidity: 47%
2026-07-11 07:12:13,569 - root - INFO - [560/1205] Fetching weather for Szászberek...
2026-07-11 07:12:13,681 - root - INFO - Fetched weather for Szászberek: 22.3°C, Clouds, humidity: 53%
2026-07-11 07:12:14,783 - root - INFO - [561/1205] Fetching weather for Gyöngyöshalász...
2026-07-11 07:12:14,928 - root - INFO - Fetched weather for Gyöngyöshalász: 24.8°C, Clouds, humidity: 37%
2026-07-11 07:12:16,030 - root - INFO - [562/1205] Fetching weather for Gyöngyös...
2026-07-11 07:12:16,192 - root - INFO - Fetched weather for Gyöngyös: 24.5°C, Clouds, humidity: 37%
2026-07-11 07:12:17,294 - root - INFO - [563/1205] Fetching weather for Erdőtelek...
2026-07-11 07:12:17,432 - root - INFO - Fetched weather for Erdőtelek: 22.3°C, Clouds, humidity: 45%
2026-07-11 07:12:18,534 - root - INFO - [564/1205] Fetching weather for Heves...
2026-07-11 07:12:18,674 - root - INFO - Fetched weather for Heves: 22.4°C, Clouds, humidity: 46%
2026-07-11 07:12:19,777 - root - INFO - [565/1205] Fetching weather for Hevesvezekény...
2026-07-11 07:12:19,924 - root - INFO - Fetched weather for Hevesvezekény: 22.3°C, Clouds, humidity: 47%
2026-07-11 07:12:21,026 - root - INFO - [566/1205] Fetching weather for Tarnaszentmiklós...
2026-07-11 07:12:21,150 - root - INFO - Fetched weather for Tarnaszentmiklós: 22.3°C, Clouds, humidity: 48%
2026-07-11 07:12:22,252 - root - INFO - [567/1205] Fetching weather for Kisköre...
2026-07-11 07:12:22,403 - root - INFO - Fetched weather for Kisköre: 22.1°C, Clouds, humidity: 50%
2026-07-11 07:12:23,505 - root - INFO - [568/1205] Fetching weather for Abádszalók...
2026-07-11 07:12:23,649 - root - INFO - Fetched weather for Abádszalók: 22.0°C, Clouds, humidity: 51%
2026-07-11 07:12:24,751 - root - INFO - [569/1205] Fetching weather for Kunhegyes...
2026-07-11 07:12:24,888 - root - INFO - Fetched weather for Kunhegyes: 21.9°C, Clouds, humidity: 50%
2026-07-11 07:12:25,991 - root - INFO - [570/1205] Fetching weather for Kenderes...
2026-07-11 07:12:26,119 - root - INFO - Fetched weather for Kenderes: 22.2°C, Clouds, humidity: 48%
2026-07-11 07:12:27,221 - root - INFO - [571/1205] Fetching weather for Maklár...
2026-07-11 07:12:27,372 - root - INFO - Fetched weather for Maklár: 20.7°C, Clouds, humidity: 46%
2026-07-11 07:12:28,474 - root - INFO - [572/1205] Fetching weather for Andornaktálya...
2026-07-11 07:12:28,599 - root - INFO - Fetched weather for Andornaktálya: 20.7°C, Clouds, humidity: 47%
2026-07-11 07:12:29,702 - root - INFO - [573/1205] Fetching weather for Eger...
2026-07-11 07:12:29,847 - root - INFO - Fetched weather for Eger: 20.8°C, Clouds, humidity: 47%
2026-07-11 07:12:30,949 - root - INFO - [574/1205] Fetching weather for Egervár...
2026-07-11 07:12:31,097 - root - INFO - Fetched weather for Egervár: 20.7°C, Clouds, humidity: 63%
2026-07-11 07:12:32,199 - root - INFO - [575/1205] Fetching weather for Eger-Felnémet...
2026-07-11 07:12:32,338 - root - INFO - Fetched weather for Eger-Felnémet: 20.9°C, Clouds, humidity: 63%
2026-07-11 07:12:33,441 - root - INFO - [576/1205] Fetching weather for Szarvaskő...
2026-07-11 07:12:33,579 - root - INFO - Fetched weather for Szarvaskő: 20.8°C, Clouds, humidity: 47%
2026-07-11 07:12:34,681 - root - INFO - [577/1205] Fetching weather for Mónosbél...
2026-07-11 07:12:34,828 - root - INFO - Fetched weather for Mónosbél: 20.8°C, Clouds, humidity: 47%
2026-07-11 07:12:35,931 - root - INFO - [578/1205] Fetching weather for Bélapátfalva...
2026-07-11 07:12:36,066 - root - INFO - Fetched weather for Bélapátfalva: 20.1°C, Clouds, humidity: 49%
2026-07-11 07:12:37,169 - root - INFO - [579/1205] Fetching weather for Bélapátfalvi Cementgyár...
2026-07-11 07:12:37,312 - root - INFO - Fetched weather for Bélapátfalvi Cementgyár: 19.9°C, Clouds, humidity: 51%
2026-07-11 07:12:38,415 - root - INFO - [580/1205] Fetching weather for Szilvásvárad...
2026-07-11 07:12:38,561 - root - INFO - Fetched weather for Szilvásvárad: 19.5°C, Clouds, humidity: 55%
2026-07-11 07:12:39,664 - root - INFO - [581/1205] Fetching weather for Hejőkeresztúr...
2026-07-11 07:12:39,802 - root - INFO - Fetched weather for Hejőkeresztúr: 22.0°C, Clouds, humidity: 57%
2026-07-11 07:12:40,904 - root - INFO - [582/1205] Fetching weather for Tiszaújváros...
2026-07-11 07:12:41,052 - root - INFO - Fetched weather for Tiszaújváros: 22.0°C, Clear, humidity: 51%
2026-07-11 07:12:42,155 - root - INFO - [583/1205] Fetching weather for Miskolc-Gömöri...
2026-07-11 07:12:42,306 - root - INFO - Fetched weather for Miskolc-Gömöri: 21.5°C, Clouds, humidity: 84%
2026-07-11 07:12:43,409 - root - INFO - [584/1205] Fetching weather for Sajókeresztúr...
2026-07-11 07:12:43,573 - root - INFO - Fetched weather for Sajókeresztúr: 21.3°C, Clouds, humidity: 100%
2026-07-11 07:12:44,675 - root - INFO - [585/1205] Fetching weather for Sajóecseg...
2026-07-11 07:12:44,822 - root - INFO - Fetched weather for Sajóecseg: 21.4°C, Clouds, humidity: 100%
2026-07-11 07:12:45,925 - root - INFO - [586/1205] Fetching weather for Sajószentpéter...
2026-07-11 07:12:46,070 - root - INFO - Fetched weather for Sajószentpéter: 21.1°C, Clouds, humidity: 100%
2026-07-11 07:12:47,172 - root - INFO - [587/1205] Fetching weather for Kazincbarcika...
2026-07-11 07:12:47,317 - root - INFO - Fetched weather for Kazincbarcika: 22.4°C, Clouds, humidity: 54%
2026-07-11 07:12:48,419 - root - INFO - [588/1205] Fetching weather for Sajókaza...
2026-07-11 07:12:48,559 - root - INFO - Fetched weather for Sajókaza: 23.6°C, Clouds, humidity: 54%
2026-07-11 07:12:49,661 - root - INFO - [589/1205] Fetching weather for Vadna...
2026-07-11 07:12:49,808 - root - INFO - Fetched weather for Vadna: 23.6°C, Clouds, humidity: 54%
2026-07-11 07:12:50,911 - root - INFO - [590/1205] Fetching weather for Dubicsány...
2026-07-11 07:12:51,051 - root - INFO - Fetched weather for Dubicsány: 23.4°C, Clouds, humidity: 48%
2026-07-11 07:12:52,153 - root - INFO - [591/1205] Fetching weather for Raposka...
2026-07-11 07:12:52,301 - root - INFO - Fetched weather for Raposka: 24.5°C, Clear, humidity: 47%
2026-07-11 07:12:53,404 - root - INFO - [592/1205] Fetching weather for Ivacs...
2026-07-11 07:12:53,553 - root - INFO - Fetched weather for Ivacs: 24.0°C, Clouds, humidity: 49%
2026-07-11 07:12:54,656 - root - INFO - [593/1205] Fetching weather for Kisköre-Tiszahíd...
2026-07-11 07:12:54,793 - root - INFO - Fetched weather for Kisköre-Tiszahíd: 22.1°C, Clouds, humidity: 50%
2026-07-11 07:12:55,895 - root - INFO - [594/1205] Fetching weather for Rozsály...
2026-07-11 07:12:56,046 - root - INFO - Fetched weather for Rozsály: 19.1°C, Clouds, humidity: 62%
2026-07-11 07:12:57,148 - root - INFO - [595/1205] Fetching weather for Pusztakettős...
2026-07-11 07:12:57,304 - root - INFO - Fetched weather for Pusztakettős: 21.7°C, Clouds, humidity: 50%
2026-07-11 07:12:58,407 - root - INFO - [596/1205] Fetching weather for Kisvác...
2026-07-11 07:12:58,554 - root - INFO - Fetched weather for Kisvác: 24.4°C, Clouds, humidity: 45%
2026-07-11 07:12:59,656 - root - INFO - [597/1205] Fetching weather for Tiszafüred-Gyártelep...
2026-07-11 07:12:59,802 - root - INFO - Fetched weather for Tiszafüred-Gyártelep: 21.5°C, Clouds, humidity: 50%
2026-07-11 07:13:00,904 - root - INFO - [598/1205] Fetching weather for Újkenéz...
2026-07-11 07:13:01,049 - root - INFO - Fetched weather for Újkenéz: 18.3°C, Clouds, humidity: 60%
2026-07-11 07:13:02,151 - root - INFO - [599/1205] Fetching weather for Püspökladány-Vásártér...
2026-07-11 07:13:02,287 - root - INFO - Fetched weather for Püspökladány-Vásártér: 21.6°C, Clouds, humidity: 47%
2026-07-11 07:13:03,389 - root - INFO - [600/1205] Fetching weather for Végegyháza alsó...
2026-07-11 07:13:03,536 - root - INFO - Fetched weather for Végegyháza alsó: 24.5°C, Clouds, humidity: 46%
2026-07-11 07:13:04,638 - root - INFO - [601/1205] Fetching weather for Orosháza felső...
2026-07-11 07:13:04,801 - root - INFO - Fetched weather for Orosháza felső: 26.6°C, Clouds, humidity: 44%
2026-07-11 07:13:05,903 - root - INFO - [602/1205] Fetching weather for Ambrózfalva...
2026-07-11 07:13:06,064 - root - INFO - Fetched weather for Ambrózfalva: 23.1°C, Clouds, humidity: 45%
2026-07-11 07:13:07,166 - root - INFO - [603/1205] Fetching weather for Alsónyék...
2026-07-11 07:13:07,320 - root - INFO - Fetched weather for Alsónyék: 26.4°C, Clear, humidity: 39%
2026-07-11 07:13:08,423 - root - INFO - [604/1205] Fetching weather for Tompapuszta...
2026-07-11 07:13:08,574 - root - INFO - Fetched weather for Tompapuszta: 24.5°C, Clouds, humidity: 100%
2026-07-11 07:13:09,676 - root - INFO - [605/1205] Fetching weather for Halászlak...
2026-07-11 07:13:09,824 - root - INFO - Fetched weather for Halászlak: 26.7°C, Clouds, humidity: 42%
2026-07-11 07:13:10,927 - root - INFO - [606/1205] Fetching weather for Sirató...
2026-07-11 07:13:11,075 - root - INFO - Fetched weather for Sirató: 26.7°C, Clouds, humidity: 42%
2026-07-11 07:13:12,177 - root - INFO - [607/1205] Fetching weather for Csabacsűd felső...
2026-07-11 07:13:12,321 - root - INFO - Fetched weather for Csabacsűd felső: 26.7°C, Clouds, humidity: 42%
2026-07-11 07:13:13,423 - root - INFO - [608/1205] Fetching weather for Orosháza-Üveggyár...
2026-07-11 07:13:13,568 - root - INFO - Fetched weather for Orosháza-Üveggyár: 26.6°C, Clouds, humidity: 44%
2026-07-11 07:13:14,671 - root - INFO - [609/1205] Fetching weather for Gyulai városerdő...
2026-07-11 07:13:14,831 - root - INFO - Fetched weather for Gyulai városerdő: 25.0°C, Clouds, humidity: 38%
2026-07-11 07:13:15,933 - root - INFO - [610/1205] Fetching weather for Kórógyszentgyörgy...
2026-07-11 07:13:16,087 - root - INFO - Fetched weather for Kórógyszentgyörgy: 26.1°C, Clouds, humidity: 32%
2026-07-11 07:13:17,189 - root - INFO - [611/1205] Fetching weather for Kunszállás...
2026-07-11 07:13:17,339 - root - INFO - Fetched weather for Kunszállás: 26.1°C, Clouds, humidity: 36%
2026-07-11 07:13:18,441 - root - INFO - [612/1205] Fetching weather for Selymes...
2026-07-11 07:13:18,588 - root - INFO - Fetched weather for Selymes: 26.1°C, Clouds, humidity: 36%
2026-07-11 07:13:19,690 - root - INFO - [613/1205] Fetching weather for Petőfiszállási tanyák...
2026-07-11 07:13:19,834 - root - INFO - Fetched weather for Petőfiszállási tanyák: 26.1°C, Clouds, humidity: 36%
2026-07-11 07:13:20,937 - root - INFO - [614/1205] Fetching weather for Kisteleki szőlők...
2026-07-11 07:13:21,079 - root - INFO - Fetched weather for Kisteleki szőlők: 23.9°C, Clouds, humidity: 37%
2026-07-11 07:13:22,182 - root - INFO - [615/1205] Fetching weather for Kapitányság...
2026-07-11 07:13:22,343 - root - INFO - Fetched weather for Kapitányság: 23.9°C, Clouds, humidity: 35%
2026-07-11 07:13:23,445 - root - INFO - [616/1205] Fetching weather for Őszeszék...
2026-07-11 07:13:23,617 - root - INFO - Fetched weather for Őszeszék: 23.9°C, Clouds, humidity: 35%
2026-07-11 07:13:24,718 - root - INFO - [617/1205] Fetching weather for Vilmaszállás...
2026-07-11 07:13:24,873 - root - INFO - Fetched weather for Vilmaszállás: 23.9°C, Clouds, humidity: 35%
2026-07-11 07:13:25,976 - root - INFO - [618/1205] Fetching weather for Jánosszállás...
2026-07-11 07:13:26,122 - root - INFO - Fetched weather for Jánosszállás: 23.9°C, Clouds, humidity: 35%
2026-07-11 07:13:27,225 - root - INFO - [619/1205] Fetching weather for Felsőpakony...
2026-07-11 07:13:27,373 - root - INFO - Fetched weather for Felsőpakony: 24.4°C, Clouds, humidity: 42%
2026-07-11 07:13:28,475 - root - INFO - [620/1205] Fetching weather for Felsőméntelek...
2026-07-11 07:13:28,622 - root - INFO - Fetched weather for Felsőméntelek: 22.1°C, Clouds, humidity: 60%
2026-07-11 07:13:29,725 - root - INFO - [621/1205] Fetching weather for Alsóméntelek...
2026-07-11 07:13:29,885 - root - INFO - Fetched weather for Alsóméntelek: 22.2°C, Clouds, humidity: 60%
2026-07-11 07:13:30,987 - root - INFO - [622/1205] Fetching weather for Nagynyír...
2026-07-11 07:13:31,147 - root - INFO - Fetched weather for Nagynyír: 22.2°C, Clouds, humidity: 60%
2026-07-11 07:13:32,249 - root - INFO - [623/1205] Fetching weather for Úrihegy...
2026-07-11 07:13:32,401 - root - INFO - Fetched weather for Úrihegy: 22.2°C, Clouds, humidity: 60%
2026-07-11 07:13:33,503 - root - INFO - [624/1205] Fetching weather for Miklóstelep...
2026-07-11 07:13:33,648 - root - INFO - Fetched weather for Miklóstelep: 22.2°C, Clouds, humidity: 60%
2026-07-11 07:13:34,750 - root - INFO - [625/1205] Fetching weather for Tiszajenő alsó...
2026-07-11 07:13:34,896 - root - INFO - Fetched weather for Tiszajenő alsó: 22.8°C, Clouds, humidity: 55%
2026-07-11 07:13:35,998 - root - INFO - [626/1205] Fetching weather for Óbög...
2026-07-11 07:13:36,144 - root - INFO - Fetched weather for Óbög: 22.8°C, Clouds, humidity: 55%
2026-07-11 07:13:37,246 - root - INFO - [627/1205] Fetching weather for Árpádszállás...
2026-07-11 07:13:37,388 - root - INFO - Fetched weather for Árpádszállás: 22.4°C, Clouds, humidity: 44%
2026-07-11 07:13:38,490 - root - INFO - [628/1205] Fetching weather for Tőserdő...
2026-07-11 07:13:38,661 - root - INFO - Fetched weather for Tőserdő: 22.4°C, Clouds, humidity: 44%
2026-07-11 07:13:39,763 - root - INFO - [629/1205] Fetching weather for Tiszaalpár felső...
2026-07-11 07:13:39,913 - root - INFO - Fetched weather for Tiszaalpár felső: 26.1°C, Clouds, humidity: 36%
2026-07-11 07:13:41,016 - root - INFO - [630/1205] Fetching weather for Borsihalom...
2026-07-11 07:13:41,167 - root - INFO - Fetched weather for Borsihalom: 26.1°C, Clouds, humidity: 36%
2026-07-11 07:13:42,269 - root - INFO - [631/1205] Fetching weather for Petőfiváros...
2026-07-11 07:13:42,417 - root - INFO - Fetched weather for Petőfiváros: 26.1°C, Clouds, humidity: 36%
2026-07-11 07:13:43,520 - root - INFO - [632/1205] Fetching weather for Csorna...
2026-07-11 07:13:43,695 - root - INFO - Fetched weather for Csorna: 23.3°C, Clouds, humidity: 45%
2026-07-11 07:13:44,797 - root - INFO - [633/1205] Fetching weather for Szorgalmatos...
2026-07-11 07:13:44,936 - root - INFO - Fetched weather for Szorgalmatos: 21.0°C, Clouds, humidity: 53%
2026-07-11 07:13:46,038 - root - INFO - [634/1205] Fetching weather for Fótfürdő...
2026-07-11 07:13:46,192 - root - INFO - Fetched weather for Fótfürdő: 24.1°C, Clouds, humidity: 48%
2026-07-11 07:13:47,294 - root - INFO - [635/1205] Fetching weather for Fenyveshegy...
2026-07-11 07:13:47,449 - root - INFO - Fetched weather for Fenyveshegy: 24.4°C, Clouds, humidity: 45%
2026-07-11 07:13:48,552 - root - INFO - [636/1205] Fetching weather for Hűvösvölgy...
2026-07-11 07:13:48,699 - root - INFO - Fetched weather for Hűvösvölgy: 24.1°C, Clouds, humidity: 44%
2026-07-11 07:13:49,802 - root - INFO - [637/1205] Fetching weather for Hárshegy...
2026-07-11 07:13:49,944 - root - INFO - Fetched weather for Hárshegy: 24.1°C, Clouds, humidity: 44%
2026-07-11 07:13:51,046 - root - INFO - [638/1205] Fetching weather for Szépjuhászné...
2026-07-11 07:13:51,205 - root - INFO - Fetched weather for Szépjuhászné: 23.0°C, Clouds, humidity: 44%
2026-07-11 07:13:52,307 - root - INFO - [639/1205] Fetching weather for Jánoshegy...
2026-07-11 07:13:52,444 - root - INFO - Fetched weather for Jánoshegy: 22.8°C, Clouds, humidity: 45%
2026-07-11 07:13:53,547 - root - INFO - [640/1205] Fetching weather for Virágvölgy...
2026-07-11 07:13:53,707 - root - INFO - Fetched weather for Virágvölgy: 22.4°C, Clouds, humidity: 45%
2026-07-11 07:13:54,809 - root - INFO - [641/1205] Fetching weather for Csillebérc...
2026-07-11 07:13:54,961 - root - INFO - Fetched weather for Csillebérc: 22.1°C, Clouds, humidity: 46%
2026-07-11 07:13:56,063 - root - INFO - [642/1205] Fetching weather for Normafa...
2026-07-11 07:13:56,194 - root - INFO - Fetched weather for Normafa: 22.1°C, Clouds, humidity: 46%
2026-07-11 07:13:57,296 - root - INFO - [643/1205] Fetching weather for Széchenyihegy...
2026-07-11 07:13:57,462 - root - INFO - Fetched weather for Széchenyihegy: 22.1°C, Clouds, humidity: 46%
2026-07-11 07:13:58,564 - root - INFO - [644/1205] Fetching weather for Balatonfőkajár felső...
2026-07-11 07:13:58,725 - root - INFO - Fetched weather for Balatonfőkajár felső: 22.4°C, Clouds, humidity: 76%
2026-07-11 07:13:59,827 - root - INFO - [645/1205] Fetching weather for Piroska...
2026-07-11 07:13:59,963 - root - INFO - Fetched weather for Piroska: 22.8°C, Clouds, humidity: 55%
2026-07-11 07:14:01,065 - root - INFO - [646/1205] Fetching weather for Somodor...
2026-07-11 07:14:01,229 - root - INFO - Fetched weather for Somodor: 24.5°C, Clear, humidity: 44%
2026-07-11 07:14:02,332 - root - INFO - [647/1205] Fetching weather for Középmező...
2026-07-11 07:14:02,489 - root - INFO - Fetched weather for Középmező: 26.4°C, Clear, humidity: 40%
2026-07-11 07:14:03,591 - root - INFO - [648/1205] Fetching weather for Jobbágyi...
2026-07-11 07:14:03,741 - root - INFO - Fetched weather for Jobbágyi: 24.7°C, Clouds, humidity: 43%
2026-07-11 07:14:04,843 - root - INFO - [649/1205] Fetching weather for Ferihegy...
2026-07-11 07:14:05,004 - root - INFO - Fetched weather for Ferihegy: 24.3°C, Clouds, humidity: 46%
2026-07-11 07:14:06,106 - root - INFO - [650/1205] Fetching weather for Máriapócs...
2026-07-11 07:14:06,264 - root - INFO - Fetched weather for Máriapócs: 18.9°C, Clouds, humidity: 52%
2026-07-11 07:14:07,366 - root - INFO - [651/1205] Fetching weather for Máriaudvar...
2026-07-11 07:14:07,507 - root - INFO - Fetched weather for Máriaudvar: 24.4°C, Clouds, humidity: 44%
2026-07-11 07:14:08,609 - root - INFO - [652/1205] Fetching weather for Nagyberki...
2026-07-11 07:14:08,776 - root - INFO - Fetched weather for Nagyberki: 24.5°C, Clear, humidity: 47%
2026-07-11 07:14:09,878 - root - INFO - [653/1205] Fetching weather for Badacsonytomaj...
2026-07-11 07:14:10,024 - root - INFO - Fetched weather for Badacsonytomaj: 24.3°C, Clear, humidity: 47%
2026-07-11 07:14:11,127 - root - INFO - [654/1205] Fetching weather for Badacsony...
2026-07-11 07:14:11,285 - root - INFO - Fetched weather for Badacsony: 24.4°C, Clear, humidity: 47%
2026-07-11 07:14:12,388 - root - INFO - [655/1205] Fetching weather for Badacsonylábdihegy...
2026-07-11 07:14:12,534 - root - INFO - Fetched weather for Badacsonylábdihegy: 24.4°C, Clear, humidity: 47%
2026-07-11 07:14:13,635 - root - INFO - [656/1205] Fetching weather for Badacsonytördemic-Szigliget...
2026-07-11 07:14:13,773 - root - INFO - Fetched weather for Badacsonytördemic-Szigliget: 24.4°C, Clear, humidity: 47%
2026-07-11 07:14:14,876 - root - INFO - [657/1205] Fetching weather for Nemesgulács-Kisapáti...
2026-07-11 07:14:15,040 - root - INFO - Fetched weather for Nemesgulács-Kisapáti: 24.4°C, Clear, humidity: 48%
2026-07-11 07:14:16,142 - root - INFO - [658/1205] Fetching weather for Tapolca...
2026-07-11 07:14:16,301 - root - INFO - Fetched weather for Tapolca: 24.5°C, Clear, humidity: 47%
2026-07-11 07:14:17,404 - root - INFO - [659/1205] Fetching weather for Uzsabánya alsó...
2026-07-11 07:14:17,568 - root - INFO - Fetched weather for Uzsabánya alsó: 23.4°C, Clear, humidity: 46%
2026-07-11 07:14:18,670 - root - INFO - [660/1205] Fetching weather for Uzsa...
2026-07-11 07:14:18,843 - root - INFO - Fetched weather for Uzsa: 24.2°C, Clear, humidity: 46%
2026-07-11 07:14:19,945 - root - INFO - [661/1205] Fetching weather for Sümegi Bazaltbánya...
2026-07-11 07:14:20,090 - root - INFO - Fetched weather for Sümegi Bazaltbánya: 24.2°C, Clear, humidity: 45%
2026-07-11 07:14:21,193 - root - INFO - [662/1205] Fetching weather for Sümeg...
2026-07-11 07:14:21,336 - root - INFO - Fetched weather for Sümeg: 24.4°C, Clear, humidity: 43%
2026-07-11 07:14:22,438 - root - INFO - [663/1205] Fetching weather for Gógánfa...
2026-07-11 07:14:22,598 - root - INFO - Fetched weather for Gógánfa: 26.0°C, Clear, humidity: 42%
2026-07-11 07:14:23,701 - root - INFO - [664/1205] Fetching weather for Ukk...
2026-07-11 07:14:23,865 - root - INFO - Fetched weather for Ukk: 24.4°C, Clear, humidity: 42%
2026-07-11 07:14:24,967 - root - INFO - [665/1205] Fetching weather for Nemeskeresztúr...
2026-07-11 07:14:25,128 - root - INFO - Fetched weather for Nemeskeresztúr: 24.4°C, Clear, humidity: 41%
2026-07-11 07:14:26,230 - root - INFO - [666/1205] Fetching weather for Jánosháza...
2026-07-11 07:14:26,388 - root - INFO - Fetched weather for Jánosháza: 24.4°C, Clear, humidity: 41%
2026-07-11 07:14:27,490 - root - INFO - [667/1205] Fetching weather for Keszthely...
2026-07-11 07:14:27,625 - root - INFO - Fetched weather for Keszthely: 26.2°C, Clear, humidity: 46%
2026-07-11 07:14:28,727 - root - INFO - [668/1205] Fetching weather for Alsógyenes...
2026-07-11 07:14:28,873 - root - INFO - Fetched weather for Alsógyenes: 26.2°C, Clear, humidity: 46%
2026-07-11 07:14:29,976 - root - INFO - [669/1205] Fetching weather for Gyenesdiás...
2026-07-11 07:14:30,137 - root - INFO - Fetched weather for Gyenesdiás: 24.6°C, Clear, humidity: 46%
2026-07-11 07:14:31,239 - root - INFO - [670/1205] Fetching weather for Vonyarcvashegy...
2026-07-11 07:14:31,406 - root - INFO - Fetched weather for Vonyarcvashegy: 24.0°C, Clear, humidity: 46%
2026-07-11 07:14:32,508 - root - INFO - [671/1205] Fetching weather for Balatongyörök...
2026-07-11 07:14:32,624 - root - INFO - Fetched weather for Balatongyörök: 24.6°C, Clear, humidity: 46%
2026-07-11 07:14:33,726 - root - INFO - [672/1205] Fetching weather for Becehegy...
2026-07-11 07:14:33,890 - root - INFO - Fetched weather for Becehegy: 23.4°C, Clear, humidity: 46%
2026-07-11 07:14:34,992 - root - INFO - [673/1205] Fetching weather for Balatonederics...
2026-07-11 07:14:35,158 - root - INFO - Fetched weather for Balatonederics: 23.4°C, Clear, humidity: 46%
2026-07-11 07:14:36,260 - root - INFO - [674/1205] Fetching weather for Dabronc...
2026-07-11 07:14:36,401 - root - INFO - Fetched weather for Dabronc: 26.0°C, Clear, humidity: 42%
2026-07-11 07:14:37,504 - root - INFO - [675/1205] Fetching weather for Türje...
2026-07-11 07:14:37,666 - root - INFO - Fetched weather for Türje: 25.9°C, Clear, humidity: 43%
2026-07-11 07:14:38,768 - root - INFO - [676/1205] Fetching weather for Zalabér-Batyk...
2026-07-11 07:14:38,933 - root - INFO - Fetched weather for Zalabér-Batyk: 26.1°C, Clear, humidity: 36%
2026-07-11 07:14:40,035 - root - INFO - [677/1205] Fetching weather for Pakod...
2026-07-11 07:14:40,156 - root - INFO - Fetched weather for Pakod: 26.0°C, Clear, humidity: 36%
2026-07-11 07:14:41,258 - root - INFO - [678/1205] Fetching weather for Pókaszepetk...
2026-07-11 07:14:41,427 - root - INFO - Fetched weather for Pókaszepetk: 26.0°C, Clear, humidity: 36%
2026-07-11 07:14:42,530 - root - INFO - [679/1205] Fetching weather for Kemendollár...
2026-07-11 07:14:42,703 - root - INFO - Fetched weather for Kemendollár: 26.0°C, Clear, humidity: 36%
2026-07-11 07:14:43,806 - root - INFO - [680/1205] Fetching weather for Zalaegerszeg...
2026-07-11 07:14:43,936 - root - INFO - Fetched weather for Zalaegerszeg: 25.9°C, Clear, humidity: 36%
2026-07-11 07:14:45,038 - root - INFO - [681/1205] Fetching weather for Bocfölde...
2026-07-11 07:14:45,158 - root - INFO - Fetched weather for Bocfölde: 25.9°C, Clear, humidity: 36%
2026-07-11 07:14:46,261 - root - INFO - [682/1205] Fetching weather for Sárhida...
2026-07-11 07:14:46,429 - root - INFO - Fetched weather for Sárhida: 25.9°C, Clear, humidity: 36%
2026-07-11 07:14:47,532 - root - INFO - [683/1205] Fetching weather for Bak...
2026-07-11 07:14:47,685 - root - INFO - Fetched weather for Bak: 25.8°C, Clear, humidity: 36%
2026-07-11 07:14:48,787 - root - INFO - [684/1205] Fetching weather for Tófej...
2026-07-11 07:14:48,980 - root - INFO - Fetched weather for Tófej: 25.7°C, Clear, humidity: 57%
2026-07-11 07:14:50,082 - root - INFO - [685/1205] Fetching weather for Gutorfölde...
2026-07-11 07:14:50,229 - root - INFO - Fetched weather for Gutorfölde: 25.7°C, Clear, humidity: 59%
2026-07-11 07:14:51,331 - root - INFO - [686/1205] Fetching weather for Csömödér-Páka...
2026-07-11 07:14:51,494 - root - INFO - Fetched weather for Csömödér-Páka: 24.0°C, Clear, humidity: 61%
2026-07-11 07:14:52,596 - root - INFO - [687/1205] Fetching weather for Iklódbördőce...
2026-07-11 07:14:52,761 - root - INFO - Fetched weather for Iklódbördőce: 23.8°C, Clear, humidity: 61%
2026-07-11 07:14:53,864 - root - INFO - [688/1205] Fetching weather for Lenti...
2026-07-11 07:14:53,980 - root - INFO - Fetched weather for Lenti: 24.0°C, Clear, humidity: 60%
2026-07-11 07:14:55,082 - root - INFO - [689/1205] Fetching weather for Rédics...
2026-07-11 07:14:55,254 - root - INFO - Fetched weather for Rédics: 24.0°C, Clear, humidity: 60%
2026-07-11 07:14:56,356 - root - INFO - [690/1205] Fetching weather for Zalalövő...
2026-07-11 07:14:56,540 - root - INFO - Fetched weather for Zalalövő: 25.7°C, Clear, humidity: 50%
2026-07-11 07:14:57,643 - root - INFO - [691/1205] Fetching weather for Zalaegerszeg-Ola...
2026-07-11 07:14:57,821 - root - INFO - Fetched weather for Zalaegerszeg-Ola: 25.9°C, Clear, humidity: 36%
2026-07-11 07:14:58,923 - root - INFO - [692/1205] Fetching weather for Andráshida...
2026-07-11 07:14:59,067 - root - INFO - Fetched weather for Andráshida: 25.9°C, Clear, humidity: 36%
2026-07-11 07:15:00,169 - root - INFO - [693/1205] Fetching weather for Bagod...
2026-07-11 07:15:00,289 - root - INFO - Fetched weather for Bagod: 25.8°C, Clear, humidity: 36%
2026-07-11 07:15:01,392 - root - INFO - [694/1205] Fetching weather for Zalaszentgyörgy...
2026-07-11 07:15:01,558 - root - INFO - Fetched weather for Zalaszentgyörgy: 25.8°C, Clear, humidity: 36%
2026-07-11 07:15:02,660 - root - INFO - [695/1205] Fetching weather for Zalacséb-Salomvár...
2026-07-11 07:15:02,829 - root - INFO - Fetched weather for Zalacséb-Salomvár: 25.8°C, Clear, humidity: 36%
2026-07-11 07:15:03,931 - root - INFO - [696/1205] Fetching weather for Kópháza...
2026-07-11 07:15:04,099 - root - INFO - Fetched weather for Kópháza: 22.9°C, Clear, humidity: 48%
2026-07-11 07:15:05,201 - root - INFO - [697/1205] Fetching weather for Nagycenk...
2026-07-11 07:15:05,375 - root - INFO - Fetched weather for Nagycenk: 23.6°C, Clouds, humidity: 48%
2026-07-11 07:15:06,477 - root - INFO - [698/1205] Fetching weather for Sopronkövesd...
2026-07-11 07:15:06,643 - root - INFO - Fetched weather for Sopronkövesd: 26.3°C, Clouds, humidity: 45%
2026-07-11 07:15:07,745 - root - INFO - [699/1205] Fetching weather for Lövő...
2026-07-11 07:15:07,905 - root - INFO - Fetched weather for Lövő: 26.3°C, Clouds, humidity: 45%
2026-07-11 07:15:09,008 - root - INFO - [700/1205] Fetching weather for Újkér...
2026-07-11 07:15:09,170 - root - INFO - Fetched weather for Újkér: 26.3°C, Clouds, humidity: 45%
2026-07-11 07:15:10,272 - root - INFO - [701/1205] Fetching weather for Bük...
2026-07-11 07:15:10,384 - root - INFO - Fetched weather for Bük: 26.4°C, Clear, humidity: 45%
2026-07-11 07:15:11,487 - root - INFO - [702/1205] Fetching weather for Acsád...
2026-07-11 07:15:11,647 - root - INFO - Fetched weather for Acsád: 26.1°C, Clear, humidity: 45%
2026-07-11 07:15:12,749 - root - INFO - [703/1205] Fetching weather for Salköveskút-Vassurány...
2026-07-11 07:15:12,933 - root - INFO - Fetched weather for Salköveskút-Vassurány: 26.1°C, Clear, humidity: 45%
2026-07-11 07:15:14,035 - root - INFO - [704/1205] Fetching weather for Zalaszentiván...
2026-07-11 07:15:14,181 - root - INFO - Fetched weather for Zalaszentiván: 26.0°C, Clear, humidity: 36%
2026-07-11 07:15:15,283 - root - INFO - [705/1205] Fetching weather for Alsónemesapáti...
2026-07-11 07:15:15,424 - root - INFO - Fetched weather for Alsónemesapáti: 26.0°C, Clear, humidity: 36%
2026-07-11 07:15:16,526 - root - INFO - [706/1205] Fetching weather for Józsa...
2026-07-11 07:15:16,684 - root - INFO - Fetched weather for Józsa: 20.0°C, Clouds, humidity: 47%
2026-07-11 07:15:17,786 - root - INFO - [707/1205] Fetching weather for Hajdúszentgyörgy...
2026-07-11 07:15:17,905 - root - INFO - Fetched weather for Hajdúszentgyörgy: 20.0°C, Clouds, humidity: 47%
2026-07-11 07:15:19,007 - root - INFO - [708/1205] Fetching weather for Zelemér...
2026-07-11 07:15:19,171 - root - INFO - Fetched weather for Zelemér: 19.9°C, Clouds, humidity: 47%
2026-07-11 07:15:20,274 - root - INFO - [709/1205] Fetching weather for Hajdúböszörmény...
2026-07-11 07:15:20,434 - root - INFO - Fetched weather for Hajdúböszörmény: 19.8°C, Clouds, humidity: 48%
2026-07-11 07:15:21,536 - root - INFO - [710/1205] Fetching weather for Hajdúvid...
2026-07-11 07:15:21,683 - root - INFO - Fetched weather for Hajdúvid: 19.6°C, Clouds, humidity: 49%
2026-07-11 07:15:22,785 - root - INFO - [711/1205] Fetching weather for Hajdúdorog...
2026-07-11 07:15:22,915 - root - INFO - Fetched weather for Hajdúdorog: 19.4°C, Clouds, humidity: 50%
2026-07-11 07:15:24,018 - root - INFO - [712/1205] Fetching weather for Hajdúnánás...
2026-07-11 07:15:24,181 - root - INFO - Fetched weather for Hajdúnánás: 19.5°C, Clouds, humidity: 51%
2026-07-11 07:15:25,283 - root - INFO - [713/1205] Fetching weather for Hajdúnánás-Vásártér...
2026-07-11 07:15:25,457 - root - INFO - Fetched weather for Hajdúnánás-Vásártér: 19.5°C, Clouds, humidity: 51%
2026-07-11 07:15:26,559 - root - INFO - [714/1205] Fetching weather for Tedej...
2026-07-11 07:15:26,718 - root - INFO - Fetched weather for Tedej: 21.0°C, Clouds, humidity: 52%
2026-07-11 07:15:27,820 - root - INFO - [715/1205] Fetching weather for Tiszavasvári...
2026-07-11 07:15:27,981 - root - INFO - Fetched weather for Tiszavasvári: 21.0°C, Clouds, humidity: 52%
2026-07-11 07:15:29,083 - root - INFO - [716/1205] Fetching weather for Egyházerdő...
2026-07-11 07:15:29,219 - root - INFO - Fetched weather for Egyházerdő: 21.0°C, Clouds, humidity: 53%
2026-07-11 07:15:30,321 - root - INFO - [717/1205] Fetching weather for Tiszalök...
2026-07-11 07:15:30,449 - root - INFO - Fetched weather for Tiszalök: 21.0°C, Clouds, humidity: 53%
2026-07-11 07:15:31,551 - root - INFO - [718/1205] Fetching weather for Hajnalos...
2026-07-11 07:15:31,712 - root - INFO - Fetched weather for Hajnalos: 21.0°C, Clouds, humidity: 53%
2026-07-11 07:15:32,815 - root - INFO - [719/1205] Fetching weather for Kisfástanya...
2026-07-11 07:15:32,976 - root - INFO - Fetched weather for Kisfástanya: 20.9°C, Clouds, humidity: 53%
2026-07-11 07:15:34,078 - root - INFO - [720/1205] Fetching weather for Tiszaeszlár...
2026-07-11 07:15:34,222 - root - INFO - Fetched weather for Tiszaeszlár: 21.0°C, Clouds, humidity: 53%
2026-07-11 07:15:35,324 - root - INFO - [721/1205] Fetching weather for Bashalom...
2026-07-11 07:15:35,487 - root - INFO - Fetched weather for Bashalom: 20.9°C, Clouds, humidity: 54%
2026-07-11 07:15:36,589 - root - INFO - [722/1205] Fetching weather for Sáránd...
2026-07-11 07:15:36,764 - root - INFO - Fetched weather for Sáránd: 20.5°C, Clouds, humidity: 49%
2026-07-11 07:15:37,866 - root - INFO - [723/1205] Fetching weather for Derecske...
2026-07-11 07:15:38,032 - root - INFO - Fetched weather for Derecske: 20.4°C, Clouds, humidity: 50%
2026-07-11 07:15:39,134 - root - INFO - [724/1205] Fetching weather for Derecske-Vásártér...
2026-07-11 07:15:39,292 - root - INFO - Fetched weather for Derecske-Vásártér: 20.4°C, Clouds, humidity: 50%
2026-07-11 07:15:40,394 - root - INFO - [725/1205] Fetching weather for Konyár...
2026-07-11 07:15:40,540 - root - INFO - Fetched weather for Konyár: 20.4°C, Clouds, humidity: 51%
2026-07-11 07:15:41,642 - root - INFO - [726/1205] Fetching weather for Konyári Sóstófürdő...
2026-07-11 07:15:41,805 - root - INFO - Fetched weather for Konyári Sóstófürdő: 20.4°C, Clouds, humidity: 50%
2026-07-11 07:15:42,907 - root - INFO - [727/1205] Fetching weather for Pocsaj-Esztár...
2026-07-11 07:15:43,075 - root - INFO - Fetched weather for Pocsaj-Esztár: 20.4°C, Clouds, humidity: 49%
2026-07-11 07:15:44,177 - root - INFO - [728/1205] Fetching weather for Kismarja...
2026-07-11 07:15:44,345 - root - INFO - Fetched weather for Kismarja: 20.5°C, Clouds, humidity: 48%
2026-07-11 07:15:45,447 - root - INFO - [729/1205] Fetching weather for Nagykereki...
2026-07-11 07:15:45,616 - root - INFO - Fetched weather for Nagykereki: 20.7°C, Clouds, humidity: 47%
2026-07-11 07:15:46,718 - root - INFO - [730/1205] Fetching weather for Debrecen-Szabadságtelep...
2026-07-11 07:15:46,877 - root - INFO - Fetched weather for Debrecen-Szabadságtelep: 20.2°C, Clouds, humidity: 47%
2026-07-11 07:15:47,979 - root - INFO - [731/1205] Fetching weather for Kondoroskert...
2026-07-11 07:15:48,133 - root - INFO - Fetched weather for Kondoroskert: 20.2°C, Clear, humidity: 47%
2026-07-11 07:15:49,235 - root - INFO - [732/1205] Fetching weather for Nagycsere...
2026-07-11 07:15:49,371 - root - INFO - Fetched weather for Nagycsere: 20.1°C, Clear, humidity: 47%
2026-07-11 07:15:50,474 - root - INFO - [733/1205] Fetching weather for Haláp...
2026-07-11 07:15:50,634 - root - INFO - Fetched weather for Haláp: 20.1°C, Clouds, humidity: 48%
2026-07-11 07:15:51,736 - root - INFO - [734/1205] Fetching weather for Vámospércs...
2026-07-11 07:15:51,896 - root - INFO - Fetched weather for Vámospércs: 20.0°C, Clouds, humidity: 49%
2026-07-11 07:15:52,998 - root - INFO - [735/1205] Fetching weather for Szentannapuszta...
2026-07-11 07:15:53,161 - root - INFO - Fetched weather for Szentannapuszta: 19.9°C, Clouds, humidity: 49%
2026-07-11 07:15:54,264 - root - INFO - [736/1205] Fetching weather for Nyírábrány...
2026-07-11 07:15:54,422 - root - INFO - Fetched weather for Nyírábrány: 19.9°C, Clouds, humidity: 50%
2026-07-11 07:15:55,524 - root - INFO - [737/1205] Fetching weather for Dombostanya...
2026-07-11 07:15:55,685 - root - INFO - Fetched weather for Dombostanya: 19.9°C, Clouds, humidity: 47%
2026-07-11 07:15:56,787 - root - INFO - [738/1205] Fetching weather for Hajdúsámson...
2026-07-11 07:15:56,921 - root - INFO - Fetched weather for Hajdúsámson: 19.9°C, Clouds, humidity: 48%
2026-07-11 07:15:58,023 - root - INFO - [739/1205] Fetching weather for Tamásipuszta...
2026-07-11 07:15:58,171 - root - INFO - Fetched weather for Tamásipuszta: 19.7°C, Clouds, humidity: 48%
2026-07-11 07:15:59,273 - root - INFO - [740/1205] Fetching weather for Aradványpuszta...
2026-07-11 07:15:59,434 - root - INFO - Fetched weather for Aradványpuszta: 19.6°C, Clouds, humidity: 49%
2026-07-11 07:16:00,536 - root - INFO - [741/1205] Fetching weather for Nyíradony...
2026-07-11 07:16:00,683 - root - INFO - Fetched weather for Nyíradony: 19.3°C, Clouds, humidity: 50%
2026-07-11 07:16:01,785 - root - INFO - [742/1205] Fetching weather for Nyírmihálydi...
2026-07-11 07:16:01,941 - root - INFO - Fetched weather for Nyírmihálydi: 19.2°C, Clouds, humidity: 50%
2026-07-11 07:16:03,043 - root - INFO - [743/1205] Fetching weather for Nyírgelse...
2026-07-11 07:16:03,185 - root - INFO - Fetched weather for Nyírgelse: 19.1°C, Clouds, humidity: 51%
2026-07-11 07:16:04,287 - root - INFO - [744/1205] Fetching weather for Nyírbogát...
2026-07-11 07:16:04,446 - root - INFO - Fetched weather for Nyírbogát: 19.0°C, Clouds, humidity: 53%
2026-07-11 07:16:05,548 - root - INFO - [745/1205] Fetching weather for Nagykálló...
2026-07-11 07:16:05,692 - root - INFO - Fetched weather for Nagykálló: 18.9°C, Clouds, humidity: 51%
2026-07-11 07:16:06,794 - root - INFO - [746/1205] Fetching weather for Kállósemjén...
2026-07-11 07:16:06,954 - root - INFO - Fetched weather for Kállósemjén: 19.0°C, Clouds, humidity: 51%
2026-07-11 07:16:08,056 - root - INFO - [747/1205] Fetching weather for Nyírbátor...
2026-07-11 07:16:08,202 - root - INFO - Fetched weather for Nyírbátor: 18.9°C, Clouds, humidity: 53%
2026-07-11 07:16:09,305 - root - INFO - [748/1205] Fetching weather for Nyírcsászári...
2026-07-11 07:16:09,466 - root - INFO - Fetched weather for Nyírcsászári: 18.9°C, Clear, humidity: 55%
2026-07-11 07:16:10,568 - root - INFO - [749/1205] Fetching weather for Hodász...
2026-07-11 07:16:10,702 - root - INFO - Fetched weather for Hodász: 18.7°C, Clear, humidity: 56%
2026-07-11 07:16:11,804 - root - INFO - [750/1205] Fetching weather for Nyírmeggyes...
2026-07-11 07:16:11,967 - root - INFO - Fetched weather for Nyírmeggyes: 18.7°C, Clear, humidity: 56%
2026-07-11 07:16:13,069 - root - INFO - [751/1205] Fetching weather for Mátészalka...
2026-07-11 07:16:13,236 - root - INFO - Fetched weather for Mátészalka: 18.8°C, Clouds, humidity: 56%
2026-07-11 07:16:14,338 - root - INFO - [752/1205] Fetching weather for Kocsord...
2026-07-11 07:16:14,499 - root - INFO - Fetched weather for Kocsord: 18.9°C, Clouds, humidity: 58%
2026-07-11 07:16:15,601 - root - INFO - [753/1205] Fetching weather for Kocsord alsó...
2026-07-11 07:16:15,771 - root - INFO - Fetched weather for Kocsord alsó: 18.9°C, Clouds, humidity: 58%
2026-07-11 07:16:16,873 - root - INFO - [754/1205] Fetching weather for Győrtelek...
2026-07-11 07:16:17,035 - root - INFO - Fetched weather for Győrtelek: 18.9°C, Clouds, humidity: 58%
2026-07-11 07:16:18,137 - root - INFO - [755/1205] Fetching weather for Győrtelek alsó...
2026-07-11 07:16:18,279 - root - INFO - Fetched weather for Győrtelek alsó: 19.0°C, Clouds, humidity: 59%
2026-07-11 07:16:19,381 - root - INFO - [756/1205] Fetching weather for Ököritófülpös...
2026-07-11 07:16:19,524 - root - INFO - Fetched weather for Ököritófülpös: 19.0°C, Clouds, humidity: 60%
2026-07-11 07:16:20,626 - root - INFO - [757/1205] Fetching weather for Porcsalma-Tyukod...
2026-07-11 07:16:20,791 - root - INFO - Fetched weather for Porcsalma-Tyukod: 19.0°C, Clouds, humidity: 62%
2026-07-11 07:16:21,894 - root - INFO - [758/1205] Fetching weather for Csenger...
2026-07-11 07:16:22,054 - root - INFO - Fetched weather for Csenger: 19.1°C, Clouds, humidity: 63%
2026-07-11 07:16:23,156 - root - INFO - [759/1205] Fetching weather for Kisfái...
2026-07-11 07:16:23,322 - root - INFO - Fetched weather for Kisfái: 22.3°C, Clouds, humidity: 62%
2026-07-11 07:16:24,424 - root - INFO - [760/1205] Fetching weather for Nyárlőrinci szőlők...
2026-07-11 07:16:24,583 - root - INFO - Fetched weather for Nyárlőrinci szőlők: 22.3°C, Clouds, humidity: 62%
2026-07-11 07:16:25,685 - root - INFO - [761/1205] Fetching weather for Nyárlőrinc alsó...
2026-07-11 07:16:25,841 - root - INFO - Fetched weather for Nyárlőrinc alsó: 22.3°C, Clouds, humidity: 60%
2026-07-11 07:16:26,943 - root - INFO - [762/1205] Fetching weather for Tiszaug-Tiszahídfő...
2026-07-11 07:16:27,109 - root - INFO - Fetched weather for Tiszaug-Tiszahídfő: 25.7°C, Clouds, humidity: 44%
2026-07-11 07:16:28,211 - root - INFO - [763/1205] Fetching weather for Csongrádi úti tanyák...
2026-07-11 07:16:28,350 - root - INFO - Fetched weather for Csongrádi úti tanyák: 26.2°C, Clouds, humidity: 35%
2026-07-11 07:16:29,452 - root - INFO - [764/1205] Fetching weather for Kettőshalom...
2026-07-11 07:16:29,614 - root - INFO - Fetched weather for Kettőshalom: 26.2°C, Clouds, humidity: 34%
2026-07-11 07:16:30,716 - root - INFO - [765/1205] Fetching weather for Csongrád alsó...
2026-07-11 07:16:30,880 - root - INFO - Fetched weather for Csongrád alsó: 26.2°C, Clouds, humidity: 32%
2026-07-11 07:16:31,982 - root - INFO - [766/1205] Fetching weather for Dónát...
2026-07-11 07:16:32,166 - root - INFO - Fetched weather for Dónát: 26.7°C, Clouds, humidity: 31%
2026-07-11 07:16:33,268 - root - INFO - [767/1205] Fetching weather for Pusztatemplom...
2026-07-11 07:16:33,441 - root - INFO - Fetched weather for Pusztatemplom: 26.7°C, Clouds, humidity: 31%
2026-07-11 07:16:34,543 - root - INFO - [768/1205] Fetching weather for Előhát...
2026-07-11 07:16:34,679 - root - INFO - Fetched weather for Előhát: 21.9°C, Clouds, humidity: 50%
2026-07-11 07:16:35,782 - root - INFO - [769/1205] Fetching weather for Polgárdi-Tekerespuszta...
2026-07-11 07:16:35,947 - root - INFO - Fetched weather for Polgárdi-Tekerespuszta: 22.6°C, Clouds, humidity: 38%
2026-07-11 07:16:37,049 - root - INFO - [770/1205] Fetching weather for Szatina-Kishajmás...
2026-07-11 07:16:37,209 - root - INFO - Fetched weather for Szatina-Kishajmás: 24.3°C, Clear, humidity: 53%
2026-07-11 07:16:38,311 - root - INFO - [771/1205] Fetching weather for Márok...
2026-07-11 07:16:38,473 - root - INFO - Fetched weather for Márok: 26.5°C, Clear, humidity: 56%
2026-07-11 07:16:39,575 - root - INFO - [772/1205] Fetching weather for Nagynyárád...
2026-07-11 07:16:39,744 - root - INFO - Fetched weather for Nagynyárád: 26.2°C, Clear, humidity: 40%
2026-07-11 07:16:40,846 - root - INFO - [773/1205] Fetching weather for Szászvár...
2026-07-11 07:16:41,004 - root - INFO - Fetched weather for Szászvár: 25.8°C, Clear, humidity: 44%
2026-07-11 07:16:42,107 - root - INFO - [774/1205] Fetching weather for Cikó...
2026-07-11 07:16:42,246 - root - INFO - Fetched weather for Cikó: 26.1°C, Clear, humidity: 41%
2026-07-11 07:16:43,349 - root - INFO - [775/1205] Fetching weather for Gyöngyfa-Magyarmecske...
2026-07-11 07:16:43,518 - root - INFO - Fetched weather for Gyöngyfa-Magyarmecske: 25.1°C, Clear, humidity: 57%
2026-07-11 07:16:44,621 - root - INFO - [776/1205] Fetching weather for Nagyhát...
2026-07-11 07:16:44,783 - root - INFO - Fetched weather for Nagyhát: 20.3°C, Clouds, humidity: 46%
2026-07-11 07:16:45,885 - root - INFO - [777/1205] Fetching weather for Balmazújváros...
2026-07-11 07:16:46,049 - root - INFO - Fetched weather for Balmazújváros: 20.4°C, Clouds, humidity: 47%
2026-07-11 07:16:47,151 - root - INFO - [778/1205] Fetching weather for Kónya...
2026-07-11 07:16:47,312 - root - INFO - Fetched weather for Kónya: 20.7°C, Clouds, humidity: 48%
2026-07-11 07:16:48,414 - root - INFO - [779/1205] Fetching weather for Hortobágy...
2026-07-11 07:16:48,572 - root - INFO - Fetched weather for Hortobágy: 20.8°C, Clouds, humidity: 48%
2026-07-11 07:16:49,674 - root - INFO - [780/1205] Fetching weather for Hortobágyi Halastó...
2026-07-11 07:16:49,837 - root - INFO - Fetched weather for Hortobágyi Halastó: 20.9°C, Clouds, humidity: 48%
2026-07-11 07:16:50,939 - root - INFO - [781/1205] Fetching weather for Ohat-Pusztakócs...
2026-07-11 07:16:51,078 - root - INFO - Fetched weather for Ohat-Pusztakócs: 21.0°C, Clouds, humidity: 49%
2026-07-11 07:16:52,180 - root - INFO - [782/1205] Fetching weather for Egyek...
2026-07-11 07:16:52,339 - root - INFO - Fetched weather for Egyek: 21.2°C, Clouds, humidity: 50%
2026-07-11 07:16:53,442 - root - INFO - [783/1205] Fetching weather for Tiszafüred...
2026-07-11 07:16:53,604 - root - INFO - Fetched weather for Tiszafüred: 21.4°C, Clouds, humidity: 50%
2026-07-11 07:16:54,706 - root - INFO - [784/1205] Fetching weather for Poroszló...
2026-07-11 07:16:54,878 - root - INFO - Fetched weather for Poroszló: 21.7°C, Clouds, humidity: 49%
2026-07-11 07:16:55,980 - root - INFO - [785/1205] Fetching weather for Kétútköz...
2026-07-11 07:16:56,147 - root - INFO - Fetched weather for Kétútköz: 21.9°C, Clouds, humidity: 48%
2026-07-11 07:16:57,249 - root - INFO - [786/1205] Fetching weather for Egerfarmos...
2026-07-11 07:16:57,392 - root - INFO - Fetched weather for Egerfarmos: 21.9°C, Clouds, humidity: 47%
2026-07-11 07:16:58,494 - root - INFO - [787/1205] Fetching weather for Piliscsaba...
2026-07-11 07:16:58,653 - root - INFO - Fetched weather for Piliscsaba: 25.0°C, Clouds, humidity: 42%
2026-07-11 07:16:59,756 - root - INFO - [788/1205] Fetching weather for Pilisjászfalu...
2026-07-11 07:16:59,919 - root - INFO - Fetched weather for Pilisjászfalu: 25.3°C, Clouds, humidity: 39%
2026-07-11 07:17:01,022 - root - INFO - [789/1205] Fetching weather for Leányvár...
2026-07-11 07:17:01,181 - root - INFO - Fetched weather for Leányvár: 25.6°C, Clouds, humidity: 39%
2026-07-11 07:17:02,283 - root - INFO - [790/1205] Fetching weather for Dorog...
2026-07-11 07:17:02,437 - root - INFO - Fetched weather for Dorog: 26.2°C, Clouds, humidity: 43%
2026-07-11 07:17:03,539 - root - INFO - [791/1205] Fetching weather for Esztergom-Kertváros...
2026-07-11 07:17:03,703 - root - INFO - Fetched weather for Esztergom-Kertváros: 25.9°C, Clouds, humidity: 44%
2026-07-11 07:17:04,805 - root - INFO - [792/1205] Fetching weather for Esztergom...
2026-07-11 07:17:04,941 - root - INFO - Fetched weather for Esztergom: 25.9°C, Clouds, humidity: 44%
2026-07-11 07:17:06,043 - root - INFO - [793/1205] Fetching weather for Dunaalmás...
2026-07-11 07:17:06,201 - root - INFO - Fetched weather for Dunaalmás: 23.7°C, Clouds, humidity: 42%
2026-07-11 07:17:07,303 - root - INFO - [794/1205] Fetching weather for Neszmély...
2026-07-11 07:17:07,443 - root - INFO - Fetched weather for Neszmély: 23.7°C, Clouds, humidity: 42%
2026-07-11 07:17:08,545 - root - INFO - [795/1205] Fetching weather for Süttő...
2026-07-11 07:17:08,690 - root - INFO - Fetched weather for Süttő: 23.7°C, Clouds, humidity: 43%
2026-07-11 07:17:09,792 - root - INFO - [796/1205] Fetching weather for Piszke...
2026-07-11 07:17:09,955 - root - INFO - Fetched weather for Piszke: 23.7°C, Clouds, humidity: 43%
2026-07-11 07:17:11,057 - root - INFO - [797/1205] Fetching weather for Lábatlan...
2026-07-11 07:17:11,219 - root - INFO - Fetched weather for Lábatlan: 23.7°C, Clouds, humidity: 43%
2026-07-11 07:17:12,321 - root - INFO - [798/1205] Fetching weather for Eternitgyár...
2026-07-11 07:17:12,479 - root - INFO - Fetched weather for Eternitgyár: 23.7°C, Clouds, humidity: 43%
2026-07-11 07:17:13,581 - root - INFO - [799/1205] Fetching weather for Nyergesújfalu felső...
2026-07-11 07:17:13,742 - root - INFO - Fetched weather for Nyergesújfalu felső: 23.7°C, Clouds, humidity: 43%
2026-07-11 07:17:14,844 - root - INFO - [800/1205] Fetching weather for Nyergesújfalu...
2026-07-11 07:17:14,973 - root - INFO - Fetched weather for Nyergesújfalu: 23.6°C, Clouds, humidity: 43%
2026-07-11 07:17:16,075 - root - INFO - [801/1205] Fetching weather for Tokod...
2026-07-11 07:17:16,220 - root - INFO - Fetched weather for Tokod: 25.9°C, Clouds, humidity: 43%
2026-07-11 07:17:17,323 - root - INFO - [802/1205] Fetching weather for Környe...
2026-07-11 07:17:17,486 - root - INFO - Fetched weather for Környe: 23.6°C, Clouds, humidity: 41%
2026-07-11 07:17:18,589 - root - INFO - [803/1205] Fetching weather for Kecskéd alsó...
2026-07-11 07:17:18,753 - root - INFO - Fetched weather for Kecskéd alsó: 23.7°C, Clouds, humidity: 41%
2026-07-11 07:17:19,855 - root - INFO - [804/1205] Fetching weather for Oroszlány...
2026-07-11 07:17:20,022 - root - INFO - Fetched weather for Oroszlány: 23.6°C, Clouds, humidity: 40%
2026-07-11 07:17:21,124 - root - INFO - [805/1205] Fetching weather for Győrszabadhegy...
2026-07-11 07:17:21,277 - root - INFO - Fetched weather for Győrszabadhegy: 23.8°C, Clouds, humidity: 44%
2026-07-11 07:17:22,380 - root - INFO - [806/1205] Fetching weather for Ménfőcsanak felső...
2026-07-11 07:17:22,519 - root - INFO - Fetched weather for Ménfőcsanak felső: 23.9°C, Clouds, humidity: 44%
2026-07-11 07:17:23,621 - root - INFO - [807/1205] Fetching weather for Gyömöre-Tét...
2026-07-11 07:17:23,769 - root - INFO - Fetched weather for Gyömöre-Tét: 23.9°C, Clouds, humidity: 42%
2026-07-11 07:17:24,871 - root - INFO - [808/1205] Fetching weather for Szerecseny...
2026-07-11 07:17:25,042 - root - INFO - Fetched weather for Szerecseny: 23.9°C, Clouds, humidity: 42%
2026-07-11 07:17:26,144 - root - INFO - [809/1205] Fetching weather for Gecse-Gyarmat...
2026-07-11 07:17:26,304 - root - INFO - Fetched weather for Gecse-Gyarmat: 23.9°C, Clouds, humidity: 42%
2026-07-11 07:17:27,406 - root - INFO - [810/1205] Fetching weather for Vaszar...
2026-07-11 07:17:27,569 - root - INFO - Fetched weather for Vaszar: 24.1°C, Clouds, humidity: 42%
2026-07-11 07:17:28,671 - root - INFO - [811/1205] Fetching weather for Pápa...
2026-07-11 07:17:28,809 - root - INFO - Fetched weather for Pápa: 24.1°C, Clouds, humidity: 42%
2026-07-11 07:17:29,911 - root - INFO - [812/1205] Fetching weather for Mezőlak...
2026-07-11 07:17:30,078 - root - INFO - Fetched weather for Mezőlak: 24.2°C, Clouds, humidity: 42%
2026-07-11 07:17:31,180 - root - INFO - [813/1205] Fetching weather for Mihályháza...
2026-07-11 07:17:31,318 - root - INFO - Fetched weather for Mihályháza: 24.3°C, Clouds, humidity: 41%
2026-07-11 07:17:32,420 - root - INFO - [814/1205] Fetching weather for Vinár...
2026-07-11 07:17:32,580 - root - INFO - Fetched weather for Vinár: 24.3°C, Clouds, humidity: 41%
2026-07-11 07:17:33,682 - root - INFO - [815/1205] Fetching weather for Külsővat...
2026-07-11 07:17:33,851 - root - INFO - Fetched weather for Külsővat: 24.4°C, Clouds, humidity: 41%
2026-07-11 07:17:34,953 - root - INFO - [816/1205] Fetching weather for Celldömölk...
2026-07-11 07:17:35,107 - root - INFO - Fetched weather for Celldömölk: 24.4°C, Clouds, humidity: 42%
2026-07-11 07:17:36,210 - root - INFO - [817/1205] Fetching weather for Kemenesmihályfa...
2026-07-11 07:17:36,357 - root - INFO - Fetched weather for Kemenesmihályfa: 24.1°C, Clouds, humidity: 42%
2026-07-11 07:17:37,459 - root - INFO - [818/1205] Fetching weather for Nagysimonyi...
2026-07-11 07:17:37,620 - root - INFO - Fetched weather for Nagysimonyi: 24.1°C, Clouds, humidity: 43%
2026-07-11 07:17:38,722 - root - INFO - [819/1205] Fetching weather for Ostffyasszonyfa...
2026-07-11 07:17:38,861 - root - INFO - Fetched weather for Ostffyasszonyfa: 24.2°C, Clouds, humidity: 43%
2026-07-11 07:17:39,963 - root - INFO - [820/1205] Fetching weather for Sárvár...
2026-07-11 07:17:40,149 - root - INFO - Fetched weather for Sárvár: 24.4°C, Clear, humidity: 44%
2026-07-11 07:17:41,251 - root - INFO - [821/1205] Fetching weather for Porpác...
2026-07-11 07:17:41,412 - root - INFO - Fetched weather for Porpác: 25.9°C, Clear, humidity: 44%
2026-07-11 07:17:42,515 - root - INFO - [822/1205] Fetching weather for Balatonföldvár...
2026-07-11 07:17:42,650 - root - INFO - Fetched weather for Balatonföldvár: 24.4°C, Clouds, humidity: 43%
2026-07-11 07:17:43,752 - root - INFO - [823/1205] Fetching weather for Balatonszárszó...
2026-07-11 07:17:43,868 - root - INFO - Fetched weather for Balatonszárszó: 24.4°C, Clear, humidity: 43%
2026-07-11 07:17:44,970 - root - INFO - [824/1205] Fetching weather for Balatonszemes...
2026-07-11 07:17:45,128 - root - INFO - Fetched weather for Balatonszemes: 24.4°C, Clear, humidity: 43%
2026-07-11 07:17:46,231 - root - INFO - [825/1205] Fetching weather for Balatonlelle felső...
2026-07-11 07:17:46,392 - root - INFO - Fetched weather for Balatonlelle felső: 24.4°C, Clear, humidity: 43%
2026-07-11 07:17:47,495 - root - INFO - [826/1205] Fetching weather for Balatonlelle...
2026-07-11 07:17:47,660 - root - INFO - Fetched weather for Balatonlelle: 24.4°C, Clear, humidity: 45%
2026-07-11 07:17:48,762 - root - INFO - [827/1205] Fetching weather for Fonyódliget...
2026-07-11 07:17:48,897 - root - INFO - Fetched weather for Fonyódliget: 24.4°C, Clear, humidity: 46%
2026-07-11 07:17:50,000 - root - INFO - [828/1205] Fetching weather for Balatonboglár...
2026-07-11 07:17:50,137 - root - INFO - Fetched weather for Balatonboglár: 24.4°C, Clear, humidity: 46%
2026-07-11 07:17:51,240 - root - INFO - [829/1205] Fetching weather for Balatonfenyves alsó...
2026-07-11 07:17:51,352 - root - INFO - Fetched weather for Balatonfenyves alsó: 24.5°C, Clear, humidity: 47%
2026-07-11 07:17:52,454 - root - INFO - [830/1205] Fetching weather for Fonyód...
2026-07-11 07:17:52,622 - root - INFO - Fetched weather for Fonyód: 24.4°C, Clear, humidity: 47%
2026-07-11 07:17:53,724 - root - INFO - [831/1205] Fetching weather for Bélatelep...
2026-07-11 07:17:53,900 - root - INFO - Fetched weather for Bélatelep: 24.4°C, Clear, humidity: 46%
2026-07-11 07:17:55,002 - root - INFO - [832/1205] Fetching weather for Alsóbélatelep...
2026-07-11 07:17:55,149 - root - INFO - Fetched weather for Alsóbélatelep: 24.4°C, Clear, humidity: 46%
2026-07-11 07:17:56,251 - root - INFO - [833/1205] Fetching weather for Balatonfenyves...
2026-07-11 07:17:56,389 - root - INFO - Fetched weather for Balatonfenyves: 24.4°C, Clear, humidity: 47%
2026-07-11 07:17:57,491 - root - INFO - [834/1205] Fetching weather for Máriahullámtelep...
2026-07-11 07:17:57,629 - root - INFO - Fetched weather for Máriahullámtelep: 24.5°C, Clear, humidity: 47%
2026-07-11 07:17:58,731 - root - INFO - [835/1205] Fetching weather for Balatonmáriafürdő...
2026-07-11 07:17:58,847 - root - INFO - Fetched weather for Balatonmáriafürdő: 24.6°C, Clear, humidity: 47%
2026-07-11 07:17:59,949 - root - INFO - [836/1205] Fetching weather for Balatonberény...
2026-07-11 07:18:00,104 - root - INFO - Fetched weather for Balatonberény: 24.5°C, Clear, humidity: 47%
2026-07-11 07:18:01,206 - root - INFO - [837/1205] Fetching weather for Balatonszentgyörgy...
2026-07-11 07:18:01,340 - root - INFO - Fetched weather for Balatonszentgyörgy: 24.6°C, Clear, humidity: 47%
2026-07-11 07:18:02,442 - root - INFO - [838/1205] Fetching weather for Vörs...
2026-07-11 07:18:02,594 - root - INFO - Fetched weather for Vörs: 24.6°C, Clear, humidity: 49%
2026-07-11 07:18:03,697 - root - INFO - [839/1205] Fetching weather for Zalaszentjakab...
2026-07-11 07:18:03,845 - root - INFO - Fetched weather for Zalaszentjakab: 24.3°C, Clear, humidity: 54%
2026-07-11 07:18:04,948 - root - INFO - [840/1205] Fetching weather for Nagykanizsa...
2026-07-11 07:18:05,085 - root - INFO - Fetched weather for Nagykanizsa: 24.3°C, Clear, humidity: 59%
2026-07-11 07:18:06,186 - root - INFO - [841/1205] Fetching weather for Murakeresztúr...
2026-07-11 07:18:06,299 - root - INFO - Fetched weather for Murakeresztúr: 24.2°C, Clear, humidity: 63%
2026-07-11 07:18:07,401 - root - INFO - [842/1205] Fetching weather for Zalakomár...
2026-07-11 07:18:07,534 - root - INFO - Fetched weather for Zalakomár: 24.4°C, Clear, humidity: 53%
2026-07-11 07:18:08,635 - root - INFO - [843/1205] Fetching weather for Szárazrét...
2026-07-11 07:18:08,788 - root - INFO - Fetched weather for Szárazrét: 24.1°C, Clouds, humidity: 40%
2026-07-11 07:18:09,890 - root - INFO - [844/1205] Fetching weather for Bodajk...
2026-07-11 07:18:10,036 - root - INFO - Fetched weather for Bodajk: 23.9°C, Clouds, humidity: 40%
2026-07-11 07:18:11,138 - root - INFO - [845/1205] Fetching weather for Csókakő...
2026-07-11 07:18:11,277 - root - INFO - Fetched weather for Csókakő: 23.6°C, Clouds, humidity: 40%
2026-07-11 07:18:12,379 - root - INFO - [846/1205] Fetching weather for Mór...
2026-07-11 07:18:12,534 - root - INFO - Fetched weather for Mór: 23.6°C, Clouds, humidity: 40%
2026-07-11 07:18:13,636 - root - INFO - [847/1205] Fetching weather for Bakonysárkány...
2026-07-11 07:18:13,751 - root - INFO - Fetched weather for Bakonysárkány: 23.2°C, Clouds, humidity: 40%
2026-07-11 07:18:14,853 - root - INFO - [848/1205] Fetching weather for Kisbér...
2026-07-11 07:18:14,983 - root - INFO - Fetched weather for Kisbér: 23.5°C, Clouds, humidity: 41%
2026-07-11 07:18:16,085 - root - INFO - [849/1205] Fetching weather for Nagyigmánd-Bábolna...
2026-07-11 07:18:16,242 - root - INFO - Fetched weather for Nagyigmánd-Bábolna: 23.7°C, Clouds, humidity: 42%
2026-07-11 07:18:17,345 - root - INFO - [850/1205] Fetching weather for Budapest-Déli...
2026-07-11 07:18:17,488 - root - INFO - Fetched weather for Budapest-Déli: 24.4°C, Clouds, humidity: 46%
2026-07-11 07:18:18,591 - root - INFO - [851/1205] Fetching weather for Budapest-Kelenföld...
2026-07-11 07:18:18,727 - root - INFO - Fetched weather for Budapest-Kelenföld: 24.4°C, Clouds, humidity: 45%
2026-07-11 07:18:19,830 - root - INFO - [852/1205] Fetching weather for Budaörs...
2026-07-11 07:18:19,981 - root - INFO - Fetched weather for Budaörs: 24.3°C, Clouds, humidity: 45%
2026-07-11 07:18:21,083 - root - INFO - [853/1205] Fetching weather for Biatorbágy...
2026-07-11 07:18:21,220 - root - INFO - Fetched weather for Biatorbágy: 24.8°C, Clouds, humidity: 43%
2026-07-11 07:18:22,322 - root - INFO - [854/1205] Fetching weather for Herceghalom...
2026-07-11 07:18:22,437 - root - INFO - Fetched weather for Herceghalom: 25.3°C, Clouds, humidity: 42%
2026-07-11 07:18:23,539 - root - INFO - [855/1205] Fetching weather for Bicske...
2026-07-11 07:18:23,682 - root - INFO - Fetched weather for Bicske: 25.5°C, Clouds, humidity: 41%
2026-07-11 07:18:24,784 - root - INFO - [856/1205] Fetching weather for Szár...
2026-07-11 07:18:24,927 - root - INFO - Fetched weather for Szár: 25.3°C, Clouds, humidity: 41%
2026-07-11 07:18:26,029 - root - INFO - [857/1205] Fetching weather for Szárliget...
2026-07-11 07:18:26,179 - root - INFO - Fetched weather for Szárliget: 23.3°C, Clouds, humidity: 41%
2026-07-11 07:18:27,281 - root - INFO - [858/1205] Fetching weather for Alsógalla...
2026-07-11 07:18:27,429 - root - INFO - Fetched weather for Alsógalla: 23.6°C, Clouds, humidity: 41%
2026-07-11 07:18:28,532 - root - INFO - [859/1205] Fetching weather for Tatabánya...
2026-07-11 07:18:28,671 - root - INFO - Fetched weather for Tatabánya: 23.7°C, Clouds, humidity: 41%
2026-07-11 07:18:29,773 - root - INFO - [860/1205] Fetching weather for Vértesszőlős...
2026-07-11 07:18:29,881 - root - INFO - Fetched weather for Vértesszőlős: 23.7°C, Clouds, humidity: 41%
2026-07-11 07:18:30,983 - root - INFO - [861/1205] Fetching weather for Tóvároskert...
2026-07-11 07:18:31,121 - root - INFO - Fetched weather for Tóvároskert: 23.7°C, Clouds, humidity: 41%
2026-07-11 07:18:32,223 - root - INFO - [862/1205] Fetching weather for Tata...
2026-07-11 07:18:32,363 - root - INFO - Fetched weather for Tata: 23.6°C, Clouds, humidity: 42%
2026-07-11 07:18:33,466 - root - INFO - [863/1205] Fetching weather for Almásfüzitő...
2026-07-11 07:18:33,626 - root - INFO - Fetched weather for Almásfüzitő: 23.7°C, Clouds, humidity: 42%
2026-07-11 07:18:34,728 - root - INFO - [864/1205] Fetching weather for Almásfüzitő felső...
2026-07-11 07:18:34,875 - root - INFO - Fetched weather for Almásfüzitő felső: 23.9°C, Clouds, humidity: 42%
2026-07-11 07:18:35,977 - root - INFO - [865/1205] Fetching weather for Szőny...
2026-07-11 07:18:36,115 - root - INFO - Fetched weather for Szőny: 23.9°C, Clouds, humidity: 42%
2026-07-11 07:18:37,217 - root - INFO - [866/1205] Fetching weather for Komárom...
2026-07-11 07:18:37,331 - root - INFO - Fetched weather for Komárom: 24.0°C, Clouds, humidity: 42%
2026-07-11 07:18:38,433 - root - INFO - [867/1205] Fetching weather for Ács...
2026-07-11 07:18:38,585 - root - INFO - Fetched weather for Ács: 23.6°C, Clouds, humidity: 43%
2026-07-11 07:18:39,687 - root - INFO - [868/1205] Fetching weather for Nagyszentjános...
2026-07-11 07:18:39,831 - root - INFO - Fetched weather for Nagyszentjános: 23.7°C, Clouds, humidity: 43%
2026-07-11 07:18:40,934 - root - INFO - [869/1205] Fetching weather for Győrszentiván...
2026-07-11 07:18:41,101 - root - INFO - Fetched weather for Győrszentiván: 23.7°C, Clouds, humidity: 43%
2026-07-11 07:18:42,204 - root - INFO - [870/1205] Fetching weather for Győr-Gyárváros...
2026-07-11 07:18:42,349 - root - INFO - Fetched weather for Győr-Gyárváros: 23.8°C, Clouds, humidity: 44%
2026-07-11 07:18:43,451 - root - INFO - [871/1205] Fetching weather for Győr...
2026-07-11 07:18:43,590 - root - INFO - Fetched weather for Győr: 23.8°C, Clouds, humidity: 44%
2026-07-11 07:18:44,692 - root - INFO - [872/1205] Fetching weather for Öttevény...
2026-07-11 07:18:44,849 - root - INFO - Fetched weather for Öttevény: 23.8°C, Clouds, humidity: 45%
2026-07-11 07:18:45,951 - root - INFO - [873/1205] Fetching weather for Lébény-Mosonszentmiklós...
2026-07-11 07:18:46,064 - root - INFO - Fetched weather for Lébény-Mosonszentmiklós: 23.8°C, Clear, humidity: 46%
2026-07-11 07:18:47,166 - root - INFO - [874/1205] Fetching weather for Kimle-Károlyháza...
2026-07-11 07:18:47,303 - root - INFO - Fetched weather for Kimle-Károlyháza: 23.7°C, Clear, humidity: 46%
2026-07-11 07:18:48,405 - root - INFO - [875/1205] Fetching weather for Mosonmagyaróvár...
2026-07-11 07:18:48,553 - root - INFO - Fetched weather for Mosonmagyaróvár: 26.1°C, Clear, humidity: 46%
2026-07-11 07:18:49,656 - root - INFO - [876/1205] Fetching weather for Levél...
2026-07-11 07:18:49,797 - root - INFO - Fetched weather for Levél: 25.6°C, Clear, humidity: 46%
2026-07-11 07:18:50,899 - root - INFO - [877/1205] Fetching weather for Hegyeshalom...
2026-07-11 07:18:51,036 - root - INFO - Fetched weather for Hegyeshalom: 25.6°C, Clear, humidity: 47%
2026-07-11 07:18:52,138 - root - INFO - [878/1205] Fetching weather for Óbuda...
2026-07-11 07:18:52,285 - root - INFO - Fetched weather for Óbuda: 25.0°C, Clouds, humidity: 47%
2026-07-11 07:18:53,387 - root - INFO - [879/1205] Fetching weather for Üröm...
2026-07-11 07:18:53,502 - root - INFO - Fetched weather for Üröm: 25.0°C, Clouds, humidity: 45%
2026-07-11 07:18:54,605 - root - INFO - [880/1205] Fetching weather for Solymár...
2026-07-11 07:18:54,742 - root - INFO - Fetched weather for Solymár: 25.4°C, Clouds, humidity: 43%
2026-07-11 07:18:55,844 - root - INFO - [881/1205] Fetching weather for Pilisvörösvár...
2026-07-11 07:18:55,985 - root - INFO - Fetched weather for Pilisvörösvár: 25.1°C, Clouds, humidity: 42%
2026-07-11 07:18:57,088 - root - INFO - [882/1205] Fetching weather for Klotildliget...
2026-07-11 07:18:57,246 - root - INFO - Fetched weather for Klotildliget: 24.9°C, Clouds, humidity: 42%
2026-07-11 07:18:58,348 - root - INFO - [883/1205] Fetching weather for Kútvölgy...
2026-07-11 07:18:58,497 - root - INFO - Fetched weather for Kútvölgy: 26.1°C, Clouds, humidity: 44%
2026-07-11 07:18:59,599 - root - INFO - [884/1205] Fetching weather for Székkutas...
2026-07-11 07:18:59,745 - root - INFO - Fetched weather for Székkutas: 26.6°C, Clouds, humidity: 44%
2026-07-11 07:19:00,848 - root - INFO - [885/1205] Fetching weather for Kaposszentjakab...
2026-07-11 07:19:00,993 - root - INFO - Fetched weather for Kaposszentjakab: 24.6°C, Clear, humidity: 48%
2026-07-11 07:19:02,095 - root - INFO - [886/1205] Fetching weather for Kaposvár...
2026-07-11 07:19:02,242 - root - INFO - Fetched weather for Kaposvár: 24.5°C, Clear, humidity: 49%
2026-07-11 07:19:03,344 - root - INFO - [887/1205] Fetching weather for Kaposújlak...
2026-07-11 07:19:03,461 - root - INFO - Fetched weather for Kaposújlak: 24.6°C, Clear, humidity: 50%
2026-07-11 07:19:04,563 - root - INFO - [888/1205] Fetching weather for Kaposmérő...
2026-07-11 07:19:04,706 - root - INFO - Fetched weather for Kaposmérő: 24.5°C, Clear, humidity: 50%
2026-07-11 07:19:05,808 - root - INFO - [889/1205] Fetching weather for Kaposfő...
2026-07-11 07:19:05,958 - root - INFO - Fetched weather for Kaposfő: 24.4°C, Clear, humidity: 51%
2026-07-11 07:19:07,060 - root - INFO - [890/1205] Fetching weather for Kiskorpád...
2026-07-11 07:19:07,214 - root - INFO - Fetched weather for Kiskorpád: 24.3°C, Clear, humidity: 51%
2026-07-11 07:19:08,315 - root - INFO - [891/1205] Fetching weather for Jákó-Nagybajom...
2026-07-11 07:19:08,462 - root - INFO - Fetched weather for Jákó-Nagybajom: 24.3°C, Clear, humidity: 53%
2026-07-11 07:19:09,565 - root - INFO - [892/1205] Fetching weather for Kutas...
2026-07-11 07:19:09,710 - root - INFO - Fetched weather for Kutas: 24.4°C, Clear, humidity: 54%
2026-07-11 07:19:10,812 - root - INFO - [893/1205] Fetching weather for Beleg...
2026-07-11 07:19:10,940 - root - INFO - Fetched weather for Beleg: 24.4°C, Clear, humidity: 56%
2026-07-11 07:19:12,042 - root - INFO - [894/1205] Fetching weather for Ötvöskónyi...
2026-07-11 07:19:12,187 - root - INFO - Fetched weather for Ötvöskónyi: 24.4°C, Clear, humidity: 57%
2026-07-11 07:19:13,289 - root - INFO - [895/1205] Fetching weather for Somogyszob...
2026-07-11 07:19:13,449 - root - INFO - Fetched weather for Somogyszob: 24.3°C, Clear, humidity: 57%
2026-07-11 07:19:14,551 - root - INFO - [896/1205] Fetching weather for Bolhás...
2026-07-11 07:19:14,710 - root - INFO - Fetched weather for Bolhás: 24.3°C, Clear, humidity: 56%
2026-07-11 07:19:15,813 - root - INFO - [897/1205] Fetching weather for Szenta...
2026-07-11 07:19:15,971 - root - INFO - Fetched weather for Szenta: 24.4°C, Clear, humidity: 56%
2026-07-11 07:19:17,074 - root - INFO - [898/1205] Fetching weather for Zrínyitelep...
2026-07-11 07:19:17,221 - root - INFO - Fetched weather for Zrínyitelep: 24.3°C, Clear, humidity: 56%
2026-07-11 07:19:18,324 - root - INFO - [899/1205] Fetching weather for Csurgó...
2026-07-11 07:19:18,451 - root - INFO - Fetched weather for Csurgó: 24.5°C, Clear, humidity: 57%
2026-07-11 07:19:19,553 - root - INFO - [900/1205] Fetching weather for Gyékényes...
2026-07-11 07:19:19,690 - root - INFO - Fetched weather for Gyékényes: 24.1°C, Clear, humidity: 60%
2026-07-11 07:19:20,791 - root - INFO - [901/1205] Fetching weather for Adony...
2026-07-11 07:19:20,955 - root - INFO - Fetched weather for Adony: 24.1°C, Clouds, humidity: 41%
2026-07-11 07:19:22,058 - root - INFO - [902/1205] Fetching weather for Kulcs...
2026-07-11 07:19:22,206 - root - INFO - Fetched weather for Kulcs: 23.9°C, Clouds, humidity: 41%
2026-07-11 07:19:23,308 - root - INFO - [903/1205] Fetching weather for Rácalmás...
2026-07-11 07:19:23,472 - root - INFO - Fetched weather for Rácalmás: 23.9°C, Clouds, humidity: 40%
2026-07-11 07:19:24,574 - root - INFO - [904/1205] Fetching weather for Dunaújváros...
2026-07-11 07:19:24,724 - root - INFO - Fetched weather for Dunaújváros: 23.9°C, Clouds, humidity: 40%
2026-07-11 07:19:25,826 - root - INFO - [905/1205] Fetching weather for Újvenyim...
2026-07-11 07:19:25,954 - root - INFO - Fetched weather for Újvenyim: 24.0°C, Clouds, humidity: 40%
2026-07-11 07:19:27,057 - root - INFO - [906/1205] Fetching weather for Mezőfalva...
2026-07-11 07:19:27,200 - root - INFO - Fetched weather for Mezőfalva: 24.0°C, Clouds, humidity: 40%
2026-07-11 07:19:28,303 - root - INFO - [907/1205] Fetching weather for Nagykarácsony felső...
2026-07-11 07:19:28,461 - root - INFO - Fetched weather for Nagykarácsony felső: 24.2°C, Clouds, humidity: 40%
2026-07-11 07:19:29,564 - root - INFO - [908/1205] Fetching weather for Nagykarácsony...
2026-07-11 07:19:29,728 - root - INFO - Fetched weather for Nagykarácsony: 24.1°C, Clouds, humidity: 40%
2026-07-11 07:19:30,830 - root - INFO - [909/1205] Fetching weather for Alap...
2026-07-11 07:19:30,980 - root - INFO - Fetched weather for Alap: 24.4°C, Clear, humidity: 39%
2026-07-11 07:19:32,083 - root - INFO - [910/1205] Fetching weather for Cece...
2026-07-11 07:19:32,236 - root - INFO - Fetched weather for Cece: 24.6°C, Clear, humidity: 39%
2026-07-11 07:19:33,338 - root - INFO - [911/1205] Fetching weather for Vajta...
2026-07-11 07:19:33,491 - root - INFO - Fetched weather for Vajta: 24.7°C, Clouds, humidity: 38%
2026-07-11 07:19:34,593 - root - INFO - [912/1205] Fetching weather for Rétszilas alsó...
2026-07-11 07:19:34,754 - root - INFO - Fetched weather for Rétszilas alsó: 24.4°C, Clear, humidity: 39%
2026-07-11 07:19:35,856 - root - INFO - [913/1205] Fetching weather for Nagydorog...
2026-07-11 07:19:35,995 - root - INFO - Fetched weather for Nagydorog: 24.8°C, Clear, humidity: 38%
2026-07-11 07:19:37,097 - root - INFO - [914/1205] Fetching weather for Tengelic...
2026-07-11 07:19:37,241 - root - INFO - Fetched weather for Tengelic: 24.8°C, Clear, humidity: 37%
2026-07-11 07:19:38,343 - root - INFO - [915/1205] Fetching weather for Fácánkert...
2026-07-11 07:19:38,492 - root - INFO - Fetched weather for Fácánkert: 24.9°C, Clear, humidity: 36%
2026-07-11 07:19:39,594 - root - INFO - [916/1205] Fetching weather for Tolna-Mözs...
2026-07-11 07:19:39,745 - root - INFO - Fetched weather for Tolna-Mözs: 25.0°C, Clear, humidity: 36%
2026-07-11 07:19:40,847 - root - INFO - [917/1205] Fetching weather for Szekszárd-Palánk...
2026-07-11 07:19:41,017 - root - INFO - Fetched weather for Szekszárd-Palánk: 25.1°C, Clear, humidity: 36%
2026-07-11 07:19:42,120 - root - INFO - [918/1205] Fetching weather for Szekszárd...
2026-07-11 07:19:42,263 - root - INFO - Fetched weather for Szekszárd: 25.1°C, Clear, humidity: 37%
2026-07-11 07:19:43,366 - root - INFO - [919/1205] Fetching weather for Őcsény...
2026-07-11 07:19:43,501 - root - INFO - Fetched weather for Őcsény: 25.2°C, Clear, humidity: 37%
2026-07-11 07:19:44,603 - root - INFO - [920/1205] Fetching weather for Decs...
2026-07-11 07:19:44,748 - root - INFO - Fetched weather for Decs: 25.2°C, Clear, humidity: 37%
2026-07-11 07:19:45,850 - root - INFO - [921/1205] Fetching weather for Csikóstőttős...
2026-07-11 07:19:46,002 - root - INFO - Fetched weather for Csikóstőttős: 24.8°C, Clear, humidity: 46%
2026-07-11 07:19:47,104 - root - INFO - [922/1205] Fetching weather for Mágocs-Alsómocsolád...
2026-07-11 07:19:47,250 - root - INFO - Fetched weather for Mágocs-Alsómocsolád: 24.2°C, Clear, humidity: 46%
2026-07-11 07:19:48,352 - root - INFO - [923/1205] Fetching weather for Szalatnak...
2026-07-11 07:19:48,471 - root - INFO - Fetched weather for Szalatnak: 24.5°C, Clear, humidity: 46%
2026-07-11 07:19:49,573 - root - INFO - [924/1205] Fetching weather for Máza-Szászvár...
2026-07-11 07:19:49,716 - root - INFO - Fetched weather for Máza-Szászvár: 25.9°C, Clear, humidity: 43%
2026-07-11 07:19:50,818 - root - INFO - [925/1205] Fetching weather for Váralja...
2026-07-11 07:19:50,949 - root - INFO - Fetched weather for Váralja: 26.0°C, Clear, humidity: 42%
2026-07-11 07:19:52,051 - root - INFO - [926/1205] Fetching weather for Nagymányok...
2026-07-11 07:19:52,197 - root - INFO - Fetched weather for Nagymányok: 26.1°C, Clear, humidity: 42%
2026-07-11 07:19:53,299 - root - INFO - [927/1205] Fetching weather for Hidas-Bonyhád...
2026-07-11 07:19:53,468 - root - INFO - Fetched weather for Hidas-Bonyhád: 26.1°C, Clear, humidity: 40%
2026-07-11 07:19:54,571 - root - INFO - [928/1205] Fetching weather for Mőcsény...
2026-07-11 07:19:54,691 - root - INFO - Fetched weather for Mőcsény: 26.1°C, Clear, humidity: 39%
2026-07-11 07:19:55,794 - root - INFO - [929/1205] Fetching weather for Bátaszék...
2026-07-11 07:19:55,942 - root - INFO - Fetched weather for Bátaszék: 26.4°C, Clear, humidity: 39%
2026-07-11 07:19:57,044 - root - INFO - [930/1205] Fetching weather for Pörböly...
2026-07-11 07:19:57,195 - root - INFO - Fetched weather for Pörböly: 25.2°C, Clear, humidity: 37%
2026-07-11 07:19:58,297 - root - INFO - [931/1205] Fetching weather for Orosháza...
2026-07-11 07:19:58,435 - root - INFO - Fetched weather for Orosháza: 26.6°C, Clouds, humidity: 44%
2026-07-11 07:19:59,538 - root - INFO - [932/1205] Fetching weather for Orosházi tanyák...
2026-07-11 07:19:59,685 - root - INFO - Fetched weather for Orosházi tanyák: 25.0°C, Clouds, humidity: 43%
2026-07-11 07:20:00,787 - root - INFO - [933/1205] Fetching weather for Csorvás...
2026-07-11 07:20:00,925 - root - INFO - Fetched weather for Csorvás: 24.9°C, Clouds, humidity: 43%
2026-07-11 07:20:02,028 - root - INFO - [934/1205] Fetching weather for Csorvás alsó...
2026-07-11 07:20:02,145 - root - INFO - Fetched weather for Csorvás alsó: 25.0°C, Clouds, humidity: 38%
2026-07-11 07:20:03,247 - root - INFO - [935/1205] Fetching weather for Telekgerendás...
2026-07-11 07:20:03,422 - root - INFO - Fetched weather for Telekgerendás: 25.0°C, Clouds, humidity: 38%
2026-07-11 07:20:04,524 - root - INFO - [936/1205] Fetching weather for Fürjes...
2026-07-11 07:20:04,671 - root - INFO - Fetched weather for Fürjes: 25.0°C, Clouds, humidity: 38%
2026-07-11 07:20:05,774 - root - INFO - [937/1205] Fetching weather for Fényes...
2026-07-11 07:20:05,910 - root - INFO - Fetched weather for Fényes: 25.0°C, Clouds, humidity: 38%
2026-07-11 07:20:07,012 - root - INFO - [938/1205] Fetching weather for Bicere...
2026-07-11 07:20:07,158 - root - INFO - Fetched weather for Bicere: 25.0°C, Clouds, humidity: 38%
2026-07-11 07:20:08,260 - root - INFO - [939/1205] Fetching weather for Gyula...
2026-07-11 07:20:08,393 - root - INFO - Fetched weather for Gyula: 25.0°C, Clouds, humidity: 38%
2026-07-11 07:20:09,496 - root - INFO - [940/1205] Fetching weather for József Szanatórium...
2026-07-11 07:20:09,625 - root - INFO - Fetched weather for József Szanatórium: 25.0°C, Clouds, humidity: 38%
2026-07-11 07:20:10,727 - root - INFO - [941/1205] Fetching weather for Sarkadi Cukorgyár...
2026-07-11 07:20:10,904 - root - INFO - Fetched weather for Sarkadi Cukorgyár: 25.0°C, Clouds, humidity: 38%
2026-07-11 07:20:12,006 - root - INFO - [942/1205] Fetching weather for Sarkad...
2026-07-11 07:20:12,168 - root - INFO - Fetched weather for Sarkad: 25.0°C, Clouds, humidity: 40%
2026-07-11 07:20:13,270 - root - INFO - [943/1205] Fetching weather for Kötegyán...
2026-07-11 07:20:13,416 - root - INFO - Fetched weather for Kötegyán: 25.0°C, Clouds, humidity: 40%
2026-07-11 07:20:14,518 - root - INFO - [944/1205] Fetching weather for Méhkerék...
2026-07-11 07:20:14,669 - root - INFO - Fetched weather for Méhkerék: 25.0°C, Clouds, humidity: 40%
2026-07-11 07:20:15,772 - root - INFO - [945/1205] Fetching weather for Sarkadkeresztúr...
2026-07-11 07:20:15,952 - root - INFO - Fetched weather for Sarkadkeresztúr: 25.0°C, Clouds, humidity: 40%
2026-07-11 07:20:17,054 - root - INFO - [946/1205] Fetching weather for Okány...
2026-07-11 07:20:17,174 - root - INFO - Fetched weather for Okány: 25.0°C, Clouds, humidity: 41%
2026-07-11 07:20:18,276 - root - INFO - [947/1205] Fetching weather for Újszeged...
2026-07-11 07:20:18,408 - root - INFO - Fetched weather for Újszeged: 24.0°C, Clouds, humidity: 36%
2026-07-11 07:20:19,510 - root - INFO - [948/1205] Fetching weather for Szőreg...
2026-07-11 07:20:19,696 - root - INFO - Fetched weather for Szőreg: 24.0°C, Clouds, humidity: 37%
2026-07-11 07:20:20,798 - root - INFO - [949/1205] Fetching weather for Deszk...
2026-07-11 07:20:20,971 - root - INFO - Fetched weather for Deszk: 24.0°C, Clouds, humidity: 37%
2026-07-11 07:20:22,074 - root - INFO - [950/1205] Fetching weather for Kiszombor...
2026-07-11 07:20:22,219 - root - INFO - Fetched weather for Kiszombor: 24.1°C, Clouds, humidity: 40%
2026-07-11 07:20:23,321 - root - INFO - [951/1205] Fetching weather for Kiszombor megálló...
2026-07-11 07:20:23,489 - root - INFO - Fetched weather for Kiszombor megálló: 24.1°C, Clouds, humidity: 40%
2026-07-11 07:20:24,591 - root - INFO - [952/1205] Fetching weather for Makó...
2026-07-11 07:20:24,703 - root - INFO - Fetched weather for Makó: 24.0°C, Clouds, humidity: 41%
2026-07-11 07:20:25,805 - root - INFO - [953/1205] Fetching weather for Apátfalva...
2026-07-11 07:20:25,925 - root - INFO - Fetched weather for Apátfalva: 23.9°C, Clouds, humidity: 43%
2026-07-11 07:20:27,027 - root - INFO - [954/1205] Fetching weather for Magyarcsanád...
2026-07-11 07:20:27,187 - root - INFO - Fetched weather for Magyarcsanád: 23.9°C, Clouds, humidity: 44%
2026-07-11 07:20:28,290 - root - INFO - [955/1205] Fetching weather for Nagylak...
2026-07-11 07:20:28,422 - root - INFO - Fetched weather for Nagylak: 24.5°C, Clouds, humidity: 45%
2026-07-11 07:20:29,524 - root - INFO - [956/1205] Fetching weather for Nagylaki Kendergyár...
2026-07-11 07:20:29,670 - root - INFO - Fetched weather for Nagylaki Kendergyár: 24.5°C, Clouds, humidity: 46%
2026-07-11 07:20:30,773 - root - INFO - [957/1205] Fetching weather for Csanádpalota...
2026-07-11 07:20:30,925 - root - INFO - Fetched weather for Csanádpalota: 24.5°C, Clouds, humidity: 46%
2026-07-11 07:20:32,027 - root - INFO - [958/1205] Fetching weather for Mezőhegyes...
2026-07-11 07:20:32,189 - root - INFO - Fetched weather for Mezőhegyes: 24.5°C, Clouds, humidity: 46%
2026-07-11 07:20:33,291 - root - INFO - [959/1205] Fetching weather for Végegyháza...
2026-07-11 07:20:33,405 - root - INFO - Fetched weather for Végegyháza: 24.5°C, Clouds, humidity: 45%
2026-07-11 07:20:34,507 - root - INFO - [960/1205] Fetching weather for Mezőkovácsháza...
2026-07-11 07:20:34,627 - root - INFO - Fetched weather for Mezőkovácsháza: 24.5°C, Clouds, humidity: 45%
2026-07-11 07:20:35,729 - root - INFO - [961/1205] Fetching weather for Mezőkovácsháza felső...
2026-07-11 07:20:35,859 - root - INFO - Fetched weather for Mezőkovácsháza felső: 24.5°C, Clouds, humidity: 45%
2026-07-11 07:20:36,961 - root - INFO - [962/1205] Fetching weather for Magyarbánhegyes...
2026-07-11 07:20:37,110 - root - INFO - Fetched weather for Magyarbánhegyes: 24.9°C, Clouds, humidity: 45%
2026-07-11 07:20:38,212 - root - INFO - [963/1205] Fetching weather for Medgyesegyháza...
2026-07-11 07:20:38,356 - root - INFO - Fetched weather for Medgyesegyháza: 24.9°C, Clouds, humidity: 44%
2026-07-11 07:20:39,458 - root - INFO - [964/1205] Fetching weather for Bánkút...
2026-07-11 07:20:39,620 - root - INFO - Fetched weather for Bánkút: 24.9°C, Clouds, humidity: 38%
2026-07-11 07:20:40,722 - root - INFO - [965/1205] Fetching weather for Belsőperegpuszta...
2026-07-11 07:20:40,850 - root - INFO - Fetched weather for Belsőperegpuszta: 24.5°C, Clouds, humidity: 46%
2026-07-11 07:20:41,952 - root - INFO - [966/1205] Fetching weather for Battonya...
2026-07-11 07:20:42,121 - root - INFO - Fetched weather for Battonya: 24.5°C, Clouds, humidity: 100%
2026-07-11 07:20:43,223 - root - INFO - [967/1205] Fetching weather for Baja-Dunafürdő...
2026-07-11 07:20:43,339 - root - INFO - Fetched weather for Baja-Dunafürdő: 25.1°C, Clear, humidity: 37%
2026-07-11 07:20:44,441 - root - INFO - [968/1205] Fetching weather for Kaposszekcső...
2026-07-11 07:20:44,587 - root - INFO - Fetched weather for Kaposszekcső: 24.8°C, Clear, humidity: 46%
2026-07-11 07:20:45,689 - root - INFO - [969/1205] Fetching weather for Vásárosdombó...
2026-07-11 07:20:45,836 - root - INFO - Fetched weather for Vásárosdombó: 24.7°C, Clear, humidity: 48%
2026-07-11 07:20:46,938 - root - INFO - [970/1205] Fetching weather for Sásd...
2026-07-11 07:20:47,097 - root - INFO - Fetched weather for Sásd: 24.6°C, Clear, humidity: 50%
2026-07-11 07:20:48,202 - root - INFO - [971/1205] Fetching weather for Godisa...
2026-07-11 07:20:48,349 - root - INFO - Fetched weather for Godisa: 24.4°C, Clear, humidity: 51%
2026-07-11 07:20:49,452 - root - INFO - [972/1205] Fetching weather for Abaliget...
2026-07-11 07:20:49,614 - root - INFO - Fetched weather for Abaliget: 24.3°C, Clear, humidity: 54%
2026-07-11 07:20:50,716 - root - INFO - [973/1205] Fetching weather for Hetvehely...
2026-07-11 07:20:50,891 - root - INFO - Fetched weather for Hetvehely: 24.5°C, Clear, humidity: 55%
2026-07-11 07:20:51,993 - root - INFO - [974/1205] Fetching weather for Bükkösd...
2026-07-11 07:20:52,137 - root - INFO - Fetched weather for Bükkösd: 24.4°C, Clear, humidity: 55%
2026-07-11 07:20:53,240 - root - INFO - [975/1205] Fetching weather for Cserdi-Helesfa...
2026-07-11 07:20:53,410 - root - INFO - Fetched weather for Cserdi-Helesfa: 24.4°C, Clear, humidity: 55%
2026-07-11 07:20:54,512 - root - INFO - [976/1205] Fetching weather for Szentlőrinc...
2026-07-11 07:20:54,628 - root - INFO - Fetched weather for Szentlőrinc: 25.0°C, Clear, humidity: 56%
2026-07-11 07:20:55,730 - root - INFO - [977/1205] Fetching weather for Bicsérd...
2026-07-11 07:20:55,877 - root - INFO - Fetched weather for Bicsérd: 24.9°C, Clear, humidity: 56%
2026-07-11 07:20:56,979 - root - INFO - [978/1205] Fetching weather for Mecsekalja-Cserkút...
2026-07-11 07:20:57,151 - root - INFO - Fetched weather for Mecsekalja-Cserkút: 26.2°C, Clear, humidity: 55%
2026-07-11 07:20:58,253 - root - INFO - [979/1205] Fetching weather for Pécs...
2026-07-11 07:20:58,406 - root - INFO - Fetched weather for Pécs: 26.1°C, Clear, humidity: 40%
2026-07-11 07:20:59,508 - root - INFO - [980/1205] Fetching weather for Pécs-Külváros...
2026-07-11 07:20:59,681 - root - INFO - Fetched weather for Pécs-Külváros: 26.1°C, Clear, humidity: 40%
2026-07-11 07:21:00,784 - root - INFO - [981/1205] Fetching weather for Pécsbánya-Rendező...
2026-07-11 07:21:00,943 - root - INFO - Fetched weather for Pécsbánya-Rendező: 26.0°C, Clear, humidity: 40%
2026-07-11 07:21:02,045 - root - INFO - [982/1205] Fetching weather for Pécsudvard...
2026-07-11 07:21:02,177 - root - INFO - Fetched weather for Pécsudvard: 25.9°C, Clear, humidity: 40%
2026-07-11 07:21:03,279 - root - INFO - [983/1205] Fetching weather for Szőkéd...
2026-07-11 07:21:03,428 - root - INFO - Fetched weather for Szőkéd: 26.1°C, Clear, humidity: 40%
2026-07-11 07:21:04,530 - root - INFO - [984/1205] Fetching weather for Áta...
2026-07-11 07:21:04,689 - root - INFO - Fetched weather for Áta: 26.5°C, Clear, humidity: 56%
2026-07-11 07:21:05,792 - root - INFO - [985/1205] Fetching weather for Kistótfalu...
2026-07-11 07:21:05,954 - root - INFO - Fetched weather for Kistótfalu: 26.6°C, Rain, humidity: 56%
2026-07-11 07:21:07,056 - root - INFO - [986/1205] Fetching weather for Vokány...
2026-07-11 07:21:07,204 - root - INFO - Fetched weather for Vokány: 26.5°C, Rain, humidity: 56%
2026-07-11 07:21:08,306 - root - INFO - [987/1205] Fetching weather for Palkonya...
2026-07-11 07:21:08,438 - root - INFO - Fetched weather for Palkonya: 26.6°C, Clear, humidity: 56%
2026-07-11 07:21:09,540 - root - INFO - [988/1205] Fetching weather for Villánykövesd...
2026-07-11 07:21:09,676 - root - INFO - Fetched weather for Villánykövesd: 26.5°C, Clear, humidity: 56%
2026-07-11 07:21:10,779 - root - INFO - [989/1205] Fetching weather for Villány...
2026-07-11 07:21:10,937 - root - INFO - Fetched weather for Villány: 26.6°C, Clear, humidity: 56%
2026-07-11 07:21:12,039 - root - INFO - [990/1205] Fetching weather for Magyarbóly...
2026-07-11 07:21:12,197 - root - INFO - Fetched weather for Magyarbóly: 26.7°C, Clear, humidity: 56%
2026-07-11 07:21:13,299 - root - INFO - [991/1205] Fetching weather for Magyarszék...
2026-07-11 07:21:13,463 - root - INFO - Fetched weather for Magyarszék: 25.9°C, Clear, humidity: 51%
2026-07-11 07:21:14,565 - root - INFO - [992/1205] Fetching weather for Mecsekpölöske...
2026-07-11 07:21:14,731 - root - INFO - Fetched weather for Mecsekpölöske: 25.8°C, Clear, humidity: 50%
2026-07-11 07:21:15,833 - root - INFO - [993/1205] Fetching weather for Mecsekjánosi...
2026-07-11 07:21:15,961 - root - INFO - Fetched weather for Mecsekjánosi: 25.7°C, Clear, humidity: 49%
2026-07-11 07:21:17,063 - root - INFO - [994/1205] Fetching weather for Komló...
2026-07-11 07:21:17,210 - root - INFO - Fetched weather for Komló: 25.4°C, Clear, humidity: 50%
2026-07-11 07:21:18,312 - root - INFO - [995/1205] Fetching weather for Királyegyháza-Rigópuszta...
2026-07-11 07:21:18,474 - root - INFO - Fetched weather for Királyegyháza-Rigópuszta: 25.1°C, Clear, humidity: 57%
2026-07-11 07:21:19,577 - root - INFO - [996/1205] Fetching weather for Sumony...
2026-07-11 07:21:19,718 - root - INFO - Fetched weather for Sumony: 25.1°C, Clear, humidity: 58%
2026-07-11 07:21:20,820 - root - INFO - [997/1205] Fetching weather for Okorág-Kárászpuszta...
2026-07-11 07:21:20,982 - root - INFO - Fetched weather for Okorág-Kárászpuszta: 25.1°C, Clear, humidity: 59%
2026-07-11 07:21:22,084 - root - INFO - [998/1205] Fetching weather for Kákics...
2026-07-11 07:21:22,232 - root - INFO - Fetched weather for Kákics: 25.0°C, Clear, humidity: 60%
2026-07-11 07:21:23,335 - root - INFO - [999/1205] Fetching weather for Bóly...
2026-07-11 07:21:23,481 - root - INFO - Fetched weather for Bóly: 26.5°C, Clear, humidity: 56%
2026-07-11 07:21:24,583 - root - INFO - [1000/1205] Fetching weather for Mohács...
2026-07-11 07:21:24,730 - root - INFO - Fetched weather for Mohács: 26.4°C, Clear, humidity: 40%
2026-07-11 07:21:25,832 - root - INFO - [1001/1205] Fetching weather for Sellye...
2026-07-11 07:21:25,995 - root - INFO - Fetched weather for Sellye: 25.1°C, Clear, humidity: 59%
2026-07-11 07:21:27,097 - root - INFO - [1002/1205] Fetching weather for Toponár...
2026-07-11 07:21:27,242 - root - INFO - Fetched weather for Toponár: 24.5°C, Clear, humidity: 47%
2026-07-11 07:21:28,344 - root - INFO - [1003/1205] Fetching weather for Somogyaszaló...
2026-07-11 07:21:28,527 - root - INFO - Fetched weather for Somogyaszaló: 24.4°C, Clear, humidity: 45%
2026-07-11 07:21:29,629 - root - INFO - [1004/1205] Fetching weather for Mernye...
2026-07-11 07:21:29,791 - root - INFO - Fetched weather for Mernye: 24.4°C, Clear, humidity: 43%
2026-07-11 07:21:30,894 - root - INFO - [1005/1205] Fetching weather for Felsőmocsolád...
2026-07-11 07:21:31,024 - root - INFO - Fetched weather for Felsőmocsolád: 24.3°C, Clear, humidity: 43%
2026-07-11 07:21:32,126 - root - INFO - [1006/1205] Fetching weather for Kisbárapáti...
2026-07-11 07:21:32,279 - root - INFO - Fetched weather for Kisbárapáti: 24.1°C, Clear, humidity: 41%
2026-07-11 07:21:33,381 - root - INFO - [1007/1205] Fetching weather for Bonnya...
2026-07-11 07:21:33,544 - root - INFO - Fetched weather for Bonnya: 24.4°C, Clear, humidity: 41%
2026-07-11 07:21:34,646 - root - INFO - [1008/1205] Fetching weather for Andocs...
2026-07-11 07:21:34,787 - root - INFO - Fetched weather for Andocs: 23.8°C, Clear, humidity: 41%
2026-07-11 07:21:35,889 - root - INFO - [1009/1205] Fetching weather for Karád...
2026-07-11 07:21:36,050 - root - INFO - Fetched weather for Karád: 24.1°C, Clear, humidity: 41%
2026-07-11 07:21:37,152 - root - INFO - [1010/1205] Fetching weather for Somogymeggyes...
2026-07-11 07:21:37,287 - root - INFO - Fetched weather for Somogymeggyes: 23.7°C, Clear, humidity: 41%
2026-07-11 07:21:38,389 - root - INFO - [1011/1205] Fetching weather for Kapoly...
2026-07-11 07:21:38,525 - root - INFO - Fetched weather for Kapoly: 24.0°C, Clear, humidity: 40%
2026-07-11 07:21:39,626 - root - INFO - [1012/1205] Fetching weather for Tab...
2026-07-11 07:21:39,782 - root - INFO - Fetched weather for Tab: 23.0°C, Clear, humidity: 40%
2026-07-11 07:21:40,884 - root - INFO - [1013/1205] Fetching weather for Bábonymegyer...
2026-07-11 07:21:41,057 - root - INFO - Fetched weather for Bábonymegyer: 23.1°C, Clear, humidity: 76%
2026-07-11 07:21:42,159 - root - INFO - [1014/1205] Fetching weather for Daránypuszta...
2026-07-11 07:21:42,296 - root - INFO - Fetched weather for Daránypuszta: 23.2°C, Clear, humidity: 76%
2026-07-11 07:21:43,398 - root - INFO - [1015/1205] Fetching weather for Som-Nagyberény...
2026-07-11 07:21:43,562 - root - INFO - Fetched weather for Som-Nagyberény: 23.2°C, Clouds, humidity: 76%
2026-07-11 07:21:44,664 - root - INFO - [1016/1205] Fetching weather for Ádánd...
2026-07-11 07:21:44,795 - root - INFO - Fetched weather for Ádánd: 23.3°C, Clouds, humidity: 76%
2026-07-11 07:21:45,897 - root - INFO - [1017/1205] Fetching weather for Siójut...
2026-07-11 07:21:46,028 - root - INFO - Fetched weather for Siójut: 23.3°C, Clouds, humidity: 76%
2026-07-11 07:21:47,130 - root - INFO - [1018/1205] Fetching weather for Kapostüskevár...
2026-07-11 07:21:47,280 - root - INFO - Fetched weather for Kapostüskevár: 24.6°C, Clear, humidity: 49%
2026-07-11 07:21:48,383 - root - INFO - [1019/1205] Fetching weather for Kaposfüred...
2026-07-11 07:21:48,565 - root - INFO - Fetched weather for Kaposfüred: 24.5°C, Clear, humidity: 47%
2026-07-11 07:21:49,667 - root - INFO - [1020/1205] Fetching weather for Várda...
2026-07-11 07:21:49,851 - root - INFO - Fetched weather for Várda: 24.3°C, Clear, humidity: 46%
2026-07-11 07:21:50,953 - root - INFO - [1021/1205] Fetching weather for Somogyjád...
2026-07-11 07:21:51,095 - root - INFO - Fetched weather for Somogyjád: 24.4°C, Clear, humidity: 46%
2026-07-11 07:21:52,197 - root - INFO - [1022/1205] Fetching weather for Osztopán...
2026-07-11 07:21:52,357 - root - INFO - Fetched weather for Osztopán: 24.3°C, Clear, humidity: 46%
2026-07-11 07:21:53,459 - root - INFO - [1023/1205] Fetching weather for Pamuk...
2026-07-11 07:21:53,591 - root - INFO - Fetched weather for Pamuk: 24.4°C, Clear, humidity: 46%
2026-07-11 07:21:54,693 - root - INFO - [1024/1205] Fetching weather for Somogyvár...
2026-07-11 07:21:54,841 - root - INFO - Fetched weather for Somogyvár: 24.4°C, Clear, humidity: 45%
2026-07-11 07:21:55,943 - root - INFO - [1025/1205] Fetching weather for Öreglak...
2026-07-11 07:21:56,121 - root - INFO - Fetched weather for Öreglak: 24.4°C, Clear, humidity: 45%
2026-07-11 07:21:57,223 - root - INFO - [1026/1205] Fetching weather for Tatárvár...
2026-07-11 07:21:57,401 - root - INFO - Fetched weather for Tatárvár: 24.2°C, Clear, humidity: 46%
2026-07-11 07:21:58,503 - root - INFO - [1027/1205] Fetching weather for Lengyeltóti...
2026-07-11 07:21:58,645 - root - INFO - Fetched weather for Lengyeltóti: 24.3°C, Clear, humidity: 45%
2026-07-11 07:21:59,747 - root - INFO - [1028/1205] Fetching weather for Pusztaberény...
2026-07-11 07:21:59,934 - root - INFO - Fetched weather for Pusztaberény: 24.4°C, Clear, humidity: 45%
2026-07-11 07:22:01,036 - root - INFO - [1029/1205] Fetching weather for Örkény...
2026-07-11 07:22:01,168 - root - INFO - Fetched weather for Örkény: 23.6°C, Clouds, humidity: 43%
2026-07-11 07:22:02,270 - root - INFO - [1030/1205] Fetching weather for Táborfalva...
2026-07-11 07:22:02,432 - root - INFO - Fetched weather for Táborfalva: 23.5°C, Clouds, humidity: 43%
2026-07-11 07:22:03,534 - root - INFO - [1031/1205] Fetching weather for Felsőlajos...
2026-07-11 07:22:03,694 - root - INFO - Fetched weather for Felsőlajos: 23.5°C, Clouds, humidity: 42%
2026-07-11 07:22:04,796 - root - INFO - [1032/1205] Fetching weather for Lajosmizse...
2026-07-11 07:22:04,956 - root - INFO - Fetched weather for Lajosmizse: 23.4°C, Clouds, humidity: 42%
2026-07-11 07:22:06,058 - root - INFO - [1033/1205] Fetching weather for Lajosmizse alsó...
2026-07-11 07:22:06,194 - root - INFO - Fetched weather for Lajosmizse alsó: 23.4°C, Clouds, humidity: 42%
2026-07-11 07:22:07,296 - root - INFO - [1034/1205] Fetching weather for Klábertelep...
2026-07-11 07:22:07,457 - root - INFO - Fetched weather for Klábertelep: 23.2°C, Clouds, humidity: 43%
2026-07-11 07:22:08,560 - root - INFO - [1035/1205] Fetching weather for Méntelek...
2026-07-11 07:22:08,687 - root - INFO - Fetched weather for Méntelek: 23.2°C, Clouds, humidity: 43%
2026-07-11 07:22:09,789 - root - INFO - [1036/1205] Fetching weather for Hetényegyháza...
2026-07-11 07:22:09,953 - root - INFO - Fetched weather for Hetényegyháza: 23.1°C, Clouds, humidity: 43%
2026-07-11 07:22:11,055 - root - INFO - [1037/1205] Fetching weather for Kecskemét-Máriaváros...
2026-07-11 07:22:11,227 - root - INFO - Fetched weather for Kecskemét-Máriaváros: 26.0°C, Clouds, humidity: 44%
2026-07-11 07:22:12,329 - root - INFO - [1038/1205] Fetching weather for Nyársapát...
2026-07-11 07:22:12,495 - root - INFO - Fetched weather for Nyársapát: 23.3°C, Clouds, humidity: 46%
2026-07-11 07:22:13,597 - root - INFO - [1039/1205] Fetching weather for Nagykőrös...
2026-07-11 07:22:13,760 - root - INFO - Fetched weather for Nagykőrös: 22.6°C, Clouds, humidity: 46%
2026-07-11 07:22:14,863 - root - INFO - [1040/1205] Fetching weather for Katonatelep...
2026-07-11 07:22:15,024 - root - INFO - Fetched weather for Katonatelep: 22.9°C, Clouds, humidity: 45%
2026-07-11 07:22:16,126 - root - INFO - [1041/1205] Fetching weather for Kecskemét...
2026-07-11 07:22:16,260 - root - INFO - Fetched weather for Kecskemét: 26.0°C, Clouds, humidity: 44%
2026-07-11 07:22:17,362 - root - INFO - [1042/1205] Fetching weather for Városföld...
2026-07-11 07:22:17,520 - root - INFO - Fetched weather for Városföld: 26.0°C, Clouds, humidity: 35%
2026-07-11 07:22:18,623 - root - INFO - [1043/1205] Fetching weather for Kiskunfélegyháza...
2026-07-11 07:22:18,795 - root - INFO - Fetched weather for Kiskunfélegyháza: 26.1°C, Clouds, humidity: 35%
2026-07-11 07:22:19,898 - root - INFO - [1044/1205] Fetching weather for Petőfiszállás...
2026-07-11 07:22:20,094 - root - INFO - Fetched weather for Petőfiszállás: 26.1°C, Clouds, humidity: 35%
2026-07-11 07:22:21,196 - root - INFO - [1045/1205] Fetching weather for Csengele...
2026-07-11 07:22:21,569 - root - INFO - Fetched weather for Csengele: 26.1°C, Clouds, humidity: 35%
2026-07-11 07:22:22,671 - root - INFO - [1046/1205] Fetching weather for Kistelek...
2026-07-11 07:22:22,958 - root - INFO - Fetched weather for Kistelek: 23.9°C, Clouds, humidity: 35%
2026-07-11 07:22:24,061 - root - INFO - [1047/1205] Fetching weather for Balástya...
2026-07-11 07:22:24,284 - root - INFO - Fetched weather for Balástya: 23.9°C, Clouds, humidity: 35%
2026-07-11 07:22:25,387 - root - INFO - [1048/1205] Fetching weather for Szatymaz...
2026-07-11 07:22:25,543 - root - INFO - Fetched weather for Szatymaz: 23.9°C, Clouds, humidity: 35%
2026-07-11 07:22:26,645 - root - INFO - [1049/1205] Fetching weather for Kiskundorozsma...
2026-07-11 07:22:26,804 - root - INFO - Fetched weather for Kiskundorozsma: 24.0°C, Clouds, humidity: 35%
2026-07-11 07:22:27,907 - root - INFO - [1050/1205] Fetching weather for Szeged...
2026-07-11 07:22:28,073 - root - INFO - Fetched weather for Szeged: 23.9°C, Clouds, humidity: 35%
2026-07-11 07:22:29,175 - root - INFO - [1051/1205] Fetching weather for Alsóúrrét...
2026-07-11 07:22:29,343 - root - INFO - Fetched weather for Alsóúrrét: 26.0°C, Clouds, humidity: 45%
2026-07-11 07:22:30,445 - root - INFO - [1052/1205] Fetching weather for Nyárlőrinc...
2026-07-11 07:22:30,579 - root - INFO - Fetched weather for Nyárlőrinc: 26.1°C, Clouds, humidity: 35%
2026-07-11 07:22:31,681 - root - INFO - [1053/1205] Fetching weather for Világoshegy...
2026-07-11 07:22:31,809 - root - INFO - Fetched weather for Világoshegy: 26.1°C, Clouds, humidity: 35%
2026-07-11 07:22:32,911 - root - INFO - [1054/1205] Fetching weather for Szikra...
2026-07-11 07:22:33,060 - root - INFO - Fetched weather for Szikra: 26.1°C, Clouds, humidity: 35%
2026-07-11 07:22:34,163 - root - INFO - [1055/1205] Fetching weather for Lakitelek...
2026-07-11 07:22:34,325 - root - INFO - Fetched weather for Lakitelek: 26.1°C, Clouds, humidity: 44%
2026-07-11 07:22:35,427 - root - INFO - [1056/1205] Fetching weather for Tiszaug...
2026-07-11 07:22:35,587 - root - INFO - Fetched weather for Tiszaug: 26.2°C, Clouds, humidity: 43%
2026-07-11 07:22:36,689 - root - INFO - [1057/1205] Fetching weather for Tiszasas...
2026-07-11 07:22:36,849 - root - INFO - Fetched weather for Tiszasas: 26.2°C, Clouds, humidity: 43%
2026-07-11 07:22:37,951 - root - INFO - [1058/1205] Fetching weather for Csépa...
2026-07-11 07:22:38,124 - root - INFO - Fetched weather for Csépa: 26.3°C, Clouds, humidity: 32%
2026-07-11 07:22:39,226 - root - INFO - [1059/1205] Fetching weather for Szelevény...
2026-07-11 07:22:39,361 - root - INFO - Fetched weather for Szelevény: 26.4°C, Clouds, humidity: 31%
2026-07-11 07:22:40,463 - root - INFO - [1060/1205] Fetching weather for Gátér...
2026-07-11 07:22:40,610 - root - INFO - Fetched weather for Gátér: 26.2°C, Clouds, humidity: 35%
2026-07-11 07:22:41,713 - root - INFO - [1061/1205] Fetching weather for Kónyaszék...
2026-07-11 07:22:41,876 - root - INFO - Fetched weather for Kónyaszék: 26.2°C, Clouds, humidity: 33%
2026-07-11 07:22:42,978 - root - INFO - [1062/1205] Fetching weather for Csongrád...
2026-07-11 07:22:43,145 - root - INFO - Fetched weather for Csongrád: 26.3°C, Clouds, humidity: 32%
2026-07-11 07:22:44,247 - root - INFO - [1063/1205] Fetching weather for Hékéd...
2026-07-11 07:22:44,409 - root - INFO - Fetched weather for Hékéd: 26.1°C, Clouds, humidity: 32%
2026-07-11 07:22:45,511 - root - INFO - [1064/1205] Fetching weather for Fábiánsebestyén...
2026-07-11 07:22:45,672 - root - INFO - Fetched weather for Fábiánsebestyén: 26.7°C, Clouds, humidity: 31%
2026-07-11 07:22:46,774 - root - INFO - [1065/1205] Fetching weather for Gádoros...
2026-07-11 07:22:46,902 - root - INFO - Fetched weather for Gádoros: 26.6°C, Clouds, humidity: 31%
2026-07-11 07:22:48,004 - root - INFO - [1066/1205] Fetching weather for Justhmajor...
2026-07-11 07:22:48,150 - root - INFO - Fetched weather for Justhmajor: 26.6°C, Clouds, humidity: 44%
2026-07-11 07:22:49,252 - root - INFO - [1067/1205] Fetching weather for Szentetornya...
2026-07-11 07:22:49,413 - root - INFO - Fetched weather for Szentetornya: 26.6°C, Clouds, humidity: 44%
2026-07-11 07:22:50,516 - root - INFO - [1068/1205] Fetching weather for Gyopárosfürdő...
2026-07-11 07:22:50,674 - root - INFO - Fetched weather for Gyopárosfürdő: 26.6°C, Clouds, humidity: 44%
2026-07-11 07:22:51,776 - root - INFO - [1069/1205] Fetching weather for Szabadságliget...
2026-07-11 07:22:51,936 - root - INFO - Fetched weather for Szabadságliget: 24.6°C, Clouds, humidity: 43%
2026-07-11 07:22:53,038 - root - INFO - [1070/1205] Fetching weather for Röszke...
2026-07-11 07:22:53,173 - root - INFO - Fetched weather for Röszke: 24.0°C, Clouds, humidity: 35%
2026-07-11 07:22:54,275 - root - INFO - [1071/1205] Fetching weather for Tószeg...
2026-07-11 07:22:54,458 - root - INFO - Fetched weather for Tószeg: 22.8°C, Clouds, humidity: 54%
2026-07-11 07:22:55,560 - root - INFO - [1072/1205] Fetching weather for Tiszavárkony...
2026-07-11 07:22:55,707 - root - INFO - Fetched weather for Tiszavárkony: 22.8°C, Clouds, humidity: 54%
2026-07-11 07:22:56,810 - root - INFO - [1073/1205] Fetching weather for Tiszajenő-Vezseny...
2026-07-11 07:22:56,979 - root - INFO - Fetched weather for Tiszajenő-Vezseny: 22.8°C, Clouds, humidity: 54%
2026-07-11 07:22:58,081 - root - INFO - [1074/1205] Fetching weather for Újbög...
2026-07-11 07:22:58,246 - root - INFO - Fetched weather for Újbög: 22.8°C, Clouds, humidity: 54%
2026-07-11 07:22:59,348 - root - INFO - [1075/1205] Fetching weather for Tiszakécske...
2026-07-11 07:22:59,513 - root - INFO - Fetched weather for Tiszakécske: 22.8°C, Clouds, humidity: 54%
2026-07-11 07:23:00,616 - root - INFO - [1076/1205] Fetching weather for Kerekdomb...
2026-07-11 07:23:00,745 - root - INFO - Fetched weather for Kerekdomb: 22.8°C, Clouds, humidity: 44%
2026-07-11 07:23:01,848 - root - INFO - [1077/1205] Fetching weather for Tiszaalpár...
2026-07-11 07:23:02,009 - root - INFO - Fetched weather for Tiszaalpár: 26.1°C, Clouds, humidity: 35%
2026-07-11 07:23:03,112 - root - INFO - [1078/1205] Fetching weather for Tiszaalpár alsó...
2026-07-11 07:23:03,256 - root - INFO - Fetched weather for Tiszaalpár alsó: 26.1°C, Clouds, humidity: 35%
2026-07-11 07:23:04,358 - root - INFO - [1079/1205] Fetching weather for Tiszatenyő...
2026-07-11 07:23:04,516 - root - INFO - Fetched weather for Tiszatenyő: 22.8°C, Clouds, humidity: 54%
2026-07-11 07:23:05,618 - root - INFO - [1080/1205] Fetching weather for Pusztapó...
2026-07-11 07:23:05,782 - root - INFO - Fetched weather for Pusztapó: 22.8°C, Clouds, humidity: 45%
2026-07-11 07:23:06,885 - root - INFO - [1081/1205] Fetching weather for Kétpó...
2026-07-11 07:23:07,045 - root - INFO - Fetched weather for Kétpó: 22.8°C, Clouds, humidity: 44%
2026-07-11 07:23:08,147 - root - INFO - [1082/1205] Fetching weather for Mezőtúr...
2026-07-11 07:23:08,277 - root - INFO - Fetched weather for Mezőtúr: 22.6°C, Clear, humidity: 43%
2026-07-11 07:23:09,379 - root - INFO - [1083/1205] Fetching weather for Nagylapos...
2026-07-11 07:23:09,553 - root - INFO - Fetched weather for Nagylapos: 22.7°C, Clouds, humidity: 41%
2026-07-11 07:23:10,655 - root - INFO - [1084/1205] Fetching weather for Gyoma...
2026-07-11 07:23:10,804 - root - INFO - Fetched weather for Gyoma: 22.7°C, Clouds, humidity: 41%
2026-07-11 07:23:11,905 - root - INFO - [1085/1205] Fetching weather for Csárdaszállás...
2026-07-11 07:23:12,081 - root - INFO - Fetched weather for Csárdaszállás: 26.1°C, Clouds, humidity: 41%
2026-07-11 07:23:13,183 - root - INFO - [1086/1205] Fetching weather for Mezőberény...
2026-07-11 07:23:13,342 - root - INFO - Fetched weather for Mezőberény: 26.1°C, Clouds, humidity: 35%
2026-07-11 07:23:14,443 - root - INFO - [1087/1205] Fetching weather for Murony...
2026-07-11 07:23:14,604 - root - INFO - Fetched weather for Murony: 26.1°C, Clouds, humidity: 35%
2026-07-11 07:23:15,707 - root - INFO - [1088/1205] Fetching weather for Békéscsaba...
2026-07-11 07:23:15,838 - root - INFO - Fetched weather for Békéscsaba: 26.1°C, Clouds, humidity: 35%
2026-07-11 07:23:16,940 - root - INFO - [1089/1205] Fetching weather for Kétegyháza...
2026-07-11 07:23:17,103 - root - INFO - Fetched weather for Kétegyháza: 26.1°C, Clouds, humidity: 35%
2026-07-11 07:23:18,205 - root - INFO - [1090/1205] Fetching weather for Lőkösháza...
2026-07-11 07:23:18,357 - root - INFO - Fetched weather for Lőkösháza: 25.6°C, Clouds, humidity: 44%
2026-07-11 07:23:19,460 - root - INFO - [1091/1205] Fetching weather for Kengyel...
2026-07-11 07:23:19,620 - root - INFO - Fetched weather for Kengyel: 22.8°C, Clouds, humidity: 54%
2026-07-11 07:23:20,722 - root - INFO - [1092/1205] Fetching weather for Bagimajor...
2026-07-11 07:23:20,879 - root - INFO - Fetched weather for Bagimajor: 22.8°C, Clouds, humidity: 54%
2026-07-11 07:23:21,981 - root - INFO - [1093/1205] Fetching weather for Martfű...
2026-07-11 07:23:22,146 - root - INFO - Fetched weather for Martfű: 22.8°C, Clouds, humidity: 54%
2026-07-11 07:23:23,248 - root - INFO - [1094/1205] Fetching weather for Tiszaföldvár...
2026-07-11 07:23:23,378 - root - INFO - Fetched weather for Tiszaföldvár: 22.8°C, Clouds, humidity: 54%
2026-07-11 07:23:24,480 - root - INFO - [1095/1205] Fetching weather for Homok...
2026-07-11 07:23:24,633 - root - INFO - Fetched weather for Homok: 22.8°C, Clouds, humidity: 54%
2026-07-11 07:23:25,735 - root - INFO - [1096/1205] Fetching weather for Kungyalu...
2026-07-11 07:23:25,886 - root - INFO - Fetched weather for Kungyalu: 26.7°C, Clouds, humidity: 42%
2026-07-11 07:23:26,989 - root - INFO - [1097/1205] Fetching weather for Kunszentmárton...
2026-07-11 07:23:27,149 - root - INFO - Fetched weather for Kunszentmárton: 26.6°C, Clouds, humidity: 31%
2026-07-11 07:23:28,251 - root - INFO - [1098/1205] Fetching weather for Nagytőke...
2026-07-11 07:23:28,415 - root - INFO - Fetched weather for Nagytőke: 26.7°C, Clouds, humidity: 31%
2026-07-11 07:23:29,518 - root - INFO - [1099/1205] Fetching weather for Szentes...
2026-07-11 07:23:29,678 - root - INFO - Fetched weather for Szentes: 26.1°C, Clouds, humidity: 32%
2026-07-11 07:23:30,780 - root - INFO - [1100/1205] Fetching weather for Szegvár...
2026-07-11 07:23:30,918 - root - INFO - Fetched weather for Szegvár: 26.1°C, Clouds, humidity: 32%
2026-07-11 07:23:32,020 - root - INFO - [1101/1205] Fetching weather for Mindszent...
2026-07-11 07:23:32,186 - root - INFO - Fetched weather for Mindszent: 26.1°C, Clear, humidity: 32%
2026-07-11 07:23:33,287 - root - INFO - [1102/1205] Fetching weather for Mártély...
2026-07-11 07:23:33,433 - root - INFO - Fetched weather for Mártély: 26.2°C, Clouds, humidity: 39%
2026-07-11 07:23:34,535 - root - INFO - [1103/1205] Fetching weather for Pusztabánréve...
2026-07-11 07:23:34,696 - root - INFO - Fetched weather for Pusztabánréve: 22.5°C, Clouds, humidity: 42%
2026-07-11 07:23:35,799 - root - INFO - [1104/1205] Fetching weather for Szarvas...
2026-07-11 07:23:35,987 - root - INFO - Fetched weather for Szarvas: 26.7°C, Clouds, humidity: 42%
2026-07-11 07:23:37,089 - root - INFO - [1105/1205] Fetching weather for Csabacsűd...
2026-07-11 07:23:37,248 - root - INFO - Fetched weather for Csabacsűd: 26.7°C, Clouds, humidity: 42%
2026-07-11 07:23:38,350 - root - INFO - [1106/1205] Fetching weather for Kisszénás...
2026-07-11 07:23:38,490 - root - INFO - Fetched weather for Kisszénás: 26.7°C, Clouds, humidity: 42%
2026-07-11 07:23:39,592 - root - INFO - [1107/1205] Fetching weather for Kiscsákó...
2026-07-11 07:23:39,738 - root - INFO - Fetched weather for Kiscsákó: 26.7°C, Clouds, humidity: 42%
2026-07-11 07:23:40,840 - root - INFO - [1108/1205] Fetching weather for Nagyszénás...
2026-07-11 07:23:41,007 - root - INFO - Fetched weather for Nagyszénás: 26.6°C, Clouds, humidity: 43%
2026-07-11 07:23:42,109 - root - INFO - [1109/1205] Fetching weather for Kardoskút...
2026-07-11 07:23:42,257 - root - INFO - Fetched weather for Kardoskút: 22.8°C, Clouds, humidity: 44%
2026-07-11 07:23:43,359 - root - INFO - [1110/1205] Fetching weather for Tótkomlós...
2026-07-11 07:23:43,528 - root - INFO - Fetched weather for Tótkomlós: 23.0°C, Clouds, humidity: 45%
2026-07-11 07:23:44,630 - root - INFO - [1111/1205] Fetching weather for Nagyér...
2026-07-11 07:23:44,794 - root - INFO - Fetched weather for Nagyér: 23.1°C, Clouds, humidity: 45%
2026-07-11 07:23:45,896 - root - INFO - [1112/1205] Fetching weather for Pitvaros...
2026-07-11 07:23:46,030 - root - INFO - Fetched weather for Pitvaros: 23.2°C, Clouds, humidity: 46%
2026-07-11 07:23:47,132 - root - INFO - [1113/1205] Fetching weather for Dévaványa...
2026-07-11 07:23:47,303 - root - INFO - Fetched weather for Dévaványa: 22.6°C, Clouds, humidity: 41%
2026-07-11 07:23:48,405 - root - INFO - [1114/1205] Fetching weather for Körösladány...
2026-07-11 07:23:48,565 - root - INFO - Fetched weather for Körösladány: 22.6°C, Clouds, humidity: 41%
2026-07-11 07:23:49,667 - root - INFO - [1115/1205] Fetching weather for Szeghalom...
2026-07-11 07:23:49,819 - root - INFO - Fetched weather for Szeghalom: 22.4°C, Clouds, humidity: 43%
2026-07-11 07:23:50,921 - root - INFO - [1116/1205] Fetching weather for Vésztő...
2026-07-11 07:23:51,080 - root - INFO - Fetched weather for Vésztő: 22.5°C, Clouds, humidity: 42%
2026-07-11 07:23:52,182 - root - INFO - [1117/1205] Fetching weather for Szeged-Rókus...
2026-07-11 07:23:52,356 - root - INFO - Fetched weather for Szeged-Rókus: 24.0°C, Clouds, humidity: 35%
2026-07-11 07:23:53,458 - root - INFO - [1118/1205] Fetching weather for Algyő...
2026-07-11 07:23:53,590 - root - INFO - Fetched weather for Algyő: 24.0°C, Clouds, humidity: 37%
2026-07-11 07:23:54,692 - root - INFO - [1119/1205] Fetching weather for Hódmezővásárhelyi Népkert...
2026-07-11 07:23:54,853 - root - INFO - Fetched weather for Hódmezővásárhelyi Népkert: 26.1°C, Clouds, humidity: 40%
2026-07-11 07:23:55,955 - root - INFO - [1120/1205] Fetching weather for Hódmezővásárhely...
2026-07-11 07:23:56,115 - root - INFO - Fetched weather for Hódmezővásárhely: 26.1°C, Clouds, humidity: 41%
2026-07-11 07:23:57,217 - root - INFO - [1121/1205] Fetching weather for Körmend...
2026-07-11 07:23:57,378 - root - INFO - Fetched weather for Körmend: 25.7°C, Clear, humidity: 46%
2026-07-11 07:23:58,480 - root - INFO - [1122/1205] Fetching weather for Szentgotthárd...
2026-07-11 07:23:58,648 - root - INFO - Fetched weather for Szentgotthárd: 23.9°C, Clear, humidity: 52%
2026-07-11 07:23:59,750 - root - INFO - [1123/1205] Fetching weather for Szombathely...
2026-07-11 07:23:59,896 - root - INFO - Fetched weather for Szombathely: 25.6°C, Clear, humidity: 45%
2026-07-11 07:24:00,998 - root - INFO - [1124/1205] Fetching weather for Sáferkút...
2026-07-11 07:24:01,126 - root - INFO - Fetched weather for Sáferkút: 22.3°C, Clouds, humidity: 43%
2026-07-11 07:24:02,229 - root - INFO - [1125/1205] Fetching weather for Magdolnavölgy...
2026-07-11 07:24:02,386 - root - INFO - Fetched weather for Magdolnavölgy: 24.6°C, Clouds, humidity: 41%
2026-07-11 07:24:03,489 - root - INFO - [1126/1205] Fetching weather for Haris...
2026-07-11 07:24:03,652 - root - INFO - Fetched weather for Haris: 24.0°C, Clear, humidity: 51%
2026-07-11 07:24:04,754 - root - INFO - [1127/1205] Fetching weather for Egyházasrádóc...
2026-07-11 07:24:04,923 - root - INFO - Fetched weather for Egyházasrádóc: 24.0°C, Clear, humidity: 45%
2026-07-11 07:24:06,026 - root - INFO - [1128/1205] Fetching weather for Alsórönök...
2026-07-11 07:24:06,183 - root - INFO - Fetched weather for Alsórönök: 24.0°C, Clear, humidity: 50%
2026-07-11 07:24:07,285 - root - INFO - [1129/1205] Fetching weather for Szombathely-Szőlős...
2026-07-11 07:24:07,444 - root - INFO - Fetched weather for Szombathely-Szőlős: 25.7°C, Clear, humidity: 45%
2026-07-11 07:24:08,547 - root - INFO - [1130/1205] Fetching weather for Rátót...
2026-07-11 07:24:08,678 - root - INFO - Fetched weather for Rátót: 23.9°C, Clear, humidity: 48%
2026-07-11 07:24:09,782 - root - INFO - [1131/1205] Fetching weather for Ják-Balogunyom...
2026-07-11 07:24:09,934 - root - INFO - Fetched weather for Ják-Balogunyom: 25.7°C, Clear, humidity: 45%
2026-07-11 07:24:11,036 - root - INFO - [1132/1205] Fetching weather for Vasvár...
2026-07-11 07:24:11,196 - root - INFO - Fetched weather for Vasvár: 25.8°C, Clear, humidity: 44%
2026-07-11 07:24:12,298 - root - INFO - [1133/1205] Fetching weather for Répcelak...
2026-07-11 07:24:12,413 - root - INFO - Fetched weather for Répcelak: 24.3°C, Clouds, humidity: 44%
2026-07-11 07:24:13,515 - root - INFO - [1134/1205] Fetching weather for Rajka...
2026-07-11 07:24:13,661 - root - INFO - Fetched weather for Rajka: 25.6°C, Clear, humidity: 48%
2026-07-11 07:24:14,763 - root - INFO - [1135/1205] Fetching weather for Püspökmolnári...
2026-07-11 07:24:14,893 - root - INFO - Fetched weather for Püspökmolnári: 25.7°C, Clear, humidity: 44%
2026-07-11 07:24:15,995 - root - INFO - [1136/1205] Fetching weather for Kőszeg...
2026-07-11 07:24:16,167 - root - INFO - Fetched weather for Kőszeg: 25.2°C, Clear, humidity: 43%
2026-07-11 07:24:17,269 - root - INFO - [1137/1205] Fetching weather for Kastélypark...
2026-07-11 07:24:17,416 - root - INFO - Fetched weather for Kastélypark: 24.5°C, Clouds, humidity: 46%
2026-07-11 07:24:18,518 - root - INFO - [1138/1205] Fetching weather for Hanságliget...
2026-07-11 07:24:18,663 - root - INFO - Fetched weather for Hanságliget: 23.4°C, Clear, humidity: 46%
2026-07-11 07:24:19,765 - root - INFO - [1139/1205] Fetching weather for Vica...
2026-07-11 07:24:19,931 - root - INFO - Fetched weather for Vica: 24.2°C, Clouds, humidity: 44%
2026-07-11 07:24:21,033 - root - INFO - [1140/1205] Fetching weather for Vép...
2026-07-11 07:24:21,177 - root - INFO - Fetched weather for Vép: 25.7°C, Clear, humidity: 45%
2026-07-11 07:24:22,279 - root - INFO - [1141/1205] Fetching weather for Mosonszolnok...
2026-07-11 07:24:22,404 - root - INFO - Fetched weather for Mosonszolnok: 23.5°C, Clear, humidity: 46%
2026-07-11 07:24:23,507 - root - INFO - [1142/1205] Fetching weather for Jánossomorja...
2026-07-11 07:24:23,671 - root - INFO - Fetched weather for Jánossomorja: 23.3°C, Clear, humidity: 43%
2026-07-11 07:24:24,773 - root - INFO - [1143/1205] Fetching weather for Bősárkány...
2026-07-11 07:24:24,913 - root - INFO - Fetched weather for Bősárkány: 23.4°C, Clouds, humidity: 45%
2026-07-11 07:24:26,016 - root - INFO - [1144/1205] Fetching weather for Szil-Sopronnémeti...
2026-07-11 07:24:26,166 - root - INFO - Fetched weather for Szil-Sopronnémeti: 23.3°C, Clouds, humidity: 44%
2026-07-11 07:24:27,268 - root - INFO - [1145/1205] Fetching weather for Magyarkeresztúr-Zsebeháza...
2026-07-11 07:24:27,428 - root - INFO - Fetched weather for Magyarkeresztúr-Zsebeháza: 23.3°C, Clouds, humidity: 44%
2026-07-11 07:24:28,531 - root - INFO - [1146/1205] Fetching weather for Páli-Vadosfa...
2026-07-11 07:24:28,677 - root - INFO - Fetched weather for Páli-Vadosfa: 23.3°C, Clouds, humidity: 44%
2026-07-11 07:24:29,779 - root - INFO - [1147/1205] Fetching weather for Beled...
2026-07-11 07:24:29,899 - root - INFO - Fetched weather for Beled: 24.2°C, Clouds, humidity: 44%
2026-07-11 07:24:31,001 - root - INFO - [1148/1205] Fetching weather for Dénesfa...
2026-07-11 07:24:31,161 - root - INFO - Fetched weather for Dénesfa: 24.3°C, Clouds, humidity: 44%
2026-07-11 07:24:32,264 - root - INFO - [1149/1205] Fetching weather for Csánig...
2026-07-11 07:24:32,400 - root - INFO - Fetched weather for Csánig: 24.3°C, Clouds, humidity: 44%
2026-07-11 07:24:33,502 - root - INFO - [1150/1205] Fetching weather for Vámoscsalád...
2026-07-11 07:24:33,633 - root - INFO - Fetched weather for Vámoscsalád: 26.0°C, Clouds, humidity: 44%
2026-07-11 07:24:34,735 - root - INFO - [1151/1205] Fetching weather for Vasegerszeg...
2026-07-11 07:24:34,895 - root - INFO - Fetched weather for Vasegerszeg: 26.0°C, Clouds, humidity: 45%
2026-07-11 07:24:35,997 - root - INFO - [1152/1205] Fetching weather for Hegyfalu...
2026-07-11 07:24:36,145 - root - INFO - Fetched weather for Hegyfalu: 26.0°C, Clouds, humidity: 45%
2026-07-11 07:24:37,247 - root - INFO - [1153/1205] Fetching weather for Pósfa...
2026-07-11 07:24:37,377 - root - INFO - Fetched weather for Pósfa: 26.0°C, Clouds, humidity: 45%
2026-07-11 07:24:38,479 - root - INFO - [1154/1205] Fetching weather for Ölbő-Alsószeleste...
2026-07-11 07:24:38,646 - root - INFO - Fetched weather for Ölbő-Alsószeleste: 25.9°C, Clear, humidity: 45%
2026-07-11 07:24:39,748 - root - INFO - [1155/1205] Fetching weather for Gencsapáti felső...
2026-07-11 07:24:39,881 - root - INFO - Fetched weather for Gencsapáti felső: 25.5°C, Clear, humidity: 43%
2026-07-11 07:24:40,983 - root - INFO - [1156/1205] Fetching weather for Lukácsháza alsó...
2026-07-11 07:24:41,119 - root - INFO - Fetched weather for Lukácsháza alsó: 25.4°C, Clear, humidity: 43%
2026-07-11 07:24:42,221 - root - INFO - [1157/1205] Fetching weather for Kőszegfalva...
2026-07-11 07:24:42,389 - root - INFO - Fetched weather for Kőszegfalva: 25.3°C, Clear, humidity: 43%
2026-07-11 07:24:43,492 - root - INFO - [1158/1205] Fetching weather for Gyöngyöshermán...
2026-07-11 07:24:43,666 - root - INFO - Fetched weather for Gyöngyöshermán: 25.7°C, Clear, humidity: 45%
2026-07-11 07:24:44,769 - root - INFO - [1159/1205] Fetching weather for Bezenye...
2026-07-11 07:24:44,919 - root - INFO - Fetched weather for Bezenye: 25.5°C, Clear, humidity: 48%
2026-07-11 07:24:46,022 - root - INFO - [1160/1205] Fetching weather for Kámon...
2026-07-11 07:24:46,195 - root - INFO - Fetched weather for Kámon: 25.6°C, Clear, humidity: 43%
2026-07-11 07:24:47,297 - root - INFO - [1161/1205] Fetching weather for Sorkifalud...
2026-07-11 07:24:47,464 - root - INFO - Fetched weather for Sorkifalud: 24.2°C, Clear, humidity: 44%
2026-07-11 07:24:48,566 - root - INFO - [1162/1205] Fetching weather for Szentléránt...
2026-07-11 07:24:48,733 - root - INFO - Fetched weather for Szentléránt: 24.2°C, Clear, humidity: 44%
2026-07-11 07:24:49,834 - root - INFO - [1163/1205] Fetching weather for Pácsony...
2026-07-11 07:24:49,948 - root - INFO - Fetched weather for Pácsony: 25.8°C, Clear, humidity: 36%
2026-07-11 07:24:51,050 - root - INFO - [1164/1205] Fetching weather for Győrvár...
2026-07-11 07:24:51,182 - root - INFO - Fetched weather for Győrvár: 25.8°C, Clear, humidity: 36%
2026-07-11 07:24:52,284 - root - INFO - [1165/1205] Fetching weather for Egervár-Vasboldogasszony...
2026-07-11 07:24:52,446 - root - INFO - Fetched weather for Egervár-Vasboldogasszony: 26.0°C, Clear, humidity: 36%
2026-07-11 07:24:53,549 - root - INFO - [1166/1205] Fetching weather for Zalaszentlőrinc...
2026-07-11 07:24:53,714 - root - INFO - Fetched weather for Zalaszentlőrinc: 26.0°C, Clear, humidity: 36%
2026-07-11 07:24:54,816 - root - INFO - [1167/1205] Fetching weather for Gencsapáti alsó...
2026-07-11 07:24:54,958 - root - INFO - Fetched weather for Gencsapáti alsó: 25.5°C, Clear, humidity: 43%
2026-07-11 07:24:56,060 - root - INFO - [1168/1205] Fetching weather for Gyöngyösfalu...
2026-07-11 07:24:56,174 - root - INFO - Fetched weather for Gyöngyösfalu: 25.4°C, Clear, humidity: 43%
2026-07-11 07:24:57,276 - root - INFO - [1169/1205] Fetching weather for Lukácsháza...
2026-07-11 07:24:57,450 - root - INFO - Fetched weather for Lukácsháza: 25.4°C, Clear, humidity: 43%
2026-07-11 07:24:58,552 - root - INFO - [1170/1205] Fetching weather for Horvátnádalja...
2026-07-11 07:24:58,682 - root - INFO - Fetched weather for Horvátnádalja: 24.1°C, Clear, humidity: 46%
2026-07-11 07:24:59,784 - root - INFO - [1171/1205] Fetching weather for Csákánydoroszló...
2026-07-11 07:24:59,949 - root - INFO - Fetched weather for Csákánydoroszló: 24.1°C, Clear, humidity: 48%
2026-07-11 07:25:01,051 - root - INFO - [1172/1205] Fetching weather for Váckisújfalu...
2026-07-11 07:25:01,215 - root - INFO - Fetched weather for Váckisújfalu: 25.2°C, Clouds, humidity: 43%
2026-07-11 07:25:02,317 - root - INFO - [1173/1205] Fetching weather for Csisztafürdő...
2026-07-11 07:25:02,469 - root - INFO - Fetched weather for Csisztafürdő: 24.4°C, Clear, humidity: 46%
2026-07-11 07:25:03,571 - root - INFO - [1174/1205] Fetching weather for Mórágy...
2026-07-11 07:25:03,685 - root - INFO - Fetched weather for Mórágy: 26.6°C, Clear, humidity: 39%
2026-07-11 07:25:04,787 - root - INFO - [1175/1205] Fetching weather for Kismacs...
2026-07-11 07:25:04,919 - root - INFO - Fetched weather for Kismacs: 20.3°C, Clouds, humidity: 46%
2026-07-11 07:25:06,021 - root - INFO - [1176/1205] Fetching weather for Pusztaszentistván...
2026-07-11 07:25:06,189 - root - INFO - Fetched weather for Pusztaszentistván: 23.3°C, Clouds, humidity: 43%
2026-07-11 07:25:07,291 - root - INFO - [1177/1205] Fetching weather for Aranyvölgy...
2026-07-11 07:25:07,437 - root - INFO - Fetched weather for Aranyvölgy: 25.4°C, Clouds, humidity: 47%
2026-07-11 07:25:08,539 - root - INFO - [1178/1205] Fetching weather for Szélhegy...
2026-07-11 07:25:08,689 - root - INFO - Fetched weather for Szélhegy: 24.9°C, Clouds, humidity: 44%
2026-07-11 07:25:09,792 - root - INFO - [1179/1205] Fetching weather for Vörösvárbánya...
2026-07-11 07:25:09,933 - root - INFO - Fetched weather for Vörösvárbánya: 24.8°C, Clouds, humidity: 43%
2026-07-11 07:25:11,036 - root - INFO - [1180/1205] Fetching weather for Máriaszőlőtelep...
2026-07-11 07:25:11,196 - root - INFO - Fetched weather for Máriaszőlőtelep: 24.6°C, Clear, humidity: 47%
2026-07-11 07:25:12,298 - root - INFO - [1181/1205] Fetching weather for Akadémiaújtelep...
2026-07-11 07:25:12,411 - root - INFO - Fetched weather for Akadémiaújtelep: 24.7°C, Clouds, humidity: 46%
2026-07-11 07:25:13,513 - root - INFO - [1182/1205] Fetching weather for Újpalota...
2026-07-11 07:25:13,659 - root - INFO - Fetched weather for Újpalota: 24.9°C, Clouds, humidity: 46%
2026-07-11 07:25:14,761 - root - INFO - [1183/1205] Fetching weather for Szeged, Somogyi utca...
2026-07-11 07:25:14,917 - root - INFO - Fetched weather for Szeged, Somogyi utca: 23.9°C, Clouds, humidity: 35%
2026-07-11 07:25:16,020 - root - INFO - [1184/1205] Fetching weather for Hódmezővásárhely, Hősök tere...
2026-07-11 07:25:16,168 - root - INFO - Fetched weather for Hódmezővásárhely, Hősök tere: 26.1°C, Clouds, humidity: 40%
2026-07-11 07:25:17,270 - root - INFO - [1185/1205] Fetching weather for Hódmezővásárhely, Kossuth tér...
2026-07-11 07:25:17,391 - root - INFO - Fetched weather for Hódmezővásárhely, Kossuth tér: 26.1°C, Clouds, humidity: 40%
2026-07-11 07:25:18,493 - root - INFO - [1186/1205] Fetching weather for Hódmezővásárhely, Strandfürdő...
2026-07-11 07:25:18,647 - root - INFO - Fetched weather for Hódmezővásárhely, Strandfürdő: 26.1°C, Clouds, humidity: 40%
2026-07-11 07:25:19,749 - root - INFO - [1187/1205] Fetching weather for Szeged, Széchenyi tér...
2026-07-11 07:25:19,857 - root - INFO - Fetched weather for Szeged, Széchenyi tér: 23.9°C, Clouds, humidity: 35%
2026-07-11 07:25:20,959 - root - INFO - [1188/1205] Fetching weather for Szeged, Anna-kút...
2026-07-11 07:25:21,123 - root - INFO - Fetched weather for Szeged, Anna-kút: 23.9°C, Clouds, humidity: 35%
2026-07-11 07:25:22,225 - root - INFO - [1189/1205] Fetching weather for Szeged, Rókusi templom...
2026-07-11 07:25:22,371 - root - INFO - Fetched weather for Szeged, Rókusi templom: 23.9°C, Clouds, humidity: 35%
2026-07-11 07:25:23,473 - root - INFO - [1190/1205] Fetching weather for Hódmezővásárhely, Kálvin János tér...
2026-07-11 07:25:23,618 - root - INFO - Fetched weather for Hódmezővásárhely, Kálvin János tér: 26.1°C, Clouds, humidity: 41%
2026-07-11 07:25:24,720 - root - INFO - [1191/1205] Fetching weather for Hódmezővásárhely vasútállomás...
2026-07-11 07:25:24,888 - root - INFO - Fetched weather for Hódmezővásárhely vasútállomás: 26.1°C, Clouds, humidity: 41%
2026-07-11 07:25:25,990 - root - INFO - [1192/1205] Fetching weather for Szeged, Tavasz utca...
2026-07-11 07:25:26,142 - root - INFO - Fetched weather for Szeged, Tavasz utca: 23.9°C, Clouds, humidity: 35%
2026-07-11 07:25:27,244 - root - INFO - [1193/1205] Fetching weather for Szeged, Damjanich utca...
2026-07-11 07:25:27,355 - root - INFO - Fetched weather for Szeged, Damjanich utca: 23.9°C, Clouds, humidity: 35%
2026-07-11 07:25:28,457 - root - INFO - [1194/1205] Fetching weather for Szeged, Vásárhelyi Pál utca...
2026-07-11 07:25:28,597 - root - INFO - Fetched weather for Szeged, Vásárhelyi Pál utca: 24.0°C, Clouds, humidity: 35%
2026-07-11 07:25:29,699 - root - INFO - [1195/1205] Fetching weather for Szeged, Bécsi körút ...
2026-07-11 07:25:29,852 - root - INFO - Fetched weather for Szeged, Bécsi körút : 23.9°C, Clouds, humidity: 35%
2026-07-11 07:25:30,954 - root - INFO - [1196/1205] Fetching weather for Hódmezővásárhelyi Népkert vasútállomás...
2026-07-11 07:25:31,092 - root - INFO - Fetched weather for Hódmezővásárhelyi Népkert vasútállomás: 26.1°C, Clouds, humidity: 40%
2026-07-11 07:25:32,194 - root - INFO - [1197/1205] Fetching weather for Szeged vasútállomás...
2026-07-11 07:25:32,348 - root - INFO - Fetched weather for Szeged vasútállomás: 23.9°C, Clouds, humidity: 35%
2026-07-11 07:25:33,451 - root - INFO - [1198/1205] Fetching weather for Szeged, Bem utca...
2026-07-11 07:25:33,605 - root - INFO - Fetched weather for Szeged, Bem utca: 23.9°C, Clouds, humidity: 35%
2026-07-11 07:25:34,707 - root - INFO - [1199/1205] Fetching weather for Szeged, Galamb utca...
2026-07-11 07:25:34,814 - root - INFO - Fetched weather for Szeged, Galamb utca: 23.9°C, Clouds, humidity: 35%
2026-07-11 07:25:35,917 - root - INFO - [1200/1205] Fetching weather for Szeged, Aradi vértanúk tere...
2026-07-11 07:25:36,057 - root - INFO - Fetched weather for Szeged, Aradi vértanúk tere: 23.9°C, Clouds, humidity: 35%
2026-07-11 07:25:37,159 - root - INFO - [1201/1205] Fetching weather for Szeged, Pulz utca...
2026-07-11 07:25:37,312 - root - INFO - Fetched weather for Szeged, Pulz utca: 24.0°C, Clouds, humidity: 35%
2026-07-11 07:25:38,414 - root - INFO - [1202/1205] Fetching weather for Szeged, Rókus vasútállomás...
2026-07-11 07:25:38,556 - root - INFO - Fetched weather for Szeged, Rókus vasútállomás: 24.0°C, Clouds, humidity: 35%
2026-07-11 07:25:39,658 - root - INFO - [1203/1205] Fetching weather for Látókép...
2026-07-11 07:25:39,827 - root - INFO - Fetched weather for Látókép: 20.3°C, Clouds, humidity: 46%
2026-07-11 07:25:40,929 - root - INFO - [1204/1205] Fetching weather for Szentmihálytelek...
2026-07-11 07:25:41,089 - root - INFO - Fetched weather for Szentmihálytelek: 24.0°C, Clouds, humidity: 35%
2026-07-11 07:25:42,191 - root - INFO - [1205/1205] Fetching weather for Kisvarsány...
2026-07-11 07:25:42,316 - root - INFO - Fetched weather for Kisvarsány: 18.6°C, Clouds, humidity: 58%
2026-07-11 07:25:43,423 - root - INFO - Successfully collected weather for 1205 stations
2026-07-11 07:25:43,435 - root - INFO - Saved weather data to data/weather/current_20260711_0700.csv
2026-07-11 07:25:43,435 - root - INFO - File size: 151.5 KB
2026-07-11 07:25:43,435 - root - INFO - 
============================================================
2026-07-11 07:25:43,435 - root - INFO - WEATHER COLLECTION SUMMARY
2026-07-11 07:25:43,435 - root - INFO - ============================================================
2026-07-11 07:25:43,435 - root - INFO - 
Data Coverage:
2026-07-11 07:25:43,435 - root - INFO -   - Total stations: 1205
2026-07-11 07:25:43,436 - root - INFO -   - Collection time: 2026-07-11 07:00:32.166190
2026-07-11 07:25:43,436 - root - INFO -   - Collection hour: 07:00
2026-07-11 07:25:43,436 - root - INFO - 
Weather Statistics:
2026-07-11 07:25:43,436 - root - INFO -   - Temperature range: 16.3°C to 26.7°C
2026-07-11 07:25:43,436 - root - INFO -   - Average temperature: 23.4°C
2026-07-11 07:25:43,437 - root - INFO -   - Average humidity: 47%
2026-07-11 07:25:43,437 - root - INFO -   - Average wind speed: 1.8 m/s
2026-07-11 07:25:43,437 - root - INFO -   - Stations with precipitation: 2 (0.2%)
2026-07-11 07:25:43,437 - root - INFO - 
Weather Conditions Distribution:
2026-07-11 07:25:43,438 - root - INFO -   - Clouds: 876 (72.7%)
2026-07-11 07:25:43,438 - root - INFO -   - Clear: 327 (27.1%)
2026-07-11 07:25:43,438 - root - INFO -   - Rain: 2 (0.2%)
2026-07-11 07:25:43,438 - root - INFO - ============================================================

2026-07-11 07:25:43,439 - __main__ - INFO - Current weather collection completed successfully!
