2026-07-02 07:24:50,638 - __main__ - INFO - ============================================================
2026-07-02 07:24:50,639 - __main__ - INFO - CURRENT WEATHER COLLECTION STARTED
2026-07-02 07:24:50,639 - __main__ - INFO - ============================================================
2026-07-02 07:24:50,639 - __main__ - INFO - Collection time: 2026-07-02 07:24:50
2026-07-02 07:24:50,639 - __main__ - INFO - ============================================================

2026-07-02 07:24:50,639 - root - INFO - Starting current weather collection...
2026-07-02 07:24:50,648 - root - INFO - Loaded 1205 unique station coordinates from GTFS
2026-07-02 07:24:50,648 - root - INFO - Collecting weather for 1205 unique stations...
2026-07-02 07:24:50,649 - root - INFO - [1/1205] Fetching weather for Búcsúszentlászló...
2026-07-02 07:24:50,867 - root - INFO - Fetched weather for Búcsúszentlászló: 21.4°C, Clouds, humidity: 59%
2026-07-02 07:24:51,968 - root - INFO - [2/1205] Fetching weather for Angyalföld...
2026-07-02 07:24:52,059 - root - INFO - Fetched weather for Angyalföld: 23.3°C, Clouds, humidity: 70%
2026-07-02 07:24:53,160 - root - INFO - [3/1205] Fetching weather for Felsőjánosfa...
2026-07-02 07:24:53,255 - root - INFO - Fetched weather for Felsőjánosfa: 21.9°C, Clouds, humidity: 56%
2026-07-02 07:24:54,356 - root - INFO - [4/1205] Fetching weather for Pankasz...
2026-07-02 07:24:54,457 - root - INFO - Fetched weather for Pankasz: 21.7°C, Clouds, humidity: 57%
2026-07-02 07:24:55,558 - root - INFO - [5/1205] Fetching weather for Nagyrákos...
2026-07-02 07:24:55,652 - root - INFO - Fetched weather for Nagyrákos: 21.7°C, Clouds, humidity: 58%
2026-07-02 07:24:56,754 - root - INFO - [6/1205] Fetching weather for Őriszentpéter...
2026-07-02 07:24:56,850 - root - INFO - Fetched weather for Őriszentpéter: 21.8°C, Clouds, humidity: 59%
2026-07-02 07:24:57,951 - root - INFO - [7/1205] Fetching weather for Törökbálint...
2026-07-02 07:24:58,038 - root - INFO - Fetched weather for Törökbálint: 22.3°C, Clouds, humidity: 73%
2026-07-02 07:24:59,140 - root - INFO - [8/1205] Fetching weather for Bicske alsó...
2026-07-02 07:24:59,232 - root - INFO - Fetched weather for Bicske alsó: 21.2°C, Clouds, humidity: 76%
2026-07-02 07:25:00,334 - root - INFO - [9/1205] Fetching weather for Bajánsenye...
2026-07-02 07:25:00,425 - root - INFO - Fetched weather for Bajánsenye: 21.9°C, Clouds, humidity: 59%
2026-07-02 07:25:01,527 - root - INFO - [10/1205] Fetching weather for Aquincum...
2026-07-02 07:25:01,618 - root - INFO - Fetched weather for Aquincum: 23.3°C, Clouds, humidity: 71%
2026-07-02 07:25:02,720 - root - INFO - [11/1205] Fetching weather for Piliscsév...
2026-07-02 07:25:02,824 - root - INFO - Fetched weather for Piliscsév: 21.3°C, Clouds, humidity: 80%
2026-07-02 07:25:03,926 - root - INFO - [12/1205] Fetching weather for Tát...
2026-07-02 07:25:04,020 - root - INFO - Fetched weather for Tát: 21.5°C, Clouds, humidity: 75%
2026-07-02 07:25:05,122 - root - INFO - [13/1205] Fetching weather for Süttő felső...
2026-07-02 07:25:05,215 - root - INFO - Fetched weather for Süttő felső: 22.5°C, Clouds, humidity: 70%
2026-07-02 07:25:06,317 - root - INFO - [14/1205] Fetching weather for Budatétény...
2026-07-02 07:25:06,410 - root - INFO - Fetched weather for Budatétény: 23.2°C, Clouds, humidity: 70%
2026-07-02 07:25:07,512 - root - INFO - [15/1205] Fetching weather for Seregélyes-Szőlőhegy...
2026-07-02 07:25:07,608 - root - INFO - Fetched weather for Seregélyes-Szőlőhegy: 22.7°C, Clouds, humidity: 74%
2026-07-02 07:25:08,709 - root - INFO - [16/1205] Fetching weather for Gödöllő-Állami telepek...
2026-07-02 07:25:08,799 - root - INFO - Fetched weather for Gödöllő-Állami telepek: 23.0°C, Clear, humidity: 70%
2026-07-02 07:25:09,900 - root - INFO - [17/1205] Fetching weather for Dunakeszi alsó...
2026-07-02 07:25:09,989 - root - INFO - Fetched weather for Dunakeszi alsó: 23.3°C, Clouds, humidity: 70%
2026-07-02 07:25:11,091 - root - INFO - [18/1205] Fetching weather for Vác-Alsóváros...
2026-07-02 07:25:11,191 - root - INFO - Fetched weather for Vác-Alsóváros: 23.3°C, Clouds, humidity: 76%
2026-07-02 07:25:12,292 - root - INFO - [19/1205] Fetching weather for Szob alsó...
2026-07-02 07:25:12,394 - root - INFO - Fetched weather for Szob alsó: 21.5°C, Clouds, humidity: 77%
2026-07-02 07:25:13,496 - root - INFO - [20/1205] Fetching weather for Zalaszentmihály-Pacsa...
2026-07-02 07:25:13,591 - root - INFO - Fetched weather for Zalaszentmihály-Pacsa: 21.6°C, Clouds, humidity: 58%
2026-07-02 07:25:14,693 - root - INFO - [21/1205] Fetching weather for Pötréte...
2026-07-02 07:25:14,784 - root - INFO - Fetched weather for Pötréte: 21.7°C, Clouds, humidity: 57%
2026-07-02 07:25:15,885 - root - INFO - [22/1205] Fetching weather for Felsőrajk...
2026-07-02 07:25:15,974 - root - INFO - Fetched weather for Felsőrajk: 21.7°C, Clouds, humidity: 58%
2026-07-02 07:25:17,076 - root - INFO - [23/1205] Fetching weather for Gelse...
2026-07-02 07:25:17,165 - root - INFO - Fetched weather for Gelse: 21.9°C, Clouds, humidity: 56%
2026-07-02 07:25:18,267 - root - INFO - [24/1205] Fetching weather for Őrtilos...
2026-07-02 07:25:18,362 - root - INFO - Fetched weather for Őrtilos: 22.3°C, Clouds, humidity: 50%
2026-07-02 07:25:19,464 - root - INFO - [25/1205] Fetching weather for Zákány...
2026-07-02 07:25:19,559 - root - INFO - Fetched weather for Zákány: 22.2°C, Clouds, humidity: 52%
2026-07-02 07:25:20,660 - root - INFO - [26/1205] Fetching weather for Berzence...
2026-07-02 07:25:20,756 - root - INFO - Fetched weather for Berzence: 22.6°C, Clouds, humidity: 55%
2026-07-02 07:25:21,857 - root - INFO - [27/1205] Fetching weather for Somogyudvarhely...
2026-07-02 07:25:21,953 - root - INFO - Fetched weather for Somogyudvarhely: 22.6°C, Clouds, humidity: 56%
2026-07-02 07:25:23,055 - root - INFO - [28/1205] Fetching weather for Bélavár...
2026-07-02 07:25:23,151 - root - INFO - Fetched weather for Bélavár: 22.7°C, Clouds, humidity: 57%
2026-07-02 07:25:24,252 - root - INFO - [29/1205] Fetching weather for Vízvár...
2026-07-02 07:25:24,350 - root - INFO - Fetched weather for Vízvár: 22.6°C, Clouds, humidity: 59%
2026-07-02 07:25:25,452 - root - INFO - [30/1205] Fetching weather for Babócsa...
2026-07-02 07:25:25,550 - root - INFO - Fetched weather for Babócsa: 22.6°C, Clouds, humidity: 62%
2026-07-02 07:25:26,651 - root - INFO - [31/1205] Fetching weather for Péterhida-Komlósd...
2026-07-02 07:25:26,743 - root - INFO - Fetched weather for Péterhida-Komlósd: 22.7°C, Clouds, humidity: 63%
2026-07-02 07:25:27,845 - root - INFO - [32/1205] Fetching weather for Barcs...
2026-07-02 07:25:27,939 - root - INFO - Fetched weather for Barcs: 22.7°C, Clouds, humidity: 65%
2026-07-02 07:25:29,040 - root - INFO - [33/1205] Fetching weather for Barcs felső...
2026-07-02 07:25:29,130 - root - INFO - Fetched weather for Barcs felső: 22.6°C, Clouds, humidity: 66%
2026-07-02 07:25:30,231 - root - INFO - [34/1205] Fetching weather for Középrigóc...
2026-07-02 07:25:30,331 - root - INFO - Fetched weather for Középrigóc: 22.5°C, Clouds, humidity: 67%
2026-07-02 07:25:31,433 - root - INFO - [35/1205] Fetching weather for Darány...
2026-07-02 07:25:31,524 - root - INFO - Fetched weather for Darány: 22.6°C, Clouds, humidity: 67%
2026-07-02 07:25:32,626 - root - INFO - [36/1205] Fetching weather for Kisdobsza...
2026-07-02 07:25:32,723 - root - INFO - Fetched weather for Kisdobsza: 22.7°C, Clouds, humidity: 67%
2026-07-02 07:25:33,825 - root - INFO - [37/1205] Fetching weather for Nemeske...
2026-07-02 07:25:33,915 - root - INFO - Fetched weather for Nemeske: 22.8°C, Clouds, humidity: 67%
2026-07-02 07:25:35,017 - root - INFO - [38/1205] Fetching weather for Molvány...
2026-07-02 07:25:35,107 - root - INFO - Fetched weather for Molvány: 22.9°C, Clouds, humidity: 67%
2026-07-02 07:25:36,208 - root - INFO - [39/1205] Fetching weather for Szigetvár...
2026-07-02 07:25:36,301 - root - INFO - Fetched weather for Szigetvár: 22.9°C, Clouds, humidity: 67%
2026-07-02 07:25:37,402 - root - INFO - [40/1205] Fetching weather for Nagypeterd...
2026-07-02 07:25:37,497 - root - INFO - Fetched weather for Nagypeterd: 22.9°C, Rain, humidity: 68%
2026-07-02 07:25:38,598 - root - INFO - [41/1205] Fetching weather for Szentdénes...
2026-07-02 07:25:38,688 - root - INFO - Fetched weather for Szentdénes: 22.9°C, Rain, humidity: 68%
2026-07-02 07:25:39,790 - root - INFO - [42/1205] Fetching weather for Háros...
2026-07-02 07:25:39,891 - root - INFO - Fetched weather for Háros: 23.2°C, Clouds, humidity: 70%
2026-07-02 07:25:40,992 - root - INFO - [43/1205] Fetching weather for Nagytétény-Diósd...
2026-07-02 07:25:41,086 - root - INFO - Fetched weather for Nagytétény-Diósd: 23.1°C, Clouds, humidity: 70%
2026-07-02 07:25:42,188 - root - INFO - [44/1205] Fetching weather for Érdliget...
2026-07-02 07:25:42,280 - root - INFO - Fetched weather for Érdliget: 22.9°C, Clouds, humidity: 70%
2026-07-02 07:25:43,382 - root - INFO - [45/1205] Fetching weather for Érd felső...
2026-07-02 07:25:43,476 - root - INFO - Fetched weather for Érd felső: 22.8°C, Clouds, humidity: 70%
2026-07-02 07:25:44,577 - root - INFO - [46/1205] Fetching weather for Érd...
2026-07-02 07:25:44,673 - root - INFO - Fetched weather for Érd: 23.6°C, Clouds, humidity: 69%
2026-07-02 07:25:45,774 - root - INFO - [47/1205] Fetching weather for Százhalombatta...
2026-07-02 07:25:45,869 - root - INFO - Fetched weather for Százhalombatta: 23.6°C, Clouds, humidity: 67%
2026-07-02 07:25:46,970 - root - INFO - [48/1205] Fetching weather for Dunai Finomító...
2026-07-02 07:25:47,069 - root - INFO - Fetched weather for Dunai Finomító: 24.0°C, Clouds, humidity: 67%
2026-07-02 07:25:48,171 - root - INFO - [49/1205] Fetching weather for Ercsi...
2026-07-02 07:25:48,265 - root - INFO - Fetched weather for Ercsi: 24.2°C, Clouds, humidity: 71%
2026-07-02 07:25:49,367 - root - INFO - [50/1205] Fetching weather for Iváncsa...
2026-07-02 07:25:49,463 - root - INFO - Fetched weather for Iváncsa: 22.8°C, Clouds, humidity: 72%
2026-07-02 07:25:50,564 - root - INFO - [51/1205] Fetching weather for Pusztaszabolcs...
2026-07-02 07:25:50,651 - root - INFO - Fetched weather for Pusztaszabolcs: 23.1°C, Clouds, humidity: 70%
2026-07-02 07:25:51,753 - root - INFO - [52/1205] Fetching weather for Szabadegyháza...
2026-07-02 07:25:51,848 - root - INFO - Fetched weather for Szabadegyháza: 23.0°C, Clouds, humidity: 71%
2026-07-02 07:25:52,950 - root - INFO - [53/1205] Fetching weather for Sárosd...
2026-07-02 07:25:53,049 - root - INFO - Fetched weather for Sárosd: 23.0°C, Clouds, humidity: 71%
2026-07-02 07:25:54,150 - root - INFO - [54/1205] Fetching weather for Nagylók...
2026-07-02 07:25:54,247 - root - INFO - Fetched weather for Nagylók: 22.9°C, Clouds, humidity: 72%
2026-07-02 07:25:55,349 - root - INFO - [55/1205] Fetching weather for Sárbogárd...
2026-07-02 07:25:55,443 - root - INFO - Fetched weather for Sárbogárd: 23.1°C, Clouds, humidity: 72%
2026-07-02 07:25:56,545 - root - INFO - [56/1205] Fetching weather for Rétszilas...
2026-07-02 07:25:56,639 - root - INFO - Fetched weather for Rétszilas: 23.1°C, Clouds, humidity: 73%
2026-07-02 07:25:57,740 - root - INFO - [57/1205] Fetching weather for Nagyatád...
2026-07-02 07:25:57,831 - root - INFO - Fetched weather for Nagyatád: 22.5°C, Clouds, humidity: 59%
2026-07-02 07:25:58,933 - root - INFO - [58/1205] Fetching weather for Budapest-Keleti...
2026-07-02 07:25:59,029 - root - INFO - Fetched weather for Budapest-Keleti: 23.2°C, Clouds, humidity: 70%
2026-07-02 07:26:00,131 - root - INFO - [59/1205] Fetching weather for Ferencváros...
2026-07-02 07:26:00,220 - root - INFO - Fetched weather for Ferencváros: 23.3°C, Clouds, humidity: 69%
2026-07-02 07:26:01,322 - root - INFO - [60/1205] Fetching weather for Budapest-Nyugati...
2026-07-02 07:26:01,416 - root - INFO - Fetched weather for Budapest-Nyugati: 23.1°C, Clouds, humidity: 70%
2026-07-02 07:26:02,518 - root - INFO - [61/1205] Fetching weather for Kőbánya felső...
2026-07-02 07:26:02,612 - root - INFO - Fetched weather for Kőbánya felső: 23.2°C, Clouds, humidity: 70%
2026-07-02 07:26:03,714 - root - INFO - [62/1205] Fetching weather for Rákos...
2026-07-02 07:26:03,809 - root - INFO - Fetched weather for Rákos: 23.2°C, Clouds, humidity: 70%
2026-07-02 07:26:04,911 - root - INFO - [63/1205] Fetching weather for Rákosrendező...
2026-07-02 07:26:05,018 - root - INFO - Fetched weather for Rákosrendező: 23.2°C, Clouds, humidity: 70%
2026-07-02 07:26:06,119 - root - INFO - [64/1205] Fetching weather for Zugló...
2026-07-02 07:26:06,208 - root - INFO - Fetched weather for Zugló: 23.2°C, Clouds, humidity: 70%
2026-07-02 07:26:07,310 - root - INFO - [65/1205] Fetching weather for Mezőtárkány...
2026-07-02 07:26:07,409 - root - INFO - Fetched weather for Mezőtárkány: 24.8°C, Clouds, humidity: 72%
2026-07-02 07:26:08,511 - root - INFO - [66/1205] Fetching weather for Istvántelek...
2026-07-02 07:26:08,600 - root - INFO - Fetched weather for Istvántelek: 23.2°C, Clouds, humidity: 70%
2026-07-02 07:26:09,702 - root - INFO - [67/1205] Fetching weather for Rákospalota-Újpest...
2026-07-02 07:26:09,792 - root - INFO - Fetched weather for Rákospalota-Újpest: 23.2°C, Clouds, humidity: 71%
2026-07-02 07:26:10,894 - root - INFO - [68/1205] Fetching weather for Kőbánya alsó...
2026-07-02 07:26:10,985 - root - INFO - Fetched weather for Kőbánya alsó: 23.2°C, Clouds, humidity: 70%
2026-07-02 07:26:12,087 - root - INFO - [69/1205] Fetching weather for Kőbánya-Kispest...
2026-07-02 07:26:12,180 - root - INFO - Fetched weather for Kőbánya-Kispest: 23.3°C, Clouds, humidity: 69%
2026-07-02 07:26:13,282 - root - INFO - [70/1205] Fetching weather for Pestszentlőrinc...
2026-07-02 07:26:13,372 - root - INFO - Fetched weather for Pestszentlőrinc: 23.3°C, Clouds, humidity: 69%
2026-07-02 07:26:14,474 - root - INFO - [71/1205] Fetching weather for Kispest...
2026-07-02 07:26:14,568 - root - INFO - Fetched weather for Kispest: 23.4°C, Clouds, humidity: 69%
2026-07-02 07:26:15,670 - root - INFO - [72/1205] Fetching weather for Újpest...
2026-07-02 07:26:15,759 - root - INFO - Fetched weather for Újpest: 23.2°C, Clouds, humidity: 71%
2026-07-02 07:26:16,861 - root - INFO - [73/1205] Fetching weather for Pestszentimre felső...
2026-07-02 07:26:16,956 - root - INFO - Fetched weather for Pestszentimre felső: 23.4°C, Clouds, humidity: 69%
2026-07-02 07:26:18,057 - root - INFO - [74/1205] Fetching weather for Dunakeszi...
2026-07-02 07:26:18,160 - root - INFO - Fetched weather for Dunakeszi: 23.0°C, Clouds, humidity: 72%
2026-07-02 07:26:19,262 - root - INFO - [75/1205] Fetching weather for Dunakeszi-Gyártelep...
2026-07-02 07:26:19,351 - root - INFO - Fetched weather for Dunakeszi-Gyártelep: 23.0°C, Clouds, humidity: 72%
2026-07-02 07:26:20,453 - root - INFO - [76/1205] Fetching weather for Alsógöd...
2026-07-02 07:26:20,543 - root - INFO - Fetched weather for Alsógöd: 22.9°C, Clouds, humidity: 71%
2026-07-02 07:26:21,645 - root - INFO - [77/1205] Fetching weather for Göd...
2026-07-02 07:26:21,735 - root - INFO - Fetched weather for Göd: 22.9°C, Clouds, humidity: 71%
2026-07-02 07:26:22,837 - root - INFO - [78/1205] Fetching weather for Felsőgöd...
2026-07-02 07:26:22,927 - root - INFO - Fetched weather for Felsőgöd: 23.2°C, Clouds, humidity: 71%
2026-07-02 07:26:24,028 - root - INFO - [79/1205] Fetching weather for Sződ-Sződliget...
2026-07-02 07:26:24,123 - root - INFO - Fetched weather for Sződ-Sződliget: 23.2°C, Clouds, humidity: 71%
2026-07-02 07:26:25,224 - root - INFO - [80/1205] Fetching weather for Vác...
2026-07-02 07:26:25,316 - root - INFO - Fetched weather for Vác: 23.3°C, Clouds, humidity: 71%
2026-07-02 07:26:26,418 - root - INFO - [81/1205] Fetching weather for Verőce...
2026-07-02 07:26:26,508 - root - INFO - Fetched weather for Verőce: 23.1°C, Clouds, humidity: 73%
2026-07-02 07:26:27,609 - root - INFO - [82/1205] Fetching weather for Kismaros...
2026-07-02 07:26:27,697 - root - INFO - Fetched weather for Kismaros: 21.4°C, Clouds, humidity: 73%
2026-07-02 07:26:28,798 - root - INFO - [83/1205] Fetching weather for Nagymaros-Visegrád...
2026-07-02 07:26:28,894 - root - INFO - Fetched weather for Nagymaros-Visegrád: 21.4°C, Clouds, humidity: 73%
2026-07-02 07:26:29,995 - root - INFO - [84/1205] Fetching weather for Nagymaros...
2026-07-02 07:26:30,091 - root - INFO - Fetched weather for Nagymaros: 21.5°C, Clouds, humidity: 73%
2026-07-02 07:26:31,192 - root - INFO - [85/1205] Fetching weather for Zebegény...
2026-07-02 07:26:31,280 - root - INFO - Fetched weather for Zebegény: 21.5°C, Clouds, humidity: 73%
2026-07-02 07:26:32,382 - root - INFO - [86/1205] Fetching weather for Szob...
2026-07-02 07:26:32,474 - root - INFO - Fetched weather for Szob: 21.5°C, Clouds, humidity: 73%
2026-07-02 07:26:33,576 - root - INFO - [87/1205] Fetching weather for Alagimajor...
2026-07-02 07:26:33,676 - root - INFO - Fetched weather for Alagimajor: 23.1°C, Clouds, humidity: 71%
2026-07-02 07:26:34,778 - root - INFO - [88/1205] Fetching weather for Fót...
2026-07-02 07:26:34,875 - root - INFO - Fetched weather for Fót: 23.0°C, Clouds, humidity: 71%
2026-07-02 07:26:35,976 - root - INFO - [89/1205] Fetching weather for Fótújfalu...
2026-07-02 07:26:36,065 - root - INFO - Fetched weather for Fótújfalu: 22.9°C, Clouds, humidity: 71%
2026-07-02 07:26:37,167 - root - INFO - [90/1205] Fetching weather for Csomád...
2026-07-02 07:26:37,263 - root - INFO - Fetched weather for Csomád: 22.7°C, Clouds, humidity: 71%
2026-07-02 07:26:38,365 - root - INFO - [91/1205] Fetching weather for Veresegyház...
2026-07-02 07:26:38,459 - root - INFO - Fetched weather for Veresegyház: 22.9°C, Clouds, humidity: 71%
2026-07-02 07:26:39,561 - root - INFO - [92/1205] Fetching weather for Erdőkertes...
2026-07-02 07:26:39,653 - root - INFO - Fetched weather for Erdőkertes: 22.9°C, Clouds, humidity: 69%
2026-07-02 07:26:40,755 - root - INFO - [93/1205] Fetching weather for Őrbottyán...
2026-07-02 07:26:40,845 - root - INFO - Fetched weather for Őrbottyán: 22.8°C, Clouds, humidity: 69%
2026-07-02 07:26:41,946 - root - INFO - [94/1205] Fetching weather for Váchartyán...
2026-07-02 07:26:42,041 - root - INFO - Fetched weather for Váchartyán: 23.2°C, Clouds, humidity: 70%
2026-07-02 07:26:43,142 - root - INFO - [95/1205] Fetching weather for Magyarkút-Verőce...
2026-07-02 07:26:43,235 - root - INFO - Fetched weather for Magyarkút-Verőce: 23.3°C, Clouds, humidity: 73%
2026-07-02 07:26:44,337 - root - INFO - [96/1205] Fetching weather for Szokolya...
2026-07-02 07:26:44,432 - root - INFO - Fetched weather for Szokolya: 21.5°C, Clouds, humidity: 73%
2026-07-02 07:26:45,534 - root - INFO - [97/1205] Fetching weather for Berkenye...
2026-07-02 07:26:45,625 - root - INFO - Fetched weather for Berkenye: 22.3°C, Clouds, humidity: 73%
2026-07-02 07:26:46,727 - root - INFO - [98/1205] Fetching weather for Nógrád...
2026-07-02 07:26:46,815 - root - INFO - Fetched weather for Nógrád: 21.9°C, Clouds, humidity: 73%
2026-07-02 07:26:47,916 - root - INFO - [99/1205] Fetching weather for Diósjenő...
2026-07-02 07:26:48,010 - root - INFO - Fetched weather for Diósjenő: 21.5°C, Clouds, humidity: 73%
2026-07-02 07:26:49,112 - root - INFO - [100/1205] Fetching weather for Borsosberény...
2026-07-02 07:26:49,208 - root - INFO - Fetched weather for Borsosberény: 22.3°C, Clouds, humidity: 72%
2026-07-02 07:26:50,309 - root - INFO - [101/1205] Fetching weather for Nagyoroszi...
2026-07-02 07:26:50,407 - root - INFO - Fetched weather for Nagyoroszi: 22.1°C, Clouds, humidity: 72%
2026-07-02 07:26:51,509 - root - INFO - [102/1205] Fetching weather for Drégelyvár...
2026-07-02 07:26:51,603 - root - INFO - Fetched weather for Drégelyvár: 22.3°C, Clouds, humidity: 73%
2026-07-02 07:26:52,704 - root - INFO - [103/1205] Fetching weather for Drégely...
2026-07-02 07:26:52,798 - root - INFO - Fetched weather for Drégely: 22.7°C, Clouds, humidity: 72%
2026-07-02 07:26:53,900 - root - INFO - [104/1205] Fetching weather for Drégelypalánk...
2026-07-02 07:26:53,989 - root - INFO - Fetched weather for Drégelypalánk: 22.7°C, Clouds, humidity: 72%
2026-07-02 07:26:55,091 - root - INFO - [105/1205] Fetching weather for Ipolyvece...
2026-07-02 07:26:55,183 - root - INFO - Fetched weather for Ipolyvece: 22.8°C, Clouds, humidity: 72%
2026-07-02 07:26:56,285 - root - INFO - [106/1205] Fetching weather for Dejtár...
2026-07-02 07:26:56,378 - root - INFO - Fetched weather for Dejtár: 22.9°C, Clouds, humidity: 71%
2026-07-02 07:26:57,479 - root - INFO - [107/1205] Fetching weather for Ipolyszög...
2026-07-02 07:26:57,575 - root - INFO - Fetched weather for Ipolyszög: 23.0°C, Clouds, humidity: 71%
2026-07-02 07:26:58,677 - root - INFO - [108/1205] Fetching weather for Iklad-Domony...
2026-07-02 07:26:58,772 - root - INFO - Fetched weather for Iklad-Domony: 23.7°C, Clear, humidity: 68%
2026-07-02 07:26:59,873 - root - INFO - [109/1205] Fetching weather for Iklad-Domony felső...
2026-07-02 07:26:59,972 - root - INFO - Fetched weather for Iklad-Domony felső: 23.2°C, Clouds, humidity: 68%
2026-07-02 07:27:01,073 - root - INFO - [110/1205] Fetching weather for Galgamácsa...
2026-07-02 07:27:01,165 - root - INFO - Fetched weather for Galgamácsa: 23.2°C, Clouds, humidity: 68%
2026-07-02 07:27:02,267 - root - INFO - [111/1205] Fetching weather for Vácrátót...
2026-07-02 07:27:02,367 - root - INFO - Fetched weather for Vácrátót: 23.1°C, Clouds, humidity: 70%
2026-07-02 07:27:03,468 - root - INFO - [112/1205] Fetching weather for Csörög...
2026-07-02 07:27:03,558 - root - INFO - Fetched weather for Csörög: 23.1°C, Clouds, humidity: 70%
2026-07-02 07:27:04,660 - root - INFO - [113/1205] Fetching weather for Galgagyörk...
2026-07-02 07:27:04,755 - root - INFO - Fetched weather for Galgagyörk: 23.1°C, Clouds, humidity: 69%
2026-07-02 07:27:05,857 - root - INFO - [114/1205] Fetching weather for Püspökhatvan...
2026-07-02 07:27:05,952 - root - INFO - Fetched weather for Püspökhatvan: 23.3°C, Clouds, humidity: 69%
2026-07-02 07:27:07,053 - root - INFO - [115/1205] Fetching weather for Acsa-Erdőkürt...
2026-07-02 07:27:07,148 - root - INFO - Fetched weather for Acsa-Erdőkürt: 23.1°C, Clouds, humidity: 69%
2026-07-02 07:27:08,249 - root - INFO - [116/1205] Fetching weather for Galgaguta...
2026-07-02 07:27:08,340 - root - INFO - Fetched weather for Galgaguta: 22.8°C, Clouds, humidity: 69%
2026-07-02 07:27:09,442 - root - INFO - [117/1205] Fetching weather for Nógrádkövesd...
2026-07-02 07:27:09,544 - root - INFO - Fetched weather for Nógrádkövesd: 23.0°C, Clouds, humidity: 69%
2026-07-02 07:27:10,645 - root - INFO - [118/1205] Fetching weather for Magyarnándor...
2026-07-02 07:27:10,747 - root - INFO - Fetched weather for Magyarnándor: 22.7°C, Clouds, humidity: 70%
2026-07-02 07:27:11,848 - root - INFO - [119/1205] Fetching weather for Mohora...
2026-07-02 07:27:11,940 - root - INFO - Fetched weather for Mohora: 22.8°C, Clouds, humidity: 70%
2026-07-02 07:27:13,042 - root - INFO - [120/1205] Fetching weather for Szügy...
2026-07-02 07:27:13,134 - root - INFO - Fetched weather for Szügy: 23.0°C, Clouds, humidity: 70%
2026-07-02 07:27:14,236 - root - INFO - [121/1205] Fetching weather for Balassagyarmat...
2026-07-02 07:27:14,339 - root - INFO - Fetched weather for Balassagyarmat: 23.0°C, Clouds, humidity: 70%
2026-07-02 07:27:15,441 - root - INFO - [122/1205] Fetching weather for Őrhalom...
2026-07-02 07:27:15,529 - root - INFO - Fetched weather for Őrhalom: 22.9°C, Clouds, humidity: 69%
2026-07-02 07:27:16,631 - root - INFO - [123/1205] Fetching weather for Hugyag...
2026-07-02 07:27:16,727 - root - INFO - Fetched weather for Hugyag: 22.9°C, Clouds, humidity: 69%
2026-07-02 07:27:17,828 - root - INFO - [124/1205] Fetching weather for Szécsény...
2026-07-02 07:27:17,921 - root - INFO - Fetched weather for Szécsény: 23.2°C, Clouds, humidity: 69%
2026-07-02 07:27:19,023 - root - INFO - [125/1205] Fetching weather for Ludányhalászi...
2026-07-02 07:27:19,117 - root - INFO - Fetched weather for Ludányhalászi: 23.2°C, Clouds, humidity: 69%
2026-07-02 07:27:20,218 - root - INFO - [126/1205] Fetching weather for Nógrádszakál...
2026-07-02 07:27:20,314 - root - INFO - Fetched weather for Nógrádszakál: 23.1°C, Clouds, humidity: 69%
2026-07-02 07:27:21,416 - root - INFO - [127/1205] Fetching weather for Ráróspuszta...
2026-07-02 07:27:21,512 - root - INFO - Fetched weather for Ráróspuszta: 22.4°C, Clouds, humidity: 69%
2026-07-02 07:27:22,614 - root - INFO - [128/1205] Fetching weather for Litke...
2026-07-02 07:27:22,708 - root - INFO - Fetched weather for Litke: 23.0°C, Clouds, humidity: 69%
2026-07-02 07:27:23,809 - root - INFO - [129/1205] Fetching weather for Nyíregyháza külső...
2026-07-02 07:27:23,911 - root - INFO - Fetched weather for Nyíregyháza külső: 24.2°C, Clouds, humidity: 78%
2026-07-02 07:27:25,012 - root - INFO - [130/1205] Fetching weather for Oros...
2026-07-02 07:27:25,109 - root - INFO - Fetched weather for Oros: 24.1°C, Clouds, humidity: 78%
2026-07-02 07:27:26,210 - root - INFO - [131/1205] Fetching weather for Napkor...
2026-07-02 07:27:26,309 - root - INFO - Fetched weather for Napkor: 24.0°C, Clouds, humidity: 79%
2026-07-02 07:27:27,411 - root - INFO - [132/1205] Fetching weather for Apagy...
2026-07-02 07:27:27,505 - root - INFO - Fetched weather for Apagy: 24.0°C, Clouds, humidity: 80%
2026-07-02 07:27:28,607 - root - INFO - [133/1205] Fetching weather for Levelek-Magy...
2026-07-02 07:27:28,697 - root - INFO - Fetched weather for Levelek-Magy: 23.9°C, Clouds, humidity: 80%
2026-07-02 07:27:29,799 - root - INFO - [134/1205] Fetching weather for Ófehértó...
2026-07-02 07:27:29,892 - root - INFO - Fetched weather for Ófehértó: 23.8°C, Clouds, humidity: 81%
2026-07-02 07:27:30,993 - root - INFO - [135/1205] Fetching weather for Ligettanya...
2026-07-02 07:27:31,086 - root - INFO - Fetched weather for Ligettanya: 23.6°C, Clouds, humidity: 82%
2026-07-02 07:27:32,187 - root - INFO - [136/1205] Fetching weather for Baktalórántháza...
2026-07-02 07:27:32,284 - root - INFO - Fetched weather for Baktalórántháza: 23.6°C, Clouds, humidity: 82%
2026-07-02 07:27:33,386 - root - INFO - [137/1205] Fetching weather for Vaja-Rohod...
2026-07-02 07:27:33,483 - root - INFO - Fetched weather for Vaja-Rohod: 23.6°C, Clouds, humidity: 83%
2026-07-02 07:27:34,585 - root - INFO - [138/1205] Fetching weather for Rákóczitanya...
2026-07-02 07:27:34,680 - root - INFO - Fetched weather for Rákóczitanya: 23.5°C, Clouds, humidity: 83%
2026-07-02 07:27:35,782 - root - INFO - [139/1205] Fetching weather for Nyírmada...
2026-07-02 07:27:35,870 - root - INFO - Fetched weather for Nyírmada: 23.5°C, Clouds, humidity: 83%
2026-07-02 07:27:36,971 - root - INFO - [140/1205] Fetching weather for Tunyogmatolcs...
2026-07-02 07:27:37,072 - root - INFO - Fetched weather for Tunyogmatolcs: 23.7°C, Clouds, humidity: 85%
2026-07-02 07:27:38,173 - root - INFO - [141/1205] Fetching weather for Tunyogmatolcs alsó...
2026-07-02 07:27:38,269 - root - INFO - Fetched weather for Tunyogmatolcs alsó: 23.7°C, Clouds, humidity: 85%
2026-07-02 07:27:39,371 - root - INFO - [142/1205] Fetching weather for Fehérgyarmat...
2026-07-02 07:27:39,476 - root - INFO - Fetched weather for Fehérgyarmat: 23.6°C, Clouds, humidity: 86%
2026-07-02 07:27:40,578 - root - INFO - [143/1205] Fetching weather for Penyige...
2026-07-02 07:27:40,671 - root - INFO - Fetched weather for Penyige: 23.6°C, Clouds, humidity: 86%
2026-07-02 07:27:41,772 - root - INFO - [144/1205] Fetching weather for Nagyszekeres...
2026-07-02 07:27:41,866 - root - INFO - Fetched weather for Nagyszekeres: 23.6°C, Clouds, humidity: 86%
2026-07-02 07:27:42,967 - root - INFO - [145/1205] Fetching weather for Kisszekeres...
2026-07-02 07:27:43,062 - root - INFO - Fetched weather for Kisszekeres: 23.6°C, Clouds, humidity: 86%
2026-07-02 07:27:44,163 - root - INFO - [146/1205] Fetching weather for Jánkmajtis...
2026-07-02 07:27:44,259 - root - INFO - Fetched weather for Jánkmajtis: 23.7°C, Clouds, humidity: 86%
2026-07-02 07:27:45,361 - root - INFO - [147/1205] Fetching weather for Gacsály...
2026-07-02 07:27:45,455 - root - INFO - Fetched weather for Gacsály: 22.8°C, Clouds, humidity: 86%
2026-07-02 07:27:46,556 - root - INFO - [148/1205] Fetching weather for Zajta...
2026-07-02 07:27:46,651 - root - INFO - Fetched weather for Zajta: 22.8°C, Clouds, humidity: 86%
2026-07-02 07:27:47,753 - root - INFO - [149/1205] Fetching weather for Eperjeske alsó...
2026-07-02 07:27:47,851 - root - INFO - Fetched weather for Eperjeske alsó: 23.2°C, Clouds, humidity: 83%
2026-07-02 07:27:48,952 - root - INFO - [150/1205] Fetching weather for Mándok...
2026-07-02 07:27:49,044 - root - INFO - Fetched weather for Mándok: 23.2°C, Clouds, humidity: 83%
2026-07-02 07:27:50,146 - root - INFO - [151/1205] Fetching weather for Tornyospálca...
2026-07-02 07:27:50,241 - root - INFO - Fetched weather for Tornyospálca: 23.3°C, Clouds, humidity: 83%
2026-07-02 07:27:51,343 - root - INFO - [152/1205] Fetching weather for Aranyosapáti...
2026-07-02 07:27:51,432 - root - INFO - Fetched weather for Aranyosapáti: 23.4°C, Clouds, humidity: 83%
2026-07-02 07:27:52,533 - root - INFO - [153/1205] Fetching weather for Gyüre...
2026-07-02 07:27:52,629 - root - INFO - Fetched weather for Gyüre: 23.5°C, Clouds, humidity: 83%
2026-07-02 07:27:53,730 - root - INFO - [154/1205] Fetching weather for Varsány...
2026-07-02 07:27:53,823 - root - INFO - Fetched weather for Varsány: 23.5°C, Clouds, humidity: 84%
2026-07-02 07:27:54,924 - root - INFO - [155/1205] Fetching weather for Vásárosnamény...
2026-07-02 07:27:55,024 - root - INFO - Fetched weather for Vásárosnamény: 23.6°C, Clouds, humidity: 84%
2026-07-02 07:27:56,125 - root - INFO - [156/1205] Fetching weather for Vitka...
2026-07-02 07:27:56,225 - root - INFO - Fetched weather for Vitka: 23.6°C, Clouds, humidity: 84%
2026-07-02 07:27:57,326 - root - INFO - [157/1205] Fetching weather for Nagydobos...
2026-07-02 07:27:57,418 - root - INFO - Fetched weather for Nagydobos: 23.5°C, Clouds, humidity: 84%
2026-07-02 07:27:58,520 - root - INFO - [158/1205] Fetching weather for Ópályi...
2026-07-02 07:27:58,614 - root - INFO - Fetched weather for Ópályi: 23.6°C, Clouds, humidity: 85%
2026-07-02 07:27:59,715 - root - INFO - [159/1205] Fetching weather for Nyírcsaholy...
2026-07-02 07:27:59,810 - root - INFO - Fetched weather for Nyírcsaholy: 23.7°C, Clouds, humidity: 86%
2026-07-02 07:28:00,911 - root - INFO - [160/1205] Fetching weather for Nagyecsed...
2026-07-02 07:28:01,010 - root - INFO - Fetched weather for Nagyecsed: 23.7°C, Clouds, humidity: 86%
2026-07-02 07:28:02,111 - root - INFO - [161/1205] Fetching weather for Tiborszállás...
2026-07-02 07:28:02,206 - root - INFO - Fetched weather for Tiborszállás: 23.8°C, Clouds, humidity: 86%
2026-07-02 07:28:03,308 - root - INFO - [162/1205] Fetching weather for Kiskunhalas...
2026-07-02 07:28:03,397 - root - INFO - Fetched weather for Kiskunhalas: 24.5°C, Clouds, humidity: 66%
2026-07-02 07:28:04,498 - root - INFO - [163/1205] Fetching weather for Kecskemét alsó...
2026-07-02 07:28:04,590 - root - INFO - Fetched weather for Kecskemét alsó: 26.7°C, Clouds, humidity: 67%
2026-07-02 07:28:05,691 - root - INFO - [164/1205] Fetching weather for Putnok...
2026-07-02 07:28:05,790 - root - INFO - Fetched weather for Putnok: 23.7°C, Clouds, humidity: 70%
2026-07-02 07:28:06,891 - root - INFO - [165/1205] Fetching weather for Bánréve...
2026-07-02 07:28:06,989 - root - INFO - Fetched weather for Bánréve: 24.3°C, Clouds, humidity: 66%
2026-07-02 07:28:08,091 - root - INFO - [166/1205] Fetching weather for Ipolytarnóc...
2026-07-02 07:28:08,190 - root - INFO - Fetched weather for Ipolytarnóc: 23.0°C, Clouds, humidity: 70%
2026-07-02 07:28:09,292 - root - INFO - [167/1205] Fetching weather for Rákosliget...
2026-07-02 07:28:09,386 - root - INFO - Fetched weather for Rákosliget: 23.1°C, Clear, humidity: 69%
2026-07-02 07:28:10,487 - root - INFO - [168/1205] Fetching weather for Ikrény...
2026-07-02 07:28:10,586 - root - INFO - Fetched weather for Ikrény: 22.9°C, Clouds, humidity: 68%
2026-07-02 07:28:11,688 - root - INFO - [169/1205] Fetching weather for Rábapatona...
2026-07-02 07:28:11,792 - root - INFO - Fetched weather for Rábapatona: 22.9°C, Clouds, humidity: 68%
2026-07-02 07:28:12,894 - root - INFO - [170/1205] Fetching weather for Enese...
2026-07-02 07:28:12,983 - root - INFO - Fetched weather for Enese: 22.9°C, Clouds, humidity: 68%
2026-07-02 07:28:14,085 - root - INFO - [171/1205] Fetching weather for Kóny...
2026-07-02 07:28:14,178 - root - INFO - Fetched weather for Kóny: 22.9°C, Clouds, humidity: 67%
2026-07-02 07:28:15,280 - root - INFO - [172/1205] Fetching weather for Farád...
2026-07-02 07:28:15,378 - root - INFO - Fetched weather for Farád: 21.1°C, Clouds, humidity: 66%
2026-07-02 07:28:16,480 - root - INFO - [173/1205] Fetching weather for Rábatamási...
2026-07-02 07:28:16,574 - root - INFO - Fetched weather for Rábatamási: 21.1°C, Clouds, humidity: 66%
2026-07-02 07:28:17,675 - root - INFO - [174/1205] Fetching weather for Szárföld...
2026-07-02 07:28:17,775 - root - INFO - Fetched weather for Szárföld: 21.1°C, Clouds, humidity: 66%
2026-07-02 07:28:18,877 - root - INFO - [175/1205] Fetching weather for Veszkény...
2026-07-02 07:28:18,968 - root - INFO - Fetched weather for Veszkény: 21.1°C, Clouds, humidity: 64%
2026-07-02 07:28:20,070 - root - INFO - [176/1205] Fetching weather for Kapuvár...
2026-07-02 07:28:20,167 - root - INFO - Fetched weather for Kapuvár: 21.1°C, Clouds, humidity: 64%
2026-07-02 07:28:21,269 - root - INFO - [177/1205] Fetching weather for Vitnyéd-Csermajor...
2026-07-02 07:28:21,367 - root - INFO - Fetched weather for Vitnyéd-Csermajor: 21.1°C, Clouds, humidity: 64%
2026-07-02 07:28:22,469 - root - INFO - [178/1205] Fetching weather for Petőháza...
2026-07-02 07:28:22,565 - root - INFO - Fetched weather for Petőháza: 21.1°C, Clouds, humidity: 64%
2026-07-02 07:28:23,667 - root - INFO - [179/1205] Fetching weather for Fertőszentmiklós...
2026-07-02 07:28:23,758 - root - INFO - Fetched weather for Fertőszentmiklós: 21.1°C, Clouds, humidity: 64%
2026-07-02 07:28:24,859 - root - INFO - [180/1205] Fetching weather for Pinnye...
2026-07-02 07:28:24,954 - root - INFO - Fetched weather for Pinnye: 20.9°C, Clouds, humidity: 64%
2026-07-02 07:28:26,055 - root - INFO - [181/1205] Fetching weather for Fertőboz...
2026-07-02 07:28:26,150 - root - INFO - Fetched weather for Fertőboz: 20.8°C, Clouds, humidity: 64%
2026-07-02 07:28:27,251 - root - INFO - [182/1205] Fetching weather for Sopron...
2026-07-02 07:28:27,348 - root - INFO - Fetched weather for Sopron: 20.5°C, Clouds, humidity: 68%
2026-07-02 07:28:28,449 - root - INFO - [183/1205] Fetching weather for Fertőszéplak-Fertőd...
2026-07-02 07:28:28,537 - root - INFO - Fetched weather for Fertőszéplak-Fertőd: 21.1°C, Clouds, humidity: 64%
2026-07-02 07:28:29,639 - root - INFO - [184/1205] Fetching weather for Nyúl...
2026-07-02 07:28:29,733 - root - INFO - Fetched weather for Nyúl: 22.8°C, Clouds, humidity: 68%
2026-07-02 07:28:30,835 - root - INFO - [185/1205] Fetching weather for Pannonhalma...
2026-07-02 07:28:30,927 - root - INFO - Fetched weather for Pannonhalma: 22.6°C, Clouds, humidity: 68%
2026-07-02 07:28:32,028 - root - INFO - [186/1205] Fetching weather for Tarjánpuszta...
2026-07-02 07:28:32,120 - root - INFO - Fetched weather for Tarjánpuszta: 22.5°C, Clouds, humidity: 68%
2026-07-02 07:28:33,222 - root - INFO - [187/1205] Fetching weather for Győrasszonyfa...
2026-07-02 07:28:33,317 - root - INFO - Fetched weather for Győrasszonyfa: 22.5°C, Clouds, humidity: 68%
2026-07-02 07:28:34,419 - root - INFO - [188/1205] Fetching weather for Veszprémvarsány...
2026-07-02 07:28:34,517 - root - INFO - Fetched weather for Veszprémvarsány: 22.4°C, Clouds, humidity: 68%
2026-07-02 07:28:35,619 - root - INFO - [189/1205] Fetching weather for Bakonyszentlászló...
2026-07-02 07:28:35,709 - root - INFO - Fetched weather for Bakonyszentlászló: 22.1°C, Clouds, humidity: 68%
2026-07-02 07:28:36,811 - root - INFO - [190/1205] Fetching weather for Porva-Csesznek...
2026-07-02 07:28:36,905 - root - INFO - Fetched weather for Porva-Csesznek: 20.7°C, Clouds, humidity: 68%
2026-07-02 07:28:38,007 - root - INFO - [191/1205] Fetching weather for Zirc...
2026-07-02 07:28:38,104 - root - INFO - Fetched weather for Zirc: 20.8°C, Clouds, humidity: 68%
2026-07-02 07:28:39,205 - root - INFO - [192/1205] Fetching weather for Eplény...
2026-07-02 07:28:39,304 - root - INFO - Fetched weather for Eplény: 21.2°C, Clouds, humidity: 67%
2026-07-02 07:28:40,405 - root - INFO - [193/1205] Fetching weather for Marcaltő...
2026-07-02 07:28:40,499 - root - INFO - Fetched weather for Marcaltő: 22.9°C, Clouds, humidity: 65%
2026-07-02 07:28:41,601 - root - INFO - [194/1205] Fetching weather for Szany-Rábaszentandrás...
2026-07-02 07:28:41,695 - root - INFO - Fetched weather for Szany-Rábaszentandrás: 22.9°C, Clouds, humidity: 66%
2026-07-02 07:28:42,796 - root - INFO - [195/1205] Fetching weather for Egyed-Rábacsanak...
2026-07-02 07:28:42,891 - root - INFO - Fetched weather for Egyed-Rábacsanak: 22.9°C, Clouds, humidity: 66%
2026-07-02 07:28:43,993 - root - INFO - [196/1205] Fetching weather for Rábapordány...
2026-07-02 07:28:44,086 - root - INFO - Fetched weather for Rábapordány: 22.9°C, Clouds, humidity: 66%
2026-07-02 07:28:45,188 - root - INFO - [197/1205] Fetching weather for Albertfalva...
2026-07-02 07:28:45,277 - root - INFO - Fetched weather for Albertfalva: 23.6°C, Clouds, humidity: 69%
2026-07-02 07:28:46,379 - root - INFO - [198/1205] Fetching weather for Budafok...
2026-07-02 07:28:46,481 - root - INFO - Fetched weather for Budafok: 23.7°C, Clouds, humidity: 69%
2026-07-02 07:28:47,582 - root - INFO - [199/1205] Fetching weather for Tétényliget...
2026-07-02 07:28:47,673 - root - INFO - Fetched weather for Tétényliget: 23.8°C, Clouds, humidity: 69%
2026-07-02 07:28:48,775 - root - INFO - [200/1205] Fetching weather for Érd alsó...
2026-07-02 07:28:48,857 - root - INFO - Fetched weather for Érd alsó: 22.8°C, Clouds, humidity: 70%
2026-07-02 07:28:49,959 - root - INFO - [201/1205] Fetching weather for Tárnok...
2026-07-02 07:28:50,050 - root - INFO - Fetched weather for Tárnok: 23.5°C, Clouds, humidity: 69%
2026-07-02 07:28:51,152 - root - INFO - [202/1205] Fetching weather for Martonvásár...
2026-07-02 07:28:51,247 - root - INFO - Fetched weather for Martonvásár: 23.8°C, Clouds, humidity: 70%
2026-07-02 07:28:52,348 - root - INFO - [203/1205] Fetching weather for Baracska...
2026-07-02 07:28:52,442 - root - INFO - Fetched weather for Baracska: 24.3°C, Clouds, humidity: 70%
2026-07-02 07:28:53,543 - root - INFO - [204/1205] Fetching weather for Pettend...
2026-07-02 07:28:53,637 - root - INFO - Fetched weather for Pettend: 23.0°C, Clouds, humidity: 70%
2026-07-02 07:28:54,738 - root - INFO - [205/1205] Fetching weather for Kápolnásnyék...
2026-07-02 07:28:54,843 - root - INFO - Fetched weather for Kápolnásnyék: 23.1°C, Clouds, humidity: 70%
2026-07-02 07:28:55,944 - root - INFO - [206/1205] Fetching weather for Velence...
2026-07-02 07:28:56,037 - root - INFO - Fetched weather for Velence: 23.1°C, Clouds, humidity: 71%
2026-07-02 07:28:57,138 - root - INFO - [207/1205] Fetching weather for Velencefürdő...
2026-07-02 07:28:57,228 - root - INFO - Fetched weather for Velencefürdő: 23.1°C, Clouds, humidity: 71%
2026-07-02 07:28:58,330 - root - INFO - [208/1205] Fetching weather for Gárdony...
2026-07-02 07:28:58,428 - root - INFO - Fetched weather for Gárdony: 23.1°C, Clouds, humidity: 71%
2026-07-02 07:28:59,529 - root - INFO - [209/1205] Fetching weather for Agárd...
2026-07-02 07:28:59,617 - root - INFO - Fetched weather for Agárd: 23.1°C, Clouds, humidity: 71%
2026-07-02 07:29:00,718 - root - INFO - [210/1205] Fetching weather for Dinnyés...
2026-07-02 07:29:00,815 - root - INFO - Fetched weather for Dinnyés: 23.1°C, Clouds, humidity: 71%
2026-07-02 07:29:01,917 - root - INFO - [211/1205] Fetching weather for Székesfehérvár...
2026-07-02 07:29:02,011 - root - INFO - Fetched weather for Székesfehérvár: 23.0°C, Clouds, humidity: 71%
2026-07-02 07:29:03,112 - root - INFO - [212/1205] Fetching weather for Szabadbattyán...
2026-07-02 07:29:03,207 - root - INFO - Fetched weather for Szabadbattyán: 22.9°C, Clouds, humidity: 71%
2026-07-02 07:29:04,308 - root - INFO - [213/1205] Fetching weather for Kiscséripuszta...
2026-07-02 07:29:04,401 - root - INFO - Fetched weather for Kiscséripuszta: 22.5°C, Clouds, humidity: 72%
2026-07-02 07:29:05,503 - root - INFO - [214/1205] Fetching weather for Lepsény...
2026-07-02 07:29:05,591 - root - INFO - Fetched weather for Lepsény: 22.7°C, Clouds, humidity: 85%
2026-07-02 07:29:06,692 - root - INFO - [215/1205] Fetching weather for Balatonaliga...
2026-07-02 07:29:06,781 - root - INFO - Fetched weather for Balatonaliga: 22.5°C, Clouds, humidity: 85%
2026-07-02 07:29:07,882 - root - INFO - [216/1205] Fetching weather for Balatonvilágos...
2026-07-02 07:29:07,974 - root - INFO - Fetched weather for Balatonvilágos: 22.5°C, Clouds, humidity: 85%
2026-07-02 07:29:09,075 - root - INFO - [217/1205] Fetching weather for Szabadifürdő...
2026-07-02 07:29:09,169 - root - INFO - Fetched weather for Szabadifürdő: 22.7°C, Clouds, humidity: 85%
2026-07-02 07:29:10,270 - root - INFO - [218/1205] Fetching weather for Ózd alsó...
2026-07-02 07:29:10,373 - root - INFO - Fetched weather for Ózd alsó: 24.7°C, Clouds, humidity: 74%
2026-07-02 07:29:11,475 - root - INFO - [219/1205] Fetching weather for Ózd...
2026-07-02 07:29:11,563 - root - INFO - Fetched weather for Ózd: 24.7°C, Clouds, humidity: 74%
2026-07-02 07:29:12,664 - root - INFO - [220/1205] Fetching weather for Alsóboldva...
2026-07-02 07:29:12,761 - root - INFO - Fetched weather for Alsóboldva: 24.1°C, Clouds, humidity: 100%
2026-07-02 07:29:13,862 - root - INFO - [221/1205] Fetching weather for Boldva...
2026-07-02 07:29:13,961 - root - INFO - Fetched weather for Boldva: 24.1°C, Clouds, humidity: 81%
2026-07-02 07:29:15,062 - root - INFO - [222/1205] Fetching weather for Borsodszirák...
2026-07-02 07:29:15,153 - root - INFO - Fetched weather for Borsodszirák: 24.1°C, Clouds, humidity: 80%
2026-07-02 07:29:16,255 - root - INFO - [223/1205] Fetching weather for Edelény alsó...
2026-07-02 07:29:16,351 - root - INFO - Fetched weather for Edelény alsó: 24.1°C, Clouds, humidity: 80%
2026-07-02 07:29:17,452 - root - INFO - [224/1205] Fetching weather for Edelény...
2026-07-02 07:29:17,545 - root - INFO - Fetched weather for Edelény: 24.0°C, Clouds, humidity: 80%
2026-07-02 07:29:18,646 - root - INFO - [225/1205] Fetching weather for Szendrőlád...
2026-07-02 07:29:18,739 - root - INFO - Fetched weather for Szendrőlád: 22.6°C, Clouds, humidity: 79%
2026-07-02 07:29:19,840 - root - INFO - [226/1205] Fetching weather for Szendrő...
2026-07-02 07:29:19,930 - root - INFO - Fetched weather for Szendrő: 23.3°C, Clouds, humidity: 78%
2026-07-02 07:29:21,031 - root - INFO - [227/1205] Fetching weather for Szendrő felső...
2026-07-02 07:29:21,124 - root - INFO - Fetched weather for Szendrő felső: 23.3°C, Clouds, humidity: 78%
2026-07-02 07:29:22,225 - root - INFO - [228/1205] Fetching weather for Szalonna...
2026-07-02 07:29:22,316 - root - INFO - Fetched weather for Szalonna: 23.2°C, Clouds, humidity: 78%
2026-07-02 07:29:23,418 - root - INFO - [229/1205] Fetching weather for Perkupa...
2026-07-02 07:29:23,506 - root - INFO - Fetched weather for Perkupa: 22.5°C, Clouds, humidity: 77%
2026-07-02 07:29:24,607 - root - INFO - [230/1205] Fetching weather for Szemeretelep...
2026-07-02 07:29:24,703 - root - INFO - Fetched weather for Szemeretelep: 23.3°C, Clouds, humidity: 70%
2026-07-02 07:29:25,805 - root - INFO - [231/1205] Fetching weather for Jósvafő-Aggtelek...
2026-07-02 07:29:25,899 - root - INFO - Fetched weather for Jósvafő-Aggtelek: 22.7°C, Clouds, humidity: 77%
2026-07-02 07:29:27,000 - root - INFO - [232/1205] Fetching weather for Bódvaszilas...
2026-07-02 07:29:27,099 - root - INFO - Fetched weather for Bódvaszilas: 22.2°C, Clouds, humidity: 78%
2026-07-02 07:29:28,201 - root - INFO - [233/1205] Fetching weather for Komjáti...
2026-07-02 07:29:28,291 - root - INFO - Fetched weather for Komjáti: 21.7°C, Clouds, humidity: 78%
2026-07-02 07:29:29,393 - root - INFO - [234/1205] Fetching weather for Tornanádaska...
2026-07-02 07:29:29,488 - root - INFO - Fetched weather for Tornanádaska: 22.9°C, Clouds, humidity: 79%
2026-07-02 07:29:30,590 - root - INFO - [235/1205] Fetching weather for Onga...
2026-07-02 07:29:30,679 - root - INFO - Fetched weather for Onga: 24.2°C, Clouds, humidity: 100%
2026-07-02 07:29:31,780 - root - INFO - [236/1205] Fetching weather for Szikszó-Vásártér...
2026-07-02 07:29:31,871 - root - INFO - Fetched weather for Szikszó-Vásártér: 24.1°C, Clouds, humidity: 80%
2026-07-02 07:29:32,973 - root - INFO - [237/1205] Fetching weather for Szikszó...
2026-07-02 07:29:33,062 - root - INFO - Fetched weather for Szikszó: 24.2°C, Clouds, humidity: 80%
2026-07-02 07:29:34,164 - root - INFO - [238/1205] Fetching weather for Aszaló...
2026-07-02 07:29:34,257 - root - INFO - Fetched weather for Aszaló: 24.1°C, Clouds, humidity: 80%
2026-07-02 07:29:35,358 - root - INFO - [239/1205] Fetching weather for Halmaj...
2026-07-02 07:29:35,455 - root - INFO - Fetched weather for Halmaj: 23.9°C, Clouds, humidity: 80%
2026-07-02 07:29:36,557 - root - INFO - [240/1205] Fetching weather for Csobád...
2026-07-02 07:29:36,649 - root - INFO - Fetched weather for Csobád: 23.9°C, Clouds, humidity: 80%
2026-07-02 07:29:37,751 - root - INFO - [241/1205] Fetching weather for Ináncs...
2026-07-02 07:29:37,841 - root - INFO - Fetched weather for Ináncs: 23.7°C, Clouds, humidity: 80%
2026-07-02 07:29:38,943 - root - INFO - [242/1205] Fetching weather for Forró-Encs...
2026-07-02 07:29:39,038 - root - INFO - Fetched weather for Forró-Encs: 23.6°C, Clouds, humidity: 80%
2026-07-02 07:29:40,140 - root - INFO - [243/1205] Fetching weather for Méra...
2026-07-02 07:29:40,230 - root - INFO - Fetched weather for Méra: 23.2°C, Clouds, humidity: 81%
2026-07-02 07:29:41,331 - root - INFO - [244/1205] Fetching weather for Novajidrány...
2026-07-02 07:29:41,426 - root - INFO - Fetched weather for Novajidrány: 23.3°C, Clouds, humidity: 81%
2026-07-02 07:29:42,528 - root - INFO - [245/1205] Fetching weather for Hernádszurdok...
2026-07-02 07:29:42,610 - root - INFO - Fetched weather for Hernádszurdok: 23.2°C, Clouds, humidity: 76%
2026-07-02 07:29:43,711 - root - INFO - [246/1205] Fetching weather for Hidasnémeti...
2026-07-02 07:29:43,807 - root - INFO - Fetched weather for Hidasnémeti: 23.3°C, Clouds, humidity: 76%
2026-07-02 07:29:44,908 - root - INFO - [247/1205] Fetching weather for Mád...
2026-07-02 07:29:44,998 - root - INFO - Fetched weather for Mád: 25.1°C, Clouds, humidity: 80%
2026-07-02 07:29:46,099 - root - INFO - [248/1205] Fetching weather for Rátka...
2026-07-02 07:29:46,195 - root - INFO - Fetched weather for Rátka: 25.2°C, Clouds, humidity: 80%
2026-07-02 07:29:47,296 - root - INFO - [249/1205] Fetching weather for Tállya...
2026-07-02 07:29:47,386 - root - INFO - Fetched weather for Tállya: 25.2°C, Clouds, humidity: 80%
2026-07-02 07:29:48,488 - root - INFO - [250/1205] Fetching weather for Golop...
2026-07-02 07:29:48,577 - root - INFO - Fetched weather for Golop: 25.3°C, Clouds, humidity: 80%
2026-07-02 07:29:49,678 - root - INFO - [251/1205] Fetching weather for Abaújszántó...
2026-07-02 07:29:49,772 - root - INFO - Fetched weather for Abaújszántó: 25.2°C, Clouds, humidity: 81%
2026-07-02 07:29:50,874 - root - INFO - [252/1205] Fetching weather for Abaújszántói fürdő...
2026-07-02 07:29:50,967 - root - INFO - Fetched weather for Abaújszántói fürdő: 25.3°C, Clouds, humidity: 80%
2026-07-02 07:29:52,068 - root - INFO - [253/1205] Fetching weather for Abaújkér...
2026-07-02 07:29:52,159 - root - INFO - Fetched weather for Abaújkér: 25.2°C, Clouds, humidity: 81%
2026-07-02 07:29:53,260 - root - INFO - [254/1205] Fetching weather for Boldogkőváralja...
2026-07-02 07:29:53,356 - root - INFO - Fetched weather for Boldogkőváralja: 25.0°C, Clouds, humidity: 81%
2026-07-02 07:29:54,457 - root - INFO - [255/1205] Fetching weather for Korlát-Vizsoly...
2026-07-02 07:29:54,551 - root - INFO - Fetched weather for Korlát-Vizsoly: 24.9°C, Clouds, humidity: 81%
2026-07-02 07:29:55,652 - root - INFO - [256/1205] Fetching weather for Fony...
2026-07-02 07:29:55,748 - root - INFO - Fetched weather for Fony: 23.1°C, Clouds, humidity: 81%
2026-07-02 07:29:56,849 - root - INFO - [257/1205] Fetching weather for Hejce-Vilmány...
2026-07-02 07:29:56,945 - root - INFO - Fetched weather for Hejce-Vilmány: 23.1°C, Clouds, humidity: 81%
2026-07-02 07:29:58,047 - root - INFO - [258/1205] Fetching weather for Göncruszka...
2026-07-02 07:29:58,140 - root - INFO - Fetched weather for Göncruszka: 23.2°C, Clouds, humidity: 81%
2026-07-02 07:29:59,242 - root - INFO - [259/1205] Fetching weather for Gönc...
2026-07-02 07:29:59,335 - root - INFO - Fetched weather for Gönc: 23.1°C, Clouds, humidity: 81%
2026-07-02 07:30:00,437 - root - INFO - [260/1205] Fetching weather for Zsujta...
2026-07-02 07:30:00,533 - root - INFO - Fetched weather for Zsujta: 23.1°C, Clouds, humidity: 76%
2026-07-02 07:30:01,635 - root - INFO - [261/1205] Fetching weather for Bodrogkeresztúr...
2026-07-02 07:30:01,733 - root - INFO - Fetched weather for Bodrogkeresztúr: 25.3°C, Clouds, humidity: 70%
2026-07-02 07:30:02,835 - root - INFO - [262/1205] Fetching weather for Szegi...
2026-07-02 07:30:02,932 - root - INFO - Fetched weather for Szegi: 25.4°C, Clouds, humidity: 71%
2026-07-02 07:30:04,033 - root - INFO - [263/1205] Fetching weather for Erdőbénye...
2026-07-02 07:30:04,124 - root - INFO - Fetched weather for Erdőbénye: 25.4°C, Clouds, humidity: 72%
2026-07-02 07:30:05,225 - root - INFO - [264/1205] Fetching weather for Olaszliszka-Tolcsva...
2026-07-02 07:30:05,322 - root - INFO - Fetched weather for Olaszliszka-Tolcsva: 25.4°C, Clouds, humidity: 73%
2026-07-02 07:30:06,423 - root - INFO - [265/1205] Fetching weather for Bodrogolaszi...
2026-07-02 07:30:06,515 - root - INFO - Fetched weather for Bodrogolaszi: 25.3°C, Clouds, humidity: 75%
2026-07-02 07:30:07,616 - root - INFO - [266/1205] Fetching weather for Sárospatak...
2026-07-02 07:30:07,711 - root - INFO - Fetched weather for Sárospatak: 25.3°C, Clouds, humidity: 77%
2026-07-02 07:30:08,813 - root - INFO - [267/1205] Fetching weather for Sátoraljaújhely...
2026-07-02 07:30:08,915 - root - INFO - Fetched weather for Sátoraljaújhely: 21.9°C, Clouds, humidity: 83%
2026-07-02 07:30:10,016 - root - INFO - [268/1205] Fetching weather for Vecsés...
2026-07-02 07:30:10,110 - root - INFO - Fetched weather for Vecsés: 23.6°C, Clouds, humidity: 68%
2026-07-02 07:30:11,211 - root - INFO - [269/1205] Fetching weather for Vecsés-Kertekalja...
2026-07-02 07:30:11,301 - root - INFO - Fetched weather for Vecsés-Kertekalja: 23.7°C, Clouds, humidity: 68%
2026-07-02 07:30:12,402 - root - INFO - [270/1205] Fetching weather for Üllő...
2026-07-02 07:30:12,492 - root - INFO - Fetched weather for Üllő: 23.6°C, Clouds, humidity: 61%
2026-07-02 07:30:13,593 - root - INFO - [271/1205] Fetching weather for Monor...
2026-07-02 07:30:13,682 - root - INFO - Fetched weather for Monor: 23.8°C, Clouds, humidity: 60%
2026-07-02 07:30:14,783 - root - INFO - [272/1205] Fetching weather for Pilis...
2026-07-02 07:30:14,883 - root - INFO - Fetched weather for Pilis: 25.9°C, Clear, humidity: 59%
2026-07-02 07:30:15,984 - root - INFO - [273/1205] Fetching weather for Albertirsa...
2026-07-02 07:30:16,072 - root - INFO - Fetched weather for Albertirsa: 25.9°C, Clear, humidity: 60%
2026-07-02 07:30:17,174 - root - INFO - [274/1205] Fetching weather for Ceglédbercel-Cserő...
2026-07-02 07:30:17,268 - root - INFO - Fetched weather for Ceglédbercel-Cserő: 26.0°C, Clear, humidity: 60%
2026-07-02 07:30:18,369 - root - INFO - [275/1205] Fetching weather for Cegléd...
2026-07-02 07:30:18,463 - root - INFO - Fetched weather for Cegléd: 26.1°C, Clouds, humidity: 60%
2026-07-02 07:30:19,565 - root - INFO - [276/1205] Fetching weather for Abony...
2026-07-02 07:30:19,659 - root - INFO - Fetched weather for Abony: 26.6°C, Clouds, humidity: 62%
2026-07-02 07:30:20,761 - root - INFO - [277/1205] Fetching weather for Szolnok...
2026-07-02 07:30:20,862 - root - INFO - Fetched weather for Szolnok: 26.6°C, Clouds, humidity: 62%
2026-07-02 07:30:21,964 - root - INFO - [278/1205] Fetching weather for Szajol...
2026-07-02 07:30:22,057 - root - INFO - Fetched weather for Szajol: 26.7°C, Clouds, humidity: 62%
2026-07-02 07:30:23,159 - root - INFO - [279/1205] Fetching weather for Törökszentmiklós...
2026-07-02 07:30:23,252 - root - INFO - Fetched weather for Törökszentmiklós: 26.7°C, Clouds, humidity: 58%
2026-07-02 07:30:24,353 - root - INFO - [280/1205] Fetching weather for Rákoscsaba-Újtelep...
2026-07-02 07:30:24,454 - root - INFO - Fetched weather for Rákoscsaba-Újtelep: 23.1°C, Clouds, humidity: 69%
2026-07-02 07:30:25,555 - root - INFO - [281/1205] Fetching weather for Rákoscsaba...
2026-07-02 07:30:25,650 - root - INFO - Fetched weather for Rákoscsaba: 23.1°C, Clouds, humidity: 69%
2026-07-02 07:30:26,752 - root - INFO - [282/1205] Fetching weather for Pécel...
2026-07-02 07:30:26,840 - root - INFO - Fetched weather for Pécel: 23.0°C, Clouds, humidity: 62%
2026-07-02 07:30:27,942 - root - INFO - [283/1205] Fetching weather for Isaszeg...
2026-07-02 07:30:28,037 - root - INFO - Fetched weather for Isaszeg: 22.9°C, Clouds, humidity: 62%
2026-07-02 07:30:29,139 - root - INFO - [284/1205] Fetching weather for Gödöllő...
2026-07-02 07:30:29,232 - root - INFO - Fetched weather for Gödöllő: 22.7°C, Clouds, humidity: 63%
2026-07-02 07:30:30,333 - root - INFO - [285/1205] Fetching weather for Máriabesnyő...
2026-07-02 07:30:30,426 - root - INFO - Fetched weather for Máriabesnyő: 22.8°C, Clouds, humidity: 63%
2026-07-02 07:30:31,527 - root - INFO - [286/1205] Fetching weather for Bag...
2026-07-02 07:30:31,623 - root - INFO - Fetched weather for Bag: 23.7°C, Clouds, humidity: 62%
2026-07-02 07:30:32,724 - root - INFO - [287/1205] Fetching weather for Aszód...
2026-07-02 07:30:32,815 - root - INFO - Fetched weather for Aszód: 23.7°C, Clouds, humidity: 63%
2026-07-02 07:30:33,916 - root - INFO - [288/1205] Fetching weather for Hévízgyörk...
2026-07-02 07:30:34,011 - root - INFO - Fetched weather for Hévízgyörk: 23.8°C, Clouds, humidity: 63%
2026-07-02 07:30:35,113 - root - INFO - [289/1205] Fetching weather for Galgahévíz...
2026-07-02 07:30:35,203 - root - INFO - Fetched weather for Galgahévíz: 24.1°C, Clouds, humidity: 63%
2026-07-02 07:30:36,304 - root - INFO - [290/1205] Fetching weather for Tura...
2026-07-02 07:30:36,403 - root - INFO - Fetched weather for Tura: 24.1°C, Clouds, humidity: 63%
2026-07-02 07:30:37,504 - root - INFO - [291/1205] Fetching weather for Hatvan...
2026-07-02 07:30:37,602 - root - INFO - Fetched weather for Hatvan: 24.3°C, Clouds, humidity: 63%
2026-07-02 07:30:38,704 - root - INFO - [292/1205] Fetching weather for Vámosgyörk...
2026-07-02 07:30:38,792 - root - INFO - Fetched weather for Vámosgyörk: 24.7°C, Clouds, humidity: 62%
2026-07-02 07:30:39,894 - root - INFO - [293/1205] Fetching weather for Adács...
2026-07-02 07:30:39,983 - root - INFO - Fetched weather for Adács: 24.8°C, Clouds, humidity: 62%
2026-07-02 07:30:41,084 - root - INFO - [294/1205] Fetching weather for Karácsond...
2026-07-02 07:30:41,181 - root - INFO - Fetched weather for Karácsond: 24.7°C, Clouds, humidity: 62%
2026-07-02 07:30:42,283 - root - INFO - [295/1205] Fetching weather for Ludas...
2026-07-02 07:30:42,379 - root - INFO - Fetched weather for Ludas: 24.9°C, Clouds, humidity: 62%
2026-07-02 07:30:43,481 - root - INFO - [296/1205] Fetching weather for Nagyút...
2026-07-02 07:30:43,574 - root - INFO - Fetched weather for Nagyút: 24.9°C, Clouds, humidity: 62%
2026-07-02 07:30:44,676 - root - INFO - [297/1205] Fetching weather for Kál-Kápolna...
2026-07-02 07:30:44,775 - root - INFO - Fetched weather for Kál-Kápolna: 25.0°C, Clouds, humidity: 61%
2026-07-02 07:30:45,877 - root - INFO - [298/1205] Fetching weather for Füzesabony...
2026-07-02 07:30:45,964 - root - INFO - Fetched weather for Füzesabony: 25.1°C, Clouds, humidity: 63%
2026-07-02 07:30:47,066 - root - INFO - [299/1205] Fetching weather for Szihalom...
2026-07-02 07:30:47,159 - root - INFO - Fetched weather for Szihalom: 24.6°C, Clouds, humidity: 65%
2026-07-02 07:30:48,260 - root - INFO - [300/1205] Fetching weather for Mezőkövesd...
2026-07-02 07:30:48,356 - root - INFO - Fetched weather for Mezőkövesd: 24.6°C, Clouds, humidity: 66%
2026-07-02 07:30:49,458 - root - INFO - [301/1205] Fetching weather for Mezőkövesd felső...
2026-07-02 07:30:49,556 - root - INFO - Fetched weather for Mezőkövesd felső: 24.6°C, Clouds, humidity: 66%
2026-07-02 07:30:50,658 - root - INFO - [302/1205] Fetching weather for Mezőkeresztes-Mezőnyárád...
2026-07-02 07:30:50,752 - root - INFO - Fetched weather for Mezőkeresztes-Mezőnyárád: 24.6°C, Clouds, humidity: 67%
2026-07-02 07:30:51,853 - root - INFO - [303/1205] Fetching weather for Csincse...
2026-07-02 07:30:51,947 - root - INFO - Fetched weather for Csincse: 24.6°C, Clouds, humidity: 67%
2026-07-02 07:30:53,048 - root - INFO - [304/1205] Fetching weather for Emőd...
2026-07-02 07:30:53,143 - root - INFO - Fetched weather for Emőd: 24.6°C, Clouds, humidity: 77%
2026-07-02 07:30:54,245 - root - INFO - [305/1205] Fetching weather for Nyékládháza...
2026-07-02 07:30:54,339 - root - INFO - Fetched weather for Nyékládháza: 24.6°C, Clouds, humidity: 79%
2026-07-02 07:30:55,441 - root - INFO - [306/1205] Fetching weather for Miskolc-Tiszai...
2026-07-02 07:30:55,531 - root - INFO - Fetched weather for Miskolc-Tiszai: 24.3°C, Clouds, humidity: 86%
2026-07-02 07:30:56,633 - root - INFO - [307/1205] Fetching weather for Felsőzsolca...
2026-07-02 07:30:56,729 - root - INFO - Fetched weather for Felsőzsolca: 24.4°C, Clouds, humidity: 84%
2026-07-02 07:30:57,830 - root - INFO - [308/1205] Fetching weather for Hernádnémeti-Bőcs...
2026-07-02 07:30:57,927 - root - INFO - Fetched weather for Hernádnémeti-Bőcs: 24.6°C, Clouds, humidity: 69%
2026-07-02 07:30:59,029 - root - INFO - [309/1205] Fetching weather for Tiszalúc...
2026-07-02 07:30:59,130 - root - INFO - Fetched weather for Tiszalúc: 24.9°C, Clouds, humidity: 69%
2026-07-02 07:31:00,231 - root - INFO - [310/1205] Fetching weather for Taktaharkány...
2026-07-02 07:31:00,327 - root - INFO - Fetched weather for Taktaharkány: 25.4°C, Clouds, humidity: 69%
2026-07-02 07:31:01,429 - root - INFO - [311/1205] Fetching weather for Taktaszada...
2026-07-02 07:31:01,521 - root - INFO - Fetched weather for Taktaszada: 25.4°C, Clouds, humidity: 69%
2026-07-02 07:31:02,622 - root - INFO - [312/1205] Fetching weather for Szerencs...
2026-07-02 07:31:02,720 - root - INFO - Fetched weather for Szerencs: 25.4°C, Clouds, humidity: 70%
2026-07-02 07:31:03,822 - root - INFO - [313/1205] Fetching weather for Mezőzombor...
2026-07-02 07:31:03,921 - root - INFO - Fetched weather for Mezőzombor: 25.4°C, Clouds, humidity: 70%
2026-07-02 07:31:05,022 - root - INFO - [314/1205] Fetching weather for Tarcal...
2026-07-02 07:31:05,112 - root - INFO - Fetched weather for Tarcal: 25.4°C, Clouds, humidity: 69%
2026-07-02 07:31:06,213 - root - INFO - [315/1205] Fetching weather for Tokaj...
2026-07-02 07:31:06,301 - root - INFO - Fetched weather for Tokaj: 25.4°C, Clouds, humidity: 70%
2026-07-02 07:31:07,403 - root - INFO - [316/1205] Fetching weather for Rakamaz...
2026-07-02 07:31:07,501 - root - INFO - Fetched weather for Rakamaz: 25.4°C, Clouds, humidity: 70%
2026-07-02 07:31:08,603 - root - INFO - [317/1205] Fetching weather for Görögszállás...
2026-07-02 07:31:08,697 - root - INFO - Fetched weather for Görögszállás: 25.4°C, Clouds, humidity: 68%
2026-07-02 07:31:09,798 - root - INFO - [318/1205] Fetching weather for Nyírtelek...
2026-07-02 07:31:09,896 - root - INFO - Fetched weather for Nyírtelek: 25.4°C, Clouds, humidity: 68%
2026-07-02 07:31:10,997 - root - INFO - [319/1205] Fetching weather for Rákoshegy...
2026-07-02 07:31:11,095 - root - INFO - Fetched weather for Rákoshegy: 23.1°C, Clouds, humidity: 70%
2026-07-02 07:31:12,196 - root - INFO - [320/1205] Fetching weather for Ecser...
2026-07-02 07:31:12,284 - root - INFO - Fetched weather for Ecser: 23.3°C, Clouds, humidity: 61%
2026-07-02 07:31:13,385 - root - INFO - [321/1205] Fetching weather for Maglód...
2026-07-02 07:31:13,476 - root - INFO - Fetched weather for Maglód: 23.2°C, Clouds, humidity: 61%
2026-07-02 07:31:14,577 - root - INFO - [322/1205] Fetching weather for Maglódi nyaraló...
2026-07-02 07:31:14,673 - root - INFO - Fetched weather for Maglódi nyaraló: 23.2°C, Clouds, humidity: 61%
2026-07-02 07:31:15,775 - root - INFO - [323/1205] Fetching weather for Gyömrő...
2026-07-02 07:31:15,867 - root - INFO - Fetched weather for Gyömrő: 22.9°C, Clouds, humidity: 61%
2026-07-02 07:31:16,968 - root - INFO - [324/1205] Fetching weather for Mende...
2026-07-02 07:31:17,064 - root - INFO - Fetched weather for Mende: 22.8°C, Clouds, humidity: 60%
2026-07-02 07:31:18,166 - root - INFO - [325/1205] Fetching weather for Szőlősnyaraló...
2026-07-02 07:31:18,263 - root - INFO - Fetched weather for Szőlősnyaraló: 25.9°C, Clear, humidity: 60%
2026-07-02 07:31:19,364 - root - INFO - [326/1205] Fetching weather for Sülysáp...
2026-07-02 07:31:19,454 - root - INFO - Fetched weather for Sülysáp: 25.8°C, Clear, humidity: 60%
2026-07-02 07:31:20,556 - root - INFO - [327/1205] Fetching weather for Tápiószecső...
2026-07-02 07:31:20,652 - root - INFO - Fetched weather for Tápiószecső: 25.9°C, Clear, humidity: 60%
2026-07-02 07:31:21,754 - root - INFO - [328/1205] Fetching weather for Szentmártonkáta...
2026-07-02 07:31:21,851 - root - INFO - Fetched weather for Szentmártonkáta: 26.0°C, Clear, humidity: 60%
2026-07-02 07:31:22,953 - root - INFO - [329/1205] Fetching weather for Nagykáta...
2026-07-02 07:31:23,046 - root - INFO - Fetched weather for Nagykáta: 26.0°C, Clear, humidity: 60%
2026-07-02 07:31:24,147 - root - INFO - [330/1205] Fetching weather for Farmos...
2026-07-02 07:31:24,250 - root - INFO - Fetched weather for Farmos: 26.1°C, Clear, humidity: 60%
2026-07-02 07:31:25,352 - root - INFO - [331/1205] Fetching weather for Tápiószele...
2026-07-02 07:31:25,442 - root - INFO - Fetched weather for Tápiószele: 26.1°C, Clear, humidity: 60%
2026-07-02 07:31:26,544 - root - INFO - [332/1205] Fetching weather for Tápiógyörgye...
2026-07-02 07:31:26,642 - root - INFO - Fetched weather for Tápiógyörgye: 26.2°C, Clear, humidity: 60%
2026-07-02 07:31:27,744 - root - INFO - [333/1205] Fetching weather for Újszász...
2026-07-02 07:31:27,837 - root - INFO - Fetched weather for Újszász: 26.2°C, Clouds, humidity: 60%
2026-07-02 07:31:28,938 - root - INFO - [334/1205] Fetching weather for Szurdokpüspöki...
2026-07-02 07:31:29,032 - root - INFO - Fetched weather for Szurdokpüspöki: 24.1°C, Clouds, humidity: 66%
2026-07-02 07:31:30,133 - root - INFO - [335/1205] Fetching weather for Lőrinci...
2026-07-02 07:31:30,226 - root - INFO - Fetched weather for Lőrinci: 24.2°C, Clouds, humidity: 64%
2026-07-02 07:31:31,327 - root - INFO - [336/1205] Fetching weather for Selyp...
2026-07-02 07:31:31,420 - root - INFO - Fetched weather for Selyp: 24.2°C, Rain, humidity: 65%
2026-07-02 07:31:32,522 - root - INFO - [337/1205] Fetching weather for Apc-Zagyvaszántó...
2026-07-02 07:31:32,617 - root - INFO - Fetched weather for Apc-Zagyvaszántó: 24.2°C, Clouds, humidity: 65%
2026-07-02 07:31:33,718 - root - INFO - [338/1205] Fetching weather for Pásztó...
2026-07-02 07:31:33,809 - root - INFO - Fetched weather for Pásztó: 24.0°C, Clouds, humidity: 66%
2026-07-02 07:31:34,910 - root - INFO - [339/1205] Fetching weather for Mátraszőlős-Hasznos...
2026-07-02 07:31:35,021 - root - INFO - Fetched weather for Mátraszőlős-Hasznos: 24.1°C, Clouds, humidity: 66%
2026-07-02 07:31:36,122 - root - INFO - [340/1205] Fetching weather for Tar...
2026-07-02 07:31:36,219 - root - INFO - Fetched weather for Tar: 23.7°C, Clouds, humidity: 68%
2026-07-02 07:31:37,320 - root - INFO - [341/1205] Fetching weather for Mátraverebély...
2026-07-02 07:31:37,408 - root - INFO - Fetched weather for Mátraverebély: 23.7°C, Clouds, humidity: 68%
2026-07-02 07:31:38,509 - root - INFO - [342/1205] Fetching weather for Nagybátony...
2026-07-02 07:31:38,598 - root - INFO - Fetched weather for Nagybátony: 23.9°C, Clouds, humidity: 69%
2026-07-02 07:31:39,699 - root - INFO - [343/1205] Fetching weather for Kisterenye...
2026-07-02 07:31:39,795 - root - INFO - Fetched weather for Kisterenye: 24.0°C, Clouds, humidity: 70%
2026-07-02 07:31:40,896 - root - INFO - [344/1205] Fetching weather for Kisterenye-Bányatelep...
2026-07-02 07:31:40,995 - root - INFO - Fetched weather for Kisterenye-Bányatelep: 24.0°C, Clouds, humidity: 70%
2026-07-02 07:31:42,096 - root - INFO - [345/1205] Fetching weather for Salgótarján külső...
2026-07-02 07:31:42,189 - root - INFO - Fetched weather for Salgótarján külső: 23.4°C, Clouds, humidity: 69%
2026-07-02 07:31:43,291 - root - INFO - [346/1205] Fetching weather for Balatonfenyves GV...
2026-07-02 07:31:43,383 - root - INFO - Fetched weather for Balatonfenyves GV: 22.3°C, Clouds, humidity: 59%
2026-07-02 07:31:44,485 - root - INFO - [347/1205] Fetching weather for Várhegyalja...
2026-07-02 07:31:44,589 - root - INFO - Fetched weather for Várhegyalja: 22.8°C, Clouds, humidity: 63%
2026-07-02 07:31:45,690 - root - INFO - [348/1205] Fetching weather for Imremajor...
2026-07-02 07:31:45,783 - root - INFO - Fetched weather for Imremajor: 22.4°C, Clouds, humidity: 58%
2026-07-02 07:31:46,885 - root - INFO - [349/1205] Fetching weather for Rákospalota-Kertváros...
2026-07-02 07:31:46,979 - root - INFO - Fetched weather for Rákospalota-Kertváros: 23.2°C, Clouds, humidity: 71%
2026-07-02 07:31:48,081 - root - INFO - [350/1205] Fetching weather for Vicziántelep...
2026-07-02 07:31:48,171 - root - INFO - Fetched weather for Vicziántelep: 22.8°C, Clouds, humidity: 65%
2026-07-02 07:31:49,272 - root - INFO - [351/1205] Fetching weather for Pálmajor...
2026-07-02 07:31:49,367 - root - INFO - Fetched weather for Pálmajor: 22.4°C, Clouds, humidity: 57%
2026-07-02 07:31:50,469 - root - INFO - [352/1205] Fetching weather for Somogyszentpál felső...
2026-07-02 07:31:50,562 - root - INFO - Fetched weather for Somogyszentpál felső: 22.4°C, Clouds, humidity: 58%
2026-07-02 07:31:51,663 - root - INFO - [353/1205] Fetching weather for Somogyszentpál...
2026-07-02 07:31:51,765 - root - INFO - Fetched weather for Somogyszentpál: 22.3°C, Clouds, humidity: 57%
2026-07-02 07:31:52,867 - root - INFO - [354/1205] Fetching weather for Rudnaykert...
2026-07-02 07:31:52,960 - root - INFO - Fetched weather for Rudnaykert: 23.1°C, Clouds, humidity: 66%
2026-07-02 07:31:54,061 - root - INFO - [355/1205] Fetching weather for Maroshegy...
2026-07-02 07:31:54,153 - root - INFO - Fetched weather for Maroshegy: 22.5°C, Clouds, humidity: 70%
2026-07-02 07:31:55,255 - root - INFO - [356/1205] Fetching weather for Bánhida...
2026-07-02 07:31:55,347 - root - INFO - Fetched weather for Bánhida: 22.4°C, Clouds, humidity: 64%
2026-07-02 07:31:56,449 - root - INFO - [357/1205] Fetching weather for Magyarkút...
2026-07-02 07:31:56,549 - root - INFO - Fetched weather for Magyarkút: 21.8°C, Clouds, humidity: 81%
2026-07-02 07:31:57,650 - root - INFO - [358/1205] Fetching weather for Becske alsó...
2026-07-02 07:31:57,748 - root - INFO - Fetched weather for Becske alsó: 22.7°C, Clouds, humidity: 65%
2026-07-02 07:31:58,850 - root - INFO - [359/1205] Fetching weather for Hosszúberek-Péteri...
2026-07-02 07:31:58,946 - root - INFO - Fetched weather for Hosszúberek-Péteri: 23.1°C, Clouds, humidity: 60%
2026-07-02 07:32:00,047 - root - INFO - [360/1205] Fetching weather for Monorierdő...
2026-07-02 07:32:00,136 - root - INFO - Fetched weather for Monorierdő: 25.8°C, Clear, humidity: 59%
2026-07-02 07:32:01,238 - root - INFO - [361/1205] Fetching weather for Ceglédbercel...
2026-07-02 07:32:01,328 - root - INFO - Fetched weather for Ceglédbercel: 26.0°C, Clear, humidity: 60%
2026-07-02 07:32:02,429 - root - INFO - [362/1205] Fetching weather for Budai út...
2026-07-02 07:32:02,528 - root - INFO - Fetched weather for Budai út: 26.1°C, Clouds, humidity: 60%
2026-07-02 07:32:03,630 - root - INFO - [363/1205] Fetching weather for Büdöskútpuszta...
2026-07-02 07:32:03,732 - root - INFO - Fetched weather for Büdöskútpuszta: 24.3°C, Clouds, humidity: 70%
2026-07-02 07:32:04,834 - root - INFO - [364/1205] Fetching weather for Bánrévei Vízmű...
2026-07-02 07:32:04,923 - root - INFO - Fetched weather for Bánrévei Vízmű: 24.9°C, Clouds, humidity: 67%
2026-07-02 07:32:06,025 - root - INFO - [365/1205] Fetching weather for Rákoskert...
2026-07-02 07:32:06,127 - root - INFO - Fetched weather for Rákoskert: 23.1°C, Clouds, humidity: 68%
2026-07-02 07:32:07,228 - root - INFO - [366/1205] Fetching weather for Szirmabesenyő...
2026-07-02 07:32:07,337 - root - INFO - Fetched weather for Szirmabesenyő: 24.1°C, Clouds, humidity: 100%
2026-07-02 07:32:08,438 - root - INFO - [367/1205] Fetching weather for Kitérőgyár...
2026-07-02 07:32:08,534 - root - INFO - Fetched weather for Kitérőgyár: 24.3°C, Clouds, humidity: 64%
2026-07-02 07:32:09,635 - root - INFO - [368/1205] Fetching weather for Tápiószentmárton...
2026-07-02 07:32:09,730 - root - INFO - Fetched weather for Tápiószentmárton: 26.1°C, Clear, humidity: 60%
2026-07-02 07:32:10,832 - root - INFO - [369/1205] Fetching weather for Zagyvarékas...
2026-07-02 07:32:10,926 - root - INFO - Fetched weather for Zagyvarékas: 26.7°C, Clouds, humidity: 62%
2026-07-02 07:32:12,028 - root - INFO - [370/1205] Fetching weather for Abonyi út...
2026-07-02 07:32:12,122 - root - INFO - Fetched weather for Abonyi út: 26.7°C, Clouds, humidity: 62%
2026-07-02 07:32:13,224 - root - INFO - [371/1205] Fetching weather for Jászkisér felső...
2026-07-02 07:32:13,314 - root - INFO - Fetched weather for Jászkisér felső: 26.7°C, Clear, humidity: 58%
2026-07-02 07:32:14,416 - root - INFO - [372/1205] Fetching weather for Szellőhát...
2026-07-02 07:32:14,510 - root - INFO - Fetched weather for Szellőhát: 26.2°C, Clouds, humidity: 58%
2026-07-02 07:32:15,612 - root - INFO - [373/1205] Fetching weather for Szilvásvárad-Szalajkavölgy...
2026-07-02 07:32:15,706 - root - INFO - Fetched weather for Szilvásvárad-Szalajkavölgy: 22.9°C, Clouds, humidity: 85%
2026-07-02 07:32:16,807 - root - INFO - [374/1205] Fetching weather for Vásárosnamény külső...
2026-07-02 07:32:16,901 - root - INFO - Fetched weather for Vásárosnamény külső: 23.8°C, Clouds, humidity: 75%
2026-07-02 07:32:18,003 - root - INFO - [375/1205] Fetching weather for Újváros...
2026-07-02 07:32:18,092 - root - INFO - Fetched weather for Újváros: 23.3°C, Clouds, humidity: 75%
2026-07-02 07:32:19,193 - root - INFO - [376/1205] Fetching weather for Városi park...
2026-07-02 07:32:19,286 - root - INFO - Fetched weather for Városi park: 28.3°C, Clouds, humidity: 57%
2026-07-02 07:32:20,388 - root - INFO - [377/1205] Fetching weather for Belsőkamaráspuszta...
2026-07-02 07:32:20,477 - root - INFO - Fetched weather for Belsőkamaráspuszta: 24.5°C, Clouds, humidity: 71%
2026-07-02 07:32:21,578 - root - INFO - [378/1205] Fetching weather for Sajószöged...
2026-07-02 07:32:21,677 - root - INFO - Fetched weather for Sajószöged: 24.7°C, Clouds, humidity: 67%
2026-07-02 07:32:22,779 - root - INFO - [379/1205] Fetching weather for Kazincbarcika alsó...
2026-07-02 07:32:22,872 - root - INFO - Fetched weather for Kazincbarcika alsó: 23.9°C, Clouds, humidity: 72%
2026-07-02 07:32:23,973 - root - INFO - [380/1205] Fetching weather for Nyárjas...
2026-07-02 07:32:24,068 - root - INFO - Fetched weather for Nyárjas: 28.3°C, Clouds, humidity: 57%
2026-07-02 07:32:25,170 - root - INFO - [381/1205] Fetching weather for Pogonyipuszta...
2026-07-02 07:32:25,271 - root - INFO - Fetched weather for Pogonyipuszta: 24.8°C, Clouds, humidity: 67%
2026-07-02 07:32:26,373 - root - INFO - [382/1205] Fetching weather for Sióvölgy...
2026-07-02 07:32:26,467 - root - INFO - Fetched weather for Sióvölgy: 22.8°C, Clouds, humidity: 85%
2026-07-02 07:32:27,568 - root - INFO - [383/1205] Fetching weather for Répáspuszta...
2026-07-02 07:32:27,679 - root - INFO - Fetched weather for Répáspuszta: 22.0°C, Clouds, humidity: 66%
2026-07-02 07:32:28,780 - root - INFO - [384/1205] Fetching weather for Virányos...
2026-07-02 07:32:28,874 - root - INFO - Fetched weather for Virányos: 25.4°C, Clouds, humidity: 69%
2026-07-02 07:32:29,976 - root - INFO - [385/1205] Fetching weather for Füzesbokor...
2026-07-02 07:32:30,066 - root - INFO - Fetched weather for Füzesbokor: 25.4°C, Clouds, humidity: 68%
2026-07-02 07:32:31,168 - root - INFO - [386/1205] Fetching weather for Kunfehértó...
2026-07-02 07:32:31,264 - root - INFO - Fetched weather for Kunfehértó: 25.5°C, Clouds, humidity: 61%
2026-07-02 07:32:32,366 - root - INFO - [387/1205] Fetching weather for Erdőszél...
2026-07-02 07:32:32,456 - root - INFO - Fetched weather for Erdőszél: 25.3°C, Clouds, humidity: 62%
2026-07-02 07:32:33,557 - root - INFO - [388/1205] Fetching weather for Jánoshalma...
2026-07-02 07:32:33,645 - root - INFO - Fetched weather for Jánoshalma: 25.4°C, Clouds, humidity: 62%
2026-07-02 07:32:34,747 - root - INFO - [389/1205] Fetching weather for Mélykút...
2026-07-02 07:32:34,839 - root - INFO - Fetched weather for Mélykút: 28.2°C, Clear, humidity: 62%
2026-07-02 07:32:35,941 - root - INFO - [390/1205] Fetching weather for Bácsalmás...
2026-07-02 07:32:36,038 - root - INFO - Fetched weather for Bácsalmás: 28.3°C, Clear, humidity: 62%
2026-07-02 07:32:37,139 - root - INFO - [391/1205] Fetching weather for Almás...
2026-07-02 07:32:37,232 - root - INFO - Fetched weather for Almás: 28.3°C, Clear, humidity: 62%
2026-07-02 07:32:38,333 - root - INFO - [392/1205] Fetching weather for Bácsbokod-Bácsborsód...
2026-07-02 07:32:38,428 - root - INFO - Fetched weather for Bácsbokod-Bácsborsód: 25.1°C, Clouds, humidity: 63%
2026-07-02 07:32:39,530 - root - INFO - [393/1205] Fetching weather for Baja...
2026-07-02 07:32:39,620 - root - INFO - Fetched weather for Baja: 24.8°C, Clouds, humidity: 66%
2026-07-02 07:32:40,722 - root - INFO - [394/1205] Fetching weather for Harkakötöny...
2026-07-02 07:32:40,820 - root - INFO - Fetched weather for Harkakötöny: 26.5°C, Clear, humidity: 60%
2026-07-02 07:32:41,921 - root - INFO - [395/1205] Fetching weather for Tajó...
2026-07-02 07:32:42,018 - root - INFO - Fetched weather for Tajó: 26.6°C, Clear, humidity: 60%
2026-07-02 07:32:43,119 - root - INFO - [396/1205] Fetching weather for Kiskunmajsa...
2026-07-02 07:32:43,211 - root - INFO - Fetched weather for Kiskunmajsa: 26.6°C, Clear, humidity: 60%
2026-07-02 07:32:44,313 - root - INFO - [397/1205] Fetching weather for Jászszentlászló...
2026-07-02 07:32:44,402 - root - INFO - Fetched weather for Jászszentlászló: 28.3°C, Clear, humidity: 57%
2026-07-02 07:32:45,503 - root - INFO - [398/1205] Fetching weather for Galambos...
2026-07-02 07:32:45,599 - root - INFO - Fetched weather for Galambos: 28.3°C, Clouds, humidity: 57%
2026-07-02 07:32:46,700 - root - INFO - [399/1205] Fetching weather for Pestszentimre...
2026-07-02 07:32:46,805 - root - INFO - Fetched weather for Pestszentimre: 23.4°C, Clouds, humidity: 69%
2026-07-02 07:32:47,906 - root - INFO - [400/1205] Fetching weather for Gyál felső...
2026-07-02 07:32:48,000 - root - INFO - Fetched weather for Gyál felső: 23.8°C, Clouds, humidity: 67%
2026-07-02 07:32:49,101 - root - INFO - [401/1205] Fetching weather for Gyál...
2026-07-02 07:32:49,193 - root - INFO - Fetched weather for Gyál: 23.8°C, Clouds, humidity: 67%
2026-07-02 07:32:50,294 - root - INFO - [402/1205] Fetching weather for Ócsa...
2026-07-02 07:32:50,392 - root - INFO - Fetched weather for Ócsa: 24.0°C, Clouds, humidity: 62%
2026-07-02 07:32:51,494 - root - INFO - [403/1205] Fetching weather for Inárcs-Kakucs...
2026-07-02 07:32:51,584 - root - INFO - Fetched weather for Inárcs-Kakucs: 23.7°C, Clouds, humidity: 60%
2026-07-02 07:32:52,685 - root - INFO - [404/1205] Fetching weather for Dabas...
2026-07-02 07:32:52,779 - root - INFO - Fetched weather for Dabas: 23.9°C, Clouds, humidity: 60%
2026-07-02 07:32:53,881 - root - INFO - [405/1205] Fetching weather for Gyón...
2026-07-02 07:32:53,973 - root - INFO - Fetched weather for Gyón: 24.0°C, Clouds, humidity: 60%
2026-07-02 07:32:55,075 - root - INFO - [406/1205] Fetching weather for Hernád...
2026-07-02 07:32:55,167 - root - INFO - Fetched weather for Hernád: 24.2°C, Clouds, humidity: 59%
2026-07-02 07:32:56,268 - root - INFO - [407/1205] Fetching weather for Bakonygyirót...
2026-07-02 07:32:56,358 - root - INFO - Fetched weather for Bakonygyirót: 22.4°C, Clouds, humidity: 65%
2026-07-02 07:32:57,459 - root - INFO - [408/1205] Fetching weather for Vinye...
2026-07-02 07:32:57,553 - root - INFO - Fetched weather for Vinye: 21.8°C, Clouds, humidity: 66%
2026-07-02 07:32:58,655 - root - INFO - [409/1205] Fetching weather for Nemesgörzsöny...
2026-07-02 07:32:58,746 - root - INFO - Fetched weather for Nemesgörzsöny: 23.3°C, Clouds, humidity: 58%
2026-07-02 07:32:59,847 - root - INFO - [410/1205] Fetching weather for Rábahíd...
2026-07-02 07:32:59,940 - root - INFO - Fetched weather for Rábahíd: 23.3°C, Clouds, humidity: 57%
2026-07-02 07:33:01,042 - root - INFO - [411/1205] Fetching weather for Öskü...
2026-07-02 07:33:01,147 - root - INFO - Fetched weather for Öskü: 22.4°C, Clouds, humidity: 66%
2026-07-02 07:33:02,249 - root - INFO - [412/1205] Fetching weather for Márkó...
2026-07-02 07:33:02,343 - root - INFO - Fetched weather for Márkó: 20.4°C, Clouds, humidity: 66%
2026-07-02 07:33:03,444 - root - INFO - [413/1205] Fetching weather for Nemeskocs...
2026-07-02 07:33:03,538 - root - INFO - Fetched weather for Nemeskocs: 22.9°C, Clouds, humidity: 54%
2026-07-02 07:33:04,639 - root - INFO - [414/1205] Fetching weather for Zalagyömörő...
2026-07-02 07:33:04,733 - root - INFO - Fetched weather for Zalagyömörő: 22.3°C, Clouds, humidity: 54%
2026-07-02 07:33:05,834 - root - INFO - [415/1205] Fetching weather for Rigács...
2026-07-02 07:33:05,934 - root - INFO - Fetched weather for Rigács: 22.3°C, Clouds, humidity: 54%
2026-07-02 07:33:07,036 - root - INFO - [416/1205] Fetching weather for Kemenespálfa...
2026-07-02 07:33:07,129 - root - INFO - Fetched weather for Kemenespálfa: 22.6°C, Clouds, humidity: 54%
2026-07-02 07:33:08,230 - root - INFO - [417/1205] Fetching weather for Lentiszombathely...
2026-07-02 07:33:08,321 - root - INFO - Fetched weather for Lentiszombathely: 22.7°C, Clouds, humidity: 45%
2026-07-02 07:33:09,423 - root - INFO - [418/1205] Fetching weather for Ortaháza...
2026-07-02 07:33:09,522 - root - INFO - Fetched weather for Ortaháza: 22.1°C, Clouds, humidity: 48%
2026-07-02 07:33:10,624 - root - INFO - [419/1205] Fetching weather for Rádiháza...
2026-07-02 07:33:10,724 - root - INFO - Fetched weather for Rádiháza: 21.9°C, Clouds, humidity: 49%
2026-07-02 07:33:11,826 - root - INFO - [420/1205] Fetching weather for Baktüttös...
2026-07-02 07:33:11,921 - root - INFO - Fetched weather for Baktüttös: 21.8°C, Clouds, humidity: 50%
2026-07-02 07:33:13,022 - root - INFO - [421/1205] Fetching weather for Budafa...
2026-07-02 07:33:13,115 - root - INFO - Fetched weather for Budafa: 22.1°C, Clouds, humidity: 50%
2026-07-02 07:33:14,217 - root - INFO - [422/1205] Fetching weather for Zalapatakalja...
2026-07-02 07:33:14,310 - root - INFO - Fetched weather for Zalapatakalja: 22.2°C, Clouds, humidity: 50%
2026-07-02 07:33:15,411 - root - INFO - [423/1205] Fetching weather for Tormásliget...
2026-07-02 07:33:15,516 - root - INFO - Fetched weather for Tormásliget: 22.5°C, Clouds, humidity: 61%
2026-07-02 07:33:16,617 - root - INFO - [424/1205] Fetching weather for Belecska...
2026-07-02 07:33:16,708 - root - INFO - Fetched weather for Belecska: 22.8°C, Clouds, humidity: 70%
2026-07-02 07:33:17,809 - root - INFO - [425/1205] Fetching weather for Almár...
2026-07-02 07:33:17,911 - root - INFO - Fetched weather for Almár: 24.1°C, Clouds, humidity: 85%
2026-07-02 07:33:19,012 - root - INFO - [426/1205] Fetching weather for Vasútmúzeum...
2026-07-02 07:33:19,104 - root - INFO - Fetched weather for Vasútmúzeum: 23.2°C, Clouds, humidity: 71%
2026-07-02 07:33:20,206 - root - INFO - [427/1205] Fetching weather for Abda...
2026-07-02 07:33:20,300 - root - INFO - Fetched weather for Abda: 23.5°C, Clouds, humidity: 62%
2026-07-02 07:33:21,402 - root - INFO - [428/1205] Fetching weather for Vadaspark...
2026-07-02 07:33:21,504 - root - INFO - Fetched weather for Vadaspark: 20.4°C, Clouds, humidity: 74%
2026-07-02 07:33:22,606 - root - INFO - [429/1205] Fetching weather for Barosstelep...
2026-07-02 07:33:22,700 - root - INFO - Fetched weather for Barosstelep: 23.7°C, Clouds, humidity: 69%
2026-07-02 07:33:23,801 - root - INFO - [430/1205] Fetching weather for Fegyvernek-Örményes...
2026-07-02 07:33:23,899 - root - INFO - Fetched weather for Fegyvernek-Örményes: 25.9°C, Clouds, humidity: 59%
2026-07-02 07:33:25,001 - root - INFO - [431/1205] Fetching weather for Zagyvapálfalva...
2026-07-02 07:33:25,109 - root - INFO - Fetched weather for Zagyvapálfalva: 23.6°C, Clouds, humidity: 68%
2026-07-02 07:33:26,211 - root - INFO - [432/1205] Fetching weather for Salgótarján...
2026-07-02 07:33:26,303 - root - INFO - Fetched weather for Salgótarján: 23.0°C, Clouds, humidity: 68%
2026-07-02 07:33:27,405 - root - INFO - [433/1205] Fetching weather for Szabadisóstó...
2026-07-02 07:33:27,503 - root - INFO - Fetched weather for Szabadisóstó: 22.7°C, Clouds, humidity: 85%
2026-07-02 07:33:28,605 - root - INFO - [434/1205] Fetching weather for Siófok...
2026-07-02 07:33:28,698 - root - INFO - Fetched weather for Siófok: 22.7°C, Clouds, humidity: 85%
2026-07-02 07:33:29,800 - root - INFO - [435/1205] Fetching weather for Balatonszéplak felső...
2026-07-02 07:33:29,896 - root - INFO - Fetched weather for Balatonszéplak felső: 22.7°C, Clouds, humidity: 85%
2026-07-02 07:33:30,998 - root - INFO - [436/1205] Fetching weather for Balatonszéplak alsó...
2026-07-02 07:33:31,095 - root - INFO - Fetched weather for Balatonszéplak alsó: 22.7°C, Clouds, humidity: 85%
2026-07-02 07:33:32,197 - root - INFO - [437/1205] Fetching weather for Zamárdi felső...
2026-07-02 07:33:32,291 - root - INFO - Fetched weather for Zamárdi felső: 21.6°C, Clouds, humidity: 44%
2026-07-02 07:33:33,393 - root - INFO - [438/1205] Fetching weather for Zamárdi...
2026-07-02 07:33:33,489 - root - INFO - Fetched weather for Zamárdi: 21.6°C, Clouds, humidity: 44%
2026-07-02 07:33:34,591 - root - INFO - [439/1205] Fetching weather for Szántód...
2026-07-02 07:33:34,684 - root - INFO - Fetched weather for Szántód: 21.6°C, Clouds, humidity: 44%
2026-07-02 07:33:35,786 - root - INFO - [440/1205] Fetching weather for Szőny-Déli...
2026-07-02 07:33:35,882 - root - INFO - Fetched weather for Szőny-Déli: 23.4°C, Clouds, humidity: 61%
2026-07-02 07:33:36,984 - root - INFO - [441/1205] Fetching weather for Várpalota...
2026-07-02 07:33:37,077 - root - INFO - Fetched weather for Várpalota: 21.9°C, Clouds, humidity: 66%
2026-07-02 07:33:38,178 - root - INFO - [442/1205] Fetching weather for Pétfürdő...
2026-07-02 07:33:38,272 - root - INFO - Fetched weather for Pétfürdő: 22.6°C, Clouds, humidity: 66%
2026-07-02 07:33:39,373 - root - INFO - [443/1205] Fetching weather for Hajmáskér...
2026-07-02 07:33:39,467 - root - INFO - Fetched weather for Hajmáskér: 22.3°C, Clouds, humidity: 65%
2026-07-02 07:33:40,569 - root - INFO - [444/1205] Fetching weather for Veszprém...
2026-07-02 07:33:40,662 - root - INFO - Fetched weather for Veszprém: 21.0°C, Clouds, humidity: 65%
2026-07-02 07:33:41,764 - root - INFO - [445/1205] Fetching weather for Herend...
2026-07-02 07:33:41,853 - root - INFO - Fetched weather for Herend: 20.2°C, Clouds, humidity: 65%
2026-07-02 07:33:42,954 - root - INFO - [446/1205] Fetching weather for Városlőd...
2026-07-02 07:33:43,056 - root - INFO - Fetched weather for Városlőd: 21.0°C, Clouds, humidity: 64%
2026-07-02 07:33:44,157 - root - INFO - [447/1205] Fetching weather for Városlőd-Kislőd...
2026-07-02 07:33:44,252 - root - INFO - Fetched weather for Városlőd-Kislőd: 21.4°C, Clouds, humidity: 64%
2026-07-02 07:33:45,354 - root - INFO - [448/1205] Fetching weather for Ajka...
2026-07-02 07:33:45,447 - root - INFO - Fetched weather for Ajka: 21.8°C, Clouds, humidity: 61%
2026-07-02 07:33:46,548 - root - INFO - [449/1205] Fetching weather for Ajka-Gyártelep...
2026-07-02 07:33:46,634 - root - INFO - Fetched weather for Ajka-Gyártelep: 21.8°C, Clouds, humidity: 61%
2026-07-02 07:33:47,735 - root - INFO - [450/1205] Fetching weather for Devecser...
2026-07-02 07:33:47,828 - root - INFO - Fetched weather for Devecser: 22.3°C, Clouds, humidity: 58%
2026-07-02 07:33:48,929 - root - INFO - [451/1205] Fetching weather for Somlóvásárhely...
2026-07-02 07:33:49,021 - root - INFO - Fetched weather for Somlóvásárhely: 22.6°C, Clouds, humidity: 56%
2026-07-02 07:33:50,122 - root - INFO - [452/1205] Fetching weather for Tüskevár...
2026-07-02 07:33:50,216 - root - INFO - Fetched weather for Tüskevár: 22.7°C, Clouds, humidity: 55%
2026-07-02 07:33:51,318 - root - INFO - [453/1205] Fetching weather for Karakószörcsök...
2026-07-02 07:33:51,411 - root - INFO - Fetched weather for Karakószörcsök: 22.8°C, Clouds, humidity: 55%
2026-07-02 07:33:52,512 - root - INFO - [454/1205] Fetching weather for Kerta...
2026-07-02 07:33:52,606 - root - INFO - Fetched weather for Kerta: 22.9°C, Clouds, humidity: 54%
2026-07-02 07:33:53,707 - root - INFO - [455/1205] Fetching weather for Boba...
2026-07-02 07:33:53,805 - root - INFO - Fetched weather for Boba: 23.0°C, Clouds, humidity: 54%
2026-07-02 07:33:54,907 - root - INFO - [456/1205] Fetching weather for Börgönd...
2026-07-02 07:33:55,007 - root - INFO - Fetched weather for Börgönd: 22.6°C, Clouds, humidity: 72%
2026-07-02 07:33:56,108 - root - INFO - [457/1205] Fetching weather for Belsőbáránd...
2026-07-02 07:33:56,200 - root - INFO - Fetched weather for Belsőbáránd: 22.5°C, Clouds, humidity: 71%
2026-07-02 07:33:57,302 - root - INFO - [458/1205] Fetching weather for Zichyújfalu...
2026-07-02 07:33:57,396 - root - INFO - Fetched weather for Zichyújfalu: 22.6°C, Clouds, humidity: 74%
2026-07-02 07:33:58,497 - root - INFO - [459/1205] Fetching weather for Seregélyes...
2026-07-02 07:33:58,590 - root - INFO - Fetched weather for Seregélyes: 22.7°C, Clouds, humidity: 72%
2026-07-02 07:33:59,692 - root - INFO - [460/1205] Fetching weather for Polgárdi-Ipartelepek...
2026-07-02 07:33:59,787 - root - INFO - Fetched weather for Polgárdi-Ipartelepek: 22.4°C, Clouds, humidity: 70%
2026-07-02 07:34:00,889 - root - INFO - [461/1205] Fetching weather for Polgárdi...
2026-07-02 07:34:00,985 - root - INFO - Fetched weather for Polgárdi: 22.4°C, Clouds, humidity: 70%
2026-07-02 07:34:02,086 - root - INFO - [462/1205] Fetching weather for Füle...
2026-07-02 07:34:02,184 - root - INFO - Fetched weather for Füle: 22.3°C, Clouds, humidity: 70%
2026-07-02 07:34:03,286 - root - INFO - [463/1205] Fetching weather for Zánka-Erzsébettábor...
2026-07-02 07:34:03,378 - root - INFO - Fetched weather for Zánka-Erzsébettábor: 21.6°C, Clouds, humidity: 44%
2026-07-02 07:34:04,480 - root - INFO - [464/1205] Fetching weather for Csajág...
2026-07-02 07:34:04,569 - root - INFO - Fetched weather for Csajág: 22.6°C, Clouds, humidity: 85%
2026-07-02 07:34:05,671 - root - INFO - [465/1205] Fetching weather for Balatonakarattya...
2026-07-02 07:34:05,765 - root - INFO - Fetched weather for Balatonakarattya: 22.4°C, Clouds, humidity: 85%
2026-07-02 07:34:06,866 - root - INFO - [466/1205] Fetching weather for Csittényhegy...
2026-07-02 07:34:06,962 - root - INFO - Fetched weather for Csittényhegy: 22.6°C, Clouds, humidity: 85%
2026-07-02 07:34:08,063 - root - INFO - [467/1205] Fetching weather for Balatonkenese...
2026-07-02 07:34:08,160 - root - INFO - Fetched weather for Balatonkenese: 22.7°C, Clouds, humidity: 85%
2026-07-02 07:34:09,262 - root - INFO - [468/1205] Fetching weather for Balatonfűzfő...
2026-07-02 07:34:09,354 - root - INFO - Fetched weather for Balatonfűzfő: 22.8°C, Clouds, humidity: 85%
2026-07-02 07:34:10,456 - root - INFO - [469/1205] Fetching weather for Balatonalmádi...
2026-07-02 07:34:10,549 - root - INFO - Fetched weather for Balatonalmádi: 22.7°C, Clouds, humidity: 85%
2026-07-02 07:34:11,651 - root - INFO - [470/1205] Fetching weather for Káptalanfüred...
2026-07-02 07:34:11,744 - root - INFO - Fetched weather for Káptalanfüred: 22.8°C, Clouds, humidity: 85%
2026-07-02 07:34:12,845 - root - INFO - [471/1205] Fetching weather for Alsóörs...
2026-07-02 07:34:12,935 - root - INFO - Fetched weather for Alsóörs: 21.6°C, Clouds, humidity: 44%
2026-07-02 07:34:14,036 - root - INFO - [472/1205] Fetching weather for Csopak...
2026-07-02 07:34:14,127 - root - INFO - Fetched weather for Csopak: 21.5°C, Clouds, humidity: 44%
2026-07-02 07:34:15,229 - root - INFO - [473/1205] Fetching weather for Balatonarács...
2026-07-02 07:34:15,322 - root - INFO - Fetched weather for Balatonarács: 21.4°C, Clouds, humidity: 44%
2026-07-02 07:34:16,423 - root - INFO - [474/1205] Fetching weather for Balatonfüred...
2026-07-02 07:34:16,513 - root - INFO - Fetched weather for Balatonfüred: 21.5°C, Clouds, humidity: 44%
2026-07-02 07:34:17,615 - root - INFO - [475/1205] Fetching weather for Aszófő...
2026-07-02 07:34:17,705 - root - INFO - Fetched weather for Aszófő: 21.6°C, Clouds, humidity: 44%
2026-07-02 07:34:18,806 - root - INFO - [476/1205] Fetching weather for Örvényes...
2026-07-02 07:34:18,899 - root - INFO - Fetched weather for Örvényes: 21.6°C, Clouds, humidity: 44%
2026-07-02 07:34:20,000 - root - INFO - [477/1205] Fetching weather for Balatonudvari...
2026-07-02 07:34:20,096 - root - INFO - Fetched weather for Balatonudvari: 21.6°C, Clouds, humidity: 44%
2026-07-02 07:34:21,197 - root - INFO - [478/1205] Fetching weather for Fövenyes...
2026-07-02 07:34:21,285 - root - INFO - Fetched weather for Fövenyes: 21.7°C, Clouds, humidity: 44%
2026-07-02 07:34:22,386 - root - INFO - [479/1205] Fetching weather for Balatonakali-Dörgicse...
2026-07-02 07:34:22,479 - root - INFO - Fetched weather for Balatonakali-Dörgicse: 21.6°C, Clouds, humidity: 44%
2026-07-02 07:34:23,580 - root - INFO - [480/1205] Fetching weather for Zánka-Köveskál...
2026-07-02 07:34:23,672 - root - INFO - Fetched weather for Zánka-Köveskál: 21.6°C, Clouds, humidity: 44%
2026-07-02 07:34:24,774 - root - INFO - [481/1205] Fetching weather for Balatonszepezd...
2026-07-02 07:34:24,865 - root - INFO - Fetched weather for Balatonszepezd: 21.6°C, Clouds, humidity: 44%
2026-07-02 07:34:25,967 - root - INFO - [482/1205] Fetching weather for Szepezdfürdő...
2026-07-02 07:34:26,057 - root - INFO - Fetched weather for Szepezdfürdő: 21.6°C, Clouds, humidity: 62%
2026-07-02 07:34:27,158 - root - INFO - [483/1205] Fetching weather for Révfülöp...
2026-07-02 07:34:27,245 - root - INFO - Fetched weather for Révfülöp: 21.6°C, Clouds, humidity: 62%
2026-07-02 07:34:28,347 - root - INFO - [484/1205] Fetching weather for Balatonrendes...
2026-07-02 07:34:28,435 - root - INFO - Fetched weather for Balatonrendes: 21.6°C, Clouds, humidity: 61%
2026-07-02 07:34:29,536 - root - INFO - [485/1205] Fetching weather for Ábrahámhegy...
2026-07-02 07:34:29,636 - root - INFO - Fetched weather for Ábrahámhegy: 21.6°C, Clouds, humidity: 61%
2026-07-02 07:34:30,738 - root - INFO - [486/1205] Fetching weather for Badacsonyörs...
2026-07-02 07:34:30,828 - root - INFO - Fetched weather for Badacsonyörs: 22.3°C, Clouds, humidity: 60%
2026-07-02 07:34:31,929 - root - INFO - [487/1205] Fetching weather for Kisújszállás...
2026-07-02 07:34:32,025 - root - INFO - Fetched weather for Kisújszállás: 25.7°C, Clouds, humidity: 63%
2026-07-02 07:34:33,126 - root - INFO - [488/1205] Fetching weather for Karcag...
2026-07-02 07:34:33,220 - root - INFO - Fetched weather for Karcag: 25.5°C, Clouds, humidity: 68%
2026-07-02 07:34:34,321 - root - INFO - [489/1205] Fetching weather for Püspökladány...
2026-07-02 07:34:34,411 - root - INFO - Fetched weather for Püspökladány: 25.4°C, Clouds, humidity: 72%
2026-07-02 07:34:35,513 - root - INFO - [490/1205] Fetching weather for Kaba...
2026-07-02 07:34:35,609 - root - INFO - Fetched weather for Kaba: 25.4°C, Clouds, humidity: 70%
2026-07-02 07:34:36,711 - root - INFO - [491/1205] Fetching weather for Hajdúszoboszló...
2026-07-02 07:34:36,805 - root - INFO - Fetched weather for Hajdúszoboszló: 25.4°C, Clouds, humidity: 67%
2026-07-02 07:34:37,906 - root - INFO - [492/1205] Fetching weather for Ebes...
2026-07-02 07:34:38,000 - root - INFO - Fetched weather for Ebes: 25.4°C, Clouds, humidity: 66%
2026-07-02 07:34:39,101 - root - INFO - [493/1205] Fetching weather for Debrecen...
2026-07-02 07:34:39,192 - root - INFO - Fetched weather for Debrecen: 25.2°C, Clouds, humidity: 67%
2026-07-02 07:34:40,293 - root - INFO - [494/1205] Fetching weather for Debrecen-Csapókert...
2026-07-02 07:34:40,388 - root - INFO - Fetched weather for Debrecen-Csapókert: 25.0°C, Clouds, humidity: 67%
2026-07-02 07:34:41,489 - root - INFO - [495/1205] Fetching weather for Apafa...
2026-07-02 07:34:41,581 - root - INFO - Fetched weather for Apafa: 25.0°C, Clouds, humidity: 67%
2026-07-02 07:34:42,682 - root - INFO - [496/1205] Fetching weather for Bocskaikert...
2026-07-02 07:34:42,780 - root - INFO - Fetched weather for Bocskaikert: 24.8°C, Clouds, humidity: 66%
2026-07-02 07:34:43,881 - root - INFO - [497/1205] Fetching weather for Hajdúhadház...
2026-07-02 07:34:43,972 - root - INFO - Fetched weather for Hajdúhadház: 24.8°C, Clouds, humidity: 66%
2026-07-02 07:34:45,074 - root - INFO - [498/1205] Fetching weather for Téglás...
2026-07-02 07:34:45,167 - root - INFO - Fetched weather for Téglás: 24.9°C, Clouds, humidity: 65%
2026-07-02 07:34:46,268 - root - INFO - [499/1205] Fetching weather for Újfehértó...
2026-07-02 07:34:46,359 - root - INFO - Fetched weather for Újfehértó: 24.9°C, Clouds, humidity: 65%
2026-07-02 07:34:47,460 - root - INFO - [500/1205] Fetching weather for Nyíregyháza...
2026-07-02 07:34:47,549 - root - INFO - Fetched weather for Nyíregyháza: 24.7°C, Clouds, humidity: 67%
2026-07-02 07:34:48,650 - root - INFO - [501/1205] Fetching weather for Sóstó...
2026-07-02 07:34:48,740 - root - INFO - Fetched weather for Sóstó: 25.4°C, Clouds, humidity: 68%
2026-07-02 07:34:49,842 - root - INFO - [502/1205] Fetching weather for Sóstóhegy...
2026-07-02 07:34:49,931 - root - INFO - Fetched weather for Sóstóhegy: 25.4°C, Clouds, humidity: 69%
2026-07-02 07:34:51,032 - root - INFO - [503/1205] Fetching weather for Kemecse...
2026-07-02 07:34:51,127 - root - INFO - Fetched weather for Kemecse: 24.3°C, Clouds, humidity: 70%
2026-07-02 07:34:52,228 - root - INFO - [504/1205] Fetching weather for Nyírbogdány...
2026-07-02 07:34:52,322 - root - INFO - Fetched weather for Nyírbogdány: 24.2°C, Clouds, humidity: 71%
2026-07-02 07:34:53,424 - root - INFO - [505/1205] Fetching weather for Kék...
2026-07-02 07:34:53,525 - root - INFO - Fetched weather for Kék: 24.2°C, Clouds, humidity: 71%
2026-07-02 07:34:54,627 - root - INFO - [506/1205] Fetching weather for Demecser...
2026-07-02 07:34:54,723 - root - INFO - Fetched weather for Demecser: 24.1°C, Clouds, humidity: 72%
2026-07-02 07:34:55,825 - root - INFO - [507/1205] Fetching weather for Gégény...
2026-07-02 07:34:55,921 - root - INFO - Fetched weather for Gégény: 24.0°C, Clouds, humidity: 72%
2026-07-02 07:34:57,022 - root - INFO - [508/1205] Fetching weather for Pátroha...
2026-07-02 07:34:57,113 - root - INFO - Fetched weather for Pátroha: 23.9°C, Clouds, humidity: 72%
2026-07-02 07:34:58,215 - root - INFO - [509/1205] Fetching weather for Ajak...
2026-07-02 07:34:58,308 - root - INFO - Fetched weather for Ajak: 23.9°C, Clouds, humidity: 73%
2026-07-02 07:34:59,409 - root - INFO - [510/1205] Fetching weather for Kisvárda...
2026-07-02 07:34:59,499 - root - INFO - Fetched weather for Kisvárda: 23.8°C, Clouds, humidity: 73%
2026-07-02 07:35:00,600 - root - INFO - [511/1205] Fetching weather for Kisvárda-Hármasút...
2026-07-02 07:35:00,697 - root - INFO - Fetched weather for Kisvárda-Hármasút: 23.8°C, Clouds, humidity: 73%
2026-07-02 07:35:01,798 - root - INFO - [512/1205] Fetching weather for Fényeslitke...
2026-07-02 07:35:01,889 - root - INFO - Fetched weather for Fényeslitke: 23.6°C, Clouds, humidity: 73%
2026-07-02 07:35:02,990 - root - INFO - [513/1205] Fetching weather for Komoró...
2026-07-02 07:35:03,091 - root - INFO - Fetched weather for Komoró: 23.6°C, Clouds, humidity: 73%
2026-07-02 07:35:04,193 - root - INFO - [514/1205] Fetching weather for Tuzsér...
2026-07-02 07:35:04,284 - root - INFO - Fetched weather for Tuzsér: 23.4°C, Clouds, humidity: 73%
2026-07-02 07:35:05,385 - root - INFO - [515/1205] Fetching weather for Tiszabezdéd...
2026-07-02 07:35:05,480 - root - INFO - Fetched weather for Tiszabezdéd: 23.4°C, Clouds, humidity: 72%
2026-07-02 07:35:06,581 - root - INFO - [516/1205] Fetching weather for Záhony...
2026-07-02 07:35:06,668 - root - INFO - Fetched weather for Záhony: 23.3°C, Clouds, humidity: 72%
2026-07-02 07:35:07,770 - root - INFO - [517/1205] Fetching weather for Karcag-Vásártér...
2026-07-02 07:35:07,864 - root - INFO - Fetched weather for Karcag-Vásártér: 26.7°C, Clouds, humidity: 68%
2026-07-02 07:35:08,966 - root - INFO - [518/1205] Fetching weather for Berekfürdő...
2026-07-02 07:35:09,059 - root - INFO - Fetched weather for Berekfürdő: 26.7°C, Clouds, humidity: 64%
2026-07-02 07:35:10,160 - root - INFO - [519/1205] Fetching weather for Kunmadaras...
2026-07-02 07:35:10,254 - root - INFO - Fetched weather for Kunmadaras: 26.6°C, Clouds, humidity: 65%
2026-07-02 07:35:11,355 - root - INFO - [520/1205] Fetching weather for Tiszaszentimre...
2026-07-02 07:35:11,448 - root - INFO - Fetched weather for Tiszaszentimre: 26.7°C, Clouds, humidity: 65%
2026-07-02 07:35:12,549 - root - INFO - [521/1205] Fetching weather for Tiszaszőlős...
2026-07-02 07:35:12,646 - root - INFO - Fetched weather for Tiszaszőlős: 26.7°C, Clouds, humidity: 65%
2026-07-02 07:35:13,748 - root - INFO - [522/1205] Fetching weather for Hosszúhát...
2026-07-02 07:35:13,846 - root - INFO - Fetched weather for Hosszúhát: 25.4°C, Clouds, humidity: 73%
2026-07-02 07:35:14,948 - root - INFO - [523/1205] Fetching weather for Szerep...
2026-07-02 07:35:15,041 - root - INFO - Fetched weather for Szerep: 25.4°C, Clouds, humidity: 73%
2026-07-02 07:35:16,142 - root - INFO - [524/1205] Fetching weather for Sárrétudvari...
2026-07-02 07:35:16,238 - root - INFO - Fetched weather for Sárrétudvari: 25.4°C, Clouds, humidity: 73%
2026-07-02 07:35:17,340 - root - INFO - [525/1205] Fetching weather for Biharnagybajom...
2026-07-02 07:35:17,427 - root - INFO - Fetched weather for Biharnagybajom: 25.4°C, Clouds, humidity: 72%
2026-07-02 07:35:18,529 - root - INFO - [526/1205] Fetching weather for Füzesgyarmat...
2026-07-02 07:35:18,620 - root - INFO - Fetched weather for Füzesgyarmat: 25.6°C, Clouds, humidity: 69%
2026-07-02 07:35:19,721 - root - INFO - [527/1205] Fetching weather for Füzesgyarmatfürdő...
2026-07-02 07:35:19,817 - root - INFO - Fetched weather for Füzesgyarmatfürdő: 25.6°C, Clouds, humidity: 69%
2026-07-02 07:35:20,918 - root - INFO - [528/1205] Fetching weather for Báránd...
2026-07-02 07:35:21,013 - root - INFO - Fetched weather for Báránd: 25.4°C, Clouds, humidity: 72%
2026-07-02 07:35:22,114 - root - INFO - [529/1205] Fetching weather for Sáp...
2026-07-02 07:35:22,211 - root - INFO - Fetched weather for Sáp: 25.3°C, Clouds, humidity: 73%
2026-07-02 07:35:23,313 - root - INFO - [530/1205] Fetching weather for Berettyóújfalu...
2026-07-02 07:35:23,405 - root - INFO - Fetched weather for Berettyóújfalu: 25.2°C, Clouds, humidity: 73%
2026-07-02 07:35:24,506 - root - INFO - [531/1205] Fetching weather for Mezőpeterd...
2026-07-02 07:35:24,601 - root - INFO - Fetched weather for Mezőpeterd: 27.5°C, Clouds, humidity: 71%
2026-07-02 07:35:25,702 - root - INFO - [532/1205] Fetching weather for Biharkeresztes...
2026-07-02 07:35:25,793 - root - INFO - Fetched weather for Biharkeresztes: 27.5°C, Clouds, humidity: 58%
2026-07-02 07:35:26,895 - root - INFO - [533/1205] Fetching weather for Tócóvölgy...
2026-07-02 07:35:26,986 - root - INFO - Fetched weather for Tócóvölgy: 25.2°C, Clouds, humidity: 66%
2026-07-02 07:35:28,087 - root - INFO - [534/1205] Fetching weather for Sáregres...
2026-07-02 07:35:28,181 - root - INFO - Fetched weather for Sáregres: 23.2°C, Clouds, humidity: 69%
2026-07-02 07:35:29,282 - root - INFO - [535/1205] Fetching weather for Simontornya...
2026-07-02 07:35:29,373 - root - INFO - Fetched weather for Simontornya: 23.0°C, Clouds, humidity: 70%
2026-07-02 07:35:30,475 - root - INFO - [536/1205] Fetching weather for Tolnanémedi...
2026-07-02 07:35:30,573 - root - INFO - Fetched weather for Tolnanémedi: 23.0°C, Clouds, humidity: 70%
2026-07-02 07:35:31,674 - root - INFO - [537/1205] Fetching weather for Pincehely...
2026-07-02 07:35:31,775 - root - INFO - Fetched weather for Pincehely: 22.7°C, Clouds, humidity: 71%
2026-07-02 07:35:32,877 - root - INFO - [538/1205] Fetching weather for Keszőhidegkút-Gyönk...
2026-07-02 07:35:32,967 - root - INFO - Fetched weather for Keszőhidegkút-Gyönk: 22.9°C, Rain, humidity: 69%
2026-07-02 07:35:34,068 - root - INFO - [539/1205] Fetching weather for Szárazd...
2026-07-02 07:35:34,163 - root - INFO - Fetched weather for Szárazd: 22.9°C, Rain, humidity: 69%
2026-07-02 07:35:35,264 - root - INFO - [540/1205] Fetching weather for Regöly...
2026-07-02 07:35:35,362 - root - INFO - Fetched weather for Regöly: 22.9°C, Rain, humidity: 69%
2026-07-02 07:35:36,463 - root - INFO - [541/1205] Fetching weather for Szakály-Hőgyész...
2026-07-02 07:35:36,555 - root - INFO - Fetched weather for Szakály-Hőgyész: 22.8°C, Rain, humidity: 69%
2026-07-02 07:35:37,657 - root - INFO - [542/1205] Fetching weather for Dúzs...
2026-07-02 07:35:37,747 - root - INFO - Fetched weather for Dúzs: 22.9°C, Rain, humidity: 70%
2026-07-02 07:35:38,848 - root - INFO - [543/1205] Fetching weather for Csibrák...
2026-07-02 07:35:38,943 - root - INFO - Fetched weather for Csibrák: 22.9°C, Rain, humidity: 70%
2026-07-02 07:35:40,044 - root - INFO - [544/1205] Fetching weather for Kurd...
2026-07-02 07:35:40,141 - root - INFO - Fetched weather for Kurd: 22.6°C, Rain, humidity: 71%
2026-07-02 07:35:41,242 - root - INFO - [545/1205] Fetching weather for Döbrököz...
2026-07-02 07:35:41,334 - root - INFO - Fetched weather for Döbrököz: 22.7°C, Rain, humidity: 72%
2026-07-02 07:35:42,436 - root - INFO - [546/1205] Fetching weather for Dombóvár...
2026-07-02 07:35:42,531 - root - INFO - Fetched weather for Dombóvár: 22.4°C, Rain, humidity: 75%
2026-07-02 07:35:43,632 - root - INFO - [547/1205] Fetching weather for Dombóvár alsó...
2026-07-02 07:35:43,724 - root - INFO - Fetched weather for Dombóvár alsó: 22.4°C, Rain, humidity: 75%
2026-07-02 07:35:44,825 - root - INFO - [548/1205] Fetching weather for Somoskőújfalu...
2026-07-02 07:35:44,927 - root - INFO - Fetched weather for Somoskőújfalu: 21.8°C, Clouds, humidity: 67%
2026-07-02 07:35:46,029 - root - INFO - [549/1205] Fetching weather for Jászfényszaru...
2026-07-02 07:35:46,120 - root - INFO - Fetched weather for Jászfényszaru: 24.6°C, Clouds, humidity: 61%
2026-07-02 07:35:47,222 - root - INFO - [550/1205] Fetching weather for Pusztamonostor...
2026-07-02 07:35:47,315 - root - INFO - Fetched weather for Pusztamonostor: 26.1°C, Clouds, humidity: 60%
2026-07-02 07:35:48,416 - root - INFO - [551/1205] Fetching weather for Jászberény...
2026-07-02 07:35:48,511 - root - INFO - Fetched weather for Jászberény: 26.1°C, Clouds, humidity: 58%
2026-07-02 07:35:49,612 - root - INFO - [552/1205] Fetching weather for Meggyespele...
2026-07-02 07:35:49,702 - root - INFO - Fetched weather for Meggyespele: 26.2°C, Clear, humidity: 60%
2026-07-02 07:35:50,803 - root - INFO - [553/1205] Fetching weather for Portelek...
2026-07-02 07:35:50,896 - root - INFO - Fetched weather for Portelek: 26.2°C, Clear, humidity: 60%
2026-07-02 07:35:51,998 - root - INFO - [554/1205] Fetching weather for Jászboldogháza-Jánoshida...
2026-07-02 07:35:52,098 - root - INFO - Fetched weather for Jászboldogháza-Jánoshida: 26.2°C, Clear, humidity: 60%
2026-07-02 07:35:53,199 - root - INFO - [555/1205] Fetching weather for Jászárokszállás...
2026-07-02 07:35:53,289 - root - INFO - Fetched weather for Jászárokszállás: 25.0°C, Clouds, humidity: 60%
2026-07-02 07:35:54,390 - root - INFO - [556/1205] Fetching weather for Jászdózsa...
2026-07-02 07:35:54,485 - root - INFO - Fetched weather for Jászdózsa: 25.1°C, Clouds, humidity: 59%
2026-07-02 07:35:55,587 - root - INFO - [557/1205] Fetching weather for Jászapáti...
2026-07-02 07:35:55,680 - root - INFO - Fetched weather for Jászapáti: 25.3°C, Clear, humidity: 58%
2026-07-02 07:35:56,781 - root - INFO - [558/1205] Fetching weather for Jászkisér...
2026-07-02 07:35:56,870 - root - INFO - Fetched weather for Jászkisér: 25.4°C, Clear, humidity: 58%
2026-07-02 07:35:57,972 - root - INFO - [559/1205] Fetching weather for Jászladány...
2026-07-02 07:35:58,069 - root - INFO - Fetched weather for Jászladány: 26.2°C, Clouds, humidity: 57%
2026-07-02 07:35:59,171 - root - INFO - [560/1205] Fetching weather for Szászberek...
2026-07-02 07:35:59,276 - root - INFO - Fetched weather for Szászberek: 26.2°C, Clouds, humidity: 60%
2026-07-02 07:36:00,377 - root - INFO - [561/1205] Fetching weather for Gyöngyöshalász...
2026-07-02 07:36:00,471 - root - INFO - Fetched weather for Gyöngyöshalász: 24.5°C, Clouds, humidity: 63%
2026-07-02 07:36:01,572 - root - INFO - [562/1205] Fetching weather for Gyöngyös...
2026-07-02 07:36:01,663 - root - INFO - Fetched weather for Gyöngyös: 24.2°C, Clouds, humidity: 63%
2026-07-02 07:36:02,764 - root - INFO - [563/1205] Fetching weather for Erdőtelek...
2026-07-02 07:36:02,858 - root - INFO - Fetched weather for Erdőtelek: 25.2°C, Clouds, humidity: 59%
2026-07-02 07:36:03,959 - root - INFO - [564/1205] Fetching weather for Heves...
2026-07-02 07:36:04,054 - root - INFO - Fetched weather for Heves: 25.4°C, Clouds, humidity: 58%
2026-07-02 07:36:05,155 - root - INFO - [565/1205] Fetching weather for Hevesvezekény...
2026-07-02 07:36:05,255 - root - INFO - Fetched weather for Hevesvezekény: 25.5°C, Clouds, humidity: 58%
2026-07-02 07:36:06,357 - root - INFO - [566/1205] Fetching weather for Tarnaszentmiklós...
2026-07-02 07:36:06,453 - root - INFO - Fetched weather for Tarnaszentmiklós: 25.5°C, Clouds, humidity: 58%
2026-07-02 07:36:07,555 - root - INFO - [567/1205] Fetching weather for Kisköre...
2026-07-02 07:36:07,648 - root - INFO - Fetched weather for Kisköre: 25.6°C, Clouds, humidity: 58%
2026-07-02 07:36:08,749 - root - INFO - [568/1205] Fetching weather for Abádszalók...
2026-07-02 07:36:08,846 - root - INFO - Fetched weather for Abádszalók: 25.7°C, Clouds, humidity: 58%
2026-07-02 07:36:09,947 - root - INFO - [569/1205] Fetching weather for Kunhegyes...
2026-07-02 07:36:10,040 - root - INFO - Fetched weather for Kunhegyes: 25.7°C, Clouds, humidity: 59%
2026-07-02 07:36:11,141 - root - INFO - [570/1205] Fetching weather for Kenderes...
2026-07-02 07:36:11,240 - root - INFO - Fetched weather for Kenderes: 25.8°C, Clouds, humidity: 60%
2026-07-02 07:36:12,341 - root - INFO - [571/1205] Fetching weather for Maklár...
2026-07-02 07:36:12,436 - root - INFO - Fetched weather for Maklár: 25.0°C, Clouds, humidity: 66%
2026-07-02 07:36:13,537 - root - INFO - [572/1205] Fetching weather for Andornaktálya...
2026-07-02 07:36:13,628 - root - INFO - Fetched weather for Andornaktálya: 24.4°C, Clouds, humidity: 70%
2026-07-02 07:36:14,730 - root - INFO - [573/1205] Fetching weather for Eger...
2026-07-02 07:36:14,819 - root - INFO - Fetched weather for Eger: 24.3°C, Clouds, humidity: 74%
2026-07-02 07:36:15,921 - root - INFO - [574/1205] Fetching weather for Egervár...
2026-07-02 07:36:16,013 - root - INFO - Fetched weather for Egervár: 24.1°C, Clouds, humidity: 85%
2026-07-02 07:36:17,114 - root - INFO - [575/1205] Fetching weather for Eger-Felnémet...
2026-07-02 07:36:17,215 - root - INFO - Fetched weather for Eger-Felnémet: 24.1°C, Clouds, humidity: 85%
2026-07-02 07:36:18,316 - root - INFO - [576/1205] Fetching weather for Szarvaskő...
2026-07-02 07:36:18,410 - root - INFO - Fetched weather for Szarvaskő: 23.9°C, Clouds, humidity: 84%
2026-07-02 07:36:19,511 - root - INFO - [577/1205] Fetching weather for Mónosbél...
2026-07-02 07:36:19,602 - root - INFO - Fetched weather for Mónosbél: 23.7°C, Clouds, humidity: 84%
2026-07-02 07:36:20,704 - root - INFO - [578/1205] Fetching weather for Bélapátfalva...
2026-07-02 07:36:20,802 - root - INFO - Fetched weather for Bélapátfalva: 23.4°C, Clouds, humidity: 84%
2026-07-02 07:36:21,903 - root - INFO - [579/1205] Fetching weather for Bélapátfalvi Cementgyár...
2026-07-02 07:36:21,999 - root - INFO - Fetched weather for Bélapátfalvi Cementgyár: 23.4°C, Clouds, humidity: 84%
2026-07-02 07:36:23,101 - root - INFO - [580/1205] Fetching weather for Szilvásvárad...
2026-07-02 07:36:23,197 - root - INFO - Fetched weather for Szilvásvárad: 23.1°C, Clouds, humidity: 85%
2026-07-02 07:36:24,298 - root - INFO - [581/1205] Fetching weather for Hejőkeresztúr...
2026-07-02 07:36:24,392 - root - INFO - Fetched weather for Hejőkeresztúr: 24.7°C, Clouds, humidity: 67%
2026-07-02 07:36:25,494 - root - INFO - [582/1205] Fetching weather for Tiszaújváros...
2026-07-02 07:36:25,589 - root - INFO - Fetched weather for Tiszaújváros: 24.7°C, Clouds, humidity: 68%
2026-07-02 07:36:26,691 - root - INFO - [583/1205] Fetching weather for Miskolc-Gömöri...
2026-07-02 07:36:26,785 - root - INFO - Fetched weather for Miskolc-Gömöri: 24.3°C, Clouds, humidity: 87%
2026-07-02 07:36:27,886 - root - INFO - [584/1205] Fetching weather for Sajókeresztúr...
2026-07-02 07:36:27,984 - root - INFO - Fetched weather for Sajókeresztúr: 24.1°C, Clouds, humidity: 100%
2026-07-02 07:36:29,086 - root - INFO - [585/1205] Fetching weather for Sajóecseg...
2026-07-02 07:36:29,178 - root - INFO - Fetched weather for Sajóecseg: 24.1°C, Clouds, humidity: 100%
2026-07-02 07:36:30,280 - root - INFO - [586/1205] Fetching weather for Sajószentpéter...
2026-07-02 07:36:30,371 - root - INFO - Fetched weather for Sajószentpéter: 23.9°C, Clouds, humidity: 100%
2026-07-02 07:36:31,473 - root - INFO - [587/1205] Fetching weather for Kazincbarcika...
2026-07-02 07:36:31,575 - root - INFO - Fetched weather for Kazincbarcika: 23.8°C, Clouds, humidity: 70%
2026-07-02 07:36:32,677 - root - INFO - [588/1205] Fetching weather for Sajókaza...
2026-07-02 07:36:32,769 - root - INFO - Fetched weather for Sajókaza: 23.7°C, Clouds, humidity: 70%
2026-07-02 07:36:33,871 - root - INFO - [589/1205] Fetching weather for Vadna...
2026-07-02 07:36:33,967 - root - INFO - Fetched weather for Vadna: 23.6°C, Clouds, humidity: 70%
2026-07-02 07:36:35,069 - root - INFO - [590/1205] Fetching weather for Dubicsány...
2026-07-02 07:36:35,166 - root - INFO - Fetched weather for Dubicsány: 23.4°C, Clouds, humidity: 70%
2026-07-02 07:36:36,268 - root - INFO - [591/1205] Fetching weather for Raposka...
2026-07-02 07:36:36,360 - root - INFO - Fetched weather for Raposka: 22.4°C, Clouds, humidity: 57%
2026-07-02 07:36:37,462 - root - INFO - [592/1205] Fetching weather for Ivacs...
2026-07-02 07:36:37,560 - root - INFO - Fetched weather for Ivacs: 22.9°C, Clouds, humidity: 70%
2026-07-02 07:36:38,662 - root - INFO - [593/1205] Fetching weather for Kisköre-Tiszahíd...
2026-07-02 07:36:38,754 - root - INFO - Fetched weather for Kisköre-Tiszahíd: 25.7°C, Clouds, humidity: 58%
2026-07-02 07:36:39,855 - root - INFO - [594/1205] Fetching weather for Rozsály...
2026-07-02 07:36:39,943 - root - INFO - Fetched weather for Rozsály: 23.9°C, Clouds, humidity: 80%
2026-07-02 07:36:41,045 - root - INFO - [595/1205] Fetching weather for Pusztakettős...
2026-07-02 07:36:41,140 - root - INFO - Fetched weather for Pusztakettős: 25.7°C, Clouds, humidity: 61%
2026-07-02 07:36:42,241 - root - INFO - [596/1205] Fetching weather for Kisvác...
2026-07-02 07:36:42,335 - root - INFO - Fetched weather for Kisvác: 23.3°C, Clouds, humidity: 76%
2026-07-02 07:36:43,437 - root - INFO - [597/1205] Fetching weather for Tiszafüred-Gyártelep...
2026-07-02 07:36:43,530 - root - INFO - Fetched weather for Tiszafüred-Gyártelep: 25.6°C, Clouds, humidity: 60%
2026-07-02 07:36:44,631 - root - INFO - [598/1205] Fetching weather for Újkenéz...
2026-07-02 07:36:44,731 - root - INFO - Fetched weather for Újkenéz: 23.7°C, Clouds, humidity: 72%
2026-07-02 07:36:45,832 - root - INFO - [599/1205] Fetching weather for Püspökladány-Vásártér...
2026-07-02 07:36:45,922 - root - INFO - Fetched weather for Püspökladány-Vásártér: 25.4°C, Clouds, humidity: 72%
2026-07-02 07:36:47,023 - root - INFO - [600/1205] Fetching weather for Végegyháza alsó...
2026-07-02 07:36:47,111 - root - INFO - Fetched weather for Végegyháza alsó: 24.5°C, Clouds, humidity: 71%
2026-07-02 07:36:48,213 - root - INFO - [601/1205] Fetching weather for Orosháza felső...
2026-07-02 07:36:48,307 - root - INFO - Fetched weather for Orosháza felső: 26.3°C, Clouds, humidity: 64%
2026-07-02 07:36:49,409 - root - INFO - [602/1205] Fetching weather for Ambrózfalva...
2026-07-02 07:36:49,499 - root - INFO - Fetched weather for Ambrózfalva: 26.2°C, Clouds, humidity: 69%
2026-07-02 07:36:50,601 - root - INFO - [603/1205] Fetching weather for Alsónyék...
2026-07-02 07:36:50,691 - root - INFO - Fetched weather for Alsónyék: 23.9°C, Clouds, humidity: 74%
2026-07-02 07:36:51,792 - root - INFO - [604/1205] Fetching weather for Tompapuszta...
2026-07-02 07:36:51,890 - root - INFO - Fetched weather for Tompapuszta: 24.5°C, Clouds, humidity: 100%
2026-07-02 07:36:52,992 - root - INFO - [605/1205] Fetching weather for Halászlak...
2026-07-02 07:36:53,083 - root - INFO - Fetched weather for Halászlak: 26.2°C, Clouds, humidity: 60%
2026-07-02 07:36:54,184 - root - INFO - [606/1205] Fetching weather for Sirató...
2026-07-02 07:36:54,283 - root - INFO - Fetched weather for Sirató: 26.3°C, Clouds, humidity: 61%
2026-07-02 07:36:55,384 - root - INFO - [607/1205] Fetching weather for Csabacsűd felső...
2026-07-02 07:36:55,478 - root - INFO - Fetched weather for Csabacsűd felső: 26.2°C, Clouds, humidity: 61%
2026-07-02 07:36:56,579 - root - INFO - [608/1205] Fetching weather for Orosháza-Üveggyár...
2026-07-02 07:36:56,674 - root - INFO - Fetched weather for Orosháza-Üveggyár: 26.3°C, Clouds, humidity: 64%
2026-07-02 07:36:57,776 - root - INFO - [609/1205] Fetching weather for Gyulai városerdő...
2026-07-02 07:36:57,870 - root - INFO - Fetched weather for Gyulai városerdő: 26.6°C, Clouds, humidity: 63%
2026-07-02 07:36:58,972 - root - INFO - [610/1205] Fetching weather for Kórógyszentgyörgy...
2026-07-02 07:36:59,065 - root - INFO - Fetched weather for Kórógyszentgyörgy: 26.4°C, Clouds, humidity: 61%
2026-07-02 07:37:00,167 - root - INFO - [611/1205] Fetching weather for Kunszállás...
2026-07-02 07:37:00,263 - root - INFO - Fetched weather for Kunszállás: 28.8°C, Clouds, humidity: 56%
2026-07-02 07:37:01,365 - root - INFO - [612/1205] Fetching weather for Selymes...
2026-07-02 07:37:01,459 - root - INFO - Fetched weather for Selymes: 28.9°C, Clouds, humidity: 56%
2026-07-02 07:37:02,561 - root - INFO - [613/1205] Fetching weather for Petőfiszállási tanyák...
2026-07-02 07:37:02,656 - root - INFO - Fetched weather for Petőfiszállási tanyák: 28.9°C, Clouds, humidity: 56%
2026-07-02 07:37:03,757 - root - INFO - [614/1205] Fetching weather for Kisteleki szőlők...
2026-07-02 07:37:03,852 - root - INFO - Fetched weather for Kisteleki szőlők: 26.7°C, Clouds, humidity: 59%
2026-07-02 07:37:04,953 - root - INFO - [615/1205] Fetching weather for Kapitányság...
2026-07-02 07:37:05,046 - root - INFO - Fetched weather for Kapitányság: 26.7°C, Clouds, humidity: 72%
2026-07-02 07:37:06,148 - root - INFO - [616/1205] Fetching weather for Őszeszék...
2026-07-02 07:37:06,247 - root - INFO - Fetched weather for Őszeszék: 26.7°C, Clouds, humidity: 72%
2026-07-02 07:37:07,348 - root - INFO - [617/1205] Fetching weather for Vilmaszállás...
2026-07-02 07:37:07,443 - root - INFO - Fetched weather for Vilmaszállás: 26.7°C, Clouds, humidity: 72%
2026-07-02 07:37:08,544 - root - INFO - [618/1205] Fetching weather for Jánosszállás...
2026-07-02 07:37:08,633 - root - INFO - Fetched weather for Jánosszállás: 26.7°C, Clouds, humidity: 72%
2026-07-02 07:37:09,734 - root - INFO - [619/1205] Fetching weather for Felsőpakony...
2026-07-02 07:37:09,821 - root - INFO - Fetched weather for Felsőpakony: 23.9°C, Clouds, humidity: 66%
2026-07-02 07:37:10,923 - root - INFO - [620/1205] Fetching weather for Felsőméntelek...
2026-07-02 07:37:11,019 - root - INFO - Fetched weather for Felsőméntelek: 26.6°C, Clouds, humidity: 66%
2026-07-02 07:37:12,121 - root - INFO - [621/1205] Fetching weather for Alsóméntelek...
2026-07-02 07:37:12,208 - root - INFO - Fetched weather for Alsóméntelek: 26.6°C, Clouds, humidity: 66%
2026-07-02 07:37:13,309 - root - INFO - [622/1205] Fetching weather for Nagynyír...
2026-07-02 07:37:13,405 - root - INFO - Fetched weather for Nagynyír: 26.6°C, Clouds, humidity: 66%
2026-07-02 07:37:14,507 - root - INFO - [623/1205] Fetching weather for Úrihegy...
2026-07-02 07:37:14,596 - root - INFO - Fetched weather for Úrihegy: 26.6°C, Clouds, humidity: 66%
2026-07-02 07:37:15,697 - root - INFO - [624/1205] Fetching weather for Miklóstelep...
2026-07-02 07:37:15,791 - root - INFO - Fetched weather for Miklóstelep: 26.7°C, Clouds, humidity: 66%
2026-07-02 07:37:16,893 - root - INFO - [625/1205] Fetching weather for Tiszajenő alsó...
2026-07-02 07:37:16,986 - root - INFO - Fetched weather for Tiszajenő alsó: 26.7°C, Clouds, humidity: 62%
2026-07-02 07:37:18,088 - root - INFO - [626/1205] Fetching weather for Óbög...
2026-07-02 07:37:18,178 - root - INFO - Fetched weather for Óbög: 26.7°C, Clouds, humidity: 62%
2026-07-02 07:37:19,280 - root - INFO - [627/1205] Fetching weather for Árpádszállás...
2026-07-02 07:37:19,372 - root - INFO - Fetched weather for Árpádszállás: 28.3°C, Clouds, humidity: 56%
2026-07-02 07:37:20,473 - root - INFO - [628/1205] Fetching weather for Tőserdő...
2026-07-02 07:37:20,572 - root - INFO - Fetched weather for Tőserdő: 28.3°C, Clouds, humidity: 56%
2026-07-02 07:37:21,673 - root - INFO - [629/1205] Fetching weather for Tiszaalpár felső...
2026-07-02 07:37:21,773 - root - INFO - Fetched weather for Tiszaalpár felső: 28.9°C, Clouds, humidity: 56%
2026-07-02 07:37:22,874 - root - INFO - [630/1205] Fetching weather for Borsihalom...
2026-07-02 07:37:22,968 - root - INFO - Fetched weather for Borsihalom: 28.9°C, Clouds, humidity: 56%
2026-07-02 07:37:24,070 - root - INFO - [631/1205] Fetching weather for Petőfiváros...
2026-07-02 07:37:24,159 - root - INFO - Fetched weather for Petőfiváros: 28.9°C, Clouds, humidity: 56%
2026-07-02 07:37:25,260 - root - INFO - [632/1205] Fetching weather for Csorna...
2026-07-02 07:37:25,362 - root - INFO - Fetched weather for Csorna: 21.1°C, Clouds, humidity: 56%
2026-07-02 07:37:26,464 - root - INFO - [633/1205] Fetching weather for Szorgalmatos...
2026-07-02 07:37:26,552 - root - INFO - Fetched weather for Szorgalmatos: 25.4°C, Clouds, humidity: 67%
2026-07-02 07:37:27,654 - root - INFO - [634/1205] Fetching weather for Fótfürdő...
2026-07-02 07:37:27,746 - root - INFO - Fetched weather for Fótfürdő: 22.8°C, Clouds, humidity: 69%
2026-07-02 07:37:28,847 - root - INFO - [635/1205] Fetching weather for Fenyveshegy...
2026-07-02 07:37:28,939 - root - INFO - Fetched weather for Fenyveshegy: 23.3°C, Clouds, humidity: 79%
2026-07-02 07:37:30,040 - root - INFO - [636/1205] Fetching weather for Hűvösvölgy...
2026-07-02 07:37:30,135 - root - INFO - Fetched weather for Hűvösvölgy: 21.6°C, Clouds, humidity: 73%
2026-07-02 07:37:31,237 - root - INFO - [637/1205] Fetching weather for Hárshegy...
2026-07-02 07:37:31,319 - root - INFO - Fetched weather for Hárshegy: 21.6°C, Clouds, humidity: 73%
2026-07-02 07:37:32,421 - root - INFO - [638/1205] Fetching weather for Szépjuhászné...
2026-07-02 07:37:32,511 - root - INFO - Fetched weather for Szépjuhászné: 20.6°C, Clouds, humidity: 74%
2026-07-02 07:37:33,613 - root - INFO - [639/1205] Fetching weather for Jánoshegy...
2026-07-02 07:37:33,706 - root - INFO - Fetched weather for Jánoshegy: 20.5°C, Clouds, humidity: 74%
2026-07-02 07:37:34,807 - root - INFO - [640/1205] Fetching weather for Virágvölgy...
2026-07-02 07:37:34,899 - root - INFO - Fetched weather for Virágvölgy: 20.2°C, Clouds, humidity: 73%
2026-07-02 07:37:36,001 - root - INFO - [641/1205] Fetching weather for Csillebérc...
2026-07-02 07:37:36,092 - root - INFO - Fetched weather for Csillebérc: 20.1°C, Clouds, humidity: 72%
2026-07-02 07:37:37,194 - root - INFO - [642/1205] Fetching weather for Normafa...
2026-07-02 07:37:37,288 - root - INFO - Fetched weather for Normafa: 20.1°C, Clouds, humidity: 72%
2026-07-02 07:37:38,389 - root - INFO - [643/1205] Fetching weather for Széchenyihegy...
2026-07-02 07:37:38,482 - root - INFO - Fetched weather for Széchenyihegy: 20.3°C, Clouds, humidity: 71%
2026-07-02 07:37:39,583 - root - INFO - [644/1205] Fetching weather for Balatonfőkajár felső...
2026-07-02 07:37:39,682 - root - INFO - Fetched weather for Balatonfőkajár felső: 22.4°C, Clouds, humidity: 85%
2026-07-02 07:37:40,784 - root - INFO - [645/1205] Fetching weather for Piroska...
2026-07-02 07:37:40,879 - root - INFO - Fetched weather for Piroska: 26.7°C, Clouds, humidity: 62%
2026-07-02 07:37:41,980 - root - INFO - [646/1205] Fetching weather for Somodor...
2026-07-02 07:37:42,081 - root - INFO - Fetched weather for Somodor: 22.2°C, Clouds, humidity: 65%
2026-07-02 07:37:43,183 - root - INFO - [647/1205] Fetching weather for Középmező...
2026-07-02 07:37:43,276 - root - INFO - Fetched weather for Középmező: 22.3°C, Clouds, humidity: 72%
2026-07-02 07:37:44,377 - root - INFO - [648/1205] Fetching weather for Jobbágyi...
2026-07-02 07:37:44,470 - root - INFO - Fetched weather for Jobbágyi: 24.2°C, Clouds, humidity: 65%
2026-07-02 07:37:45,572 - root - INFO - [649/1205] Fetching weather for Ferihegy...
2026-07-02 07:37:45,667 - root - INFO - Fetched weather for Ferihegy: 23.3°C, Clouds, humidity: 69%
2026-07-02 07:37:46,769 - root - INFO - [650/1205] Fetching weather for Máriapócs...
2026-07-02 07:37:46,859 - root - INFO - Fetched weather for Máriapócs: 24.2°C, Clouds, humidity: 75%
2026-07-02 07:37:47,960 - root - INFO - [651/1205] Fetching weather for Máriaudvar...
2026-07-02 07:37:48,054 - root - INFO - Fetched weather for Máriaudvar: 23.3°C, Clouds, humidity: 73%
2026-07-02 07:37:49,155 - root - INFO - [652/1205] Fetching weather for Nagyberki...
2026-07-02 07:37:49,250 - root - INFO - Fetched weather for Nagyberki: 22.1°C, Clouds, humidity: 73%
2026-07-02 07:37:50,352 - root - INFO - [653/1205] Fetching weather for Badacsonytomaj...
2026-07-02 07:37:50,447 - root - INFO - Fetched weather for Badacsonytomaj: 22.3°C, Clouds, humidity: 60%
2026-07-02 07:37:51,548 - root - INFO - [654/1205] Fetching weather for Badacsony...
2026-07-02 07:37:51,637 - root - INFO - Fetched weather for Badacsony: 22.4°C, Clouds, humidity: 59%
2026-07-02 07:37:52,738 - root - INFO - [655/1205] Fetching weather for Badacsonylábdihegy...
2026-07-02 07:37:52,830 - root - INFO - Fetched weather for Badacsonylábdihegy: 22.4°C, Clouds, humidity: 59%
2026-07-02 07:37:53,931 - root - INFO - [656/1205] Fetching weather for Badacsonytördemic-Szigliget...
2026-07-02 07:37:54,018 - root - INFO - Fetched weather for Badacsonytördemic-Szigliget: 22.4°C, Clouds, humidity: 59%
2026-07-02 07:37:55,120 - root - INFO - [657/1205] Fetching weather for Nemesgulács-Kisapáti...
2026-07-02 07:37:55,218 - root - INFO - Fetched weather for Nemesgulács-Kisapáti: 22.4°C, Clouds, humidity: 59%
2026-07-02 07:37:56,319 - root - INFO - [658/1205] Fetching weather for Tapolca...
2026-07-02 07:37:56,415 - root - INFO - Fetched weather for Tapolca: 22.4°C, Clouds, humidity: 57%
2026-07-02 07:37:57,517 - root - INFO - [659/1205] Fetching weather for Uzsabánya alsó...
2026-07-02 07:37:57,613 - root - INFO - Fetched weather for Uzsabánya alsó: 21.3°C, Clouds, humidity: 56%
2026-07-02 07:37:58,714 - root - INFO - [660/1205] Fetching weather for Uzsa...
2026-07-02 07:37:58,807 - root - INFO - Fetched weather for Uzsa: 22.1°C, Clouds, humidity: 56%
2026-07-02 07:37:59,909 - root - INFO - [661/1205] Fetching weather for Sümegi Bazaltbánya...
2026-07-02 07:38:00,002 - root - INFO - Fetched weather for Sümegi Bazaltbánya: 22.2°C, Clouds, humidity: 55%
2026-07-02 07:38:01,104 - root - INFO - [662/1205] Fetching weather for Sümeg...
2026-07-02 07:38:01,201 - root - INFO - Fetched weather for Sümeg: 22.4°C, Clouds, humidity: 54%
2026-07-02 07:38:02,303 - root - INFO - [663/1205] Fetching weather for Gógánfa...
2026-07-02 07:38:02,398 - root - INFO - Fetched weather for Gógánfa: 26.0°C, Clouds, humidity: 54%
2026-07-02 07:38:03,499 - root - INFO - [664/1205] Fetching weather for Ukk...
2026-07-02 07:38:03,596 - root - INFO - Fetched weather for Ukk: 22.6°C, Clouds, humidity: 53%
2026-07-02 07:38:04,698 - root - INFO - [665/1205] Fetching weather for Nemeskeresztúr...
2026-07-02 07:38:04,791 - root - INFO - Fetched weather for Nemeskeresztúr: 22.7°C, Clouds, humidity: 53%
2026-07-02 07:38:05,893 - root - INFO - [666/1205] Fetching weather for Jánosháza...
2026-07-02 07:38:05,985 - root - INFO - Fetched weather for Jánosháza: 22.8°C, Clouds, humidity: 53%
2026-07-02 07:38:07,086 - root - INFO - [667/1205] Fetching weather for Keszthely...
2026-07-02 07:38:07,180 - root - INFO - Fetched weather for Keszthely: 26.2°C, Clouds, humidity: 54%
2026-07-02 07:38:08,282 - root - INFO - [668/1205] Fetching weather for Alsógyenes...
2026-07-02 07:38:08,372 - root - INFO - Fetched weather for Alsógyenes: 26.2°C, Clouds, humidity: 55%
2026-07-02 07:38:09,473 - root - INFO - [669/1205] Fetching weather for Gyenesdiás...
2026-07-02 07:38:09,568 - root - INFO - Fetched weather for Gyenesdiás: 22.4°C, Clouds, humidity: 55%
2026-07-02 07:38:10,670 - root - INFO - [670/1205] Fetching weather for Vonyarcvashegy...
2026-07-02 07:38:10,766 - root - INFO - Fetched weather for Vonyarcvashegy: 21.8°C, Clouds, humidity: 56%
2026-07-02 07:38:11,867 - root - INFO - [671/1205] Fetching weather for Balatongyörök...
2026-07-02 07:38:11,958 - root - INFO - Fetched weather for Balatongyörök: 22.4°C, Clouds, humidity: 56%
2026-07-02 07:38:13,059 - root - INFO - [672/1205] Fetching weather for Becehegy...
2026-07-02 07:38:13,157 - root - INFO - Fetched weather for Becehegy: 21.3°C, Clouds, humidity: 56%
2026-07-02 07:38:14,258 - root - INFO - [673/1205] Fetching weather for Balatonederics...
2026-07-02 07:38:14,360 - root - INFO - Fetched weather for Balatonederics: 21.2°C, Clouds, humidity: 57%
2026-07-02 07:38:15,461 - root - INFO - [674/1205] Fetching weather for Dabronc...
2026-07-02 07:38:15,565 - root - INFO - Fetched weather for Dabronc: 26.0°C, Clouds, humidity: 53%
2026-07-02 07:38:16,666 - root - INFO - [675/1205] Fetching weather for Türje...
2026-07-02 07:38:16,755 - root - INFO - Fetched weather for Türje: 25.9°C, Clouds, humidity: 53%
2026-07-02 07:38:17,857 - root - INFO - [676/1205] Fetching weather for Zalabér-Batyk...
2026-07-02 07:38:17,947 - root - INFO - Fetched weather for Zalabér-Batyk: 26.1°C, Clouds, humidity: 46%
2026-07-02 07:38:19,049 - root - INFO - [677/1205] Fetching weather for Pakod...
2026-07-02 07:38:19,149 - root - INFO - Fetched weather for Pakod: 26.0°C, Clouds, humidity: 46%
2026-07-02 07:38:20,251 - root - INFO - [678/1205] Fetching weather for Pókaszepetk...
2026-07-02 07:38:20,343 - root - INFO - Fetched weather for Pókaszepetk: 26.0°C, Clouds, humidity: 46%
2026-07-02 07:38:21,445 - root - INFO - [679/1205] Fetching weather for Kemendollár...
2026-07-02 07:38:21,537 - root - INFO - Fetched weather for Kemendollár: 26.0°C, Clouds, humidity: 46%
2026-07-02 07:38:22,639 - root - INFO - [680/1205] Fetching weather for Zalaegerszeg...
2026-07-02 07:38:22,736 - root - INFO - Fetched weather for Zalaegerszeg: 25.9°C, Clouds, humidity: 46%
2026-07-02 07:38:23,837 - root - INFO - [681/1205] Fetching weather for Bocfölde...
2026-07-02 07:38:23,935 - root - INFO - Fetched weather for Bocfölde: 25.9°C, Clouds, humidity: 46%
2026-07-02 07:38:25,036 - root - INFO - [682/1205] Fetching weather for Sárhida...
2026-07-02 07:38:25,137 - root - INFO - Fetched weather for Sárhida: 25.9°C, Clouds, humidity: 46%
2026-07-02 07:38:26,239 - root - INFO - [683/1205] Fetching weather for Bak...
2026-07-02 07:38:26,349 - root - INFO - Fetched weather for Bak: 25.9°C, Clouds, humidity: 46%
2026-07-02 07:38:27,450 - root - INFO - [684/1205] Fetching weather for Tófej...
2026-07-02 07:38:27,547 - root - INFO - Fetched weather for Tófej: 25.7°C, Clouds, humidity: 49%
2026-07-02 07:38:28,648 - root - INFO - [685/1205] Fetching weather for Gutorfölde...
2026-07-02 07:38:28,752 - root - INFO - Fetched weather for Gutorfölde: 25.7°C, Clouds, humidity: 49%
2026-07-02 07:38:29,853 - root - INFO - [686/1205] Fetching weather for Csömödér-Páka...
2026-07-02 07:38:29,946 - root - INFO - Fetched weather for Csömödér-Páka: 22.2°C, Clouds, humidity: 47%
2026-07-02 07:38:31,048 - root - INFO - [687/1205] Fetching weather for Iklódbördőce...
2026-07-02 07:38:31,146 - root - INFO - Fetched weather for Iklódbördőce: 22.2°C, Clouds, humidity: 46%
2026-07-02 07:38:32,248 - root - INFO - [688/1205] Fetching weather for Lenti...
2026-07-02 07:38:32,341 - root - INFO - Fetched weather for Lenti: 22.2°C, Clouds, humidity: 46%
2026-07-02 07:38:33,442 - root - INFO - [689/1205] Fetching weather for Rédics...
2026-07-02 07:38:33,534 - root - INFO - Fetched weather for Rédics: 22.2°C, Clouds, humidity: 46%
2026-07-02 07:38:34,635 - root - INFO - [690/1205] Fetching weather for Zalalövő...
2026-07-02 07:38:34,731 - root - INFO - Fetched weather for Zalalövő: 25.7°C, Clouds, humidity: 49%
2026-07-02 07:38:35,833 - root - INFO - [691/1205] Fetching weather for Zalaegerszeg-Ola...
2026-07-02 07:38:35,923 - root - INFO - Fetched weather for Zalaegerszeg-Ola: 25.9°C, Clouds, humidity: 46%
2026-07-02 07:38:37,024 - root - INFO - [692/1205] Fetching weather for Andráshida...
2026-07-02 07:38:37,120 - root - INFO - Fetched weather for Andráshida: 25.9°C, Clouds, humidity: 46%
2026-07-02 07:38:38,221 - root - INFO - [693/1205] Fetching weather for Bagod...
2026-07-02 07:38:38,316 - root - INFO - Fetched weather for Bagod: 25.8°C, Clouds, humidity: 46%
2026-07-02 07:38:39,417 - root - INFO - [694/1205] Fetching weather for Zalaszentgyörgy...
2026-07-02 07:38:39,509 - root - INFO - Fetched weather for Zalaszentgyörgy: 25.8°C, Clouds, humidity: 46%
2026-07-02 07:38:40,610 - root - INFO - [695/1205] Fetching weather for Zalacséb-Salomvár...
2026-07-02 07:38:40,705 - root - INFO - Fetched weather for Zalacséb-Salomvár: 25.8°C, Clouds, humidity: 46%
2026-07-02 07:38:41,807 - root - INFO - [696/1205] Fetching weather for Kópháza...
2026-07-02 07:38:41,902 - root - INFO - Fetched weather for Kópháza: 21.2°C, Clouds, humidity: 61%
2026-07-02 07:38:43,003 - root - INFO - [697/1205] Fetching weather for Nagycenk...
2026-07-02 07:38:43,093 - root - INFO - Fetched weather for Nagycenk: 21.3°C, Clouds, humidity: 61%
2026-07-02 07:38:44,195 - root - INFO - [698/1205] Fetching weather for Sopronkövesd...
2026-07-02 07:38:44,282 - root - INFO - Fetched weather for Sopronkövesd: 22.4°C, Clouds, humidity: 61%
2026-07-02 07:38:45,384 - root - INFO - [699/1205] Fetching weather for Lövő...
2026-07-02 07:38:45,486 - root - INFO - Fetched weather for Lövő: 22.4°C, Clouds, humidity: 61%
2026-07-02 07:38:46,587 - root - INFO - [700/1205] Fetching weather for Újkér...
2026-07-02 07:38:46,688 - root - INFO - Fetched weather for Újkér: 22.4°C, Clouds, humidity: 61%
2026-07-02 07:38:47,790 - root - INFO - [701/1205] Fetching weather for Bük...
2026-07-02 07:38:47,883 - root - INFO - Fetched weather for Bük: 22.5°C, Clouds, humidity: 61%
2026-07-02 07:38:48,985 - root - INFO - [702/1205] Fetching weather for Acsád...
2026-07-02 07:38:49,077 - root - INFO - Fetched weather for Acsád: 22.2°C, Clouds, humidity: 61%
2026-07-02 07:38:50,178 - root - INFO - [703/1205] Fetching weather for Salköveskút-Vassurány...
2026-07-02 07:38:50,274 - root - INFO - Fetched weather for Salköveskút-Vassurány: 22.2°C, Clouds, humidity: 61%
2026-07-02 07:38:51,375 - root - INFO - [704/1205] Fetching weather for Zalaszentiván...
2026-07-02 07:38:51,465 - root - INFO - Fetched weather for Zalaszentiván: 26.0°C, Clouds, humidity: 46%
2026-07-02 07:38:52,567 - root - INFO - [705/1205] Fetching weather for Alsónemesapáti...
2026-07-02 07:38:52,658 - root - INFO - Fetched weather for Alsónemesapáti: 26.0°C, Clouds, humidity: 46%
2026-07-02 07:38:53,760 - root - INFO - [706/1205] Fetching weather for Józsa...
2026-07-02 07:38:53,860 - root - INFO - Fetched weather for Józsa: 25.1°C, Clouds, humidity: 65%
2026-07-02 07:38:54,962 - root - INFO - [707/1205] Fetching weather for Hajdúszentgyörgy...
2026-07-02 07:38:55,059 - root - INFO - Fetched weather for Hajdúszentgyörgy: 25.1°C, Clouds, humidity: 65%
2026-07-02 07:38:56,160 - root - INFO - [708/1205] Fetching weather for Zelemér...
2026-07-02 07:38:56,251 - root - INFO - Fetched weather for Zelemér: 25.0°C, Clouds, humidity: 65%
2026-07-02 07:38:57,353 - root - INFO - [709/1205] Fetching weather for Hajdúböszörmény...
2026-07-02 07:38:57,449 - root - INFO - Fetched weather for Hajdúböszörmény: 25.1°C, Clouds, humidity: 64%
2026-07-02 07:38:58,551 - root - INFO - [710/1205] Fetching weather for Hajdúvid...
2026-07-02 07:38:58,641 - root - INFO - Fetched weather for Hajdúvid: 25.2°C, Clouds, humidity: 65%
2026-07-02 07:38:59,742 - root - INFO - [711/1205] Fetching weather for Hajdúdorog...
2026-07-02 07:38:59,835 - root - INFO - Fetched weather for Hajdúdorog: 25.1°C, Clouds, humidity: 65%
2026-07-02 07:39:00,936 - root - INFO - [712/1205] Fetching weather for Hajdúnánás...
2026-07-02 07:39:01,026 - root - INFO - Fetched weather for Hajdúnánás: 25.2°C, Clouds, humidity: 65%
2026-07-02 07:39:02,128 - root - INFO - [713/1205] Fetching weather for Hajdúnánás-Vásártér...
2026-07-02 07:39:02,223 - root - INFO - Fetched weather for Hajdúnánás-Vásártér: 25.2°C, Clouds, humidity: 65%
2026-07-02 07:39:03,324 - root - INFO - [714/1205] Fetching weather for Tedej...
2026-07-02 07:39:03,426 - root - INFO - Fetched weather for Tedej: 25.4°C, Clouds, humidity: 66%
2026-07-02 07:39:04,528 - root - INFO - [715/1205] Fetching weather for Tiszavasvári...
2026-07-02 07:39:04,626 - root - INFO - Fetched weather for Tiszavasvári: 25.4°C, Clouds, humidity: 66%
2026-07-02 07:39:05,727 - root - INFO - [716/1205] Fetching weather for Egyházerdő...
2026-07-02 07:39:05,822 - root - INFO - Fetched weather for Egyházerdő: 25.4°C, Clouds, humidity: 67%
2026-07-02 07:39:06,924 - root - INFO - [717/1205] Fetching weather for Tiszalök...
2026-07-02 07:39:07,019 - root - INFO - Fetched weather for Tiszalök: 25.4°C, Clouds, humidity: 67%
2026-07-02 07:39:08,121 - root - INFO - [718/1205] Fetching weather for Hajnalos...
2026-07-02 07:39:08,217 - root - INFO - Fetched weather for Hajnalos: 25.4°C, Clouds, humidity: 67%
2026-07-02 07:39:09,319 - root - INFO - [719/1205] Fetching weather for Kisfástanya...
2026-07-02 07:39:09,411 - root - INFO - Fetched weather for Kisfástanya: 25.4°C, Clouds, humidity: 67%
2026-07-02 07:39:10,513 - root - INFO - [720/1205] Fetching weather for Tiszaeszlár...
2026-07-02 07:39:10,609 - root - INFO - Fetched weather for Tiszaeszlár: 25.4°C, Clouds, humidity: 68%
2026-07-02 07:39:11,710 - root - INFO - [721/1205] Fetching weather for Bashalom...
2026-07-02 07:39:11,817 - root - INFO - Fetched weather for Bashalom: 25.4°C, Clouds, humidity: 68%
2026-07-02 07:39:12,919 - root - INFO - [722/1205] Fetching weather for Sáránd...
2026-07-02 07:39:13,014 - root - INFO - Fetched weather for Sáránd: 25.2°C, Clouds, humidity: 70%
2026-07-02 07:39:14,116 - root - INFO - [723/1205] Fetching weather for Derecske...
2026-07-02 07:39:14,218 - root - INFO - Fetched weather for Derecske: 25.2°C, Clouds, humidity: 71%
2026-07-02 07:39:15,320 - root - INFO - [724/1205] Fetching weather for Derecske-Vásártér...
2026-07-02 07:39:15,417 - root - INFO - Fetched weather for Derecske-Vásártér: 25.2°C, Clouds, humidity: 71%
2026-07-02 07:39:16,518 - root - INFO - [725/1205] Fetching weather for Konyár...
2026-07-02 07:39:16,612 - root - INFO - Fetched weather for Konyár: 25.2°C, Clouds, humidity: 72%
2026-07-02 07:39:17,714 - root - INFO - [726/1205] Fetching weather for Konyári Sóstófürdő...
2026-07-02 07:39:17,802 - root - INFO - Fetched weather for Konyári Sóstófürdő: 25.2°C, Clouds, humidity: 71%
2026-07-02 07:39:18,903 - root - INFO - [727/1205] Fetching weather for Pocsaj-Esztár...
2026-07-02 07:39:19,002 - root - INFO - Fetched weather for Pocsaj-Esztár: 27.5°C, Clouds, humidity: 70%
2026-07-02 07:39:20,104 - root - INFO - [728/1205] Fetching weather for Kismarja...
2026-07-02 07:39:20,202 - root - INFO - Fetched weather for Kismarja: 27.5°C, Clouds, humidity: 70%
2026-07-02 07:39:21,304 - root - INFO - [729/1205] Fetching weather for Nagykereki...
2026-07-02 07:39:21,393 - root - INFO - Fetched weather for Nagykereki: 27.4°C, Clouds, humidity: 58%
2026-07-02 07:39:22,495 - root - INFO - [730/1205] Fetching weather for Debrecen-Szabadságtelep...
2026-07-02 07:39:22,587 - root - INFO - Fetched weather for Debrecen-Szabadságtelep: 25.1°C, Clouds, humidity: 68%
2026-07-02 07:39:23,689 - root - INFO - [731/1205] Fetching weather for Kondoroskert...
2026-07-02 07:39:23,779 - root - INFO - Fetched weather for Kondoroskert: 25.0°C, Clouds, humidity: 71%
2026-07-02 07:39:24,881 - root - INFO - [732/1205] Fetching weather for Nagycsere...
2026-07-02 07:39:24,979 - root - INFO - Fetched weather for Nagycsere: 24.9°C, Clouds, humidity: 71%
2026-07-02 07:39:26,081 - root - INFO - [733/1205] Fetching weather for Haláp...
2026-07-02 07:39:26,174 - root - INFO - Fetched weather for Haláp: 24.9°C, Clouds, humidity: 72%
2026-07-02 07:39:27,276 - root - INFO - [734/1205] Fetching weather for Vámospércs...
2026-07-02 07:39:27,376 - root - INFO - Fetched weather for Vámospércs: 24.8°C, Clouds, humidity: 73%
2026-07-02 07:39:28,477 - root - INFO - [735/1205] Fetching weather for Szentannapuszta...
2026-07-02 07:39:28,577 - root - INFO - Fetched weather for Szentannapuszta: 24.8°C, Clouds, humidity: 73%
2026-07-02 07:39:29,678 - root - INFO - [736/1205] Fetching weather for Nyírábrány...
2026-07-02 07:39:29,772 - root - INFO - Fetched weather for Nyírábrány: 24.7°C, Clouds, humidity: 73%
2026-07-02 07:39:30,873 - root - INFO - [737/1205] Fetching weather for Dombostanya...
2026-07-02 07:39:30,967 - root - INFO - Fetched weather for Dombostanya: 25.0°C, Clouds, humidity: 67%
2026-07-02 07:39:32,069 - root - INFO - [738/1205] Fetching weather for Hajdúsámson...
2026-07-02 07:39:32,162 - root - INFO - Fetched weather for Hajdúsámson: 24.9°C, Clouds, humidity: 70%
2026-07-02 07:39:33,263 - root - INFO - [739/1205] Fetching weather for Tamásipuszta...
2026-07-02 07:39:33,354 - root - INFO - Fetched weather for Tamásipuszta: 24.8°C, Clouds, humidity: 70%
2026-07-02 07:39:34,456 - root - INFO - [740/1205] Fetching weather for Aradványpuszta...
2026-07-02 07:39:34,551 - root - INFO - Fetched weather for Aradványpuszta: 24.7°C, Clouds, humidity: 70%
2026-07-02 07:39:35,652 - root - INFO - [741/1205] Fetching weather for Nyíradony...
2026-07-02 07:39:35,745 - root - INFO - Fetched weather for Nyíradony: 24.5°C, Clouds, humidity: 73%
2026-07-02 07:39:36,847 - root - INFO - [742/1205] Fetching weather for Nyírmihálydi...
2026-07-02 07:39:36,941 - root - INFO - Fetched weather for Nyírmihálydi: 24.4°C, Clouds, humidity: 74%
2026-07-02 07:39:38,043 - root - INFO - [743/1205] Fetching weather for Nyírgelse...
2026-07-02 07:39:38,136 - root - INFO - Fetched weather for Nyírgelse: 24.3°C, Clouds, humidity: 75%
2026-07-02 07:39:39,238 - root - INFO - [744/1205] Fetching weather for Nyírbogát...
2026-07-02 07:39:39,334 - root - INFO - Fetched weather for Nyírbogát: 24.2°C, Clouds, humidity: 77%
2026-07-02 07:39:40,436 - root - INFO - [745/1205] Fetching weather for Nagykálló...
2026-07-02 07:39:40,532 - root - INFO - Fetched weather for Nagykálló: 24.6°C, Clouds, humidity: 68%
2026-07-02 07:39:41,634 - root - INFO - [746/1205] Fetching weather for Kállósemjén...
2026-07-02 07:39:41,728 - root - INFO - Fetched weather for Kállósemjén: 24.4°C, Clouds, humidity: 72%
2026-07-02 07:39:42,830 - root - INFO - [747/1205] Fetching weather for Nyírbátor...
2026-07-02 07:39:42,922 - root - INFO - Fetched weather for Nyírbátor: 24.1°C, Clouds, humidity: 77%
2026-07-02 07:39:44,023 - root - INFO - [748/1205] Fetching weather for Nyírcsászári...
2026-07-02 07:39:44,115 - root - INFO - Fetched weather for Nyírcsászári: 24.1°C, Clouds, humidity: 78%
2026-07-02 07:39:45,217 - root - INFO - [749/1205] Fetching weather for Hodász...
2026-07-02 07:39:45,308 - root - INFO - Fetched weather for Hodász: 24.1°C, Clouds, humidity: 78%
2026-07-02 07:39:46,410 - root - INFO - [750/1205] Fetching weather for Nyírmeggyes...
2026-07-02 07:39:46,508 - root - INFO - Fetched weather for Nyírmeggyes: 24.1°C, Clouds, humidity: 78%
2026-07-02 07:39:47,609 - root - INFO - [751/1205] Fetching weather for Mátészalka...
2026-07-02 07:39:47,703 - root - INFO - Fetched weather for Mátészalka: 24.1°C, Clouds, humidity: 77%
2026-07-02 07:39:48,804 - root - INFO - [752/1205] Fetching weather for Kocsord...
2026-07-02 07:39:48,897 - root - INFO - Fetched weather for Kocsord: 24.3°C, Clouds, humidity: 77%
2026-07-02 07:39:49,998 - root - INFO - [753/1205] Fetching weather for Kocsord alsó...
2026-07-02 07:39:50,092 - root - INFO - Fetched weather for Kocsord alsó: 24.3°C, Clouds, humidity: 77%
2026-07-02 07:39:51,194 - root - INFO - [754/1205] Fetching weather for Győrtelek...
2026-07-02 07:39:51,283 - root - INFO - Fetched weather for Győrtelek: 24.4°C, Clouds, humidity: 77%
2026-07-02 07:39:52,385 - root - INFO - [755/1205] Fetching weather for Győrtelek alsó...
2026-07-02 07:39:52,478 - root - INFO - Fetched weather for Győrtelek alsó: 24.4°C, Clouds, humidity: 77%
2026-07-02 07:39:53,580 - root - INFO - [756/1205] Fetching weather for Ököritófülpös...
2026-07-02 07:39:53,674 - root - INFO - Fetched weather for Ököritófülpös: 24.4°C, Clouds, humidity: 77%
2026-07-02 07:39:54,776 - root - INFO - [757/1205] Fetching weather for Porcsalma-Tyukod...
2026-07-02 07:39:54,871 - root - INFO - Fetched weather for Porcsalma-Tyukod: 23.9°C, Clouds, humidity: 79%
2026-07-02 07:39:55,972 - root - INFO - [758/1205] Fetching weather for Csenger...
2026-07-02 07:39:56,063 - root - INFO - Fetched weather for Csenger: 23.9°C, Clouds, humidity: 80%
2026-07-02 07:39:57,164 - root - INFO - [759/1205] Fetching weather for Kisfái...
2026-07-02 07:39:57,270 - root - INFO - Fetched weather for Kisfái: 26.7°C, Clouds, humidity: 66%
2026-07-02 07:39:58,372 - root - INFO - [760/1205] Fetching weather for Nyárlőrinci szőlők...
2026-07-02 07:39:58,467 - root - INFO - Fetched weather for Nyárlőrinci szőlők: 26.7°C, Clouds, humidity: 66%
2026-07-02 07:39:59,569 - root - INFO - [761/1205] Fetching weather for Nyárlőrinc alsó...
2026-07-02 07:39:59,656 - root - INFO - Fetched weather for Nyárlőrinc alsó: 26.8°C, Clouds, humidity: 66%
2026-07-02 07:40:00,757 - root - INFO - [762/1205] Fetching weather for Tiszaug-Tiszahídfő...
2026-07-02 07:40:00,856 - root - INFO - Fetched weather for Tiszaug-Tiszahídfő: 28.9°C, Clouds, humidity: 57%
2026-07-02 07:40:01,957 - root - INFO - [763/1205] Fetching weather for Csongrádi úti tanyák...
2026-07-02 07:40:02,057 - root - INFO - Fetched weather for Csongrádi úti tanyák: 28.9°C, Clouds, humidity: 56%
2026-07-02 07:40:03,158 - root - INFO - [764/1205] Fetching weather for Kettőshalom...
2026-07-02 07:40:03,251 - root - INFO - Fetched weather for Kettőshalom: 29.0°C, Clouds, humidity: 56%
2026-07-02 07:40:04,353 - root - INFO - [765/1205] Fetching weather for Csongrád alsó...
2026-07-02 07:40:04,446 - root - INFO - Fetched weather for Csongrád alsó: 29.0°C, Clouds, humidity: 59%
2026-07-02 07:40:05,547 - root - INFO - [766/1205] Fetching weather for Dónát...
2026-07-02 07:40:05,641 - root - INFO - Fetched weather for Dónát: 26.7°C, Clouds, humidity: 61%
2026-07-02 07:40:06,743 - root - INFO - [767/1205] Fetching weather for Pusztatemplom...
2026-07-02 07:40:06,834 - root - INFO - Fetched weather for Pusztatemplom: 26.6°C, Clouds, humidity: 62%
2026-07-02 07:40:07,935 - root - INFO - [768/1205] Fetching weather for Előhát...
2026-07-02 07:40:08,031 - root - INFO - Fetched weather for Előhát: 25.7°C, Clouds, humidity: 59%
2026-07-02 07:40:09,133 - root - INFO - [769/1205] Fetching weather for Polgárdi-Tekerespuszta...
2026-07-02 07:40:09,226 - root - INFO - Fetched weather for Polgárdi-Tekerespuszta: 22.6°C, Clouds, humidity: 71%
2026-07-02 07:40:10,327 - root - INFO - [770/1205] Fetching weather for Szatina-Kishajmás...
2026-07-02 07:40:10,425 - root - INFO - Fetched weather for Szatina-Kishajmás: 21.9°C, Clouds, humidity: 75%
2026-07-02 07:40:11,527 - root - INFO - [771/1205] Fetching weather for Márok...
2026-07-02 07:40:11,626 - root - INFO - Fetched weather for Márok: 22.1°C, Clouds, humidity: 75%
2026-07-02 07:40:12,727 - root - INFO - [772/1205] Fetching weather for Nagynyárád...
2026-07-02 07:40:12,823 - root - INFO - Fetched weather for Nagynyárád: 22.1°C, Clouds, humidity: 75%
2026-07-02 07:40:13,924 - root - INFO - [773/1205] Fetching weather for Szászvár...
2026-07-02 07:40:14,018 - root - INFO - Fetched weather for Szászvár: 22.4°C, Clouds, humidity: 76%
2026-07-02 07:40:15,119 - root - INFO - [774/1205] Fetching weather for Cikó...
2026-07-02 07:40:15,216 - root - INFO - Fetched weather for Cikó: 23.2°C, Clouds, humidity: 76%
2026-07-02 07:40:16,318 - root - INFO - [775/1205] Fetching weather for Gyöngyfa-Magyarmecske...
2026-07-02 07:40:16,414 - root - INFO - Fetched weather for Gyöngyfa-Magyarmecske: 22.4°C, Clouds, humidity: 71%
2026-07-02 07:40:17,516 - root - INFO - [776/1205] Fetching weather for Nagyhát...
2026-07-02 07:40:17,612 - root - INFO - Fetched weather for Nagyhát: 25.3°C, Clouds, humidity: 63%
2026-07-02 07:40:18,714 - root - INFO - [777/1205] Fetching weather for Balmazújváros...
2026-07-02 07:40:18,804 - root - INFO - Fetched weather for Balmazújváros: 25.5°C, Clouds, humidity: 63%
2026-07-02 07:40:19,906 - root - INFO - [778/1205] Fetching weather for Kónya...
2026-07-02 07:40:20,003 - root - INFO - Fetched weather for Kónya: 25.5°C, Clouds, humidity: 64%
2026-07-02 07:40:21,105 - root - INFO - [779/1205] Fetching weather for Hortobágy...
2026-07-02 07:40:21,206 - root - INFO - Fetched weather for Hortobágy: 25.6°C, Clouds, humidity: 64%
2026-07-02 07:40:22,308 - root - INFO - [780/1205] Fetching weather for Hortobágyi Halastó...
2026-07-02 07:40:22,401 - root - INFO - Fetched weather for Hortobágyi Halastó: 25.6°C, Clouds, humidity: 65%
2026-07-02 07:40:23,502 - root - INFO - [781/1205] Fetching weather for Ohat-Pusztakócs...
2026-07-02 07:40:23,591 - root - INFO - Fetched weather for Ohat-Pusztakócs: 25.6°C, Clouds, humidity: 64%
2026-07-02 07:40:24,693 - root - INFO - [782/1205] Fetching weather for Egyek...
2026-07-02 07:40:24,787 - root - INFO - Fetched weather for Egyek: 25.6°C, Clouds, humidity: 63%
2026-07-02 07:40:25,889 - root - INFO - [783/1205] Fetching weather for Tiszafüred...
2026-07-02 07:40:25,984 - root - INFO - Fetched weather for Tiszafüred: 25.6°C, Clouds, humidity: 61%
2026-07-02 07:40:27,085 - root - INFO - [784/1205] Fetching weather for Poroszló...
2026-07-02 07:40:27,180 - root - INFO - Fetched weather for Poroszló: 25.6°C, Clouds, humidity: 60%
2026-07-02 07:40:28,282 - root - INFO - [785/1205] Fetching weather for Kétútköz...
2026-07-02 07:40:28,376 - root - INFO - Fetched weather for Kétútköz: 25.5°C, Clouds, humidity: 61%
2026-07-02 07:40:29,478 - root - INFO - [786/1205] Fetching weather for Egerfarmos...
2026-07-02 07:40:29,573 - root - INFO - Fetched weather for Egerfarmos: 25.4°C, Clouds, humidity: 61%
2026-07-02 07:40:30,674 - root - INFO - [787/1205] Fetching weather for Piliscsaba...
2026-07-02 07:40:30,773 - root - INFO - Fetched weather for Piliscsaba: 21.5°C, Clouds, humidity: 75%
2026-07-02 07:40:31,874 - root - INFO - [788/1205] Fetching weather for Pilisjászfalu...
2026-07-02 07:40:31,975 - root - INFO - Fetched weather for Pilisjászfalu: 21.6°C, Clouds, humidity: 77%
2026-07-02 07:40:33,076 - root - INFO - [789/1205] Fetching weather for Leányvár...
2026-07-02 07:40:33,171 - root - INFO - Fetched weather for Leányvár: 21.7°C, Clouds, humidity: 77%
2026-07-02 07:40:34,273 - root - INFO - [790/1205] Fetching weather for Dorog...
2026-07-02 07:40:34,360 - root - INFO - Fetched weather for Dorog: 21.9°C, Clouds, humidity: 78%
2026-07-02 07:40:35,462 - root - INFO - [791/1205] Fetching weather for Esztergom-Kertváros...
2026-07-02 07:40:35,558 - root - INFO - Fetched weather for Esztergom-Kertváros: 22.0°C, Clouds, humidity: 79%
2026-07-02 07:40:36,659 - root - INFO - [792/1205] Fetching weather for Esztergom...
2026-07-02 07:40:36,753 - root - INFO - Fetched weather for Esztergom: 22.1°C, Clouds, humidity: 81%
2026-07-02 07:40:37,854 - root - INFO - [793/1205] Fetching weather for Dunaalmás...
2026-07-02 07:40:37,947 - root - INFO - Fetched weather for Dunaalmás: 23.1°C, Clouds, humidity: 62%
2026-07-02 07:40:39,048 - root - INFO - [794/1205] Fetching weather for Neszmély...
2026-07-02 07:40:39,137 - root - INFO - Fetched weather for Neszmély: 23.1°C, Clouds, humidity: 62%
2026-07-02 07:40:40,238 - root - INFO - [795/1205] Fetching weather for Süttő...
2026-07-02 07:40:40,328 - root - INFO - Fetched weather for Süttő: 22.9°C, Clouds, humidity: 66%
2026-07-02 07:40:41,430 - root - INFO - [796/1205] Fetching weather for Piszke...
2026-07-02 07:40:41,528 - root - INFO - Fetched weather for Piszke: 22.8°C, Clouds, humidity: 68%
2026-07-02 07:40:42,629 - root - INFO - [797/1205] Fetching weather for Lábatlan...
2026-07-02 07:40:42,725 - root - INFO - Fetched weather for Lábatlan: 22.7°C, Clouds, humidity: 69%
2026-07-02 07:40:43,827 - root - INFO - [798/1205] Fetching weather for Eternitgyár...
2026-07-02 07:40:43,920 - root - INFO - Fetched weather for Eternitgyár: 22.7°C, Clouds, humidity: 69%
2026-07-02 07:40:45,021 - root - INFO - [799/1205] Fetching weather for Nyergesújfalu felső...
2026-07-02 07:40:45,114 - root - INFO - Fetched weather for Nyergesújfalu felső: 22.7°C, Clouds, humidity: 69%
2026-07-02 07:40:46,216 - root - INFO - [800/1205] Fetching weather for Nyergesújfalu...
2026-07-02 07:40:46,307 - root - INFO - Fetched weather for Nyergesújfalu: 22.6°C, Clouds, humidity: 71%
2026-07-02 07:40:47,408 - root - INFO - [801/1205] Fetching weather for Tokod...
2026-07-02 07:40:47,500 - root - INFO - Fetched weather for Tokod: 22.0°C, Clouds, humidity: 77%
2026-07-02 07:40:48,601 - root - INFO - [802/1205] Fetching weather for Környe...
2026-07-02 07:40:48,695 - root - INFO - Fetched weather for Környe: 22.6°C, Clouds, humidity: 63%
2026-07-02 07:40:49,796 - root - INFO - [803/1205] Fetching weather for Kecskéd alsó...
2026-07-02 07:40:49,890 - root - INFO - Fetched weather for Kecskéd alsó: 22.6°C, Clouds, humidity: 63%
2026-07-02 07:40:50,991 - root - INFO - [804/1205] Fetching weather for Oroszlány...
2026-07-02 07:40:51,083 - root - INFO - Fetched weather for Oroszlány: 22.5°C, Clouds, humidity: 64%
2026-07-02 07:40:52,185 - root - INFO - [805/1205] Fetching weather for Győrszabadhegy...
2026-07-02 07:40:52,282 - root - INFO - Fetched weather for Győrszabadhegy: 23.3°C, Clouds, humidity: 62%
2026-07-02 07:40:53,384 - root - INFO - [806/1205] Fetching weather for Ménfőcsanak felső...
2026-07-02 07:40:53,475 - root - INFO - Fetched weather for Ménfőcsanak felső: 23.4°C, Clouds, humidity: 62%
2026-07-02 07:40:54,576 - root - INFO - [807/1205] Fetching weather for Gyömöre-Tét...
2026-07-02 07:40:54,677 - root - INFO - Fetched weather for Gyömöre-Tét: 23.1°C, Clouds, humidity: 61%
2026-07-02 07:40:55,779 - root - INFO - [808/1205] Fetching weather for Szerecseny...
2026-07-02 07:40:55,870 - root - INFO - Fetched weather for Szerecseny: 23.1°C, Clouds, humidity: 61%
2026-07-02 07:40:56,972 - root - INFO - [809/1205] Fetching weather for Gecse-Gyarmat...
2026-07-02 07:40:57,069 - root - INFO - Fetched weather for Gecse-Gyarmat: 23.0°C, Clouds, humidity: 61%
2026-07-02 07:40:58,171 - root - INFO - [810/1205] Fetching weather for Vaszar...
2026-07-02 07:40:58,265 - root - INFO - Fetched weather for Vaszar: 23.1°C, Clouds, humidity: 60%
2026-07-02 07:40:59,367 - root - INFO - [811/1205] Fetching weather for Pápa...
2026-07-02 07:40:59,462 - root - INFO - Fetched weather for Pápa: 23.1°C, Clouds, humidity: 58%
2026-07-02 07:41:00,563 - root - INFO - [812/1205] Fetching weather for Mezőlak...
2026-07-02 07:41:00,653 - root - INFO - Fetched weather for Mezőlak: 23.3°C, Clouds, humidity: 56%
2026-07-02 07:41:01,755 - root - INFO - [813/1205] Fetching weather for Mihályháza...
2026-07-02 07:41:01,865 - root - INFO - Fetched weather for Mihályháza: 23.2°C, Clouds, humidity: 56%
2026-07-02 07:41:02,966 - root - INFO - [814/1205] Fetching weather for Vinár...
2026-07-02 07:41:03,060 - root - INFO - Fetched weather for Vinár: 23.3°C, Clouds, humidity: 55%
2026-07-02 07:41:04,161 - root - INFO - [815/1205] Fetching weather for Külsővat...
2026-07-02 07:41:04,263 - root - INFO - Fetched weather for Külsővat: 23.3°C, Clouds, humidity: 54%
2026-07-02 07:41:05,365 - root - INFO - [816/1205] Fetching weather for Celldömölk...
2026-07-02 07:41:05,463 - root - INFO - Fetched weather for Celldömölk: 23.3°C, Clouds, humidity: 54%
2026-07-02 07:41:06,565 - root - INFO - [817/1205] Fetching weather for Kemenesmihályfa...
2026-07-02 07:41:06,666 - root - INFO - Fetched weather for Kemenesmihályfa: 23.0°C, Clouds, humidity: 54%
2026-07-02 07:41:07,767 - root - INFO - [818/1205] Fetching weather for Nagysimonyi...
2026-07-02 07:41:07,861 - root - INFO - Fetched weather for Nagysimonyi: 23.0°C, Clouds, humidity: 54%
2026-07-02 07:41:08,962 - root - INFO - [819/1205] Fetching weather for Ostffyasszonyfa...
2026-07-02 07:41:09,060 - root - INFO - Fetched weather for Ostffyasszonyfa: 23.1°C, Clouds, humidity: 55%
2026-07-02 07:41:10,162 - root - INFO - [820/1205] Fetching weather for Sárvár...
2026-07-02 07:41:10,256 - root - INFO - Fetched weather for Sárvár: 23.2°C, Clouds, humidity: 55%
2026-07-02 07:41:11,357 - root - INFO - [821/1205] Fetching weather for Porpác...
2026-07-02 07:41:11,456 - root - INFO - Fetched weather for Porpác: 22.5°C, Clouds, humidity: 55%
2026-07-02 07:41:12,557 - root - INFO - [822/1205] Fetching weather for Balatonföldvár...
2026-07-02 07:41:12,653 - root - INFO - Fetched weather for Balatonföldvár: 21.6°C, Clouds, humidity: 44%
2026-07-02 07:41:13,754 - root - INFO - [823/1205] Fetching weather for Balatonszárszó...
2026-07-02 07:41:13,846 - root - INFO - Fetched weather for Balatonszárszó: 21.7°C, Clouds, humidity: 44%
2026-07-02 07:41:14,948 - root - INFO - [824/1205] Fetching weather for Balatonszemes...
2026-07-02 07:41:15,038 - root - INFO - Fetched weather for Balatonszemes: 21.6°C, Clouds, humidity: 44%
2026-07-02 07:41:16,139 - root - INFO - [825/1205] Fetching weather for Balatonlelle felső...
2026-07-02 07:41:16,232 - root - INFO - Fetched weather for Balatonlelle felső: 21.7°C, Clouds, humidity: 44%
2026-07-02 07:41:17,333 - root - INFO - [826/1205] Fetching weather for Balatonlelle...
2026-07-02 07:41:17,426 - root - INFO - Fetched weather for Balatonlelle: 21.6°C, Clouds, humidity: 63%
2026-07-02 07:41:18,527 - root - INFO - [827/1205] Fetching weather for Fonyódliget...
2026-07-02 07:41:18,617 - root - INFO - Fetched weather for Fonyódliget: 21.6°C, Clouds, humidity: 61%
2026-07-02 07:41:19,718 - root - INFO - [828/1205] Fetching weather for Balatonboglár...
2026-07-02 07:41:19,809 - root - INFO - Fetched weather for Balatonboglár: 21.6°C, Clouds, humidity: 62%
2026-07-02 07:41:20,910 - root - INFO - [829/1205] Fetching weather for Balatonfenyves alsó...
2026-07-02 07:41:21,002 - root - INFO - Fetched weather for Balatonfenyves alsó: 22.5°C, Clouds, humidity: 57%
2026-07-02 07:41:22,104 - root - INFO - [830/1205] Fetching weather for Fonyód...
2026-07-02 07:41:22,198 - root - INFO - Fetched weather for Fonyód: 22.4°C, Clouds, humidity: 60%
2026-07-02 07:41:23,299 - root - INFO - [831/1205] Fetching weather for Bélatelep...
2026-07-02 07:41:23,394 - root - INFO - Fetched weather for Bélatelep: 22.4°C, Clouds, humidity: 59%
2026-07-02 07:41:24,496 - root - INFO - [832/1205] Fetching weather for Alsóbélatelep...
2026-07-02 07:41:24,585 - root - INFO - Fetched weather for Alsóbélatelep: 22.4°C, Clouds, humidity: 59%
2026-07-02 07:41:25,686 - root - INFO - [833/1205] Fetching weather for Balatonfenyves...
2026-07-02 07:41:25,768 - root - INFO - Fetched weather for Balatonfenyves: 22.3°C, Clouds, humidity: 59%
2026-07-02 07:41:26,870 - root - INFO - [834/1205] Fetching weather for Máriahullámtelep...
2026-07-02 07:41:26,966 - root - INFO - Fetched weather for Máriahullámtelep: 22.5°C, Clouds, humidity: 57%
2026-07-02 07:41:28,067 - root - INFO - [835/1205] Fetching weather for Balatonmáriafürdő...
2026-07-02 07:41:28,162 - root - INFO - Fetched weather for Balatonmáriafürdő: 22.5°C, Clouds, humidity: 56%
2026-07-02 07:41:29,263 - root - INFO - [836/1205] Fetching weather for Balatonberény...
2026-07-02 07:41:29,355 - root - INFO - Fetched weather for Balatonberény: 22.4°C, Clouds, humidity: 55%
2026-07-02 07:41:30,456 - root - INFO - [837/1205] Fetching weather for Balatonszentgyörgy...
2026-07-02 07:41:30,548 - root - INFO - Fetched weather for Balatonszentgyörgy: 22.4°C, Clouds, humidity: 55%
2026-07-02 07:41:31,650 - root - INFO - [838/1205] Fetching weather for Vörs...
2026-07-02 07:41:31,745 - root - INFO - Fetched weather for Vörs: 22.4°C, Clouds, humidity: 54%
2026-07-02 07:41:32,846 - root - INFO - [839/1205] Fetching weather for Zalaszentjakab...
2026-07-02 07:41:32,950 - root - INFO - Fetched weather for Zalaszentjakab: 22.3°C, Clouds, humidity: 52%
2026-07-02 07:41:34,052 - root - INFO - [840/1205] Fetching weather for Nagykanizsa...
2026-07-02 07:41:34,155 - root - INFO - Fetched weather for Nagykanizsa: 22.3°C, Clouds, humidity: 50%
2026-07-02 07:41:35,256 - root - INFO - [841/1205] Fetching weather for Murakeresztúr...
2026-07-02 07:41:35,346 - root - INFO - Fetched weather for Murakeresztúr: 22.4°C, Clouds, humidity: 49%
2026-07-02 07:41:36,448 - root - INFO - [842/1205] Fetching weather for Zalakomár...
2026-07-02 07:41:36,533 - root - INFO - Fetched weather for Zalakomár: 22.4°C, Clouds, humidity: 52%
2026-07-02 07:41:37,634 - root - INFO - [843/1205] Fetching weather for Szárazrét...
2026-07-02 07:41:37,733 - root - INFO - Fetched weather for Szárazrét: 22.6°C, Clouds, humidity: 68%
2026-07-02 07:41:38,834 - root - INFO - [844/1205] Fetching weather for Bodajk...
2026-07-02 07:41:38,931 - root - INFO - Fetched weather for Bodajk: 22.5°C, Clouds, humidity: 65%
2026-07-02 07:41:40,032 - root - INFO - [845/1205] Fetching weather for Csókakő...
2026-07-02 07:41:40,131 - root - INFO - Fetched weather for Csókakő: 22.2°C, Clouds, humidity: 65%
2026-07-02 07:41:41,233 - root - INFO - [846/1205] Fetching weather for Mór...
2026-07-02 07:41:41,331 - root - INFO - Fetched weather for Mór: 22.3°C, Clouds, humidity: 65%
2026-07-02 07:41:42,433 - root - INFO - [847/1205] Fetching weather for Bakonysárkány...
2026-07-02 07:41:42,526 - root - INFO - Fetched weather for Bakonysárkány: 22.0°C, Clouds, humidity: 64%
2026-07-02 07:41:43,627 - root - INFO - [848/1205] Fetching weather for Kisbér...
2026-07-02 07:41:43,721 - root - INFO - Fetched weather for Kisbér: 22.4°C, Clouds, humidity: 64%
2026-07-02 07:41:44,823 - root - INFO - [849/1205] Fetching weather for Nagyigmánd-Bábolna...
2026-07-02 07:41:44,919 - root - INFO - Fetched weather for Nagyigmánd-Bábolna: 22.9°C, Clouds, humidity: 62%
2026-07-02 07:41:46,021 - root - INFO - [850/1205] Fetching weather for Budapest-Déli...
2026-07-02 07:41:46,120 - root - INFO - Fetched weather for Budapest-Déli: 22.9°C, Clouds, humidity: 70%
2026-07-02 07:41:47,222 - root - INFO - [851/1205] Fetching weather for Budapest-Kelenföld...
2026-07-02 07:41:47,310 - root - INFO - Fetched weather for Budapest-Kelenföld: 23.3°C, Clouds, humidity: 69%
2026-07-02 07:41:48,412 - root - INFO - [852/1205] Fetching weather for Budaörs...
2026-07-02 07:41:48,501 - root - INFO - Fetched weather for Budaörs: 23.3°C, Clouds, humidity: 69%
2026-07-02 07:41:49,603 - root - INFO - [853/1205] Fetching weather for Biatorbágy...
2026-07-02 07:41:49,704 - root - INFO - Fetched weather for Biatorbágy: 22.0°C, Clouds, humidity: 73%
2026-07-02 07:41:50,806 - root - INFO - [854/1205] Fetching weather for Herceghalom...
2026-07-02 07:41:50,903 - root - INFO - Fetched weather for Herceghalom: 22.1°C, Clouds, humidity: 76%
2026-07-02 07:41:52,005 - root - INFO - [855/1205] Fetching weather for Bicske...
2026-07-02 07:41:52,098 - root - INFO - Fetched weather for Bicske: 21.7°C, Clouds, humidity: 72%
2026-07-02 07:41:53,199 - root - INFO - [856/1205] Fetching weather for Szár...
2026-07-02 07:41:53,300 - root - INFO - Fetched weather for Szár: 21.4°C, Clouds, humidity: 69%
2026-07-02 07:41:54,402 - root - INFO - [857/1205] Fetching weather for Szárliget...
2026-07-02 07:41:54,493 - root - INFO - Fetched weather for Szárliget: 21.9°C, Clouds, humidity: 67%
2026-07-02 07:41:55,595 - root - INFO - [858/1205] Fetching weather for Alsógalla...
2026-07-02 07:41:55,689 - root - INFO - Fetched weather for Alsógalla: 22.6°C, Clouds, humidity: 64%
2026-07-02 07:41:56,791 - root - INFO - [859/1205] Fetching weather for Tatabánya...
2026-07-02 07:41:56,882 - root - INFO - Fetched weather for Tatabánya: 22.7°C, Clouds, humidity: 63%
2026-07-02 07:41:57,984 - root - INFO - [860/1205] Fetching weather for Vértesszőlős...
2026-07-02 07:41:58,073 - root - INFO - Fetched weather for Vértesszőlős: 22.8°C, Clouds, humidity: 63%
2026-07-02 07:41:59,175 - root - INFO - [861/1205] Fetching weather for Tóvároskert...
2026-07-02 07:41:59,271 - root - INFO - Fetched weather for Tóvároskert: 22.9°C, Clouds, humidity: 63%
2026-07-02 07:42:00,373 - root - INFO - [862/1205] Fetching weather for Tata...
2026-07-02 07:42:00,465 - root - INFO - Fetched weather for Tata: 22.9°C, Clouds, humidity: 62%
2026-07-02 07:42:01,567 - root - INFO - [863/1205] Fetching weather for Almásfüzitő...
2026-07-02 07:42:01,655 - root - INFO - Fetched weather for Almásfüzitő: 23.1°C, Clouds, humidity: 61%
2026-07-02 07:42:02,757 - root - INFO - [864/1205] Fetching weather for Almásfüzitő felső...
2026-07-02 07:42:02,852 - root - INFO - Fetched weather for Almásfüzitő felső: 23.4°C, Clouds, humidity: 61%
2026-07-02 07:42:03,953 - root - INFO - [865/1205] Fetching weather for Szőny...
2026-07-02 07:42:04,050 - root - INFO - Fetched weather for Szőny: 23.4°C, Clouds, humidity: 61%
2026-07-02 07:42:05,152 - root - INFO - [866/1205] Fetching weather for Komárom...
2026-07-02 07:42:05,245 - root - INFO - Fetched weather for Komárom: 23.4°C, Clouds, humidity: 61%
2026-07-02 07:42:06,347 - root - INFO - [867/1205] Fetching weather for Ács...
2026-07-02 07:42:06,441 - root - INFO - Fetched weather for Ács: 23.1°C, Clouds, humidity: 61%
2026-07-02 07:42:07,543 - root - INFO - [868/1205] Fetching weather for Nagyszentjános...
2026-07-02 07:42:07,640 - root - INFO - Fetched weather for Nagyszentjános: 23.1°C, Clouds, humidity: 61%
2026-07-02 07:42:08,742 - root - INFO - [869/1205] Fetching weather for Győrszentiván...
2026-07-02 07:42:08,834 - root - INFO - Fetched weather for Győrszentiván: 23.2°C, Clouds, humidity: 61%
2026-07-02 07:42:09,936 - root - INFO - [870/1205] Fetching weather for Győr-Gyárváros...
2026-07-02 07:42:10,027 - root - INFO - Fetched weather for Győr-Gyárváros: 23.3°C, Clouds, humidity: 62%
2026-07-02 07:42:11,129 - root - INFO - [871/1205] Fetching weather for Győr...
2026-07-02 07:42:11,217 - root - INFO - Fetched weather for Győr: 23.3°C, Clouds, humidity: 62%
2026-07-02 07:42:12,318 - root - INFO - [872/1205] Fetching weather for Öttevény...
2026-07-02 07:42:12,410 - root - INFO - Fetched weather for Öttevény: 23.5°C, Clouds, humidity: 62%
2026-07-02 07:42:13,511 - root - INFO - [873/1205] Fetching weather for Lébény-Mosonszentmiklós...
2026-07-02 07:42:13,604 - root - INFO - Fetched weather for Lébény-Mosonszentmiklós: 23.6°C, Clouds, humidity: 60%
2026-07-02 07:42:14,705 - root - INFO - [874/1205] Fetching weather for Kimle-Károlyháza...
2026-07-02 07:42:14,803 - root - INFO - Fetched weather for Kimle-Károlyháza: 23.6°C, Clouds, humidity: 59%
2026-07-02 07:42:15,904 - root - INFO - [875/1205] Fetching weather for Mosonmagyaróvár...
2026-07-02 07:42:15,997 - root - INFO - Fetched weather for Mosonmagyaróvár: 23.9°C, Clouds, humidity: 57%
2026-07-02 07:42:17,099 - root - INFO - [876/1205] Fetching weather for Levél...
2026-07-02 07:42:17,203 - root - INFO - Fetched weather for Levél: 23.5°C, Clouds, humidity: 57%
2026-07-02 07:42:18,305 - root - INFO - [877/1205] Fetching weather for Hegyeshalom...
2026-07-02 07:42:18,394 - root - INFO - Fetched weather for Hegyeshalom: 23.5°C, Clouds, humidity: 58%
2026-07-02 07:42:19,496 - root - INFO - [878/1205] Fetching weather for Óbuda...
2026-07-02 07:42:19,598 - root - INFO - Fetched weather for Óbuda: 23.0°C, Clouds, humidity: 72%
2026-07-02 07:42:20,699 - root - INFO - [879/1205] Fetching weather for Üröm...
2026-07-02 07:42:20,792 - root - INFO - Fetched weather for Üröm: 22.7°C, Clouds, humidity: 72%
2026-07-02 07:42:21,893 - root - INFO - [880/1205] Fetching weather for Solymár...
2026-07-02 07:42:21,995 - root - INFO - Fetched weather for Solymár: 22.2°C, Clouds, humidity: 73%
2026-07-02 07:42:23,097 - root - INFO - [881/1205] Fetching weather for Pilisvörösvár...
2026-07-02 07:42:23,195 - root - INFO - Fetched weather for Pilisvörösvár: 21.7°C, Clouds, humidity: 74%
2026-07-02 07:42:24,297 - root - INFO - [882/1205] Fetching weather for Klotildliget...
2026-07-02 07:42:24,395 - root - INFO - Fetched weather for Klotildliget: 21.4°C, Clouds, humidity: 75%
2026-07-02 07:42:25,496 - root - INFO - [883/1205] Fetching weather for Kútvölgy...
2026-07-02 07:42:25,589 - root - INFO - Fetched weather for Kútvölgy: 26.3°C, Clouds, humidity: 63%
2026-07-02 07:42:26,691 - root - INFO - [884/1205] Fetching weather for Székkutas...
2026-07-02 07:42:26,782 - root - INFO - Fetched weather for Székkutas: 26.3°C, Clouds, humidity: 64%
2026-07-02 07:42:27,883 - root - INFO - [885/1205] Fetching weather for Kaposszentjakab...
2026-07-02 07:42:27,975 - root - INFO - Fetched weather for Kaposszentjakab: 22.3°C, Clouds, humidity: 67%
2026-07-02 07:42:29,076 - root - INFO - [886/1205] Fetching weather for Kaposvár...
2026-07-02 07:42:29,169 - root - INFO - Fetched weather for Kaposvár: 22.2°C, Clouds, humidity: 65%
2026-07-02 07:42:30,271 - root - INFO - [887/1205] Fetching weather for Kaposújlak...
2026-07-02 07:42:30,369 - root - INFO - Fetched weather for Kaposújlak: 22.4°C, Clouds, humidity: 61%
2026-07-02 07:42:31,471 - root - INFO - [888/1205] Fetching weather for Kaposmérő...
2026-07-02 07:42:31,565 - root - INFO - Fetched weather for Kaposmérő: 22.4°C, Clouds, humidity: 60%
2026-07-02 07:42:32,667 - root - INFO - [889/1205] Fetching weather for Kaposfő...
2026-07-02 07:42:32,772 - root - INFO - Fetched weather for Kaposfő: 22.4°C, Clouds, humidity: 59%
2026-07-02 07:42:33,873 - root - INFO - [890/1205] Fetching weather for Kiskorpád...
2026-07-02 07:42:33,962 - root - INFO - Fetched weather for Kiskorpád: 22.3°C, Clouds, humidity: 58%
2026-07-02 07:42:35,063 - root - INFO - [891/1205] Fetching weather for Jákó-Nagybajom...
2026-07-02 07:42:35,154 - root - INFO - Fetched weather for Jákó-Nagybajom: 22.4°C, Clouds, humidity: 57%
2026-07-02 07:42:36,255 - root - INFO - [892/1205] Fetching weather for Kutas...
2026-07-02 07:42:36,346 - root - INFO - Fetched weather for Kutas: 22.6°C, Clouds, humidity: 55%
2026-07-02 07:42:37,448 - root - INFO - [893/1205] Fetching weather for Beleg...
2026-07-02 07:42:37,544 - root - INFO - Fetched weather for Beleg: 22.6°C, Clouds, humidity: 54%
2026-07-02 07:42:38,645 - root - INFO - [894/1205] Fetching weather for Ötvöskónyi...
2026-07-02 07:42:38,740 - root - INFO - Fetched weather for Ötvöskónyi: 22.6°C, Clouds, humidity: 54%
2026-07-02 07:42:39,841 - root - INFO - [895/1205] Fetching weather for Somogyszob...
2026-07-02 07:42:39,935 - root - INFO - Fetched weather for Somogyszob: 22.6°C, Clouds, humidity: 53%
2026-07-02 07:42:41,037 - root - INFO - [896/1205] Fetching weather for Bolhás...
2026-07-02 07:42:41,130 - root - INFO - Fetched weather for Bolhás: 22.5°C, Clouds, humidity: 53%
2026-07-02 07:42:42,231 - root - INFO - [897/1205] Fetching weather for Szenta...
2026-07-02 07:42:42,324 - root - INFO - Fetched weather for Szenta: 22.4°C, Clouds, humidity: 52%
2026-07-02 07:42:43,426 - root - INFO - [898/1205] Fetching weather for Zrínyitelep...
2026-07-02 07:42:43,515 - root - INFO - Fetched weather for Zrínyitelep: 22.4°C, Clouds, humidity: 51%
2026-07-02 07:42:44,617 - root - INFO - [899/1205] Fetching weather for Csurgó...
2026-07-02 07:42:44,710 - root - INFO - Fetched weather for Csurgó: 22.5°C, Clouds, humidity: 51%
2026-07-02 07:42:45,812 - root - INFO - [900/1205] Fetching weather for Gyékényes...
2026-07-02 07:42:45,915 - root - INFO - Fetched weather for Gyékényes: 22.2°C, Clouds, humidity: 50%
2026-07-02 07:42:47,017 - root - INFO - [901/1205] Fetching weather for Adony...
2026-07-02 07:42:47,111 - root - INFO - Fetched weather for Adony: 23.1°C, Clouds, humidity: 71%
2026-07-02 07:42:48,212 - root - INFO - [902/1205] Fetching weather for Kulcs...
2026-07-02 07:42:48,306 - root - INFO - Fetched weather for Kulcs: 23.1°C, Clouds, humidity: 68%
2026-07-02 07:42:49,408 - root - INFO - [903/1205] Fetching weather for Rácalmás...
2026-07-02 07:42:49,501 - root - INFO - Fetched weather for Rácalmás: 23.2°C, Clouds, humidity: 67%
2026-07-02 07:42:50,603 - root - INFO - [904/1205] Fetching weather for Dunaújváros...
2026-07-02 07:42:50,697 - root - INFO - Fetched weather for Dunaújváros: 23.3°C, Clouds, humidity: 67%
2026-07-02 07:42:51,799 - root - INFO - [905/1205] Fetching weather for Újvenyim...
2026-07-02 07:42:51,892 - root - INFO - Fetched weather for Újvenyim: 23.3°C, Clouds, humidity: 69%
2026-07-02 07:42:52,994 - root - INFO - [906/1205] Fetching weather for Mezőfalva...
2026-07-02 07:42:53,085 - root - INFO - Fetched weather for Mezőfalva: 23.2°C, Clouds, humidity: 70%
2026-07-02 07:42:54,187 - root - INFO - [907/1205] Fetching weather for Nagykarácsony felső...
2026-07-02 07:42:54,281 - root - INFO - Fetched weather for Nagykarácsony felső: 23.4°C, Rain, humidity: 68%
2026-07-02 07:42:55,382 - root - INFO - [908/1205] Fetching weather for Nagykarácsony...
2026-07-02 07:42:55,478 - root - INFO - Fetched weather for Nagykarácsony: 23.2°C, Rain, humidity: 68%
2026-07-02 07:42:56,580 - root - INFO - [909/1205] Fetching weather for Alap...
2026-07-02 07:42:56,671 - root - INFO - Fetched weather for Alap: 23.2°C, Clouds, humidity: 70%
2026-07-02 07:42:57,773 - root - INFO - [910/1205] Fetching weather for Cece...
2026-07-02 07:42:57,862 - root - INFO - Fetched weather for Cece: 23.2°C, Clouds, humidity: 69%
2026-07-02 07:42:58,964 - root - INFO - [911/1205] Fetching weather for Vajta...
2026-07-02 07:42:59,072 - root - INFO - Fetched weather for Vajta: 23.5°C, Rain, humidity: 67%
2026-07-02 07:43:00,173 - root - INFO - [912/1205] Fetching weather for Rétszilas alsó...
2026-07-02 07:43:00,278 - root - INFO - Fetched weather for Rétszilas alsó: 23.2°C, Clouds, humidity: 70%
2026-07-02 07:43:01,380 - root - INFO - [913/1205] Fetching weather for Nagydorog...
2026-07-02 07:43:01,475 - root - INFO - Fetched weather for Nagydorog: 23.6°C, Rain, humidity: 66%
2026-07-02 07:43:02,576 - root - INFO - [914/1205] Fetching weather for Tengelic...
2026-07-02 07:43:02,670 - root - INFO - Fetched weather for Tengelic: 23.7°C, Clouds, humidity: 67%
2026-07-02 07:43:03,771 - root - INFO - [915/1205] Fetching weather for Fácánkert...
2026-07-02 07:43:03,862 - root - INFO - Fetched weather for Fácánkert: 23.9°C, Clouds, humidity: 69%
2026-07-02 07:43:04,964 - root - INFO - [916/1205] Fetching weather for Tolna-Mözs...
2026-07-02 07:43:05,060 - root - INFO - Fetched weather for Tolna-Mözs: 24.1°C, Clouds, humidity: 69%
2026-07-02 07:43:06,161 - root - INFO - [917/1205] Fetching weather for Szekszárd-Palánk...
2026-07-02 07:43:06,261 - root - INFO - Fetched weather for Szekszárd-Palánk: 24.0°C, Clouds, humidity: 71%
2026-07-02 07:43:07,362 - root - INFO - [918/1205] Fetching weather for Szekszárd...
2026-07-02 07:43:07,451 - root - INFO - Fetched weather for Szekszárd: 23.9°C, Clouds, humidity: 72%
2026-07-02 07:43:08,553 - root - INFO - [919/1205] Fetching weather for Őcsény...
2026-07-02 07:43:08,645 - root - INFO - Fetched weather for Őcsény: 24.1°C, Clouds, humidity: 72%
2026-07-02 07:43:09,746 - root - INFO - [920/1205] Fetching weather for Decs...
2026-07-02 07:43:09,836 - root - INFO - Fetched weather for Decs: 24.1°C, Clouds, humidity: 73%
2026-07-02 07:43:10,937 - root - INFO - [921/1205] Fetching weather for Csikóstőttős...
2026-07-02 07:43:11,026 - root - INFO - Fetched weather for Csikóstőttős: 22.4°C, Rain, humidity: 75%
2026-07-02 07:43:12,128 - root - INFO - [922/1205] Fetching weather for Mágocs-Alsómocsolád...
2026-07-02 07:43:12,219 - root - INFO - Fetched weather for Mágocs-Alsómocsolád: 22.0°C, Rain, humidity: 76%
2026-07-02 07:43:13,321 - root - INFO - [923/1205] Fetching weather for Szalatnak...
2026-07-02 07:43:13,418 - root - INFO - Fetched weather for Szalatnak: 22.3°C, Rain, humidity: 76%
2026-07-02 07:43:14,519 - root - INFO - [924/1205] Fetching weather for Máza-Szászvár...
2026-07-02 07:43:14,613 - root - INFO - Fetched weather for Máza-Szászvár: 22.6°C, Clouds, humidity: 76%
2026-07-02 07:43:15,714 - root - INFO - [925/1205] Fetching weather for Váralja...
2026-07-02 07:43:15,804 - root - INFO - Fetched weather for Váralja: 22.8°C, Clouds, humidity: 76%
2026-07-02 07:43:16,906 - root - INFO - [926/1205] Fetching weather for Nagymányok...
2026-07-02 07:43:17,005 - root - INFO - Fetched weather for Nagymányok: 22.8°C, Clouds, humidity: 76%
2026-07-02 07:43:18,106 - root - INFO - [927/1205] Fetching weather for Hidas-Bonyhád...
2026-07-02 07:43:18,207 - root - INFO - Fetched weather for Hidas-Bonyhád: 22.9°C, Clouds, humidity: 75%
2026-07-02 07:43:19,308 - root - INFO - [928/1205] Fetching weather for Mőcsény...
2026-07-02 07:43:19,402 - root - INFO - Fetched weather for Mőcsény: 22.9°C, Clouds, humidity: 76%
2026-07-02 07:43:20,504 - root - INFO - [929/1205] Fetching weather for Bátaszék...
2026-07-02 07:43:20,599 - root - INFO - Fetched weather for Bátaszék: 23.9°C, Clouds, humidity: 74%
2026-07-02 07:43:21,700 - root - INFO - [930/1205] Fetching weather for Pörböly...
2026-07-02 07:43:21,795 - root - INFO - Fetched weather for Pörböly: 24.4°C, Clouds, humidity: 70%
2026-07-02 07:43:22,897 - root - INFO - [931/1205] Fetching weather for Orosháza...
2026-07-02 07:43:22,988 - root - INFO - Fetched weather for Orosháza: 26.3°C, Clouds, humidity: 64%
2026-07-02 07:43:24,090 - root - INFO - [932/1205] Fetching weather for Orosházi tanyák...
2026-07-02 07:43:24,182 - root - INFO - Fetched weather for Orosházi tanyák: 27.8°C, Clouds, humidity: 64%
2026-07-02 07:43:25,284 - root - INFO - [933/1205] Fetching weather for Csorvás...
2026-07-02 07:43:25,378 - root - INFO - Fetched weather for Csorvás: 27.7°C, Clouds, humidity: 64%
2026-07-02 07:43:26,479 - root - INFO - [934/1205] Fetching weather for Csorvás alsó...
2026-07-02 07:43:26,573 - root - INFO - Fetched weather for Csorvás alsó: 27.8°C, Clouds, humidity: 57%
2026-07-02 07:43:27,674 - root - INFO - [935/1205] Fetching weather for Telekgerendás...
2026-07-02 07:43:27,770 - root - INFO - Fetched weather for Telekgerendás: 27.8°C, Clouds, humidity: 57%
2026-07-02 07:43:28,872 - root - INFO - [936/1205] Fetching weather for Fürjes...
2026-07-02 07:43:28,970 - root - INFO - Fetched weather for Fürjes: 27.8°C, Clouds, humidity: 57%
2026-07-02 07:43:30,071 - root - INFO - [937/1205] Fetching weather for Fényes...
2026-07-02 07:43:30,168 - root - INFO - Fetched weather for Fényes: 27.8°C, Clouds, humidity: 57%
2026-07-02 07:43:31,269 - root - INFO - [938/1205] Fetching weather for Bicere...
2026-07-02 07:43:31,362 - root - INFO - Fetched weather for Bicere: 27.8°C, Clouds, humidity: 57%
2026-07-02 07:43:32,463 - root - INFO - [939/1205] Fetching weather for Gyula...
2026-07-02 07:43:32,554 - root - INFO - Fetched weather for Gyula: 27.8°C, Clouds, humidity: 57%
2026-07-02 07:43:33,656 - root - INFO - [940/1205] Fetching weather for József Szanatórium...
2026-07-02 07:43:33,750 - root - INFO - Fetched weather for József Szanatórium: 27.8°C, Clouds, humidity: 57%
2026-07-02 07:43:34,851 - root - INFO - [941/1205] Fetching weather for Sarkadi Cukorgyár...
2026-07-02 07:43:34,941 - root - INFO - Fetched weather for Sarkadi Cukorgyár: 27.8°C, Clouds, humidity: 57%
2026-07-02 07:43:36,042 - root - INFO - [942/1205] Fetching weather for Sarkad...
2026-07-02 07:43:36,139 - root - INFO - Fetched weather for Sarkad: 27.8°C, Clouds, humidity: 68%
2026-07-02 07:43:37,240 - root - INFO - [943/1205] Fetching weather for Kötegyán...
2026-07-02 07:43:37,333 - root - INFO - Fetched weather for Kötegyán: 27.8°C, Clouds, humidity: 68%
2026-07-02 07:43:38,434 - root - INFO - [944/1205] Fetching weather for Méhkerék...
2026-07-02 07:43:38,523 - root - INFO - Fetched weather for Méhkerék: 27.8°C, Clouds, humidity: 68%
2026-07-02 07:43:39,625 - root - INFO - [945/1205] Fetching weather for Sarkadkeresztúr...
2026-07-02 07:43:39,714 - root - INFO - Fetched weather for Sarkadkeresztúr: 27.8°C, Clouds, humidity: 67%
2026-07-02 07:43:40,815 - root - INFO - [946/1205] Fetching weather for Okány...
2026-07-02 07:43:40,908 - root - INFO - Fetched weather for Okány: 27.8°C, Clouds, humidity: 65%
2026-07-02 07:43:42,010 - root - INFO - [947/1205] Fetching weather for Újszeged...
2026-07-02 07:43:42,109 - root - INFO - Fetched weather for Újszeged: 26.8°C, Clouds, humidity: 63%
2026-07-02 07:43:43,211 - root - INFO - [948/1205] Fetching weather for Szőreg...
2026-07-02 07:43:43,307 - root - INFO - Fetched weather for Szőreg: 26.7°C, Clouds, humidity: 64%
2026-07-02 07:43:44,409 - root - INFO - [949/1205] Fetching weather for Deszk...
2026-07-02 07:43:44,542 - root - INFO - Fetched weather for Deszk: 26.8°C, Clouds, humidity: 65%
2026-07-02 07:43:45,644 - root - INFO - [950/1205] Fetching weather for Kiszombor...
2026-07-02 07:43:45,738 - root - INFO - Fetched weather for Kiszombor: 26.2°C, Clouds, humidity: 66%
2026-07-02 07:43:46,839 - root - INFO - [951/1205] Fetching weather for Kiszombor megálló...
2026-07-02 07:43:46,934 - root - INFO - Fetched weather for Kiszombor megálló: 26.2°C, Clouds, humidity: 66%
2026-07-02 07:43:48,035 - root - INFO - [952/1205] Fetching weather for Makó...
2026-07-02 07:43:48,132 - root - INFO - Fetched weather for Makó: 26.2°C, Clouds, humidity: 66%
2026-07-02 07:43:49,234 - root - INFO - [953/1205] Fetching weather for Apátfalva...
2026-07-02 07:43:49,331 - root - INFO - Fetched weather for Apátfalva: 26.2°C, Clouds, humidity: 68%
2026-07-02 07:43:50,433 - root - INFO - [954/1205] Fetching weather for Magyarcsanád...
2026-07-02 07:43:50,526 - root - INFO - Fetched weather for Magyarcsanád: 26.1°C, Clouds, humidity: 68%
2026-07-02 07:43:51,628 - root - INFO - [955/1205] Fetching weather for Nagylak...
2026-07-02 07:43:51,725 - root - INFO - Fetched weather for Nagylak: 24.5°C, Clouds, humidity: 70%
2026-07-02 07:43:52,827 - root - INFO - [956/1205] Fetching weather for Nagylaki Kendergyár...
2026-07-02 07:43:52,922 - root - INFO - Fetched weather for Nagylaki Kendergyár: 24.5°C, Clouds, humidity: 70%
2026-07-02 07:43:54,024 - root - INFO - [957/1205] Fetching weather for Csanádpalota...
2026-07-02 07:43:54,116 - root - INFO - Fetched weather for Csanádpalota: 24.5°C, Clouds, humidity: 70%
2026-07-02 07:43:55,218 - root - INFO - [958/1205] Fetching weather for Mezőhegyes...
2026-07-02 07:43:55,308 - root - INFO - Fetched weather for Mezőhegyes: 24.5°C, Clouds, humidity: 71%
2026-07-02 07:43:56,410 - root - INFO - [959/1205] Fetching weather for Végegyháza...
2026-07-02 07:43:56,505 - root - INFO - Fetched weather for Végegyháza: 24.5°C, Clouds, humidity: 70%
2026-07-02 07:43:57,606 - root - INFO - [960/1205] Fetching weather for Mezőkovácsháza...
2026-07-02 07:43:57,702 - root - INFO - Fetched weather for Mezőkovácsháza: 24.5°C, Clouds, humidity: 70%
2026-07-02 07:43:58,804 - root - INFO - [961/1205] Fetching weather for Mezőkovácsháza felső...
2026-07-02 07:43:58,895 - root - INFO - Fetched weather for Mezőkovácsháza felső: 24.5°C, Clouds, humidity: 70%
2026-07-02 07:43:59,997 - root - INFO - [962/1205] Fetching weather for Magyarbánhegyes...
2026-07-02 07:44:00,086 - root - INFO - Fetched weather for Magyarbánhegyes: 27.7°C, Clouds, humidity: 70%
2026-07-02 07:44:01,188 - root - INFO - [963/1205] Fetching weather for Medgyesegyháza...
2026-07-02 07:44:01,280 - root - INFO - Fetched weather for Medgyesegyháza: 27.7°C, Clouds, humidity: 69%
2026-07-02 07:44:02,382 - root - INFO - [964/1205] Fetching weather for Bánkút...
2026-07-02 07:44:02,475 - root - INFO - Fetched weather for Bánkút: 27.7°C, Clouds, humidity: 57%
2026-07-02 07:44:03,577 - root - INFO - [965/1205] Fetching weather for Belsőperegpuszta...
2026-07-02 07:44:03,677 - root - INFO - Fetched weather for Belsőperegpuszta: 24.5°C, Clouds, humidity: 73%
2026-07-02 07:44:04,778 - root - INFO - [966/1205] Fetching weather for Battonya...
2026-07-02 07:44:04,874 - root - INFO - Fetched weather for Battonya: 24.5°C, Clouds, humidity: 100%
2026-07-02 07:44:05,976 - root - INFO - [967/1205] Fetching weather for Baja-Dunafürdő...
2026-07-02 07:44:06,069 - root - INFO - Fetched weather for Baja-Dunafürdő: 24.7°C, Clouds, humidity: 67%
2026-07-02 07:44:07,171 - root - INFO - [968/1205] Fetching weather for Kaposszekcső...
2026-07-02 07:44:07,271 - root - INFO - Fetched weather for Kaposszekcső: 22.4°C, Rain, humidity: 75%
2026-07-02 07:44:08,373 - root - INFO - [969/1205] Fetching weather for Vásárosdombó...
2026-07-02 07:44:08,469 - root - INFO - Fetched weather for Vásárosdombó: 22.3°C, Rain, humidity: 76%
2026-07-02 07:44:09,571 - root - INFO - [970/1205] Fetching weather for Sásd...
2026-07-02 07:44:09,659 - root - INFO - Fetched weather for Sásd: 22.2°C, Rain, humidity: 76%
2026-07-02 07:44:10,760 - root - INFO - [971/1205] Fetching weather for Godisa...
2026-07-02 07:44:10,854 - root - INFO - Fetched weather for Godisa: 21.9°C, Clouds, humidity: 76%
2026-07-02 07:44:11,956 - root - INFO - [972/1205] Fetching weather for Abaliget...
2026-07-02 07:44:12,061 - root - INFO - Fetched weather for Abaliget: 21.8°C, Rain, humidity: 74%
2026-07-02 07:44:13,162 - root - INFO - [973/1205] Fetching weather for Hetvehely...
2026-07-02 07:44:13,256 - root - INFO - Fetched weather for Hetvehely: 22.0°C, Rain, humidity: 74%
2026-07-02 07:44:14,357 - root - INFO - [974/1205] Fetching weather for Bükkösd...
2026-07-02 07:44:14,447 - root - INFO - Fetched weather for Bükkösd: 21.9°C, Rain, humidity: 73%
2026-07-02 07:44:15,549 - root - INFO - [975/1205] Fetching weather for Cserdi-Helesfa...
2026-07-02 07:44:15,642 - root - INFO - Fetched weather for Cserdi-Helesfa: 21.9°C, Clouds, humidity: 72%
2026-07-02 07:44:16,744 - root - INFO - [976/1205] Fetching weather for Szentlőrinc...
2026-07-02 07:44:16,834 - root - INFO - Fetched weather for Szentlőrinc: 22.3°C, Rain, humidity: 72%
2026-07-02 07:44:17,935 - root - INFO - [977/1205] Fetching weather for Bicsérd...
2026-07-02 07:44:18,028 - root - INFO - Fetched weather for Bicsérd: 22.2°C, Rain, humidity: 74%
2026-07-02 07:44:19,130 - root - INFO - [978/1205] Fetching weather for Mecsekalja-Cserkút...
2026-07-02 07:44:19,229 - root - INFO - Fetched weather for Mecsekalja-Cserkút: 21.6°C, Rain, humidity: 75%
2026-07-02 07:44:20,330 - root - INFO - [979/1205] Fetching weather for Pécs...
2026-07-02 07:44:20,429 - root - INFO - Fetched weather for Pécs: 22.0°C, Clouds, humidity: 76%
2026-07-02 07:44:21,530 - root - INFO - [980/1205] Fetching weather for Pécs-Külváros...
2026-07-02 07:44:21,624 - root - INFO - Fetched weather for Pécs-Külváros: 22.0°C, Clouds, humidity: 76%
2026-07-02 07:44:22,726 - root - INFO - [981/1205] Fetching weather for Pécsbánya-Rendező...
2026-07-02 07:44:22,819 - root - INFO - Fetched weather for Pécsbánya-Rendező: 21.9°C, Clouds, humidity: 77%
2026-07-02 07:44:23,921 - root - INFO - [982/1205] Fetching weather for Pécsudvard...
2026-07-02 07:44:24,013 - root - INFO - Fetched weather for Pécsudvard: 21.8°C, Clouds, humidity: 76%
2026-07-02 07:44:25,114 - root - INFO - [983/1205] Fetching weather for Szőkéd...
2026-07-02 07:44:25,208 - root - INFO - Fetched weather for Szőkéd: 22.0°C, Clouds, humidity: 75%
2026-07-02 07:44:26,309 - root - INFO - [984/1205] Fetching weather for Áta...
2026-07-02 07:44:26,407 - root - INFO - Fetched weather for Áta: 22.1°C, Clouds, humidity: 75%
2026-07-02 07:44:27,509 - root - INFO - [985/1205] Fetching weather for Kistótfalu...
2026-07-02 07:44:27,603 - root - INFO - Fetched weather for Kistótfalu: 22.1°C, Clouds, humidity: 75%
2026-07-02 07:44:28,705 - root - INFO - [986/1205] Fetching weather for Vokány...
2026-07-02 07:44:28,803 - root - INFO - Fetched weather for Vokány: 22.1°C, Clouds, humidity: 75%
2026-07-02 07:44:29,904 - root - INFO - [987/1205] Fetching weather for Palkonya...
2026-07-02 07:44:30,001 - root - INFO - Fetched weather for Palkonya: 22.1°C, Clouds, humidity: 75%
2026-07-02 07:44:31,102 - root - INFO - [988/1205] Fetching weather for Villánykövesd...
2026-07-02 07:44:31,199 - root - INFO - Fetched weather for Villánykövesd: 22.1°C, Clouds, humidity: 75%
2026-07-02 07:44:32,301 - root - INFO - [989/1205] Fetching weather for Villány...
2026-07-02 07:44:32,390 - root - INFO - Fetched weather for Villány: 22.2°C, Clouds, humidity: 75%
2026-07-02 07:44:33,492 - root - INFO - [990/1205] Fetching weather for Magyarbóly...
2026-07-02 07:44:33,585 - root - INFO - Fetched weather for Magyarbóly: 22.2°C, Clouds, humidity: 75%
2026-07-02 07:44:34,687 - root - INFO - [991/1205] Fetching weather for Magyarszék...
2026-07-02 07:44:34,785 - root - INFO - Fetched weather for Magyarszék: 22.0°C, Clouds, humidity: 77%
2026-07-02 07:44:35,887 - root - INFO - [992/1205] Fetching weather for Mecsekpölöske...
2026-07-02 07:44:35,981 - root - INFO - Fetched weather for Mecsekpölöske: 21.8°C, Clouds, humidity: 77%
2026-07-02 07:44:37,082 - root - INFO - [993/1205] Fetching weather for Mecsekjánosi...
2026-07-02 07:44:37,169 - root - INFO - Fetched weather for Mecsekjánosi: 21.8°C, Clouds, humidity: 77%
2026-07-02 07:44:38,270 - root - INFO - [994/1205] Fetching weather for Komló...
2026-07-02 07:44:38,358 - root - INFO - Fetched weather for Komló: 22.0°C, Clouds, humidity: 77%
2026-07-02 07:44:39,459 - root - INFO - [995/1205] Fetching weather for Királyegyháza-Rigópuszta...
2026-07-02 07:44:39,552 - root - INFO - Fetched weather for Királyegyháza-Rigópuszta: 22.3°C, Clouds, humidity: 72%
2026-07-02 07:44:40,653 - root - INFO - [996/1205] Fetching weather for Sumony...
2026-07-02 07:44:40,745 - root - INFO - Fetched weather for Sumony: 22.4°C, Rain, humidity: 70%
2026-07-02 07:44:41,846 - root - INFO - [997/1205] Fetching weather for Okorág-Kárászpuszta...
2026-07-02 07:44:41,942 - root - INFO - Fetched weather for Okorág-Kárászpuszta: 22.3°C, Rain, humidity: 70%
2026-07-02 07:44:43,043 - root - INFO - [998/1205] Fetching weather for Kákics...
2026-07-02 07:44:43,133 - root - INFO - Fetched weather for Kákics: 22.2°C, Rain, humidity: 70%
2026-07-02 07:44:44,234 - root - INFO - [999/1205] Fetching weather for Bóly...
2026-07-02 07:44:44,327 - root - INFO - Fetched weather for Bóly: 22.0°C, Clouds, humidity: 75%
2026-07-02 07:44:45,429 - root - INFO - [1000/1205] Fetching weather for Mohács...
2026-07-02 07:44:45,525 - root - INFO - Fetched weather for Mohács: 22.3°C, Clouds, humidity: 72%
2026-07-02 07:44:46,626 - root - INFO - [1001/1205] Fetching weather for Sellye...
2026-07-02 07:44:46,721 - root - INFO - Fetched weather for Sellye: 22.2°C, Rain, humidity: 72%
2026-07-02 07:44:47,822 - root - INFO - [1002/1205] Fetching weather for Toponár...
2026-07-02 07:44:47,915 - root - INFO - Fetched weather for Toponár: 22.2°C, Clouds, humidity: 66%
2026-07-02 07:44:49,016 - root - INFO - [1003/1205] Fetching weather for Somogyaszaló...
2026-07-02 07:44:49,128 - root - INFO - Fetched weather for Somogyaszaló: 22.1°C, Clouds, humidity: 65%
2026-07-02 07:44:50,230 - root - INFO - [1004/1205] Fetching weather for Mernye...
2026-07-02 07:44:50,338 - root - INFO - Fetched weather for Mernye: 22.2°C, Clouds, humidity: 64%
2026-07-02 07:44:51,439 - root - INFO - [1005/1205] Fetching weather for Felsőmocsolád...
2026-07-02 07:44:51,530 - root - INFO - Fetched weather for Felsőmocsolád: 22.0°C, Clouds, humidity: 64%
2026-07-02 07:44:52,632 - root - INFO - [1006/1205] Fetching weather for Kisbárapáti...
2026-07-02 07:44:52,729 - root - INFO - Fetched weather for Kisbárapáti: 21.8°C, Clouds, humidity: 65%
2026-07-02 07:44:53,831 - root - INFO - [1007/1205] Fetching weather for Bonnya...
2026-07-02 07:44:53,931 - root - INFO - Fetched weather for Bonnya: 22.1°C, Clouds, humidity: 66%
2026-07-02 07:44:55,032 - root - INFO - [1008/1205] Fetching weather for Andocs...
2026-07-02 07:44:55,137 - root - INFO - Fetched weather for Andocs: 21.5°C, Clouds, humidity: 65%
2026-07-02 07:44:56,238 - root - INFO - [1009/1205] Fetching weather for Karád...
2026-07-02 07:44:56,330 - root - INFO - Fetched weather for Karád: 21.4°C, Clouds, humidity: 65%
2026-07-02 07:44:57,431 - root - INFO - [1010/1205] Fetching weather for Somogymeggyes...
2026-07-02 07:44:57,528 - root - INFO - Fetched weather for Somogymeggyes: 20.9°C, Clouds, humidity: 65%
2026-07-02 07:44:58,629 - root - INFO - [1011/1205] Fetching weather for Kapoly...
2026-07-02 07:44:58,717 - root - INFO - Fetched weather for Kapoly: 21.2°C, Clouds, humidity: 66%
2026-07-02 07:44:59,819 - root - INFO - [1012/1205] Fetching weather for Tab...
2026-07-02 07:44:59,907 - root - INFO - Fetched weather for Tab: 22.5°C, Clouds, humidity: 67%
2026-07-02 07:45:01,008 - root - INFO - [1013/1205] Fetching weather for Bábonymegyer...
2026-07-02 07:45:01,100 - root - INFO - Fetched weather for Bábonymegyer: 22.6°C, Clouds, humidity: 85%
2026-07-02 07:45:02,202 - root - INFO - [1014/1205] Fetching weather for Daránypuszta...
2026-07-02 07:45:02,297 - root - INFO - Fetched weather for Daránypuszta: 22.6°C, Clouds, humidity: 85%
2026-07-02 07:45:03,399 - root - INFO - [1015/1205] Fetching weather for Som-Nagyberény...
2026-07-02 07:45:03,494 - root - INFO - Fetched weather for Som-Nagyberény: 22.6°C, Clouds, humidity: 85%
2026-07-02 07:45:04,596 - root - INFO - [1016/1205] Fetching weather for Ádánd...
2026-07-02 07:45:04,689 - root - INFO - Fetched weather for Ádánd: 22.7°C, Clouds, humidity: 85%
2026-07-02 07:45:05,791 - root - INFO - [1017/1205] Fetching weather for Siójut...
2026-07-02 07:45:05,884 - root - INFO - Fetched weather for Siójut: 22.7°C, Clouds, humidity: 85%
2026-07-02 07:45:06,985 - root - INFO - [1018/1205] Fetching weather for Kapostüskevár...
2026-07-02 07:45:07,078 - root - INFO - Fetched weather for Kapostüskevár: 22.4°C, Clouds, humidity: 64%
2026-07-02 07:45:08,179 - root - INFO - [1019/1205] Fetching weather for Kaposfüred...
2026-07-02 07:45:08,274 - root - INFO - Fetched weather for Kaposfüred: 22.2°C, Clouds, humidity: 63%
2026-07-02 07:45:09,375 - root - INFO - [1020/1205] Fetching weather for Várda...
2026-07-02 07:45:09,475 - root - INFO - Fetched weather for Várda: 22.2°C, Clouds, humidity: 60%
2026-07-02 07:45:10,577 - root - INFO - [1021/1205] Fetching weather for Somogyjád...
2026-07-02 07:45:10,671 - root - INFO - Fetched weather for Somogyjád: 22.3°C, Clouds, humidity: 59%
2026-07-02 07:45:11,772 - root - INFO - [1022/1205] Fetching weather for Osztopán...
2026-07-02 07:45:11,863 - root - INFO - Fetched weather for Osztopán: 22.3°C, Clouds, humidity: 58%
2026-07-02 07:45:12,964 - root - INFO - [1023/1205] Fetching weather for Pamuk...
2026-07-02 07:45:13,057 - root - INFO - Fetched weather for Pamuk: 22.4°C, Clouds, humidity: 58%
2026-07-02 07:45:14,159 - root - INFO - [1024/1205] Fetching weather for Somogyvár...
2026-07-02 07:45:14,251 - root - INFO - Fetched weather for Somogyvár: 22.4°C, Clouds, humidity: 59%
2026-07-02 07:45:15,353 - root - INFO - [1025/1205] Fetching weather for Öreglak...
2026-07-02 07:45:15,450 - root - INFO - Fetched weather for Öreglak: 22.4°C, Clouds, humidity: 59%
2026-07-02 07:45:16,552 - root - INFO - [1026/1205] Fetching weather for Tatárvár...
2026-07-02 07:45:16,649 - root - INFO - Fetched weather for Tatárvár: 22.3°C, Clouds, humidity: 59%
2026-07-02 07:45:17,751 - root - INFO - [1027/1205] Fetching weather for Lengyeltóti...
2026-07-02 07:45:17,849 - root - INFO - Fetched weather for Lengyeltóti: 22.3°C, Clouds, humidity: 60%
2026-07-02 07:45:18,950 - root - INFO - [1028/1205] Fetching weather for Pusztaberény...
2026-07-02 07:45:19,043 - root - INFO - Fetched weather for Pusztaberény: 22.4°C, Clouds, humidity: 60%
2026-07-02 07:45:20,145 - root - INFO - [1029/1205] Fetching weather for Örkény...
2026-07-02 07:45:20,232 - root - INFO - Fetched weather for Örkény: 24.3°C, Clouds, humidity: 59%
2026-07-02 07:45:21,334 - root - INFO - [1030/1205] Fetching weather for Táborfalva...
2026-07-02 07:45:21,428 - root - INFO - Fetched weather for Táborfalva: 26.6°C, Clouds, humidity: 58%
2026-07-02 07:45:22,530 - root - INFO - [1031/1205] Fetching weather for Felsőlajos...
2026-07-02 07:45:22,619 - root - INFO - Fetched weather for Felsőlajos: 26.6°C, Clouds, humidity: 58%
2026-07-02 07:45:23,721 - root - INFO - [1032/1205] Fetching weather for Lajosmizse...
2026-07-02 07:45:23,814 - root - INFO - Fetched weather for Lajosmizse: 26.6°C, Clouds, humidity: 65%
2026-07-02 07:45:24,916 - root - INFO - [1033/1205] Fetching weather for Lajosmizse alsó...
2026-07-02 07:45:25,002 - root - INFO - Fetched weather for Lajosmizse alsó: 26.6°C, Clouds, humidity: 65%
2026-07-02 07:45:26,103 - root - INFO - [1034/1205] Fetching weather for Klábertelep...
2026-07-02 07:45:26,201 - root - INFO - Fetched weather for Klábertelep: 26.6°C, Clouds, humidity: 65%
2026-07-02 07:45:27,303 - root - INFO - [1035/1205] Fetching weather for Méntelek...
2026-07-02 07:45:27,396 - root - INFO - Fetched weather for Méntelek: 26.6°C, Clouds, humidity: 65%
2026-07-02 07:45:28,497 - root - INFO - [1036/1205] Fetching weather for Hetényegyháza...
2026-07-02 07:45:28,595 - root - INFO - Fetched weather for Hetényegyháza: 26.6°C, Clouds, humidity: 65%
2026-07-02 07:45:29,696 - root - INFO - [1037/1205] Fetching weather for Kecskemét-Máriaváros...
2026-07-02 07:45:29,794 - root - INFO - Fetched weather for Kecskemét-Máriaváros: 26.7°C, Clouds, humidity: 65%
2026-07-02 07:45:30,895 - root - INFO - [1038/1205] Fetching weather for Nyársapát...
2026-07-02 07:45:30,989 - root - INFO - Fetched weather for Nyársapát: 26.6°C, Clouds, humidity: 56%
2026-07-02 07:45:32,091 - root - INFO - [1039/1205] Fetching weather for Nagykőrös...
2026-07-02 07:45:32,187 - root - INFO - Fetched weather for Nagykőrös: 26.7°C, Clouds, humidity: 65%
2026-07-02 07:45:33,288 - root - INFO - [1040/1205] Fetching weather for Katonatelep...
2026-07-02 07:45:33,389 - root - INFO - Fetched weather for Katonatelep: 26.6°C, Clouds, humidity: 65%
2026-07-02 07:45:34,491 - root - INFO - [1041/1205] Fetching weather for Kecskemét...
2026-07-02 07:45:34,581 - root - INFO - Fetched weather for Kecskemét: 26.7°C, Clouds, humidity: 65%
2026-07-02 07:45:35,683 - root - INFO - [1042/1205] Fetching weather for Városföld...
2026-07-02 07:45:35,776 - root - INFO - Fetched weather for Városföld: 26.7°C, Clouds, humidity: 65%
2026-07-02 07:45:36,878 - root - INFO - [1043/1205] Fetching weather for Kiskunfélegyháza...
2026-07-02 07:45:36,970 - root - INFO - Fetched weather for Kiskunfélegyháza: 28.9°C, Clouds, humidity: 55%
2026-07-02 07:45:38,072 - root - INFO - [1044/1205] Fetching weather for Petőfiszállás...
2026-07-02 07:45:38,166 - root - INFO - Fetched weather for Petőfiszállás: 28.9°C, Clouds, humidity: 55%
2026-07-02 07:45:39,268 - root - INFO - [1045/1205] Fetching weather for Csengele...
2026-07-02 07:45:39,374 - root - INFO - Fetched weather for Csengele: 28.9°C, Clouds, humidity: 55%
2026-07-02 07:45:40,476 - root - INFO - [1046/1205] Fetching weather for Kistelek...
2026-07-02 07:45:40,571 - root - INFO - Fetched weather for Kistelek: 26.7°C, Clouds, humidity: 72%
2026-07-02 07:45:41,672 - root - INFO - [1047/1205] Fetching weather for Balástya...
2026-07-02 07:45:41,763 - root - INFO - Fetched weather for Balástya: 26.7°C, Clouds, humidity: 72%
2026-07-02 07:45:42,865 - root - INFO - [1048/1205] Fetching weather for Szatymaz...
2026-07-02 07:45:42,962 - root - INFO - Fetched weather for Szatymaz: 26.7°C, Clouds, humidity: 72%
2026-07-02 07:45:44,063 - root - INFO - [1049/1205] Fetching weather for Kiskundorozsma...
2026-07-02 07:45:44,155 - root - INFO - Fetched weather for Kiskundorozsma: 26.8°C, Clouds, humidity: 72%
2026-07-02 07:45:45,257 - root - INFO - [1050/1205] Fetching weather for Szeged...
2026-07-02 07:45:45,346 - root - INFO - Fetched weather for Szeged: 26.7°C, Clouds, humidity: 72%
2026-07-02 07:45:46,448 - root - INFO - [1051/1205] Fetching weather for Alsóúrrét...
2026-07-02 07:45:46,542 - root - INFO - Fetched weather for Alsóúrrét: 27.3°C, Clouds, humidity: 65%
2026-07-02 07:45:47,643 - root - INFO - [1052/1205] Fetching weather for Nyárlőrinc...
2026-07-02 07:45:47,740 - root - INFO - Fetched weather for Nyárlőrinc: 28.8°C, Clouds, humidity: 55%
2026-07-02 07:45:48,841 - root - INFO - [1053/1205] Fetching weather for Világoshegy...
2026-07-02 07:45:48,935 - root - INFO - Fetched weather for Világoshegy: 28.9°C, Clouds, humidity: 55%
2026-07-02 07:45:50,037 - root - INFO - [1054/1205] Fetching weather for Szikra...
2026-07-02 07:45:50,129 - root - INFO - Fetched weather for Szikra: 28.9°C, Clouds, humidity: 55%
2026-07-02 07:45:51,231 - root - INFO - [1055/1205] Fetching weather for Lakitelek...
2026-07-02 07:45:51,322 - root - INFO - Fetched weather for Lakitelek: 28.9°C, Clouds, humidity: 57%
2026-07-02 07:45:52,424 - root - INFO - [1056/1205] Fetching weather for Tiszaug...
2026-07-02 07:45:52,515 - root - INFO - Fetched weather for Tiszaug: 28.6°C, Clouds, humidity: 57%
2026-07-02 07:45:53,616 - root - INFO - [1057/1205] Fetching weather for Tiszasas...
2026-07-02 07:45:53,710 - root - INFO - Fetched weather for Tiszasas: 29.0°C, Clouds, humidity: 57%
2026-07-02 07:45:54,811 - root - INFO - [1058/1205] Fetching weather for Csépa...
2026-07-02 07:45:54,904 - root - INFO - Fetched weather for Csépa: 26.1°C, Clouds, humidity: 61%
2026-07-02 07:45:56,006 - root - INFO - [1059/1205] Fetching weather for Szelevény...
2026-07-02 07:45:56,098 - root - INFO - Fetched weather for Szelevény: 26.1°C, Clouds, humidity: 61%
2026-07-02 07:45:57,199 - root - INFO - [1060/1205] Fetching weather for Gátér...
2026-07-02 07:45:57,292 - root - INFO - Fetched weather for Gátér: 29.0°C, Clouds, humidity: 55%
2026-07-02 07:45:58,394 - root - INFO - [1061/1205] Fetching weather for Kónyaszék...
2026-07-02 07:45:58,494 - root - INFO - Fetched weather for Kónyaszék: 26.1°C, Clouds, humidity: 61%
2026-07-02 07:45:59,596 - root - INFO - [1062/1205] Fetching weather for Csongrád...
2026-07-02 07:45:59,684 - root - INFO - Fetched weather for Csongrád: 26.1°C, Clouds, humidity: 61%
2026-07-02 07:46:00,786 - root - INFO - [1063/1205] Fetching weather for Hékéd...
2026-07-02 07:46:00,885 - root - INFO - Fetched weather for Hékéd: 26.1°C, Clouds, humidity: 61%
2026-07-02 07:46:01,986 - root - INFO - [1064/1205] Fetching weather for Fábiánsebestyén...
2026-07-02 07:46:02,081 - root - INFO - Fetched weather for Fábiánsebestyén: 26.1°C, Clouds, humidity: 61%
2026-07-02 07:46:03,183 - root - INFO - [1065/1205] Fetching weather for Gádoros...
2026-07-02 07:46:03,286 - root - INFO - Fetched weather for Gádoros: 26.1°C, Clouds, humidity: 62%
2026-07-02 07:46:04,387 - root - INFO - [1066/1205] Fetching weather for Justhmajor...
2026-07-02 07:46:04,482 - root - INFO - Fetched weather for Justhmajor: 26.1°C, Clouds, humidity: 63%
2026-07-02 07:46:05,583 - root - INFO - [1067/1205] Fetching weather for Szentetornya...
2026-07-02 07:46:05,677 - root - INFO - Fetched weather for Szentetornya: 26.1°C, Clouds, humidity: 63%
2026-07-02 07:46:06,778 - root - INFO - [1068/1205] Fetching weather for Gyopárosfürdő...
2026-07-02 07:46:06,873 - root - INFO - Fetched weather for Gyopárosfürdő: 26.1°C, Clouds, humidity: 64%
2026-07-02 07:46:07,975 - root - INFO - [1069/1205] Fetching weather for Szabadságliget...
2026-07-02 07:46:08,070 - root - INFO - Fetched weather for Szabadságliget: 21.7°C, Clouds, humidity: 74%
2026-07-02 07:46:09,172 - root - INFO - [1070/1205] Fetching weather for Röszke...
2026-07-02 07:46:09,264 - root - INFO - Fetched weather for Röszke: 26.8°C, Clouds, humidity: 72%
2026-07-02 07:46:10,365 - root - INFO - [1071/1205] Fetching weather for Tószeg...
2026-07-02 07:46:10,457 - root - INFO - Fetched weather for Tószeg: 27.2°C, Clouds, humidity: 61%
2026-07-02 07:46:11,559 - root - INFO - [1072/1205] Fetching weather for Tiszavárkony...
2026-07-02 07:46:11,660 - root - INFO - Fetched weather for Tiszavárkony: 27.2°C, Clouds, humidity: 61%
2026-07-02 07:46:12,761 - root - INFO - [1073/1205] Fetching weather for Tiszajenő-Vezseny...
2026-07-02 07:46:12,855 - root - INFO - Fetched weather for Tiszajenő-Vezseny: 27.2°C, Clouds, humidity: 61%
2026-07-02 07:46:13,956 - root - INFO - [1074/1205] Fetching weather for Újbög...
2026-07-02 07:46:14,052 - root - INFO - Fetched weather for Újbög: 27.2°C, Clouds, humidity: 61%
2026-07-02 07:46:15,153 - root - INFO - [1075/1205] Fetching weather for Tiszakécske...
2026-07-02 07:46:15,246 - root - INFO - Fetched weather for Tiszakécske: 27.2°C, Clouds, humidity: 61%
2026-07-02 07:46:16,347 - root - INFO - [1076/1205] Fetching weather for Kerekdomb...
2026-07-02 07:46:16,442 - root - INFO - Fetched weather for Kerekdomb: 27.2°C, Clouds, humidity: 57%
2026-07-02 07:46:17,543 - root - INFO - [1077/1205] Fetching weather for Tiszaalpár...
2026-07-02 07:46:17,641 - root - INFO - Fetched weather for Tiszaalpár: 28.9°C, Clouds, humidity: 55%
2026-07-02 07:46:18,743 - root - INFO - [1078/1205] Fetching weather for Tiszaalpár alsó...
2026-07-02 07:46:18,834 - root - INFO - Fetched weather for Tiszaalpár alsó: 28.9°C, Clouds, humidity: 55%
2026-07-02 07:46:19,935 - root - INFO - [1079/1205] Fetching weather for Tiszatenyő...
2026-07-02 07:46:20,032 - root - INFO - Fetched weather for Tiszatenyő: 27.2°C, Clouds, humidity: 61%
2026-07-02 07:46:21,133 - root - INFO - [1080/1205] Fetching weather for Pusztapó...
2026-07-02 07:46:21,233 - root - INFO - Fetched weather for Pusztapó: 27.2°C, Clouds, humidity: 58%
2026-07-02 07:46:22,334 - root - INFO - [1081/1205] Fetching weather for Kétpó...
2026-07-02 07:46:22,429 - root - INFO - Fetched weather for Kétpó: 27.2°C, Clouds, humidity: 59%
2026-07-02 07:46:23,530 - root - INFO - [1082/1205] Fetching weather for Mezőtúr...
2026-07-02 07:46:23,628 - root - INFO - Fetched weather for Mezőtúr: 26.1°C, Clouds, humidity: 60%
2026-07-02 07:46:24,729 - root - INFO - [1083/1205] Fetching weather for Nagylapos...
2026-07-02 07:46:24,830 - root - INFO - Fetched weather for Nagylapos: 26.1°C, Clouds, humidity: 61%
2026-07-02 07:46:25,932 - root - INFO - [1084/1205] Fetching weather for Gyoma...
2026-07-02 07:46:26,021 - root - INFO - Fetched weather for Gyoma: 26.1°C, Clouds, humidity: 62%
2026-07-02 07:46:27,123 - root - INFO - [1085/1205] Fetching weather for Csárdaszállás...
2026-07-02 07:46:27,229 - root - INFO - Fetched weather for Csárdaszállás: 27.8°C, Clouds, humidity: 63%
2026-07-02 07:46:28,330 - root - INFO - [1086/1205] Fetching weather for Mezőberény...
2026-07-02 07:46:28,427 - root - INFO - Fetched weather for Mezőberény: 27.8°C, Clouds, humidity: 57%
2026-07-02 07:46:29,528 - root - INFO - [1087/1205] Fetching weather for Murony...
2026-07-02 07:46:29,624 - root - INFO - Fetched weather for Murony: 27.8°C, Clouds, humidity: 57%
2026-07-02 07:46:30,725 - root - INFO - [1088/1205] Fetching weather for Békéscsaba...
2026-07-02 07:46:30,825 - root - INFO - Fetched weather for Békéscsaba: 27.8°C, Clouds, humidity: 57%
2026-07-02 07:46:31,926 - root - INFO - [1089/1205] Fetching weather for Kétegyháza...
2026-07-02 07:46:32,017 - root - INFO - Fetched weather for Kétegyháza: 27.7°C, Clouds, humidity: 57%
2026-07-02 07:46:33,119 - root - INFO - [1090/1205] Fetching weather for Lőkösháza...
2026-07-02 07:46:33,211 - root - INFO - Fetched weather for Lőkösháza: 26.2°C, Clouds, humidity: 72%
2026-07-02 07:46:34,312 - root - INFO - [1091/1205] Fetching weather for Kengyel...
2026-07-02 07:46:34,404 - root - INFO - Fetched weather for Kengyel: 27.2°C, Clouds, humidity: 61%
2026-07-02 07:46:35,505 - root - INFO - [1092/1205] Fetching weather for Bagimajor...
2026-07-02 07:46:35,598 - root - INFO - Fetched weather for Bagimajor: 27.2°C, Clouds, humidity: 61%
2026-07-02 07:46:36,699 - root - INFO - [1093/1205] Fetching weather for Martfű...
2026-07-02 07:46:36,793 - root - INFO - Fetched weather for Martfű: 27.2°C, Clouds, humidity: 61%
2026-07-02 07:46:37,895 - root - INFO - [1094/1205] Fetching weather for Tiszaföldvár...
2026-07-02 07:46:37,984 - root - INFO - Fetched weather for Tiszaföldvár: 27.2°C, Clouds, humidity: 61%
2026-07-02 07:46:39,086 - root - INFO - [1095/1205] Fetching weather for Homok...
2026-07-02 07:46:39,183 - root - INFO - Fetched weather for Homok: 27.2°C, Clouds, humidity: 61%
2026-07-02 07:46:40,284 - root - INFO - [1096/1205] Fetching weather for Kungyalu...
2026-07-02 07:46:40,377 - root - INFO - Fetched weather for Kungyalu: 27.2°C, Clouds, humidity: 58%
2026-07-02 07:46:41,479 - root - INFO - [1097/1205] Fetching weather for Kunszentmárton...
2026-07-02 07:46:41,568 - root - INFO - Fetched weather for Kunszentmárton: 26.1°C, Clouds, humidity: 59%
2026-07-02 07:46:42,670 - root - INFO - [1098/1205] Fetching weather for Nagytőke...
2026-07-02 07:46:42,758 - root - INFO - Fetched weather for Nagytőke: 26.1°C, Clouds, humidity: 61%
2026-07-02 07:46:43,859 - root - INFO - [1099/1205] Fetching weather for Szentes...
2026-07-02 07:46:43,950 - root - INFO - Fetched weather for Szentes: 26.1°C, Clouds, humidity: 61%
2026-07-02 07:46:45,051 - root - INFO - [1100/1205] Fetching weather for Szegvár...
2026-07-02 07:46:45,145 - root - INFO - Fetched weather for Szegvár: 26.1°C, Clouds, humidity: 61%
2026-07-02 07:46:46,246 - root - INFO - [1101/1205] Fetching weather for Mindszent...
2026-07-02 07:46:46,338 - root - INFO - Fetched weather for Mindszent: 26.1°C, Clouds, humidity: 61%
2026-07-02 07:46:47,440 - root - INFO - [1102/1205] Fetching weather for Mártély...
2026-07-02 07:46:47,535 - root - INFO - Fetched weather for Mártély: 26.1°C, Clouds, humidity: 62%
2026-07-02 07:46:48,636 - root - INFO - [1103/1205] Fetching weather for Pusztabánréve...
2026-07-02 07:46:48,725 - root - INFO - Fetched weather for Pusztabánréve: 26.2°C, Clouds, humidity: 60%
2026-07-02 07:46:49,826 - root - INFO - [1104/1205] Fetching weather for Szarvas...
2026-07-02 07:46:49,916 - root - INFO - Fetched weather for Szarvas: 26.2°C, Clouds, humidity: 60%
2026-07-02 07:46:51,017 - root - INFO - [1105/1205] Fetching weather for Csabacsűd...
2026-07-02 07:46:51,111 - root - INFO - Fetched weather for Csabacsűd: 26.3°C, Clouds, humidity: 61%
2026-07-02 07:46:52,212 - root - INFO - [1106/1205] Fetching weather for Kisszénás...
2026-07-02 07:46:52,305 - root - INFO - Fetched weather for Kisszénás: 26.3°C, Clouds, humidity: 62%
2026-07-02 07:46:53,407 - root - INFO - [1107/1205] Fetching weather for Kiscsákó...
2026-07-02 07:46:53,520 - root - INFO - Fetched weather for Kiscsákó: 26.3°C, Clouds, humidity: 62%
2026-07-02 07:46:54,621 - root - INFO - [1108/1205] Fetching weather for Nagyszénás...
2026-07-02 07:46:54,710 - root - INFO - Fetched weather for Nagyszénás: 26.3°C, Clouds, humidity: 62%
2026-07-02 07:46:55,811 - root - INFO - [1109/1205] Fetching weather for Kardoskút...
2026-07-02 07:46:55,907 - root - INFO - Fetched weather for Kardoskút: 26.3°C, Clouds, humidity: 65%
2026-07-02 07:46:57,008 - root - INFO - [1110/1205] Fetching weather for Tótkomlós...
2026-07-02 07:46:57,104 - root - INFO - Fetched weather for Tótkomlós: 26.2°C, Clouds, humidity: 68%
2026-07-02 07:46:58,205 - root - INFO - [1111/1205] Fetching weather for Nagyér...
2026-07-02 07:46:58,298 - root - INFO - Fetched weather for Nagyér: 26.2°C, Clouds, humidity: 69%
2026-07-02 07:46:59,400 - root - INFO - [1112/1205] Fetching weather for Pitvaros...
2026-07-02 07:46:59,499 - root - INFO - Fetched weather for Pitvaros: 26.1°C, Clouds, humidity: 70%
2026-07-02 07:47:00,601 - root - INFO - [1113/1205] Fetching weather for Dévaványa...
2026-07-02 07:47:00,698 - root - INFO - Fetched weather for Dévaványa: 25.9°C, Clouds, humidity: 64%
2026-07-02 07:47:01,800 - root - INFO - [1114/1205] Fetching weather for Körösladány...
2026-07-02 07:47:01,904 - root - INFO - Fetched weather for Körösladány: 25.9°C, Clouds, humidity: 64%
2026-07-02 07:47:03,006 - root - INFO - [1115/1205] Fetching weather for Szeghalom...
2026-07-02 07:47:03,095 - root - INFO - Fetched weather for Szeghalom: 25.8°C, Clouds, humidity: 66%
2026-07-02 07:47:04,196 - root - INFO - [1116/1205] Fetching weather for Vésztő...
2026-07-02 07:47:04,286 - root - INFO - Fetched weather for Vésztő: 25.9°C, Clouds, humidity: 65%
2026-07-02 07:47:05,388 - root - INFO - [1117/1205] Fetching weather for Szeged-Rókus...
2026-07-02 07:47:05,490 - root - INFO - Fetched weather for Szeged-Rókus: 26.8°C, Clouds, humidity: 72%
2026-07-02 07:47:06,592 - root - INFO - [1118/1205] Fetching weather for Algyő...
2026-07-02 07:47:06,685 - root - INFO - Fetched weather for Algyő: 26.8°C, Clouds, humidity: 63%
2026-07-02 07:47:07,787 - root - INFO - [1119/1205] Fetching weather for Hódmezővásárhelyi Népkert...
2026-07-02 07:47:07,880 - root - INFO - Fetched weather for Hódmezővásárhelyi Népkert: 26.1°C, Clouds, humidity: 63%
2026-07-02 07:47:08,981 - root - INFO - [1120/1205] Fetching weather for Hódmezővásárhely...
2026-07-02 07:47:09,076 - root - INFO - Fetched weather for Hódmezővásárhely: 26.1°C, Clouds, humidity: 63%
2026-07-02 07:47:10,177 - root - INFO - [1121/1205] Fetching weather for Körmend...
2026-07-02 07:47:10,272 - root - INFO - Fetched weather for Körmend: 25.7°C, Clouds, humidity: 51%
2026-07-02 07:47:11,374 - root - INFO - [1122/1205] Fetching weather for Szentgotthárd...
2026-07-02 07:47:11,467 - root - INFO - Fetched weather for Szentgotthárd: 23.1°C, Clouds, humidity: 55%
2026-07-02 07:47:12,568 - root - INFO - [1123/1205] Fetching weather for Szombathely...
2026-07-02 07:47:12,658 - root - INFO - Fetched weather for Szombathely: 22.3°C, Clouds, humidity: 55%
2026-07-02 07:47:13,760 - root - INFO - [1124/1205] Fetching weather for Sáferkút...
2026-07-02 07:47:13,855 - root - INFO - Fetched weather for Sáferkút: 22.4°C, Clouds, humidity: 77%
2026-07-02 07:47:14,957 - root - INFO - [1125/1205] Fetching weather for Magdolnavölgy...
2026-07-02 07:47:15,057 - root - INFO - Fetched weather for Magdolnavölgy: 21.6°C, Clouds, humidity: 77%
2026-07-02 07:47:16,159 - root - INFO - [1126/1205] Fetching weather for Haris...
2026-07-02 07:47:16,252 - root - INFO - Fetched weather for Haris: 23.1°C, Clouds, humidity: 53%
2026-07-02 07:47:17,354 - root - INFO - [1127/1205] Fetching weather for Egyházasrádóc...
2026-07-02 07:47:17,444 - root - INFO - Fetched weather for Egyházasrádóc: 22.7°C, Clouds, humidity: 53%
2026-07-02 07:47:18,545 - root - INFO - [1128/1205] Fetching weather for Alsórönök...
2026-07-02 07:47:18,640 - root - INFO - Fetched weather for Alsórönök: 23.0°C, Clouds, humidity: 52%
2026-07-02 07:47:19,741 - root - INFO - [1129/1205] Fetching weather for Szombathely-Szőlős...
2026-07-02 07:47:19,833 - root - INFO - Fetched weather for Szombathely-Szőlős: 22.3°C, Clouds, humidity: 55%
2026-07-02 07:47:20,935 - root - INFO - [1130/1205] Fetching weather for Rátót...
2026-07-02 07:47:21,029 - root - INFO - Fetched weather for Rátót: 22.7°C, Clouds, humidity: 51%
2026-07-02 07:47:22,130 - root - INFO - [1131/1205] Fetching weather for Ják-Balogunyom...
2026-07-02 07:47:22,227 - root - INFO - Fetched weather for Ják-Balogunyom: 22.4°C, Clouds, humidity: 53%
2026-07-02 07:47:23,328 - root - INFO - [1132/1205] Fetching weather for Vasvár...
2026-07-02 07:47:23,420 - root - INFO - Fetched weather for Vasvár: 25.8°C, Clouds, humidity: 51%
2026-07-02 07:47:24,521 - root - INFO - [1133/1205] Fetching weather for Répcelak...
2026-07-02 07:47:24,635 - root - INFO - Fetched weather for Répcelak: 23.6°C, Clouds, humidity: 56%
2026-07-02 07:47:25,736 - root - INFO - [1134/1205] Fetching weather for Rajka...
2026-07-02 07:47:25,834 - root - INFO - Fetched weather for Rajka: 23.1°C, Clouds, humidity: 63%
2026-07-02 07:47:26,936 - root - INFO - [1135/1205] Fetching weather for Püspökmolnári...
2026-07-02 07:47:27,036 - root - INFO - Fetched weather for Püspökmolnári: 25.7°C, Clouds, humidity: 51%
2026-07-02 07:47:28,137 - root - INFO - [1136/1205] Fetching weather for Kőszeg...
2026-07-02 07:47:28,230 - root - INFO - Fetched weather for Kőszeg: 21.9°C, Clouds, humidity: 62%
2026-07-02 07:47:29,332 - root - INFO - [1137/1205] Fetching weather for Kastélypark...
2026-07-02 07:47:29,430 - root - INFO - Fetched weather for Kastélypark: 24.0°C, Clouds, humidity: 68%
2026-07-02 07:47:30,531 - root - INFO - [1138/1205] Fetching weather for Hanságliget...
2026-07-02 07:47:30,628 - root - INFO - Fetched weather for Hanságliget: 21.7°C, Clouds, humidity: 56%
2026-07-02 07:47:31,730 - root - INFO - [1139/1205] Fetching weather for Vica...
2026-07-02 07:47:31,823 - root - INFO - Fetched weather for Vica: 23.6°C, Clouds, humidity: 55%
2026-07-02 07:47:32,925 - root - INFO - [1140/1205] Fetching weather for Vép...
2026-07-02 07:47:33,018 - root - INFO - Fetched weather for Vép: 22.4°C, Clouds, humidity: 55%
2026-07-02 07:47:34,120 - root - INFO - [1141/1205] Fetching weather for Mosonszolnok...
2026-07-02 07:47:34,214 - root - INFO - Fetched weather for Mosonszolnok: 21.8°C, Clouds, humidity: 57%
2026-07-02 07:47:35,316 - root - INFO - [1142/1205] Fetching weather for Jánossomorja...
2026-07-02 07:47:35,407 - root - INFO - Fetched weather for Jánossomorja: 21.7°C, Clouds, humidity: 63%
2026-07-02 07:47:36,509 - root - INFO - [1143/1205] Fetching weather for Bősárkány...
2026-07-02 07:47:36,601 - root - INFO - Fetched weather for Bősárkány: 21.7°C, Clouds, humidity: 56%
2026-07-02 07:47:37,703 - root - INFO - [1144/1205] Fetching weather for Szil-Sopronnémeti...
2026-07-02 07:47:37,798 - root - INFO - Fetched weather for Szil-Sopronnémeti: 21.6°C, Clouds, humidity: 56%
2026-07-02 07:47:38,899 - root - INFO - [1145/1205] Fetching weather for Magyarkeresztúr-Zsebeháza...
2026-07-02 07:47:38,992 - root - INFO - Fetched weather for Magyarkeresztúr-Zsebeháza: 21.6°C, Clouds, humidity: 55%
2026-07-02 07:47:40,093 - root - INFO - [1146/1205] Fetching weather for Páli-Vadosfa...
2026-07-02 07:47:40,185 - root - INFO - Fetched weather for Páli-Vadosfa: 21.6°C, Clouds, humidity: 55%
2026-07-02 07:47:41,286 - root - INFO - [1147/1205] Fetching weather for Beled...
2026-07-02 07:47:41,391 - root - INFO - Fetched weather for Beled: 23.6°C, Clouds, humidity: 55%
2026-07-02 07:47:42,492 - root - INFO - [1148/1205] Fetching weather for Dénesfa...
2026-07-02 07:47:42,585 - root - INFO - Fetched weather for Dénesfa: 23.6°C, Clouds, humidity: 56%
2026-07-02 07:47:43,686 - root - INFO - [1149/1205] Fetching weather for Csánig...
2026-07-02 07:47:43,776 - root - INFO - Fetched weather for Csánig: 23.6°C, Clouds, humidity: 56%
2026-07-02 07:47:44,877 - root - INFO - [1150/1205] Fetching weather for Vámoscsalád...
2026-07-02 07:47:44,965 - root - INFO - Fetched weather for Vámoscsalád: 22.6°C, Clouds, humidity: 56%
2026-07-02 07:47:46,067 - root - INFO - [1151/1205] Fetching weather for Vasegerszeg...
2026-07-02 07:47:46,155 - root - INFO - Fetched weather for Vasegerszeg: 22.7°C, Clouds, humidity: 56%
2026-07-02 07:47:47,256 - root - INFO - [1152/1205] Fetching weather for Hegyfalu...
2026-07-02 07:47:47,354 - root - INFO - Fetched weather for Hegyfalu: 22.6°C, Clouds, humidity: 56%
2026-07-02 07:47:48,455 - root - INFO - [1153/1205] Fetching weather for Pósfa...
2026-07-02 07:47:48,544 - root - INFO - Fetched weather for Pósfa: 22.6°C, Clouds, humidity: 56%
2026-07-02 07:47:49,646 - root - INFO - [1154/1205] Fetching weather for Ölbő-Alsószeleste...
2026-07-02 07:47:49,738 - root - INFO - Fetched weather for Ölbő-Alsószeleste: 22.6°C, Clouds, humidity: 56%
2026-07-02 07:47:50,840 - root - INFO - [1155/1205] Fetching weather for Gencsapáti felső...
2026-07-02 07:47:50,930 - root - INFO - Fetched weather for Gencsapáti felső: 22.1°C, Clouds, humidity: 62%
2026-07-02 07:47:52,031 - root - INFO - [1156/1205] Fetching weather for Lukácsháza alsó...
2026-07-02 07:47:52,131 - root - INFO - Fetched weather for Lukácsháza alsó: 22.1°C, Clouds, humidity: 62%
2026-07-02 07:47:53,233 - root - INFO - [1157/1205] Fetching weather for Kőszegfalva...
2026-07-02 07:47:53,323 - root - INFO - Fetched weather for Kőszegfalva: 21.9°C, Clouds, humidity: 62%
2026-07-02 07:47:54,425 - root - INFO - [1158/1205] Fetching weather for Gyöngyöshermán...
2026-07-02 07:47:54,518 - root - INFO - Fetched weather for Gyöngyöshermán: 22.3°C, Clouds, humidity: 55%
2026-07-02 07:47:55,620 - root - INFO - [1159/1205] Fetching weather for Bezenye...
2026-07-02 07:47:55,709 - root - INFO - Fetched weather for Bezenye: 23.1°C, Clouds, humidity: 62%
2026-07-02 07:47:56,810 - root - INFO - [1160/1205] Fetching weather for Kámon...
2026-07-02 07:47:56,903 - root - INFO - Fetched weather for Kámon: 22.2°C, Clouds, humidity: 62%
2026-07-02 07:47:58,005 - root - INFO - [1161/1205] Fetching weather for Sorkifalud...
2026-07-02 07:47:58,097 - root - INFO - Fetched weather for Sorkifalud: 22.9°C, Clouds, humidity: 53%
2026-07-02 07:47:59,199 - root - INFO - [1162/1205] Fetching weather for Szentléránt...
2026-07-02 07:47:59,290 - root - INFO - Fetched weather for Szentléránt: 22.9°C, Clouds, humidity: 53%
2026-07-02 07:48:00,391 - root - INFO - [1163/1205] Fetching weather for Pácsony...
2026-07-02 07:48:00,487 - root - INFO - Fetched weather for Pácsony: 25.8°C, Clouds, humidity: 46%
2026-07-02 07:48:01,588 - root - INFO - [1164/1205] Fetching weather for Győrvár...
2026-07-02 07:48:01,678 - root - INFO - Fetched weather for Győrvár: 25.8°C, Clouds, humidity: 46%
2026-07-02 07:48:02,779 - root - INFO - [1165/1205] Fetching weather for Egervár-Vasboldogasszony...
2026-07-02 07:48:02,870 - root - INFO - Fetched weather for Egervár-Vasboldogasszony: 26.0°C, Clouds, humidity: 46%
2026-07-02 07:48:03,971 - root - INFO - [1166/1205] Fetching weather for Zalaszentlőrinc...
2026-07-02 07:48:04,062 - root - INFO - Fetched weather for Zalaszentlőrinc: 26.0°C, Clouds, humidity: 46%
2026-07-02 07:48:05,164 - root - INFO - [1167/1205] Fetching weather for Gencsapáti alsó...
2026-07-02 07:48:05,252 - root - INFO - Fetched weather for Gencsapáti alsó: 22.1°C, Clouds, humidity: 62%
2026-07-02 07:48:06,354 - root - INFO - [1168/1205] Fetching weather for Gyöngyösfalu...
2026-07-02 07:48:06,446 - root - INFO - Fetched weather for Gyöngyösfalu: 22.1°C, Clouds, humidity: 62%
2026-07-02 07:48:07,547 - root - INFO - [1169/1205] Fetching weather for Lukácsháza...
2026-07-02 07:48:07,638 - root - INFO - Fetched weather for Lukácsháza: 22.0°C, Clouds, humidity: 62%
2026-07-02 07:48:08,739 - root - INFO - [1170/1205] Fetching weather for Horvátnádalja...
2026-07-02 07:48:08,836 - root - INFO - Fetched weather for Horvátnádalja: 22.7°C, Clouds, humidity: 51%
2026-07-02 07:48:09,937 - root - INFO - [1171/1205] Fetching weather for Csákánydoroszló...
2026-07-02 07:48:10,031 - root - INFO - Fetched weather for Csákánydoroszló: 22.8°C, Clouds, humidity: 51%
2026-07-02 07:48:11,132 - root - INFO - [1172/1205] Fetching weather for Váckisújfalu...
2026-07-02 07:48:11,224 - root - INFO - Fetched weather for Váckisújfalu: 23.0°C, Clouds, humidity: 64%
2026-07-02 07:48:12,326 - root - INFO - [1173/1205] Fetching weather for Csisztafürdő...
2026-07-02 07:48:12,420 - root - INFO - Fetched weather for Csisztafürdő: 22.5°C, Clouds, humidity: 59%
2026-07-02 07:48:13,521 - root - INFO - [1174/1205] Fetching weather for Mórágy...
2026-07-02 07:48:13,617 - root - INFO - Fetched weather for Mórágy: 23.1°C, Clouds, humidity: 75%
2026-07-02 07:48:14,719 - root - INFO - [1175/1205] Fetching weather for Kismacs...
2026-07-02 07:48:14,817 - root - INFO - Fetched weather for Kismacs: 25.2°C, Clouds, humidity: 64%
2026-07-02 07:48:15,918 - root - INFO - [1176/1205] Fetching weather for Pusztaszentistván...
2026-07-02 07:48:16,019 - root - INFO - Fetched weather for Pusztaszentistván: 23.3°C, Clouds, humidity: 61%
2026-07-02 07:48:17,120 - root - INFO - [1177/1205] Fetching weather for Aranyvölgy...
2026-07-02 07:48:17,222 - root - INFO - Fetched weather for Aranyvölgy: 23.0°C, Clouds, humidity: 72%
2026-07-02 07:48:18,324 - root - INFO - [1178/1205] Fetching weather for Szélhegy...
2026-07-02 07:48:18,414 - root - INFO - Fetched weather for Szélhegy: 22.0°C, Clouds, humidity: 74%
2026-07-02 07:48:19,515 - root - INFO - [1179/1205] Fetching weather for Vörösvárbánya...
2026-07-02 07:48:19,606 - root - INFO - Fetched weather for Vörösvárbánya: 21.9°C, Clouds, humidity: 74%
2026-07-02 07:48:20,708 - root - INFO - [1180/1205] Fetching weather for Máriaszőlőtelep...
2026-07-02 07:48:20,795 - root - INFO - Fetched weather for Máriaszőlőtelep: 22.6°C, Clouds, humidity: 55%
2026-07-02 07:48:21,896 - root - INFO - [1181/1205] Fetching weather for Akadémiaújtelep...
2026-07-02 07:48:21,989 - root - INFO - Fetched weather for Akadémiaújtelep: 23.5°C, Clouds, humidity: 69%
2026-07-02 07:48:23,090 - root - INFO - [1182/1205] Fetching weather for Újpalota...
2026-07-02 07:48:23,180 - root - INFO - Fetched weather for Újpalota: 23.4°C, Clouds, humidity: 70%
2026-07-02 07:48:24,281 - root - INFO - [1183/1205] Fetching weather for Szeged, Somogyi utca...
2026-07-02 07:48:24,373 - root - INFO - Fetched weather for Szeged, Somogyi utca: 26.7°C, Clouds, humidity: 72%
2026-07-02 07:48:25,475 - root - INFO - [1184/1205] Fetching weather for Hódmezővásárhely, Hősök tere...
2026-07-02 07:48:25,562 - root - INFO - Fetched weather for Hódmezővásárhely, Hősök tere: 26.1°C, Clouds, humidity: 61%
2026-07-02 07:48:26,663 - root - INFO - [1185/1205] Fetching weather for Hódmezővásárhely, Kossuth tér...
2026-07-02 07:48:26,746 - root - INFO - Fetched weather for Hódmezővásárhely, Kossuth tér: 26.1°C, Clouds, humidity: 61%
2026-07-02 07:48:27,848 - root - INFO - [1186/1205] Fetching weather for Hódmezővásárhely, Strandfürdő...
2026-07-02 07:48:27,929 - root - INFO - Fetched weather for Hódmezővásárhely, Strandfürdő: 26.1°C, Clouds, humidity: 61%
2026-07-02 07:48:29,030 - root - INFO - [1187/1205] Fetching weather for Szeged, Széchenyi tér...
2026-07-02 07:48:29,113 - root - INFO - Fetched weather for Szeged, Széchenyi tér: 26.7°C, Clouds, humidity: 72%
2026-07-02 07:48:30,214 - root - INFO - [1188/1205] Fetching weather for Szeged, Anna-kút...
2026-07-02 07:48:30,303 - root - INFO - Fetched weather for Szeged, Anna-kút: 26.7°C, Clouds, humidity: 72%
2026-07-02 07:48:31,405 - root - INFO - [1189/1205] Fetching weather for Szeged, Rókusi templom...
2026-07-02 07:48:31,500 - root - INFO - Fetched weather for Szeged, Rókusi templom: 26.7°C, Clouds, humidity: 72%
2026-07-02 07:48:32,601 - root - INFO - [1190/1205] Fetching weather for Hódmezővásárhely, Kálvin János tér...
2026-07-02 07:48:32,693 - root - INFO - Fetched weather for Hódmezővásárhely, Kálvin János tér: 26.1°C, Clouds, humidity: 61%
2026-07-02 07:48:33,795 - root - INFO - [1191/1205] Fetching weather for Hódmezővásárhely vasútállomás...
2026-07-02 07:48:33,876 - root - INFO - Fetched weather for Hódmezővásárhely vasútállomás: 26.1°C, Clouds, humidity: 63%
2026-07-02 07:48:34,978 - root - INFO - [1192/1205] Fetching weather for Szeged, Tavasz utca...
2026-07-02 07:48:35,062 - root - INFO - Fetched weather for Szeged, Tavasz utca: 26.7°C, Clouds, humidity: 72%
2026-07-02 07:48:36,164 - root - INFO - [1193/1205] Fetching weather for Szeged, Damjanich utca...
2026-07-02 07:48:36,245 - root - INFO - Fetched weather for Szeged, Damjanich utca: 26.7°C, Clouds, humidity: 72%
2026-07-02 07:48:37,347 - root - INFO - [1194/1205] Fetching weather for Szeged, Vásárhelyi Pál utca...
2026-07-02 07:48:37,436 - root - INFO - Fetched weather for Szeged, Vásárhelyi Pál utca: 26.8°C, Clouds, humidity: 72%
2026-07-02 07:48:38,538 - root - INFO - [1195/1205] Fetching weather for Szeged, Bécsi körút ...
2026-07-02 07:48:38,619 - root - INFO - Fetched weather for Szeged, Bécsi körút : 26.7°C, Clouds, humidity: 72%
2026-07-02 07:48:39,720 - root - INFO - [1196/1205] Fetching weather for Hódmezővásárhelyi Népkert vasútállomás...
2026-07-02 07:48:39,802 - root - INFO - Fetched weather for Hódmezővásárhelyi Népkert vasútállomás: 26.1°C, Clouds, humidity: 63%
2026-07-02 07:48:40,904 - root - INFO - [1197/1205] Fetching weather for Szeged vasútállomás...
2026-07-02 07:48:40,990 - root - INFO - Fetched weather for Szeged vasútállomás: 26.7°C, Clouds, humidity: 72%
2026-07-02 07:48:42,091 - root - INFO - [1198/1205] Fetching weather for Szeged, Bem utca...
2026-07-02 07:48:42,175 - root - INFO - Fetched weather for Szeged, Bem utca: 26.7°C, Clouds, humidity: 72%
2026-07-02 07:48:43,276 - root - INFO - [1199/1205] Fetching weather for Szeged, Galamb utca...
2026-07-02 07:48:43,359 - root - INFO - Fetched weather for Szeged, Galamb utca: 26.7°C, Clouds, humidity: 72%
2026-07-02 07:48:44,460 - root - INFO - [1200/1205] Fetching weather for Szeged, Aradi vértanúk tere...
2026-07-02 07:48:44,543 - root - INFO - Fetched weather for Szeged, Aradi vértanúk tere: 26.7°C, Clouds, humidity: 72%
2026-07-02 07:48:45,644 - root - INFO - [1201/1205] Fetching weather for Szeged, Pulz utca...
2026-07-02 07:48:45,725 - root - INFO - Fetched weather for Szeged, Pulz utca: 26.8°C, Clouds, humidity: 72%
2026-07-02 07:48:46,827 - root - INFO - [1202/1205] Fetching weather for Szeged, Rókus vasútállomás...
2026-07-02 07:48:46,909 - root - INFO - Fetched weather for Szeged, Rókus vasútállomás: 26.8°C, Clouds, humidity: 72%
2026-07-02 07:48:48,010 - root - INFO - [1203/1205] Fetching weather for Látókép...
2026-07-02 07:48:48,106 - root - INFO - Fetched weather for Látókép: 25.4°C, Clouds, humidity: 63%
2026-07-02 07:48:49,207 - root - INFO - [1204/1205] Fetching weather for Szentmihálytelek...
2026-07-02 07:48:49,302 - root - INFO - Fetched weather for Szentmihálytelek: 26.8°C, Clouds, humidity: 72%
2026-07-02 07:48:50,403 - root - INFO - [1205/1205] Fetching weather for Kisvarsány...
2026-07-02 07:48:50,491 - root - INFO - Fetched weather for Kisvarsány: 24.1°C, Clouds, humidity: 73%
2026-07-02 07:48:51,597 - root - INFO - Successfully collected weather for 1205 stations
2026-07-02 07:48:51,609 - root - INFO - Saved weather data to data/weather/current_20260702_0700.csv
2026-07-02 07:48:51,609 - root - INFO - File size: 154.2 KB
2026-07-02 07:48:51,609 - root - INFO - 
============================================================
2026-07-02 07:48:51,609 - root - INFO - WEATHER COLLECTION SUMMARY
2026-07-02 07:48:51,609 - root - INFO - ============================================================
2026-07-02 07:48:51,609 - root - INFO - 
Data Coverage:
2026-07-02 07:48:51,609 - root - INFO -   - Total stations: 1205
2026-07-02 07:48:51,609 - root - INFO -   - Collection time: 2026-07-02 07:24:50.867207
2026-07-02 07:48:51,609 - root - INFO -   - Collection hour: 07:00
2026-07-02 07:48:51,610 - root - INFO - 
Weather Statistics:
2026-07-02 07:48:51,610 - root - INFO -   - Temperature range: 20.1°C to 29.0°C
2026-07-02 07:48:51,610 - root - INFO -   - Average temperature: 24.0°C
2026-07-02 07:48:51,610 - root - INFO -   - Average humidity: 66%
2026-07-02 07:48:51,610 - root - INFO -   - Average wind speed: 5.8 m/s
2026-07-02 07:48:51,611 - root - INFO -   - Stations with precipitation: 33 (2.7%)
2026-07-02 07:48:51,611 - root - INFO - 
Weather Conditions Distribution:
2026-07-02 07:48:51,612 - root - INFO -   - Clouds: 1142 (94.8%)
2026-07-02 07:48:51,612 - root - INFO -   - Rain: 33 (2.7%)
2026-07-02 07:48:51,612 - root - INFO -   - Clear: 30 (2.5%)
2026-07-02 07:48:51,612 - root - INFO - ============================================================

2026-07-02 07:48:51,612 - __main__ - INFO - Current weather collection completed successfully!
