2026-06-07 18:42:41,561 - __main__ - INFO - ============================================================
2026-06-07 18:42:41,561 - __main__ - INFO - CURRENT WEATHER COLLECTION STARTED
2026-06-07 18:42:41,561 - __main__ - INFO - ============================================================
2026-06-07 18:42:41,561 - __main__ - INFO - Collection time: 2026-06-07 18:42:41
2026-06-07 18:42:41,561 - __main__ - INFO - ============================================================

2026-06-07 18:42:41,561 - root - INFO - Starting current weather collection...
2026-06-07 18:42:41,571 - root - INFO - Loaded 1205 unique station coordinates from GTFS
2026-06-07 18:42:41,571 - root - INFO - Collecting weather for 1205 unique stations...
2026-06-07 18:42:41,571 - root - INFO - [1/1205] Fetching weather for Búcsúszentlászló...
2026-06-07 18:42:41,655 - root - INFO - Fetched weather for Búcsúszentlászló: 22.6°C, Clouds, humidity: 54%
2026-06-07 18:42:42,756 - root - INFO - [2/1205] Fetching weather for Angyalföld...
2026-06-07 18:42:42,806 - root - INFO - Fetched weather for Angyalföld: 22.8°C, Clouds, humidity: 47%
2026-06-07 18:42:43,908 - root - INFO - [3/1205] Fetching weather for Felsőjánosfa...
2026-06-07 18:42:43,963 - root - INFO - Fetched weather for Felsőjánosfa: 21.8°C, Clouds, humidity: 65%
2026-06-07 18:42:45,065 - root - INFO - [4/1205] Fetching weather for Pankasz...
2026-06-07 18:42:45,118 - root - INFO - Fetched weather for Pankasz: 21.4°C, Clouds, humidity: 67%
2026-06-07 18:42:46,220 - root - INFO - [5/1205] Fetching weather for Nagyrákos...
2026-06-07 18:42:46,281 - root - INFO - Fetched weather for Nagyrákos: 21.3°C, Clouds, humidity: 67%
2026-06-07 18:42:47,382 - root - INFO - [6/1205] Fetching weather for Őriszentpéter...
2026-06-07 18:42:47,442 - root - INFO - Fetched weather for Őriszentpéter: 21.4°C, Clouds, humidity: 68%
2026-06-07 18:42:48,544 - root - INFO - [7/1205] Fetching weather for Törökbálint...
2026-06-07 18:42:48,593 - root - INFO - Fetched weather for Törökbálint: 23.1°C, Clouds, humidity: 48%
2026-06-07 18:42:49,694 - root - INFO - [8/1205] Fetching weather for Bicske alsó...
2026-06-07 18:42:49,743 - root - INFO - Fetched weather for Bicske alsó: 22.2°C, Clouds, humidity: 54%
2026-06-07 18:42:50,844 - root - INFO - [9/1205] Fetching weather for Bajánsenye...
2026-06-07 18:42:50,893 - root - INFO - Fetched weather for Bajánsenye: 21.4°C, Clouds, humidity: 68%
2026-06-07 18:42:51,994 - root - INFO - [10/1205] Fetching weather for Aquincum...
2026-06-07 18:42:52,039 - root - INFO - Fetched weather for Aquincum: 22.8°C, Clouds, humidity: 47%
2026-06-07 18:42:53,140 - root - INFO - [11/1205] Fetching weather for Piliscsév...
2026-06-07 18:42:53,193 - root - INFO - Fetched weather for Piliscsév: 22.2°C, Clouds, humidity: 50%
2026-06-07 18:42:54,295 - root - INFO - [12/1205] Fetching weather for Tát...
2026-06-07 18:42:54,346 - root - INFO - Fetched weather for Tát: 22.6°C, Clouds, humidity: 57%
2026-06-07 18:42:55,447 - root - INFO - [13/1205] Fetching weather for Süttő felső...
2026-06-07 18:42:55,507 - root - INFO - Fetched weather for Süttő felső: 21.5°C, Clouds, humidity: 56%
2026-06-07 18:42:56,609 - root - INFO - [14/1205] Fetching weather for Budatétény...
2026-06-07 18:42:56,664 - root - INFO - Fetched weather for Budatétény: 23.9°C, Clouds, humidity: 47%
2026-06-07 18:42:57,766 - root - INFO - [15/1205] Fetching weather for Seregélyes-Szőlőhegy...
2026-06-07 18:42:57,818 - root - INFO - Fetched weather for Seregélyes-Szőlőhegy: 22.3°C, Clouds, humidity: 52%
2026-06-07 18:42:58,920 - root - INFO - [16/1205] Fetching weather for Gödöllő-Állami telepek...
2026-06-07 18:42:58,968 - root - INFO - Fetched weather for Gödöllő-Állami telepek: 23.8°C, Clouds, humidity: 43%
2026-06-07 18:43:00,070 - root - INFO - [17/1205] Fetching weather for Dunakeszi alsó...
2026-06-07 18:43:00,122 - root - INFO - Fetched weather for Dunakeszi alsó: 22.6°C, Clouds, humidity: 47%
2026-06-07 18:43:01,223 - root - INFO - [18/1205] Fetching weather for Vác-Alsóváros...
2026-06-07 18:43:01,271 - root - INFO - Fetched weather for Vác-Alsóváros: 22.2°C, Clouds, humidity: 57%
2026-06-07 18:43:02,372 - root - INFO - [19/1205] Fetching weather for Szob alsó...
2026-06-07 18:43:02,425 - root - INFO - Fetched weather for Szob alsó: 22.6°C, Clouds, humidity: 59%
2026-06-07 18:43:03,526 - root - INFO - [20/1205] Fetching weather for Zalaszentmihály-Pacsa...
2026-06-07 18:43:03,583 - root - INFO - Fetched weather for Zalaszentmihály-Pacsa: 22.5°C, Clouds, humidity: 55%
2026-06-07 18:43:04,684 - root - INFO - [21/1205] Fetching weather for Pötréte...
2026-06-07 18:43:04,735 - root - INFO - Fetched weather for Pötréte: 22.4°C, Clouds, humidity: 56%
2026-06-07 18:43:05,837 - root - INFO - [22/1205] Fetching weather for Felsőrajk...
2026-06-07 18:43:05,891 - root - INFO - Fetched weather for Felsőrajk: 22.4°C, Clouds, humidity: 56%
2026-06-07 18:43:06,992 - root - INFO - [23/1205] Fetching weather for Gelse...
2026-06-07 18:43:07,047 - root - INFO - Fetched weather for Gelse: 22.2°C, Clouds, humidity: 58%
2026-06-07 18:43:08,148 - root - INFO - [24/1205] Fetching weather for Őrtilos...
2026-06-07 18:43:08,204 - root - INFO - Fetched weather for Őrtilos: 21.8°C, Clouds, humidity: 62%
2026-06-07 18:43:09,306 - root - INFO - [25/1205] Fetching weather for Zákány...
2026-06-07 18:43:09,355 - root - INFO - Fetched weather for Zákány: 21.6°C, Clouds, humidity: 62%
2026-06-07 18:43:10,457 - root - INFO - [26/1205] Fetching weather for Berzence...
2026-06-07 18:43:10,510 - root - INFO - Fetched weather for Berzence: 22.1°C, Clouds, humidity: 60%
2026-06-07 18:43:11,612 - root - INFO - [27/1205] Fetching weather for Somogyudvarhely...
2026-06-07 18:43:11,663 - root - INFO - Fetched weather for Somogyudvarhely: 22.0°C, Clouds, humidity: 59%
2026-06-07 18:43:12,765 - root - INFO - [28/1205] Fetching weather for Bélavár...
2026-06-07 18:43:12,819 - root - INFO - Fetched weather for Bélavár: 22.1°C, Clouds, humidity: 59%
2026-06-07 18:43:13,921 - root - INFO - [29/1205] Fetching weather for Vízvár...
2026-06-07 18:43:13,975 - root - INFO - Fetched weather for Vízvár: 21.9°C, Clouds, humidity: 59%
2026-06-07 18:43:15,076 - root - INFO - [30/1205] Fetching weather for Babócsa...
2026-06-07 18:43:15,131 - root - INFO - Fetched weather for Babócsa: 21.9°C, Clouds, humidity: 59%
2026-06-07 18:43:16,233 - root - INFO - [31/1205] Fetching weather for Péterhida-Komlósd...
2026-06-07 18:43:16,280 - root - INFO - Fetched weather for Péterhida-Komlósd: 22.0°C, Clouds, humidity: 59%
2026-06-07 18:43:17,382 - root - INFO - [32/1205] Fetching weather for Barcs...
2026-06-07 18:43:17,431 - root - INFO - Fetched weather for Barcs: 22.0°C, Clouds, humidity: 60%
2026-06-07 18:43:18,533 - root - INFO - [33/1205] Fetching weather for Barcs felső...
2026-06-07 18:43:18,581 - root - INFO - Fetched weather for Barcs felső: 21.9°C, Clouds, humidity: 59%
2026-06-07 18:43:19,682 - root - INFO - [34/1205] Fetching weather for Középrigóc...
2026-06-07 18:43:19,732 - root - INFO - Fetched weather for Középrigóc: 21.9°C, Clouds, humidity: 59%
2026-06-07 18:43:20,834 - root - INFO - [35/1205] Fetching weather for Darány...
2026-06-07 18:43:20,888 - root - INFO - Fetched weather for Darány: 22.0°C, Clouds, humidity: 57%
2026-06-07 18:43:21,989 - root - INFO - [36/1205] Fetching weather for Kisdobsza...
2026-06-07 18:43:22,039 - root - INFO - Fetched weather for Kisdobsza: 22.2°C, Clouds, humidity: 56%
2026-06-07 18:43:23,140 - root - INFO - [37/1205] Fetching weather for Nemeske...
2026-06-07 18:43:23,195 - root - INFO - Fetched weather for Nemeske: 22.2°C, Clouds, humidity: 56%
2026-06-07 18:43:24,296 - root - INFO - [38/1205] Fetching weather for Molvány...
2026-06-07 18:43:24,346 - root - INFO - Fetched weather for Molvány: 22.3°C, Clouds, humidity: 56%
2026-06-07 18:43:25,447 - root - INFO - [39/1205] Fetching weather for Szigetvár...
2026-06-07 18:43:25,503 - root - INFO - Fetched weather for Szigetvár: 22.2°C, Clouds, humidity: 56%
2026-06-07 18:43:26,604 - root - INFO - [40/1205] Fetching weather for Nagypeterd...
2026-06-07 18:43:26,668 - root - INFO - Fetched weather for Nagypeterd: 22.2°C, Clouds, humidity: 56%
2026-06-07 18:43:27,770 - root - INFO - [41/1205] Fetching weather for Szentdénes...
2026-06-07 18:43:27,821 - root - INFO - Fetched weather for Szentdénes: 22.2°C, Clouds, humidity: 56%
2026-06-07 18:43:28,923 - root - INFO - [42/1205] Fetching weather for Háros...
2026-06-07 18:43:28,973 - root - INFO - Fetched weather for Háros: 23.9°C, Clouds, humidity: 47%
2026-06-07 18:43:30,074 - root - INFO - [43/1205] Fetching weather for Nagytétény-Diósd...
2026-06-07 18:43:30,129 - root - INFO - Fetched weather for Nagytétény-Diósd: 23.7°C, Clouds, humidity: 47%
2026-06-07 18:43:31,230 - root - INFO - [44/1205] Fetching weather for Érdliget...
2026-06-07 18:43:31,275 - root - INFO - Fetched weather for Érdliget: 23.6°C, Clouds, humidity: 47%
2026-06-07 18:43:32,376 - root - INFO - [45/1205] Fetching weather for Érd felső...
2026-06-07 18:43:32,430 - root - INFO - Fetched weather for Érd felső: 23.8°C, Clouds, humidity: 47%
2026-06-07 18:43:33,532 - root - INFO - [46/1205] Fetching weather for Érd...
2026-06-07 18:43:33,578 - root - INFO - Fetched weather for Érd: 23.7°C, Clouds, humidity: 47%
2026-06-07 18:43:34,679 - root - INFO - [47/1205] Fetching weather for Százhalombatta...
2026-06-07 18:43:34,725 - root - INFO - Fetched weather for Százhalombatta: 23.8°C, Clouds, humidity: 46%
2026-06-07 18:43:35,827 - root - INFO - [48/1205] Fetching weather for Dunai Finomító...
2026-06-07 18:43:35,881 - root - INFO - Fetched weather for Dunai Finomító: 24.0°C, Clouds, humidity: 46%
2026-06-07 18:43:36,983 - root - INFO - [49/1205] Fetching weather for Ercsi...
2026-06-07 18:43:37,033 - root - INFO - Fetched weather for Ercsi: 24.2°C, Clouds, humidity: 51%
2026-06-07 18:43:38,134 - root - INFO - [50/1205] Fetching weather for Iváncsa...
2026-06-07 18:43:38,187 - root - INFO - Fetched weather for Iváncsa: 21.9°C, Clouds, humidity: 52%
2026-06-07 18:43:39,289 - root - INFO - [51/1205] Fetching weather for Pusztaszabolcs...
2026-06-07 18:43:39,344 - root - INFO - Fetched weather for Pusztaszabolcs: 22.1°C, Clouds, humidity: 52%
2026-06-07 18:43:40,446 - root - INFO - [52/1205] Fetching weather for Szabadegyháza...
2026-06-07 18:43:40,491 - root - INFO - Fetched weather for Szabadegyháza: 22.2°C, Clouds, humidity: 52%
2026-06-07 18:43:41,592 - root - INFO - [53/1205] Fetching weather for Sárosd...
2026-06-07 18:43:41,647 - root - INFO - Fetched weather for Sárosd: 22.4°C, Clouds, humidity: 52%
2026-06-07 18:43:42,748 - root - INFO - [54/1205] Fetching weather for Nagylók...
2026-06-07 18:43:42,801 - root - INFO - Fetched weather for Nagylók: 22.3°C, Clear, humidity: 53%
2026-06-07 18:43:43,903 - root - INFO - [55/1205] Fetching weather for Sárbogárd...
2026-06-07 18:43:43,952 - root - INFO - Fetched weather for Sárbogárd: 22.7°C, Clear, humidity: 53%
2026-06-07 18:43:45,054 - root - INFO - [56/1205] Fetching weather for Rétszilas...
2026-06-07 18:43:45,106 - root - INFO - Fetched weather for Rétszilas: 22.7°C, Clouds, humidity: 54%
2026-06-07 18:43:46,208 - root - INFO - [57/1205] Fetching weather for Nagyatád...
2026-06-07 18:43:46,258 - root - INFO - Fetched weather for Nagyatád: 22.2°C, Clouds, humidity: 59%
2026-06-07 18:43:47,360 - root - INFO - [58/1205] Fetching weather for Budapest-Keleti...
2026-06-07 18:43:47,413 - root - INFO - Fetched weather for Budapest-Keleti: 23.4°C, Clouds, humidity: 47%
2026-06-07 18:43:48,514 - root - INFO - [59/1205] Fetching weather for Ferencváros...
2026-06-07 18:43:48,565 - root - INFO - Fetched weather for Ferencváros: 23.7°C, Clouds, humidity: 46%
2026-06-07 18:43:49,667 - root - INFO - [60/1205] Fetching weather for Budapest-Nyugati...
2026-06-07 18:43:49,716 - root - INFO - Fetched weather for Budapest-Nyugati: 23.2°C, Clouds, humidity: 47%
2026-06-07 18:43:50,817 - root - INFO - [61/1205] Fetching weather for Kőbánya felső...
2026-06-07 18:43:50,872 - root - INFO - Fetched weather for Kőbánya felső: 23.5°C, Clouds, humidity: 46%
2026-06-07 18:43:51,973 - root - INFO - [62/1205] Fetching weather for Rákos...
2026-06-07 18:43:52,025 - root - INFO - Fetched weather for Rákos: 23.6°C, Clouds, humidity: 46%
2026-06-07 18:43:53,126 - root - INFO - [63/1205] Fetching weather for Rákosrendező...
2026-06-07 18:43:53,173 - root - INFO - Fetched weather for Rákosrendező: 23.1°C, Clouds, humidity: 47%
2026-06-07 18:43:54,274 - root - INFO - [64/1205] Fetching weather for Zugló...
2026-06-07 18:43:54,327 - root - INFO - Fetched weather for Zugló: 23.3°C, Clouds, humidity: 46%
2026-06-07 18:43:55,429 - root - INFO - [65/1205] Fetching weather for Mezőtárkány...
2026-06-07 18:43:55,480 - root - INFO - Fetched weather for Mezőtárkány: 21.5°C, Clear, humidity: 64%
2026-06-07 18:43:56,581 - root - INFO - [66/1205] Fetching weather for Istvántelek...
2026-06-07 18:43:56,637 - root - INFO - Fetched weather for Istvántelek: 22.8°C, Clouds, humidity: 46%
2026-06-07 18:43:57,739 - root - INFO - [67/1205] Fetching weather for Rákospalota-Újpest...
2026-06-07 18:43:57,787 - root - INFO - Fetched weather for Rákospalota-Újpest: 22.7°C, Clouds, humidity: 46%
2026-06-07 18:43:58,889 - root - INFO - [68/1205] Fetching weather for Kőbánya alsó...
2026-06-07 18:43:58,940 - root - INFO - Fetched weather for Kőbánya alsó: 23.5°C, Clouds, humidity: 46%
2026-06-07 18:44:00,041 - root - INFO - [69/1205] Fetching weather for Kőbánya-Kispest...
2026-06-07 18:44:00,090 - root - INFO - Fetched weather for Kőbánya-Kispest: 23.6°C, Clouds, humidity: 46%
2026-06-07 18:44:01,192 - root - INFO - [70/1205] Fetching weather for Pestszentlőrinc...
2026-06-07 18:44:01,243 - root - INFO - Fetched weather for Pestszentlőrinc: 23.6°C, Clouds, humidity: 46%
2026-06-07 18:44:02,345 - root - INFO - [71/1205] Fetching weather for Kispest...
2026-06-07 18:44:02,395 - root - INFO - Fetched weather for Kispest: 23.6°C, Clouds, humidity: 46%
2026-06-07 18:44:03,497 - root - INFO - [72/1205] Fetching weather for Újpest...
2026-06-07 18:44:03,546 - root - INFO - Fetched weather for Újpest: 22.8°C, Clouds, humidity: 47%
2026-06-07 18:44:04,648 - root - INFO - [73/1205] Fetching weather for Pestszentimre felső...
2026-06-07 18:44:04,701 - root - INFO - Fetched weather for Pestszentimre felső: 23.8°C, Clouds, humidity: 46%
2026-06-07 18:44:05,802 - root - INFO - [74/1205] Fetching weather for Dunakeszi...
2026-06-07 18:44:05,857 - root - INFO - Fetched weather for Dunakeszi: 22.5°C, Clouds, humidity: 47%
2026-06-07 18:44:06,958 - root - INFO - [75/1205] Fetching weather for Dunakeszi-Gyártelep...
2026-06-07 18:44:07,012 - root - INFO - Fetched weather for Dunakeszi-Gyártelep: 22.5°C, Clouds, humidity: 47%
2026-06-07 18:44:08,113 - root - INFO - [76/1205] Fetching weather for Alsógöd...
2026-06-07 18:44:08,166 - root - INFO - Fetched weather for Alsógöd: 22.5°C, Clouds, humidity: 45%
2026-06-07 18:44:09,267 - root - INFO - [77/1205] Fetching weather for Göd...
2026-06-07 18:44:09,318 - root - INFO - Fetched weather for Göd: 22.5°C, Clouds, humidity: 45%
2026-06-07 18:44:10,420 - root - INFO - [78/1205] Fetching weather for Felsőgöd...
2026-06-07 18:44:10,470 - root - INFO - Fetched weather for Felsőgöd: 22.4°C, Clouds, humidity: 45%
2026-06-07 18:44:11,571 - root - INFO - [79/1205] Fetching weather for Sződ-Sződliget...
2026-06-07 18:44:11,623 - root - INFO - Fetched weather for Sződ-Sződliget: 22.2°C, Clouds, humidity: 45%
2026-06-07 18:44:12,725 - root - INFO - [80/1205] Fetching weather for Vác...
2026-06-07 18:44:12,772 - root - INFO - Fetched weather for Vác: 22.2°C, Clouds, humidity: 57%
2026-06-07 18:44:13,874 - root - INFO - [81/1205] Fetching weather for Verőce...
2026-06-07 18:44:13,925 - root - INFO - Fetched weather for Verőce: 22.0°C, Clouds, humidity: 59%
2026-06-07 18:44:15,026 - root - INFO - [82/1205] Fetching weather for Kismaros...
2026-06-07 18:44:15,076 - root - INFO - Fetched weather for Kismaros: 22.5°C, Clouds, humidity: 59%
2026-06-07 18:44:16,177 - root - INFO - [83/1205] Fetching weather for Nagymaros-Visegrád...
2026-06-07 18:44:16,229 - root - INFO - Fetched weather for Nagymaros-Visegrád: 22.6°C, Clouds, humidity: 58%
2026-06-07 18:44:17,330 - root - INFO - [84/1205] Fetching weather for Nagymaros...
2026-06-07 18:44:17,386 - root - INFO - Fetched weather for Nagymaros: 22.6°C, Clouds, humidity: 58%
2026-06-07 18:44:18,487 - root - INFO - [85/1205] Fetching weather for Zebegény...
2026-06-07 18:44:18,536 - root - INFO - Fetched weather for Zebegény: 22.6°C, Clouds, humidity: 59%
2026-06-07 18:44:19,638 - root - INFO - [86/1205] Fetching weather for Szob...
2026-06-07 18:44:19,689 - root - INFO - Fetched weather for Szob: 22.6°C, Clouds, humidity: 59%
2026-06-07 18:44:20,791 - root - INFO - [87/1205] Fetching weather for Alagimajor...
2026-06-07 18:44:20,844 - root - INFO - Fetched weather for Alagimajor: 22.6°C, Clouds, humidity: 46%
2026-06-07 18:44:21,946 - root - INFO - [88/1205] Fetching weather for Fót...
2026-06-07 18:44:21,996 - root - INFO - Fetched weather for Fót: 22.6°C, Clouds, humidity: 46%
2026-06-07 18:44:23,098 - root - INFO - [89/1205] Fetching weather for Fótújfalu...
2026-06-07 18:44:23,144 - root - INFO - Fetched weather for Fótújfalu: 22.5°C, Clouds, humidity: 46%
2026-06-07 18:44:24,246 - root - INFO - [90/1205] Fetching weather for Csomád...
2026-06-07 18:44:24,298 - root - INFO - Fetched weather for Csomád: 22.4°C, Clouds, humidity: 45%
2026-06-07 18:44:25,399 - root - INFO - [91/1205] Fetching weather for Veresegyház...
2026-06-07 18:44:25,453 - root - INFO - Fetched weather for Veresegyház: 22.7°C, Clouds, humidity: 45%
2026-06-07 18:44:26,555 - root - INFO - [92/1205] Fetching weather for Erdőkertes...
2026-06-07 18:44:26,605 - root - INFO - Fetched weather for Erdőkertes: 22.6°C, Clouds, humidity: 51%
2026-06-07 18:44:27,707 - root - INFO - [93/1205] Fetching weather for Őrbottyán...
2026-06-07 18:44:27,755 - root - INFO - Fetched weather for Őrbottyán: 22.2°C, Clouds, humidity: 53%
2026-06-07 18:44:28,856 - root - INFO - [94/1205] Fetching weather for Váchartyán...
2026-06-07 18:44:28,911 - root - INFO - Fetched weather for Váchartyán: 22.1°C, Clouds, humidity: 55%
2026-06-07 18:44:30,013 - root - INFO - [95/1205] Fetching weather for Magyarkút-Verőce...
2026-06-07 18:44:30,068 - root - INFO - Fetched weather for Magyarkút-Verőce: 22.2°C, Clouds, humidity: 59%
2026-06-07 18:44:31,170 - root - INFO - [96/1205] Fetching weather for Szokolya...
2026-06-07 18:44:31,219 - root - INFO - Fetched weather for Szokolya: 19.5°C, Clouds, humidity: 59%
2026-06-07 18:44:32,320 - root - INFO - [97/1205] Fetching weather for Berkenye...
2026-06-07 18:44:32,373 - root - INFO - Fetched weather for Berkenye: 20.2°C, Clouds, humidity: 59%
2026-06-07 18:44:33,474 - root - INFO - [98/1205] Fetching weather for Nógrád...
2026-06-07 18:44:33,533 - root - INFO - Fetched weather for Nógrád: 19.9°C, Clouds, humidity: 59%
2026-06-07 18:44:34,635 - root - INFO - [99/1205] Fetching weather for Diósjenő...
2026-06-07 18:44:34,688 - root - INFO - Fetched weather for Diósjenő: 19.4°C, Clouds, humidity: 59%
2026-06-07 18:44:35,790 - root - INFO - [100/1205] Fetching weather for Borsosberény...
2026-06-07 18:44:35,841 - root - INFO - Fetched weather for Borsosberény: 20.1°C, Clouds, humidity: 59%
2026-06-07 18:44:36,943 - root - INFO - [101/1205] Fetching weather for Nagyoroszi...
2026-06-07 18:44:36,990 - root - INFO - Fetched weather for Nagyoroszi: 19.9°C, Clouds, humidity: 59%
2026-06-07 18:44:38,092 - root - INFO - [102/1205] Fetching weather for Drégelyvár...
2026-06-07 18:44:38,144 - root - INFO - Fetched weather for Drégelyvár: 20.1°C, Clouds, humidity: 59%
2026-06-07 18:44:39,246 - root - INFO - [103/1205] Fetching weather for Drégely...
2026-06-07 18:44:39,301 - root - INFO - Fetched weather for Drégely: 20.5°C, Clouds, humidity: 59%
2026-06-07 18:44:40,402 - root - INFO - [104/1205] Fetching weather for Drégelypalánk...
2026-06-07 18:44:40,454 - root - INFO - Fetched weather for Drégelypalánk: 20.6°C, Clouds, humidity: 60%
2026-06-07 18:44:41,555 - root - INFO - [105/1205] Fetching weather for Ipolyvece...
2026-06-07 18:44:41,602 - root - INFO - Fetched weather for Ipolyvece: 20.6°C, Clouds, humidity: 60%
2026-06-07 18:44:42,703 - root - INFO - [106/1205] Fetching weather for Dejtár...
2026-06-07 18:44:42,755 - root - INFO - Fetched weather for Dejtár: 20.5°C, Clouds, humidity: 59%
2026-06-07 18:44:43,857 - root - INFO - [107/1205] Fetching weather for Ipolyszög...
2026-06-07 18:44:43,908 - root - INFO - Fetched weather for Ipolyszög: 20.5°C, Clouds, humidity: 60%
2026-06-07 18:44:45,009 - root - INFO - [108/1205] Fetching weather for Iklad-Domony...
2026-06-07 18:44:45,057 - root - INFO - Fetched weather for Iklad-Domony: 23.9°C, Clouds, humidity: 54%
2026-06-07 18:44:46,159 - root - INFO - [109/1205] Fetching weather for Iklad-Domony felső...
2026-06-07 18:44:46,207 - root - INFO - Fetched weather for Iklad-Domony felső: 23.8°C, Clouds, humidity: 54%
2026-06-07 18:44:47,308 - root - INFO - [110/1205] Fetching weather for Galgamácsa...
2026-06-07 18:44:47,358 - root - INFO - Fetched weather for Galgamácsa: 23.8°C, Clouds, humidity: 54%
2026-06-07 18:44:48,460 - root - INFO - [111/1205] Fetching weather for Vácrátót...
2026-06-07 18:44:48,513 - root - INFO - Fetched weather for Vácrátót: 22.0°C, Clouds, humidity: 55%
2026-06-07 18:44:49,615 - root - INFO - [112/1205] Fetching weather for Csörög...
2026-06-07 18:44:49,662 - root - INFO - Fetched weather for Csörög: 22.0°C, Clouds, humidity: 55%
2026-06-07 18:44:50,763 - root - INFO - [113/1205] Fetching weather for Galgagyörk...
2026-06-07 18:44:50,825 - root - INFO - Fetched weather for Galgagyörk: 23.7°C, Clouds, humidity: 55%
2026-06-07 18:44:51,926 - root - INFO - [114/1205] Fetching weather for Püspökhatvan...
2026-06-07 18:44:51,976 - root - INFO - Fetched weather for Püspökhatvan: 20.9°C, Clouds, humidity: 57%
2026-06-07 18:44:53,077 - root - INFO - [115/1205] Fetching weather for Acsa-Erdőkürt...
2026-06-07 18:44:53,128 - root - INFO - Fetched weather for Acsa-Erdőkürt: 20.7°C, Clouds, humidity: 57%
2026-06-07 18:44:54,229 - root - INFO - [116/1205] Fetching weather for Galgaguta...
2026-06-07 18:44:54,289 - root - INFO - Fetched weather for Galgaguta: 20.2°C, Clouds, humidity: 59%
2026-06-07 18:44:55,391 - root - INFO - [117/1205] Fetching weather for Nógrádkövesd...
2026-06-07 18:44:55,451 - root - INFO - Fetched weather for Nógrádkövesd: 20.4°C, Clouds, humidity: 59%
2026-06-07 18:44:56,552 - root - INFO - [118/1205] Fetching weather for Magyarnándor...
2026-06-07 18:44:56,607 - root - INFO - Fetched weather for Magyarnándor: 20.1°C, Clouds, humidity: 60%
2026-06-07 18:44:57,709 - root - INFO - [119/1205] Fetching weather for Mohora...
2026-06-07 18:44:57,757 - root - INFO - Fetched weather for Mohora: 20.2°C, Clouds, humidity: 60%
2026-06-07 18:44:58,859 - root - INFO - [120/1205] Fetching weather for Szügy...
2026-06-07 18:44:58,906 - root - INFO - Fetched weather for Szügy: 20.3°C, Clouds, humidity: 60%
2026-06-07 18:45:00,008 - root - INFO - [121/1205] Fetching weather for Balassagyarmat...
2026-06-07 18:45:00,055 - root - INFO - Fetched weather for Balassagyarmat: 20.4°C, Clouds, humidity: 60%
2026-06-07 18:45:01,157 - root - INFO - [122/1205] Fetching weather for Őrhalom...
2026-06-07 18:45:01,212 - root - INFO - Fetched weather for Őrhalom: 20.1°C, Clouds, humidity: 62%
2026-06-07 18:45:02,313 - root - INFO - [123/1205] Fetching weather for Hugyag...
2026-06-07 18:45:02,360 - root - INFO - Fetched weather for Hugyag: 20.1°C, Clouds, humidity: 62%
2026-06-07 18:45:03,461 - root - INFO - [124/1205] Fetching weather for Szécsény...
2026-06-07 18:45:03,511 - root - INFO - Fetched weather for Szécsény: 20.3°C, Clouds, humidity: 64%
2026-06-07 18:45:04,613 - root - INFO - [125/1205] Fetching weather for Ludányhalászi...
2026-06-07 18:45:04,668 - root - INFO - Fetched weather for Ludányhalászi: 20.2°C, Clouds, humidity: 64%
2026-06-07 18:45:05,769 - root - INFO - [126/1205] Fetching weather for Nógrádszakál...
2026-06-07 18:45:05,823 - root - INFO - Fetched weather for Nógrádszakál: 20.1°C, Clouds, humidity: 64%
2026-06-07 18:45:06,924 - root - INFO - [127/1205] Fetching weather for Ráróspuszta...
2026-06-07 18:45:06,973 - root - INFO - Fetched weather for Ráróspuszta: 19.5°C, Clouds, humidity: 65%
2026-06-07 18:45:08,074 - root - INFO - [128/1205] Fetching weather for Litke...
2026-06-07 18:45:08,126 - root - INFO - Fetched weather for Litke: 20.0°C, Clouds, humidity: 66%
2026-06-07 18:45:09,227 - root - INFO - [129/1205] Fetching weather for Nyíregyháza külső...
2026-06-07 18:45:09,275 - root - INFO - Fetched weather for Nyíregyháza külső: 20.9°C, Clouds, humidity: 69%
2026-06-07 18:45:10,376 - root - INFO - [130/1205] Fetching weather for Oros...
2026-06-07 18:45:10,428 - root - INFO - Fetched weather for Oros: 20.9°C, Clouds, humidity: 69%
2026-06-07 18:45:11,530 - root - INFO - [131/1205] Fetching weather for Napkor...
2026-06-07 18:45:11,583 - root - INFO - Fetched weather for Napkor: 20.8°C, Clouds, humidity: 70%
2026-06-07 18:45:12,685 - root - INFO - [132/1205] Fetching weather for Apagy...
2026-06-07 18:45:12,732 - root - INFO - Fetched weather for Apagy: 20.7°C, Clouds, humidity: 70%
2026-06-07 18:45:13,833 - root - INFO - [133/1205] Fetching weather for Levelek-Magy...
2026-06-07 18:45:13,883 - root - INFO - Fetched weather for Levelek-Magy: 20.6°C, Clouds, humidity: 70%
2026-06-07 18:45:14,985 - root - INFO - [134/1205] Fetching weather for Ófehértó...
2026-06-07 18:45:15,039 - root - INFO - Fetched weather for Ófehértó: 20.5°C, Clouds, humidity: 69%
2026-06-07 18:45:16,141 - root - INFO - [135/1205] Fetching weather for Ligettanya...
2026-06-07 18:45:16,193 - root - INFO - Fetched weather for Ligettanya: 20.4°C, Clear, humidity: 69%
2026-06-07 18:45:17,295 - root - INFO - [136/1205] Fetching weather for Baktalórántháza...
2026-06-07 18:45:17,343 - root - INFO - Fetched weather for Baktalórántháza: 20.4°C, Clear, humidity: 70%
2026-06-07 18:45:18,445 - root - INFO - [137/1205] Fetching weather for Vaja-Rohod...
2026-06-07 18:45:18,498 - root - INFO - Fetched weather for Vaja-Rohod: 20.4°C, Clouds, humidity: 69%
2026-06-07 18:45:19,600 - root - INFO - [138/1205] Fetching weather for Rákóczitanya...
2026-06-07 18:45:19,653 - root - INFO - Fetched weather for Rákóczitanya: 20.4°C, Clouds, humidity: 68%
2026-06-07 18:45:20,755 - root - INFO - [139/1205] Fetching weather for Nyírmada...
2026-06-07 18:45:20,801 - root - INFO - Fetched weather for Nyírmada: 20.4°C, Clouds, humidity: 68%
2026-06-07 18:45:21,903 - root - INFO - [140/1205] Fetching weather for Tunyogmatolcs...
2026-06-07 18:45:21,958 - root - INFO - Fetched weather for Tunyogmatolcs: 20.6°C, Clouds, humidity: 67%
2026-06-07 18:45:23,060 - root - INFO - [141/1205] Fetching weather for Tunyogmatolcs alsó...
2026-06-07 18:45:23,110 - root - INFO - Fetched weather for Tunyogmatolcs alsó: 20.6°C, Clouds, humidity: 67%
2026-06-07 18:45:24,212 - root - INFO - [142/1205] Fetching weather for Fehérgyarmat...
2026-06-07 18:45:24,267 - root - INFO - Fetched weather for Fehérgyarmat: 20.8°C, Clouds, humidity: 65%
2026-06-07 18:45:25,368 - root - INFO - [143/1205] Fetching weather for Penyige...
2026-06-07 18:45:25,419 - root - INFO - Fetched weather for Penyige: 20.8°C, Clouds, humidity: 65%
2026-06-07 18:45:26,521 - root - INFO - [144/1205] Fetching weather for Nagyszekeres...
2026-06-07 18:45:26,567 - root - INFO - Fetched weather for Nagyszekeres: 20.8°C, Clouds, humidity: 65%
2026-06-07 18:45:27,668 - root - INFO - [145/1205] Fetching weather for Kisszekeres...
2026-06-07 18:45:27,724 - root - INFO - Fetched weather for Kisszekeres: 20.7°C, Clouds, humidity: 66%
2026-06-07 18:45:28,825 - root - INFO - [146/1205] Fetching weather for Jánkmajtis...
2026-06-07 18:45:28,878 - root - INFO - Fetched weather for Jánkmajtis: 20.7°C, Clouds, humidity: 66%
2026-06-07 18:45:29,980 - root - INFO - [147/1205] Fetching weather for Gacsály...
2026-06-07 18:45:30,028 - root - INFO - Fetched weather for Gacsály: 18.9°C, Clouds, humidity: 66%
2026-06-07 18:45:31,130 - root - INFO - [148/1205] Fetching weather for Zajta...
2026-06-07 18:45:31,183 - root - INFO - Fetched weather for Zajta: 18.9°C, Clouds, humidity: 67%
2026-06-07 18:45:32,284 - root - INFO - [149/1205] Fetching weather for Eperjeske alsó...
2026-06-07 18:45:32,335 - root - INFO - Fetched weather for Eperjeske alsó: 20.3°C, Clouds, humidity: 73%
2026-06-07 18:45:33,436 - root - INFO - [150/1205] Fetching weather for Mándok...
2026-06-07 18:45:33,491 - root - INFO - Fetched weather for Mándok: 20.4°C, Clouds, humidity: 71%
2026-06-07 18:45:34,593 - root - INFO - [151/1205] Fetching weather for Tornyospálca...
2026-06-07 18:45:34,650 - root - INFO - Fetched weather for Tornyospálca: 20.5°C, Clouds, humidity: 70%
2026-06-07 18:45:35,752 - root - INFO - [152/1205] Fetching weather for Aranyosapáti...
2026-06-07 18:45:35,805 - root - INFO - Fetched weather for Aranyosapáti: 20.7°C, Clouds, humidity: 66%
2026-06-07 18:45:36,907 - root - INFO - [153/1205] Fetching weather for Gyüre...
2026-06-07 18:45:36,958 - root - INFO - Fetched weather for Gyüre: 20.7°C, Clouds, humidity: 66%
2026-06-07 18:45:38,060 - root - INFO - [154/1205] Fetching weather for Varsány...
2026-06-07 18:45:38,123 - root - INFO - Fetched weather for Varsány: 20.7°C, Clouds, humidity: 65%
2026-06-07 18:45:39,225 - root - INFO - [155/1205] Fetching weather for Vásárosnamény...
2026-06-07 18:45:39,274 - root - INFO - Fetched weather for Vásárosnamény: 20.7°C, Clouds, humidity: 65%
2026-06-07 18:45:40,376 - root - INFO - [156/1205] Fetching weather for Vitka...
2026-06-07 18:45:40,432 - root - INFO - Fetched weather for Vitka: 20.7°C, Clouds, humidity: 66%
2026-06-07 18:45:41,534 - root - INFO - [157/1205] Fetching weather for Nagydobos...
2026-06-07 18:45:41,594 - root - INFO - Fetched weather for Nagydobos: 20.6°C, Clouds, humidity: 66%
2026-06-07 18:45:42,696 - root - INFO - [158/1205] Fetching weather for Ópályi...
2026-06-07 18:45:42,747 - root - INFO - Fetched weather for Ópályi: 20.5°C, Clouds, humidity: 67%
2026-06-07 18:45:43,849 - root - INFO - [159/1205] Fetching weather for Nyírcsaholy...
2026-06-07 18:45:43,897 - root - INFO - Fetched weather for Nyírcsaholy: 20.4°C, Clouds, humidity: 69%
2026-06-07 18:45:44,998 - root - INFO - [160/1205] Fetching weather for Nagyecsed...
2026-06-07 18:45:45,049 - root - INFO - Fetched weather for Nagyecsed: 20.4°C, Clouds, humidity: 69%
2026-06-07 18:45:46,151 - root - INFO - [161/1205] Fetching weather for Tiborszállás...
2026-06-07 18:45:46,200 - root - INFO - Fetched weather for Tiborszállás: 20.3°C, Clouds, humidity: 69%
2026-06-07 18:45:47,302 - root - INFO - [162/1205] Fetching weather for Kiskunhalas...
2026-06-07 18:45:47,355 - root - INFO - Fetched weather for Kiskunhalas: 22.2°C, Clouds, humidity: 50%
2026-06-07 18:45:48,457 - root - INFO - [163/1205] Fetching weather for Kecskemét alsó...
2026-06-07 18:45:48,502 - root - INFO - Fetched weather for Kecskemét alsó: 21.8°C, Clouds, humidity: 51%
2026-06-07 18:45:49,604 - root - INFO - [164/1205] Fetching weather for Putnok...
2026-06-07 18:45:49,650 - root - INFO - Fetched weather for Putnok: 21.9°C, Clouds, humidity: 41%
2026-06-07 18:45:50,752 - root - INFO - [165/1205] Fetching weather for Bánréve...
2026-06-07 18:45:50,802 - root - INFO - Fetched weather for Bánréve: 21.9°C, Clouds, humidity: 41%
2026-06-07 18:45:51,903 - root - INFO - [166/1205] Fetching weather for Ipolytarnóc...
2026-06-07 18:45:51,957 - root - INFO - Fetched weather for Ipolytarnóc: 20.0°C, Clouds, humidity: 67%
2026-06-07 18:45:53,059 - root - INFO - [167/1205] Fetching weather for Rákosliget...
2026-06-07 18:45:53,104 - root - INFO - Fetched weather for Rákosliget: 23.5°C, Clouds, humidity: 45%
2026-06-07 18:45:54,206 - root - INFO - [168/1205] Fetching weather for Ikrény...
2026-06-07 18:45:54,258 - root - INFO - Fetched weather for Ikrény: 22.6°C, Clouds, humidity: 53%
2026-06-07 18:45:55,360 - root - INFO - [169/1205] Fetching weather for Rábapatona...
2026-06-07 18:45:55,421 - root - INFO - Fetched weather for Rábapatona: 22.6°C, Clouds, humidity: 53%
2026-06-07 18:45:56,522 - root - INFO - [170/1205] Fetching weather for Enese...
2026-06-07 18:45:56,575 - root - INFO - Fetched weather for Enese: 22.6°C, Clouds, humidity: 53%
2026-06-07 18:45:57,676 - root - INFO - [171/1205] Fetching weather for Kóny...
2026-06-07 18:45:57,725 - root - INFO - Fetched weather for Kóny: 22.6°C, Clouds, humidity: 53%
2026-06-07 18:45:58,826 - root - INFO - [172/1205] Fetching weather for Farád...
2026-06-07 18:45:58,874 - root - INFO - Fetched weather for Farád: 22.7°C, Clouds, humidity: 53%
2026-06-07 18:45:59,976 - root - INFO - [173/1205] Fetching weather for Rábatamási...
2026-06-07 18:46:00,030 - root - INFO - Fetched weather for Rábatamási: 22.7°C, Clouds, humidity: 53%
2026-06-07 18:46:01,131 - root - INFO - [174/1205] Fetching weather for Szárföld...
2026-06-07 18:46:01,191 - root - INFO - Fetched weather for Szárföld: 22.7°C, Clouds, humidity: 53%
2026-06-07 18:46:02,293 - root - INFO - [175/1205] Fetching weather for Veszkény...
2026-06-07 18:46:02,345 - root - INFO - Fetched weather for Veszkény: 22.7°C, Clouds, humidity: 53%
2026-06-07 18:46:03,447 - root - INFO - [176/1205] Fetching weather for Kapuvár...
2026-06-07 18:46:03,495 - root - INFO - Fetched weather for Kapuvár: 22.7°C, Clouds, humidity: 54%
2026-06-07 18:46:04,596 - root - INFO - [177/1205] Fetching weather for Vitnyéd-Csermajor...
2026-06-07 18:46:04,648 - root - INFO - Fetched weather for Vitnyéd-Csermajor: 22.7°C, Clouds, humidity: 55%
2026-06-07 18:46:05,750 - root - INFO - [178/1205] Fetching weather for Petőháza...
2026-06-07 18:46:05,801 - root - INFO - Fetched weather for Petőháza: 22.7°C, Clouds, humidity: 57%
2026-06-07 18:46:06,903 - root - INFO - [179/1205] Fetching weather for Fertőszentmiklós...
2026-06-07 18:46:06,953 - root - INFO - Fetched weather for Fertőszentmiklós: 21.2°C, Clouds, humidity: 57%
2026-06-07 18:46:08,054 - root - INFO - [180/1205] Fetching weather for Pinnye...
2026-06-07 18:46:08,110 - root - INFO - Fetched weather for Pinnye: 21.0°C, Clouds, humidity: 58%
2026-06-07 18:46:09,212 - root - INFO - [181/1205] Fetching weather for Fertőboz...
2026-06-07 18:46:09,271 - root - INFO - Fetched weather for Fertőboz: 20.9°C, Clouds, humidity: 58%
2026-06-07 18:46:10,372 - root - INFO - [182/1205] Fetching weather for Sopron...
2026-06-07 18:46:10,427 - root - INFO - Fetched weather for Sopron: 20.6°C, Clouds, humidity: 56%
2026-06-07 18:46:11,529 - root - INFO - [183/1205] Fetching weather for Fertőszéplak-Fertőd...
2026-06-07 18:46:11,577 - root - INFO - Fetched weather for Fertőszéplak-Fertőd: 21.2°C, Clouds, humidity: 58%
2026-06-07 18:46:12,679 - root - INFO - [184/1205] Fetching weather for Nyúl...
2026-06-07 18:46:12,728 - root - INFO - Fetched weather for Nyúl: 22.6°C, Clouds, humidity: 53%
2026-06-07 18:46:13,830 - root - INFO - [185/1205] Fetching weather for Pannonhalma...
2026-06-07 18:46:13,880 - root - INFO - Fetched weather for Pannonhalma: 22.5°C, Clouds, humidity: 53%
2026-06-07 18:46:14,981 - root - INFO - [186/1205] Fetching weather for Tarjánpuszta...
2026-06-07 18:46:15,029 - root - INFO - Fetched weather for Tarjánpuszta: 22.5°C, Clouds, humidity: 53%
2026-06-07 18:46:16,131 - root - INFO - [187/1205] Fetching weather for Győrasszonyfa...
2026-06-07 18:46:16,189 - root - INFO - Fetched weather for Győrasszonyfa: 22.5°C, Clouds, humidity: 53%
2026-06-07 18:46:17,290 - root - INFO - [188/1205] Fetching weather for Veszprémvarsány...
2026-06-07 18:46:17,339 - root - INFO - Fetched weather for Veszprémvarsány: 22.6°C, Clouds, humidity: 54%
2026-06-07 18:46:18,441 - root - INFO - [189/1205] Fetching weather for Bakonyszentlászló...
2026-06-07 18:46:18,496 - root - INFO - Fetched weather for Bakonyszentlászló: 22.4°C, Clouds, humidity: 54%
2026-06-07 18:46:19,598 - root - INFO - [190/1205] Fetching weather for Porva-Csesznek...
2026-06-07 18:46:19,655 - root - INFO - Fetched weather for Porva-Csesznek: 21.2°C, Clouds, humidity: 55%
2026-06-07 18:46:20,756 - root - INFO - [191/1205] Fetching weather for Zirc...
2026-06-07 18:46:20,809 - root - INFO - Fetched weather for Zirc: 21.4°C, Clouds, humidity: 56%
2026-06-07 18:46:21,910 - root - INFO - [192/1205] Fetching weather for Eplény...
2026-06-07 18:46:21,958 - root - INFO - Fetched weather for Eplény: 22.1°C, Clouds, humidity: 56%
2026-06-07 18:46:23,060 - root - INFO - [193/1205] Fetching weather for Marcaltő...
2026-06-07 18:46:23,112 - root - INFO - Fetched weather for Marcaltő: 23.0°C, Clouds, humidity: 52%
2026-06-07 18:46:24,214 - root - INFO - [194/1205] Fetching weather for Szany-Rábaszentandrás...
2026-06-07 18:46:24,264 - root - INFO - Fetched weather for Szany-Rábaszentandrás: 22.9°C, Clouds, humidity: 52%
2026-06-07 18:46:25,365 - root - INFO - [195/1205] Fetching weather for Egyed-Rábacsanak...
2026-06-07 18:46:25,429 - root - INFO - Fetched weather for Egyed-Rábacsanak: 22.8°C, Clouds, humidity: 52%
2026-06-07 18:46:26,530 - root - INFO - [196/1205] Fetching weather for Rábapordány...
2026-06-07 18:46:26,579 - root - INFO - Fetched weather for Rábapordány: 22.8°C, Clouds, humidity: 53%
2026-06-07 18:46:27,681 - root - INFO - [197/1205] Fetching weather for Albertfalva...
2026-06-07 18:46:27,739 - root - INFO - Fetched weather for Albertfalva: 23.6°C, Clouds, humidity: 47%
2026-06-07 18:46:28,841 - root - INFO - [198/1205] Fetching weather for Budafok...
2026-06-07 18:46:28,892 - root - INFO - Fetched weather for Budafok: 23.6°C, Clouds, humidity: 47%
2026-06-07 18:46:29,993 - root - INFO - [199/1205] Fetching weather for Tétényliget...
2026-06-07 18:46:30,044 - root - INFO - Fetched weather for Tétényliget: 23.5°C, Clouds, humidity: 47%
2026-06-07 18:46:31,146 - root - INFO - [200/1205] Fetching weather for Érd alsó...
2026-06-07 18:46:31,188 - root - INFO - Fetched weather for Érd alsó: 23.8°C, Clouds, humidity: 47%
2026-06-07 18:46:32,289 - root - INFO - [201/1205] Fetching weather for Tárnok...
2026-06-07 18:46:32,341 - root - INFO - Fetched weather for Tárnok: 23.4°C, Clouds, humidity: 47%
2026-06-07 18:46:33,443 - root - INFO - [202/1205] Fetching weather for Martonvásár...
2026-06-07 18:46:33,495 - root - INFO - Fetched weather for Martonvásár: 23.4°C, Clouds, humidity: 52%
2026-06-07 18:46:34,597 - root - INFO - [203/1205] Fetching weather for Baracska...
2026-06-07 18:46:34,644 - root - INFO - Fetched weather for Baracska: 23.8°C, Clouds, humidity: 52%
2026-06-07 18:46:35,746 - root - INFO - [204/1205] Fetching weather for Pettend...
2026-06-07 18:46:35,797 - root - INFO - Fetched weather for Pettend: 21.8°C, Clouds, humidity: 52%
2026-06-07 18:46:36,898 - root - INFO - [205/1205] Fetching weather for Kápolnásnyék...
2026-06-07 18:46:36,954 - root - INFO - Fetched weather for Kápolnásnyék: 22.0°C, Clouds, humidity: 52%
2026-06-07 18:46:38,055 - root - INFO - [206/1205] Fetching weather for Velence...
2026-06-07 18:46:38,111 - root - INFO - Fetched weather for Velence: 22.1°C, Clouds, humidity: 52%
2026-06-07 18:46:39,213 - root - INFO - [207/1205] Fetching weather for Velencefürdő...
2026-06-07 18:46:39,265 - root - INFO - Fetched weather for Velencefürdő: 22.1°C, Clouds, humidity: 52%
2026-06-07 18:46:40,366 - root - INFO - [208/1205] Fetching weather for Gárdony...
2026-06-07 18:46:40,415 - root - INFO - Fetched weather for Gárdony: 22.2°C, Clouds, humidity: 53%
2026-06-07 18:46:41,516 - root - INFO - [209/1205] Fetching weather for Agárd...
2026-06-07 18:46:41,561 - root - INFO - Fetched weather for Agárd: 22.2°C, Clouds, humidity: 53%
2026-06-07 18:46:42,663 - root - INFO - [210/1205] Fetching weather for Dinnyés...
2026-06-07 18:46:42,715 - root - INFO - Fetched weather for Dinnyés: 22.3°C, Clouds, humidity: 53%
2026-06-07 18:46:43,817 - root - INFO - [211/1205] Fetching weather for Székesfehérvár...
2026-06-07 18:46:43,874 - root - INFO - Fetched weather for Székesfehérvár: 22.6°C, Clouds, humidity: 53%
2026-06-07 18:46:44,976 - root - INFO - [212/1205] Fetching weather for Szabadbattyán...
2026-06-07 18:46:45,037 - root - INFO - Fetched weather for Szabadbattyán: 22.8°C, Clouds, humidity: 53%
2026-06-07 18:46:46,138 - root - INFO - [213/1205] Fetching weather for Kiscséripuszta...
2026-06-07 18:46:46,190 - root - INFO - Fetched weather for Kiscséripuszta: 22.8°C, Clouds, humidity: 54%
2026-06-07 18:46:47,292 - root - INFO - [214/1205] Fetching weather for Lepsény...
2026-06-07 18:46:47,344 - root - INFO - Fetched weather for Lepsény: 23.2°C, Clouds, humidity: 54%
2026-06-07 18:46:48,446 - root - INFO - [215/1205] Fetching weather for Balatonaliga...
2026-06-07 18:46:48,497 - root - INFO - Fetched weather for Balatonaliga: 23.1°C, Clouds, humidity: 55%
2026-06-07 18:46:49,599 - root - INFO - [216/1205] Fetching weather for Balatonvilágos...
2026-06-07 18:46:49,648 - root - INFO - Fetched weather for Balatonvilágos: 23.6°C, Clouds, humidity: 55%
2026-06-07 18:46:50,749 - root - INFO - [217/1205] Fetching weather for Szabadifürdő...
2026-06-07 18:46:50,798 - root - INFO - Fetched weather for Szabadifürdő: 23.6°C, Clouds, humidity: 55%
2026-06-07 18:46:51,899 - root - INFO - [218/1205] Fetching weather for Ózd alsó...
2026-06-07 18:46:51,957 - root - INFO - Fetched weather for Ózd alsó: 21.7°C, Clouds, humidity: 41%
2026-06-07 18:46:53,059 - root - INFO - [219/1205] Fetching weather for Ózd...
2026-06-07 18:46:53,110 - root - INFO - Fetched weather for Ózd: 21.8°C, Clouds, humidity: 41%
2026-06-07 18:46:54,212 - root - INFO - [220/1205] Fetching weather for Alsóboldva...
2026-06-07 18:46:54,270 - root - INFO - Fetched weather for Alsóboldva: 20.1°C, Clouds, humidity: 68%
2026-06-07 18:46:55,372 - root - INFO - [221/1205] Fetching weather for Boldva...
2026-06-07 18:46:55,425 - root - INFO - Fetched weather for Boldva: 20.8°C, Clouds, humidity: 68%
2026-06-07 18:46:56,527 - root - INFO - [222/1205] Fetching weather for Borsodszirák...
2026-06-07 18:46:56,578 - root - INFO - Fetched weather for Borsodszirák: 20.7°C, Clouds, humidity: 69%
2026-06-07 18:46:57,680 - root - INFO - [223/1205] Fetching weather for Edelény alsó...
2026-06-07 18:46:57,733 - root - INFO - Fetched weather for Edelény alsó: 20.7°C, Clouds, humidity: 69%
2026-06-07 18:46:58,835 - root - INFO - [224/1205] Fetching weather for Edelény...
2026-06-07 18:46:58,882 - root - INFO - Fetched weather for Edelény: 20.6°C, Clouds, humidity: 69%
2026-06-07 18:46:59,983 - root - INFO - [225/1205] Fetching weather for Szendrőlád...
2026-06-07 18:47:00,031 - root - INFO - Fetched weather for Szendrőlád: 19.4°C, Clouds, humidity: 69%
2026-06-07 18:47:01,132 - root - INFO - [226/1205] Fetching weather for Szendrő...
2026-06-07 18:47:01,186 - root - INFO - Fetched weather for Szendrő: 20.2°C, Clouds, humidity: 68%
2026-06-07 18:47:02,288 - root - INFO - [227/1205] Fetching weather for Szendrő felső...
2026-06-07 18:47:02,341 - root - INFO - Fetched weather for Szendrő felső: 20.2°C, Clouds, humidity: 68%
2026-06-07 18:47:03,443 - root - INFO - [228/1205] Fetching weather for Szalonna...
2026-06-07 18:47:03,493 - root - INFO - Fetched weather for Szalonna: 20.1°C, Clouds, humidity: 68%
2026-06-07 18:47:04,594 - root - INFO - [229/1205] Fetching weather for Perkupa...
2026-06-07 18:47:04,642 - root - INFO - Fetched weather for Perkupa: 19.4°C, Clouds, humidity: 69%
2026-06-07 18:47:05,743 - root - INFO - [230/1205] Fetching weather for Szemeretelep...
2026-06-07 18:47:05,789 - root - INFO - Fetched weather for Szemeretelep: 23.5°C, Clouds, humidity: 46%
2026-06-07 18:47:06,891 - root - INFO - [231/1205] Fetching weather for Jósvafő-Aggtelek...
2026-06-07 18:47:06,947 - root - INFO - Fetched weather for Jósvafő-Aggtelek: 19.6°C, Clouds, humidity: 69%
2026-06-07 18:47:08,048 - root - INFO - [232/1205] Fetching weather for Bódvaszilas...
2026-06-07 18:47:08,102 - root - INFO - Fetched weather for Bódvaszilas: 19.2°C, Clouds, humidity: 69%
2026-06-07 18:47:09,204 - root - INFO - [233/1205] Fetching weather for Komjáti...
2026-06-07 18:47:09,268 - root - INFO - Fetched weather for Komjáti: 18.7°C, Clouds, humidity: 70%
2026-06-07 18:47:10,370 - root - INFO - [234/1205] Fetching weather for Tornanádaska...
2026-06-07 18:47:10,431 - root - INFO - Fetched weather for Tornanádaska: 19.9°C, Clouds, humidity: 70%
2026-06-07 18:47:11,532 - root - INFO - [235/1205] Fetching weather for Onga...
2026-06-07 18:47:11,599 - root - INFO - Fetched weather for Onga: 24.9°C, Clear, humidity: 50%
2026-06-07 18:47:12,700 - root - INFO - [236/1205] Fetching weather for Szikszó-Vásártér...
2026-06-07 18:47:12,747 - root - INFO - Fetched weather for Szikszó-Vásártér: 24.9°C, Clouds, humidity: 67%
2026-06-07 18:47:13,849 - root - INFO - [237/1205] Fetching weather for Szikszó...
2026-06-07 18:47:13,899 - root - INFO - Fetched weather for Szikszó: 24.9°C, Clouds, humidity: 67%
2026-06-07 18:47:15,001 - root - INFO - [238/1205] Fetching weather for Aszaló...
2026-06-07 18:47:15,049 - root - INFO - Fetched weather for Aszaló: 24.9°C, Clouds, humidity: 67%
2026-06-07 18:47:16,150 - root - INFO - [239/1205] Fetching weather for Halmaj...
2026-06-07 18:47:16,200 - root - INFO - Fetched weather for Halmaj: 20.9°C, Clouds, humidity: 68%
2026-06-07 18:47:17,302 - root - INFO - [240/1205] Fetching weather for Csobád...
2026-06-07 18:47:17,353 - root - INFO - Fetched weather for Csobád: 20.8°C, Clouds, humidity: 69%
2026-06-07 18:47:18,455 - root - INFO - [241/1205] Fetching weather for Ináncs...
2026-06-07 18:47:18,512 - root - INFO - Fetched weather for Ináncs: 20.6°C, Clouds, humidity: 71%
2026-06-07 18:47:19,614 - root - INFO - [242/1205] Fetching weather for Forró-Encs...
2026-06-07 18:47:19,681 - root - INFO - Fetched weather for Forró-Encs: 20.4°C, Clouds, humidity: 72%
2026-06-07 18:47:20,782 - root - INFO - [243/1205] Fetching weather for Méra...
2026-06-07 18:47:20,833 - root - INFO - Fetched weather for Méra: 20.0°C, Clouds, humidity: 75%
2026-06-07 18:47:21,934 - root - INFO - [244/1205] Fetching weather for Novajidrány...
2026-06-07 18:47:21,986 - root - INFO - Fetched weather for Novajidrány: 17.8°C, Clouds, humidity: 76%
2026-06-07 18:47:23,088 - root - INFO - [245/1205] Fetching weather for Hernádszurdok...
2026-06-07 18:47:23,136 - root - INFO - Fetched weather for Hernádszurdok: 17.7°C, Clouds, humidity: 98%
2026-06-07 18:47:24,237 - root - INFO - [246/1205] Fetching weather for Hidasnémeti...
2026-06-07 18:47:24,296 - root - INFO - Fetched weather for Hidasnémeti: 17.7°C, Clouds, humidity: 98%
2026-06-07 18:47:25,398 - root - INFO - [247/1205] Fetching weather for Mád...
2026-06-07 18:47:25,456 - root - INFO - Fetched weather for Mád: 22.3°C, Rain, humidity: 48%
2026-06-07 18:47:26,558 - root - INFO - [248/1205] Fetching weather for Rátka...
2026-06-07 18:47:26,612 - root - INFO - Fetched weather for Rátka: 22.4°C, Clear, humidity: 48%
2026-06-07 18:47:27,713 - root - INFO - [249/1205] Fetching weather for Tállya...
2026-06-07 18:47:27,767 - root - INFO - Fetched weather for Tállya: 22.4°C, Clear, humidity: 48%
2026-06-07 18:47:28,869 - root - INFO - [250/1205] Fetching weather for Golop...
2026-06-07 18:47:28,921 - root - INFO - Fetched weather for Golop: 22.5°C, Clouds, humidity: 48%
2026-06-07 18:47:30,022 - root - INFO - [251/1205] Fetching weather for Abaújszántó...
2026-06-07 18:47:30,079 - root - INFO - Fetched weather for Abaújszántó: 22.4°C, Clouds, humidity: 74%
2026-06-07 18:47:31,180 - root - INFO - [252/1205] Fetching weather for Abaújszántói fürdő...
2026-06-07 18:47:31,230 - root - INFO - Fetched weather for Abaújszántói fürdő: 22.5°C, Clouds, humidity: 74%
2026-06-07 18:47:32,332 - root - INFO - [253/1205] Fetching weather for Abaújkér...
2026-06-07 18:47:32,392 - root - INFO - Fetched weather for Abaújkér: 22.4°C, Clouds, humidity: 75%
2026-06-07 18:47:33,494 - root - INFO - [254/1205] Fetching weather for Boldogkőváralja...
2026-06-07 18:47:33,541 - root - INFO - Fetched weather for Boldogkőváralja: 22.2°C, Clouds, humidity: 77%
2026-06-07 18:47:34,643 - root - INFO - [255/1205] Fetching weather for Korlát-Vizsoly...
2026-06-07 18:47:34,700 - root - INFO - Fetched weather for Korlát-Vizsoly: 22.1°C, Clouds, humidity: 78%
2026-06-07 18:47:35,801 - root - INFO - [256/1205] Fetching weather for Fony...
2026-06-07 18:47:35,853 - root - INFO - Fetched weather for Fony: 17.6°C, Clouds, humidity: 78%
2026-06-07 18:47:36,955 - root - INFO - [257/1205] Fetching weather for Hejce-Vilmány...
2026-06-07 18:47:37,005 - root - INFO - Fetched weather for Hejce-Vilmány: 17.5°C, Clouds, humidity: 78%
2026-06-07 18:47:38,106 - root - INFO - [258/1205] Fetching weather for Göncruszka...
2026-06-07 18:47:38,155 - root - INFO - Fetched weather for Göncruszka: 17.6°C, Clouds, humidity: 79%
2026-06-07 18:47:39,257 - root - INFO - [259/1205] Fetching weather for Gönc...
2026-06-07 18:47:39,309 - root - INFO - Fetched weather for Gönc: 17.5°C, Clouds, humidity: 79%
2026-06-07 18:47:40,411 - root - INFO - [260/1205] Fetching weather for Zsujta...
2026-06-07 18:47:40,465 - root - INFO - Fetched weather for Zsujta: 17.5°C, Clouds, humidity: 98%
2026-06-07 18:47:41,567 - root - INFO - [261/1205] Fetching weather for Bodrogkeresztúr...
2026-06-07 18:47:41,617 - root - INFO - Fetched weather for Bodrogkeresztúr: 22.6°C, Rain, humidity: 48%
2026-06-07 18:47:42,719 - root - INFO - [262/1205] Fetching weather for Szegi...
2026-06-07 18:47:42,778 - root - INFO - Fetched weather for Szegi: 22.6°C, Rain, humidity: 48%
2026-06-07 18:47:43,880 - root - INFO - [263/1205] Fetching weather for Erdőbénye...
2026-06-07 18:47:43,936 - root - INFO - Fetched weather for Erdőbénye: 22.6°C, Rain, humidity: 48%
2026-06-07 18:47:45,038 - root - INFO - [264/1205] Fetching weather for Olaszliszka-Tolcsva...
2026-06-07 18:47:45,089 - root - INFO - Fetched weather for Olaszliszka-Tolcsva: 22.6°C, Rain, humidity: 48%
2026-06-07 18:47:46,191 - root - INFO - [265/1205] Fetching weather for Bodrogolaszi...
2026-06-07 18:47:46,238 - root - INFO - Fetched weather for Bodrogolaszi: 17.9°C, Clouds, humidity: 100%
2026-06-07 18:47:47,339 - root - INFO - [266/1205] Fetching weather for Sárospatak...
2026-06-07 18:47:47,388 - root - INFO - Fetched weather for Sárospatak: 17.9°C, Clouds, humidity: 100%
2026-06-07 18:47:48,490 - root - INFO - [267/1205] Fetching weather for Sátoraljaújhely...
2026-06-07 18:47:48,538 - root - INFO - Fetched weather for Sátoraljaújhely: 17.9°C, Clouds, humidity: 100%
2026-06-07 18:47:49,640 - root - INFO - [268/1205] Fetching weather for Vecsés...
2026-06-07 18:47:49,697 - root - INFO - Fetched weather for Vecsés: 23.9°C, Clouds, humidity: 44%
2026-06-07 18:47:50,799 - root - INFO - [269/1205] Fetching weather for Vecsés-Kertekalja...
2026-06-07 18:47:50,848 - root - INFO - Fetched weather for Vecsés-Kertekalja: 23.9°C, Clouds, humidity: 44%
2026-06-07 18:47:51,950 - root - INFO - [270/1205] Fetching weather for Üllő...
2026-06-07 18:47:51,999 - root - INFO - Fetched weather for Üllő: 23.9°C, Clouds, humidity: 44%
2026-06-07 18:47:53,100 - root - INFO - [271/1205] Fetching weather for Monor...
2026-06-07 18:47:53,146 - root - INFO - Fetched weather for Monor: 23.8°C, Clouds, humidity: 44%
2026-06-07 18:47:54,248 - root - INFO - [272/1205] Fetching weather for Pilis...
2026-06-07 18:47:54,296 - root - INFO - Fetched weather for Pilis: 20.9°C, Clouds, humidity: 50%
2026-06-07 18:47:55,398 - root - INFO - [273/1205] Fetching weather for Albertirsa...
2026-06-07 18:47:55,448 - root - INFO - Fetched weather for Albertirsa: 20.9°C, Clouds, humidity: 54%
2026-06-07 18:47:56,549 - root - INFO - [274/1205] Fetching weather for Ceglédbercel-Cserő...
2026-06-07 18:47:56,607 - root - INFO - Fetched weather for Ceglédbercel-Cserő: 21.0°C, Clouds, humidity: 54%
2026-06-07 18:47:57,708 - root - INFO - [275/1205] Fetching weather for Cegléd...
2026-06-07 18:47:57,758 - root - INFO - Fetched weather for Cegléd: 21.1°C, Clouds, humidity: 54%
2026-06-07 18:47:58,860 - root - INFO - [276/1205] Fetching weather for Abony...
2026-06-07 18:47:58,907 - root - INFO - Fetched weather for Abony: 23.3°C, Clear, humidity: 45%
2026-06-07 18:48:00,009 - root - INFO - [277/1205] Fetching weather for Szolnok...
2026-06-07 18:48:00,066 - root - INFO - Fetched weather for Szolnok: 23.3°C, Clear, humidity: 45%
2026-06-07 18:48:01,167 - root - INFO - [278/1205] Fetching weather for Szajol...
2026-06-07 18:48:01,217 - root - INFO - Fetched weather for Szajol: 23.3°C, Clear, humidity: 45%
2026-06-07 18:48:02,319 - root - INFO - [279/1205] Fetching weather for Törökszentmiklós...
2026-06-07 18:48:02,367 - root - INFO - Fetched weather for Törökszentmiklós: 23.3°C, Clear, humidity: 52%
2026-06-07 18:48:03,469 - root - INFO - [280/1205] Fetching weather for Rákoscsaba-Újtelep...
2026-06-07 18:48:03,520 - root - INFO - Fetched weather for Rákoscsaba-Újtelep: 23.5°C, Clear, humidity: 45%
2026-06-07 18:48:04,622 - root - INFO - [281/1205] Fetching weather for Rákoscsaba...
2026-06-07 18:48:04,669 - root - INFO - Fetched weather for Rákoscsaba: 23.7°C, Clear, humidity: 44%
2026-06-07 18:48:05,770 - root - INFO - [282/1205] Fetching weather for Pécel...
2026-06-07 18:48:05,823 - root - INFO - Fetched weather for Pécel: 23.6°C, Clouds, humidity: 44%
2026-06-07 18:48:06,924 - root - INFO - [283/1205] Fetching weather for Isaszeg...
2026-06-07 18:48:06,976 - root - INFO - Fetched weather for Isaszeg: 23.5°C, Clouds, humidity: 44%
2026-06-07 18:48:08,078 - root - INFO - [284/1205] Fetching weather for Gödöllő...
2026-06-07 18:48:08,128 - root - INFO - Fetched weather for Gödöllő: 23.0°C, Clouds, humidity: 44%
2026-06-07 18:48:09,229 - root - INFO - [285/1205] Fetching weather for Máriabesnyő...
2026-06-07 18:48:09,276 - root - INFO - Fetched weather for Máriabesnyő: 23.4°C, Clouds, humidity: 44%
2026-06-07 18:48:10,378 - root - INFO - [286/1205] Fetching weather for Bag...
2026-06-07 18:48:10,430 - root - INFO - Fetched weather for Bag: 23.8°C, Clouds, humidity: 54%
2026-06-07 18:48:11,531 - root - INFO - [287/1205] Fetching weather for Aszód...
2026-06-07 18:48:11,587 - root - INFO - Fetched weather for Aszód: 23.9°C, Clouds, humidity: 55%
2026-06-07 18:48:12,689 - root - INFO - [288/1205] Fetching weather for Hévízgyörk...
2026-06-07 18:48:12,741 - root - INFO - Fetched weather for Hévízgyörk: 23.9°C, Clouds, humidity: 55%
2026-06-07 18:48:13,843 - root - INFO - [289/1205] Fetching weather for Galgahévíz...
2026-06-07 18:48:13,892 - root - INFO - Fetched weather for Galgahévíz: 23.9°C, Clouds, humidity: 56%
2026-06-07 18:48:14,993 - root - INFO - [290/1205] Fetching weather for Tura...
2026-06-07 18:48:15,041 - root - INFO - Fetched weather for Tura: 23.9°C, Clouds, humidity: 56%
2026-06-07 18:48:16,143 - root - INFO - [291/1205] Fetching weather for Hatvan...
2026-06-07 18:48:16,194 - root - INFO - Fetched weather for Hatvan: 21.3°C, Clouds, humidity: 58%
2026-06-07 18:48:17,295 - root - INFO - [292/1205] Fetching weather for Vámosgyörk...
2026-06-07 18:48:17,343 - root - INFO - Fetched weather for Vámosgyörk: 21.1°C, Clouds, humidity: 61%
2026-06-07 18:48:18,445 - root - INFO - [293/1205] Fetching weather for Adács...
2026-06-07 18:48:18,508 - root - INFO - Fetched weather for Adács: 21.1°C, Clear, humidity: 62%
2026-06-07 18:48:19,610 - root - INFO - [294/1205] Fetching weather for Karácsond...
2026-06-07 18:48:19,657 - root - INFO - Fetched weather for Karácsond: 21.0°C, Clear, humidity: 62%
2026-06-07 18:48:20,758 - root - INFO - [295/1205] Fetching weather for Ludas...
2026-06-07 18:48:20,818 - root - INFO - Fetched weather for Ludas: 21.2°C, Clear, humidity: 63%
2026-06-07 18:48:21,920 - root - INFO - [296/1205] Fetching weather for Nagyút...
2026-06-07 18:48:21,968 - root - INFO - Fetched weather for Nagyút: 21.2°C, Clear, humidity: 63%
2026-06-07 18:48:23,069 - root - INFO - [297/1205] Fetching weather for Kál-Kápolna...
2026-06-07 18:48:23,119 - root - INFO - Fetched weather for Kál-Kápolna: 21.2°C, Clear, humidity: 63%
2026-06-07 18:48:24,220 - root - INFO - [298/1205] Fetching weather for Füzesabony...
2026-06-07 18:48:24,280 - root - INFO - Fetched weather for Füzesabony: 21.3°C, Clear, humidity: 64%
2026-06-07 18:48:25,382 - root - INFO - [299/1205] Fetching weather for Szihalom...
2026-06-07 18:48:25,428 - root - INFO - Fetched weather for Szihalom: 20.2°C, Clear, humidity: 65%
2026-06-07 18:48:26,530 - root - INFO - [300/1205] Fetching weather for Mezőkövesd...
2026-06-07 18:48:26,575 - root - INFO - Fetched weather for Mezőkövesd: 20.2°C, Clear, humidity: 65%
2026-06-07 18:48:27,676 - root - INFO - [301/1205] Fetching weather for Mezőkövesd felső...
2026-06-07 18:48:27,727 - root - INFO - Fetched weather for Mezőkövesd felső: 20.2°C, Clear, humidity: 65%
2026-06-07 18:48:28,829 - root - INFO - [302/1205] Fetching weather for Mezőkeresztes-Mezőnyárád...
2026-06-07 18:48:28,876 - root - INFO - Fetched weather for Mezőkeresztes-Mezőnyárád: 20.2°C, Clear, humidity: 72%
2026-06-07 18:48:29,978 - root - INFO - [303/1205] Fetching weather for Csincse...
2026-06-07 18:48:30,027 - root - INFO - Fetched weather for Csincse: 20.2°C, Clear, humidity: 72%
2026-06-07 18:48:31,129 - root - INFO - [304/1205] Fetching weather for Emőd...
2026-06-07 18:48:31,190 - root - INFO - Fetched weather for Emőd: 20.2°C, Clear, humidity: 72%
2026-06-07 18:48:32,292 - root - INFO - [305/1205] Fetching weather for Nyékládháza...
2026-06-07 18:48:32,344 - root - INFO - Fetched weather for Nyékládháza: 20.2°C, Clear, humidity: 72%
2026-06-07 18:48:33,445 - root - INFO - [306/1205] Fetching weather for Miskolc-Tiszai...
2026-06-07 18:48:33,530 - root - INFO - Fetched weather for Miskolc-Tiszai: 20.1°C, Clear, humidity: 72%
2026-06-07 18:48:34,631 - root - INFO - [307/1205] Fetching weather for Felsőzsolca...
2026-06-07 18:48:34,682 - root - INFO - Fetched weather for Felsőzsolca: 20.2°C, Clear, humidity: 72%
2026-06-07 18:48:35,783 - root - INFO - [308/1205] Fetching weather for Hernádnémeti-Bőcs...
2026-06-07 18:48:35,846 - root - INFO - Fetched weather for Hernádnémeti-Bőcs: 24.9°C, Clear, humidity: 50%
2026-06-07 18:48:36,947 - root - INFO - [309/1205] Fetching weather for Tiszalúc...
2026-06-07 18:48:36,995 - root - INFO - Fetched weather for Tiszalúc: 24.9°C, Clear, humidity: 50%
2026-06-07 18:48:38,097 - root - INFO - [310/1205] Fetching weather for Taktaharkány...
2026-06-07 18:48:38,152 - root - INFO - Fetched weather for Taktaharkány: 25.0°C, Clear, humidity: 50%
2026-06-07 18:48:39,254 - root - INFO - [311/1205] Fetching weather for Taktaszada...
2026-06-07 18:48:39,309 - root - INFO - Fetched weather for Taktaszada: 22.6°C, Clear, humidity: 48%
2026-06-07 18:48:40,411 - root - INFO - [312/1205] Fetching weather for Szerencs...
2026-06-07 18:48:40,457 - root - INFO - Fetched weather for Szerencs: 22.6°C, Clear, humidity: 48%
2026-06-07 18:48:41,558 - root - INFO - [313/1205] Fetching weather for Mezőzombor...
2026-06-07 18:48:41,614 - root - INFO - Fetched weather for Mezőzombor: 22.6°C, Rain, humidity: 48%
2026-06-07 18:48:42,716 - root - INFO - [314/1205] Fetching weather for Tarcal...
2026-06-07 18:48:42,773 - root - INFO - Fetched weather for Tarcal: 22.7°C, Rain, humidity: 48%
2026-06-07 18:48:43,874 - root - INFO - [315/1205] Fetching weather for Tokaj...
2026-06-07 18:48:43,931 - root - INFO - Fetched weather for Tokaj: 22.6°C, Rain, humidity: 48%
2026-06-07 18:48:45,032 - root - INFO - [316/1205] Fetching weather for Rakamaz...
2026-06-07 18:48:45,081 - root - INFO - Fetched weather for Rakamaz: 22.6°C, Rain, humidity: 48%
2026-06-07 18:48:46,183 - root - INFO - [317/1205] Fetching weather for Görögszállás...
2026-06-07 18:48:46,229 - root - INFO - Fetched weather for Görögszállás: 22.6°C, Clear, humidity: 48%
2026-06-07 18:48:47,331 - root - INFO - [318/1205] Fetching weather for Nyírtelek...
2026-06-07 18:48:47,388 - root - INFO - Fetched weather for Nyírtelek: 22.6°C, Clear, humidity: 73%
2026-06-07 18:48:48,489 - root - INFO - [319/1205] Fetching weather for Rákoshegy...
2026-06-07 18:48:48,538 - root - INFO - Fetched weather for Rákoshegy: 23.4°C, Clear, humidity: 45%
2026-06-07 18:48:49,640 - root - INFO - [320/1205] Fetching weather for Ecser...
2026-06-07 18:48:49,687 - root - INFO - Fetched weather for Ecser: 23.8°C, Clear, humidity: 44%
2026-06-07 18:48:50,789 - root - INFO - [321/1205] Fetching weather for Maglód...
2026-06-07 18:48:50,847 - root - INFO - Fetched weather for Maglód: 23.7°C, Clear, humidity: 44%
2026-06-07 18:48:51,948 - root - INFO - [322/1205] Fetching weather for Maglódi nyaraló...
2026-06-07 18:48:52,005 - root - INFO - Fetched weather for Maglódi nyaraló: 23.6°C, Clear, humidity: 44%
2026-06-07 18:48:53,106 - root - INFO - [323/1205] Fetching weather for Gyömrő...
2026-06-07 18:48:53,159 - root - INFO - Fetched weather for Gyömrő: 23.6°C, Clear, humidity: 44%
2026-06-07 18:48:54,260 - root - INFO - [324/1205] Fetching weather for Mende...
2026-06-07 18:48:54,308 - root - INFO - Fetched weather for Mende: 23.5°C, Clouds, humidity: 44%
2026-06-07 18:48:55,409 - root - INFO - [325/1205] Fetching weather for Szőlősnyaraló...
2026-06-07 18:48:55,465 - root - INFO - Fetched weather for Szőlősnyaraló: 23.8°C, Clouds, humidity: 44%
2026-06-07 18:48:56,566 - root - INFO - [326/1205] Fetching weather for Sülysáp...
2026-06-07 18:48:56,615 - root - INFO - Fetched weather for Sülysáp: 23.8°C, Clouds, humidity: 44%
2026-06-07 18:48:57,717 - root - INFO - [327/1205] Fetching weather for Tápiószecső...
2026-06-07 18:48:57,775 - root - INFO - Fetched weather for Tápiószecső: 20.9°C, Clouds, humidity: 53%
2026-06-07 18:48:58,877 - root - INFO - [328/1205] Fetching weather for Szentmártonkáta...
2026-06-07 18:48:58,926 - root - INFO - Fetched weather for Szentmártonkáta: 21.0°C, Clear, humidity: 54%
2026-06-07 18:49:00,028 - root - INFO - [329/1205] Fetching weather for Nagykáta...
2026-06-07 18:49:00,079 - root - INFO - Fetched weather for Nagykáta: 21.0°C, Clear, humidity: 54%
2026-06-07 18:49:01,181 - root - INFO - [330/1205] Fetching weather for Farmos...
2026-06-07 18:49:01,231 - root - INFO - Fetched weather for Farmos: 21.1°C, Clear, humidity: 54%
2026-06-07 18:49:02,333 - root - INFO - [331/1205] Fetching weather for Tápiószele...
2026-06-07 18:49:02,388 - root - INFO - Fetched weather for Tápiószele: 21.1°C, Clear, humidity: 54%
2026-06-07 18:49:03,489 - root - INFO - [332/1205] Fetching weather for Tápiógyörgye...
2026-06-07 18:49:03,541 - root - INFO - Fetched weather for Tápiógyörgye: 21.2°C, Clear, humidity: 54%
2026-06-07 18:49:04,643 - root - INFO - [333/1205] Fetching weather for Újszász...
2026-06-07 18:49:04,695 - root - INFO - Fetched weather for Újszász: 21.2°C, Clear, humidity: 54%
2026-06-07 18:49:05,796 - root - INFO - [334/1205] Fetching weather for Szurdokpüspöki...
2026-06-07 18:49:05,845 - root - INFO - Fetched weather for Szurdokpüspöki: 20.8°C, Clouds, humidity: 62%
2026-06-07 18:49:06,946 - root - INFO - [335/1205] Fetching weather for Lőrinci...
2026-06-07 18:49:06,999 - root - INFO - Fetched weather for Lőrinci: 21.1°C, Clouds, humidity: 59%
2026-06-07 18:49:08,101 - root - INFO - [336/1205] Fetching weather for Selyp...
2026-06-07 18:49:08,151 - root - INFO - Fetched weather for Selyp: 21.1°C, Clouds, humidity: 60%
2026-06-07 18:49:09,252 - root - INFO - [337/1205] Fetching weather for Apc-Zagyvaszántó...
2026-06-07 18:49:09,302 - root - INFO - Fetched weather for Apc-Zagyvaszántó: 21.0°C, Clouds, humidity: 60%
2026-06-07 18:49:10,403 - root - INFO - [338/1205] Fetching weather for Pásztó...
2026-06-07 18:49:10,453 - root - INFO - Fetched weather for Pásztó: 20.5°C, Clouds, humidity: 64%
2026-06-07 18:49:11,554 - root - INFO - [339/1205] Fetching weather for Mátraszőlős-Hasznos...
2026-06-07 18:49:11,611 - root - INFO - Fetched weather for Mátraszőlős-Hasznos: 20.4°C, Clouds, humidity: 65%
2026-06-07 18:49:12,713 - root - INFO - [340/1205] Fetching weather for Tar...
2026-06-07 18:49:12,761 - root - INFO - Fetched weather for Tar: 20.0°C, Clouds, humidity: 66%
2026-06-07 18:49:13,863 - root - INFO - [341/1205] Fetching weather for Mátraverebély...
2026-06-07 18:49:13,912 - root - INFO - Fetched weather for Mátraverebély: 20.0°C, Clouds, humidity: 66%
2026-06-07 18:49:15,014 - root - INFO - [342/1205] Fetching weather for Nagybátony...
2026-06-07 18:49:15,067 - root - INFO - Fetched weather for Nagybátony: 20.1°C, Clouds, humidity: 67%
2026-06-07 18:49:16,168 - root - INFO - [343/1205] Fetching weather for Kisterenye...
2026-06-07 18:49:16,220 - root - INFO - Fetched weather for Kisterenye: 20.2°C, Clouds, humidity: 68%
2026-06-07 18:49:17,322 - root - INFO - [344/1205] Fetching weather for Kisterenye-Bányatelep...
2026-06-07 18:49:17,373 - root - INFO - Fetched weather for Kisterenye-Bányatelep: 20.2°C, Clouds, humidity: 68%
2026-06-07 18:49:18,475 - root - INFO - [345/1205] Fetching weather for Salgótarján külső...
2026-06-07 18:49:18,521 - root - INFO - Fetched weather for Salgótarján külső: 19.6°C, Clear, humidity: 68%
2026-06-07 18:49:19,622 - root - INFO - [346/1205] Fetching weather for Balatonfenyves GV...
2026-06-07 18:49:19,673 - root - INFO - Fetched weather for Balatonfenyves GV: 23.4°C, Clouds, humidity: 56%
2026-06-07 18:49:20,774 - root - INFO - [347/1205] Fetching weather for Várhegyalja...
2026-06-07 18:49:20,832 - root - INFO - Fetched weather for Várhegyalja: 21.5°C, Clear, humidity: 55%
2026-06-07 18:49:21,933 - root - INFO - [348/1205] Fetching weather for Imremajor...
2026-06-07 18:49:21,992 - root - INFO - Fetched weather for Imremajor: 23.4°C, Clouds, humidity: 56%
2026-06-07 18:49:23,094 - root - INFO - [349/1205] Fetching weather for Rákospalota-Kertváros...
2026-06-07 18:49:23,147 - root - INFO - Fetched weather for Rákospalota-Kertváros: 22.6°C, Clouds, humidity: 46%
2026-06-07 18:49:24,249 - root - INFO - [350/1205] Fetching weather for Vicziántelep...
2026-06-07 18:49:24,295 - root - INFO - Fetched weather for Vicziántelep: 22.4°C, Clouds, humidity: 53%
2026-06-07 18:49:25,397 - root - INFO - [351/1205] Fetching weather for Pálmajor...
2026-06-07 18:49:25,444 - root - INFO - Fetched weather for Pálmajor: 23.2°C, Clouds, humidity: 56%
2026-06-07 18:49:26,545 - root - INFO - [352/1205] Fetching weather for Somogyszentpál felső...
2026-06-07 18:49:26,593 - root - INFO - Fetched weather for Somogyszentpál felső: 23.3°C, Clouds, humidity: 56%
2026-06-07 18:49:27,695 - root - INFO - [353/1205] Fetching weather for Somogyszentpál...
2026-06-07 18:49:27,747 - root - INFO - Fetched weather for Somogyszentpál: 23.1°C, Clouds, humidity: 56%
2026-06-07 18:49:28,848 - root - INFO - [354/1205] Fetching weather for Rudnaykert...
2026-06-07 18:49:28,905 - root - INFO - Fetched weather for Rudnaykert: 22.2°C, Clouds, humidity: 55%
2026-06-07 18:49:30,007 - root - INFO - [355/1205] Fetching weather for Maroshegy...
2026-06-07 18:49:30,055 - root - INFO - Fetched weather for Maroshegy: 22.6°C, Clear, humidity: 53%
2026-06-07 18:49:31,156 - root - INFO - [356/1205] Fetching weather for Bánhida...
2026-06-07 18:49:31,207 - root - INFO - Fetched weather for Bánhida: 21.5°C, Clouds, humidity: 55%
2026-06-07 18:49:32,309 - root - INFO - [357/1205] Fetching weather for Magyarkút...
2026-06-07 18:49:32,357 - root - INFO - Fetched weather for Magyarkút: 20.2°C, Clouds, humidity: 59%
2026-06-07 18:49:33,459 - root - INFO - [358/1205] Fetching weather for Becske alsó...
2026-06-07 18:49:33,507 - root - INFO - Fetched weather for Becske alsó: 19.8°C, Clouds, humidity: 59%
2026-06-07 18:49:34,609 - root - INFO - [359/1205] Fetching weather for Hosszúberek-Péteri...
2026-06-07 18:49:34,662 - root - INFO - Fetched weather for Hosszúberek-Péteri: 23.9°C, Clear, humidity: 44%
2026-06-07 18:49:35,763 - root - INFO - [360/1205] Fetching weather for Monorierdő...
2026-06-07 18:49:35,813 - root - INFO - Fetched weather for Monorierdő: 23.8°C, Clear, humidity: 50%
2026-06-07 18:49:36,915 - root - INFO - [361/1205] Fetching weather for Ceglédbercel...
2026-06-07 18:49:36,966 - root - INFO - Fetched weather for Ceglédbercel: 21.0°C, Clear, humidity: 54%
2026-06-07 18:49:38,067 - root - INFO - [362/1205] Fetching weather for Budai út...
2026-06-07 18:49:38,126 - root - INFO - Fetched weather for Budai út: 21.1°C, Clouds, humidity: 54%
2026-06-07 18:49:39,228 - root - INFO - [363/1205] Fetching weather for Büdöskútpuszta...
2026-06-07 18:49:39,279 - root - INFO - Fetched weather for Büdöskútpuszta: 20.4°C, Clouds, humidity: 68%
2026-06-07 18:49:40,380 - root - INFO - [364/1205] Fetching weather for Bánrévei Vízmű...
2026-06-07 18:49:40,435 - root - INFO - Fetched weather for Bánrévei Vízmű: 21.9°C, Clear, humidity: 41%
2026-06-07 18:49:41,537 - root - INFO - [365/1205] Fetching weather for Rákoskert...
2026-06-07 18:49:41,586 - root - INFO - Fetched weather for Rákoskert: 23.6°C, Clear, humidity: 44%
2026-06-07 18:49:42,687 - root - INFO - [366/1205] Fetching weather for Szirmabesenyő...
2026-06-07 18:49:42,743 - root - INFO - Fetched weather for Szirmabesenyő: 20.1°C, Clear, humidity: 65%
2026-06-07 18:49:43,845 - root - INFO - [367/1205] Fetching weather for Kitérőgyár...
2026-06-07 18:49:43,897 - root - INFO - Fetched weather for Kitérőgyár: 20.7°C, Clouds, humidity: 63%
2026-06-07 18:49:44,998 - root - INFO - [368/1205] Fetching weather for Tápiószentmárton...
2026-06-07 18:49:45,058 - root - INFO - Fetched weather for Tápiószentmárton: 21.1°C, Clear, humidity: 54%
2026-06-07 18:49:46,159 - root - INFO - [369/1205] Fetching weather for Zagyvarékas...
2026-06-07 18:49:46,212 - root - INFO - Fetched weather for Zagyvarékas: 23.3°C, Clear, humidity: 45%
2026-06-07 18:49:47,313 - root - INFO - [370/1205] Fetching weather for Abonyi út...
2026-06-07 18:49:47,364 - root - INFO - Fetched weather for Abonyi út: 23.3°C, Clear, humidity: 45%
2026-06-07 18:49:48,466 - root - INFO - [371/1205] Fetching weather for Jászkisér felső...
2026-06-07 18:49:48,514 - root - INFO - Fetched weather for Jászkisér felső: 22.8°C, Clear, humidity: 59%
2026-06-07 18:49:49,615 - root - INFO - [372/1205] Fetching weather for Szellőhát...
2026-06-07 18:49:49,661 - root - INFO - Fetched weather for Szellőhát: 21.2°C, Clear, humidity: 59%
2026-06-07 18:49:50,763 - root - INFO - [373/1205] Fetching weather for Szilvásvárad-Szalajkavölgy...
2026-06-07 18:49:50,812 - root - INFO - Fetched weather for Szilvásvárad-Szalajkavölgy: 19.1°C, Clear, humidity: 100%
2026-06-07 18:49:51,914 - root - INFO - [374/1205] Fetching weather for Vásárosnamény külső...
2026-06-07 18:49:51,966 - root - INFO - Fetched weather for Vásárosnamény külső: 20.6°C, Clear, humidity: 66%
2026-06-07 18:49:53,067 - root - INFO - [375/1205] Fetching weather for Újváros...
2026-06-07 18:49:53,113 - root - INFO - Fetched weather for Újváros: 22.2°C, Clouds, humidity: 50%
2026-06-07 18:49:54,214 - root - INFO - [376/1205] Fetching weather for Városi park...
2026-06-07 18:49:54,265 - root - INFO - Fetched weather for Városi park: 22.2°C, Clouds, humidity: 50%
2026-06-07 18:49:55,367 - root - INFO - [377/1205] Fetching weather for Belsőkamaráspuszta...
2026-06-07 18:49:55,417 - root - INFO - Fetched weather for Belsőkamaráspuszta: 24.0°C, Clouds, humidity: 55%
2026-06-07 18:49:56,519 - root - INFO - [378/1205] Fetching weather for Sajószöged...
2026-06-07 18:49:56,574 - root - INFO - Fetched weather for Sajószöged: 25.0°C, Clear, humidity: 50%
2026-06-07 18:49:57,675 - root - INFO - [379/1205] Fetching weather for Kazincbarcika alsó...
2026-06-07 18:49:57,722 - root - INFO - Fetched weather for Kazincbarcika alsó: 20.7°C, Clouds, humidity: 70%
2026-06-07 18:49:58,824 - root - INFO - [380/1205] Fetching weather for Nyárjas...
2026-06-07 18:49:58,879 - root - INFO - Fetched weather for Nyárjas: 21.9°C, Clear, humidity: 51%
2026-06-07 18:49:59,980 - root - INFO - [381/1205] Fetching weather for Pogonyipuszta...
2026-06-07 18:50:00,033 - root - INFO - Fetched weather for Pogonyipuszta: 21.9°C, Clear, humidity: 41%
2026-06-07 18:50:01,134 - root - INFO - [382/1205] Fetching weather for Sióvölgy...
2026-06-07 18:50:01,194 - root - INFO - Fetched weather for Sióvölgy: 23.7°C, Clouds, humidity: 55%
2026-06-07 18:50:02,296 - root - INFO - [383/1205] Fetching weather for Répáspuszta...
2026-06-07 18:50:02,345 - root - INFO - Fetched weather for Répáspuszta: 22.4°C, Clouds, humidity: 58%
2026-06-07 18:50:03,447 - root - INFO - [384/1205] Fetching weather for Virányos...
2026-06-07 18:50:03,498 - root - INFO - Fetched weather for Virányos: 22.6°C, Clear, humidity: 48%
2026-06-07 18:50:04,600 - root - INFO - [385/1205] Fetching weather for Füzesbokor...
2026-06-07 18:50:04,652 - root - INFO - Fetched weather for Füzesbokor: 22.6°C, Clear, humidity: 71%
2026-06-07 18:50:05,753 - root - INFO - [386/1205] Fetching weather for Kunfehértó...
2026-06-07 18:50:05,805 - root - INFO - Fetched weather for Kunfehértó: 22.2°C, Clouds, humidity: 50%
2026-06-07 18:50:06,906 - root - INFO - [387/1205] Fetching weather for Erdőszél...
2026-06-07 18:50:06,957 - root - INFO - Fetched weather for Erdőszél: 22.1°C, Clouds, humidity: 50%
2026-06-07 18:50:08,059 - root - INFO - [388/1205] Fetching weather for Jánoshalma...
2026-06-07 18:50:08,113 - root - INFO - Fetched weather for Jánoshalma: 22.2°C, Clouds, humidity: 51%
2026-06-07 18:50:09,214 - root - INFO - [389/1205] Fetching weather for Mélykút...
2026-06-07 18:50:09,262 - root - INFO - Fetched weather for Mélykút: 23.8°C, Clouds, humidity: 51%
2026-06-07 18:50:10,363 - root - INFO - [390/1205] Fetching weather for Bácsalmás...
2026-06-07 18:50:10,420 - root - INFO - Fetched weather for Bácsalmás: 23.8°C, Clouds, humidity: 52%
2026-06-07 18:50:11,522 - root - INFO - [391/1205] Fetching weather for Almás...
2026-06-07 18:50:11,572 - root - INFO - Fetched weather for Almás: 23.9°C, Clouds, humidity: 52%
2026-06-07 18:50:12,674 - root - INFO - [392/1205] Fetching weather for Bácsbokod-Bácsborsód...
2026-06-07 18:50:12,723 - root - INFO - Fetched weather for Bácsbokod-Bácsborsód: 22.0°C, Clouds, humidity: 53%
2026-06-07 18:50:13,824 - root - INFO - [393/1205] Fetching weather for Baja...
2026-06-07 18:50:13,878 - root - INFO - Fetched weather for Baja: 22.2°C, Clouds, humidity: 53%
2026-06-07 18:50:14,980 - root - INFO - [394/1205] Fetching weather for Harkakötöny...
2026-06-07 18:50:15,030 - root - INFO - Fetched weather for Harkakötöny: 22.3°C, Clouds, humidity: 49%
2026-06-07 18:50:16,132 - root - INFO - [395/1205] Fetching weather for Tajó...
2026-06-07 18:50:16,188 - root - INFO - Fetched weather for Tajó: 22.3°C, Clouds, humidity: 49%
2026-06-07 18:50:17,290 - root - INFO - [396/1205] Fetching weather for Kiskunmajsa...
2026-06-07 18:50:17,341 - root - INFO - Fetched weather for Kiskunmajsa: 22.3°C, Clouds, humidity: 49%
2026-06-07 18:50:18,443 - root - INFO - [397/1205] Fetching weather for Jászszentlászló...
2026-06-07 18:50:18,498 - root - INFO - Fetched weather for Jászszentlászló: 22.3°C, Clouds, humidity: 49%
2026-06-07 18:50:19,600 - root - INFO - [398/1205] Fetching weather for Galambos...
2026-06-07 18:50:19,654 - root - INFO - Fetched weather for Galambos: 22.2°C, Clouds, humidity: 50%
2026-06-07 18:50:20,756 - root - INFO - [399/1205] Fetching weather for Pestszentimre...
2026-06-07 18:50:20,804 - root - INFO - Fetched weather for Pestszentimre: 23.6°C, Clear, humidity: 46%
2026-06-07 18:50:21,905 - root - INFO - [400/1205] Fetching weather for Gyál felső...
2026-06-07 18:50:21,953 - root - INFO - Fetched weather for Gyál felső: 23.9°C, Clear, humidity: 45%
2026-06-07 18:50:23,055 - root - INFO - [401/1205] Fetching weather for Gyál...
2026-06-07 18:50:23,103 - root - INFO - Fetched weather for Gyál: 24.0°C, Clear, humidity: 45%
2026-06-07 18:50:24,204 - root - INFO - [402/1205] Fetching weather for Ócsa...
2026-06-07 18:50:24,253 - root - INFO - Fetched weather for Ócsa: 23.9°C, Clear, humidity: 44%
2026-06-07 18:50:25,354 - root - INFO - [403/1205] Fetching weather for Inárcs-Kakucs...
2026-06-07 18:50:25,412 - root - INFO - Fetched weather for Inárcs-Kakucs: 24.0°C, Clear, humidity: 48%
2026-06-07 18:50:26,514 - root - INFO - [404/1205] Fetching weather for Dabas...
2026-06-07 18:50:26,567 - root - INFO - Fetched weather for Dabas: 21.9°C, Clear, humidity: 49%
2026-06-07 18:50:27,669 - root - INFO - [405/1205] Fetching weather for Gyón...
2026-06-07 18:50:27,719 - root - INFO - Fetched weather for Gyón: 21.9°C, Clear, humidity: 49%
2026-06-07 18:50:28,820 - root - INFO - [406/1205] Fetching weather for Hernád...
2026-06-07 18:50:28,871 - root - INFO - Fetched weather for Hernád: 21.8°C, Clear, humidity: 49%
2026-06-07 18:50:29,973 - root - INFO - [407/1205] Fetching weather for Bakonygyirót...
2026-06-07 18:50:30,033 - root - INFO - Fetched weather for Bakonygyirót: 22.7°C, Clouds, humidity: 54%
2026-06-07 18:50:31,135 - root - INFO - [408/1205] Fetching weather for Vinye...
2026-06-07 18:50:31,189 - root - INFO - Fetched weather for Vinye: 22.4°C, Clouds, humidity: 55%
2026-06-07 18:50:32,291 - root - INFO - [409/1205] Fetching weather for Nemesgörzsöny...
2026-06-07 18:50:32,348 - root - INFO - Fetched weather for Nemesgörzsöny: 23.0°C, Clouds, humidity: 52%
2026-06-07 18:50:33,450 - root - INFO - [410/1205] Fetching weather for Rábahíd...
2026-06-07 18:50:33,497 - root - INFO - Fetched weather for Rábahíd: 22.9°C, Clouds, humidity: 52%
2026-06-07 18:50:34,599 - root - INFO - [411/1205] Fetching weather for Öskü...
2026-06-07 18:50:34,650 - root - INFO - Fetched weather for Öskü: 23.0°C, Clouds, humidity: 55%
2026-06-07 18:50:35,751 - root - INFO - [412/1205] Fetching weather for Márkó...
2026-06-07 18:50:35,812 - root - INFO - Fetched weather for Márkó: 22.7°C, Clouds, humidity: 57%
2026-06-07 18:50:36,914 - root - INFO - [413/1205] Fetching weather for Nemeskocs...
2026-06-07 18:50:36,968 - root - INFO - Fetched weather for Nemeskocs: 23.0°C, Rain, humidity: 54%
2026-06-07 18:50:38,070 - root - INFO - [414/1205] Fetching weather for Zalagyömörő...
2026-06-07 18:50:38,125 - root - INFO - Fetched weather for Zalagyömörő: 23.1°C, Clouds, humidity: 53%
2026-06-07 18:50:39,226 - root - INFO - [415/1205] Fetching weather for Rigács...
2026-06-07 18:50:39,283 - root - INFO - Fetched weather for Rigács: 23.1°C, Clouds, humidity: 53%
2026-06-07 18:50:40,385 - root - INFO - [416/1205] Fetching weather for Kemenespálfa...
2026-06-07 18:50:40,443 - root - INFO - Fetched weather for Kemenespálfa: 23.1°C, Clouds, humidity: 54%
2026-06-07 18:50:41,545 - root - INFO - [417/1205] Fetching weather for Lentiszombathely...
2026-06-07 18:50:41,602 - root - INFO - Fetched weather for Lentiszombathely: 20.5°C, Clouds, humidity: 61%
2026-06-07 18:50:42,703 - root - INFO - [418/1205] Fetching weather for Ortaháza...
2026-06-07 18:50:42,752 - root - INFO - Fetched weather for Ortaháza: 21.8°C, Clouds, humidity: 60%
2026-06-07 18:50:43,854 - root - INFO - [419/1205] Fetching weather for Rádiháza...
2026-06-07 18:50:43,910 - root - INFO - Fetched weather for Rádiháza: 21.8°C, Clouds, humidity: 59%
2026-06-07 18:50:45,012 - root - INFO - [420/1205] Fetching weather for Baktüttös...
2026-06-07 18:50:45,068 - root - INFO - Fetched weather for Baktüttös: 22.1°C, Clouds, humidity: 58%
2026-06-07 18:50:46,170 - root - INFO - [421/1205] Fetching weather for Budafa...
2026-06-07 18:50:46,230 - root - INFO - Fetched weather for Budafa: 21.9°C, Clouds, humidity: 63%
2026-06-07 18:50:47,331 - root - INFO - [422/1205] Fetching weather for Zalapatakalja...
2026-06-07 18:50:47,382 - root - INFO - Fetched weather for Zalapatakalja: 21.9°C, Clouds, humidity: 64%
2026-06-07 18:50:48,483 - root - INFO - [423/1205] Fetching weather for Tormásliget...
2026-06-07 18:50:48,538 - root - INFO - Fetched weather for Tormásliget: 20.9°C, Clouds, humidity: 69%
2026-06-07 18:50:49,640 - root - INFO - [424/1205] Fetching weather for Belecska...
2026-06-07 18:50:49,693 - root - INFO - Fetched weather for Belecska: 22.9°C, Clouds, humidity: 55%
2026-06-07 18:50:50,794 - root - INFO - [425/1205] Fetching weather for Almár...
2026-06-07 18:50:50,850 - root - INFO - Fetched weather for Almár: 20.4°C, Clear, humidity: 100%
2026-06-07 18:50:51,951 - root - INFO - [426/1205] Fetching weather for Vasútmúzeum...
2026-06-07 18:50:52,003 - root - INFO - Fetched weather for Vasútmúzeum: 22.8°C, Clouds, humidity: 46%
2026-06-07 18:50:53,104 - root - INFO - [427/1205] Fetching weather for Abda...
2026-06-07 18:50:53,166 - root - INFO - Fetched weather for Abda: 22.5°C, Clouds, humidity: 54%
2026-06-07 18:50:54,267 - root - INFO - [428/1205] Fetching weather for Vadaspark...
2026-06-07 18:50:54,320 - root - INFO - Fetched weather for Vadaspark: 21.1°C, Clouds, humidity: 48%
2026-06-07 18:50:55,422 - root - INFO - [429/1205] Fetching weather for Barosstelep...
2026-06-07 18:50:55,477 - root - INFO - Fetched weather for Barosstelep: 23.5°C, Clouds, humidity: 47%
2026-06-07 18:50:56,579 - root - INFO - [430/1205] Fetching weather for Fegyvernek-Örményes...
2026-06-07 18:50:56,636 - root - INFO - Fetched weather for Fegyvernek-Örményes: 22.2°C, Clear, humidity: 52%
2026-06-07 18:50:57,737 - root - INFO - [431/1205] Fetching weather for Zagyvapálfalva...
2026-06-07 18:50:57,791 - root - INFO - Fetched weather for Zagyvapálfalva: 19.8°C, Clear, humidity: 68%
2026-06-07 18:50:58,893 - root - INFO - [432/1205] Fetching weather for Salgótarján...
2026-06-07 18:50:58,941 - root - INFO - Fetched weather for Salgótarján: 19.1°C, Clear, humidity: 68%
2026-06-07 18:51:00,043 - root - INFO - [433/1205] Fetching weather for Szabadisóstó...
2026-06-07 18:51:00,093 - root - INFO - Fetched weather for Szabadisóstó: 23.6°C, Clouds, humidity: 55%
2026-06-07 18:51:01,195 - root - INFO - [434/1205] Fetching weather for Siófok...
2026-06-07 18:51:01,249 - root - INFO - Fetched weather for Siófok: 23.7°C, Clouds, humidity: 55%
2026-06-07 18:51:02,350 - root - INFO - [435/1205] Fetching weather for Balatonszéplak felső...
2026-06-07 18:51:02,409 - root - INFO - Fetched weather for Balatonszéplak felső: 23.6°C, Clouds, humidity: 55%
2026-06-07 18:51:03,511 - root - INFO - [436/1205] Fetching weather for Balatonszéplak alsó...
2026-06-07 18:51:03,559 - root - INFO - Fetched weather for Balatonszéplak alsó: 23.7°C, Clouds, humidity: 55%
2026-06-07 18:51:04,661 - root - INFO - [437/1205] Fetching weather for Zamárdi felső...
2026-06-07 18:51:04,713 - root - INFO - Fetched weather for Zamárdi felső: 23.7°C, Clouds, humidity: 55%
2026-06-07 18:51:05,815 - root - INFO - [438/1205] Fetching weather for Zamárdi...
2026-06-07 18:51:05,870 - root - INFO - Fetched weather for Zamárdi: 23.7°C, Clouds, humidity: 55%
2026-06-07 18:51:06,971 - root - INFO - [439/1205] Fetching weather for Szántód...
2026-06-07 18:51:07,021 - root - INFO - Fetched weather for Szántód: 23.7°C, Clouds, humidity: 55%
2026-06-07 18:51:08,123 - root - INFO - [440/1205] Fetching weather for Szőny-Déli...
2026-06-07 18:51:08,173 - root - INFO - Fetched weather for Szőny-Déli: 21.9°C, Clear, humidity: 56%
2026-06-07 18:51:09,274 - root - INFO - [441/1205] Fetching weather for Várpalota...
2026-06-07 18:51:09,330 - root - INFO - Fetched weather for Várpalota: 22.5°C, Clouds, humidity: 55%
2026-06-07 18:51:10,432 - root - INFO - [442/1205] Fetching weather for Pétfürdő...
2026-06-07 18:51:10,486 - root - INFO - Fetched weather for Pétfürdő: 23.0°C, Clouds, humidity: 55%
2026-06-07 18:51:11,588 - root - INFO - [443/1205] Fetching weather for Hajmáskér...
2026-06-07 18:51:11,652 - root - INFO - Fetched weather for Hajmáskér: 22.8°C, Clouds, humidity: 55%
2026-06-07 18:51:12,754 - root - INFO - [444/1205] Fetching weather for Veszprém...
2026-06-07 18:51:12,805 - root - INFO - Fetched weather for Veszprém: 23.0°C, Clouds, humidity: 57%
2026-06-07 18:51:13,907 - root - INFO - [445/1205] Fetching weather for Herend...
2026-06-07 18:51:13,954 - root - INFO - Fetched weather for Herend: 22.7°C, Clouds, humidity: 57%
2026-06-07 18:51:15,055 - root - INFO - [446/1205] Fetching weather for Városlőd...
2026-06-07 18:51:15,108 - root - INFO - Fetched weather for Városlőd: 22.4°C, Clouds, humidity: 56%
2026-06-07 18:51:16,210 - root - INFO - [447/1205] Fetching weather for Városlőd-Kislőd...
2026-06-07 18:51:16,257 - root - INFO - Fetched weather for Városlőd-Kislőd: 23.0°C, Clouds, humidity: 56%
2026-06-07 18:51:17,359 - root - INFO - [448/1205] Fetching weather for Ajka...
2026-06-07 18:51:17,406 - root - INFO - Fetched weather for Ajka: 23.3°C, Clouds, humidity: 54%
2026-06-07 18:51:18,508 - root - INFO - [449/1205] Fetching weather for Ajka-Gyártelep...
2026-06-07 18:51:18,556 - root - INFO - Fetched weather for Ajka-Gyártelep: 23.3°C, Clouds, humidity: 54%
2026-06-07 18:51:19,658 - root - INFO - [450/1205] Fetching weather for Devecser...
2026-06-07 18:51:19,717 - root - INFO - Fetched weather for Devecser: 23.4°C, Clouds, humidity: 53%
2026-06-07 18:51:20,818 - root - INFO - [451/1205] Fetching weather for Somlóvásárhely...
2026-06-07 18:51:20,869 - root - INFO - Fetched weather for Somlóvásárhely: 23.2°C, Clouds, humidity: 53%
2026-06-07 18:51:21,971 - root - INFO - [452/1205] Fetching weather for Tüskevár...
2026-06-07 18:51:22,024 - root - INFO - Fetched weather for Tüskevár: 23.3°C, Clouds, humidity: 53%
2026-06-07 18:51:23,125 - root - INFO - [453/1205] Fetching weather for Karakószörcsök...
2026-06-07 18:51:23,178 - root - INFO - Fetched weather for Karakószörcsök: 23.2°C, Clouds, humidity: 53%
2026-06-07 18:51:24,279 - root - INFO - [454/1205] Fetching weather for Kerta...
2026-06-07 18:51:24,334 - root - INFO - Fetched weather for Kerta: 23.1°C, Rain, humidity: 53%
2026-06-07 18:51:25,435 - root - INFO - [455/1205] Fetching weather for Boba...
2026-06-07 18:51:25,489 - root - INFO - Fetched weather for Boba: 23.0°C, Rain, humidity: 54%
2026-06-07 18:51:26,591 - root - INFO - [456/1205] Fetching weather for Börgönd...
2026-06-07 18:51:26,639 - root - INFO - Fetched weather for Börgönd: 22.4°C, Clouds, humidity: 53%
2026-06-07 18:51:27,741 - root - INFO - [457/1205] Fetching weather for Belsőbáránd...
2026-06-07 18:51:27,790 - root - INFO - Fetched weather for Belsőbáránd: 22.5°C, Clouds, humidity: 53%
2026-06-07 18:51:28,892 - root - INFO - [458/1205] Fetching weather for Zichyújfalu...
2026-06-07 18:51:28,950 - root - INFO - Fetched weather for Zichyújfalu: 22.1°C, Clouds, humidity: 52%
2026-06-07 18:51:30,051 - root - INFO - [459/1205] Fetching weather for Seregélyes...
2026-06-07 18:51:30,105 - root - INFO - Fetched weather for Seregélyes: 22.4°C, Clouds, humidity: 53%
2026-06-07 18:51:31,207 - root - INFO - [460/1205] Fetching weather for Polgárdi-Ipartelepek...
2026-06-07 18:51:31,259 - root - INFO - Fetched weather for Polgárdi-Ipartelepek: 22.6°C, Clouds, humidity: 54%
2026-06-07 18:51:32,360 - root - INFO - [461/1205] Fetching weather for Polgárdi...
2026-06-07 18:51:32,411 - root - INFO - Fetched weather for Polgárdi: 22.6°C, Clouds, humidity: 54%
2026-06-07 18:51:33,513 - root - INFO - [462/1205] Fetching weather for Füle...
2026-06-07 18:51:33,561 - root - INFO - Fetched weather for Füle: 22.7°C, Clouds, humidity: 54%
2026-06-07 18:51:34,663 - root - INFO - [463/1205] Fetching weather for Zánka-Erzsébettábor...
2026-06-07 18:51:34,714 - root - INFO - Fetched weather for Zánka-Erzsébettábor: 23.8°C, Clouds, humidity: 56%
2026-06-07 18:51:35,815 - root - INFO - [464/1205] Fetching weather for Csajág...
2026-06-07 18:51:35,868 - root - INFO - Fetched weather for Csajág: 23.1°C, Clouds, humidity: 55%
2026-06-07 18:51:36,969 - root - INFO - [465/1205] Fetching weather for Balatonakarattya...
2026-06-07 18:51:37,023 - root - INFO - Fetched weather for Balatonakarattya: 23.1°C, Clouds, humidity: 55%
2026-06-07 18:51:38,124 - root - INFO - [466/1205] Fetching weather for Csittényhegy...
2026-06-07 18:51:38,173 - root - INFO - Fetched weather for Csittényhegy: 23.4°C, Clouds, humidity: 55%
2026-06-07 18:51:39,274 - root - INFO - [467/1205] Fetching weather for Balatonkenese...
2026-06-07 18:51:39,322 - root - INFO - Fetched weather for Balatonkenese: 23.6°C, Clouds, humidity: 55%
2026-06-07 18:51:40,423 - root - INFO - [468/1205] Fetching weather for Balatonfűzfő...
2026-06-07 18:51:40,473 - root - INFO - Fetched weather for Balatonfűzfő: 23.4°C, Clouds, humidity: 56%
2026-06-07 18:51:41,574 - root - INFO - [469/1205] Fetching weather for Balatonalmádi...
2026-06-07 18:51:41,628 - root - INFO - Fetched weather for Balatonalmádi: 23.6°C, Clouds, humidity: 56%
2026-06-07 18:51:42,730 - root - INFO - [470/1205] Fetching weather for Káptalanfüred...
2026-06-07 18:51:42,782 - root - INFO - Fetched weather for Káptalanfüred: 22.8°C, Clouds, humidity: 56%
2026-06-07 18:51:43,883 - root - INFO - [471/1205] Fetching weather for Alsóörs...
2026-06-07 18:51:43,937 - root - INFO - Fetched weather for Alsóörs: 22.8°C, Clouds, humidity: 56%
2026-06-07 18:51:45,039 - root - INFO - [472/1205] Fetching weather for Csopak...
2026-06-07 18:51:45,092 - root - INFO - Fetched weather for Csopak: 23.2°C, Clouds, humidity: 56%
2026-06-07 18:51:46,194 - root - INFO - [473/1205] Fetching weather for Balatonarács...
2026-06-07 18:51:46,248 - root - INFO - Fetched weather for Balatonarács: 23.2°C, Clouds, humidity: 56%
2026-06-07 18:51:47,350 - root - INFO - [474/1205] Fetching weather for Balatonfüred...
2026-06-07 18:51:47,402 - root - INFO - Fetched weather for Balatonfüred: 23.7°C, Clouds, humidity: 56%
2026-06-07 18:51:48,504 - root - INFO - [475/1205] Fetching weather for Aszófő...
2026-06-07 18:51:48,557 - root - INFO - Fetched weather for Aszófő: 23.6°C, Clouds, humidity: 56%
2026-06-07 18:51:49,658 - root - INFO - [476/1205] Fetching weather for Örvényes...
2026-06-07 18:51:49,713 - root - INFO - Fetched weather for Örvényes: 23.6°C, Clouds, humidity: 56%
2026-06-07 18:51:50,814 - root - INFO - [477/1205] Fetching weather for Balatonudvari...
2026-06-07 18:51:50,876 - root - INFO - Fetched weather for Balatonudvari: 23.2°C, Clouds, humidity: 56%
2026-06-07 18:51:51,978 - root - INFO - [478/1205] Fetching weather for Fövenyes...
2026-06-07 18:51:52,037 - root - INFO - Fetched weather for Fövenyes: 23.8°C, Clouds, humidity: 56%
2026-06-07 18:51:53,139 - root - INFO - [479/1205] Fetching weather for Balatonakali-Dörgicse...
2026-06-07 18:51:53,195 - root - INFO - Fetched weather for Balatonakali-Dörgicse: 23.4°C, Clouds, humidity: 56%
2026-06-07 18:51:54,296 - root - INFO - [480/1205] Fetching weather for Zánka-Köveskál...
2026-06-07 18:51:54,350 - root - INFO - Fetched weather for Zánka-Köveskál: 23.4°C, Clouds, humidity: 56%
2026-06-07 18:51:55,451 - root - INFO - [481/1205] Fetching weather for Balatonszepezd...
2026-06-07 18:51:55,503 - root - INFO - Fetched weather for Balatonszepezd: 23.8°C, Clouds, humidity: 56%
2026-06-07 18:51:56,604 - root - INFO - [482/1205] Fetching weather for Szepezdfürdő...
2026-06-07 18:51:56,656 - root - INFO - Fetched weather for Szepezdfürdő: 22.7°C, Clouds, humidity: 56%
2026-06-07 18:51:57,758 - root - INFO - [483/1205] Fetching weather for Révfülöp...
2026-06-07 18:51:57,810 - root - INFO - Fetched weather for Révfülöp: 22.7°C, Clouds, humidity: 56%
2026-06-07 18:51:58,911 - root - INFO - [484/1205] Fetching weather for Balatonrendes...
2026-06-07 18:51:58,968 - root - INFO - Fetched weather for Balatonrendes: 23.3°C, Clouds, humidity: 56%
2026-06-07 18:52:00,070 - root - INFO - [485/1205] Fetching weather for Ábrahámhegy...
2026-06-07 18:52:00,120 - root - INFO - Fetched weather for Ábrahámhegy: 23.3°C, Clouds, humidity: 56%
2026-06-07 18:52:01,222 - root - INFO - [486/1205] Fetching weather for Badacsonyörs...
2026-06-07 18:52:01,271 - root - INFO - Fetched weather for Badacsonyörs: 23.5°C, Clouds, humidity: 56%
2026-06-07 18:52:02,373 - root - INFO - [487/1205] Fetching weather for Kisújszállás...
2026-06-07 18:52:02,427 - root - INFO - Fetched weather for Kisújszállás: 22.1°C, Clear, humidity: 53%
2026-06-07 18:52:03,528 - root - INFO - [488/1205] Fetching weather for Karcag...
2026-06-07 18:52:03,577 - root - INFO - Fetched weather for Karcag: 21.9°C, Clear, humidity: 56%
2026-06-07 18:52:04,679 - root - INFO - [489/1205] Fetching weather for Püspökladány...
2026-06-07 18:52:04,738 - root - INFO - Fetched weather for Püspökladány: 21.8°C, Clear, humidity: 58%
2026-06-07 18:52:05,840 - root - INFO - [490/1205] Fetching weather for Kaba...
2026-06-07 18:52:05,893 - root - INFO - Fetched weather for Kaba: 21.8°C, Clear, humidity: 58%
2026-06-07 18:52:06,995 - root - INFO - [491/1205] Fetching weather for Hajdúszoboszló...
2026-06-07 18:52:07,057 - root - INFO - Fetched weather for Hajdúszoboszló: 21.6°C, Clear, humidity: 59%
2026-06-07 18:52:08,159 - root - INFO - [492/1205] Fetching weather for Ebes...
2026-06-07 18:52:08,211 - root - INFO - Fetched weather for Ebes: 21.5°C, Clear, humidity: 59%
2026-06-07 18:52:09,313 - root - INFO - [493/1205] Fetching weather for Debrecen...
2026-06-07 18:52:09,362 - root - INFO - Fetched weather for Debrecen: 21.4°C, Clouds, humidity: 58%
2026-06-07 18:52:10,463 - root - INFO - [494/1205] Fetching weather for Debrecen-Csapókert...
2026-06-07 18:52:10,508 - root - INFO - Fetched weather for Debrecen-Csapókert: 21.3°C, Clouds, humidity: 58%
2026-06-07 18:52:11,610 - root - INFO - [495/1205] Fetching weather for Apafa...
2026-06-07 18:52:11,664 - root - INFO - Fetched weather for Apafa: 21.3°C, Clouds, humidity: 57%
2026-06-07 18:52:12,766 - root - INFO - [496/1205] Fetching weather for Bocskaikert...
2026-06-07 18:52:12,813 - root - INFO - Fetched weather for Bocskaikert: 21.2°C, Clouds, humidity: 57%
2026-06-07 18:52:13,914 - root - INFO - [497/1205] Fetching weather for Hajdúhadház...
2026-06-07 18:52:13,962 - root - INFO - Fetched weather for Hajdúhadház: 21.3°C, Clouds, humidity: 57%
2026-06-07 18:52:15,064 - root - INFO - [498/1205] Fetching weather for Téglás...
2026-06-07 18:52:15,111 - root - INFO - Fetched weather for Téglás: 21.4°C, Clouds, humidity: 57%
2026-06-07 18:52:16,213 - root - INFO - [499/1205] Fetching weather for Újfehértó...
2026-06-07 18:52:16,262 - root - INFO - Fetched weather for Újfehértó: 21.3°C, Clouds, humidity: 61%
2026-06-07 18:52:17,363 - root - INFO - [500/1205] Fetching weather for Nyíregyháza...
2026-06-07 18:52:17,416 - root - INFO - Fetched weather for Nyíregyháza: 21.0°C, Clouds, humidity: 68%
2026-06-07 18:52:18,518 - root - INFO - [501/1205] Fetching weather for Sóstó...
2026-06-07 18:52:18,564 - root - INFO - Fetched weather for Sóstó: 22.6°C, Clear, humidity: 71%
2026-06-07 18:52:19,665 - root - INFO - [502/1205] Fetching weather for Sóstóhegy...
2026-06-07 18:52:19,721 - root - INFO - Fetched weather for Sóstóhegy: 22.6°C, Clear, humidity: 73%
2026-06-07 18:52:20,822 - root - INFO - [503/1205] Fetching weather for Kemecse...
2026-06-07 18:52:20,875 - root - INFO - Fetched weather for Kemecse: 20.7°C, Clear, humidity: 75%
2026-06-07 18:52:21,977 - root - INFO - [504/1205] Fetching weather for Nyírbogdány...
2026-06-07 18:52:22,034 - root - INFO - Fetched weather for Nyírbogdány: 20.6°C, Clear, humidity: 75%
2026-06-07 18:52:23,135 - root - INFO - [505/1205] Fetching weather for Kék...
2026-06-07 18:52:23,180 - root - INFO - Fetched weather for Kék: 20.7°C, Clouds, humidity: 74%
2026-06-07 18:52:24,282 - root - INFO - [506/1205] Fetching weather for Demecser...
2026-06-07 18:52:24,330 - root - INFO - Fetched weather for Demecser: 20.6°C, Clouds, humidity: 74%
2026-06-07 18:52:25,431 - root - INFO - [507/1205] Fetching weather for Gégény...
2026-06-07 18:52:25,488 - root - INFO - Fetched weather for Gégény: 20.6°C, Clouds, humidity: 74%
2026-06-07 18:52:26,590 - root - INFO - [508/1205] Fetching weather for Pátroha...
2026-06-07 18:52:26,642 - root - INFO - Fetched weather for Pátroha: 20.6°C, Clouds, humidity: 74%
2026-06-07 18:52:27,744 - root - INFO - [509/1205] Fetching weather for Ajak...
2026-06-07 18:52:27,801 - root - INFO - Fetched weather for Ajak: 20.6°C, Clouds, humidity: 73%
2026-06-07 18:52:28,902 - root - INFO - [510/1205] Fetching weather for Kisvárda...
2026-06-07 18:52:28,959 - root - INFO - Fetched weather for Kisvárda: 20.6°C, Clouds, humidity: 72%
2026-06-07 18:52:30,061 - root - INFO - [511/1205] Fetching weather for Kisvárda-Hármasút...
2026-06-07 18:52:30,113 - root - INFO - Fetched weather for Kisvárda-Hármasút: 20.6°C, Clouds, humidity: 72%
2026-06-07 18:52:31,215 - root - INFO - [512/1205] Fetching weather for Fényeslitke...
2026-06-07 18:52:31,266 - root - INFO - Fetched weather for Fényeslitke: 20.5°C, Clouds, humidity: 72%
2026-06-07 18:52:32,368 - root - INFO - [513/1205] Fetching weather for Komoró...
2026-06-07 18:52:32,418 - root - INFO - Fetched weather for Komoró: 20.5°C, Clouds, humidity: 73%
2026-06-07 18:52:33,520 - root - INFO - [514/1205] Fetching weather for Tuzsér...
2026-06-07 18:52:33,576 - root - INFO - Fetched weather for Tuzsér: 20.3°C, Clouds, humidity: 74%
2026-06-07 18:52:34,678 - root - INFO - [515/1205] Fetching weather for Tiszabezdéd...
2026-06-07 18:52:34,731 - root - INFO - Fetched weather for Tiszabezdéd: 20.3°C, Clouds, humidity: 74%
2026-06-07 18:52:35,832 - root - INFO - [516/1205] Fetching weather for Záhony...
2026-06-07 18:52:35,885 - root - INFO - Fetched weather for Záhony: 20.2°C, Clouds, humidity: 73%
2026-06-07 18:52:36,987 - root - INFO - [517/1205] Fetching weather for Karcag-Vásártér...
2026-06-07 18:52:37,045 - root - INFO - Fetched weather for Karcag-Vásártér: 22.8°C, Clear, humidity: 56%
2026-06-07 18:52:38,147 - root - INFO - [518/1205] Fetching weather for Berekfürdő...
2026-06-07 18:52:38,202 - root - INFO - Fetched weather for Berekfürdő: 22.8°C, Clear, humidity: 58%
2026-06-07 18:52:39,303 - root - INFO - [519/1205] Fetching weather for Kunmadaras...
2026-06-07 18:52:39,355 - root - INFO - Fetched weather for Kunmadaras: 22.8°C, Clear, humidity: 54%
2026-06-07 18:52:40,456 - root - INFO - [520/1205] Fetching weather for Tiszaszentimre...
2026-06-07 18:52:40,506 - root - INFO - Fetched weather for Tiszaszentimre: 22.8°C, Clear, humidity: 54%
2026-06-07 18:52:41,608 - root - INFO - [521/1205] Fetching weather for Tiszaszőlős...
2026-06-07 18:52:41,665 - root - INFO - Fetched weather for Tiszaszőlős: 22.8°C, Clear, humidity: 54%
2026-06-07 18:52:42,767 - root - INFO - [522/1205] Fetching weather for Hosszúhát...
2026-06-07 18:52:42,816 - root - INFO - Fetched weather for Hosszúhát: 21.9°C, Clear, humidity: 56%
2026-06-07 18:52:43,918 - root - INFO - [523/1205] Fetching weather for Szerep...
2026-06-07 18:52:43,966 - root - INFO - Fetched weather for Szerep: 21.9°C, Clear, humidity: 56%
2026-06-07 18:52:45,067 - root - INFO - [524/1205] Fetching weather for Sárrétudvari...
2026-06-07 18:52:45,116 - root - INFO - Fetched weather for Sárrétudvari: 21.9°C, Clear, humidity: 56%
2026-06-07 18:52:46,218 - root - INFO - [525/1205] Fetching weather for Biharnagybajom...
2026-06-07 18:52:46,272 - root - INFO - Fetched weather for Biharnagybajom: 21.9°C, Clear, humidity: 56%
2026-06-07 18:52:47,373 - root - INFO - [526/1205] Fetching weather for Füzesgyarmat...
2026-06-07 18:52:47,422 - root - INFO - Fetched weather for Füzesgyarmat: 22.2°C, Clear, humidity: 53%
2026-06-07 18:52:48,524 - root - INFO - [527/1205] Fetching weather for Füzesgyarmatfürdő...
2026-06-07 18:52:48,573 - root - INFO - Fetched weather for Füzesgyarmatfürdő: 22.2°C, Clear, humidity: 53%
2026-06-07 18:52:49,674 - root - INFO - [528/1205] Fetching weather for Báránd...
2026-06-07 18:52:49,732 - root - INFO - Fetched weather for Báránd: 21.8°C, Clear, humidity: 57%
2026-06-07 18:52:50,834 - root - INFO - [529/1205] Fetching weather for Sáp...
2026-06-07 18:52:50,883 - root - INFO - Fetched weather for Sáp: 21.9°C, Clear, humidity: 56%
2026-06-07 18:52:51,984 - root - INFO - [530/1205] Fetching weather for Berettyóújfalu...
2026-06-07 18:52:52,032 - root - INFO - Fetched weather for Berettyóújfalu: 22.2°C, Clouds, humidity: 52%
2026-06-07 18:52:53,134 - root - INFO - [531/1205] Fetching weather for Mezőpeterd...
2026-06-07 18:52:53,187 - root - INFO - Fetched weather for Mezőpeterd: 23.1°C, Clouds, humidity: 52%
2026-06-07 18:52:54,288 - root - INFO - [532/1205] Fetching weather for Biharkeresztes...
2026-06-07 18:52:54,339 - root - INFO - Fetched weather for Biharkeresztes: 23.0°C, Clouds, humidity: 50%
2026-06-07 18:52:55,440 - root - INFO - [533/1205] Fetching weather for Tócóvölgy...
2026-06-07 18:52:55,485 - root - INFO - Fetched weather for Tócóvölgy: 21.4°C, Clouds, humidity: 58%
2026-06-07 18:52:56,586 - root - INFO - [534/1205] Fetching weather for Sáregres...
2026-06-07 18:52:56,636 - root - INFO - Fetched weather for Sáregres: 22.7°C, Clouds, humidity: 54%
2026-06-07 18:52:57,738 - root - INFO - [535/1205] Fetching weather for Simontornya...
2026-06-07 18:52:57,791 - root - INFO - Fetched weather for Simontornya: 22.7°C, Clouds, humidity: 55%
2026-06-07 18:52:58,893 - root - INFO - [536/1205] Fetching weather for Tolnanémedi...
2026-06-07 18:52:58,949 - root - INFO - Fetched weather for Tolnanémedi: 22.8°C, Clouds, humidity: 55%
2026-06-07 18:53:00,050 - root - INFO - [537/1205] Fetching weather for Pincehely...
2026-06-07 18:53:00,104 - root - INFO - Fetched weather for Pincehely: 22.8°C, Clouds, humidity: 55%
2026-06-07 18:53:01,205 - root - INFO - [538/1205] Fetching weather for Keszőhidegkút-Gyönk...
2026-06-07 18:53:01,258 - root - INFO - Fetched weather for Keszőhidegkút-Gyönk: 22.8°C, Clouds, humidity: 55%
2026-06-07 18:53:02,360 - root - INFO - [539/1205] Fetching weather for Szárazd...
2026-06-07 18:53:02,415 - root - INFO - Fetched weather for Szárazd: 22.8°C, Clouds, humidity: 55%
2026-06-07 18:53:03,516 - root - INFO - [540/1205] Fetching weather for Regöly...
2026-06-07 18:53:03,561 - root - INFO - Fetched weather for Regöly: 22.8°C, Clouds, humidity: 55%
2026-06-07 18:53:04,663 - root - INFO - [541/1205] Fetching weather for Szakály-Hőgyész...
2026-06-07 18:53:04,714 - root - INFO - Fetched weather for Szakály-Hőgyész: 22.7°C, Clouds, humidity: 55%
2026-06-07 18:53:05,816 - root - INFO - [542/1205] Fetching weather for Dúzs...
2026-06-07 18:53:05,868 - root - INFO - Fetched weather for Dúzs: 22.7°C, Clouds, humidity: 56%
2026-06-07 18:53:06,970 - root - INFO - [543/1205] Fetching weather for Csibrák...
2026-06-07 18:53:07,020 - root - INFO - Fetched weather for Csibrák: 22.7°C, Clouds, humidity: 56%
2026-06-07 18:53:08,122 - root - INFO - [544/1205] Fetching weather for Kurd...
2026-06-07 18:53:08,173 - root - INFO - Fetched weather for Kurd: 22.4°C, Clouds, humidity: 57%
2026-06-07 18:53:09,274 - root - INFO - [545/1205] Fetching weather for Döbrököz...
2026-06-07 18:53:09,327 - root - INFO - Fetched weather for Döbrököz: 22.6°C, Clouds, humidity: 58%
2026-06-07 18:53:10,429 - root - INFO - [546/1205] Fetching weather for Dombóvár...
2026-06-07 18:53:10,483 - root - INFO - Fetched weather for Dombóvár: 22.6°C, Clouds, humidity: 59%
2026-06-07 18:53:11,585 - root - INFO - [547/1205] Fetching weather for Dombóvár alsó...
2026-06-07 18:53:11,644 - root - INFO - Fetched weather for Dombóvár alsó: 22.6°C, Clouds, humidity: 59%
2026-06-07 18:53:12,745 - root - INFO - [548/1205] Fetching weather for Somoskőújfalu...
2026-06-07 18:53:12,796 - root - INFO - Fetched weather for Somoskőújfalu: 17.9°C, Clear, humidity: 68%
2026-06-07 18:53:13,898 - root - INFO - [549/1205] Fetching weather for Jászfényszaru...
2026-06-07 18:53:13,951 - root - INFO - Fetched weather for Jászfényszaru: 21.4°C, Clouds, humidity: 58%
2026-06-07 18:53:15,052 - root - INFO - [550/1205] Fetching weather for Pusztamonostor...
2026-06-07 18:53:15,108 - root - INFO - Fetched weather for Pusztamonostor: 19.9°C, Clouds, humidity: 58%
2026-06-07 18:53:16,209 - root - INFO - [551/1205] Fetching weather for Jászberény...
2026-06-07 18:53:16,257 - root - INFO - Fetched weather for Jászberény: 20.0°C, Clear, humidity: 58%
2026-06-07 18:53:17,358 - root - INFO - [552/1205] Fetching weather for Meggyespele...
2026-06-07 18:53:17,413 - root - INFO - Fetched weather for Meggyespele: 20.1°C, Clear, humidity: 56%
2026-06-07 18:53:18,515 - root - INFO - [553/1205] Fetching weather for Portelek...
2026-06-07 18:53:18,569 - root - INFO - Fetched weather for Portelek: 20.1°C, Clear, humidity: 56%
2026-06-07 18:53:19,671 - root - INFO - [554/1205] Fetching weather for Jászboldogháza-Jánoshida...
2026-06-07 18:53:19,728 - root - INFO - Fetched weather for Jászboldogháza-Jánoshida: 20.1°C, Clear, humidity: 56%
2026-06-07 18:53:20,829 - root - INFO - [555/1205] Fetching weather for Jászárokszállás...
2026-06-07 18:53:20,880 - root - INFO - Fetched weather for Jászárokszállás: 21.3°C, Clear, humidity: 61%
2026-06-07 18:53:21,982 - root - INFO - [556/1205] Fetching weather for Jászdózsa...
2026-06-07 18:53:22,037 - root - INFO - Fetched weather for Jászdózsa: 21.4°C, Clear, humidity: 61%
2026-06-07 18:53:23,139 - root - INFO - [557/1205] Fetching weather for Jászapáti...
2026-06-07 18:53:23,198 - root - INFO - Fetched weather for Jászapáti: 21.5°C, Clear, humidity: 60%
2026-06-07 18:53:24,300 - root - INFO - [558/1205] Fetching weather for Jászkisér...
2026-06-07 18:53:24,350 - root - INFO - Fetched weather for Jászkisér: 22.8°C, Clear, humidity: 59%
2026-06-07 18:53:25,452 - root - INFO - [559/1205] Fetching weather for Jászladány...
2026-06-07 18:53:25,502 - root - INFO - Fetched weather for Jászladány: 20.1°C, Clear, humidity: 58%
2026-06-07 18:53:26,603 - root - INFO - [560/1205] Fetching weather for Szászberek...
2026-06-07 18:53:26,655 - root - INFO - Fetched weather for Szászberek: 20.1°C, Clear, humidity: 56%
2026-06-07 18:53:27,756 - root - INFO - [561/1205] Fetching weather for Gyöngyöshalász...
2026-06-07 18:53:27,812 - root - INFO - Fetched weather for Gyöngyöshalász: 21.0°C, Clouds, humidity: 62%
2026-06-07 18:53:28,914 - root - INFO - [562/1205] Fetching weather for Gyöngyös...
2026-06-07 18:53:28,973 - root - INFO - Fetched weather for Gyöngyös: 20.6°C, Clouds, humidity: 63%
2026-06-07 18:53:30,074 - root - INFO - [563/1205] Fetching weather for Erdőtelek...
2026-06-07 18:53:30,129 - root - INFO - Fetched weather for Erdőtelek: 21.3°C, Clear, humidity: 63%
2026-06-07 18:53:31,230 - root - INFO - [564/1205] Fetching weather for Heves...
2026-06-07 18:53:31,282 - root - INFO - Fetched weather for Heves: 22.7°C, Clear, humidity: 61%
2026-06-07 18:53:32,383 - root - INFO - [565/1205] Fetching weather for Hevesvezekény...
2026-06-07 18:53:32,439 - root - INFO - Fetched weather for Hevesvezekény: 22.8°C, Clear, humidity: 54%
2026-06-07 18:53:33,541 - root - INFO - [566/1205] Fetching weather for Tarnaszentmiklós...
2026-06-07 18:53:33,592 - root - INFO - Fetched weather for Tarnaszentmiklós: 22.8°C, Clear, humidity: 54%
2026-06-07 18:53:34,693 - root - INFO - [567/1205] Fetching weather for Kisköre...
2026-06-07 18:53:34,747 - root - INFO - Fetched weather for Kisköre: 22.8°C, Clear, humidity: 54%
2026-06-07 18:53:35,848 - root - INFO - [568/1205] Fetching weather for Abádszalók...
2026-06-07 18:53:35,902 - root - INFO - Fetched weather for Abádszalók: 22.8°C, Clear, humidity: 54%
2026-06-07 18:53:37,003 - root - INFO - [569/1205] Fetching weather for Kunhegyes...
2026-06-07 18:53:37,052 - root - INFO - Fetched weather for Kunhegyes: 22.8°C, Clear, humidity: 54%
2026-06-07 18:53:38,154 - root - INFO - [570/1205] Fetching weather for Kenderes...
2026-06-07 18:53:38,200 - root - INFO - Fetched weather for Kenderes: 22.8°C, Clear, humidity: 53%
2026-06-07 18:53:39,301 - root - INFO - [571/1205] Fetching weather for Maklár...
2026-06-07 18:53:39,354 - root - INFO - Fetched weather for Maklár: 19.6°C, Clear, humidity: 66%
2026-06-07 18:53:40,455 - root - INFO - [572/1205] Fetching weather for Andornaktálya...
2026-06-07 18:53:40,508 - root - INFO - Fetched weather for Andornaktálya: 19.5°C, Clear, humidity: 67%
2026-06-07 18:53:41,609 - root - INFO - [573/1205] Fetching weather for Eger...
2026-06-07 18:53:41,659 - root - INFO - Fetched weather for Eger: 19.4°C, Clear, humidity: 69%
2026-06-07 18:53:42,761 - root - INFO - [574/1205] Fetching weather for Egervár...
2026-06-07 18:53:42,813 - root - INFO - Fetched weather for Egervár: 19.2°C, Clear, humidity: 89%
2026-06-07 18:53:43,915 - root - INFO - [575/1205] Fetching weather for Eger-Felnémet...
2026-06-07 18:53:43,965 - root - INFO - Fetched weather for Eger-Felnémet: 19.3°C, Clear, humidity: 89%
2026-06-07 18:53:45,067 - root - INFO - [576/1205] Fetching weather for Szarvaskő...
2026-06-07 18:53:45,122 - root - INFO - Fetched weather for Szarvaskő: 18.9°C, Clear, humidity: 89%
2026-06-07 18:53:46,223 - root - INFO - [577/1205] Fetching weather for Mónosbél...
2026-06-07 18:53:46,269 - root - INFO - Fetched weather for Mónosbél: 18.7°C, Clear, humidity: 89%
2026-06-07 18:53:47,370 - root - INFO - [578/1205] Fetching weather for Bélapátfalva...
2026-06-07 18:53:47,421 - root - INFO - Fetched weather for Bélapátfalva: 18.4°C, Clear, humidity: 89%
2026-06-07 18:53:48,523 - root - INFO - [579/1205] Fetching weather for Bélapátfalvi Cementgyár...
2026-06-07 18:53:48,571 - root - INFO - Fetched weather for Bélapátfalvi Cementgyár: 18.4°C, Clear, humidity: 89%
2026-06-07 18:53:49,673 - root - INFO - [580/1205] Fetching weather for Szilvásvárad...
2026-06-07 18:53:49,722 - root - INFO - Fetched weather for Szilvásvárad: 18.2°C, Clear, humidity: 89%
2026-06-07 18:53:50,824 - root - INFO - [581/1205] Fetching weather for Hejőkeresztúr...
2026-06-07 18:53:50,876 - root - INFO - Fetched weather for Hejőkeresztúr: 25.0°C, Clear, humidity: 50%
2026-06-07 18:53:51,978 - root - INFO - [582/1205] Fetching weather for Tiszaújváros...
2026-06-07 18:53:52,040 - root - INFO - Fetched weather for Tiszaújváros: 25.0°C, Clear, humidity: 50%
2026-06-07 18:53:53,141 - root - INFO - [583/1205] Fetching weather for Miskolc-Gömöri...
2026-06-07 18:53:53,192 - root - INFO - Fetched weather for Miskolc-Gömöri: 20.1°C, Clear, humidity: 72%
2026-06-07 18:53:54,293 - root - INFO - [584/1205] Fetching weather for Sajókeresztúr...
2026-06-07 18:53:54,344 - root - INFO - Fetched weather for Sajókeresztúr: 20.1°C, Clear, humidity: 67%
2026-06-07 18:53:55,446 - root - INFO - [585/1205] Fetching weather for Sajóecseg...
2026-06-07 18:53:55,505 - root - INFO - Fetched weather for Sajóecseg: 20.1°C, Clear, humidity: 67%
2026-06-07 18:53:56,607 - root - INFO - [586/1205] Fetching weather for Sajószentpéter...
2026-06-07 18:53:56,660 - root - INFO - Fetched weather for Sajószentpéter: 19.6°C, Clear, humidity: 69%
2026-06-07 18:53:57,762 - root - INFO - [587/1205] Fetching weather for Kazincbarcika...
2026-06-07 18:53:57,810 - root - INFO - Fetched weather for Kazincbarcika: 19.6°C, Clouds, humidity: 70%
2026-06-07 18:53:58,912 - root - INFO - [588/1205] Fetching weather for Sajókaza...
2026-06-07 18:53:58,967 - root - INFO - Fetched weather for Sajókaza: 22.0°C, Clouds, humidity: 70%
2026-06-07 18:54:00,069 - root - INFO - [589/1205] Fetching weather for Vadna...
2026-06-07 18:54:00,117 - root - INFO - Fetched weather for Vadna: 22.0°C, Clouds, humidity: 70%
2026-06-07 18:54:01,218 - root - INFO - [590/1205] Fetching weather for Dubicsány...
2026-06-07 18:54:01,274 - root - INFO - Fetched weather for Dubicsány: 22.0°C, Clouds, humidity: 41%
2026-06-07 18:54:02,376 - root - INFO - [591/1205] Fetching weather for Raposka...
2026-06-07 18:54:02,431 - root - INFO - Fetched weather for Raposka: 23.5°C, Clouds, humidity: 54%
2026-06-07 18:54:03,533 - root - INFO - [592/1205] Fetching weather for Ivacs...
2026-06-07 18:54:03,586 - root - INFO - Fetched weather for Ivacs: 22.4°C, Clouds, humidity: 47%
2026-06-07 18:54:04,688 - root - INFO - [593/1205] Fetching weather for Kisköre-Tiszahíd...
2026-06-07 18:54:04,741 - root - INFO - Fetched weather for Kisköre-Tiszahíd: 22.8°C, Clear, humidity: 54%
2026-06-07 18:54:05,842 - root - INFO - [594/1205] Fetching weather for Rozsály...
2026-06-07 18:54:05,895 - root - INFO - Fetched weather for Rozsály: 18.9°C, Clouds, humidity: 67%
2026-06-07 18:54:06,996 - root - INFO - [595/1205] Fetching weather for Pusztakettős...
2026-06-07 18:54:07,044 - root - INFO - Fetched weather for Pusztakettős: 22.8°C, Clear, humidity: 54%
2026-06-07 18:54:08,145 - root - INFO - [596/1205] Fetching weather for Kisvác...
2026-06-07 18:54:08,198 - root - INFO - Fetched weather for Kisvác: 22.2°C, Clouds, humidity: 58%
2026-06-07 18:54:09,300 - root - INFO - [597/1205] Fetching weather for Tiszafüred-Gyártelep...
2026-06-07 18:54:09,349 - root - INFO - Fetched weather for Tiszafüred-Gyártelep: 22.7°C, Clear, humidity: 54%
2026-06-07 18:54:10,451 - root - INFO - [598/1205] Fetching weather for Újkenéz...
2026-06-07 18:54:10,515 - root - INFO - Fetched weather for Újkenéz: 20.6°C, Clouds, humidity: 68%
2026-06-07 18:54:11,617 - root - INFO - [599/1205] Fetching weather for Püspökladány-Vásártér...
2026-06-07 18:54:11,664 - root - INFO - Fetched weather for Püspökladány-Vásártér: 21.8°C, Clear, humidity: 57%
2026-06-07 18:54:12,766 - root - INFO - [600/1205] Fetching weather for Végegyháza alsó...
2026-06-07 18:54:12,821 - root - INFO - Fetched weather for Végegyháza alsó: 24.0°C, Clouds, humidity: 54%
2026-06-07 18:54:13,922 - root - INFO - [601/1205] Fetching weather for Orosháza felső...
2026-06-07 18:54:13,974 - root - INFO - Fetched weather for Orosháza felső: 23.5°C, Clouds, humidity: 47%
2026-06-07 18:54:15,075 - root - INFO - [602/1205] Fetching weather for Ambrózfalva...
2026-06-07 18:54:15,133 - root - INFO - Fetched weather for Ambrózfalva: 23.9°C, Clouds, humidity: 53%
2026-06-07 18:54:16,235 - root - INFO - [603/1205] Fetching weather for Alsónyék...
2026-06-07 18:54:16,292 - root - INFO - Fetched weather for Alsónyék: 22.2°C, Clouds, humidity: 57%
2026-06-07 18:54:17,394 - root - INFO - [604/1205] Fetching weather for Tompapuszta...
2026-06-07 18:54:17,456 - root - INFO - Fetched weather for Tompapuszta: 22.3°C, Clouds, humidity: 56%
2026-06-07 18:54:18,557 - root - INFO - [605/1205] Fetching weather for Halászlak...
2026-06-07 18:54:18,613 - root - INFO - Fetched weather for Halászlak: 22.5°C, Clear, humidity: 49%
2026-06-07 18:54:19,714 - root - INFO - [606/1205] Fetching weather for Sirató...
2026-06-07 18:54:19,763 - root - INFO - Fetched weather for Sirató: 22.6°C, Clear, humidity: 49%
2026-06-07 18:54:20,865 - root - INFO - [607/1205] Fetching weather for Csabacsűd felső...
2026-06-07 18:54:20,912 - root - INFO - Fetched weather for Csabacsűd felső: 22.7°C, Clear, humidity: 49%
2026-06-07 18:54:22,013 - root - INFO - [608/1205] Fetching weather for Orosháza-Üveggyár...
2026-06-07 18:54:22,064 - root - INFO - Fetched weather for Orosháza-Üveggyár: 23.5°C, Clouds, humidity: 46%
2026-06-07 18:54:23,166 - root - INFO - [609/1205] Fetching weather for Gyulai városerdő...
2026-06-07 18:54:23,220 - root - INFO - Fetched weather for Gyulai városerdő: 21.1°C, Clear, humidity: 53%
2026-06-07 18:54:24,321 - root - INFO - [610/1205] Fetching weather for Kórógyszentgyörgy...
2026-06-07 18:54:24,375 - root - INFO - Fetched weather for Kórógyszentgyörgy: 22.2°C, Clouds, humidity: 50%
2026-06-07 18:54:25,476 - root - INFO - [611/1205] Fetching weather for Kunszállás...
2026-06-07 18:54:25,527 - root - INFO - Fetched weather for Kunszállás: 22.0°C, Clear, humidity: 50%
2026-06-07 18:54:26,628 - root - INFO - [612/1205] Fetching weather for Selymes...
2026-06-07 18:54:26,684 - root - INFO - Fetched weather for Selymes: 22.2°C, Clouds, humidity: 50%
2026-06-07 18:54:27,785 - root - INFO - [613/1205] Fetching weather for Petőfiszállási tanyák...
2026-06-07 18:54:27,833 - root - INFO - Fetched weather for Petőfiszállási tanyák: 22.3°C, Clouds, humidity: 50%
2026-06-07 18:54:28,934 - root - INFO - [614/1205] Fetching weather for Kisteleki szőlők...
2026-06-07 18:54:28,986 - root - INFO - Fetched weather for Kisteleki szőlők: 22.4°C, Clouds, humidity: 50%
2026-06-07 18:54:30,087 - root - INFO - [615/1205] Fetching weather for Kapitányság...
2026-06-07 18:54:30,142 - root - INFO - Fetched weather for Kapitányság: 22.6°C, Clouds, humidity: 51%
2026-06-07 18:54:31,244 - root - INFO - [616/1205] Fetching weather for Őszeszék...
2026-06-07 18:54:31,291 - root - INFO - Fetched weather for Őszeszék: 22.7°C, Clouds, humidity: 51%
2026-06-07 18:54:32,392 - root - INFO - [617/1205] Fetching weather for Vilmaszállás...
2026-06-07 18:54:32,440 - root - INFO - Fetched weather for Vilmaszállás: 22.7°C, Clouds, humidity: 51%
2026-06-07 18:54:33,542 - root - INFO - [618/1205] Fetching weather for Jánosszállás...
2026-06-07 18:54:33,591 - root - INFO - Fetched weather for Jánosszállás: 22.7°C, Clouds, humidity: 52%
2026-06-07 18:54:34,693 - root - INFO - [619/1205] Fetching weather for Felsőpakony...
2026-06-07 18:54:34,747 - root - INFO - Fetched weather for Felsőpakony: 23.7°C, Clear, humidity: 46%
2026-06-07 18:54:35,848 - root - INFO - [620/1205] Fetching weather for Felsőméntelek...
2026-06-07 18:54:35,899 - root - INFO - Fetched weather for Felsőméntelek: 21.7°C, Clear, humidity: 51%
2026-06-07 18:54:37,001 - root - INFO - [621/1205] Fetching weather for Alsóméntelek...
2026-06-07 18:54:37,053 - root - INFO - Fetched weather for Alsóméntelek: 21.7°C, Clear, humidity: 51%
2026-06-07 18:54:38,154 - root - INFO - [622/1205] Fetching weather for Nagynyír...
2026-06-07 18:54:38,212 - root - INFO - Fetched weather for Nagynyír: 21.7°C, Clear, humidity: 51%
2026-06-07 18:54:39,313 - root - INFO - [623/1205] Fetching weather for Úrihegy...
2026-06-07 18:54:39,360 - root - INFO - Fetched weather for Úrihegy: 21.8°C, Clear, humidity: 51%
2026-06-07 18:54:40,461 - root - INFO - [624/1205] Fetching weather for Miklóstelep...
2026-06-07 18:54:40,518 - root - INFO - Fetched weather for Miklóstelep: 21.8°C, Clear, humidity: 51%
2026-06-07 18:54:41,620 - root - INFO - [625/1205] Fetching weather for Tiszajenő alsó...
2026-06-07 18:54:41,668 - root - INFO - Fetched weather for Tiszajenő alsó: 23.3°C, Clear, humidity: 45%
2026-06-07 18:54:42,769 - root - INFO - [626/1205] Fetching weather for Óbög...
2026-06-07 18:54:42,817 - root - INFO - Fetched weather for Óbög: 23.3°C, Clear, humidity: 45%
2026-06-07 18:54:43,919 - root - INFO - [627/1205] Fetching weather for Árpádszállás...
2026-06-07 18:54:43,968 - root - INFO - Fetched weather for Árpádszállás: 23.2°C, Clear, humidity: 51%
2026-06-07 18:54:45,070 - root - INFO - [628/1205] Fetching weather for Tőserdő...
2026-06-07 18:54:45,115 - root - INFO - Fetched weather for Tőserdő: 23.3°C, Clear, humidity: 51%
2026-06-07 18:54:46,217 - root - INFO - [629/1205] Fetching weather for Tiszaalpár felső...
2026-06-07 18:54:46,265 - root - INFO - Fetched weather for Tiszaalpár felső: 22.2°C, Clear, humidity: 51%
2026-06-07 18:54:47,367 - root - INFO - [630/1205] Fetching weather for Borsihalom...
2026-06-07 18:54:47,421 - root - INFO - Fetched weather for Borsihalom: 22.2°C, Clear, humidity: 51%
2026-06-07 18:54:48,522 - root - INFO - [631/1205] Fetching weather for Petőfiváros...
2026-06-07 18:54:48,568 - root - INFO - Fetched weather for Petőfiváros: 22.1°C, Clouds, humidity: 50%
2026-06-07 18:54:49,670 - root - INFO - [632/1205] Fetching weather for Csorna...
2026-06-07 18:54:49,720 - root - INFO - Fetched weather for Csorna: 22.7°C, Clouds, humidity: 53%
2026-06-07 18:54:50,822 - root - INFO - [633/1205] Fetching weather for Szorgalmatos...
2026-06-07 18:54:50,875 - root - INFO - Fetched weather for Szorgalmatos: 22.6°C, Clear, humidity: 48%
2026-06-07 18:54:51,977 - root - INFO - [634/1205] Fetching weather for Fótfürdő...
2026-06-07 18:54:52,028 - root - INFO - Fetched weather for Fótfürdő: 22.4°C, Clouds, humidity: 46%
2026-06-07 18:54:53,129 - root - INFO - [635/1205] Fetching weather for Fenyveshegy...
2026-06-07 18:54:53,176 - root - INFO - Fetched weather for Fenyveshegy: 22.2°C, Clouds, humidity: 58%
2026-06-07 18:54:54,277 - root - INFO - [636/1205] Fetching weather for Hűvösvölgy...
2026-06-07 18:54:54,348 - root - INFO - Fetched weather for Hűvösvölgy: 21.9°C, Clouds, humidity: 48%
2026-06-07 18:54:55,449 - root - INFO - [637/1205] Fetching weather for Hárshegy...
2026-06-07 18:54:55,490 - root - INFO - Fetched weather for Hárshegy: 21.9°C, Clouds, humidity: 48%
2026-06-07 18:54:56,592 - root - INFO - [638/1205] Fetching weather for Szépjuhászné...
2026-06-07 18:54:56,645 - root - INFO - Fetched weather for Szépjuhászné: 21.0°C, Clouds, humidity: 48%
2026-06-07 18:54:57,747 - root - INFO - [639/1205] Fetching weather for Jánoshegy...
2026-06-07 18:54:57,793 - root - INFO - Fetched weather for Jánoshegy: 21.0°C, Clouds, humidity: 48%
2026-06-07 18:54:58,895 - root - INFO - [640/1205] Fetching weather for Virágvölgy...
2026-06-07 18:54:58,947 - root - INFO - Fetched weather for Virágvölgy: 20.7°C, Clouds, humidity: 48%
2026-06-07 18:55:00,048 - root - INFO - [641/1205] Fetching weather for Csillebérc...
2026-06-07 18:55:00,100 - root - INFO - Fetched weather for Csillebérc: 20.5°C, Clouds, humidity: 48%
2026-06-07 18:55:01,201 - root - INFO - [642/1205] Fetching weather for Normafa...
2026-06-07 18:55:01,253 - root - INFO - Fetched weather for Normafa: 20.6°C, Clouds, humidity: 48%
2026-06-07 18:55:02,355 - root - INFO - [643/1205] Fetching weather for Széchenyihegy...
2026-06-07 18:55:02,405 - root - INFO - Fetched weather for Széchenyihegy: 20.7°C, Clouds, humidity: 48%
2026-06-07 18:55:03,506 - root - INFO - [644/1205] Fetching weather for Balatonfőkajár felső...
2026-06-07 18:55:03,562 - root - INFO - Fetched weather for Balatonfőkajár felső: 23.1°C, Clouds, humidity: 54%
2026-06-07 18:55:04,664 - root - INFO - [645/1205] Fetching weather for Piroska...
2026-06-07 18:55:04,718 - root - INFO - Fetched weather for Piroska: 23.3°C, Clear, humidity: 45%
2026-06-07 18:55:05,820 - root - INFO - [646/1205] Fetching weather for Somodor...
2026-06-07 18:55:05,868 - root - INFO - Fetched weather for Somodor: 22.6°C, Clear, humidity: 57%
2026-06-07 18:55:06,969 - root - INFO - [647/1205] Fetching weather for Középmező...
2026-06-07 18:55:07,028 - root - INFO - Fetched weather for Középmező: 22.3°C, Clouds, humidity: 56%
2026-06-07 18:55:08,130 - root - INFO - [648/1205] Fetching weather for Jobbágyi...
2026-06-07 18:55:08,183 - root - INFO - Fetched weather for Jobbágyi: 20.8°C, Clouds, humidity: 62%
2026-06-07 18:55:09,284 - root - INFO - [649/1205] Fetching weather for Ferihegy...
2026-06-07 18:55:09,335 - root - INFO - Fetched weather for Ferihegy: 23.3°C, Clear, humidity: 46%
2026-06-07 18:55:10,436 - root - INFO - [650/1205] Fetching weather for Máriapócs...
2026-06-07 18:55:10,495 - root - INFO - Fetched weather for Máriapócs: 20.6°C, Clouds, humidity: 68%
2026-06-07 18:55:11,597 - root - INFO - [651/1205] Fetching weather for Máriaudvar...
2026-06-07 18:55:11,649 - root - INFO - Fetched weather for Máriaudvar: 22.2°C, Clouds, humidity: 56%
2026-06-07 18:55:12,750 - root - INFO - [652/1205] Fetching weather for Nagyberki...
2026-06-07 18:55:12,803 - root - INFO - Fetched weather for Nagyberki: 22.4°C, Clouds, humidity: 59%
2026-06-07 18:55:13,904 - root - INFO - [653/1205] Fetching weather for Badacsonytomaj...
2026-06-07 18:55:13,953 - root - INFO - Fetched weather for Badacsonytomaj: 23.5°C, Clouds, humidity: 56%
2026-06-07 18:55:15,054 - root - INFO - [654/1205] Fetching weather for Badacsony...
2026-06-07 18:55:15,108 - root - INFO - Fetched weather for Badacsony: 23.5°C, Clouds, humidity: 56%
2026-06-07 18:55:16,209 - root - INFO - [655/1205] Fetching weather for Badacsonylábdihegy...
2026-06-07 18:55:16,266 - root - INFO - Fetched weather for Badacsonylábdihegy: 23.5°C, Clouds, humidity: 56%
2026-06-07 18:55:17,368 - root - INFO - [656/1205] Fetching weather for Badacsonytördemic-Szigliget...
2026-06-07 18:55:17,419 - root - INFO - Fetched weather for Badacsonytördemic-Szigliget: 23.5°C, Clouds, humidity: 55%
2026-06-07 18:55:18,521 - root - INFO - [657/1205] Fetching weather for Nemesgulács-Kisapáti...
2026-06-07 18:55:18,568 - root - INFO - Fetched weather for Nemesgulács-Kisapáti: 23.6°C, Clouds, humidity: 55%
2026-06-07 18:55:19,670 - root - INFO - [658/1205] Fetching weather for Tapolca...
2026-06-07 18:55:19,726 - root - INFO - Fetched weather for Tapolca: 23.5°C, Clouds, humidity: 54%
2026-06-07 18:55:20,828 - root - INFO - [659/1205] Fetching weather for Uzsabánya alsó...
2026-06-07 18:55:20,874 - root - INFO - Fetched weather for Uzsabánya alsó: 22.3°C, Clouds, humidity: 53%
2026-06-07 18:55:21,976 - root - INFO - [660/1205] Fetching weather for Uzsa...
2026-06-07 18:55:22,026 - root - INFO - Fetched weather for Uzsa: 23.1°C, Clouds, humidity: 53%
2026-06-07 18:55:23,128 - root - INFO - [661/1205] Fetching weather for Sümegi Bazaltbánya...
2026-06-07 18:55:23,180 - root - INFO - Fetched weather for Sümegi Bazaltbánya: 23.1°C, Clouds, humidity: 53%
2026-06-07 18:55:24,282 - root - INFO - [662/1205] Fetching weather for Sümeg...
2026-06-07 18:55:24,330 - root - INFO - Fetched weather for Sümeg: 23.2°C, Clouds, humidity: 53%
2026-06-07 18:55:25,432 - root - INFO - [663/1205] Fetching weather for Gógánfa...
2026-06-07 18:55:25,485 - root - INFO - Fetched weather for Gógánfa: 23.1°C, Clouds, humidity: 53%
2026-06-07 18:55:26,587 - root - INFO - [664/1205] Fetching weather for Ukk...
2026-06-07 18:55:26,634 - root - INFO - Fetched weather for Ukk: 23.1°C, Clouds, humidity: 53%
2026-06-07 18:55:27,736 - root - INFO - [665/1205] Fetching weather for Nemeskeresztúr...
2026-06-07 18:55:27,791 - root - INFO - Fetched weather for Nemeskeresztúr: 23.0°C, Rain, humidity: 53%
2026-06-07 18:55:28,893 - root - INFO - [666/1205] Fetching weather for Jánosháza...
2026-06-07 18:55:28,942 - root - INFO - Fetched weather for Jánosháza: 23.1°C, Clouds, humidity: 54%
2026-06-07 18:55:30,044 - root - INFO - [667/1205] Fetching weather for Keszthely...
2026-06-07 18:55:30,095 - root - INFO - Fetched weather for Keszthely: 23.1°C, Clouds, humidity: 53%
2026-06-07 18:55:31,197 - root - INFO - [668/1205] Fetching weather for Alsógyenes...
2026-06-07 18:55:31,249 - root - INFO - Fetched weather for Alsógyenes: 23.2°C, Clouds, humidity: 53%
2026-06-07 18:55:32,350 - root - INFO - [669/1205] Fetching weather for Gyenesdiás...
2026-06-07 18:55:32,401 - root - INFO - Fetched weather for Gyenesdiás: 23.2°C, Clouds, humidity: 53%
2026-06-07 18:55:33,502 - root - INFO - [670/1205] Fetching weather for Vonyarcvashegy...
2026-06-07 18:55:33,557 - root - INFO - Fetched weather for Vonyarcvashegy: 22.7°C, Clouds, humidity: 54%
2026-06-07 18:55:34,659 - root - INFO - [671/1205] Fetching weather for Balatongyörök...
2026-06-07 18:55:34,717 - root - INFO - Fetched weather for Balatongyörök: 23.3°C, Clouds, humidity: 54%
2026-06-07 18:55:35,819 - root - INFO - [672/1205] Fetching weather for Becehegy...
2026-06-07 18:55:35,876 - root - INFO - Fetched weather for Becehegy: 22.2°C, Clouds, humidity: 54%
2026-06-07 18:55:36,977 - root - INFO - [673/1205] Fetching weather for Balatonederics...
2026-06-07 18:55:37,033 - root - INFO - Fetched weather for Balatonederics: 22.2°C, Clouds, humidity: 54%
2026-06-07 18:55:38,134 - root - INFO - [674/1205] Fetching weather for Dabronc...
2026-06-07 18:55:38,184 - root - INFO - Fetched weather for Dabronc: 23.1°C, Clouds, humidity: 53%
2026-06-07 18:55:39,286 - root - INFO - [675/1205] Fetching weather for Türje...
2026-06-07 18:55:39,332 - root - INFO - Fetched weather for Türje: 23.0°C, Clouds, humidity: 54%
2026-06-07 18:55:40,434 - root - INFO - [676/1205] Fetching weather for Zalabér-Batyk...
2026-06-07 18:55:40,495 - root - INFO - Fetched weather for Zalabér-Batyk: 22.9°C, Clouds, humidity: 55%
2026-06-07 18:55:41,597 - root - INFO - [677/1205] Fetching weather for Pakod...
2026-06-07 18:55:41,648 - root - INFO - Fetched weather for Pakod: 22.8°C, Rain, humidity: 55%
2026-06-07 18:55:42,749 - root - INFO - [678/1205] Fetching weather for Pókaszepetk...
2026-06-07 18:55:42,800 - root - INFO - Fetched weather for Pókaszepetk: 22.9°C, Rain, humidity: 55%
2026-06-07 18:55:43,901 - root - INFO - [679/1205] Fetching weather for Kemendollár...
2026-06-07 18:55:43,955 - root - INFO - Fetched weather for Kemendollár: 22.5°C, Clouds, humidity: 55%
2026-06-07 18:55:45,057 - root - INFO - [680/1205] Fetching weather for Zalaegerszeg...
2026-06-07 18:55:45,110 - root - INFO - Fetched weather for Zalaegerszeg: 22.4°C, Clouds, humidity: 57%
2026-06-07 18:55:46,211 - root - INFO - [681/1205] Fetching weather for Bocfölde...
2026-06-07 18:55:46,276 - root - INFO - Fetched weather for Bocfölde: 22.4°C, Clouds, humidity: 56%
2026-06-07 18:55:47,377 - root - INFO - [682/1205] Fetching weather for Sárhida...
2026-06-07 18:55:47,426 - root - INFO - Fetched weather for Sárhida: 21.6°C, Clouds, humidity: 57%
2026-06-07 18:55:48,527 - root - INFO - [683/1205] Fetching weather for Bak...
2026-06-07 18:55:48,585 - root - INFO - Fetched weather for Bak: 21.9°C, Clouds, humidity: 57%
2026-06-07 18:55:49,687 - root - INFO - [684/1205] Fetching weather for Tófej...
2026-06-07 18:55:49,734 - root - INFO - Fetched weather for Tófej: 21.7°C, Clouds, humidity: 58%
2026-06-07 18:55:50,835 - root - INFO - [685/1205] Fetching weather for Gutorfölde...
2026-06-07 18:55:50,885 - root - INFO - Fetched weather for Gutorfölde: 21.8°C, Clouds, humidity: 59%
2026-06-07 18:55:51,986 - root - INFO - [686/1205] Fetching weather for Csömödér-Páka...
2026-06-07 18:55:52,033 - root - INFO - Fetched weather for Csömödér-Páka: 20.0°C, Clouds, humidity: 60%
2026-06-07 18:55:53,134 - root - INFO - [687/1205] Fetching weather for Iklódbördőce...
2026-06-07 18:55:53,183 - root - INFO - Fetched weather for Iklódbördőce: 20.0°C, Clouds, humidity: 61%
2026-06-07 18:55:54,284 - root - INFO - [688/1205] Fetching weather for Lenti...
2026-06-07 18:55:54,333 - root - INFO - Fetched weather for Lenti: 19.9°C, Clouds, humidity: 62%
2026-06-07 18:55:55,434 - root - INFO - [689/1205] Fetching weather for Rédics...
2026-06-07 18:55:55,493 - root - INFO - Fetched weather for Rédics: 19.9°C, Clouds, humidity: 62%
2026-06-07 18:55:56,595 - root - INFO - [690/1205] Fetching weather for Zalalövő...
2026-06-07 18:55:56,644 - root - INFO - Fetched weather for Zalalövő: 21.8°C, Clouds, humidity: 65%
2026-06-07 18:55:57,745 - root - INFO - [691/1205] Fetching weather for Zalaegerszeg-Ola...
2026-06-07 18:55:57,795 - root - INFO - Fetched weather for Zalaegerszeg-Ola: 22.4°C, Clouds, humidity: 57%
2026-06-07 18:55:58,896 - root - INFO - [692/1205] Fetching weather for Andráshida...
2026-06-07 18:55:58,956 - root - INFO - Fetched weather for Andráshida: 22.3°C, Clouds, humidity: 59%
2026-06-07 18:56:00,058 - root - INFO - [693/1205] Fetching weather for Bagod...
2026-06-07 18:56:00,107 - root - INFO - Fetched weather for Bagod: 22.3°C, Clouds, humidity: 60%
2026-06-07 18:56:01,209 - root - INFO - [694/1205] Fetching weather for Zalaszentgyörgy...
2026-06-07 18:56:01,257 - root - INFO - Fetched weather for Zalaszentgyörgy: 22.2°C, Clouds, humidity: 61%
2026-06-07 18:56:02,358 - root - INFO - [695/1205] Fetching weather for Zalacséb-Salomvár...
2026-06-07 18:56:02,412 - root - INFO - Fetched weather for Zalacséb-Salomvár: 21.9°C, Clouds, humidity: 62%
2026-06-07 18:56:03,514 - root - INFO - [696/1205] Fetching weather for Kópháza...
2026-06-07 18:56:03,582 - root - INFO - Fetched weather for Kópháza: 20.8°C, Clouds, humidity: 57%
2026-06-07 18:56:04,683 - root - INFO - [697/1205] Fetching weather for Nagycenk...
2026-06-07 18:56:04,733 - root - INFO - Fetched weather for Nagycenk: 20.9°C, Clouds, humidity: 58%
2026-06-07 18:56:05,834 - root - INFO - [698/1205] Fetching weather for Sopronkövesd...
2026-06-07 18:56:05,880 - root - INFO - Fetched weather for Sopronkövesd: 20.7°C, Clouds, humidity: 69%
2026-06-07 18:56:06,982 - root - INFO - [699/1205] Fetching weather for Lövő...
2026-06-07 18:56:07,029 - root - INFO - Fetched weather for Lövő: 20.8°C, Clouds, humidity: 69%
2026-06-07 18:56:08,130 - root - INFO - [700/1205] Fetching weather for Újkér...
2026-06-07 18:56:08,197 - root - INFO - Fetched weather for Újkér: 20.8°C, Clouds, humidity: 69%
2026-06-07 18:56:09,298 - root - INFO - [701/1205] Fetching weather for Bük...
2026-06-07 18:56:09,353 - root - INFO - Fetched weather for Bük: 20.8°C, Clouds, humidity: 69%
2026-06-07 18:56:10,454 - root - INFO - [702/1205] Fetching weather for Acsád...
2026-06-07 18:56:10,506 - root - INFO - Fetched weather for Acsád: 20.6°C, Clouds, humidity: 69%
2026-06-07 18:56:11,607 - root - INFO - [703/1205] Fetching weather for Salköveskút-Vassurány...
2026-06-07 18:56:11,666 - root - INFO - Fetched weather for Salköveskút-Vassurány: 20.6°C, Clouds, humidity: 69%
2026-06-07 18:56:12,767 - root - INFO - [704/1205] Fetching weather for Zalaszentiván...
2026-06-07 18:56:12,846 - root - INFO - Fetched weather for Zalaszentiván: 22.6°C, Clouds, humidity: 56%
2026-06-07 18:56:13,947 - root - INFO - [705/1205] Fetching weather for Alsónemesapáti...
2026-06-07 18:56:14,008 - root - INFO - Fetched weather for Alsónemesapáti: 22.8°C, Clouds, humidity: 55%
2026-06-07 18:56:15,109 - root - INFO - [706/1205] Fetching weather for Józsa...
2026-06-07 18:56:15,162 - root - INFO - Fetched weather for Józsa: 21.3°C, Clouds, humidity: 57%
2026-06-07 18:56:16,263 - root - INFO - [707/1205] Fetching weather for Hajdúszentgyörgy...
2026-06-07 18:56:16,330 - root - INFO - Fetched weather for Hajdúszentgyörgy: 21.3°C, Clouds, humidity: 57%
2026-06-07 18:56:17,432 - root - INFO - [708/1205] Fetching weather for Zelemér...
2026-06-07 18:56:17,494 - root - INFO - Fetched weather for Zelemér: 21.3°C, Clouds, humidity: 57%
2026-06-07 18:56:18,596 - root - INFO - [709/1205] Fetching weather for Hajdúböszörmény...
2026-06-07 18:56:18,645 - root - INFO - Fetched weather for Hajdúböszörmény: 21.5°C, Clouds, humidity: 57%
2026-06-07 18:56:19,747 - root - INFO - [710/1205] Fetching weather for Hajdúvid...
2026-06-07 18:56:19,796 - root - INFO - Fetched weather for Hajdúvid: 21.6°C, Clouds, humidity: 58%
2026-06-07 18:56:20,897 - root - INFO - [711/1205] Fetching weather for Hajdúdorog...
2026-06-07 18:56:20,950 - root - INFO - Fetched weather for Hajdúdorog: 21.5°C, Clouds, humidity: 60%
2026-06-07 18:56:22,052 - root - INFO - [712/1205] Fetching weather for Hajdúnánás...
2026-06-07 18:56:22,099 - root - INFO - Fetched weather for Hajdúnánás: 21.6°C, Clouds, humidity: 61%
2026-06-07 18:56:23,201 - root - INFO - [713/1205] Fetching weather for Hajdúnánás-Vásártér...
2026-06-07 18:56:23,256 - root - INFO - Fetched weather for Hajdúnánás-Vásártér: 21.6°C, Clouds, humidity: 61%
2026-06-07 18:56:24,357 - root - INFO - [714/1205] Fetching weather for Tedej...
2026-06-07 18:56:24,418 - root - INFO - Fetched weather for Tedej: 22.6°C, Clouds, humidity: 65%
2026-06-07 18:56:25,519 - root - INFO - [715/1205] Fetching weather for Tiszavasvári...
2026-06-07 18:56:25,567 - root - INFO - Fetched weather for Tiszavasvári: 22.6°C, Clouds, humidity: 48%
2026-06-07 18:56:26,669 - root - INFO - [716/1205] Fetching weather for Egyházerdő...
2026-06-07 18:56:26,717 - root - INFO - Fetched weather for Egyházerdő: 22.7°C, Clear, humidity: 48%
2026-06-07 18:56:27,818 - root - INFO - [717/1205] Fetching weather for Tiszalök...
2026-06-07 18:56:27,873 - root - INFO - Fetched weather for Tiszalök: 22.6°C, Clear, humidity: 48%
2026-06-07 18:56:28,974 - root - INFO - [718/1205] Fetching weather for Hajnalos...
2026-06-07 18:56:29,023 - root - INFO - Fetched weather for Hajnalos: 22.6°C, Clear, humidity: 48%
2026-06-07 18:56:30,124 - root - INFO - [719/1205] Fetching weather for Kisfástanya...
2026-06-07 18:56:30,182 - root - INFO - Fetched weather for Kisfástanya: 22.6°C, Clear, humidity: 48%
2026-06-07 18:56:31,283 - root - INFO - [720/1205] Fetching weather for Tiszaeszlár...
2026-06-07 18:56:31,331 - root - INFO - Fetched weather for Tiszaeszlár: 22.6°C, Clear, humidity: 48%
2026-06-07 18:56:32,433 - root - INFO - [721/1205] Fetching weather for Bashalom...
2026-06-07 18:56:32,486 - root - INFO - Fetched weather for Bashalom: 22.6°C, Clear, humidity: 48%
2026-06-07 18:56:33,587 - root - INFO - [722/1205] Fetching weather for Sáránd...
2026-06-07 18:56:33,647 - root - INFO - Fetched weather for Sáránd: 21.6°C, Clear, humidity: 57%
2026-06-07 18:56:34,748 - root - INFO - [723/1205] Fetching weather for Derecske...
2026-06-07 18:56:34,801 - root - INFO - Fetched weather for Derecske: 21.8°C, Clear, humidity: 56%
2026-06-07 18:56:35,903 - root - INFO - [724/1205] Fetching weather for Derecske-Vásártér...
2026-06-07 18:56:35,952 - root - INFO - Fetched weather for Derecske-Vásártér: 21.8°C, Clear, humidity: 56%
2026-06-07 18:56:37,053 - root - INFO - [725/1205] Fetching weather for Konyár...
2026-06-07 18:56:37,112 - root - INFO - Fetched weather for Konyár: 22.0°C, Clouds, humidity: 54%
2026-06-07 18:56:38,213 - root - INFO - [726/1205] Fetching weather for Konyári Sóstófürdő...
2026-06-07 18:56:38,276 - root - INFO - Fetched weather for Konyári Sóstófürdő: 22.0°C, Clouds, humidity: 55%
2026-06-07 18:56:39,377 - root - INFO - [727/1205] Fetching weather for Pocsaj-Esztár...
2026-06-07 18:56:39,425 - root - INFO - Fetched weather for Pocsaj-Esztár: 23.0°C, Clouds, humidity: 55%
2026-06-07 18:56:40,526 - root - INFO - [728/1205] Fetching weather for Kismarja...
2026-06-07 18:56:40,578 - root - INFO - Fetched weather for Kismarja: 23.0°C, Clouds, humidity: 54%
2026-06-07 18:56:41,680 - root - INFO - [729/1205] Fetching weather for Nagykereki...
2026-06-07 18:56:41,732 - root - INFO - Fetched weather for Nagykereki: 23.0°C, Clouds, humidity: 50%
2026-06-07 18:56:42,833 - root - INFO - [730/1205] Fetching weather for Debrecen-Szabadságtelep...
2026-06-07 18:56:42,887 - root - INFO - Fetched weather for Debrecen-Szabadságtelep: 21.4°C, Clouds, humidity: 58%
2026-06-07 18:56:43,989 - root - INFO - [731/1205] Fetching weather for Kondoroskert...
2026-06-07 18:56:44,038 - root - INFO - Fetched weather for Kondoroskert: 21.4°C, Clouds, humidity: 58%
2026-06-07 18:56:45,139 - root - INFO - [732/1205] Fetching weather for Nagycsere...
2026-06-07 18:56:45,193 - root - INFO - Fetched weather for Nagycsere: 21.4°C, Clouds, humidity: 58%
2026-06-07 18:56:46,295 - root - INFO - [733/1205] Fetching weather for Haláp...
2026-06-07 18:56:46,341 - root - INFO - Fetched weather for Haláp: 21.3°C, Clouds, humidity: 58%
2026-06-07 18:56:47,442 - root - INFO - [734/1205] Fetching weather for Vámospércs...
2026-06-07 18:56:47,496 - root - INFO - Fetched weather for Vámospércs: 21.1°C, Clouds, humidity: 60%
2026-06-07 18:56:48,598 - root - INFO - [735/1205] Fetching weather for Szentannapuszta...
2026-06-07 18:56:48,652 - root - INFO - Fetched weather for Szentannapuszta: 21.0°C, Clouds, humidity: 61%
2026-06-07 18:56:49,753 - root - INFO - [736/1205] Fetching weather for Nyírábrány...
2026-06-07 18:56:49,801 - root - INFO - Fetched weather for Nyírábrány: 20.9°C, Clouds, humidity: 62%
2026-06-07 18:56:50,902 - root - INFO - [737/1205] Fetching weather for Dombostanya...
2026-06-07 18:56:50,952 - root - INFO - Fetched weather for Dombostanya: 21.4°C, Clouds, humidity: 57%
2026-06-07 18:56:52,054 - root - INFO - [738/1205] Fetching weather for Hajdúsámson...
2026-06-07 18:56:52,105 - root - INFO - Fetched weather for Hajdúsámson: 21.3°C, Clouds, humidity: 58%
2026-06-07 18:56:53,207 - root - INFO - [739/1205] Fetching weather for Tamásipuszta...
2026-06-07 18:56:53,256 - root - INFO - Fetched weather for Tamásipuszta: 21.2°C, Clouds, humidity: 59%
2026-06-07 18:56:54,357 - root - INFO - [740/1205] Fetching weather for Aradványpuszta...
2026-06-07 18:56:54,407 - root - INFO - Fetched weather for Aradványpuszta: 21.2°C, Clouds, humidity: 60%
2026-06-07 18:56:55,509 - root - INFO - [741/1205] Fetching weather for Nyíradony...
2026-06-07 18:56:55,557 - root - INFO - Fetched weather for Nyíradony: 21.0°C, Clouds, humidity: 63%
2026-06-07 18:56:56,659 - root - INFO - [742/1205] Fetching weather for Nyírmihálydi...
2026-06-07 18:56:56,717 - root - INFO - Fetched weather for Nyírmihálydi: 20.9°C, Clouds, humidity: 64%
2026-06-07 18:56:57,819 - root - INFO - [743/1205] Fetching weather for Nyírgelse...
2026-06-07 18:56:57,864 - root - INFO - Fetched weather for Nyírgelse: 20.7°C, Clouds, humidity: 65%
2026-06-07 18:56:58,966 - root - INFO - [744/1205] Fetching weather for Nyírbogát...
2026-06-07 18:56:59,015 - root - INFO - Fetched weather for Nyírbogát: 20.5°C, Clouds, humidity: 68%
2026-06-07 18:57:00,116 - root - INFO - [745/1205] Fetching weather for Nagykálló...
2026-06-07 18:57:00,168 - root - INFO - Fetched weather for Nagykálló: 20.9°C, Clouds, humidity: 67%
2026-06-07 18:57:01,269 - root - INFO - [746/1205] Fetching weather for Kállósemjén...
2026-06-07 18:57:01,324 - root - INFO - Fetched weather for Kállósemjén: 20.8°C, Clouds, humidity: 67%
2026-06-07 18:57:02,426 - root - INFO - [747/1205] Fetching weather for Nyírbátor...
2026-06-07 18:57:02,481 - root - INFO - Fetched weather for Nyírbátor: 20.4°C, Clouds, humidity: 69%
2026-06-07 18:57:03,583 - root - INFO - [748/1205] Fetching weather for Nyírcsászári...
2026-06-07 18:57:03,637 - root - INFO - Fetched weather for Nyírcsászári: 20.3°C, Clouds, humidity: 69%
2026-06-07 18:57:04,739 - root - INFO - [749/1205] Fetching weather for Hodász...
2026-06-07 18:57:04,792 - root - INFO - Fetched weather for Hodász: 20.2°C, Clouds, humidity: 69%
2026-06-07 18:57:05,894 - root - INFO - [750/1205] Fetching weather for Nyírmeggyes...
2026-06-07 18:57:05,942 - root - INFO - Fetched weather for Nyírmeggyes: 20.3°C, Clouds, humidity: 69%
2026-06-07 18:57:07,044 - root - INFO - [751/1205] Fetching weather for Mátészalka...
2026-06-07 18:57:07,099 - root - INFO - Fetched weather for Mátészalka: 20.4°C, Clouds, humidity: 68%
2026-06-07 18:57:08,200 - root - INFO - [752/1205] Fetching weather for Kocsord...
2026-06-07 18:57:08,252 - root - INFO - Fetched weather for Kocsord: 20.5°C, Clouds, humidity: 68%
2026-06-07 18:57:09,354 - root - INFO - [753/1205] Fetching weather for Kocsord alsó...
2026-06-07 18:57:09,403 - root - INFO - Fetched weather for Kocsord alsó: 20.5°C, Clouds, humidity: 68%
2026-06-07 18:57:10,505 - root - INFO - [754/1205] Fetching weather for Győrtelek...
2026-06-07 18:57:10,553 - root - INFO - Fetched weather for Győrtelek: 20.6°C, Clouds, humidity: 67%
2026-06-07 18:57:11,654 - root - INFO - [755/1205] Fetching weather for Győrtelek alsó...
2026-06-07 18:57:11,707 - root - INFO - Fetched weather for Győrtelek alsó: 20.5°C, Clouds, humidity: 68%
2026-06-07 18:57:12,809 - root - INFO - [756/1205] Fetching weather for Ököritófülpös...
2026-06-07 18:57:12,869 - root - INFO - Fetched weather for Ököritófülpös: 20.6°C, Clouds, humidity: 67%
2026-06-07 18:57:13,971 - root - INFO - [757/1205] Fetching weather for Porcsalma-Tyukod...
2026-06-07 18:57:14,023 - root - INFO - Fetched weather for Porcsalma-Tyukod: 18.9°C, Clouds, humidity: 68%
2026-06-07 18:57:15,124 - root - INFO - [758/1205] Fetching weather for Csenger...
2026-06-07 18:57:15,171 - root - INFO - Fetched weather for Csenger: 18.9°C, Clouds, humidity: 68%
2026-06-07 18:57:16,273 - root - INFO - [759/1205] Fetching weather for Kisfái...
2026-06-07 18:57:16,319 - root - INFO - Fetched weather for Kisfái: 22.8°C, Clear, humidity: 53%
2026-06-07 18:57:17,420 - root - INFO - [760/1205] Fetching weather for Nyárlőrinci szőlők...
2026-06-07 18:57:17,469 - root - INFO - Fetched weather for Nyárlőrinci szőlők: 22.9°C, Clear, humidity: 53%
2026-06-07 18:57:18,571 - root - INFO - [761/1205] Fetching weather for Nyárlőrinc alsó...
2026-06-07 18:57:18,625 - root - INFO - Fetched weather for Nyárlőrinc alsó: 22.9°C, Clear, humidity: 53%
2026-06-07 18:57:19,727 - root - INFO - [762/1205] Fetching weather for Tiszaug-Tiszahídfő...
2026-06-07 18:57:19,780 - root - INFO - Fetched weather for Tiszaug-Tiszahídfő: 22.9°C, Clear, humidity: 52%
2026-06-07 18:57:20,882 - root - INFO - [763/1205] Fetching weather for Csongrádi úti tanyák...
2026-06-07 18:57:20,934 - root - INFO - Fetched weather for Csongrádi úti tanyák: 22.2°C, Clouds, humidity: 50%
2026-06-07 18:57:22,035 - root - INFO - [764/1205] Fetching weather for Kettőshalom...
2026-06-07 18:57:22,086 - root - INFO - Fetched weather for Kettőshalom: 22.2°C, Clouds, humidity: 50%
2026-06-07 18:57:23,187 - root - INFO - [765/1205] Fetching weather for Csongrád alsó...
2026-06-07 18:57:23,239 - root - INFO - Fetched weather for Csongrád alsó: 22.2°C, Clear, humidity: 50%
2026-06-07 18:57:24,341 - root - INFO - [766/1205] Fetching weather for Dónát...
2026-06-07 18:57:24,402 - root - INFO - Fetched weather for Dónát: 22.2°C, Clouds, humidity: 50%
2026-06-07 18:57:25,504 - root - INFO - [767/1205] Fetching weather for Pusztatemplom...
2026-06-07 18:57:25,563 - root - INFO - Fetched weather for Pusztatemplom: 22.2°C, Clouds, humidity: 50%
2026-06-07 18:57:26,664 - root - INFO - [768/1205] Fetching weather for Előhát...
2026-06-07 18:57:26,722 - root - INFO - Fetched weather for Előhát: 21.9°C, Clear, humidity: 58%
2026-06-07 18:57:27,824 - root - INFO - [769/1205] Fetching weather for Polgárdi-Tekerespuszta...
2026-06-07 18:57:27,870 - root - INFO - Fetched weather for Polgárdi-Tekerespuszta: 23.0°C, Clouds, humidity: 54%
2026-06-07 18:57:28,972 - root - INFO - [770/1205] Fetching weather for Szatina-Kishajmás...
2026-06-07 18:57:29,024 - root - INFO - Fetched weather for Szatina-Kishajmás: 21.8°C, Clouds, humidity: 61%
2026-06-07 18:57:30,126 - root - INFO - [771/1205] Fetching weather for Márok...
2026-06-07 18:57:30,186 - root - INFO - Fetched weather for Márok: 22.1°C, Clouds, humidity: 76%
2026-06-07 18:57:31,288 - root - INFO - [772/1205] Fetching weather for Nagynyárád...
2026-06-07 18:57:31,336 - root - INFO - Fetched weather for Nagynyárád: 22.1°C, Clouds, humidity: 76%
2026-06-07 18:57:32,437 - root - INFO - [773/1205] Fetching weather for Szászvár...
2026-06-07 18:57:32,486 - root - INFO - Fetched weather for Szászvár: 21.9°C, Clouds, humidity: 61%
2026-06-07 18:57:33,587 - root - INFO - [774/1205] Fetching weather for Cikó...
2026-06-07 18:57:33,641 - root - INFO - Fetched weather for Cikó: 22.1°C, Clouds, humidity: 58%
2026-06-07 18:57:34,743 - root - INFO - [775/1205] Fetching weather for Gyöngyfa-Magyarmecske...
2026-06-07 18:57:34,802 - root - INFO - Fetched weather for Gyöngyfa-Magyarmecske: 22.3°C, Clouds, humidity: 57%
2026-06-07 18:57:35,904 - root - INFO - [776/1205] Fetching weather for Nagyhát...
2026-06-07 18:57:35,956 - root - INFO - Fetched weather for Nagyhát: 21.4°C, Clouds, humidity: 58%
2026-06-07 18:57:37,058 - root - INFO - [777/1205] Fetching weather for Balmazújváros...
2026-06-07 18:57:37,107 - root - INFO - Fetched weather for Balmazújváros: 21.7°C, Clouds, humidity: 59%
2026-06-07 18:57:38,208 - root - INFO - [778/1205] Fetching weather for Kónya...
2026-06-07 18:57:38,262 - root - INFO - Fetched weather for Kónya: 21.8°C, Clear, humidity: 59%
2026-06-07 18:57:39,363 - root - INFO - [779/1205] Fetching weather for Hortobágy...
2026-06-07 18:57:39,419 - root - INFO - Fetched weather for Hortobágy: 21.8°C, Clear, humidity: 60%
2026-06-07 18:57:40,521 - root - INFO - [780/1205] Fetching weather for Hortobágyi Halastó...
2026-06-07 18:57:40,566 - root - INFO - Fetched weather for Hortobágyi Halastó: 21.9°C, Clear, humidity: 60%
2026-06-07 18:57:41,668 - root - INFO - [781/1205] Fetching weather for Ohat-Pusztakócs...
2026-06-07 18:57:41,713 - root - INFO - Fetched weather for Ohat-Pusztakócs: 21.9°C, Clear, humidity: 62%
2026-06-07 18:57:42,815 - root - INFO - [782/1205] Fetching weather for Egyek...
2026-06-07 18:57:42,865 - root - INFO - Fetched weather for Egyek: 21.9°C, Clear, humidity: 63%
2026-06-07 18:57:43,966 - root - INFO - [783/1205] Fetching weather for Tiszafüred...
2026-06-07 18:57:44,020 - root - INFO - Fetched weather for Tiszafüred: 21.8°C, Clear, humidity: 63%
2026-06-07 18:57:45,121 - root - INFO - [784/1205] Fetching weather for Poroszló...
2026-06-07 18:57:45,174 - root - INFO - Fetched weather for Poroszló: 21.7°C, Clear, humidity: 63%
2026-06-07 18:57:46,275 - root - INFO - [785/1205] Fetching weather for Kétútköz...
2026-06-07 18:57:46,328 - root - INFO - Fetched weather for Kétútköz: 21.6°C, Clear, humidity: 64%
2026-06-07 18:57:47,430 - root - INFO - [786/1205] Fetching weather for Egerfarmos...
2026-06-07 18:57:47,483 - root - INFO - Fetched weather for Egerfarmos: 21.6°C, Clear, humidity: 64%
2026-06-07 18:57:48,585 - root - INFO - [787/1205] Fetching weather for Piliscsaba...
2026-06-07 18:57:48,633 - root - INFO - Fetched weather for Piliscsaba: 21.3°C, Clouds, humidity: 50%
2026-06-07 18:57:49,734 - root - INFO - [788/1205] Fetching weather for Pilisjászfalu...
2026-06-07 18:57:49,781 - root - INFO - Fetched weather for Pilisjászfalu: 21.6°C, Clouds, humidity: 51%
2026-06-07 18:57:50,882 - root - INFO - [789/1205] Fetching weather for Leányvár...
2026-06-07 18:57:50,933 - root - INFO - Fetched weather for Leányvár: 21.7°C, Clouds, humidity: 51%
2026-06-07 18:57:52,034 - root - INFO - [790/1205] Fetching weather for Dorog...
2026-06-07 18:57:52,084 - root - INFO - Fetched weather for Dorog: 21.9°C, Clouds, humidity: 57%
2026-06-07 18:57:53,186 - root - INFO - [791/1205] Fetching weather for Esztergom-Kertváros...
2026-06-07 18:57:53,238 - root - INFO - Fetched weather for Esztergom-Kertváros: 22.0°C, Clouds, humidity: 57%
2026-06-07 18:57:54,339 - root - INFO - [792/1205] Fetching weather for Esztergom...
2026-06-07 18:57:54,391 - root - INFO - Fetched weather for Esztergom: 22.1°C, Clouds, humidity: 58%
2026-06-07 18:57:55,493 - root - INFO - [793/1205] Fetching weather for Dunaalmás...
2026-06-07 18:57:55,551 - root - INFO - Fetched weather for Dunaalmás: 21.7°C, Clear, humidity: 55%
2026-06-07 18:57:56,652 - root - INFO - [794/1205] Fetching weather for Neszmély...
2026-06-07 18:57:56,706 - root - INFO - Fetched weather for Neszmély: 21.7°C, Clear, humidity: 55%
2026-06-07 18:57:57,808 - root - INFO - [795/1205] Fetching weather for Süttő...
2026-06-07 18:57:57,858 - root - INFO - Fetched weather for Süttő: 21.5°C, Clear, humidity: 56%
2026-06-07 18:57:58,960 - root - INFO - [796/1205] Fetching weather for Piszke...
2026-06-07 18:57:59,006 - root - INFO - Fetched weather for Piszke: 21.5°C, Clear, humidity: 56%
2026-06-07 18:58:00,108 - root - INFO - [797/1205] Fetching weather for Lábatlan...
2026-06-07 18:58:00,155 - root - INFO - Fetched weather for Lábatlan: 21.4°C, Clear, humidity: 56%
2026-06-07 18:58:01,256 - root - INFO - [798/1205] Fetching weather for Eternitgyár...
2026-06-07 18:58:01,304 - root - INFO - Fetched weather for Eternitgyár: 21.4°C, Clear, humidity: 56%
2026-06-07 18:58:02,405 - root - INFO - [799/1205] Fetching weather for Nyergesújfalu felső...
2026-06-07 18:58:02,458 - root - INFO - Fetched weather for Nyergesújfalu felső: 21.4°C, Clear, humidity: 56%
2026-06-07 18:58:03,559 - root - INFO - [800/1205] Fetching weather for Nyergesújfalu...
2026-06-07 18:58:03,611 - root - INFO - Fetched weather for Nyergesújfalu: 21.4°C, Clear, humidity: 57%
2026-06-07 18:58:04,713 - root - INFO - [801/1205] Fetching weather for Tokod...
2026-06-07 18:58:04,767 - root - INFO - Fetched weather for Tokod: 22.0°C, Clear, humidity: 57%
2026-06-07 18:58:05,869 - root - INFO - [802/1205] Fetching weather for Környe...
2026-06-07 18:58:05,921 - root - INFO - Fetched weather for Környe: 21.7°C, Clouds, humidity: 55%
2026-06-07 18:58:07,022 - root - INFO - [803/1205] Fetching weather for Kecskéd alsó...
2026-06-07 18:58:07,075 - root - INFO - Fetched weather for Kecskéd alsó: 21.8°C, Clouds, humidity: 55%
2026-06-07 18:58:08,176 - root - INFO - [804/1205] Fetching weather for Oroszlány...
2026-06-07 18:58:08,231 - root - INFO - Fetched weather for Oroszlány: 21.7°C, Clouds, humidity: 55%
2026-06-07 18:58:09,333 - root - INFO - [805/1205] Fetching weather for Győrszabadhegy...
2026-06-07 18:58:09,381 - root - INFO - Fetched weather for Győrszabadhegy: 22.4°C, Clear, humidity: 54%
2026-06-07 18:58:10,483 - root - INFO - [806/1205] Fetching weather for Ménfőcsanak felső...
2026-06-07 18:58:10,534 - root - INFO - Fetched weather for Ménfőcsanak felső: 22.6°C, Clouds, humidity: 53%
2026-06-07 18:58:11,636 - root - INFO - [807/1205] Fetching weather for Gyömöre-Tét...
2026-06-07 18:58:11,694 - root - INFO - Fetched weather for Gyömöre-Tét: 22.8°C, Clouds, humidity: 52%
2026-06-07 18:58:12,796 - root - INFO - [808/1205] Fetching weather for Szerecseny...
2026-06-07 18:58:12,853 - root - INFO - Fetched weather for Szerecseny: 22.9°C, Clouds, humidity: 52%
2026-06-07 18:58:13,955 - root - INFO - [809/1205] Fetching weather for Gecse-Gyarmat...
2026-06-07 18:58:14,007 - root - INFO - Fetched weather for Gecse-Gyarmat: 22.7°C, Clouds, humidity: 52%
2026-06-07 18:58:15,109 - root - INFO - [810/1205] Fetching weather for Vaszar...
2026-06-07 18:58:15,161 - root - INFO - Fetched weather for Vaszar: 23.0°C, Clouds, humidity: 52%
2026-06-07 18:58:16,262 - root - INFO - [811/1205] Fetching weather for Pápa...
2026-06-07 18:58:16,315 - root - INFO - Fetched weather for Pápa: 23.1°C, Rain, humidity: 52%
2026-06-07 18:58:17,417 - root - INFO - [812/1205] Fetching weather for Mezőlak...
2026-06-07 18:58:17,468 - root - INFO - Fetched weather for Mezőlak: 23.1°C, Clouds, humidity: 52%
2026-06-07 18:58:18,570 - root - INFO - [813/1205] Fetching weather for Mihályháza...
2026-06-07 18:58:18,625 - root - INFO - Fetched weather for Mihályháza: 23.1°C, Clouds, humidity: 52%
2026-06-07 18:58:19,727 - root - INFO - [814/1205] Fetching weather for Vinár...
2026-06-07 18:58:19,786 - root - INFO - Fetched weather for Vinár: 23.1°C, Clouds, humidity: 53%
2026-06-07 18:58:20,888 - root - INFO - [815/1205] Fetching weather for Külsővat...
2026-06-07 18:58:20,940 - root - INFO - Fetched weather for Külsővat: 23.1°C, Clouds, humidity: 53%
2026-06-07 18:58:22,042 - root - INFO - [816/1205] Fetching weather for Celldömölk...
2026-06-07 18:58:22,088 - root - INFO - Fetched weather for Celldömölk: 23.0°C, Clouds, humidity: 54%
2026-06-07 18:58:23,190 - root - INFO - [817/1205] Fetching weather for Kemenesmihályfa...
2026-06-07 18:58:23,244 - root - INFO - Fetched weather for Kemenesmihályfa: 22.5°C, Clouds, humidity: 54%
2026-06-07 18:58:24,346 - root - INFO - [818/1205] Fetching weather for Nagysimonyi...
2026-06-07 18:58:24,397 - root - INFO - Fetched weather for Nagysimonyi: 22.6°C, Clouds, humidity: 55%
2026-06-07 18:58:25,499 - root - INFO - [819/1205] Fetching weather for Ostffyasszonyfa...
2026-06-07 18:58:25,556 - root - INFO - Fetched weather for Ostffyasszonyfa: 22.6°C, Clouds, humidity: 55%
2026-06-07 18:58:26,658 - root - INFO - [820/1205] Fetching weather for Sárvár...
2026-06-07 18:58:26,716 - root - INFO - Fetched weather for Sárvár: 22.6°C, Clouds, humidity: 57%
2026-06-07 18:58:27,817 - root - INFO - [821/1205] Fetching weather for Porpác...
2026-06-07 18:58:27,870 - root - INFO - Fetched weather for Porpác: 20.9°C, Clouds, humidity: 58%
2026-06-07 18:58:28,972 - root - INFO - [822/1205] Fetching weather for Balatonföldvár...
2026-06-07 18:58:29,041 - root - INFO - Fetched weather for Balatonföldvár: 23.7°C, Clouds, humidity: 55%
2026-06-07 18:58:30,142 - root - INFO - [823/1205] Fetching weather for Balatonszárszó...
2026-06-07 18:58:30,193 - root - INFO - Fetched weather for Balatonszárszó: 23.7°C, Clouds, humidity: 55%
2026-06-07 18:58:31,295 - root - INFO - [824/1205] Fetching weather for Balatonszemes...
2026-06-07 18:58:31,343 - root - INFO - Fetched weather for Balatonszemes: 23.7°C, Clouds, humidity: 55%
2026-06-07 18:58:32,445 - root - INFO - [825/1205] Fetching weather for Balatonlelle felső...
2026-06-07 18:58:32,499 - root - INFO - Fetched weather for Balatonlelle felső: 23.7°C, Clouds, humidity: 55%
2026-06-07 18:58:33,601 - root - INFO - [826/1205] Fetching weather for Balatonlelle...
2026-06-07 18:58:33,652 - root - INFO - Fetched weather for Balatonlelle: 23.7°C, Clouds, humidity: 56%
2026-06-07 18:58:34,753 - root - INFO - [827/1205] Fetching weather for Fonyódliget...
2026-06-07 18:58:34,817 - root - INFO - Fetched weather for Fonyódliget: 23.6°C, Clouds, humidity: 56%
2026-06-07 18:58:35,919 - root - INFO - [828/1205] Fetching weather for Balatonboglár...
2026-06-07 18:58:35,964 - root - INFO - Fetched weather for Balatonboglár: 23.7°C, Clouds, humidity: 56%
2026-06-07 18:58:37,065 - root - INFO - [829/1205] Fetching weather for Balatonfenyves alsó...
2026-06-07 18:58:37,115 - root - INFO - Fetched weather for Balatonfenyves alsó: 23.4°C, Clouds, humidity: 56%
2026-06-07 18:58:38,217 - root - INFO - [830/1205] Fetching weather for Fonyód...
2026-06-07 18:58:38,263 - root - INFO - Fetched weather for Fonyód: 23.6°C, Clouds, humidity: 56%
2026-06-07 18:58:39,364 - root - INFO - [831/1205] Fetching weather for Bélatelep...
2026-06-07 18:58:39,415 - root - INFO - Fetched weather for Bélatelep: 23.5°C, Clouds, humidity: 56%
2026-06-07 18:58:40,517 - root - INFO - [832/1205] Fetching weather for Alsóbélatelep...
2026-06-07 18:58:40,565 - root - INFO - Fetched weather for Alsóbélatelep: 23.5°C, Clouds, humidity: 56%
2026-06-07 18:58:41,667 - root - INFO - [833/1205] Fetching weather for Balatonfenyves...
2026-06-07 18:58:41,722 - root - INFO - Fetched weather for Balatonfenyves: 23.4°C, Clouds, humidity: 56%
2026-06-07 18:58:42,825 - root - INFO - [834/1205] Fetching weather for Máriahullámtelep...
2026-06-07 18:58:42,885 - root - INFO - Fetched weather for Máriahullámtelep: 23.4°C, Clouds, humidity: 56%
2026-06-07 18:58:43,987 - root - INFO - [835/1205] Fetching weather for Balatonmáriafürdő...
2026-06-07 18:58:44,039 - root - INFO - Fetched weather for Balatonmáriafürdő: 23.3°C, Clouds, humidity: 54%
2026-06-07 18:58:45,140 - root - INFO - [836/1205] Fetching weather for Balatonberény...
2026-06-07 18:58:45,197 - root - INFO - Fetched weather for Balatonberény: 23.2°C, Clouds, humidity: 54%
2026-06-07 18:58:46,298 - root - INFO - [837/1205] Fetching weather for Balatonszentgyörgy...
2026-06-07 18:58:46,349 - root - INFO - Fetched weather for Balatonszentgyörgy: 23.1°C, Clouds, humidity: 54%
2026-06-07 18:58:47,450 - root - INFO - [838/1205] Fetching weather for Vörs...
2026-06-07 18:58:47,506 - root - INFO - Fetched weather for Vörs: 23.0°C, Clouds, humidity: 54%
2026-06-07 18:58:48,608 - root - INFO - [839/1205] Fetching weather for Zalaszentjakab...
2026-06-07 18:58:48,656 - root - INFO - Fetched weather for Zalaszentjakab: 22.2°C, Clouds, humidity: 58%
2026-06-07 18:58:49,758 - root - INFO - [840/1205] Fetching weather for Nagykanizsa...
2026-06-07 18:58:49,816 - root - INFO - Fetched weather for Nagykanizsa: 21.9°C, Clouds, humidity: 61%
2026-06-07 18:58:50,917 - root - INFO - [841/1205] Fetching weather for Murakeresztúr...
2026-06-07 18:58:50,979 - root - INFO - Fetched weather for Murakeresztúr: 21.8°C, Clouds, humidity: 62%
2026-06-07 18:58:52,081 - root - INFO - [842/1205] Fetching weather for Zalakomár...
2026-06-07 18:58:52,134 - root - INFO - Fetched weather for Zalakomár: 22.5°C, Clouds, humidity: 57%
2026-06-07 18:58:53,235 - root - INFO - [843/1205] Fetching weather for Szárazrét...
2026-06-07 18:58:53,291 - root - INFO - Fetched weather for Szárazrét: 22.6°C, Clear, humidity: 54%
2026-06-07 18:58:54,393 - root - INFO - [844/1205] Fetching weather for Bodajk...
2026-06-07 18:58:54,444 - root - INFO - Fetched weather for Bodajk: 22.4°C, Clouds, humidity: 55%
2026-06-07 18:58:55,546 - root - INFO - [845/1205] Fetching weather for Csókakő...
2026-06-07 18:58:55,607 - root - INFO - Fetched weather for Csókakő: 22.1°C, Clouds, humidity: 55%
2026-06-07 18:58:56,709 - root - INFO - [846/1205] Fetching weather for Mór...
2026-06-07 18:58:56,759 - root - INFO - Fetched weather for Mór: 22.2°C, Clouds, humidity: 55%
2026-06-07 18:58:57,860 - root - INFO - [847/1205] Fetching weather for Bakonysárkány...
2026-06-07 18:58:57,912 - root - INFO - Fetched weather for Bakonysárkány: 21.8°C, Clouds, humidity: 56%
2026-06-07 18:58:59,014 - root - INFO - [848/1205] Fetching weather for Kisbér...
2026-06-07 18:58:59,067 - root - INFO - Fetched weather for Kisbér: 22.1°C, Clouds, humidity: 55%
2026-06-07 18:59:00,169 - root - INFO - [849/1205] Fetching weather for Nagyigmánd-Bábolna...
2026-06-07 18:59:00,224 - root - INFO - Fetched weather for Nagyigmánd-Bábolna: 22.1°C, Clear, humidity: 55%
2026-06-07 18:59:01,325 - root - INFO - [850/1205] Fetching weather for Budapest-Déli...
2026-06-07 18:59:01,375 - root - INFO - Fetched weather for Budapest-Déli: 22.3°C, Clouds, humidity: 49%
2026-06-07 18:59:02,476 - root - INFO - [851/1205] Fetching weather for Budapest-Kelenföld...
2026-06-07 18:59:02,528 - root - INFO - Fetched weather for Budapest-Kelenföld: 22.6°C, Clouds, humidity: 49%
2026-06-07 18:59:03,629 - root - INFO - [852/1205] Fetching weather for Budaörs...
2026-06-07 18:59:03,683 - root - INFO - Fetched weather for Budaörs: 22.5°C, Clouds, humidity: 49%
2026-06-07 18:59:04,784 - root - INFO - [853/1205] Fetching weather for Biatorbágy...
2026-06-07 18:59:04,839 - root - INFO - Fetched weather for Biatorbágy: 21.8°C, Clouds, humidity: 50%
2026-06-07 18:59:05,940 - root - INFO - [854/1205] Fetching weather for Herceghalom...
2026-06-07 18:59:05,988 - root - INFO - Fetched weather for Herceghalom: 22.0°C, Clear, humidity: 51%
2026-06-07 18:59:07,089 - root - INFO - [855/1205] Fetching weather for Bicske...
2026-06-07 18:59:07,140 - root - INFO - Fetched weather for Bicske: 21.7°C, Clear, humidity: 54%
2026-06-07 18:59:08,242 - root - INFO - [856/1205] Fetching weather for Szár...
2026-06-07 18:59:08,296 - root - INFO - Fetched weather for Szár: 21.4°C, Clear, humidity: 54%
2026-06-07 18:59:09,398 - root - INFO - [857/1205] Fetching weather for Szárliget...
2026-06-07 18:59:09,451 - root - INFO - Fetched weather for Szárliget: 21.1°C, Clouds, humidity: 54%
2026-06-07 18:59:10,552 - root - INFO - [858/1205] Fetching weather for Alsógalla...
2026-06-07 18:59:10,600 - root - INFO - Fetched weather for Alsógalla: 21.5°C, Clouds, humidity: 55%
2026-06-07 18:59:11,701 - root - INFO - [859/1205] Fetching weather for Tatabánya...
2026-06-07 18:59:11,752 - root - INFO - Fetched weather for Tatabánya: 21.6°C, Clouds, humidity: 55%
2026-06-07 18:59:12,854 - root - INFO - [860/1205] Fetching weather for Vértesszőlős...
2026-06-07 18:59:12,900 - root - INFO - Fetched weather for Vértesszőlős: 21.6°C, Clouds, humidity: 55%
2026-06-07 18:59:14,001 - root - INFO - [861/1205] Fetching weather for Tóvároskert...
2026-06-07 18:59:14,062 - root - INFO - Fetched weather for Tóvároskert: 21.6°C, Clouds, humidity: 55%
2026-06-07 18:59:15,164 - root - INFO - [862/1205] Fetching weather for Tata...
2026-06-07 18:59:15,216 - root - INFO - Fetched weather for Tata: 21.6°C, Clouds, humidity: 55%
2026-06-07 18:59:16,318 - root - INFO - [863/1205] Fetching weather for Almásfüzitő...
2026-06-07 18:59:16,369 - root - INFO - Fetched weather for Almásfüzitő: 21.7°C, Clouds, humidity: 55%
2026-06-07 18:59:17,471 - root - INFO - [864/1205] Fetching weather for Almásfüzitő felső...
2026-06-07 18:59:17,520 - root - INFO - Fetched weather for Almásfüzitő felső: 21.8°C, Clouds, humidity: 55%
2026-06-07 18:59:18,622 - root - INFO - [865/1205] Fetching weather for Szőny...
2026-06-07 18:59:18,674 - root - INFO - Fetched weather for Szőny: 21.8°C, Clear, humidity: 55%
2026-06-07 18:59:19,776 - root - INFO - [866/1205] Fetching weather for Komárom...
2026-06-07 18:59:19,828 - root - INFO - Fetched weather for Komárom: 21.9°C, Clear, humidity: 56%
2026-06-07 18:59:20,929 - root - INFO - [867/1205] Fetching weather for Ács...
2026-06-07 18:59:20,982 - root - INFO - Fetched weather for Ács: 22.0°C, Clear, humidity: 56%
2026-06-07 18:59:22,083 - root - INFO - [868/1205] Fetching weather for Nagyszentjános...
2026-06-07 18:59:22,132 - root - INFO - Fetched weather for Nagyszentjános: 22.1°C, Clear, humidity: 55%
2026-06-07 18:59:23,233 - root - INFO - [869/1205] Fetching weather for Győrszentiván...
2026-06-07 18:59:23,282 - root - INFO - Fetched weather for Győrszentiván: 22.3°C, Clear, humidity: 54%
2026-06-07 18:59:24,383 - root - INFO - [870/1205] Fetching weather for Győr-Gyárváros...
2026-06-07 18:59:24,432 - root - INFO - Fetched weather for Győr-Gyárváros: 22.4°C, Clear, humidity: 54%
2026-06-07 18:59:25,533 - root - INFO - [871/1205] Fetching weather for Győr...
2026-06-07 18:59:25,591 - root - INFO - Fetched weather for Győr: 22.4°C, Clear, humidity: 54%
2026-06-07 18:59:26,693 - root - INFO - [872/1205] Fetching weather for Öttevény...
2026-06-07 18:59:26,748 - root - INFO - Fetched weather for Öttevény: 22.4°C, Clear, humidity: 54%
2026-06-07 18:59:27,849 - root - INFO - [873/1205] Fetching weather for Lébény-Mosonszentmiklós...
2026-06-07 18:59:27,898 - root - INFO - Fetched weather for Lébény-Mosonszentmiklós: 22.4°C, Clear, humidity: 54%
2026-06-07 18:59:28,999 - root - INFO - [874/1205] Fetching weather for Kimle-Károlyháza...
2026-06-07 18:59:29,051 - root - INFO - Fetched weather for Kimle-Károlyháza: 22.4°C, Clear, humidity: 54%
2026-06-07 18:59:30,152 - root - INFO - [875/1205] Fetching weather for Mosonmagyaróvár...
2026-06-07 18:59:30,204 - root - INFO - Fetched weather for Mosonmagyaróvár: 22.3°C, Clear, humidity: 55%
2026-06-07 18:59:31,305 - root - INFO - [876/1205] Fetching weather for Levél...
2026-06-07 18:59:31,354 - root - INFO - Fetched weather for Levél: 22.3°C, Clear, humidity: 55%
2026-06-07 18:59:32,456 - root - INFO - [877/1205] Fetching weather for Hegyeshalom...
2026-06-07 18:59:32,510 - root - INFO - Fetched weather for Hegyeshalom: 22.3°C, Clear, humidity: 55%
2026-06-07 18:59:33,611 - root - INFO - [878/1205] Fetching weather for Óbuda...
2026-06-07 18:59:33,664 - root - INFO - Fetched weather for Óbuda: 22.3°C, Clouds, humidity: 49%
2026-06-07 18:59:34,766 - root - INFO - [879/1205] Fetching weather for Üröm...
2026-06-07 18:59:34,813 - root - INFO - Fetched weather for Üröm: 22.2°C, Clouds, humidity: 49%
2026-06-07 18:59:35,914 - root - INFO - [880/1205] Fetching weather for Solymár...
2026-06-07 18:59:35,969 - root - INFO - Fetched weather for Solymár: 21.9°C, Clouds, humidity: 50%
2026-06-07 18:59:37,071 - root - INFO - [881/1205] Fetching weather for Pilisvörösvár...
2026-06-07 18:59:37,129 - root - INFO - Fetched weather for Pilisvörösvár: 21.5°C, Clouds, humidity: 50%
2026-06-07 18:59:38,231 - root - INFO - [882/1205] Fetching weather for Klotildliget...
2026-06-07 18:59:38,285 - root - INFO - Fetched weather for Klotildliget: 21.2°C, Clouds, humidity: 50%
2026-06-07 18:59:39,387 - root - INFO - [883/1205] Fetching weather for Kútvölgy...
2026-06-07 18:59:39,434 - root - INFO - Fetched weather for Kútvölgy: 22.2°C, Clouds, humidity: 50%
2026-06-07 18:59:40,536 - root - INFO - [884/1205] Fetching weather for Székkutas...
2026-06-07 18:59:40,586 - root - INFO - Fetched weather for Székkutas: 22.2°C, Clouds, humidity: 49%
2026-06-07 18:59:41,687 - root - INFO - [885/1205] Fetching weather for Kaposszentjakab...
2026-06-07 18:59:41,737 - root - INFO - Fetched weather for Kaposszentjakab: 22.4°C, Clouds, humidity: 60%
2026-06-07 18:59:42,838 - root - INFO - [886/1205] Fetching weather for Kaposvár...
2026-06-07 18:59:42,890 - root - INFO - Fetched weather for Kaposvár: 22.3°C, Clouds, humidity: 60%
2026-06-07 18:59:43,992 - root - INFO - [887/1205] Fetching weather for Kaposújlak...
2026-06-07 18:59:44,040 - root - INFO - Fetched weather for Kaposújlak: 22.4°C, Clouds, humidity: 60%
2026-06-07 18:59:45,141 - root - INFO - [888/1205] Fetching weather for Kaposmérő...
2026-06-07 18:59:45,199 - root - INFO - Fetched weather for Kaposmérő: 22.3°C, Clouds, humidity: 60%
2026-06-07 18:59:46,300 - root - INFO - [889/1205] Fetching weather for Kaposfő...
2026-06-07 18:59:46,345 - root - INFO - Fetched weather for Kaposfő: 22.2°C, Clouds, humidity: 60%
2026-06-07 18:59:47,446 - root - INFO - [890/1205] Fetching weather for Kiskorpád...
2026-06-07 18:59:47,497 - root - INFO - Fetched weather for Kiskorpád: 22.1°C, Clouds, humidity: 60%
2026-06-07 18:59:48,598 - root - INFO - [891/1205] Fetching weather for Jákó-Nagybajom...
2026-06-07 18:59:48,647 - root - INFO - Fetched weather for Jákó-Nagybajom: 22.1°C, Clouds, humidity: 60%
2026-06-07 18:59:49,749 - root - INFO - [892/1205] Fetching weather for Kutas...
2026-06-07 18:59:49,804 - root - INFO - Fetched weather for Kutas: 22.3°C, Clouds, humidity: 60%
2026-06-07 18:59:50,906 - root - INFO - [893/1205] Fetching weather for Beleg...
2026-06-07 18:59:50,959 - root - INFO - Fetched weather for Beleg: 22.3°C, Clouds, humidity: 60%
2026-06-07 18:59:52,060 - root - INFO - [894/1205] Fetching weather for Ötvöskónyi...
2026-06-07 18:59:52,121 - root - INFO - Fetched weather for Ötvöskónyi: 22.2°C, Clouds, humidity: 60%
2026-06-07 18:59:53,222 - root - INFO - [895/1205] Fetching weather for Somogyszob...
2026-06-07 18:59:53,270 - root - INFO - Fetched weather for Somogyszob: 22.1°C, Clouds, humidity: 59%
2026-06-07 18:59:54,372 - root - INFO - [896/1205] Fetching weather for Bolhás...
2026-06-07 18:59:54,430 - root - INFO - Fetched weather for Bolhás: 22.0°C, Clouds, humidity: 59%
2026-06-07 18:59:55,532 - root - INFO - [897/1205] Fetching weather for Szenta...
2026-06-07 18:59:55,586 - root - INFO - Fetched weather for Szenta: 21.9°C, Clouds, humidity: 60%
2026-06-07 18:59:56,688 - root - INFO - [898/1205] Fetching weather for Zrínyitelep...
2026-06-07 18:59:56,739 - root - INFO - Fetched weather for Zrínyitelep: 21.9°C, Clouds, humidity: 60%
2026-06-07 18:59:57,840 - root - INFO - [899/1205] Fetching weather for Csurgó...
2026-06-07 18:59:57,897 - root - INFO - Fetched weather for Csurgó: 22.0°C, Clouds, humidity: 60%
2026-06-07 18:59:58,999 - root - INFO - [900/1205] Fetching weather for Gyékényes...
2026-06-07 18:59:59,052 - root - INFO - Fetched weather for Gyékényes: 21.6°C, Clouds, humidity: 62%
2026-06-07 19:00:00,154 - root - INFO - [901/1205] Fetching weather for Adony...
2026-06-07 19:00:00,206 - root - INFO - Fetched weather for Adony: 22.1°C, Clear, humidity: 52%
2026-06-07 19:00:01,307 - root - INFO - [902/1205] Fetching weather for Kulcs...
2026-06-07 19:00:01,366 - root - INFO - Fetched weather for Kulcs: 21.9°C, Clear, humidity: 51%
2026-06-07 19:00:02,468 - root - INFO - [903/1205] Fetching weather for Rácalmás...
2026-06-07 19:00:02,517 - root - INFO - Fetched weather for Rácalmás: 21.9°C, Clear, humidity: 51%
2026-06-07 19:00:03,618 - root - INFO - [904/1205] Fetching weather for Dunaújváros...
2026-06-07 19:00:03,671 - root - INFO - Fetched weather for Dunaújváros: 21.9°C, Clouds, humidity: 51%
2026-06-07 19:00:04,772 - root - INFO - [905/1205] Fetching weather for Újvenyim...
2026-06-07 19:00:04,820 - root - INFO - Fetched weather for Újvenyim: 22.1°C, Clouds, humidity: 52%
2026-06-07 19:00:05,922 - root - INFO - [906/1205] Fetching weather for Mezőfalva...
2026-06-07 19:00:05,976 - root - INFO - Fetched weather for Mezőfalva: 22.1°C, Clear, humidity: 52%
2026-06-07 19:00:07,077 - root - INFO - [907/1205] Fetching weather for Nagykarácsony felső...
2026-06-07 19:00:07,140 - root - INFO - Fetched weather for Nagykarácsony felső: 22.3°C, Clear, humidity: 52%
2026-06-07 19:00:08,241 - root - INFO - [908/1205] Fetching weather for Nagykarácsony...
2026-06-07 19:00:08,289 - root - INFO - Fetched weather for Nagykarácsony: 22.1°C, Clear, humidity: 53%
2026-06-07 19:00:09,391 - root - INFO - [909/1205] Fetching weather for Alap...
2026-06-07 19:00:09,469 - root - INFO - Fetched weather for Alap: 22.6°C, Clear, humidity: 53%
2026-06-07 19:00:10,571 - root - INFO - [910/1205] Fetching weather for Cece...
2026-06-07 19:00:10,628 - root - INFO - Fetched weather for Cece: 22.7°C, Clouds, humidity: 54%
2026-06-07 19:00:11,730 - root - INFO - [911/1205] Fetching weather for Vajta...
2026-06-07 19:00:11,779 - root - INFO - Fetched weather for Vajta: 22.6°C, Clouds, humidity: 54%
2026-06-07 19:00:12,880 - root - INFO - [912/1205] Fetching weather for Rétszilas alsó...
2026-06-07 19:00:12,928 - root - INFO - Fetched weather for Rétszilas alsó: 22.6°C, Clear, humidity: 53%
2026-06-07 19:00:14,029 - root - INFO - [913/1205] Fetching weather for Nagydorog...
2026-06-07 19:00:14,076 - root - INFO - Fetched weather for Nagydorog: 22.6°C, Clouds, humidity: 54%
2026-06-07 19:00:15,178 - root - INFO - [914/1205] Fetching weather for Tengelic...
2026-06-07 19:00:15,232 - root - INFO - Fetched weather for Tengelic: 22.4°C, Clouds, humidity: 55%
2026-06-07 19:00:16,334 - root - INFO - [915/1205] Fetching weather for Fácánkert...
2026-06-07 19:00:16,386 - root - INFO - Fetched weather for Fácánkert: 22.4°C, Clouds, humidity: 55%
2026-06-07 19:00:17,488 - root - INFO - [916/1205] Fetching weather for Tolna-Mözs...
2026-06-07 19:00:17,544 - root - INFO - Fetched weather for Tolna-Mözs: 22.4°C, Clouds, humidity: 55%
2026-06-07 19:00:18,646 - root - INFO - [917/1205] Fetching weather for Szekszárd-Palánk...
2026-06-07 19:00:18,694 - root - INFO - Fetched weather for Szekszárd-Palánk: 22.4°C, Clouds, humidity: 56%
2026-06-07 19:00:19,796 - root - INFO - [918/1205] Fetching weather for Szekszárd...
2026-06-07 19:00:19,844 - root - INFO - Fetched weather for Szekszárd: 22.4°C, Clouds, humidity: 56%
2026-06-07 19:00:20,945 - root - INFO - [919/1205] Fetching weather for Őcsény...
2026-06-07 19:00:20,995 - root - INFO - Fetched weather for Őcsény: 22.4°C, Clouds, humidity: 56%
2026-06-07 19:00:22,097 - root - INFO - [920/1205] Fetching weather for Decs...
2026-06-07 19:00:22,150 - root - INFO - Fetched weather for Decs: 22.4°C, Clouds, humidity: 56%
2026-06-07 19:00:23,251 - root - INFO - [921/1205] Fetching weather for Csikóstőttős...
2026-06-07 19:00:23,311 - root - INFO - Fetched weather for Csikóstőttős: 22.5°C, Clouds, humidity: 60%
2026-06-07 19:00:24,412 - root - INFO - [922/1205] Fetching weather for Mágocs-Alsómocsolád...
2026-06-07 19:00:24,460 - root - INFO - Fetched weather for Mágocs-Alsómocsolád: 21.8°C, Clouds, humidity: 61%
2026-06-07 19:00:25,562 - root - INFO - [923/1205] Fetching weather for Szalatnak...
2026-06-07 19:00:25,618 - root - INFO - Fetched weather for Szalatnak: 22.0°C, Clouds, humidity: 62%
2026-06-07 19:00:26,719 - root - INFO - [924/1205] Fetching weather for Máza-Szászvár...
2026-06-07 19:00:26,774 - root - INFO - Fetched weather for Máza-Szászvár: 22.0°C, Clouds, humidity: 60%
2026-06-07 19:00:27,876 - root - INFO - [925/1205] Fetching weather for Váralja...
2026-06-07 19:00:27,929 - root - INFO - Fetched weather for Váralja: 22.1°C, Clouds, humidity: 60%
2026-06-07 19:00:29,031 - root - INFO - [926/1205] Fetching weather for Nagymányok...
2026-06-07 19:00:29,080 - root - INFO - Fetched weather for Nagymányok: 22.1°C, Clouds, humidity: 60%
2026-06-07 19:00:30,181 - root - INFO - [927/1205] Fetching weather for Hidas-Bonyhád...
2026-06-07 19:00:30,241 - root - INFO - Fetched weather for Hidas-Bonyhád: 22.0°C, Clouds, humidity: 59%
2026-06-07 19:00:31,342 - root - INFO - [928/1205] Fetching weather for Mőcsény...
2026-06-07 19:00:31,392 - root - INFO - Fetched weather for Mőcsény: 21.8°C, Clouds, humidity: 58%
2026-06-07 19:00:32,493 - root - INFO - [929/1205] Fetching weather for Bátaszék...
2026-06-07 19:00:32,555 - root - INFO - Fetched weather for Bátaszék: 22.2°C, Clouds, humidity: 57%
2026-06-07 19:00:33,657 - root - INFO - [930/1205] Fetching weather for Pörböly...
2026-06-07 19:00:33,705 - root - INFO - Fetched weather for Pörböly: 22.2°C, Clouds, humidity: 55%
2026-06-07 19:00:34,806 - root - INFO - [931/1205] Fetching weather for Orosháza...
2026-06-07 19:00:34,861 - root - INFO - Fetched weather for Orosháza: 23.5°C, Clouds, humidity: 47%
2026-06-07 19:00:35,963 - root - INFO - [932/1205] Fetching weather for Orosházi tanyák...
2026-06-07 19:00:36,020 - root - INFO - Fetched weather for Orosházi tanyák: 20.5°C, Clouds, humidity: 46%
2026-06-07 19:00:37,122 - root - INFO - [933/1205] Fetching weather for Csorvás...
2026-06-07 19:00:37,183 - root - INFO - Fetched weather for Csorvás: 20.5°C, Clouds, humidity: 47%
2026-06-07 19:00:38,284 - root - INFO - [934/1205] Fetching weather for Csorvás alsó...
2026-06-07 19:00:38,339 - root - INFO - Fetched weather for Csorvás alsó: 20.5°C, Clouds, humidity: 55%
2026-06-07 19:00:39,440 - root - INFO - [935/1205] Fetching weather for Telekgerendás...
2026-06-07 19:00:39,495 - root - INFO - Fetched weather for Telekgerendás: 20.5°C, Clouds, humidity: 55%
2026-06-07 19:00:40,596 - root - INFO - [936/1205] Fetching weather for Fürjes...
2026-06-07 19:00:40,659 - root - INFO - Fetched weather for Fürjes: 20.5°C, Clouds, humidity: 55%
2026-06-07 19:00:41,761 - root - INFO - [937/1205] Fetching weather for Fényes...
2026-06-07 19:00:41,813 - root - INFO - Fetched weather for Fényes: 20.6°C, Clouds, humidity: 55%
2026-06-07 19:00:42,915 - root - INFO - [938/1205] Fetching weather for Bicere...
2026-06-07 19:00:42,967 - root - INFO - Fetched weather for Bicere: 20.6°C, Clear, humidity: 55%
2026-06-07 19:00:44,068 - root - INFO - [939/1205] Fetching weather for Gyula...
2026-06-07 19:00:44,121 - root - INFO - Fetched weather for Gyula: 20.5°C, Clear, humidity: 55%
2026-06-07 19:00:45,222 - root - INFO - [940/1205] Fetching weather for József Szanatórium...
2026-06-07 19:00:45,281 - root - INFO - Fetched weather for József Szanatórium: 20.5°C, Clouds, humidity: 55%
2026-06-07 19:00:46,383 - root - INFO - [941/1205] Fetching weather for Sarkadi Cukorgyár...
2026-06-07 19:00:46,429 - root - INFO - Fetched weather for Sarkadi Cukorgyár: 20.5°C, Clouds, humidity: 55%
2026-06-07 19:00:47,531 - root - INFO - [942/1205] Fetching weather for Sarkad...
2026-06-07 19:00:47,594 - root - INFO - Fetched weather for Sarkad: 20.5°C, Clouds, humidity: 50%
2026-06-07 19:00:48,696 - root - INFO - [943/1205] Fetching weather for Kötegyán...
2026-06-07 19:00:48,751 - root - INFO - Fetched weather for Kötegyán: 20.5°C, Clouds, humidity: 49%
2026-06-07 19:00:49,853 - root - INFO - [944/1205] Fetching weather for Méhkerék...
2026-06-07 19:00:49,900 - root - INFO - Fetched weather for Méhkerék: 20.5°C, Clouds, humidity: 48%
2026-06-07 19:00:51,002 - root - INFO - [945/1205] Fetching weather for Sarkadkeresztúr...
2026-06-07 19:00:51,058 - root - INFO - Fetched weather for Sarkadkeresztúr: 20.6°C, Clouds, humidity: 48%
2026-06-07 19:00:52,159 - root - INFO - [946/1205] Fetching weather for Okány...
2026-06-07 19:00:52,215 - root - INFO - Fetched weather for Okány: 20.6°C, Clouds, humidity: 49%
2026-06-07 19:00:53,317 - root - INFO - [947/1205] Fetching weather for Újszeged...
2026-06-07 19:00:53,372 - root - INFO - Fetched weather for Újszeged: 23.0°C, Clouds, humidity: 53%
2026-06-07 19:00:54,473 - root - INFO - [948/1205] Fetching weather for Szőreg...
2026-06-07 19:00:54,525 - root - INFO - Fetched weather for Szőreg: 23.1°C, Clear, humidity: 54%
2026-06-07 19:00:55,627 - root - INFO - [949/1205] Fetching weather for Deszk...
2026-06-07 19:00:55,680 - root - INFO - Fetched weather for Deszk: 23.3°C, Clouds, humidity: 54%
2026-06-07 19:00:56,782 - root - INFO - [950/1205] Fetching weather for Kiszombor...
2026-06-07 19:00:56,833 - root - INFO - Fetched weather for Kiszombor: 23.6°C, Clouds, humidity: 55%
2026-06-07 19:00:57,935 - root - INFO - [951/1205] Fetching weather for Kiszombor megálló...
2026-06-07 19:00:57,991 - root - INFO - Fetched weather for Kiszombor megálló: 23.6°C, Clouds, humidity: 55%
2026-06-07 19:00:59,093 - root - INFO - [952/1205] Fetching weather for Makó...
2026-06-07 19:00:59,144 - root - INFO - Fetched weather for Makó: 23.6°C, Clouds, humidity: 55%
2026-06-07 19:01:00,246 - root - INFO - [953/1205] Fetching weather for Apátfalva...
2026-06-07 19:01:00,304 - root - INFO - Fetched weather for Apátfalva: 23.8°C, Clouds, humidity: 55%
2026-06-07 19:01:01,406 - root - INFO - [954/1205] Fetching weather for Magyarcsanád...
2026-06-07 19:01:01,455 - root - INFO - Fetched weather for Magyarcsanád: 23.9°C, Clouds, humidity: 55%
2026-06-07 19:01:02,557 - root - INFO - [955/1205] Fetching weather for Nagylak...
2026-06-07 19:01:02,618 - root - INFO - Fetched weather for Nagylak: 24.0°C, Clouds, humidity: 55%
2026-06-07 19:01:03,720 - root - INFO - [956/1205] Fetching weather for Nagylaki Kendergyár...
2026-06-07 19:01:03,781 - root - INFO - Fetched weather for Nagylaki Kendergyár: 24.0°C, Clouds, humidity: 56%
2026-06-07 19:01:04,883 - root - INFO - [957/1205] Fetching weather for Csanádpalota...
2026-06-07 19:01:04,947 - root - INFO - Fetched weather for Csanádpalota: 24.0°C, Clouds, humidity: 56%
2026-06-07 19:01:06,048 - root - INFO - [958/1205] Fetching weather for Mezőhegyes...
2026-06-07 19:01:06,106 - root - INFO - Fetched weather for Mezőhegyes: 23.9°C, Clouds, humidity: 55%
2026-06-07 19:01:07,208 - root - INFO - [959/1205] Fetching weather for Végegyháza...
2026-06-07 19:01:07,258 - root - INFO - Fetched weather for Végegyháza: 23.9°C, Clouds, humidity: 53%
2026-06-07 19:01:08,360 - root - INFO - [960/1205] Fetching weather for Mezőkovácsháza...
2026-06-07 19:01:08,417 - root - INFO - Fetched weather for Mezőkovácsháza: 23.9°C, Clouds, humidity: 52%
2026-06-07 19:01:09,518 - root - INFO - [961/1205] Fetching weather for Mezőkovácsháza felső...
2026-06-07 19:01:09,575 - root - INFO - Fetched weather for Mezőkovácsháza felső: 23.9°C, Clouds, humidity: 53%
2026-06-07 19:01:10,677 - root - INFO - [962/1205] Fetching weather for Magyarbánhegyes...
2026-06-07 19:01:10,732 - root - INFO - Fetched weather for Magyarbánhegyes: 20.5°C, Clouds, humidity: 53%
2026-06-07 19:01:11,834 - root - INFO - [963/1205] Fetching weather for Medgyesegyháza...
2026-06-07 19:01:11,886 - root - INFO - Fetched weather for Medgyesegyháza: 20.5°C, Clouds, humidity: 53%
2026-06-07 19:01:12,987 - root - INFO - [964/1205] Fetching weather for Bánkút...
2026-06-07 19:01:13,037 - root - INFO - Fetched weather for Bánkút: 20.5°C, Clouds, humidity: 55%
2026-06-07 19:01:14,139 - root - INFO - [965/1205] Fetching weather for Belsőperegpuszta...
2026-06-07 19:01:14,187 - root - INFO - Fetched weather for Belsőperegpuszta: 24.1°C, Clouds, humidity: 56%
2026-06-07 19:01:15,289 - root - INFO - [966/1205] Fetching weather for Battonya...
2026-06-07 19:01:15,341 - root - INFO - Fetched weather for Battonya: 22.3°C, Clouds, humidity: 57%
2026-06-07 19:01:16,442 - root - INFO - [967/1205] Fetching weather for Baja-Dunafürdő...
2026-06-07 19:01:16,497 - root - INFO - Fetched weather for Baja-Dunafürdő: 22.2°C, Clouds, humidity: 54%
2026-06-07 19:01:17,599 - root - INFO - [968/1205] Fetching weather for Kaposszekcső...
2026-06-07 19:01:17,664 - root - INFO - Fetched weather for Kaposszekcső: 22.5°C, Clouds, humidity: 60%
2026-06-07 19:01:18,766 - root - INFO - [969/1205] Fetching weather for Vásárosdombó...
2026-06-07 19:01:18,814 - root - INFO - Fetched weather for Vásárosdombó: 22.4°C, Clouds, humidity: 61%
2026-06-07 19:01:19,916 - root - INFO - [970/1205] Fetching weather for Sásd...
2026-06-07 19:01:19,964 - root - INFO - Fetched weather for Sásd: 22.2°C, Clouds, humidity: 61%
2026-06-07 19:01:21,065 - root - INFO - [971/1205] Fetching weather for Godisa...
2026-06-07 19:01:21,113 - root - INFO - Fetched weather for Godisa: 21.9°C, Clouds, humidity: 61%
2026-06-07 19:01:22,215 - root - INFO - [972/1205] Fetching weather for Abaliget...
2026-06-07 19:01:22,271 - root - INFO - Fetched weather for Abaliget: 21.6°C, Clouds, humidity: 60%
2026-06-07 19:01:23,372 - root - INFO - [973/1205] Fetching weather for Hetvehely...
2026-06-07 19:01:23,432 - root - INFO - Fetched weather for Hetvehely: 21.8°C, Clouds, humidity: 59%
2026-06-07 19:01:24,534 - root - INFO - [974/1205] Fetching weather for Bükkösd...
2026-06-07 19:01:24,590 - root - INFO - Fetched weather for Bükkösd: 21.7°C, Clouds, humidity: 58%
2026-06-07 19:01:25,691 - root - INFO - [975/1205] Fetching weather for Cserdi-Helesfa...
2026-06-07 19:01:25,745 - root - INFO - Fetched weather for Cserdi-Helesfa: 21.8°C, Clouds, humidity: 58%
2026-06-07 19:01:26,846 - root - INFO - [976/1205] Fetching weather for Szentlőrinc...
2026-06-07 19:01:26,895 - root - INFO - Fetched weather for Szentlőrinc: 22.2°C, Clouds, humidity: 57%
2026-06-07 19:01:27,997 - root - INFO - [977/1205] Fetching weather for Bicsérd...
2026-06-07 19:01:28,044 - root - INFO - Fetched weather for Bicsérd: 22.1°C, Clouds, humidity: 58%
2026-06-07 19:01:29,146 - root - INFO - [978/1205] Fetching weather for Mecsekalja-Cserkút...
2026-06-07 19:01:29,204 - root - INFO - Fetched weather for Mecsekalja-Cserkút: 21.4°C, Clouds, humidity: 59%
2026-06-07 19:01:30,305 - root - INFO - [979/1205] Fetching weather for Pécs...
2026-06-07 19:01:30,355 - root - INFO - Fetched weather for Pécs: 20.9°C, Clouds, humidity: 59%
2026-06-07 19:01:31,457 - root - INFO - [980/1205] Fetching weather for Pécs-Külváros...
2026-06-07 19:01:31,506 - root - INFO - Fetched weather for Pécs-Külváros: 20.9°C, Clouds, humidity: 59%
2026-06-07 19:01:32,607 - root - INFO - [981/1205] Fetching weather for Pécsbánya-Rendező...
2026-06-07 19:01:32,657 - root - INFO - Fetched weather for Pécsbánya-Rendező: 20.8°C, Clouds, humidity: 59%
2026-06-07 19:01:33,758 - root - INFO - [982/1205] Fetching weather for Pécsudvard...
2026-06-07 19:01:33,805 - root - INFO - Fetched weather for Pécsudvard: 20.7°C, Clouds, humidity: 59%
2026-06-07 19:01:34,907 - root - INFO - [983/1205] Fetching weather for Szőkéd...
2026-06-07 19:01:34,966 - root - INFO - Fetched weather for Szőkéd: 20.9°C, Clouds, humidity: 78%
2026-06-07 19:01:36,067 - root - INFO - [984/1205] Fetching weather for Áta...
2026-06-07 19:01:36,119 - root - INFO - Fetched weather for Áta: 21.0°C, Clouds, humidity: 78%
2026-06-07 19:01:37,220 - root - INFO - [985/1205] Fetching weather for Kistótfalu...
2026-06-07 19:01:37,275 - root - INFO - Fetched weather for Kistótfalu: 21.0°C, Clouds, humidity: 78%
2026-06-07 19:01:38,377 - root - INFO - [986/1205] Fetching weather for Vokány...
2026-06-07 19:01:38,430 - root - INFO - Fetched weather for Vokány: 21.0°C, Clouds, humidity: 78%
2026-06-07 19:01:39,532 - root - INFO - [987/1205] Fetching weather for Palkonya...
2026-06-07 19:01:39,580 - root - INFO - Fetched weather for Palkonya: 21.0°C, Clouds, humidity: 78%
2026-06-07 19:01:40,682 - root - INFO - [988/1205] Fetching weather for Villánykövesd...
2026-06-07 19:01:40,734 - root - INFO - Fetched weather for Villánykövesd: 20.9°C, Clouds, humidity: 78%
2026-06-07 19:01:41,836 - root - INFO - [989/1205] Fetching weather for Villány...
2026-06-07 19:01:41,890 - root - INFO - Fetched weather for Villány: 21.1°C, Clouds, humidity: 78%
2026-06-07 19:01:42,991 - root - INFO - [990/1205] Fetching weather for Magyarbóly...
2026-06-07 19:01:43,043 - root - INFO - Fetched weather for Magyarbóly: 21.1°C, Clouds, humidity: 78%
2026-06-07 19:01:44,144 - root - INFO - [991/1205] Fetching weather for Magyarszék...
2026-06-07 19:01:44,197 - root - INFO - Fetched weather for Magyarszék: 21.8°C, Clouds, humidity: 62%
2026-06-07 19:01:45,299 - root - INFO - [992/1205] Fetching weather for Mecsekpölöske...
2026-06-07 19:01:45,350 - root - INFO - Fetched weather for Mecsekpölöske: 21.5°C, Clouds, humidity: 62%
2026-06-07 19:01:46,452 - root - INFO - [993/1205] Fetching weather for Mecsekjánosi...
2026-06-07 19:01:46,502 - root - INFO - Fetched weather for Mecsekjánosi: 21.4°C, Clouds, humidity: 62%
2026-06-07 19:01:47,603 - root - INFO - [994/1205] Fetching weather for Komló...
2026-06-07 19:01:47,657 - root - INFO - Fetched weather for Komló: 21.6°C, Clouds, humidity: 62%
2026-06-07 19:01:48,758 - root - INFO - [995/1205] Fetching weather for Királyegyháza-Rigópuszta...
2026-06-07 19:01:48,819 - root - INFO - Fetched weather for Királyegyháza-Rigópuszta: 22.3°C, Clouds, humidity: 57%
2026-06-07 19:01:49,921 - root - INFO - [996/1205] Fetching weather for Sumony...
2026-06-07 19:01:49,968 - root - INFO - Fetched weather for Sumony: 22.3°C, Clouds, humidity: 57%
2026-06-07 19:01:51,070 - root - INFO - [997/1205] Fetching weather for Okorág-Kárászpuszta...
2026-06-07 19:01:51,127 - root - INFO - Fetched weather for Okorág-Kárászpuszta: 22.2°C, Clouds, humidity: 58%
2026-06-07 19:01:52,229 - root - INFO - [998/1205] Fetching weather for Kákics...
2026-06-07 19:01:52,277 - root - INFO - Fetched weather for Kákics: 22.1°C, Clouds, humidity: 59%
2026-06-07 19:01:53,378 - root - INFO - [999/1205] Fetching weather for Bóly...
2026-06-07 19:01:53,435 - root - INFO - Fetched weather for Bóly: 20.9°C, Clouds, humidity: 78%
2026-06-07 19:01:54,537 - root - INFO - [1000/1205] Fetching weather for Mohács...
2026-06-07 19:01:54,586 - root - INFO - Fetched weather for Mohács: 21.2°C, Clouds, humidity: 56%
2026-06-07 19:01:55,688 - root - INFO - [1001/1205] Fetching weather for Sellye...
2026-06-07 19:01:55,740 - root - INFO - Fetched weather for Sellye: 22.1°C, Clouds, humidity: 61%
2026-06-07 19:01:56,842 - root - INFO - [1002/1205] Fetching weather for Toponár...
2026-06-07 19:01:56,899 - root - INFO - Fetched weather for Toponár: 22.4°C, Clouds, humidity: 59%
2026-06-07 19:01:58,000 - root - INFO - [1003/1205] Fetching weather for Somogyaszaló...
2026-06-07 19:01:58,068 - root - INFO - Fetched weather for Somogyaszaló: 22.4°C, Clouds, humidity: 58%
2026-06-07 19:01:59,169 - root - INFO - [1004/1205] Fetching weather for Mernye...
2026-06-07 19:01:59,225 - root - INFO - Fetched weather for Mernye: 22.8°C, Clear, humidity: 56%
2026-06-07 19:02:00,326 - root - INFO - [1005/1205] Fetching weather for Felsőmocsolád...
2026-06-07 19:02:00,384 - root - INFO - Fetched weather for Felsőmocsolád: 22.7°C, Clouds, humidity: 56%
2026-06-07 19:02:01,485 - root - INFO - [1006/1205] Fetching weather for Kisbárapáti...
2026-06-07 19:02:01,540 - root - INFO - Fetched weather for Kisbárapáti: 22.8°C, Clouds, humidity: 54%
2026-06-07 19:02:02,642 - root - INFO - [1007/1205] Fetching weather for Bonnya...
2026-06-07 19:02:02,692 - root - INFO - Fetched weather for Bonnya: 23.0°C, Clouds, humidity: 54%
2026-06-07 19:02:03,794 - root - INFO - [1008/1205] Fetching weather for Andocs...
2026-06-07 19:02:03,847 - root - INFO - Fetched weather for Andocs: 22.6°C, Clouds, humidity: 54%
2026-06-07 19:02:04,948 - root - INFO - [1009/1205] Fetching weather for Karád...
2026-06-07 19:02:04,998 - root - INFO - Fetched weather for Karád: 23.0°C, Clouds, humidity: 54%
2026-06-07 19:02:06,100 - root - INFO - [1010/1205] Fetching weather for Somogymeggyes...
2026-06-07 19:02:06,151 - root - INFO - Fetched weather for Somogymeggyes: 22.6°C, Clouds, humidity: 54%
2026-06-07 19:02:07,252 - root - INFO - [1011/1205] Fetching weather for Kapoly...
2026-06-07 19:02:07,309 - root - INFO - Fetched weather for Kapoly: 22.9°C, Clouds, humidity: 54%
2026-06-07 19:02:08,410 - root - INFO - [1012/1205] Fetching weather for Tab...
2026-06-07 19:02:08,465 - root - INFO - Fetched weather for Tab: 23.0°C, Clouds, humidity: 54%
2026-06-07 19:02:09,567 - root - INFO - [1013/1205] Fetching weather for Bábonymegyer...
2026-06-07 19:02:09,619 - root - INFO - Fetched weather for Bábonymegyer: 23.1°C, Clouds, humidity: 55%
2026-06-07 19:02:10,721 - root - INFO - [1014/1205] Fetching weather for Daránypuszta...
2026-06-07 19:02:10,772 - root - INFO - Fetched weather for Daránypuszta: 23.2°C, Clouds, humidity: 55%
2026-06-07 19:02:11,873 - root - INFO - [1015/1205] Fetching weather for Som-Nagyberény...
2026-06-07 19:02:11,926 - root - INFO - Fetched weather for Som-Nagyberény: 23.2°C, Clouds, humidity: 55%
2026-06-07 19:02:13,028 - root - INFO - [1016/1205] Fetching weather for Ádánd...
2026-06-07 19:02:13,076 - root - INFO - Fetched weather for Ádánd: 23.3°C, Clouds, humidity: 55%
2026-06-07 19:02:14,177 - root - INFO - [1017/1205] Fetching weather for Siójut...
2026-06-07 19:02:14,227 - root - INFO - Fetched weather for Siójut: 23.3°C, Clouds, humidity: 30%
2026-06-07 19:02:15,328 - root - INFO - [1018/1205] Fetching weather for Kapostüskevár...
2026-06-07 19:02:15,382 - root - INFO - Fetched weather for Kapostüskevár: 22.4°C, Clouds, humidity: 60%
2026-06-07 19:02:16,484 - root - INFO - [1019/1205] Fetching weather for Kaposfüred...
2026-06-07 19:02:16,540 - root - INFO - Fetched weather for Kaposfüred: 22.4°C, Clouds, humidity: 59%
2026-06-07 19:02:17,642 - root - INFO - [1020/1205] Fetching weather for Várda...
2026-06-07 19:02:17,693 - root - INFO - Fetched weather for Várda: 22.4°C, Clouds, humidity: 58%
2026-06-07 19:02:18,794 - root - INFO - [1021/1205] Fetching weather for Somogyjád...
2026-06-07 19:02:18,849 - root - INFO - Fetched weather for Somogyjád: 22.6°C, Clouds, humidity: 58%
2026-06-07 19:02:19,951 - root - INFO - [1022/1205] Fetching weather for Osztopán...
2026-06-07 19:02:20,006 - root - INFO - Fetched weather for Osztopán: 22.7°C, Clouds, humidity: 58%
2026-06-07 19:02:21,108 - root - INFO - [1023/1205] Fetching weather for Pamuk...
2026-06-07 19:02:21,165 - root - INFO - Fetched weather for Pamuk: 22.9°C, Clouds, humidity: 57%
2026-06-07 19:02:22,266 - root - INFO - [1024/1205] Fetching weather for Somogyvár...
2026-06-07 19:02:22,325 - root - INFO - Fetched weather for Somogyvár: 23.0°C, Clouds, humidity: 57%
2026-06-07 19:02:23,426 - root - INFO - [1025/1205] Fetching weather for Öreglak...
2026-06-07 19:02:23,480 - root - INFO - Fetched weather for Öreglak: 23.1°C, Clouds, humidity: 57%
2026-06-07 19:02:24,582 - root - INFO - [1026/1205] Fetching weather for Tatárvár...
2026-06-07 19:02:24,639 - root - INFO - Fetched weather for Tatárvár: 23.1°C, Clouds, humidity: 57%
2026-06-07 19:02:25,740 - root - INFO - [1027/1205] Fetching weather for Lengyeltóti...
2026-06-07 19:02:25,787 - root - INFO - Fetched weather for Lengyeltóti: 23.2°C, Clouds, humidity: 56%
2026-06-07 19:02:26,888 - root - INFO - [1028/1205] Fetching weather for Pusztaberény...
2026-06-07 19:02:26,935 - root - INFO - Fetched weather for Pusztaberény: 23.4°C, Clouds, humidity: 56%
2026-06-07 19:02:28,037 - root - INFO - [1029/1205] Fetching weather for Örkény...
2026-06-07 19:02:28,095 - root - INFO - Fetched weather for Örkény: 21.8°C, Clear, humidity: 50%
2026-06-07 19:02:29,197 - root - INFO - [1030/1205] Fetching weather for Táborfalva...
2026-06-07 19:02:29,255 - root - INFO - Fetched weather for Táborfalva: 21.8°C, Clear, humidity: 50%
2026-06-07 19:02:30,357 - root - INFO - [1031/1205] Fetching weather for Felsőlajos...
2026-06-07 19:02:30,409 - root - INFO - Fetched weather for Felsőlajos: 21.7°C, Clear, humidity: 50%
2026-06-07 19:02:31,510 - root - INFO - [1032/1205] Fetching weather for Lajosmizse...
2026-06-07 19:02:31,563 - root - INFO - Fetched weather for Lajosmizse: 21.7°C, Clear, humidity: 50%
2026-06-07 19:02:32,664 - root - INFO - [1033/1205] Fetching weather for Lajosmizse alsó...
2026-06-07 19:02:32,717 - root - INFO - Fetched weather for Lajosmizse alsó: 21.7°C, Clear, humidity: 50%
2026-06-07 19:02:33,818 - root - INFO - [1034/1205] Fetching weather for Klábertelep...
2026-06-07 19:02:33,869 - root - INFO - Fetched weather for Klábertelep: 21.7°C, Clear, humidity: 51%
2026-06-07 19:02:34,971 - root - INFO - [1035/1205] Fetching weather for Méntelek...
2026-06-07 19:02:35,031 - root - INFO - Fetched weather for Méntelek: 21.7°C, Clear, humidity: 51%
2026-06-07 19:02:36,133 - root - INFO - [1036/1205] Fetching weather for Hetényegyháza...
2026-06-07 19:02:36,187 - root - INFO - Fetched weather for Hetényegyháza: 21.8°C, Clear, humidity: 51%
2026-06-07 19:02:37,289 - root - INFO - [1037/1205] Fetching weather for Kecskemét-Máriaváros...
2026-06-07 19:02:37,343 - root - INFO - Fetched weather for Kecskemét-Máriaváros: 21.8°C, Clear, humidity: 51%
2026-06-07 19:02:38,444 - root - INFO - [1038/1205] Fetching weather for Nyársapát...
2026-06-07 19:02:38,495 - root - INFO - Fetched weather for Nyársapát: 19.4°C, Clouds, humidity: 52%
2026-06-07 19:02:39,596 - root - INFO - [1039/1205] Fetching weather for Nagykőrös...
2026-06-07 19:02:39,648 - root - INFO - Fetched weather for Nagykőrös: 22.6°C, Clear, humidity: 52%
2026-06-07 19:02:40,749 - root - INFO - [1040/1205] Fetching weather for Katonatelep...
2026-06-07 19:02:40,796 - root - INFO - Fetched weather for Katonatelep: 21.7°C, Clear, humidity: 51%
2026-06-07 19:02:41,898 - root - INFO - [1041/1205] Fetching weather for Kecskemét...
2026-06-07 19:02:41,960 - root - INFO - Fetched weather for Kecskemét: 21.8°C, Clear, humidity: 51%
2026-06-07 19:02:43,062 - root - INFO - [1042/1205] Fetching weather for Városföld...
2026-06-07 19:02:43,110 - root - INFO - Fetched weather for Városföld: 21.9°C, Clear, humidity: 51%
2026-06-07 19:02:44,211 - root - INFO - [1043/1205] Fetching weather for Kiskunfélegyháza...
2026-06-07 19:02:44,268 - root - INFO - Fetched weather for Kiskunfélegyháza: 22.1°C, Clouds, humidity: 50%
2026-06-07 19:02:45,370 - root - INFO - [1044/1205] Fetching weather for Petőfiszállás...
2026-06-07 19:02:45,426 - root - INFO - Fetched weather for Petőfiszállás: 22.3°C, Clouds, humidity: 50%
2026-06-07 19:02:46,528 - root - INFO - [1045/1205] Fetching weather for Csengele...
2026-06-07 19:02:46,606 - root - INFO - Fetched weather for Csengele: 22.4°C, Clouds, humidity: 50%
2026-06-07 19:02:47,708 - root - INFO - [1046/1205] Fetching weather for Kistelek...
2026-06-07 19:02:47,754 - root - INFO - Fetched weather for Kistelek: 22.5°C, Clouds, humidity: 51%
2026-06-07 19:02:48,855 - root - INFO - [1047/1205] Fetching weather for Balástya...
2026-06-07 19:02:48,906 - root - INFO - Fetched weather for Balástya: 22.6°C, Clouds, humidity: 51%
2026-06-07 19:02:50,008 - root - INFO - [1048/1205] Fetching weather for Szatymaz...
2026-06-07 19:02:50,056 - root - INFO - Fetched weather for Szatymaz: 22.7°C, Clouds, humidity: 52%
2026-06-07 19:02:51,158 - root - INFO - [1049/1205] Fetching weather for Kiskundorozsma...
2026-06-07 19:02:51,215 - root - INFO - Fetched weather for Kiskundorozsma: 22.9°C, Clouds, humidity: 53%
2026-06-07 19:02:52,317 - root - INFO - [1050/1205] Fetching weather for Szeged...
2026-06-07 19:02:52,368 - root - INFO - Fetched weather for Szeged: 23.0°C, Clouds, humidity: 54%
2026-06-07 19:02:53,470 - root - INFO - [1051/1205] Fetching weather for Alsóúrrét...
2026-06-07 19:02:53,520 - root - INFO - Fetched weather for Alsóúrrét: 21.9°C, Clear, humidity: 51%
2026-06-07 19:02:54,622 - root - INFO - [1052/1205] Fetching weather for Nyárlőrinc...
2026-06-07 19:02:54,673 - root - INFO - Fetched weather for Nyárlőrinc: 21.9°C, Clear, humidity: 51%
2026-06-07 19:02:55,775 - root - INFO - [1053/1205] Fetching weather for Világoshegy...
2026-06-07 19:02:55,828 - root - INFO - Fetched weather for Világoshegy: 21.9°C, Clear, humidity: 51%
2026-06-07 19:02:56,929 - root - INFO - [1054/1205] Fetching weather for Szikra...
2026-06-07 19:02:56,984 - root - INFO - Fetched weather for Szikra: 22.7°C, Clear, humidity: 51%
2026-06-07 19:02:58,086 - root - INFO - [1055/1205] Fetching weather for Lakitelek...
2026-06-07 19:02:58,138 - root - INFO - Fetched weather for Lakitelek: 22.7°C, Clear, humidity: 51%
2026-06-07 19:02:59,239 - root - INFO - [1056/1205] Fetching weather for Tiszaug...
2026-06-07 19:02:59,292 - root - INFO - Fetched weather for Tiszaug: 22.2°C, Clear, humidity: 51%
2026-06-07 19:03:00,394 - root - INFO - [1057/1205] Fetching weather for Tiszasas...
2026-06-07 19:03:00,448 - root - INFO - Fetched weather for Tiszasas: 22.2°C, Clear, humidity: 51%
2026-06-07 19:03:01,550 - root - INFO - [1058/1205] Fetching weather for Csépa...
2026-06-07 19:03:01,599 - root - INFO - Fetched weather for Csépa: 22.2°C, Clear, humidity: 50%
2026-06-07 19:03:02,701 - root - INFO - [1059/1205] Fetching weather for Szelevény...
2026-06-07 19:03:02,758 - root - INFO - Fetched weather for Szelevény: 22.2°C, Clear, humidity: 50%
2026-06-07 19:03:03,860 - root - INFO - [1060/1205] Fetching weather for Gátér...
2026-06-07 19:03:03,912 - root - INFO - Fetched weather for Gátér: 22.2°C, Clouds, humidity: 51%
2026-06-07 19:03:05,014 - root - INFO - [1061/1205] Fetching weather for Kónyaszék...
2026-06-07 19:03:05,061 - root - INFO - Fetched weather for Kónyaszék: 22.2°C, Clouds, humidity: 50%
2026-06-07 19:03:06,163 - root - INFO - [1062/1205] Fetching weather for Csongrád...
2026-06-07 19:03:06,215 - root - INFO - Fetched weather for Csongrád: 22.2°C, Clear, humidity: 50%
2026-06-07 19:03:07,316 - root - INFO - [1063/1205] Fetching weather for Hékéd...
2026-06-07 19:03:07,365 - root - INFO - Fetched weather for Hékéd: 22.2°C, Clouds, humidity: 50%
2026-06-07 19:03:08,467 - root - INFO - [1064/1205] Fetching weather for Fábiánsebestyén...
2026-06-07 19:03:08,518 - root - INFO - Fetched weather for Fábiánsebestyén: 22.2°C, Clouds, humidity: 50%
2026-06-07 19:03:09,619 - root - INFO - [1065/1205] Fetching weather for Gádoros...
2026-06-07 19:03:09,671 - root - INFO - Fetched weather for Gádoros: 22.2°C, Clouds, humidity: 47%
2026-06-07 19:03:10,773 - root - INFO - [1066/1205] Fetching weather for Justhmajor...
2026-06-07 19:03:10,820 - root - INFO - Fetched weather for Justhmajor: 22.2°C, Clouds, humidity: 47%
2026-06-07 19:03:11,922 - root - INFO - [1067/1205] Fetching weather for Szentetornya...
2026-06-07 19:03:11,972 - root - INFO - Fetched weather for Szentetornya: 22.2°C, Clouds, humidity: 47%
2026-06-07 19:03:13,074 - root - INFO - [1068/1205] Fetching weather for Gyopárosfürdő...
2026-06-07 19:03:13,129 - root - INFO - Fetched weather for Gyopárosfürdő: 22.2°C, Clouds, humidity: 47%
2026-06-07 19:03:14,230 - root - INFO - [1069/1205] Fetching weather for Szabadságliget...
2026-06-07 19:03:14,284 - root - INFO - Fetched weather for Szabadságliget: 21.0°C, Clouds, humidity: 50%
2026-06-07 19:03:15,386 - root - INFO - [1070/1205] Fetching weather for Röszke...
2026-06-07 19:03:15,441 - root - INFO - Fetched weather for Röszke: 23.5°C, Clouds, humidity: 54%
2026-06-07 19:03:16,543 - root - INFO - [1071/1205] Fetching weather for Tószeg...
2026-06-07 19:03:16,599 - root - INFO - Fetched weather for Tószeg: 22.8°C, Clear, humidity: 47%
2026-06-07 19:03:17,701 - root - INFO - [1072/1205] Fetching weather for Tiszavárkony...
2026-06-07 19:03:17,749 - root - INFO - Fetched weather for Tiszavárkony: 22.8°C, Clear, humidity: 47%
2026-06-07 19:03:18,850 - root - INFO - [1073/1205] Fetching weather for Tiszajenő-Vezseny...
2026-06-07 19:03:18,904 - root - INFO - Fetched weather for Tiszajenő-Vezseny: 22.8°C, Clear, humidity: 47%
2026-06-07 19:03:20,006 - root - INFO - [1074/1205] Fetching weather for Újbög...
2026-06-07 19:03:20,058 - root - INFO - Fetched weather for Újbög: 22.8°C, Clear, humidity: 47%
2026-06-07 19:03:21,160 - root - INFO - [1075/1205] Fetching weather for Tiszakécske...
2026-06-07 19:03:21,221 - root - INFO - Fetched weather for Tiszakécske: 22.8°C, Clear, humidity: 47%
2026-06-07 19:03:22,323 - root - INFO - [1076/1205] Fetching weather for Kerekdomb...
2026-06-07 19:03:22,373 - root - INFO - Fetched weather for Kerekdomb: 22.8°C, Clear, humidity: 52%
2026-06-07 19:03:23,474 - root - INFO - [1077/1205] Fetching weather for Tiszaalpár...
2026-06-07 19:03:23,524 - root - INFO - Fetched weather for Tiszaalpár: 22.2°C, Clear, humidity: 51%
2026-06-07 19:03:24,625 - root - INFO - [1078/1205] Fetching weather for Tiszaalpár alsó...
2026-06-07 19:03:24,674 - root - INFO - Fetched weather for Tiszaalpár alsó: 22.2°C, Clear, humidity: 51%
2026-06-07 19:03:25,776 - root - INFO - [1079/1205] Fetching weather for Tiszatenyő...
2026-06-07 19:03:25,832 - root - INFO - Fetched weather for Tiszatenyő: 22.8°C, Clear, humidity: 47%
2026-06-07 19:03:26,933 - root - INFO - [1080/1205] Fetching weather for Pusztapó...
2026-06-07 19:03:26,986 - root - INFO - Fetched weather for Pusztapó: 22.8°C, Clear, humidity: 51%
2026-06-07 19:03:28,087 - root - INFO - [1081/1205] Fetching weather for Kétpó...
2026-06-07 19:03:28,147 - root - INFO - Fetched weather for Kétpó: 22.8°C, Clear, humidity: 50%
2026-06-07 19:03:29,249 - root - INFO - [1082/1205] Fetching weather for Mezőtúr...
2026-06-07 19:03:29,298 - root - INFO - Fetched weather for Mezőtúr: 22.4°C, Clear, humidity: 50%
2026-06-07 19:03:30,400 - root - INFO - [1083/1205] Fetching weather for Nagylapos...
2026-06-07 19:03:30,457 - root - INFO - Fetched weather for Nagylapos: 22.4°C, Clear, humidity: 50%
2026-06-07 19:03:31,558 - root - INFO - [1084/1205] Fetching weather for Gyoma...
2026-06-07 19:03:31,642 - root - INFO - Fetched weather for Gyoma: 22.6°C, Clear, humidity: 50%
2026-06-07 19:03:32,744 - root - INFO - [1085/1205] Fetching weather for Csárdaszállás...
2026-06-07 19:03:32,798 - root - INFO - Fetched weather for Csárdaszállás: 20.6°C, Clear, humidity: 49%
2026-06-07 19:03:33,899 - root - INFO - [1086/1205] Fetching weather for Mezőberény...
2026-06-07 19:03:33,951 - root - INFO - Fetched weather for Mezőberény: 20.6°C, Clear, humidity: 55%
2026-06-07 19:03:35,053 - root - INFO - [1087/1205] Fetching weather for Murony...
2026-06-07 19:03:35,108 - root - INFO - Fetched weather for Murony: 20.6°C, Clear, humidity: 55%
2026-06-07 19:03:36,210 - root - INFO - [1088/1205] Fetching weather for Békéscsaba...
2026-06-07 19:03:36,262 - root - INFO - Fetched weather for Békéscsaba: 20.5°C, Clouds, humidity: 55%
2026-06-07 19:03:37,363 - root - INFO - [1089/1205] Fetching weather for Kétegyháza...
2026-06-07 19:03:37,421 - root - INFO - Fetched weather for Kétegyháza: 20.5°C, Clouds, humidity: 55%
2026-06-07 19:03:38,522 - root - INFO - [1090/1205] Fetching weather for Lőkösháza...
2026-06-07 19:03:38,576 - root - INFO - Fetched weather for Lőkösháza: 22.3°C, Clear, humidity: 60%
2026-06-07 19:03:39,678 - root - INFO - [1091/1205] Fetching weather for Kengyel...
2026-06-07 19:03:39,730 - root - INFO - Fetched weather for Kengyel: 22.8°C, Clear, humidity: 47%
2026-06-07 19:03:40,831 - root - INFO - [1092/1205] Fetching weather for Bagimajor...
2026-06-07 19:03:40,885 - root - INFO - Fetched weather for Bagimajor: 22.8°C, Clear, humidity: 47%
2026-06-07 19:03:41,987 - root - INFO - [1093/1205] Fetching weather for Martfű...
2026-06-07 19:03:42,036 - root - INFO - Fetched weather for Martfű: 22.8°C, Clear, humidity: 47%
2026-06-07 19:03:43,138 - root - INFO - [1094/1205] Fetching weather for Tiszaföldvár...
2026-06-07 19:03:43,194 - root - INFO - Fetched weather for Tiszaföldvár: 22.8°C, Clear, humidity: 47%
2026-06-07 19:03:44,295 - root - INFO - [1095/1205] Fetching weather for Homok...
2026-06-07 19:03:44,353 - root - INFO - Fetched weather for Homok: 22.8°C, Clear, humidity: 47%
2026-06-07 19:03:45,455 - root - INFO - [1096/1205] Fetching weather for Kungyalu...
2026-06-07 19:03:45,506 - root - INFO - Fetched weather for Kungyalu: 22.8°C, Clear, humidity: 51%
2026-06-07 19:03:46,607 - root - INFO - [1097/1205] Fetching weather for Kunszentmárton...
2026-06-07 19:03:46,656 - root - INFO - Fetched weather for Kunszentmárton: 22.2°C, Clear, humidity: 50%
2026-06-07 19:03:47,758 - root - INFO - [1098/1205] Fetching weather for Nagytőke...
2026-06-07 19:03:47,806 - root - INFO - Fetched weather for Nagytőke: 22.2°C, Clear, humidity: 50%
2026-06-07 19:03:48,908 - root - INFO - [1099/1205] Fetching weather for Szentes...
2026-06-07 19:03:48,960 - root - INFO - Fetched weather for Szentes: 22.2°C, Clouds, humidity: 50%
2026-06-07 19:03:50,062 - root - INFO - [1100/1205] Fetching weather for Szegvár...
2026-06-07 19:03:50,112 - root - INFO - Fetched weather for Szegvár: 22.2°C, Clouds, humidity: 50%
2026-06-07 19:03:51,213 - root - INFO - [1101/1205] Fetching weather for Mindszent...
2026-06-07 19:03:51,271 - root - INFO - Fetched weather for Mindszent: 22.2°C, Clear, humidity: 50%
2026-06-07 19:03:52,372 - root - INFO - [1102/1205] Fetching weather for Mártély...
2026-06-07 19:03:52,427 - root - INFO - Fetched weather for Mártély: 22.2°C, Clouds, humidity: 51%
2026-06-07 19:03:53,529 - root - INFO - [1103/1205] Fetching weather for Pusztabánréve...
2026-06-07 19:03:53,581 - root - INFO - Fetched weather for Pusztabánréve: 22.4°C, Clear, humidity: 50%
2026-06-07 19:03:54,683 - root - INFO - [1104/1205] Fetching weather for Szarvas...
2026-06-07 19:03:54,743 - root - INFO - Fetched weather for Szarvas: 22.6°C, Clear, humidity: 49%
2026-06-07 19:03:55,844 - root - INFO - [1105/1205] Fetching weather for Csabacsűd...
2026-06-07 19:03:55,899 - root - INFO - Fetched weather for Csabacsűd: 22.8°C, Clear, humidity: 49%
2026-06-07 19:03:57,000 - root - INFO - [1106/1205] Fetching weather for Kisszénás...
2026-06-07 19:03:57,050 - root - INFO - Fetched weather for Kisszénás: 23.0°C, Clear, humidity: 48%
2026-06-07 19:03:58,152 - root - INFO - [1107/1205] Fetching weather for Kiscsákó...
2026-06-07 19:03:58,204 - root - INFO - Fetched weather for Kiscsákó: 23.2°C, Clouds, humidity: 47%
2026-06-07 19:03:59,306 - root - INFO - [1108/1205] Fetching weather for Nagyszénás...
2026-06-07 19:03:59,357 - root - INFO - Fetched weather for Nagyszénás: 23.2°C, Clouds, humidity: 47%
2026-06-07 19:04:00,459 - root - INFO - [1109/1205] Fetching weather for Kardoskút...
2026-06-07 19:04:00,514 - root - INFO - Fetched weather for Kardoskút: 23.7°C, Clouds, humidity: 47%
2026-06-07 19:04:01,615 - root - INFO - [1110/1205] Fetching weather for Tótkomlós...
2026-06-07 19:04:01,662 - root - INFO - Fetched weather for Tótkomlós: 23.8°C, Clouds, humidity: 50%
2026-06-07 19:04:02,764 - root - INFO - [1111/1205] Fetching weather for Nagyér...
2026-06-07 19:04:02,821 - root - INFO - Fetched weather for Nagyér: 23.9°C, Clouds, humidity: 53%
2026-06-07 19:04:03,923 - root - INFO - [1112/1205] Fetching weather for Pitvaros...
2026-06-07 19:04:03,978 - root - INFO - Fetched weather for Pitvaros: 23.9°C, Clouds, humidity: 54%
2026-06-07 19:04:05,080 - root - INFO - [1113/1205] Fetching weather for Dévaványa...
2026-06-07 19:04:05,131 - root - INFO - Fetched weather for Dévaványa: 22.4°C, Clear, humidity: 51%
2026-06-07 19:04:06,232 - root - INFO - [1114/1205] Fetching weather for Körösladány...
2026-06-07 19:04:06,283 - root - INFO - Fetched weather for Körösladány: 22.6°C, Clear, humidity: 50%
2026-06-07 19:04:07,385 - root - INFO - [1115/1205] Fetching weather for Szeghalom...
2026-06-07 19:04:07,438 - root - INFO - Fetched weather for Szeghalom: 22.4°C, Clear, humidity: 51%
2026-06-07 19:04:08,540 - root - INFO - [1116/1205] Fetching weather for Vésztő...
2026-06-07 19:04:08,601 - root - INFO - Fetched weather for Vésztő: 22.6°C, Clear, humidity: 50%
2026-06-07 19:04:09,703 - root - INFO - [1117/1205] Fetching weather for Szeged-Rókus...
2026-06-07 19:04:09,750 - root - INFO - Fetched weather for Szeged-Rókus: 22.9°C, Clouds, humidity: 53%
2026-06-07 19:04:10,851 - root - INFO - [1118/1205] Fetching weather for Algyő...
2026-06-07 19:04:10,912 - root - INFO - Fetched weather for Algyő: 23.0°C, Clouds, humidity: 52%
2026-06-07 19:04:12,013 - root - INFO - [1119/1205] Fetching weather for Hódmezővásárhelyi Népkert...
2026-06-07 19:04:12,063 - root - INFO - Fetched weather for Hódmezővásárhelyi Népkert: 22.2°C, Clouds, humidity: 51%
2026-06-07 19:04:13,165 - root - INFO - [1120/1205] Fetching weather for Hódmezővásárhely...
2026-06-07 19:04:13,217 - root - INFO - Fetched weather for Hódmezővásárhely: 22.2°C, Clouds, humidity: 51%
2026-06-07 19:04:14,319 - root - INFO - [1121/1205] Fetching weather for Körmend...
2026-06-07 19:04:14,366 - root - INFO - Fetched weather for Körmend: 21.9°C, Clouds, humidity: 68%
2026-06-07 19:04:15,468 - root - INFO - [1122/1205] Fetching weather for Szentgotthárd...
2026-06-07 19:04:15,518 - root - INFO - Fetched weather for Szentgotthárd: 21.6°C, Clouds, humidity: 71%
2026-06-07 19:04:16,619 - root - INFO - [1123/1205] Fetching weather for Szombathely...
2026-06-07 19:04:16,674 - root - INFO - Fetched weather for Szombathely: 19.5°C, Clouds, humidity: 62%
2026-06-07 19:04:17,775 - root - INFO - [1124/1205] Fetching weather for Sáferkút...
2026-06-07 19:04:17,826 - root - INFO - Fetched weather for Sáferkút: 20.1°C, Clouds, humidity: 59%
2026-06-07 19:04:18,927 - root - INFO - [1125/1205] Fetching weather for Magdolnavölgy...
2026-06-07 19:04:18,978 - root - INFO - Fetched weather for Magdolnavölgy: 20.9°C, Clouds, humidity: 52%
2026-06-07 19:04:20,079 - root - INFO - [1126/1205] Fetching weather for Haris...
2026-06-07 19:04:20,129 - root - INFO - Fetched weather for Haris: 21.6°C, Clouds, humidity: 71%
2026-06-07 19:04:21,231 - root - INFO - [1127/1205] Fetching weather for Egyházasrádóc...
2026-06-07 19:04:21,285 - root - INFO - Fetched weather for Egyházasrádóc: 21.8°C, Clouds, humidity: 67%
2026-06-07 19:04:22,387 - root - INFO - [1128/1205] Fetching weather for Alsórönök...
2026-06-07 19:04:22,433 - root - INFO - Fetched weather for Alsórönök: 21.7°C, Clouds, humidity: 71%
2026-06-07 19:04:23,534 - root - INFO - [1129/1205] Fetching weather for Szombathely-Szőlős...
2026-06-07 19:04:23,584 - root - INFO - Fetched weather for Szombathely-Szőlős: 19.5°C, Clouds, humidity: 63%
2026-06-07 19:04:24,686 - root - INFO - [1130/1205] Fetching weather for Rátót...
2026-06-07 19:04:24,739 - root - INFO - Fetched weather for Rátót: 21.6°C, Clouds, humidity: 70%
2026-06-07 19:04:25,841 - root - INFO - [1131/1205] Fetching weather for Ják-Balogunyom...
2026-06-07 19:04:25,892 - root - INFO - Fetched weather for Ják-Balogunyom: 19.6°C, Clouds, humidity: 64%
2026-06-07 19:04:26,994 - root - INFO - [1132/1205] Fetching weather for Vasvár...
2026-06-07 19:04:27,046 - root - INFO - Fetched weather for Vasvár: 22.3°C, Clouds, humidity: 60%
2026-06-07 19:04:28,148 - root - INFO - [1133/1205] Fetching weather for Répcelak...
2026-06-07 19:04:28,197 - root - INFO - Fetched weather for Répcelak: 22.7°C, Clouds, humidity: 55%
2026-06-07 19:04:29,299 - root - INFO - [1134/1205] Fetching weather for Rajka...
2026-06-07 19:04:29,355 - root - INFO - Fetched weather for Rajka: 22.1°C, Clouds, humidity: 55%
2026-06-07 19:04:30,457 - root - INFO - [1135/1205] Fetching weather for Püspökmolnári...
2026-06-07 19:04:30,512 - root - INFO - Fetched weather for Püspökmolnári: 22.3°C, Clouds, humidity: 62%
2026-06-07 19:04:31,614 - root - INFO - [1136/1205] Fetching weather for Kőszeg...
2026-06-07 19:04:31,683 - root - INFO - Fetched weather for Kőszeg: 19.1°C, Clouds, humidity: 71%
2026-06-07 19:04:32,785 - root - INFO - [1137/1205] Fetching weather for Kastélypark...
2026-06-07 19:04:32,836 - root - INFO - Fetched weather for Kastélypark: 23.1°C, Clouds, humidity: 47%
2026-06-07 19:04:33,937 - root - INFO - [1138/1205] Fetching weather for Hanságliget...
2026-06-07 19:04:33,995 - root - INFO - Fetched weather for Hanságliget: 22.5°C, Clouds, humidity: 54%
2026-06-07 19:04:35,096 - root - INFO - [1139/1205] Fetching weather for Vica...
2026-06-07 19:04:35,149 - root - INFO - Fetched weather for Vica: 22.7°C, Clouds, humidity: 53%
2026-06-07 19:04:36,250 - root - INFO - [1140/1205] Fetching weather for Vép...
2026-06-07 19:04:36,300 - root - INFO - Fetched weather for Vép: 19.6°C, Clouds, humidity: 60%
2026-06-07 19:04:37,402 - root - INFO - [1141/1205] Fetching weather for Mosonszolnok...
2026-06-07 19:04:37,449 - root - INFO - Fetched weather for Mosonszolnok: 22.4°C, Clear, humidity: 55%
2026-06-07 19:04:38,551 - root - INFO - [1142/1205] Fetching weather for Jánossomorja...
2026-06-07 19:04:38,601 - root - INFO - Fetched weather for Jánossomorja: 22.5°C, Clear, humidity: 54%
2026-06-07 19:04:39,703 - root - INFO - [1143/1205] Fetching weather for Bősárkány...
2026-06-07 19:04:39,751 - root - INFO - Fetched weather for Bősárkány: 22.6°C, Clouds, humidity: 54%
2026-06-07 19:04:40,853 - root - INFO - [1144/1205] Fetching weather for Szil-Sopronnémeti...
2026-06-07 19:04:40,899 - root - INFO - Fetched weather for Szil-Sopronnémeti: 22.7°C, Clouds, humidity: 53%
2026-06-07 19:04:42,001 - root - INFO - [1145/1205] Fetching weather for Magyarkeresztúr-Zsebeháza...
2026-06-07 19:04:42,054 - root - INFO - Fetched weather for Magyarkeresztúr-Zsebeháza: 22.7°C, Clouds, humidity: 53%
2026-06-07 19:04:43,156 - root - INFO - [1146/1205] Fetching weather for Páli-Vadosfa...
2026-06-07 19:04:43,208 - root - INFO - Fetched weather for Páli-Vadosfa: 22.7°C, Clouds, humidity: 53%
2026-06-07 19:04:44,309 - root - INFO - [1147/1205] Fetching weather for Beled...
2026-06-07 19:04:44,363 - root - INFO - Fetched weather for Beled: 22.7°C, Clouds, humidity: 53%
2026-06-07 19:04:45,464 - root - INFO - [1148/1205] Fetching weather for Dénesfa...
2026-06-07 19:04:45,511 - root - INFO - Fetched weather for Dénesfa: 22.7°C, Clouds, humidity: 54%
2026-06-07 19:04:46,613 - root - INFO - [1149/1205] Fetching weather for Csánig...
2026-06-07 19:04:46,664 - root - INFO - Fetched weather for Csánig: 22.7°C, Clouds, humidity: 54%
2026-06-07 19:04:47,766 - root - INFO - [1150/1205] Fetching weather for Vámoscsalád...
2026-06-07 19:04:47,813 - root - INFO - Fetched weather for Vámoscsalád: 19.9°C, Clouds, humidity: 56%
2026-06-07 19:04:48,914 - root - INFO - [1151/1205] Fetching weather for Vasegerszeg...
2026-06-07 19:04:48,969 - root - INFO - Fetched weather for Vasegerszeg: 19.9°C, Clouds, humidity: 57%
2026-06-07 19:04:50,071 - root - INFO - [1152/1205] Fetching weather for Hegyfalu...
2026-06-07 19:04:50,128 - root - INFO - Fetched weather for Hegyfalu: 19.9°C, Clouds, humidity: 57%
2026-06-07 19:04:51,229 - root - INFO - [1153/1205] Fetching weather for Pósfa...
2026-06-07 19:04:51,283 - root - INFO - Fetched weather for Pósfa: 19.9°C, Clouds, humidity: 57%
2026-06-07 19:04:52,385 - root - INFO - [1154/1205] Fetching weather for Ölbő-Alsószeleste...
2026-06-07 19:04:52,441 - root - INFO - Fetched weather for Ölbő-Alsószeleste: 19.8°C, Clouds, humidity: 58%
2026-06-07 19:04:53,542 - root - INFO - [1155/1205] Fetching weather for Gencsapáti felső...
2026-06-07 19:04:53,601 - root - INFO - Fetched weather for Gencsapáti felső: 19.3°C, Clouds, humidity: 71%
2026-06-07 19:04:54,702 - root - INFO - [1156/1205] Fetching weather for Lukácsháza alsó...
2026-06-07 19:04:54,749 - root - INFO - Fetched weather for Lukácsháza alsó: 19.3°C, Clouds, humidity: 71%
2026-06-07 19:04:55,851 - root - INFO - [1157/1205] Fetching weather for Kőszegfalva...
2026-06-07 19:04:55,899 - root - INFO - Fetched weather for Kőszegfalva: 19.2°C, Clouds, humidity: 71%
2026-06-07 19:04:57,001 - root - INFO - [1158/1205] Fetching weather for Gyöngyöshermán...
2026-06-07 19:04:57,051 - root - INFO - Fetched weather for Gyöngyöshermán: 19.6°C, Clouds, humidity: 63%
2026-06-07 19:04:58,152 - root - INFO - [1159/1205] Fetching weather for Bezenye...
2026-06-07 19:04:58,204 - root - INFO - Fetched weather for Bezenye: 22.2°C, Clear, humidity: 55%
2026-06-07 19:04:59,306 - root - INFO - [1160/1205] Fetching weather for Kámon...
2026-06-07 19:04:59,364 - root - INFO - Fetched weather for Kámon: 19.4°C, Clouds, humidity: 71%
2026-06-07 19:05:00,465 - root - INFO - [1161/1205] Fetching weather for Sorkifalud...
2026-06-07 19:05:00,519 - root - INFO - Fetched weather for Sorkifalud: 22.2°C, Clouds, humidity: 62%
2026-06-07 19:05:01,621 - root - INFO - [1162/1205] Fetching weather for Szentléránt...
2026-06-07 19:05:01,700 - root - INFO - Fetched weather for Szentléránt: 22.2°C, Clouds, humidity: 62%
2026-06-07 19:05:02,802 - root - INFO - [1163/1205] Fetching weather for Pácsony...
2026-06-07 19:05:02,856 - root - INFO - Fetched weather for Pácsony: 22.3°C, Clouds, humidity: 59%
2026-06-07 19:05:03,957 - root - INFO - [1164/1205] Fetching weather for Győrvár...
2026-06-07 19:05:04,013 - root - INFO - Fetched weather for Győrvár: 22.3°C, Rain, humidity: 59%
2026-06-07 19:05:05,115 - root - INFO - [1165/1205] Fetching weather for Egervár-Vasboldogasszony...
2026-06-07 19:05:05,167 - root - INFO - Fetched weather for Egervár-Vasboldogasszony: 22.6°C, Clouds, humidity: 58%
2026-06-07 19:05:06,269 - root - INFO - [1166/1205] Fetching weather for Zalaszentlőrinc...
2026-06-07 19:05:06,321 - root - INFO - Fetched weather for Zalaszentlőrinc: 22.6°C, Clouds, humidity: 57%
2026-06-07 19:05:07,423 - root - INFO - [1167/1205] Fetching weather for Gencsapáti alsó...
2026-06-07 19:05:07,480 - root - INFO - Fetched weather for Gencsapáti alsó: 19.4°C, Clouds, humidity: 71%
2026-06-07 19:05:08,581 - root - INFO - [1168/1205] Fetching weather for Gyöngyösfalu...
2026-06-07 19:05:08,634 - root - INFO - Fetched weather for Gyöngyösfalu: 19.3°C, Clouds, humidity: 71%
2026-06-07 19:05:09,735 - root - INFO - [1169/1205] Fetching weather for Lukácsháza...
2026-06-07 19:05:09,786 - root - INFO - Fetched weather for Lukácsháza: 19.2°C, Clouds, humidity: 71%
2026-06-07 19:05:10,887 - root - INFO - [1170/1205] Fetching weather for Horvátnádalja...
2026-06-07 19:05:10,935 - root - INFO - Fetched weather for Horvátnádalja: 21.9°C, Clouds, humidity: 69%
2026-06-07 19:05:12,037 - root - INFO - [1171/1205] Fetching weather for Csákánydoroszló...
2026-06-07 19:05:12,086 - root - INFO - Fetched weather for Csákánydoroszló: 21.8°C, Clouds, humidity: 70%
2026-06-07 19:05:13,188 - root - INFO - [1172/1205] Fetching weather for Váckisújfalu...
2026-06-07 19:05:13,243 - root - INFO - Fetched weather for Váckisújfalu: 21.3°C, Clouds, humidity: 54%
2026-06-07 19:05:14,345 - root - INFO - [1173/1205] Fetching weather for Csisztafürdő...
2026-06-07 19:05:14,396 - root - INFO - Fetched weather for Csisztafürdő: 23.4°C, Clouds, humidity: 56%
2026-06-07 19:05:15,498 - root - INFO - [1174/1205] Fetching weather for Mórágy...
2026-06-07 19:05:15,552 - root - INFO - Fetched weather for Mórágy: 21.8°C, Clouds, humidity: 57%
2026-06-07 19:05:16,654 - root - INFO - [1175/1205] Fetching weather for Kismacs...
2026-06-07 19:05:16,707 - root - INFO - Fetched weather for Kismacs: 21.3°C, Clouds, humidity: 58%
2026-06-07 19:05:17,808 - root - INFO - [1176/1205] Fetching weather for Pusztaszentistván...
2026-06-07 19:05:17,862 - root - INFO - Fetched weather for Pusztaszentistván: 23.0°C, Clouds, humidity: 47%
2026-06-07 19:05:18,963 - root - INFO - [1177/1205] Fetching weather for Aranyvölgy...
2026-06-07 19:05:19,020 - root - INFO - Fetched weather for Aranyvölgy: 22.0°C, Clouds, humidity: 48%
2026-06-07 19:05:20,121 - root - INFO - [1178/1205] Fetching weather for Szélhegy...
2026-06-07 19:05:20,177 - root - INFO - Fetched weather for Szélhegy: 21.1°C, Clouds, humidity: 50%
2026-06-07 19:05:21,278 - root - INFO - [1179/1205] Fetching weather for Vörösvárbánya...
2026-06-07 19:05:21,327 - root - INFO - Fetched weather for Vörösvárbánya: 21.1°C, Clouds, humidity: 51%
2026-06-07 19:05:22,428 - root - INFO - [1180/1205] Fetching weather for Máriaszőlőtelep...
2026-06-07 19:05:22,476 - root - INFO - Fetched weather for Máriaszőlőtelep: 23.3°C, Clouds, humidity: 55%
2026-06-07 19:05:23,578 - root - INFO - [1181/1205] Fetching weather for Akadémiaújtelep...
2026-06-07 19:05:23,628 - root - INFO - Fetched weather for Akadémiaújtelep: 22.9°C, Clouds, humidity: 47%
2026-06-07 19:05:24,729 - root - INFO - [1182/1205] Fetching weather for Újpalota...
2026-06-07 19:05:24,785 - root - INFO - Fetched weather for Újpalota: 22.4°C, Clouds, humidity: 47%
2026-06-07 19:05:25,886 - root - INFO - [1183/1205] Fetching weather for Szeged, Somogyi utca...
2026-06-07 19:05:25,937 - root - INFO - Fetched weather for Szeged, Somogyi utca: 23.0°C, Clouds, humidity: 53%
2026-06-07 19:05:27,038 - root - INFO - [1184/1205] Fetching weather for Hódmezővásárhely, Hősök tere...
2026-06-07 19:05:27,092 - root - INFO - Fetched weather for Hódmezővásárhely, Hősök tere: 22.2°C, Clouds, humidity: 51%
2026-06-07 19:05:28,194 - root - INFO - [1185/1205] Fetching weather for Hódmezővásárhely, Kossuth tér...
2026-06-07 19:05:28,236 - root - INFO - Fetched weather for Hódmezővásárhely, Kossuth tér: 22.2°C, Clouds, humidity: 51%
2026-06-07 19:05:29,337 - root - INFO - [1186/1205] Fetching weather for Hódmezővásárhely, Strandfürdő...
2026-06-07 19:05:29,380 - root - INFO - Fetched weather for Hódmezővásárhely, Strandfürdő: 22.2°C, Clouds, humidity: 51%
2026-06-07 19:05:30,482 - root - INFO - [1187/1205] Fetching weather for Szeged, Széchenyi tér...
2026-06-07 19:05:30,522 - root - INFO - Fetched weather for Szeged, Széchenyi tér: 23.0°C, Clouds, humidity: 53%
2026-06-07 19:05:31,624 - root - INFO - [1188/1205] Fetching weather for Szeged, Anna-kút...
2026-06-07 19:05:31,694 - root - INFO - Fetched weather for Szeged, Anna-kút: 23.0°C, Clouds, humidity: 53%
2026-06-07 19:05:32,796 - root - INFO - [1189/1205] Fetching weather for Szeged, Rókusi templom...
2026-06-07 19:05:32,853 - root - INFO - Fetched weather for Szeged, Rókusi templom: 23.0°C, Clouds, humidity: 53%
2026-06-07 19:05:33,955 - root - INFO - [1190/1205] Fetching weather for Hódmezővásárhely, Kálvin János tér...
2026-06-07 19:05:34,001 - root - INFO - Fetched weather for Hódmezővásárhely, Kálvin János tér: 22.2°C, Clouds, humidity: 51%
2026-06-07 19:05:35,103 - root - INFO - [1191/1205] Fetching weather for Hódmezővásárhely vasútállomás...
2026-06-07 19:05:35,143 - root - INFO - Fetched weather for Hódmezővásárhely vasútállomás: 22.2°C, Clouds, humidity: 51%
2026-06-07 19:05:36,245 - root - INFO - [1192/1205] Fetching weather for Szeged, Tavasz utca...
2026-06-07 19:05:36,289 - root - INFO - Fetched weather for Szeged, Tavasz utca: 23.0°C, Clouds, humidity: 53%
2026-06-07 19:05:37,391 - root - INFO - [1193/1205] Fetching weather for Szeged, Damjanich utca...
2026-06-07 19:05:37,432 - root - INFO - Fetched weather for Szeged, Damjanich utca: 23.0°C, Clouds, humidity: 53%
2026-06-07 19:05:38,534 - root - INFO - [1194/1205] Fetching weather for Szeged, Vásárhelyi Pál utca...
2026-06-07 19:05:38,584 - root - INFO - Fetched weather for Szeged, Vásárhelyi Pál utca: 23.0°C, Clouds, humidity: 53%
2026-06-07 19:05:39,685 - root - INFO - [1195/1205] Fetching weather for Szeged, Bécsi körút ...
2026-06-07 19:05:39,725 - root - INFO - Fetched weather for Szeged, Bécsi körút : 23.0°C, Clouds, humidity: 54%
2026-06-07 19:05:40,827 - root - INFO - [1196/1205] Fetching weather for Hódmezővásárhelyi Népkert vasútállomás...
2026-06-07 19:05:40,869 - root - INFO - Fetched weather for Hódmezővásárhelyi Népkert vasútállomás: 22.2°C, Clouds, humidity: 51%
2026-06-07 19:05:41,971 - root - INFO - [1197/1205] Fetching weather for Szeged vasútállomás...
2026-06-07 19:05:42,017 - root - INFO - Fetched weather for Szeged vasútállomás: 23.0°C, Clouds, humidity: 54%
2026-06-07 19:05:43,118 - root - INFO - [1198/1205] Fetching weather for Szeged, Bem utca...
2026-06-07 19:05:43,159 - root - INFO - Fetched weather for Szeged, Bem utca: 23.0°C, Clouds, humidity: 54%
2026-06-07 19:05:44,261 - root - INFO - [1199/1205] Fetching weather for Szeged, Galamb utca...
2026-06-07 19:05:44,302 - root - INFO - Fetched weather for Szeged, Galamb utca: 23.0°C, Clouds, humidity: 54%
2026-06-07 19:05:45,403 - root - INFO - [1200/1205] Fetching weather for Szeged, Aradi vértanúk tere...
2026-06-07 19:05:45,445 - root - INFO - Fetched weather for Szeged, Aradi vértanúk tere: 23.0°C, Clouds, humidity: 53%
2026-06-07 19:05:46,546 - root - INFO - [1201/1205] Fetching weather for Szeged, Pulz utca...
2026-06-07 19:05:46,594 - root - INFO - Fetched weather for Szeged, Pulz utca: 23.0°C, Clouds, humidity: 53%
2026-06-07 19:05:47,696 - root - INFO - [1202/1205] Fetching weather for Szeged, Rókus vasútállomás...
2026-06-07 19:05:47,736 - root - INFO - Fetched weather for Szeged, Rókus vasútállomás: 22.9°C, Clouds, humidity: 53%
2026-06-07 19:05:48,838 - root - INFO - [1203/1205] Fetching weather for Látókép...
2026-06-07 19:05:48,885 - root - INFO - Fetched weather for Látókép: 21.3°C, Clouds, humidity: 58%
2026-06-07 19:05:49,986 - root - INFO - [1204/1205] Fetching weather for Szentmihálytelek...
2026-06-07 19:05:50,040 - root - INFO - Fetched weather for Szentmihálytelek: 22.9°C, Clouds, humidity: 53%
2026-06-07 19:05:51,142 - root - INFO - [1205/1205] Fetching weather for Kisvarsány...
2026-06-07 19:05:51,198 - root - INFO - Fetched weather for Kisvarsány: 20.7°C, Clear, humidity: 65%
2026-06-07 19:05:52,304 - root - INFO - Successfully collected weather for 1205 stations
2026-06-07 19:05:52,315 - root - INFO - Saved weather data to data/weather/current_20260607_1900.csv
2026-06-07 19:05:52,315 - root - INFO - File size: 152.5 KB
2026-06-07 19:05:52,315 - root - INFO - 
============================================================
2026-06-07 19:05:52,315 - root - INFO - WEATHER COLLECTION SUMMARY
2026-06-07 19:05:52,315 - root - INFO - ============================================================
2026-06-07 19:05:52,315 - root - INFO - 
Data Coverage:
2026-06-07 19:05:52,315 - root - INFO -   - Total stations: 1205
2026-06-07 19:05:52,316 - root - INFO -   - Collection time: 2026-06-07 18:42:41.655350
2026-06-07 19:05:52,316 - root - INFO -   - Collection hour: 18:00
2026-06-07 19:05:52,316 - root - INFO - 
Weather Statistics:
2026-06-07 19:05:52,316 - root - INFO -   - Temperature range: 17.5°C to 25.0°C
2026-06-07 19:05:52,316 - root - INFO -   - Average temperature: 22.0°C
2026-06-07 19:05:52,316 - root - INFO -   - Average humidity: 57%
2026-06-07 19:05:52,317 - root - INFO -   - Average wind speed: 2.6 m/s
2026-06-07 19:05:52,317 - root - INFO -   - Stations with precipitation: 17 (1.4%)
2026-06-07 19:05:52,317 - root - INFO - 
Weather Conditions Distribution:
2026-06-07 19:05:52,318 - root - INFO -   - Clouds: 898 (74.5%)
2026-06-07 19:05:52,318 - root - INFO -   - Clear: 290 (24.1%)
2026-06-07 19:05:52,318 - root - INFO -   - Rain: 17 (1.4%)
2026-06-07 19:05:52,318 - root - INFO - ============================================================

2026-06-07 19:05:52,318 - __main__ - INFO - Current weather collection completed successfully!
