2026-07-23 00:53:18,956 - __main__ - INFO - ============================================================
2026-07-23 00:53:18,956 - __main__ - INFO - CURRENT WEATHER COLLECTION STARTED
2026-07-23 00:53:18,956 - __main__ - INFO - ============================================================
2026-07-23 00:53:18,956 - __main__ - INFO - Collection time: 2026-07-23 00:53:18
2026-07-23 00:53:18,956 - __main__ - INFO - ============================================================

2026-07-23 00:53:18,956 - root - INFO - Starting current weather collection...
2026-07-23 00:53:18,965 - root - INFO - Loaded 1205 unique station coordinates from GTFS
2026-07-23 00:53:18,965 - root - INFO - Collecting weather for 1205 unique stations...
2026-07-23 00:53:18,966 - root - INFO - [1/1205] Fetching weather for Búcsúszentlászló...
2026-07-23 00:53:19,025 - root - INFO - Fetched weather for Búcsúszentlászló: 16.8°C, Clouds, humidity: 57%
2026-07-23 00:53:20,127 - root - INFO - [2/1205] Fetching weather for Angyalföld...
2026-07-23 00:53:20,180 - root - INFO - Fetched weather for Angyalföld: 17.2°C, Clouds, humidity: 51%
2026-07-23 00:53:21,282 - root - INFO - [3/1205] Fetching weather for Felsőjánosfa...
2026-07-23 00:53:21,334 - root - INFO - Fetched weather for Felsőjánosfa: 16.4°C, Clouds, humidity: 65%
2026-07-23 00:53:22,435 - root - INFO - [4/1205] Fetching weather for Pankasz...
2026-07-23 00:53:22,487 - root - INFO - Fetched weather for Pankasz: 16.1°C, Clouds, humidity: 66%
2026-07-23 00:53:23,588 - root - INFO - [5/1205] Fetching weather for Nagyrákos...
2026-07-23 00:53:23,650 - root - INFO - Fetched weather for Nagyrákos: 16.1°C, Clouds, humidity: 66%
2026-07-23 00:53:24,751 - root - INFO - [6/1205] Fetching weather for Őriszentpéter...
2026-07-23 00:53:24,806 - root - INFO - Fetched weather for Őriszentpéter: 16.1°C, Clouds, humidity: 67%
2026-07-23 00:53:25,907 - root - INFO - [7/1205] Fetching weather for Törökbálint...
2026-07-23 00:53:25,961 - root - INFO - Fetched weather for Törökbálint: 17.4°C, Clear, humidity: 47%
2026-07-23 00:53:27,062 - root - INFO - [8/1205] Fetching weather for Bicske alsó...
2026-07-23 00:53:27,112 - root - INFO - Fetched weather for Bicske alsó: 15.2°C, Clouds, humidity: 58%
2026-07-23 00:53:28,213 - root - INFO - [9/1205] Fetching weather for Bajánsenye...
2026-07-23 00:53:28,267 - root - INFO - Fetched weather for Bajánsenye: 16.2°C, Clouds, humidity: 67%
2026-07-23 00:53:29,368 - root - INFO - [10/1205] Fetching weather for Aquincum...
2026-07-23 00:53:29,424 - root - INFO - Fetched weather for Aquincum: 17.3°C, Clouds, humidity: 50%
2026-07-23 00:53:30,525 - root - INFO - [11/1205] Fetching weather for Piliscsév...
2026-07-23 00:53:30,589 - root - INFO - Fetched weather for Piliscsév: 16.5°C, Clouds, humidity: 59%
2026-07-23 00:53:31,691 - root - INFO - [12/1205] Fetching weather for Tát...
2026-07-23 00:53:31,743 - root - INFO - Fetched weather for Tát: 16.4°C, Clouds, humidity: 59%
2026-07-23 00:53:32,845 - root - INFO - [13/1205] Fetching weather for Süttő felső...
2026-07-23 00:53:32,898 - root - INFO - Fetched weather for Süttő felső: 16.5°C, Clouds, humidity: 59%
2026-07-23 00:53:34,000 - root - INFO - [14/1205] Fetching weather for Budatétény...
2026-07-23 00:53:34,063 - root - INFO - Fetched weather for Budatétény: 17.5°C, Clouds, humidity: 49%
2026-07-23 00:53:35,164 - root - INFO - [15/1205] Fetching weather for Seregélyes-Szőlőhegy...
2026-07-23 00:53:35,217 - root - INFO - Fetched weather for Seregélyes-Szőlőhegy: 16.2°C, Clouds, humidity: 54%
2026-07-23 00:53:36,318 - root - INFO - [16/1205] Fetching weather for Gödöllő-Állami telepek...
2026-07-23 00:53:36,373 - root - INFO - Fetched weather for Gödöllő-Állami telepek: 17.4°C, Clouds, humidity: 43%
2026-07-23 00:53:37,474 - root - INFO - [17/1205] Fetching weather for Dunakeszi alsó...
2026-07-23 00:53:37,527 - root - INFO - Fetched weather for Dunakeszi alsó: 17.2°C, Clouds, humidity: 52%
2026-07-23 00:53:38,629 - root - INFO - [18/1205] Fetching weather for Vác-Alsóváros...
2026-07-23 00:53:38,700 - root - INFO - Fetched weather for Vác-Alsóváros: 16.0°C, Clouds, humidity: 58%
2026-07-23 00:53:39,801 - root - INFO - [19/1205] Fetching weather for Szob alsó...
2026-07-23 00:53:39,852 - root - INFO - Fetched weather for Szob alsó: 16.3°C, Clouds, humidity: 59%
2026-07-23 00:53:40,953 - root - INFO - [20/1205] Fetching weather for Zalaszentmihály-Pacsa...
2026-07-23 00:53:41,007 - root - INFO - Fetched weather for Zalaszentmihály-Pacsa: 16.8°C, Clouds, humidity: 57%
2026-07-23 00:53:42,109 - root - INFO - [21/1205] Fetching weather for Pötréte...
2026-07-23 00:53:42,204 - root - INFO - Fetched weather for Pötréte: 16.8°C, Clouds, humidity: 56%
2026-07-23 00:53:43,305 - root - INFO - [22/1205] Fetching weather for Felsőrajk...
2026-07-23 00:53:43,360 - root - INFO - Fetched weather for Felsőrajk: 16.8°C, Clouds, humidity: 55%
2026-07-23 00:53:44,461 - root - INFO - [23/1205] Fetching weather for Gelse...
2026-07-23 00:53:44,515 - root - INFO - Fetched weather for Gelse: 16.7°C, Clouds, humidity: 54%
2026-07-23 00:53:45,616 - root - INFO - [24/1205] Fetching weather for Őrtilos...
2026-07-23 00:53:45,678 - root - INFO - Fetched weather for Őrtilos: 16.1°C, Clouds, humidity: 55%
2026-07-23 00:53:46,779 - root - INFO - [25/1205] Fetching weather for Zákány...
2026-07-23 00:53:46,835 - root - INFO - Fetched weather for Zákány: 15.7°C, Clouds, humidity: 55%
2026-07-23 00:53:47,937 - root - INFO - [26/1205] Fetching weather for Berzence...
2026-07-23 00:53:47,988 - root - INFO - Fetched weather for Berzence: 15.6°C, Clouds, humidity: 56%
2026-07-23 00:53:49,090 - root - INFO - [27/1205] Fetching weather for Somogyudvarhely...
2026-07-23 00:53:49,227 - root - INFO - Fetched weather for Somogyudvarhely: 15.4°C, Clouds, humidity: 56%
2026-07-23 00:53:50,328 - root - INFO - [28/1205] Fetching weather for Bélavár...
2026-07-23 00:53:50,385 - root - INFO - Fetched weather for Bélavár: 15.4°C, Clouds, humidity: 57%
2026-07-23 00:53:51,486 - root - INFO - [29/1205] Fetching weather for Vízvár...
2026-07-23 00:53:51,538 - root - INFO - Fetched weather for Vízvár: 15.2°C, Clouds, humidity: 57%
2026-07-23 00:53:52,639 - root - INFO - [30/1205] Fetching weather for Babócsa...
2026-07-23 00:53:52,695 - root - INFO - Fetched weather for Babócsa: 15.1°C, Clouds, humidity: 58%
2026-07-23 00:53:53,797 - root - INFO - [31/1205] Fetching weather for Péterhida-Komlósd...
2026-07-23 00:53:53,858 - root - INFO - Fetched weather for Péterhida-Komlósd: 15.0°C, Clouds, humidity: 59%
2026-07-23 00:53:54,960 - root - INFO - [32/1205] Fetching weather for Barcs...
2026-07-23 00:53:55,012 - root - INFO - Fetched weather for Barcs: 14.9°C, Clear, humidity: 59%
2026-07-23 00:53:56,114 - root - INFO - [33/1205] Fetching weather for Barcs felső...
2026-07-23 00:53:56,178 - root - INFO - Fetched weather for Barcs felső: 14.8°C, Clear, humidity: 59%
2026-07-23 00:53:57,279 - root - INFO - [34/1205] Fetching weather for Középrigóc...
2026-07-23 00:53:57,338 - root - INFO - Fetched weather for Középrigóc: 14.7°C, Clear, humidity: 59%
2026-07-23 00:53:58,439 - root - INFO - [35/1205] Fetching weather for Darány...
2026-07-23 00:53:58,491 - root - INFO - Fetched weather for Darány: 14.7°C, Clear, humidity: 59%
2026-07-23 00:53:59,592 - root - INFO - [36/1205] Fetching weather for Kisdobsza...
2026-07-23 00:53:59,647 - root - INFO - Fetched weather for Kisdobsza: 14.9°C, Clouds, humidity: 59%
2026-07-23 00:54:00,749 - root - INFO - [37/1205] Fetching weather for Nemeske...
2026-07-23 00:54:00,802 - root - INFO - Fetched weather for Nemeske: 14.9°C, Clouds, humidity: 59%
2026-07-23 00:54:01,903 - root - INFO - [38/1205] Fetching weather for Molvány...
2026-07-23 00:54:01,958 - root - INFO - Fetched weather for Molvány: 15.0°C, Clouds, humidity: 59%
2026-07-23 00:54:03,059 - root - INFO - [39/1205] Fetching weather for Szigetvár...
2026-07-23 00:54:03,117 - root - INFO - Fetched weather for Szigetvár: 15.0°C, Clouds, humidity: 59%
2026-07-23 00:54:04,219 - root - INFO - [40/1205] Fetching weather for Nagypeterd...
2026-07-23 00:54:04,270 - root - INFO - Fetched weather for Nagypeterd: 15.0°C, Clouds, humidity: 60%
2026-07-23 00:54:05,371 - root - INFO - [41/1205] Fetching weather for Szentdénes...
2026-07-23 00:54:05,427 - root - INFO - Fetched weather for Szentdénes: 14.9°C, Clouds, humidity: 61%
2026-07-23 00:54:06,528 - root - INFO - [42/1205] Fetching weather for Háros...
2026-07-23 00:54:06,581 - root - INFO - Fetched weather for Háros: 17.5°C, Clouds, humidity: 49%
2026-07-23 00:54:07,682 - root - INFO - [43/1205] Fetching weather for Nagytétény-Diósd...
2026-07-23 00:54:07,738 - root - INFO - Fetched weather for Nagytétény-Diósd: 17.5°C, Clouds, humidity: 49%
2026-07-23 00:54:08,839 - root - INFO - [44/1205] Fetching weather for Érdliget...
2026-07-23 00:54:08,896 - root - INFO - Fetched weather for Érdliget: 17.4°C, Clear, humidity: 49%
2026-07-23 00:54:09,997 - root - INFO - [45/1205] Fetching weather for Érd felső...
2026-07-23 00:54:10,053 - root - INFO - Fetched weather for Érd felső: 17.6°C, Clear, humidity: 47%
2026-07-23 00:54:11,154 - root - INFO - [46/1205] Fetching weather for Érd...
2026-07-23 00:54:11,206 - root - INFO - Fetched weather for Érd: 17.5°C, Clear, humidity: 47%
2026-07-23 00:54:12,307 - root - INFO - [47/1205] Fetching weather for Százhalombatta...
2026-07-23 00:54:12,356 - root - INFO - Fetched weather for Százhalombatta: 17.5°C, Clear, humidity: 47%
2026-07-23 00:54:13,457 - root - INFO - [48/1205] Fetching weather for Dunai Finomító...
2026-07-23 00:54:13,508 - root - INFO - Fetched weather for Dunai Finomító: 17.4°C, Clear, humidity: 47%
2026-07-23 00:54:14,609 - root - INFO - [49/1205] Fetching weather for Ercsi...
2026-07-23 00:54:14,670 - root - INFO - Fetched weather for Ercsi: 17.6°C, Clear, humidity: 54%
2026-07-23 00:54:15,772 - root - INFO - [50/1205] Fetching weather for Iváncsa...
2026-07-23 00:54:15,828 - root - INFO - Fetched weather for Iváncsa: 16.1°C, Rain, humidity: 54%
2026-07-23 00:54:16,929 - root - INFO - [51/1205] Fetching weather for Pusztaszabolcs...
2026-07-23 00:54:16,991 - root - INFO - Fetched weather for Pusztaszabolcs: 16.2°C, Clouds, humidity: 54%
2026-07-23 00:54:18,093 - root - INFO - [52/1205] Fetching weather for Szabadegyháza...
2026-07-23 00:54:18,149 - root - INFO - Fetched weather for Szabadegyháza: 16.1°C, Clouds, humidity: 54%
2026-07-23 00:54:19,250 - root - INFO - [53/1205] Fetching weather for Sárosd...
2026-07-23 00:54:19,309 - root - INFO - Fetched weather for Sárosd: 16.2°C, Clouds, humidity: 54%
2026-07-23 00:54:20,411 - root - INFO - [54/1205] Fetching weather for Nagylók...
2026-07-23 00:54:20,471 - root - INFO - Fetched weather for Nagylók: 16.0°C, Clear, humidity: 54%
2026-07-23 00:54:21,573 - root - INFO - [55/1205] Fetching weather for Sárbogárd...
2026-07-23 00:54:21,626 - root - INFO - Fetched weather for Sárbogárd: 16.1°C, Clear, humidity: 54%
2026-07-23 00:54:22,728 - root - INFO - [56/1205] Fetching weather for Rétszilas...
2026-07-23 00:54:22,786 - root - INFO - Fetched weather for Rétszilas: 16.1°C, Clear, humidity: 54%
2026-07-23 00:54:23,888 - root - INFO - [57/1205] Fetching weather for Nagyatád...
2026-07-23 00:54:23,941 - root - INFO - Fetched weather for Nagyatád: 15.7°C, Clouds, humidity: 54%
2026-07-23 00:54:25,042 - root - INFO - [58/1205] Fetching weather for Budapest-Keleti...
2026-07-23 00:54:25,096 - root - INFO - Fetched weather for Budapest-Keleti: 17.2°C, Clouds, humidity: 50%
2026-07-23 00:54:26,198 - root - INFO - [59/1205] Fetching weather for Ferencváros...
2026-07-23 00:54:26,259 - root - INFO - Fetched weather for Ferencváros: 17.3°C, Clouds, humidity: 50%
2026-07-23 00:54:27,360 - root - INFO - [60/1205] Fetching weather for Budapest-Nyugati...
2026-07-23 00:54:27,410 - root - INFO - Fetched weather for Budapest-Nyugati: 17.3°C, Clouds, humidity: 50%
2026-07-23 00:54:28,512 - root - INFO - [61/1205] Fetching weather for Kőbánya felső...
2026-07-23 00:54:28,564 - root - INFO - Fetched weather for Kőbánya felső: 17.1°C, Clouds, humidity: 51%
2026-07-23 00:54:29,666 - root - INFO - [62/1205] Fetching weather for Rákos...
2026-07-23 00:54:29,719 - root - INFO - Fetched weather for Rákos: 17.3°C, Clouds, humidity: 48%
2026-07-23 00:54:30,821 - root - INFO - [63/1205] Fetching weather for Rákosrendező...
2026-07-23 00:54:30,874 - root - INFO - Fetched weather for Rákosrendező: 17.3°C, Clouds, humidity: 50%
2026-07-23 00:54:31,975 - root - INFO - [64/1205] Fetching weather for Zugló...
2026-07-23 00:54:32,032 - root - INFO - Fetched weather for Zugló: 17.2°C, Clouds, humidity: 50%
2026-07-23 00:54:33,133 - root - INFO - [65/1205] Fetching weather for Mezőtárkány...
2026-07-23 00:54:33,186 - root - INFO - Fetched weather for Mezőtárkány: 14.3°C, Clouds, humidity: 61%
2026-07-23 00:54:34,288 - root - INFO - [66/1205] Fetching weather for Istvántelek...
2026-07-23 00:54:34,339 - root - INFO - Fetched weather for Istvántelek: 17.2°C, Clouds, humidity: 51%
2026-07-23 00:54:35,440 - root - INFO - [67/1205] Fetching weather for Rákospalota-Újpest...
2026-07-23 00:54:35,500 - root - INFO - Fetched weather for Rákospalota-Újpest: 17.2°C, Clouds, humidity: 51%
2026-07-23 00:54:36,602 - root - INFO - [68/1205] Fetching weather for Kőbánya alsó...
2026-07-23 00:54:36,653 - root - INFO - Fetched weather for Kőbánya alsó: 17.2°C, Clouds, humidity: 50%
2026-07-23 00:54:37,754 - root - INFO - [69/1205] Fetching weather for Kőbánya-Kispest...
2026-07-23 00:54:37,811 - root - INFO - Fetched weather for Kőbánya-Kispest: 17.1°C, Clouds, humidity: 51%
2026-07-23 00:54:38,913 - root - INFO - [70/1205] Fetching weather for Pestszentlőrinc...
2026-07-23 00:54:38,968 - root - INFO - Fetched weather for Pestszentlőrinc: 17.4°C, Clouds, humidity: 47%
2026-07-23 00:54:40,070 - root - INFO - [71/1205] Fetching weather for Kispest...
2026-07-23 00:54:40,123 - root - INFO - Fetched weather for Kispest: 17.2°C, Clouds, humidity: 51%
2026-07-23 00:54:41,225 - root - INFO - [72/1205] Fetching weather for Újpest...
2026-07-23 00:54:41,277 - root - INFO - Fetched weather for Újpest: 17.2°C, Clouds, humidity: 51%
2026-07-23 00:54:42,378 - root - INFO - [73/1205] Fetching weather for Pestszentimre felső...
2026-07-23 00:54:42,429 - root - INFO - Fetched weather for Pestszentimre felső: 17.5°C, Clouds, humidity: 48%
2026-07-23 00:54:43,530 - root - INFO - [74/1205] Fetching weather for Dunakeszi...
2026-07-23 00:54:43,595 - root - INFO - Fetched weather for Dunakeszi: 17.1°C, Clouds, humidity: 52%
2026-07-23 00:54:44,697 - root - INFO - [75/1205] Fetching weather for Dunakeszi-Gyártelep...
2026-07-23 00:54:44,748 - root - INFO - Fetched weather for Dunakeszi-Gyártelep: 17.2°C, Clouds, humidity: 52%
2026-07-23 00:54:45,849 - root - INFO - [76/1205] Fetching weather for Alsógöd...
2026-07-23 00:54:45,901 - root - INFO - Fetched weather for Alsógöd: 17.2°C, Clouds, humidity: 55%
2026-07-23 00:54:47,002 - root - INFO - [77/1205] Fetching weather for Göd...
2026-07-23 00:54:47,063 - root - INFO - Fetched weather for Göd: 17.2°C, Clouds, humidity: 55%
2026-07-23 00:54:48,164 - root - INFO - [78/1205] Fetching weather for Felsőgöd...
2026-07-23 00:54:48,220 - root - INFO - Fetched weather for Felsőgöd: 18.2°C, Clouds, humidity: 56%
2026-07-23 00:54:49,322 - root - INFO - [79/1205] Fetching weather for Sződ-Sződliget...
2026-07-23 00:54:49,375 - root - INFO - Fetched weather for Sződ-Sződliget: 17.2°C, Clouds, humidity: 57%
2026-07-23 00:54:50,477 - root - INFO - [80/1205] Fetching weather for Vác...
2026-07-23 00:54:50,536 - root - INFO - Fetched weather for Vác: 16.0°C, Clouds, humidity: 58%
2026-07-23 00:54:51,637 - root - INFO - [81/1205] Fetching weather for Verőce...
2026-07-23 00:54:51,694 - root - INFO - Fetched weather for Verőce: 15.3°C, Clouds, humidity: 60%
2026-07-23 00:54:52,796 - root - INFO - [82/1205] Fetching weather for Kismaros...
2026-07-23 00:54:52,851 - root - INFO - Fetched weather for Kismaros: 14.6°C, Clouds, humidity: 60%
2026-07-23 00:54:53,953 - root - INFO - [83/1205] Fetching weather for Nagymaros-Visegrád...
2026-07-23 00:54:54,004 - root - INFO - Fetched weather for Nagymaros-Visegrád: 15.1°C, Clouds, humidity: 59%
2026-07-23 00:54:55,106 - root - INFO - [84/1205] Fetching weather for Nagymaros...
2026-07-23 00:54:55,163 - root - INFO - Fetched weather for Nagymaros: 15.1°C, Clouds, humidity: 59%
2026-07-23 00:54:56,264 - root - INFO - [85/1205] Fetching weather for Zebegény...
2026-07-23 00:54:56,322 - root - INFO - Fetched weather for Zebegény: 15.8°C, Clouds, humidity: 59%
2026-07-23 00:54:57,424 - root - INFO - [86/1205] Fetching weather for Szob...
2026-07-23 00:54:57,474 - root - INFO - Fetched weather for Szob: 15.7°C, Clouds, humidity: 59%
2026-07-23 00:54:58,575 - root - INFO - [87/1205] Fetching weather for Alagimajor...
2026-07-23 00:54:58,630 - root - INFO - Fetched weather for Alagimajor: 17.2°C, Clouds, humidity: 49%
2026-07-23 00:54:59,732 - root - INFO - [88/1205] Fetching weather for Fót...
2026-07-23 00:54:59,789 - root - INFO - Fetched weather for Fót: 17.3°C, Clouds, humidity: 48%
2026-07-23 00:55:00,891 - root - INFO - [89/1205] Fetching weather for Fótújfalu...
2026-07-23 00:55:00,950 - root - INFO - Fetched weather for Fótújfalu: 17.2°C, Clouds, humidity: 48%
2026-07-23 00:55:02,051 - root - INFO - [90/1205] Fetching weather for Csomád...
2026-07-23 00:55:02,103 - root - INFO - Fetched weather for Csomád: 17.1°C, Clouds, humidity: 43%
2026-07-23 00:55:03,204 - root - INFO - [91/1205] Fetching weather for Veresegyház...
2026-07-23 00:55:03,258 - root - INFO - Fetched weather for Veresegyház: 17.4°C, Clouds, humidity: 43%
2026-07-23 00:55:04,360 - root - INFO - [92/1205] Fetching weather for Erdőkertes...
2026-07-23 00:55:04,413 - root - INFO - Fetched weather for Erdőkertes: 17.4°C, Clouds, humidity: 53%
2026-07-23 00:55:05,514 - root - INFO - [93/1205] Fetching weather for Őrbottyán...
2026-07-23 00:55:05,569 - root - INFO - Fetched weather for Őrbottyán: 17.4°C, Clouds, humidity: 54%
2026-07-23 00:55:06,670 - root - INFO - [94/1205] Fetching weather for Váchartyán...
2026-07-23 00:55:06,724 - root - INFO - Fetched weather for Váchartyán: 17.7°C, Clouds, humidity: 56%
2026-07-23 00:55:07,826 - root - INFO - [95/1205] Fetching weather for Magyarkút-Verőce...
2026-07-23 00:55:07,876 - root - INFO - Fetched weather for Magyarkút-Verőce: 15.3°C, Clouds, humidity: 60%
2026-07-23 00:55:08,978 - root - INFO - [96/1205] Fetching weather for Szokolya...
2026-07-23 00:55:09,030 - root - INFO - Fetched weather for Szokolya: 14.6°C, Clouds, humidity: 60%
2026-07-23 00:55:10,131 - root - INFO - [97/1205] Fetching weather for Berkenye...
2026-07-23 00:55:10,188 - root - INFO - Fetched weather for Berkenye: 15.3°C, Clouds, humidity: 60%
2026-07-23 00:55:11,290 - root - INFO - [98/1205] Fetching weather for Nógrád...
2026-07-23 00:55:11,350 - root - INFO - Fetched weather for Nógrád: 14.9°C, Clouds, humidity: 60%
2026-07-23 00:55:12,452 - root - INFO - [99/1205] Fetching weather for Diósjenő...
2026-07-23 00:55:12,515 - root - INFO - Fetched weather for Diósjenő: 14.5°C, Clouds, humidity: 60%
2026-07-23 00:55:13,617 - root - INFO - [100/1205] Fetching weather for Borsosberény...
2026-07-23 00:55:13,675 - root - INFO - Fetched weather for Borsosberény: 15.2°C, Clouds, humidity: 60%
2026-07-23 00:55:14,776 - root - INFO - [101/1205] Fetching weather for Nagyoroszi...
2026-07-23 00:55:14,831 - root - INFO - Fetched weather for Nagyoroszi: 15.0°C, Clouds, humidity: 60%
2026-07-23 00:55:15,932 - root - INFO - [102/1205] Fetching weather for Drégelyvár...
2026-07-23 00:55:15,987 - root - INFO - Fetched weather for Drégelyvár: 15.3°C, Clouds, humidity: 60%
2026-07-23 00:55:17,089 - root - INFO - [103/1205] Fetching weather for Drégely...
2026-07-23 00:55:17,141 - root - INFO - Fetched weather for Drégely: 15.6°C, Clouds, humidity: 60%
2026-07-23 00:55:18,242 - root - INFO - [104/1205] Fetching weather for Drégelypalánk...
2026-07-23 00:55:18,294 - root - INFO - Fetched weather for Drégelypalánk: 15.8°C, Clouds, humidity: 60%
2026-07-23 00:55:19,395 - root - INFO - [105/1205] Fetching weather for Ipolyvece...
2026-07-23 00:55:19,446 - root - INFO - Fetched weather for Ipolyvece: 15.7°C, Clouds, humidity: 60%
2026-07-23 00:55:20,547 - root - INFO - [106/1205] Fetching weather for Dejtár...
2026-07-23 00:55:20,602 - root - INFO - Fetched weather for Dejtár: 15.6°C, Clouds, humidity: 60%
2026-07-23 00:55:21,704 - root - INFO - [107/1205] Fetching weather for Ipolyszög...
2026-07-23 00:55:21,766 - root - INFO - Fetched weather for Ipolyszög: 15.5°C, Clouds, humidity: 61%
2026-07-23 00:55:22,867 - root - INFO - [108/1205] Fetching weather for Iklad-Domony...
2026-07-23 00:55:22,927 - root - INFO - Fetched weather for Iklad-Domony: 17.8°C, Clouds, humidity: 54%
2026-07-23 00:55:24,029 - root - INFO - [109/1205] Fetching weather for Iklad-Domony felső...
2026-07-23 00:55:24,097 - root - INFO - Fetched weather for Iklad-Domony felső: 17.7°C, Clouds, humidity: 54%
2026-07-23 00:55:25,198 - root - INFO - [110/1205] Fetching weather for Galgamácsa...
2026-07-23 00:55:25,254 - root - INFO - Fetched weather for Galgamácsa: 17.7°C, Clouds, humidity: 55%
2026-07-23 00:55:26,356 - root - INFO - [111/1205] Fetching weather for Vácrátót...
2026-07-23 00:55:26,408 - root - INFO - Fetched weather for Vácrátót: 17.6°C, Clouds, humidity: 56%
2026-07-23 00:55:27,509 - root - INFO - [112/1205] Fetching weather for Csörög...
2026-07-23 00:55:27,580 - root - INFO - Fetched weather for Csörög: 16.9°C, Clouds, humidity: 57%
2026-07-23 00:55:28,682 - root - INFO - [113/1205] Fetching weather for Galgagyörk...
2026-07-23 00:55:28,735 - root - INFO - Fetched weather for Galgagyörk: 17.6°C, Clouds, humidity: 56%
2026-07-23 00:55:29,836 - root - INFO - [114/1205] Fetching weather for Püspökhatvan...
2026-07-23 00:55:29,888 - root - INFO - Fetched weather for Püspökhatvan: 15.5°C, Clouds, humidity: 57%
2026-07-23 00:55:30,989 - root - INFO - [115/1205] Fetching weather for Acsa-Erdőkürt...
2026-07-23 00:55:31,040 - root - INFO - Fetched weather for Acsa-Erdőkürt: 15.3°C, Clouds, humidity: 58%
2026-07-23 00:55:32,141 - root - INFO - [116/1205] Fetching weather for Galgaguta...
2026-07-23 00:55:32,190 - root - INFO - Fetched weather for Galgaguta: 15.0°C, Clouds, humidity: 59%
2026-07-23 00:55:33,291 - root - INFO - [117/1205] Fetching weather for Nógrádkövesd...
2026-07-23 00:55:33,343 - root - INFO - Fetched weather for Nógrádkövesd: 15.1°C, Clouds, humidity: 60%
2026-07-23 00:55:34,445 - root - INFO - [118/1205] Fetching weather for Magyarnándor...
2026-07-23 00:55:34,499 - root - INFO - Fetched weather for Magyarnándor: 14.9°C, Clouds, humidity: 61%
2026-07-23 00:55:35,600 - root - INFO - [119/1205] Fetching weather for Mohora...
2026-07-23 00:55:35,651 - root - INFO - Fetched weather for Mohora: 15.0°C, Clouds, humidity: 61%
2026-07-23 00:55:36,752 - root - INFO - [120/1205] Fetching weather for Szügy...
2026-07-23 00:55:36,805 - root - INFO - Fetched weather for Szügy: 15.2°C, Clouds, humidity: 62%
2026-07-23 00:55:37,906 - root - INFO - [121/1205] Fetching weather for Balassagyarmat...
2026-07-23 00:55:37,957 - root - INFO - Fetched weather for Balassagyarmat: 15.3°C, Clouds, humidity: 61%
2026-07-23 00:55:39,058 - root - INFO - [122/1205] Fetching weather for Őrhalom...
2026-07-23 00:55:39,112 - root - INFO - Fetched weather for Őrhalom: 14.9°C, Clouds, humidity: 63%
2026-07-23 00:55:40,214 - root - INFO - [123/1205] Fetching weather for Hugyag...
2026-07-23 00:55:40,268 - root - INFO - Fetched weather for Hugyag: 14.9°C, Clouds, humidity: 63%
2026-07-23 00:55:41,369 - root - INFO - [124/1205] Fetching weather for Szécsény...
2026-07-23 00:55:41,423 - root - INFO - Fetched weather for Szécsény: 15.0°C, Clouds, humidity: 63%
2026-07-23 00:55:42,524 - root - INFO - [125/1205] Fetching weather for Ludányhalászi...
2026-07-23 00:55:42,576 - root - INFO - Fetched weather for Ludányhalászi: 14.9°C, Clouds, humidity: 64%
2026-07-23 00:55:43,677 - root - INFO - [126/1205] Fetching weather for Nógrádszakál...
2026-07-23 00:55:43,728 - root - INFO - Fetched weather for Nógrádszakál: 14.9°C, Clouds, humidity: 64%
2026-07-23 00:55:44,829 - root - INFO - [127/1205] Fetching weather for Ráróspuszta...
2026-07-23 00:55:44,885 - root - INFO - Fetched weather for Ráróspuszta: 14.3°C, Clouds, humidity: 65%
2026-07-23 00:55:45,986 - root - INFO - [128/1205] Fetching weather for Litke...
2026-07-23 00:55:46,041 - root - INFO - Fetched weather for Litke: 14.8°C, Clouds, humidity: 65%
2026-07-23 00:55:47,143 - root - INFO - [129/1205] Fetching weather for Nyíregyháza külső...
2026-07-23 00:55:47,199 - root - INFO - Fetched weather for Nyíregyháza külső: 14.3°C, Clouds, humidity: 52%
2026-07-23 00:55:48,300 - root - INFO - [130/1205] Fetching weather for Oros...
2026-07-23 00:55:48,356 - root - INFO - Fetched weather for Oros: 14.3°C, Clouds, humidity: 52%
2026-07-23 00:55:49,457 - root - INFO - [131/1205] Fetching weather for Napkor...
2026-07-23 00:55:49,516 - root - INFO - Fetched weather for Napkor: 14.2°C, Clouds, humidity: 52%
2026-07-23 00:55:50,617 - root - INFO - [132/1205] Fetching weather for Apagy...
2026-07-23 00:55:50,670 - root - INFO - Fetched weather for Apagy: 14.2°C, Clouds, humidity: 53%
2026-07-23 00:55:51,772 - root - INFO - [133/1205] Fetching weather for Levelek-Magy...
2026-07-23 00:55:51,825 - root - INFO - Fetched weather for Levelek-Magy: 14.2°C, Clouds, humidity: 53%
2026-07-23 00:55:52,927 - root - INFO - [134/1205] Fetching weather for Ófehértó...
2026-07-23 00:55:52,983 - root - INFO - Fetched weather for Ófehértó: 14.1°C, Clouds, humidity: 54%
2026-07-23 00:55:54,085 - root - INFO - [135/1205] Fetching weather for Ligettanya...
2026-07-23 00:55:54,136 - root - INFO - Fetched weather for Ligettanya: 14.0°C, Clouds, humidity: 54%
2026-07-23 00:55:55,238 - root - INFO - [136/1205] Fetching weather for Baktalórántháza...
2026-07-23 00:55:55,289 - root - INFO - Fetched weather for Baktalórántháza: 14.1°C, Clouds, humidity: 54%
2026-07-23 00:55:56,391 - root - INFO - [137/1205] Fetching weather for Vaja-Rohod...
2026-07-23 00:55:56,453 - root - INFO - Fetched weather for Vaja-Rohod: 14.1°C, Clouds, humidity: 55%
2026-07-23 00:55:57,554 - root - INFO - [138/1205] Fetching weather for Rákóczitanya...
2026-07-23 00:55:57,606 - root - INFO - Fetched weather for Rákóczitanya: 14.2°C, Clouds, humidity: 56%
2026-07-23 00:55:58,708 - root - INFO - [139/1205] Fetching weather for Nyírmada...
2026-07-23 00:55:58,759 - root - INFO - Fetched weather for Nyírmada: 14.1°C, Clouds, humidity: 56%
2026-07-23 00:55:59,861 - root - INFO - [140/1205] Fetching weather for Tunyogmatolcs...
2026-07-23 00:55:59,912 - root - INFO - Fetched weather for Tunyogmatolcs: 14.4°C, Clouds, humidity: 59%
2026-07-23 00:56:01,013 - root - INFO - [141/1205] Fetching weather for Tunyogmatolcs alsó...
2026-07-23 00:56:01,064 - root - INFO - Fetched weather for Tunyogmatolcs alsó: 14.4°C, Clouds, humidity: 59%
2026-07-23 00:56:02,165 - root - INFO - [142/1205] Fetching weather for Fehérgyarmat...
2026-07-23 00:56:02,219 - root - INFO - Fetched weather for Fehérgyarmat: 14.5°C, Clouds, humidity: 60%
2026-07-23 00:56:03,321 - root - INFO - [143/1205] Fetching weather for Penyige...
2026-07-23 00:56:03,372 - root - INFO - Fetched weather for Penyige: 14.6°C, Clouds, humidity: 60%
2026-07-23 00:56:04,473 - root - INFO - [144/1205] Fetching weather for Nagyszekeres...
2026-07-23 00:56:04,528 - root - INFO - Fetched weather for Nagyszekeres: 14.7°C, Clouds, humidity: 60%
2026-07-23 00:56:05,629 - root - INFO - [145/1205] Fetching weather for Kisszekeres...
2026-07-23 00:56:05,685 - root - INFO - Fetched weather for Kisszekeres: 14.6°C, Clouds, humidity: 61%
2026-07-23 00:56:06,786 - root - INFO - [146/1205] Fetching weather for Jánkmajtis...
2026-07-23 00:56:06,845 - root - INFO - Fetched weather for Jánkmajtis: 14.6°C, Clouds, humidity: 61%
2026-07-23 00:56:07,947 - root - INFO - [147/1205] Fetching weather for Gacsály...
2026-07-23 00:56:08,005 - root - INFO - Fetched weather for Gacsály: 11.2°C, Clouds, humidity: 63%
2026-07-23 00:56:09,107 - root - INFO - [148/1205] Fetching weather for Zajta...
2026-07-23 00:56:09,160 - root - INFO - Fetched weather for Zajta: 11.1°C, Clouds, humidity: 65%
2026-07-23 00:56:10,261 - root - INFO - [149/1205] Fetching weather for Eperjeske alsó...
2026-07-23 00:56:10,318 - root - INFO - Fetched weather for Eperjeske alsó: 13.9°C, Clouds, humidity: 62%
2026-07-23 00:56:11,420 - root - INFO - [150/1205] Fetching weather for Mándok...
2026-07-23 00:56:11,478 - root - INFO - Fetched weather for Mándok: 13.8°C, Clouds, humidity: 62%
2026-07-23 00:56:12,579 - root - INFO - [151/1205] Fetching weather for Tornyospálca...
2026-07-23 00:56:12,631 - root - INFO - Fetched weather for Tornyospálca: 13.9°C, Clouds, humidity: 61%
2026-07-23 00:56:13,733 - root - INFO - [152/1205] Fetching weather for Aranyosapáti...
2026-07-23 00:56:13,788 - root - INFO - Fetched weather for Aranyosapáti: 14.1°C, Clouds, humidity: 61%
2026-07-23 00:56:14,889 - root - INFO - [153/1205] Fetching weather for Gyüre...
2026-07-23 00:56:14,944 - root - INFO - Fetched weather for Gyüre: 14.2°C, Clouds, humidity: 59%
2026-07-23 00:56:16,045 - root - INFO - [154/1205] Fetching weather for Varsány...
2026-07-23 00:56:16,103 - root - INFO - Fetched weather for Varsány: 14.3°C, Clouds, humidity: 59%
2026-07-23 00:56:17,204 - root - INFO - [155/1205] Fetching weather for Vásárosnamény...
2026-07-23 00:56:17,252 - root - INFO - Fetched weather for Vásárosnamény: 14.3°C, Clouds, humidity: 58%
2026-07-23 00:56:18,354 - root - INFO - [156/1205] Fetching weather for Vitka...
2026-07-23 00:56:18,410 - root - INFO - Fetched weather for Vitka: 14.3°C, Clouds, humidity: 58%
2026-07-23 00:56:19,511 - root - INFO - [157/1205] Fetching weather for Nagydobos...
2026-07-23 00:56:19,570 - root - INFO - Fetched weather for Nagydobos: 14.3°C, Clouds, humidity: 57%
2026-07-23 00:56:20,672 - root - INFO - [158/1205] Fetching weather for Ópályi...
2026-07-23 00:56:20,723 - root - INFO - Fetched weather for Ópályi: 14.3°C, Clouds, humidity: 57%
2026-07-23 00:56:21,825 - root - INFO - [159/1205] Fetching weather for Nyírcsaholy...
2026-07-23 00:56:21,877 - root - INFO - Fetched weather for Nyírcsaholy: 14.2°C, Clouds, humidity: 58%
2026-07-23 00:56:22,979 - root - INFO - [160/1205] Fetching weather for Nagyecsed...
2026-07-23 00:56:23,036 - root - INFO - Fetched weather for Nagyecsed: 14.1°C, Clouds, humidity: 60%
2026-07-23 00:56:24,138 - root - INFO - [161/1205] Fetching weather for Tiborszállás...
2026-07-23 00:56:24,197 - root - INFO - Fetched weather for Tiborszállás: 14.0°C, Clouds, humidity: 60%
2026-07-23 00:56:25,298 - root - INFO - [162/1205] Fetching weather for Kiskunhalas...
2026-07-23 00:56:25,361 - root - INFO - Fetched weather for Kiskunhalas: 15.0°C, Clear, humidity: 54%
2026-07-23 00:56:26,463 - root - INFO - [163/1205] Fetching weather for Kecskemét alsó...
2026-07-23 00:56:26,515 - root - INFO - Fetched weather for Kecskemét alsó: 16.0°C, Clouds, humidity: 55%
2026-07-23 00:56:27,616 - root - INFO - [164/1205] Fetching weather for Putnok...
2026-07-23 00:56:27,668 - root - INFO - Fetched weather for Putnok: 17.8°C, Clouds, humidity: 62%
2026-07-23 00:56:28,770 - root - INFO - [165/1205] Fetching weather for Bánréve...
2026-07-23 00:56:28,826 - root - INFO - Fetched weather for Bánréve: 11.3°C, Clouds, humidity: 56%
2026-07-23 00:56:29,927 - root - INFO - [166/1205] Fetching weather for Ipolytarnóc...
2026-07-23 00:56:29,977 - root - INFO - Fetched weather for Ipolytarnóc: 14.7°C, Clouds, humidity: 65%
2026-07-23 00:56:31,078 - root - INFO - [167/1205] Fetching weather for Rákosliget...
2026-07-23 00:56:31,129 - root - INFO - Fetched weather for Rákosliget: 17.6°C, Clouds, humidity: 45%
2026-07-23 00:56:32,231 - root - INFO - [168/1205] Fetching weather for Ikrény...
2026-07-23 00:56:32,283 - root - INFO - Fetched weather for Ikrény: 17.5°C, Clouds, humidity: 54%
2026-07-23 00:56:33,385 - root - INFO - [169/1205] Fetching weather for Rábapatona...
2026-07-23 00:56:33,443 - root - INFO - Fetched weather for Rábapatona: 17.6°C, Clouds, humidity: 54%
2026-07-23 00:56:34,544 - root - INFO - [170/1205] Fetching weather for Enese...
2026-07-23 00:56:34,595 - root - INFO - Fetched weather for Enese: 17.6°C, Clouds, humidity: 54%
2026-07-23 00:56:35,696 - root - INFO - [171/1205] Fetching weather for Kóny...
2026-07-23 00:56:35,754 - root - INFO - Fetched weather for Kóny: 17.6°C, Clouds, humidity: 54%
2026-07-23 00:56:36,855 - root - INFO - [172/1205] Fetching weather for Farád...
2026-07-23 00:56:36,911 - root - INFO - Fetched weather for Farád: 17.8°C, Clouds, humidity: 54%
2026-07-23 00:56:38,013 - root - INFO - [173/1205] Fetching weather for Rábatamási...
2026-07-23 00:56:38,066 - root - INFO - Fetched weather for Rábatamási: 17.8°C, Clouds, humidity: 54%
2026-07-23 00:56:39,168 - root - INFO - [174/1205] Fetching weather for Szárföld...
2026-07-23 00:56:39,229 - root - INFO - Fetched weather for Szárföld: 17.8°C, Clouds, humidity: 54%
2026-07-23 00:56:40,331 - root - INFO - [175/1205] Fetching weather for Veszkény...
2026-07-23 00:56:40,385 - root - INFO - Fetched weather for Veszkény: 17.8°C, Clouds, humidity: 54%
2026-07-23 00:56:41,486 - root - INFO - [176/1205] Fetching weather for Kapuvár...
2026-07-23 00:56:41,538 - root - INFO - Fetched weather for Kapuvár: 17.8°C, Clouds, humidity: 54%
2026-07-23 00:56:42,639 - root - INFO - [177/1205] Fetching weather for Vitnyéd-Csermajor...
2026-07-23 00:56:42,700 - root - INFO - Fetched weather for Vitnyéd-Csermajor: 17.8°C, Clouds, humidity: 54%
2026-07-23 00:56:43,801 - root - INFO - [178/1205] Fetching weather for Petőháza...
2026-07-23 00:56:43,852 - root - INFO - Fetched weather for Petőháza: 17.7°C, Clouds, humidity: 54%
2026-07-23 00:56:44,953 - root - INFO - [179/1205] Fetching weather for Fertőszentmiklós...
2026-07-23 00:56:45,020 - root - INFO - Fetched weather for Fertőszentmiklós: 17.7°C, Clouds, humidity: 54%
2026-07-23 00:56:46,121 - root - INFO - [180/1205] Fetching weather for Pinnye...
2026-07-23 00:56:46,174 - root - INFO - Fetched weather for Pinnye: 17.6°C, Clouds, humidity: 54%
2026-07-23 00:56:47,275 - root - INFO - [181/1205] Fetching weather for Fertőboz...
2026-07-23 00:56:47,328 - root - INFO - Fetched weather for Fertőboz: 17.4°C, Clouds, humidity: 54%
2026-07-23 00:56:48,430 - root - INFO - [182/1205] Fetching weather for Sopron...
2026-07-23 00:56:48,483 - root - INFO - Fetched weather for Sopron: 17.1°C, Clouds, humidity: 55%
2026-07-23 00:56:49,584 - root - INFO - [183/1205] Fetching weather for Fertőszéplak-Fertőd...
2026-07-23 00:56:49,642 - root - INFO - Fetched weather for Fertőszéplak-Fertőd: 17.7°C, Clouds, humidity: 54%
2026-07-23 00:56:50,744 - root - INFO - [184/1205] Fetching weather for Nyúl...
2026-07-23 00:56:50,796 - root - INFO - Fetched weather for Nyúl: 17.4°C, Clouds, humidity: 54%
2026-07-23 00:56:51,897 - root - INFO - [185/1205] Fetching weather for Pannonhalma...
2026-07-23 00:56:51,947 - root - INFO - Fetched weather for Pannonhalma: 17.1°C, Clouds, humidity: 53%
2026-07-23 00:56:53,049 - root - INFO - [186/1205] Fetching weather for Tarjánpuszta...
2026-07-23 00:56:53,104 - root - INFO - Fetched weather for Tarjánpuszta: 17.0°C, Rain, humidity: 53%
2026-07-23 00:56:54,205 - root - INFO - [187/1205] Fetching weather for Győrasszonyfa...
2026-07-23 00:56:54,260 - root - INFO - Fetched weather for Győrasszonyfa: 17.0°C, Rain, humidity: 53%
2026-07-23 00:56:55,361 - root - INFO - [188/1205] Fetching weather for Veszprémvarsány...
2026-07-23 00:56:55,415 - root - INFO - Fetched weather for Veszprémvarsány: 16.9°C, Clouds, humidity: 52%
2026-07-23 00:56:56,516 - root - INFO - [189/1205] Fetching weather for Bakonyszentlászló...
2026-07-23 00:56:56,567 - root - INFO - Fetched weather for Bakonyszentlászló: 16.5°C, Clouds, humidity: 52%
2026-07-23 00:56:57,669 - root - INFO - [190/1205] Fetching weather for Porva-Csesznek...
2026-07-23 00:56:57,721 - root - INFO - Fetched weather for Porva-Csesznek: 15.2°C, Clouds, humidity: 52%
2026-07-23 00:56:58,822 - root - INFO - [191/1205] Fetching weather for Zirc...
2026-07-23 00:56:58,880 - root - INFO - Fetched weather for Zirc: 15.2°C, Clouds, humidity: 51%
2026-07-23 00:56:59,982 - root - INFO - [192/1205] Fetching weather for Eplény...
2026-07-23 00:57:00,047 - root - INFO - Fetched weather for Eplény: 15.7°C, Clouds, humidity: 50%
2026-07-23 00:57:01,149 - root - INFO - [193/1205] Fetching weather for Marcaltő...
2026-07-23 00:57:01,203 - root - INFO - Fetched weather for Marcaltő: 17.4°C, Clouds, humidity: 53%
2026-07-23 00:57:02,305 - root - INFO - [194/1205] Fetching weather for Szany-Rábaszentandrás...
2026-07-23 00:57:02,356 - root - INFO - Fetched weather for Szany-Rábaszentandrás: 17.5°C, Clouds, humidity: 53%
2026-07-23 00:57:03,457 - root - INFO - [195/1205] Fetching weather for Egyed-Rábacsanak...
2026-07-23 00:57:03,512 - root - INFO - Fetched weather for Egyed-Rábacsanak: 17.5°C, Clouds, humidity: 53%
2026-07-23 00:57:04,613 - root - INFO - [196/1205] Fetching weather for Rábapordány...
2026-07-23 00:57:04,665 - root - INFO - Fetched weather for Rábapordány: 17.5°C, Clouds, humidity: 54%
2026-07-23 00:57:05,766 - root - INFO - [197/1205] Fetching weather for Albertfalva...
2026-07-23 00:57:05,819 - root - INFO - Fetched weather for Albertfalva: 17.5°C, Clouds, humidity: 50%
2026-07-23 00:57:06,920 - root - INFO - [198/1205] Fetching weather for Budafok...
2026-07-23 00:57:06,981 - root - INFO - Fetched weather for Budafok: 17.5°C, Clouds, humidity: 50%
2026-07-23 00:57:08,082 - root - INFO - [199/1205] Fetching weather for Tétényliget...
2026-07-23 00:57:08,134 - root - INFO - Fetched weather for Tétényliget: 17.6°C, Clear, humidity: 50%
2026-07-23 00:57:09,236 - root - INFO - [200/1205] Fetching weather for Érd alsó...
2026-07-23 00:57:09,280 - root - INFO - Fetched weather for Érd alsó: 17.6°C, Clear, humidity: 47%
2026-07-23 00:57:10,382 - root - INFO - [201/1205] Fetching weather for Tárnok...
2026-07-23 00:57:10,436 - root - INFO - Fetched weather for Tárnok: 17.6°C, Clear, humidity: 48%
2026-07-23 00:57:11,537 - root - INFO - [202/1205] Fetching weather for Martonvásár...
2026-07-23 00:57:11,591 - root - INFO - Fetched weather for Martonvásár: 17.6°C, Clear, humidity: 54%
2026-07-23 00:57:12,693 - root - INFO - [203/1205] Fetching weather for Baracska...
2026-07-23 00:57:12,744 - root - INFO - Fetched weather for Baracska: 15.8°C, Clouds, humidity: 54%
2026-07-23 00:57:13,846 - root - INFO - [204/1205] Fetching weather for Pettend...
2026-07-23 00:57:13,897 - root - INFO - Fetched weather for Pettend: 15.3°C, Clouds, humidity: 55%
2026-07-23 00:57:14,998 - root - INFO - [205/1205] Fetching weather for Kápolnásnyék...
2026-07-23 00:57:15,058 - root - INFO - Fetched weather for Kápolnásnyék: 15.4°C, Rain, humidity: 55%
2026-07-23 00:57:16,159 - root - INFO - [206/1205] Fetching weather for Velence...
2026-07-23 00:57:16,213 - root - INFO - Fetched weather for Velence: 15.4°C, Rain, humidity: 55%
2026-07-23 00:57:17,314 - root - INFO - [207/1205] Fetching weather for Velencefürdő...
2026-07-23 00:57:17,370 - root - INFO - Fetched weather for Velencefürdő: 16.3°C, Rain, humidity: 55%
2026-07-23 00:57:18,472 - root - INFO - [208/1205] Fetching weather for Gárdony...
2026-07-23 00:57:18,531 - root - INFO - Fetched weather for Gárdony: 16.4°C, Clouds, humidity: 55%
2026-07-23 00:57:19,632 - root - INFO - [209/1205] Fetching weather for Agárd...
2026-07-23 00:57:19,684 - root - INFO - Fetched weather for Agárd: 16.4°C, Clouds, humidity: 55%
2026-07-23 00:57:20,786 - root - INFO - [210/1205] Fetching weather for Dinnyés...
2026-07-23 00:57:20,842 - root - INFO - Fetched weather for Dinnyés: 16.4°C, Clouds, humidity: 55%
2026-07-23 00:57:21,944 - root - INFO - [211/1205] Fetching weather for Székesfehérvár...
2026-07-23 00:57:21,999 - root - INFO - Fetched weather for Székesfehérvár: 16.5°C, Clouds, humidity: 54%
2026-07-23 00:57:23,101 - root - INFO - [212/1205] Fetching weather for Szabadbattyán...
2026-07-23 00:57:23,309 - root - INFO - Fetched weather for Szabadbattyán: 16.4°C, Clouds, humidity: 55%
2026-07-23 00:57:24,411 - root - INFO - [213/1205] Fetching weather for Kiscséripuszta...
2026-07-23 00:57:24,462 - root - INFO - Fetched weather for Kiscséripuszta: 18.0°C, Clouds, humidity: 55%
2026-07-23 00:57:25,563 - root - INFO - [214/1205] Fetching weather for Lepsény...
2026-07-23 00:57:25,622 - root - INFO - Fetched weather for Lepsény: 18.2°C, Clouds, humidity: 78%
2026-07-23 00:57:26,723 - root - INFO - [215/1205] Fetching weather for Balatonaliga...
2026-07-23 00:57:26,782 - root - INFO - Fetched weather for Balatonaliga: 18.0°C, Clouds, humidity: 78%
2026-07-23 00:57:27,884 - root - INFO - [216/1205] Fetching weather for Balatonvilágos...
2026-07-23 00:57:27,936 - root - INFO - Fetched weather for Balatonvilágos: 18.1°C, Clouds, humidity: 78%
2026-07-23 00:57:29,037 - root - INFO - [217/1205] Fetching weather for Szabadifürdő...
2026-07-23 00:57:29,098 - root - INFO - Fetched weather for Szabadifürdő: 18.2°C, Clouds, humidity: 78%
2026-07-23 00:57:30,200 - root - INFO - [218/1205] Fetching weather for Ózd alsó...
2026-07-23 00:57:30,254 - root - INFO - Fetched weather for Ózd alsó: 15.4°C, Clouds, humidity: 60%
2026-07-23 00:57:31,355 - root - INFO - [219/1205] Fetching weather for Ózd...
2026-07-23 00:57:31,418 - root - INFO - Fetched weather for Ózd: 15.4°C, Clouds, humidity: 60%
2026-07-23 00:57:32,519 - root - INFO - [220/1205] Fetching weather for Alsóboldva...
2026-07-23 00:57:32,573 - root - INFO - Fetched weather for Alsóboldva: 16.9°C, Clouds, humidity: 70%
2026-07-23 00:57:33,674 - root - INFO - [221/1205] Fetching weather for Boldva...
2026-07-23 00:57:33,735 - root - INFO - Fetched weather for Boldva: 16.9°C, Clouds, humidity: 59%
2026-07-23 00:57:34,836 - root - INFO - [222/1205] Fetching weather for Borsodszirák...
2026-07-23 00:57:34,891 - root - INFO - Fetched weather for Borsodszirák: 16.9°C, Clouds, humidity: 60%
2026-07-23 00:57:35,993 - root - INFO - [223/1205] Fetching weather for Edelény alsó...
2026-07-23 00:57:36,044 - root - INFO - Fetched weather for Edelény alsó: 16.8°C, Clouds, humidity: 60%
2026-07-23 00:57:37,146 - root - INFO - [224/1205] Fetching weather for Edelény...
2026-07-23 00:57:37,202 - root - INFO - Fetched weather for Edelény: 16.8°C, Clear, humidity: 61%
2026-07-23 00:57:38,304 - root - INFO - [225/1205] Fetching weather for Szendrőlád...
2026-07-23 00:57:38,360 - root - INFO - Fetched weather for Szendrőlád: 13.5°C, Clear, humidity: 62%
2026-07-23 00:57:39,461 - root - INFO - [226/1205] Fetching weather for Szendrő...
2026-07-23 00:57:39,512 - root - INFO - Fetched weather for Szendrő: 14.4°C, Clear, humidity: 63%
2026-07-23 00:57:40,613 - root - INFO - [227/1205] Fetching weather for Szendrő felső...
2026-07-23 00:57:40,676 - root - INFO - Fetched weather for Szendrő felső: 14.4°C, Clear, humidity: 63%
2026-07-23 00:57:41,777 - root - INFO - [228/1205] Fetching weather for Szalonna...
2026-07-23 00:57:41,837 - root - INFO - Fetched weather for Szalonna: 14.6°C, Clear, humidity: 65%
2026-07-23 00:57:42,938 - root - INFO - [229/1205] Fetching weather for Perkupa...
2026-07-23 00:57:42,990 - root - INFO - Fetched weather for Perkupa: 13.9°C, Clouds, humidity: 66%
2026-07-23 00:57:44,091 - root - INFO - [230/1205] Fetching weather for Szemeretelep...
2026-07-23 00:57:44,146 - root - INFO - Fetched weather for Szemeretelep: 17.7°C, Clouds, humidity: 45%
2026-07-23 00:57:45,248 - root - INFO - [231/1205] Fetching weather for Jósvafő-Aggtelek...
2026-07-23 00:57:45,300 - root - INFO - Fetched weather for Jósvafő-Aggtelek: 14.2°C, Clouds, humidity: 66%
2026-07-23 00:57:46,401 - root - INFO - [232/1205] Fetching weather for Bódvaszilas...
2026-07-23 00:57:46,456 - root - INFO - Fetched weather for Bódvaszilas: 13.9°C, Clouds, humidity: 66%
2026-07-23 00:57:47,557 - root - INFO - [233/1205] Fetching weather for Komjáti...
2026-07-23 00:57:47,609 - root - INFO - Fetched weather for Komjáti: 13.5°C, Clouds, humidity: 66%
2026-07-23 00:57:48,710 - root - INFO - [234/1205] Fetching weather for Tornanádaska...
2026-07-23 00:57:48,769 - root - INFO - Fetched weather for Tornanádaska: 14.7°C, Clouds, humidity: 66%
2026-07-23 00:57:49,871 - root - INFO - [235/1205] Fetching weather for Onga...
2026-07-23 00:57:49,931 - root - INFO - Fetched weather for Onga: 16.9°C, Clouds, humidity: 70%
2026-07-23 00:57:51,033 - root - INFO - [236/1205] Fetching weather for Szikszó-Vásártér...
2026-07-23 00:57:51,088 - root - INFO - Fetched weather for Szikszó-Vásártér: 16.9°C, Clouds, humidity: 58%
2026-07-23 00:57:52,189 - root - INFO - [237/1205] Fetching weather for Szikszó...
2026-07-23 00:57:52,251 - root - INFO - Fetched weather for Szikszó: 16.9°C, Clouds, humidity: 58%
2026-07-23 00:57:53,352 - root - INFO - [238/1205] Fetching weather for Aszaló...
2026-07-23 00:57:53,407 - root - INFO - Fetched weather for Aszaló: 16.9°C, Clouds, humidity: 59%
2026-07-23 00:57:54,509 - root - INFO - [239/1205] Fetching weather for Halmaj...
2026-07-23 00:57:54,569 - root - INFO - Fetched weather for Halmaj: 14.5°C, Clouds, humidity: 60%
2026-07-23 00:57:55,671 - root - INFO - [240/1205] Fetching weather for Csobád...
2026-07-23 00:57:55,736 - root - INFO - Fetched weather for Csobád: 14.5°C, Clouds, humidity: 60%
2026-07-23 00:57:56,837 - root - INFO - [241/1205] Fetching weather for Ináncs...
2026-07-23 00:57:56,888 - root - INFO - Fetched weather for Ináncs: 14.3°C, Clouds, humidity: 61%
2026-07-23 00:57:57,989 - root - INFO - [242/1205] Fetching weather for Forró-Encs...
2026-07-23 00:57:58,048 - root - INFO - Fetched weather for Forró-Encs: 14.2°C, Clouds, humidity: 61%
2026-07-23 00:57:59,149 - root - INFO - [243/1205] Fetching weather for Méra...
2026-07-23 00:57:59,200 - root - INFO - Fetched weather for Méra: 14.0°C, Clouds, humidity: 62%
2026-07-23 00:58:00,301 - root - INFO - [244/1205] Fetching weather for Novajidrány...
2026-07-23 00:58:00,358 - root - INFO - Fetched weather for Novajidrány: 12.8°C, Clouds, humidity: 63%
2026-07-23 00:58:01,459 - root - INFO - [245/1205] Fetching weather for Hernádszurdok...
2026-07-23 00:58:01,516 - root - INFO - Fetched weather for Hernádszurdok: 12.7°C, Clouds, humidity: 77%
2026-07-23 00:58:02,617 - root - INFO - [246/1205] Fetching weather for Hidasnémeti...
2026-07-23 00:58:02,675 - root - INFO - Fetched weather for Hidasnémeti: 12.8°C, Clouds, humidity: 77%
2026-07-23 00:58:03,777 - root - INFO - [247/1205] Fetching weather for Mád...
2026-07-23 00:58:03,835 - root - INFO - Fetched weather for Mád: 13.8°C, Clouds, humidity: 58%
2026-07-23 00:58:04,936 - root - INFO - [248/1205] Fetching weather for Rátka...
2026-07-23 00:58:04,988 - root - INFO - Fetched weather for Rátka: 14.2°C, Clouds, humidity: 59%
2026-07-23 00:58:06,090 - root - INFO - [249/1205] Fetching weather for Tállya...
2026-07-23 00:58:06,151 - root - INFO - Fetched weather for Tállya: 14.2°C, Clouds, humidity: 59%
2026-07-23 00:58:07,253 - root - INFO - [250/1205] Fetching weather for Golop...
2026-07-23 00:58:07,318 - root - INFO - Fetched weather for Golop: 14.3°C, Clouds, humidity: 59%
2026-07-23 00:58:08,419 - root - INFO - [251/1205] Fetching weather for Abaújszántó...
2026-07-23 00:58:08,475 - root - INFO - Fetched weather for Abaújszántó: 14.0°C, Clouds, humidity: 61%
2026-07-23 00:58:09,576 - root - INFO - [252/1205] Fetching weather for Abaújszántói fürdő...
2026-07-23 00:58:09,627 - root - INFO - Fetched weather for Abaújszántói fürdő: 14.2°C, Clouds, humidity: 60%
2026-07-23 00:58:10,728 - root - INFO - [253/1205] Fetching weather for Abaújkér...
2026-07-23 00:58:10,781 - root - INFO - Fetched weather for Abaújkér: 14.0°C, Clouds, humidity: 61%
2026-07-23 00:58:11,882 - root - INFO - [254/1205] Fetching weather for Boldogkőváralja...
2026-07-23 00:58:11,951 - root - INFO - Fetched weather for Boldogkőváralja: 13.9°C, Clouds, humidity: 61%
2026-07-23 00:58:13,052 - root - INFO - [255/1205] Fetching weather for Korlát-Vizsoly...
2026-07-23 00:58:13,107 - root - INFO - Fetched weather for Korlát-Vizsoly: 14.1°C, Clouds, humidity: 62%
2026-07-23 00:58:14,208 - root - INFO - [256/1205] Fetching weather for Fony...
2026-07-23 00:58:14,259 - root - INFO - Fetched weather for Fony: 12.6°C, Clouds, humidity: 63%
2026-07-23 00:58:15,361 - root - INFO - [257/1205] Fetching weather for Hejce-Vilmány...
2026-07-23 00:58:15,419 - root - INFO - Fetched weather for Hejce-Vilmány: 12.5°C, Clouds, humidity: 63%
2026-07-23 00:58:16,521 - root - INFO - [258/1205] Fetching weather for Göncruszka...
2026-07-23 00:58:16,585 - root - INFO - Fetched weather for Göncruszka: 12.6°C, Clouds, humidity: 64%
2026-07-23 00:58:17,686 - root - INFO - [259/1205] Fetching weather for Gönc...
2026-07-23 00:58:17,745 - root - INFO - Fetched weather for Gönc: 12.6°C, Clouds, humidity: 64%
2026-07-23 00:58:18,847 - root - INFO - [260/1205] Fetching weather for Zsujta...
2026-07-23 00:58:18,899 - root - INFO - Fetched weather for Zsujta: 12.6°C, Clouds, humidity: 77%
2026-07-23 00:58:20,001 - root - INFO - [261/1205] Fetching weather for Bodrogkeresztúr...
2026-07-23 00:58:20,050 - root - INFO - Fetched weather for Bodrogkeresztúr: 13.3°C, Clouds, humidity: 58%
2026-07-23 00:58:21,152 - root - INFO - [262/1205] Fetching weather for Szegi...
2026-07-23 00:58:21,205 - root - INFO - Fetched weather for Szegi: 16.9°C, Clouds, humidity: 58%
2026-07-23 00:58:22,307 - root - INFO - [263/1205] Fetching weather for Erdőbénye...
2026-07-23 00:58:22,359 - root - INFO - Fetched weather for Erdőbénye: 16.8°C, Clouds, humidity: 58%
2026-07-23 00:58:23,460 - root - INFO - [264/1205] Fetching weather for Olaszliszka-Tolcsva...
2026-07-23 00:58:23,514 - root - INFO - Fetched weather for Olaszliszka-Tolcsva: 16.9°C, Clouds, humidity: 59%
2026-07-23 00:58:24,615 - root - INFO - [265/1205] Fetching weather for Bodrogolaszi...
2026-07-23 00:58:24,672 - root - INFO - Fetched weather for Bodrogolaszi: 16.8°C, Clouds, humidity: 65%
2026-07-23 00:58:25,773 - root - INFO - [266/1205] Fetching weather for Sárospatak...
2026-07-23 00:58:25,830 - root - INFO - Fetched weather for Sárospatak: 16.8°C, Clouds, humidity: 65%
2026-07-23 00:58:26,931 - root - INFO - [267/1205] Fetching weather for Sátoraljaújhely...
2026-07-23 00:58:26,988 - root - INFO - Fetched weather for Sátoraljaújhely: 16.8°C, Clouds, humidity: 65%
2026-07-23 00:58:28,090 - root - INFO - [268/1205] Fetching weather for Vecsés...
2026-07-23 00:58:28,153 - root - INFO - Fetched weather for Vecsés: 17.8°C, Clouds, humidity: 44%
2026-07-23 00:58:29,255 - root - INFO - [269/1205] Fetching weather for Vecsés-Kertekalja...
2026-07-23 00:58:29,301 - root - INFO - Fetched weather for Vecsés-Kertekalja: 17.8°C, Clouds, humidity: 43%
2026-07-23 00:58:30,402 - root - INFO - [270/1205] Fetching weather for Üllő...
2026-07-23 00:58:30,455 - root - INFO - Fetched weather for Üllő: 17.8°C, Clouds, humidity: 43%
2026-07-23 00:58:31,557 - root - INFO - [271/1205] Fetching weather for Monor...
2026-07-23 00:58:31,614 - root - INFO - Fetched weather for Monor: 17.7°C, Clouds, humidity: 43%
2026-07-23 00:58:32,716 - root - INFO - [272/1205] Fetching weather for Pilis...
2026-07-23 00:58:32,768 - root - INFO - Fetched weather for Pilis: 17.7°C, Clouds, humidity: 54%
2026-07-23 00:58:33,870 - root - INFO - [273/1205] Fetching weather for Albertirsa...
2026-07-23 00:58:33,926 - root - INFO - Fetched weather for Albertirsa: 15.2°C, Clouds, humidity: 55%
2026-07-23 00:58:35,028 - root - INFO - [274/1205] Fetching weather for Ceglédbercel-Cserő...
2026-07-23 00:58:35,085 - root - INFO - Fetched weather for Ceglédbercel-Cserő: 15.1°C, Clouds, humidity: 56%
2026-07-23 00:58:36,187 - root - INFO - [275/1205] Fetching weather for Cegléd...
2026-07-23 00:58:36,240 - root - INFO - Fetched weather for Cegléd: 12.1°C, Clouds, humidity: 57%
2026-07-23 00:58:37,341 - root - INFO - [276/1205] Fetching weather for Abony...
2026-07-23 00:58:37,396 - root - INFO - Fetched weather for Abony: 12.2°C, Clouds, humidity: 61%
2026-07-23 00:58:38,498 - root - INFO - [277/1205] Fetching weather for Szolnok...
2026-07-23 00:58:38,550 - root - INFO - Fetched weather for Szolnok: 12.2°C, Clouds, humidity: 61%
2026-07-23 00:58:39,652 - root - INFO - [278/1205] Fetching weather for Szajol...
2026-07-23 00:58:39,703 - root - INFO - Fetched weather for Szajol: 12.2°C, Clouds, humidity: 61%
2026-07-23 00:58:40,805 - root - INFO - [279/1205] Fetching weather for Törökszentmiklós...
2026-07-23 00:58:40,858 - root - INFO - Fetched weather for Törökszentmiklós: 12.2°C, Clouds, humidity: 57%
2026-07-23 00:58:41,959 - root - INFO - [280/1205] Fetching weather for Rákoscsaba-Újtelep...
2026-07-23 00:58:42,021 - root - INFO - Fetched weather for Rákoscsaba-Újtelep: 17.6°C, Clouds, humidity: 45%
2026-07-23 00:58:43,122 - root - INFO - [281/1205] Fetching weather for Rákoscsaba...
2026-07-23 00:58:43,178 - root - INFO - Fetched weather for Rákoscsaba: 17.6°C, Clouds, humidity: 45%
2026-07-23 00:58:44,280 - root - INFO - [282/1205] Fetching weather for Pécel...
2026-07-23 00:58:44,330 - root - INFO - Fetched weather for Pécel: 17.5°C, Clouds, humidity: 43%
2026-07-23 00:58:45,432 - root - INFO - [283/1205] Fetching weather for Isaszeg...
2026-07-23 00:58:45,485 - root - INFO - Fetched weather for Isaszeg: 17.4°C, Clouds, humidity: 43%
2026-07-23 00:58:46,586 - root - INFO - [284/1205] Fetching weather for Gödöllő...
2026-07-23 00:58:46,639 - root - INFO - Fetched weather for Gödöllő: 17.2°C, Clouds, humidity: 43%
2026-07-23 00:58:47,741 - root - INFO - [285/1205] Fetching weather for Máriabesnyő...
2026-07-23 00:58:47,792 - root - INFO - Fetched weather for Máriabesnyő: 17.4°C, Clouds, humidity: 43%
2026-07-23 00:58:48,894 - root - INFO - [286/1205] Fetching weather for Bag...
2026-07-23 00:58:48,950 - root - INFO - Fetched weather for Bag: 17.7°C, Clouds, humidity: 54%
2026-07-23 00:58:50,052 - root - INFO - [287/1205] Fetching weather for Aszód...
2026-07-23 00:58:50,108 - root - INFO - Fetched weather for Aszód: 17.8°C, Clouds, humidity: 54%
2026-07-23 00:58:51,209 - root - INFO - [288/1205] Fetching weather for Hévízgyörk...
2026-07-23 00:58:51,260 - root - INFO - Fetched weather for Hévízgyörk: 17.8°C, Clouds, humidity: 54%
2026-07-23 00:58:52,362 - root - INFO - [289/1205] Fetching weather for Galgahévíz...
2026-07-23 00:58:52,416 - root - INFO - Fetched weather for Galgahévíz: 17.8°C, Clouds, humidity: 55%
2026-07-23 00:58:53,518 - root - INFO - [290/1205] Fetching weather for Tura...
2026-07-23 00:58:53,572 - root - INFO - Fetched weather for Tura: 17.8°C, Clouds, humidity: 55%
2026-07-23 00:58:54,673 - root - INFO - [291/1205] Fetching weather for Hatvan...
2026-07-23 00:58:54,736 - root - INFO - Fetched weather for Hatvan: 15.6°C, Clouds, humidity: 56%
2026-07-23 00:58:55,837 - root - INFO - [292/1205] Fetching weather for Vámosgyörk...
2026-07-23 00:58:55,891 - root - INFO - Fetched weather for Vámosgyörk: 15.2°C, Clouds, humidity: 57%
2026-07-23 00:58:56,993 - root - INFO - [293/1205] Fetching weather for Adács...
2026-07-23 00:58:57,048 - root - INFO - Fetched weather for Adács: 15.2°C, Clouds, humidity: 57%
2026-07-23 00:58:58,149 - root - INFO - [294/1205] Fetching weather for Karácsond...
2026-07-23 00:58:58,210 - root - INFO - Fetched weather for Karácsond: 15.1°C, Clouds, humidity: 58%
2026-07-23 00:58:59,311 - root - INFO - [295/1205] Fetching weather for Ludas...
2026-07-23 00:58:59,369 - root - INFO - Fetched weather for Ludas: 15.1°C, Clouds, humidity: 58%
2026-07-23 00:59:00,471 - root - INFO - [296/1205] Fetching weather for Nagyút...
2026-07-23 00:59:00,523 - root - INFO - Fetched weather for Nagyút: 15.1°C, Clouds, humidity: 58%
2026-07-23 00:59:01,625 - root - INFO - [297/1205] Fetching weather for Kál-Kápolna...
2026-07-23 00:59:01,676 - root - INFO - Fetched weather for Kál-Kápolna: 14.9°C, Clouds, humidity: 59%
2026-07-23 00:59:02,777 - root - INFO - [298/1205] Fetching weather for Füzesabony...
2026-07-23 00:59:02,828 - root - INFO - Fetched weather for Füzesabony: 14.9°C, Clouds, humidity: 60%
2026-07-23 00:59:03,929 - root - INFO - [299/1205] Fetching weather for Szihalom...
2026-07-23 00:59:03,983 - root - INFO - Fetched weather for Szihalom: 14.8°C, Clouds, humidity: 60%
2026-07-23 00:59:05,084 - root - INFO - [300/1205] Fetching weather for Mezőkövesd...
2026-07-23 00:59:05,135 - root - INFO - Fetched weather for Mezőkövesd: 14.8°C, Clouds, humidity: 61%
2026-07-23 00:59:06,237 - root - INFO - [301/1205] Fetching weather for Mezőkövesd felső...
2026-07-23 00:59:06,288 - root - INFO - Fetched weather for Mezőkövesd felső: 16.9°C, Clouds, humidity: 61%
2026-07-23 00:59:07,390 - root - INFO - [302/1205] Fetching weather for Mezőkeresztes-Mezőnyárád...
2026-07-23 00:59:07,443 - root - INFO - Fetched weather for Mezőkeresztes-Mezőnyárád: 16.9°C, Clouds, humidity: 61%
2026-07-23 00:59:08,545 - root - INFO - [303/1205] Fetching weather for Csincse...
2026-07-23 00:59:08,609 - root - INFO - Fetched weather for Csincse: 17.0°C, Clouds, humidity: 60%
2026-07-23 00:59:09,710 - root - INFO - [304/1205] Fetching weather for Emőd...
2026-07-23 00:59:09,764 - root - INFO - Fetched weather for Emőd: 17.0°C, Clouds, humidity: 70%
2026-07-23 00:59:10,865 - root - INFO - [305/1205] Fetching weather for Nyékládháza...
2026-07-23 00:59:10,917 - root - INFO - Fetched weather for Nyékládháza: 17.0°C, Clouds, humidity: 70%
2026-07-23 00:59:12,018 - root - INFO - [306/1205] Fetching weather for Miskolc-Tiszai...
2026-07-23 00:59:12,071 - root - INFO - Fetched weather for Miskolc-Tiszai: 16.9°C, Clouds, humidity: 70%
2026-07-23 00:59:13,173 - root - INFO - [307/1205] Fetching weather for Felsőzsolca...
2026-07-23 00:59:13,224 - root - INFO - Fetched weather for Felsőzsolca: 16.9°C, Clouds, humidity: 70%
2026-07-23 00:59:14,326 - root - INFO - [308/1205] Fetching weather for Hernádnémeti-Bőcs...
2026-07-23 00:59:14,382 - root - INFO - Fetched weather for Hernádnémeti-Bőcs: 16.9°C, Clouds, humidity: 57%
2026-07-23 00:59:15,484 - root - INFO - [309/1205] Fetching weather for Tiszalúc...
2026-07-23 00:59:15,544 - root - INFO - Fetched weather for Tiszalúc: 17.0°C, Clouds, humidity: 57%
2026-07-23 00:59:16,645 - root - INFO - [310/1205] Fetching weather for Taktaharkány...
2026-07-23 00:59:16,701 - root - INFO - Fetched weather for Taktaharkány: 14.6°C, Clouds, humidity: 57%
2026-07-23 00:59:17,802 - root - INFO - [311/1205] Fetching weather for Taktaszada...
2026-07-23 00:59:17,853 - root - INFO - Fetched weather for Taktaszada: 14.5°C, Clouds, humidity: 58%
2026-07-23 00:59:18,954 - root - INFO - [312/1205] Fetching weather for Szerencs...
2026-07-23 00:59:19,008 - root - INFO - Fetched weather for Szerencs: 14.3°C, Clouds, humidity: 58%
2026-07-23 00:59:20,110 - root - INFO - [313/1205] Fetching weather for Mezőzombor...
2026-07-23 00:59:20,165 - root - INFO - Fetched weather for Mezőzombor: 14.2°C, Clouds, humidity: 58%
2026-07-23 00:59:21,267 - root - INFO - [314/1205] Fetching weather for Tarcal...
2026-07-23 00:59:21,324 - root - INFO - Fetched weather for Tarcal: 14.3°C, Clouds, humidity: 57%
2026-07-23 00:59:22,425 - root - INFO - [315/1205] Fetching weather for Tokaj...
2026-07-23 00:59:22,478 - root - INFO - Fetched weather for Tokaj: 13.7°C, Clouds, humidity: 56%
2026-07-23 00:59:23,579 - root - INFO - [316/1205] Fetching weather for Rakamaz...
2026-07-23 00:59:23,647 - root - INFO - Fetched weather for Rakamaz: 14.1°C, Clouds, humidity: 56%
2026-07-23 00:59:24,749 - root - INFO - [317/1205] Fetching weather for Görögszállás...
2026-07-23 00:59:24,804 - root - INFO - Fetched weather for Görögszállás: 14.3°C, Clouds, humidity: 54%
2026-07-23 00:59:25,905 - root - INFO - [318/1205] Fetching weather for Nyírtelek...
2026-07-23 00:59:25,961 - root - INFO - Fetched weather for Nyírtelek: 14.3°C, Clouds, humidity: 53%
2026-07-23 00:59:27,062 - root - INFO - [319/1205] Fetching weather for Rákoshegy...
2026-07-23 00:59:27,115 - root - INFO - Fetched weather for Rákoshegy: 17.6°C, Clouds, humidity: 46%
2026-07-23 00:59:28,216 - root - INFO - [320/1205] Fetching weather for Ecser...
2026-07-23 00:59:28,266 - root - INFO - Fetched weather for Ecser: 17.6°C, Clouds, humidity: 44%
2026-07-23 00:59:29,367 - root - INFO - [321/1205] Fetching weather for Maglód...
2026-07-23 00:59:29,417 - root - INFO - Fetched weather for Maglód: 17.6°C, Clouds, humidity: 44%
2026-07-23 00:59:30,519 - root - INFO - [322/1205] Fetching weather for Maglódi nyaraló...
2026-07-23 00:59:30,576 - root - INFO - Fetched weather for Maglódi nyaraló: 17.5°C, Clouds, humidity: 44%
2026-07-23 00:59:31,677 - root - INFO - [323/1205] Fetching weather for Gyömrő...
2026-07-23 00:59:31,730 - root - INFO - Fetched weather for Gyömrő: 17.5°C, Clouds, humidity: 44%
2026-07-23 00:59:32,831 - root - INFO - [324/1205] Fetching weather for Mende...
2026-07-23 00:59:32,890 - root - INFO - Fetched weather for Mende: 17.4°C, Clouds, humidity: 44%
2026-07-23 00:59:33,992 - root - INFO - [325/1205] Fetching weather for Szőlősnyaraló...
2026-07-23 00:59:34,049 - root - INFO - Fetched weather for Szőlősnyaraló: 17.7°C, Clouds, humidity: 44%
2026-07-23 00:59:35,150 - root - INFO - [326/1205] Fetching weather for Sülysáp...
2026-07-23 00:59:35,202 - root - INFO - Fetched weather for Sülysáp: 17.6°C, Clouds, humidity: 44%
2026-07-23 00:59:36,304 - root - INFO - [327/1205] Fetching weather for Tápiószecső...
2026-07-23 00:59:36,374 - root - INFO - Fetched weather for Tápiószecső: 17.8°C, Clouds, humidity: 55%
2026-07-23 00:59:37,475 - root - INFO - [328/1205] Fetching weather for Szentmártonkáta...
2026-07-23 00:59:37,528 - root - INFO - Fetched weather for Szentmártonkáta: 17.8°C, Clouds, humidity: 56%
2026-07-23 00:59:38,629 - root - INFO - [329/1205] Fetching weather for Nagykáta...
2026-07-23 00:59:38,686 - root - INFO - Fetched weather for Nagykáta: 15.2°C, Clouds, humidity: 57%
2026-07-23 00:59:39,787 - root - INFO - [330/1205] Fetching weather for Farmos...
2026-07-23 00:59:39,841 - root - INFO - Fetched weather for Farmos: 14.6°C, Clouds, humidity: 59%
2026-07-23 00:59:40,942 - root - INFO - [331/1205] Fetching weather for Tápiószele...
2026-07-23 00:59:41,003 - root - INFO - Fetched weather for Tápiószele: 14.4°C, Clouds, humidity: 59%
2026-07-23 00:59:42,104 - root - INFO - [332/1205] Fetching weather for Tápiógyörgye...
2026-07-23 00:59:42,158 - root - INFO - Fetched weather for Tápiógyörgye: 12.2°C, Clouds, humidity: 59%
2026-07-23 00:59:43,260 - root - INFO - [333/1205] Fetching weather for Újszász...
2026-07-23 00:59:43,327 - root - INFO - Fetched weather for Újszász: 12.2°C, Clouds, humidity: 58%
2026-07-23 00:59:44,428 - root - INFO - [334/1205] Fetching weather for Szurdokpüspöki...
2026-07-23 00:59:44,481 - root - INFO - Fetched weather for Szurdokpüspöki: 15.3°C, Clouds, humidity: 58%
2026-07-23 00:59:45,582 - root - INFO - [335/1205] Fetching weather for Lőrinci...
2026-07-23 00:59:45,640 - root - INFO - Fetched weather for Lőrinci: 15.5°C, Clouds, humidity: 56%
2026-07-23 00:59:46,742 - root - INFO - [336/1205] Fetching weather for Selyp...
2026-07-23 00:59:46,792 - root - INFO - Fetched weather for Selyp: 15.4°C, Clouds, humidity: 57%
2026-07-23 00:59:47,893 - root - INFO - [337/1205] Fetching weather for Apc-Zagyvaszántó...
2026-07-23 00:59:47,945 - root - INFO - Fetched weather for Apc-Zagyvaszántó: 15.4°C, Clouds, humidity: 57%
2026-07-23 00:59:49,047 - root - INFO - [338/1205] Fetching weather for Pásztó...
2026-07-23 00:59:49,250 - root - INFO - Fetched weather for Pásztó: 15.1°C, Clouds, humidity: 59%
2026-07-23 00:59:50,351 - root - INFO - [339/1205] Fetching weather for Mátraszőlős-Hasznos...
2026-07-23 00:59:50,403 - root - INFO - Fetched weather for Mátraszőlős-Hasznos: 15.0°C, Clouds, humidity: 60%
2026-07-23 00:59:51,505 - root - INFO - [340/1205] Fetching weather for Tar...
2026-07-23 00:59:51,562 - root - INFO - Fetched weather for Tar: 14.6°C, Clouds, humidity: 60%
2026-07-23 00:59:52,663 - root - INFO - [341/1205] Fetching weather for Mátraverebély...
2026-07-23 00:59:52,725 - root - INFO - Fetched weather for Mátraverebély: 15.1°C, Clouds, humidity: 60%
2026-07-23 00:59:53,826 - root - INFO - [342/1205] Fetching weather for Nagybátony...
2026-07-23 00:59:53,879 - root - INFO - Fetched weather for Nagybátony: 15.3°C, Clouds, humidity: 61%
2026-07-23 00:59:54,980 - root - INFO - [343/1205] Fetching weather for Kisterenye...
2026-07-23 00:59:55,033 - root - INFO - Fetched weather for Kisterenye: 15.3°C, Clouds, humidity: 61%
2026-07-23 00:59:56,134 - root - INFO - [344/1205] Fetching weather for Kisterenye-Bányatelep...
2026-07-23 00:59:56,192 - root - INFO - Fetched weather for Kisterenye-Bányatelep: 15.3°C, Clouds, humidity: 61%
2026-07-23 00:59:57,293 - root - INFO - [345/1205] Fetching weather for Salgótarján külső...
2026-07-23 00:59:57,345 - root - INFO - Fetched weather for Salgótarján külső: 15.0°C, Clouds, humidity: 63%
2026-07-23 00:59:58,446 - root - INFO - [346/1205] Fetching weather for Balatonfenyves GV...
2026-07-23 00:59:58,501 - root - INFO - Fetched weather for Balatonfenyves GV: 17.1°C, Clouds, humidity: 51%
2026-07-23 00:59:59,602 - root - INFO - [347/1205] Fetching weather for Várhegyalja...
2026-07-23 00:59:59,669 - root - INFO - Fetched weather for Várhegyalja: 16.5°C, Clouds, humidity: 60%
2026-07-23 01:00:00,771 - root - INFO - [348/1205] Fetching weather for Imremajor...
2026-07-23 01:00:00,832 - root - INFO - Fetched weather for Imremajor: 17.1°C, Clouds, humidity: 51%
2026-07-23 01:00:01,934 - root - INFO - [349/1205] Fetching weather for Rákospalota-Kertváros...
2026-07-23 01:00:02,027 - root - INFO - Fetched weather for Rákospalota-Kertváros: 17.2°C, Clouds, humidity: 53%
2026-07-23 01:00:03,128 - root - INFO - [350/1205] Fetching weather for Vicziántelep...
2026-07-23 01:00:03,194 - root - INFO - Fetched weather for Vicziántelep: 17.3°C, Clouds, humidity: 54%
2026-07-23 01:00:04,295 - root - INFO - [351/1205] Fetching weather for Pálmajor...
2026-07-23 01:00:04,355 - root - INFO - Fetched weather for Pálmajor: 17.0°C, Clouds, humidity: 51%
2026-07-23 01:00:05,457 - root - INFO - [352/1205] Fetching weather for Somogyszentpál felső...
2026-07-23 01:00:05,511 - root - INFO - Fetched weather for Somogyszentpál felső: 17.0°C, Clouds, humidity: 51%
2026-07-23 01:00:06,613 - root - INFO - [353/1205] Fetching weather for Somogyszentpál...
2026-07-23 01:00:06,660 - root - INFO - Fetched weather for Somogyszentpál: 16.9°C, Clouds, humidity: 51%
2026-07-23 01:00:07,762 - root - INFO - [354/1205] Fetching weather for Rudnaykert...
2026-07-23 01:00:07,821 - root - INFO - Fetched weather for Rudnaykert: 17.7°C, Clouds, humidity: 56%
2026-07-23 01:00:08,923 - root - INFO - [355/1205] Fetching weather for Maroshegy...
2026-07-23 01:00:08,981 - root - INFO - Fetched weather for Maroshegy: 16.4°C, Clouds, humidity: 54%
2026-07-23 01:00:10,082 - root - INFO - [356/1205] Fetching weather for Bánhida...
2026-07-23 01:00:10,134 - root - INFO - Fetched weather for Bánhida: 16.3°C, Clouds, humidity: 59%
2026-07-23 01:00:11,236 - root - INFO - [357/1205] Fetching weather for Magyarkút...
2026-07-23 01:00:11,285 - root - INFO - Fetched weather for Magyarkút: 15.3°C, Clouds, humidity: 60%
2026-07-23 01:00:12,386 - root - INFO - [358/1205] Fetching weather for Becske alsó...
2026-07-23 01:00:12,441 - root - INFO - Fetched weather for Becske alsó: 14.5°C, Clouds, humidity: 60%
2026-07-23 01:00:13,543 - root - INFO - [359/1205] Fetching weather for Hosszúberek-Péteri...
2026-07-23 01:00:13,599 - root - INFO - Fetched weather for Hosszúberek-Péteri: 17.8°C, Clouds, humidity: 44%
2026-07-23 01:00:14,700 - root - INFO - [360/1205] Fetching weather for Monorierdő...
2026-07-23 01:00:14,758 - root - INFO - Fetched weather for Monorierdő: 17.6°C, Clouds, humidity: 53%
2026-07-23 01:00:15,859 - root - INFO - [361/1205] Fetching weather for Ceglédbercel...
2026-07-23 01:00:15,915 - root - INFO - Fetched weather for Ceglédbercel: 15.1°C, Clouds, humidity: 56%
2026-07-23 01:00:17,016 - root - INFO - [362/1205] Fetching weather for Budai út...
2026-07-23 01:00:17,067 - root - INFO - Fetched weather for Budai út: 14.9°C, Clouds, humidity: 57%
2026-07-23 01:00:18,169 - root - INFO - [363/1205] Fetching weather for Büdöskútpuszta...
2026-07-23 01:00:18,229 - root - INFO - Fetched weather for Büdöskútpuszta: 14.6°C, Clear, humidity: 63%
2026-07-23 01:00:19,330 - root - INFO - [364/1205] Fetching weather for Bánrévei Vízmű...
2026-07-23 01:00:19,386 - root - INFO - Fetched weather for Bánrévei Vízmű: 17.8°C, Clouds, humidity: 62%
2026-07-23 01:00:20,488 - root - INFO - [365/1205] Fetching weather for Rákoskert...
2026-07-23 01:00:20,549 - root - INFO - Fetched weather for Rákoskert: 17.5°C, Clouds, humidity: 45%
2026-07-23 01:00:21,651 - root - INFO - [366/1205] Fetching weather for Szirmabesenyő...
2026-07-23 01:00:21,706 - root - INFO - Fetched weather for Szirmabesenyő: 16.9°C, Clouds, humidity: 70%
2026-07-23 01:00:22,808 - root - INFO - [367/1205] Fetching weather for Kitérőgyár...
2026-07-23 01:00:22,858 - root - INFO - Fetched weather for Kitérőgyár: 15.0°C, Clouds, humidity: 57%
2026-07-23 01:00:23,959 - root - INFO - [368/1205] Fetching weather for Tápiószentmárton...
2026-07-23 01:00:24,020 - root - INFO - Fetched weather for Tápiószentmárton: 14.7°C, Clouds, humidity: 58%
2026-07-23 01:00:25,121 - root - INFO - [369/1205] Fetching weather for Zagyvarékas...
2026-07-23 01:00:25,171 - root - INFO - Fetched weather for Zagyvarékas: 12.2°C, Clouds, humidity: 61%
2026-07-23 01:00:26,273 - root - INFO - [370/1205] Fetching weather for Abonyi út...
2026-07-23 01:00:26,332 - root - INFO - Fetched weather for Abonyi út: 12.2°C, Clouds, humidity: 61%
2026-07-23 01:00:27,434 - root - INFO - [371/1205] Fetching weather for Jászkisér felső...
2026-07-23 01:00:27,485 - root - INFO - Fetched weather for Jászkisér felső: 14.9°C, Clouds, humidity: 59%
2026-07-23 01:00:28,586 - root - INFO - [372/1205] Fetching weather for Szellőhát...
2026-07-23 01:00:28,637 - root - INFO - Fetched weather for Szellőhát: 14.9°C, Clouds, humidity: 59%
2026-07-23 01:00:29,738 - root - INFO - [373/1205] Fetching weather for Szilvásvárad-Szalajkavölgy...
2026-07-23 01:00:29,790 - root - INFO - Fetched weather for Szilvásvárad-Szalajkavölgy: 16.2°C, Clouds, humidity: 49%
2026-07-23 01:00:30,892 - root - INFO - [374/1205] Fetching weather for Vásárosnamény külső...
2026-07-23 01:00:30,955 - root - INFO - Fetched weather for Vásárosnamény külső: 14.2°C, Clouds, humidity: 58%
2026-07-23 01:00:32,057 - root - INFO - [375/1205] Fetching weather for Újváros...
2026-07-23 01:00:32,121 - root - INFO - Fetched weather for Újváros: 17.8°C, Clear, humidity: 45%
2026-07-23 01:00:33,223 - root - INFO - [376/1205] Fetching weather for Városi park...
2026-07-23 01:00:33,379 - root - INFO - Fetched weather for Városi park: 16.1°C, Clouds, humidity: 42%
2026-07-23 01:00:34,481 - root - INFO - [377/1205] Fetching weather for Belsőkamaráspuszta...
2026-07-23 01:00:34,680 - root - INFO - Fetched weather for Belsőkamaráspuszta: 14.9°C, Clouds, humidity: 62%
2026-07-23 01:00:35,781 - root - INFO - [378/1205] Fetching weather for Sajószöged...
2026-07-23 01:00:36,002 - root - INFO - Fetched weather for Sajószöged: 17.1°C, Clouds, humidity: 57%
2026-07-23 01:00:37,104 - root - INFO - [379/1205] Fetching weather for Kazincbarcika alsó...
2026-07-23 01:00:37,489 - root - INFO - Fetched weather for Kazincbarcika alsó: 16.8°C, Clouds, humidity: 60%
2026-07-23 01:00:38,591 - root - INFO - [380/1205] Fetching weather for Nyárjas...
2026-07-23 01:00:39,037 - root - INFO - Fetched weather for Nyárjas: 16.1°C, Clouds, humidity: 42%
2026-07-23 01:00:40,139 - root - INFO - [381/1205] Fetching weather for Pogonyipuszta...
2026-07-23 01:00:40,364 - root - INFO - Fetched weather for Pogonyipuszta: 11.3°C, Clouds, humidity: 56%
2026-07-23 01:00:41,465 - root - INFO - [382/1205] Fetching weather for Sióvölgy...
2026-07-23 01:00:42,094 - root - INFO - Fetched weather for Sióvölgy: 18.3°C, Clouds, humidity: 79%
2026-07-23 01:00:43,195 - root - INFO - [383/1205] Fetching weather for Répáspuszta...
2026-07-23 01:00:43,447 - root - INFO - Fetched weather for Répáspuszta: 16.3°C, Clouds, humidity: 51%
2026-07-23 01:00:44,548 - root - INFO - [384/1205] Fetching weather for Virányos...
2026-07-23 01:00:44,599 - root - INFO - Fetched weather for Virányos: 14.2°C, Clouds, humidity: 54%
2026-07-23 01:00:45,701 - root - INFO - [385/1205] Fetching weather for Füzesbokor...
2026-07-23 01:00:46,091 - root - INFO - Fetched weather for Füzesbokor: 14.3°C, Clouds, humidity: 52%
2026-07-23 01:00:47,193 - root - INFO - [386/1205] Fetching weather for Kunfehértó...
2026-07-23 01:00:47,354 - root - INFO - Fetched weather for Kunfehértó: 14.9°C, Clear, humidity: 54%
2026-07-23 01:00:48,455 - root - INFO - [387/1205] Fetching weather for Erdőszél...
2026-07-23 01:00:48,584 - root - INFO - Fetched weather for Erdőszél: 14.8°C, Clear, humidity: 54%
2026-07-23 01:00:49,686 - root - INFO - [388/1205] Fetching weather for Jánoshalma...
2026-07-23 01:00:49,919 - root - INFO - Fetched weather for Jánoshalma: 14.9°C, Clear, humidity: 55%
2026-07-23 01:00:51,021 - root - INFO - [389/1205] Fetching weather for Mélykút...
2026-07-23 01:00:51,567 - root - INFO - Fetched weather for Mélykút: 14.9°C, Clear, humidity: 55%
2026-07-23 01:00:52,668 - root - INFO - [390/1205] Fetching weather for Bácsalmás...
2026-07-23 01:00:52,740 - root - INFO - Fetched weather for Bácsalmás: 14.9°C, Clear, humidity: 56%
2026-07-23 01:00:53,841 - root - INFO - [391/1205] Fetching weather for Almás...
2026-07-23 01:00:54,328 - root - INFO - Fetched weather for Almás: 15.0°C, Clear, humidity: 56%
2026-07-23 01:00:55,430 - root - INFO - [392/1205] Fetching weather for Bácsbokod-Bácsborsód...
2026-07-23 01:00:55,638 - root - INFO - Fetched weather for Bácsbokod-Bácsborsód: 14.7°C, Clear, humidity: 57%
2026-07-23 01:00:56,740 - root - INFO - [393/1205] Fetching weather for Baja...
2026-07-23 01:00:56,794 - root - INFO - Fetched weather for Baja: 15.0°C, Clear, humidity: 58%
2026-07-23 01:00:57,896 - root - INFO - [394/1205] Fetching weather for Harkakötöny...
2026-07-23 01:00:58,286 - root - INFO - Fetched weather for Harkakötöny: 13.7°C, Clouds, humidity: 54%
2026-07-23 01:00:59,388 - root - INFO - [395/1205] Fetching weather for Tajó...
2026-07-23 01:00:59,611 - root - INFO - Fetched weather for Tajó: 13.8°C, Clouds, humidity: 54%
2026-07-23 01:01:00,712 - root - INFO - [396/1205] Fetching weather for Kiskunmajsa...
2026-07-23 01:01:00,883 - root - INFO - Fetched weather for Kiskunmajsa: 13.8°C, Clouds, humidity: 54%
2026-07-23 01:01:01,985 - root - INFO - [397/1205] Fetching weather for Jászszentlászló...
2026-07-23 01:01:02,043 - root - INFO - Fetched weather for Jászszentlászló: 16.1°C, Clouds, humidity: 42%
2026-07-23 01:01:03,144 - root - INFO - [398/1205] Fetching weather for Galambos...
2026-07-23 01:01:03,212 - root - INFO - Fetched weather for Galambos: 16.1°C, Clouds, humidity: 42%
2026-07-23 01:01:04,314 - root - INFO - [399/1205] Fetching weather for Pestszentimre...
2026-07-23 01:01:04,440 - root - INFO - Fetched weather for Pestszentimre: 17.8°C, Clouds, humidity: 45%
2026-07-23 01:01:05,542 - root - INFO - [400/1205] Fetching weather for Gyál felső...
2026-07-23 01:01:05,605 - root - INFO - Fetched weather for Gyál felső: 17.8°C, Clouds, humidity: 45%
2026-07-23 01:01:06,707 - root - INFO - [401/1205] Fetching weather for Gyál...
2026-07-23 01:01:06,764 - root - INFO - Fetched weather for Gyál: 17.8°C, Clouds, humidity: 45%
2026-07-23 01:01:07,866 - root - INFO - [402/1205] Fetching weather for Ócsa...
2026-07-23 01:01:07,923 - root - INFO - Fetched weather for Ócsa: 17.8°C, Clouds, humidity: 44%
2026-07-23 01:01:09,025 - root - INFO - [403/1205] Fetching weather for Inárcs-Kakucs...
2026-07-23 01:01:09,081 - root - INFO - Fetched weather for Inárcs-Kakucs: 17.9°C, Clouds, humidity: 52%
2026-07-23 01:01:10,182 - root - INFO - [404/1205] Fetching weather for Dabas...
2026-07-23 01:01:10,239 - root - INFO - Fetched weather for Dabas: 15.9°C, Clouds, humidity: 53%
2026-07-23 01:01:11,341 - root - INFO - [405/1205] Fetching weather for Gyón...
2026-07-23 01:01:11,408 - root - INFO - Fetched weather for Gyón: 15.8°C, Clouds, humidity: 54%
2026-07-23 01:01:12,510 - root - INFO - [406/1205] Fetching weather for Hernád...
2026-07-23 01:01:12,561 - root - INFO - Fetched weather for Hernád: 15.6°C, Clouds, humidity: 54%
2026-07-23 01:01:13,663 - root - INFO - [407/1205] Fetching weather for Bakonygyirót...
2026-07-23 01:01:13,719 - root - INFO - Fetched weather for Bakonygyirót: 16.9°C, Clouds, humidity: 52%
2026-07-23 01:01:14,821 - root - INFO - [408/1205] Fetching weather for Vinye...
2026-07-23 01:01:14,873 - root - INFO - Fetched weather for Vinye: 16.4°C, Clouds, humidity: 52%
2026-07-23 01:01:15,974 - root - INFO - [409/1205] Fetching weather for Nemesgörzsöny...
2026-07-23 01:01:16,032 - root - INFO - Fetched weather for Nemesgörzsöny: 17.4°C, Clouds, humidity: 53%
2026-07-23 01:01:17,133 - root - INFO - [410/1205] Fetching weather for Rábahíd...
2026-07-23 01:01:17,198 - root - INFO - Fetched weather for Rábahíd: 17.4°C, Clouds, humidity: 53%
2026-07-23 01:01:18,300 - root - INFO - [411/1205] Fetching weather for Öskü...
2026-07-23 01:01:18,351 - root - INFO - Fetched weather for Öskü: 18.0°C, Clouds, humidity: 50%
2026-07-23 01:01:19,452 - root - INFO - [412/1205] Fetching weather for Márkó...
2026-07-23 01:01:19,502 - root - INFO - Fetched weather for Márkó: 18.2°C, Clouds, humidity: 50%
2026-07-23 01:01:20,603 - root - INFO - [413/1205] Fetching weather for Nemeskocs...
2026-07-23 01:01:20,671 - root - INFO - Fetched weather for Nemeskocs: 17.2°C, Clouds, humidity: 54%
2026-07-23 01:01:21,772 - root - INFO - [414/1205] Fetching weather for Zalagyömörő...
2026-07-23 01:01:21,830 - root - INFO - Fetched weather for Zalagyömörő: 17.1°C, Clouds, humidity: 53%
2026-07-23 01:01:22,931 - root - INFO - [415/1205] Fetching weather for Rigács...
2026-07-23 01:01:22,984 - root - INFO - Fetched weather for Rigács: 17.0°C, Clouds, humidity: 53%
2026-07-23 01:01:24,086 - root - INFO - [416/1205] Fetching weather for Kemenespálfa...
2026-07-23 01:01:24,140 - root - INFO - Fetched weather for Kemenespálfa: 17.1°C, Clouds, humidity: 54%
2026-07-23 01:01:25,242 - root - INFO - [417/1205] Fetching weather for Lentiszombathely...
2026-07-23 01:01:25,300 - root - INFO - Fetched weather for Lentiszombathely: 16.4°C, Clouds, humidity: 62%
2026-07-23 01:01:26,402 - root - INFO - [418/1205] Fetching weather for Ortaháza...
2026-07-23 01:01:26,454 - root - INFO - Fetched weather for Ortaháza: 16.2°C, Clouds, humidity: 61%
2026-07-23 01:01:27,556 - root - INFO - [419/1205] Fetching weather for Rádiháza...
2026-07-23 01:01:27,608 - root - INFO - Fetched weather for Rádiháza: 16.2°C, Clouds, humidity: 60%
2026-07-23 01:01:28,709 - root - INFO - [420/1205] Fetching weather for Baktüttös...
2026-07-23 01:01:28,771 - root - INFO - Fetched weather for Baktüttös: 16.4°C, Clouds, humidity: 59%
2026-07-23 01:01:29,872 - root - INFO - [421/1205] Fetching weather for Budafa...
2026-07-23 01:01:29,926 - root - INFO - Fetched weather for Budafa: 16.5°C, Clouds, humidity: 64%
2026-07-23 01:01:31,028 - root - INFO - [422/1205] Fetching weather for Zalapatakalja...
2026-07-23 01:01:31,093 - root - INFO - Fetched weather for Zalapatakalja: 16.4°C, Clouds, humidity: 64%
2026-07-23 01:01:32,194 - root - INFO - [423/1205] Fetching weather for Tormásliget...
2026-07-23 01:01:32,257 - root - INFO - Fetched weather for Tormásliget: 17.1°C, Clouds, humidity: 57%
2026-07-23 01:01:33,358 - root - INFO - [424/1205] Fetching weather for Belecska...
2026-07-23 01:01:33,523 - root - INFO - Fetched weather for Belecska: 15.8°C, Clear, humidity: 56%
2026-07-23 01:01:34,625 - root - INFO - [425/1205] Fetching weather for Almár...
2026-07-23 01:01:34,677 - root - INFO - Fetched weather for Almár: 16.9°C, Clouds, humidity: 46%
2026-07-23 01:01:35,778 - root - INFO - [426/1205] Fetching weather for Vasútmúzeum...
2026-07-23 01:01:35,835 - root - INFO - Fetched weather for Vasútmúzeum: 17.2°C, Clouds, humidity: 52%
2026-07-23 01:01:36,936 - root - INFO - [427/1205] Fetching weather for Abda...
2026-07-23 01:01:37,092 - root - INFO - Fetched weather for Abda: 17.6°C, Clouds, humidity: 54%
2026-07-23 01:01:38,194 - root - INFO - [428/1205] Fetching weather for Vadaspark...
2026-07-23 01:01:38,355 - root - INFO - Fetched weather for Vadaspark: 15.6°C, Clouds, humidity: 51%
2026-07-23 01:01:39,457 - root - INFO - [429/1205] Fetching weather for Barosstelep...
2026-07-23 01:01:39,884 - root - INFO - Fetched weather for Barosstelep: 17.5°C, Clouds, humidity: 50%
2026-07-23 01:01:40,985 - root - INFO - [430/1205] Fetching weather for Fegyvernek-Örményes...
2026-07-23 01:01:41,232 - root - INFO - Fetched weather for Fegyvernek-Örményes: 14.6°C, Clouds, humidity: 57%
2026-07-23 01:01:42,333 - root - INFO - [431/1205] Fetching weather for Zagyvapálfalva...
2026-07-23 01:01:42,492 - root - INFO - Fetched weather for Zagyvapálfalva: 15.0°C, Clouds, humidity: 62%
2026-07-23 01:01:43,594 - root - INFO - [432/1205] Fetching weather for Salgótarján...
2026-07-23 01:01:43,769 - root - INFO - Fetched weather for Salgótarján: 14.9°C, Clouds, humidity: 63%
2026-07-23 01:01:44,870 - root - INFO - [433/1205] Fetching weather for Szabadisóstó...
2026-07-23 01:01:45,040 - root - INFO - Fetched weather for Szabadisóstó: 18.3°C, Clouds, humidity: 79%
2026-07-23 01:01:46,142 - root - INFO - [434/1205] Fetching weather for Siófok...
2026-07-23 01:01:46,201 - root - INFO - Fetched weather for Siófok: 18.3°C, Clouds, humidity: 79%
2026-07-23 01:01:47,302 - root - INFO - [435/1205] Fetching weather for Balatonszéplak felső...
2026-07-23 01:01:47,534 - root - INFO - Fetched weather for Balatonszéplak felső: 18.3°C, Clouds, humidity: 79%
2026-07-23 01:01:48,635 - root - INFO - [436/1205] Fetching weather for Balatonszéplak alsó...
2026-07-23 01:01:48,837 - root - INFO - Fetched weather for Balatonszéplak alsó: 18.3°C, Clouds, humidity: 79%
2026-07-23 01:01:49,938 - root - INFO - [437/1205] Fetching weather for Zamárdi felső...
2026-07-23 01:01:49,998 - root - INFO - Fetched weather for Zamárdi felső: 19.4°C, Clouds, humidity: 33%
2026-07-23 01:01:51,099 - root - INFO - [438/1205] Fetching weather for Zamárdi...
2026-07-23 01:01:51,152 - root - INFO - Fetched weather for Zamárdi: 19.3°C, Clouds, humidity: 33%
2026-07-23 01:01:52,254 - root - INFO - [439/1205] Fetching weather for Szántód...
2026-07-23 01:01:52,304 - root - INFO - Fetched weather for Szántód: 19.4°C, Clouds, humidity: 33%
2026-07-23 01:01:53,406 - root - INFO - [440/1205] Fetching weather for Szőny-Déli...
2026-07-23 01:01:53,458 - root - INFO - Fetched weather for Szőny-Déli: 17.3°C, Clouds, humidity: 58%
2026-07-23 01:01:54,560 - root - INFO - [441/1205] Fetching weather for Várpalota...
2026-07-23 01:01:54,611 - root - INFO - Fetched weather for Várpalota: 16.3°C, Clouds, humidity: 51%
2026-07-23 01:01:55,713 - root - INFO - [442/1205] Fetching weather for Pétfürdő...
2026-07-23 01:01:55,765 - root - INFO - Fetched weather for Pétfürdő: 18.1°C, Clouds, humidity: 50%
2026-07-23 01:01:56,867 - root - INFO - [443/1205] Fetching weather for Hajmáskér...
2026-07-23 01:01:57,034 - root - INFO - Fetched weather for Hajmáskér: 17.9°C, Clouds, humidity: 50%
2026-07-23 01:01:58,136 - root - INFO - [444/1205] Fetching weather for Veszprém...
2026-07-23 01:01:59,860 - root - INFO - Fetched weather for Veszprém: 18.8°C, Clouds, humidity: 50%
2026-07-23 01:02:00,961 - root - INFO - [445/1205] Fetching weather for Herend...
2026-07-23 01:02:01,181 - root - INFO - Fetched weather for Herend: 18.0°C, Clouds, humidity: 51%
2026-07-23 01:02:02,282 - root - INFO - [446/1205] Fetching weather for Városlőd...
2026-07-23 01:02:02,334 - root - INFO - Fetched weather for Városlőd: 15.6°C, Clouds, humidity: 52%
2026-07-23 01:02:03,435 - root - INFO - [447/1205] Fetching weather for Városlőd-Kislőd...
2026-07-23 01:02:03,487 - root - INFO - Fetched weather for Városlőd-Kislőd: 16.1°C, Clouds, humidity: 51%
2026-07-23 01:02:04,588 - root - INFO - [448/1205] Fetching weather for Ajka...
2026-07-23 01:02:04,718 - root - INFO - Fetched weather for Ajka: 16.5°C, Clouds, humidity: 51%
2026-07-23 01:02:05,820 - root - INFO - [449/1205] Fetching weather for Ajka-Gyártelep...
2026-07-23 01:02:05,923 - root - INFO - Fetched weather for Ajka-Gyártelep: 16.5°C, Clouds, humidity: 51%
2026-07-23 01:02:07,025 - root - INFO - [450/1205] Fetching weather for Devecser...
2026-07-23 01:02:07,077 - root - INFO - Fetched weather for Devecser: 16.9°C, Clouds, humidity: 52%
2026-07-23 01:02:08,179 - root - INFO - [451/1205] Fetching weather for Somlóvásárhely...
2026-07-23 01:02:08,230 - root - INFO - Fetched weather for Somlóvásárhely: 16.9°C, Clouds, humidity: 52%
2026-07-23 01:02:09,331 - root - INFO - [452/1205] Fetching weather for Tüskevár...
2026-07-23 01:02:09,383 - root - INFO - Fetched weather for Tüskevár: 17.1°C, Clouds, humidity: 52%
2026-07-23 01:02:10,485 - root - INFO - [453/1205] Fetching weather for Karakószörcsök...
2026-07-23 01:02:10,592 - root - INFO - Fetched weather for Karakószörcsök: 17.1°C, Clouds, humidity: 52%
2026-07-23 01:02:11,694 - root - INFO - [454/1205] Fetching weather for Kerta...
2026-07-23 01:02:11,762 - root - INFO - Fetched weather for Kerta: 17.2°C, Clouds, humidity: 53%
2026-07-23 01:02:12,864 - root - INFO - [455/1205] Fetching weather for Boba...
2026-07-23 01:02:12,986 - root - INFO - Fetched weather for Boba: 17.2°C, Clouds, humidity: 54%
2026-07-23 01:02:14,088 - root - INFO - [456/1205] Fetching weather for Börgönd...
2026-07-23 01:02:14,213 - root - INFO - Fetched weather for Börgönd: 16.2°C, Clouds, humidity: 55%
2026-07-23 01:02:15,314 - root - INFO - [457/1205] Fetching weather for Belsőbáránd...
2026-07-23 01:02:15,372 - root - INFO - Fetched weather for Belsőbáránd: 16.2°C, Clouds, humidity: 55%
2026-07-23 01:02:16,473 - root - INFO - [458/1205] Fetching weather for Zichyújfalu...
2026-07-23 01:02:16,534 - root - INFO - Fetched weather for Zichyújfalu: 16.1°C, Clouds, humidity: 54%
2026-07-23 01:02:17,635 - root - INFO - [459/1205] Fetching weather for Seregélyes...
2026-07-23 01:02:17,811 - root - INFO - Fetched weather for Seregélyes: 16.3°C, Clouds, humidity: 55%
2026-07-23 01:02:18,913 - root - INFO - [460/1205] Fetching weather for Polgárdi-Ipartelepek...
2026-07-23 01:02:18,973 - root - INFO - Fetched weather for Polgárdi-Ipartelepek: 17.9°C, Clouds, humidity: 54%
2026-07-23 01:02:20,074 - root - INFO - [461/1205] Fetching weather for Polgárdi...
2026-07-23 01:02:20,131 - root - INFO - Fetched weather for Polgárdi: 17.9°C, Clouds, humidity: 54%
2026-07-23 01:02:21,233 - root - INFO - [462/1205] Fetching weather for Füle...
2026-07-23 01:02:21,418 - root - INFO - Fetched weather for Füle: 17.9°C, Clouds, humidity: 55%
2026-07-23 01:02:22,520 - root - INFO - [463/1205] Fetching weather for Zánka-Erzsébettábor...
2026-07-23 01:02:22,610 - root - INFO - Fetched weather for Zánka-Erzsébettábor: 19.3°C, Clouds, humidity: 33%
2026-07-23 01:02:23,711 - root - INFO - [464/1205] Fetching weather for Csajág...
2026-07-23 01:02:23,774 - root - INFO - Fetched weather for Csajág: 18.1°C, Clouds, humidity: 79%
2026-07-23 01:02:24,876 - root - INFO - [465/1205] Fetching weather for Balatonakarattya...
2026-07-23 01:02:24,931 - root - INFO - Fetched weather for Balatonakarattya: 18.0°C, Clouds, humidity: 79%
2026-07-23 01:02:26,033 - root - INFO - [466/1205] Fetching weather for Csittényhegy...
2026-07-23 01:02:26,992 - root - INFO - Fetched weather for Csittényhegy: 18.2°C, Clouds, humidity: 79%
2026-07-23 01:02:28,093 - root - INFO - [467/1205] Fetching weather for Balatonkenese...
2026-07-23 01:02:28,150 - root - INFO - Fetched weather for Balatonkenese: 18.3°C, Clouds, humidity: 79%
2026-07-23 01:02:29,252 - root - INFO - [468/1205] Fetching weather for Balatonfűzfő...
2026-07-23 01:02:29,307 - root - INFO - Fetched weather for Balatonfűzfő: 18.3°C, Clouds, humidity: 79%
2026-07-23 01:02:30,408 - root - INFO - [469/1205] Fetching weather for Balatonalmádi...
2026-07-23 01:02:30,555 - root - INFO - Fetched weather for Balatonalmádi: 18.3°C, Clouds, humidity: 79%
2026-07-23 01:02:31,657 - root - INFO - [470/1205] Fetching weather for Káptalanfüred...
2026-07-23 01:02:31,768 - root - INFO - Fetched weather for Káptalanfüred: 18.3°C, Clouds, humidity: 79%
2026-07-23 01:02:32,870 - root - INFO - [471/1205] Fetching weather for Alsóörs...
2026-07-23 01:02:33,196 - root - INFO - Fetched weather for Alsóörs: 19.4°C, Clouds, humidity: 33%
2026-07-23 01:02:34,298 - root - INFO - [472/1205] Fetching weather for Csopak...
2026-07-23 01:02:35,091 - root - INFO - Fetched weather for Csopak: 19.3°C, Clouds, humidity: 33%
2026-07-23 01:02:36,193 - root - INFO - [473/1205] Fetching weather for Balatonarács...
2026-07-23 01:02:36,277 - root - INFO - Fetched weather for Balatonarács: 19.2°C, Clouds, humidity: 33%
2026-07-23 01:02:37,378 - root - INFO - [474/1205] Fetching weather for Balatonfüred...
2026-07-23 01:02:37,488 - root - INFO - Fetched weather for Balatonfüred: 19.3°C, Clouds, humidity: 33%
2026-07-23 01:02:38,590 - root - INFO - [475/1205] Fetching weather for Aszófő...
2026-07-23 01:02:38,934 - root - INFO - Fetched weather for Aszófő: 19.4°C, Clouds, humidity: 33%
2026-07-23 01:02:40,036 - root - INFO - [476/1205] Fetching weather for Örvényes...
2026-07-23 01:02:40,086 - root - INFO - Fetched weather for Örvényes: 19.4°C, Clouds, humidity: 33%
2026-07-23 01:02:41,187 - root - INFO - [477/1205] Fetching weather for Balatonudvari...
2026-07-23 01:02:41,240 - root - INFO - Fetched weather for Balatonudvari: 19.4°C, Clouds, humidity: 33%
2026-07-23 01:02:42,342 - root - INFO - [478/1205] Fetching weather for Fövenyes...
2026-07-23 01:02:42,396 - root - INFO - Fetched weather for Fövenyes: 19.4°C, Clouds, humidity: 33%
2026-07-23 01:02:43,498 - root - INFO - [479/1205] Fetching weather for Balatonakali-Dörgicse...
2026-07-23 01:02:43,553 - root - INFO - Fetched weather for Balatonakali-Dörgicse: 19.4°C, Clouds, humidity: 33%
2026-07-23 01:02:44,654 - root - INFO - [480/1205] Fetching weather for Zánka-Köveskál...
2026-07-23 01:02:44,713 - root - INFO - Fetched weather for Zánka-Köveskál: 19.4°C, Clouds, humidity: 33%
2026-07-23 01:02:45,815 - root - INFO - [481/1205] Fetching weather for Balatonszepezd...
2026-07-23 01:02:45,870 - root - INFO - Fetched weather for Balatonszepezd: 19.4°C, Clouds, humidity: 33%
2026-07-23 01:02:46,971 - root - INFO - [482/1205] Fetching weather for Szepezdfürdő...
2026-07-23 01:02:47,021 - root - INFO - Fetched weather for Szepezdfürdő: 19.4°C, Clouds, humidity: 52%
2026-07-23 01:02:48,122 - root - INFO - [483/1205] Fetching weather for Révfülöp...
2026-07-23 01:02:48,172 - root - INFO - Fetched weather for Révfülöp: 19.4°C, Clouds, humidity: 52%
2026-07-23 01:02:49,274 - root - INFO - [484/1205] Fetching weather for Balatonrendes...
2026-07-23 01:02:49,324 - root - INFO - Fetched weather for Balatonrendes: 19.4°C, Clouds, humidity: 52%
2026-07-23 01:02:50,425 - root - INFO - [485/1205] Fetching weather for Ábrahámhegy...
2026-07-23 01:02:50,563 - root - INFO - Fetched weather for Ábrahámhegy: 19.4°C, Clouds, humidity: 52%
2026-07-23 01:02:51,664 - root - INFO - [486/1205] Fetching weather for Badacsonyörs...
2026-07-23 01:02:51,717 - root - INFO - Fetched weather for Badacsonyörs: 17.1°C, Clouds, humidity: 52%
2026-07-23 01:02:52,818 - root - INFO - [487/1205] Fetching weather for Kisújszállás...
2026-07-23 01:02:52,867 - root - INFO - Fetched weather for Kisújszállás: 14.6°C, Clouds, humidity: 58%
2026-07-23 01:02:53,968 - root - INFO - [488/1205] Fetching weather for Karcag...
2026-07-23 01:02:54,023 - root - INFO - Fetched weather for Karcag: 14.5°C, Clouds, humidity: 61%
2026-07-23 01:02:55,125 - root - INFO - [489/1205] Fetching weather for Püspökladány...
2026-07-23 01:02:55,280 - root - INFO - Fetched weather for Püspökladány: 14.4°C, Clouds, humidity: 61%
2026-07-23 01:02:56,381 - root - INFO - [490/1205] Fetching weather for Kaba...
2026-07-23 01:02:56,436 - root - INFO - Fetched weather for Kaba: 14.2°C, Clouds, humidity: 59%
2026-07-23 01:02:57,537 - root - INFO - [491/1205] Fetching weather for Hajdúszoboszló...
2026-07-23 01:02:57,590 - root - INFO - Fetched weather for Hajdúszoboszló: 14.1°C, Clouds, humidity: 54%
2026-07-23 01:02:58,692 - root - INFO - [492/1205] Fetching weather for Ebes...
2026-07-23 01:02:58,741 - root - INFO - Fetched weather for Ebes: 14.1°C, Clouds, humidity: 53%
2026-07-23 01:02:59,843 - root - INFO - [493/1205] Fetching weather for Debrecen...
2026-07-23 01:02:59,894 - root - INFO - Fetched weather for Debrecen: 14.0°C, Clouds, humidity: 51%
2026-07-23 01:03:00,995 - root - INFO - [494/1205] Fetching weather for Debrecen-Csapókert...
2026-07-23 01:03:01,052 - root - INFO - Fetched weather for Debrecen-Csapókert: 13.9°C, Clouds, humidity: 51%
2026-07-23 01:03:02,153 - root - INFO - [495/1205] Fetching weather for Apafa...
2026-07-23 01:03:02,210 - root - INFO - Fetched weather for Apafa: 13.9°C, Clouds, humidity: 51%
2026-07-23 01:03:03,311 - root - INFO - [496/1205] Fetching weather for Bocskaikert...
2026-07-23 01:03:03,370 - root - INFO - Fetched weather for Bocskaikert: 13.9°C, Clouds, humidity: 51%
2026-07-23 01:03:04,472 - root - INFO - [497/1205] Fetching weather for Hajdúhadház...
2026-07-23 01:03:04,521 - root - INFO - Fetched weather for Hajdúhadház: 14.0°C, Clouds, humidity: 51%
2026-07-23 01:03:05,622 - root - INFO - [498/1205] Fetching weather for Téglás...
2026-07-23 01:03:05,673 - root - INFO - Fetched weather for Téglás: 14.1°C, Clouds, humidity: 51%
2026-07-23 01:03:06,774 - root - INFO - [499/1205] Fetching weather for Újfehértó...
2026-07-23 01:03:06,906 - root - INFO - Fetched weather for Újfehértó: 14.3°C, Clouds, humidity: 52%
2026-07-23 01:03:08,007 - root - INFO - [500/1205] Fetching weather for Nyíregyháza...
2026-07-23 01:03:08,061 - root - INFO - Fetched weather for Nyíregyháza: 14.4°C, Clouds, humidity: 52%
2026-07-23 01:03:09,162 - root - INFO - [501/1205] Fetching weather for Sóstó...
2026-07-23 01:03:09,218 - root - INFO - Fetched weather for Sóstó: 14.2°C, Clouds, humidity: 52%
2026-07-23 01:03:10,320 - root - INFO - [502/1205] Fetching weather for Sóstóhegy...
2026-07-23 01:03:10,462 - root - INFO - Fetched weather for Sóstóhegy: 14.2°C, Clouds, humidity: 53%
2026-07-23 01:03:11,564 - root - INFO - [503/1205] Fetching weather for Kemecse...
2026-07-23 01:03:11,686 - root - INFO - Fetched weather for Kemecse: 14.1°C, Clouds, humidity: 54%
2026-07-23 01:03:12,788 - root - INFO - [504/1205] Fetching weather for Nyírbogdány...
2026-07-23 01:03:12,844 - root - INFO - Fetched weather for Nyírbogdány: 14.0°C, Clouds, humidity: 54%
2026-07-23 01:03:13,945 - root - INFO - [505/1205] Fetching weather for Kék...
2026-07-23 01:03:13,998 - root - INFO - Fetched weather for Kék: 14.1°C, Clouds, humidity: 55%
2026-07-23 01:03:15,100 - root - INFO - [506/1205] Fetching weather for Demecser...
2026-07-23 01:03:15,159 - root - INFO - Fetched weather for Demecser: 14.0°C, Clouds, humidity: 63%
2026-07-23 01:03:16,260 - root - INFO - [507/1205] Fetching weather for Gégény...
2026-07-23 01:03:16,313 - root - INFO - Fetched weather for Gégény: 13.9°C, Clouds, humidity: 63%
2026-07-23 01:03:17,414 - root - INFO - [508/1205] Fetching weather for Pátroha...
2026-07-23 01:03:17,470 - root - INFO - Fetched weather for Pátroha: 13.9°C, Clouds, humidity: 64%
2026-07-23 01:03:18,572 - root - INFO - [509/1205] Fetching weather for Ajak...
2026-07-23 01:03:18,623 - root - INFO - Fetched weather for Ajak: 13.9°C, Clouds, humidity: 65%
2026-07-23 01:03:19,724 - root - INFO - [510/1205] Fetching weather for Kisvárda...
2026-07-23 01:03:19,787 - root - INFO - Fetched weather for Kisvárda: 13.9°C, Clouds, humidity: 66%
2026-07-23 01:03:20,889 - root - INFO - [511/1205] Fetching weather for Kisvárda-Hármasút...
2026-07-23 01:03:20,944 - root - INFO - Fetched weather for Kisvárda-Hármasút: 13.9°C, Clouds, humidity: 66%
2026-07-23 01:03:22,046 - root - INFO - [512/1205] Fetching weather for Fényeslitke...
2026-07-23 01:03:22,096 - root - INFO - Fetched weather for Fényeslitke: 13.8°C, Clouds, humidity: 67%
2026-07-23 01:03:23,198 - root - INFO - [513/1205] Fetching weather for Komoró...
2026-07-23 01:03:23,276 - root - INFO - Fetched weather for Komoró: 13.8°C, Clouds, humidity: 67%
2026-07-23 01:03:24,378 - root - INFO - [514/1205] Fetching weather for Tuzsér...
2026-07-23 01:03:24,429 - root - INFO - Fetched weather for Tuzsér: 13.8°C, Clouds, humidity: 68%
2026-07-23 01:03:25,531 - root - INFO - [515/1205] Fetching weather for Tiszabezdéd...
2026-07-23 01:03:25,587 - root - INFO - Fetched weather for Tiszabezdéd: 13.8°C, Clouds, humidity: 68%
2026-07-23 01:03:26,689 - root - INFO - [516/1205] Fetching weather for Záhony...
2026-07-23 01:03:26,750 - root - INFO - Fetched weather for Záhony: 13.9°C, Clouds, humidity: 69%
2026-07-23 01:03:27,851 - root - INFO - [517/1205] Fetching weather for Karcag-Vásártér...
2026-07-23 01:03:27,904 - root - INFO - Fetched weather for Karcag-Vásártér: 13.9°C, Clouds, humidity: 63%
2026-07-23 01:03:29,006 - root - INFO - [518/1205] Fetching weather for Berekfürdő...
2026-07-23 01:03:29,064 - root - INFO - Fetched weather for Berekfürdő: 13.9°C, Clouds, humidity: 63%
2026-07-23 01:03:30,165 - root - INFO - [519/1205] Fetching weather for Kunmadaras...
2026-07-23 01:03:30,215 - root - INFO - Fetched weather for Kunmadaras: 13.9°C, Clouds, humidity: 73%
2026-07-23 01:03:31,317 - root - INFO - [520/1205] Fetching weather for Tiszaszentimre...
2026-07-23 01:03:31,368 - root - INFO - Fetched weather for Tiszaszentimre: 13.9°C, Clouds, humidity: 73%
2026-07-23 01:03:32,470 - root - INFO - [521/1205] Fetching weather for Tiszaszőlős...
2026-07-23 01:03:32,528 - root - INFO - Fetched weather for Tiszaszőlős: 13.9°C, Clouds, humidity: 73%
2026-07-23 01:03:33,630 - root - INFO - [522/1205] Fetching weather for Hosszúhát...
2026-07-23 01:03:33,679 - root - INFO - Fetched weather for Hosszúhát: 14.3°C, Clouds, humidity: 63%
2026-07-23 01:03:34,780 - root - INFO - [523/1205] Fetching weather for Szerep...
2026-07-23 01:03:34,844 - root - INFO - Fetched weather for Szerep: 14.3°C, Clouds, humidity: 63%
2026-07-23 01:03:35,945 - root - INFO - [524/1205] Fetching weather for Sárrétudvari...
2026-07-23 01:03:36,004 - root - INFO - Fetched weather for Sárrétudvari: 14.3°C, Clouds, humidity: 63%
2026-07-23 01:03:37,106 - root - INFO - [525/1205] Fetching weather for Biharnagybajom...
2026-07-23 01:03:37,158 - root - INFO - Fetched weather for Biharnagybajom: 14.2°C, Clouds, humidity: 63%
2026-07-23 01:03:38,260 - root - INFO - [526/1205] Fetching weather for Füzesgyarmat...
2026-07-23 01:03:38,314 - root - INFO - Fetched weather for Füzesgyarmat: 14.3°C, Clouds, humidity: 63%
2026-07-23 01:03:39,415 - root - INFO - [527/1205] Fetching weather for Füzesgyarmatfürdő...
2026-07-23 01:03:39,468 - root - INFO - Fetched weather for Füzesgyarmatfürdő: 14.3°C, Clouds, humidity: 63%
2026-07-23 01:03:40,570 - root - INFO - [528/1205] Fetching weather for Báránd...
2026-07-23 01:03:40,623 - root - INFO - Fetched weather for Báránd: 14.2°C, Clouds, humidity: 62%
2026-07-23 01:03:41,724 - root - INFO - [529/1205] Fetching weather for Sáp...
2026-07-23 01:03:41,775 - root - INFO - Fetched weather for Sáp: 14.2°C, Clouds, humidity: 62%
2026-07-23 01:03:42,876 - root - INFO - [530/1205] Fetching weather for Berettyóújfalu...
2026-07-23 01:03:42,929 - root - INFO - Fetched weather for Berettyóújfalu: 14.1°C, Clouds, humidity: 61%
2026-07-23 01:03:44,031 - root - INFO - [531/1205] Fetching weather for Mezőpeterd...
2026-07-23 01:03:44,095 - root - INFO - Fetched weather for Mezőpeterd: 15.3°C, Clouds, humidity: 61%
2026-07-23 01:03:45,197 - root - INFO - [532/1205] Fetching weather for Biharkeresztes...
2026-07-23 01:03:45,251 - root - INFO - Fetched weather for Biharkeresztes: 15.2°C, Clouds, humidity: 55%
2026-07-23 01:03:46,352 - root - INFO - [533/1205] Fetching weather for Tócóvölgy...
2026-07-23 01:03:46,405 - root - INFO - Fetched weather for Tócóvölgy: 14.0°C, Clouds, humidity: 56%
2026-07-23 01:03:47,506 - root - INFO - [534/1205] Fetching weather for Sáregres...
2026-07-23 01:03:47,556 - root - INFO - Fetched weather for Sáregres: 15.8°C, Clear, humidity: 56%
2026-07-23 01:03:48,658 - root - INFO - [535/1205] Fetching weather for Simontornya...
2026-07-23 01:03:48,710 - root - INFO - Fetched weather for Simontornya: 15.7°C, Clear, humidity: 57%
2026-07-23 01:03:49,812 - root - INFO - [536/1205] Fetching weather for Tolnanémedi...
2026-07-23 01:03:49,865 - root - INFO - Fetched weather for Tolnanémedi: 15.8°C, Clear, humidity: 57%
2026-07-23 01:03:50,966 - root - INFO - [537/1205] Fetching weather for Pincehely...
2026-07-23 01:03:51,022 - root - INFO - Fetched weather for Pincehely: 15.6°C, Clear, humidity: 58%
2026-07-23 01:03:52,123 - root - INFO - [538/1205] Fetching weather for Keszőhidegkút-Gyönk...
2026-07-23 01:03:52,187 - root - INFO - Fetched weather for Keszőhidegkút-Gyönk: 15.5°C, Clear, humidity: 59%
2026-07-23 01:03:53,289 - root - INFO - [539/1205] Fetching weather for Szárazd...
2026-07-23 01:03:53,340 - root - INFO - Fetched weather for Szárazd: 15.4°C, Clear, humidity: 59%
2026-07-23 01:03:54,441 - root - INFO - [540/1205] Fetching weather for Regöly...
2026-07-23 01:03:54,492 - root - INFO - Fetched weather for Regöly: 15.4°C, Clear, humidity: 59%
2026-07-23 01:03:55,593 - root - INFO - [541/1205] Fetching weather for Szakály-Hőgyész...
2026-07-23 01:03:55,647 - root - INFO - Fetched weather for Szakály-Hőgyész: 15.3°C, Clear, humidity: 60%
2026-07-23 01:03:56,748 - root - INFO - [542/1205] Fetching weather for Dúzs...
2026-07-23 01:03:56,802 - root - INFO - Fetched weather for Dúzs: 15.3°C, Clear, humidity: 61%
2026-07-23 01:03:57,903 - root - INFO - [543/1205] Fetching weather for Csibrák...
2026-07-23 01:03:57,972 - root - INFO - Fetched weather for Csibrák: 15.3°C, Clear, humidity: 61%
2026-07-23 01:03:59,074 - root - INFO - [544/1205] Fetching weather for Kurd...
2026-07-23 01:03:59,126 - root - INFO - Fetched weather for Kurd: 15.0°C, Clear, humidity: 62%
2026-07-23 01:04:00,227 - root - INFO - [545/1205] Fetching weather for Döbrököz...
2026-07-23 01:04:00,285 - root - INFO - Fetched weather for Döbrököz: 15.3°C, Clear, humidity: 62%
2026-07-23 01:04:01,386 - root - INFO - [546/1205] Fetching weather for Dombóvár...
2026-07-23 01:04:01,443 - root - INFO - Fetched weather for Dombóvár: 15.4°C, Clouds, humidity: 63%
2026-07-23 01:04:02,545 - root - INFO - [547/1205] Fetching weather for Dombóvár alsó...
2026-07-23 01:04:02,608 - root - INFO - Fetched weather for Dombóvár alsó: 15.4°C, Clouds, humidity: 63%
2026-07-23 01:04:03,710 - root - INFO - [548/1205] Fetching weather for Somoskőújfalu...
2026-07-23 01:04:03,763 - root - INFO - Fetched weather for Somoskőújfalu: 14.4°C, Clouds, humidity: 62%
2026-07-23 01:04:04,865 - root - INFO - [549/1205] Fetching weather for Jászfényszaru...
2026-07-23 01:04:04,917 - root - INFO - Fetched weather for Jászfényszaru: 15.2°C, Clouds, humidity: 60%
2026-07-23 01:04:06,018 - root - INFO - [550/1205] Fetching weather for Pusztamonostor...
2026-07-23 01:04:06,071 - root - INFO - Fetched weather for Pusztamonostor: 15.2°C, Clouds, humidity: 61%
2026-07-23 01:04:07,172 - root - INFO - [551/1205] Fetching weather for Jászberény...
2026-07-23 01:04:07,233 - root - INFO - Fetched weather for Jászberény: 15.0°C, Clouds, humidity: 63%
2026-07-23 01:04:08,335 - root - INFO - [552/1205] Fetching weather for Meggyespele...
2026-07-23 01:04:08,388 - root - INFO - Fetched weather for Meggyespele: 14.9°C, Clouds, humidity: 65%
2026-07-23 01:04:09,489 - root - INFO - [553/1205] Fetching weather for Portelek...
2026-07-23 01:04:09,539 - root - INFO - Fetched weather for Portelek: 14.8°C, Clouds, humidity: 66%
2026-07-23 01:04:10,641 - root - INFO - [554/1205] Fetching weather for Jászboldogháza-Jánoshida...
2026-07-23 01:04:10,697 - root - INFO - Fetched weather for Jászboldogháza-Jánoshida: 14.7°C, Clouds, humidity: 66%
2026-07-23 01:04:11,798 - root - INFO - [555/1205] Fetching weather for Jászárokszállás...
2026-07-23 01:04:11,859 - root - INFO - Fetched weather for Jászárokszállás: 15.1°C, Clouds, humidity: 61%
2026-07-23 01:04:12,960 - root - INFO - [556/1205] Fetching weather for Jászdózsa...
2026-07-23 01:04:13,013 - root - INFO - Fetched weather for Jászdózsa: 15.0°C, Clouds, humidity: 62%
2026-07-23 01:04:14,114 - root - INFO - [557/1205] Fetching weather for Jászapáti...
2026-07-23 01:04:14,171 - root - INFO - Fetched weather for Jászapáti: 14.9°C, Clouds, humidity: 63%
2026-07-23 01:04:15,272 - root - INFO - [558/1205] Fetching weather for Jászkisér...
2026-07-23 01:04:15,326 - root - INFO - Fetched weather for Jászkisér: 13.9°C, Clouds, humidity: 63%
2026-07-23 01:04:16,427 - root - INFO - [559/1205] Fetching weather for Jászladány...
2026-07-23 01:04:16,486 - root - INFO - Fetched weather for Jászladány: 14.8°C, Clouds, humidity: 64%
2026-07-23 01:04:17,588 - root - INFO - [560/1205] Fetching weather for Szászberek...
2026-07-23 01:04:17,641 - root - INFO - Fetched weather for Szászberek: 12.2°C, Clouds, humidity: 65%
2026-07-23 01:04:18,742 - root - INFO - [561/1205] Fetching weather for Gyöngyöshalász...
2026-07-23 01:04:18,803 - root - INFO - Fetched weather for Gyöngyöshalász: 15.0°C, Clouds, humidity: 60%
2026-07-23 01:04:19,904 - root - INFO - [562/1205] Fetching weather for Gyöngyös...
2026-07-23 01:04:19,962 - root - INFO - Fetched weather for Gyöngyös: 14.6°C, Clouds, humidity: 60%
2026-07-23 01:04:21,064 - root - INFO - [563/1205] Fetching weather for Erdőtelek...
2026-07-23 01:04:21,121 - root - INFO - Fetched weather for Erdőtelek: 14.8°C, Clouds, humidity: 62%
2026-07-23 01:04:22,222 - root - INFO - [564/1205] Fetching weather for Heves...
2026-07-23 01:04:22,279 - root - INFO - Fetched weather for Heves: 13.8°C, Clouds, humidity: 62%
2026-07-23 01:04:23,380 - root - INFO - [565/1205] Fetching weather for Hevesvezekény...
2026-07-23 01:04:23,457 - root - INFO - Fetched weather for Hevesvezekény: 13.9°C, Clouds, humidity: 73%
2026-07-23 01:04:24,559 - root - INFO - [566/1205] Fetching weather for Tarnaszentmiklós...
2026-07-23 01:04:24,618 - root - INFO - Fetched weather for Tarnaszentmiklós: 13.9°C, Clouds, humidity: 73%
2026-07-23 01:04:25,719 - root - INFO - [567/1205] Fetching weather for Kisköre...
2026-07-23 01:04:25,777 - root - INFO - Fetched weather for Kisköre: 13.9°C, Clouds, humidity: 73%
2026-07-23 01:04:26,879 - root - INFO - [568/1205] Fetching weather for Abádszalók...
2026-07-23 01:04:26,930 - root - INFO - Fetched weather for Abádszalók: 13.9°C, Clouds, humidity: 73%
2026-07-23 01:04:28,032 - root - INFO - [569/1205] Fetching weather for Kunhegyes...
2026-07-23 01:04:28,085 - root - INFO - Fetched weather for Kunhegyes: 13.9°C, Clouds, humidity: 73%
2026-07-23 01:04:29,186 - root - INFO - [570/1205] Fetching weather for Kenderes...
2026-07-23 01:04:29,240 - root - INFO - Fetched weather for Kenderes: 13.9°C, Clouds, humidity: 61%
2026-07-23 01:04:30,341 - root - INFO - [571/1205] Fetching weather for Maklár...
2026-07-23 01:04:30,403 - root - INFO - Fetched weather for Maklár: 17.9°C, Clouds, humidity: 63%
2026-07-23 01:04:31,504 - root - INFO - [572/1205] Fetching weather for Andornaktálya...
2026-07-23 01:04:31,559 - root - INFO - Fetched weather for Andornaktálya: 17.9°C, Clouds, humidity: 63%
2026-07-23 01:04:32,660 - root - INFO - [573/1205] Fetching weather for Eger...
2026-07-23 01:04:32,715 - root - INFO - Fetched weather for Eger: 17.4°C, Clouds, humidity: 62%
2026-07-23 01:04:33,817 - root - INFO - [574/1205] Fetching weather for Egervár...
2026-07-23 01:04:33,867 - root - INFO - Fetched weather for Egervár: 17.3°C, Clouds, humidity: 52%
2026-07-23 01:04:34,969 - root - INFO - [575/1205] Fetching weather for Eger-Felnémet...
2026-07-23 01:04:35,024 - root - INFO - Fetched weather for Eger-Felnémet: 17.2°C, Clouds, humidity: 52%
2026-07-23 01:04:36,125 - root - INFO - [576/1205] Fetching weather for Szarvaskő...
2026-07-23 01:04:36,177 - root - INFO - Fetched weather for Szarvaskő: 16.2°C, Clouds, humidity: 44%
2026-07-23 01:04:37,278 - root - INFO - [577/1205] Fetching weather for Mónosbél...
2026-07-23 01:04:37,331 - root - INFO - Fetched weather for Mónosbél: 16.0°C, Clouds, humidity: 44%
2026-07-23 01:04:38,433 - root - INFO - [578/1205] Fetching weather for Bélapátfalva...
2026-07-23 01:04:38,486 - root - INFO - Fetched weather for Bélapátfalva: 15.9°C, Clouds, humidity: 45%
2026-07-23 01:04:39,588 - root - INFO - [579/1205] Fetching weather for Bélapátfalvi Cementgyár...
2026-07-23 01:04:39,655 - root - INFO - Fetched weather for Bélapátfalvi Cementgyár: 16.1°C, Clouds, humidity: 46%
2026-07-23 01:04:40,756 - root - INFO - [580/1205] Fetching weather for Szilvásvárad...
2026-07-23 01:04:40,808 - root - INFO - Fetched weather for Szilvásvárad: 16.4°C, Clouds, humidity: 48%
2026-07-23 01:04:41,909 - root - INFO - [581/1205] Fetching weather for Hejőkeresztúr...
2026-07-23 01:04:41,964 - root - INFO - Fetched weather for Hejőkeresztúr: 17.0°C, Clouds, humidity: 70%
2026-07-23 01:04:43,065 - root - INFO - [582/1205] Fetching weather for Tiszaújváros...
2026-07-23 01:04:43,117 - root - INFO - Fetched weather for Tiszaújváros: 14.6°C, Clouds, humidity: 66%
2026-07-23 01:04:44,218 - root - INFO - [583/1205] Fetching weather for Miskolc-Gömöri...
2026-07-23 01:04:44,291 - root - INFO - Fetched weather for Miskolc-Gömöri: 16.9°C, Clouds, humidity: 70%
2026-07-23 01:04:45,392 - root - INFO - [584/1205] Fetching weather for Sajókeresztúr...
2026-07-23 01:04:45,448 - root - INFO - Fetched weather for Sajókeresztúr: 16.9°C, Clouds, humidity: 70%
2026-07-23 01:04:46,549 - root - INFO - [585/1205] Fetching weather for Sajóecseg...
2026-07-23 01:04:46,602 - root - INFO - Fetched weather for Sajóecseg: 16.9°C, Clouds, humidity: 70%
2026-07-23 01:04:47,703 - root - INFO - [586/1205] Fetching weather for Sajószentpéter...
2026-07-23 01:04:47,754 - root - INFO - Fetched weather for Sajószentpéter: 16.8°C, Clouds, humidity: 70%
2026-07-23 01:04:48,855 - root - INFO - [587/1205] Fetching weather for Kazincbarcika...
2026-07-23 01:04:48,910 - root - INFO - Fetched weather for Kazincbarcika: 16.8°C, Clouds, humidity: 64%
2026-07-23 01:04:50,011 - root - INFO - [588/1205] Fetching weather for Sajókaza...
2026-07-23 01:04:50,074 - root - INFO - Fetched weather for Sajókaza: 17.9°C, Clouds, humidity: 64%
2026-07-23 01:04:51,175 - root - INFO - [589/1205] Fetching weather for Vadna...
2026-07-23 01:04:51,224 - root - INFO - Fetched weather for Vadna: 17.9°C, Clouds, humidity: 64%
2026-07-23 01:04:52,326 - root - INFO - [590/1205] Fetching weather for Dubicsány...
2026-07-23 01:04:52,380 - root - INFO - Fetched weather for Dubicsány: 17.9°C, Clouds, humidity: 63%
2026-07-23 01:04:53,481 - root - INFO - [591/1205] Fetching weather for Raposka...
2026-07-23 01:04:53,539 - root - INFO - Fetched weather for Raposka: 16.6°C, Clouds, humidity: 56%
2026-07-23 01:04:54,640 - root - INFO - [592/1205] Fetching weather for Ivacs...
2026-07-23 01:04:54,709 - root - INFO - Fetched weather for Ivacs: 17.4°C, Clouds, humidity: 44%
2026-07-23 01:04:55,811 - root - INFO - [593/1205] Fetching weather for Kisköre-Tiszahíd...
2026-07-23 01:04:55,863 - root - INFO - Fetched weather for Kisköre-Tiszahíd: 13.9°C, Clouds, humidity: 73%
2026-07-23 01:04:56,964 - root - INFO - [594/1205] Fetching weather for Rozsály...
2026-07-23 01:04:57,022 - root - INFO - Fetched weather for Rozsály: 11.1°C, Clouds, humidity: 69%
2026-07-23 01:04:58,123 - root - INFO - [595/1205] Fetching weather for Pusztakettős...
2026-07-23 01:04:58,185 - root - INFO - Fetched weather for Pusztakettős: 13.9°C, Clouds, humidity: 73%
2026-07-23 01:04:59,286 - root - INFO - [596/1205] Fetching weather for Kisvác...
2026-07-23 01:04:59,347 - root - INFO - Fetched weather for Kisvác: 15.7°C, Clouds, humidity: 62%
2026-07-23 01:05:00,448 - root - INFO - [597/1205] Fetching weather for Tiszafüred-Gyártelep...
2026-07-23 01:05:00,504 - root - INFO - Fetched weather for Tiszafüred-Gyártelep: 13.8°C, Clear, humidity: 73%
2026-07-23 01:05:01,606 - root - INFO - [598/1205] Fetching weather for Újkenéz...
2026-07-23 01:05:01,659 - root - INFO - Fetched weather for Újkenéz: 13.9°C, Clouds, humidity: 67%
2026-07-23 01:05:02,761 - root - INFO - [599/1205] Fetching weather for Püspökladány-Vásártér...
2026-07-23 01:05:02,821 - root - INFO - Fetched weather for Püspökladány-Vásártér: 14.3°C, Clouds, humidity: 63%
2026-07-23 01:05:03,923 - root - INFO - [600/1205] Fetching weather for Végegyháza alsó...
2026-07-23 01:05:04,003 - root - INFO - Fetched weather for Végegyháza alsó: 14.6°C, Clouds, humidity: 70%
2026-07-23 01:05:05,105 - root - INFO - [601/1205] Fetching weather for Orosháza felső...
2026-07-23 01:05:05,169 - root - INFO - Fetched weather for Orosháza felső: 14.7°C, Clear, humidity: 63%
2026-07-23 01:05:06,270 - root - INFO - [602/1205] Fetching weather for Ambrózfalva...
2026-07-23 01:05:06,320 - root - INFO - Fetched weather for Ambrózfalva: 14.7°C, Clouds, humidity: 68%
2026-07-23 01:05:07,422 - root - INFO - [603/1205] Fetching weather for Alsónyék...
2026-07-23 01:05:07,481 - root - INFO - Fetched weather for Alsónyék: 15.2°C, Clear, humidity: 65%
2026-07-23 01:05:08,582 - root - INFO - [604/1205] Fetching weather for Tompapuszta...
2026-07-23 01:05:08,633 - root - INFO - Fetched weather for Tompapuszta: 13.9°C, Clouds, humidity: 72%
2026-07-23 01:05:09,735 - root - INFO - [605/1205] Fetching weather for Halászlak...
2026-07-23 01:05:09,788 - root - INFO - Fetched weather for Halászlak: 14.5°C, Clear, humidity: 59%
2026-07-23 01:05:10,889 - root - INFO - [606/1205] Fetching weather for Sirató...
2026-07-23 01:05:10,941 - root - INFO - Fetched weather for Sirató: 14.6°C, Clear, humidity: 59%
2026-07-23 01:05:12,042 - root - INFO - [607/1205] Fetching weather for Csabacsűd felső...
2026-07-23 01:05:12,101 - root - INFO - Fetched weather for Csabacsűd felső: 14.5°C, Clear, humidity: 59%
2026-07-23 01:05:13,203 - root - INFO - [608/1205] Fetching weather for Orosháza-Üveggyár...
2026-07-23 01:05:13,253 - root - INFO - Fetched weather for Orosháza-Üveggyár: 14.6°C, Clear, humidity: 63%
2026-07-23 01:05:14,355 - root - INFO - [609/1205] Fetching weather for Gyulai városerdő...
2026-07-23 01:05:14,415 - root - INFO - Fetched weather for Gyulai városerdő: 13.9°C, Clouds, humidity: 74%
2026-07-23 01:05:15,517 - root - INFO - [610/1205] Fetching weather for Kórógyszentgyörgy...
2026-07-23 01:05:15,569 - root - INFO - Fetched weather for Kórógyszentgyörgy: 17.8°C, Clouds, humidity: 45%
2026-07-23 01:05:16,671 - root - INFO - [611/1205] Fetching weather for Kunszállás...
2026-07-23 01:05:16,734 - root - INFO - Fetched weather for Kunszállás: 16.1°C, Clouds, humidity: 42%
2026-07-23 01:05:17,835 - root - INFO - [612/1205] Fetching weather for Selymes...
2026-07-23 01:05:17,893 - root - INFO - Fetched weather for Selymes: 16.1°C, Clouds, humidity: 42%
2026-07-23 01:05:18,994 - root - INFO - [613/1205] Fetching weather for Petőfiszállási tanyák...
2026-07-23 01:05:19,048 - root - INFO - Fetched weather for Petőfiszállási tanyák: 16.1°C, Clouds, humidity: 42%
2026-07-23 01:05:20,149 - root - INFO - [614/1205] Fetching weather for Kisteleki szőlők...
2026-07-23 01:05:20,200 - root - INFO - Fetched weather for Kisteleki szőlők: 13.9°C, Clouds, humidity: 57%
2026-07-23 01:05:21,301 - root - INFO - [615/1205] Fetching weather for Kapitányság...
2026-07-23 01:05:21,358 - root - INFO - Fetched weather for Kapitányság: 13.9°C, Clouds, humidity: 56%
2026-07-23 01:05:22,459 - root - INFO - [616/1205] Fetching weather for Őszeszék...
2026-07-23 01:05:22,515 - root - INFO - Fetched weather for Őszeszék: 13.9°C, Clouds, humidity: 56%
2026-07-23 01:05:23,616 - root - INFO - [617/1205] Fetching weather for Vilmaszállás...
2026-07-23 01:05:23,669 - root - INFO - Fetched weather for Vilmaszállás: 13.9°C, Clouds, humidity: 56%
2026-07-23 01:05:24,771 - root - INFO - [618/1205] Fetching weather for Jánosszállás...
2026-07-23 01:05:24,839 - root - INFO - Fetched weather for Jánosszállás: 13.9°C, Clouds, humidity: 56%
2026-07-23 01:05:25,941 - root - INFO - [619/1205] Fetching weather for Felsőpakony...
2026-07-23 01:05:26,002 - root - INFO - Fetched weather for Felsőpakony: 17.9°C, Clouds, humidity: 45%
2026-07-23 01:05:27,103 - root - INFO - [620/1205] Fetching weather for Felsőméntelek...
2026-07-23 01:05:27,168 - root - INFO - Fetched weather for Felsőméntelek: 14.4°C, Clouds, humidity: 73%
2026-07-23 01:05:28,269 - root - INFO - [621/1205] Fetching weather for Alsóméntelek...
2026-07-23 01:05:28,328 - root - INFO - Fetched weather for Alsóméntelek: 14.4°C, Clouds, humidity: 73%
2026-07-23 01:05:29,430 - root - INFO - [622/1205] Fetching weather for Nagynyír...
2026-07-23 01:05:29,689 - root - INFO - Fetched weather for Nagynyír: 14.4°C, Clouds, humidity: 73%
2026-07-23 01:05:30,790 - root - INFO - [623/1205] Fetching weather for Úrihegy...
2026-07-23 01:05:30,877 - root - INFO - Fetched weather for Úrihegy: 14.4°C, Clouds, humidity: 73%
2026-07-23 01:05:31,978 - root - INFO - [624/1205] Fetching weather for Miklóstelep...
2026-07-23 01:05:32,099 - root - INFO - Fetched weather for Miklóstelep: 14.4°C, Clouds, humidity: 73%
2026-07-23 01:05:33,200 - root - INFO - [625/1205] Fetching weather for Tiszajenő alsó...
2026-07-23 01:05:33,256 - root - INFO - Fetched weather for Tiszajenő alsó: 12.2°C, Clear, humidity: 62%
2026-07-23 01:05:34,358 - root - INFO - [626/1205] Fetching weather for Óbög...
2026-07-23 01:05:34,410 - root - INFO - Fetched weather for Óbög: 12.2°C, Clear, humidity: 62%
2026-07-23 01:05:35,512 - root - INFO - [627/1205] Fetching weather for Árpádszállás...
2026-07-23 01:05:35,562 - root - INFO - Fetched weather for Árpádszállás: 16.1°C, Clouds, humidity: 42%
2026-07-23 01:05:36,664 - root - INFO - [628/1205] Fetching weather for Tőserdő...
2026-07-23 01:05:36,726 - root - INFO - Fetched weather for Tőserdő: 16.1°C, Clear, humidity: 42%
2026-07-23 01:05:37,827 - root - INFO - [629/1205] Fetching weather for Tiszaalpár felső...
2026-07-23 01:05:37,879 - root - INFO - Fetched weather for Tiszaalpár felső: 16.1°C, Clear, humidity: 42%
2026-07-23 01:05:38,980 - root - INFO - [630/1205] Fetching weather for Borsihalom...
2026-07-23 01:05:39,034 - root - INFO - Fetched weather for Borsihalom: 16.1°C, Clouds, humidity: 42%
2026-07-23 01:05:40,136 - root - INFO - [631/1205] Fetching weather for Petőfiváros...
2026-07-23 01:05:40,187 - root - INFO - Fetched weather for Petőfiváros: 16.1°C, Clouds, humidity: 42%
2026-07-23 01:05:41,289 - root - INFO - [632/1205] Fetching weather for Csorna...
2026-07-23 01:05:41,343 - root - INFO - Fetched weather for Csorna: 17.8°C, Clouds, humidity: 58%
2026-07-23 01:05:42,444 - root - INFO - [633/1205] Fetching weather for Szorgalmatos...
2026-07-23 01:05:42,495 - root - INFO - Fetched weather for Szorgalmatos: 14.3°C, Clouds, humidity: 63%
2026-07-23 01:05:43,597 - root - INFO - [634/1205] Fetching weather for Fótfürdő...
2026-07-23 01:05:43,655 - root - INFO - Fetched weather for Fótfürdő: 17.1°C, Clouds, humidity: 48%
2026-07-23 01:05:44,757 - root - INFO - [635/1205] Fetching weather for Fenyveshegy...
2026-07-23 01:05:44,808 - root - INFO - Fetched weather for Fenyveshegy: 15.9°C, Clouds, humidity: 62%
2026-07-23 01:05:45,910 - root - INFO - [636/1205] Fetching weather for Hűvösvölgy...
2026-07-23 01:05:45,964 - root - INFO - Fetched weather for Hűvösvölgy: 16.5°C, Clouds, humidity: 51%
2026-07-23 01:05:47,065 - root - INFO - [637/1205] Fetching weather for Hárshegy...
2026-07-23 01:05:47,113 - root - INFO - Fetched weather for Hárshegy: 16.5°C, Clouds, humidity: 51%
2026-07-23 01:05:48,214 - root - INFO - [638/1205] Fetching weather for Szépjuhászné...
2026-07-23 01:05:48,276 - root - INFO - Fetched weather for Szépjuhászné: 15.6°C, Clouds, humidity: 51%
2026-07-23 01:05:49,378 - root - INFO - [639/1205] Fetching weather for Jánoshegy...
2026-07-23 01:05:49,427 - root - INFO - Fetched weather for Jánoshegy: 15.6°C, Clouds, humidity: 51%
2026-07-23 01:05:50,529 - root - INFO - [640/1205] Fetching weather for Virágvölgy...
2026-07-23 01:05:50,580 - root - INFO - Fetched weather for Virágvölgy: 15.2°C, Clouds, humidity: 51%
2026-07-23 01:05:51,681 - root - INFO - [641/1205] Fetching weather for Csillebérc...
2026-07-23 01:05:51,735 - root - INFO - Fetched weather for Csillebérc: 15.0°C, Clouds, humidity: 51%
2026-07-23 01:05:52,836 - root - INFO - [642/1205] Fetching weather for Normafa...
2026-07-23 01:05:52,890 - root - INFO - Fetched weather for Normafa: 15.1°C, Clouds, humidity: 51%
2026-07-23 01:05:53,991 - root - INFO - [643/1205] Fetching weather for Széchenyihegy...
2026-07-23 01:05:54,042 - root - INFO - Fetched weather for Széchenyihegy: 15.1°C, Clouds, humidity: 51%
2026-07-23 01:05:55,143 - root - INFO - [644/1205] Fetching weather for Balatonfőkajár felső...
2026-07-23 01:05:55,197 - root - INFO - Fetched weather for Balatonfőkajár felső: 17.9°C, Clouds, humidity: 79%
2026-07-23 01:05:56,299 - root - INFO - [645/1205] Fetching weather for Piroska...
2026-07-23 01:05:56,353 - root - INFO - Fetched weather for Piroska: 12.2°C, Clouds, humidity: 62%
2026-07-23 01:05:57,454 - root - INFO - [646/1205] Fetching weather for Somodor...
2026-07-23 01:05:57,515 - root - INFO - Fetched weather for Somodor: 16.0°C, Clouds, humidity: 55%
2026-07-23 01:05:58,617 - root - INFO - [647/1205] Fetching weather for Középmező...
2026-07-23 01:05:58,675 - root - INFO - Fetched weather for Középmező: 12.3°C, Clear, humidity: 71%
2026-07-23 01:05:59,776 - root - INFO - [648/1205] Fetching weather for Jobbágyi...
2026-07-23 01:05:59,841 - root - INFO - Fetched weather for Jobbágyi: 15.1°C, Clouds, humidity: 60%
2026-07-23 01:06:00,943 - root - INFO - [649/1205] Fetching weather for Ferihegy...
2026-07-23 01:06:01,016 - root - INFO - Fetched weather for Ferihegy: 17.7°C, Clouds, humidity: 45%
2026-07-23 01:06:02,117 - root - INFO - [650/1205] Fetching weather for Máriapócs...
2026-07-23 01:06:02,172 - root - INFO - Fetched weather for Máriapócs: 13.8°C, Clouds, humidity: 60%
2026-07-23 01:06:03,273 - root - INFO - [651/1205] Fetching weather for Máriaudvar...
2026-07-23 01:06:03,325 - root - INFO - Fetched weather for Máriaudvar: 15.9°C, Clouds, humidity: 61%
2026-07-23 01:06:04,426 - root - INFO - [652/1205] Fetching weather for Nagyberki...
2026-07-23 01:06:04,476 - root - INFO - Fetched weather for Nagyberki: 15.5°C, Clouds, humidity: 60%
2026-07-23 01:06:05,578 - root - INFO - [653/1205] Fetching weather for Badacsonytomaj...
2026-07-23 01:06:05,634 - root - INFO - Fetched weather for Badacsonytomaj: 16.6°C, Clouds, humidity: 56%
2026-07-23 01:06:06,736 - root - INFO - [654/1205] Fetching weather for Badacsony...
2026-07-23 01:06:06,790 - root - INFO - Fetched weather for Badacsony: 16.6°C, Clouds, humidity: 56%
2026-07-23 01:06:07,892 - root - INFO - [655/1205] Fetching weather for Badacsonylábdihegy...
2026-07-23 01:06:07,944 - root - INFO - Fetched weather for Badacsonylábdihegy: 16.6°C, Clouds, humidity: 56%
2026-07-23 01:06:09,045 - root - INFO - [656/1205] Fetching weather for Badacsonytördemic-Szigliget...
2026-07-23 01:06:09,106 - root - INFO - Fetched weather for Badacsonytördemic-Szigliget: 16.6°C, Clouds, humidity: 56%
2026-07-23 01:06:10,208 - root - INFO - [657/1205] Fetching weather for Nemesgulács-Kisapáti...
2026-07-23 01:06:10,276 - root - INFO - Fetched weather for Nemesgulács-Kisapáti: 16.6°C, Clouds, humidity: 56%
2026-07-23 01:06:11,377 - root - INFO - [658/1205] Fetching weather for Tapolca...
2026-07-23 01:06:11,431 - root - INFO - Fetched weather for Tapolca: 16.6°C, Clouds, humidity: 56%
2026-07-23 01:06:12,533 - root - INFO - [659/1205] Fetching weather for Uzsabánya alsó...
2026-07-23 01:06:12,594 - root - INFO - Fetched weather for Uzsabánya alsó: 15.5°C, Clouds, humidity: 57%
2026-07-23 01:06:13,696 - root - INFO - [660/1205] Fetching weather for Uzsa...
2026-07-23 01:06:13,748 - root - INFO - Fetched weather for Uzsa: 16.3°C, Clouds, humidity: 57%
2026-07-23 01:06:14,849 - root - INFO - [661/1205] Fetching weather for Sümegi Bazaltbánya...
2026-07-23 01:06:14,902 - root - INFO - Fetched weather for Sümegi Bazaltbánya: 16.3°C, Clouds, humidity: 58%
2026-07-23 01:06:16,003 - root - INFO - [662/1205] Fetching weather for Sümeg...
2026-07-23 01:06:16,056 - root - INFO - Fetched weather for Sümeg: 16.5°C, Clouds, humidity: 59%
2026-07-23 01:06:17,157 - root - INFO - [663/1205] Fetching weather for Gógánfa...
2026-07-23 01:06:17,208 - root - INFO - Fetched weather for Gógánfa: 16.5°C, Clouds, humidity: 59%
2026-07-23 01:06:18,310 - root - INFO - [664/1205] Fetching weather for Ukk...
2026-07-23 01:06:18,360 - root - INFO - Fetched weather for Ukk: 16.5°C, Clouds, humidity: 60%
2026-07-23 01:06:19,462 - root - INFO - [665/1205] Fetching weather for Nemeskeresztúr...
2026-07-23 01:06:19,534 - root - INFO - Fetched weather for Nemeskeresztúr: 16.5°C, Clouds, humidity: 60%
2026-07-23 01:06:20,635 - root - INFO - [666/1205] Fetching weather for Jánosháza...
2026-07-23 01:06:20,685 - root - INFO - Fetched weather for Jánosháza: 16.6°C, Clouds, humidity: 60%
2026-07-23 01:06:21,787 - root - INFO - [667/1205] Fetching weather for Keszthely...
2026-07-23 01:06:21,842 - root - INFO - Fetched weather for Keszthely: 16.5°C, Clouds, humidity: 58%
2026-07-23 01:06:22,944 - root - INFO - [668/1205] Fetching weather for Alsógyenes...
2026-07-23 01:06:23,005 - root - INFO - Fetched weather for Alsógyenes: 16.6°C, Clouds, humidity: 57%
2026-07-23 01:06:24,107 - root - INFO - [669/1205] Fetching weather for Gyenesdiás...
2026-07-23 01:06:24,161 - root - INFO - Fetched weather for Gyenesdiás: 16.6°C, Clouds, humidity: 57%
2026-07-23 01:06:25,262 - root - INFO - [670/1205] Fetching weather for Vonyarcvashegy...
2026-07-23 01:06:25,315 - root - INFO - Fetched weather for Vonyarcvashegy: 16.0°C, Clouds, humidity: 57%
2026-07-23 01:06:26,417 - root - INFO - [671/1205] Fetching weather for Balatongyörök...
2026-07-23 01:06:26,475 - root - INFO - Fetched weather for Balatongyörök: 16.6°C, Clouds, humidity: 56%
2026-07-23 01:06:27,576 - root - INFO - [672/1205] Fetching weather for Becehegy...
2026-07-23 01:06:27,628 - root - INFO - Fetched weather for Becehegy: 15.4°C, Clouds, humidity: 57%
2026-07-23 01:06:28,729 - root - INFO - [673/1205] Fetching weather for Balatonederics...
2026-07-23 01:06:28,787 - root - INFO - Fetched weather for Balatonederics: 15.4°C, Clouds, humidity: 57%
2026-07-23 01:06:29,888 - root - INFO - [674/1205] Fetching weather for Dabronc...
2026-07-23 01:06:29,954 - root - INFO - Fetched weather for Dabronc: 16.5°C, Clouds, humidity: 60%
2026-07-23 01:06:31,055 - root - INFO - [675/1205] Fetching weather for Türje...
2026-07-23 01:06:31,108 - root - INFO - Fetched weather for Türje: 16.5°C, Clouds, humidity: 61%
2026-07-23 01:06:32,209 - root - INFO - [676/1205] Fetching weather for Zalabér-Batyk...
2026-07-23 01:06:32,261 - root - INFO - Fetched weather for Zalabér-Batyk: 16.5°C, Clouds, humidity: 63%
2026-07-23 01:06:33,362 - root - INFO - [677/1205] Fetching weather for Pakod...
2026-07-23 01:06:33,424 - root - INFO - Fetched weather for Pakod: 16.4°C, Clouds, humidity: 64%
2026-07-23 01:06:34,525 - root - INFO - [678/1205] Fetching weather for Pókaszepetk...
2026-07-23 01:06:34,594 - root - INFO - Fetched weather for Pókaszepetk: 16.5°C, Clouds, humidity: 64%
2026-07-23 01:06:35,695 - root - INFO - [679/1205] Fetching weather for Kemendollár...
2026-07-23 01:06:35,752 - root - INFO - Fetched weather for Kemendollár: 16.2°C, Clouds, humidity: 65%
2026-07-23 01:06:36,854 - root - INFO - [680/1205] Fetching weather for Zalaegerszeg...
2026-07-23 01:06:36,925 - root - INFO - Fetched weather for Zalaegerszeg: 16.1°C, Clouds, humidity: 68%
2026-07-23 01:06:38,026 - root - INFO - [681/1205] Fetching weather for Bocfölde...
2026-07-23 01:06:38,085 - root - INFO - Fetched weather for Bocfölde: 16.2°C, Clouds, humidity: 66%
2026-07-23 01:06:39,187 - root - INFO - [682/1205] Fetching weather for Sárhida...
2026-07-23 01:06:39,242 - root - INFO - Fetched weather for Sárhida: 15.3°C, Clouds, humidity: 67%
2026-07-23 01:06:40,344 - root - INFO - [683/1205] Fetching weather for Bak...
2026-07-23 01:06:40,400 - root - INFO - Fetched weather for Bak: 15.8°C, Clouds, humidity: 66%
2026-07-23 01:06:41,501 - root - INFO - [684/1205] Fetching weather for Tófej...
2026-07-23 01:06:41,553 - root - INFO - Fetched weather for Tófej: 15.5°C, Clouds, humidity: 66%
2026-07-23 01:06:42,654 - root - INFO - [685/1205] Fetching weather for Gutorfölde...
2026-07-23 01:06:42,708 - root - INFO - Fetched weather for Gutorfölde: 15.8°C, Clouds, humidity: 66%
2026-07-23 01:06:43,809 - root - INFO - [686/1205] Fetching weather for Csömödér-Páka...
2026-07-23 01:06:43,864 - root - INFO - Fetched weather for Csömödér-Páka: 15.9°C, Clouds, humidity: 66%
2026-07-23 01:06:44,965 - root - INFO - [687/1205] Fetching weather for Iklódbördőce...
2026-07-23 01:06:45,023 - root - INFO - Fetched weather for Iklódbördőce: 15.7°C, Clouds, humidity: 66%
2026-07-23 01:06:46,125 - root - INFO - [688/1205] Fetching weather for Lenti...
2026-07-23 01:06:46,181 - root - INFO - Fetched weather for Lenti: 16.0°C, Clouds, humidity: 69%
2026-07-23 01:06:47,282 - root - INFO - [689/1205] Fetching weather for Rédics...
2026-07-23 01:06:47,334 - root - INFO - Fetched weather for Rédics: 16.0°C, Clouds, humidity: 70%
2026-07-23 01:06:48,436 - root - INFO - [690/1205] Fetching weather for Zalalövő...
2026-07-23 01:06:48,492 - root - INFO - Fetched weather for Zalalövő: 15.9°C, Clouds, humidity: 73%
2026-07-23 01:06:49,593 - root - INFO - [691/1205] Fetching weather for Zalaegerszeg-Ola...
2026-07-23 01:06:49,644 - root - INFO - Fetched weather for Zalaegerszeg-Ola: 16.1°C, Clouds, humidity: 68%
2026-07-23 01:06:50,745 - root - INFO - [692/1205] Fetching weather for Andráshida...
2026-07-23 01:06:50,801 - root - INFO - Fetched weather for Andráshida: 16.1°C, Clouds, humidity: 69%
2026-07-23 01:06:51,903 - root - INFO - [693/1205] Fetching weather for Bagod...
2026-07-23 01:06:51,957 - root - INFO - Fetched weather for Bagod: 16.2°C, Clouds, humidity: 70%
2026-07-23 01:06:53,059 - root - INFO - [694/1205] Fetching weather for Zalaszentgyörgy...
2026-07-23 01:06:53,114 - root - INFO - Fetched weather for Zalaszentgyörgy: 16.1°C, Clouds, humidity: 70%
2026-07-23 01:06:54,215 - root - INFO - [695/1205] Fetching weather for Zalacséb-Salomvár...
2026-07-23 01:06:54,270 - root - INFO - Fetched weather for Zalacséb-Salomvár: 15.9°C, Clouds, humidity: 71%
2026-07-23 01:06:55,372 - root - INFO - [696/1205] Fetching weather for Kópháza...
2026-07-23 01:06:55,424 - root - INFO - Fetched weather for Kópháza: 17.3°C, Clouds, humidity: 60%
2026-07-23 01:06:56,525 - root - INFO - [697/1205] Fetching weather for Nagycenk...
2026-07-23 01:06:56,577 - root - INFO - Fetched weather for Nagycenk: 17.4°C, Clouds, humidity: 60%
2026-07-23 01:06:57,678 - root - INFO - [698/1205] Fetching weather for Sopronkövesd...
2026-07-23 01:06:57,743 - root - INFO - Fetched weather for Sopronkövesd: 17.3°C, Clouds, humidity: 60%
2026-07-23 01:06:58,845 - root - INFO - [699/1205] Fetching weather for Lövő...
2026-07-23 01:06:58,903 - root - INFO - Fetched weather for Lövő: 17.3°C, Clouds, humidity: 61%
2026-07-23 01:07:00,004 - root - INFO - [700/1205] Fetching weather for Újkér...
2026-07-23 01:07:00,058 - root - INFO - Fetched weather for Újkér: 16.4°C, Clouds, humidity: 62%
2026-07-23 01:07:01,159 - root - INFO - [701/1205] Fetching weather for Bük...
2026-07-23 01:07:01,215 - root - INFO - Fetched weather for Bük: 16.4°C, Clouds, humidity: 64%
2026-07-23 01:07:02,316 - root - INFO - [702/1205] Fetching weather for Acsád...
2026-07-23 01:07:02,379 - root - INFO - Fetched weather for Acsád: 16.1°C, Clouds, humidity: 66%
2026-07-23 01:07:03,480 - root - INFO - [703/1205] Fetching weather for Salköveskút-Vassurány...
2026-07-23 01:07:03,529 - root - INFO - Fetched weather for Salköveskút-Vassurány: 16.1°C, Clouds, humidity: 67%
2026-07-23 01:07:04,631 - root - INFO - [704/1205] Fetching weather for Zalaszentiván...
2026-07-23 01:07:04,683 - root - INFO - Fetched weather for Zalaszentiván: 16.3°C, Clouds, humidity: 66%
2026-07-23 01:07:05,784 - root - INFO - [705/1205] Fetching weather for Alsónemesapáti...
2026-07-23 01:07:05,852 - root - INFO - Fetched weather for Alsónemesapáti: 16.4°C, Clouds, humidity: 65%
2026-07-23 01:07:06,953 - root - INFO - [706/1205] Fetching weather for Józsa...
2026-07-23 01:07:07,014 - root - INFO - Fetched weather for Józsa: 13.9°C, Clouds, humidity: 56%
2026-07-23 01:07:08,115 - root - INFO - [707/1205] Fetching weather for Hajdúszentgyörgy...
2026-07-23 01:07:08,166 - root - INFO - Fetched weather for Hajdúszentgyörgy: 13.9°C, Clouds, humidity: 56%
2026-07-23 01:07:09,267 - root - INFO - [708/1205] Fetching weather for Zelemér...
2026-07-23 01:07:09,327 - root - INFO - Fetched weather for Zelemér: 13.9°C, Clouds, humidity: 56%
2026-07-23 01:07:10,428 - root - INFO - [709/1205] Fetching weather for Hajdúböszörmény...
2026-07-23 01:07:10,480 - root - INFO - Fetched weather for Hajdúböszörmény: 14.1°C, Clouds, humidity: 57%
2026-07-23 01:07:11,581 - root - INFO - [710/1205] Fetching weather for Hajdúvid...
2026-07-23 01:07:11,638 - root - INFO - Fetched weather for Hajdúvid: 14.3°C, Clouds, humidity: 59%
2026-07-23 01:07:12,739 - root - INFO - [711/1205] Fetching weather for Hajdúdorog...
2026-07-23 01:07:12,789 - root - INFO - Fetched weather for Hajdúdorog: 14.3°C, Clouds, humidity: 59%
2026-07-23 01:07:13,891 - root - INFO - [712/1205] Fetching weather for Hajdúnánás...
2026-07-23 01:07:13,945 - root - INFO - Fetched weather for Hajdúnánás: 14.4°C, Clouds, humidity: 60%
2026-07-23 01:07:15,046 - root - INFO - [713/1205] Fetching weather for Hajdúnánás-Vásártér...
2026-07-23 01:07:15,097 - root - INFO - Fetched weather for Hajdúnánás-Vásártér: 14.4°C, Clouds, humidity: 60%
2026-07-23 01:07:16,198 - root - INFO - [714/1205] Fetching weather for Tedej...
2026-07-23 01:07:16,250 - root - INFO - Fetched weather for Tedej: 14.4°C, Clouds, humidity: 61%
2026-07-23 01:07:17,351 - root - INFO - [715/1205] Fetching weather for Tiszavasvári...
2026-07-23 01:07:17,409 - root - INFO - Fetched weather for Tiszavasvári: 14.4°C, Clouds, humidity: 62%
2026-07-23 01:07:18,511 - root - INFO - [716/1205] Fetching weather for Egyházerdő...
2026-07-23 01:07:18,569 - root - INFO - Fetched weather for Egyházerdő: 14.4°C, Clouds, humidity: 62%
2026-07-23 01:07:19,670 - root - INFO - [717/1205] Fetching weather for Tiszalök...
2026-07-23 01:07:19,725 - root - INFO - Fetched weather for Tiszalök: 14.3°C, Clouds, humidity: 63%
2026-07-23 01:07:20,827 - root - INFO - [718/1205] Fetching weather for Hajnalos...
2026-07-23 01:07:20,877 - root - INFO - Fetched weather for Hajnalos: 14.3°C, Clouds, humidity: 62%
2026-07-23 01:07:21,979 - root - INFO - [719/1205] Fetching weather for Kisfástanya...
2026-07-23 01:07:22,038 - root - INFO - Fetched weather for Kisfástanya: 14.3°C, Clouds, humidity: 62%
2026-07-23 01:07:23,140 - root - INFO - [720/1205] Fetching weather for Tiszaeszlár...
2026-07-23 01:07:23,191 - root - INFO - Fetched weather for Tiszaeszlár: 14.2°C, Clouds, humidity: 62%
2026-07-23 01:07:24,292 - root - INFO - [721/1205] Fetching weather for Bashalom...
2026-07-23 01:07:24,345 - root - INFO - Fetched weather for Bashalom: 14.2°C, Clouds, humidity: 62%
2026-07-23 01:07:25,446 - root - INFO - [722/1205] Fetching weather for Sáránd...
2026-07-23 01:07:25,509 - root - INFO - Fetched weather for Sáránd: 14.0°C, Clear, humidity: 57%
2026-07-23 01:07:26,610 - root - INFO - [723/1205] Fetching weather for Derecske...
2026-07-23 01:07:26,669 - root - INFO - Fetched weather for Derecske: 14.1°C, Clouds, humidity: 58%
2026-07-23 01:07:27,771 - root - INFO - [724/1205] Fetching weather for Derecske-Vásártér...
2026-07-23 01:07:27,822 - root - INFO - Fetched weather for Derecske-Vásártér: 14.1°C, Clouds, humidity: 58%
2026-07-23 01:07:28,923 - root - INFO - [725/1205] Fetching weather for Konyár...
2026-07-23 01:07:28,975 - root - INFO - Fetched weather for Konyár: 14.1°C, Clouds, humidity: 59%
2026-07-23 01:07:30,076 - root - INFO - [726/1205] Fetching weather for Konyári Sóstófürdő...
2026-07-23 01:07:30,126 - root - INFO - Fetched weather for Konyári Sóstófürdő: 14.0°C, Clouds, humidity: 58%
2026-07-23 01:07:31,228 - root - INFO - [727/1205] Fetching weather for Pocsaj-Esztár...
2026-07-23 01:07:31,282 - root - INFO - Fetched weather for Pocsaj-Esztár: 15.2°C, Clouds, humidity: 59%
2026-07-23 01:07:32,384 - root - INFO - [728/1205] Fetching weather for Kismarja...
2026-07-23 01:07:32,454 - root - INFO - Fetched weather for Kismarja: 15.2°C, Clouds, humidity: 60%
2026-07-23 01:07:33,555 - root - INFO - [729/1205] Fetching weather for Nagykereki...
2026-07-23 01:07:33,623 - root - INFO - Fetched weather for Nagykereki: 15.2°C, Clouds, humidity: 55%
2026-07-23 01:07:34,725 - root - INFO - [730/1205] Fetching weather for Debrecen-Szabadságtelep...
2026-07-23 01:07:34,790 - root - INFO - Fetched weather for Debrecen-Szabadságtelep: 13.9°C, Clouds, humidity: 55%
2026-07-23 01:07:35,892 - root - INFO - [731/1205] Fetching weather for Kondoroskert...
2026-07-23 01:07:35,950 - root - INFO - Fetched weather for Kondoroskert: 14.0°C, Clouds, humidity: 55%
2026-07-23 01:07:37,052 - root - INFO - [732/1205] Fetching weather for Nagycsere...
2026-07-23 01:07:37,114 - root - INFO - Fetched weather for Nagycsere: 14.0°C, Clouds, humidity: 55%
2026-07-23 01:07:38,215 - root - INFO - [733/1205] Fetching weather for Haláp...
2026-07-23 01:07:38,267 - root - INFO - Fetched weather for Haláp: 14.0°C, Clouds, humidity: 54%
2026-07-23 01:07:39,368 - root - INFO - [734/1205] Fetching weather for Vámospércs...
2026-07-23 01:07:39,425 - root - INFO - Fetched weather for Vámospércs: 14.2°C, Clouds, humidity: 54%
2026-07-23 01:07:40,527 - root - INFO - [735/1205] Fetching weather for Szentannapuszta...
2026-07-23 01:07:40,588 - root - INFO - Fetched weather for Szentannapuszta: 14.4°C, Clouds, humidity: 53%
2026-07-23 01:07:41,690 - root - INFO - [736/1205] Fetching weather for Nyírábrány...
2026-07-23 01:07:41,745 - root - INFO - Fetched weather for Nyírábrány: 14.5°C, Clouds, humidity: 53%
2026-07-23 01:07:42,846 - root - INFO - [737/1205] Fetching weather for Dombostanya...
2026-07-23 01:07:42,900 - root - INFO - Fetched weather for Dombostanya: 13.9°C, Clouds, humidity: 55%
2026-07-23 01:07:44,002 - root - INFO - [738/1205] Fetching weather for Hajdúsámson...
2026-07-23 01:07:44,053 - root - INFO - Fetched weather for Hajdúsámson: 13.9°C, Clouds, humidity: 55%
2026-07-23 01:07:45,155 - root - INFO - [739/1205] Fetching weather for Tamásipuszta...
2026-07-23 01:07:45,207 - root - INFO - Fetched weather for Tamásipuszta: 13.9°C, Clouds, humidity: 56%
2026-07-23 01:07:46,309 - root - INFO - [740/1205] Fetching weather for Aradványpuszta...
2026-07-23 01:07:46,387 - root - INFO - Fetched weather for Aradványpuszta: 13.9°C, Clouds, humidity: 56%
2026-07-23 01:07:47,488 - root - INFO - [741/1205] Fetching weather for Nyíradony...
2026-07-23 01:07:47,550 - root - INFO - Fetched weather for Nyíradony: 13.8°C, Clouds, humidity: 58%
2026-07-23 01:07:48,652 - root - INFO - [742/1205] Fetching weather for Nyírmihálydi...
2026-07-23 01:07:48,705 - root - INFO - Fetched weather for Nyírmihálydi: 13.7°C, Clouds, humidity: 59%
2026-07-23 01:07:49,806 - root - INFO - [743/1205] Fetching weather for Nyírgelse...
2026-07-23 01:07:49,857 - root - INFO - Fetched weather for Nyírgelse: 13.6°C, Clouds, humidity: 60%
2026-07-23 01:07:50,958 - root - INFO - [744/1205] Fetching weather for Nyírbogát...
2026-07-23 01:07:51,009 - root - INFO - Fetched weather for Nyírbogát: 13.6°C, Clouds, humidity: 61%
2026-07-23 01:07:52,110 - root - INFO - [745/1205] Fetching weather for Nagykálló...
2026-07-23 01:07:52,164 - root - INFO - Fetched weather for Nagykálló: 14.1°C, Clouds, humidity: 58%
2026-07-23 01:07:53,265 - root - INFO - [746/1205] Fetching weather for Kállósemjén...
2026-07-23 01:07:53,316 - root - INFO - Fetched weather for Kállósemjén: 13.9°C, Clouds, humidity: 59%
2026-07-23 01:07:54,417 - root - INFO - [747/1205] Fetching weather for Nyírbátor...
2026-07-23 01:07:54,468 - root - INFO - Fetched weather for Nyírbátor: 13.6°C, Clouds, humidity: 62%
2026-07-23 01:07:55,569 - root - INFO - [748/1205] Fetching weather for Nyírcsászári...
2026-07-23 01:07:55,621 - root - INFO - Fetched weather for Nyírcsászári: 13.7°C, Clouds, humidity: 63%
2026-07-23 01:07:56,722 - root - INFO - [749/1205] Fetching weather for Hodász...
2026-07-23 01:07:56,775 - root - INFO - Fetched weather for Hodász: 13.8°C, Clouds, humidity: 63%
2026-07-23 01:07:57,876 - root - INFO - [750/1205] Fetching weather for Nyírmeggyes...
2026-07-23 01:07:57,929 - root - INFO - Fetched weather for Nyírmeggyes: 14.0°C, Clouds, humidity: 63%
2026-07-23 01:07:59,031 - root - INFO - [751/1205] Fetching weather for Mátészalka...
2026-07-23 01:07:59,084 - root - INFO - Fetched weather for Mátészalka: 14.1°C, Clouds, humidity: 63%
2026-07-23 01:08:00,186 - root - INFO - [752/1205] Fetching weather for Kocsord...
2026-07-23 01:08:00,241 - root - INFO - Fetched weather for Kocsord: 14.2°C, Clouds, humidity: 64%
2026-07-23 01:08:01,342 - root - INFO - [753/1205] Fetching weather for Kocsord alsó...
2026-07-23 01:08:01,403 - root - INFO - Fetched weather for Kocsord alsó: 14.2°C, Clouds, humidity: 64%
2026-07-23 01:08:02,505 - root - INFO - [754/1205] Fetching weather for Győrtelek...
2026-07-23 01:08:02,580 - root - INFO - Fetched weather for Győrtelek: 14.2°C, Clouds, humidity: 65%
2026-07-23 01:08:03,681 - root - INFO - [755/1205] Fetching weather for Győrtelek alsó...
2026-07-23 01:08:03,742 - root - INFO - Fetched weather for Győrtelek alsó: 14.2°C, Clouds, humidity: 66%
2026-07-23 01:08:04,843 - root - INFO - [756/1205] Fetching weather for Ököritófülpös...
2026-07-23 01:08:04,896 - root - INFO - Fetched weather for Ököritófülpös: 14.2°C, Clouds, humidity: 66%
2026-07-23 01:08:05,998 - root - INFO - [757/1205] Fetching weather for Porcsalma-Tyukod...
2026-07-23 01:08:06,052 - root - INFO - Fetched weather for Porcsalma-Tyukod: 11.2°C, Clouds, humidity: 67%
2026-07-23 01:08:07,153 - root - INFO - [758/1205] Fetching weather for Csenger...
2026-07-23 01:08:07,213 - root - INFO - Fetched weather for Csenger: 11.2°C, Clouds, humidity: 68%
2026-07-23 01:08:08,314 - root - INFO - [759/1205] Fetching weather for Kisfái...
2026-07-23 01:08:08,370 - root - INFO - Fetched weather for Kisfái: 16.0°C, Clouds, humidity: 59%
2026-07-23 01:08:09,471 - root - INFO - [760/1205] Fetching weather for Nyárlőrinci szőlők...
2026-07-23 01:08:09,532 - root - INFO - Fetched weather for Nyárlőrinci szőlők: 16.0°C, Clouds, humidity: 42%
2026-07-23 01:08:10,633 - root - INFO - [761/1205] Fetching weather for Nyárlőrinc alsó...
2026-07-23 01:08:10,693 - root - INFO - Fetched weather for Nyárlőrinc alsó: 16.1°C, Clouds, humidity: 42%
2026-07-23 01:08:11,794 - root - INFO - [762/1205] Fetching weather for Tiszaug-Tiszahídfő...
2026-07-23 01:08:11,845 - root - INFO - Fetched weather for Tiszaug-Tiszahídfő: 16.2°C, Clear, humidity: 59%
2026-07-23 01:08:12,947 - root - INFO - [763/1205] Fetching weather for Csongrádi úti tanyák...
2026-07-23 01:08:13,004 - root - INFO - Fetched weather for Csongrádi úti tanyák: 16.2°C, Clouds, humidity: 42%
2026-07-23 01:08:14,105 - root - INFO - [764/1205] Fetching weather for Kettőshalom...
2026-07-23 01:08:14,161 - root - INFO - Fetched weather for Kettőshalom: 16.2°C, Clear, humidity: 42%
2026-07-23 01:08:15,262 - root - INFO - [765/1205] Fetching weather for Csongrád alsó...
2026-07-23 01:08:15,318 - root - INFO - Fetched weather for Csongrád alsó: 17.8°C, Clear, humidity: 45%
2026-07-23 01:08:16,420 - root - INFO - [766/1205] Fetching weather for Dónát...
2026-07-23 01:08:16,476 - root - INFO - Fetched weather for Dónát: 17.8°C, Clear, humidity: 45%
2026-07-23 01:08:17,578 - root - INFO - [767/1205] Fetching weather for Pusztatemplom...
2026-07-23 01:08:17,630 - root - INFO - Fetched weather for Pusztatemplom: 17.8°C, Clear, humidity: 45%
2026-07-23 01:08:18,732 - root - INFO - [768/1205] Fetching weather for Előhát...
2026-07-23 01:08:18,787 - root - INFO - Fetched weather for Előhát: 13.9°C, Clouds, humidity: 73%
2026-07-23 01:08:19,888 - root - INFO - [769/1205] Fetching weather for Polgárdi-Tekerespuszta...
2026-07-23 01:08:19,957 - root - INFO - Fetched weather for Polgárdi-Tekerespuszta: 18.2°C, Clouds, humidity: 57%
2026-07-23 01:08:21,059 - root - INFO - [770/1205] Fetching weather for Szatina-Kishajmás...
2026-07-23 01:08:21,119 - root - INFO - Fetched weather for Szatina-Kishajmás: 14.7°C, Clouds, humidity: 66%
2026-07-23 01:08:22,220 - root - INFO - [771/1205] Fetching weather for Márok...
2026-07-23 01:08:22,272 - root - INFO - Fetched weather for Márok: 12.1°C, Clear, humidity: 80%
2026-07-23 01:08:23,374 - root - INFO - [772/1205] Fetching weather for Nagynyárád...
2026-07-23 01:08:23,425 - root - INFO - Fetched weather for Nagynyárád: 12.1°C, Clear, humidity: 80%
2026-07-23 01:08:24,526 - root - INFO - [773/1205] Fetching weather for Szászvár...
2026-07-23 01:08:24,585 - root - INFO - Fetched weather for Szászvár: 14.9°C, Clear, humidity: 65%
2026-07-23 01:08:25,687 - root - INFO - [774/1205] Fetching weather for Cikó...
2026-07-23 01:08:25,764 - root - INFO - Fetched weather for Cikó: 15.2°C, Clear, humidity: 65%
2026-07-23 01:08:26,866 - root - INFO - [775/1205] Fetching weather for Gyöngyfa-Magyarmecske...
2026-07-23 01:08:26,923 - root - INFO - Fetched weather for Gyöngyfa-Magyarmecske: 14.9°C, Clouds, humidity: 67%
2026-07-23 01:08:28,024 - root - INFO - [776/1205] Fetching weather for Nagyhát...
2026-07-23 01:08:28,077 - root - INFO - Fetched weather for Nagyhát: 14.0°C, Clouds, humidity: 57%
2026-07-23 01:08:29,178 - root - INFO - [777/1205] Fetching weather for Balmazújváros...
2026-07-23 01:08:29,227 - root - INFO - Fetched weather for Balmazújváros: 14.2°C, Clouds, humidity: 58%
2026-07-23 01:08:30,328 - root - INFO - [778/1205] Fetching weather for Kónya...
2026-07-23 01:08:30,378 - root - INFO - Fetched weather for Kónya: 14.2°C, Clouds, humidity: 60%
2026-07-23 01:08:31,479 - root - INFO - [779/1205] Fetching weather for Hortobágy...
2026-07-23 01:08:31,533 - root - INFO - Fetched weather for Hortobágy: 14.3°C, Clouds, humidity: 62%
2026-07-23 01:08:32,634 - root - INFO - [780/1205] Fetching weather for Hortobágyi Halastó...
2026-07-23 01:08:32,706 - root - INFO - Fetched weather for Hortobágyi Halastó: 14.3°C, Clear, humidity: 63%
2026-07-23 01:08:33,807 - root - INFO - [781/1205] Fetching weather for Ohat-Pusztakócs...
2026-07-23 01:08:33,859 - root - INFO - Fetched weather for Ohat-Pusztakócs: 14.4°C, Clear, humidity: 64%
2026-07-23 01:08:34,960 - root - INFO - [782/1205] Fetching weather for Egyek...
2026-07-23 01:08:35,013 - root - INFO - Fetched weather for Egyek: 13.9°C, Clear, humidity: 65%
2026-07-23 01:08:36,115 - root - INFO - [783/1205] Fetching weather for Tiszafüred...
2026-07-23 01:08:36,168 - root - INFO - Fetched weather for Tiszafüred: 13.9°C, Clear, humidity: 65%
2026-07-23 01:08:37,270 - root - INFO - [784/1205] Fetching weather for Poroszló...
2026-07-23 01:08:37,327 - root - INFO - Fetched weather for Poroszló: 13.9°C, Clear, humidity: 65%
2026-07-23 01:08:38,428 - root - INFO - [785/1205] Fetching weather for Kétútköz...
2026-07-23 01:08:38,480 - root - INFO - Fetched weather for Kétútköz: 13.8°C, Clear, humidity: 65%
2026-07-23 01:08:39,581 - root - INFO - [786/1205] Fetching weather for Egerfarmos...
2026-07-23 01:08:39,633 - root - INFO - Fetched weather for Egerfarmos: 13.8°C, Clear, humidity: 64%
2026-07-23 01:08:40,734 - root - INFO - [787/1205] Fetching weather for Piliscsaba...
2026-07-23 01:08:40,785 - root - INFO - Fetched weather for Piliscsaba: 16.4°C, Clouds, humidity: 66%
2026-07-23 01:08:41,886 - root - INFO - [788/1205] Fetching weather for Pilisjászfalu...
2026-07-23 01:08:41,951 - root - INFO - Fetched weather for Pilisjászfalu: 16.0°C, Clouds, humidity: 65%
2026-07-23 01:08:43,053 - root - INFO - [789/1205] Fetching weather for Leányvár...
2026-07-23 01:08:43,105 - root - INFO - Fetched weather for Leányvár: 14.5°C, Clouds, humidity: 65%
2026-07-23 01:08:44,207 - root - INFO - [790/1205] Fetching weather for Dorog...
2026-07-23 01:08:44,259 - root - INFO - Fetched weather for Dorog: 14.7°C, Clouds, humidity: 64%
2026-07-23 01:08:45,360 - root - INFO - [791/1205] Fetching weather for Esztergom-Kertváros...
2026-07-23 01:08:45,411 - root - INFO - Fetched weather for Esztergom-Kertváros: 16.1°C, Clouds, humidity: 63%
2026-07-23 01:08:46,512 - root - INFO - [792/1205] Fetching weather for Esztergom...
2026-07-23 01:08:46,561 - root - INFO - Fetched weather for Esztergom: 15.8°C, Clouds, humidity: 63%
2026-07-23 01:08:47,663 - root - INFO - [793/1205] Fetching weather for Dunaalmás...
2026-07-23 01:08:47,721 - root - INFO - Fetched weather for Dunaalmás: 16.4°C, Clouds, humidity: 62%
2026-07-23 01:08:48,822 - root - INFO - [794/1205] Fetching weather for Neszmély...
2026-07-23 01:08:48,887 - root - INFO - Fetched weather for Neszmély: 16.4°C, Clouds, humidity: 62%
2026-07-23 01:08:49,988 - root - INFO - [795/1205] Fetching weather for Süttő...
2026-07-23 01:08:50,041 - root - INFO - Fetched weather for Süttő: 16.3°C, Clouds, humidity: 62%
2026-07-23 01:08:51,142 - root - INFO - [796/1205] Fetching weather for Piszke...
2026-07-23 01:08:51,200 - root - INFO - Fetched weather for Piszke: 16.3°C, Clouds, humidity: 62%
2026-07-23 01:08:52,302 - root - INFO - [797/1205] Fetching weather for Lábatlan...
2026-07-23 01:08:52,358 - root - INFO - Fetched weather for Lábatlan: 16.3°C, Clouds, humidity: 62%
2026-07-23 01:08:53,459 - root - INFO - [798/1205] Fetching weather for Eternitgyár...
2026-07-23 01:08:53,516 - root - INFO - Fetched weather for Eternitgyár: 16.3°C, Clouds, humidity: 62%
2026-07-23 01:08:54,618 - root - INFO - [799/1205] Fetching weather for Nyergesújfalu felső...
2026-07-23 01:08:54,670 - root - INFO - Fetched weather for Nyergesújfalu felső: 16.3°C, Clouds, humidity: 62%
2026-07-23 01:08:55,771 - root - INFO - [800/1205] Fetching weather for Nyergesújfalu...
2026-07-23 01:08:55,823 - root - INFO - Fetched weather for Nyergesújfalu: 16.2°C, Clouds, humidity: 63%
2026-07-23 01:08:56,924 - root - INFO - [801/1205] Fetching weather for Tokod...
2026-07-23 01:08:56,973 - root - INFO - Fetched weather for Tokod: 16.1°C, Clouds, humidity: 63%
2026-07-23 01:08:58,075 - root - INFO - [802/1205] Fetching weather for Környe...
2026-07-23 01:08:58,119 - root - INFO - Fetched weather for Környe: 16.3°C, Clouds, humidity: 58%
2026-07-23 01:08:59,220 - root - INFO - [803/1205] Fetching weather for Kecskéd alsó...
2026-07-23 01:08:59,277 - root - INFO - Fetched weather for Kecskéd alsó: 16.1°C, Clouds, humidity: 60%
2026-07-23 01:09:00,378 - root - INFO - [804/1205] Fetching weather for Oroszlány...
2026-07-23 01:09:00,423 - root - INFO - Fetched weather for Oroszlány: 16.0°C, Clouds, humidity: 60%
2026-07-23 01:09:01,525 - root - INFO - [805/1205] Fetching weather for Győrszabadhegy...
2026-07-23 01:09:01,581 - root - INFO - Fetched weather for Győrszabadhegy: 16.9°C, Clouds, humidity: 57%
2026-07-23 01:09:02,682 - root - INFO - [806/1205] Fetching weather for Ménfőcsanak felső...
2026-07-23 01:09:02,738 - root - INFO - Fetched weather for Ménfőcsanak felső: 16.9°C, Clouds, humidity: 57%
2026-07-23 01:09:03,839 - root - INFO - [807/1205] Fetching weather for Gyömöre-Tét...
2026-07-23 01:09:03,894 - root - INFO - Fetched weather for Gyömöre-Tét: 16.7°C, Clouds, humidity: 57%
2026-07-23 01:09:04,995 - root - INFO - [808/1205] Fetching weather for Szerecseny...
2026-07-23 01:09:05,052 - root - INFO - Fetched weather for Szerecseny: 16.7°C, Clouds, humidity: 57%
2026-07-23 01:09:06,153 - root - INFO - [809/1205] Fetching weather for Gecse-Gyarmat...
2026-07-23 01:09:06,210 - root - INFO - Fetched weather for Gecse-Gyarmat: 16.6°C, Clouds, humidity: 57%
2026-07-23 01:09:07,311 - root - INFO - [810/1205] Fetching weather for Vaszar...
2026-07-23 01:09:07,371 - root - INFO - Fetched weather for Vaszar: 16.7°C, Clouds, humidity: 57%
2026-07-23 01:09:08,473 - root - INFO - [811/1205] Fetching weather for Pápa...
2026-07-23 01:09:08,522 - root - INFO - Fetched weather for Pápa: 16.7°C, Clouds, humidity: 57%
2026-07-23 01:09:09,624 - root - INFO - [812/1205] Fetching weather for Mezőlak...
2026-07-23 01:09:09,681 - root - INFO - Fetched weather for Mezőlak: 16.8°C, Clouds, humidity: 57%
2026-07-23 01:09:10,782 - root - INFO - [813/1205] Fetching weather for Mihályháza...
2026-07-23 01:09:10,837 - root - INFO - Fetched weather for Mihályháza: 16.7°C, Clouds, humidity: 57%
2026-07-23 01:09:11,938 - root - INFO - [814/1205] Fetching weather for Vinár...
2026-07-23 01:09:11,994 - root - INFO - Fetched weather for Vinár: 16.8°C, Clouds, humidity: 58%
2026-07-23 01:09:13,096 - root - INFO - [815/1205] Fetching weather for Külsővat...
2026-07-23 01:09:13,148 - root - INFO - Fetched weather for Külsővat: 16.7°C, Clouds, humidity: 59%
2026-07-23 01:09:14,249 - root - INFO - [816/1205] Fetching weather for Celldömölk...
2026-07-23 01:09:14,302 - root - INFO - Fetched weather for Celldömölk: 16.7°C, Clouds, humidity: 60%
2026-07-23 01:09:15,404 - root - INFO - [817/1205] Fetching weather for Kemenesmihályfa...
2026-07-23 01:09:15,469 - root - INFO - Fetched weather for Kemenesmihályfa: 16.3°C, Clouds, humidity: 60%
2026-07-23 01:09:16,571 - root - INFO - [818/1205] Fetching weather for Nagysimonyi...
2026-07-23 01:09:16,623 - root - INFO - Fetched weather for Nagysimonyi: 16.4°C, Clouds, humidity: 61%
2026-07-23 01:09:17,725 - root - INFO - [819/1205] Fetching weather for Ostffyasszonyfa...
2026-07-23 01:09:17,779 - root - INFO - Fetched weather for Ostffyasszonyfa: 16.4°C, Clouds, humidity: 62%
2026-07-23 01:09:18,880 - root - INFO - [820/1205] Fetching weather for Sárvár...
2026-07-23 01:09:18,930 - root - INFO - Fetched weather for Sárvár: 16.5°C, Clouds, humidity: 64%
2026-07-23 01:09:20,031 - root - INFO - [821/1205] Fetching weather for Porpác...
2026-07-23 01:09:20,084 - root - INFO - Fetched weather for Porpác: 16.4°C, Clouds, humidity: 66%
2026-07-23 01:09:21,185 - root - INFO - [822/1205] Fetching weather for Balatonföldvár...
2026-07-23 01:09:21,238 - root - INFO - Fetched weather for Balatonföldvár: 19.4°C, Clouds, humidity: 33%
2026-07-23 01:09:22,340 - root - INFO - [823/1205] Fetching weather for Balatonszárszó...
2026-07-23 01:09:22,398 - root - INFO - Fetched weather for Balatonszárszó: 19.4°C, Clouds, humidity: 33%
2026-07-23 01:09:23,499 - root - INFO - [824/1205] Fetching weather for Balatonszemes...
2026-07-23 01:09:23,553 - root - INFO - Fetched weather for Balatonszemes: 19.4°C, Clouds, humidity: 33%
2026-07-23 01:09:24,654 - root - INFO - [825/1205] Fetching weather for Balatonlelle felső...
2026-07-23 01:09:24,709 - root - INFO - Fetched weather for Balatonlelle felső: 19.4°C, Clouds, humidity: 33%
2026-07-23 01:09:25,810 - root - INFO - [826/1205] Fetching weather for Balatonlelle...
2026-07-23 01:09:25,864 - root - INFO - Fetched weather for Balatonlelle: 19.4°C, Clouds, humidity: 55%
2026-07-23 01:09:26,965 - root - INFO - [827/1205] Fetching weather for Fonyódliget...
2026-07-23 01:09:27,019 - root - INFO - Fetched weather for Fonyódliget: 19.4°C, Clouds, humidity: 55%
2026-07-23 01:09:28,121 - root - INFO - [828/1205] Fetching weather for Balatonboglár...
2026-07-23 01:09:28,170 - root - INFO - Fetched weather for Balatonboglár: 19.4°C, Clouds, humidity: 55%
2026-07-23 01:09:29,271 - root - INFO - [829/1205] Fetching weather for Balatonfenyves alsó...
2026-07-23 01:09:29,322 - root - INFO - Fetched weather for Balatonfenyves alsó: 16.6°C, Clouds, humidity: 56%
2026-07-23 01:09:30,423 - root - INFO - [830/1205] Fetching weather for Fonyód...
2026-07-23 01:09:30,476 - root - INFO - Fetched weather for Fonyód: 16.7°C, Clouds, humidity: 55%
2026-07-23 01:09:31,577 - root - INFO - [831/1205] Fetching weather for Bélatelep...
2026-07-23 01:09:31,629 - root - INFO - Fetched weather for Bélatelep: 16.6°C, Clouds, humidity: 55%
2026-07-23 01:09:32,730 - root - INFO - [832/1205] Fetching weather for Alsóbélatelep...
2026-07-23 01:09:32,783 - root - INFO - Fetched weather for Alsóbélatelep: 16.6°C, Clouds, humidity: 55%
2026-07-23 01:09:33,885 - root - INFO - [833/1205] Fetching weather for Balatonfenyves...
2026-07-23 01:09:33,933 - root - INFO - Fetched weather for Balatonfenyves: 17.1°C, Clouds, humidity: 51%
2026-07-23 01:09:35,034 - root - INFO - [834/1205] Fetching weather for Máriahullámtelep...
2026-07-23 01:09:35,100 - root - INFO - Fetched weather for Máriahullámtelep: 16.6°C, Clouds, humidity: 56%
2026-07-23 01:09:36,201 - root - INFO - [835/1205] Fetching weather for Balatonmáriafürdő...
2026-07-23 01:09:36,259 - root - INFO - Fetched weather for Balatonmáriafürdő: 16.6°C, Clouds, humidity: 56%
2026-07-23 01:09:37,360 - root - INFO - [836/1205] Fetching weather for Balatonberény...
2026-07-23 01:09:37,417 - root - INFO - Fetched weather for Balatonberény: 16.5°C, Clouds, humidity: 56%
2026-07-23 01:09:38,519 - root - INFO - [837/1205] Fetching weather for Balatonszentgyörgy...
2026-07-23 01:09:38,582 - root - INFO - Fetched weather for Balatonszentgyörgy: 16.6°C, Clouds, humidity: 57%
2026-07-23 01:09:39,684 - root - INFO - [838/1205] Fetching weather for Vörs...
2026-07-23 01:09:39,739 - root - INFO - Fetched weather for Vörs: 16.6°C, Clouds, humidity: 57%
2026-07-23 01:09:40,840 - root - INFO - [839/1205] Fetching weather for Zalaszentjakab...
2026-07-23 01:09:40,899 - root - INFO - Fetched weather for Zalaszentjakab: 16.1°C, Clouds, humidity: 57%
2026-07-23 01:09:42,000 - root - INFO - [840/1205] Fetching weather for Nagykanizsa...
2026-07-23 01:09:42,054 - root - INFO - Fetched weather for Nagykanizsa: 16.0°C, Clouds, humidity: 59%
2026-07-23 01:09:43,156 - root - INFO - [841/1205] Fetching weather for Murakeresztúr...
2026-07-23 01:09:43,209 - root - INFO - Fetched weather for Murakeresztúr: 15.8°C, Clouds, humidity: 59%
2026-07-23 01:09:44,310 - root - INFO - [842/1205] Fetching weather for Zalakomár...
2026-07-23 01:09:44,366 - root - INFO - Fetched weather for Zalakomár: 16.3°C, Clouds, humidity: 57%
2026-07-23 01:09:45,467 - root - INFO - [843/1205] Fetching weather for Szárazrét...
2026-07-23 01:09:45,518 - root - INFO - Fetched weather for Szárazrét: 16.2°C, Clouds, humidity: 57%
2026-07-23 01:09:46,620 - root - INFO - [844/1205] Fetching weather for Bodajk...
2026-07-23 01:09:46,669 - root - INFO - Fetched weather for Bodajk: 16.2°C, Clouds, humidity: 57%
2026-07-23 01:09:47,770 - root - INFO - [845/1205] Fetching weather for Csókakő...
2026-07-23 01:09:47,821 - root - INFO - Fetched weather for Csókakő: 15.9°C, Clouds, humidity: 57%
2026-07-23 01:09:48,923 - root - INFO - [846/1205] Fetching weather for Mór...
2026-07-23 01:09:48,975 - root - INFO - Fetched weather for Mór: 16.1°C, Clouds, humidity: 57%
2026-07-23 01:09:50,076 - root - INFO - [847/1205] Fetching weather for Bakonysárkány...
2026-07-23 01:09:50,131 - root - INFO - Fetched weather for Bakonysárkány: 15.9°C, Clouds, humidity: 57%
2026-07-23 01:09:51,233 - root - INFO - [848/1205] Fetching weather for Kisbér...
2026-07-23 01:09:51,288 - root - INFO - Fetched weather for Kisbér: 16.3°C, Clouds, humidity: 57%
2026-07-23 01:09:52,389 - root - INFO - [849/1205] Fetching weather for Nagyigmánd-Bábolna...
2026-07-23 01:09:52,444 - root - INFO - Fetched weather for Nagyigmánd-Bábolna: 16.6°C, Clouds, humidity: 58%
2026-07-23 01:09:53,545 - root - INFO - [850/1205] Fetching weather for Budapest-Déli...
2026-07-23 01:09:53,599 - root - INFO - Fetched weather for Budapest-Déli: 17.2°C, Clouds, humidity: 51%
2026-07-23 01:09:54,701 - root - INFO - [851/1205] Fetching weather for Budapest-Kelenföld...
2026-07-23 01:09:54,753 - root - INFO - Fetched weather for Budapest-Kelenföld: 17.4°C, Clouds, humidity: 51%
2026-07-23 01:09:55,855 - root - INFO - [852/1205] Fetching weather for Budaörs...
2026-07-23 01:09:55,912 - root - INFO - Fetched weather for Budaörs: 17.3°C, Clear, humidity: 51%
2026-07-23 01:09:57,013 - root - INFO - [853/1205] Fetching weather for Biatorbágy...
2026-07-23 01:09:57,063 - root - INFO - Fetched weather for Biatorbágy: 17.2°C, Clear, humidity: 50%
2026-07-23 01:09:58,164 - root - INFO - [854/1205] Fetching weather for Herceghalom...
2026-07-23 01:09:58,219 - root - INFO - Fetched weather for Herceghalom: 17.4°C, Clouds, humidity: 63%
2026-07-23 01:09:59,320 - root - INFO - [855/1205] Fetching weather for Bicske...
2026-07-23 01:09:59,381 - root - INFO - Fetched weather for Bicske: 14.5°C, Clouds, humidity: 63%
2026-07-23 01:10:00,483 - root - INFO - [856/1205] Fetching weather for Szár...
2026-07-23 01:10:00,555 - root - INFO - Fetched weather for Szár: 14.2°C, Clouds, humidity: 62%
2026-07-23 01:10:01,656 - root - INFO - [857/1205] Fetching weather for Szárliget...
2026-07-23 01:10:01,715 - root - INFO - Fetched weather for Szárliget: 14.1°C, Clouds, humidity: 62%
2026-07-23 01:10:02,816 - root - INFO - [858/1205] Fetching weather for Alsógalla...
2026-07-23 01:10:02,870 - root - INFO - Fetched weather for Alsógalla: 16.0°C, Clouds, humidity: 62%
2026-07-23 01:10:03,971 - root - INFO - [859/1205] Fetching weather for Tatabánya...
2026-07-23 01:10:04,032 - root - INFO - Fetched weather for Tatabánya: 16.1°C, Clouds, humidity: 62%
2026-07-23 01:10:05,134 - root - INFO - [860/1205] Fetching weather for Vértesszőlős...
2026-07-23 01:10:05,194 - root - INFO - Fetched weather for Vértesszőlős: 16.2°C, Clouds, humidity: 62%
2026-07-23 01:10:06,296 - root - INFO - [861/1205] Fetching weather for Tóvároskert...
2026-07-23 01:10:06,354 - root - INFO - Fetched weather for Tóvároskert: 16.2°C, Clouds, humidity: 62%
2026-07-23 01:10:07,455 - root - INFO - [862/1205] Fetching weather for Tata...
2026-07-23 01:10:07,509 - root - INFO - Fetched weather for Tata: 16.2°C, Clouds, humidity: 62%
2026-07-23 01:10:08,611 - root - INFO - [863/1205] Fetching weather for Almásfüzitő...
2026-07-23 01:10:08,665 - root - INFO - Fetched weather for Almásfüzitő: 16.4°C, Clouds, humidity: 62%
2026-07-23 01:10:09,767 - root - INFO - [864/1205] Fetching weather for Almásfüzitő felső...
2026-07-23 01:10:09,828 - root - INFO - Fetched weather for Almásfüzitő felső: 17.2°C, Clouds, humidity: 61%
2026-07-23 01:10:10,929 - root - INFO - [865/1205] Fetching weather for Szőny...
2026-07-23 01:10:10,987 - root - INFO - Fetched weather for Szőny: 17.3°C, Clouds, humidity: 61%
2026-07-23 01:10:12,089 - root - INFO - [866/1205] Fetching weather for Komárom...
2026-07-23 01:10:12,139 - root - INFO - Fetched weather for Komárom: 17.3°C, Clouds, humidity: 60%
2026-07-23 01:10:13,241 - root - INFO - [867/1205] Fetching weather for Ács...
2026-07-23 01:10:13,295 - root - INFO - Fetched weather for Ács: 16.7°C, Clouds, humidity: 58%
2026-07-23 01:10:14,397 - root - INFO - [868/1205] Fetching weather for Nagyszentjános...
2026-07-23 01:10:14,447 - root - INFO - Fetched weather for Nagyszentjános: 16.8°C, Clouds, humidity: 57%
2026-07-23 01:10:15,548 - root - INFO - [869/1205] Fetching weather for Győrszentiván...
2026-07-23 01:10:15,601 - root - INFO - Fetched weather for Győrszentiván: 16.8°C, Clouds, humidity: 57%
2026-07-23 01:10:16,702 - root - INFO - [870/1205] Fetching weather for Győr-Gyárváros...
2026-07-23 01:10:16,746 - root - INFO - Fetched weather for Győr-Gyárváros: 17.5°C, Clouds, humidity: 54%
2026-07-23 01:10:17,848 - root - INFO - [871/1205] Fetching weather for Győr...
2026-07-23 01:10:17,904 - root - INFO - Fetched weather for Győr: 16.9°C, Clouds, humidity: 57%
2026-07-23 01:10:19,005 - root - INFO - [872/1205] Fetching weather for Öttevény...
2026-07-23 01:10:19,057 - root - INFO - Fetched weather for Öttevény: 16.9°C, Clouds, humidity: 58%
2026-07-23 01:10:20,159 - root - INFO - [873/1205] Fetching weather for Lébény-Mosonszentmiklós...
2026-07-23 01:10:20,214 - root - INFO - Fetched weather for Lébény-Mosonszentmiklós: 16.9°C, Clouds, humidity: 58%
2026-07-23 01:10:21,315 - root - INFO - [874/1205] Fetching weather for Kimle-Károlyháza...
2026-07-23 01:10:21,368 - root - INFO - Fetched weather for Kimle-Károlyháza: 16.9°C, Clouds, humidity: 58%
2026-07-23 01:10:22,469 - root - INFO - [875/1205] Fetching weather for Mosonmagyaróvár...
2026-07-23 01:10:22,526 - root - INFO - Fetched weather for Mosonmagyaróvár: 17.8°C, Clouds, humidity: 58%
2026-07-23 01:10:23,627 - root - INFO - [876/1205] Fetching weather for Levél...
2026-07-23 01:10:23,679 - root - INFO - Fetched weather for Levél: 17.6°C, Clouds, humidity: 58%
2026-07-23 01:10:24,780 - root - INFO - [877/1205] Fetching weather for Hegyeshalom...
2026-07-23 01:10:24,835 - root - INFO - Fetched weather for Hegyeshalom: 17.6°C, Clouds, humidity: 58%
2026-07-23 01:10:25,936 - root - INFO - [878/1205] Fetching weather for Óbuda...
2026-07-23 01:10:25,987 - root - INFO - Fetched weather for Óbuda: 17.3°C, Clouds, humidity: 51%
2026-07-23 01:10:27,088 - root - INFO - [879/1205] Fetching weather for Üröm...
2026-07-23 01:10:27,142 - root - INFO - Fetched weather for Üröm: 17.2°C, Clouds, humidity: 51%
2026-07-23 01:10:28,244 - root - INFO - [880/1205] Fetching weather for Solymár...
2026-07-23 01:10:28,297 - root - INFO - Fetched weather for Solymár: 16.9°C, Clouds, humidity: 52%
2026-07-23 01:10:29,398 - root - INFO - [881/1205] Fetching weather for Pilisvörösvár...
2026-07-23 01:10:29,457 - root - INFO - Fetched weather for Pilisvörösvár: 14.3°C, Clouds, humidity: 66%
2026-07-23 01:10:30,559 - root - INFO - [882/1205] Fetching weather for Klotildliget...
2026-07-23 01:10:30,614 - root - INFO - Fetched weather for Klotildliget: 14.0°C, Clouds, humidity: 69%
2026-07-23 01:10:31,715 - root - INFO - [883/1205] Fetching weather for Kútvölgy...
2026-07-23 01:10:31,764 - root - INFO - Fetched weather for Kútvölgy: 17.8°C, Clear, humidity: 61%
2026-07-23 01:10:32,866 - root - INFO - [884/1205] Fetching weather for Székkutas...
2026-07-23 01:10:33,008 - root - INFO - Fetched weather for Székkutas: 17.8°C, Clear, humidity: 62%
2026-07-23 01:10:34,109 - root - INFO - [885/1205] Fetching weather for Kaposszentjakab...
2026-07-23 01:10:34,297 - root - INFO - Fetched weather for Kaposszentjakab: 15.9°C, Clouds, humidity: 57%
2026-07-23 01:10:35,399 - root - INFO - [886/1205] Fetching weather for Kaposvár...
2026-07-23 01:10:35,443 - root - INFO - Fetched weather for Kaposvár: 15.7°C, Clouds, humidity: 57%
2026-07-23 01:10:36,544 - root - INFO - [887/1205] Fetching weather for Kaposújlak...
2026-07-23 01:10:36,762 - root - INFO - Fetched weather for Kaposújlak: 16.0°C, Clouds, humidity: 55%
2026-07-23 01:10:37,863 - root - INFO - [888/1205] Fetching weather for Kaposmérő...
2026-07-23 01:10:38,090 - root - INFO - Fetched weather for Kaposmérő: 16.0°C, Clouds, humidity: 55%
2026-07-23 01:10:39,191 - root - INFO - [889/1205] Fetching weather for Kaposfő...
2026-07-23 01:10:39,357 - root - INFO - Fetched weather for Kaposfő: 15.9°C, Clouds, humidity: 54%
2026-07-23 01:10:40,458 - root - INFO - [890/1205] Fetching weather for Kiskorpád...
2026-07-23 01:10:40,689 - root - INFO - Fetched weather for Kiskorpád: 15.8°C, Clouds, humidity: 54%
2026-07-23 01:10:41,790 - root - INFO - [891/1205] Fetching weather for Jákó-Nagybajom...
2026-07-23 01:10:41,923 - root - INFO - Fetched weather for Jákó-Nagybajom: 15.8°C, Clouds, humidity: 55%
2026-07-23 01:10:43,025 - root - INFO - [892/1205] Fetching weather for Kutas...
2026-07-23 01:10:43,082 - root - INFO - Fetched weather for Kutas: 15.8°C, Clouds, humidity: 55%
2026-07-23 01:10:44,183 - root - INFO - [893/1205] Fetching weather for Beleg...
2026-07-23 01:10:44,294 - root - INFO - Fetched weather for Beleg: 15.7°C, Clouds, humidity: 56%
2026-07-23 01:10:45,395 - root - INFO - [894/1205] Fetching weather for Ötvöskónyi...
2026-07-23 01:10:45,506 - root - INFO - Fetched weather for Ötvöskónyi: 15.6°C, Clouds, humidity: 57%
2026-07-23 01:10:46,607 - root - INFO - [895/1205] Fetching weather for Somogyszob...
2026-07-23 01:10:46,657 - root - INFO - Fetched weather for Somogyszob: 15.4°C, Clouds, humidity: 58%
2026-07-23 01:10:47,759 - root - INFO - [896/1205] Fetching weather for Bolhás...
2026-07-23 01:10:47,813 - root - INFO - Fetched weather for Bolhás: 15.3°C, Clouds, humidity: 58%
2026-07-23 01:10:48,914 - root - INFO - [897/1205] Fetching weather for Szenta...
2026-07-23 01:10:48,975 - root - INFO - Fetched weather for Szenta: 15.4°C, Clouds, humidity: 59%
2026-07-23 01:10:50,076 - root - INFO - [898/1205] Fetching weather for Zrínyitelep...
2026-07-23 01:10:50,131 - root - INFO - Fetched weather for Zrínyitelep: 15.4°C, Clouds, humidity: 59%
2026-07-23 01:10:51,232 - root - INFO - [899/1205] Fetching weather for Csurgó...
2026-07-23 01:10:51,296 - root - INFO - Fetched weather for Csurgó: 15.4°C, Clouds, humidity: 59%
2026-07-23 01:10:52,397 - root - INFO - [900/1205] Fetching weather for Gyékényes...
2026-07-23 01:10:52,453 - root - INFO - Fetched weather for Gyékényes: 15.4°C, Clouds, humidity: 60%
2026-07-23 01:10:53,555 - root - INFO - [901/1205] Fetching weather for Adony...
2026-07-23 01:10:53,609 - root - INFO - Fetched weather for Adony: 16.0°C, Clouds, humidity: 57%
2026-07-23 01:10:54,711 - root - INFO - [902/1205] Fetching weather for Kulcs...
2026-07-23 01:10:54,763 - root - INFO - Fetched weather for Kulcs: 15.6°C, Clouds, humidity: 57%
2026-07-23 01:10:55,865 - root - INFO - [903/1205] Fetching weather for Rácalmás...
2026-07-23 01:10:55,919 - root - INFO - Fetched weather for Rácalmás: 15.6°C, Clouds, humidity: 57%
2026-07-23 01:10:57,021 - root - INFO - [904/1205] Fetching weather for Dunaújváros...
2026-07-23 01:10:57,075 - root - INFO - Fetched weather for Dunaújváros: 15.5°C, Clouds, humidity: 56%
2026-07-23 01:10:58,177 - root - INFO - [905/1205] Fetching weather for Újvenyim...
2026-07-23 01:10:58,229 - root - INFO - Fetched weather for Újvenyim: 15.6°C, Clouds, humidity: 56%
2026-07-23 01:10:59,330 - root - INFO - [906/1205] Fetching weather for Mezőfalva...
2026-07-23 01:10:59,380 - root - INFO - Fetched weather for Mezőfalva: 15.6°C, Clouds, humidity: 56%
2026-07-23 01:11:00,482 - root - INFO - [907/1205] Fetching weather for Nagykarácsony felső...
2026-07-23 01:11:00,539 - root - INFO - Fetched weather for Nagykarácsony felső: 15.7°C, Clouds, humidity: 56%
2026-07-23 01:11:01,640 - root - INFO - [908/1205] Fetching weather for Nagykarácsony...
2026-07-23 01:11:01,689 - root - INFO - Fetched weather for Nagykarácsony: 15.5°C, Clouds, humidity: 56%
2026-07-23 01:11:02,790 - root - INFO - [909/1205] Fetching weather for Alap...
2026-07-23 01:11:02,845 - root - INFO - Fetched weather for Alap: 15.8°C, Clear, humidity: 56%
2026-07-23 01:11:03,946 - root - INFO - [910/1205] Fetching weather for Cece...
2026-07-23 01:11:04,000 - root - INFO - Fetched weather for Cece: 15.8°C, Clear, humidity: 56%
2026-07-23 01:11:05,102 - root - INFO - [911/1205] Fetching weather for Vajta...
2026-07-23 01:11:05,152 - root - INFO - Fetched weather for Vajta: 15.7°C, Clouds, humidity: 56%
2026-07-23 01:11:06,254 - root - INFO - [912/1205] Fetching weather for Rétszilas alsó...
2026-07-23 01:11:06,307 - root - INFO - Fetched weather for Rétszilas alsó: 15.8°C, Clear, humidity: 56%
2026-07-23 01:11:07,408 - root - INFO - [913/1205] Fetching weather for Nagydorog...
2026-07-23 01:11:07,461 - root - INFO - Fetched weather for Nagydorog: 15.6°C, Clear, humidity: 57%
2026-07-23 01:11:08,562 - root - INFO - [914/1205] Fetching weather for Tengelic...
2026-07-23 01:11:08,617 - root - INFO - Fetched weather for Tengelic: 15.4°C, Clear, humidity: 57%
2026-07-23 01:11:09,718 - root - INFO - [915/1205] Fetching weather for Fácánkert...
2026-07-23 01:11:09,778 - root - INFO - Fetched weather for Fácánkert: 15.3°C, Clear, humidity: 59%
2026-07-23 01:11:10,879 - root - INFO - [916/1205] Fetching weather for Tolna-Mözs...
2026-07-23 01:11:10,935 - root - INFO - Fetched weather for Tolna-Mözs: 15.3°C, Clear, humidity: 59%
2026-07-23 01:11:12,036 - root - INFO - [917/1205] Fetching weather for Szekszárd-Palánk...
2026-07-23 01:11:12,088 - root - INFO - Fetched weather for Szekszárd-Palánk: 15.4°C, Clear, humidity: 60%
2026-07-23 01:11:13,189 - root - INFO - [918/1205] Fetching weather for Szekszárd...
2026-07-23 01:11:13,239 - root - INFO - Fetched weather for Szekszárd: 15.3°C, Clear, humidity: 60%
2026-07-23 01:11:14,340 - root - INFO - [919/1205] Fetching weather for Őcsény...
2026-07-23 01:11:14,399 - root - INFO - Fetched weather for Őcsény: 15.3°C, Clear, humidity: 61%
2026-07-23 01:11:15,500 - root - INFO - [920/1205] Fetching weather for Decs...
2026-07-23 01:11:15,559 - root - INFO - Fetched weather for Decs: 15.2°C, Clear, humidity: 62%
2026-07-23 01:11:16,660 - root - INFO - [921/1205] Fetching weather for Csikóstőttős...
2026-07-23 01:11:16,712 - root - INFO - Fetched weather for Csikóstőttős: 15.3°C, Clouds, humidity: 63%
2026-07-23 01:11:17,814 - root - INFO - [922/1205] Fetching weather for Mágocs-Alsómocsolád...
2026-07-23 01:11:17,865 - root - INFO - Fetched weather for Mágocs-Alsómocsolád: 14.7°C, Clear, humidity: 64%
2026-07-23 01:11:18,966 - root - INFO - [923/1205] Fetching weather for Szalatnak...
2026-07-23 01:11:19,026 - root - INFO - Fetched weather for Szalatnak: 14.9°C, Clear, humidity: 65%
2026-07-23 01:11:20,128 - root - INFO - [924/1205] Fetching weather for Máza-Szászvár...
2026-07-23 01:11:20,188 - root - INFO - Fetched weather for Máza-Szászvár: 14.9°C, Clear, humidity: 65%
2026-07-23 01:11:21,289 - root - INFO - [925/1205] Fetching weather for Váralja...
2026-07-23 01:11:21,360 - root - INFO - Fetched weather for Váralja: 15.1°C, Clear, humidity: 65%
2026-07-23 01:11:22,462 - root - INFO - [926/1205] Fetching weather for Nagymányok...
2026-07-23 01:11:22,515 - root - INFO - Fetched weather for Nagymányok: 15.1°C, Clear, humidity: 65%
2026-07-23 01:11:23,616 - root - INFO - [927/1205] Fetching weather for Hidas-Bonyhád...
2026-07-23 01:11:23,667 - root - INFO - Fetched weather for Hidas-Bonyhád: 15.0°C, Clear, humidity: 64%
2026-07-23 01:11:24,769 - root - INFO - [928/1205] Fetching weather for Mőcsény...
2026-07-23 01:11:24,820 - root - INFO - Fetched weather for Mőcsény: 14.8°C, Clear, humidity: 64%
2026-07-23 01:11:25,921 - root - INFO - [929/1205] Fetching weather for Bátaszék...
2026-07-23 01:11:26,070 - root - INFO - Fetched weather for Bátaszék: 15.2°C, Clear, humidity: 65%
2026-07-23 01:11:27,171 - root - INFO - [930/1205] Fetching weather for Pörböly...
2026-07-23 01:11:27,523 - root - INFO - Fetched weather for Pörböly: 15.0°C, Clear, humidity: 63%
2026-07-23 01:11:28,624 - root - INFO - [931/1205] Fetching weather for Orosháza...
2026-07-23 01:11:28,890 - root - INFO - Fetched weather for Orosháza: 14.6°C, Clear, humidity: 62%
2026-07-23 01:11:29,991 - root - INFO - [932/1205] Fetching weather for Orosházi tanyák...
2026-07-23 01:11:30,445 - root - INFO - Fetched weather for Orosházi tanyák: 13.3°C, Clear, humidity: 63%
2026-07-23 01:11:31,547 - root - INFO - [933/1205] Fetching weather for Csorvás...
2026-07-23 01:11:31,688 - root - INFO - Fetched weather for Csorvás: 13.3°C, Clear, humidity: 63%
2026-07-23 01:11:32,789 - root - INFO - [934/1205] Fetching weather for Csorvás alsó...
2026-07-23 01:11:32,856 - root - INFO - Fetched weather for Csorvás alsó: 13.3°C, Clear, humidity: 74%
2026-07-23 01:11:33,958 - root - INFO - [935/1205] Fetching weather for Telekgerendás...
2026-07-23 01:11:34,187 - root - INFO - Fetched weather for Telekgerendás: 13.3°C, Clear, humidity: 74%
2026-07-23 01:11:35,288 - root - INFO - [936/1205] Fetching weather for Fürjes...
2026-07-23 01:11:35,602 - root - INFO - Fetched weather for Fürjes: 13.3°C, Clear, humidity: 74%
2026-07-23 01:11:36,703 - root - INFO - [937/1205] Fetching weather for Fényes...
2026-07-23 01:11:36,757 - root - INFO - Fetched weather for Fényes: 13.3°C, Clouds, humidity: 74%
2026-07-23 01:11:37,858 - root - INFO - [938/1205] Fetching weather for Bicere...
2026-07-23 01:11:37,913 - root - INFO - Fetched weather for Bicere: 13.3°C, Clouds, humidity: 74%
2026-07-23 01:11:39,014 - root - INFO - [939/1205] Fetching weather for Gyula...
2026-07-23 01:11:39,065 - root - INFO - Fetched weather for Gyula: 13.3°C, Clouds, humidity: 74%
2026-07-23 01:11:40,166 - root - INFO - [940/1205] Fetching weather for József Szanatórium...
2026-07-23 01:11:40,216 - root - INFO - Fetched weather for József Szanatórium: 13.3°C, Clouds, humidity: 74%
2026-07-23 01:11:41,318 - root - INFO - [941/1205] Fetching weather for Sarkadi Cukorgyár...
2026-07-23 01:11:41,372 - root - INFO - Fetched weather for Sarkadi Cukorgyár: 13.3°C, Clouds, humidity: 74%
2026-07-23 01:11:42,473 - root - INFO - [942/1205] Fetching weather for Sarkad...
2026-07-23 01:11:42,526 - root - INFO - Fetched weather for Sarkad: 13.3°C, Clouds, humidity: 65%
2026-07-23 01:11:43,627 - root - INFO - [943/1205] Fetching weather for Kötegyán...
2026-07-23 01:11:43,679 - root - INFO - Fetched weather for Kötegyán: 13.3°C, Clouds, humidity: 64%
2026-07-23 01:11:44,780 - root - INFO - [944/1205] Fetching weather for Méhkerék...
2026-07-23 01:11:44,840 - root - INFO - Fetched weather for Méhkerék: 13.3°C, Clouds, humidity: 64%
2026-07-23 01:11:45,941 - root - INFO - [945/1205] Fetching weather for Sarkadkeresztúr...
2026-07-23 01:11:45,993 - root - INFO - Fetched weather for Sarkadkeresztúr: 13.3°C, Clouds, humidity: 64%
2026-07-23 01:11:47,094 - root - INFO - [946/1205] Fetching weather for Okány...
2026-07-23 01:11:47,148 - root - INFO - Fetched weather for Okány: 13.3°C, Clouds, humidity: 62%
2026-07-23 01:11:48,249 - root - INFO - [947/1205] Fetching weather for Újszeged...
2026-07-23 01:11:48,300 - root - INFO - Fetched weather for Újszeged: 14.0°C, Clear, humidity: 61%
2026-07-23 01:11:49,402 - root - INFO - [948/1205] Fetching weather for Szőreg...
2026-07-23 01:11:49,457 - root - INFO - Fetched weather for Szőreg: 14.0°C, Clear, humidity: 62%
2026-07-23 01:11:50,558 - root - INFO - [949/1205] Fetching weather for Deszk...
2026-07-23 01:11:50,619 - root - INFO - Fetched weather for Deszk: 14.0°C, Clear, humidity: 64%
2026-07-23 01:11:51,721 - root - INFO - [950/1205] Fetching weather for Kiszombor...
2026-07-23 01:11:51,843 - root - INFO - Fetched weather for Kiszombor: 14.9°C, Clear, humidity: 67%
2026-07-23 01:11:52,944 - root - INFO - [951/1205] Fetching weather for Kiszombor megálló...
2026-07-23 01:11:52,997 - root - INFO - Fetched weather for Kiszombor megálló: 14.9°C, Clear, humidity: 67%
2026-07-23 01:11:54,099 - root - INFO - [952/1205] Fetching weather for Makó...
2026-07-23 01:11:54,160 - root - INFO - Fetched weather for Makó: 14.9°C, Clear, humidity: 68%
2026-07-23 01:11:55,262 - root - INFO - [953/1205] Fetching weather for Apátfalva...
2026-07-23 01:11:55,323 - root - INFO - Fetched weather for Apátfalva: 14.9°C, Clear, humidity: 70%
2026-07-23 01:11:56,424 - root - INFO - [954/1205] Fetching weather for Magyarcsanád...
2026-07-23 01:11:56,486 - root - INFO - Fetched weather for Magyarcsanád: 14.9°C, Clear, humidity: 71%
2026-07-23 01:11:57,588 - root - INFO - [955/1205] Fetching weather for Nagylak...
2026-07-23 01:11:57,636 - root - INFO - Fetched weather for Nagylak: 17.9°C, Clouds, humidity: 73%
2026-07-23 01:11:58,738 - root - INFO - [956/1205] Fetching weather for Nagylaki Kendergyár...
2026-07-23 01:11:58,798 - root - INFO - Fetched weather for Nagylaki Kendergyár: 17.9°C, Clouds, humidity: 72%
2026-07-23 01:11:59,899 - root - INFO - [957/1205] Fetching weather for Csanádpalota...
2026-07-23 01:11:59,963 - root - INFO - Fetched weather for Csanádpalota: 17.9°C, Clouds, humidity: 71%
2026-07-23 01:12:01,064 - root - INFO - [958/1205] Fetching weather for Mezőhegyes...
2026-07-23 01:12:01,113 - root - INFO - Fetched weather for Mezőhegyes: 17.8°C, Clouds, humidity: 70%
2026-07-23 01:12:02,214 - root - INFO - [959/1205] Fetching weather for Végegyháza...
2026-07-23 01:12:02,265 - root - INFO - Fetched weather for Végegyháza: 17.8°C, Clouds, humidity: 70%
2026-07-23 01:12:03,366 - root - INFO - [960/1205] Fetching weather for Mezőkovácsháza...
2026-07-23 01:12:03,426 - root - INFO - Fetched weather for Mezőkovácsháza: 17.8°C, Clouds, humidity: 69%
2026-07-23 01:12:04,527 - root - INFO - [961/1205] Fetching weather for Mezőkovácsháza felső...
2026-07-23 01:12:04,583 - root - INFO - Fetched weather for Mezőkovácsháza felső: 17.8°C, Clouds, humidity: 69%
2026-07-23 01:12:05,684 - root - INFO - [962/1205] Fetching weather for Magyarbánhegyes...
2026-07-23 01:12:05,742 - root - INFO - Fetched weather for Magyarbánhegyes: 13.3°C, Clouds, humidity: 69%
2026-07-23 01:12:06,844 - root - INFO - [963/1205] Fetching weather for Medgyesegyháza...
2026-07-23 01:12:06,896 - root - INFO - Fetched weather for Medgyesegyháza: 13.2°C, Clouds, humidity: 69%
2026-07-23 01:12:07,997 - root - INFO - [964/1205] Fetching weather for Bánkút...
2026-07-23 01:12:08,052 - root - INFO - Fetched weather for Bánkút: 13.3°C, Clouds, humidity: 74%
2026-07-23 01:12:09,153 - root - INFO - [965/1205] Fetching weather for Belsőperegpuszta...
2026-07-23 01:12:09,205 - root - INFO - Fetched weather for Belsőperegpuszta: 17.8°C, Clouds, humidity: 72%
2026-07-23 01:12:10,306 - root - INFO - [966/1205] Fetching weather for Battonya...
2026-07-23 01:12:10,357 - root - INFO - Fetched weather for Battonya: 17.8°C, Clouds, humidity: 100%
2026-07-23 01:12:11,459 - root - INFO - [967/1205] Fetching weather for Baja-Dunafürdő...
2026-07-23 01:12:11,524 - root - INFO - Fetched weather for Baja-Dunafürdő: 14.9°C, Clear, humidity: 62%
2026-07-23 01:12:12,626 - root - INFO - [968/1205] Fetching weather for Kaposszekcső...
2026-07-23 01:12:12,676 - root - INFO - Fetched weather for Kaposszekcső: 15.3°C, Clouds, humidity: 63%
2026-07-23 01:12:13,777 - root - INFO - [969/1205] Fetching weather for Vásárosdombó...
2026-07-23 01:12:13,843 - root - INFO - Fetched weather for Vásárosdombó: 15.2°C, Clear, humidity: 64%
2026-07-23 01:12:14,944 - root - INFO - [970/1205] Fetching weather for Sásd...
2026-07-23 01:12:14,997 - root - INFO - Fetched weather for Sásd: 15.0°C, Clouds, humidity: 65%
2026-07-23 01:12:16,098 - root - INFO - [971/1205] Fetching weather for Godisa...
2026-07-23 01:12:16,157 - root - INFO - Fetched weather for Godisa: 14.7°C, Clouds, humidity: 66%
2026-07-23 01:12:17,258 - root - INFO - [972/1205] Fetching weather for Abaliget...
2026-07-23 01:12:17,316 - root - INFO - Fetched weather for Abaliget: 14.5°C, Clouds, humidity: 67%
2026-07-23 01:12:18,417 - root - INFO - [973/1205] Fetching weather for Hetvehely...
2026-07-23 01:12:18,467 - root - INFO - Fetched weather for Hetvehely: 14.6°C, Clouds, humidity: 67%
2026-07-23 01:12:19,569 - root - INFO - [974/1205] Fetching weather for Bükkösd...
2026-07-23 01:12:19,632 - root - INFO - Fetched weather for Bükkösd: 14.5°C, Clouds, humidity: 66%
2026-07-23 01:12:20,734 - root - INFO - [975/1205] Fetching weather for Cserdi-Helesfa...
2026-07-23 01:12:20,784 - root - INFO - Fetched weather for Cserdi-Helesfa: 14.5°C, Clouds, humidity: 67%
2026-07-23 01:12:21,885 - root - INFO - [976/1205] Fetching weather for Szentlőrinc...
2026-07-23 01:12:21,939 - root - INFO - Fetched weather for Szentlőrinc: 14.9°C, Clouds, humidity: 67%
2026-07-23 01:12:23,040 - root - INFO - [977/1205] Fetching weather for Bicsérd...
2026-07-23 01:12:23,097 - root - INFO - Fetched weather for Bicsérd: 14.8°C, Clouds, humidity: 69%
2026-07-23 01:12:24,199 - root - INFO - [978/1205] Fetching weather for Mecsekalja-Cserkút...
2026-07-23 01:12:24,256 - root - INFO - Fetched weather for Mecsekalja-Cserkút: 14.2°C, Clouds, humidity: 70%
2026-07-23 01:12:25,357 - root - INFO - [979/1205] Fetching weather for Pécs...
2026-07-23 01:12:25,409 - root - INFO - Fetched weather for Pécs: 12.0°C, Clouds, humidity: 71%
2026-07-23 01:12:26,510 - root - INFO - [980/1205] Fetching weather for Pécs-Külváros...
2026-07-23 01:12:26,560 - root - INFO - Fetched weather for Pécs-Külváros: 12.0°C, Clouds, humidity: 71%
2026-07-23 01:12:27,662 - root - INFO - [981/1205] Fetching weather for Pécsbánya-Rendező...
2026-07-23 01:12:27,727 - root - INFO - Fetched weather for Pécsbánya-Rendező: 11.9°C, Clouds, humidity: 71%
2026-07-23 01:12:28,828 - root - INFO - [982/1205] Fetching weather for Pécsudvard...
2026-07-23 01:12:28,946 - root - INFO - Fetched weather for Pécsudvard: 11.8°C, Clouds, humidity: 73%
2026-07-23 01:12:30,047 - root - INFO - [983/1205] Fetching weather for Szőkéd...
2026-07-23 01:12:30,101 - root - INFO - Fetched weather for Szőkéd: 12.0°C, Clouds, humidity: 80%
2026-07-23 01:12:31,203 - root - INFO - [984/1205] Fetching weather for Áta...
2026-07-23 01:12:31,259 - root - INFO - Fetched weather for Áta: 12.1°C, Clouds, humidity: 80%
2026-07-23 01:12:32,361 - root - INFO - [985/1205] Fetching weather for Kistótfalu...
2026-07-23 01:12:32,572 - root - INFO - Fetched weather for Kistótfalu: 12.1°C, Clouds, humidity: 80%
2026-07-23 01:12:33,674 - root - INFO - [986/1205] Fetching weather for Vokány...
2026-07-23 01:12:33,729 - root - INFO - Fetched weather for Vokány: 12.1°C, Clouds, humidity: 80%
2026-07-23 01:12:34,831 - root - INFO - [987/1205] Fetching weather for Palkonya...
2026-07-23 01:12:34,895 - root - INFO - Fetched weather for Palkonya: 12.1°C, Clouds, humidity: 80%
2026-07-23 01:12:35,997 - root - INFO - [988/1205] Fetching weather for Villánykövesd...
2026-07-23 01:12:36,195 - root - INFO - Fetched weather for Villánykövesd: 12.1°C, Clear, humidity: 80%
2026-07-23 01:12:37,297 - root - INFO - [989/1205] Fetching weather for Villány...
2026-07-23 01:12:37,346 - root - INFO - Fetched weather for Villány: 12.2°C, Clear, humidity: 80%
2026-07-23 01:12:38,448 - root - INFO - [990/1205] Fetching weather for Magyarbóly...
2026-07-23 01:12:38,503 - root - INFO - Fetched weather for Magyarbóly: 12.2°C, Clear, humidity: 80%
2026-07-23 01:12:39,604 - root - INFO - [991/1205] Fetching weather for Magyarszék...
2026-07-23 01:12:39,670 - root - INFO - Fetched weather for Magyarszék: 14.7°C, Clouds, humidity: 67%
2026-07-23 01:12:40,772 - root - INFO - [992/1205] Fetching weather for Mecsekpölöske...
2026-07-23 01:12:40,828 - root - INFO - Fetched weather for Mecsekpölöske: 14.5°C, Clear, humidity: 66%
2026-07-23 01:12:41,929 - root - INFO - [993/1205] Fetching weather for Mecsekjánosi...
2026-07-23 01:12:41,979 - root - INFO - Fetched weather for Mecsekjánosi: 14.4°C, Clear, humidity: 66%
2026-07-23 01:12:43,080 - root - INFO - [994/1205] Fetching weather for Komló...
2026-07-23 01:12:43,132 - root - INFO - Fetched weather for Komló: 14.7°C, Clear, humidity: 67%
2026-07-23 01:12:44,233 - root - INFO - [995/1205] Fetching weather for Királyegyháza-Rigópuszta...
2026-07-23 01:12:44,289 - root - INFO - Fetched weather for Királyegyháza-Rigópuszta: 14.8°C, Clouds, humidity: 68%
2026-07-23 01:12:45,390 - root - INFO - [996/1205] Fetching weather for Sumony...
2026-07-23 01:12:45,449 - root - INFO - Fetched weather for Sumony: 14.8°C, Clouds, humidity: 66%
2026-07-23 01:12:46,550 - root - INFO - [997/1205] Fetching weather for Okorág-Kárászpuszta...
2026-07-23 01:12:46,601 - root - INFO - Fetched weather for Okorág-Kárászpuszta: 14.8°C, Clouds, humidity: 66%
2026-07-23 01:12:47,703 - root - INFO - [998/1205] Fetching weather for Kákics...
2026-07-23 01:12:47,753 - root - INFO - Fetched weather for Kákics: 14.7°C, Clouds, humidity: 65%
2026-07-23 01:12:48,854 - root - INFO - [999/1205] Fetching weather for Bóly...
2026-07-23 01:12:48,907 - root - INFO - Fetched weather for Bóly: 12.0°C, Clear, humidity: 80%
2026-07-23 01:12:50,009 - root - INFO - [1000/1205] Fetching weather for Mohács...
2026-07-23 01:12:50,059 - root - INFO - Fetched weather for Mohács: 12.3°C, Clear, humidity: 71%
2026-07-23 01:12:51,160 - root - INFO - [1001/1205] Fetching weather for Sellye...
2026-07-23 01:12:51,217 - root - INFO - Fetched weather for Sellye: 14.7°C, Clouds, humidity: 66%
2026-07-23 01:12:52,319 - root - INFO - [1002/1205] Fetching weather for Toponár...
2026-07-23 01:12:52,374 - root - INFO - Fetched weather for Toponár: 15.9°C, Clouds, humidity: 56%
2026-07-23 01:12:53,476 - root - INFO - [1003/1205] Fetching weather for Somogyaszaló...
2026-07-23 01:12:53,527 - root - INFO - Fetched weather for Somogyaszaló: 15.9°C, Clouds, humidity: 55%
2026-07-23 01:12:54,628 - root - INFO - [1004/1205] Fetching weather for Mernye...
2026-07-23 01:12:54,680 - root - INFO - Fetched weather for Mernye: 16.1°C, Clouds, humidity: 54%
2026-07-23 01:12:55,781 - root - INFO - [1005/1205] Fetching weather for Felsőmocsolád...
2026-07-23 01:12:55,835 - root - INFO - Fetched weather for Felsőmocsolád: 16.0°C, Clouds, humidity: 54%
2026-07-23 01:12:56,936 - root - INFO - [1006/1205] Fetching weather for Kisbárapáti...
2026-07-23 01:12:56,991 - root - INFO - Fetched weather for Kisbárapáti: 15.8°C, Clouds, humidity: 54%
2026-07-23 01:12:58,092 - root - INFO - [1007/1205] Fetching weather for Bonnya...
2026-07-23 01:12:58,143 - root - INFO - Fetched weather for Bonnya: 16.1°C, Clouds, humidity: 55%
2026-07-23 01:12:59,244 - root - INFO - [1008/1205] Fetching weather for Andocs...
2026-07-23 01:12:59,296 - root - INFO - Fetched weather for Andocs: 15.6°C, Clouds, humidity: 55%
2026-07-23 01:13:00,397 - root - INFO - [1009/1205] Fetching weather for Karád...
2026-07-23 01:13:00,449 - root - INFO - Fetched weather for Karád: 19.1°C, Clouds, humidity: 55%
2026-07-23 01:13:01,550 - root - INFO - [1010/1205] Fetching weather for Somogymeggyes...
2026-07-23 01:13:01,601 - root - INFO - Fetched weather for Somogymeggyes: 18.7°C, Clouds, humidity: 55%
2026-07-23 01:13:02,703 - root - INFO - [1011/1205] Fetching weather for Kapoly...
2026-07-23 01:13:02,753 - root - INFO - Fetched weather for Kapoly: 19.0°C, Clouds, humidity: 56%
2026-07-23 01:13:03,854 - root - INFO - [1012/1205] Fetching weather for Tab...
2026-07-23 01:13:03,908 - root - INFO - Fetched weather for Tab: 18.0°C, Clouds, humidity: 56%
2026-07-23 01:13:05,010 - root - INFO - [1013/1205] Fetching weather for Bábonymegyer...
2026-07-23 01:13:05,066 - root - INFO - Fetched weather for Bábonymegyer: 18.1°C, Clouds, humidity: 79%
2026-07-23 01:13:06,168 - root - INFO - [1014/1205] Fetching weather for Daránypuszta...
2026-07-23 01:13:06,218 - root - INFO - Fetched weather for Daránypuszta: 18.2°C, Clouds, humidity: 79%
2026-07-23 01:13:07,320 - root - INFO - [1015/1205] Fetching weather for Som-Nagyberény...
2026-07-23 01:13:07,371 - root - INFO - Fetched weather for Som-Nagyberény: 18.2°C, Clouds, humidity: 79%
2026-07-23 01:13:08,472 - root - INFO - [1016/1205] Fetching weather for Ádánd...
2026-07-23 01:13:08,529 - root - INFO - Fetched weather for Ádánd: 18.3°C, Clouds, humidity: 79%
2026-07-23 01:13:09,631 - root - INFO - [1017/1205] Fetching weather for Siójut...
2026-07-23 01:13:09,681 - root - INFO - Fetched weather for Siójut: 18.3°C, Clouds, humidity: 79%
2026-07-23 01:13:10,783 - root - INFO - [1018/1205] Fetching weather for Kapostüskevár...
2026-07-23 01:13:10,836 - root - INFO - Fetched weather for Kapostüskevár: 16.1°C, Clouds, humidity: 56%
2026-07-23 01:13:11,937 - root - INFO - [1019/1205] Fetching weather for Kaposfüred...
2026-07-23 01:13:11,993 - root - INFO - Fetched weather for Kaposfüred: 16.0°C, Clouds, humidity: 55%
2026-07-23 01:13:13,094 - root - INFO - [1020/1205] Fetching weather for Várda...
2026-07-23 01:13:13,149 - root - INFO - Fetched weather for Várda: 15.9°C, Clouds, humidity: 54%
2026-07-23 01:13:14,251 - root - INFO - [1021/1205] Fetching weather for Somogyjád...
2026-07-23 01:13:14,303 - root - INFO - Fetched weather for Somogyjád: 16.1°C, Clouds, humidity: 54%
2026-07-23 01:13:15,405 - root - INFO - [1022/1205] Fetching weather for Osztopán...
2026-07-23 01:13:15,455 - root - INFO - Fetched weather for Osztopán: 16.1°C, Clouds, humidity: 54%
2026-07-23 01:13:16,556 - root - INFO - [1023/1205] Fetching weather for Pamuk...
2026-07-23 01:13:16,605 - root - INFO - Fetched weather for Pamuk: 16.2°C, Clouds, humidity: 54%
2026-07-23 01:13:17,706 - root - INFO - [1024/1205] Fetching weather for Somogyvár...
2026-07-23 01:13:17,768 - root - INFO - Fetched weather for Somogyvár: 16.3°C, Clouds, humidity: 54%
2026-07-23 01:13:18,869 - root - INFO - [1025/1205] Fetching weather for Öreglak...
2026-07-23 01:13:18,919 - root - INFO - Fetched weather for Öreglak: 16.4°C, Clouds, humidity: 54%
2026-07-23 01:13:20,021 - root - INFO - [1026/1205] Fetching weather for Tatárvár...
2026-07-23 01:13:20,072 - root - INFO - Fetched weather for Tatárvár: 16.3°C, Clouds, humidity: 55%
2026-07-23 01:13:21,173 - root - INFO - [1027/1205] Fetching weather for Lengyeltóti...
2026-07-23 01:13:21,227 - root - INFO - Fetched weather for Lengyeltóti: 16.4°C, Clouds, humidity: 55%
2026-07-23 01:13:22,328 - root - INFO - [1028/1205] Fetching weather for Pusztaberény...
2026-07-23 01:13:22,381 - root - INFO - Fetched weather for Pusztaberény: 16.6°C, Clouds, humidity: 55%
2026-07-23 01:13:23,483 - root - INFO - [1029/1205] Fetching weather for Örkény...
2026-07-23 01:13:23,533 - root - INFO - Fetched weather for Örkény: 15.3°C, Clouds, humidity: 59%
2026-07-23 01:13:24,635 - root - INFO - [1030/1205] Fetching weather for Táborfalva...
2026-07-23 01:13:24,685 - root - INFO - Fetched weather for Táborfalva: 15.2°C, Clouds, humidity: 59%
2026-07-23 01:13:25,787 - root - INFO - [1031/1205] Fetching weather for Felsőlajos...
2026-07-23 01:13:25,837 - root - INFO - Fetched weather for Felsőlajos: 15.1°C, Clouds, humidity: 59%
2026-07-23 01:13:26,938 - root - INFO - [1032/1205] Fetching weather for Lajosmizse...
2026-07-23 01:13:26,992 - root - INFO - Fetched weather for Lajosmizse: 15.1°C, Clouds, humidity: 59%
2026-07-23 01:13:28,093 - root - INFO - [1033/1205] Fetching weather for Lajosmizse alsó...
2026-07-23 01:13:28,142 - root - INFO - Fetched weather for Lajosmizse alsó: 15.1°C, Clouds, humidity: 59%
2026-07-23 01:13:29,243 - root - INFO - [1034/1205] Fetching weather for Klábertelep...
2026-07-23 01:13:29,299 - root - INFO - Fetched weather for Klábertelep: 15.0°C, Clouds, humidity: 59%
2026-07-23 01:13:30,400 - root - INFO - [1035/1205] Fetching weather for Méntelek...
2026-07-23 01:13:30,462 - root - INFO - Fetched weather for Méntelek: 15.0°C, Clouds, humidity: 59%
2026-07-23 01:13:31,564 - root - INFO - [1036/1205] Fetching weather for Hetényegyháza...
2026-07-23 01:13:31,615 - root - INFO - Fetched weather for Hetényegyháza: 14.9°C, Clouds, humidity: 59%
2026-07-23 01:13:32,716 - root - INFO - [1037/1205] Fetching weather for Kecskemét-Máriaváros...
2026-07-23 01:13:32,773 - root - INFO - Fetched weather for Kecskemét-Máriaváros: 16.0°C, Clouds, humidity: 59%
2026-07-23 01:13:33,875 - root - INFO - [1038/1205] Fetching weather for Nyársapát...
2026-07-23 01:13:33,927 - root - INFO - Fetched weather for Nyársapát: 12.0°C, Clouds, humidity: 63%
2026-07-23 01:13:35,028 - root - INFO - [1039/1205] Fetching weather for Nagykőrös...
2026-07-23 01:13:35,080 - root - INFO - Fetched weather for Nagykőrös: 12.0°C, Clouds, humidity: 62%
2026-07-23 01:13:36,182 - root - INFO - [1040/1205] Fetching weather for Katonatelep...
2026-07-23 01:13:36,231 - root - INFO - Fetched weather for Katonatelep: 14.8°C, Clouds, humidity: 60%
2026-07-23 01:13:37,332 - root - INFO - [1041/1205] Fetching weather for Kecskemét...
2026-07-23 01:13:37,400 - root - INFO - Fetched weather for Kecskemét: 16.0°C, Clouds, humidity: 59%
2026-07-23 01:13:38,502 - root - INFO - [1042/1205] Fetching weather for Városföld...
2026-07-23 01:13:38,555 - root - INFO - Fetched weather for Városföld: 16.0°C, Clouds, humidity: 42%
2026-07-23 01:13:39,656 - root - INFO - [1043/1205] Fetching weather for Kiskunfélegyháza...
2026-07-23 01:13:39,707 - root - INFO - Fetched weather for Kiskunfélegyháza: 16.1°C, Clouds, humidity: 42%
2026-07-23 01:13:40,808 - root - INFO - [1044/1205] Fetching weather for Petőfiszállás...
2026-07-23 01:13:40,866 - root - INFO - Fetched weather for Petőfiszállás: 16.1°C, Clouds, humidity: 42%
2026-07-23 01:13:41,967 - root - INFO - [1045/1205] Fetching weather for Csengele...
2026-07-23 01:13:42,020 - root - INFO - Fetched weather for Csengele: 16.1°C, Clouds, humidity: 42%
2026-07-23 01:13:43,121 - root - INFO - [1046/1205] Fetching weather for Kistelek...
2026-07-23 01:13:43,172 - root - INFO - Fetched weather for Kistelek: 13.9°C, Clouds, humidity: 56%
2026-07-23 01:13:44,273 - root - INFO - [1047/1205] Fetching weather for Balástya...
2026-07-23 01:13:44,322 - root - INFO - Fetched weather for Balástya: 13.9°C, Clouds, humidity: 56%
2026-07-23 01:13:45,424 - root - INFO - [1048/1205] Fetching weather for Szatymaz...
2026-07-23 01:13:45,472 - root - INFO - Fetched weather for Szatymaz: 13.9°C, Clouds, humidity: 56%
2026-07-23 01:13:46,574 - root - INFO - [1049/1205] Fetching weather for Kiskundorozsma...
2026-07-23 01:13:46,635 - root - INFO - Fetched weather for Kiskundorozsma: 14.0°C, Clouds, humidity: 56%
2026-07-23 01:13:47,736 - root - INFO - [1050/1205] Fetching weather for Szeged...
2026-07-23 01:13:47,792 - root - INFO - Fetched weather for Szeged: 13.9°C, Clear, humidity: 56%
2026-07-23 01:13:48,893 - root - INFO - [1051/1205] Fetching weather for Alsóúrrét...
2026-07-23 01:13:48,936 - root - INFO - Fetched weather for Alsóúrrét: 16.0°C, Clouds, humidity: 59%
2026-07-23 01:13:50,037 - root - INFO - [1052/1205] Fetching weather for Nyárlőrinc...
2026-07-23 01:13:50,089 - root - INFO - Fetched weather for Nyárlőrinc: 16.1°C, Clouds, humidity: 42%
2026-07-23 01:13:51,190 - root - INFO - [1053/1205] Fetching weather for Világoshegy...
2026-07-23 01:13:51,247 - root - INFO - Fetched weather for Világoshegy: 16.1°C, Clouds, humidity: 42%
2026-07-23 01:13:52,348 - root - INFO - [1054/1205] Fetching weather for Szikra...
2026-07-23 01:13:52,403 - root - INFO - Fetched weather for Szikra: 16.1°C, Clouds, humidity: 42%
2026-07-23 01:13:53,504 - root - INFO - [1055/1205] Fetching weather for Lakitelek...
2026-07-23 01:13:53,557 - root - INFO - Fetched weather for Lakitelek: 16.1°C, Clouds, humidity: 59%
2026-07-23 01:13:54,659 - root - INFO - [1056/1205] Fetching weather for Tiszaug...
2026-07-23 01:13:54,722 - root - INFO - Fetched weather for Tiszaug: 16.2°C, Clear, humidity: 59%
2026-07-23 01:13:55,823 - root - INFO - [1057/1205] Fetching weather for Tiszasas...
2026-07-23 01:13:55,887 - root - INFO - Fetched weather for Tiszasas: 16.2°C, Clear, humidity: 59%
2026-07-23 01:13:56,988 - root - INFO - [1058/1205] Fetching weather for Csépa...
2026-07-23 01:13:57,040 - root - INFO - Fetched weather for Csépa: 17.8°C, Clear, humidity: 45%
2026-07-23 01:13:58,141 - root - INFO - [1059/1205] Fetching weather for Szelevény...
2026-07-23 01:13:58,191 - root - INFO - Fetched weather for Szelevény: 17.8°C, Clear, humidity: 45%
2026-07-23 01:13:59,292 - root - INFO - [1060/1205] Fetching weather for Gátér...
2026-07-23 01:13:59,348 - root - INFO - Fetched weather for Gátér: 16.2°C, Clouds, humidity: 42%
2026-07-23 01:14:00,450 - root - INFO - [1061/1205] Fetching weather for Kónyaszék...
2026-07-23 01:14:00,504 - root - INFO - Fetched weather for Kónyaszék: 17.8°C, Clear, humidity: 45%
2026-07-23 01:14:01,605 - root - INFO - [1062/1205] Fetching weather for Csongrád...
2026-07-23 01:14:01,657 - root - INFO - Fetched weather for Csongrád: 17.8°C, Clear, humidity: 45%
2026-07-23 01:14:02,759 - root - INFO - [1063/1205] Fetching weather for Hékéd...
2026-07-23 01:14:02,811 - root - INFO - Fetched weather for Hékéd: 17.8°C, Clouds, humidity: 45%
2026-07-23 01:14:03,912 - root - INFO - [1064/1205] Fetching weather for Fábiánsebestyén...
2026-07-23 01:14:03,965 - root - INFO - Fetched weather for Fábiánsebestyén: 17.8°C, Clear, humidity: 45%
2026-07-23 01:14:05,066 - root - INFO - [1065/1205] Fetching weather for Gádoros...
2026-07-23 01:14:05,117 - root - INFO - Fetched weather for Gádoros: 17.8°C, Clear, humidity: 60%
2026-07-23 01:14:06,218 - root - INFO - [1066/1205] Fetching weather for Justhmajor...
2026-07-23 01:14:06,271 - root - INFO - Fetched weather for Justhmajor: 17.8°C, Clear, humidity: 61%
2026-07-23 01:14:07,373 - root - INFO - [1067/1205] Fetching weather for Szentetornya...
2026-07-23 01:14:07,427 - root - INFO - Fetched weather for Szentetornya: 17.8°C, Clear, humidity: 61%
2026-07-23 01:14:08,529 - root - INFO - [1068/1205] Fetching weather for Gyopárosfürdő...
2026-07-23 01:14:08,578 - root - INFO - Fetched weather for Gyopárosfürdő: 17.8°C, Clear, humidity: 62%
2026-07-23 01:14:09,679 - root - INFO - [1069/1205] Fetching weather for Szabadságliget...
2026-07-23 01:14:09,728 - root - INFO - Fetched weather for Szabadságliget: 14.2°C, Clouds, humidity: 66%
2026-07-23 01:14:10,829 - root - INFO - [1070/1205] Fetching weather for Röszke...
2026-07-23 01:14:10,890 - root - INFO - Fetched weather for Röszke: 14.0°C, Clear, humidity: 56%
2026-07-23 01:14:11,991 - root - INFO - [1071/1205] Fetching weather for Tószeg...
2026-07-23 01:14:12,042 - root - INFO - Fetched weather for Tószeg: 12.2°C, Clouds, humidity: 62%
2026-07-23 01:14:13,144 - root - INFO - [1072/1205] Fetching weather for Tiszavárkony...
2026-07-23 01:14:13,197 - root - INFO - Fetched weather for Tiszavárkony: 12.2°C, Clouds, humidity: 62%
2026-07-23 01:14:14,298 - root - INFO - [1073/1205] Fetching weather for Tiszajenő-Vezseny...
2026-07-23 01:14:14,351 - root - INFO - Fetched weather for Tiszajenő-Vezseny: 12.2°C, Clouds, humidity: 62%
2026-07-23 01:14:15,452 - root - INFO - [1074/1205] Fetching weather for Újbög...
2026-07-23 01:14:15,513 - root - INFO - Fetched weather for Újbög: 12.2°C, Clear, humidity: 62%
2026-07-23 01:14:16,614 - root - INFO - [1075/1205] Fetching weather for Tiszakécske...
2026-07-23 01:14:16,666 - root - INFO - Fetched weather for Tiszakécske: 12.2°C, Clear, humidity: 62%
2026-07-23 01:14:17,767 - root - INFO - [1076/1205] Fetching weather for Kerekdomb...
2026-07-23 01:14:17,820 - root - INFO - Fetched weather for Kerekdomb: 12.2°C, Clear, humidity: 60%
2026-07-23 01:14:18,922 - root - INFO - [1077/1205] Fetching weather for Tiszaalpár...
2026-07-23 01:14:18,975 - root - INFO - Fetched weather for Tiszaalpár: 16.1°C, Clear, humidity: 42%
2026-07-23 01:14:20,076 - root - INFO - [1078/1205] Fetching weather for Tiszaalpár alsó...
2026-07-23 01:14:20,131 - root - INFO - Fetched weather for Tiszaalpár alsó: 16.1°C, Clear, humidity: 42%
2026-07-23 01:14:21,232 - root - INFO - [1079/1205] Fetching weather for Tiszatenyő...
2026-07-23 01:14:21,284 - root - INFO - Fetched weather for Tiszatenyő: 12.2°C, Clouds, humidity: 62%
2026-07-23 01:14:22,385 - root - INFO - [1080/1205] Fetching weather for Pusztapó...
2026-07-23 01:14:22,435 - root - INFO - Fetched weather for Pusztapó: 12.2°C, Clouds, humidity: 61%
2026-07-23 01:14:23,536 - root - INFO - [1081/1205] Fetching weather for Kétpó...
2026-07-23 01:14:23,589 - root - INFO - Fetched weather for Kétpó: 12.2°C, Clouds, humidity: 60%
2026-07-23 01:14:24,691 - root - INFO - [1082/1205] Fetching weather for Mezőtúr...
2026-07-23 01:14:24,745 - root - INFO - Fetched weather for Mezőtúr: 14.5°C, Clouds, humidity: 60%
2026-07-23 01:14:25,846 - root - INFO - [1083/1205] Fetching weather for Nagylapos...
2026-07-23 01:14:25,902 - root - INFO - Fetched weather for Nagylapos: 14.4°C, Clear, humidity: 59%
2026-07-23 01:14:27,004 - root - INFO - [1084/1205] Fetching weather for Gyoma...
2026-07-23 01:14:27,062 - root - INFO - Fetched weather for Gyoma: 14.4°C, Clear, humidity: 60%
2026-07-23 01:14:28,164 - root - INFO - [1085/1205] Fetching weather for Csárdaszállás...
2026-07-23 01:14:28,217 - root - INFO - Fetched weather for Csárdaszállás: 13.3°C, Clear, humidity: 61%
2026-07-23 01:14:29,319 - root - INFO - [1086/1205] Fetching weather for Mezőberény...
2026-07-23 01:14:29,375 - root - INFO - Fetched weather for Mezőberény: 13.3°C, Clear, humidity: 74%
2026-07-23 01:14:30,476 - root - INFO - [1087/1205] Fetching weather for Murony...
2026-07-23 01:14:30,536 - root - INFO - Fetched weather for Murony: 13.3°C, Clear, humidity: 74%
2026-07-23 01:14:31,637 - root - INFO - [1088/1205] Fetching weather for Békéscsaba...
2026-07-23 01:14:31,689 - root - INFO - Fetched weather for Békéscsaba: 13.3°C, Clouds, humidity: 74%
2026-07-23 01:14:32,790 - root - INFO - [1089/1205] Fetching weather for Kétegyháza...
2026-07-23 01:14:32,851 - root - INFO - Fetched weather for Kétegyháza: 13.3°C, Clouds, humidity: 74%
2026-07-23 01:14:33,953 - root - INFO - [1090/1205] Fetching weather for Lőkösháza...
2026-07-23 01:14:34,017 - root - INFO - Fetched weather for Lőkösháza: 13.9°C, Clouds, humidity: 71%
2026-07-23 01:14:35,118 - root - INFO - [1091/1205] Fetching weather for Kengyel...
2026-07-23 01:14:35,176 - root - INFO - Fetched weather for Kengyel: 12.2°C, Clouds, humidity: 62%
2026-07-23 01:14:36,277 - root - INFO - [1092/1205] Fetching weather for Bagimajor...
2026-07-23 01:14:36,340 - root - INFO - Fetched weather for Bagimajor: 12.2°C, Clouds, humidity: 62%
2026-07-23 01:14:37,441 - root - INFO - [1093/1205] Fetching weather for Martfű...
2026-07-23 01:14:37,496 - root - INFO - Fetched weather for Martfű: 12.2°C, Clear, humidity: 62%
2026-07-23 01:14:38,597 - root - INFO - [1094/1205] Fetching weather for Tiszaföldvár...
2026-07-23 01:14:38,651 - root - INFO - Fetched weather for Tiszaföldvár: 12.2°C, Clear, humidity: 62%
2026-07-23 01:14:39,752 - root - INFO - [1095/1205] Fetching weather for Homok...
2026-07-23 01:14:39,807 - root - INFO - Fetched weather for Homok: 12.2°C, Clear, humidity: 62%
2026-07-23 01:14:40,908 - root - INFO - [1096/1205] Fetching weather for Kungyalu...
2026-07-23 01:14:40,959 - root - INFO - Fetched weather for Kungyalu: 12.2°C, Clear, humidity: 59%
2026-07-23 01:14:42,061 - root - INFO - [1097/1205] Fetching weather for Kunszentmárton...
2026-07-23 01:14:42,118 - root - INFO - Fetched weather for Kunszentmárton: 17.8°C, Clear, humidity: 58%
2026-07-23 01:14:43,219 - root - INFO - [1098/1205] Fetching weather for Nagytőke...
2026-07-23 01:14:43,271 - root - INFO - Fetched weather for Nagytőke: 17.8°C, Clear, humidity: 45%
2026-07-23 01:14:44,373 - root - INFO - [1099/1205] Fetching weather for Szentes...
2026-07-23 01:14:44,432 - root - INFO - Fetched weather for Szentes: 17.8°C, Clouds, humidity: 45%
2026-07-23 01:14:45,533 - root - INFO - [1100/1205] Fetching weather for Szegvár...
2026-07-23 01:14:45,586 - root - INFO - Fetched weather for Szegvár: 17.8°C, Clouds, humidity: 45%
2026-07-23 01:14:46,687 - root - INFO - [1101/1205] Fetching weather for Mindszent...
2026-07-23 01:14:46,738 - root - INFO - Fetched weather for Mindszent: 17.8°C, Clouds, humidity: 45%
2026-07-23 01:14:47,840 - root - INFO - [1102/1205] Fetching weather for Mártély...
2026-07-23 01:14:47,891 - root - INFO - Fetched weather for Mártély: 17.8°C, Clouds, humidity: 59%
2026-07-23 01:14:48,992 - root - INFO - [1103/1205] Fetching weather for Pusztabánréve...
2026-07-23 01:14:49,044 - root - INFO - Fetched weather for Pusztabánréve: 14.5°C, Clear, humidity: 59%
2026-07-23 01:14:50,146 - root - INFO - [1104/1205] Fetching weather for Szarvas...
2026-07-23 01:14:50,201 - root - INFO - Fetched weather for Szarvas: 14.5°C, Clear, humidity: 59%
2026-07-23 01:14:51,302 - root - INFO - [1105/1205] Fetching weather for Csabacsűd...
2026-07-23 01:14:51,362 - root - INFO - Fetched weather for Csabacsűd: 14.5°C, Clear, humidity: 59%
2026-07-23 01:14:52,463 - root - INFO - [1106/1205] Fetching weather for Kisszénás...
2026-07-23 01:14:52,519 - root - INFO - Fetched weather for Kisszénás: 14.5°C, Clouds, humidity: 60%
2026-07-23 01:14:53,620 - root - INFO - [1107/1205] Fetching weather for Kiscsákó...
2026-07-23 01:14:53,674 - root - INFO - Fetched weather for Kiscsákó: 14.5°C, Clouds, humidity: 61%
2026-07-23 01:14:54,776 - root - INFO - [1108/1205] Fetching weather for Nagyszénás...
2026-07-23 01:14:54,829 - root - INFO - Fetched weather for Nagyszénás: 14.5°C, Clouds, humidity: 61%
2026-07-23 01:14:55,930 - root - INFO - [1109/1205] Fetching weather for Kardoskút...
2026-07-23 01:14:55,986 - root - INFO - Fetched weather for Kardoskút: 14.6°C, Clear, humidity: 64%
2026-07-23 01:14:57,088 - root - INFO - [1110/1205] Fetching weather for Tótkomlós...
2026-07-23 01:14:57,144 - root - INFO - Fetched weather for Tótkomlós: 14.6°C, Clouds, humidity: 67%
2026-07-23 01:14:58,245 - root - INFO - [1111/1205] Fetching weather for Nagyér...
2026-07-23 01:14:58,300 - root - INFO - Fetched weather for Nagyér: 14.7°C, Clouds, humidity: 68%
2026-07-23 01:14:59,402 - root - INFO - [1112/1205] Fetching weather for Pitvaros...
2026-07-23 01:14:59,459 - root - INFO - Fetched weather for Pitvaros: 14.7°C, Clouds, humidity: 69%
2026-07-23 01:15:00,560 - root - INFO - [1113/1205] Fetching weather for Dévaványa...
2026-07-23 01:15:00,611 - root - INFO - Fetched weather for Dévaványa: 14.4°C, Clouds, humidity: 61%
2026-07-23 01:15:01,712 - root - INFO - [1114/1205] Fetching weather for Körösladány...
2026-07-23 01:15:01,763 - root - INFO - Fetched weather for Körösladány: 14.3°C, Clouds, humidity: 61%
2026-07-23 01:15:02,864 - root - INFO - [1115/1205] Fetching weather for Szeghalom...
2026-07-23 01:15:02,918 - root - INFO - Fetched weather for Szeghalom: 14.3°C, Clouds, humidity: 62%
2026-07-23 01:15:04,019 - root - INFO - [1116/1205] Fetching weather for Vésztő...
2026-07-23 01:15:04,083 - root - INFO - Fetched weather for Vésztő: 14.3°C, Clouds, humidity: 62%
2026-07-23 01:15:05,185 - root - INFO - [1117/1205] Fetching weather for Szeged-Rókus...
2026-07-23 01:15:05,241 - root - INFO - Fetched weather for Szeged-Rókus: 14.0°C, Clouds, humidity: 56%
2026-07-23 01:15:06,343 - root - INFO - [1118/1205] Fetching weather for Algyő...
2026-07-23 01:15:06,395 - root - INFO - Fetched weather for Algyő: 14.0°C, Clouds, humidity: 60%
2026-07-23 01:15:07,496 - root - INFO - [1119/1205] Fetching weather for Hódmezővásárhelyi Népkert...
2026-07-23 01:15:07,545 - root - INFO - Fetched weather for Hódmezővásárhelyi Népkert: 17.8°C, Clouds, humidity: 61%
2026-07-23 01:15:08,647 - root - INFO - [1120/1205] Fetching weather for Hódmezővásárhely...
2026-07-23 01:15:08,709 - root - INFO - Fetched weather for Hódmezővásárhely: 17.8°C, Clear, humidity: 61%
2026-07-23 01:15:09,811 - root - INFO - [1121/1205] Fetching weather for Körmend...
2026-07-23 01:15:09,864 - root - INFO - Fetched weather for Körmend: 16.0°C, Clouds, humidity: 73%
2026-07-23 01:15:10,965 - root - INFO - [1122/1205] Fetching weather for Szentgotthárd...
2026-07-23 01:15:11,022 - root - INFO - Fetched weather for Szentgotthárd: 15.8°C, Clouds, humidity: 81%
2026-07-23 01:15:12,124 - root - INFO - [1123/1205] Fetching weather for Szombathely...
2026-07-23 01:15:12,174 - root - INFO - Fetched weather for Szombathely: 16.1°C, Clouds, humidity: 69%
2026-07-23 01:15:13,275 - root - INFO - [1124/1205] Fetching weather for Sáferkút...
2026-07-23 01:15:13,325 - root - INFO - Fetched weather for Sáferkút: 15.1°C, Clouds, humidity: 62%
2026-07-23 01:15:14,427 - root - INFO - [1125/1205] Fetching weather for Magdolnavölgy...
2026-07-23 01:15:14,478 - root - INFO - Fetched weather for Magdolnavölgy: 14.2°C, Clouds, humidity: 69%
2026-07-23 01:15:15,579 - root - INFO - [1126/1205] Fetching weather for Haris...
2026-07-23 01:15:15,632 - root - INFO - Fetched weather for Haris: 15.9°C, Clouds, humidity: 80%
2026-07-23 01:15:16,733 - root - INFO - [1127/1205] Fetching weather for Egyházasrádóc...
2026-07-23 01:15:16,783 - root - INFO - Fetched weather for Egyházasrádóc: 15.9°C, Clouds, humidity: 72%
2026-07-23 01:15:17,884 - root - INFO - [1128/1205] Fetching weather for Alsórönök...
2026-07-23 01:15:17,934 - root - INFO - Fetched weather for Alsórönök: 15.9°C, Clouds, humidity: 79%
2026-07-23 01:15:19,035 - root - INFO - [1129/1205] Fetching weather for Szombathely-Szőlős...
2026-07-23 01:15:19,086 - root - INFO - Fetched weather for Szombathely-Szőlős: 16.1°C, Clouds, humidity: 70%
2026-07-23 01:15:20,188 - root - INFO - [1130/1205] Fetching weather for Rátót...
2026-07-23 01:15:20,245 - root - INFO - Fetched weather for Rátót: 15.8°C, Clouds, humidity: 77%
2026-07-23 01:15:21,346 - root - INFO - [1131/1205] Fetching weather for Ják-Balogunyom...
2026-07-23 01:15:21,408 - root - INFO - Fetched weather for Ják-Balogunyom: 16.1°C, Clouds, humidity: 71%
2026-07-23 01:15:22,509 - root - INFO - [1132/1205] Fetching weather for Vasvár...
2026-07-23 01:15:22,564 - root - INFO - Fetched weather for Vasvár: 16.2°C, Clouds, humidity: 68%
2026-07-23 01:15:23,666 - root - INFO - [1133/1205] Fetching weather for Répcelak...
2026-07-23 01:15:23,723 - root - INFO - Fetched weather for Répcelak: 16.7°C, Clouds, humidity: 60%
2026-07-23 01:15:24,824 - root - INFO - [1134/1205] Fetching weather for Rajka...
2026-07-23 01:15:24,876 - root - INFO - Fetched weather for Rajka: 17.5°C, Clouds, humidity: 58%
2026-07-23 01:15:25,978 - root - INFO - [1135/1205] Fetching weather for Püspökmolnári...
2026-07-23 01:15:26,029 - root - INFO - Fetched weather for Püspökmolnári: 16.2°C, Clouds, humidity: 69%
2026-07-23 01:15:27,130 - root - INFO - [1136/1205] Fetching weather for Kőszeg...
2026-07-23 01:15:27,186 - root - INFO - Fetched weather for Kőszeg: 15.7°C, Clouds, humidity: 66%
2026-07-23 01:15:28,288 - root - INFO - [1137/1205] Fetching weather for Kastélypark...
2026-07-23 01:15:28,338 - root - INFO - Fetched weather for Kastélypark: 17.2°C, Clouds, humidity: 51%
2026-07-23 01:15:29,439 - root - INFO - [1138/1205] Fetching weather for Hanságliget...
2026-07-23 01:15:29,504 - root - INFO - Fetched weather for Hanságliget: 17.8°C, Clouds, humidity: 58%
2026-07-23 01:15:30,606 - root - INFO - [1139/1205] Fetching weather for Vica...
2026-07-23 01:15:30,675 - root - INFO - Fetched weather for Vica: 16.8°C, Clouds, humidity: 59%
2026-07-23 01:15:31,776 - root - INFO - [1140/1205] Fetching weather for Vép...
2026-07-23 01:15:31,829 - root - INFO - Fetched weather for Vép: 16.2°C, Clouds, humidity: 68%
2026-07-23 01:15:32,930 - root - INFO - [1141/1205] Fetching weather for Mosonszolnok...
2026-07-23 01:15:32,981 - root - INFO - Fetched weather for Mosonszolnok: 17.8°C, Clouds, humidity: 58%
2026-07-23 01:15:34,082 - root - INFO - [1142/1205] Fetching weather for Jánossomorja...
2026-07-23 01:15:34,129 - root - INFO - Fetched weather for Jánossomorja: 17.8°C, Clouds, humidity: 53%
2026-07-23 01:15:35,230 - root - INFO - [1143/1205] Fetching weather for Bősárkány...
2026-07-23 01:15:35,286 - root - INFO - Fetched weather for Bősárkány: 17.8°C, Clouds, humidity: 58%
2026-07-23 01:15:36,388 - root - INFO - [1144/1205] Fetching weather for Szil-Sopronnémeti...
2026-07-23 01:15:36,450 - root - INFO - Fetched weather for Szil-Sopronnémeti: 17.8°C, Clouds, humidity: 58%
2026-07-23 01:15:37,551 - root - INFO - [1145/1205] Fetching weather for Magyarkeresztúr-Zsebeháza...
2026-07-23 01:15:37,608 - root - INFO - Fetched weather for Magyarkeresztúr-Zsebeháza: 17.8°C, Clouds, humidity: 58%
2026-07-23 01:15:38,710 - root - INFO - [1146/1205] Fetching weather for Páli-Vadosfa...
2026-07-23 01:15:38,762 - root - INFO - Fetched weather for Páli-Vadosfa: 17.7°C, Clouds, humidity: 59%
2026-07-23 01:15:39,864 - root - INFO - [1147/1205] Fetching weather for Beled...
2026-07-23 01:15:39,917 - root - INFO - Fetched weather for Beled: 16.8°C, Clouds, humidity: 59%
2026-07-23 01:15:41,018 - root - INFO - [1148/1205] Fetching weather for Dénesfa...
2026-07-23 01:15:41,072 - root - INFO - Fetched weather for Dénesfa: 16.7°C, Clouds, humidity: 60%
2026-07-23 01:15:42,173 - root - INFO - [1149/1205] Fetching weather for Csánig...
2026-07-23 01:15:42,234 - root - INFO - Fetched weather for Csánig: 16.7°C, Clouds, humidity: 60%
2026-07-23 01:15:43,336 - root - INFO - [1150/1205] Fetching weather for Vámoscsalád...
2026-07-23 01:15:43,393 - root - INFO - Fetched weather for Vámoscsalád: 16.6°C, Clouds, humidity: 61%
2026-07-23 01:15:44,494 - root - INFO - [1151/1205] Fetching weather for Vasegerszeg...
2026-07-23 01:15:44,543 - root - INFO - Fetched weather for Vasegerszeg: 16.6°C, Clouds, humidity: 62%
2026-07-23 01:15:45,645 - root - INFO - [1152/1205] Fetching weather for Hegyfalu...
2026-07-23 01:15:45,699 - root - INFO - Fetched weather for Hegyfalu: 16.6°C, Clouds, humidity: 62%
2026-07-23 01:15:46,800 - root - INFO - [1153/1205] Fetching weather for Pósfa...
2026-07-23 01:15:46,852 - root - INFO - Fetched weather for Pósfa: 16.5°C, Clouds, humidity: 64%
2026-07-23 01:15:47,953 - root - INFO - [1154/1205] Fetching weather for Ölbő-Alsószeleste...
2026-07-23 01:15:48,004 - root - INFO - Fetched weather for Ölbő-Alsószeleste: 16.2°C, Clouds, humidity: 65%
2026-07-23 01:15:49,105 - root - INFO - [1155/1205] Fetching weather for Gencsapáti felső...
2026-07-23 01:15:49,157 - root - INFO - Fetched weather for Gencsapáti felső: 15.9°C, Clouds, humidity: 68%
2026-07-23 01:15:50,258 - root - INFO - [1156/1205] Fetching weather for Lukácsháza alsó...
2026-07-23 01:15:50,314 - root - INFO - Fetched weather for Lukácsháza alsó: 15.9°C, Clouds, humidity: 67%
2026-07-23 01:15:51,415 - root - INFO - [1157/1205] Fetching weather for Kőszegfalva...
2026-07-23 01:15:51,468 - root - INFO - Fetched weather for Kőszegfalva: 15.8°C, Clouds, humidity: 67%
2026-07-23 01:15:52,569 - root - INFO - [1158/1205] Fetching weather for Gyöngyöshermán...
2026-07-23 01:15:52,626 - root - INFO - Fetched weather for Gyöngyöshermán: 16.1°C, Clouds, humidity: 70%
2026-07-23 01:15:53,727 - root - INFO - [1159/1205] Fetching weather for Bezenye...
2026-07-23 01:15:53,797 - root - INFO - Fetched weather for Bezenye: 17.5°C, Clouds, humidity: 58%
2026-07-23 01:15:54,898 - root - INFO - [1160/1205] Fetching weather for Kámon...
2026-07-23 01:15:54,961 - root - INFO - Fetched weather for Kámon: 16.0°C, Clouds, humidity: 69%
2026-07-23 01:15:56,063 - root - INFO - [1161/1205] Fetching weather for Sorkifalud...
2026-07-23 01:15:56,120 - root - INFO - Fetched weather for Sorkifalud: 16.2°C, Clouds, humidity: 70%
2026-07-23 01:15:57,221 - root - INFO - [1162/1205] Fetching weather for Szentléránt...
2026-07-23 01:15:57,274 - root - INFO - Fetched weather for Szentléránt: 16.2°C, Clouds, humidity: 70%
2026-07-23 01:15:58,375 - root - INFO - [1163/1205] Fetching weather for Pácsony...
2026-07-23 01:15:58,426 - root - INFO - Fetched weather for Pácsony: 16.1°C, Clouds, humidity: 68%
2026-07-23 01:15:59,528 - root - INFO - [1164/1205] Fetching weather for Győrvár...
2026-07-23 01:15:59,579 - root - INFO - Fetched weather for Győrvár: 16.1°C, Clouds, humidity: 68%
2026-07-23 01:16:00,680 - root - INFO - [1165/1205] Fetching weather for Egervár-Vasboldogasszony...
2026-07-23 01:16:00,740 - root - INFO - Fetched weather for Egervár-Vasboldogasszony: 16.4°C, Clouds, humidity: 67%
2026-07-23 01:16:01,841 - root - INFO - [1166/1205] Fetching weather for Zalaszentlőrinc...
2026-07-23 01:16:01,905 - root - INFO - Fetched weather for Zalaszentlőrinc: 16.3°C, Clouds, humidity: 67%
2026-07-23 01:16:03,007 - root - INFO - [1167/1205] Fetching weather for Gencsapáti alsó...
2026-07-23 01:16:03,056 - root - INFO - Fetched weather for Gencsapáti alsó: 16.0°C, Clouds, humidity: 69%
2026-07-23 01:16:04,157 - root - INFO - [1168/1205] Fetching weather for Gyöngyösfalu...
2026-07-23 01:16:04,208 - root - INFO - Fetched weather for Gyöngyösfalu: 15.9°C, Clouds, humidity: 68%
2026-07-23 01:16:05,309 - root - INFO - [1169/1205] Fetching weather for Lukácsháza...
2026-07-23 01:16:05,361 - root - INFO - Fetched weather for Lukácsháza: 15.8°C, Clouds, humidity: 68%
2026-07-23 01:16:06,462 - root - INFO - [1170/1205] Fetching weather for Horvátnádalja...
2026-07-23 01:16:06,522 - root - INFO - Fetched weather for Horvátnádalja: 16.0°C, Clouds, humidity: 74%
2026-07-23 01:16:07,624 - root - INFO - [1171/1205] Fetching weather for Csákánydoroszló...
2026-07-23 01:16:07,681 - root - INFO - Fetched weather for Csákánydoroszló: 16.0°C, Clouds, humidity: 76%
2026-07-23 01:16:08,783 - root - INFO - [1172/1205] Fetching weather for Váckisújfalu...
2026-07-23 01:16:08,850 - root - INFO - Fetched weather for Váckisújfalu: 17.5°C, Clouds, humidity: 59%
2026-07-23 01:16:09,952 - root - INFO - [1173/1205] Fetching weather for Csisztafürdő...
2026-07-23 01:16:10,002 - root - INFO - Fetched weather for Csisztafürdő: 16.6°C, Clouds, humidity: 55%
2026-07-23 01:16:11,104 - root - INFO - [1174/1205] Fetching weather for Mórágy...
2026-07-23 01:16:11,164 - root - INFO - Fetched weather for Mórágy: 14.8°C, Clear, humidity: 65%
2026-07-23 01:16:12,266 - root - INFO - [1175/1205] Fetching weather for Kismacs...
2026-07-23 01:16:12,320 - root - INFO - Fetched weather for Kismacs: 13.9°C, Clouds, humidity: 56%
2026-07-23 01:16:13,421 - root - INFO - [1176/1205] Fetching weather for Pusztaszentistván...
2026-07-23 01:16:13,474 - root - INFO - Fetched weather for Pusztaszentistván: 17.5°C, Clouds, humidity: 42%
2026-07-23 01:16:14,575 - root - INFO - [1177/1205] Fetching weather for Aranyvölgy...
2026-07-23 01:16:14,630 - root - INFO - Fetched weather for Aranyvölgy: 17.0°C, Clouds, humidity: 51%
2026-07-23 01:16:15,732 - root - INFO - [1178/1205] Fetching weather for Szélhegy...
2026-07-23 01:16:15,792 - root - INFO - Fetched weather for Szélhegy: 14.6°C, Clouds, humidity: 65%
2026-07-23 01:16:16,894 - root - INFO - [1179/1205] Fetching weather for Vörösvárbánya...
2026-07-23 01:16:16,946 - root - INFO - Fetched weather for Vörösvárbánya: 14.5°C, Clouds, humidity: 66%
2026-07-23 01:16:18,047 - root - INFO - [1180/1205] Fetching weather for Máriaszőlőtelep...
2026-07-23 01:16:18,102 - root - INFO - Fetched weather for Máriaszőlőtelep: 16.6°C, Clouds, humidity: 56%
2026-07-23 01:16:19,203 - root - INFO - [1181/1205] Fetching weather for Akadémiaújtelep...
2026-07-23 01:16:19,261 - root - INFO - Fetched weather for Akadémiaújtelep: 17.5°C, Clouds, humidity: 47%
2026-07-23 01:16:20,363 - root - INFO - [1182/1205] Fetching weather for Újpalota...
2026-07-23 01:16:20,427 - root - INFO - Fetched weather for Újpalota: 17.4°C, Clouds, humidity: 49%
2026-07-23 01:16:21,528 - root - INFO - [1183/1205] Fetching weather for Szeged, Somogyi utca...
2026-07-23 01:16:21,587 - root - INFO - Fetched weather for Szeged, Somogyi utca: 13.9°C, Clear, humidity: 56%
2026-07-23 01:16:22,688 - root - INFO - [1184/1205] Fetching weather for Hódmezővásárhely, Hősök tere...
2026-07-23 01:16:22,744 - root - INFO - Fetched weather for Hódmezővásárhely, Hősök tere: 17.8°C, Clouds, humidity: 61%
2026-07-23 01:16:23,846 - root - INFO - [1185/1205] Fetching weather for Hódmezővásárhely, Kossuth tér...
2026-07-23 01:16:23,891 - root - INFO - Fetched weather for Hódmezővásárhely, Kossuth tér: 17.8°C, Clouds, humidity: 61%
2026-07-23 01:16:24,993 - root - INFO - [1186/1205] Fetching weather for Hódmezővásárhely, Strandfürdő...
2026-07-23 01:16:25,039 - root - INFO - Fetched weather for Hódmezővásárhely, Strandfürdő: 17.8°C, Clouds, humidity: 61%
2026-07-23 01:16:26,141 - root - INFO - [1187/1205] Fetching weather for Szeged, Széchenyi tér...
2026-07-23 01:16:26,185 - root - INFO - Fetched weather for Szeged, Széchenyi tér: 13.9°C, Clear, humidity: 56%
2026-07-23 01:16:27,286 - root - INFO - [1188/1205] Fetching weather for Szeged, Anna-kút...
2026-07-23 01:16:27,339 - root - INFO - Fetched weather for Szeged, Anna-kút: 13.9°C, Clear, humidity: 56%
2026-07-23 01:16:28,441 - root - INFO - [1189/1205] Fetching weather for Szeged, Rókusi templom...
2026-07-23 01:16:28,494 - root - INFO - Fetched weather for Szeged, Rókusi templom: 13.9°C, Clear, humidity: 56%
2026-07-23 01:16:29,595 - root - INFO - [1190/1205] Fetching weather for Hódmezővásárhely, Kálvin János tér...
2026-07-23 01:16:29,643 - root - INFO - Fetched weather for Hódmezővásárhely, Kálvin János tér: 17.8°C, Clear, humidity: 61%
2026-07-23 01:16:30,744 - root - INFO - [1191/1205] Fetching weather for Hódmezővásárhely vasútállomás...
2026-07-23 01:16:30,788 - root - INFO - Fetched weather for Hódmezővásárhely vasútállomás: 17.8°C, Clear, humidity: 61%
2026-07-23 01:16:31,890 - root - INFO - [1192/1205] Fetching weather for Szeged, Tavasz utca...
2026-07-23 01:16:31,936 - root - INFO - Fetched weather for Szeged, Tavasz utca: 13.9°C, Clear, humidity: 56%
2026-07-23 01:16:33,037 - root - INFO - [1193/1205] Fetching weather for Szeged, Damjanich utca...
2026-07-23 01:16:33,084 - root - INFO - Fetched weather for Szeged, Damjanich utca: 13.9°C, Clear, humidity: 56%
2026-07-23 01:16:34,185 - root - INFO - [1194/1205] Fetching weather for Szeged, Vásárhelyi Pál utca...
2026-07-23 01:16:34,248 - root - INFO - Fetched weather for Szeged, Vásárhelyi Pál utca: 14.0°C, Clear, humidity: 56%
2026-07-23 01:16:35,350 - root - INFO - [1195/1205] Fetching weather for Szeged, Bécsi körút ...
2026-07-23 01:16:35,397 - root - INFO - Fetched weather for Szeged, Bécsi körút : 13.9°C, Clear, humidity: 56%
2026-07-23 01:16:36,498 - root - INFO - [1196/1205] Fetching weather for Hódmezővásárhelyi Népkert vasútállomás...
2026-07-23 01:16:36,543 - root - INFO - Fetched weather for Hódmezővásárhelyi Népkert vasútállomás: 17.8°C, Clouds, humidity: 61%
2026-07-23 01:16:37,644 - root - INFO - [1197/1205] Fetching weather for Szeged vasútállomás...
2026-07-23 01:16:37,689 - root - INFO - Fetched weather for Szeged vasútállomás: 13.9°C, Clear, humidity: 56%
2026-07-23 01:16:38,791 - root - INFO - [1198/1205] Fetching weather for Szeged, Bem utca...
2026-07-23 01:16:38,835 - root - INFO - Fetched weather for Szeged, Bem utca: 13.9°C, Clear, humidity: 56%
2026-07-23 01:16:39,937 - root - INFO - [1199/1205] Fetching weather for Szeged, Galamb utca...
2026-07-23 01:16:39,992 - root - INFO - Fetched weather for Szeged, Galamb utca: 13.9°C, Clear, humidity: 56%
2026-07-23 01:16:41,093 - root - INFO - [1200/1205] Fetching weather for Szeged, Aradi vértanúk tere...
2026-07-23 01:16:41,139 - root - INFO - Fetched weather for Szeged, Aradi vértanúk tere: 13.9°C, Clear, humidity: 56%
2026-07-23 01:16:42,240 - root - INFO - [1201/1205] Fetching weather for Szeged, Pulz utca...
2026-07-23 01:16:42,285 - root - INFO - Fetched weather for Szeged, Pulz utca: 14.0°C, Clear, humidity: 56%
2026-07-23 01:16:43,387 - root - INFO - [1202/1205] Fetching weather for Szeged, Rókus vasútállomás...
2026-07-23 01:16:43,432 - root - INFO - Fetched weather for Szeged, Rókus vasútállomás: 14.0°C, Clouds, humidity: 56%
2026-07-23 01:16:44,534 - root - INFO - [1203/1205] Fetching weather for Látókép...
2026-07-23 01:16:44,585 - root - INFO - Fetched weather for Látókép: 13.9°C, Clouds, humidity: 56%
2026-07-23 01:16:45,686 - root - INFO - [1204/1205] Fetching weather for Szentmihálytelek...
2026-07-23 01:16:45,741 - root - INFO - Fetched weather for Szentmihálytelek: 14.0°C, Clouds, humidity: 56%
2026-07-23 01:16:46,842 - root - INFO - [1205/1205] Fetching weather for Kisvarsány...
2026-07-23 01:16:46,895 - root - INFO - Fetched weather for Kisvarsány: 14.2°C, Clouds, humidity: 65%
2026-07-23 01:16:48,001 - root - INFO - Successfully collected weather for 1205 stations
2026-07-23 01:16:48,013 - root - INFO - Saved weather data to data/weather/current_20260723_0100.csv
2026-07-23 01:16:48,013 - root - INFO - File size: 152.3 KB
2026-07-23 01:16:48,013 - root - INFO - 
============================================================
2026-07-23 01:16:48,013 - root - INFO - WEATHER COLLECTION SUMMARY
2026-07-23 01:16:48,013 - root - INFO - ============================================================
2026-07-23 01:16:48,013 - root - INFO - 
Data Coverage:
2026-07-23 01:16:48,013 - root - INFO -   - Total stations: 1205
2026-07-23 01:16:48,013 - root - INFO -   - Collection time: 2026-07-23 00:53:19.025868
2026-07-23 01:16:48,013 - root - INFO -   - Collection hour: 00:00
2026-07-23 01:16:48,013 - root - INFO - 
Weather Statistics:
2026-07-23 01:16:48,014 - root - INFO -   - Temperature range: 11.1°C to 19.4°C
2026-07-23 01:16:48,014 - root - INFO -   - Average temperature: 15.7°C
2026-07-23 01:16:48,014 - root - INFO -   - Average humidity: 59%
2026-07-23 01:16:48,014 - root - INFO -   - Average wind speed: 1.9 m/s
2026-07-23 01:16:48,015 - root - INFO -   - Stations with precipitation: 6 (0.5%)
2026-07-23 01:16:48,015 - root - INFO - 
Weather Conditions Distribution:
2026-07-23 01:16:48,016 - root - INFO -   - Clouds: 1025 (85.1%)
2026-07-23 01:16:48,016 - root - INFO -   - Clear: 174 (14.4%)
2026-07-23 01:16:48,016 - root - INFO -   - Rain: 6 (0.5%)
2026-07-23 01:16:48,016 - root - INFO - ============================================================

2026-07-23 01:16:48,016 - __main__ - INFO - Current weather collection completed successfully!
