2026-08-24 21:41:40,676 - __main__ - INFO - ============================================================
2026-08-24 21:41:40,676 - __main__ - INFO - CURRENT WEATHER COLLECTION STARTED
2026-08-24 21:41:40,676 - __main__ - INFO - ============================================================
2026-08-24 21:41:40,676 - __main__ - INFO - Collection time: 2026-08-24 21:41:40
2026-08-24 21:41:40,676 - __main__ - INFO - ============================================================

2026-08-24 21:41:40,676 - root - INFO - Starting current weather collection...
2026-08-24 21:41:40,686 - root - INFO - Loaded 1205 unique station coordinates from GTFS
2026-08-24 21:41:40,686 - root - INFO - Collecting weather for 1205 unique stations...
2026-08-24 21:41:40,687 - root - INFO - [1/1205] Fetching weather for Búcsúszentlászló...
2026-08-24 21:41:40,897 - root - INFO - Fetched weather for Búcsúszentlászló: 17.8°C, Clouds, humidity: 55%
2026-08-24 21:41:41,999 - root - INFO - [2/1205] Fetching weather for Angyalföld...
2026-08-24 21:41:42,110 - root - INFO - Fetched weather for Angyalföld: 23.0°C, Clouds, humidity: 46%
2026-08-24 21:41:43,212 - root - INFO - [3/1205] Fetching weather for Felsőjánosfa...
2026-08-24 21:41:43,326 - root - INFO - Fetched weather for Felsőjánosfa: 18.7°C, Clouds, humidity: 60%
2026-08-24 21:41:44,428 - root - INFO - [4/1205] Fetching weather for Pankasz...
2026-08-24 21:41:44,590 - root - INFO - Fetched weather for Pankasz: 18.4°C, Clouds, humidity: 61%
2026-08-24 21:41:45,692 - root - INFO - [5/1205] Fetching weather for Nagyrákos...
2026-08-24 21:41:45,805 - root - INFO - Fetched weather for Nagyrákos: 18.4°C, Clouds, humidity: 61%
2026-08-24 21:41:46,907 - root - INFO - [6/1205] Fetching weather for Őriszentpéter...
2026-08-24 21:41:47,067 - root - INFO - Fetched weather for Őriszentpéter: 18.5°C, Clouds, humidity: 62%
2026-08-24 21:41:48,169 - root - INFO - [7/1205] Fetching weather for Törökbálint...
2026-08-24 21:41:48,280 - root - INFO - Fetched weather for Törökbálint: 22.6°C, Clouds, humidity: 46%
2026-08-24 21:41:49,382 - root - INFO - [8/1205] Fetching weather for Bicske alsó...
2026-08-24 21:41:49,493 - root - INFO - Fetched weather for Bicske alsó: 21.9°C, Clouds, humidity: 51%
2026-08-24 21:41:50,594 - root - INFO - [9/1205] Fetching weather for Bajánsenye...
2026-08-24 21:41:50,758 - root - INFO - Fetched weather for Bajánsenye: 18.6°C, Clouds, humidity: 62%
2026-08-24 21:41:51,860 - root - INFO - [10/1205] Fetching weather for Aquincum...
2026-08-24 21:41:51,971 - root - INFO - Fetched weather for Aquincum: 22.8°C, Clouds, humidity: 47%
2026-08-24 21:41:53,073 - root - INFO - [11/1205] Fetching weather for Piliscsév...
2026-08-24 21:41:53,184 - root - INFO - Fetched weather for Piliscsév: 21.9°C, Clouds, humidity: 53%
2026-08-24 21:41:54,286 - root - INFO - [12/1205] Fetching weather for Tát...
2026-08-24 21:41:54,402 - root - INFO - Fetched weather for Tát: 19.6°C, Clear, humidity: 66%
2026-08-24 21:41:55,504 - root - INFO - [13/1205] Fetching weather for Süttő felső...
2026-08-24 21:41:55,619 - root - INFO - Fetched weather for Süttő felső: 19.6°C, Clouds, humidity: 56%
2026-08-24 21:41:56,721 - root - INFO - [14/1205] Fetching weather for Budatétény...
2026-08-24 21:41:56,879 - root - INFO - Fetched weather for Budatétény: 23.0°C, Clouds, humidity: 46%
2026-08-24 21:41:57,980 - root - INFO - [15/1205] Fetching weather for Seregélyes-Szőlőhegy...
2026-08-24 21:41:58,130 - root - INFO - Fetched weather for Seregélyes-Szőlőhegy: 19.4°C, Clear, humidity: 50%
2026-08-24 21:41:59,232 - root - INFO - [16/1205] Fetching weather for Gödöllő-Állami telepek...
2026-08-24 21:41:59,351 - root - INFO - Fetched weather for Gödöllő-Állami telepek: 21.2°C, Clear, humidity: 45%
2026-08-24 21:42:00,452 - root - INFO - [17/1205] Fetching weather for Dunakeszi alsó...
2026-08-24 21:42:00,610 - root - INFO - Fetched weather for Dunakeszi alsó: 21.4°C, Clear, humidity: 47%
2026-08-24 21:42:01,712 - root - INFO - [18/1205] Fetching weather for Vác-Alsóváros...
2026-08-24 21:42:01,826 - root - INFO - Fetched weather for Vác-Alsóváros: 20.4°C, Clouds, humidity: 50%
2026-08-24 21:42:02,927 - root - INFO - [19/1205] Fetching weather for Szob alsó...
2026-08-24 21:42:03,030 - root - INFO - Fetched weather for Szob alsó: 19.6°C, Clear, humidity: 66%
2026-08-24 21:42:04,132 - root - INFO - [20/1205] Fetching weather for Zalaszentmihály-Pacsa...
2026-08-24 21:42:04,278 - root - INFO - Fetched weather for Zalaszentmihály-Pacsa: 17.8°C, Clouds, humidity: 72%
2026-08-24 21:42:05,380 - root - INFO - [21/1205] Fetching weather for Pötréte...
2026-08-24 21:42:05,500 - root - INFO - Fetched weather for Pötréte: 17.8°C, Clouds, humidity: 72%
2026-08-24 21:42:06,601 - root - INFO - [22/1205] Fetching weather for Felsőrajk...
2026-08-24 21:42:06,727 - root - INFO - Fetched weather for Felsőrajk: 17.8°C, Clouds, humidity: 72%
2026-08-24 21:42:07,829 - root - INFO - [23/1205] Fetching weather for Gelse...
2026-08-24 21:42:07,946 - root - INFO - Fetched weather for Gelse: 17.8°C, Clouds, humidity: 72%
2026-08-24 21:42:09,047 - root - INFO - [24/1205] Fetching weather for Őrtilos...
2026-08-24 21:42:09,154 - root - INFO - Fetched weather for Őrtilos: 19.4°C, Clouds, humidity: 56%
2026-08-24 21:42:10,255 - root - INFO - [25/1205] Fetching weather for Zákány...
2026-08-24 21:42:10,410 - root - INFO - Fetched weather for Zákány: 19.2°C, Clouds, humidity: 56%
2026-08-24 21:42:11,544 - root - INFO - [26/1205] Fetching weather for Berzence...
2026-08-24 21:42:11,658 - root - INFO - Fetched weather for Berzence: 19.6°C, Clear, humidity: 55%
2026-08-24 21:42:12,759 - root - INFO - [27/1205] Fetching weather for Somogyudvarhely...
2026-08-24 21:42:12,920 - root - INFO - Fetched weather for Somogyudvarhely: 19.6°C, Clear, humidity: 55%
2026-08-24 21:42:14,022 - root - INFO - [28/1205] Fetching weather for Bélavár...
2026-08-24 21:42:14,179 - root - INFO - Fetched weather for Bélavár: 19.7°C, Clear, humidity: 55%
2026-08-24 21:42:15,280 - root - INFO - [29/1205] Fetching weather for Vízvár...
2026-08-24 21:42:15,390 - root - INFO - Fetched weather for Vízvár: 19.6°C, Clear, humidity: 54%
2026-08-24 21:42:16,492 - root - INFO - [30/1205] Fetching weather for Babócsa...
2026-08-24 21:42:16,599 - root - INFO - Fetched weather for Babócsa: 19.7°C, Clear, humidity: 54%
2026-08-24 21:42:17,700 - root - INFO - [31/1205] Fetching weather for Péterhida-Komlósd...
2026-08-24 21:42:17,816 - root - INFO - Fetched weather for Péterhida-Komlósd: 19.8°C, Clear, humidity: 54%
2026-08-24 21:42:18,917 - root - INFO - [32/1205] Fetching weather for Barcs...
2026-08-24 21:42:19,064 - root - INFO - Fetched weather for Barcs: 19.9°C, Clear, humidity: 53%
2026-08-24 21:42:20,166 - root - INFO - [33/1205] Fetching weather for Barcs felső...
2026-08-24 21:42:20,325 - root - INFO - Fetched weather for Barcs felső: 19.8°C, Clear, humidity: 53%
2026-08-24 21:42:21,426 - root - INFO - [34/1205] Fetching weather for Középrigóc...
2026-08-24 21:42:21,591 - root - INFO - Fetched weather for Középrigóc: 19.8°C, Clear, humidity: 52%
2026-08-24 21:42:22,692 - root - INFO - [35/1205] Fetching weather for Darány...
2026-08-24 21:42:22,806 - root - INFO - Fetched weather for Darány: 19.9°C, Clear, humidity: 50%
2026-08-24 21:42:23,908 - root - INFO - [36/1205] Fetching weather for Kisdobsza...
2026-08-24 21:42:24,067 - root - INFO - Fetched weather for Kisdobsza: 20.0°C, Clouds, humidity: 49%
2026-08-24 21:42:25,169 - root - INFO - [37/1205] Fetching weather for Nemeske...
2026-08-24 21:42:25,357 - root - INFO - Fetched weather for Nemeske: 20.1°C, Clouds, humidity: 48%
2026-08-24 21:42:26,459 - root - INFO - [38/1205] Fetching weather for Molvány...
2026-08-24 21:42:26,618 - root - INFO - Fetched weather for Molvány: 20.1°C, Clouds, humidity: 48%
2026-08-24 21:42:27,719 - root - INFO - [39/1205] Fetching weather for Szigetvár...
2026-08-24 21:42:27,842 - root - INFO - Fetched weather for Szigetvár: 20.2°C, Clouds, humidity: 47%
2026-08-24 21:42:28,944 - root - INFO - [40/1205] Fetching weather for Nagypeterd...
2026-08-24 21:42:29,061 - root - INFO - Fetched weather for Nagypeterd: 22.5°C, Clear, humidity: 46%
2026-08-24 21:42:30,163 - root - INFO - [41/1205] Fetching weather for Szentdénes...
2026-08-24 21:42:30,319 - root - INFO - Fetched weather for Szentdénes: 22.5°C, Clear, humidity: 46%
2026-08-24 21:42:31,421 - root - INFO - [42/1205] Fetching weather for Háros...
2026-08-24 21:42:31,584 - root - INFO - Fetched weather for Háros: 23.0°C, Clouds, humidity: 46%
2026-08-24 21:42:32,685 - root - INFO - [43/1205] Fetching weather for Nagytétény-Diósd...
2026-08-24 21:42:32,847 - root - INFO - Fetched weather for Nagytétény-Diósd: 22.9°C, Clouds, humidity: 46%
2026-08-24 21:42:33,948 - root - INFO - [44/1205] Fetching weather for Érdliget...
2026-08-24 21:42:34,054 - root - INFO - Fetched weather for Érdliget: 22.9°C, Clouds, humidity: 47%
2026-08-24 21:42:35,155 - root - INFO - [45/1205] Fetching weather for Érd felső...
2026-08-24 21:42:35,266 - root - INFO - Fetched weather for Érd felső: 22.8°C, Clouds, humidity: 47%
2026-08-24 21:42:36,368 - root - INFO - [46/1205] Fetching weather for Érd...
2026-08-24 21:42:36,471 - root - INFO - Fetched weather for Érd: 22.8°C, Clouds, humidity: 47%
2026-08-24 21:42:37,572 - root - INFO - [47/1205] Fetching weather for Százhalombatta...
2026-08-24 21:42:37,732 - root - INFO - Fetched weather for Százhalombatta: 22.8°C, Clouds, humidity: 48%
2026-08-24 21:42:38,834 - root - INFO - [48/1205] Fetching weather for Dunai Finomító...
2026-08-24 21:42:38,990 - root - INFO - Fetched weather for Dunai Finomító: 22.4°C, Clouds, humidity: 48%
2026-08-24 21:42:40,091 - root - INFO - [49/1205] Fetching weather for Ercsi...
2026-08-24 21:42:40,246 - root - INFO - Fetched weather for Ercsi: 22.6°C, Clouds, humidity: 48%
2026-08-24 21:42:41,348 - root - INFO - [50/1205] Fetching weather for Iváncsa...
2026-08-24 21:42:41,510 - root - INFO - Fetched weather for Iváncsa: 19.4°C, Clouds, humidity: 49%
2026-08-24 21:42:42,611 - root - INFO - [51/1205] Fetching weather for Pusztaszabolcs...
2026-08-24 21:42:42,733 - root - INFO - Fetched weather for Pusztaszabolcs: 19.5°C, Clear, humidity: 49%
2026-08-24 21:42:43,834 - root - INFO - [52/1205] Fetching weather for Szabadegyháza...
2026-08-24 21:42:43,939 - root - INFO - Fetched weather for Szabadegyháza: 19.5°C, Clear, humidity: 48%
2026-08-24 21:42:45,041 - root - INFO - [53/1205] Fetching weather for Sárosd...
2026-08-24 21:42:45,204 - root - INFO - Fetched weather for Sárosd: 19.5°C, Clear, humidity: 49%
2026-08-24 21:42:46,305 - root - INFO - [54/1205] Fetching weather for Nagylók...
2026-08-24 21:42:46,460 - root - INFO - Fetched weather for Nagylók: 19.5°C, Clear, humidity: 49%
2026-08-24 21:42:47,561 - root - INFO - [55/1205] Fetching weather for Sárbogárd...
2026-08-24 21:42:47,724 - root - INFO - Fetched weather for Sárbogárd: 19.7°C, Clear, humidity: 49%
2026-08-24 21:42:48,825 - root - INFO - [56/1205] Fetching weather for Rétszilas...
2026-08-24 21:42:48,938 - root - INFO - Fetched weather for Rétszilas: 19.9°C, Clear, humidity: 49%
2026-08-24 21:42:50,039 - root - INFO - [57/1205] Fetching weather for Nagyatád...
2026-08-24 21:42:50,143 - root - INFO - Fetched weather for Nagyatád: 19.7°C, Clear, humidity: 53%
2026-08-24 21:42:51,244 - root - INFO - [58/1205] Fetching weather for Budapest-Keleti...
2026-08-24 21:42:51,399 - root - INFO - Fetched weather for Budapest-Keleti: 23.1°C, Clouds, humidity: 45%
2026-08-24 21:42:52,500 - root - INFO - [59/1205] Fetching weather for Ferencváros...
2026-08-24 21:42:52,656 - root - INFO - Fetched weather for Ferencváros: 23.1°C, Clouds, humidity: 45%
2026-08-24 21:42:53,758 - root - INFO - [60/1205] Fetching weather for Budapest-Nyugati...
2026-08-24 21:42:53,911 - root - INFO - Fetched weather for Budapest-Nyugati: 23.1°C, Clouds, humidity: 46%
2026-08-24 21:42:55,013 - root - INFO - [61/1205] Fetching weather for Kőbánya felső...
2026-08-24 21:42:55,153 - root - INFO - Fetched weather for Kőbánya felső: 23.1°C, Clouds, humidity: 45%
2026-08-24 21:42:56,255 - root - INFO - [62/1205] Fetching weather for Rákos...
2026-08-24 21:42:56,371 - root - INFO - Fetched weather for Rákos: 23.1°C, Clouds, humidity: 44%
2026-08-24 21:42:57,472 - root - INFO - [63/1205] Fetching weather for Rákosrendező...
2026-08-24 21:42:57,662 - root - INFO - Fetched weather for Rákosrendező: 23.2°C, Clouds, humidity: 46%
2026-08-24 21:42:58,763 - root - INFO - [64/1205] Fetching weather for Zugló...
2026-08-24 21:42:58,871 - root - INFO - Fetched weather for Zugló: 23.1°C, Clouds, humidity: 45%
2026-08-24 21:42:59,972 - root - INFO - [65/1205] Fetching weather for Mezőtárkány...
2026-08-24 21:43:00,123 - root - INFO - Fetched weather for Mezőtárkány: 17.7°C, Clear, humidity: 53%
2026-08-24 21:43:01,225 - root - INFO - [66/1205] Fetching weather for Istvántelek...
2026-08-24 21:43:01,369 - root - INFO - Fetched weather for Istvántelek: 23.0°C, Clouds, humidity: 46%
2026-08-24 21:43:02,470 - root - INFO - [67/1205] Fetching weather for Rákospalota-Újpest...
2026-08-24 21:43:02,584 - root - INFO - Fetched weather for Rákospalota-Újpest: 22.6°C, Clear, humidity: 47%
2026-08-24 21:43:03,686 - root - INFO - [68/1205] Fetching weather for Kőbánya alsó...
2026-08-24 21:43:03,849 - root - INFO - Fetched weather for Kőbánya alsó: 23.1°C, Clouds, humidity: 45%
2026-08-24 21:43:04,950 - root - INFO - [69/1205] Fetching weather for Kőbánya-Kispest...
2026-08-24 21:43:05,054 - root - INFO - Fetched weather for Kőbánya-Kispest: 23.1°C, Clouds, humidity: 45%
2026-08-24 21:43:06,155 - root - INFO - [70/1205] Fetching weather for Pestszentlőrinc...
2026-08-24 21:43:06,304 - root - INFO - Fetched weather for Pestszentlőrinc: 23.1°C, Clouds, humidity: 44%
2026-08-24 21:43:07,406 - root - INFO - [71/1205] Fetching weather for Kispest...
2026-08-24 21:43:07,555 - root - INFO - Fetched weather for Kispest: 23.1°C, Clouds, humidity: 45%
2026-08-24 21:43:08,656 - root - INFO - [72/1205] Fetching weather for Újpest...
2026-08-24 21:43:08,764 - root - INFO - Fetched weather for Újpest: 22.9°C, Clouds, humidity: 46%
2026-08-24 21:43:09,865 - root - INFO - [73/1205] Fetching weather for Pestszentimre felső...
2026-08-24 21:43:10,020 - root - INFO - Fetched weather for Pestszentimre felső: 23.1°C, Clouds, humidity: 44%
2026-08-24 21:43:11,122 - root - INFO - [74/1205] Fetching weather for Dunakeszi...
2026-08-24 21:43:11,228 - root - INFO - Fetched weather for Dunakeszi: 21.0°C, Clear, humidity: 48%
2026-08-24 21:43:12,330 - root - INFO - [75/1205] Fetching weather for Dunakeszi-Gyártelep...
2026-08-24 21:43:12,484 - root - INFO - Fetched weather for Dunakeszi-Gyártelep: 21.0°C, Clear, humidity: 48%
2026-08-24 21:43:13,586 - root - INFO - [76/1205] Fetching weather for Alsógöd...
2026-08-24 21:43:13,727 - root - INFO - Fetched weather for Alsógöd: 20.9°C, Clear, humidity: 50%
2026-08-24 21:43:14,828 - root - INFO - [77/1205] Fetching weather for Göd...
2026-08-24 21:43:14,942 - root - INFO - Fetched weather for Göd: 20.9°C, Clear, humidity: 50%
2026-08-24 21:43:16,044 - root - INFO - [78/1205] Fetching weather for Felsőgöd...
2026-08-24 21:43:16,161 - root - INFO - Fetched weather for Felsőgöd: 20.4°C, Clear, humidity: 50%
2026-08-24 21:43:17,262 - root - INFO - [79/1205] Fetching weather for Sződ-Sződliget...
2026-08-24 21:43:17,368 - root - INFO - Fetched weather for Sződ-Sződliget: 20.4°C, Clear, humidity: 50%
2026-08-24 21:43:18,470 - root - INFO - [80/1205] Fetching weather for Vác...
2026-08-24 21:43:18,640 - root - INFO - Fetched weather for Vác: 20.4°C, Clouds, humidity: 50%
2026-08-24 21:43:19,742 - root - INFO - [81/1205] Fetching weather for Verőce...
2026-08-24 21:43:19,862 - root - INFO - Fetched weather for Verőce: 19.4°C, Clouds, humidity: 55%
2026-08-24 21:43:20,963 - root - INFO - [82/1205] Fetching weather for Kismaros...
2026-08-24 21:43:21,084 - root - INFO - Fetched weather for Kismaros: 19.5°C, Clouds, humidity: 55%
2026-08-24 21:43:22,185 - root - INFO - [83/1205] Fetching weather for Nagymaros-Visegrád...
2026-08-24 21:43:22,343 - root - INFO - Fetched weather for Nagymaros-Visegrád: 19.6°C, Clouds, humidity: 66%
2026-08-24 21:43:23,444 - root - INFO - [84/1205] Fetching weather for Nagymaros...
2026-08-24 21:43:23,564 - root - INFO - Fetched weather for Nagymaros: 19.6°C, Clouds, humidity: 66%
2026-08-24 21:43:24,665 - root - INFO - [85/1205] Fetching weather for Zebegény...
2026-08-24 21:43:24,821 - root - INFO - Fetched weather for Zebegény: 19.6°C, Clouds, humidity: 66%
2026-08-24 21:43:25,923 - root - INFO - [86/1205] Fetching weather for Szob...
2026-08-24 21:43:26,047 - root - INFO - Fetched weather for Szob: 19.6°C, Clouds, humidity: 66%
2026-08-24 21:43:27,148 - root - INFO - [87/1205] Fetching weather for Alagimajor...
2026-08-24 21:43:27,268 - root - INFO - Fetched weather for Alagimajor: 21.2°C, Clear, humidity: 47%
2026-08-24 21:43:28,369 - root - INFO - [88/1205] Fetching weather for Fót...
2026-08-24 21:43:28,479 - root - INFO - Fetched weather for Fót: 20.9°C, Clear, humidity: 48%
2026-08-24 21:43:29,580 - root - INFO - [89/1205] Fetching weather for Fótújfalu...
2026-08-24 21:43:29,734 - root - INFO - Fetched weather for Fótújfalu: 20.7°C, Clear, humidity: 48%
2026-08-24 21:43:30,836 - root - INFO - [90/1205] Fetching weather for Csomád...
2026-08-24 21:43:30,994 - root - INFO - Fetched weather for Csomád: 20.2°C, Clear, humidity: 50%
2026-08-24 21:43:32,095 - root - INFO - [91/1205] Fetching weather for Veresegyház...
2026-08-24 21:43:32,214 - root - INFO - Fetched weather for Veresegyház: 20.1°C, Clear, humidity: 50%
2026-08-24 21:43:33,316 - root - INFO - [92/1205] Fetching weather for Erdőkertes...
2026-08-24 21:43:33,449 - root - INFO - Fetched weather for Erdőkertes: 20.1°C, Clear, humidity: 50%
2026-08-24 21:43:34,550 - root - INFO - [93/1205] Fetching weather for Őrbottyán...
2026-08-24 21:43:34,710 - root - INFO - Fetched weather for Őrbottyán: 19.9°C, Clear, humidity: 50%
2026-08-24 21:43:35,812 - root - INFO - [94/1205] Fetching weather for Váchartyán...
2026-08-24 21:43:35,937 - root - INFO - Fetched weather for Váchartyán: 20.1°C, Clear, humidity: 50%
2026-08-24 21:43:37,039 - root - INFO - [95/1205] Fetching weather for Magyarkút-Verőce...
2026-08-24 21:43:37,201 - root - INFO - Fetched weather for Magyarkút-Verőce: 19.6°C, Clouds, humidity: 55%
2026-08-24 21:43:38,302 - root - INFO - [96/1205] Fetching weather for Szokolya...
2026-08-24 21:43:38,415 - root - INFO - Fetched weather for Szokolya: 19.2°C, Clouds, humidity: 56%
2026-08-24 21:43:39,517 - root - INFO - [97/1205] Fetching weather for Berkenye...
2026-08-24 21:43:39,636 - root - INFO - Fetched weather for Berkenye: 18.8°C, Clouds, humidity: 56%
2026-08-24 21:43:40,738 - root - INFO - [98/1205] Fetching weather for Nógrád...
2026-08-24 21:43:40,894 - root - INFO - Fetched weather for Nógrád: 15.3°C, Clouds, humidity: 75%
2026-08-24 21:43:41,996 - root - INFO - [99/1205] Fetching weather for Diósjenő...
2026-08-24 21:43:42,153 - root - INFO - Fetched weather for Diósjenő: 15.3°C, Clouds, humidity: 75%
2026-08-24 21:43:43,255 - root - INFO - [100/1205] Fetching weather for Borsosberény...
2026-08-24 21:43:43,411 - root - INFO - Fetched weather for Borsosberény: 15.3°C, Clouds, humidity: 75%
2026-08-24 21:43:44,512 - root - INFO - [101/1205] Fetching weather for Nagyoroszi...
2026-08-24 21:43:44,636 - root - INFO - Fetched weather for Nagyoroszi: 15.3°C, Clouds, humidity: 75%
2026-08-24 21:43:45,737 - root - INFO - [102/1205] Fetching weather for Drégelyvár...
2026-08-24 21:43:45,860 - root - INFO - Fetched weather for Drégelyvár: 15.3°C, Clouds, humidity: 75%
2026-08-24 21:43:46,961 - root - INFO - [103/1205] Fetching weather for Drégely...
2026-08-24 21:43:47,114 - root - INFO - Fetched weather for Drégely: 15.7°C, Clouds, humidity: 75%
2026-08-24 21:43:48,215 - root - INFO - [104/1205] Fetching weather for Drégelypalánk...
2026-08-24 21:43:48,371 - root - INFO - Fetched weather for Drégelypalánk: 15.9°C, Clouds, humidity: 75%
2026-08-24 21:43:49,473 - root - INFO - [105/1205] Fetching weather for Ipolyvece...
2026-08-24 21:43:49,629 - root - INFO - Fetched weather for Ipolyvece: 15.9°C, Clouds, humidity: 75%
2026-08-24 21:43:50,730 - root - INFO - [106/1205] Fetching weather for Dejtár...
2026-08-24 21:43:50,894 - root - INFO - Fetched weather for Dejtár: 15.9°C, Clouds, humidity: 75%
2026-08-24 21:43:51,996 - root - INFO - [107/1205] Fetching weather for Ipolyszög...
2026-08-24 21:43:52,113 - root - INFO - Fetched weather for Ipolyszög: 15.8°C, Clouds, humidity: 75%
2026-08-24 21:43:53,214 - root - INFO - [108/1205] Fetching weather for Iklad-Domony...
2026-08-24 21:43:53,370 - root - INFO - Fetched weather for Iklad-Domony: 17.9°C, Clear, humidity: 67%
2026-08-24 21:43:54,471 - root - INFO - [109/1205] Fetching weather for Iklad-Domony felső...
2026-08-24 21:43:54,627 - root - INFO - Fetched weather for Iklad-Domony felső: 17.9°C, Clear, humidity: 67%
2026-08-24 21:43:55,728 - root - INFO - [110/1205] Fetching weather for Galgamácsa...
2026-08-24 21:43:55,883 - root - INFO - Fetched weather for Galgamácsa: 20.2°C, Clear, humidity: 50%
2026-08-24 21:43:56,985 - root - INFO - [111/1205] Fetching weather for Vácrátót...
2026-08-24 21:43:57,115 - root - INFO - Fetched weather for Vácrátót: 20.1°C, Clear, humidity: 50%
2026-08-24 21:43:58,216 - root - INFO - [112/1205] Fetching weather for Csörög...
2026-08-24 21:43:58,332 - root - INFO - Fetched weather for Csörög: 20.2°C, Clear, humidity: 50%
2026-08-24 21:43:59,434 - root - INFO - [113/1205] Fetching weather for Galgagyörk...
2026-08-24 21:43:59,605 - root - INFO - Fetched weather for Galgagyörk: 20.1°C, Clear, humidity: 50%
2026-08-24 21:44:00,707 - root - INFO - [114/1205] Fetching weather for Püspökhatvan...
2026-08-24 21:44:00,864 - root - INFO - Fetched weather for Püspökhatvan: 20.1°C, Clear, humidity: 50%
2026-08-24 21:44:01,966 - root - INFO - [115/1205] Fetching weather for Acsa-Erdőkürt...
2026-08-24 21:44:02,124 - root - INFO - Fetched weather for Acsa-Erdőkürt: 20.1°C, Clouds, humidity: 53%
2026-08-24 21:44:03,226 - root - INFO - [116/1205] Fetching weather for Galgaguta...
2026-08-24 21:44:03,398 - root - INFO - Fetched weather for Galgaguta: 15.6°C, Clouds, humidity: 54%
2026-08-24 21:44:04,500 - root - INFO - [117/1205] Fetching weather for Nógrádkövesd...
2026-08-24 21:44:04,622 - root - INFO - Fetched weather for Nógrádkövesd: 15.5°C, Clouds, humidity: 75%
2026-08-24 21:44:05,724 - root - INFO - [118/1205] Fetching weather for Magyarnándor...
2026-08-24 21:44:05,883 - root - INFO - Fetched weather for Magyarnándor: 15.6°C, Clouds, humidity: 75%
2026-08-24 21:44:06,985 - root - INFO - [119/1205] Fetching weather for Mohora...
2026-08-24 21:44:07,103 - root - INFO - Fetched weather for Mohora: 15.7°C, Clouds, humidity: 75%
2026-08-24 21:44:08,204 - root - INFO - [120/1205] Fetching weather for Szügy...
2026-08-24 21:44:08,363 - root - INFO - Fetched weather for Szügy: 15.8°C, Clouds, humidity: 75%
2026-08-24 21:44:09,464 - root - INFO - [121/1205] Fetching weather for Balassagyarmat...
2026-08-24 21:44:09,580 - root - INFO - Fetched weather for Balassagyarmat: 15.8°C, Clouds, humidity: 75%
2026-08-24 21:44:10,681 - root - INFO - [122/1205] Fetching weather for Őrhalom...
2026-08-24 21:44:10,806 - root - INFO - Fetched weather for Őrhalom: 15.9°C, Clouds, humidity: 75%
2026-08-24 21:44:11,907 - root - INFO - [123/1205] Fetching weather for Hugyag...
2026-08-24 21:44:12,066 - root - INFO - Fetched weather for Hugyag: 15.9°C, Clouds, humidity: 75%
2026-08-24 21:44:13,168 - root - INFO - [124/1205] Fetching weather for Szécsény...
2026-08-24 21:44:13,284 - root - INFO - Fetched weather for Szécsény: 15.8°C, Clouds, humidity: 58%
2026-08-24 21:44:14,385 - root - INFO - [125/1205] Fetching weather for Ludányhalászi...
2026-08-24 21:44:14,541 - root - INFO - Fetched weather for Ludányhalászi: 15.8°C, Clouds, humidity: 58%
2026-08-24 21:44:15,642 - root - INFO - [126/1205] Fetching weather for Nógrádszakál...
2026-08-24 21:44:15,769 - root - INFO - Fetched weather for Nógrádszakál: 17.3°C, Clouds, humidity: 59%
2026-08-24 21:44:16,870 - root - INFO - [127/1205] Fetching weather for Ráróspuszta...
2026-08-24 21:44:16,990 - root - INFO - Fetched weather for Ráróspuszta: 16.7°C, Clouds, humidity: 59%
2026-08-24 21:44:18,091 - root - INFO - [128/1205] Fetching weather for Litke...
2026-08-24 21:44:18,244 - root - INFO - Fetched weather for Litke: 17.2°C, Clouds, humidity: 60%
2026-08-24 21:44:19,346 - root - INFO - [129/1205] Fetching weather for Nyíregyháza külső...
2026-08-24 21:44:19,460 - root - INFO - Fetched weather for Nyíregyháza külső: 18.2°C, Clouds, humidity: 55%
2026-08-24 21:44:20,561 - root - INFO - [130/1205] Fetching weather for Oros...
2026-08-24 21:44:20,719 - root - INFO - Fetched weather for Oros: 18.1°C, Clouds, humidity: 55%
2026-08-24 21:44:21,821 - root - INFO - [131/1205] Fetching weather for Napkor...
2026-08-24 21:44:21,947 - root - INFO - Fetched weather for Napkor: 18.0°C, Clouds, humidity: 56%
2026-08-24 21:44:23,049 - root - INFO - [132/1205] Fetching weather for Apagy...
2026-08-24 21:44:23,175 - root - INFO - Fetched weather for Apagy: 17.9°C, Clouds, humidity: 56%
2026-08-24 21:44:24,277 - root - INFO - [133/1205] Fetching weather for Levelek-Magy...
2026-08-24 21:44:24,441 - root - INFO - Fetched weather for Levelek-Magy: 17.8°C, Clouds, humidity: 56%
2026-08-24 21:44:25,542 - root - INFO - [134/1205] Fetching weather for Ófehértó...
2026-08-24 21:44:25,660 - root - INFO - Fetched weather for Ófehértó: 17.7°C, Clouds, humidity: 54%
2026-08-24 21:44:26,762 - root - INFO - [135/1205] Fetching weather for Ligettanya...
2026-08-24 21:44:26,926 - root - INFO - Fetched weather for Ligettanya: 17.6°C, Clouds, humidity: 54%
2026-08-24 21:44:28,028 - root - INFO - [136/1205] Fetching weather for Baktalórántháza...
2026-08-24 21:44:28,153 - root - INFO - Fetched weather for Baktalórántháza: 17.6°C, Clouds, humidity: 55%
2026-08-24 21:44:29,255 - root - INFO - [137/1205] Fetching weather for Vaja-Rohod...
2026-08-24 21:44:29,374 - root - INFO - Fetched weather for Vaja-Rohod: 17.5°C, Clouds, humidity: 54%
2026-08-24 21:44:30,475 - root - INFO - [138/1205] Fetching weather for Rákóczitanya...
2026-08-24 21:44:30,635 - root - INFO - Fetched weather for Rákóczitanya: 17.5°C, Clouds, humidity: 53%
2026-08-24 21:44:31,737 - root - INFO - [139/1205] Fetching weather for Nyírmada...
2026-08-24 21:44:31,898 - root - INFO - Fetched weather for Nyírmada: 17.5°C, Clouds, humidity: 55%
2026-08-24 21:44:32,999 - root - INFO - [140/1205] Fetching weather for Tunyogmatolcs...
2026-08-24 21:44:33,158 - root - INFO - Fetched weather for Tunyogmatolcs: 17.8°C, Clouds, humidity: 48%
2026-08-24 21:44:34,260 - root - INFO - [141/1205] Fetching weather for Tunyogmatolcs alsó...
2026-08-24 21:44:34,405 - root - INFO - Fetched weather for Tunyogmatolcs alsó: 17.8°C, Clouds, humidity: 47%
2026-08-24 21:44:35,506 - root - INFO - [142/1205] Fetching weather for Fehérgyarmat...
2026-08-24 21:44:35,657 - root - INFO - Fetched weather for Fehérgyarmat: 17.7°C, Clouds, humidity: 47%
2026-08-24 21:44:36,758 - root - INFO - [143/1205] Fetching weather for Penyige...
2026-08-24 21:44:36,920 - root - INFO - Fetched weather for Penyige: 17.7°C, Clouds, humidity: 47%
2026-08-24 21:44:38,022 - root - INFO - [144/1205] Fetching weather for Nagyszekeres...
2026-08-24 21:44:38,184 - root - INFO - Fetched weather for Nagyszekeres: 17.7°C, Clouds, humidity: 47%
2026-08-24 21:44:39,286 - root - INFO - [145/1205] Fetching weather for Kisszekeres...
2026-08-24 21:44:39,447 - root - INFO - Fetched weather for Kisszekeres: 17.8°C, Clouds, humidity: 47%
2026-08-24 21:44:40,549 - root - INFO - [146/1205] Fetching weather for Jánkmajtis...
2026-08-24 21:44:40,707 - root - INFO - Fetched weather for Jánkmajtis: 17.8°C, Clouds, humidity: 47%
2026-08-24 21:44:41,809 - root - INFO - [147/1205] Fetching weather for Gacsály...
2026-08-24 21:44:41,961 - root - INFO - Fetched weather for Gacsály: 14.0°C, Clouds, humidity: 47%
2026-08-24 21:44:43,062 - root - INFO - [148/1205] Fetching weather for Zajta...
2026-08-24 21:44:43,176 - root - INFO - Fetched weather for Zajta: 14.0°C, Clouds, humidity: 46%
2026-08-24 21:44:44,277 - root - INFO - [149/1205] Fetching weather for Eperjeske alsó...
2026-08-24 21:44:44,443 - root - INFO - Fetched weather for Eperjeske alsó: 17.1°C, Clouds, humidity: 61%
2026-08-24 21:44:45,544 - root - INFO - [150/1205] Fetching weather for Mándok...
2026-08-24 21:44:45,697 - root - INFO - Fetched weather for Mándok: 17.2°C, Clouds, humidity: 60%
2026-08-24 21:44:46,799 - root - INFO - [151/1205] Fetching weather for Tornyospálca...
2026-08-24 21:44:46,957 - root - INFO - Fetched weather for Tornyospálca: 17.3°C, Clouds, humidity: 59%
2026-08-24 21:44:48,059 - root - INFO - [152/1205] Fetching weather for Aranyosapáti...
2026-08-24 21:44:48,210 - root - INFO - Fetched weather for Aranyosapáti: 17.4°C, Clouds, humidity: 57%
2026-08-24 21:44:49,312 - root - INFO - [153/1205] Fetching weather for Gyüre...
2026-08-24 21:44:49,423 - root - INFO - Fetched weather for Gyüre: 17.5°C, Clouds, humidity: 55%
2026-08-24 21:44:50,525 - root - INFO - [154/1205] Fetching weather for Varsány...
2026-08-24 21:44:50,682 - root - INFO - Fetched weather for Varsány: 17.5°C, Clouds, humidity: 54%
2026-08-24 21:44:51,784 - root - INFO - [155/1205] Fetching weather for Vásárosnamény...
2026-08-24 21:44:51,947 - root - INFO - Fetched weather for Vásárosnamény: 17.5°C, Clouds, humidity: 53%
2026-08-24 21:44:53,049 - root - INFO - [156/1205] Fetching weather for Vitka...
2026-08-24 21:44:53,225 - root - INFO - Fetched weather for Vitka: 17.6°C, Clouds, humidity: 52%
2026-08-24 21:44:54,326 - root - INFO - [157/1205] Fetching weather for Nagydobos...
2026-08-24 21:44:54,470 - root - INFO - Fetched weather for Nagydobos: 17.5°C, Clouds, humidity: 52%
2026-08-24 21:44:55,571 - root - INFO - [158/1205] Fetching weather for Ópályi...
2026-08-24 21:44:55,682 - root - INFO - Fetched weather for Ópályi: 17.6°C, Clouds, humidity: 50%
2026-08-24 21:44:56,784 - root - INFO - [159/1205] Fetching weather for Nyírcsaholy...
2026-08-24 21:44:56,934 - root - INFO - Fetched weather for Nyírcsaholy: 17.8°C, Clouds, humidity: 48%
2026-08-24 21:44:58,035 - root - INFO - [160/1205] Fetching weather for Nagyecsed...
2026-08-24 21:44:58,199 - root - INFO - Fetched weather for Nagyecsed: 17.9°C, Clouds, humidity: 47%
2026-08-24 21:44:59,300 - root - INFO - [161/1205] Fetching weather for Tiborszállás...
2026-08-24 21:44:59,463 - root - INFO - Fetched weather for Tiborszállás: 17.9°C, Clouds, humidity: 46%
2026-08-24 21:45:00,565 - root - INFO - [162/1205] Fetching weather for Kiskunhalas...
2026-08-24 21:45:00,716 - root - INFO - Fetched weather for Kiskunhalas: 20.2°C, Clear, humidity: 43%
2026-08-24 21:45:01,818 - root - INFO - [163/1205] Fetching weather for Kecskemét alsó...
2026-08-24 21:45:01,921 - root - INFO - Fetched weather for Kecskemét alsó: 19.3°C, Clear, humidity: 52%
2026-08-24 21:45:03,023 - root - INFO - [164/1205] Fetching weather for Putnok...
2026-08-24 21:45:03,184 - root - INFO - Fetched weather for Putnok: 19.1°C, Clouds, humidity: 46%
2026-08-24 21:45:04,286 - root - INFO - [165/1205] Fetching weather for Bánréve...
2026-08-24 21:45:04,445 - root - INFO - Fetched weather for Bánréve: 19.1°C, Clouds, humidity: 46%
2026-08-24 21:45:05,547 - root - INFO - [166/1205] Fetching weather for Ipolytarnóc...
2026-08-24 21:45:05,714 - root - INFO - Fetched weather for Ipolytarnóc: 17.1°C, Clouds, humidity: 60%
2026-08-24 21:45:06,816 - root - INFO - [167/1205] Fetching weather for Rákosliget...
2026-08-24 21:45:06,960 - root - INFO - Fetched weather for Rákosliget: 23.0°C, Clouds, humidity: 43%
2026-08-24 21:45:08,061 - root - INFO - [168/1205] Fetching weather for Ikrény...
2026-08-24 21:45:08,178 - root - INFO - Fetched weather for Ikrény: 16.9°C, Clouds, humidity: 86%
2026-08-24 21:45:09,279 - root - INFO - [169/1205] Fetching weather for Rábapatona...
2026-08-24 21:45:09,435 - root - INFO - Fetched weather for Rábapatona: 16.9°C, Clouds, humidity: 86%
2026-08-24 21:45:10,537 - root - INFO - [170/1205] Fetching weather for Enese...
2026-08-24 21:45:10,693 - root - INFO - Fetched weather for Enese: 16.9°C, Clouds, humidity: 86%
2026-08-24 21:45:11,794 - root - INFO - [171/1205] Fetching weather for Kóny...
2026-08-24 21:45:11,953 - root - INFO - Fetched weather for Kóny: 16.9°C, Clouds, humidity: 60%
2026-08-24 21:45:13,055 - root - INFO - [172/1205] Fetching weather for Farád...
2026-08-24 21:45:13,209 - root - INFO - Fetched weather for Farád: 18.9°C, Clouds, humidity: 61%
2026-08-24 21:45:14,311 - root - INFO - [173/1205] Fetching weather for Rábatamási...
2026-08-24 21:45:14,421 - root - INFO - Fetched weather for Rábatamási: 18.9°C, Clouds, humidity: 61%
2026-08-24 21:45:15,522 - root - INFO - [174/1205] Fetching weather for Szárföld...
2026-08-24 21:45:15,682 - root - INFO - Fetched weather for Szárföld: 18.9°C, Clouds, humidity: 61%
2026-08-24 21:45:16,784 - root - INFO - [175/1205] Fetching weather for Veszkény...
2026-08-24 21:45:16,899 - root - INFO - Fetched weather for Veszkény: 18.9°C, Clouds, humidity: 65%
2026-08-24 21:45:18,001 - root - INFO - [176/1205] Fetching weather for Kapuvár...
2026-08-24 21:45:18,161 - root - INFO - Fetched weather for Kapuvár: 18.9°C, Clouds, humidity: 65%
2026-08-24 21:45:19,263 - root - INFO - [177/1205] Fetching weather for Vitnyéd-Csermajor...
2026-08-24 21:45:19,418 - root - INFO - Fetched weather for Vitnyéd-Csermajor: 18.9°C, Clouds, humidity: 65%
2026-08-24 21:45:20,519 - root - INFO - [178/1205] Fetching weather for Petőháza...
2026-08-24 21:45:20,644 - root - INFO - Fetched weather for Petőháza: 18.8°C, Clouds, humidity: 65%
2026-08-24 21:45:21,746 - root - INFO - [179/1205] Fetching weather for Fertőszentmiklós...
2026-08-24 21:45:21,864 - root - INFO - Fetched weather for Fertőszentmiklós: 18.8°C, Clouds, humidity: 65%
2026-08-24 21:45:22,966 - root - INFO - [180/1205] Fetching weather for Pinnye...
2026-08-24 21:45:23,085 - root - INFO - Fetched weather for Pinnye: 18.7°C, Clouds, humidity: 65%
2026-08-24 21:45:24,187 - root - INFO - [181/1205] Fetching weather for Fertőboz...
2026-08-24 21:45:24,347 - root - INFO - Fetched weather for Fertőboz: 18.6°C, Clouds, humidity: 65%
2026-08-24 21:45:25,448 - root - INFO - [182/1205] Fetching weather for Sopron...
2026-08-24 21:45:25,603 - root - INFO - Fetched weather for Sopron: 18.2°C, Clouds, humidity: 65%
2026-08-24 21:45:26,705 - root - INFO - [183/1205] Fetching weather for Fertőszéplak-Fertőd...
2026-08-24 21:45:26,820 - root - INFO - Fetched weather for Fertőszéplak-Fertőd: 18.9°C, Clouds, humidity: 65%
2026-08-24 21:45:27,922 - root - INFO - [184/1205] Fetching weather for Nyúl...
2026-08-24 21:45:28,048 - root - INFO - Fetched weather for Nyúl: 17.0°C, Clouds, humidity: 63%
2026-08-24 21:45:29,149 - root - INFO - [185/1205] Fetching weather for Pannonhalma...
2026-08-24 21:45:29,267 - root - INFO - Fetched weather for Pannonhalma: 17.0°C, Clouds, humidity: 63%
2026-08-24 21:45:30,369 - root - INFO - [186/1205] Fetching weather for Tarjánpuszta...
2026-08-24 21:45:30,522 - root - INFO - Fetched weather for Tarjánpuszta: 16.7°C, Clouds, humidity: 63%
2026-08-24 21:45:31,623 - root - INFO - [187/1205] Fetching weather for Győrasszonyfa...
2026-08-24 21:45:31,782 - root - INFO - Fetched weather for Győrasszonyfa: 16.7°C, Clouds, humidity: 63%
2026-08-24 21:45:32,884 - root - INFO - [188/1205] Fetching weather for Veszprémvarsány...
2026-08-24 21:45:32,997 - root - INFO - Fetched weather for Veszprémvarsány: 16.7°C, Clouds, humidity: 58%
2026-08-24 21:45:34,099 - root - INFO - [189/1205] Fetching weather for Bakonyszentlászló...
2026-08-24 21:45:34,221 - root - INFO - Fetched weather for Bakonyszentlászló: 21.6°C, Clouds, humidity: 58%
2026-08-24 21:45:35,323 - root - INFO - [190/1205] Fetching weather for Porva-Csesznek...
2026-08-24 21:45:35,436 - root - INFO - Fetched weather for Porva-Csesznek: 20.6°C, Clouds, humidity: 57%
2026-08-24 21:45:36,537 - root - INFO - [191/1205] Fetching weather for Zirc...
2026-08-24 21:45:36,669 - root - INFO - Fetched weather for Zirc: 17.0°C, Clouds, humidity: 57%
2026-08-24 21:45:37,771 - root - INFO - [192/1205] Fetching weather for Eplény...
2026-08-24 21:45:37,916 - root - INFO - Fetched weather for Eplény: 17.6°C, Clear, humidity: 58%
2026-08-24 21:45:39,018 - root - INFO - [193/1205] Fetching weather for Marcaltő...
2026-08-24 21:45:39,180 - root - INFO - Fetched weather for Marcaltő: 22.2°C, Clouds, humidity: 49%
2026-08-24 21:45:40,281 - root - INFO - [194/1205] Fetching weather for Szany-Rábaszentandrás...
2026-08-24 21:45:40,394 - root - INFO - Fetched weather for Szany-Rábaszentandrás: 22.2°C, Clouds, humidity: 49%
2026-08-24 21:45:41,496 - root - INFO - [195/1205] Fetching weather for Egyed-Rábacsanak...
2026-08-24 21:45:41,613 - root - INFO - Fetched weather for Egyed-Rábacsanak: 22.2°C, Clouds, humidity: 59%
2026-08-24 21:45:42,715 - root - INFO - [196/1205] Fetching weather for Rábapordány...
2026-08-24 21:45:42,839 - root - INFO - Fetched weather for Rábapordány: 22.2°C, Clouds, humidity: 60%
2026-08-24 21:45:43,941 - root - INFO - [197/1205] Fetching weather for Albertfalva...
2026-08-24 21:45:44,094 - root - INFO - Fetched weather for Albertfalva: 23.0°C, Clouds, humidity: 46%
2026-08-24 21:45:45,196 - root - INFO - [198/1205] Fetching weather for Budafok...
2026-08-24 21:45:45,352 - root - INFO - Fetched weather for Budafok: 23.0°C, Clouds, humidity: 46%
2026-08-24 21:45:46,454 - root - INFO - [199/1205] Fetching weather for Tétényliget...
2026-08-24 21:45:46,623 - root - INFO - Fetched weather for Tétényliget: 23.0°C, Clouds, humidity: 46%
2026-08-24 21:45:47,726 - root - INFO - [200/1205] Fetching weather for Érd alsó...
2026-08-24 21:45:47,876 - root - INFO - Fetched weather for Érd alsó: 22.8°C, Clouds, humidity: 47%
2026-08-24 21:45:48,978 - root - INFO - [201/1205] Fetching weather for Tárnok...
2026-08-24 21:45:49,098 - root - INFO - Fetched weather for Tárnok: 22.9°C, Clouds, humidity: 46%
2026-08-24 21:45:50,200 - root - INFO - [202/1205] Fetching weather for Martonvásár...
2026-08-24 21:45:50,348 - root - INFO - Fetched weather for Martonvásár: 22.5°C, Clouds, humidity: 49%
2026-08-24 21:45:51,450 - root - INFO - [203/1205] Fetching weather for Baracska...
2026-08-24 21:45:51,575 - root - INFO - Fetched weather for Baracska: 22.6°C, Clouds, humidity: 49%
2026-08-24 21:45:52,677 - root - INFO - [204/1205] Fetching weather for Pettend...
2026-08-24 21:45:52,840 - root - INFO - Fetched weather for Pettend: 19.4°C, Clouds, humidity: 49%
2026-08-24 21:45:53,941 - root - INFO - [205/1205] Fetching weather for Kápolnásnyék...
2026-08-24 21:45:54,111 - root - INFO - Fetched weather for Kápolnásnyék: 19.4°C, Clouds, humidity: 49%
2026-08-24 21:45:55,213 - root - INFO - [206/1205] Fetching weather for Velence...
2026-08-24 21:45:55,371 - root - INFO - Fetched weather for Velence: 19.5°C, Clouds, humidity: 50%
2026-08-24 21:45:56,473 - root - INFO - [207/1205] Fetching weather for Velencefürdő...
2026-08-24 21:45:56,633 - root - INFO - Fetched weather for Velencefürdő: 19.5°C, Clouds, humidity: 50%
2026-08-24 21:45:57,735 - root - INFO - [208/1205] Fetching weather for Gárdony...
2026-08-24 21:45:57,852 - root - INFO - Fetched weather for Gárdony: 19.5°C, Clouds, humidity: 50%
2026-08-24 21:45:58,954 - root - INFO - [209/1205] Fetching weather for Agárd...
2026-08-24 21:45:59,110 - root - INFO - Fetched weather for Agárd: 19.5°C, Clouds, humidity: 50%
2026-08-24 21:46:00,212 - root - INFO - [210/1205] Fetching weather for Dinnyés...
2026-08-24 21:46:00,375 - root - INFO - Fetched weather for Dinnyés: 19.5°C, Clouds, humidity: 50%
2026-08-24 21:46:01,477 - root - INFO - [211/1205] Fetching weather for Székesfehérvár...
2026-08-24 21:46:01,652 - root - INFO - Fetched weather for Székesfehérvár: 19.3°C, Clouds, humidity: 52%
2026-08-24 21:46:02,753 - root - INFO - [212/1205] Fetching weather for Szabadbattyán...
2026-08-24 21:46:02,921 - root - INFO - Fetched weather for Szabadbattyán: 19.3°C, Clear, humidity: 52%
2026-08-24 21:46:04,023 - root - INFO - [213/1205] Fetching weather for Kiscséripuszta...
2026-08-24 21:46:04,146 - root - INFO - Fetched weather for Kiscséripuszta: 19.7°C, Clear, humidity: 53%
2026-08-24 21:46:05,248 - root - INFO - [214/1205] Fetching weather for Lepsény...
2026-08-24 21:46:05,367 - root - INFO - Fetched weather for Lepsény: 19.9°C, Clear, humidity: 78%
2026-08-24 21:46:06,468 - root - INFO - [215/1205] Fetching weather for Balatonaliga...
2026-08-24 21:46:06,634 - root - INFO - Fetched weather for Balatonaliga: 19.7°C, Clear, humidity: 78%
2026-08-24 21:46:07,736 - root - INFO - [216/1205] Fetching weather for Balatonvilágos...
2026-08-24 21:46:07,898 - root - INFO - Fetched weather for Balatonvilágos: 19.8°C, Clear, humidity: 78%
2026-08-24 21:46:08,999 - root - INFO - [217/1205] Fetching weather for Szabadifürdő...
2026-08-24 21:46:09,174 - root - INFO - Fetched weather for Szabadifürdő: 19.9°C, Clear, humidity: 78%
2026-08-24 21:46:10,276 - root - INFO - [218/1205] Fetching weather for Ózd alsó...
2026-08-24 21:46:10,406 - root - INFO - Fetched weather for Ózd alsó: 18.9°C, Clouds, humidity: 46%
2026-08-24 21:46:11,508 - root - INFO - [219/1205] Fetching weather for Ózd...
2026-08-24 21:46:11,667 - root - INFO - Fetched weather for Ózd: 19.0°C, Clouds, humidity: 46%
2026-08-24 21:46:12,769 - root - INFO - [220/1205] Fetching weather for Alsóboldva...
2026-08-24 21:46:12,928 - root - INFO - Fetched weather for Alsóboldva: 18.0°C, Clouds, humidity: 91%
2026-08-24 21:46:14,030 - root - INFO - [221/1205] Fetching weather for Boldva...
2026-08-24 21:46:14,192 - root - INFO - Fetched weather for Boldva: 18.0°C, Clouds, humidity: 61%
2026-08-24 21:46:15,293 - root - INFO - [222/1205] Fetching weather for Borsodszirák...
2026-08-24 21:46:15,454 - root - INFO - Fetched weather for Borsodszirák: 18.0°C, Clouds, humidity: 61%
2026-08-24 21:46:16,556 - root - INFO - [223/1205] Fetching weather for Edelény alsó...
2026-08-24 21:46:16,674 - root - INFO - Fetched weather for Edelény alsó: 17.9°C, Clouds, humidity: 61%
2026-08-24 21:46:17,775 - root - INFO - [224/1205] Fetching weather for Edelény...
2026-08-24 21:46:17,900 - root - INFO - Fetched weather for Edelény: 17.9°C, Clouds, humidity: 60%
2026-08-24 21:46:19,001 - root - INFO - [225/1205] Fetching weather for Szendrőlád...
2026-08-24 21:46:19,161 - root - INFO - Fetched weather for Szendrőlád: 16.4°C, Clouds, humidity: 60%
2026-08-24 21:46:20,263 - root - INFO - [226/1205] Fetching weather for Szendrő...
2026-08-24 21:46:20,373 - root - INFO - Fetched weather for Szendrő: 17.1°C, Clouds, humidity: 61%
2026-08-24 21:46:21,475 - root - INFO - [227/1205] Fetching weather for Szendrő felső...
2026-08-24 21:46:21,634 - root - INFO - Fetched weather for Szendrő felső: 17.1°C, Clouds, humidity: 61%
2026-08-24 21:46:22,735 - root - INFO - [228/1205] Fetching weather for Szalonna...
2026-08-24 21:46:22,856 - root - INFO - Fetched weather for Szalonna: 17.0°C, Clouds, humidity: 62%
2026-08-24 21:46:23,957 - root - INFO - [229/1205] Fetching weather for Perkupa...
2026-08-24 21:46:24,116 - root - INFO - Fetched weather for Perkupa: 16.2°C, Clouds, humidity: 63%
2026-08-24 21:46:25,218 - root - INFO - [230/1205] Fetching weather for Szemeretelep...
2026-08-24 21:46:25,377 - root - INFO - Fetched weather for Szemeretelep: 23.1°C, Clouds, humidity: 43%
2026-08-24 21:46:26,479 - root - INFO - [231/1205] Fetching weather for Jósvafő-Aggtelek...
2026-08-24 21:46:26,598 - root - INFO - Fetched weather for Jósvafő-Aggtelek: 16.5°C, Clouds, humidity: 64%
2026-08-24 21:46:27,699 - root - INFO - [232/1205] Fetching weather for Bódvaszilas...
2026-08-24 21:46:27,858 - root - INFO - Fetched weather for Bódvaszilas: 16.0°C, Clouds, humidity: 64%
2026-08-24 21:46:28,959 - root - INFO - [233/1205] Fetching weather for Komjáti...
2026-08-24 21:46:29,081 - root - INFO - Fetched weather for Komjáti: 15.5°C, Clouds, humidity: 65%
2026-08-24 21:46:30,182 - root - INFO - [234/1205] Fetching weather for Tornanádaska...
2026-08-24 21:46:30,341 - root - INFO - Fetched weather for Tornanádaska: 16.7°C, Clouds, humidity: 64%
2026-08-24 21:46:31,442 - root - INFO - [235/1205] Fetching weather for Onga...
2026-08-24 21:46:31,603 - root - INFO - Fetched weather for Onga: 18.1°C, Clouds, humidity: 91%
2026-08-24 21:46:32,704 - root - INFO - [236/1205] Fetching weather for Szikszó-Vásártér...
2026-08-24 21:46:32,863 - root - INFO - Fetched weather for Szikszó-Vásártér: 18.0°C, Clouds, humidity: 60%
2026-08-24 21:46:33,964 - root - INFO - [237/1205] Fetching weather for Szikszó...
2026-08-24 21:46:34,088 - root - INFO - Fetched weather for Szikszó: 18.0°C, Clouds, humidity: 60%
2026-08-24 21:46:35,189 - root - INFO - [238/1205] Fetching weather for Aszaló...
2026-08-24 21:46:35,311 - root - INFO - Fetched weather for Aszaló: 18.0°C, Clouds, humidity: 60%
2026-08-24 21:46:36,412 - root - INFO - [239/1205] Fetching weather for Halmaj...
2026-08-24 21:46:36,531 - root - INFO - Fetched weather for Halmaj: 17.8°C, Clouds, humidity: 60%
2026-08-24 21:46:37,632 - root - INFO - [240/1205] Fetching weather for Csobád...
2026-08-24 21:46:37,797 - root - INFO - Fetched weather for Csobád: 17.8°C, Clouds, humidity: 60%
2026-08-24 21:46:38,899 - root - INFO - [241/1205] Fetching weather for Ináncs...
2026-08-24 21:46:39,057 - root - INFO - Fetched weather for Ináncs: 17.6°C, Clouds, humidity: 60%
2026-08-24 21:46:40,158 - root - INFO - [242/1205] Fetching weather for Forró-Encs...
2026-08-24 21:46:40,325 - root - INFO - Fetched weather for Forró-Encs: 17.5°C, Clouds, humidity: 60%
2026-08-24 21:46:41,427 - root - INFO - [243/1205] Fetching weather for Méra...
2026-08-24 21:46:41,538 - root - INFO - Fetched weather for Méra: 17.2°C, Clouds, humidity: 62%
2026-08-24 21:46:42,640 - root - INFO - [244/1205] Fetching weather for Novajidrány...
2026-08-24 21:46:42,767 - root - INFO - Fetched weather for Novajidrány: 19.5°C, Clouds, humidity: 62%
2026-08-24 21:46:43,868 - root - INFO - [245/1205] Fetching weather for Hernádszurdok...
2026-08-24 21:46:44,028 - root - INFO - Fetched weather for Hernádszurdok: 19.4°C, Clouds, humidity: 52%
2026-08-24 21:46:45,130 - root - INFO - [246/1205] Fetching weather for Hidasnémeti...
2026-08-24 21:46:45,251 - root - INFO - Fetched weather for Hidasnémeti: 19.4°C, Clouds, humidity: 52%
2026-08-24 21:46:46,352 - root - INFO - [247/1205] Fetching weather for Mád...
2026-08-24 21:46:46,507 - root - INFO - Fetched weather for Mád: 17.9°C, Clouds, humidity: 55%
2026-08-24 21:46:47,608 - root - INFO - [248/1205] Fetching weather for Rátka...
2026-08-24 21:46:47,724 - root - INFO - Fetched weather for Rátka: 18.1°C, Clouds, humidity: 57%
2026-08-24 21:46:48,826 - root - INFO - [249/1205] Fetching weather for Tállya...
2026-08-24 21:46:48,967 - root - INFO - Fetched weather for Tállya: 18.1°C, Clouds, humidity: 57%
2026-08-24 21:46:50,068 - root - INFO - [250/1205] Fetching weather for Golop...
2026-08-24 21:46:50,213 - root - INFO - Fetched weather for Golop: 18.0°C, Clouds, humidity: 58%
2026-08-24 21:46:51,314 - root - INFO - [251/1205] Fetching weather for Abaújszántó...
2026-08-24 21:46:51,433 - root - INFO - Fetched weather for Abaújszántó: 17.5°C, Clouds, humidity: 60%
2026-08-24 21:46:52,534 - root - INFO - [252/1205] Fetching weather for Abaújszántói fürdő...
2026-08-24 21:46:52,659 - root - INFO - Fetched weather for Abaújszántói fürdő: 17.9°C, Clouds, humidity: 59%
2026-08-24 21:46:53,761 - root - INFO - [253/1205] Fetching weather for Abaújkér...
2026-08-24 21:46:53,921 - root - INFO - Fetched weather for Abaújkér: 17.4°C, Clouds, humidity: 61%
2026-08-24 21:46:55,022 - root - INFO - [254/1205] Fetching weather for Boldogkőváralja...
2026-08-24 21:46:55,135 - root - INFO - Fetched weather for Boldogkőváralja: 17.3°C, Clouds, humidity: 61%
2026-08-24 21:46:56,236 - root - INFO - [255/1205] Fetching weather for Korlát-Vizsoly...
2026-08-24 21:46:56,382 - root - INFO - Fetched weather for Korlát-Vizsoly: 17.3°C, Clouds, humidity: 62%
2026-08-24 21:46:57,483 - root - INFO - [256/1205] Fetching weather for Fony...
2026-08-24 21:46:57,598 - root - INFO - Fetched weather for Fony: 19.3°C, Clouds, humidity: 63%
2026-08-24 21:46:58,699 - root - INFO - [257/1205] Fetching weather for Hejce-Vilmány...
2026-08-24 21:46:58,859 - root - INFO - Fetched weather for Hejce-Vilmány: 19.3°C, Clouds, humidity: 63%
2026-08-24 21:46:59,960 - root - INFO - [258/1205] Fetching weather for Göncruszka...
2026-08-24 21:47:00,118 - root - INFO - Fetched weather for Göncruszka: 19.4°C, Clouds, humidity: 64%
2026-08-24 21:47:01,220 - root - INFO - [259/1205] Fetching weather for Gönc...
2026-08-24 21:47:01,377 - root - INFO - Fetched weather for Gönc: 19.3°C, Clouds, humidity: 64%
2026-08-24 21:47:02,479 - root - INFO - [260/1205] Fetching weather for Zsujta...
2026-08-24 21:47:02,603 - root - INFO - Fetched weather for Zsujta: 19.3°C, Clouds, humidity: 52%
2026-08-24 21:47:03,705 - root - INFO - [261/1205] Fetching weather for Bodrogkeresztúr...
2026-08-24 21:47:03,814 - root - INFO - Fetched weather for Bodrogkeresztúr: 17.8°C, Clouds, humidity: 53%
2026-08-24 21:47:04,915 - root - INFO - [262/1205] Fetching weather for Szegi...
2026-08-24 21:47:05,029 - root - INFO - Fetched weather for Szegi: 16.9°C, Rain, humidity: 54%
2026-08-24 21:47:06,130 - root - INFO - [263/1205] Fetching weather for Erdőbénye...
2026-08-24 21:47:06,273 - root - INFO - Fetched weather for Erdőbénye: 16.8°C, Rain, humidity: 56%
2026-08-24 21:47:07,375 - root - INFO - [264/1205] Fetching weather for Olaszliszka-Tolcsva...
2026-08-24 21:47:07,546 - root - INFO - Fetched weather for Olaszliszka-Tolcsva: 16.9°C, Clouds, humidity: 60%
2026-08-24 21:47:08,647 - root - INFO - [265/1205] Fetching weather for Bodrogolaszi...
2026-08-24 21:47:08,762 - root - INFO - Fetched weather for Bodrogolaszi: 16.8°C, Clouds, humidity: 96%
2026-08-24 21:47:09,864 - root - INFO - [266/1205] Fetching weather for Sárospatak...
2026-08-24 21:47:09,975 - root - INFO - Fetched weather for Sárospatak: 16.8°C, Rain, humidity: 96%
2026-08-24 21:47:11,077 - root - INFO - [267/1205] Fetching weather for Sátoraljaújhely...
2026-08-24 21:47:11,203 - root - INFO - Fetched weather for Sátoraljaújhely: 16.8°C, Clouds, humidity: 96%
2026-08-24 21:47:12,305 - root - INFO - [268/1205] Fetching weather for Vecsés...
2026-08-24 21:47:12,449 - root - INFO - Fetched weather for Vecsés: 23.1°C, Clouds, humidity: 43%
2026-08-24 21:47:13,550 - root - INFO - [269/1205] Fetching weather for Vecsés-Kertekalja...
2026-08-24 21:47:13,717 - root - INFO - Fetched weather for Vecsés-Kertekalja: 23.2°C, Clouds, humidity: 43%
2026-08-24 21:47:14,819 - root - INFO - [270/1205] Fetching weather for Üllő...
2026-08-24 21:47:14,972 - root - INFO - Fetched weather for Üllő: 23.1°C, Clouds, humidity: 40%
2026-08-24 21:47:16,074 - root - INFO - [271/1205] Fetching weather for Monor...
2026-08-24 21:47:16,231 - root - INFO - Fetched weather for Monor: 23.1°C, Clouds, humidity: 40%
2026-08-24 21:47:17,333 - root - INFO - [272/1205] Fetching weather for Pilis...
2026-08-24 21:47:17,450 - root - INFO - Fetched weather for Pilis: 23.0°C, Clouds, humidity: 48%
2026-08-24 21:47:18,552 - root - INFO - [273/1205] Fetching weather for Albertirsa...
2026-08-24 21:47:18,668 - root - INFO - Fetched weather for Albertirsa: 19.4°C, Clouds, humidity: 47%
2026-08-24 21:47:19,769 - root - INFO - [274/1205] Fetching weather for Ceglédbercel-Cserő...
2026-08-24 21:47:19,915 - root - INFO - Fetched weather for Ceglédbercel-Cserő: 19.6°C, Clouds, humidity: 47%
2026-08-24 21:47:21,016 - root - INFO - [275/1205] Fetching weather for Cegléd...
2026-08-24 21:47:21,177 - root - INFO - Fetched weather for Cegléd: 19.9°C, Clear, humidity: 47%
2026-08-24 21:47:22,278 - root - INFO - [276/1205] Fetching weather for Abony...
2026-08-24 21:47:22,439 - root - INFO - Fetched weather for Abony: 20.0°C, Clear, humidity: 53%
2026-08-24 21:47:23,541 - root - INFO - [277/1205] Fetching weather for Szolnok...
2026-08-24 21:47:23,703 - root - INFO - Fetched weather for Szolnok: 20.0°C, Clear, humidity: 42%
2026-08-24 21:47:24,805 - root - INFO - [278/1205] Fetching weather for Szajol...
2026-08-24 21:47:24,922 - root - INFO - Fetched weather for Szajol: 20.0°C, Clear, humidity: 42%
2026-08-24 21:47:26,024 - root - INFO - [279/1205] Fetching weather for Törökszentmiklós...
2026-08-24 21:47:26,138 - root - INFO - Fetched weather for Törökszentmiklós: 20.0°C, Clear, humidity: 42%
2026-08-24 21:47:27,239 - root - INFO - [280/1205] Fetching weather for Rákoscsaba-Újtelep...
2026-08-24 21:47:27,369 - root - INFO - Fetched weather for Rákoscsaba-Újtelep: 22.9°C, Clouds, humidity: 43%
2026-08-24 21:47:28,471 - root - INFO - [281/1205] Fetching weather for Rákoscsaba...
2026-08-24 21:47:28,632 - root - INFO - Fetched weather for Rákoscsaba: 22.8°C, Clear, humidity: 43%
2026-08-24 21:47:29,734 - root - INFO - [282/1205] Fetching weather for Pécel...
2026-08-24 21:47:29,891 - root - INFO - Fetched weather for Pécel: 22.5°C, Clear, humidity: 43%
2026-08-24 21:47:30,992 - root - INFO - [283/1205] Fetching weather for Isaszeg...
2026-08-24 21:47:31,111 - root - INFO - Fetched weather for Isaszeg: 21.6°C, Clear, humidity: 44%
2026-08-24 21:47:32,213 - root - INFO - [284/1205] Fetching weather for Gödöllő...
2026-08-24 21:47:32,368 - root - INFO - Fetched weather for Gödöllő: 20.6°C, Clear, humidity: 46%
2026-08-24 21:47:33,469 - root - INFO - [285/1205] Fetching weather for Máriabesnyő...
2026-08-24 21:47:33,601 - root - INFO - Fetched weather for Máriabesnyő: 20.5°C, Clear, humidity: 50%
2026-08-24 21:47:34,703 - root - INFO - [286/1205] Fetching weather for Bag...
2026-08-24 21:47:34,860 - root - INFO - Fetched weather for Bag: 17.9°C, Clear, humidity: 67%
2026-08-24 21:47:35,961 - root - INFO - [287/1205] Fetching weather for Aszód...
2026-08-24 21:47:36,123 - root - INFO - Fetched weather for Aszód: 18.0°C, Clear, humidity: 67%
2026-08-24 21:47:37,224 - root - INFO - [288/1205] Fetching weather for Hévízgyörk...
2026-08-24 21:47:37,335 - root - INFO - Fetched weather for Hévízgyörk: 18.0°C, Clear, humidity: 67%
2026-08-24 21:47:38,437 - root - INFO - [289/1205] Fetching weather for Galgahévíz...
2026-08-24 21:47:38,593 - root - INFO - Fetched weather for Galgahévíz: 18.0°C, Clear, humidity: 67%
2026-08-24 21:47:39,695 - root - INFO - [290/1205] Fetching weather for Tura...
2026-08-24 21:47:39,853 - root - INFO - Fetched weather for Tura: 18.0°C, Clear, humidity: 67%
2026-08-24 21:47:40,954 - root - INFO - [291/1205] Fetching weather for Hatvan...
2026-08-24 21:47:41,111 - root - INFO - Fetched weather for Hatvan: 18.0°C, Clear, humidity: 51%
2026-08-24 21:47:42,213 - root - INFO - [292/1205] Fetching weather for Vámosgyörk...
2026-08-24 21:47:42,375 - root - INFO - Fetched weather for Vámosgyörk: 18.8°C, Clear, humidity: 50%
2026-08-24 21:47:43,477 - root - INFO - [293/1205] Fetching weather for Adács...
2026-08-24 21:47:43,598 - root - INFO - Fetched weather for Adács: 18.8°C, Clear, humidity: 50%
2026-08-24 21:47:44,699 - root - INFO - [294/1205] Fetching weather for Karácsond...
2026-08-24 21:47:44,862 - root - INFO - Fetched weather for Karácsond: 18.6°C, Clear, humidity: 50%
2026-08-24 21:47:45,963 - root - INFO - [295/1205] Fetching weather for Ludas...
2026-08-24 21:47:46,131 - root - INFO - Fetched weather for Ludas: 18.8°C, Clear, humidity: 51%
2026-08-24 21:47:47,233 - root - INFO - [296/1205] Fetching weather for Nagyút...
2026-08-24 21:47:47,392 - root - INFO - Fetched weather for Nagyút: 18.8°C, Clear, humidity: 51%
2026-08-24 21:47:48,494 - root - INFO - [297/1205] Fetching weather for Kál-Kápolna...
2026-08-24 21:47:48,659 - root - INFO - Fetched weather for Kál-Kápolna: 18.8°C, Clear, humidity: 51%
2026-08-24 21:47:49,761 - root - INFO - [298/1205] Fetching weather for Füzesabony...
2026-08-24 21:47:49,921 - root - INFO - Fetched weather for Füzesabony: 18.8°C, Clear, humidity: 53%
2026-08-24 21:47:51,023 - root - INFO - [299/1205] Fetching weather for Szihalom...
2026-08-24 21:47:51,136 - root - INFO - Fetched weather for Szihalom: 18.5°C, Clear, humidity: 55%
2026-08-24 21:47:52,238 - root - INFO - [300/1205] Fetching weather for Mezőkövesd...
2026-08-24 21:47:52,390 - root - INFO - Fetched weather for Mezőkövesd: 18.5°C, Clear, humidity: 56%
2026-08-24 21:47:53,491 - root - INFO - [301/1205] Fetching weather for Mezőkövesd felső...
2026-08-24 21:47:53,609 - root - INFO - Fetched weather for Mezőkövesd felső: 18.5°C, Clear, humidity: 56%
2026-08-24 21:47:54,710 - root - INFO - [302/1205] Fetching weather for Mezőkeresztes-Mezőnyárád...
2026-08-24 21:47:54,830 - root - INFO - Fetched weather for Mezőkeresztes-Mezőnyárád: 18.5°C, Clear, humidity: 57%
2026-08-24 21:47:55,932 - root - INFO - [303/1205] Fetching weather for Csincse...
2026-08-24 21:47:56,096 - root - INFO - Fetched weather for Csincse: 18.4°C, Clear, humidity: 57%
2026-08-24 21:47:57,198 - root - INFO - [304/1205] Fetching weather for Emőd...
2026-08-24 21:47:57,314 - root - INFO - Fetched weather for Emőd: 18.4°C, Clouds, humidity: 68%
2026-08-24 21:47:58,416 - root - INFO - [305/1205] Fetching weather for Nyékládháza...
2026-08-24 21:47:58,523 - root - INFO - Fetched weather for Nyékládháza: 18.4°C, Clouds, humidity: 70%
2026-08-24 21:47:59,624 - root - INFO - [306/1205] Fetching weather for Miskolc-Tiszai...
2026-08-24 21:47:59,791 - root - INFO - Fetched weather for Miskolc-Tiszai: 18.2°C, Clouds, humidity: 77%
2026-08-24 21:48:00,893 - root - INFO - [307/1205] Fetching weather for Felsőzsolca...
2026-08-24 21:48:01,039 - root - INFO - Fetched weather for Felsőzsolca: 18.3°C, Clouds, humidity: 74%
2026-08-24 21:48:02,141 - root - INFO - [308/1205] Fetching weather for Hernádnémeti-Bőcs...
2026-08-24 21:48:02,302 - root - INFO - Fetched weather for Hernádnémeti-Bőcs: 18.5°C, Clouds, humidity: 58%
2026-08-24 21:48:03,404 - root - INFO - [309/1205] Fetching weather for Tiszalúc...
2026-08-24 21:48:03,572 - root - INFO - Fetched weather for Tiszalúc: 18.6°C, Clouds, humidity: 57%
2026-08-24 21:48:04,673 - root - INFO - [310/1205] Fetching weather for Taktaharkány...
2026-08-24 21:48:04,786 - root - INFO - Fetched weather for Taktaharkány: 18.4°C, Clouds, humidity: 57%
2026-08-24 21:48:05,887 - root - INFO - [311/1205] Fetching weather for Taktaszada...
2026-08-24 21:48:06,009 - root - INFO - Fetched weather for Taktaszada: 18.3°C, Clouds, humidity: 56%
2026-08-24 21:48:07,110 - root - INFO - [312/1205] Fetching weather for Szerencs...
2026-08-24 21:48:07,271 - root - INFO - Fetched weather for Szerencs: 18.4°C, Clouds, humidity: 55%
2026-08-24 21:48:08,373 - root - INFO - [313/1205] Fetching weather for Mezőzombor...
2026-08-24 21:48:08,518 - root - INFO - Fetched weather for Mezőzombor: 18.4°C, Clouds, humidity: 55%
2026-08-24 21:48:09,619 - root - INFO - [314/1205] Fetching weather for Tarcal...
2026-08-24 21:48:09,742 - root - INFO - Fetched weather for Tarcal: 18.8°C, Clouds, humidity: 52%
2026-08-24 21:48:10,844 - root - INFO - [315/1205] Fetching weather for Tokaj...
2026-08-24 21:48:11,008 - root - INFO - Fetched weather for Tokaj: 18.2°C, Clouds, humidity: 52%
2026-08-24 21:48:12,110 - root - INFO - [316/1205] Fetching weather for Rakamaz...
2026-08-24 21:48:12,229 - root - INFO - Fetched weather for Rakamaz: 18.6°C, Clouds, humidity: 53%
2026-08-24 21:48:13,330 - root - INFO - [317/1205] Fetching weather for Görögszállás...
2026-08-24 21:48:13,443 - root - INFO - Fetched weather for Görögszállás: 18.5°C, Clouds, humidity: 55%
2026-08-24 21:48:14,544 - root - INFO - [318/1205] Fetching weather for Nyírtelek...
2026-08-24 21:48:14,709 - root - INFO - Fetched weather for Nyírtelek: 18.3°C, Clouds, humidity: 57%
2026-08-24 21:48:15,810 - root - INFO - [319/1205] Fetching weather for Rákoshegy...
2026-08-24 21:48:15,954 - root - INFO - Fetched weather for Rákoshegy: 23.0°C, Clouds, humidity: 42%
2026-08-24 21:48:17,055 - root - INFO - [320/1205] Fetching weather for Ecser...
2026-08-24 21:48:17,184 - root - INFO - Fetched weather for Ecser: 23.0°C, Clouds, humidity: 40%
2026-08-24 21:48:18,286 - root - INFO - [321/1205] Fetching weather for Maglód...
2026-08-24 21:48:18,441 - root - INFO - Fetched weather for Maglód: 22.9°C, Clouds, humidity: 40%
2026-08-24 21:48:19,543 - root - INFO - [322/1205] Fetching weather for Maglódi nyaraló...
2026-08-24 21:48:19,664 - root - INFO - Fetched weather for Maglódi nyaraló: 22.8°C, Clouds, humidity: 40%
2026-08-24 21:48:20,766 - root - INFO - [323/1205] Fetching weather for Gyömrő...
2026-08-24 21:48:20,926 - root - INFO - Fetched weather for Gyömrő: 22.8°C, Clouds, humidity: 40%
2026-08-24 21:48:22,028 - root - INFO - [324/1205] Fetching weather for Mende...
2026-08-24 21:48:22,150 - root - INFO - Fetched weather for Mende: 22.8°C, Clouds, humidity: 40%
2026-08-24 21:48:23,252 - root - INFO - [325/1205] Fetching weather for Szőlősnyaraló...
2026-08-24 21:48:23,399 - root - INFO - Fetched weather for Szőlősnyaraló: 17.9°C, Clouds, humidity: 67%
2026-08-24 21:48:24,501 - root - INFO - [326/1205] Fetching weather for Sülysáp...
2026-08-24 21:48:24,618 - root - INFO - Fetched weather for Sülysáp: 17.9°C, Clouds, humidity: 67%
2026-08-24 21:48:25,719 - root - INFO - [327/1205] Fetching weather for Tápiószecső...
2026-08-24 21:48:25,835 - root - INFO - Fetched weather for Tápiószecső: 17.9°C, Clear, humidity: 67%
2026-08-24 21:48:26,936 - root - INFO - [328/1205] Fetching weather for Szentmártonkáta...
2026-08-24 21:48:27,092 - root - INFO - Fetched weather for Szentmártonkáta: 18.0°C, Clear, humidity: 50%
2026-08-24 21:48:28,194 - root - INFO - [329/1205] Fetching weather for Nagykáta...
2026-08-24 21:48:28,310 - root - INFO - Fetched weather for Nagykáta: 18.1°C, Clear, humidity: 50%
2026-08-24 21:48:29,411 - root - INFO - [330/1205] Fetching weather for Farmos...
2026-08-24 21:48:29,575 - root - INFO - Fetched weather for Farmos: 19.3°C, Clouds, humidity: 50%
2026-08-24 21:48:30,677 - root - INFO - [331/1205] Fetching weather for Tápiószele...
2026-08-24 21:48:30,838 - root - INFO - Fetched weather for Tápiószele: 19.3°C, Clouds, humidity: 49%
2026-08-24 21:48:31,940 - root - INFO - [332/1205] Fetching weather for Tápiógyörgye...
2026-08-24 21:48:32,055 - root - INFO - Fetched weather for Tápiógyörgye: 19.9°C, Clouds, humidity: 48%
2026-08-24 21:48:33,157 - root - INFO - [333/1205] Fetching weather for Újszász...
2026-08-24 21:48:33,260 - root - INFO - Fetched weather for Újszász: 20.0°C, Clear, humidity: 47%
2026-08-24 21:48:34,362 - root - INFO - [334/1205] Fetching weather for Szurdokpüspöki...
2026-08-24 21:48:34,478 - root - INFO - Fetched weather for Szurdokpüspöki: 18.2°C, Clouds, humidity: 53%
2026-08-24 21:48:35,580 - root - INFO - [335/1205] Fetching weather for Lőrinci...
2026-08-24 21:48:35,727 - root - INFO - Fetched weather for Lőrinci: 18.4°C, Clear, humidity: 51%
2026-08-24 21:48:36,829 - root - INFO - [336/1205] Fetching weather for Selyp...
2026-08-24 21:48:36,990 - root - INFO - Fetched weather for Selyp: 18.4°C, Clear, humidity: 51%
2026-08-24 21:48:38,091 - root - INFO - [337/1205] Fetching weather for Apc-Zagyvaszántó...
2026-08-24 21:48:38,236 - root - INFO - Fetched weather for Apc-Zagyvaszántó: 18.4°C, Clear, humidity: 52%
2026-08-24 21:48:39,337 - root - INFO - [338/1205] Fetching weather for Pásztó...
2026-08-24 21:48:39,448 - root - INFO - Fetched weather for Pásztó: 17.9°C, Clouds, humidity: 55%
2026-08-24 21:48:40,550 - root - INFO - [339/1205] Fetching weather for Mátraszőlős-Hasznos...
2026-08-24 21:48:40,680 - root - INFO - Fetched weather for Mátraszőlős-Hasznos: 17.9°C, Clouds, humidity: 55%
2026-08-24 21:48:41,782 - root - INFO - [340/1205] Fetching weather for Tar...
2026-08-24 21:48:41,898 - root - INFO - Fetched weather for Tar: 17.4°C, Clouds, humidity: 56%
2026-08-24 21:48:42,999 - root - INFO - [341/1205] Fetching weather for Mátraverebély...
2026-08-24 21:48:43,146 - root - INFO - Fetched weather for Mátraverebély: 17.4°C, Clouds, humidity: 56%
2026-08-24 21:48:44,247 - root - INFO - [342/1205] Fetching weather for Nagybátony...
2026-08-24 21:48:44,405 - root - INFO - Fetched weather for Nagybátony: 17.5°C, Clouds, humidity: 57%
2026-08-24 21:48:45,506 - root - INFO - [343/1205] Fetching weather for Kisterenye...
2026-08-24 21:48:45,652 - root - INFO - Fetched weather for Kisterenye: 17.5°C, Clouds, humidity: 58%
2026-08-24 21:48:46,754 - root - INFO - [344/1205] Fetching weather for Kisterenye-Bányatelep...
2026-08-24 21:48:46,875 - root - INFO - Fetched weather for Kisterenye-Bányatelep: 17.5°C, Clouds, humidity: 58%
2026-08-24 21:48:47,977 - root - INFO - [345/1205] Fetching weather for Salgótarján külső...
2026-08-24 21:48:48,084 - root - INFO - Fetched weather for Salgótarján külső: 16.8°C, Clouds, humidity: 59%
2026-08-24 21:48:49,185 - root - INFO - [346/1205] Fetching weather for Balatonfenyves GV...
2026-08-24 21:48:49,327 - root - INFO - Fetched weather for Balatonfenyves GV: 18.1°C, Clouds, humidity: 57%
2026-08-24 21:48:50,429 - root - INFO - [347/1205] Fetching weather for Várhegyalja...
2026-08-24 21:48:50,552 - root - INFO - Fetched weather for Várhegyalja: 20.1°C, Clouds, humidity: 55%
2026-08-24 21:48:51,654 - root - INFO - [348/1205] Fetching weather for Imremajor...
2026-08-24 21:48:51,809 - root - INFO - Fetched weather for Imremajor: 18.1°C, Clouds, humidity: 57%
2026-08-24 21:48:52,910 - root - INFO - [349/1205] Fetching weather for Rákospalota-Kertváros...
2026-08-24 21:48:53,056 - root - INFO - Fetched weather for Rákospalota-Kertváros: 22.1°C, Clear, humidity: 47%
2026-08-24 21:48:54,158 - root - INFO - [350/1205] Fetching weather for Vicziántelep...
2026-08-24 21:48:54,286 - root - INFO - Fetched weather for Vicziántelep: 19.9°C, Clear, humidity: 50%
2026-08-24 21:48:55,388 - root - INFO - [351/1205] Fetching weather for Pálmajor...
2026-08-24 21:48:55,501 - root - INFO - Fetched weather for Pálmajor: 18.1°C, Clouds, humidity: 56%
2026-08-24 21:48:56,602 - root - INFO - [352/1205] Fetching weather for Somogyszentpál felső...
2026-08-24 21:48:56,737 - root - INFO - Fetched weather for Somogyszentpál felső: 18.1°C, Clouds, humidity: 56%
2026-08-24 21:48:57,839 - root - INFO - [353/1205] Fetching weather for Somogyszentpál...
2026-08-24 21:48:57,998 - root - INFO - Fetched weather for Somogyszentpál: 18.1°C, Clouds, humidity: 56%
2026-08-24 21:48:59,100 - root - INFO - [354/1205] Fetching weather for Rudnaykert...
2026-08-24 21:48:59,244 - root - INFO - Fetched weather for Rudnaykert: 20.1°C, Clear, humidity: 50%
2026-08-24 21:49:00,346 - root - INFO - [355/1205] Fetching weather for Maroshegy...
2026-08-24 21:49:00,465 - root - INFO - Fetched weather for Maroshegy: 19.2°C, Clouds, humidity: 52%
2026-08-24 21:49:01,566 - root - INFO - [356/1205] Fetching weather for Bánhida...
2026-08-24 21:49:01,733 - root - INFO - Fetched weather for Bánhida: 18.5°C, Clouds, humidity: 53%
2026-08-24 21:49:02,834 - root - INFO - [357/1205] Fetching weather for Magyarkút...
2026-08-24 21:49:02,950 - root - INFO - Fetched weather for Magyarkút: 19.8°C, Clouds, humidity: 56%
2026-08-24 21:49:04,051 - root - INFO - [358/1205] Fetching weather for Becske alsó...
2026-08-24 21:49:04,177 - root - INFO - Fetched weather for Becske alsó: 15.1°C, Clouds, humidity: 75%
2026-08-24 21:49:05,279 - root - INFO - [359/1205] Fetching weather for Hosszúberek-Péteri...
2026-08-24 21:49:05,405 - root - INFO - Fetched weather for Hosszúberek-Péteri: 23.1°C, Clouds, humidity: 40%
2026-08-24 21:49:06,507 - root - INFO - [360/1205] Fetching weather for Monorierdő...
2026-08-24 21:49:06,615 - root - INFO - Fetched weather for Monorierdő: 23.0°C, Clouds, humidity: 48%
2026-08-24 21:49:07,717 - root - INFO - [361/1205] Fetching weather for Ceglédbercel...
2026-08-24 21:49:07,862 - root - INFO - Fetched weather for Ceglédbercel: 19.4°C, Clouds, humidity: 48%
2026-08-24 21:49:08,964 - root - INFO - [362/1205] Fetching weather for Budai út...
2026-08-24 21:49:09,088 - root - INFO - Fetched weather for Budai út: 19.4°C, Clouds, humidity: 48%
2026-08-24 21:49:10,190 - root - INFO - [363/1205] Fetching weather for Büdöskútpuszta...
2026-08-24 21:49:10,306 - root - INFO - Fetched weather for Büdöskútpuszta: 17.3°C, Clouds, humidity: 61%
2026-08-24 21:49:11,408 - root - INFO - [364/1205] Fetching weather for Bánrévei Vízmű...
2026-08-24 21:49:11,537 - root - INFO - Fetched weather for Bánrévei Vízmű: 19.1°C, Clouds, humidity: 46%
2026-08-24 21:49:12,638 - root - INFO - [365/1205] Fetching weather for Rákoskert...
2026-08-24 21:49:12,761 - root - INFO - Fetched weather for Rákoskert: 22.9°C, Clouds, humidity: 41%
2026-08-24 21:49:13,863 - root - INFO - [366/1205] Fetching weather for Szirmabesenyő...
2026-08-24 21:49:13,980 - root - INFO - Fetched weather for Szirmabesenyő: 18.0°C, Clouds, humidity: 91%
2026-08-24 21:49:15,082 - root - INFO - [367/1205] Fetching weather for Kitérőgyár...
2026-08-24 21:49:15,203 - root - INFO - Fetched weather for Kitérőgyár: 18.2°C, Clear, humidity: 52%
2026-08-24 21:49:16,305 - root - INFO - [368/1205] Fetching weather for Tápiószentmárton...
2026-08-24 21:49:16,423 - root - INFO - Fetched weather for Tápiószentmárton: 19.1°C, Clouds, humidity: 50%
2026-08-24 21:49:17,525 - root - INFO - [369/1205] Fetching weather for Zagyvarékas...
2026-08-24 21:49:17,672 - root - INFO - Fetched weather for Zagyvarékas: 20.0°C, Clear, humidity: 53%
2026-08-24 21:49:18,774 - root - INFO - [370/1205] Fetching weather for Abonyi út...
2026-08-24 21:49:18,891 - root - INFO - Fetched weather for Abonyi út: 20.0°C, Clear, humidity: 53%
2026-08-24 21:49:19,993 - root - INFO - [371/1205] Fetching weather for Jászkisér felső...
2026-08-24 21:49:20,099 - root - INFO - Fetched weather for Jászkisér felső: 17.8°C, Clouds, humidity: 48%
2026-08-24 21:49:21,200 - root - INFO - [372/1205] Fetching weather for Szellőhát...
2026-08-24 21:49:21,317 - root - INFO - Fetched weather for Szellőhát: 19.5°C, Clouds, humidity: 48%
2026-08-24 21:49:22,419 - root - INFO - [373/1205] Fetching weather for Szilvásvárad-Szalajkavölgy...
2026-08-24 21:49:22,529 - root - INFO - Fetched weather for Szilvásvárad-Szalajkavölgy: 17.5°C, Clouds, humidity: 55%
2026-08-24 21:49:23,631 - root - INFO - [374/1205] Fetching weather for Vásárosnamény külső...
2026-08-24 21:49:23,778 - root - INFO - Fetched weather for Vásárosnamény külső: 17.4°C, Clouds, humidity: 54%
2026-08-24 21:49:24,880 - root - INFO - [375/1205] Fetching weather for Újváros...
2026-08-24 21:49:25,000 - root - INFO - Fetched weather for Újváros: 20.6°C, Clear, humidity: 40%
2026-08-24 21:49:26,101 - root - INFO - [376/1205] Fetching weather for Városi park...
2026-08-24 21:49:26,269 - root - INFO - Fetched weather for Városi park: 18.9°C, Clear, humidity: 42%
2026-08-24 21:49:27,371 - root - INFO - [377/1205] Fetching weather for Belsőkamaráspuszta...
2026-08-24 21:49:27,524 - root - INFO - Fetched weather for Belsőkamaráspuszta: 22.8°C, Clear, humidity: 38%
2026-08-24 21:49:28,625 - root - INFO - [378/1205] Fetching weather for Sajószöged...
2026-08-24 21:49:28,747 - root - INFO - Fetched weather for Sajószöged: 18.6°C, Clear, humidity: 57%
2026-08-24 21:49:29,849 - root - INFO - [379/1205] Fetching weather for Kazincbarcika alsó...
2026-08-24 21:49:29,996 - root - INFO - Fetched weather for Kazincbarcika alsó: 18.1°C, Clouds, humidity: 62%
2026-08-24 21:49:31,098 - root - INFO - [380/1205] Fetching weather for Nyárjas...
2026-08-24 21:49:31,219 - root - INFO - Fetched weather for Nyárjas: 20.7°C, Clear, humidity: 43%
2026-08-24 21:49:32,321 - root - INFO - [381/1205] Fetching weather for Pogonyipuszta...
2026-08-24 21:49:32,440 - root - INFO - Fetched weather for Pogonyipuszta: 19.1°C, Clouds, humidity: 46%
2026-08-24 21:49:33,541 - root - INFO - [382/1205] Fetching weather for Sióvölgy...
2026-08-24 21:49:33,707 - root - INFO - Fetched weather for Sióvölgy: 20.0°C, Clear, humidity: 78%
2026-08-24 21:49:34,809 - root - INFO - [383/1205] Fetching weather for Répáspuszta...
2026-08-24 21:49:34,967 - root - INFO - Fetched weather for Répáspuszta: 19.5°C, Clear, humidity: 50%
2026-08-24 21:49:36,069 - root - INFO - [384/1205] Fetching weather for Virányos...
2026-08-24 21:49:36,189 - root - INFO - Fetched weather for Virányos: 18.4°C, Clouds, humidity: 56%
2026-08-24 21:49:37,291 - root - INFO - [385/1205] Fetching weather for Füzesbokor...
2026-08-24 21:49:37,408 - root - INFO - Fetched weather for Füzesbokor: 18.2°C, Clouds, humidity: 57%
2026-08-24 21:49:38,509 - root - INFO - [386/1205] Fetching weather for Kunfehértó...
2026-08-24 21:49:38,630 - root - INFO - Fetched weather for Kunfehértó: 20.1°C, Clear, humidity: 43%
2026-08-24 21:49:39,731 - root - INFO - [387/1205] Fetching weather for Erdőszél...
2026-08-24 21:49:39,895 - root - INFO - Fetched weather for Erdőszél: 20.0°C, Clear, humidity: 43%
2026-08-24 21:49:40,997 - root - INFO - [388/1205] Fetching weather for Jánoshalma...
2026-08-24 21:49:41,151 - root - INFO - Fetched weather for Jánoshalma: 20.2°C, Clear, humidity: 43%
2026-08-24 21:49:42,253 - root - INFO - [389/1205] Fetching weather for Mélykút...
2026-08-24 21:49:42,379 - root - INFO - Fetched weather for Mélykút: 20.5°C, Clear, humidity: 43%
2026-08-24 21:49:43,481 - root - INFO - [390/1205] Fetching weather for Bácsalmás...
2026-08-24 21:49:43,601 - root - INFO - Fetched weather for Bácsalmás: 20.5°C, Clear, humidity: 43%
2026-08-24 21:49:44,702 - root - INFO - [391/1205] Fetching weather for Almás...
2026-08-24 21:49:44,826 - root - INFO - Fetched weather for Almás: 20.5°C, Clear, humidity: 43%
2026-08-24 21:49:45,928 - root - INFO - [392/1205] Fetching weather for Bácsbokod-Bácsborsód...
2026-08-24 21:49:46,090 - root - INFO - Fetched weather for Bácsbokod-Bácsborsód: 20.4°C, Clear, humidity: 43%
2026-08-24 21:49:47,192 - root - INFO - [393/1205] Fetching weather for Baja...
2026-08-24 21:49:47,365 - root - INFO - Fetched weather for Baja: 20.4°C, Clear, humidity: 45%
2026-08-24 21:49:48,467 - root - INFO - [394/1205] Fetching weather for Harkakötöny...
2026-08-24 21:49:48,588 - root - INFO - Fetched weather for Harkakötöny: 20.1°C, Clear, humidity: 43%
2026-08-24 21:49:49,690 - root - INFO - [395/1205] Fetching weather for Tajó...
2026-08-24 21:49:49,815 - root - INFO - Fetched weather for Tajó: 20.2°C, Clear, humidity: 43%
2026-08-24 21:49:50,917 - root - INFO - [396/1205] Fetching weather for Kiskunmajsa...
2026-08-24 21:49:51,041 - root - INFO - Fetched weather for Kiskunmajsa: 18.8°C, Clear, humidity: 43%
2026-08-24 21:49:52,143 - root - INFO - [397/1205] Fetching weather for Jászszentlászló...
2026-08-24 21:49:52,309 - root - INFO - Fetched weather for Jászszentlászló: 18.9°C, Clear, humidity: 42%
2026-08-24 21:49:53,410 - root - INFO - [398/1205] Fetching weather for Galambos...
2026-08-24 21:49:53,558 - root - INFO - Fetched weather for Galambos: 18.9°C, Clear, humidity: 42%
2026-08-24 21:49:54,660 - root - INFO - [399/1205] Fetching weather for Pestszentimre...
2026-08-24 21:49:54,814 - root - INFO - Fetched weather for Pestszentimre: 23.1°C, Clouds, humidity: 44%
2026-08-24 21:49:55,916 - root - INFO - [400/1205] Fetching weather for Gyál felső...
2026-08-24 21:49:56,044 - root - INFO - Fetched weather for Gyál felső: 23.1°C, Clouds, humidity: 43%
2026-08-24 21:49:57,146 - root - INFO - [401/1205] Fetching weather for Gyál...
2026-08-24 21:49:57,262 - root - INFO - Fetched weather for Gyál: 23.1°C, Clouds, humidity: 43%
2026-08-24 21:49:58,363 - root - INFO - [402/1205] Fetching weather for Ócsa...
2026-08-24 21:49:58,520 - root - INFO - Fetched weather for Ócsa: 23.1°C, Clouds, humidity: 40%
2026-08-24 21:49:59,621 - root - INFO - [403/1205] Fetching weather for Inárcs-Kakucs...
2026-08-24 21:49:59,774 - root - INFO - Fetched weather for Inárcs-Kakucs: 23.2°C, Clouds, humidity: 47%
2026-08-24 21:50:00,875 - root - INFO - [404/1205] Fetching weather for Dabas...
2026-08-24 21:50:01,029 - root - INFO - Fetched weather for Dabas: 23.2°C, Clouds, humidity: 47%
2026-08-24 21:50:02,131 - root - INFO - [405/1205] Fetching weather for Gyón...
2026-08-24 21:50:02,292 - root - INFO - Fetched weather for Gyón: 23.2°C, Clouds, humidity: 47%
2026-08-24 21:50:03,394 - root - INFO - [406/1205] Fetching weather for Hernád...
2026-08-24 21:50:03,565 - root - INFO - Fetched weather for Hernád: 19.4°C, Clouds, humidity: 47%
2026-08-24 21:50:04,667 - root - INFO - [407/1205] Fetching weather for Bakonygyirót...
2026-08-24 21:50:04,787 - root - INFO - Fetched weather for Bakonygyirót: 16.6°C, Clouds, humidity: 57%
2026-08-24 21:50:05,889 - root - INFO - [408/1205] Fetching weather for Vinye...
2026-08-24 21:50:06,004 - root - INFO - Fetched weather for Vinye: 21.0°C, Clouds, humidity: 57%
2026-08-24 21:50:07,106 - root - INFO - [409/1205] Fetching weather for Nemesgörzsöny...
2026-08-24 21:50:07,261 - root - INFO - Fetched weather for Nemesgörzsöny: 22.2°C, Clouds, humidity: 49%
2026-08-24 21:50:08,362 - root - INFO - [410/1205] Fetching weather for Rábahíd...
2026-08-24 21:50:08,483 - root - INFO - Fetched weather for Rábahíd: 22.1°C, Clouds, humidity: 49%
2026-08-24 21:50:09,585 - root - INFO - [411/1205] Fetching weather for Öskü...
2026-08-24 21:50:09,744 - root - INFO - Fetched weather for Öskü: 19.1°C, Clear, humidity: 58%
2026-08-24 21:50:10,846 - root - INFO - [412/1205] Fetching weather for Márkó...
2026-08-24 21:50:10,964 - root - INFO - Fetched weather for Márkó: 17.8°C, Clouds, humidity: 57%
2026-08-24 21:50:12,066 - root - INFO - [413/1205] Fetching weather for Nemeskocs...
2026-08-24 21:50:12,221 - root - INFO - Fetched weather for Nemeskocs: 22.1°C, Clouds, humidity: 57%
2026-08-24 21:50:13,323 - root - INFO - [414/1205] Fetching weather for Zalagyömörő...
2026-08-24 21:50:13,480 - root - INFO - Fetched weather for Zalagyömörő: 18.9°C, Clouds, humidity: 56%
2026-08-24 21:50:14,582 - root - INFO - [415/1205] Fetching weather for Rigács...
2026-08-24 21:50:14,692 - root - INFO - Fetched weather for Rigács: 18.9°C, Clouds, humidity: 56%
2026-08-24 21:50:15,794 - root - INFO - [416/1205] Fetching weather for Kemenespálfa...
2026-08-24 21:50:15,958 - root - INFO - Fetched weather for Kemenespálfa: 18.9°C, Clouds, humidity: 56%
2026-08-24 21:50:17,060 - root - INFO - [417/1205] Fetching weather for Lentiszombathely...
2026-08-24 21:50:17,223 - root - INFO - Fetched weather for Lentiszombathely: 18.9°C, Clouds, humidity: 59%
2026-08-24 21:50:18,325 - root - INFO - [418/1205] Fetching weather for Ortaháza...
2026-08-24 21:50:18,444 - root - INFO - Fetched weather for Ortaháza: 18.7°C, Clouds, humidity: 58%
2026-08-24 21:50:19,546 - root - INFO - [419/1205] Fetching weather for Rádiháza...
2026-08-24 21:50:19,727 - root - INFO - Fetched weather for Rádiháza: 18.7°C, Clouds, humidity: 58%
2026-08-24 21:50:20,828 - root - INFO - [420/1205] Fetching weather for Baktüttös...
2026-08-24 21:50:20,944 - root - INFO - Fetched weather for Baktüttös: 17.6°C, Clouds, humidity: 57%
2026-08-24 21:50:22,046 - root - INFO - [421/1205] Fetching weather for Budafa...
2026-08-24 21:50:22,207 - root - INFO - Fetched weather for Budafa: 18.7°C, Clouds, humidity: 59%
2026-08-24 21:50:23,309 - root - INFO - [422/1205] Fetching weather for Zalapatakalja...
2026-08-24 21:50:23,432 - root - INFO - Fetched weather for Zalapatakalja: 18.7°C, Clouds, humidity: 60%
2026-08-24 21:50:24,534 - root - INFO - [423/1205] Fetching weather for Tormásliget...
2026-08-24 21:50:24,650 - root - INFO - Fetched weather for Tormásliget: 16.4°C, Clouds, humidity: 84%
2026-08-24 21:50:25,752 - root - INFO - [424/1205] Fetching weather for Belecska...
2026-08-24 21:50:25,914 - root - INFO - Fetched weather for Belecska: 19.8°C, Clear, humidity: 50%
2026-08-24 21:50:27,015 - root - INFO - [425/1205] Fetching weather for Almár...
2026-08-24 21:50:27,157 - root - INFO - Fetched weather for Almár: 18.6°C, Clouds, humidity: 58%
2026-08-24 21:50:28,259 - root - INFO - [426/1205] Fetching weather for Vasútmúzeum...
2026-08-24 21:50:28,376 - root - INFO - Fetched weather for Vasútmúzeum: 23.1°C, Clouds, humidity: 46%
2026-08-24 21:50:29,478 - root - INFO - [427/1205] Fetching weather for Abda...
2026-08-24 21:50:29,639 - root - INFO - Fetched weather for Abda: 16.8°C, Clouds, humidity: 85%
2026-08-24 21:50:30,741 - root - INFO - [428/1205] Fetching weather for Vadaspark...
2026-08-24 21:50:30,882 - root - INFO - Fetched weather for Vadaspark: 21.1°C, Clouds, humidity: 46%
2026-08-24 21:50:31,984 - root - INFO - [429/1205] Fetching weather for Barosstelep...
2026-08-24 21:50:32,151 - root - INFO - Fetched weather for Barosstelep: 23.0°C, Clouds, humidity: 46%
2026-08-24 21:50:33,253 - root - INFO - [430/1205] Fetching weather for Fegyvernek-Örményes...
2026-08-24 21:50:33,365 - root - INFO - Fetched weather for Fegyvernek-Örményes: 20.0°C, Clear, humidity: 44%
2026-08-24 21:50:34,466 - root - INFO - [431/1205] Fetching weather for Zagyvapálfalva...
2026-08-24 21:50:34,584 - root - INFO - Fetched weather for Zagyvapálfalva: 17.1°C, Clouds, humidity: 59%
2026-08-24 21:50:35,685 - root - INFO - [432/1205] Fetching weather for Salgótarján...
2026-08-24 21:50:35,865 - root - INFO - Fetched weather for Salgótarján: 16.3°C, Clouds, humidity: 59%
2026-08-24 21:50:36,967 - root - INFO - [433/1205] Fetching weather for Szabadisóstó...
2026-08-24 21:50:37,129 - root - INFO - Fetched weather for Szabadisóstó: 19.4°C, Clear, humidity: 77%
2026-08-24 21:50:38,231 - root - INFO - [434/1205] Fetching weather for Siófok...
2026-08-24 21:50:38,356 - root - INFO - Fetched weather for Siófok: 19.4°C, Clear, humidity: 77%
2026-08-24 21:50:39,458 - root - INFO - [435/1205] Fetching weather for Balatonszéplak felső...
2026-08-24 21:50:39,572 - root - INFO - Fetched weather for Balatonszéplak felső: 19.4°C, Clear, humidity: 77%
2026-08-24 21:50:40,674 - root - INFO - [436/1205] Fetching weather for Balatonszéplak alsó...
2026-08-24 21:50:40,787 - root - INFO - Fetched weather for Balatonszéplak alsó: 19.4°C, Clear, humidity: 77%
2026-08-24 21:50:41,889 - root - INFO - [437/1205] Fetching weather for Zamárdi felső...
2026-08-24 21:50:42,044 - root - INFO - Fetched weather for Zamárdi felső: 19.4°C, Clear, humidity: 77%
2026-08-24 21:50:43,146 - root - INFO - [438/1205] Fetching weather for Zamárdi...
2026-08-24 21:50:43,289 - root - INFO - Fetched weather for Zamárdi: 19.3°C, Clear, humidity: 77%
2026-08-24 21:50:44,391 - root - INFO - [439/1205] Fetching weather for Szántód...
2026-08-24 21:50:44,555 - root - INFO - Fetched weather for Szántód: 19.4°C, Clear, humidity: 77%
2026-08-24 21:50:45,657 - root - INFO - [440/1205] Fetching weather for Szőny-Déli...
2026-08-24 21:50:45,774 - root - INFO - Fetched weather for Szőny-Déli: 17.1°C, Clouds, humidity: 55%
2026-08-24 21:50:46,875 - root - INFO - [441/1205] Fetching weather for Várpalota...
2026-08-24 21:50:47,037 - root - INFO - Fetched weather for Várpalota: 18.4°C, Clouds, humidity: 56%
2026-08-24 21:50:48,139 - root - INFO - [442/1205] Fetching weather for Pétfürdő...
2026-08-24 21:50:48,298 - root - INFO - Fetched weather for Pétfürdő: 19.2°C, Clear, humidity: 57%
2026-08-24 21:50:49,399 - root - INFO - [443/1205] Fetching weather for Hajmáskér...
2026-08-24 21:50:49,515 - root - INFO - Fetched weather for Hajmáskér: 19.0°C, Clear, humidity: 58%
2026-08-24 21:50:50,617 - root - INFO - [444/1205] Fetching weather for Veszprém...
2026-08-24 21:50:50,762 - root - INFO - Fetched weather for Veszprém: 18.8°C, Clear, humidity: 58%
2026-08-24 21:50:51,863 - root - INFO - [445/1205] Fetching weather for Herend...
2026-08-24 21:50:52,024 - root - INFO - Fetched weather for Herend: 17.7°C, Clouds, humidity: 57%
2026-08-24 21:50:53,126 - root - INFO - [446/1205] Fetching weather for Városlőd...
2026-08-24 21:50:53,241 - root - INFO - Fetched weather for Városlőd: 21.0°C, Clouds, humidity: 56%
2026-08-24 21:50:54,342 - root - INFO - [447/1205] Fetching weather for Városlőd-Kislőd...
2026-08-24 21:50:54,507 - root - INFO - Fetched weather for Városlőd-Kislőd: 21.1°C, Clouds, humidity: 56%
2026-08-24 21:50:55,608 - root - INFO - [448/1205] Fetching weather for Ajka...
2026-08-24 21:50:55,766 - root - INFO - Fetched weather for Ajka: 21.4°C, Clouds, humidity: 55%
2026-08-24 21:50:56,867 - root - INFO - [449/1205] Fetching weather for Ajka-Gyártelep...
2026-08-24 21:50:56,980 - root - INFO - Fetched weather for Ajka-Gyártelep: 21.4°C, Clouds, humidity: 55%
2026-08-24 21:50:58,082 - root - INFO - [450/1205] Fetching weather for Devecser...
2026-08-24 21:50:58,237 - root - INFO - Fetched weather for Devecser: 21.8°C, Clouds, humidity: 55%
2026-08-24 21:50:59,339 - root - INFO - [451/1205] Fetching weather for Somlóvásárhely...
2026-08-24 21:50:59,455 - root - INFO - Fetched weather for Somlóvásárhely: 21.9°C, Clouds, humidity: 55%
2026-08-24 21:51:00,557 - root - INFO - [452/1205] Fetching weather for Tüskevár...
2026-08-24 21:51:00,672 - root - INFO - Fetched weather for Tüskevár: 22.0°C, Clouds, humidity: 55%
2026-08-24 21:51:01,774 - root - INFO - [453/1205] Fetching weather for Karakószörcsök...
2026-08-24 21:51:01,933 - root - INFO - Fetched weather for Karakószörcsök: 18.9°C, Clouds, humidity: 55%
2026-08-24 21:51:03,035 - root - INFO - [454/1205] Fetching weather for Kerta...
2026-08-24 21:51:03,193 - root - INFO - Fetched weather for Kerta: 19.0°C, Clouds, humidity: 56%
2026-08-24 21:51:04,295 - root - INFO - [455/1205] Fetching weather for Boba...
2026-08-24 21:51:04,424 - root - INFO - Fetched weather for Boba: 18.9°C, Clouds, humidity: 57%
2026-08-24 21:51:05,526 - root - INFO - [456/1205] Fetching weather for Börgönd...
2026-08-24 21:51:05,636 - root - INFO - Fetched weather for Börgönd: 19.2°C, Clear, humidity: 50%
2026-08-24 21:51:06,737 - root - INFO - [457/1205] Fetching weather for Belsőbáránd...
2026-08-24 21:51:06,851 - root - INFO - Fetched weather for Belsőbáránd: 19.2°C, Clear, humidity: 51%
2026-08-24 21:51:07,952 - root - INFO - [458/1205] Fetching weather for Zichyújfalu...
2026-08-24 21:51:08,069 - root - INFO - Fetched weather for Zichyújfalu: 19.3°C, Clear, humidity: 49%
2026-08-24 21:51:09,170 - root - INFO - [459/1205] Fetching weather for Seregélyes...
2026-08-24 21:51:09,332 - root - INFO - Fetched weather for Seregélyes: 19.4°C, Clear, humidity: 50%
2026-08-24 21:51:10,434 - root - INFO - [460/1205] Fetching weather for Polgárdi-Ipartelepek...
2026-08-24 21:51:10,546 - root - INFO - Fetched weather for Polgárdi-Ipartelepek: 19.0°C, Clear, humidity: 54%
2026-08-24 21:51:11,648 - root - INFO - [461/1205] Fetching weather for Polgárdi...
2026-08-24 21:51:11,792 - root - INFO - Fetched weather for Polgárdi: 19.0°C, Clear, humidity: 54%
2026-08-24 21:51:12,893 - root - INFO - [462/1205] Fetching weather for Füle...
2026-08-24 21:51:13,002 - root - INFO - Fetched weather for Füle: 19.0°C, Clear, humidity: 55%
2026-08-24 21:51:14,104 - root - INFO - [463/1205] Fetching weather for Zánka-Erzsébettábor...
2026-08-24 21:51:14,264 - root - INFO - Fetched weather for Zánka-Erzsébettábor: 19.3°C, Clear, humidity: 58%
2026-08-24 21:51:15,366 - root - INFO - [464/1205] Fetching weather for Csajág...
2026-08-24 21:51:15,520 - root - INFO - Fetched weather for Csajág: 19.2°C, Clear, humidity: 77%
2026-08-24 21:51:16,622 - root - INFO - [465/1205] Fetching weather for Balatonakarattya...
2026-08-24 21:51:16,780 - root - INFO - Fetched weather for Balatonakarattya: 19.1°C, Clear, humidity: 77%
2026-08-24 21:51:17,882 - root - INFO - [466/1205] Fetching weather for Csittényhegy...
2026-08-24 21:51:18,021 - root - INFO - Fetched weather for Csittényhegy: 19.3°C, Clear, humidity: 77%
2026-08-24 21:51:19,123 - root - INFO - [467/1205] Fetching weather for Balatonkenese...
2026-08-24 21:51:19,243 - root - INFO - Fetched weather for Balatonkenese: 19.4°C, Clear, humidity: 77%
2026-08-24 21:51:20,345 - root - INFO - [468/1205] Fetching weather for Balatonfűzfő...
2026-08-24 21:51:20,456 - root - INFO - Fetched weather for Balatonfűzfő: 19.4°C, Clear, humidity: 77%
2026-08-24 21:51:21,557 - root - INFO - [469/1205] Fetching weather for Balatonalmádi...
2026-08-24 21:51:21,720 - root - INFO - Fetched weather for Balatonalmádi: 19.4°C, Clear, humidity: 77%
2026-08-24 21:51:22,822 - root - INFO - [470/1205] Fetching weather for Káptalanfüred...
2026-08-24 21:51:22,957 - root - INFO - Fetched weather for Káptalanfüred: 19.4°C, Clear, humidity: 77%
2026-08-24 21:51:24,059 - root - INFO - [471/1205] Fetching weather for Alsóörs...
2026-08-24 21:51:24,218 - root - INFO - Fetched weather for Alsóörs: 19.4°C, Clear, humidity: 77%
2026-08-24 21:51:25,320 - root - INFO - [472/1205] Fetching weather for Csopak...
2026-08-24 21:51:25,437 - root - INFO - Fetched weather for Csopak: 19.3°C, Clear, humidity: 77%
2026-08-24 21:51:26,538 - root - INFO - [473/1205] Fetching weather for Balatonarács...
2026-08-24 21:51:26,698 - root - INFO - Fetched weather for Balatonarács: 19.2°C, Clear, humidity: 77%
2026-08-24 21:51:27,800 - root - INFO - [474/1205] Fetching weather for Balatonfüred...
2026-08-24 21:51:27,957 - root - INFO - Fetched weather for Balatonfüred: 19.3°C, Clear, humidity: 77%
2026-08-24 21:51:29,059 - root - INFO - [475/1205] Fetching weather for Aszófő...
2026-08-24 21:51:29,218 - root - INFO - Fetched weather for Aszófő: 19.4°C, Clear, humidity: 77%
2026-08-24 21:51:30,320 - root - INFO - [476/1205] Fetching weather for Örvényes...
2026-08-24 21:51:30,444 - root - INFO - Fetched weather for Örvényes: 19.4°C, Clear, humidity: 77%
2026-08-24 21:51:31,546 - root - INFO - [477/1205] Fetching weather for Balatonudvari...
2026-08-24 21:51:31,681 - root - INFO - Fetched weather for Balatonudvari: 19.4°C, Clear, humidity: 77%
2026-08-24 21:51:32,782 - root - INFO - [478/1205] Fetching weather for Fövenyes...
2026-08-24 21:51:32,936 - root - INFO - Fetched weather for Fövenyes: 19.4°C, Clear, humidity: 58%
2026-08-24 21:51:34,038 - root - INFO - [479/1205] Fetching weather for Balatonakali-Dörgicse...
2026-08-24 21:51:34,188 - root - INFO - Fetched weather for Balatonakali-Dörgicse: 19.4°C, Clear, humidity: 58%
2026-08-24 21:51:35,289 - root - INFO - [480/1205] Fetching weather for Zánka-Köveskál...
2026-08-24 21:51:35,460 - root - INFO - Fetched weather for Zánka-Köveskál: 19.4°C, Clear, humidity: 58%
2026-08-24 21:51:36,562 - root - INFO - [481/1205] Fetching weather for Balatonszepezd...
2026-08-24 21:51:36,709 - root - INFO - Fetched weather for Balatonszepezd: 19.5°C, Clear, humidity: 57%
2026-08-24 21:51:37,810 - root - INFO - [482/1205] Fetching weather for Szepezdfürdő...
2026-08-24 21:51:37,976 - root - INFO - Fetched weather for Szepezdfürdő: 18.5°C, Clear, humidity: 57%
2026-08-24 21:51:39,078 - root - INFO - [483/1205] Fetching weather for Révfülöp...
2026-08-24 21:51:39,211 - root - INFO - Fetched weather for Révfülöp: 18.5°C, Clear, humidity: 57%
2026-08-24 21:51:40,313 - root - INFO - [484/1205] Fetching weather for Balatonrendes...
2026-08-24 21:51:40,464 - root - INFO - Fetched weather for Balatonrendes: 19.2°C, Clear, humidity: 57%
2026-08-24 21:51:41,566 - root - INFO - [485/1205] Fetching weather for Ábrahámhegy...
2026-08-24 21:51:41,712 - root - INFO - Fetched weather for Ábrahámhegy: 19.2°C, Clear, humidity: 57%
2026-08-24 21:51:42,813 - root - INFO - [486/1205] Fetching weather for Badacsonyörs...
2026-08-24 21:51:42,939 - root - INFO - Fetched weather for Badacsonyörs: 19.4°C, Clear, humidity: 57%
2026-08-24 21:51:44,040 - root - INFO - [487/1205] Fetching weather for Kisújszállás...
2026-08-24 21:51:44,198 - root - INFO - Fetched weather for Kisújszállás: 19.9°C, Clear, humidity: 44%
2026-08-24 21:51:45,299 - root - INFO - [488/1205] Fetching weather for Karcag...
2026-08-24 21:51:45,422 - root - INFO - Fetched weather for Karcag: 19.7°C, Clear, humidity: 44%
2026-08-24 21:51:46,524 - root - INFO - [489/1205] Fetching weather for Püspökladány...
2026-08-24 21:51:46,682 - root - INFO - Fetched weather for Püspökladány: 19.6°C, Clear, humidity: 43%
2026-08-24 21:51:47,783 - root - INFO - [490/1205] Fetching weather for Kaba...
2026-08-24 21:51:47,945 - root - INFO - Fetched weather for Kaba: 18.1°C, Clouds, humidity: 42%
2026-08-24 21:51:49,047 - root - INFO - [491/1205] Fetching weather for Hajdúszoboszló...
2026-08-24 21:51:49,201 - root - INFO - Fetched weather for Hajdúszoboszló: 18.1°C, Clouds, humidity: 48%
2026-08-24 21:51:50,303 - root - INFO - [492/1205] Fetching weather for Ebes...
2026-08-24 21:51:50,463 - root - INFO - Fetched weather for Ebes: 18.0°C, Clear, humidity: 48%
2026-08-24 21:51:51,565 - root - INFO - [493/1205] Fetching weather for Debrecen...
2026-08-24 21:51:51,675 - root - INFO - Fetched weather for Debrecen: 17.9°C, Clear, humidity: 48%
2026-08-24 21:51:52,777 - root - INFO - [494/1205] Fetching weather for Debrecen-Csapókert...
2026-08-24 21:51:52,922 - root - INFO - Fetched weather for Debrecen-Csapókert: 17.9°C, Clear, humidity: 48%
2026-08-24 21:51:54,024 - root - INFO - [495/1205] Fetching weather for Apafa...
2026-08-24 21:51:54,188 - root - INFO - Fetched weather for Apafa: 17.8°C, Clouds, humidity: 48%
2026-08-24 21:51:55,290 - root - INFO - [496/1205] Fetching weather for Bocskaikert...
2026-08-24 21:51:55,435 - root - INFO - Fetched weather for Bocskaikert: 17.8°C, Clouds, humidity: 48%
2026-08-24 21:51:56,537 - root - INFO - [497/1205] Fetching weather for Hajdúhadház...
2026-08-24 21:51:56,645 - root - INFO - Fetched weather for Hajdúhadház: 17.7°C, Clouds, humidity: 45%
2026-08-24 21:51:57,746 - root - INFO - [498/1205] Fetching weather for Téglás...
2026-08-24 21:51:57,902 - root - INFO - Fetched weather for Téglás: 17.8°C, Clouds, humidity: 45%
2026-08-24 21:51:59,003 - root - INFO - [499/1205] Fetching weather for Újfehértó...
2026-08-24 21:51:59,151 - root - INFO - Fetched weather for Újfehértó: 18.2°C, Clouds, humidity: 49%
2026-08-24 21:52:00,253 - root - INFO - [500/1205] Fetching weather for Nyíregyháza...
2026-08-24 21:52:00,399 - root - INFO - Fetched weather for Nyíregyháza: 18.1°C, Clouds, humidity: 55%
2026-08-24 21:52:01,501 - root - INFO - [501/1205] Fetching weather for Sóstó...
2026-08-24 21:52:01,649 - root - INFO - Fetched weather for Sóstó: 18.0°C, Clouds, humidity: 57%
2026-08-24 21:52:02,751 - root - INFO - [502/1205] Fetching weather for Sóstóhegy...
2026-08-24 21:52:02,910 - root - INFO - Fetched weather for Sóstóhegy: 18.1°C, Clouds, humidity: 58%
2026-08-24 21:52:04,012 - root - INFO - [503/1205] Fetching weather for Kemecse...
2026-08-24 21:52:04,116 - root - INFO - Fetched weather for Kemecse: 17.9°C, Clouds, humidity: 60%
2026-08-24 21:52:05,218 - root - INFO - [504/1205] Fetching weather for Nyírbogdány...
2026-08-24 21:52:05,376 - root - INFO - Fetched weather for Nyírbogdány: 17.8°C, Clouds, humidity: 61%
2026-08-24 21:52:06,477 - root - INFO - [505/1205] Fetching weather for Kék...
2026-08-24 21:52:06,631 - root - INFO - Fetched weather for Kék: 17.8°C, Clouds, humidity: 61%
2026-08-24 21:52:07,733 - root - INFO - [506/1205] Fetching weather for Demecser...
2026-08-24 21:52:07,880 - root - INFO - Fetched weather for Demecser: 17.7°C, Clouds, humidity: 62%
2026-08-24 21:52:08,982 - root - INFO - [507/1205] Fetching weather for Gégény...
2026-08-24 21:52:09,141 - root - INFO - Fetched weather for Gégény: 17.6°C, Clouds, humidity: 62%
2026-08-24 21:52:10,243 - root - INFO - [508/1205] Fetching weather for Pátroha...
2026-08-24 21:52:10,399 - root - INFO - Fetched weather for Pátroha: 17.6°C, Clouds, humidity: 62%
2026-08-24 21:52:11,501 - root - INFO - [509/1205] Fetching weather for Ajak...
2026-08-24 21:52:11,663 - root - INFO - Fetched weather for Ajak: 17.5°C, Clouds, humidity: 62%
2026-08-24 21:52:12,764 - root - INFO - [510/1205] Fetching weather for Kisvárda...
2026-08-24 21:52:12,890 - root - INFO - Fetched weather for Kisvárda: 17.4°C, Clouds, humidity: 61%
2026-08-24 21:52:13,992 - root - INFO - [511/1205] Fetching weather for Kisvárda-Hármasút...
2026-08-24 21:52:14,144 - root - INFO - Fetched weather for Kisvárda-Hármasút: 17.4°C, Clouds, humidity: 61%
2026-08-24 21:52:15,245 - root - INFO - [512/1205] Fetching weather for Fényeslitke...
2026-08-24 21:52:15,417 - root - INFO - Fetched weather for Fényeslitke: 17.3°C, Clouds, humidity: 61%
2026-08-24 21:52:16,518 - root - INFO - [513/1205] Fetching weather for Komoró...
2026-08-24 21:52:16,691 - root - INFO - Fetched weather for Komoró: 17.3°C, Clouds, humidity: 62%
2026-08-24 21:52:17,793 - root - INFO - [514/1205] Fetching weather for Tuzsér...
2026-08-24 21:52:17,956 - root - INFO - Fetched weather for Tuzsér: 17.1°C, Clouds, humidity: 62%
2026-08-24 21:52:19,057 - root - INFO - [515/1205] Fetching weather for Tiszabezdéd...
2026-08-24 21:52:19,195 - root - INFO - Fetched weather for Tiszabezdéd: 17.1°C, Clouds, humidity: 62%
2026-08-24 21:52:20,296 - root - INFO - [516/1205] Fetching weather for Záhony...
2026-08-24 21:52:20,441 - root - INFO - Fetched weather for Záhony: 17.0°C, Clouds, humidity: 61%
2026-08-24 21:52:21,543 - root - INFO - [517/1205] Fetching weather for Karcag-Vásártér...
2026-08-24 21:52:21,687 - root - INFO - Fetched weather for Karcag-Vásártér: 17.8°C, Clear, humidity: 44%
2026-08-24 21:52:22,789 - root - INFO - [518/1205] Fetching weather for Berekfürdő...
2026-08-24 21:52:22,947 - root - INFO - Fetched weather for Berekfürdő: 17.8°C, Clear, humidity: 45%
2026-08-24 21:52:24,049 - root - INFO - [519/1205] Fetching weather for Kunmadaras...
2026-08-24 21:52:24,205 - root - INFO - Fetched weather for Kunmadaras: 17.8°C, Clear, humidity: 60%
2026-08-24 21:52:25,307 - root - INFO - [520/1205] Fetching weather for Tiszaszentimre...
2026-08-24 21:52:25,457 - root - INFO - Fetched weather for Tiszaszentimre: 17.8°C, Clear, humidity: 60%
2026-08-24 21:52:26,559 - root - INFO - [521/1205] Fetching weather for Tiszaszőlős...
2026-08-24 21:52:26,726 - root - INFO - Fetched weather for Tiszaszőlős: 17.8°C, Clear, humidity: 60%
2026-08-24 21:52:27,828 - root - INFO - [522/1205] Fetching weather for Hosszúhát...
2026-08-24 21:52:27,953 - root - INFO - Fetched weather for Hosszúhát: 19.8°C, Clear, humidity: 41%
2026-08-24 21:52:29,055 - root - INFO - [523/1205] Fetching weather for Szerep...
2026-08-24 21:52:29,221 - root - INFO - Fetched weather for Szerep: 19.7°C, Clear, humidity: 41%
2026-08-24 21:52:30,322 - root - INFO - [524/1205] Fetching weather for Sárrétudvari...
2026-08-24 21:52:30,464 - root - INFO - Fetched weather for Sárrétudvari: 19.7°C, Clouds, humidity: 41%
2026-08-24 21:52:31,566 - root - INFO - [525/1205] Fetching weather for Biharnagybajom...
2026-08-24 21:52:31,689 - root - INFO - Fetched weather for Biharnagybajom: 19.7°C, Clouds, humidity: 40%
2026-08-24 21:52:32,791 - root - INFO - [526/1205] Fetching weather for Füzesgyarmat...
2026-08-24 21:52:32,933 - root - INFO - Fetched weather for Füzesgyarmat: 19.9°C, Clear, humidity: 40%
2026-08-24 21:52:34,035 - root - INFO - [527/1205] Fetching weather for Füzesgyarmatfürdő...
2026-08-24 21:52:34,193 - root - INFO - Fetched weather for Füzesgyarmatfürdő: 19.9°C, Clear, humidity: 40%
2026-08-24 21:52:35,295 - root - INFO - [528/1205] Fetching weather for Báránd...
2026-08-24 21:52:35,408 - root - INFO - Fetched weather for Báránd: 19.6°C, Clouds, humidity: 41%
2026-08-24 21:52:36,510 - root - INFO - [529/1205] Fetching weather for Sáp...
2026-08-24 21:52:36,667 - root - INFO - Fetched weather for Sáp: 19.6°C, Clouds, humidity: 40%
2026-08-24 21:52:37,769 - root - INFO - [530/1205] Fetching weather for Berettyóújfalu...
2026-08-24 21:52:37,886 - root - INFO - Fetched weather for Berettyóújfalu: 19.5°C, Clouds, humidity: 38%
2026-08-24 21:52:38,987 - root - INFO - [531/1205] Fetching weather for Mezőpeterd...
2026-08-24 21:52:39,104 - root - INFO - Fetched weather for Mezőpeterd: 21.4°C, Clouds, humidity: 38%
2026-08-24 21:52:40,206 - root - INFO - [532/1205] Fetching weather for Biharkeresztes...
2026-08-24 21:52:40,377 - root - INFO - Fetched weather for Biharkeresztes: 21.4°C, Clouds, humidity: 38%
2026-08-24 21:52:41,478 - root - INFO - [533/1205] Fetching weather for Tócóvölgy...
2026-08-24 21:52:41,626 - root - INFO - Fetched weather for Tócóvölgy: 18.0°C, Clear, humidity: 48%
2026-08-24 21:52:42,727 - root - INFO - [534/1205] Fetching weather for Sáregres...
2026-08-24 21:52:42,890 - root - INFO - Fetched weather for Sáregres: 19.8°C, Clear, humidity: 49%
2026-08-24 21:52:43,992 - root - INFO - [535/1205] Fetching weather for Simontornya...
2026-08-24 21:52:44,120 - root - INFO - Fetched weather for Simontornya: 19.7°C, Clear, humidity: 50%
2026-08-24 21:52:45,222 - root - INFO - [536/1205] Fetching weather for Tolnanémedi...
2026-08-24 21:52:45,331 - root - INFO - Fetched weather for Tolnanémedi: 19.7°C, Clear, humidity: 50%
2026-08-24 21:52:46,432 - root - INFO - [537/1205] Fetching weather for Pincehely...
2026-08-24 21:52:46,560 - root - INFO - Fetched weather for Pincehely: 19.6°C, Clear, humidity: 50%
2026-08-24 21:52:47,661 - root - INFO - [538/1205] Fetching weather for Keszőhidegkút-Gyönk...
2026-08-24 21:52:47,804 - root - INFO - Fetched weather for Keszőhidegkút-Gyönk: 19.8°C, Clear, humidity: 49%
2026-08-24 21:52:48,905 - root - INFO - [539/1205] Fetching weather for Szárazd...
2026-08-24 21:52:49,048 - root - INFO - Fetched weather for Szárazd: 19.9°C, Clear, humidity: 49%
2026-08-24 21:52:50,150 - root - INFO - [540/1205] Fetching weather for Regöly...
2026-08-24 21:52:50,269 - root - INFO - Fetched weather for Regöly: 19.9°C, Clear, humidity: 49%
2026-08-24 21:52:51,371 - root - INFO - [541/1205] Fetching weather for Szakály-Hőgyész...
2026-08-24 21:52:51,486 - root - INFO - Fetched weather for Szakály-Hőgyész: 19.9°C, Clear, humidity: 48%
2026-08-24 21:52:52,587 - root - INFO - [542/1205] Fetching weather for Dúzs...
2026-08-24 21:52:52,698 - root - INFO - Fetched weather for Dúzs: 19.9°C, Clear, humidity: 48%
2026-08-24 21:52:53,800 - root - INFO - [543/1205] Fetching weather for Csibrák...
2026-08-24 21:52:53,956 - root - INFO - Fetched weather for Csibrák: 20.0°C, Clear, humidity: 48%
2026-08-24 21:52:55,058 - root - INFO - [544/1205] Fetching weather for Kurd...
2026-08-24 21:52:55,202 - root - INFO - Fetched weather for Kurd: 19.7°C, Clear, humidity: 48%
2026-08-24 21:52:56,303 - root - INFO - [545/1205] Fetching weather for Döbrököz...
2026-08-24 21:52:56,429 - root - INFO - Fetched weather for Döbrököz: 20.0°C, Clear, humidity: 48%
2026-08-24 21:52:57,531 - root - INFO - [546/1205] Fetching weather for Dombóvár...
2026-08-24 21:52:57,645 - root - INFO - Fetched weather for Dombóvár: 20.0°C, Clear, humidity: 48%
2026-08-24 21:52:58,747 - root - INFO - [547/1205] Fetching weather for Dombóvár alsó...
2026-08-24 21:52:58,891 - root - INFO - Fetched weather for Dombóvár alsó: 20.0°C, Clear, humidity: 48%
2026-08-24 21:52:59,993 - root - INFO - [548/1205] Fetching weather for Somoskőújfalu...
2026-08-24 21:53:00,153 - root - INFO - Fetched weather for Somoskőújfalu: 15.1°C, Clouds, humidity: 60%
2026-08-24 21:53:01,255 - root - INFO - [549/1205] Fetching weather for Jászfényszaru...
2026-08-24 21:53:01,408 - root - INFO - Fetched weather for Jászfényszaru: 18.1°C, Clear, humidity: 50%
2026-08-24 21:53:02,510 - root - INFO - [550/1205] Fetching weather for Pusztamonostor...
2026-08-24 21:53:02,667 - root - INFO - Fetched weather for Pusztamonostor: 18.1°C, Clear, humidity: 50%
2026-08-24 21:53:03,768 - root - INFO - [551/1205] Fetching weather for Jászberény...
2026-08-24 21:53:03,924 - root - INFO - Fetched weather for Jászberény: 19.1°C, Clouds, humidity: 49%
2026-08-24 21:53:05,025 - root - INFO - [552/1205] Fetching weather for Meggyespele...
2026-08-24 21:53:05,143 - root - INFO - Fetched weather for Meggyespele: 19.3°C, Clouds, humidity: 49%
2026-08-24 21:53:06,244 - root - INFO - [553/1205] Fetching weather for Portelek...
2026-08-24 21:53:06,400 - root - INFO - Fetched weather for Portelek: 19.3°C, Clouds, humidity: 49%
2026-08-24 21:53:07,502 - root - INFO - [554/1205] Fetching weather for Jászboldogháza-Jánoshida...
2026-08-24 21:53:07,645 - root - INFO - Fetched weather for Jászboldogháza-Jánoshida: 19.4°C, Clouds, humidity: 48%
2026-08-24 21:53:08,747 - root - INFO - [555/1205] Fetching weather for Jászárokszállás...
2026-08-24 21:53:08,908 - root - INFO - Fetched weather for Jászárokszállás: 18.9°C, Clouds, humidity: 49%
2026-08-24 21:53:10,010 - root - INFO - [556/1205] Fetching weather for Jászdózsa...
2026-08-24 21:53:10,163 - root - INFO - Fetched weather for Jászdózsa: 19.1°C, Clouds, humidity: 49%
2026-08-24 21:53:11,265 - root - INFO - [557/1205] Fetching weather for Jászapáti...
2026-08-24 21:53:11,388 - root - INFO - Fetched weather for Jászapáti: 19.3°C, Clouds, humidity: 48%
2026-08-24 21:53:12,490 - root - INFO - [558/1205] Fetching weather for Jászkisér...
2026-08-24 21:53:12,650 - root - INFO - Fetched weather for Jászkisér: 17.8°C, Clouds, humidity: 48%
2026-08-24 21:53:13,752 - root - INFO - [559/1205] Fetching weather for Jászladány...
2026-08-24 21:53:13,901 - root - INFO - Fetched weather for Jászladány: 20.0°C, Clouds, humidity: 47%
2026-08-24 21:53:15,003 - root - INFO - [560/1205] Fetching weather for Szászberek...
2026-08-24 21:53:15,166 - root - INFO - Fetched weather for Szászberek: 20.0°C, Clear, humidity: 47%
2026-08-24 21:53:16,268 - root - INFO - [561/1205] Fetching weather for Gyöngyöshalász...
2026-08-24 21:53:16,373 - root - INFO - Fetched weather for Gyöngyöshalász: 18.5°C, Clear, humidity: 51%
2026-08-24 21:53:17,474 - root - INFO - [562/1205] Fetching weather for Gyöngyös...
2026-08-24 21:53:17,592 - root - INFO - Fetched weather for Gyöngyös: 18.1°C, Clear, humidity: 52%
2026-08-24 21:53:18,694 - root - INFO - [563/1205] Fetching weather for Erdőtelek...
2026-08-24 21:53:18,850 - root - INFO - Fetched weather for Erdőtelek: 18.9°C, Clouds, humidity: 51%
2026-08-24 21:53:19,952 - root - INFO - [564/1205] Fetching weather for Heves...
2026-08-24 21:53:20,099 - root - INFO - Fetched weather for Heves: 17.7°C, Clouds, humidity: 50%
2026-08-24 21:53:21,201 - root - INFO - [565/1205] Fetching weather for Hevesvezekény...
2026-08-24 21:53:21,358 - root - INFO - Fetched weather for Hevesvezekény: 17.8°C, Clouds, humidity: 60%
2026-08-24 21:53:22,460 - root - INFO - [566/1205] Fetching weather for Tarnaszentmiklós...
2026-08-24 21:53:22,579 - root - INFO - Fetched weather for Tarnaszentmiklós: 17.8°C, Clouds, humidity: 60%
2026-08-24 21:53:23,681 - root - INFO - [567/1205] Fetching weather for Kisköre...
2026-08-24 21:53:23,796 - root - INFO - Fetched weather for Kisköre: 17.8°C, Clouds, humidity: 60%
2026-08-24 21:53:24,898 - root - INFO - [568/1205] Fetching weather for Abádszalók...
2026-08-24 21:53:25,060 - root - INFO - Fetched weather for Abádszalók: 17.8°C, Clouds, humidity: 60%
2026-08-24 21:53:26,162 - root - INFO - [569/1205] Fetching weather for Kunhegyes...
2026-08-24 21:53:26,276 - root - INFO - Fetched weather for Kunhegyes: 17.8°C, Clouds, humidity: 60%
2026-08-24 21:53:27,377 - root - INFO - [570/1205] Fetching weather for Kenderes...
2026-08-24 21:53:27,554 - root - INFO - Fetched weather for Kenderes: 17.8°C, Clear, humidity: 44%
2026-08-24 21:53:28,656 - root - INFO - [571/1205] Fetching weather for Maklár...
2026-08-24 21:53:28,769 - root - INFO - Fetched weather for Maklár: 19.0°C, Clear, humidity: 56%
2026-08-24 21:53:29,871 - root - INFO - [572/1205] Fetching weather for Andornaktálya...
2026-08-24 21:53:30,012 - root - INFO - Fetched weather for Andornaktálya: 19.0°C, Clear, humidity: 57%
2026-08-24 21:53:31,113 - root - INFO - [573/1205] Fetching weather for Eger...
2026-08-24 21:53:31,232 - root - INFO - Fetched weather for Eger: 18.9°C, Clear, humidity: 58%
2026-08-24 21:53:32,333 - root - INFO - [574/1205] Fetching weather for Egervár...
2026-08-24 21:53:32,497 - root - INFO - Fetched weather for Egervár: 18.7°C, Clouds, humidity: 58%
2026-08-24 21:53:33,598 - root - INFO - [575/1205] Fetching weather for Eger-Felnémet...
2026-08-24 21:53:33,758 - root - INFO - Fetched weather for Eger-Felnémet: 18.7°C, Clouds, humidity: 58%
2026-08-24 21:53:34,860 - root - INFO - [576/1205] Fetching weather for Szarvaskő...
2026-08-24 21:53:34,980 - root - INFO - Fetched weather for Szarvaskő: 18.3°C, Clouds, humidity: 58%
2026-08-24 21:53:36,081 - root - INFO - [577/1205] Fetching weather for Mónosbél...
2026-08-24 21:53:36,228 - root - INFO - Fetched weather for Mónosbél: 18.2°C, Clouds, humidity: 58%
2026-08-24 21:53:37,330 - root - INFO - [578/1205] Fetching weather for Bélapátfalva...
2026-08-24 21:53:37,436 - root - INFO - Fetched weather for Bélapátfalva: 17.9°C, Clouds, humidity: 55%
2026-08-24 21:53:38,537 - root - INFO - [579/1205] Fetching weather for Bélapátfalvi Cementgyár...
2026-08-24 21:53:38,656 - root - INFO - Fetched weather for Bélapátfalvi Cementgyár: 17.8°C, Clouds, humidity: 56%
2026-08-24 21:53:39,758 - root - INFO - [580/1205] Fetching weather for Szilvásvárad...
2026-08-24 21:53:39,922 - root - INFO - Fetched weather for Szilvásvárad: 17.7°C, Clouds, humidity: 53%
2026-08-24 21:53:41,024 - root - INFO - [581/1205] Fetching weather for Hejőkeresztúr...
2026-08-24 21:53:41,151 - root - INFO - Fetched weather for Hejőkeresztúr: 18.6°C, Clouds, humidity: 57%
2026-08-24 21:53:42,252 - root - INFO - [582/1205] Fetching weather for Tiszaújváros...
2026-08-24 21:53:42,397 - root - INFO - Fetched weather for Tiszaújváros: 18.6°C, Clear, humidity: 57%
2026-08-24 21:53:43,498 - root - INFO - [583/1205] Fetching weather for Miskolc-Gömöri...
2026-08-24 21:53:43,602 - root - INFO - Fetched weather for Miskolc-Gömöri: 18.1°C, Clouds, humidity: 78%
2026-08-24 21:53:44,704 - root - INFO - [584/1205] Fetching weather for Sajókeresztúr...
2026-08-24 21:53:44,867 - root - INFO - Fetched weather for Sajókeresztúr: 18.0°C, Clouds, humidity: 91%
2026-08-24 21:53:45,969 - root - INFO - [585/1205] Fetching weather for Sajóecseg...
2026-08-24 21:53:46,115 - root - INFO - Fetched weather for Sajóecseg: 18.0°C, Clouds, humidity: 91%
2026-08-24 21:53:47,217 - root - INFO - [586/1205] Fetching weather for Sajószentpéter...
2026-08-24 21:53:47,332 - root - INFO - Fetched weather for Sajószentpéter: 18.1°C, Clouds, humidity: 91%
2026-08-24 21:53:48,433 - root - INFO - [587/1205] Fetching weather for Kazincbarcika...
2026-08-24 21:53:48,576 - root - INFO - Fetched weather for Kazincbarcika: 18.0°C, Clouds, humidity: 62%
2026-08-24 21:53:49,678 - root - INFO - [588/1205] Fetching weather for Sajókaza...
2026-08-24 21:53:49,780 - root - INFO - Fetched weather for Sajókaza: 19.2°C, Clouds, humidity: 62%
2026-08-24 21:53:50,881 - root - INFO - [589/1205] Fetching weather for Vadna...
2026-08-24 21:53:50,994 - root - INFO - Fetched weather for Vadna: 19.2°C, Clouds, humidity: 62%
2026-08-24 21:53:52,096 - root - INFO - [590/1205] Fetching weather for Dubicsány...
2026-08-24 21:53:52,261 - root - INFO - Fetched weather for Dubicsány: 19.2°C, Clouds, humidity: 46%
2026-08-24 21:53:53,362 - root - INFO - [591/1205] Fetching weather for Raposka...
2026-08-24 21:53:53,510 - root - INFO - Fetched weather for Raposka: 18.1°C, Clouds, humidity: 57%
2026-08-24 21:53:54,612 - root - INFO - [592/1205] Fetching weather for Ivacs...
2026-08-24 21:53:54,770 - root - INFO - Fetched weather for Ivacs: 19.9°C, Clear, humidity: 50%
2026-08-24 21:53:55,872 - root - INFO - [593/1205] Fetching weather for Kisköre-Tiszahíd...
2026-08-24 21:53:55,991 - root - INFO - Fetched weather for Kisköre-Tiszahíd: 17.8°C, Clouds, humidity: 60%
2026-08-24 21:53:57,092 - root - INFO - [594/1205] Fetching weather for Rozsály...
2026-08-24 21:53:57,202 - root - INFO - Fetched weather for Rozsály: 14.0°C, Clouds, humidity: 48%
2026-08-24 21:53:58,303 - root - INFO - [595/1205] Fetching weather for Pusztakettős...
2026-08-24 21:53:58,412 - root - INFO - Fetched weather for Pusztakettős: 17.8°C, Clear, humidity: 60%
2026-08-24 21:53:59,513 - root - INFO - [596/1205] Fetching weather for Kisvác...
2026-08-24 21:53:59,676 - root - INFO - Fetched weather for Kisvác: 20.1°C, Clouds, humidity: 50%
2026-08-24 21:54:00,778 - root - INFO - [597/1205] Fetching weather for Tiszafüred-Gyártelep...
2026-08-24 21:54:00,920 - root - INFO - Fetched weather for Tiszafüred-Gyártelep: 17.7°C, Clear, humidity: 60%
2026-08-24 21:54:02,022 - root - INFO - [598/1205] Fetching weather for Újkenéz...
2026-08-24 21:54:02,188 - root - INFO - Fetched weather for Újkenéz: 17.2°C, Clouds, humidity: 58%
2026-08-24 21:54:03,290 - root - INFO - [599/1205] Fetching weather for Püspökladány-Vásártér...
2026-08-24 21:54:03,396 - root - INFO - Fetched weather for Püspökladány-Vásártér: 19.6°C, Clear, humidity: 42%
2026-08-24 21:54:04,498 - root - INFO - [600/1205] Fetching weather for Végegyháza alsó...
2026-08-24 21:54:04,642 - root - INFO - Fetched weather for Végegyháza alsó: 22.8°C, Clear, humidity: 39%
2026-08-24 21:54:05,744 - root - INFO - [601/1205] Fetching weather for Orosháza felső...
2026-08-24 21:54:05,863 - root - INFO - Fetched weather for Orosháza felső: 20.7°C, Clear, humidity: 39%
2026-08-24 21:54:06,965 - root - INFO - [602/1205] Fetching weather for Ambrózfalva...
2026-08-24 21:54:07,075 - root - INFO - Fetched weather for Ambrózfalva: 20.9°C, Clear, humidity: 38%
2026-08-24 21:54:08,177 - root - INFO - [603/1205] Fetching weather for Alsónyék...
2026-08-24 21:54:08,328 - root - INFO - Fetched weather for Alsónyék: 20.3°C, Clear, humidity: 48%
2026-08-24 21:54:09,430 - root - INFO - [604/1205] Fetching weather for Tompapuszta...
2026-08-24 21:54:09,584 - root - INFO - Fetched weather for Tompapuszta: 22.8°C, Clear, humidity: 100%
2026-08-24 21:54:10,686 - root - INFO - [605/1205] Fetching weather for Halászlak...
2026-08-24 21:54:10,850 - root - INFO - Fetched weather for Halászlak: 20.3°C, Clear, humidity: 41%
2026-08-24 21:54:11,952 - root - INFO - [606/1205] Fetching weather for Sirató...
2026-08-24 21:54:12,072 - root - INFO - Fetched weather for Sirató: 20.4°C, Clear, humidity: 41%
2026-08-24 21:54:13,174 - root - INFO - [607/1205] Fetching weather for Csabacsűd felső...
2026-08-24 21:54:13,284 - root - INFO - Fetched weather for Csabacsűd felső: 20.4°C, Clear, humidity: 41%
2026-08-24 21:54:14,386 - root - INFO - [608/1205] Fetching weather for Orosháza-Üveggyár...
2026-08-24 21:54:14,512 - root - INFO - Fetched weather for Orosháza-Üveggyár: 20.7°C, Clear, humidity: 39%
2026-08-24 21:54:15,613 - root - INFO - [609/1205] Fetching weather for Gyulai városerdő...
2026-08-24 21:54:15,732 - root - INFO - Fetched weather for Gyulai városerdő: 20.3°C, Clear, humidity: 40%
2026-08-24 21:54:16,834 - root - INFO - [610/1205] Fetching weather for Kórógyszentgyörgy...
2026-08-24 21:54:16,976 - root - INFO - Fetched weather for Kórógyszentgyörgy: 20.6°C, Clear, humidity: 41%
2026-08-24 21:54:18,078 - root - INFO - [611/1205] Fetching weather for Kunszállás...
2026-08-24 21:54:18,234 - root - INFO - Fetched weather for Kunszállás: 18.8°C, Clear, humidity: 43%
2026-08-24 21:54:19,336 - root - INFO - [612/1205] Fetching weather for Selymes...
2026-08-24 21:54:19,446 - root - INFO - Fetched weather for Selymes: 18.9°C, Clear, humidity: 43%
2026-08-24 21:54:20,547 - root - INFO - [613/1205] Fetching weather for Petőfiszállási tanyák...
2026-08-24 21:54:20,662 - root - INFO - Fetched weather for Petőfiszállási tanyák: 18.9°C, Clear, humidity: 43%
2026-08-24 21:54:21,764 - root - INFO - [614/1205] Fetching weather for Kisteleki szőlők...
2026-08-24 21:54:21,887 - root - INFO - Fetched weather for Kisteleki szőlők: 18.9°C, Clear, humidity: 42%
2026-08-24 21:54:22,989 - root - INFO - [615/1205] Fetching weather for Kapitányság...
2026-08-24 21:54:23,139 - root - INFO - Fetched weather for Kapitányság: 20.5°C, Clear, humidity: 42%
2026-08-24 21:54:24,240 - root - INFO - [616/1205] Fetching weather for Őszeszék...
2026-08-24 21:54:24,397 - root - INFO - Fetched weather for Őszeszék: 18.0°C, Clear, humidity: 42%
2026-08-24 21:54:25,499 - root - INFO - [617/1205] Fetching weather for Vilmaszállás...
2026-08-24 21:54:25,604 - root - INFO - Fetched weather for Vilmaszállás: 18.0°C, Clear, humidity: 42%
2026-08-24 21:54:26,706 - root - INFO - [618/1205] Fetching weather for Jánosszállás...
2026-08-24 21:54:26,829 - root - INFO - Fetched weather for Jánosszállás: 18.0°C, Clear, humidity: 42%
2026-08-24 21:54:27,931 - root - INFO - [619/1205] Fetching weather for Felsőpakony...
2026-08-24 21:54:28,049 - root - INFO - Fetched weather for Felsőpakony: 23.2°C, Clouds, humidity: 42%
2026-08-24 21:54:29,151 - root - INFO - [620/1205] Fetching weather for Felsőméntelek...
2026-08-24 21:54:29,278 - root - INFO - Fetched weather for Felsőméntelek: 17.6°C, Clear, humidity: 61%
2026-08-24 21:54:30,380 - root - INFO - [621/1205] Fetching weather for Alsóméntelek...
2026-08-24 21:54:30,532 - root - INFO - Fetched weather for Alsóméntelek: 17.7°C, Clear, humidity: 61%
2026-08-24 21:54:31,634 - root - INFO - [622/1205] Fetching weather for Nagynyír...
2026-08-24 21:54:31,742 - root - INFO - Fetched weather for Nagynyír: 17.7°C, Clear, humidity: 61%
2026-08-24 21:54:32,843 - root - INFO - [623/1205] Fetching weather for Úrihegy...
2026-08-24 21:54:32,998 - root - INFO - Fetched weather for Úrihegy: 19.0°C, Clear, humidity: 53%
2026-08-24 21:54:34,099 - root - INFO - [624/1205] Fetching weather for Miklóstelep...
2026-08-24 21:54:34,218 - root - INFO - Fetched weather for Miklóstelep: 19.0°C, Clear, humidity: 53%
2026-08-24 21:54:35,320 - root - INFO - [625/1205] Fetching weather for Tiszajenő alsó...
2026-08-24 21:54:35,437 - root - INFO - Fetched weather for Tiszajenő alsó: 19.4°C, Clear, humidity: 54%
2026-08-24 21:54:36,539 - root - INFO - [626/1205] Fetching weather for Óbög...
2026-08-24 21:54:36,662 - root - INFO - Fetched weather for Óbög: 19.6°C, Clear, humidity: 49%
2026-08-24 21:54:37,764 - root - INFO - [627/1205] Fetching weather for Árpádszállás...
2026-08-24 21:54:37,871 - root - INFO - Fetched weather for Árpádszállás: 18.6°C, Clear, humidity: 43%
2026-08-24 21:54:38,973 - root - INFO - [628/1205] Fetching weather for Tőserdő...
2026-08-24 21:54:39,130 - root - INFO - Fetched weather for Tőserdő: 18.6°C, Clear, humidity: 43%
2026-08-24 21:54:40,232 - root - INFO - [629/1205] Fetching weather for Tiszaalpár felső...
2026-08-24 21:54:40,353 - root - INFO - Fetched weather for Tiszaalpár felső: 19.5°C, Clear, humidity: 43%
2026-08-24 21:54:41,455 - root - INFO - [630/1205] Fetching weather for Borsihalom...
2026-08-24 21:54:41,581 - root - INFO - Fetched weather for Borsihalom: 19.0°C, Clear, humidity: 43%
2026-08-24 21:54:42,683 - root - INFO - [631/1205] Fetching weather for Petőfiváros...
2026-08-24 21:54:42,834 - root - INFO - Fetched weather for Petőfiváros: 18.9°C, Clear, humidity: 43%
2026-08-24 21:54:43,937 - root - INFO - [632/1205] Fetching weather for Csorna...
2026-08-24 21:54:44,053 - root - INFO - Fetched weather for Csorna: 19.4°C, Clouds, humidity: 60%
2026-08-24 21:54:45,155 - root - INFO - [633/1205] Fetching weather for Szorgalmatos...
2026-08-24 21:54:45,315 - root - INFO - Fetched weather for Szorgalmatos: 18.5°C, Clouds, humidity: 54%
2026-08-24 21:54:46,417 - root - INFO - [634/1205] Fetching weather for Fótfürdő...
2026-08-24 21:54:46,521 - root - INFO - Fetched weather for Fótfürdő: 20.4°C, Clear, humidity: 48%
2026-08-24 21:54:47,622 - root - INFO - [635/1205] Fetching weather for Fenyveshegy...
2026-08-24 21:54:47,742 - root - INFO - Fetched weather for Fenyveshegy: 20.2°C, Clouds, humidity: 54%
2026-08-24 21:54:48,844 - root - INFO - [636/1205] Fetching weather for Hűvösvölgy...
2026-08-24 21:54:48,961 - root - INFO - Fetched weather for Hűvösvölgy: 22.2°C, Clouds, humidity: 46%
2026-08-24 21:54:50,063 - root - INFO - [637/1205] Fetching weather for Hárshegy...
2026-08-24 21:54:50,200 - root - INFO - Fetched weather for Hárshegy: 22.2°C, Clouds, humidity: 46%
2026-08-24 21:54:51,302 - root - INFO - [638/1205] Fetching weather for Szépjuhászné...
2026-08-24 21:54:51,453 - root - INFO - Fetched weather for Szépjuhászné: 21.3°C, Clouds, humidity: 46%
2026-08-24 21:54:52,555 - root - INFO - [639/1205] Fetching weather for Jánoshegy...
2026-08-24 21:54:52,714 - root - INFO - Fetched weather for Jánoshegy: 21.2°C, Clouds, humidity: 46%
2026-08-24 21:54:53,816 - root - INFO - [640/1205] Fetching weather for Virágvölgy...
2026-08-24 21:54:53,933 - root - INFO - Fetched weather for Virágvölgy: 20.9°C, Clouds, humidity: 46%
2026-08-24 21:54:55,034 - root - INFO - [641/1205] Fetching weather for Csillebérc...
2026-08-24 21:54:55,152 - root - INFO - Fetched weather for Csillebérc: 20.6°C, Clouds, humidity: 46%
2026-08-24 21:54:56,253 - root - INFO - [642/1205] Fetching weather for Normafa...
2026-08-24 21:54:56,400 - root - INFO - Fetched weather for Normafa: 20.7°C, Clouds, humidity: 46%
2026-08-24 21:54:57,502 - root - INFO - [643/1205] Fetching weather for Széchenyihegy...
2026-08-24 21:54:57,660 - root - INFO - Fetched weather for Széchenyihegy: 20.7°C, Clouds, humidity: 46%
2026-08-24 21:54:58,762 - root - INFO - [644/1205] Fetching weather for Balatonfőkajár felső...
2026-08-24 21:54:58,916 - root - INFO - Fetched weather for Balatonfőkajár felső: 19.1°C, Clear, humidity: 77%
2026-08-24 21:55:00,018 - root - INFO - [645/1205] Fetching weather for Piroska...
2026-08-24 21:55:00,139 - root - INFO - Fetched weather for Piroska: 19.4°C, Clear, humidity: 54%
2026-08-24 21:55:01,241 - root - INFO - [646/1205] Fetching weather for Somodor...
2026-08-24 21:55:01,397 - root - INFO - Fetched weather for Somodor: 19.6°C, Clear, humidity: 51%
2026-08-24 21:55:02,499 - root - INFO - [647/1205] Fetching weather for Középmező...
2026-08-24 21:55:02,661 - root - INFO - Fetched weather for Középmező: 17.3°C, Clear, humidity: 49%
2026-08-24 21:55:03,763 - root - INFO - [648/1205] Fetching weather for Jobbágyi...
2026-08-24 21:55:03,879 - root - INFO - Fetched weather for Jobbágyi: 18.2°C, Clouds, humidity: 53%
2026-08-24 21:55:04,981 - root - INFO - [649/1205] Fetching weather for Ferihegy...
2026-08-24 21:55:05,140 - root - INFO - Fetched weather for Ferihegy: 23.1°C, Clouds, humidity: 43%
2026-08-24 21:55:06,242 - root - INFO - [650/1205] Fetching weather for Máriapócs...
2026-08-24 21:55:06,353 - root - INFO - Fetched weather for Máriapócs: 17.7°C, Clouds, humidity: 50%
2026-08-24 21:55:07,455 - root - INFO - [651/1205] Fetching weather for Máriaudvar...
2026-08-24 21:55:07,571 - root - INFO - Fetched weather for Máriaudvar: 20.2°C, Clear, humidity: 50%
2026-08-24 21:55:08,673 - root - INFO - [652/1205] Fetching weather for Nagyberki...
2026-08-24 21:55:08,824 - root - INFO - Fetched weather for Nagyberki: 19.8°C, Clear, humidity: 49%
2026-08-24 21:55:09,926 - root - INFO - [653/1205] Fetching weather for Badacsonytomaj...
2026-08-24 21:55:10,044 - root - INFO - Fetched weather for Badacsonytomaj: 19.4°C, Clear, humidity: 57%
2026-08-24 21:55:11,146 - root - INFO - [654/1205] Fetching weather for Badacsony...
2026-08-24 21:55:11,259 - root - INFO - Fetched weather for Badacsony: 18.1°C, Clear, humidity: 57%
2026-08-24 21:55:12,361 - root - INFO - [655/1205] Fetching weather for Badacsonylábdihegy...
2026-08-24 21:55:12,524 - root - INFO - Fetched weather for Badacsonylábdihegy: 18.1°C, Clear, humidity: 57%
2026-08-24 21:55:13,625 - root - INFO - [656/1205] Fetching weather for Badacsonytördemic-Szigliget...
2026-08-24 21:55:13,731 - root - INFO - Fetched weather for Badacsonytördemic-Szigliget: 18.0°C, Clear, humidity: 57%
2026-08-24 21:55:14,832 - root - INFO - [657/1205] Fetching weather for Nemesgulács-Kisapáti...
2026-08-24 21:55:14,989 - root - INFO - Fetched weather for Nemesgulács-Kisapáti: 18.1°C, Clouds, humidity: 57%
2026-08-24 21:55:16,091 - root - INFO - [658/1205] Fetching weather for Tapolca...
2026-08-24 21:55:16,213 - root - INFO - Fetched weather for Tapolca: 18.0°C, Clouds, humidity: 57%
2026-08-24 21:55:17,315 - root - INFO - [659/1205] Fetching weather for Uzsabánya alsó...
2026-08-24 21:55:17,475 - root - INFO - Fetched weather for Uzsabánya alsó: 17.8°C, Clouds, humidity: 57%
2026-08-24 21:55:18,577 - root - INFO - [660/1205] Fetching weather for Uzsa...
2026-08-24 21:55:18,740 - root - INFO - Fetched weather for Uzsa: 17.8°C, Clouds, humidity: 57%
2026-08-24 21:55:19,842 - root - INFO - [661/1205] Fetching weather for Sümegi Bazaltbánya...
2026-08-24 21:55:19,950 - root - INFO - Fetched weather for Sümegi Bazaltbánya: 18.8°C, Clouds, humidity: 56%
2026-08-24 21:55:21,052 - root - INFO - [662/1205] Fetching weather for Sümeg...
2026-08-24 21:55:21,208 - root - INFO - Fetched weather for Sümeg: 19.0°C, Clouds, humidity: 56%
2026-08-24 21:55:22,309 - root - INFO - [663/1205] Fetching weather for Gógánfa...
2026-08-24 21:55:22,469 - root - INFO - Fetched weather for Gógánfa: 18.9°C, Clouds, humidity: 56%
2026-08-24 21:55:23,571 - root - INFO - [664/1205] Fetching weather for Ukk...
2026-08-24 21:55:23,679 - root - INFO - Fetched weather for Ukk: 19.0°C, Clouds, humidity: 56%
2026-08-24 21:55:24,780 - root - INFO - [665/1205] Fetching weather for Nemeskeresztúr...
2026-08-24 21:55:24,941 - root - INFO - Fetched weather for Nemeskeresztúr: 18.9°C, Clouds, humidity: 56%
2026-08-24 21:55:26,043 - root - INFO - [666/1205] Fetching weather for Jánosháza...
2026-08-24 21:55:26,201 - root - INFO - Fetched weather for Jánosháza: 18.9°C, Clouds, humidity: 56%
2026-08-24 21:55:27,302 - root - INFO - [667/1205] Fetching weather for Keszthely...
2026-08-24 21:55:27,410 - root - INFO - Fetched weather for Keszthely: 18.1°C, Clouds, humidity: 72%
2026-08-24 21:55:28,512 - root - INFO - [668/1205] Fetching weather for Alsógyenes...
2026-08-24 21:55:28,671 - root - INFO - Fetched weather for Alsógyenes: 18.1°C, Clouds, humidity: 72%
2026-08-24 21:55:29,773 - root - INFO - [669/1205] Fetching weather for Gyenesdiás...
2026-08-24 21:55:29,940 - root - INFO - Fetched weather for Gyenesdiás: 18.1°C, Clouds, humidity: 72%
2026-08-24 21:55:31,041 - root - INFO - [670/1205] Fetching weather for Vonyarcvashegy...
2026-08-24 21:55:31,199 - root - INFO - Fetched weather for Vonyarcvashegy: 18.1°C, Clouds, humidity: 72%
2026-08-24 21:55:32,301 - root - INFO - [671/1205] Fetching weather for Balatongyörök...
2026-08-24 21:55:32,456 - root - INFO - Fetched weather for Balatongyörök: 18.1°C, Clouds, humidity: 72%
2026-08-24 21:55:33,558 - root - INFO - [672/1205] Fetching weather for Becehegy...
2026-08-24 21:55:33,704 - root - INFO - Fetched weather for Becehegy: 18.1°C, Clouds, humidity: 72%
2026-08-24 21:55:34,806 - root - INFO - [673/1205] Fetching weather for Balatonederics...
2026-08-24 21:55:34,967 - root - INFO - Fetched weather for Balatonederics: 18.0°C, Clouds, humidity: 57%
2026-08-24 21:55:36,068 - root - INFO - [674/1205] Fetching weather for Dabronc...
2026-08-24 21:55:36,227 - root - INFO - Fetched weather for Dabronc: 19.0°C, Clouds, humidity: 56%
2026-08-24 21:55:37,329 - root - INFO - [675/1205] Fetching weather for Türje...
2026-08-24 21:55:37,449 - root - INFO - Fetched weather for Türje: 18.9°C, Clouds, humidity: 56%
2026-08-24 21:55:38,551 - root - INFO - [676/1205] Fetching weather for Zalabér-Batyk...
2026-08-24 21:55:38,660 - root - INFO - Fetched weather for Zalabér-Batyk: 19.0°C, Clouds, humidity: 56%
2026-08-24 21:55:39,761 - root - INFO - [677/1205] Fetching weather for Pakod...
2026-08-24 21:55:39,920 - root - INFO - Fetched weather for Pakod: 18.9°C, Clouds, humidity: 56%
2026-08-24 21:55:41,022 - root - INFO - [678/1205] Fetching weather for Pókaszepetk...
2026-08-24 21:55:41,184 - root - INFO - Fetched weather for Pókaszepetk: 19.1°C, Clouds, humidity: 54%
2026-08-24 21:55:42,285 - root - INFO - [679/1205] Fetching weather for Kemendollár...
2026-08-24 21:55:42,451 - root - INFO - Fetched weather for Kemendollár: 17.9°C, Clouds, humidity: 54%
2026-08-24 21:55:43,553 - root - INFO - [680/1205] Fetching weather for Zalaegerszeg...
2026-08-24 21:55:43,712 - root - INFO - Fetched weather for Zalaegerszeg: 17.7°C, Clouds, humidity: 54%
2026-08-24 21:55:44,814 - root - INFO - [681/1205] Fetching weather for Bocfölde...
2026-08-24 21:55:44,988 - root - INFO - Fetched weather for Bocfölde: 17.8°C, Clouds, humidity: 55%
2026-08-24 21:55:46,090 - root - INFO - [682/1205] Fetching weather for Sárhida...
2026-08-24 21:55:46,249 - root - INFO - Fetched weather for Sárhida: 17.8°C, Clouds, humidity: 56%
2026-08-24 21:55:47,350 - root - INFO - [683/1205] Fetching weather for Bak...
2026-08-24 21:55:47,519 - root - INFO - Fetched weather for Bak: 17.8°C, Clouds, humidity: 57%
2026-08-24 21:55:48,621 - root - INFO - [684/1205] Fetching weather for Tófej...
2026-08-24 21:55:48,764 - root - INFO - Fetched weather for Tófej: 17.6°C, Clouds, humidity: 58%
2026-08-24 21:55:49,866 - root - INFO - [685/1205] Fetching weather for Gutorfölde...
2026-08-24 21:55:50,035 - root - INFO - Fetched weather for Gutorfölde: 18.7°C, Clouds, humidity: 58%
2026-08-24 21:55:51,137 - root - INFO - [686/1205] Fetching weather for Csömödér-Páka...
2026-08-24 21:55:51,296 - root - INFO - Fetched weather for Csömödér-Páka: 18.9°C, Clouds, humidity: 59%
2026-08-24 21:55:52,398 - root - INFO - [687/1205] Fetching weather for Iklódbördőce...
2026-08-24 21:55:52,560 - root - INFO - Fetched weather for Iklódbördőce: 18.7°C, Clouds, humidity: 59%
2026-08-24 21:55:53,662 - root - INFO - [688/1205] Fetching weather for Lenti...
2026-08-24 21:55:53,822 - root - INFO - Fetched weather for Lenti: 18.9°C, Clouds, humidity: 60%
2026-08-24 21:55:54,923 - root - INFO - [689/1205] Fetching weather for Rédics...
2026-08-24 21:55:55,052 - root - INFO - Fetched weather for Rédics: 18.9°C, Clouds, humidity: 60%
2026-08-24 21:55:56,154 - root - INFO - [690/1205] Fetching weather for Zalalövő...
2026-08-24 21:55:56,300 - root - INFO - Fetched weather for Zalalövő: 18.6°C, Clouds, humidity: 60%
2026-08-24 21:55:57,402 - root - INFO - [691/1205] Fetching weather for Zalaegerszeg-Ola...
2026-08-24 21:55:57,557 - root - INFO - Fetched weather for Zalaegerszeg-Ola: 18.8°C, Clouds, humidity: 54%
2026-08-24 21:55:58,659 - root - INFO - [692/1205] Fetching weather for Andráshida...
2026-08-24 21:55:58,824 - root - INFO - Fetched weather for Andráshida: 18.8°C, Clouds, humidity: 56%
2026-08-24 21:55:59,925 - root - INFO - [693/1205] Fetching weather for Bagod...
2026-08-24 21:56:00,082 - root - INFO - Fetched weather for Bagod: 18.9°C, Clouds, humidity: 57%
2026-08-24 21:56:01,183 - root - INFO - [694/1205] Fetching weather for Zalaszentgyörgy...
2026-08-24 21:56:01,291 - root - INFO - Fetched weather for Zalaszentgyörgy: 18.8°C, Clouds, humidity: 58%
2026-08-24 21:56:02,393 - root - INFO - [695/1205] Fetching weather for Zalacséb-Salomvár...
2026-08-24 21:56:02,537 - root - INFO - Fetched weather for Zalacséb-Salomvár: 18.6°C, Clouds, humidity: 59%
2026-08-24 21:56:03,639 - root - INFO - [696/1205] Fetching weather for Kópháza...
2026-08-24 21:56:03,795 - root - INFO - Fetched weather for Kópháza: 19.0°C, Clouds, humidity: 65%
2026-08-24 21:56:04,896 - root - INFO - [697/1205] Fetching weather for Nagycenk...
2026-08-24 21:56:05,056 - root - INFO - Fetched weather for Nagycenk: 19.1°C, Clouds, humidity: 65%
2026-08-24 21:56:06,158 - root - INFO - [698/1205] Fetching weather for Sopronkövesd...
2026-08-24 21:56:06,323 - root - INFO - Fetched weather for Sopronkövesd: 16.3°C, Clouds, humidity: 84%
2026-08-24 21:56:07,424 - root - INFO - [699/1205] Fetching weather for Lövő...
2026-08-24 21:56:07,585 - root - INFO - Fetched weather for Lövő: 16.3°C, Clouds, humidity: 84%
2026-08-24 21:56:08,686 - root - INFO - [700/1205] Fetching weather for Újkér...
2026-08-24 21:56:08,852 - root - INFO - Fetched weather for Újkér: 16.3°C, Clouds, humidity: 84%
2026-08-24 21:56:09,953 - root - INFO - [701/1205] Fetching weather for Bük...
2026-08-24 21:56:10,103 - root - INFO - Fetched weather for Bük: 16.4°C, Clouds, humidity: 84%
2026-08-24 21:56:11,205 - root - INFO - [702/1205] Fetching weather for Acsád...
2026-08-24 21:56:11,350 - root - INFO - Fetched weather for Acsád: 16.1°C, Clouds, humidity: 84%
2026-08-24 21:56:12,452 - root - INFO - [703/1205] Fetching weather for Salköveskút-Vassurány...
2026-08-24 21:56:12,560 - root - INFO - Fetched weather for Salköveskút-Vassurány: 16.1°C, Clouds, humidity: 84%
2026-08-24 21:56:13,661 - root - INFO - [704/1205] Fetching weather for Zalaszentiván...
2026-08-24 21:56:13,821 - root - INFO - Fetched weather for Zalaszentiván: 17.9°C, Clouds, humidity: 52%
2026-08-24 21:56:14,923 - root - INFO - [705/1205] Fetching weather for Alsónemesapáti...
2026-08-24 21:56:15,093 - root - INFO - Fetched weather for Alsónemesapáti: 17.9°C, Clouds, humidity: 52%
2026-08-24 21:56:16,195 - root - INFO - [706/1205] Fetching weather for Józsa...
2026-08-24 21:56:16,354 - root - INFO - Fetched weather for Józsa: 17.9°C, Clouds, humidity: 48%
2026-08-24 21:56:17,456 - root - INFO - [707/1205] Fetching weather for Hajdúszentgyörgy...
2026-08-24 21:56:17,626 - root - INFO - Fetched weather for Hajdúszentgyörgy: 17.8°C, Clouds, humidity: 48%
2026-08-24 21:56:18,727 - root - INFO - [708/1205] Fetching weather for Zelemér...
2026-08-24 21:56:18,872 - root - INFO - Fetched weather for Zelemér: 17.8°C, Clouds, humidity: 48%
2026-08-24 21:56:19,974 - root - INFO - [709/1205] Fetching weather for Hajdúböszörmény...
2026-08-24 21:56:20,088 - root - INFO - Fetched weather for Hajdúböszörmény: 17.8°C, Clouds, humidity: 46%
2026-08-24 21:56:21,190 - root - INFO - [710/1205] Fetching weather for Hajdúvid...
2026-08-24 21:56:21,346 - root - INFO - Fetched weather for Hajdúvid: 18.5°C, Clouds, humidity: 49%
2026-08-24 21:56:22,448 - root - INFO - [711/1205] Fetching weather for Hajdúdorog...
2026-08-24 21:56:22,611 - root - INFO - Fetched weather for Hajdúdorog: 18.4°C, Clouds, humidity: 50%
2026-08-24 21:56:23,713 - root - INFO - [712/1205] Fetching weather for Hajdúnánás...
2026-08-24 21:56:23,876 - root - INFO - Fetched weather for Hajdúnánás: 18.6°C, Clouds, humidity: 52%
2026-08-24 21:56:24,978 - root - INFO - [713/1205] Fetching weather for Hajdúnánás-Vásártér...
2026-08-24 21:56:25,095 - root - INFO - Fetched weather for Hajdúnánás-Vásártér: 18.6°C, Clouds, humidity: 52%
2026-08-24 21:56:26,197 - root - INFO - [714/1205] Fetching weather for Tedej...
2026-08-24 21:56:26,304 - root - INFO - Fetched weather for Tedej: 18.5°C, Clouds, humidity: 54%
2026-08-24 21:56:27,406 - root - INFO - [715/1205] Fetching weather for Tiszavasvári...
2026-08-24 21:56:27,541 - root - INFO - Fetched weather for Tiszavasvári: 18.5°C, Clouds, humidity: 54%
2026-08-24 21:56:28,643 - root - INFO - [716/1205] Fetching weather for Egyházerdő...
2026-08-24 21:56:28,804 - root - INFO - Fetched weather for Egyházerdő: 18.5°C, Clouds, humidity: 54%
2026-08-24 21:56:29,906 - root - INFO - [717/1205] Fetching weather for Tiszalök...
2026-08-24 21:56:30,071 - root - INFO - Fetched weather for Tiszalök: 18.5°C, Clouds, humidity: 54%
2026-08-24 21:56:31,173 - root - INFO - [718/1205] Fetching weather for Hajnalos...
2026-08-24 21:56:31,282 - root - INFO - Fetched weather for Hajnalos: 18.5°C, Clouds, humidity: 54%
2026-08-24 21:56:32,384 - root - INFO - [719/1205] Fetching weather for Kisfástanya...
2026-08-24 21:56:32,530 - root - INFO - Fetched weather for Kisfástanya: 18.5°C, Clouds, humidity: 55%
2026-08-24 21:56:33,632 - root - INFO - [720/1205] Fetching weather for Tiszaeszlár...
2026-08-24 21:56:33,743 - root - INFO - Fetched weather for Tiszaeszlár: 18.4°C, Clouds, humidity: 55%
2026-08-24 21:56:34,845 - root - INFO - [721/1205] Fetching weather for Bashalom...
2026-08-24 21:56:34,951 - root - INFO - Fetched weather for Bashalom: 18.5°C, Clouds, humidity: 55%
2026-08-24 21:56:36,053 - root - INFO - [722/1205] Fetching weather for Sáránd...
2026-08-24 21:56:36,215 - root - INFO - Fetched weather for Sáránd: 18.0°C, Clouds, humidity: 48%
2026-08-24 21:56:37,317 - root - INFO - [723/1205] Fetching weather for Derecske...
2026-08-24 21:56:37,430 - root - INFO - Fetched weather for Derecske: 18.1°C, Clouds, humidity: 48%
2026-08-24 21:56:38,532 - root - INFO - [724/1205] Fetching weather for Derecske-Vásártér...
2026-08-24 21:56:38,675 - root - INFO - Fetched weather for Derecske-Vásártér: 18.1°C, Clouds, humidity: 48%
2026-08-24 21:56:39,777 - root - INFO - [725/1205] Fetching weather for Konyár...
2026-08-24 21:56:39,934 - root - INFO - Fetched weather for Konyár: 18.1°C, Clouds, humidity: 48%
2026-08-24 21:56:41,036 - root - INFO - [726/1205] Fetching weather for Konyári Sóstófürdő...
2026-08-24 21:56:41,180 - root - INFO - Fetched weather for Konyári Sóstófürdő: 18.1°C, Clouds, humidity: 39%
2026-08-24 21:56:42,281 - root - INFO - [727/1205] Fetching weather for Pocsaj-Esztár...
2026-08-24 21:56:42,436 - root - INFO - Fetched weather for Pocsaj-Esztár: 18.1°C, Clouds, humidity: 39%
2026-08-24 21:56:43,538 - root - INFO - [728/1205] Fetching weather for Kismarja...
2026-08-24 21:56:43,645 - root - INFO - Fetched weather for Kismarja: 21.4°C, Clouds, humidity: 38%
2026-08-24 21:56:44,746 - root - INFO - [729/1205] Fetching weather for Nagykereki...
2026-08-24 21:56:44,858 - root - INFO - Fetched weather for Nagykereki: 21.3°C, Clouds, humidity: 38%
2026-08-24 21:56:45,960 - root - INFO - [730/1205] Fetching weather for Debrecen-Szabadságtelep...
2026-08-24 21:56:46,114 - root - INFO - Fetched weather for Debrecen-Szabadságtelep: 17.9°C, Clear, humidity: 48%
2026-08-24 21:56:47,216 - root - INFO - [731/1205] Fetching weather for Kondoroskert...
2026-08-24 21:56:47,330 - root - INFO - Fetched weather for Kondoroskert: 17.9°C, Clear, humidity: 48%
2026-08-24 21:56:48,432 - root - INFO - [732/1205] Fetching weather for Nagycsere...
2026-08-24 21:56:48,575 - root - INFO - Fetched weather for Nagycsere: 17.9°C, Clear, humidity: 48%
2026-08-24 21:56:49,677 - root - INFO - [733/1205] Fetching weather for Haláp...
2026-08-24 21:56:49,837 - root - INFO - Fetched weather for Haláp: 17.9°C, Clear, humidity: 48%
2026-08-24 21:56:50,939 - root - INFO - [734/1205] Fetching weather for Vámospércs...
2026-08-24 21:56:51,042 - root - INFO - Fetched weather for Vámospércs: 17.8°C, Clear, humidity: 42%
2026-08-24 21:56:52,144 - root - INFO - [735/1205] Fetching weather for Szentannapuszta...
2026-08-24 21:56:52,301 - root - INFO - Fetched weather for Szentannapuszta: 17.8°C, Clear, humidity: 42%
2026-08-24 21:56:53,403 - root - INFO - [736/1205] Fetching weather for Nyírábrány...
2026-08-24 21:56:53,527 - root - INFO - Fetched weather for Nyírábrány: 18.3°C, Clear, humidity: 42%
2026-08-24 21:56:54,629 - root - INFO - [737/1205] Fetching weather for Dombostanya...
2026-08-24 21:56:54,812 - root - INFO - Fetched weather for Dombostanya: 17.8°C, Clouds, humidity: 48%
2026-08-24 21:56:55,913 - root - INFO - [738/1205] Fetching weather for Hajdúsámson...
2026-08-24 21:56:56,061 - root - INFO - Fetched weather for Hajdúsámson: 17.8°C, Clouds, humidity: 48%
2026-08-24 21:56:57,163 - root - INFO - [739/1205] Fetching weather for Tamásipuszta...
2026-08-24 21:56:57,272 - root - INFO - Fetched weather for Tamásipuszta: 17.8°C, Clouds, humidity: 43%
2026-08-24 21:56:58,373 - root - INFO - [740/1205] Fetching weather for Aradványpuszta...
2026-08-24 21:56:58,494 - root - INFO - Fetched weather for Aradványpuszta: 17.7°C, Clouds, humidity: 43%
2026-08-24 21:56:59,596 - root - INFO - [741/1205] Fetching weather for Nyíradony...
2026-08-24 21:56:59,715 - root - INFO - Fetched weather for Nyíradony: 18.0°C, Clouds, humidity: 44%
2026-08-24 21:57:00,816 - root - INFO - [742/1205] Fetching weather for Nyírmihálydi...
2026-08-24 21:57:00,985 - root - INFO - Fetched weather for Nyírmihálydi: 17.9°C, Clouds, humidity: 45%
2026-08-24 21:57:02,086 - root - INFO - [743/1205] Fetching weather for Nyírgelse...
2026-08-24 21:57:02,193 - root - INFO - Fetched weather for Nyírgelse: 17.8°C, Clouds, humidity: 46%
2026-08-24 21:57:03,294 - root - INFO - [744/1205] Fetching weather for Nyírbogát...
2026-08-24 21:57:03,414 - root - INFO - Fetched weather for Nyírbogát: 17.7°C, Clouds, humidity: 48%
2026-08-24 21:57:04,515 - root - INFO - [745/1205] Fetching weather for Nagykálló...
2026-08-24 21:57:04,636 - root - INFO - Fetched weather for Nagykálló: 18.0°C, Clouds, humidity: 53%
2026-08-24 21:57:05,738 - root - INFO - [746/1205] Fetching weather for Kállósemjén...
2026-08-24 21:57:05,847 - root - INFO - Fetched weather for Kállósemjén: 17.9°C, Clouds, humidity: 51%
2026-08-24 21:57:06,949 - root - INFO - [747/1205] Fetching weather for Nyírbátor...
2026-08-24 21:57:07,100 - root - INFO - Fetched weather for Nyírbátor: 17.6°C, Clouds, humidity: 48%
2026-08-24 21:57:08,201 - root - INFO - [748/1205] Fetching weather for Nyírcsászári...
2026-08-24 21:57:08,318 - root - INFO - Fetched weather for Nyírcsászári: 17.6°C, Clouds, humidity: 49%
2026-08-24 21:57:09,420 - root - INFO - [749/1205] Fetching weather for Hodász...
2026-08-24 21:57:09,581 - root - INFO - Fetched weather for Hodász: 17.5°C, Clouds, humidity: 49%
2026-08-24 21:57:10,683 - root - INFO - [750/1205] Fetching weather for Nyírmeggyes...
2026-08-24 21:57:10,839 - root - INFO - Fetched weather for Nyírmeggyes: 17.5°C, Clouds, humidity: 50%
2026-08-24 21:57:11,941 - root - INFO - [751/1205] Fetching weather for Mátészalka...
2026-08-24 21:57:12,059 - root - INFO - Fetched weather for Mátészalka: 17.5°C, Clouds, humidity: 50%
2026-08-24 21:57:13,161 - root - INFO - [752/1205] Fetching weather for Kocsord...
2026-08-24 21:57:13,311 - root - INFO - Fetched weather for Kocsord: 17.7°C, Clouds, humidity: 49%
2026-08-24 21:57:14,412 - root - INFO - [753/1205] Fetching weather for Kocsord alsó...
2026-08-24 21:57:14,578 - root - INFO - Fetched weather for Kocsord alsó: 17.7°C, Clouds, humidity: 49%
2026-08-24 21:57:15,680 - root - INFO - [754/1205] Fetching weather for Győrtelek...
2026-08-24 21:57:15,837 - root - INFO - Fetched weather for Győrtelek: 17.7°C, Clouds, humidity: 48%
2026-08-24 21:57:16,939 - root - INFO - [755/1205] Fetching weather for Győrtelek alsó...
2026-08-24 21:57:17,083 - root - INFO - Fetched weather for Győrtelek alsó: 17.7°C, Clouds, humidity: 48%
2026-08-24 21:57:18,185 - root - INFO - [756/1205] Fetching weather for Ököritófülpös...
2026-08-24 21:57:18,349 - root - INFO - Fetched weather for Ököritófülpös: 17.7°C, Clouds, humidity: 48%
2026-08-24 21:57:19,451 - root - INFO - [757/1205] Fetching weather for Porcsalma-Tyukod...
2026-08-24 21:57:19,576 - root - INFO - Fetched weather for Porcsalma-Tyukod: 14.1°C, Clouds, humidity: 47%
2026-08-24 21:57:20,678 - root - INFO - [758/1205] Fetching weather for Csenger...
2026-08-24 21:57:20,795 - root - INFO - Fetched weather for Csenger: 14.0°C, Clouds, humidity: 47%
2026-08-24 21:57:21,897 - root - INFO - [759/1205] Fetching weather for Kisfái...
2026-08-24 21:57:22,003 - root - INFO - Fetched weather for Kisfái: 19.9°C, Clear, humidity: 51%
2026-08-24 21:57:23,105 - root - INFO - [760/1205] Fetching weather for Nyárlőrinci szőlők...
2026-08-24 21:57:23,226 - root - INFO - Fetched weather for Nyárlőrinci szőlők: 20.0°C, Clear, humidity: 50%
2026-08-24 21:57:24,328 - root - INFO - [761/1205] Fetching weather for Nyárlőrinc alsó...
2026-08-24 21:57:24,486 - root - INFO - Fetched weather for Nyárlőrinc alsó: 20.7°C, Clear, humidity: 48%
2026-08-24 21:57:25,587 - root - INFO - [762/1205] Fetching weather for Tiszaug-Tiszahídfő...
2026-08-24 21:57:25,749 - root - INFO - Fetched weather for Tiszaug-Tiszahídfő: 19.0°C, Clear, humidity: 43%
2026-08-24 21:57:26,851 - root - INFO - [763/1205] Fetching weather for Csongrádi úti tanyák...
2026-08-24 21:57:26,972 - root - INFO - Fetched weather for Csongrádi úti tanyák: 18.9°C, Clear, humidity: 43%
2026-08-24 21:57:28,074 - root - INFO - [764/1205] Fetching weather for Kettőshalom...
2026-08-24 21:57:28,203 - root - INFO - Fetched weather for Kettőshalom: 19.0°C, Clear, humidity: 43%
2026-08-24 21:57:29,305 - root - INFO - [765/1205] Fetching weather for Csongrád alsó...
2026-08-24 21:57:29,421 - root - INFO - Fetched weather for Csongrád alsó: 19.0°C, Clear, humidity: 42%
2026-08-24 21:57:30,523 - root - INFO - [766/1205] Fetching weather for Dónát...
2026-08-24 21:57:30,671 - root - INFO - Fetched weather for Dónát: 20.6°C, Clear, humidity: 40%
2026-08-24 21:57:31,773 - root - INFO - [767/1205] Fetching weather for Pusztatemplom...
2026-08-24 21:57:31,931 - root - INFO - Fetched weather for Pusztatemplom: 20.6°C, Clear, humidity: 40%
2026-08-24 21:57:33,032 - root - INFO - [768/1205] Fetching weather for Előhát...
2026-08-24 21:57:33,197 - root - INFO - Fetched weather for Előhát: 17.2°C, Clouds, humidity: 61%
2026-08-24 21:57:34,299 - root - INFO - [769/1205] Fetching weather for Polgárdi-Tekerespuszta...
2026-08-24 21:57:34,451 - root - INFO - Fetched weather for Polgárdi-Tekerespuszta: 19.3°C, Clear, humidity: 55%
2026-08-24 21:57:35,553 - root - INFO - [770/1205] Fetching weather for Szatina-Kishajmás...
2026-08-24 21:57:35,674 - root - INFO - Fetched weather for Szatina-Kishajmás: 22.2°C, Clear, humidity: 47%
2026-08-24 21:57:36,776 - root - INFO - [771/1205] Fetching weather for Márok...
2026-08-24 21:57:36,923 - root - INFO - Fetched weather for Márok: 17.1°C, Clear, humidity: 67%
2026-08-24 21:57:38,025 - root - INFO - [772/1205] Fetching weather for Nagynyárád...
2026-08-24 21:57:38,146 - root - INFO - Fetched weather for Nagynyárád: 17.1°C, Clear, humidity: 67%
2026-08-24 21:57:39,247 - root - INFO - [773/1205] Fetching weather for Szászvár...
2026-08-24 21:57:39,418 - root - INFO - Fetched weather for Szászvár: 19.8°C, Clear, humidity: 47%
2026-08-24 21:57:40,520 - root - INFO - [774/1205] Fetching weather for Cikó...
2026-08-24 21:57:40,677 - root - INFO - Fetched weather for Cikó: 20.1°C, Clear, humidity: 47%
2026-08-24 21:57:41,779 - root - INFO - [775/1205] Fetching weather for Gyöngyfa-Magyarmecske...
2026-08-24 21:57:41,932 - root - INFO - Fetched weather for Gyöngyfa-Magyarmecske: 22.6°C, Clear, humidity: 47%
2026-08-24 21:57:43,033 - root - INFO - [776/1205] Fetching weather for Nagyhát...
2026-08-24 21:57:43,175 - root - INFO - Fetched weather for Nagyhát: 17.9°C, Clouds, humidity: 48%
2026-08-24 21:57:44,277 - root - INFO - [777/1205] Fetching weather for Balmazújváros...
2026-08-24 21:57:44,380 - root - INFO - Fetched weather for Balmazújváros: 18.1°C, Clear, humidity: 47%
2026-08-24 21:57:45,482 - root - INFO - [778/1205] Fetching weather for Kónya...
2026-08-24 21:57:45,620 - root - INFO - Fetched weather for Kónya: 19.0°C, Clear, humidity: 48%
2026-08-24 21:57:46,722 - root - INFO - [779/1205] Fetching weather for Hortobágy...
2026-08-24 21:57:46,883 - root - INFO - Fetched weather for Hortobágy: 19.1°C, Clear, humidity: 48%
2026-08-24 21:57:47,985 - root - INFO - [780/1205] Fetching weather for Hortobágyi Halastó...
2026-08-24 21:57:48,134 - root - INFO - Fetched weather for Hortobágyi Halastó: 19.1°C, Clear, humidity: 49%
2026-08-24 21:57:49,235 - root - INFO - [781/1205] Fetching weather for Ohat-Pusztakócs...
2026-08-24 21:57:49,379 - root - INFO - Fetched weather for Ohat-Pusztakócs: 19.1°C, Clear, humidity: 50%
2026-08-24 21:57:50,480 - root - INFO - [782/1205] Fetching weather for Egyek...
2026-08-24 21:57:50,640 - root - INFO - Fetched weather for Egyek: 17.2°C, Clear, humidity: 50%
2026-08-24 21:57:51,742 - root - INFO - [783/1205] Fetching weather for Tiszafüred...
2026-08-24 21:57:51,905 - root - INFO - Fetched weather for Tiszafüred: 17.2°C, Clear, humidity: 51%
2026-08-24 21:57:53,007 - root - INFO - [784/1205] Fetching weather for Poroszló...
2026-08-24 21:57:53,119 - root - INFO - Fetched weather for Poroszló: 17.2°C, Clear, humidity: 52%
2026-08-24 21:57:54,220 - root - INFO - [785/1205] Fetching weather for Kétútköz...
2026-08-24 21:57:54,380 - root - INFO - Fetched weather for Kétútköz: 17.2°C, Clear, humidity: 53%
2026-08-24 21:57:55,482 - root - INFO - [786/1205] Fetching weather for Egerfarmos...
2026-08-24 21:57:55,645 - root - INFO - Fetched weather for Egerfarmos: 17.1°C, Clear, humidity: 53%
2026-08-24 21:57:56,747 - root - INFO - [787/1205] Fetching weather for Piliscsaba...
2026-08-24 21:57:56,901 - root - INFO - Fetched weather for Piliscsaba: 20.5°C, Clouds, humidity: 57%
2026-08-24 21:57:58,003 - root - INFO - [788/1205] Fetching weather for Pilisjászfalu...
2026-08-24 21:57:58,159 - root - INFO - Fetched weather for Pilisjászfalu: 21.7°C, Clouds, humidity: 52%
2026-08-24 21:57:59,261 - root - INFO - [789/1205] Fetching weather for Leányvár...
2026-08-24 21:57:59,372 - root - INFO - Fetched weather for Leányvár: 19.8°C, Clouds, humidity: 64%
2026-08-24 21:58:00,474 - root - INFO - [790/1205] Fetching weather for Dorog...
2026-08-24 21:58:00,637 - root - INFO - Fetched weather for Dorog: 20.0°C, Clouds, humidity: 64%
2026-08-24 21:58:01,739 - root - INFO - [791/1205] Fetching weather for Esztergom-Kertváros...
2026-08-24 21:58:01,897 - root - INFO - Fetched weather for Esztergom-Kertváros: 20.1°C, Clear, humidity: 64%
2026-08-24 21:58:02,998 - root - INFO - [792/1205] Fetching weather for Esztergom...
2026-08-24 21:58:03,153 - root - INFO - Fetched weather for Esztergom: 20.1°C, Clear, humidity: 64%
2026-08-24 21:58:04,255 - root - INFO - [793/1205] Fetching weather for Dunaalmás...
2026-08-24 21:58:04,412 - root - INFO - Fetched weather for Dunaalmás: 18.6°C, Clouds, humidity: 55%
2026-08-24 21:58:05,514 - root - INFO - [794/1205] Fetching weather for Neszmély...
2026-08-24 21:58:05,656 - root - INFO - Fetched weather for Neszmély: 18.6°C, Clouds, humidity: 55%
2026-08-24 21:58:06,758 - root - INFO - [795/1205] Fetching weather for Süttő...
2026-08-24 21:58:06,915 - root - INFO - Fetched weather for Süttő: 20.1°C, Clouds, humidity: 55%
2026-08-24 21:58:08,016 - root - INFO - [796/1205] Fetching weather for Piszke...
2026-08-24 21:58:08,126 - root - INFO - Fetched weather for Piszke: 20.1°C, Clouds, humidity: 64%
2026-08-24 21:58:09,228 - root - INFO - [797/1205] Fetching weather for Lábatlan...
2026-08-24 21:58:09,388 - root - INFO - Fetched weather for Lábatlan: 20.0°C, Clouds, humidity: 64%
2026-08-24 21:58:10,490 - root - INFO - [798/1205] Fetching weather for Eternitgyár...
2026-08-24 21:58:10,639 - root - INFO - Fetched weather for Eternitgyár: 20.0°C, Clouds, humidity: 64%
2026-08-24 21:58:11,740 - root - INFO - [799/1205] Fetching weather for Nyergesújfalu felső...
2026-08-24 21:58:11,894 - root - INFO - Fetched weather for Nyergesújfalu felső: 20.1°C, Clouds, humidity: 64%
2026-08-24 21:58:12,996 - root - INFO - [800/1205] Fetching weather for Nyergesújfalu...
2026-08-24 21:58:13,152 - root - INFO - Fetched weather for Nyergesújfalu: 20.1°C, Clouds, humidity: 64%
2026-08-24 21:58:14,254 - root - INFO - [801/1205] Fetching weather for Tokod...
2026-08-24 21:58:14,371 - root - INFO - Fetched weather for Tokod: 20.1°C, Clouds, humidity: 64%
2026-08-24 21:58:15,472 - root - INFO - [802/1205] Fetching weather for Környe...
2026-08-24 21:58:15,631 - root - INFO - Fetched weather for Környe: 18.6°C, Clouds, humidity: 53%
2026-08-24 21:58:16,732 - root - INFO - [803/1205] Fetching weather for Kecskéd alsó...
2026-08-24 21:58:16,878 - root - INFO - Fetched weather for Kecskéd alsó: 18.6°C, Clouds, humidity: 53%
2026-08-24 21:58:17,979 - root - INFO - [804/1205] Fetching weather for Oroszlány...
2026-08-24 21:58:18,136 - root - INFO - Fetched weather for Oroszlány: 18.5°C, Clouds, humidity: 53%
2026-08-24 21:58:19,237 - root - INFO - [805/1205] Fetching weather for Győrszabadhegy...
2026-08-24 21:58:19,400 - root - INFO - Fetched weather for Győrszabadhegy: 16.6°C, Clouds, humidity: 86%
2026-08-24 21:58:20,501 - root - INFO - [806/1205] Fetching weather for Ménfőcsanak felső...
2026-08-24 21:58:20,617 - root - INFO - Fetched weather for Ménfőcsanak felső: 16.6°C, Clouds, humidity: 86%
2026-08-24 21:58:21,719 - root - INFO - [807/1205] Fetching weather for Gyömöre-Tét...
2026-08-24 21:58:21,880 - root - INFO - Fetched weather for Gyömöre-Tét: 16.5°C, Clouds, humidity: 58%
2026-08-24 21:58:22,981 - root - INFO - [808/1205] Fetching weather for Szerecseny...
2026-08-24 21:58:23,126 - root - INFO - Fetched weather for Szerecseny: 16.5°C, Clouds, humidity: 57%
2026-08-24 21:58:24,228 - root - INFO - [809/1205] Fetching weather for Gecse-Gyarmat...
2026-08-24 21:58:24,381 - root - INFO - Fetched weather for Gecse-Gyarmat: 16.5°C, Clouds, humidity: 57%
2026-08-24 21:58:25,483 - root - INFO - [810/1205] Fetching weather for Vaszar...
2026-08-24 21:58:25,585 - root - INFO - Fetched weather for Vaszar: 22.1°C, Clouds, humidity: 49%
2026-08-24 21:58:26,687 - root - INFO - [811/1205] Fetching weather for Pápa...
2026-08-24 21:58:26,841 - root - INFO - Fetched weather for Pápa: 22.0°C, Clouds, humidity: 49%
2026-08-24 21:58:27,943 - root - INFO - [812/1205] Fetching weather for Mezőlak...
2026-08-24 21:58:28,097 - root - INFO - Fetched weather for Mezőlak: 22.1°C, Clouds, humidity: 49%
2026-08-24 21:58:29,199 - root - INFO - [813/1205] Fetching weather for Mihályháza...
2026-08-24 21:58:29,346 - root - INFO - Fetched weather for Mihályháza: 22.1°C, Clouds, humidity: 49%
2026-08-24 21:58:30,448 - root - INFO - [814/1205] Fetching weather for Vinár...
2026-08-24 21:58:30,607 - root - INFO - Fetched weather for Vinár: 22.1°C, Clouds, humidity: 49%
2026-08-24 21:58:31,709 - root - INFO - [815/1205] Fetching weather for Külsővat...
2026-08-24 21:58:31,813 - root - INFO - Fetched weather for Külsővat: 22.1°C, Clouds, humidity: 57%
2026-08-24 21:58:32,914 - root - INFO - [816/1205] Fetching weather for Celldömölk...
2026-08-24 21:58:33,087 - root - INFO - Fetched weather for Celldömölk: 22.1°C, Clouds, humidity: 58%
2026-08-24 21:58:34,188 - root - INFO - [817/1205] Fetching weather for Kemenesmihályfa...
2026-08-24 21:58:34,347 - root - INFO - Fetched weather for Kemenesmihályfa: 18.6°C, Clouds, humidity: 58%
2026-08-24 21:58:35,449 - root - INFO - [818/1205] Fetching weather for Nagysimonyi...
2026-08-24 21:58:35,593 - root - INFO - Fetched weather for Nagysimonyi: 18.6°C, Clouds, humidity: 59%
2026-08-24 21:58:36,695 - root - INFO - [819/1205] Fetching weather for Ostffyasszonyfa...
2026-08-24 21:58:36,806 - root - INFO - Fetched weather for Ostffyasszonyfa: 18.7°C, Clouds, humidity: 60%
2026-08-24 21:58:37,907 - root - INFO - [820/1205] Fetching weather for Sárvár...
2026-08-24 21:58:38,063 - root - INFO - Fetched weather for Sárvár: 18.8°C, Clouds, humidity: 62%
2026-08-24 21:58:39,165 - root - INFO - [821/1205] Fetching weather for Porpác...
2026-08-24 21:58:39,317 - root - INFO - Fetched weather for Porpác: 16.4°C, Clouds, humidity: 62%
2026-08-24 21:58:40,419 - root - INFO - [822/1205] Fetching weather for Balatonföldvár...
2026-08-24 21:58:40,572 - root - INFO - Fetched weather for Balatonföldvár: 19.4°C, Clear, humidity: 77%
2026-08-24 21:58:41,674 - root - INFO - [823/1205] Fetching weather for Balatonszárszó...
2026-08-24 21:58:41,781 - root - INFO - Fetched weather for Balatonszárszó: 19.4°C, Clear, humidity: 58%
2026-08-24 21:58:42,883 - root - INFO - [824/1205] Fetching weather for Balatonszemes...
2026-08-24 21:58:42,992 - root - INFO - Fetched weather for Balatonszemes: 19.4°C, Clear, humidity: 57%
2026-08-24 21:58:44,094 - root - INFO - [825/1205] Fetching weather for Balatonlelle felső...
2026-08-24 21:58:44,253 - root - INFO - Fetched weather for Balatonlelle felső: 19.6°C, Clear, humidity: 57%
2026-08-24 21:58:45,355 - root - INFO - [826/1205] Fetching weather for Balatonlelle...
2026-08-24 21:58:45,497 - root - INFO - Fetched weather for Balatonlelle: 19.6°C, Clear, humidity: 57%
2026-08-24 21:58:46,598 - root - INFO - [827/1205] Fetching weather for Fonyódliget...
2026-08-24 21:58:46,718 - root - INFO - Fetched weather for Fonyódliget: 19.6°C, Clear, humidity: 57%
2026-08-24 21:58:47,820 - root - INFO - [828/1205] Fetching weather for Balatonboglár...
2026-08-24 21:58:47,972 - root - INFO - Fetched weather for Balatonboglár: 19.6°C, Clear, humidity: 57%
2026-08-24 21:58:49,074 - root - INFO - [829/1205] Fetching weather for Balatonfenyves alsó...
2026-08-24 21:58:49,184 - root - INFO - Fetched weather for Balatonfenyves alsó: 18.1°C, Clouds, humidity: 57%
2026-08-24 21:58:50,286 - root - INFO - [830/1205] Fetching weather for Fonyód...
2026-08-24 21:58:50,390 - root - INFO - Fetched weather for Fonyód: 19.6°C, Clear, humidity: 57%
2026-08-24 21:58:51,492 - root - INFO - [831/1205] Fetching weather for Bélatelep...
2026-08-24 21:58:51,638 - root - INFO - Fetched weather for Bélatelep: 18.1°C, Clear, humidity: 57%
2026-08-24 21:58:52,740 - root - INFO - [832/1205] Fetching weather for Alsóbélatelep...
2026-08-24 21:58:52,870 - root - INFO - Fetched weather for Alsóbélatelep: 18.1°C, Clear, humidity: 57%
2026-08-24 21:58:53,972 - root - INFO - [833/1205] Fetching weather for Balatonfenyves...
2026-08-24 21:58:54,113 - root - INFO - Fetched weather for Balatonfenyves: 18.1°C, Clouds, humidity: 57%
2026-08-24 21:58:55,214 - root - INFO - [834/1205] Fetching weather for Máriahullámtelep...
2026-08-24 21:58:55,414 - root - INFO - Fetched weather for Máriahullámtelep: 18.1°C, Clouds, humidity: 57%
2026-08-24 21:58:56,516 - root - INFO - [835/1205] Fetching weather for Balatonmáriafürdő...
2026-08-24 21:58:56,634 - root - INFO - Fetched weather for Balatonmáriafürdő: 18.1°C, Clouds, humidity: 72%
2026-08-24 21:58:57,736 - root - INFO - [836/1205] Fetching weather for Balatonberény...
2026-08-24 21:58:57,904 - root - INFO - Fetched weather for Balatonberény: 18.1°C, Clouds, humidity: 72%
2026-08-24 21:58:59,006 - root - INFO - [837/1205] Fetching weather for Balatonszentgyörgy...
2026-08-24 21:58:59,150 - root - INFO - Fetched weather for Balatonszentgyörgy: 18.1°C, Clouds, humidity: 72%
2026-08-24 21:59:00,251 - root - INFO - [838/1205] Fetching weather for Vörs...
2026-08-24 21:59:00,423 - root - INFO - Fetched weather for Vörs: 18.1°C, Clouds, humidity: 72%
2026-08-24 21:59:01,525 - root - INFO - [839/1205] Fetching weather for Zalaszentjakab...
2026-08-24 21:59:01,651 - root - INFO - Fetched weather for Zalaszentjakab: 17.9°C, Clouds, humidity: 56%
2026-08-24 21:59:02,752 - root - INFO - [840/1205] Fetching weather for Nagykanizsa...
2026-08-24 21:59:02,865 - root - INFO - Fetched weather for Nagykanizsa: 19.2°C, Clouds, humidity: 56%
2026-08-24 21:59:03,967 - root - INFO - [841/1205] Fetching weather for Murakeresztúr...
2026-08-24 21:59:04,116 - root - INFO - Fetched weather for Murakeresztúr: 19.2°C, Clouds, humidity: 57%
2026-08-24 21:59:05,218 - root - INFO - [842/1205] Fetching weather for Zalakomár...
2026-08-24 21:59:05,364 - root - INFO - Fetched weather for Zalakomár: 17.9°C, Clouds, humidity: 72%
2026-08-24 21:59:06,466 - root - INFO - [843/1205] Fetching weather for Szárazrét...
2026-08-24 21:59:06,608 - root - INFO - Fetched weather for Szárazrét: 19.2°C, Clouds, humidity: 52%
2026-08-24 21:59:07,710 - root - INFO - [844/1205] Fetching weather for Bodajk...
2026-08-24 21:59:07,833 - root - INFO - Fetched weather for Bodajk: 18.9°C, Clouds, humidity: 53%
2026-08-24 21:59:08,935 - root - INFO - [845/1205] Fetching weather for Csókakő...
2026-08-24 21:59:09,052 - root - INFO - Fetched weather for Csókakő: 18.6°C, Clouds, humidity: 53%
2026-08-24 21:59:10,154 - root - INFO - [846/1205] Fetching weather for Mór...
2026-08-24 21:59:10,282 - root - INFO - Fetched weather for Mór: 18.6°C, Clouds, humidity: 54%
2026-08-24 21:59:11,384 - root - INFO - [847/1205] Fetching weather for Bakonysárkány...
2026-08-24 21:59:11,534 - root - INFO - Fetched weather for Bakonysárkány: 16.3°C, Clouds, humidity: 55%
2026-08-24 21:59:12,635 - root - INFO - [848/1205] Fetching weather for Kisbér...
2026-08-24 21:59:12,766 - root - INFO - Fetched weather for Kisbér: 16.6°C, Clouds, humidity: 56%
2026-08-24 21:59:13,867 - root - INFO - [849/1205] Fetching weather for Nagyigmánd-Bábolna...
2026-08-24 21:59:14,021 - root - INFO - Fetched weather for Nagyigmánd-Bábolna: 17.0°C, Clouds, humidity: 63%
2026-08-24 21:59:15,123 - root - INFO - [850/1205] Fetching weather for Budapest-Déli...
2026-08-24 21:59:15,258 - root - INFO - Fetched weather for Budapest-Déli: 23.1°C, Clouds, humidity: 46%
2026-08-24 21:59:16,360 - root - INFO - [851/1205] Fetching weather for Budapest-Kelenföld...
2026-08-24 21:59:16,507 - root - INFO - Fetched weather for Budapest-Kelenföld: 23.2°C, Clouds, humidity: 46%
2026-08-24 21:59:17,609 - root - INFO - [852/1205] Fetching weather for Budaörs...
2026-08-24 21:59:17,733 - root - INFO - Fetched weather for Budaörs: 22.9°C, Clouds, humidity: 46%
2026-08-24 21:59:18,835 - root - INFO - [853/1205] Fetching weather for Biatorbágy...
2026-08-24 21:59:18,966 - root - INFO - Fetched weather for Biatorbágy: 21.9°C, Clouds, humidity: 48%
2026-08-24 21:59:20,068 - root - INFO - [854/1205] Fetching weather for Herceghalom...
2026-08-24 21:59:20,190 - root - INFO - Fetched weather for Herceghalom: 22.1°C, Clouds, humidity: 49%
2026-08-24 21:59:21,291 - root - INFO - [855/1205] Fetching weather for Bicske...
2026-08-24 21:59:21,448 - root - INFO - Fetched weather for Bicske: 21.8°C, Clouds, humidity: 51%
2026-08-24 21:59:22,550 - root - INFO - [856/1205] Fetching weather for Szár...
2026-08-24 21:59:22,676 - root - INFO - Fetched weather for Szár: 18.1°C, Clouds, humidity: 52%
2026-08-24 21:59:23,777 - root - INFO - [857/1205] Fetching weather for Szárliget...
2026-08-24 21:59:23,895 - root - INFO - Fetched weather for Szárliget: 18.3°C, Clouds, humidity: 52%
2026-08-24 21:59:24,997 - root - INFO - [858/1205] Fetching weather for Alsógalla...
2026-08-24 21:59:25,123 - root - INFO - Fetched weather for Alsógalla: 18.6°C, Clouds, humidity: 53%
2026-08-24 21:59:26,225 - root - INFO - [859/1205] Fetching weather for Tatabánya...
2026-08-24 21:59:26,360 - root - INFO - Fetched weather for Tatabánya: 18.6°C, Clouds, humidity: 54%
2026-08-24 21:59:27,462 - root - INFO - [860/1205] Fetching weather for Vértesszőlős...
2026-08-24 21:59:27,624 - root - INFO - Fetched weather for Vértesszőlős: 18.6°C, Clouds, humidity: 54%
2026-08-24 21:59:28,725 - root - INFO - [861/1205] Fetching weather for Tóvároskert...
2026-08-24 21:59:28,888 - root - INFO - Fetched weather for Tóvároskert: 18.6°C, Clouds, humidity: 54%
2026-08-24 21:59:29,990 - root - INFO - [862/1205] Fetching weather for Tata...
2026-08-24 21:59:30,141 - root - INFO - Fetched weather for Tata: 18.5°C, Clouds, humidity: 55%
2026-08-24 21:59:31,243 - root - INFO - [863/1205] Fetching weather for Almásfüzitő...
2026-08-24 21:59:31,386 - root - INFO - Fetched weather for Almásfüzitő: 18.5°C, Clouds, humidity: 55%
2026-08-24 21:59:32,488 - root - INFO - [864/1205] Fetching weather for Almásfüzitő felső...
2026-08-24 21:59:32,616 - root - INFO - Fetched weather for Almásfüzitő felső: 20.6°C, Clouds, humidity: 55%
2026-08-24 21:59:33,717 - root - INFO - [865/1205] Fetching weather for Szőny...
2026-08-24 21:59:33,845 - root - INFO - Fetched weather for Szőny: 20.6°C, Clouds, humidity: 55%
2026-08-24 21:59:34,947 - root - INFO - [866/1205] Fetching weather for Komárom...
2026-08-24 21:59:35,072 - root - INFO - Fetched weather for Komárom: 17.1°C, Clouds, humidity: 56%
2026-08-24 21:59:36,174 - root - INFO - [867/1205] Fetching weather for Ács...
2026-08-24 21:59:36,337 - root - INFO - Fetched weather for Ács: 17.1°C, Clouds, humidity: 63%
2026-08-24 21:59:37,439 - root - INFO - [868/1205] Fetching weather for Nagyszentjános...
2026-08-24 21:59:37,574 - root - INFO - Fetched weather for Nagyszentjános: 17.1°C, Clouds, humidity: 63%
2026-08-24 21:59:38,676 - root - INFO - [869/1205] Fetching weather for Győrszentiván...
2026-08-24 21:59:38,821 - root - INFO - Fetched weather for Győrszentiván: 16.6°C, Clouds, humidity: 86%
2026-08-24 21:59:39,923 - root - INFO - [870/1205] Fetching weather for Győr-Gyárváros...
2026-08-24 21:59:40,076 - root - INFO - Fetched weather for Győr-Gyárváros: 16.7°C, Clouds, humidity: 86%
2026-08-24 21:59:41,178 - root - INFO - [871/1205] Fetching weather for Győr...
2026-08-24 21:59:41,314 - root - INFO - Fetched weather for Győr: 16.6°C, Clouds, humidity: 86%
2026-08-24 21:59:42,416 - root - INFO - [872/1205] Fetching weather for Öttevény...
2026-08-24 21:59:42,577 - root - INFO - Fetched weather for Öttevény: 16.6°C, Clouds, humidity: 86%
2026-08-24 21:59:43,679 - root - INFO - [873/1205] Fetching weather for Lébény-Mosonszentmiklós...
2026-08-24 21:59:43,824 - root - INFO - Fetched weather for Lébény-Mosonszentmiklós: 16.6°C, Clouds, humidity: 86%
2026-08-24 21:59:44,926 - root - INFO - [874/1205] Fetching weather for Kimle-Károlyháza...
2026-08-24 21:59:45,072 - root - INFO - Fetched weather for Kimle-Károlyháza: 16.6°C, Clouds, humidity: 60%
2026-08-24 21:59:46,174 - root - INFO - [875/1205] Fetching weather for Mosonmagyaróvár...
2026-08-24 21:59:46,323 - root - INFO - Fetched weather for Mosonmagyaróvár: 18.9°C, Clouds, humidity: 59%
2026-08-24 21:59:47,425 - root - INFO - [876/1205] Fetching weather for Levél...
2026-08-24 21:59:47,578 - root - INFO - Fetched weather for Levél: 18.7°C, Clouds, humidity: 58%
2026-08-24 21:59:48,680 - root - INFO - [877/1205] Fetching weather for Hegyeshalom...
2026-08-24 21:59:48,811 - root - INFO - Fetched weather for Hegyeshalom: 18.7°C, Clouds, humidity: 58%
2026-08-24 21:59:49,913 - root - INFO - [878/1205] Fetching weather for Óbuda...
2026-08-24 21:59:50,038 - root - INFO - Fetched weather for Óbuda: 23.0°C, Clouds, humidity: 47%
2026-08-24 21:59:51,140 - root - INFO - [879/1205] Fetching weather for Üröm...
2026-08-24 21:59:51,285 - root - INFO - Fetched weather for Üröm: 23.0°C, Clouds, humidity: 46%
2026-08-24 21:59:52,387 - root - INFO - [880/1205] Fetching weather for Solymár...
2026-08-24 21:59:52,545 - root - INFO - Fetched weather for Solymár: 22.8°C, Clouds, humidity: 46%
2026-08-24 21:59:53,647 - root - INFO - [881/1205] Fetching weather for Pilisvörösvár...
2026-08-24 21:59:53,808 - root - INFO - Fetched weather for Pilisvörösvár: 22.1°C, Clouds, humidity: 47%
2026-08-24 21:59:54,910 - root - INFO - [882/1205] Fetching weather for Klotildliget...
2026-08-24 21:59:55,014 - root - INFO - Fetched weather for Klotildliget: 20.6°C, Clouds, humidity: 57%
2026-08-24 21:59:56,116 - root - INFO - [883/1205] Fetching weather for Kútvölgy...
2026-08-24 21:59:56,275 - root - INFO - Fetched weather for Kútvölgy: 20.8°C, Clear, humidity: 39%
2026-08-24 21:59:57,377 - root - INFO - [884/1205] Fetching weather for Székkutas...
2026-08-24 21:59:57,523 - root - INFO - Fetched weather for Székkutas: 20.8°C, Clear, humidity: 39%
2026-08-24 21:59:58,625 - root - INFO - [885/1205] Fetching weather for Kaposszentjakab...
2026-08-24 21:59:58,749 - root - INFO - Fetched weather for Kaposszentjakab: 19.8°C, Clear, humidity: 50%
2026-08-24 21:59:59,851 - root - INFO - [886/1205] Fetching weather for Kaposvár...
2026-08-24 21:59:59,973 - root - INFO - Fetched weather for Kaposvár: 19.6°C, Clear, humidity: 50%
2026-08-24 22:00:01,075 - root - INFO - [887/1205] Fetching weather for Kaposújlak...
2026-08-24 22:00:01,180 - root - INFO - Fetched weather for Kaposújlak: 19.6°C, Clear, humidity: 51%
2026-08-24 22:00:02,281 - root - INFO - [888/1205] Fetching weather for Kaposmérő...
2026-08-24 22:00:02,429 - root - INFO - Fetched weather for Kaposmérő: 19.5°C, Clear, humidity: 51%
2026-08-24 22:00:03,531 - root - INFO - [889/1205] Fetching weather for Kaposfő...
2026-08-24 22:00:03,713 - root - INFO - Fetched weather for Kaposfő: 19.5°C, Clouds, humidity: 51%
2026-08-24 22:00:04,815 - root - INFO - [890/1205] Fetching weather for Kiskorpád...
2026-08-24 22:00:04,959 - root - INFO - Fetched weather for Kiskorpád: 19.4°C, Clouds, humidity: 51%
2026-08-24 22:00:06,061 - root - INFO - [891/1205] Fetching weather for Jákó-Nagybajom...
2026-08-24 22:00:06,185 - root - INFO - Fetched weather for Jákó-Nagybajom: 19.4°C, Clouds, humidity: 52%
2026-08-24 22:00:07,286 - root - INFO - [892/1205] Fetching weather for Kutas...
2026-08-24 22:00:07,410 - root - INFO - Fetched weather for Kutas: 19.5°C, Clouds, humidity: 52%
2026-08-24 22:00:08,511 - root - INFO - [893/1205] Fetching weather for Beleg...
2026-08-24 22:00:08,666 - root - INFO - Fetched weather for Beleg: 19.5°C, Clouds, humidity: 53%
2026-08-24 22:00:09,768 - root - INFO - [894/1205] Fetching weather for Ötvöskónyi...
2026-08-24 22:00:09,881 - root - INFO - Fetched weather for Ötvöskónyi: 19.5°C, Clouds, humidity: 53%
2026-08-24 22:00:10,983 - root - INFO - [895/1205] Fetching weather for Somogyszob...
2026-08-24 22:00:11,139 - root - INFO - Fetched weather for Somogyszob: 19.4°C, Clouds, humidity: 54%
2026-08-24 22:00:12,241 - root - INFO - [896/1205] Fetching weather for Bolhás...
2026-08-24 22:00:12,400 - root - INFO - Fetched weather for Bolhás: 19.3°C, Clear, humidity: 54%
2026-08-24 22:00:13,502 - root - INFO - [897/1205] Fetching weather for Szenta...
2026-08-24 22:00:13,639 - root - INFO - Fetched weather for Szenta: 19.3°C, Clear, humidity: 55%
2026-08-24 22:00:14,741 - root - INFO - [898/1205] Fetching weather for Zrínyitelep...
2026-08-24 22:00:14,893 - root - INFO - Fetched weather for Zrínyitelep: 19.3°C, Clear, humidity: 55%
2026-08-24 22:00:15,995 - root - INFO - [899/1205] Fetching weather for Csurgó...
2026-08-24 22:00:16,136 - root - INFO - Fetched weather for Csurgó: 19.4°C, Clear, humidity: 55%
2026-08-24 22:00:17,237 - root - INFO - [900/1205] Fetching weather for Gyékényes...
2026-08-24 22:00:17,367 - root - INFO - Fetched weather for Gyékényes: 19.1°C, Clouds, humidity: 57%
2026-08-24 22:00:18,469 - root - INFO - [901/1205] Fetching weather for Adony...
2026-08-24 22:00:18,630 - root - INFO - Fetched weather for Adony: 19.6°C, Clear, humidity: 48%
2026-08-24 22:00:19,731 - root - INFO - [902/1205] Fetching weather for Kulcs...
2026-08-24 22:00:19,887 - root - INFO - Fetched weather for Kulcs: 19.4°C, Clear, humidity: 47%
2026-08-24 22:00:20,988 - root - INFO - [903/1205] Fetching weather for Rácalmás...
2026-08-24 22:00:21,144 - root - INFO - Fetched weather for Rácalmás: 19.3°C, Clear, humidity: 47%
2026-08-24 22:00:22,246 - root - INFO - [904/1205] Fetching weather for Dunaújváros...
2026-08-24 22:00:22,420 - root - INFO - Fetched weather for Dunaújváros: 19.4°C, Clear, humidity: 47%
2026-08-24 22:00:23,521 - root - INFO - [905/1205] Fetching weather for Újvenyim...
2026-08-24 22:00:23,633 - root - INFO - Fetched weather for Újvenyim: 19.5°C, Clear, humidity: 47%
2026-08-24 22:00:24,734 - root - INFO - [906/1205] Fetching weather for Mezőfalva...
2026-08-24 22:00:24,899 - root - INFO - Fetched weather for Mezőfalva: 19.5°C, Clear, humidity: 47%
2026-08-24 22:00:26,001 - root - INFO - [907/1205] Fetching weather for Nagykarácsony felső...
2026-08-24 22:00:26,156 - root - INFO - Fetched weather for Nagykarácsony felső: 19.6°C, Clear, humidity: 47%
2026-08-24 22:00:27,257 - root - INFO - [908/1205] Fetching weather for Nagykarácsony...
2026-08-24 22:00:27,379 - root - INFO - Fetched weather for Nagykarácsony: 19.5°C, Clear, humidity: 47%
2026-08-24 22:00:28,481 - root - INFO - [909/1205] Fetching weather for Alap...
2026-08-24 22:00:28,647 - root - INFO - Fetched weather for Alap: 19.7°C, Clear, humidity: 48%
2026-08-24 22:00:29,748 - root - INFO - [910/1205] Fetching weather for Cece...
2026-08-24 22:00:29,857 - root - INFO - Fetched weather for Cece: 19.8°C, Clear, humidity: 49%
2026-08-24 22:00:30,959 - root - INFO - [911/1205] Fetching weather for Vajta...
2026-08-24 22:00:31,109 - root - INFO - Fetched weather for Vajta: 19.9°C, Clear, humidity: 48%
2026-08-24 22:00:32,211 - root - INFO - [912/1205] Fetching weather for Rétszilas alsó...
2026-08-24 22:00:32,365 - root - INFO - Fetched weather for Rétszilas alsó: 19.7°C, Clear, humidity: 48%
2026-08-24 22:00:33,467 - root - INFO - [913/1205] Fetching weather for Nagydorog...
2026-08-24 22:00:33,642 - root - INFO - Fetched weather for Nagydorog: 20.0°C, Clear, humidity: 47%
2026-08-24 22:00:34,745 - root - INFO - [914/1205] Fetching weather for Tengelic...
2026-08-24 22:00:34,999 - root - INFO - Fetched weather for Tengelic: 19.9°C, Clear, humidity: 47%
2026-08-24 22:00:36,101 - root - INFO - [915/1205] Fetching weather for Fácánkert...
2026-08-24 22:00:36,279 - root - INFO - Fetched weather for Fácánkert: 20.0°C, Clear, humidity: 47%
2026-08-24 22:00:37,380 - root - INFO - [916/1205] Fetching weather for Tolna-Mözs...
2026-08-24 22:00:37,684 - root - INFO - Fetched weather for Tolna-Mözs: 20.1°C, Clear, humidity: 47%
2026-08-24 22:00:38,786 - root - INFO - [917/1205] Fetching weather for Szekszárd-Palánk...
2026-08-24 22:00:38,961 - root - INFO - Fetched weather for Szekszárd-Palánk: 20.1°C, Clear, humidity: 47%
2026-08-24 22:00:40,063 - root - INFO - [918/1205] Fetching weather for Szekszárd...
2026-08-24 22:00:40,224 - root - INFO - Fetched weather for Szekszárd: 20.1°C, Clear, humidity: 47%
2026-08-24 22:00:41,326 - root - INFO - [919/1205] Fetching weather for Őcsény...
2026-08-24 22:00:41,445 - root - INFO - Fetched weather for Őcsény: 20.2°C, Clear, humidity: 47%
2026-08-24 22:00:42,547 - root - INFO - [920/1205] Fetching weather for Decs...
2026-08-24 22:00:42,708 - root - INFO - Fetched weather for Decs: 20.2°C, Clear, humidity: 47%
2026-08-24 22:00:43,810 - root - INFO - [921/1205] Fetching weather for Csikóstőttős...
2026-08-24 22:00:43,961 - root - INFO - Fetched weather for Csikóstőttős: 20.1°C, Clear, humidity: 47%
2026-08-24 22:00:45,063 - root - INFO - [922/1205] Fetching weather for Mágocs-Alsómocsolád...
2026-08-24 22:00:45,194 - root - INFO - Fetched weather for Mágocs-Alsómocsolád: 19.6°C, Clear, humidity: 47%
2026-08-24 22:00:46,296 - root - INFO - [923/1205] Fetching weather for Szalatnak...
2026-08-24 22:00:46,455 - root - INFO - Fetched weather for Szalatnak: 19.8°C, Clear, humidity: 47%
2026-08-24 22:00:47,557 - root - INFO - [924/1205] Fetching weather for Máza-Szászvár...
2026-08-24 22:00:47,725 - root - INFO - Fetched weather for Máza-Szászvár: 19.9°C, Clear, humidity: 47%
2026-08-24 22:00:48,827 - root - INFO - [925/1205] Fetching weather for Váralja...
2026-08-24 22:00:48,956 - root - INFO - Fetched weather for Váralja: 20.0°C, Clear, humidity: 47%
2026-08-24 22:00:50,058 - root - INFO - [926/1205] Fetching weather for Nagymányok...
2026-08-24 22:00:50,214 - root - INFO - Fetched weather for Nagymányok: 20.0°C, Clear, humidity: 47%
2026-08-24 22:00:51,316 - root - INFO - [927/1205] Fetching weather for Hidas-Bonyhád...
2026-08-24 22:00:51,460 - root - INFO - Fetched weather for Hidas-Bonyhád: 19.9°C, Clear, humidity: 47%
2026-08-24 22:00:52,561 - root - INFO - [928/1205] Fetching weather for Mőcsény...
2026-08-24 22:00:52,685 - root - INFO - Fetched weather for Mőcsény: 19.7°C, Clear, humidity: 48%
2026-08-24 22:00:53,787 - root - INFO - [929/1205] Fetching weather for Bátaszék...
2026-08-24 22:00:53,963 - root - INFO - Fetched weather for Bátaszék: 20.3°C, Clear, humidity: 48%
2026-08-24 22:00:55,065 - root - INFO - [930/1205] Fetching weather for Pörböly...
2026-08-24 22:00:55,232 - root - INFO - Fetched weather for Pörböly: 20.3°C, Clear, humidity: 47%
2026-08-24 22:00:56,333 - root - INFO - [931/1205] Fetching weather for Orosháza...
2026-08-24 22:00:56,495 - root - INFO - Fetched weather for Orosháza: 20.7°C, Clear, humidity: 39%
2026-08-24 22:00:57,597 - root - INFO - [932/1205] Fetching weather for Orosházi tanyák...
2026-08-24 22:00:57,753 - root - INFO - Fetched weather for Orosházi tanyák: 20.6°C, Clear, humidity: 40%
2026-08-24 22:00:58,855 - root - INFO - [933/1205] Fetching weather for Csorvás...
2026-08-24 22:00:59,015 - root - INFO - Fetched weather for Csorvás: 20.6°C, Clear, humidity: 40%
2026-08-24 22:01:00,117 - root - INFO - [934/1205] Fetching weather for Csorvás alsó...
2026-08-24 22:01:00,255 - root - INFO - Fetched weather for Csorvás alsó: 20.6°C, Clear, humidity: 40%
2026-08-24 22:01:01,357 - root - INFO - [935/1205] Fetching weather for Telekgerendás...
2026-08-24 22:01:01,503 - root - INFO - Fetched weather for Telekgerendás: 20.5°C, Clear, humidity: 41%
2026-08-24 22:01:02,605 - root - INFO - [936/1205] Fetching weather for Fürjes...
2026-08-24 22:01:02,766 - root - INFO - Fetched weather for Fürjes: 20.4°C, Clear, humidity: 42%
2026-08-24 22:01:03,868 - root - INFO - [937/1205] Fetching weather for Fényes...
2026-08-24 22:01:04,029 - root - INFO - Fetched weather for Fényes: 20.5°C, Clear, humidity: 42%
2026-08-24 22:01:05,131 - root - INFO - [938/1205] Fetching weather for Bicere...
2026-08-24 22:01:05,287 - root - INFO - Fetched weather for Bicere: 20.4°C, Clear, humidity: 41%
2026-08-24 22:01:06,388 - root - INFO - [939/1205] Fetching weather for Gyula...
2026-08-24 22:01:06,555 - root - INFO - Fetched weather for Gyula: 20.4°C, Clear, humidity: 40%
2026-08-24 22:01:07,657 - root - INFO - [940/1205] Fetching weather for József Szanatórium...
2026-08-24 22:01:07,802 - root - INFO - Fetched weather for József Szanatórium: 20.3°C, Clear, humidity: 39%
2026-08-24 22:01:08,904 - root - INFO - [941/1205] Fetching weather for Sarkadi Cukorgyár...
2026-08-24 22:01:09,026 - root - INFO - Fetched weather for Sarkadi Cukorgyár: 20.3°C, Clear, humidity: 39%
2026-08-24 22:01:10,128 - root - INFO - [942/1205] Fetching weather for Sarkad...
2026-08-24 22:01:10,254 - root - INFO - Fetched weather for Sarkad: 20.3°C, Clear, humidity: 38%
2026-08-24 22:01:11,355 - root - INFO - [943/1205] Fetching weather for Kötegyán...
2026-08-24 22:01:11,517 - root - INFO - Fetched weather for Kötegyán: 20.2°C, Clear, humidity: 38%
2026-08-24 22:01:12,619 - root - INFO - [944/1205] Fetching weather for Méhkerék...
2026-08-24 22:01:12,766 - root - INFO - Fetched weather for Méhkerék: 20.2°C, Clear, humidity: 38%
2026-08-24 22:01:13,867 - root - INFO - [945/1205] Fetching weather for Sarkadkeresztúr...
2026-08-24 22:01:14,010 - root - INFO - Fetched weather for Sarkadkeresztúr: 20.1°C, Clear, humidity: 38%
2026-08-24 22:01:15,111 - root - INFO - [946/1205] Fetching weather for Okány...
2026-08-24 22:01:15,255 - root - INFO - Fetched weather for Okány: 20.1°C, Clear, humidity: 39%
2026-08-24 22:01:16,357 - root - INFO - [947/1205] Fetching weather for Újszeged...
2026-08-24 22:01:16,473 - root - INFO - Fetched weather for Újszeged: 17.9°C, Clear, humidity: 41%
2026-08-24 22:01:17,574 - root - INFO - [948/1205] Fetching weather for Szőreg...
2026-08-24 22:01:17,700 - root - INFO - Fetched weather for Szőreg: 17.9°C, Clear, humidity: 41%
2026-08-24 22:01:18,802 - root - INFO - [949/1205] Fetching weather for Deszk...
2026-08-24 22:01:18,962 - root - INFO - Fetched weather for Deszk: 21.0°C, Clear, humidity: 40%
2026-08-24 22:01:20,064 - root - INFO - [950/1205] Fetching weather for Kiszombor...
2026-08-24 22:01:20,225 - root - INFO - Fetched weather for Kiszombor: 21.1°C, Clear, humidity: 39%
2026-08-24 22:01:21,327 - root - INFO - [951/1205] Fetching weather for Kiszombor megálló...
2026-08-24 22:01:21,452 - root - INFO - Fetched weather for Kiszombor megálló: 21.1°C, Clear, humidity: 39%
2026-08-24 22:01:22,553 - root - INFO - [952/1205] Fetching weather for Makó...
2026-08-24 22:01:22,672 - root - INFO - Fetched weather for Makó: 21.0°C, Clear, humidity: 39%
2026-08-24 22:01:23,774 - root - INFO - [953/1205] Fetching weather for Apátfalva...
2026-08-24 22:01:23,934 - root - INFO - Fetched weather for Apátfalva: 21.1°C, Clear, humidity: 38%
2026-08-24 22:01:25,036 - root - INFO - [954/1205] Fetching weather for Magyarcsanád...
2026-08-24 22:01:25,202 - root - INFO - Fetched weather for Magyarcsanád: 21.1°C, Clear, humidity: 38%
2026-08-24 22:01:26,304 - root - INFO - [955/1205] Fetching weather for Nagylak...
2026-08-24 22:01:29,534 - root - INFO - Fetched weather for Nagylak: 22.9°C, Clear, humidity: 38%
2026-08-24 22:01:30,636 - root - INFO - [956/1205] Fetching weather for Nagylaki Kendergyár...
2026-08-24 22:01:32,559 - root - INFO - Fetched weather for Nagylaki Kendergyár: 22.9°C, Clear, humidity: 38%
2026-08-24 22:01:33,661 - root - INFO - [957/1205] Fetching weather for Csanádpalota...
2026-08-24 22:01:34,100 - root - INFO - Fetched weather for Csanádpalota: 22.9°C, Clear, humidity: 38%
2026-08-24 22:01:35,202 - root - INFO - [958/1205] Fetching weather for Mezőhegyes...
2026-08-24 22:01:35,354 - root - INFO - Fetched weather for Mezőhegyes: 22.8°C, Clear, humidity: 38%
2026-08-24 22:01:36,455 - root - INFO - [959/1205] Fetching weather for Végegyháza...
2026-08-24 22:01:37,634 - root - INFO - Fetched weather for Végegyháza: 22.8°C, Clear, humidity: 39%
2026-08-24 22:01:38,736 - root - INFO - [960/1205] Fetching weather for Mezőkovácsháza...
2026-08-24 22:01:38,891 - root - INFO - Fetched weather for Mezőkovácsháza: 22.8°C, Clear, humidity: 39%
2026-08-24 22:01:39,993 - root - INFO - [961/1205] Fetching weather for Mezőkovácsháza felső...
2026-08-24 22:01:40,112 - root - INFO - Fetched weather for Mezőkovácsháza felső: 22.8°C, Clear, humidity: 39%
2026-08-24 22:01:41,214 - root - INFO - [962/1205] Fetching weather for Magyarbánhegyes...
2026-08-24 22:01:41,332 - root - INFO - Fetched weather for Magyarbánhegyes: 20.8°C, Clear, humidity: 39%
2026-08-24 22:01:42,434 - root - INFO - [963/1205] Fetching weather for Medgyesegyháza...
2026-08-24 22:01:42,565 - root - INFO - Fetched weather for Medgyesegyháza: 20.7°C, Clear, humidity: 40%
2026-08-24 22:01:43,667 - root - INFO - [964/1205] Fetching weather for Bánkút...
2026-08-24 22:01:43,788 - root - INFO - Fetched weather for Bánkút: 20.7°C, Clear, humidity: 40%
2026-08-24 22:01:44,890 - root - INFO - [965/1205] Fetching weather for Belsőperegpuszta...
2026-08-24 22:01:45,055 - root - INFO - Fetched weather for Belsőperegpuszta: 22.8°C, Clear, humidity: 38%
2026-08-24 22:01:46,156 - root - INFO - [966/1205] Fetching weather for Battonya...
2026-08-24 22:01:46,272 - root - INFO - Fetched weather for Battonya: 22.8°C, Clear, humidity: 100%
2026-08-24 22:01:47,374 - root - INFO - [967/1205] Fetching weather for Baja-Dunafürdő...
2026-08-24 22:01:47,533 - root - INFO - Fetched weather for Baja-Dunafürdő: 20.3°C, Clear, humidity: 46%
2026-08-24 22:01:48,635 - root - INFO - [968/1205] Fetching weather for Kaposszekcső...
2026-08-24 22:01:48,747 - root - INFO - Fetched weather for Kaposszekcső: 20.1°C, Clear, humidity: 47%
2026-08-24 22:01:49,849 - root - INFO - [969/1205] Fetching weather for Vásárosdombó...
2026-08-24 22:01:49,968 - root - INFO - Fetched weather for Vásárosdombó: 20.0°C, Clear, humidity: 47%
2026-08-24 22:01:51,070 - root - INFO - [970/1205] Fetching weather for Sásd...
2026-08-24 22:01:51,190 - root - INFO - Fetched weather for Sásd: 20.0°C, Clear, humidity: 47%
2026-08-24 22:01:52,291 - root - INFO - [971/1205] Fetching weather for Godisa...
2026-08-24 22:01:52,450 - root - INFO - Fetched weather for Godisa: 22.4°C, Clear, humidity: 47%
2026-08-24 22:01:53,552 - root - INFO - [972/1205] Fetching weather for Abaliget...
2026-08-24 22:01:53,676 - root - INFO - Fetched weather for Abaliget: 22.0°C, Clear, humidity: 46%
2026-08-24 22:01:54,778 - root - INFO - [973/1205] Fetching weather for Hetvehely...
2026-08-24 22:01:54,892 - root - INFO - Fetched weather for Hetvehely: 22.2°C, Clear, humidity: 46%
2026-08-24 22:01:55,994 - root - INFO - [974/1205] Fetching weather for Bükkösd...
2026-08-24 22:01:56,125 - root - INFO - Fetched weather for Bükkösd: 22.4°C, Clear, humidity: 47%
2026-08-24 22:01:57,226 - root - INFO - [975/1205] Fetching weather for Cserdi-Helesfa...
2026-08-24 22:01:57,356 - root - INFO - Fetched weather for Cserdi-Helesfa: 22.4°C, Clear, humidity: 46%
2026-08-24 22:01:58,458 - root - INFO - [976/1205] Fetching weather for Szentlőrinc...
2026-08-24 22:01:58,585 - root - INFO - Fetched weather for Szentlőrinc: 22.5°C, Clear, humidity: 40%
2026-08-24 22:01:59,687 - root - INFO - [977/1205] Fetching weather for Bicsérd...
2026-08-24 22:01:59,805 - root - INFO - Fetched weather for Bicsérd: 22.4°C, Clear, humidity: 40%
2026-08-24 22:02:00,907 - root - INFO - [978/1205] Fetching weather for Mecsekalja-Cserkút...
2026-08-24 22:02:01,071 - root - INFO - Fetched weather for Mecsekalja-Cserkút: 22.5°C, Clear, humidity: 40%
2026-08-24 22:02:02,173 - root - INFO - [979/1205] Fetching weather for Pécs...
2026-08-24 22:02:02,295 - root - INFO - Fetched weather for Pécs: 22.5°C, Clear, humidity: 40%
2026-08-24 22:02:03,397 - root - INFO - [980/1205] Fetching weather for Pécs-Külváros...
2026-08-24 22:02:03,521 - root - INFO - Fetched weather for Pécs-Külváros: 22.4°C, Clear, humidity: 40%
2026-08-24 22:02:04,623 - root - INFO - [981/1205] Fetching weather for Pécsbánya-Rendező...
2026-08-24 22:02:04,733 - root - INFO - Fetched weather for Pécsbánya-Rendező: 22.3°C, Clear, humidity: 40%
2026-08-24 22:02:05,834 - root - INFO - [982/1205] Fetching weather for Pécsudvard...
2026-08-24 22:02:05,950 - root - INFO - Fetched weather for Pécsudvard: 22.2°C, Clear, humidity: 40%
2026-08-24 22:02:07,052 - root - INFO - [983/1205] Fetching weather for Szőkéd...
2026-08-24 22:02:07,210 - root - INFO - Fetched weather for Szőkéd: 22.4°C, Clear, humidity: 40%
2026-08-24 22:02:08,312 - root - INFO - [984/1205] Fetching weather for Áta...
2026-08-24 22:02:08,465 - root - INFO - Fetched weather for Áta: 22.5°C, Clear, humidity: 40%
2026-08-24 22:02:09,566 - root - INFO - [985/1205] Fetching weather for Kistótfalu...
2026-08-24 22:02:09,721 - root - INFO - Fetched weather for Kistótfalu: 17.1°C, Clear, humidity: 68%
2026-08-24 22:02:10,822 - root - INFO - [986/1205] Fetching weather for Vokány...
2026-08-24 22:02:10,938 - root - INFO - Fetched weather for Vokány: 17.1°C, Clear, humidity: 68%
2026-08-24 22:02:12,040 - root - INFO - [987/1205] Fetching weather for Palkonya...
2026-08-24 22:02:12,168 - root - INFO - Fetched weather for Palkonya: 17.1°C, Clear, humidity: 68%
2026-08-24 22:02:13,269 - root - INFO - [988/1205] Fetching weather for Villánykövesd...
2026-08-24 22:02:13,456 - root - INFO - Fetched weather for Villánykövesd: 17.1°C, Clear, humidity: 68%
2026-08-24 22:02:14,558 - root - INFO - [989/1205] Fetching weather for Villány...
2026-08-24 22:02:14,682 - root - INFO - Fetched weather for Villány: 17.2°C, Clear, humidity: 68%
2026-08-24 22:02:15,784 - root - INFO - [990/1205] Fetching weather for Magyarbóly...
2026-08-24 22:02:15,945 - root - INFO - Fetched weather for Magyarbóly: 17.2°C, Clear, humidity: 68%
2026-08-24 22:02:17,047 - root - INFO - [991/1205] Fetching weather for Magyarszék...
2026-08-24 22:02:17,171 - root - INFO - Fetched weather for Magyarszék: 22.2°C, Clear, humidity: 46%
2026-08-24 22:02:18,273 - root - INFO - [992/1205] Fetching weather for Mecsekpölöske...
2026-08-24 22:02:18,428 - root - INFO - Fetched weather for Mecsekpölöske: 22.1°C, Clear, humidity: 46%
2026-08-24 22:02:19,529 - root - INFO - [993/1205] Fetching weather for Mecsekjánosi...
2026-08-24 22:02:19,649 - root - INFO - Fetched weather for Mecsekjánosi: 22.1°C, Clear, humidity: 46%
2026-08-24 22:02:20,751 - root - INFO - [994/1205] Fetching weather for Komló...
2026-08-24 22:02:20,896 - root - INFO - Fetched weather for Komló: 21.8°C, Clear, humidity: 46%
2026-08-24 22:02:21,997 - root - INFO - [995/1205] Fetching weather for Királyegyháza-Rigópuszta...
2026-08-24 22:02:22,155 - root - INFO - Fetched weather for Királyegyháza-Rigópuszta: 22.6°C, Clear, humidity: 46%
2026-08-24 22:02:23,257 - root - INFO - [996/1205] Fetching weather for Sumony...
2026-08-24 22:02:23,417 - root - INFO - Fetched weather for Sumony: 22.6°C, Clear, humidity: 47%
2026-08-24 22:02:24,519 - root - INFO - [997/1205] Fetching weather for Okorág-Kárászpuszta...
2026-08-24 22:02:24,633 - root - INFO - Fetched weather for Okorág-Kárászpuszta: 22.6°C, Clear, humidity: 48%
2026-08-24 22:02:25,735 - root - INFO - [998/1205] Fetching weather for Kákics...
2026-08-24 22:02:25,886 - root - INFO - Fetched weather for Kákics: 20.1°C, Clear, humidity: 49%
2026-08-24 22:02:26,988 - root - INFO - [999/1205] Fetching weather for Bóly...
2026-08-24 22:02:27,140 - root - INFO - Fetched weather for Bóly: 17.0°C, Clear, humidity: 68%
2026-08-24 22:02:28,242 - root - INFO - [1000/1205] Fetching weather for Mohács...
2026-08-24 22:02:28,407 - root - INFO - Fetched weather for Mohács: 17.3°C, Clear, humidity: 49%
2026-08-24 22:02:29,509 - root - INFO - [1001/1205] Fetching weather for Sellye...
2026-08-24 22:02:29,684 - root - INFO - Fetched weather for Sellye: 20.1°C, Clear, humidity: 49%
2026-08-24 22:02:30,786 - root - INFO - [1002/1205] Fetching weather for Toponár...
2026-08-24 22:02:30,928 - root - INFO - Fetched weather for Toponár: 19.6°C, Clear, humidity: 50%
2026-08-24 22:02:32,030 - root - INFO - [1003/1205] Fetching weather for Somogyaszaló...
2026-08-24 22:02:32,146 - root - INFO - Fetched weather for Somogyaszaló: 19.5°C, Clear, humidity: 50%
2026-08-24 22:02:33,248 - root - INFO - [1004/1205] Fetching weather for Mernye...
2026-08-24 22:02:33,404 - root - INFO - Fetched weather for Mernye: 19.5°C, Clear, humidity: 51%
2026-08-24 22:02:34,506 - root - INFO - [1005/1205] Fetching weather for Felsőmocsolád...
2026-08-24 22:02:34,665 - root - INFO - Fetched weather for Felsőmocsolád: 19.4°C, Clear, humidity: 51%
2026-08-24 22:02:35,767 - root - INFO - [1006/1205] Fetching weather for Kisbárapáti...
2026-08-24 22:02:35,927 - root - INFO - Fetched weather for Kisbárapáti: 19.2°C, Clear, humidity: 53%
2026-08-24 22:02:37,029 - root - INFO - [1007/1205] Fetching weather for Bonnya...
2026-08-24 22:02:37,160 - root - INFO - Fetched weather for Bonnya: 19.5°C, Clear, humidity: 52%
2026-08-24 22:02:38,262 - root - INFO - [1008/1205] Fetching weather for Andocs...
2026-08-24 22:02:38,408 - root - INFO - Fetched weather for Andocs: 18.9°C, Clear, humidity: 53%
2026-08-24 22:02:39,510 - root - INFO - [1009/1205] Fetching weather for Karád...
2026-08-24 22:02:39,635 - root - INFO - Fetched weather for Karád: 19.3°C, Clear, humidity: 54%
2026-08-24 22:02:40,737 - root - INFO - [1010/1205] Fetching weather for Somogymeggyes...
2026-08-24 22:02:40,895 - root - INFO - Fetched weather for Somogymeggyes: 18.7°C, Clear, humidity: 55%
2026-08-24 22:02:41,997 - root - INFO - [1011/1205] Fetching weather for Kapoly...
2026-08-24 22:02:42,164 - root - INFO - Fetched weather for Kapoly: 19.0°C, Clear, humidity: 54%
2026-08-24 22:02:43,265 - root - INFO - [1012/1205] Fetching weather for Tab...
2026-08-24 22:02:43,402 - root - INFO - Fetched weather for Tab: 19.1°C, Clear, humidity: 55%
2026-08-24 22:02:44,504 - root - INFO - [1013/1205] Fetching weather for Bábonymegyer...
2026-08-24 22:02:44,661 - root - INFO - Fetched weather for Bábonymegyer: 19.3°C, Clear, humidity: 76%
2026-08-24 22:02:45,763 - root - INFO - [1014/1205] Fetching weather for Daránypuszta...
2026-08-24 22:02:45,879 - root - INFO - Fetched weather for Daránypuszta: 19.3°C, Clear, humidity: 76%
2026-08-24 22:02:46,981 - root - INFO - [1015/1205] Fetching weather for Som-Nagyberény...
2026-08-24 22:02:47,144 - root - INFO - Fetched weather for Som-Nagyberény: 19.3°C, Clear, humidity: 76%
2026-08-24 22:02:48,246 - root - INFO - [1016/1205] Fetching weather for Ádánd...
2026-08-24 22:02:48,407 - root - INFO - Fetched weather for Ádánd: 19.4°C, Clear, humidity: 76%
2026-08-24 22:02:49,509 - root - INFO - [1017/1205] Fetching weather for Siójut...
2026-08-24 22:02:49,651 - root - INFO - Fetched weather for Siójut: 19.4°C, Clear, humidity: 76%
2026-08-24 22:02:50,753 - root - INFO - [1018/1205] Fetching weather for Kapostüskevár...
2026-08-24 22:02:50,896 - root - INFO - Fetched weather for Kapostüskevár: 19.7°C, Clear, humidity: 51%
2026-08-24 22:02:51,997 - root - INFO - [1019/1205] Fetching weather for Kaposfüred...
2026-08-24 22:02:52,157 - root - INFO - Fetched weather for Kaposfüred: 19.5°C, Clear, humidity: 51%
2026-08-24 22:02:53,259 - root - INFO - [1020/1205] Fetching weather for Várda...
2026-08-24 22:02:53,451 - root - INFO - Fetched weather for Várda: 19.4°C, Clear, humidity: 51%
2026-08-24 22:02:54,552 - root - INFO - [1021/1205] Fetching weather for Somogyjád...
2026-08-24 22:02:54,711 - root - INFO - Fetched weather for Somogyjád: 19.5°C, Clouds, humidity: 52%
2026-08-24 22:02:55,813 - root - INFO - [1022/1205] Fetching weather for Osztopán...
2026-08-24 22:02:55,943 - root - INFO - Fetched weather for Osztopán: 19.4°C, Clouds, humidity: 52%
2026-08-24 22:02:57,045 - root - INFO - [1023/1205] Fetching weather for Pamuk...
2026-08-24 22:02:57,195 - root - INFO - Fetched weather for Pamuk: 19.6°C, Clouds, humidity: 53%
2026-08-24 22:02:58,297 - root - INFO - [1024/1205] Fetching weather for Somogyvár...
2026-08-24 22:02:58,457 - root - INFO - Fetched weather for Somogyvár: 19.6°C, Clear, humidity: 53%
2026-08-24 22:02:59,559 - root - INFO - [1025/1205] Fetching weather for Öreglak...
2026-08-24 22:02:59,715 - root - INFO - Fetched weather for Öreglak: 19.6°C, Clear, humidity: 54%
2026-08-24 22:03:00,817 - root - INFO - [1026/1205] Fetching weather for Tatárvár...
2026-08-24 22:03:00,979 - root - INFO - Fetched weather for Tatárvár: 19.4°C, Clear, humidity: 55%
2026-08-24 22:03:02,081 - root - INFO - [1027/1205] Fetching weather for Lengyeltóti...
2026-08-24 22:03:02,241 - root - INFO - Fetched weather for Lengyeltóti: 19.6°C, Clear, humidity: 55%
2026-08-24 22:03:03,343 - root - INFO - [1028/1205] Fetching weather for Pusztaberény...
2026-08-24 22:03:03,460 - root - INFO - Fetched weather for Pusztaberény: 19.7°C, Clear, humidity: 56%
2026-08-24 22:03:04,561 - root - INFO - [1029/1205] Fetching weather for Örkény...
2026-08-24 22:03:04,709 - root - INFO - Fetched weather for Örkény: 19.5°C, Clouds, humidity: 47%
2026-08-24 22:03:05,810 - root - INFO - [1030/1205] Fetching weather for Táborfalva...
2026-08-24 22:03:05,966 - root - INFO - Fetched weather for Táborfalva: 17.5°C, Clouds, humidity: 47%
2026-08-24 22:03:07,068 - root - INFO - [1031/1205] Fetching weather for Felsőlajos...
2026-08-24 22:03:07,235 - root - INFO - Fetched weather for Felsőlajos: 17.5°C, Clear, humidity: 46%
2026-08-24 22:03:08,337 - root - INFO - [1032/1205] Fetching weather for Lajosmizse...
2026-08-24 22:03:08,498 - root - INFO - Fetched weather for Lajosmizse: 17.5°C, Clear, humidity: 61%
2026-08-24 22:03:09,600 - root - INFO - [1033/1205] Fetching weather for Lajosmizse alsó...
2026-08-24 22:03:09,717 - root - INFO - Fetched weather for Lajosmizse alsó: 17.5°C, Clear, humidity: 61%
2026-08-24 22:03:10,819 - root - INFO - [1034/1205] Fetching weather for Klábertelep...
2026-08-24 22:03:10,980 - root - INFO - Fetched weather for Klábertelep: 17.5°C, Clear, humidity: 61%
2026-08-24 22:03:12,082 - root - INFO - [1035/1205] Fetching weather for Méntelek...
2026-08-24 22:03:12,185 - root - INFO - Fetched weather for Méntelek: 17.6°C, Clear, humidity: 61%
2026-08-24 22:03:13,287 - root - INFO - [1036/1205] Fetching weather for Hetényegyháza...
2026-08-24 22:03:13,448 - root - INFO - Fetched weather for Hetényegyháza: 17.6°C, Clear, humidity: 61%
2026-08-24 22:03:14,550 - root - INFO - [1037/1205] Fetching weather for Kecskemét-Máriaváros...
2026-08-24 22:03:14,709 - root - INFO - Fetched weather for Kecskemét-Máriaváros: 18.6°C, Clear, humidity: 54%
2026-08-24 22:03:15,811 - root - INFO - [1038/1205] Fetching weather for Nyársapát...
2026-08-24 22:03:15,942 - root - INFO - Fetched weather for Nyársapát: 19.3°C, Clear, humidity: 51%
2026-08-24 22:03:17,044 - root - INFO - [1039/1205] Fetching weather for Nagykőrös...
2026-08-24 22:03:17,195 - root - INFO - Fetched weather for Nagykőrös: 18.9°C, Clear, humidity: 53%
2026-08-24 22:03:18,297 - root - INFO - [1040/1205] Fetching weather for Katonatelep...
2026-08-24 22:03:18,459 - root - INFO - Fetched weather for Katonatelep: 19.9°C, Clear, humidity: 45%
2026-08-24 22:03:19,560 - root - INFO - [1041/1205] Fetching weather for Kecskemét...
2026-08-24 22:03:19,690 - root - INFO - Fetched weather for Kecskemét: 18.7°C, Clear, humidity: 53%
2026-08-24 22:03:20,791 - root - INFO - [1042/1205] Fetching weather for Városföld...
2026-08-24 22:03:20,933 - root - INFO - Fetched weather for Városföld: 18.9°C, Clear, humidity: 53%
2026-08-24 22:03:22,035 - root - INFO - [1043/1205] Fetching weather for Kiskunfélegyháza...
2026-08-24 22:03:22,181 - root - INFO - Fetched weather for Kiskunfélegyháza: 18.9°C, Clear, humidity: 43%
2026-08-24 22:03:23,283 - root - INFO - [1044/1205] Fetching weather for Petőfiszállás...
2026-08-24 22:03:23,425 - root - INFO - Fetched weather for Petőfiszállás: 18.9°C, Clear, humidity: 43%
2026-08-24 22:03:24,527 - root - INFO - [1045/1205] Fetching weather for Csengele...
2026-08-24 22:03:24,684 - root - INFO - Fetched weather for Csengele: 18.9°C, Clear, humidity: 43%
2026-08-24 22:03:25,785 - root - INFO - [1046/1205] Fetching weather for Kistelek...
2026-08-24 22:03:25,959 - root - INFO - Fetched weather for Kistelek: 18.9°C, Clear, humidity: 47%
2026-08-24 22:03:27,060 - root - INFO - [1047/1205] Fetching weather for Balástya...
2026-08-24 22:03:27,181 - root - INFO - Fetched weather for Balástya: 17.8°C, Clear, humidity: 47%
2026-08-24 22:03:28,283 - root - INFO - [1048/1205] Fetching weather for Szatymaz...
2026-08-24 22:03:28,451 - root - INFO - Fetched weather for Szatymaz: 17.8°C, Clear, humidity: 48%
2026-08-24 22:03:29,552 - root - INFO - [1049/1205] Fetching weather for Kiskundorozsma...
2026-08-24 22:03:29,686 - root - INFO - Fetched weather for Kiskundorozsma: 17.8°C, Clear, humidity: 48%
2026-08-24 22:03:30,788 - root - INFO - [1050/1205] Fetching weather for Szeged...
2026-08-24 22:03:30,944 - root - INFO - Fetched weather for Szeged: 17.8°C, Clear, humidity: 47%
2026-08-24 22:03:32,046 - root - INFO - [1051/1205] Fetching weather for Alsóúrrét...
2026-08-24 22:03:32,200 - root - INFO - Fetched weather for Alsóúrrét: 19.1°C, Clear, humidity: 52%
2026-08-24 22:03:33,302 - root - INFO - [1052/1205] Fetching weather for Nyárlőrinc...
2026-08-24 22:03:33,430 - root - INFO - Fetched weather for Nyárlőrinc: 19.5°C, Clear, humidity: 51%
2026-08-24 22:03:34,532 - root - INFO - [1053/1205] Fetching weather for Világoshegy...
2026-08-24 22:03:34,691 - root - INFO - Fetched weather for Világoshegy: 19.7°C, Clear, humidity: 44%
2026-08-24 22:03:35,793 - root - INFO - [1054/1205] Fetching weather for Szikra...
2026-08-24 22:03:35,908 - root - INFO - Fetched weather for Szikra: 19.2°C, Clear, humidity: 44%
2026-08-24 22:03:37,009 - root - INFO - [1055/1205] Fetching weather for Lakitelek...
2026-08-24 22:03:37,175 - root - INFO - Fetched weather for Lakitelek: 19.5°C, Clear, humidity: 45%
2026-08-24 22:03:38,277 - root - INFO - [1056/1205] Fetching weather for Tiszaug...
2026-08-24 22:03:38,445 - root - INFO - Fetched weather for Tiszaug: 19.3°C, Clear, humidity: 48%
2026-08-24 22:03:39,547 - root - INFO - [1057/1205] Fetching weather for Tiszasas...
2026-08-24 22:03:39,668 - root - INFO - Fetched weather for Tiszasas: 19.0°C, Clear, humidity: 48%
2026-08-24 22:03:40,769 - root - INFO - [1058/1205] Fetching weather for Csépa...
2026-08-24 22:03:40,929 - root - INFO - Fetched weather for Csépa: 19.0°C, Clear, humidity: 48%
2026-08-24 22:03:42,030 - root - INFO - [1059/1205] Fetching weather for Szelevény...
2026-08-24 22:03:42,147 - root - INFO - Fetched weather for Szelevény: 19.0°C, Clear, humidity: 48%
2026-08-24 22:03:43,248 - root - INFO - [1060/1205] Fetching weather for Gátér...
2026-08-24 22:03:43,414 - root - INFO - Fetched weather for Gátér: 19.0°C, Clear, humidity: 43%
2026-08-24 22:03:44,516 - root - INFO - [1061/1205] Fetching weather for Kónyaszék...
2026-08-24 22:03:44,638 - root - INFO - Fetched weather for Kónyaszék: 19.0°C, Clear, humidity: 43%
2026-08-24 22:03:45,740 - root - INFO - [1062/1205] Fetching weather for Csongrád...
2026-08-24 22:03:45,895 - root - INFO - Fetched weather for Csongrád: 19.0°C, Clear, humidity: 47%
2026-08-24 22:03:46,997 - root - INFO - [1063/1205] Fetching weather for Hékéd...
2026-08-24 22:03:47,112 - root - INFO - Fetched weather for Hékéd: 20.4°C, Clear, humidity: 46%
2026-08-24 22:03:48,214 - root - INFO - [1064/1205] Fetching weather for Fábiánsebestyén...
2026-08-24 22:03:48,378 - root - INFO - Fetched weather for Fábiánsebestyén: 20.4°C, Clear, humidity: 46%
2026-08-24 22:03:49,480 - root - INFO - [1065/1205] Fetching weather for Gádoros...
2026-08-24 22:03:49,600 - root - INFO - Fetched weather for Gádoros: 20.4°C, Clear, humidity: 46%
2026-08-24 22:03:50,702 - root - INFO - [1066/1205] Fetching weather for Justhmajor...
2026-08-24 22:03:50,822 - root - INFO - Fetched weather for Justhmajor: 20.4°C, Clear, humidity: 46%
2026-08-24 22:03:51,923 - root - INFO - [1067/1205] Fetching weather for Szentetornya...
2026-08-24 22:03:52,075 - root - INFO - Fetched weather for Szentetornya: 20.4°C, Clear, humidity: 45%
2026-08-24 22:03:53,177 - root - INFO - [1068/1205] Fetching weather for Gyopárosfürdő...
2026-08-24 22:03:53,342 - root - INFO - Fetched weather for Gyopárosfürdő: 20.5°C, Clear, humidity: 45%
2026-08-24 22:03:54,444 - root - INFO - [1069/1205] Fetching weather for Szabadságliget...
2026-08-24 22:03:54,566 - root - INFO - Fetched weather for Szabadságliget: 21.9°C, Clouds, humidity: 47%
2026-08-24 22:03:55,668 - root - INFO - [1070/1205] Fetching weather for Röszke...
2026-08-24 22:03:55,835 - root - INFO - Fetched weather for Röszke: 17.8°C, Clear, humidity: 57%
2026-08-24 22:03:56,937 - root - INFO - [1071/1205] Fetching weather for Tószeg...
2026-08-24 22:03:57,059 - root - INFO - Fetched weather for Tószeg: 18.9°C, Clear, humidity: 53%
2026-08-24 22:03:58,161 - root - INFO - [1072/1205] Fetching weather for Tiszavárkony...
2026-08-24 22:03:58,280 - root - INFO - Fetched weather for Tiszavárkony: 18.9°C, Clear, humidity: 53%
2026-08-24 22:03:59,382 - root - INFO - [1073/1205] Fetching weather for Tiszajenő-Vezseny...
2026-08-24 22:03:59,542 - root - INFO - Fetched weather for Tiszajenő-Vezseny: 18.9°C, Clear, humidity: 53%
2026-08-24 22:04:00,644 - root - INFO - [1074/1205] Fetching weather for Újbög...
2026-08-24 22:04:00,823 - root - INFO - Fetched weather for Újbög: 18.9°C, Clear, humidity: 53%
2026-08-24 22:04:01,924 - root - INFO - [1075/1205] Fetching weather for Tiszakécske...
2026-08-24 22:04:02,047 - root - INFO - Fetched weather for Tiszakécske: 19.0°C, Clear, humidity: 53%
2026-08-24 22:04:03,149 - root - INFO - [1076/1205] Fetching weather for Kerekdomb...
2026-08-24 22:04:03,299 - root - INFO - Fetched weather for Kerekdomb: 19.4°C, Clear, humidity: 49%
2026-08-24 22:04:04,401 - root - INFO - [1077/1205] Fetching weather for Tiszaalpár...
2026-08-24 22:04:04,524 - root - INFO - Fetched weather for Tiszaalpár: 19.1°C, Clear, humidity: 43%
2026-08-24 22:04:05,625 - root - INFO - [1078/1205] Fetching weather for Tiszaalpár alsó...
2026-08-24 22:04:05,742 - root - INFO - Fetched weather for Tiszaalpár alsó: 19.0°C, Clear, humidity: 43%
2026-08-24 22:04:06,844 - root - INFO - [1079/1205] Fetching weather for Tiszatenyő...
2026-08-24 22:04:07,008 - root - INFO - Fetched weather for Tiszatenyő: 19.0°C, Clear, humidity: 48%
2026-08-24 22:04:08,109 - root - INFO - [1080/1205] Fetching weather for Pusztapó...
2026-08-24 22:04:08,274 - root - INFO - Fetched weather for Pusztapó: 19.0°C, Clear, humidity: 48%
2026-08-24 22:04:09,376 - root - INFO - [1081/1205] Fetching weather for Kétpó...
2026-08-24 22:04:09,521 - root - INFO - Fetched weather for Kétpó: 19.0°C, Clear, humidity: 48%
2026-08-24 22:04:10,623 - root - INFO - [1082/1205] Fetching weather for Mezőtúr...
2026-08-24 22:04:10,745 - root - INFO - Fetched weather for Mezőtúr: 19.9°C, Clear, humidity: 48%
2026-08-24 22:04:11,846 - root - INFO - [1083/1205] Fetching weather for Nagylapos...
2026-08-24 22:04:11,952 - root - INFO - Fetched weather for Nagylapos: 20.0°C, Clear, humidity: 47%
2026-08-24 22:04:13,054 - root - INFO - [1084/1205] Fetching weather for Gyoma...
2026-08-24 22:04:13,167 - root - INFO - Fetched weather for Gyoma: 20.1°C, Clear, humidity: 47%
2026-08-24 22:04:14,269 - root - INFO - [1085/1205] Fetching weather for Csárdaszállás...
2026-08-24 22:04:14,425 - root - INFO - Fetched weather for Csárdaszállás: 20.1°C, Clear, humidity: 47%
2026-08-24 22:04:15,526 - root - INFO - [1086/1205] Fetching weather for Mezőberény...
2026-08-24 22:04:15,645 - root - INFO - Fetched weather for Mezőberény: 20.1°C, Clear, humidity: 47%
2026-08-24 22:04:16,746 - root - INFO - [1087/1205] Fetching weather for Murony...
2026-08-24 22:04:16,909 - root - INFO - Fetched weather for Murony: 20.2°C, Clear, humidity: 48%
2026-08-24 22:04:18,010 - root - INFO - [1088/1205] Fetching weather for Békéscsaba...
2026-08-24 22:04:18,122 - root - INFO - Fetched weather for Békéscsaba: 20.2°C, Clear, humidity: 50%
2026-08-24 22:04:19,224 - root - INFO - [1089/1205] Fetching weather for Kétegyháza...
2026-08-24 22:04:19,345 - root - INFO - Fetched weather for Kétegyháza: 20.4°C, Clear, humidity: 46%
2026-08-24 22:04:20,446 - root - INFO - [1090/1205] Fetching weather for Lőkösháza...
2026-08-24 22:04:20,588 - root - INFO - Fetched weather for Lőkösháza: 22.3°C, Clear, humidity: 46%
2026-08-24 22:04:21,690 - root - INFO - [1091/1205] Fetching weather for Kengyel...
2026-08-24 22:04:21,853 - root - INFO - Fetched weather for Kengyel: 19.0°C, Clear, humidity: 48%
2026-08-24 22:04:22,955 - root - INFO - [1092/1205] Fetching weather for Bagimajor...
2026-08-24 22:04:23,115 - root - INFO - Fetched weather for Bagimajor: 19.0°C, Clear, humidity: 48%
2026-08-24 22:04:24,218 - root - INFO - [1093/1205] Fetching weather for Martfű...
2026-08-24 22:04:24,321 - root - INFO - Fetched weather for Martfű: 19.0°C, Clear, humidity: 48%
2026-08-24 22:04:25,423 - root - INFO - [1094/1205] Fetching weather for Tiszaföldvár...
2026-08-24 22:04:25,560 - root - INFO - Fetched weather for Tiszaföldvár: 19.0°C, Clear, humidity: 48%
2026-08-24 22:04:26,662 - root - INFO - [1095/1205] Fetching weather for Homok...
2026-08-24 22:04:26,776 - root - INFO - Fetched weather for Homok: 18.9°C, Clear, humidity: 53%
2026-08-24 22:04:27,878 - root - INFO - [1096/1205] Fetching weather for Kungyalu...
2026-08-24 22:04:27,991 - root - INFO - Fetched weather for Kungyalu: 18.9°C, Clear, humidity: 48%
2026-08-24 22:04:29,092 - root - INFO - [1097/1205] Fetching weather for Kunszentmárton...
2026-08-24 22:04:29,256 - root - INFO - Fetched weather for Kunszentmárton: 20.1°C, Clear, humidity: 48%
2026-08-24 22:04:30,358 - root - INFO - [1098/1205] Fetching weather for Nagytőke...
2026-08-24 22:04:30,518 - root - INFO - Fetched weather for Nagytőke: 20.2°C, Clear, humidity: 47%
2026-08-24 22:04:31,620 - root - INFO - [1099/1205] Fetching weather for Szentes...
2026-08-24 22:04:31,778 - root - INFO - Fetched weather for Szentes: 20.4°C, Clear, humidity: 46%
2026-08-24 22:04:32,880 - root - INFO - [1100/1205] Fetching weather for Szegvár...
2026-08-24 22:04:32,989 - root - INFO - Fetched weather for Szegvár: 20.4°C, Clear, humidity: 46%
2026-08-24 22:04:34,091 - root - INFO - [1101/1205] Fetching weather for Mindszent...
2026-08-24 22:04:34,196 - root - INFO - Fetched weather for Mindszent: 20.5°C, Clear, humidity: 46%
2026-08-24 22:04:35,298 - root - INFO - [1102/1205] Fetching weather for Mártély...
2026-08-24 22:04:35,458 - root - INFO - Fetched weather for Mártély: 20.5°C, Clear, humidity: 46%
2026-08-24 22:04:36,560 - root - INFO - [1103/1205] Fetching weather for Pusztabánréve...
2026-08-24 22:04:36,716 - root - INFO - Fetched weather for Pusztabánréve: 20.1°C, Clear, humidity: 48%
2026-08-24 22:04:37,818 - root - INFO - [1104/1205] Fetching weather for Szarvas...
2026-08-24 22:04:37,989 - root - INFO - Fetched weather for Szarvas: 20.1°C, Clear, humidity: 47%
2026-08-24 22:04:39,091 - root - INFO - [1105/1205] Fetching weather for Csabacsűd...
2026-08-24 22:04:39,207 - root - INFO - Fetched weather for Csabacsűd: 20.2°C, Clear, humidity: 47%
2026-08-24 22:04:40,309 - root - INFO - [1106/1205] Fetching weather for Kisszénás...
2026-08-24 22:04:40,420 - root - INFO - Fetched weather for Kisszénás: 20.3°C, Clear, humidity: 46%
2026-08-24 22:04:41,522 - root - INFO - [1107/1205] Fetching weather for Kiscsákó...
2026-08-24 22:04:41,679 - root - INFO - Fetched weather for Kiscsákó: 20.3°C, Clear, humidity: 46%
2026-08-24 22:04:42,780 - root - INFO - [1108/1205] Fetching weather for Nagyszénás...
2026-08-24 22:04:42,924 - root - INFO - Fetched weather for Nagyszénás: 20.3°C, Clear, humidity: 46%
2026-08-24 22:04:44,026 - root - INFO - [1109/1205] Fetching weather for Kardoskút...
2026-08-24 22:04:44,172 - root - INFO - Fetched weather for Kardoskút: 20.6°C, Clear, humidity: 45%
2026-08-24 22:04:45,274 - root - INFO - [1110/1205] Fetching weather for Tótkomlós...
2026-08-24 22:04:45,432 - root - INFO - Fetched weather for Tótkomlós: 20.6°C, Clear, humidity: 44%
2026-08-24 22:04:46,534 - root - INFO - [1111/1205] Fetching weather for Nagyér...
2026-08-24 22:04:46,657 - root - INFO - Fetched weather for Nagyér: 20.7°C, Clear, humidity: 44%
2026-08-24 22:04:47,759 - root - INFO - [1112/1205] Fetching weather for Pitvaros...
2026-08-24 22:04:47,914 - root - INFO - Fetched weather for Pitvaros: 20.7°C, Clear, humidity: 44%
2026-08-24 22:04:49,016 - root - INFO - [1113/1205] Fetching weather for Dévaványa...
2026-08-24 22:04:49,131 - root - INFO - Fetched weather for Dévaványa: 19.9°C, Clear, humidity: 47%
2026-08-24 22:04:50,233 - root - INFO - [1114/1205] Fetching weather for Körösladány...
2026-08-24 22:04:50,337 - root - INFO - Fetched weather for Körösladány: 19.9°C, Clear, humidity: 46%
2026-08-24 22:04:51,439 - root - INFO - [1115/1205] Fetching weather for Szeghalom...
2026-08-24 22:04:51,556 - root - INFO - Fetched weather for Szeghalom: 19.8°C, Clear, humidity: 46%
2026-08-24 22:04:52,657 - root - INFO - [1116/1205] Fetching weather for Vésztő...
2026-08-24 22:04:52,819 - root - INFO - Fetched weather for Vésztő: 19.9°C, Clear, humidity: 45%
2026-08-24 22:04:53,920 - root - INFO - [1117/1205] Fetching weather for Szeged-Rókus...
2026-08-24 22:04:54,047 - root - INFO - Fetched weather for Szeged-Rókus: 17.9°C, Clear, humidity: 47%
2026-08-24 22:04:55,149 - root - INFO - [1118/1205] Fetching weather for Algyő...
2026-08-24 22:04:55,265 - root - INFO - Fetched weather for Algyő: 20.6°C, Clear, humidity: 46%
2026-08-24 22:04:56,366 - root - INFO - [1119/1205] Fetching weather for Hódmezővásárhelyi Népkert...
2026-08-24 22:04:56,517 - root - INFO - Fetched weather for Hódmezővásárhelyi Népkert: 20.6°C, Clear, humidity: 45%
2026-08-24 22:04:57,619 - root - INFO - [1120/1205] Fetching weather for Hódmezővásárhely...
2026-08-24 22:04:57,775 - root - INFO - Fetched weather for Hódmezővásárhely: 20.6°C, Clear, humidity: 45%
2026-08-24 22:04:58,876 - root - INFO - [1121/1205] Fetching weather for Körmend...
2026-08-24 22:04:58,992 - root - INFO - Fetched weather for Körmend: 18.8°C, Clouds, humidity: 72%
2026-08-24 22:05:00,093 - root - INFO - [1122/1205] Fetching weather for Szentgotthárd...
2026-08-24 22:05:00,264 - root - INFO - Fetched weather for Szentgotthárd: 18.7°C, Clouds, humidity: 76%
2026-08-24 22:05:01,366 - root - INFO - [1123/1205] Fetching weather for Szombathely...
2026-08-24 22:05:01,488 - root - INFO - Fetched weather for Szombathely: 16.1°C, Clouds, humidity: 72%
2026-08-24 22:05:02,590 - root - INFO - [1124/1205] Fetching weather for Sáferkút...
2026-08-24 22:05:02,696 - root - INFO - Fetched weather for Sáferkút: 17.4°C, Clouds, humidity: 65%
2026-08-24 22:05:03,798 - root - INFO - [1125/1205] Fetching weather for Magdolnavölgy...
2026-08-24 22:05:03,905 - root - INFO - Fetched weather for Magdolnavölgy: 21.8°C, Clouds, humidity: 53%
2026-08-24 22:05:05,007 - root - INFO - [1126/1205] Fetching weather for Haris...
2026-08-24 22:05:05,157 - root - INFO - Fetched weather for Haris: 18.8°C, Clouds, humidity: 76%
2026-08-24 22:05:06,259 - root - INFO - [1127/1205] Fetching weather for Egyházasrádóc...
2026-08-24 22:05:06,411 - root - INFO - Fetched weather for Egyházasrádóc: 18.6°C, Clouds, humidity: 72%
2026-08-24 22:05:07,513 - root - INFO - [1128/1205] Fetching weather for Alsórönök...
2026-08-24 22:05:07,639 - root - INFO - Fetched weather for Alsórönök: 18.8°C, Clouds, humidity: 75%
2026-08-24 22:05:08,741 - root - INFO - [1129/1205] Fetching weather for Szombathely-Szőlős...
2026-08-24 22:05:08,851 - root - INFO - Fetched weather for Szombathely-Szőlős: 16.2°C, Clouds, humidity: 72%
2026-08-24 22:05:09,953 - root - INFO - [1130/1205] Fetching weather for Rátót...
2026-08-24 22:05:10,070 - root - INFO - Fetched weather for Rátót: 18.6°C, Clouds, humidity: 74%
2026-08-24 22:05:11,171 - root - INFO - [1131/1205] Fetching weather for Ják-Balogunyom...
2026-08-24 22:05:11,299 - root - INFO - Fetched weather for Ják-Balogunyom: 16.3°C, Clouds, humidity: 72%
2026-08-24 22:05:12,401 - root - INFO - [1132/1205] Fetching weather for Vasvár...
2026-08-24 22:05:12,559 - root - INFO - Fetched weather for Vasvár: 18.9°C, Clouds, humidity: 69%
2026-08-24 22:05:13,661 - root - INFO - [1133/1205] Fetching weather for Répcelak...
2026-08-24 22:05:13,788 - root - INFO - Fetched weather for Répcelak: 18.9°C, Clouds, humidity: 66%
2026-08-24 22:05:14,890 - root - INFO - [1134/1205] Fetching weather for Rajka...
2026-08-24 22:05:14,999 - root - INFO - Fetched weather for Rajka: 18.5°C, Clouds, humidity: 59%
2026-08-24 22:05:16,101 - root - INFO - [1135/1205] Fetching weather for Püspökmolnári...
2026-08-24 22:05:16,213 - root - INFO - Fetched weather for Püspökmolnári: 18.8°C, Clouds, humidity: 70%
2026-08-24 22:05:17,315 - root - INFO - [1136/1205] Fetching weather for Kőszeg...
2026-08-24 22:05:17,453 - root - INFO - Fetched weather for Kőszeg: 15.8°C, Clouds, humidity: 85%
2026-08-24 22:05:18,555 - root - INFO - [1137/1205] Fetching weather for Kastélypark...
2026-08-24 22:05:18,675 - root - INFO - Fetched weather for Kastélypark: 23.0°C, Clouds, humidity: 46%
2026-08-24 22:05:19,777 - root - INFO - [1138/1205] Fetching weather for Hanságliget...
2026-08-24 22:05:19,923 - root - INFO - Fetched weather for Hanságliget: 19.5°C, Clouds, humidity: 64%
2026-08-24 22:05:21,025 - root - INFO - [1139/1205] Fetching weather for Vica...
2026-08-24 22:05:21,143 - root - INFO - Fetched weather for Vica: 18.9°C, Clouds, humidity: 65%
2026-08-24 22:05:22,245 - root - INFO - [1140/1205] Fetching weather for Vép...
2026-08-24 22:05:22,359 - root - INFO - Fetched weather for Vép: 16.3°C, Clouds, humidity: 71%
2026-08-24 22:05:23,460 - root - INFO - [1141/1205] Fetching weather for Mosonszolnok...
2026-08-24 22:05:23,570 - root - INFO - Fetched weather for Mosonszolnok: 19.4°C, Clouds, humidity: 63%
2026-08-24 22:05:24,671 - root - INFO - [1142/1205] Fetching weather for Jánossomorja...
2026-08-24 22:05:24,807 - root - INFO - Fetched weather for Jánossomorja: 19.4°C, Clouds, humidity: 63%
2026-08-24 22:05:25,908 - root - INFO - [1143/1205] Fetching weather for Bősárkány...
2026-08-24 22:05:26,057 - root - INFO - Fetched weather for Bősárkány: 19.5°C, Clouds, humidity: 65%
2026-08-24 22:05:27,159 - root - INFO - [1144/1205] Fetching weather for Szil-Sopronnémeti...
2026-08-24 22:05:27,319 - root - INFO - Fetched weather for Szil-Sopronnémeti: 22.1°C, Clouds, humidity: 65%
2026-08-24 22:05:28,421 - root - INFO - [1145/1205] Fetching weather for Magyarkeresztúr-Zsebeháza...
2026-08-24 22:05:28,595 - root - INFO - Fetched weather for Magyarkeresztúr-Zsebeháza: 19.4°C, Clouds, humidity: 65%
2026-08-24 22:05:29,697 - root - INFO - [1146/1205] Fetching weather for Páli-Vadosfa...
2026-08-24 22:05:29,812 - root - INFO - Fetched weather for Páli-Vadosfa: 19.4°C, Clouds, humidity: 65%
2026-08-24 22:05:30,914 - root - INFO - [1147/1205] Fetching weather for Beled...
2026-08-24 22:05:31,178 - root - INFO - Fetched weather for Beled: 18.9°C, Clouds, humidity: 65%
2026-08-24 22:05:32,280 - root - INFO - [1148/1205] Fetching weather for Dénesfa...
2026-08-24 22:05:32,460 - root - INFO - Fetched weather for Dénesfa: 18.9°C, Clouds, humidity: 66%
2026-08-24 22:05:33,562 - root - INFO - [1149/1205] Fetching weather for Csánig...
2026-08-24 22:05:33,706 - root - INFO - Fetched weather for Csánig: 18.9°C, Clouds, humidity: 66%
2026-08-24 22:05:34,808 - root - INFO - [1150/1205] Fetching weather for Vámoscsalád...
2026-08-24 22:05:34,973 - root - INFO - Fetched weather for Vámoscsalád: 16.5°C, Clouds, humidity: 68%
2026-08-24 22:05:36,075 - root - INFO - [1151/1205] Fetching weather for Vasegerszeg...
2026-08-24 22:05:36,202 - root - INFO - Fetched weather for Vasegerszeg: 16.6°C, Clouds, humidity: 69%
2026-08-24 22:05:37,304 - root - INFO - [1152/1205] Fetching weather for Hegyfalu...
2026-08-24 22:05:37,412 - root - INFO - Fetched weather for Hegyfalu: 16.5°C, Clouds, humidity: 69%
2026-08-24 22:05:38,513 - root - INFO - [1153/1205] Fetching weather for Pósfa...
2026-08-24 22:05:38,652 - root - INFO - Fetched weather for Pósfa: 16.5°C, Clouds, humidity: 69%
2026-08-24 22:05:39,754 - root - INFO - [1154/1205] Fetching weather for Ölbő-Alsószeleste...
2026-08-24 22:05:39,863 - root - INFO - Fetched weather for Ölbő-Alsószeleste: 16.5°C, Clouds, humidity: 70%
2026-08-24 22:05:40,964 - root - INFO - [1155/1205] Fetching weather for Gencsapáti felső...
2026-08-24 22:05:41,075 - root - INFO - Fetched weather for Gencsapáti felső: 16.0°C, Clouds, humidity: 85%
2026-08-24 22:05:42,177 - root - INFO - [1156/1205] Fetching weather for Lukácsháza alsó...
2026-08-24 22:05:42,334 - root - INFO - Fetched weather for Lukácsháza alsó: 15.9°C, Clouds, humidity: 85%
2026-08-24 22:05:43,435 - root - INFO - [1157/1205] Fetching weather for Kőszegfalva...
2026-08-24 22:05:43,592 - root - INFO - Fetched weather for Kőszegfalva: 15.8°C, Clouds, humidity: 85%
2026-08-24 22:05:44,694 - root - INFO - [1158/1205] Fetching weather for Gyöngyöshermán...
2026-08-24 22:05:44,836 - root - INFO - Fetched weather for Gyöngyöshermán: 16.2°C, Clouds, humidity: 72%
2026-08-24 22:05:45,938 - root - INFO - [1159/1205] Fetching weather for Bezenye...
2026-08-24 22:05:46,055 - root - INFO - Fetched weather for Bezenye: 18.5°C, Clouds, humidity: 59%
2026-08-24 22:05:47,157 - root - INFO - [1160/1205] Fetching weather for Kámon...
2026-08-24 22:05:47,312 - root - INFO - Fetched weather for Kámon: 16.1°C, Clouds, humidity: 85%
2026-08-24 22:05:48,414 - root - INFO - [1161/1205] Fetching weather for Sorkifalud...
2026-08-24 22:05:48,550 - root - INFO - Fetched weather for Sorkifalud: 18.8°C, Clouds, humidity: 71%
2026-08-24 22:05:49,652 - root - INFO - [1162/1205] Fetching weather for Szentléránt...
2026-08-24 22:05:49,768 - root - INFO - Fetched weather for Szentléránt: 18.8°C, Clouds, humidity: 71%
2026-08-24 22:05:50,870 - root - INFO - [1163/1205] Fetching weather for Pácsony...
2026-08-24 22:05:51,028 - root - INFO - Fetched weather for Pácsony: 18.8°C, Clouds, humidity: 69%
2026-08-24 22:05:52,130 - root - INFO - [1164/1205] Fetching weather for Győrvár...
2026-08-24 22:05:52,251 - root - INFO - Fetched weather for Győrvár: 18.8°C, Clouds, humidity: 69%
2026-08-24 22:05:53,353 - root - INFO - [1165/1205] Fetching weather for Egervár-Vasboldogasszony...
2026-08-24 22:05:53,467 - root - INFO - Fetched weather for Egervár-Vasboldogasszony: 19.1°C, Clouds, humidity: 68%
2026-08-24 22:05:54,569 - root - INFO - [1166/1205] Fetching weather for Zalaszentlőrinc...
2026-08-24 22:05:54,729 - root - INFO - Fetched weather for Zalaszentlőrinc: 19.1°C, Clouds, humidity: 68%
2026-08-24 22:05:55,831 - root - INFO - [1167/1205] Fetching weather for Gencsapáti alsó...
2026-08-24 22:05:55,956 - root - INFO - Fetched weather for Gencsapáti alsó: 16.0°C, Clouds, humidity: 85%
2026-08-24 22:05:57,057 - root - INFO - [1168/1205] Fetching weather for Gyöngyösfalu...
2026-08-24 22:05:57,201 - root - INFO - Fetched weather for Gyöngyösfalu: 16.0°C, Clouds, humidity: 85%
2026-08-24 22:05:58,303 - root - INFO - [1169/1205] Fetching weather for Lukácsháza...
2026-08-24 22:05:58,456 - root - INFO - Fetched weather for Lukácsháza: 15.9°C, Clouds, humidity: 85%
2026-08-24 22:05:59,558 - root - INFO - [1170/1205] Fetching weather for Horvátnádalja...
2026-08-24 22:05:59,674 - root - INFO - Fetched weather for Horvátnádalja: 18.8°C, Clouds, humidity: 72%
2026-08-24 22:06:00,776 - root - INFO - [1171/1205] Fetching weather for Csákánydoroszló...
2026-08-24 22:06:00,908 - root - INFO - Fetched weather for Csákánydoroszló: 18.8°C, Clouds, humidity: 73%
2026-08-24 22:06:02,010 - root - INFO - [1172/1205] Fetching weather for Váckisújfalu...
2026-08-24 22:06:02,161 - root - INFO - Fetched weather for Váckisújfalu: 19.8°C, Clear, humidity: 50%
2026-08-24 22:06:03,262 - root - INFO - [1173/1205] Fetching weather for Csisztafürdő...
2026-08-24 22:06:03,423 - root - INFO - Fetched weather for Csisztafürdő: 19.6°C, Clear, humidity: 64%
2026-08-24 22:06:04,525 - root - INFO - [1174/1205] Fetching weather for Mórágy...
2026-08-24 22:06:04,635 - root - INFO - Fetched weather for Mórágy: 19.6°C, Clear, humidity: 54%
2026-08-24 22:06:05,736 - root - INFO - [1175/1205] Fetching weather for Kismacs...
2026-08-24 22:06:05,886 - root - INFO - Fetched weather for Kismacs: 18.9°C, Clear, humidity: 45%
2026-08-24 22:06:06,988 - root - INFO - [1176/1205] Fetching weather for Pusztaszentistván...
2026-08-24 22:06:07,137 - root - INFO - Fetched weather for Pusztaszentistván: 17.5°C, Clouds, humidity: 69%
2026-08-24 22:06:08,239 - root - INFO - [1177/1205] Fetching weather for Aranyvölgy...
2026-08-24 22:06:08,392 - root - INFO - Fetched weather for Aranyvölgy: 22.9°C, Clouds, humidity: 46%
2026-08-24 22:06:09,494 - root - INFO - [1178/1205] Fetching weather for Szélhegy...
2026-08-24 22:06:09,673 - root - INFO - Fetched weather for Szélhegy: 22.3°C, Clouds, humidity: 46%
2026-08-24 22:06:10,775 - root - INFO - [1179/1205] Fetching weather for Vörösvárbánya...
2026-08-24 22:06:10,923 - root - INFO - Fetched weather for Vörösvárbánya: 22.2°C, Clouds, humidity: 46%
2026-08-24 22:06:12,025 - root - INFO - [1180/1205] Fetching weather for Máriaszőlőtelep...
2026-08-24 22:06:12,199 - root - INFO - Fetched weather for Máriaszőlőtelep: 18.1°C, Clouds, humidity: 72%
2026-08-24 22:06:13,301 - root - INFO - [1181/1205] Fetching weather for Akadémiaújtelep...
2026-08-24 22:06:13,458 - root - INFO - Fetched weather for Akadémiaújtelep: 23.1°C, Clouds, humidity: 41%
2026-08-24 22:06:14,559 - root - INFO - [1182/1205] Fetching weather for Újpalota...
2026-08-24 22:06:14,695 - root - INFO - Fetched weather for Újpalota: 23.3°C, Clouds, humidity: 45%
2026-08-24 22:06:15,797 - root - INFO - [1183/1205] Fetching weather for Szeged, Somogyi utca...
2026-08-24 22:06:15,945 - root - INFO - Fetched weather for Szeged, Somogyi utca: 18.0°C, Clear, humidity: 47%
2026-08-24 22:06:17,047 - root - INFO - [1184/1205] Fetching weather for Hódmezővásárhely, Hősök tere...
2026-08-24 22:06:17,207 - root - INFO - Fetched weather for Hódmezővásárhely, Hősök tere: 20.6°C, Clear, humidity: 45%
2026-08-24 22:06:18,308 - root - INFO - [1185/1205] Fetching weather for Hódmezővásárhely, Kossuth tér...
2026-08-24 22:06:18,462 - root - INFO - Fetched weather for Hódmezővásárhely, Kossuth tér: 20.6°C, Clear, humidity: 45%
2026-08-24 22:06:19,564 - root - INFO - [1186/1205] Fetching weather for Hódmezővásárhely, Strandfürdő...
2026-08-24 22:06:19,713 - root - INFO - Fetched weather for Hódmezővásárhely, Strandfürdő: 20.6°C, Clear, humidity: 45%
2026-08-24 22:06:20,815 - root - INFO - [1187/1205] Fetching weather for Szeged, Széchenyi tér...
2026-08-24 22:06:20,964 - root - INFO - Fetched weather for Szeged, Széchenyi tér: 18.0°C, Clear, humidity: 47%
2026-08-24 22:06:22,066 - root - INFO - [1188/1205] Fetching weather for Szeged, Anna-kút...
2026-08-24 22:06:22,183 - root - INFO - Fetched weather for Szeged, Anna-kút: 18.0°C, Clear, humidity: 47%
2026-08-24 22:06:23,285 - root - INFO - [1189/1205] Fetching weather for Szeged, Rókusi templom...
2026-08-24 22:06:23,449 - root - INFO - Fetched weather for Szeged, Rókusi templom: 18.0°C, Clear, humidity: 47%
2026-08-24 22:06:24,551 - root - INFO - [1190/1205] Fetching weather for Hódmezővásárhely, Kálvin János tér...
2026-08-24 22:06:24,710 - root - INFO - Fetched weather for Hódmezővásárhely, Kálvin János tér: 20.6°C, Clear, humidity: 45%
2026-08-24 22:06:25,811 - root - INFO - [1191/1205] Fetching weather for Hódmezővásárhely vasútállomás...
2026-08-24 22:06:25,987 - root - INFO - Fetched weather for Hódmezővásárhely vasútállomás: 20.6°C, Clear, humidity: 45%
2026-08-24 22:06:27,089 - root - INFO - [1192/1205] Fetching weather for Szeged, Tavasz utca...
2026-08-24 22:06:27,238 - root - INFO - Fetched weather for Szeged, Tavasz utca: 18.0°C, Clear, humidity: 47%
2026-08-24 22:06:28,340 - root - INFO - [1193/1205] Fetching weather for Szeged, Damjanich utca...
2026-08-24 22:06:28,457 - root - INFO - Fetched weather for Szeged, Damjanich utca: 18.0°C, Clear, humidity: 47%
2026-08-24 22:06:29,559 - root - INFO - [1194/1205] Fetching weather for Szeged, Vásárhelyi Pál utca...
2026-08-24 22:06:29,724 - root - INFO - Fetched weather for Szeged, Vásárhelyi Pál utca: 18.0°C, Clear, humidity: 47%
2026-08-24 22:06:30,826 - root - INFO - [1195/1205] Fetching weather for Szeged, Bécsi körút ...
2026-08-24 22:06:30,982 - root - INFO - Fetched weather for Szeged, Bécsi körút : 18.0°C, Clear, humidity: 47%
2026-08-24 22:06:32,084 - root - INFO - [1196/1205] Fetching weather for Hódmezővásárhelyi Népkert vasútállomás...
2026-08-24 22:06:32,281 - root - INFO - Fetched weather for Hódmezővásárhelyi Népkert vasútállomás: 20.6°C, Clear, humidity: 45%
2026-08-24 22:06:33,383 - root - INFO - [1197/1205] Fetching weather for Szeged vasútállomás...
2026-08-24 22:06:33,534 - root - INFO - Fetched weather for Szeged vasútállomás: 18.0°C, Clear, humidity: 47%
2026-08-24 22:06:34,636 - root - INFO - [1198/1205] Fetching weather for Szeged, Bem utca...
2026-08-24 22:06:34,753 - root - INFO - Fetched weather for Szeged, Bem utca: 18.0°C, Clear, humidity: 47%
2026-08-24 22:06:35,855 - root - INFO - [1199/1205] Fetching weather for Szeged, Galamb utca...
2026-08-24 22:06:36,002 - root - INFO - Fetched weather for Szeged, Galamb utca: 18.0°C, Clear, humidity: 47%
2026-08-24 22:06:37,104 - root - INFO - [1200/1205] Fetching weather for Szeged, Aradi vértanúk tere...
2026-08-24 22:06:37,257 - root - INFO - Fetched weather for Szeged, Aradi vértanúk tere: 18.0°C, Clear, humidity: 47%
2026-08-24 22:06:38,358 - root - INFO - [1201/1205] Fetching weather for Szeged, Pulz utca...
2026-08-24 22:06:38,509 - root - INFO - Fetched weather for Szeged, Pulz utca: 18.0°C, Clear, humidity: 47%
2026-08-24 22:06:39,610 - root - INFO - [1202/1205] Fetching weather for Szeged, Rókus vasútállomás...
2026-08-24 22:06:39,756 - root - INFO - Fetched weather for Szeged, Rókus vasútállomás: 18.0°C, Clear, humidity: 47%
2026-08-24 22:06:40,858 - root - INFO - [1203/1205] Fetching weather for Látókép...
2026-08-24 22:06:41,012 - root - INFO - Fetched weather for Látókép: 18.9°C, Clear, humidity: 45%
2026-08-24 22:06:42,113 - root - INFO - [1204/1205] Fetching weather for Szentmihálytelek...
2026-08-24 22:06:42,267 - root - INFO - Fetched weather for Szentmihálytelek: 18.0°C, Clear, humidity: 57%
2026-08-24 22:06:43,368 - root - INFO - [1205/1205] Fetching weather for Kisvarsány...
2026-08-24 22:06:43,536 - root - INFO - Fetched weather for Kisvarsány: 17.3°C, Clouds, humidity: 60%
2026-08-24 22:06:44,640 - root - INFO - Successfully collected weather for 1205 stations
2026-08-24 22:06:44,649 - root - INFO - Saved weather data to data/weather/current_20260824_2200.csv
2026-08-24 22:06:44,649 - root - INFO - File size: 149.8 KB
2026-08-24 22:06:44,649 - root - INFO - 
============================================================
2026-08-24 22:06:44,649 - root - INFO - WEATHER COLLECTION SUMMARY
2026-08-24 22:06:44,649 - root - INFO - ============================================================
2026-08-24 22:06:44,649 - root - INFO - 
Data Coverage:
2026-08-24 22:06:44,649 - root - INFO -   - Total stations: 1205
2026-08-24 22:06:44,650 - root - INFO -   - Collection time: 2026-08-24 21:41:40.897805
2026-08-24 22:06:44,650 - root - INFO -   - Collection hour: 21:00
2026-08-24 22:06:44,650 - root - INFO - 
Weather Statistics:
2026-08-24 22:06:44,650 - root - INFO -   - Temperature range: 14.0°C to 23.3°C
2026-08-24 22:06:44,650 - root - INFO -   - Average temperature: 19.2°C
2026-08-24 22:06:44,650 - root - INFO -   - Average humidity: 54%
2026-08-24 22:06:44,650 - root - INFO -   - Average wind speed: 2.4 m/s
2026-08-24 22:06:44,650 - root - INFO -   - Stations with precipitation: 3 (0.2%)
2026-08-24 22:06:44,650 - root - INFO - 
Weather Conditions Distribution:
2026-08-24 22:06:44,651 - root - INFO -   - Clouds: 660 (54.8%)
2026-08-24 22:06:44,651 - root - INFO -   - Clear: 542 (45.0%)
2026-08-24 22:06:44,651 - root - INFO -   - Rain: 3 (0.2%)
2026-08-24 22:06:44,651 - root - INFO - ============================================================

2026-08-24 22:06:44,651 - __main__ - INFO - Current weather collection completed successfully!
