2026-09-22 18:36:20,037 - __main__ - INFO - ============================================================
2026-09-22 18:36:20,037 - __main__ - INFO - CURRENT WEATHER COLLECTION STARTED
2026-09-22 18:36:20,038 - __main__ - INFO - ============================================================
2026-09-22 18:36:20,038 - __main__ - INFO - Collection time: 2026-09-22 18:36:20
2026-09-22 18:36:20,038 - __main__ - INFO - ============================================================

2026-09-22 18:36:20,038 - root - INFO - Starting current weather collection...
2026-09-22 18:36:20,046 - root - INFO - Loaded 1205 unique station coordinates from GTFS
2026-09-22 18:36:20,046 - root - INFO - Collecting weather for 1205 unique stations...
2026-09-22 18:36:20,047 - root - INFO - [1/1205] Fetching weather for Búcsúszentlászló...
2026-09-22 18:36:20,175 - root - INFO - Fetched weather for Búcsúszentlászló: 14.8°C, Clear, humidity: 54%
2026-09-22 18:36:21,276 - root - INFO - [2/1205] Fetching weather for Angyalföld...
2026-09-22 18:36:21,427 - root - INFO - Fetched weather for Angyalföld: 13.3°C, Clear, humidity: 67%
2026-09-22 18:36:22,528 - root - INFO - [3/1205] Fetching weather for Felsőjánosfa...
2026-09-22 18:36:22,656 - root - INFO - Fetched weather for Felsőjánosfa: 13.8°C, Clear, humidity: 55%
2026-09-22 18:36:23,757 - root - INFO - [4/1205] Fetching weather for Pankasz...
2026-09-22 18:36:23,871 - root - INFO - Fetched weather for Pankasz: 13.5°C, Clear, humidity: 56%
2026-09-22 18:36:24,972 - root - INFO - [5/1205] Fetching weather for Nagyrákos...
2026-09-22 18:36:25,090 - root - INFO - Fetched weather for Nagyrákos: 13.4°C, Clear, humidity: 56%
2026-09-22 18:36:26,191 - root - INFO - [6/1205] Fetching weather for Őriszentpéter...
2026-09-22 18:36:26,297 - root - INFO - Fetched weather for Őriszentpéter: 13.5°C, Clear, humidity: 56%
2026-09-22 18:36:27,398 - root - INFO - [7/1205] Fetching weather for Törökbálint...
2026-09-22 18:36:27,552 - root - INFO - Fetched weather for Törökbálint: 12.7°C, Clear, humidity: 68%
2026-09-22 18:36:28,654 - root - INFO - [8/1205] Fetching weather for Bicske alsó...
2026-09-22 18:36:28,780 - root - INFO - Fetched weather for Bicske alsó: 12.5°C, Clear, humidity: 67%
2026-09-22 18:36:29,881 - root - INFO - [9/1205] Fetching weather for Bajánsenye...
2026-09-22 18:36:29,999 - root - INFO - Fetched weather for Bajánsenye: 13.6°C, Clear, humidity: 57%
2026-09-22 18:36:31,100 - root - INFO - [10/1205] Fetching weather for Aquincum...
2026-09-22 18:36:31,226 - root - INFO - Fetched weather for Aquincum: 13.2°C, Clear, humidity: 68%
2026-09-22 18:36:32,328 - root - INFO - [11/1205] Fetching weather for Piliscsév...
2026-09-22 18:36:32,432 - root - INFO - Fetched weather for Piliscsév: 12.6°C, Clear, humidity: 74%
2026-09-22 18:36:33,533 - root - INFO - [12/1205] Fetching weather for Tát...
2026-09-22 18:36:33,687 - root - INFO - Fetched weather for Tát: 13.5°C, Clouds, humidity: 73%
2026-09-22 18:36:34,788 - root - INFO - [13/1205] Fetching weather for Süttő felső...
2026-09-22 18:36:34,919 - root - INFO - Fetched weather for Süttő felső: 13.5°C, Clouds, humidity: 71%
2026-09-22 18:36:36,020 - root - INFO - [14/1205] Fetching weather for Budatétény...
2026-09-22 18:36:36,134 - root - INFO - Fetched weather for Budatétény: 13.4°C, Clear, humidity: 66%
2026-09-22 18:36:37,235 - root - INFO - [15/1205] Fetching weather for Seregélyes-Szőlőhegy...
2026-09-22 18:36:37,347 - root - INFO - Fetched weather for Seregélyes-Szőlőhegy: 13.1°C, Clear, humidity: 65%
2026-09-22 18:36:38,448 - root - INFO - [16/1205] Fetching weather for Gödöllő-Állami telepek...
2026-09-22 18:36:38,556 - root - INFO - Fetched weather for Gödöllő-Állami telepek: 13.0°C, Clear, humidity: 67%
2026-09-22 18:36:39,657 - root - INFO - [17/1205] Fetching weather for Dunakeszi alsó...
2026-09-22 18:36:39,810 - root - INFO - Fetched weather for Dunakeszi alsó: 13.1°C, Clear, humidity: 68%
2026-09-22 18:36:40,911 - root - INFO - [18/1205] Fetching weather for Vác-Alsóváros...
2026-09-22 18:36:41,054 - root - INFO - Fetched weather for Vác-Alsóváros: 12.8°C, Clear, humidity: 68%
2026-09-22 18:36:42,155 - root - INFO - [19/1205] Fetching weather for Szob alsó...
2026-09-22 18:36:42,280 - root - INFO - Fetched weather for Szob alsó: 13.5°C, Clouds, humidity: 73%
2026-09-22 18:36:43,381 - root - INFO - [20/1205] Fetching weather for Zalaszentmihály-Pacsa...
2026-09-22 18:36:43,502 - root - INFO - Fetched weather for Zalaszentmihály-Pacsa: 14.8°C, Clear, humidity: 47%
2026-09-22 18:36:44,604 - root - INFO - [21/1205] Fetching weather for Pötréte...
2026-09-22 18:36:44,707 - root - INFO - Fetched weather for Pötréte: 14.8°C, Clear, humidity: 47%
2026-09-22 18:36:45,809 - root - INFO - [22/1205] Fetching weather for Felsőrajk...
2026-09-22 18:36:45,981 - root - INFO - Fetched weather for Felsőrajk: 14.8°C, Clear, humidity: 47%
2026-09-22 18:36:47,082 - root - INFO - [23/1205] Fetching weather for Gelse...
2026-09-22 18:36:47,216 - root - INFO - Fetched weather for Gelse: 14.8°C, Clear, humidity: 47%
2026-09-22 18:36:48,317 - root - INFO - [24/1205] Fetching weather for Őrtilos...
2026-09-22 18:36:48,441 - root - INFO - Fetched weather for Őrtilos: 14.2°C, Clear, humidity: 53%
2026-09-22 18:36:49,542 - root - INFO - [25/1205] Fetching weather for Zákány...
2026-09-22 18:36:49,663 - root - INFO - Fetched weather for Zákány: 13.9°C, Clear, humidity: 54%
2026-09-22 18:36:50,764 - root - INFO - [26/1205] Fetching weather for Berzence...
2026-09-22 18:36:50,869 - root - INFO - Fetched weather for Berzence: 14.1°C, Clear, humidity: 56%
2026-09-22 18:36:51,970 - root - INFO - [27/1205] Fetching weather for Somogyudvarhely...
2026-09-22 18:36:52,140 - root - INFO - Fetched weather for Somogyudvarhely: 14.0°C, Clear, humidity: 56%
2026-09-22 18:36:53,241 - root - INFO - [28/1205] Fetching weather for Bélavár...
2026-09-22 18:36:53,390 - root - INFO - Fetched weather for Bélavár: 14.1°C, Clear, humidity: 56%
2026-09-22 18:36:54,491 - root - INFO - [29/1205] Fetching weather for Vízvár...
2026-09-22 18:36:54,605 - root - INFO - Fetched weather for Vízvár: 13.9°C, Clear, humidity: 57%
2026-09-22 18:36:55,706 - root - INFO - [30/1205] Fetching weather for Babócsa...
2026-09-22 18:36:55,819 - root - INFO - Fetched weather for Babócsa: 13.9°C, Clear, humidity: 57%
2026-09-22 18:36:56,921 - root - INFO - [31/1205] Fetching weather for Péterhida-Komlósd...
2026-09-22 18:36:57,032 - root - INFO - Fetched weather for Péterhida-Komlósd: 14.0°C, Clear, humidity: 58%
2026-09-22 18:36:58,134 - root - INFO - [32/1205] Fetching weather for Barcs...
2026-09-22 18:36:58,296 - root - INFO - Fetched weather for Barcs: 13.9°C, Clear, humidity: 58%
2026-09-22 18:36:59,397 - root - INFO - [33/1205] Fetching weather for Barcs felső...
2026-09-22 18:36:59,530 - root - INFO - Fetched weather for Barcs felső: 13.9°C, Clear, humidity: 58%
2026-09-22 18:37:00,632 - root - INFO - [34/1205] Fetching weather for Középrigóc...
2026-09-22 18:37:00,748 - root - INFO - Fetched weather for Középrigóc: 13.8°C, Clear, humidity: 58%
2026-09-22 18:37:01,849 - root - INFO - [35/1205] Fetching weather for Darány...
2026-09-22 18:37:01,976 - root - INFO - Fetched weather for Darány: 13.8°C, Clear, humidity: 57%
2026-09-22 18:37:03,078 - root - INFO - [36/1205] Fetching weather for Kisdobsza...
2026-09-22 18:37:03,187 - root - INFO - Fetched weather for Kisdobsza: 13.8°C, Clear, humidity: 58%
2026-09-22 18:37:04,288 - root - INFO - [37/1205] Fetching weather for Nemeske...
2026-09-22 18:37:04,438 - root - INFO - Fetched weather for Nemeske: 13.9°C, Clear, humidity: 58%
2026-09-22 18:37:05,540 - root - INFO - [38/1205] Fetching weather for Molvány...
2026-09-22 18:37:05,667 - root - INFO - Fetched weather for Molvány: 13.8°C, Clear, humidity: 59%
2026-09-22 18:37:06,768 - root - INFO - [39/1205] Fetching weather for Szigetvár...
2026-09-22 18:37:06,882 - root - INFO - Fetched weather for Szigetvár: 13.8°C, Clear, humidity: 59%
2026-09-22 18:37:07,984 - root - INFO - [40/1205] Fetching weather for Nagypeterd...
2026-09-22 18:37:08,104 - root - INFO - Fetched weather for Nagypeterd: 13.5°C, Clear, humidity: 60%
2026-09-22 18:37:09,206 - root - INFO - [41/1205] Fetching weather for Szentdénes...
2026-09-22 18:37:09,310 - root - INFO - Fetched weather for Szentdénes: 13.5°C, Clear, humidity: 61%
2026-09-22 18:37:10,412 - root - INFO - [42/1205] Fetching weather for Háros...
2026-09-22 18:37:10,563 - root - INFO - Fetched weather for Háros: 13.4°C, Clear, humidity: 66%
2026-09-22 18:37:11,665 - root - INFO - [43/1205] Fetching weather for Nagytétény-Diósd...
2026-09-22 18:37:11,800 - root - INFO - Fetched weather for Nagytétény-Diósd: 13.3°C, Clear, humidity: 67%
2026-09-22 18:37:12,901 - root - INFO - [44/1205] Fetching weather for Érdliget...
2026-09-22 18:37:13,014 - root - INFO - Fetched weather for Érdliget: 13.1°C, Clear, humidity: 67%
2026-09-22 18:37:14,115 - root - INFO - [45/1205] Fetching weather for Érd felső...
2026-09-22 18:37:14,233 - root - INFO - Fetched weather for Érd felső: 13.0°C, Clear, humidity: 67%
2026-09-22 18:37:15,335 - root - INFO - [46/1205] Fetching weather for Érd...
2026-09-22 18:37:15,439 - root - INFO - Fetched weather for Érd: 12.9°C, Clear, humidity: 67%
2026-09-22 18:37:16,541 - root - INFO - [47/1205] Fetching weather for Százhalombatta...
2026-09-22 18:37:16,698 - root - INFO - Fetched weather for Százhalombatta: 12.9°C, Clear, humidity: 67%
2026-09-22 18:37:17,799 - root - INFO - [48/1205] Fetching weather for Dunai Finomító...
2026-09-22 18:37:17,931 - root - INFO - Fetched weather for Dunai Finomító: 12.7°C, Clear, humidity: 66%
2026-09-22 18:37:19,032 - root - INFO - [49/1205] Fetching weather for Ercsi...
2026-09-22 18:37:19,148 - root - INFO - Fetched weather for Ercsi: 12.9°C, Clear, humidity: 65%
2026-09-22 18:37:20,249 - root - INFO - [50/1205] Fetching weather for Iváncsa...
2026-09-22 18:37:20,372 - root - INFO - Fetched weather for Iváncsa: 12.8°C, Clear, humidity: 65%
2026-09-22 18:37:21,473 - root - INFO - [51/1205] Fetching weather for Pusztaszabolcs...
2026-09-22 18:37:21,585 - root - INFO - Fetched weather for Pusztaszabolcs: 12.9°C, Clear, humidity: 65%
2026-09-22 18:37:22,686 - root - INFO - [52/1205] Fetching weather for Szabadegyháza...
2026-09-22 18:37:22,837 - root - INFO - Fetched weather for Szabadegyháza: 13.0°C, Clear, humidity: 65%
2026-09-22 18:37:23,939 - root - INFO - [53/1205] Fetching weather for Sárosd...
2026-09-22 18:37:24,072 - root - INFO - Fetched weather for Sárosd: 13.1°C, Clear, humidity: 65%
2026-09-22 18:37:25,173 - root - INFO - [54/1205] Fetching weather for Nagylók...
2026-09-22 18:37:25,294 - root - INFO - Fetched weather for Nagylók: 13.0°C, Clear, humidity: 64%
2026-09-22 18:37:26,396 - root - INFO - [55/1205] Fetching weather for Sárbogárd...
2026-09-22 18:37:26,521 - root - INFO - Fetched weather for Sárbogárd: 13.2°C, Clear, humidity: 65%
2026-09-22 18:37:27,623 - root - INFO - [56/1205] Fetching weather for Rétszilas...
2026-09-22 18:37:27,733 - root - INFO - Fetched weather for Rétszilas: 13.3°C, Clear, humidity: 67%
2026-09-22 18:37:28,835 - root - INFO - [57/1205] Fetching weather for Nagyatád...
2026-09-22 18:37:28,992 - root - INFO - Fetched weather for Nagyatád: 14.0°C, Clear, humidity: 56%
2026-09-22 18:37:30,094 - root - INFO - [58/1205] Fetching weather for Budapest-Keleti...
2026-09-22 18:37:30,220 - root - INFO - Fetched weather for Budapest-Keleti: 13.4°C, Clear, humidity: 67%
2026-09-22 18:37:31,322 - root - INFO - [59/1205] Fetching weather for Ferencváros...
2026-09-22 18:37:31,455 - root - INFO - Fetched weather for Ferencváros: 13.4°C, Clear, humidity: 66%
2026-09-22 18:37:32,557 - root - INFO - [60/1205] Fetching weather for Budapest-Nyugati...
2026-09-22 18:37:32,680 - root - INFO - Fetched weather for Budapest-Nyugati: 13.3°C, Clear, humidity: 67%
2026-09-22 18:37:33,781 - root - INFO - [61/1205] Fetching weather for Kőbánya felső...
2026-09-22 18:37:33,889 - root - INFO - Fetched weather for Kőbánya felső: 13.4°C, Clear, humidity: 65%
2026-09-22 18:37:34,990 - root - INFO - [62/1205] Fetching weather for Rákos...
2026-09-22 18:37:35,142 - root - INFO - Fetched weather for Rákos: 13.4°C, Clear, humidity: 65%
2026-09-22 18:37:36,244 - root - INFO - [63/1205] Fetching weather for Rákosrendező...
2026-09-22 18:37:36,369 - root - INFO - Fetched weather for Rákosrendező: 13.3°C, Clear, humidity: 67%
2026-09-22 18:37:37,471 - root - INFO - [64/1205] Fetching weather for Zugló...
2026-09-22 18:37:37,585 - root - INFO - Fetched weather for Zugló: 13.4°C, Clear, humidity: 67%
2026-09-22 18:37:38,687 - root - INFO - [65/1205] Fetching weather for Mezőtárkány...
2026-09-22 18:37:38,805 - root - INFO - Fetched weather for Mezőtárkány: 12.1°C, Clouds, humidity: 80%
2026-09-22 18:37:39,907 - root - INFO - [66/1205] Fetching weather for Istvántelek...
2026-09-22 18:37:40,012 - root - INFO - Fetched weather for Istvántelek: 13.3°C, Clear, humidity: 67%
2026-09-22 18:37:41,113 - root - INFO - [67/1205] Fetching weather for Rákospalota-Újpest...
2026-09-22 18:37:41,265 - root - INFO - Fetched weather for Rákospalota-Újpest: 13.2°C, Clear, humidity: 67%
2026-09-22 18:37:42,367 - root - INFO - [68/1205] Fetching weather for Kőbánya alsó...
2026-09-22 18:37:42,520 - root - INFO - Fetched weather for Kőbánya alsó: 13.5°C, Clear, humidity: 65%
2026-09-22 18:37:43,622 - root - INFO - [69/1205] Fetching weather for Kőbánya-Kispest...
2026-09-22 18:37:43,751 - root - INFO - Fetched weather for Kőbánya-Kispest: 13.6°C, Clear, humidity: 65%
2026-09-22 18:37:44,853 - root - INFO - [70/1205] Fetching weather for Pestszentlőrinc...
2026-09-22 18:37:44,971 - root - INFO - Fetched weather for Pestszentlőrinc: 13.6°C, Clear, humidity: 65%
2026-09-22 18:37:46,073 - root - INFO - [71/1205] Fetching weather for Kispest...
2026-09-22 18:37:46,178 - root - INFO - Fetched weather for Kispest: 13.6°C, Clear, humidity: 64%
2026-09-22 18:37:47,279 - root - INFO - [72/1205] Fetching weather for Újpest...
2026-09-22 18:37:47,433 - root - INFO - Fetched weather for Újpest: 13.2°C, Clear, humidity: 67%
2026-09-22 18:37:48,534 - root - INFO - [73/1205] Fetching weather for Pestszentimre felső...
2026-09-22 18:37:48,687 - root - INFO - Fetched weather for Pestszentimre felső: 13.7°C, Clear, humidity: 64%
2026-09-22 18:37:49,789 - root - INFO - [74/1205] Fetching weather for Dunakeszi...
2026-09-22 18:37:49,927 - root - INFO - Fetched weather for Dunakeszi: 13.0°C, Clear, humidity: 68%
2026-09-22 18:37:51,029 - root - INFO - [75/1205] Fetching weather for Dunakeszi-Gyártelep...
2026-09-22 18:37:51,149 - root - INFO - Fetched weather for Dunakeszi-Gyártelep: 13.0°C, Clear, humidity: 68%
2026-09-22 18:37:52,250 - root - INFO - [76/1205] Fetching weather for Alsógöd...
2026-09-22 18:37:52,361 - root - INFO - Fetched weather for Alsógöd: 12.9°C, Clear, humidity: 68%
2026-09-22 18:37:53,463 - root - INFO - [77/1205] Fetching weather for Göd...
2026-09-22 18:37:53,623 - root - INFO - Fetched weather for Göd: 12.9°C, Clear, humidity: 68%
2026-09-22 18:37:54,724 - root - INFO - [78/1205] Fetching weather for Felsőgöd...
2026-09-22 18:37:54,875 - root - INFO - Fetched weather for Felsőgöd: 12.9°C, Clear, humidity: 68%
2026-09-22 18:37:55,977 - root - INFO - [79/1205] Fetching weather for Sződ-Sződliget...
2026-09-22 18:37:56,091 - root - INFO - Fetched weather for Sződ-Sződliget: 12.8°C, Clear, humidity: 68%
2026-09-22 18:37:57,192 - root - INFO - [80/1205] Fetching weather for Vác...
2026-09-22 18:37:57,309 - root - INFO - Fetched weather for Vác: 12.8°C, Clear, humidity: 68%
2026-09-22 18:37:58,410 - root - INFO - [81/1205] Fetching weather for Verőce...
2026-09-22 18:37:58,520 - root - INFO - Fetched weather for Verőce: 12.9°C, Clear, humidity: 72%
2026-09-22 18:37:59,622 - root - INFO - [82/1205] Fetching weather for Kismaros...
2026-09-22 18:37:59,750 - root - INFO - Fetched weather for Kismaros: 13.2°C, Clear, humidity: 72%
2026-09-22 18:38:00,851 - root - INFO - [83/1205] Fetching weather for Nagymaros-Visegrád...
2026-09-22 18:38:01,014 - root - INFO - Fetched weather for Nagymaros-Visegrád: 13.3°C, Clear, humidity: 73%
2026-09-22 18:38:02,115 - root - INFO - [84/1205] Fetching weather for Nagymaros...
2026-09-22 18:38:02,232 - root - INFO - Fetched weather for Nagymaros: 13.5°C, Clear, humidity: 73%
2026-09-22 18:38:03,333 - root - INFO - [85/1205] Fetching weather for Zebegény...
2026-09-22 18:38:03,452 - root - INFO - Fetched weather for Zebegény: 13.4°C, Clear, humidity: 73%
2026-09-22 18:38:04,553 - root - INFO - [86/1205] Fetching weather for Szob...
2026-09-22 18:38:04,660 - root - INFO - Fetched weather for Szob: 13.4°C, Clouds, humidity: 73%
2026-09-22 18:38:05,762 - root - INFO - [87/1205] Fetching weather for Alagimajor...
2026-09-22 18:38:05,902 - root - INFO - Fetched weather for Alagimajor: 13.1°C, Clear, humidity: 67%
2026-09-22 18:38:07,003 - root - INFO - [88/1205] Fetching weather for Fót...
2026-09-22 18:38:07,168 - root - INFO - Fetched weather for Fót: 12.8°C, Clear, humidity: 68%
2026-09-22 18:38:08,269 - root - INFO - [89/1205] Fetching weather for Fótújfalu...
2026-09-22 18:38:08,382 - root - INFO - Fetched weather for Fótújfalu: 12.7°C, Clear, humidity: 68%
2026-09-22 18:38:09,483 - root - INFO - [90/1205] Fetching weather for Csomád...
2026-09-22 18:38:09,614 - root - INFO - Fetched weather for Csomád: 12.4°C, Clear, humidity: 68%
2026-09-22 18:38:10,715 - root - INFO - [91/1205] Fetching weather for Veresegyház...
2026-09-22 18:38:10,819 - root - INFO - Fetched weather for Veresegyház: 12.5°C, Clear, humidity: 69%
2026-09-22 18:38:11,920 - root - INFO - [92/1205] Fetching weather for Erdőkertes...
2026-09-22 18:38:12,049 - root - INFO - Fetched weather for Erdőkertes: 12.5°C, Clear, humidity: 69%
2026-09-22 18:38:13,151 - root - INFO - [93/1205] Fetching weather for Őrbottyán...
2026-09-22 18:38:13,312 - root - INFO - Fetched weather for Őrbottyán: 12.4°C, Clear, humidity: 68%
2026-09-22 18:38:14,413 - root - INFO - [94/1205] Fetching weather for Váchartyán...
2026-09-22 18:38:14,531 - root - INFO - Fetched weather for Váchartyán: 12.7°C, Clear, humidity: 68%
2026-09-22 18:38:15,632 - root - INFO - [95/1205] Fetching weather for Magyarkút-Verőce...
2026-09-22 18:38:15,750 - root - INFO - Fetched weather for Magyarkút-Verőce: 13.0°C, Clear, humidity: 72%
2026-09-22 18:38:16,851 - root - INFO - [96/1205] Fetching weather for Szokolya...
2026-09-22 18:38:16,959 - root - INFO - Fetched weather for Szokolya: 12.6°C, Clear, humidity: 59%
2026-09-22 18:38:18,061 - root - INFO - [97/1205] Fetching weather for Berkenye...
2026-09-22 18:38:18,190 - root - INFO - Fetched weather for Berkenye: 12.2°C, Clear, humidity: 59%
2026-09-22 18:38:19,292 - root - INFO - [98/1205] Fetching weather for Nógrád...
2026-09-22 18:38:19,453 - root - INFO - Fetched weather for Nógrád: 12.1°C, Clear, humidity: 59%
2026-09-22 18:38:20,554 - root - INFO - [99/1205] Fetching weather for Diósjenő...
2026-09-22 18:38:20,668 - root - INFO - Fetched weather for Diósjenő: 12.1°C, Clouds, humidity: 59%
2026-09-22 18:38:21,769 - root - INFO - [100/1205] Fetching weather for Borsosberény...
2026-09-22 18:38:21,892 - root - INFO - Fetched weather for Borsosberény: 12.1°C, Clouds, humidity: 59%
2026-09-22 18:38:22,993 - root - INFO - [101/1205] Fetching weather for Nagyoroszi...
2026-09-22 18:38:23,111 - root - INFO - Fetched weather for Nagyoroszi: 12.1°C, Clouds, humidity: 59%
2026-09-22 18:38:24,212 - root - INFO - [102/1205] Fetching weather for Drégelyvár...
2026-09-22 18:38:24,339 - root - INFO - Fetched weather for Drégelyvár: 12.1°C, Clouds, humidity: 59%
2026-09-22 18:38:25,441 - root - INFO - [103/1205] Fetching weather for Drégely...
2026-09-22 18:38:25,596 - root - INFO - Fetched weather for Drégely: 12.5°C, Clouds, humidity: 59%
2026-09-22 18:38:26,697 - root - INFO - [104/1205] Fetching weather for Drégelypalánk...
2026-09-22 18:38:26,811 - root - INFO - Fetched weather for Drégelypalánk: 12.7°C, Clouds, humidity: 59%
2026-09-22 18:38:27,912 - root - INFO - [105/1205] Fetching weather for Ipolyvece...
2026-09-22 18:38:28,034 - root - INFO - Fetched weather for Ipolyvece: 12.7°C, Clouds, humidity: 59%
2026-09-22 18:38:29,135 - root - INFO - [106/1205] Fetching weather for Dejtár...
2026-09-22 18:38:29,247 - root - INFO - Fetched weather for Dejtár: 12.7°C, Clouds, humidity: 59%
2026-09-22 18:38:30,348 - root - INFO - [107/1205] Fetching weather for Ipolyszög...
2026-09-22 18:38:30,488 - root - INFO - Fetched weather for Ipolyszög: 12.6°C, Clouds, humidity: 59%
2026-09-22 18:38:31,589 - root - INFO - [108/1205] Fetching weather for Iklad-Domony...
2026-09-22 18:38:31,746 - root - INFO - Fetched weather for Iklad-Domony: 13.1°C, Clear, humidity: 69%
2026-09-22 18:38:32,847 - root - INFO - [109/1205] Fetching weather for Iklad-Domony felső...
2026-09-22 18:38:32,969 - root - INFO - Fetched weather for Iklad-Domony felső: 13.0°C, Clear, humidity: 69%
2026-09-22 18:38:34,070 - root - INFO - [110/1205] Fetching weather for Galgamácsa...
2026-09-22 18:38:34,192 - root - INFO - Fetched weather for Galgamácsa: 12.8°C, Clear, humidity: 69%
2026-09-22 18:38:35,293 - root - INFO - [111/1205] Fetching weather for Vácrátót...
2026-09-22 18:38:35,404 - root - INFO - Fetched weather for Vácrátót: 12.6°C, Clear, humidity: 68%
2026-09-22 18:38:36,506 - root - INFO - [112/1205] Fetching weather for Csörög...
2026-09-22 18:38:36,639 - root - INFO - Fetched weather for Csörög: 12.6°C, Clear, humidity: 68%
2026-09-22 18:38:37,741 - root - INFO - [113/1205] Fetching weather for Galgagyörk...
2026-09-22 18:38:37,905 - root - INFO - Fetched weather for Galgagyörk: 12.6°C, Clear, humidity: 68%
2026-09-22 18:38:39,007 - root - INFO - [114/1205] Fetching weather for Püspökhatvan...
2026-09-22 18:38:39,128 - root - INFO - Fetched weather for Püspökhatvan: 12.5°C, Clear, humidity: 68%
2026-09-22 18:38:40,229 - root - INFO - [115/1205] Fetching weather for Acsa-Erdőkürt...
2026-09-22 18:38:40,354 - root - INFO - Fetched weather for Acsa-Erdőkürt: 12.4°C, Clear, humidity: 68%
2026-09-22 18:38:41,456 - root - INFO - [116/1205] Fetching weather for Galgaguta...
2026-09-22 18:38:41,567 - root - INFO - Fetched weather for Galgaguta: 12.4°C, Clear, humidity: 69%
2026-09-22 18:38:42,669 - root - INFO - [117/1205] Fetching weather for Nógrádkövesd...
2026-09-22 18:38:42,806 - root - INFO - Fetched weather for Nógrádkövesd: 12.3°C, Clear, humidity: 59%
2026-09-22 18:38:43,907 - root - INFO - [118/1205] Fetching weather for Magyarnándor...
2026-09-22 18:38:44,062 - root - INFO - Fetched weather for Magyarnándor: 12.3°C, Clouds, humidity: 59%
2026-09-22 18:38:45,163 - root - INFO - [119/1205] Fetching weather for Mohora...
2026-09-22 18:38:45,282 - root - INFO - Fetched weather for Mohora: 12.5°C, Clouds, humidity: 59%
2026-09-22 18:38:46,383 - root - INFO - [120/1205] Fetching weather for Szügy...
2026-09-22 18:38:46,501 - root - INFO - Fetched weather for Szügy: 12.6°C, Clouds, humidity: 59%
2026-09-22 18:38:47,602 - root - INFO - [121/1205] Fetching weather for Balassagyarmat...
2026-09-22 18:38:47,706 - root - INFO - Fetched weather for Balassagyarmat: 12.6°C, Clouds, humidity: 59%
2026-09-22 18:38:48,807 - root - INFO - [122/1205] Fetching weather for Őrhalom...
2026-09-22 18:38:48,936 - root - INFO - Fetched weather for Őrhalom: 12.7°C, Clouds, humidity: 59%
2026-09-22 18:38:50,037 - root - INFO - [123/1205] Fetching weather for Hugyag...
2026-09-22 18:38:50,201 - root - INFO - Fetched weather for Hugyag: 12.7°C, Clouds, humidity: 59%
2026-09-22 18:38:51,302 - root - INFO - [124/1205] Fetching weather for Szécsény...
2026-09-22 18:38:51,428 - root - INFO - Fetched weather for Szécsény: 12.6°C, Clouds, humidity: 70%
2026-09-22 18:38:52,529 - root - INFO - [125/1205] Fetching weather for Ludányhalászi...
2026-09-22 18:38:52,655 - root - INFO - Fetched weather for Ludányhalászi: 12.6°C, Clouds, humidity: 69%
2026-09-22 18:38:53,756 - root - INFO - [126/1205] Fetching weather for Nógrádszakál...
2026-09-22 18:38:53,866 - root - INFO - Fetched weather for Nógrádszakál: 12.0°C, Clouds, humidity: 69%
2026-09-22 18:38:54,967 - root - INFO - [127/1205] Fetching weather for Ráróspuszta...
2026-09-22 18:38:55,106 - root - INFO - Fetched weather for Ráróspuszta: 11.4°C, Clouds, humidity: 70%
2026-09-22 18:38:56,208 - root - INFO - [128/1205] Fetching weather for Litke...
2026-09-22 18:38:56,368 - root - INFO - Fetched weather for Litke: 11.9°C, Clouds, humidity: 71%
2026-09-22 18:38:57,469 - root - INFO - [129/1205] Fetching weather for Nyíregyháza külső...
2026-09-22 18:38:57,596 - root - INFO - Fetched weather for Nyíregyháza külső: 11.1°C, Clouds, humidity: 82%
2026-09-22 18:38:58,697 - root - INFO - [130/1205] Fetching weather for Oros...
2026-09-22 18:38:58,815 - root - INFO - Fetched weather for Oros: 11.1°C, Clouds, humidity: 83%
2026-09-22 18:38:59,916 - root - INFO - [131/1205] Fetching weather for Napkor...
2026-09-22 18:39:00,033 - root - INFO - Fetched weather for Napkor: 11.0°C, Clouds, humidity: 83%
2026-09-22 18:39:01,134 - root - INFO - [132/1205] Fetching weather for Apagy...
2026-09-22 18:39:01,271 - root - INFO - Fetched weather for Apagy: 10.9°C, Clouds, humidity: 84%
2026-09-22 18:39:02,373 - root - INFO - [133/1205] Fetching weather for Levelek-Magy...
2026-09-22 18:39:02,525 - root - INFO - Fetched weather for Levelek-Magy: 10.8°C, Clouds, humidity: 85%
2026-09-22 18:39:03,626 - root - INFO - [134/1205] Fetching weather for Ófehértó...
2026-09-22 18:39:03,743 - root - INFO - Fetched weather for Ófehértó: 10.7°C, Clouds, humidity: 85%
2026-09-22 18:39:04,845 - root - INFO - [135/1205] Fetching weather for Ligettanya...
2026-09-22 18:39:04,966 - root - INFO - Fetched weather for Ligettanya: 10.7°C, Clouds, humidity: 85%
2026-09-22 18:39:06,068 - root - INFO - [136/1205] Fetching weather for Baktalórántháza...
2026-09-22 18:39:06,178 - root - INFO - Fetched weather for Baktalórántháza: 10.7°C, Clouds, humidity: 85%
2026-09-22 18:39:07,280 - root - INFO - [137/1205] Fetching weather for Vaja-Rohod...
2026-09-22 18:39:07,413 - root - INFO - Fetched weather for Vaja-Rohod: 10.7°C, Clouds, humidity: 85%
2026-09-22 18:39:08,514 - root - INFO - [138/1205] Fetching weather for Rákóczitanya...
2026-09-22 18:39:08,674 - root - INFO - Fetched weather for Rákóczitanya: 10.6°C, Clouds, humidity: 85%
2026-09-22 18:39:09,775 - root - INFO - [139/1205] Fetching weather for Nyírmada...
2026-09-22 18:39:09,904 - root - INFO - Fetched weather for Nyírmada: 10.7°C, Clouds, humidity: 84%
2026-09-22 18:39:11,005 - root - INFO - [140/1205] Fetching weather for Tunyogmatolcs...
2026-09-22 18:39:11,123 - root - INFO - Fetched weather for Tunyogmatolcs: 10.9°C, Clouds, humidity: 82%
2026-09-22 18:39:12,224 - root - INFO - [141/1205] Fetching weather for Tunyogmatolcs alsó...
2026-09-22 18:39:12,329 - root - INFO - Fetched weather for Tunyogmatolcs alsó: 10.9°C, Clouds, humidity: 82%
2026-09-22 18:39:13,430 - root - INFO - [142/1205] Fetching weather for Fehérgyarmat...
2026-09-22 18:39:13,559 - root - INFO - Fetched weather for Fehérgyarmat: 11.0°C, Clouds, humidity: 81%
2026-09-22 18:39:14,660 - root - INFO - [143/1205] Fetching weather for Penyige...
2026-09-22 18:39:14,814 - root - INFO - Fetched weather for Penyige: 11.0°C, Clouds, humidity: 81%
2026-09-22 18:39:15,916 - root - INFO - [144/1205] Fetching weather for Nagyszekeres...
2026-09-22 18:39:16,044 - root - INFO - Fetched weather for Nagyszekeres: 10.9°C, Clouds, humidity: 81%
2026-09-22 18:39:17,146 - root - INFO - [145/1205] Fetching weather for Kisszekeres...
2026-09-22 18:39:17,268 - root - INFO - Fetched weather for Kisszekeres: 10.9°C, Clouds, humidity: 81%
2026-09-22 18:39:18,369 - root - INFO - [146/1205] Fetching weather for Jánkmajtis...
2026-09-22 18:39:18,476 - root - INFO - Fetched weather for Jánkmajtis: 10.8°C, Clouds, humidity: 81%
2026-09-22 18:39:19,578 - root - INFO - [147/1205] Fetching weather for Gacsály...
2026-09-22 18:39:19,725 - root - INFO - Fetched weather for Gacsály: 10.0°C, Clouds, humidity: 81%
2026-09-22 18:39:20,827 - root - INFO - [148/1205] Fetching weather for Zajta...
2026-09-22 18:39:20,980 - root - INFO - Fetched weather for Zajta: 10.0°C, Clouds, humidity: 81%
2026-09-22 18:39:22,082 - root - INFO - [149/1205] Fetching weather for Eperjeske alsó...
2026-09-22 18:39:22,213 - root - INFO - Fetched weather for Eperjeske alsó: 11.4°C, Clouds, humidity: 81%
2026-09-22 18:39:23,314 - root - INFO - [150/1205] Fetching weather for Mándok...
2026-09-22 18:39:23,436 - root - INFO - Fetched weather for Mándok: 11.3°C, Clouds, humidity: 81%
2026-09-22 18:39:24,538 - root - INFO - [151/1205] Fetching weather for Tornyospálca...
2026-09-22 18:39:24,648 - root - INFO - Fetched weather for Tornyospálca: 11.2°C, Clouds, humidity: 81%
2026-09-22 18:39:25,749 - root - INFO - [152/1205] Fetching weather for Aranyosapáti...
2026-09-22 18:39:25,878 - root - INFO - Fetched weather for Aranyosapáti: 11.2°C, Clouds, humidity: 81%
2026-09-22 18:39:26,979 - root - INFO - [153/1205] Fetching weather for Gyüre...
2026-09-22 18:39:27,133 - root - INFO - Fetched weather for Gyüre: 11.1°C, Clouds, humidity: 81%
2026-09-22 18:39:28,235 - root - INFO - [154/1205] Fetching weather for Varsány...
2026-09-22 18:39:28,369 - root - INFO - Fetched weather for Varsány: 11.0°C, Clouds, humidity: 81%
2026-09-22 18:39:29,471 - root - INFO - [155/1205] Fetching weather for Vásárosnamény...
2026-09-22 18:39:29,592 - root - INFO - Fetched weather for Vásárosnamény: 11.0°C, Clouds, humidity: 82%
2026-09-22 18:39:30,694 - root - INFO - [156/1205] Fetching weather for Vitka...
2026-09-22 18:39:30,799 - root - INFO - Fetched weather for Vitka: 10.9°C, Clouds, humidity: 82%
2026-09-22 18:39:31,901 - root - INFO - [157/1205] Fetching weather for Nagydobos...
2026-09-22 18:39:32,033 - root - INFO - Fetched weather for Nagydobos: 10.8°C, Clouds, humidity: 83%
2026-09-22 18:39:33,134 - root - INFO - [158/1205] Fetching weather for Ópályi...
2026-09-22 18:39:33,287 - root - INFO - Fetched weather for Ópályi: 10.8°C, Clouds, humidity: 83%
2026-09-22 18:39:34,389 - root - INFO - [159/1205] Fetching weather for Nyírcsaholy...
2026-09-22 18:39:34,517 - root - INFO - Fetched weather for Nyírcsaholy: 10.8°C, Clouds, humidity: 84%
2026-09-22 18:39:35,618 - root - INFO - [160/1205] Fetching weather for Nagyecsed...
2026-09-22 18:39:35,738 - root - INFO - Fetched weather for Nagyecsed: 10.8°C, Clouds, humidity: 84%
2026-09-22 18:39:36,840 - root - INFO - [161/1205] Fetching weather for Tiborszállás...
2026-09-22 18:39:36,949 - root - INFO - Fetched weather for Tiborszállás: 10.7°C, Clouds, humidity: 85%
2026-09-22 18:39:38,051 - root - INFO - [162/1205] Fetching weather for Kiskunhalas...
2026-09-22 18:39:38,184 - root - INFO - Fetched weather for Kiskunhalas: 12.7°C, Clear, humidity: 59%
2026-09-22 18:39:39,286 - root - INFO - [163/1205] Fetching weather for Kecskemét alsó...
2026-09-22 18:39:39,447 - root - INFO - Fetched weather for Kecskemét alsó: 12.0°C, Clear, humidity: 62%
2026-09-22 18:39:40,549 - root - INFO - [164/1205] Fetching weather for Putnok...
2026-09-22 18:39:40,683 - root - INFO - Fetched weather for Putnok: 11.7°C, Clouds, humidity: 85%
2026-09-22 18:39:41,784 - root - INFO - [165/1205] Fetching weather for Bánréve...
2026-09-22 18:39:41,902 - root - INFO - Fetched weather for Bánréve: 11.7°C, Clouds, humidity: 86%
2026-09-22 18:39:43,004 - root - INFO - [166/1205] Fetching weather for Ipolytarnóc...
2026-09-22 18:39:43,114 - root - INFO - Fetched weather for Ipolytarnóc: 11.8°C, Clouds, humidity: 72%
2026-09-22 18:39:44,215 - root - INFO - [167/1205] Fetching weather for Rákosliget...
2026-09-22 18:39:44,348 - root - INFO - Fetched weather for Rákosliget: 13.5°C, Clear, humidity: 65%
2026-09-22 18:39:45,450 - root - INFO - [168/1205] Fetching weather for Ikrény...
2026-09-22 18:39:45,626 - root - INFO - Fetched weather for Ikrény: 12.9°C, Clear, humidity: 73%
2026-09-22 18:39:46,728 - root - INFO - [169/1205] Fetching weather for Rábapatona...
2026-09-22 18:39:46,874 - root - INFO - Fetched weather for Rábapatona: 13.1°C, Clouds, humidity: 72%
2026-09-22 18:39:47,976 - root - INFO - [170/1205] Fetching weather for Enese...
2026-09-22 18:39:48,096 - root - INFO - Fetched weather for Enese: 13.2°C, Clouds, humidity: 72%
2026-09-22 18:39:49,198 - root - INFO - [171/1205] Fetching weather for Kóny...
2026-09-22 18:39:49,315 - root - INFO - Fetched weather for Kóny: 13.6°C, Clouds, humidity: 65%
2026-09-22 18:39:50,417 - root - INFO - [172/1205] Fetching weather for Farád...
2026-09-22 18:39:50,556 - root - INFO - Fetched weather for Farád: 13.6°C, Clouds, humidity: 61%
2026-09-22 18:39:51,657 - root - INFO - [173/1205] Fetching weather for Rábatamási...
2026-09-22 18:39:51,814 - root - INFO - Fetched weather for Rábatamási: 14.0°C, Clouds, humidity: 61%
2026-09-22 18:39:52,916 - root - INFO - [174/1205] Fetching weather for Szárföld...
2026-09-22 18:39:53,049 - root - INFO - Fetched weather for Szárföld: 14.1°C, Clouds, humidity: 61%
2026-09-22 18:39:54,151 - root - INFO - [175/1205] Fetching weather for Veszkény...
2026-09-22 18:39:54,281 - root - INFO - Fetched weather for Veszkény: 14.1°C, Clouds, humidity: 61%
2026-09-22 18:39:55,382 - root - INFO - [176/1205] Fetching weather for Kapuvár...
2026-09-22 18:39:55,488 - root - INFO - Fetched weather for Kapuvár: 14.1°C, Clouds, humidity: 61%
2026-09-22 18:39:56,589 - root - INFO - [177/1205] Fetching weather for Vitnyéd-Csermajor...
2026-09-22 18:39:56,721 - root - INFO - Fetched weather for Vitnyéd-Csermajor: 14.1°C, Clouds, humidity: 60%
2026-09-22 18:39:57,823 - root - INFO - [178/1205] Fetching weather for Petőháza...
2026-09-22 18:39:57,976 - root - INFO - Fetched weather for Petőháza: 14.1°C, Clouds, humidity: 60%
2026-09-22 18:39:59,077 - root - INFO - [179/1205] Fetching weather for Fertőszentmiklós...
2026-09-22 18:39:59,205 - root - INFO - Fetched weather for Fertőszentmiklós: 14.5°C, Clouds, humidity: 60%
2026-09-22 18:40:00,307 - root - INFO - [180/1205] Fetching weather for Pinnye...
2026-09-22 18:40:00,431 - root - INFO - Fetched weather for Pinnye: 14.4°C, Clear, humidity: 59%
2026-09-22 18:40:01,533 - root - INFO - [181/1205] Fetching weather for Fertőboz...
2026-09-22 18:40:01,639 - root - INFO - Fetched weather for Fertőboz: 14.2°C, Clear, humidity: 58%
2026-09-22 18:40:02,741 - root - INFO - [182/1205] Fetching weather for Sopron...
2026-09-22 18:40:02,873 - root - INFO - Fetched weather for Sopron: 14.6°C, Clear, humidity: 59%
2026-09-22 18:40:03,974 - root - INFO - [183/1205] Fetching weather for Fertőszéplak-Fertőd...
2026-09-22 18:40:04,133 - root - INFO - Fetched weather for Fertőszéplak-Fertőd: 14.5°C, Clouds, humidity: 60%
2026-09-22 18:40:05,234 - root - INFO - [184/1205] Fetching weather for Nyúl...
2026-09-22 18:40:05,388 - root - INFO - Fetched weather for Nyúl: 13.0°C, Clouds, humidity: 72%
2026-09-22 18:40:06,489 - root - INFO - [185/1205] Fetching weather for Pannonhalma...
2026-09-22 18:40:06,622 - root - INFO - Fetched weather for Pannonhalma: 13.0°C, Clouds, humidity: 71%
2026-09-22 18:40:07,724 - root - INFO - [186/1205] Fetching weather for Tarjánpuszta...
2026-09-22 18:40:07,830 - root - INFO - Fetched weather for Tarjánpuszta: 12.8°C, Clouds, humidity: 69%
2026-09-22 18:40:08,932 - root - INFO - [187/1205] Fetching weather for Győrasszonyfa...
2026-09-22 18:40:09,068 - root - INFO - Fetched weather for Győrasszonyfa: 12.8°C, Clouds, humidity: 69%
2026-09-22 18:40:10,169 - root - INFO - [188/1205] Fetching weather for Veszprémvarsány...
2026-09-22 18:40:10,323 - root - INFO - Fetched weather for Veszprémvarsány: 12.9°C, Clouds, humidity: 66%
2026-09-22 18:40:11,425 - root - INFO - [189/1205] Fetching weather for Bakonyszentlászló...
2026-09-22 18:40:11,552 - root - INFO - Fetched weather for Bakonyszentlászló: 12.6°C, Clouds, humidity: 66%
2026-09-22 18:40:12,653 - root - INFO - [190/1205] Fetching weather for Porva-Csesznek...
2026-09-22 18:40:12,778 - root - INFO - Fetched weather for Porva-Csesznek: 11.6°C, Clouds, humidity: 67%
2026-09-22 18:40:13,879 - root - INFO - [191/1205] Fetching weather for Zirc...
2026-09-22 18:40:13,985 - root - INFO - Fetched weather for Zirc: 11.9°C, Clouds, humidity: 67%
2026-09-22 18:40:15,086 - root - INFO - [192/1205] Fetching weather for Eplény...
2026-09-22 18:40:15,214 - root - INFO - Fetched weather for Eplény: 12.4°C, Clouds, humidity: 66%
2026-09-22 18:40:16,316 - root - INFO - [193/1205] Fetching weather for Marcaltő...
2026-09-22 18:40:16,473 - root - INFO - Fetched weather for Marcaltő: 13.2°C, Clear, humidity: 67%
2026-09-22 18:40:17,574 - root - INFO - [194/1205] Fetching weather for Szany-Rábaszentandrás...
2026-09-22 18:40:17,703 - root - INFO - Fetched weather for Szany-Rábaszentandrás: 13.2°C, Clear, humidity: 67%
2026-09-22 18:40:18,805 - root - INFO - [195/1205] Fetching weather for Egyed-Rábacsanak...
2026-09-22 18:40:18,925 - root - INFO - Fetched weather for Egyed-Rábacsanak: 13.4°C, Clouds, humidity: 65%
2026-09-22 18:40:20,027 - root - INFO - [196/1205] Fetching weather for Rábapordány...
2026-09-22 18:40:20,135 - root - INFO - Fetched weather for Rábapordány: 13.5°C, Clouds, humidity: 65%
2026-09-22 18:40:21,237 - root - INFO - [197/1205] Fetching weather for Albertfalva...
2026-09-22 18:40:21,367 - root - INFO - Fetched weather for Albertfalva: 13.4°C, Clear, humidity: 67%
2026-09-22 18:40:22,468 - root - INFO - [198/1205] Fetching weather for Budafok...
2026-09-22 18:40:22,625 - root - INFO - Fetched weather for Budafok: 13.4°C, Clear, humidity: 66%
2026-09-22 18:40:23,727 - root - INFO - [199/1205] Fetching weather for Tétényliget...
2026-09-22 18:40:23,859 - root - INFO - Fetched weather for Tétényliget: 13.2°C, Clear, humidity: 67%
2026-09-22 18:40:24,960 - root - INFO - [200/1205] Fetching weather for Érd alsó...
2026-09-22 18:40:25,072 - root - INFO - Fetched weather for Érd alsó: 13.0°C, Clear, humidity: 67%
2026-09-22 18:40:26,173 - root - INFO - [201/1205] Fetching weather for Tárnok...
2026-09-22 18:40:26,279 - root - INFO - Fetched weather for Tárnok: 13.0°C, Clear, humidity: 67%
2026-09-22 18:40:27,380 - root - INFO - [202/1205] Fetching weather for Martonvásár...
2026-09-22 18:40:27,509 - root - INFO - Fetched weather for Martonvásár: 12.8°C, Clear, humidity: 67%
2026-09-22 18:40:28,610 - root - INFO - [203/1205] Fetching weather for Baracska...
2026-09-22 18:40:28,763 - root - INFO - Fetched weather for Baracska: 12.9°C, Clear, humidity: 66%
2026-09-22 18:40:29,865 - root - INFO - [204/1205] Fetching weather for Pettend...
2026-09-22 18:40:29,996 - root - INFO - Fetched weather for Pettend: 13.1°C, Clear, humidity: 66%
2026-09-22 18:40:31,098 - root - INFO - [205/1205] Fetching weather for Kápolnásnyék...
2026-09-22 18:40:31,224 - root - INFO - Fetched weather for Kápolnásnyék: 13.2°C, Clear, humidity: 66%
2026-09-22 18:40:32,326 - root - INFO - [206/1205] Fetching weather for Velence...
2026-09-22 18:40:32,433 - root - INFO - Fetched weather for Velence: 13.2°C, Clear, humidity: 66%
2026-09-22 18:40:33,534 - root - INFO - [207/1205] Fetching weather for Velencefürdő...
2026-09-22 18:40:33,661 - root - INFO - Fetched weather for Velencefürdő: 13.0°C, Clear, humidity: 65%
2026-09-22 18:40:34,763 - root - INFO - [208/1205] Fetching weather for Gárdony...
2026-09-22 18:40:34,937 - root - INFO - Fetched weather for Gárdony: 13.1°C, Clear, humidity: 65%
2026-09-22 18:40:36,039 - root - INFO - [209/1205] Fetching weather for Agárd...
2026-09-22 18:40:36,168 - root - INFO - Fetched weather for Agárd: 13.1°C, Clear, humidity: 65%
2026-09-22 18:40:37,269 - root - INFO - [210/1205] Fetching weather for Dinnyés...
2026-09-22 18:40:37,394 - root - INFO - Fetched weather for Dinnyés: 13.1°C, Clear, humidity: 65%
2026-09-22 18:40:38,495 - root - INFO - [211/1205] Fetching weather for Székesfehérvár...
2026-09-22 18:40:38,616 - root - INFO - Fetched weather for Székesfehérvár: 13.2°C, Clear, humidity: 66%
2026-09-22 18:40:39,717 - root - INFO - [212/1205] Fetching weather for Szabadbattyán...
2026-09-22 18:40:39,877 - root - INFO - Fetched weather for Szabadbattyán: 13.3°C, Clear, humidity: 66%
2026-09-22 18:40:40,978 - root - INFO - [213/1205] Fetching weather for Kiscséripuszta...
2026-09-22 18:40:41,128 - root - INFO - Fetched weather for Kiscséripuszta: 13.1°C, Clear, humidity: 66%
2026-09-22 18:40:42,229 - root - INFO - [214/1205] Fetching weather for Lepsény...
2026-09-22 18:40:42,369 - root - INFO - Fetched weather for Lepsény: 13.5°C, Clear, humidity: 67%
2026-09-22 18:40:43,470 - root - INFO - [215/1205] Fetching weather for Balatonaliga...
2026-09-22 18:40:43,589 - root - INFO - Fetched weather for Balatonaliga: 13.5°C, Clear, humidity: 68%
2026-09-22 18:40:44,690 - root - INFO - [216/1205] Fetching weather for Balatonvilágos...
2026-09-22 18:40:44,798 - root - INFO - Fetched weather for Balatonvilágos: 13.9°C, Clear, humidity: 68%
2026-09-22 18:40:45,900 - root - INFO - [217/1205] Fetching weather for Szabadifürdő...
2026-09-22 18:40:46,031 - root - INFO - Fetched weather for Szabadifürdő: 14.0°C, Clear, humidity: 66%
2026-09-22 18:40:47,133 - root - INFO - [218/1205] Fetching weather for Ózd alsó...
2026-09-22 18:40:47,290 - root - INFO - Fetched weather for Ózd alsó: 11.5°C, Clouds, humidity: 87%
2026-09-22 18:40:48,391 - root - INFO - [219/1205] Fetching weather for Ózd...
2026-09-22 18:40:48,517 - root - INFO - Fetched weather for Ózd: 11.6°C, Clouds, humidity: 87%
2026-09-22 18:40:49,618 - root - INFO - [220/1205] Fetching weather for Alsóboldva...
2026-09-22 18:40:49,734 - root - INFO - Fetched weather for Alsóboldva: 11.3°C, Clouds, humidity: 100%
2026-09-22 18:40:50,835 - root - INFO - [221/1205] Fetching weather for Boldva...
2026-09-22 18:40:50,941 - root - INFO - Fetched weather for Boldva: 11.3°C, Clouds, humidity: 83%
2026-09-22 18:40:52,043 - root - INFO - [222/1205] Fetching weather for Borsodszirák...
2026-09-22 18:40:52,172 - root - INFO - Fetched weather for Borsodszirák: 11.3°C, Clouds, humidity: 84%
2026-09-22 18:40:53,274 - root - INFO - [223/1205] Fetching weather for Edelény alsó...
2026-09-22 18:40:53,433 - root - INFO - Fetched weather for Edelény alsó: 11.3°C, Clouds, humidity: 84%
2026-09-22 18:40:54,535 - root - INFO - [224/1205] Fetching weather for Edelény...
2026-09-22 18:40:54,666 - root - INFO - Fetched weather for Edelény: 11.3°C, Clouds, humidity: 84%
2026-09-22 18:40:55,767 - root - INFO - [225/1205] Fetching weather for Szendrőlád...
2026-09-22 18:40:55,890 - root - INFO - Fetched weather for Szendrőlád: 10.1°C, Clouds, humidity: 86%
2026-09-22 18:40:56,991 - root - INFO - [226/1205] Fetching weather for Szendrő...
2026-09-22 18:40:57,102 - root - INFO - Fetched weather for Szendrő: 11.1°C, Clouds, humidity: 86%
2026-09-22 18:40:58,204 - root - INFO - [227/1205] Fetching weather for Szendrő felső...
2026-09-22 18:40:58,331 - root - INFO - Fetched weather for Szendrő felső: 11.1°C, Clouds, humidity: 86%
2026-09-22 18:40:59,432 - root - INFO - [228/1205] Fetching weather for Szalonna...
2026-09-22 18:40:59,586 - root - INFO - Fetched weather for Szalonna: 11.2°C, Clouds, humidity: 86%
2026-09-22 18:41:00,687 - root - INFO - [229/1205] Fetching weather for Perkupa...
2026-09-22 18:41:00,819 - root - INFO - Fetched weather for Perkupa: 10.5°C, Clouds, humidity: 85%
2026-09-22 18:41:01,921 - root - INFO - [230/1205] Fetching weather for Szemeretelep...
2026-09-22 18:41:02,041 - root - INFO - Fetched weather for Szemeretelep: 13.6°C, Clear, humidity: 65%
2026-09-22 18:41:03,142 - root - INFO - [231/1205] Fetching weather for Jósvafő-Aggtelek...
2026-09-22 18:41:03,248 - root - INFO - Fetched weather for Jósvafő-Aggtelek: 10.8°C, Clouds, humidity: 84%
2026-09-22 18:41:04,350 - root - INFO - [232/1205] Fetching weather for Bódvaszilas...
2026-09-22 18:41:04,480 - root - INFO - Fetched weather for Bódvaszilas: 10.4°C, Clouds, humidity: 83%
2026-09-22 18:41:05,582 - root - INFO - [233/1205] Fetching weather for Komjáti...
2026-09-22 18:41:05,736 - root - INFO - Fetched weather for Komjáti: 9.9°C, Clouds, humidity: 82%
2026-09-22 18:41:06,837 - root - INFO - [234/1205] Fetching weather for Tornanádaska...
2026-09-22 18:41:06,972 - root - INFO - Fetched weather for Tornanádaska: 11.1°C, Clouds, humidity: 82%
2026-09-22 18:41:08,074 - root - INFO - [235/1205] Fetching weather for Onga...
2026-09-22 18:41:08,196 - root - INFO - Fetched weather for Onga: 11.4°C, Clouds, humidity: 100%
2026-09-22 18:41:09,298 - root - INFO - [236/1205] Fetching weather for Szikszó-Vásártér...
2026-09-22 18:41:09,406 - root - INFO - Fetched weather for Szikszó-Vásártér: 11.4°C, Clouds, humidity: 82%
2026-09-22 18:41:10,507 - root - INFO - [237/1205] Fetching weather for Szikszó...
2026-09-22 18:41:10,639 - root - INFO - Fetched weather for Szikszó: 11.4°C, Clouds, humidity: 82%
2026-09-22 18:41:11,740 - root - INFO - [238/1205] Fetching weather for Aszaló...
2026-09-22 18:41:11,899 - root - INFO - Fetched weather for Aszaló: 11.4°C, Clouds, humidity: 83%
2026-09-22 18:41:13,000 - root - INFO - [239/1205] Fetching weather for Halmaj...
2026-09-22 18:41:13,131 - root - INFO - Fetched weather for Halmaj: 11.2°C, Clouds, humidity: 83%
2026-09-22 18:41:14,232 - root - INFO - [240/1205] Fetching weather for Csobád...
2026-09-22 18:41:14,352 - root - INFO - Fetched weather for Csobád: 11.2°C, Clouds, humidity: 83%
2026-09-22 18:41:15,454 - root - INFO - [241/1205] Fetching weather for Ináncs...
2026-09-22 18:41:15,571 - root - INFO - Fetched weather for Ináncs: 11.1°C, Clouds, humidity: 83%
2026-09-22 18:41:16,672 - root - INFO - [242/1205] Fetching weather for Forró-Encs...
2026-09-22 18:41:16,802 - root - INFO - Fetched weather for Forró-Encs: 11.0°C, Clouds, humidity: 83%
2026-09-22 18:41:17,903 - root - INFO - [243/1205] Fetching weather for Méra...
2026-09-22 18:41:18,056 - root - INFO - Fetched weather for Méra: 10.8°C, Clouds, humidity: 83%
2026-09-22 18:41:19,157 - root - INFO - [244/1205] Fetching weather for Novajidrány...
2026-09-22 18:41:19,290 - root - INFO - Fetched weather for Novajidrány: 10.6°C, Clouds, humidity: 82%
2026-09-22 18:41:20,391 - root - INFO - [245/1205] Fetching weather for Hernádszurdok...
2026-09-22 18:41:20,518 - root - INFO - Fetched weather for Hernádszurdok: 11.2°C, Clouds, humidity: 74%
2026-09-22 18:41:21,620 - root - INFO - [246/1205] Fetching weather for Hidasnémeti...
2026-09-22 18:41:21,731 - root - INFO - Fetched weather for Hidasnémeti: 11.2°C, Clouds, humidity: 74%
2026-09-22 18:41:22,833 - root - INFO - [247/1205] Fetching weather for Mád...
2026-09-22 18:41:22,961 - root - INFO - Fetched weather for Mád: 14.0°C, Clouds, humidity: 53%
2026-09-22 18:41:24,062 - root - INFO - [248/1205] Fetching weather for Rátka...
2026-09-22 18:41:24,224 - root - INFO - Fetched weather for Rátka: 14.1°C, Clouds, humidity: 53%
2026-09-22 18:41:25,325 - root - INFO - [249/1205] Fetching weather for Tállya...
2026-09-22 18:41:25,460 - root - INFO - Fetched weather for Tállya: 14.1°C, Clouds, humidity: 53%
2026-09-22 18:41:26,561 - root - INFO - [250/1205] Fetching weather for Golop...
2026-09-22 18:41:26,682 - root - INFO - Fetched weather for Golop: 14.2°C, Clouds, humidity: 53%
2026-09-22 18:41:27,784 - root - INFO - [251/1205] Fetching weather for Abaújszántó...
2026-09-22 18:41:27,893 - root - INFO - Fetched weather for Abaújszántó: 14.1°C, Clouds, humidity: 82%
2026-09-22 18:41:28,994 - root - INFO - [252/1205] Fetching weather for Abaújszántói fürdő...
2026-09-22 18:41:29,133 - root - INFO - Fetched weather for Abaújszántói fürdő: 14.2°C, Clouds, humidity: 81%
2026-09-22 18:41:30,235 - root - INFO - [253/1205] Fetching weather for Abaújkér...
2026-09-22 18:41:30,389 - root - INFO - Fetched weather for Abaújkér: 14.1°C, Clouds, humidity: 82%
2026-09-22 18:41:31,491 - root - INFO - [254/1205] Fetching weather for Boldogkőváralja...
2026-09-22 18:41:31,621 - root - INFO - Fetched weather for Boldogkőváralja: 13.9°C, Clouds, humidity: 82%
2026-09-22 18:41:32,723 - root - INFO - [255/1205] Fetching weather for Korlát-Vizsoly...
2026-09-22 18:41:32,841 - root - INFO - Fetched weather for Korlát-Vizsoly: 13.8°C, Clouds, humidity: 82%
2026-09-22 18:41:33,943 - root - INFO - [256/1205] Fetching weather for Fony...
2026-09-22 18:41:34,054 - root - INFO - Fetched weather for Fony: 10.7°C, Clouds, humidity: 82%
2026-09-22 18:41:35,156 - root - INFO - [257/1205] Fetching weather for Hejce-Vilmány...
2026-09-22 18:41:35,288 - root - INFO - Fetched weather for Hejce-Vilmány: 10.8°C, Clouds, humidity: 82%
2026-09-22 18:41:36,390 - root - INFO - [258/1205] Fetching weather for Göncruszka...
2026-09-22 18:41:36,547 - root - INFO - Fetched weather for Göncruszka: 10.4°C, Clouds, humidity: 82%
2026-09-22 18:41:37,649 - root - INFO - [259/1205] Fetching weather for Gönc...
2026-09-22 18:41:37,781 - root - INFO - Fetched weather for Gönc: 10.4°C, Clouds, humidity: 81%
2026-09-22 18:41:38,882 - root - INFO - [260/1205] Fetching weather for Zsujta...
2026-09-22 18:41:38,999 - root - INFO - Fetched weather for Zsujta: 10.5°C, Clouds, humidity: 81%
2026-09-22 18:41:40,101 - root - INFO - [261/1205] Fetching weather for Bodrogkeresztúr...
2026-09-22 18:41:40,231 - root - INFO - Fetched weather for Bodrogkeresztúr: 14.2°C, Clouds, humidity: 53%
2026-09-22 18:41:41,333 - root - INFO - [262/1205] Fetching weather for Szegi...
2026-09-22 18:41:41,461 - root - INFO - Fetched weather for Szegi: 14.3°C, Clouds, humidity: 53%
2026-09-22 18:41:42,562 - root - INFO - [263/1205] Fetching weather for Erdőbénye...
2026-09-22 18:41:42,720 - root - INFO - Fetched weather for Erdőbénye: 14.2°C, Clouds, humidity: 53%
2026-09-22 18:41:43,822 - root - INFO - [264/1205] Fetching weather for Olaszliszka-Tolcsva...
2026-09-22 18:41:43,958 - root - INFO - Fetched weather for Olaszliszka-Tolcsva: 14.3°C, Clouds, humidity: 53%
2026-09-22 18:41:45,059 - root - INFO - [265/1205] Fetching weather for Bodrogolaszi...
2026-09-22 18:41:45,184 - root - INFO - Fetched weather for Bodrogolaszi: 10.1°C, Clouds, humidity: 100%
2026-09-22 18:41:46,285 - root - INFO - [266/1205] Fetching weather for Sárospatak...
2026-09-22 18:41:46,395 - root - INFO - Fetched weather for Sárospatak: 10.1°C, Clouds, humidity: 100%
2026-09-22 18:41:47,497 - root - INFO - [267/1205] Fetching weather for Sátoraljaújhely...
2026-09-22 18:41:47,629 - root - INFO - Fetched weather for Sátoraljaújhely: 10.2°C, Clouds, humidity: 100%
2026-09-22 18:41:48,731 - root - INFO - [268/1205] Fetching weather for Vecsés...
2026-09-22 18:41:48,882 - root - INFO - Fetched weather for Vecsés: 13.9°C, Clear, humidity: 63%
2026-09-22 18:41:49,983 - root - INFO - [269/1205] Fetching weather for Vecsés-Kertekalja...
2026-09-22 18:41:50,122 - root - INFO - Fetched weather for Vecsés-Kertekalja: 14.0°C, Clear, humidity: 63%
2026-09-22 18:41:51,223 - root - INFO - [270/1205] Fetching weather for Üllő...
2026-09-22 18:41:51,337 - root - INFO - Fetched weather for Üllő: 13.9°C, Clear, humidity: 63%
2026-09-22 18:41:52,438 - root - INFO - [271/1205] Fetching weather for Monor...
2026-09-22 18:41:52,547 - root - INFO - Fetched weather for Monor: 14.1°C, Clear, humidity: 58%
2026-09-22 18:41:53,648 - root - INFO - [272/1205] Fetching weather for Pilis...
2026-09-22 18:41:53,771 - root - INFO - Fetched weather for Pilis: 12.7°C, Clear, humidity: 65%
2026-09-22 18:41:54,872 - root - INFO - [273/1205] Fetching weather for Albertirsa...
2026-09-22 18:41:55,005 - root - INFO - Fetched weather for Albertirsa: 12.6°C, Clear, humidity: 61%
2026-09-22 18:41:56,107 - root - INFO - [274/1205] Fetching weather for Ceglédbercel-Cserő...
2026-09-22 18:41:56,233 - root - INFO - Fetched weather for Ceglédbercel-Cserő: 12.7°C, Clear, humidity: 61%
2026-09-22 18:41:57,334 - root - INFO - [275/1205] Fetching weather for Cegléd...
2026-09-22 18:41:57,450 - root - INFO - Fetched weather for Cegléd: 12.8°C, Clear, humidity: 61%
2026-09-22 18:41:58,552 - root - INFO - [276/1205] Fetching weather for Abony...
2026-09-22 18:41:58,656 - root - INFO - Fetched weather for Abony: 12.5°C, Clear, humidity: 59%
2026-09-22 18:41:59,758 - root - INFO - [277/1205] Fetching weather for Szolnok...
2026-09-22 18:41:59,879 - root - INFO - Fetched weather for Szolnok: 13.7°C, Clear, humidity: 56%
2026-09-22 18:42:00,980 - root - INFO - [278/1205] Fetching weather for Szajol...
2026-09-22 18:42:01,115 - root - INFO - Fetched weather for Szajol: 15.0°C, Clouds, humidity: 51%
2026-09-22 18:42:02,216 - root - INFO - [279/1205] Fetching weather for Törökszentmiklós...
2026-09-22 18:42:02,362 - root - INFO - Fetched weather for Törökszentmiklós: 15.0°C, Clouds, humidity: 51%
2026-09-22 18:42:03,463 - root - INFO - [280/1205] Fetching weather for Rákoscsaba-Újtelep...
2026-09-22 18:42:03,575 - root - INFO - Fetched weather for Rákoscsaba-Újtelep: 13.5°C, Clear, humidity: 65%
2026-09-22 18:42:04,676 - root - INFO - [281/1205] Fetching weather for Rákoscsaba...
2026-09-22 18:42:04,784 - root - INFO - Fetched weather for Rákoscsaba: 13.7°C, Clear, humidity: 64%
2026-09-22 18:42:05,885 - root - INFO - [282/1205] Fetching weather for Pécel...
2026-09-22 18:42:06,004 - root - INFO - Fetched weather for Pécel: 13.4°C, Clear, humidity: 65%
2026-09-22 18:42:07,105 - root - INFO - [283/1205] Fetching weather for Isaszeg...
2026-09-22 18:42:07,247 - root - INFO - Fetched weather for Isaszeg: 13.2°C, Clear, humidity: 67%
2026-09-22 18:42:08,349 - root - INFO - [284/1205] Fetching weather for Gödöllő...
2026-09-22 18:42:08,477 - root - INFO - Fetched weather for Gödöllő: 12.7°C, Clear, humidity: 67%
2026-09-22 18:42:09,578 - root - INFO - [285/1205] Fetching weather for Máriabesnyő...
2026-09-22 18:42:09,692 - root - INFO - Fetched weather for Máriabesnyő: 12.9°C, Clear, humidity: 69%
2026-09-22 18:42:10,794 - root - INFO - [286/1205] Fetching weather for Bag...
2026-09-22 18:42:10,912 - root - INFO - Fetched weather for Bag: 13.2°C, Clear, humidity: 69%
2026-09-22 18:42:12,014 - root - INFO - [287/1205] Fetching weather for Aszód...
2026-09-22 18:42:12,137 - root - INFO - Fetched weather for Aszód: 13.3°C, Clear, humidity: 70%
2026-09-22 18:42:13,239 - root - INFO - [288/1205] Fetching weather for Hévízgyörk...
2026-09-22 18:42:13,378 - root - INFO - Fetched weather for Hévízgyörk: 13.5°C, Clear, humidity: 70%
2026-09-22 18:42:14,480 - root - INFO - [289/1205] Fetching weather for Galgahévíz...
2026-09-22 18:42:14,616 - root - INFO - Fetched weather for Galgahévíz: 13.5°C, Clear, humidity: 70%
2026-09-22 18:42:15,717 - root - INFO - [290/1205] Fetching weather for Tura...
2026-09-22 18:42:15,828 - root - INFO - Fetched weather for Tura: 13.5°C, Clear, humidity: 70%
2026-09-22 18:42:16,930 - root - INFO - [291/1205] Fetching weather for Hatvan...
2026-09-22 18:42:17,036 - root - INFO - Fetched weather for Hatvan: 13.5°C, Clear, humidity: 66%
2026-09-22 18:42:18,137 - root - INFO - [292/1205] Fetching weather for Vámosgyörk...
2026-09-22 18:42:18,273 - root - INFO - Fetched weather for Vámosgyörk: 12.0°C, Clear, humidity: 73%
2026-09-22 18:42:19,375 - root - INFO - [293/1205] Fetching weather for Adács...
2026-09-22 18:42:19,507 - root - INFO - Fetched weather for Adács: 11.9°C, Clear, humidity: 76%
2026-09-22 18:42:20,609 - root - INFO - [294/1205] Fetching weather for Karácsond...
2026-09-22 18:42:20,738 - root - INFO - Fetched weather for Karácsond: 11.7°C, Clear, humidity: 77%
2026-09-22 18:42:21,840 - root - INFO - [295/1205] Fetching weather for Ludas...
2026-09-22 18:42:21,959 - root - INFO - Fetched weather for Ludas: 11.8°C, Clear, humidity: 78%
2026-09-22 18:42:23,061 - root - INFO - [296/1205] Fetching weather for Nagyút...
2026-09-22 18:42:23,171 - root - INFO - Fetched weather for Nagyút: 11.7°C, Clouds, humidity: 79%
2026-09-22 18:42:24,273 - root - INFO - [297/1205] Fetching weather for Kál-Kápolna...
2026-09-22 18:42:24,402 - root - INFO - Fetched weather for Kál-Kápolna: 11.6°C, Clouds, humidity: 79%
2026-09-22 18:42:25,504 - root - INFO - [298/1205] Fetching weather for Füzesabony...
2026-09-22 18:42:25,620 - root - INFO - Fetched weather for Füzesabony: 11.5°C, Clouds, humidity: 80%
2026-09-22 18:42:26,721 - root - INFO - [299/1205] Fetching weather for Szihalom...
2026-09-22 18:42:26,854 - root - INFO - Fetched weather for Szihalom: 12.4°C, Clouds, humidity: 82%
2026-09-22 18:42:27,956 - root - INFO - [300/1205] Fetching weather for Mezőkövesd...
2026-09-22 18:42:28,073 - root - INFO - Fetched weather for Mezőkövesd: 12.4°C, Clouds, humidity: 85%
2026-09-22 18:42:29,174 - root - INFO - [301/1205] Fetching weather for Mezőkövesd felső...
2026-09-22 18:42:29,327 - root - INFO - Fetched weather for Mezőkövesd felső: 12.4°C, Clouds, humidity: 85%
2026-09-22 18:42:30,429 - root - INFO - [302/1205] Fetching weather for Mezőkeresztes-Mezőnyárád...
2026-09-22 18:42:30,562 - root - INFO - Fetched weather for Mezőkeresztes-Mezőnyárád: 12.3°C, Clouds, humidity: 69%
2026-09-22 18:42:31,664 - root - INFO - [303/1205] Fetching weather for Csincse...
2026-09-22 18:42:31,785 - root - INFO - Fetched weather for Csincse: 12.3°C, Clouds, humidity: 69%
2026-09-22 18:42:32,886 - root - INFO - [304/1205] Fetching weather for Emőd...
2026-09-22 18:42:33,019 - root - INFO - Fetched weather for Emőd: 12.2°C, Clouds, humidity: 79%
2026-09-22 18:42:34,120 - root - INFO - [305/1205] Fetching weather for Nyékládháza...
2026-09-22 18:42:34,242 - root - INFO - Fetched weather for Nyékládháza: 12.2°C, Clouds, humidity: 81%
2026-09-22 18:42:35,344 - root - INFO - [306/1205] Fetching weather for Miskolc-Tiszai...
2026-09-22 18:42:35,473 - root - INFO - Fetched weather for Miskolc-Tiszai: 11.7°C, Clouds, humidity: 87%
2026-09-22 18:42:36,574 - root - INFO - [307/1205] Fetching weather for Felsőzsolca...
2026-09-22 18:42:36,700 - root - INFO - Fetched weather for Felsőzsolca: 11.9°C, Clouds, humidity: 85%
2026-09-22 18:42:37,802 - root - INFO - [308/1205] Fetching weather for Hernádnémeti-Bőcs...
2026-09-22 18:42:37,942 - root - INFO - Fetched weather for Hernádnémeti-Bőcs: 12.4°C, Clouds, humidity: 82%
2026-09-22 18:42:39,043 - root - INFO - [309/1205] Fetching weather for Tiszalúc...
2026-09-22 18:42:39,199 - root - INFO - Fetched weather for Tiszalúc: 13.0°C, Rain, humidity: 81%
2026-09-22 18:42:40,300 - root - INFO - [310/1205] Fetching weather for Taktaharkány...
2026-09-22 18:42:40,412 - root - INFO - Fetched weather for Taktaharkány: 14.3°C, Clouds, humidity: 53%
2026-09-22 18:42:41,514 - root - INFO - [311/1205] Fetching weather for Taktaszada...
2026-09-22 18:42:41,665 - root - INFO - Fetched weather for Taktaszada: 14.3°C, Clouds, humidity: 53%
2026-09-22 18:42:42,767 - root - INFO - [312/1205] Fetching weather for Szerencs...
2026-09-22 18:42:42,895 - root - INFO - Fetched weather for Szerencs: 14.3°C, Clouds, humidity: 53%
2026-09-22 18:42:43,996 - root - INFO - [313/1205] Fetching weather for Mezőzombor...
2026-09-22 18:42:44,123 - root - INFO - Fetched weather for Mezőzombor: 14.3°C, Clouds, humidity: 53%
2026-09-22 18:42:45,225 - root - INFO - [314/1205] Fetching weather for Tarcal...
2026-09-22 18:42:45,351 - root - INFO - Fetched weather for Tarcal: 14.3°C, Clouds, humidity: 53%
2026-09-22 18:42:46,453 - root - INFO - [315/1205] Fetching weather for Tokaj...
2026-09-22 18:42:46,570 - root - INFO - Fetched weather for Tokaj: 14.3°C, Clouds, humidity: 53%
2026-09-22 18:42:47,671 - root - INFO - [316/1205] Fetching weather for Rakamaz...
2026-09-22 18:42:47,824 - root - INFO - Fetched weather for Rakamaz: 14.3°C, Clouds, humidity: 53%
2026-09-22 18:42:48,926 - root - INFO - [317/1205] Fetching weather for Görögszállás...
2026-09-22 18:42:49,059 - root - INFO - Fetched weather for Görögszállás: 14.2°C, Clouds, humidity: 53%
2026-09-22 18:42:50,161 - root - INFO - [318/1205] Fetching weather for Nyírtelek...
2026-09-22 18:42:50,280 - root - INFO - Fetched weather for Nyírtelek: 14.3°C, Clouds, humidity: 76%
2026-09-22 18:42:51,381 - root - INFO - [319/1205] Fetching weather for Rákoshegy...
2026-09-22 18:42:51,508 - root - INFO - Fetched weather for Rákoshegy: 13.5°C, Clear, humidity: 65%
2026-09-22 18:42:52,609 - root - INFO - [320/1205] Fetching weather for Ecser...
2026-09-22 18:42:52,724 - root - INFO - Fetched weather for Ecser: 13.8°C, Clear, humidity: 63%
2026-09-22 18:42:53,825 - root - INFO - [321/1205] Fetching weather for Maglód...
2026-09-22 18:42:53,976 - root - INFO - Fetched weather for Maglód: 13.7°C, Clear, humidity: 63%
2026-09-22 18:42:55,077 - root - INFO - [322/1205] Fetching weather for Maglódi nyaraló...
2026-09-22 18:42:55,211 - root - INFO - Fetched weather for Maglódi nyaraló: 13.6°C, Clear, humidity: 64%
2026-09-22 18:42:56,312 - root - INFO - [323/1205] Fetching weather for Gyömrő...
2026-09-22 18:42:56,431 - root - INFO - Fetched weather for Gyömrő: 13.5°C, Clear, humidity: 64%
2026-09-22 18:42:57,533 - root - INFO - [324/1205] Fetching weather for Mende...
2026-09-22 18:42:57,663 - root - INFO - Fetched weather for Mende: 13.1°C, Clear, humidity: 66%
2026-09-22 18:42:58,765 - root - INFO - [325/1205] Fetching weather for Szőlősnyaraló...
2026-09-22 18:42:58,880 - root - INFO - Fetched weather for Szőlősnyaraló: 12.9°C, Clear, humidity: 72%
2026-09-22 18:42:59,981 - root - INFO - [326/1205] Fetching weather for Sülysáp...
2026-09-22 18:43:00,134 - root - INFO - Fetched weather for Sülysáp: 13.1°C, Clear, humidity: 72%
2026-09-22 18:43:01,236 - root - INFO - [327/1205] Fetching weather for Tápiószecső...
2026-09-22 18:43:01,364 - root - INFO - Fetched weather for Tápiószecső: 12.9°C, Clear, humidity: 72%
2026-09-22 18:43:02,465 - root - INFO - [328/1205] Fetching weather for Szentmártonkáta...
2026-09-22 18:43:02,585 - root - INFO - Fetched weather for Szentmártonkáta: 12.6°C, Clear, humidity: 61%
2026-09-22 18:43:03,687 - root - INFO - [329/1205] Fetching weather for Nagykáta...
2026-09-22 18:43:03,817 - root - INFO - Fetched weather for Nagykáta: 12.7°C, Clear, humidity: 61%
2026-09-22 18:43:04,919 - root - INFO - [330/1205] Fetching weather for Farmos...
2026-09-22 18:43:05,040 - root - INFO - Fetched weather for Farmos: 12.8°C, Clouds, humidity: 61%
2026-09-22 18:43:06,141 - root - INFO - [331/1205] Fetching weather for Tápiószele...
2026-09-22 18:43:06,294 - root - INFO - Fetched weather for Tápiószele: 12.8°C, Clouds, humidity: 61%
2026-09-22 18:43:07,396 - root - INFO - [332/1205] Fetching weather for Tápiógyörgye...
2026-09-22 18:43:07,522 - root - INFO - Fetched weather for Tápiógyörgye: 12.8°C, Clouds, humidity: 61%
2026-09-22 18:43:08,624 - root - INFO - [333/1205] Fetching weather for Újszász...
2026-09-22 18:43:08,746 - root - INFO - Fetched weather for Újszász: 12.9°C, Clouds, humidity: 61%
2026-09-22 18:43:09,847 - root - INFO - [334/1205] Fetching weather for Szurdokpüspöki...
2026-09-22 18:43:09,978 - root - INFO - Fetched weather for Szurdokpüspöki: 12.0°C, Clear, humidity: 68%
2026-09-22 18:43:11,079 - root - INFO - [335/1205] Fetching weather for Lőrinci...
2026-09-22 18:43:11,196 - root - INFO - Fetched weather for Lőrinci: 12.2°C, Clear, humidity: 66%
2026-09-22 18:43:12,298 - root - INFO - [336/1205] Fetching weather for Selyp...
2026-09-22 18:43:12,451 - root - INFO - Fetched weather for Selyp: 12.2°C, Clear, humidity: 66%
2026-09-22 18:43:13,553 - root - INFO - [337/1205] Fetching weather for Apc-Zagyvaszántó...
2026-09-22 18:43:13,680 - root - INFO - Fetched weather for Apc-Zagyvaszántó: 12.2°C, Clear, humidity: 67%
2026-09-22 18:43:14,782 - root - INFO - [338/1205] Fetching weather for Pásztó...
2026-09-22 18:43:14,899 - root - INFO - Fetched weather for Pásztó: 11.8°C, Clear, humidity: 70%
2026-09-22 18:43:16,001 - root - INFO - [339/1205] Fetching weather for Mátraszőlős-Hasznos...
2026-09-22 18:43:16,137 - root - INFO - Fetched weather for Mátraszőlős-Hasznos: 11.8°C, Clear, humidity: 70%
2026-09-22 18:43:17,239 - root - INFO - [340/1205] Fetching weather for Tar...
2026-09-22 18:43:17,365 - root - INFO - Fetched weather for Tar: 11.3°C, Clear, humidity: 71%
2026-09-22 18:43:18,467 - root - INFO - [341/1205] Fetching weather for Mátraverebély...
2026-09-22 18:43:18,627 - root - INFO - Fetched weather for Mátraverebély: 11.3°C, Clear, humidity: 71%
2026-09-22 18:43:19,729 - root - INFO - [342/1205] Fetching weather for Nagybátony...
2026-09-22 18:43:19,869 - root - INFO - Fetched weather for Nagybátony: 11.3°C, Clear, humidity: 73%
2026-09-22 18:43:20,970 - root - INFO - [343/1205] Fetching weather for Kisterenye...
2026-09-22 18:43:21,100 - root - INFO - Fetched weather for Kisterenye: 11.4°C, Clear, humidity: 73%
2026-09-22 18:43:22,201 - root - INFO - [344/1205] Fetching weather for Kisterenye-Bányatelep...
2026-09-22 18:43:22,329 - root - INFO - Fetched weather for Kisterenye-Bányatelep: 11.4°C, Clear, humidity: 73%
2026-09-22 18:43:23,431 - root - INFO - [345/1205] Fetching weather for Salgótarján külső...
2026-09-22 18:43:23,548 - root - INFO - Fetched weather for Salgótarján külső: 10.9°C, Clouds, humidity: 71%
2026-09-22 18:43:24,650 - root - INFO - [346/1205] Fetching weather for Balatonfenyves GV...
2026-09-22 18:43:24,808 - root - INFO - Fetched weather for Balatonfenyves GV: 15.1°C, Clear, humidity: 57%
2026-09-22 18:43:25,909 - root - INFO - [347/1205] Fetching weather for Várhegyalja...
2026-09-22 18:43:26,037 - root - INFO - Fetched weather for Várhegyalja: 13.5°C, Clouds, humidity: 70%
2026-09-22 18:43:27,138 - root - INFO - [348/1205] Fetching weather for Imremajor...
2026-09-22 18:43:27,257 - root - INFO - Fetched weather for Imremajor: 15.1°C, Clear, humidity: 57%
2026-09-22 18:43:28,359 - root - INFO - [349/1205] Fetching weather for Rákospalota-Kertváros...
2026-09-22 18:43:28,499 - root - INFO - Fetched weather for Rákospalota-Kertváros: 13.2°C, Clear, humidity: 67%
2026-09-22 18:43:29,600 - root - INFO - [350/1205] Fetching weather for Vicziántelep...
2026-09-22 18:43:29,717 - root - INFO - Fetched weather for Vicziántelep: 12.3°C, Clear, humidity: 70%
2026-09-22 18:43:30,818 - root - INFO - [351/1205] Fetching weather for Pálmajor...
2026-09-22 18:43:30,967 - root - INFO - Fetched weather for Pálmajor: 15.1°C, Clear, humidity: 56%
2026-09-22 18:43:32,069 - root - INFO - [352/1205] Fetching weather for Somogyszentpál felső...
2026-09-22 18:43:32,204 - root - INFO - Fetched weather for Somogyszentpál felső: 15.1°C, Clear, humidity: 56%
2026-09-22 18:43:33,305 - root - INFO - [353/1205] Fetching weather for Somogyszentpál...
2026-09-22 18:43:33,425 - root - INFO - Fetched weather for Somogyszentpál: 15.1°C, Clear, humidity: 56%
2026-09-22 18:43:34,527 - root - INFO - [354/1205] Fetching weather for Rudnaykert...
2026-09-22 18:43:34,656 - root - INFO - Fetched weather for Rudnaykert: 12.6°C, Clear, humidity: 69%
2026-09-22 18:43:35,757 - root - INFO - [355/1205] Fetching weather for Maroshegy...
2026-09-22 18:43:35,870 - root - INFO - Fetched weather for Maroshegy: 13.2°C, Clear, humidity: 65%
2026-09-22 18:43:36,972 - root - INFO - [356/1205] Fetching weather for Bánhida...
2026-09-22 18:43:37,122 - root - INFO - Fetched weather for Bánhida: 12.8°C, Clear, humidity: 70%
2026-09-22 18:43:38,223 - root - INFO - [357/1205] Fetching weather for Magyarkút...
2026-09-22 18:43:38,354 - root - INFO - Fetched weather for Magyarkút: 12.7°C, Clear, humidity: 59%
2026-09-22 18:43:39,456 - root - INFO - [358/1205] Fetching weather for Becske alsó...
2026-09-22 18:43:39,575 - root - INFO - Fetched weather for Becske alsó: 12.3°C, Clear, humidity: 59%
2026-09-22 18:43:40,676 - root - INFO - [359/1205] Fetching weather for Hosszúberek-Péteri...
2026-09-22 18:43:40,805 - root - INFO - Fetched weather for Hosszúberek-Péteri: 13.7°C, Clear, humidity: 64%
2026-09-22 18:43:41,906 - root - INFO - [360/1205] Fetching weather for Monorierdő...
2026-09-22 18:43:42,022 - root - INFO - Fetched weather for Monorierdő: 14.0°C, Clear, humidity: 65%
2026-09-22 18:43:43,124 - root - INFO - [361/1205] Fetching weather for Ceglédbercel...
2026-09-22 18:43:43,284 - root - INFO - Fetched weather for Ceglédbercel: 12.7°C, Clear, humidity: 61%
2026-09-22 18:43:44,386 - root - INFO - [362/1205] Fetching weather for Budai út...
2026-09-22 18:43:44,519 - root - INFO - Fetched weather for Budai út: 12.7°C, Clear, humidity: 61%
2026-09-22 18:43:45,620 - root - INFO - [363/1205] Fetching weather for Büdöskútpuszta...
2026-09-22 18:43:45,740 - root - INFO - Fetched weather for Büdöskútpuszta: 11.2°C, Clouds, humidity: 86%
2026-09-22 18:43:46,841 - root - INFO - [364/1205] Fetching weather for Bánrévei Vízmű...
2026-09-22 18:43:46,972 - root - INFO - Fetched weather for Bánrévei Vízmű: 11.7°C, Clouds, humidity: 86%
2026-09-22 18:43:48,073 - root - INFO - [365/1205] Fetching weather for Rákoskert...
2026-09-22 18:43:48,189 - root - INFO - Fetched weather for Rákoskert: 13.6°C, Clear, humidity: 64%
2026-09-22 18:43:49,291 - root - INFO - [366/1205] Fetching weather for Szirmabesenyő...
2026-09-22 18:43:49,440 - root - INFO - Fetched weather for Szirmabesenyő: 11.4°C, Clouds, humidity: 100%
2026-09-22 18:43:50,541 - root - INFO - [367/1205] Fetching weather for Kitérőgyár...
2026-09-22 18:43:50,667 - root - INFO - Fetched weather for Kitérőgyár: 11.6°C, Clear, humidity: 76%
2026-09-22 18:43:51,768 - root - INFO - [368/1205] Fetching weather for Tápiószentmárton...
2026-09-22 18:43:51,889 - root - INFO - Fetched weather for Tápiószentmárton: 12.8°C, Clouds, humidity: 61%
2026-09-22 18:43:52,990 - root - INFO - [369/1205] Fetching weather for Zagyvarékas...
2026-09-22 18:43:53,123 - root - INFO - Fetched weather for Zagyvarékas: 13.4°C, Clouds, humidity: 57%
2026-09-22 18:43:54,225 - root - INFO - [370/1205] Fetching weather for Abonyi út...
2026-09-22 18:43:54,336 - root - INFO - Fetched weather for Abonyi út: 13.6°C, Clouds, humidity: 57%
2026-09-22 18:43:55,438 - root - INFO - [371/1205] Fetching weather for Jászkisér felső...
2026-09-22 18:43:55,598 - root - INFO - Fetched weather for Jászkisér felső: 12.2°C, Clouds, humidity: 70%
2026-09-22 18:43:56,699 - root - INFO - [372/1205] Fetching weather for Szellőhát...
2026-09-22 18:43:56,830 - root - INFO - Fetched weather for Szellőhát: 12.9°C, Clouds, humidity: 69%
2026-09-22 18:43:57,932 - root - INFO - [373/1205] Fetching weather for Szilvásvárad-Szalajkavölgy...
2026-09-22 18:43:58,070 - root - INFO - Fetched weather for Szilvásvárad-Szalajkavölgy: 10.2°C, Clouds, humidity: 99%
2026-09-22 18:43:59,172 - root - INFO - [374/1205] Fetching weather for Vásárosnamény külső...
2026-09-22 18:43:59,299 - root - INFO - Fetched weather for Vásárosnamény külső: 10.8°C, Clouds, humidity: 83%
2026-09-22 18:44:00,400 - root - INFO - [375/1205] Fetching weather for Újváros...
2026-09-22 18:44:00,520 - root - INFO - Fetched weather for Újváros: 12.8°C, Clear, humidity: 54%
2026-09-22 18:44:01,621 - root - INFO - [376/1205] Fetching weather for Városi park...
2026-09-22 18:44:01,773 - root - INFO - Fetched weather for Városi park: 13.9°C, Clear, humidity: 52%
2026-09-22 18:44:02,875 - root - INFO - [377/1205] Fetching weather for Belsőkamaráspuszta...
2026-09-22 18:44:03,006 - root - INFO - Fetched weather for Belsőkamaráspuszta: 13.9°C, Clear, humidity: 71%
2026-09-22 18:44:04,107 - root - INFO - [378/1205] Fetching weather for Sajószöged...
2026-09-22 18:44:04,229 - root - INFO - Fetched weather for Sajószöged: 12.5°C, Clouds, humidity: 69%
2026-09-22 18:44:05,330 - root - INFO - [379/1205] Fetching weather for Kazincbarcika alsó...
2026-09-22 18:44:05,458 - root - INFO - Fetched weather for Kazincbarcika alsó: 11.3°C, Clouds, humidity: 84%
2026-09-22 18:44:06,560 - root - INFO - [380/1205] Fetching weather for Nyárjas...
2026-09-22 18:44:06,685 - root - INFO - Fetched weather for Nyárjas: 12.1°C, Clear, humidity: 62%
2026-09-22 18:44:07,787 - root - INFO - [381/1205] Fetching weather for Pogonyipuszta...
2026-09-22 18:44:07,940 - root - INFO - Fetched weather for Pogonyipuszta: 11.7°C, Clouds, humidity: 86%
2026-09-22 18:44:09,041 - root - INFO - [382/1205] Fetching weather for Sióvölgy...
2026-09-22 18:44:09,173 - root - INFO - Fetched weather for Sióvölgy: 14.1°C, Clear, humidity: 65%
2026-09-22 18:44:10,274 - root - INFO - [383/1205] Fetching weather for Répáspuszta...
2026-09-22 18:44:10,392 - root - INFO - Fetched weather for Répáspuszta: 13.6°C, Clear, humidity: 59%
2026-09-22 18:44:11,493 - root - INFO - [384/1205] Fetching weather for Virányos...
2026-09-22 18:44:11,620 - root - INFO - Fetched weather for Virányos: 14.3°C, Clouds, humidity: 53%
2026-09-22 18:44:12,721 - root - INFO - [385/1205] Fetching weather for Füzesbokor...
2026-09-22 18:44:12,843 - root - INFO - Fetched weather for Füzesbokor: 14.3°C, Clouds, humidity: 78%
2026-09-22 18:44:13,944 - root - INFO - [386/1205] Fetching weather for Kunfehértó...
2026-09-22 18:44:14,094 - root - INFO - Fetched weather for Kunfehértó: 12.6°C, Clear, humidity: 61%
2026-09-22 18:44:15,195 - root - INFO - [387/1205] Fetching weather for Erdőszél...
2026-09-22 18:44:15,324 - root - INFO - Fetched weather for Erdőszél: 12.5°C, Clear, humidity: 61%
2026-09-22 18:44:16,426 - root - INFO - [388/1205] Fetching weather for Jánoshalma...
2026-09-22 18:44:16,542 - root - INFO - Fetched weather for Jánoshalma: 12.6°C, Clear, humidity: 61%
2026-09-22 18:44:17,644 - root - INFO - [389/1205] Fetching weather for Mélykút...
2026-09-22 18:44:17,773 - root - INFO - Fetched weather for Mélykút: 14.3°C, Clear, humidity: 63%
2026-09-22 18:44:18,874 - root - INFO - [390/1205] Fetching weather for Bácsalmás...
2026-09-22 18:44:18,994 - root - INFO - Fetched weather for Bácsalmás: 14.4°C, Clear, humidity: 64%
2026-09-22 18:44:20,095 - root - INFO - [391/1205] Fetching weather for Almás...
2026-09-22 18:44:20,246 - root - INFO - Fetched weather for Almás: 14.4°C, Clear, humidity: 64%
2026-09-22 18:44:21,348 - root - INFO - [392/1205] Fetching weather for Bácsbokod-Bácsborsód...
2026-09-22 18:44:21,491 - root - INFO - Fetched weather for Bácsbokod-Bácsborsód: 12.7°C, Clear, humidity: 63%
2026-09-22 18:44:22,593 - root - INFO - [393/1205] Fetching weather for Baja...
2026-09-22 18:44:22,717 - root - INFO - Fetched weather for Baja: 13.2°C, Clear, humidity: 63%
2026-09-22 18:44:23,819 - root - INFO - [394/1205] Fetching weather for Harkakötöny...
2026-09-22 18:44:23,951 - root - INFO - Fetched weather for Harkakötöny: 12.1°C, Clear, humidity: 59%
2026-09-22 18:44:25,052 - root - INFO - [395/1205] Fetching weather for Tajó...
2026-09-22 18:44:25,169 - root - INFO - Fetched weather for Tajó: 12.1°C, Clear, humidity: 59%
2026-09-22 18:44:26,271 - root - INFO - [396/1205] Fetching weather for Kiskunmajsa...
2026-09-22 18:44:26,434 - root - INFO - Fetched weather for Kiskunmajsa: 12.1°C, Clear, humidity: 60%
2026-09-22 18:44:27,535 - root - INFO - [397/1205] Fetching weather for Jászszentlászló...
2026-09-22 18:44:27,669 - root - INFO - Fetched weather for Jászszentlászló: 13.8°C, Clear, humidity: 52%
2026-09-22 18:44:28,771 - root - INFO - [398/1205] Fetching weather for Galambos...
2026-09-22 18:44:28,891 - root - INFO - Fetched weather for Galambos: 13.9°C, Clear, humidity: 52%
2026-09-22 18:44:29,992 - root - INFO - [399/1205] Fetching weather for Pestszentimre...
2026-09-22 18:44:30,130 - root - INFO - Fetched weather for Pestszentimre: 13.7°C, Clear, humidity: 64%
2026-09-22 18:44:31,231 - root - INFO - [400/1205] Fetching weather for Gyál felső...
2026-09-22 18:44:31,355 - root - INFO - Fetched weather for Gyál felső: 13.8°C, Clear, humidity: 62%
2026-09-22 18:44:32,456 - root - INFO - [401/1205] Fetching weather for Gyál...
2026-09-22 18:44:32,604 - root - INFO - Fetched weather for Gyál: 13.9°C, Clear, humidity: 62%
2026-09-22 18:44:33,705 - root - INFO - [402/1205] Fetching weather for Ócsa...
2026-09-22 18:44:33,832 - root - INFO - Fetched weather for Ócsa: 14.2°C, Clear, humidity: 58%
2026-09-22 18:44:34,934 - root - INFO - [403/1205] Fetching weather for Inárcs-Kakucs...
2026-09-22 18:44:35,058 - root - INFO - Fetched weather for Inárcs-Kakucs: 14.2°C, Clear, humidity: 65%
2026-09-22 18:44:36,159 - root - INFO - [404/1205] Fetching weather for Dabas...
2026-09-22 18:44:36,292 - root - INFO - Fetched weather for Dabas: 14.2°C, Clear, humidity: 65%
2026-09-22 18:44:37,393 - root - INFO - [405/1205] Fetching weather for Gyón...
2026-09-22 18:44:37,506 - root - INFO - Fetched weather for Gyón: 14.2°C, Clear, humidity: 65%
2026-09-22 18:44:38,607 - root - INFO - [406/1205] Fetching weather for Hernád...
2026-09-22 18:44:38,757 - root - INFO - Fetched weather for Hernád: 12.6°C, Clear, humidity: 65%
2026-09-22 18:44:39,858 - root - INFO - [407/1205] Fetching weather for Bakonygyirót...
2026-09-22 18:44:39,994 - root - INFO - Fetched weather for Bakonygyirót: 12.7°C, Clouds, humidity: 66%
2026-09-22 18:44:41,095 - root - INFO - [408/1205] Fetching weather for Vinye...
2026-09-22 18:44:41,218 - root - INFO - Fetched weather for Vinye: 12.0°C, Clouds, humidity: 67%
2026-09-22 18:44:42,319 - root - INFO - [409/1205] Fetching weather for Nemesgörzsöny...
2026-09-22 18:44:42,446 - root - INFO - Fetched weather for Nemesgörzsöny: 13.2°C, Clear, humidity: 67%
2026-09-22 18:44:43,547 - root - INFO - [410/1205] Fetching weather for Rábahíd...
2026-09-22 18:44:43,659 - root - INFO - Fetched weather for Rábahíd: 13.2°C, Clear, humidity: 67%
2026-09-22 18:44:44,760 - root - INFO - [411/1205] Fetching weather for Öskü...
2026-09-22 18:44:44,910 - root - INFO - Fetched weather for Öskü: 13.2°C, Clear, humidity: 68%
2026-09-22 18:44:46,011 - root - INFO - [412/1205] Fetching weather for Márkó...
2026-09-22 18:44:46,136 - root - INFO - Fetched weather for Márkó: 13.3°C, Clouds, humidity: 64%
2026-09-22 18:44:47,237 - root - INFO - [413/1205] Fetching weather for Nemeskocs...
2026-09-22 18:44:47,356 - root - INFO - Fetched weather for Nemeskocs: 13.1°C, Clear, humidity: 60%
2026-09-22 18:44:48,457 - root - INFO - [414/1205] Fetching weather for Zalagyömörő...
2026-09-22 18:44:48,586 - root - INFO - Fetched weather for Zalagyömörő: 14.1°C, Clear, humidity: 58%
2026-09-22 18:44:49,688 - root - INFO - [415/1205] Fetching weather for Rigács...
2026-09-22 18:44:49,804 - root - INFO - Fetched weather for Rigács: 14.1°C, Clear, humidity: 58%
2026-09-22 18:44:50,906 - root - INFO - [416/1205] Fetching weather for Kemenespálfa...
2026-09-22 18:44:51,056 - root - INFO - Fetched weather for Kemenespálfa: 14.1°C, Clear, humidity: 59%
2026-09-22 18:44:52,158 - root - INFO - [417/1205] Fetching weather for Lentiszombathely...
2026-09-22 18:44:52,286 - root - INFO - Fetched weather for Lentiszombathely: 14.4°C, Clear, humidity: 53%
2026-09-22 18:44:53,387 - root - INFO - [418/1205] Fetching weather for Ortaháza...
2026-09-22 18:44:53,509 - root - INFO - Fetched weather for Ortaháza: 14.1°C, Clear, humidity: 53%
2026-09-22 18:44:54,610 - root - INFO - [419/1205] Fetching weather for Rádiháza...
2026-09-22 18:44:54,741 - root - INFO - Fetched weather for Rádiháza: 13.9°C, Clear, humidity: 53%
2026-09-22 18:44:55,842 - root - INFO - [420/1205] Fetching weather for Baktüttös...
2026-09-22 18:44:55,956 - root - INFO - Fetched weather for Baktüttös: 14.6°C, Clear, humidity: 53%
2026-09-22 18:44:57,057 - root - INFO - [421/1205] Fetching weather for Budafa...
2026-09-22 18:44:57,211 - root - INFO - Fetched weather for Budafa: 13.9°C, Clear, humidity: 55%
2026-09-22 18:44:58,313 - root - INFO - [422/1205] Fetching weather for Zalapatakalja...
2026-09-22 18:44:58,438 - root - INFO - Fetched weather for Zalapatakalja: 13.9°C, Clear, humidity: 55%
2026-09-22 18:44:59,539 - root - INFO - [423/1205] Fetching weather for Tormásliget...
2026-09-22 18:44:59,656 - root - INFO - Fetched weather for Tormásliget: 14.2°C, Clear, humidity: 58%
2026-09-22 18:45:00,758 - root - INFO - [424/1205] Fetching weather for Belecska...
2026-09-22 18:45:00,887 - root - INFO - Fetched weather for Belecska: 13.5°C, Clear, humidity: 66%
2026-09-22 18:45:01,989 - root - INFO - [425/1205] Fetching weather for Almár...
2026-09-22 18:45:02,108 - root - INFO - Fetched weather for Almár: 11.4°C, Clouds, humidity: 99%
2026-09-22 18:45:03,209 - root - INFO - [426/1205] Fetching weather for Vasútmúzeum...
2026-09-22 18:45:03,359 - root - INFO - Fetched weather for Vasútmúzeum: 13.3°C, Clear, humidity: 67%
2026-09-22 18:45:04,460 - root - INFO - [427/1205] Fetching weather for Abda...
2026-09-22 18:45:04,587 - root - INFO - Fetched weather for Abda: 12.8°C, Clear, humidity: 75%
2026-09-22 18:45:05,688 - root - INFO - [428/1205] Fetching weather for Vadaspark...
2026-09-22 18:45:05,807 - root - INFO - Fetched weather for Vadaspark: 11.2°C, Clear, humidity: 69%
2026-09-22 18:45:06,908 - root - INFO - [429/1205] Fetching weather for Barosstelep...
2026-09-22 18:45:07,036 - root - INFO - Fetched weather for Barosstelep: 13.3°C, Clear, humidity: 67%
2026-09-22 18:45:08,137 - root - INFO - [430/1205] Fetching weather for Fegyvernek-Örményes...
2026-09-22 18:45:08,252 - root - INFO - Fetched weather for Fegyvernek-Örményes: 15.0°C, Clouds, humidity: 71%
2026-09-22 18:45:09,353 - root - INFO - [431/1205] Fetching weather for Zagyvapálfalva...
2026-09-22 18:45:09,518 - root - INFO - Fetched weather for Zagyvapálfalva: 11.1°C, Clouds, humidity: 72%
2026-09-22 18:45:10,619 - root - INFO - [432/1205] Fetching weather for Salgótarján...
2026-09-22 18:45:10,756 - root - INFO - Fetched weather for Salgótarján: 10.5°C, Clouds, humidity: 72%
2026-09-22 18:45:11,858 - root - INFO - [433/1205] Fetching weather for Szabadisóstó...
2026-09-22 18:45:11,993 - root - INFO - Fetched weather for Szabadisóstó: 14.0°C, Clear, humidity: 67%
2026-09-22 18:45:13,094 - root - INFO - [434/1205] Fetching weather for Siófok...
2026-09-22 18:45:13,222 - root - INFO - Fetched weather for Siófok: 14.1°C, Clear, humidity: 65%
2026-09-22 18:45:14,323 - root - INFO - [435/1205] Fetching weather for Balatonszéplak felső...
2026-09-22 18:45:14,435 - root - INFO - Fetched weather for Balatonszéplak felső: 14.1°C, Clear, humidity: 64%
2026-09-22 18:45:15,536 - root - INFO - [436/1205] Fetching weather for Balatonszéplak alsó...
2026-09-22 18:45:15,692 - root - INFO - Fetched weather for Balatonszéplak alsó: 14.3°C, Clear, humidity: 63%
2026-09-22 18:45:16,793 - root - INFO - [437/1205] Fetching weather for Zamárdi felső...
2026-09-22 18:45:16,922 - root - INFO - Fetched weather for Zamárdi felső: 14.3°C, Clear, humidity: 63%
2026-09-22 18:45:18,023 - root - INFO - [438/1205] Fetching weather for Zamárdi...
2026-09-22 18:45:18,139 - root - INFO - Fetched weather for Zamárdi: 14.3°C, Clear, humidity: 63%
2026-09-22 18:45:19,241 - root - INFO - [439/1205] Fetching weather for Szántód...
2026-09-22 18:45:19,369 - root - INFO - Fetched weather for Szántód: 14.3°C, Clear, humidity: 62%
2026-09-22 18:45:20,470 - root - INFO - [440/1205] Fetching weather for Szőny-Déli...
2026-09-22 18:45:20,582 - root - INFO - Fetched weather for Szőny-Déli: 13.1°C, Clouds, humidity: 69%
2026-09-22 18:45:21,683 - root - INFO - [441/1205] Fetching weather for Várpalota...
2026-09-22 18:45:21,834 - root - INFO - Fetched weather for Várpalota: 12.8°C, Clear, humidity: 69%
2026-09-22 18:45:22,935 - root - INFO - [442/1205] Fetching weather for Pétfürdő...
2026-09-22 18:45:23,138 - root - INFO - Fetched weather for Pétfürdő: 13.3°C, Clear, humidity: 68%
2026-09-22 18:45:24,239 - root - INFO - [443/1205] Fetching weather for Hajmáskér...
2026-09-22 18:45:24,367 - root - INFO - Fetched weather for Hajmáskér: 13.1°C, Clear, humidity: 67%
2026-09-22 18:45:25,468 - root - INFO - [444/1205] Fetching weather for Veszprém...
2026-09-22 18:45:25,596 - root - INFO - Fetched weather for Veszprém: 13.4°C, Clouds, humidity: 65%
2026-09-22 18:45:26,697 - root - INFO - [445/1205] Fetching weather for Herend...
2026-09-22 18:45:26,807 - root - INFO - Fetched weather for Herend: 13.4°C, Clouds, humidity: 63%
2026-09-22 18:45:27,909 - root - INFO - [446/1205] Fetching weather for Városlőd...
2026-09-22 18:45:28,059 - root - INFO - Fetched weather for Városlőd: 12.0°C, Clouds, humidity: 62%
2026-09-22 18:45:29,160 - root - INFO - [447/1205] Fetching weather for Városlőd-Kislőd...
2026-09-22 18:45:29,286 - root - INFO - Fetched weather for Városlőd-Kislőd: 12.1°C, Clouds, humidity: 61%
2026-09-22 18:45:30,387 - root - INFO - [448/1205] Fetching weather for Ajka...
2026-09-22 18:45:30,504 - root - INFO - Fetched weather for Ajka: 12.4°C, Clouds, humidity: 60%
2026-09-22 18:45:31,605 - root - INFO - [449/1205] Fetching weather for Ajka-Gyártelep...
2026-09-22 18:45:31,739 - root - INFO - Fetched weather for Ajka-Gyártelep: 12.4°C, Clouds, humidity: 60%
2026-09-22 18:45:32,840 - root - INFO - [450/1205] Fetching weather for Devecser...
2026-09-22 18:45:32,958 - root - INFO - Fetched weather for Devecser: 12.8°C, Clouds, humidity: 60%
2026-09-22 18:45:34,059 - root - INFO - [451/1205] Fetching weather for Somlóvásárhely...
2026-09-22 18:45:34,222 - root - INFO - Fetched weather for Somlóvásárhely: 12.9°C, Clouds, humidity: 60%
2026-09-22 18:45:35,323 - root - INFO - [452/1205] Fetching weather for Tüskevár...
2026-09-22 18:45:35,451 - root - INFO - Fetched weather for Tüskevár: 13.0°C, Clouds, humidity: 60%
2026-09-22 18:45:36,552 - root - INFO - [453/1205] Fetching weather for Karakószörcsök...
2026-09-22 18:45:36,683 - root - INFO - Fetched weather for Karakószörcsök: 14.2°C, Clouds, humidity: 60%
2026-09-22 18:45:37,784 - root - INFO - [454/1205] Fetching weather for Kerta...
2026-09-22 18:45:37,911 - root - INFO - Fetched weather for Kerta: 14.2°C, Clear, humidity: 60%
2026-09-22 18:45:39,013 - root - INFO - [455/1205] Fetching weather for Boba...
2026-09-22 18:45:39,129 - root - INFO - Fetched weather for Boba: 14.1°C, Clear, humidity: 60%
2026-09-22 18:45:40,230 - root - INFO - [456/1205] Fetching weather for Börgönd...
2026-09-22 18:45:40,383 - root - INFO - Fetched weather for Börgönd: 13.0°C, Clear, humidity: 65%
2026-09-22 18:45:41,485 - root - INFO - [457/1205] Fetching weather for Belsőbáránd...
2026-09-22 18:45:41,611 - root - INFO - Fetched weather for Belsőbáránd: 13.0°C, Clear, humidity: 65%
2026-09-22 18:45:42,712 - root - INFO - [458/1205] Fetching weather for Zichyújfalu...
2026-09-22 18:45:42,829 - root - INFO - Fetched weather for Zichyújfalu: 12.9°C, Clear, humidity: 65%
2026-09-22 18:45:43,930 - root - INFO - [459/1205] Fetching weather for Seregélyes...
2026-09-22 18:45:44,056 - root - INFO - Fetched weather for Seregélyes: 13.2°C, Clear, humidity: 65%
2026-09-22 18:45:45,157 - root - INFO - [460/1205] Fetching weather for Polgárdi-Ipartelepek...
2026-09-22 18:45:45,273 - root - INFO - Fetched weather for Polgárdi-Ipartelepek: 13.0°C, Clear, humidity: 66%
2026-09-22 18:45:46,374 - root - INFO - [461/1205] Fetching weather for Polgárdi...
2026-09-22 18:45:46,526 - root - INFO - Fetched weather for Polgárdi: 13.0°C, Clear, humidity: 66%
2026-09-22 18:45:47,627 - root - INFO - [462/1205] Fetching weather for Füle...
2026-09-22 18:45:47,755 - root - INFO - Fetched weather for Füle: 13.1°C, Clear, humidity: 66%
2026-09-22 18:45:48,856 - root - INFO - [463/1205] Fetching weather for Zánka-Erzsébettábor...
2026-09-22 18:45:48,982 - root - INFO - Fetched weather for Zánka-Erzsébettábor: 14.5°C, Clear, humidity: 59%
2026-09-22 18:45:50,083 - root - INFO - [464/1205] Fetching weather for Csajág...
2026-09-22 18:45:50,214 - root - INFO - Fetched weather for Csajág: 13.4°C, Clear, humidity: 68%
2026-09-22 18:45:51,315 - root - INFO - [465/1205] Fetching weather for Balatonakarattya...
2026-09-22 18:45:51,427 - root - INFO - Fetched weather for Balatonakarattya: 13.4°C, Clear, humidity: 68%
2026-09-22 18:45:52,528 - root - INFO - [466/1205] Fetching weather for Csittényhegy...
2026-09-22 18:45:52,677 - root - INFO - Fetched weather for Csittényhegy: 13.7°C, Clear, humidity: 68%
2026-09-22 18:45:53,779 - root - INFO - [467/1205] Fetching weather for Balatonkenese...
2026-09-22 18:45:53,904 - root - INFO - Fetched weather for Balatonkenese: 13.9°C, Clear, humidity: 68%
2026-09-22 18:45:55,005 - root - INFO - [468/1205] Fetching weather for Balatonfűzfő...
2026-09-22 18:45:55,123 - root - INFO - Fetched weather for Balatonfűzfő: 13.7°C, Clear, humidity: 66%
2026-09-22 18:45:56,225 - root - INFO - [469/1205] Fetching weather for Balatonalmádi...
2026-09-22 18:45:56,354 - root - INFO - Fetched weather for Balatonalmádi: 13.9°C, Clear, humidity: 66%
2026-09-22 18:45:57,455 - root - INFO - [470/1205] Fetching weather for Káptalanfüred...
2026-09-22 18:45:57,569 - root - INFO - Fetched weather for Káptalanfüred: 13.2°C, Clear, humidity: 65%
2026-09-22 18:45:58,670 - root - INFO - [471/1205] Fetching weather for Alsóörs...
2026-09-22 18:45:58,825 - root - INFO - Fetched weather for Alsóörs: 13.2°C, Clear, humidity: 65%
2026-09-22 18:45:59,927 - root - INFO - [472/1205] Fetching weather for Csopak...
2026-09-22 18:46:00,053 - root - INFO - Fetched weather for Csopak: 13.7°C, Clear, humidity: 61%
2026-09-22 18:46:01,155 - root - INFO - [473/1205] Fetching weather for Balatonarács...
2026-09-22 18:46:01,273 - root - INFO - Fetched weather for Balatonarács: 13.7°C, Clear, humidity: 61%
2026-09-22 18:46:02,374 - root - INFO - [474/1205] Fetching weather for Balatonfüred...
2026-09-22 18:46:02,507 - root - INFO - Fetched weather for Balatonfüred: 14.2°C, Clear, humidity: 60%
2026-09-22 18:46:03,608 - root - INFO - [475/1205] Fetching weather for Aszófő...
2026-09-22 18:46:03,728 - root - INFO - Fetched weather for Aszófő: 14.2°C, Clear, humidity: 60%
2026-09-22 18:46:04,829 - root - INFO - [476/1205] Fetching weather for Örvényes...
2026-09-22 18:46:04,978 - root - INFO - Fetched weather for Örvényes: 14.2°C, Clear, humidity: 60%
2026-09-22 18:46:06,079 - root - INFO - [477/1205] Fetching weather for Balatonudvari...
2026-09-22 18:46:06,210 - root - INFO - Fetched weather for Balatonudvari: 13.8°C, Clear, humidity: 60%
2026-09-22 18:46:07,311 - root - INFO - [478/1205] Fetching weather for Fövenyes...
2026-09-22 18:46:07,439 - root - INFO - Fetched weather for Fövenyes: 14.4°C, Clear, humidity: 60%
2026-09-22 18:46:08,540 - root - INFO - [479/1205] Fetching weather for Balatonakali-Dörgicse...
2026-09-22 18:46:08,679 - root - INFO - Fetched weather for Balatonakali-Dörgicse: 14.1°C, Clear, humidity: 60%
2026-09-22 18:46:09,781 - root - INFO - [480/1205] Fetching weather for Zánka-Köveskál...
2026-09-22 18:46:09,922 - root - INFO - Fetched weather for Zánka-Köveskál: 14.2°C, Clear, humidity: 59%
2026-09-22 18:46:11,024 - root - INFO - [481/1205] Fetching weather for Balatonszepezd...
2026-09-22 18:46:11,180 - root - INFO - Fetched weather for Balatonszepezd: 14.5°C, Clear, humidity: 59%
2026-09-22 18:46:12,281 - root - INFO - [482/1205] Fetching weather for Szepezdfürdő...
2026-09-22 18:46:12,411 - root - INFO - Fetched weather for Szepezdfürdő: 13.5°C, Clear, humidity: 58%
2026-09-22 18:46:13,512 - root - INFO - [483/1205] Fetching weather for Révfülöp...
2026-09-22 18:46:13,631 - root - INFO - Fetched weather for Révfülöp: 13.5°C, Clear, humidity: 58%
2026-09-22 18:46:14,732 - root - INFO - [484/1205] Fetching weather for Balatonrendes...
2026-09-22 18:46:14,865 - root - INFO - Fetched weather for Balatonrendes: 14.2°C, Clear, humidity: 57%
2026-09-22 18:46:15,966 - root - INFO - [485/1205] Fetching weather for Ábrahámhegy...
2026-09-22 18:46:16,082 - root - INFO - Fetched weather for Ábrahámhegy: 14.2°C, Clear, humidity: 57%
2026-09-22 18:46:17,183 - root - INFO - [486/1205] Fetching weather for Badacsonyörs...
2026-09-22 18:46:17,341 - root - INFO - Fetched weather for Badacsonyörs: 14.4°C, Clear, humidity: 57%
2026-09-22 18:46:18,442 - root - INFO - [487/1205] Fetching weather for Kisújszállás...
2026-09-22 18:46:18,570 - root - INFO - Fetched weather for Kisújszállás: 11.7°C, Clouds, humidity: 75%
2026-09-22 18:46:19,671 - root - INFO - [488/1205] Fetching weather for Karcag...
2026-09-22 18:46:19,792 - root - INFO - Fetched weather for Karcag: 11.6°C, Clouds, humidity: 78%
2026-09-22 18:46:20,893 - root - INFO - [489/1205] Fetching weather for Püspökladány...
2026-09-22 18:46:21,035 - root - INFO - Fetched weather for Püspökladány: 11.5°C, Clouds, humidity: 79%
2026-09-22 18:46:22,136 - root - INFO - [490/1205] Fetching weather for Kaba...
2026-09-22 18:46:22,249 - root - INFO - Fetched weather for Kaba: 10.1°C, Clouds, humidity: 82%
2026-09-22 18:46:23,350 - root - INFO - [491/1205] Fetching weather for Hajdúszoboszló...
2026-09-22 18:46:23,502 - root - INFO - Fetched weather for Hajdúszoboszló: 10.1°C, Clouds, humidity: 87%
2026-09-22 18:46:24,603 - root - INFO - [492/1205] Fetching weather for Ebes...
2026-09-22 18:46:24,732 - root - INFO - Fetched weather for Ebes: 10.0°C, Clouds, humidity: 87%
2026-09-22 18:46:25,833 - root - INFO - [493/1205] Fetching weather for Debrecen...
2026-09-22 18:46:25,951 - root - INFO - Fetched weather for Debrecen: 9.9°C, Clouds, humidity: 87%
2026-09-22 18:46:27,052 - root - INFO - [494/1205] Fetching weather for Debrecen-Csapókert...
2026-09-22 18:46:27,181 - root - INFO - Fetched weather for Debrecen-Csapókert: 9.9°C, Clouds, humidity: 87%
2026-09-22 18:46:28,281 - root - INFO - [495/1205] Fetching weather for Apafa...
2026-09-22 18:46:28,393 - root - INFO - Fetched weather for Apafa: 9.8°C, Clouds, humidity: 87%
2026-09-22 18:46:29,494 - root - INFO - [496/1205] Fetching weather for Bocskaikert...
2026-09-22 18:46:29,645 - root - INFO - Fetched weather for Bocskaikert: 9.8°C, Clouds, humidity: 87%
2026-09-22 18:46:30,746 - root - INFO - [497/1205] Fetching weather for Hajdúhadház...
2026-09-22 18:46:30,872 - root - INFO - Fetched weather for Hajdúhadház: 9.7°C, Clouds, humidity: 85%
2026-09-22 18:46:31,973 - root - INFO - [498/1205] Fetching weather for Téglás...
2026-09-22 18:46:32,094 - root - INFO - Fetched weather for Téglás: 9.8°C, Clouds, humidity: 85%
2026-09-22 18:46:33,196 - root - INFO - [499/1205] Fetching weather for Újfehértó...
2026-09-22 18:46:33,335 - root - INFO - Fetched weather for Újfehértó: 11.0°C, Clouds, humidity: 83%
2026-09-22 18:46:34,437 - root - INFO - [500/1205] Fetching weather for Nyíregyháza...
2026-09-22 18:46:34,584 - root - INFO - Fetched weather for Nyíregyháza: 11.1°C, Clouds, humidity: 79%
2026-09-22 18:46:35,685 - root - INFO - [501/1205] Fetching weather for Sóstó...
2026-09-22 18:46:35,839 - root - INFO - Fetched weather for Sóstó: 14.3°C, Clouds, humidity: 81%
2026-09-22 18:46:36,940 - root - INFO - [502/1205] Fetching weather for Sóstóhegy...
2026-09-22 18:46:37,076 - root - INFO - Fetched weather for Sóstóhegy: 14.3°C, Clouds, humidity: 80%
2026-09-22 18:46:38,177 - root - INFO - [503/1205] Fetching weather for Kemecse...
2026-09-22 18:46:38,302 - root - INFO - Fetched weather for Kemecse: 11.1°C, Clouds, humidity: 82%
2026-09-22 18:46:39,403 - root - INFO - [504/1205] Fetching weather for Nyírbogdány...
2026-09-22 18:46:39,535 - root - INFO - Fetched weather for Nyírbogdány: 11.1°C, Clouds, humidity: 83%
2026-09-22 18:46:40,637 - root - INFO - [505/1205] Fetching weather for Kék...
2026-09-22 18:46:40,800 - root - INFO - Fetched weather for Kék: 11.1°C, Clouds, humidity: 83%
2026-09-22 18:46:41,902 - root - INFO - [506/1205] Fetching weather for Demecser...
2026-09-22 18:46:42,060 - root - INFO - Fetched weather for Demecser: 11.2°C, Clouds, humidity: 83%
2026-09-22 18:46:43,162 - root - INFO - [507/1205] Fetching weather for Gégény...
2026-09-22 18:46:43,289 - root - INFO - Fetched weather for Gégény: 11.2°C, Clouds, humidity: 83%
2026-09-22 18:46:44,391 - root - INFO - [508/1205] Fetching weather for Pátroha...
2026-09-22 18:46:44,510 - root - INFO - Fetched weather for Pátroha: 11.2°C, Clouds, humidity: 83%
2026-09-22 18:46:45,612 - root - INFO - [509/1205] Fetching weather for Ajak...
2026-09-22 18:46:45,741 - root - INFO - Fetched weather for Ajak: 11.2°C, Clouds, humidity: 82%
2026-09-22 18:46:46,843 - root - INFO - [510/1205] Fetching weather for Kisvárda...
2026-09-22 18:46:46,999 - root - INFO - Fetched weather for Kisvárda: 11.2°C, Clouds, humidity: 82%
2026-09-22 18:46:48,101 - root - INFO - [511/1205] Fetching weather for Kisvárda-Hármasút...
2026-09-22 18:46:48,252 - root - INFO - Fetched weather for Kisvárda-Hármasút: 11.2°C, Clouds, humidity: 82%
2026-09-22 18:46:49,354 - root - INFO - [512/1205] Fetching weather for Fényeslitke...
2026-09-22 18:46:49,481 - root - INFO - Fetched weather for Fényeslitke: 11.3°C, Clouds, humidity: 81%
2026-09-22 18:46:50,582 - root - INFO - [513/1205] Fetching weather for Komoró...
2026-09-22 18:46:50,700 - root - INFO - Fetched weather for Komoró: 11.3°C, Clouds, humidity: 81%
2026-09-22 18:46:51,802 - root - INFO - [514/1205] Fetching weather for Tuzsér...
2026-09-22 18:46:51,929 - root - INFO - Fetched weather for Tuzsér: 11.3°C, Clouds, humidity: 81%
2026-09-22 18:46:53,031 - root - INFO - [515/1205] Fetching weather for Tiszabezdéd...
2026-09-22 18:46:53,185 - root - INFO - Fetched weather for Tiszabezdéd: 11.4°C, Clouds, humidity: 81%
2026-09-22 18:46:54,286 - root - INFO - [516/1205] Fetching weather for Záhony...
2026-09-22 18:46:54,441 - root - INFO - Fetched weather for Záhony: 11.4°C, Clouds, humidity: 81%
2026-09-22 18:46:55,543 - root - INFO - [517/1205] Fetching weather for Karcag-Vásártér...
2026-09-22 18:46:55,670 - root - INFO - Fetched weather for Karcag-Vásártér: 11.7°C, Clouds, humidity: 78%
2026-09-22 18:46:56,771 - root - INFO - [518/1205] Fetching weather for Berekfürdő...
2026-09-22 18:46:56,892 - root - INFO - Fetched weather for Berekfürdő: 11.7°C, Clouds, humidity: 78%
2026-09-22 18:46:57,994 - root - INFO - [519/1205] Fetching weather for Kunmadaras...
2026-09-22 18:46:58,121 - root - INFO - Fetched weather for Kunmadaras: 11.7°C, Clouds, humidity: 69%
2026-09-22 18:46:59,222 - root - INFO - [520/1205] Fetching weather for Tiszaszentimre...
2026-09-22 18:46:59,382 - root - INFO - Fetched weather for Tiszaszentimre: 11.7°C, Clouds, humidity: 69%
2026-09-22 18:47:00,483 - root - INFO - [521/1205] Fetching weather for Tiszaszőlős...
2026-09-22 18:47:00,640 - root - INFO - Fetched weather for Tiszaszőlős: 11.7°C, Clouds, humidity: 69%
2026-09-22 18:47:01,742 - root - INFO - [522/1205] Fetching weather for Hosszúhát...
2026-09-22 18:47:01,876 - root - INFO - Fetched weather for Hosszúhát: 11.5°C, Clouds, humidity: 78%
2026-09-22 18:47:02,978 - root - INFO - [523/1205] Fetching weather for Szerep...
2026-09-22 18:47:03,095 - root - INFO - Fetched weather for Szerep: 11.5°C, Clouds, humidity: 79%
2026-09-22 18:47:04,196 - root - INFO - [524/1205] Fetching weather for Sárrétudvari...
2026-09-22 18:47:04,324 - root - INFO - Fetched weather for Sárrétudvari: 11.4°C, Clouds, humidity: 80%
2026-09-22 18:47:05,426 - root - INFO - [525/1205] Fetching weather for Biharnagybajom...
2026-09-22 18:47:05,579 - root - INFO - Fetched weather for Biharnagybajom: 11.4°C, Clouds, humidity: 79%
2026-09-22 18:47:06,681 - root - INFO - [526/1205] Fetching weather for Füzesgyarmat...
2026-09-22 18:47:06,838 - root - INFO - Fetched weather for Füzesgyarmat: 11.5°C, Clouds, humidity: 78%
2026-09-22 18:47:07,940 - root - INFO - [527/1205] Fetching weather for Füzesgyarmatfürdő...
2026-09-22 18:47:08,067 - root - INFO - Fetched weather for Füzesgyarmatfürdő: 11.5°C, Clouds, humidity: 78%
2026-09-22 18:47:09,169 - root - INFO - [528/1205] Fetching weather for Báránd...
2026-09-22 18:47:09,299 - root - INFO - Fetched weather for Báránd: 11.4°C, Clouds, humidity: 81%
2026-09-22 18:47:10,400 - root - INFO - [529/1205] Fetching weather for Sáp...
2026-09-22 18:47:10,508 - root - INFO - Fetched weather for Sáp: 11.4°C, Clouds, humidity: 82%
2026-09-22 18:47:11,609 - root - INFO - [530/1205] Fetching weather for Berettyóújfalu...
2026-09-22 18:47:11,737 - root - INFO - Fetched weather for Berettyóújfalu: 11.3°C, Clouds, humidity: 81%
2026-09-22 18:47:12,839 - root - INFO - [531/1205] Fetching weather for Mezőpeterd...
2026-09-22 18:47:12,991 - root - INFO - Fetched weather for Mezőpeterd: 11.4°C, Clouds, humidity: 81%
2026-09-22 18:47:14,093 - root - INFO - [532/1205] Fetching weather for Biharkeresztes...
2026-09-22 18:47:14,221 - root - INFO - Fetched weather for Biharkeresztes: 11.4°C, Clouds, humidity: 88%
2026-09-22 18:47:15,322 - root - INFO - [533/1205] Fetching weather for Tócóvölgy...
2026-09-22 18:47:15,458 - root - INFO - Fetched weather for Tócóvölgy: 10.0°C, Clouds, humidity: 87%
2026-09-22 18:47:16,559 - root - INFO - [534/1205] Fetching weather for Sáregres...
2026-09-22 18:47:16,666 - root - INFO - Fetched weather for Sáregres: 13.3°C, Clear, humidity: 67%
2026-09-22 18:47:17,768 - root - INFO - [535/1205] Fetching weather for Simontornya...
2026-09-22 18:47:17,894 - root - INFO - Fetched weather for Simontornya: 13.3°C, Clear, humidity: 67%
2026-09-22 18:47:18,996 - root - INFO - [536/1205] Fetching weather for Tolnanémedi...
2026-09-22 18:47:19,155 - root - INFO - Fetched weather for Tolnanémedi: 13.4°C, Clear, humidity: 67%
2026-09-22 18:47:20,256 - root - INFO - [537/1205] Fetching weather for Pincehely...
2026-09-22 18:47:20,392 - root - INFO - Fetched weather for Pincehely: 13.4°C, Clear, humidity: 66%
2026-09-22 18:47:21,494 - root - INFO - [538/1205] Fetching weather for Keszőhidegkút-Gyönk...
2026-09-22 18:47:21,615 - root - INFO - Fetched weather for Keszőhidegkút-Gyönk: 13.4°C, Clear, humidity: 66%
2026-09-22 18:47:22,716 - root - INFO - [539/1205] Fetching weather for Szárazd...
2026-09-22 18:47:22,837 - root - INFO - Fetched weather for Szárazd: 13.4°C, Clear, humidity: 66%
2026-09-22 18:47:23,939 - root - INFO - [540/1205] Fetching weather for Regöly...
2026-09-22 18:47:24,067 - root - INFO - Fetched weather for Regöly: 13.4°C, Clear, humidity: 66%
2026-09-22 18:47:25,169 - root - INFO - [541/1205] Fetching weather for Szakály-Hőgyész...
2026-09-22 18:47:25,323 - root - INFO - Fetched weather for Szakály-Hőgyész: 13.3°C, Clear, humidity: 65%
2026-09-22 18:47:26,425 - root - INFO - [542/1205] Fetching weather for Dúzs...
2026-09-22 18:47:26,553 - root - INFO - Fetched weather for Dúzs: 13.4°C, Clear, humidity: 65%
2026-09-22 18:47:27,655 - root - INFO - [543/1205] Fetching weather for Csibrák...
2026-09-22 18:47:27,776 - root - INFO - Fetched weather for Csibrák: 13.5°C, Clear, humidity: 65%
2026-09-22 18:47:28,877 - root - INFO - [544/1205] Fetching weather for Kurd...
2026-09-22 18:47:28,985 - root - INFO - Fetched weather for Kurd: 13.2°C, Clear, humidity: 65%
2026-09-22 18:47:30,086 - root - INFO - [545/1205] Fetching weather for Döbrököz...
2026-09-22 18:47:30,214 - root - INFO - Fetched weather for Döbrököz: 13.6°C, Clear, humidity: 64%
2026-09-22 18:47:31,316 - root - INFO - [546/1205] Fetching weather for Dombóvár...
2026-09-22 18:47:31,467 - root - INFO - Fetched weather for Dombóvár: 13.6°C, Clear, humidity: 64%
2026-09-22 18:47:32,569 - root - INFO - [547/1205] Fetching weather for Dombóvár alsó...
2026-09-22 18:47:32,697 - root - INFO - Fetched weather for Dombóvár alsó: 13.6°C, Clear, humidity: 64%
2026-09-22 18:47:33,798 - root - INFO - [548/1205] Fetching weather for Somoskőújfalu...
2026-09-22 18:47:33,920 - root - INFO - Fetched weather for Somoskőújfalu: 9.4°C, Clouds, humidity: 73%
2026-09-22 18:47:35,022 - root - INFO - [549/1205] Fetching weather for Jászfényszaru...
2026-09-22 18:47:35,135 - root - INFO - Fetched weather for Jászfényszaru: 13.1°C, Clear, humidity: 66%
2026-09-22 18:47:36,237 - root - INFO - [550/1205] Fetching weather for Pusztamonostor...
2026-09-22 18:47:36,373 - root - INFO - Fetched weather for Pusztamonostor: 12.7°C, Clear, humidity: 67%
2026-09-22 18:47:37,475 - root - INFO - [551/1205] Fetching weather for Jászberény...
2026-09-22 18:47:37,626 - root - INFO - Fetched weather for Jászberény: 12.8°C, Clouds, humidity: 70%
2026-09-22 18:47:38,728 - root - INFO - [552/1205] Fetching weather for Meggyespele...
2026-09-22 18:47:38,864 - root - INFO - Fetched weather for Meggyespele: 12.8°C, Clouds, humidity: 61%
2026-09-22 18:47:39,966 - root - INFO - [553/1205] Fetching weather for Portelek...
2026-09-22 18:47:40,092 - root - INFO - Fetched weather for Portelek: 12.9°C, Clouds, humidity: 61%
2026-09-22 18:47:41,193 - root - INFO - [554/1205] Fetching weather for Jászboldogháza-Jánoshida...
2026-09-22 18:47:41,299 - root - INFO - Fetched weather for Jászboldogháza-Jánoshida: 12.8°C, Clouds, humidity: 61%
2026-09-22 18:47:42,401 - root - INFO - [555/1205] Fetching weather for Jászárokszállás...
2026-09-22 18:47:42,543 - root - INFO - Fetched weather for Jászárokszállás: 12.1°C, Clouds, humidity: 73%
2026-09-22 18:47:43,645 - root - INFO - [556/1205] Fetching weather for Jászdózsa...
2026-09-22 18:47:43,798 - root - INFO - Fetched weather for Jászdózsa: 12.1°C, Clouds, humidity: 72%
2026-09-22 18:47:44,900 - root - INFO - [557/1205] Fetching weather for Jászapáti...
2026-09-22 18:47:45,033 - root - INFO - Fetched weather for Jászapáti: 12.0°C, Clouds, humidity: 70%
2026-09-22 18:47:46,135 - root - INFO - [558/1205] Fetching weather for Jászkisér...
2026-09-22 18:47:46,253 - root - INFO - Fetched weather for Jászkisér: 11.7°C, Clouds, humidity: 70%
2026-09-22 18:47:47,355 - root - INFO - [559/1205] Fetching weather for Jászladány...
2026-09-22 18:47:47,465 - root - INFO - Fetched weather for Jászladány: 12.9°C, Clouds, humidity: 69%
2026-09-22 18:47:48,567 - root - INFO - [560/1205] Fetching weather for Szászberek...
2026-09-22 18:47:48,697 - root - INFO - Fetched weather for Szászberek: 12.9°C, Clouds, humidity: 61%
2026-09-22 18:47:49,799 - root - INFO - [561/1205] Fetching weather for Gyöngyöshalász...
2026-09-22 18:47:49,962 - root - INFO - Fetched weather for Gyöngyöshalász: 11.8°C, Clear, humidity: 75%
2026-09-22 18:47:51,063 - root - INFO - [562/1205] Fetching weather for Gyöngyös...
2026-09-22 18:47:51,192 - root - INFO - Fetched weather for Gyöngyös: 11.3°C, Clear, humidity: 78%
2026-09-22 18:47:52,294 - root - INFO - [563/1205] Fetching weather for Erdőtelek...
2026-09-22 18:47:52,426 - root - INFO - Fetched weather for Erdőtelek: 11.6°C, Clouds, humidity: 76%
2026-09-22 18:47:53,528 - root - INFO - [564/1205] Fetching weather for Heves...
2026-09-22 18:47:53,640 - root - INFO - Fetched weather for Heves: 11.6°C, Clouds, humidity: 73%
2026-09-22 18:47:54,742 - root - INFO - [565/1205] Fetching weather for Hevesvezekény...
2026-09-22 18:47:54,872 - root - INFO - Fetched weather for Hevesvezekény: 11.7°C, Clouds, humidity: 69%
2026-09-22 18:47:55,973 - root - INFO - [566/1205] Fetching weather for Tarnaszentmiklós...
2026-09-22 18:47:56,127 - root - INFO - Fetched weather for Tarnaszentmiklós: 11.7°C, Clouds, humidity: 69%
2026-09-22 18:47:57,229 - root - INFO - [567/1205] Fetching weather for Kisköre...
2026-09-22 18:47:57,359 - root - INFO - Fetched weather for Kisköre: 11.7°C, Clouds, humidity: 69%
2026-09-22 18:47:58,461 - root - INFO - [568/1205] Fetching weather for Abádszalók...
2026-09-22 18:47:58,581 - root - INFO - Fetched weather for Abádszalók: 11.7°C, Clouds, humidity: 69%
2026-09-22 18:47:59,682 - root - INFO - [569/1205] Fetching weather for Kunhegyes...
2026-09-22 18:47:59,794 - root - INFO - Fetched weather for Kunhegyes: 11.7°C, Clouds, humidity: 69%
2026-09-22 18:48:00,896 - root - INFO - [570/1205] Fetching weather for Kenderes...
2026-09-22 18:48:01,028 - root - INFO - Fetched weather for Kenderes: 11.7°C, Clouds, humidity: 74%
2026-09-22 18:48:02,130 - root - INFO - [571/1205] Fetching weather for Maklár...
2026-09-22 18:48:02,284 - root - INFO - Fetched weather for Maklár: 11.2°C, Clouds, humidity: 82%
2026-09-22 18:48:03,386 - root - INFO - [572/1205] Fetching weather for Andornaktálya...
2026-09-22 18:48:03,520 - root - INFO - Fetched weather for Andornaktálya: 11.2°C, Clouds, humidity: 84%
2026-09-22 18:48:04,622 - root - INFO - [573/1205] Fetching weather for Eger...
2026-09-22 18:48:04,742 - root - INFO - Fetched weather for Eger: 11.1°C, Clouds, humidity: 85%
2026-09-22 18:48:05,844 - root - INFO - [574/1205] Fetching weather for Egervár...
2026-09-22 18:48:05,952 - root - INFO - Fetched weather for Egervár: 10.9°C, Clouds, humidity: 100%
2026-09-22 18:48:07,054 - root - INFO - [575/1205] Fetching weather for Eger-Felnémet...
2026-09-22 18:48:07,196 - root - INFO - Fetched weather for Eger-Felnémet: 11.0°C, Clouds, humidity: 100%
2026-09-22 18:48:08,297 - root - INFO - [576/1205] Fetching weather for Szarvaskő...
2026-09-22 18:48:08,452 - root - INFO - Fetched weather for Szarvaskő: 10.6°C, Clouds, humidity: 100%
2026-09-22 18:48:09,554 - root - INFO - [577/1205] Fetching weather for Mónosbél...
2026-09-22 18:48:09,681 - root - INFO - Fetched weather for Mónosbél: 10.4°C, Clouds, humidity: 100%
2026-09-22 18:48:10,783 - root - INFO - [578/1205] Fetching weather for Bélapátfalva...
2026-09-22 18:48:10,907 - root - INFO - Fetched weather for Bélapátfalva: 10.2°C, Clouds, humidity: 88%
2026-09-22 18:48:12,008 - root - INFO - [579/1205] Fetching weather for Bélapátfalvi Cementgyár...
2026-09-22 18:48:12,121 - root - INFO - Fetched weather for Bélapátfalvi Cementgyár: 10.1°C, Clouds, humidity: 91%
2026-09-22 18:48:13,223 - root - INFO - [580/1205] Fetching weather for Szilvásvárad...
2026-09-22 18:48:13,353 - root - INFO - Fetched weather for Szilvásvárad: 10.3°C, Clouds, humidity: 82%
2026-09-22 18:48:14,455 - root - INFO - [581/1205] Fetching weather for Hejőkeresztúr...
2026-09-22 18:48:14,607 - root - INFO - Fetched weather for Hejőkeresztúr: 11.3°C, Clouds, humidity: 73%
2026-09-22 18:48:15,709 - root - INFO - [582/1205] Fetching weather for Tiszaújváros...
2026-09-22 18:48:15,850 - root - INFO - Fetched weather for Tiszaújváros: 11.4°C, Clouds, humidity: 82%
2026-09-22 18:48:16,952 - root - INFO - [583/1205] Fetching weather for Miskolc-Gömöri...
2026-09-22 18:48:17,070 - root - INFO - Fetched weather for Miskolc-Gömöri: 11.3°C, Clouds, humidity: 89%
2026-09-22 18:48:18,172 - root - INFO - [584/1205] Fetching weather for Sajókeresztúr...
2026-09-22 18:48:18,292 - root - INFO - Fetched weather for Sajókeresztúr: 11.3°C, Clouds, humidity: 100%
2026-09-22 18:48:19,394 - root - INFO - [585/1205] Fetching weather for Sajóecseg...
2026-09-22 18:48:19,523 - root - INFO - Fetched weather for Sajóecseg: 11.3°C, Clouds, humidity: 100%
2026-09-22 18:48:20,624 - root - INFO - [586/1205] Fetching weather for Sajószentpéter...
2026-09-22 18:48:20,775 - root - INFO - Fetched weather for Sajószentpéter: 11.2°C, Clouds, humidity: 100%
2026-09-22 18:48:21,876 - root - INFO - [587/1205] Fetching weather for Kazincbarcika...
2026-09-22 18:48:22,006 - root - INFO - Fetched weather for Kazincbarcika: 11.3°C, Clouds, humidity: 85%
2026-09-22 18:48:23,107 - root - INFO - [588/1205] Fetching weather for Sajókaza...
2026-09-22 18:48:23,227 - root - INFO - Fetched weather for Sajókaza: 12.6°C, Clouds, humidity: 85%
2026-09-22 18:48:24,329 - root - INFO - [589/1205] Fetching weather for Vadna...
2026-09-22 18:48:24,436 - root - INFO - Fetched weather for Vadna: 12.5°C, Clouds, humidity: 85%
2026-09-22 18:48:25,538 - root - INFO - [590/1205] Fetching weather for Dubicsány...
2026-09-22 18:48:25,669 - root - INFO - Fetched weather for Dubicsány: 12.4°C, Clouds, humidity: 53%
2026-09-22 18:48:26,771 - root - INFO - [591/1205] Fetching weather for Raposka...
2026-09-22 18:48:26,919 - root - INFO - Fetched weather for Raposka: 15.1°C, Clear, humidity: 56%
2026-09-22 18:48:28,021 - root - INFO - [592/1205] Fetching weather for Ivacs...
2026-09-22 18:48:28,150 - root - INFO - Fetched weather for Ivacs: 12.5°C, Clear, humidity: 70%
2026-09-22 18:48:29,252 - root - INFO - [593/1205] Fetching weather for Kisköre-Tiszahíd...
2026-09-22 18:48:29,377 - root - INFO - Fetched weather for Kisköre-Tiszahíd: 11.7°C, Clouds, humidity: 69%
2026-09-22 18:48:30,478 - root - INFO - [594/1205] Fetching weather for Rozsály...
2026-09-22 18:48:30,592 - root - INFO - Fetched weather for Rozsály: 10.0°C, Clouds, humidity: 81%
2026-09-22 18:48:31,693 - root - INFO - [595/1205] Fetching weather for Pusztakettős...
2026-09-22 18:48:31,825 - root - INFO - Fetched weather for Pusztakettős: 11.7°C, Clouds, humidity: 69%
2026-09-22 18:48:32,927 - root - INFO - [596/1205] Fetching weather for Kisvác...
2026-09-22 18:48:33,078 - root - INFO - Fetched weather for Kisvác: 12.7°C, Clear, humidity: 70%
2026-09-22 18:48:34,180 - root - INFO - [597/1205] Fetching weather for Tiszafüred-Gyártelep...
2026-09-22 18:48:34,308 - root - INFO - Fetched weather for Tiszafüred-Gyártelep: 11.6°C, Clouds, humidity: 69%
2026-09-22 18:48:35,411 - root - INFO - [598/1205] Fetching weather for Újkenéz...
2026-09-22 18:48:35,534 - root - INFO - Fetched weather for Újkenéz: 11.2°C, Clouds, humidity: 81%
2026-09-22 18:48:36,636 - root - INFO - [599/1205] Fetching weather for Püspökladány-Vásártér...
2026-09-22 18:48:36,744 - root - INFO - Fetched weather for Püspökladány-Vásártér: 11.5°C, Clouds, humidity: 79%
2026-09-22 18:48:37,846 - root - INFO - [600/1205] Fetching weather for Végegyháza alsó...
2026-09-22 18:48:37,974 - root - INFO - Fetched weather for Végegyháza alsó: 13.9°C, Clear, humidity: 71%
2026-09-22 18:48:39,076 - root - INFO - [601/1205] Fetching weather for Orosháza felső...
2026-09-22 18:48:39,229 - root - INFO - Fetched weather for Orosháza felső: 11.9°C, Clear, humidity: 66%
2026-09-22 18:48:40,331 - root - INFO - [602/1205] Fetching weather for Ambrózfalva...
2026-09-22 18:48:40,458 - root - INFO - Fetched weather for Ambrózfalva: 11.9°C, Clear, humidity: 70%
2026-09-22 18:48:41,560 - root - INFO - [603/1205] Fetching weather for Alsónyék...
2026-09-22 18:48:41,678 - root - INFO - Fetched weather for Alsónyék: 13.2°C, Clear, humidity: 64%
2026-09-22 18:48:42,780 - root - INFO - [604/1205] Fetching weather for Tompapuszta...
2026-09-22 18:48:42,886 - root - INFO - Fetched weather for Tompapuszta: 13.9°C, Clear, humidity: 100%
2026-09-22 18:48:43,988 - root - INFO - [605/1205] Fetching weather for Halászlak...
2026-09-22 18:48:44,118 - root - INFO - Fetched weather for Halászlak: 12.0°C, Clear, humidity: 63%
2026-09-22 18:48:45,220 - root - INFO - [606/1205] Fetching weather for Sirató...
2026-09-22 18:48:45,384 - root - INFO - Fetched weather for Sirató: 12.0°C, Clear, humidity: 64%
2026-09-22 18:48:46,486 - root - INFO - [607/1205] Fetching weather for Csabacsűd felső...
2026-09-22 18:48:46,625 - root - INFO - Fetched weather for Csabacsűd felső: 11.9°C, Clear, humidity: 64%
2026-09-22 18:48:47,727 - root - INFO - [608/1205] Fetching weather for Orosháza-Üveggyár...
2026-09-22 18:48:47,848 - root - INFO - Fetched weather for Orosháza-Üveggyár: 11.8°C, Clear, humidity: 66%
2026-09-22 18:48:48,949 - root - INFO - [609/1205] Fetching weather for Gyulai városerdő...
2026-09-22 18:48:49,058 - root - INFO - Fetched weather for Gyulai városerdő: 11.3°C, Clear, humidity: 73%
2026-09-22 18:48:50,160 - root - INFO - [610/1205] Fetching weather for Kórógyszentgyörgy...
2026-09-22 18:48:50,295 - root - INFO - Fetched weather for Kórógyszentgyörgy: 12.8°C, Clear, humidity: 54%
2026-09-22 18:48:51,397 - root - INFO - [611/1205] Fetching weather for Kunszállás...
2026-09-22 18:48:51,553 - root - INFO - Fetched weather for Kunszállás: 13.8°C, Clear, humidity: 53%
2026-09-22 18:48:52,654 - root - INFO - [612/1205] Fetching weather for Selymes...
2026-09-22 18:48:52,800 - root - INFO - Fetched weather for Selymes: 13.9°C, Clear, humidity: 53%
2026-09-22 18:48:53,902 - root - INFO - [613/1205] Fetching weather for Petőfiszállási tanyák...
2026-09-22 18:48:54,022 - root - INFO - Fetched weather for Petőfiszállási tanyák: 13.9°C, Clear, humidity: 53%
2026-09-22 18:48:55,124 - root - INFO - [614/1205] Fetching weather for Kisteleki szőlők...
2026-09-22 18:48:55,236 - root - INFO - Fetched weather for Kisteleki szőlők: 12.2°C, Clear, humidity: 61%
2026-09-22 18:48:56,337 - root - INFO - [615/1205] Fetching weather for Kapitányság...
2026-09-22 18:48:56,468 - root - INFO - Fetched weather for Kapitányság: 12.2°C, Clear, humidity: 63%
2026-09-22 18:48:57,570 - root - INFO - [616/1205] Fetching weather for Őszeszék...
2026-09-22 18:48:57,726 - root - INFO - Fetched weather for Őszeszék: 12.3°C, Clouds, humidity: 63%
2026-09-22 18:48:58,828 - root - INFO - [617/1205] Fetching weather for Vilmaszállás...
2026-09-22 18:48:58,968 - root - INFO - Fetched weather for Vilmaszállás: 12.2°C, Clouds, humidity: 63%
2026-09-22 18:49:00,069 - root - INFO - [618/1205] Fetching weather for Jánosszállás...
2026-09-22 18:49:00,189 - root - INFO - Fetched weather for Jánosszállás: 12.3°C, Clouds, humidity: 63%
2026-09-22 18:49:01,291 - root - INFO - [619/1205] Fetching weather for Felsőpakony...
2026-09-22 18:49:01,397 - root - INFO - Fetched weather for Felsőpakony: 14.1°C, Clear, humidity: 58%
2026-09-22 18:49:02,499 - root - INFO - [620/1205] Fetching weather for Felsőméntelek...
2026-09-22 18:49:02,628 - root - INFO - Fetched weather for Felsőméntelek: 11.9°C, Clear, humidity: 62%
2026-09-22 18:49:03,729 - root - INFO - [621/1205] Fetching weather for Alsóméntelek...
2026-09-22 18:49:03,880 - root - INFO - Fetched weather for Alsóméntelek: 11.9°C, Clear, humidity: 62%
2026-09-22 18:49:04,983 - root - INFO - [622/1205] Fetching weather for Nagynyír...
2026-09-22 18:49:05,123 - root - INFO - Fetched weather for Nagynyír: 11.9°C, Clear, humidity: 62%
2026-09-22 18:49:06,225 - root - INFO - [623/1205] Fetching weather for Úrihegy...
2026-09-22 18:49:06,347 - root - INFO - Fetched weather for Úrihegy: 11.9°C, Clear, humidity: 62%
2026-09-22 18:49:07,449 - root - INFO - [624/1205] Fetching weather for Miklóstelep...
2026-09-22 18:49:07,561 - root - INFO - Fetched weather for Miklóstelep: 11.9°C, Clear, humidity: 62%
2026-09-22 18:49:08,663 - root - INFO - [625/1205] Fetching weather for Tiszajenő alsó...
2026-09-22 18:49:08,791 - root - INFO - Fetched weather for Tiszajenő alsó: 12.2°C, Clear, humidity: 62%
2026-09-22 18:49:09,893 - root - INFO - [626/1205] Fetching weather for Óbög...
2026-09-22 18:49:10,056 - root - INFO - Fetched weather for Óbög: 12.2°C, Clear, humidity: 62%
2026-09-22 18:49:11,158 - root - INFO - [627/1205] Fetching weather for Árpádszállás...
2026-09-22 18:49:11,287 - root - INFO - Fetched weather for Árpádszállás: 12.9°C, Clear, humidity: 58%
2026-09-22 18:49:12,388 - root - INFO - [628/1205] Fetching weather for Tőserdő...
2026-09-22 18:49:12,509 - root - INFO - Fetched weather for Tőserdő: 13.1°C, Clear, humidity: 57%
2026-09-22 18:49:13,612 - root - INFO - [629/1205] Fetching weather for Tiszaalpár felső...
2026-09-22 18:49:13,739 - root - INFO - Fetched weather for Tiszaalpár felső: 13.2°C, Clear, humidity: 57%
2026-09-22 18:49:14,841 - root - INFO - [630/1205] Fetching weather for Borsihalom...
2026-09-22 18:49:14,972 - root - INFO - Fetched weather for Borsihalom: 13.6°C, Clear, humidity: 53%
2026-09-22 18:49:16,074 - root - INFO - [631/1205] Fetching weather for Petőfiváros...
2026-09-22 18:49:16,225 - root - INFO - Fetched weather for Petőfiváros: 13.9°C, Clear, humidity: 53%
2026-09-22 18:49:17,327 - root - INFO - [632/1205] Fetching weather for Csorna...
2026-09-22 18:49:17,459 - root - INFO - Fetched weather for Csorna: 13.1°C, Clouds, humidity: 62%
2026-09-22 18:49:18,561 - root - INFO - [633/1205] Fetching weather for Szorgalmatos...
2026-09-22 18:49:18,679 - root - INFO - Fetched weather for Szorgalmatos: 14.3°C, Clouds, humidity: 53%
2026-09-22 18:49:19,780 - root - INFO - [634/1205] Fetching weather for Fótfürdő...
2026-09-22 18:49:19,887 - root - INFO - Fetched weather for Fótfürdő: 12.4°C, Clear, humidity: 68%
2026-09-22 18:49:20,989 - root - INFO - [635/1205] Fetching weather for Fenyveshegy...
2026-09-22 18:49:21,117 - root - INFO - Fetched weather for Fenyveshegy: 12.9°C, Clear, humidity: 71%
2026-09-22 18:49:22,219 - root - INFO - [636/1205] Fetching weather for Hűvösvölgy...
2026-09-22 18:49:22,371 - root - INFO - Fetched weather for Hűvösvölgy: 12.1°C, Clear, humidity: 69%
2026-09-22 18:49:23,473 - root - INFO - [637/1205] Fetching weather for Hárshegy...
2026-09-22 18:49:23,595 - root - INFO - Fetched weather for Hárshegy: 12.1°C, Clear, humidity: 69%
2026-09-22 18:49:24,697 - root - INFO - [638/1205] Fetching weather for Szépjuhászné...
2026-09-22 18:49:24,818 - root - INFO - Fetched weather for Szépjuhászné: 11.2°C, Clear, humidity: 69%
2026-09-22 18:49:25,920 - root - INFO - [639/1205] Fetching weather for Jánoshegy...
2026-09-22 18:49:26,025 - root - INFO - Fetched weather for Jánoshegy: 11.1°C, Clear, humidity: 69%
2026-09-22 18:49:27,127 - root - INFO - [640/1205] Fetching weather for Virágvölgy...
2026-09-22 18:49:27,255 - root - INFO - Fetched weather for Virágvölgy: 10.8°C, Clear, humidity: 69%
2026-09-22 18:49:28,357 - root - INFO - [641/1205] Fetching weather for Csillebérc...
2026-09-22 18:49:28,515 - root - INFO - Fetched weather for Csillebérc: 10.6°C, Clear, humidity: 69%
2026-09-22 18:49:29,617 - root - INFO - [642/1205] Fetching weather for Normafa...
2026-09-22 18:49:29,744 - root - INFO - Fetched weather for Normafa: 10.7°C, Clear, humidity: 69%
2026-09-22 18:49:30,845 - root - INFO - [643/1205] Fetching weather for Széchenyihegy...
2026-09-22 18:49:30,965 - root - INFO - Fetched weather for Széchenyihegy: 10.7°C, Clear, humidity: 69%
2026-09-22 18:49:32,067 - root - INFO - [644/1205] Fetching weather for Balatonfőkajár felső...
2026-09-22 18:49:32,173 - root - INFO - Fetched weather for Balatonfőkajár felső: 13.4°C, Clear, humidity: 69%
2026-09-22 18:49:33,274 - root - INFO - [645/1205] Fetching weather for Piroska...
2026-09-22 18:49:33,410 - root - INFO - Fetched weather for Piroska: 13.4°C, Clear, humidity: 57%
2026-09-22 18:49:34,512 - root - INFO - [646/1205] Fetching weather for Somodor...
2026-09-22 18:49:34,669 - root - INFO - Fetched weather for Somodor: 13.6°C, Clear, humidity: 61%
2026-09-22 18:49:35,771 - root - INFO - [647/1205] Fetching weather for Középmező...
2026-09-22 18:49:35,901 - root - INFO - Fetched weather for Középmező: 12.8°C, Clear, humidity: 64%
2026-09-22 18:49:37,003 - root - INFO - [648/1205] Fetching weather for Jobbágyi...
2026-09-22 18:49:37,129 - root - INFO - Fetched weather for Jobbágyi: 12.0°C, Clear, humidity: 68%
2026-09-22 18:49:38,231 - root - INFO - [649/1205] Fetching weather for Ferihegy...
2026-09-22 18:49:38,336 - root - INFO - Fetched weather for Ferihegy: 13.6°C, Clear, humidity: 65%
2026-09-22 18:49:39,438 - root - INFO - [650/1205] Fetching weather for Máriapócs...
2026-09-22 18:49:39,577 - root - INFO - Fetched weather for Máriapócs: 10.6°C, Clouds, humidity: 84%
2026-09-22 18:49:40,679 - root - INFO - [651/1205] Fetching weather for Máriaudvar...
2026-09-22 18:49:40,828 - root - INFO - Fetched weather for Máriaudvar: 12.6°C, Clear, humidity: 70%
2026-09-22 18:49:41,930 - root - INFO - [652/1205] Fetching weather for Nagyberki...
2026-09-22 18:49:42,058 - root - INFO - Fetched weather for Nagyberki: 13.4°C, Clear, humidity: 64%
2026-09-22 18:49:43,160 - root - INFO - [653/1205] Fetching weather for Badacsonytomaj...
2026-09-22 18:49:43,280 - root - INFO - Fetched weather for Badacsonytomaj: 14.3°C, Clear, humidity: 59%
2026-09-22 18:49:44,382 - root - INFO - [654/1205] Fetching weather for Badacsony...
2026-09-22 18:49:44,488 - root - INFO - Fetched weather for Badacsony: 15.1°C, Clear, humidity: 59%
2026-09-22 18:49:45,590 - root - INFO - [655/1205] Fetching weather for Badacsonylábdihegy...
2026-09-22 18:49:45,719 - root - INFO - Fetched weather for Badacsonylábdihegy: 15.1°C, Clear, humidity: 59%
2026-09-22 18:49:46,821 - root - INFO - [656/1205] Fetching weather for Badacsonytördemic-Szigliget...
2026-09-22 18:49:46,977 - root - INFO - Fetched weather for Badacsonytördemic-Szigliget: 15.0°C, Clear, humidity: 59%
2026-09-22 18:49:48,079 - root - INFO - [657/1205] Fetching weather for Nemesgulács-Kisapáti...
2026-09-22 18:49:48,214 - root - INFO - Fetched weather for Nemesgulács-Kisapáti: 15.1°C, Clear, humidity: 59%
2026-09-22 18:49:49,316 - root - INFO - [658/1205] Fetching weather for Tapolca...
2026-09-22 18:49:49,442 - root - INFO - Fetched weather for Tapolca: 15.0°C, Clear, humidity: 58%
2026-09-22 18:49:50,544 - root - INFO - [659/1205] Fetching weather for Uzsabánya alsó...
2026-09-22 18:49:50,658 - root - INFO - Fetched weather for Uzsabánya alsó: 14.8°C, Clouds, humidity: 58%
2026-09-22 18:49:51,760 - root - INFO - [660/1205] Fetching weather for Uzsa...
2026-09-22 18:49:51,888 - root - INFO - Fetched weather for Uzsa: 14.8°C, Clouds, humidity: 59%
2026-09-22 18:49:52,990 - root - INFO - [661/1205] Fetching weather for Sümegi Bazaltbánya...
2026-09-22 18:49:53,141 - root - INFO - Fetched weather for Sümegi Bazaltbánya: 13.9°C, Clouds, humidity: 59%
2026-09-22 18:49:54,242 - root - INFO - [662/1205] Fetching weather for Sümeg...
2026-09-22 18:49:54,370 - root - INFO - Fetched weather for Sümeg: 14.1°C, Clear, humidity: 59%
2026-09-22 18:49:55,472 - root - INFO - [663/1205] Fetching weather for Gógánfa...
2026-09-22 18:49:55,595 - root - INFO - Fetched weather for Gógánfa: 14.0°C, Clear, humidity: 59%
2026-09-22 18:49:56,697 - root - INFO - [664/1205] Fetching weather for Ukk...
2026-09-22 18:49:56,804 - root - INFO - Fetched weather for Ukk: 14.0°C, Clear, humidity: 59%
2026-09-22 18:49:57,906 - root - INFO - [665/1205] Fetching weather for Nemeskeresztúr...
2026-09-22 18:49:58,037 - root - INFO - Fetched weather for Nemeskeresztúr: 13.9°C, Clear, humidity: 60%
2026-09-22 18:49:59,139 - root - INFO - [666/1205] Fetching weather for Jánosháza...
2026-09-22 18:49:59,292 - root - INFO - Fetched weather for Jánosháza: 14.0°C, Clear, humidity: 60%
2026-09-22 18:50:00,393 - root - INFO - [667/1205] Fetching weather for Keszthely...
2026-09-22 18:50:00,522 - root - INFO - Fetched weather for Keszthely: 15.1°C, Clear, humidity: 47%
2026-09-22 18:50:01,624 - root - INFO - [668/1205] Fetching weather for Alsógyenes...
2026-09-22 18:50:01,742 - root - INFO - Fetched weather for Alsógyenes: 15.1°C, Clear, humidity: 47%
2026-09-22 18:50:02,843 - root - INFO - [669/1205] Fetching weather for Gyenesdiás...
2026-09-22 18:50:02,948 - root - INFO - Fetched weather for Gyenesdiás: 15.1°C, Clear, humidity: 47%
2026-09-22 18:50:04,049 - root - INFO - [670/1205] Fetching weather for Vonyarcvashegy...
2026-09-22 18:50:04,179 - root - INFO - Fetched weather for Vonyarcvashegy: 15.1°C, Clear, humidity: 47%
2026-09-22 18:50:05,281 - root - INFO - [671/1205] Fetching weather for Balatongyörök...
2026-09-22 18:50:05,446 - root - INFO - Fetched weather for Balatongyörök: 15.1°C, Clear, humidity: 47%
2026-09-22 18:50:06,548 - root - INFO - [672/1205] Fetching weather for Becehegy...
2026-09-22 18:50:06,678 - root - INFO - Fetched weather for Becehegy: 15.1°C, Clear, humidity: 47%
2026-09-22 18:50:07,780 - root - INFO - [673/1205] Fetching weather for Balatonederics...
2026-09-22 18:50:07,909 - root - INFO - Fetched weather for Balatonederics: 15.0°C, Clear, humidity: 57%
2026-09-22 18:50:09,010 - root - INFO - [674/1205] Fetching weather for Dabronc...
2026-09-22 18:50:09,116 - root - INFO - Fetched weather for Dabronc: 14.0°C, Clear, humidity: 59%
2026-09-22 18:50:10,218 - root - INFO - [675/1205] Fetching weather for Türje...
2026-09-22 18:50:10,345 - root - INFO - Fetched weather for Türje: 14.0°C, Clear, humidity: 58%
2026-09-22 18:50:11,446 - root - INFO - [676/1205] Fetching weather for Zalabér-Batyk...
2026-09-22 18:50:11,604 - root - INFO - Fetched weather for Zalabér-Batyk: 14.1°C, Clear, humidity: 57%
2026-09-22 18:50:12,705 - root - INFO - [677/1205] Fetching weather for Pakod...
2026-09-22 18:50:12,833 - root - INFO - Fetched weather for Pakod: 14.0°C, Clear, humidity: 57%
2026-09-22 18:50:13,935 - root - INFO - [678/1205] Fetching weather for Pókaszepetk...
2026-09-22 18:50:14,066 - root - INFO - Fetched weather for Pókaszepetk: 14.1°C, Clear, humidity: 56%
2026-09-22 18:50:15,168 - root - INFO - [679/1205] Fetching weather for Kemendollár...
2026-09-22 18:50:15,273 - root - INFO - Fetched weather for Kemendollár: 14.9°C, Clear, humidity: 56%
2026-09-22 18:50:16,374 - root - INFO - [680/1205] Fetching weather for Zalaegerszeg...
2026-09-22 18:50:16,504 - root - INFO - Fetched weather for Zalaegerszeg: 14.7°C, Clear, humidity: 55%
2026-09-22 18:50:17,605 - root - INFO - [681/1205] Fetching weather for Bocfölde...
2026-09-22 18:50:17,766 - root - INFO - Fetched weather for Bocfölde: 14.8°C, Clear, humidity: 55%
2026-09-22 18:50:18,867 - root - INFO - [682/1205] Fetching weather for Sárhida...
2026-09-22 18:50:18,998 - root - INFO - Fetched weather for Sárhida: 14.8°C, Clear, humidity: 55%
2026-09-22 18:50:20,099 - root - INFO - [683/1205] Fetching weather for Bak...
2026-09-22 18:50:20,233 - root - INFO - Fetched weather for Bak: 14.8°C, Clear, humidity: 54%
2026-09-22 18:50:21,334 - root - INFO - [684/1205] Fetching weather for Tófej...
2026-09-22 18:50:21,441 - root - INFO - Fetched weather for Tófej: 14.6°C, Clear, humidity: 54%
2026-09-22 18:50:22,542 - root - INFO - [685/1205] Fetching weather for Gutorfölde...
2026-09-22 18:50:22,674 - root - INFO - Fetched weather for Gutorfölde: 13.8°C, Clear, humidity: 54%
2026-09-22 18:50:23,776 - root - INFO - [686/1205] Fetching weather for Csömödér-Páka...
2026-09-22 18:50:23,930 - root - INFO - Fetched weather for Csömödér-Páka: 14.1°C, Clear, humidity: 55%
2026-09-22 18:50:25,032 - root - INFO - [687/1205] Fetching weather for Iklódbördőce...
2026-09-22 18:50:25,159 - root - INFO - Fetched weather for Iklódbördőce: 14.0°C, Clear, humidity: 55%
2026-09-22 18:50:26,260 - root - INFO - [688/1205] Fetching weather for Lenti...
2026-09-22 18:50:26,389 - root - INFO - Fetched weather for Lenti: 14.2°C, Clear, humidity: 56%
2026-09-22 18:50:27,491 - root - INFO - [689/1205] Fetching weather for Rédics...
2026-09-22 18:50:27,613 - root - INFO - Fetched weather for Rédics: 14.2°C, Clear, humidity: 56%
2026-09-22 18:50:28,715 - root - INFO - [690/1205] Fetching weather for Zalalövő...
2026-09-22 18:50:28,847 - root - INFO - Fetched weather for Zalalövő: 13.7°C, Clear, humidity: 57%
2026-09-22 18:50:29,948 - root - INFO - [691/1205] Fetching weather for Zalaegerszeg-Ola...
2026-09-22 18:50:30,220 - root - INFO - Fetched weather for Zalaegerszeg-Ola: 13.9°C, Clear, humidity: 55%
2026-09-22 18:50:31,322 - root - INFO - [692/1205] Fetching weather for Andráshida...
2026-09-22 18:50:31,451 - root - INFO - Fetched weather for Andráshida: 13.8°C, Clear, humidity: 56%
2026-09-22 18:50:32,552 - root - INFO - [693/1205] Fetching weather for Bagod...
2026-09-22 18:50:32,682 - root - INFO - Fetched weather for Bagod: 13.9°C, Clear, humidity: 56%
2026-09-22 18:50:33,784 - root - INFO - [694/1205] Fetching weather for Zalaszentgyörgy...
2026-09-22 18:50:33,901 - root - INFO - Fetched weather for Zalaszentgyörgy: 13.9°C, Clear, humidity: 56%
2026-09-22 18:50:35,003 - root - INFO - [695/1205] Fetching weather for Zalacséb-Salomvár...
2026-09-22 18:50:35,131 - root - INFO - Fetched weather for Zalacséb-Salomvár: 13.6°C, Clear, humidity: 56%
2026-09-22 18:50:36,232 - root - INFO - [696/1205] Fetching weather for Kópháza...
2026-09-22 18:50:36,382 - root - INFO - Fetched weather for Kópháza: 13.5°C, Clear, humidity: 59%
2026-09-22 18:50:37,483 - root - INFO - [697/1205] Fetching weather for Nagycenk...
2026-09-22 18:50:37,614 - root - INFO - Fetched weather for Nagycenk: 13.7°C, Clear, humidity: 59%
2026-09-22 18:50:38,716 - root - INFO - [698/1205] Fetching weather for Sopronkövesd...
2026-09-22 18:50:38,841 - root - INFO - Fetched weather for Sopronkövesd: 13.5°C, Clear, humidity: 59%
2026-09-22 18:50:39,943 - root - INFO - [699/1205] Fetching weather for Lövő...
2026-09-22 18:50:40,052 - root - INFO - Fetched weather for Lövő: 13.5°C, Clouds, humidity: 59%
2026-09-22 18:50:41,154 - root - INFO - [700/1205] Fetching weather for Újkér...
2026-09-22 18:50:41,297 - root - INFO - Fetched weather for Újkér: 13.5°C, Clear, humidity: 59%
2026-09-22 18:50:42,399 - root - INFO - [701/1205] Fetching weather for Bük...
2026-09-22 18:50:42,593 - root - INFO - Fetched weather for Bük: 13.6°C, Clear, humidity: 59%
2026-09-22 18:50:43,695 - root - INFO - [702/1205] Fetching weather for Acsád...
2026-09-22 18:50:43,891 - root - INFO - Fetched weather for Acsád: 13.3°C, Clear, humidity: 59%
2026-09-22 18:50:44,992 - root - INFO - [703/1205] Fetching weather for Salköveskút-Vassurány...
2026-09-22 18:50:45,132 - root - INFO - Fetched weather for Salköveskút-Vassurány: 13.4°C, Clear, humidity: 59%
2026-09-22 18:50:46,234 - root - INFO - [704/1205] Fetching weather for Zalaszentiván...
2026-09-22 18:50:46,360 - root - INFO - Fetched weather for Zalaszentiván: 14.9°C, Clear, humidity: 56%
2026-09-22 18:50:47,461 - root - INFO - [705/1205] Fetching weather for Alsónemesapáti...
2026-09-22 18:50:47,592 - root - INFO - Fetched weather for Alsónemesapáti: 14.9°C, Clear, humidity: 55%
2026-09-22 18:50:48,693 - root - INFO - [706/1205] Fetching weather for Józsa...
2026-09-22 18:50:48,849 - root - INFO - Fetched weather for Józsa: 9.9°C, Clouds, humidity: 87%
2026-09-22 18:50:49,951 - root - INFO - [707/1205] Fetching weather for Hajdúszentgyörgy...
2026-09-22 18:50:50,086 - root - INFO - Fetched weather for Hajdúszentgyörgy: 9.8°C, Clouds, humidity: 87%
2026-09-22 18:50:51,187 - root - INFO - [708/1205] Fetching weather for Zelemér...
2026-09-22 18:50:51,311 - root - INFO - Fetched weather for Zelemér: 9.8°C, Clouds, humidity: 87%
2026-09-22 18:50:52,413 - root - INFO - [709/1205] Fetching weather for Hajdúböszörmény...
2026-09-22 18:50:52,523 - root - INFO - Fetched weather for Hajdúböszörmény: 9.8°C, Clouds, humidity: 82%
2026-09-22 18:50:53,624 - root - INFO - [710/1205] Fetching weather for Hajdúvid...
2026-09-22 18:50:53,755 - root - INFO - Fetched weather for Hajdúvid: 11.2°C, Clouds, humidity: 79%
2026-09-22 18:50:54,856 - root - INFO - [711/1205] Fetching weather for Hajdúdorog...
2026-09-22 18:50:55,009 - root - INFO - Fetched weather for Hajdúdorog: 11.2°C, Clouds, humidity: 77%
2026-09-22 18:50:56,110 - root - INFO - [712/1205] Fetching weather for Hajdúnánás...
2026-09-22 18:50:56,238 - root - INFO - Fetched weather for Hajdúnánás: 11.3°C, Clouds, humidity: 76%
2026-09-22 18:50:57,339 - root - INFO - [713/1205] Fetching weather for Hajdúnánás-Vásártér...
2026-09-22 18:50:57,460 - root - INFO - Fetched weather for Hajdúnánás-Vásártér: 11.3°C, Clouds, humidity: 76%
2026-09-22 18:50:58,562 - root - INFO - [714/1205] Fetching weather for Tedej...
2026-09-22 18:50:58,677 - root - INFO - Fetched weather for Tedej: 14.3°C, Clouds, humidity: 75%
2026-09-22 18:50:59,778 - root - INFO - [715/1205] Fetching weather for Tiszavasvári...
2026-09-22 18:50:59,908 - root - INFO - Fetched weather for Tiszavasvári: 14.3°C, Clouds, humidity: 53%
2026-09-22 18:51:01,009 - root - INFO - [716/1205] Fetching weather for Egyházerdő...
2026-09-22 18:51:01,157 - root - INFO - Fetched weather for Egyházerdő: 14.3°C, Clouds, humidity: 53%
2026-09-22 18:51:02,259 - root - INFO - [717/1205] Fetching weather for Tiszalök...
2026-09-22 18:51:02,384 - root - INFO - Fetched weather for Tiszalök: 14.3°C, Clouds, humidity: 53%
2026-09-22 18:51:03,485 - root - INFO - [718/1205] Fetching weather for Hajnalos...
2026-09-22 18:51:03,603 - root - INFO - Fetched weather for Hajnalos: 14.3°C, Clouds, humidity: 53%
2026-09-22 18:51:04,704 - root - INFO - [719/1205] Fetching weather for Kisfástanya...
2026-09-22 18:51:04,815 - root - INFO - Fetched weather for Kisfástanya: 14.3°C, Clouds, humidity: 53%
2026-09-22 18:51:05,916 - root - INFO - [720/1205] Fetching weather for Tiszaeszlár...
2026-09-22 18:51:06,045 - root - INFO - Fetched weather for Tiszaeszlár: 14.3°C, Clouds, humidity: 53%
2026-09-22 18:51:07,147 - root - INFO - [721/1205] Fetching weather for Bashalom...
2026-09-22 18:51:07,299 - root - INFO - Fetched weather for Bashalom: 14.3°C, Clouds, humidity: 53%
2026-09-22 18:51:08,400 - root - INFO - [722/1205] Fetching weather for Sáránd...
2026-09-22 18:51:08,525 - root - INFO - Fetched weather for Sáránd: 10.0°C, Clouds, humidity: 87%
2026-09-22 18:51:09,626 - root - INFO - [723/1205] Fetching weather for Derecske...
2026-09-22 18:51:09,744 - root - INFO - Fetched weather for Derecske: 10.1°C, Clouds, humidity: 87%
2026-09-22 18:51:10,845 - root - INFO - [724/1205] Fetching weather for Derecske-Vásártér...
2026-09-22 18:51:10,950 - root - INFO - Fetched weather for Derecske-Vásártér: 10.1°C, Clouds, humidity: 87%
2026-09-22 18:51:12,052 - root - INFO - [725/1205] Fetching weather for Konyár...
2026-09-22 18:51:12,183 - root - INFO - Fetched weather for Konyár: 10.1°C, Clouds, humidity: 87%
2026-09-22 18:51:13,284 - root - INFO - [726/1205] Fetching weather for Konyári Sóstófürdő...
2026-09-22 18:51:13,436 - root - INFO - Fetched weather for Konyári Sóstófürdő: 10.1°C, Clouds, humidity: 85%
2026-09-22 18:51:14,538 - root - INFO - [727/1205] Fetching weather for Pocsaj-Esztár...
2026-09-22 18:51:14,665 - root - INFO - Fetched weather for Pocsaj-Esztár: 10.1°C, Clouds, humidity: 85%
2026-09-22 18:51:15,766 - root - INFO - [728/1205] Fetching weather for Kismarja...
2026-09-22 18:51:15,878 - root - INFO - Fetched weather for Kismarja: 11.3°C, Clouds, humidity: 85%
2026-09-22 18:51:16,979 - root - INFO - [729/1205] Fetching weather for Nagykereki...
2026-09-22 18:51:17,087 - root - INFO - Fetched weather for Nagykereki: 11.3°C, Clouds, humidity: 88%
2026-09-22 18:51:18,188 - root - INFO - [730/1205] Fetching weather for Debrecen-Szabadságtelep...
2026-09-22 18:51:18,321 - root - INFO - Fetched weather for Debrecen-Szabadságtelep: 9.9°C, Clouds, humidity: 87%
2026-09-22 18:51:19,422 - root - INFO - [731/1205] Fetching weather for Kondoroskert...
2026-09-22 18:51:19,575 - root - INFO - Fetched weather for Kondoroskert: 9.9°C, Clouds, humidity: 87%
2026-09-22 18:51:20,677 - root - INFO - [732/1205] Fetching weather for Nagycsere...
2026-09-22 18:51:20,814 - root - INFO - Fetched weather for Nagycsere: 9.9°C, Clouds, humidity: 87%
2026-09-22 18:51:21,915 - root - INFO - [733/1205] Fetching weather for Haláp...
2026-09-22 18:51:22,035 - root - INFO - Fetched weather for Haláp: 9.9°C, Clouds, humidity: 87%
2026-09-22 18:51:23,136 - root - INFO - [734/1205] Fetching weather for Vámospércs...
2026-09-22 18:51:23,246 - root - INFO - Fetched weather for Vámospércs: 9.8°C, Clouds, humidity: 87%
2026-09-22 18:51:24,348 - root - INFO - [735/1205] Fetching weather for Szentannapuszta...
2026-09-22 18:51:24,476 - root - INFO - Fetched weather for Szentannapuszta: 9.8°C, Clouds, humidity: 87%
2026-09-22 18:51:25,578 - root - INFO - [736/1205] Fetching weather for Nyírábrány...
2026-09-22 18:51:25,735 - root - INFO - Fetched weather for Nyírábrány: 10.4°C, Clouds, humidity: 87%
2026-09-22 18:51:26,837 - root - INFO - [737/1205] Fetching weather for Dombostanya...
2026-09-22 18:51:26,968 - root - INFO - Fetched weather for Dombostanya: 9.8°C, Clouds, humidity: 87%
2026-09-22 18:51:28,069 - root - INFO - [738/1205] Fetching weather for Hajdúsámson...
2026-09-22 18:51:28,182 - root - INFO - Fetched weather for Hajdúsámson: 9.8°C, Clouds, humidity: 87%
2026-09-22 18:51:29,284 - root - INFO - [739/1205] Fetching weather for Tamásipuszta...
2026-09-22 18:51:29,398 - root - INFO - Fetched weather for Tamásipuszta: 9.8°C, Clouds, humidity: 86%
2026-09-22 18:51:30,499 - root - INFO - [740/1205] Fetching weather for Aradványpuszta...
2026-09-22 18:51:30,628 - root - INFO - Fetched weather for Aradványpuszta: 9.7°C, Clouds, humidity: 86%
2026-09-22 18:51:31,730 - root - INFO - [741/1205] Fetching weather for Nyíradony...
2026-09-22 18:51:31,880 - root - INFO - Fetched weather for Nyíradony: 10.5°C, Clouds, humidity: 86%
2026-09-22 18:51:32,982 - root - INFO - [742/1205] Fetching weather for Nyírmihálydi...
2026-09-22 18:51:33,117 - root - INFO - Fetched weather for Nyírmihálydi: 10.5°C, Clouds, humidity: 85%
2026-09-22 18:51:34,218 - root - INFO - [743/1205] Fetching weather for Nyírgelse...
2026-09-22 18:51:34,338 - root - INFO - Fetched weather for Nyírgelse: 10.5°C, Clouds, humidity: 85%
2026-09-22 18:51:35,440 - root - INFO - [744/1205] Fetching weather for Nyírbogát...
2026-09-22 18:51:35,549 - root - INFO - Fetched weather for Nyírbogát: 10.5°C, Clouds, humidity: 85%
2026-09-22 18:51:36,650 - root - INFO - [745/1205] Fetching weather for Nagykálló...
2026-09-22 18:51:36,779 - root - INFO - Fetched weather for Nagykálló: 10.9°C, Clouds, humidity: 83%
2026-09-22 18:51:37,880 - root - INFO - [746/1205] Fetching weather for Kállósemjén...
2026-09-22 18:51:38,031 - root - INFO - Fetched weather for Kállósemjén: 10.8°C, Clouds, humidity: 84%
2026-09-22 18:51:39,133 - root - INFO - [747/1205] Fetching weather for Nyírbátor...
2026-09-22 18:51:39,329 - root - INFO - Fetched weather for Nyírbátor: 10.5°C, Clouds, humidity: 85%
2026-09-22 18:51:40,431 - root - INFO - [748/1205] Fetching weather for Nyírcsászári...
2026-09-22 18:51:40,640 - root - INFO - Fetched weather for Nyírcsászári: 10.5°C, Clouds, humidity: 85%
2026-09-22 18:51:41,741 - root - INFO - [749/1205] Fetching weather for Hodász...
2026-09-22 18:51:43,603 - root - INFO - Fetched weather for Hodász: 10.5°C, Clouds, humidity: 85%
2026-09-22 18:51:44,705 - root - INFO - [750/1205] Fetching weather for Nyírmeggyes...
2026-09-22 18:51:44,960 - root - INFO - Fetched weather for Nyírmeggyes: 10.6°C, Clouds, humidity: 84%
2026-09-22 18:51:46,061 - root - INFO - [751/1205] Fetching weather for Mátészalka...
2026-09-22 18:51:46,213 - root - INFO - Fetched weather for Mátészalka: 10.7°C, Clouds, humidity: 84%
2026-09-22 18:51:47,314 - root - INFO - [752/1205] Fetching weather for Kocsord...
2026-09-22 18:51:47,442 - root - INFO - Fetched weather for Kocsord: 10.8°C, Clouds, humidity: 83%
2026-09-22 18:51:48,544 - root - INFO - [753/1205] Fetching weather for Kocsord alsó...
2026-09-22 18:51:48,667 - root - INFO - Fetched weather for Kocsord alsó: 10.8°C, Clouds, humidity: 83%
2026-09-22 18:51:49,769 - root - INFO - [754/1205] Fetching weather for Győrtelek...
2026-09-22 18:51:49,880 - root - INFO - Fetched weather for Győrtelek: 10.8°C, Clouds, humidity: 82%
2026-09-22 18:51:50,982 - root - INFO - [755/1205] Fetching weather for Győrtelek alsó...
2026-09-22 18:51:51,134 - root - INFO - Fetched weather for Győrtelek alsó: 10.8°C, Clouds, humidity: 83%
2026-09-22 18:51:52,236 - root - INFO - [756/1205] Fetching weather for Ököritófülpös...
2026-09-22 18:51:52,376 - root - INFO - Fetched weather for Ököritófülpös: 10.8°C, Clouds, humidity: 82%
2026-09-22 18:51:53,478 - root - INFO - [757/1205] Fetching weather for Porcsalma-Tyukod...
2026-09-22 18:51:53,608 - root - INFO - Fetched weather for Porcsalma-Tyukod: 10.1°C, Clouds, humidity: 82%
2026-09-22 18:51:54,709 - root - INFO - [758/1205] Fetching weather for Csenger...
2026-09-22 18:51:54,831 - root - INFO - Fetched weather for Csenger: 10.1°C, Clouds, humidity: 82%
2026-09-22 18:51:55,932 - root - INFO - [759/1205] Fetching weather for Kisfái...
2026-09-22 18:51:56,039 - root - INFO - Fetched weather for Kisfái: 12.0°C, Clear, humidity: 62%
2026-09-22 18:51:57,140 - root - INFO - [760/1205] Fetching weather for Nyárlőrinci szőlők...
2026-09-22 18:51:57,296 - root - INFO - Fetched weather for Nyárlőrinci szőlők: 12.0°C, Clear, humidity: 62%
2026-09-22 18:51:58,397 - root - INFO - [761/1205] Fetching weather for Nyárlőrinc alsó...
2026-09-22 18:51:58,531 - root - INFO - Fetched weather for Nyárlőrinc alsó: 12.1°C, Clear, humidity: 62%
2026-09-22 18:51:59,632 - root - INFO - [762/1205] Fetching weather for Tiszaug-Tiszahídfő...
2026-09-22 18:51:59,759 - root - INFO - Fetched weather for Tiszaug-Tiszahídfő: 13.2°C, Clear, humidity: 63%
2026-09-22 18:52:00,860 - root - INFO - [763/1205] Fetching weather for Csongrádi úti tanyák...
2026-09-22 18:52:00,980 - root - INFO - Fetched weather for Csongrádi úti tanyák: 13.9°C, Clear, humidity: 53%
2026-09-22 18:52:02,081 - root - INFO - [764/1205] Fetching weather for Kettőshalom...
2026-09-22 18:52:02,193 - root - INFO - Fetched weather for Kettőshalom: 14.0°C, Clear, humidity: 53%
2026-09-22 18:52:03,294 - root - INFO - [765/1205] Fetching weather for Csongrád alsó...
2026-09-22 18:52:03,445 - root - INFO - Fetched weather for Csongrád alsó: 12.8°C, Clear, humidity: 54%
2026-09-22 18:52:04,546 - root - INFO - [766/1205] Fetching weather for Dónát...
2026-09-22 18:52:04,675 - root - INFO - Fetched weather for Dónát: 12.8°C, Clear, humidity: 54%
2026-09-22 18:52:05,777 - root - INFO - [767/1205] Fetching weather for Pusztatemplom...
2026-09-22 18:52:05,904 - root - INFO - Fetched weather for Pusztatemplom: 12.8°C, Clear, humidity: 54%
2026-09-22 18:52:07,005 - root - INFO - [768/1205] Fetching weather for Előhát...
2026-09-22 18:52:07,124 - root - INFO - Fetched weather for Előhát: 11.7°C, Clouds, humidity: 69%
2026-09-22 18:52:08,225 - root - INFO - [769/1205] Fetching weather for Polgárdi-Tekerespuszta...
2026-09-22 18:52:08,356 - root - INFO - Fetched weather for Polgárdi-Tekerespuszta: 13.2°C, Clear, humidity: 68%
2026-09-22 18:52:09,458 - root - INFO - [770/1205] Fetching weather for Szatina-Kishajmás...
2026-09-22 18:52:09,611 - root - INFO - Fetched weather for Szatina-Kishajmás: 13.2°C, Clear, humidity: 65%
2026-09-22 18:52:10,712 - root - INFO - [771/1205] Fetching weather for Márok...
2026-09-22 18:52:10,867 - root - INFO - Fetched weather for Márok: 12.6°C, Clear, humidity: 67%
2026-09-22 18:52:11,969 - root - INFO - [772/1205] Fetching weather for Nagynyárád...
2026-09-22 18:52:12,312 - root - INFO - Fetched weather for Nagynyárád: 12.7°C, Clear, humidity: 67%
2026-09-22 18:52:13,413 - root - INFO - [773/1205] Fetching weather for Szászvár...
2026-09-22 18:52:13,533 - root - INFO - Fetched weather for Szászvár: 12.9°C, Clear, humidity: 67%
2026-09-22 18:52:14,634 - root - INFO - [774/1205] Fetching weather for Cikó...
2026-09-22 18:52:14,739 - root - INFO - Fetched weather for Cikó: 13.0°C, Clear, humidity: 67%
2026-09-22 18:52:15,840 - root - INFO - [775/1205] Fetching weather for Gyöngyfa-Magyarmecske...
2026-09-22 18:52:15,995 - root - INFO - Fetched weather for Gyöngyfa-Magyarmecske: 13.6°C, Clouds, humidity: 63%
2026-09-22 18:52:17,096 - root - INFO - [776/1205] Fetching weather for Nagyhát...
2026-09-22 18:52:17,253 - root - INFO - Fetched weather for Nagyhát: 9.9°C, Clouds, humidity: 87%
2026-09-22 18:52:18,355 - root - INFO - [777/1205] Fetching weather for Balmazújváros...
2026-09-22 18:52:18,485 - root - INFO - Fetched weather for Balmazújváros: 10.1°C, Clouds, humidity: 80%
2026-09-22 18:52:19,587 - root - INFO - [778/1205] Fetching weather for Kónya...
2026-09-22 18:52:19,709 - root - INFO - Fetched weather for Kónya: 11.4°C, Clouds, humidity: 79%
2026-09-22 18:52:20,810 - root - INFO - [779/1205] Fetching weather for Hortobágy...
2026-09-22 18:52:20,916 - root - INFO - Fetched weather for Hortobágy: 11.4°C, Clouds, humidity: 80%
2026-09-22 18:52:22,017 - root - INFO - [780/1205] Fetching weather for Hortobágyi Halastó...
2026-09-22 18:52:22,167 - root - INFO - Fetched weather for Hortobágyi Halastó: 11.4°C, Clouds, humidity: 80%
2026-09-22 18:52:23,269 - root - INFO - [781/1205] Fetching weather for Ohat-Pusztakócs...
2026-09-22 18:52:23,422 - root - INFO - Fetched weather for Ohat-Pusztakócs: 11.5°C, Clouds, humidity: 79%
2026-09-22 18:52:24,524 - root - INFO - [782/1205] Fetching weather for Egyek...
2026-09-22 18:52:24,664 - root - INFO - Fetched weather for Egyek: 11.6°C, Clouds, humidity: 80%
2026-09-22 18:52:25,765 - root - INFO - [783/1205] Fetching weather for Tiszafüred...
2026-09-22 18:52:25,890 - root - INFO - Fetched weather for Tiszafüred: 11.6°C, Clouds, humidity: 80%
2026-09-22 18:52:26,992 - root - INFO - [784/1205] Fetching weather for Poroszló...
2026-09-22 18:52:27,103 - root - INFO - Fetched weather for Poroszló: 11.7°C, Clouds, humidity: 79%
2026-09-22 18:52:28,204 - root - INFO - [785/1205] Fetching weather for Kétútköz...
2026-09-22 18:52:28,355 - root - INFO - Fetched weather for Kétútköz: 11.6°C, Clouds, humidity: 79%
2026-09-22 18:52:29,457 - root - INFO - [786/1205] Fetching weather for Egerfarmos...
2026-09-22 18:52:29,609 - root - INFO - Fetched weather for Egerfarmos: 11.6°C, Clouds, humidity: 79%
2026-09-22 18:52:30,711 - root - INFO - [787/1205] Fetching weather for Piliscsaba...
2026-09-22 18:52:30,840 - root - INFO - Fetched weather for Piliscsaba: 11.9°C, Clear, humidity: 72%
2026-09-22 18:52:31,941 - root - INFO - [788/1205] Fetching weather for Pilisjászfalu...
2026-09-22 18:52:32,074 - root - INFO - Fetched weather for Pilisjászfalu: 12.3°C, Clear, humidity: 74%
2026-09-22 18:52:33,176 - root - INFO - [789/1205] Fetching weather for Leányvár...
2026-09-22 18:52:33,303 - root - INFO - Fetched weather for Leányvár: 12.7°C, Clear, humidity: 75%
2026-09-22 18:52:34,405 - root - INFO - [790/1205] Fetching weather for Dorog...
2026-09-22 18:52:34,553 - root - INFO - Fetched weather for Dorog: 13.1°C, Clouds, humidity: 74%
2026-09-22 18:52:35,654 - root - INFO - [791/1205] Fetching weather for Esztergom-Kertváros...
2026-09-22 18:52:35,804 - root - INFO - Fetched weather for Esztergom-Kertváros: 13.2°C, Clouds, humidity: 74%
2026-09-22 18:52:36,905 - root - INFO - [792/1205] Fetching weather for Esztergom...
2026-09-22 18:52:37,036 - root - INFO - Fetched weather for Esztergom: 13.3°C, Clouds, humidity: 74%
2026-09-22 18:52:38,137 - root - INFO - [793/1205] Fetching weather for Dunaalmás...
2026-09-22 18:52:38,282 - root - INFO - Fetched weather for Dunaalmás: 13.1°C, Clouds, humidity: 71%
2026-09-22 18:52:39,383 - root - INFO - [794/1205] Fetching weather for Neszmély...
2026-09-22 18:52:39,549 - root - INFO - Fetched weather for Neszmély: 13.1°C, Clouds, humidity: 71%
2026-09-22 18:52:40,650 - root - INFO - [795/1205] Fetching weather for Süttő...
2026-09-22 18:52:40,817 - root - INFO - Fetched weather for Süttő: 13.3°C, Clouds, humidity: 72%
2026-09-22 18:52:41,919 - root - INFO - [796/1205] Fetching weather for Piszke...
2026-09-22 18:52:42,070 - root - INFO - Fetched weather for Piszke: 13.3°C, Clouds, humidity: 74%
2026-09-22 18:52:43,171 - root - INFO - [797/1205] Fetching weather for Lábatlan...
2026-09-22 18:52:43,299 - root - INFO - Fetched weather for Lábatlan: 13.2°C, Clouds, humidity: 74%
2026-09-22 18:52:44,401 - root - INFO - [798/1205] Fetching weather for Eternitgyár...
2026-09-22 18:52:44,520 - root - INFO - Fetched weather for Eternitgyár: 13.2°C, Clouds, humidity: 74%
2026-09-22 18:52:45,621 - root - INFO - [799/1205] Fetching weather for Nyergesújfalu felső...
2026-09-22 18:52:45,748 - root - INFO - Fetched weather for Nyergesújfalu felső: 13.3°C, Clouds, humidity: 74%
2026-09-22 18:52:46,849 - root - INFO - [800/1205] Fetching weather for Nyergesújfalu...
2026-09-22 18:52:46,997 - root - INFO - Fetched weather for Nyergesújfalu: 13.3°C, Clouds, humidity: 74%
2026-09-22 18:52:48,098 - root - INFO - [801/1205] Fetching weather for Tokod...
2026-09-22 18:52:48,248 - root - INFO - Fetched weather for Tokod: 13.3°C, Clouds, humidity: 74%
2026-09-22 18:52:49,350 - root - INFO - [802/1205] Fetching weather for Környe...
2026-09-22 18:52:49,478 - root - INFO - Fetched weather for Környe: 12.8°C, Clear, humidity: 70%
2026-09-22 18:52:50,579 - root - INFO - [803/1205] Fetching weather for Kecskéd alsó...
2026-09-22 18:52:50,702 - root - INFO - Fetched weather for Kecskéd alsó: 12.8°C, Clear, humidity: 70%
2026-09-22 18:52:51,804 - root - INFO - [804/1205] Fetching weather for Oroszlány...
2026-09-22 18:52:51,932 - root - INFO - Fetched weather for Oroszlány: 12.7°C, Clear, humidity: 70%
2026-09-22 18:52:53,033 - root - INFO - [805/1205] Fetching weather for Győrszabadhegy...
2026-09-22 18:52:53,185 - root - INFO - Fetched weather for Győrszabadhegy: 12.8°C, Clear, humidity: 77%
2026-09-22 18:52:54,286 - root - INFO - [806/1205] Fetching weather for Ménfőcsanak felső...
2026-09-22 18:52:54,440 - root - INFO - Fetched weather for Ménfőcsanak felső: 12.8°C, Clear, humidity: 74%
2026-09-22 18:52:55,542 - root - INFO - [807/1205] Fetching weather for Gyömöre-Tét...
2026-09-22 18:52:55,667 - root - INFO - Fetched weather for Gyömöre-Tét: 12.8°C, Clear, humidity: 67%
2026-09-22 18:52:56,768 - root - INFO - [808/1205] Fetching weather for Szerecseny...
2026-09-22 18:52:56,887 - root - INFO - Fetched weather for Szerecseny: 12.9°C, Clear, humidity: 67%
2026-09-22 18:52:57,988 - root - INFO - [809/1205] Fetching weather for Gecse-Gyarmat...
2026-09-22 18:52:58,125 - root - INFO - Fetched weather for Gecse-Gyarmat: 12.9°C, Clear, humidity: 67%
2026-09-22 18:52:59,226 - root - INFO - [810/1205] Fetching weather for Vaszar...
2026-09-22 18:52:59,383 - root - INFO - Fetched weather for Vaszar: 13.1°C, Clouds, humidity: 67%
2026-09-22 18:53:00,484 - root - INFO - [811/1205] Fetching weather for Pápa...
2026-09-22 18:53:00,641 - root - INFO - Fetched weather for Pápa: 13.0°C, Clouds, humidity: 67%
2026-09-22 18:53:01,742 - root - INFO - [812/1205] Fetching weather for Mezőlak...
2026-09-22 18:53:01,871 - root - INFO - Fetched weather for Mezőlak: 13.1°C, Clear, humidity: 67%
2026-09-22 18:53:02,972 - root - INFO - [813/1205] Fetching weather for Mihályháza...
2026-09-22 18:53:03,093 - root - INFO - Fetched weather for Mihályháza: 13.1°C, Clear, humidity: 67%
2026-09-22 18:53:04,194 - root - INFO - [814/1205] Fetching weather for Vinár...
2026-09-22 18:53:04,330 - root - INFO - Fetched weather for Vinár: 13.1°C, Clear, humidity: 67%
2026-09-22 18:53:05,431 - root - INFO - [815/1205] Fetching weather for Külsővat...
2026-09-22 18:53:05,580 - root - INFO - Fetched weather for Külsővat: 13.1°C, Clear, humidity: 62%
2026-09-22 18:53:06,681 - root - INFO - [816/1205] Fetching weather for Celldömölk...
2026-09-22 18:53:06,838 - root - INFO - Fetched weather for Celldömölk: 13.1°C, Clear, humidity: 61%
2026-09-22 18:53:07,939 - root - INFO - [817/1205] Fetching weather for Kemenesmihályfa...
2026-09-22 18:53:08,068 - root - INFO - Fetched weather for Kemenesmihályfa: 13.6°C, Clear, humidity: 61%
2026-09-22 18:53:09,169 - root - INFO - [818/1205] Fetching weather for Nagysimonyi...
2026-09-22 18:53:09,289 - root - INFO - Fetched weather for Nagysimonyi: 13.7°C, Clear, humidity: 60%
2026-09-22 18:53:10,390 - root - INFO - [819/1205] Fetching weather for Ostffyasszonyfa...
2026-09-22 18:53:10,517 - root - INFO - Fetched weather for Ostffyasszonyfa: 13.8°C, Clear, humidity: 60%
2026-09-22 18:53:11,618 - root - INFO - [820/1205] Fetching weather for Sárvár...
2026-09-22 18:53:11,767 - root - INFO - Fetched weather for Sárvár: 13.8°C, Clear, humidity: 59%
2026-09-22 18:53:12,868 - root - INFO - [821/1205] Fetching weather for Porpác...
2026-09-22 18:53:13,034 - root - INFO - Fetched weather for Porpác: 13.6°C, Clear, humidity: 58%
2026-09-22 18:53:14,135 - root - INFO - [822/1205] Fetching weather for Balatonföldvár...
2026-09-22 18:53:14,267 - root - INFO - Fetched weather for Balatonföldvár: 14.2°C, Clear, humidity: 64%
2026-09-22 18:53:15,368 - root - INFO - [823/1205] Fetching weather for Balatonszárszó...
2026-09-22 18:53:15,498 - root - INFO - Fetched weather for Balatonszárszó: 14.2°C, Clear, humidity: 64%
2026-09-22 18:53:16,599 - root - INFO - [824/1205] Fetching weather for Balatonszemes...
2026-09-22 18:53:16,728 - root - INFO - Fetched weather for Balatonszemes: 14.3°C, Clear, humidity: 63%
2026-09-22 18:53:17,829 - root - INFO - [825/1205] Fetching weather for Balatonlelle felső...
2026-09-22 18:53:17,980 - root - INFO - Fetched weather for Balatonlelle felső: 14.3°C, Clear, humidity: 61%
2026-09-22 18:53:19,081 - root - INFO - [826/1205] Fetching weather for Balatonlelle...
2026-09-22 18:53:19,234 - root - INFO - Fetched weather for Balatonlelle: 14.4°C, Clear, humidity: 60%
2026-09-22 18:53:20,335 - root - INFO - [827/1205] Fetching weather for Fonyódliget...
2026-09-22 18:53:20,463 - root - INFO - Fetched weather for Fonyódliget: 14.4°C, Clear, humidity: 58%
2026-09-22 18:53:21,565 - root - INFO - [828/1205] Fetching weather for Balatonboglár...
2026-09-22 18:53:21,683 - root - INFO - Fetched weather for Balatonboglár: 14.4°C, Clear, humidity: 59%
2026-09-22 18:53:22,784 - root - INFO - [829/1205] Fetching weather for Balatonfenyves alsó...
2026-09-22 18:53:22,914 - root - INFO - Fetched weather for Balatonfenyves alsó: 15.1°C, Clear, humidity: 58%
2026-09-22 18:53:24,016 - root - INFO - [830/1205] Fetching weather for Fonyód...
2026-09-22 18:53:24,167 - root - INFO - Fetched weather for Fonyód: 14.4°C, Clear, humidity: 59%
2026-09-22 18:53:25,268 - root - INFO - [831/1205] Fetching weather for Bélatelep...
2026-09-22 18:53:25,428 - root - INFO - Fetched weather for Bélatelep: 15.1°C, Clear, humidity: 58%
2026-09-22 18:53:26,530 - root - INFO - [832/1205] Fetching weather for Alsóbélatelep...
2026-09-22 18:53:26,662 - root - INFO - Fetched weather for Alsóbélatelep: 15.1°C, Clear, humidity: 58%
2026-09-22 18:53:27,763 - root - INFO - [833/1205] Fetching weather for Balatonfenyves...
2026-09-22 18:53:27,881 - root - INFO - Fetched weather for Balatonfenyves: 15.1°C, Clear, humidity: 58%
2026-09-22 18:53:28,982 - root - INFO - [834/1205] Fetching weather for Máriahullámtelep...
2026-09-22 18:53:29,113 - root - INFO - Fetched weather for Máriahullámtelep: 15.1°C, Clear, humidity: 58%
2026-09-22 18:53:30,214 - root - INFO - [835/1205] Fetching weather for Balatonmáriafürdő...
2026-09-22 18:53:30,368 - root - INFO - Fetched weather for Balatonmáriafürdő: 15.1°C, Clear, humidity: 47%
2026-09-22 18:53:31,469 - root - INFO - [836/1205] Fetching weather for Balatonberény...
2026-09-22 18:53:31,625 - root - INFO - Fetched weather for Balatonberény: 15.1°C, Clear, humidity: 47%
2026-09-22 18:53:32,726 - root - INFO - [837/1205] Fetching weather for Balatonszentgyörgy...
2026-09-22 18:53:32,857 - root - INFO - Fetched weather for Balatonszentgyörgy: 15.1°C, Clear, humidity: 47%
2026-09-22 18:53:33,959 - root - INFO - [838/1205] Fetching weather for Vörs...
2026-09-22 18:53:34,079 - root - INFO - Fetched weather for Vörs: 15.1°C, Clear, humidity: 47%
2026-09-22 18:53:35,180 - root - INFO - [839/1205] Fetching weather for Zalaszentjakab...
2026-09-22 18:53:35,312 - root - INFO - Fetched weather for Zalaszentjakab: 14.9°C, Clear, humidity: 55%
2026-09-22 18:53:36,413 - root - INFO - [840/1205] Fetching weather for Nagykanizsa...
2026-09-22 18:53:36,565 - root - INFO - Fetched weather for Nagykanizsa: 14.0°C, Clear, humidity: 55%
2026-09-22 18:53:37,666 - root - INFO - [841/1205] Fetching weather for Murakeresztúr...
2026-09-22 18:53:37,825 - root - INFO - Fetched weather for Murakeresztúr: 14.1°C, Clear, humidity: 54%
2026-09-22 18:53:38,926 - root - INFO - [842/1205] Fetching weather for Zalakomár...
2026-09-22 18:53:39,052 - root - INFO - Fetched weather for Zalakomár: 14.9°C, Clear, humidity: 47%
2026-09-22 18:53:40,153 - root - INFO - [843/1205] Fetching weather for Szárazrét...
2026-09-22 18:53:40,279 - root - INFO - Fetched weather for Szárazrét: 13.1°C, Clear, humidity: 67%
2026-09-22 18:53:41,380 - root - INFO - [844/1205] Fetching weather for Bodajk...
2026-09-22 18:53:41,507 - root - INFO - Fetched weather for Bodajk: 13.1°C, Clear, humidity: 68%
2026-09-22 18:53:42,608 - root - INFO - [845/1205] Fetching weather for Csókakő...
2026-09-22 18:53:42,762 - root - INFO - Fetched weather for Csókakő: 12.8°C, Clear, humidity: 68%
2026-09-22 18:53:43,863 - root - INFO - [846/1205] Fetching weather for Mór...
2026-09-22 18:53:44,015 - root - INFO - Fetched weather for Mór: 12.9°C, Clear, humidity: 69%
2026-09-22 18:53:45,117 - root - INFO - [847/1205] Fetching weather for Bakonysárkány...
2026-09-22 18:53:45,246 - root - INFO - Fetched weather for Bakonysárkány: 12.3°C, Clear, humidity: 69%
2026-09-22 18:53:46,348 - root - INFO - [848/1205] Fetching weather for Kisbér...
2026-09-22 18:53:46,484 - root - INFO - Fetched weather for Kisbér: 12.6°C, Clear, humidity: 68%
2026-09-22 18:53:47,586 - root - INFO - [849/1205] Fetching weather for Nagyigmánd-Bábolna...
2026-09-22 18:53:47,713 - root - INFO - Fetched weather for Nagyigmánd-Bábolna: 13.0°C, Clear, humidity: 71%
2026-09-22 18:53:48,815 - root - INFO - [850/1205] Fetching weather for Budapest-Déli...
2026-09-22 18:53:48,969 - root - INFO - Fetched weather for Budapest-Déli: 12.9°C, Clear, humidity: 69%
2026-09-22 18:53:50,070 - root - INFO - [851/1205] Fetching weather for Budapest-Kelenföld...
2026-09-22 18:53:50,219 - root - INFO - Fetched weather for Budapest-Kelenföld: 13.1°C, Clear, humidity: 68%
2026-09-22 18:53:51,320 - root - INFO - [852/1205] Fetching weather for Budaörs...
2026-09-22 18:53:51,446 - root - INFO - Fetched weather for Budaörs: 12.8°C, Clear, humidity: 69%
2026-09-22 18:53:52,548 - root - INFO - [853/1205] Fetching weather for Biatorbágy...
2026-09-22 18:53:52,668 - root - INFO - Fetched weather for Biatorbágy: 12.0°C, Clear, humidity: 70%
2026-09-22 18:53:53,769 - root - INFO - [854/1205] Fetching weather for Herceghalom...
2026-09-22 18:53:53,896 - root - INFO - Fetched weather for Herceghalom: 12.3°C, Clear, humidity: 72%
2026-09-22 18:53:54,997 - root - INFO - [855/1205] Fetching weather for Bicske...
2026-09-22 18:53:55,149 - root - INFO - Fetched weather for Bicske: 12.1°C, Clear, humidity: 69%
2026-09-22 18:53:56,250 - root - INFO - [856/1205] Fetching weather for Szár...
2026-09-22 18:53:56,402 - root - INFO - Fetched weather for Szár: 11.8°C, Clear, humidity: 69%
2026-09-22 18:53:57,503 - root - INFO - [857/1205] Fetching weather for Szárliget...
2026-09-22 18:53:57,632 - root - INFO - Fetched weather for Szárliget: 11.8°C, Clear, humidity: 70%
2026-09-22 18:53:58,733 - root - INFO - [858/1205] Fetching weather for Alsógalla...
2026-09-22 18:53:58,851 - root - INFO - Fetched weather for Alsógalla: 12.7°C, Clear, humidity: 70%
2026-09-22 18:53:59,952 - root - INFO - [859/1205] Fetching weather for Tatabánya...
2026-09-22 18:54:00,081 - root - INFO - Fetched weather for Tatabánya: 12.8°C, Clouds, humidity: 70%
2026-09-22 18:54:01,182 - root - INFO - [860/1205] Fetching weather for Vértesszőlős...
2026-09-22 18:54:01,332 - root - INFO - Fetched weather for Vértesszőlős: 12.9°C, Clouds, humidity: 71%
2026-09-22 18:54:02,433 - root - INFO - [861/1205] Fetching weather for Tóvároskert...
2026-09-22 18:54:02,600 - root - INFO - Fetched weather for Tóvároskert: 12.9°C, Clouds, humidity: 71%
2026-09-22 18:54:03,701 - root - INFO - [862/1205] Fetching weather for Tata...
2026-09-22 18:54:03,834 - root - INFO - Fetched weather for Tata: 12.9°C, Clouds, humidity: 71%
2026-09-22 18:54:04,935 - root - INFO - [863/1205] Fetching weather for Almásfüzitő...
2026-09-22 18:54:05,057 - root - INFO - Fetched weather for Almásfüzitő: 13.2°C, Clouds, humidity: 71%
2026-09-22 18:54:06,158 - root - INFO - [864/1205] Fetching weather for Almásfüzitő felső...
2026-09-22 18:54:06,283 - root - INFO - Fetched weather for Almásfüzitő felső: 13.9°C, Clouds, humidity: 70%
2026-09-22 18:54:07,384 - root - INFO - [865/1205] Fetching weather for Szőny...
2026-09-22 18:54:07,538 - root - INFO - Fetched weather for Szőny: 13.9°C, Clouds, humidity: 70%
2026-09-22 18:54:08,639 - root - INFO - [866/1205] Fetching weather for Komárom...
2026-09-22 18:54:08,796 - root - INFO - Fetched weather for Komárom: 13.1°C, Clouds, humidity: 70%
2026-09-22 18:54:09,897 - root - INFO - [867/1205] Fetching weather for Ács...
2026-09-22 18:54:10,027 - root - INFO - Fetched weather for Ács: 13.1°C, Clear, humidity: 71%
2026-09-22 18:54:11,128 - root - INFO - [868/1205] Fetching weather for Nagyszentjános...
2026-09-22 18:54:11,255 - root - INFO - Fetched weather for Nagyszentjános: 13.0°C, Clear, humidity: 73%
2026-09-22 18:54:12,356 - root - INFO - [869/1205] Fetching weather for Győrszentiván...
2026-09-22 18:54:12,480 - root - INFO - Fetched weather for Győrszentiván: 12.9°C, Clear, humidity: 74%
2026-09-22 18:54:13,582 - root - INFO - [870/1205] Fetching weather for Győr-Gyárváros...
2026-09-22 18:54:13,731 - root - INFO - Fetched weather for Győr-Gyárváros: 12.8°C, Clear, humidity: 76%
2026-09-22 18:54:14,832 - root - INFO - [871/1205] Fetching weather for Győr...
2026-09-22 18:54:14,988 - root - INFO - Fetched weather for Győr: 12.8°C, Clear, humidity: 77%
2026-09-22 18:54:16,090 - root - INFO - [872/1205] Fetching weather for Öttevény...
2026-09-22 18:54:16,220 - root - INFO - Fetched weather for Öttevény: 12.8°C, Clear, humidity: 77%
2026-09-22 18:54:17,322 - root - INFO - [873/1205] Fetching weather for Lébény-Mosonszentmiklós...
2026-09-22 18:54:17,449 - root - INFO - Fetched weather for Lébény-Mosonszentmiklós: 12.8°C, Clouds, humidity: 77%
2026-09-22 18:54:18,550 - root - INFO - [874/1205] Fetching weather for Kimle-Károlyháza...
2026-09-22 18:54:18,678 - root - INFO - Fetched weather for Kimle-Károlyháza: 12.8°C, Clouds, humidity: 64%
2026-09-22 18:54:19,780 - root - INFO - [875/1205] Fetching weather for Mosonmagyaróvár...
2026-09-22 18:54:19,939 - root - INFO - Fetched weather for Mosonmagyaróvár: 13.4°C, Clouds, humidity: 64%
2026-09-22 18:54:21,041 - root - INFO - [876/1205] Fetching weather for Levél...
2026-09-22 18:54:21,195 - root - INFO - Fetched weather for Levél: 13.3°C, Clouds, humidity: 64%
2026-09-22 18:54:22,296 - root - INFO - [877/1205] Fetching weather for Hegyeshalom...
2026-09-22 18:54:22,429 - root - INFO - Fetched weather for Hegyeshalom: 13.1°C, Clear, humidity: 64%
2026-09-22 18:54:23,531 - root - INFO - [878/1205] Fetching weather for Óbuda...
2026-09-22 18:54:23,655 - root - INFO - Fetched weather for Óbuda: 12.9°C, Clear, humidity: 69%
2026-09-22 18:54:24,757 - root - INFO - [879/1205] Fetching weather for Üröm...
2026-09-22 18:54:24,886 - root - INFO - Fetched weather for Üröm: 12.8°C, Clear, humidity: 69%
2026-09-22 18:54:25,988 - root - INFO - [880/1205] Fetching weather for Solymár...
2026-09-22 18:54:26,137 - root - INFO - Fetched weather for Solymár: 12.5°C, Clear, humidity: 70%
2026-09-22 18:54:27,239 - root - INFO - [881/1205] Fetching weather for Pilisvörösvár...
2026-09-22 18:54:27,394 - root - INFO - Fetched weather for Pilisvörösvár: 12.0°C, Clear, humidity: 71%
2026-09-22 18:54:28,495 - root - INFO - [882/1205] Fetching weather for Klotildliget...
2026-09-22 18:54:28,635 - root - INFO - Fetched weather for Klotildliget: 11.8°C, Clear, humidity: 73%
2026-09-22 18:54:29,737 - root - INFO - [883/1205] Fetching weather for Kútvölgy...
2026-09-22 18:54:29,863 - root - INFO - Fetched weather for Kútvölgy: 12.8°C, Clouds, humidity: 63%
2026-09-22 18:54:30,965 - root - INFO - [884/1205] Fetching weather for Székkutas...
2026-09-22 18:54:31,092 - root - INFO - Fetched weather for Székkutas: 12.8°C, Clouds, humidity: 63%
2026-09-22 18:54:32,194 - root - INFO - [885/1205] Fetching weather for Kaposszentjakab...
2026-09-22 18:54:32,353 - root - INFO - Fetched weather for Kaposszentjakab: 13.7°C, Clear, humidity: 61%
2026-09-22 18:54:33,455 - root - INFO - [886/1205] Fetching weather for Kaposvár...
2026-09-22 18:54:33,608 - root - INFO - Fetched weather for Kaposvár: 13.6°C, Clear, humidity: 61%
2026-09-22 18:54:34,710 - root - INFO - [887/1205] Fetching weather for Kaposújlak...
2026-09-22 18:54:34,838 - root - INFO - Fetched weather for Kaposújlak: 13.7°C, Clear, humidity: 59%
2026-09-22 18:54:35,939 - root - INFO - [888/1205] Fetching weather for Kaposmérő...
2026-09-22 18:54:36,059 - root - INFO - Fetched weather for Kaposmérő: 13.7°C, Clear, humidity: 59%
2026-09-22 18:54:37,160 - root - INFO - [889/1205] Fetching weather for Kaposfő...
2026-09-22 18:54:37,292 - root - INFO - Fetched weather for Kaposfő: 13.7°C, Clear, humidity: 58%
2026-09-22 18:54:38,393 - root - INFO - [890/1205] Fetching weather for Kiskorpád...
2026-09-22 18:54:38,548 - root - INFO - Fetched weather for Kiskorpád: 13.6°C, Clear, humidity: 58%
2026-09-22 18:54:39,649 - root - INFO - [891/1205] Fetching weather for Jákó-Nagybajom...
2026-09-22 18:54:39,801 - root - INFO - Fetched weather for Jákó-Nagybajom: 13.6°C, Clear, humidity: 58%
2026-09-22 18:54:40,902 - root - INFO - [892/1205] Fetching weather for Kutas...
2026-09-22 18:54:41,035 - root - INFO - Fetched weather for Kutas: 13.8°C, Clear, humidity: 58%
2026-09-22 18:54:42,137 - root - INFO - [893/1205] Fetching weather for Beleg...
2026-09-22 18:54:42,268 - root - INFO - Fetched weather for Beleg: 13.8°C, Clear, humidity: 57%
2026-09-22 18:54:43,370 - root - INFO - [894/1205] Fetching weather for Ötvöskónyi...
2026-09-22 18:54:43,500 - root - INFO - Fetched weather for Ötvöskónyi: 13.8°C, Clear, humidity: 57%
2026-09-22 18:54:44,601 - root - INFO - [895/1205] Fetching weather for Somogyszob...
2026-09-22 18:54:44,755 - root - INFO - Fetched weather for Somogyszob: 13.8°C, Clear, humidity: 57%
2026-09-22 18:54:45,856 - root - INFO - [896/1205] Fetching weather for Bolhás...
2026-09-22 18:54:46,012 - root - INFO - Fetched weather for Bolhás: 13.8°C, Clear, humidity: 57%
2026-09-22 18:54:47,114 - root - INFO - [897/1205] Fetching weather for Szenta...
2026-09-22 18:54:47,242 - root - INFO - Fetched weather for Szenta: 13.8°C, Clear, humidity: 56%
2026-09-22 18:54:48,343 - root - INFO - [898/1205] Fetching weather for Zrínyitelep...
2026-09-22 18:54:48,461 - root - INFO - Fetched weather for Zrínyitelep: 13.8°C, Clear, humidity: 56%
2026-09-22 18:54:49,562 - root - INFO - [899/1205] Fetching weather for Csurgó...
2026-09-22 18:54:49,695 - root - INFO - Fetched weather for Csurgó: 13.9°C, Clear, humidity: 57%
2026-09-22 18:54:50,797 - root - INFO - [900/1205] Fetching weather for Gyékényes...
2026-09-22 18:54:50,954 - root - INFO - Fetched weather for Gyékényes: 13.7°C, Clear, humidity: 57%
2026-09-22 18:54:52,056 - root - INFO - [901/1205] Fetching weather for Adony...
2026-09-22 18:54:52,213 - root - INFO - Fetched weather for Adony: 13.0°C, Clear, humidity: 66%
2026-09-22 18:54:53,315 - root - INFO - [902/1205] Fetching weather for Kulcs...
2026-09-22 18:54:53,443 - root - INFO - Fetched weather for Kulcs: 12.7°C, Clear, humidity: 65%
2026-09-22 18:54:54,545 - root - INFO - [903/1205] Fetching weather for Rácalmás...
2026-09-22 18:54:54,664 - root - INFO - Fetched weather for Rácalmás: 12.6°C, Clear, humidity: 65%
2026-09-22 18:54:55,765 - root - INFO - [904/1205] Fetching weather for Dunaújváros...
2026-09-22 18:54:55,892 - root - INFO - Fetched weather for Dunaújváros: 12.7°C, Clear, humidity: 65%
2026-09-22 18:54:56,993 - root - INFO - [905/1205] Fetching weather for Újvenyim...
2026-09-22 18:54:57,149 - root - INFO - Fetched weather for Újvenyim: 12.8°C, Clear, humidity: 64%
2026-09-22 18:54:58,250 - root - INFO - [906/1205] Fetching weather for Mezőfalva...
2026-09-22 18:54:58,414 - root - INFO - Fetched weather for Mezőfalva: 12.8°C, Clear, humidity: 64%
2026-09-22 18:54:59,515 - root - INFO - [907/1205] Fetching weather for Nagykarácsony felső...
2026-09-22 18:54:59,644 - root - INFO - Fetched weather for Nagykarácsony felső: 13.0°C, Clear, humidity: 64%
2026-09-22 18:55:00,746 - root - INFO - [908/1205] Fetching weather for Nagykarácsony...
2026-09-22 18:55:00,873 - root - INFO - Fetched weather for Nagykarácsony: 12.8°C, Clear, humidity: 65%
2026-09-22 18:55:01,975 - root - INFO - [909/1205] Fetching weather for Alap...
2026-09-22 18:55:02,106 - root - INFO - Fetched weather for Alap: 13.1°C, Clear, humidity: 67%
2026-09-22 18:55:03,207 - root - INFO - [910/1205] Fetching weather for Cece...
2026-09-22 18:55:03,358 - root - INFO - Fetched weather for Cece: 13.2°C, Clear, humidity: 68%
2026-09-22 18:55:04,459 - root - INFO - [911/1205] Fetching weather for Vajta...
2026-09-22 18:55:04,621 - root - INFO - Fetched weather for Vajta: 13.1°C, Clear, humidity: 68%
2026-09-22 18:55:05,723 - root - INFO - [912/1205] Fetching weather for Rétszilas alsó...
2026-09-22 18:55:05,851 - root - INFO - Fetched weather for Rétszilas alsó: 13.1°C, Clear, humidity: 67%
2026-09-22 18:55:06,952 - root - INFO - [913/1205] Fetching weather for Nagydorog...
2026-09-22 18:55:07,071 - root - INFO - Fetched weather for Nagydorog: 13.2°C, Clear, humidity: 68%
2026-09-22 18:55:08,172 - root - INFO - [914/1205] Fetching weather for Tengelic...
2026-09-22 18:55:08,311 - root - INFO - Fetched weather for Tengelic: 13.0°C, Clear, humidity: 66%
2026-09-22 18:55:09,412 - root - INFO - [915/1205] Fetching weather for Fácánkert...
2026-09-22 18:55:09,567 - root - INFO - Fetched weather for Fácánkert: 13.2°C, Clear, humidity: 65%
2026-09-22 18:55:10,669 - root - INFO - [916/1205] Fetching weather for Tolna-Mözs...
2026-09-22 18:55:10,820 - root - INFO - Fetched weather for Tolna-Mözs: 13.1°C, Clear, humidity: 65%
2026-09-22 18:55:11,922 - root - INFO - [917/1205] Fetching weather for Szekszárd-Palánk...
2026-09-22 18:55:12,053 - root - INFO - Fetched weather for Szekszárd-Palánk: 13.3°C, Clear, humidity: 65%
2026-09-22 18:55:13,154 - root - INFO - [918/1205] Fetching weather for Szekszárd...
2026-09-22 18:55:13,273 - root - INFO - Fetched weather for Szekszárd: 13.3°C, Clear, humidity: 65%
2026-09-22 18:55:14,375 - root - INFO - [919/1205] Fetching weather for Őcsény...
2026-09-22 18:55:14,502 - root - INFO - Fetched weather for Őcsény: 13.1°C, Clear, humidity: 65%
2026-09-22 18:55:15,603 - root - INFO - [920/1205] Fetching weather for Decs...
2026-09-22 18:55:15,754 - root - INFO - Fetched weather for Decs: 13.1°C, Clear, humidity: 65%
2026-09-22 18:55:16,856 - root - INFO - [921/1205] Fetching weather for Csikóstőttős...
2026-09-22 18:55:17,013 - root - INFO - Fetched weather for Csikóstőttős: 13.4°C, Clear, humidity: 65%
2026-09-22 18:55:18,115 - root - INFO - [922/1205] Fetching weather for Mágocs-Alsómocsolád...
2026-09-22 18:55:18,254 - root - INFO - Fetched weather for Mágocs-Alsómocsolád: 12.8°C, Clear, humidity: 66%
2026-09-22 18:55:19,355 - root - INFO - [923/1205] Fetching weather for Szalatnak...
2026-09-22 18:55:19,474 - root - INFO - Fetched weather for Szalatnak: 13.0°C, Clear, humidity: 66%
2026-09-22 18:55:20,576 - root - INFO - [924/1205] Fetching weather for Máza-Szászvár...
2026-09-22 18:55:20,716 - root - INFO - Fetched weather for Máza-Szászvár: 12.9°C, Clear, humidity: 67%
2026-09-22 18:55:21,817 - root - INFO - [925/1205] Fetching weather for Váralja...
2026-09-22 18:55:21,968 - root - INFO - Fetched weather for Váralja: 12.9°C, Clear, humidity: 67%
2026-09-22 18:55:23,069 - root - INFO - [926/1205] Fetching weather for Nagymányok...
2026-09-22 18:55:23,224 - root - INFO - Fetched weather for Nagymányok: 12.9°C, Clear, humidity: 67%
2026-09-22 18:55:24,326 - root - INFO - [927/1205] Fetching weather for Hidas-Bonyhád...
2026-09-22 18:55:24,456 - root - INFO - Fetched weather for Hidas-Bonyhád: 12.8°C, Clear, humidity: 67%
2026-09-22 18:55:25,558 - root - INFO - [928/1205] Fetching weather for Mőcsény...
2026-09-22 18:55:25,679 - root - INFO - Fetched weather for Mőcsény: 12.6°C, Clear, humidity: 66%
2026-09-22 18:55:26,780 - root - INFO - [929/1205] Fetching weather for Bátaszék...
2026-09-22 18:55:26,917 - root - INFO - Fetched weather for Bátaszék: 13.1°C, Clear, humidity: 65%
2026-09-22 18:55:28,018 - root - INFO - [930/1205] Fetching weather for Pörböly...
2026-09-22 18:55:28,169 - root - INFO - Fetched weather for Pörböly: 13.1°C, Clear, humidity: 64%
2026-09-22 18:55:29,270 - root - INFO - [931/1205] Fetching weather for Orosháza...
2026-09-22 18:55:29,430 - root - INFO - Fetched weather for Orosháza: 11.8°C, Clear, humidity: 65%
2026-09-22 18:55:30,531 - root - INFO - [932/1205] Fetching weather for Orosházi tanyák...
2026-09-22 18:55:30,667 - root - INFO - Fetched weather for Orosházi tanyák: 11.6°C, Clear, humidity: 68%
2026-09-22 18:55:31,769 - root - INFO - [933/1205] Fetching weather for Csorvás...
2026-09-22 18:55:31,890 - root - INFO - Fetched weather for Csorvás: 11.5°C, Clear, humidity: 70%
2026-09-22 18:55:32,991 - root - INFO - [934/1205] Fetching weather for Csorvás alsó...
2026-09-22 18:55:33,131 - root - INFO - Fetched weather for Csorvás alsó: 11.4°C, Clear, humidity: 71%
2026-09-22 18:55:34,232 - root - INFO - [935/1205] Fetching weather for Telekgerendás...
2026-09-22 18:55:34,391 - root - INFO - Fetched weather for Telekgerendás: 11.2°C, Clear, humidity: 73%
2026-09-22 18:55:35,492 - root - INFO - [936/1205] Fetching weather for Fürjes...
2026-09-22 18:55:35,645 - root - INFO - Fetched weather for Fürjes: 11.0°C, Clear, humidity: 74%
2026-09-22 18:55:36,747 - root - INFO - [937/1205] Fetching weather for Fényes...
2026-09-22 18:55:36,877 - root - INFO - Fetched weather for Fényes: 10.9°C, Clear, humidity: 74%
2026-09-22 18:55:37,978 - root - INFO - [938/1205] Fetching weather for Bicere...
2026-09-22 18:55:38,104 - root - INFO - Fetched weather for Bicere: 11.0°C, Clear, humidity: 73%
2026-09-22 18:55:39,205 - root - INFO - [939/1205] Fetching weather for Gyula...
2026-09-22 18:55:39,332 - root - INFO - Fetched weather for Gyula: 11.2°C, Clear, humidity: 73%
2026-09-22 18:55:40,433 - root - INFO - [940/1205] Fetching weather for József Szanatórium...
2026-09-22 18:55:40,604 - root - INFO - Fetched weather for József Szanatórium: 11.2°C, Clear, humidity: 74%
2026-09-22 18:55:41,705 - root - INFO - [941/1205] Fetching weather for Sarkadi Cukorgyár...
2026-09-22 18:55:41,864 - root - INFO - Fetched weather for Sarkadi Cukorgyár: 11.3°C, Clear, humidity: 75%
2026-09-22 18:55:42,966 - root - INFO - [942/1205] Fetching weather for Sarkad...
2026-09-22 18:55:43,094 - root - INFO - Fetched weather for Sarkad: 11.3°C, Clear, humidity: 75%
2026-09-22 18:55:44,195 - root - INFO - [943/1205] Fetching weather for Kötegyán...
2026-09-22 18:55:44,313 - root - INFO - Fetched weather for Kötegyán: 11.4°C, Clear, humidity: 75%
2026-09-22 18:55:45,415 - root - INFO - [944/1205] Fetching weather for Méhkerék...
2026-09-22 18:55:45,542 - root - INFO - Fetched weather for Méhkerék: 11.3°C, Clear, humidity: 76%
2026-09-22 18:55:46,644 - root - INFO - [945/1205] Fetching weather for Sarkadkeresztúr...
2026-09-22 18:55:46,807 - root - INFO - Fetched weather for Sarkadkeresztúr: 11.3°C, Clear, humidity: 76%
2026-09-22 18:55:47,908 - root - INFO - [946/1205] Fetching weather for Okány...
2026-09-22 18:55:48,062 - root - INFO - Fetched weather for Okány: 11.3°C, Clear, humidity: 76%
2026-09-22 18:55:49,164 - root - INFO - [947/1205] Fetching weather for Újszeged...
2026-09-22 18:55:49,302 - root - INFO - Fetched weather for Újszeged: 12.3°C, Clouds, humidity: 66%
2026-09-22 18:55:50,404 - root - INFO - [948/1205] Fetching weather for Szőreg...
2026-09-22 18:55:50,529 - root - INFO - Fetched weather for Szőreg: 12.3°C, Clouds, humidity: 67%
2026-09-22 18:55:51,630 - root - INFO - [949/1205] Fetching weather for Deszk...
2026-09-22 18:55:51,764 - root - INFO - Fetched weather for Deszk: 12.3°C, Clouds, humidity: 67%
2026-09-22 18:55:52,865 - root - INFO - [950/1205] Fetching weather for Kiszombor...
2026-09-22 18:55:53,021 - root - INFO - Fetched weather for Kiszombor: 12.0°C, Clear, humidity: 67%
2026-09-22 18:55:54,122 - root - INFO - [951/1205] Fetching weather for Kiszombor megálló...
2026-09-22 18:55:54,278 - root - INFO - Fetched weather for Kiszombor megálló: 12.0°C, Clear, humidity: 67%
2026-09-22 18:55:55,379 - root - INFO - [952/1205] Fetching weather for Makó...
2026-09-22 18:55:55,516 - root - INFO - Fetched weather for Makó: 12.0°C, Clear, humidity: 67%
2026-09-22 18:55:56,618 - root - INFO - [953/1205] Fetching weather for Apátfalva...
2026-09-22 18:55:56,739 - root - INFO - Fetched weather for Apátfalva: 11.9°C, Clear, humidity: 70%
2026-09-22 18:55:57,841 - root - INFO - [954/1205] Fetching weather for Magyarcsanád...
2026-09-22 18:55:57,976 - root - INFO - Fetched weather for Magyarcsanád: 11.9°C, Clouds, humidity: 71%
2026-09-22 18:55:59,077 - root - INFO - [955/1205] Fetching weather for Nagylak...
2026-09-22 18:55:59,233 - root - INFO - Fetched weather for Nagylak: 14.0°C, Clouds, humidity: 73%
2026-09-22 18:56:00,335 - root - INFO - [956/1205] Fetching weather for Nagylaki Kendergyár...
2026-09-22 18:56:00,493 - root - INFO - Fetched weather for Nagylaki Kendergyár: 14.0°C, Clouds, humidity: 72%
2026-09-22 18:56:01,595 - root - INFO - [957/1205] Fetching weather for Csanádpalota...
2026-09-22 18:56:01,726 - root - INFO - Fetched weather for Csanádpalota: 14.0°C, Clear, humidity: 72%
2026-09-22 18:56:02,827 - root - INFO - [958/1205] Fetching weather for Mezőhegyes...
2026-09-22 18:56:02,950 - root - INFO - Fetched weather for Mezőhegyes: 13.9°C, Clear, humidity: 72%
2026-09-22 18:56:04,051 - root - INFO - [959/1205] Fetching weather for Végegyháza...
2026-09-22 18:56:04,180 - root - INFO - Fetched weather for Végegyháza: 13.9°C, Clear, humidity: 71%
2026-09-22 18:56:05,281 - root - INFO - [960/1205] Fetching weather for Mezőkovácsháza...
2026-09-22 18:56:05,442 - root - INFO - Fetched weather for Mezőkovácsháza: 13.9°C, Clear, humidity: 71%
2026-09-22 18:56:06,544 - root - INFO - [961/1205] Fetching weather for Mezőkovácsháza felső...
2026-09-22 18:56:06,706 - root - INFO - Fetched weather for Mezőkovácsháza felső: 13.9°C, Clear, humidity: 70%
2026-09-22 18:56:07,807 - root - INFO - [962/1205] Fetching weather for Magyarbánhegyes...
2026-09-22 18:56:07,936 - root - INFO - Fetched weather for Magyarbánhegyes: 11.7°C, Clear, humidity: 70%
2026-09-22 18:56:09,038 - root - INFO - [963/1205] Fetching weather for Medgyesegyháza...
2026-09-22 18:56:09,162 - root - INFO - Fetched weather for Medgyesegyháza: 11.5°C, Clear, humidity: 70%
2026-09-22 18:56:10,263 - root - INFO - [964/1205] Fetching weather for Bánkút...
2026-09-22 18:56:10,391 - root - INFO - Fetched weather for Bánkút: 11.5°C, Clear, humidity: 70%
2026-09-22 18:56:11,493 - root - INFO - [965/1205] Fetching weather for Belsőperegpuszta...
2026-09-22 18:56:11,647 - root - INFO - Fetched weather for Belsőperegpuszta: 13.9°C, Clear, humidity: 72%
2026-09-22 18:56:12,748 - root - INFO - [966/1205] Fetching weather for Battonya...
2026-09-22 18:56:12,902 - root - INFO - Fetched weather for Battonya: 13.9°C, Clear, humidity: 100%
2026-09-22 18:56:14,004 - root - INFO - [967/1205] Fetching weather for Baja-Dunafürdő...
2026-09-22 18:56:14,132 - root - INFO - Fetched weather for Baja-Dunafürdő: 13.0°C, Clear, humidity: 64%
2026-09-22 18:56:15,233 - root - INFO - [968/1205] Fetching weather for Kaposszekcső...
2026-09-22 18:56:15,357 - root - INFO - Fetched weather for Kaposszekcső: 13.4°C, Clear, humidity: 65%
2026-09-22 18:56:16,458 - root - INFO - [969/1205] Fetching weather for Vásárosdombó...
2026-09-22 18:56:16,576 - root - INFO - Fetched weather for Vásárosdombó: 13.3°C, Clear, humidity: 66%
2026-09-22 18:56:17,677 - root - INFO - [970/1205] Fetching weather for Sásd...
2026-09-22 18:56:17,827 - root - INFO - Fetched weather for Sásd: 13.2°C, Clear, humidity: 66%
2026-09-22 18:56:18,929 - root - INFO - [971/1205] Fetching weather for Godisa...
2026-09-22 18:56:19,084 - root - INFO - Fetched weather for Godisa: 13.4°C, Clear, humidity: 66%
2026-09-22 18:56:20,185 - root - INFO - [972/1205] Fetching weather for Abaliget...
2026-09-22 18:56:20,317 - root - INFO - Fetched weather for Abaliget: 13.0°C, Clear, humidity: 65%
2026-09-22 18:56:21,418 - root - INFO - [973/1205] Fetching weather for Hetvehely...
2026-09-22 18:56:21,548 - root - INFO - Fetched weather for Hetvehely: 13.2°C, Clear, humidity: 64%
2026-09-22 18:56:22,649 - root - INFO - [974/1205] Fetching weather for Bükkösd...
2026-09-22 18:56:22,767 - root - INFO - Fetched weather for Bükkösd: 13.4°C, Clear, humidity: 64%
2026-09-22 18:56:23,868 - root - INFO - [975/1205] Fetching weather for Cserdi-Helesfa...
2026-09-22 18:56:24,026 - root - INFO - Fetched weather for Cserdi-Helesfa: 13.4°C, Clear, humidity: 64%
2026-09-22 18:56:25,127 - root - INFO - [976/1205] Fetching weather for Szentlőrinc...
2026-09-22 18:56:25,283 - root - INFO - Fetched weather for Szentlőrinc: 13.5°C, Clear, humidity: 62%
2026-09-22 18:56:26,384 - root - INFO - [977/1205] Fetching weather for Bicsérd...
2026-09-22 18:56:26,531 - root - INFO - Fetched weather for Bicsérd: 13.4°C, Clear, humidity: 62%
2026-09-22 18:56:27,632 - root - INFO - [978/1205] Fetching weather for Mecsekalja-Cserkút...
2026-09-22 18:56:27,758 - root - INFO - Fetched weather for Mecsekalja-Cserkút: 13.5°C, Clear, humidity: 62%
2026-09-22 18:56:28,860 - root - INFO - [979/1205] Fetching weather for Pécs...
2026-09-22 18:56:28,976 - root - INFO - Fetched weather for Pécs: 13.5°C, Clear, humidity: 62%
2026-09-22 18:56:30,078 - root - INFO - [980/1205] Fetching weather for Pécs-Külváros...
2026-09-22 18:56:30,238 - root - INFO - Fetched weather for Pécs-Külváros: 13.4°C, Clear, humidity: 62%
2026-09-22 18:56:31,340 - root - INFO - [981/1205] Fetching weather for Pécsbánya-Rendező...
2026-09-22 18:56:31,503 - root - INFO - Fetched weather for Pécsbánya-Rendező: 13.3°C, Clear, humidity: 62%
2026-09-22 18:56:32,604 - root - INFO - [982/1205] Fetching weather for Pécsudvard...
2026-09-22 18:56:32,739 - root - INFO - Fetched weather for Pécsudvard: 13.2°C, Clear, humidity: 62%
2026-09-22 18:56:33,841 - root - INFO - [983/1205] Fetching weather for Szőkéd...
2026-09-22 18:56:33,981 - root - INFO - Fetched weather for Szőkéd: 13.4°C, Clear, humidity: 62%
2026-09-22 18:56:35,082 - root - INFO - [984/1205] Fetching weather for Áta...
2026-09-22 18:56:35,200 - root - INFO - Fetched weather for Áta: 13.5°C, Clear, humidity: 62%
2026-09-22 18:56:36,301 - root - INFO - [985/1205] Fetching weather for Kistótfalu...
2026-09-22 18:56:36,452 - root - INFO - Fetched weather for Kistótfalu: 13.1°C, Clear, humidity: 64%
2026-09-22 18:56:37,554 - root - INFO - [986/1205] Fetching weather for Vokány...
2026-09-22 18:56:37,707 - root - INFO - Fetched weather for Vokány: 13.0°C, Clear, humidity: 65%
2026-09-22 18:56:38,808 - root - INFO - [987/1205] Fetching weather for Palkonya...
2026-09-22 18:56:38,957 - root - INFO - Fetched weather for Palkonya: 12.8°C, Clear, humidity: 65%
2026-09-22 18:56:40,059 - root - INFO - [988/1205] Fetching weather for Villánykövesd...
2026-09-22 18:56:40,185 - root - INFO - Fetched weather for Villánykövesd: 12.7°C, Clear, humidity: 66%
2026-09-22 18:56:41,287 - root - INFO - [989/1205] Fetching weather for Villány...
2026-09-22 18:56:41,406 - root - INFO - Fetched weather for Villány: 12.8°C, Clear, humidity: 67%
2026-09-22 18:56:42,507 - root - INFO - [990/1205] Fetching weather for Magyarbóly...
2026-09-22 18:56:42,657 - root - INFO - Fetched weather for Magyarbóly: 12.9°C, Clear, humidity: 67%
2026-09-22 18:56:43,758 - root - INFO - [991/1205] Fetching weather for Magyarszék...
2026-09-22 18:56:43,912 - root - INFO - Fetched weather for Magyarszék: 13.2°C, Clear, humidity: 66%
2026-09-22 18:56:45,014 - root - INFO - [992/1205] Fetching weather for Mecsekpölöske...
2026-09-22 18:56:45,149 - root - INFO - Fetched weather for Mecsekpölöske: 13.1°C, Clear, humidity: 66%
2026-09-22 18:56:46,251 - root - INFO - [993/1205] Fetching weather for Mecsekjánosi...
2026-09-22 18:56:46,378 - root - INFO - Fetched weather for Mecsekjánosi: 13.1°C, Clear, humidity: 67%
2026-09-22 18:56:47,479 - root - INFO - [994/1205] Fetching weather for Komló...
2026-09-22 18:56:47,609 - root - INFO - Fetched weather for Komló: 12.8°C, Clear, humidity: 67%
2026-09-22 18:56:48,710 - root - INFO - [995/1205] Fetching weather for Királyegyháza-Rigópuszta...
2026-09-22 18:56:48,859 - root - INFO - Fetched weather for Királyegyháza-Rigópuszta: 13.6°C, Clear, humidity: 64%
2026-09-22 18:56:49,960 - root - INFO - [996/1205] Fetching weather for Sumony...
2026-09-22 18:56:50,116 - root - INFO - Fetched weather for Sumony: 13.6°C, Clouds, humidity: 63%
2026-09-22 18:56:51,217 - root - INFO - [997/1205] Fetching weather for Okorág-Kárászpuszta...
2026-09-22 18:56:51,423 - root - INFO - Fetched weather for Okorág-Kárászpuszta: 13.6°C, Clouds, humidity: 62%
2026-09-22 18:56:52,524 - root - INFO - [998/1205] Fetching weather for Kákics...
2026-09-22 18:56:52,652 - root - INFO - Fetched weather for Kákics: 13.5°C, Clouds, humidity: 62%
2026-09-22 18:56:53,753 - root - INFO - [999/1205] Fetching weather for Bóly...
2026-09-22 18:56:53,874 - root - INFO - Fetched weather for Bóly: 12.6°C, Clear, humidity: 67%
2026-09-22 18:56:54,975 - root - INFO - [1000/1205] Fetching weather for Mohács...
2026-09-22 18:56:55,110 - root - INFO - Fetched weather for Mohács: 12.8°C, Clear, humidity: 64%
2026-09-22 18:56:56,212 - root - INFO - [1001/1205] Fetching weather for Sellye...
2026-09-22 18:56:56,355 - root - INFO - Fetched weather for Sellye: 13.4°C, Clouds, humidity: 63%
2026-09-22 18:56:57,456 - root - INFO - [1002/1205] Fetching weather for Toponár...
2026-09-22 18:56:57,611 - root - INFO - Fetched weather for Toponár: 13.6°C, Clear, humidity: 61%
2026-09-22 18:56:58,712 - root - INFO - [1003/1205] Fetching weather for Somogyaszaló...
2026-09-22 18:56:58,864 - root - INFO - Fetched weather for Somogyaszaló: 13.5°C, Clear, humidity: 61%
2026-09-22 18:56:59,965 - root - INFO - [1004/1205] Fetching weather for Mernye...
2026-09-22 18:57:00,082 - root - INFO - Fetched weather for Mernye: 13.6°C, Clear, humidity: 61%
2026-09-22 18:57:01,183 - root - INFO - [1005/1205] Fetching weather for Felsőmocsolád...
2026-09-22 18:57:01,323 - root - INFO - Fetched weather for Felsőmocsolád: 13.5°C, Clear, humidity: 61%
2026-09-22 18:57:02,424 - root - INFO - [1006/1205] Fetching weather for Kisbárapáti...
2026-09-22 18:57:02,577 - root - INFO - Fetched weather for Kisbárapáti: 13.4°C, Clear, humidity: 62%
2026-09-22 18:57:03,678 - root - INFO - [1007/1205] Fetching weather for Bonnya...
2026-09-22 18:57:03,828 - root - INFO - Fetched weather for Bonnya: 13.6°C, Clear, humidity: 62%
2026-09-22 18:57:04,929 - root - INFO - [1008/1205] Fetching weather for Andocs...
2026-09-22 18:57:05,077 - root - INFO - Fetched weather for Andocs: 13.2°C, Clear, humidity: 62%
2026-09-22 18:57:06,178 - root - INFO - [1009/1205] Fetching weather for Karád...
2026-09-22 18:57:06,297 - root - INFO - Fetched weather for Karád: 13.6°C, Clear, humidity: 62%
2026-09-22 18:57:07,398 - root - INFO - [1010/1205] Fetching weather for Somogymeggyes...
2026-09-22 18:57:07,529 - root - INFO - Fetched weather for Somogymeggyes: 13.2°C, Clear, humidity: 64%
2026-09-22 18:57:08,631 - root - INFO - [1011/1205] Fetching weather for Kapoly...
2026-09-22 18:57:08,774 - root - INFO - Fetched weather for Kapoly: 13.4°C, Clear, humidity: 65%
2026-09-22 18:57:09,875 - root - INFO - [1012/1205] Fetching weather for Tab...
2026-09-22 18:57:10,028 - root - INFO - Fetched weather for Tab: 13.2°C, Clear, humidity: 66%
2026-09-22 18:57:11,129 - root - INFO - [1013/1205] Fetching weather for Bábonymegyer...
2026-09-22 18:57:11,288 - root - INFO - Fetched weather for Bábonymegyer: 13.2°C, Clear, humidity: 66%
2026-09-22 18:57:12,389 - root - INFO - [1014/1205] Fetching weather for Daránypuszta...
2026-09-22 18:57:12,513 - root - INFO - Fetched weather for Daránypuszta: 13.4°C, Clear, humidity: 66%
2026-09-22 18:57:13,614 - root - INFO - [1015/1205] Fetching weather for Som-Nagyberény...
2026-09-22 18:57:13,756 - root - INFO - Fetched weather for Som-Nagyberény: 13.7°C, Clear, humidity: 67%
2026-09-22 18:57:14,857 - root - INFO - [1016/1205] Fetching weather for Ádánd...
2026-09-22 18:57:14,999 - root - INFO - Fetched weather for Ádánd: 13.8°C, Clear, humidity: 68%
2026-09-22 18:57:16,100 - root - INFO - [1017/1205] Fetching weather for Siójut...
2026-09-22 18:57:16,256 - root - INFO - Fetched weather for Siójut: 13.8°C, Clear, humidity: 68%
2026-09-22 18:57:17,357 - root - INFO - [1018/1205] Fetching weather for Kapostüskevár...
2026-09-22 18:57:17,512 - root - INFO - Fetched weather for Kapostüskevár: 13.8°C, Clear, humidity: 60%
2026-09-22 18:57:18,613 - root - INFO - [1019/1205] Fetching weather for Kaposfüred...
2026-09-22 18:57:18,730 - root - INFO - Fetched weather for Kaposfüred: 13.6°C, Clear, humidity: 60%
2026-09-22 18:57:19,831 - root - INFO - [1020/1205] Fetching weather for Várda...
2026-09-22 18:57:19,979 - root - INFO - Fetched weather for Várda: 13.6°C, Clear, humidity: 59%
2026-09-22 18:57:21,081 - root - INFO - [1021/1205] Fetching weather for Somogyjád...
2026-09-22 18:57:21,228 - root - INFO - Fetched weather for Somogyjád: 13.8°C, Clear, humidity: 58%
2026-09-22 18:57:22,329 - root - INFO - [1022/1205] Fetching weather for Osztopán...
2026-09-22 18:57:22,478 - root - INFO - Fetched weather for Osztopán: 13.8°C, Clear, humidity: 58%
2026-09-22 18:57:23,579 - root - INFO - [1023/1205] Fetching weather for Pamuk...
2026-09-22 18:57:23,731 - root - INFO - Fetched weather for Pamuk: 14.0°C, Clear, humidity: 58%
2026-09-22 18:57:24,833 - root - INFO - [1024/1205] Fetching weather for Somogyvár...
2026-09-22 18:57:24,947 - root - INFO - Fetched weather for Somogyvár: 14.0°C, Clear, humidity: 57%
2026-09-22 18:57:26,048 - root - INFO - [1025/1205] Fetching weather for Öreglak...
2026-09-22 18:57:26,177 - root - INFO - Fetched weather for Öreglak: 14.1°C, Clear, humidity: 57%
2026-09-22 18:57:27,278 - root - INFO - [1026/1205] Fetching weather for Tatárvár...
2026-09-22 18:57:27,424 - root - INFO - Fetched weather for Tatárvár: 14.0°C, Clear, humidity: 57%
2026-09-22 18:57:28,526 - root - INFO - [1027/1205] Fetching weather for Lengyeltóti...
2026-09-22 18:57:28,674 - root - INFO - Fetched weather for Lengyeltóti: 14.2°C, Clear, humidity: 57%
2026-09-22 18:57:29,776 - root - INFO - [1028/1205] Fetching weather for Pusztaberény...
2026-09-22 18:57:29,928 - root - INFO - Fetched weather for Pusztaberény: 14.3°C, Clear, humidity: 57%
2026-09-22 18:57:31,030 - root - INFO - [1029/1205] Fetching weather for Örkény...
2026-09-22 18:57:31,195 - root - INFO - Fetched weather for Örkény: 12.5°C, Clear, humidity: 65%
2026-09-22 18:57:32,297 - root - INFO - [1030/1205] Fetching weather for Táborfalva...
2026-09-22 18:57:32,436 - root - INFO - Fetched weather for Táborfalva: 11.9°C, Clear, humidity: 64%
2026-09-22 18:57:33,537 - root - INFO - [1031/1205] Fetching weather for Felsőlajos...
2026-09-22 18:57:33,688 - root - INFO - Fetched weather for Felsőlajos: 11.9°C, Clear, humidity: 64%
2026-09-22 18:57:34,789 - root - INFO - [1032/1205] Fetching weather for Lajosmizse...
2026-09-22 18:57:34,927 - root - INFO - Fetched weather for Lajosmizse: 11.8°C, Clear, humidity: 62%
2026-09-22 18:57:36,029 - root - INFO - [1033/1205] Fetching weather for Lajosmizse alsó...
2026-09-22 18:57:36,180 - root - INFO - Fetched weather for Lajosmizse alsó: 11.8°C, Clear, humidity: 62%
2026-09-22 18:57:37,281 - root - INFO - [1034/1205] Fetching weather for Klábertelep...
2026-09-22 18:57:37,442 - root - INFO - Fetched weather for Klábertelep: 11.9°C, Clear, humidity: 62%
2026-09-22 18:57:38,544 - root - INFO - [1035/1205] Fetching weather for Méntelek...
2026-09-22 18:57:38,679 - root - INFO - Fetched weather for Méntelek: 11.9°C, Clear, humidity: 62%
2026-09-22 18:57:39,781 - root - INFO - [1036/1205] Fetching weather for Hetényegyháza...
2026-09-22 18:57:39,942 - root - INFO - Fetched weather for Hetényegyháza: 11.9°C, Clear, humidity: 62%
2026-09-22 18:57:41,043 - root - INFO - [1037/1205] Fetching weather for Kecskemét-Máriaváros...
2026-09-22 18:57:41,186 - root - INFO - Fetched weather for Kecskemét-Máriaváros: 12.0°C, Clear, humidity: 62%
2026-09-22 18:57:42,288 - root - INFO - [1038/1205] Fetching weather for Nyársapát...
2026-09-22 18:57:42,448 - root - INFO - Fetched weather for Nyársapát: 12.1°C, Clear, humidity: 65%
2026-09-22 18:57:43,549 - root - INFO - [1039/1205] Fetching weather for Nagykőrös...
2026-09-22 18:57:43,705 - root - INFO - Fetched weather for Nagykőrös: 12.0°C, Clear, humidity: 62%
2026-09-22 18:57:44,806 - root - INFO - [1040/1205] Fetching weather for Katonatelep...
2026-09-22 18:57:44,934 - root - INFO - Fetched weather for Katonatelep: 11.9°C, Clear, humidity: 62%
2026-09-22 18:57:46,035 - root - INFO - [1041/1205] Fetching weather for Kecskemét...
2026-09-22 18:57:46,197 - root - INFO - Fetched weather for Kecskemét: 12.0°C, Clear, humidity: 62%
2026-09-22 18:57:47,298 - root - INFO - [1042/1205] Fetching weather for Városföld...
2026-09-22 18:57:47,442 - root - INFO - Fetched weather for Városföld: 12.0°C, Clear, humidity: 62%
2026-09-22 18:57:48,543 - root - INFO - [1043/1205] Fetching weather for Kiskunfélegyháza...
2026-09-22 18:57:48,701 - root - INFO - Fetched weather for Kiskunfélegyháza: 13.9°C, Clear, humidity: 54%
2026-09-22 18:57:49,802 - root - INFO - [1044/1205] Fetching weather for Petőfiszállás...
2026-09-22 18:57:49,965 - root - INFO - Fetched weather for Petőfiszállás: 13.9°C, Clear, humidity: 54%
2026-09-22 18:57:51,066 - root - INFO - [1045/1205] Fetching weather for Csengele...
2026-09-22 18:57:51,195 - root - INFO - Fetched weather for Csengele: 13.9°C, Clear, humidity: 54%
2026-09-22 18:57:52,296 - root - INFO - [1046/1205] Fetching weather for Kistelek...
2026-09-22 18:57:52,444 - root - INFO - Fetched weather for Kistelek: 12.2°C, Clear, humidity: 63%
2026-09-22 18:57:53,546 - root - INFO - [1047/1205] Fetching weather for Balástya...
2026-09-22 18:57:53,691 - root - INFO - Fetched weather for Balástya: 12.2°C, Clear, humidity: 63%
2026-09-22 18:57:54,793 - root - INFO - [1048/1205] Fetching weather for Szatymaz...
2026-09-22 18:57:54,942 - root - INFO - Fetched weather for Szatymaz: 12.3°C, Clouds, humidity: 63%
2026-09-22 18:57:56,044 - root - INFO - [1049/1205] Fetching weather for Kiskundorozsma...
2026-09-22 18:57:56,198 - root - INFO - Fetched weather for Kiskundorozsma: 12.3°C, Clouds, humidity: 63%
2026-09-22 18:57:57,299 - root - INFO - [1050/1205] Fetching weather for Szeged...
2026-09-22 18:57:57,430 - root - INFO - Fetched weather for Szeged: 12.3°C, Clouds, humidity: 63%
2026-09-22 18:57:58,532 - root - INFO - [1051/1205] Fetching weather for Alsóúrrét...
2026-09-22 18:57:58,673 - root - INFO - Fetched weather for Alsóúrrét: 12.0°C, Clear, humidity: 62%
2026-09-22 18:57:59,775 - root - INFO - [1052/1205] Fetching weather for Nyárlőrinc...
2026-09-22 18:57:59,915 - root - INFO - Fetched weather for Nyárlőrinc: 12.1°C, Clear, humidity: 62%
2026-09-22 18:58:01,016 - root - INFO - [1053/1205] Fetching weather for Világoshegy...
2026-09-22 18:58:01,167 - root - INFO - Fetched weather for Világoshegy: 12.1°C, Clear, humidity: 62%
2026-09-22 18:58:02,268 - root - INFO - [1054/1205] Fetching weather for Szikra...
2026-09-22 18:58:02,423 - root - INFO - Fetched weather for Szikra: 13.0°C, Clear, humidity: 58%
2026-09-22 18:58:03,525 - root - INFO - [1055/1205] Fetching weather for Lakitelek...
2026-09-22 18:58:03,671 - root - INFO - Fetched weather for Lakitelek: 12.9°C, Clear, humidity: 62%
2026-09-22 18:58:04,772 - root - INFO - [1056/1205] Fetching weather for Tiszaug...
2026-09-22 18:58:04,916 - root - INFO - Fetched weather for Tiszaug: 13.7°C, Clear, humidity: 63%
2026-09-22 18:58:06,017 - root - INFO - [1057/1205] Fetching weather for Tiszasas...
2026-09-22 18:58:06,157 - root - INFO - Fetched weather for Tiszasas: 13.5°C, Clear, humidity: 63%
2026-09-22 18:58:07,259 - root - INFO - [1058/1205] Fetching weather for Csépa...
2026-09-22 18:58:07,416 - root - INFO - Fetched weather for Csépa: 12.8°C, Clear, humidity: 54%
2026-09-22 18:58:08,517 - root - INFO - [1059/1205] Fetching weather for Szelevény...
2026-09-22 18:58:08,669 - root - INFO - Fetched weather for Szelevény: 12.8°C, Clear, humidity: 54%
2026-09-22 18:58:09,770 - root - INFO - [1060/1205] Fetching weather for Gátér...
2026-09-22 18:58:09,900 - root - INFO - Fetched weather for Gátér: 14.0°C, Clear, humidity: 54%
2026-09-22 18:58:11,002 - root - INFO - [1061/1205] Fetching weather for Kónyaszék...
2026-09-22 18:58:11,147 - root - INFO - Fetched weather for Kónyaszék: 12.8°C, Clear, humidity: 54%
2026-09-22 18:58:12,248 - root - INFO - [1062/1205] Fetching weather for Csongrád...
2026-09-22 18:58:12,384 - root - INFO - Fetched weather for Csongrád: 12.8°C, Clear, humidity: 54%
2026-09-22 18:58:13,486 - root - INFO - [1063/1205] Fetching weather for Hékéd...
2026-09-22 18:58:13,639 - root - INFO - Fetched weather for Hékéd: 12.8°C, Clear, humidity: 54%
2026-09-22 18:58:14,741 - root - INFO - [1064/1205] Fetching weather for Fábiánsebestyén...
2026-09-22 18:58:14,903 - root - INFO - Fetched weather for Fábiánsebestyén: 12.8°C, Clear, humidity: 54%
2026-09-22 18:58:16,004 - root - INFO - [1065/1205] Fetching weather for Gádoros...
2026-09-22 18:58:16,135 - root - INFO - Fetched weather for Gádoros: 12.8°C, Clear, humidity: 63%
2026-09-22 18:58:17,236 - root - INFO - [1066/1205] Fetching weather for Justhmajor...
2026-09-22 18:58:17,379 - root - INFO - Fetched weather for Justhmajor: 12.8°C, Clear, humidity: 64%
2026-09-22 18:58:18,480 - root - INFO - [1067/1205] Fetching weather for Szentetornya...
2026-09-22 18:58:18,621 - root - INFO - Fetched weather for Szentetornya: 12.8°C, Clear, humidity: 64%
2026-09-22 18:58:19,722 - root - INFO - [1068/1205] Fetching weather for Gyopárosfürdő...
2026-09-22 18:58:19,874 - root - INFO - Fetched weather for Gyopárosfürdő: 12.8°C, Clear, humidity: 65%
2026-09-22 18:58:20,975 - root - INFO - [1069/1205] Fetching weather for Szabadságliget...
2026-09-22 18:58:21,131 - root - INFO - Fetched weather for Szabadságliget: 11.9°C, Clear, humidity: 72%
2026-09-22 18:58:22,232 - root - INFO - [1070/1205] Fetching weather for Röszke...
2026-09-22 18:58:22,365 - root - INFO - Fetched weather for Röszke: 12.9°C, Clear, humidity: 64%
2026-09-22 18:58:23,466 - root - INFO - [1071/1205] Fetching weather for Tószeg...
2026-09-22 18:58:23,614 - root - INFO - Fetched weather for Tószeg: 12.2°C, Clear, humidity: 63%
2026-09-22 18:58:24,715 - root - INFO - [1072/1205] Fetching weather for Tiszavárkony...
2026-09-22 18:58:24,862 - root - INFO - Fetched weather for Tiszavárkony: 12.2°C, Clear, humidity: 63%
2026-09-22 18:58:25,963 - root - INFO - [1073/1205] Fetching weather for Tiszajenő-Vezseny...
2026-09-22 18:58:26,116 - root - INFO - Fetched weather for Tiszajenő-Vezseny: 12.2°C, Clear, humidity: 63%
2026-09-22 18:58:27,217 - root - INFO - [1074/1205] Fetching weather for Újbög...
2026-09-22 18:58:27,368 - root - INFO - Fetched weather for Újbög: 12.2°C, Clear, humidity: 63%
2026-09-22 18:58:28,469 - root - INFO - [1075/1205] Fetching weather for Tiszakécske...
2026-09-22 18:58:28,596 - root - INFO - Fetched weather for Tiszakécske: 12.2°C, Clear, humidity: 63%
2026-09-22 18:58:29,697 - root - INFO - [1076/1205] Fetching weather for Kerekdomb...
2026-09-22 18:58:29,852 - root - INFO - Fetched weather for Kerekdomb: 12.2°C, Clear, humidity: 63%
2026-09-22 18:58:30,953 - root - INFO - [1077/1205] Fetching weather for Tiszaalpár...
2026-09-22 18:58:31,090 - root - INFO - Fetched weather for Tiszaalpár: 13.5°C, Clear, humidity: 54%
2026-09-22 18:58:32,191 - root - INFO - [1078/1205] Fetching weather for Tiszaalpár alsó...
2026-09-22 18:58:32,356 - root - INFO - Fetched weather for Tiszaalpár alsó: 13.6°C, Clear, humidity: 54%
2026-09-22 18:58:33,457 - root - INFO - [1079/1205] Fetching weather for Tiszatenyő...
2026-09-22 18:58:33,609 - root - INFO - Fetched weather for Tiszatenyő: 15.0°C, Clouds, humidity: 51%
2026-09-22 18:58:34,710 - root - INFO - [1080/1205] Fetching weather for Pusztapó...
2026-09-22 18:58:34,839 - root - INFO - Fetched weather for Pusztapó: 15.0°C, Clouds, humidity: 51%
2026-09-22 18:58:35,941 - root - INFO - [1081/1205] Fetching weather for Kétpó...
2026-09-22 18:58:36,089 - root - INFO - Fetched weather for Kétpó: 15.0°C, Clouds, humidity: 51%
2026-09-22 18:58:37,190 - root - INFO - [1082/1205] Fetching weather for Mezőtúr...
2026-09-22 18:58:37,327 - root - INFO - Fetched weather for Mezőtúr: 11.9°C, Clear, humidity: 64%
2026-09-22 18:58:38,428 - root - INFO - [1083/1205] Fetching weather for Nagylapos...
2026-09-22 18:58:38,577 - root - INFO - Fetched weather for Nagylapos: 11.7°C, Clear, humidity: 69%
2026-09-22 18:58:39,678 - root - INFO - [1084/1205] Fetching weather for Gyoma...
2026-09-22 18:58:39,841 - root - INFO - Fetched weather for Gyoma: 11.7°C, Clear, humidity: 70%
2026-09-22 18:58:40,942 - root - INFO - [1085/1205] Fetching weather for Csárdaszállás...
2026-09-22 18:58:41,070 - root - INFO - Fetched weather for Csárdaszállás: 11.5°C, Clear, humidity: 72%
2026-09-22 18:58:42,171 - root - INFO - [1086/1205] Fetching weather for Mezőberény...
2026-09-22 18:58:42,322 - root - INFO - Fetched weather for Mezőberény: 11.3°C, Clear, humidity: 74%
2026-09-22 18:58:43,423 - root - INFO - [1087/1205] Fetching weather for Murony...
2026-09-22 18:58:43,563 - root - INFO - Fetched weather for Murony: 11.1°C, Clear, humidity: 74%
2026-09-22 18:58:44,664 - root - INFO - [1088/1205] Fetching weather for Békéscsaba...
2026-09-22 18:58:44,816 - root - INFO - Fetched weather for Békéscsaba: 10.9°C, Clear, humidity: 75%
2026-09-22 18:58:45,918 - root - INFO - [1089/1205] Fetching weather for Kétegyháza...
2026-09-22 18:58:46,076 - root - INFO - Fetched weather for Kétegyháza: 11.5°C, Clear, humidity: 71%
2026-09-22 18:58:47,178 - root - INFO - [1090/1205] Fetching weather for Lőkösháza...
2026-09-22 18:58:47,318 - root - INFO - Fetched weather for Lőkösháza: 15.6°C, Clear, humidity: 71%
2026-09-22 18:58:48,419 - root - INFO - [1091/1205] Fetching weather for Kengyel...
2026-09-22 18:58:48,563 - root - INFO - Fetched weather for Kengyel: 15.0°C, Clouds, humidity: 51%
2026-09-22 18:58:49,664 - root - INFO - [1092/1205] Fetching weather for Bagimajor...
2026-09-22 18:58:49,802 - root - INFO - Fetched weather for Bagimajor: 15.0°C, Clear, humidity: 51%
2026-09-22 18:58:50,903 - root - INFO - [1093/1205] Fetching weather for Martfű...
2026-09-22 18:58:51,054 - root - INFO - Fetched weather for Martfű: 15.0°C, Clear, humidity: 51%
2026-09-22 18:58:52,155 - root - INFO - [1094/1205] Fetching weather for Tiszaföldvár...
2026-09-22 18:58:52,310 - root - INFO - Fetched weather for Tiszaföldvár: 15.0°C, Clear, humidity: 51%
2026-09-22 18:58:53,411 - root - INFO - [1095/1205] Fetching weather for Homok...
2026-09-22 18:58:53,541 - root - INFO - Fetched weather for Homok: 12.2°C, Clear, humidity: 63%
2026-09-22 18:58:54,642 - root - INFO - [1096/1205] Fetching weather for Kungyalu...
2026-09-22 18:58:54,787 - root - INFO - Fetched weather for Kungyalu: 13.4°C, Clear, humidity: 63%
2026-09-22 18:58:55,888 - root - INFO - [1097/1205] Fetching weather for Kunszentmárton...
2026-09-22 18:58:56,043 - root - INFO - Fetched weather for Kunszentmárton: 12.8°C, Clear, humidity: 62%
2026-09-22 18:58:57,144 - root - INFO - [1098/1205] Fetching weather for Nagytőke...
2026-09-22 18:58:57,298 - root - INFO - Fetched weather for Nagytőke: 12.8°C, Clear, humidity: 54%
2026-09-22 18:58:58,400 - root - INFO - [1099/1205] Fetching weather for Szentes...
2026-09-22 18:58:58,553 - root - INFO - Fetched weather for Szentes: 12.8°C, Clear, humidity: 54%
2026-09-22 18:58:59,655 - root - INFO - [1100/1205] Fetching weather for Szegvár...
2026-09-22 18:58:59,791 - root - INFO - Fetched weather for Szegvár: 12.8°C, Clear, humidity: 54%
2026-09-22 18:59:00,892 - root - INFO - [1101/1205] Fetching weather for Mindszent...
2026-09-22 18:59:01,033 - root - INFO - Fetched weather for Mindszent: 12.8°C, Clear, humidity: 54%
2026-09-22 18:59:02,134 - root - INFO - [1102/1205] Fetching weather for Mártély...
2026-09-22 18:59:02,256 - root - INFO - Fetched weather for Mártély: 12.8°C, Clouds, humidity: 64%
2026-09-22 18:59:03,357 - root - INFO - [1103/1205] Fetching weather for Pusztabánréve...
2026-09-22 18:59:03,506 - root - INFO - Fetched weather for Pusztabánréve: 11.9°C, Clear, humidity: 63%
2026-09-22 18:59:04,608 - root - INFO - [1104/1205] Fetching weather for Szarvas...
2026-09-22 18:59:04,761 - root - INFO - Fetched weather for Szarvas: 11.9°C, Clear, humidity: 63%
2026-09-22 18:59:05,862 - root - INFO - [1105/1205] Fetching weather for Csabacsűd...
2026-09-22 18:59:05,993 - root - INFO - Fetched weather for Csabacsűd: 11.8°C, Clear, humidity: 64%
2026-09-22 18:59:07,094 - root - INFO - [1106/1205] Fetching weather for Kisszénás...
2026-09-22 18:59:07,236 - root - INFO - Fetched weather for Kisszénás: 11.7°C, Clear, humidity: 66%
2026-09-22 18:59:08,337 - root - INFO - [1107/1205] Fetching weather for Kiscsákó...
2026-09-22 18:59:08,465 - root - INFO - Fetched weather for Kiscsákó: 11.7°C, Clear, humidity: 66%
2026-09-22 18:59:09,567 - root - INFO - [1108/1205] Fetching weather for Nagyszénás...
2026-09-22 18:59:09,720 - root - INFO - Fetched weather for Nagyszénás: 11.7°C, Clear, humidity: 65%
2026-09-22 18:59:10,821 - root - INFO - [1109/1205] Fetching weather for Kardoskút...
2026-09-22 18:59:10,970 - root - INFO - Fetched weather for Kardoskút: 11.8°C, Clear, humidity: 67%
2026-09-22 18:59:12,071 - root - INFO - [1110/1205] Fetching weather for Tótkomlós...
2026-09-22 18:59:12,198 - root - INFO - Fetched weather for Tótkomlós: 11.8°C, Clear, humidity: 69%
2026-09-22 18:59:13,299 - root - INFO - [1111/1205] Fetching weather for Nagyér...
2026-09-22 18:59:13,446 - root - INFO - Fetched weather for Nagyér: 11.9°C, Clear, humidity: 70%
2026-09-22 18:59:14,547 - root - INFO - [1112/1205] Fetching weather for Pitvaros...
2026-09-22 18:59:14,673 - root - INFO - Fetched weather for Pitvaros: 11.8°C, Clear, humidity: 71%
2026-09-22 18:59:15,774 - root - INFO - [1113/1205] Fetching weather for Dévaványa...
2026-09-22 18:59:15,929 - root - INFO - Fetched weather for Dévaványa: 11.6°C, Clear, humidity: 74%
2026-09-22 18:59:17,030 - root - INFO - [1114/1205] Fetching weather for Körösladány...
2026-09-22 18:59:17,180 - root - INFO - Fetched weather for Körösladány: 11.4°C, Clear, humidity: 76%
2026-09-22 18:59:18,281 - root - INFO - [1115/1205] Fetching weather for Szeghalom...
2026-09-22 18:59:18,413 - root - INFO - Fetched weather for Szeghalom: 11.4°C, Clear, humidity: 77%
2026-09-22 18:59:19,515 - root - INFO - [1116/1205] Fetching weather for Vésztő...
2026-09-22 18:59:19,656 - root - INFO - Fetched weather for Vésztő: 11.4°C, Clear, humidity: 76%
2026-09-22 18:59:20,758 - root - INFO - [1117/1205] Fetching weather for Szeged-Rókus...
2026-09-22 18:59:20,891 - root - INFO - Fetched weather for Szeged-Rókus: 12.3°C, Clouds, humidity: 63%
2026-09-22 18:59:21,992 - root - INFO - [1118/1205] Fetching weather for Algyő...
2026-09-22 18:59:22,143 - root - INFO - Fetched weather for Algyő: 12.3°C, Clouds, humidity: 66%
2026-09-22 18:59:23,244 - root - INFO - [1119/1205] Fetching weather for Hódmezővásárhelyi Népkert...
2026-09-22 18:59:23,397 - root - INFO - Fetched weather for Hódmezővásárhelyi Népkert: 12.8°C, Clouds, humidity: 64%
2026-09-22 18:59:24,498 - root - INFO - [1120/1205] Fetching weather for Hódmezővásárhely...
2026-09-22 18:59:24,631 - root - INFO - Fetched weather for Hódmezővásárhely: 12.8°C, Clouds, humidity: 64%
2026-09-22 18:59:25,732 - root - INFO - [1121/1205] Fetching weather for Körmend...
2026-09-22 18:59:25,881 - root - INFO - Fetched weather for Körmend: 13.6°C, Clear, humidity: 57%
2026-09-22 18:59:26,982 - root - INFO - [1122/1205] Fetching weather for Szentgotthárd...
2026-09-22 18:59:27,106 - root - INFO - Fetched weather for Szentgotthárd: 13.4°C, Clear, humidity: 58%
2026-09-22 18:59:28,208 - root - INFO - [1123/1205] Fetching weather for Szombathely...
2026-09-22 18:59:28,357 - root - INFO - Fetched weather for Szombathely: 13.4°C, Clear, humidity: 57%
2026-09-22 18:59:29,458 - root - INFO - [1124/1205] Fetching weather for Sáferkút...
2026-09-22 18:59:29,614 - root - INFO - Fetched weather for Sáferkút: 12.4°C, Clouds, humidity: 59%
2026-09-22 18:59:30,715 - root - INFO - [1125/1205] Fetching weather for Magdolnavölgy...
2026-09-22 18:59:30,846 - root - INFO - Fetched weather for Magdolnavölgy: 11.7°C, Clear, humidity: 75%
2026-09-22 18:59:31,947 - root - INFO - [1126/1205] Fetching weather for Haris...
2026-09-22 18:59:32,098 - root - INFO - Fetched weather for Haris: 13.4°C, Clear, humidity: 58%
2026-09-22 18:59:33,199 - root - INFO - [1127/1205] Fetching weather for Egyházasrádóc...
2026-09-22 18:59:33,321 - root - INFO - Fetched weather for Egyházasrádóc: 13.4°C, Clear, humidity: 57%
2026-09-22 18:59:34,422 - root - INFO - [1128/1205] Fetching weather for Alsórönök...
2026-09-22 18:59:34,575 - root - INFO - Fetched weather for Alsórönök: 13.5°C, Clear, humidity: 58%
2026-09-22 18:59:35,676 - root - INFO - [1129/1205] Fetching weather for Szombathely-Szőlős...
2026-09-22 18:59:35,835 - root - INFO - Fetched weather for Szombathely-Szőlős: 13.4°C, Clear, humidity: 57%
2026-09-22 18:59:36,937 - root - INFO - [1130/1205] Fetching weather for Rátót...
2026-09-22 18:59:37,067 - root - INFO - Fetched weather for Rátót: 13.4°C, Clear, humidity: 58%
2026-09-22 18:59:38,168 - root - INFO - [1131/1205] Fetching weather for Ják-Balogunyom...
2026-09-22 18:59:38,327 - root - INFO - Fetched weather for Ják-Balogunyom: 13.5°C, Clear, humidity: 57%
2026-09-22 18:59:39,428 - root - INFO - [1132/1205] Fetching weather for Vasvár...
2026-09-22 18:59:39,551 - root - INFO - Fetched weather for Vasvár: 13.8°C, Clear, humidity: 57%
2026-09-22 18:59:40,652 - root - INFO - [1133/1205] Fetching weather for Répcelak...
2026-09-22 18:59:40,802 - root - INFO - Fetched weather for Répcelak: 13.9°C, Clear, humidity: 61%
2026-09-22 18:59:41,903 - root - INFO - [1134/1205] Fetching weather for Rajka...
2026-09-22 18:59:42,056 - root - INFO - Fetched weather for Rajka: 12.8°C, Clear, humidity: 73%
2026-09-22 18:59:43,157 - root - INFO - [1135/1205] Fetching weather for Püspökmolnári...
2026-09-22 18:59:43,284 - root - INFO - Fetched weather for Püspökmolnári: 13.7°C, Clear, humidity: 57%
2026-09-22 18:59:44,385 - root - INFO - [1136/1205] Fetching weather for Kőszeg...
2026-09-22 18:59:44,538 - root - INFO - Fetched weather for Kőszeg: 13.0°C, Clear, humidity: 59%
2026-09-22 18:59:45,639 - root - INFO - [1137/1205] Fetching weather for Kastélypark...
2026-09-22 18:59:45,760 - root - INFO - Fetched weather for Kastélypark: 13.2°C, Clear, humidity: 67%
2026-09-22 18:59:46,862 - root - INFO - [1138/1205] Fetching weather for Hanságliget...
2026-09-22 18:59:47,017 - root - INFO - Fetched weather for Hanságliget: 13.9°C, Clouds, humidity: 63%
2026-09-22 18:59:48,118 - root - INFO - [1139/1205] Fetching weather for Vica...
2026-09-22 18:59:48,279 - root - INFO - Fetched weather for Vica: 13.9°C, Clouds, humidity: 61%
2026-09-22 18:59:49,381 - root - INFO - [1140/1205] Fetching weather for Vép...
2026-09-22 18:59:49,509 - root - INFO - Fetched weather for Vép: 13.5°C, Clear, humidity: 57%
2026-09-22 18:59:50,610 - root - INFO - [1141/1205] Fetching weather for Mosonszolnok...
2026-09-22 18:59:50,761 - root - INFO - Fetched weather for Mosonszolnok: 12.8°C, Clouds, humidity: 63%
2026-09-22 18:59:51,862 - root - INFO - [1142/1205] Fetching weather for Jánossomorja...
2026-09-22 18:59:51,982 - root - INFO - Fetched weather for Jánossomorja: 13.9°C, Clouds, humidity: 63%
2026-09-22 18:59:53,084 - root - INFO - [1143/1205] Fetching weather for Bősárkány...
2026-09-22 18:59:53,234 - root - INFO - Fetched weather for Bősárkány: 12.9°C, Clouds, humidity: 62%
2026-09-22 18:59:54,335 - root - INFO - [1144/1205] Fetching weather for Szil-Sopronnémeti...
2026-09-22 18:59:54,486 - root - INFO - Fetched weather for Szil-Sopronnémeti: 12.8°C, Clouds, humidity: 62%
2026-09-22 18:59:55,588 - root - INFO - [1145/1205] Fetching weather for Magyarkeresztúr-Zsebeháza...
2026-09-22 18:59:55,723 - root - INFO - Fetched weather for Magyarkeresztúr-Zsebeháza: 12.8°C, Clouds, humidity: 62%
2026-09-22 18:59:56,824 - root - INFO - [1146/1205] Fetching weather for Páli-Vadosfa...
2026-09-22 18:59:56,981 - root - INFO - Fetched weather for Páli-Vadosfa: 13.9°C, Clouds, humidity: 61%
2026-09-22 18:59:58,083 - root - INFO - [1147/1205] Fetching weather for Beled...
2026-09-22 18:59:58,202 - root - INFO - Fetched weather for Beled: 13.9°C, Clouds, humidity: 61%
2026-09-22 18:59:59,303 - root - INFO - [1148/1205] Fetching weather for Dénesfa...
2026-09-22 18:59:59,457 - root - INFO - Fetched weather for Dénesfa: 13.9°C, Clear, humidity: 61%
2026-09-22 19:00:00,558 - root - INFO - [1149/1205] Fetching weather for Csánig...
2026-09-22 19:00:00,726 - root - INFO - Fetched weather for Csánig: 13.9°C, Clear, humidity: 61%
2026-09-22 19:00:01,828 - root - INFO - [1150/1205] Fetching weather for Vámoscsalád...
2026-09-22 19:00:01,961 - root - INFO - Fetched weather for Vámoscsalád: 13.8°C, Clear, humidity: 60%
2026-09-22 19:00:03,063 - root - INFO - [1151/1205] Fetching weather for Vasegerszeg...
2026-09-22 19:00:03,217 - root - INFO - Fetched weather for Vasegerszeg: 13.8°C, Clear, humidity: 60%
2026-09-22 19:00:04,319 - root - INFO - [1152/1205] Fetching weather for Hegyfalu...
2026-09-22 19:00:04,461 - root - INFO - Fetched weather for Hegyfalu: 13.8°C, Clear, humidity: 60%
2026-09-22 19:00:05,563 - root - INFO - [1153/1205] Fetching weather for Pósfa...
2026-09-22 19:00:05,712 - root - INFO - Fetched weather for Pósfa: 13.7°C, Clear, humidity: 59%
2026-09-22 19:00:06,813 - root - INFO - [1154/1205] Fetching weather for Ölbő-Alsószeleste...
2026-09-22 19:00:06,962 - root - INFO - Fetched weather for Ölbő-Alsószeleste: 13.7°C, Clear, humidity: 59%
2026-09-22 19:00:08,064 - root - INFO - [1155/1205] Fetching weather for Gencsapáti felső...
2026-09-22 19:00:08,193 - root - INFO - Fetched weather for Gencsapáti felső: 13.2°C, Clear, humidity: 59%
2026-09-22 19:00:09,294 - root - INFO - [1156/1205] Fetching weather for Lukácsháza alsó...
2026-09-22 19:00:09,447 - root - INFO - Fetched weather for Lukácsháza alsó: 13.2°C, Clear, humidity: 59%
2026-09-22 19:00:10,549 - root - INFO - [1157/1205] Fetching weather for Kőszegfalva...
2026-09-22 19:00:10,669 - root - INFO - Fetched weather for Kőszegfalva: 13.1°C, Clear, humidity: 59%
2026-09-22 19:00:11,771 - root - INFO - [1158/1205] Fetching weather for Gyöngyöshermán...
2026-09-22 19:00:11,923 - root - INFO - Fetched weather for Gyöngyöshermán: 13.4°C, Clear, humidity: 57%
2026-09-22 19:00:13,025 - root - INFO - [1159/1205] Fetching weather for Bezenye...
2026-09-22 19:00:13,174 - root - INFO - Fetched weather for Bezenye: 12.8°C, Clear, humidity: 73%
2026-09-22 19:00:14,276 - root - INFO - [1160/1205] Fetching weather for Kámon...
2026-09-22 19:00:14,408 - root - INFO - Fetched weather for Kámon: 13.3°C, Clear, humidity: 59%
2026-09-22 19:00:15,509 - root - INFO - [1161/1205] Fetching weather for Sorkifalud...
2026-09-22 19:00:15,664 - root - INFO - Fetched weather for Sorkifalud: 13.7°C, Clear, humidity: 57%
2026-09-22 19:00:16,766 - root - INFO - [1162/1205] Fetching weather for Szentléránt...
2026-09-22 19:00:16,891 - root - INFO - Fetched weather for Szentléránt: 13.7°C, Clear, humidity: 57%
2026-09-22 19:00:17,992 - root - INFO - [1163/1205] Fetching weather for Pácsony...
2026-09-22 19:00:18,151 - root - INFO - Fetched weather for Pácsony: 13.7°C, Clear, humidity: 57%
2026-09-22 19:00:19,253 - root - INFO - [1164/1205] Fetching weather for Győrvár...
2026-09-22 19:00:19,382 - root - INFO - Fetched weather for Győrvár: 13.7°C, Clear, humidity: 57%
2026-09-22 19:00:20,484 - root - INFO - [1165/1205] Fetching weather for Egervár-Vasboldogasszony...
2026-09-22 19:00:20,617 - root - INFO - Fetched weather for Egervár-Vasboldogasszony: 14.0°C, Clear, humidity: 56%
2026-09-22 19:00:21,719 - root - INFO - [1166/1205] Fetching weather for Zalaszentlőrinc...
2026-09-22 19:00:21,870 - root - INFO - Fetched weather for Zalaszentlőrinc: 13.9°C, Clear, humidity: 56%
2026-09-22 19:00:22,972 - root - INFO - [1167/1205] Fetching weather for Gencsapáti alsó...
2026-09-22 19:00:23,091 - root - INFO - Fetched weather for Gencsapáti alsó: 13.3°C, Clear, humidity: 60%
2026-09-22 19:00:24,193 - root - INFO - [1168/1205] Fetching weather for Gyöngyösfalu...
2026-09-22 19:00:24,347 - root - INFO - Fetched weather for Gyöngyösfalu: 13.2°C, Clear, humidity: 60%
2026-09-22 19:00:25,448 - root - INFO - [1169/1205] Fetching weather for Lukácsháza...
2026-09-22 19:00:25,584 - root - INFO - Fetched weather for Lukácsháza: 13.1°C, Clear, humidity: 60%
2026-09-22 19:00:26,686 - root - INFO - [1170/1205] Fetching weather for Horvátnádalja...
2026-09-22 19:00:26,815 - root - INFO - Fetched weather for Horvátnádalja: 13.6°C, Clear, humidity: 57%
2026-09-22 19:00:27,916 - root - INFO - [1171/1205] Fetching weather for Csákánydoroszló...
2026-09-22 19:00:28,078 - root - INFO - Fetched weather for Csákánydoroszló: 13.6°C, Clear, humidity: 58%
2026-09-22 19:00:29,180 - root - INFO - [1172/1205] Fetching weather for Váckisújfalu...
2026-09-22 19:00:29,308 - root - INFO - Fetched weather for Váckisújfalu: 12.2°C, Clear, humidity: 71%
2026-09-22 19:00:30,409 - root - INFO - [1173/1205] Fetching weather for Csisztafürdő...
2026-09-22 19:00:30,561 - root - INFO - Fetched weather for Csisztafürdő: 14.4°C, Clear, humidity: 58%
2026-09-22 19:00:31,662 - root - INFO - [1174/1205] Fetching weather for Mórágy...
2026-09-22 19:00:31,790 - root - INFO - Fetched weather for Mórágy: 12.7°C, Clear, humidity: 66%
2026-09-22 19:00:32,891 - root - INFO - [1175/1205] Fetching weather for Kismacs...
2026-09-22 19:00:33,027 - root - INFO - Fetched weather for Kismacs: 9.9°C, Clouds, humidity: 87%
2026-09-22 19:00:34,128 - root - INFO - [1176/1205] Fetching weather for Pusztaszentistván...
2026-09-22 19:00:34,297 - root - INFO - Fetched weather for Pusztaszentistván: 13.0°C, Clear, humidity: 67%
2026-09-22 19:00:35,398 - root - INFO - [1177/1205] Fetching weather for Aranyvölgy...
2026-09-22 19:00:35,531 - root - INFO - Fetched weather for Aranyvölgy: 12.6°C, Clear, humidity: 70%
2026-09-22 19:00:36,633 - root - INFO - [1178/1205] Fetching weather for Szélhegy...
2026-09-22 19:00:36,788 - root - INFO - Fetched weather for Szélhegy: 12.0°C, Clear, humidity: 71%
2026-09-22 19:00:37,889 - root - INFO - [1179/1205] Fetching weather for Vörösvárbánya...
2026-09-22 19:00:38,016 - root - INFO - Fetched weather for Vörösvárbánya: 11.9°C, Clear, humidity: 71%
2026-09-22 19:00:39,118 - root - INFO - [1180/1205] Fetching weather for Máriaszőlőtelep...
2026-09-22 19:00:39,256 - root - INFO - Fetched weather for Máriaszőlőtelep: 15.1°C, Clear, humidity: 47%
2026-09-22 19:00:40,357 - root - INFO - [1181/1205] Fetching weather for Akadémiaújtelep...
2026-09-22 19:00:40,511 - root - INFO - Fetched weather for Akadémiaújtelep: 12.9°C, Clear, humidity: 69%
2026-09-22 19:00:41,612 - root - INFO - [1182/1205] Fetching weather for Újpalota...
2026-09-22 19:00:41,736 - root - INFO - Fetched weather for Újpalota: 12.9°C, Clear, humidity: 69%
2026-09-22 19:00:42,837 - root - INFO - [1183/1205] Fetching weather for Szeged, Somogyi utca...
2026-09-22 19:00:42,987 - root - INFO - Fetched weather for Szeged, Somogyi utca: 12.3°C, Clouds, humidity: 63%
2026-09-22 19:00:44,089 - root - INFO - [1184/1205] Fetching weather for Hódmezővásárhely, Hősök tere...
2026-09-22 19:00:44,213 - root - INFO - Fetched weather for Hódmezővásárhely, Hősök tere: 12.8°C, Clouds, humidity: 64%
2026-09-22 19:00:45,314 - root - INFO - [1185/1205] Fetching weather for Hódmezővásárhely, Kossuth tér...
2026-09-22 19:00:45,437 - root - INFO - Fetched weather for Hódmezővásárhely, Kossuth tér: 12.8°C, Clouds, humidity: 64%
2026-09-22 19:00:46,538 - root - INFO - [1186/1205] Fetching weather for Hódmezővásárhely, Strandfürdő...
2026-09-22 19:00:46,684 - root - INFO - Fetched weather for Hódmezővásárhely, Strandfürdő: 12.8°C, Clouds, humidity: 64%
2026-09-22 19:00:47,786 - root - INFO - [1187/1205] Fetching weather for Szeged, Széchenyi tér...
2026-09-22 19:00:47,900 - root - INFO - Fetched weather for Szeged, Széchenyi tér: 12.3°C, Clouds, humidity: 63%
2026-09-22 19:00:49,002 - root - INFO - [1188/1205] Fetching weather for Szeged, Anna-kút...
2026-09-22 19:00:49,215 - root - INFO - Fetched weather for Szeged, Anna-kút: 12.3°C, Clouds, humidity: 63%
2026-09-22 19:00:50,317 - root - INFO - [1189/1205] Fetching weather for Szeged, Rókusi templom...
2026-09-22 19:00:50,521 - root - INFO - Fetched weather for Szeged, Rókusi templom: 12.3°C, Clouds, humidity: 63%
2026-09-22 19:00:51,622 - root - INFO - [1190/1205] Fetching weather for Hódmezővásárhely, Kálvin János tér...
2026-09-22 19:00:51,896 - root - INFO - Fetched weather for Hódmezővásárhely, Kálvin János tér: 12.8°C, Clouds, humidity: 64%
2026-09-22 19:00:52,997 - root - INFO - [1191/1205] Fetching weather for Hódmezővásárhely vasútállomás...
2026-09-22 19:00:53,142 - root - INFO - Fetched weather for Hódmezővásárhely vasútállomás: 12.8°C, Clouds, humidity: 64%
2026-09-22 19:00:54,244 - root - INFO - [1192/1205] Fetching weather for Szeged, Tavasz utca...
2026-09-22 19:00:54,358 - root - INFO - Fetched weather for Szeged, Tavasz utca: 12.3°C, Clouds, humidity: 63%
2026-09-22 19:00:55,459 - root - INFO - [1193/1205] Fetching weather for Szeged, Damjanich utca...
2026-09-22 19:00:55,607 - root - INFO - Fetched weather for Szeged, Damjanich utca: 12.3°C, Clouds, humidity: 63%
2026-09-22 19:00:56,709 - root - INFO - [1194/1205] Fetching weather for Szeged, Vásárhelyi Pál utca...
2026-09-22 19:00:56,828 - root - INFO - Fetched weather for Szeged, Vásárhelyi Pál utca: 12.3°C, Clouds, humidity: 63%
2026-09-22 19:00:57,929 - root - INFO - [1195/1205] Fetching weather for Szeged, Bécsi körút ...
2026-09-22 19:00:58,054 - root - INFO - Fetched weather for Szeged, Bécsi körút : 12.3°C, Clouds, humidity: 63%
2026-09-22 19:00:59,155 - root - INFO - [1196/1205] Fetching weather for Hódmezővásárhelyi Népkert vasútállomás...
2026-09-22 19:00:59,302 - root - INFO - Fetched weather for Hódmezővásárhelyi Népkert vasútállomás: 12.8°C, Clouds, humidity: 64%
2026-09-22 19:01:00,404 - root - INFO - [1197/1205] Fetching weather for Szeged vasútállomás...
2026-09-22 19:01:00,517 - root - INFO - Fetched weather for Szeged vasútállomás: 12.3°C, Clouds, humidity: 63%
2026-09-22 19:01:01,618 - root - INFO - [1198/1205] Fetching weather for Szeged, Bem utca...
2026-09-22 19:01:01,765 - root - INFO - Fetched weather for Szeged, Bem utca: 12.3°C, Clouds, humidity: 63%
2026-09-22 19:01:02,867 - root - INFO - [1199/1205] Fetching weather for Szeged, Galamb utca...
2026-09-22 19:01:02,986 - root - INFO - Fetched weather for Szeged, Galamb utca: 12.3°C, Clouds, humidity: 63%
2026-09-22 19:01:04,087 - root - INFO - [1200/1205] Fetching weather for Szeged, Aradi vértanúk tere...
2026-09-22 19:01:04,217 - root - INFO - Fetched weather for Szeged, Aradi vértanúk tere: 12.3°C, Clouds, humidity: 63%
2026-09-22 19:01:05,318 - root - INFO - [1201/1205] Fetching weather for Szeged, Pulz utca...
2026-09-22 19:01:05,462 - root - INFO - Fetched weather for Szeged, Pulz utca: 12.3°C, Clouds, humidity: 63%
2026-09-22 19:01:06,563 - root - INFO - [1202/1205] Fetching weather for Szeged, Rókus vasútállomás...
2026-09-22 19:01:06,678 - root - INFO - Fetched weather for Szeged, Rókus vasútállomás: 12.3°C, Clouds, humidity: 63%
2026-09-22 19:01:07,779 - root - INFO - [1203/1205] Fetching weather for Látókép...
2026-09-22 19:01:07,930 - root - INFO - Fetched weather for Látókép: 9.9°C, Clouds, humidity: 87%
2026-09-22 19:01:09,032 - root - INFO - [1204/1205] Fetching weather for Szentmihálytelek...
2026-09-22 19:01:09,157 - root - INFO - Fetched weather for Szentmihálytelek: 12.3°C, Clouds, humidity: 63%
2026-09-22 19:01:10,259 - root - INFO - [1205/1205] Fetching weather for Kisvarsány...
2026-09-22 19:01:10,389 - root - INFO - Fetched weather for Kisvarsány: 11.0°C, Clouds, humidity: 81%
2026-09-22 19:01:11,495 - root - INFO - Successfully collected weather for 1205 stations
2026-09-22 19:01:11,505 - root - INFO - Saved weather data to data/weather/current_20260922_1900.csv
2026-09-22 19:01:11,506 - root - INFO - File size: 149.3 KB
2026-09-22 19:01:11,506 - root - INFO - 
============================================================
2026-09-22 19:01:11,506 - root - INFO - WEATHER COLLECTION SUMMARY
2026-09-22 19:01:11,506 - root - INFO - ============================================================
2026-09-22 19:01:11,506 - root - INFO - 
Data Coverage:
2026-09-22 19:01:11,506 - root - INFO -   - Total stations: 1205
2026-09-22 19:01:11,506 - root - INFO -   - Collection time: 2026-09-22 18:36:20.175211
2026-09-22 19:01:11,506 - root - INFO -   - Collection hour: 18:00
2026-09-22 19:01:11,506 - root - INFO - 
Weather Statistics:
2026-09-22 19:01:11,507 - root - INFO -   - Temperature range: 9.4°C to 15.6°C
2026-09-22 19:01:11,507 - root - INFO -   - Average temperature: 12.7°C
2026-09-22 19:01:11,507 - root - INFO -   - Average humidity: 67%
2026-09-22 19:01:11,507 - root - INFO -   - Average wind speed: 3.3 m/s
2026-09-22 19:01:11,508 - root - INFO -   - Stations with precipitation: 1 (0.1%)
2026-09-22 19:01:11,508 - root - INFO - 
Weather Conditions Distribution:
2026-09-22 19:01:11,509 - root - INFO -   - Clear: 756 (62.7%)
2026-09-22 19:01:11,509 - root - INFO -   - Clouds: 448 (37.2%)
2026-09-22 19:01:11,509 - root - INFO -   - Rain: 1 (0.1%)
2026-09-22 19:01:11,509 - root - INFO - ============================================================

2026-09-22 19:01:11,509 - __main__ - INFO - Current weather collection completed successfully!
