2026-03-30 19:08:43,631 - __main__ - INFO - ============================================================
2026-03-30 19:08:43,632 - __main__ - INFO - CURRENT WEATHER COLLECTION STARTED
2026-03-30 19:08:43,632 - __main__ - INFO - ============================================================
2026-03-30 19:08:43,632 - __main__ - INFO - Collection time: 2026-03-30 19:08:43
2026-03-30 19:08:43,632 - __main__ - INFO - ============================================================

2026-03-30 19:08:43,632 - root - INFO - Starting current weather collection...
2026-03-30 19:08:43,641 - root - INFO - Loaded 1205 unique station coordinates from GTFS
2026-03-30 19:08:43,641 - root - INFO - Collecting weather for 1205 unique stations...
2026-03-30 19:08:43,641 - root - INFO - [1/1205] Fetching weather for Búcsúszentlászló...
2026-03-30 19:08:43,773 - root - INFO - Fetched weather for Búcsúszentlászló: 4.8°C, Clouds, humidity: 79%
2026-03-30 19:08:44,874 - root - INFO - [2/1205] Fetching weather for Angyalföld...
2026-03-30 19:08:44,969 - root - INFO - Fetched weather for Angyalföld: 5.8°C, Clouds, humidity: 83%
2026-03-30 19:08:46,071 - root - INFO - [3/1205] Fetching weather for Felsőjánosfa...
2026-03-30 19:08:46,164 - root - INFO - Fetched weather for Felsőjánosfa: 6.6°C, Clouds, humidity: 74%
2026-03-30 19:08:47,266 - root - INFO - [4/1205] Fetching weather for Pankasz...
2026-03-30 19:08:47,367 - root - INFO - Fetched weather for Pankasz: 6.3°C, Clouds, humidity: 73%
2026-03-30 19:08:48,469 - root - INFO - [5/1205] Fetching weather for Nagyrákos...
2026-03-30 19:08:48,575 - root - INFO - Fetched weather for Nagyrákos: 6.3°C, Clouds, humidity: 73%
2026-03-30 19:08:49,676 - root - INFO - [6/1205] Fetching weather for Őriszentpéter...
2026-03-30 19:08:49,789 - root - INFO - Fetched weather for Őriszentpéter: 6.4°C, Clouds, humidity: 73%
2026-03-30 19:08:50,891 - root - INFO - [7/1205] Fetching weather for Törökbálint...
2026-03-30 19:08:50,992 - root - INFO - Fetched weather for Törökbálint: 5.8°C, Rain, humidity: 82%
2026-03-30 19:08:52,093 - root - INFO - [8/1205] Fetching weather for Bicske alsó...
2026-03-30 19:08:52,188 - root - INFO - Fetched weather for Bicske alsó: 5.9°C, Clouds, humidity: 82%
2026-03-30 19:08:53,290 - root - INFO - [9/1205] Fetching weather for Bajánsenye...
2026-03-30 19:08:53,392 - root - INFO - Fetched weather for Bajánsenye: 6.5°C, Clouds, humidity: 73%
2026-03-30 19:08:54,494 - root - INFO - [10/1205] Fetching weather for Aquincum...
2026-03-30 19:08:54,589 - root - INFO - Fetched weather for Aquincum: 5.9°C, Rain, humidity: 82%
2026-03-30 19:08:55,691 - root - INFO - [11/1205] Fetching weather for Piliscsév...
2026-03-30 19:08:55,783 - root - INFO - Fetched weather for Piliscsév: 5.2°C, Clouds, humidity: 87%
2026-03-30 19:08:56,884 - root - INFO - [12/1205] Fetching weather for Tát...
2026-03-30 19:08:56,998 - root - INFO - Fetched weather for Tát: 5.4°C, Clouds, humidity: 79%
2026-03-30 19:08:58,100 - root - INFO - [13/1205] Fetching weather for Süttő felső...
2026-03-30 19:08:58,193 - root - INFO - Fetched weather for Süttő felső: 6.8°C, Clouds, humidity: 76%
2026-03-30 19:08:59,294 - root - INFO - [14/1205] Fetching weather for Budatétény...
2026-03-30 19:08:59,393 - root - INFO - Fetched weather for Budatétény: 5.9°C, Rain, humidity: 82%
2026-03-30 19:09:00,495 - root - INFO - [15/1205] Fetching weather for Seregélyes-Szőlőhegy...
2026-03-30 19:09:00,588 - root - INFO - Fetched weather for Seregélyes-Szőlőhegy: 6.6°C, Clouds, humidity: 78%
2026-03-30 19:09:01,690 - root - INFO - [16/1205] Fetching weather for Gödöllő-Állami telepek...
2026-03-30 19:09:01,783 - root - INFO - Fetched weather for Gödöllő-Állami telepek: 5.1°C, Clouds, humidity: 93%
2026-03-30 19:09:02,885 - root - INFO - [17/1205] Fetching weather for Dunakeszi alsó...
2026-03-30 19:09:02,985 - root - INFO - Fetched weather for Dunakeszi alsó: 5.8°C, Clouds, humidity: 82%
2026-03-30 19:09:04,086 - root - INFO - [18/1205] Fetching weather for Vác-Alsóváros...
2026-03-30 19:09:04,197 - root - INFO - Fetched weather for Vác-Alsóváros: 6.1°C, Clouds, humidity: 83%
2026-03-30 19:09:05,298 - root - INFO - [19/1205] Fetching weather for Szob alsó...
2026-03-30 19:09:05,396 - root - INFO - Fetched weather for Szob alsó: 5.4°C, Rain, humidity: 81%
2026-03-30 19:09:06,498 - root - INFO - [20/1205] Fetching weather for Zalaszentmihály-Pacsa...
2026-03-30 19:09:06,608 - root - INFO - Fetched weather for Zalaszentmihály-Pacsa: 4.8°C, Clouds, humidity: 100%
2026-03-30 19:09:07,710 - root - INFO - [21/1205] Fetching weather for Pötréte...
2026-03-30 19:09:07,806 - root - INFO - Fetched weather for Pötréte: 4.8°C, Clouds, humidity: 100%
2026-03-30 19:09:08,908 - root - INFO - [22/1205] Fetching weather for Felsőrajk...
2026-03-30 19:09:09,031 - root - INFO - Fetched weather for Felsőrajk: 4.8°C, Clouds, humidity: 100%
2026-03-30 19:09:10,133 - root - INFO - [23/1205] Fetching weather for Gelse...
2026-03-30 19:09:10,231 - root - INFO - Fetched weather for Gelse: 4.8°C, Clouds, humidity: 100%
2026-03-30 19:09:11,332 - root - INFO - [24/1205] Fetching weather for Őrtilos...
2026-03-30 19:09:11,424 - root - INFO - Fetched weather for Őrtilos: 6.9°C, Clouds, humidity: 76%
2026-03-30 19:09:12,526 - root - INFO - [25/1205] Fetching weather for Zákány...
2026-03-30 19:09:12,627 - root - INFO - Fetched weather for Zákány: 6.7°C, Clouds, humidity: 78%
2026-03-30 19:09:13,729 - root - INFO - [26/1205] Fetching weather for Berzence...
2026-03-30 19:09:13,828 - root - INFO - Fetched weather for Berzence: 6.8°C, Clouds, humidity: 82%
2026-03-30 19:09:14,929 - root - INFO - [27/1205] Fetching weather for Somogyudvarhely...
2026-03-30 19:09:15,030 - root - INFO - Fetched weather for Somogyudvarhely: 6.8°C, Clouds, humidity: 83%
2026-03-30 19:09:16,131 - root - INFO - [28/1205] Fetching weather for Bélavár...
2026-03-30 19:09:16,264 - root - INFO - Fetched weather for Bélavár: 6.8°C, Clouds, humidity: 84%
2026-03-30 19:09:17,366 - root - INFO - [29/1205] Fetching weather for Vízvár...
2026-03-30 19:09:17,474 - root - INFO - Fetched weather for Vízvár: 6.6°C, Clouds, humidity: 85%
2026-03-30 19:09:18,576 - root - INFO - [30/1205] Fetching weather for Babócsa...
2026-03-30 19:09:18,713 - root - INFO - Fetched weather for Babócsa: 6.6°C, Clouds, humidity: 86%
2026-03-30 19:09:19,815 - root - INFO - [31/1205] Fetching weather for Péterhida-Komlósd...
2026-03-30 19:09:19,908 - root - INFO - Fetched weather for Péterhida-Komlósd: 6.6°C, Clouds, humidity: 87%
2026-03-30 19:09:21,010 - root - INFO - [32/1205] Fetching weather for Barcs...
2026-03-30 19:09:21,104 - root - INFO - Fetched weather for Barcs: 6.5°C, Clouds, humidity: 89%
2026-03-30 19:09:22,206 - root - INFO - [33/1205] Fetching weather for Barcs felső...
2026-03-30 19:09:22,302 - root - INFO - Fetched weather for Barcs felső: 6.4°C, Clouds, humidity: 89%
2026-03-30 19:09:23,404 - root - INFO - [34/1205] Fetching weather for Középrigóc...
2026-03-30 19:09:23,512 - root - INFO - Fetched weather for Középrigóc: 6.2°C, Clouds, humidity: 89%
2026-03-30 19:09:24,614 - root - INFO - [35/1205] Fetching weather for Darány...
2026-03-30 19:09:24,714 - root - INFO - Fetched weather for Darány: 6.2°C, Clouds, humidity: 90%
2026-03-30 19:09:25,816 - root - INFO - [36/1205] Fetching weather for Kisdobsza...
2026-03-30 19:09:25,926 - root - INFO - Fetched weather for Kisdobsza: 6.3°C, Clouds, humidity: 90%
2026-03-30 19:09:27,028 - root - INFO - [37/1205] Fetching weather for Nemeske...
2026-03-30 19:09:27,151 - root - INFO - Fetched weather for Nemeske: 6.3°C, Clouds, humidity: 90%
2026-03-30 19:09:28,253 - root - INFO - [38/1205] Fetching weather for Molvány...
2026-03-30 19:09:28,356 - root - INFO - Fetched weather for Molvány: 6.3°C, Clouds, humidity: 90%
2026-03-30 19:09:29,458 - root - INFO - [39/1205] Fetching weather for Szigetvár...
2026-03-30 19:09:29,557 - root - INFO - Fetched weather for Szigetvár: 6.2°C, Clouds, humidity: 90%
2026-03-30 19:09:30,659 - root - INFO - [40/1205] Fetching weather for Nagypeterd...
2026-03-30 19:09:30,761 - root - INFO - Fetched weather for Nagypeterd: 4.5°C, Clouds, humidity: 90%
2026-03-30 19:09:31,863 - root - INFO - [41/1205] Fetching weather for Szentdénes...
2026-03-30 19:09:31,963 - root - INFO - Fetched weather for Szentdénes: 4.5°C, Clouds, humidity: 90%
2026-03-30 19:09:33,065 - root - INFO - [42/1205] Fetching weather for Háros...
2026-03-30 19:09:33,184 - root - INFO - Fetched weather for Háros: 5.8°C, Clouds, humidity: 82%
2026-03-30 19:09:34,286 - root - INFO - [43/1205] Fetching weather for Nagytétény-Diósd...
2026-03-30 19:09:34,379 - root - INFO - Fetched weather for Nagytétény-Diósd: 6.0°C, Rain, humidity: 81%
2026-03-30 19:09:35,481 - root - INFO - [44/1205] Fetching weather for Érdliget...
2026-03-30 19:09:35,582 - root - INFO - Fetched weather for Érdliget: 5.9°C, Rain, humidity: 81%
2026-03-30 19:09:36,684 - root - INFO - [45/1205] Fetching weather for Érd felső...
2026-03-30 19:09:36,779 - root - INFO - Fetched weather for Érd felső: 6.0°C, Rain, humidity: 81%
2026-03-30 19:09:37,881 - root - INFO - [46/1205] Fetching weather for Érd...
2026-03-30 19:09:37,981 - root - INFO - Fetched weather for Érd: 6.0°C, Rain, humidity: 81%
2026-03-30 19:09:39,083 - root - INFO - [47/1205] Fetching weather for Százhalombatta...
2026-03-30 19:09:39,177 - root - INFO - Fetched weather for Százhalombatta: 6.0°C, Rain, humidity: 81%
2026-03-30 19:09:40,279 - root - INFO - [48/1205] Fetching weather for Dunai Finomító...
2026-03-30 19:09:40,377 - root - INFO - Fetched weather for Dunai Finomító: 5.9°C, Clouds, humidity: 81%
2026-03-30 19:09:41,479 - root - INFO - [49/1205] Fetching weather for Ercsi...
2026-03-30 19:09:41,585 - root - INFO - Fetched weather for Ercsi: 6.1°C, Clouds, humidity: 82%
2026-03-30 19:09:42,687 - root - INFO - [50/1205] Fetching weather for Iváncsa...
2026-03-30 19:09:42,783 - root - INFO - Fetched weather for Iváncsa: 6.5°C, Clouds, humidity: 81%
2026-03-30 19:09:43,885 - root - INFO - [51/1205] Fetching weather for Pusztaszabolcs...
2026-03-30 19:09:43,991 - root - INFO - Fetched weather for Pusztaszabolcs: 6.6°C, Clouds, humidity: 80%
2026-03-30 19:09:45,092 - root - INFO - [52/1205] Fetching weather for Szabadegyháza...
2026-03-30 19:09:45,212 - root - INFO - Fetched weather for Szabadegyháza: 6.5°C, Clouds, humidity: 79%
2026-03-30 19:09:46,314 - root - INFO - [53/1205] Fetching weather for Sárosd...
2026-03-30 19:09:46,407 - root - INFO - Fetched weather for Sárosd: 6.6°C, Clouds, humidity: 78%
2026-03-30 19:09:47,509 - root - INFO - [54/1205] Fetching weather for Nagylók...
2026-03-30 19:09:47,609 - root - INFO - Fetched weather for Nagylók: 6.4°C, Clouds, humidity: 77%
2026-03-30 19:09:48,711 - root - INFO - [55/1205] Fetching weather for Sárbogárd...
2026-03-30 19:09:48,814 - root - INFO - Fetched weather for Sárbogárd: 6.6°C, Clouds, humidity: 76%
2026-03-30 19:09:49,916 - root - INFO - [56/1205] Fetching weather for Rétszilas...
2026-03-30 19:09:50,019 - root - INFO - Fetched weather for Rétszilas: 6.7°C, Clouds, humidity: 76%
2026-03-30 19:09:51,121 - root - INFO - [57/1205] Fetching weather for Nagyatád...
2026-03-30 19:09:51,220 - root - INFO - Fetched weather for Nagyatád: 6.6°C, Clouds, humidity: 84%
2026-03-30 19:09:52,322 - root - INFO - [58/1205] Fetching weather for Budapest-Keleti...
2026-03-30 19:09:52,426 - root - INFO - Fetched weather for Budapest-Keleti: 5.7°C, Clouds, humidity: 83%
2026-03-30 19:09:53,528 - root - INFO - [59/1205] Fetching weather for Ferencváros...
2026-03-30 19:09:53,629 - root - INFO - Fetched weather for Ferencváros: 5.7°C, Clouds, humidity: 83%
2026-03-30 19:09:54,731 - root - INFO - [60/1205] Fetching weather for Budapest-Nyugati...
2026-03-30 19:09:54,830 - root - INFO - Fetched weather for Budapest-Nyugati: 5.8°C, Rain, humidity: 82%
2026-03-30 19:09:55,932 - root - INFO - [61/1205] Fetching weather for Kőbánya felső...
2026-03-30 19:09:56,041 - root - INFO - Fetched weather for Kőbánya felső: 5.6°C, Clouds, humidity: 84%
2026-03-30 19:09:57,143 - root - INFO - [62/1205] Fetching weather for Rákos...
2026-03-30 19:09:57,236 - root - INFO - Fetched weather for Rákos: 5.5°C, Clouds, humidity: 85%
2026-03-30 19:09:58,337 - root - INFO - [63/1205] Fetching weather for Rákosrendező...
2026-03-30 19:09:58,436 - root - INFO - Fetched weather for Rákosrendező: 5.8°C, Clouds, humidity: 83%
2026-03-30 19:09:59,538 - root - INFO - [64/1205] Fetching weather for Zugló...
2026-03-30 19:09:59,649 - root - INFO - Fetched weather for Zugló: 5.7°C, Clouds, humidity: 84%
2026-03-30 19:10:00,751 - root - INFO - [65/1205] Fetching weather for Mezőtárkány...
2026-03-30 19:10:00,858 - root - INFO - Fetched weather for Mezőtárkány: 5.5°C, Clouds, humidity: 87%
2026-03-30 19:10:01,960 - root - INFO - [66/1205] Fetching weather for Istvántelek...
2026-03-30 19:10:02,055 - root - INFO - Fetched weather for Istvántelek: 5.5°C, Clouds, humidity: 84%
2026-03-30 19:10:03,157 - root - INFO - [67/1205] Fetching weather for Rákospalota-Újpest...
2026-03-30 19:10:03,263 - root - INFO - Fetched weather for Rákospalota-Újpest: 5.5°C, Clouds, humidity: 84%
2026-03-30 19:10:04,365 - root - INFO - [68/1205] Fetching weather for Kőbánya alsó...
2026-03-30 19:10:04,473 - root - INFO - Fetched weather for Kőbánya alsó: 5.5°C, Clouds, humidity: 84%
2026-03-30 19:10:05,575 - root - INFO - [69/1205] Fetching weather for Kőbánya-Kispest...
2026-03-30 19:10:05,701 - root - INFO - Fetched weather for Kőbánya-Kispest: 5.5°C, Clouds, humidity: 85%
2026-03-30 19:10:06,803 - root - INFO - [70/1205] Fetching weather for Pestszentlőrinc...
2026-03-30 19:10:06,897 - root - INFO - Fetched weather for Pestszentlőrinc: 5.4°C, Clouds, humidity: 86%
2026-03-30 19:10:07,999 - root - INFO - [71/1205] Fetching weather for Kispest...
2026-03-30 19:10:08,108 - root - INFO - Fetched weather for Kispest: 5.5°C, Clouds, humidity: 85%
2026-03-30 19:10:09,210 - root - INFO - [72/1205] Fetching weather for Újpest...
2026-03-30 19:10:09,310 - root - INFO - Fetched weather for Újpest: 5.5°C, Clouds, humidity: 83%
2026-03-30 19:10:10,412 - root - INFO - [73/1205] Fetching weather for Pestszentimre felső...
2026-03-30 19:10:10,515 - root - INFO - Fetched weather for Pestszentimre felső: 5.5°C, Clouds, humidity: 86%
2026-03-30 19:10:11,617 - root - INFO - [74/1205] Fetching weather for Dunakeszi...
2026-03-30 19:10:11,719 - root - INFO - Fetched weather for Dunakeszi: 5.4°C, Clouds, humidity: 83%
2026-03-30 19:10:12,821 - root - INFO - [75/1205] Fetching weather for Dunakeszi-Gyártelep...
2026-03-30 19:10:12,923 - root - INFO - Fetched weather for Dunakeszi-Gyártelep: 5.5°C, Clouds, humidity: 83%
2026-03-30 19:10:14,025 - root - INFO - [76/1205] Fetching weather for Alsógöd...
2026-03-30 19:10:14,126 - root - INFO - Fetched weather for Alsógöd: 5.5°C, Clouds, humidity: 81%
2026-03-30 19:10:15,228 - root - INFO - [77/1205] Fetching weather for Göd...
2026-03-30 19:10:15,338 - root - INFO - Fetched weather for Göd: 5.5°C, Clouds, humidity: 81%
2026-03-30 19:10:16,440 - root - INFO - [78/1205] Fetching weather for Felsőgöd...
2026-03-30 19:10:16,547 - root - INFO - Fetched weather for Felsőgöd: 5.5°C, Clouds, humidity: 81%
2026-03-30 19:10:17,649 - root - INFO - [79/1205] Fetching weather for Sződ-Sződliget...
2026-03-30 19:10:17,751 - root - INFO - Fetched weather for Sződ-Sződliget: 5.5°C, Clouds, humidity: 81%
2026-03-30 19:10:18,853 - root - INFO - [80/1205] Fetching weather for Vác...
2026-03-30 19:10:18,952 - root - INFO - Fetched weather for Vác: 5.5°C, Clouds, humidity: 83%
2026-03-30 19:10:20,053 - root - INFO - [81/1205] Fetching weather for Verőce...
2026-03-30 19:10:20,220 - root - INFO - Fetched weather for Verőce: 5.3°C, Clouds, humidity: 82%
2026-03-30 19:10:21,322 - root - INFO - [82/1205] Fetching weather for Kismaros...
2026-03-30 19:10:21,424 - root - INFO - Fetched weather for Kismaros: 5.3°C, Clouds, humidity: 82%
2026-03-30 19:10:22,526 - root - INFO - [83/1205] Fetching weather for Nagymaros-Visegrád...
2026-03-30 19:10:22,646 - root - INFO - Fetched weather for Nagymaros-Visegrád: 5.3°C, Rain, humidity: 82%
2026-03-30 19:10:23,748 - root - INFO - [84/1205] Fetching weather for Nagymaros...
2026-03-30 19:10:23,855 - root - INFO - Fetched weather for Nagymaros: 5.4°C, Rain, humidity: 82%
2026-03-30 19:10:24,957 - root - INFO - [85/1205] Fetching weather for Zebegény...
2026-03-30 19:10:25,080 - root - INFO - Fetched weather for Zebegény: 5.4°C, Rain, humidity: 81%
2026-03-30 19:10:26,182 - root - INFO - [86/1205] Fetching weather for Szob...
2026-03-30 19:10:26,327 - root - INFO - Fetched weather for Szob: 5.3°C, Clouds, humidity: 81%
2026-03-30 19:10:27,429 - root - INFO - [87/1205] Fetching weather for Alagimajor...
2026-03-30 19:10:27,533 - root - INFO - Fetched weather for Alagimajor: 5.5°C, Clouds, humidity: 85%
2026-03-30 19:10:28,635 - root - INFO - [88/1205] Fetching weather for Fót...
2026-03-30 19:10:28,737 - root - INFO - Fetched weather for Fót: 5.4°C, Clouds, humidity: 84%
2026-03-30 19:10:29,839 - root - INFO - [89/1205] Fetching weather for Fótújfalu...
2026-03-30 19:10:29,962 - root - INFO - Fetched weather for Fótújfalu: 5.3°C, Clouds, humidity: 85%
2026-03-30 19:10:31,064 - root - INFO - [90/1205] Fetching weather for Csomád...
2026-03-30 19:10:31,174 - root - INFO - Fetched weather for Csomád: 5.0°C, Clouds, humidity: 87%
2026-03-30 19:10:32,276 - root - INFO - [91/1205] Fetching weather for Veresegyház...
2026-03-30 19:10:32,383 - root - INFO - Fetched weather for Veresegyház: 5.2°C, Rain, humidity: 88%
2026-03-30 19:10:33,485 - root - INFO - [92/1205] Fetching weather for Erdőkertes...
2026-03-30 19:10:33,586 - root - INFO - Fetched weather for Erdőkertes: 5.2°C, Rain, humidity: 84%
2026-03-30 19:10:34,688 - root - INFO - [93/1205] Fetching weather for Őrbottyán...
2026-03-30 19:10:34,791 - root - INFO - Fetched weather for Őrbottyán: 5.1°C, Rain, humidity: 84%
2026-03-30 19:10:35,892 - root - INFO - [94/1205] Fetching weather for Váchartyán...
2026-03-30 19:10:35,985 - root - INFO - Fetched weather for Váchartyán: 5.4°C, Clouds, humidity: 83%
2026-03-30 19:10:37,087 - root - INFO - [95/1205] Fetching weather for Magyarkút-Verőce...
2026-03-30 19:10:37,193 - root - INFO - Fetched weather for Magyarkút-Verőce: 5.5°C, Clouds, humidity: 82%
2026-03-30 19:10:38,295 - root - INFO - [96/1205] Fetching weather for Szokolya...
2026-03-30 19:10:38,397 - root - INFO - Fetched weather for Szokolya: 5.2°C, Clouds, humidity: 81%
2026-03-30 19:10:39,499 - root - INFO - [97/1205] Fetching weather for Berkenye...
2026-03-30 19:10:39,603 - root - INFO - Fetched weather for Berkenye: 5.9°C, Clouds, humidity: 81%
2026-03-30 19:10:40,705 - root - INFO - [98/1205] Fetching weather for Nógrád...
2026-03-30 19:10:40,815 - root - INFO - Fetched weather for Nógrád: 5.6°C, Clouds, humidity: 81%
2026-03-30 19:10:41,917 - root - INFO - [99/1205] Fetching weather for Diósjenő...
2026-03-30 19:10:42,010 - root - INFO - Fetched weather for Diósjenő: 5.2°C, Clouds, humidity: 80%
2026-03-30 19:10:43,112 - root - INFO - [100/1205] Fetching weather for Borsosberény...
2026-03-30 19:10:43,205 - root - INFO - Fetched weather for Borsosberény: 5.9°C, Clouds, humidity: 80%
2026-03-30 19:10:44,307 - root - INFO - [101/1205] Fetching weather for Nagyoroszi...
2026-03-30 19:10:44,424 - root - INFO - Fetched weather for Nagyoroszi: 5.8°C, Rain, humidity: 80%
2026-03-30 19:10:45,526 - root - INFO - [102/1205] Fetching weather for Drégelyvár...
2026-03-30 19:10:45,628 - root - INFO - Fetched weather for Drégelyvár: 6.0°C, Rain, humidity: 79%
2026-03-30 19:10:46,730 - root - INFO - [103/1205] Fetching weather for Drégely...
2026-03-30 19:10:46,835 - root - INFO - Fetched weather for Drégely: 6.4°C, Rain, humidity: 79%
2026-03-30 19:10:47,937 - root - INFO - [104/1205] Fetching weather for Drégelypalánk...
2026-03-30 19:10:48,037 - root - INFO - Fetched weather for Drégelypalánk: 6.5°C, Rain, humidity: 78%
2026-03-30 19:10:49,139 - root - INFO - [105/1205] Fetching weather for Ipolyvece...
2026-03-30 19:10:49,255 - root - INFO - Fetched weather for Ipolyvece: 6.5°C, Rain, humidity: 79%
2026-03-30 19:10:50,357 - root - INFO - [106/1205] Fetching weather for Dejtár...
2026-03-30 19:10:50,455 - root - INFO - Fetched weather for Dejtár: 6.5°C, Clouds, humidity: 79%
2026-03-30 19:10:51,557 - root - INFO - [107/1205] Fetching weather for Ipolyszög...
2026-03-30 19:10:51,661 - root - INFO - Fetched weather for Ipolyszög: 6.5°C, Clouds, humidity: 79%
2026-03-30 19:10:52,762 - root - INFO - [108/1205] Fetching weather for Iklad-Domony...
2026-03-30 19:10:52,860 - root - INFO - Fetched weather for Iklad-Domony: 5.5°C, Clouds, humidity: 84%
2026-03-30 19:10:53,962 - root - INFO - [109/1205] Fetching weather for Iklad-Domony felső...
2026-03-30 19:10:54,070 - root - INFO - Fetched weather for Iklad-Domony felső: 5.5°C, Clouds, humidity: 84%
2026-03-30 19:10:55,172 - root - INFO - [110/1205] Fetching weather for Galgamácsa...
2026-03-30 19:10:55,269 - root - INFO - Fetched weather for Galgamácsa: 5.5°C, Rain, humidity: 84%
2026-03-30 19:10:56,371 - root - INFO - [111/1205] Fetching weather for Vácrátót...
2026-03-30 19:10:56,482 - root - INFO - Fetched weather for Vácrátót: 5.3°C, Clouds, humidity: 83%
2026-03-30 19:10:57,584 - root - INFO - [112/1205] Fetching weather for Csörög...
2026-03-30 19:10:57,675 - root - INFO - Fetched weather for Csörög: 5.3°C, Clouds, humidity: 83%
2026-03-30 19:10:58,776 - root - INFO - [113/1205] Fetching weather for Galgagyörk...
2026-03-30 19:10:58,886 - root - INFO - Fetched weather for Galgagyörk: 5.4°C, Clouds, humidity: 83%
2026-03-30 19:10:59,988 - root - INFO - [114/1205] Fetching weather for Püspökhatvan...
2026-03-30 19:11:00,099 - root - INFO - Fetched weather for Püspökhatvan: 6.3°C, Clouds, humidity: 83%
2026-03-30 19:11:01,201 - root - INFO - [115/1205] Fetching weather for Acsa-Erdőkürt...
2026-03-30 19:11:01,311 - root - INFO - Fetched weather for Acsa-Erdőkürt: 6.2°C, Clouds, humidity: 83%
2026-03-30 19:11:02,413 - root - INFO - [116/1205] Fetching weather for Galgaguta...
2026-03-30 19:11:02,522 - root - INFO - Fetched weather for Galgaguta: 5.9°C, Clouds, humidity: 82%
2026-03-30 19:11:03,624 - root - INFO - [117/1205] Fetching weather for Nógrádkövesd...
2026-03-30 19:11:03,718 - root - INFO - Fetched weather for Nógrádkövesd: 6.0°C, Clouds, humidity: 82%
2026-03-30 19:11:04,819 - root - INFO - [118/1205] Fetching weather for Magyarnándor...
2026-03-30 19:11:04,911 - root - INFO - Fetched weather for Magyarnándor: 5.9°C, Rain, humidity: 81%
2026-03-30 19:11:06,013 - root - INFO - [119/1205] Fetching weather for Mohora...
2026-03-30 19:11:06,115 - root - INFO - Fetched weather for Mohora: 6.0°C, Rain, humidity: 81%
2026-03-30 19:11:07,217 - root - INFO - [120/1205] Fetching weather for Szügy...
2026-03-30 19:11:07,326 - root - INFO - Fetched weather for Szügy: 6.3°C, Rain, humidity: 81%
2026-03-30 19:11:08,428 - root - INFO - [121/1205] Fetching weather for Balassagyarmat...
2026-03-30 19:11:08,542 - root - INFO - Fetched weather for Balassagyarmat: 6.4°C, Rain, humidity: 80%
2026-03-30 19:11:09,644 - root - INFO - [122/1205] Fetching weather for Őrhalom...
2026-03-30 19:11:09,759 - root - INFO - Fetched weather for Őrhalom: 6.1°C, Rain, humidity: 81%
2026-03-30 19:11:10,861 - root - INFO - [123/1205] Fetching weather for Hugyag...
2026-03-30 19:11:10,984 - root - INFO - Fetched weather for Hugyag: 6.1°C, Rain, humidity: 81%
2026-03-30 19:11:12,086 - root - INFO - [124/1205] Fetching weather for Szécsény...
2026-03-30 19:11:12,190 - root - INFO - Fetched weather for Szécsény: 6.3°C, Rain, humidity: 82%
2026-03-30 19:11:13,292 - root - INFO - [125/1205] Fetching weather for Ludányhalászi...
2026-03-30 19:11:13,426 - root - INFO - Fetched weather for Ludányhalászi: 6.3°C, Rain, humidity: 82%
2026-03-30 19:11:14,528 - root - INFO - [126/1205] Fetching weather for Nógrádszakál...
2026-03-30 19:11:14,628 - root - INFO - Fetched weather for Nógrádszakál: 6.3°C, Rain, humidity: 82%
2026-03-30 19:11:15,730 - root - INFO - [127/1205] Fetching weather for Ráróspuszta...
2026-03-30 19:11:15,840 - root - INFO - Fetched weather for Ráróspuszta: 5.8°C, Clouds, humidity: 82%
2026-03-30 19:11:16,942 - root - INFO - [128/1205] Fetching weather for Litke...
2026-03-30 19:11:17,042 - root - INFO - Fetched weather for Litke: 6.3°C, Rain, humidity: 83%
2026-03-30 19:11:18,144 - root - INFO - [129/1205] Fetching weather for Nyíregyháza külső...
2026-03-30 19:11:18,246 - root - INFO - Fetched weather for Nyíregyháza külső: 6.3°C, Rain, humidity: 88%
2026-03-30 19:11:19,348 - root - INFO - [130/1205] Fetching weather for Oros...
2026-03-30 19:11:19,442 - root - INFO - Fetched weather for Oros: 6.3°C, Clouds, humidity: 88%
2026-03-30 19:11:20,544 - root - INFO - [131/1205] Fetching weather for Napkor...
2026-03-30 19:11:20,639 - root - INFO - Fetched weather for Napkor: 6.3°C, Rain, humidity: 88%
2026-03-30 19:11:21,741 - root - INFO - [132/1205] Fetching weather for Apagy...
2026-03-30 19:11:21,859 - root - INFO - Fetched weather for Apagy: 6.3°C, Clouds, humidity: 88%
2026-03-30 19:11:22,961 - root - INFO - [133/1205] Fetching weather for Levelek-Magy...
2026-03-30 19:11:23,069 - root - INFO - Fetched weather for Levelek-Magy: 6.3°C, Clouds, humidity: 88%
2026-03-30 19:11:24,171 - root - INFO - [134/1205] Fetching weather for Ófehértó...
2026-03-30 19:11:24,285 - root - INFO - Fetched weather for Ófehértó: 6.3°C, Rain, humidity: 89%
2026-03-30 19:11:25,387 - root - INFO - [135/1205] Fetching weather for Ligettanya...
2026-03-30 19:11:25,508 - root - INFO - Fetched weather for Ligettanya: 6.3°C, Rain, humidity: 89%
2026-03-30 19:11:26,610 - root - INFO - [136/1205] Fetching weather for Baktalórántháza...
2026-03-30 19:11:26,707 - root - INFO - Fetched weather for Baktalórántháza: 6.2°C, Rain, humidity: 88%
2026-03-30 19:11:27,809 - root - INFO - [137/1205] Fetching weather for Vaja-Rohod...
2026-03-30 19:11:27,963 - root - INFO - Fetched weather for Vaja-Rohod: 6.3°C, Rain, humidity: 88%
2026-03-30 19:11:29,065 - root - INFO - [138/1205] Fetching weather for Rákóczitanya...
2026-03-30 19:11:29,250 - root - INFO - Fetched weather for Rákóczitanya: 6.3°C, Rain, humidity: 88%
2026-03-30 19:11:30,352 - root - INFO - [139/1205] Fetching weather for Nyírmada...
2026-03-30 19:11:30,546 - root - INFO - Fetched weather for Nyírmada: 6.3°C, Rain, humidity: 88%
2026-03-30 19:11:31,648 - root - INFO - [140/1205] Fetching weather for Tunyogmatolcs...
2026-03-30 19:11:31,772 - root - INFO - Fetched weather for Tunyogmatolcs: 6.8°C, Clouds, humidity: 89%
2026-03-30 19:11:32,874 - root - INFO - [141/1205] Fetching weather for Tunyogmatolcs alsó...
2026-03-30 19:11:32,981 - root - INFO - Fetched weather for Tunyogmatolcs alsó: 6.8°C, Clouds, humidity: 89%
2026-03-30 19:11:34,083 - root - INFO - [142/1205] Fetching weather for Fehérgyarmat...
2026-03-30 19:11:34,187 - root - INFO - Fetched weather for Fehérgyarmat: 6.9°C, Clouds, humidity: 89%
2026-03-30 19:11:35,289 - root - INFO - [143/1205] Fetching weather for Penyige...
2026-03-30 19:11:35,398 - root - INFO - Fetched weather for Penyige: 6.9°C, Clouds, humidity: 89%
2026-03-30 19:11:36,500 - root - INFO - [144/1205] Fetching weather for Nagyszekeres...
2026-03-30 19:11:36,613 - root - INFO - Fetched weather for Nagyszekeres: 7.0°C, Clouds, humidity: 88%
2026-03-30 19:11:37,715 - root - INFO - [145/1205] Fetching weather for Kisszekeres...
2026-03-30 19:11:37,829 - root - INFO - Fetched weather for Kisszekeres: 7.0°C, Clouds, humidity: 89%
2026-03-30 19:11:38,930 - root - INFO - [146/1205] Fetching weather for Jánkmajtis...
2026-03-30 19:11:39,050 - root - INFO - Fetched weather for Jánkmajtis: 7.0°C, Clouds, humidity: 89%
2026-03-30 19:11:40,151 - root - INFO - [147/1205] Fetching weather for Gacsály...
2026-03-30 19:11:40,248 - root - INFO - Fetched weather for Gacsály: 7.8°C, Clouds, humidity: 89%
2026-03-30 19:11:41,350 - root - INFO - [148/1205] Fetching weather for Zajta...
2026-03-30 19:11:41,450 - root - INFO - Fetched weather for Zajta: 7.8°C, Clouds, humidity: 89%
2026-03-30 19:11:42,551 - root - INFO - [149/1205] Fetching weather for Eperjeske alsó...
2026-03-30 19:11:42,672 - root - INFO - Fetched weather for Eperjeske alsó: 6.5°C, Rain, humidity: 85%
2026-03-30 19:11:43,774 - root - INFO - [150/1205] Fetching weather for Mándok...
2026-03-30 19:11:43,885 - root - INFO - Fetched weather for Mándok: 6.4°C, Clouds, humidity: 86%
2026-03-30 19:11:44,987 - root - INFO - [151/1205] Fetching weather for Tornyospálca...
2026-03-30 19:11:45,089 - root - INFO - Fetched weather for Tornyospálca: 6.4°C, Clouds, humidity: 86%
2026-03-30 19:11:46,191 - root - INFO - [152/1205] Fetching weather for Aranyosapáti...
2026-03-30 19:11:46,284 - root - INFO - Fetched weather for Aranyosapáti: 6.5°C, Clouds, humidity: 87%
2026-03-30 19:11:47,386 - root - INFO - [153/1205] Fetching weather for Gyüre...
2026-03-30 19:11:47,487 - root - INFO - Fetched weather for Gyüre: 6.5°C, Clouds, humidity: 87%
2026-03-30 19:11:48,589 - root - INFO - [154/1205] Fetching weather for Varsány...
2026-03-30 19:11:48,697 - root - INFO - Fetched weather for Varsány: 6.5°C, Clouds, humidity: 88%
2026-03-30 19:11:49,799 - root - INFO - [155/1205] Fetching weather for Vásárosnamény...
2026-03-30 19:11:49,910 - root - INFO - Fetched weather for Vásárosnamény: 6.6°C, Rain, humidity: 88%
2026-03-30 19:11:51,012 - root - INFO - [156/1205] Fetching weather for Vitka...
2026-03-30 19:11:51,129 - root - INFO - Fetched weather for Vitka: 6.5°C, Rain, humidity: 88%
2026-03-30 19:11:52,231 - root - INFO - [157/1205] Fetching weather for Nagydobos...
2026-03-30 19:11:52,327 - root - INFO - Fetched weather for Nagydobos: 6.5°C, Rain, humidity: 88%
2026-03-30 19:11:53,428 - root - INFO - [158/1205] Fetching weather for Ópályi...
2026-03-30 19:11:53,521 - root - INFO - Fetched weather for Ópályi: 6.5°C, Clouds, humidity: 89%
2026-03-30 19:11:54,623 - root - INFO - [159/1205] Fetching weather for Nyírcsaholy...
2026-03-30 19:11:54,736 - root - INFO - Fetched weather for Nyírcsaholy: 6.6°C, Clouds, humidity: 89%
2026-03-30 19:11:55,838 - root - INFO - [160/1205] Fetching weather for Nagyecsed...
2026-03-30 19:11:55,954 - root - INFO - Fetched weather for Nagyecsed: 6.8°C, Clouds, humidity: 89%
2026-03-30 19:11:57,056 - root - INFO - [161/1205] Fetching weather for Tiborszállás...
2026-03-30 19:11:57,155 - root - INFO - Fetched weather for Tiborszállás: 6.8°C, Rain, humidity: 90%
2026-03-30 19:11:58,257 - root - INFO - [162/1205] Fetching weather for Kiskunhalas...
2026-03-30 19:11:58,356 - root - INFO - Fetched weather for Kiskunhalas: 5.8°C, Clouds, humidity: 88%
2026-03-30 19:11:59,458 - root - INFO - [163/1205] Fetching weather for Kecskemét alsó...
2026-03-30 19:11:59,551 - root - INFO - Fetched weather for Kecskemét alsó: 5.0°C, Clouds, humidity: 87%
2026-03-30 19:12:00,652 - root - INFO - [164/1205] Fetching weather for Putnok...
2026-03-30 19:12:00,750 - root - INFO - Fetched weather for Putnok: 8.0°C, Clouds, humidity: 87%
2026-03-30 19:12:01,852 - root - INFO - [165/1205] Fetching weather for Bánréve...
2026-03-30 19:12:01,958 - root - INFO - Fetched weather for Bánréve: 8.0°C, Rain, humidity: 86%
2026-03-30 19:12:03,059 - root - INFO - [166/1205] Fetching weather for Ipolytarnóc...
2026-03-30 19:12:03,150 - root - INFO - Fetched weather for Ipolytarnóc: 6.2°C, Rain, humidity: 83%
2026-03-30 19:12:04,252 - root - INFO - [167/1205] Fetching weather for Rákosliget...
2026-03-30 19:12:04,360 - root - INFO - Fetched weather for Rákosliget: 5.3°C, Clouds, humidity: 87%
2026-03-30 19:12:05,462 - root - INFO - [168/1205] Fetching weather for Ikrény...
2026-03-30 19:12:05,565 - root - INFO - Fetched weather for Ikrény: 6.1°C, Clouds, humidity: 71%
2026-03-30 19:12:06,667 - root - INFO - [169/1205] Fetching weather for Rábapatona...
2026-03-30 19:12:06,763 - root - INFO - Fetched weather for Rábapatona: 6.1°C, Clouds, humidity: 71%
2026-03-30 19:12:07,865 - root - INFO - [170/1205] Fetching weather for Enese...
2026-03-30 19:12:07,980 - root - INFO - Fetched weather for Enese: 6.1°C, Clouds, humidity: 71%
2026-03-30 19:12:09,082 - root - INFO - [171/1205] Fetching weather for Kóny...
2026-03-30 19:12:09,186 - root - INFO - Fetched weather for Kóny: 6.8°C, Clouds, humidity: 71%
2026-03-30 19:12:10,287 - root - INFO - [172/1205] Fetching weather for Farád...
2026-03-30 19:12:10,383 - root - INFO - Fetched weather for Farád: 6.1°C, Clouds, humidity: 71%
2026-03-30 19:12:11,485 - root - INFO - [173/1205] Fetching weather for Rábatamási...
2026-03-30 19:12:11,582 - root - INFO - Fetched weather for Rábatamási: 6.1°C, Clouds, humidity: 71%
2026-03-30 19:12:12,684 - root - INFO - [174/1205] Fetching weather for Szárföld...
2026-03-30 19:12:12,791 - root - INFO - Fetched weather for Szárföld: 6.1°C, Clouds, humidity: 71%
2026-03-30 19:12:13,893 - root - INFO - [175/1205] Fetching weather for Veszkény...
2026-03-30 19:12:13,986 - root - INFO - Fetched weather for Veszkény: 6.1°C, Clouds, humidity: 67%
2026-03-30 19:12:15,088 - root - INFO - [176/1205] Fetching weather for Kapuvár...
2026-03-30 19:12:15,176 - root - INFO - Fetched weather for Kapuvár: 6.1°C, Clouds, humidity: 67%
2026-03-30 19:12:16,278 - root - INFO - [177/1205] Fetching weather for Vitnyéd-Csermajor...
2026-03-30 19:12:16,377 - root - INFO - Fetched weather for Vitnyéd-Csermajor: 6.1°C, Clouds, humidity: 67%
2026-03-30 19:12:17,479 - root - INFO - [178/1205] Fetching weather for Petőháza...
2026-03-30 19:12:17,589 - root - INFO - Fetched weather for Petőháza: 6.0°C, Clouds, humidity: 67%
2026-03-30 19:12:18,691 - root - INFO - [179/1205] Fetching weather for Fertőszentmiklós...
2026-03-30 19:12:18,789 - root - INFO - Fetched weather for Fertőszentmiklós: 6.0°C, Clouds, humidity: 67%
2026-03-30 19:12:19,891 - root - INFO - [180/1205] Fetching weather for Pinnye...
2026-03-30 19:12:20,032 - root - INFO - Fetched weather for Pinnye: 5.9°C, Clouds, humidity: 67%
2026-03-30 19:12:21,134 - root - INFO - [181/1205] Fetching weather for Fertőboz...
2026-03-30 19:12:21,235 - root - INFO - Fetched weather for Fertőboz: 5.8°C, Clouds, humidity: 67%
2026-03-30 19:12:22,337 - root - INFO - [182/1205] Fetching weather for Sopron...
2026-03-30 19:12:22,430 - root - INFO - Fetched weather for Sopron: 5.5°C, Clouds, humidity: 71%
2026-03-30 19:12:23,532 - root - INFO - [183/1205] Fetching weather for Fertőszéplak-Fertőd...
2026-03-30 19:12:23,632 - root - INFO - Fetched weather for Fertőszéplak-Fertőd: 6.1°C, Clouds, humidity: 67%
2026-03-30 19:12:24,733 - root - INFO - [184/1205] Fetching weather for Nyúl...
2026-03-30 19:12:24,831 - root - INFO - Fetched weather for Nyúl: 6.0°C, Clear, humidity: 75%
2026-03-30 19:12:25,933 - root - INFO - [185/1205] Fetching weather for Pannonhalma...
2026-03-30 19:12:26,035 - root - INFO - Fetched weather for Pannonhalma: 6.0°C, Clear, humidity: 75%
2026-03-30 19:12:27,137 - root - INFO - [186/1205] Fetching weather for Tarjánpuszta...
2026-03-30 19:12:27,240 - root - INFO - Fetched weather for Tarjánpuszta: 5.7°C, Clear, humidity: 75%
2026-03-30 19:12:28,342 - root - INFO - [187/1205] Fetching weather for Győrasszonyfa...
2026-03-30 19:12:28,439 - root - INFO - Fetched weather for Győrasszonyfa: 5.7°C, Clear, humidity: 75%
2026-03-30 19:12:29,541 - root - INFO - [188/1205] Fetching weather for Veszprémvarsány...
2026-03-30 19:12:29,639 - root - INFO - Fetched weather for Veszprémvarsány: 5.7°C, Clouds, humidity: 72%
2026-03-30 19:12:30,741 - root - INFO - [189/1205] Fetching weather for Bakonyszentlászló...
2026-03-30 19:12:30,837 - root - INFO - Fetched weather for Bakonyszentlászló: 6.6°C, Clouds, humidity: 72%
2026-03-30 19:12:31,939 - root - INFO - [190/1205] Fetching weather for Porva-Csesznek...
2026-03-30 19:12:32,071 - root - INFO - Fetched weather for Porva-Csesznek: 5.6°C, Clouds, humidity: 71%
2026-03-30 19:12:33,172 - root - INFO - [191/1205] Fetching weather for Zirc...
2026-03-30 19:12:33,262 - root - INFO - Fetched weather for Zirc: 7.0°C, Clouds, humidity: 70%
2026-03-30 19:12:34,364 - root - INFO - [192/1205] Fetching weather for Eplény...
2026-03-30 19:12:34,480 - root - INFO - Fetched weather for Eplény: 7.1°C, Clouds, humidity: 69%
2026-03-30 19:12:35,582 - root - INFO - [193/1205] Fetching weather for Marcaltő...
2026-03-30 19:12:35,676 - root - INFO - Fetched weather for Marcaltő: 7.2°C, Clear, humidity: 70%
2026-03-30 19:12:36,777 - root - INFO - [194/1205] Fetching weather for Szany-Rábaszentandrás...
2026-03-30 19:12:36,878 - root - INFO - Fetched weather for Szany-Rábaszentandrás: 7.2°C, Clear, humidity: 70%
2026-03-30 19:12:37,980 - root - INFO - [195/1205] Fetching weather for Egyed-Rábacsanak...
2026-03-30 19:12:38,081 - root - INFO - Fetched weather for Egyed-Rábacsanak: 7.2°C, Clouds, humidity: 71%
2026-03-30 19:12:39,183 - root - INFO - [196/1205] Fetching weather for Rábapordány...
2026-03-30 19:12:39,296 - root - INFO - Fetched weather for Rábapordány: 7.2°C, Clouds, humidity: 71%
2026-03-30 19:12:40,398 - root - INFO - [197/1205] Fetching weather for Albertfalva...
2026-03-30 19:12:40,489 - root - INFO - Fetched weather for Albertfalva: 5.8°C, Clouds, humidity: 82%
2026-03-30 19:12:41,590 - root - INFO - [198/1205] Fetching weather for Budafok...
2026-03-30 19:12:41,694 - root - INFO - Fetched weather for Budafok: 5.8°C, Clouds, humidity: 82%
2026-03-30 19:12:42,796 - root - INFO - [199/1205] Fetching weather for Tétényliget...
2026-03-30 19:12:42,893 - root - INFO - Fetched weather for Tétényliget: 6.0°C, Rain, humidity: 81%
2026-03-30 19:12:43,995 - root - INFO - [200/1205] Fetching weather for Érd alsó...
2026-03-30 19:12:44,093 - root - INFO - Fetched weather for Érd alsó: 6.0°C, Rain, humidity: 81%
2026-03-30 19:12:45,195 - root - INFO - [201/1205] Fetching weather for Tárnok...
2026-03-30 19:12:45,316 - root - INFO - Fetched weather for Tárnok: 6.1°C, Rain, humidity: 81%
2026-03-30 19:12:46,418 - root - INFO - [202/1205] Fetching weather for Martonvásár...
2026-03-30 19:12:46,512 - root - INFO - Fetched weather for Martonvásár: 6.3°C, Clouds, humidity: 82%
2026-03-30 19:12:47,613 - root - INFO - [203/1205] Fetching weather for Baracska...
2026-03-30 19:12:47,705 - root - INFO - Fetched weather for Baracska: 6.6°C, Clouds, humidity: 82%
2026-03-30 19:12:48,807 - root - INFO - [204/1205] Fetching weather for Pettend...
2026-03-30 19:12:48,898 - root - INFO - Fetched weather for Pettend: 6.5°C, Clouds, humidity: 81%
2026-03-30 19:12:50,000 - root - INFO - [205/1205] Fetching weather for Kápolnásnyék...
2026-03-30 19:12:50,094 - root - INFO - Fetched weather for Kápolnásnyék: 6.5°C, Clouds, humidity: 80%
2026-03-30 19:12:51,196 - root - INFO - [206/1205] Fetching weather for Velence...
2026-03-30 19:12:51,303 - root - INFO - Fetched weather for Velence: 6.5°C, Clouds, humidity: 80%
2026-03-30 19:12:52,405 - root - INFO - [207/1205] Fetching weather for Velencefürdő...
2026-03-30 19:12:52,500 - root - INFO - Fetched weather for Velencefürdő: 6.7°C, Clouds, humidity: 79%
2026-03-30 19:12:53,602 - root - INFO - [208/1205] Fetching weather for Gárdony...
2026-03-30 19:12:53,701 - root - INFO - Fetched weather for Gárdony: 6.7°C, Clouds, humidity: 79%
2026-03-30 19:12:54,802 - root - INFO - [209/1205] Fetching weather for Agárd...
2026-03-30 19:12:54,892 - root - INFO - Fetched weather for Agárd: 6.7°C, Clouds, humidity: 79%
2026-03-30 19:12:55,993 - root - INFO - [210/1205] Fetching weather for Dinnyés...
2026-03-30 19:12:56,094 - root - INFO - Fetched weather for Dinnyés: 6.7°C, Clouds, humidity: 78%
2026-03-30 19:12:57,196 - root - INFO - [211/1205] Fetching weather for Székesfehérvár...
2026-03-30 19:12:57,288 - root - INFO - Fetched weather for Székesfehérvár: 6.7°C, Rain, humidity: 75%
2026-03-30 19:12:58,390 - root - INFO - [212/1205] Fetching weather for Szabadbattyán...
2026-03-30 19:12:58,502 - root - INFO - Fetched weather for Szabadbattyán: 6.7°C, Rain, humidity: 73%
2026-03-30 19:12:59,604 - root - INFO - [213/1205] Fetching weather for Kiscséripuszta...
2026-03-30 19:12:59,716 - root - INFO - Fetched weather for Kiscséripuszta: 6.9°C, Rain, humidity: 71%
2026-03-30 19:13:00,818 - root - INFO - [214/1205] Fetching weather for Lepsény...
2026-03-30 19:13:00,910 - root - INFO - Fetched weather for Lepsény: 7.1°C, Rain, humidity: 69%
2026-03-30 19:13:02,012 - root - INFO - [215/1205] Fetching weather for Balatonaliga...
2026-03-30 19:13:02,105 - root - INFO - Fetched weather for Balatonaliga: 6.9°C, Clouds, humidity: 69%
2026-03-30 19:13:03,207 - root - INFO - [216/1205] Fetching weather for Balatonvilágos...
2026-03-30 19:13:03,301 - root - INFO - Fetched weather for Balatonvilágos: 7.0°C, Clouds, humidity: 69%
2026-03-30 19:13:04,403 - root - INFO - [217/1205] Fetching weather for Szabadifürdő...
2026-03-30 19:13:04,503 - root - INFO - Fetched weather for Szabadifürdő: 7.1°C, Clouds, humidity: 69%
2026-03-30 19:13:05,605 - root - INFO - [218/1205] Fetching weather for Ózd alsó...
2026-03-30 19:13:05,702 - root - INFO - Fetched weather for Ózd alsó: 7.8°C, Rain, humidity: 86%
2026-03-30 19:13:06,804 - root - INFO - [219/1205] Fetching weather for Ózd...
2026-03-30 19:13:06,900 - root - INFO - Fetched weather for Ózd: 7.9°C, Rain, humidity: 86%
2026-03-30 19:13:08,002 - root - INFO - [220/1205] Fetching weather for Alsóboldva...
2026-03-30 19:13:08,096 - root - INFO - Fetched weather for Alsóboldva: 8.6°C, Rain, humidity: 100%
2026-03-30 19:13:09,198 - root - INFO - [221/1205] Fetching weather for Boldva...
2026-03-30 19:13:09,310 - root - INFO - Fetched weather for Boldva: 8.6°C, Rain, humidity: 85%
2026-03-30 19:13:10,412 - root - INFO - [222/1205] Fetching weather for Borsodszirák...
2026-03-30 19:13:10,530 - root - INFO - Fetched weather for Borsodszirák: 8.5°C, Rain, humidity: 86%
2026-03-30 19:13:11,632 - root - INFO - [223/1205] Fetching weather for Edelény alsó...
2026-03-30 19:13:11,740 - root - INFO - Fetched weather for Edelény alsó: 8.5°C, Rain, humidity: 86%
2026-03-30 19:13:12,842 - root - INFO - [224/1205] Fetching weather for Edelény...
2026-03-30 19:13:12,944 - root - INFO - Fetched weather for Edelény: 8.5°C, Rain, humidity: 86%
2026-03-30 19:13:14,046 - root - INFO - [225/1205] Fetching weather for Szendrőlád...
2026-03-30 19:13:14,149 - root - INFO - Fetched weather for Szendrőlád: 5.3°C, Rain, humidity: 87%
2026-03-30 19:13:15,251 - root - INFO - [226/1205] Fetching weather for Szendrő...
2026-03-30 19:13:15,362 - root - INFO - Fetched weather for Szendrő: 6.2°C, Rain, humidity: 88%
2026-03-30 19:13:16,464 - root - INFO - [227/1205] Fetching weather for Szendrő felső...
2026-03-30 19:13:16,561 - root - INFO - Fetched weather for Szendrő felső: 6.2°C, Rain, humidity: 88%
2026-03-30 19:13:17,663 - root - INFO - [228/1205] Fetching weather for Szalonna...
2026-03-30 19:13:17,765 - root - INFO - Fetched weather for Szalonna: 6.2°C, Rain, humidity: 88%
2026-03-30 19:13:18,867 - root - INFO - [229/1205] Fetching weather for Perkupa...
2026-03-30 19:13:18,982 - root - INFO - Fetched weather for Perkupa: 5.5°C, Rain, humidity: 89%
2026-03-30 19:13:20,084 - root - INFO - [230/1205] Fetching weather for Szemeretelep...
2026-03-30 19:13:20,195 - root - INFO - Fetched weather for Szemeretelep: 5.4°C, Clouds, humidity: 86%
2026-03-30 19:13:21,297 - root - INFO - [231/1205] Fetching weather for Jósvafő-Aggtelek...
2026-03-30 19:13:21,392 - root - INFO - Fetched weather for Jósvafő-Aggtelek: 5.8°C, Rain, humidity: 89%
2026-03-30 19:13:22,494 - root - INFO - [232/1205] Fetching weather for Bódvaszilas...
2026-03-30 19:13:22,619 - root - INFO - Fetched weather for Bódvaszilas: 5.4°C, Rain, humidity: 90%
2026-03-30 19:13:23,720 - root - INFO - [233/1205] Fetching weather for Komjáti...
2026-03-30 19:13:23,832 - root - INFO - Fetched weather for Komjáti: 5.0°C, Rain, humidity: 90%
2026-03-30 19:13:24,934 - root - INFO - [234/1205] Fetching weather for Tornanádaska...
2026-03-30 19:13:25,039 - root - INFO - Fetched weather for Tornanádaska: 6.1°C, Rain, humidity: 90%
2026-03-30 19:13:26,141 - root - INFO - [235/1205] Fetching weather for Onga...
2026-03-30 19:13:26,234 - root - INFO - Fetched weather for Onga: 8.6°C, Rain, humidity: 100%
2026-03-30 19:13:27,335 - root - INFO - [236/1205] Fetching weather for Szikszó-Vásártér...
2026-03-30 19:13:27,438 - root - INFO - Fetched weather for Szikszó-Vásártér: 8.6°C, Rain, humidity: 85%
2026-03-30 19:13:28,540 - root - INFO - [237/1205] Fetching weather for Szikszó...
2026-03-30 19:13:28,632 - root - INFO - Fetched weather for Szikszó: 8.6°C, Rain, humidity: 85%
2026-03-30 19:13:29,734 - root - INFO - [238/1205] Fetching weather for Aszaló...
2026-03-30 19:13:29,850 - root - INFO - Fetched weather for Aszaló: 8.6°C, Rain, humidity: 86%
2026-03-30 19:13:30,952 - root - INFO - [239/1205] Fetching weather for Halmaj...
2026-03-30 19:13:31,058 - root - INFO - Fetched weather for Halmaj: 6.3°C, Rain, humidity: 86%
2026-03-30 19:13:32,160 - root - INFO - [240/1205] Fetching weather for Csobád...
2026-03-30 19:13:32,254 - root - INFO - Fetched weather for Csobád: 6.3°C, Rain, humidity: 86%
2026-03-30 19:13:33,355 - root - INFO - [241/1205] Fetching weather for Ináncs...
2026-03-30 19:13:33,450 - root - INFO - Fetched weather for Ináncs: 6.2°C, Rain, humidity: 87%
2026-03-30 19:13:34,552 - root - INFO - [242/1205] Fetching weather for Forró-Encs...
2026-03-30 19:13:34,657 - root - INFO - Fetched weather for Forró-Encs: 6.2°C, Rain, humidity: 88%
2026-03-30 19:13:35,758 - root - INFO - [243/1205] Fetching weather for Méra...
2026-03-30 19:13:35,859 - root - INFO - Fetched weather for Méra: 5.9°C, Clouds, humidity: 89%
2026-03-30 19:13:36,960 - root - INFO - [244/1205] Fetching weather for Novajidrány...
2026-03-30 19:13:37,061 - root - INFO - Fetched weather for Novajidrány: 4.4°C, Clouds, humidity: 89%
2026-03-30 19:13:38,163 - root - INFO - [245/1205] Fetching weather for Hernádszurdok...
2026-03-30 19:13:38,266 - root - INFO - Fetched weather for Hernádszurdok: 4.7°C, Clouds, humidity: 92%
2026-03-30 19:13:39,367 - root - INFO - [246/1205] Fetching weather for Hidasnémeti...
2026-03-30 19:13:39,468 - root - INFO - Fetched weather for Hidasnémeti: 4.7°C, Clouds, humidity: 92%
2026-03-30 19:13:40,570 - root - INFO - [247/1205] Fetching weather for Mád...
2026-03-30 19:13:40,696 - root - INFO - Fetched weather for Mád: 7.3°C, Rain, humidity: 86%
2026-03-30 19:13:41,798 - root - INFO - [248/1205] Fetching weather for Rátka...
2026-03-30 19:13:41,896 - root - INFO - Fetched weather for Rátka: 7.5°C, Clouds, humidity: 86%
2026-03-30 19:13:42,998 - root - INFO - [249/1205] Fetching weather for Tállya...
2026-03-30 19:13:43,095 - root - INFO - Fetched weather for Tállya: 7.4°C, Clouds, humidity: 86%
2026-03-30 19:13:44,196 - root - INFO - [250/1205] Fetching weather for Golop...
2026-03-30 19:13:44,296 - root - INFO - Fetched weather for Golop: 7.5°C, Rain, humidity: 86%
2026-03-30 19:13:45,398 - root - INFO - [251/1205] Fetching weather for Abaújszántó...
2026-03-30 19:13:45,498 - root - INFO - Fetched weather for Abaújszántó: 7.4°C, Rain, humidity: 87%
2026-03-30 19:13:46,600 - root - INFO - [252/1205] Fetching weather for Abaújszántói fürdő...
2026-03-30 19:13:46,704 - root - INFO - Fetched weather for Abaújszántói fürdő: 7.5°C, Rain, humidity: 87%
2026-03-30 19:13:47,805 - root - INFO - [253/1205] Fetching weather for Abaújkér...
2026-03-30 19:13:47,898 - root - INFO - Fetched weather for Abaújkér: 7.4°C, Rain, humidity: 88%
2026-03-30 19:13:49,000 - root - INFO - [254/1205] Fetching weather for Boldogkőváralja...
2026-03-30 19:13:49,091 - root - INFO - Fetched weather for Boldogkőváralja: 7.2°C, Rain, humidity: 88%
2026-03-30 19:13:50,193 - root - INFO - [255/1205] Fetching weather for Korlát-Vizsoly...
2026-03-30 19:13:50,310 - root - INFO - Fetched weather for Korlát-Vizsoly: 7.1°C, Clouds, humidity: 89%
2026-03-30 19:13:51,412 - root - INFO - [256/1205] Fetching weather for Fony...
2026-03-30 19:13:51,516 - root - INFO - Fetched weather for Fony: 4.5°C, Clouds, humidity: 90%
2026-03-30 19:13:52,618 - root - INFO - [257/1205] Fetching weather for Hejce-Vilmány...
2026-03-30 19:13:52,719 - root - INFO - Fetched weather for Hejce-Vilmány: 4.5°C, Clouds, humidity: 90%
2026-03-30 19:13:53,821 - root - INFO - [258/1205] Fetching weather for Göncruszka...
2026-03-30 19:13:53,930 - root - INFO - Fetched weather for Göncruszka: 4.6°C, Clouds, humidity: 91%
2026-03-30 19:13:55,032 - root - INFO - [259/1205] Fetching weather for Gönc...
2026-03-30 19:13:55,130 - root - INFO - Fetched weather for Gönc: 4.5°C, Clouds, humidity: 91%
2026-03-30 19:13:56,232 - root - INFO - [260/1205] Fetching weather for Zsujta...
2026-03-30 19:13:56,328 - root - INFO - Fetched weather for Zsujta: 4.5°C, Clouds, humidity: 91%
2026-03-30 19:13:57,429 - root - INFO - [261/1205] Fetching weather for Bodrogkeresztúr...
2026-03-30 19:13:57,539 - root - INFO - Fetched weather for Bodrogkeresztúr: 7.6°C, Clouds, humidity: 86%
2026-03-30 19:13:58,641 - root - INFO - [262/1205] Fetching weather for Szegi...
2026-03-30 19:13:58,740 - root - INFO - Fetched weather for Szegi: 7.6°C, Clouds, humidity: 86%
2026-03-30 19:13:59,842 - root - INFO - [263/1205] Fetching weather for Erdőbénye...
2026-03-30 19:13:59,941 - root - INFO - Fetched weather for Erdőbénye: 7.6°C, Clouds, humidity: 86%
2026-03-30 19:14:01,043 - root - INFO - [264/1205] Fetching weather for Olaszliszka-Tolcsva...
2026-03-30 19:14:01,142 - root - INFO - Fetched weather for Olaszliszka-Tolcsva: 7.6°C, Rain, humidity: 86%
2026-03-30 19:14:02,244 - root - INFO - [265/1205] Fetching weather for Bodrogolaszi...
2026-03-30 19:14:02,379 - root - INFO - Fetched weather for Bodrogolaszi: 2.9°C, Clouds, humidity: 100%
2026-03-30 19:14:03,481 - root - INFO - [266/1205] Fetching weather for Sárospatak...
2026-03-30 19:14:03,571 - root - INFO - Fetched weather for Sárospatak: 2.9°C, Clouds, humidity: 100%
2026-03-30 19:14:04,673 - root - INFO - [267/1205] Fetching weather for Sátoraljaújhely...
2026-03-30 19:14:04,795 - root - INFO - Fetched weather for Sátoraljaújhely: 3.0°C, Rain, humidity: 100%
2026-03-30 19:14:05,897 - root - INFO - [268/1205] Fetching weather for Vecsés...
2026-03-30 19:14:06,012 - root - INFO - Fetched weather for Vecsés: 5.3°C, Clouds, humidity: 89%
2026-03-30 19:14:07,114 - root - INFO - [269/1205] Fetching weather for Vecsés-Kertekalja...
2026-03-30 19:14:07,219 - root - INFO - Fetched weather for Vecsés-Kertekalja: 5.3°C, Clouds, humidity: 89%
2026-03-30 19:14:08,321 - root - INFO - [270/1205] Fetching weather for Üllő...
2026-03-30 19:14:08,412 - root - INFO - Fetched weather for Üllő: 5.3°C, Clouds, humidity: 91%
2026-03-30 19:14:09,513 - root - INFO - [271/1205] Fetching weather for Monor...
2026-03-30 19:14:09,622 - root - INFO - Fetched weather for Monor: 5.5°C, Clouds, humidity: 96%
2026-03-30 19:14:10,724 - root - INFO - [272/1205] Fetching weather for Pilis...
2026-03-30 19:14:10,824 - root - INFO - Fetched weather for Pilis: 4.8°C, Clouds, humidity: 86%
2026-03-30 19:14:11,926 - root - INFO - [273/1205] Fetching weather for Albertirsa...
2026-03-30 19:14:12,046 - root - INFO - Fetched weather for Albertirsa: 4.8°C, Clouds, humidity: 90%
2026-03-30 19:14:13,147 - root - INFO - [274/1205] Fetching weather for Ceglédbercel-Cserő...
2026-03-30 19:14:13,253 - root - INFO - Fetched weather for Ceglédbercel-Cserő: 4.9°C, Clouds, humidity: 90%
2026-03-30 19:14:14,355 - root - INFO - [275/1205] Fetching weather for Cegléd...
2026-03-30 19:14:14,458 - root - INFO - Fetched weather for Cegléd: 5.0°C, Clouds, humidity: 90%
2026-03-30 19:14:15,560 - root - INFO - [276/1205] Fetching weather for Abony...
2026-03-30 19:14:15,656 - root - INFO - Fetched weather for Abony: 4.5°C, Clouds, humidity: 90%
2026-03-30 19:14:16,757 - root - INFO - [277/1205] Fetching weather for Szolnok...
2026-03-30 19:14:16,853 - root - INFO - Fetched weather for Szolnok: 4.7°C, Clouds, humidity: 91%
2026-03-30 19:14:17,955 - root - INFO - [278/1205] Fetching weather for Szajol...
2026-03-30 19:14:18,058 - root - INFO - Fetched weather for Szajol: 5.0°C, Clouds, humidity: 93%
2026-03-30 19:14:19,159 - root - INFO - [279/1205] Fetching weather for Törökszentmiklós...
2026-03-30 19:14:19,260 - root - INFO - Fetched weather for Törökszentmiklós: 5.0°C, Rain, humidity: 93%
2026-03-30 19:14:20,361 - root - INFO - [280/1205] Fetching weather for Rákoscsaba-Újtelep...
2026-03-30 19:14:20,466 - root - INFO - Fetched weather for Rákoscsaba-Újtelep: 5.3°C, Clouds, humidity: 87%
2026-03-30 19:14:21,568 - root - INFO - [281/1205] Fetching weather for Rákoscsaba...
2026-03-30 19:14:21,674 - root - INFO - Fetched weather for Rákoscsaba: 5.3°C, Clouds, humidity: 90%
2026-03-30 19:14:22,776 - root - INFO - [282/1205] Fetching weather for Pécel...
2026-03-30 19:14:22,880 - root - INFO - Fetched weather for Pécel: 5.2°C, Clouds, humidity: 92%
2026-03-30 19:14:23,982 - root - INFO - [283/1205] Fetching weather for Isaszeg...
2026-03-30 19:14:24,094 - root - INFO - Fetched weather for Isaszeg: 5.1°C, Clouds, humidity: 92%
2026-03-30 19:14:25,196 - root - INFO - [284/1205] Fetching weather for Gödöllő...
2026-03-30 19:14:25,303 - root - INFO - Fetched weather for Gödöllő: 4.9°C, Rain, humidity: 93%
2026-03-30 19:14:26,405 - root - INFO - [285/1205] Fetching weather for Máriabesnyő...
2026-03-30 19:14:26,514 - root - INFO - Fetched weather for Máriabesnyő: 5.0°C, Clouds, humidity: 96%
2026-03-30 19:14:27,616 - root - INFO - [286/1205] Fetching weather for Bag...
2026-03-30 19:14:27,715 - root - INFO - Fetched weather for Bag: 5.5°C, Clouds, humidity: 84%
2026-03-30 19:14:28,816 - root - INFO - [287/1205] Fetching weather for Aszód...
2026-03-30 19:14:28,909 - root - INFO - Fetched weather for Aszód: 5.6°C, Clouds, humidity: 84%
2026-03-30 19:14:30,011 - root - INFO - [288/1205] Fetching weather for Hévízgyörk...
2026-03-30 19:14:30,117 - root - INFO - Fetched weather for Hévízgyörk: 5.6°C, Clouds, humidity: 84%
2026-03-30 19:14:31,219 - root - INFO - [289/1205] Fetching weather for Galgahévíz...
2026-03-30 19:14:31,320 - root - INFO - Fetched weather for Galgahévíz: 5.6°C, Clouds, humidity: 85%
2026-03-30 19:14:32,422 - root - INFO - [290/1205] Fetching weather for Tura...
2026-03-30 19:14:32,513 - root - INFO - Fetched weather for Tura: 5.6°C, Clouds, humidity: 85%
2026-03-30 19:14:33,615 - root - INFO - [291/1205] Fetching weather for Hatvan...
2026-03-30 19:14:33,719 - root - INFO - Fetched weather for Hatvan: 6.6°C, Clouds, humidity: 84%
2026-03-30 19:14:34,821 - root - INFO - [292/1205] Fetching weather for Vámosgyörk...
2026-03-30 19:14:34,959 - root - INFO - Fetched weather for Vámosgyörk: 6.5°C, Clouds, humidity: 84%
2026-03-30 19:14:36,061 - root - INFO - [293/1205] Fetching weather for Adács...
2026-03-30 19:14:36,154 - root - INFO - Fetched weather for Adács: 6.5°C, Clouds, humidity: 83%
2026-03-30 19:14:37,256 - root - INFO - [294/1205] Fetching weather for Karácsond...
2026-03-30 19:14:37,361 - root - INFO - Fetched weather for Karácsond: 6.4°C, Clouds, humidity: 83%
2026-03-30 19:14:38,463 - root - INFO - [295/1205] Fetching weather for Ludas...
2026-03-30 19:14:38,565 - root - INFO - Fetched weather for Ludas: 6.6°C, Clouds, humidity: 83%
2026-03-30 19:14:39,667 - root - INFO - [296/1205] Fetching weather for Nagyút...
2026-03-30 19:14:39,783 - root - INFO - Fetched weather for Nagyút: 6.5°C, Clouds, humidity: 84%
2026-03-30 19:14:40,884 - root - INFO - [297/1205] Fetching weather for Kál-Kápolna...
2026-03-30 19:14:40,994 - root - INFO - Fetched weather for Kál-Kápolna: 6.5°C, Clouds, humidity: 85%
2026-03-30 19:14:42,096 - root - INFO - [298/1205] Fetching weather for Füzesabony...
2026-03-30 19:14:42,199 - root - INFO - Fetched weather for Füzesabony: 6.5°C, Clouds, humidity: 86%
2026-03-30 19:14:43,301 - root - INFO - [299/1205] Fetching weather for Szihalom...
2026-03-30 19:14:43,400 - root - INFO - Fetched weather for Szihalom: 7.4°C, Clouds, humidity: 87%
2026-03-30 19:14:44,501 - root - INFO - [300/1205] Fetching weather for Mezőkövesd...
2026-03-30 19:14:44,601 - root - INFO - Fetched weather for Mezőkövesd: 7.4°C, Clouds, humidity: 88%
2026-03-30 19:14:45,703 - root - INFO - [301/1205] Fetching weather for Mezőkövesd felső...
2026-03-30 19:14:45,808 - root - INFO - Fetched weather for Mezőkövesd felső: 7.4°C, Clouds, humidity: 88%
2026-03-30 19:14:46,910 - root - INFO - [302/1205] Fetching weather for Mezőkeresztes-Mezőnyárád...
2026-03-30 19:14:47,028 - root - INFO - Fetched weather for Mezőkeresztes-Mezőnyárád: 7.5°C, Clouds, humidity: 92%
2026-03-30 19:14:48,130 - root - INFO - [303/1205] Fetching weather for Csincse...
2026-03-30 19:14:48,222 - root - INFO - Fetched weather for Csincse: 7.6°C, Rain, humidity: 92%
2026-03-30 19:14:49,324 - root - INFO - [304/1205] Fetching weather for Emőd...
2026-03-30 19:14:49,440 - root - INFO - Fetched weather for Emőd: 7.6°C, Rain, humidity: 95%
2026-03-30 19:14:50,542 - root - INFO - [305/1205] Fetching weather for Nyékládháza...
2026-03-30 19:14:50,636 - root - INFO - Fetched weather for Nyékládháza: 7.8°C, Rain, humidity: 95%
2026-03-30 19:14:51,738 - root - INFO - [306/1205] Fetching weather for Miskolc-Tiszai...
2026-03-30 19:14:51,836 - root - INFO - Fetched weather for Miskolc-Tiszai: 8.2°C, Rain, humidity: 97%
2026-03-30 19:14:52,937 - root - INFO - [307/1205] Fetching weather for Felsőzsolca...
2026-03-30 19:14:53,048 - root - INFO - Fetched weather for Felsőzsolca: 8.0°C, Rain, humidity: 96%
2026-03-30 19:14:54,150 - root - INFO - [308/1205] Fetching weather for Hernádnémeti-Bőcs...
2026-03-30 19:14:54,250 - root - INFO - Fetched weather for Hernádnémeti-Bőcs: 7.4°C, Rain, humidity: 86%
2026-03-30 19:14:55,352 - root - INFO - [309/1205] Fetching weather for Tiszalúc...
2026-03-30 19:14:55,455 - root - INFO - Fetched weather for Tiszalúc: 7.5°C, Rain, humidity: 86%
2026-03-30 19:14:56,557 - root - INFO - [310/1205] Fetching weather for Taktaharkány...
2026-03-30 19:14:56,656 - root - INFO - Fetched weather for Taktaharkány: 7.6°C, Rain, humidity: 86%
2026-03-30 19:14:57,758 - root - INFO - [311/1205] Fetching weather for Taktaszada...
2026-03-30 19:14:57,853 - root - INFO - Fetched weather for Taktaszada: 7.7°C, Rain, humidity: 86%
2026-03-30 19:14:58,955 - root - INFO - [312/1205] Fetching weather for Szerencs...
2026-03-30 19:14:59,063 - root - INFO - Fetched weather for Szerencs: 7.6°C, Rain, humidity: 86%
2026-03-30 19:15:00,165 - root - INFO - [313/1205] Fetching weather for Mezőzombor...
2026-03-30 19:15:00,264 - root - INFO - Fetched weather for Mezőzombor: 7.6°C, Rain, humidity: 86%
2026-03-30 19:15:01,366 - root - INFO - [314/1205] Fetching weather for Tarcal...
2026-03-30 19:15:01,464 - root - INFO - Fetched weather for Tarcal: 7.7°C, Rain, humidity: 86%
2026-03-30 19:15:02,566 - root - INFO - [315/1205] Fetching weather for Tokaj...
2026-03-30 19:15:02,678 - root - INFO - Fetched weather for Tokaj: 7.6°C, Rain, humidity: 86%
2026-03-30 19:15:03,780 - root - INFO - [316/1205] Fetching weather for Rakamaz...
2026-03-30 19:15:03,881 - root - INFO - Fetched weather for Rakamaz: 7.6°C, Rain, humidity: 86%
2026-03-30 19:15:04,983 - root - INFO - [317/1205] Fetching weather for Görögszállás...
2026-03-30 19:15:05,085 - root - INFO - Fetched weather for Görögszállás: 7.6°C, Rain, humidity: 86%
2026-03-30 19:15:06,187 - root - INFO - [318/1205] Fetching weather for Nyírtelek...
2026-03-30 19:15:06,280 - root - INFO - Fetched weather for Nyírtelek: 7.6°C, Rain, humidity: 87%
2026-03-30 19:15:07,382 - root - INFO - [319/1205] Fetching weather for Rákoshegy...
2026-03-30 19:15:07,485 - root - INFO - Fetched weather for Rákoshegy: 5.2°C, Clouds, humidity: 87%
2026-03-30 19:15:08,587 - root - INFO - [320/1205] Fetching weather for Ecser...
2026-03-30 19:15:08,697 - root - INFO - Fetched weather for Ecser: 5.2°C, Clouds, humidity: 92%
2026-03-30 19:15:09,799 - root - INFO - [321/1205] Fetching weather for Maglód...
2026-03-30 19:15:09,922 - root - INFO - Fetched weather for Maglód: 5.2°C, Clouds, humidity: 92%
2026-03-30 19:15:11,024 - root - INFO - [322/1205] Fetching weather for Maglódi nyaraló...
2026-03-30 19:15:11,140 - root - INFO - Fetched weather for Maglódi nyaraló: 5.1°C, Clouds, humidity: 92%
2026-03-30 19:15:12,242 - root - INFO - [323/1205] Fetching weather for Gyömrő...
2026-03-30 19:15:12,359 - root - INFO - Fetched weather for Gyömrő: 5.1°C, Clouds, humidity: 92%
2026-03-30 19:15:13,461 - root - INFO - [324/1205] Fetching weather for Mende...
2026-03-30 19:15:13,551 - root - INFO - Fetched weather for Mende: 5.0°C, Clouds, humidity: 92%
2026-03-30 19:15:14,653 - root - INFO - [325/1205] Fetching weather for Szőlősnyaraló...
2026-03-30 19:15:14,757 - root - INFO - Fetched weather for Szőlősnyaraló: 5.4°C, Clouds, humidity: 96%
2026-03-30 19:15:15,859 - root - INFO - [326/1205] Fetching weather for Sülysáp...
2026-03-30 19:15:15,974 - root - INFO - Fetched weather for Sülysáp: 5.3°C, Clouds, humidity: 96%
2026-03-30 19:15:17,076 - root - INFO - [327/1205] Fetching weather for Tápiószecső...
2026-03-30 19:15:17,192 - root - INFO - Fetched weather for Tápiószecső: 5.1°C, Clouds, humidity: 86%
2026-03-30 19:15:18,293 - root - INFO - [328/1205] Fetching weather for Szentmártonkáta...
2026-03-30 19:15:18,395 - root - INFO - Fetched weather for Szentmártonkáta: 4.8°C, Clouds, humidity: 90%
2026-03-30 19:15:19,496 - root - INFO - [329/1205] Fetching weather for Nagykáta...
2026-03-30 19:15:19,598 - root - INFO - Fetched weather for Nagykáta: 4.9°C, Clouds, humidity: 90%
2026-03-30 19:15:20,700 - root - INFO - [330/1205] Fetching weather for Farmos...
2026-03-30 19:15:20,801 - root - INFO - Fetched weather for Farmos: 5.0°C, Clouds, humidity: 90%
2026-03-30 19:15:21,902 - root - INFO - [331/1205] Fetching weather for Tápiószele...
2026-03-30 19:15:22,022 - root - INFO - Fetched weather for Tápiószele: 5.0°C, Clouds, humidity: 90%
2026-03-30 19:15:23,123 - root - INFO - [332/1205] Fetching weather for Tápiógyörgye...
2026-03-30 19:15:23,233 - root - INFO - Fetched weather for Tápiógyörgye: 5.1°C, Clouds, humidity: 90%
2026-03-30 19:15:24,335 - root - INFO - [333/1205] Fetching weather for Újszász...
2026-03-30 19:15:24,454 - root - INFO - Fetched weather for Újszász: 5.1°C, Clouds, humidity: 90%
2026-03-30 19:15:25,556 - root - INFO - [334/1205] Fetching weather for Szurdokpüspöki...
2026-03-30 19:15:25,666 - root - INFO - Fetched weather for Szurdokpüspöki: 6.4°C, Clouds, humidity: 82%
2026-03-30 19:15:26,768 - root - INFO - [335/1205] Fetching weather for Lőrinci...
2026-03-30 19:15:26,870 - root - INFO - Fetched weather for Lőrinci: 6.5°C, Clouds, humidity: 83%
2026-03-30 19:15:27,972 - root - INFO - [336/1205] Fetching weather for Selyp...
2026-03-30 19:15:28,076 - root - INFO - Fetched weather for Selyp: 6.5°C, Clouds, humidity: 83%
2026-03-30 19:15:29,177 - root - INFO - [337/1205] Fetching weather for Apc-Zagyvaszántó...
2026-03-30 19:15:29,277 - root - INFO - Fetched weather for Apc-Zagyvaszántó: 6.5°C, Clouds, humidity: 83%
2026-03-30 19:15:30,378 - root - INFO - [338/1205] Fetching weather for Pásztó...
2026-03-30 19:15:30,480 - root - INFO - Fetched weather for Pásztó: 6.3°C, Clouds, humidity: 82%
2026-03-30 19:15:31,582 - root - INFO - [339/1205] Fetching weather for Mátraszőlős-Hasznos...
2026-03-30 19:15:31,687 - root - INFO - Fetched weather for Mátraszőlős-Hasznos: 6.3°C, Clouds, humidity: 82%
2026-03-30 19:15:32,788 - root - INFO - [340/1205] Fetching weather for Tar...
2026-03-30 19:15:32,878 - root - INFO - Fetched weather for Tar: 5.9°C, Clouds, humidity: 82%
2026-03-30 19:15:33,979 - root - INFO - [341/1205] Fetching weather for Mátraverebély...
2026-03-30 19:15:34,081 - root - INFO - Fetched weather for Mátraverebély: 7.3°C, Clouds, humidity: 82%
2026-03-30 19:15:35,183 - root - INFO - [342/1205] Fetching weather for Nagybátony...
2026-03-30 19:15:35,279 - root - INFO - Fetched weather for Nagybátony: 7.5°C, Clouds, humidity: 81%
2026-03-30 19:15:36,380 - root - INFO - [343/1205] Fetching weather for Kisterenye...
2026-03-30 19:15:36,478 - root - INFO - Fetched weather for Kisterenye: 7.5°C, Clouds, humidity: 81%
2026-03-30 19:15:37,580 - root - INFO - [344/1205] Fetching weather for Kisterenye-Bányatelep...
2026-03-30 19:15:37,707 - root - INFO - Fetched weather for Kisterenye-Bányatelep: 7.5°C, Clouds, humidity: 81%
2026-03-30 19:15:38,808 - root - INFO - [345/1205] Fetching weather for Salgótarján külső...
2026-03-30 19:15:38,910 - root - INFO - Fetched weather for Salgótarján külső: 7.3°C, Clouds, humidity: 82%
2026-03-30 19:15:40,012 - root - INFO - [346/1205] Fetching weather for Balatonfenyves GV...
2026-03-30 19:15:40,107 - root - INFO - Fetched weather for Balatonfenyves GV: 5.1°C, Clouds, humidity: 74%
2026-03-30 19:15:41,208 - root - INFO - [347/1205] Fetching weather for Várhegyalja...
2026-03-30 19:15:41,311 - root - INFO - Fetched weather for Várhegyalja: 6.7°C, Clouds, humidity: 75%
2026-03-30 19:15:42,413 - root - INFO - [348/1205] Fetching weather for Imremajor...
2026-03-30 19:15:42,506 - root - INFO - Fetched weather for Imremajor: 5.1°C, Clouds, humidity: 75%
2026-03-30 19:15:43,608 - root - INFO - [349/1205] Fetching weather for Rákospalota-Kertváros...
2026-03-30 19:15:43,711 - root - INFO - Fetched weather for Rákospalota-Kertváros: 5.5°C, Clouds, humidity: 85%
2026-03-30 19:15:44,812 - root - INFO - [350/1205] Fetching weather for Vicziántelep...
2026-03-30 19:15:44,918 - root - INFO - Fetched weather for Vicziántelep: 5.0°C, Rain, humidity: 84%
2026-03-30 19:15:46,020 - root - INFO - [351/1205] Fetching weather for Pálmajor...
2026-03-30 19:15:46,127 - root - INFO - Fetched weather for Pálmajor: 5.1°C, Clouds, humidity: 77%
2026-03-30 19:15:47,229 - root - INFO - [352/1205] Fetching weather for Somogyszentpál felső...
2026-03-30 19:15:47,323 - root - INFO - Fetched weather for Somogyszentpál felső: 5.1°C, Clouds, humidity: 76%
2026-03-30 19:15:48,425 - root - INFO - [353/1205] Fetching weather for Somogyszentpál...
2026-03-30 19:15:48,525 - root - INFO - Fetched weather for Somogyszentpál: 5.1°C, Clouds, humidity: 76%
2026-03-30 19:15:49,626 - root - INFO - [354/1205] Fetching weather for Rudnaykert...
2026-03-30 19:15:49,764 - root - INFO - Fetched weather for Rudnaykert: 5.4°C, Clouds, humidity: 83%
2026-03-30 19:15:50,866 - root - INFO - [355/1205] Fetching weather for Maroshegy...
2026-03-30 19:15:50,966 - root - INFO - Fetched weather for Maroshegy: 6.7°C, Rain, humidity: 74%
2026-03-30 19:15:52,068 - root - INFO - [356/1205] Fetching weather for Bánhida...
2026-03-30 19:15:52,170 - root - INFO - Fetched weather for Bánhida: 6.4°C, Rain, humidity: 77%
2026-03-30 19:15:53,272 - root - INFO - [357/1205] Fetching weather for Magyarkút...
2026-03-30 19:15:53,382 - root - INFO - Fetched weather for Magyarkút: 5.9°C, Clouds, humidity: 81%
2026-03-30 19:15:54,484 - root - INFO - [358/1205] Fetching weather for Becske alsó...
2026-03-30 19:15:54,586 - root - INFO - Fetched weather for Becske alsó: 5.5°C, Clouds, humidity: 82%
2026-03-30 19:15:55,688 - root - INFO - [359/1205] Fetching weather for Hosszúberek-Péteri...
2026-03-30 19:15:55,795 - root - INFO - Fetched weather for Hosszúberek-Péteri: 5.3°C, Clouds, humidity: 91%
2026-03-30 19:15:56,897 - root - INFO - [360/1205] Fetching weather for Monorierdő...
2026-03-30 19:15:57,000 - root - INFO - Fetched weather for Monorierdő: 5.2°C, Clouds, humidity: 86%
2026-03-30 19:15:58,102 - root - INFO - [361/1205] Fetching weather for Ceglédbercel...
2026-03-30 19:15:58,205 - root - INFO - Fetched weather for Ceglédbercel: 4.9°C, Clouds, humidity: 90%
2026-03-30 19:15:59,307 - root - INFO - [362/1205] Fetching weather for Budai út...
2026-03-30 19:15:59,405 - root - INFO - Fetched weather for Budai út: 4.9°C, Clouds, humidity: 90%
2026-03-30 19:16:00,506 - root - INFO - [363/1205] Fetching weather for Büdöskútpuszta...
2026-03-30 19:16:00,607 - root - INFO - Fetched weather for Büdöskútpuszta: 6.3°C, Rain, humidity: 87%
2026-03-30 19:16:01,709 - root - INFO - [364/1205] Fetching weather for Bánrévei Vízmű...
2026-03-30 19:16:01,829 - root - INFO - Fetched weather for Bánrévei Vízmű: 7.9°C, Rain, humidity: 87%
2026-03-30 19:16:02,931 - root - INFO - [365/1205] Fetching weather for Rákoskert...
2026-03-30 19:16:03,042 - root - INFO - Fetched weather for Rákoskert: 5.1°C, Clouds, humidity: 91%
2026-03-30 19:16:04,144 - root - INFO - [366/1205] Fetching weather for Szirmabesenyő...
2026-03-30 19:16:04,238 - root - INFO - Fetched weather for Szirmabesenyő: 8.4°C, Rain, humidity: 100%
2026-03-30 19:16:05,340 - root - INFO - [367/1205] Fetching weather for Kitérőgyár...
2026-03-30 19:16:05,450 - root - INFO - Fetched weather for Kitérőgyár: 6.3°C, Clouds, humidity: 82%
2026-03-30 19:16:06,552 - root - INFO - [368/1205] Fetching weather for Tápiószentmárton...
2026-03-30 19:16:06,680 - root - INFO - Fetched weather for Tápiószentmárton: 5.0°C, Clouds, humidity: 90%
2026-03-30 19:16:07,782 - root - INFO - [369/1205] Fetching weather for Zagyvarékas...
2026-03-30 19:16:07,884 - root - INFO - Fetched weather for Zagyvarékas: 4.7°C, Clouds, humidity: 91%
2026-03-30 19:16:08,986 - root - INFO - [370/1205] Fetching weather for Abonyi út...
2026-03-30 19:16:09,076 - root - INFO - Fetched weather for Abonyi út: 4.7°C, Clouds, humidity: 91%
2026-03-30 19:16:10,178 - root - INFO - [371/1205] Fetching weather for Jászkisér felső...
2026-03-30 19:16:10,271 - root - INFO - Fetched weather for Jászkisér felső: 5.6°C, Clouds, humidity: 87%
2026-03-30 19:16:11,373 - root - INFO - [372/1205] Fetching weather for Szellőhát...
2026-03-30 19:16:11,473 - root - INFO - Fetched weather for Szellőhát: 5.1°C, Clouds, humidity: 88%
2026-03-30 19:16:12,575 - root - INFO - [373/1205] Fetching weather for Szilvásvárad-Szalajkavölgy...
2026-03-30 19:16:12,683 - root - INFO - Fetched weather for Szilvásvárad-Szalajkavölgy: 6.5°C, Rain, humidity: 66%
2026-03-30 19:16:13,785 - root - INFO - [374/1205] Fetching weather for Vásárosnamény külső...
2026-03-30 19:16:13,898 - root - INFO - Fetched weather for Vásárosnamény külső: 6.4°C, Rain, humidity: 88%
2026-03-30 19:16:14,999 - root - INFO - [375/1205] Fetching weather for Újváros...
2026-03-30 19:16:15,105 - root - INFO - Fetched weather for Újváros: 6.7°C, Rain, humidity: 88%
2026-03-30 19:16:16,207 - root - INFO - [376/1205] Fetching weather for Városi park...
2026-03-30 19:16:16,300 - root - INFO - Fetched weather for Városi park: 5.5°C, Clouds, humidity: 96%
2026-03-30 19:16:17,402 - root - INFO - [377/1205] Fetching weather for Belsőkamaráspuszta...
2026-03-30 19:16:17,493 - root - INFO - Fetched weather for Belsőkamaráspuszta: 5.0°C, Rain, humidity: 97%
2026-03-30 19:16:18,595 - root - INFO - [378/1205] Fetching weather for Sajószöged...
2026-03-30 19:16:18,686 - root - INFO - Fetched weather for Sajószöged: 7.5°C, Rain, humidity: 92%
2026-03-30 19:16:19,787 - root - INFO - [379/1205] Fetching weather for Kazincbarcika alsó...
2026-03-30 19:16:19,886 - root - INFO - Fetched weather for Kazincbarcika alsó: 8.5°C, Rain, humidity: 87%
2026-03-30 19:16:20,988 - root - INFO - [380/1205] Fetching weather for Nyárjas...
2026-03-30 19:16:21,082 - root - INFO - Fetched weather for Nyárjas: 5.0°C, Clouds, humidity: 87%
2026-03-30 19:16:22,184 - root - INFO - [381/1205] Fetching weather for Pogonyipuszta...
2026-03-30 19:16:22,307 - root - INFO - Fetched weather for Pogonyipuszta: 8.0°C, Rain, humidity: 87%
2026-03-30 19:16:23,409 - root - INFO - [382/1205] Fetching weather for Sióvölgy...
2026-03-30 19:16:23,502 - root - INFO - Fetched weather for Sióvölgy: 7.2°C, Clouds, humidity: 69%
2026-03-30 19:16:24,603 - root - INFO - [383/1205] Fetching weather for Répáspuszta...
2026-03-30 19:16:24,709 - root - INFO - Fetched weather for Répáspuszta: 6.3°C, Clouds, humidity: 80%
2026-03-30 19:16:25,810 - root - INFO - [384/1205] Fetching weather for Virányos...
2026-03-30 19:16:25,922 - root - INFO - Fetched weather for Virányos: 7.6°C, Rain, humidity: 86%
2026-03-30 19:16:27,024 - root - INFO - [385/1205] Fetching weather for Füzesbokor...
2026-03-30 19:16:27,134 - root - INFO - Fetched weather for Füzesbokor: 7.6°C, Rain, humidity: 87%
2026-03-30 19:16:28,236 - root - INFO - [386/1205] Fetching weather for Kunfehértó...
2026-03-30 19:16:28,338 - root - INFO - Fetched weather for Kunfehértó: 5.7°C, Clouds, humidity: 88%
2026-03-30 19:16:29,439 - root - INFO - [387/1205] Fetching weather for Erdőszél...
2026-03-30 19:16:29,534 - root - INFO - Fetched weather for Erdőszél: 5.6°C, Clouds, humidity: 88%
2026-03-30 19:16:30,636 - root - INFO - [388/1205] Fetching weather for Jánoshalma...
2026-03-30 19:16:30,738 - root - INFO - Fetched weather for Jánoshalma: 5.7°C, Clouds, humidity: 88%
2026-03-30 19:16:31,840 - root - INFO - [389/1205] Fetching weather for Mélykút...
2026-03-30 19:16:31,939 - root - INFO - Fetched weather for Mélykút: 5.6°C, Clouds, humidity: 88%
2026-03-30 19:16:33,041 - root - INFO - [390/1205] Fetching weather for Bácsalmás...
2026-03-30 19:16:33,145 - root - INFO - Fetched weather for Bácsalmás: 5.6°C, Clouds, humidity: 89%
2026-03-30 19:16:34,247 - root - INFO - [391/1205] Fetching weather for Almás...
2026-03-30 19:16:34,353 - root - INFO - Fetched weather for Almás: 5.6°C, Clouds, humidity: 89%
2026-03-30 19:16:35,455 - root - INFO - [392/1205] Fetching weather for Bácsbokod-Bácsborsód...
2026-03-30 19:16:35,547 - root - INFO - Fetched weather for Bácsbokod-Bácsborsód: 5.7°C, Clouds, humidity: 87%
2026-03-30 19:16:36,649 - root - INFO - [393/1205] Fetching weather for Baja...
2026-03-30 19:16:36,741 - root - INFO - Fetched weather for Baja: 6.0°C, Clouds, humidity: 86%
2026-03-30 19:16:37,843 - root - INFO - [394/1205] Fetching weather for Harkakötöny...
2026-03-30 19:16:37,939 - root - INFO - Fetched weather for Harkakötöny: 7.1°C, Clouds, humidity: 89%
2026-03-30 19:16:39,041 - root - INFO - [395/1205] Fetching weather for Tajó...
2026-03-30 19:16:39,146 - root - INFO - Fetched weather for Tajó: 7.1°C, Clouds, humidity: 90%
2026-03-30 19:16:40,248 - root - INFO - [396/1205] Fetching weather for Kiskunmajsa...
2026-03-30 19:16:40,352 - root - INFO - Fetched weather for Kiskunmajsa: 7.1°C, Clouds, humidity: 90%
2026-03-30 19:16:41,454 - root - INFO - [397/1205] Fetching weather for Jászszentlászló...
2026-03-30 19:16:41,548 - root - INFO - Fetched weather for Jászszentlászló: 5.5°C, Clouds, humidity: 96%
2026-03-30 19:16:42,649 - root - INFO - [398/1205] Fetching weather for Galambos...
2026-03-30 19:16:42,743 - root - INFO - Fetched weather for Galambos: 5.5°C, Clouds, humidity: 96%
2026-03-30 19:16:43,845 - root - INFO - [399/1205] Fetching weather for Pestszentimre...
2026-03-30 19:16:43,942 - root - INFO - Fetched weather for Pestszentimre: 5.5°C, Clouds, humidity: 86%
2026-03-30 19:16:45,043 - root - INFO - [400/1205] Fetching weather for Gyál felső...
2026-03-30 19:16:45,146 - root - INFO - Fetched weather for Gyál felső: 5.5°C, Clouds, humidity: 87%
2026-03-30 19:16:46,247 - root - INFO - [401/1205] Fetching weather for Gyál...
2026-03-30 19:16:46,350 - root - INFO - Fetched weather for Gyál: 5.4°C, Clouds, humidity: 87%
2026-03-30 19:16:47,451 - root - INFO - [402/1205] Fetching weather for Ócsa...
2026-03-30 19:16:47,548 - root - INFO - Fetched weather for Ócsa: 5.4°C, Clouds, humidity: 90%
2026-03-30 19:16:48,650 - root - INFO - [403/1205] Fetching weather for Inárcs-Kakucs...
2026-03-30 19:16:48,743 - root - INFO - Fetched weather for Inárcs-Kakucs: 5.2°C, Clouds, humidity: 85%
2026-03-30 19:16:49,844 - root - INFO - [404/1205] Fetching weather for Dabas...
2026-03-30 19:16:49,939 - root - INFO - Fetched weather for Dabas: 5.2°C, Clouds, humidity: 85%
2026-03-30 19:16:51,041 - root - INFO - [405/1205] Fetching weather for Gyón...
2026-03-30 19:16:51,151 - root - INFO - Fetched weather for Gyón: 5.2°C, Clouds, humidity: 85%
2026-03-30 19:16:52,252 - root - INFO - [406/1205] Fetching weather for Hernád...
2026-03-30 19:16:52,345 - root - INFO - Fetched weather for Hernád: 6.4°C, Clouds, humidity: 86%
2026-03-30 19:16:53,447 - root - INFO - [407/1205] Fetching weather for Bakonygyirót...
2026-03-30 19:16:53,551 - root - INFO - Fetched weather for Bakonygyirót: 5.6°C, Clouds, humidity: 72%
2026-03-30 19:16:54,653 - root - INFO - [408/1205] Fetching weather for Vinye...
2026-03-30 19:16:54,769 - root - INFO - Fetched weather for Vinye: 6.0°C, Clouds, humidity: 72%
2026-03-30 19:16:55,871 - root - INFO - [409/1205] Fetching weather for Nemesgörzsöny...
2026-03-30 19:16:55,969 - root - INFO - Fetched weather for Nemesgörzsöny: 7.2°C, Clear, humidity: 70%
2026-03-30 19:16:57,071 - root - INFO - [410/1205] Fetching weather for Rábahíd...
2026-03-30 19:16:57,170 - root - INFO - Fetched weather for Rábahíd: 7.2°C, Clear, humidity: 70%
2026-03-30 19:16:58,272 - root - INFO - [411/1205] Fetching weather for Öskü...
2026-03-30 19:16:58,363 - root - INFO - Fetched weather for Öskü: 6.9°C, Clouds, humidity: 69%
2026-03-30 19:16:59,465 - root - INFO - [412/1205] Fetching weather for Márkó...
2026-03-30 19:16:59,561 - root - INFO - Fetched weather for Márkó: 7.6°C, Clouds, humidity: 60%
2026-03-30 19:17:00,663 - root - INFO - [413/1205] Fetching weather for Nemeskocs...
2026-03-30 19:17:00,778 - root - INFO - Fetched weather for Nemeskocs: 7.1°C, Clouds, humidity: 70%
2026-03-30 19:17:01,880 - root - INFO - [414/1205] Fetching weather for Zalagyömörő...
2026-03-30 19:17:01,993 - root - INFO - Fetched weather for Zalagyömörő: 6.8°C, Clouds, humidity: 72%
2026-03-30 19:17:03,095 - root - INFO - [415/1205] Fetching weather for Rigács...
2026-03-30 19:17:03,199 - root - INFO - Fetched weather for Rigács: 6.8°C, Clouds, humidity: 71%
2026-03-30 19:17:04,301 - root - INFO - [416/1205] Fetching weather for Kemenespálfa...
2026-03-30 19:17:04,399 - root - INFO - Fetched weather for Kemenespálfa: 6.8°C, Clouds, humidity: 71%
2026-03-30 19:17:05,501 - root - INFO - [417/1205] Fetching weather for Lentiszombathely...
2026-03-30 19:17:05,596 - root - INFO - Fetched weather for Lentiszombathely: 7.3°C, Clouds, humidity: 73%
2026-03-30 19:17:06,698 - root - INFO - [418/1205] Fetching weather for Ortaháza...
2026-03-30 19:17:06,793 - root - INFO - Fetched weather for Ortaháza: 6.6°C, Clouds, humidity: 75%
2026-03-30 19:17:07,895 - root - INFO - [419/1205] Fetching weather for Rádiháza...
2026-03-30 19:17:07,998 - root - INFO - Fetched weather for Rádiháza: 6.6°C, Clouds, humidity: 76%
2026-03-30 19:17:09,100 - root - INFO - [420/1205] Fetching weather for Baktüttös...
2026-03-30 19:17:09,207 - root - INFO - Fetched weather for Baktüttös: 4.6°C, Clouds, humidity: 78%
2026-03-30 19:17:10,309 - root - INFO - [421/1205] Fetching weather for Budafa...
2026-03-30 19:17:10,401 - root - INFO - Fetched weather for Budafa: 6.7°C, Clouds, humidity: 75%
2026-03-30 19:17:11,503 - root - INFO - [422/1205] Fetching weather for Zalapatakalja...
2026-03-30 19:17:11,607 - root - INFO - Fetched weather for Zalapatakalja: 6.7°C, Clouds, humidity: 74%
2026-03-30 19:17:12,709 - root - INFO - [423/1205] Fetching weather for Tormásliget...
2026-03-30 19:17:12,805 - root - INFO - Fetched weather for Tormásliget: 5.9°C, Clouds, humidity: 69%
2026-03-30 19:17:13,907 - root - INFO - [424/1205] Fetching weather for Belecska...
2026-03-30 19:17:14,018 - root - INFO - Fetched weather for Belecska: 6.6°C, Clouds, humidity: 76%
2026-03-30 19:17:15,120 - root - INFO - [425/1205] Fetching weather for Almár...
2026-03-30 19:17:15,220 - root - INFO - Fetched weather for Almár: 7.7°C, Clouds, humidity: 66%
2026-03-30 19:17:16,322 - root - INFO - [426/1205] Fetching weather for Vasútmúzeum...
2026-03-30 19:17:16,427 - root - INFO - Fetched weather for Vasútmúzeum: 5.5°C, Rain, humidity: 84%
2026-03-30 19:17:17,528 - root - INFO - [427/1205] Fetching weather for Abda...
2026-03-30 19:17:17,625 - root - INFO - Fetched weather for Abda: 6.1°C, Clouds, humidity: 71%
2026-03-30 19:17:18,727 - root - INFO - [428/1205] Fetching weather for Vadaspark...
2026-03-30 19:17:18,825 - root - INFO - Fetched weather for Vadaspark: 3.9°C, Rain, humidity: 84%
2026-03-30 19:17:19,927 - root - INFO - [429/1205] Fetching weather for Barosstelep...
2026-03-30 19:17:20,018 - root - INFO - Fetched weather for Barosstelep: 5.9°C, Rain, humidity: 81%
2026-03-30 19:17:21,120 - root - INFO - [430/1205] Fetching weather for Fegyvernek-Örményes...
2026-03-30 19:17:21,222 - root - INFO - Fetched weather for Fegyvernek-Örményes: 5.0°C, Clouds, humidity: 90%
2026-03-30 19:17:22,324 - root - INFO - [431/1205] Fetching weather for Zagyvapálfalva...
2026-03-30 19:17:22,422 - root - INFO - Fetched weather for Zagyvapálfalva: 7.2°C, Clouds, humidity: 82%
2026-03-30 19:17:23,524 - root - INFO - [432/1205] Fetching weather for Salgótarján...
2026-03-30 19:17:23,623 - root - INFO - Fetched weather for Salgótarján: 7.1°C, Clouds, humidity: 82%
2026-03-30 19:17:24,725 - root - INFO - [433/1205] Fetching weather for Szabadisóstó...
2026-03-30 19:17:24,828 - root - INFO - Fetched weather for Szabadisóstó: 7.2°C, Clouds, humidity: 69%
2026-03-30 19:17:25,930 - root - INFO - [434/1205] Fetching weather for Siófok...
2026-03-30 19:17:26,026 - root - INFO - Fetched weather for Siófok: 7.2°C, Clouds, humidity: 69%
2026-03-30 19:17:27,128 - root - INFO - [435/1205] Fetching weather for Balatonszéplak felső...
2026-03-30 19:17:27,233 - root - INFO - Fetched weather for Balatonszéplak felső: 7.2°C, Clouds, humidity: 69%
2026-03-30 19:17:28,334 - root - INFO - [436/1205] Fetching weather for Balatonszéplak alsó...
2026-03-30 19:17:28,438 - root - INFO - Fetched weather for Balatonszéplak alsó: 7.2°C, Clouds, humidity: 69%
2026-03-30 19:17:29,540 - root - INFO - [437/1205] Fetching weather for Zamárdi felső...
2026-03-30 19:17:29,651 - root - INFO - Fetched weather for Zamárdi felső: 7.2°C, Clouds, humidity: 60%
2026-03-30 19:17:30,753 - root - INFO - [438/1205] Fetching weather for Zamárdi...
2026-03-30 19:17:30,851 - root - INFO - Fetched weather for Zamárdi: 7.1°C, Clouds, humidity: 60%
2026-03-30 19:17:31,953 - root - INFO - [439/1205] Fetching weather for Szántód...
2026-03-30 19:17:32,045 - root - INFO - Fetched weather for Szántód: 7.2°C, Clouds, humidity: 59%
2026-03-30 19:17:33,147 - root - INFO - [440/1205] Fetching weather for Szőny-Déli...
2026-03-30 19:17:33,247 - root - INFO - Fetched weather for Szőny-Déli: 6.1°C, Clouds, humidity: 72%
2026-03-30 19:17:34,349 - root - INFO - [441/1205] Fetching weather for Várpalota...
2026-03-30 19:17:34,454 - root - INFO - Fetched weather for Várpalota: 6.2°C, Clouds, humidity: 71%
2026-03-30 19:17:35,556 - root - INFO - [442/1205] Fetching weather for Pétfürdő...
2026-03-30 19:17:35,658 - root - INFO - Fetched weather for Pétfürdő: 7.0°C, Clouds, humidity: 70%
2026-03-30 19:17:36,760 - root - INFO - [443/1205] Fetching weather for Hajmáskér...
2026-03-30 19:17:36,861 - root - INFO - Fetched weather for Hajmáskér: 6.8°C, Clouds, humidity: 69%
2026-03-30 19:17:37,963 - root - INFO - [444/1205] Fetching weather for Veszprém...
2026-03-30 19:17:38,065 - root - INFO - Fetched weather for Veszprém: 7.8°C, Clouds, humidity: 60%
2026-03-30 19:17:39,167 - root - INFO - [445/1205] Fetching weather for Herend...
2026-03-30 19:17:39,268 - root - INFO - Fetched weather for Herend: 7.4°C, Clouds, humidity: 60%
2026-03-30 19:17:40,370 - root - INFO - [446/1205] Fetching weather for Városlőd...
2026-03-30 19:17:40,465 - root - INFO - Fetched weather for Városlőd: 7.5°C, Clouds, humidity: 60%
2026-03-30 19:17:41,567 - root - INFO - [447/1205] Fetching weather for Városlőd-Kislőd...
2026-03-30 19:17:41,667 - root - INFO - Fetched weather for Városlőd-Kislőd: 7.7°C, Clouds, humidity: 60%
2026-03-30 19:17:42,769 - root - INFO - [448/1205] Fetching weather for Ajka...
2026-03-30 19:17:42,883 - root - INFO - Fetched weather for Ajka: 8.0°C, Clouds, humidity: 60%
2026-03-30 19:17:43,985 - root - INFO - [449/1205] Fetching weather for Ajka-Gyártelep...
2026-03-30 19:17:44,083 - root - INFO - Fetched weather for Ajka-Gyártelep: 8.0°C, Clouds, humidity: 60%
2026-03-30 19:17:45,185 - root - INFO - [450/1205] Fetching weather for Devecser...
2026-03-30 19:17:45,296 - root - INFO - Fetched weather for Devecser: 8.4°C, Clouds, humidity: 60%
2026-03-30 19:17:46,397 - root - INFO - [451/1205] Fetching weather for Somlóvásárhely...
2026-03-30 19:17:46,495 - root - INFO - Fetched weather for Somlóvásárhely: 8.5°C, Clouds, humidity: 70%
2026-03-30 19:17:47,597 - root - INFO - [452/1205] Fetching weather for Tüskevár...
2026-03-30 19:17:47,693 - root - INFO - Fetched weather for Tüskevár: 8.6°C, Clouds, humidity: 70%
2026-03-30 19:17:48,795 - root - INFO - [453/1205] Fetching weather for Karakószörcsök...
2026-03-30 19:17:48,889 - root - INFO - Fetched weather for Karakószörcsök: 6.8°C, Clouds, humidity: 70%
2026-03-30 19:17:49,991 - root - INFO - [454/1205] Fetching weather for Kerta...
2026-03-30 19:17:50,092 - root - INFO - Fetched weather for Kerta: 6.9°C, Clouds, humidity: 70%
2026-03-30 19:17:51,194 - root - INFO - [455/1205] Fetching weather for Boba...
2026-03-30 19:17:51,309 - root - INFO - Fetched weather for Boba: 6.8°C, Clouds, humidity: 70%
2026-03-30 19:17:52,411 - root - INFO - [456/1205] Fetching weather for Börgönd...
2026-03-30 19:17:52,506 - root - INFO - Fetched weather for Börgönd: 6.6°C, Rain, humidity: 76%
2026-03-30 19:17:53,607 - root - INFO - [457/1205] Fetching weather for Belsőbáránd...
2026-03-30 19:17:53,708 - root - INFO - Fetched weather for Belsőbáránd: 6.5°C, Rain, humidity: 75%
2026-03-30 19:17:54,809 - root - INFO - [458/1205] Fetching weather for Zichyújfalu...
2026-03-30 19:17:54,910 - root - INFO - Fetched weather for Zichyújfalu: 6.5°C, Clouds, humidity: 79%
2026-03-30 19:17:56,011 - root - INFO - [459/1205] Fetching weather for Seregélyes...
2026-03-30 19:17:56,104 - root - INFO - Fetched weather for Seregélyes: 6.7°C, Clouds, humidity: 77%
2026-03-30 19:17:57,206 - root - INFO - [460/1205] Fetching weather for Polgárdi-Ipartelepek...
2026-03-30 19:17:57,309 - root - INFO - Fetched weather for Polgárdi-Ipartelepek: 6.8°C, Clouds, humidity: 71%
2026-03-30 19:17:58,411 - root - INFO - [461/1205] Fetching weather for Polgárdi...
2026-03-30 19:17:58,503 - root - INFO - Fetched weather for Polgárdi: 6.8°C, Clouds, humidity: 71%
2026-03-30 19:17:59,605 - root - INFO - [462/1205] Fetching weather for Füle...
2026-03-30 19:17:59,697 - root - INFO - Fetched weather for Füle: 6.8°C, Clouds, humidity: 70%
2026-03-30 19:18:00,799 - root - INFO - [463/1205] Fetching weather for Zánka-Erzsébettábor...
2026-03-30 19:18:00,897 - root - INFO - Fetched weather for Zánka-Erzsébettábor: 7.5°C, Clouds, humidity: 52%
2026-03-30 19:18:01,999 - root - INFO - [464/1205] Fetching weather for Csajág...
2026-03-30 19:18:02,100 - root - INFO - Fetched weather for Csajág: 7.0°C, Clouds, humidity: 69%
2026-03-30 19:18:03,202 - root - INFO - [465/1205] Fetching weather for Balatonakarattya...
2026-03-30 19:18:03,292 - root - INFO - Fetched weather for Balatonakarattya: 6.9°C, Clouds, humidity: 69%
2026-03-30 19:18:04,394 - root - INFO - [466/1205] Fetching weather for Csittényhegy...
2026-03-30 19:18:04,495 - root - INFO - Fetched weather for Csittényhegy: 7.1°C, Clouds, humidity: 69%
2026-03-30 19:18:05,596 - root - INFO - [467/1205] Fetching weather for Balatonkenese...
2026-03-30 19:18:05,692 - root - INFO - Fetched weather for Balatonkenese: 7.2°C, Clouds, humidity: 69%
2026-03-30 19:18:06,794 - root - INFO - [468/1205] Fetching weather for Balatonfűzfő...
2026-03-30 19:18:06,891 - root - INFO - Fetched weather for Balatonfűzfő: 7.2°C, Clouds, humidity: 62%
2026-03-30 19:18:07,993 - root - INFO - [469/1205] Fetching weather for Balatonalmádi...
2026-03-30 19:18:08,107 - root - INFO - Fetched weather for Balatonalmádi: 7.2°C, Clouds, humidity: 61%
2026-03-30 19:18:09,209 - root - INFO - [470/1205] Fetching weather for Káptalanfüred...
2026-03-30 19:18:09,307 - root - INFO - Fetched weather for Káptalanfüred: 7.2°C, Clouds, humidity: 61%
2026-03-30 19:18:10,409 - root - INFO - [471/1205] Fetching weather for Alsóörs...
2026-03-30 19:18:10,499 - root - INFO - Fetched weather for Alsóörs: 7.2°C, Clouds, humidity: 60%
2026-03-30 19:18:11,601 - root - INFO - [472/1205] Fetching weather for Csopak...
2026-03-30 19:18:11,720 - root - INFO - Fetched weather for Csopak: 7.1°C, Clouds, humidity: 59%
2026-03-30 19:18:12,822 - root - INFO - [473/1205] Fetching weather for Balatonarács...
2026-03-30 19:18:12,938 - root - INFO - Fetched weather for Balatonarács: 7.0°C, Clouds, humidity: 57%
2026-03-30 19:18:14,039 - root - INFO - [474/1205] Fetching weather for Balatonfüred...
2026-03-30 19:18:14,167 - root - INFO - Fetched weather for Balatonfüred: 7.0°C, Clouds, humidity: 56%
2026-03-30 19:18:15,269 - root - INFO - [475/1205] Fetching weather for Aszófő...
2026-03-30 19:18:15,385 - root - INFO - Fetched weather for Aszófő: 7.1°C, Clouds, humidity: 53%
2026-03-30 19:18:16,487 - root - INFO - [476/1205] Fetching weather for Örvényes...
2026-03-30 19:18:16,590 - root - INFO - Fetched weather for Örvényes: 7.2°C, Clouds, humidity: 52%
2026-03-30 19:18:17,692 - root - INFO - [477/1205] Fetching weather for Balatonudvari...
2026-03-30 19:18:17,784 - root - INFO - Fetched weather for Balatonudvari: 7.2°C, Clouds, humidity: 52%
2026-03-30 19:18:18,886 - root - INFO - [478/1205] Fetching weather for Fövenyes...
2026-03-30 19:18:18,978 - root - INFO - Fetched weather for Fövenyes: 7.2°C, Clouds, humidity: 52%
2026-03-30 19:18:20,080 - root - INFO - [479/1205] Fetching weather for Balatonakali-Dörgicse...
2026-03-30 19:18:20,178 - root - INFO - Fetched weather for Balatonakali-Dörgicse: 7.4°C, Clouds, humidity: 52%
2026-03-30 19:18:21,280 - root - INFO - [480/1205] Fetching weather for Zánka-Köveskál...
2026-03-30 19:18:21,387 - root - INFO - Fetched weather for Zánka-Köveskál: 7.7°C, Clouds, humidity: 52%
2026-03-30 19:18:22,489 - root - INFO - [481/1205] Fetching weather for Balatonszepezd...
2026-03-30 19:18:22,591 - root - INFO - Fetched weather for Balatonszepezd: 7.2°C, Clouds, humidity: 52%
2026-03-30 19:18:23,693 - root - INFO - [482/1205] Fetching weather for Szepezdfürdő...
2026-03-30 19:18:23,786 - root - INFO - Fetched weather for Szepezdfürdő: 7.2°C, Clouds, humidity: 67%
2026-03-30 19:18:24,888 - root - INFO - [483/1205] Fetching weather for Révfülöp...
2026-03-30 19:18:24,979 - root - INFO - Fetched weather for Révfülöp: 7.2°C, Clouds, humidity: 67%
2026-03-30 19:18:26,080 - root - INFO - [484/1205] Fetching weather for Balatonrendes...
2026-03-30 19:18:26,177 - root - INFO - Fetched weather for Balatonrendes: 7.2°C, Clouds, humidity: 69%
2026-03-30 19:18:27,279 - root - INFO - [485/1205] Fetching weather for Ábrahámhegy...
2026-03-30 19:18:27,381 - root - INFO - Fetched weather for Ábrahámhegy: 7.1°C, Clouds, humidity: 69%
2026-03-30 19:18:28,483 - root - INFO - [486/1205] Fetching weather for Badacsonyörs...
2026-03-30 19:18:28,592 - root - INFO - Fetched weather for Badacsonyörs: 8.8°C, Clouds, humidity: 70%
2026-03-30 19:18:29,694 - root - INFO - [487/1205] Fetching weather for Kisújszállás...
2026-03-30 19:18:29,794 - root - INFO - Fetched weather for Kisújszállás: 6.5°C, Clouds, humidity: 90%
2026-03-30 19:18:30,896 - root - INFO - [488/1205] Fetching weather for Karcag...
2026-03-30 19:18:30,999 - root - INFO - Fetched weather for Karcag: 6.6°C, Clouds, humidity: 91%
2026-03-30 19:18:32,101 - root - INFO - [489/1205] Fetching weather for Püspökladány...
2026-03-30 19:18:32,208 - root - INFO - Fetched weather for Püspökladány: 6.6°C, Clouds, humidity: 91%
2026-03-30 19:18:33,309 - root - INFO - [490/1205] Fetching weather for Kaba...
2026-03-30 19:18:33,401 - root - INFO - Fetched weather for Kaba: 7.1°C, Clouds, humidity: 91%
2026-03-30 19:18:34,503 - root - INFO - [491/1205] Fetching weather for Hajdúszoboszló...
2026-03-30 19:18:34,596 - root - INFO - Fetched weather for Hajdúszoboszló: 7.1°C, Clouds, humidity: 100%
2026-03-30 19:18:35,698 - root - INFO - [492/1205] Fetching weather for Ebes...
2026-03-30 19:18:35,796 - root - INFO - Fetched weather for Ebes: 7.0°C, Clouds, humidity: 100%
2026-03-30 19:18:36,898 - root - INFO - [493/1205] Fetching weather for Debrecen...
2026-03-30 19:18:36,993 - root - INFO - Fetched weather for Debrecen: 6.9°C, Clouds, humidity: 100%
2026-03-30 19:18:38,095 - root - INFO - [494/1205] Fetching weather for Debrecen-Csapókert...
2026-03-30 19:18:38,198 - root - INFO - Fetched weather for Debrecen-Csapókert: 6.9°C, Clouds, humidity: 100%
2026-03-30 19:18:39,300 - root - INFO - [495/1205] Fetching weather for Apafa...
2026-03-30 19:18:39,396 - root - INFO - Fetched weather for Apafa: 6.8°C, Rain, humidity: 100%
2026-03-30 19:18:40,498 - root - INFO - [496/1205] Fetching weather for Bocskaikert...
2026-03-30 19:18:40,593 - root - INFO - Fetched weather for Bocskaikert: 6.8°C, Rain, humidity: 100%
2026-03-30 19:18:41,694 - root - INFO - [497/1205] Fetching weather for Hajdúhadház...
2026-03-30 19:18:41,799 - root - INFO - Fetched weather for Hajdúhadház: 6.7°C, Rain, humidity: 90%
2026-03-30 19:18:42,901 - root - INFO - [498/1205] Fetching weather for Téglás...
2026-03-30 19:18:43,001 - root - INFO - Fetched weather for Téglás: 6.8°C, Rain, humidity: 90%
2026-03-30 19:18:44,103 - root - INFO - [499/1205] Fetching weather for Újfehértó...
2026-03-30 19:18:44,209 - root - INFO - Fetched weather for Újfehértó: 6.4°C, Rain, humidity: 89%
2026-03-30 19:18:45,311 - root - INFO - [500/1205] Fetching weather for Nyíregyháza...
2026-03-30 19:18:45,401 - root - INFO - Fetched weather for Nyíregyháza: 6.3°C, Rain, humidity: 88%
2026-03-30 19:18:46,503 - root - INFO - [501/1205] Fetching weather for Sóstó...
2026-03-30 19:18:46,601 - root - INFO - Fetched weather for Sóstó: 7.6°C, Clouds, humidity: 87%
2026-03-30 19:18:47,703 - root - INFO - [502/1205] Fetching weather for Sóstóhegy...
2026-03-30 19:18:47,803 - root - INFO - Fetched weather for Sóstóhegy: 7.6°C, Clouds, humidity: 87%
2026-03-30 19:18:48,905 - root - INFO - [503/1205] Fetching weather for Kemecse...
2026-03-30 19:18:48,997 - root - INFO - Fetched weather for Kemecse: 6.3°C, Rain, humidity: 87%
2026-03-30 19:18:50,099 - root - INFO - [504/1205] Fetching weather for Nyírbogdány...
2026-03-30 19:18:50,201 - root - INFO - Fetched weather for Nyírbogdány: 6.3°C, Rain, humidity: 87%
2026-03-30 19:18:51,302 - root - INFO - [505/1205] Fetching weather for Kék...
2026-03-30 19:18:51,399 - root - INFO - Fetched weather for Kék: 6.3°C, Clouds, humidity: 87%
2026-03-30 19:18:52,501 - root - INFO - [506/1205] Fetching weather for Demecser...
2026-03-30 19:18:52,601 - root - INFO - Fetched weather for Demecser: 6.4°C, Clouds, humidity: 87%
2026-03-30 19:18:53,703 - root - INFO - [507/1205] Fetching weather for Gégény...
2026-03-30 19:18:53,802 - root - INFO - Fetched weather for Gégény: 6.3°C, Rain, humidity: 87%
2026-03-30 19:18:54,904 - root - INFO - [508/1205] Fetching weather for Pátroha...
2026-03-30 19:18:55,006 - root - INFO - Fetched weather for Pátroha: 6.4°C, Rain, humidity: 87%
2026-03-30 19:18:56,108 - root - INFO - [509/1205] Fetching weather for Ajak...
2026-03-30 19:18:56,207 - root - INFO - Fetched weather for Ajak: 6.4°C, Rain, humidity: 87%
2026-03-30 19:18:57,309 - root - INFO - [510/1205] Fetching weather for Kisvárda...
2026-03-30 19:18:57,404 - root - INFO - Fetched weather for Kisvárda: 6.4°C, Rain, humidity: 87%
2026-03-30 19:18:58,506 - root - INFO - [511/1205] Fetching weather for Kisvárda-Hármasút...
2026-03-30 19:18:58,611 - root - INFO - Fetched weather for Kisvárda-Hármasút: 6.4°C, Rain, humidity: 87%
2026-03-30 19:18:59,713 - root - INFO - [512/1205] Fetching weather for Fényeslitke...
2026-03-30 19:18:59,804 - root - INFO - Fetched weather for Fényeslitke: 6.4°C, Rain, humidity: 87%
2026-03-30 19:19:00,906 - root - INFO - [513/1205] Fetching weather for Komoró...
2026-03-30 19:19:00,996 - root - INFO - Fetched weather for Komoró: 6.4°C, Rain, humidity: 86%
2026-03-30 19:19:02,098 - root - INFO - [514/1205] Fetching weather for Tuzsér...
2026-03-30 19:19:02,193 - root - INFO - Fetched weather for Tuzsér: 6.4°C, Rain, humidity: 86%
2026-03-30 19:19:03,295 - root - INFO - [515/1205] Fetching weather for Tiszabezdéd...
2026-03-30 19:19:03,397 - root - INFO - Fetched weather for Tiszabezdéd: 6.4°C, Clouds, humidity: 85%
2026-03-30 19:19:04,499 - root - INFO - [516/1205] Fetching weather for Záhony...
2026-03-30 19:19:04,596 - root - INFO - Fetched weather for Záhony: 6.5°C, Clouds, humidity: 85%
2026-03-30 19:19:05,698 - root - INFO - [517/1205] Fetching weather for Karcag-Vásártér...
2026-03-30 19:19:05,800 - root - INFO - Fetched weather for Karcag-Vásártér: 5.6°C, Clouds, humidity: 91%
2026-03-30 19:19:06,902 - root - INFO - [518/1205] Fetching weather for Berekfürdő...
2026-03-30 19:19:07,014 - root - INFO - Fetched weather for Berekfürdő: 5.5°C, Clouds, humidity: 90%
2026-03-30 19:19:08,117 - root - INFO - [519/1205] Fetching weather for Kunmadaras...
2026-03-30 19:19:08,228 - root - INFO - Fetched weather for Kunmadaras: 5.5°C, Clouds, humidity: 94%
2026-03-30 19:19:09,330 - root - INFO - [520/1205] Fetching weather for Tiszaszentimre...
2026-03-30 19:19:09,421 - root - INFO - Fetched weather for Tiszaszentimre: 5.5°C, Clouds, humidity: 94%
2026-03-30 19:19:10,522 - root - INFO - [521/1205] Fetching weather for Tiszaszőlős...
2026-03-30 19:19:10,626 - root - INFO - Fetched weather for Tiszaszőlős: 5.5°C, Clouds, humidity: 94%
2026-03-30 19:19:11,728 - root - INFO - [522/1205] Fetching weather for Hosszúhát...
2026-03-30 19:19:11,835 - root - INFO - Fetched weather for Hosszúhát: 6.6°C, Clouds, humidity: 92%
2026-03-30 19:19:12,937 - root - INFO - [523/1205] Fetching weather for Szerep...
2026-03-30 19:19:13,028 - root - INFO - Fetched weather for Szerep: 6.6°C, Clouds, humidity: 92%
2026-03-30 19:19:14,130 - root - INFO - [524/1205] Fetching weather for Sárrétudvari...
2026-03-30 19:19:14,229 - root - INFO - Fetched weather for Sárrétudvari: 6.6°C, Clouds, humidity: 92%
2026-03-30 19:19:15,331 - root - INFO - [525/1205] Fetching weather for Biharnagybajom...
2026-03-30 19:19:15,435 - root - INFO - Fetched weather for Biharnagybajom: 6.6°C, Clouds, humidity: 92%
2026-03-30 19:19:16,537 - root - INFO - [526/1205] Fetching weather for Füzesgyarmat...
2026-03-30 19:19:16,630 - root - INFO - Fetched weather for Füzesgyarmat: 6.6°C, Clouds, humidity: 93%
2026-03-30 19:19:17,732 - root - INFO - [527/1205] Fetching weather for Füzesgyarmatfürdő...
2026-03-30 19:19:17,829 - root - INFO - Fetched weather for Füzesgyarmatfürdő: 6.6°C, Clouds, humidity: 93%
2026-03-30 19:19:18,931 - root - INFO - [528/1205] Fetching weather for Báránd...
2026-03-30 19:19:19,023 - root - INFO - Fetched weather for Báránd: 6.7°C, Clouds, humidity: 91%
2026-03-30 19:19:20,125 - root - INFO - [529/1205] Fetching weather for Sáp...
2026-03-30 19:19:20,227 - root - INFO - Fetched weather for Sáp: 6.7°C, Clouds, humidity: 92%
2026-03-30 19:19:21,329 - root - INFO - [530/1205] Fetching weather for Berettyóújfalu...
2026-03-30 19:19:21,424 - root - INFO - Fetched weather for Berettyóújfalu: 6.8°C, Clouds, humidity: 93%
2026-03-30 19:19:22,526 - root - INFO - [531/1205] Fetching weather for Mezőpeterd...
2026-03-30 19:19:22,630 - root - INFO - Fetched weather for Mezőpeterd: 8.1°C, Clouds, humidity: 93%
2026-03-30 19:19:23,732 - root - INFO - [532/1205] Fetching weather for Biharkeresztes...
2026-03-30 19:19:23,833 - root - INFO - Fetched weather for Biharkeresztes: 8.0°C, Mist, humidity: 93%
2026-03-30 19:19:24,934 - root - INFO - [533/1205] Fetching weather for Tócóvölgy...
2026-03-30 19:19:25,032 - root - INFO - Fetched weather for Tócóvölgy: 7.0°C, Clouds, humidity: 100%
2026-03-30 19:19:26,134 - root - INFO - [534/1205] Fetching weather for Sáregres...
2026-03-30 19:19:26,226 - root - INFO - Fetched weather for Sáregres: 6.6°C, Clouds, humidity: 76%
2026-03-30 19:19:27,328 - root - INFO - [535/1205] Fetching weather for Simontornya...
2026-03-30 19:19:27,421 - root - INFO - Fetched weather for Simontornya: 6.5°C, Clouds, humidity: 75%
2026-03-30 19:19:28,523 - root - INFO - [536/1205] Fetching weather for Tolnanémedi...
2026-03-30 19:19:28,614 - root - INFO - Fetched weather for Tolnanémedi: 6.6°C, Clouds, humidity: 75%
2026-03-30 19:19:29,716 - root - INFO - [537/1205] Fetching weather for Pincehely...
2026-03-30 19:19:29,823 - root - INFO - Fetched weather for Pincehely: 6.5°C, Clouds, humidity: 74%
2026-03-30 19:19:30,925 - root - INFO - [538/1205] Fetching weather for Keszőhidegkút-Gyönk...
2026-03-30 19:19:31,025 - root - INFO - Fetched weather for Keszőhidegkút-Gyönk: 6.5°C, Clouds, humidity: 77%
2026-03-30 19:19:32,127 - root - INFO - [539/1205] Fetching weather for Szárazd...
2026-03-30 19:19:32,232 - root - INFO - Fetched weather for Szárazd: 6.5°C, Clouds, humidity: 77%
2026-03-30 19:19:33,334 - root - INFO - [540/1205] Fetching weather for Regöly...
2026-03-30 19:19:33,433 - root - INFO - Fetched weather for Regöly: 6.5°C, Clouds, humidity: 77%
2026-03-30 19:19:34,535 - root - INFO - [541/1205] Fetching weather for Szakály-Hőgyész...
2026-03-30 19:19:34,639 - root - INFO - Fetched weather for Szakály-Hőgyész: 6.3°C, Clouds, humidity: 79%
2026-03-30 19:19:35,741 - root - INFO - [542/1205] Fetching weather for Dúzs...
2026-03-30 19:19:35,843 - root - INFO - Fetched weather for Dúzs: 6.4°C, Clouds, humidity: 80%
2026-03-30 19:19:36,945 - root - INFO - [543/1205] Fetching weather for Csibrák...
2026-03-30 19:19:37,045 - root - INFO - Fetched weather for Csibrák: 6.4°C, Clouds, humidity: 81%
2026-03-30 19:19:38,147 - root - INFO - [544/1205] Fetching weather for Kurd...
2026-03-30 19:19:38,246 - root - INFO - Fetched weather for Kurd: 6.1°C, Clouds, humidity: 81%
2026-03-30 19:19:39,348 - root - INFO - [545/1205] Fetching weather for Döbrököz...
2026-03-30 19:19:39,444 - root - INFO - Fetched weather for Döbrököz: 6.4°C, Clouds, humidity: 82%
2026-03-30 19:19:40,546 - root - INFO - [546/1205] Fetching weather for Dombóvár...
2026-03-30 19:19:40,641 - root - INFO - Fetched weather for Dombóvár: 6.3°C, Clouds, humidity: 84%
2026-03-30 19:19:41,743 - root - INFO - [547/1205] Fetching weather for Dombóvár alsó...
2026-03-30 19:19:41,845 - root - INFO - Fetched weather for Dombóvár alsó: 6.3°C, Clouds, humidity: 84%
2026-03-30 19:19:42,947 - root - INFO - [548/1205] Fetching weather for Somoskőújfalu...
2026-03-30 19:19:43,055 - root - INFO - Fetched weather for Somoskőújfalu: 6.6°C, Clouds, humidity: 82%
2026-03-30 19:19:44,157 - root - INFO - [549/1205] Fetching weather for Jászfényszaru...
2026-03-30 19:19:44,266 - root - INFO - Fetched weather for Jászfényszaru: 6.6°C, Clouds, humidity: 85%
2026-03-30 19:19:45,367 - root - INFO - [550/1205] Fetching weather for Pusztamonostor...
2026-03-30 19:19:45,475 - root - INFO - Fetched weather for Pusztamonostor: 4.9°C, Rain, humidity: 85%
2026-03-30 19:19:46,577 - root - INFO - [551/1205] Fetching weather for Jászberény...
2026-03-30 19:19:46,683 - root - INFO - Fetched weather for Jászberény: 5.0°C, Rain, humidity: 87%
2026-03-30 19:19:47,785 - root - INFO - [552/1205] Fetching weather for Meggyespele...
2026-03-30 19:19:47,879 - root - INFO - Fetched weather for Meggyespele: 5.1°C, Rain, humidity: 90%
2026-03-30 19:19:48,980 - root - INFO - [553/1205] Fetching weather for Portelek...
2026-03-30 19:19:49,090 - root - INFO - Fetched weather for Portelek: 5.1°C, Rain, humidity: 90%
2026-03-30 19:19:50,192 - root - INFO - [554/1205] Fetching weather for Jászboldogháza-Jánoshida...
2026-03-30 19:19:50,284 - root - INFO - Fetched weather for Jászboldogháza-Jánoshida: 5.1°C, Clouds, humidity: 90%
2026-03-30 19:19:51,386 - root - INFO - [555/1205] Fetching weather for Jászárokszállás...
2026-03-30 19:19:51,492 - root - INFO - Fetched weather for Jászárokszállás: 6.7°C, Clouds, humidity: 85%
2026-03-30 19:19:52,594 - root - INFO - [556/1205] Fetching weather for Jászdózsa...
2026-03-30 19:19:52,693 - root - INFO - Fetched weather for Jászdózsa: 6.7°C, Clouds, humidity: 86%
2026-03-30 19:19:53,795 - root - INFO - [557/1205] Fetching weather for Jászapáti...
2026-03-30 19:19:53,907 - root - INFO - Fetched weather for Jászapáti: 6.6°C, Clouds, humidity: 87%
2026-03-30 19:19:55,009 - root - INFO - [558/1205] Fetching weather for Jászkisér...
2026-03-30 19:19:55,108 - root - INFO - Fetched weather for Jászkisér: 5.6°C, Clouds, humidity: 87%
2026-03-30 19:19:56,210 - root - INFO - [559/1205] Fetching weather for Jászladány...
2026-03-30 19:19:56,305 - root - INFO - Fetched weather for Jászladány: 5.1°C, Clouds, humidity: 88%
2026-03-30 19:19:57,406 - root - INFO - [560/1205] Fetching weather for Szászberek...
2026-03-30 19:19:57,502 - root - INFO - Fetched weather for Szászberek: 5.1°C, Clouds, humidity: 90%
2026-03-30 19:19:58,604 - root - INFO - [561/1205] Fetching weather for Gyöngyöshalász...
2026-03-30 19:19:58,709 - root - INFO - Fetched weather for Gyöngyöshalász: 6.5°C, Clouds, humidity: 82%
2026-03-30 19:19:59,811 - root - INFO - [562/1205] Fetching weather for Gyöngyös...
2026-03-30 19:19:59,919 - root - INFO - Fetched weather for Gyöngyös: 6.1°C, Clouds, humidity: 82%
2026-03-30 19:20:01,021 - root - INFO - [563/1205] Fetching weather for Erdőtelek...
2026-03-30 19:20:01,147 - root - INFO - Fetched weather for Erdőtelek: 6.5°C, Clouds, humidity: 86%
2026-03-30 19:20:02,249 - root - INFO - [564/1205] Fetching weather for Heves...
2026-03-30 19:20:02,346 - root - INFO - Fetched weather for Heves: 5.5°C, Clouds, humidity: 86%
2026-03-30 19:20:03,447 - root - INFO - [565/1205] Fetching weather for Hevesvezekény...
2026-03-30 19:20:03,544 - root - INFO - Fetched weather for Hevesvezekény: 5.5°C, Clouds, humidity: 94%
2026-03-30 19:20:04,645 - root - INFO - [566/1205] Fetching weather for Tarnaszentmiklós...
2026-03-30 19:20:04,747 - root - INFO - Fetched weather for Tarnaszentmiklós: 5.5°C, Clouds, humidity: 94%
2026-03-30 19:20:05,849 - root - INFO - [567/1205] Fetching weather for Kisköre...
2026-03-30 19:20:05,962 - root - INFO - Fetched weather for Kisköre: 5.6°C, Clouds, humidity: 94%
2026-03-30 19:20:07,064 - root - INFO - [568/1205] Fetching weather for Abádszalók...
2026-03-30 19:20:07,186 - root - INFO - Fetched weather for Abádszalók: 5.5°C, Clouds, humidity: 94%
2026-03-30 19:20:08,288 - root - INFO - [569/1205] Fetching weather for Kunhegyes...
2026-03-30 19:20:08,395 - root - INFO - Fetched weather for Kunhegyes: 5.5°C, Clouds, humidity: 94%
2026-03-30 19:20:09,497 - root - INFO - [570/1205] Fetching weather for Kenderes...
2026-03-30 19:20:09,589 - root - INFO - Fetched weather for Kenderes: 5.6°C, Clouds, humidity: 90%
2026-03-30 19:20:10,691 - root - INFO - [571/1205] Fetching weather for Maklár...
2026-03-30 19:20:10,800 - root - INFO - Fetched weather for Maklár: 5.7°C, Clouds, humidity: 86%
2026-03-30 19:20:11,902 - root - INFO - [572/1205] Fetching weather for Andornaktálya...
2026-03-30 19:20:12,011 - root - INFO - Fetched weather for Andornaktálya: 5.7°C, Clouds, humidity: 87%
2026-03-30 19:20:13,113 - root - INFO - [573/1205] Fetching weather for Eger...
2026-03-30 19:20:13,221 - root - INFO - Fetched weather for Eger: 7.8°C, Clouds, humidity: 87%
2026-03-30 19:20:14,323 - root - INFO - [574/1205] Fetching weather for Egervár...
2026-03-30 19:20:14,419 - root - INFO - Fetched weather for Egervár: 7.6°C, Clouds, humidity: 87%
2026-03-30 19:20:15,521 - root - INFO - [575/1205] Fetching weather for Eger-Felnémet...
2026-03-30 19:20:15,642 - root - INFO - Fetched weather for Eger-Felnémet: 7.7°C, Clouds, humidity: 87%
2026-03-30 19:20:16,744 - root - INFO - [576/1205] Fetching weather for Szarvaskő...
2026-03-30 19:20:16,857 - root - INFO - Fetched weather for Szarvaskő: 7.2°C, Rain, humidity: 66%
2026-03-30 19:20:17,959 - root - INFO - [577/1205] Fetching weather for Mónosbél...
2026-03-30 19:20:18,069 - root - INFO - Fetched weather for Mónosbél: 7.1°C, Rain, humidity: 66%
2026-03-30 19:20:19,171 - root - INFO - [578/1205] Fetching weather for Bélapátfalva...
2026-03-30 19:20:19,274 - root - INFO - Fetched weather for Bélapátfalva: 6.8°C, Rain, humidity: 66%
2026-03-30 19:20:20,376 - root - INFO - [579/1205] Fetching weather for Bélapátfalvi Cementgyár...
2026-03-30 19:20:20,477 - root - INFO - Fetched weather for Bélapátfalvi Cementgyár: 6.7°C, Rain, humidity: 66%
2026-03-30 19:20:21,579 - root - INFO - [580/1205] Fetching weather for Szilvásvárad...
2026-03-30 19:20:21,693 - root - INFO - Fetched weather for Szilvásvárad: 6.8°C, Rain, humidity: 66%
2026-03-30 19:20:22,795 - root - INFO - [581/1205] Fetching weather for Hejőkeresztúr...
2026-03-30 19:20:22,911 - root - INFO - Fetched weather for Hejőkeresztúr: 7.5°C, Rain, humidity: 92%
2026-03-30 19:20:24,013 - root - INFO - [582/1205] Fetching weather for Tiszaújváros...
2026-03-30 19:20:24,114 - root - INFO - Fetched weather for Tiszaújváros: 7.5°C, Rain, humidity: 87%
2026-03-30 19:20:25,216 - root - INFO - [583/1205] Fetching weather for Miskolc-Gömöri...
2026-03-30 19:20:25,308 - root - INFO - Fetched weather for Miskolc-Gömöri: 8.2°C, Rain, humidity: 97%
2026-03-30 19:20:26,410 - root - INFO - [584/1205] Fetching weather for Sajókeresztúr...
2026-03-30 19:20:26,526 - root - INFO - Fetched weather for Sajókeresztúr: 8.5°C, Rain, humidity: 100%
2026-03-30 19:20:27,628 - root - INFO - [585/1205] Fetching weather for Sajóecseg...
2026-03-30 19:20:27,732 - root - INFO - Fetched weather for Sajóecseg: 8.6°C, Rain, humidity: 100%
2026-03-30 19:20:28,834 - root - INFO - [586/1205] Fetching weather for Sajószentpéter...
2026-03-30 19:20:28,938 - root - INFO - Fetched weather for Sajószentpéter: 8.0°C, Rain, humidity: 100%
2026-03-30 19:20:30,040 - root - INFO - [587/1205] Fetching weather for Kazincbarcika...
2026-03-30 19:20:30,169 - root - INFO - Fetched weather for Kazincbarcika: 8.5°C, Rain, humidity: 87%
2026-03-30 19:20:31,271 - root - INFO - [588/1205] Fetching weather for Sajókaza...
2026-03-30 19:20:31,376 - root - INFO - Fetched weather for Sajókaza: 8.1°C, Rain, humidity: 87%
2026-03-30 19:20:32,478 - root - INFO - [589/1205] Fetching weather for Vadna...
2026-03-30 19:20:32,591 - root - INFO - Fetched weather for Vadna: 8.1°C, Rain, humidity: 87%
2026-03-30 19:20:33,693 - root - INFO - [590/1205] Fetching weather for Dubicsány...
2026-03-30 19:20:33,786 - root - INFO - Fetched weather for Dubicsány: 8.1°C, Rain, humidity: 87%
2026-03-30 19:20:34,888 - root - INFO - [591/1205] Fetching weather for Raposka...
2026-03-30 19:20:34,979 - root - INFO - Fetched weather for Raposka: 5.1°C, Clouds, humidity: 73%
2026-03-30 19:20:36,081 - root - INFO - [592/1205] Fetching weather for Ivacs...
2026-03-30 19:20:36,190 - root - INFO - Fetched weather for Ivacs: 5.2°C, Rain, humidity: 89%
2026-03-30 19:20:37,292 - root - INFO - [593/1205] Fetching weather for Kisköre-Tiszahíd...
2026-03-30 19:20:37,410 - root - INFO - Fetched weather for Kisköre-Tiszahíd: 5.5°C, Clouds, humidity: 94%
2026-03-30 19:20:38,511 - root - INFO - [594/1205] Fetching weather for Rozsály...
2026-03-30 19:20:38,624 - root - INFO - Fetched weather for Rozsály: 7.8°C, Clouds, humidity: 89%
2026-03-30 19:20:39,726 - root - INFO - [595/1205] Fetching weather for Pusztakettős...
2026-03-30 19:20:39,832 - root - INFO - Fetched weather for Pusztakettős: 5.5°C, Clouds, humidity: 94%
2026-03-30 19:20:40,934 - root - INFO - [596/1205] Fetching weather for Kisvác...
2026-03-30 19:20:41,033 - root - INFO - Fetched weather for Kisvác: 5.5°C, Clouds, humidity: 82%
2026-03-30 19:20:42,135 - root - INFO - [597/1205] Fetching weather for Tiszafüred-Gyártelep...
2026-03-30 19:20:42,247 - root - INFO - Fetched weather for Tiszafüred-Gyártelep: 5.5°C, Clouds, humidity: 94%
2026-03-30 19:20:43,348 - root - INFO - [598/1205] Fetching weather for Újkenéz...
2026-03-30 19:20:43,456 - root - INFO - Fetched weather for Újkenéz: 6.4°C, Clouds, humidity: 87%
2026-03-30 19:20:44,558 - root - INFO - [599/1205] Fetching weather for Püspökladány-Vásártér...
2026-03-30 19:20:44,649 - root - INFO - Fetched weather for Püspökladány-Vásártér: 6.6°C, Clouds, humidity: 91%
2026-03-30 19:20:45,751 - root - INFO - [600/1205] Fetching weather for Végegyháza alsó...
2026-03-30 19:20:45,865 - root - INFO - Fetched weather for Végegyháza alsó: 5.0°C, Rain, humidity: 97%
2026-03-30 19:20:46,967 - root - INFO - [601/1205] Fetching weather for Orosháza felső...
2026-03-30 19:20:47,077 - root - INFO - Fetched weather for Orosháza felső: 6.1°C, Clouds, humidity: 93%
2026-03-30 19:20:48,179 - root - INFO - [602/1205] Fetching weather for Ambrózfalva...
2026-03-30 19:20:48,279 - root - INFO - Fetched weather for Ambrózfalva: 6.1°C, Clouds, humidity: 96%
2026-03-30 19:20:49,381 - root - INFO - [603/1205] Fetching weather for Alsónyék...
2026-03-30 19:20:49,507 - root - INFO - Fetched weather for Alsónyék: 6.4°C, Clouds, humidity: 85%
2026-03-30 19:20:50,609 - root - INFO - [604/1205] Fetching weather for Tompapuszta...
2026-03-30 19:20:50,724 - root - INFO - Fetched weather for Tompapuszta: 5.0°C, Rain, humidity: 100%
2026-03-30 19:20:51,826 - root - INFO - [605/1205] Fetching weather for Halászlak...
2026-03-30 19:20:51,940 - root - INFO - Fetched weather for Halászlak: 6.3°C, Clouds, humidity: 90%
2026-03-30 19:20:53,042 - root - INFO - [606/1205] Fetching weather for Sirató...
2026-03-30 19:20:53,153 - root - INFO - Fetched weather for Sirató: 6.3°C, Clouds, humidity: 91%
2026-03-30 19:20:54,255 - root - INFO - [607/1205] Fetching weather for Csabacsűd felső...
2026-03-30 19:20:54,354 - root - INFO - Fetched weather for Csabacsűd felső: 6.3°C, Clouds, humidity: 91%
2026-03-30 19:20:55,456 - root - INFO - [608/1205] Fetching weather for Orosháza-Üveggyár...
2026-03-30 19:20:55,560 - root - INFO - Fetched weather for Orosháza-Üveggyár: 6.1°C, Rain, humidity: 93%
2026-03-30 19:20:56,662 - root - INFO - [609/1205] Fetching weather for Gyulai városerdő...
2026-03-30 19:20:56,765 - root - INFO - Fetched weather for Gyulai városerdő: 5.5°C, Clouds, humidity: 98%
2026-03-30 19:20:57,867 - root - INFO - [610/1205] Fetching weather for Kórógyszentgyörgy...
2026-03-30 19:20:57,966 - root - INFO - Fetched weather for Kórógyszentgyörgy: 6.7°C, Clouds, humidity: 88%
2026-03-30 19:20:59,067 - root - INFO - [611/1205] Fetching weather for Kunszállás...
2026-03-30 19:20:59,183 - root - INFO - Fetched weather for Kunszállás: 5.5°C, Clouds, humidity: 96%
2026-03-30 19:21:00,284 - root - INFO - [612/1205] Fetching weather for Selymes...
2026-03-30 19:21:00,385 - root - INFO - Fetched weather for Selymes: 5.6°C, Clouds, humidity: 96%
2026-03-30 19:21:01,486 - root - INFO - [613/1205] Fetching weather for Petőfiszállási tanyák...
2026-03-30 19:21:01,578 - root - INFO - Fetched weather for Petőfiszállási tanyák: 5.6°C, Clouds, humidity: 96%
2026-03-30 19:21:02,680 - root - INFO - [614/1205] Fetching weather for Kisteleki szőlők...
2026-03-30 19:21:02,783 - root - INFO - Fetched weather for Kisteleki szőlők: 7.2°C, Clouds, humidity: 91%
2026-03-30 19:21:03,884 - root - INFO - [615/1205] Fetching weather for Kapitányság...
2026-03-30 19:21:03,999 - root - INFO - Fetched weather for Kapitányság: 7.2°C, Clouds, humidity: 91%
2026-03-30 19:21:05,101 - root - INFO - [616/1205] Fetching weather for Őszeszék...
2026-03-30 19:21:05,209 - root - INFO - Fetched weather for Őszeszék: 7.3°C, Clouds, humidity: 91%
2026-03-30 19:21:06,311 - root - INFO - [617/1205] Fetching weather for Vilmaszállás...
2026-03-30 19:21:06,416 - root - INFO - Fetched weather for Vilmaszállás: 7.2°C, Clouds, humidity: 91%
2026-03-30 19:21:07,518 - root - INFO - [618/1205] Fetching weather for Jánosszállás...
2026-03-30 19:21:07,618 - root - INFO - Fetched weather for Jánosszállás: 7.3°C, Clouds, humidity: 91%
2026-03-30 19:21:08,720 - root - INFO - [619/1205] Fetching weather for Felsőpakony...
2026-03-30 19:21:08,821 - root - INFO - Fetched weather for Felsőpakony: 5.5°C, Clouds, humidity: 89%
2026-03-30 19:21:09,923 - root - INFO - [620/1205] Fetching weather for Felsőméntelek...
2026-03-30 19:21:10,024 - root - INFO - Fetched weather for Felsőméntelek: 4.9°C, Clouds, humidity: 87%
2026-03-30 19:21:11,126 - root - INFO - [621/1205] Fetching weather for Alsóméntelek...
2026-03-30 19:21:11,227 - root - INFO - Fetched weather for Alsóméntelek: 4.9°C, Clouds, humidity: 87%
2026-03-30 19:21:12,329 - root - INFO - [622/1205] Fetching weather for Nagynyír...
2026-03-30 19:21:12,468 - root - INFO - Fetched weather for Nagynyír: 4.9°C, Clouds, humidity: 87%
2026-03-30 19:21:13,570 - root - INFO - [623/1205] Fetching weather for Úrihegy...
2026-03-30 19:21:13,664 - root - INFO - Fetched weather for Úrihegy: 4.9°C, Clouds, humidity: 87%
2026-03-30 19:21:14,766 - root - INFO - [624/1205] Fetching weather for Miklóstelep...
2026-03-30 19:21:14,867 - root - INFO - Fetched weather for Miklóstelep: 4.9°C, Clouds, humidity: 87%
2026-03-30 19:21:15,970 - root - INFO - [625/1205] Fetching weather for Tiszajenő alsó...
2026-03-30 19:21:16,093 - root - INFO - Fetched weather for Tiszajenő alsó: 4.5°C, Rain, humidity: 89%
2026-03-30 19:21:17,195 - root - INFO - [626/1205] Fetching weather for Óbög...
2026-03-30 19:21:17,295 - root - INFO - Fetched weather for Óbög: 4.6°C, Clouds, humidity: 91%
2026-03-30 19:21:18,397 - root - INFO - [627/1205] Fetching weather for Árpádszállás...
2026-03-30 19:21:18,502 - root - INFO - Fetched weather for Árpádszállás: 5.3°C, Clouds, humidity: 91%
2026-03-30 19:21:19,604 - root - INFO - [628/1205] Fetching weather for Tőserdő...
2026-03-30 19:21:19,705 - root - INFO - Fetched weather for Tőserdő: 5.4°C, Clouds, humidity: 92%
2026-03-30 19:21:20,807 - root - INFO - [629/1205] Fetching weather for Tiszaalpár felső...
2026-03-30 19:21:20,920 - root - INFO - Fetched weather for Tiszaalpár felső: 5.4°C, Clouds, humidity: 92%
2026-03-30 19:21:22,021 - root - INFO - [630/1205] Fetching weather for Borsihalom...
2026-03-30 19:21:22,113 - root - INFO - Fetched weather for Borsihalom: 5.5°C, Clouds, humidity: 96%
2026-03-30 19:21:23,215 - root - INFO - [631/1205] Fetching weather for Petőfiváros...
2026-03-30 19:21:23,334 - root - INFO - Fetched weather for Petőfiváros: 5.5°C, Clouds, humidity: 96%
2026-03-30 19:21:24,436 - root - INFO - [632/1205] Fetching weather for Csorna...
2026-03-30 19:21:24,538 - root - INFO - Fetched weather for Csorna: 6.1°C, Clouds, humidity: 71%
2026-03-30 19:21:25,640 - root - INFO - [633/1205] Fetching weather for Szorgalmatos...
2026-03-30 19:21:25,741 - root - INFO - Fetched weather for Szorgalmatos: 7.6°C, Rain, humidity: 86%
2026-03-30 19:21:26,843 - root - INFO - [634/1205] Fetching weather for Fótfürdő...
2026-03-30 19:21:26,947 - root - INFO - Fetched weather for Fótfürdő: 5.2°C, Clouds, humidity: 86%
2026-03-30 19:21:28,049 - root - INFO - [635/1205] Fetching weather for Fenyveshegy...
2026-03-30 19:21:28,304 - root - INFO - Fetched weather for Fenyveshegy: 5.6°C, Clouds, humidity: 82%
2026-03-30 19:21:29,406 - root - INFO - [636/1205] Fetching weather for Hűvösvölgy...
2026-03-30 19:21:29,525 - root - INFO - Fetched weather for Hűvösvölgy: 4.8°C, Rain, humidity: 84%
2026-03-30 19:21:30,627 - root - INFO - [637/1205] Fetching weather for Hárshegy...
2026-03-30 19:21:30,738 - root - INFO - Fetched weather for Hárshegy: 4.8°C, Rain, humidity: 84%
2026-03-30 19:21:31,840 - root - INFO - [638/1205] Fetching weather for Szépjuhászné...
2026-03-30 19:21:31,955 - root - INFO - Fetched weather for Szépjuhászné: 4.0°C, Rain, humidity: 84%
2026-03-30 19:21:33,057 - root - INFO - [639/1205] Fetching weather for Jánoshegy...
2026-03-30 19:21:33,174 - root - INFO - Fetched weather for Jánoshegy: 3.9°C, Rain, humidity: 84%
2026-03-30 19:21:34,276 - root - INFO - [640/1205] Fetching weather for Virágvölgy...
2026-03-30 19:21:34,365 - root - INFO - Fetched weather for Virágvölgy: 3.6°C, Rain, humidity: 84%
2026-03-30 19:21:35,467 - root - INFO - [641/1205] Fetching weather for Csillebérc...
2026-03-30 19:21:35,560 - root - INFO - Fetched weather for Csillebérc: 3.4°C, Rain, humidity: 83%
2026-03-30 19:21:36,662 - root - INFO - [642/1205] Fetching weather for Normafa...
2026-03-30 19:21:36,772 - root - INFO - Fetched weather for Normafa: 3.4°C, Rain, humidity: 83%
2026-03-30 19:21:37,874 - root - INFO - [643/1205] Fetching weather for Széchenyihegy...
2026-03-30 19:21:37,996 - root - INFO - Fetched weather for Széchenyihegy: 3.5°C, Rain, humidity: 83%
2026-03-30 19:21:39,098 - root - INFO - [644/1205] Fetching weather for Balatonfőkajár felső...
2026-03-30 19:21:39,207 - root - INFO - Fetched weather for Balatonfőkajár felső: 6.8°C, Clouds, humidity: 69%
2026-03-30 19:21:40,309 - root - INFO - [645/1205] Fetching weather for Piroska...
2026-03-30 19:21:40,421 - root - INFO - Fetched weather for Piroska: 4.7°C, Rain, humidity: 91%
2026-03-30 19:21:41,523 - root - INFO - [646/1205] Fetching weather for Somodor...
2026-03-30 19:21:41,628 - root - INFO - Fetched weather for Somodor: 6.4°C, Clouds, humidity: 79%
2026-03-30 19:21:42,730 - root - INFO - [647/1205] Fetching weather for Középmező...
2026-03-30 19:21:42,829 - root - INFO - Fetched weather for Középmező: 6.4°C, Clouds, humidity: 80%
2026-03-30 19:21:43,931 - root - INFO - [648/1205] Fetching weather for Jobbágyi...
2026-03-30 19:21:44,037 - root - INFO - Fetched weather for Jobbágyi: 6.4°C, Clouds, humidity: 82%
2026-03-30 19:21:45,139 - root - INFO - [649/1205] Fetching weather for Ferihegy...
2026-03-30 19:21:45,232 - root - INFO - Fetched weather for Ferihegy: 5.3°C, Clouds, humidity: 87%
2026-03-30 19:21:46,334 - root - INFO - [650/1205] Fetching weather for Máriapócs...
2026-03-30 19:21:46,437 - root - INFO - Fetched weather for Máriapócs: 6.3°C, Rain, humidity: 89%
2026-03-30 19:21:47,539 - root - INFO - [651/1205] Fetching weather for Máriaudvar...
2026-03-30 19:21:47,660 - root - INFO - Fetched weather for Máriaudvar: 5.5°C, Clouds, humidity: 83%
2026-03-30 19:21:48,762 - root - INFO - [652/1205] Fetching weather for Nagyberki...
2026-03-30 19:21:48,853 - root - INFO - Fetched weather for Nagyberki: 6.3°C, Clouds, humidity: 83%
2026-03-30 19:21:49,955 - root - INFO - [653/1205] Fetching weather for Badacsonytomaj...
2026-03-30 19:21:50,049 - root - INFO - Fetched weather for Badacsonytomaj: 6.9°C, Clouds, humidity: 70%
2026-03-30 19:21:51,150 - root - INFO - [654/1205] Fetching weather for Badacsony...
2026-03-30 19:21:51,259 - root - INFO - Fetched weather for Badacsony: 5.1°C, Clouds, humidity: 72%
2026-03-30 19:21:52,361 - root - INFO - [655/1205] Fetching weather for Badacsonylábdihegy...
2026-03-30 19:21:52,466 - root - INFO - Fetched weather for Badacsonylábdihegy: 5.1°C, Clouds, humidity: 72%
2026-03-30 19:21:53,568 - root - INFO - [656/1205] Fetching weather for Badacsonytördemic-Szigliget...
2026-03-30 19:21:53,659 - root - INFO - Fetched weather for Badacsonytördemic-Szigliget: 5.0°C, Clouds, humidity: 71%
2026-03-30 19:21:54,761 - root - INFO - [657/1205] Fetching weather for Nemesgulács-Kisapáti...
2026-03-30 19:21:54,860 - root - INFO - Fetched weather for Nemesgulács-Kisapáti: 8.8°C, Clouds, humidity: 71%
2026-03-30 19:21:55,962 - root - INFO - [658/1205] Fetching weather for Tapolca...
2026-03-30 19:21:56,057 - root - INFO - Fetched weather for Tapolca: 8.7°C, Clouds, humidity: 72%
2026-03-30 19:21:57,158 - root - INFO - [659/1205] Fetching weather for Uzsabánya alsó...
2026-03-30 19:21:57,273 - root - INFO - Fetched weather for Uzsabánya alsó: 4.8°C, Clouds, humidity: 73%
2026-03-30 19:21:58,375 - root - INFO - [660/1205] Fetching weather for Uzsa...
2026-03-30 19:21:58,481 - root - INFO - Fetched weather for Uzsa: 4.8°C, Clouds, humidity: 72%
2026-03-30 19:21:59,583 - root - INFO - [661/1205] Fetching weather for Sümegi Bazaltbánya...
2026-03-30 19:21:59,686 - root - INFO - Fetched weather for Sümegi Bazaltbánya: 6.7°C, Clouds, humidity: 72%
2026-03-30 19:22:00,788 - root - INFO - [662/1205] Fetching weather for Sümeg...
2026-03-30 19:22:00,894 - root - INFO - Fetched weather for Sümeg: 6.8°C, Clouds, humidity: 72%
2026-03-30 19:22:01,996 - root - INFO - [663/1205] Fetching weather for Gógánfa...
2026-03-30 19:22:02,094 - root - INFO - Fetched weather for Gógánfa: 6.8°C, Clouds, humidity: 72%
2026-03-30 19:22:03,196 - root - INFO - [664/1205] Fetching weather for Ukk...
2026-03-30 19:22:03,286 - root - INFO - Fetched weather for Ukk: 6.9°C, Clouds, humidity: 71%
2026-03-30 19:22:04,388 - root - INFO - [665/1205] Fetching weather for Nemeskeresztúr...
2026-03-30 19:22:04,485 - root - INFO - Fetched weather for Nemeskeresztúr: 6.8°C, Clouds, humidity: 71%
2026-03-30 19:22:05,587 - root - INFO - [666/1205] Fetching weather for Jánosháza...
2026-03-30 19:22:05,695 - root - INFO - Fetched weather for Jánosháza: 6.8°C, Clouds, humidity: 71%
2026-03-30 19:22:06,797 - root - INFO - [667/1205] Fetching weather for Keszthely...
2026-03-30 19:22:06,915 - root - INFO - Fetched weather for Keszthely: 5.1°C, Clouds, humidity: 100%
2026-03-30 19:22:08,017 - root - INFO - [668/1205] Fetching weather for Alsógyenes...
2026-03-30 19:22:08,113 - root - INFO - Fetched weather for Alsógyenes: 5.1°C, Clouds, humidity: 100%
2026-03-30 19:22:09,215 - root - INFO - [669/1205] Fetching weather for Gyenesdiás...
2026-03-30 19:22:09,321 - root - INFO - Fetched weather for Gyenesdiás: 5.1°C, Clouds, humidity: 100%
2026-03-30 19:22:10,423 - root - INFO - [670/1205] Fetching weather for Vonyarcvashegy...
2026-03-30 19:22:10,525 - root - INFO - Fetched weather for Vonyarcvashegy: 5.1°C, Clouds, humidity: 100%
2026-03-30 19:22:11,627 - root - INFO - [671/1205] Fetching weather for Balatongyörök...
2026-03-30 19:22:11,721 - root - INFO - Fetched weather for Balatongyörök: 5.1°C, Clouds, humidity: 100%
2026-03-30 19:22:12,823 - root - INFO - [672/1205] Fetching weather for Becehegy...
2026-03-30 19:22:12,921 - root - INFO - Fetched weather for Becehegy: 5.1°C, Clouds, humidity: 100%
2026-03-30 19:22:14,023 - root - INFO - [673/1205] Fetching weather for Balatonederics...
2026-03-30 19:22:14,121 - root - INFO - Fetched weather for Balatonederics: 5.0°C, Clouds, humidity: 75%
2026-03-30 19:22:15,222 - root - INFO - [674/1205] Fetching weather for Dabronc...
2026-03-30 19:22:15,321 - root - INFO - Fetched weather for Dabronc: 6.9°C, Clouds, humidity: 72%
2026-03-30 19:22:16,423 - root - INFO - [675/1205] Fetching weather for Türje...
2026-03-30 19:22:16,520 - root - INFO - Fetched weather for Türje: 6.8°C, Clouds, humidity: 73%
2026-03-30 19:22:17,622 - root - INFO - [676/1205] Fetching weather for Zalabér-Batyk...
2026-03-30 19:22:17,727 - root - INFO - Fetched weather for Zalabér-Batyk: 6.9°C, Clouds, humidity: 74%
2026-03-30 19:22:18,829 - root - INFO - [677/1205] Fetching weather for Pakod...
2026-03-30 19:22:18,927 - root - INFO - Fetched weather for Pakod: 6.8°C, Clouds, humidity: 74%
2026-03-30 19:22:20,029 - root - INFO - [678/1205] Fetching weather for Pókaszepetk...
2026-03-30 19:22:20,134 - root - INFO - Fetched weather for Pókaszepetk: 7.0°C, Clouds, humidity: 76%
2026-03-30 19:22:21,236 - root - INFO - [679/1205] Fetching weather for Kemendollár...
2026-03-30 19:22:21,340 - root - INFO - Fetched weather for Kemendollár: 4.9°C, Clouds, humidity: 76%
2026-03-30 19:22:22,442 - root - INFO - [680/1205] Fetching weather for Zalaegerszeg...
2026-03-30 19:22:22,539 - root - INFO - Fetched weather for Zalaegerszeg: 4.7°C, Clouds, humidity: 77%
2026-03-30 19:22:23,641 - root - INFO - [681/1205] Fetching weather for Bocfölde...
2026-03-30 19:22:23,754 - root - INFO - Fetched weather for Bocfölde: 4.8°C, Clouds, humidity: 78%
2026-03-30 19:22:24,856 - root - INFO - [682/1205] Fetching weather for Sárhida...
2026-03-30 19:22:24,961 - root - INFO - Fetched weather for Sárhida: 4.8°C, Clouds, humidity: 78%
2026-03-30 19:22:26,063 - root - INFO - [683/1205] Fetching weather for Bak...
2026-03-30 19:22:26,164 - root - INFO - Fetched weather for Bak: 4.8°C, Clouds, humidity: 78%
2026-03-30 19:22:27,266 - root - INFO - [684/1205] Fetching weather for Tófej...
2026-03-30 19:22:27,383 - root - INFO - Fetched weather for Tófej: 4.6°C, Clouds, humidity: 77%
2026-03-30 19:22:28,485 - root - INFO - [685/1205] Fetching weather for Gutorfölde...
2026-03-30 19:22:28,596 - root - INFO - Fetched weather for Gutorfölde: 6.6°C, Clouds, humidity: 76%
2026-03-30 19:22:29,698 - root - INFO - [686/1205] Fetching weather for Csömödér-Páka...
2026-03-30 19:22:29,805 - root - INFO - Fetched weather for Csömödér-Páka: 7.4°C, Clouds, humidity: 74%
2026-03-30 19:22:30,907 - root - INFO - [687/1205] Fetching weather for Iklódbördőce...
2026-03-30 19:22:31,009 - root - INFO - Fetched weather for Iklódbördőce: 7.4°C, Clouds, humidity: 73%
2026-03-30 19:22:32,111 - root - INFO - [688/1205] Fetching weather for Lenti...
2026-03-30 19:22:32,212 - root - INFO - Fetched weather for Lenti: 7.3°C, Clouds, humidity: 73%
2026-03-30 19:22:33,314 - root - INFO - [689/1205] Fetching weather for Rédics...
2026-03-30 19:22:33,412 - root - INFO - Fetched weather for Rédics: 7.3°C, Clouds, humidity: 73%
2026-03-30 19:22:34,514 - root - INFO - [690/1205] Fetching weather for Zalalövő...
2026-03-30 19:22:34,610 - root - INFO - Fetched weather for Zalalövő: 6.6°C, Clouds, humidity: 74%
2026-03-30 19:22:35,712 - root - INFO - [691/1205] Fetching weather for Zalaegerszeg-Ola...
2026-03-30 19:22:35,824 - root - INFO - Fetched weather for Zalaegerszeg-Ola: 6.8°C, Clouds, humidity: 77%
2026-03-30 19:22:36,926 - root - INFO - [692/1205] Fetching weather for Andráshida...
2026-03-30 19:22:37,052 - root - INFO - Fetched weather for Andráshida: 6.7°C, Clouds, humidity: 76%
2026-03-30 19:22:38,154 - root - INFO - [693/1205] Fetching weather for Bagod...
2026-03-30 19:22:38,256 - root - INFO - Fetched weather for Bagod: 6.8°C, Clouds, humidity: 76%
2026-03-30 19:22:39,358 - root - INFO - [694/1205] Fetching weather for Zalaszentgyörgy...
2026-03-30 19:22:39,459 - root - INFO - Fetched weather for Zalaszentgyörgy: 6.8°C, Clouds, humidity: 75%
2026-03-30 19:22:40,561 - root - INFO - [695/1205] Fetching weather for Zalacséb-Salomvár...
2026-03-30 19:22:40,664 - root - INFO - Fetched weather for Zalacséb-Salomvár: 6.5°C, Clouds, humidity: 75%
2026-03-30 19:22:41,766 - root - INFO - [696/1205] Fetching weather for Kópháza...
2026-03-30 19:22:41,857 - root - INFO - Fetched weather for Kópháza: 5.7°C, Clouds, humidity: 71%
2026-03-30 19:22:42,959 - root - INFO - [697/1205] Fetching weather for Nagycenk...
2026-03-30 19:22:43,055 - root - INFO - Fetched weather for Nagycenk: 5.8°C, Clouds, humidity: 70%
2026-03-30 19:22:44,157 - root - INFO - [698/1205] Fetching weather for Sopronkövesd...
2026-03-30 19:22:44,249 - root - INFO - Fetched weather for Sopronkövesd: 5.7°C, Clouds, humidity: 69%
2026-03-30 19:22:45,350 - root - INFO - [699/1205] Fetching weather for Lövő...
2026-03-30 19:22:45,462 - root - INFO - Fetched weather for Lövő: 5.8°C, Clouds, humidity: 69%
2026-03-30 19:22:46,564 - root - INFO - [700/1205] Fetching weather for Újkér...
2026-03-30 19:22:46,666 - root - INFO - Fetched weather for Újkér: 5.8°C, Clouds, humidity: 69%
2026-03-30 19:22:47,768 - root - INFO - [701/1205] Fetching weather for Bük...
2026-03-30 19:22:47,876 - root - INFO - Fetched weather for Bük: 5.8°C, Clouds, humidity: 69%
2026-03-30 19:22:48,978 - root - INFO - [702/1205] Fetching weather for Acsád...
2026-03-30 19:22:49,078 - root - INFO - Fetched weather for Acsád: 5.6°C, Clouds, humidity: 69%
2026-03-30 19:22:50,181 - root - INFO - [703/1205] Fetching weather for Salköveskút-Vassurány...
2026-03-30 19:22:50,276 - root - INFO - Fetched weather for Salköveskút-Vassurány: 5.6°C, Clouds, humidity: 69%
2026-03-30 19:22:51,378 - root - INFO - [704/1205] Fetching weather for Zalaszentiván...
2026-03-30 19:22:51,480 - root - INFO - Fetched weather for Zalaszentiván: 4.9°C, Clouds, humidity: 76%
2026-03-30 19:22:52,582 - root - INFO - [705/1205] Fetching weather for Alsónemesapáti...
2026-03-30 19:22:52,682 - root - INFO - Fetched weather for Alsónemesapáti: 4.9°C, Clouds, humidity: 77%
2026-03-30 19:22:53,784 - root - INFO - [706/1205] Fetching weather for Józsa...
2026-03-30 19:22:53,880 - root - INFO - Fetched weather for Józsa: 6.9°C, Rain, humidity: 100%
2026-03-30 19:22:54,981 - root - INFO - [707/1205] Fetching weather for Hajdúszentgyörgy...
2026-03-30 19:22:55,086 - root - INFO - Fetched weather for Hajdúszentgyörgy: 6.8°C, Rain, humidity: 100%
2026-03-30 19:22:56,187 - root - INFO - [708/1205] Fetching weather for Zelemér...
2026-03-30 19:22:56,289 - root - INFO - Fetched weather for Zelemér: 6.8°C, Rain, humidity: 100%
2026-03-30 19:22:57,390 - root - INFO - [709/1205] Fetching weather for Hajdúböszörmény...
2026-03-30 19:22:57,493 - root - INFO - Fetched weather for Hajdúböszörmény: 6.8°C, Rain, humidity: 90%
2026-03-30 19:22:58,595 - root - INFO - [710/1205] Fetching weather for Hajdúvid...
2026-03-30 19:22:58,705 - root - INFO - Fetched weather for Hajdúvid: 6.5°C, Rain, humidity: 89%
2026-03-30 19:22:59,807 - root - INFO - [711/1205] Fetching weather for Hajdúdorog...
2026-03-30 19:22:59,899 - root - INFO - Fetched weather for Hajdúdorog: 6.4°C, Rain, humidity: 88%
2026-03-30 19:23:01,001 - root - INFO - [712/1205] Fetching weather for Hajdúnánás...
2026-03-30 19:23:01,118 - root - INFO - Fetched weather for Hajdúnánás: 6.5°C, Rain, humidity: 88%
2026-03-30 19:23:02,219 - root - INFO - [713/1205] Fetching weather for Hajdúnánás-Vásártér...
2026-03-30 19:23:02,310 - root - INFO - Fetched weather for Hajdúnánás-Vásártér: 6.5°C, Rain, humidity: 88%
2026-03-30 19:23:03,412 - root - INFO - [714/1205] Fetching weather for Tedej...
2026-03-30 19:23:03,517 - root - INFO - Fetched weather for Tedej: 7.7°C, Rain, humidity: 87%
2026-03-30 19:23:04,619 - root - INFO - [715/1205] Fetching weather for Tiszavasvári...
2026-03-30 19:23:04,718 - root - INFO - Fetched weather for Tiszavasvári: 7.7°C, Rain, humidity: 86%
2026-03-30 19:23:05,820 - root - INFO - [716/1205] Fetching weather for Egyházerdő...
2026-03-30 19:23:05,922 - root - INFO - Fetched weather for Egyházerdő: 7.7°C, Rain, humidity: 86%
2026-03-30 19:23:07,024 - root - INFO - [717/1205] Fetching weather for Tiszalök...
2026-03-30 19:23:07,139 - root - INFO - Fetched weather for Tiszalök: 7.6°C, Rain, humidity: 86%
2026-03-30 19:23:08,241 - root - INFO - [718/1205] Fetching weather for Hajnalos...
2026-03-30 19:23:08,352 - root - INFO - Fetched weather for Hajnalos: 7.7°C, Rain, humidity: 86%
2026-03-30 19:23:09,454 - root - INFO - [719/1205] Fetching weather for Kisfástanya...
2026-03-30 19:23:09,544 - root - INFO - Fetched weather for Kisfástanya: 7.6°C, Rain, humidity: 86%
2026-03-30 19:23:10,646 - root - INFO - [720/1205] Fetching weather for Tiszaeszlár...
2026-03-30 19:23:10,746 - root - INFO - Fetched weather for Tiszaeszlár: 7.6°C, Rain, humidity: 86%
2026-03-30 19:23:11,848 - root - INFO - [721/1205] Fetching weather for Bashalom...
2026-03-30 19:23:11,939 - root - INFO - Fetched weather for Bashalom: 7.6°C, Rain, humidity: 86%
2026-03-30 19:23:13,041 - root - INFO - [722/1205] Fetching weather for Sáránd...
2026-03-30 19:23:13,145 - root - INFO - Fetched weather for Sáránd: 7.0°C, Clouds, humidity: 100%
2026-03-30 19:23:14,247 - root - INFO - [723/1205] Fetching weather for Derecske...
2026-03-30 19:23:14,342 - root - INFO - Fetched weather for Derecske: 7.1°C, Clouds, humidity: 100%
2026-03-30 19:23:15,444 - root - INFO - [724/1205] Fetching weather for Derecske-Vásártér...
2026-03-30 19:23:15,535 - root - INFO - Fetched weather for Derecske-Vásártér: 7.1°C, Clouds, humidity: 100%
2026-03-30 19:23:16,637 - root - INFO - [725/1205] Fetching weather for Konyár...
2026-03-30 19:23:16,753 - root - INFO - Fetched weather for Konyár: 7.0°C, Clouds, humidity: 100%
2026-03-30 19:23:17,855 - root - INFO - [726/1205] Fetching weather for Konyári Sóstófürdő...
2026-03-30 19:23:17,957 - root - INFO - Fetched weather for Konyári Sóstófürdő: 7.1°C, Clouds, humidity: 92%
2026-03-30 19:23:19,059 - root - INFO - [727/1205] Fetching weather for Pocsaj-Esztár...
2026-03-30 19:23:19,160 - root - INFO - Fetched weather for Pocsaj-Esztár: 7.0°C, Clouds, humidity: 92%
2026-03-30 19:23:20,262 - root - INFO - [728/1205] Fetching weather for Kismarja...
2026-03-30 19:23:20,370 - root - INFO - Fetched weather for Kismarja: 8.0°C, Clouds, humidity: 92%
2026-03-30 19:23:21,472 - root - INFO - [729/1205] Fetching weather for Nagykereki...
2026-03-30 19:23:21,570 - root - INFO - Fetched weather for Nagykereki: 8.0°C, Clouds, humidity: 93%
2026-03-30 19:23:22,672 - root - INFO - [730/1205] Fetching weather for Debrecen-Szabadságtelep...
2026-03-30 19:23:22,762 - root - INFO - Fetched weather for Debrecen-Szabadságtelep: 6.9°C, Clouds, humidity: 100%
2026-03-30 19:23:23,864 - root - INFO - [731/1205] Fetching weather for Kondoroskert...
2026-03-30 19:23:23,960 - root - INFO - Fetched weather for Kondoroskert: 6.9°C, Clouds, humidity: 100%
2026-03-30 19:23:25,062 - root - INFO - [732/1205] Fetching weather for Nagycsere...
2026-03-30 19:23:25,183 - root - INFO - Fetched weather for Nagycsere: 6.9°C, Clouds, humidity: 100%
2026-03-30 19:23:26,285 - root - INFO - [733/1205] Fetching weather for Haláp...
2026-03-30 19:23:26,382 - root - INFO - Fetched weather for Haláp: 6.9°C, Rain, humidity: 100%
2026-03-30 19:23:27,484 - root - INFO - [734/1205] Fetching weather for Vámospércs...
2026-03-30 19:23:27,593 - root - INFO - Fetched weather for Vámospércs: 6.8°C, Rain, humidity: 91%
2026-03-30 19:23:28,694 - root - INFO - [735/1205] Fetching weather for Szentannapuszta...
2026-03-30 19:23:28,802 - root - INFO - Fetched weather for Szentannapuszta: 6.8°C, Rain, humidity: 91%
2026-03-30 19:23:29,904 - root - INFO - [736/1205] Fetching weather for Nyírábrány...
2026-03-30 19:23:30,009 - root - INFO - Fetched weather for Nyírábrány: 6.6°C, Rain, humidity: 91%
2026-03-30 19:23:31,111 - root - INFO - [737/1205] Fetching weather for Dombostanya...
2026-03-30 19:23:31,219 - root - INFO - Fetched weather for Dombostanya: 6.8°C, Clouds, humidity: 100%
2026-03-30 19:23:32,321 - root - INFO - [738/1205] Fetching weather for Hajdúsámson...
2026-03-30 19:23:32,420 - root - INFO - Fetched weather for Hajdúsámson: 6.8°C, Clouds, humidity: 100%
2026-03-30 19:23:33,522 - root - INFO - [739/1205] Fetching weather for Tamásipuszta...
2026-03-30 19:23:33,617 - root - INFO - Fetched weather for Tamásipuszta: 6.8°C, Rain, humidity: 91%
2026-03-30 19:23:34,719 - root - INFO - [740/1205] Fetching weather for Aradványpuszta...
2026-03-30 19:23:34,810 - root - INFO - Fetched weather for Aradványpuszta: 6.7°C, Rain, humidity: 90%
2026-03-30 19:23:35,912 - root - INFO - [741/1205] Fetching weather for Nyíradony...
2026-03-30 19:23:36,014 - root - INFO - Fetched weather for Nyíradony: 6.3°C, Clouds, humidity: 90%
2026-03-30 19:23:37,116 - root - INFO - [742/1205] Fetching weather for Nyírmihálydi...
2026-03-30 19:23:37,221 - root - INFO - Fetched weather for Nyírmihálydi: 6.3°C, Rain, humidity: 90%
2026-03-30 19:23:38,323 - root - INFO - [743/1205] Fetching weather for Nyírgelse...
2026-03-30 19:23:38,424 - root - INFO - Fetched weather for Nyírgelse: 6.2°C, Rain, humidity: 90%
2026-03-30 19:23:39,526 - root - INFO - [744/1205] Fetching weather for Nyírbogát...
2026-03-30 19:23:39,623 - root - INFO - Fetched weather for Nyírbogát: 6.3°C, Clouds, humidity: 90%
2026-03-30 19:23:40,725 - root - INFO - [745/1205] Fetching weather for Nagykálló...
2026-03-30 19:23:40,823 - root - INFO - Fetched weather for Nagykálló: 6.3°C, Clouds, humidity: 89%
2026-03-30 19:23:41,925 - root - INFO - [746/1205] Fetching weather for Kállósemjén...
2026-03-30 19:23:42,027 - root - INFO - Fetched weather for Kállósemjén: 6.3°C, Clouds, humidity: 89%
2026-03-30 19:23:43,129 - root - INFO - [747/1205] Fetching weather for Nyírbátor...
2026-03-30 19:23:43,233 - root - INFO - Fetched weather for Nyírbátor: 6.3°C, Rain, humidity: 89%
2026-03-30 19:23:44,335 - root - INFO - [748/1205] Fetching weather for Nyírcsászári...
2026-03-30 19:23:44,512 - root - INFO - Fetched weather for Nyírcsászári: 6.4°C, Rain, humidity: 89%
2026-03-30 19:23:45,614 - root - INFO - [749/1205] Fetching weather for Hodász...
2026-03-30 19:23:45,710 - root - INFO - Fetched weather for Hodász: 6.3°C, Rain, humidity: 89%
2026-03-30 19:23:46,812 - root - INFO - [750/1205] Fetching weather for Nyírmeggyes...
2026-03-30 19:23:46,921 - root - INFO - Fetched weather for Nyírmeggyes: 6.4°C, Clouds, humidity: 89%
2026-03-30 19:23:48,023 - root - INFO - [751/1205] Fetching weather for Mátészalka...
2026-03-30 19:23:48,114 - root - INFO - Fetched weather for Mátészalka: 6.5°C, Clouds, humidity: 89%
2026-03-30 19:23:49,215 - root - INFO - [752/1205] Fetching weather for Kocsord...
2026-03-30 19:23:49,321 - root - INFO - Fetched weather for Kocsord: 6.7°C, Clouds, humidity: 89%
2026-03-30 19:23:50,422 - root - INFO - [753/1205] Fetching weather for Kocsord alsó...
2026-03-30 19:23:50,514 - root - INFO - Fetched weather for Kocsord alsó: 6.7°C, Clouds, humidity: 89%
2026-03-30 19:23:51,616 - root - INFO - [754/1205] Fetching weather for Győrtelek...
2026-03-30 19:23:51,719 - root - INFO - Fetched weather for Győrtelek: 6.8°C, Clouds, humidity: 89%
2026-03-30 19:23:52,821 - root - INFO - [755/1205] Fetching weather for Győrtelek alsó...
2026-03-30 19:23:52,938 - root - INFO - Fetched weather for Győrtelek alsó: 6.8°C, Clouds, humidity: 89%
2026-03-30 19:23:54,040 - root - INFO - [756/1205] Fetching weather for Ököritófülpös...
2026-03-30 19:23:54,138 - root - INFO - Fetched weather for Ököritófülpös: 6.8°C, Clouds, humidity: 89%
2026-03-30 19:23:55,240 - root - INFO - [757/1205] Fetching weather for Porcsalma-Tyukod...
2026-03-30 19:23:55,333 - root - INFO - Fetched weather for Porcsalma-Tyukod: 7.8°C, Clouds, humidity: 90%
2026-03-30 19:23:56,434 - root - INFO - [758/1205] Fetching weather for Csenger...
2026-03-30 19:23:56,538 - root - INFO - Fetched weather for Csenger: 7.8°C, Clouds, humidity: 90%
2026-03-30 19:23:57,640 - root - INFO - [759/1205] Fetching weather for Kisfái...
2026-03-30 19:23:57,753 - root - INFO - Fetched weather for Kisfái: 5.0°C, Clouds, humidity: 87%
2026-03-30 19:23:58,855 - root - INFO - [760/1205] Fetching weather for Nyárlőrinci szőlők...
2026-03-30 19:23:58,961 - root - INFO - Fetched weather for Nyárlőrinci szőlők: 5.0°C, Clouds, humidity: 87%
2026-03-30 19:24:00,063 - root - INFO - [761/1205] Fetching weather for Nyárlőrinc alsó...
2026-03-30 19:24:00,166 - root - INFO - Fetched weather for Nyárlőrinc alsó: 5.0°C, Clouds, humidity: 87%
2026-03-30 19:24:01,267 - root - INFO - [762/1205] Fetching weather for Tiszaug-Tiszahídfő...
2026-03-30 19:24:01,383 - root - INFO - Fetched weather for Tiszaug-Tiszahídfő: 5.4°C, Clouds, humidity: 90%
2026-03-30 19:24:02,485 - root - INFO - [763/1205] Fetching weather for Csongrádi úti tanyák...
2026-03-30 19:24:02,582 - root - INFO - Fetched weather for Csongrádi úti tanyák: 5.6°C, Clouds, humidity: 96%
2026-03-30 19:24:03,684 - root - INFO - [764/1205] Fetching weather for Kettőshalom...
2026-03-30 19:24:03,776 - root - INFO - Fetched weather for Kettőshalom: 5.6°C, Clouds, humidity: 96%
2026-03-30 19:24:04,878 - root - INFO - [765/1205] Fetching weather for Csongrád alsó...
2026-03-30 19:24:04,979 - root - INFO - Fetched weather for Csongrád alsó: 6.7°C, Clouds, humidity: 88%
2026-03-30 19:24:06,081 - root - INFO - [766/1205] Fetching weather for Dónát...
2026-03-30 19:24:06,184 - root - INFO - Fetched weather for Dónát: 6.7°C, Clouds, humidity: 88%
2026-03-30 19:24:07,286 - root - INFO - [767/1205] Fetching weather for Pusztatemplom...
2026-03-30 19:24:07,393 - root - INFO - Fetched weather for Pusztatemplom: 6.7°C, Clouds, humidity: 88%
2026-03-30 19:24:08,495 - root - INFO - [768/1205] Fetching weather for Előhát...
2026-03-30 19:24:08,585 - root - INFO - Fetched weather for Előhát: 5.6°C, Clouds, humidity: 94%
2026-03-30 19:24:09,687 - root - INFO - [769/1205] Fetching weather for Polgárdi-Tekerespuszta...
2026-03-30 19:24:09,780 - root - INFO - Fetched weather for Polgárdi-Tekerespuszta: 7.1°C, Clouds, humidity: 70%
2026-03-30 19:24:10,881 - root - INFO - [770/1205] Fetching weather for Szatina-Kishajmás...
2026-03-30 19:24:10,980 - root - INFO - Fetched weather for Szatina-Kishajmás: 4.2°C, Clouds, humidity: 88%
2026-03-30 19:24:12,082 - root - INFO - [771/1205] Fetching weather for Márok...
2026-03-30 19:24:12,183 - root - INFO - Fetched weather for Márok: 4.5°C, Clouds, humidity: 86%
2026-03-30 19:24:13,285 - root - INFO - [772/1205] Fetching weather for Nagynyárád...
2026-03-30 19:24:13,383 - root - INFO - Fetched weather for Nagynyárád: 5.3°C, Clouds, humidity: 84%
2026-03-30 19:24:14,485 - root - INFO - [773/1205] Fetching weather for Szászvár...
2026-03-30 19:24:14,584 - root - INFO - Fetched weather for Szászvár: 5.8°C, Clouds, humidity: 85%
2026-03-30 19:24:15,686 - root - INFO - [774/1205] Fetching weather for Cikó...
2026-03-30 19:24:15,778 - root - INFO - Fetched weather for Cikó: 6.1°C, Clouds, humidity: 84%
2026-03-30 19:24:16,880 - root - INFO - [775/1205] Fetching weather for Gyöngyfa-Magyarmecske...
2026-03-30 19:24:16,973 - root - INFO - Fetched weather for Gyöngyfa-Magyarmecske: 4.6°C, Clouds, humidity: 91%
2026-03-30 19:24:18,075 - root - INFO - [776/1205] Fetching weather for Nagyhát...
2026-03-30 19:24:18,187 - root - INFO - Fetched weather for Nagyhát: 6.9°C, Clouds, humidity: 100%
2026-03-30 19:24:19,289 - root - INFO - [777/1205] Fetching weather for Balmazújváros...
2026-03-30 19:24:19,391 - root - INFO - Fetched weather for Balmazújváros: 7.1°C, Clouds, humidity: 90%
2026-03-30 19:24:20,492 - root - INFO - [778/1205] Fetching weather for Kónya...
2026-03-30 19:24:20,607 - root - INFO - Fetched weather for Kónya: 6.6°C, Clouds, humidity: 89%
2026-03-30 19:24:21,709 - root - INFO - [779/1205] Fetching weather for Hortobágy...
2026-03-30 19:24:21,816 - root - INFO - Fetched weather for Hortobágy: 6.6°C, Clouds, humidity: 89%
2026-03-30 19:24:22,918 - root - INFO - [780/1205] Fetching weather for Hortobágyi Halastó...
2026-03-30 19:24:23,012 - root - INFO - Fetched weather for Hortobágyi Halastó: 6.6°C, Clouds, humidity: 89%
2026-03-30 19:24:24,114 - root - INFO - [781/1205] Fetching weather for Ohat-Pusztakócs...
2026-03-30 19:24:24,218 - root - INFO - Fetched weather for Ohat-Pusztakócs: 6.6°C, Clouds, humidity: 89%
2026-03-30 19:24:25,319 - root - INFO - [782/1205] Fetching weather for Egyek...
2026-03-30 19:24:25,416 - root - INFO - Fetched weather for Egyek: 5.5°C, Clouds, humidity: 88%
2026-03-30 19:24:26,518 - root - INFO - [783/1205] Fetching weather for Tiszafüred...
2026-03-30 19:24:26,622 - root - INFO - Fetched weather for Tiszafüred: 5.5°C, Clouds, humidity: 88%
2026-03-30 19:24:27,724 - root - INFO - [784/1205] Fetching weather for Poroszló...
2026-03-30 19:24:27,826 - root - INFO - Fetched weather for Poroszló: 5.5°C, Clouds, humidity: 88%
2026-03-30 19:24:28,928 - root - INFO - [785/1205] Fetching weather for Kétútköz...
2026-03-30 19:24:29,030 - root - INFO - Fetched weather for Kétútköz: 5.5°C, Clouds, humidity: 87%
2026-03-30 19:24:30,132 - root - INFO - [786/1205] Fetching weather for Egerfarmos...
2026-03-30 19:24:30,223 - root - INFO - Fetched weather for Egerfarmos: 5.5°C, Clouds, humidity: 87%
2026-03-30 19:24:31,325 - root - INFO - [787/1205] Fetching weather for Piliscsaba...
2026-03-30 19:24:31,444 - root - INFO - Fetched weather for Piliscsaba: 4.8°C, Rain, humidity: 87%
2026-03-30 19:24:32,545 - root - INFO - [788/1205] Fetching weather for Pilisjászfalu...
2026-03-30 19:24:32,637 - root - INFO - Fetched weather for Pilisjászfalu: 5.0°C, Clouds, humidity: 89%
2026-03-30 19:24:33,738 - root - INFO - [789/1205] Fetching weather for Leányvár...
2026-03-30 19:24:33,839 - root - INFO - Fetched weather for Leányvár: 5.1°C, Clouds, humidity: 89%
2026-03-30 19:24:34,941 - root - INFO - [790/1205] Fetching weather for Dorog...
2026-03-30 19:24:35,045 - root - INFO - Fetched weather for Dorog: 5.3°C, Clouds, humidity: 81%
2026-03-30 19:24:36,147 - root - INFO - [791/1205] Fetching weather for Esztergom-Kertváros...
2026-03-30 19:24:36,270 - root - INFO - Fetched weather for Esztergom-Kertváros: 5.3°C, Clouds, humidity: 80%
2026-03-30 19:24:37,372 - root - INFO - [792/1205] Fetching weather for Esztergom...
2026-03-30 19:24:37,467 - root - INFO - Fetched weather for Esztergom: 5.4°C, Clouds, humidity: 80%
2026-03-30 19:24:38,569 - root - INFO - [793/1205] Fetching weather for Dunaalmás...
2026-03-30 19:24:38,662 - root - INFO - Fetched weather for Dunaalmás: 6.8°C, Clouds, humidity: 74%
2026-03-30 19:24:39,763 - root - INFO - [794/1205] Fetching weather for Neszmély...
2026-03-30 19:24:39,862 - root - INFO - Fetched weather for Neszmély: 6.8°C, Clouds, humidity: 74%
2026-03-30 19:24:40,964 - root - INFO - [795/1205] Fetching weather for Süttő...
2026-03-30 19:24:41,056 - root - INFO - Fetched weather for Süttő: 6.8°C, Rain, humidity: 76%
2026-03-30 19:24:42,158 - root - INFO - [796/1205] Fetching weather for Piszke...
2026-03-30 19:24:42,247 - root - INFO - Fetched weather for Piszke: 6.8°C, Rain, humidity: 77%
2026-03-30 19:24:43,349 - root - INFO - [797/1205] Fetching weather for Lábatlan...
2026-03-30 19:24:43,472 - root - INFO - Fetched weather for Lábatlan: 6.8°C, Rain, humidity: 77%
2026-03-30 19:24:44,573 - root - INFO - [798/1205] Fetching weather for Eternitgyár...
2026-03-30 19:24:44,671 - root - INFO - Fetched weather for Eternitgyár: 6.8°C, Rain, humidity: 77%
2026-03-30 19:24:45,773 - root - INFO - [799/1205] Fetching weather for Nyergesújfalu felső...
2026-03-30 19:24:45,874 - root - INFO - Fetched weather for Nyergesújfalu felső: 6.8°C, Rain, humidity: 77%
2026-03-30 19:24:46,976 - root - INFO - [800/1205] Fetching weather for Nyergesújfalu...
2026-03-30 19:24:47,072 - root - INFO - Fetched weather for Nyergesújfalu: 6.7°C, Clouds, humidity: 78%
2026-03-30 19:24:48,174 - root - INFO - [801/1205] Fetching weather for Tokod...
2026-03-30 19:24:48,266 - root - INFO - Fetched weather for Tokod: 5.4°C, Rain, humidity: 80%
2026-03-30 19:24:49,368 - root - INFO - [802/1205] Fetching weather for Környe...
2026-03-30 19:24:49,471 - root - INFO - Fetched weather for Környe: 6.4°C, Clouds, humidity: 77%
2026-03-30 19:24:50,573 - root - INFO - [803/1205] Fetching weather for Kecskéd alsó...
2026-03-30 19:24:50,664 - root - INFO - Fetched weather for Kecskéd alsó: 6.5°C, Clouds, humidity: 76%
2026-03-30 19:24:51,766 - root - INFO - [804/1205] Fetching weather for Oroszlány...
2026-03-30 19:24:51,867 - root - INFO - Fetched weather for Oroszlány: 6.3°C, Clouds, humidity: 76%
2026-03-30 19:24:52,969 - root - INFO - [805/1205] Fetching weather for Győrszabadhegy...
2026-03-30 19:24:53,072 - root - INFO - Fetched weather for Győrszabadhegy: 6.1°C, Clear, humidity: 75%
2026-03-30 19:24:54,174 - root - INFO - [806/1205] Fetching weather for Ménfőcsanak felső...
2026-03-30 19:24:54,269 - root - INFO - Fetched weather for Ménfőcsanak felső: 6.1°C, Clear, humidity: 75%
2026-03-30 19:24:55,371 - root - INFO - [807/1205] Fetching weather for Gyömöre-Tét...
2026-03-30 19:24:55,471 - root - INFO - Fetched weather for Gyömöre-Tét: 7.0°C, Clear, humidity: 70%
2026-03-30 19:24:56,572 - root - INFO - [808/1205] Fetching weather for Szerecseny...
2026-03-30 19:24:56,676 - root - INFO - Fetched weather for Szerecseny: 7.0°C, Clear, humidity: 70%
2026-03-30 19:24:57,777 - root - INFO - [809/1205] Fetching weather for Gecse-Gyarmat...
2026-03-30 19:24:57,876 - root - INFO - Fetched weather for Gecse-Gyarmat: 7.0°C, Clear, humidity: 70%
2026-03-30 19:24:58,978 - root - INFO - [810/1205] Fetching weather for Vaszar...
2026-03-30 19:24:59,073 - root - INFO - Fetched weather for Vaszar: 7.1°C, Clear, humidity: 70%
2026-03-30 19:25:00,175 - root - INFO - [811/1205] Fetching weather for Pápa...
2026-03-30 19:25:00,279 - root - INFO - Fetched weather for Pápa: 7.0°C, Rain, humidity: 70%
2026-03-30 19:25:01,381 - root - INFO - [812/1205] Fetching weather for Mezőlak...
2026-03-30 19:25:01,474 - root - INFO - Fetched weather for Mezőlak: 7.1°C, Rain, humidity: 70%
2026-03-30 19:25:02,576 - root - INFO - [813/1205] Fetching weather for Mihályháza...
2026-03-30 19:25:02,671 - root - INFO - Fetched weather for Mihályháza: 7.1°C, Rain, humidity: 70%
2026-03-30 19:25:03,773 - root - INFO - [814/1205] Fetching weather for Vinár...
2026-03-30 19:25:03,865 - root - INFO - Fetched weather for Vinár: 7.1°C, Rain, humidity: 70%
2026-03-30 19:25:04,967 - root - INFO - [815/1205] Fetching weather for Külsővat...
2026-03-30 19:25:05,066 - root - INFO - Fetched weather for Külsővat: 7.1°C, Clouds, humidity: 71%
2026-03-30 19:25:06,168 - root - INFO - [816/1205] Fetching weather for Celldömölk...
2026-03-30 19:25:06,266 - root - INFO - Fetched weather for Celldömölk: 7.1°C, Clouds, humidity: 70%
2026-03-30 19:25:07,368 - root - INFO - [817/1205] Fetching weather for Kemenesmihályfa...
2026-03-30 19:25:07,458 - root - INFO - Fetched weather for Kemenesmihályfa: 6.5°C, Clouds, humidity: 70%
2026-03-30 19:25:08,560 - root - INFO - [818/1205] Fetching weather for Nagysimonyi...
2026-03-30 19:25:08,675 - root - INFO - Fetched weather for Nagysimonyi: 6.6°C, Clouds, humidity: 70%
2026-03-30 19:25:09,777 - root - INFO - [819/1205] Fetching weather for Ostffyasszonyfa...
2026-03-30 19:25:09,880 - root - INFO - Fetched weather for Ostffyasszonyfa: 6.7°C, Clouds, humidity: 70%
2026-03-30 19:25:10,982 - root - INFO - [820/1205] Fetching weather for Sárvár...
2026-03-30 19:25:11,092 - root - INFO - Fetched weather for Sárvár: 6.7°C, Clouds, humidity: 70%
2026-03-30 19:25:12,194 - root - INFO - [821/1205] Fetching weather for Porpác...
2026-03-30 19:25:12,306 - root - INFO - Fetched weather for Porpác: 5.8°C, Clouds, humidity: 70%
2026-03-30 19:25:13,408 - root - INFO - [822/1205] Fetching weather for Balatonföldvár...
2026-03-30 19:25:13,514 - root - INFO - Fetched weather for Balatonföldvár: 7.2°C, Clouds, humidity: 59%
2026-03-30 19:25:14,616 - root - INFO - [823/1205] Fetching weather for Balatonszárszó...
2026-03-30 19:25:14,717 - root - INFO - Fetched weather for Balatonszárszó: 7.2°C, Clouds, humidity: 53%
2026-03-30 19:25:15,818 - root - INFO - [824/1205] Fetching weather for Balatonszemes...
2026-03-30 19:25:15,913 - root - INFO - Fetched weather for Balatonszemes: 7.2°C, Clouds, humidity: 53%
2026-03-30 19:25:17,014 - root - INFO - [825/1205] Fetching weather for Balatonlelle felső...
2026-03-30 19:25:17,121 - root - INFO - Fetched weather for Balatonlelle felső: 7.2°C, Clouds, humidity: 53%
2026-03-30 19:25:18,223 - root - INFO - [826/1205] Fetching weather for Balatonlelle...
2026-03-30 19:25:18,337 - root - INFO - Fetched weather for Balatonlelle: 7.2°C, Clouds, humidity: 67%
2026-03-30 19:25:19,439 - root - INFO - [827/1205] Fetching weather for Fonyódliget...
2026-03-30 19:25:19,635 - root - INFO - Fetched weather for Fonyódliget: 7.2°C, Clouds, humidity: 69%
2026-03-30 19:25:20,737 - root - INFO - [828/1205] Fetching weather for Balatonboglár...
2026-03-30 19:25:20,839 - root - INFO - Fetched weather for Balatonboglár: 7.2°C, Clouds, humidity: 68%
2026-03-30 19:25:21,940 - root - INFO - [829/1205] Fetching weather for Balatonfenyves alsó...
2026-03-30 19:25:22,041 - root - INFO - Fetched weather for Balatonfenyves alsó: 5.1°C, Clouds, humidity: 75%
2026-03-30 19:25:23,143 - root - INFO - [830/1205] Fetching weather for Fonyód...
2026-03-30 19:25:23,234 - root - INFO - Fetched weather for Fonyód: 7.0°C, Clouds, humidity: 70%
2026-03-30 19:25:24,336 - root - INFO - [831/1205] Fetching weather for Bélatelep...
2026-03-30 19:25:24,522 - root - INFO - Fetched weather for Bélatelep: 5.1°C, Clouds, humidity: 72%
2026-03-30 19:25:25,624 - root - INFO - [832/1205] Fetching weather for Alsóbélatelep...
2026-03-30 19:25:25,739 - root - INFO - Fetched weather for Alsóbélatelep: 5.1°C, Clouds, humidity: 72%
2026-03-30 19:25:26,840 - root - INFO - [833/1205] Fetching weather for Balatonfenyves...
2026-03-30 19:25:26,937 - root - INFO - Fetched weather for Balatonfenyves: 5.1°C, Clouds, humidity: 74%
2026-03-30 19:25:28,039 - root - INFO - [834/1205] Fetching weather for Máriahullámtelep...
2026-03-30 19:25:28,138 - root - INFO - Fetched weather for Máriahullámtelep: 5.1°C, Clouds, humidity: 75%
2026-03-30 19:25:29,239 - root - INFO - [835/1205] Fetching weather for Balatonmáriafürdő...
2026-03-30 19:25:29,352 - root - INFO - Fetched weather for Balatonmáriafürdő: 5.1°C, Clouds, humidity: 100%
2026-03-30 19:25:30,454 - root - INFO - [836/1205] Fetching weather for Balatonberény...
2026-03-30 19:25:30,569 - root - INFO - Fetched weather for Balatonberény: 5.0°C, Clouds, humidity: 100%
2026-03-30 19:25:31,671 - root - INFO - [837/1205] Fetching weather for Balatonszentgyörgy...
2026-03-30 19:25:31,774 - root - INFO - Fetched weather for Balatonszentgyörgy: 5.1°C, Clouds, humidity: 100%
2026-03-30 19:25:32,875 - root - INFO - [838/1205] Fetching weather for Vörs...
2026-03-30 19:25:32,974 - root - INFO - Fetched weather for Vörs: 5.1°C, Clouds, humidity: 100%
2026-03-30 19:25:34,076 - root - INFO - [839/1205] Fetching weather for Zalaszentjakab...
2026-03-30 19:25:34,193 - root - INFO - Fetched weather for Zalaszentjakab: 4.9°C, Clouds, humidity: 81%
2026-03-30 19:25:35,295 - root - INFO - [840/1205] Fetching weather for Nagykanizsa...
2026-03-30 19:25:35,389 - root - INFO - Fetched weather for Nagykanizsa: 6.9°C, Clouds, humidity: 79%
2026-03-30 19:25:36,490 - root - INFO - [841/1205] Fetching weather for Murakeresztúr...
2026-03-30 19:25:36,598 - root - INFO - Fetched weather for Murakeresztúr: 6.9°C, Clouds, humidity: 76%
2026-03-30 19:25:37,700 - root - INFO - [842/1205] Fetching weather for Zalakomár...
2026-03-30 19:25:37,802 - root - INFO - Fetched weather for Zalakomár: 4.9°C, Clouds, humidity: 100%
2026-03-30 19:25:38,904 - root - INFO - [843/1205] Fetching weather for Szárazrét...
2026-03-30 19:25:39,012 - root - INFO - Fetched weather for Szárazrét: 6.7°C, Clouds, humidity: 74%
2026-03-30 19:25:40,114 - root - INFO - [844/1205] Fetching weather for Bodajk...
2026-03-30 19:25:40,222 - root - INFO - Fetched weather for Bodajk: 6.6°C, Clouds, humidity: 74%
2026-03-30 19:25:41,324 - root - INFO - [845/1205] Fetching weather for Csókakő...
2026-03-30 19:25:41,421 - root - INFO - Fetched weather for Csókakő: 6.3°C, Clouds, humidity: 74%
2026-03-30 19:25:42,522 - root - INFO - [846/1205] Fetching weather for Mór...
2026-03-30 19:25:42,627 - root - INFO - Fetched weather for Mór: 6.4°C, Clouds, humidity: 74%
2026-03-30 19:25:43,729 - root - INFO - [847/1205] Fetching weather for Bakonysárkány...
2026-03-30 19:25:43,832 - root - INFO - Fetched weather for Bakonysárkány: 5.3°C, Clouds, humidity: 73%
2026-03-30 19:25:44,934 - root - INFO - [848/1205] Fetching weather for Kisbér...
2026-03-30 19:25:45,033 - root - INFO - Fetched weather for Kisbér: 5.6°C, Clouds, humidity: 73%
2026-03-30 19:25:46,135 - root - INFO - [849/1205] Fetching weather for Nagyigmánd-Bábolna...
2026-03-30 19:25:46,237 - root - INFO - Fetched weather for Nagyigmánd-Bábolna: 6.0°C, Clear, humidity: 75%
2026-03-30 19:25:47,338 - root - INFO - [850/1205] Fetching weather for Budapest-Déli...
2026-03-30 19:25:47,443 - root - INFO - Fetched weather for Budapest-Déli: 5.4°C, Rain, humidity: 83%
2026-03-30 19:25:48,544 - root - INFO - [851/1205] Fetching weather for Budapest-Kelenföld...
2026-03-30 19:25:48,643 - root - INFO - Fetched weather for Budapest-Kelenföld: 5.5°C, Rain, humidity: 83%
2026-03-30 19:25:49,745 - root - INFO - [852/1205] Fetching weather for Budaörs...
2026-03-30 19:25:49,841 - root - INFO - Fetched weather for Budaörs: 5.3°C, Rain, humidity: 83%
2026-03-30 19:25:50,943 - root - INFO - [853/1205] Fetching weather for Biatorbágy...
2026-03-30 19:25:51,036 - root - INFO - Fetched weather for Biatorbágy: 5.8°C, Rain, humidity: 86%
2026-03-30 19:25:52,138 - root - INFO - [854/1205] Fetching weather for Herceghalom...
2026-03-30 19:25:52,235 - root - INFO - Fetched weather for Herceghalom: 6.0°C, Rain, humidity: 89%
2026-03-30 19:25:53,337 - root - INFO - [855/1205] Fetching weather for Bicske...
2026-03-30 19:25:53,430 - root - INFO - Fetched weather for Bicske: 6.1°C, Clouds, humidity: 81%
2026-03-30 19:25:54,532 - root - INFO - [856/1205] Fetching weather for Szár...
2026-03-30 19:25:54,631 - root - INFO - Fetched weather for Szár: 5.9°C, Rain, humidity: 80%
2026-03-30 19:25:55,733 - root - INFO - [857/1205] Fetching weather for Szárliget...
2026-03-30 19:25:55,832 - root - INFO - Fetched weather for Szárliget: 5.7°C, Rain, humidity: 79%
2026-03-30 19:25:56,934 - root - INFO - [858/1205] Fetching weather for Alsógalla...
2026-03-30 19:25:57,025 - root - INFO - Fetched weather for Alsógalla: 6.5°C, Clouds, humidity: 78%
2026-03-30 19:25:58,127 - root - INFO - [859/1205] Fetching weather for Tatabánya...
2026-03-30 19:25:58,223 - root - INFO - Fetched weather for Tatabánya: 6.5°C, Clouds, humidity: 77%
2026-03-30 19:25:59,325 - root - INFO - [860/1205] Fetching weather for Vértesszőlős...
2026-03-30 19:25:59,417 - root - INFO - Fetched weather for Vértesszőlős: 6.6°C, Clouds, humidity: 77%
2026-03-30 19:26:00,519 - root - INFO - [861/1205] Fetching weather for Tóvároskert...
2026-03-30 19:26:00,616 - root - INFO - Fetched weather for Tóvároskert: 6.6°C, Clouds, humidity: 76%
2026-03-30 19:26:01,718 - root - INFO - [862/1205] Fetching weather for Tata...
2026-03-30 19:26:01,810 - root - INFO - Fetched weather for Tata: 6.6°C, Clouds, humidity: 75%
2026-03-30 19:26:02,912 - root - INFO - [863/1205] Fetching weather for Almásfüzitő...
2026-03-30 19:26:03,008 - root - INFO - Fetched weather for Almásfüzitő: 6.8°C, Clouds, humidity: 73%
2026-03-30 19:26:04,110 - root - INFO - [864/1205] Fetching weather for Almásfüzitő felső...
2026-03-30 19:26:04,302 - root - INFO - Fetched weather for Almásfüzitő felső: 8.4°C, Clouds, humidity: 72%
2026-03-30 19:26:05,404 - root - INFO - [865/1205] Fetching weather for Szőny...
2026-03-30 19:26:05,511 - root - INFO - Fetched weather for Szőny: 8.4°C, Clouds, humidity: 72%
2026-03-30 19:26:06,613 - root - INFO - [866/1205] Fetching weather for Komárom...
2026-03-30 19:26:06,722 - root - INFO - Fetched weather for Komárom: 6.1°C, Clouds, humidity: 71%
2026-03-30 19:26:07,824 - root - INFO - [867/1205] Fetching weather for Ács...
2026-03-30 19:26:07,917 - root - INFO - Fetched weather for Ács: 6.0°C, Clear, humidity: 75%
2026-03-30 19:26:09,019 - root - INFO - [868/1205] Fetching weather for Nagyszentjános...
2026-03-30 19:26:09,120 - root - INFO - Fetched weather for Nagyszentjános: 6.0°C, Clear, humidity: 75%
2026-03-30 19:26:10,222 - root - INFO - [869/1205] Fetching weather for Győrszentiván...
2026-03-30 19:26:10,314 - root - INFO - Fetched weather for Győrszentiván: 6.1°C, Clear, humidity: 75%
2026-03-30 19:26:11,415 - root - INFO - [870/1205] Fetching weather for Győr-Gyárváros...
2026-03-30 19:26:11,533 - root - INFO - Fetched weather for Győr-Gyárváros: 6.1°C, Clear, humidity: 75%
2026-03-30 19:26:12,635 - root - INFO - [871/1205] Fetching weather for Győr...
2026-03-30 19:26:12,741 - root - INFO - Fetched weather for Győr: 6.1°C, Clear, humidity: 75%
2026-03-30 19:26:13,843 - root - INFO - [872/1205] Fetching weather for Öttevény...
2026-03-30 19:26:13,948 - root - INFO - Fetched weather for Öttevény: 6.1°C, Clouds, humidity: 71%
2026-03-30 19:26:15,050 - root - INFO - [873/1205] Fetching weather for Lébény-Mosonszentmiklós...
2026-03-30 19:26:15,149 - root - INFO - Fetched weather for Lébény-Mosonszentmiklós: 6.8°C, Clouds, humidity: 71%
2026-03-30 19:26:16,251 - root - INFO - [874/1205] Fetching weather for Kimle-Károlyháza...
2026-03-30 19:26:16,343 - root - INFO - Fetched weather for Kimle-Károlyháza: 6.8°C, Clouds, humidity: 71%
2026-03-30 19:26:17,445 - root - INFO - [875/1205] Fetching weather for Mosonmagyaróvár...
2026-03-30 19:26:17,538 - root - INFO - Fetched weather for Mosonmagyaróvár: 6.7°C, Clouds, humidity: 71%
2026-03-30 19:26:18,640 - root - INFO - [876/1205] Fetching weather for Levél...
2026-03-30 19:26:18,740 - root - INFO - Fetched weather for Levél: 6.7°C, Clouds, humidity: 71%
2026-03-30 19:26:19,842 - root - INFO - [877/1205] Fetching weather for Hegyeshalom...
2026-03-30 19:26:19,935 - root - INFO - Fetched weather for Hegyeshalom: 6.7°C, Clouds, humidity: 71%
2026-03-30 19:26:21,037 - root - INFO - [878/1205] Fetching weather for Óbuda...
2026-03-30 19:26:21,141 - root - INFO - Fetched weather for Óbuda: 5.5°C, Rain, humidity: 84%
2026-03-30 19:26:22,243 - root - INFO - [879/1205] Fetching weather for Üröm...
2026-03-30 19:26:22,342 - root - INFO - Fetched weather for Üröm: 5.4°C, Rain, humidity: 84%
2026-03-30 19:26:23,444 - root - INFO - [880/1205] Fetching weather for Solymár...
2026-03-30 19:26:23,536 - root - INFO - Fetched weather for Solymár: 5.2°C, Rain, humidity: 84%
2026-03-30 19:26:24,638 - root - INFO - [881/1205] Fetching weather for Pilisvörösvár...
2026-03-30 19:26:24,727 - root - INFO - Fetched weather for Pilisvörösvár: 4.9°C, Rain, humidity: 86%
2026-03-30 19:26:25,829 - root - INFO - [882/1205] Fetching weather for Klotildliget...
2026-03-30 19:26:25,925 - root - INFO - Fetched weather for Klotildliget: 4.7°C, Rain, humidity: 87%
2026-03-30 19:26:27,027 - root - INFO - [883/1205] Fetching weather for Kútvölgy...
2026-03-30 19:26:27,122 - root - INFO - Fetched weather for Kútvölgy: 6.7°C, Clouds, humidity: 92%
2026-03-30 19:26:28,224 - root - INFO - [884/1205] Fetching weather for Székkutas...
2026-03-30 19:26:28,327 - root - INFO - Fetched weather for Székkutas: 6.7°C, Clouds, humidity: 93%
2026-03-30 19:26:29,429 - root - INFO - [885/1205] Fetching weather for Kaposszentjakab...
2026-03-30 19:26:29,631 - root - INFO - Fetched weather for Kaposszentjakab: 6.4°C, Clouds, humidity: 83%
2026-03-30 19:26:30,733 - root - INFO - [886/1205] Fetching weather for Kaposvár...
2026-03-30 19:26:30,835 - root - INFO - Fetched weather for Kaposvár: 6.3°C, Clouds, humidity: 83%
2026-03-30 19:26:31,937 - root - INFO - [887/1205] Fetching weather for Kaposújlak...
2026-03-30 19:26:32,030 - root - INFO - Fetched weather for Kaposújlak: 6.4°C, Clouds, humidity: 83%
2026-03-30 19:26:33,132 - root - INFO - [888/1205] Fetching weather for Kaposmérő...
2026-03-30 19:26:33,229 - root - INFO - Fetched weather for Kaposmérő: 6.4°C, Clouds, humidity: 83%
2026-03-30 19:26:34,331 - root - INFO - [889/1205] Fetching weather for Kaposfő...
2026-03-30 19:26:34,523 - root - INFO - Fetched weather for Kaposfő: 6.3°C, Clouds, humidity: 83%
2026-03-30 19:26:35,625 - root - INFO - [890/1205] Fetching weather for Kiskorpád...
2026-03-30 19:26:35,726 - root - INFO - Fetched weather for Kiskorpád: 6.3°C, Clouds, humidity: 83%
2026-03-30 19:26:36,828 - root - INFO - [891/1205] Fetching weather for Jákó-Nagybajom...
2026-03-30 19:26:36,921 - root - INFO - Fetched weather for Jákó-Nagybajom: 6.3°C, Clouds, humidity: 83%
2026-03-30 19:26:38,023 - root - INFO - [892/1205] Fetching weather for Kutas...
2026-03-30 19:26:38,116 - root - INFO - Fetched weather for Kutas: 6.5°C, Clouds, humidity: 83%
2026-03-30 19:26:39,218 - root - INFO - [893/1205] Fetching weather for Beleg...
2026-03-30 19:26:39,323 - root - INFO - Fetched weather for Beleg: 6.6°C, Clouds, humidity: 83%
2026-03-30 19:26:40,425 - root - INFO - [894/1205] Fetching weather for Ötvöskónyi...
2026-03-30 19:26:40,527 - root - INFO - Fetched weather for Ötvöskónyi: 6.6°C, Clouds, humidity: 84%
2026-03-30 19:26:41,629 - root - INFO - [895/1205] Fetching weather for Somogyszob...
2026-03-30 19:26:41,732 - root - INFO - Fetched weather for Somogyszob: 6.6°C, Clouds, humidity: 83%
2026-03-30 19:26:42,834 - root - INFO - [896/1205] Fetching weather for Bolhás...
2026-03-30 19:26:42,940 - root - INFO - Fetched weather for Bolhás: 6.6°C, Clouds, humidity: 83%
2026-03-30 19:26:44,042 - root - INFO - [897/1205] Fetching weather for Szenta...
2026-03-30 19:26:44,146 - root - INFO - Fetched weather for Szenta: 6.6°C, Clouds, humidity: 82%
2026-03-30 19:26:45,248 - root - INFO - [898/1205] Fetching weather for Zrínyitelep...
2026-03-30 19:26:45,342 - root - INFO - Fetched weather for Zrínyitelep: 6.6°C, Clouds, humidity: 81%
2026-03-30 19:26:46,443 - root - INFO - [899/1205] Fetching weather for Csurgó...
2026-03-30 19:26:46,539 - root - INFO - Fetched weather for Csurgó: 6.8°C, Clouds, humidity: 81%
2026-03-30 19:26:47,641 - root - INFO - [900/1205] Fetching weather for Gyékényes...
2026-03-30 19:26:47,740 - root - INFO - Fetched weather for Gyékényes: 6.7°C, Clouds, humidity: 78%
2026-03-30 19:26:48,842 - root - INFO - [901/1205] Fetching weather for Adony...
2026-03-30 19:26:48,936 - root - INFO - Fetched weather for Adony: 6.7°C, Clouds, humidity: 81%
2026-03-30 19:26:50,037 - root - INFO - [902/1205] Fetching weather for Kulcs...
2026-03-30 19:26:50,131 - root - INFO - Fetched weather for Kulcs: 6.4°C, Clouds, humidity: 82%
2026-03-30 19:26:51,233 - root - INFO - [903/1205] Fetching weather for Rácalmás...
2026-03-30 19:26:51,344 - root - INFO - Fetched weather for Rácalmás: 6.3°C, Clouds, humidity: 82%
2026-03-30 19:26:52,446 - root - INFO - [904/1205] Fetching weather for Dunaújváros...
2026-03-30 19:26:52,553 - root - INFO - Fetched weather for Dunaújváros: 6.3°C, Clouds, humidity: 82%
2026-03-30 19:26:53,655 - root - INFO - [905/1205] Fetching weather for Újvenyim...
2026-03-30 19:26:53,752 - root - INFO - Fetched weather for Újvenyim: 6.4°C, Clouds, humidity: 81%
2026-03-30 19:26:54,854 - root - INFO - [906/1205] Fetching weather for Mezőfalva...
2026-03-30 19:26:54,949 - root - INFO - Fetched weather for Mezőfalva: 6.4°C, Rain, humidity: 80%
2026-03-30 19:26:56,051 - root - INFO - [907/1205] Fetching weather for Nagykarácsony felső...
2026-03-30 19:26:56,165 - root - INFO - Fetched weather for Nagykarácsony felső: 6.4°C, Rain, humidity: 80%
2026-03-30 19:26:57,267 - root - INFO - [908/1205] Fetching weather for Nagykarácsony...
2026-03-30 19:26:57,365 - root - INFO - Fetched weather for Nagykarácsony: 6.3°C, Rain, humidity: 79%
2026-03-30 19:26:58,467 - root - INFO - [909/1205] Fetching weather for Alap...
2026-03-30 19:26:58,567 - root - INFO - Fetched weather for Alap: 6.6°C, Clouds, humidity: 77%
2026-03-30 19:26:59,669 - root - INFO - [910/1205] Fetching weather for Cece...
2026-03-30 19:26:59,770 - root - INFO - Fetched weather for Cece: 6.6°C, Clouds, humidity: 76%
2026-03-30 19:27:00,872 - root - INFO - [911/1205] Fetching weather for Vajta...
2026-03-30 19:27:00,964 - root - INFO - Fetched weather for Vajta: 6.5°C, Clouds, humidity: 78%
2026-03-30 19:27:02,065 - root - INFO - [912/1205] Fetching weather for Rétszilas alsó...
2026-03-30 19:27:02,177 - root - INFO - Fetched weather for Rétszilas alsó: 6.6°C, Clouds, humidity: 77%
2026-03-30 19:27:03,278 - root - INFO - [913/1205] Fetching weather for Nagydorog...
2026-03-30 19:27:03,370 - root - INFO - Fetched weather for Nagydorog: 6.5°C, Clouds, humidity: 79%
2026-03-30 19:27:04,471 - root - INFO - [914/1205] Fetching weather for Tengelic...
2026-03-30 19:27:04,573 - root - INFO - Fetched weather for Tengelic: 6.3°C, Clouds, humidity: 81%
2026-03-30 19:27:05,675 - root - INFO - [915/1205] Fetching weather for Fácánkert...
2026-03-30 19:27:05,793 - root - INFO - Fetched weather for Fácánkert: 6.2°C, Clouds, humidity: 82%
2026-03-30 19:27:06,894 - root - INFO - [916/1205] Fetching weather for Tolna-Mözs...
2026-03-30 19:27:06,994 - root - INFO - Fetched weather for Tolna-Mözs: 6.2°C, Clouds, humidity: 83%
2026-03-30 19:27:08,096 - root - INFO - [917/1205] Fetching weather for Szekszárd-Palánk...
2026-03-30 19:27:08,200 - root - INFO - Fetched weather for Szekszárd-Palánk: 6.3°C, Clouds, humidity: 83%
2026-03-30 19:27:09,301 - root - INFO - [918/1205] Fetching weather for Szekszárd...
2026-03-30 19:27:09,394 - root - INFO - Fetched weather for Szekszárd: 6.2°C, Clouds, humidity: 83%
2026-03-30 19:27:10,495 - root - INFO - [919/1205] Fetching weather for Őcsény...
2026-03-30 19:27:10,606 - root - INFO - Fetched weather for Őcsény: 6.2°C, Clouds, humidity: 84%
2026-03-30 19:27:11,707 - root - INFO - [920/1205] Fetching weather for Decs...
2026-03-30 19:27:11,798 - root - INFO - Fetched weather for Decs: 6.2°C, Clouds, humidity: 84%
2026-03-30 19:27:12,900 - root - INFO - [921/1205] Fetching weather for Csikóstőttős...
2026-03-30 19:27:12,991 - root - INFO - Fetched weather for Csikóstőttős: 6.3°C, Clouds, humidity: 85%
2026-03-30 19:27:14,093 - root - INFO - [922/1205] Fetching weather for Mágocs-Alsómocsolád...
2026-03-30 19:27:14,187 - root - INFO - Fetched weather for Mágocs-Alsómocsolád: 5.7°C, Clouds, humidity: 85%
2026-03-30 19:27:15,289 - root - INFO - [923/1205] Fetching weather for Szalatnak...
2026-03-30 19:27:15,410 - root - INFO - Fetched weather for Szalatnak: 5.8°C, Clouds, humidity: 86%
2026-03-30 19:27:16,512 - root - INFO - [924/1205] Fetching weather for Máza-Szászvár...
2026-03-30 19:27:16,644 - root - INFO - Fetched weather for Máza-Szászvár: 5.9°C, Clouds, humidity: 85%
2026-03-30 19:27:17,746 - root - INFO - [925/1205] Fetching weather for Váralja...
2026-03-30 19:27:17,843 - root - INFO - Fetched weather for Váralja: 6.0°C, Clouds, humidity: 84%
2026-03-30 19:27:18,945 - root - INFO - [926/1205] Fetching weather for Nagymányok...
2026-03-30 19:27:19,040 - root - INFO - Fetched weather for Nagymányok: 6.1°C, Clouds, humidity: 84%
2026-03-30 19:27:20,141 - root - INFO - [927/1205] Fetching weather for Hidas-Bonyhád...
2026-03-30 19:27:20,238 - root - INFO - Fetched weather for Hidas-Bonyhád: 6.1°C, Clouds, humidity: 84%
2026-03-30 19:27:21,340 - root - INFO - [928/1205] Fetching weather for Mőcsény...
2026-03-30 19:27:21,440 - root - INFO - Fetched weather for Mőcsény: 6.1°C, Clouds, humidity: 84%
2026-03-30 19:27:22,542 - root - INFO - [929/1205] Fetching weather for Bátaszék...
2026-03-30 19:27:22,667 - root - INFO - Fetched weather for Bátaszék: 6.4°C, Clouds, humidity: 85%
2026-03-30 19:27:23,768 - root - INFO - [930/1205] Fetching weather for Pörböly...
2026-03-30 19:27:23,881 - root - INFO - Fetched weather for Pörböly: 6.0°C, Clouds, humidity: 85%
2026-03-30 19:27:24,983 - root - INFO - [931/1205] Fetching weather for Orosháza...
2026-03-30 19:27:25,074 - root - INFO - Fetched weather for Orosháza: 6.1°C, Clouds, humidity: 93%
2026-03-30 19:27:26,176 - root - INFO - [932/1205] Fetching weather for Orosházi tanyák...
2026-03-30 19:27:26,277 - root - INFO - Fetched weather for Orosházi tanyák: 5.0°C, Rain, humidity: 94%
2026-03-30 19:27:27,379 - root - INFO - [933/1205] Fetching weather for Csorvás...
2026-03-30 19:27:27,489 - root - INFO - Fetched weather for Csorvás: 5.0°C, Rain, humidity: 94%
2026-03-30 19:27:28,591 - root - INFO - [934/1205] Fetching weather for Csorvás alsó...
2026-03-30 19:27:28,686 - root - INFO - Fetched weather for Csorvás alsó: 5.0°C, Rain, humidity: 98%
2026-03-30 19:27:29,787 - root - INFO - [935/1205] Fetching weather for Telekgerendás...
2026-03-30 19:27:29,887 - root - INFO - Fetched weather for Telekgerendás: 5.0°C, Rain, humidity: 98%
2026-03-30 19:27:30,989 - root - INFO - [936/1205] Fetching weather for Fürjes...
2026-03-30 19:27:31,094 - root - INFO - Fetched weather for Fürjes: 5.0°C, Rain, humidity: 98%
2026-03-30 19:27:32,196 - root - INFO - [937/1205] Fetching weather for Fényes...
2026-03-30 19:27:32,290 - root - INFO - Fetched weather for Fényes: 5.0°C, Rain, humidity: 98%
2026-03-30 19:27:33,391 - root - INFO - [938/1205] Fetching weather for Bicere...
2026-03-30 19:27:33,495 - root - INFO - Fetched weather for Bicere: 5.0°C, Clouds, humidity: 98%
2026-03-30 19:27:34,597 - root - INFO - [939/1205] Fetching weather for Gyula...
2026-03-30 19:27:34,704 - root - INFO - Fetched weather for Gyula: 5.0°C, Clouds, humidity: 98%
2026-03-30 19:27:35,806 - root - INFO - [940/1205] Fetching weather for József Szanatórium...
2026-03-30 19:27:35,901 - root - INFO - Fetched weather for József Szanatórium: 5.0°C, Clouds, humidity: 98%
2026-03-30 19:27:37,003 - root - INFO - [941/1205] Fetching weather for Sarkadi Cukorgyár...
2026-03-30 19:27:37,107 - root - INFO - Fetched weather for Sarkadi Cukorgyár: 5.0°C, Rain, humidity: 98%
2026-03-30 19:27:38,208 - root - INFO - [942/1205] Fetching weather for Sarkad...
2026-03-30 19:27:38,313 - root - INFO - Fetched weather for Sarkad: 5.0°C, Rain, humidity: 95%
2026-03-30 19:27:39,414 - root - INFO - [943/1205] Fetching weather for Kötegyán...
2026-03-30 19:27:39,511 - root - INFO - Fetched weather for Kötegyán: 5.0°C, Clouds, humidity: 95%
2026-03-30 19:27:40,613 - root - INFO - [944/1205] Fetching weather for Méhkerék...
2026-03-30 19:27:40,714 - root - INFO - Fetched weather for Méhkerék: 5.0°C, Clouds, humidity: 95%
2026-03-30 19:27:41,816 - root - INFO - [945/1205] Fetching weather for Sarkadkeresztúr...
2026-03-30 19:27:41,912 - root - INFO - Fetched weather for Sarkadkeresztúr: 5.0°C, Clouds, humidity: 95%
2026-03-30 19:27:43,014 - root - INFO - [946/1205] Fetching weather for Okány...
2026-03-30 19:27:43,106 - root - INFO - Fetched weather for Okány: 5.0°C, Rain, humidity: 94%
2026-03-30 19:27:44,208 - root - INFO - [947/1205] Fetching weather for Újszeged...
2026-03-30 19:27:44,308 - root - INFO - Fetched weather for Újszeged: 7.3°C, Clouds, humidity: 92%
2026-03-30 19:27:45,409 - root - INFO - [948/1205] Fetching weather for Szőreg...
2026-03-30 19:27:45,504 - root - INFO - Fetched weather for Szőreg: 7.3°C, Clouds, humidity: 92%
2026-03-30 19:27:46,606 - root - INFO - [949/1205] Fetching weather for Deszk...
2026-03-30 19:27:46,703 - root - INFO - Fetched weather for Deszk: 7.3°C, Clouds, humidity: 93%
2026-03-30 19:27:47,805 - root - INFO - [950/1205] Fetching weather for Kiszombor...
2026-03-30 19:27:47,919 - root - INFO - Fetched weather for Kiszombor: 5.9°C, Clouds, humidity: 94%
2026-03-30 19:27:49,021 - root - INFO - [951/1205] Fetching weather for Kiszombor megálló...
2026-03-30 19:27:49,121 - root - INFO - Fetched weather for Kiszombor megálló: 5.9°C, Clouds, humidity: 94%
2026-03-30 19:27:50,222 - root - INFO - [952/1205] Fetching weather for Makó...
2026-03-30 19:27:50,330 - root - INFO - Fetched weather for Makó: 5.9°C, Clouds, humidity: 94%
2026-03-30 19:27:51,432 - root - INFO - [953/1205] Fetching weather for Apátfalva...
2026-03-30 19:27:51,530 - root - INFO - Fetched weather for Apátfalva: 5.9°C, Clouds, humidity: 96%
2026-03-30 19:27:52,632 - root - INFO - [954/1205] Fetching weather for Magyarcsanád...
2026-03-30 19:27:52,733 - root - INFO - Fetched weather for Magyarcsanád: 5.9°C, Clouds, humidity: 96%
2026-03-30 19:27:53,834 - root - INFO - [955/1205] Fetching weather for Nagylak...
2026-03-30 19:27:53,945 - root - INFO - Fetched weather for Nagylak: 5.1°C, Clouds, humidity: 97%
2026-03-30 19:27:55,047 - root - INFO - [956/1205] Fetching weather for Nagylaki Kendergyár...
2026-03-30 19:27:55,155 - root - INFO - Fetched weather for Nagylaki Kendergyár: 5.1°C, Clouds, humidity: 97%
2026-03-30 19:27:56,257 - root - INFO - [957/1205] Fetching weather for Csanádpalota...
2026-03-30 19:27:56,369 - root - INFO - Fetched weather for Csanádpalota: 5.1°C, Clouds, humidity: 97%
2026-03-30 19:27:57,471 - root - INFO - [958/1205] Fetching weather for Mezőhegyes...
2026-03-30 19:27:57,571 - root - INFO - Fetched weather for Mezőhegyes: 5.0°C, Clouds, humidity: 97%
2026-03-30 19:27:58,672 - root - INFO - [959/1205] Fetching weather for Végegyháza...
2026-03-30 19:27:58,779 - root - INFO - Fetched weather for Végegyháza: 5.0°C, Rain, humidity: 97%
2026-03-30 19:27:59,881 - root - INFO - [960/1205] Fetching weather for Mezőkovácsháza...
2026-03-30 19:27:59,995 - root - INFO - Fetched weather for Mezőkovácsháza: 5.0°C, Rain, humidity: 97%
2026-03-30 19:28:01,096 - root - INFO - [961/1205] Fetching weather for Mezőkovácsháza felső...
2026-03-30 19:28:01,216 - root - INFO - Fetched weather for Mezőkovácsháza felső: 5.0°C, Rain, humidity: 97%
2026-03-30 19:28:02,318 - root - INFO - [962/1205] Fetching weather for Magyarbánhegyes...
2026-03-30 19:28:02,419 - root - INFO - Fetched weather for Magyarbánhegyes: 4.9°C, Rain, humidity: 97%
2026-03-30 19:28:03,520 - root - INFO - [963/1205] Fetching weather for Medgyesegyháza...
2026-03-30 19:28:03,637 - root - INFO - Fetched weather for Medgyesegyháza: 4.9°C, Rain, humidity: 97%
2026-03-30 19:28:04,739 - root - INFO - [964/1205] Fetching weather for Bánkút...
2026-03-30 19:28:04,846 - root - INFO - Fetched weather for Bánkút: 4.9°C, Rain, humidity: 98%
2026-03-30 19:28:05,948 - root - INFO - [965/1205] Fetching weather for Belsőperegpuszta...
2026-03-30 19:28:06,050 - root - INFO - Fetched weather for Belsőperegpuszta: 5.0°C, Rain, humidity: 98%
2026-03-30 19:28:07,152 - root - INFO - [966/1205] Fetching weather for Battonya...
2026-03-30 19:28:07,266 - root - INFO - Fetched weather for Battonya: 5.0°C, Rain, humidity: 100%
2026-03-30 19:28:08,368 - root - INFO - [967/1205] Fetching weather for Baja-Dunafürdő...
2026-03-30 19:28:08,469 - root - INFO - Fetched weather for Baja-Dunafürdő: 6.0°C, Clouds, humidity: 85%
2026-03-30 19:28:09,571 - root - INFO - [968/1205] Fetching weather for Kaposszekcső...
2026-03-30 19:28:09,681 - root - INFO - Fetched weather for Kaposszekcső: 6.3°C, Clouds, humidity: 85%
2026-03-30 19:28:10,783 - root - INFO - [969/1205] Fetching weather for Vásárosdombó...
2026-03-30 19:28:10,902 - root - INFO - Fetched weather for Vásárosdombó: 6.2°C, Clouds, humidity: 86%
2026-03-30 19:28:12,004 - root - INFO - [970/1205] Fetching weather for Sásd...
2026-03-30 19:28:12,118 - root - INFO - Fetched weather for Sásd: 6.0°C, Clouds, humidity: 87%
2026-03-30 19:28:13,220 - root - INFO - [971/1205] Fetching weather for Godisa...
2026-03-30 19:28:13,330 - root - INFO - Fetched weather for Godisa: 4.4°C, Clouds, humidity: 87%
2026-03-30 19:28:14,432 - root - INFO - [972/1205] Fetching weather for Abaliget...
2026-03-30 19:28:14,537 - root - INFO - Fetched weather for Abaliget: 4.0°C, Clouds, humidity: 89%
2026-03-30 19:28:15,638 - root - INFO - [973/1205] Fetching weather for Hetvehely...
2026-03-30 19:28:15,754 - root - INFO - Fetched weather for Hetvehely: 4.2°C, Clouds, humidity: 89%
2026-03-30 19:28:16,856 - root - INFO - [974/1205] Fetching weather for Bükkösd...
2026-03-30 19:28:16,966 - root - INFO - Fetched weather for Bükkösd: 4.4°C, Clouds, humidity: 89%
2026-03-30 19:28:18,068 - root - INFO - [975/1205] Fetching weather for Cserdi-Helesfa...
2026-03-30 19:28:18,163 - root - INFO - Fetched weather for Cserdi-Helesfa: 4.4°C, Clouds, humidity: 90%
2026-03-30 19:28:19,265 - root - INFO - [976/1205] Fetching weather for Szentlőrinc...
2026-03-30 19:28:19,381 - root - INFO - Fetched weather for Szentlőrinc: 4.5°C, Clouds, humidity: 100%
2026-03-30 19:28:20,483 - root - INFO - [977/1205] Fetching weather for Bicsérd...
2026-03-30 19:28:20,582 - root - INFO - Fetched weather for Bicsérd: 4.4°C, Clouds, humidity: 100%
2026-03-30 19:28:21,684 - root - INFO - [978/1205] Fetching weather for Mecsekalja-Cserkút...
2026-03-30 19:28:21,783 - root - INFO - Fetched weather for Mecsekalja-Cserkút: 4.5°C, Clouds, humidity: 100%
2026-03-30 19:28:22,885 - root - INFO - [979/1205] Fetching weather for Pécs...
2026-03-30 19:28:22,985 - root - INFO - Fetched weather for Pécs: 4.7°C, Clouds, humidity: 94%
2026-03-30 19:28:24,087 - root - INFO - [980/1205] Fetching weather for Pécs-Külváros...
2026-03-30 19:28:24,197 - root - INFO - Fetched weather for Pécs-Külváros: 4.8°C, Clouds, humidity: 94%
2026-03-30 19:28:25,299 - root - INFO - [981/1205] Fetching weather for Pécsbánya-Rendező...
2026-03-30 19:28:25,417 - root - INFO - Fetched weather for Pécsbánya-Rendező: 4.7°C, Clouds, humidity: 93%
2026-03-30 19:28:26,518 - root - INFO - [982/1205] Fetching weather for Pécsudvard...
2026-03-30 19:28:26,632 - root - INFO - Fetched weather for Pécsudvard: 4.3°C, Clouds, humidity: 95%
2026-03-30 19:28:27,734 - root - INFO - [983/1205] Fetching weather for Szőkéd...
2026-03-30 19:28:27,833 - root - INFO - Fetched weather for Szőkéd: 4.4°C, Clouds, humidity: 99%
2026-03-30 19:28:28,935 - root - INFO - [984/1205] Fetching weather for Áta...
2026-03-30 19:28:29,038 - root - INFO - Fetched weather for Áta: 4.5°C, Clouds, humidity: 97%
2026-03-30 19:28:30,140 - root - INFO - [985/1205] Fetching weather for Kistótfalu...
2026-03-30 19:28:30,243 - root - INFO - Fetched weather for Kistótfalu: 4.5°C, Clouds, humidity: 95%
2026-03-30 19:28:31,345 - root - INFO - [986/1205] Fetching weather for Vokány...
2026-03-30 19:28:31,463 - root - INFO - Fetched weather for Vokány: 4.4°C, Clouds, humidity: 93%
2026-03-30 19:28:32,565 - root - INFO - [987/1205] Fetching weather for Palkonya...
2026-03-30 19:28:32,659 - root - INFO - Fetched weather for Palkonya: 4.3°C, Clouds, humidity: 88%
2026-03-30 19:28:33,761 - root - INFO - [988/1205] Fetching weather for Villánykövesd...
2026-03-30 19:28:33,865 - root - INFO - Fetched weather for Villánykövesd: 4.3°C, Clouds, humidity: 87%
2026-03-30 19:28:34,968 - root - INFO - [989/1205] Fetching weather for Villány...
2026-03-30 19:28:35,063 - root - INFO - Fetched weather for Villány: 4.5°C, Clouds, humidity: 87%
2026-03-30 19:28:36,165 - root - INFO - [990/1205] Fetching weather for Magyarbóly...
2026-03-30 19:28:36,260 - root - INFO - Fetched weather for Magyarbóly: 4.5°C, Clouds, humidity: 88%
2026-03-30 19:28:37,361 - root - INFO - [991/1205] Fetching weather for Magyarszék...
2026-03-30 19:28:37,493 - root - INFO - Fetched weather for Magyarszék: 4.2°C, Clouds, humidity: 87%
2026-03-30 19:28:38,595 - root - INFO - [992/1205] Fetching weather for Mecsekpölöske...
2026-03-30 19:28:38,696 - root - INFO - Fetched weather for Mecsekpölöske: 4.1°C, Clouds, humidity: 87%
2026-03-30 19:28:39,798 - root - INFO - [993/1205] Fetching weather for Mecsekjánosi...
2026-03-30 19:28:39,898 - root - INFO - Fetched weather for Mecsekjánosi: 4.1°C, Clouds, humidity: 86%
2026-03-30 19:28:41,000 - root - INFO - [994/1205] Fetching weather for Komló...
2026-03-30 19:28:41,102 - root - INFO - Fetched weather for Komló: 3.8°C, Clouds, humidity: 87%
2026-03-30 19:28:42,204 - root - INFO - [995/1205] Fetching weather for Királyegyháza-Rigópuszta...
2026-03-30 19:28:42,297 - root - INFO - Fetched weather for Királyegyháza-Rigópuszta: 4.6°C, Clouds, humidity: 91%
2026-03-30 19:28:43,399 - root - INFO - [996/1205] Fetching weather for Sumony...
2026-03-30 19:28:43,512 - root - INFO - Fetched weather for Sumony: 4.6°C, Clouds, humidity: 91%
2026-03-30 19:28:44,614 - root - INFO - [997/1205] Fetching weather for Okorág-Kárászpuszta...
2026-03-30 19:28:44,723 - root - INFO - Fetched weather for Okorág-Kárászpuszta: 4.6°C, Clouds, humidity: 91%
2026-03-30 19:28:45,825 - root - INFO - [998/1205] Fetching weather for Kákics...
2026-03-30 19:28:45,937 - root - INFO - Fetched weather for Kákics: 6.1°C, Clouds, humidity: 91%
2026-03-30 19:28:47,039 - root - INFO - [999/1205] Fetching weather for Bóly...
2026-03-30 19:28:47,148 - root - INFO - Fetched weather for Bóly: 5.0°C, Clouds, humidity: 84%
2026-03-30 19:28:48,250 - root - INFO - [1000/1205] Fetching weather for Mohács...
2026-03-30 19:28:48,348 - root - INFO - Fetched weather for Mohács: 6.4°C, Clouds, humidity: 80%
2026-03-30 19:28:49,450 - root - INFO - [1001/1205] Fetching weather for Sellye...
2026-03-30 19:28:49,567 - root - INFO - Fetched weather for Sellye: 6.0°C, Clouds, humidity: 92%
2026-03-30 19:28:50,669 - root - INFO - [1002/1205] Fetching weather for Toponár...
2026-03-30 19:28:50,762 - root - INFO - Fetched weather for Toponár: 6.4°C, Clouds, humidity: 82%
2026-03-30 19:28:51,864 - root - INFO - [1003/1205] Fetching weather for Somogyaszaló...
2026-03-30 19:28:51,986 - root - INFO - Fetched weather for Somogyaszaló: 6.3°C, Clouds, humidity: 80%
2026-03-30 19:28:53,088 - root - INFO - [1004/1205] Fetching weather for Mernye...
2026-03-30 19:28:53,180 - root - INFO - Fetched weather for Mernye: 6.5°C, Clouds, humidity: 76%
2026-03-30 19:28:54,282 - root - INFO - [1005/1205] Fetching weather for Felsőmocsolád...
2026-03-30 19:28:54,400 - root - INFO - Fetched weather for Felsőmocsolád: 6.4°C, Clouds, humidity: 75%
2026-03-30 19:28:55,502 - root - INFO - [1006/1205] Fetching weather for Kisbárapáti...
2026-03-30 19:28:55,602 - root - INFO - Fetched weather for Kisbárapáti: 6.2°C, Clouds, humidity: 71%
2026-03-30 19:28:56,703 - root - INFO - [1007/1205] Fetching weather for Bonnya...
2026-03-30 19:28:56,799 - root - INFO - Fetched weather for Bonnya: 6.5°C, Clouds, humidity: 73%
2026-03-30 19:28:57,900 - root - INFO - [1008/1205] Fetching weather for Andocs...
2026-03-30 19:28:57,991 - root - INFO - Fetched weather for Andocs: 6.0°C, Clouds, humidity: 70%
2026-03-30 19:28:59,093 - root - INFO - [1009/1205] Fetching weather for Karád...
2026-03-30 19:28:59,188 - root - INFO - Fetched weather for Karád: 6.9°C, Clouds, humidity: 69%
2026-03-30 19:29:00,290 - root - INFO - [1010/1205] Fetching weather for Somogymeggyes...
2026-03-30 19:29:00,390 - root - INFO - Fetched weather for Somogymeggyes: 6.5°C, Clouds, humidity: 67%
2026-03-30 19:29:01,492 - root - INFO - [1011/1205] Fetching weather for Kapoly...
2026-03-30 19:29:01,585 - root - INFO - Fetched weather for Kapoly: 6.8°C, Clouds, humidity: 69%
2026-03-30 19:29:02,687 - root - INFO - [1012/1205] Fetching weather for Tab...
2026-03-30 19:29:02,792 - root - INFO - Fetched weather for Tab: 6.4°C, Clouds, humidity: 68%
2026-03-30 19:29:03,894 - root - INFO - [1013/1205] Fetching weather for Bábonymegyer...
2026-03-30 19:29:03,997 - root - INFO - Fetched weather for Bábonymegyer: 6.5°C, Clouds, humidity: 69%
2026-03-30 19:29:05,099 - root - INFO - [1014/1205] Fetching weather for Daránypuszta...
2026-03-30 19:29:05,197 - root - INFO - Fetched weather for Daránypuszta: 6.5°C, Clouds, humidity: 69%
2026-03-30 19:29:06,299 - root - INFO - [1015/1205] Fetching weather for Som-Nagyberény...
2026-03-30 19:29:06,391 - root - INFO - Fetched weather for Som-Nagyberény: 6.5°C, Rain, humidity: 69%
2026-03-30 19:29:07,492 - root - INFO - [1016/1205] Fetching weather for Ádánd...
2026-03-30 19:29:07,607 - root - INFO - Fetched weather for Ádánd: 6.6°C, Clouds, humidity: 69%
2026-03-30 19:29:08,708 - root - INFO - [1017/1205] Fetching weather for Siójut...
2026-03-30 19:29:08,831 - root - INFO - Fetched weather for Siójut: 6.6°C, Clouds, humidity: 69%
2026-03-30 19:29:09,932 - root - INFO - [1018/1205] Fetching weather for Kapostüskevár...
2026-03-30 19:29:10,036 - root - INFO - Fetched weather for Kapostüskevár: 6.5°C, Clouds, humidity: 83%
2026-03-30 19:29:11,138 - root - INFO - [1019/1205] Fetching weather for Kaposfüred...
2026-03-30 19:29:11,242 - root - INFO - Fetched weather for Kaposfüred: 6.4°C, Clouds, humidity: 81%
2026-03-30 19:29:12,344 - root - INFO - [1020/1205] Fetching weather for Várda...
2026-03-30 19:29:12,442 - root - INFO - Fetched weather for Várda: 6.3°C, Clouds, humidity: 79%
2026-03-30 19:29:13,544 - root - INFO - [1021/1205] Fetching weather for Somogyjád...
2026-03-30 19:29:13,646 - root - INFO - Fetched weather for Somogyjád: 6.5°C, Clouds, humidity: 78%
2026-03-30 19:29:14,748 - root - INFO - [1022/1205] Fetching weather for Osztopán...
2026-03-30 19:29:14,866 - root - INFO - Fetched weather for Osztopán: 6.5°C, Clouds, humidity: 78%
2026-03-30 19:29:15,968 - root - INFO - [1023/1205] Fetching weather for Pamuk...
2026-03-30 19:29:16,075 - root - INFO - Fetched weather for Pamuk: 6.7°C, Clouds, humidity: 76%
2026-03-30 19:29:17,177 - root - INFO - [1024/1205] Fetching weather for Somogyvár...
2026-03-30 19:29:17,277 - root - INFO - Fetched weather for Somogyvár: 6.7°C, Clouds, humidity: 75%
2026-03-30 19:29:18,379 - root - INFO - [1025/1205] Fetching weather for Öreglak...
2026-03-30 19:29:18,486 - root - INFO - Fetched weather for Öreglak: 6.8°C, Clouds, humidity: 74%
2026-03-30 19:29:19,588 - root - INFO - [1026/1205] Fetching weather for Tatárvár...
2026-03-30 19:29:19,687 - root - INFO - Fetched weather for Tatárvár: 6.7°C, Clouds, humidity: 74%
2026-03-30 19:29:20,789 - root - INFO - [1027/1205] Fetching weather for Lengyeltóti...
2026-03-30 19:29:20,891 - root - INFO - Fetched weather for Lengyeltóti: 6.8°C, Clouds, humidity: 73%
2026-03-30 19:29:21,992 - root - INFO - [1028/1205] Fetching weather for Pusztaberény...
2026-03-30 19:29:22,099 - root - INFO - Fetched weather for Pusztaberény: 7.0°C, Clouds, humidity: 72%
2026-03-30 19:29:23,201 - root - INFO - [1029/1205] Fetching weather for Örkény...
2026-03-30 19:29:23,317 - root - INFO - Fetched weather for Örkény: 6.4°C, Clouds, humidity: 86%
2026-03-30 19:29:24,419 - root - INFO - [1030/1205] Fetching weather for Táborfalva...
2026-03-30 19:29:24,519 - root - INFO - Fetched weather for Táborfalva: 4.9°C, Clouds, humidity: 86%
2026-03-30 19:29:25,621 - root - INFO - [1031/1205] Fetching weather for Felsőlajos...
2026-03-30 19:29:25,724 - root - INFO - Fetched weather for Felsőlajos: 4.9°C, Clouds, humidity: 86%
2026-03-30 19:29:26,826 - root - INFO - [1032/1205] Fetching weather for Lajosmizse...
2026-03-30 19:29:26,927 - root - INFO - Fetched weather for Lajosmizse: 4.8°C, Clouds, humidity: 87%
2026-03-30 19:29:28,029 - root - INFO - [1033/1205] Fetching weather for Lajosmizse alsó...
2026-03-30 19:29:28,142 - root - INFO - Fetched weather for Lajosmizse alsó: 4.8°C, Clouds, humidity: 87%
2026-03-30 19:29:29,244 - root - INFO - [1034/1205] Fetching weather for Klábertelep...
2026-03-30 19:29:29,346 - root - INFO - Fetched weather for Klábertelep: 4.9°C, Clouds, humidity: 87%
2026-03-30 19:29:30,448 - root - INFO - [1035/1205] Fetching weather for Méntelek...
2026-03-30 19:29:30,547 - root - INFO - Fetched weather for Méntelek: 4.9°C, Clouds, humidity: 87%
2026-03-30 19:29:31,649 - root - INFO - [1036/1205] Fetching weather for Hetényegyháza...
2026-03-30 19:29:31,748 - root - INFO - Fetched weather for Hetényegyháza: 4.9°C, Clouds, humidity: 87%
2026-03-30 19:29:32,850 - root - INFO - [1037/1205] Fetching weather for Kecskemét-Máriaváros...
2026-03-30 19:29:32,958 - root - INFO - Fetched weather for Kecskemét-Máriaváros: 5.0°C, Clouds, humidity: 87%
2026-03-30 19:29:34,059 - root - INFO - [1038/1205] Fetching weather for Nyársapát...
2026-03-30 19:29:34,156 - root - INFO - Fetched weather for Nyársapát: 5.0°C, Clouds, humidity: 88%
2026-03-30 19:29:35,258 - root - INFO - [1039/1205] Fetching weather for Nagykőrös...
2026-03-30 19:29:35,351 - root - INFO - Fetched weather for Nagykőrös: 5.0°C, Clouds, humidity: 87%
2026-03-30 19:29:36,454 - root - INFO - [1040/1205] Fetching weather for Katonatelep...
2026-03-30 19:29:36,574 - root - INFO - Fetched weather for Katonatelep: 4.9°C, Clouds, humidity: 87%
2026-03-30 19:29:37,676 - root - INFO - [1041/1205] Fetching weather for Kecskemét...
2026-03-30 19:29:37,785 - root - INFO - Fetched weather for Kecskemét: 5.0°C, Clouds, humidity: 87%
2026-03-30 19:29:38,886 - root - INFO - [1042/1205] Fetching weather for Városföld...
2026-03-30 19:29:38,990 - root - INFO - Fetched weather for Városföld: 5.0°C, Clouds, humidity: 87%
2026-03-30 19:29:40,092 - root - INFO - [1043/1205] Fetching weather for Kiskunfélegyháza...
2026-03-30 19:29:40,191 - root - INFO - Fetched weather for Kiskunfélegyháza: 5.5°C, Clouds, humidity: 96%
2026-03-30 19:29:41,293 - root - INFO - [1044/1205] Fetching weather for Petőfiszállás...
2026-03-30 19:29:41,398 - root - INFO - Fetched weather for Petőfiszállás: 5.6°C, Clouds, humidity: 96%
2026-03-30 19:29:42,499 - root - INFO - [1045/1205] Fetching weather for Csengele...
2026-03-30 19:29:42,614 - root - INFO - Fetched weather for Csengele: 5.6°C, Clouds, humidity: 96%
2026-03-30 19:29:43,716 - root - INFO - [1046/1205] Fetching weather for Kistelek...
2026-03-30 19:29:43,812 - root - INFO - Fetched weather for Kistelek: 7.2°C, Clouds, humidity: 91%
2026-03-30 19:29:44,913 - root - INFO - [1047/1205] Fetching weather for Balástya...
2026-03-30 19:29:45,029 - root - INFO - Fetched weather for Balástya: 7.2°C, Clouds, humidity: 91%
2026-03-30 19:29:46,131 - root - INFO - [1048/1205] Fetching weather for Szatymaz...
2026-03-30 19:29:46,229 - root - INFO - Fetched weather for Szatymaz: 7.3°C, Clouds, humidity: 91%
2026-03-30 19:29:47,331 - root - INFO - [1049/1205] Fetching weather for Kiskundorozsma...
2026-03-30 19:29:47,432 - root - INFO - Fetched weather for Kiskundorozsma: 7.3°C, Clouds, humidity: 91%
2026-03-30 19:29:48,534 - root - INFO - [1050/1205] Fetching weather for Szeged...
2026-03-30 19:29:48,649 - root - INFO - Fetched weather for Szeged: 7.3°C, Clouds, humidity: 91%
2026-03-30 19:29:49,751 - root - INFO - [1051/1205] Fetching weather for Alsóúrrét...
2026-03-30 19:29:49,841 - root - INFO - Fetched weather for Alsóúrrét: 5.0°C, Clouds, humidity: 87%
2026-03-30 19:29:50,943 - root - INFO - [1052/1205] Fetching weather for Nyárlőrinc...
2026-03-30 19:29:51,037 - root - INFO - Fetched weather for Nyárlőrinc: 5.0°C, Clouds, humidity: 87%
2026-03-30 19:29:52,139 - root - INFO - [1053/1205] Fetching weather for Világoshegy...
2026-03-30 19:29:52,246 - root - INFO - Fetched weather for Világoshegy: 5.1°C, Clouds, humidity: 87%
2026-03-30 19:29:53,347 - root - INFO - [1054/1205] Fetching weather for Szikra...
2026-03-30 19:29:53,446 - root - INFO - Fetched weather for Szikra: 5.3°C, Clouds, humidity: 91%
2026-03-30 19:29:54,548 - root - INFO - [1055/1205] Fetching weather for Lakitelek...
2026-03-30 19:29:54,647 - root - INFO - Fetched weather for Lakitelek: 5.3°C, Clouds, humidity: 87%
2026-03-30 19:29:55,749 - root - INFO - [1056/1205] Fetching weather for Tiszaug...
2026-03-30 19:29:55,848 - root - INFO - Fetched weather for Tiszaug: 5.7°C, Clouds, humidity: 90%
2026-03-30 19:29:56,950 - root - INFO - [1057/1205] Fetching weather for Tiszasas...
2026-03-30 19:29:57,054 - root - INFO - Fetched weather for Tiszasas: 6.0°C, Clouds, humidity: 90%
2026-03-30 19:29:58,156 - root - INFO - [1058/1205] Fetching weather for Csépa...
2026-03-30 19:29:58,259 - root - INFO - Fetched weather for Csépa: 6.7°C, Clouds, humidity: 88%
2026-03-30 19:29:59,360 - root - INFO - [1059/1205] Fetching weather for Szelevény...
2026-03-30 19:29:59,454 - root - INFO - Fetched weather for Szelevény: 6.7°C, Clouds, humidity: 88%
2026-03-30 19:30:00,556 - root - INFO - [1060/1205] Fetching weather for Gátér...
2026-03-30 19:30:00,655 - root - INFO - Fetched weather for Gátér: 5.6°C, Clouds, humidity: 96%
2026-03-30 19:30:01,757 - root - INFO - [1061/1205] Fetching weather for Kónyaszék...
2026-03-30 19:30:01,855 - root - INFO - Fetched weather for Kónyaszék: 6.7°C, Clouds, humidity: 88%
2026-03-30 19:30:02,957 - root - INFO - [1062/1205] Fetching weather for Csongrád...
2026-03-30 19:30:03,063 - root - INFO - Fetched weather for Csongrád: 6.7°C, Clouds, humidity: 88%
2026-03-30 19:30:04,165 - root - INFO - [1063/1205] Fetching weather for Hékéd...
2026-03-30 19:30:04,255 - root - INFO - Fetched weather for Hékéd: 6.7°C, Clouds, humidity: 88%
2026-03-30 19:30:05,357 - root - INFO - [1064/1205] Fetching weather for Fábiánsebestyén...
2026-03-30 19:30:05,461 - root - INFO - Fetched weather for Fábiánsebestyén: 6.7°C, Clouds, humidity: 88%
2026-03-30 19:30:06,563 - root - INFO - [1065/1205] Fetching weather for Gádoros...
2026-03-30 19:30:06,662 - root - INFO - Fetched weather for Gádoros: 6.7°C, Rain, humidity: 90%
2026-03-30 19:30:07,763 - root - INFO - [1066/1205] Fetching weather for Justhmajor...
2026-03-30 19:30:07,857 - root - INFO - Fetched weather for Justhmajor: 6.7°C, Rain, humidity: 91%
2026-03-30 19:30:08,959 - root - INFO - [1067/1205] Fetching weather for Szentetornya...
2026-03-30 19:30:09,055 - root - INFO - Fetched weather for Szentetornya: 6.7°C, Clouds, humidity: 91%
2026-03-30 19:30:10,157 - root - INFO - [1068/1205] Fetching weather for Gyopárosfürdő...
2026-03-30 19:30:10,247 - root - INFO - Fetched weather for Gyopárosfürdő: 6.6°C, Clouds, humidity: 91%
2026-03-30 19:30:11,349 - root - INFO - [1069/1205] Fetching weather for Szabadságliget...
2026-03-30 19:30:11,462 - root - INFO - Fetched weather for Szabadságliget: 4.6°C, Rain, humidity: 86%
2026-03-30 19:30:12,564 - root - INFO - [1070/1205] Fetching weather for Röszke...
2026-03-30 19:30:12,675 - root - INFO - Fetched weather for Röszke: 7.3°C, Clouds, humidity: 91%
2026-03-30 19:30:13,777 - root - INFO - [1071/1205] Fetching weather for Tószeg...
2026-03-30 19:30:13,876 - root - INFO - Fetched weather for Tószeg: 4.5°C, Clouds, humidity: 89%
2026-03-30 19:30:14,978 - root - INFO - [1072/1205] Fetching weather for Tiszavárkony...
2026-03-30 19:30:15,077 - root - INFO - Fetched weather for Tiszavárkony: 4.5°C, Clouds, humidity: 89%
2026-03-30 19:30:16,179 - root - INFO - [1073/1205] Fetching weather for Tiszajenő-Vezseny...
2026-03-30 19:30:16,278 - root - INFO - Fetched weather for Tiszajenő-Vezseny: 4.5°C, Rain, humidity: 89%
2026-03-30 19:30:17,380 - root - INFO - [1074/1205] Fetching weather for Újbög...
2026-03-30 19:30:17,482 - root - INFO - Fetched weather for Újbög: 4.5°C, Clouds, humidity: 89%
2026-03-30 19:30:18,584 - root - INFO - [1075/1205] Fetching weather for Tiszakécske...
2026-03-30 19:30:18,688 - root - INFO - Fetched weather for Tiszakécske: 4.5°C, Clouds, humidity: 89%
2026-03-30 19:30:19,790 - root - INFO - [1076/1205] Fetching weather for Kerekdomb...
2026-03-30 19:30:19,888 - root - INFO - Fetched weather for Kerekdomb: 4.8°C, Clouds, humidity: 89%
2026-03-30 19:30:20,990 - root - INFO - [1077/1205] Fetching weather for Tiszaalpár...
2026-03-30 19:30:21,098 - root - INFO - Fetched weather for Tiszaalpár: 5.5°C, Clouds, humidity: 96%
2026-03-30 19:30:22,200 - root - INFO - [1078/1205] Fetching weather for Tiszaalpár alsó...
2026-03-30 19:30:22,318 - root - INFO - Fetched weather for Tiszaalpár alsó: 5.5°C, Clouds, humidity: 96%
2026-03-30 19:30:23,420 - root - INFO - [1079/1205] Fetching weather for Tiszatenyő...
2026-03-30 19:30:23,514 - root - INFO - Fetched weather for Tiszatenyő: 5.0°C, Rain, humidity: 93%
2026-03-30 19:30:24,616 - root - INFO - [1080/1205] Fetching weather for Pusztapó...
2026-03-30 19:30:24,729 - root - INFO - Fetched weather for Pusztapó: 5.0°C, Clouds, humidity: 93%
2026-03-30 19:30:25,831 - root - INFO - [1081/1205] Fetching weather for Kétpó...
2026-03-30 19:30:25,944 - root - INFO - Fetched weather for Kétpó: 5.0°C, Clouds, humidity: 93%
2026-03-30 19:30:27,046 - root - INFO - [1082/1205] Fetching weather for Mezőtúr...
2026-03-30 19:30:27,167 - root - INFO - Fetched weather for Mezőtúr: 6.4°C, Clouds, humidity: 91%
2026-03-30 19:30:28,269 - root - INFO - [1083/1205] Fetching weather for Nagylapos...
2026-03-30 19:30:28,364 - root - INFO - Fetched weather for Nagylapos: 6.4°C, Clouds, humidity: 92%
2026-03-30 19:30:29,466 - root - INFO - [1084/1205] Fetching weather for Gyoma...
2026-03-30 19:30:29,743 - root - INFO - Fetched weather for Gyoma: 6.4°C, Clouds, humidity: 92%
2026-03-30 19:30:30,845 - root - INFO - [1085/1205] Fetching weather for Csárdaszállás...
2026-03-30 19:30:30,990 - root - INFO - Fetched weather for Csárdaszállás: 5.0°C, Clouds, humidity: 93%
2026-03-30 19:30:32,092 - root - INFO - [1086/1205] Fetching weather for Mezőberény...
2026-03-30 19:30:32,218 - root - INFO - Fetched weather for Mezőberény: 5.0°C, Clouds, humidity: 98%
2026-03-30 19:30:33,320 - root - INFO - [1087/1205] Fetching weather for Murony...
2026-03-30 19:30:33,426 - root - INFO - Fetched weather for Murony: 5.0°C, Rain, humidity: 98%
2026-03-30 19:30:34,528 - root - INFO - [1088/1205] Fetching weather for Békéscsaba...
2026-03-30 19:30:34,635 - root - INFO - Fetched weather for Békéscsaba: 5.0°C, Rain, humidity: 98%
2026-03-30 19:30:35,737 - root - INFO - [1089/1205] Fetching weather for Kétegyháza...
2026-03-30 19:30:35,848 - root - INFO - Fetched weather for Kétegyháza: 5.0°C, Rain, humidity: 98%
2026-03-30 19:30:36,950 - root - INFO - [1090/1205] Fetching weather for Lőkösháza...
2026-03-30 19:30:37,058 - root - INFO - Fetched weather for Lőkösháza: 5.0°C, Rain, humidity: 96%
2026-03-30 19:30:38,160 - root - INFO - [1091/1205] Fetching weather for Kengyel...
2026-03-30 19:30:38,258 - root - INFO - Fetched weather for Kengyel: 5.0°C, Rain, humidity: 93%
2026-03-30 19:30:39,360 - root - INFO - [1092/1205] Fetching weather for Bagimajor...
2026-03-30 19:30:39,463 - root - INFO - Fetched weather for Bagimajor: 5.0°C, Rain, humidity: 93%
2026-03-30 19:30:40,565 - root - INFO - [1093/1205] Fetching weather for Martfű...
2026-03-30 19:30:40,694 - root - INFO - Fetched weather for Martfű: 5.0°C, Clouds, humidity: 93%
2026-03-30 19:30:41,795 - root - INFO - [1094/1205] Fetching weather for Tiszaföldvár...
2026-03-30 19:30:41,894 - root - INFO - Fetched weather for Tiszaföldvár: 5.0°C, Rain, humidity: 93%
2026-03-30 19:30:42,996 - root - INFO - [1095/1205] Fetching weather for Homok...
2026-03-30 19:30:43,095 - root - INFO - Fetched weather for Homok: 4.4°C, Clouds, humidity: 89%
2026-03-30 19:30:44,197 - root - INFO - [1096/1205] Fetching weather for Kungyalu...
2026-03-30 19:30:44,301 - root - INFO - Fetched weather for Kungyalu: 4.7°C, Clouds, humidity: 89%
2026-03-30 19:30:45,403 - root - INFO - [1097/1205] Fetching weather for Kunszentmárton...
2026-03-30 19:30:45,510 - root - INFO - Fetched weather for Kunszentmárton: 6.7°C, Clouds, humidity: 89%
2026-03-30 19:30:46,612 - root - INFO - [1098/1205] Fetching weather for Nagytőke...
2026-03-30 19:30:46,710 - root - INFO - Fetched weather for Nagytőke: 6.7°C, Clouds, humidity: 88%
2026-03-30 19:30:47,812 - root - INFO - [1099/1205] Fetching weather for Szentes...
2026-03-30 19:30:47,919 - root - INFO - Fetched weather for Szentes: 6.7°C, Clouds, humidity: 88%
2026-03-30 19:30:49,021 - root - INFO - [1100/1205] Fetching weather for Szegvár...
2026-03-30 19:30:49,122 - root - INFO - Fetched weather for Szegvár: 6.7°C, Clouds, humidity: 88%
2026-03-30 19:30:50,224 - root - INFO - [1101/1205] Fetching weather for Mindszent...
2026-03-30 19:30:50,329 - root - INFO - Fetched weather for Mindszent: 6.7°C, Clouds, humidity: 88%
2026-03-30 19:30:51,431 - root - INFO - [1102/1205] Fetching weather for Mártély...
2026-03-30 19:30:51,538 - root - INFO - Fetched weather for Mártély: 6.7°C, Clouds, humidity: 90%
2026-03-30 19:30:52,640 - root - INFO - [1103/1205] Fetching weather for Pusztabánréve...
2026-03-30 19:30:52,733 - root - INFO - Fetched weather for Pusztabánréve: 6.3°C, Clouds, humidity: 90%
2026-03-30 19:30:53,835 - root - INFO - [1104/1205] Fetching weather for Szarvas...
2026-03-30 19:30:53,941 - root - INFO - Fetched weather for Szarvas: 6.2°C, Clouds, humidity: 90%
2026-03-30 19:30:55,043 - root - INFO - [1105/1205] Fetching weather for Csabacsűd...
2026-03-30 19:30:55,149 - root - INFO - Fetched weather for Csabacsűd: 6.2°C, Clouds, humidity: 90%
2026-03-30 19:30:56,251 - root - INFO - [1106/1205] Fetching weather for Kisszénás...
2026-03-30 19:30:56,365 - root - INFO - Fetched weather for Kisszénás: 6.3°C, Rain, humidity: 91%
2026-03-30 19:30:57,467 - root - INFO - [1107/1205] Fetching weather for Kiscsákó...
2026-03-30 19:30:57,571 - root - INFO - Fetched weather for Kiscsákó: 6.2°C, Rain, humidity: 91%
2026-03-30 19:30:58,673 - root - INFO - [1108/1205] Fetching weather for Nagyszénás...
2026-03-30 19:30:58,780 - root - INFO - Fetched weather for Nagyszénás: 6.2°C, Rain, humidity: 91%
2026-03-30 19:30:59,881 - root - INFO - [1109/1205] Fetching weather for Kardoskút...
2026-03-30 19:30:59,981 - root - INFO - Fetched weather for Kardoskút: 6.2°C, Clouds, humidity: 92%
2026-03-30 19:31:01,083 - root - INFO - [1110/1205] Fetching weather for Tótkomlós...
2026-03-30 19:31:01,187 - root - INFO - Fetched weather for Tótkomlós: 6.2°C, Clouds, humidity: 93%
2026-03-30 19:31:02,289 - root - INFO - [1111/1205] Fetching weather for Nagyér...
2026-03-30 19:31:02,401 - root - INFO - Fetched weather for Nagyér: 6.2°C, Clouds, humidity: 94%
2026-03-30 19:31:03,503 - root - INFO - [1112/1205] Fetching weather for Pitvaros...
2026-03-30 19:31:03,603 - root - INFO - Fetched weather for Pitvaros: 6.2°C, Clouds, humidity: 94%
2026-03-30 19:31:04,705 - root - INFO - [1113/1205] Fetching weather for Dévaványa...
2026-03-30 19:31:04,843 - root - INFO - Fetched weather for Dévaványa: 6.4°C, Clouds, humidity: 93%
2026-03-30 19:31:05,945 - root - INFO - [1114/1205] Fetching weather for Körösladány...
2026-03-30 19:31:06,037 - root - INFO - Fetched weather for Körösladány: 6.5°C, Clouds, humidity: 93%
2026-03-30 19:31:07,139 - root - INFO - [1115/1205] Fetching weather for Szeghalom...
2026-03-30 19:31:07,233 - root - INFO - Fetched weather for Szeghalom: 6.5°C, Clouds, humidity: 93%
2026-03-30 19:31:08,335 - root - INFO - [1116/1205] Fetching weather for Vésztő...
2026-03-30 19:31:08,436 - root - INFO - Fetched weather for Vésztő: 6.6°C, Rain, humidity: 94%
2026-03-30 19:31:09,538 - root - INFO - [1117/1205] Fetching weather for Szeged-Rókus...
2026-03-30 19:31:09,653 - root - INFO - Fetched weather for Szeged-Rókus: 7.3°C, Clouds, humidity: 91%
2026-03-30 19:31:10,755 - root - INFO - [1118/1205] Fetching weather for Algyő...
2026-03-30 19:31:10,858 - root - INFO - Fetched weather for Algyő: 7.3°C, Clouds, humidity: 89%
2026-03-30 19:31:11,960 - root - INFO - [1119/1205] Fetching weather for Hódmezővásárhelyi Népkert...
2026-03-30 19:31:12,058 - root - INFO - Fetched weather for Hódmezővásárhelyi Népkert: 6.7°C, Clouds, humidity: 90%
2026-03-30 19:31:13,160 - root - INFO - [1120/1205] Fetching weather for Hódmezővásárhely...
2026-03-30 19:31:13,254 - root - INFO - Fetched weather for Hódmezővásárhely: 6.7°C, Clouds, humidity: 91%
2026-03-30 19:31:14,356 - root - INFO - [1121/1205] Fetching weather for Körmend...
2026-03-30 19:31:14,449 - root - INFO - Fetched weather for Körmend: 6.8°C, Clouds, humidity: 75%
2026-03-30 19:31:15,551 - root - INFO - [1122/1205] Fetching weather for Szentgotthárd...
2026-03-30 19:31:15,640 - root - INFO - Fetched weather for Szentgotthárd: 6.9°C, Clouds, humidity: 74%
2026-03-30 19:31:16,742 - root - INFO - [1123/1205] Fetching weather for Szombathely...
2026-03-30 19:31:16,839 - root - INFO - Fetched weather for Szombathely: 5.6°C, Clouds, humidity: 68%
2026-03-30 19:31:17,941 - root - INFO - [1124/1205] Fetching weather for Sáferkút...
2026-03-30 19:31:18,033 - root - INFO - Fetched weather for Sáferkút: 6.1°C, Rain, humidity: 75%
2026-03-30 19:31:19,135 - root - INFO - [1125/1205] Fetching weather for Magdolnavölgy...
2026-03-30 19:31:19,230 - root - INFO - Fetched weather for Magdolnavölgy: 4.7°C, Rain, humidity: 89%
2026-03-30 19:31:20,332 - root - INFO - [1126/1205] Fetching weather for Haris...
2026-03-30 19:31:20,433 - root - INFO - Fetched weather for Haris: 6.9°C, Clouds, humidity: 75%
2026-03-30 19:31:21,534 - root - INFO - [1127/1205] Fetching weather for Egyházasrádóc...
2026-03-30 19:31:21,629 - root - INFO - Fetched weather for Egyházasrádóc: 6.6°C, Clouds, humidity: 72%
2026-03-30 19:31:22,731 - root - INFO - [1128/1205] Fetching weather for Alsórönök...
2026-03-30 19:31:22,825 - root - INFO - Fetched weather for Alsórönök: 6.9°C, Clouds, humidity: 76%
2026-03-30 19:31:23,927 - root - INFO - [1129/1205] Fetching weather for Szombathely-Szőlős...
2026-03-30 19:31:24,022 - root - INFO - Fetched weather for Szombathely-Szőlős: 5.7°C, Clouds, humidity: 68%
2026-03-30 19:31:25,124 - root - INFO - [1130/1205] Fetching weather for Rátót...
2026-03-30 19:31:25,218 - root - INFO - Fetched weather for Rátót: 6.7°C, Clouds, humidity: 77%
2026-03-30 19:31:26,319 - root - INFO - [1131/1205] Fetching weather for Ják-Balogunyom...
2026-03-30 19:31:26,420 - root - INFO - Fetched weather for Ják-Balogunyom: 5.7°C, Clouds, humidity: 70%
2026-03-30 19:31:27,521 - root - INFO - [1132/1205] Fetching weather for Vasvár...
2026-03-30 19:31:27,620 - root - INFO - Fetched weather for Vasvár: 6.7°C, Clouds, humidity: 71%
2026-03-30 19:31:28,722 - root - INFO - [1133/1205] Fetching weather for Répcelak...
2026-03-30 19:31:28,845 - root - INFO - Fetched weather for Répcelak: 6.7°C, Clouds, humidity: 69%
2026-03-30 19:31:29,947 - root - INFO - [1134/1205] Fetching weather for Rajka...
2026-03-30 19:31:30,113 - root - INFO - Fetched weather for Rajka: 6.8°C, Clear, humidity: 70%
2026-03-30 19:31:31,216 - root - INFO - [1135/1205] Fetching weather for Püspökmolnári...
2026-03-30 19:31:31,517 - root - INFO - Fetched weather for Püspökmolnári: 6.7°C, Clouds, humidity: 71%
2026-03-30 19:31:32,619 - root - INFO - [1136/1205] Fetching weather for Kőszeg...
2026-03-30 19:31:32,713 - root - INFO - Fetched weather for Kőszeg: 5.2°C, Clouds, humidity: 68%
2026-03-30 19:31:33,815 - root - INFO - [1137/1205] Fetching weather for Kastélypark...
2026-03-30 19:31:34,270 - root - INFO - Fetched weather for Kastélypark: 5.6°C, Rain, humidity: 82%
2026-03-30 19:31:35,372 - root - INFO - [1138/1205] Fetching weather for Hanságliget...
2026-03-30 19:31:35,730 - root - INFO - Fetched weather for Hanságliget: 6.1°C, Clouds, humidity: 71%
2026-03-30 19:31:36,833 - root - INFO - [1139/1205] Fetching weather for Vica...
2026-03-30 19:31:36,924 - root - INFO - Fetched weather for Vica: 6.0°C, Clouds, humidity: 69%
2026-03-30 19:31:38,026 - root - INFO - [1140/1205] Fetching weather for Vép...
2026-03-30 19:31:38,136 - root - INFO - Fetched weather for Vép: 5.7°C, Clouds, humidity: 67%
2026-03-30 19:31:39,237 - root - INFO - [1141/1205] Fetching weather for Mosonszolnok...
2026-03-30 19:31:39,343 - root - INFO - Fetched weather for Mosonszolnok: 6.1°C, Clouds, humidity: 71%
2026-03-30 19:31:40,445 - root - INFO - [1142/1205] Fetching weather for Jánossomorja...
2026-03-30 19:31:40,548 - root - INFO - Fetched weather for Jánossomorja: 6.1°C, Clouds, humidity: 68%
2026-03-30 19:31:41,649 - root - INFO - [1143/1205] Fetching weather for Bősárkány...
2026-03-30 19:31:41,744 - root - INFO - Fetched weather for Bősárkány: 6.1°C, Clouds, humidity: 71%
2026-03-30 19:31:42,845 - root - INFO - [1144/1205] Fetching weather for Szil-Sopronnémeti...
2026-03-30 19:31:42,946 - root - INFO - Fetched weather for Szil-Sopronnémeti: 7.2°C, Clouds, humidity: 71%
2026-03-30 19:31:44,048 - root - INFO - [1145/1205] Fetching weather for Magyarkeresztúr-Zsebeháza...
2026-03-30 19:31:44,143 - root - INFO - Fetched weather for Magyarkeresztúr-Zsebeháza: 6.1°C, Clouds, humidity: 70%
2026-03-30 19:31:45,245 - root - INFO - [1146/1205] Fetching weather for Páli-Vadosfa...
2026-03-30 19:31:45,340 - root - INFO - Fetched weather for Páli-Vadosfa: 6.1°C, Clouds, humidity: 70%
2026-03-30 19:31:46,441 - root - INFO - [1147/1205] Fetching weather for Beled...
2026-03-30 19:31:46,535 - root - INFO - Fetched weather for Beled: 6.7°C, Clouds, humidity: 69%
2026-03-30 19:31:47,637 - root - INFO - [1148/1205] Fetching weather for Dénesfa...
2026-03-30 19:31:47,751 - root - INFO - Fetched weather for Dénesfa: 6.7°C, Clouds, humidity: 69%
2026-03-30 19:31:48,853 - root - INFO - [1149/1205] Fetching weather for Csánig...
2026-03-30 19:31:48,951 - root - INFO - Fetched weather for Csánig: 6.7°C, Clouds, humidity: 69%
2026-03-30 19:31:50,052 - root - INFO - [1150/1205] Fetching weather for Vámoscsalád...
2026-03-30 19:31:50,176 - root - INFO - Fetched weather for Vámoscsalád: 6.0°C, Clouds, humidity: 68%
2026-03-30 19:31:51,278 - root - INFO - [1151/1205] Fetching weather for Vasegerszeg...
2026-03-30 19:31:51,371 - root - INFO - Fetched weather for Vasegerszeg: 6.0°C, Clouds, humidity: 67%
2026-03-30 19:31:52,473 - root - INFO - [1152/1205] Fetching weather for Hegyfalu...
2026-03-30 19:31:52,567 - root - INFO - Fetched weather for Hegyfalu: 6.0°C, Clouds, humidity: 67%
2026-03-30 19:31:53,669 - root - INFO - [1153/1205] Fetching weather for Pósfa...
2026-03-30 19:31:53,769 - root - INFO - Fetched weather for Pósfa: 6.0°C, Clouds, humidity: 67%
2026-03-30 19:31:54,870 - root - INFO - [1154/1205] Fetching weather for Ölbő-Alsószeleste...
2026-03-30 19:31:54,968 - root - INFO - Fetched weather for Ölbő-Alsószeleste: 6.0°C, Clouds, humidity: 67%
2026-03-30 19:31:56,070 - root - INFO - [1155/1205] Fetching weather for Gencsapáti felső...
2026-03-30 19:31:56,174 - root - INFO - Fetched weather for Gencsapáti felső: 5.5°C, Clouds, humidity: 68%
2026-03-30 19:31:57,276 - root - INFO - [1156/1205] Fetching weather for Lukácsháza alsó...
2026-03-30 19:31:57,391 - root - INFO - Fetched weather for Lukácsháza alsó: 5.4°C, Clouds, humidity: 68%
2026-03-30 19:31:58,493 - root - INFO - [1157/1205] Fetching weather for Kőszegfalva...
2026-03-30 19:31:58,605 - root - INFO - Fetched weather for Kőszegfalva: 5.3°C, Clouds, humidity: 68%
2026-03-30 19:31:59,707 - root - INFO - [1158/1205] Fetching weather for Gyöngyöshermán...
2026-03-30 19:31:59,800 - root - INFO - Fetched weather for Gyöngyöshermán: 5.7°C, Clouds, humidity: 68%
2026-03-30 19:32:00,902 - root - INFO - [1159/1205] Fetching weather for Bezenye...
2026-03-30 19:32:01,006 - root - INFO - Fetched weather for Bezenye: 6.8°C, Clouds, humidity: 73%
2026-03-30 19:32:02,107 - root - INFO - [1160/1205] Fetching weather for Kámon...
2026-03-30 19:32:02,202 - root - INFO - Fetched weather for Kámon: 5.6°C, Clouds, humidity: 68%
2026-03-30 19:32:03,304 - root - INFO - [1161/1205] Fetching weather for Sorkifalud...
2026-03-30 19:32:03,408 - root - INFO - Fetched weather for Sorkifalud: 6.7°C, Clouds, humidity: 70%
2026-03-30 19:32:04,510 - root - INFO - [1162/1205] Fetching weather for Szentléránt...
2026-03-30 19:32:04,620 - root - INFO - Fetched weather for Szentléránt: 6.7°C, Clouds, humidity: 70%
2026-03-30 19:32:05,721 - root - INFO - [1163/1205] Fetching weather for Pácsony...
2026-03-30 19:32:05,817 - root - INFO - Fetched weather for Pácsony: 6.7°C, Clouds, humidity: 73%
2026-03-30 19:32:06,919 - root - INFO - [1164/1205] Fetching weather for Győrvár...
2026-03-30 19:32:07,022 - root - INFO - Fetched weather for Győrvár: 6.7°C, Clouds, humidity: 73%
2026-03-30 19:32:08,124 - root - INFO - [1165/1205] Fetching weather for Egervár-Vasboldogasszony...
2026-03-30 19:32:08,218 - root - INFO - Fetched weather for Egervár-Vasboldogasszony: 6.9°C, Clouds, humidity: 75%
2026-03-30 19:32:09,320 - root - INFO - [1166/1205] Fetching weather for Zalaszentlőrinc...
2026-03-30 19:32:09,431 - root - INFO - Fetched weather for Zalaszentlőrinc: 6.9°C, Clouds, humidity: 77%
2026-03-30 19:32:10,533 - root - INFO - [1167/1205] Fetching weather for Gencsapáti alsó...
2026-03-30 19:32:10,642 - root - INFO - Fetched weather for Gencsapáti alsó: 5.5°C, Clouds, humidity: 68%
2026-03-30 19:32:11,743 - root - INFO - [1168/1205] Fetching weather for Gyöngyösfalu...
2026-03-30 19:32:11,838 - root - INFO - Fetched weather for Gyöngyösfalu: 5.4°C, Clouds, humidity: 68%
2026-03-30 19:32:12,939 - root - INFO - [1169/1205] Fetching weather for Lukácsháza...
2026-03-30 19:32:13,046 - root - INFO - Fetched weather for Lukácsháza: 5.3°C, Clouds, humidity: 68%
2026-03-30 19:32:14,148 - root - INFO - [1170/1205] Fetching weather for Horvátnádalja...
2026-03-30 19:32:14,255 - root - INFO - Fetched weather for Horvátnádalja: 6.8°C, Clouds, humidity: 76%
2026-03-30 19:32:15,357 - root - INFO - [1171/1205] Fetching weather for Csákánydoroszló...
2026-03-30 19:32:15,453 - root - INFO - Fetched weather for Csákánydoroszló: 6.8°C, Clouds, humidity: 77%
2026-03-30 19:32:16,555 - root - INFO - [1172/1205] Fetching weather for Váckisújfalu...
2026-03-30 19:32:16,672 - root - INFO - Fetched weather for Váckisújfalu: 5.2°C, Rain, humidity: 79%
2026-03-30 19:32:17,774 - root - INFO - [1173/1205] Fetching weather for Csisztafürdő...
2026-03-30 19:32:17,866 - root - INFO - Fetched weather for Csisztafürdő: 6.9°C, Clouds, humidity: 74%
2026-03-30 19:32:18,968 - root - INFO - [1174/1205] Fetching weather for Mórágy...
2026-03-30 19:32:19,062 - root - INFO - Fetched weather for Mórágy: 6.1°C, Clouds, humidity: 86%
2026-03-30 19:32:20,163 - root - INFO - [1175/1205] Fetching weather for Kismacs...
2026-03-30 19:32:20,266 - root - INFO - Fetched weather for Kismacs: 6.9°C, Clouds, humidity: 100%
2026-03-30 19:32:21,368 - root - INFO - [1176/1205] Fetching weather for Pusztaszentistván...
2026-03-30 19:32:21,462 - root - INFO - Fetched weather for Pusztaszentistván: 5.3°C, Clouds, humidity: 98%
2026-03-30 19:32:22,564 - root - INFO - [1177/1205] Fetching weather for Aranyvölgy...
2026-03-30 19:32:22,658 - root - INFO - Fetched weather for Aranyvölgy: 5.4°C, Rain, humidity: 84%
2026-03-30 19:32:23,759 - root - INFO - [1178/1205] Fetching weather for Szélhegy...
2026-03-30 19:32:23,868 - root - INFO - Fetched weather for Szélhegy: 4.8°C, Rain, humidity: 86%
2026-03-30 19:32:24,970 - root - INFO - [1179/1205] Fetching weather for Vörösvárbánya...
2026-03-30 19:32:25,085 - root - INFO - Fetched weather for Vörösvárbánya: 4.8°C, Rain, humidity: 86%
2026-03-30 19:32:26,186 - root - INFO - [1180/1205] Fetching weather for Máriaszőlőtelep...
2026-03-30 19:32:26,291 - root - INFO - Fetched weather for Máriaszőlőtelep: 5.1°C, Clouds, humidity: 100%
2026-03-30 19:32:27,393 - root - INFO - [1181/1205] Fetching weather for Akadémiaújtelep...
2026-03-30 19:32:27,486 - root - INFO - Fetched weather for Akadémiaújtelep: 5.3°C, Clouds, humidity: 87%
2026-03-30 19:32:28,588 - root - INFO - [1182/1205] Fetching weather for Újpalota...
2026-03-30 19:32:28,701 - root - INFO - Fetched weather for Újpalota: 5.5°C, Clouds, humidity: 85%
2026-03-30 19:32:29,803 - root - INFO - [1183/1205] Fetching weather for Szeged, Somogyi utca...
2026-03-30 19:32:29,901 - root - INFO - Fetched weather for Szeged, Somogyi utca: 7.3°C, Clouds, humidity: 91%
2026-03-30 19:32:31,003 - root - INFO - [1184/1205] Fetching weather for Hódmezővásárhely, Hősök tere...
2026-03-30 19:32:31,112 - root - INFO - Fetched weather for Hódmezővásárhely, Hősök tere: 6.7°C, Clouds, humidity: 90%
2026-03-30 19:32:32,213 - root - INFO - [1185/1205] Fetching weather for Hódmezővásárhely, Kossuth tér...
2026-03-30 19:32:32,297 - root - INFO - Fetched weather for Hódmezővásárhely, Kossuth tér: 6.7°C, Clouds, humidity: 90%
2026-03-30 19:32:33,398 - root - INFO - [1186/1205] Fetching weather for Hódmezővásárhely, Strandfürdő...
2026-03-30 19:32:33,489 - root - INFO - Fetched weather for Hódmezővásárhely, Strandfürdő: 6.7°C, Clouds, humidity: 90%
2026-03-30 19:32:34,591 - root - INFO - [1187/1205] Fetching weather for Szeged, Széchenyi tér...
2026-03-30 19:32:34,674 - root - INFO - Fetched weather for Szeged, Széchenyi tér: 7.3°C, Clouds, humidity: 91%
2026-03-30 19:32:35,776 - root - INFO - [1188/1205] Fetching weather for Szeged, Anna-kút...
2026-03-30 19:32:35,881 - root - INFO - Fetched weather for Szeged, Anna-kút: 7.3°C, Clouds, humidity: 91%
2026-03-30 19:32:36,982 - root - INFO - [1189/1205] Fetching weather for Szeged, Rókusi templom...
2026-03-30 19:32:37,075 - root - INFO - Fetched weather for Szeged, Rókusi templom: 7.3°C, Clouds, humidity: 91%
2026-03-30 19:32:38,177 - root - INFO - [1190/1205] Fetching weather for Hódmezővásárhely, Kálvin János tér...
2026-03-30 19:32:38,299 - root - INFO - Fetched weather for Hódmezővásárhely, Kálvin János tér: 6.7°C, Clouds, humidity: 91%
2026-03-30 19:32:39,401 - root - INFO - [1191/1205] Fetching weather for Hódmezővásárhely vasútállomás...
2026-03-30 19:32:39,493 - root - INFO - Fetched weather for Hódmezővásárhely vasútállomás: 6.7°C, Clouds, humidity: 91%
2026-03-30 19:32:40,595 - root - INFO - [1192/1205] Fetching weather for Szeged, Tavasz utca...
2026-03-30 19:32:40,683 - root - INFO - Fetched weather for Szeged, Tavasz utca: 7.3°C, Clouds, humidity: 91%
2026-03-30 19:32:41,785 - root - INFO - [1193/1205] Fetching weather for Szeged, Damjanich utca...
2026-03-30 19:32:41,869 - root - INFO - Fetched weather for Szeged, Damjanich utca: 7.3°C, Clouds, humidity: 91%
2026-03-30 19:32:42,971 - root - INFO - [1194/1205] Fetching weather for Szeged, Vásárhelyi Pál utca...
2026-03-30 19:32:43,078 - root - INFO - Fetched weather for Szeged, Vásárhelyi Pál utca: 7.3°C, Clouds, humidity: 91%
2026-03-30 19:32:44,179 - root - INFO - [1195/1205] Fetching weather for Szeged, Bécsi körút ...
2026-03-30 19:32:44,266 - root - INFO - Fetched weather for Szeged, Bécsi körút : 7.3°C, Clouds, humidity: 91%
2026-03-30 19:32:45,368 - root - INFO - [1196/1205] Fetching weather for Hódmezővásárhelyi Népkert vasútállomás...
2026-03-30 19:32:45,460 - root - INFO - Fetched weather for Hódmezővásárhelyi Népkert vasútállomás: 6.7°C, Clouds, humidity: 90%
2026-03-30 19:32:46,562 - root - INFO - [1197/1205] Fetching weather for Szeged vasútállomás...
2026-03-30 19:32:46,675 - root - INFO - Fetched weather for Szeged vasútállomás: 7.3°C, Clouds, humidity: 91%
2026-03-30 19:32:47,777 - root - INFO - [1198/1205] Fetching weather for Szeged, Bem utca...
2026-03-30 19:32:47,875 - root - INFO - Fetched weather for Szeged, Bem utca: 7.3°C, Clouds, humidity: 91%
2026-03-30 19:32:48,976 - root - INFO - [1199/1205] Fetching weather for Szeged, Galamb utca...
2026-03-30 19:32:49,066 - root - INFO - Fetched weather for Szeged, Galamb utca: 7.3°C, Clouds, humidity: 91%
2026-03-30 19:32:50,168 - root - INFO - [1200/1205] Fetching weather for Szeged, Aradi vértanúk tere...
2026-03-30 19:32:50,267 - root - INFO - Fetched weather for Szeged, Aradi vértanúk tere: 7.3°C, Clouds, humidity: 91%
2026-03-30 19:32:51,369 - root - INFO - [1201/1205] Fetching weather for Szeged, Pulz utca...
2026-03-30 19:32:51,453 - root - INFO - Fetched weather for Szeged, Pulz utca: 7.3°C, Clouds, humidity: 91%
2026-03-30 19:32:52,554 - root - INFO - [1202/1205] Fetching weather for Szeged, Rókus vasútállomás...
2026-03-30 19:32:52,650 - root - INFO - Fetched weather for Szeged, Rókus vasútállomás: 7.3°C, Clouds, humidity: 91%
2026-03-30 19:32:53,752 - root - INFO - [1203/1205] Fetching weather for Látókép...
2026-03-30 19:32:53,854 - root - INFO - Fetched weather for Látókép: 6.9°C, Clouds, humidity: 100%
2026-03-30 19:32:54,955 - root - INFO - [1204/1205] Fetching weather for Szentmihálytelek...
2026-03-30 19:32:55,063 - root - INFO - Fetched weather for Szentmihálytelek: 7.3°C, Clouds, humidity: 91%
2026-03-30 19:32:56,164 - root - INFO - [1205/1205] Fetching weather for Kisvarsány...
2026-03-30 19:32:56,262 - root - INFO - Fetched weather for Kisvarsány: 6.2°C, Clouds, humidity: 89%
2026-03-30 19:32:57,368 - root - INFO - Successfully collected weather for 1205 stations
2026-03-30 19:32:57,379 - root - INFO - Saved weather data to data/weather/current_20260330_1900.csv
2026-03-30 19:32:57,379 - root - INFO - File size: 150.9 KB
2026-03-30 19:32:57,379 - root - INFO - 
============================================================
2026-03-30 19:32:57,379 - root - INFO - WEATHER COLLECTION SUMMARY
2026-03-30 19:32:57,379 - root - INFO - ============================================================
2026-03-30 19:32:57,379 - root - INFO - 
Data Coverage:
2026-03-30 19:32:57,379 - root - INFO -   - Total stations: 1205
2026-03-30 19:32:57,380 - root - INFO -   - Collection time: 2026-03-30 19:08:43.773103
2026-03-30 19:32:57,380 - root - INFO -   - Collection hour: 19:00
2026-03-30 19:32:57,380 - root - INFO - 
Weather Statistics:
2026-03-30 19:32:57,380 - root - INFO -   - Temperature range: 2.9°C to 8.8°C
2026-03-30 19:32:57,380 - root - INFO -   - Average temperature: 6.2°C
2026-03-30 19:32:57,380 - root - INFO -   - Average humidity: 83%
2026-03-30 19:32:57,381 - root - INFO -   - Average wind speed: 3.8 m/s
2026-03-30 19:32:57,381 - root - INFO -   - Stations with precipitation: 276 (22.9%)
2026-03-30 19:32:57,381 - root - INFO - 
Weather Conditions Distribution:
2026-03-30 19:32:57,382 - root - INFO -   - Clouds: 914 (75.9%)
2026-03-30 19:32:57,382 - root - INFO -   - Rain: 269 (22.3%)
2026-03-30 19:32:57,382 - root - INFO -   - Clear: 21 (1.7%)
2026-03-30 19:32:57,382 - root - INFO -   - Mist: 1 (0.1%)
2026-03-30 19:32:57,382 - root - INFO - ============================================================

2026-03-30 19:32:57,382 - __main__ - INFO - Current weather collection completed successfully!
