2026-06-27 09:54:02,193 - __main__ - INFO - ============================================================
2026-06-27 09:54:02,193 - __main__ - INFO - CURRENT WEATHER COLLECTION STARTED
2026-06-27 09:54:02,193 - __main__ - INFO - ============================================================
2026-06-27 09:54:02,193 - __main__ - INFO - Collection time: 2026-06-27 09:54:02
2026-06-27 09:54:02,193 - __main__ - INFO - ============================================================

2026-06-27 09:54:02,193 - root - INFO - Starting current weather collection...
2026-06-27 09:54:02,203 - root - INFO - Loaded 1205 unique station coordinates from GTFS
2026-06-27 09:54:02,203 - root - INFO - Collecting weather for 1205 unique stations...
2026-06-27 09:54:02,203 - root - INFO - [1/1205] Fetching weather for Búcsúszentlászló...
2026-06-27 09:54:02,515 - root - INFO - Fetched weather for Búcsúszentlászló: 34.7°C, Clear, humidity: 30%
2026-06-27 09:54:03,617 - root - INFO - [2/1205] Fetching weather for Angyalföld...
2026-06-27 09:54:03,714 - root - INFO - Fetched weather for Angyalföld: 35.7°C, Clear, humidity: 32%
2026-06-27 09:54:04,816 - root - INFO - [3/1205] Fetching weather for Felsőjánosfa...
2026-06-27 09:54:04,914 - root - INFO - Fetched weather for Felsőjánosfa: 34.9°C, Clear, humidity: 34%
2026-06-27 09:54:06,016 - root - INFO - [4/1205] Fetching weather for Pankasz...
2026-06-27 09:54:06,113 - root - INFO - Fetched weather for Pankasz: 34.8°C, Clear, humidity: 35%
2026-06-27 09:54:07,215 - root - INFO - [5/1205] Fetching weather for Nagyrákos...
2026-06-27 09:54:07,318 - root - INFO - Fetched weather for Nagyrákos: 34.6°C, Clear, humidity: 36%
2026-06-27 09:54:08,420 - root - INFO - [6/1205] Fetching weather for Őriszentpéter...
2026-06-27 09:54:08,519 - root - INFO - Fetched weather for Őriszentpéter: 34.4°C, Clear, humidity: 37%
2026-06-27 09:54:09,620 - root - INFO - [7/1205] Fetching weather for Törökbálint...
2026-06-27 09:54:09,725 - root - INFO - Fetched weather for Törökbálint: 35.9°C, Clear, humidity: 32%
2026-06-27 09:54:10,826 - root - INFO - [8/1205] Fetching weather for Bicske alsó...
2026-06-27 09:54:10,929 - root - INFO - Fetched weather for Bicske alsó: 34.7°C, Clear, humidity: 30%
2026-06-27 09:54:12,030 - root - INFO - [9/1205] Fetching weather for Bajánsenye...
2026-06-27 09:54:12,130 - root - INFO - Fetched weather for Bajánsenye: 34.6°C, Clear, humidity: 33%
2026-06-27 09:54:13,231 - root - INFO - [10/1205] Fetching weather for Aquincum...
2026-06-27 09:54:13,343 - root - INFO - Fetched weather for Aquincum: 35.6°C, Clear, humidity: 33%
2026-06-27 09:54:14,444 - root - INFO - [11/1205] Fetching weather for Piliscsév...
2026-06-27 09:54:14,534 - root - INFO - Fetched weather for Piliscsév: 34.9°C, Clear, humidity: 31%
2026-06-27 09:54:15,635 - root - INFO - [12/1205] Fetching weather for Tát...
2026-06-27 09:54:15,734 - root - INFO - Fetched weather for Tát: 33.7°C, Clear, humidity: 31%
2026-06-27 09:54:16,835 - root - INFO - [13/1205] Fetching weather for Süttő felső...
2026-06-27 09:54:16,936 - root - INFO - Fetched weather for Süttő felső: 33.9°C, Clear, humidity: 30%
2026-06-27 09:54:18,038 - root - INFO - [14/1205] Fetching weather for Budatétény...
2026-06-27 09:54:18,133 - root - INFO - Fetched weather for Budatétény: 36.8°C, Clear, humidity: 31%
2026-06-27 09:54:19,234 - root - INFO - [15/1205] Fetching weather for Seregélyes-Szőlőhegy...
2026-06-27 09:54:19,333 - root - INFO - Fetched weather for Seregélyes-Szőlőhegy: 35.4°C, Clear, humidity: 25%
2026-06-27 09:54:20,435 - root - INFO - [16/1205] Fetching weather for Gödöllő-Állami telepek...
2026-06-27 09:54:20,527 - root - INFO - Fetched weather for Gödöllő-Állami telepek: 35.4°C, Clear, humidity: 28%
2026-06-27 09:54:21,628 - root - INFO - [17/1205] Fetching weather for Dunakeszi alsó...
2026-06-27 09:54:21,743 - root - INFO - Fetched weather for Dunakeszi alsó: 35.6°C, Clear, humidity: 32%
2026-06-27 09:54:22,845 - root - INFO - [18/1205] Fetching weather for Vác-Alsóváros...
2026-06-27 09:54:22,944 - root - INFO - Fetched weather for Vác-Alsóváros: 35.5°C, Clear, humidity: 31%
2026-06-27 09:54:24,046 - root - INFO - [19/1205] Fetching weather for Szob alsó...
2026-06-27 09:54:24,142 - root - INFO - Fetched weather for Szob alsó: 33.7°C, Clear, humidity: 32%
2026-06-27 09:54:25,243 - root - INFO - [20/1205] Fetching weather for Zalaszentmihály-Pacsa...
2026-06-27 09:54:25,343 - root - INFO - Fetched weather for Zalaszentmihály-Pacsa: 34.7°C, Clear, humidity: 30%
2026-06-27 09:54:26,444 - root - INFO - [21/1205] Fetching weather for Pötréte...
2026-06-27 09:54:26,537 - root - INFO - Fetched weather for Pötréte: 34.7°C, Clear, humidity: 30%
2026-06-27 09:54:27,638 - root - INFO - [22/1205] Fetching weather for Felsőrajk...
2026-06-27 09:54:27,738 - root - INFO - Fetched weather for Felsőrajk: 34.8°C, Clear, humidity: 30%
2026-06-27 09:54:28,839 - root - INFO - [23/1205] Fetching weather for Gelse...
2026-06-27 09:54:28,940 - root - INFO - Fetched weather for Gelse: 34.8°C, Clear, humidity: 30%
2026-06-27 09:54:30,041 - root - INFO - [24/1205] Fetching weather for Őrtilos...
2026-06-27 09:54:30,140 - root - INFO - Fetched weather for Őrtilos: 34.2°C, Clear, humidity: 33%
2026-06-27 09:54:31,241 - root - INFO - [25/1205] Fetching weather for Zákány...
2026-06-27 09:54:31,341 - root - INFO - Fetched weather for Zákány: 34.2°C, Clear, humidity: 31%
2026-06-27 09:54:32,442 - root - INFO - [26/1205] Fetching weather for Berzence...
2026-06-27 09:54:32,537 - root - INFO - Fetched weather for Berzence: 34.2°C, Clear, humidity: 33%
2026-06-27 09:54:33,639 - root - INFO - [27/1205] Fetching weather for Somogyudvarhely...
2026-06-27 09:54:33,736 - root - INFO - Fetched weather for Somogyudvarhely: 34.1°C, Clear, humidity: 33%
2026-06-27 09:54:34,838 - root - INFO - [28/1205] Fetching weather for Bélavár...
2026-06-27 09:54:34,937 - root - INFO - Fetched weather for Bélavár: 34.2°C, Clear, humidity: 34%
2026-06-27 09:54:36,038 - root - INFO - [29/1205] Fetching weather for Vízvár...
2026-06-27 09:54:36,138 - root - INFO - Fetched weather for Vízvár: 34.2°C, Clear, humidity: 34%
2026-06-27 09:54:37,240 - root - INFO - [30/1205] Fetching weather for Babócsa...
2026-06-27 09:54:37,346 - root - INFO - Fetched weather for Babócsa: 34.6°C, Clear, humidity: 32%
2026-06-27 09:54:38,447 - root - INFO - [31/1205] Fetching weather for Péterhida-Komlósd...
2026-06-27 09:54:38,541 - root - INFO - Fetched weather for Péterhida-Komlósd: 34.8°C, Clear, humidity: 31%
2026-06-27 09:54:39,643 - root - INFO - [32/1205] Fetching weather for Barcs...
2026-06-27 09:54:39,743 - root - INFO - Fetched weather for Barcs: 34.7°C, Clear, humidity: 31%
2026-06-27 09:54:40,845 - root - INFO - [33/1205] Fetching weather for Barcs felső...
2026-06-27 09:54:40,950 - root - INFO - Fetched weather for Barcs felső: 34.6°C, Clear, humidity: 32%
2026-06-27 09:54:42,051 - root - INFO - [34/1205] Fetching weather for Középrigóc...
2026-06-27 09:54:42,160 - root - INFO - Fetched weather for Középrigóc: 34.4°C, Clear, humidity: 32%
2026-06-27 09:54:43,262 - root - INFO - [35/1205] Fetching weather for Darány...
2026-06-27 09:54:43,365 - root - INFO - Fetched weather for Darány: 34.2°C, Clear, humidity: 32%
2026-06-27 09:54:44,466 - root - INFO - [36/1205] Fetching weather for Kisdobsza...
2026-06-27 09:54:44,557 - root - INFO - Fetched weather for Kisdobsza: 34.1°C, Clear, humidity: 33%
2026-06-27 09:54:45,658 - root - INFO - [37/1205] Fetching weather for Nemeske...
2026-06-27 09:54:45,756 - root - INFO - Fetched weather for Nemeske: 34.0°C, Clear, humidity: 33%
2026-06-27 09:54:46,858 - root - INFO - [38/1205] Fetching weather for Molvány...
2026-06-27 09:54:46,957 - root - INFO - Fetched weather for Molvány: 33.9°C, Clear, humidity: 33%
2026-06-27 09:54:48,059 - root - INFO - [39/1205] Fetching weather for Szigetvár...
2026-06-27 09:54:48,160 - root - INFO - Fetched weather for Szigetvár: 33.8°C, Clear, humidity: 34%
2026-06-27 09:54:49,261 - root - INFO - [40/1205] Fetching weather for Nagypeterd...
2026-06-27 09:54:49,367 - root - INFO - Fetched weather for Nagypeterd: 33.8°C, Clear, humidity: 34%
2026-06-27 09:54:50,469 - root - INFO - [41/1205] Fetching weather for Szentdénes...
2026-06-27 09:54:50,563 - root - INFO - Fetched weather for Szentdénes: 33.8°C, Clear, humidity: 33%
2026-06-27 09:54:51,664 - root - INFO - [42/1205] Fetching weather for Háros...
2026-06-27 09:54:51,769 - root - INFO - Fetched weather for Háros: 36.7°C, Clear, humidity: 31%
2026-06-27 09:54:52,871 - root - INFO - [43/1205] Fetching weather for Nagytétény-Diósd...
2026-06-27 09:54:52,982 - root - INFO - Fetched weather for Nagytétény-Diósd: 36.7°C, Clear, humidity: 32%
2026-06-27 09:54:54,083 - root - INFO - [44/1205] Fetching weather for Érdliget...
2026-06-27 09:54:54,191 - root - INFO - Fetched weather for Érdliget: 36.5°C, Clear, humidity: 32%
2026-06-27 09:54:55,293 - root - INFO - [45/1205] Fetching weather for Érd felső...
2026-06-27 09:54:55,392 - root - INFO - Fetched weather for Érd felső: 36.5°C, Clear, humidity: 32%
2026-06-27 09:54:56,494 - root - INFO - [46/1205] Fetching weather for Érd...
2026-06-27 09:54:56,589 - root - INFO - Fetched weather for Érd: 36.4°C, Clear, humidity: 32%
2026-06-27 09:54:57,691 - root - INFO - [47/1205] Fetching weather for Százhalombatta...
2026-06-27 09:54:57,788 - root - INFO - Fetched weather for Százhalombatta: 36.4°C, Clear, humidity: 31%
2026-06-27 09:54:58,890 - root - INFO - [48/1205] Fetching weather for Dunai Finomító...
2026-06-27 09:54:58,988 - root - INFO - Fetched weather for Dunai Finomító: 36.8°C, Clear, humidity: 31%
2026-06-27 09:55:00,090 - root - INFO - [49/1205] Fetching weather for Ercsi...
2026-06-27 09:55:00,190 - root - INFO - Fetched weather for Ercsi: 37.0°C, Clear, humidity: 27%
2026-06-27 09:55:01,292 - root - INFO - [50/1205] Fetching weather for Iváncsa...
2026-06-27 09:55:01,401 - root - INFO - Fetched weather for Iváncsa: 34.9°C, Clear, humidity: 26%
2026-06-27 09:55:02,502 - root - INFO - [51/1205] Fetching weather for Pusztaszabolcs...
2026-06-27 09:55:02,598 - root - INFO - Fetched weather for Pusztaszabolcs: 35.2°C, Clear, humidity: 25%
2026-06-27 09:55:03,700 - root - INFO - [52/1205] Fetching weather for Szabadegyháza...
2026-06-27 09:55:03,805 - root - INFO - Fetched weather for Szabadegyháza: 35.4°C, Clear, humidity: 25%
2026-06-27 09:55:04,906 - root - INFO - [53/1205] Fetching weather for Sárosd...
2026-06-27 09:55:05,009 - root - INFO - Fetched weather for Sárosd: 35.5°C, Clear, humidity: 24%
2026-06-27 09:55:06,111 - root - INFO - [54/1205] Fetching weather for Nagylók...
2026-06-27 09:55:06,210 - root - INFO - Fetched weather for Nagylók: 35.5°C, Clear, humidity: 24%
2026-06-27 09:55:07,312 - root - INFO - [55/1205] Fetching weather for Sárbogárd...
2026-06-27 09:55:07,411 - root - INFO - Fetched weather for Sárbogárd: 35.6°C, Clear, humidity: 24%
2026-06-27 09:55:08,512 - root - INFO - [56/1205] Fetching weather for Rétszilas...
2026-06-27 09:55:08,615 - root - INFO - Fetched weather for Rétszilas: 35.6°C, Clear, humidity: 24%
2026-06-27 09:55:09,716 - root - INFO - [57/1205] Fetching weather for Nagyatád...
2026-06-27 09:55:09,816 - root - INFO - Fetched weather for Nagyatád: 34.2°C, Clear, humidity: 33%
2026-06-27 09:55:10,918 - root - INFO - [58/1205] Fetching weather for Budapest-Keleti...
2026-06-27 09:55:11,015 - root - INFO - Fetched weather for Budapest-Keleti: 36.4°C, Clear, humidity: 31%
2026-06-27 09:55:12,117 - root - INFO - [59/1205] Fetching weather for Ferencváros...
2026-06-27 09:55:12,220 - root - INFO - Fetched weather for Ferencváros: 36.6°C, Clear, humidity: 31%
2026-06-27 09:55:13,322 - root - INFO - [60/1205] Fetching weather for Budapest-Nyugati...
2026-06-27 09:55:13,418 - root - INFO - Fetched weather for Budapest-Nyugati: 36.0°C, Clear, humidity: 32%
2026-06-27 09:55:14,519 - root - INFO - [61/1205] Fetching weather for Kőbánya felső...
2026-06-27 09:55:14,606 - root - INFO - Fetched weather for Kőbánya felső: 36.4°C, Clear, humidity: 30%
2026-06-27 09:55:15,708 - root - INFO - [62/1205] Fetching weather for Rákos...
2026-06-27 09:55:15,806 - root - INFO - Fetched weather for Rákos: 36.3°C, Clear, humidity: 30%
2026-06-27 09:55:16,908 - root - INFO - [63/1205] Fetching weather for Rákosrendező...
2026-06-27 09:55:17,005 - root - INFO - Fetched weather for Rákosrendező: 35.9°C, Clear, humidity: 32%
2026-06-27 09:55:18,107 - root - INFO - [64/1205] Fetching weather for Zugló...
2026-06-27 09:55:18,211 - root - INFO - Fetched weather for Zugló: 36.1°C, Clear, humidity: 31%
2026-06-27 09:55:19,312 - root - INFO - [65/1205] Fetching weather for Mezőtárkány...
2026-06-27 09:55:19,410 - root - INFO - Fetched weather for Mezőtárkány: 32.4°C, Clear, humidity: 33%
2026-06-27 09:55:20,512 - root - INFO - [66/1205] Fetching weather for Istvántelek...
2026-06-27 09:55:20,602 - root - INFO - Fetched weather for Istvántelek: 35.7°C, Clear, humidity: 32%
2026-06-27 09:55:21,704 - root - INFO - [67/1205] Fetching weather for Rákospalota-Újpest...
2026-06-27 09:55:21,801 - root - INFO - Fetched weather for Rákospalota-Újpest: 35.7°C, Clear, humidity: 32%
2026-06-27 09:55:22,902 - root - INFO - [68/1205] Fetching weather for Kőbánya alsó...
2026-06-27 09:55:23,005 - root - INFO - Fetched weather for Kőbánya alsó: 36.5°C, Clear, humidity: 30%
2026-06-27 09:55:24,106 - root - INFO - [69/1205] Fetching weather for Kőbánya-Kispest...
2026-06-27 09:55:24,202 - root - INFO - Fetched weather for Kőbánya-Kispest: 36.6°C, Clear, humidity: 30%
2026-06-27 09:55:25,304 - root - INFO - [70/1205] Fetching weather for Pestszentlőrinc...
2026-06-27 09:55:25,402 - root - INFO - Fetched weather for Pestszentlőrinc: 36.6°C, Clear, humidity: 30%
2026-06-27 09:55:26,504 - root - INFO - [71/1205] Fetching weather for Kispest...
2026-06-27 09:55:26,605 - root - INFO - Fetched weather for Kispest: 36.7°C, Clear, humidity: 30%
2026-06-27 09:55:27,707 - root - INFO - [72/1205] Fetching weather for Újpest...
2026-06-27 09:55:27,815 - root - INFO - Fetched weather for Újpest: 35.7°C, Clear, humidity: 32%
2026-06-27 09:55:28,917 - root - INFO - [73/1205] Fetching weather for Pestszentimre felső...
2026-06-27 09:55:29,025 - root - INFO - Fetched weather for Pestszentimre felső: 36.8°C, Clear, humidity: 30%
2026-06-27 09:55:30,127 - root - INFO - [74/1205] Fetching weather for Dunakeszi...
2026-06-27 09:55:30,226 - root - INFO - Fetched weather for Dunakeszi: 35.5°C, Clear, humidity: 32%
2026-06-27 09:55:31,328 - root - INFO - [75/1205] Fetching weather for Dunakeszi-Gyártelep...
2026-06-27 09:55:31,430 - root - INFO - Fetched weather for Dunakeszi-Gyártelep: 35.6°C, Clear, humidity: 32%
2026-06-27 09:55:32,532 - root - INFO - [76/1205] Fetching weather for Alsógöd...
2026-06-27 09:55:32,625 - root - INFO - Fetched weather for Alsógöd: 35.6°C, Clear, humidity: 33%
2026-06-27 09:55:33,727 - root - INFO - [77/1205] Fetching weather for Göd...
2026-06-27 09:55:33,833 - root - INFO - Fetched weather for Göd: 35.6°C, Clear, humidity: 33%
2026-06-27 09:55:34,935 - root - INFO - [78/1205] Fetching weather for Felsőgöd...
2026-06-27 09:55:35,041 - root - INFO - Fetched weather for Felsőgöd: 35.5°C, Clear, humidity: 33%
2026-06-27 09:55:36,143 - root - INFO - [79/1205] Fetching weather for Sződ-Sződliget...
2026-06-27 09:55:36,247 - root - INFO - Fetched weather for Sződ-Sződliget: 35.4°C, Clear, humidity: 33%
2026-06-27 09:55:37,349 - root - INFO - [80/1205] Fetching weather for Vác...
2026-06-27 09:55:37,449 - root - INFO - Fetched weather for Vác: 35.5°C, Clear, humidity: 31%
2026-06-27 09:55:38,551 - root - INFO - [81/1205] Fetching weather for Verőce...
2026-06-27 09:55:38,650 - root - INFO - Fetched weather for Verőce: 35.4°C, Clear, humidity: 32%
2026-06-27 09:55:39,752 - root - INFO - [82/1205] Fetching weather for Kismaros...
2026-06-27 09:55:39,858 - root - INFO - Fetched weather for Kismaros: 33.6°C, Clear, humidity: 32%
2026-06-27 09:55:40,960 - root - INFO - [83/1205] Fetching weather for Nagymaros-Visegrád...
2026-06-27 09:55:41,058 - root - INFO - Fetched weather for Nagymaros-Visegrád: 33.7°C, Clear, humidity: 32%
2026-06-27 09:55:42,160 - root - INFO - [84/1205] Fetching weather for Nagymaros...
2026-06-27 09:55:42,263 - root - INFO - Fetched weather for Nagymaros: 33.8°C, Clear, humidity: 32%
2026-06-27 09:55:43,365 - root - INFO - [85/1205] Fetching weather for Zebegény...
2026-06-27 09:55:43,470 - root - INFO - Fetched weather for Zebegény: 33.7°C, Clear, humidity: 32%
2026-06-27 09:55:44,571 - root - INFO - [86/1205] Fetching weather for Szob...
2026-06-27 09:55:44,663 - root - INFO - Fetched weather for Szob: 33.7°C, Clear, humidity: 32%
2026-06-27 09:55:45,765 - root - INFO - [87/1205] Fetching weather for Alagimajor...
2026-06-27 09:55:45,862 - root - INFO - Fetched weather for Alagimajor: 35.5°C, Clear, humidity: 32%
2026-06-27 09:55:46,964 - root - INFO - [88/1205] Fetching weather for Fót...
2026-06-27 09:55:47,063 - root - INFO - Fetched weather for Fót: 35.4°C, Clear, humidity: 32%
2026-06-27 09:55:48,165 - root - INFO - [89/1205] Fetching weather for Fótújfalu...
2026-06-27 09:55:48,260 - root - INFO - Fetched weather for Fótújfalu: 35.3°C, Clear, humidity: 32%
2026-06-27 09:55:49,362 - root - INFO - [90/1205] Fetching weather for Csomád...
2026-06-27 09:55:49,462 - root - INFO - Fetched weather for Csomád: 35.1°C, Clear, humidity: 33%
2026-06-27 09:55:50,564 - root - INFO - [91/1205] Fetching weather for Veresegyház...
2026-06-27 09:55:50,662 - root - INFO - Fetched weather for Veresegyház: 35.2°C, Clear, humidity: 33%
2026-06-27 09:55:51,764 - root - INFO - [92/1205] Fetching weather for Erdőkertes...
2026-06-27 09:55:51,863 - root - INFO - Fetched weather for Erdőkertes: 35.1°C, Clear, humidity: 29%
2026-06-27 09:55:52,965 - root - INFO - [93/1205] Fetching weather for Őrbottyán...
2026-06-27 09:55:53,067 - root - INFO - Fetched weather for Őrbottyán: 35.0°C, Clear, humidity: 29%
2026-06-27 09:55:54,169 - root - INFO - [94/1205] Fetching weather for Váchartyán...
2026-06-27 09:55:54,268 - root - INFO - Fetched weather for Váchartyán: 35.4°C, Clear, humidity: 30%
2026-06-27 09:55:55,369 - root - INFO - [95/1205] Fetching weather for Magyarkút-Verőce...
2026-06-27 09:55:55,466 - root - INFO - Fetched weather for Magyarkút-Verőce: 35.5°C, Clear, humidity: 32%
2026-06-27 09:55:56,568 - root - INFO - [96/1205] Fetching weather for Szokolya...
2026-06-27 09:55:56,662 - root - INFO - Fetched weather for Szokolya: 31.4°C, Clear, humidity: 32%
2026-06-27 09:55:57,763 - root - INFO - [97/1205] Fetching weather for Berkenye...
2026-06-27 09:55:57,861 - root - INFO - Fetched weather for Berkenye: 32.1°C, Clear, humidity: 32%
2026-06-27 09:55:58,963 - root - INFO - [98/1205] Fetching weather for Nógrád...
2026-06-27 09:55:59,062 - root - INFO - Fetched weather for Nógrád: 31.6°C, Clear, humidity: 32%
2026-06-27 09:56:00,163 - root - INFO - [99/1205] Fetching weather for Diósjenő...
2026-06-27 09:56:00,263 - root - INFO - Fetched weather for Diósjenő: 31.2°C, Clear, humidity: 32%
2026-06-27 09:56:01,364 - root - INFO - [100/1205] Fetching weather for Borsosberény...
2026-06-27 09:56:01,469 - root - INFO - Fetched weather for Borsosberény: 31.8°C, Clear, humidity: 32%
2026-06-27 09:56:02,570 - root - INFO - [101/1205] Fetching weather for Nagyoroszi...
2026-06-27 09:56:02,665 - root - INFO - Fetched weather for Nagyoroszi: 31.6°C, Clear, humidity: 32%
2026-06-27 09:56:03,767 - root - INFO - [102/1205] Fetching weather for Drégelyvár...
2026-06-27 09:56:03,874 - root - INFO - Fetched weather for Drégelyvár: 31.7°C, Clear, humidity: 32%
2026-06-27 09:56:04,976 - root - INFO - [103/1205] Fetching weather for Drégely...
2026-06-27 09:56:05,073 - root - INFO - Fetched weather for Drégely: 32.0°C, Clear, humidity: 32%
2026-06-27 09:56:06,175 - root - INFO - [104/1205] Fetching weather for Drégelypalánk...
2026-06-27 09:56:06,275 - root - INFO - Fetched weather for Drégelypalánk: 32.1°C, Clear, humidity: 32%
2026-06-27 09:56:07,376 - root - INFO - [105/1205] Fetching weather for Ipolyvece...
2026-06-27 09:56:07,476 - root - INFO - Fetched weather for Ipolyvece: 32.1°C, Clear, humidity: 32%
2026-06-27 09:56:08,578 - root - INFO - [106/1205] Fetching weather for Dejtár...
2026-06-27 09:56:08,670 - root - INFO - Fetched weather for Dejtár: 32.1°C, Clear, humidity: 32%
2026-06-27 09:56:09,772 - root - INFO - [107/1205] Fetching weather for Ipolyszög...
2026-06-27 09:56:09,869 - root - INFO - Fetched weather for Ipolyszög: 32.1°C, Clear, humidity: 32%
2026-06-27 09:56:10,971 - root - INFO - [108/1205] Fetching weather for Iklad-Domony...
2026-06-27 09:56:11,068 - root - INFO - Fetched weather for Iklad-Domony: 33.0°C, Clear, humidity: 29%
2026-06-27 09:56:12,170 - root - INFO - [109/1205] Fetching weather for Iklad-Domony felső...
2026-06-27 09:56:12,267 - root - INFO - Fetched weather for Iklad-Domony felső: 35.4°C, Clear, humidity: 29%
2026-06-27 09:56:13,368 - root - INFO - [110/1205] Fetching weather for Galgamácsa...
2026-06-27 09:56:13,474 - root - INFO - Fetched weather for Galgamácsa: 35.4°C, Clear, humidity: 30%
2026-06-27 09:56:14,576 - root - INFO - [111/1205] Fetching weather for Vácrátót...
2026-06-27 09:56:14,673 - root - INFO - Fetched weather for Vácrátót: 35.3°C, Clear, humidity: 30%
2026-06-27 09:56:15,775 - root - INFO - [112/1205] Fetching weather for Csörög...
2026-06-27 09:56:15,882 - root - INFO - Fetched weather for Csörög: 35.3°C, Clear, humidity: 30%
2026-06-27 09:56:16,983 - root - INFO - [113/1205] Fetching weather for Galgagyörk...
2026-06-27 09:56:17,084 - root - INFO - Fetched weather for Galgagyörk: 35.3°C, Clear, humidity: 30%
2026-06-27 09:56:18,185 - root - INFO - [114/1205] Fetching weather for Püspökhatvan...
2026-06-27 09:56:18,289 - root - INFO - Fetched weather for Püspökhatvan: 32.6°C, Clear, humidity: 30%
2026-06-27 09:56:19,390 - root - INFO - [115/1205] Fetching weather for Acsa-Erdőkürt...
2026-06-27 09:56:19,496 - root - INFO - Fetched weather for Acsa-Erdőkürt: 32.3°C, Clear, humidity: 31%
2026-06-27 09:56:20,598 - root - INFO - [116/1205] Fetching weather for Galgaguta...
2026-06-27 09:56:20,696 - root - INFO - Fetched weather for Galgaguta: 31.9°C, Clear, humidity: 31%
2026-06-27 09:56:21,797 - root - INFO - [117/1205] Fetching weather for Nógrádkövesd...
2026-06-27 09:56:21,899 - root - INFO - Fetched weather for Nógrádkövesd: 32.1°C, Clear, humidity: 31%
2026-06-27 09:56:23,000 - root - INFO - [118/1205] Fetching weather for Magyarnándor...
2026-06-27 09:56:23,098 - root - INFO - Fetched weather for Magyarnándor: 31.8°C, Clear, humidity: 32%
2026-06-27 09:56:24,200 - root - INFO - [119/1205] Fetching weather for Mohora...
2026-06-27 09:56:24,306 - root - INFO - Fetched weather for Mohora: 31.9°C, Clear, humidity: 32%
2026-06-27 09:56:25,408 - root - INFO - [120/1205] Fetching weather for Szügy...
2026-06-27 09:56:25,506 - root - INFO - Fetched weather for Szügy: 32.0°C, Clear, humidity: 32%
2026-06-27 09:56:26,608 - root - INFO - [121/1205] Fetching weather for Balassagyarmat...
2026-06-27 09:56:26,703 - root - INFO - Fetched weather for Balassagyarmat: 32.0°C, Clear, humidity: 32%
2026-06-27 09:56:27,805 - root - INFO - [122/1205] Fetching weather for Őrhalom...
2026-06-27 09:56:27,909 - root - INFO - Fetched weather for Őrhalom: 31.8°C, Clear, humidity: 33%
2026-06-27 09:56:29,010 - root - INFO - [123/1205] Fetching weather for Hugyag...
2026-06-27 09:56:29,106 - root - INFO - Fetched weather for Hugyag: 31.8°C, Clear, humidity: 33%
2026-06-27 09:56:30,208 - root - INFO - [124/1205] Fetching weather for Szécsény...
2026-06-27 09:56:30,308 - root - INFO - Fetched weather for Szécsény: 32.1°C, Clear, humidity: 34%
2026-06-27 09:56:31,409 - root - INFO - [125/1205] Fetching weather for Ludányhalászi...
2026-06-27 09:56:31,508 - root - INFO - Fetched weather for Ludányhalászi: 32.0°C, Clear, humidity: 35%
2026-06-27 09:56:32,610 - root - INFO - [126/1205] Fetching weather for Nógrádszakál...
2026-06-27 09:56:32,703 - root - INFO - Fetched weather for Nógrádszakál: 31.9°C, Clear, humidity: 35%
2026-06-27 09:56:33,804 - root - INFO - [127/1205] Fetching weather for Ráróspuszta...
2026-06-27 09:56:33,902 - root - INFO - Fetched weather for Ráróspuszta: 31.2°C, Clear, humidity: 36%
2026-06-27 09:56:35,004 - root - INFO - [128/1205] Fetching weather for Litke...
2026-06-27 09:56:35,111 - root - INFO - Fetched weather for Litke: 31.8°C, Clear, humidity: 36%
2026-06-27 09:56:36,212 - root - INFO - [129/1205] Fetching weather for Nyíregyháza külső...
2026-06-27 09:56:36,310 - root - INFO - Fetched weather for Nyíregyháza külső: 31.3°C, Clear, humidity: 34%
2026-06-27 09:56:37,411 - root - INFO - [130/1205] Fetching weather for Oros...
2026-06-27 09:56:37,508 - root - INFO - Fetched weather for Oros: 31.4°C, Clear, humidity: 34%
2026-06-27 09:56:38,610 - root - INFO - [131/1205] Fetching weather for Napkor...
2026-06-27 09:56:38,703 - root - INFO - Fetched weather for Napkor: 31.4°C, Clear, humidity: 33%
2026-06-27 09:56:39,804 - root - INFO - [132/1205] Fetching weather for Apagy...
2026-06-27 09:56:39,911 - root - INFO - Fetched weather for Apagy: 31.4°C, Clear, humidity: 33%
2026-06-27 09:56:41,013 - root - INFO - [133/1205] Fetching weather for Levelek-Magy...
2026-06-27 09:56:41,121 - root - INFO - Fetched weather for Levelek-Magy: 31.4°C, Clear, humidity: 33%
2026-06-27 09:56:42,222 - root - INFO - [134/1205] Fetching weather for Ófehértó...
2026-06-27 09:56:42,322 - root - INFO - Fetched weather for Ófehértó: 31.4°C, Clear, humidity: 32%
2026-06-27 09:56:43,423 - root - INFO - [135/1205] Fetching weather for Ligettanya...
2026-06-27 09:56:43,525 - root - INFO - Fetched weather for Ligettanya: 31.4°C, Clear, humidity: 32%
2026-06-27 09:56:44,627 - root - INFO - [136/1205] Fetching weather for Baktalórántháza...
2026-06-27 09:56:44,717 - root - INFO - Fetched weather for Baktalórántháza: 31.4°C, Clear, humidity: 33%
2026-06-27 09:56:45,818 - root - INFO - [137/1205] Fetching weather for Vaja-Rohod...
2026-06-27 09:56:45,917 - root - INFO - Fetched weather for Vaja-Rohod: 31.4°C, Clear, humidity: 32%
2026-06-27 09:56:47,018 - root - INFO - [138/1205] Fetching weather for Rákóczitanya...
2026-06-27 09:56:47,117 - root - INFO - Fetched weather for Rákóczitanya: 31.4°C, Clear, humidity: 32%
2026-06-27 09:56:48,218 - root - INFO - [139/1205] Fetching weather for Nyírmada...
2026-06-27 09:56:48,318 - root - INFO - Fetched weather for Nyírmada: 31.4°C, Clear, humidity: 33%
2026-06-27 09:56:49,419 - root - INFO - [140/1205] Fetching weather for Tunyogmatolcs...
2026-06-27 09:56:49,517 - root - INFO - Fetched weather for Tunyogmatolcs: 31.9°C, Clear, humidity: 32%
2026-06-27 09:56:50,619 - root - INFO - [141/1205] Fetching weather for Tunyogmatolcs alsó...
2026-06-27 09:56:50,722 - root - INFO - Fetched weather for Tunyogmatolcs alsó: 31.9°C, Clear, humidity: 32%
2026-06-27 09:56:51,824 - root - INFO - [142/1205] Fetching weather for Fehérgyarmat...
2026-06-27 09:56:51,929 - root - INFO - Fetched weather for Fehérgyarmat: 31.9°C, Clear, humidity: 33%
2026-06-27 09:56:53,031 - root - INFO - [143/1205] Fetching weather for Penyige...
2026-06-27 09:56:53,138 - root - INFO - Fetched weather for Penyige: 31.9°C, Clear, humidity: 33%
2026-06-27 09:56:54,240 - root - INFO - [144/1205] Fetching weather for Nagyszekeres...
2026-06-27 09:56:54,340 - root - INFO - Fetched weather for Nagyszekeres: 31.8°C, Clear, humidity: 34%
2026-06-27 09:56:55,441 - root - INFO - [145/1205] Fetching weather for Kisszekeres...
2026-06-27 09:56:55,545 - root - INFO - Fetched weather for Kisszekeres: 31.8°C, Clear, humidity: 34%
2026-06-27 09:56:56,647 - root - INFO - [146/1205] Fetching weather for Jánkmajtis...
2026-06-27 09:56:56,741 - root - INFO - Fetched weather for Jánkmajtis: 31.8°C, Clear, humidity: 35%
2026-06-27 09:56:57,843 - root - INFO - [147/1205] Fetching weather for Gacsály...
2026-06-27 09:56:57,953 - root - INFO - Fetched weather for Gacsály: 32.8°C, Clear, humidity: 36%
2026-06-27 09:56:59,054 - root - INFO - [148/1205] Fetching weather for Zajta...
2026-06-27 09:56:59,162 - root - INFO - Fetched weather for Zajta: 32.8°C, Clear, humidity: 37%
2026-06-27 09:57:00,263 - root - INFO - [149/1205] Fetching weather for Eperjeske alsó...
2026-06-27 09:57:00,372 - root - INFO - Fetched weather for Eperjeske alsó: 31.2°C, Clear, humidity: 36%
2026-06-27 09:57:01,473 - root - INFO - [150/1205] Fetching weather for Mándok...
2026-06-27 09:57:01,572 - root - INFO - Fetched weather for Mándok: 31.2°C, Clear, humidity: 36%
2026-06-27 09:57:02,673 - root - INFO - [151/1205] Fetching weather for Tornyospálca...
2026-06-27 09:57:02,766 - root - INFO - Fetched weather for Tornyospálca: 31.2°C, Clear, humidity: 36%
2026-06-27 09:57:03,867 - root - INFO - [152/1205] Fetching weather for Aranyosapáti...
2026-06-27 09:57:03,968 - root - INFO - Fetched weather for Aranyosapáti: 31.4°C, Clear, humidity: 35%
2026-06-27 09:57:05,069 - root - INFO - [153/1205] Fetching weather for Gyüre...
2026-06-27 09:57:05,166 - root - INFO - Fetched weather for Gyüre: 31.5°C, Clear, humidity: 34%
2026-06-27 09:57:06,268 - root - INFO - [154/1205] Fetching weather for Varsány...
2026-06-27 09:57:06,379 - root - INFO - Fetched weather for Varsány: 31.6°C, Clear, humidity: 33%
2026-06-27 09:57:07,480 - root - INFO - [155/1205] Fetching weather for Vásárosnamény...
2026-06-27 09:57:07,584 - root - INFO - Fetched weather for Vásárosnamény: 31.6°C, Clear, humidity: 33%
2026-06-27 09:57:08,686 - root - INFO - [156/1205] Fetching weather for Vitka...
2026-06-27 09:57:08,780 - root - INFO - Fetched weather for Vitka: 31.6°C, Clear, humidity: 33%
2026-06-27 09:57:09,882 - root - INFO - [157/1205] Fetching weather for Nagydobos...
2026-06-27 09:57:09,980 - root - INFO - Fetched weather for Nagydobos: 31.6°C, Clear, humidity: 32%
2026-06-27 09:57:11,082 - root - INFO - [158/1205] Fetching weather for Ópályi...
2026-06-27 09:57:11,178 - root - INFO - Fetched weather for Ópályi: 31.7°C, Clear, humidity: 32%
2026-06-27 09:57:12,280 - root - INFO - [159/1205] Fetching weather for Nyírcsaholy...
2026-06-27 09:57:12,379 - root - INFO - Fetched weather for Nyírcsaholy: 31.8°C, Clear, humidity: 32%
2026-06-27 09:57:13,481 - root - INFO - [160/1205] Fetching weather for Nagyecsed...
2026-06-27 09:57:13,589 - root - INFO - Fetched weather for Nagyecsed: 31.9°C, Clear, humidity: 33%
2026-06-27 09:57:14,691 - root - INFO - [161/1205] Fetching weather for Tiborszállás...
2026-06-27 09:57:14,794 - root - INFO - Fetched weather for Tiborszállás: 31.8°C, Clear, humidity: 34%
2026-06-27 09:57:15,895 - root - INFO - [162/1205] Fetching weather for Kiskunhalas...
2026-06-27 09:57:15,996 - root - INFO - Fetched weather for Kiskunhalas: 35.5°C, Clear, humidity: 25%
2026-06-27 09:57:17,098 - root - INFO - [163/1205] Fetching weather for Kecskemét alsó...
2026-06-27 09:57:17,197 - root - INFO - Fetched weather for Kecskemét alsó: 35.0°C, Clear, humidity: 42%
2026-06-27 09:57:18,299 - root - INFO - [164/1205] Fetching weather for Putnok...
2026-06-27 09:57:18,397 - root - INFO - Fetched weather for Putnok: 32.8°C, Clear, humidity: 38%
2026-06-27 09:57:19,498 - root - INFO - [165/1205] Fetching weather for Bánréve...
2026-06-27 09:57:19,609 - root - INFO - Fetched weather for Bánréve: 32.0°C, Clear, humidity: 38%
2026-06-27 09:57:20,710 - root - INFO - [166/1205] Fetching weather for Ipolytarnóc...
2026-06-27 09:57:20,801 - root - INFO - Fetched weather for Ipolytarnóc: 31.7°C, Clear, humidity: 37%
2026-06-27 09:57:21,902 - root - INFO - [167/1205] Fetching weather for Rákosliget...
2026-06-27 09:57:22,004 - root - INFO - Fetched weather for Rákosliget: 35.7°C, Clear, humidity: 31%
2026-06-27 09:57:23,105 - root - INFO - [168/1205] Fetching weather for Ikrény...
2026-06-27 09:57:23,210 - root - INFO - Fetched weather for Ikrény: 35.3°C, Clear, humidity: 26%
2026-06-27 09:57:24,311 - root - INFO - [169/1205] Fetching weather for Rábapatona...
2026-06-27 09:57:24,411 - root - INFO - Fetched weather for Rábapatona: 35.4°C, Clear, humidity: 26%
2026-06-27 09:57:25,513 - root - INFO - [170/1205] Fetching weather for Enese...
2026-06-27 09:57:25,620 - root - INFO - Fetched weather for Enese: 35.4°C, Clear, humidity: 26%
2026-06-27 09:57:26,721 - root - INFO - [171/1205] Fetching weather for Kóny...
2026-06-27 09:57:26,813 - root - INFO - Fetched weather for Kóny: 35.4°C, Clear, humidity: 26%
2026-06-27 09:57:27,914 - root - INFO - [172/1205] Fetching weather for Farád...
2026-06-27 09:57:28,013 - root - INFO - Fetched weather for Farád: 35.0°C, Clear, humidity: 25%
2026-06-27 09:57:29,114 - root - INFO - [173/1205] Fetching weather for Rábatamási...
2026-06-27 09:57:29,214 - root - INFO - Fetched weather for Rábatamási: 35.0°C, Clear, humidity: 25%
2026-06-27 09:57:30,315 - root - INFO - [174/1205] Fetching weather for Szárföld...
2026-06-27 09:57:30,421 - root - INFO - Fetched weather for Szárföld: 35.0°C, Clear, humidity: 26%
2026-06-27 09:57:31,522 - root - INFO - [175/1205] Fetching weather for Veszkény...
2026-06-27 09:57:31,628 - root - INFO - Fetched weather for Veszkény: 35.0°C, Clear, humidity: 29%
2026-06-27 09:57:32,729 - root - INFO - [176/1205] Fetching weather for Kapuvár...
2026-06-27 09:57:32,828 - root - INFO - Fetched weather for Kapuvár: 35.0°C, Clear, humidity: 29%
2026-06-27 09:57:33,929 - root - INFO - [177/1205] Fetching weather for Vitnyéd-Csermajor...
2026-06-27 09:57:34,034 - root - INFO - Fetched weather for Vitnyéd-Csermajor: 35.0°C, Clear, humidity: 29%
2026-06-27 09:57:35,135 - root - INFO - [178/1205] Fetching weather for Petőháza...
2026-06-27 09:57:35,230 - root - INFO - Fetched weather for Petőháza: 34.9°C, Clear, humidity: 29%
2026-06-27 09:57:36,332 - root - INFO - [179/1205] Fetching weather for Fertőszentmiklós...
2026-06-27 09:57:36,431 - root - INFO - Fetched weather for Fertőszentmiklós: 34.9°C, Clear, humidity: 29%
2026-06-27 09:57:37,532 - root - INFO - [180/1205] Fetching weather for Pinnye...
2026-06-27 09:57:37,630 - root - INFO - Fetched weather for Pinnye: 34.8°C, Clear, humidity: 29%
2026-06-27 09:57:38,732 - root - INFO - [181/1205] Fetching weather for Fertőboz...
2026-06-27 09:57:38,827 - root - INFO - Fetched weather for Fertőboz: 34.7°C, Clear, humidity: 29%
2026-06-27 09:57:39,929 - root - INFO - [182/1205] Fetching weather for Sopron...
2026-06-27 09:57:40,031 - root - INFO - Fetched weather for Sopron: 34.4°C, Clear, humidity: 32%
2026-06-27 09:57:41,132 - root - INFO - [183/1205] Fetching weather for Fertőszéplak-Fertőd...
2026-06-27 09:57:41,234 - root - INFO - Fetched weather for Fertőszéplak-Fertőd: 35.0°C, Clear, humidity: 29%
2026-06-27 09:57:42,336 - root - INFO - [184/1205] Fetching weather for Nyúl...
2026-06-27 09:57:42,437 - root - INFO - Fetched weather for Nyúl: 35.3°C, Clear, humidity: 26%
2026-06-27 09:57:43,538 - root - INFO - [185/1205] Fetching weather for Pannonhalma...
2026-06-27 09:57:43,638 - root - INFO - Fetched weather for Pannonhalma: 35.1°C, Clear, humidity: 26%
2026-06-27 09:57:44,740 - root - INFO - [186/1205] Fetching weather for Tarjánpuszta...
2026-06-27 09:57:44,831 - root - INFO - Fetched weather for Tarjánpuszta: 35.0°C, Clear, humidity: 26%
2026-06-27 09:57:45,933 - root - INFO - [187/1205] Fetching weather for Győrasszonyfa...
2026-06-27 09:57:46,039 - root - INFO - Fetched weather for Győrasszonyfa: 35.0°C, Clear, humidity: 26%
2026-06-27 09:57:47,140 - root - INFO - [188/1205] Fetching weather for Veszprémvarsány...
2026-06-27 09:57:47,240 - root - INFO - Fetched weather for Veszprémvarsány: 35.0°C, Clear, humidity: 26%
2026-06-27 09:57:48,341 - root - INFO - [189/1205] Fetching weather for Bakonyszentlászló...
2026-06-27 09:57:48,440 - root - INFO - Fetched weather for Bakonyszentlászló: 34.6°C, Clear, humidity: 26%
2026-06-27 09:57:49,542 - root - INFO - [190/1205] Fetching weather for Porva-Csesznek...
2026-06-27 09:57:49,641 - root - INFO - Fetched weather for Porva-Csesznek: 33.1°C, Clear, humidity: 26%
2026-06-27 09:57:50,743 - root - INFO - [191/1205] Fetching weather for Zirc...
2026-06-27 09:57:50,833 - root - INFO - Fetched weather for Zirc: 33.0°C, Clear, humidity: 26%
2026-06-27 09:57:51,935 - root - INFO - [192/1205] Fetching weather for Eplény...
2026-06-27 09:57:52,036 - root - INFO - Fetched weather for Eplény: 33.0°C, Clear, humidity: 27%
2026-06-27 09:57:53,137 - root - INFO - [193/1205] Fetching weather for Marcaltő...
2026-06-27 09:57:53,235 - root - INFO - Fetched weather for Marcaltő: 35.5°C, Clear, humidity: 25%
2026-06-27 09:57:54,336 - root - INFO - [194/1205] Fetching weather for Szany-Rábaszentandrás...
2026-06-27 09:57:54,434 - root - INFO - Fetched weather for Szany-Rábaszentandrás: 35.4°C, Clear, humidity: 25%
2026-06-27 09:57:55,536 - root - INFO - [195/1205] Fetching weather for Egyed-Rábacsanak...
2026-06-27 09:57:55,634 - root - INFO - Fetched weather for Egyed-Rábacsanak: 35.4°C, Clear, humidity: 25%
2026-06-27 09:57:56,735 - root - INFO - [196/1205] Fetching weather for Rábapordány...
2026-06-27 09:57:56,830 - root - INFO - Fetched weather for Rábapordány: 35.4°C, Clear, humidity: 25%
2026-06-27 09:57:57,931 - root - INFO - [197/1205] Fetching weather for Albertfalva...
2026-06-27 09:57:58,028 - root - INFO - Fetched weather for Albertfalva: 35.5°C, Clear, humidity: 33%
2026-06-27 09:57:59,130 - root - INFO - [198/1205] Fetching weather for Budafok...
2026-06-27 09:57:59,234 - root - INFO - Fetched weather for Budafok: 35.5°C, Clear, humidity: 33%
2026-06-27 09:58:00,336 - root - INFO - [199/1205] Fetching weather for Tétényliget...
2026-06-27 09:58:00,434 - root - INFO - Fetched weather for Tétényliget: 35.3°C, Clear, humidity: 33%
2026-06-27 09:58:01,536 - root - INFO - [200/1205] Fetching weather for Érd alsó...
2026-06-27 09:58:01,626 - root - INFO - Fetched weather for Érd alsó: 36.5°C, Clear, humidity: 32%
2026-06-27 09:58:02,727 - root - INFO - [201/1205] Fetching weather for Tárnok...
2026-06-27 09:58:02,821 - root - INFO - Fetched weather for Tárnok: 35.0°C, Clear, humidity: 33%
2026-06-27 09:58:03,922 - root - INFO - [202/1205] Fetching weather for Martonvásár...
2026-06-27 09:58:04,020 - root - INFO - Fetched weather for Martonvásár: 36.5°C, Clear, humidity: 27%
2026-06-27 09:58:05,121 - root - INFO - [203/1205] Fetching weather for Baracska...
2026-06-27 09:58:05,218 - root - INFO - Fetched weather for Baracska: 37.1°C, Clear, humidity: 27%
2026-06-27 09:58:06,319 - root - INFO - [204/1205] Fetching weather for Pettend...
2026-06-27 09:58:06,421 - root - INFO - Fetched weather for Pettend: 34.8°C, Clear, humidity: 27%
2026-06-27 09:58:07,522 - root - INFO - [205/1205] Fetching weather for Kápolnásnyék...
2026-06-27 09:58:07,621 - root - INFO - Fetched weather for Kápolnásnyék: 35.0°C, Clear, humidity: 26%
2026-06-27 09:58:08,722 - root - INFO - [206/1205] Fetching weather for Velence...
2026-06-27 09:58:08,815 - root - INFO - Fetched weather for Velence: 35.1°C, Clear, humidity: 26%
2026-06-27 09:58:09,916 - root - INFO - [207/1205] Fetching weather for Velencefürdő...
2026-06-27 09:58:10,016 - root - INFO - Fetched weather for Velencefürdő: 35.2°C, Clear, humidity: 26%
2026-06-27 09:58:11,117 - root - INFO - [208/1205] Fetching weather for Gárdony...
2026-06-27 09:58:11,215 - root - INFO - Fetched weather for Gárdony: 35.3°C, Clear, humidity: 26%
2026-06-27 09:58:12,317 - root - INFO - [209/1205] Fetching weather for Agárd...
2026-06-27 09:58:12,418 - root - INFO - Fetched weather for Agárd: 35.3°C, Clear, humidity: 26%
2026-06-27 09:58:13,519 - root - INFO - [210/1205] Fetching weather for Dinnyés...
2026-06-27 09:58:13,617 - root - INFO - Fetched weather for Dinnyés: 35.4°C, Clear, humidity: 25%
2026-06-27 09:58:14,719 - root - INFO - [211/1205] Fetching weather for Székesfehérvár...
2026-06-27 09:58:14,809 - root - INFO - Fetched weather for Székesfehérvár: 35.4°C, Clear, humidity: 25%
2026-06-27 09:58:15,911 - root - INFO - [212/1205] Fetching weather for Szabadbattyán...
2026-06-27 09:58:16,008 - root - INFO - Fetched weather for Szabadbattyán: 35.5°C, Clear, humidity: 24%
2026-06-27 09:58:17,109 - root - INFO - [213/1205] Fetching weather for Kiscséripuszta...
2026-06-27 09:58:17,220 - root - INFO - Fetched weather for Kiscséripuszta: 34.7°C, Clear, humidity: 23%
2026-06-27 09:58:18,322 - root - INFO - [214/1205] Fetching weather for Lepsény...
2026-06-27 09:58:18,421 - root - INFO - Fetched weather for Lepsény: 34.9°C, Clear, humidity: 59%
2026-06-27 09:58:19,523 - root - INFO - [215/1205] Fetching weather for Balatonaliga...
2026-06-27 09:58:19,622 - root - INFO - Fetched weather for Balatonaliga: 34.7°C, Clear, humidity: 59%
2026-06-27 09:58:20,724 - root - INFO - [216/1205] Fetching weather for Balatonvilágos...
2026-06-27 09:58:20,822 - root - INFO - Fetched weather for Balatonvilágos: 34.8°C, Clear, humidity: 59%
2026-06-27 09:58:21,924 - root - INFO - [217/1205] Fetching weather for Szabadifürdő...
2026-06-27 09:58:22,024 - root - INFO - Fetched weather for Szabadifürdő: 34.9°C, Clear, humidity: 59%
2026-06-27 09:58:23,126 - root - INFO - [218/1205] Fetching weather for Ózd alsó...
2026-06-27 09:58:23,225 - root - INFO - Fetched weather for Ózd alsó: 31.9°C, Clear, humidity: 37%
2026-06-27 09:58:24,327 - root - INFO - [219/1205] Fetching weather for Ózd...
2026-06-27 09:58:24,427 - root - INFO - Fetched weather for Ózd: 31.9°C, Clear, humidity: 37%
2026-06-27 09:58:25,529 - root - INFO - [220/1205] Fetching weather for Alsóboldva...
2026-06-27 09:58:25,630 - root - INFO - Fetched weather for Alsóboldva: 33.0°C, Clear, humidity: 55%
2026-06-27 09:58:26,731 - root - INFO - [221/1205] Fetching weather for Boldva...
2026-06-27 09:58:26,828 - root - INFO - Fetched weather for Boldva: 33.0°C, Clear, humidity: 39%
2026-06-27 09:58:27,930 - root - INFO - [222/1205] Fetching weather for Borsodszirák...
2026-06-27 09:58:28,035 - root - INFO - Fetched weather for Borsodszirák: 33.0°C, Clear, humidity: 40%
2026-06-27 09:58:29,137 - root - INFO - [223/1205] Fetching weather for Edelény alsó...
2026-06-27 09:58:29,237 - root - INFO - Fetched weather for Edelény alsó: 32.9°C, Clear, humidity: 40%
2026-06-27 09:58:30,338 - root - INFO - [224/1205] Fetching weather for Edelény...
2026-06-27 09:58:30,438 - root - INFO - Fetched weather for Edelény: 32.9°C, Clear, humidity: 40%
2026-06-27 09:58:31,539 - root - INFO - [225/1205] Fetching weather for Szendrőlád...
2026-06-27 09:58:31,638 - root - INFO - Fetched weather for Szendrőlád: 30.4°C, Clear, humidity: 40%
2026-06-27 09:58:32,740 - root - INFO - [226/1205] Fetching weather for Szendrő...
2026-06-27 09:58:32,830 - root - INFO - Fetched weather for Szendrő: 31.2°C, Clear, humidity: 41%
2026-06-27 09:58:33,931 - root - INFO - [227/1205] Fetching weather for Szendrő felső...
2026-06-27 09:58:34,030 - root - INFO - Fetched weather for Szendrő felső: 31.2°C, Clear, humidity: 41%
2026-06-27 09:58:35,132 - root - INFO - [228/1205] Fetching weather for Szalonna...
2026-06-27 09:58:35,234 - root - INFO - Fetched weather for Szalonna: 31.1°C, Clear, humidity: 42%
2026-06-27 09:58:36,335 - root - INFO - [229/1205] Fetching weather for Perkupa...
2026-06-27 09:58:36,436 - root - INFO - Fetched weather for Perkupa: 30.5°C, Clear, humidity: 41%
2026-06-27 09:58:37,537 - root - INFO - [230/1205] Fetching weather for Szemeretelep...
2026-06-27 09:58:37,637 - root - INFO - Fetched weather for Szemeretelep: 35.4°C, Clear, humidity: 32%
2026-06-27 09:58:38,738 - root - INFO - [231/1205] Fetching weather for Jósvafő-Aggtelek...
2026-06-27 09:58:38,837 - root - INFO - Fetched weather for Jósvafő-Aggtelek: 30.7°C, Clear, humidity: 42%
2026-06-27 09:58:39,938 - root - INFO - [232/1205] Fetching weather for Bódvaszilas...
2026-06-27 09:58:40,043 - root - INFO - Fetched weather for Bódvaszilas: 30.2°C, Clear, humidity: 43%
2026-06-27 09:58:41,145 - root - INFO - [233/1205] Fetching weather for Komjáti...
2026-06-27 09:58:41,252 - root - INFO - Fetched weather for Komjáti: 29.6°C, Clear, humidity: 43%
2026-06-27 09:58:42,354 - root - INFO - [234/1205] Fetching weather for Tornanádaska...
2026-06-27 09:58:42,464 - root - INFO - Fetched weather for Tornanádaska: 30.6°C, Clear, humidity: 43%
2026-06-27 09:58:43,565 - root - INFO - [235/1205] Fetching weather for Onga...
2026-06-27 09:58:43,674 - root - INFO - Fetched weather for Onga: 33.1°C, Clear, humidity: 55%
2026-06-27 09:58:44,776 - root - INFO - [236/1205] Fetching weather for Szikszó-Vásártér...
2026-06-27 09:58:44,873 - root - INFO - Fetched weather for Szikszó-Vásártér: 33.0°C, Clear, humidity: 37%
2026-06-27 09:58:45,975 - root - INFO - [237/1205] Fetching weather for Szikszó...
2026-06-27 09:58:46,081 - root - INFO - Fetched weather for Szikszó: 33.0°C, Clear, humidity: 37%
2026-06-27 09:58:47,182 - root - INFO - [238/1205] Fetching weather for Aszaló...
2026-06-27 09:58:47,284 - root - INFO - Fetched weather for Aszaló: 33.0°C, Clear, humidity: 37%
2026-06-27 09:58:48,385 - root - INFO - [239/1205] Fetching weather for Halmaj...
2026-06-27 09:58:48,490 - root - INFO - Fetched weather for Halmaj: 31.2°C, Clear, humidity: 37%
2026-06-27 09:58:49,592 - root - INFO - [240/1205] Fetching weather for Csobád...
2026-06-27 09:58:49,691 - root - INFO - Fetched weather for Csobád: 31.1°C, Clear, humidity: 37%
2026-06-27 09:58:50,792 - root - INFO - [241/1205] Fetching weather for Ináncs...
2026-06-27 09:58:50,883 - root - INFO - Fetched weather for Ináncs: 31.0°C, Clear, humidity: 37%
2026-06-27 09:58:51,984 - root - INFO - [242/1205] Fetching weather for Forró-Encs...
2026-06-27 09:58:52,087 - root - INFO - Fetched weather for Forró-Encs: 30.8°C, Clear, humidity: 38%
2026-06-27 09:58:53,188 - root - INFO - [243/1205] Fetching weather for Méra...
2026-06-27 09:58:53,293 - root - INFO - Fetched weather for Méra: 30.2°C, Clear, humidity: 38%
2026-06-27 09:58:54,394 - root - INFO - [244/1205] Fetching weather for Novajidrány...
2026-06-27 09:58:54,498 - root - INFO - Fetched weather for Novajidrány: 34.4°C, Clear, humidity: 38%
2026-06-27 09:58:55,599 - root - INFO - [245/1205] Fetching weather for Hernádszurdok...
2026-06-27 09:58:55,699 - root - INFO - Fetched weather for Hernádszurdok: 34.4°C, Clear, humidity: 27%
2026-06-27 09:58:56,800 - root - INFO - [246/1205] Fetching weather for Hidasnémeti...
2026-06-27 09:58:56,895 - root - INFO - Fetched weather for Hidasnémeti: 34.4°C, Clear, humidity: 27%
2026-06-27 09:58:57,996 - root - INFO - [247/1205] Fetching weather for Mád...
2026-06-27 09:58:58,093 - root - INFO - Fetched weather for Mád: 31.7°C, Clear, humidity: 38%
2026-06-27 09:58:59,195 - root - INFO - [248/1205] Fetching weather for Rátka...
2026-06-27 09:58:59,299 - root - INFO - Fetched weather for Rátka: 31.9°C, Clear, humidity: 38%
2026-06-27 09:59:00,401 - root - INFO - [249/1205] Fetching weather for Tállya...
2026-06-27 09:59:00,504 - root - INFO - Fetched weather for Tállya: 31.9°C, Clear, humidity: 38%
2026-06-27 09:59:01,605 - root - INFO - [250/1205] Fetching weather for Golop...
2026-06-27 09:59:01,707 - root - INFO - Fetched weather for Golop: 32.0°C, Clear, humidity: 38%
2026-06-27 09:59:02,809 - root - INFO - [251/1205] Fetching weather for Abaújszántó...
2026-06-27 09:59:02,899 - root - INFO - Fetched weather for Abaújszántó: 31.9°C, Clear, humidity: 38%
2026-06-27 09:59:04,000 - root - INFO - [252/1205] Fetching weather for Abaújszántói fürdő...
2026-06-27 09:59:04,097 - root - INFO - Fetched weather for Abaújszántói fürdő: 31.9°C, Clear, humidity: 38%
2026-06-27 09:59:05,199 - root - INFO - [253/1205] Fetching weather for Abaújkér...
2026-06-27 09:59:05,297 - root - INFO - Fetched weather for Abaújkér: 31.8°C, Clear, humidity: 38%
2026-06-27 09:59:06,398 - root - INFO - [254/1205] Fetching weather for Boldogkőváralja...
2026-06-27 09:59:06,500 - root - INFO - Fetched weather for Boldogkőváralja: 31.6°C, Clear, humidity: 38%
2026-06-27 09:59:07,602 - root - INFO - [255/1205] Fetching weather for Korlát-Vizsoly...
2026-06-27 09:59:07,701 - root - INFO - Fetched weather for Korlát-Vizsoly: 31.6°C, Clear, humidity: 38%
2026-06-27 09:59:08,802 - root - INFO - [256/1205] Fetching weather for Fony...
2026-06-27 09:59:08,891 - root - INFO - Fetched weather for Fony: 34.2°C, Clear, humidity: 39%
2026-06-27 09:59:09,993 - root - INFO - [257/1205] Fetching weather for Hejce-Vilmány...
2026-06-27 09:59:10,094 - root - INFO - Fetched weather for Hejce-Vilmány: 34.2°C, Clear, humidity: 39%
2026-06-27 09:59:11,196 - root - INFO - [258/1205] Fetching weather for Göncruszka...
2026-06-27 09:59:11,295 - root - INFO - Fetched weather for Göncruszka: 34.3°C, Clear, humidity: 39%
2026-06-27 09:59:12,396 - root - INFO - [259/1205] Fetching weather for Gönc...
2026-06-27 09:59:12,512 - root - INFO - Fetched weather for Gönc: 34.2°C, Clear, humidity: 39%
2026-06-27 09:59:13,613 - root - INFO - [260/1205] Fetching weather for Zsujta...
2026-06-27 09:59:13,715 - root - INFO - Fetched weather for Zsujta: 34.2°C, Clear, humidity: 27%
2026-06-27 09:59:14,816 - root - INFO - [261/1205] Fetching weather for Bodrogkeresztúr...
2026-06-27 09:59:14,917 - root - INFO - Fetched weather for Bodrogkeresztúr: 32.0°C, Clear, humidity: 38%
2026-06-27 09:59:16,019 - root - INFO - [262/1205] Fetching weather for Szegi...
2026-06-27 09:59:16,117 - root - INFO - Fetched weather for Szegi: 32.0°C, Clear, humidity: 38%
2026-06-27 09:59:17,219 - root - INFO - [263/1205] Fetching weather for Erdőbénye...
2026-06-27 09:59:17,308 - root - INFO - Fetched weather for Erdőbénye: 32.0°C, Clear, humidity: 38%
2026-06-27 09:59:18,409 - root - INFO - [264/1205] Fetching weather for Olaszliszka-Tolcsva...
2026-06-27 09:59:18,510 - root - INFO - Fetched weather for Olaszliszka-Tolcsva: 32.0°C, Clear, humidity: 38%
2026-06-27 09:59:19,611 - root - INFO - [265/1205] Fetching weather for Bodrogolaszi...
2026-06-27 09:59:19,722 - root - INFO - Fetched weather for Bodrogolaszi: 30.1°C, Clear, humidity: 65%
2026-06-27 09:59:20,823 - root - INFO - [266/1205] Fetching weather for Sárospatak...
2026-06-27 09:59:20,919 - root - INFO - Fetched weather for Sárospatak: 30.1°C, Clear, humidity: 65%
2026-06-27 09:59:22,021 - root - INFO - [267/1205] Fetching weather for Sátoraljaújhely...
2026-06-27 09:59:22,114 - root - INFO - Fetched weather for Sátoraljaújhely: 30.2°C, Clear, humidity: 65%
2026-06-27 09:59:23,216 - root - INFO - [268/1205] Fetching weather for Vecsés...
2026-06-27 09:59:23,307 - root - INFO - Fetched weather for Vecsés: 36.4°C, Clear, humidity: 29%
2026-06-27 09:59:24,409 - root - INFO - [269/1205] Fetching weather for Vecsés-Kertekalja...
2026-06-27 09:59:24,508 - root - INFO - Fetched weather for Vecsés-Kertekalja: 36.5°C, Clear, humidity: 29%
2026-06-27 09:59:25,609 - root - INFO - [270/1205] Fetching weather for Üllő...
2026-06-27 09:59:25,707 - root - INFO - Fetched weather for Üllő: 36.4°C, Clear, humidity: 26%
2026-06-27 09:59:26,809 - root - INFO - [271/1205] Fetching weather for Monor...
2026-06-27 09:59:26,898 - root - INFO - Fetched weather for Monor: 34.0°C, Clear, humidity: 27%
2026-06-27 09:59:27,999 - root - INFO - [272/1205] Fetching weather for Pilis...
2026-06-27 09:59:28,100 - root - INFO - Fetched weather for Pilis: 36.4°C, Clear, humidity: 26%
2026-06-27 09:59:29,202 - root - INFO - [273/1205] Fetching weather for Albertirsa...
2026-06-27 09:59:29,292 - root - INFO - Fetched weather for Albertirsa: 36.5°C, Clear, humidity: 30%
2026-06-27 09:59:30,394 - root - INFO - [274/1205] Fetching weather for Ceglédbercel-Cserő...
2026-06-27 09:59:30,496 - root - INFO - Fetched weather for Ceglédbercel-Cserő: 36.6°C, Clear, humidity: 30%
2026-06-27 09:59:31,598 - root - INFO - [275/1205] Fetching weather for Cegléd...
2026-06-27 09:59:31,696 - root - INFO - Fetched weather for Cegléd: 36.7°C, Clear, humidity: 30%
2026-06-27 09:59:32,798 - root - INFO - [276/1205] Fetching weather for Abony...
2026-06-27 09:59:32,895 - root - INFO - Fetched weather for Abony: 36.1°C, Clear, humidity: 35%
2026-06-27 09:59:33,996 - root - INFO - [277/1205] Fetching weather for Szolnok...
2026-06-27 09:59:34,098 - root - INFO - Fetched weather for Szolnok: 36.1°C, Clear, humidity: 35%
2026-06-27 09:59:35,199 - root - INFO - [278/1205] Fetching weather for Szajol...
2026-06-27 09:59:35,292 - root - INFO - Fetched weather for Szajol: 36.1°C, Clear, humidity: 35%
2026-06-27 09:59:36,394 - root - INFO - [279/1205] Fetching weather for Törökszentmiklós...
2026-06-27 09:59:36,498 - root - INFO - Fetched weather for Törökszentmiklós: 36.1°C, Clear, humidity: 27%
2026-06-27 09:59:37,600 - root - INFO - [280/1205] Fetching weather for Rákoscsaba-Újtelep...
2026-06-27 09:59:37,699 - root - INFO - Fetched weather for Rákoscsaba-Újtelep: 35.4°C, Clear, humidity: 31%
2026-06-27 09:59:38,801 - root - INFO - [281/1205] Fetching weather for Rákoscsaba...
2026-06-27 09:59:38,892 - root - INFO - Fetched weather for Rákoscsaba: 35.7°C, Clear, humidity: 31%
2026-06-27 09:59:39,993 - root - INFO - [282/1205] Fetching weather for Pécel...
2026-06-27 09:59:40,090 - root - INFO - Fetched weather for Pécel: 35.5°C, Clear, humidity: 27%
2026-06-27 09:59:41,191 - root - INFO - [283/1205] Fetching weather for Isaszeg...
2026-06-27 09:59:41,291 - root - INFO - Fetched weather for Isaszeg: 35.1°C, Clear, humidity: 28%
2026-06-27 09:59:42,393 - root - INFO - [284/1205] Fetching weather for Gödöllő...
2026-06-27 09:59:42,493 - root - INFO - Fetched weather for Gödöllő: 35.0°C, Clear, humidity: 28%
2026-06-27 09:59:43,594 - root - INFO - [285/1205] Fetching weather for Máriabesnyő...
2026-06-27 09:59:43,694 - root - INFO - Fetched weather for Máriabesnyő: 35.0°C, Clear, humidity: 28%
2026-06-27 09:59:44,795 - root - INFO - [286/1205] Fetching weather for Bag...
2026-06-27 09:59:44,897 - root - INFO - Fetched weather for Bag: 33.0°C, Clear, humidity: 29%
2026-06-27 09:59:45,998 - root - INFO - [287/1205] Fetching weather for Aszód...
2026-06-27 09:59:46,098 - root - INFO - Fetched weather for Aszód: 32.9°C, Clear, humidity: 29%
2026-06-27 09:59:47,199 - root - INFO - [288/1205] Fetching weather for Hévízgyörk...
2026-06-27 09:59:47,293 - root - INFO - Fetched weather for Hévízgyörk: 32.9°C, Clear, humidity: 30%
2026-06-27 09:59:48,394 - root - INFO - [289/1205] Fetching weather for Galgahévíz...
2026-06-27 09:59:48,495 - root - INFO - Fetched weather for Galgahévíz: 33.1°C, Clear, humidity: 29%
2026-06-27 09:59:49,596 - root - INFO - [290/1205] Fetching weather for Tura...
2026-06-27 09:59:49,698 - root - INFO - Fetched weather for Tura: 33.0°C, Clear, humidity: 30%
2026-06-27 09:59:50,800 - root - INFO - [291/1205] Fetching weather for Hatvan...
2026-06-27 09:59:50,893 - root - INFO - Fetched weather for Hatvan: 32.9°C, Clear, humidity: 30%
2026-06-27 09:59:51,995 - root - INFO - [292/1205] Fetching weather for Vámosgyörk...
2026-06-27 09:59:52,096 - root - INFO - Fetched weather for Vámosgyörk: 34.9°C, Clear, humidity: 31%
2026-06-27 09:59:53,197 - root - INFO - [293/1205] Fetching weather for Adács...
2026-06-27 09:59:53,290 - root - INFO - Fetched weather for Adács: 34.9°C, Clear, humidity: 32%
2026-06-27 09:59:54,392 - root - INFO - [294/1205] Fetching weather for Karácsond...
2026-06-27 09:59:54,494 - root - INFO - Fetched weather for Karácsond: 34.9°C, Clear, humidity: 30%
2026-06-27 09:59:55,596 - root - INFO - [295/1205] Fetching weather for Ludas...
2026-06-27 09:59:55,694 - root - INFO - Fetched weather for Ludas: 34.9°C, Clear, humidity: 30%
2026-06-27 09:59:56,795 - root - INFO - [296/1205] Fetching weather for Nagyút...
2026-06-27 09:59:56,886 - root - INFO - Fetched weather for Nagyút: 34.9°C, Clear, humidity: 30%
2026-06-27 09:59:57,987 - root - INFO - [297/1205] Fetching weather for Kál-Kápolna...
2026-06-27 09:59:58,090 - root - INFO - Fetched weather for Kál-Kápolna: 34.9°C, Clear, humidity: 33%
2026-06-27 09:59:59,192 - root - INFO - [298/1205] Fetching weather for Füzesabony...
2026-06-27 09:59:59,279 - root - INFO - Fetched weather for Füzesabony: 32.4°C, Clear, humidity: 33%
2026-06-27 10:00:00,380 - root - INFO - [299/1205] Fetching weather for Szihalom...
2026-06-27 10:00:00,488 - root - INFO - Fetched weather for Szihalom: 34.6°C, Clear, humidity: 33%
2026-06-27 10:00:01,590 - root - INFO - [300/1205] Fetching weather for Mezőkövesd...
2026-06-27 10:00:01,699 - root - INFO - Fetched weather for Mezőkövesd: 34.6°C, Clear, humidity: 34%
2026-06-27 10:00:02,801 - root - INFO - [301/1205] Fetching weather for Mezőkövesd felső...
2026-06-27 10:00:02,894 - root - INFO - Fetched weather for Mezőkövesd felső: 34.6°C, Clear, humidity: 34%
2026-06-27 10:00:03,996 - root - INFO - [302/1205] Fetching weather for Mezőkeresztes-Mezőnyárád...
2026-06-27 10:00:04,094 - root - INFO - Fetched weather for Mezőkeresztes-Mezőnyárád: 34.6°C, Clear, humidity: 37%
2026-06-27 10:00:05,195 - root - INFO - [303/1205] Fetching weather for Csincse...
2026-06-27 10:00:05,299 - root - INFO - Fetched weather for Csincse: 34.6°C, Clear, humidity: 37%
2026-06-27 10:00:06,401 - root - INFO - [304/1205] Fetching weather for Emőd...
2026-06-27 10:00:06,504 - root - INFO - Fetched weather for Emőd: 34.6°C, Clear, humidity: 37%
2026-06-27 10:00:07,605 - root - INFO - [305/1205] Fetching weather for Nyékládháza...
2026-06-27 10:00:07,701 - root - INFO - Fetched weather for Nyékládháza: 34.7°C, Clear, humidity: 37%
2026-06-27 10:00:08,802 - root - INFO - [306/1205] Fetching weather for Miskolc-Tiszai...
2026-06-27 10:00:08,901 - root - INFO - Fetched weather for Miskolc-Tiszai: 33.0°C, Clear, humidity: 55%
2026-06-27 10:00:10,002 - root - INFO - [307/1205] Fetching weather for Felsőzsolca...
2026-06-27 10:00:10,116 - root - INFO - Fetched weather for Felsőzsolca: 33.1°C, Clear, humidity: 55%
2026-06-27 10:00:11,218 - root - INFO - [308/1205] Fetching weather for Hernádnémeti-Bőcs...
2026-06-27 10:00:11,306 - root - INFO - Fetched weather for Hernádnémeti-Bőcs: 34.6°C, Clear, humidity: 36%
2026-06-27 10:00:12,408 - root - INFO - [309/1205] Fetching weather for Tiszalúc...
2026-06-27 10:00:12,505 - root - INFO - Fetched weather for Tiszalúc: 33.9°C, Clear, humidity: 36%
2026-06-27 10:00:13,606 - root - INFO - [310/1205] Fetching weather for Taktaharkány...
2026-06-27 10:00:13,705 - root - INFO - Fetched weather for Taktaharkány: 32.1°C, Clear, humidity: 38%
2026-06-27 10:00:14,807 - root - INFO - [311/1205] Fetching weather for Taktaszada...
2026-06-27 10:00:14,905 - root - INFO - Fetched weather for Taktaszada: 32.1°C, Clear, humidity: 38%
2026-06-27 10:00:16,007 - root - INFO - [312/1205] Fetching weather for Szerencs...
2026-06-27 10:00:16,106 - root - INFO - Fetched weather for Szerencs: 32.1°C, Clear, humidity: 38%
2026-06-27 10:00:17,208 - root - INFO - [313/1205] Fetching weather for Mezőzombor...
2026-06-27 10:00:17,294 - root - INFO - Fetched weather for Mezőzombor: 32.1°C, Clear, humidity: 38%
2026-06-27 10:00:18,396 - root - INFO - [314/1205] Fetching weather for Tarcal...
2026-06-27 10:00:18,494 - root - INFO - Fetched weather for Tarcal: 32.1°C, Clear, humidity: 38%
2026-06-27 10:00:19,596 - root - INFO - [315/1205] Fetching weather for Tokaj...
2026-06-27 10:00:19,695 - root - INFO - Fetched weather for Tokaj: 32.1°C, Clear, humidity: 38%
2026-06-27 10:00:20,797 - root - INFO - [316/1205] Fetching weather for Rakamaz...
2026-06-27 10:00:20,888 - root - INFO - Fetched weather for Rakamaz: 32.1°C, Clear, humidity: 38%
2026-06-27 10:00:21,989 - root - INFO - [317/1205] Fetching weather for Görögszállás...
2026-06-27 10:00:22,086 - root - INFO - Fetched weather for Görögszállás: 32.0°C, Clear, humidity: 38%
2026-06-27 10:00:23,187 - root - INFO - [318/1205] Fetching weather for Nyírtelek...
2026-06-27 10:00:23,278 - root - INFO - Fetched weather for Nyírtelek: 32.1°C, Clear, humidity: 36%
2026-06-27 10:00:24,379 - root - INFO - [319/1205] Fetching weather for Rákoshegy...
2026-06-27 10:00:24,475 - root - INFO - Fetched weather for Rákoshegy: 35.3°C, Clear, humidity: 32%
2026-06-27 10:00:25,576 - root - INFO - [320/1205] Fetching weather for Ecser...
2026-06-27 10:00:25,677 - root - INFO - Fetched weather for Ecser: 36.0°C, Clear, humidity: 26%
2026-06-27 10:00:26,779 - root - INFO - [321/1205] Fetching weather for Maglód...
2026-06-27 10:00:26,873 - root - INFO - Fetched weather for Maglód: 35.9°C, Clear, humidity: 27%
2026-06-27 10:00:27,975 - root - INFO - [322/1205] Fetching weather for Maglódi nyaraló...
2026-06-27 10:00:28,091 - root - INFO - Fetched weather for Maglódi nyaraló: 35.8°C, Clear, humidity: 27%
2026-06-27 10:00:29,192 - root - INFO - [323/1205] Fetching weather for Gyömrő...
2026-06-27 10:00:29,289 - root - INFO - Fetched weather for Gyömrő: 35.7°C, Clear, humidity: 27%
2026-06-27 10:00:30,391 - root - INFO - [324/1205] Fetching weather for Mende...
2026-06-27 10:00:30,496 - root - INFO - Fetched weather for Mende: 35.6°C, Clear, humidity: 27%
2026-06-27 10:00:31,597 - root - INFO - [325/1205] Fetching weather for Szőlősnyaraló...
2026-06-27 10:00:31,709 - root - INFO - Fetched weather for Szőlősnyaraló: 36.4°C, Clear, humidity: 28%
2026-06-27 10:00:32,811 - root - INFO - [326/1205] Fetching weather for Sülysáp...
2026-06-27 10:00:32,905 - root - INFO - Fetched weather for Sülysáp: 36.4°C, Clear, humidity: 28%
2026-06-27 10:00:34,006 - root - INFO - [327/1205] Fetching weather for Tápiószecső...
2026-06-27 10:00:34,110 - root - INFO - Fetched weather for Tápiószecső: 36.5°C, Clear, humidity: 28%
2026-06-27 10:00:35,212 - root - INFO - [328/1205] Fetching weather for Szentmártonkáta...
2026-06-27 10:00:35,321 - root - INFO - Fetched weather for Szentmártonkáta: 36.5°C, Clear, humidity: 30%
2026-06-27 10:00:36,423 - root - INFO - [329/1205] Fetching weather for Nagykáta...
2026-06-27 10:00:36,523 - root - INFO - Fetched weather for Nagykáta: 36.6°C, Clear, humidity: 30%
2026-06-27 10:00:37,625 - root - INFO - [330/1205] Fetching weather for Farmos...
2026-06-27 10:00:37,722 - root - INFO - Fetched weather for Farmos: 36.7°C, Clear, humidity: 30%
2026-06-27 10:00:38,824 - root - INFO - [331/1205] Fetching weather for Tápiószele...
2026-06-27 10:00:38,920 - root - INFO - Fetched weather for Tápiószele: 36.7°C, Clear, humidity: 30%
2026-06-27 10:00:40,021 - root - INFO - [332/1205] Fetching weather for Tápiógyörgye...
2026-06-27 10:00:40,124 - root - INFO - Fetched weather for Tápiógyörgye: 36.7°C, Clear, humidity: 30%
2026-06-27 10:00:41,225 - root - INFO - [333/1205] Fetching weather for Újszász...
2026-06-27 10:00:41,313 - root - INFO - Fetched weather for Újszász: 36.8°C, Clear, humidity: 30%
2026-06-27 10:00:42,415 - root - INFO - [334/1205] Fetching weather for Szurdokpüspöki...
2026-06-27 10:00:42,511 - root - INFO - Fetched weather for Szurdokpüspöki: 34.7°C, Clear, humidity: 33%
2026-06-27 10:00:43,612 - root - INFO - [335/1205] Fetching weather for Lőrinci...
2026-06-27 10:00:43,711 - root - INFO - Fetched weather for Lőrinci: 34.8°C, Clear, humidity: 31%
2026-06-27 10:00:44,812 - root - INFO - [336/1205] Fetching weather for Selyp...
2026-06-27 10:00:44,904 - root - INFO - Fetched weather for Selyp: 34.8°C, Clear, humidity: 31%
2026-06-27 10:00:46,005 - root - INFO - [337/1205] Fetching weather for Apc-Zagyvaszántó...
2026-06-27 10:00:46,128 - root - INFO - Fetched weather for Apc-Zagyvaszántó: 34.8°C, Clear, humidity: 31%
2026-06-27 10:00:47,229 - root - INFO - [338/1205] Fetching weather for Pásztó...
2026-06-27 10:00:47,318 - root - INFO - Fetched weather for Pásztó: 34.6°C, Clear, humidity: 34%
2026-06-27 10:00:48,419 - root - INFO - [339/1205] Fetching weather for Mátraszőlős-Hasznos...
2026-06-27 10:00:48,531 - root - INFO - Fetched weather for Mátraszőlős-Hasznos: 34.6°C, Clear, humidity: 34%
2026-06-27 10:00:49,632 - root - INFO - [340/1205] Fetching weather for Tar...
2026-06-27 10:00:49,731 - root - INFO - Fetched weather for Tar: 34.5°C, Clear, humidity: 35%
2026-06-27 10:00:50,832 - root - INFO - [341/1205] Fetching weather for Mátraverebély...
2026-06-27 10:00:50,923 - root - INFO - Fetched weather for Mátraverebély: 34.2°C, Clear, humidity: 35%
2026-06-27 10:00:52,024 - root - INFO - [342/1205] Fetching weather for Nagybátony...
2026-06-27 10:00:52,119 - root - INFO - Fetched weather for Nagybátony: 34.4°C, Clear, humidity: 30%
2026-06-27 10:00:53,220 - root - INFO - [343/1205] Fetching weather for Kisterenye...
2026-06-27 10:00:53,316 - root - INFO - Fetched weather for Kisterenye: 34.4°C, Clear, humidity: 37%
2026-06-27 10:00:54,417 - root - INFO - [344/1205] Fetching weather for Kisterenye-Bányatelep...
2026-06-27 10:00:54,512 - root - INFO - Fetched weather for Kisterenye-Bányatelep: 34.4°C, Clear, humidity: 37%
2026-06-27 10:00:55,614 - root - INFO - [345/1205] Fetching weather for Salgótarján külső...
2026-06-27 10:00:55,714 - root - INFO - Fetched weather for Salgótarján külső: 34.1°C, Clear, humidity: 37%
2026-06-27 10:00:56,816 - root - INFO - [346/1205] Fetching weather for Balatonfenyves GV...
2026-06-27 10:00:56,906 - root - INFO - Fetched weather for Balatonfenyves GV: 33.1°C, Clear, humidity: 35%
2026-06-27 10:00:58,008 - root - INFO - [347/1205] Fetching weather for Várhegyalja...
2026-06-27 10:00:58,105 - root - INFO - Fetched weather for Várhegyalja: 33.9°C, Clear, humidity: 31%
2026-06-27 10:00:59,207 - root - INFO - [348/1205] Fetching weather for Imremajor...
2026-06-27 10:00:59,301 - root - INFO - Fetched weather for Imremajor: 33.3°C, Clear, humidity: 34%
2026-06-27 10:01:00,402 - root - INFO - [349/1205] Fetching weather for Rákospalota-Kertváros...
2026-06-27 10:01:00,503 - root - INFO - Fetched weather for Rákospalota-Kertváros: 35.9°C, Clear, humidity: 32%
2026-06-27 10:01:01,605 - root - INFO - [350/1205] Fetching weather for Vicziántelep...
2026-06-27 10:01:01,727 - root - INFO - Fetched weather for Vicziántelep: 35.5°C, Clear, humidity: 29%
2026-06-27 10:01:02,829 - root - INFO - [351/1205] Fetching weather for Pálmajor...
2026-06-27 10:01:02,927 - root - INFO - Fetched weather for Pálmajor: 33.7°C, Clear, humidity: 33%
2026-06-27 10:01:04,028 - root - INFO - [352/1205] Fetching weather for Somogyszentpál felső...
2026-06-27 10:01:04,126 - root - INFO - Fetched weather for Somogyszentpál felső: 33.5°C, Clear, humidity: 33%
2026-06-27 10:01:05,228 - root - INFO - [353/1205] Fetching weather for Somogyszentpál...
2026-06-27 10:01:05,324 - root - INFO - Fetched weather for Somogyszentpál: 33.8°C, Clear, humidity: 32%
2026-06-27 10:01:06,425 - root - INFO - [354/1205] Fetching weather for Rudnaykert...
2026-06-27 10:01:06,521 - root - INFO - Fetched weather for Rudnaykert: 35.9°C, Clear, humidity: 30%
2026-06-27 10:01:07,622 - root - INFO - [355/1205] Fetching weather for Maroshegy...
2026-06-27 10:01:07,722 - root - INFO - Fetched weather for Maroshegy: 35.5°C, Clear, humidity: 24%
2026-06-27 10:01:08,823 - root - INFO - [356/1205] Fetching weather for Bánhida...
2026-06-27 10:01:08,918 - root - INFO - Fetched weather for Bánhida: 34.2°C, Clear, humidity: 29%
2026-06-27 10:01:10,019 - root - INFO - [357/1205] Fetching weather for Magyarkút...
2026-06-27 10:01:10,116 - root - INFO - Fetched weather for Magyarkút: 32.1°C, Clear, humidity: 32%
2026-06-27 10:01:11,217 - root - INFO - [358/1205] Fetching weather for Becske alsó...
2026-06-27 10:01:11,313 - root - INFO - Fetched weather for Becske alsó: 31.5°C, Clear, humidity: 32%
2026-06-27 10:01:12,414 - root - INFO - [359/1205] Fetching weather for Hosszúberek-Péteri...
2026-06-27 10:01:12,510 - root - INFO - Fetched weather for Hosszúberek-Péteri: 35.9°C, Clear, humidity: 26%
2026-06-27 10:01:13,612 - root - INFO - [360/1205] Fetching weather for Monorierdő...
2026-06-27 10:01:13,720 - root - INFO - Fetched weather for Monorierdő: 36.4°C, Clear, humidity: 26%
2026-06-27 10:01:14,822 - root - INFO - [361/1205] Fetching weather for Ceglédbercel...
2026-06-27 10:01:14,910 - root - INFO - Fetched weather for Ceglédbercel: 36.6°C, Clear, humidity: 30%
2026-06-27 10:01:16,011 - root - INFO - [362/1205] Fetching weather for Budai út...
2026-06-27 10:01:16,113 - root - INFO - Fetched weather for Budai út: 36.6°C, Clear, humidity: 30%
2026-06-27 10:01:17,214 - root - INFO - [363/1205] Fetching weather for Büdöskútpuszta...
2026-06-27 10:01:17,308 - root - INFO - Fetched weather for Büdöskútpuszta: 31.4°C, Clear, humidity: 41%
2026-06-27 10:01:18,409 - root - INFO - [364/1205] Fetching weather for Bánrévei Vízmű...
2026-06-27 10:01:18,509 - root - INFO - Fetched weather for Bánrévei Vízmű: 32.0°C, Clear, humidity: 38%
2026-06-27 10:01:19,610 - root - INFO - [365/1205] Fetching weather for Rákoskert...
2026-06-27 10:01:19,709 - root - INFO - Fetched weather for Rákoskert: 35.7°C, Clear, humidity: 29%
2026-06-27 10:01:20,811 - root - INFO - [366/1205] Fetching weather for Szirmabesenyő...
2026-06-27 10:01:20,927 - root - INFO - Fetched weather for Szirmabesenyő: 33.0°C, Clear, humidity: 55%
2026-06-27 10:01:22,029 - root - INFO - [367/1205] Fetching weather for Kitérőgyár...
2026-06-27 10:01:22,244 - root - INFO - Fetched weather for Kitérőgyár: 34.6°C, Clear, humidity: 30%
2026-06-27 10:01:23,346 - root - INFO - [368/1205] Fetching weather for Tápiószentmárton...
2026-06-27 10:01:23,649 - root - INFO - Fetched weather for Tápiószentmárton: 36.6°C, Clear, humidity: 30%
2026-06-27 10:01:24,751 - root - INFO - [369/1205] Fetching weather for Zagyvarékas...
2026-06-27 10:01:24,947 - root - INFO - Fetched weather for Zagyvarékas: 36.1°C, Clear, humidity: 35%
2026-06-27 10:01:26,048 - root - INFO - [370/1205] Fetching weather for Abonyi út...
2026-06-27 10:01:26,309 - root - INFO - Fetched weather for Abonyi út: 36.1°C, Clear, humidity: 35%
2026-06-27 10:01:27,411 - root - INFO - [371/1205] Fetching weather for Jászkisér felső...
2026-06-27 10:01:27,692 - root - INFO - Fetched weather for Jászkisér felső: 33.1°C, Clear, humidity: 29%
2026-06-27 10:01:28,794 - root - INFO - [372/1205] Fetching weather for Szellőhát...
2026-06-27 10:01:28,984 - root - INFO - Fetched weather for Szellőhát: 36.8°C, Clear, humidity: 29%
2026-06-27 10:01:30,086 - root - INFO - [373/1205] Fetching weather for Szilvásvárad-Szalajkavölgy...
2026-06-27 10:01:30,300 - root - INFO - Fetched weather for Szilvásvárad-Szalajkavölgy: 31.4°C, Clear, humidity: 38%
2026-06-27 10:01:31,401 - root - INFO - [374/1205] Fetching weather for Vásárosnamény külső...
2026-06-27 10:01:31,504 - root - INFO - Fetched weather for Vásárosnamény külső: 31.5°C, Clear, humidity: 33%
2026-06-27 10:01:32,605 - root - INFO - [375/1205] Fetching weather for Újváros...
2026-06-27 10:01:32,706 - root - INFO - Fetched weather for Újváros: 33.9°C, Clear, humidity: 26%
2026-06-27 10:01:33,808 - root - INFO - [376/1205] Fetching weather for Városi park...
2026-06-27 10:01:33,896 - root - INFO - Fetched weather for Városi park: 37.5°C, Clear, humidity: 22%
2026-06-27 10:01:34,997 - root - INFO - [377/1205] Fetching weather for Belsőkamaráspuszta...
2026-06-27 10:01:35,093 - root - INFO - Fetched weather for Belsőkamaráspuszta: 35.6°C, Clear, humidity: 31%
2026-06-27 10:01:36,194 - root - INFO - [378/1205] Fetching weather for Sajószöged...
2026-06-27 10:01:36,284 - root - INFO - Fetched weather for Sajószöged: 35.3°C, Clear, humidity: 35%
2026-06-27 10:01:37,386 - root - INFO - [379/1205] Fetching weather for Kazincbarcika alsó...
2026-06-27 10:01:37,490 - root - INFO - Fetched weather for Kazincbarcika alsó: 32.9°C, Clear, humidity: 40%
2026-06-27 10:01:38,591 - root - INFO - [380/1205] Fetching weather for Nyárjas...
2026-06-27 10:01:38,695 - root - INFO - Fetched weather for Nyárjas: 37.3°C, Clear, humidity: 21%
2026-06-27 10:01:39,797 - root - INFO - [381/1205] Fetching weather for Pogonyipuszta...
2026-06-27 10:01:39,893 - root - INFO - Fetched weather for Pogonyipuszta: 32.0°C, Clear, humidity: 38%
2026-06-27 10:01:40,994 - root - INFO - [382/1205] Fetching weather for Sióvölgy...
2026-06-27 10:01:41,092 - root - INFO - Fetched weather for Sióvölgy: 35.0°C, Clear, humidity: 60%
2026-06-27 10:01:42,193 - root - INFO - [383/1205] Fetching weather for Répáspuszta...
2026-06-27 10:01:42,295 - root - INFO - Fetched weather for Répáspuszta: 35.6°C, Clear, humidity: 23%
2026-06-27 10:01:43,397 - root - INFO - [384/1205] Fetching weather for Virányos...
2026-06-27 10:01:43,492 - root - INFO - Fetched weather for Virányos: 32.1°C, Clear, humidity: 38%
2026-06-27 10:01:44,594 - root - INFO - [385/1205] Fetching weather for Füzesbokor...
2026-06-27 10:01:44,692 - root - INFO - Fetched weather for Füzesbokor: 32.1°C, Clear, humidity: 36%
2026-06-27 10:01:45,793 - root - INFO - [386/1205] Fetching weather for Kunfehértó...
2026-06-27 10:01:45,882 - root - INFO - Fetched weather for Kunfehértó: 35.1°C, Clear, humidity: 27%
2026-06-27 10:01:46,984 - root - INFO - [387/1205] Fetching weather for Erdőszél...
2026-06-27 10:01:47,079 - root - INFO - Fetched weather for Erdőszél: 34.9°C, Clear, humidity: 27%
2026-06-27 10:01:48,180 - root - INFO - [388/1205] Fetching weather for Jánoshalma...
2026-06-27 10:01:48,272 - root - INFO - Fetched weather for Jánoshalma: 34.8°C, Clear, humidity: 27%
2026-06-27 10:01:49,373 - root - INFO - [389/1205] Fetching weather for Mélykút...
2026-06-27 10:01:49,471 - root - INFO - Fetched weather for Mélykút: 34.5°C, Clear, humidity: 29%
2026-06-27 10:01:50,572 - root - INFO - [390/1205] Fetching weather for Bácsalmás...
2026-06-27 10:01:50,669 - root - INFO - Fetched weather for Bácsalmás: 34.3°C, Clear, humidity: 30%
2026-06-27 10:01:51,770 - root - INFO - [391/1205] Fetching weather for Almás...
2026-06-27 10:01:51,859 - root - INFO - Fetched weather for Almás: 34.3°C, Clear, humidity: 30%
2026-06-27 10:01:52,961 - root - INFO - [392/1205] Fetching weather for Bácsbokod-Bácsborsód...
2026-06-27 10:01:53,062 - root - INFO - Fetched weather for Bácsbokod-Bácsborsód: 34.7°C, Clear, humidity: 28%
2026-06-27 10:01:54,164 - root - INFO - [393/1205] Fetching weather for Baja...
2026-06-27 10:01:54,251 - root - INFO - Fetched weather for Baja: 35.7°C, Clear, humidity: 25%
2026-06-27 10:01:55,352 - root - INFO - [394/1205] Fetching weather for Harkakötöny...
2026-06-27 10:01:55,448 - root - INFO - Fetched weather for Harkakötöny: 37.1°C, Clear, humidity: 25%
2026-06-27 10:01:56,549 - root - INFO - [395/1205] Fetching weather for Tajó...
2026-06-27 10:01:56,645 - root - INFO - Fetched weather for Tajó: 37.1°C, Clear, humidity: 24%
2026-06-27 10:01:57,746 - root - INFO - [396/1205] Fetching weather for Kiskunmajsa...
2026-06-27 10:01:57,835 - root - INFO - Fetched weather for Kiskunmajsa: 37.4°C, Clear, humidity: 24%
2026-06-27 10:01:58,936 - root - INFO - [397/1205] Fetching weather for Jászszentlászló...
2026-06-27 10:01:59,031 - root - INFO - Fetched weather for Jászszentlászló: 37.7°C, Clear, humidity: 26%
2026-06-27 10:02:00,132 - root - INFO - [398/1205] Fetching weather for Galambos...
2026-06-27 10:02:00,220 - root - INFO - Fetched weather for Galambos: 37.8°C, Clear, humidity: 26%
2026-06-27 10:02:01,321 - root - INFO - [399/1205] Fetching weather for Pestszentimre...
2026-06-27 10:02:01,417 - root - INFO - Fetched weather for Pestszentimre: 36.5°C, Clear, humidity: 30%
2026-06-27 10:02:02,518 - root - INFO - [400/1205] Fetching weather for Gyál felső...
2026-06-27 10:02:02,617 - root - INFO - Fetched weather for Gyál felső: 36.6°C, Clear, humidity: 30%
2026-06-27 10:02:03,718 - root - INFO - [401/1205] Fetching weather for Gyál...
2026-06-27 10:02:03,808 - root - INFO - Fetched weather for Gyál: 36.6°C, Clear, humidity: 30%
2026-06-27 10:02:04,909 - root - INFO - [402/1205] Fetching weather for Ócsa...
2026-06-27 10:02:05,006 - root - INFO - Fetched weather for Ócsa: 36.8°C, Clear, humidity: 26%
2026-06-27 10:02:06,107 - root - INFO - [403/1205] Fetching weather for Inárcs-Kakucs...
2026-06-27 10:02:06,198 - root - INFO - Fetched weather for Inárcs-Kakucs: 34.5°C, Clear, humidity: 26%
2026-06-27 10:02:07,300 - root - INFO - [404/1205] Fetching weather for Dabas...
2026-06-27 10:02:07,391 - root - INFO - Fetched weather for Dabas: 34.5°C, Clear, humidity: 26%
2026-06-27 10:02:08,492 - root - INFO - [405/1205] Fetching weather for Gyón...
2026-06-27 10:02:08,588 - root - INFO - Fetched weather for Gyón: 34.6°C, Clear, humidity: 26%
2026-06-27 10:02:09,690 - root - INFO - [406/1205] Fetching weather for Hernád...
2026-06-27 10:02:09,780 - root - INFO - Fetched weather for Hernád: 34.5°C, Clear, humidity: 26%
2026-06-27 10:02:10,881 - root - INFO - [407/1205] Fetching weather for Bakonygyirót...
2026-06-27 10:02:10,981 - root - INFO - Fetched weather for Bakonygyirót: 35.0°C, Clear, humidity: 26%
2026-06-27 10:02:12,082 - root - INFO - [408/1205] Fetching weather for Vinye...
2026-06-27 10:02:12,195 - root - INFO - Fetched weather for Vinye: 34.5°C, Clear, humidity: 26%
2026-06-27 10:02:13,296 - root - INFO - [409/1205] Fetching weather for Nemesgörzsöny...
2026-06-27 10:02:13,385 - root - INFO - Fetched weather for Nemesgörzsöny: 35.5°C, Clear, humidity: 24%
2026-06-27 10:02:14,486 - root - INFO - [410/1205] Fetching weather for Rábahíd...
2026-06-27 10:02:14,585 - root - INFO - Fetched weather for Rábahíd: 35.5°C, Clear, humidity: 25%
2026-06-27 10:02:15,687 - root - INFO - [411/1205] Fetching weather for Öskü...
2026-06-27 10:02:15,777 - root - INFO - Fetched weather for Öskü: 34.6°C, Clear, humidity: 28%
2026-06-27 10:02:16,878 - root - INFO - [412/1205] Fetching weather for Márkó...
2026-06-27 10:02:16,980 - root - INFO - Fetched weather for Márkó: 32.1°C, Clear, humidity: 27%
2026-06-27 10:02:18,082 - root - INFO - [413/1205] Fetching weather for Nemeskocs...
2026-06-27 10:02:18,175 - root - INFO - Fetched weather for Nemeskocs: 35.5°C, Clear, humidity: 25%
2026-06-27 10:02:19,277 - root - INFO - [414/1205] Fetching weather for Zalagyömörő...
2026-06-27 10:02:19,370 - root - INFO - Fetched weather for Zalagyömörő: 35.3°C, Clear, humidity: 26%
2026-06-27 10:02:20,471 - root - INFO - [415/1205] Fetching weather for Rigács...
2026-06-27 10:02:20,567 - root - INFO - Fetched weather for Rigács: 35.2°C, Clear, humidity: 26%
2026-06-27 10:02:21,668 - root - INFO - [416/1205] Fetching weather for Kemenespálfa...
2026-06-27 10:02:21,757 - root - INFO - Fetched weather for Kemenespálfa: 35.4°C, Clear, humidity: 25%
2026-06-27 10:02:22,858 - root - INFO - [417/1205] Fetching weather for Lentiszombathely...
2026-06-27 10:02:22,954 - root - INFO - Fetched weather for Lentiszombathely: 35.1°C, Clear, humidity: 38%
2026-06-27 10:02:24,055 - root - INFO - [418/1205] Fetching weather for Ortaháza...
2026-06-27 10:02:24,146 - root - INFO - Fetched weather for Ortaháza: 33.9°C, Clear, humidity: 36%
2026-06-27 10:02:25,247 - root - INFO - [419/1205] Fetching weather for Rádiháza...
2026-06-27 10:02:25,341 - root - INFO - Fetched weather for Rádiháza: 34.0°C, Clear, humidity: 34%
2026-06-27 10:02:26,442 - root - INFO - [420/1205] Fetching weather for Baktüttös...
2026-06-27 10:02:26,539 - root - INFO - Fetched weather for Baktüttös: 34.3°C, Clear, humidity: 32%
2026-06-27 10:02:27,641 - root - INFO - [421/1205] Fetching weather for Budafa...
2026-06-27 10:02:27,737 - root - INFO - Fetched weather for Budafa: 34.5°C, Clear, humidity: 32%
2026-06-27 10:02:28,838 - root - INFO - [422/1205] Fetching weather for Zalapatakalja...
2026-06-27 10:02:28,938 - root - INFO - Fetched weather for Zalapatakalja: 34.4°C, Clear, humidity: 33%
2026-06-27 10:02:30,039 - root - INFO - [423/1205] Fetching weather for Tormásliget...
2026-06-27 10:02:30,132 - root - INFO - Fetched weather for Tormásliget: 35.9°C, Clear, humidity: 32%
2026-06-27 10:02:31,233 - root - INFO - [424/1205] Fetching weather for Belecska...
2026-06-27 10:02:31,324 - root - INFO - Fetched weather for Belecska: 35.8°C, Clear, humidity: 24%
2026-06-27 10:02:32,426 - root - INFO - [425/1205] Fetching weather for Almár...
2026-06-27 10:02:32,528 - root - INFO - Fetched weather for Almár: 32.9°C, Clear, humidity: 37%
2026-06-27 10:02:33,630 - root - INFO - [426/1205] Fetching weather for Vasútmúzeum...
2026-06-27 10:02:33,718 - root - INFO - Fetched weather for Vasútmúzeum: 35.9°C, Clear, humidity: 32%
2026-06-27 10:02:34,819 - root - INFO - [427/1205] Fetching weather for Abda...
2026-06-27 10:02:34,923 - root - INFO - Fetched weather for Abda: 35.3°C, Clear, humidity: 27%
2026-06-27 10:02:36,024 - root - INFO - [428/1205] Fetching weather for Vadaspark...
2026-06-27 10:02:36,125 - root - INFO - Fetched weather for Vadaspark: 32.9°C, Clear, humidity: 34%
2026-06-27 10:02:37,226 - root - INFO - [429/1205] Fetching weather for Barosstelep...
2026-06-27 10:02:37,333 - root - INFO - Fetched weather for Barosstelep: 36.5°C, Clear, humidity: 31%
2026-06-27 10:02:38,434 - root - INFO - [430/1205] Fetching weather for Fegyvernek-Örményes...
2026-06-27 10:02:38,538 - root - INFO - Fetched weather for Fegyvernek-Örményes: 33.4°C, Clear, humidity: 28%
2026-06-27 10:02:39,640 - root - INFO - [431/1205] Fetching weather for Zagyvapálfalva...
2026-06-27 10:02:39,736 - root - INFO - Fetched weather for Zagyvapálfalva: 34.1°C, Clear, humidity: 37%
2026-06-27 10:02:40,838 - root - INFO - [432/1205] Fetching weather for Salgótarján...
2026-06-27 10:02:40,933 - root - INFO - Fetched weather for Salgótarján: 34.0°C, Clear, humidity: 37%
2026-06-27 10:02:42,034 - root - INFO - [433/1205] Fetching weather for Szabadisóstó...
2026-06-27 10:02:42,123 - root - INFO - Fetched weather for Szabadisóstó: 35.0°C, Clear, humidity: 60%
2026-06-27 10:02:43,225 - root - INFO - [434/1205] Fetching weather for Siófok...
2026-06-27 10:02:43,316 - root - INFO - Fetched weather for Siófok: 35.0°C, Clear, humidity: 60%
2026-06-27 10:02:44,418 - root - INFO - [435/1205] Fetching weather for Balatonszéplak felső...
2026-06-27 10:02:44,515 - root - INFO - Fetched weather for Balatonszéplak felső: 35.0°C, Clear, humidity: 60%
2026-06-27 10:02:45,616 - root - INFO - [436/1205] Fetching weather for Balatonszéplak alsó...
2026-06-27 10:02:45,710 - root - INFO - Fetched weather for Balatonszéplak alsó: 35.0°C, Clear, humidity: 60%
2026-06-27 10:02:46,811 - root - INFO - [437/1205] Fetching weather for Zamárdi felső...
2026-06-27 10:02:46,910 - root - INFO - Fetched weather for Zamárdi felső: 33.3°C, Clear, humidity: 21%
2026-06-27 10:02:48,011 - root - INFO - [438/1205] Fetching weather for Zamárdi...
2026-06-27 10:02:48,101 - root - INFO - Fetched weather for Zamárdi: 33.2°C, Clear, humidity: 21%
2026-06-27 10:02:49,202 - root - INFO - [439/1205] Fetching weather for Szántód...
2026-06-27 10:02:49,301 - root - INFO - Fetched weather for Szántód: 33.3°C, Clear, humidity: 21%
2026-06-27 10:02:50,402 - root - INFO - [440/1205] Fetching weather for Szőny-Déli...
2026-06-27 10:02:50,499 - root - INFO - Fetched weather for Szőny-Déli: 36.7°C, Clear, humidity: 30%
2026-06-27 10:02:51,600 - root - INFO - [441/1205] Fetching weather for Várpalota...
2026-06-27 10:02:51,689 - root - INFO - Fetched weather for Várpalota: 34.2°C, Clear, humidity: 26%
2026-06-27 10:02:52,791 - root - INFO - [442/1205] Fetching weather for Pétfürdő...
2026-06-27 10:02:52,891 - root - INFO - Fetched weather for Pétfürdő: 34.8°C, Clear, humidity: 26%
2026-06-27 10:02:53,992 - root - INFO - [443/1205] Fetching weather for Hajmáskér...
2026-06-27 10:02:54,084 - root - INFO - Fetched weather for Hajmáskér: 34.5°C, Clear, humidity: 28%
2026-06-27 10:02:55,186 - root - INFO - [444/1205] Fetching weather for Veszprém...
2026-06-27 10:02:55,276 - root - INFO - Fetched weather for Veszprém: 32.7°C, Clear, humidity: 28%
2026-06-27 10:02:56,377 - root - INFO - [445/1205] Fetching weather for Herend...
2026-06-27 10:02:56,474 - root - INFO - Fetched weather for Herend: 31.9°C, Clear, humidity: 26%
2026-06-27 10:02:57,576 - root - INFO - [446/1205] Fetching weather for Városlőd...
2026-06-27 10:02:57,666 - root - INFO - Fetched weather for Városlőd: 33.5°C, Clear, humidity: 26%
2026-06-27 10:02:58,768 - root - INFO - [447/1205] Fetching weather for Városlőd-Kislőd...
2026-06-27 10:02:58,869 - root - INFO - Fetched weather for Városlőd-Kislőd: 34.0°C, Clear, humidity: 27%
2026-06-27 10:02:59,970 - root - INFO - [448/1205] Fetching weather for Ajka...
2026-06-27 10:03:00,057 - root - INFO - Fetched weather for Ajka: 34.3°C, Clear, humidity: 28%
2026-06-27 10:03:01,159 - root - INFO - [449/1205] Fetching weather for Ajka-Gyártelep...
2026-06-27 10:03:01,256 - root - INFO - Fetched weather for Ajka-Gyártelep: 34.3°C, Clear, humidity: 28%
2026-06-27 10:03:02,358 - root - INFO - [450/1205] Fetching weather for Devecser...
2026-06-27 10:03:02,455 - root - INFO - Fetched weather for Devecser: 34.7°C, Clear, humidity: 28%
2026-06-27 10:03:03,556 - root - INFO - [451/1205] Fetching weather for Somlóvásárhely...
2026-06-27 10:03:03,646 - root - INFO - Fetched weather for Somlóvásárhely: 35.0°C, Clear, humidity: 26%
2026-06-27 10:03:04,748 - root - INFO - [452/1205] Fetching weather for Tüskevár...
2026-06-27 10:03:04,844 - root - INFO - Fetched weather for Tüskevár: 35.2°C, Clear, humidity: 26%
2026-06-27 10:03:05,946 - root - INFO - [453/1205] Fetching weather for Karakószörcsök...
2026-06-27 10:03:06,035 - root - INFO - Fetched weather for Karakószörcsök: 35.3°C, Clear, humidity: 26%
2026-06-27 10:03:07,136 - root - INFO - [454/1205] Fetching weather for Kerta...
2026-06-27 10:03:07,229 - root - INFO - Fetched weather for Kerta: 35.5°C, Clear, humidity: 25%
2026-06-27 10:03:08,331 - root - INFO - [455/1205] Fetching weather for Boba...
2026-06-27 10:03:08,427 - root - INFO - Fetched weather for Boba: 35.4°C, Clear, humidity: 25%
2026-06-27 10:03:09,529 - root - INFO - [456/1205] Fetching weather for Börgönd...
2026-06-27 10:03:09,618 - root - INFO - Fetched weather for Börgönd: 35.4°C, Clear, humidity: 24%
2026-06-27 10:03:10,720 - root - INFO - [457/1205] Fetching weather for Belsőbáránd...
2026-06-27 10:03:10,818 - root - INFO - Fetched weather for Belsőbáránd: 35.5°C, Clear, humidity: 24%
2026-06-27 10:03:11,920 - root - INFO - [458/1205] Fetching weather for Zichyújfalu...
2026-06-27 10:03:12,011 - root - INFO - Fetched weather for Zichyújfalu: 35.3°C, Clear, humidity: 25%
2026-06-27 10:03:13,112 - root - INFO - [459/1205] Fetching weather for Seregélyes...
2026-06-27 10:03:13,201 - root - INFO - Fetched weather for Seregélyes: 35.5°C, Clear, humidity: 25%
2026-06-27 10:03:14,302 - root - INFO - [460/1205] Fetching weather for Polgárdi-Ipartelepek...
2026-06-27 10:03:14,404 - root - INFO - Fetched weather for Polgárdi-Ipartelepek: 34.6°C, Clear, humidity: 24%
2026-06-27 10:03:15,505 - root - INFO - [461/1205] Fetching weather for Polgárdi...
2026-06-27 10:03:15,597 - root - INFO - Fetched weather for Polgárdi: 34.6°C, Clear, humidity: 24%
2026-06-27 10:03:16,699 - root - INFO - [462/1205] Fetching weather for Füle...
2026-06-27 10:03:16,798 - root - INFO - Fetched weather for Füle: 34.5°C, Clear, humidity: 24%
2026-06-27 10:03:17,900 - root - INFO - [463/1205] Fetching weather for Zánka-Erzsébettábor...
2026-06-27 10:03:17,989 - root - INFO - Fetched weather for Zánka-Erzsébettábor: 33.2°C, Clear, humidity: 21%
2026-06-27 10:03:19,091 - root - INFO - [464/1205] Fetching weather for Csajág...
2026-06-27 10:03:19,183 - root - INFO - Fetched weather for Csajág: 34.8°C, Clear, humidity: 60%
2026-06-27 10:03:20,285 - root - INFO - [465/1205] Fetching weather for Balatonakarattya...
2026-06-27 10:03:20,391 - root - INFO - Fetched weather for Balatonakarattya: 34.6°C, Clear, humidity: 60%
2026-06-27 10:03:21,492 - root - INFO - [466/1205] Fetching weather for Csittényhegy...
2026-06-27 10:03:21,593 - root - INFO - Fetched weather for Csittényhegy: 34.9°C, Clear, humidity: 60%
2026-06-27 10:03:22,694 - root - INFO - [467/1205] Fetching weather for Balatonkenese...
2026-06-27 10:03:22,796 - root - INFO - Fetched weather for Balatonkenese: 34.9°C, Clear, humidity: 60%
2026-06-27 10:03:23,897 - root - INFO - [468/1205] Fetching weather for Balatonfűzfő...
2026-06-27 10:03:23,987 - root - INFO - Fetched weather for Balatonfűzfő: 35.0°C, Clear, humidity: 60%
2026-06-27 10:03:25,089 - root - INFO - [469/1205] Fetching weather for Balatonalmádi...
2026-06-27 10:03:25,179 - root - INFO - Fetched weather for Balatonalmádi: 34.9°C, Clear, humidity: 60%
2026-06-27 10:03:26,281 - root - INFO - [470/1205] Fetching weather for Káptalanfüred...
2026-06-27 10:03:26,378 - root - INFO - Fetched weather for Káptalanfüred: 35.0°C, Clear, humidity: 60%
2026-06-27 10:03:27,479 - root - INFO - [471/1205] Fetching weather for Alsóörs...
2026-06-27 10:03:27,571 - root - INFO - Fetched weather for Alsóörs: 33.3°C, Clear, humidity: 21%
2026-06-27 10:03:28,673 - root - INFO - [472/1205] Fetching weather for Csopak...
2026-06-27 10:03:28,767 - root - INFO - Fetched weather for Csopak: 33.2°C, Clear, humidity: 21%
2026-06-27 10:03:29,869 - root - INFO - [473/1205] Fetching weather for Balatonarács...
2026-06-27 10:03:29,964 - root - INFO - Fetched weather for Balatonarács: 33.1°C, Clear, humidity: 21%
2026-06-27 10:03:31,066 - root - INFO - [474/1205] Fetching weather for Balatonfüred...
2026-06-27 10:03:31,154 - root - INFO - Fetched weather for Balatonfüred: 33.1°C, Clear, humidity: 21%
2026-06-27 10:03:32,256 - root - INFO - [475/1205] Fetching weather for Aszófő...
2026-06-27 10:03:32,353 - root - INFO - Fetched weather for Aszófő: 33.2°C, Clear, humidity: 21%
2026-06-27 10:03:33,455 - root - INFO - [476/1205] Fetching weather for Örvényes...
2026-06-27 10:03:33,544 - root - INFO - Fetched weather for Örvényes: 33.3°C, Clear, humidity: 21%
2026-06-27 10:03:34,646 - root - INFO - [477/1205] Fetching weather for Balatonudvari...
2026-06-27 10:03:34,745 - root - INFO - Fetched weather for Balatonudvari: 33.3°C, Clear, humidity: 21%
2026-06-27 10:03:35,847 - root - INFO - [478/1205] Fetching weather for Fövenyes...
2026-06-27 10:03:35,938 - root - INFO - Fetched weather for Fövenyes: 33.3°C, Clear, humidity: 21%
2026-06-27 10:03:37,040 - root - INFO - [479/1205] Fetching weather for Balatonakali-Dörgicse...
2026-06-27 10:03:37,130 - root - INFO - Fetched weather for Balatonakali-Dörgicse: 33.3°C, Clear, humidity: 21%
2026-06-27 10:03:38,232 - root - INFO - [480/1205] Fetching weather for Zánka-Köveskál...
2026-06-27 10:03:38,329 - root - INFO - Fetched weather for Zánka-Köveskál: 33.3°C, Clear, humidity: 21%
2026-06-27 10:03:39,431 - root - INFO - [481/1205] Fetching weather for Balatonszepezd...
2026-06-27 10:03:39,521 - root - INFO - Fetched weather for Balatonszepezd: 33.3°C, Clear, humidity: 21%
2026-06-27 10:03:40,623 - root - INFO - [482/1205] Fetching weather for Szepezdfürdő...
2026-06-27 10:03:40,727 - root - INFO - Fetched weather for Szepezdfürdő: 33.3°C, Clear, humidity: 37%
2026-06-27 10:03:41,829 - root - INFO - [483/1205] Fetching weather for Révfülöp...
2026-06-27 10:03:41,919 - root - INFO - Fetched weather for Révfülöp: 33.3°C, Clear, humidity: 37%
2026-06-27 10:03:43,021 - root - INFO - [484/1205] Fetching weather for Balatonrendes...
2026-06-27 10:03:43,115 - root - INFO - Fetched weather for Balatonrendes: 33.3°C, Clear, humidity: 38%
2026-06-27 10:03:44,216 - root - INFO - [485/1205] Fetching weather for Ábrahámhegy...
2026-06-27 10:03:44,315 - root - INFO - Fetched weather for Ábrahámhegy: 33.2°C, Clear, humidity: 38%
2026-06-27 10:03:45,417 - root - INFO - [486/1205] Fetching weather for Badacsonyörs...
2026-06-27 10:03:45,505 - root - INFO - Fetched weather for Badacsonyörs: 32.7°C, Clear, humidity: 37%
2026-06-27 10:03:46,607 - root - INFO - [487/1205] Fetching weather for Kisújszállás...
2026-06-27 10:03:46,706 - root - INFO - Fetched weather for Kisújszállás: 33.3°C, Clear, humidity: 28%
2026-06-27 10:03:47,807 - root - INFO - [488/1205] Fetching weather for Karcag...
2026-06-27 10:03:47,907 - root - INFO - Fetched weather for Karcag: 33.0°C, Clear, humidity: 29%
2026-06-27 10:03:49,009 - root - INFO - [489/1205] Fetching weather for Püspökladány...
2026-06-27 10:03:49,102 - root - INFO - Fetched weather for Püspökladány: 32.9°C, Clear, humidity: 29%
2026-06-27 10:03:50,203 - root - INFO - [490/1205] Fetching weather for Kaba...
2026-06-27 10:03:50,300 - root - INFO - Fetched weather for Kaba: 32.8°C, Clear, humidity: 30%
2026-06-27 10:03:51,402 - root - INFO - [491/1205] Fetching weather for Hajdúszoboszló...
2026-06-27 10:03:51,491 - root - INFO - Fetched weather for Hajdúszoboszló: 32.5°C, Clear, humidity: 30%
2026-06-27 10:03:52,592 - root - INFO - [492/1205] Fetching weather for Ebes...
2026-06-27 10:03:52,692 - root - INFO - Fetched weather for Ebes: 32.4°C, Clear, humidity: 31%
2026-06-27 10:03:53,794 - root - INFO - [493/1205] Fetching weather for Debrecen...
2026-06-27 10:03:53,887 - root - INFO - Fetched weather for Debrecen: 32.2°C, Clear, humidity: 31%
2026-06-27 10:03:54,988 - root - INFO - [494/1205] Fetching weather for Debrecen-Csapókert...
2026-06-27 10:03:55,079 - root - INFO - Fetched weather for Debrecen-Csapókert: 32.0°C, Clear, humidity: 31%
2026-06-27 10:03:56,181 - root - INFO - [495/1205] Fetching weather for Apafa...
2026-06-27 10:03:56,282 - root - INFO - Fetched weather for Apafa: 31.9°C, Clear, humidity: 31%
2026-06-27 10:03:57,384 - root - INFO - [496/1205] Fetching weather for Bocskaikert...
2026-06-27 10:03:57,473 - root - INFO - Fetched weather for Bocskaikert: 31.6°C, Clear, humidity: 31%
2026-06-27 10:03:58,575 - root - INFO - [497/1205] Fetching weather for Hajdúhadház...
2026-06-27 10:03:58,671 - root - INFO - Fetched weather for Hajdúhadház: 31.6°C, Clear, humidity: 31%
2026-06-27 10:03:59,773 - root - INFO - [498/1205] Fetching weather for Téglás...
2026-06-27 10:03:59,862 - root - INFO - Fetched weather for Téglás: 31.6°C, Clear, humidity: 32%
2026-06-27 10:04:00,963 - root - INFO - [499/1205] Fetching weather for Újfehértó...
2026-06-27 10:04:01,057 - root - INFO - Fetched weather for Újfehértó: 31.6°C, Clear, humidity: 33%
2026-06-27 10:04:02,159 - root - INFO - [500/1205] Fetching weather for Nyíregyháza...
2026-06-27 10:04:02,258 - root - INFO - Fetched weather for Nyíregyháza: 31.3°C, Clear, humidity: 34%
2026-06-27 10:04:03,360 - root - INFO - [501/1205] Fetching weather for Sóstó...
2026-06-27 10:04:03,452 - root - INFO - Fetched weather for Sóstó: 32.0°C, Clear, humidity: 35%
2026-06-27 10:04:04,554 - root - INFO - [502/1205] Fetching weather for Sóstóhegy...
2026-06-27 10:04:04,653 - root - INFO - Fetched weather for Sóstóhegy: 32.0°C, Clear, humidity: 35%
2026-06-27 10:04:05,754 - root - INFO - [503/1205] Fetching weather for Kemecse...
2026-06-27 10:04:05,844 - root - INFO - Fetched weather for Kemecse: 31.3°C, Clear, humidity: 35%
2026-06-27 10:04:06,945 - root - INFO - [504/1205] Fetching weather for Nyírbogdány...
2026-06-27 10:04:07,038 - root - INFO - Fetched weather for Nyírbogdány: 31.2°C, Clear, humidity: 35%
2026-06-27 10:04:08,140 - root - INFO - [505/1205] Fetching weather for Kék...
2026-06-27 10:04:08,239 - root - INFO - Fetched weather for Kék: 31.3°C, Clear, humidity: 35%
2026-06-27 10:04:09,340 - root - INFO - [506/1205] Fetching weather for Demecser...
2026-06-27 10:04:09,433 - root - INFO - Fetched weather for Demecser: 31.3°C, Clear, humidity: 35%
2026-06-27 10:04:10,534 - root - INFO - [507/1205] Fetching weather for Gégény...
2026-06-27 10:04:10,630 - root - INFO - Fetched weather for Gégény: 31.2°C, Clear, humidity: 35%
2026-06-27 10:04:11,732 - root - INFO - [508/1205] Fetching weather for Pátroha...
2026-06-27 10:04:11,828 - root - INFO - Fetched weather for Pátroha: 31.3°C, Clear, humidity: 35%
2026-06-27 10:04:12,930 - root - INFO - [509/1205] Fetching weather for Ajak...
2026-06-27 10:04:13,027 - root - INFO - Fetched weather for Ajak: 31.2°C, Clear, humidity: 35%
2026-06-27 10:04:14,128 - root - INFO - [510/1205] Fetching weather for Kisvárda...
2026-06-27 10:04:14,229 - root - INFO - Fetched weather for Kisvárda: 31.3°C, Clear, humidity: 35%
2026-06-27 10:04:15,331 - root - INFO - [511/1205] Fetching weather for Kisvárda-Hármasút...
2026-06-27 10:04:15,420 - root - INFO - Fetched weather for Kisvárda-Hármasút: 31.3°C, Clear, humidity: 35%
2026-06-27 10:04:16,522 - root - INFO - [512/1205] Fetching weather for Fényeslitke...
2026-06-27 10:04:16,617 - root - INFO - Fetched weather for Fényeslitke: 31.2°C, Clear, humidity: 36%
2026-06-27 10:04:17,719 - root - INFO - [513/1205] Fetching weather for Komoró...
2026-06-27 10:04:17,812 - root - INFO - Fetched weather for Komoró: 31.2°C, Clear, humidity: 36%
2026-06-27 10:04:18,914 - root - INFO - [514/1205] Fetching weather for Tuzsér...
2026-06-27 10:04:19,005 - root - INFO - Fetched weather for Tuzsér: 31.1°C, Clear, humidity: 36%
2026-06-27 10:04:20,107 - root - INFO - [515/1205] Fetching weather for Tiszabezdéd...
2026-06-27 10:04:20,202 - root - INFO - Fetched weather for Tiszabezdéd: 31.2°C, Clear, humidity: 36%
2026-06-27 10:04:21,304 - root - INFO - [516/1205] Fetching weather for Záhony...
2026-06-27 10:04:21,397 - root - INFO - Fetched weather for Záhony: 31.2°C, Clear, humidity: 37%
2026-06-27 10:04:22,498 - root - INFO - [517/1205] Fetching weather for Karcag-Vásártér...
2026-06-27 10:04:22,595 - root - INFO - Fetched weather for Karcag-Vásártér: 33.0°C, Clear, humidity: 29%
2026-06-27 10:04:23,697 - root - INFO - [518/1205] Fetching weather for Berekfürdő...
2026-06-27 10:04:23,791 - root - INFO - Fetched weather for Berekfürdő: 32.8°C, Clear, humidity: 30%
2026-06-27 10:04:24,892 - root - INFO - [519/1205] Fetching weather for Kunmadaras...
2026-06-27 10:04:24,981 - root - INFO - Fetched weather for Kunmadaras: 32.6°C, Clear, humidity: 30%
2026-06-27 10:04:26,082 - root - INFO - [520/1205] Fetching weather for Tiszaszentimre...
2026-06-27 10:04:26,180 - root - INFO - Fetched weather for Tiszaszentimre: 32.5°C, Clear, humidity: 31%
2026-06-27 10:04:27,281 - root - INFO - [521/1205] Fetching weather for Tiszaszőlős...
2026-06-27 10:04:27,373 - root - INFO - Fetched weather for Tiszaszőlős: 32.4°C, Clear, humidity: 31%
2026-06-27 10:04:28,475 - root - INFO - [522/1205] Fetching weather for Hosszúhát...
2026-06-27 10:04:28,580 - root - INFO - Fetched weather for Hosszúhát: 33.2°C, Clear, humidity: 28%
2026-06-27 10:04:29,682 - root - INFO - [523/1205] Fetching weather for Szerep...
2026-06-27 10:04:29,776 - root - INFO - Fetched weather for Szerep: 33.2°C, Clear, humidity: 28%
2026-06-27 10:04:30,878 - root - INFO - [524/1205] Fetching weather for Sárrétudvari...
2026-06-27 10:04:30,975 - root - INFO - Fetched weather for Sárrétudvari: 33.2°C, Clear, humidity: 28%
2026-06-27 10:04:32,076 - root - INFO - [525/1205] Fetching weather for Biharnagybajom...
2026-06-27 10:04:32,178 - root - INFO - Fetched weather for Biharnagybajom: 33.3°C, Clear, humidity: 28%
2026-06-27 10:04:33,280 - root - INFO - [526/1205] Fetching weather for Füzesgyarmat...
2026-06-27 10:04:33,376 - root - INFO - Fetched weather for Füzesgyarmat: 33.7°C, Clear, humidity: 27%
2026-06-27 10:04:34,478 - root - INFO - [527/1205] Fetching weather for Füzesgyarmatfürdő...
2026-06-27 10:04:34,574 - root - INFO - Fetched weather for Füzesgyarmatfürdő: 33.7°C, Clear, humidity: 27%
2026-06-27 10:04:35,676 - root - INFO - [528/1205] Fetching weather for Báránd...
2026-06-27 10:04:35,765 - root - INFO - Fetched weather for Báránd: 33.0°C, Clear, humidity: 29%
2026-06-27 10:04:36,867 - root - INFO - [529/1205] Fetching weather for Sáp...
2026-06-27 10:04:36,967 - root - INFO - Fetched weather for Sáp: 33.1°C, Clear, humidity: 29%
2026-06-27 10:04:38,069 - root - INFO - [530/1205] Fetching weather for Berettyóújfalu...
2026-06-27 10:04:38,164 - root - INFO - Fetched weather for Berettyóújfalu: 33.3°C, Clear, humidity: 28%
2026-06-27 10:04:39,266 - root - INFO - [531/1205] Fetching weather for Mezőpeterd...
2026-06-27 10:04:39,360 - root - INFO - Fetched weather for Mezőpeterd: 34.2°C, Clear, humidity: 28%
2026-06-27 10:04:40,462 - root - INFO - [532/1205] Fetching weather for Biharkeresztes...
2026-06-27 10:04:40,559 - root - INFO - Fetched weather for Biharkeresztes: 34.1°C, Clear, humidity: 30%
2026-06-27 10:04:41,661 - root - INFO - [533/1205] Fetching weather for Tócóvölgy...
2026-06-27 10:04:41,750 - root - INFO - Fetched weather for Tócóvölgy: 32.2°C, Clear, humidity: 31%
2026-06-27 10:04:42,852 - root - INFO - [534/1205] Fetching weather for Sáregres...
2026-06-27 10:04:42,939 - root - INFO - Fetched weather for Sáregres: 35.5°C, Clear, humidity: 24%
2026-06-27 10:04:44,041 - root - INFO - [535/1205] Fetching weather for Simontornya...
2026-06-27 10:04:44,142 - root - INFO - Fetched weather for Simontornya: 35.5°C, Clear, humidity: 24%
2026-06-27 10:04:45,243 - root - INFO - [536/1205] Fetching weather for Tolnanémedi...
2026-06-27 10:04:45,339 - root - INFO - Fetched weather for Tolnanémedi: 35.5°C, Clear, humidity: 24%
2026-06-27 10:04:46,440 - root - INFO - [537/1205] Fetching weather for Pincehely...
2026-06-27 10:04:46,536 - root - INFO - Fetched weather for Pincehely: 35.5°C, Clear, humidity: 24%
2026-06-27 10:04:47,638 - root - INFO - [538/1205] Fetching weather for Keszőhidegkút-Gyönk...
2026-06-27 10:04:47,727 - root - INFO - Fetched weather for Keszőhidegkút-Gyönk: 35.8°C, Clear, humidity: 24%
2026-06-27 10:04:48,829 - root - INFO - [539/1205] Fetching weather for Szárazd...
2026-06-27 10:04:48,919 - root - INFO - Fetched weather for Szárazd: 36.0°C, Clear, humidity: 24%
2026-06-27 10:04:50,021 - root - INFO - [540/1205] Fetching weather for Regöly...
2026-06-27 10:04:50,120 - root - INFO - Fetched weather for Regöly: 36.0°C, Clear, humidity: 24%
2026-06-27 10:04:51,222 - root - INFO - [541/1205] Fetching weather for Szakály-Hőgyész...
2026-06-27 10:04:51,317 - root - INFO - Fetched weather for Szakály-Hőgyész: 36.1°C, Clear, humidity: 23%
2026-06-27 10:04:52,419 - root - INFO - [542/1205] Fetching weather for Dúzs...
2026-06-27 10:04:52,513 - root - INFO - Fetched weather for Dúzs: 36.2°C, Clear, humidity: 23%
2026-06-27 10:04:53,615 - root - INFO - [543/1205] Fetching weather for Csibrák...
2026-06-27 10:04:53,706 - root - INFO - Fetched weather for Csibrák: 36.3°C, Clear, humidity: 23%
2026-06-27 10:04:54,808 - root - INFO - [544/1205] Fetching weather for Kurd...
2026-06-27 10:04:54,898 - root - INFO - Fetched weather for Kurd: 36.0°C, Clear, humidity: 23%
2026-06-27 10:04:56,000 - root - INFO - [545/1205] Fetching weather for Döbrököz...
2026-06-27 10:04:56,097 - root - INFO - Fetched weather for Döbrököz: 36.4°C, Clear, humidity: 23%
2026-06-27 10:04:57,199 - root - INFO - [546/1205] Fetching weather for Dombóvár...
2026-06-27 10:04:57,293 - root - INFO - Fetched weather for Dombóvár: 36.3°C, Clear, humidity: 24%
2026-06-27 10:04:58,395 - root - INFO - [547/1205] Fetching weather for Dombóvár alsó...
2026-06-27 10:04:58,492 - root - INFO - Fetched weather for Dombóvár alsó: 36.3°C, Clear, humidity: 24%
2026-06-27 10:04:59,594 - root - INFO - [548/1205] Fetching weather for Somoskőújfalu...
2026-06-27 10:04:59,691 - root - INFO - Fetched weather for Somoskőújfalu: 29.7°C, Clear, humidity: 37%
2026-06-27 10:05:00,793 - root - INFO - [549/1205] Fetching weather for Jászfényszaru...
2026-06-27 10:05:00,884 - root - INFO - Fetched weather for Jászfényszaru: 33.0°C, Clear, humidity: 29%
2026-06-27 10:05:01,986 - root - INFO - [550/1205] Fetching weather for Pusztamonostor...
2026-06-27 10:05:02,083 - root - INFO - Fetched weather for Pusztamonostor: 36.6°C, Clear, humidity: 29%
2026-06-27 10:05:03,185 - root - INFO - [551/1205] Fetching weather for Jászberény...
2026-06-27 10:05:03,283 - root - INFO - Fetched weather for Jászberény: 36.7°C, Clear, humidity: 28%
2026-06-27 10:05:04,385 - root - INFO - [552/1205] Fetching weather for Meggyespele...
2026-06-27 10:05:04,482 - root - INFO - Fetched weather for Meggyespele: 36.7°C, Clear, humidity: 30%
2026-06-27 10:05:05,584 - root - INFO - [553/1205] Fetching weather for Portelek...
2026-06-27 10:05:05,677 - root - INFO - Fetched weather for Portelek: 36.8°C, Clear, humidity: 30%
2026-06-27 10:05:06,779 - root - INFO - [554/1205] Fetching weather for Jászboldogháza-Jánoshida...
2026-06-27 10:05:06,877 - root - INFO - Fetched weather for Jászboldogháza-Jánoshida: 36.7°C, Clear, humidity: 30%
2026-06-27 10:05:07,978 - root - INFO - [555/1205] Fetching weather for Jászárokszállás...
2026-06-27 10:05:08,074 - root - INFO - Fetched weather for Jászárokszállás: 35.0°C, Clear, humidity: 30%
2026-06-27 10:05:09,176 - root - INFO - [556/1205] Fetching weather for Jászdózsa...
2026-06-27 10:05:09,266 - root - INFO - Fetched weather for Jászdózsa: 33.0°C, Clear, humidity: 30%
2026-06-27 10:05:10,368 - root - INFO - [557/1205] Fetching weather for Jászapáti...
2026-06-27 10:05:10,464 - root - INFO - Fetched weather for Jászapáti: 32.9°C, Clear, humidity: 30%
2026-06-27 10:05:11,566 - root - INFO - [558/1205] Fetching weather for Jászkisér...
2026-06-27 10:05:11,656 - root - INFO - Fetched weather for Jászkisér: 33.0°C, Clear, humidity: 29%
2026-06-27 10:05:12,758 - root - INFO - [559/1205] Fetching weather for Jászladány...
2026-06-27 10:05:12,855 - root - INFO - Fetched weather for Jászladány: 36.8°C, Clear, humidity: 28%
2026-06-27 10:05:13,957 - root - INFO - [560/1205] Fetching weather for Szászberek...
2026-06-27 10:05:14,053 - root - INFO - Fetched weather for Szászberek: 36.8°C, Clear, humidity: 30%
2026-06-27 10:05:15,155 - root - INFO - [561/1205] Fetching weather for Gyöngyöshalász...
2026-06-27 10:05:15,242 - root - INFO - Fetched weather for Gyöngyöshalász: 34.8°C, Clear, humidity: 30%
2026-06-27 10:05:16,344 - root - INFO - [562/1205] Fetching weather for Gyöngyös...
2026-06-27 10:05:16,439 - root - INFO - Fetched weather for Gyöngyös: 34.5°C, Clear, humidity: 30%
2026-06-27 10:05:17,541 - root - INFO - [563/1205] Fetching weather for Erdőtelek...
2026-06-27 10:05:17,629 - root - INFO - Fetched weather for Erdőtelek: 32.5°C, Clear, humidity: 32%
2026-06-27 10:05:18,731 - root - INFO - [564/1205] Fetching weather for Heves...
2026-06-27 10:05:18,830 - root - INFO - Fetched weather for Heves: 32.6°C, Clear, humidity: 31%
2026-06-27 10:05:19,932 - root - INFO - [565/1205] Fetching weather for Hevesvezekény...
2026-06-27 10:05:20,042 - root - INFO - Fetched weather for Hevesvezekény: 32.7°C, Clear, humidity: 31%
2026-06-27 10:05:21,143 - root - INFO - [566/1205] Fetching weather for Tarnaszentmiklós...
2026-06-27 10:05:21,233 - root - INFO - Fetched weather for Tarnaszentmiklós: 32.7°C, Clear, humidity: 31%
2026-06-27 10:05:22,335 - root - INFO - [567/1205] Fetching weather for Kisköre...
2026-06-27 10:05:22,435 - root - INFO - Fetched weather for Kisköre: 32.7°C, Clear, humidity: 31%
2026-06-27 10:05:23,537 - root - INFO - [568/1205] Fetching weather for Abádszalók...
2026-06-27 10:05:23,630 - root - INFO - Fetched weather for Abádszalók: 32.7°C, Clear, humidity: 31%
2026-06-27 10:05:24,732 - root - INFO - [569/1205] Fetching weather for Kunhegyes...
2026-06-27 10:05:24,832 - root - INFO - Fetched weather for Kunhegyes: 32.8°C, Clear, humidity: 30%
2026-06-27 10:05:25,933 - root - INFO - [570/1205] Fetching weather for Kenderes...
2026-06-27 10:05:26,032 - root - INFO - Fetched weather for Kenderes: 33.2°C, Clear, humidity: 28%
2026-06-27 10:05:27,134 - root - INFO - [571/1205] Fetching weather for Maklár...
2026-06-27 10:05:27,233 - root - INFO - Fetched weather for Maklár: 32.3°C, Clear, humidity: 34%
2026-06-27 10:05:28,334 - root - INFO - [572/1205] Fetching weather for Andornaktálya...
2026-06-27 10:05:28,498 - root - INFO - Fetched weather for Andornaktálya: 35.0°C, Clear, humidity: 35%
2026-06-27 10:05:29,600 - root - INFO - [573/1205] Fetching weather for Eger...
2026-06-27 10:05:29,731 - root - INFO - Fetched weather for Eger: 34.4°C, Clear, humidity: 35%
2026-06-27 10:05:30,833 - root - INFO - [574/1205] Fetching weather for Egervár...
2026-06-27 10:05:30,964 - root - INFO - Fetched weather for Egervár: 32.7°C, Clear, humidity: 36%
2026-06-27 10:05:32,066 - root - INFO - [575/1205] Fetching weather for Eger-Felnémet...
2026-06-27 10:05:32,200 - root - INFO - Fetched weather for Eger-Felnémet: 32.7°C, Clear, humidity: 36%
2026-06-27 10:05:33,302 - root - INFO - [576/1205] Fetching weather for Szarvaskő...
2026-06-27 10:05:33,401 - root - INFO - Fetched weather for Szarvaskő: 32.2°C, Clear, humidity: 37%
2026-06-27 10:05:34,503 - root - INFO - [577/1205] Fetching weather for Mónosbél...
2026-06-27 10:05:34,628 - root - INFO - Fetched weather for Mónosbél: 32.1°C, Clear, humidity: 37%
2026-06-27 10:05:35,730 - root - INFO - [578/1205] Fetching weather for Bélapátfalva...
2026-06-27 10:05:35,828 - root - INFO - Fetched weather for Bélapátfalva: 31.8°C, Clear, humidity: 37%
2026-06-27 10:05:36,929 - root - INFO - [579/1205] Fetching weather for Bélapátfalvi Cementgyár...
2026-06-27 10:05:37,031 - root - INFO - Fetched weather for Bélapátfalvi Cementgyár: 31.7°C, Clear, humidity: 37%
2026-06-27 10:05:38,133 - root - INFO - [580/1205] Fetching weather for Szilvásvárad...
2026-06-27 10:05:38,227 - root - INFO - Fetched weather for Szilvásvárad: 31.6°C, Clear, humidity: 38%
2026-06-27 10:05:39,329 - root - INFO - [581/1205] Fetching weather for Hejőkeresztúr...
2026-06-27 10:05:39,429 - root - INFO - Fetched weather for Hejőkeresztúr: 35.2°C, Clear, humidity: 35%
2026-06-27 10:05:40,530 - root - INFO - [582/1205] Fetching weather for Tiszaújváros...
2026-06-27 10:05:40,625 - root - INFO - Fetched weather for Tiszaújváros: 35.3°C, Clear, humidity: 36%
2026-06-27 10:05:41,726 - root - INFO - [583/1205] Fetching weather for Miskolc-Gömöri...
2026-06-27 10:05:41,814 - root - INFO - Fetched weather for Miskolc-Gömöri: 33.0°C, Clear, humidity: 55%
2026-06-27 10:05:42,915 - root - INFO - [584/1205] Fetching weather for Sajókeresztúr...
2026-06-27 10:05:43,014 - root - INFO - Fetched weather for Sajókeresztúr: 33.0°C, Clear, humidity: 55%
2026-06-27 10:05:44,116 - root - INFO - [585/1205] Fetching weather for Sajóecseg...
2026-06-27 10:05:44,212 - root - INFO - Fetched weather for Sajóecseg: 33.0°C, Clear, humidity: 55%
2026-06-27 10:05:45,314 - root - INFO - [586/1205] Fetching weather for Sajószentpéter...
2026-06-27 10:05:45,406 - root - INFO - Fetched weather for Sajószentpéter: 32.9°C, Clear, humidity: 55%
2026-06-27 10:05:46,508 - root - INFO - [587/1205] Fetching weather for Kazincbarcika...
2026-06-27 10:05:46,605 - root - INFO - Fetched weather for Kazincbarcika: 32.9°C, Clear, humidity: 40%
2026-06-27 10:05:47,706 - root - INFO - [588/1205] Fetching weather for Sajókaza...
2026-06-27 10:05:47,793 - root - INFO - Fetched weather for Sajókaza: 32.9°C, Clear, humidity: 39%
2026-06-27 10:05:48,895 - root - INFO - [589/1205] Fetching weather for Vadna...
2026-06-27 10:05:48,998 - root - INFO - Fetched weather for Vadna: 32.9°C, Clear, humidity: 39%
2026-06-27 10:05:50,099 - root - INFO - [590/1205] Fetching weather for Dubicsány...
2026-06-27 10:05:50,201 - root - INFO - Fetched weather for Dubicsány: 32.9°C, Clear, humidity: 38%
2026-06-27 10:05:51,303 - root - INFO - [591/1205] Fetching weather for Raposka...
2026-06-27 10:05:51,415 - root - INFO - Fetched weather for Raposka: 33.9°C, Clear, humidity: 33%
2026-06-27 10:05:52,516 - root - INFO - [592/1205] Fetching weather for Ivacs...
2026-06-27 10:05:52,615 - root - INFO - Fetched weather for Ivacs: 35.7°C, Clear, humidity: 32%
2026-06-27 10:05:53,717 - root - INFO - [593/1205] Fetching weather for Kisköre-Tiszahíd...
2026-06-27 10:05:53,807 - root - INFO - Fetched weather for Kisköre-Tiszahíd: 35.0°C, Clear, humidity: 40%
2026-06-27 10:05:54,908 - root - INFO - [594/1205] Fetching weather for Rozsály...
2026-06-27 10:05:55,018 - root - INFO - Fetched weather for Rozsály: 32.8°C, Clear, humidity: 37%
2026-06-27 10:05:56,119 - root - INFO - [595/1205] Fetching weather for Pusztakettős...
2026-06-27 10:05:56,215 - root - INFO - Fetched weather for Pusztakettős: 35.0°C, Clear, humidity: 40%
2026-06-27 10:05:57,316 - root - INFO - [596/1205] Fetching weather for Kisvác...
2026-06-27 10:05:57,412 - root - INFO - Fetched weather for Kisvác: 36.0°C, Clear, humidity: 32%
2026-06-27 10:05:58,514 - root - INFO - [597/1205] Fetching weather for Tiszafüred-Gyártelep...
2026-06-27 10:05:58,610 - root - INFO - Fetched weather for Tiszafüred-Gyártelep: 35.0°C, Clear, humidity: 40%
2026-06-27 10:05:59,712 - root - INFO - [598/1205] Fetching weather for Újkenéz...
2026-06-27 10:05:59,802 - root - INFO - Fetched weather for Újkenéz: 31.3°C, Clear, humidity: 35%
2026-06-27 10:06:00,904 - root - INFO - [599/1205] Fetching weather for Püspökladány-Vásártér...
2026-06-27 10:06:01,011 - root - INFO - Fetched weather for Püspökladány-Vásártér: 33.0°C, Clear, humidity: 29%
2026-06-27 10:06:02,113 - root - INFO - [600/1205] Fetching weather for Végegyháza alsó...
2026-06-27 10:06:02,212 - root - INFO - Fetched weather for Végegyháza alsó: 35.6°C, Clear, humidity: 30%
2026-06-27 10:06:03,313 - root - INFO - [601/1205] Fetching weather for Orosháza felső...
2026-06-27 10:06:03,402 - root - INFO - Fetched weather for Orosháza felső: 34.8°C, Clear, humidity: 26%
2026-06-27 10:06:04,504 - root - INFO - [602/1205] Fetching weather for Ambrózfalva...
2026-06-27 10:06:04,608 - root - INFO - Fetched weather for Ambrózfalva: 34.0°C, Clear, humidity: 30%
2026-06-27 10:06:05,709 - root - INFO - [603/1205] Fetching weather for Alsónyék...
2026-06-27 10:06:05,797 - root - INFO - Fetched weather for Alsónyék: 36.4°C, Clear, humidity: 25%
2026-06-27 10:06:06,899 - root - INFO - [604/1205] Fetching weather for Tompapuszta...
2026-06-27 10:06:06,996 - root - INFO - Fetched weather for Tompapuszta: 35.6°C, Clear, humidity: 100%
2026-06-27 10:06:08,097 - root - INFO - [605/1205] Fetching weather for Halászlak...
2026-06-27 10:06:08,187 - root - INFO - Fetched weather for Halászlak: 34.3°C, Clear, humidity: 25%
2026-06-27 10:06:09,288 - root - INFO - [606/1205] Fetching weather for Sirató...
2026-06-27 10:06:09,383 - root - INFO - Fetched weather for Sirató: 34.5°C, Clear, humidity: 25%
2026-06-27 10:06:10,484 - root - INFO - [607/1205] Fetching weather for Csabacsűd felső...
2026-06-27 10:06:10,579 - root - INFO - Fetched weather for Csabacsűd felső: 34.5°C, Clear, humidity: 25%
2026-06-27 10:06:11,680 - root - INFO - [608/1205] Fetching weather for Orosháza-Üveggyár...
2026-06-27 10:06:11,771 - root - INFO - Fetched weather for Orosháza-Üveggyár: 34.7°C, Clear, humidity: 26%
2026-06-27 10:06:12,873 - root - INFO - [609/1205] Fetching weather for Gyulai városerdő...
2026-06-27 10:06:12,992 - root - INFO - Fetched weather for Gyulai városerdő: 36.6°C, Clear, humidity: 25%
2026-06-27 10:06:14,094 - root - INFO - [610/1205] Fetching weather for Kórógyszentgyörgy...
2026-06-27 10:06:14,193 - root - INFO - Fetched weather for Kórógyszentgyörgy: 33.9°C, Clear, humidity: 26%
2026-06-27 10:06:15,295 - root - INFO - [611/1205] Fetching weather for Kunszállás...
2026-06-27 10:06:15,386 - root - INFO - Fetched weather for Kunszállás: 37.4°C, Clear, humidity: 21%
2026-06-27 10:06:16,488 - root - INFO - [612/1205] Fetching weather for Selymes...
2026-06-27 10:06:16,598 - root - INFO - Fetched weather for Selymes: 37.8°C, Clear, humidity: 26%
2026-06-27 10:06:17,700 - root - INFO - [613/1205] Fetching weather for Petőfiszállási tanyák...
2026-06-27 10:06:17,800 - root - INFO - Fetched weather for Petőfiszállási tanyák: 37.6°C, Clear, humidity: 22%
2026-06-27 10:06:18,902 - root - INFO - [614/1205] Fetching weather for Kisteleki szőlők...
2026-06-27 10:06:19,007 - root - INFO - Fetched weather for Kisteleki szőlők: 37.4°C, Clear, humidity: 23%
2026-06-27 10:06:20,108 - root - INFO - [615/1205] Fetching weather for Kapitányság...
2026-06-27 10:06:20,199 - root - INFO - Fetched weather for Kapitányság: 37.2°C, Clear, humidity: 26%
2026-06-27 10:06:21,301 - root - INFO - [616/1205] Fetching weather for Őszeszék...
2026-06-27 10:06:21,608 - root - INFO - Fetched weather for Őszeszék: 37.3°C, Clear, humidity: 26%
2026-06-27 10:06:22,710 - root - INFO - [617/1205] Fetching weather for Vilmaszállás...
2026-06-27 10:06:22,851 - root - INFO - Fetched weather for Vilmaszállás: 37.2°C, Clear, humidity: 26%
2026-06-27 10:06:23,953 - root - INFO - [618/1205] Fetching weather for Jánosszállás...
2026-06-27 10:06:24,068 - root - INFO - Fetched weather for Jánosszállás: 37.3°C, Clear, humidity: 26%
2026-06-27 10:06:25,170 - root - INFO - [619/1205] Fetching weather for Felsőpakony...
2026-06-27 10:06:25,275 - root - INFO - Fetched weather for Felsőpakony: 37.0°C, Clear, humidity: 30%
2026-06-27 10:06:26,377 - root - INFO - [620/1205] Fetching weather for Felsőméntelek...
2026-06-27 10:06:26,478 - root - INFO - Fetched weather for Felsőméntelek: 35.5°C, Clear, humidity: 41%
2026-06-27 10:06:27,580 - root - INFO - [621/1205] Fetching weather for Alsóméntelek...
2026-06-27 10:06:27,684 - root - INFO - Fetched weather for Alsóméntelek: 35.5°C, Clear, humidity: 41%
2026-06-27 10:06:28,786 - root - INFO - [622/1205] Fetching weather for Nagynyír...
2026-06-27 10:06:28,883 - root - INFO - Fetched weather for Nagynyír: 35.5°C, Clear, humidity: 41%
2026-06-27 10:06:29,985 - root - INFO - [623/1205] Fetching weather for Úrihegy...
2026-06-27 10:06:30,100 - root - INFO - Fetched weather for Úrihegy: 35.5°C, Clear, humidity: 41%
2026-06-27 10:06:31,201 - root - INFO - [624/1205] Fetching weather for Miklóstelep...
2026-06-27 10:06:31,302 - root - INFO - Fetched weather for Miklóstelep: 35.5°C, Clear, humidity: 41%
2026-06-27 10:06:32,404 - root - INFO - [625/1205] Fetching weather for Tiszajenő alsó...
2026-06-27 10:06:32,498 - root - INFO - Fetched weather for Tiszajenő alsó: 36.1°C, Clear, humidity: 36%
2026-06-27 10:06:33,600 - root - INFO - [626/1205] Fetching weather for Óbög...
2026-06-27 10:06:33,689 - root - INFO - Fetched weather for Óbög: 36.1°C, Clear, humidity: 36%
2026-06-27 10:06:34,790 - root - INFO - [627/1205] Fetching weather for Árpádszállás...
2026-06-27 10:06:34,885 - root - INFO - Fetched weather for Árpádszállás: 37.2°C, Clear, humidity: 22%
2026-06-27 10:06:35,987 - root - INFO - [628/1205] Fetching weather for Tőserdő...
2026-06-27 10:06:36,076 - root - INFO - Fetched weather for Tőserdő: 37.2°C, Clear, humidity: 22%
2026-06-27 10:06:37,178 - root - INFO - [629/1205] Fetching weather for Tiszaalpár felső...
2026-06-27 10:06:37,284 - root - INFO - Fetched weather for Tiszaalpár felső: 37.5°C, Clear, humidity: 22%
2026-06-27 10:06:38,386 - root - INFO - [630/1205] Fetching weather for Borsihalom...
2026-06-27 10:06:38,477 - root - INFO - Fetched weather for Borsihalom: 37.5°C, Clear, humidity: 22%
2026-06-27 10:06:39,578 - root - INFO - [631/1205] Fetching weather for Petőfiváros...
2026-06-27 10:06:39,669 - root - INFO - Fetched weather for Petőfiváros: 37.5°C, Clear, humidity: 22%
2026-06-27 10:06:40,771 - root - INFO - [632/1205] Fetching weather for Csorna...
2026-06-27 10:06:40,870 - root - INFO - Fetched weather for Csorna: 34.4°C, Clear, humidity: 26%
2026-06-27 10:06:41,972 - root - INFO - [633/1205] Fetching weather for Szorgalmatos...
2026-06-27 10:06:42,064 - root - INFO - Fetched weather for Szorgalmatos: 32.1°C, Clear, humidity: 38%
2026-06-27 10:06:43,166 - root - INFO - [634/1205] Fetching weather for Fótfürdő...
2026-06-27 10:06:43,262 - root - INFO - Fetched weather for Fótfürdő: 35.6°C, Clear, humidity: 31%
2026-06-27 10:06:44,364 - root - INFO - [635/1205] Fetching weather for Fenyveshegy...
2026-06-27 10:06:44,458 - root - INFO - Fetched weather for Fenyveshegy: 36.1°C, Clear, humidity: 32%
2026-06-27 10:06:45,560 - root - INFO - [636/1205] Fetching weather for Hűvösvölgy...
2026-06-27 10:06:45,650 - root - INFO - Fetched weather for Hűvösvölgy: 34.2°C, Clear, humidity: 35%
2026-06-27 10:06:46,752 - root - INFO - [637/1205] Fetching weather for Hárshegy...
2026-06-27 10:06:46,842 - root - INFO - Fetched weather for Hárshegy: 34.2°C, Clear, humidity: 35%
2026-06-27 10:06:47,944 - root - INFO - [638/1205] Fetching weather for Szépjuhászné...
2026-06-27 10:06:48,036 - root - INFO - Fetched weather for Szépjuhászné: 33.1°C, Clear, humidity: 36%
2026-06-27 10:06:49,137 - root - INFO - [639/1205] Fetching weather for Jánoshegy...
2026-06-27 10:06:49,238 - root - INFO - Fetched weather for Jánoshegy: 32.8°C, Clear, humidity: 37%
2026-06-27 10:06:50,339 - root - INFO - [640/1205] Fetching weather for Virágvölgy...
2026-06-27 10:06:50,430 - root - INFO - Fetched weather for Virágvölgy: 32.5°C, Clear, humidity: 36%
2026-06-27 10:06:51,532 - root - INFO - [641/1205] Fetching weather for Csillebérc...
2026-06-27 10:06:51,623 - root - INFO - Fetched weather for Csillebérc: 32.4°C, Clear, humidity: 36%
2026-06-27 10:06:52,725 - root - INFO - [642/1205] Fetching weather for Normafa...
2026-06-27 10:06:52,820 - root - INFO - Fetched weather for Normafa: 32.4°C, Clear, humidity: 36%
2026-06-27 10:06:53,922 - root - INFO - [643/1205] Fetching weather for Széchenyihegy...
2026-06-27 10:06:54,030 - root - INFO - Fetched weather for Széchenyihegy: 32.6°C, Clear, humidity: 35%
2026-06-27 10:06:55,132 - root - INFO - [644/1205] Fetching weather for Balatonfőkajár felső...
2026-06-27 10:06:55,229 - root - INFO - Fetched weather for Balatonfőkajár felső: 34.6°C, Clear, humidity: 60%
2026-06-27 10:06:56,331 - root - INFO - [645/1205] Fetching weather for Piroska...
2026-06-27 10:06:56,426 - root - INFO - Fetched weather for Piroska: 36.1°C, Clear, humidity: 36%
2026-06-27 10:06:57,527 - root - INFO - [646/1205] Fetching weather for Somodor...
2026-06-27 10:06:57,617 - root - INFO - Fetched weather for Somodor: 35.7°C, Clear, humidity: 23%
2026-06-27 10:06:58,718 - root - INFO - [647/1205] Fetching weather for Középmező...
2026-06-27 10:06:58,817 - root - INFO - Fetched weather for Középmező: 36.4°C, Clear, humidity: 28%
2026-06-27 10:06:59,919 - root - INFO - [648/1205] Fetching weather for Jobbágyi...
2026-06-27 10:07:00,012 - root - INFO - Fetched weather for Jobbágyi: 34.7°C, Clear, humidity: 32%
2026-06-27 10:07:01,114 - root - INFO - [649/1205] Fetching weather for Ferihegy...
2026-06-27 10:07:01,203 - root - INFO - Fetched weather for Ferihegy: 36.4°C, Clear, humidity: 30%
2026-06-27 10:07:02,305 - root - INFO - [650/1205] Fetching weather for Máriapócs...
2026-06-27 10:07:02,409 - root - INFO - Fetched weather for Máriapócs: 31.5°C, Clear, humidity: 32%
2026-06-27 10:07:03,511 - root - INFO - [651/1205] Fetching weather for Máriaudvar...
2026-06-27 10:07:03,601 - root - INFO - Fetched weather for Máriaudvar: 36.1°C, Clear, humidity: 31%
2026-06-27 10:07:04,703 - root - INFO - [652/1205] Fetching weather for Nagyberki...
2026-06-27 10:07:04,801 - root - INFO - Fetched weather for Nagyberki: 35.9°C, Clear, humidity: 24%
2026-06-27 10:07:05,903 - root - INFO - [653/1205] Fetching weather for Badacsonytomaj...
2026-06-27 10:07:05,996 - root - INFO - Fetched weather for Badacsonytomaj: 32.7°C, Clear, humidity: 37%
2026-06-27 10:07:07,098 - root - INFO - [654/1205] Fetching weather for Badacsony...
2026-06-27 10:07:07,187 - root - INFO - Fetched weather for Badacsony: 32.9°C, Clear, humidity: 37%
2026-06-27 10:07:08,289 - root - INFO - [655/1205] Fetching weather for Badacsonylábdihegy...
2026-06-27 10:07:08,380 - root - INFO - Fetched weather for Badacsonylábdihegy: 32.9°C, Clear, humidity: 37%
2026-06-27 10:07:09,482 - root - INFO - [656/1205] Fetching weather for Badacsonytördemic-Szigliget...
2026-06-27 10:07:09,571 - root - INFO - Fetched weather for Badacsonytördemic-Szigliget: 33.0°C, Clear, humidity: 37%
2026-06-27 10:07:10,673 - root - INFO - [657/1205] Fetching weather for Nemesgulács-Kisapáti...
2026-06-27 10:07:10,769 - root - INFO - Fetched weather for Nemesgulács-Kisapáti: 33.1°C, Clear, humidity: 36%
2026-06-27 10:07:11,871 - root - INFO - [658/1205] Fetching weather for Tapolca...
2026-06-27 10:07:11,962 - root - INFO - Fetched weather for Tapolca: 34.0°C, Clear, humidity: 33%
2026-06-27 10:07:13,063 - root - INFO - [659/1205] Fetching weather for Uzsabánya alsó...
2026-06-27 10:07:13,154 - root - INFO - Fetched weather for Uzsabánya alsó: 33.6°C, Clear, humidity: 29%
2026-06-27 10:07:14,256 - root - INFO - [660/1205] Fetching weather for Uzsa...
2026-06-27 10:07:14,349 - root - INFO - Fetched weather for Uzsa: 34.5°C, Clear, humidity: 29%
2026-06-27 10:07:15,451 - root - INFO - [661/1205] Fetching weather for Sümegi Bazaltbánya...
2026-06-27 10:07:15,542 - root - INFO - Fetched weather for Sümegi Bazaltbánya: 34.8°C, Clear, humidity: 28%
2026-06-27 10:07:16,643 - root - INFO - [662/1205] Fetching weather for Sümeg...
2026-06-27 10:07:16,741 - root - INFO - Fetched weather for Sümeg: 35.2°C, Clear, humidity: 26%
2026-06-27 10:07:17,843 - root - INFO - [663/1205] Fetching weather for Gógánfa...
2026-06-27 10:07:17,932 - root - INFO - Fetched weather for Gógánfa: 35.3°C, Clear, humidity: 26%
2026-06-27 10:07:19,033 - root - INFO - [664/1205] Fetching weather for Ukk...
2026-06-27 10:07:19,123 - root - INFO - Fetched weather for Ukk: 35.4°C, Clear, humidity: 26%
2026-06-27 10:07:20,225 - root - INFO - [665/1205] Fetching weather for Nemeskeresztúr...
2026-06-27 10:07:20,322 - root - INFO - Fetched weather for Nemeskeresztúr: 35.3°C, Clear, humidity: 25%
2026-06-27 10:07:21,423 - root - INFO - [666/1205] Fetching weather for Jánosháza...
2026-06-27 10:07:21,519 - root - INFO - Fetched weather for Jánosháza: 35.4°C, Clear, humidity: 25%
2026-06-27 10:07:22,620 - root - INFO - [667/1205] Fetching weather for Keszthely...
2026-06-27 10:07:23,691 - root - INFO - Fetched weather for Keszthely: 35.1°C, Clear, humidity: 27%
2026-06-27 10:07:24,793 - root - INFO - [668/1205] Fetching weather for Alsógyenes...
2026-06-27 10:07:25,896 - root - INFO - Fetched weather for Alsógyenes: 34.8°C, Clear, humidity: 29%
2026-06-27 10:07:26,998 - root - INFO - [669/1205] Fetching weather for Gyenesdiás...
2026-06-27 10:07:27,093 - root - INFO - Fetched weather for Gyenesdiás: 34.8°C, Clear, humidity: 29%
2026-06-27 10:07:28,194 - root - INFO - [670/1205] Fetching weather for Vonyarcvashegy...
2026-06-27 10:07:28,314 - root - INFO - Fetched weather for Vonyarcvashegy: 33.9°C, Clear, humidity: 30%
2026-06-27 10:07:29,416 - root - INFO - [671/1205] Fetching weather for Balatongyörök...
2026-06-27 10:07:29,506 - root - INFO - Fetched weather for Balatongyörök: 34.1°C, Clear, humidity: 32%
2026-06-27 10:07:30,607 - root - INFO - [672/1205] Fetching weather for Becehegy...
2026-06-27 10:07:30,703 - root - INFO - Fetched weather for Becehegy: 33.0°C, Clear, humidity: 32%
2026-06-27 10:07:31,805 - root - INFO - [673/1205] Fetching weather for Balatonederics...
2026-06-27 10:07:31,900 - root - INFO - Fetched weather for Balatonederics: 33.0°C, Clear, humidity: 32%
2026-06-27 10:07:33,002 - root - INFO - [674/1205] Fetching weather for Dabronc...
2026-06-27 10:07:33,091 - root - INFO - Fetched weather for Dabronc: 35.3°C, Clear, humidity: 26%
2026-06-27 10:07:34,192 - root - INFO - [675/1205] Fetching weather for Türje...
2026-06-27 10:07:34,281 - root - INFO - Fetched weather for Türje: 35.3°C, Clear, humidity: 26%
2026-06-27 10:07:35,383 - root - INFO - [676/1205] Fetching weather for Zalabér-Batyk...
2026-06-27 10:07:35,477 - root - INFO - Fetched weather for Zalabér-Batyk: 35.3°C, Clear, humidity: 27%
2026-06-27 10:07:36,578 - root - INFO - [677/1205] Fetching weather for Pakod...
2026-06-27 10:07:36,666 - root - INFO - Fetched weather for Pakod: 35.2°C, Clear, humidity: 28%
2026-06-27 10:07:37,768 - root - INFO - [678/1205] Fetching weather for Pókaszepetk...
2026-06-27 10:07:37,868 - root - INFO - Fetched weather for Pókaszepetk: 35.2°C, Clear, humidity: 28%
2026-06-27 10:07:38,970 - root - INFO - [679/1205] Fetching weather for Kemendollár...
2026-06-27 10:07:39,064 - root - INFO - Fetched weather for Kemendollár: 34.9°C, Clear, humidity: 28%
2026-06-27 10:07:40,166 - root - INFO - [680/1205] Fetching weather for Zalaegerszeg...
2026-06-27 10:07:40,256 - root - INFO - Fetched weather for Zalaegerszeg: 34.7°C, Clear, humidity: 30%
2026-06-27 10:07:41,357 - root - INFO - [681/1205] Fetching weather for Bocfölde...
2026-06-27 10:07:41,449 - root - INFO - Fetched weather for Bocfölde: 34.6°C, Clear, humidity: 31%
2026-06-27 10:07:42,550 - root - INFO - [682/1205] Fetching weather for Sárhida...
2026-06-27 10:07:42,644 - root - INFO - Fetched weather for Sárhida: 33.8°C, Clear, humidity: 32%
2026-06-27 10:07:43,746 - root - INFO - [683/1205] Fetching weather for Bak...
2026-06-27 10:07:43,856 - root - INFO - Fetched weather for Bak: 34.1°C, Clear, humidity: 32%
2026-06-27 10:07:44,958 - root - INFO - [684/1205] Fetching weather for Tófej...
2026-06-27 10:07:45,054 - root - INFO - Fetched weather for Tófej: 33.9°C, Clear, humidity: 33%
2026-06-27 10:07:46,156 - root - INFO - [685/1205] Fetching weather for Gutorfölde...
2026-06-27 10:07:46,249 - root - INFO - Fetched weather for Gutorfölde: 34.0°C, Clear, humidity: 34%
2026-06-27 10:07:47,351 - root - INFO - [686/1205] Fetching weather for Csömödér-Páka...
2026-06-27 10:07:47,440 - root - INFO - Fetched weather for Csömödér-Páka: 35.2°C, Clear, humidity: 36%
2026-06-27 10:07:48,541 - root - INFO - [687/1205] Fetching weather for Iklódbördőce...
2026-06-27 10:07:48,632 - root - INFO - Fetched weather for Iklódbördőce: 35.2°C, Clear, humidity: 37%
2026-06-27 10:07:49,734 - root - INFO - [688/1205] Fetching weather for Lenti...
2026-06-27 10:07:49,834 - root - INFO - Fetched weather for Lenti: 35.0°C, Clear, humidity: 38%
2026-06-27 10:07:50,935 - root - INFO - [689/1205] Fetching weather for Rédics...
2026-06-27 10:07:51,028 - root - INFO - Fetched weather for Rédics: 35.1°C, Clear, humidity: 39%
2026-06-27 10:07:52,130 - root - INFO - [690/1205] Fetching weather for Zalalövő...
2026-06-27 10:07:52,222 - root - INFO - Fetched weather for Zalalövő: 34.3°C, Clear, humidity: 34%
2026-06-27 10:07:53,324 - root - INFO - [691/1205] Fetching weather for Zalaegerszeg-Ola...
2026-06-27 10:07:53,414 - root - INFO - Fetched weather for Zalaegerszeg-Ola: 34.7°C, Clear, humidity: 30%
2026-06-27 10:07:54,516 - root - INFO - [692/1205] Fetching weather for Andráshida...
2026-06-27 10:07:54,609 - root - INFO - Fetched weather for Andráshida: 34.7°C, Clear, humidity: 30%
2026-06-27 10:07:55,711 - root - INFO - [693/1205] Fetching weather for Bagod...
2026-06-27 10:07:55,821 - root - INFO - Fetched weather for Bagod: 34.8°C, Clear, humidity: 30%
2026-06-27 10:07:56,923 - root - INFO - [694/1205] Fetching weather for Zalaszentgyörgy...
2026-06-27 10:07:57,017 - root - INFO - Fetched weather for Zalaszentgyörgy: 34.7°C, Clear, humidity: 31%
2026-06-27 10:07:58,118 - root - INFO - [695/1205] Fetching weather for Zalacséb-Salomvár...
2026-06-27 10:07:58,209 - root - INFO - Fetched weather for Zalacséb-Salomvár: 34.5°C, Clear, humidity: 31%
2026-06-27 10:07:59,311 - root - INFO - [696/1205] Fetching weather for Kópháza...
2026-06-27 10:07:59,401 - root - INFO - Fetched weather for Kópháza: 34.0°C, Clear, humidity: 32%
2026-06-27 10:08:00,503 - root - INFO - [697/1205] Fetching weather for Nagycenk...
2026-06-27 10:08:00,600 - root - INFO - Fetched weather for Nagycenk: 34.1°C, Clear, humidity: 31%
2026-06-27 10:08:01,701 - root - INFO - [698/1205] Fetching weather for Sopronkövesd...
2026-06-27 10:08:01,801 - root - INFO - Fetched weather for Sopronkövesd: 35.7°C, Clear, humidity: 32%
2026-06-27 10:08:02,903 - root - INFO - [699/1205] Fetching weather for Lövő...
2026-06-27 10:08:02,995 - root - INFO - Fetched weather for Lövő: 35.8°C, Clear, humidity: 32%
2026-06-27 10:08:04,097 - root - INFO - [700/1205] Fetching weather for Újkér...
2026-06-27 10:08:04,188 - root - INFO - Fetched weather for Újkér: 35.8°C, Clear, humidity: 32%
2026-06-27 10:08:05,290 - root - INFO - [701/1205] Fetching weather for Bük...
2026-06-27 10:08:05,389 - root - INFO - Fetched weather for Bük: 35.8°C, Clear, humidity: 32%
2026-06-27 10:08:06,491 - root - INFO - [702/1205] Fetching weather for Acsád...
2026-06-27 10:08:06,584 - root - INFO - Fetched weather for Acsád: 35.6°C, Clear, humidity: 32%
2026-06-27 10:08:07,686 - root - INFO - [703/1205] Fetching weather for Salköveskút-Vassurány...
2026-06-27 10:08:07,782 - root - INFO - Fetched weather for Salköveskút-Vassurány: 35.6°C, Clear, humidity: 32%
2026-06-27 10:08:08,884 - root - INFO - [704/1205] Fetching weather for Zalaszentiván...
2026-06-27 10:08:08,983 - root - INFO - Fetched weather for Zalaszentiván: 34.9°C, Clear, humidity: 29%
2026-06-27 10:08:10,084 - root - INFO - [705/1205] Fetching weather for Alsónemesapáti...
2026-06-27 10:08:10,178 - root - INFO - Fetched weather for Alsónemesapáti: 35.0°C, Clear, humidity: 29%
2026-06-27 10:08:11,280 - root - INFO - [706/1205] Fetching weather for Józsa...
2026-06-27 10:08:11,372 - root - INFO - Fetched weather for Józsa: 31.8°C, Clear, humidity: 31%
2026-06-27 10:08:12,474 - root - INFO - [707/1205] Fetching weather for Hajdúszentgyörgy...
2026-06-27 10:08:12,562 - root - INFO - Fetched weather for Hajdúszentgyörgy: 31.8°C, Clear, humidity: 31%
2026-06-27 10:08:13,664 - root - INFO - [708/1205] Fetching weather for Zelemér...
2026-06-27 10:08:13,765 - root - INFO - Fetched weather for Zelemér: 31.8°C, Clear, humidity: 31%
2026-06-27 10:08:14,866 - root - INFO - [709/1205] Fetching weather for Hajdúböszörmény...
2026-06-27 10:08:14,950 - root - INFO - Fetched weather for Hajdúböszörmény: 31.8°C, Clear, humidity: 32%
2026-06-27 10:08:16,052 - root - INFO - [710/1205] Fetching weather for Hajdúvid...
2026-06-27 10:08:16,141 - root - INFO - Fetched weather for Hajdúvid: 31.6°C, Clear, humidity: 33%
2026-06-27 10:08:17,243 - root - INFO - [711/1205] Fetching weather for Hajdúdorog...
2026-06-27 10:08:17,335 - root - INFO - Fetched weather for Hajdúdorog: 31.5°C, Clear, humidity: 34%
2026-06-27 10:08:18,437 - root - INFO - [712/1205] Fetching weather for Hajdúnánás...
2026-06-27 10:08:18,526 - root - INFO - Fetched weather for Hajdúnánás: 31.5°C, Clear, humidity: 34%
2026-06-27 10:08:19,628 - root - INFO - [713/1205] Fetching weather for Hajdúnánás-Vásártér...
2026-06-27 10:08:19,729 - root - INFO - Fetched weather for Hajdúnánás-Vásártér: 31.5°C, Clear, humidity: 34%
2026-06-27 10:08:20,831 - root - INFO - [714/1205] Fetching weather for Tedej...
2026-06-27 10:08:20,921 - root - INFO - Fetched weather for Tedej: 32.1°C, Clear, humidity: 36%
2026-06-27 10:08:22,022 - root - INFO - [715/1205] Fetching weather for Tiszavasvári...
2026-06-27 10:08:22,112 - root - INFO - Fetched weather for Tiszavasvári: 32.1°C, Clear, humidity: 38%
2026-06-27 10:08:23,214 - root - INFO - [716/1205] Fetching weather for Egyházerdő...
2026-06-27 10:08:23,303 - root - INFO - Fetched weather for Egyházerdő: 32.1°C, Clear, humidity: 38%
2026-06-27 10:08:24,404 - root - INFO - [717/1205] Fetching weather for Tiszalök...
2026-06-27 10:08:24,500 - root - INFO - Fetched weather for Tiszalök: 32.1°C, Clear, humidity: 38%
2026-06-27 10:08:25,602 - root - INFO - [718/1205] Fetching weather for Hajnalos...
2026-06-27 10:08:25,698 - root - INFO - Fetched weather for Hajnalos: 32.1°C, Clear, humidity: 38%
2026-06-27 10:08:26,800 - root - INFO - [719/1205] Fetching weather for Kisfástanya...
2026-06-27 10:08:26,890 - root - INFO - Fetched weather for Kisfástanya: 32.1°C, Clear, humidity: 38%
2026-06-27 10:08:27,991 - root - INFO - [720/1205] Fetching weather for Tiszaeszlár...
2026-06-27 10:08:28,086 - root - INFO - Fetched weather for Tiszaeszlár: 32.1°C, Clear, humidity: 38%
2026-06-27 10:08:29,188 - root - INFO - [721/1205] Fetching weather for Bashalom...
2026-06-27 10:08:29,277 - root - INFO - Fetched weather for Bashalom: 32.0°C, Clear, humidity: 38%
2026-06-27 10:08:30,378 - root - INFO - [722/1205] Fetching weather for Sáránd...
2026-06-27 10:08:30,468 - root - INFO - Fetched weather for Sáránd: 32.6°C, Clear, humidity: 30%
2026-06-27 10:08:31,569 - root - INFO - [723/1205] Fetching weather for Derecske...
2026-06-27 10:08:31,670 - root - INFO - Fetched weather for Derecske: 32.7°C, Clear, humidity: 30%
2026-06-27 10:08:32,771 - root - INFO - [724/1205] Fetching weather for Derecske-Vásártér...
2026-06-27 10:08:32,862 - root - INFO - Fetched weather for Derecske-Vásártér: 32.7°C, Clear, humidity: 30%
2026-06-27 10:08:33,964 - root - INFO - [725/1205] Fetching weather for Konyár...
2026-06-27 10:08:34,058 - root - INFO - Fetched weather for Konyár: 32.9°C, Clear, humidity: 29%
2026-06-27 10:08:35,160 - root - INFO - [726/1205] Fetching weather for Konyári Sóstófürdő...
2026-06-27 10:08:35,248 - root - INFO - Fetched weather for Konyári Sóstófürdő: 32.9°C, Clear, humidity: 30%
2026-06-27 10:08:36,350 - root - INFO - [727/1205] Fetching weather for Pocsaj-Esztár...
2026-06-27 10:08:36,451 - root - INFO - Fetched weather for Pocsaj-Esztár: 34.1°C, Clear, humidity: 30%
2026-06-27 10:08:37,552 - root - INFO - [728/1205] Fetching weather for Kismarja...
2026-06-27 10:08:37,651 - root - INFO - Fetched weather for Kismarja: 34.1°C, Clear, humidity: 29%
2026-06-27 10:08:38,752 - root - INFO - [729/1205] Fetching weather for Nagykereki...
2026-06-27 10:08:38,855 - root - INFO - Fetched weather for Nagykereki: 34.1°C, Clear, humidity: 30%
2026-06-27 10:08:39,956 - root - INFO - [730/1205] Fetching weather for Debrecen-Szabadságtelep...
2026-06-27 10:08:40,047 - root - INFO - Fetched weather for Debrecen-Szabadságtelep: 32.1°C, Clear, humidity: 31%
2026-06-27 10:08:41,149 - root - INFO - [731/1205] Fetching weather for Kondoroskert...
2026-06-27 10:08:41,251 - root - INFO - Fetched weather for Kondoroskert: 32.1°C, Clear, humidity: 31%
2026-06-27 10:08:42,353 - root - INFO - [732/1205] Fetching weather for Nagycsere...
2026-06-27 10:08:42,460 - root - INFO - Fetched weather for Nagycsere: 32.1°C, Clear, humidity: 31%
2026-06-27 10:08:43,562 - root - INFO - [733/1205] Fetching weather for Haláp...
2026-06-27 10:08:43,667 - root - INFO - Fetched weather for Haláp: 32.1°C, Clear, humidity: 31%
2026-06-27 10:08:44,769 - root - INFO - [734/1205] Fetching weather for Vámospércs...
2026-06-27 10:08:44,859 - root - INFO - Fetched weather for Vámospércs: 32.1°C, Clear, humidity: 32%
2026-06-27 10:08:45,960 - root - INFO - [735/1205] Fetching weather for Szentannapuszta...
2026-06-27 10:08:46,056 - root - INFO - Fetched weather for Szentannapuszta: 32.1°C, Clear, humidity: 32%
2026-06-27 10:08:47,157 - root - INFO - [736/1205] Fetching weather for Nyírábrány...
2026-06-27 10:08:47,246 - root - INFO - Fetched weather for Nyírábrány: 32.1°C, Clear, humidity: 32%
2026-06-27 10:08:48,348 - root - INFO - [737/1205] Fetching weather for Dombostanya...
2026-06-27 10:08:48,444 - root - INFO - Fetched weather for Dombostanya: 31.9°C, Clear, humidity: 31%
2026-06-27 10:08:49,545 - root - INFO - [738/1205] Fetching weather for Hajdúsámson...
2026-06-27 10:08:49,642 - root - INFO - Fetched weather for Hajdúsámson: 31.9°C, Clear, humidity: 31%
2026-06-27 10:08:50,743 - root - INFO - [739/1205] Fetching weather for Tamásipuszta...
2026-06-27 10:08:50,833 - root - INFO - Fetched weather for Tamásipuszta: 31.8°C, Clear, humidity: 31%
2026-06-27 10:08:51,935 - root - INFO - [740/1205] Fetching weather for Aradványpuszta...
2026-06-27 10:08:52,027 - root - INFO - Fetched weather for Aradványpuszta: 31.8°C, Clear, humidity: 31%
2026-06-27 10:08:53,128 - root - INFO - [741/1205] Fetching weather for Nyíradony...
2026-06-27 10:08:53,217 - root - INFO - Fetched weather for Nyíradony: 31.7°C, Clear, humidity: 32%
2026-06-27 10:08:54,318 - root - INFO - [742/1205] Fetching weather for Nyírmihálydi...
2026-06-27 10:08:54,423 - root - INFO - Fetched weather for Nyírmihálydi: 31.6°C, Clear, humidity: 32%
2026-06-27 10:08:55,524 - root - INFO - [743/1205] Fetching weather for Nyírgelse...
2026-06-27 10:08:55,623 - root - INFO - Fetched weather for Nyírgelse: 31.6°C, Clear, humidity: 32%
2026-06-27 10:08:56,725 - root - INFO - [744/1205] Fetching weather for Nyírbogát...
2026-06-27 10:08:56,815 - root - INFO - Fetched weather for Nyírbogát: 31.6°C, Clear, humidity: 32%
2026-06-27 10:08:57,917 - root - INFO - [745/1205] Fetching weather for Nagykálló...
2026-06-27 10:08:58,011 - root - INFO - Fetched weather for Nagykálló: 31.5°C, Clear, humidity: 33%
2026-06-27 10:08:59,112 - root - INFO - [746/1205] Fetching weather for Kállósemjén...
2026-06-27 10:08:59,206 - root - INFO - Fetched weather for Kállósemjén: 31.5°C, Clear, humidity: 32%
2026-06-27 10:09:00,307 - root - INFO - [747/1205] Fetching weather for Nyírbátor...
2026-06-27 10:09:00,410 - root - INFO - Fetched weather for Nyírbátor: 31.5°C, Clear, humidity: 32%
2026-06-27 10:09:01,512 - root - INFO - [748/1205] Fetching weather for Nyírcsászári...
2026-06-27 10:09:01,610 - root - INFO - Fetched weather for Nyírcsászári: 31.6°C, Clear, humidity: 32%
2026-06-27 10:09:02,712 - root - INFO - [749/1205] Fetching weather for Hodász...
2026-06-27 10:09:02,801 - root - INFO - Fetched weather for Hodász: 31.6°C, Clear, humidity: 32%
2026-06-27 10:09:03,903 - root - INFO - [750/1205] Fetching weather for Nyírmeggyes...
2026-06-27 10:09:04,005 - root - INFO - Fetched weather for Nyírmeggyes: 31.6°C, Clear, humidity: 32%
2026-06-27 10:09:05,106 - root - INFO - [751/1205] Fetching weather for Mátészalka...
2026-06-27 10:09:05,202 - root - INFO - Fetched weather for Mátészalka: 31.7°C, Clear, humidity: 32%
2026-06-27 10:09:06,303 - root - INFO - [752/1205] Fetching weather for Kocsord...
2026-06-27 10:09:06,405 - root - INFO - Fetched weather for Kocsord: 31.9°C, Clear, humidity: 32%
2026-06-27 10:09:07,506 - root - INFO - [753/1205] Fetching weather for Kocsord alsó...
2026-06-27 10:09:07,607 - root - INFO - Fetched weather for Kocsord alsó: 31.9°C, Clear, humidity: 32%
2026-06-27 10:09:08,709 - root - INFO - [754/1205] Fetching weather for Győrtelek...
2026-06-27 10:09:08,804 - root - INFO - Fetched weather for Győrtelek: 31.9°C, Clear, humidity: 32%
2026-06-27 10:09:09,905 - root - INFO - [755/1205] Fetching weather for Győrtelek alsó...
2026-06-27 10:09:09,996 - root - INFO - Fetched weather for Győrtelek alsó: 31.9°C, Clear, humidity: 32%
2026-06-27 10:09:11,098 - root - INFO - [756/1205] Fetching weather for Ököritófülpös...
2026-06-27 10:09:11,197 - root - INFO - Fetched weather for Ököritófülpös: 31.9°C, Clear, humidity: 33%
2026-06-27 10:09:12,298 - root - INFO - [757/1205] Fetching weather for Porcsalma-Tyukod...
2026-06-27 10:09:12,396 - root - INFO - Fetched weather for Porcsalma-Tyukod: 32.8°C, Clear, humidity: 35%
2026-06-27 10:09:13,498 - root - INFO - [758/1205] Fetching weather for Csenger...
2026-06-27 10:09:13,594 - root - INFO - Fetched weather for Csenger: 32.8°C, Clear, humidity: 36%
2026-06-27 10:09:14,695 - root - INFO - [759/1205] Fetching weather for Kisfái...
2026-06-27 10:09:14,799 - root - INFO - Fetched weather for Kisfái: 35.6°C, Clear, humidity: 38%
2026-06-27 10:09:15,900 - root - INFO - [760/1205] Fetching weather for Nyárlőrinci szőlők...
2026-06-27 10:09:15,990 - root - INFO - Fetched weather for Nyárlőrinci szőlők: 35.7°C, Clear, humidity: 38%
2026-06-27 10:09:17,091 - root - INFO - [761/1205] Fetching weather for Nyárlőrinc alsó...
2026-06-27 10:09:17,198 - root - INFO - Fetched weather for Nyárlőrinc alsó: 36.0°C, Clear, humidity: 33%
2026-06-27 10:09:18,299 - root - INFO - [762/1205] Fetching weather for Tiszaug-Tiszahídfő...
2026-06-27 10:09:18,395 - root - INFO - Fetched weather for Tiszaug-Tiszahídfő: 37.5°C, Clear, humidity: 24%
2026-06-27 10:09:19,497 - root - INFO - [763/1205] Fetching weather for Csongrádi úti tanyák...
2026-06-27 10:09:19,594 - root - INFO - Fetched weather for Csongrádi úti tanyák: 37.6°C, Clear, humidity: 22%
2026-06-27 10:09:20,695 - root - INFO - [764/1205] Fetching weather for Kettőshalom...
2026-06-27 10:09:20,792 - root - INFO - Fetched weather for Kettőshalom: 37.9°C, Clear, humidity: 26%
2026-06-27 10:09:21,894 - root - INFO - [765/1205] Fetching weather for Csongrád alsó...
2026-06-27 10:09:21,988 - root - INFO - Fetched weather for Csongrád alsó: 37.9°C, Clear, humidity: 23%
2026-06-27 10:09:23,089 - root - INFO - [766/1205] Fetching weather for Dónát...
2026-06-27 10:09:23,188 - root - INFO - Fetched weather for Dónát: 33.9°C, Clear, humidity: 26%
2026-06-27 10:09:24,290 - root - INFO - [767/1205] Fetching weather for Pusztatemplom...
2026-06-27 10:09:24,385 - root - INFO - Fetched weather for Pusztatemplom: 33.9°C, Clear, humidity: 26%
2026-06-27 10:09:25,487 - root - INFO - [768/1205] Fetching weather for Előhát...
2026-06-27 10:09:25,587 - root - INFO - Fetched weather for Előhát: 32.9°C, Clear, humidity: 30%
2026-06-27 10:09:26,689 - root - INFO - [769/1205] Fetching weather for Polgárdi-Tekerespuszta...
2026-06-27 10:09:26,793 - root - INFO - Fetched weather for Polgárdi-Tekerespuszta: 34.8°C, Clear, humidity: 24%
2026-06-27 10:09:27,894 - root - INFO - [770/1205] Fetching weather for Szatina-Kishajmás...
2026-06-27 10:09:27,987 - root - INFO - Fetched weather for Szatina-Kishajmás: 34.9°C, Clear, humidity: 27%
2026-06-27 10:09:29,088 - root - INFO - [771/1205] Fetching weather for Márok...
2026-06-27 10:09:29,186 - root - INFO - Fetched weather for Márok: 33.7°C, Clear, humidity: 44%
2026-06-27 10:09:30,287 - root - INFO - [772/1205] Fetching weather for Nagynyárád...
2026-06-27 10:09:30,382 - root - INFO - Fetched weather for Nagynyárád: 36.8°C, Clear, humidity: 25%
2026-06-27 10:09:31,484 - root - INFO - [773/1205] Fetching weather for Szászvár...
2026-06-27 10:09:31,580 - root - INFO - Fetched weather for Szászvár: 36.4°C, Clear, humidity: 25%
2026-06-27 10:09:32,681 - root - INFO - [774/1205] Fetching weather for Cikó...
2026-06-27 10:09:32,791 - root - INFO - Fetched weather for Cikó: 36.7°C, Clear, humidity: 25%
2026-06-27 10:09:33,893 - root - INFO - [775/1205] Fetching weather for Gyöngyfa-Magyarmecske...
2026-06-27 10:09:33,988 - root - INFO - Fetched weather for Gyöngyfa-Magyarmecske: 33.7°C, Clear, humidity: 34%
2026-06-27 10:09:35,089 - root - INFO - [776/1205] Fetching weather for Nagyhát...
2026-06-27 10:09:35,191 - root - INFO - Fetched weather for Nagyhát: 32.0°C, Clear, humidity: 31%
2026-06-27 10:09:36,293 - root - INFO - [777/1205] Fetching weather for Balmazújváros...
2026-06-27 10:09:36,389 - root - INFO - Fetched weather for Balmazújváros: 32.0°C, Clear, humidity: 32%
2026-06-27 10:09:37,490 - root - INFO - [778/1205] Fetching weather for Kónya...
2026-06-27 10:09:37,586 - root - INFO - Fetched weather for Kónya: 32.0°C, Clear, humidity: 32%
2026-06-27 10:09:38,688 - root - INFO - [779/1205] Fetching weather for Hortobágy...
2026-06-27 10:09:38,786 - root - INFO - Fetched weather for Hortobágy: 32.0°C, Clear, humidity: 33%
2026-06-27 10:09:39,887 - root - INFO - [780/1205] Fetching weather for Hortobágyi Halastó...
2026-06-27 10:09:39,977 - root - INFO - Fetched weather for Hortobágyi Halastó: 32.0°C, Clear, humidity: 33%
2026-06-27 10:09:41,079 - root - INFO - [781/1205] Fetching weather for Ohat-Pusztakócs...
2026-06-27 10:09:41,175 - root - INFO - Fetched weather for Ohat-Pusztakócs: 32.0°C, Clear, humidity: 33%
2026-06-27 10:09:42,276 - root - INFO - [782/1205] Fetching weather for Egyek...
2026-06-27 10:09:42,378 - root - INFO - Fetched weather for Egyek: 32.1°C, Clear, humidity: 32%
2026-06-27 10:09:43,479 - root - INFO - [783/1205] Fetching weather for Tiszafüred...
2026-06-27 10:09:43,576 - root - INFO - Fetched weather for Tiszafüred: 32.2°C, Clear, humidity: 32%
2026-06-27 10:09:44,678 - root - INFO - [784/1205] Fetching weather for Poroszló...
2026-06-27 10:09:44,774 - root - INFO - Fetched weather for Poroszló: 32.3°C, Clear, humidity: 32%
2026-06-27 10:09:45,876 - root - INFO - [785/1205] Fetching weather for Kétútköz...
2026-06-27 10:09:45,965 - root - INFO - Fetched weather for Kétútköz: 32.3°C, Clear, humidity: 32%
2026-06-27 10:09:47,067 - root - INFO - [786/1205] Fetching weather for Egerfarmos...
2026-06-27 10:09:47,164 - root - INFO - Fetched weather for Egerfarmos: 32.4°C, Clear, humidity: 32%
2026-06-27 10:09:48,266 - root - INFO - [787/1205] Fetching weather for Piliscsaba...
2026-06-27 10:09:48,362 - root - INFO - Fetched weather for Piliscsaba: 34.8°C, Clear, humidity: 35%
2026-06-27 10:09:49,463 - root - INFO - [788/1205] Fetching weather for Pilisjászfalu...
2026-06-27 10:09:49,559 - root - INFO - Fetched weather for Pilisjászfalu: 35.0°C, Clear, humidity: 31%
2026-06-27 10:09:50,660 - root - INFO - [789/1205] Fetching weather for Leányvár...
2026-06-27 10:09:50,756 - root - INFO - Fetched weather for Leányvár: 35.8°C, Clear, humidity: 31%
2026-06-27 10:09:51,858 - root - INFO - [790/1205] Fetching weather for Dorog...
2026-06-27 10:09:51,949 - root - INFO - Fetched weather for Dorog: 33.5°C, Clear, humidity: 31%
2026-06-27 10:09:53,050 - root - INFO - [791/1205] Fetching weather for Esztergom-Kertváros...
2026-06-27 10:09:53,148 - root - INFO - Fetched weather for Esztergom-Kertváros: 33.5°C, Clear, humidity: 31%
2026-06-27 10:09:54,249 - root - INFO - [792/1205] Fetching weather for Esztergom...
2026-06-27 10:09:54,347 - root - INFO - Fetched weather for Esztergom: 33.1°C, Clear, humidity: 32%
2026-06-27 10:09:55,449 - root - INFO - [793/1205] Fetching weather for Dunaalmás...
2026-06-27 10:09:55,549 - root - INFO - Fetched weather for Dunaalmás: 34.1°C, Clear, humidity: 31%
2026-06-27 10:09:56,650 - root - INFO - [794/1205] Fetching weather for Neszmély...
2026-06-27 10:09:56,752 - root - INFO - Fetched weather for Neszmély: 34.1°C, Clear, humidity: 31%
2026-06-27 10:09:57,853 - root - INFO - [795/1205] Fetching weather for Süttő...
2026-06-27 10:09:57,941 - root - INFO - Fetched weather for Süttő: 33.9°C, Clear, humidity: 30%
2026-06-27 10:09:59,042 - root - INFO - [796/1205] Fetching weather for Piszke...
2026-06-27 10:09:59,141 - root - INFO - Fetched weather for Piszke: 33.9°C, Clear, humidity: 30%
2026-06-27 10:10:00,243 - root - INFO - [797/1205] Fetching weather for Lábatlan...
2026-06-27 10:10:00,339 - root - INFO - Fetched weather for Lábatlan: 33.9°C, Clear, humidity: 30%
2026-06-27 10:10:01,440 - root - INFO - [798/1205] Fetching weather for Eternitgyár...
2026-06-27 10:10:01,533 - root - INFO - Fetched weather for Eternitgyár: 33.9°C, Clear, humidity: 30%
2026-06-27 10:10:02,635 - root - INFO - [799/1205] Fetching weather for Nyergesújfalu felső...
2026-06-27 10:10:02,736 - root - INFO - Fetched weather for Nyergesújfalu felső: 33.9°C, Clear, humidity: 30%
2026-06-27 10:10:03,837 - root - INFO - [800/1205] Fetching weather for Nyergesújfalu...
2026-06-27 10:10:03,927 - root - INFO - Fetched weather for Nyergesújfalu: 33.8°C, Clear, humidity: 30%
2026-06-27 10:10:05,029 - root - INFO - [801/1205] Fetching weather for Tokod...
2026-06-27 10:10:05,136 - root - INFO - Fetched weather for Tokod: 33.6°C, Clear, humidity: 31%
2026-06-27 10:10:06,237 - root - INFO - [802/1205] Fetching weather for Környe...
2026-06-27 10:10:06,330 - root - INFO - Fetched weather for Környe: 34.4°C, Clear, humidity: 28%
2026-06-27 10:10:07,431 - root - INFO - [803/1205] Fetching weather for Kecskéd alsó...
2026-06-27 10:10:07,528 - root - INFO - Fetched weather for Kecskéd alsó: 34.5°C, Clear, humidity: 28%
2026-06-27 10:10:08,630 - root - INFO - [804/1205] Fetching weather for Oroszlány...
2026-06-27 10:10:08,721 - root - INFO - Fetched weather for Oroszlány: 34.5°C, Clear, humidity: 27%
2026-06-27 10:10:09,823 - root - INFO - [805/1205] Fetching weather for Győrszabadhegy...
2026-06-27 10:10:09,915 - root - INFO - Fetched weather for Győrszabadhegy: 35.2°C, Clear, humidity: 27%
2026-06-27 10:10:11,016 - root - INFO - [806/1205] Fetching weather for Ménfőcsanak felső...
2026-06-27 10:10:11,113 - root - INFO - Fetched weather for Ménfőcsanak felső: 35.3°C, Clear, humidity: 26%
2026-06-27 10:10:12,214 - root - INFO - [807/1205] Fetching weather for Gyömöre-Tét...
2026-06-27 10:10:12,310 - root - INFO - Fetched weather for Gyömöre-Tét: 35.2°C, Clear, humidity: 25%
2026-06-27 10:10:13,411 - root - INFO - [808/1205] Fetching weather for Szerecseny...
2026-06-27 10:10:13,509 - root - INFO - Fetched weather for Szerecseny: 35.2°C, Clear, humidity: 25%
2026-06-27 10:10:14,611 - root - INFO - [809/1205] Fetching weather for Gecse-Gyarmat...
2026-06-27 10:10:14,707 - root - INFO - Fetched weather for Gecse-Gyarmat: 35.2°C, Clear, humidity: 25%
2026-06-27 10:10:15,809 - root - INFO - [810/1205] Fetching weather for Vaszar...
2026-06-27 10:10:15,901 - root - INFO - Fetched weather for Vaszar: 35.3°C, Clear, humidity: 24%
2026-06-27 10:10:17,003 - root - INFO - [811/1205] Fetching weather for Pápa...
2026-06-27 10:10:17,100 - root - INFO - Fetched weather for Pápa: 35.3°C, Clear, humidity: 24%
2026-06-27 10:10:18,202 - root - INFO - [812/1205] Fetching weather for Mezőlak...
2026-06-27 10:10:18,297 - root - INFO - Fetched weather for Mezőlak: 35.5°C, Clear, humidity: 24%
2026-06-27 10:10:19,399 - root - INFO - [813/1205] Fetching weather for Mihályháza...
2026-06-27 10:10:19,497 - root - INFO - Fetched weather for Mihályháza: 35.5°C, Clear, humidity: 24%
2026-06-27 10:10:20,599 - root - INFO - [814/1205] Fetching weather for Vinár...
2026-06-27 10:10:20,697 - root - INFO - Fetched weather for Vinár: 35.5°C, Clear, humidity: 24%
2026-06-27 10:10:21,799 - root - INFO - [815/1205] Fetching weather for Külsővat...
2026-06-27 10:10:21,893 - root - INFO - Fetched weather for Külsővat: 35.5°C, Clear, humidity: 25%
2026-06-27 10:10:22,994 - root - INFO - [816/1205] Fetching weather for Celldömölk...
2026-06-27 10:10:23,085 - root - INFO - Fetched weather for Celldömölk: 35.5°C, Clear, humidity: 25%
2026-06-27 10:10:24,186 - root - INFO - [817/1205] Fetching weather for Kemenesmihályfa...
2026-06-27 10:10:24,292 - root - INFO - Fetched weather for Kemenesmihályfa: 35.1°C, Clear, humidity: 25%
2026-06-27 10:10:25,394 - root - INFO - [818/1205] Fetching weather for Nagysimonyi...
2026-06-27 10:10:25,495 - root - INFO - Fetched weather for Nagysimonyi: 35.2°C, Clear, humidity: 25%
2026-06-27 10:10:26,596 - root - INFO - [819/1205] Fetching weather for Ostffyasszonyfa...
2026-06-27 10:10:26,699 - root - INFO - Fetched weather for Ostffyasszonyfa: 35.2°C, Clear, humidity: 25%
2026-06-27 10:10:27,800 - root - INFO - [820/1205] Fetching weather for Sárvár...
2026-06-27 10:10:27,887 - root - INFO - Fetched weather for Sárvár: 35.3°C, Clear, humidity: 26%
2026-06-27 10:10:28,988 - root - INFO - [821/1205] Fetching weather for Porpác...
2026-06-27 10:10:29,096 - root - INFO - Fetched weather for Porpác: 35.9°C, Clear, humidity: 27%
2026-06-27 10:10:30,197 - root - INFO - [822/1205] Fetching weather for Balatonföldvár...
2026-06-27 10:10:30,286 - root - INFO - Fetched weather for Balatonföldvár: 33.3°C, Clear, humidity: 21%
2026-06-27 10:10:31,388 - root - INFO - [823/1205] Fetching weather for Balatonszárszó...
2026-06-27 10:10:31,486 - root - INFO - Fetched weather for Balatonszárszó: 33.9°C, Clear, humidity: 21%
2026-06-27 10:10:32,588 - root - INFO - [824/1205] Fetching weather for Balatonszemes...
2026-06-27 10:10:32,684 - root - INFO - Fetched weather for Balatonszemes: 33.9°C, Clear, humidity: 21%
2026-06-27 10:10:33,785 - root - INFO - [825/1205] Fetching weather for Balatonlelle felső...
2026-06-27 10:10:33,873 - root - INFO - Fetched weather for Balatonlelle felső: 33.9°C, Clear, humidity: 21%
2026-06-27 10:10:34,975 - root - INFO - [826/1205] Fetching weather for Balatonlelle...
2026-06-27 10:10:35,071 - root - INFO - Fetched weather for Balatonlelle: 33.8°C, Clear, humidity: 37%
2026-06-27 10:10:36,173 - root - INFO - [827/1205] Fetching weather for Fonyódliget...
2026-06-27 10:10:36,272 - root - INFO - Fetched weather for Fonyódliget: 33.9°C, Clear, humidity: 38%
2026-06-27 10:10:37,374 - root - INFO - [828/1205] Fetching weather for Balatonboglár...
2026-06-27 10:10:37,470 - root - INFO - Fetched weather for Balatonboglár: 33.9°C, Clear, humidity: 37%
2026-06-27 10:10:38,571 - root - INFO - [829/1205] Fetching weather for Balatonfenyves alsó...
2026-06-27 10:10:38,668 - root - INFO - Fetched weather for Balatonfenyves alsó: 33.4°C, Clear, humidity: 34%
2026-06-27 10:10:39,770 - root - INFO - [830/1205] Fetching weather for Fonyód...
2026-06-27 10:10:39,862 - root - INFO - Fetched weather for Fonyód: 32.6°C, Clear, humidity: 38%
2026-06-27 10:10:40,963 - root - INFO - [831/1205] Fetching weather for Bélatelep...
2026-06-27 10:10:41,051 - root - INFO - Fetched weather for Bélatelep: 32.8°C, Clear, humidity: 37%
2026-06-27 10:10:42,153 - root - INFO - [832/1205] Fetching weather for Alsóbélatelep...
2026-06-27 10:10:42,250 - root - INFO - Fetched weather for Alsóbélatelep: 32.8°C, Clear, humidity: 37%
2026-06-27 10:10:43,351 - root - INFO - [833/1205] Fetching weather for Balatonfenyves...
2026-06-27 10:10:43,443 - root - INFO - Fetched weather for Balatonfenyves: 33.1°C, Clear, humidity: 35%
2026-06-27 10:10:44,545 - root - INFO - [834/1205] Fetching weather for Máriahullámtelep...
2026-06-27 10:10:44,644 - root - INFO - Fetched weather for Máriahullámtelep: 33.4°C, Clear, humidity: 34%
2026-06-27 10:10:45,745 - root - INFO - [835/1205] Fetching weather for Balatonmáriafürdő...
2026-06-27 10:10:45,835 - root - INFO - Fetched weather for Balatonmáriafürdő: 34.2°C, Clear, humidity: 31%
2026-06-27 10:10:46,937 - root - INFO - [836/1205] Fetching weather for Balatonberény...
2026-06-27 10:10:47,030 - root - INFO - Fetched weather for Balatonberény: 34.4°C, Clear, humidity: 30%
2026-06-27 10:10:48,132 - root - INFO - [837/1205] Fetching weather for Balatonszentgyörgy...
2026-06-27 10:10:48,229 - root - INFO - Fetched weather for Balatonszentgyörgy: 34.8°C, Clear, humidity: 29%
2026-06-27 10:10:49,331 - root - INFO - [838/1205] Fetching weather for Vörs...
2026-06-27 10:10:49,429 - root - INFO - Fetched weather for Vörs: 35.1°C, Clear, humidity: 28%
2026-06-27 10:10:50,530 - root - INFO - [839/1205] Fetching weather for Zalaszentjakab...
2026-06-27 10:10:50,630 - root - INFO - Fetched weather for Zalaszentjakab: 34.7°C, Clear, humidity: 30%
2026-06-27 10:10:51,732 - root - INFO - [840/1205] Fetching weather for Nagykanizsa...
2026-06-27 10:10:51,826 - root - INFO - Fetched weather for Nagykanizsa: 34.8°C, Clear, humidity: 29%
2026-06-27 10:10:52,928 - root - INFO - [841/1205] Fetching weather for Murakeresztúr...
2026-06-27 10:10:53,016 - root - INFO - Fetched weather for Murakeresztúr: 34.4°C, Clear, humidity: 32%
2026-06-27 10:10:54,118 - root - INFO - [842/1205] Fetching weather for Zalakomár...
2026-06-27 10:10:54,216 - root - INFO - Fetched weather for Zalakomár: 34.9°C, Clear, humidity: 30%
2026-06-27 10:10:55,318 - root - INFO - [843/1205] Fetching weather for Szárazrét...
2026-06-27 10:10:55,418 - root - INFO - Fetched weather for Szárazrét: 35.3°C, Clear, humidity: 25%
2026-06-27 10:10:56,520 - root - INFO - [844/1205] Fetching weather for Bodajk...
2026-06-27 10:10:56,619 - root - INFO - Fetched weather for Bodajk: 35.0°C, Clear, humidity: 26%
2026-06-27 10:10:57,721 - root - INFO - [845/1205] Fetching weather for Csókakő...
2026-06-27 10:10:57,811 - root - INFO - Fetched weather for Csókakő: 34.7°C, Clear, humidity: 26%
2026-06-27 10:10:58,912 - root - INFO - [846/1205] Fetching weather for Mór...
2026-06-27 10:10:59,005 - root - INFO - Fetched weather for Mór: 34.9°C, Clear, humidity: 25%
2026-06-27 10:11:00,106 - root - INFO - [847/1205] Fetching weather for Bakonysárkány...
2026-06-27 10:11:00,204 - root - INFO - Fetched weather for Bakonysárkány: 34.6°C, Clear, humidity: 26%
2026-06-27 10:11:01,306 - root - INFO - [848/1205] Fetching weather for Kisbér...
2026-06-27 10:11:01,401 - root - INFO - Fetched weather for Kisbér: 34.9°C, Clear, humidity: 26%
2026-06-27 10:11:02,503 - root - INFO - [849/1205] Fetching weather for Nagyigmánd-Bábolna...
2026-06-27 10:11:02,594 - root - INFO - Fetched weather for Nagyigmánd-Bábolna: 34.9°C, Clear, humidity: 28%
2026-06-27 10:11:03,696 - root - INFO - [850/1205] Fetching weather for Budapest-Déli...
2026-06-27 10:11:03,789 - root - INFO - Fetched weather for Budapest-Déli: 35.4°C, Clear, humidity: 34%
2026-06-27 10:11:04,891 - root - INFO - [851/1205] Fetching weather for Budapest-Kelenföld...
2026-06-27 10:11:04,980 - root - INFO - Fetched weather for Budapest-Kelenföld: 36.3°C, Clear, humidity: 32%
2026-06-27 10:11:06,081 - root - INFO - [852/1205] Fetching weather for Budaörs...
2026-06-27 10:11:06,179 - root - INFO - Fetched weather for Budaörs: 36.4°C, Clear, humidity: 33%
2026-06-27 10:11:07,281 - root - INFO - [853/1205] Fetching weather for Biatorbágy...
2026-06-27 10:11:07,376 - root - INFO - Fetched weather for Biatorbágy: 35.3°C, Clear, humidity: 34%
2026-06-27 10:11:08,478 - root - INFO - [854/1205] Fetching weather for Herceghalom...
2026-06-27 10:11:08,569 - root - INFO - Fetched weather for Herceghalom: 35.4°C, Clear, humidity: 38%
2026-06-27 10:11:09,670 - root - INFO - [855/1205] Fetching weather for Bicske...
2026-06-27 10:11:09,773 - root - INFO - Fetched weather for Bicske: 34.6°C, Clear, humidity: 30%
2026-06-27 10:11:10,875 - root - INFO - [856/1205] Fetching weather for Szár...
2026-06-27 10:11:10,964 - root - INFO - Fetched weather for Szár: 33.5°C, Clear, humidity: 29%
2026-06-27 10:11:12,066 - root - INFO - [857/1205] Fetching weather for Szárliget...
2026-06-27 10:11:12,177 - root - INFO - Fetched weather for Szárliget: 33.8°C, Clear, humidity: 29%
2026-06-27 10:11:13,279 - root - INFO - [858/1205] Fetching weather for Alsógalla...
2026-06-27 10:11:13,378 - root - INFO - Fetched weather for Alsógalla: 34.2°C, Clear, humidity: 29%
2026-06-27 10:11:14,480 - root - INFO - [859/1205] Fetching weather for Tatabánya...
2026-06-27 10:11:14,571 - root - INFO - Fetched weather for Tatabánya: 34.3°C, Clear, humidity: 29%
2026-06-27 10:11:15,673 - root - INFO - [860/1205] Fetching weather for Vértesszőlős...
2026-06-27 10:11:15,767 - root - INFO - Fetched weather for Vértesszőlős: 34.2°C, Clear, humidity: 29%
2026-06-27 10:11:16,869 - root - INFO - [861/1205] Fetching weather for Tóvároskert...
2026-06-27 10:11:16,964 - root - INFO - Fetched weather for Tóvároskert: 34.2°C, Clear, humidity: 30%
2026-06-27 10:11:18,065 - root - INFO - [862/1205] Fetching weather for Tata...
2026-06-27 10:11:18,170 - root - INFO - Fetched weather for Tata: 34.1°C, Clear, humidity: 30%
2026-06-27 10:11:19,272 - root - INFO - [863/1205] Fetching weather for Almásfüzitő...
2026-06-27 10:11:19,372 - root - INFO - Fetched weather for Almásfüzitő: 34.1°C, Clear, humidity: 31%
2026-06-27 10:11:20,473 - root - INFO - [864/1205] Fetching weather for Almásfüzitő felső...
2026-06-27 10:11:20,592 - root - INFO - Fetched weather for Almásfüzitő felső: 37.2°C, Clear, humidity: 31%
2026-06-27 10:11:21,694 - root - INFO - [865/1205] Fetching weather for Szőny...
2026-06-27 10:11:21,833 - root - INFO - Fetched weather for Szőny: 37.3°C, Clear, humidity: 30%
2026-06-27 10:11:22,934 - root - INFO - [866/1205] Fetching weather for Komárom...
2026-06-27 10:11:23,264 - root - INFO - Fetched weather for Komárom: 37.3°C, Clear, humidity: 30%
2026-06-27 10:11:24,365 - root - INFO - [867/1205] Fetching weather for Ács...
2026-06-27 10:11:24,640 - root - INFO - Fetched weather for Ács: 34.7°C, Clear, humidity: 29%
2026-06-27 10:11:25,742 - root - INFO - [868/1205] Fetching weather for Nagyszentjános...
2026-06-27 10:11:25,834 - root - INFO - Fetched weather for Nagyszentjános: 35.0°C, Clear, humidity: 28%
2026-06-27 10:11:26,936 - root - INFO - [869/1205] Fetching weather for Győrszentiván...
2026-06-27 10:11:27,025 - root - INFO - Fetched weather for Győrszentiván: 35.1°C, Clear, humidity: 27%
2026-06-27 10:11:28,126 - root - INFO - [870/1205] Fetching weather for Győr-Gyárváros...
2026-06-27 10:11:28,212 - root - INFO - Fetched weather for Győr-Gyárváros: 35.2°C, Clear, humidity: 27%
2026-06-27 10:11:29,314 - root - INFO - [871/1205] Fetching weather for Győr...
2026-06-27 10:11:29,403 - root - INFO - Fetched weather for Győr: 35.2°C, Clear, humidity: 27%
2026-06-27 10:11:30,504 - root - INFO - [872/1205] Fetching weather for Öttevény...
2026-06-27 10:11:30,600 - root - INFO - Fetched weather for Öttevény: 35.3°C, Clear, humidity: 27%
2026-06-27 10:11:31,701 - root - INFO - [873/1205] Fetching weather for Lébény-Mosonszentmiklós...
2026-06-27 10:11:31,795 - root - INFO - Fetched weather for Lébény-Mosonszentmiklós: 35.3°C, Clear, humidity: 27%
2026-06-27 10:11:32,896 - root - INFO - [874/1205] Fetching weather for Kimle-Károlyháza...
2026-06-27 10:11:32,986 - root - INFO - Fetched weather for Kimle-Károlyháza: 35.3°C, Clear, humidity: 28%
2026-06-27 10:11:34,088 - root - INFO - [875/1205] Fetching weather for Mosonmagyaróvár...
2026-06-27 10:11:34,177 - root - INFO - Fetched weather for Mosonmagyaróvár: 37.3°C, Clear, humidity: 29%
2026-06-27 10:11:35,278 - root - INFO - [876/1205] Fetching weather for Levél...
2026-06-27 10:11:35,366 - root - INFO - Fetched weather for Levél: 36.9°C, Clear, humidity: 29%
2026-06-27 10:11:36,468 - root - INFO - [877/1205] Fetching weather for Hegyeshalom...
2026-06-27 10:11:36,565 - root - INFO - Fetched weather for Hegyeshalom: 36.9°C, Clear, humidity: 29%
2026-06-27 10:11:37,666 - root - INFO - [878/1205] Fetching weather for Óbuda...
2026-06-27 10:11:37,755 - root - INFO - Fetched weather for Óbuda: 35.9°C, Clear, humidity: 33%
2026-06-27 10:11:38,857 - root - INFO - [879/1205] Fetching weather for Üröm...
2026-06-27 10:11:38,953 - root - INFO - Fetched weather for Üröm: 35.7°C, Clear, humidity: 33%
2026-06-27 10:11:40,055 - root - INFO - [880/1205] Fetching weather for Solymár...
2026-06-27 10:11:40,145 - root - INFO - Fetched weather for Solymár: 35.4°C, Clear, humidity: 34%
2026-06-27 10:11:41,247 - root - INFO - [881/1205] Fetching weather for Pilisvörösvár...
2026-06-27 10:11:41,343 - root - INFO - Fetched weather for Pilisvörösvár: 35.0°C, Clear, humidity: 34%
2026-06-27 10:11:42,445 - root - INFO - [882/1205] Fetching weather for Klotildliget...
2026-06-27 10:11:42,541 - root - INFO - Fetched weather for Klotildliget: 34.7°C, Clear, humidity: 35%
2026-06-27 10:11:43,643 - root - INFO - [883/1205] Fetching weather for Kútvölgy...
2026-06-27 10:11:43,732 - root - INFO - Fetched weather for Kútvölgy: 33.9°C, Clear, humidity: 26%
2026-06-27 10:11:44,834 - root - INFO - [884/1205] Fetching weather for Székkutas...
2026-06-27 10:11:44,924 - root - INFO - Fetched weather for Székkutas: 33.9°C, Clear, humidity: 26%
2026-06-27 10:11:46,025 - root - INFO - [885/1205] Fetching weather for Kaposszentjakab...
2026-06-27 10:11:46,116 - root - INFO - Fetched weather for Kaposszentjakab: 35.8°C, Clear, humidity: 24%
2026-06-27 10:11:47,218 - root - INFO - [886/1205] Fetching weather for Kaposvár...
2026-06-27 10:11:47,307 - root - INFO - Fetched weather for Kaposvár: 35.6°C, Clear, humidity: 24%
2026-06-27 10:11:48,409 - root - INFO - [887/1205] Fetching weather for Kaposújlak...
2026-06-27 10:11:48,507 - root - INFO - Fetched weather for Kaposújlak: 35.5°C, Clear, humidity: 25%
2026-06-27 10:11:49,608 - root - INFO - [888/1205] Fetching weather for Kaposmérő...
2026-06-27 10:11:49,696 - root - INFO - Fetched weather for Kaposmérő: 35.4°C, Clear, humidity: 25%
2026-06-27 10:11:50,798 - root - INFO - [889/1205] Fetching weather for Kaposfő...
2026-06-27 10:11:50,890 - root - INFO - Fetched weather for Kaposfő: 35.4°C, Clear, humidity: 25%
2026-06-27 10:11:51,992 - root - INFO - [890/1205] Fetching weather for Kiskorpád...
2026-06-27 10:11:52,081 - root - INFO - Fetched weather for Kiskorpád: 35.2°C, Clear, humidity: 26%
2026-06-27 10:11:53,183 - root - INFO - [891/1205] Fetching weather for Jákó-Nagybajom...
2026-06-27 10:11:53,274 - root - INFO - Fetched weather for Jákó-Nagybajom: 35.0°C, Clear, humidity: 27%
2026-06-27 10:11:54,376 - root - INFO - [892/1205] Fetching weather for Kutas...
2026-06-27 10:11:54,474 - root - INFO - Fetched weather for Kutas: 34.8°C, Clear, humidity: 30%
2026-06-27 10:11:55,575 - root - INFO - [893/1205] Fetching weather for Beleg...
2026-06-27 10:11:55,665 - root - INFO - Fetched weather for Beleg: 34.4°C, Clear, humidity: 32%
2026-06-27 10:11:56,767 - root - INFO - [894/1205] Fetching weather for Ötvöskónyi...
2026-06-27 10:11:56,856 - root - INFO - Fetched weather for Ötvöskónyi: 34.2°C, Clear, humidity: 33%
2026-06-27 10:11:57,958 - root - INFO - [895/1205] Fetching weather for Somogyszob...
2026-06-27 10:11:58,049 - root - INFO - Fetched weather for Somogyszob: 33.9°C, Clear, humidity: 34%
2026-06-27 10:11:59,151 - root - INFO - [896/1205] Fetching weather for Bolhás...
2026-06-27 10:11:59,247 - root - INFO - Fetched weather for Bolhás: 33.8°C, Clear, humidity: 34%
2026-06-27 10:12:00,349 - root - INFO - [897/1205] Fetching weather for Szenta...
2026-06-27 10:12:00,446 - root - INFO - Fetched weather for Szenta: 33.9°C, Clear, humidity: 33%
2026-06-27 10:12:01,548 - root - INFO - [898/1205] Fetching weather for Zrínyitelep...
2026-06-27 10:12:01,642 - root - INFO - Fetched weather for Zrínyitelep: 34.0°C, Clear, humidity: 32%
2026-06-27 10:12:02,744 - root - INFO - [899/1205] Fetching weather for Csurgó...
2026-06-27 10:12:02,837 - root - INFO - Fetched weather for Csurgó: 34.2°C, Clear, humidity: 32%
2026-06-27 10:12:03,939 - root - INFO - [900/1205] Fetching weather for Gyékényes...
2026-06-27 10:12:04,032 - root - INFO - Fetched weather for Gyékényes: 34.2°C, Clear, humidity: 31%
2026-06-27 10:12:05,133 - root - INFO - [901/1205] Fetching weather for Adony...
2026-06-27 10:12:05,232 - root - INFO - Fetched weather for Adony: 35.3°C, Clear, humidity: 25%
2026-06-27 10:12:06,334 - root - INFO - [902/1205] Fetching weather for Kulcs...
2026-06-27 10:12:06,430 - root - INFO - Fetched weather for Kulcs: 35.0°C, Clear, humidity: 25%
2026-06-27 10:12:07,532 - root - INFO - [903/1205] Fetching weather for Rácalmás...
2026-06-27 10:12:07,627 - root - INFO - Fetched weather for Rácalmás: 35.0°C, Clear, humidity: 25%
2026-06-27 10:12:08,729 - root - INFO - [904/1205] Fetching weather for Dunaújváros...
2026-06-27 10:12:08,819 - root - INFO - Fetched weather for Dunaújváros: 35.1°C, Clear, humidity: 25%
2026-06-27 10:12:09,921 - root - INFO - [905/1205] Fetching weather for Újvenyim...
2026-06-27 10:12:10,017 - root - INFO - Fetched weather for Újvenyim: 35.2°C, Clear, humidity: 24%
2026-06-27 10:12:11,119 - root - INFO - [906/1205] Fetching weather for Mezőfalva...
2026-06-27 10:12:11,211 - root - INFO - Fetched weather for Mezőfalva: 35.3°C, Clear, humidity: 24%
2026-06-27 10:12:12,312 - root - INFO - [907/1205] Fetching weather for Nagykarácsony felső...
2026-06-27 10:12:12,413 - root - INFO - Fetched weather for Nagykarácsony felső: 35.4°C, Clear, humidity: 24%
2026-06-27 10:12:13,515 - root - INFO - [908/1205] Fetching weather for Nagykarácsony...
2026-06-27 10:12:13,610 - root - INFO - Fetched weather for Nagykarácsony: 35.3°C, Clear, humidity: 24%
2026-06-27 10:12:14,712 - root - INFO - [909/1205] Fetching weather for Alap...
2026-06-27 10:12:14,807 - root - INFO - Fetched weather for Alap: 35.5°C, Clear, humidity: 24%
2026-06-27 10:12:15,909 - root - INFO - [910/1205] Fetching weather for Cece...
2026-06-27 10:12:15,999 - root - INFO - Fetched weather for Cece: 35.5°C, Clear, humidity: 24%
2026-06-27 10:12:17,101 - root - INFO - [911/1205] Fetching weather for Vajta...
2026-06-27 10:12:17,195 - root - INFO - Fetched weather for Vajta: 35.6°C, Clear, humidity: 24%
2026-06-27 10:12:18,297 - root - INFO - [912/1205] Fetching weather for Rétszilas alsó...
2026-06-27 10:12:18,399 - root - INFO - Fetched weather for Rétszilas alsó: 35.5°C, Clear, humidity: 24%
2026-06-27 10:12:19,500 - root - INFO - [913/1205] Fetching weather for Nagydorog...
2026-06-27 10:12:19,599 - root - INFO - Fetched weather for Nagydorog: 35.9°C, Clear, humidity: 24%
2026-06-27 10:12:20,701 - root - INFO - [914/1205] Fetching weather for Tengelic...
2026-06-27 10:12:20,790 - root - INFO - Fetched weather for Tengelic: 36.1°C, Clear, humidity: 23%
2026-06-27 10:12:21,892 - root - INFO - [915/1205] Fetching weather for Fácánkert...
2026-06-27 10:12:21,982 - root - INFO - Fetched weather for Fácánkert: 36.2°C, Clear, humidity: 23%
2026-06-27 10:12:23,084 - root - INFO - [916/1205] Fetching weather for Tolna-Mözs...
2026-06-27 10:12:23,175 - root - INFO - Fetched weather for Tolna-Mözs: 36.3°C, Clear, humidity: 23%
2026-06-27 10:12:24,277 - root - INFO - [917/1205] Fetching weather for Szekszárd-Palánk...
2026-06-27 10:12:24,372 - root - INFO - Fetched weather for Szekszárd-Palánk: 36.2°C, Clear, humidity: 24%
2026-06-27 10:12:25,474 - root - INFO - [918/1205] Fetching weather for Szekszárd...
2026-06-27 10:12:25,557 - root - INFO - Fetched weather for Szekszárd: 36.1°C, Clear, humidity: 24%
2026-06-27 10:12:26,659 - root - INFO - [919/1205] Fetching weather for Őcsény...
2026-06-27 10:12:26,754 - root - INFO - Fetched weather for Őcsény: 36.1°C, Clear, humidity: 24%
2026-06-27 10:12:27,856 - root - INFO - [920/1205] Fetching weather for Decs...
2026-06-27 10:12:27,950 - root - INFO - Fetched weather for Decs: 36.1°C, Clear, humidity: 24%
2026-06-27 10:12:29,051 - root - INFO - [921/1205] Fetching weather for Csikóstőttős...
2026-06-27 10:12:29,141 - root - INFO - Fetched weather for Csikóstőttős: 36.3°C, Clear, humidity: 24%
2026-06-27 10:12:30,243 - root - INFO - [922/1205] Fetching weather for Mágocs-Alsómocsolád...
2026-06-27 10:12:30,339 - root - INFO - Fetched weather for Mágocs-Alsómocsolád: 35.6°C, Clear, humidity: 25%
2026-06-27 10:12:31,441 - root - INFO - [923/1205] Fetching weather for Szalatnak...
2026-06-27 10:12:31,535 - root - INFO - Fetched weather for Szalatnak: 35.6°C, Clear, humidity: 25%
2026-06-27 10:12:32,637 - root - INFO - [924/1205] Fetching weather for Máza-Szászvár...
2026-06-27 10:12:32,731 - root - INFO - Fetched weather for Máza-Szászvár: 36.5°C, Clear, humidity: 25%
2026-06-27 10:12:33,833 - root - INFO - [925/1205] Fetching weather for Váralja...
2026-06-27 10:12:33,926 - root - INFO - Fetched weather for Váralja: 36.5°C, Clear, humidity: 25%
2026-06-27 10:12:35,028 - root - INFO - [926/1205] Fetching weather for Nagymányok...
2026-06-27 10:12:35,124 - root - INFO - Fetched weather for Nagymányok: 36.6°C, Clear, humidity: 25%
2026-06-27 10:12:36,226 - root - INFO - [927/1205] Fetching weather for Hidas-Bonyhád...
2026-06-27 10:12:36,321 - root - INFO - Fetched weather for Hidas-Bonyhád: 36.6°C, Clear, humidity: 25%
2026-06-27 10:12:37,423 - root - INFO - [928/1205] Fetching weather for Mőcsény...
2026-06-27 10:12:37,512 - root - INFO - Fetched weather for Mőcsény: 36.6°C, Clear, humidity: 25%
2026-06-27 10:12:38,614 - root - INFO - [929/1205] Fetching weather for Bátaszék...
2026-06-27 10:12:38,703 - root - INFO - Fetched weather for Bátaszék: 36.9°C, Clear, humidity: 25%
2026-06-27 10:12:39,804 - root - INFO - [930/1205] Fetching weather for Pörböly...
2026-06-27 10:12:39,894 - root - INFO - Fetched weather for Pörböly: 35.9°C, Clear, humidity: 25%
2026-06-27 10:12:40,995 - root - INFO - [931/1205] Fetching weather for Orosháza...
2026-06-27 10:12:41,085 - root - INFO - Fetched weather for Orosháza: 34.8°C, Clear, humidity: 26%
2026-06-27 10:12:42,187 - root - INFO - [932/1205] Fetching weather for Orosházi tanyák...
2026-06-27 10:12:42,283 - root - INFO - Fetched weather for Orosházi tanyák: 36.6°C, Clear, humidity: 26%
2026-06-27 10:12:43,385 - root - INFO - [933/1205] Fetching weather for Csorvás...
2026-06-27 10:12:43,475 - root - INFO - Fetched weather for Csorvás: 36.6°C, Clear, humidity: 26%
2026-06-27 10:12:44,577 - root - INFO - [934/1205] Fetching weather for Csorvás alsó...
2026-06-27 10:12:44,669 - root - INFO - Fetched weather for Csorvás alsó: 36.6°C, Clear, humidity: 25%
2026-06-27 10:12:45,771 - root - INFO - [935/1205] Fetching weather for Telekgerendás...
2026-06-27 10:12:45,861 - root - INFO - Fetched weather for Telekgerendás: 36.6°C, Clear, humidity: 25%
2026-06-27 10:12:46,963 - root - INFO - [936/1205] Fetching weather for Fürjes...
2026-06-27 10:12:47,058 - root - INFO - Fetched weather for Fürjes: 36.6°C, Clear, humidity: 25%
2026-06-27 10:12:48,159 - root - INFO - [937/1205] Fetching weather for Fényes...
2026-06-27 10:12:48,260 - root - INFO - Fetched weather for Fényes: 36.7°C, Clear, humidity: 25%
2026-06-27 10:12:49,362 - root - INFO - [938/1205] Fetching weather for Bicere...
2026-06-27 10:12:49,464 - root - INFO - Fetched weather for Bicere: 36.7°C, Clear, humidity: 25%
2026-06-27 10:12:50,566 - root - INFO - [939/1205] Fetching weather for Gyula...
2026-06-27 10:12:50,657 - root - INFO - Fetched weather for Gyula: 36.6°C, Clear, humidity: 25%
2026-06-27 10:12:51,758 - root - INFO - [940/1205] Fetching weather for József Szanatórium...
2026-06-27 10:12:51,855 - root - INFO - Fetched weather for József Szanatórium: 36.6°C, Clear, humidity: 25%
2026-06-27 10:12:52,956 - root - INFO - [941/1205] Fetching weather for Sarkadi Cukorgyár...
2026-06-27 10:12:53,046 - root - INFO - Fetched weather for Sarkadi Cukorgyár: 36.6°C, Clear, humidity: 25%
2026-06-27 10:12:54,148 - root - INFO - [942/1205] Fetching weather for Sarkad...
2026-06-27 10:12:54,244 - root - INFO - Fetched weather for Sarkad: 36.6°C, Clear, humidity: 28%
2026-06-27 10:12:55,345 - root - INFO - [943/1205] Fetching weather for Kötegyán...
2026-06-27 10:12:55,434 - root - INFO - Fetched weather for Kötegyán: 36.6°C, Clear, humidity: 27%
2026-06-27 10:12:56,536 - root - INFO - [944/1205] Fetching weather for Méhkerék...
2026-06-27 10:12:56,629 - root - INFO - Fetched weather for Méhkerék: 36.6°C, Clear, humidity: 27%
2026-06-27 10:12:57,731 - root - INFO - [945/1205] Fetching weather for Sarkadkeresztúr...
2026-06-27 10:12:57,825 - root - INFO - Fetched weather for Sarkadkeresztúr: 36.7°C, Clear, humidity: 27%
2026-06-27 10:12:58,927 - root - INFO - [946/1205] Fetching weather for Okány...
2026-06-27 10:12:59,022 - root - INFO - Fetched weather for Okány: 36.7°C, Clear, humidity: 27%
2026-06-27 10:13:00,124 - root - INFO - [947/1205] Fetching weather for Újszeged...
2026-06-27 10:13:00,229 - root - INFO - Fetched weather for Újszeged: 37.3°C, Clear, humidity: 26%
2026-06-27 10:13:01,330 - root - INFO - [948/1205] Fetching weather for Szőreg...
2026-06-27 10:13:01,420 - root - INFO - Fetched weather for Szőreg: 37.3°C, Clear, humidity: 26%
2026-06-27 10:13:02,522 - root - INFO - [949/1205] Fetching weather for Deszk...
2026-06-27 10:13:02,630 - root - INFO - Fetched weather for Deszk: 37.3°C, Clear, humidity: 27%
2026-06-27 10:13:03,731 - root - INFO - [950/1205] Fetching weather for Kiszombor...
2026-06-27 10:13:03,823 - root - INFO - Fetched weather for Kiszombor: 34.8°C, Clear, humidity: 28%
2026-06-27 10:13:04,925 - root - INFO - [951/1205] Fetching weather for Kiszombor megálló...
2026-06-27 10:13:05,013 - root - INFO - Fetched weather for Kiszombor megálló: 34.8°C, Clear, humidity: 28%
2026-06-27 10:13:06,115 - root - INFO - [952/1205] Fetching weather for Makó...
2026-06-27 10:13:06,211 - root - INFO - Fetched weather for Makó: 34.7°C, Clear, humidity: 28%
2026-06-27 10:13:07,313 - root - INFO - [953/1205] Fetching weather for Apátfalva...
2026-06-27 10:13:07,411 - root - INFO - Fetched weather for Apátfalva: 34.3°C, Clear, humidity: 30%
2026-06-27 10:13:08,513 - root - INFO - [954/1205] Fetching weather for Magyarcsanád...
2026-06-27 10:13:08,604 - root - INFO - Fetched weather for Magyarcsanád: 34.2°C, Clear, humidity: 30%
2026-06-27 10:13:09,705 - root - INFO - [955/1205] Fetching weather for Nagylak...
2026-06-27 10:13:09,793 - root - INFO - Fetched weather for Nagylak: 35.7°C, Clear, humidity: 32%
2026-06-27 10:13:10,895 - root - INFO - [956/1205] Fetching weather for Nagylaki Kendergyár...
2026-06-27 10:13:10,988 - root - INFO - Fetched weather for Nagylaki Kendergyár: 35.6°C, Clear, humidity: 31%
2026-06-27 10:13:12,090 - root - INFO - [957/1205] Fetching weather for Csanádpalota...
2026-06-27 10:13:12,193 - root - INFO - Fetched weather for Csanádpalota: 35.6°C, Clear, humidity: 31%
2026-06-27 10:13:13,295 - root - INFO - [958/1205] Fetching weather for Mezőhegyes...
2026-06-27 10:13:13,384 - root - INFO - Fetched weather for Mezőhegyes: 35.6°C, Clear, humidity: 31%
2026-06-27 10:13:14,486 - root - INFO - [959/1205] Fetching weather for Végegyháza...
2026-06-27 10:13:14,579 - root - INFO - Fetched weather for Végegyháza: 35.6°C, Clear, humidity: 30%
2026-06-27 10:13:15,681 - root - INFO - [960/1205] Fetching weather for Mezőkovácsháza...
2026-06-27 10:13:15,770 - root - INFO - Fetched weather for Mezőkovácsháza: 35.6°C, Clear, humidity: 30%
2026-06-27 10:13:16,871 - root - INFO - [961/1205] Fetching weather for Mezőkovácsháza felső...
2026-06-27 10:13:16,959 - root - INFO - Fetched weather for Mezőkovácsháza felső: 35.6°C, Clear, humidity: 30%
2026-06-27 10:13:18,061 - root - INFO - [962/1205] Fetching weather for Magyarbánhegyes...
2026-06-27 10:13:18,157 - root - INFO - Fetched weather for Magyarbánhegyes: 36.6°C, Clear, humidity: 30%
2026-06-27 10:13:19,259 - root - INFO - [963/1205] Fetching weather for Medgyesegyháza...
2026-06-27 10:13:19,349 - root - INFO - Fetched weather for Medgyesegyháza: 36.6°C, Clear, humidity: 29%
2026-06-27 10:13:20,451 - root - INFO - [964/1205] Fetching weather for Bánkút...
2026-06-27 10:13:20,543 - root - INFO - Fetched weather for Bánkút: 36.6°C, Clear, humidity: 25%
2026-06-27 10:13:21,644 - root - INFO - [965/1205] Fetching weather for Belsőperegpuszta...
2026-06-27 10:13:21,745 - root - INFO - Fetched weather for Belsőperegpuszta: 35.6°C, Clear, humidity: 31%
2026-06-27 10:13:22,847 - root - INFO - [966/1205] Fetching weather for Battonya...
2026-06-27 10:13:22,936 - root - INFO - Fetched weather for Battonya: 35.6°C, Clear, humidity: 100%
2026-06-27 10:13:24,038 - root - INFO - [967/1205] Fetching weather for Baja-Dunafürdő...
2026-06-27 10:13:24,136 - root - INFO - Fetched weather for Baja-Dunafürdő: 35.9°C, Clear, humidity: 25%
2026-06-27 10:13:25,238 - root - INFO - [968/1205] Fetching weather for Kaposszekcső...
2026-06-27 10:13:25,325 - root - INFO - Fetched weather for Kaposszekcső: 36.3°C, Clear, humidity: 24%
2026-06-27 10:13:26,427 - root - INFO - [969/1205] Fetching weather for Vásárosdombó...
2026-06-27 10:13:26,519 - root - INFO - Fetched weather for Vásárosdombó: 36.0°C, Clear, humidity: 25%
2026-06-27 10:13:27,620 - root - INFO - [970/1205] Fetching weather for Sásd...
2026-06-27 10:13:27,713 - root - INFO - Fetched weather for Sásd: 35.7°C, Clear, humidity: 26%
2026-06-27 10:13:28,814 - root - INFO - [971/1205] Fetching weather for Godisa...
2026-06-27 10:13:28,906 - root - INFO - Fetched weather for Godisa: 35.3°C, Clear, humidity: 26%
2026-06-27 10:13:30,008 - root - INFO - [972/1205] Fetching weather for Abaliget...
2026-06-27 10:13:30,096 - root - INFO - Fetched weather for Abaliget: 34.4°C, Clear, humidity: 29%
2026-06-27 10:13:31,197 - root - INFO - [973/1205] Fetching weather for Hetvehely...
2026-06-27 10:13:31,305 - root - INFO - Fetched weather for Hetvehely: 34.3°C, Clear, humidity: 30%
2026-06-27 10:13:32,406 - root - INFO - [974/1205] Fetching weather for Bükkösd...
2026-06-27 10:13:32,498 - root - INFO - Fetched weather for Bükkösd: 34.1°C, Clear, humidity: 30%
2026-06-27 10:13:33,600 - root - INFO - [975/1205] Fetching weather for Cserdi-Helesfa...
2026-06-27 10:13:33,699 - root - INFO - Fetched weather for Cserdi-Helesfa: 34.0°C, Clear, humidity: 31%
2026-06-27 10:13:34,800 - root - INFO - [976/1205] Fetching weather for Szentlőrinc...
2026-06-27 10:13:34,890 - root - INFO - Fetched weather for Szentlőrinc: 34.0°C, Clear, humidity: 33%
2026-06-27 10:13:35,991 - root - INFO - [977/1205] Fetching weather for Bicsérd...
2026-06-27 10:13:36,081 - root - INFO - Fetched weather for Bicsérd: 34.0°C, Clear, humidity: 32%
2026-06-27 10:13:37,183 - root - INFO - [978/1205] Fetching weather for Mecsekalja-Cserkút...
2026-06-27 10:13:37,290 - root - INFO - Fetched weather for Mecsekalja-Cserkút: 36.8°C, Clear, humidity: 30%
2026-06-27 10:13:38,392 - root - INFO - [979/1205] Fetching weather for Pécs...
2026-06-27 10:13:38,481 - root - INFO - Fetched weather for Pécs: 36.7°C, Clear, humidity: 25%
2026-06-27 10:13:39,582 - root - INFO - [980/1205] Fetching weather for Pécs-Külváros...
2026-06-27 10:13:39,674 - root - INFO - Fetched weather for Pécs-Külváros: 36.7°C, Clear, humidity: 25%
2026-06-27 10:13:40,776 - root - INFO - [981/1205] Fetching weather for Pécsbánya-Rendező...
2026-06-27 10:13:40,864 - root - INFO - Fetched weather for Pécsbánya-Rendező: 36.5°C, Clear, humidity: 25%
2026-06-27 10:13:41,966 - root - INFO - [982/1205] Fetching weather for Pécsudvard...
2026-06-27 10:13:42,053 - root - INFO - Fetched weather for Pécsudvard: 36.4°C, Clear, humidity: 25%
2026-06-27 10:13:43,155 - root - INFO - [983/1205] Fetching weather for Szőkéd...
2026-06-27 10:13:43,256 - root - INFO - Fetched weather for Szőkéd: 36.6°C, Clear, humidity: 25%
2026-06-27 10:13:44,358 - root - INFO - [984/1205] Fetching weather for Áta...
2026-06-27 10:13:44,451 - root - INFO - Fetched weather for Áta: 33.8°C, Clear, humidity: 44%
2026-06-27 10:13:45,552 - root - INFO - [985/1205] Fetching weather for Kistótfalu...
2026-06-27 10:13:45,643 - root - INFO - Fetched weather for Kistótfalu: 33.8°C, Clear, humidity: 44%
2026-06-27 10:13:46,744 - root - INFO - [986/1205] Fetching weather for Vokány...
2026-06-27 10:13:46,834 - root - INFO - Fetched weather for Vokány: 33.8°C, Clear, humidity: 44%
2026-06-27 10:13:47,936 - root - INFO - [987/1205] Fetching weather for Palkonya...
2026-06-27 10:13:48,031 - root - INFO - Fetched weather for Palkonya: 33.8°C, Clear, humidity: 44%
2026-06-27 10:13:49,133 - root - INFO - [988/1205] Fetching weather for Villánykövesd...
2026-06-27 10:13:49,230 - root - INFO - Fetched weather for Villánykövesd: 33.7°C, Clear, humidity: 44%
2026-06-27 10:13:50,332 - root - INFO - [989/1205] Fetching weather for Villány...
2026-06-27 10:13:50,422 - root - INFO - Fetched weather for Villány: 33.9°C, Clear, humidity: 44%
2026-06-27 10:13:51,524 - root - INFO - [990/1205] Fetching weather for Magyarbóly...
2026-06-27 10:13:51,617 - root - INFO - Fetched weather for Magyarbóly: 33.9°C, Clear, humidity: 44%
2026-06-27 10:13:52,718 - root - INFO - [991/1205] Fetching weather for Magyarszék...
2026-06-27 10:13:52,812 - root - INFO - Fetched weather for Magyarszék: 36.5°C, Clear, humidity: 26%
2026-06-27 10:13:53,914 - root - INFO - [992/1205] Fetching weather for Mecsekpölöske...
2026-06-27 10:13:54,002 - root - INFO - Fetched weather for Mecsekpölöske: 36.3°C, Clear, humidity: 26%
2026-06-27 10:13:55,104 - root - INFO - [993/1205] Fetching weather for Mecsekjánosi...
2026-06-27 10:13:55,200 - root - INFO - Fetched weather for Mecsekjánosi: 36.3°C, Clear, humidity: 26%
2026-06-27 10:13:56,302 - root - INFO - [994/1205] Fetching weather for Komló...
2026-06-27 10:13:56,392 - root - INFO - Fetched weather for Komló: 36.0°C, Clear, humidity: 26%
2026-06-27 10:13:57,493 - root - INFO - [995/1205] Fetching weather for Királyegyháza-Rigópuszta...
2026-06-27 10:13:57,581 - root - INFO - Fetched weather for Királyegyháza-Rigópuszta: 33.8°C, Clear, humidity: 34%
2026-06-27 10:13:58,683 - root - INFO - [996/1205] Fetching weather for Sumony...
2026-06-27 10:13:58,781 - root - INFO - Fetched weather for Sumony: 33.5°C, Clear, humidity: 35%
2026-06-27 10:13:59,883 - root - INFO - [997/1205] Fetching weather for Okorág-Kárászpuszta...
2026-06-27 10:13:59,975 - root - INFO - Fetched weather for Okorág-Kárászpuszta: 33.5°C, Clear, humidity: 36%
2026-06-27 10:14:01,077 - root - INFO - [998/1205] Fetching weather for Kákics...
2026-06-27 10:14:01,187 - root - INFO - Fetched weather for Kákics: 33.4°C, Clear, humidity: 36%
2026-06-27 10:14:02,288 - root - INFO - [999/1205] Fetching weather for Bóly...
2026-06-27 10:14:02,385 - root - INFO - Fetched weather for Bóly: 33.7°C, Clear, humidity: 44%
2026-06-27 10:14:03,487 - root - INFO - [1000/1205] Fetching weather for Mohács...
2026-06-27 10:14:03,581 - root - INFO - Fetched weather for Mohács: 36.9°C, Clear, humidity: 25%
2026-06-27 10:14:04,683 - root - INFO - [1001/1205] Fetching weather for Sellye...
2026-06-27 10:14:04,774 - root - INFO - Fetched weather for Sellye: 33.4°C, Clear, humidity: 36%
2026-06-27 10:14:05,876 - root - INFO - [1002/1205] Fetching weather for Toponár...
2026-06-27 10:14:05,966 - root - INFO - Fetched weather for Toponár: 35.7°C, Clear, humidity: 23%
2026-06-27 10:14:07,067 - root - INFO - [1003/1205] Fetching weather for Somogyaszaló...
2026-06-27 10:14:07,165 - root - INFO - Fetched weather for Somogyaszaló: 35.6°C, Clear, humidity: 23%
2026-06-27 10:14:08,266 - root - INFO - [1004/1205] Fetching weather for Mernye...
2026-06-27 10:14:08,357 - root - INFO - Fetched weather for Mernye: 35.4°C, Clear, humidity: 24%
2026-06-27 10:14:09,458 - root - INFO - [1005/1205] Fetching weather for Felsőmocsolád...
2026-06-27 10:14:09,553 - root - INFO - Fetched weather for Felsőmocsolád: 35.0°C, Clear, humidity: 25%
2026-06-27 10:14:10,654 - root - INFO - [1006/1205] Fetching weather for Kisbárapáti...
2026-06-27 10:14:10,746 - root - INFO - Fetched weather for Kisbárapáti: 34.3°C, Clear, humidity: 27%
2026-06-27 10:14:11,848 - root - INFO - [1007/1205] Fetching weather for Bonnya...
2026-06-27 10:14:11,937 - root - INFO - Fetched weather for Bonnya: 35.1°C, Clear, humidity: 26%
2026-06-27 10:14:13,039 - root - INFO - [1008/1205] Fetching weather for Andocs...
2026-06-27 10:14:13,133 - root - INFO - Fetched weather for Andocs: 33.9°C, Clear, humidity: 28%
2026-06-27 10:14:14,235 - root - INFO - [1009/1205] Fetching weather for Karád...
2026-06-27 10:14:14,326 - root - INFO - Fetched weather for Karád: 33.6°C, Clear, humidity: 29%
2026-06-27 10:14:15,428 - root - INFO - [1010/1205] Fetching weather for Somogymeggyes...
2026-06-27 10:14:15,520 - root - INFO - Fetched weather for Somogymeggyes: 33.2°C, Clear, humidity: 30%
2026-06-27 10:14:16,621 - root - INFO - [1011/1205] Fetching weather for Kapoly...
2026-06-27 10:14:16,714 - root - INFO - Fetched weather for Kapoly: 33.4°C, Clear, humidity: 26%
2026-06-27 10:14:17,816 - root - INFO - [1012/1205] Fetching weather for Tab...
2026-06-27 10:14:17,910 - root - INFO - Fetched weather for Tab: 34.7°C, Clear, humidity: 26%
2026-06-27 10:14:19,011 - root - INFO - [1013/1205] Fetching weather for Bábonymegyer...
2026-06-27 10:14:19,119 - root - INFO - Fetched weather for Bábonymegyer: 34.8°C, Clear, humidity: 60%
2026-06-27 10:14:20,220 - root - INFO - [1014/1205] Fetching weather for Daránypuszta...
2026-06-27 10:14:20,309 - root - INFO - Fetched weather for Daránypuszta: 34.8°C, Clear, humidity: 60%
2026-06-27 10:14:21,411 - root - INFO - [1015/1205] Fetching weather for Som-Nagyberény...
2026-06-27 10:14:21,502 - root - INFO - Fetched weather for Som-Nagyberény: 34.8°C, Clear, humidity: 60%
2026-06-27 10:14:22,603 - root - INFO - [1016/1205] Fetching weather for Ádánd...
2026-06-27 10:14:22,695 - root - INFO - Fetched weather for Ádánd: 35.0°C, Clear, humidity: 60%
2026-06-27 10:14:23,797 - root - INFO - [1017/1205] Fetching weather for Siójut...
2026-06-27 10:14:23,886 - root - INFO - Fetched weather for Siójut: 34.9°C, Clear, humidity: 60%
2026-06-27 10:14:24,987 - root - INFO - [1018/1205] Fetching weather for Kapostüskevár...
2026-06-27 10:14:25,086 - root - INFO - Fetched weather for Kapostüskevár: 35.7°C, Clear, humidity: 24%
2026-06-27 10:14:26,188 - root - INFO - [1019/1205] Fetching weather for Kaposfüred...
2026-06-27 10:14:26,279 - root - INFO - Fetched weather for Kaposfüred: 35.7°C, Clear, humidity: 23%
2026-06-27 10:14:27,381 - root - INFO - [1020/1205] Fetching weather for Várda...
2026-06-27 10:14:27,471 - root - INFO - Fetched weather for Várda: 35.3°C, Clear, humidity: 24%
2026-06-27 10:14:28,572 - root - INFO - [1021/1205] Fetching weather for Somogyjád...
2026-06-27 10:14:28,661 - root - INFO - Fetched weather for Somogyjád: 35.2°C, Clear, humidity: 25%
2026-06-27 10:14:29,762 - root - INFO - [1022/1205] Fetching weather for Osztopán...
2026-06-27 10:14:29,851 - root - INFO - Fetched weather for Osztopán: 34.9°C, Clear, humidity: 26%
2026-06-27 10:14:30,953 - root - INFO - [1023/1205] Fetching weather for Pamuk...
2026-06-27 10:14:31,049 - root - INFO - Fetched weather for Pamuk: 34.7°C, Clear, humidity: 27%
2026-06-27 10:14:32,151 - root - INFO - [1024/1205] Fetching weather for Somogyvár...
2026-06-27 10:14:32,242 - root - INFO - Fetched weather for Somogyvár: 34.4°C, Clear, humidity: 29%
2026-06-27 10:14:33,344 - root - INFO - [1025/1205] Fetching weather for Öreglak...
2026-06-27 10:14:33,439 - root - INFO - Fetched weather for Öreglak: 34.0°C, Clear, humidity: 30%
2026-06-27 10:14:34,540 - root - INFO - [1026/1205] Fetching weather for Tatárvár...
2026-06-27 10:14:34,630 - root - INFO - Fetched weather for Tatárvár: 33.4°C, Clear, humidity: 32%
2026-06-27 10:14:35,731 - root - INFO - [1027/1205] Fetching weather for Lengyeltóti...
2026-06-27 10:14:35,827 - root - INFO - Fetched weather for Lengyeltóti: 33.1°C, Clear, humidity: 34%
2026-06-27 10:14:36,928 - root - INFO - [1028/1205] Fetching weather for Pusztaberény...
2026-06-27 10:14:37,032 - root - INFO - Fetched weather for Pusztaberény: 33.0°C, Clear, humidity: 35%
2026-06-27 10:14:38,133 - root - INFO - [1029/1205] Fetching weather for Örkény...
2026-06-27 10:14:38,230 - root - INFO - Fetched weather for Örkény: 34.6°C, Clear, humidity: 25%
2026-06-27 10:14:39,331 - root - INFO - [1030/1205] Fetching weather for Táborfalva...
2026-06-27 10:14:39,429 - root - INFO - Fetched weather for Táborfalva: 35.5°C, Clear, humidity: 25%
2026-06-27 10:14:40,531 - root - INFO - [1031/1205] Fetching weather for Felsőlajos...
2026-06-27 10:14:40,623 - root - INFO - Fetched weather for Felsőlajos: 35.5°C, Clear, humidity: 25%
2026-06-27 10:14:41,725 - root - INFO - [1032/1205] Fetching weather for Lajosmizse...
2026-06-27 10:14:41,813 - root - INFO - Fetched weather for Lajosmizse: 35.5°C, Clear, humidity: 40%
2026-06-27 10:14:42,914 - root - INFO - [1033/1205] Fetching weather for Lajosmizse alsó...
2026-06-27 10:14:43,009 - root - INFO - Fetched weather for Lajosmizse alsó: 35.5°C, Clear, humidity: 40%
2026-06-27 10:14:44,111 - root - INFO - [1034/1205] Fetching weather for Klábertelep...
2026-06-27 10:14:44,207 - root - INFO - Fetched weather for Klábertelep: 35.5°C, Clear, humidity: 40%
2026-06-27 10:14:45,309 - root - INFO - [1035/1205] Fetching weather for Méntelek...
2026-06-27 10:14:45,397 - root - INFO - Fetched weather for Méntelek: 35.5°C, Clear, humidity: 40%
2026-06-27 10:14:46,499 - root - INFO - [1036/1205] Fetching weather for Hetényegyháza...
2026-06-27 10:14:46,589 - root - INFO - Fetched weather for Hetényegyháza: 35.5°C, Clear, humidity: 40%
2026-06-27 10:14:47,691 - root - INFO - [1037/1205] Fetching weather for Kecskemét-Máriaváros...
2026-06-27 10:14:47,782 - root - INFO - Fetched weather for Kecskemét-Máriaváros: 35.6°C, Clear, humidity: 40%
2026-06-27 10:14:48,883 - root - INFO - [1038/1205] Fetching weather for Nyársapát...
2026-06-27 10:14:48,982 - root - INFO - Fetched weather for Nyársapát: 36.0°C, Clear, humidity: 25%
2026-06-27 10:14:50,083 - root - INFO - [1039/1205] Fetching weather for Nagykőrös...
2026-06-27 10:14:50,181 - root - INFO - Fetched weather for Nagykőrös: 35.6°C, Clear, humidity: 40%
2026-06-27 10:14:51,283 - root - INFO - [1040/1205] Fetching weather for Katonatelep...
2026-06-27 10:14:51,373 - root - INFO - Fetched weather for Katonatelep: 35.5°C, Clear, humidity: 40%
2026-06-27 10:14:52,474 - root - INFO - [1041/1205] Fetching weather for Kecskemét...
2026-06-27 10:14:52,573 - root - INFO - Fetched weather for Kecskemét: 35.6°C, Clear, humidity: 40%
2026-06-27 10:14:53,674 - root - INFO - [1042/1205] Fetching weather for Városföld...
2026-06-27 10:14:53,769 - root - INFO - Fetched weather for Városföld: 36.0°C, Clear, humidity: 33%
2026-06-27 10:14:54,870 - root - INFO - [1043/1205] Fetching weather for Kiskunfélegyháza...
2026-06-27 10:14:54,979 - root - INFO - Fetched weather for Kiskunfélegyháza: 37.8°C, Clear, humidity: 22%
2026-06-27 10:14:56,080 - root - INFO - [1044/1205] Fetching weather for Petőfiszállás...
2026-06-27 10:14:56,177 - root - INFO - Fetched weather for Petőfiszállás: 37.8°C, Clear, humidity: 26%
2026-06-27 10:14:57,278 - root - INFO - [1045/1205] Fetching weather for Csengele...
2026-06-27 10:14:57,373 - root - INFO - Fetched weather for Csengele: 37.8°C, Clear, humidity: 26%
2026-06-27 10:14:58,474 - root - INFO - [1046/1205] Fetching weather for Kistelek...
2026-06-27 10:14:58,567 - root - INFO - Fetched weather for Kistelek: 37.2°C, Clear, humidity: 26%
2026-06-27 10:14:59,669 - root - INFO - [1047/1205] Fetching weather for Balástya...
2026-06-27 10:14:59,760 - root - INFO - Fetched weather for Balástya: 37.2°C, Clear, humidity: 26%
2026-06-27 10:15:00,861 - root - INFO - [1048/1205] Fetching weather for Szatymaz...
2026-06-27 10:15:00,955 - root - INFO - Fetched weather for Szatymaz: 37.3°C, Clear, humidity: 26%
2026-06-27 10:15:02,057 - root - INFO - [1049/1205] Fetching weather for Kiskundorozsma...
2026-06-27 10:15:02,155 - root - INFO - Fetched weather for Kiskundorozsma: 37.3°C, Clear, humidity: 26%
2026-06-27 10:15:03,257 - root - INFO - [1050/1205] Fetching weather for Szeged...
2026-06-27 10:15:03,353 - root - INFO - Fetched weather for Szeged: 37.3°C, Clear, humidity: 26%
2026-06-27 10:15:04,454 - root - INFO - [1051/1205] Fetching weather for Alsóúrrét...
2026-06-27 10:15:04,550 - root - INFO - Fetched weather for Alsóúrrét: 37.1°C, Clear, humidity: 24%
2026-06-27 10:15:05,651 - root - INFO - [1052/1205] Fetching weather for Nyárlőrinc...
2026-06-27 10:15:05,739 - root - INFO - Fetched weather for Nyárlőrinc: 35.8°C, Clear, humidity: 36%
2026-06-27 10:15:06,841 - root - INFO - [1053/1205] Fetching weather for Világoshegy...
2026-06-27 10:15:06,943 - root - INFO - Fetched weather for Világoshegy: 37.8°C, Clear, humidity: 21%
2026-06-27 10:15:08,044 - root - INFO - [1054/1205] Fetching weather for Szikra...
2026-06-27 10:15:08,140 - root - INFO - Fetched weather for Szikra: 37.4°C, Clear, humidity: 22%
2026-06-27 10:15:09,241 - root - INFO - [1055/1205] Fetching weather for Lakitelek...
2026-06-27 10:15:09,338 - root - INFO - Fetched weather for Lakitelek: 37.6°C, Clear, humidity: 24%
2026-06-27 10:15:10,439 - root - INFO - [1056/1205] Fetching weather for Tiszaug...
2026-06-27 10:15:10,534 - root - INFO - Fetched weather for Tiszaug: 37.8°C, Clear, humidity: 24%
2026-06-27 10:15:11,636 - root - INFO - [1057/1205] Fetching weather for Tiszasas...
2026-06-27 10:15:11,729 - root - INFO - Fetched weather for Tiszasas: 37.9°C, Clear, humidity: 24%
2026-06-27 10:15:12,830 - root - INFO - [1058/1205] Fetching weather for Csépa...
2026-06-27 10:15:12,924 - root - INFO - Fetched weather for Csépa: 37.9°C, Clear, humidity: 24%
2026-06-27 10:15:14,026 - root - INFO - [1059/1205] Fetching weather for Szelevény...
2026-06-27 10:15:14,123 - root - INFO - Fetched weather for Szelevény: 37.9°C, Clear, humidity: 24%
2026-06-27 10:15:15,225 - root - INFO - [1060/1205] Fetching weather for Gátér...
2026-06-27 10:15:15,329 - root - INFO - Fetched weather for Gátér: 37.9°C, Clear, humidity: 26%
2026-06-27 10:15:16,431 - root - INFO - [1061/1205] Fetching weather for Kónyaszék...
2026-06-27 10:15:16,528 - root - INFO - Fetched weather for Kónyaszék: 37.9°C, Clear, humidity: 26%
2026-06-27 10:15:17,630 - root - INFO - [1062/1205] Fetching weather for Csongrád...
2026-06-27 10:15:17,720 - root - INFO - Fetched weather for Csongrád: 37.9°C, Clear, humidity: 23%
2026-06-27 10:15:18,822 - root - INFO - [1063/1205] Fetching weather for Hékéd...
2026-06-27 10:15:18,918 - root - INFO - Fetched weather for Hékéd: 33.9°C, Clear, humidity: 26%
2026-06-27 10:15:20,020 - root - INFO - [1064/1205] Fetching weather for Fábiánsebestyén...
2026-06-27 10:15:20,115 - root - INFO - Fetched weather for Fábiánsebestyén: 33.9°C, Clear, humidity: 26%
2026-06-27 10:15:21,216 - root - INFO - [1065/1205] Fetching weather for Gádoros...
2026-06-27 10:15:21,319 - root - INFO - Fetched weather for Gádoros: 33.9°C, Clear, humidity: 25%
2026-06-27 10:15:22,421 - root - INFO - [1066/1205] Fetching weather for Justhmajor...
2026-06-27 10:15:22,522 - root - INFO - Fetched weather for Justhmajor: 33.9°C, Clear, humidity: 25%
2026-06-27 10:15:23,624 - root - INFO - [1067/1205] Fetching weather for Szentetornya...
2026-06-27 10:15:23,712 - root - INFO - Fetched weather for Szentetornya: 33.9°C, Clear, humidity: 25%
2026-06-27 10:15:24,814 - root - INFO - [1068/1205] Fetching weather for Gyopárosfürdő...
2026-06-27 10:15:24,913 - root - INFO - Fetched weather for Gyopárosfürdő: 33.9°C, Clear, humidity: 26%
2026-06-27 10:15:26,014 - root - INFO - [1069/1205] Fetching weather for Szabadságliget...
2026-06-27 10:15:26,110 - root - INFO - Fetched weather for Szabadságliget: 35.1°C, Clear, humidity: 34%
2026-06-27 10:15:27,212 - root - INFO - [1070/1205] Fetching weather for Röszke...
2026-06-27 10:15:27,308 - root - INFO - Fetched weather for Röszke: 37.3°C, Clear, humidity: 26%
2026-06-27 10:15:28,410 - root - INFO - [1071/1205] Fetching weather for Tószeg...
2026-06-27 10:15:28,510 - root - INFO - Fetched weather for Tószeg: 36.1°C, Clear, humidity: 36%
2026-06-27 10:15:29,611 - root - INFO - [1072/1205] Fetching weather for Tiszavárkony...
2026-06-27 10:15:29,699 - root - INFO - Fetched weather for Tiszavárkony: 36.1°C, Clear, humidity: 36%
2026-06-27 10:15:30,801 - root - INFO - [1073/1205] Fetching weather for Tiszajenő-Vezseny...
2026-06-27 10:15:30,903 - root - INFO - Fetched weather for Tiszajenő-Vezseny: 36.1°C, Clear, humidity: 36%
2026-06-27 10:15:32,005 - root - INFO - [1074/1205] Fetching weather for Újbög...
2026-06-27 10:15:32,111 - root - INFO - Fetched weather for Újbög: 36.1°C, Clear, humidity: 36%
2026-06-27 10:15:33,212 - root - INFO - [1075/1205] Fetching weather for Tiszakécske...
2026-06-27 10:15:33,308 - root - INFO - Fetched weather for Tiszakécske: 36.1°C, Clear, humidity: 36%
2026-06-27 10:15:34,409 - root - INFO - [1076/1205] Fetching weather for Kerekdomb...
2026-06-27 10:15:34,508 - root - INFO - Fetched weather for Kerekdomb: 36.3°C, Clear, humidity: 24%
2026-06-27 10:15:35,610 - root - INFO - [1077/1205] Fetching weather for Tiszaalpár...
2026-06-27 10:15:35,702 - root - INFO - Fetched weather for Tiszaalpár: 37.8°C, Clear, humidity: 22%
2026-06-27 10:15:36,803 - root - INFO - [1078/1205] Fetching weather for Tiszaalpár alsó...
2026-06-27 10:15:36,905 - root - INFO - Fetched weather for Tiszaalpár alsó: 37.8°C, Clear, humidity: 22%
2026-06-27 10:15:38,007 - root - INFO - [1079/1205] Fetching weather for Tiszatenyő...
2026-06-27 10:15:38,095 - root - INFO - Fetched weather for Tiszatenyő: 36.1°C, Clear, humidity: 36%
2026-06-27 10:15:39,196 - root - INFO - [1080/1205] Fetching weather for Pusztapó...
2026-06-27 10:15:39,295 - root - INFO - Fetched weather for Pusztapó: 36.1°C, Clear, humidity: 26%
2026-06-27 10:15:40,396 - root - INFO - [1081/1205] Fetching weather for Kétpó...
2026-06-27 10:15:40,499 - root - INFO - Fetched weather for Kétpó: 36.1°C, Clear, humidity: 26%
2026-06-27 10:15:41,600 - root - INFO - [1082/1205] Fetching weather for Mezőtúr...
2026-06-27 10:15:41,689 - root - INFO - Fetched weather for Mezőtúr: 34.0°C, Clear, humidity: 26%
2026-06-27 10:15:42,790 - root - INFO - [1083/1205] Fetching weather for Nagylapos...
2026-06-27 10:15:42,890 - root - INFO - Fetched weather for Nagylapos: 34.1°C, Clear, humidity: 26%
2026-06-27 10:15:43,991 - root - INFO - [1084/1205] Fetching weather for Gyoma...
2026-06-27 10:15:44,085 - root - INFO - Fetched weather for Gyoma: 34.2°C, Clear, humidity: 26%
2026-06-27 10:15:45,186 - root - INFO - [1085/1205] Fetching weather for Csárdaszállás...
2026-06-27 10:15:45,290 - root - INFO - Fetched weather for Csárdaszállás: 36.7°C, Clear, humidity: 26%
2026-06-27 10:15:46,392 - root - INFO - [1086/1205] Fetching weather for Mezőberény...
2026-06-27 10:15:46,488 - root - INFO - Fetched weather for Mezőberény: 36.7°C, Clear, humidity: 25%
2026-06-27 10:15:47,590 - root - INFO - [1087/1205] Fetching weather for Murony...
2026-06-27 10:15:47,678 - root - INFO - Fetched weather for Murony: 36.7°C, Clear, humidity: 25%
2026-06-27 10:15:48,780 - root - INFO - [1088/1205] Fetching weather for Békéscsaba...
2026-06-27 10:15:48,877 - root - INFO - Fetched weather for Békéscsaba: 36.6°C, Clear, humidity: 25%
2026-06-27 10:15:49,979 - root - INFO - [1089/1205] Fetching weather for Kétegyháza...
2026-06-27 10:15:50,080 - root - INFO - Fetched weather for Kétegyháza: 36.6°C, Clear, humidity: 25%
2026-06-27 10:15:51,182 - root - INFO - [1090/1205] Fetching weather for Lőkösháza...
2026-06-27 10:15:51,282 - root - INFO - Fetched weather for Lőkösháza: 36.2°C, Clear, humidity: 30%
2026-06-27 10:15:52,384 - root - INFO - [1091/1205] Fetching weather for Kengyel...
2026-06-27 10:15:52,477 - root - INFO - Fetched weather for Kengyel: 35.5°C, Clear, humidity: 36%
2026-06-27 10:15:53,579 - root - INFO - [1092/1205] Fetching weather for Bagimajor...
2026-06-27 10:15:53,668 - root - INFO - Fetched weather for Bagimajor: 35.6°C, Clear, humidity: 36%
2026-06-27 10:15:54,769 - root - INFO - [1093/1205] Fetching weather for Martfű...
2026-06-27 10:15:54,867 - root - INFO - Fetched weather for Martfű: 35.5°C, Clear, humidity: 36%
2026-06-27 10:15:55,968 - root - INFO - [1094/1205] Fetching weather for Tiszaföldvár...
2026-06-27 10:15:56,063 - root - INFO - Fetched weather for Tiszaföldvár: 35.5°C, Clear, humidity: 36%
2026-06-27 10:15:57,164 - root - INFO - [1095/1205] Fetching weather for Homok...
2026-06-27 10:15:57,261 - root - INFO - Fetched weather for Homok: 35.6°C, Clear, humidity: 36%
2026-06-27 10:15:58,362 - root - INFO - [1096/1205] Fetching weather for Kungyalu...
2026-06-27 10:15:58,453 - root - INFO - Fetched weather for Kungyalu: 35.6°C, Clear, humidity: 25%
2026-06-27 10:15:59,554 - root - INFO - [1097/1205] Fetching weather for Kunszentmárton...
2026-06-27 10:15:59,656 - root - INFO - Fetched weather for Kunszentmárton: 33.9°C, Clear, humidity: 24%
2026-06-27 10:16:00,758 - root - INFO - [1098/1205] Fetching weather for Nagytőke...
2026-06-27 10:16:00,855 - root - INFO - Fetched weather for Nagytőke: 33.9°C, Clear, humidity: 26%
2026-06-27 10:16:01,956 - root - INFO - [1099/1205] Fetching weather for Szentes...
2026-06-27 10:16:02,054 - root - INFO - Fetched weather for Szentes: 33.9°C, Clear, humidity: 26%
2026-06-27 10:16:03,156 - root - INFO - [1100/1205] Fetching weather for Szegvár...
2026-06-27 10:16:03,258 - root - INFO - Fetched weather for Szegvár: 33.9°C, Clear, humidity: 26%
2026-06-27 10:16:04,359 - root - INFO - [1101/1205] Fetching weather for Mindszent...
2026-06-27 10:16:04,446 - root - INFO - Fetched weather for Mindszent: 33.9°C, Clear, humidity: 26%
2026-06-27 10:16:05,547 - root - INFO - [1102/1205] Fetching weather for Mártély...
2026-06-27 10:16:05,645 - root - INFO - Fetched weather for Mártély: 33.9°C, Clear, humidity: 24%
2026-06-27 10:16:06,747 - root - INFO - [1103/1205] Fetching weather for Pusztabánréve...
2026-06-27 10:16:06,842 - root - INFO - Fetched weather for Pusztabánréve: 34.3°C, Clear, humidity: 25%
2026-06-27 10:16:07,944 - root - INFO - [1104/1205] Fetching weather for Szarvas...
2026-06-27 10:16:08,046 - root - INFO - Fetched weather for Szarvas: 34.5°C, Clear, humidity: 25%
2026-06-27 10:16:09,147 - root - INFO - [1105/1205] Fetching weather for Csabacsűd...
2026-06-27 10:16:09,245 - root - INFO - Fetched weather for Csabacsűd: 34.6°C, Clear, humidity: 25%
2026-06-27 10:16:10,346 - root - INFO - [1106/1205] Fetching weather for Kisszénás...
2026-06-27 10:16:10,439 - root - INFO - Fetched weather for Kisszénás: 34.6°C, Clear, humidity: 25%
2026-06-27 10:16:11,541 - root - INFO - [1107/1205] Fetching weather for Kiscsákó...
2026-06-27 10:16:11,638 - root - INFO - Fetched weather for Kiscsákó: 34.7°C, Clear, humidity: 25%
2026-06-27 10:16:12,739 - root - INFO - [1108/1205] Fetching weather for Nagyszénás...
2026-06-27 10:16:12,843 - root - INFO - Fetched weather for Nagyszénás: 34.7°C, Clear, humidity: 25%
2026-06-27 10:16:13,945 - root - INFO - [1109/1205] Fetching weather for Kardoskút...
2026-06-27 10:16:14,044 - root - INFO - Fetched weather for Kardoskút: 34.6°C, Clear, humidity: 27%
2026-06-27 10:16:15,145 - root - INFO - [1110/1205] Fetching weather for Tótkomlós...
2026-06-27 10:16:15,242 - root - INFO - Fetched weather for Tótkomlós: 34.2°C, Clear, humidity: 29%
2026-06-27 10:16:16,343 - root - INFO - [1111/1205] Fetching weather for Nagyér...
2026-06-27 10:16:16,432 - root - INFO - Fetched weather for Nagyér: 34.0°C, Clear, humidity: 30%
2026-06-27 10:16:17,534 - root - INFO - [1112/1205] Fetching weather for Pitvaros...
2026-06-27 10:16:17,637 - root - INFO - Fetched weather for Pitvaros: 33.9°C, Clear, humidity: 31%
2026-06-27 10:16:18,739 - root - INFO - [1113/1205] Fetching weather for Dévaványa...
2026-06-27 10:16:18,834 - root - INFO - Fetched weather for Dévaványa: 33.9°C, Clear, humidity: 27%
2026-06-27 10:16:19,936 - root - INFO - [1114/1205] Fetching weather for Körösladány...
2026-06-27 10:16:20,035 - root - INFO - Fetched weather for Körösladány: 34.0°C, Clear, humidity: 27%
2026-06-27 10:16:21,137 - root - INFO - [1115/1205] Fetching weather for Szeghalom...
2026-06-27 10:16:21,235 - root - INFO - Fetched weather for Szeghalom: 33.9°C, Clear, humidity: 27%
2026-06-27 10:16:22,336 - root - INFO - [1116/1205] Fetching weather for Vésztő...
2026-06-27 10:16:22,425 - root - INFO - Fetched weather for Vésztő: 34.1°C, Clear, humidity: 27%
2026-06-27 10:16:23,527 - root - INFO - [1117/1205] Fetching weather for Szeged-Rókus...
2026-06-27 10:16:23,624 - root - INFO - Fetched weather for Szeged-Rókus: 37.3°C, Clear, humidity: 26%
2026-06-27 10:16:24,726 - root - INFO - [1118/1205] Fetching weather for Algyő...
2026-06-27 10:16:24,828 - root - INFO - Fetched weather for Algyő: 37.3°C, Clear, humidity: 26%
2026-06-27 10:16:25,930 - root - INFO - [1119/1205] Fetching weather for Hódmezővásárhelyi Népkert...
2026-06-27 10:16:26,036 - root - INFO - Fetched weather for Hódmezővásárhelyi Népkert: 33.9°C, Clear, humidity: 25%
2026-06-27 10:16:27,138 - root - INFO - [1120/1205] Fetching weather for Hódmezővásárhely...
2026-06-27 10:16:27,236 - root - INFO - Fetched weather for Hódmezővásárhely: 33.9°C, Clear, humidity: 25%
2026-06-27 10:16:28,338 - root - INFO - [1121/1205] Fetching weather for Körmend...
2026-06-27 10:16:28,439 - root - INFO - Fetched weather for Körmend: 34.8°C, Clear, humidity: 30%
2026-06-27 10:16:29,541 - root - INFO - [1122/1205] Fetching weather for Szentgotthárd...
2026-06-27 10:16:29,641 - root - INFO - Fetched weather for Szentgotthárd: 34.7°C, Clear, humidity: 36%
2026-06-27 10:16:30,743 - root - INFO - [1123/1205] Fetching weather for Szombathely...
2026-06-27 10:16:30,838 - root - INFO - Fetched weather for Szombathely: 36.1°C, Clear, humidity: 30%
2026-06-27 10:16:31,940 - root - INFO - [1124/1205] Fetching weather for Sáferkút...
2026-06-27 10:16:32,043 - root - INFO - Fetched weather for Sáferkút: 31.7°C, Clear, humidity: 32%
2026-06-27 10:16:33,145 - root - INFO - [1125/1205] Fetching weather for Magdolnavölgy...
2026-06-27 10:16:33,235 - root - INFO - Fetched weather for Magdolnavölgy: 35.1°C, Clear, humidity: 31%
2026-06-27 10:16:34,337 - root - INFO - [1126/1205] Fetching weather for Haris...
2026-06-27 10:16:34,427 - root - INFO - Fetched weather for Haris: 34.7°C, Clear, humidity: 35%
2026-06-27 10:16:35,528 - root - INFO - [1127/1205] Fetching weather for Egyházasrádóc...
2026-06-27 10:16:35,628 - root - INFO - Fetched weather for Egyházasrádóc: 34.6°C, Clear, humidity: 30%
2026-06-27 10:16:36,729 - root - INFO - [1128/1205] Fetching weather for Alsórönök...
2026-06-27 10:16:36,834 - root - INFO - Fetched weather for Alsórönök: 34.7°C, Clear, humidity: 34%
2026-06-27 10:16:37,935 - root - INFO - [1129/1205] Fetching weather for Szombathely-Szőlős...
2026-06-27 10:16:38,031 - root - INFO - Fetched weather for Szombathely-Szőlős: 36.2°C, Clear, humidity: 30%
2026-06-27 10:16:39,132 - root - INFO - [1130/1205] Fetching weather for Rátót...
2026-06-27 10:16:39,223 - root - INFO - Fetched weather for Rátót: 34.3°C, Clear, humidity: 33%
2026-06-27 10:16:40,324 - root - INFO - [1131/1205] Fetching weather for Ják-Balogunyom...
2026-06-27 10:16:40,423 - root - INFO - Fetched weather for Ják-Balogunyom: 36.3°C, Clear, humidity: 29%
2026-06-27 10:16:41,525 - root - INFO - [1132/1205] Fetching weather for Vasvár...
2026-06-27 10:16:41,628 - root - INFO - Fetched weather for Vasvár: 35.1°C, Clear, humidity: 27%
2026-06-27 10:16:42,730 - root - INFO - [1133/1205] Fetching weather for Répcelak...
2026-06-27 10:16:42,826 - root - INFO - Fetched weather for Répcelak: 35.4°C, Clear, humidity: 26%
2026-06-27 10:16:43,928 - root - INFO - [1134/1205] Fetching weather for Rajka...
2026-06-27 10:16:44,025 - root - INFO - Fetched weather for Rajka: 36.8°C, Clear, humidity: 37%
2026-06-27 10:16:45,126 - root - INFO - [1135/1205] Fetching weather for Püspökmolnári...
2026-06-27 10:16:45,223 - root - INFO - Fetched weather for Püspökmolnári: 35.0°C, Clear, humidity: 28%
2026-06-27 10:16:46,324 - root - INFO - [1136/1205] Fetching weather for Kőszeg...
2026-06-27 10:16:46,421 - root - INFO - Fetched weather for Kőszeg: 35.8°C, Clear, humidity: 31%
2026-06-27 10:16:47,522 - root - INFO - [1137/1205] Fetching weather for Kastélypark...
2026-06-27 10:16:47,619 - root - INFO - Fetched weather for Kastélypark: 36.7°C, Clear, humidity: 32%
2026-06-27 10:16:48,721 - root - INFO - [1138/1205] Fetching weather for Hanságliget...
2026-06-27 10:16:48,818 - root - INFO - Fetched weather for Hanságliget: 35.0°C, Clear, humidity: 26%
2026-06-27 10:16:49,920 - root - INFO - [1139/1205] Fetching weather for Vica...
2026-06-27 10:16:50,017 - root - INFO - Fetched weather for Vica: 35.4°C, Clear, humidity: 26%
2026-06-27 10:16:51,118 - root - INFO - [1140/1205] Fetching weather for Vép...
2026-06-27 10:16:51,210 - root - INFO - Fetched weather for Vép: 36.3°C, Clear, humidity: 29%
2026-06-27 10:16:52,312 - root - INFO - [1141/1205] Fetching weather for Mosonszolnok...
2026-06-27 10:16:52,409 - root - INFO - Fetched weather for Mosonszolnok: 35.1°C, Clear, humidity: 28%
2026-06-27 10:16:53,511 - root - INFO - [1142/1205] Fetching weather for Jánossomorja...
2026-06-27 10:16:53,605 - root - INFO - Fetched weather for Jánossomorja: 35.0°C, Clear, humidity: 31%
2026-06-27 10:16:54,707 - root - INFO - [1143/1205] Fetching weather for Bősárkány...
2026-06-27 10:16:54,795 - root - INFO - Fetched weather for Bősárkány: 35.0°C, Clear, humidity: 26%
2026-06-27 10:16:55,897 - root - INFO - [1144/1205] Fetching weather for Szil-Sopronnémeti...
2026-06-27 10:16:55,997 - root - INFO - Fetched weather for Szil-Sopronnémeti: 35.0°C, Clear, humidity: 25%
2026-06-27 10:16:57,099 - root - INFO - [1145/1205] Fetching weather for Magyarkeresztúr-Zsebeháza...
2026-06-27 10:16:57,187 - root - INFO - Fetched weather for Magyarkeresztúr-Zsebeháza: 35.0°C, Clear, humidity: 25%
2026-06-27 10:16:58,289 - root - INFO - [1146/1205] Fetching weather for Páli-Vadosfa...
2026-06-27 10:16:58,386 - root - INFO - Fetched weather for Páli-Vadosfa: 35.0°C, Clear, humidity: 26%
2026-06-27 10:16:59,487 - root - INFO - [1147/1205] Fetching weather for Beled...
2026-06-27 10:16:59,589 - root - INFO - Fetched weather for Beled: 35.4°C, Clear, humidity: 26%
2026-06-27 10:17:00,691 - root - INFO - [1148/1205] Fetching weather for Dénesfa...
2026-06-27 10:17:00,781 - root - INFO - Fetched weather for Dénesfa: 35.4°C, Clear, humidity: 26%
2026-06-27 10:17:01,883 - root - INFO - [1149/1205] Fetching weather for Csánig...
2026-06-27 10:17:01,987 - root - INFO - Fetched weather for Csánig: 35.4°C, Clear, humidity: 26%
2026-06-27 10:17:03,089 - root - INFO - [1150/1205] Fetching weather for Vámoscsalád...
2026-06-27 10:17:03,177 - root - INFO - Fetched weather for Vámoscsalád: 36.5°C, Clear, humidity: 25%
2026-06-27 10:17:04,279 - root - INFO - [1151/1205] Fetching weather for Vasegerszeg...
2026-06-27 10:17:04,375 - root - INFO - Fetched weather for Vasegerszeg: 36.5°C, Clear, humidity: 25%
2026-06-27 10:17:05,476 - root - INFO - [1152/1205] Fetching weather for Hegyfalu...
2026-06-27 10:17:05,578 - root - INFO - Fetched weather for Hegyfalu: 36.5°C, Clear, humidity: 25%
2026-06-27 10:17:06,680 - root - INFO - [1153/1205] Fetching weather for Pósfa...
2026-06-27 10:17:06,769 - root - INFO - Fetched weather for Pósfa: 36.5°C, Clear, humidity: 26%
2026-06-27 10:17:07,871 - root - INFO - [1154/1205] Fetching weather for Ölbő-Alsószeleste...
2026-06-27 10:17:07,968 - root - INFO - Fetched weather for Ölbő-Alsószeleste: 36.5°C, Clear, humidity: 26%
2026-06-27 10:17:09,069 - root - INFO - [1155/1205] Fetching weather for Gencsapáti felső...
2026-06-27 10:17:09,158 - root - INFO - Fetched weather for Gencsapáti felső: 36.0°C, Clear, humidity: 31%
2026-06-27 10:17:10,259 - root - INFO - [1156/1205] Fetching weather for Lukácsháza alsó...
2026-06-27 10:17:10,372 - root - INFO - Fetched weather for Lukácsháza alsó: 36.0°C, Clear, humidity: 31%
2026-06-27 10:17:11,473 - root - INFO - [1157/1205] Fetching weather for Kőszegfalva...
2026-06-27 10:17:11,584 - root - INFO - Fetched weather for Kőszegfalva: 35.8°C, Clear, humidity: 31%
2026-06-27 10:17:12,685 - root - INFO - [1158/1205] Fetching weather for Gyöngyöshermán...
2026-06-27 10:17:12,779 - root - INFO - Fetched weather for Gyöngyöshermán: 36.2°C, Clear, humidity: 30%
2026-06-27 10:17:13,881 - root - INFO - [1159/1205] Fetching weather for Bezenye...
2026-06-27 10:17:13,977 - root - INFO - Fetched weather for Bezenye: 36.8°C, Clear, humidity: 37%
2026-06-27 10:17:15,078 - root - INFO - [1160/1205] Fetching weather for Kámon...
2026-06-27 10:17:15,167 - root - INFO - Fetched weather for Kámon: 36.1°C, Clear, humidity: 31%
2026-06-27 10:17:16,269 - root - INFO - [1161/1205] Fetching weather for Sorkifalud...
2026-06-27 10:17:16,365 - root - INFO - Fetched weather for Sorkifalud: 35.0°C, Clear, humidity: 28%
2026-06-27 10:17:17,466 - root - INFO - [1162/1205] Fetching weather for Szentléránt...
2026-06-27 10:17:17,577 - root - INFO - Fetched weather for Szentléránt: 35.0°C, Clear, humidity: 28%
2026-06-27 10:17:18,678 - root - INFO - [1163/1205] Fetching weather for Pácsony...
2026-06-27 10:17:18,778 - root - INFO - Fetched weather for Pácsony: 35.0°C, Clear, humidity: 28%
2026-06-27 10:17:19,880 - root - INFO - [1164/1205] Fetching weather for Győrvár...
2026-06-27 10:17:19,977 - root - INFO - Fetched weather for Győrvár: 35.0°C, Clear, humidity: 28%
2026-06-27 10:17:21,079 - root - INFO - [1165/1205] Fetching weather for Egervár-Vasboldogasszony...
2026-06-27 10:17:21,183 - root - INFO - Fetched weather for Egervár-Vasboldogasszony: 35.1°C, Clear, humidity: 28%
2026-06-27 10:17:22,284 - root - INFO - [1166/1205] Fetching weather for Zalaszentlőrinc...
2026-06-27 10:17:22,386 - root - INFO - Fetched weather for Zalaszentlőrinc: 35.0°C, Clear, humidity: 29%
2026-06-27 10:17:23,488 - root - INFO - [1167/1205] Fetching weather for Gencsapáti alsó...
2026-06-27 10:17:23,588 - root - INFO - Fetched weather for Gencsapáti alsó: 36.0°C, Clear, humidity: 31%
2026-06-27 10:17:24,689 - root - INFO - [1168/1205] Fetching weather for Gyöngyösfalu...
2026-06-27 10:17:24,787 - root - INFO - Fetched weather for Gyöngyösfalu: 36.0°C, Clear, humidity: 31%
2026-06-27 10:17:25,888 - root - INFO - [1169/1205] Fetching weather for Lukácsháza...
2026-06-27 10:17:25,983 - root - INFO - Fetched weather for Lukácsháza: 35.9°C, Clear, humidity: 31%
2026-06-27 10:17:27,085 - root - INFO - [1170/1205] Fetching weather for Horvátnádalja...
2026-06-27 10:17:27,168 - root - INFO - Fetched weather for Horvátnádalja: 34.7°C, Clear, humidity: 31%
2026-06-27 10:17:28,270 - root - INFO - [1171/1205] Fetching weather for Csákánydoroszló...
2026-06-27 10:17:28,375 - root - INFO - Fetched weather for Csákánydoroszló: 34.5°C, Clear, humidity: 32%
2026-06-27 10:17:29,476 - root - INFO - [1172/1205] Fetching weather for Váckisújfalu...
2026-06-27 10:17:29,576 - root - INFO - Fetched weather for Váckisújfalu: 35.8°C, Clear, humidity: 30%
2026-06-27 10:17:30,678 - root - INFO - [1173/1205] Fetching weather for Csisztafürdő...
2026-06-27 10:17:30,768 - root - INFO - Fetched weather for Csisztafürdő: 33.0°C, Clear, humidity: 35%
2026-06-27 10:17:31,869 - root - INFO - [1174/1205] Fetching weather for Mórágy...
2026-06-27 10:17:31,965 - root - INFO - Fetched weather for Mórágy: 36.6°C, Clear, humidity: 25%
2026-06-27 10:17:33,066 - root - INFO - [1175/1205] Fetching weather for Kismacs...
2026-06-27 10:17:33,158 - root - INFO - Fetched weather for Kismacs: 32.1°C, Clear, humidity: 31%
2026-06-27 10:17:34,260 - root - INFO - [1176/1205] Fetching weather for Pusztaszentistván...
2026-06-27 10:17:34,358 - root - INFO - Fetched weather for Pusztaszentistván: 39.7°C, Clear, humidity: 26%
2026-06-27 10:17:35,460 - root - INFO - [1177/1205] Fetching weather for Aranyvölgy...
2026-06-27 10:17:35,568 - root - INFO - Fetched weather for Aranyvölgy: 35.9°C, Clear, humidity: 33%
2026-06-27 10:17:36,670 - root - INFO - [1178/1205] Fetching weather for Szélhegy...
2026-06-27 10:17:36,767 - root - INFO - Fetched weather for Szélhegy: 35.4°C, Clear, humidity: 34%
2026-06-27 10:17:37,868 - root - INFO - [1179/1205] Fetching weather for Vörösvárbánya...
2026-06-27 10:17:37,968 - root - INFO - Fetched weather for Vörösvárbánya: 35.4°C, Clear, humidity: 34%
2026-06-27 10:17:39,070 - root - INFO - [1180/1205] Fetching weather for Máriaszőlőtelep...
2026-06-27 10:17:39,170 - root - INFO - Fetched weather for Máriaszőlőtelep: 33.9°C, Clear, humidity: 32%
2026-06-27 10:17:40,272 - root - INFO - [1181/1205] Fetching weather for Akadémiaújtelep...
2026-06-27 10:17:40,370 - root - INFO - Fetched weather for Akadémiaújtelep: 36.0°C, Clear, humidity: 31%
2026-06-27 10:17:41,472 - root - INFO - [1182/1205] Fetching weather for Újpalota...
2026-06-27 10:17:41,573 - root - INFO - Fetched weather for Újpalota: 36.0°C, Clear, humidity: 32%
2026-06-27 10:17:42,675 - root - INFO - [1183/1205] Fetching weather for Szeged, Somogyi utca...
2026-06-27 10:17:42,784 - root - INFO - Fetched weather for Szeged, Somogyi utca: 37.3°C, Clear, humidity: 26%
2026-06-27 10:17:43,886 - root - INFO - [1184/1205] Fetching weather for Hódmezővásárhely, Hősök tere...
2026-06-27 10:17:43,990 - root - INFO - Fetched weather for Hódmezővásárhely, Hősök tere: 33.9°C, Clear, humidity: 25%
2026-06-27 10:17:45,091 - root - INFO - [1185/1205] Fetching weather for Hódmezővásárhely, Kossuth tér...
2026-06-27 10:17:45,174 - root - INFO - Fetched weather for Hódmezővásárhely, Kossuth tér: 33.9°C, Clear, humidity: 25%
2026-06-27 10:17:46,275 - root - INFO - [1186/1205] Fetching weather for Hódmezővásárhely, Strandfürdő...
2026-06-27 10:17:46,365 - root - INFO - Fetched weather for Hódmezővásárhely, Strandfürdő: 33.9°C, Clear, humidity: 25%
2026-06-27 10:17:47,467 - root - INFO - [1187/1205] Fetching weather for Szeged, Széchenyi tér...
2026-06-27 10:17:47,564 - root - INFO - Fetched weather for Szeged, Széchenyi tér: 37.3°C, Clear, humidity: 26%
2026-06-27 10:17:48,665 - root - INFO - [1188/1205] Fetching weather for Szeged, Anna-kút...
2026-06-27 10:17:48,763 - root - INFO - Fetched weather for Szeged, Anna-kút: 37.3°C, Clear, humidity: 26%
2026-06-27 10:17:49,865 - root - INFO - [1189/1205] Fetching weather for Szeged, Rókusi templom...
2026-06-27 10:17:49,966 - root - INFO - Fetched weather for Szeged, Rókusi templom: 37.3°C, Clear, humidity: 26%
2026-06-27 10:17:51,067 - root - INFO - [1190/1205] Fetching weather for Hódmezővásárhely, Kálvin János tér...
2026-06-27 10:17:51,160 - root - INFO - Fetched weather for Hódmezővásárhely, Kálvin János tér: 33.9°C, Clear, humidity: 25%
2026-06-27 10:17:52,262 - root - INFO - [1191/1205] Fetching weather for Hódmezővásárhely vasútállomás...
2026-06-27 10:17:52,352 - root - INFO - Fetched weather for Hódmezővásárhely vasútállomás: 33.9°C, Clear, humidity: 25%
2026-06-27 10:17:53,453 - root - INFO - [1192/1205] Fetching weather for Szeged, Tavasz utca...
2026-06-27 10:17:53,544 - root - INFO - Fetched weather for Szeged, Tavasz utca: 37.3°C, Clear, humidity: 26%
2026-06-27 10:17:54,645 - root - INFO - [1193/1205] Fetching weather for Szeged, Damjanich utca...
2026-06-27 10:17:54,736 - root - INFO - Fetched weather for Szeged, Damjanich utca: 37.3°C, Clear, humidity: 26%
2026-06-27 10:17:55,838 - root - INFO - [1194/1205] Fetching weather for Szeged, Vásárhelyi Pál utca...
2026-06-27 10:17:55,936 - root - INFO - Fetched weather for Szeged, Vásárhelyi Pál utca: 37.3°C, Clear, humidity: 26%
2026-06-27 10:17:57,037 - root - INFO - [1195/1205] Fetching weather for Szeged, Bécsi körút ...
2026-06-27 10:17:57,119 - root - INFO - Fetched weather for Szeged, Bécsi körút : 37.3°C, Clear, humidity: 26%
2026-06-27 10:17:58,220 - root - INFO - [1196/1205] Fetching weather for Hódmezővásárhelyi Népkert vasútállomás...
2026-06-27 10:17:58,311 - root - INFO - Fetched weather for Hódmezővásárhelyi Népkert vasútállomás: 33.9°C, Clear, humidity: 25%
2026-06-27 10:17:59,413 - root - INFO - [1197/1205] Fetching weather for Szeged vasútállomás...
2026-06-27 10:17:59,505 - root - INFO - Fetched weather for Szeged vasútállomás: 37.3°C, Clear, humidity: 26%
2026-06-27 10:18:00,606 - root - INFO - [1198/1205] Fetching weather for Szeged, Bem utca...
2026-06-27 10:18:00,695 - root - INFO - Fetched weather for Szeged, Bem utca: 37.3°C, Clear, humidity: 26%
2026-06-27 10:18:01,797 - root - INFO - [1199/1205] Fetching weather for Szeged, Galamb utca...
2026-06-27 10:18:01,887 - root - INFO - Fetched weather for Szeged, Galamb utca: 37.3°C, Clear, humidity: 26%
2026-06-27 10:18:02,988 - root - INFO - [1200/1205] Fetching weather for Szeged, Aradi vértanúk tere...
2026-06-27 10:18:03,072 - root - INFO - Fetched weather for Szeged, Aradi vértanúk tere: 37.3°C, Clear, humidity: 26%
2026-06-27 10:18:04,173 - root - INFO - [1201/1205] Fetching weather for Szeged, Pulz utca...
2026-06-27 10:18:04,266 - root - INFO - Fetched weather for Szeged, Pulz utca: 37.3°C, Clear, humidity: 26%
2026-06-27 10:18:05,367 - root - INFO - [1202/1205] Fetching weather for Szeged, Rókus vasútállomás...
2026-06-27 10:18:05,460 - root - INFO - Fetched weather for Szeged, Rókus vasútállomás: 37.3°C, Clear, humidity: 26%
2026-06-27 10:18:06,562 - root - INFO - [1203/1205] Fetching weather for Látókép...
2026-06-27 10:18:06,657 - root - INFO - Fetched weather for Látókép: 32.1°C, Clear, humidity: 31%
2026-06-27 10:18:07,759 - root - INFO - [1204/1205] Fetching weather for Szentmihálytelek...
2026-06-27 10:18:07,858 - root - INFO - Fetched weather for Szentmihálytelek: 37.3°C, Clear, humidity: 26%
2026-06-27 10:18:08,960 - root - INFO - [1205/1205] Fetching weather for Kisvarsány...
2026-06-27 10:18:09,054 - root - INFO - Fetched weather for Kisvarsány: 31.6°C, Clear, humidity: 33%
2026-06-27 10:18:10,160 - root - INFO - Successfully collected weather for 1205 stations
2026-06-27 10:18:10,171 - root - INFO - Saved weather data to data/weather/current_20260627_1000.csv
2026-06-27 10:18:10,171 - root - INFO - File size: 145.1 KB
2026-06-27 10:18:10,171 - root - INFO - 
============================================================
2026-06-27 10:18:10,172 - root - INFO - WEATHER COLLECTION SUMMARY
2026-06-27 10:18:10,172 - root - INFO - ============================================================
2026-06-27 10:18:10,172 - root - INFO - 
Data Coverage:
2026-06-27 10:18:10,172 - root - INFO -   - Total stations: 1205
2026-06-27 10:18:10,172 - root - INFO -   - Collection time: 2026-06-27 09:54:02.515792
2026-06-27 10:18:10,172 - root - INFO -   - Collection hour: 09:00
2026-06-27 10:18:10,172 - root - INFO - 
Weather Statistics:
2026-06-27 10:18:10,173 - root - INFO -   - Temperature range: 29.6°C to 39.7°C
2026-06-27 10:18:10,173 - root - INFO -   - Average temperature: 34.5°C
2026-06-27 10:18:10,173 - root - INFO -   - Average humidity: 31%
2026-06-27 10:18:10,173 - root - INFO -   - Average wind speed: 2.0 m/s
2026-06-27 10:18:10,174 - root - INFO -   - Stations with precipitation: 0 (0.0%)
2026-06-27 10:18:10,174 - root - INFO - 
Weather Conditions Distribution:
2026-06-27 10:18:10,174 - root - INFO -   - Clear: 1205 (100.0%)
2026-06-27 10:18:10,175 - root - INFO - ============================================================

2026-06-27 10:18:10,175 - __main__ - INFO - Current weather collection completed successfully!
