2026-09-02 20:58:11,113 - __main__ - INFO - ============================================================
2026-09-02 20:58:11,113 - __main__ - INFO - CURRENT WEATHER COLLECTION STARTED
2026-09-02 20:58:11,113 - __main__ - INFO - ============================================================
2026-09-02 20:58:11,114 - __main__ - INFO - Collection time: 2026-09-02 20:58:11
2026-09-02 20:58:11,114 - __main__ - INFO - ============================================================

2026-09-02 20:58:11,114 - root - INFO - Starting current weather collection...
2026-09-02 20:58:11,124 - root - INFO - Loaded 1205 unique station coordinates from GTFS
2026-09-02 20:58:11,124 - root - INFO - Collecting weather for 1205 unique stations...
2026-09-02 20:58:11,125 - root - INFO - [1/1205] Fetching weather for Búcsúszentlászló...
2026-09-02 20:58:11,237 - root - INFO - Fetched weather for Búcsúszentlászló: 19.8°C, Clouds, humidity: 54%
2026-09-02 20:58:12,339 - root - INFO - [2/1205] Fetching weather for Angyalföld...
2026-09-02 20:58:12,432 - root - INFO - Fetched weather for Angyalföld: 22.0°C, Clouds, humidity: 52%
2026-09-02 20:58:13,533 - root - INFO - [3/1205] Fetching weather for Felsőjánosfa...
2026-09-02 20:58:13,635 - root - INFO - Fetched weather for Felsőjánosfa: 19.5°C, Clouds, humidity: 65%
2026-09-02 20:58:14,736 - root - INFO - [4/1205] Fetching weather for Pankasz...
2026-09-02 20:58:14,831 - root - INFO - Fetched weather for Pankasz: 19.2°C, Clouds, humidity: 67%
2026-09-02 20:58:15,933 - root - INFO - [5/1205] Fetching weather for Nagyrákos...
2026-09-02 20:58:16,023 - root - INFO - Fetched weather for Nagyrákos: 19.2°C, Clouds, humidity: 68%
2026-09-02 20:58:17,124 - root - INFO - [6/1205] Fetching weather for Őriszentpéter...
2026-09-02 20:58:17,220 - root - INFO - Fetched weather for Őriszentpéter: 19.3°C, Clouds, humidity: 69%
2026-09-02 20:58:18,322 - root - INFO - [7/1205] Fetching weather for Törökbálint...
2026-09-02 20:58:18,415 - root - INFO - Fetched weather for Törökbálint: 21.5°C, Clouds, humidity: 54%
2026-09-02 20:58:19,517 - root - INFO - [8/1205] Fetching weather for Bicske alsó...
2026-09-02 20:58:19,618 - root - INFO - Fetched weather for Bicske alsó: 21.3°C, Clouds, humidity: 53%
2026-09-02 20:58:20,719 - root - INFO - [9/1205] Fetching weather for Bajánsenye...
2026-09-02 20:58:20,815 - root - INFO - Fetched weather for Bajánsenye: 19.4°C, Clouds, humidity: 69%
2026-09-02 20:58:21,917 - root - INFO - [10/1205] Fetching weather for Aquincum...
2026-09-02 20:58:22,006 - root - INFO - Fetched weather for Aquincum: 22.0°C, Clouds, humidity: 52%
2026-09-02 20:58:23,107 - root - INFO - [11/1205] Fetching weather for Piliscsév...
2026-09-02 20:58:23,199 - root - INFO - Fetched weather for Piliscsév: 20.1°C, Clouds, humidity: 60%
2026-09-02 20:58:24,301 - root - INFO - [12/1205] Fetching weather for Tát...
2026-09-02 20:58:24,393 - root - INFO - Fetched weather for Tát: 20.4°C, Clouds, humidity: 60%
2026-09-02 20:58:25,495 - root - INFO - [13/1205] Fetching weather for Süttő felső...
2026-09-02 20:58:25,588 - root - INFO - Fetched weather for Süttő felső: 20.4°C, Clouds, humidity: 53%
2026-09-02 20:58:26,689 - root - INFO - [14/1205] Fetching weather for Budatétény...
2026-09-02 20:58:26,784 - root - INFO - Fetched weather for Budatétény: 22.4°C, Clouds, humidity: 52%
2026-09-02 20:58:27,885 - root - INFO - [15/1205] Fetching weather for Seregélyes-Szőlőhegy...
2026-09-02 20:58:27,975 - root - INFO - Fetched weather for Seregélyes-Szőlőhegy: 20.0°C, Clouds, humidity: 53%
2026-09-02 20:58:29,077 - root - INFO - [16/1205] Fetching weather for Gödöllő-Állami telepek...
2026-09-02 20:58:29,174 - root - INFO - Fetched weather for Gödöllő-Állami telepek: 20.1°C, Clouds, humidity: 54%
2026-09-02 20:58:30,276 - root - INFO - [17/1205] Fetching weather for Dunakeszi alsó...
2026-09-02 20:58:30,366 - root - INFO - Fetched weather for Dunakeszi alsó: 21.2°C, Clouds, humidity: 51%
2026-09-02 20:58:31,467 - root - INFO - [18/1205] Fetching weather for Vác-Alsóváros...
2026-09-02 20:58:31,557 - root - INFO - Fetched weather for Vác-Alsóváros: 20.7°C, Clouds, humidity: 48%
2026-09-02 20:58:32,659 - root - INFO - [19/1205] Fetching weather for Szob alsó...
2026-09-02 20:58:32,751 - root - INFO - Fetched weather for Szob alsó: 20.4°C, Clouds, humidity: 60%
2026-09-02 20:58:33,852 - root - INFO - [20/1205] Fetching weather for Zalaszentmihály-Pacsa...
2026-09-02 20:58:33,940 - root - INFO - Fetched weather for Zalaszentmihály-Pacsa: 19.8°C, Clouds, humidity: 68%
2026-09-02 20:58:35,041 - root - INFO - [21/1205] Fetching weather for Pötréte...
2026-09-02 20:58:35,139 - root - INFO - Fetched weather for Pötréte: 19.8°C, Clouds, humidity: 68%
2026-09-02 20:58:36,240 - root - INFO - [22/1205] Fetching weather for Felsőrajk...
2026-09-02 20:58:36,332 - root - INFO - Fetched weather for Felsőrajk: 19.8°C, Clouds, humidity: 68%
2026-09-02 20:58:37,434 - root - INFO - [23/1205] Fetching weather for Gelse...
2026-09-02 20:58:37,528 - root - INFO - Fetched weather for Gelse: 19.8°C, Clouds, humidity: 68%
2026-09-02 20:58:38,629 - root - INFO - [24/1205] Fetching weather for Őrtilos...
2026-09-02 20:58:38,730 - root - INFO - Fetched weather for Őrtilos: 20.4°C, Clouds, humidity: 63%
2026-09-02 20:58:39,832 - root - INFO - [25/1205] Fetching weather for Zákány...
2026-09-02 20:58:39,926 - root - INFO - Fetched weather for Zákány: 20.2°C, Clouds, humidity: 61%
2026-09-02 20:58:41,028 - root - INFO - [26/1205] Fetching weather for Berzence...
2026-09-02 20:58:41,121 - root - INFO - Fetched weather for Berzence: 20.5°C, Clouds, humidity: 58%
2026-09-02 20:58:42,222 - root - INFO - [27/1205] Fetching weather for Somogyudvarhely...
2026-09-02 20:58:42,321 - root - INFO - Fetched weather for Somogyudvarhely: 20.5°C, Clouds, humidity: 57%
2026-09-02 20:58:43,422 - root - INFO - [28/1205] Fetching weather for Bélavár...
2026-09-02 20:58:43,516 - root - INFO - Fetched weather for Bélavár: 20.6°C, Clouds, humidity: 57%
2026-09-02 20:58:44,617 - root - INFO - [29/1205] Fetching weather for Vízvár...
2026-09-02 20:58:44,710 - root - INFO - Fetched weather for Vízvár: 20.5°C, Clouds, humidity: 56%
2026-09-02 20:58:45,811 - root - INFO - [30/1205] Fetching weather for Babócsa...
2026-09-02 20:58:45,903 - root - INFO - Fetched weather for Babócsa: 20.5°C, Clouds, humidity: 55%
2026-09-02 20:58:47,004 - root - INFO - [31/1205] Fetching weather for Péterhida-Komlósd...
2026-09-02 20:58:47,101 - root - INFO - Fetched weather for Péterhida-Komlósd: 20.5°C, Clouds, humidity: 55%
2026-09-02 20:58:48,202 - root - INFO - [32/1205] Fetching weather for Barcs...
2026-09-02 20:58:48,301 - root - INFO - Fetched weather for Barcs: 20.5°C, Clouds, humidity: 54%
2026-09-02 20:58:49,403 - root - INFO - [33/1205] Fetching weather for Barcs felső...
2026-09-02 20:58:49,498 - root - INFO - Fetched weather for Barcs felső: 20.4°C, Clouds, humidity: 54%
2026-09-02 20:58:50,600 - root - INFO - [34/1205] Fetching weather for Középrigóc...
2026-09-02 20:58:50,695 - root - INFO - Fetched weather for Középrigóc: 20.3°C, Clouds, humidity: 54%
2026-09-02 20:58:51,796 - root - INFO - [35/1205] Fetching weather for Darány...
2026-09-02 20:58:51,889 - root - INFO - Fetched weather for Darány: 20.3°C, Clouds, humidity: 53%
2026-09-02 20:58:52,990 - root - INFO - [36/1205] Fetching weather for Kisdobsza...
2026-09-02 20:58:53,084 - root - INFO - Fetched weather for Kisdobsza: 20.4°C, Clouds, humidity: 52%
2026-09-02 20:58:54,185 - root - INFO - [37/1205] Fetching weather for Nemeske...
2026-09-02 20:58:54,280 - root - INFO - Fetched weather for Nemeske: 20.4°C, Clouds, humidity: 51%
2026-09-02 20:58:55,382 - root - INFO - [38/1205] Fetching weather for Molvány...
2026-09-02 20:58:55,474 - root - INFO - Fetched weather for Molvány: 20.4°C, Clouds, humidity: 51%
2026-09-02 20:58:56,576 - root - INFO - [39/1205] Fetching weather for Szigetvár...
2026-09-02 20:58:56,669 - root - INFO - Fetched weather for Szigetvár: 20.4°C, Clouds, humidity: 50%
2026-09-02 20:58:57,771 - root - INFO - [40/1205] Fetching weather for Nagypeterd...
2026-09-02 20:58:57,864 - root - INFO - Fetched weather for Nagypeterd: 22.5°C, Clouds, humidity: 50%
2026-09-02 20:58:58,965 - root - INFO - [41/1205] Fetching weather for Szentdénes...
2026-09-02 20:58:59,055 - root - INFO - Fetched weather for Szentdénes: 22.5°C, Clouds, humidity: 50%
2026-09-02 20:59:00,157 - root - INFO - [42/1205] Fetching weather for Háros...
2026-09-02 20:59:00,250 - root - INFO - Fetched weather for Háros: 21.9°C, Clouds, humidity: 54%
2026-09-02 20:59:01,351 - root - INFO - [43/1205] Fetching weather for Nagytétény-Diósd...
2026-09-02 20:59:01,442 - root - INFO - Fetched weather for Nagytétény-Diósd: 22.4°C, Clouds, humidity: 51%
2026-09-02 20:59:02,543 - root - INFO - [44/1205] Fetching weather for Érdliget...
2026-09-02 20:59:02,635 - root - INFO - Fetched weather for Érdliget: 22.1°C, Clouds, humidity: 53%
2026-09-02 20:59:03,737 - root - INFO - [45/1205] Fetching weather for Érd felső...
2026-09-02 20:59:03,838 - root - INFO - Fetched weather for Érd felső: 22.0°C, Clouds, humidity: 53%
2026-09-02 20:59:04,940 - root - INFO - [46/1205] Fetching weather for Érd...
2026-09-02 20:59:05,027 - root - INFO - Fetched weather for Érd: 21.9°C, Clouds, humidity: 53%
2026-09-02 20:59:06,129 - root - INFO - [47/1205] Fetching weather for Százhalombatta...
2026-09-02 20:59:06,223 - root - INFO - Fetched weather for Százhalombatta: 22.1°C, Clouds, humidity: 52%
2026-09-02 20:59:07,325 - root - INFO - [48/1205] Fetching weather for Dunai Finomító...
2026-09-02 20:59:07,417 - root - INFO - Fetched weather for Dunai Finomító: 21.9°C, Clouds, humidity: 53%
2026-09-02 20:59:08,518 - root - INFO - [49/1205] Fetching weather for Ercsi...
2026-09-02 20:59:08,610 - root - INFO - Fetched weather for Ercsi: 22.3°C, Clouds, humidity: 53%
2026-09-02 20:59:09,711 - root - INFO - [50/1205] Fetching weather for Iváncsa...
2026-09-02 20:59:09,805 - root - INFO - Fetched weather for Iváncsa: 19.9°C, Clouds, humidity: 53%
2026-09-02 20:59:10,906 - root - INFO - [51/1205] Fetching weather for Pusztaszabolcs...
2026-09-02 20:59:10,999 - root - INFO - Fetched weather for Pusztaszabolcs: 20.0°C, Clouds, humidity: 53%
2026-09-02 20:59:12,100 - root - INFO - [52/1205] Fetching weather for Szabadegyháza...
2026-09-02 20:59:12,193 - root - INFO - Fetched weather for Szabadegyháza: 20.0°C, Clouds, humidity: 52%
2026-09-02 20:59:13,295 - root - INFO - [53/1205] Fetching weather for Sárosd...
2026-09-02 20:59:13,389 - root - INFO - Fetched weather for Sárosd: 20.1°C, Clouds, humidity: 53%
2026-09-02 20:59:14,491 - root - INFO - [54/1205] Fetching weather for Nagylók...
2026-09-02 20:59:14,583 - root - INFO - Fetched weather for Nagylók: 19.9°C, Clouds, humidity: 52%
2026-09-02 20:59:15,685 - root - INFO - [55/1205] Fetching weather for Sárbogárd...
2026-09-02 20:59:15,774 - root - INFO - Fetched weather for Sárbogárd: 20.2°C, Clouds, humidity: 53%
2026-09-02 20:59:16,876 - root - INFO - [56/1205] Fetching weather for Rétszilas...
2026-09-02 20:59:16,972 - root - INFO - Fetched weather for Rétszilas: 20.2°C, Clouds, humidity: 52%
2026-09-02 20:59:18,073 - root - INFO - [57/1205] Fetching weather for Nagyatád...
2026-09-02 20:59:18,170 - root - INFO - Fetched weather for Nagyatád: 20.4°C, Clouds, humidity: 55%
2026-09-02 20:59:19,272 - root - INFO - [58/1205] Fetching weather for Budapest-Keleti...
2026-09-02 20:59:19,370 - root - INFO - Fetched weather for Budapest-Keleti: 22.1°C, Clouds, humidity: 53%
2026-09-02 20:59:20,472 - root - INFO - [59/1205] Fetching weather for Ferencváros...
2026-09-02 20:59:20,561 - root - INFO - Fetched weather for Ferencváros: 22.0°C, Clouds, humidity: 54%
2026-09-02 20:59:21,662 - root - INFO - [60/1205] Fetching weather for Budapest-Nyugati...
2026-09-02 20:59:21,752 - root - INFO - Fetched weather for Budapest-Nyugati: 22.1°C, Clouds, humidity: 53%
2026-09-02 20:59:22,853 - root - INFO - [61/1205] Fetching weather for Kőbánya felső...
2026-09-02 20:59:22,948 - root - INFO - Fetched weather for Kőbánya felső: 21.8°C, Clouds, humidity: 54%
2026-09-02 20:59:24,049 - root - INFO - [62/1205] Fetching weather for Rákos...
2026-09-02 20:59:24,144 - root - INFO - Fetched weather for Rákos: 21.4°C, Clouds, humidity: 55%
2026-09-02 20:59:25,245 - root - INFO - [63/1205] Fetching weather for Rákosrendező...
2026-09-02 20:59:25,337 - root - INFO - Fetched weather for Rákosrendező: 22.1°C, Clouds, humidity: 53%
2026-09-02 20:59:26,439 - root - INFO - [64/1205] Fetching weather for Zugló...
2026-09-02 20:59:26,536 - root - INFO - Fetched weather for Zugló: 22.1°C, Clouds, humidity: 53%
2026-09-02 20:59:27,638 - root - INFO - [65/1205] Fetching weather for Mezőtárkány...
2026-09-02 20:59:27,734 - root - INFO - Fetched weather for Mezőtárkány: 20.0°C, Clouds, humidity: 46%
2026-09-02 20:59:28,835 - root - INFO - [66/1205] Fetching weather for Istvántelek...
2026-09-02 20:59:28,927 - root - INFO - Fetched weather for Istvántelek: 22.0°C, Clouds, humidity: 52%
2026-09-02 20:59:30,028 - root - INFO - [67/1205] Fetching weather for Rákospalota-Újpest...
2026-09-02 20:59:30,130 - root - INFO - Fetched weather for Rákospalota-Újpest: 21.8°C, Clouds, humidity: 52%
2026-09-02 20:59:31,232 - root - INFO - [68/1205] Fetching weather for Kőbánya alsó...
2026-09-02 20:59:31,327 - root - INFO - Fetched weather for Kőbánya alsó: 21.8°C, Clouds, humidity: 54%
2026-09-02 20:59:32,428 - root - INFO - [69/1205] Fetching weather for Kőbánya-Kispest...
2026-09-02 20:59:32,519 - root - INFO - Fetched weather for Kőbánya-Kispest: 21.6°C, Clouds, humidity: 54%
2026-09-02 20:59:33,621 - root - INFO - [70/1205] Fetching weather for Pestszentlőrinc...
2026-09-02 20:59:33,715 - root - INFO - Fetched weather for Pestszentlőrinc: 21.1°C, Clouds, humidity: 55%
2026-09-02 20:59:34,817 - root - INFO - [71/1205] Fetching weather for Kispest...
2026-09-02 20:59:34,909 - root - INFO - Fetched weather for Kispest: 21.4°C, Clouds, humidity: 55%
2026-09-02 20:59:36,011 - root - INFO - [72/1205] Fetching weather for Újpest...
2026-09-02 20:59:36,100 - root - INFO - Fetched weather for Újpest: 22.0°C, Clouds, humidity: 52%
2026-09-02 20:59:37,202 - root - INFO - [73/1205] Fetching weather for Pestszentimre felső...
2026-09-02 20:59:37,300 - root - INFO - Fetched weather for Pestszentimre felső: 21.3°C, Clouds, humidity: 55%
2026-09-02 20:59:38,402 - root - INFO - [74/1205] Fetching weather for Dunakeszi...
2026-09-02 20:59:38,500 - root - INFO - Fetched weather for Dunakeszi: 21.0°C, Clouds, humidity: 50%
2026-09-02 20:59:39,601 - root - INFO - [75/1205] Fetching weather for Dunakeszi-Gyártelep...
2026-09-02 20:59:39,695 - root - INFO - Fetched weather for Dunakeszi-Gyártelep: 21.0°C, Clouds, humidity: 50%
2026-09-02 20:59:40,797 - root - INFO - [76/1205] Fetching weather for Alsógöd...
2026-09-02 20:59:40,889 - root - INFO - Fetched weather for Alsógöd: 20.9°C, Clouds, humidity: 48%
2026-09-02 20:59:41,990 - root - INFO - [77/1205] Fetching weather for Göd...
2026-09-02 20:59:42,081 - root - INFO - Fetched weather for Göd: 20.9°C, Clouds, humidity: 48%
2026-09-02 20:59:43,182 - root - INFO - [78/1205] Fetching weather for Felsőgöd...
2026-09-02 20:59:43,276 - root - INFO - Fetched weather for Felsőgöd: 20.7°C, Clouds, humidity: 48%
2026-09-02 20:59:44,377 - root - INFO - [79/1205] Fetching weather for Sződ-Sződliget...
2026-09-02 20:59:44,468 - root - INFO - Fetched weather for Sződ-Sződliget: 20.7°C, Clouds, humidity: 48%
2026-09-02 20:59:45,570 - root - INFO - [80/1205] Fetching weather for Vác...
2026-09-02 20:59:45,659 - root - INFO - Fetched weather for Vác: 20.7°C, Clouds, humidity: 48%
2026-09-02 20:59:46,761 - root - INFO - [81/1205] Fetching weather for Verőce...
2026-09-02 20:59:46,851 - root - INFO - Fetched weather for Verőce: 20.2°C, Clouds, humidity: 54%
2026-09-02 20:59:47,953 - root - INFO - [82/1205] Fetching weather for Kismaros...
2026-09-02 20:59:48,043 - root - INFO - Fetched weather for Kismaros: 20.3°C, Clouds, humidity: 54%
2026-09-02 20:59:49,144 - root - INFO - [83/1205] Fetching weather for Nagymaros-Visegrád...
2026-09-02 20:59:49,237 - root - INFO - Fetched weather for Nagymaros-Visegrád: 20.4°C, Clouds, humidity: 60%
2026-09-02 20:59:50,338 - root - INFO - [84/1205] Fetching weather for Nagymaros...
2026-09-02 20:59:50,431 - root - INFO - Fetched weather for Nagymaros: 20.4°C, Clouds, humidity: 60%
2026-09-02 20:59:51,533 - root - INFO - [85/1205] Fetching weather for Zebegény...
2026-09-02 20:59:51,632 - root - INFO - Fetched weather for Zebegény: 20.4°C, Clouds, humidity: 60%
2026-09-02 20:59:52,734 - root - INFO - [86/1205] Fetching weather for Szob...
2026-09-02 20:59:52,830 - root - INFO - Fetched weather for Szob: 20.4°C, Clouds, humidity: 60%
2026-09-02 20:59:53,931 - root - INFO - [87/1205] Fetching weather for Alagimajor...
2026-09-02 20:59:54,027 - root - INFO - Fetched weather for Alagimajor: 21.0°C, Clouds, humidity: 50%
2026-09-02 20:59:55,128 - root - INFO - [88/1205] Fetching weather for Fót...
2026-09-02 20:59:55,228 - root - INFO - Fetched weather for Fót: 20.7°C, Clouds, humidity: 49%
2026-09-02 20:59:56,329 - root - INFO - [89/1205] Fetching weather for Fótújfalu...
2026-09-02 20:59:56,415 - root - INFO - Fetched weather for Fótújfalu: 20.5°C, Clouds, humidity: 49%
2026-09-02 20:59:57,517 - root - INFO - [90/1205] Fetching weather for Csomád...
2026-09-02 20:59:57,610 - root - INFO - Fetched weather for Csomád: 20.2°C, Clouds, humidity: 48%
2026-09-02 20:59:58,712 - root - INFO - [91/1205] Fetching weather for Veresegyház...
2026-09-02 20:59:58,802 - root - INFO - Fetched weather for Veresegyház: 20.4°C, Clouds, humidity: 48%
2026-09-02 20:59:59,904 - root - INFO - [92/1205] Fetching weather for Erdőkertes...
2026-09-02 21:00:00,000 - root - INFO - Fetched weather for Erdőkertes: 20.3°C, Clouds, humidity: 48%
2026-09-02 21:00:01,101 - root - INFO - [93/1205] Fetching weather for Őrbottyán...
2026-09-02 21:00:01,197 - root - INFO - Fetched weather for Őrbottyán: 20.2°C, Clouds, humidity: 48%
2026-09-02 21:00:02,299 - root - INFO - [94/1205] Fetching weather for Váchartyán...
2026-09-02 21:00:02,395 - root - INFO - Fetched weather for Váchartyán: 20.6°C, Clouds, humidity: 48%
2026-09-02 21:00:03,497 - root - INFO - [95/1205] Fetching weather for Magyarkút-Verőce...
2026-09-02 21:00:03,601 - root - INFO - Fetched weather for Magyarkút-Verőce: 20.4°C, Clouds, humidity: 54%
2026-09-02 21:00:04,703 - root - INFO - [96/1205] Fetching weather for Szokolya...
2026-09-02 21:00:04,805 - root - INFO - Fetched weather for Szokolya: 20.0°C, Clouds, humidity: 54%
2026-09-02 21:00:05,907 - root - INFO - [97/1205] Fetching weather for Berkenye...
2026-09-02 21:00:05,998 - root - INFO - Fetched weather for Berkenye: 19.6°C, Clouds, humidity: 53%
2026-09-02 21:00:07,100 - root - INFO - [98/1205] Fetching weather for Nógrád...
2026-09-02 21:00:07,190 - root - INFO - Fetched weather for Nógrád: 15.6°C, Clouds, humidity: 54%
2026-09-02 21:00:08,292 - root - INFO - [99/1205] Fetching weather for Diósjenő...
2026-09-02 21:00:08,390 - root - INFO - Fetched weather for Diósjenő: 15.5°C, Clouds, humidity: 54%
2026-09-02 21:00:09,492 - root - INFO - [100/1205] Fetching weather for Borsosberény...
2026-09-02 21:00:09,584 - root - INFO - Fetched weather for Borsosberény: 15.5°C, Clouds, humidity: 54%
2026-09-02 21:00:10,685 - root - INFO - [101/1205] Fetching weather for Nagyoroszi...
2026-09-02 21:00:10,787 - root - INFO - Fetched weather for Nagyoroszi: 15.5°C, Clouds, humidity: 54%
2026-09-02 21:00:11,888 - root - INFO - [102/1205] Fetching weather for Drégelyvár...
2026-09-02 21:00:11,988 - root - INFO - Fetched weather for Drégelyvár: 15.6°C, Clouds, humidity: 54%
2026-09-02 21:00:13,089 - root - INFO - [103/1205] Fetching weather for Drégely...
2026-09-02 21:00:13,176 - root - INFO - Fetched weather for Drégely: 16.0°C, Clouds, humidity: 54%
2026-09-02 21:00:14,278 - root - INFO - [104/1205] Fetching weather for Drégelypalánk...
2026-09-02 21:00:14,380 - root - INFO - Fetched weather for Drégelypalánk: 16.2°C, Clouds, humidity: 54%
2026-09-02 21:00:15,482 - root - INFO - [105/1205] Fetching weather for Ipolyvece...
2026-09-02 21:00:15,571 - root - INFO - Fetched weather for Ipolyvece: 16.2°C, Clouds, humidity: 54%
2026-09-02 21:00:16,673 - root - INFO - [106/1205] Fetching weather for Dejtár...
2026-09-02 21:00:16,767 - root - INFO - Fetched weather for Dejtár: 16.2°C, Clouds, humidity: 54%
2026-09-02 21:00:17,869 - root - INFO - [107/1205] Fetching weather for Ipolyszög...
2026-09-02 21:00:17,966 - root - INFO - Fetched weather for Ipolyszög: 16.1°C, Clouds, humidity: 54%
2026-09-02 21:00:19,068 - root - INFO - [108/1205] Fetching weather for Iklad-Domony...
2026-09-02 21:00:19,157 - root - INFO - Fetched weather for Iklad-Domony: 20.6°C, Clouds, humidity: 48%
2026-09-02 21:00:20,258 - root - INFO - [109/1205] Fetching weather for Iklad-Domony felső...
2026-09-02 21:00:20,348 - root - INFO - Fetched weather for Iklad-Domony felső: 20.6°C, Clouds, humidity: 48%
2026-09-02 21:00:21,450 - root - INFO - [110/1205] Fetching weather for Galgamácsa...
2026-09-02 21:00:21,553 - root - INFO - Fetched weather for Galgamácsa: 20.6°C, Clouds, humidity: 48%
2026-09-02 21:00:22,655 - root - INFO - [111/1205] Fetching weather for Vácrátót...
2026-09-02 21:00:22,756 - root - INFO - Fetched weather for Vácrátót: 20.5°C, Clouds, humidity: 48%
2026-09-02 21:00:23,857 - root - INFO - [112/1205] Fetching weather for Csörög...
2026-09-02 21:00:23,956 - root - INFO - Fetched weather for Csörög: 20.5°C, Clouds, humidity: 48%
2026-09-02 21:00:25,057 - root - INFO - [113/1205] Fetching weather for Galgagyörk...
2026-09-02 21:00:25,156 - root - INFO - Fetched weather for Galgagyörk: 20.5°C, Clouds, humidity: 48%
2026-09-02 21:00:26,257 - root - INFO - [114/1205] Fetching weather for Püspökhatvan...
2026-09-02 21:00:26,354 - root - INFO - Fetched weather for Püspökhatvan: 20.5°C, Clouds, humidity: 48%
2026-09-02 21:00:27,455 - root - INFO - [115/1205] Fetching weather for Acsa-Erdőkürt...
2026-09-02 21:00:27,554 - root - INFO - Fetched weather for Acsa-Erdőkürt: 20.4°C, Clouds, humidity: 52%
2026-09-02 21:00:28,655 - root - INFO - [116/1205] Fetching weather for Galgaguta...
2026-09-02 21:00:28,746 - root - INFO - Fetched weather for Galgaguta: 15.8°C, Clouds, humidity: 52%
2026-09-02 21:00:29,848 - root - INFO - [117/1205] Fetching weather for Nógrádkövesd...
2026-09-02 21:00:29,945 - root - INFO - Fetched weather for Nógrádkövesd: 15.8°C, Clouds, humidity: 54%
2026-09-02 21:00:31,046 - root - INFO - [118/1205] Fetching weather for Magyarnándor...
2026-09-02 21:00:31,154 - root - INFO - Fetched weather for Magyarnándor: 15.8°C, Clouds, humidity: 54%
2026-09-02 21:00:32,256 - root - INFO - [119/1205] Fetching weather for Mohora...
2026-09-02 21:00:32,345 - root - INFO - Fetched weather for Mohora: 16.0°C, Clouds, humidity: 54%
2026-09-02 21:00:33,447 - root - INFO - [120/1205] Fetching weather for Szügy...
2026-09-02 21:00:33,539 - root - INFO - Fetched weather for Szügy: 16.0°C, Clouds, humidity: 54%
2026-09-02 21:00:34,641 - root - INFO - [121/1205] Fetching weather for Balassagyarmat...
2026-09-02 21:00:34,726 - root - INFO - Fetched weather for Balassagyarmat: 16.1°C, Clouds, humidity: 54%
2026-09-02 21:00:35,827 - root - INFO - [122/1205] Fetching weather for Őrhalom...
2026-09-02 21:00:35,917 - root - INFO - Fetched weather for Őrhalom: 16.1°C, Clouds, humidity: 54%
2026-09-02 21:00:37,018 - root - INFO - [123/1205] Fetching weather for Hugyag...
2026-09-02 21:00:37,114 - root - INFO - Fetched weather for Hugyag: 16.1°C, Clouds, humidity: 54%
2026-09-02 21:00:38,215 - root - INFO - [124/1205] Fetching weather for Szécsény...
2026-09-02 21:00:38,309 - root - INFO - Fetched weather for Szécsény: 16.1°C, Clouds, humidity: 53%
2026-09-02 21:00:39,410 - root - INFO - [125/1205] Fetching weather for Ludányhalászi...
2026-09-02 21:00:39,505 - root - INFO - Fetched weather for Ludányhalászi: 16.0°C, Clouds, humidity: 53%
2026-09-02 21:00:40,606 - root - INFO - [126/1205] Fetching weather for Nógrádszakál...
2026-09-02 21:00:40,702 - root - INFO - Fetched weather for Nógrádszakál: 18.6°C, Clouds, humidity: 54%
2026-09-02 21:00:41,803 - root - INFO - [127/1205] Fetching weather for Ráróspuszta...
2026-09-02 21:00:41,897 - root - INFO - Fetched weather for Ráróspuszta: 18.0°C, Clouds, humidity: 54%
2026-09-02 21:00:42,999 - root - INFO - [128/1205] Fetching weather for Litke...
2026-09-02 21:00:43,091 - root - INFO - Fetched weather for Litke: 18.4°C, Clouds, humidity: 55%
2026-09-02 21:00:44,192 - root - INFO - [129/1205] Fetching weather for Nyíregyháza külső...
2026-09-02 21:00:44,285 - root - INFO - Fetched weather for Nyíregyháza külső: 19.9°C, Clouds, humidity: 47%
2026-09-02 21:00:45,386 - root - INFO - [130/1205] Fetching weather for Oros...
2026-09-02 21:00:45,484 - root - INFO - Fetched weather for Oros: 19.7°C, Clouds, humidity: 48%
2026-09-02 21:00:46,586 - root - INFO - [131/1205] Fetching weather for Napkor...
2026-09-02 21:00:46,687 - root - INFO - Fetched weather for Napkor: 19.6°C, Clouds, humidity: 49%
2026-09-02 21:00:47,789 - root - INFO - [132/1205] Fetching weather for Apagy...
2026-09-02 21:00:47,882 - root - INFO - Fetched weather for Apagy: 19.5°C, Clouds, humidity: 49%
2026-09-02 21:00:48,984 - root - INFO - [133/1205] Fetching weather for Levelek-Magy...
2026-09-02 21:00:49,072 - root - INFO - Fetched weather for Levelek-Magy: 19.3°C, Clouds, humidity: 49%
2026-09-02 21:00:50,173 - root - INFO - [134/1205] Fetching weather for Ófehértó...
2026-09-02 21:00:50,271 - root - INFO - Fetched weather for Ófehértó: 19.2°C, Clouds, humidity: 49%
2026-09-02 21:00:51,372 - root - INFO - [135/1205] Fetching weather for Ligettanya...
2026-09-02 21:00:51,470 - root - INFO - Fetched weather for Ligettanya: 19.1°C, Clouds, humidity: 49%
2026-09-02 21:00:52,571 - root - INFO - [136/1205] Fetching weather for Baktalórántháza...
2026-09-02 21:00:52,664 - root - INFO - Fetched weather for Baktalórántháza: 19.1°C, Clouds, humidity: 49%
2026-09-02 21:00:53,766 - root - INFO - [137/1205] Fetching weather for Vaja-Rohod...
2026-09-02 21:00:53,861 - root - INFO - Fetched weather for Vaja-Rohod: 19.1°C, Clouds, humidity: 50%
2026-09-02 21:00:54,963 - root - INFO - [138/1205] Fetching weather for Rákóczitanya...
2026-09-02 21:00:55,058 - root - INFO - Fetched weather for Rákóczitanya: 19.0°C, Clouds, humidity: 50%
2026-09-02 21:00:56,160 - root - INFO - [139/1205] Fetching weather for Nyírmada...
2026-09-02 21:00:56,266 - root - INFO - Fetched weather for Nyírmada: 19.0°C, Clouds, humidity: 50%
2026-09-02 21:00:57,367 - root - INFO - [140/1205] Fetching weather for Tunyogmatolcs...
2026-09-02 21:00:57,467 - root - INFO - Fetched weather for Tunyogmatolcs: 18.9°C, Clouds, humidity: 50%
2026-09-02 21:00:58,569 - root - INFO - [141/1205] Fetching weather for Tunyogmatolcs alsó...
2026-09-02 21:00:58,659 - root - INFO - Fetched weather for Tunyogmatolcs alsó: 18.9°C, Clouds, humidity: 50%
2026-09-02 21:00:59,761 - root - INFO - [142/1205] Fetching weather for Fehérgyarmat...
2026-09-02 21:00:59,851 - root - INFO - Fetched weather for Fehérgyarmat: 18.8°C, Clouds, humidity: 51%
2026-09-02 21:01:00,953 - root - INFO - [143/1205] Fetching weather for Penyige...
2026-09-02 21:01:01,048 - root - INFO - Fetched weather for Penyige: 18.8°C, Clouds, humidity: 51%
2026-09-02 21:01:02,150 - root - INFO - [144/1205] Fetching weather for Nagyszekeres...
2026-09-02 21:01:02,242 - root - INFO - Fetched weather for Nagyszekeres: 18.7°C, Clouds, humidity: 52%
2026-09-02 21:01:03,343 - root - INFO - [145/1205] Fetching weather for Kisszekeres...
2026-09-02 21:01:03,442 - root - INFO - Fetched weather for Kisszekeres: 18.7°C, Clouds, humidity: 51%
2026-09-02 21:01:04,544 - root - INFO - [146/1205] Fetching weather for Jánkmajtis...
2026-09-02 21:01:04,642 - root - INFO - Fetched weather for Jánkmajtis: 18.7°C, Clouds, humidity: 52%
2026-09-02 21:01:05,744 - root - INFO - [147/1205] Fetching weather for Gacsály...
2026-09-02 21:01:05,836 - root - INFO - Fetched weather for Gacsály: 17.3°C, Clouds, humidity: 52%
2026-09-02 21:01:06,938 - root - INFO - [148/1205] Fetching weather for Zajta...
2026-09-02 21:01:07,040 - root - INFO - Fetched weather for Zajta: 17.2°C, Clouds, humidity: 52%
2026-09-02 21:01:08,142 - root - INFO - [149/1205] Fetching weather for Eperjeske alsó...
2026-09-02 21:01:08,236 - root - INFO - Fetched weather for Eperjeske alsó: 19.2°C, Clouds, humidity: 51%
2026-09-02 21:01:09,337 - root - INFO - [150/1205] Fetching weather for Mándok...
2026-09-02 21:01:09,432 - root - INFO - Fetched weather for Mándok: 19.1°C, Clouds, humidity: 51%
2026-09-02 21:01:10,534 - root - INFO - [151/1205] Fetching weather for Tornyospálca...
2026-09-02 21:01:10,625 - root - INFO - Fetched weather for Tornyospálca: 19.2°C, Clouds, humidity: 51%
2026-09-02 21:01:11,726 - root - INFO - [152/1205] Fetching weather for Aranyosapáti...
2026-09-02 21:01:11,823 - root - INFO - Fetched weather for Aranyosapáti: 19.1°C, Clouds, humidity: 52%
2026-09-02 21:01:12,924 - root - INFO - [153/1205] Fetching weather for Gyüre...
2026-09-02 21:01:13,022 - root - INFO - Fetched weather for Gyüre: 19.1°C, Clouds, humidity: 51%
2026-09-02 21:01:14,123 - root - INFO - [154/1205] Fetching weather for Varsány...
2026-09-02 21:01:14,213 - root - INFO - Fetched weather for Varsány: 19.0°C, Clouds, humidity: 51%
2026-09-02 21:01:15,315 - root - INFO - [155/1205] Fetching weather for Vásárosnamény...
2026-09-02 21:01:15,411 - root - INFO - Fetched weather for Vásárosnamény: 19.0°C, Clouds, humidity: 51%
2026-09-02 21:01:16,512 - root - INFO - [156/1205] Fetching weather for Vitka...
2026-09-02 21:01:16,606 - root - INFO - Fetched weather for Vitka: 19.0°C, Clouds, humidity: 51%
2026-09-02 21:01:17,707 - root - INFO - [157/1205] Fetching weather for Nagydobos...
2026-09-02 21:01:17,807 - root - INFO - Fetched weather for Nagydobos: 18.9°C, Clouds, humidity: 50%
2026-09-02 21:01:18,909 - root - INFO - [158/1205] Fetching weather for Ópályi...
2026-09-02 21:01:19,006 - root - INFO - Fetched weather for Ópályi: 18.9°C, Clouds, humidity: 50%
2026-09-02 21:01:20,107 - root - INFO - [159/1205] Fetching weather for Nyírcsaholy...
2026-09-02 21:01:20,196 - root - INFO - Fetched weather for Nyírcsaholy: 18.9°C, Clouds, humidity: 50%
2026-09-02 21:01:21,297 - root - INFO - [160/1205] Fetching weather for Nagyecsed...
2026-09-02 21:01:21,392 - root - INFO - Fetched weather for Nagyecsed: 18.9°C, Clouds, humidity: 50%
2026-09-02 21:01:22,494 - root - INFO - [161/1205] Fetching weather for Tiborszállás...
2026-09-02 21:01:22,586 - root - INFO - Fetched weather for Tiborszállás: 18.8°C, Clouds, humidity: 50%
2026-09-02 21:01:23,687 - root - INFO - [162/1205] Fetching weather for Kiskunhalas...
2026-09-02 21:01:23,778 - root - INFO - Fetched weather for Kiskunhalas: 20.3°C, Clouds, humidity: 49%
2026-09-02 21:01:24,879 - root - INFO - [163/1205] Fetching weather for Kecskemét alsó...
2026-09-02 21:01:24,968 - root - INFO - Fetched weather for Kecskemét alsó: 20.0°C, Clouds, humidity: 56%
2026-09-02 21:01:26,069 - root - INFO - [164/1205] Fetching weather for Putnok...
2026-09-02 21:01:26,164 - root - INFO - Fetched weather for Putnok: 20.6°C, Clouds, humidity: 51%
2026-09-02 21:01:27,265 - root - INFO - [165/1205] Fetching weather for Bánréve...
2026-09-02 21:01:27,367 - root - INFO - Fetched weather for Bánréve: 18.0°C, Clouds, humidity: 44%
2026-09-02 21:01:28,468 - root - INFO - [166/1205] Fetching weather for Ipolytarnóc...
2026-09-02 21:01:28,563 - root - INFO - Fetched weather for Ipolytarnóc: 18.4°C, Clouds, humidity: 55%
2026-09-02 21:01:29,665 - root - INFO - [167/1205] Fetching weather for Rákosliget...
2026-09-02 21:01:29,755 - root - INFO - Fetched weather for Rákosliget: 20.4°C, Clouds, humidity: 56%
2026-09-02 21:01:30,856 - root - INFO - [168/1205] Fetching weather for Ikrény...
2026-09-02 21:01:30,955 - root - INFO - Fetched weather for Ikrény: 19.1°C, Clouds, humidity: 61%
2026-09-02 21:01:32,057 - root - INFO - [169/1205] Fetching weather for Rábapatona...
2026-09-02 21:01:32,147 - root - INFO - Fetched weather for Rábapatona: 19.1°C, Clouds, humidity: 60%
2026-09-02 21:01:33,248 - root - INFO - [170/1205] Fetching weather for Enese...
2026-09-02 21:01:33,343 - root - INFO - Fetched weather for Enese: 19.1°C, Clouds, humidity: 59%
2026-09-02 21:01:34,444 - root - INFO - [171/1205] Fetching weather for Kóny...
2026-09-02 21:01:34,536 - root - INFO - Fetched weather for Kóny: 19.4°C, Clouds, humidity: 60%
2026-09-02 21:01:35,638 - root - INFO - [172/1205] Fetching weather for Farád...
2026-09-02 21:01:35,738 - root - INFO - Fetched weather for Farád: 19.8°C, Clouds, humidity: 60%
2026-09-02 21:01:36,840 - root - INFO - [173/1205] Fetching weather for Rábatamási...
2026-09-02 21:01:36,934 - root - INFO - Fetched weather for Rábatamási: 19.8°C, Clouds, humidity: 60%
2026-09-02 21:01:38,036 - root - INFO - [174/1205] Fetching weather for Szárföld...
2026-09-02 21:01:38,132 - root - INFO - Fetched weather for Szárföld: 19.8°C, Clouds, humidity: 60%
2026-09-02 21:01:39,233 - root - INFO - [175/1205] Fetching weather for Veszkény...
2026-09-02 21:01:39,332 - root - INFO - Fetched weather for Veszkény: 19.9°C, Clouds, humidity: 61%
2026-09-02 21:01:40,434 - root - INFO - [176/1205] Fetching weather for Kapuvár...
2026-09-02 21:01:40,528 - root - INFO - Fetched weather for Kapuvár: 19.9°C, Clouds, humidity: 62%
2026-09-02 21:01:41,629 - root - INFO - [177/1205] Fetching weather for Vitnyéd-Csermajor...
2026-09-02 21:01:41,721 - root - INFO - Fetched weather for Vitnyéd-Csermajor: 19.9°C, Clouds, humidity: 62%
2026-09-02 21:01:42,822 - root - INFO - [178/1205] Fetching weather for Petőháza...
2026-09-02 21:01:42,916 - root - INFO - Fetched weather for Petőháza: 20.0°C, Clouds, humidity: 63%
2026-09-02 21:01:44,017 - root - INFO - [179/1205] Fetching weather for Fertőszentmiklós...
2026-09-02 21:01:44,111 - root - INFO - Fetched weather for Fertőszentmiklós: 20.0°C, Clouds, humidity: 63%
2026-09-02 21:01:45,212 - root - INFO - [180/1205] Fetching weather for Pinnye...
2026-09-02 21:01:45,309 - root - INFO - Fetched weather for Pinnye: 19.9°C, Clouds, humidity: 64%
2026-09-02 21:01:46,411 - root - INFO - [181/1205] Fetching weather for Fertőboz...
2026-09-02 21:01:46,505 - root - INFO - Fetched weather for Fertőboz: 22.6°C, Clouds, humidity: 64%
2026-09-02 21:01:47,607 - root - INFO - [182/1205] Fetching weather for Sopron...
2026-09-02 21:01:47,697 - root - INFO - Fetched weather for Sopron: 22.3°C, Clouds, humidity: 63%
2026-09-02 21:01:48,798 - root - INFO - [183/1205] Fetching weather for Fertőszéplak-Fertőd...
2026-09-02 21:01:48,894 - root - INFO - Fetched weather for Fertőszéplak-Fertőd: 20.1°C, Clouds, humidity: 63%
2026-09-02 21:01:49,995 - root - INFO - [184/1205] Fetching weather for Nyúl...
2026-09-02 21:01:50,092 - root - INFO - Fetched weather for Nyúl: 19.0°C, Clouds, humidity: 68%
2026-09-02 21:01:51,194 - root - INFO - [185/1205] Fetching weather for Pannonhalma...
2026-09-02 21:01:51,283 - root - INFO - Fetched weather for Pannonhalma: 19.0°C, Clouds, humidity: 68%
2026-09-02 21:01:52,385 - root - INFO - [186/1205] Fetching weather for Tarjánpuszta...
2026-09-02 21:01:52,479 - root - INFO - Fetched weather for Tarjánpuszta: 18.7°C, Clouds, humidity: 68%
2026-09-02 21:01:53,580 - root - INFO - [187/1205] Fetching weather for Győrasszonyfa...
2026-09-02 21:01:53,671 - root - INFO - Fetched weather for Győrasszonyfa: 18.7°C, Clouds, humidity: 68%
2026-09-02 21:01:54,773 - root - INFO - [188/1205] Fetching weather for Veszprémvarsány...
2026-09-02 21:01:54,878 - root - INFO - Fetched weather for Veszprémvarsány: 18.7°C, Clouds, humidity: 59%
2026-09-02 21:01:55,980 - root - INFO - [189/1205] Fetching weather for Bakonyszentlászló...
2026-09-02 21:01:56,072 - root - INFO - Fetched weather for Bakonyszentlászló: 18.6°C, Clouds, humidity: 59%
2026-09-02 21:01:57,174 - root - INFO - [190/1205] Fetching weather for Porva-Csesznek...
2026-09-02 21:01:57,264 - root - INFO - Fetched weather for Porva-Csesznek: 17.6°C, Clouds, humidity: 59%
2026-09-02 21:01:58,366 - root - INFO - [191/1205] Fetching weather for Zirc...
2026-09-02 21:01:58,458 - root - INFO - Fetched weather for Zirc: 17.6°C, Clouds, humidity: 58%
2026-09-02 21:01:59,560 - root - INFO - [192/1205] Fetching weather for Eplény...
2026-09-02 21:01:59,653 - root - INFO - Fetched weather for Eplény: 18.2°C, Clouds, humidity: 57%
2026-09-02 21:02:00,754 - root - INFO - [193/1205] Fetching weather for Marcaltő...
2026-09-02 21:02:00,845 - root - INFO - Fetched weather for Marcaltő: 19.2°C, Clouds, humidity: 77%
2026-09-02 21:02:01,946 - root - INFO - [194/1205] Fetching weather for Szany-Rábaszentandrás...
2026-09-02 21:02:02,035 - root - INFO - Fetched weather for Szany-Rábaszentandrás: 19.2°C, Clouds, humidity: 77%
2026-09-02 21:02:03,137 - root - INFO - [195/1205] Fetching weather for Egyed-Rábacsanak...
2026-09-02 21:02:03,238 - root - INFO - Fetched weather for Egyed-Rábacsanak: 19.2°C, Clouds, humidity: 61%
2026-09-02 21:02:04,339 - root - INFO - [196/1205] Fetching weather for Rábapordány...
2026-09-02 21:02:04,436 - root - INFO - Fetched weather for Rábapordány: 19.2°C, Clouds, humidity: 60%
2026-09-02 21:02:05,538 - root - INFO - [197/1205] Fetching weather for Albertfalva...
2026-09-02 21:02:05,629 - root - INFO - Fetched weather for Albertfalva: 22.0°C, Clouds, humidity: 53%
2026-09-02 21:02:06,731 - root - INFO - [198/1205] Fetching weather for Budafok...
2026-09-02 21:02:06,821 - root - INFO - Fetched weather for Budafok: 22.0°C, Clouds, humidity: 53%
2026-09-02 21:02:07,923 - root - INFO - [199/1205] Fetching weather for Tétényliget...
2026-09-02 21:02:08,018 - root - INFO - Fetched weather for Tétényliget: 22.3°C, Clouds, humidity: 52%
2026-09-02 21:02:09,120 - root - INFO - [200/1205] Fetching weather for Érd alsó...
2026-09-02 21:02:09,205 - root - INFO - Fetched weather for Érd alsó: 22.0°C, Clouds, humidity: 53%
2026-09-02 21:02:10,306 - root - INFO - [201/1205] Fetching weather for Tárnok...
2026-09-02 21:02:10,408 - root - INFO - Fetched weather for Tárnok: 21.9°C, Clouds, humidity: 53%
2026-09-02 21:02:11,510 - root - INFO - [202/1205] Fetching weather for Martonvásár...
2026-09-02 21:02:11,600 - root - INFO - Fetched weather for Martonvásár: 21.7°C, Clouds, humidity: 53%
2026-09-02 21:02:12,702 - root - INFO - [203/1205] Fetching weather for Baracska...
2026-09-02 21:02:12,792 - root - INFO - Fetched weather for Baracska: 21.7°C, Clouds, humidity: 53%
2026-09-02 21:02:13,894 - root - INFO - [204/1205] Fetching weather for Pettend...
2026-09-02 21:02:13,988 - root - INFO - Fetched weather for Pettend: 20.0°C, Clouds, humidity: 53%
2026-09-02 21:02:15,090 - root - INFO - [205/1205] Fetching weather for Kápolnásnyék...
2026-09-02 21:02:15,182 - root - INFO - Fetched weather for Kápolnásnyék: 20.0°C, Clouds, humidity: 53%
2026-09-02 21:02:16,284 - root - INFO - [206/1205] Fetching weather for Velence...
2026-09-02 21:02:16,378 - root - INFO - Fetched weather for Velence: 20.1°C, Clouds, humidity: 53%
2026-09-02 21:02:17,479 - root - INFO - [207/1205] Fetching weather for Velencefürdő...
2026-09-02 21:02:17,574 - root - INFO - Fetched weather for Velencefürdő: 20.1°C, Clouds, humidity: 53%
2026-09-02 21:02:18,676 - root - INFO - [208/1205] Fetching weather for Gárdony...
2026-09-02 21:02:18,767 - root - INFO - Fetched weather for Gárdony: 20.1°C, Clouds, humidity: 53%
2026-09-02 21:02:19,869 - root - INFO - [209/1205] Fetching weather for Agárd...
2026-09-02 21:02:19,959 - root - INFO - Fetched weather for Agárd: 20.1°C, Clouds, humidity: 53%
2026-09-02 21:02:21,060 - root - INFO - [210/1205] Fetching weather for Dinnyés...
2026-09-02 21:02:21,162 - root - INFO - Fetched weather for Dinnyés: 20.1°C, Clouds, humidity: 53%
2026-09-02 21:02:22,264 - root - INFO - [211/1205] Fetching weather for Székesfehérvár...
2026-09-02 21:02:22,366 - root - INFO - Fetched weather for Székesfehérvár: 19.9°C, Clouds, humidity: 54%
2026-09-02 21:02:23,467 - root - INFO - [212/1205] Fetching weather for Szabadbattyán...
2026-09-02 21:02:23,560 - root - INFO - Fetched weather for Szabadbattyán: 19.9°C, Clouds, humidity: 55%
2026-09-02 21:02:24,662 - root - INFO - [213/1205] Fetching weather for Kiscséripuszta...
2026-09-02 21:02:24,754 - root - INFO - Fetched weather for Kiscséripuszta: 19.1°C, Clouds, humidity: 56%
2026-09-02 21:02:25,856 - root - INFO - [214/1205] Fetching weather for Lepsény...
2026-09-02 21:02:25,947 - root - INFO - Fetched weather for Lepsény: 19.3°C, Clouds, humidity: 80%
2026-09-02 21:02:27,049 - root - INFO - [215/1205] Fetching weather for Balatonaliga...
2026-09-02 21:02:27,143 - root - INFO - Fetched weather for Balatonaliga: 19.1°C, Clouds, humidity: 80%
2026-09-02 21:02:28,245 - root - INFO - [216/1205] Fetching weather for Balatonvilágos...
2026-09-02 21:02:28,340 - root - INFO - Fetched weather for Balatonvilágos: 19.2°C, Clouds, humidity: 80%
2026-09-02 21:02:29,442 - root - INFO - [217/1205] Fetching weather for Szabadifürdő...
2026-09-02 21:02:29,535 - root - INFO - Fetched weather for Szabadifürdő: 19.4°C, Clouds, humidity: 80%
2026-09-02 21:02:30,636 - root - INFO - [218/1205] Fetching weather for Ózd alsó...
2026-09-02 21:02:30,730 - root - INFO - Fetched weather for Ózd alsó: 17.8°C, Clouds, humidity: 44%
2026-09-02 21:02:31,832 - root - INFO - [219/1205] Fetching weather for Ózd...
2026-09-02 21:02:31,921 - root - INFO - Fetched weather for Ózd: 17.9°C, Clouds, humidity: 44%
2026-09-02 21:02:33,023 - root - INFO - [220/1205] Fetching weather for Alsóboldva...
2026-09-02 21:02:33,115 - root - INFO - Fetched weather for Alsóboldva: 21.4°C, Clouds, humidity: 52%
2026-09-02 21:02:34,216 - root - INFO - [221/1205] Fetching weather for Boldva...
2026-09-02 21:02:34,321 - root - INFO - Fetched weather for Boldva: 21.3°C, Clouds, humidity: 51%
2026-09-02 21:02:35,422 - root - INFO - [222/1205] Fetching weather for Borsodszirák...
2026-09-02 21:02:35,522 - root - INFO - Fetched weather for Borsodszirák: 21.3°C, Clouds, humidity: 51%
2026-09-02 21:02:36,623 - root - INFO - [223/1205] Fetching weather for Edelény alsó...
2026-09-02 21:02:36,721 - root - INFO - Fetched weather for Edelény alsó: 21.3°C, Clouds, humidity: 51%
2026-09-02 21:02:37,823 - root - INFO - [224/1205] Fetching weather for Edelény...
2026-09-02 21:02:37,915 - root - INFO - Fetched weather for Edelény: 21.3°C, Clouds, humidity: 52%
2026-09-02 21:02:39,016 - root - INFO - [225/1205] Fetching weather for Szendrőlád...
2026-09-02 21:02:39,105 - root - INFO - Fetched weather for Szendrőlád: 18.0°C, Clouds, humidity: 52%
2026-09-02 21:02:40,207 - root - INFO - [226/1205] Fetching weather for Szendrő...
2026-09-02 21:02:40,307 - root - INFO - Fetched weather for Szendrő: 18.8°C, Clouds, humidity: 53%
2026-09-02 21:02:41,409 - root - INFO - [227/1205] Fetching weather for Szendrő felső...
2026-09-02 21:02:41,504 - root - INFO - Fetched weather for Szendrő felső: 18.8°C, Clouds, humidity: 53%
2026-09-02 21:02:42,606 - root - INFO - [228/1205] Fetching weather for Szalonna...
2026-09-02 21:02:42,698 - root - INFO - Fetched weather for Szalonna: 18.8°C, Clouds, humidity: 54%
2026-09-02 21:02:43,800 - root - INFO - [229/1205] Fetching weather for Perkupa...
2026-09-02 21:02:43,892 - root - INFO - Fetched weather for Perkupa: 18.0°C, Clouds, humidity: 54%
2026-09-02 21:02:44,993 - root - INFO - [230/1205] Fetching weather for Szemeretelep...
2026-09-02 21:02:45,084 - root - INFO - Fetched weather for Szemeretelep: 20.7°C, Clouds, humidity: 56%
2026-09-02 21:02:46,186 - root - INFO - [231/1205] Fetching weather for Jósvafő-Aggtelek...
2026-09-02 21:02:46,284 - root - INFO - Fetched weather for Jósvafő-Aggtelek: 18.3°C, Clouds, humidity: 55%
2026-09-02 21:02:47,386 - root - INFO - [232/1205] Fetching weather for Bódvaszilas...
2026-09-02 21:02:47,480 - root - INFO - Fetched weather for Bódvaszilas: 17.9°C, Clouds, humidity: 55%
2026-09-02 21:02:48,581 - root - INFO - [233/1205] Fetching weather for Komjáti...
2026-09-02 21:02:48,688 - root - INFO - Fetched weather for Komjáti: 17.5°C, Clouds, humidity: 55%
2026-09-02 21:02:49,790 - root - INFO - [234/1205] Fetching weather for Tornanádaska...
2026-09-02 21:02:49,881 - root - INFO - Fetched weather for Tornanádaska: 18.7°C, Clouds, humidity: 55%
2026-09-02 21:02:50,982 - root - INFO - [235/1205] Fetching weather for Onga...
2026-09-02 21:02:51,072 - root - INFO - Fetched weather for Onga: 21.4°C, Clouds, humidity: 52%
2026-09-02 21:02:52,174 - root - INFO - [236/1205] Fetching weather for Szikszó-Vásártér...
2026-09-02 21:02:52,271 - root - INFO - Fetched weather for Szikszó-Vásártér: 21.4°C, Clouds, humidity: 49%
2026-09-02 21:02:53,373 - root - INFO - [237/1205] Fetching weather for Szikszó...
2026-09-02 21:02:53,467 - root - INFO - Fetched weather for Szikszó: 21.4°C, Clouds, humidity: 49%
2026-09-02 21:02:54,568 - root - INFO - [238/1205] Fetching weather for Aszaló...
2026-09-02 21:02:54,667 - root - INFO - Fetched weather for Aszaló: 21.4°C, Clouds, humidity: 49%
2026-09-02 21:02:55,768 - root - INFO - [239/1205] Fetching weather for Halmaj...
2026-09-02 21:02:55,858 - root - INFO - Fetched weather for Halmaj: 19.7°C, Clouds, humidity: 49%
2026-09-02 21:02:56,960 - root - INFO - [240/1205] Fetching weather for Csobád...
2026-09-02 21:02:57,049 - root - INFO - Fetched weather for Csobád: 19.7°C, Clouds, humidity: 49%
2026-09-02 21:02:58,150 - root - INFO - [241/1205] Fetching weather for Ináncs...
2026-09-02 21:02:58,243 - root - INFO - Fetched weather for Ináncs: 19.6°C, Clouds, humidity: 49%
2026-09-02 21:02:59,344 - root - INFO - [242/1205] Fetching weather for Forró-Encs...
2026-09-02 21:02:59,444 - root - INFO - Fetched weather for Forró-Encs: 19.5°C, Clouds, humidity: 50%
2026-09-02 21:03:00,546 - root - INFO - [243/1205] Fetching weather for Méra...
2026-09-02 21:03:00,638 - root - INFO - Fetched weather for Méra: 19.2°C, Clouds, humidity: 50%
2026-09-02 21:03:01,739 - root - INFO - [244/1205] Fetching weather for Novajidrány...
2026-09-02 21:03:01,832 - root - INFO - Fetched weather for Novajidrány: 20.0°C, Clouds, humidity: 51%
2026-09-02 21:03:02,933 - root - INFO - [245/1205] Fetching weather for Hernádszurdok...
2026-09-02 21:03:03,020 - root - INFO - Fetched weather for Hernádszurdok: 20.1°C, Clouds, humidity: 49%
2026-09-02 21:03:04,122 - root - INFO - [246/1205] Fetching weather for Hidasnémeti...
2026-09-02 21:03:04,219 - root - INFO - Fetched weather for Hidasnémeti: 20.1°C, Clouds, humidity: 49%
2026-09-02 21:03:05,320 - root - INFO - [247/1205] Fetching weather for Mád...
2026-09-02 21:03:05,410 - root - INFO - Fetched weather for Mád: 22.9°C, Clouds, humidity: 49%
2026-09-02 21:03:06,512 - root - INFO - [248/1205] Fetching weather for Rátka...
2026-09-02 21:03:06,600 - root - INFO - Fetched weather for Rátka: 23.0°C, Clouds, humidity: 49%
2026-09-02 21:03:07,702 - root - INFO - [249/1205] Fetching weather for Tállya...
2026-09-02 21:03:07,797 - root - INFO - Fetched weather for Tállya: 23.0°C, Clouds, humidity: 49%
2026-09-02 21:03:08,898 - root - INFO - [250/1205] Fetching weather for Golop...
2026-09-02 21:03:08,992 - root - INFO - Fetched weather for Golop: 23.1°C, Clouds, humidity: 49%
2026-09-02 21:03:10,094 - root - INFO - [251/1205] Fetching weather for Abaújszántó...
2026-09-02 21:03:10,188 - root - INFO - Fetched weather for Abaújszántó: 23.0°C, Clouds, humidity: 50%
2026-09-02 21:03:11,289 - root - INFO - [252/1205] Fetching weather for Abaújszántói fürdő...
2026-09-02 21:03:11,380 - root - INFO - Fetched weather for Abaújszántói fürdő: 23.1°C, Clouds, humidity: 49%
2026-09-02 21:03:12,481 - root - INFO - [253/1205] Fetching weather for Abaújkér...
2026-09-02 21:03:12,580 - root - INFO - Fetched weather for Abaújkér: 22.9°C, Clouds, humidity: 50%
2026-09-02 21:03:13,681 - root - INFO - [254/1205] Fetching weather for Boldogkőváralja...
2026-09-02 21:03:13,777 - root - INFO - Fetched weather for Boldogkőváralja: 22.8°C, Clouds, humidity: 50%
2026-09-02 21:03:14,879 - root - INFO - [255/1205] Fetching weather for Korlát-Vizsoly...
2026-09-02 21:03:14,978 - root - INFO - Fetched weather for Korlát-Vizsoly: 22.7°C, Clouds, humidity: 51%
2026-09-02 21:03:16,080 - root - INFO - [256/1205] Fetching weather for Fony...
2026-09-02 21:03:16,175 - root - INFO - Fetched weather for Fony: 19.9°C, Clouds, humidity: 51%
2026-09-02 21:03:17,277 - root - INFO - [257/1205] Fetching weather for Hejce-Vilmány...
2026-09-02 21:03:17,372 - root - INFO - Fetched weather for Hejce-Vilmány: 19.9°C, Clouds, humidity: 51%
2026-09-02 21:03:18,474 - root - INFO - [258/1205] Fetching weather for Göncruszka...
2026-09-02 21:03:18,571 - root - INFO - Fetched weather for Göncruszka: 20.0°C, Clouds, humidity: 52%
2026-09-02 21:03:19,673 - root - INFO - [259/1205] Fetching weather for Gönc...
2026-09-02 21:03:19,769 - root - INFO - Fetched weather for Gönc: 19.9°C, Clouds, humidity: 52%
2026-09-02 21:03:20,870 - root - INFO - [260/1205] Fetching weather for Zsujta...
2026-09-02 21:03:20,965 - root - INFO - Fetched weather for Zsujta: 19.9°C, Clouds, humidity: 49%
2026-09-02 21:03:22,067 - root - INFO - [261/1205] Fetching weather for Bodrogkeresztúr...
2026-09-02 21:03:22,161 - root - INFO - Fetched weather for Bodrogkeresztúr: 23.1°C, Clouds, humidity: 52%
2026-09-02 21:03:23,263 - root - INFO - [262/1205] Fetching weather for Szegi...
2026-09-02 21:03:23,367 - root - INFO - Fetched weather for Szegi: 23.2°C, Clouds, humidity: 53%
2026-09-02 21:03:24,469 - root - INFO - [263/1205] Fetching weather for Erdőbénye...
2026-09-02 21:03:24,566 - root - INFO - Fetched weather for Erdőbénye: 23.1°C, Clouds, humidity: 53%
2026-09-02 21:03:25,668 - root - INFO - [264/1205] Fetching weather for Olaszliszka-Tolcsva...
2026-09-02 21:03:25,756 - root - INFO - Fetched weather for Olaszliszka-Tolcsva: 23.2°C, Clouds, humidity: 54%
2026-09-02 21:03:26,857 - root - INFO - [265/1205] Fetching weather for Bodrogolaszi...
2026-09-02 21:03:26,952 - root - INFO - Fetched weather for Bodrogolaszi: 19.6°C, Clouds, humidity: 58%
2026-09-02 21:03:28,054 - root - INFO - [266/1205] Fetching weather for Sárospatak...
2026-09-02 21:03:28,149 - root - INFO - Fetched weather for Sárospatak: 19.5°C, Clouds, humidity: 58%
2026-09-02 21:03:29,251 - root - INFO - [267/1205] Fetching weather for Sátoraljaújhely...
2026-09-02 21:03:29,345 - root - INFO - Fetched weather for Sátoraljaújhely: 19.6°C, Clouds, humidity: 58%
2026-09-02 21:03:30,447 - root - INFO - [268/1205] Fetching weather for Vecsés...
2026-09-02 21:03:30,539 - root - INFO - Fetched weather for Vecsés: 22.1°C, Clouds, humidity: 51%
2026-09-02 21:03:31,640 - root - INFO - [269/1205] Fetching weather for Vecsés-Kertekalja...
2026-09-02 21:03:31,736 - root - INFO - Fetched weather for Vecsés-Kertekalja: 22.1°C, Clouds, humidity: 51%
2026-09-02 21:03:32,837 - root - INFO - [270/1205] Fetching weather for Üllő...
2026-09-02 21:03:32,928 - root - INFO - Fetched weather for Üllő: 22.1°C, Clouds, humidity: 58%
2026-09-02 21:03:34,029 - root - INFO - [271/1205] Fetching weather for Monor...
2026-09-02 21:03:34,118 - root - INFO - Fetched weather for Monor: 19.1°C, Clouds, humidity: 63%
2026-09-02 21:03:35,220 - root - INFO - [272/1205] Fetching weather for Pilis...
2026-09-02 21:03:35,314 - root - INFO - Fetched weather for Pilis: 19.0°C, Clouds, humidity: 58%
2026-09-02 21:03:36,415 - root - INFO - [273/1205] Fetching weather for Albertirsa...
2026-09-02 21:03:36,508 - root - INFO - Fetched weather for Albertirsa: 19.5°C, Clouds, humidity: 58%
2026-09-02 21:03:37,610 - root - INFO - [274/1205] Fetching weather for Ceglédbercel-Cserő...
2026-09-02 21:03:37,713 - root - INFO - Fetched weather for Ceglédbercel-Cserő: 19.6°C, Clouds, humidity: 59%
2026-09-02 21:03:38,814 - root - INFO - [275/1205] Fetching weather for Cegléd...
2026-09-02 21:03:38,909 - root - INFO - Fetched weather for Cegléd: 19.3°C, Clouds, humidity: 58%
2026-09-02 21:03:40,010 - root - INFO - [276/1205] Fetching weather for Abony...
2026-09-02 21:03:40,107 - root - INFO - Fetched weather for Abony: 19.4°C, Clouds, humidity: 61%
2026-09-02 21:03:41,209 - root - INFO - [277/1205] Fetching weather for Szolnok...
2026-09-02 21:03:41,303 - root - INFO - Fetched weather for Szolnok: 21.0°C, Clouds, humidity: 49%
2026-09-02 21:03:42,404 - root - INFO - [278/1205] Fetching weather for Szajol...
2026-09-02 21:03:42,499 - root - INFO - Fetched weather for Szajol: 21.0°C, Clouds, humidity: 49%
2026-09-02 21:03:43,600 - root - INFO - [279/1205] Fetching weather for Törökszentmiklós...
2026-09-02 21:03:43,693 - root - INFO - Fetched weather for Törökszentmiklós: 21.0°C, Clouds, humidity: 49%
2026-09-02 21:03:44,794 - root - INFO - [280/1205] Fetching weather for Rákoscsaba-Újtelep...
2026-09-02 21:03:44,889 - root - INFO - Fetched weather for Rákoscsaba-Újtelep: 21.6°C, Clouds, humidity: 50%
2026-09-02 21:03:45,991 - root - INFO - [281/1205] Fetching weather for Rákoscsaba...
2026-09-02 21:03:46,084 - root - INFO - Fetched weather for Rákoscsaba: 21.4°C, Clouds, humidity: 50%
2026-09-02 21:03:47,186 - root - INFO - [282/1205] Fetching weather for Pécel...
2026-09-02 21:03:47,279 - root - INFO - Fetched weather for Pécel: 20.9°C, Clouds, humidity: 49%
2026-09-02 21:03:48,380 - root - INFO - [283/1205] Fetching weather for Isaszeg...
2026-09-02 21:03:48,475 - root - INFO - Fetched weather for Isaszeg: 20.1°C, Clouds, humidity: 49%
2026-09-02 21:03:49,576 - root - INFO - [284/1205] Fetching weather for Gödöllő...
2026-09-02 21:03:49,669 - root - INFO - Fetched weather for Gödöllő: 20.0°C, Clouds, humidity: 49%
2026-09-02 21:03:50,771 - root - INFO - [285/1205] Fetching weather for Máriabesnyő...
2026-09-02 21:03:50,863 - root - INFO - Fetched weather for Máriabesnyő: 20.0°C, Clouds, humidity: 49%
2026-09-02 21:03:51,965 - root - INFO - [286/1205] Fetching weather for Bag...
2026-09-02 21:03:52,054 - root - INFO - Fetched weather for Bag: 20.4°C, Clouds, humidity: 49%
2026-09-02 21:03:53,156 - root - INFO - [287/1205] Fetching weather for Aszód...
2026-09-02 21:03:53,246 - root - INFO - Fetched weather for Aszód: 20.5°C, Clouds, humidity: 58%
2026-09-02 21:03:54,348 - root - INFO - [288/1205] Fetching weather for Hévízgyörk...
2026-09-02 21:03:54,442 - root - INFO - Fetched weather for Hévízgyörk: 20.5°C, Clouds, humidity: 58%
2026-09-02 21:03:55,544 - root - INFO - [289/1205] Fetching weather for Galgahévíz...
2026-09-02 21:03:55,640 - root - INFO - Fetched weather for Galgahévíz: 20.5°C, Clouds, humidity: 59%
2026-09-02 21:03:56,741 - root - INFO - [290/1205] Fetching weather for Tura...
2026-09-02 21:03:56,834 - root - INFO - Fetched weather for Tura: 20.5°C, Clouds, humidity: 58%
2026-09-02 21:03:57,936 - root - INFO - [291/1205] Fetching weather for Hatvan...
2026-09-02 21:03:58,031 - root - INFO - Fetched weather for Hatvan: 19.4°C, Clouds, humidity: 57%
2026-09-02 21:03:59,133 - root - INFO - [292/1205] Fetching weather for Vámosgyörk...
2026-09-02 21:03:59,232 - root - INFO - Fetched weather for Vámosgyörk: 19.4°C, Clouds, humidity: 55%
2026-09-02 21:04:00,334 - root - INFO - [293/1205] Fetching weather for Adács...
2026-09-02 21:04:00,428 - root - INFO - Fetched weather for Adács: 19.4°C, Clouds, humidity: 55%
2026-09-02 21:04:01,530 - root - INFO - [294/1205] Fetching weather for Karácsond...
2026-09-02 21:04:01,623 - root - INFO - Fetched weather for Karácsond: 19.3°C, Clouds, humidity: 54%
2026-09-02 21:04:02,725 - root - INFO - [295/1205] Fetching weather for Ludas...
2026-09-02 21:04:02,825 - root - INFO - Fetched weather for Ludas: 19.5°C, Clouds, humidity: 53%
2026-09-02 21:04:03,927 - root - INFO - [296/1205] Fetching weather for Nagyút...
2026-09-02 21:04:04,020 - root - INFO - Fetched weather for Nagyút: 19.4°C, Clouds, humidity: 53%
2026-09-02 21:04:05,121 - root - INFO - [297/1205] Fetching weather for Kál-Kápolna...
2026-09-02 21:04:05,217 - root - INFO - Fetched weather for Kál-Kápolna: 19.5°C, Clouds, humidity: 52%
2026-09-02 21:04:06,319 - root - INFO - [298/1205] Fetching weather for Füzesabony...
2026-09-02 21:04:06,408 - root - INFO - Fetched weather for Füzesabony: 19.5°C, Clouds, humidity: 51%
2026-09-02 21:04:07,510 - root - INFO - [299/1205] Fetching weather for Szihalom...
2026-09-02 21:04:07,607 - root - INFO - Fetched weather for Szihalom: 19.4°C, Clouds, humidity: 50%
2026-09-02 21:04:08,708 - root - INFO - [300/1205] Fetching weather for Mezőkövesd...
2026-09-02 21:04:08,803 - root - INFO - Fetched weather for Mezőkövesd: 19.5°C, Clouds, humidity: 50%
2026-09-02 21:04:09,905 - root - INFO - [301/1205] Fetching weather for Mezőkövesd felső...
2026-09-02 21:04:10,007 - root - INFO - Fetched weather for Mezőkövesd felső: 21.4°C, Clouds, humidity: 50%
2026-09-02 21:04:11,109 - root - INFO - [302/1205] Fetching weather for Mezőkeresztes-Mezőnyárád...
2026-09-02 21:04:11,198 - root - INFO - Fetched weather for Mezőkeresztes-Mezőnyárád: 21.4°C, Clouds, humidity: 50%
2026-09-02 21:04:12,299 - root - INFO - [303/1205] Fetching weather for Csincse...
2026-09-02 21:04:12,390 - root - INFO - Fetched weather for Csincse: 21.4°C, Clouds, humidity: 50%
2026-09-02 21:04:13,491 - root - INFO - [304/1205] Fetching weather for Emőd...
2026-09-02 21:04:13,580 - root - INFO - Fetched weather for Emőd: 21.4°C, Clouds, humidity: 52%
2026-09-02 21:04:14,682 - root - INFO - [305/1205] Fetching weather for Nyékládháza...
2026-09-02 21:04:14,775 - root - INFO - Fetched weather for Nyékládháza: 21.4°C, Clouds, humidity: 52%
2026-09-02 21:04:15,877 - root - INFO - [306/1205] Fetching weather for Miskolc-Tiszai...
2026-09-02 21:04:15,974 - root - INFO - Fetched weather for Miskolc-Tiszai: 21.4°C, Clouds, humidity: 52%
2026-09-02 21:04:17,076 - root - INFO - [307/1205] Fetching weather for Felsőzsolca...
2026-09-02 21:04:17,172 - root - INFO - Fetched weather for Felsőzsolca: 21.4°C, Clouds, humidity: 52%
2026-09-02 21:04:18,274 - root - INFO - [308/1205] Fetching weather for Hernádnémeti-Bőcs...
2026-09-02 21:04:18,366 - root - INFO - Fetched weather for Hernádnémeti-Bőcs: 21.4°C, Clouds, humidity: 51%
2026-09-02 21:04:19,467 - root - INFO - [309/1205] Fetching weather for Tiszalúc...
2026-09-02 21:04:19,563 - root - INFO - Fetched weather for Tiszalúc: 23.1°C, Clouds, humidity: 51%
2026-09-02 21:04:20,664 - root - INFO - [310/1205] Fetching weather for Taktaharkány...
2026-09-02 21:04:20,752 - root - INFO - Fetched weather for Taktaharkány: 23.2°C, Clouds, humidity: 51%
2026-09-02 21:04:21,853 - root - INFO - [311/1205] Fetching weather for Taktaszada...
2026-09-02 21:04:21,943 - root - INFO - Fetched weather for Taktaszada: 23.2°C, Clouds, humidity: 51%
2026-09-02 21:04:23,045 - root - INFO - [312/1205] Fetching weather for Szerencs...
2026-09-02 21:04:23,147 - root - INFO - Fetched weather for Szerencs: 23.2°C, Clouds, humidity: 52%
2026-09-02 21:04:24,248 - root - INFO - [313/1205] Fetching weather for Mezőzombor...
2026-09-02 21:04:24,342 - root - INFO - Fetched weather for Mezőzombor: 23.2°C, Clouds, humidity: 52%
2026-09-02 21:04:25,443 - root - INFO - [314/1205] Fetching weather for Tarcal...
2026-09-02 21:04:25,540 - root - INFO - Fetched weather for Tarcal: 23.2°C, Clouds, humidity: 52%
2026-09-02 21:04:26,641 - root - INFO - [315/1205] Fetching weather for Tokaj...
2026-09-02 21:04:26,730 - root - INFO - Fetched weather for Tokaj: 23.2°C, Clouds, humidity: 52%
2026-09-02 21:04:27,831 - root - INFO - [316/1205] Fetching weather for Rakamaz...
2026-09-02 21:04:27,924 - root - INFO - Fetched weather for Rakamaz: 23.2°C, Clouds, humidity: 52%
2026-09-02 21:04:29,025 - root - INFO - [317/1205] Fetching weather for Görögszállás...
2026-09-02 21:04:29,138 - root - INFO - Fetched weather for Görögszállás: 23.1°C, Clouds, humidity: 52%
2026-09-02 21:04:30,240 - root - INFO - [318/1205] Fetching weather for Nyírtelek...
2026-09-02 21:04:30,329 - root - INFO - Fetched weather for Nyírtelek: 23.2°C, Clouds, humidity: 52%
2026-09-02 21:04:31,431 - root - INFO - [319/1205] Fetching weather for Rákoshegy...
2026-09-02 21:04:31,527 - root - INFO - Fetched weather for Rákoshegy: 21.9°C, Clouds, humidity: 51%
2026-09-02 21:04:32,628 - root - INFO - [320/1205] Fetching weather for Ecser...
2026-09-02 21:04:32,718 - root - INFO - Fetched weather for Ecser: 21.9°C, Clouds, humidity: 58%
2026-09-02 21:04:33,820 - root - INFO - [321/1205] Fetching weather for Maglód...
2026-09-02 21:04:33,909 - root - INFO - Fetched weather for Maglód: 21.7°C, Clouds, humidity: 58%
2026-09-02 21:04:35,011 - root - INFO - [322/1205] Fetching weather for Maglódi nyaraló...
2026-09-02 21:04:35,110 - root - INFO - Fetched weather for Maglódi nyaraló: 21.5°C, Clouds, humidity: 59%
2026-09-02 21:04:36,212 - root - INFO - [323/1205] Fetching weather for Gyömrő...
2026-09-02 21:04:36,303 - root - INFO - Fetched weather for Gyömrő: 21.8°C, Clouds, humidity: 59%
2026-09-02 21:04:37,405 - root - INFO - [324/1205] Fetching weather for Mende...
2026-09-02 21:04:37,499 - root - INFO - Fetched weather for Mende: 18.8°C, Clouds, humidity: 63%
2026-09-02 21:04:38,600 - root - INFO - [325/1205] Fetching weather for Szőlősnyaraló...
2026-09-02 21:04:38,696 - root - INFO - Fetched weather for Szőlősnyaraló: 19.0°C, Clouds, humidity: 59%
2026-09-02 21:04:39,797 - root - INFO - [326/1205] Fetching weather for Sülysáp...
2026-09-02 21:04:39,895 - root - INFO - Fetched weather for Sülysáp: 19.0°C, Clouds, humidity: 59%
2026-09-02 21:04:40,997 - root - INFO - [327/1205] Fetching weather for Tápiószecső...
2026-09-02 21:04:41,089 - root - INFO - Fetched weather for Tápiószecső: 19.1°C, Clouds, humidity: 59%
2026-09-02 21:04:42,191 - root - INFO - [328/1205] Fetching weather for Szentmártonkáta...
2026-09-02 21:04:42,280 - root - INFO - Fetched weather for Szentmártonkáta: 19.4°C, Clouds, humidity: 59%
2026-09-02 21:04:43,381 - root - INFO - [329/1205] Fetching weather for Nagykáta...
2026-09-02 21:04:43,470 - root - INFO - Fetched weather for Nagykáta: 19.4°C, Clouds, humidity: 59%
2026-09-02 21:04:44,572 - root - INFO - [330/1205] Fetching weather for Farmos...
2026-09-02 21:04:44,664 - root - INFO - Fetched weather for Farmos: 19.5°C, Clouds, humidity: 60%
2026-09-02 21:04:45,766 - root - INFO - [331/1205] Fetching weather for Tápiószele...
2026-09-02 21:04:45,860 - root - INFO - Fetched weather for Tápiószele: 19.4°C, Clouds, humidity: 61%
2026-09-02 21:04:46,962 - root - INFO - [332/1205] Fetching weather for Tápiógyörgye...
2026-09-02 21:04:47,058 - root - INFO - Fetched weather for Tápiógyörgye: 19.4°C, Clouds, humidity: 59%
2026-09-02 21:04:48,159 - root - INFO - [333/1205] Fetching weather for Újszász...
2026-09-02 21:04:48,249 - root - INFO - Fetched weather for Újszász: 19.4°C, Clouds, humidity: 57%
2026-09-02 21:04:49,350 - root - INFO - [334/1205] Fetching weather for Szurdokpüspöki...
2026-09-02 21:04:49,452 - root - INFO - Fetched weather for Szurdokpüspöki: 19.1°C, Clouds, humidity: 56%
2026-09-02 21:04:50,553 - root - INFO - [335/1205] Fetching weather for Lőrinci...
2026-09-02 21:04:50,643 - root - INFO - Fetched weather for Lőrinci: 19.3°C, Clouds, humidity: 57%
2026-09-02 21:04:51,744 - root - INFO - [336/1205] Fetching weather for Selyp...
2026-09-02 21:04:51,847 - root - INFO - Fetched weather for Selyp: 19.3°C, Clouds, humidity: 56%
2026-09-02 21:04:52,949 - root - INFO - [337/1205] Fetching weather for Apc-Zagyvaszántó...
2026-09-02 21:04:53,046 - root - INFO - Fetched weather for Apc-Zagyvaszántó: 19.3°C, Clouds, humidity: 56%
2026-09-02 21:04:54,147 - root - INFO - [338/1205] Fetching weather for Pásztó...
2026-09-02 21:04:54,236 - root - INFO - Fetched weather for Pásztó: 18.9°C, Clouds, humidity: 56%
2026-09-02 21:04:55,337 - root - INFO - [339/1205] Fetching weather for Mátraszőlős-Hasznos...
2026-09-02 21:04:55,434 - root - INFO - Fetched weather for Mátraszőlős-Hasznos: 18.8°C, Clouds, humidity: 55%
2026-09-02 21:04:56,536 - root - INFO - [340/1205] Fetching weather for Tar...
2026-09-02 21:04:56,625 - root - INFO - Fetched weather for Tar: 18.4°C, Clouds, humidity: 55%
2026-09-02 21:04:57,727 - root - INFO - [341/1205] Fetching weather for Mátraverebély...
2026-09-02 21:04:57,832 - root - INFO - Fetched weather for Mátraverebély: 18.4°C, Clouds, humidity: 55%
2026-09-02 21:04:58,934 - root - INFO - [342/1205] Fetching weather for Nagybátony...
2026-09-02 21:04:59,038 - root - INFO - Fetched weather for Nagybátony: 18.5°C, Clouds, humidity: 55%
2026-09-02 21:05:00,140 - root - INFO - [343/1205] Fetching weather for Kisterenye...
2026-09-02 21:05:00,230 - root - INFO - Fetched weather for Kisterenye: 18.5°C, Clouds, humidity: 54%
2026-09-02 21:05:01,332 - root - INFO - [344/1205] Fetching weather for Kisterenye-Bányatelep...
2026-09-02 21:05:01,426 - root - INFO - Fetched weather for Kisterenye-Bányatelep: 18.5°C, Clouds, humidity: 54%
2026-09-02 21:05:02,527 - root - INFO - [345/1205] Fetching weather for Salgótarján külső...
2026-09-02 21:05:02,621 - root - INFO - Fetched weather for Salgótarján külső: 17.9°C, Clouds, humidity: 55%
2026-09-02 21:05:03,723 - root - INFO - [346/1205] Fetching weather for Balatonfenyves GV...
2026-09-02 21:05:03,813 - root - INFO - Fetched weather for Balatonfenyves GV: 19.1°C, Clouds, humidity: 64%
2026-09-02 21:05:04,915 - root - INFO - [347/1205] Fetching weather for Várhegyalja...
2026-09-02 21:05:05,003 - root - INFO - Fetched weather for Várhegyalja: 20.1°C, Clouds, humidity: 59%
2026-09-02 21:05:06,105 - root - INFO - [348/1205] Fetching weather for Imremajor...
2026-09-02 21:05:06,201 - root - INFO - Fetched weather for Imremajor: 19.1°C, Clouds, humidity: 65%
2026-09-02 21:05:07,303 - root - INFO - [349/1205] Fetching weather for Rákospalota-Kertváros...
2026-09-02 21:05:07,397 - root - INFO - Fetched weather for Rákospalota-Kertváros: 20.9°C, Clouds, humidity: 50%
2026-09-02 21:05:08,498 - root - INFO - [350/1205] Fetching weather for Vicziántelep...
2026-09-02 21:05:08,590 - root - INFO - Fetched weather for Vicziántelep: 20.0°C, Clouds, humidity: 49%
2026-09-02 21:05:09,691 - root - INFO - [351/1205] Fetching weather for Pálmajor...
2026-09-02 21:05:09,787 - root - INFO - Fetched weather for Pálmajor: 19.1°C, Clouds, humidity: 65%
2026-09-02 21:05:10,889 - root - INFO - [352/1205] Fetching weather for Somogyszentpál felső...
2026-09-02 21:05:10,979 - root - INFO - Fetched weather for Somogyszentpál felső: 19.1°C, Clouds, humidity: 65%
2026-09-02 21:05:12,081 - root - INFO - [353/1205] Fetching weather for Somogyszentpál...
2026-09-02 21:05:12,174 - root - INFO - Fetched weather for Somogyszentpál: 19.1°C, Clouds, humidity: 65%
2026-09-02 21:05:13,276 - root - INFO - [354/1205] Fetching weather for Rudnaykert...
2026-09-02 21:05:13,373 - root - INFO - Fetched weather for Rudnaykert: 20.3°C, Clouds, humidity: 49%
2026-09-02 21:05:14,475 - root - INFO - [355/1205] Fetching weather for Maroshegy...
2026-09-02 21:05:14,571 - root - INFO - Fetched weather for Maroshegy: 19.8°C, Clouds, humidity: 61%
2026-09-02 21:05:15,673 - root - INFO - [356/1205] Fetching weather for Bánhida...
2026-09-02 21:05:15,763 - root - INFO - Fetched weather for Bánhida: 19.4°C, Clouds, humidity: 60%
2026-09-02 21:05:16,865 - root - INFO - [357/1205] Fetching weather for Magyarkút...
2026-09-02 21:05:16,956 - root - INFO - Fetched weather for Magyarkút: 19.8°C, Clouds, humidity: 57%
2026-09-02 21:05:18,058 - root - INFO - [358/1205] Fetching weather for Becske alsó...
2026-09-02 21:05:18,153 - root - INFO - Fetched weather for Becske alsó: 15.7°C, Clouds, humidity: 55%
2026-09-02 21:05:19,254 - root - INFO - [359/1205] Fetching weather for Hosszúberek-Péteri...
2026-09-02 21:05:19,343 - root - INFO - Fetched weather for Hosszúberek-Péteri: 22.0°C, Clouds, humidity: 58%
2026-09-02 21:05:20,445 - root - INFO - [360/1205] Fetching weather for Monorierdő...
2026-09-02 21:05:20,540 - root - INFO - Fetched weather for Monorierdő: 19.0°C, Clouds, humidity: 58%
2026-09-02 21:05:21,642 - root - INFO - [361/1205] Fetching weather for Ceglédbercel...
2026-09-02 21:05:21,740 - root - INFO - Fetched weather for Ceglédbercel: 19.6°C, Clouds, humidity: 58%
2026-09-02 21:05:22,841 - root - INFO - [362/1205] Fetching weather for Budai út...
2026-09-02 21:05:22,938 - root - INFO - Fetched weather for Budai út: 19.5°C, Clouds, humidity: 59%
2026-09-02 21:05:24,039 - root - INFO - [363/1205] Fetching weather for Büdöskútpuszta...
2026-09-02 21:05:24,147 - root - INFO - Fetched weather for Büdöskútpuszta: 18.6°C, Clouds, humidity: 53%
2026-09-02 21:05:25,248 - root - INFO - [364/1205] Fetching weather for Bánrévei Vízmű...
2026-09-02 21:05:25,345 - root - INFO - Fetched weather for Bánrévei Vízmű: 18.0°C, Clouds, humidity: 44%
2026-09-02 21:05:26,447 - root - INFO - [365/1205] Fetching weather for Rákoskert...
2026-09-02 21:05:26,548 - root - INFO - Fetched weather for Rákoskert: 21.7°C, Clouds, humidity: 51%
2026-09-02 21:05:27,650 - root - INFO - [366/1205] Fetching weather for Szirmabesenyő...
2026-09-02 21:05:27,745 - root - INFO - Fetched weather for Szirmabesenyő: 21.3°C, Clouds, humidity: 52%
2026-09-02 21:05:28,847 - root - INFO - [367/1205] Fetching weather for Kitérőgyár...
2026-09-02 21:05:28,940 - root - INFO - Fetched weather for Kitérőgyár: 19.1°C, Clouds, humidity: 55%
2026-09-02 21:05:30,042 - root - INFO - [368/1205] Fetching weather for Tápiószentmárton...
2026-09-02 21:05:30,134 - root - INFO - Fetched weather for Tápiószentmárton: 19.4°C, Clouds, humidity: 60%
2026-09-02 21:05:31,236 - root - INFO - [369/1205] Fetching weather for Zagyvarékas...
2026-09-02 21:05:31,333 - root - INFO - Fetched weather for Zagyvarékas: 18.9°C, Clouds, humidity: 62%
2026-09-02 21:05:32,434 - root - INFO - [370/1205] Fetching weather for Abonyi út...
2026-09-02 21:05:32,527 - root - INFO - Fetched weather for Abonyi út: 18.9°C, Clouds, humidity: 62%
2026-09-02 21:05:33,629 - root - INFO - [371/1205] Fetching weather for Jászkisér felső...
2026-09-02 21:05:33,720 - root - INFO - Fetched weather for Jászkisér felső: 19.9°C, Clouds, humidity: 55%
2026-09-02 21:05:34,822 - root - INFO - [372/1205] Fetching weather for Szellőhát...
2026-09-02 21:05:34,917 - root - INFO - Fetched weather for Szellőhát: 19.9°C, Clouds, humidity: 55%
2026-09-02 21:05:36,019 - root - INFO - [373/1205] Fetching weather for Szilvásvárad-Szalajkavölgy...
2026-09-02 21:05:36,115 - root - INFO - Fetched weather for Szilvásvárad-Szalajkavölgy: 19.1°C, Clouds, humidity: 45%
2026-09-02 21:05:37,217 - root - INFO - [374/1205] Fetching weather for Vásárosnamény külső...
2026-09-02 21:05:37,311 - root - INFO - Fetched weather for Vásárosnamény külső: 18.7°C, Clouds, humidity: 55%
2026-09-02 21:05:38,412 - root - INFO - [375/1205] Fetching weather for Újváros...
2026-09-02 21:05:38,502 - root - INFO - Fetched weather for Újváros: 20.9°C, Clouds, humidity: 45%
2026-09-02 21:05:39,603 - root - INFO - [376/1205] Fetching weather for Városi park...
2026-09-02 21:05:39,693 - root - INFO - Fetched weather for Városi park: 19.4°C, Clouds, humidity: 53%
2026-09-02 21:05:40,795 - root - INFO - [377/1205] Fetching weather for Belsőkamaráspuszta...
2026-09-02 21:05:40,887 - root - INFO - Fetched weather for Belsőkamaráspuszta: 22.8°C, Clouds, humidity: 46%
2026-09-02 21:05:41,988 - root - INFO - [378/1205] Fetching weather for Sajószöged...
2026-09-02 21:05:42,090 - root - INFO - Fetched weather for Sajószöged: 21.5°C, Clouds, humidity: 50%
2026-09-02 21:05:43,192 - root - INFO - [379/1205] Fetching weather for Kazincbarcika alsó...
2026-09-02 21:05:43,283 - root - INFO - Fetched weather for Kazincbarcika alsó: 21.3°C, Clouds, humidity: 51%
2026-09-02 21:05:44,384 - root - INFO - [380/1205] Fetching weather for Nyárjas...
2026-09-02 21:05:44,479 - root - INFO - Fetched weather for Nyárjas: 20.1°C, Clouds, humidity: 56%
2026-09-02 21:05:45,581 - root - INFO - [381/1205] Fetching weather for Pogonyipuszta...
2026-09-02 21:05:45,675 - root - INFO - Fetched weather for Pogonyipuszta: 18.0°C, Clouds, humidity: 44%
2026-09-02 21:05:46,777 - root - INFO - [382/1205] Fetching weather for Sióvölgy...
2026-09-02 21:05:46,867 - root - INFO - Fetched weather for Sióvölgy: 19.4°C, Clouds, humidity: 80%
2026-09-02 21:05:47,968 - root - INFO - [383/1205] Fetching weather for Répáspuszta...
2026-09-02 21:05:48,058 - root - INFO - Fetched weather for Répáspuszta: 19.7°C, Clouds, humidity: 60%
2026-09-02 21:05:49,160 - root - INFO - [384/1205] Fetching weather for Virányos...
2026-09-02 21:05:49,263 - root - INFO - Fetched weather for Virányos: 23.2°C, Clouds, humidity: 52%
2026-09-02 21:05:50,364 - root - INFO - [385/1205] Fetching weather for Füzesbokor...
2026-09-02 21:05:50,456 - root - INFO - Fetched weather for Füzesbokor: 23.2°C, Clouds, humidity: 52%
2026-09-02 21:05:51,557 - root - INFO - [386/1205] Fetching weather for Kunfehértó...
2026-09-02 21:05:51,650 - root - INFO - Fetched weather for Kunfehértó: 20.1°C, Clouds, humidity: 54%
2026-09-02 21:05:52,752 - root - INFO - [387/1205] Fetching weather for Erdőszél...
2026-09-02 21:05:52,844 - root - INFO - Fetched weather for Erdőszél: 20.0°C, Clouds, humidity: 54%
2026-09-02 21:05:53,946 - root - INFO - [388/1205] Fetching weather for Jánoshalma...
2026-09-02 21:05:54,038 - root - INFO - Fetched weather for Jánoshalma: 20.2°C, Clouds, humidity: 54%
2026-09-02 21:05:55,139 - root - INFO - [389/1205] Fetching weather for Mélykút...
2026-09-02 21:05:55,234 - root - INFO - Fetched weather for Mélykút: 19.3°C, Clouds, humidity: 54%
2026-09-02 21:05:56,336 - root - INFO - [390/1205] Fetching weather for Bácsalmás...
2026-09-02 21:05:56,432 - root - INFO - Fetched weather for Bácsalmás: 19.4°C, Clouds, humidity: 54%
2026-09-02 21:05:57,533 - root - INFO - [391/1205] Fetching weather for Almás...
2026-09-02 21:05:57,622 - root - INFO - Fetched weather for Almás: 19.4°C, Clouds, humidity: 54%
2026-09-02 21:05:58,723 - root - INFO - [392/1205] Fetching weather for Bácsbokod-Bácsborsód...
2026-09-02 21:05:58,812 - root - INFO - Fetched weather for Bácsbokod-Bácsborsód: 20.2°C, Clouds, humidity: 55%
2026-09-02 21:05:59,914 - root - INFO - [393/1205] Fetching weather for Baja...
2026-09-02 21:06:00,007 - root - INFO - Fetched weather for Baja: 20.4°C, Clouds, humidity: 56%
2026-09-02 21:06:01,108 - root - INFO - [394/1205] Fetching weather for Harkakötöny...
2026-09-02 21:06:01,207 - root - INFO - Fetched weather for Harkakötöny: 20.2°C, Clouds, humidity: 54%
2026-09-02 21:06:02,309 - root - INFO - [395/1205] Fetching weather for Tajó...
2026-09-02 21:06:02,410 - root - INFO - Fetched weather for Tajó: 20.3°C, Clouds, humidity: 54%
2026-09-02 21:06:03,512 - root - INFO - [396/1205] Fetching weather for Kiskunmajsa...
2026-09-02 21:06:03,611 - root - INFO - Fetched weather for Kiskunmajsa: 19.4°C, Clouds, humidity: 54%
2026-09-02 21:06:04,712 - root - INFO - [397/1205] Fetching weather for Jászszentlászló...
2026-09-02 21:06:04,806 - root - INFO - Fetched weather for Jászszentlászló: 19.4°C, Clouds, humidity: 53%
2026-09-02 21:06:05,908 - root - INFO - [398/1205] Fetching weather for Galambos...
2026-09-02 21:06:06,008 - root - INFO - Fetched weather for Galambos: 19.4°C, Clouds, humidity: 53%
2026-09-02 21:06:07,109 - root - INFO - [399/1205] Fetching weather for Pestszentimre...
2026-09-02 21:06:07,205 - root - INFO - Fetched weather for Pestszentimre: 22.1°C, Clouds, humidity: 52%
2026-09-02 21:06:08,307 - root - INFO - [400/1205] Fetching weather for Gyál felső...
2026-09-02 21:06:08,403 - root - INFO - Fetched weather for Gyál felső: 22.1°C, Clouds, humidity: 51%
2026-09-02 21:06:09,504 - root - INFO - [401/1205] Fetching weather for Gyál...
2026-09-02 21:06:09,597 - root - INFO - Fetched weather for Gyál: 22.1°C, Clouds, humidity: 51%
2026-09-02 21:06:10,698 - root - INFO - [402/1205] Fetching weather for Ócsa...
2026-09-02 21:06:10,785 - root - INFO - Fetched weather for Ócsa: 22.2°C, Clouds, humidity: 58%
2026-09-02 21:06:11,886 - root - INFO - [403/1205] Fetching weather for Inárcs-Kakucs...
2026-09-02 21:06:11,975 - root - INFO - Fetched weather for Inárcs-Kakucs: 19.2°C, Clouds, humidity: 58%
2026-09-02 21:06:13,076 - root - INFO - [404/1205] Fetching weather for Dabas...
2026-09-02 21:06:13,177 - root - INFO - Fetched weather for Dabas: 19.2°C, Clouds, humidity: 58%
2026-09-02 21:06:14,279 - root - INFO - [405/1205] Fetching weather for Gyón...
2026-09-02 21:06:14,375 - root - INFO - Fetched weather for Gyón: 19.2°C, Clouds, humidity: 58%
2026-09-02 21:06:15,477 - root - INFO - [406/1205] Fetching weather for Hernád...
2026-09-02 21:06:15,573 - root - INFO - Fetched weather for Hernád: 19.7°C, Clouds, humidity: 58%
2026-09-02 21:06:16,675 - root - INFO - [407/1205] Fetching weather for Bakonygyirót...
2026-09-02 21:06:16,764 - root - INFO - Fetched weather for Bakonygyirót: 17.6°C, Clouds, humidity: 67%
2026-09-02 21:06:17,865 - root - INFO - [408/1205] Fetching weather for Vinye...
2026-09-02 21:06:17,955 - root - INFO - Fetched weather for Vinye: 17.0°C, Clouds, humidity: 66%
2026-09-02 21:06:19,057 - root - INFO - [409/1205] Fetching weather for Nemesgörzsöny...
2026-09-02 21:06:19,153 - root - INFO - Fetched weather for Nemesgörzsöny: 18.2°C, Clouds, humidity: 82%
2026-09-02 21:06:20,255 - root - INFO - [410/1205] Fetching weather for Rábahíd...
2026-09-02 21:06:20,351 - root - INFO - Fetched weather for Rábahíd: 18.1°C, Clouds, humidity: 82%
2026-09-02 21:06:21,453 - root - INFO - [411/1205] Fetching weather for Öskü...
2026-09-02 21:06:21,553 - root - INFO - Fetched weather for Öskü: 19.1°C, Clouds, humidity: 65%
2026-09-02 21:06:22,655 - root - INFO - [412/1205] Fetching weather for Márkó...
2026-09-02 21:06:22,748 - root - INFO - Fetched weather for Márkó: 18.6°C, Clouds, humidity: 61%
2026-09-02 21:06:23,849 - root - INFO - [413/1205] Fetching weather for Nemeskocs...
2026-09-02 21:06:23,944 - root - INFO - Fetched weather for Nemeskocs: 18.1°C, Clouds, humidity: 68%
2026-09-02 21:06:25,046 - root - INFO - [414/1205] Fetching weather for Zalagyömörő...
2026-09-02 21:06:25,144 - root - INFO - Fetched weather for Zalagyömörő: 19.8°C, Clouds, humidity: 65%
2026-09-02 21:06:26,246 - root - INFO - [415/1205] Fetching weather for Rigács...
2026-09-02 21:06:26,338 - root - INFO - Fetched weather for Rigács: 19.7°C, Clouds, humidity: 65%
2026-09-02 21:06:27,439 - root - INFO - [416/1205] Fetching weather for Kemenespálfa...
2026-09-02 21:06:27,528 - root - INFO - Fetched weather for Kemenespálfa: 19.8°C, Clouds, humidity: 67%
2026-09-02 21:06:28,630 - root - INFO - [417/1205] Fetching weather for Lentiszombathely...
2026-09-02 21:06:28,728 - root - INFO - Fetched weather for Lentiszombathely: 20.0°C, Clouds, humidity: 67%
2026-09-02 21:06:29,829 - root - INFO - [418/1205] Fetching weather for Ortaháza...
2026-09-02 21:06:29,938 - root - INFO - Fetched weather for Ortaháza: 19.7°C, Clouds, humidity: 67%
2026-09-02 21:06:31,040 - root - INFO - [419/1205] Fetching weather for Rádiháza...
2026-09-02 21:06:31,133 - root - INFO - Fetched weather for Rádiháza: 19.6°C, Clouds, humidity: 66%
2026-09-02 21:06:32,234 - root - INFO - [420/1205] Fetching weather for Baktüttös...
2026-09-02 21:06:32,336 - root - INFO - Fetched weather for Baktüttös: 18.6°C, Clouds, humidity: 66%
2026-09-02 21:06:33,438 - root - INFO - [421/1205] Fetching weather for Budafa...
2026-09-02 21:06:33,529 - root - INFO - Fetched weather for Budafa: 19.6°C, Clouds, humidity: 71%
2026-09-02 21:06:34,631 - root - INFO - [422/1205] Fetching weather for Zalapatakalja...
2026-09-02 21:06:34,726 - root - INFO - Fetched weather for Zalapatakalja: 19.6°C, Clouds, humidity: 73%
2026-09-02 21:06:35,827 - root - INFO - [423/1205] Fetching weather for Tormásliget...
2026-09-02 21:06:35,916 - root - INFO - Fetched weather for Tormásliget: 19.6°C, Clouds, humidity: 69%
2026-09-02 21:06:37,017 - root - INFO - [424/1205] Fetching weather for Belecska...
2026-09-02 21:06:37,111 - root - INFO - Fetched weather for Belecska: 20.1°C, Clouds, humidity: 60%
2026-09-02 21:06:38,213 - root - INFO - [425/1205] Fetching weather for Almár...
2026-09-02 21:06:38,308 - root - INFO - Fetched weather for Almár: 20.4°C, Clouds, humidity: 45%
2026-09-02 21:06:39,410 - root - INFO - [426/1205] Fetching weather for Vasútmúzeum...
2026-09-02 21:06:39,504 - root - INFO - Fetched weather for Vasútmúzeum: 22.1°C, Clouds, humidity: 52%
2026-09-02 21:06:40,606 - root - INFO - [427/1205] Fetching weather for Abda...
2026-09-02 21:06:40,696 - root - INFO - Fetched weather for Abda: 18.1°C, Clouds, humidity: 72%
2026-09-02 21:06:41,797 - root - INFO - [428/1205] Fetching weather for Vadaspark...
2026-09-02 21:06:41,894 - root - INFO - Fetched weather for Vadaspark: 20.1°C, Clouds, humidity: 53%
2026-09-02 21:06:42,996 - root - INFO - [429/1205] Fetching weather for Barosstelep...
2026-09-02 21:06:43,089 - root - INFO - Fetched weather for Barosstelep: 22.3°C, Clouds, humidity: 51%
2026-09-02 21:06:44,190 - root - INFO - [430/1205] Fetching weather for Fegyvernek-Örményes...
2026-09-02 21:06:44,286 - root - INFO - Fetched weather for Fegyvernek-Örményes: 21.0°C, Clouds, humidity: 52%
2026-09-02 21:06:45,387 - root - INFO - [431/1205] Fetching weather for Zagyvapálfalva...
2026-09-02 21:06:45,482 - root - INFO - Fetched weather for Zagyvapálfalva: 18.2°C, Clouds, humidity: 55%
2026-09-02 21:06:46,584 - root - INFO - [432/1205] Fetching weather for Salgótarján...
2026-09-02 21:06:46,683 - root - INFO - Fetched weather for Salgótarján: 17.4°C, Clouds, humidity: 55%
2026-09-02 21:06:47,785 - root - INFO - [433/1205] Fetching weather for Szabadisóstó...
2026-09-02 21:06:47,886 - root - INFO - Fetched weather for Szabadisóstó: 19.4°C, Clouds, humidity: 80%
2026-09-02 21:06:48,988 - root - INFO - [434/1205] Fetching weather for Siófok...
2026-09-02 21:06:49,077 - root - INFO - Fetched weather for Siófok: 19.4°C, Clouds, humidity: 80%
2026-09-02 21:06:50,179 - root - INFO - [435/1205] Fetching weather for Balatonszéplak felső...
2026-09-02 21:06:50,274 - root - INFO - Fetched weather for Balatonszéplak felső: 19.4°C, Clouds, humidity: 80%
2026-09-02 21:06:51,376 - root - INFO - [436/1205] Fetching weather for Balatonszéplak alsó...
2026-09-02 21:06:51,468 - root - INFO - Fetched weather for Balatonszéplak alsó: 19.4°C, Clouds, humidity: 80%
2026-09-02 21:06:52,569 - root - INFO - [437/1205] Fetching weather for Zamárdi felső...
2026-09-02 21:06:52,662 - root - INFO - Fetched weather for Zamárdi felső: 19.4°C, Clouds, humidity: 80%
2026-09-02 21:06:53,764 - root - INFO - [438/1205] Fetching weather for Zamárdi...
2026-09-02 21:06:53,859 - root - INFO - Fetched weather for Zamárdi: 19.3°C, Clouds, humidity: 80%
2026-09-02 21:06:54,960 - root - INFO - [439/1205] Fetching weather for Szántód...
2026-09-02 21:06:55,054 - root - INFO - Fetched weather for Szántód: 19.4°C, Clouds, humidity: 80%
2026-09-02 21:06:56,155 - root - INFO - [440/1205] Fetching weather for Szőny-Déli...
2026-09-02 21:06:56,250 - root - INFO - Fetched weather for Szőny-Déli: 18.1°C, Clouds, humidity: 61%
2026-09-02 21:06:57,351 - root - INFO - [441/1205] Fetching weather for Várpalota...
2026-09-02 21:06:57,445 - root - INFO - Fetched weather for Várpalota: 19.2°C, Clouds, humidity: 64%
2026-09-02 21:06:58,547 - root - INFO - [442/1205] Fetching weather for Pétfürdő...
2026-09-02 21:06:58,641 - root - INFO - Fetched weather for Pétfürdő: 19.2°C, Clouds, humidity: 64%
2026-09-02 21:06:59,742 - root - INFO - [443/1205] Fetching weather for Hajmáskér...
2026-09-02 21:06:59,831 - root - INFO - Fetched weather for Hajmáskér: 19.0°C, Clouds, humidity: 65%
2026-09-02 21:07:00,932 - root - INFO - [444/1205] Fetching weather for Veszprém...
2026-09-02 21:07:01,027 - root - INFO - Fetched weather for Veszprém: 18.8°C, Clouds, humidity: 64%
2026-09-02 21:07:02,129 - root - INFO - [445/1205] Fetching weather for Herend...
2026-09-02 21:07:02,219 - root - INFO - Fetched weather for Herend: 18.5°C, Clouds, humidity: 60%
2026-09-02 21:07:03,321 - root - INFO - [446/1205] Fetching weather for Városlőd...
2026-09-02 21:07:03,412 - root - INFO - Fetched weather for Városlőd: 17.0°C, Clouds, humidity: 60%
2026-09-02 21:07:04,514 - root - INFO - [447/1205] Fetching weather for Városlőd-Kislőd...
2026-09-02 21:07:04,607 - root - INFO - Fetched weather for Városlőd-Kislőd: 17.1°C, Clouds, humidity: 58%
2026-09-02 21:07:05,709 - root - INFO - [448/1205] Fetching weather for Ajka...
2026-09-02 21:07:05,809 - root - INFO - Fetched weather for Ajka: 17.4°C, Clouds, humidity: 60%
2026-09-02 21:07:06,910 - root - INFO - [449/1205] Fetching weather for Ajka-Gyártelep...
2026-09-02 21:07:07,003 - root - INFO - Fetched weather for Ajka-Gyártelep: 17.4°C, Clouds, humidity: 60%
2026-09-02 21:07:08,105 - root - INFO - [450/1205] Fetching weather for Devecser...
2026-09-02 21:07:08,203 - root - INFO - Fetched weather for Devecser: 17.8°C, Clouds, humidity: 63%
2026-09-02 21:07:09,304 - root - INFO - [451/1205] Fetching weather for Somlóvásárhely...
2026-09-02 21:07:09,405 - root - INFO - Fetched weather for Somlóvásárhely: 17.9°C, Clouds, humidity: 65%
2026-09-02 21:07:10,507 - root - INFO - [452/1205] Fetching weather for Tüskevár...
2026-09-02 21:07:10,598 - root - INFO - Fetched weather for Tüskevár: 18.0°C, Clouds, humidity: 65%
2026-09-02 21:07:11,700 - root - INFO - [453/1205] Fetching weather for Karakószörcsök...
2026-09-02 21:07:11,795 - root - INFO - Fetched weather for Karakószörcsök: 19.7°C, Clouds, humidity: 66%
2026-09-02 21:07:12,897 - root - INFO - [454/1205] Fetching weather for Kerta...
2026-09-02 21:07:12,990 - root - INFO - Fetched weather for Kerta: 19.8°C, Clouds, humidity: 67%
2026-09-02 21:07:14,092 - root - INFO - [455/1205] Fetching weather for Boba...
2026-09-02 21:07:14,182 - root - INFO - Fetched weather for Boba: 19.8°C, Clouds, humidity: 68%
2026-09-02 21:07:15,283 - root - INFO - [456/1205] Fetching weather for Börgönd...
2026-09-02 21:07:15,377 - root - INFO - Fetched weather for Börgönd: 19.8°C, Clouds, humidity: 60%
2026-09-02 21:07:16,478 - root - INFO - [457/1205] Fetching weather for Belsőbáránd...
2026-09-02 21:07:16,569 - root - INFO - Fetched weather for Belsőbáránd: 19.7°C, Clouds, humidity: 61%
2026-09-02 21:07:17,670 - root - INFO - [458/1205] Fetching weather for Zichyújfalu...
2026-09-02 21:07:17,758 - root - INFO - Fetched weather for Zichyújfalu: 19.8°C, Clouds, humidity: 59%
2026-09-02 21:07:18,860 - root - INFO - [459/1205] Fetching weather for Seregélyes...
2026-09-02 21:07:18,957 - root - INFO - Fetched weather for Seregélyes: 19.9°C, Clouds, humidity: 60%
2026-09-02 21:07:20,059 - root - INFO - [460/1205] Fetching weather for Polgárdi-Ipartelepek...
2026-09-02 21:07:20,148 - root - INFO - Fetched weather for Polgárdi-Ipartelepek: 19.0°C, Clouds, humidity: 64%
2026-09-02 21:07:21,249 - root - INFO - [461/1205] Fetching weather for Polgárdi...
2026-09-02 21:07:21,338 - root - INFO - Fetched weather for Polgárdi: 19.0°C, Clouds, humidity: 64%
2026-09-02 21:07:22,440 - root - INFO - [462/1205] Fetching weather for Füle...
2026-09-02 21:07:22,535 - root - INFO - Fetched weather for Füle: 19.0°C, Clouds, humidity: 66%
2026-09-02 21:07:23,636 - root - INFO - [463/1205] Fetching weather for Zánka-Erzsébettábor...
2026-09-02 21:07:23,732 - root - INFO - Fetched weather for Zánka-Erzsébettábor: 19.3°C, Clouds, humidity: 64%
2026-09-02 21:07:24,833 - root - INFO - [464/1205] Fetching weather for Csajág...
2026-09-02 21:07:24,929 - root - INFO - Fetched weather for Csajág: 19.2°C, Clouds, humidity: 80%
2026-09-02 21:07:26,030 - root - INFO - [465/1205] Fetching weather for Balatonakarattya...
2026-09-02 21:07:26,127 - root - INFO - Fetched weather for Balatonakarattya: 19.1°C, Clouds, humidity: 80%
2026-09-02 21:07:27,228 - root - INFO - [466/1205] Fetching weather for Csittényhegy...
2026-09-02 21:07:27,324 - root - INFO - Fetched weather for Csittényhegy: 19.3°C, Clouds, humidity: 80%
2026-09-02 21:07:28,425 - root - INFO - [467/1205] Fetching weather for Balatonkenese...
2026-09-02 21:07:28,523 - root - INFO - Fetched weather for Balatonkenese: 19.4°C, Clouds, humidity: 80%
2026-09-02 21:07:29,624 - root - INFO - [468/1205] Fetching weather for Balatonfűzfő...
2026-09-02 21:07:29,717 - root - INFO - Fetched weather for Balatonfűzfő: 19.4°C, Clouds, humidity: 80%
2026-09-02 21:07:30,819 - root - INFO - [469/1205] Fetching weather for Balatonalmádi...
2026-09-02 21:07:30,912 - root - INFO - Fetched weather for Balatonalmádi: 19.4°C, Clouds, humidity: 80%
2026-09-02 21:07:32,013 - root - INFO - [470/1205] Fetching weather for Káptalanfüred...
2026-09-02 21:07:32,108 - root - INFO - Fetched weather for Káptalanfüred: 19.4°C, Clouds, humidity: 80%
2026-09-02 21:07:33,209 - root - INFO - [471/1205] Fetching weather for Alsóörs...
2026-09-02 21:07:33,298 - root - INFO - Fetched weather for Alsóörs: 19.4°C, Clouds, humidity: 80%
2026-09-02 21:07:34,399 - root - INFO - [472/1205] Fetching weather for Csopak...
2026-09-02 21:07:34,498 - root - INFO - Fetched weather for Csopak: 19.3°C, Clouds, humidity: 80%
2026-09-02 21:07:35,599 - root - INFO - [473/1205] Fetching weather for Balatonarács...
2026-09-02 21:07:35,692 - root - INFO - Fetched weather for Balatonarács: 19.2°C, Clouds, humidity: 80%
2026-09-02 21:07:36,794 - root - INFO - [474/1205] Fetching weather for Balatonfüred...
2026-09-02 21:07:36,888 - root - INFO - Fetched weather for Balatonfüred: 19.3°C, Clouds, humidity: 80%
2026-09-02 21:07:37,989 - root - INFO - [475/1205] Fetching weather for Aszófő...
2026-09-02 21:07:38,086 - root - INFO - Fetched weather for Aszófő: 19.4°C, Clouds, humidity: 80%
2026-09-02 21:07:39,188 - root - INFO - [476/1205] Fetching weather for Örvényes...
2026-09-02 21:07:39,285 - root - INFO - Fetched weather for Örvényes: 19.4°C, Clouds, humidity: 80%
2026-09-02 21:07:40,387 - root - INFO - [477/1205] Fetching weather for Balatonudvari...
2026-09-02 21:07:40,499 - root - INFO - Fetched weather for Balatonudvari: 19.4°C, Clouds, humidity: 80%
2026-09-02 21:07:41,601 - root - INFO - [478/1205] Fetching weather for Fövenyes...
2026-09-02 21:07:41,698 - root - INFO - Fetched weather for Fövenyes: 19.4°C, Clouds, humidity: 66%
2026-09-02 21:07:42,799 - root - INFO - [479/1205] Fetching weather for Balatonakali-Dörgicse...
2026-09-02 21:07:42,892 - root - INFO - Fetched weather for Balatonakali-Dörgicse: 19.4°C, Clouds, humidity: 65%
2026-09-02 21:07:43,994 - root - INFO - [480/1205] Fetching weather for Zánka-Köveskál...
2026-09-02 21:07:44,089 - root - INFO - Fetched weather for Zánka-Köveskál: 19.4°C, Clouds, humidity: 64%
2026-09-02 21:07:45,191 - root - INFO - [481/1205] Fetching weather for Balatonszepezd...
2026-09-02 21:07:45,288 - root - INFO - Fetched weather for Balatonszepezd: 20.1°C, Clouds, humidity: 64%
2026-09-02 21:07:46,390 - root - INFO - [482/1205] Fetching weather for Szepezdfürdő...
2026-09-02 21:07:46,479 - root - INFO - Fetched weather for Szepezdfürdő: 19.1°C, Clouds, humidity: 64%
2026-09-02 21:07:47,580 - root - INFO - [483/1205] Fetching weather for Révfülöp...
2026-09-02 21:07:47,694 - root - INFO - Fetched weather for Révfülöp: 19.1°C, Clouds, humidity: 64%
2026-09-02 21:07:48,796 - root - INFO - [484/1205] Fetching weather for Balatonrendes...
2026-09-02 21:07:48,900 - root - INFO - Fetched weather for Balatonrendes: 19.7°C, Clouds, humidity: 64%
2026-09-02 21:07:50,002 - root - INFO - [485/1205] Fetching weather for Ábrahámhegy...
2026-09-02 21:07:50,096 - root - INFO - Fetched weather for Ábrahámhegy: 19.7°C, Clouds, humidity: 64%
2026-09-02 21:07:51,197 - root - INFO - [486/1205] Fetching weather for Badacsonyörs...
2026-09-02 21:07:51,288 - root - INFO - Fetched weather for Badacsonyörs: 20.0°C, Clouds, humidity: 64%
2026-09-02 21:07:52,389 - root - INFO - [487/1205] Fetching weather for Kisújszállás...
2026-09-02 21:07:52,487 - root - INFO - Fetched weather for Kisújszállás: 20.2°C, Clouds, humidity: 50%
2026-09-02 21:07:53,589 - root - INFO - [488/1205] Fetching weather for Karcag...
2026-09-02 21:07:53,683 - root - INFO - Fetched weather for Karcag: 20.1°C, Clouds, humidity: 49%
2026-09-02 21:07:54,784 - root - INFO - [489/1205] Fetching weather for Püspökladány...
2026-09-02 21:07:54,874 - root - INFO - Fetched weather for Püspökladány: 20.1°C, Clouds, humidity: 48%
2026-09-02 21:07:55,976 - root - INFO - [490/1205] Fetching weather for Kaba...
2026-09-02 21:07:56,069 - root - INFO - Fetched weather for Kaba: 19.1°C, Clouds, humidity: 48%
2026-09-02 21:07:57,170 - root - INFO - [491/1205] Fetching weather for Hajdúszoboszló...
2026-09-02 21:07:57,264 - root - INFO - Fetched weather for Hajdúszoboszló: 19.1°C, Clouds, humidity: 55%
2026-09-02 21:07:58,366 - root - INFO - [492/1205] Fetching weather for Ebes...
2026-09-02 21:07:58,457 - root - INFO - Fetched weather for Ebes: 19.0°C, Clouds, humidity: 55%
2026-09-02 21:07:59,558 - root - INFO - [493/1205] Fetching weather for Debrecen...
2026-09-02 21:07:59,652 - root - INFO - Fetched weather for Debrecen: 18.9°C, Clouds, humidity: 55%
2026-09-02 21:08:00,753 - root - INFO - [494/1205] Fetching weather for Debrecen-Csapókert...
2026-09-02 21:08:00,849 - root - INFO - Fetched weather for Debrecen-Csapókert: 18.9°C, Clouds, humidity: 55%
2026-09-02 21:08:01,950 - root - INFO - [495/1205] Fetching weather for Apafa...
2026-09-02 21:08:02,047 - root - INFO - Fetched weather for Apafa: 18.8°C, Clouds, humidity: 55%
2026-09-02 21:08:03,149 - root - INFO - [496/1205] Fetching weather for Bocskaikert...
2026-09-02 21:08:03,250 - root - INFO - Fetched weather for Bocskaikert: 18.8°C, Clouds, humidity: 55%
2026-09-02 21:08:04,351 - root - INFO - [497/1205] Fetching weather for Hajdúhadház...
2026-09-02 21:08:04,456 - root - INFO - Fetched weather for Hajdúhadház: 18.7°C, Clouds, humidity: 50%
2026-09-02 21:08:05,558 - root - INFO - [498/1205] Fetching weather for Téglás...
2026-09-02 21:08:05,646 - root - INFO - Fetched weather for Téglás: 18.8°C, Clouds, humidity: 50%
2026-09-02 21:08:06,748 - root - INFO - [499/1205] Fetching weather for Újfehértó...
2026-09-02 21:08:06,842 - root - INFO - Fetched weather for Újfehértó: 19.4°C, Clouds, humidity: 50%
2026-09-02 21:08:07,944 - root - INFO - [500/1205] Fetching weather for Nyíregyháza...
2026-09-02 21:08:08,038 - root - INFO - Fetched weather for Nyíregyháza: 19.4°C, Clouds, humidity: 51%
2026-09-02 21:08:09,140 - root - INFO - [501/1205] Fetching weather for Sóstó...
2026-09-02 21:08:09,231 - root - INFO - Fetched weather for Sóstó: 23.1°C, Clouds, humidity: 52%
2026-09-02 21:08:10,332 - root - INFO - [502/1205] Fetching weather for Sóstóhegy...
2026-09-02 21:08:10,431 - root - INFO - Fetched weather for Sóstóhegy: 23.1°C, Clouds, humidity: 52%
2026-09-02 21:08:11,532 - root - INFO - [503/1205] Fetching weather for Kemecse...
2026-09-02 21:08:11,623 - root - INFO - Fetched weather for Kemecse: 19.4°C, Clouds, humidity: 53%
2026-09-02 21:08:12,724 - root - INFO - [504/1205] Fetching weather for Nyírbogdány...
2026-09-02 21:08:12,816 - root - INFO - Fetched weather for Nyírbogdány: 19.3°C, Clouds, humidity: 53%
2026-09-02 21:08:13,917 - root - INFO - [505/1205] Fetching weather for Kék...
2026-09-02 21:08:14,016 - root - INFO - Fetched weather for Kék: 19.3°C, Clouds, humidity: 53%
2026-09-02 21:08:15,118 - root - INFO - [506/1205] Fetching weather for Demecser...
2026-09-02 21:08:15,218 - root - INFO - Fetched weather for Demecser: 19.2°C, Clouds, humidity: 54%
2026-09-02 21:08:16,319 - root - INFO - [507/1205] Fetching weather for Gégény...
2026-09-02 21:08:16,409 - root - INFO - Fetched weather for Gégény: 19.2°C, Clouds, humidity: 54%
2026-09-02 21:08:17,511 - root - INFO - [508/1205] Fetching weather for Pátroha...
2026-09-02 21:08:17,602 - root - INFO - Fetched weather for Pátroha: 19.1°C, Clouds, humidity: 54%
2026-09-02 21:08:18,703 - root - INFO - [509/1205] Fetching weather for Ajak...
2026-09-02 21:08:18,796 - root - INFO - Fetched weather for Ajak: 19.1°C, Clouds, humidity: 54%
2026-09-02 21:08:19,898 - root - INFO - [510/1205] Fetching weather for Kisvárda...
2026-09-02 21:08:19,993 - root - INFO - Fetched weather for Kisvárda: 19.0°C, Clouds, humidity: 55%
2026-09-02 21:08:21,095 - root - INFO - [511/1205] Fetching weather for Kisvárda-Hármasút...
2026-09-02 21:08:21,185 - root - INFO - Fetched weather for Kisvárda-Hármasút: 19.0°C, Clouds, humidity: 55%
2026-09-02 21:08:22,286 - root - INFO - [512/1205] Fetching weather for Fényeslitke...
2026-09-02 21:08:22,386 - root - INFO - Fetched weather for Fényeslitke: 18.9°C, Clouds, humidity: 55%
2026-09-02 21:08:23,488 - root - INFO - [513/1205] Fetching weather for Komoró...
2026-09-02 21:08:23,592 - root - INFO - Fetched weather for Komoró: 18.9°C, Clouds, humidity: 55%
2026-09-02 21:08:24,693 - root - INFO - [514/1205] Fetching weather for Tuzsér...
2026-09-02 21:08:24,784 - root - INFO - Fetched weather for Tuzsér: 18.9°C, Clouds, humidity: 56%
2026-09-02 21:08:25,885 - root - INFO - [515/1205] Fetching weather for Tiszabezdéd...
2026-09-02 21:08:25,973 - root - INFO - Fetched weather for Tiszabezdéd: 18.8°C, Clouds, humidity: 56%
2026-09-02 21:08:27,075 - root - INFO - [516/1205] Fetching weather for Záhony...
2026-09-02 21:08:27,181 - root - INFO - Fetched weather for Záhony: 18.8°C, Clouds, humidity: 57%
2026-09-02 21:08:28,282 - root - INFO - [517/1205] Fetching weather for Karcag-Vásártér...
2026-09-02 21:08:28,379 - root - INFO - Fetched weather for Karcag-Vásártér: 20.1°C, Clouds, humidity: 49%
2026-09-02 21:08:29,481 - root - INFO - [518/1205] Fetching weather for Berekfürdő...
2026-09-02 21:08:29,570 - root - INFO - Fetched weather for Berekfürdő: 20.1°C, Clouds, humidity: 50%
2026-09-02 21:08:30,672 - root - INFO - [519/1205] Fetching weather for Kunmadaras...
2026-09-02 21:08:30,768 - root - INFO - Fetched weather for Kunmadaras: 20.0°C, Clouds, humidity: 50%
2026-09-02 21:08:31,870 - root - INFO - [520/1205] Fetching weather for Tiszaszentimre...
2026-09-02 21:08:31,967 - root - INFO - Fetched weather for Tiszaszentimre: 20.0°C, Clouds, humidity: 50%
2026-09-02 21:08:33,068 - root - INFO - [521/1205] Fetching weather for Tiszaszőlős...
2026-09-02 21:08:33,162 - root - INFO - Fetched weather for Tiszaszőlős: 19.9°C, Clouds, humidity: 50%
2026-09-02 21:08:34,264 - root - INFO - [522/1205] Fetching weather for Hosszúhát...
2026-09-02 21:08:34,356 - root - INFO - Fetched weather for Hosszúhát: 20.2°C, Clouds, humidity: 48%
2026-09-02 21:08:35,458 - root - INFO - [523/1205] Fetching weather for Szerep...
2026-09-02 21:08:35,551 - root - INFO - Fetched weather for Szerep: 20.2°C, Clouds, humidity: 48%
2026-09-02 21:08:36,653 - root - INFO - [524/1205] Fetching weather for Sárrétudvari...
2026-09-02 21:08:36,747 - root - INFO - Fetched weather for Sárrétudvari: 20.2°C, Clouds, humidity: 48%
2026-09-02 21:08:37,848 - root - INFO - [525/1205] Fetching weather for Biharnagybajom...
2026-09-02 21:08:37,942 - root - INFO - Fetched weather for Biharnagybajom: 20.2°C, Clouds, humidity: 48%
2026-09-02 21:08:39,043 - root - INFO - [526/1205] Fetching weather for Füzesgyarmat...
2026-09-02 21:08:39,137 - root - INFO - Fetched weather for Füzesgyarmat: 20.3°C, Clouds, humidity: 47%
2026-09-02 21:08:40,238 - root - INFO - [527/1205] Fetching weather for Füzesgyarmatfürdő...
2026-09-02 21:08:40,333 - root - INFO - Fetched weather for Füzesgyarmatfürdő: 20.3°C, Clouds, humidity: 47%
2026-09-02 21:08:41,434 - root - INFO - [528/1205] Fetching weather for Báránd...
2026-09-02 21:08:41,525 - root - INFO - Fetched weather for Báránd: 20.1°C, Clouds, humidity: 48%
2026-09-02 21:08:42,626 - root - INFO - [529/1205] Fetching weather for Sáp...
2026-09-02 21:08:42,720 - root - INFO - Fetched weather for Sáp: 20.1°C, Clouds, humidity: 48%
2026-09-02 21:08:43,822 - root - INFO - [530/1205] Fetching weather for Berettyóújfalu...
2026-09-02 21:08:43,923 - root - INFO - Fetched weather for Berettyóújfalu: 20.1°C, Clouds, humidity: 48%
2026-09-02 21:08:45,025 - root - INFO - [531/1205] Fetching weather for Mezőpeterd...
2026-09-02 21:08:45,120 - root - INFO - Fetched weather for Mezőpeterd: 19.2°C, Clouds, humidity: 48%
2026-09-02 21:08:46,222 - root - INFO - [532/1205] Fetching weather for Biharkeresztes...
2026-09-02 21:08:46,318 - root - INFO - Fetched weather for Biharkeresztes: 19.1°C, Clouds, humidity: 49%
2026-09-02 21:08:47,420 - root - INFO - [533/1205] Fetching weather for Tócóvölgy...
2026-09-02 21:08:47,514 - root - INFO - Fetched weather for Tócóvölgy: 19.0°C, Clouds, humidity: 55%
2026-09-02 21:08:48,616 - root - INFO - [534/1205] Fetching weather for Sáregres...
2026-09-02 21:08:48,707 - root - INFO - Fetched weather for Sáregres: 20.1°C, Clouds, humidity: 59%
2026-09-02 21:08:49,808 - root - INFO - [535/1205] Fetching weather for Simontornya...
2026-09-02 21:08:49,906 - root - INFO - Fetched weather for Simontornya: 20.0°C, Clouds, humidity: 60%
2026-09-02 21:08:51,008 - root - INFO - [536/1205] Fetching weather for Tolnanémedi...
2026-09-02 21:08:51,100 - root - INFO - Fetched weather for Tolnanémedi: 20.1°C, Clouds, humidity: 61%
2026-09-02 21:08:52,202 - root - INFO - [537/1205] Fetching weather for Pincehely...
2026-09-02 21:08:52,297 - root - INFO - Fetched weather for Pincehely: 19.9°C, Clouds, humidity: 61%
2026-09-02 21:08:53,398 - root - INFO - [538/1205] Fetching weather for Keszőhidegkút-Gyönk...
2026-09-02 21:08:53,493 - root - INFO - Fetched weather for Keszőhidegkút-Gyönk: 20.0°C, Clouds, humidity: 60%
2026-09-02 21:08:54,595 - root - INFO - [539/1205] Fetching weather for Szárazd...
2026-09-02 21:08:54,688 - root - INFO - Fetched weather for Szárazd: 20.1°C, Clouds, humidity: 59%
2026-09-02 21:08:55,789 - root - INFO - [540/1205] Fetching weather for Regöly...
2026-09-02 21:08:55,879 - root - INFO - Fetched weather for Regöly: 20.1°C, Clouds, humidity: 59%
2026-09-02 21:08:56,981 - root - INFO - [541/1205] Fetching weather for Szakály-Hőgyész...
2026-09-02 21:08:57,081 - root - INFO - Fetched weather for Szakály-Hőgyész: 20.0°C, Clouds, humidity: 59%
2026-09-02 21:08:58,182 - root - INFO - [542/1205] Fetching weather for Dúzs...
2026-09-02 21:08:58,277 - root - INFO - Fetched weather for Dúzs: 20.0°C, Clouds, humidity: 58%
2026-09-02 21:08:59,378 - root - INFO - [543/1205] Fetching weather for Csibrák...
2026-09-02 21:08:59,472 - root - INFO - Fetched weather for Csibrák: 20.1°C, Clouds, humidity: 58%
2026-09-02 21:09:00,574 - root - INFO - [544/1205] Fetching weather for Kurd...
2026-09-02 21:09:00,666 - root - INFO - Fetched weather for Kurd: 19.8°C, Clouds, humidity: 58%
2026-09-02 21:09:01,768 - root - INFO - [545/1205] Fetching weather for Döbrököz...
2026-09-02 21:09:01,862 - root - INFO - Fetched weather for Döbrököz: 20.1°C, Clouds, humidity: 58%
2026-09-02 21:09:02,964 - root - INFO - [546/1205] Fetching weather for Dombóvár...
2026-09-02 21:09:03,063 - root - INFO - Fetched weather for Dombóvár: 20.0°C, Clouds, humidity: 58%
2026-09-02 21:09:04,164 - root - INFO - [547/1205] Fetching weather for Dombóvár alsó...
2026-09-02 21:09:04,259 - root - INFO - Fetched weather for Dombóvár alsó: 20.0°C, Clouds, humidity: 58%
2026-09-02 21:09:05,361 - root - INFO - [548/1205] Fetching weather for Somoskőújfalu...
2026-09-02 21:09:05,454 - root - INFO - Fetched weather for Somoskőújfalu: 16.2°C, Clouds, humidity: 55%
2026-09-02 21:09:06,555 - root - INFO - [549/1205] Fetching weather for Jászfényszaru...
2026-09-02 21:09:06,661 - root - INFO - Fetched weather for Jászfényszaru: 19.5°C, Clouds, humidity: 57%
2026-09-02 21:09:07,762 - root - INFO - [550/1205] Fetching weather for Pusztamonostor...
2026-09-02 21:09:07,852 - root - INFO - Fetched weather for Pusztamonostor: 19.5°C, Clouds, humidity: 57%
2026-09-02 21:09:08,954 - root - INFO - [551/1205] Fetching weather for Jászberény...
2026-09-02 21:09:09,048 - root - INFO - Fetched weather for Jászberény: 19.6°C, Clouds, humidity: 58%
2026-09-02 21:09:10,150 - root - INFO - [552/1205] Fetching weather for Meggyespele...
2026-09-02 21:09:10,239 - root - INFO - Fetched weather for Meggyespele: 19.7°C, Clouds, humidity: 58%
2026-09-02 21:09:11,341 - root - INFO - [553/1205] Fetching weather for Portelek...
2026-09-02 21:09:11,437 - root - INFO - Fetched weather for Portelek: 19.7°C, Clouds, humidity: 58%
2026-09-02 21:09:12,538 - root - INFO - [554/1205] Fetching weather for Jászboldogháza-Jánoshida...
2026-09-02 21:09:12,643 - root - INFO - Fetched weather for Jászboldogháza-Jánoshida: 19.7°C, Clouds, humidity: 58%
2026-09-02 21:09:13,744 - root - INFO - [555/1205] Fetching weather for Jászárokszállás...
2026-09-02 21:09:13,840 - root - INFO - Fetched weather for Jászárokszállás: 19.6°C, Clouds, humidity: 56%
2026-09-02 21:09:14,942 - root - INFO - [556/1205] Fetching weather for Jászdózsa...
2026-09-02 21:09:15,030 - root - INFO - Fetched weather for Jászdózsa: 19.7°C, Clouds, humidity: 56%
2026-09-02 21:09:16,132 - root - INFO - [557/1205] Fetching weather for Jászapáti...
2026-09-02 21:09:16,230 - root - INFO - Fetched weather for Jászapáti: 19.8°C, Clouds, humidity: 55%
2026-09-02 21:09:17,331 - root - INFO - [558/1205] Fetching weather for Jászkisér...
2026-09-02 21:09:17,425 - root - INFO - Fetched weather for Jászkisér: 19.8°C, Clouds, humidity: 55%
2026-09-02 21:09:18,527 - root - INFO - [559/1205] Fetching weather for Jászladány...
2026-09-02 21:09:18,627 - root - INFO - Fetched weather for Jászladány: 21.0°C, Clouds, humidity: 56%
2026-09-02 21:09:19,729 - root - INFO - [560/1205] Fetching weather for Szászberek...
2026-09-02 21:09:19,824 - root - INFO - Fetched weather for Szászberek: 21.0°C, Clouds, humidity: 56%
2026-09-02 21:09:20,925 - root - INFO - [561/1205] Fetching weather for Gyöngyöshalász...
2026-09-02 21:09:21,018 - root - INFO - Fetched weather for Gyöngyöshalász: 19.3°C, Clouds, humidity: 55%
2026-09-02 21:09:22,119 - root - INFO - [562/1205] Fetching weather for Gyöngyös...
2026-09-02 21:09:22,212 - root - INFO - Fetched weather for Gyöngyös: 18.9°C, Clouds, humidity: 54%
2026-09-02 21:09:23,313 - root - INFO - [563/1205] Fetching weather for Erdőtelek...
2026-09-02 21:09:23,415 - root - INFO - Fetched weather for Erdőtelek: 19.6°C, Clouds, humidity: 52%
2026-09-02 21:09:24,517 - root - INFO - [564/1205] Fetching weather for Heves...
2026-09-02 21:09:24,607 - root - INFO - Fetched weather for Heves: 19.7°C, Clouds, humidity: 53%
2026-09-02 21:09:25,709 - root - INFO - [565/1205] Fetching weather for Hevesvezekény...
2026-09-02 21:09:25,805 - root - INFO - Fetched weather for Hevesvezekény: 19.8°C, Clouds, humidity: 52%
2026-09-02 21:09:26,906 - root - INFO - [566/1205] Fetching weather for Tarnaszentmiklós...
2026-09-02 21:09:26,999 - root - INFO - Fetched weather for Tarnaszentmiklós: 19.9°C, Clouds, humidity: 52%
2026-09-02 21:09:28,100 - root - INFO - [567/1205] Fetching weather for Kisköre...
2026-09-02 21:09:28,194 - root - INFO - Fetched weather for Kisköre: 19.9°C, Clouds, humidity: 52%
2026-09-02 21:09:29,296 - root - INFO - [568/1205] Fetching weather for Abádszalók...
2026-09-02 21:09:29,387 - root - INFO - Fetched weather for Abádszalók: 20.0°C, Clouds, humidity: 52%
2026-09-02 21:09:30,488 - root - INFO - [569/1205] Fetching weather for Kunhegyes...
2026-09-02 21:09:30,577 - root - INFO - Fetched weather for Kunhegyes: 20.1°C, Clouds, humidity: 51%
2026-09-02 21:09:31,679 - root - INFO - [570/1205] Fetching weather for Kenderes...
2026-09-02 21:09:31,781 - root - INFO - Fetched weather for Kenderes: 20.2°C, Clouds, humidity: 51%
2026-09-02 21:09:32,882 - root - INFO - [571/1205] Fetching weather for Maklár...
2026-09-02 21:09:32,977 - root - INFO - Fetched weather for Maklár: 20.7°C, Clouds, humidity: 50%
2026-09-02 21:09:34,078 - root - INFO - [572/1205] Fetching weather for Andornaktálya...
2026-09-02 21:09:34,171 - root - INFO - Fetched weather for Andornaktálya: 20.6°C, Clouds, humidity: 50%
2026-09-02 21:09:35,273 - root - INFO - [573/1205] Fetching weather for Eger...
2026-09-02 21:09:35,368 - root - INFO - Fetched weather for Eger: 20.5°C, Clouds, humidity: 50%
2026-09-02 21:09:36,470 - root - INFO - [574/1205] Fetching weather for Egervár...
2026-09-02 21:09:36,562 - root - INFO - Fetched weather for Egervár: 20.4°C, Clouds, humidity: 45%
2026-09-02 21:09:37,664 - root - INFO - [575/1205] Fetching weather for Eger-Felnémet...
2026-09-02 21:09:37,763 - root - INFO - Fetched weather for Eger-Felnémet: 20.4°C, Clouds, humidity: 45%
2026-09-02 21:09:38,864 - root - INFO - [576/1205] Fetching weather for Szarvaskő...
2026-09-02 21:09:38,958 - root - INFO - Fetched weather for Szarvaskő: 20.0°C, Clouds, humidity: 45%
2026-09-02 21:09:40,060 - root - INFO - [577/1205] Fetching weather for Mónosbél...
2026-09-02 21:09:40,151 - root - INFO - Fetched weather for Mónosbél: 19.8°C, Clouds, humidity: 45%
2026-09-02 21:09:41,253 - root - INFO - [578/1205] Fetching weather for Bélapátfalva...
2026-09-02 21:09:41,348 - root - INFO - Fetched weather for Bélapátfalva: 19.5°C, Clouds, humidity: 45%
2026-09-02 21:09:42,449 - root - INFO - [579/1205] Fetching weather for Bélapátfalvi Cementgyár...
2026-09-02 21:09:42,545 - root - INFO - Fetched weather for Bélapátfalvi Cementgyár: 19.5°C, Clouds, humidity: 45%
2026-09-02 21:09:43,647 - root - INFO - [580/1205] Fetching weather for Szilvásvárad...
2026-09-02 21:09:43,741 - root - INFO - Fetched weather for Szilvásvárad: 19.4°C, Clouds, humidity: 45%
2026-09-02 21:09:44,842 - root - INFO - [581/1205] Fetching weather for Hejőkeresztúr...
2026-09-02 21:09:44,936 - root - INFO - Fetched weather for Hejőkeresztúr: 21.5°C, Clouds, humidity: 52%
2026-09-02 21:09:46,038 - root - INFO - [582/1205] Fetching weather for Tiszaújváros...
2026-09-02 21:09:46,130 - root - INFO - Fetched weather for Tiszaújváros: 19.6°C, Clouds, humidity: 50%
2026-09-02 21:09:47,232 - root - INFO - [583/1205] Fetching weather for Miskolc-Gömöri...
2026-09-02 21:09:47,328 - root - INFO - Fetched weather for Miskolc-Gömöri: 21.4°C, Clouds, humidity: 52%
2026-09-02 21:09:48,430 - root - INFO - [584/1205] Fetching weather for Sajókeresztúr...
2026-09-02 21:09:48,519 - root - INFO - Fetched weather for Sajókeresztúr: 21.3°C, Clouds, humidity: 52%
2026-09-02 21:09:49,620 - root - INFO - [585/1205] Fetching weather for Sajóecseg...
2026-09-02 21:09:49,715 - root - INFO - Fetched weather for Sajóecseg: 21.4°C, Clouds, humidity: 52%
2026-09-02 21:09:50,817 - root - INFO - [586/1205] Fetching weather for Sajószentpéter...
2026-09-02 21:09:50,909 - root - INFO - Fetched weather for Sajószentpéter: 21.2°C, Clouds, humidity: 52%
2026-09-02 21:09:52,011 - root - INFO - [587/1205] Fetching weather for Kazincbarcika...
2026-09-02 21:09:52,113 - root - INFO - Fetched weather for Kazincbarcika: 21.3°C, Clouds, humidity: 52%
2026-09-02 21:09:53,215 - root - INFO - [588/1205] Fetching weather for Sajókaza...
2026-09-02 21:09:53,308 - root - INFO - Fetched weather for Sajókaza: 20.7°C, Clouds, humidity: 51%
2026-09-02 21:09:54,410 - root - INFO - [589/1205] Fetching weather for Vadna...
2026-09-02 21:09:54,510 - root - INFO - Fetched weather for Vadna: 20.6°C, Clouds, humidity: 51%
2026-09-02 21:09:55,612 - root - INFO - [590/1205] Fetching weather for Dubicsány...
2026-09-02 21:09:55,704 - root - INFO - Fetched weather for Dubicsány: 20.6°C, Clouds, humidity: 51%
2026-09-02 21:09:56,806 - root - INFO - [591/1205] Fetching weather for Raposka...
2026-09-02 21:09:56,910 - root - INFO - Fetched weather for Raposka: 19.1°C, Clouds, humidity: 64%
2026-09-02 21:09:58,011 - root - INFO - [592/1205] Fetching weather for Ivacs...
2026-09-02 21:09:58,107 - root - INFO - Fetched weather for Ivacs: 20.1°C, Clouds, humidity: 50%
2026-09-02 21:09:59,209 - root - INFO - [593/1205] Fetching weather for Kisköre-Tiszahíd...
2026-09-02 21:09:59,301 - root - INFO - Fetched weather for Kisköre-Tiszahíd: 20.0°C, Clouds, humidity: 52%
2026-09-02 21:10:00,403 - root - INFO - [594/1205] Fetching weather for Rozsály...
2026-09-02 21:10:00,501 - root - INFO - Fetched weather for Rozsály: 16.1°C, Clouds, humidity: 57%
2026-09-02 21:10:01,603 - root - INFO - [595/1205] Fetching weather for Pusztakettős...
2026-09-02 21:10:01,715 - root - INFO - Fetched weather for Pusztakettős: 20.0°C, Clouds, humidity: 50%
2026-09-02 21:10:02,817 - root - INFO - [596/1205] Fetching weather for Kisvác...
2026-09-02 21:10:02,917 - root - INFO - Fetched weather for Kisvác: 20.4°C, Clouds, humidity: 50%
2026-09-02 21:10:04,019 - root - INFO - [597/1205] Fetching weather for Tiszafüred-Gyártelep...
2026-09-02 21:10:04,108 - root - INFO - Fetched weather for Tiszafüred-Gyártelep: 19.9°C, Clouds, humidity: 50%
2026-09-02 21:10:05,209 - root - INFO - [598/1205] Fetching weather for Újkenéz...
2026-09-02 21:10:05,307 - root - INFO - Fetched weather for Újkenéz: 18.8°C, Clouds, humidity: 56%
2026-09-02 21:10:06,409 - root - INFO - [599/1205] Fetching weather for Püspökladány-Vásártér...
2026-09-02 21:10:06,496 - root - INFO - Fetched weather for Püspökladány-Vásártér: 20.2°C, Clouds, humidity: 48%
2026-09-02 21:10:07,598 - root - INFO - [600/1205] Fetching weather for Végegyháza alsó...
2026-09-02 21:10:07,686 - root - INFO - Fetched weather for Végegyháza alsó: 22.8°C, Clouds, humidity: 45%
2026-09-02 21:10:08,788 - root - INFO - [601/1205] Fetching weather for Orosháza felső...
2026-09-02 21:10:08,886 - root - INFO - Fetched weather for Orosháza felső: 20.8°C, Clouds, humidity: 46%
2026-09-02 21:10:09,988 - root - INFO - [602/1205] Fetching weather for Ambrózfalva...
2026-09-02 21:10:10,087 - root - INFO - Fetched weather for Ambrózfalva: 20.6°C, Clouds, humidity: 46%
2026-09-02 21:10:11,189 - root - INFO - [603/1205] Fetching weather for Alsónyék...
2026-09-02 21:10:11,278 - root - INFO - Fetched weather for Alsónyék: 20.2°C, Clouds, humidity: 57%
2026-09-02 21:10:12,380 - root - INFO - [604/1205] Fetching weather for Tompapuszta...
2026-09-02 21:10:12,472 - root - INFO - Fetched weather for Tompapuszta: 22.8°C, Clouds, humidity: 100%
2026-09-02 21:10:13,574 - root - INFO - [605/1205] Fetching weather for Halászlak...
2026-09-02 21:10:13,665 - root - INFO - Fetched weather for Halászlak: 20.5°C, Clouds, humidity: 49%
2026-09-02 21:10:14,767 - root - INFO - [606/1205] Fetching weather for Sirató...
2026-09-02 21:10:14,862 - root - INFO - Fetched weather for Sirató: 20.6°C, Clouds, humidity: 47%
2026-09-02 21:10:15,963 - root - INFO - [607/1205] Fetching weather for Csabacsűd felső...
2026-09-02 21:10:16,053 - root - INFO - Fetched weather for Csabacsűd felső: 20.6°C, Clouds, humidity: 47%
2026-09-02 21:10:17,154 - root - INFO - [608/1205] Fetching weather for Orosháza-Üveggyár...
2026-09-02 21:10:17,241 - root - INFO - Fetched weather for Orosháza-Üveggyár: 20.7°C, Clouds, humidity: 46%
2026-09-02 21:10:18,343 - root - INFO - [609/1205] Fetching weather for Gyulai városerdő...
2026-09-02 21:10:18,437 - root - INFO - Fetched weather for Gyulai városerdő: 20.5°C, Clouds, humidity: 45%
2026-09-02 21:10:19,538 - root - INFO - [610/1205] Fetching weather for Kórógyszentgyörgy...
2026-09-02 21:10:19,633 - root - INFO - Fetched weather for Kórógyszentgyörgy: 22.8°C, Clouds, humidity: 45%
2026-09-02 21:10:20,735 - root - INFO - [611/1205] Fetching weather for Kunszállás...
2026-09-02 21:10:20,828 - root - INFO - Fetched weather for Kunszállás: 18.8°C, Clouds, humidity: 54%
2026-09-02 21:10:21,930 - root - INFO - [612/1205] Fetching weather for Selymes...
2026-09-02 21:10:22,023 - root - INFO - Fetched weather for Selymes: 18.9°C, Clouds, humidity: 54%
2026-09-02 21:10:23,125 - root - INFO - [613/1205] Fetching weather for Petőfiszállási tanyák...
2026-09-02 21:10:23,229 - root - INFO - Fetched weather for Petőfiszállási tanyák: 18.9°C, Clouds, humidity: 54%
2026-09-02 21:10:24,331 - root - INFO - [614/1205] Fetching weather for Kisteleki szőlők...
2026-09-02 21:10:24,424 - root - INFO - Fetched weather for Kisteleki szőlők: 18.9°C, Clouds, humidity: 52%
2026-09-02 21:10:25,525 - root - INFO - [615/1205] Fetching weather for Kapitányság...
2026-09-02 21:10:25,614 - root - INFO - Fetched weather for Kapitányság: 20.6°C, Clouds, humidity: 52%
2026-09-02 21:10:26,715 - root - INFO - [616/1205] Fetching weather for Őszeszék...
2026-09-02 21:10:26,812 - root - INFO - Fetched weather for Őszeszék: 20.6°C, Clouds, humidity: 53%
2026-09-02 21:10:27,913 - root - INFO - [617/1205] Fetching weather for Vilmaszállás...
2026-09-02 21:10:28,012 - root - INFO - Fetched weather for Vilmaszállás: 20.6°C, Clouds, humidity: 53%
2026-09-02 21:10:29,113 - root - INFO - [618/1205] Fetching weather for Jánosszállás...
2026-09-02 21:10:29,214 - root - INFO - Fetched weather for Jánosszállás: 20.6°C, Clouds, humidity: 54%
2026-09-02 21:10:30,316 - root - INFO - [619/1205] Fetching weather for Felsőpakony...
2026-09-02 21:10:30,406 - root - INFO - Fetched weather for Felsőpakony: 22.2°C, Clouds, humidity: 58%
2026-09-02 21:10:31,508 - root - INFO - [620/1205] Fetching weather for Felsőméntelek...
2026-09-02 21:10:31,600 - root - INFO - Fetched weather for Felsőméntelek: 19.9°C, Clouds, humidity: 56%
2026-09-02 21:10:32,702 - root - INFO - [621/1205] Fetching weather for Alsóméntelek...
2026-09-02 21:10:32,798 - root - INFO - Fetched weather for Alsóméntelek: 19.9°C, Clouds, humidity: 56%
2026-09-02 21:10:33,900 - root - INFO - [622/1205] Fetching weather for Nagynyír...
2026-09-02 21:10:33,998 - root - INFO - Fetched weather for Nagynyír: 19.9°C, Clouds, humidity: 56%
2026-09-02 21:10:35,100 - root - INFO - [623/1205] Fetching weather for Úrihegy...
2026-09-02 21:10:35,197 - root - INFO - Fetched weather for Úrihegy: 19.9°C, Clouds, humidity: 56%
2026-09-02 21:10:36,299 - root - INFO - [624/1205] Fetching weather for Miklóstelep...
2026-09-02 21:10:36,396 - root - INFO - Fetched weather for Miklóstelep: 19.9°C, Clouds, humidity: 56%
2026-09-02 21:10:37,498 - root - INFO - [625/1205] Fetching weather for Tiszajenő alsó...
2026-09-02 21:10:37,589 - root - INFO - Fetched weather for Tiszajenő alsó: 18.9°C, Clouds, humidity: 62%
2026-09-02 21:10:38,691 - root - INFO - [626/1205] Fetching weather for Óbög...
2026-09-02 21:10:38,782 - root - INFO - Fetched weather for Óbög: 19.5°C, Clouds, humidity: 57%
2026-09-02 21:10:39,884 - root - INFO - [627/1205] Fetching weather for Árpádszállás...
2026-09-02 21:10:39,980 - root - INFO - Fetched weather for Árpádszállás: 19.6°C, Clouds, humidity: 55%
2026-09-02 21:10:41,081 - root - INFO - [628/1205] Fetching weather for Tőserdő...
2026-09-02 21:10:41,179 - root - INFO - Fetched weather for Tőserdő: 19.5°C, Clouds, humidity: 55%
2026-09-02 21:10:42,281 - root - INFO - [629/1205] Fetching weather for Tiszaalpár felső...
2026-09-02 21:10:42,375 - root - INFO - Fetched weather for Tiszaalpár felső: 18.9°C, Clouds, humidity: 54%
2026-09-02 21:10:43,477 - root - INFO - [630/1205] Fetching weather for Borsihalom...
2026-09-02 21:10:43,574 - root - INFO - Fetched weather for Borsihalom: 18.9°C, Clouds, humidity: 54%
2026-09-02 21:10:44,676 - root - INFO - [631/1205] Fetching weather for Petőfiváros...
2026-09-02 21:10:44,771 - root - INFO - Fetched weather for Petőfiváros: 18.9°C, Clouds, humidity: 54%
2026-09-02 21:10:45,873 - root - INFO - [632/1205] Fetching weather for Csorna...
2026-09-02 21:10:45,963 - root - INFO - Fetched weather for Csorna: 19.8°C, Clouds, humidity: 67%
2026-09-02 21:10:47,065 - root - INFO - [633/1205] Fetching weather for Szorgalmatos...
2026-09-02 21:10:47,161 - root - INFO - Fetched weather for Szorgalmatos: 23.2°C, Clouds, humidity: 51%
2026-09-02 21:10:48,262 - root - INFO - [634/1205] Fetching weather for Fótfürdő...
2026-09-02 21:10:48,357 - root - INFO - Fetched weather for Fótfürdő: 20.1°C, Clouds, humidity: 50%
2026-09-02 21:10:49,459 - root - INFO - [635/1205] Fetching weather for Fenyveshegy...
2026-09-02 21:10:49,552 - root - INFO - Fetched weather for Fenyveshegy: 20.5°C, Clouds, humidity: 57%
2026-09-02 21:10:50,654 - root - INFO - [636/1205] Fetching weather for Hűvösvölgy...
2026-09-02 21:10:50,745 - root - INFO - Fetched weather for Hűvösvölgy: 21.1°C, Clouds, humidity: 53%
2026-09-02 21:10:51,847 - root - INFO - [637/1205] Fetching weather for Hárshegy...
2026-09-02 21:10:51,933 - root - INFO - Fetched weather for Hárshegy: 21.1°C, Clouds, humidity: 53%
2026-09-02 21:10:53,035 - root - INFO - [638/1205] Fetching weather for Szépjuhászné...
2026-09-02 21:10:53,130 - root - INFO - Fetched weather for Szépjuhászné: 20.2°C, Clouds, humidity: 53%
2026-09-02 21:10:54,232 - root - INFO - [639/1205] Fetching weather for Jánoshegy...
2026-09-02 21:10:54,328 - root - INFO - Fetched weather for Jánoshegy: 20.1°C, Clouds, humidity: 53%
2026-09-02 21:10:55,429 - root - INFO - [640/1205] Fetching weather for Virágvölgy...
2026-09-02 21:10:55,525 - root - INFO - Fetched weather for Virágvölgy: 19.8°C, Clouds, humidity: 53%
2026-09-02 21:10:56,627 - root - INFO - [641/1205] Fetching weather for Csillebérc...
2026-09-02 21:10:56,717 - root - INFO - Fetched weather for Csillebérc: 19.6°C, Clouds, humidity: 53%
2026-09-02 21:10:57,819 - root - INFO - [642/1205] Fetching weather for Normafa...
2026-09-02 21:10:57,912 - root - INFO - Fetched weather for Normafa: 19.6°C, Clouds, humidity: 53%
2026-09-02 21:10:59,014 - root - INFO - [643/1205] Fetching weather for Széchenyihegy...
2026-09-02 21:10:59,103 - root - INFO - Fetched weather for Széchenyihegy: 19.7°C, Clouds, humidity: 53%
2026-09-02 21:11:00,204 - root - INFO - [644/1205] Fetching weather for Balatonfőkajár felső...
2026-09-02 21:11:00,304 - root - INFO - Fetched weather for Balatonfőkajár felső: 19.1°C, Clouds, humidity: 80%
2026-09-02 21:11:01,406 - root - INFO - [645/1205] Fetching weather for Piroska...
2026-09-02 21:11:01,501 - root - INFO - Fetched weather for Piroska: 18.9°C, Clouds, humidity: 62%
2026-09-02 21:11:02,603 - root - INFO - [646/1205] Fetching weather for Somodor...
2026-09-02 21:11:02,703 - root - INFO - Fetched weather for Somodor: 19.8°C, Clouds, humidity: 61%
2026-09-02 21:11:03,804 - root - INFO - [647/1205] Fetching weather for Középmező...
2026-09-02 21:11:03,908 - root - INFO - Fetched weather for Középmező: 18.9°C, Clouds, humidity: 60%
2026-09-02 21:11:05,010 - root - INFO - [648/1205] Fetching weather for Jobbágyi...
2026-09-02 21:11:05,103 - root - INFO - Fetched weather for Jobbágyi: 19.1°C, Clouds, humidity: 56%
2026-09-02 21:11:06,205 - root - INFO - [649/1205] Fetching weather for Ferihegy...
2026-09-02 21:11:06,301 - root - INFO - Fetched weather for Ferihegy: 22.0°C, Clouds, humidity: 52%
2026-09-02 21:11:07,403 - root - INFO - [650/1205] Fetching weather for Máriapócs...
2026-09-02 21:11:07,502 - root - INFO - Fetched weather for Máriapócs: 18.9°C, Clouds, humidity: 53%
2026-09-02 21:11:08,604 - root - INFO - [651/1205] Fetching weather for Máriaudvar...
2026-09-02 21:11:08,698 - root - INFO - Fetched weather for Máriaudvar: 20.5°C, Clouds, humidity: 50%
2026-09-02 21:11:09,800 - root - INFO - [652/1205] Fetching weather for Nagyberki...
2026-09-02 21:11:09,893 - root - INFO - Fetched weather for Nagyberki: 19.9°C, Clouds, humidity: 59%
2026-09-02 21:11:10,994 - root - INFO - [653/1205] Fetching weather for Badacsonytomaj...
2026-09-02 21:11:11,085 - root - INFO - Fetched weather for Badacsonytomaj: 20.0°C, Clouds, humidity: 64%
2026-09-02 21:11:12,186 - root - INFO - [654/1205] Fetching weather for Badacsony...
2026-09-02 21:11:12,278 - root - INFO - Fetched weather for Badacsony: 19.1°C, Clouds, humidity: 64%
2026-09-02 21:11:13,380 - root - INFO - [655/1205] Fetching weather for Badacsonylábdihegy...
2026-09-02 21:11:13,475 - root - INFO - Fetched weather for Badacsonylábdihegy: 19.1°C, Clouds, humidity: 64%
2026-09-02 21:11:14,577 - root - INFO - [656/1205] Fetching weather for Badacsonytördemic-Szigliget...
2026-09-02 21:11:14,668 - root - INFO - Fetched weather for Badacsonytördemic-Szigliget: 19.0°C, Clouds, humidity: 64%
2026-09-02 21:11:15,770 - root - INFO - [657/1205] Fetching weather for Nemesgulács-Kisapáti...
2026-09-02 21:11:15,864 - root - INFO - Fetched weather for Nemesgulács-Kisapáti: 19.1°C, Clouds, humidity: 64%
2026-09-02 21:11:16,966 - root - INFO - [658/1205] Fetching weather for Tapolca...
2026-09-02 21:11:17,060 - root - INFO - Fetched weather for Tapolca: 19.0°C, Clouds, humidity: 63%
2026-09-02 21:11:18,162 - root - INFO - [659/1205] Fetching weather for Uzsabánya alsó...
2026-09-02 21:11:18,256 - root - INFO - Fetched weather for Uzsabánya alsó: 18.8°C, Clouds, humidity: 64%
2026-09-02 21:11:19,357 - root - INFO - [660/1205] Fetching weather for Uzsa...
2026-09-02 21:11:19,453 - root - INFO - Fetched weather for Uzsa: 18.8°C, Clouds, humidity: 64%
2026-09-02 21:11:20,554 - root - INFO - [661/1205] Fetching weather for Sümegi Bazaltbánya...
2026-09-02 21:11:20,647 - root - INFO - Fetched weather for Sümegi Bazaltbánya: 19.6°C, Clouds, humidity: 64%
2026-09-02 21:11:21,749 - root - INFO - [662/1205] Fetching weather for Sümeg...
2026-09-02 21:11:21,841 - root - INFO - Fetched weather for Sümeg: 19.8°C, Clouds, humidity: 64%
2026-09-02 21:11:22,943 - root - INFO - [663/1205] Fetching weather for Gógánfa...
2026-09-02 21:11:23,035 - root - INFO - Fetched weather for Gógánfa: 19.8°C, Clouds, humidity: 65%
2026-09-02 21:11:24,137 - root - INFO - [664/1205] Fetching weather for Ukk...
2026-09-02 21:11:24,232 - root - INFO - Fetched weather for Ukk: 19.8°C, Clouds, humidity: 66%
2026-09-02 21:11:25,334 - root - INFO - [665/1205] Fetching weather for Nemeskeresztúr...
2026-09-02 21:11:25,427 - root - INFO - Fetched weather for Nemeskeresztúr: 19.7°C, Clouds, humidity: 67%
2026-09-02 21:11:26,529 - root - INFO - [666/1205] Fetching weather for Jánosháza...
2026-09-02 21:11:26,623 - root - INFO - Fetched weather for Jánosháza: 19.8°C, Clouds, humidity: 67%
2026-09-02 21:11:27,724 - root - INFO - [667/1205] Fetching weather for Keszthely...
2026-09-02 21:11:27,821 - root - INFO - Fetched weather for Keszthely: 19.1°C, Clouds, humidity: 72%
2026-09-02 21:11:28,922 - root - INFO - [668/1205] Fetching weather for Alsógyenes...
2026-09-02 21:11:29,017 - root - INFO - Fetched weather for Alsógyenes: 19.1°C, Clouds, humidity: 72%
2026-09-02 21:11:30,119 - root - INFO - [669/1205] Fetching weather for Gyenesdiás...
2026-09-02 21:11:30,210 - root - INFO - Fetched weather for Gyenesdiás: 19.1°C, Clouds, humidity: 72%
2026-09-02 21:11:31,312 - root - INFO - [670/1205] Fetching weather for Vonyarcvashegy...
2026-09-02 21:11:31,408 - root - INFO - Fetched weather for Vonyarcvashegy: 19.1°C, Clouds, humidity: 72%
2026-09-02 21:11:32,509 - root - INFO - [671/1205] Fetching weather for Balatongyörök...
2026-09-02 21:11:32,604 - root - INFO - Fetched weather for Balatongyörök: 19.1°C, Clouds, humidity: 72%
2026-09-02 21:11:33,706 - root - INFO - [672/1205] Fetching weather for Becehegy...
2026-09-02 21:11:33,804 - root - INFO - Fetched weather for Becehegy: 19.1°C, Clouds, humidity: 72%
2026-09-02 21:11:34,906 - root - INFO - [673/1205] Fetching weather for Balatonederics...
2026-09-02 21:11:34,998 - root - INFO - Fetched weather for Balatonederics: 19.0°C, Clouds, humidity: 64%
2026-09-02 21:11:36,100 - root - INFO - [674/1205] Fetching weather for Dabronc...
2026-09-02 21:11:36,195 - root - INFO - Fetched weather for Dabronc: 19.8°C, Clouds, humidity: 65%
2026-09-02 21:11:37,297 - root - INFO - [675/1205] Fetching weather for Türje...
2026-09-02 21:11:37,390 - root - INFO - Fetched weather for Türje: 19.8°C, Clouds, humidity: 65%
2026-09-02 21:11:38,492 - root - INFO - [676/1205] Fetching weather for Zalabér-Batyk...
2026-09-02 21:11:38,595 - root - INFO - Fetched weather for Zalabér-Batyk: 19.9°C, Clouds, humidity: 65%
2026-09-02 21:11:39,696 - root - INFO - [677/1205] Fetching weather for Pakod...
2026-09-02 21:11:39,794 - root - INFO - Fetched weather for Pakod: 19.8°C, Clouds, humidity: 65%
2026-09-02 21:11:40,896 - root - INFO - [678/1205] Fetching weather for Pókaszepetk...
2026-09-02 21:11:40,993 - root - INFO - Fetched weather for Pókaszepetk: 19.9°C, Clouds, humidity: 62%
2026-09-02 21:11:42,095 - root - INFO - [679/1205] Fetching weather for Kemendollár...
2026-09-02 21:11:42,205 - root - INFO - Fetched weather for Kemendollár: 18.9°C, Clouds, humidity: 62%
2026-09-02 21:11:43,307 - root - INFO - [680/1205] Fetching weather for Zalaegerszeg...
2026-09-02 21:11:43,405 - root - INFO - Fetched weather for Zalaegerszeg: 18.7°C, Clouds, humidity: 63%
2026-09-02 21:11:44,507 - root - INFO - [681/1205] Fetching weather for Bocfölde...
2026-09-02 21:11:44,611 - root - INFO - Fetched weather for Bocfölde: 18.8°C, Clouds, humidity: 64%
2026-09-02 21:11:45,713 - root - INFO - [682/1205] Fetching weather for Sárhida...
2026-09-02 21:11:45,819 - root - INFO - Fetched weather for Sárhida: 18.8°C, Clouds, humidity: 65%
2026-09-02 21:11:46,921 - root - INFO - [683/1205] Fetching weather for Bak...
2026-09-02 21:11:47,010 - root - INFO - Fetched weather for Bak: 18.8°C, Clouds, humidity: 66%
2026-09-02 21:11:48,112 - root - INFO - [684/1205] Fetching weather for Tófej...
2026-09-02 21:11:48,210 - root - INFO - Fetched weather for Tófej: 18.6°C, Clouds, humidity: 66%
2026-09-02 21:11:49,312 - root - INFO - [685/1205] Fetching weather for Gutorfölde...
2026-09-02 21:11:49,407 - root - INFO - Fetched weather for Gutorfölde: 19.6°C, Clouds, humidity: 66%
2026-09-02 21:11:50,509 - root - INFO - [686/1205] Fetching weather for Csömödér-Páka...
2026-09-02 21:11:50,606 - root - INFO - Fetched weather for Csömödér-Páka: 19.9°C, Clouds, humidity: 66%
2026-09-02 21:11:51,707 - root - INFO - [687/1205] Fetching weather for Iklódbördőce...
2026-09-02 21:11:51,806 - root - INFO - Fetched weather for Iklódbördőce: 19.8°C, Clouds, humidity: 66%
2026-09-02 21:11:52,908 - root - INFO - [688/1205] Fetching weather for Lenti...
2026-09-02 21:11:53,001 - root - INFO - Fetched weather for Lenti: 19.9°C, Clouds, humidity: 69%
2026-09-02 21:11:54,103 - root - INFO - [689/1205] Fetching weather for Rédics...
2026-09-02 21:11:54,206 - root - INFO - Fetched weather for Rédics: 19.9°C, Clouds, humidity: 70%
2026-09-02 21:11:55,308 - root - INFO - [690/1205] Fetching weather for Zalalövő...
2026-09-02 21:11:55,407 - root - INFO - Fetched weather for Zalalövő: 19.6°C, Clouds, humidity: 74%
2026-09-02 21:11:56,509 - root - INFO - [691/1205] Fetching weather for Zalaegerszeg-Ola...
2026-09-02 21:11:56,609 - root - INFO - Fetched weather for Zalaegerszeg-Ola: 19.7°C, Clouds, humidity: 63%
2026-09-02 21:11:57,711 - root - INFO - [692/1205] Fetching weather for Andráshida...
2026-09-02 21:11:57,808 - root - INFO - Fetched weather for Andráshida: 19.7°C, Clouds, humidity: 65%
2026-09-02 21:11:58,910 - root - INFO - [693/1205] Fetching weather for Bagod...
2026-09-02 21:11:59,012 - root - INFO - Fetched weather for Bagod: 19.8°C, Clouds, humidity: 67%
2026-09-02 21:12:00,114 - root - INFO - [694/1205] Fetching weather for Zalaszentgyörgy...
2026-09-02 21:12:00,212 - root - INFO - Fetched weather for Zalaszentgyörgy: 19.7°C, Clouds, humidity: 69%
2026-09-02 21:12:01,313 - root - INFO - [695/1205] Fetching weather for Zalacséb-Salomvár...
2026-09-02 21:12:01,410 - root - INFO - Fetched weather for Zalacséb-Salomvár: 19.5°C, Clouds, humidity: 71%
2026-09-02 21:12:02,511 - root - INFO - [696/1205] Fetching weather for Kópháza...
2026-09-02 21:12:02,609 - root - INFO - Fetched weather for Kópháza: 22.5°C, Clouds, humidity: 67%
2026-09-02 21:12:03,710 - root - INFO - [697/1205] Fetching weather for Nagycenk...
2026-09-02 21:12:03,806 - root - INFO - Fetched weather for Nagycenk: 19.6°C, Clouds, humidity: 67%
2026-09-02 21:12:04,908 - root - INFO - [698/1205] Fetching weather for Sopronkövesd...
2026-09-02 21:12:04,999 - root - INFO - Fetched weather for Sopronkövesd: 19.5°C, Clouds, humidity: 68%
2026-09-02 21:12:06,101 - root - INFO - [699/1205] Fetching weather for Lövő...
2026-09-02 21:12:06,204 - root - INFO - Fetched weather for Lövő: 19.4°C, Clouds, humidity: 68%
2026-09-02 21:12:07,305 - root - INFO - [700/1205] Fetching weather for Újkér...
2026-09-02 21:12:07,405 - root - INFO - Fetched weather for Újkér: 19.5°C, Clouds, humidity: 69%
2026-09-02 21:12:08,507 - root - INFO - [701/1205] Fetching weather for Bük...
2026-09-02 21:12:08,600 - root - INFO - Fetched weather for Bük: 19.6°C, Clouds, humidity: 71%
2026-09-02 21:12:09,701 - root - INFO - [702/1205] Fetching weather for Acsád...
2026-09-02 21:12:09,796 - root - INFO - Fetched weather for Acsád: 19.3°C, Clouds, humidity: 73%
2026-09-02 21:12:10,898 - root - INFO - [703/1205] Fetching weather for Salköveskút-Vassurány...
2026-09-02 21:12:10,992 - root - INFO - Fetched weather for Salköveskút-Vassurány: 19.4°C, Clouds, humidity: 73%
2026-09-02 21:12:12,094 - root - INFO - [704/1205] Fetching weather for Zalaszentiván...
2026-09-02 21:12:12,190 - root - INFO - Fetched weather for Zalaszentiván: 18.9°C, Clouds, humidity: 59%
2026-09-02 21:12:13,292 - root - INFO - [705/1205] Fetching weather for Alsónemesapáti...
2026-09-02 21:12:13,390 - root - INFO - Fetched weather for Alsónemesapáti: 18.9°C, Clouds, humidity: 59%
2026-09-02 21:12:14,492 - root - INFO - [706/1205] Fetching weather for Józsa...
2026-09-02 21:12:14,586 - root - INFO - Fetched weather for Józsa: 18.9°C, Clouds, humidity: 55%
2026-09-02 21:12:15,688 - root - INFO - [707/1205] Fetching weather for Hajdúszentgyörgy...
2026-09-02 21:12:15,793 - root - INFO - Fetched weather for Hajdúszentgyörgy: 18.8°C, Clouds, humidity: 55%
2026-09-02 21:12:16,895 - root - INFO - [708/1205] Fetching weather for Zelemér...
2026-09-02 21:12:16,985 - root - INFO - Fetched weather for Zelemér: 18.8°C, Clouds, humidity: 55%
2026-09-02 21:12:18,087 - root - INFO - [709/1205] Fetching weather for Hajdúböszörmény...
2026-09-02 21:12:18,176 - root - INFO - Fetched weather for Hajdúböszörmény: 18.8°C, Clouds, humidity: 49%
2026-09-02 21:12:19,278 - root - INFO - [710/1205] Fetching weather for Hajdúvid...
2026-09-02 21:12:19,375 - root - INFO - Fetched weather for Hajdúvid: 19.7°C, Clouds, humidity: 49%
2026-09-02 21:12:20,477 - root - INFO - [711/1205] Fetching weather for Hajdúdorog...
2026-09-02 21:12:20,574 - root - INFO - Fetched weather for Hajdúdorog: 19.7°C, Clouds, humidity: 50%
2026-09-02 21:12:21,675 - root - INFO - [712/1205] Fetching weather for Hajdúnánás...
2026-09-02 21:12:21,768 - root - INFO - Fetched weather for Hajdúnánás: 19.8°C, Clouds, humidity: 50%
2026-09-02 21:12:22,870 - root - INFO - [713/1205] Fetching weather for Hajdúnánás-Vásártér...
2026-09-02 21:12:22,960 - root - INFO - Fetched weather for Hajdúnánás-Vásártér: 19.8°C, Clouds, humidity: 50%
2026-09-02 21:12:24,062 - root - INFO - [714/1205] Fetching weather for Tedej...
2026-09-02 21:12:24,152 - root - INFO - Fetched weather for Tedej: 23.2°C, Clouds, humidity: 50%
2026-09-02 21:12:25,253 - root - INFO - [715/1205] Fetching weather for Tiszavasvári...
2026-09-02 21:12:25,344 - root - INFO - Fetched weather for Tiszavasvári: 23.2°C, Clouds, humidity: 50%
2026-09-02 21:12:26,446 - root - INFO - [716/1205] Fetching weather for Egyházerdő...
2026-09-02 21:12:26,544 - root - INFO - Fetched weather for Egyházerdő: 23.2°C, Clouds, humidity: 50%
2026-09-02 21:12:27,646 - root - INFO - [717/1205] Fetching weather for Tiszalök...
2026-09-02 21:12:27,739 - root - INFO - Fetched weather for Tiszalök: 23.2°C, Clouds, humidity: 51%
2026-09-02 21:12:28,840 - root - INFO - [718/1205] Fetching weather for Hajnalos...
2026-09-02 21:12:28,941 - root - INFO - Fetched weather for Hajnalos: 23.2°C, Clouds, humidity: 51%
2026-09-02 21:12:30,043 - root - INFO - [719/1205] Fetching weather for Kisfástanya...
2026-09-02 21:12:30,143 - root - INFO - Fetched weather for Kisfástanya: 23.2°C, Clouds, humidity: 51%
2026-09-02 21:12:31,245 - root - INFO - [720/1205] Fetching weather for Tiszaeszlár...
2026-09-02 21:12:31,338 - root - INFO - Fetched weather for Tiszaeszlár: 23.2°C, Clouds, humidity: 51%
2026-09-02 21:12:32,440 - root - INFO - [721/1205] Fetching weather for Bashalom...
2026-09-02 21:12:32,534 - root - INFO - Fetched weather for Bashalom: 23.2°C, Clouds, humidity: 52%
2026-09-02 21:12:33,636 - root - INFO - [722/1205] Fetching weather for Sáránd...
2026-09-02 21:12:33,731 - root - INFO - Fetched weather for Sáránd: 19.0°C, Clouds, humidity: 55%
2026-09-02 21:12:34,832 - root - INFO - [723/1205] Fetching weather for Derecske...
2026-09-02 21:12:34,922 - root - INFO - Fetched weather for Derecske: 19.1°C, Clouds, humidity: 55%
2026-09-02 21:12:36,024 - root - INFO - [724/1205] Fetching weather for Derecske-Vásártér...
2026-09-02 21:12:36,117 - root - INFO - Fetched weather for Derecske-Vásártér: 19.1°C, Clouds, humidity: 55%
2026-09-02 21:12:37,219 - root - INFO - [725/1205] Fetching weather for Konyár...
2026-09-02 21:12:37,309 - root - INFO - Fetched weather for Konyár: 19.1°C, Clouds, humidity: 55%
2026-09-02 21:12:38,411 - root - INFO - [726/1205] Fetching weather for Konyári Sóstófürdő...
2026-09-02 21:12:38,511 - root - INFO - Fetched weather for Konyári Sóstófürdő: 19.1°C, Clouds, humidity: 49%
2026-09-02 21:12:39,613 - root - INFO - [727/1205] Fetching weather for Pocsaj-Esztár...
2026-09-02 21:12:39,707 - root - INFO - Fetched weather for Pocsaj-Esztár: 19.1°C, Clouds, humidity: 49%
2026-09-02 21:12:40,809 - root - INFO - [728/1205] Fetching weather for Kismarja...
2026-09-02 21:12:40,905 - root - INFO - Fetched weather for Kismarja: 19.1°C, Clouds, humidity: 49%
2026-09-02 21:12:42,007 - root - INFO - [729/1205] Fetching weather for Nagykereki...
2026-09-02 21:12:42,109 - root - INFO - Fetched weather for Nagykereki: 19.1°C, Clouds, humidity: 49%
2026-09-02 21:12:43,211 - root - INFO - [730/1205] Fetching weather for Debrecen-Szabadságtelep...
2026-09-02 21:12:43,303 - root - INFO - Fetched weather for Debrecen-Szabadságtelep: 18.9°C, Clouds, humidity: 55%
2026-09-02 21:12:44,404 - root - INFO - [731/1205] Fetching weather for Kondoroskert...
2026-09-02 21:12:44,504 - root - INFO - Fetched weather for Kondoroskert: 18.9°C, Clouds, humidity: 55%
2026-09-02 21:12:45,605 - root - INFO - [732/1205] Fetching weather for Nagycsere...
2026-09-02 21:12:45,711 - root - INFO - Fetched weather for Nagycsere: 18.9°C, Clouds, humidity: 55%
2026-09-02 21:12:46,812 - root - INFO - [733/1205] Fetching weather for Haláp...
2026-09-02 21:12:46,907 - root - INFO - Fetched weather for Haláp: 18.9°C, Clouds, humidity: 55%
2026-09-02 21:12:48,009 - root - INFO - [734/1205] Fetching weather for Vámospércs...
2026-09-02 21:12:48,103 - root - INFO - Fetched weather for Vámospércs: 18.8°C, Clouds, humidity: 50%
2026-09-02 21:12:49,204 - root - INFO - [735/1205] Fetching weather for Szentannapuszta...
2026-09-02 21:12:49,297 - root - INFO - Fetched weather for Szentannapuszta: 18.8°C, Clouds, humidity: 50%
2026-09-02 21:12:50,399 - root - INFO - [736/1205] Fetching weather for Nyírábrány...
2026-09-02 21:12:50,490 - root - INFO - Fetched weather for Nyírábrány: 19.1°C, Clouds, humidity: 51%
2026-09-02 21:12:51,591 - root - INFO - [737/1205] Fetching weather for Dombostanya...
2026-09-02 21:12:51,684 - root - INFO - Fetched weather for Dombostanya: 18.8°C, Clouds, humidity: 55%
2026-09-02 21:12:52,786 - root - INFO - [738/1205] Fetching weather for Hajdúsámson...
2026-09-02 21:12:52,879 - root - INFO - Fetched weather for Hajdúsámson: 18.8°C, Clouds, humidity: 55%
2026-09-02 21:12:53,981 - root - INFO - [739/1205] Fetching weather for Tamásipuszta...
2026-09-02 21:12:54,079 - root - INFO - Fetched weather for Tamásipuszta: 18.8°C, Clouds, humidity: 50%
2026-09-02 21:12:55,181 - root - INFO - [740/1205] Fetching weather for Aradványpuszta...
2026-09-02 21:12:55,276 - root - INFO - Fetched weather for Aradványpuszta: 18.7°C, Clouds, humidity: 51%
2026-09-02 21:12:56,377 - root - INFO - [741/1205] Fetching weather for Nyíradony...
2026-09-02 21:12:56,468 - root - INFO - Fetched weather for Nyíradony: 19.0°C, Clouds, humidity: 51%
2026-09-02 21:12:57,570 - root - INFO - [742/1205] Fetching weather for Nyírmihálydi...
2026-09-02 21:12:57,670 - root - INFO - Fetched weather for Nyírmihálydi: 19.0°C, Clouds, humidity: 51%
2026-09-02 21:12:58,772 - root - INFO - [743/1205] Fetching weather for Nyírgelse...
2026-09-02 21:12:58,871 - root - INFO - Fetched weather for Nyírgelse: 18.9°C, Clouds, humidity: 52%
2026-09-02 21:12:59,973 - root - INFO - [744/1205] Fetching weather for Nyírbogát...
2026-09-02 21:13:00,071 - root - INFO - Fetched weather for Nyírbogát: 18.9°C, Clouds, humidity: 53%
2026-09-02 21:13:01,173 - root - INFO - [745/1205] Fetching weather for Nagykálló...
2026-09-02 21:13:01,268 - root - INFO - Fetched weather for Nagykálló: 19.2°C, Clouds, humidity: 52%
2026-09-02 21:13:02,370 - root - INFO - [746/1205] Fetching weather for Kállósemjén...
2026-09-02 21:13:02,465 - root - INFO - Fetched weather for Kállósemjén: 19.1°C, Clouds, humidity: 52%
2026-09-02 21:13:03,567 - root - INFO - [747/1205] Fetching weather for Nyírbátor...
2026-09-02 21:13:03,654 - root - INFO - Fetched weather for Nyírbátor: 18.8°C, Clouds, humidity: 53%
2026-09-02 21:13:04,755 - root - INFO - [748/1205] Fetching weather for Nyírcsászári...
2026-09-02 21:13:04,853 - root - INFO - Fetched weather for Nyírcsászári: 18.8°C, Clouds, humidity: 54%
2026-09-02 21:13:05,954 - root - INFO - [749/1205] Fetching weather for Hodász...
2026-09-02 21:13:06,058 - root - INFO - Fetched weather for Hodász: 18.7°C, Clouds, humidity: 54%
2026-09-02 21:13:07,159 - root - INFO - [750/1205] Fetching weather for Nyírmeggyes...
2026-09-02 21:13:07,254 - root - INFO - Fetched weather for Nyírmeggyes: 18.7°C, Clouds, humidity: 54%
2026-09-02 21:13:08,355 - root - INFO - [751/1205] Fetching weather for Mátészalka...
2026-09-02 21:13:08,451 - root - INFO - Fetched weather for Mátészalka: 18.7°C, Clouds, humidity: 54%
2026-09-02 21:13:09,553 - root - INFO - [752/1205] Fetching weather for Kocsord...
2026-09-02 21:13:09,647 - root - INFO - Fetched weather for Kocsord: 18.8°C, Clouds, humidity: 55%
2026-09-02 21:13:10,749 - root - INFO - [753/1205] Fetching weather for Kocsord alsó...
2026-09-02 21:13:10,839 - root - INFO - Fetched weather for Kocsord alsó: 18.8°C, Clouds, humidity: 55%
2026-09-02 21:13:11,941 - root - INFO - [754/1205] Fetching weather for Győrtelek...
2026-09-02 21:13:12,039 - root - INFO - Fetched weather for Győrtelek: 18.8°C, Clouds, humidity: 55%
2026-09-02 21:13:13,140 - root - INFO - [755/1205] Fetching weather for Győrtelek alsó...
2026-09-02 21:13:13,242 - root - INFO - Fetched weather for Győrtelek alsó: 18.8°C, Clouds, humidity: 55%
2026-09-02 21:13:14,343 - root - INFO - [756/1205] Fetching weather for Ököritófülpös...
2026-09-02 21:13:14,438 - root - INFO - Fetched weather for Ököritófülpös: 18.7°C, Clouds, humidity: 56%
2026-09-02 21:13:15,540 - root - INFO - [757/1205] Fetching weather for Porcsalma-Tyukod...
2026-09-02 21:13:15,636 - root - INFO - Fetched weather for Porcsalma-Tyukod: 16.2°C, Clouds, humidity: 56%
2026-09-02 21:13:16,737 - root - INFO - [758/1205] Fetching weather for Csenger...
2026-09-02 21:13:16,831 - root - INFO - Fetched weather for Csenger: 16.2°C, Clouds, humidity: 57%
2026-09-02 21:13:17,933 - root - INFO - [759/1205] Fetching weather for Kisfái...
2026-09-02 21:13:18,027 - root - INFO - Fetched weather for Kisfái: 20.0°C, Clouds, humidity: 56%
2026-09-02 21:13:19,129 - root - INFO - [760/1205] Fetching weather for Nyárlőrinci szőlők...
2026-09-02 21:13:19,225 - root - INFO - Fetched weather for Nyárlőrinci szőlők: 20.0°C, Clouds, humidity: 56%
2026-09-02 21:13:20,327 - root - INFO - [761/1205] Fetching weather for Nyárlőrinc alsó...
2026-09-02 21:13:20,468 - root - INFO - Fetched weather for Nyárlőrinc alsó: 20.1°C, Clouds, humidity: 56%
2026-09-02 21:13:21,570 - root - INFO - [762/1205] Fetching weather for Tiszaug-Tiszahídfő...
2026-09-02 21:13:21,663 - root - INFO - Fetched weather for Tiszaug-Tiszahídfő: 19.4°C, Clouds, humidity: 52%
2026-09-02 21:13:22,765 - root - INFO - [763/1205] Fetching weather for Csongrádi úti tanyák...
2026-09-02 21:13:22,871 - root - INFO - Fetched weather for Csongrádi úti tanyák: 18.9°C, Clouds, humidity: 54%
2026-09-02 21:13:23,972 - root - INFO - [764/1205] Fetching weather for Kettőshalom...
2026-09-02 21:13:24,067 - root - INFO - Fetched weather for Kettőshalom: 22.8°C, Clouds, humidity: 45%
2026-09-02 21:13:25,169 - root - INFO - [765/1205] Fetching weather for Csongrád alsó...
2026-09-02 21:13:25,266 - root - INFO - Fetched weather for Csongrád alsó: 22.8°C, Clouds, humidity: 45%
2026-09-02 21:13:26,368 - root - INFO - [766/1205] Fetching weather for Dónát...
2026-09-02 21:13:26,468 - root - INFO - Fetched weather for Dónát: 22.8°C, Clouds, humidity: 45%
2026-09-02 21:13:27,569 - root - INFO - [767/1205] Fetching weather for Pusztatemplom...
2026-09-02 21:13:27,664 - root - INFO - Fetched weather for Pusztatemplom: 22.8°C, Clouds, humidity: 44%
2026-09-02 21:13:28,766 - root - INFO - [768/1205] Fetching weather for Előhát...
2026-09-02 21:13:28,868 - root - INFO - Fetched weather for Előhát: 20.1°C, Clouds, humidity: 51%
2026-09-02 21:13:29,970 - root - INFO - [769/1205] Fetching weather for Polgárdi-Tekerespuszta...
2026-09-02 21:13:30,067 - root - INFO - Fetched weather for Polgárdi-Tekerespuszta: 19.3°C, Clouds, humidity: 65%
2026-09-02 21:13:31,168 - root - INFO - [770/1205] Fetching weather for Szatina-Kishajmás...
2026-09-02 21:13:31,257 - root - INFO - Fetched weather for Szatina-Kishajmás: 22.2°C, Clouds, humidity: 57%
2026-09-02 21:13:32,359 - root - INFO - [771/1205] Fetching weather for Márok...
2026-09-02 21:13:32,457 - root - INFO - Fetched weather for Márok: 18.7°C, Clouds, humidity: 66%
2026-09-02 21:13:33,558 - root - INFO - [772/1205] Fetching weather for Nagynyárád...
2026-09-02 21:13:33,648 - root - INFO - Fetched weather for Nagynyárád: 18.8°C, Clouds, humidity: 66%
2026-09-02 21:13:34,750 - root - INFO - [773/1205] Fetching weather for Szászvár...
2026-09-02 21:13:34,845 - root - INFO - Fetched weather for Szászvár: 19.7°C, Clouds, humidity: 57%
2026-09-02 21:13:35,947 - root - INFO - [774/1205] Fetching weather for Cikó...
2026-09-02 21:13:36,040 - root - INFO - Fetched weather for Cikó: 20.0°C, Clouds, humidity: 57%
2026-09-02 21:13:37,142 - root - INFO - [775/1205] Fetching weather for Gyöngyfa-Magyarmecske...
2026-09-02 21:13:37,232 - root - INFO - Fetched weather for Gyöngyfa-Magyarmecske: 22.6°C, Clouds, humidity: 57%
2026-09-02 21:13:38,334 - root - INFO - [776/1205] Fetching weather for Nagyhát...
2026-09-02 21:13:38,424 - root - INFO - Fetched weather for Nagyhát: 18.9°C, Clouds, humidity: 55%
2026-09-02 21:13:39,525 - root - INFO - [777/1205] Fetching weather for Balmazújváros...
2026-09-02 21:13:39,621 - root - INFO - Fetched weather for Balmazújváros: 19.1°C, Clouds, humidity: 49%
2026-09-02 21:13:40,722 - root - INFO - [778/1205] Fetching weather for Kónya...
2026-09-02 21:13:40,817 - root - INFO - Fetched weather for Kónya: 19.9°C, Clouds, humidity: 49%
2026-09-02 21:13:41,919 - root - INFO - [779/1205] Fetching weather for Hortobágy...
2026-09-02 21:13:42,031 - root - INFO - Fetched weather for Hortobágy: 20.0°C, Clouds, humidity: 49%
2026-09-02 21:13:43,132 - root - INFO - [780/1205] Fetching weather for Hortobágyi Halastó...
2026-09-02 21:13:43,224 - root - INFO - Fetched weather for Hortobágyi Halastó: 20.0°C, Clouds, humidity: 49%
2026-09-02 21:13:44,326 - root - INFO - [781/1205] Fetching weather for Ohat-Pusztakócs...
2026-09-02 21:13:44,425 - root - INFO - Fetched weather for Ohat-Pusztakócs: 19.9°C, Clouds, humidity: 49%
2026-09-02 21:13:45,526 - root - INFO - [782/1205] Fetching weather for Egyek...
2026-09-02 21:13:45,619 - root - INFO - Fetched weather for Egyek: 19.9°C, Clouds, humidity: 49%
2026-09-02 21:13:46,720 - root - INFO - [783/1205] Fetching weather for Tiszafüred...
2026-09-02 21:13:46,815 - root - INFO - Fetched weather for Tiszafüred: 19.9°C, Clouds, humidity: 50%
2026-09-02 21:13:47,917 - root - INFO - [784/1205] Fetching weather for Poroszló...
2026-09-02 21:13:48,012 - root - INFO - Fetched weather for Poroszló: 19.8°C, Clouds, humidity: 50%
2026-09-02 21:13:49,114 - root - INFO - [785/1205] Fetching weather for Kétútköz...
2026-09-02 21:13:49,218 - root - INFO - Fetched weather for Kétútköz: 19.7°C, Clouds, humidity: 50%
2026-09-02 21:13:50,319 - root - INFO - [786/1205] Fetching weather for Egerfarmos...
2026-09-02 21:13:50,412 - root - INFO - Fetched weather for Egerfarmos: 19.7°C, Clouds, humidity: 50%
2026-09-02 21:13:51,513 - root - INFO - [787/1205] Fetching weather for Piliscsaba...
2026-09-02 21:13:51,610 - root - INFO - Fetched weather for Piliscsaba: 20.2°C, Clouds, humidity: 58%
2026-09-02 21:13:52,711 - root - INFO - [788/1205] Fetching weather for Pilisjászfalu...
2026-09-02 21:13:52,800 - root - INFO - Fetched weather for Pilisjászfalu: 21.2°C, Clouds, humidity: 60%
2026-09-02 21:13:53,901 - root - INFO - [789/1205] Fetching weather for Leányvár...
2026-09-02 21:13:53,998 - root - INFO - Fetched weather for Leányvár: 19.8°C, Clouds, humidity: 61%
2026-09-02 21:13:55,099 - root - INFO - [790/1205] Fetching weather for Dorog...
2026-09-02 21:13:55,188 - root - INFO - Fetched weather for Dorog: 20.0°C, Clouds, humidity: 61%
2026-09-02 21:13:56,290 - root - INFO - [791/1205] Fetching weather for Esztergom-Kertváros...
2026-09-02 21:13:56,380 - root - INFO - Fetched weather for Esztergom-Kertváros: 20.1°C, Clouds, humidity: 61%
2026-09-02 21:13:57,482 - root - INFO - [792/1205] Fetching weather for Esztergom...
2026-09-02 21:13:57,575 - root - INFO - Fetched weather for Esztergom: 20.1°C, Clouds, humidity: 61%
2026-09-02 21:13:58,676 - root - INFO - [793/1205] Fetching weather for Dunaalmás...
2026-09-02 21:13:58,765 - root - INFO - Fetched weather for Dunaalmás: 19.8°C, Clouds, humidity: 60%
2026-09-02 21:13:59,866 - root - INFO - [794/1205] Fetching weather for Neszmély...
2026-09-02 21:13:59,954 - root - INFO - Fetched weather for Neszmély: 19.8°C, Clouds, humidity: 60%
2026-09-02 21:14:01,055 - root - INFO - [795/1205] Fetching weather for Süttő...
2026-09-02 21:14:01,143 - root - INFO - Fetched weather for Süttő: 20.1°C, Clouds, humidity: 59%
2026-09-02 21:14:02,245 - root - INFO - [796/1205] Fetching weather for Piszke...
2026-09-02 21:14:02,339 - root - INFO - Fetched weather for Piszke: 20.1°C, Clouds, humidity: 61%
2026-09-02 21:14:03,441 - root - INFO - [797/1205] Fetching weather for Lábatlan...
2026-09-02 21:14:03,542 - root - INFO - Fetched weather for Lábatlan: 20.0°C, Clouds, humidity: 61%
2026-09-02 21:14:04,643 - root - INFO - [798/1205] Fetching weather for Eternitgyár...
2026-09-02 21:14:04,740 - root - INFO - Fetched weather for Eternitgyár: 20.0°C, Clouds, humidity: 61%
2026-09-02 21:14:05,842 - root - INFO - [799/1205] Fetching weather for Nyergesújfalu felső...
2026-09-02 21:14:05,939 - root - INFO - Fetched weather for Nyergesújfalu felső: 20.1°C, Clouds, humidity: 61%
2026-09-02 21:14:07,040 - root - INFO - [800/1205] Fetching weather for Nyergesújfalu...
2026-09-02 21:14:07,134 - root - INFO - Fetched weather for Nyergesújfalu: 20.1°C, Clouds, humidity: 61%
2026-09-02 21:14:08,236 - root - INFO - [801/1205] Fetching weather for Tokod...
2026-09-02 21:14:08,327 - root - INFO - Fetched weather for Tokod: 20.1°C, Clouds, humidity: 61%
2026-09-02 21:14:09,428 - root - INFO - [802/1205] Fetching weather for Környe...
2026-09-02 21:14:09,524 - root - INFO - Fetched weather for Környe: 19.4°C, Clouds, humidity: 61%
2026-09-02 21:14:10,626 - root - INFO - [803/1205] Fetching weather for Kecskéd alsó...
2026-09-02 21:14:10,719 - root - INFO - Fetched weather for Kecskéd alsó: 19.4°C, Clouds, humidity: 61%
2026-09-02 21:14:11,821 - root - INFO - [804/1205] Fetching weather for Oroszlány...
2026-09-02 21:14:11,911 - root - INFO - Fetched weather for Oroszlány: 19.4°C, Clouds, humidity: 61%
2026-09-02 21:14:13,013 - root - INFO - [805/1205] Fetching weather for Győrszabadhegy...
2026-09-02 21:14:13,105 - root - INFO - Fetched weather for Győrszabadhegy: 18.1°C, Clouds, humidity: 72%
2026-09-02 21:14:14,206 - root - INFO - [806/1205] Fetching weather for Ménfőcsanak felső...
2026-09-02 21:14:14,300 - root - INFO - Fetched weather for Ménfőcsanak felső: 18.1°C, Clouds, humidity: 72%
2026-09-02 21:14:15,401 - root - INFO - [807/1205] Fetching weather for Gyömöre-Tét...
2026-09-02 21:14:15,490 - root - INFO - Fetched weather for Gyömöre-Tét: 18.0°C, Clouds, humidity: 82%
2026-09-02 21:14:16,592 - root - INFO - [808/1205] Fetching weather for Szerecseny...
2026-09-02 21:14:16,684 - root - INFO - Fetched weather for Szerecseny: 18.0°C, Clouds, humidity: 82%
2026-09-02 21:14:17,785 - root - INFO - [809/1205] Fetching weather for Gecse-Gyarmat...
2026-09-02 21:14:17,879 - root - INFO - Fetched weather for Gecse-Gyarmat: 18.1°C, Clouds, humidity: 82%
2026-09-02 21:14:18,981 - root - INFO - [810/1205] Fetching weather for Vaszar...
2026-09-02 21:14:19,077 - root - INFO - Fetched weather for Vaszar: 18.1°C, Clouds, humidity: 82%
2026-09-02 21:14:20,178 - root - INFO - [811/1205] Fetching weather for Pápa...
2026-09-02 21:14:20,274 - root - INFO - Fetched weather for Pápa: 18.0°C, Clouds, humidity: 82%
2026-09-02 21:14:21,376 - root - INFO - [812/1205] Fetching weather for Mezőlak...
2026-09-02 21:14:21,469 - root - INFO - Fetched weather for Mezőlak: 18.1°C, Clouds, humidity: 82%
2026-09-02 21:14:22,571 - root - INFO - [813/1205] Fetching weather for Mihályháza...
2026-09-02 21:14:22,666 - root - INFO - Fetched weather for Mihályháza: 18.1°C, Clouds, humidity: 82%
2026-09-02 21:14:23,767 - root - INFO - [814/1205] Fetching weather for Vinár...
2026-09-02 21:14:23,869 - root - INFO - Fetched weather for Vinár: 18.1°C, Clouds, humidity: 82%
2026-09-02 21:14:24,971 - root - INFO - [815/1205] Fetching weather for Külsővat...
2026-09-02 21:14:25,061 - root - INFO - Fetched weather for Külsővat: 18.1°C, Clouds, humidity: 68%
2026-09-02 21:14:26,163 - root - INFO - [816/1205] Fetching weather for Celldömölk...
2026-09-02 21:14:26,258 - root - INFO - Fetched weather for Celldömölk: 18.1°C, Clouds, humidity: 68%
2026-09-02 21:14:27,360 - root - INFO - [817/1205] Fetching weather for Kemenesmihályfa...
2026-09-02 21:14:27,457 - root - INFO - Fetched weather for Kemenesmihályfa: 19.5°C, Clouds, humidity: 69%
2026-09-02 21:14:28,559 - root - INFO - [818/1205] Fetching weather for Nagysimonyi...
2026-09-02 21:14:28,658 - root - INFO - Fetched weather for Nagysimonyi: 19.6°C, Clouds, humidity: 69%
2026-09-02 21:14:29,760 - root - INFO - [819/1205] Fetching weather for Ostffyasszonyfa...
2026-09-02 21:14:29,854 - root - INFO - Fetched weather for Ostffyasszonyfa: 19.6°C, Clouds, humidity: 69%
2026-09-02 21:14:30,955 - root - INFO - [820/1205] Fetching weather for Sárvár...
2026-09-02 21:14:31,050 - root - INFO - Fetched weather for Sárvár: 19.7°C, Clouds, humidity: 70%
2026-09-02 21:14:32,151 - root - INFO - [821/1205] Fetching weather for Porpác...
2026-09-02 21:14:32,241 - root - INFO - Fetched weather for Porpác: 19.6°C, Clouds, humidity: 72%
2026-09-02 21:14:33,343 - root - INFO - [822/1205] Fetching weather for Balatonföldvár...
2026-09-02 21:14:33,436 - root - INFO - Fetched weather for Balatonföldvár: 19.4°C, Clouds, humidity: 80%
2026-09-02 21:14:34,538 - root - INFO - [823/1205] Fetching weather for Balatonszárszó...
2026-09-02 21:14:34,629 - root - INFO - Fetched weather for Balatonszárszó: 19.4°C, Clouds, humidity: 67%
2026-09-02 21:14:35,731 - root - INFO - [824/1205] Fetching weather for Balatonszemes...
2026-09-02 21:14:35,821 - root - INFO - Fetched weather for Balatonszemes: 19.4°C, Clouds, humidity: 65%
2026-09-02 21:14:36,922 - root - INFO - [825/1205] Fetching weather for Balatonlelle felső...
2026-09-02 21:14:37,019 - root - INFO - Fetched weather for Balatonlelle felső: 20.1°C, Clouds, humidity: 65%
2026-09-02 21:14:38,121 - root - INFO - [826/1205] Fetching weather for Balatonlelle...
2026-09-02 21:14:38,213 - root - INFO - Fetched weather for Balatonlelle: 20.1°C, Clouds, humidity: 64%
2026-09-02 21:14:39,314 - root - INFO - [827/1205] Fetching weather for Fonyódliget...
2026-09-02 21:14:39,407 - root - INFO - Fetched weather for Fonyódliget: 20.1°C, Clouds, humidity: 64%
2026-09-02 21:14:40,509 - root - INFO - [828/1205] Fetching weather for Balatonboglár...
2026-09-02 21:14:40,603 - root - INFO - Fetched weather for Balatonboglár: 20.1°C, Clouds, humidity: 64%
2026-09-02 21:14:41,705 - root - INFO - [829/1205] Fetching weather for Balatonfenyves alsó...
2026-09-02 21:14:41,801 - root - INFO - Fetched weather for Balatonfenyves alsó: 19.1°C, Clouds, humidity: 64%
2026-09-02 21:14:42,902 - root - INFO - [830/1205] Fetching weather for Fonyód...
2026-09-02 21:14:42,994 - root - INFO - Fetched weather for Fonyód: 20.1°C, Clouds, humidity: 64%
2026-09-02 21:14:44,096 - root - INFO - [831/1205] Fetching weather for Bélatelep...
2026-09-02 21:14:44,192 - root - INFO - Fetched weather for Bélatelep: 19.1°C, Clouds, humidity: 64%
2026-09-02 21:14:45,294 - root - INFO - [832/1205] Fetching weather for Alsóbélatelep...
2026-09-02 21:14:45,383 - root - INFO - Fetched weather for Alsóbélatelep: 19.1°C, Clouds, humidity: 64%
2026-09-02 21:14:46,485 - root - INFO - [833/1205] Fetching weather for Balatonfenyves...
2026-09-02 21:14:46,570 - root - INFO - Fetched weather for Balatonfenyves: 19.1°C, Clouds, humidity: 64%
2026-09-02 21:14:47,672 - root - INFO - [834/1205] Fetching weather for Máriahullámtelep...
2026-09-02 21:14:47,766 - root - INFO - Fetched weather for Máriahullámtelep: 19.1°C, Clouds, humidity: 64%
2026-09-02 21:14:48,867 - root - INFO - [835/1205] Fetching weather for Balatonmáriafürdő...
2026-09-02 21:14:48,957 - root - INFO - Fetched weather for Balatonmáriafürdő: 19.1°C, Clouds, humidity: 72%
2026-09-02 21:14:50,059 - root - INFO - [836/1205] Fetching weather for Balatonberény...
2026-09-02 21:14:50,150 - root - INFO - Fetched weather for Balatonberény: 19.1°C, Clouds, humidity: 72%
2026-09-02 21:14:51,252 - root - INFO - [837/1205] Fetching weather for Balatonszentgyörgy...
2026-09-02 21:14:51,342 - root - INFO - Fetched weather for Balatonszentgyörgy: 19.1°C, Clouds, humidity: 72%
2026-09-02 21:14:52,444 - root - INFO - [838/1205] Fetching weather for Vörs...
2026-09-02 21:14:52,542 - root - INFO - Fetched weather for Vörs: 19.1°C, Clouds, humidity: 72%
2026-09-02 21:14:53,643 - root - INFO - [839/1205] Fetching weather for Zalaszentjakab...
2026-09-02 21:14:53,735 - root - INFO - Fetched weather for Zalaszentjakab: 18.9°C, Clouds, humidity: 64%
2026-09-02 21:14:54,837 - root - INFO - [840/1205] Fetching weather for Nagykanizsa...
2026-09-02 21:14:54,952 - root - INFO - Fetched weather for Nagykanizsa: 20.1°C, Clouds, humidity: 63%
2026-09-02 21:14:56,054 - root - INFO - [841/1205] Fetching weather for Murakeresztúr...
2026-09-02 21:14:56,148 - root - INFO - Fetched weather for Murakeresztúr: 20.2°C, Clouds, humidity: 63%
2026-09-02 21:14:57,250 - root - INFO - [842/1205] Fetching weather for Zalakomár...
2026-09-02 21:14:57,341 - root - INFO - Fetched weather for Zalakomár: 18.9°C, Clouds, humidity: 72%
2026-09-02 21:14:58,442 - root - INFO - [843/1205] Fetching weather for Szárazrét...
2026-09-02 21:14:58,533 - root - INFO - Fetched weather for Szárazrét: 19.8°C, Clouds, humidity: 61%
2026-09-02 21:14:59,635 - root - INFO - [844/1205] Fetching weather for Bodajk...
2026-09-02 21:14:59,728 - root - INFO - Fetched weather for Bodajk: 19.6°C, Clouds, humidity: 62%
2026-09-02 21:15:00,830 - root - INFO - [845/1205] Fetching weather for Csókakő...
2026-09-02 21:15:00,927 - root - INFO - Fetched weather for Csókakő: 19.3°C, Clouds, humidity: 62%
2026-09-02 21:15:02,029 - root - INFO - [846/1205] Fetching weather for Mór...
2026-09-02 21:15:02,119 - root - INFO - Fetched weather for Mór: 19.4°C, Clouds, humidity: 62%
2026-09-02 21:15:03,221 - root - INFO - [847/1205] Fetching weather for Bakonysárkány...
2026-09-02 21:15:03,325 - root - INFO - Fetched weather for Bakonysárkány: 17.3°C, Clouds, humidity: 63%
2026-09-02 21:15:04,427 - root - INFO - [848/1205] Fetching weather for Kisbér...
2026-09-02 21:15:04,527 - root - INFO - Fetched weather for Kisbér: 17.6°C, Clouds, humidity: 65%
2026-09-02 21:15:05,629 - root - INFO - [849/1205] Fetching weather for Nagyigmánd-Bábolna...
2026-09-02 21:15:05,724 - root - INFO - Fetched weather for Nagyigmánd-Bábolna: 18.0°C, Clouds, humidity: 72%
2026-09-02 21:15:06,825 - root - INFO - [850/1205] Fetching weather for Budapest-Déli...
2026-09-02 21:15:06,914 - root - INFO - Fetched weather for Budapest-Déli: 21.9°C, Clouds, humidity: 52%
2026-09-02 21:15:08,015 - root - INFO - [851/1205] Fetching weather for Budapest-Kelenföld...
2026-09-02 21:15:08,109 - root - INFO - Fetched weather for Budapest-Kelenföld: 22.0°C, Clouds, humidity: 52%
2026-09-02 21:15:09,211 - root - INFO - [852/1205] Fetching weather for Budaörs...
2026-09-02 21:15:09,304 - root - INFO - Fetched weather for Budaörs: 21.9°C, Clouds, humidity: 52%
2026-09-02 21:15:10,406 - root - INFO - [853/1205] Fetching weather for Biatorbágy...
2026-09-02 21:15:10,497 - root - INFO - Fetched weather for Biatorbágy: 21.2°C, Clouds, humidity: 54%
2026-09-02 21:15:11,599 - root - INFO - [854/1205] Fetching weather for Herceghalom...
2026-09-02 21:15:11,696 - root - INFO - Fetched weather for Herceghalom: 21.5°C, Clouds, humidity: 54%
2026-09-02 21:15:12,797 - root - INFO - [855/1205] Fetching weather for Bicske...
2026-09-02 21:15:12,890 - root - INFO - Fetched weather for Bicske: 21.3°C, Clouds, humidity: 59%
2026-09-02 21:15:13,992 - root - INFO - [856/1205] Fetching weather for Szár...
2026-09-02 21:15:14,091 - root - INFO - Fetched weather for Szár: 18.8°C, Clouds, humidity: 59%
2026-09-02 21:15:15,193 - root - INFO - [857/1205] Fetching weather for Szárliget...
2026-09-02 21:15:15,287 - root - INFO - Fetched weather for Szárliget: 19.1°C, Clouds, humidity: 60%
2026-09-02 21:15:16,388 - root - INFO - [858/1205] Fetching weather for Alsógalla...
2026-09-02 21:15:16,485 - root - INFO - Fetched weather for Alsógalla: 19.5°C, Clouds, humidity: 60%
2026-09-02 21:15:17,587 - root - INFO - [859/1205] Fetching weather for Tatabánya...
2026-09-02 21:15:17,675 - root - INFO - Fetched weather for Tatabánya: 19.5°C, Clouds, humidity: 60%
2026-09-02 21:15:18,777 - root - INFO - [860/1205] Fetching weather for Vértesszőlős...
2026-09-02 21:15:18,865 - root - INFO - Fetched weather for Vértesszőlős: 19.6°C, Clouds, humidity: 60%
2026-09-02 21:15:19,967 - root - INFO - [861/1205] Fetching weather for Tóvároskert...
2026-09-02 21:15:20,064 - root - INFO - Fetched weather for Tóvároskert: 19.6°C, Clouds, humidity: 60%
2026-09-02 21:15:21,166 - root - INFO - [862/1205] Fetching weather for Tata...
2026-09-02 21:15:21,260 - root - INFO - Fetched weather for Tata: 19.6°C, Clouds, humidity: 60%
2026-09-02 21:15:22,362 - root - INFO - [863/1205] Fetching weather for Almásfüzitő...
2026-09-02 21:15:22,450 - root - INFO - Fetched weather for Almásfüzitő: 19.7°C, Clouds, humidity: 60%
2026-09-02 21:15:23,552 - root - INFO - [864/1205] Fetching weather for Almásfüzitő felső...
2026-09-02 21:15:23,644 - root - INFO - Fetched weather for Almásfüzitő felső: 22.2°C, Clouds, humidity: 60%
2026-09-02 21:15:24,746 - root - INFO - [865/1205] Fetching weather for Szőny...
2026-09-02 21:15:24,836 - root - INFO - Fetched weather for Szőny: 22.3°C, Clouds, humidity: 61%
2026-09-02 21:15:25,937 - root - INFO - [866/1205] Fetching weather for Komárom...
2026-09-02 21:15:26,030 - root - INFO - Fetched weather for Komárom: 18.1°C, Clouds, humidity: 61%
2026-09-02 21:15:27,132 - root - INFO - [867/1205] Fetching weather for Ács...
2026-09-02 21:15:27,224 - root - INFO - Fetched weather for Ács: 18.1°C, Clouds, humidity: 72%
2026-09-02 21:15:28,326 - root - INFO - [868/1205] Fetching weather for Nagyszentjános...
2026-09-02 21:15:28,417 - root - INFO - Fetched weather for Nagyszentjános: 18.1°C, Clouds, humidity: 72%
2026-09-02 21:15:29,518 - root - INFO - [869/1205] Fetching weather for Győrszentiván...
2026-09-02 21:15:29,611 - root - INFO - Fetched weather for Győrszentiván: 18.1°C, Clouds, humidity: 72%
2026-09-02 21:15:30,713 - root - INFO - [870/1205] Fetching weather for Győr-Gyárváros...
2026-09-02 21:15:30,811 - root - INFO - Fetched weather for Győr-Gyárváros: 18.1°C, Clouds, humidity: 72%
2026-09-02 21:15:31,913 - root - INFO - [871/1205] Fetching weather for Győr...
2026-09-02 21:15:32,005 - root - INFO - Fetched weather for Győr: 18.1°C, Clouds, humidity: 72%
2026-09-02 21:15:33,107 - root - INFO - [872/1205] Fetching weather for Öttevény...
2026-09-02 21:15:33,207 - root - INFO - Fetched weather for Öttevény: 18.1°C, Clouds, humidity: 70%
2026-09-02 21:15:34,309 - root - INFO - [873/1205] Fetching weather for Lébény-Mosonszentmiklós...
2026-09-02 21:15:34,401 - root - INFO - Fetched weather for Lébény-Mosonszentmiklós: 19.7°C, Clouds, humidity: 68%
2026-09-02 21:15:35,503 - root - INFO - [874/1205] Fetching weather for Kimle-Károlyháza...
2026-09-02 21:15:35,592 - root - INFO - Fetched weather for Kimle-Károlyháza: 19.8°C, Clouds, humidity: 66%
2026-09-02 21:15:36,694 - root - INFO - [875/1205] Fetching weather for Mosonmagyaróvár...
2026-09-02 21:15:36,786 - root - INFO - Fetched weather for Mosonmagyaróvár: 20.6°C, Clouds, humidity: 65%
2026-09-02 21:15:37,888 - root - INFO - [876/1205] Fetching weather for Levél...
2026-09-02 21:15:37,993 - root - INFO - Fetched weather for Levél: 20.6°C, Clouds, humidity: 64%
2026-09-02 21:15:39,095 - root - INFO - [877/1205] Fetching weather for Hegyeshalom...
2026-09-02 21:15:39,187 - root - INFO - Fetched weather for Hegyeshalom: 20.6°C, Clouds, humidity: 64%
2026-09-02 21:15:40,289 - root - INFO - [878/1205] Fetching weather for Óbuda...
2026-09-02 21:15:40,381 - root - INFO - Fetched weather for Óbuda: 22.0°C, Clouds, humidity: 52%
2026-09-02 21:15:41,483 - root - INFO - [879/1205] Fetching weather for Üröm...
2026-09-02 21:15:41,581 - root - INFO - Fetched weather for Üröm: 21.7°C, Clouds, humidity: 52%
2026-09-02 21:15:42,683 - root - INFO - [880/1205] Fetching weather for Solymár...
2026-09-02 21:15:42,778 - root - INFO - Fetched weather for Solymár: 21.6°C, Clouds, humidity: 52%
2026-09-02 21:15:43,880 - root - INFO - [881/1205] Fetching weather for Pilisvörösvár...
2026-09-02 21:15:43,973 - root - INFO - Fetched weather for Pilisvörösvár: 21.2°C, Clouds, humidity: 52%
2026-09-02 21:15:45,075 - root - INFO - [882/1205] Fetching weather for Klotildliget...
2026-09-02 21:15:45,168 - root - INFO - Fetched weather for Klotildliget: 20.1°C, Clouds, humidity: 57%
2026-09-02 21:15:46,269 - root - INFO - [883/1205] Fetching weather for Kútvölgy...
2026-09-02 21:15:46,368 - root - INFO - Fetched weather for Kútvölgy: 20.8°C, Clouds, humidity: 47%
2026-09-02 21:15:47,470 - root - INFO - [884/1205] Fetching weather for Székkutas...
2026-09-02 21:15:47,569 - root - INFO - Fetched weather for Székkutas: 20.8°C, Clouds, humidity: 47%
2026-09-02 21:15:48,671 - root - INFO - [885/1205] Fetching weather for Kaposszentjakab...
2026-09-02 21:15:48,763 - root - INFO - Fetched weather for Kaposszentjakab: 19.9°C, Clouds, humidity: 59%
2026-09-02 21:15:49,865 - root - INFO - [886/1205] Fetching weather for Kaposvár...
2026-09-02 21:15:49,960 - root - INFO - Fetched weather for Kaposvár: 19.8°C, Clouds, humidity: 59%
2026-09-02 21:15:51,062 - root - INFO - [887/1205] Fetching weather for Kaposújlak...
2026-09-02 21:15:51,159 - root - INFO - Fetched weather for Kaposújlak: 19.9°C, Clouds, humidity: 60%
2026-09-02 21:15:52,261 - root - INFO - [888/1205] Fetching weather for Kaposmérő...
2026-09-02 21:15:52,352 - root - INFO - Fetched weather for Kaposmérő: 19.8°C, Clouds, humidity: 60%
2026-09-02 21:15:53,454 - root - INFO - [889/1205] Fetching weather for Kaposfő...
2026-09-02 21:15:53,547 - root - INFO - Fetched weather for Kaposfő: 19.8°C, Clouds, humidity: 60%
2026-09-02 21:15:54,649 - root - INFO - [890/1205] Fetching weather for Kiskorpád...
2026-09-02 21:15:54,744 - root - INFO - Fetched weather for Kiskorpád: 19.7°C, Clouds, humidity: 61%
2026-09-02 21:15:55,846 - root - INFO - [891/1205] Fetching weather for Jákó-Nagybajom...
2026-09-02 21:15:55,938 - root - INFO - Fetched weather for Jákó-Nagybajom: 19.8°C, Clouds, humidity: 61%
2026-09-02 21:15:57,040 - root - INFO - [892/1205] Fetching weather for Kutas...
2026-09-02 21:15:57,133 - root - INFO - Fetched weather for Kutas: 19.9°C, Clouds, humidity: 61%
2026-09-02 21:15:58,235 - root - INFO - [893/1205] Fetching weather for Beleg...
2026-09-02 21:15:58,326 - root - INFO - Fetched weather for Beleg: 20.0°C, Clouds, humidity: 61%
2026-09-02 21:15:59,428 - root - INFO - [894/1205] Fetching weather for Ötvöskónyi...
2026-09-02 21:15:59,524 - root - INFO - Fetched weather for Ötvöskónyi: 20.1°C, Clouds, humidity: 61%
2026-09-02 21:16:00,626 - root - INFO - [895/1205] Fetching weather for Somogyszob...
2026-09-02 21:16:00,715 - root - INFO - Fetched weather for Somogyszob: 20.0°C, Clouds, humidity: 62%
2026-09-02 21:16:01,817 - root - INFO - [896/1205] Fetching weather for Bolhás...
2026-09-02 21:16:01,917 - root - INFO - Fetched weather for Bolhás: 20.0°C, Clouds, humidity: 62%
2026-09-02 21:16:03,019 - root - INFO - [897/1205] Fetching weather for Szenta...
2026-09-02 21:16:03,110 - root - INFO - Fetched weather for Szenta: 20.0°C, Clouds, humidity: 63%
2026-09-02 21:16:04,212 - root - INFO - [898/1205] Fetching weather for Zrínyitelep...
2026-09-02 21:16:04,305 - root - INFO - Fetched weather for Zrínyitelep: 20.0°C, Clouds, humidity: 63%
2026-09-02 21:16:05,407 - root - INFO - [899/1205] Fetching weather for Csurgó...
2026-09-02 21:16:05,500 - root - INFO - Fetched weather for Csurgó: 20.2°C, Clouds, humidity: 63%
2026-09-02 21:16:06,602 - root - INFO - [900/1205] Fetching weather for Gyékényes...
2026-09-02 21:16:06,691 - root - INFO - Fetched weather for Gyékényes: 20.0°C, Clouds, humidity: 64%
2026-09-02 21:16:07,793 - root - INFO - [901/1205] Fetching weather for Adony...
2026-09-02 21:16:07,893 - root - INFO - Fetched weather for Adony: 20.0°C, Clouds, humidity: 58%
2026-09-02 21:16:08,995 - root - INFO - [902/1205] Fetching weather for Kulcs...
2026-09-02 21:16:09,088 - root - INFO - Fetched weather for Kulcs: 19.7°C, Clouds, humidity: 58%
2026-09-02 21:16:10,190 - root - INFO - [903/1205] Fetching weather for Rácalmás...
2026-09-02 21:16:10,289 - root - INFO - Fetched weather for Rácalmás: 19.7°C, Clouds, humidity: 58%
2026-09-02 21:16:11,390 - root - INFO - [904/1205] Fetching weather for Dunaújváros...
2026-09-02 21:16:11,488 - root - INFO - Fetched weather for Dunaújváros: 19.7°C, Clouds, humidity: 57%
2026-09-02 21:16:12,590 - root - INFO - [905/1205] Fetching weather for Újvenyim...
2026-09-02 21:16:12,686 - root - INFO - Fetched weather for Újvenyim: 19.8°C, Clouds, humidity: 58%
2026-09-02 21:16:13,788 - root - INFO - [906/1205] Fetching weather for Mezőfalva...
2026-09-02 21:16:13,878 - root - INFO - Fetched weather for Mezőfalva: 19.8°C, Clouds, humidity: 58%
2026-09-02 21:16:14,980 - root - INFO - [907/1205] Fetching weather for Nagykarácsony felső...
2026-09-02 21:16:15,072 - root - INFO - Fetched weather for Nagykarácsony felső: 19.9°C, Clouds, humidity: 58%
2026-09-02 21:16:16,174 - root - INFO - [908/1205] Fetching weather for Nagykarácsony...
2026-09-02 21:16:16,269 - root - INFO - Fetched weather for Nagykarácsony: 19.8°C, Clouds, humidity: 58%
2026-09-02 21:16:17,371 - root - INFO - [909/1205] Fetching weather for Alap...
2026-09-02 21:16:17,464 - root - INFO - Fetched weather for Alap: 20.0°C, Clouds, humidity: 59%
2026-09-02 21:16:18,566 - root - INFO - [910/1205] Fetching weather for Cece...
2026-09-02 21:16:18,659 - root - INFO - Fetched weather for Cece: 20.1°C, Clouds, humidity: 59%
2026-09-02 21:16:19,761 - root - INFO - [911/1205] Fetching weather for Vajta...
2026-09-02 21:16:19,857 - root - INFO - Fetched weather for Vajta: 20.1°C, Clouds, humidity: 58%
2026-09-02 21:16:20,959 - root - INFO - [912/1205] Fetching weather for Rétszilas alsó...
2026-09-02 21:16:21,049 - root - INFO - Fetched weather for Rétszilas alsó: 20.0°C, Clouds, humidity: 59%
2026-09-02 21:16:22,150 - root - INFO - [913/1205] Fetching weather for Nagydorog...
2026-09-02 21:16:22,243 - root - INFO - Fetched weather for Nagydorog: 20.2°C, Clouds, humidity: 57%
2026-09-02 21:16:23,345 - root - INFO - [914/1205] Fetching weather for Tengelic...
2026-09-02 21:16:23,440 - root - INFO - Fetched weather for Tengelic: 20.1°C, Clouds, humidity: 56%
2026-09-02 21:16:24,542 - root - INFO - [915/1205] Fetching weather for Fácánkert...
2026-09-02 21:16:24,636 - root - INFO - Fetched weather for Fácánkert: 20.2°C, Clouds, humidity: 56%
2026-09-02 21:16:25,737 - root - INFO - [916/1205] Fetching weather for Tolna-Mözs...
2026-09-02 21:16:25,833 - root - INFO - Fetched weather for Tolna-Mözs: 20.2°C, Clouds, humidity: 55%
2026-09-02 21:16:26,935 - root - INFO - [917/1205] Fetching weather for Szekszárd-Palánk...
2026-09-02 21:16:27,024 - root - INFO - Fetched weather for Szekszárd-Palánk: 20.2°C, Clouds, humidity: 56%
2026-09-02 21:16:28,126 - root - INFO - [918/1205] Fetching weather for Szekszárd...
2026-09-02 21:16:28,219 - root - INFO - Fetched weather for Szekszárd: 20.2°C, Clouds, humidity: 56%
2026-09-02 21:16:29,321 - root - INFO - [919/1205] Fetching weather for Őcsény...
2026-09-02 21:16:29,414 - root - INFO - Fetched weather for Őcsény: 20.2°C, Clouds, humidity: 56%
2026-09-02 21:16:30,516 - root - INFO - [920/1205] Fetching weather for Decs...
2026-09-02 21:16:30,606 - root - INFO - Fetched weather for Decs: 20.2°C, Clouds, humidity: 56%
2026-09-02 21:16:31,707 - root - INFO - [921/1205] Fetching weather for Csikóstőttős...
2026-09-02 21:16:31,804 - root - INFO - Fetched weather for Csikóstőttős: 20.1°C, Clouds, humidity: 58%
2026-09-02 21:16:32,906 - root - INFO - [922/1205] Fetching weather for Mágocs-Alsómocsolád...
2026-09-02 21:16:33,003 - root - INFO - Fetched weather for Mágocs-Alsómocsolád: 19.5°C, Clouds, humidity: 58%
2026-09-02 21:16:34,105 - root - INFO - [923/1205] Fetching weather for Szalatnak...
2026-09-02 21:16:34,198 - root - INFO - Fetched weather for Szalatnak: 19.7°C, Clouds, humidity: 57%
2026-09-02 21:16:35,300 - root - INFO - [924/1205] Fetching weather for Máza-Szászvár...
2026-09-02 21:16:35,390 - root - INFO - Fetched weather for Máza-Szászvár: 19.8°C, Clouds, humidity: 57%
2026-09-02 21:16:36,492 - root - INFO - [925/1205] Fetching weather for Váralja...
2026-09-02 21:16:36,590 - root - INFO - Fetched weather for Váralja: 19.9°C, Clouds, humidity: 57%
2026-09-02 21:16:37,691 - root - INFO - [926/1205] Fetching weather for Nagymányok...
2026-09-02 21:16:37,789 - root - INFO - Fetched weather for Nagymányok: 19.9°C, Clouds, humidity: 57%
2026-09-02 21:16:38,891 - root - INFO - [927/1205] Fetching weather for Hidas-Bonyhád...
2026-09-02 21:16:38,984 - root - INFO - Fetched weather for Hidas-Bonyhád: 19.9°C, Clouds, humidity: 57%
2026-09-02 21:16:40,086 - root - INFO - [928/1205] Fetching weather for Mőcsény...
2026-09-02 21:16:40,189 - root - INFO - Fetched weather for Mőcsény: 19.6°C, Clouds, humidity: 57%
2026-09-02 21:16:41,290 - root - INFO - [929/1205] Fetching weather for Bátaszék...
2026-09-02 21:16:41,392 - root - INFO - Fetched weather for Bátaszék: 20.2°C, Clouds, humidity: 57%
2026-09-02 21:16:42,494 - root - INFO - [930/1205] Fetching weather for Pörböly...
2026-09-02 21:16:42,587 - root - INFO - Fetched weather for Pörböly: 20.2°C, Clouds, humidity: 56%
2026-09-02 21:16:43,688 - root - INFO - [931/1205] Fetching weather for Orosháza...
2026-09-02 21:16:43,782 - root - INFO - Fetched weather for Orosháza: 20.8°C, Clouds, humidity: 46%
2026-09-02 21:16:44,884 - root - INFO - [932/1205] Fetching weather for Orosházi tanyák...
2026-09-02 21:16:44,974 - root - INFO - Fetched weather for Orosházi tanyák: 20.7°C, Clouds, humidity: 46%
2026-09-02 21:16:46,076 - root - INFO - [933/1205] Fetching weather for Csorvás...
2026-09-02 21:16:46,170 - root - INFO - Fetched weather for Csorvás: 20.6°C, Clouds, humidity: 46%
2026-09-02 21:16:47,272 - root - INFO - [934/1205] Fetching weather for Csorvás alsó...
2026-09-02 21:16:47,368 - root - INFO - Fetched weather for Csorvás alsó: 20.6°C, Clouds, humidity: 46%
2026-09-02 21:16:48,469 - root - INFO - [935/1205] Fetching weather for Telekgerendás...
2026-09-02 21:16:48,573 - root - INFO - Fetched weather for Telekgerendás: 20.6°C, Clouds, humidity: 46%
2026-09-02 21:16:49,675 - root - INFO - [936/1205] Fetching weather for Fürjes...
2026-09-02 21:16:49,766 - root - INFO - Fetched weather for Fürjes: 20.6°C, Clouds, humidity: 46%
2026-09-02 21:16:50,868 - root - INFO - [937/1205] Fetching weather for Fényes...
2026-09-02 21:16:50,962 - root - INFO - Fetched weather for Fényes: 20.6°C, Clouds, humidity: 45%
2026-09-02 21:16:52,064 - root - INFO - [938/1205] Fetching weather for Bicere...
2026-09-02 21:16:52,158 - root - INFO - Fetched weather for Bicere: 20.6°C, Clouds, humidity: 45%
2026-09-02 21:16:53,259 - root - INFO - [939/1205] Fetching weather for Gyula...
2026-09-02 21:16:53,349 - root - INFO - Fetched weather for Gyula: 20.6°C, Clouds, humidity: 45%
2026-09-02 21:16:54,451 - root - INFO - [940/1205] Fetching weather for József Szanatórium...
2026-09-02 21:16:54,545 - root - INFO - Fetched weather for József Szanatórium: 20.5°C, Clouds, humidity: 45%
2026-09-02 21:16:55,647 - root - INFO - [941/1205] Fetching weather for Sarkadi Cukorgyár...
2026-09-02 21:16:55,743 - root - INFO - Fetched weather for Sarkadi Cukorgyár: 20.5°C, Clouds, humidity: 45%
2026-09-02 21:16:56,845 - root - INFO - [942/1205] Fetching weather for Sarkad...
2026-09-02 21:16:56,937 - root - INFO - Fetched weather for Sarkad: 20.4°C, Clouds, humidity: 46%
2026-09-02 21:16:58,039 - root - INFO - [943/1205] Fetching weather for Kötegyán...
2026-09-02 21:16:58,133 - root - INFO - Fetched weather for Kötegyán: 20.4°C, Clouds, humidity: 46%
2026-09-02 21:16:59,235 - root - INFO - [944/1205] Fetching weather for Méhkerék...
2026-09-02 21:16:59,330 - root - INFO - Fetched weather for Méhkerék: 20.4°C, Clouds, humidity: 46%
2026-09-02 21:17:00,432 - root - INFO - [945/1205] Fetching weather for Sarkadkeresztúr...
2026-09-02 21:17:00,536 - root - INFO - Fetched weather for Sarkadkeresztúr: 20.4°C, Clouds, humidity: 46%
2026-09-02 21:17:01,638 - root - INFO - [946/1205] Fetching weather for Okány...
2026-09-02 21:17:01,726 - root - INFO - Fetched weather for Okány: 20.4°C, Clouds, humidity: 46%
2026-09-02 21:17:02,828 - root - INFO - [947/1205] Fetching weather for Újszeged...
2026-09-02 21:17:02,920 - root - INFO - Fetched weather for Újszeged: 20.6°C, Clouds, humidity: 54%
2026-09-02 21:17:04,022 - root - INFO - [948/1205] Fetching weather for Szőreg...
2026-09-02 21:17:04,119 - root - INFO - Fetched weather for Szőreg: 20.6°C, Clouds, humidity: 53%
2026-09-02 21:17:05,221 - root - INFO - [949/1205] Fetching weather for Deszk...
2026-09-02 21:17:05,316 - root - INFO - Fetched weather for Deszk: 20.6°C, Clouds, humidity: 52%
2026-09-02 21:17:06,417 - root - INFO - [950/1205] Fetching weather for Kiszombor...
2026-09-02 21:17:06,510 - root - INFO - Fetched weather for Kiszombor: 20.6°C, Clouds, humidity: 50%
2026-09-02 21:17:07,612 - root - INFO - [951/1205] Fetching weather for Kiszombor megálló...
2026-09-02 21:17:07,705 - root - INFO - Fetched weather for Kiszombor megálló: 20.6°C, Clouds, humidity: 50%
2026-09-02 21:17:08,806 - root - INFO - [952/1205] Fetching weather for Makó...
2026-09-02 21:17:08,903 - root - INFO - Fetched weather for Makó: 20.5°C, Clouds, humidity: 49%
2026-09-02 21:17:10,005 - root - INFO - [953/1205] Fetching weather for Apátfalva...
2026-09-02 21:17:10,097 - root - INFO - Fetched weather for Apátfalva: 20.5°C, Clouds, humidity: 48%
2026-09-02 21:17:11,198 - root - INFO - [954/1205] Fetching weather for Magyarcsanád...
2026-09-02 21:17:11,293 - root - INFO - Fetched weather for Magyarcsanád: 20.5°C, Clouds, humidity: 48%
2026-09-02 21:17:12,395 - root - INFO - [955/1205] Fetching weather for Nagylak...
2026-09-02 21:17:12,497 - root - INFO - Fetched weather for Nagylak: 22.9°C, Clouds, humidity: 47%
2026-09-02 21:17:13,598 - root - INFO - [956/1205] Fetching weather for Nagylaki Kendergyár...
2026-09-02 21:17:13,699 - root - INFO - Fetched weather for Nagylaki Kendergyár: 22.9°C, Clouds, humidity: 47%
2026-09-02 21:17:14,800 - root - INFO - [957/1205] Fetching weather for Csanádpalota...
2026-09-02 21:17:14,893 - root - INFO - Fetched weather for Csanádpalota: 22.9°C, Clouds, humidity: 47%
2026-09-02 21:17:15,995 - root - INFO - [958/1205] Fetching weather for Mezőhegyes...
2026-09-02 21:17:16,093 - root - INFO - Fetched weather for Mezőhegyes: 22.8°C, Clouds, humidity: 46%
2026-09-02 21:17:17,194 - root - INFO - [959/1205] Fetching weather for Végegyháza...
2026-09-02 21:17:17,294 - root - INFO - Fetched weather for Végegyháza: 22.8°C, Clouds, humidity: 45%
2026-09-02 21:17:18,395 - root - INFO - [960/1205] Fetching weather for Mezőkovácsháza...
2026-09-02 21:17:18,495 - root - INFO - Fetched weather for Mezőkovácsháza: 22.8°C, Clouds, humidity: 45%
2026-09-02 21:17:19,597 - root - INFO - [961/1205] Fetching weather for Mezőkovácsháza felső...
2026-09-02 21:17:19,690 - root - INFO - Fetched weather for Mezőkovácsháza felső: 22.8°C, Clouds, humidity: 45%
2026-09-02 21:17:20,791 - root - INFO - [962/1205] Fetching weather for Magyarbánhegyes...
2026-09-02 21:17:20,882 - root - INFO - Fetched weather for Magyarbánhegyes: 20.6°C, Clouds, humidity: 45%
2026-09-02 21:17:21,984 - root - INFO - [963/1205] Fetching weather for Medgyesegyháza...
2026-09-02 21:17:22,073 - root - INFO - Fetched weather for Medgyesegyháza: 20.6°C, Clouds, humidity: 45%
2026-09-02 21:17:23,174 - root - INFO - [964/1205] Fetching weather for Bánkút...
2026-09-02 21:17:23,267 - root - INFO - Fetched weather for Bánkút: 20.6°C, Clouds, humidity: 45%
2026-09-02 21:17:24,368 - root - INFO - [965/1205] Fetching weather for Belsőperegpuszta...
2026-09-02 21:17:24,462 - root - INFO - Fetched weather for Belsőperegpuszta: 22.8°C, Clouds, humidity: 45%
2026-09-02 21:17:25,563 - root - INFO - [966/1205] Fetching weather for Battonya...
2026-09-02 21:17:25,654 - root - INFO - Fetched weather for Battonya: 22.7°C, Clouds, humidity: 100%
2026-09-02 21:17:26,755 - root - INFO - [967/1205] Fetching weather for Baja-Dunafürdő...
2026-09-02 21:17:26,848 - root - INFO - Fetched weather for Baja-Dunafürdő: 20.3°C, Clouds, humidity: 56%
2026-09-02 21:17:27,950 - root - INFO - [968/1205] Fetching weather for Kaposszekcső...
2026-09-02 21:17:28,041 - root - INFO - Fetched weather for Kaposszekcső: 20.1°C, Clouds, humidity: 58%
2026-09-02 21:17:29,143 - root - INFO - [969/1205] Fetching weather for Vásárosdombó...
2026-09-02 21:17:29,239 - root - INFO - Fetched weather for Vásárosdombó: 19.9°C, Clouds, humidity: 58%
2026-09-02 21:17:30,340 - root - INFO - [970/1205] Fetching weather for Sásd...
2026-09-02 21:17:30,433 - root - INFO - Fetched weather for Sásd: 19.9°C, Clouds, humidity: 57%
2026-09-02 21:17:31,534 - root - INFO - [971/1205] Fetching weather for Godisa...
2026-09-02 21:17:31,630 - root - INFO - Fetched weather for Godisa: 22.4°C, Clouds, humidity: 57%
2026-09-02 21:17:32,732 - root - INFO - [972/1205] Fetching weather for Abaliget...
2026-09-02 21:17:32,829 - root - INFO - Fetched weather for Abaliget: 22.0°C, Clouds, humidity: 57%
2026-09-02 21:17:33,931 - root - INFO - [973/1205] Fetching weather for Hetvehely...
2026-09-02 21:17:34,027 - root - INFO - Fetched weather for Hetvehely: 22.2°C, Clouds, humidity: 57%
2026-09-02 21:17:35,128 - root - INFO - [974/1205] Fetching weather for Bükkösd...
2026-09-02 21:17:35,221 - root - INFO - Fetched weather for Bükkösd: 22.4°C, Clouds, humidity: 57%
2026-09-02 21:17:36,323 - root - INFO - [975/1205] Fetching weather for Cserdi-Helesfa...
2026-09-02 21:17:36,413 - root - INFO - Fetched weather for Cserdi-Helesfa: 22.4°C, Clouds, humidity: 57%
2026-09-02 21:17:37,515 - root - INFO - [976/1205] Fetching weather for Szentlőrinc...
2026-09-02 21:17:37,611 - root - INFO - Fetched weather for Szentlőrinc: 22.5°C, Clouds, humidity: 46%
2026-09-02 21:17:38,712 - root - INFO - [977/1205] Fetching weather for Bicsérd...
2026-09-02 21:17:38,807 - root - INFO - Fetched weather for Bicsérd: 22.4°C, Clouds, humidity: 46%
2026-09-02 21:17:39,909 - root - INFO - [978/1205] Fetching weather for Mecsekalja-Cserkút...
2026-09-02 21:17:39,997 - root - INFO - Fetched weather for Mecsekalja-Cserkút: 22.5°C, Clouds, humidity: 46%
2026-09-02 21:17:41,098 - root - INFO - [979/1205] Fetching weather for Pécs...
2026-09-02 21:17:41,194 - root - INFO - Fetched weather for Pécs: 22.5°C, Clouds, humidity: 46%
2026-09-02 21:17:42,296 - root - INFO - [980/1205] Fetching weather for Pécs-Külváros...
2026-09-02 21:17:42,389 - root - INFO - Fetched weather for Pécs-Külváros: 22.4°C, Clouds, humidity: 46%
2026-09-02 21:17:43,491 - root - INFO - [981/1205] Fetching weather for Pécsbánya-Rendező...
2026-09-02 21:17:43,582 - root - INFO - Fetched weather for Pécsbánya-Rendező: 22.3°C, Clouds, humidity: 46%
2026-09-02 21:17:44,683 - root - INFO - [982/1205] Fetching weather for Pécsudvard...
2026-09-02 21:17:44,780 - root - INFO - Fetched weather for Pécsudvard: 22.2°C, Clouds, humidity: 46%
2026-09-02 21:17:45,881 - root - INFO - [983/1205] Fetching weather for Szőkéd...
2026-09-02 21:17:45,971 - root - INFO - Fetched weather for Szőkéd: 22.4°C, Clouds, humidity: 46%
2026-09-02 21:17:47,072 - root - INFO - [984/1205] Fetching weather for Áta...
2026-09-02 21:17:47,168 - root - INFO - Fetched weather for Áta: 22.5°C, Clouds, humidity: 46%
2026-09-02 21:17:48,269 - root - INFO - [985/1205] Fetching weather for Kistótfalu...
2026-09-02 21:17:48,369 - root - INFO - Fetched weather for Kistótfalu: 22.5°C, Clouds, humidity: 46%
2026-09-02 21:17:49,470 - root - INFO - [986/1205] Fetching weather for Vokány...
2026-09-02 21:17:49,571 - root - INFO - Fetched weather for Vokány: 22.5°C, Clouds, humidity: 46%
2026-09-02 21:17:50,672 - root - INFO - [987/1205] Fetching weather for Palkonya...
2026-09-02 21:17:50,767 - root - INFO - Fetched weather for Palkonya: 22.5°C, Clouds, humidity: 46%
2026-09-02 21:17:51,868 - root - INFO - [988/1205] Fetching weather for Villánykövesd...
2026-09-02 21:17:51,972 - root - INFO - Fetched weather for Villánykövesd: 22.5°C, Clouds, humidity: 46%
2026-09-02 21:17:53,074 - root - INFO - [989/1205] Fetching weather for Villány...
2026-09-02 21:17:53,166 - root - INFO - Fetched weather for Villány: 22.6°C, Clouds, humidity: 65%
2026-09-02 21:17:54,268 - root - INFO - [990/1205] Fetching weather for Magyarbóly...
2026-09-02 21:17:54,358 - root - INFO - Fetched weather for Magyarbóly: 20.3°C, Clouds, humidity: 63%
2026-09-02 21:17:55,459 - root - INFO - [991/1205] Fetching weather for Magyarszék...
2026-09-02 21:17:55,555 - root - INFO - Fetched weather for Magyarszék: 22.2°C, Clouds, humidity: 57%
2026-09-02 21:17:56,656 - root - INFO - [992/1205] Fetching weather for Mecsekpölöske...
2026-09-02 21:17:56,744 - root - INFO - Fetched weather for Mecsekpölöske: 22.1°C, Clouds, humidity: 57%
2026-09-02 21:17:57,845 - root - INFO - [993/1205] Fetching weather for Mecsekjánosi...
2026-09-02 21:17:57,935 - root - INFO - Fetched weather for Mecsekjánosi: 22.1°C, Clouds, humidity: 57%
2026-09-02 21:17:59,036 - root - INFO - [994/1205] Fetching weather for Komló...
2026-09-02 21:17:59,128 - root - INFO - Fetched weather for Komló: 21.8°C, Clouds, humidity: 57%
2026-09-02 21:18:00,229 - root - INFO - [995/1205] Fetching weather for Királyegyháza-Rigópuszta...
2026-09-02 21:18:00,319 - root - INFO - Fetched weather for Királyegyháza-Rigópuszta: 22.6°C, Clouds, humidity: 57%
2026-09-02 21:18:01,420 - root - INFO - [996/1205] Fetching weather for Sumony...
2026-09-02 21:18:01,522 - root - INFO - Fetched weather for Sumony: 22.6°C, Clouds, humidity: 58%
2026-09-02 21:18:02,624 - root - INFO - [997/1205] Fetching weather for Okorág-Kárászpuszta...
2026-09-02 21:18:02,724 - root - INFO - Fetched weather for Okorág-Kárászpuszta: 22.6°C, Clouds, humidity: 58%
2026-09-02 21:18:03,825 - root - INFO - [998/1205] Fetching weather for Kákics...
2026-09-02 21:18:03,918 - root - INFO - Fetched weather for Kákics: 20.2°C, Clouds, humidity: 58%
2026-09-02 21:18:05,019 - root - INFO - [999/1205] Fetching weather for Bóly...
2026-09-02 21:18:05,120 - root - INFO - Fetched weather for Bóly: 22.4°C, Clouds, humidity: 62%
2026-09-02 21:18:06,221 - root - INFO - [1000/1205] Fetching weather for Mohács...
2026-09-02 21:18:06,314 - root - INFO - Fetched weather for Mohács: 20.2°C, Clouds, humidity: 59%
2026-09-02 21:18:07,416 - root - INFO - [1001/1205] Fetching weather for Sellye...
2026-09-02 21:18:07,512 - root - INFO - Fetched weather for Sellye: 20.2°C, Clouds, humidity: 59%
2026-09-02 21:18:08,613 - root - INFO - [1002/1205] Fetching weather for Toponár...
2026-09-02 21:18:08,715 - root - INFO - Fetched weather for Toponár: 19.9°C, Clouds, humidity: 60%
2026-09-02 21:18:09,816 - root - INFO - [1003/1205] Fetching weather for Somogyaszaló...
2026-09-02 21:18:09,915 - root - INFO - Fetched weather for Somogyaszaló: 19.7°C, Clouds, humidity: 60%
2026-09-02 21:18:11,016 - root - INFO - [1004/1205] Fetching weather for Mernye...
2026-09-02 21:18:11,115 - root - INFO - Fetched weather for Mernye: 19.8°C, Clouds, humidity: 62%
2026-09-02 21:18:12,216 - root - INFO - [1005/1205] Fetching weather for Felsőmocsolád...
2026-09-02 21:18:12,313 - root - INFO - Fetched weather for Felsőmocsolád: 19.7°C, Clouds, humidity: 62%
2026-09-02 21:18:13,415 - root - INFO - [1006/1205] Fetching weather for Kisbárapáti...
2026-09-02 21:18:13,514 - root - INFO - Fetched weather for Kisbárapáti: 19.5°C, Clouds, humidity: 63%
2026-09-02 21:18:14,616 - root - INFO - [1007/1205] Fetching weather for Bonnya...
2026-09-02 21:18:14,716 - root - INFO - Fetched weather for Bonnya: 19.8°C, Clouds, humidity: 63%
2026-09-02 21:18:15,817 - root - INFO - [1008/1205] Fetching weather for Andocs...
2026-09-02 21:18:15,907 - root - INFO - Fetched weather for Andocs: 19.3°C, Clouds, humidity: 64%
2026-09-02 21:18:17,008 - root - INFO - [1009/1205] Fetching weather for Karád...
2026-09-02 21:18:17,105 - root - INFO - Fetched weather for Karád: 19.7°C, Clouds, humidity: 65%
2026-09-02 21:18:18,206 - root - INFO - [1010/1205] Fetching weather for Somogymeggyes...
2026-09-02 21:18:18,298 - root - INFO - Fetched weather for Somogymeggyes: 18.7°C, Clouds, humidity: 66%
2026-09-02 21:18:19,399 - root - INFO - [1011/1205] Fetching weather for Kapoly...
2026-09-02 21:18:19,493 - root - INFO - Fetched weather for Kapoly: 19.0°C, Clouds, humidity: 68%
2026-09-02 21:18:20,594 - root - INFO - [1012/1205] Fetching weather for Tab...
2026-09-02 21:18:20,689 - root - INFO - Fetched weather for Tab: 19.1°C, Clouds, humidity: 68%
2026-09-02 21:18:21,790 - root - INFO - [1013/1205] Fetching weather for Bábonymegyer...
2026-09-02 21:18:21,884 - root - INFO - Fetched weather for Bábonymegyer: 19.3°C, Clouds, humidity: 80%
2026-09-02 21:18:22,986 - root - INFO - [1014/1205] Fetching weather for Daránypuszta...
2026-09-02 21:18:23,090 - root - INFO - Fetched weather for Daránypuszta: 19.3°C, Clouds, humidity: 80%
2026-09-02 21:18:24,192 - root - INFO - [1015/1205] Fetching weather for Som-Nagyberény...
2026-09-02 21:18:24,285 - root - INFO - Fetched weather for Som-Nagyberény: 19.3°C, Clouds, humidity: 80%
2026-09-02 21:18:25,386 - root - INFO - [1016/1205] Fetching weather for Ádánd...
2026-09-02 21:18:25,482 - root - INFO - Fetched weather for Ádánd: 19.4°C, Clouds, humidity: 80%
2026-09-02 21:18:26,583 - root - INFO - [1017/1205] Fetching weather for Siójut...
2026-09-02 21:18:26,676 - root - INFO - Fetched weather for Siójut: 19.4°C, Clouds, humidity: 80%
2026-09-02 21:18:27,777 - root - INFO - [1018/1205] Fetching weather for Kapostüskevár...
2026-09-02 21:18:27,870 - root - INFO - Fetched weather for Kapostüskevár: 19.8°C, Clouds, humidity: 61%
2026-09-02 21:18:28,972 - root - INFO - [1019/1205] Fetching weather for Kaposfüred...
2026-09-02 21:18:29,064 - root - INFO - Fetched weather for Kaposfüred: 19.6°C, Clouds, humidity: 62%
2026-09-02 21:18:30,166 - root - INFO - [1020/1205] Fetching weather for Várda...
2026-09-02 21:18:30,265 - root - INFO - Fetched weather for Várda: 19.5°C, Clouds, humidity: 64%
2026-09-02 21:18:31,366 - root - INFO - [1021/1205] Fetching weather for Somogyjád...
2026-09-02 21:18:31,460 - root - INFO - Fetched weather for Somogyjád: 19.6°C, Clouds, humidity: 65%
2026-09-02 21:18:32,562 - root - INFO - [1022/1205] Fetching weather for Osztopán...
2026-09-02 21:18:32,657 - root - INFO - Fetched weather for Osztopán: 19.6°C, Clouds, humidity: 66%
2026-09-02 21:18:33,758 - root - INFO - [1023/1205] Fetching weather for Pamuk...
2026-09-02 21:18:33,859 - root - INFO - Fetched weather for Pamuk: 19.7°C, Clouds, humidity: 66%
2026-09-02 21:18:34,961 - root - INFO - [1024/1205] Fetching weather for Somogyvár...
2026-09-02 21:18:35,052 - root - INFO - Fetched weather for Somogyvár: 19.8°C, Clouds, humidity: 66%
2026-09-02 21:18:36,153 - root - INFO - [1025/1205] Fetching weather for Öreglak...
2026-09-02 21:18:36,246 - root - INFO - Fetched weather for Öreglak: 19.8°C, Clouds, humidity: 67%
2026-09-02 21:18:37,348 - root - INFO - [1026/1205] Fetching weather for Tatárvár...
2026-09-02 21:18:37,441 - root - INFO - Fetched weather for Tatárvár: 19.7°C, Clouds, humidity: 67%
2026-09-02 21:18:38,542 - root - INFO - [1027/1205] Fetching weather for Lengyeltóti...
2026-09-02 21:18:38,632 - root - INFO - Fetched weather for Lengyeltóti: 19.8°C, Clouds, humidity: 67%
2026-09-02 21:18:39,733 - root - INFO - [1028/1205] Fetching weather for Pusztaberény...
2026-09-02 21:18:39,825 - root - INFO - Fetched weather for Pusztaberény: 20.0°C, Clouds, humidity: 68%
2026-09-02 21:18:40,926 - root - INFO - [1029/1205] Fetching weather for Örkény...
2026-09-02 21:18:41,028 - root - INFO - Fetched weather for Örkény: 19.5°C, Clouds, humidity: 58%
2026-09-02 21:18:42,129 - root - INFO - [1030/1205] Fetching weather for Táborfalva...
2026-09-02 21:18:42,223 - root - INFO - Fetched weather for Táborfalva: 19.9°C, Clouds, humidity: 58%
2026-09-02 21:18:43,325 - root - INFO - [1031/1205] Fetching weather for Felsőlajos...
2026-09-02 21:18:43,425 - root - INFO - Fetched weather for Felsőlajos: 19.9°C, Clouds, humidity: 58%
2026-09-02 21:18:44,527 - root - INFO - [1032/1205] Fetching weather for Lajosmizse...
2026-09-02 21:18:44,624 - root - INFO - Fetched weather for Lajosmizse: 19.8°C, Clouds, humidity: 56%
2026-09-02 21:18:45,725 - root - INFO - [1033/1205] Fetching weather for Lajosmizse alsó...
2026-09-02 21:18:45,820 - root - INFO - Fetched weather for Lajosmizse alsó: 19.9°C, Clouds, humidity: 56%
2026-09-02 21:18:46,921 - root - INFO - [1034/1205] Fetching weather for Klábertelep...
2026-09-02 21:18:47,016 - root - INFO - Fetched weather for Klábertelep: 19.9°C, Clouds, humidity: 56%
2026-09-02 21:18:48,117 - root - INFO - [1035/1205] Fetching weather for Méntelek...
2026-09-02 21:18:48,211 - root - INFO - Fetched weather for Méntelek: 19.9°C, Clouds, humidity: 56%
2026-09-02 21:18:49,313 - root - INFO - [1036/1205] Fetching weather for Hetényegyháza...
2026-09-02 21:18:49,406 - root - INFO - Fetched weather for Hetényegyháza: 19.9°C, Clouds, humidity: 56%
2026-09-02 21:18:50,507 - root - INFO - [1037/1205] Fetching weather for Kecskemét-Máriaváros...
2026-09-02 21:18:50,598 - root - INFO - Fetched weather for Kecskemét-Máriaváros: 20.0°C, Clouds, humidity: 56%
2026-09-02 21:18:51,700 - root - INFO - [1038/1205] Fetching weather for Nyársapát...
2026-09-02 21:18:51,792 - root - INFO - Fetched weather for Nyársapát: 20.0°C, Clouds, humidity: 57%
2026-09-02 21:18:52,893 - root - INFO - [1039/1205] Fetching weather for Nagykőrös...
2026-09-02 21:18:52,991 - root - INFO - Fetched weather for Nagykőrös: 20.0°C, Clouds, humidity: 56%
2026-09-02 21:18:54,092 - root - INFO - [1040/1205] Fetching weather for Katonatelep...
2026-09-02 21:18:54,185 - root - INFO - Fetched weather for Katonatelep: 19.9°C, Clouds, humidity: 56%
2026-09-02 21:18:55,287 - root - INFO - [1041/1205] Fetching weather for Kecskemét...
2026-09-02 21:18:55,381 - root - INFO - Fetched weather for Kecskemét: 20.0°C, Clouds, humidity: 56%
2026-09-02 21:18:56,483 - root - INFO - [1042/1205] Fetching weather for Városföld...
2026-09-02 21:18:56,577 - root - INFO - Fetched weather for Városföld: 20.0°C, Clouds, humidity: 56%
2026-09-02 21:18:57,678 - root - INFO - [1043/1205] Fetching weather for Kiskunfélegyháza...
2026-09-02 21:18:57,768 - root - INFO - Fetched weather for Kiskunfélegyháza: 18.9°C, Clouds, humidity: 54%
2026-09-02 21:18:58,870 - root - INFO - [1044/1205] Fetching weather for Petőfiszállás...
2026-09-02 21:18:58,963 - root - INFO - Fetched weather for Petőfiszállás: 18.9°C, Clouds, humidity: 54%
2026-09-02 21:19:00,064 - root - INFO - [1045/1205] Fetching weather for Csengele...
2026-09-02 21:19:00,160 - root - INFO - Fetched weather for Csengele: 18.9°C, Clouds, humidity: 54%
2026-09-02 21:19:01,262 - root - INFO - [1046/1205] Fetching weather for Kistelek...
2026-09-02 21:19:01,359 - root - INFO - Fetched weather for Kistelek: 18.9°C, Clouds, humidity: 53%
2026-09-02 21:19:02,460 - root - INFO - [1047/1205] Fetching weather for Balástya...
2026-09-02 21:19:02,561 - root - INFO - Fetched weather for Balástya: 20.4°C, Clouds, humidity: 53%
2026-09-02 21:19:03,662 - root - INFO - [1048/1205] Fetching weather for Szatymaz...
2026-09-02 21:19:03,761 - root - INFO - Fetched weather for Szatymaz: 20.4°C, Clouds, humidity: 54%
2026-09-02 21:19:04,862 - root - INFO - [1049/1205] Fetching weather for Kiskundorozsma...
2026-09-02 21:19:04,967 - root - INFO - Fetched weather for Kiskundorozsma: 20.5°C, Clouds, humidity: 54%
2026-09-02 21:19:06,069 - root - INFO - [1050/1205] Fetching weather for Szeged...
2026-09-02 21:19:06,162 - root - INFO - Fetched weather for Szeged: 20.4°C, Clouds, humidity: 54%
2026-09-02 21:19:07,263 - root - INFO - [1051/1205] Fetching weather for Alsóúrrét...
2026-09-02 21:19:07,362 - root - INFO - Fetched weather for Alsóúrrét: 20.0°C, Clouds, humidity: 56%
2026-09-02 21:19:08,463 - root - INFO - [1052/1205] Fetching weather for Nyárlőrinc...
2026-09-02 21:19:08,556 - root - INFO - Fetched weather for Nyárlőrinc: 20.1°C, Clouds, humidity: 56%
2026-09-02 21:19:09,658 - root - INFO - [1053/1205] Fetching weather for Világoshegy...
2026-09-02 21:19:09,758 - root - INFO - Fetched weather for Világoshegy: 20.1°C, Clouds, humidity: 56%
2026-09-02 21:19:10,860 - root - INFO - [1054/1205] Fetching weather for Szikra...
2026-09-02 21:19:10,954 - root - INFO - Fetched weather for Szikra: 19.5°C, Clouds, humidity: 55%
2026-09-02 21:19:12,055 - root - INFO - [1055/1205] Fetching weather for Lakitelek...
2026-09-02 21:19:12,147 - root - INFO - Fetched weather for Lakitelek: 19.6°C, Clouds, humidity: 56%
2026-09-02 21:19:13,249 - root - INFO - [1056/1205] Fetching weather for Tiszaug...
2026-09-02 21:19:13,354 - root - INFO - Fetched weather for Tiszaug: 19.1°C, Clouds, humidity: 52%
2026-09-02 21:19:14,456 - root - INFO - [1057/1205] Fetching weather for Tiszasas...
2026-09-02 21:19:14,549 - root - INFO - Fetched weather for Tiszasas: 19.0°C, Clouds, humidity: 52%
2026-09-02 21:19:15,651 - root - INFO - [1058/1205] Fetching weather for Csépa...
2026-09-02 21:19:15,738 - root - INFO - Fetched weather for Csépa: 22.8°C, Clouds, humidity: 45%
2026-09-02 21:19:16,839 - root - INFO - [1059/1205] Fetching weather for Szelevény...
2026-09-02 21:19:16,932 - root - INFO - Fetched weather for Szelevény: 22.8°C, Clouds, humidity: 45%
2026-09-02 21:19:18,034 - root - INFO - [1060/1205] Fetching weather for Gátér...
2026-09-02 21:19:18,147 - root - INFO - Fetched weather for Gátér: 19.0°C, Clouds, humidity: 54%
2026-09-02 21:19:19,248 - root - INFO - [1061/1205] Fetching weather for Kónyaszék...
2026-09-02 21:19:19,351 - root - INFO - Fetched weather for Kónyaszék: 22.8°C, Clouds, humidity: 45%
2026-09-02 21:19:20,453 - root - INFO - [1062/1205] Fetching weather for Csongrád...
2026-09-02 21:19:20,551 - root - INFO - Fetched weather for Csongrád: 22.8°C, Clouds, humidity: 45%
2026-09-02 21:19:21,653 - root - INFO - [1063/1205] Fetching weather for Hékéd...
2026-09-02 21:19:21,750 - root - INFO - Fetched weather for Hékéd: 22.8°C, Clouds, humidity: 45%
2026-09-02 21:19:22,851 - root - INFO - [1064/1205] Fetching weather for Fábiánsebestyén...
2026-09-02 21:19:22,944 - root - INFO - Fetched weather for Fábiánsebestyén: 22.8°C, Clouds, humidity: 45%
2026-09-02 21:19:24,045 - root - INFO - [1065/1205] Fetching weather for Gádoros...
2026-09-02 21:19:24,138 - root - INFO - Fetched weather for Gádoros: 20.7°C, Clouds, humidity: 46%
2026-09-02 21:19:25,239 - root - INFO - [1066/1205] Fetching weather for Justhmajor...
2026-09-02 21:19:25,332 - root - INFO - Fetched weather for Justhmajor: 20.6°C, Clouds, humidity: 46%
2026-09-02 21:19:26,433 - root - INFO - [1067/1205] Fetching weather for Szentetornya...
2026-09-02 21:19:26,526 - root - INFO - Fetched weather for Szentetornya: 20.6°C, Clouds, humidity: 46%
2026-09-02 21:19:27,628 - root - INFO - [1068/1205] Fetching weather for Gyopárosfürdő...
2026-09-02 21:19:27,727 - root - INFO - Fetched weather for Gyopárosfürdő: 20.6°C, Clouds, humidity: 46%
2026-09-02 21:19:28,829 - root - INFO - [1069/1205] Fetching weather for Szabadságliget...
2026-09-02 21:19:28,928 - root - INFO - Fetched weather for Szabadságliget: 20.8°C, Clouds, humidity: 51%
2026-09-02 21:19:30,029 - root - INFO - [1070/1205] Fetching weather for Röszke...
2026-09-02 21:19:30,118 - root - INFO - Fetched weather for Röszke: 19.6°C, Clouds, humidity: 56%
2026-09-02 21:19:31,220 - root - INFO - [1071/1205] Fetching weather for Tószeg...
2026-09-02 21:19:31,316 - root - INFO - Fetched weather for Tószeg: 18.9°C, Clouds, humidity: 61%
2026-09-02 21:19:32,417 - root - INFO - [1072/1205] Fetching weather for Tiszavárkony...
2026-09-02 21:19:32,512 - root - INFO - Fetched weather for Tiszavárkony: 18.9°C, Clouds, humidity: 61%
2026-09-02 21:19:33,614 - root - INFO - [1073/1205] Fetching weather for Tiszajenő-Vezseny...
2026-09-02 21:19:33,706 - root - INFO - Fetched weather for Tiszajenő-Vezseny: 18.9°C, Clouds, humidity: 61%
2026-09-02 21:19:34,807 - root - INFO - [1074/1205] Fetching weather for Újbög...
2026-09-02 21:19:34,900 - root - INFO - Fetched weather for Újbög: 19.3°C, Clouds, humidity: 61%
2026-09-02 21:19:36,002 - root - INFO - [1075/1205] Fetching weather for Tiszakécske...
2026-09-02 21:19:36,094 - root - INFO - Fetched weather for Tiszakécske: 19.0°C, Clouds, humidity: 61%
2026-09-02 21:19:37,196 - root - INFO - [1076/1205] Fetching weather for Kerekdomb...
2026-09-02 21:19:37,286 - root - INFO - Fetched weather for Kerekdomb: 19.4°C, Clouds, humidity: 53%
2026-09-02 21:19:38,388 - root - INFO - [1077/1205] Fetching weather for Tiszaalpár...
2026-09-02 21:19:38,478 - root - INFO - Fetched weather for Tiszaalpár: 18.9°C, Clouds, humidity: 54%
2026-09-02 21:19:39,580 - root - INFO - [1078/1205] Fetching weather for Tiszaalpár alsó...
2026-09-02 21:19:39,675 - root - INFO - Fetched weather for Tiszaalpár alsó: 18.9°C, Clouds, humidity: 54%
2026-09-02 21:19:40,777 - root - INFO - [1079/1205] Fetching weather for Tiszatenyő...
2026-09-02 21:19:40,872 - root - INFO - Fetched weather for Tiszatenyő: 21.0°C, Clouds, humidity: 49%
2026-09-02 21:19:41,973 - root - INFO - [1080/1205] Fetching weather for Pusztapó...
2026-09-02 21:19:42,065 - root - INFO - Fetched weather for Pusztapó: 21.0°C, Clouds, humidity: 49%
2026-09-02 21:19:43,167 - root - INFO - [1081/1205] Fetching weather for Kétpó...
2026-09-02 21:19:43,266 - root - INFO - Fetched weather for Kétpó: 21.0°C, Clouds, humidity: 49%
2026-09-02 21:19:44,368 - root - INFO - [1082/1205] Fetching weather for Mezőtúr...
2026-09-02 21:19:44,462 - root - INFO - Fetched weather for Mezőtúr: 20.2°C, Clouds, humidity: 50%
2026-09-02 21:19:45,564 - root - INFO - [1083/1205] Fetching weather for Nagylapos...
2026-09-02 21:19:45,654 - root - INFO - Fetched weather for Nagylapos: 20.2°C, Clouds, humidity: 49%
2026-09-02 21:19:46,755 - root - INFO - [1084/1205] Fetching weather for Gyoma...
2026-09-02 21:19:46,854 - root - INFO - Fetched weather for Gyoma: 20.3°C, Clouds, humidity: 48%
2026-09-02 21:19:47,956 - root - INFO - [1085/1205] Fetching weather for Csárdaszállás...
2026-09-02 21:19:48,052 - root - INFO - Fetched weather for Csárdaszállás: 20.3°C, Clouds, humidity: 47%
2026-09-02 21:19:49,154 - root - INFO - [1086/1205] Fetching weather for Mezőberény...
2026-09-02 21:19:49,243 - root - INFO - Fetched weather for Mezőberény: 20.3°C, Clouds, humidity: 47%
2026-09-02 21:19:50,344 - root - INFO - [1087/1205] Fetching weather for Murony...
2026-09-02 21:19:50,435 - root - INFO - Fetched weather for Murony: 20.4°C, Clouds, humidity: 46%
2026-09-02 21:19:51,536 - root - INFO - [1088/1205] Fetching weather for Békéscsaba...
2026-09-02 21:19:51,628 - root - INFO - Fetched weather for Békéscsaba: 20.4°C, Clouds, humidity: 46%
2026-09-02 21:19:52,730 - root - INFO - [1089/1205] Fetching weather for Kétegyháza...
2026-09-02 21:19:52,819 - root - INFO - Fetched weather for Kétegyháza: 20.4°C, Clouds, humidity: 46%
2026-09-02 21:19:53,920 - root - INFO - [1090/1205] Fetching weather for Lőkösháza...
2026-09-02 21:19:54,013 - root - INFO - Fetched weather for Lőkösháza: 20.1°C, Clouds, humidity: 46%
2026-09-02 21:19:55,114 - root - INFO - [1091/1205] Fetching weather for Kengyel...
2026-09-02 21:19:55,207 - root - INFO - Fetched weather for Kengyel: 21.0°C, Clouds, humidity: 49%
2026-09-02 21:19:56,308 - root - INFO - [1092/1205] Fetching weather for Bagimajor...
2026-09-02 21:19:56,395 - root - INFO - Fetched weather for Bagimajor: 21.0°C, Clouds, humidity: 49%
2026-09-02 21:19:57,497 - root - INFO - [1093/1205] Fetching weather for Martfű...
2026-09-02 21:19:57,590 - root - INFO - Fetched weather for Martfű: 21.0°C, Clouds, humidity: 49%
2026-09-02 21:19:58,692 - root - INFO - [1094/1205] Fetching weather for Tiszaföldvár...
2026-09-02 21:19:58,785 - root - INFO - Fetched weather for Tiszaföldvár: 21.0°C, Clouds, humidity: 49%
2026-09-02 21:19:59,887 - root - INFO - [1095/1205] Fetching weather for Homok...
2026-09-02 21:19:59,980 - root - INFO - Fetched weather for Homok: 19.9°C, Clouds, humidity: 55%
2026-09-02 21:20:01,082 - root - INFO - [1096/1205] Fetching weather for Kungyalu...
2026-09-02 21:20:01,176 - root - INFO - Fetched weather for Kungyalu: 18.9°C, Clouds, humidity: 51%
2026-09-02 21:20:02,278 - root - INFO - [1097/1205] Fetching weather for Kunszentmárton...
2026-09-02 21:20:02,377 - root - INFO - Fetched weather for Kunszentmárton: 22.8°C, Clouds, humidity: 45%
2026-09-02 21:20:03,479 - root - INFO - [1098/1205] Fetching weather for Nagytőke...
2026-09-02 21:20:03,572 - root - INFO - Fetched weather for Nagytőke: 22.8°C, Clouds, humidity: 45%
2026-09-02 21:20:04,673 - root - INFO - [1099/1205] Fetching weather for Szentes...
2026-09-02 21:20:04,763 - root - INFO - Fetched weather for Szentes: 22.8°C, Clouds, humidity: 45%
2026-09-02 21:20:05,865 - root - INFO - [1100/1205] Fetching weather for Szegvár...
2026-09-02 21:20:05,965 - root - INFO - Fetched weather for Szegvár: 22.8°C, Clouds, humidity: 45%
2026-09-02 21:20:07,066 - root - INFO - [1101/1205] Fetching weather for Mindszent...
2026-09-02 21:20:07,162 - root - INFO - Fetched weather for Mindszent: 22.8°C, Clouds, humidity: 49%
2026-09-02 21:20:08,264 - root - INFO - [1102/1205] Fetching weather for Mártély...
2026-09-02 21:20:08,359 - root - INFO - Fetched weather for Mártély: 22.8°C, Clouds, humidity: 50%
2026-09-02 21:20:09,461 - root - INFO - [1103/1205] Fetching weather for Pusztabánréve...
2026-09-02 21:20:09,552 - root - INFO - Fetched weather for Pusztabánréve: 20.3°C, Clouds, humidity: 49%
2026-09-02 21:20:10,654 - root - INFO - [1104/1205] Fetching weather for Szarvas...
2026-09-02 21:20:10,749 - root - INFO - Fetched weather for Szarvas: 20.4°C, Clouds, humidity: 48%
2026-09-02 21:20:11,850 - root - INFO - [1105/1205] Fetching weather for Csabacsűd...
2026-09-02 21:20:11,945 - root - INFO - Fetched weather for Csabacsűd: 20.5°C, Clouds, humidity: 47%
2026-09-02 21:20:13,047 - root - INFO - [1106/1205] Fetching weather for Kisszénás...
2026-09-02 21:20:13,145 - root - INFO - Fetched weather for Kisszénás: 20.5°C, Clouds, humidity: 47%
2026-09-02 21:20:14,246 - root - INFO - [1107/1205] Fetching weather for Kiscsákó...
2026-09-02 21:20:14,342 - root - INFO - Fetched weather for Kiscsákó: 20.5°C, Clouds, humidity: 47%
2026-09-02 21:20:15,443 - root - INFO - [1108/1205] Fetching weather for Nagyszénás...
2026-09-02 21:20:15,537 - root - INFO - Fetched weather for Nagyszénás: 20.5°C, Clouds, humidity: 46%
2026-09-02 21:20:16,638 - root - INFO - [1109/1205] Fetching weather for Kardoskút...
2026-09-02 21:20:16,729 - root - INFO - Fetched weather for Kardoskút: 20.5°C, Clouds, humidity: 47%
2026-09-02 21:20:17,830 - root - INFO - [1110/1205] Fetching weather for Tótkomlós...
2026-09-02 21:20:17,931 - root - INFO - Fetched weather for Tótkomlós: 20.4°C, Clouds, humidity: 47%
2026-09-02 21:20:19,032 - root - INFO - [1111/1205] Fetching weather for Nagyér...
2026-09-02 21:20:19,123 - root - INFO - Fetched weather for Nagyér: 20.4°C, Clouds, humidity: 47%
2026-09-02 21:20:20,224 - root - INFO - [1112/1205] Fetching weather for Pitvaros...
2026-09-02 21:20:20,322 - root - INFO - Fetched weather for Pitvaros: 20.4°C, Clouds, humidity: 47%
2026-09-02 21:20:21,424 - root - INFO - [1113/1205] Fetching weather for Dévaványa...
2026-09-02 21:20:21,517 - root - INFO - Fetched weather for Dévaványa: 20.2°C, Clouds, humidity: 48%
2026-09-02 21:20:22,618 - root - INFO - [1114/1205] Fetching weather for Körösladány...
2026-09-02 21:20:22,707 - root - INFO - Fetched weather for Körösladány: 20.2°C, Clouds, humidity: 47%
2026-09-02 21:20:23,808 - root - INFO - [1115/1205] Fetching weather for Szeghalom...
2026-09-02 21:20:23,905 - root - INFO - Fetched weather for Szeghalom: 20.2°C, Clouds, humidity: 47%
2026-09-02 21:20:25,006 - root - INFO - [1116/1205] Fetching weather for Vésztő...
2026-09-02 21:20:25,107 - root - INFO - Fetched weather for Vésztő: 20.2°C, Clouds, humidity: 47%
2026-09-02 21:20:26,209 - root - INFO - [1117/1205] Fetching weather for Szeged-Rókus...
2026-09-02 21:20:26,301 - root - INFO - Fetched weather for Szeged-Rókus: 20.4°C, Clouds, humidity: 54%
2026-09-02 21:20:27,403 - root - INFO - [1118/1205] Fetching weather for Algyő...
2026-09-02 21:20:27,507 - root - INFO - Fetched weather for Algyő: 20.5°C, Clouds, humidity: 52%
2026-09-02 21:20:28,609 - root - INFO - [1119/1205] Fetching weather for Hódmezővásárhelyi Népkert...
2026-09-02 21:20:28,700 - root - INFO - Fetched weather for Hódmezővásárhelyi Népkert: 20.6°C, Clouds, humidity: 49%
2026-09-02 21:20:29,801 - root - INFO - [1120/1205] Fetching weather for Hódmezővásárhely...
2026-09-02 21:20:29,903 - root - INFO - Fetched weather for Hódmezővásárhely: 20.6°C, Clouds, humidity: 49%
2026-09-02 21:20:31,005 - root - INFO - [1121/1205] Fetching weather for Körmend...
2026-09-02 21:20:31,101 - root - INFO - Fetched weather for Körmend: 19.4°C, Clouds, humidity: 77%
2026-09-02 21:20:32,202 - root - INFO - [1122/1205] Fetching weather for Szentgotthárd...
2026-09-02 21:20:32,305 - root - INFO - Fetched weather for Szentgotthárd: 17.2°C, Clouds, humidity: 84%
2026-09-02 21:20:33,406 - root - INFO - [1123/1205] Fetching weather for Szombathely...
2026-09-02 21:20:33,495 - root - INFO - Fetched weather for Szombathely: 19.2°C, Clouds, humidity: 76%
2026-09-02 21:20:34,596 - root - INFO - [1124/1205] Fetching weather for Sáferkút...
2026-09-02 21:20:34,687 - root - INFO - Fetched weather for Sáferkút: 15.5°C, Clouds, humidity: 56%
2026-09-02 21:20:35,788 - root - INFO - [1125/1205] Fetching weather for Magdolnavölgy...
2026-09-02 21:20:35,881 - root - INFO - Fetched weather for Magdolnavölgy: 19.2°C, Clouds, humidity: 60%
2026-09-02 21:20:36,983 - root - INFO - [1126/1205] Fetching weather for Haris...
2026-09-02 21:20:37,085 - root - INFO - Fetched weather for Haris: 17.2°C, Clouds, humidity: 84%
2026-09-02 21:20:38,186 - root - INFO - [1127/1205] Fetching weather for Egyházasrádóc...
2026-09-02 21:20:38,282 - root - INFO - Fetched weather for Egyházasrádóc: 19.1°C, Clouds, humidity: 77%
2026-09-02 21:20:39,384 - root - INFO - [1128/1205] Fetching weather for Alsórönök...
2026-09-02 21:20:39,472 - root - INFO - Fetched weather for Alsórönök: 19.3°C, Clouds, humidity: 82%
2026-09-02 21:20:40,573 - root - INFO - [1129/1205] Fetching weather for Szombathely-Szőlős...
2026-09-02 21:20:40,662 - root - INFO - Fetched weather for Szombathely-Szőlős: 19.3°C, Clouds, humidity: 76%
2026-09-02 21:20:41,764 - root - INFO - [1130/1205] Fetching weather for Rátót...
2026-09-02 21:20:41,858 - root - INFO - Fetched weather for Rátót: 19.1°C, Clouds, humidity: 80%
2026-09-02 21:20:42,960 - root - INFO - [1131/1205] Fetching weather for Ják-Balogunyom...
2026-09-02 21:20:43,057 - root - INFO - Fetched weather for Ják-Balogunyom: 19.4°C, Clouds, humidity: 76%
2026-09-02 21:20:44,159 - root - INFO - [1132/1205] Fetching weather for Vasvár...
2026-09-02 21:20:44,258 - root - INFO - Fetched weather for Vasvár: 19.5°C, Clouds, humidity: 72%
2026-09-02 21:20:45,359 - root - INFO - [1133/1205] Fetching weather for Répcelak...
2026-09-02 21:20:45,451 - root - INFO - Fetched weather for Répcelak: 19.6°C, Clouds, humidity: 70%
2026-09-02 21:20:46,553 - root - INFO - [1134/1205] Fetching weather for Rajka...
2026-09-02 21:20:46,642 - root - INFO - Fetched weather for Rajka: 20.5°C, Clouds, humidity: 71%
2026-09-02 21:20:47,743 - root - INFO - [1135/1205] Fetching weather for Püspökmolnári...
2026-09-02 21:20:47,842 - root - INFO - Fetched weather for Püspökmolnári: 19.4°C, Clouds, humidity: 73%
2026-09-02 21:20:48,944 - root - INFO - [1136/1205] Fetching weather for Kőszeg...
2026-09-02 21:20:49,038 - root - INFO - Fetched weather for Kőszeg: 18.8°C, Clouds, humidity: 74%
2026-09-02 21:20:50,140 - root - INFO - [1137/1205] Fetching weather for Kastélypark...
2026-09-02 21:20:50,234 - root - INFO - Fetched weather for Kastélypark: 21.8°C, Clouds, humidity: 52%
2026-09-02 21:20:51,335 - root - INFO - [1138/1205] Fetching weather for Hanságliget...
2026-09-02 21:20:51,435 - root - INFO - Fetched weather for Hanságliget: 19.7°C, Clouds, humidity: 66%
2026-09-02 21:20:52,537 - root - INFO - [1139/1205] Fetching weather for Vica...
2026-09-02 21:20:52,630 - root - INFO - Fetched weather for Vica: 19.7°C, Clouds, humidity: 69%
2026-09-02 21:20:53,732 - root - INFO - [1140/1205] Fetching weather for Vép...
2026-09-02 21:20:53,826 - root - INFO - Fetched weather for Vép: 19.3°C, Clouds, humidity: 74%
2026-09-02 21:20:54,927 - root - INFO - [1141/1205] Fetching weather for Mosonszolnok...
2026-09-02 21:20:55,034 - root - INFO - Fetched weather for Mosonszolnok: 20.6°C, Clouds, humidity: 64%
2026-09-02 21:20:56,135 - root - INFO - [1142/1205] Fetching weather for Jánossomorja...
2026-09-02 21:20:56,227 - root - INFO - Fetched weather for Jánossomorja: 19.7°C, Clouds, humidity: 65%
2026-09-02 21:20:57,328 - root - INFO - [1143/1205] Fetching weather for Bősárkány...
2026-09-02 21:20:57,417 - root - INFO - Fetched weather for Bősárkány: 19.7°C, Clouds, humidity: 67%
2026-09-02 21:20:58,519 - root - INFO - [1144/1205] Fetching weather for Szil-Sopronnémeti...
2026-09-02 21:20:58,613 - root - INFO - Fetched weather for Szil-Sopronnémeti: 18.1°C, Clouds, humidity: 69%
2026-09-02 21:20:59,714 - root - INFO - [1145/1205] Fetching weather for Magyarkeresztúr-Zsebeháza...
2026-09-02 21:20:59,808 - root - INFO - Fetched weather for Magyarkeresztúr-Zsebeháza: 18.1°C, Clouds, humidity: 69%
2026-09-02 21:21:00,910 - root - INFO - [1146/1205] Fetching weather for Páli-Vadosfa...
2026-09-02 21:21:00,998 - root - INFO - Fetched weather for Páli-Vadosfa: 19.7°C, Clouds, humidity: 69%
2026-09-02 21:21:02,099 - root - INFO - [1147/1205] Fetching weather for Beled...
2026-09-02 21:21:02,192 - root - INFO - Fetched weather for Beled: 19.7°C, Clouds, humidity: 69%
2026-09-02 21:21:03,294 - root - INFO - [1148/1205] Fetching weather for Dénesfa...
2026-09-02 21:21:03,388 - root - INFO - Fetched weather for Dénesfa: 19.7°C, Clouds, humidity: 70%
2026-09-02 21:21:04,490 - root - INFO - [1149/1205] Fetching weather for Csánig...
2026-09-02 21:21:04,586 - root - INFO - Fetched weather for Csánig: 19.7°C, Clouds, humidity: 70%
2026-09-02 21:21:05,687 - root - INFO - [1150/1205] Fetching weather for Vámoscsalád...
2026-09-02 21:21:05,777 - root - INFO - Fetched weather for Vámoscsalád: 19.6°C, Clouds, humidity: 70%
2026-09-02 21:21:06,878 - root - INFO - [1151/1205] Fetching weather for Vasegerszeg...
2026-09-02 21:21:06,972 - root - INFO - Fetched weather for Vasegerszeg: 19.6°C, Clouds, humidity: 71%
2026-09-02 21:21:08,074 - root - INFO - [1152/1205] Fetching weather for Hegyfalu...
2026-09-02 21:21:08,171 - root - INFO - Fetched weather for Hegyfalu: 19.6°C, Clouds, humidity: 71%
2026-09-02 21:21:09,272 - root - INFO - [1153/1205] Fetching weather for Pósfa...
2026-09-02 21:21:09,372 - root - INFO - Fetched weather for Pósfa: 19.6°C, Clouds, humidity: 71%
2026-09-02 21:21:10,473 - root - INFO - [1154/1205] Fetching weather for Ölbő-Alsószeleste...
2026-09-02 21:21:10,571 - root - INFO - Fetched weather for Ölbő-Alsószeleste: 19.3°C, Clouds, humidity: 72%
2026-09-02 21:21:11,672 - root - INFO - [1155/1205] Fetching weather for Gencsapáti felső...
2026-09-02 21:21:11,772 - root - INFO - Fetched weather for Gencsapáti felső: 19.1°C, Clouds, humidity: 75%
2026-09-02 21:21:12,874 - root - INFO - [1156/1205] Fetching weather for Lukácsháza alsó...
2026-09-02 21:21:12,966 - root - INFO - Fetched weather for Lukácsháza alsó: 18.9°C, Clouds, humidity: 74%
2026-09-02 21:21:14,068 - root - INFO - [1157/1205] Fetching weather for Kőszegfalva...
2026-09-02 21:21:14,158 - root - INFO - Fetched weather for Kőszegfalva: 18.9°C, Clouds, humidity: 74%
2026-09-02 21:21:15,260 - root - INFO - [1158/1205] Fetching weather for Gyöngyöshermán...
2026-09-02 21:21:15,349 - root - INFO - Fetched weather for Gyöngyöshermán: 19.3°C, Clouds, humidity: 76%
2026-09-02 21:21:16,451 - root - INFO - [1159/1205] Fetching weather for Bezenye...
2026-09-02 21:21:16,546 - root - INFO - Fetched weather for Bezenye: 20.6°C, Clouds, humidity: 70%
2026-09-02 21:21:17,647 - root - INFO - [1160/1205] Fetching weather for Kámon...
2026-09-02 21:21:17,743 - root - INFO - Fetched weather for Kámon: 19.2°C, Clouds, humidity: 75%
2026-09-02 21:21:18,844 - root - INFO - [1161/1205] Fetching weather for Sorkifalud...
2026-09-02 21:21:18,935 - root - INFO - Fetched weather for Sorkifalud: 19.4°C, Clouds, humidity: 75%
2026-09-02 21:21:20,036 - root - INFO - [1162/1205] Fetching weather for Szentléránt...
2026-09-02 21:21:20,135 - root - INFO - Fetched weather for Szentléránt: 19.4°C, Clouds, humidity: 75%
2026-09-02 21:21:21,236 - root - INFO - [1163/1205] Fetching weather for Pácsony...
2026-09-02 21:21:21,330 - root - INFO - Fetched weather for Pácsony: 19.4°C, Clouds, humidity: 70%
2026-09-02 21:21:22,432 - root - INFO - [1164/1205] Fetching weather for Győrvár...
2026-09-02 21:21:22,526 - root - INFO - Fetched weather for Győrvár: 19.4°C, Clouds, humidity: 70%
2026-09-02 21:21:23,627 - root - INFO - [1165/1205] Fetching weather for Egervár-Vasboldogasszony...
2026-09-02 21:21:23,720 - root - INFO - Fetched weather for Egervár-Vasboldogasszony: 19.7°C, Clouds, humidity: 66%
2026-09-02 21:21:24,821 - root - INFO - [1166/1205] Fetching weather for Zalaszentlőrinc...
2026-09-02 21:21:24,911 - root - INFO - Fetched weather for Zalaszentlőrinc: 19.7°C, Clouds, humidity: 65%
2026-09-02 21:21:26,013 - root - INFO - [1167/1205] Fetching weather for Gencsapáti alsó...
2026-09-02 21:21:26,104 - root - INFO - Fetched weather for Gencsapáti alsó: 19.1°C, Clouds, humidity: 76%
2026-09-02 21:21:27,206 - root - INFO - [1168/1205] Fetching weather for Gyöngyösfalu...
2026-09-02 21:21:27,302 - root - INFO - Fetched weather for Gyöngyösfalu: 19.1°C, Clouds, humidity: 75%
2026-09-02 21:21:28,404 - root - INFO - [1169/1205] Fetching weather for Lukácsháza...
2026-09-02 21:21:28,503 - root - INFO - Fetched weather for Lukácsháza: 18.9°C, Clouds, humidity: 75%
2026-09-02 21:21:29,605 - root - INFO - [1170/1205] Fetching weather for Horvátnádalja...
2026-09-02 21:21:29,706 - root - INFO - Fetched weather for Horvátnádalja: 19.4°C, Clouds, humidity: 77%
2026-09-02 21:21:30,807 - root - INFO - [1171/1205] Fetching weather for Csákánydoroszló...
2026-09-02 21:21:30,904 - root - INFO - Fetched weather for Csákánydoroszló: 19.3°C, Clouds, humidity: 79%
2026-09-02 21:21:32,005 - root - INFO - [1172/1205] Fetching weather for Váckisújfalu...
2026-09-02 21:21:32,104 - root - INFO - Fetched weather for Váckisújfalu: 20.4°C, Clouds, humidity: 49%
2026-09-02 21:21:33,206 - root - INFO - [1173/1205] Fetching weather for Csisztafürdő...
2026-09-02 21:21:33,294 - root - INFO - Fetched weather for Csisztafürdő: 19.9°C, Clouds, humidity: 68%
2026-09-02 21:21:34,395 - root - INFO - [1174/1205] Fetching weather for Mórágy...
2026-09-02 21:21:34,491 - root - INFO - Fetched weather for Mórágy: 19.5°C, Clouds, humidity: 57%
2026-09-02 21:21:35,593 - root - INFO - [1175/1205] Fetching weather for Kismacs...
2026-09-02 21:21:35,692 - root - INFO - Fetched weather for Kismacs: 18.9°C, Clouds, humidity: 55%
2026-09-02 21:21:36,793 - root - INFO - [1176/1205] Fetching weather for Pusztaszentistván...
2026-09-02 21:21:36,891 - root - INFO - Fetched weather for Pusztaszentistván: 18.8°C, Clouds, humidity: 63%
2026-09-02 21:21:37,992 - root - INFO - [1177/1205] Fetching weather for Aranyvölgy...
2026-09-02 21:21:38,084 - root - INFO - Fetched weather for Aranyvölgy: 21.6°C, Clouds, humidity: 52%
2026-09-02 21:21:39,186 - root - INFO - [1178/1205] Fetching weather for Szélhegy...
2026-09-02 21:21:39,280 - root - INFO - Fetched weather for Szélhegy: 21.3°C, Clouds, humidity: 52%
2026-09-02 21:21:40,382 - root - INFO - [1179/1205] Fetching weather for Vörösvárbánya...
2026-09-02 21:21:40,474 - root - INFO - Fetched weather for Vörösvárbánya: 21.2°C, Clouds, humidity: 52%
2026-09-02 21:21:41,576 - root - INFO - [1180/1205] Fetching weather for Máriaszőlőtelep...
2026-09-02 21:21:41,675 - root - INFO - Fetched weather for Máriaszőlőtelep: 19.1°C, Clouds, humidity: 72%
2026-09-02 21:21:42,776 - root - INFO - [1181/1205] Fetching weather for Akadémiaújtelep...
2026-09-02 21:21:42,873 - root - INFO - Fetched weather for Akadémiaújtelep: 21.6°C, Clouds, humidity: 52%
2026-09-02 21:21:43,975 - root - INFO - [1182/1205] Fetching weather for Újpalota...
2026-09-02 21:21:44,065 - root - INFO - Fetched weather for Újpalota: 21.7°C, Clouds, humidity: 52%
2026-09-02 21:21:45,167 - root - INFO - [1183/1205] Fetching weather for Szeged, Somogyi utca...
2026-09-02 21:21:45,256 - root - INFO - Fetched weather for Szeged, Somogyi utca: 20.4°C, Clouds, humidity: 53%
2026-09-02 21:21:46,357 - root - INFO - [1184/1205] Fetching weather for Hódmezővásárhely, Hősök tere...
2026-09-02 21:21:46,445 - root - INFO - Fetched weather for Hódmezővásárhely, Hősök tere: 20.6°C, Clouds, humidity: 49%
2026-09-02 21:21:47,546 - root - INFO - [1185/1205] Fetching weather for Hódmezővásárhely, Kossuth tér...
2026-09-02 21:21:47,629 - root - INFO - Fetched weather for Hódmezővásárhely, Kossuth tér: 20.6°C, Clouds, humidity: 49%
2026-09-02 21:21:48,730 - root - INFO - [1186/1205] Fetching weather for Hódmezővásárhely, Strandfürdő...
2026-09-02 21:21:48,813 - root - INFO - Fetched weather for Hódmezővásárhely, Strandfürdő: 20.6°C, Clouds, humidity: 49%
2026-09-02 21:21:49,914 - root - INFO - [1187/1205] Fetching weather for Szeged, Széchenyi tér...
2026-09-02 21:21:50,000 - root - INFO - Fetched weather for Szeged, Széchenyi tér: 20.4°C, Clouds, humidity: 53%
2026-09-02 21:21:51,102 - root - INFO - [1188/1205] Fetching weather for Szeged, Anna-kút...
2026-09-02 21:21:51,190 - root - INFO - Fetched weather for Szeged, Anna-kút: 20.4°C, Clouds, humidity: 53%
2026-09-02 21:21:52,292 - root - INFO - [1189/1205] Fetching weather for Szeged, Rókusi templom...
2026-09-02 21:21:52,381 - root - INFO - Fetched weather for Szeged, Rókusi templom: 20.4°C, Clouds, humidity: 53%
2026-09-02 21:21:53,483 - root - INFO - [1190/1205] Fetching weather for Hódmezővásárhely, Kálvin János tér...
2026-09-02 21:21:53,578 - root - INFO - Fetched weather for Hódmezővásárhely, Kálvin János tér: 20.6°C, Clouds, humidity: 49%
2026-09-02 21:21:54,679 - root - INFO - [1191/1205] Fetching weather for Hódmezővásárhely vasútállomás...
2026-09-02 21:21:54,762 - root - INFO - Fetched weather for Hódmezővásárhely vasútállomás: 20.6°C, Clouds, humidity: 49%
2026-09-02 21:21:55,863 - root - INFO - [1192/1205] Fetching weather for Szeged, Tavasz utca...
2026-09-02 21:21:55,947 - root - INFO - Fetched weather for Szeged, Tavasz utca: 20.4°C, Clouds, humidity: 53%
2026-09-02 21:21:57,048 - root - INFO - [1193/1205] Fetching weather for Szeged, Damjanich utca...
2026-09-02 21:21:57,130 - root - INFO - Fetched weather for Szeged, Damjanich utca: 20.4°C, Clouds, humidity: 53%
2026-09-02 21:21:58,231 - root - INFO - [1194/1205] Fetching weather for Szeged, Vásárhelyi Pál utca...
2026-09-02 21:21:58,331 - root - INFO - Fetched weather for Szeged, Vásárhelyi Pál utca: 20.4°C, Clouds, humidity: 53%
2026-09-02 21:21:59,432 - root - INFO - [1195/1205] Fetching weather for Szeged, Bécsi körút ...
2026-09-02 21:21:59,515 - root - INFO - Fetched weather for Szeged, Bécsi körút : 20.4°C, Clouds, humidity: 54%
2026-09-02 21:22:00,616 - root - INFO - [1196/1205] Fetching weather for Hódmezővásárhelyi Népkert vasútállomás...
2026-09-02 21:22:00,698 - root - INFO - Fetched weather for Hódmezővásárhelyi Népkert vasútállomás: 20.6°C, Clouds, humidity: 49%
2026-09-02 21:22:01,799 - root - INFO - [1197/1205] Fetching weather for Szeged vasútállomás...
2026-09-02 21:22:01,882 - root - INFO - Fetched weather for Szeged vasútállomás: 20.4°C, Clouds, humidity: 54%
2026-09-02 21:22:02,983 - root - INFO - [1198/1205] Fetching weather for Szeged, Bem utca...
2026-09-02 21:22:03,064 - root - INFO - Fetched weather for Szeged, Bem utca: 20.4°C, Clouds, humidity: 54%
2026-09-02 21:22:04,165 - root - INFO - [1199/1205] Fetching weather for Szeged, Galamb utca...
2026-09-02 21:22:04,249 - root - INFO - Fetched weather for Szeged, Galamb utca: 20.4°C, Clouds, humidity: 54%
2026-09-02 21:22:05,350 - root - INFO - [1200/1205] Fetching weather for Szeged, Aradi vértanúk tere...
2026-09-02 21:22:05,434 - root - INFO - Fetched weather for Szeged, Aradi vértanúk tere: 20.4°C, Clouds, humidity: 53%
2026-09-02 21:22:06,535 - root - INFO - [1201/1205] Fetching weather for Szeged, Pulz utca...
2026-09-02 21:22:06,617 - root - INFO - Fetched weather for Szeged, Pulz utca: 20.4°C, Clouds, humidity: 53%
2026-09-02 21:22:07,719 - root - INFO - [1202/1205] Fetching weather for Szeged, Rókus vasútállomás...
2026-09-02 21:22:07,800 - root - INFO - Fetched weather for Szeged, Rókus vasútállomás: 20.4°C, Clouds, humidity: 54%
2026-09-02 21:22:08,902 - root - INFO - [1203/1205] Fetching weather for Látókép...
2026-09-02 21:22:09,000 - root - INFO - Fetched weather for Látókép: 18.9°C, Clouds, humidity: 55%
2026-09-02 21:22:10,102 - root - INFO - [1204/1205] Fetching weather for Szentmihálytelek...
2026-09-02 21:22:10,206 - root - INFO - Fetched weather for Szentmihálytelek: 20.4°C, Clouds, humidity: 55%
2026-09-02 21:22:11,308 - root - INFO - [1205/1205] Fetching weather for Kisvarsány...
2026-09-02 21:22:11,398 - root - INFO - Fetched weather for Kisvarsány: 18.5°C, Clouds, humidity: 56%
2026-09-02 21:22:12,504 - root - INFO - Successfully collected weather for 1205 stations
2026-09-02 21:22:12,515 - root - INFO - Saved weather data to data/weather/current_20260902_2100.csv
2026-09-02 21:22:12,515 - root - INFO - File size: 155.0 KB
2026-09-02 21:22:12,515 - root - INFO - 
============================================================
2026-09-02 21:22:12,515 - root - INFO - WEATHER COLLECTION SUMMARY
2026-09-02 21:22:12,515 - root - INFO - ============================================================
2026-09-02 21:22:12,515 - root - INFO - 
Data Coverage:
2026-09-02 21:22:12,515 - root - INFO -   - Total stations: 1205
2026-09-02 21:22:12,516 - root - INFO -   - Collection time: 2026-09-02 20:58:11.237622
2026-09-02 21:22:12,516 - root - INFO -   - Collection hour: 20:00
2026-09-02 21:22:12,516 - root - INFO - 
Weather Statistics:
2026-09-02 21:22:12,516 - root - INFO -   - Temperature range: 15.5°C to 23.2°C
2026-09-02 21:22:12,516 - root - INFO -   - Average temperature: 20.0°C
2026-09-02 21:22:12,516 - root - INFO -   - Average humidity: 57%
2026-09-02 21:22:12,516 - root - INFO -   - Average wind speed: 1.6 m/s
2026-09-02 21:22:12,517 - root - INFO -   - Stations with precipitation: 0 (0.0%)
2026-09-02 21:22:12,517 - root - INFO - 
Weather Conditions Distribution:
2026-09-02 21:22:12,518 - root - INFO -   - Clouds: 1205 (100.0%)
2026-09-02 21:22:12,518 - root - INFO - ============================================================

2026-09-02 21:22:12,518 - __main__ - INFO - Current weather collection completed successfully!
