2026-05-31 18:39:16,240 - __main__ - INFO - ============================================================
2026-05-31 18:39:16,240 - __main__ - INFO - CURRENT WEATHER COLLECTION STARTED
2026-05-31 18:39:16,240 - __main__ - INFO - ============================================================
2026-05-31 18:39:16,240 - __main__ - INFO - Collection time: 2026-05-31 18:39:16
2026-05-31 18:39:16,240 - __main__ - INFO - ============================================================

2026-05-31 18:39:16,240 - root - INFO - Starting current weather collection...
2026-05-31 18:39:16,251 - root - INFO - Loaded 1205 unique station coordinates from GTFS
2026-05-31 18:39:16,251 - root - INFO - Collecting weather for 1205 unique stations...
2026-05-31 18:39:16,252 - root - INFO - [1/1205] Fetching weather for Búcsúszentlászló...
2026-05-31 18:39:16,330 - root - INFO - Fetched weather for Búcsúszentlászló: 18.8°C, Rain, humidity: 93%
2026-05-31 18:39:17,432 - root - INFO - [2/1205] Fetching weather for Angyalföld...
2026-05-31 18:39:17,493 - root - INFO - Fetched weather for Angyalföld: 20.8°C, Clear, humidity: 54%
2026-05-31 18:39:18,594 - root - INFO - [3/1205] Fetching weather for Felsőjánosfa...
2026-05-31 18:39:18,650 - root - INFO - Fetched weather for Felsőjánosfa: 17.8°C, Rain, humidity: 94%
2026-05-31 18:39:19,751 - root - INFO - [4/1205] Fetching weather for Pankasz...
2026-05-31 18:39:19,803 - root - INFO - Fetched weather for Pankasz: 17.5°C, Rain, humidity: 94%
2026-05-31 18:39:20,904 - root - INFO - [5/1205] Fetching weather for Nagyrákos...
2026-05-31 18:39:20,961 - root - INFO - Fetched weather for Nagyrákos: 17.4°C, Rain, humidity: 94%
2026-05-31 18:39:22,063 - root - INFO - [6/1205] Fetching weather for Őriszentpéter...
2026-05-31 18:39:22,120 - root - INFO - Fetched weather for Őriszentpéter: 17.6°C, Rain, humidity: 93%
2026-05-31 18:39:23,221 - root - INFO - [7/1205] Fetching weather for Törökbálint...
2026-05-31 18:39:23,274 - root - INFO - Fetched weather for Törökbálint: 21.1°C, Clouds, humidity: 56%
2026-05-31 18:39:24,376 - root - INFO - [8/1205] Fetching weather for Bicske alsó...
2026-05-31 18:39:24,433 - root - INFO - Fetched weather for Bicske alsó: 19.6°C, Clouds, humidity: 72%
2026-05-31 18:39:25,534 - root - INFO - [9/1205] Fetching weather for Bajánsenye...
2026-05-31 18:39:25,590 - root - INFO - Fetched weather for Bajánsenye: 17.7°C, Rain, humidity: 93%
2026-05-31 18:39:26,692 - root - INFO - [10/1205] Fetching weather for Aquincum...
2026-05-31 18:39:26,745 - root - INFO - Fetched weather for Aquincum: 20.9°C, Clouds, humidity: 54%
2026-05-31 18:39:27,847 - root - INFO - [11/1205] Fetching weather for Piliscsév...
2026-05-31 18:39:27,900 - root - INFO - Fetched weather for Piliscsév: 19.4°C, Clouds, humidity: 65%
2026-05-31 18:39:29,002 - root - INFO - [12/1205] Fetching weather for Tát...
2026-05-31 18:39:29,056 - root - INFO - Fetched weather for Tát: 19.8°C, Clouds, humidity: 74%
2026-05-31 18:39:30,157 - root - INFO - [13/1205] Fetching weather for Süttő felső...
2026-05-31 18:39:30,215 - root - INFO - Fetched weather for Süttő felső: 18.2°C, Clouds, humidity: 77%
2026-05-31 18:39:31,317 - root - INFO - [14/1205] Fetching weather for Budatétény...
2026-05-31 18:39:31,371 - root - INFO - Fetched weather for Budatétény: 22.2°C, Clear, humidity: 51%
2026-05-31 18:39:32,472 - root - INFO - [15/1205] Fetching weather for Seregélyes-Szőlőhegy...
2026-05-31 18:39:32,532 - root - INFO - Fetched weather for Seregélyes-Szőlőhegy: 17.8°C, Clouds, humidity: 72%
2026-05-31 18:39:33,634 - root - INFO - [16/1205] Fetching weather for Gödöllő-Állami telepek...
2026-05-31 18:39:33,692 - root - INFO - Fetched weather for Gödöllő-Állami telepek: 22.3°C, Clear, humidity: 44%
2026-05-31 18:39:34,793 - root - INFO - [17/1205] Fetching weather for Dunakeszi alsó...
2026-05-31 18:39:34,852 - root - INFO - Fetched weather for Dunakeszi alsó: 20.6°C, Clouds, humidity: 56%
2026-05-31 18:39:35,953 - root - INFO - [18/1205] Fetching weather for Vác-Alsóváros...
2026-05-31 18:39:36,007 - root - INFO - Fetched weather for Vác-Alsóváros: 20.5°C, Clouds, humidity: 59%
2026-05-31 18:39:37,109 - root - INFO - [19/1205] Fetching weather for Szob alsó...
2026-05-31 18:39:37,163 - root - INFO - Fetched weather for Szob alsó: 19.8°C, Clouds, humidity: 68%
2026-05-31 18:39:38,264 - root - INFO - [20/1205] Fetching weather for Zalaszentmihály-Pacsa...
2026-05-31 18:39:38,320 - root - INFO - Fetched weather for Zalaszentmihály-Pacsa: 18.8°C, Rain, humidity: 88%
2026-05-31 18:39:39,422 - root - INFO - [21/1205] Fetching weather for Pötréte...
2026-05-31 18:39:39,481 - root - INFO - Fetched weather for Pötréte: 18.8°C, Rain, humidity: 88%
2026-05-31 18:39:40,583 - root - INFO - [22/1205] Fetching weather for Felsőrajk...
2026-05-31 18:39:40,638 - root - INFO - Fetched weather for Felsőrajk: 18.8°C, Rain, humidity: 88%
2026-05-31 18:39:41,740 - root - INFO - [23/1205] Fetching weather for Gelse...
2026-05-31 18:39:41,794 - root - INFO - Fetched weather for Gelse: 18.8°C, Rain, humidity: 88%
2026-05-31 18:39:42,896 - root - INFO - [24/1205] Fetching weather for Őrtilos...
2026-05-31 18:39:42,953 - root - INFO - Fetched weather for Őrtilos: 17.8°C, Rain, humidity: 91%
2026-05-31 18:39:44,055 - root - INFO - [25/1205] Fetching weather for Zákány...
2026-05-31 18:39:44,123 - root - INFO - Fetched weather for Zákány: 17.6°C, Clouds, humidity: 90%
2026-05-31 18:39:45,225 - root - INFO - [26/1205] Fetching weather for Berzence...
2026-05-31 18:39:45,285 - root - INFO - Fetched weather for Berzence: 17.9°C, Clouds, humidity: 88%
2026-05-31 18:39:46,387 - root - INFO - [27/1205] Fetching weather for Somogyudvarhely...
2026-05-31 18:39:46,447 - root - INFO - Fetched weather for Somogyudvarhely: 17.8°C, Clouds, humidity: 88%
2026-05-31 18:39:47,549 - root - INFO - [28/1205] Fetching weather for Bélavár...
2026-05-31 18:39:47,610 - root - INFO - Fetched weather for Bélavár: 17.7°C, Clouds, humidity: 89%
2026-05-31 18:39:48,712 - root - INFO - [29/1205] Fetching weather for Vízvár...
2026-05-31 18:39:48,774 - root - INFO - Fetched weather for Vízvár: 17.5°C, Clouds, humidity: 89%
2026-05-31 18:39:49,876 - root - INFO - [30/1205] Fetching weather for Babócsa...
2026-05-31 18:39:49,932 - root - INFO - Fetched weather for Babócsa: 17.3°C, Clouds, humidity: 91%
2026-05-31 18:39:51,033 - root - INFO - [31/1205] Fetching weather for Péterhida-Komlósd...
2026-05-31 18:39:51,091 - root - INFO - Fetched weather for Péterhida-Komlósd: 17.3°C, Clouds, humidity: 92%
2026-05-31 18:39:52,193 - root - INFO - [32/1205] Fetching weather for Barcs...
2026-05-31 18:39:52,245 - root - INFO - Fetched weather for Barcs: 17.2°C, Clouds, humidity: 92%
2026-05-31 18:39:53,347 - root - INFO - [33/1205] Fetching weather for Barcs felső...
2026-05-31 18:39:53,406 - root - INFO - Fetched weather for Barcs felső: 17.2°C, Clouds, humidity: 92%
2026-05-31 18:39:54,508 - root - INFO - [34/1205] Fetching weather for Középrigóc...
2026-05-31 18:39:54,576 - root - INFO - Fetched weather for Középrigóc: 17.1°C, Clouds, humidity: 92%
2026-05-31 18:39:55,678 - root - INFO - [35/1205] Fetching weather for Darány...
2026-05-31 18:39:55,732 - root - INFO - Fetched weather for Darány: 17.1°C, Clouds, humidity: 92%
2026-05-31 18:39:56,834 - root - INFO - [36/1205] Fetching weather for Kisdobsza...
2026-05-31 18:39:56,895 - root - INFO - Fetched weather for Kisdobsza: 17.2°C, Clouds, humidity: 92%
2026-05-31 18:39:57,996 - root - INFO - [37/1205] Fetching weather for Nemeske...
2026-05-31 18:39:58,056 - root - INFO - Fetched weather for Nemeske: 17.2°C, Clouds, humidity: 92%
2026-05-31 18:39:59,157 - root - INFO - [38/1205] Fetching weather for Molvány...
2026-05-31 18:39:59,214 - root - INFO - Fetched weather for Molvány: 17.3°C, Clouds, humidity: 92%
2026-05-31 18:40:00,315 - root - INFO - [39/1205] Fetching weather for Szigetvár...
2026-05-31 18:40:00,375 - root - INFO - Fetched weather for Szigetvár: 17.3°C, Clouds, humidity: 92%
2026-05-31 18:40:01,476 - root - INFO - [40/1205] Fetching weather for Nagypeterd...
2026-05-31 18:40:01,540 - root - INFO - Fetched weather for Nagypeterd: 21.5°C, Rain, humidity: 92%
2026-05-31 18:40:02,642 - root - INFO - [41/1205] Fetching weather for Szentdénes...
2026-05-31 18:40:02,694 - root - INFO - Fetched weather for Szentdénes: 21.5°C, Rain, humidity: 92%
2026-05-31 18:40:03,796 - root - INFO - [42/1205] Fetching weather for Háros...
2026-05-31 18:40:03,851 - root - INFO - Fetched weather for Háros: 22.2°C, Clear, humidity: 50%
2026-05-31 18:40:04,953 - root - INFO - [43/1205] Fetching weather for Nagytétény-Diósd...
2026-05-31 18:40:05,008 - root - INFO - Fetched weather for Nagytétény-Diósd: 22.1°C, Clouds, humidity: 52%
2026-05-31 18:40:06,110 - root - INFO - [44/1205] Fetching weather for Érdliget...
2026-05-31 18:40:06,163 - root - INFO - Fetched weather for Érdliget: 22.0°C, Clouds, humidity: 52%
2026-05-31 18:40:07,264 - root - INFO - [45/1205] Fetching weather for Érd felső...
2026-05-31 18:40:07,323 - root - INFO - Fetched weather for Érd felső: 21.9°C, Clouds, humidity: 51%
2026-05-31 18:40:08,425 - root - INFO - [46/1205] Fetching weather for Érd...
2026-05-31 18:40:08,481 - root - INFO - Fetched weather for Érd: 21.8°C, Clouds, humidity: 51%
2026-05-31 18:40:09,583 - root - INFO - [47/1205] Fetching weather for Százhalombatta...
2026-05-31 18:40:09,654 - root - INFO - Fetched weather for Százhalombatta: 22.1°C, Clouds, humidity: 49%
2026-05-31 18:40:10,756 - root - INFO - [48/1205] Fetching weather for Dunai Finomító...
2026-05-31 18:40:10,813 - root - INFO - Fetched weather for Dunai Finomító: 22.4°C, Clouds, humidity: 49%
2026-05-31 18:40:11,915 - root - INFO - [49/1205] Fetching weather for Ercsi...
2026-05-31 18:40:11,977 - root - INFO - Fetched weather for Ercsi: 22.6°C, Clouds, humidity: 67%
2026-05-31 18:40:13,078 - root - INFO - [50/1205] Fetching weather for Iváncsa...
2026-05-31 18:40:13,132 - root - INFO - Fetched weather for Iváncsa: 18.4°C, Clouds, humidity: 67%
2026-05-31 18:40:14,234 - root - INFO - [51/1205] Fetching weather for Pusztaszabolcs...
2026-05-31 18:40:14,287 - root - INFO - Fetched weather for Pusztaszabolcs: 18.6°C, Clouds, humidity: 66%
2026-05-31 18:40:15,389 - root - INFO - [52/1205] Fetching weather for Szabadegyháza...
2026-05-31 18:40:15,464 - root - INFO - Fetched weather for Szabadegyháza: 18.6°C, Clouds, humidity: 66%
2026-05-31 18:40:16,566 - root - INFO - [53/1205] Fetching weather for Sárosd...
2026-05-31 18:40:16,619 - root - INFO - Fetched weather for Sárosd: 18.5°C, Clouds, humidity: 68%
2026-05-31 18:40:17,721 - root - INFO - [54/1205] Fetching weather for Nagylók...
2026-05-31 18:40:17,775 - root - INFO - Fetched weather for Nagylók: 18.7°C, Clouds, humidity: 68%
2026-05-31 18:40:18,877 - root - INFO - [55/1205] Fetching weather for Sárbogárd...
2026-05-31 18:40:18,939 - root - INFO - Fetched weather for Sárbogárd: 18.8°C, Clouds, humidity: 71%
2026-05-31 18:40:20,040 - root - INFO - [56/1205] Fetching weather for Rétszilas...
2026-05-31 18:40:20,103 - root - INFO - Fetched weather for Rétszilas: 18.8°C, Clouds, humidity: 74%
2026-05-31 18:40:21,205 - root - INFO - [57/1205] Fetching weather for Nagyatád...
2026-05-31 18:40:21,268 - root - INFO - Fetched weather for Nagyatád: 17.8°C, Clouds, humidity: 89%
2026-05-31 18:40:22,370 - root - INFO - [58/1205] Fetching weather for Budapest-Keleti...
2026-05-31 18:40:22,434 - root - INFO - Fetched weather for Budapest-Keleti: 21.3°C, Clear, humidity: 53%
2026-05-31 18:40:23,536 - root - INFO - [59/1205] Fetching weather for Ferencváros...
2026-05-31 18:40:23,592 - root - INFO - Fetched weather for Ferencváros: 21.8°C, Clear, humidity: 51%
2026-05-31 18:40:24,694 - root - INFO - [60/1205] Fetching weather for Budapest-Nyugati...
2026-05-31 18:40:24,780 - root - INFO - Fetched weather for Budapest-Nyugati: 21.2°C, Clear, humidity: 53%
2026-05-31 18:40:25,882 - root - INFO - [61/1205] Fetching weather for Kőbánya felső...
2026-05-31 18:40:25,935 - root - INFO - Fetched weather for Kőbánya felső: 21.3°C, Clear, humidity: 51%
2026-05-31 18:40:27,036 - root - INFO - [62/1205] Fetching weather for Rákos...
2026-05-31 18:40:27,090 - root - INFO - Fetched weather for Rákos: 22.6°C, Clear, humidity: 46%
2026-05-31 18:40:28,191 - root - INFO - [63/1205] Fetching weather for Rákosrendező...
2026-05-31 18:40:28,245 - root - INFO - Fetched weather for Rákosrendező: 21.0°C, Clear, humidity: 53%
2026-05-31 18:40:29,346 - root - INFO - [64/1205] Fetching weather for Zugló...
2026-05-31 18:40:29,412 - root - INFO - Fetched weather for Zugló: 21.1°C, Clear, humidity: 53%
2026-05-31 18:40:30,513 - root - INFO - [65/1205] Fetching weather for Mezőtárkány...
2026-05-31 18:40:30,569 - root - INFO - Fetched weather for Mezőtárkány: 20.5°C, Clouds, humidity: 65%
2026-05-31 18:40:31,671 - root - INFO - [66/1205] Fetching weather for Istvántelek...
2026-05-31 18:40:31,726 - root - INFO - Fetched weather for Istvántelek: 20.7°C, Clear, humidity: 55%
2026-05-31 18:40:32,828 - root - INFO - [67/1205] Fetching weather for Rákospalota-Újpest...
2026-05-31 18:40:32,881 - root - INFO - Fetched weather for Rákospalota-Újpest: 20.6°C, Clear, humidity: 55%
2026-05-31 18:40:33,983 - root - INFO - [68/1205] Fetching weather for Kőbánya alsó...
2026-05-31 18:40:34,046 - root - INFO - Fetched weather for Kőbánya alsó: 21.6°C, Clear, humidity: 51%
2026-05-31 18:40:35,148 - root - INFO - [69/1205] Fetching weather for Kőbánya-Kispest...
2026-05-31 18:40:35,210 - root - INFO - Fetched weather for Kőbánya-Kispest: 23.0°C, Clear, humidity: 44%
2026-05-31 18:40:36,312 - root - INFO - [70/1205] Fetching weather for Pestszentlőrinc...
2026-05-31 18:40:36,365 - root - INFO - Fetched weather for Pestszentlőrinc: 23.0°C, Clear, humidity: 44%
2026-05-31 18:40:37,466 - root - INFO - [71/1205] Fetching weather for Kispest...
2026-05-31 18:40:37,523 - root - INFO - Fetched weather for Kispest: 23.0°C, Clear, humidity: 44%
2026-05-31 18:40:38,625 - root - INFO - [72/1205] Fetching weather for Újpest...
2026-05-31 18:40:38,704 - root - INFO - Fetched weather for Újpest: 20.8°C, Clear, humidity: 54%
2026-05-31 18:40:39,806 - root - INFO - [73/1205] Fetching weather for Pestszentimre felső...
2026-05-31 18:40:39,865 - root - INFO - Fetched weather for Pestszentimre felső: 23.0°C, Clear, humidity: 44%
2026-05-31 18:40:40,967 - root - INFO - [74/1205] Fetching weather for Dunakeszi...
2026-05-31 18:40:41,021 - root - INFO - Fetched weather for Dunakeszi: 20.6°C, Clouds, humidity: 56%
2026-05-31 18:40:42,123 - root - INFO - [75/1205] Fetching weather for Dunakeszi-Gyártelep...
2026-05-31 18:40:42,173 - root - INFO - Fetched weather for Dunakeszi-Gyártelep: 20.6°C, Clouds, humidity: 56%
2026-05-31 18:40:43,275 - root - INFO - [76/1205] Fetching weather for Alsógöd...
2026-05-31 18:40:43,331 - root - INFO - Fetched weather for Alsógöd: 20.6°C, Clouds, humidity: 56%
2026-05-31 18:40:44,433 - root - INFO - [77/1205] Fetching weather for Göd...
2026-05-31 18:40:44,486 - root - INFO - Fetched weather for Göd: 20.6°C, Clouds, humidity: 56%
2026-05-31 18:40:45,587 - root - INFO - [78/1205] Fetching weather for Felsőgöd...
2026-05-31 18:40:45,645 - root - INFO - Fetched weather for Felsőgöd: 20.5°C, Clouds, humidity: 56%
2026-05-31 18:40:46,747 - root - INFO - [79/1205] Fetching weather for Sződ-Sződliget...
2026-05-31 18:40:46,800 - root - INFO - Fetched weather for Sződ-Sződliget: 20.5°C, Clouds, humidity: 56%
2026-05-31 18:40:47,901 - root - INFO - [80/1205] Fetching weather for Vác...
2026-05-31 18:40:47,960 - root - INFO - Fetched weather for Vác: 20.5°C, Clouds, humidity: 59%
2026-05-31 18:40:49,061 - root - INFO - [81/1205] Fetching weather for Verőce...
2026-05-31 18:40:49,115 - root - INFO - Fetched weather for Verőce: 20.4°C, Clouds, humidity: 63%
2026-05-31 18:40:50,217 - root - INFO - [82/1205] Fetching weather for Kismaros...
2026-05-31 18:40:50,271 - root - INFO - Fetched weather for Kismaros: 19.8°C, Clouds, humidity: 64%
2026-05-31 18:40:51,373 - root - INFO - [83/1205] Fetching weather for Nagymaros-Visegrád...
2026-05-31 18:40:51,427 - root - INFO - Fetched weather for Nagymaros-Visegrád: 19.8°C, Clouds, humidity: 64%
2026-05-31 18:40:52,529 - root - INFO - [84/1205] Fetching weather for Nagymaros...
2026-05-31 18:40:52,581 - root - INFO - Fetched weather for Nagymaros: 19.9°C, Clouds, humidity: 64%
2026-05-31 18:40:53,683 - root - INFO - [85/1205] Fetching weather for Zebegény...
2026-05-31 18:40:53,737 - root - INFO - Fetched weather for Zebegény: 19.8°C, Clouds, humidity: 66%
2026-05-31 18:40:54,838 - root - INFO - [86/1205] Fetching weather for Szob...
2026-05-31 18:40:54,893 - root - INFO - Fetched weather for Szob: 19.8°C, Clouds, humidity: 68%
2026-05-31 18:40:55,994 - root - INFO - [87/1205] Fetching weather for Alagimajor...
2026-05-31 18:40:56,102 - root - INFO - Fetched weather for Alagimajor: 20.7°C, Clear, humidity: 53%
2026-05-31 18:40:57,203 - root - INFO - [88/1205] Fetching weather for Fót...
2026-05-31 18:40:57,266 - root - INFO - Fetched weather for Fót: 20.8°C, Clouds, humidity: 53%
2026-05-31 18:40:58,367 - root - INFO - [89/1205] Fetching weather for Fótújfalu...
2026-05-31 18:40:58,417 - root - INFO - Fetched weather for Fótújfalu: 20.8°C, Clouds, humidity: 53%
2026-05-31 18:40:59,519 - root - INFO - [90/1205] Fetching weather for Csomád...
2026-05-31 18:40:59,582 - root - INFO - Fetched weather for Csomád: 20.8°C, Clouds, humidity: 52%
2026-05-31 18:41:00,683 - root - INFO - [91/1205] Fetching weather for Veresegyház...
2026-05-31 18:41:00,773 - root - INFO - Fetched weather for Veresegyház: 21.4°C, Clouds, humidity: 51%
2026-05-31 18:41:01,875 - root - INFO - [92/1205] Fetching weather for Erdőkertes...
2026-05-31 18:41:01,927 - root - INFO - Fetched weather for Erdőkertes: 21.3°C, Clouds, humidity: 54%
2026-05-31 18:41:03,029 - root - INFO - [93/1205] Fetching weather for Őrbottyán...
2026-05-31 18:41:03,085 - root - INFO - Fetched weather for Őrbottyán: 20.6°C, Clouds, humidity: 55%
2026-05-31 18:41:04,187 - root - INFO - [94/1205] Fetching weather for Váchartyán...
2026-05-31 18:41:04,241 - root - INFO - Fetched weather for Váchartyán: 20.4°C, Clouds, humidity: 56%
2026-05-31 18:41:05,343 - root - INFO - [95/1205] Fetching weather for Magyarkút-Verőce...
2026-05-31 18:41:05,396 - root - INFO - Fetched weather for Magyarkút-Verőce: 20.5°C, Clouds, humidity: 63%
2026-05-31 18:41:06,498 - root - INFO - [96/1205] Fetching weather for Szokolya...
2026-05-31 18:41:06,552 - root - INFO - Fetched weather for Szokolya: 17.6°C, Clouds, humidity: 64%
2026-05-31 18:41:07,653 - root - INFO - [97/1205] Fetching weather for Berkenye...
2026-05-31 18:41:07,723 - root - INFO - Fetched weather for Berkenye: 18.4°C, Clouds, humidity: 63%
2026-05-31 18:41:08,825 - root - INFO - [98/1205] Fetching weather for Nógrád...
2026-05-31 18:41:08,892 - root - INFO - Fetched weather for Nógrád: 18.0°C, Clouds, humidity: 64%
2026-05-31 18:41:09,994 - root - INFO - [99/1205] Fetching weather for Diósjenő...
2026-05-31 18:41:10,062 - root - INFO - Fetched weather for Diósjenő: 17.6°C, Clouds, humidity: 65%
2026-05-31 18:41:11,164 - root - INFO - [100/1205] Fetching weather for Borsosberény...
2026-05-31 18:41:11,220 - root - INFO - Fetched weather for Borsosberény: 18.5°C, Clouds, humidity: 64%
2026-05-31 18:41:12,322 - root - INFO - [101/1205] Fetching weather for Nagyoroszi...
2026-05-31 18:41:12,376 - root - INFO - Fetched weather for Nagyoroszi: 18.3°C, Clouds, humidity: 64%
2026-05-31 18:41:13,477 - root - INFO - [102/1205] Fetching weather for Drégelyvár...
2026-05-31 18:41:13,532 - root - INFO - Fetched weather for Drégelyvár: 18.5°C, Clouds, humidity: 66%
2026-05-31 18:41:14,634 - root - INFO - [103/1205] Fetching weather for Drégely...
2026-05-31 18:41:14,703 - root - INFO - Fetched weather for Drégely: 18.9°C, Clouds, humidity: 67%
2026-05-31 18:41:15,805 - root - INFO - [104/1205] Fetching weather for Drégelypalánk...
2026-05-31 18:41:15,864 - root - INFO - Fetched weather for Drégelypalánk: 19.0°C, Clouds, humidity: 69%
2026-05-31 18:41:16,966 - root - INFO - [105/1205] Fetching weather for Ipolyvece...
2026-05-31 18:41:17,029 - root - INFO - Fetched weather for Ipolyvece: 19.1°C, Clouds, humidity: 66%
2026-05-31 18:41:18,130 - root - INFO - [106/1205] Fetching weather for Dejtár...
2026-05-31 18:41:18,186 - root - INFO - Fetched weather for Dejtár: 19.1°C, Clouds, humidity: 64%
2026-05-31 18:41:19,288 - root - INFO - [107/1205] Fetching weather for Ipolyszög...
2026-05-31 18:41:19,340 - root - INFO - Fetched weather for Ipolyszög: 19.1°C, Clouds, humidity: 65%
2026-05-31 18:41:20,442 - root - INFO - [108/1205] Fetching weather for Iklad-Domony...
2026-05-31 18:41:20,508 - root - INFO - Fetched weather for Iklad-Domony: 22.8°C, Clouds, humidity: 54%
2026-05-31 18:41:21,610 - root - INFO - [109/1205] Fetching weather for Iklad-Domony felső...
2026-05-31 18:41:21,661 - root - INFO - Fetched weather for Iklad-Domony felső: 22.7°C, Clouds, humidity: 54%
2026-05-31 18:41:22,763 - root - INFO - [110/1205] Fetching weather for Galgamácsa...
2026-05-31 18:41:22,816 - root - INFO - Fetched weather for Galgamácsa: 22.7°C, Clouds, humidity: 55%
2026-05-31 18:41:23,917 - root - INFO - [111/1205] Fetching weather for Vácrátót...
2026-05-31 18:41:23,973 - root - INFO - Fetched weather for Vácrátót: 20.3°C, Clouds, humidity: 57%
2026-05-31 18:41:25,074 - root - INFO - [112/1205] Fetching weather for Csörög...
2026-05-31 18:41:25,128 - root - INFO - Fetched weather for Csörög: 20.3°C, Clouds, humidity: 57%
2026-05-31 18:41:26,230 - root - INFO - [113/1205] Fetching weather for Galgagyörk...
2026-05-31 18:41:26,288 - root - INFO - Fetched weather for Galgagyörk: 22.6°C, Clouds, humidity: 56%
2026-05-31 18:41:27,389 - root - INFO - [114/1205] Fetching weather for Püspökhatvan...
2026-05-31 18:41:27,449 - root - INFO - Fetched weather for Püspökhatvan: 19.0°C, Clouds, humidity: 58%
2026-05-31 18:41:28,550 - root - INFO - [115/1205] Fetching weather for Acsa-Erdőkürt...
2026-05-31 18:41:28,613 - root - INFO - Fetched weather for Acsa-Erdőkürt: 18.7°C, Clouds, humidity: 59%
2026-05-31 18:41:29,714 - root - INFO - [116/1205] Fetching weather for Galgaguta...
2026-05-31 18:41:29,775 - root - INFO - Fetched weather for Galgaguta: 18.4°C, Clouds, humidity: 60%
2026-05-31 18:41:30,876 - root - INFO - [117/1205] Fetching weather for Nógrádkövesd...
2026-05-31 18:41:30,933 - root - INFO - Fetched weather for Nógrádkövesd: 18.6°C, Clouds, humidity: 61%
2026-05-31 18:41:32,034 - root - INFO - [118/1205] Fetching weather for Magyarnándor...
2026-05-31 18:41:32,092 - root - INFO - Fetched weather for Magyarnándor: 18.5°C, Clouds, humidity: 63%
2026-05-31 18:41:33,193 - root - INFO - [119/1205] Fetching weather for Mohora...
2026-05-31 18:41:33,263 - root - INFO - Fetched weather for Mohora: 18.6°C, Clouds, humidity: 63%
2026-05-31 18:41:34,364 - root - INFO - [120/1205] Fetching weather for Szügy...
2026-05-31 18:41:34,421 - root - INFO - Fetched weather for Szügy: 18.9°C, Clouds, humidity: 65%
2026-05-31 18:41:35,522 - root - INFO - [121/1205] Fetching weather for Balassagyarmat...
2026-05-31 18:41:35,579 - root - INFO - Fetched weather for Balassagyarmat: 19.0°C, Clouds, humidity: 65%
2026-05-31 18:41:36,680 - root - INFO - [122/1205] Fetching weather for Őrhalom...
2026-05-31 18:41:36,738 - root - INFO - Fetched weather for Őrhalom: 18.6°C, Clouds, humidity: 67%
2026-05-31 18:41:37,839 - root - INFO - [123/1205] Fetching weather for Hugyag...
2026-05-31 18:41:37,904 - root - INFO - Fetched weather for Hugyag: 18.6°C, Clouds, humidity: 67%
2026-05-31 18:41:39,006 - root - INFO - [124/1205] Fetching weather for Szécsény...
2026-05-31 18:41:39,068 - root - INFO - Fetched weather for Szécsény: 18.7°C, Clouds, humidity: 69%
2026-05-31 18:41:40,169 - root - INFO - [125/1205] Fetching weather for Ludányhalászi...
2026-05-31 18:41:40,230 - root - INFO - Fetched weather for Ludányhalászi: 18.7°C, Clouds, humidity: 70%
2026-05-31 18:41:41,331 - root - INFO - [126/1205] Fetching weather for Nógrádszakál...
2026-05-31 18:41:41,388 - root - INFO - Fetched weather for Nógrádszakál: 18.7°C, Clouds, humidity: 70%
2026-05-31 18:41:42,489 - root - INFO - [127/1205] Fetching weather for Ráróspuszta...
2026-05-31 18:41:42,545 - root - INFO - Fetched weather for Ráróspuszta: 18.2°C, Clouds, humidity: 70%
2026-05-31 18:41:43,646 - root - INFO - [128/1205] Fetching weather for Litke...
2026-05-31 18:41:43,704 - root - INFO - Fetched weather for Litke: 18.6°C, Clouds, humidity: 70%
2026-05-31 18:41:44,806 - root - INFO - [129/1205] Fetching weather for Nyíregyháza külső...
2026-05-31 18:41:44,860 - root - INFO - Fetched weather for Nyíregyháza külső: 19.7°C, Clouds, humidity: 61%
2026-05-31 18:41:45,961 - root - INFO - [130/1205] Fetching weather for Oros...
2026-05-31 18:41:46,024 - root - INFO - Fetched weather for Oros: 19.7°C, Clouds, humidity: 61%
2026-05-31 18:41:47,126 - root - INFO - [131/1205] Fetching weather for Napkor...
2026-05-31 18:41:47,181 - root - INFO - Fetched weather for Napkor: 19.7°C, Clouds, humidity: 60%
2026-05-31 18:41:48,283 - root - INFO - [132/1205] Fetching weather for Apagy...
2026-05-31 18:41:48,337 - root - INFO - Fetched weather for Apagy: 19.7°C, Clouds, humidity: 60%
2026-05-31 18:41:49,438 - root - INFO - [133/1205] Fetching weather for Levelek-Magy...
2026-05-31 18:41:49,504 - root - INFO - Fetched weather for Levelek-Magy: 19.7°C, Clouds, humidity: 59%
2026-05-31 18:41:50,605 - root - INFO - [134/1205] Fetching weather for Ófehértó...
2026-05-31 18:41:50,660 - root - INFO - Fetched weather for Ófehértó: 19.6°C, Clouds, humidity: 59%
2026-05-31 18:41:51,762 - root - INFO - [135/1205] Fetching weather for Ligettanya...
2026-05-31 18:41:51,817 - root - INFO - Fetched weather for Ligettanya: 19.6°C, Clouds, humidity: 59%
2026-05-31 18:41:52,919 - root - INFO - [136/1205] Fetching weather for Baktalórántháza...
2026-05-31 18:41:52,973 - root - INFO - Fetched weather for Baktalórántháza: 19.6°C, Clouds, humidity: 59%
2026-05-31 18:41:54,074 - root - INFO - [137/1205] Fetching weather for Vaja-Rohod...
2026-05-31 18:41:54,130 - root - INFO - Fetched weather for Vaja-Rohod: 19.7°C, Clouds, humidity: 59%
2026-05-31 18:41:55,232 - root - INFO - [138/1205] Fetching weather for Rákóczitanya...
2026-05-31 18:41:55,296 - root - INFO - Fetched weather for Rákóczitanya: 19.6°C, Clouds, humidity: 58%
2026-05-31 18:41:56,398 - root - INFO - [139/1205] Fetching weather for Nyírmada...
2026-05-31 18:41:56,452 - root - INFO - Fetched weather for Nyírmada: 19.6°C, Clouds, humidity: 59%
2026-05-31 18:41:57,554 - root - INFO - [140/1205] Fetching weather for Tunyogmatolcs...
2026-05-31 18:41:57,616 - root - INFO - Fetched weather for Tunyogmatolcs: 20.0°C, Clouds, humidity: 57%
2026-05-31 18:41:58,718 - root - INFO - [141/1205] Fetching weather for Tunyogmatolcs alsó...
2026-05-31 18:41:58,772 - root - INFO - Fetched weather for Tunyogmatolcs alsó: 20.0°C, Clouds, humidity: 57%
2026-05-31 18:41:59,874 - root - INFO - [142/1205] Fetching weather for Fehérgyarmat...
2026-05-31 18:41:59,932 - root - INFO - Fetched weather for Fehérgyarmat: 20.0°C, Clouds, humidity: 57%
2026-05-31 18:42:01,034 - root - INFO - [143/1205] Fetching weather for Penyige...
2026-05-31 18:42:01,091 - root - INFO - Fetched weather for Penyige: 20.1°C, Clouds, humidity: 57%
2026-05-31 18:42:02,192 - root - INFO - [144/1205] Fetching weather for Nagyszekeres...
2026-05-31 18:42:02,251 - root - INFO - Fetched weather for Nagyszekeres: 20.1°C, Clouds, humidity: 57%
2026-05-31 18:42:03,353 - root - INFO - [145/1205] Fetching weather for Kisszekeres...
2026-05-31 18:42:03,408 - root - INFO - Fetched weather for Kisszekeres: 20.1°C, Clouds, humidity: 57%
2026-05-31 18:42:04,509 - root - INFO - [146/1205] Fetching weather for Jánkmajtis...
2026-05-31 18:42:04,565 - root - INFO - Fetched weather for Jánkmajtis: 20.1°C, Clouds, humidity: 57%
2026-05-31 18:42:05,666 - root - INFO - [147/1205] Fetching weather for Gacsály...
2026-05-31 18:42:05,727 - root - INFO - Fetched weather for Gacsály: 21.0°C, Clouds, humidity: 58%
2026-05-31 18:42:06,828 - root - INFO - [148/1205] Fetching weather for Zajta...
2026-05-31 18:42:06,881 - root - INFO - Fetched weather for Zajta: 21.0°C, Clouds, humidity: 59%
2026-05-31 18:42:07,982 - root - INFO - [149/1205] Fetching weather for Eperjeske alsó...
2026-05-31 18:42:08,042 - root - INFO - Fetched weather for Eperjeske alsó: 19.3°C, Clouds, humidity: 64%
2026-05-31 18:42:09,144 - root - INFO - [150/1205] Fetching weather for Mándok...
2026-05-31 18:42:09,204 - root - INFO - Fetched weather for Mándok: 19.3°C, Clouds, humidity: 63%
2026-05-31 18:42:10,306 - root - INFO - [151/1205] Fetching weather for Tornyospálca...
2026-05-31 18:42:10,399 - root - INFO - Fetched weather for Tornyospálca: 19.4°C, Clouds, humidity: 62%
2026-05-31 18:42:11,500 - root - INFO - [152/1205] Fetching weather for Aranyosapáti...
2026-05-31 18:42:11,557 - root - INFO - Fetched weather for Aranyosapáti: 19.6°C, Clouds, humidity: 61%
2026-05-31 18:42:12,658 - root - INFO - [153/1205] Fetching weather for Gyüre...
2026-05-31 18:42:12,714 - root - INFO - Fetched weather for Gyüre: 19.7°C, Clouds, humidity: 60%
2026-05-31 18:42:13,816 - root - INFO - [154/1205] Fetching weather for Varsány...
2026-05-31 18:42:13,868 - root - INFO - Fetched weather for Varsány: 19.8°C, Clouds, humidity: 59%
2026-05-31 18:42:14,970 - root - INFO - [155/1205] Fetching weather for Vásárosnamény...
2026-05-31 18:42:15,021 - root - INFO - Fetched weather for Vásárosnamény: 19.8°C, Clouds, humidity: 59%
2026-05-31 18:42:16,123 - root - INFO - [156/1205] Fetching weather for Vitka...
2026-05-31 18:42:16,189 - root - INFO - Fetched weather for Vitka: 19.8°C, Clouds, humidity: 58%
2026-05-31 18:42:17,290 - root - INFO - [157/1205] Fetching weather for Nagydobos...
2026-05-31 18:42:17,345 - root - INFO - Fetched weather for Nagydobos: 19.8°C, Clouds, humidity: 58%
2026-05-31 18:42:18,447 - root - INFO - [158/1205] Fetching weather for Ópályi...
2026-05-31 18:42:18,505 - root - INFO - Fetched weather for Ópályi: 19.8°C, Clouds, humidity: 58%
2026-05-31 18:42:19,606 - root - INFO - [159/1205] Fetching weather for Nyírcsaholy...
2026-05-31 18:42:19,662 - root - INFO - Fetched weather for Nyírcsaholy: 19.9°C, Clouds, humidity: 58%
2026-05-31 18:42:20,763 - root - INFO - [160/1205] Fetching weather for Nagyecsed...
2026-05-31 18:42:20,830 - root - INFO - Fetched weather for Nagyecsed: 20.0°C, Clouds, humidity: 58%
2026-05-31 18:42:21,932 - root - INFO - [161/1205] Fetching weather for Tiborszállás...
2026-05-31 18:42:21,984 - root - INFO - Fetched weather for Tiborszállás: 20.0°C, Clouds, humidity: 58%
2026-05-31 18:42:23,086 - root - INFO - [162/1205] Fetching weather for Kiskunhalas...
2026-05-31 18:42:23,140 - root - INFO - Fetched weather for Kiskunhalas: 19.6°C, Clouds, humidity: 55%
2026-05-31 18:42:24,241 - root - INFO - [163/1205] Fetching weather for Kecskemét alsó...
2026-05-31 18:42:24,308 - root - INFO - Fetched weather for Kecskemét alsó: 23.0°C, Clear, humidity: 38%
2026-05-31 18:42:25,410 - root - INFO - [164/1205] Fetching weather for Putnok...
2026-05-31 18:42:25,466 - root - INFO - Fetched weather for Putnok: 21.3°C, Clouds, humidity: 44%
2026-05-31 18:42:26,568 - root - INFO - [165/1205] Fetching weather for Bánréve...
2026-05-31 18:42:26,630 - root - INFO - Fetched weather for Bánréve: 21.3°C, Clouds, humidity: 44%
2026-05-31 18:42:27,731 - root - INFO - [166/1205] Fetching weather for Ipolytarnóc...
2026-05-31 18:42:27,790 - root - INFO - Fetched weather for Ipolytarnóc: 18.6°C, Clouds, humidity: 70%
2026-05-31 18:42:28,891 - root - INFO - [167/1205] Fetching weather for Rákosliget...
2026-05-31 18:42:28,946 - root - INFO - Fetched weather for Rákosliget: 22.8°C, Clear, humidity: 44%
2026-05-31 18:42:30,048 - root - INFO - [168/1205] Fetching weather for Ikrény...
2026-05-31 18:42:30,102 - root - INFO - Fetched weather for Ikrény: 24.1°C, Rain, humidity: 84%
2026-05-31 18:42:31,204 - root - INFO - [169/1205] Fetching weather for Rábapatona...
2026-05-31 18:42:31,269 - root - INFO - Fetched weather for Rábapatona: 24.1°C, Rain, humidity: 84%
2026-05-31 18:42:32,371 - root - INFO - [170/1205] Fetching weather for Enese...
2026-05-31 18:42:32,426 - root - INFO - Fetched weather for Enese: 24.1°C, Rain, humidity: 85%
2026-05-31 18:42:33,528 - root - INFO - [171/1205] Fetching weather for Kóny...
2026-05-31 18:42:33,583 - root - INFO - Fetched weather for Kóny: 18.5°C, Rain, humidity: 85%
2026-05-31 18:42:34,685 - root - INFO - [172/1205] Fetching weather for Farád...
2026-05-31 18:42:34,748 - root - INFO - Fetched weather for Farád: 17.2°C, Rain, humidity: 87%
2026-05-31 18:42:35,849 - root - INFO - [173/1205] Fetching weather for Rábatamási...
2026-05-31 18:42:35,904 - root - INFO - Fetched weather for Rábatamási: 17.2°C, Rain, humidity: 87%
2026-05-31 18:42:37,005 - root - INFO - [174/1205] Fetching weather for Szárföld...
2026-05-31 18:42:37,062 - root - INFO - Fetched weather for Szárföld: 17.2°C, Rain, humidity: 87%
2026-05-31 18:42:38,164 - root - INFO - [175/1205] Fetching weather for Veszkény...
2026-05-31 18:42:38,219 - root - INFO - Fetched weather for Veszkény: 17.2°C, Rain, humidity: 85%
2026-05-31 18:42:39,321 - root - INFO - [176/1205] Fetching weather for Kapuvár...
2026-05-31 18:42:39,376 - root - INFO - Fetched weather for Kapuvár: 17.2°C, Rain, humidity: 85%
2026-05-31 18:42:40,477 - root - INFO - [177/1205] Fetching weather for Vitnyéd-Csermajor...
2026-05-31 18:42:40,541 - root - INFO - Fetched weather for Vitnyéd-Csermajor: 17.2°C, Rain, humidity: 85%
2026-05-31 18:42:41,643 - root - INFO - [178/1205] Fetching weather for Petőháza...
2026-05-31 18:42:41,696 - root - INFO - Fetched weather for Petőháza: 17.2°C, Rain, humidity: 85%
2026-05-31 18:42:42,797 - root - INFO - [179/1205] Fetching weather for Fertőszentmiklós...
2026-05-31 18:42:42,855 - root - INFO - Fetched weather for Fertőszentmiklós: 17.2°C, Rain, humidity: 85%
2026-05-31 18:42:43,957 - root - INFO - [180/1205] Fetching weather for Pinnye...
2026-05-31 18:42:44,015 - root - INFO - Fetched weather for Pinnye: 17.0°C, Rain, humidity: 85%
2026-05-31 18:42:45,117 - root - INFO - [181/1205] Fetching weather for Fertőboz...
2026-05-31 18:42:45,174 - root - INFO - Fetched weather for Fertőboz: 16.9°C, Clouds, humidity: 85%
2026-05-31 18:42:46,276 - root - INFO - [182/1205] Fetching weather for Sopron...
2026-05-31 18:42:46,336 - root - INFO - Fetched weather for Sopron: 16.6°C, Clouds, humidity: 86%
2026-05-31 18:42:47,438 - root - INFO - [183/1205] Fetching weather for Fertőszéplak-Fertőd...
2026-05-31 18:42:47,501 - root - INFO - Fetched weather for Fertőszéplak-Fertőd: 17.2°C, Rain, humidity: 85%
2026-05-31 18:42:48,603 - root - INFO - [184/1205] Fetching weather for Nyúl...
2026-05-31 18:42:48,659 - root - INFO - Fetched weather for Nyúl: 24.0°C, Rain, humidity: 53%
2026-05-31 18:42:49,761 - root - INFO - [185/1205] Fetching weather for Pannonhalma...
2026-05-31 18:42:49,824 - root - INFO - Fetched weather for Pannonhalma: 24.0°C, Rain, humidity: 53%
2026-05-31 18:42:50,925 - root - INFO - [186/1205] Fetching weather for Tarjánpuszta...
2026-05-31 18:42:50,979 - root - INFO - Fetched weather for Tarjánpuszta: 23.7°C, Rain, humidity: 53%
2026-05-31 18:42:52,080 - root - INFO - [187/1205] Fetching weather for Győrasszonyfa...
2026-05-31 18:42:52,136 - root - INFO - Fetched weather for Győrasszonyfa: 23.7°C, Rain, humidity: 53%
2026-05-31 18:42:53,238 - root - INFO - [188/1205] Fetching weather for Veszprémvarsány...
2026-05-31 18:42:53,290 - root - INFO - Fetched weather for Veszprémvarsány: 23.7°C, Rain, humidity: 85%
2026-05-31 18:42:54,392 - root - INFO - [189/1205] Fetching weather for Bakonyszentlászló...
2026-05-31 18:42:54,445 - root - INFO - Fetched weather for Bakonyszentlászló: 18.6°C, Rain, humidity: 85%
2026-05-31 18:42:55,547 - root - INFO - [190/1205] Fetching weather for Porva-Csesznek...
2026-05-31 18:42:55,604 - root - INFO - Fetched weather for Porva-Csesznek: 17.6°C, Rain, humidity: 85%
2026-05-31 18:42:56,706 - root - INFO - [191/1205] Fetching weather for Zirc...
2026-05-31 18:42:56,765 - root - INFO - Fetched weather for Zirc: 16.0°C, Rain, humidity: 84%
2026-05-31 18:42:57,867 - root - INFO - [192/1205] Fetching weather for Eplény...
2026-05-31 18:42:57,924 - root - INFO - Fetched weather for Eplény: 16.4°C, Clouds, humidity: 84%
2026-05-31 18:42:59,026 - root - INFO - [193/1205] Fetching weather for Marcaltő...
2026-05-31 18:42:59,080 - root - INFO - Fetched weather for Marcaltő: 19.2°C, Rain, humidity: 77%
2026-05-31 18:43:00,181 - root - INFO - [194/1205] Fetching weather for Szany-Rábaszentandrás...
2026-05-31 18:43:00,238 - root - INFO - Fetched weather for Szany-Rábaszentandrás: 19.2°C, Rain, humidity: 77%
2026-05-31 18:43:01,340 - root - INFO - [195/1205] Fetching weather for Egyed-Rábacsanak...
2026-05-31 18:43:01,396 - root - INFO - Fetched weather for Egyed-Rábacsanak: 19.2°C, Rain, humidity: 87%
2026-05-31 18:43:02,498 - root - INFO - [196/1205] Fetching weather for Rábapordány...
2026-05-31 18:43:02,558 - root - INFO - Fetched weather for Rábapordány: 19.2°C, Rain, humidity: 87%
2026-05-31 18:43:03,660 - root - INFO - [197/1205] Fetching weather for Albertfalva...
2026-05-31 18:43:03,712 - root - INFO - Fetched weather for Albertfalva: 22.4°C, Clear, humidity: 50%
2026-05-31 18:43:04,814 - root - INFO - [198/1205] Fetching weather for Budafok...
2026-05-31 18:43:04,875 - root - INFO - Fetched weather for Budafok: 22.5°C, Clear, humidity: 49%
2026-05-31 18:43:05,976 - root - INFO - [199/1205] Fetching weather for Tétényliget...
2026-05-31 18:43:06,029 - root - INFO - Fetched weather for Tétényliget: 22.4°C, Clouds, humidity: 50%
2026-05-31 18:43:07,131 - root - INFO - [200/1205] Fetching weather for Érd alsó...
2026-05-31 18:43:07,175 - root - INFO - Fetched weather for Érd alsó: 21.9°C, Clouds, humidity: 51%
2026-05-31 18:43:08,277 - root - INFO - [201/1205] Fetching weather for Tárnok...
2026-05-31 18:43:08,332 - root - INFO - Fetched weather for Tárnok: 22.3°C, Clouds, humidity: 50%
2026-05-31 18:43:09,433 - root - INFO - [202/1205] Fetching weather for Martonvásár...
2026-05-31 18:43:09,487 - root - INFO - Fetched weather for Martonvásár: 22.4°C, Clouds, humidity: 70%
2026-05-31 18:43:10,588 - root - INFO - [203/1205] Fetching weather for Baracska...
2026-05-31 18:43:10,642 - root - INFO - Fetched weather for Baracska: 22.7°C, Clouds, humidity: 71%
2026-05-31 18:43:11,744 - root - INFO - [204/1205] Fetching weather for Pettend...
2026-05-31 18:43:11,796 - root - INFO - Fetched weather for Pettend: 17.7°C, Clouds, humidity: 72%
2026-05-31 18:43:12,898 - root - INFO - [205/1205] Fetching weather for Kápolnásnyék...
2026-05-31 18:43:12,958 - root - INFO - Fetched weather for Kápolnásnyék: 17.6°C, Clouds, humidity: 73%
2026-05-31 18:43:14,060 - root - INFO - [206/1205] Fetching weather for Velence...
2026-05-31 18:43:14,116 - root - INFO - Fetched weather for Velence: 17.6°C, Clouds, humidity: 74%
2026-05-31 18:43:15,218 - root - INFO - [207/1205] Fetching weather for Velencefürdő...
2026-05-31 18:43:15,270 - root - INFO - Fetched weather for Velencefürdő: 17.6°C, Clouds, humidity: 73%
2026-05-31 18:43:16,372 - root - INFO - [208/1205] Fetching weather for Gárdony...
2026-05-31 18:43:16,436 - root - INFO - Fetched weather for Gárdony: 17.5°C, Clouds, humidity: 74%
2026-05-31 18:43:17,538 - root - INFO - [209/1205] Fetching weather for Agárd...
2026-05-31 18:43:17,598 - root - INFO - Fetched weather for Agárd: 17.5°C, Clouds, humidity: 74%
2026-05-31 18:43:18,700 - root - INFO - [210/1205] Fetching weather for Dinnyés...
2026-05-31 18:43:18,758 - root - INFO - Fetched weather for Dinnyés: 17.4°C, Clouds, humidity: 75%
2026-05-31 18:43:19,860 - root - INFO - [211/1205] Fetching weather for Székesfehérvár...
2026-05-31 18:43:19,915 - root - INFO - Fetched weather for Székesfehérvár: 17.5°C, Clouds, humidity: 76%
2026-05-31 18:43:21,017 - root - INFO - [212/1205] Fetching weather for Szabadbattyán...
2026-05-31 18:43:21,068 - root - INFO - Fetched weather for Szabadbattyán: 17.8°C, Clouds, humidity: 76%
2026-05-31 18:43:22,170 - root - INFO - [213/1205] Fetching weather for Kiscséripuszta...
2026-05-31 18:43:22,229 - root - INFO - Fetched weather for Kiscséripuszta: 17.8°C, Clouds, humidity: 77%
2026-05-31 18:43:23,330 - root - INFO - [214/1205] Fetching weather for Lepsény...
2026-05-31 18:43:23,392 - root - INFO - Fetched weather for Lepsény: 18.2°C, Clouds, humidity: 79%
2026-05-31 18:43:24,494 - root - INFO - [215/1205] Fetching weather for Balatonaliga...
2026-05-31 18:43:24,548 - root - INFO - Fetched weather for Balatonaliga: 18.1°C, Clouds, humidity: 80%
2026-05-31 18:43:25,650 - root - INFO - [216/1205] Fetching weather for Balatonvilágos...
2026-05-31 18:43:25,713 - root - INFO - Fetched weather for Balatonvilágos: 18.4°C, Clouds, humidity: 82%
2026-05-31 18:43:26,815 - root - INFO - [217/1205] Fetching weather for Szabadifürdő...
2026-05-31 18:43:26,867 - root - INFO - Fetched weather for Szabadifürdő: 18.3°C, Clouds, humidity: 84%
2026-05-31 18:43:27,969 - root - INFO - [218/1205] Fetching weather for Ózd alsó...
2026-05-31 18:43:28,022 - root - INFO - Fetched weather for Ózd alsó: 21.2°C, Clouds, humidity: 44%
2026-05-31 18:43:29,123 - root - INFO - [219/1205] Fetching weather for Ózd...
2026-05-31 18:43:29,178 - root - INFO - Fetched weather for Ózd: 21.2°C, Clouds, humidity: 44%
2026-05-31 18:43:30,279 - root - INFO - [220/1205] Fetching weather for Alsóboldva...
2026-05-31 18:43:30,344 - root - INFO - Fetched weather for Alsóboldva: 21.2°C, Clouds, humidity: 55%
2026-05-31 18:43:31,446 - root - INFO - [221/1205] Fetching weather for Boldva...
2026-05-31 18:43:31,502 - root - INFO - Fetched weather for Boldva: 21.1°C, Clouds, humidity: 55%
2026-05-31 18:43:32,604 - root - INFO - [222/1205] Fetching weather for Borsodszirák...
2026-05-31 18:43:32,661 - root - INFO - Fetched weather for Borsodszirák: 21.1°C, Clouds, humidity: 55%
2026-05-31 18:43:33,762 - root - INFO - [223/1205] Fetching weather for Edelény alsó...
2026-05-31 18:43:33,825 - root - INFO - Fetched weather for Edelény alsó: 21.1°C, Clouds, humidity: 67%
2026-05-31 18:43:34,927 - root - INFO - [224/1205] Fetching weather for Edelény...
2026-05-31 18:43:34,986 - root - INFO - Fetched weather for Edelény: 21.1°C, Clouds, humidity: 68%
2026-05-31 18:43:36,088 - root - INFO - [225/1205] Fetching weather for Szendrőlád...
2026-05-31 18:43:36,144 - root - INFO - Fetched weather for Szendrőlád: 21.0°C, Clouds, humidity: 69%
2026-05-31 18:43:37,245 - root - INFO - [226/1205] Fetching weather for Szendrő...
2026-05-31 18:43:37,303 - root - INFO - Fetched weather for Szendrő: 19.2°C, Clouds, humidity: 70%
2026-05-31 18:43:38,405 - root - INFO - [227/1205] Fetching weather for Szendrő felső...
2026-05-31 18:43:38,458 - root - INFO - Fetched weather for Szendrő felső: 19.2°C, Clouds, humidity: 70%
2026-05-31 18:43:39,559 - root - INFO - [228/1205] Fetching weather for Szalonna...
2026-05-31 18:43:39,626 - root - INFO - Fetched weather for Szalonna: 19.3°C, Clouds, humidity: 71%
2026-05-31 18:43:40,728 - root - INFO - [229/1205] Fetching weather for Perkupa...
2026-05-31 18:43:40,780 - root - INFO - Fetched weather for Perkupa: 18.5°C, Clouds, humidity: 72%
2026-05-31 18:43:41,881 - root - INFO - [230/1205] Fetching weather for Szemeretelep...
2026-05-31 18:43:41,936 - root - INFO - Fetched weather for Szemeretelep: 23.0°C, Clear, humidity: 44%
2026-05-31 18:43:43,038 - root - INFO - [231/1205] Fetching weather for Jósvafő-Aggtelek...
2026-05-31 18:43:43,091 - root - INFO - Fetched weather for Jósvafő-Aggtelek: 18.9°C, Clouds, humidity: 73%
2026-05-31 18:43:44,193 - root - INFO - [232/1205] Fetching weather for Bódvaszilas...
2026-05-31 18:43:44,248 - root - INFO - Fetched weather for Bódvaszilas: 18.5°C, Clouds, humidity: 73%
2026-05-31 18:43:45,350 - root - INFO - [233/1205] Fetching weather for Komjáti...
2026-05-31 18:43:45,406 - root - INFO - Fetched weather for Komjáti: 18.1°C, Clouds, humidity: 73%
2026-05-31 18:43:46,508 - root - INFO - [234/1205] Fetching weather for Tornanádaska...
2026-05-31 18:43:46,565 - root - INFO - Fetched weather for Tornanádaska: 19.3°C, Clouds, humidity: 73%
2026-05-31 18:43:47,666 - root - INFO - [235/1205] Fetching weather for Onga...
2026-05-31 18:43:47,718 - root - INFO - Fetched weather for Onga: 21.2°C, Clouds, humidity: 55%
2026-05-31 18:43:48,819 - root - INFO - [236/1205] Fetching weather for Szikszó-Vásártér...
2026-05-31 18:43:48,876 - root - INFO - Fetched weather for Szikszó-Vásártér: 21.2°C, Clouds, humidity: 55%
2026-05-31 18:43:49,977 - root - INFO - [237/1205] Fetching weather for Szikszó...
2026-05-31 18:43:50,036 - root - INFO - Fetched weather for Szikszó: 21.2°C, Clouds, humidity: 55%
2026-05-31 18:43:51,137 - root - INFO - [238/1205] Fetching weather for Aszaló...
2026-05-31 18:43:51,195 - root - INFO - Fetched weather for Aszaló: 21.2°C, Clouds, humidity: 55%
2026-05-31 18:43:52,297 - root - INFO - [239/1205] Fetching weather for Halmaj...
2026-05-31 18:43:52,349 - root - INFO - Fetched weather for Halmaj: 21.1°C, Clouds, humidity: 65%
2026-05-31 18:43:53,451 - root - INFO - [240/1205] Fetching weather for Csobád...
2026-05-31 18:43:53,506 - root - INFO - Fetched weather for Csobád: 21.1°C, Clouds, humidity: 65%
2026-05-31 18:43:54,608 - root - INFO - [241/1205] Fetching weather for Ináncs...
2026-05-31 18:43:54,672 - root - INFO - Fetched weather for Ináncs: 21.1°C, Clouds, humidity: 65%
2026-05-31 18:43:55,774 - root - INFO - [242/1205] Fetching weather for Forró-Encs...
2026-05-31 18:43:55,830 - root - INFO - Fetched weather for Forró-Encs: 19.6°C, Clouds, humidity: 66%
2026-05-31 18:43:56,932 - root - INFO - [243/1205] Fetching weather for Méra...
2026-05-31 18:43:56,984 - root - INFO - Fetched weather for Méra: 19.4°C, Clouds, humidity: 67%
2026-05-31 18:43:58,086 - root - INFO - [244/1205] Fetching weather for Novajidrány...
2026-05-31 18:43:58,142 - root - INFO - Fetched weather for Novajidrány: 17.2°C, Clouds, humidity: 68%
2026-05-31 18:43:59,244 - root - INFO - [245/1205] Fetching weather for Hernádszurdok...
2026-05-31 18:43:59,298 - root - INFO - Fetched weather for Hernádszurdok: 18.0°C, Clear, humidity: 67%
2026-05-31 18:44:00,400 - root - INFO - [246/1205] Fetching weather for Hidasnémeti...
2026-05-31 18:44:00,458 - root - INFO - Fetched weather for Hidasnémeti: 18.1°C, Clear, humidity: 67%
2026-05-31 18:44:01,559 - root - INFO - [247/1205] Fetching weather for Mád...
2026-05-31 18:44:01,615 - root - INFO - Fetched weather for Mád: 19.3°C, Clouds, humidity: 65%
2026-05-31 18:44:02,717 - root - INFO - [248/1205] Fetching weather for Rátka...
2026-05-31 18:44:02,772 - root - INFO - Fetched weather for Rátka: 19.7°C, Clouds, humidity: 65%
2026-05-31 18:44:03,874 - root - INFO - [249/1205] Fetching weather for Tállya...
2026-05-31 18:44:03,933 - root - INFO - Fetched weather for Tállya: 19.7°C, Clouds, humidity: 65%
2026-05-31 18:44:05,035 - root - INFO - [250/1205] Fetching weather for Golop...
2026-05-31 18:44:05,098 - root - INFO - Fetched weather for Golop: 19.8°C, Clouds, humidity: 65%
2026-05-31 18:44:06,200 - root - INFO - [251/1205] Fetching weather for Abaújszántó...
2026-05-31 18:44:06,254 - root - INFO - Fetched weather for Abaújszántó: 19.5°C, Clouds, humidity: 66%
2026-05-31 18:44:07,355 - root - INFO - [252/1205] Fetching weather for Abaújszántói fürdő...
2026-05-31 18:44:07,407 - root - INFO - Fetched weather for Abaújszántói fürdő: 19.7°C, Clouds, humidity: 65%
2026-05-31 18:44:08,509 - root - INFO - [253/1205] Fetching weather for Abaújkér...
2026-05-31 18:44:08,559 - root - INFO - Fetched weather for Abaújkér: 19.5°C, Clouds, humidity: 66%
2026-05-31 18:44:09,661 - root - INFO - [254/1205] Fetching weather for Boldogkőváralja...
2026-05-31 18:44:09,717 - root - INFO - Fetched weather for Boldogkőváralja: 19.4°C, Clouds, humidity: 67%
2026-05-31 18:44:10,819 - root - INFO - [255/1205] Fetching weather for Korlát-Vizsoly...
2026-05-31 18:44:10,874 - root - INFO - Fetched weather for Korlát-Vizsoly: 19.5°C, Clouds, humidity: 68%
2026-05-31 18:44:11,976 - root - INFO - [256/1205] Fetching weather for Fony...
2026-05-31 18:44:12,030 - root - INFO - Fetched weather for Fony: 17.5°C, Clouds, humidity: 69%
2026-05-31 18:44:13,132 - root - INFO - [257/1205] Fetching weather for Hejce-Vilmány...
2026-05-31 18:44:13,198 - root - INFO - Fetched weather for Hejce-Vilmány: 17.6°C, Clouds, humidity: 69%
2026-05-31 18:44:14,299 - root - INFO - [258/1205] Fetching weather for Göncruszka...
2026-05-31 18:44:14,359 - root - INFO - Fetched weather for Göncruszka: 17.9°C, Clouds, humidity: 70%
2026-05-31 18:44:15,461 - root - INFO - [259/1205] Fetching weather for Gönc...
2026-05-31 18:44:15,515 - root - INFO - Fetched weather for Gönc: 17.9°C, Clouds, humidity: 71%
2026-05-31 18:44:16,617 - root - INFO - [260/1205] Fetching weather for Zsujta...
2026-05-31 18:44:16,673 - root - INFO - Fetched weather for Zsujta: 17.9°C, Clear, humidity: 67%
2026-05-31 18:44:17,774 - root - INFO - [261/1205] Fetching weather for Bodrogkeresztúr...
2026-05-31 18:44:17,828 - root - INFO - Fetched weather for Bodrogkeresztúr: 18.9°C, Clouds, humidity: 65%
2026-05-31 18:44:18,930 - root - INFO - [262/1205] Fetching weather for Szegi...
2026-05-31 18:44:18,985 - root - INFO - Fetched weather for Szegi: 16.3°C, Clouds, humidity: 66%
2026-05-31 18:44:20,087 - root - INFO - [263/1205] Fetching weather for Erdőbénye...
2026-05-31 18:44:20,144 - root - INFO - Fetched weather for Erdőbénye: 16.3°C, Clouds, humidity: 66%
2026-05-31 18:44:21,245 - root - INFO - [264/1205] Fetching weather for Olaszliszka-Tolcsva...
2026-05-31 18:44:21,299 - root - INFO - Fetched weather for Olaszliszka-Tolcsva: 16.3°C, Clouds, humidity: 67%
2026-05-31 18:44:22,401 - root - INFO - [265/1205] Fetching weather for Bodrogolaszi...
2026-05-31 18:44:22,452 - root - INFO - Fetched weather for Bodrogolaszi: 16.3°C, Clouds, humidity: 100%
2026-05-31 18:44:23,554 - root - INFO - [266/1205] Fetching weather for Sárospatak...
2026-05-31 18:44:23,611 - root - INFO - Fetched weather for Sárospatak: 16.2°C, Clouds, humidity: 100%
2026-05-31 18:44:24,713 - root - INFO - [267/1205] Fetching weather for Sátoraljaújhely...
2026-05-31 18:44:24,764 - root - INFO - Fetched weather for Sátoraljaújhely: 16.3°C, Clouds, humidity: 100%
2026-05-31 18:44:25,865 - root - INFO - [268/1205] Fetching weather for Vecsés...
2026-05-31 18:44:25,919 - root - INFO - Fetched weather for Vecsés: 23.0°C, Clear, humidity: 43%
2026-05-31 18:44:27,021 - root - INFO - [269/1205] Fetching weather for Vecsés-Kertekalja...
2026-05-31 18:44:27,079 - root - INFO - Fetched weather for Vecsés-Kertekalja: 23.0°C, Clear, humidity: 43%
2026-05-31 18:44:28,181 - root - INFO - [270/1205] Fetching weather for Üllő...
2026-05-31 18:44:28,233 - root - INFO - Fetched weather for Üllő: 22.9°C, Clear, humidity: 42%
2026-05-31 18:44:29,335 - root - INFO - [271/1205] Fetching weather for Monor...
2026-05-31 18:44:29,392 - root - INFO - Fetched weather for Monor: 23.1°C, Clear, humidity: 40%
2026-05-31 18:44:30,494 - root - INFO - [272/1205] Fetching weather for Pilis...
2026-05-31 18:44:30,549 - root - INFO - Fetched weather for Pilis: 22.7°C, Clouds, humidity: 51%
2026-05-31 18:44:31,650 - root - INFO - [273/1205] Fetching weather for Albertirsa...
2026-05-31 18:44:31,708 - root - INFO - Fetched weather for Albertirsa: 18.7°C, Clouds, humidity: 55%
2026-05-31 18:44:32,809 - root - INFO - [274/1205] Fetching weather for Ceglédbercel-Cserő...
2026-05-31 18:44:32,863 - root - INFO - Fetched weather for Ceglédbercel-Cserő: 18.8°C, Clouds, humidity: 55%
2026-05-31 18:44:33,964 - root - INFO - [275/1205] Fetching weather for Cegléd...
2026-05-31 18:44:34,018 - root - INFO - Fetched weather for Cegléd: 21.6°C, Clouds, humidity: 54%
2026-05-31 18:44:35,119 - root - INFO - [276/1205] Fetching weather for Abony...
2026-05-31 18:44:35,175 - root - INFO - Fetched weather for Abony: 21.6°C, Clear, humidity: 48%
2026-05-31 18:44:36,277 - root - INFO - [277/1205] Fetching weather for Szolnok...
2026-05-31 18:44:36,328 - root - INFO - Fetched weather for Szolnok: 23.0°C, Clear, humidity: 38%
2026-05-31 18:44:37,430 - root - INFO - [278/1205] Fetching weather for Szajol...
2026-05-31 18:44:37,486 - root - INFO - Fetched weather for Szajol: 23.0°C, Clear, humidity: 38%
2026-05-31 18:44:38,588 - root - INFO - [279/1205] Fetching weather for Törökszentmiklós...
2026-05-31 18:44:38,641 - root - INFO - Fetched weather for Törökszentmiklós: 23.0°C, Clear, humidity: 38%
2026-05-31 18:44:39,743 - root - INFO - [280/1205] Fetching weather for Rákoscsaba-Újtelep...
2026-05-31 18:44:39,803 - root - INFO - Fetched weather for Rákoscsaba-Újtelep: 22.8°C, Clear, humidity: 44%
2026-05-31 18:44:40,905 - root - INFO - [281/1205] Fetching weather for Rákoscsaba...
2026-05-31 18:44:40,968 - root - INFO - Fetched weather for Rákoscsaba: 22.8°C, Clear, humidity: 43%
2026-05-31 18:44:42,069 - root - INFO - [282/1205] Fetching weather for Pécel...
2026-05-31 18:44:42,134 - root - INFO - Fetched weather for Pécel: 22.7°C, Clear, humidity: 43%
2026-05-31 18:44:43,236 - root - INFO - [283/1205] Fetching weather for Isaszeg...
2026-05-31 18:44:43,294 - root - INFO - Fetched weather for Isaszeg: 22.6°C, Clear, humidity: 43%
2026-05-31 18:44:44,395 - root - INFO - [284/1205] Fetching weather for Gödöllő...
2026-05-31 18:44:44,464 - root - INFO - Fetched weather for Gödöllő: 22.4°C, Clear, humidity: 43%
2026-05-31 18:44:45,566 - root - INFO - [285/1205] Fetching weather for Máriabesnyő...
2026-05-31 18:44:45,622 - root - INFO - Fetched weather for Máriabesnyő: 22.5°C, Clouds, humidity: 45%
2026-05-31 18:44:46,724 - root - INFO - [286/1205] Fetching weather for Bag...
2026-05-31 18:44:46,780 - root - INFO - Fetched weather for Bag: 22.7°C, Clouds, humidity: 54%
2026-05-31 18:44:47,882 - root - INFO - [287/1205] Fetching weather for Aszód...
2026-05-31 18:44:47,938 - root - INFO - Fetched weather for Aszód: 22.8°C, Clouds, humidity: 54%
2026-05-31 18:44:49,040 - root - INFO - [288/1205] Fetching weather for Hévízgyörk...
2026-05-31 18:44:49,101 - root - INFO - Fetched weather for Hévízgyörk: 22.8°C, Clouds, humidity: 54%
2026-05-31 18:44:50,203 - root - INFO - [289/1205] Fetching weather for Galgahévíz...
2026-05-31 18:44:50,256 - root - INFO - Fetched weather for Galgahévíz: 22.8°C, Clouds, humidity: 54%
2026-05-31 18:44:51,357 - root - INFO - [290/1205] Fetching weather for Tura...
2026-05-31 18:44:51,423 - root - INFO - Fetched weather for Tura: 22.8°C, Clouds, humidity: 55%
2026-05-31 18:44:52,525 - root - INFO - [291/1205] Fetching weather for Hatvan...
2026-05-31 18:44:52,576 - root - INFO - Fetched weather for Hatvan: 19.2°C, Clouds, humidity: 57%
2026-05-31 18:44:53,677 - root - INFO - [292/1205] Fetching weather for Vámosgyörk...
2026-05-31 18:44:53,730 - root - INFO - Fetched weather for Vámosgyörk: 19.1°C, Clouds, humidity: 61%
2026-05-31 18:44:54,832 - root - INFO - [293/1205] Fetching weather for Adács...
2026-05-31 18:44:54,885 - root - INFO - Fetched weather for Adács: 19.0°C, Clouds, humidity: 63%
2026-05-31 18:44:55,987 - root - INFO - [294/1205] Fetching weather for Karácsond...
2026-05-31 18:44:56,045 - root - INFO - Fetched weather for Karácsond: 18.9°C, Clouds, humidity: 64%
2026-05-31 18:44:57,146 - root - INFO - [295/1205] Fetching weather for Ludas...
2026-05-31 18:44:57,204 - root - INFO - Fetched weather for Ludas: 19.0°C, Clouds, humidity: 65%
2026-05-31 18:44:58,306 - root - INFO - [296/1205] Fetching weather for Nagyút...
2026-05-31 18:44:58,359 - root - INFO - Fetched weather for Nagyút: 19.0°C, Clouds, humidity: 65%
2026-05-31 18:44:59,461 - root - INFO - [297/1205] Fetching weather for Kál-Kápolna...
2026-05-31 18:44:59,514 - root - INFO - Fetched weather for Kál-Kápolna: 19.0°C, Clouds, humidity: 65%
2026-05-31 18:45:00,616 - root - INFO - [298/1205] Fetching weather for Füzesabony...
2026-05-31 18:45:00,673 - root - INFO - Fetched weather for Füzesabony: 19.1°C, Clouds, humidity: 66%
2026-05-31 18:45:01,774 - root - INFO - [299/1205] Fetching weather for Szihalom...
2026-05-31 18:45:01,825 - root - INFO - Fetched weather for Szihalom: 20.7°C, Clouds, humidity: 66%
2026-05-31 18:45:02,927 - root - INFO - [300/1205] Fetching weather for Mezőkövesd...
2026-05-31 18:45:02,987 - root - INFO - Fetched weather for Mezőkövesd: 20.7°C, Clouds, humidity: 66%
2026-05-31 18:45:04,088 - root - INFO - [301/1205] Fetching weather for Mezőkövesd felső...
2026-05-31 18:45:04,144 - root - INFO - Fetched weather for Mezőkövesd felső: 20.7°C, Clouds, humidity: 66%
2026-05-31 18:45:05,246 - root - INFO - [302/1205] Fetching weather for Mezőkeresztes-Mezőnyárád...
2026-05-31 18:45:05,311 - root - INFO - Fetched weather for Mezőkeresztes-Mezőnyárád: 20.7°C, Clouds, humidity: 69%
2026-05-31 18:45:06,413 - root - INFO - [303/1205] Fetching weather for Csincse...
2026-05-31 18:45:06,473 - root - INFO - Fetched weather for Csincse: 20.8°C, Clouds, humidity: 69%
2026-05-31 18:45:07,574 - root - INFO - [304/1205] Fetching weather for Emőd...
2026-05-31 18:45:07,629 - root - INFO - Fetched weather for Emőd: 20.9°C, Clouds, humidity: 64%
2026-05-31 18:45:08,731 - root - INFO - [305/1205] Fetching weather for Nyékládháza...
2026-05-31 18:45:08,786 - root - INFO - Fetched weather for Nyékládháza: 21.0°C, Clouds, humidity: 63%
2026-05-31 18:45:09,887 - root - INFO - [306/1205] Fetching weather for Miskolc-Tiszai...
2026-05-31 18:45:09,943 - root - INFO - Fetched weather for Miskolc-Tiszai: 21.1°C, Clouds, humidity: 59%
2026-05-31 18:45:11,045 - root - INFO - [307/1205] Fetching weather for Felsőzsolca...
2026-05-31 18:45:11,109 - root - INFO - Fetched weather for Felsőzsolca: 21.1°C, Clouds, humidity: 60%
2026-05-31 18:45:12,211 - root - INFO - [308/1205] Fetching weather for Hernádnémeti-Bőcs...
2026-05-31 18:45:12,278 - root - INFO - Fetched weather for Hernádnémeti-Bőcs: 21.2°C, Clouds, humidity: 55%
2026-05-31 18:45:13,380 - root - INFO - [309/1205] Fetching weather for Tiszalúc...
2026-05-31 18:45:13,442 - root - INFO - Fetched weather for Tiszalúc: 21.2°C, Clouds, humidity: 63%
2026-05-31 18:45:14,544 - root - INFO - [310/1205] Fetching weather for Taktaharkány...
2026-05-31 18:45:14,599 - root - INFO - Fetched weather for Taktaharkány: 21.3°C, Clouds, humidity: 64%
2026-05-31 18:45:15,701 - root - INFO - [311/1205] Fetching weather for Taktaszada...
2026-05-31 18:45:15,755 - root - INFO - Fetched weather for Taktaszada: 21.3°C, Clouds, humidity: 64%
2026-05-31 18:45:16,856 - root - INFO - [312/1205] Fetching weather for Szerencs...
2026-05-31 18:45:16,911 - root - INFO - Fetched weather for Szerencs: 19.8°C, Clouds, humidity: 65%
2026-05-31 18:45:18,013 - root - INFO - [313/1205] Fetching weather for Mezőzombor...
2026-05-31 18:45:18,069 - root - INFO - Fetched weather for Mezőzombor: 19.7°C, Clouds, humidity: 65%
2026-05-31 18:45:19,171 - root - INFO - [314/1205] Fetching weather for Tarcal...
2026-05-31 18:45:19,230 - root - INFO - Fetched weather for Tarcal: 19.8°C, Clouds, humidity: 65%
2026-05-31 18:45:20,332 - root - INFO - [315/1205] Fetching weather for Tokaj...
2026-05-31 18:45:20,387 - root - INFO - Fetched weather for Tokaj: 19.2°C, Clouds, humidity: 65%
2026-05-31 18:45:21,488 - root - INFO - [316/1205] Fetching weather for Rakamaz...
2026-05-31 18:45:21,541 - root - INFO - Fetched weather for Rakamaz: 19.7°C, Clouds, humidity: 65%
2026-05-31 18:45:22,643 - root - INFO - [317/1205] Fetching weather for Görögszállás...
2026-05-31 18:45:22,700 - root - INFO - Fetched weather for Görögszállás: 19.6°C, Clouds, humidity: 64%
2026-05-31 18:45:23,802 - root - INFO - [318/1205] Fetching weather for Nyírtelek...
2026-05-31 18:45:23,857 - root - INFO - Fetched weather for Nyírtelek: 19.6°C, Clouds, humidity: 63%
2026-05-31 18:45:24,958 - root - INFO - [319/1205] Fetching weather for Rákoshegy...
2026-05-31 18:45:25,010 - root - INFO - Fetched weather for Rákoshegy: 22.8°C, Clear, humidity: 44%
2026-05-31 18:45:26,112 - root - INFO - [320/1205] Fetching weather for Ecser...
2026-05-31 18:45:26,165 - root - INFO - Fetched weather for Ecser: 22.8°C, Clear, humidity: 43%
2026-05-31 18:45:27,267 - root - INFO - [321/1205] Fetching weather for Maglód...
2026-05-31 18:45:27,321 - root - INFO - Fetched weather for Maglód: 22.8°C, Clear, humidity: 43%
2026-05-31 18:45:28,423 - root - INFO - [322/1205] Fetching weather for Maglódi nyaraló...
2026-05-31 18:45:28,478 - root - INFO - Fetched weather for Maglódi nyaraló: 22.7°C, Clear, humidity: 43%
2026-05-31 18:45:29,579 - root - INFO - [323/1205] Fetching weather for Gyömrő...
2026-05-31 18:45:29,639 - root - INFO - Fetched weather for Gyömrő: 22.6°C, Clear, humidity: 43%
2026-05-31 18:45:30,741 - root - INFO - [324/1205] Fetching weather for Mende...
2026-05-31 18:45:30,798 - root - INFO - Fetched weather for Mende: 22.6°C, Clear, humidity: 43%
2026-05-31 18:45:31,900 - root - INFO - [325/1205] Fetching weather for Szőlősnyaraló...
2026-05-31 18:45:31,952 - root - INFO - Fetched weather for Szőlősnyaraló: 22.7°C, Clouds, humidity: 45%
2026-05-31 18:45:33,054 - root - INFO - [326/1205] Fetching weather for Sülysáp...
2026-05-31 18:45:33,109 - root - INFO - Fetched weather for Sülysáp: 22.6°C, Clouds, humidity: 45%
2026-05-31 18:45:34,211 - root - INFO - [327/1205] Fetching weather for Tápiószecső...
2026-05-31 18:45:34,274 - root - INFO - Fetched weather for Tápiószecső: 22.8°C, Clouds, humidity: 51%
2026-05-31 18:45:35,376 - root - INFO - [328/1205] Fetching weather for Szentmártonkáta...
2026-05-31 18:45:35,427 - root - INFO - Fetched weather for Szentmártonkáta: 17.6°C, Clouds, humidity: 57%
2026-05-31 18:45:36,529 - root - INFO - [329/1205] Fetching weather for Nagykáta...
2026-05-31 18:45:36,584 - root - INFO - Fetched weather for Nagykáta: 17.7°C, Clouds, humidity: 57%
2026-05-31 18:45:37,685 - root - INFO - [330/1205] Fetching weather for Farmos...
2026-05-31 18:45:37,747 - root - INFO - Fetched weather for Farmos: 17.8°C, Clouds, humidity: 57%
2026-05-31 18:45:38,848 - root - INFO - [331/1205] Fetching weather for Tápiószele...
2026-05-31 18:45:38,908 - root - INFO - Fetched weather for Tápiószele: 17.8°C, Clouds, humidity: 57%
2026-05-31 18:45:40,009 - root - INFO - [332/1205] Fetching weather for Tápiógyörgye...
2026-05-31 18:45:40,060 - root - INFO - Fetched weather for Tápiógyörgye: 17.9°C, Clouds, humidity: 57%
2026-05-31 18:45:41,162 - root - INFO - [333/1205] Fetching weather for Újszász...
2026-05-31 18:45:41,221 - root - INFO - Fetched weather for Újszász: 21.7°C, Clouds, humidity: 56%
2026-05-31 18:45:42,322 - root - INFO - [334/1205] Fetching weather for Szurdokpüspöki...
2026-05-31 18:45:42,376 - root - INFO - Fetched weather for Szurdokpüspöki: 18.8°C, Clouds, humidity: 65%
2026-05-31 18:45:43,477 - root - INFO - [335/1205] Fetching weather for Lőrinci...
2026-05-31 18:45:43,542 - root - INFO - Fetched weather for Lőrinci: 19.1°C, Clouds, humidity: 59%
2026-05-31 18:45:44,644 - root - INFO - [336/1205] Fetching weather for Selyp...
2026-05-31 18:45:44,697 - root - INFO - Fetched weather for Selyp: 19.0°C, Clouds, humidity: 61%
2026-05-31 18:45:45,798 - root - INFO - [337/1205] Fetching weather for Apc-Zagyvaszántó...
2026-05-31 18:45:45,856 - root - INFO - Fetched weather for Apc-Zagyvaszántó: 18.9°C, Clouds, humidity: 62%
2026-05-31 18:45:46,957 - root - INFO - [338/1205] Fetching weather for Pásztó...
2026-05-31 18:45:47,019 - root - INFO - Fetched weather for Pásztó: 18.6°C, Clouds, humidity: 68%
2026-05-31 18:45:48,121 - root - INFO - [339/1205] Fetching weather for Mátraszőlős-Hasznos...
2026-05-31 18:45:48,188 - root - INFO - Fetched weather for Mátraszőlős-Hasznos: 18.5°C, Clouds, humidity: 69%
2026-05-31 18:45:49,290 - root - INFO - [340/1205] Fetching weather for Tar...
2026-05-31 18:45:49,347 - root - INFO - Fetched weather for Tar: 18.1°C, Clouds, humidity: 71%
2026-05-31 18:45:50,448 - root - INFO - [341/1205] Fetching weather for Mátraverebély...
2026-05-31 18:45:50,504 - root - INFO - Fetched weather for Mátraverebély: 18.1°C, Clouds, humidity: 71%
2026-05-31 18:45:51,606 - root - INFO - [342/1205] Fetching weather for Nagybátony...
2026-05-31 18:45:51,660 - root - INFO - Fetched weather for Nagybátony: 18.3°C, Clouds, humidity: 72%
2026-05-31 18:45:52,761 - root - INFO - [343/1205] Fetching weather for Kisterenye...
2026-05-31 18:45:52,813 - root - INFO - Fetched weather for Kisterenye: 18.4°C, Clouds, humidity: 72%
2026-05-31 18:45:53,914 - root - INFO - [344/1205] Fetching weather for Kisterenye-Bányatelep...
2026-05-31 18:45:53,970 - root - INFO - Fetched weather for Kisterenye-Bányatelep: 18.4°C, Clouds, humidity: 72%
2026-05-31 18:45:55,071 - root - INFO - [345/1205] Fetching weather for Salgótarján külső...
2026-05-31 18:45:55,135 - root - INFO - Fetched weather for Salgótarján külső: 17.8°C, Clouds, humidity: 73%
2026-05-31 18:45:56,236 - root - INFO - [346/1205] Fetching weather for Balatonfenyves GV...
2026-05-31 18:45:56,291 - root - INFO - Fetched weather for Balatonfenyves GV: 19.1°C, Rain, humidity: 92%
2026-05-31 18:45:57,393 - root - INFO - [347/1205] Fetching weather for Várhegyalja...
2026-05-31 18:45:57,459 - root - INFO - Fetched weather for Várhegyalja: 18.4°C, Clouds, humidity: 77%
2026-05-31 18:45:58,560 - root - INFO - [348/1205] Fetching weather for Imremajor...
2026-05-31 18:45:58,621 - root - INFO - Fetched weather for Imremajor: 19.1°C, Rain, humidity: 92%
2026-05-31 18:45:59,722 - root - INFO - [349/1205] Fetching weather for Rákospalota-Kertváros...
2026-05-31 18:45:59,781 - root - INFO - Fetched weather for Rákospalota-Kertváros: 20.7°C, Clear, humidity: 54%
2026-05-31 18:46:00,883 - root - INFO - [350/1205] Fetching weather for Vicziántelep...
2026-05-31 18:46:00,936 - root - INFO - Fetched weather for Vicziántelep: 22.4°C, Clouds, humidity: 55%
2026-05-31 18:46:02,037 - root - INFO - [351/1205] Fetching weather for Pálmajor...
2026-05-31 18:46:02,091 - root - INFO - Fetched weather for Pálmajor: 19.1°C, Rain, humidity: 92%
2026-05-31 18:46:03,193 - root - INFO - [352/1205] Fetching weather for Somogyszentpál felső...
2026-05-31 18:46:03,254 - root - INFO - Fetched weather for Somogyszentpál felső: 19.1°C, Rain, humidity: 92%
2026-05-31 18:46:04,356 - root - INFO - [353/1205] Fetching weather for Somogyszentpál...
2026-05-31 18:46:04,412 - root - INFO - Fetched weather for Somogyszentpál: 19.1°C, Rain, humidity: 91%
2026-05-31 18:46:05,514 - root - INFO - [354/1205] Fetching weather for Rudnaykert...
2026-05-31 18:46:05,573 - root - INFO - Fetched weather for Rudnaykert: 22.7°C, Clouds, humidity: 56%
2026-05-31 18:46:06,674 - root - INFO - [355/1205] Fetching weather for Maroshegy...
2026-05-31 18:46:06,729 - root - INFO - Fetched weather for Maroshegy: 17.6°C, Clouds, humidity: 76%
2026-05-31 18:46:07,830 - root - INFO - [356/1205] Fetching weather for Bánhida...
2026-05-31 18:46:07,885 - root - INFO - Fetched weather for Bánhida: 18.3°C, Clouds, humidity: 77%
2026-05-31 18:46:08,987 - root - INFO - [357/1205] Fetching weather for Magyarkút...
2026-05-31 18:46:09,044 - root - INFO - Fetched weather for Magyarkút: 18.3°C, Clouds, humidity: 63%
2026-05-31 18:46:10,146 - root - INFO - [358/1205] Fetching weather for Becske alsó...
2026-05-31 18:46:10,210 - root - INFO - Fetched weather for Becske alsó: 18.0°C, Clouds, humidity: 62%
2026-05-31 18:46:11,311 - root - INFO - [359/1205] Fetching weather for Hosszúberek-Péteri...
2026-05-31 18:46:11,364 - root - INFO - Fetched weather for Hosszúberek-Péteri: 22.9°C, Clear, humidity: 42%
2026-05-31 18:46:12,466 - root - INFO - [360/1205] Fetching weather for Monorierdő...
2026-05-31 18:46:12,521 - root - INFO - Fetched weather for Monorierdő: 22.6°C, Clouds, humidity: 50%
2026-05-31 18:46:13,622 - root - INFO - [361/1205] Fetching weather for Ceglédbercel...
2026-05-31 18:46:13,676 - root - INFO - Fetched weather for Ceglédbercel: 17.7°C, Clouds, humidity: 57%
2026-05-31 18:46:14,778 - root - INFO - [362/1205] Fetching weather for Budai út...
2026-05-31 18:46:14,832 - root - INFO - Fetched weather for Budai út: 17.7°C, Clouds, humidity: 57%
2026-05-31 18:46:15,933 - root - INFO - [363/1205] Fetching weather for Büdöskútpuszta...
2026-05-31 18:46:15,986 - root - INFO - Fetched weather for Büdöskútpuszta: 19.4°C, Clouds, humidity: 69%
2026-05-31 18:46:17,088 - root - INFO - [364/1205] Fetching weather for Bánrévei Vízmű...
2026-05-31 18:46:17,147 - root - INFO - Fetched weather for Bánrévei Vízmű: 21.4°C, Clouds, humidity: 44%
2026-05-31 18:46:18,249 - root - INFO - [365/1205] Fetching weather for Rákoskert...
2026-05-31 18:46:18,303 - root - INFO - Fetched weather for Rákoskert: 22.7°C, Clear, humidity: 43%
2026-05-31 18:46:19,404 - root - INFO - [366/1205] Fetching weather for Szirmabesenyő...
2026-05-31 18:46:19,459 - root - INFO - Fetched weather for Szirmabesenyő: 21.0°C, Clouds, humidity: 55%
2026-05-31 18:46:20,561 - root - INFO - [367/1205] Fetching weather for Kitérőgyár...
2026-05-31 18:46:20,617 - root - INFO - Fetched weather for Kitérőgyár: 18.7°C, Clouds, humidity: 65%
2026-05-31 18:46:21,718 - root - INFO - [368/1205] Fetching weather for Tápiószentmárton...
2026-05-31 18:46:21,773 - root - INFO - Fetched weather for Tápiószentmárton: 17.8°C, Clouds, humidity: 57%
2026-05-31 18:46:22,875 - root - INFO - [369/1205] Fetching weather for Zagyvarékas...
2026-05-31 18:46:22,927 - root - INFO - Fetched weather for Zagyvarékas: 21.7°C, Clear, humidity: 48%
2026-05-31 18:46:24,028 - root - INFO - [370/1205] Fetching weather for Abonyi út...
2026-05-31 18:46:24,083 - root - INFO - Fetched weather for Abonyi út: 21.7°C, Clear, humidity: 48%
2026-05-31 18:46:25,184 - root - INFO - [371/1205] Fetching weather for Jászkisér felső...
2026-05-31 18:46:25,239 - root - INFO - Fetched weather for Jászkisér felső: 20.6°C, Clouds, humidity: 59%
2026-05-31 18:46:26,341 - root - INFO - [372/1205] Fetching weather for Szellőhát...
2026-05-31 18:46:26,393 - root - INFO - Fetched weather for Szellőhát: 17.9°C, Clouds, humidity: 58%
2026-05-31 18:46:27,494 - root - INFO - [373/1205] Fetching weather for Szilvásvárad-Szalajkavölgy...
2026-05-31 18:46:27,560 - root - INFO - Fetched weather for Szilvásvárad-Szalajkavölgy: 18.6°C, Clouds, humidity: 73%
2026-05-31 18:46:28,661 - root - INFO - [374/1205] Fetching weather for Vásárosnamény külső...
2026-05-31 18:46:28,716 - root - INFO - Fetched weather for Vásárosnamény külső: 19.7°C, Clouds, humidity: 58%
2026-05-31 18:46:29,817 - root - INFO - [375/1205] Fetching weather for Újváros...
2026-05-31 18:46:29,870 - root - INFO - Fetched weather for Újváros: 21.7°C, Clouds, humidity: 47%
2026-05-31 18:46:30,972 - root - INFO - [376/1205] Fetching weather for Városi park...
2026-05-31 18:46:31,036 - root - INFO - Fetched weather for Városi park: 23.1°C, Clouds, humidity: 53%
2026-05-31 18:46:32,138 - root - INFO - [377/1205] Fetching weather for Belsőkamaráspuszta...
2026-05-31 18:46:32,199 - root - INFO - Fetched weather for Belsőkamaráspuszta: 19.7°C, Clouds, humidity: 62%
2026-05-31 18:46:33,301 - root - INFO - [378/1205] Fetching weather for Sajószöged...
2026-05-31 18:46:33,356 - root - INFO - Fetched weather for Sajószöged: 19.2°C, Clouds, humidity: 71%
2026-05-31 18:46:34,458 - root - INFO - [379/1205] Fetching weather for Kazincbarcika alsó...
2026-05-31 18:46:34,511 - root - INFO - Fetched weather for Kazincbarcika alsó: 20.9°C, Clouds, humidity: 69%
2026-05-31 18:46:35,613 - root - INFO - [380/1205] Fetching weather for Nyárjas...
2026-05-31 18:46:35,672 - root - INFO - Fetched weather for Nyárjas: 23.1°C, Clear, humidity: 38%
2026-05-31 18:46:36,774 - root - INFO - [381/1205] Fetching weather for Pogonyipuszta...
2026-05-31 18:46:36,846 - root - INFO - Fetched weather for Pogonyipuszta: 21.3°C, Clouds, humidity: 44%
2026-05-31 18:46:37,948 - root - INFO - [382/1205] Fetching weather for Sióvölgy...
2026-05-31 18:46:38,009 - root - INFO - Fetched weather for Sióvölgy: 18.3°C, Clouds, humidity: 86%
2026-05-31 18:46:39,111 - root - INFO - [383/1205] Fetching weather for Répáspuszta...
2026-05-31 18:46:39,165 - root - INFO - Fetched weather for Répáspuszta: 17.5°C, Clouds, humidity: 92%
2026-05-31 18:46:40,267 - root - INFO - [384/1205] Fetching weather for Virányos...
2026-05-31 18:46:40,325 - root - INFO - Fetched weather for Virányos: 19.6°C, Clouds, humidity: 64%
2026-05-31 18:46:41,427 - root - INFO - [385/1205] Fetching weather for Füzesbokor...
2026-05-31 18:46:41,480 - root - INFO - Fetched weather for Füzesbokor: 19.7°C, Clouds, humidity: 62%
2026-05-31 18:46:42,582 - root - INFO - [386/1205] Fetching weather for Kunfehértó...
2026-05-31 18:46:42,641 - root - INFO - Fetched weather for Kunfehértó: 19.9°C, Clouds, humidity: 56%
2026-05-31 18:46:43,742 - root - INFO - [387/1205] Fetching weather for Erdőszél...
2026-05-31 18:46:43,805 - root - INFO - Fetched weather for Erdőszél: 20.0°C, Clouds, humidity: 56%
2026-05-31 18:46:44,907 - root - INFO - [388/1205] Fetching weather for Jánoshalma...
2026-05-31 18:46:44,964 - root - INFO - Fetched weather for Jánoshalma: 20.4°C, Clouds, humidity: 57%
2026-05-31 18:46:46,066 - root - INFO - [389/1205] Fetching weather for Mélykút...
2026-05-31 18:46:46,134 - root - INFO - Fetched weather for Mélykút: 22.7°C, Clouds, humidity: 59%
2026-05-31 18:46:47,235 - root - INFO - [390/1205] Fetching weather for Bácsalmás...
2026-05-31 18:46:47,290 - root - INFO - Fetched weather for Bácsalmás: 22.7°C, Clouds, humidity: 61%
2026-05-31 18:46:48,391 - root - INFO - [391/1205] Fetching weather for Almás...
2026-05-31 18:46:48,450 - root - INFO - Fetched weather for Almás: 22.7°C, Clouds, humidity: 61%
2026-05-31 18:46:49,551 - root - INFO - [392/1205] Fetching weather for Bácsbokod-Bácsborsód...
2026-05-31 18:46:49,606 - root - INFO - Fetched weather for Bácsbokod-Bácsborsód: 21.2°C, Clouds, humidity: 59%
2026-05-31 18:46:50,707 - root - INFO - [393/1205] Fetching weather for Baja...
2026-05-31 18:46:50,762 - root - INFO - Fetched weather for Baja: 21.5°C, Clouds, humidity: 59%
2026-05-31 18:46:51,863 - root - INFO - [394/1205] Fetching weather for Harkakötöny...
2026-05-31 18:46:51,918 - root - INFO - Fetched weather for Harkakötöny: 22.6°C, Clouds, humidity: 55%
2026-05-31 18:46:53,019 - root - INFO - [395/1205] Fetching weather for Tajó...
2026-05-31 18:46:53,076 - root - INFO - Fetched weather for Tajó: 22.7°C, Clouds, humidity: 55%
2026-05-31 18:46:54,177 - root - INFO - [396/1205] Fetching weather for Kiskunmajsa...
2026-05-31 18:46:54,236 - root - INFO - Fetched weather for Kiskunmajsa: 22.7°C, Clouds, humidity: 55%
2026-05-31 18:46:55,337 - root - INFO - [397/1205] Fetching weather for Jászszentlászló...
2026-05-31 18:46:55,408 - root - INFO - Fetched weather for Jászszentlászló: 19.8°C, Clouds, humidity: 54%
2026-05-31 18:46:56,509 - root - INFO - [398/1205] Fetching weather for Galambos...
2026-05-31 18:46:56,572 - root - INFO - Fetched weather for Galambos: 19.8°C, Clouds, humidity: 54%
2026-05-31 18:46:57,673 - root - INFO - [399/1205] Fetching weather for Pestszentimre...
2026-05-31 18:46:57,742 - root - INFO - Fetched weather for Pestszentimre: 22.9°C, Clear, humidity: 45%
2026-05-31 18:46:58,844 - root - INFO - [400/1205] Fetching weather for Gyál felső...
2026-05-31 18:46:58,901 - root - INFO - Fetched weather for Gyál felső: 23.0°C, Clear, humidity: 44%
2026-05-31 18:47:00,002 - root - INFO - [401/1205] Fetching weather for Gyál...
2026-05-31 18:47:00,053 - root - INFO - Fetched weather for Gyál: 23.0°C, Clear, humidity: 44%
2026-05-31 18:47:01,154 - root - INFO - [402/1205] Fetching weather for Ócsa...
2026-05-31 18:47:01,206 - root - INFO - Fetched weather for Ócsa: 23.1°C, Clear, humidity: 42%
2026-05-31 18:47:02,308 - root - INFO - [403/1205] Fetching weather for Inárcs-Kakucs...
2026-05-31 18:47:02,360 - root - INFO - Fetched weather for Inárcs-Kakucs: 23.2°C, Clouds, humidity: 51%
2026-05-31 18:47:03,462 - root - INFO - [404/1205] Fetching weather for Dabas...
2026-05-31 18:47:03,512 - root - INFO - Fetched weather for Dabas: 23.2°C, Clouds, humidity: 51%
2026-05-31 18:47:04,613 - root - INFO - [405/1205] Fetching weather for Gyón...
2026-05-31 18:47:04,678 - root - INFO - Fetched weather for Gyón: 23.2°C, Clouds, humidity: 52%
2026-05-31 18:47:05,780 - root - INFO - [406/1205] Fetching weather for Hernád...
2026-05-31 18:47:05,831 - root - INFO - Fetched weather for Hernád: 19.8°C, Clouds, humidity: 52%
2026-05-31 18:47:06,933 - root - INFO - [407/1205] Fetching weather for Bakonygyirót...
2026-05-31 18:47:06,994 - root - INFO - Fetched weather for Bakonygyirót: 23.6°C, Rain, humidity: 85%
2026-05-31 18:47:08,095 - root - INFO - [408/1205] Fetching weather for Vinye...
2026-05-31 18:47:08,151 - root - INFO - Fetched weather for Vinye: 18.0°C, Rain, humidity: 85%
2026-05-31 18:47:09,253 - root - INFO - [409/1205] Fetching weather for Nemesgörzsöny...
2026-05-31 18:47:09,309 - root - INFO - Fetched weather for Nemesgörzsöny: 19.2°C, Rain, humidity: 77%
2026-05-31 18:47:10,410 - root - INFO - [410/1205] Fetching weather for Rábahíd...
2026-05-31 18:47:10,463 - root - INFO - Fetched weather for Rábahíd: 19.1°C, Rain, humidity: 77%
2026-05-31 18:47:11,564 - root - INFO - [411/1205] Fetching weather for Öskü...
2026-05-31 18:47:11,623 - root - INFO - Fetched weather for Öskü: 17.8°C, Clouds, humidity: 80%
2026-05-31 18:47:12,725 - root - INFO - [412/1205] Fetching weather for Márkó...
2026-05-31 18:47:12,778 - root - INFO - Fetched weather for Márkó: 16.5°C, Clouds, humidity: 88%
2026-05-31 18:47:13,879 - root - INFO - [413/1205] Fetching weather for Nemeskocs...
2026-05-31 18:47:13,943 - root - INFO - Fetched weather for Nemeskocs: 19.1°C, Rain, humidity: 90%
2026-05-31 18:47:15,044 - root - INFO - [414/1205] Fetching weather for Zalagyömörő...
2026-05-31 18:47:15,106 - root - INFO - Fetched weather for Zalagyömörő: 17.9°C, Rain, humidity: 91%
2026-05-31 18:47:16,208 - root - INFO - [415/1205] Fetching weather for Rigács...
2026-05-31 18:47:16,266 - root - INFO - Fetched weather for Rigács: 17.9°C, Rain, humidity: 91%
2026-05-31 18:47:17,368 - root - INFO - [416/1205] Fetching weather for Kemenespálfa...
2026-05-31 18:47:17,428 - root - INFO - Fetched weather for Kemenespálfa: 18.0°C, Rain, humidity: 90%
2026-05-31 18:47:18,529 - root - INFO - [417/1205] Fetching weather for Lentiszombathely...
2026-05-31 18:47:18,586 - root - INFO - Fetched weather for Lentiszombathely: 16.1°C, Rain, humidity: 93%
2026-05-31 18:47:19,687 - root - INFO - [418/1205] Fetching weather for Ortaháza...
2026-05-31 18:47:19,743 - root - INFO - Fetched weather for Ortaháza: 17.6°C, Rain, humidity: 93%
2026-05-31 18:47:20,844 - root - INFO - [419/1205] Fetching weather for Rádiháza...
2026-05-31 18:47:20,906 - root - INFO - Fetched weather for Rádiháza: 17.5°C, Rain, humidity: 94%
2026-05-31 18:47:22,007 - root - INFO - [420/1205] Fetching weather for Baktüttös...
2026-05-31 18:47:22,063 - root - INFO - Fetched weather for Baktüttös: 18.6°C, Rain, humidity: 94%
2026-05-31 18:47:23,165 - root - INFO - [421/1205] Fetching weather for Budafa...
2026-05-31 18:47:23,225 - root - INFO - Fetched weather for Budafa: 17.8°C, Rain, humidity: 94%
2026-05-31 18:47:24,327 - root - INFO - [422/1205] Fetching weather for Zalapatakalja...
2026-05-31 18:47:24,387 - root - INFO - Fetched weather for Zalapatakalja: 17.8°C, Rain, humidity: 94%
2026-05-31 18:47:25,489 - root - INFO - [423/1205] Fetching weather for Tormásliget...
2026-05-31 18:47:25,542 - root - INFO - Fetched weather for Tormásliget: 15.3°C, Rain, humidity: 16%
2026-05-31 18:47:26,644 - root - INFO - [424/1205] Fetching weather for Belecska...
2026-05-31 18:47:26,700 - root - INFO - Fetched weather for Belecska: 18.6°C, Clouds, humidity: 83%
2026-05-31 18:47:27,801 - root - INFO - [425/1205] Fetching weather for Almár...
2026-05-31 18:47:27,854 - root - INFO - Fetched weather for Almár: 19.8°C, Clouds, humidity: 73%
2026-05-31 18:47:28,955 - root - INFO - [426/1205] Fetching weather for Vasútmúzeum...
2026-05-31 18:47:29,007 - root - INFO - Fetched weather for Vasútmúzeum: 21.1°C, Clear, humidity: 53%
2026-05-31 18:47:30,109 - root - INFO - [427/1205] Fetching weather for Abda...
2026-05-31 18:47:30,164 - root - INFO - Fetched weather for Abda: 24.1°C, Rain, humidity: 83%
2026-05-31 18:47:31,265 - root - INFO - [428/1205] Fetching weather for Vadaspark...
2026-05-31 18:47:31,326 - root - INFO - Fetched weather for Vadaspark: 19.7°C, Clouds, humidity: 53%
2026-05-31 18:47:32,427 - root - INFO - [429/1205] Fetching weather for Barosstelep...
2026-05-31 18:47:32,489 - root - INFO - Fetched weather for Barosstelep: 22.1°C, Clouds, humidity: 52%
2026-05-31 18:47:33,591 - root - INFO - [430/1205] Fetching weather for Fegyvernek-Örményes...
2026-05-31 18:47:33,648 - root - INFO - Fetched weather for Fegyvernek-Örményes: 23.0°C, Clouds, humidity: 58%
2026-05-31 18:47:34,750 - root - INFO - [431/1205] Fetching weather for Zagyvapálfalva...
2026-05-31 18:47:34,810 - root - INFO - Fetched weather for Zagyvapálfalva: 18.0°C, Clouds, humidity: 73%
2026-05-31 18:47:35,911 - root - INFO - [432/1205] Fetching weather for Salgótarján...
2026-05-31 18:47:35,973 - root - INFO - Fetched weather for Salgótarján: 17.4°C, Clouds, humidity: 73%
2026-05-31 18:47:37,074 - root - INFO - [433/1205] Fetching weather for Szabadisóstó...
2026-05-31 18:47:37,131 - root - INFO - Fetched weather for Szabadisóstó: 18.4°C, Clouds, humidity: 84%
2026-05-31 18:47:38,232 - root - INFO - [434/1205] Fetching weather for Siófok...
2026-05-31 18:47:38,293 - root - INFO - Fetched weather for Siófok: 18.3°C, Clouds, humidity: 86%
2026-05-31 18:47:39,394 - root - INFO - [435/1205] Fetching weather for Balatonszéplak felső...
2026-05-31 18:47:39,448 - root - INFO - Fetched weather for Balatonszéplak felső: 18.1°C, Clouds, humidity: 87%
2026-05-31 18:47:40,549 - root - INFO - [436/1205] Fetching weather for Balatonszéplak alsó...
2026-05-31 18:47:40,603 - root - INFO - Fetched weather for Balatonszéplak alsó: 18.1°C, Clouds, humidity: 88%
2026-05-31 18:47:41,704 - root - INFO - [437/1205] Fetching weather for Zamárdi felső...
2026-05-31 18:47:41,762 - root - INFO - Fetched weather for Zamárdi felső: 18.1°C, Clouds, humidity: 89%
2026-05-31 18:47:42,864 - root - INFO - [438/1205] Fetching weather for Zamárdi...
2026-05-31 18:47:42,918 - root - INFO - Fetched weather for Zamárdi: 18.1°C, Clouds, humidity: 89%
2026-05-31 18:47:44,019 - root - INFO - [439/1205] Fetching weather for Szántód...
2026-05-31 18:47:44,077 - root - INFO - Fetched weather for Szántód: 17.9°C, Clouds, humidity: 90%
2026-05-31 18:47:45,179 - root - INFO - [440/1205] Fetching weather for Szőny-Déli...
2026-05-31 18:47:45,230 - root - INFO - Fetched weather for Szőny-Déli: 24.1°C, Rain, humidity: 81%
2026-05-31 18:47:46,331 - root - INFO - [441/1205] Fetching weather for Várpalota...
2026-05-31 18:47:46,387 - root - INFO - Fetched weather for Várpalota: 17.5°C, Clouds, humidity: 77%
2026-05-31 18:47:47,488 - root - INFO - [442/1205] Fetching weather for Pétfürdő...
2026-05-31 18:47:47,546 - root - INFO - Fetched weather for Pétfürdő: 18.0°C, Clouds, humidity: 78%
2026-05-31 18:47:48,647 - root - INFO - [443/1205] Fetching weather for Hajmáskér...
2026-05-31 18:47:48,709 - root - INFO - Fetched weather for Hajmáskér: 17.5°C, Clouds, humidity: 81%
2026-05-31 18:47:49,811 - root - INFO - [444/1205] Fetching weather for Veszprém...
2026-05-31 18:47:49,864 - root - INFO - Fetched weather for Veszprém: 17.2°C, Clouds, humidity: 85%
2026-05-31 18:47:50,966 - root - INFO - [445/1205] Fetching weather for Herend...
2026-05-31 18:47:51,026 - root - INFO - Fetched weather for Herend: 16.4°C, Rain, humidity: 89%
2026-05-31 18:47:52,128 - root - INFO - [446/1205] Fetching weather for Városlőd...
2026-05-31 18:47:52,182 - root - INFO - Fetched weather for Városlőd: 18.0°C, Rain, humidity: 90%
2026-05-31 18:47:53,283 - root - INFO - [447/1205] Fetching weather for Városlőd-Kislőd...
2026-05-31 18:47:53,335 - root - INFO - Fetched weather for Városlőd-Kislőd: 18.1°C, Rain, humidity: 91%
2026-05-31 18:47:54,437 - root - INFO - [448/1205] Fetching weather for Ajka...
2026-05-31 18:47:54,505 - root - INFO - Fetched weather for Ajka: 18.4°C, Rain, humidity: 91%
2026-05-31 18:47:55,606 - root - INFO - [449/1205] Fetching weather for Ajka-Gyártelep...
2026-05-31 18:47:55,657 - root - INFO - Fetched weather for Ajka-Gyártelep: 18.4°C, Rain, humidity: 91%
2026-05-31 18:47:56,758 - root - INFO - [450/1205] Fetching weather for Devecser...
2026-05-31 18:47:56,818 - root - INFO - Fetched weather for Devecser: 18.8°C, Rain, humidity: 91%
2026-05-31 18:47:57,919 - root - INFO - [451/1205] Fetching weather for Somlóvásárhely...
2026-05-31 18:47:57,974 - root - INFO - Fetched weather for Somlóvásárhely: 18.9°C, Rain, humidity: 91%
2026-05-31 18:47:59,075 - root - INFO - [452/1205] Fetching weather for Tüskevár...
2026-05-31 18:47:59,128 - root - INFO - Fetched weather for Tüskevár: 19.0°C, Rain, humidity: 91%
2026-05-31 18:48:00,230 - root - INFO - [453/1205] Fetching weather for Karakószörcsök...
2026-05-31 18:48:00,288 - root - INFO - Fetched weather for Karakószörcsök: 17.9°C, Rain, humidity: 90%
2026-05-31 18:48:01,389 - root - INFO - [454/1205] Fetching weather for Kerta...
2026-05-31 18:48:01,447 - root - INFO - Fetched weather for Kerta: 18.1°C, Rain, humidity: 90%
2026-05-31 18:48:02,548 - root - INFO - [455/1205] Fetching weather for Boba...
2026-05-31 18:48:02,603 - root - INFO - Fetched weather for Boba: 18.0°C, Rain, humidity: 90%
2026-05-31 18:48:03,705 - root - INFO - [456/1205] Fetching weather for Börgönd...
2026-05-31 18:48:03,757 - root - INFO - Fetched weather for Börgönd: 17.5°C, Clouds, humidity: 75%
2026-05-31 18:48:04,859 - root - INFO - [457/1205] Fetching weather for Belsőbáránd...
2026-05-31 18:48:04,920 - root - INFO - Fetched weather for Belsőbáránd: 17.5°C, Clouds, humidity: 75%
2026-05-31 18:48:06,022 - root - INFO - [458/1205] Fetching weather for Zichyújfalu...
2026-05-31 18:48:06,080 - root - INFO - Fetched weather for Zichyújfalu: 18.1°C, Clouds, humidity: 69%
2026-05-31 18:48:07,182 - root - INFO - [459/1205] Fetching weather for Seregélyes...
2026-05-31 18:48:07,235 - root - INFO - Fetched weather for Seregélyes: 17.7°C, Clouds, humidity: 74%
2026-05-31 18:48:08,337 - root - INFO - [460/1205] Fetching weather for Polgárdi-Ipartelepek...
2026-05-31 18:48:08,395 - root - INFO - Fetched weather for Polgárdi-Ipartelepek: 17.6°C, Clouds, humidity: 77%
2026-05-31 18:48:09,496 - root - INFO - [461/1205] Fetching weather for Polgárdi...
2026-05-31 18:48:09,555 - root - INFO - Fetched weather for Polgárdi: 17.6°C, Clouds, humidity: 77%
2026-05-31 18:48:10,657 - root - INFO - [462/1205] Fetching weather for Füle...
2026-05-31 18:48:10,731 - root - INFO - Fetched weather for Füle: 17.8°C, Clouds, humidity: 77%
2026-05-31 18:48:11,832 - root - INFO - [463/1205] Fetching weather for Zánka-Erzsébettábor...
2026-05-31 18:48:11,896 - root - INFO - Fetched weather for Zánka-Erzsébettábor: 17.7°C, Rain, humidity: 91%
2026-05-31 18:48:12,997 - root - INFO - [464/1205] Fetching weather for Csajág...
2026-05-31 18:48:13,052 - root - INFO - Fetched weather for Csajág: 18.0°C, Clouds, humidity: 79%
2026-05-31 18:48:14,154 - root - INFO - [465/1205] Fetching weather for Balatonakarattya...
2026-05-31 18:48:14,207 - root - INFO - Fetched weather for Balatonakarattya: 18.0°C, Clouds, humidity: 79%
2026-05-31 18:48:15,309 - root - INFO - [466/1205] Fetching weather for Csittényhegy...
2026-05-31 18:48:15,371 - root - INFO - Fetched weather for Csittényhegy: 18.3°C, Clouds, humidity: 80%
2026-05-31 18:48:16,472 - root - INFO - [467/1205] Fetching weather for Balatonkenese...
2026-05-31 18:48:16,531 - root - INFO - Fetched weather for Balatonkenese: 18.4°C, Clouds, humidity: 81%
2026-05-31 18:48:17,632 - root - INFO - [468/1205] Fetching weather for Balatonfűzfő...
2026-05-31 18:48:17,687 - root - INFO - Fetched weather for Balatonfűzfő: 18.0°C, Clouds, humidity: 83%
2026-05-31 18:48:18,789 - root - INFO - [469/1205] Fetching weather for Balatonalmádi...
2026-05-31 18:48:18,843 - root - INFO - Fetched weather for Balatonalmádi: 18.2°C, Clouds, humidity: 83%
2026-05-31 18:48:19,944 - root - INFO - [470/1205] Fetching weather for Káptalanfüred...
2026-05-31 18:48:20,008 - root - INFO - Fetched weather for Káptalanfüred: 17.2°C, Clouds, humidity: 85%
2026-05-31 18:48:21,110 - root - INFO - [471/1205] Fetching weather for Alsóörs...
2026-05-31 18:48:21,160 - root - INFO - Fetched weather for Alsóörs: 17.2°C, Clouds, humidity: 85%
2026-05-31 18:48:22,262 - root - INFO - [472/1205] Fetching weather for Csopak...
2026-05-31 18:48:22,323 - root - INFO - Fetched weather for Csopak: 17.4°C, Clouds, humidity: 88%
2026-05-31 18:48:23,424 - root - INFO - [473/1205] Fetching weather for Balatonarács...
2026-05-31 18:48:23,482 - root - INFO - Fetched weather for Balatonarács: 17.4°C, Clouds, humidity: 88%
2026-05-31 18:48:24,584 - root - INFO - [474/1205] Fetching weather for Balatonfüred...
2026-05-31 18:48:24,641 - root - INFO - Fetched weather for Balatonfüred: 17.7°C, Clouds, humidity: 89%
2026-05-31 18:48:25,742 - root - INFO - [475/1205] Fetching weather for Aszófő...
2026-05-31 18:48:25,792 - root - INFO - Fetched weather for Aszófő: 17.6°C, Clouds, humidity: 90%
2026-05-31 18:48:26,894 - root - INFO - [476/1205] Fetching weather for Örvényes...
2026-05-31 18:48:26,950 - root - INFO - Fetched weather for Örvényes: 17.6°C, Clouds, humidity: 90%
2026-05-31 18:48:28,051 - root - INFO - [477/1205] Fetching weather for Balatonudvari...
2026-05-31 18:48:28,112 - root - INFO - Fetched weather for Balatonudvari: 17.0°C, Clouds, humidity: 90%
2026-05-31 18:48:29,213 - root - INFO - [478/1205] Fetching weather for Fövenyes...
2026-05-31 18:48:29,267 - root - INFO - Fetched weather for Fövenyes: 17.7°C, Clouds, humidity: 91%
2026-05-31 18:48:30,369 - root - INFO - [479/1205] Fetching weather for Balatonakali-Dörgicse...
2026-05-31 18:48:30,422 - root - INFO - Fetched weather for Balatonakali-Dörgicse: 17.3°C, Rain, humidity: 91%
2026-05-31 18:48:31,523 - root - INFO - [480/1205] Fetching weather for Zánka-Köveskál...
2026-05-31 18:48:31,575 - root - INFO - Fetched weather for Zánka-Köveskál: 17.3°C, Rain, humidity: 91%
2026-05-31 18:48:32,677 - root - INFO - [481/1205] Fetching weather for Balatonszepezd...
2026-05-31 18:48:32,732 - root - INFO - Fetched weather for Balatonszepezd: 17.7°C, Rain, humidity: 91%
2026-05-31 18:48:33,834 - root - INFO - [482/1205] Fetching weather for Szepezdfürdő...
2026-05-31 18:48:33,892 - root - INFO - Fetched weather for Szepezdfürdő: 16.7°C, Rain, humidity: 91%
2026-05-31 18:48:34,994 - root - INFO - [483/1205] Fetching weather for Révfülöp...
2026-05-31 18:48:35,047 - root - INFO - Fetched weather for Révfülöp: 16.7°C, Rain, humidity: 91%
2026-05-31 18:48:36,149 - root - INFO - [484/1205] Fetching weather for Balatonrendes...
2026-05-31 18:48:36,205 - root - INFO - Fetched weather for Balatonrendes: 17.4°C, Rain, humidity: 92%
2026-05-31 18:48:37,306 - root - INFO - [485/1205] Fetching weather for Ábrahámhegy...
2026-05-31 18:48:37,359 - root - INFO - Fetched weather for Ábrahámhegy: 17.4°C, Rain, humidity: 92%
2026-05-31 18:48:38,461 - root - INFO - [486/1205] Fetching weather for Badacsonyörs...
2026-05-31 18:48:38,512 - root - INFO - Fetched weather for Badacsonyörs: 17.6°C, Rain, humidity: 92%
2026-05-31 18:48:39,613 - root - INFO - [487/1205] Fetching weather for Kisújszállás...
2026-05-31 18:48:39,683 - root - INFO - Fetched weather for Kisújszállás: 19.5°C, Clouds, humidity: 62%
2026-05-31 18:48:40,784 - root - INFO - [488/1205] Fetching weather for Karcag...
2026-05-31 18:48:40,844 - root - INFO - Fetched weather for Karcag: 19.4°C, Clouds, humidity: 63%
2026-05-31 18:48:41,946 - root - INFO - [489/1205] Fetching weather for Püspökladány...
2026-05-31 18:48:42,003 - root - INFO - Fetched weather for Püspökladány: 19.6°C, Clouds, humidity: 60%
2026-05-31 18:48:43,105 - root - INFO - [490/1205] Fetching weather for Kaba...
2026-05-31 18:48:43,168 - root - INFO - Fetched weather for Kaba: 22.1°C, Clouds, humidity: 57%
2026-05-31 18:48:44,269 - root - INFO - [491/1205] Fetching weather for Hajdúszoboszló...
2026-05-31 18:48:44,322 - root - INFO - Fetched weather for Hajdúszoboszló: 22.1°C, Clear, humidity: 49%
2026-05-31 18:48:45,423 - root - INFO - [492/1205] Fetching weather for Ebes...
2026-05-31 18:48:45,485 - root - INFO - Fetched weather for Ebes: 22.0°C, Clear, humidity: 49%
2026-05-31 18:48:46,586 - root - INFO - [493/1205] Fetching weather for Debrecen...
2026-05-31 18:48:46,637 - root - INFO - Fetched weather for Debrecen: 21.9°C, Clear, humidity: 49%
2026-05-31 18:48:47,738 - root - INFO - [494/1205] Fetching weather for Debrecen-Csapókert...
2026-05-31 18:48:47,795 - root - INFO - Fetched weather for Debrecen-Csapókert: 21.9°C, Clear, humidity: 49%
2026-05-31 18:48:48,897 - root - INFO - [495/1205] Fetching weather for Apafa...
2026-05-31 18:48:48,951 - root - INFO - Fetched weather for Apafa: 21.8°C, Clear, humidity: 49%
2026-05-31 18:48:50,052 - root - INFO - [496/1205] Fetching weather for Bocskaikert...
2026-05-31 18:48:50,112 - root - INFO - Fetched weather for Bocskaikert: 21.8°C, Clear, humidity: 49%
2026-05-31 18:48:51,214 - root - INFO - [497/1205] Fetching weather for Hajdúhadház...
2026-05-31 18:48:51,269 - root - INFO - Fetched weather for Hajdúhadház: 21.7°C, Clouds, humidity: 61%
2026-05-31 18:48:52,371 - root - INFO - [498/1205] Fetching weather for Téglás...
2026-05-31 18:48:52,427 - root - INFO - Fetched weather for Téglás: 21.8°C, Clouds, humidity: 62%
2026-05-31 18:48:53,529 - root - INFO - [499/1205] Fetching weather for Újfehértó...
2026-05-31 18:48:53,585 - root - INFO - Fetched weather for Újfehértó: 19.6°C, Clouds, humidity: 62%
2026-05-31 18:48:54,687 - root - INFO - [500/1205] Fetching weather for Nyíregyháza...
2026-05-31 18:48:54,752 - root - INFO - Fetched weather for Nyíregyháza: 19.6°C, Clouds, humidity: 62%
2026-05-31 18:48:55,854 - root - INFO - [501/1205] Fetching weather for Sóstó...
2026-05-31 18:48:55,906 - root - INFO - Fetched weather for Sóstó: 19.6°C, Clouds, humidity: 61%
2026-05-31 18:48:57,008 - root - INFO - [502/1205] Fetching weather for Sóstóhegy...
2026-05-31 18:48:57,062 - root - INFO - Fetched weather for Sóstóhegy: 19.7°C, Clouds, humidity: 62%
2026-05-31 18:48:58,163 - root - INFO - [503/1205] Fetching weather for Kemecse...
2026-05-31 18:48:58,217 - root - INFO - Fetched weather for Kemecse: 19.7°C, Clouds, humidity: 62%
2026-05-31 18:48:59,319 - root - INFO - [504/1205] Fetching weather for Nyírbogdány...
2026-05-31 18:48:59,371 - root - INFO - Fetched weather for Nyírbogdány: 19.7°C, Clouds, humidity: 62%
2026-05-31 18:49:00,472 - root - INFO - [505/1205] Fetching weather for Kék...
2026-05-31 18:49:00,532 - root - INFO - Fetched weather for Kék: 19.7°C, Clouds, humidity: 62%
2026-05-31 18:49:01,633 - root - INFO - [506/1205] Fetching weather for Demecser...
2026-05-31 18:49:01,693 - root - INFO - Fetched weather for Demecser: 19.7°C, Clouds, humidity: 62%
2026-05-31 18:49:02,795 - root - INFO - [507/1205] Fetching weather for Gégény...
2026-05-31 18:49:02,856 - root - INFO - Fetched weather for Gégény: 19.7°C, Clouds, humidity: 62%
2026-05-31 18:49:03,958 - root - INFO - [508/1205] Fetching weather for Pátroha...
2026-05-31 18:49:04,019 - root - INFO - Fetched weather for Pátroha: 19.7°C, Clouds, humidity: 62%
2026-05-31 18:49:05,121 - root - INFO - [509/1205] Fetching weather for Ajak...
2026-05-31 18:49:05,175 - root - INFO - Fetched weather for Ajak: 19.7°C, Clouds, humidity: 62%
2026-05-31 18:49:06,277 - root - INFO - [510/1205] Fetching weather for Kisvárda...
2026-05-31 18:49:06,340 - root - INFO - Fetched weather for Kisvárda: 19.6°C, Clouds, humidity: 62%
2026-05-31 18:49:07,442 - root - INFO - [511/1205] Fetching weather for Kisvárda-Hármasút...
2026-05-31 18:49:07,500 - root - INFO - Fetched weather for Kisvárda-Hármasút: 19.6°C, Clouds, humidity: 62%
2026-05-31 18:49:08,602 - root - INFO - [512/1205] Fetching weather for Fényeslitke...
2026-05-31 18:49:08,664 - root - INFO - Fetched weather for Fényeslitke: 19.5°C, Clouds, humidity: 62%
2026-05-31 18:49:09,765 - root - INFO - [513/1205] Fetching weather for Komoró...
2026-05-31 18:49:09,823 - root - INFO - Fetched weather for Komoró: 19.5°C, Rain, humidity: 63%
2026-05-31 18:49:10,924 - root - INFO - [514/1205] Fetching weather for Tuzsér...
2026-05-31 18:49:10,978 - root - INFO - Fetched weather for Tuzsér: 19.4°C, Rain, humidity: 63%
2026-05-31 18:49:12,080 - root - INFO - [515/1205] Fetching weather for Tiszabezdéd...
2026-05-31 18:49:12,132 - root - INFO - Fetched weather for Tiszabezdéd: 19.3°C, Rain, humidity: 64%
2026-05-31 18:49:13,234 - root - INFO - [516/1205] Fetching weather for Záhony...
2026-05-31 18:49:13,294 - root - INFO - Fetched weather for Záhony: 19.2°C, Rain, humidity: 64%
2026-05-31 18:49:14,395 - root - INFO - [517/1205] Fetching weather for Karcag-Vásártér...
2026-05-31 18:49:14,463 - root - INFO - Fetched weather for Karcag-Vásártér: 19.4°C, Clouds, humidity: 63%
2026-05-31 18:49:15,565 - root - INFO - [518/1205] Fetching weather for Berekfürdő...
2026-05-31 18:49:15,620 - root - INFO - Fetched weather for Berekfürdő: 19.4°C, Clouds, humidity: 62%
2026-05-31 18:49:16,721 - root - INFO - [519/1205] Fetching weather for Kunmadaras...
2026-05-31 18:49:16,777 - root - INFO - Fetched weather for Kunmadaras: 19.4°C, Clouds, humidity: 62%
2026-05-31 18:49:17,879 - root - INFO - [520/1205] Fetching weather for Tiszaszentimre...
2026-05-31 18:49:17,933 - root - INFO - Fetched weather for Tiszaszentimre: 19.5°C, Clouds, humidity: 62%
2026-05-31 18:49:19,035 - root - INFO - [521/1205] Fetching weather for Tiszaszőlős...
2026-05-31 18:49:19,088 - root - INFO - Fetched weather for Tiszaszőlős: 19.6°C, Clouds, humidity: 61%
2026-05-31 18:49:20,189 - root - INFO - [522/1205] Fetching weather for Hosszúhát...
2026-05-31 18:49:20,247 - root - INFO - Fetched weather for Hosszúhát: 19.5°C, Clouds, humidity: 61%
2026-05-31 18:49:21,348 - root - INFO - [523/1205] Fetching weather for Szerep...
2026-05-31 18:49:21,403 - root - INFO - Fetched weather for Szerep: 19.6°C, Clouds, humidity: 60%
2026-05-31 18:49:22,504 - root - INFO - [524/1205] Fetching weather for Sárrétudvari...
2026-05-31 18:49:22,556 - root - INFO - Fetched weather for Sárrétudvari: 19.6°C, Clouds, humidity: 59%
2026-05-31 18:49:23,657 - root - INFO - [525/1205] Fetching weather for Biharnagybajom...
2026-05-31 18:49:23,715 - root - INFO - Fetched weather for Biharnagybajom: 19.7°C, Clouds, humidity: 59%
2026-05-31 18:49:24,817 - root - INFO - [526/1205] Fetching weather for Füzesgyarmat...
2026-05-31 18:49:24,869 - root - INFO - Fetched weather for Füzesgyarmat: 19.5°C, Clouds, humidity: 61%
2026-05-31 18:49:25,970 - root - INFO - [527/1205] Fetching weather for Füzesgyarmatfürdő...
2026-05-31 18:49:26,025 - root - INFO - Fetched weather for Füzesgyarmatfürdő: 19.5°C, Clouds, humidity: 61%
2026-05-31 18:49:27,127 - root - INFO - [528/1205] Fetching weather for Báránd...
2026-05-31 18:49:27,196 - root - INFO - Fetched weather for Báránd: 19.8°C, Clouds, humidity: 58%
2026-05-31 18:49:28,298 - root - INFO - [529/1205] Fetching weather for Sáp...
2026-05-31 18:49:28,360 - root - INFO - Fetched weather for Sáp: 19.8°C, Clouds, humidity: 56%
2026-05-31 18:49:29,462 - root - INFO - [530/1205] Fetching weather for Berettyóújfalu...
2026-05-31 18:49:29,516 - root - INFO - Fetched weather for Berettyóújfalu: 19.8°C, Clouds, humidity: 55%
2026-05-31 18:49:30,617 - root - INFO - [531/1205] Fetching weather for Mezőpeterd...
2026-05-31 18:49:30,683 - root - INFO - Fetched weather for Mezőpeterd: 21.3°C, Clouds, humidity: 54%
2026-05-31 18:49:31,785 - root - INFO - [532/1205] Fetching weather for Biharkeresztes...
2026-05-31 18:49:31,840 - root - INFO - Fetched weather for Biharkeresztes: 21.2°C, Clear, humidity: 52%
2026-05-31 18:49:32,942 - root - INFO - [533/1205] Fetching weather for Tócóvölgy...
2026-05-31 18:49:32,995 - root - INFO - Fetched weather for Tócóvölgy: 22.0°C, Clear, humidity: 49%
2026-05-31 18:49:34,096 - root - INFO - [534/1205] Fetching weather for Sáregres...
2026-05-31 18:49:34,154 - root - INFO - Fetched weather for Sáregres: 18.7°C, Clouds, humidity: 75%
2026-05-31 18:49:35,256 - root - INFO - [535/1205] Fetching weather for Simontornya...
2026-05-31 18:49:35,309 - root - INFO - Fetched weather for Simontornya: 18.5°C, Clouds, humidity: 80%
2026-05-31 18:49:36,411 - root - INFO - [536/1205] Fetching weather for Tolnanémedi...
2026-05-31 18:49:36,469 - root - INFO - Fetched weather for Tolnanémedi: 18.5°C, Clouds, humidity: 81%
2026-05-31 18:49:37,570 - root - INFO - [537/1205] Fetching weather for Pincehely...
2026-05-31 18:49:37,627 - root - INFO - Fetched weather for Pincehely: 18.4°C, Clouds, humidity: 84%
2026-05-31 18:49:38,729 - root - INFO - [538/1205] Fetching weather for Keszőhidegkút-Gyönk...
2026-05-31 18:49:38,799 - root - INFO - Fetched weather for Keszőhidegkút-Gyönk: 18.5°C, Clouds, humidity: 83%
2026-05-31 18:49:39,901 - root - INFO - [539/1205] Fetching weather for Szárazd...
2026-05-31 18:49:39,976 - root - INFO - Fetched weather for Szárazd: 18.6°C, Clouds, humidity: 82%
2026-05-31 18:49:41,078 - root - INFO - [540/1205] Fetching weather for Regöly...
2026-05-31 18:49:41,137 - root - INFO - Fetched weather for Regöly: 18.6°C, Clouds, humidity: 82%
2026-05-31 18:49:42,239 - root - INFO - [541/1205] Fetching weather for Szakály-Hőgyész...
2026-05-31 18:49:42,296 - root - INFO - Fetched weather for Szakály-Hőgyész: 18.5°C, Clouds, humidity: 83%
2026-05-31 18:49:43,398 - root - INFO - [542/1205] Fetching weather for Dúzs...
2026-05-31 18:49:43,453 - root - INFO - Fetched weather for Dúzs: 18.5°C, Clouds, humidity: 83%
2026-05-31 18:49:44,555 - root - INFO - [543/1205] Fetching weather for Csibrák...
2026-05-31 18:49:44,624 - root - INFO - Fetched weather for Csibrák: 18.5°C, Clouds, humidity: 84%
2026-05-31 18:49:45,725 - root - INFO - [544/1205] Fetching weather for Kurd...
2026-05-31 18:49:45,780 - root - INFO - Fetched weather for Kurd: 18.2°C, Clouds, humidity: 85%
2026-05-31 18:49:46,882 - root - INFO - [545/1205] Fetching weather for Döbrököz...
2026-05-31 18:49:46,948 - root - INFO - Fetched weather for Döbrököz: 18.3°C, Clouds, humidity: 87%
2026-05-31 18:49:48,049 - root - INFO - [546/1205] Fetching weather for Dombóvár...
2026-05-31 18:49:48,102 - root - INFO - Fetched weather for Dombóvár: 18.1°C, Clouds, humidity: 90%
2026-05-31 18:49:49,204 - root - INFO - [547/1205] Fetching weather for Dombóvár alsó...
2026-05-31 18:49:49,267 - root - INFO - Fetched weather for Dombóvár alsó: 18.1°C, Clouds, humidity: 90%
2026-05-31 18:49:50,369 - root - INFO - [548/1205] Fetching weather for Somoskőújfalu...
2026-05-31 18:49:50,422 - root - INFO - Fetched weather for Somoskőújfalu: 16.3°C, Clouds, humidity: 72%
2026-05-31 18:49:51,523 - root - INFO - [549/1205] Fetching weather for Jászfényszaru...
2026-05-31 18:49:51,587 - root - INFO - Fetched weather for Jászfényszaru: 19.3°C, Clouds, humidity: 56%
2026-05-31 18:49:52,689 - root - INFO - [550/1205] Fetching weather for Pusztamonostor...
2026-05-31 18:49:52,743 - root - INFO - Fetched weather for Pusztamonostor: 17.7°C, Clouds, humidity: 56%
2026-05-31 18:49:53,844 - root - INFO - [551/1205] Fetching weather for Jászberény...
2026-05-31 18:49:53,906 - root - INFO - Fetched weather for Jászberény: 17.8°C, Clouds, humidity: 56%
2026-05-31 18:49:55,008 - root - INFO - [552/1205] Fetching weather for Meggyespele...
2026-05-31 18:49:55,062 - root - INFO - Fetched weather for Meggyespele: 17.8°C, Clouds, humidity: 57%
2026-05-31 18:49:56,164 - root - INFO - [553/1205] Fetching weather for Portelek...
2026-05-31 18:49:56,220 - root - INFO - Fetched weather for Portelek: 17.9°C, Clouds, humidity: 57%
2026-05-31 18:49:57,322 - root - INFO - [554/1205] Fetching weather for Jászboldogháza-Jánoshida...
2026-05-31 18:49:57,378 - root - INFO - Fetched weather for Jászboldogháza-Jánoshida: 17.9°C, Clouds, humidity: 57%
2026-05-31 18:49:58,480 - root - INFO - [555/1205] Fetching weather for Jászárokszállás...
2026-05-31 18:49:58,540 - root - INFO - Fetched weather for Jászárokszállás: 19.2°C, Clouds, humidity: 60%
2026-05-31 18:49:59,642 - root - INFO - [556/1205] Fetching weather for Jászdózsa...
2026-05-31 18:49:59,699 - root - INFO - Fetched weather for Jászdózsa: 19.3°C, Clouds, humidity: 60%
2026-05-31 18:50:00,801 - root - INFO - [557/1205] Fetching weather for Jászapáti...
2026-05-31 18:50:00,851 - root - INFO - Fetched weather for Jászapáti: 19.4°C, Clouds, humidity: 60%
2026-05-31 18:50:01,952 - root - INFO - [558/1205] Fetching weather for Jászkisér...
2026-05-31 18:50:02,003 - root - INFO - Fetched weather for Jászkisér: 19.6°C, Clouds, humidity: 59%
2026-05-31 18:50:03,105 - root - INFO - [559/1205] Fetching weather for Jászladány...
2026-05-31 18:50:03,176 - root - INFO - Fetched weather for Jászladány: 17.9°C, Clouds, humidity: 57%
2026-05-31 18:50:04,278 - root - INFO - [560/1205] Fetching weather for Szászberek...
2026-05-31 18:50:04,332 - root - INFO - Fetched weather for Szászberek: 23.0°C, Clouds, humidity: 56%
2026-05-31 18:50:05,434 - root - INFO - [561/1205] Fetching weather for Gyöngyöshalász...
2026-05-31 18:50:05,484 - root - INFO - Fetched weather for Gyöngyöshalász: 18.9°C, Clouds, humidity: 64%
2026-05-31 18:50:06,586 - root - INFO - [562/1205] Fetching weather for Gyöngyös...
2026-05-31 18:50:06,641 - root - INFO - Fetched weather for Gyöngyös: 18.5°C, Clouds, humidity: 65%
2026-05-31 18:50:07,743 - root - INFO - [563/1205] Fetching weather for Erdőtelek...
2026-05-31 18:50:07,806 - root - INFO - Fetched weather for Erdőtelek: 19.1°C, Clouds, humidity: 64%
2026-05-31 18:50:08,908 - root - INFO - [564/1205] Fetching weather for Heves...
2026-05-31 18:50:08,961 - root - INFO - Fetched weather for Heves: 19.3°C, Clouds, humidity: 62%
2026-05-31 18:50:10,063 - root - INFO - [565/1205] Fetching weather for Hevesvezekény...
2026-05-31 18:50:10,120 - root - INFO - Fetched weather for Hevesvezekény: 19.5°C, Clouds, humidity: 62%
2026-05-31 18:50:11,222 - root - INFO - [566/1205] Fetching weather for Tarnaszentmiklós...
2026-05-31 18:50:11,277 - root - INFO - Fetched weather for Tarnaszentmiklós: 19.5°C, Clouds, humidity: 61%
2026-05-31 18:50:12,379 - root - INFO - [567/1205] Fetching weather for Kisköre...
2026-05-31 18:50:12,436 - root - INFO - Fetched weather for Kisköre: 19.7°C, Clouds, humidity: 60%
2026-05-31 18:50:13,538 - root - INFO - [568/1205] Fetching weather for Abádszalók...
2026-05-31 18:50:13,598 - root - INFO - Fetched weather for Abádszalók: 19.8°C, Clouds, humidity: 59%
2026-05-31 18:50:14,700 - root - INFO - [569/1205] Fetching weather for Kunhegyes...
2026-05-31 18:50:14,757 - root - INFO - Fetched weather for Kunhegyes: 19.7°C, Clouds, humidity: 60%
2026-05-31 18:50:15,859 - root - INFO - [570/1205] Fetching weather for Kenderes...
2026-05-31 18:50:15,917 - root - INFO - Fetched weather for Kenderes: 19.7°C, Clouds, humidity: 60%
2026-05-31 18:50:17,019 - root - INFO - [571/1205] Fetching weather for Maklár...
2026-05-31 18:50:17,077 - root - INFO - Fetched weather for Maklár: 20.1°C, Clouds, humidity: 67%
2026-05-31 18:50:18,178 - root - INFO - [572/1205] Fetching weather for Andornaktálya...
2026-05-31 18:50:18,240 - root - INFO - Fetched weather for Andornaktálya: 20.1°C, Clouds, humidity: 68%
2026-05-31 18:50:19,342 - root - INFO - [573/1205] Fetching weather for Eger...
2026-05-31 18:50:19,395 - root - INFO - Fetched weather for Eger: 20.0°C, Clouds, humidity: 69%
2026-05-31 18:50:20,497 - root - INFO - [574/1205] Fetching weather for Egervár...
2026-05-31 18:50:20,553 - root - INFO - Fetched weather for Egervár: 19.8°C, Clouds, humidity: 73%
2026-05-31 18:50:21,655 - root - INFO - [575/1205] Fetching weather for Eger-Felnémet...
2026-05-31 18:50:21,709 - root - INFO - Fetched weather for Eger-Felnémet: 19.9°C, Clouds, humidity: 73%
2026-05-31 18:50:22,811 - root - INFO - [576/1205] Fetching weather for Szarvaskő...
2026-05-31 18:50:22,864 - root - INFO - Fetched weather for Szarvaskő: 19.4°C, Clouds, humidity: 73%
2026-05-31 18:50:23,966 - root - INFO - [577/1205] Fetching weather for Mónosbél...
2026-05-31 18:50:24,018 - root - INFO - Fetched weather for Mónosbél: 19.3°C, Clouds, humidity: 73%
2026-05-31 18:50:25,120 - root - INFO - [578/1205] Fetching weather for Bélapátfalva...
2026-05-31 18:50:25,173 - root - INFO - Fetched weather for Bélapátfalva: 19.0°C, Clouds, humidity: 73%
2026-05-31 18:50:26,275 - root - INFO - [579/1205] Fetching weather for Bélapátfalvi Cementgyár...
2026-05-31 18:50:26,331 - root - INFO - Fetched weather for Bélapátfalvi Cementgyár: 18.9°C, Clouds, humidity: 73%
2026-05-31 18:50:27,432 - root - INFO - [580/1205] Fetching weather for Szilvásvárad...
2026-05-31 18:50:27,483 - root - INFO - Fetched weather for Szilvásvárad: 18.8°C, Clouds, humidity: 73%
2026-05-31 18:50:28,585 - root - INFO - [581/1205] Fetching weather for Hejőkeresztúr...
2026-05-31 18:50:28,650 - root - INFO - Fetched weather for Hejőkeresztúr: 19.1°C, Clouds, humidity: 71%
2026-05-31 18:50:29,752 - root - INFO - [582/1205] Fetching weather for Tiszaújváros...
2026-05-31 18:50:29,807 - root - INFO - Fetched weather for Tiszaújváros: 19.2°C, Clouds, humidity: 62%
2026-05-31 18:50:30,909 - root - INFO - [583/1205] Fetching weather for Miskolc-Gömöri...
2026-05-31 18:50:30,966 - root - INFO - Fetched weather for Miskolc-Gömöri: 20.9°C, Clouds, humidity: 59%
2026-05-31 18:50:32,068 - root - INFO - [584/1205] Fetching weather for Sajókeresztúr...
2026-05-31 18:50:32,132 - root - INFO - Fetched weather for Sajókeresztúr: 21.1°C, Clouds, humidity: 55%
2026-05-31 18:50:33,234 - root - INFO - [585/1205] Fetching weather for Sajóecseg...
2026-05-31 18:50:33,292 - root - INFO - Fetched weather for Sajóecseg: 21.2°C, Clouds, humidity: 55%
2026-05-31 18:50:34,393 - root - INFO - [586/1205] Fetching weather for Sajószentpéter...
2026-05-31 18:50:34,453 - root - INFO - Fetched weather for Sajószentpéter: 21.0°C, Clouds, humidity: 55%
2026-05-31 18:50:35,555 - root - INFO - [587/1205] Fetching weather for Kazincbarcika...
2026-05-31 18:50:35,610 - root - INFO - Fetched weather for Kazincbarcika: 21.0°C, Clouds, humidity: 70%
2026-05-31 18:50:36,712 - root - INFO - [588/1205] Fetching weather for Sajókaza...
2026-05-31 18:50:36,768 - root - INFO - Fetched weather for Sajókaza: 21.4°C, Clouds, humidity: 71%
2026-05-31 18:50:37,870 - root - INFO - [589/1205] Fetching weather for Vadna...
2026-05-31 18:50:37,931 - root - INFO - Fetched weather for Vadna: 21.2°C, Clouds, humidity: 71%
2026-05-31 18:50:39,033 - root - INFO - [590/1205] Fetching weather for Dubicsány...
2026-05-31 18:50:39,086 - root - INFO - Fetched weather for Dubicsány: 21.2°C, Clouds, humidity: 44%
2026-05-31 18:50:40,187 - root - INFO - [591/1205] Fetching weather for Raposka...
2026-05-31 18:50:40,242 - root - INFO - Fetched weather for Raposka: 19.1°C, Rain, humidity: 92%
2026-05-31 18:50:41,344 - root - INFO - [592/1205] Fetching weather for Ivacs...
2026-05-31 18:50:41,396 - root - INFO - Fetched weather for Ivacs: 21.1°C, Clouds, humidity: 52%
2026-05-31 18:50:42,498 - root - INFO - [593/1205] Fetching weather for Kisköre-Tiszahíd...
2026-05-31 18:50:42,553 - root - INFO - Fetched weather for Kisköre-Tiszahíd: 20.0°C, Clouds, humidity: 64%
2026-05-31 18:50:43,655 - root - INFO - [594/1205] Fetching weather for Rozsály...
2026-05-31 18:50:43,710 - root - INFO - Fetched weather for Rozsály: 21.0°C, Clouds, humidity: 58%
2026-05-31 18:50:44,812 - root - INFO - [595/1205] Fetching weather for Pusztakettős...
2026-05-31 18:50:44,867 - root - INFO - Fetched weather for Pusztakettős: 20.0°C, Clouds, humidity: 64%
2026-05-31 18:50:45,969 - root - INFO - [596/1205] Fetching weather for Kisvác...
2026-05-31 18:50:46,032 - root - INFO - Fetched weather for Kisvác: 19.9°C, Clouds, humidity: 60%
2026-05-31 18:50:47,133 - root - INFO - [597/1205] Fetching weather for Tiszafüred-Gyártelep...
2026-05-31 18:50:47,187 - root - INFO - Fetched weather for Tiszafüred-Gyártelep: 20.0°C, Clouds, humidity: 64%
2026-05-31 18:50:48,289 - root - INFO - [598/1205] Fetching weather for Újkenéz...
2026-05-31 18:50:48,347 - root - INFO - Fetched weather for Újkenéz: 19.5°C, Clouds, humidity: 61%
2026-05-31 18:50:49,449 - root - INFO - [599/1205] Fetching weather for Püspökladány-Vásártér...
2026-05-31 18:50:49,502 - root - INFO - Fetched weather for Püspökladány-Vásártér: 19.6°C, Clouds, humidity: 60%
2026-05-31 18:50:50,603 - root - INFO - [600/1205] Fetching weather for Végegyháza alsó...
2026-05-31 18:50:50,663 - root - INFO - Fetched weather for Végegyháza alsó: 19.9°C, Clouds, humidity: 61%
2026-05-31 18:50:51,765 - root - INFO - [601/1205] Fetching weather for Orosháza felső...
2026-05-31 18:50:51,823 - root - INFO - Fetched weather for Orosháza felső: 20.1°C, Clouds, humidity: 58%
2026-05-31 18:50:52,925 - root - INFO - [602/1205] Fetching weather for Ambrózfalva...
2026-05-31 18:50:52,990 - root - INFO - Fetched weather for Ambrózfalva: 19.5°C, Clouds, humidity: 62%
2026-05-31 18:50:54,092 - root - INFO - [603/1205] Fetching weather for Alsónyék...
2026-05-31 18:50:54,145 - root - INFO - Fetched weather for Alsónyék: 19.8°C, Clouds, humidity: 70%
2026-05-31 18:50:55,247 - root - INFO - [604/1205] Fetching weather for Tompapuszta...
2026-05-31 18:50:55,307 - root - INFO - Fetched weather for Tompapuszta: 22.1°C, Clouds, humidity: 59%
2026-05-31 18:50:56,408 - root - INFO - [605/1205] Fetching weather for Halászlak...
2026-05-31 18:50:56,461 - root - INFO - Fetched weather for Halászlak: 19.8°C, Clouds, humidity: 60%
2026-05-31 18:50:57,563 - root - INFO - [606/1205] Fetching weather for Sirató...
2026-05-31 18:50:57,622 - root - INFO - Fetched weather for Sirató: 20.1°C, Clouds, humidity: 59%
2026-05-31 18:50:58,724 - root - INFO - [607/1205] Fetching weather for Csabacsűd felső...
2026-05-31 18:50:58,783 - root - INFO - Fetched weather for Csabacsűd felső: 20.1°C, Clouds, humidity: 59%
2026-05-31 18:50:59,884 - root - INFO - [608/1205] Fetching weather for Orosháza-Üveggyár...
2026-05-31 18:50:59,946 - root - INFO - Fetched weather for Orosháza-Üveggyár: 20.1°C, Clouds, humidity: 59%
2026-05-31 18:51:01,048 - root - INFO - [609/1205] Fetching weather for Gyulai városerdő...
2026-05-31 18:51:01,116 - root - INFO - Fetched weather for Gyulai városerdő: 18.9°C, Clouds, humidity: 54%
2026-05-31 18:51:02,218 - root - INFO - [610/1205] Fetching weather for Kórógyszentgyörgy...
2026-05-31 18:51:02,270 - root - INFO - Fetched weather for Kórógyszentgyörgy: 21.7°C, Clouds, humidity: 47%
2026-05-31 18:51:03,372 - root - INFO - [611/1205] Fetching weather for Kunszállás...
2026-05-31 18:51:03,432 - root - INFO - Fetched weather for Kunszállás: 23.0°C, Clear, humidity: 38%
2026-05-31 18:51:04,534 - root - INFO - [612/1205] Fetching weather for Selymes...
2026-05-31 18:51:04,593 - root - INFO - Fetched weather for Selymes: 19.9°C, Clouds, humidity: 53%
2026-05-31 18:51:05,695 - root - INFO - [613/1205] Fetching weather for Petőfiszállási tanyák...
2026-05-31 18:51:05,754 - root - INFO - Fetched weather for Petőfiszállási tanyák: 22.8°C, Clouds, humidity: 53%
2026-05-31 18:51:06,856 - root - INFO - [614/1205] Fetching weather for Kisteleki szőlők...
2026-05-31 18:51:06,914 - root - INFO - Fetched weather for Kisteleki szőlők: 22.8°C, Clouds, humidity: 53%
2026-05-31 18:51:08,016 - root - INFO - [615/1205] Fetching weather for Kapitányság...
2026-05-31 18:51:08,070 - root - INFO - Fetched weather for Kapitányság: 22.8°C, Clouds, humidity: 52%
2026-05-31 18:51:09,172 - root - INFO - [616/1205] Fetching weather for Őszeszék...
2026-05-31 18:51:09,228 - root - INFO - Fetched weather for Őszeszék: 22.8°C, Clouds, humidity: 52%
2026-05-31 18:51:10,330 - root - INFO - [617/1205] Fetching weather for Vilmaszállás...
2026-05-31 18:51:10,390 - root - INFO - Fetched weather for Vilmaszállás: 22.8°C, Clouds, humidity: 52%
2026-05-31 18:51:11,492 - root - INFO - [618/1205] Fetching weather for Jánosszállás...
2026-05-31 18:51:11,545 - root - INFO - Fetched weather for Jánosszállás: 22.8°C, Clouds, humidity: 52%
2026-05-31 18:51:12,646 - root - INFO - [619/1205] Fetching weather for Felsőpakony...
2026-05-31 18:51:12,703 - root - INFO - Fetched weather for Felsőpakony: 22.9°C, Clear, humidity: 44%
2026-05-31 18:51:13,805 - root - INFO - [620/1205] Fetching weather for Felsőméntelek...
2026-05-31 18:51:13,862 - root - INFO - Fetched weather for Felsőméntelek: 22.9°C, Clear, humidity: 38%
2026-05-31 18:51:14,964 - root - INFO - [621/1205] Fetching weather for Alsóméntelek...
2026-05-31 18:51:15,020 - root - INFO - Fetched weather for Alsóméntelek: 22.9°C, Clear, humidity: 38%
2026-05-31 18:51:16,122 - root - INFO - [622/1205] Fetching weather for Nagynyír...
2026-05-31 18:51:16,191 - root - INFO - Fetched weather for Nagynyír: 22.9°C, Clear, humidity: 38%
2026-05-31 18:51:17,293 - root - INFO - [623/1205] Fetching weather for Úrihegy...
2026-05-31 18:51:17,350 - root - INFO - Fetched weather for Úrihegy: 22.9°C, Clear, humidity: 38%
2026-05-31 18:51:18,452 - root - INFO - [624/1205] Fetching weather for Miklóstelep...
2026-05-31 18:51:18,516 - root - INFO - Fetched weather for Miklóstelep: 22.9°C, Clear, humidity: 38%
2026-05-31 18:51:19,618 - root - INFO - [625/1205] Fetching weather for Tiszajenő alsó...
2026-05-31 18:51:19,673 - root - INFO - Fetched weather for Tiszajenő alsó: 21.1°C, Clear, humidity: 48%
2026-05-31 18:51:20,775 - root - INFO - [626/1205] Fetching weather for Óbög...
2026-05-31 18:51:20,832 - root - INFO - Fetched weather for Óbög: 21.7°C, Clear, humidity: 44%
2026-05-31 18:51:21,934 - root - INFO - [627/1205] Fetching weather for Árpádszállás...
2026-05-31 18:51:22,003 - root - INFO - Fetched weather for Árpádszállás: 23.1°C, Clear, humidity: 38%
2026-05-31 18:51:23,105 - root - INFO - [628/1205] Fetching weather for Tőserdő...
2026-05-31 18:51:23,177 - root - INFO - Fetched weather for Tőserdő: 23.1°C, Clear, humidity: 38%
2026-05-31 18:51:24,279 - root - INFO - [629/1205] Fetching weather for Tiszaalpár felső...
2026-05-31 18:51:24,447 - root - INFO - Fetched weather for Tiszaalpár felső: 23.1°C, Clear, humidity: 38%
2026-05-31 18:51:25,548 - root - INFO - [630/1205] Fetching weather for Borsihalom...
2026-05-31 18:51:25,774 - root - INFO - Fetched weather for Borsihalom: 23.1°C, Clouds, humidity: 54%
2026-05-31 18:51:26,876 - root - INFO - [631/1205] Fetching weather for Petőfiváros...
2026-05-31 18:51:26,998 - root - INFO - Fetched weather for Petőfiváros: 23.1°C, Clouds, humidity: 54%
2026-05-31 18:51:28,100 - root - INFO - [632/1205] Fetching weather for Csorna...
2026-05-31 18:51:28,284 - root - INFO - Fetched weather for Csorna: 17.8°C, Rain, humidity: 87%
2026-05-31 18:51:29,386 - root - INFO - [633/1205] Fetching weather for Szorgalmatos...
2026-05-31 18:51:29,440 - root - INFO - Fetched weather for Szorgalmatos: 19.7°C, Clouds, humidity: 64%
2026-05-31 18:51:30,541 - root - INFO - [634/1205] Fetching weather for Fótfürdő...
2026-05-31 18:51:30,597 - root - INFO - Fetched weather for Fótfürdő: 20.6°C, Clouds, humidity: 52%
2026-05-31 18:51:31,699 - root - INFO - [635/1205] Fetching weather for Fenyveshegy...
2026-05-31 18:51:31,754 - root - INFO - Fetched weather for Fenyveshegy: 20.0°C, Clouds, humidity: 61%
2026-05-31 18:51:32,856 - root - INFO - [636/1205] Fetching weather for Hűvösvölgy...
2026-05-31 18:51:32,910 - root - INFO - Fetched weather for Hűvösvölgy: 20.5°C, Clouds, humidity: 53%
2026-05-31 18:51:34,012 - root - INFO - [637/1205] Fetching weather for Hárshegy...
2026-05-31 18:51:34,060 - root - INFO - Fetched weather for Hárshegy: 20.5°C, Clouds, humidity: 53%
2026-05-31 18:51:35,162 - root - INFO - [638/1205] Fetching weather for Szépjuhászné...
2026-05-31 18:51:35,223 - root - INFO - Fetched weather for Szépjuhászné: 19.7°C, Clouds, humidity: 53%
2026-05-31 18:51:36,325 - root - INFO - [639/1205] Fetching weather for Jánoshegy...
2026-05-31 18:51:36,378 - root - INFO - Fetched weather for Jánoshegy: 19.6°C, Clouds, humidity: 53%
2026-05-31 18:51:37,480 - root - INFO - [640/1205] Fetching weather for Virágvölgy...
2026-05-31 18:51:37,535 - root - INFO - Fetched weather for Virágvölgy: 19.4°C, Clouds, humidity: 53%
2026-05-31 18:51:38,637 - root - INFO - [641/1205] Fetching weather for Csillebérc...
2026-05-31 18:51:38,693 - root - INFO - Fetched weather for Csillebérc: 19.2°C, Clouds, humidity: 52%
2026-05-31 18:51:39,795 - root - INFO - [642/1205] Fetching weather for Normafa...
2026-05-31 18:51:39,859 - root - INFO - Fetched weather for Normafa: 19.2°C, Clouds, humidity: 52%
2026-05-31 18:51:40,961 - root - INFO - [643/1205] Fetching weather for Széchenyihegy...
2026-05-31 18:51:41,019 - root - INFO - Fetched weather for Széchenyihegy: 19.3°C, Clouds, humidity: 52%
2026-05-31 18:51:42,121 - root - INFO - [644/1205] Fetching weather for Balatonfőkajár felső...
2026-05-31 18:51:42,184 - root - INFO - Fetched weather for Balatonfőkajár felső: 18.1°C, Clouds, humidity: 78%
2026-05-31 18:51:43,286 - root - INFO - [645/1205] Fetching weather for Piroska...
2026-05-31 18:51:43,341 - root - INFO - Fetched weather for Piroska: 21.1°C, Clear, humidity: 48%
2026-05-31 18:51:44,443 - root - INFO - [646/1205] Fetching weather for Somodor...
2026-05-31 18:51:44,497 - root - INFO - Fetched weather for Somodor: 17.6°C, Rain, humidity: 91%
2026-05-31 18:51:45,599 - root - INFO - [647/1205] Fetching weather for Középmező...
2026-05-31 18:51:45,655 - root - INFO - Fetched weather for Középmező: 22.3°C, Clouds, humidity: 69%
2026-05-31 18:51:46,757 - root - INFO - [648/1205] Fetching weather for Jobbágyi...
2026-05-31 18:51:46,814 - root - INFO - Fetched weather for Jobbágyi: 18.8°C, Clouds, humidity: 64%
2026-05-31 18:51:47,916 - root - INFO - [649/1205] Fetching weather for Ferihegy...
2026-05-31 18:51:47,980 - root - INFO - Fetched weather for Ferihegy: 22.7°C, Clear, humidity: 44%
2026-05-31 18:51:49,082 - root - INFO - [650/1205] Fetching weather for Máriapócs...
2026-05-31 18:51:49,142 - root - INFO - Fetched weather for Máriapócs: 19.6°C, Clouds, humidity: 60%
2026-05-31 18:51:50,244 - root - INFO - [651/1205] Fetching weather for Máriaudvar...
2026-05-31 18:51:50,306 - root - INFO - Fetched weather for Máriaudvar: 20.0°C, Clouds, humidity: 59%
2026-05-31 18:51:51,408 - root - INFO - [652/1205] Fetching weather for Nagyberki...
2026-05-31 18:51:51,468 - root - INFO - Fetched weather for Nagyberki: 17.7°C, Clouds, humidity: 92%
2026-05-31 18:51:52,570 - root - INFO - [653/1205] Fetching weather for Badacsonytomaj...
2026-05-31 18:51:52,622 - root - INFO - Fetched weather for Badacsonytomaj: 17.6°C, Rain, humidity: 92%
2026-05-31 18:51:53,723 - root - INFO - [654/1205] Fetching weather for Badacsony...
2026-05-31 18:51:53,781 - root - INFO - Fetched weather for Badacsony: 19.1°C, Rain, humidity: 92%
2026-05-31 18:51:54,883 - root - INFO - [655/1205] Fetching weather for Badacsonylábdihegy...
2026-05-31 18:51:54,940 - root - INFO - Fetched weather for Badacsonylábdihegy: 19.1°C, Rain, humidity: 92%
2026-05-31 18:51:56,042 - root - INFO - [656/1205] Fetching weather for Badacsonytördemic-Szigliget...
2026-05-31 18:51:56,095 - root - INFO - Fetched weather for Badacsonytördemic-Szigliget: 19.0°C, Rain, humidity: 92%
2026-05-31 18:51:57,197 - root - INFO - [657/1205] Fetching weather for Nemesgulács-Kisapáti...
2026-05-31 18:51:57,256 - root - INFO - Fetched weather for Nemesgulács-Kisapáti: 19.1°C, Rain, humidity: 92%
2026-05-31 18:51:58,358 - root - INFO - [658/1205] Fetching weather for Tapolca...
2026-05-31 18:51:58,411 - root - INFO - Fetched weather for Tapolca: 19.0°C, Rain, humidity: 92%
2026-05-31 18:51:59,513 - root - INFO - [659/1205] Fetching weather for Uzsabánya alsó...
2026-05-31 18:51:59,566 - root - INFO - Fetched weather for Uzsabánya alsó: 18.8°C, Rain, humidity: 92%
2026-05-31 18:52:00,668 - root - INFO - [660/1205] Fetching weather for Uzsa...
2026-05-31 18:52:00,740 - root - INFO - Fetched weather for Uzsa: 18.8°C, Rain, humidity: 92%
2026-05-31 18:52:01,842 - root - INFO - [661/1205] Fetching weather for Sümegi Bazaltbánya...
2026-05-31 18:52:01,897 - root - INFO - Fetched weather for Sümegi Bazaltbánya: 17.6°C, Rain, humidity: 92%
2026-05-31 18:52:02,999 - root - INFO - [662/1205] Fetching weather for Sümeg...
2026-05-31 18:52:03,057 - root - INFO - Fetched weather for Sümeg: 17.9°C, Rain, humidity: 91%
2026-05-31 18:52:04,159 - root - INFO - [663/1205] Fetching weather for Gógánfa...
2026-05-31 18:52:04,214 - root - INFO - Fetched weather for Gógánfa: 17.9°C, Rain, humidity: 91%
2026-05-31 18:52:05,316 - root - INFO - [664/1205] Fetching weather for Ukk...
2026-05-31 18:52:05,367 - root - INFO - Fetched weather for Ukk: 18.0°C, Rain, humidity: 91%
2026-05-31 18:52:06,469 - root - INFO - [665/1205] Fetching weather for Nemeskeresztúr...
2026-05-31 18:52:06,524 - root - INFO - Fetched weather for Nemeskeresztúr: 17.9°C, Rain, humidity: 90%
2026-05-31 18:52:07,625 - root - INFO - [666/1205] Fetching weather for Jánosháza...
2026-05-31 18:52:07,686 - root - INFO - Fetched weather for Jánosháza: 18.0°C, Rain, humidity: 90%
2026-05-31 18:52:08,788 - root - INFO - [667/1205] Fetching weather for Keszthely...
2026-05-31 18:52:08,844 - root - INFO - Fetched weather for Keszthely: 19.1°C, Rain, humidity: 88%
2026-05-31 18:52:09,946 - root - INFO - [668/1205] Fetching weather for Alsógyenes...
2026-05-31 18:52:10,001 - root - INFO - Fetched weather for Alsógyenes: 19.1°C, Rain, humidity: 88%
2026-05-31 18:52:11,103 - root - INFO - [669/1205] Fetching weather for Gyenesdiás...
2026-05-31 18:52:11,161 - root - INFO - Fetched weather for Gyenesdiás: 19.1°C, Rain, humidity: 88%
2026-05-31 18:52:12,262 - root - INFO - [670/1205] Fetching weather for Vonyarcvashegy...
2026-05-31 18:52:12,321 - root - INFO - Fetched weather for Vonyarcvashegy: 19.1°C, Rain, humidity: 88%
2026-05-31 18:52:13,423 - root - INFO - [671/1205] Fetching weather for Balatongyörök...
2026-05-31 18:52:13,475 - root - INFO - Fetched weather for Balatongyörök: 19.1°C, Rain, humidity: 88%
2026-05-31 18:52:14,577 - root - INFO - [672/1205] Fetching weather for Becehegy...
2026-05-31 18:52:14,634 - root - INFO - Fetched weather for Becehegy: 19.1°C, Rain, humidity: 88%
2026-05-31 18:52:15,736 - root - INFO - [673/1205] Fetching weather for Balatonederics...
2026-05-31 18:52:15,789 - root - INFO - Fetched weather for Balatonederics: 19.0°C, Rain, humidity: 92%
2026-05-31 18:52:16,890 - root - INFO - [674/1205] Fetching weather for Dabronc...
2026-05-31 18:52:16,946 - root - INFO - Fetched weather for Dabronc: 17.9°C, Rain, humidity: 91%
2026-05-31 18:52:18,048 - root - INFO - [675/1205] Fetching weather for Türje...
2026-05-31 18:52:18,126 - root - INFO - Fetched weather for Türje: 17.9°C, Rain, humidity: 91%
2026-05-31 18:52:19,228 - root - INFO - [676/1205] Fetching weather for Zalabér-Batyk...
2026-05-31 18:52:19,293 - root - INFO - Fetched weather for Zalabér-Batyk: 18.0°C, Rain, humidity: 92%
2026-05-31 18:52:20,394 - root - INFO - [677/1205] Fetching weather for Pakod...
2026-05-31 18:52:20,450 - root - INFO - Fetched weather for Pakod: 17.9°C, Rain, humidity: 92%
2026-05-31 18:52:21,552 - root - INFO - [678/1205] Fetching weather for Pókaszepetk...
2026-05-31 18:52:21,611 - root - INFO - Fetched weather for Pókaszepetk: 17.9°C, Rain, humidity: 93%
2026-05-31 18:52:22,712 - root - INFO - [679/1205] Fetching weather for Kemendollár...
2026-05-31 18:52:22,766 - root - INFO - Fetched weather for Kemendollár: 18.9°C, Rain, humidity: 93%
2026-05-31 18:52:23,868 - root - INFO - [680/1205] Fetching weather for Zalaegerszeg...
2026-05-31 18:52:23,921 - root - INFO - Fetched weather for Zalaegerszeg: 18.7°C, Rain, humidity: 94%
2026-05-31 18:52:25,023 - root - INFO - [681/1205] Fetching weather for Bocfölde...
2026-05-31 18:52:25,094 - root - INFO - Fetched weather for Bocfölde: 18.8°C, Rain, humidity: 94%
2026-05-31 18:52:26,196 - root - INFO - [682/1205] Fetching weather for Sárhida...
2026-05-31 18:52:26,255 - root - INFO - Fetched weather for Sárhida: 18.8°C, Rain, humidity: 94%
2026-05-31 18:52:27,357 - root - INFO - [683/1205] Fetching weather for Bak...
2026-05-31 18:52:27,409 - root - INFO - Fetched weather for Bak: 18.8°C, Rain, humidity: 94%
2026-05-31 18:52:28,511 - root - INFO - [684/1205] Fetching weather for Tófej...
2026-05-31 18:52:28,568 - root - INFO - Fetched weather for Tófej: 18.6°C, Rain, humidity: 94%
2026-05-31 18:52:29,669 - root - INFO - [685/1205] Fetching weather for Gutorfölde...
2026-05-31 18:52:29,737 - root - INFO - Fetched weather for Gutorfölde: 17.5°C, Rain, humidity: 94%
2026-05-31 18:52:30,839 - root - INFO - [686/1205] Fetching weather for Csömödér-Páka...
2026-05-31 18:52:30,898 - root - INFO - Fetched weather for Csömödér-Páka: 16.1°C, Rain, humidity: 93%
2026-05-31 18:52:32,000 - root - INFO - [687/1205] Fetching weather for Iklódbördőce...
2026-05-31 18:52:32,064 - root - INFO - Fetched weather for Iklódbördőce: 16.1°C, Rain, humidity: 93%
2026-05-31 18:52:33,166 - root - INFO - [688/1205] Fetching weather for Lenti...
2026-05-31 18:52:33,225 - root - INFO - Fetched weather for Lenti: 16.1°C, Rain, humidity: 93%
2026-05-31 18:52:34,327 - root - INFO - [689/1205] Fetching weather for Rédics...
2026-05-31 18:52:34,397 - root - INFO - Fetched weather for Rédics: 16.1°C, Rain, humidity: 93%
2026-05-31 18:52:35,499 - root - INFO - [690/1205] Fetching weather for Zalalövő...
2026-05-31 18:52:35,561 - root - INFO - Fetched weather for Zalalövő: 17.8°C, Rain, humidity: 94%
2026-05-31 18:52:36,663 - root - INFO - [691/1205] Fetching weather for Zalaegerszeg-Ola...
2026-05-31 18:52:36,723 - root - INFO - Fetched weather for Zalaegerszeg-Ola: 17.8°C, Rain, humidity: 94%
2026-05-31 18:52:37,824 - root - INFO - [692/1205] Fetching weather for Andráshida...
2026-05-31 18:52:37,890 - root - INFO - Fetched weather for Andráshida: 17.8°C, Rain, humidity: 94%
2026-05-31 18:52:38,992 - root - INFO - [693/1205] Fetching weather for Bagod...
2026-05-31 18:52:39,051 - root - INFO - Fetched weather for Bagod: 17.9°C, Rain, humidity: 94%
2026-05-31 18:52:40,153 - root - INFO - [694/1205] Fetching weather for Zalaszentgyörgy...
2026-05-31 18:52:40,211 - root - INFO - Fetched weather for Zalaszentgyörgy: 17.9°C, Rain, humidity: 94%
2026-05-31 18:52:41,312 - root - INFO - [695/1205] Fetching weather for Zalacséb-Salomvár...
2026-05-31 18:52:41,367 - root - INFO - Fetched weather for Zalacséb-Salomvár: 17.7°C, Rain, humidity: 94%
2026-05-31 18:52:42,469 - root - INFO - [696/1205] Fetching weather for Kópháza...
2026-05-31 18:52:42,534 - root - INFO - Fetched weather for Kópháza: 17.3°C, Clouds, humidity: 86%
2026-05-31 18:52:43,636 - root - INFO - [697/1205] Fetching weather for Nagycenk...
2026-05-31 18:52:43,691 - root - INFO - Fetched weather for Nagycenk: 17.4°C, Clouds, humidity: 86%
2026-05-31 18:52:44,793 - root - INFO - [698/1205] Fetching weather for Sopronkövesd...
2026-05-31 18:52:44,848 - root - INFO - Fetched weather for Sopronkövesd: 15.2°C, Clouds, humidity: 16%
2026-05-31 18:52:45,950 - root - INFO - [699/1205] Fetching weather for Lövő...
2026-05-31 18:52:46,015 - root - INFO - Fetched weather for Lövő: 15.2°C, Rain, humidity: 16%
2026-05-31 18:52:47,116 - root - INFO - [700/1205] Fetching weather for Újkér...
2026-05-31 18:52:47,176 - root - INFO - Fetched weather for Újkér: 15.2°C, Rain, humidity: 16%
2026-05-31 18:52:48,278 - root - INFO - [701/1205] Fetching weather for Bük...
2026-05-31 18:52:48,337 - root - INFO - Fetched weather for Bük: 15.3°C, Rain, humidity: 16%
2026-05-31 18:52:49,439 - root - INFO - [702/1205] Fetching weather for Acsád...
2026-05-31 18:52:49,498 - root - INFO - Fetched weather for Acsád: 15.0°C, Rain, humidity: 16%
2026-05-31 18:52:50,600 - root - INFO - [703/1205] Fetching weather for Salköveskút-Vassurány...
2026-05-31 18:52:50,664 - root - INFO - Fetched weather for Salköveskút-Vassurány: 15.0°C, Rain, humidity: 16%
2026-05-31 18:52:51,766 - root - INFO - [704/1205] Fetching weather for Zalaszentiván...
2026-05-31 18:52:51,824 - root - INFO - Fetched weather for Zalaszentiván: 18.9°C, Rain, humidity: 93%
2026-05-31 18:52:52,926 - root - INFO - [705/1205] Fetching weather for Alsónemesapáti...
2026-05-31 18:52:52,992 - root - INFO - Fetched weather for Alsónemesapáti: 18.9°C, Rain, humidity: 93%
2026-05-31 18:52:54,094 - root - INFO - [706/1205] Fetching weather for Józsa...
2026-05-31 18:52:54,149 - root - INFO - Fetched weather for Józsa: 21.9°C, Clear, humidity: 49%
2026-05-31 18:52:55,251 - root - INFO - [707/1205] Fetching weather for Hajdúszentgyörgy...
2026-05-31 18:52:55,311 - root - INFO - Fetched weather for Hajdúszentgyörgy: 21.8°C, Clear, humidity: 49%
2026-05-31 18:52:56,413 - root - INFO - [708/1205] Fetching weather for Zelemér...
2026-05-31 18:52:56,472 - root - INFO - Fetched weather for Zelemér: 21.8°C, Clear, humidity: 49%
2026-05-31 18:52:57,574 - root - INFO - [709/1205] Fetching weather for Hajdúböszörmény...
2026-05-31 18:52:57,634 - root - INFO - Fetched weather for Hajdúböszörmény: 21.8°C, Clouds, humidity: 60%
2026-05-31 18:52:58,736 - root - INFO - [710/1205] Fetching weather for Hajdúvid...
2026-05-31 18:52:58,790 - root - INFO - Fetched weather for Hajdúvid: 19.6°C, Clouds, humidity: 60%
2026-05-31 18:52:59,892 - root - INFO - [711/1205] Fetching weather for Hajdúdorog...
2026-05-31 18:52:59,947 - root - INFO - Fetched weather for Hajdúdorog: 19.6°C, Clouds, humidity: 61%
2026-05-31 18:53:01,049 - root - INFO - [712/1205] Fetching weather for Hajdúnánás...
2026-05-31 18:53:01,114 - root - INFO - Fetched weather for Hajdúnánás: 19.7°C, Clouds, humidity: 61%
2026-05-31 18:53:02,216 - root - INFO - [713/1205] Fetching weather for Hajdúnánás-Vásártér...
2026-05-31 18:53:02,276 - root - INFO - Fetched weather for Hajdúnánás-Vásártér: 19.7°C, Clouds, humidity: 61%
2026-05-31 18:53:03,377 - root - INFO - [714/1205] Fetching weather for Tedej...
2026-05-31 18:53:03,438 - root - INFO - Fetched weather for Tedej: 19.7°C, Clouds, humidity: 63%
2026-05-31 18:53:04,540 - root - INFO - [715/1205] Fetching weather for Tiszavasvári...
2026-05-31 18:53:04,600 - root - INFO - Fetched weather for Tiszavasvári: 19.7°C, Clouds, humidity: 63%
2026-05-31 18:53:05,702 - root - INFO - [716/1205] Fetching weather for Egyházerdő...
2026-05-31 18:53:05,759 - root - INFO - Fetched weather for Egyházerdő: 19.7°C, Clouds, humidity: 63%
2026-05-31 18:53:06,861 - root - INFO - [717/1205] Fetching weather for Tiszalök...
2026-05-31 18:53:06,923 - root - INFO - Fetched weather for Tiszalök: 19.7°C, Clouds, humidity: 64%
2026-05-31 18:53:08,025 - root - INFO - [718/1205] Fetching weather for Hajnalos...
2026-05-31 18:53:08,086 - root - INFO - Fetched weather for Hajnalos: 19.7°C, Clouds, humidity: 64%
2026-05-31 18:53:09,188 - root - INFO - [719/1205] Fetching weather for Kisfástanya...
2026-05-31 18:53:09,255 - root - INFO - Fetched weather for Kisfástanya: 19.7°C, Clouds, humidity: 64%
2026-05-31 18:53:10,357 - root - INFO - [720/1205] Fetching weather for Tiszaeszlár...
2026-05-31 18:53:10,417 - root - INFO - Fetched weather for Tiszaeszlár: 19.7°C, Clouds, humidity: 64%
2026-05-31 18:53:11,519 - root - INFO - [721/1205] Fetching weather for Bashalom...
2026-05-31 18:53:11,574 - root - INFO - Fetched weather for Bashalom: 19.7°C, Clouds, humidity: 64%
2026-05-31 18:53:12,676 - root - INFO - [722/1205] Fetching weather for Sáránd...
2026-05-31 18:53:12,742 - root - INFO - Fetched weather for Sáránd: 22.0°C, Clear, humidity: 49%
2026-05-31 18:53:13,844 - root - INFO - [723/1205] Fetching weather for Derecske...
2026-05-31 18:53:13,906 - root - INFO - Fetched weather for Derecske: 22.1°C, Clear, humidity: 49%
2026-05-31 18:53:15,008 - root - INFO - [724/1205] Fetching weather for Derecske-Vásártér...
2026-05-31 18:53:15,067 - root - INFO - Fetched weather for Derecske-Vásártér: 22.1°C, Clear, humidity: 49%
2026-05-31 18:53:16,169 - root - INFO - [725/1205] Fetching weather for Konyár...
2026-05-31 18:53:16,226 - root - INFO - Fetched weather for Konyár: 22.1°C, Clear, humidity: 49%
2026-05-31 18:53:17,328 - root - INFO - [726/1205] Fetching weather for Konyári Sóstófürdő...
2026-05-31 18:53:17,391 - root - INFO - Fetched weather for Konyári Sóstófürdő: 22.1°C, Clouds, humidity: 56%
2026-05-31 18:53:18,493 - root - INFO - [727/1205] Fetching weather for Pocsaj-Esztár...
2026-05-31 18:53:18,546 - root - INFO - Fetched weather for Pocsaj-Esztár: 22.1°C, Clouds, humidity: 56%
2026-05-31 18:53:19,648 - root - INFO - [728/1205] Fetching weather for Kismarja...
2026-05-31 18:53:19,715 - root - INFO - Fetched weather for Kismarja: 21.2°C, Clouds, humidity: 55%
2026-05-31 18:53:20,817 - root - INFO - [729/1205] Fetching weather for Nagykereki...
2026-05-31 18:53:20,870 - root - INFO - Fetched weather for Nagykereki: 21.2°C, Clouds, humidity: 55%
2026-05-31 18:53:21,972 - root - INFO - [730/1205] Fetching weather for Debrecen-Szabadságtelep...
2026-05-31 18:53:22,024 - root - INFO - Fetched weather for Debrecen-Szabadságtelep: 21.9°C, Clear, humidity: 49%
2026-05-31 18:53:23,126 - root - INFO - [731/1205] Fetching weather for Kondoroskert...
2026-05-31 18:53:23,184 - root - INFO - Fetched weather for Kondoroskert: 21.9°C, Clear, humidity: 49%
2026-05-31 18:53:24,286 - root - INFO - [732/1205] Fetching weather for Nagycsere...
2026-05-31 18:53:24,345 - root - INFO - Fetched weather for Nagycsere: 21.9°C, Clear, humidity: 49%
2026-05-31 18:53:25,447 - root - INFO - [733/1205] Fetching weather for Haláp...
2026-05-31 18:53:25,517 - root - INFO - Fetched weather for Haláp: 21.9°C, Clear, humidity: 49%
2026-05-31 18:53:26,619 - root - INFO - [734/1205] Fetching weather for Vámospércs...
2026-05-31 18:53:26,676 - root - INFO - Fetched weather for Vámospércs: 21.8°C, Clouds, humidity: 61%
2026-05-31 18:53:27,778 - root - INFO - [735/1205] Fetching weather for Szentannapuszta...
2026-05-31 18:53:27,835 - root - INFO - Fetched weather for Szentannapuszta: 21.8°C, Clouds, humidity: 62%
2026-05-31 18:53:28,937 - root - INFO - [736/1205] Fetching weather for Nyírábrány...
2026-05-31 18:53:28,991 - root - INFO - Fetched weather for Nyírábrány: 19.5°C, Clouds, humidity: 62%
2026-05-31 18:53:30,093 - root - INFO - [737/1205] Fetching weather for Dombostanya...
2026-05-31 18:53:30,155 - root - INFO - Fetched weather for Dombostanya: 21.8°C, Clear, humidity: 49%
2026-05-31 18:53:31,257 - root - INFO - [738/1205] Fetching weather for Hajdúsámson...
2026-05-31 18:53:31,314 - root - INFO - Fetched weather for Hajdúsámson: 21.8°C, Clear, humidity: 49%
2026-05-31 18:53:32,415 - root - INFO - [739/1205] Fetching weather for Tamásipuszta...
2026-05-31 18:53:32,482 - root - INFO - Fetched weather for Tamásipuszta: 21.8°C, Clouds, humidity: 62%
2026-05-31 18:53:33,583 - root - INFO - [740/1205] Fetching weather for Aradványpuszta...
2026-05-31 18:53:33,641 - root - INFO - Fetched weather for Aradványpuszta: 21.7°C, Clouds, humidity: 62%
2026-05-31 18:53:34,743 - root - INFO - [741/1205] Fetching weather for Nyíradony...
2026-05-31 18:53:34,797 - root - INFO - Fetched weather for Nyíradony: 19.4°C, Clouds, humidity: 62%
2026-05-31 18:53:35,899 - root - INFO - [742/1205] Fetching weather for Nyírmihálydi...
2026-05-31 18:53:35,959 - root - INFO - Fetched weather for Nyírmihálydi: 19.4°C, Clouds, humidity: 62%
2026-05-31 18:53:37,061 - root - INFO - [743/1205] Fetching weather for Nyírgelse...
2026-05-31 18:53:37,116 - root - INFO - Fetched weather for Nyírgelse: 19.4°C, Clouds, humidity: 61%
2026-05-31 18:53:38,218 - root - INFO - [744/1205] Fetching weather for Nyírbogát...
2026-05-31 18:53:38,277 - root - INFO - Fetched weather for Nyírbogát: 19.5°C, Clouds, humidity: 60%
2026-05-31 18:53:39,379 - root - INFO - [745/1205] Fetching weather for Nagykálló...
2026-05-31 18:53:39,439 - root - INFO - Fetched weather for Nagykálló: 19.7°C, Clouds, humidity: 61%
2026-05-31 18:53:40,541 - root - INFO - [746/1205] Fetching weather for Kállósemjén...
2026-05-31 18:53:40,599 - root - INFO - Fetched weather for Kállósemjén: 19.6°C, Clouds, humidity: 60%
2026-05-31 18:53:41,701 - root - INFO - [747/1205] Fetching weather for Nyírbátor...
2026-05-31 18:53:41,758 - root - INFO - Fetched weather for Nyírbátor: 19.5°C, Clouds, humidity: 60%
2026-05-31 18:53:42,860 - root - INFO - [748/1205] Fetching weather for Nyírcsászári...
2026-05-31 18:53:42,927 - root - INFO - Fetched weather for Nyírcsászári: 19.6°C, Clouds, humidity: 59%
2026-05-31 18:53:44,029 - root - INFO - [749/1205] Fetching weather for Hodász...
2026-05-31 18:53:44,086 - root - INFO - Fetched weather for Hodász: 19.6°C, Clouds, humidity: 58%
2026-05-31 18:53:45,188 - root - INFO - [750/1205] Fetching weather for Nyírmeggyes...
2026-05-31 18:53:45,249 - root - INFO - Fetched weather for Nyírmeggyes: 19.7°C, Clouds, humidity: 58%
2026-05-31 18:53:46,351 - root - INFO - [751/1205] Fetching weather for Mátészalka...
2026-05-31 18:53:46,407 - root - INFO - Fetched weather for Mátészalka: 19.8°C, Clouds, humidity: 58%
2026-05-31 18:53:47,509 - root - INFO - [752/1205] Fetching weather for Kocsord...
2026-05-31 18:53:47,567 - root - INFO - Fetched weather for Kocsord: 20.0°C, Clouds, humidity: 57%
2026-05-31 18:53:48,669 - root - INFO - [753/1205] Fetching weather for Kocsord alsó...
2026-05-31 18:53:48,732 - root - INFO - Fetched weather for Kocsord alsó: 20.0°C, Clouds, humidity: 57%
2026-05-31 18:53:49,834 - root - INFO - [754/1205] Fetching weather for Győrtelek...
2026-05-31 18:53:49,885 - root - INFO - Fetched weather for Győrtelek: 20.0°C, Clouds, humidity: 57%
2026-05-31 18:53:50,987 - root - INFO - [755/1205] Fetching weather for Győrtelek alsó...
2026-05-31 18:53:51,051 - root - INFO - Fetched weather for Győrtelek alsó: 20.1°C, Clouds, humidity: 57%
2026-05-31 18:53:52,153 - root - INFO - [756/1205] Fetching weather for Ököritófülpös...
2026-05-31 18:53:52,213 - root - INFO - Fetched weather for Ököritófülpös: 20.1°C, Clouds, humidity: 57%
2026-05-31 18:53:53,314 - root - INFO - [757/1205] Fetching weather for Porcsalma-Tyukod...
2026-05-31 18:53:53,374 - root - INFO - Fetched weather for Porcsalma-Tyukod: 21.1°C, Clouds, humidity: 57%
2026-05-31 18:53:54,476 - root - INFO - [758/1205] Fetching weather for Csenger...
2026-05-31 18:53:54,538 - root - INFO - Fetched weather for Csenger: 21.0°C, Clouds, humidity: 56%
2026-05-31 18:53:55,639 - root - INFO - [759/1205] Fetching weather for Kisfái...
2026-05-31 18:53:55,726 - root - INFO - Fetched weather for Kisfái: 23.0°C, Clear, humidity: 38%
2026-05-31 18:53:56,828 - root - INFO - [760/1205] Fetching weather for Nyárlőrinci szőlők...
2026-05-31 18:53:56,885 - root - INFO - Fetched weather for Nyárlőrinci szőlők: 23.0°C, Clear, humidity: 38%
2026-05-31 18:53:57,987 - root - INFO - [761/1205] Fetching weather for Nyárlőrinc alsó...
2026-05-31 18:53:58,045 - root - INFO - Fetched weather for Nyárlőrinc alsó: 23.1°C, Clear, humidity: 38%
2026-05-31 18:53:59,147 - root - INFO - [762/1205] Fetching weather for Tiszaug-Tiszahídfő...
2026-05-31 18:53:59,204 - root - INFO - Fetched weather for Tiszaug-Tiszahídfő: 22.9°C, Clouds, humidity: 55%
2026-05-31 18:54:00,306 - root - INFO - [763/1205] Fetching weather for Csongrádi úti tanyák...
2026-05-31 18:54:00,364 - root - INFO - Fetched weather for Csongrádi úti tanyák: 21.6°C, Clouds, humidity: 53%
2026-05-31 18:54:01,466 - root - INFO - [764/1205] Fetching weather for Kettőshalom...
2026-05-31 18:54:01,525 - root - INFO - Fetched weather for Kettőshalom: 21.7°C, Clouds, humidity: 47%
2026-05-31 18:54:02,627 - root - INFO - [765/1205] Fetching weather for Csongrád alsó...
2026-05-31 18:54:02,684 - root - INFO - Fetched weather for Csongrád alsó: 21.7°C, Clouds, humidity: 47%
2026-05-31 18:54:03,787 - root - INFO - [766/1205] Fetching weather for Dónát...
2026-05-31 18:54:03,844 - root - INFO - Fetched weather for Dónát: 21.7°C, Clouds, humidity: 47%
2026-05-31 18:54:04,946 - root - INFO - [767/1205] Fetching weather for Pusztatemplom...
2026-05-31 18:54:05,010 - root - INFO - Fetched weather for Pusztatemplom: 21.7°C, Clouds, humidity: 47%
2026-05-31 18:54:06,112 - root - INFO - [768/1205] Fetching weather for Előhát...
2026-05-31 18:54:06,167 - root - INFO - Fetched weather for Előhát: 20.0°C, Clouds, humidity: 64%
2026-05-31 18:54:07,269 - root - INFO - [769/1205] Fetching weather for Polgárdi-Tekerespuszta...
2026-05-31 18:54:07,322 - root - INFO - Fetched weather for Polgárdi-Tekerespuszta: 18.0°C, Clouds, humidity: 78%
2026-05-31 18:54:08,424 - root - INFO - [770/1205] Fetching weather for Szatina-Kishajmás...
2026-05-31 18:54:08,490 - root - INFO - Fetched weather for Szatina-Kishajmás: 21.2°C, Clouds, humidity: 92%
2026-05-31 18:54:09,592 - root - INFO - [771/1205] Fetching weather for Márok...
2026-05-31 18:54:09,665 - root - INFO - Fetched weather for Márok: 22.1°C, Rain, humidity: 64%
2026-05-31 18:54:10,767 - root - INFO - [772/1205] Fetching weather for Nagynyárád...
2026-05-31 18:54:10,821 - root - INFO - Fetched weather for Nagynyárád: 22.1°C, Clouds, humidity: 64%
2026-05-31 18:54:11,922 - root - INFO - [773/1205] Fetching weather for Szászvár...
2026-05-31 18:54:11,981 - root - INFO - Fetched weather for Szászvár: 18.1°C, Clouds, humidity: 85%
2026-05-31 18:54:13,083 - root - INFO - [774/1205] Fetching weather for Cikó...
2026-05-31 18:54:13,139 - root - INFO - Fetched weather for Cikó: 18.9°C, Clouds, humidity: 77%
2026-05-31 18:54:14,241 - root - INFO - [775/1205] Fetching weather for Gyöngyfa-Magyarmecske...
2026-05-31 18:54:14,295 - root - INFO - Fetched weather for Gyöngyfa-Magyarmecske: 21.6°C, Rain, humidity: 91%
2026-05-31 18:54:15,397 - root - INFO - [776/1205] Fetching weather for Nagyhát...
2026-05-31 18:54:15,451 - root - INFO - Fetched weather for Nagyhát: 21.9°C, Clear, humidity: 49%
2026-05-31 18:54:16,553 - root - INFO - [777/1205] Fetching weather for Balmazújváros...
2026-05-31 18:54:16,609 - root - INFO - Fetched weather for Balmazújváros: 22.1°C, Clouds, humidity: 58%
2026-05-31 18:54:17,711 - root - INFO - [778/1205] Fetching weather for Kónya...
2026-05-31 18:54:17,776 - root - INFO - Fetched weather for Kónya: 19.8°C, Clouds, humidity: 58%
2026-05-31 18:54:18,877 - root - INFO - [779/1205] Fetching weather for Hortobágy...
2026-05-31 18:54:18,934 - root - INFO - Fetched weather for Hortobágy: 19.8°C, Clouds, humidity: 58%
2026-05-31 18:54:20,036 - root - INFO - [780/1205] Fetching weather for Hortobágyi Halastó...
2026-05-31 18:54:20,100 - root - INFO - Fetched weather for Hortobágyi Halastó: 19.8°C, Clouds, humidity: 59%
2026-05-31 18:54:21,202 - root - INFO - [781/1205] Fetching weather for Ohat-Pusztakócs...
2026-05-31 18:54:21,259 - root - INFO - Fetched weather for Ohat-Pusztakócs: 19.8°C, Clouds, humidity: 60%
2026-05-31 18:54:22,361 - root - INFO - [782/1205] Fetching weather for Egyek...
2026-05-31 18:54:22,418 - root - INFO - Fetched weather for Egyek: 19.8°C, Clouds, humidity: 60%
2026-05-31 18:54:23,520 - root - INFO - [783/1205] Fetching weather for Tiszafüred...
2026-05-31 18:54:23,584 - root - INFO - Fetched weather for Tiszafüred: 19.7°C, Clouds, humidity: 61%
2026-05-31 18:54:24,686 - root - INFO - [784/1205] Fetching weather for Poroszló...
2026-05-31 18:54:24,741 - root - INFO - Fetched weather for Poroszló: 19.7°C, Clouds, humidity: 62%
2026-05-31 18:54:25,843 - root - INFO - [785/1205] Fetching weather for Kétútköz...
2026-05-31 18:54:25,898 - root - INFO - Fetched weather for Kétútköz: 19.5°C, Clouds, humidity: 64%
2026-05-31 18:54:27,000 - root - INFO - [786/1205] Fetching weather for Egerfarmos...
2026-05-31 18:54:27,056 - root - INFO - Fetched weather for Egerfarmos: 19.4°C, Clouds, humidity: 65%
2026-05-31 18:54:28,158 - root - INFO - [787/1205] Fetching weather for Piliscsaba...
2026-05-31 18:54:28,213 - root - INFO - Fetched weather for Piliscsaba: 18.9°C, Clouds, humidity: 63%
2026-05-31 18:54:29,315 - root - INFO - [788/1205] Fetching weather for Pilisjászfalu...
2026-05-31 18:54:29,374 - root - INFO - Fetched weather for Pilisjászfalu: 18.8°C, Clouds, humidity: 68%
2026-05-31 18:54:30,476 - root - INFO - [789/1205] Fetching weather for Leányvár...
2026-05-31 18:54:30,533 - root - INFO - Fetched weather for Leányvár: 18.9°C, Clouds, humidity: 68%
2026-05-31 18:54:31,634 - root - INFO - [790/1205] Fetching weather for Dorog...
2026-05-31 18:54:31,690 - root - INFO - Fetched weather for Dorog: 19.2°C, Clouds, humidity: 73%
2026-05-31 18:54:32,792 - root - INFO - [791/1205] Fetching weather for Esztergom-Kertváros...
2026-05-31 18:54:32,851 - root - INFO - Fetched weather for Esztergom-Kertváros: 19.2°C, Clouds, humidity: 73%
2026-05-31 18:54:33,953 - root - INFO - [792/1205] Fetching weather for Esztergom...
2026-05-31 18:54:34,003 - root - INFO - Fetched weather for Esztergom: 19.3°C, Clouds, humidity: 71%
2026-05-31 18:54:35,105 - root - INFO - [793/1205] Fetching weather for Dunaalmás...
2026-05-31 18:54:35,163 - root - INFO - Fetched weather for Dunaalmás: 18.6°C, Clouds, humidity: 78%
2026-05-31 18:54:36,265 - root - INFO - [794/1205] Fetching weather for Neszmély...
2026-05-31 18:54:36,328 - root - INFO - Fetched weather for Neszmély: 18.6°C, Clouds, humidity: 78%
2026-05-31 18:54:37,430 - root - INFO - [795/1205] Fetching weather for Süttő...
2026-05-31 18:54:37,486 - root - INFO - Fetched weather for Süttő: 18.2°C, Clouds, humidity: 77%
2026-05-31 18:54:38,588 - root - INFO - [796/1205] Fetching weather for Piszke...
2026-05-31 18:54:38,665 - root - INFO - Fetched weather for Piszke: 18.2°C, Clouds, humidity: 76%
2026-05-31 18:54:39,766 - root - INFO - [797/1205] Fetching weather for Lábatlan...
2026-05-31 18:54:39,823 - root - INFO - Fetched weather for Lábatlan: 18.1°C, Clouds, humidity: 76%
2026-05-31 18:54:40,925 - root - INFO - [798/1205] Fetching weather for Eternitgyár...
2026-05-31 18:54:40,978 - root - INFO - Fetched weather for Eternitgyár: 18.1°C, Clouds, humidity: 76%
2026-05-31 18:54:42,080 - root - INFO - [799/1205] Fetching weather for Nyergesújfalu felső...
2026-05-31 18:54:42,139 - root - INFO - Fetched weather for Nyergesújfalu felső: 18.1°C, Clouds, humidity: 76%
2026-05-31 18:54:43,241 - root - INFO - [800/1205] Fetching weather for Nyergesújfalu...
2026-05-31 18:54:43,296 - root - INFO - Fetched weather for Nyergesújfalu: 18.0°C, Clouds, humidity: 76%
2026-05-31 18:54:44,398 - root - INFO - [801/1205] Fetching weather for Tokod...
2026-05-31 18:54:44,454 - root - INFO - Fetched weather for Tokod: 19.2°C, Clouds, humidity: 73%
2026-05-31 18:54:45,556 - root - INFO - [802/1205] Fetching weather for Környe...
2026-05-31 18:54:45,613 - root - INFO - Fetched weather for Környe: 18.2°C, Clouds, humidity: 78%
2026-05-31 18:54:46,715 - root - INFO - [803/1205] Fetching weather for Kecskéd alsó...
2026-05-31 18:54:46,770 - root - INFO - Fetched weather for Kecskéd alsó: 18.1°C, Clouds, humidity: 79%
2026-05-31 18:54:47,872 - root - INFO - [804/1205] Fetching weather for Oroszlány...
2026-05-31 18:54:47,928 - root - INFO - Fetched weather for Oroszlány: 17.9°C, Clouds, humidity: 79%
2026-05-31 18:54:49,030 - root - INFO - [805/1205] Fetching weather for Győrszabadhegy...
2026-05-31 18:54:49,090 - root - INFO - Fetched weather for Győrszabadhegy: 24.1°C, Rain, humidity: 60%
2026-05-31 18:54:50,192 - root - INFO - [806/1205] Fetching weather for Ménfőcsanak felső...
2026-05-31 18:54:50,244 - root - INFO - Fetched weather for Ménfőcsanak felső: 24.1°C, Rain, humidity: 60%
2026-05-31 18:54:51,346 - root - INFO - [807/1205] Fetching weather for Gyömöre-Tét...
2026-05-31 18:54:51,401 - root - INFO - Fetched weather for Gyömöre-Tét: 19.0°C, Rain, humidity: 77%
2026-05-31 18:54:52,503 - root - INFO - [808/1205] Fetching weather for Szerecseny...
2026-05-31 18:54:52,553 - root - INFO - Fetched weather for Szerecseny: 19.0°C, Rain, humidity: 77%
2026-05-31 18:54:53,655 - root - INFO - [809/1205] Fetching weather for Gecse-Gyarmat...
2026-05-31 18:54:53,712 - root - INFO - Fetched weather for Gecse-Gyarmat: 19.1°C, Rain, humidity: 77%
2026-05-31 18:54:54,814 - root - INFO - [810/1205] Fetching weather for Vaszar...
2026-05-31 18:54:54,867 - root - INFO - Fetched weather for Vaszar: 19.1°C, Rain, humidity: 77%
2026-05-31 18:54:55,969 - root - INFO - [811/1205] Fetching weather for Pápa...
2026-05-31 18:54:56,027 - root - INFO - Fetched weather for Pápa: 19.0°C, Rain, humidity: 77%
2026-05-31 18:54:57,129 - root - INFO - [812/1205] Fetching weather for Mezőlak...
2026-05-31 18:54:57,187 - root - INFO - Fetched weather for Mezőlak: 19.1°C, Rain, humidity: 77%
2026-05-31 18:54:58,289 - root - INFO - [813/1205] Fetching weather for Mihályháza...
2026-05-31 18:54:58,348 - root - INFO - Fetched weather for Mihályháza: 19.1°C, Rain, humidity: 77%
2026-05-31 18:54:59,450 - root - INFO - [814/1205] Fetching weather for Vinár...
2026-05-31 18:54:59,511 - root - INFO - Fetched weather for Vinár: 19.1°C, Rain, humidity: 77%
2026-05-31 18:55:00,613 - root - INFO - [815/1205] Fetching weather for Külsővat...
2026-05-31 18:55:00,682 - root - INFO - Fetched weather for Külsővat: 19.1°C, Rain, humidity: 89%
2026-05-31 18:55:01,783 - root - INFO - [816/1205] Fetching weather for Celldömölk...
2026-05-31 18:55:01,837 - root - INFO - Fetched weather for Celldömölk: 19.1°C, Rain, humidity: 89%
2026-05-31 18:55:02,939 - root - INFO - [817/1205] Fetching weather for Kemenesmihályfa...
2026-05-31 18:55:02,996 - root - INFO - Fetched weather for Kemenesmihályfa: 17.8°C, Rain, humidity: 89%
2026-05-31 18:55:04,098 - root - INFO - [818/1205] Fetching weather for Nagysimonyi...
2026-05-31 18:55:04,154 - root - INFO - Fetched weather for Nagysimonyi: 17.9°C, Rain, humidity: 90%
2026-05-31 18:55:05,256 - root - INFO - [819/1205] Fetching weather for Ostffyasszonyfa...
2026-05-31 18:55:05,309 - root - INFO - Fetched weather for Ostffyasszonyfa: 18.0°C, Rain, humidity: 90%
2026-05-31 18:55:06,410 - root - INFO - [820/1205] Fetching weather for Sárvár...
2026-05-31 18:55:06,463 - root - INFO - Fetched weather for Sárvár: 18.1°C, Rain, humidity: 90%
2026-05-31 18:55:07,564 - root - INFO - [821/1205] Fetching weather for Porpác...
2026-05-31 18:55:07,618 - root - INFO - Fetched weather for Porpác: 15.3°C, Rain, humidity: 91%
2026-05-31 18:55:08,720 - root - INFO - [822/1205] Fetching weather for Balatonföldvár...
2026-05-31 18:55:08,767 - root - INFO - Fetched weather for Balatonföldvár: 17.9°C, Clouds, humidity: 90%
2026-05-31 18:55:09,868 - root - INFO - [823/1205] Fetching weather for Balatonszárszó...
2026-05-31 18:55:09,928 - root - INFO - Fetched weather for Balatonszárszó: 17.9°C, Clouds, humidity: 91%
2026-05-31 18:55:11,030 - root - INFO - [824/1205] Fetching weather for Balatonszemes...
2026-05-31 18:55:11,093 - root - INFO - Fetched weather for Balatonszemes: 17.8°C, Clouds, humidity: 91%
2026-05-31 18:55:12,194 - root - INFO - [825/1205] Fetching weather for Balatonlelle felső...
2026-05-31 18:55:12,248 - root - INFO - Fetched weather for Balatonlelle felső: 17.8°C, Rain, humidity: 91%
2026-05-31 18:55:13,350 - root - INFO - [826/1205] Fetching weather for Balatonlelle...
2026-05-31 18:55:13,411 - root - INFO - Fetched weather for Balatonlelle: 17.8°C, Rain, humidity: 91%
2026-05-31 18:55:14,513 - root - INFO - [827/1205] Fetching weather for Fonyódliget...
2026-05-31 18:55:14,568 - root - INFO - Fetched weather for Fonyódliget: 17.8°C, Rain, humidity: 91%
2026-05-31 18:55:15,669 - root - INFO - [828/1205] Fetching weather for Balatonboglár...
2026-05-31 18:55:15,726 - root - INFO - Fetched weather for Balatonboglár: 17.8°C, Rain, humidity: 91%
2026-05-31 18:55:16,827 - root - INFO - [829/1205] Fetching weather for Balatonfenyves alsó...
2026-05-31 18:55:16,890 - root - INFO - Fetched weather for Balatonfenyves alsó: 19.1°C, Rain, humidity: 92%
2026-05-31 18:55:17,992 - root - INFO - [830/1205] Fetching weather for Fonyód...
2026-05-31 18:55:18,046 - root - INFO - Fetched weather for Fonyód: 17.7°C, Rain, humidity: 91%
2026-05-31 18:55:19,147 - root - INFO - [831/1205] Fetching weather for Bélatelep...
2026-05-31 18:55:19,200 - root - INFO - Fetched weather for Bélatelep: 19.1°C, Rain, humidity: 91%
2026-05-31 18:55:20,302 - root - INFO - [832/1205] Fetching weather for Alsóbélatelep...
2026-05-31 18:55:20,356 - root - INFO - Fetched weather for Alsóbélatelep: 19.1°C, Rain, humidity: 91%
2026-05-31 18:55:21,458 - root - INFO - [833/1205] Fetching weather for Balatonfenyves...
2026-05-31 18:55:21,508 - root - INFO - Fetched weather for Balatonfenyves: 19.1°C, Rain, humidity: 92%
2026-05-31 18:55:22,610 - root - INFO - [834/1205] Fetching weather for Máriahullámtelep...
2026-05-31 18:55:22,662 - root - INFO - Fetched weather for Máriahullámtelep: 19.1°C, Rain, humidity: 92%
2026-05-31 18:55:23,764 - root - INFO - [835/1205] Fetching weather for Balatonmáriafürdő...
2026-05-31 18:55:23,821 - root - INFO - Fetched weather for Balatonmáriafürdő: 19.1°C, Rain, humidity: 88%
2026-05-31 18:55:24,922 - root - INFO - [836/1205] Fetching weather for Balatonberény...
2026-05-31 18:55:24,986 - root - INFO - Fetched weather for Balatonberény: 19.1°C, Rain, humidity: 88%
2026-05-31 18:55:26,088 - root - INFO - [837/1205] Fetching weather for Balatonszentgyörgy...
2026-05-31 18:55:26,145 - root - INFO - Fetched weather for Balatonszentgyörgy: 19.1°C, Rain, humidity: 88%
2026-05-31 18:55:27,246 - root - INFO - [838/1205] Fetching weather for Vörs...
2026-05-31 18:55:27,305 - root - INFO - Fetched weather for Vörs: 19.1°C, Rain, humidity: 88%
2026-05-31 18:55:28,407 - root - INFO - [839/1205] Fetching weather for Zalaszentjakab...
2026-05-31 18:55:28,464 - root - INFO - Fetched weather for Zalaszentjakab: 18.9°C, Rain, humidity: 92%
2026-05-31 18:55:29,566 - root - INFO - [840/1205] Fetching weather for Nagykanizsa...
2026-05-31 18:55:29,628 - root - INFO - Fetched weather for Nagykanizsa: 17.5°C, Rain, humidity: 92%
2026-05-31 18:55:30,730 - root - INFO - [841/1205] Fetching weather for Murakeresztúr...
2026-05-31 18:55:30,784 - root - INFO - Fetched weather for Murakeresztúr: 17.7°C, Rain, humidity: 92%
2026-05-31 18:55:31,886 - root - INFO - [842/1205] Fetching weather for Zalakomár...
2026-05-31 18:55:31,941 - root - INFO - Fetched weather for Zalakomár: 18.9°C, Rain, humidity: 88%
2026-05-31 18:55:33,042 - root - INFO - [843/1205] Fetching weather for Szárazrét...
2026-05-31 18:55:33,097 - root - INFO - Fetched weather for Szárazrét: 17.6°C, Clouds, humidity: 76%
2026-05-31 18:55:34,199 - root - INFO - [844/1205] Fetching weather for Bodajk...
2026-05-31 18:55:34,253 - root - INFO - Fetched weather for Bodajk: 17.7°C, Clouds, humidity: 77%
2026-05-31 18:55:35,354 - root - INFO - [845/1205] Fetching weather for Csókakő...
2026-05-31 18:55:35,411 - root - INFO - Fetched weather for Csókakő: 17.5°C, Clouds, humidity: 78%
2026-05-31 18:55:36,513 - root - INFO - [846/1205] Fetching weather for Mór...
2026-05-31 18:55:36,571 - root - INFO - Fetched weather for Mór: 17.6°C, Rain, humidity: 79%
2026-05-31 18:55:37,673 - root - INFO - [847/1205] Fetching weather for Bakonysárkány...
2026-05-31 18:55:37,725 - root - INFO - Fetched weather for Bakonysárkány: 23.3°C, Rain, humidity: 82%
2026-05-31 18:55:38,827 - root - INFO - [848/1205] Fetching weather for Kisbér...
2026-05-31 18:55:38,884 - root - INFO - Fetched weather for Kisbér: 23.6°C, Rain, humidity: 83%
2026-05-31 18:55:39,986 - root - INFO - [849/1205] Fetching weather for Nagyigmánd-Bábolna...
2026-05-31 18:55:40,038 - root - INFO - Fetched weather for Nagyigmánd-Bábolna: 24.0°C, Rain, humidity: 60%
2026-05-31 18:55:41,140 - root - INFO - [850/1205] Fetching weather for Budapest-Déli...
2026-05-31 18:55:41,198 - root - INFO - Fetched weather for Budapest-Déli: 21.5°C, Clear, humidity: 52%
2026-05-31 18:55:42,300 - root - INFO - [851/1205] Fetching weather for Budapest-Kelenföld...
2026-05-31 18:55:42,358 - root - INFO - Fetched weather for Budapest-Kelenföld: 21.8°C, Clear, humidity: 51%
2026-05-31 18:55:43,460 - root - INFO - [852/1205] Fetching weather for Budaörs...
2026-05-31 18:55:43,515 - root - INFO - Fetched weather for Budaörs: 21.7°C, Clouds, humidity: 52%
2026-05-31 18:55:44,617 - root - INFO - [853/1205] Fetching weather for Biatorbágy...
2026-05-31 18:55:44,675 - root - INFO - Fetched weather for Biatorbágy: 20.1°C, Clouds, humidity: 58%
2026-05-31 18:55:45,777 - root - INFO - [854/1205] Fetching weather for Herceghalom...
2026-05-31 18:55:45,834 - root - INFO - Fetched weather for Herceghalom: 19.8°C, Clouds, humidity: 63%
2026-05-31 18:55:46,936 - root - INFO - [855/1205] Fetching weather for Bicske...
2026-05-31 18:55:46,990 - root - INFO - Fetched weather for Bicske: 18.9°C, Clouds, humidity: 73%
2026-05-31 18:55:48,092 - root - INFO - [856/1205] Fetching weather for Szár...
2026-05-31 18:55:48,146 - root - INFO - Fetched weather for Szár: 18.7°C, Clouds, humidity: 73%
2026-05-31 18:55:49,247 - root - INFO - [857/1205] Fetching weather for Szárliget...
2026-05-31 18:55:49,303 - root - INFO - Fetched weather for Szárliget: 18.0°C, Clouds, humidity: 74%
2026-05-31 18:55:50,405 - root - INFO - [858/1205] Fetching weather for Alsógalla...
2026-05-31 18:55:50,463 - root - INFO - Fetched weather for Alsógalla: 18.4°C, Clouds, humidity: 76%
2026-05-31 18:55:51,565 - root - INFO - [859/1205] Fetching weather for Tatabánya...
2026-05-31 18:55:51,620 - root - INFO - Fetched weather for Tatabánya: 18.4°C, Clouds, humidity: 77%
2026-05-31 18:55:52,722 - root - INFO - [860/1205] Fetching weather for Vértesszőlős...
2026-05-31 18:55:52,775 - root - INFO - Fetched weather for Vértesszőlős: 18.4°C, Clouds, humidity: 77%
2026-05-31 18:55:53,877 - root - INFO - [861/1205] Fetching weather for Tóvároskert...
2026-05-31 18:55:53,942 - root - INFO - Fetched weather for Tóvároskert: 18.4°C, Clouds, humidity: 78%
2026-05-31 18:55:55,044 - root - INFO - [862/1205] Fetching weather for Tata...
2026-05-31 18:55:55,098 - root - INFO - Fetched weather for Tata: 18.4°C, Clouds, humidity: 78%
2026-05-31 18:55:56,200 - root - INFO - [863/1205] Fetching weather for Almásfüzitő...
2026-05-31 18:55:56,251 - root - INFO - Fetched weather for Almásfüzitő: 18.6°C, Rain, humidity: 79%
2026-05-31 18:55:57,352 - root - INFO - [864/1205] Fetching weather for Almásfüzitő felső...
2026-05-31 18:55:57,411 - root - INFO - Fetched weather for Almásfüzitő felső: 18.6°C, Rain, humidity: 79%
2026-05-31 18:55:58,513 - root - INFO - [865/1205] Fetching weather for Szőny...
2026-05-31 18:55:58,571 - root - INFO - Fetched weather for Szőny: 24.1°C, Rain, humidity: 80%
2026-05-31 18:55:59,673 - root - INFO - [866/1205] Fetching weather for Komárom...
2026-05-31 18:55:59,727 - root - INFO - Fetched weather for Komárom: 24.1°C, Rain, humidity: 81%
2026-05-31 18:56:00,829 - root - INFO - [867/1205] Fetching weather for Ács...
2026-05-31 18:56:00,883 - root - INFO - Fetched weather for Ács: 24.1°C, Rain, humidity: 60%
2026-05-31 18:56:01,985 - root - INFO - [868/1205] Fetching weather for Nagyszentjános...
2026-05-31 18:56:02,037 - root - INFO - Fetched weather for Nagyszentjános: 24.1°C, Rain, humidity: 60%
2026-05-31 18:56:03,139 - root - INFO - [869/1205] Fetching weather for Győrszentiván...
2026-05-31 18:56:03,199 - root - INFO - Fetched weather for Győrszentiván: 24.1°C, Clouds, humidity: 60%
2026-05-31 18:56:04,300 - root - INFO - [870/1205] Fetching weather for Győr-Gyárváros...
2026-05-31 18:56:04,358 - root - INFO - Fetched weather for Győr-Gyárváros: 24.1°C, Clouds, humidity: 60%
2026-05-31 18:56:05,460 - root - INFO - [871/1205] Fetching weather for Győr...
2026-05-31 18:56:05,515 - root - INFO - Fetched weather for Győr: 24.1°C, Rain, humidity: 60%
2026-05-31 18:56:06,617 - root - INFO - [872/1205] Fetching weather for Öttevény...
2026-05-31 18:56:06,672 - root - INFO - Fetched weather for Öttevény: 24.1°C, Rain, humidity: 83%
2026-05-31 18:56:07,773 - root - INFO - [873/1205] Fetching weather for Lébény-Mosonszentmiklós...
2026-05-31 18:56:07,827 - root - INFO - Fetched weather for Lébény-Mosonszentmiklós: 18.7°C, Clouds, humidity: 84%
2026-05-31 18:56:08,928 - root - INFO - [874/1205] Fetching weather for Kimle-Károlyháza...
2026-05-31 18:56:08,988 - root - INFO - Fetched weather for Kimle-Károlyháza: 18.8°C, Clouds, humidity: 84%
2026-05-31 18:56:10,090 - root - INFO - [875/1205] Fetching weather for Mosonmagyaróvár...
2026-05-31 18:56:10,144 - root - INFO - Fetched weather for Mosonmagyaróvár: 18.9°C, Clouds, humidity: 84%
2026-05-31 18:56:11,245 - root - INFO - [876/1205] Fetching weather for Levél...
2026-05-31 18:56:11,300 - root - INFO - Fetched weather for Levél: 18.9°C, Clouds, humidity: 84%
2026-05-31 18:56:12,402 - root - INFO - [877/1205] Fetching weather for Hegyeshalom...
2026-05-31 18:56:12,457 - root - INFO - Fetched weather for Hegyeshalom: 18.9°C, Clouds, humidity: 84%
2026-05-31 18:56:13,559 - root - INFO - [878/1205] Fetching weather for Óbuda...
2026-05-31 18:56:13,617 - root - INFO - Fetched weather for Óbuda: 21.0°C, Clouds, humidity: 53%
2026-05-31 18:56:14,719 - root - INFO - [879/1205] Fetching weather for Üröm...
2026-05-31 18:56:14,778 - root - INFO - Fetched weather for Üröm: 21.0°C, Clouds, humidity: 53%
2026-05-31 18:56:15,880 - root - INFO - [880/1205] Fetching weather for Solymár...
2026-05-31 18:56:15,933 - root - INFO - Fetched weather for Solymár: 20.9°C, Clouds, humidity: 53%
2026-05-31 18:56:17,034 - root - INFO - [881/1205] Fetching weather for Pilisvörösvár...
2026-05-31 18:56:17,087 - root - INFO - Fetched weather for Pilisvörösvár: 19.1°C, Clouds, humidity: 61%
2026-05-31 18:56:18,189 - root - INFO - [882/1205] Fetching weather for Klotildliget...
2026-05-31 18:56:18,244 - root - INFO - Fetched weather for Klotildliget: 18.8°C, Clouds, humidity: 63%
2026-05-31 18:56:19,346 - root - INFO - [883/1205] Fetching weather for Kútvölgy...
2026-05-31 18:56:19,401 - root - INFO - Fetched weather for Kútvölgy: 21.7°C, Clouds, humidity: 52%
2026-05-31 18:56:20,503 - root - INFO - [884/1205] Fetching weather for Székkutas...
2026-05-31 18:56:20,557 - root - INFO - Fetched weather for Székkutas: 21.7°C, Clouds, humidity: 54%
2026-05-31 18:56:21,659 - root - INFO - [885/1205] Fetching weather for Kaposszentjakab...
2026-05-31 18:56:21,723 - root - INFO - Fetched weather for Kaposszentjakab: 17.6°C, Clouds, humidity: 92%
2026-05-31 18:56:22,824 - root - INFO - [886/1205] Fetching weather for Kaposvár...
2026-05-31 18:56:22,886 - root - INFO - Fetched weather for Kaposvár: 17.5°C, Clouds, humidity: 92%
2026-05-31 18:56:23,988 - root - INFO - [887/1205] Fetching weather for Kaposújlak...
2026-05-31 18:56:24,049 - root - INFO - Fetched weather for Kaposújlak: 17.5°C, Rain, humidity: 92%
2026-05-31 18:56:25,151 - root - INFO - [888/1205] Fetching weather for Kaposmérő...
2026-05-31 18:56:25,209 - root - INFO - Fetched weather for Kaposmérő: 17.4°C, Rain, humidity: 91%
2026-05-31 18:56:26,311 - root - INFO - [889/1205] Fetching weather for Kaposfő...
2026-05-31 18:56:26,376 - root - INFO - Fetched weather for Kaposfő: 17.4°C, Rain, humidity: 91%
2026-05-31 18:56:27,478 - root - INFO - [890/1205] Fetching weather for Kiskorpád...
2026-05-31 18:56:27,539 - root - INFO - Fetched weather for Kiskorpád: 17.3°C, Rain, humidity: 91%
2026-05-31 18:56:28,641 - root - INFO - [891/1205] Fetching weather for Jákó-Nagybajom...
2026-05-31 18:56:28,712 - root - INFO - Fetched weather for Jákó-Nagybajom: 17.3°C, Rain, humidity: 91%
2026-05-31 18:56:29,814 - root - INFO - [892/1205] Fetching weather for Kutas...
2026-05-31 18:56:29,867 - root - INFO - Fetched weather for Kutas: 17.6°C, Rain, humidity: 90%
2026-05-31 18:56:30,969 - root - INFO - [893/1205] Fetching weather for Beleg...
2026-05-31 18:56:31,030 - root - INFO - Fetched weather for Beleg: 17.7°C, Rain, humidity: 89%
2026-05-31 18:56:32,132 - root - INFO - [894/1205] Fetching weather for Ötvöskónyi...
2026-05-31 18:56:32,198 - root - INFO - Fetched weather for Ötvöskónyi: 17.8°C, Rain, humidity: 89%
2026-05-31 18:56:33,300 - root - INFO - [895/1205] Fetching weather for Somogyszob...
2026-05-31 18:56:33,355 - root - INFO - Fetched weather for Somogyszob: 17.8°C, Rain, humidity: 88%
2026-05-31 18:56:34,457 - root - INFO - [896/1205] Fetching weather for Bolhás...
2026-05-31 18:56:34,515 - root - INFO - Fetched weather for Bolhás: 17.8°C, Rain, humidity: 88%
2026-05-31 18:56:35,617 - root - INFO - [897/1205] Fetching weather for Szenta...
2026-05-31 18:56:35,676 - root - INFO - Fetched weather for Szenta: 17.8°C, Rain, humidity: 88%
2026-05-31 18:56:36,778 - root - INFO - [898/1205] Fetching weather for Zrínyitelep...
2026-05-31 18:56:36,844 - root - INFO - Fetched weather for Zrínyitelep: 17.7°C, Rain, humidity: 89%
2026-05-31 18:56:37,946 - root - INFO - [899/1205] Fetching weather for Csurgó...
2026-05-31 18:56:38,016 - root - INFO - Fetched weather for Csurgó: 17.8°C, Rain, humidity: 89%
2026-05-31 18:56:39,118 - root - INFO - [900/1205] Fetching weather for Gyékényes...
2026-05-31 18:56:39,174 - root - INFO - Fetched weather for Gyékényes: 17.6°C, Rain, humidity: 90%
2026-05-31 18:56:40,276 - root - INFO - [901/1205] Fetching weather for Adony...
2026-05-31 18:56:40,336 - root - INFO - Fetched weather for Adony: 19.1°C, Clouds, humidity: 62%
2026-05-31 18:56:41,438 - root - INFO - [902/1205] Fetching weather for Kulcs...
2026-05-31 18:56:41,495 - root - INFO - Fetched weather for Kulcs: 19.4°C, Clouds, humidity: 58%
2026-05-31 18:56:42,597 - root - INFO - [903/1205] Fetching weather for Rácalmás...
2026-05-31 18:56:42,653 - root - INFO - Fetched weather for Rácalmás: 19.4°C, Clouds, humidity: 57%
2026-05-31 18:56:43,755 - root - INFO - [904/1205] Fetching weather for Dunaújváros...
2026-05-31 18:56:43,806 - root - INFO - Fetched weather for Dunaújváros: 19.6°C, Clouds, humidity: 56%
2026-05-31 18:56:44,909 - root - INFO - [905/1205] Fetching weather for Újvenyim...
2026-05-31 18:56:44,963 - root - INFO - Fetched weather for Újvenyim: 19.6°C, Clouds, humidity: 58%
2026-05-31 18:56:46,064 - root - INFO - [906/1205] Fetching weather for Mezőfalva...
2026-05-31 18:56:46,119 - root - INFO - Fetched weather for Mezőfalva: 19.4°C, Clouds, humidity: 60%
2026-05-31 18:56:47,221 - root - INFO - [907/1205] Fetching weather for Nagykarácsony felső...
2026-05-31 18:56:47,278 - root - INFO - Fetched weather for Nagykarácsony felső: 19.5°C, Clouds, humidity: 62%
2026-05-31 18:56:48,380 - root - INFO - [908/1205] Fetching weather for Nagykarácsony...
2026-05-31 18:56:48,439 - root - INFO - Fetched weather for Nagykarácsony: 19.1°C, Clouds, humidity: 64%
2026-05-31 18:56:49,541 - root - INFO - [909/1205] Fetching weather for Alap...
2026-05-31 18:56:49,599 - root - INFO - Fetched weather for Alap: 18.9°C, Clouds, humidity: 72%
2026-05-31 18:56:50,701 - root - INFO - [910/1205] Fetching weather for Cece...
2026-05-31 18:56:50,760 - root - INFO - Fetched weather for Cece: 18.7°C, Clouds, humidity: 75%
2026-05-31 18:56:51,862 - root - INFO - [911/1205] Fetching weather for Vajta...
2026-05-31 18:56:51,927 - root - INFO - Fetched weather for Vajta: 18.7°C, Clouds, humidity: 76%
2026-05-31 18:56:53,029 - root - INFO - [912/1205] Fetching weather for Rétszilas alsó...
2026-05-31 18:56:53,085 - root - INFO - Fetched weather for Rétszilas alsó: 18.9°C, Clouds, humidity: 72%
2026-05-31 18:56:54,187 - root - INFO - [913/1205] Fetching weather for Nagydorog...
2026-05-31 18:56:54,241 - root - INFO - Fetched weather for Nagydorog: 18.7°C, Clouds, humidity: 77%
2026-05-31 18:56:55,343 - root - INFO - [914/1205] Fetching weather for Tengelic...
2026-05-31 18:56:55,398 - root - INFO - Fetched weather for Tengelic: 18.7°C, Clouds, humidity: 75%
2026-05-31 18:56:56,500 - root - INFO - [915/1205] Fetching weather for Fácánkert...
2026-05-31 18:56:56,564 - root - INFO - Fetched weather for Fácánkert: 19.0°C, Clouds, humidity: 74%
2026-05-31 18:56:57,666 - root - INFO - [916/1205] Fetching weather for Tolna-Mözs...
2026-05-31 18:56:57,719 - root - INFO - Fetched weather for Tolna-Mözs: 19.3°C, Clouds, humidity: 71%
2026-05-31 18:56:58,821 - root - INFO - [917/1205] Fetching weather for Szekszárd-Palánk...
2026-05-31 18:56:58,883 - root - INFO - Fetched weather for Szekszárd-Palánk: 19.2°C, Clouds, humidity: 73%
2026-05-31 18:56:59,985 - root - INFO - [918/1205] Fetching weather for Szekszárd...
2026-05-31 18:57:00,044 - root - INFO - Fetched weather for Szekszárd: 19.4°C, Clouds, humidity: 73%
2026-05-31 18:57:01,146 - root - INFO - [919/1205] Fetching weather for Őcsény...
2026-05-31 18:57:01,210 - root - INFO - Fetched weather for Őcsény: 20.0°C, Clouds, humidity: 69%
2026-05-31 18:57:02,311 - root - INFO - [920/1205] Fetching weather for Decs...
2026-05-31 18:57:02,368 - root - INFO - Fetched weather for Decs: 20.1°C, Clouds, humidity: 68%
2026-05-31 18:57:03,470 - root - INFO - [921/1205] Fetching weather for Csikóstőttős...
2026-05-31 18:57:03,523 - root - INFO - Fetched weather for Csikóstőttős: 18.1°C, Clouds, humidity: 90%
2026-05-31 18:57:04,625 - root - INFO - [922/1205] Fetching weather for Mágocs-Alsómocsolád...
2026-05-31 18:57:04,682 - root - INFO - Fetched weather for Mágocs-Alsómocsolád: 17.6°C, Clouds, humidity: 89%
2026-05-31 18:57:05,784 - root - INFO - [923/1205] Fetching weather for Szalatnak...
2026-05-31 18:57:05,842 - root - INFO - Fetched weather for Szalatnak: 18.0°C, Clouds, humidity: 87%
2026-05-31 18:57:06,944 - root - INFO - [924/1205] Fetching weather for Máza-Szászvár...
2026-05-31 18:57:07,001 - root - INFO - Fetched weather for Máza-Szászvár: 18.3°C, Clouds, humidity: 84%
2026-05-31 18:57:08,103 - root - INFO - [925/1205] Fetching weather for Váralja...
2026-05-31 18:57:08,172 - root - INFO - Fetched weather for Váralja: 18.5°C, Clouds, humidity: 81%
2026-05-31 18:57:09,274 - root - INFO - [926/1205] Fetching weather for Nagymányok...
2026-05-31 18:57:09,328 - root - INFO - Fetched weather for Nagymányok: 18.5°C, Clouds, humidity: 81%
2026-05-31 18:57:10,429 - root - INFO - [927/1205] Fetching weather for Hidas-Bonyhád...
2026-05-31 18:57:10,488 - root - INFO - Fetched weather for Hidas-Bonyhád: 18.6°C, Clouds, humidity: 79%
2026-05-31 18:57:11,590 - root - INFO - [928/1205] Fetching weather for Mőcsény...
2026-05-31 18:57:11,647 - root - INFO - Fetched weather for Mőcsény: 18.7°C, Clouds, humidity: 75%
2026-05-31 18:57:12,749 - root - INFO - [929/1205] Fetching weather for Bátaszék...
2026-05-31 18:57:12,803 - root - INFO - Fetched weather for Bátaszék: 19.8°C, Clouds, humidity: 70%
2026-05-31 18:57:13,905 - root - INFO - [930/1205] Fetching weather for Pörböly...
2026-05-31 18:57:13,960 - root - INFO - Fetched weather for Pörböly: 20.6°C, Clouds, humidity: 64%
2026-05-31 18:57:15,062 - root - INFO - [931/1205] Fetching weather for Orosháza...
2026-05-31 18:57:15,120 - root - INFO - Fetched weather for Orosháza: 20.2°C, Clouds, humidity: 58%
2026-05-31 18:57:16,222 - root - INFO - [932/1205] Fetching weather for Orosházi tanyák...
2026-05-31 18:57:16,281 - root - INFO - Fetched weather for Orosházi tanyák: 18.3°C, Clouds, humidity: 59%
2026-05-31 18:57:17,383 - root - INFO - [933/1205] Fetching weather for Csorvás...
2026-05-31 18:57:17,445 - root - INFO - Fetched weather for Csorvás: 18.3°C, Clouds, humidity: 59%
2026-05-31 18:57:18,547 - root - INFO - [934/1205] Fetching weather for Csorvás alsó...
2026-05-31 18:57:18,603 - root - INFO - Fetched weather for Csorvás alsó: 18.3°C, Clouds, humidity: 58%
2026-05-31 18:57:19,705 - root - INFO - [935/1205] Fetching weather for Telekgerendás...
2026-05-31 18:57:19,768 - root - INFO - Fetched weather for Telekgerendás: 18.3°C, Clouds, humidity: 58%
2026-05-31 18:57:20,870 - root - INFO - [936/1205] Fetching weather for Fürjes...
2026-05-31 18:57:20,925 - root - INFO - Fetched weather for Fürjes: 18.3°C, Clouds, humidity: 58%
2026-05-31 18:57:22,027 - root - INFO - [937/1205] Fetching weather for Fényes...
2026-05-31 18:57:22,092 - root - INFO - Fetched weather for Fényes: 18.3°C, Clouds, humidity: 58%
2026-05-31 18:57:23,194 - root - INFO - [938/1205] Fetching weather for Bicere...
2026-05-31 18:57:23,249 - root - INFO - Fetched weather for Bicere: 18.3°C, Clouds, humidity: 58%
2026-05-31 18:57:24,351 - root - INFO - [939/1205] Fetching weather for Gyula...
2026-05-31 18:57:24,408 - root - INFO - Fetched weather for Gyula: 18.3°C, Clouds, humidity: 58%
2026-05-31 18:57:25,509 - root - INFO - [940/1205] Fetching weather for József Szanatórium...
2026-05-31 18:57:25,576 - root - INFO - Fetched weather for József Szanatórium: 18.3°C, Clouds, humidity: 58%
2026-05-31 18:57:26,678 - root - INFO - [941/1205] Fetching weather for Sarkadi Cukorgyár...
2026-05-31 18:57:26,740 - root - INFO - Fetched weather for Sarkadi Cukorgyár: 18.3°C, Clouds, humidity: 58%
2026-05-31 18:57:27,841 - root - INFO - [942/1205] Fetching weather for Sarkad...
2026-05-31 18:57:27,895 - root - INFO - Fetched weather for Sarkad: 18.3°C, Clouds, humidity: 60%
2026-05-31 18:57:28,997 - root - INFO - [943/1205] Fetching weather for Kötegyán...
2026-05-31 18:57:29,057 - root - INFO - Fetched weather for Kötegyán: 18.3°C, Clouds, humidity: 59%
2026-05-31 18:57:30,159 - root - INFO - [944/1205] Fetching weather for Méhkerék...
2026-05-31 18:57:30,214 - root - INFO - Fetched weather for Méhkerék: 18.3°C, Clouds, humidity: 59%
2026-05-31 18:57:31,316 - root - INFO - [945/1205] Fetching weather for Sarkadkeresztúr...
2026-05-31 18:57:31,374 - root - INFO - Fetched weather for Sarkadkeresztúr: 18.3°C, Clouds, humidity: 59%
2026-05-31 18:57:32,476 - root - INFO - [946/1205] Fetching weather for Okány...
2026-05-31 18:57:32,532 - root - INFO - Fetched weather for Okány: 18.3°C, Clouds, humidity: 60%
2026-05-31 18:57:33,634 - root - INFO - [947/1205] Fetching weather for Újszeged...
2026-05-31 18:57:33,687 - root - INFO - Fetched weather for Újszeged: 22.9°C, Clouds, humidity: 54%
2026-05-31 18:57:34,789 - root - INFO - [948/1205] Fetching weather for Szőreg...
2026-05-31 18:57:34,844 - root - INFO - Fetched weather for Szőreg: 22.9°C, Clouds, humidity: 55%
2026-05-31 18:57:35,946 - root - INFO - [949/1205] Fetching weather for Deszk...
2026-05-31 18:57:35,999 - root - INFO - Fetched weather for Deszk: 22.9°C, Clouds, humidity: 54%
2026-05-31 18:57:37,100 - root - INFO - [950/1205] Fetching weather for Kiszombor...
2026-05-31 18:57:37,161 - root - INFO - Fetched weather for Kiszombor: 19.7°C, Clouds, humidity: 54%
2026-05-31 18:57:38,263 - root - INFO - [951/1205] Fetching weather for Kiszombor megálló...
2026-05-31 18:57:38,322 - root - INFO - Fetched weather for Kiszombor megálló: 19.7°C, Clouds, humidity: 54%
2026-05-31 18:57:39,424 - root - INFO - [952/1205] Fetching weather for Makó...
2026-05-31 18:57:39,488 - root - INFO - Fetched weather for Makó: 19.6°C, Clouds, humidity: 54%
2026-05-31 18:57:40,590 - root - INFO - [953/1205] Fetching weather for Apátfalva...
2026-05-31 18:57:40,648 - root - INFO - Fetched weather for Apátfalva: 19.4°C, Clouds, humidity: 56%
2026-05-31 18:57:41,750 - root - INFO - [954/1205] Fetching weather for Magyarcsanád...
2026-05-31 18:57:41,802 - root - INFO - Fetched weather for Magyarcsanád: 19.3°C, Clouds, humidity: 57%
2026-05-31 18:57:42,904 - root - INFO - [955/1205] Fetching weather for Nagylak...
2026-05-31 18:57:42,966 - root - INFO - Fetched weather for Nagylak: 19.3°C, Clouds, humidity: 59%
2026-05-31 18:57:44,068 - root - INFO - [956/1205] Fetching weather for Nagylaki Kendergyár...
2026-05-31 18:57:44,124 - root - INFO - Fetched weather for Nagylaki Kendergyár: 19.3°C, Clouds, humidity: 60%
2026-05-31 18:57:45,226 - root - INFO - [957/1205] Fetching weather for Csanádpalota...
2026-05-31 18:57:45,281 - root - INFO - Fetched weather for Csanádpalota: 19.3°C, Clouds, humidity: 61%
2026-05-31 18:57:46,383 - root - INFO - [958/1205] Fetching weather for Mezőhegyes...
2026-05-31 18:57:46,438 - root - INFO - Fetched weather for Mezőhegyes: 19.6°C, Clouds, humidity: 62%
2026-05-31 18:57:47,540 - root - INFO - [959/1205] Fetching weather for Végegyháza...
2026-05-31 18:57:47,595 - root - INFO - Fetched weather for Végegyháza: 19.9°C, Clouds, humidity: 61%
2026-05-31 18:57:48,697 - root - INFO - [960/1205] Fetching weather for Mezőkovácsháza...
2026-05-31 18:57:48,752 - root - INFO - Fetched weather for Mezőkovácsháza: 19.9°C, Clouds, humidity: 61%
2026-05-31 18:57:49,854 - root - INFO - [961/1205] Fetching weather for Mezőkovácsháza felső...
2026-05-31 18:57:49,907 - root - INFO - Fetched weather for Mezőkovácsháza felső: 20.1°C, Clouds, humidity: 60%
2026-05-31 18:57:51,009 - root - INFO - [962/1205] Fetching weather for Magyarbánhegyes...
2026-05-31 18:57:51,074 - root - INFO - Fetched weather for Magyarbánhegyes: 18.3°C, Clouds, humidity: 59%
2026-05-31 18:57:52,176 - root - INFO - [963/1205] Fetching weather for Medgyesegyháza...
2026-05-31 18:57:52,236 - root - INFO - Fetched weather for Medgyesegyháza: 18.2°C, Clouds, humidity: 57%
2026-05-31 18:57:53,338 - root - INFO - [964/1205] Fetching weather for Bánkút...
2026-05-31 18:57:53,392 - root - INFO - Fetched weather for Bánkút: 18.3°C, Clouds, humidity: 58%
2026-05-31 18:57:54,494 - root - INFO - [965/1205] Fetching weather for Belsőperegpuszta...
2026-05-31 18:57:54,552 - root - INFO - Fetched weather for Belsőperegpuszta: 20.0°C, Clouds, humidity: 60%
2026-05-31 18:57:55,654 - root - INFO - [966/1205] Fetching weather for Battonya...
2026-05-31 18:57:55,711 - root - INFO - Fetched weather for Battonya: 22.0°C, Clouds, humidity: 58%
2026-05-31 18:57:56,812 - root - INFO - [967/1205] Fetching weather for Baja-Dunafürdő...
2026-05-31 18:57:56,871 - root - INFO - Fetched weather for Baja-Dunafürdő: 21.3°C, Clouds, humidity: 60%
2026-05-31 18:57:57,974 - root - INFO - [968/1205] Fetching weather for Kaposszekcső...
2026-05-31 18:57:58,034 - root - INFO - Fetched weather for Kaposszekcső: 18.1°C, Clouds, humidity: 90%
2026-05-31 18:57:59,136 - root - INFO - [969/1205] Fetching weather for Vásárosdombó...
2026-05-31 18:57:59,189 - root - INFO - Fetched weather for Vásárosdombó: 18.0°C, Clouds, humidity: 90%
2026-05-31 18:58:00,290 - root - INFO - [970/1205] Fetching weather for Sásd...
2026-05-31 18:58:00,545 - root - INFO - Fetched weather for Sásd: 17.8°C, Clouds, humidity: 91%
2026-05-31 18:58:01,647 - root - INFO - [971/1205] Fetching weather for Godisa...
2026-05-31 18:58:01,704 - root - INFO - Fetched weather for Godisa: 21.4°C, Clouds, humidity: 91%
2026-05-31 18:58:02,805 - root - INFO - [972/1205] Fetching weather for Abaliget...
2026-05-31 18:58:02,859 - root - INFO - Fetched weather for Abaliget: 21.0°C, Clouds, humidity: 91%
2026-05-31 18:58:03,961 - root - INFO - [973/1205] Fetching weather for Hetvehely...
2026-05-31 18:58:04,015 - root - INFO - Fetched weather for Hetvehely: 21.2°C, Clouds, humidity: 91%
2026-05-31 18:58:05,117 - root - INFO - [974/1205] Fetching weather for Bükkösd...
2026-05-31 18:58:05,168 - root - INFO - Fetched weather for Bükkösd: 21.4°C, Clouds, humidity: 92%
2026-05-31 18:58:06,270 - root - INFO - [975/1205] Fetching weather for Cserdi-Helesfa...
2026-05-31 18:58:06,328 - root - INFO - Fetched weather for Cserdi-Helesfa: 21.4°C, Clouds, humidity: 91%
2026-05-31 18:58:07,429 - root - INFO - [976/1205] Fetching weather for Szentlőrinc...
2026-05-31 18:58:07,484 - root - INFO - Fetched weather for Szentlőrinc: 21.5°C, Clouds, humidity: 64%
2026-05-31 18:58:08,586 - root - INFO - [977/1205] Fetching weather for Bicsérd...
2026-05-31 18:58:08,648 - root - INFO - Fetched weather for Bicsérd: 21.4°C, Clouds, humidity: 64%
2026-05-31 18:58:09,750 - root - INFO - [978/1205] Fetching weather for Mecsekalja-Cserkút...
2026-05-31 18:58:09,819 - root - INFO - Fetched weather for Mecsekalja-Cserkút: 21.5°C, Clouds, humidity: 64%
2026-05-31 18:58:10,921 - root - INFO - [979/1205] Fetching weather for Pécs...
2026-05-31 18:58:10,978 - root - INFO - Fetched weather for Pécs: 21.5°C, Clouds, humidity: 64%
2026-05-31 18:58:12,080 - root - INFO - [980/1205] Fetching weather for Pécs-Külváros...
2026-05-31 18:58:12,132 - root - INFO - Fetched weather for Pécs-Külváros: 21.4°C, Clouds, humidity: 64%
2026-05-31 18:58:13,234 - root - INFO - [981/1205] Fetching weather for Pécsbánya-Rendező...
2026-05-31 18:58:13,288 - root - INFO - Fetched weather for Pécsbánya-Rendező: 21.3°C, Clouds, humidity: 64%
2026-05-31 18:58:14,390 - root - INFO - [982/1205] Fetching weather for Pécsudvard...
2026-05-31 18:58:14,445 - root - INFO - Fetched weather for Pécsudvard: 21.2°C, Clouds, humidity: 64%
2026-05-31 18:58:15,546 - root - INFO - [983/1205] Fetching weather for Szőkéd...
2026-05-31 18:58:15,601 - root - INFO - Fetched weather for Szőkéd: 21.4°C, Clouds, humidity: 64%
2026-05-31 18:58:16,703 - root - INFO - [984/1205] Fetching weather for Áta...
2026-05-31 18:58:16,756 - root - INFO - Fetched weather for Áta: 21.5°C, Clouds, humidity: 64%
2026-05-31 18:58:17,858 - root - INFO - [985/1205] Fetching weather for Kistótfalu...
2026-05-31 18:58:17,911 - root - INFO - Fetched weather for Kistótfalu: 21.5°C, Rain, humidity: 64%
2026-05-31 18:58:19,013 - root - INFO - [986/1205] Fetching weather for Vokány...
2026-05-31 18:58:19,074 - root - INFO - Fetched weather for Vokány: 22.1°C, Rain, humidity: 64%
2026-05-31 18:58:20,176 - root - INFO - [987/1205] Fetching weather for Palkonya...
2026-05-31 18:58:20,230 - root - INFO - Fetched weather for Palkonya: 22.1°C, Rain, humidity: 64%
2026-05-31 18:58:21,332 - root - INFO - [988/1205] Fetching weather for Villánykövesd...
2026-05-31 18:58:21,385 - root - INFO - Fetched weather for Villánykövesd: 22.1°C, Rain, humidity: 64%
2026-05-31 18:58:22,487 - root - INFO - [989/1205] Fetching weather for Villány...
2026-05-31 18:58:22,543 - root - INFO - Fetched weather for Villány: 22.2°C, Rain, humidity: 64%
2026-05-31 18:58:23,645 - root - INFO - [990/1205] Fetching weather for Magyarbóly...
2026-05-31 18:58:23,702 - root - INFO - Fetched weather for Magyarbóly: 22.2°C, Rain, humidity: 64%
2026-05-31 18:58:24,804 - root - INFO - [991/1205] Fetching weather for Magyarszék...
2026-05-31 18:58:24,859 - root - INFO - Fetched weather for Magyarszék: 21.2°C, Clouds, humidity: 90%
2026-05-31 18:58:25,961 - root - INFO - [992/1205] Fetching weather for Mecsekpölöske...
2026-05-31 18:58:26,018 - root - INFO - Fetched weather for Mecsekpölöske: 21.1°C, Clouds, humidity: 89%
2026-05-31 18:58:27,120 - root - INFO - [993/1205] Fetching weather for Mecsekjánosi...
2026-05-31 18:58:27,174 - root - INFO - Fetched weather for Mecsekjánosi: 21.1°C, Clouds, humidity: 88%
2026-05-31 18:58:28,276 - root - INFO - [994/1205] Fetching weather for Komló...
2026-05-31 18:58:28,342 - root - INFO - Fetched weather for Komló: 20.8°C, Clouds, humidity: 88%
2026-05-31 18:58:29,444 - root - INFO - [995/1205] Fetching weather for Királyegyháza-Rigópuszta...
2026-05-31 18:58:29,501 - root - INFO - Fetched weather for Királyegyháza-Rigópuszta: 21.6°C, Clouds, humidity: 91%
2026-05-31 18:58:30,603 - root - INFO - [996/1205] Fetching weather for Sumony...
2026-05-31 18:58:30,664 - root - INFO - Fetched weather for Sumony: 21.6°C, Clouds, humidity: 92%
2026-05-31 18:58:31,766 - root - INFO - [997/1205] Fetching weather for Okorág-Kárászpuszta...
2026-05-31 18:58:31,823 - root - INFO - Fetched weather for Okorág-Kárászpuszta: 21.6°C, Clouds, humidity: 92%
2026-05-31 18:58:32,925 - root - INFO - [998/1205] Fetching weather for Kákics...
2026-05-31 18:58:32,978 - root - INFO - Fetched weather for Kákics: 17.4°C, Clouds, humidity: 91%
2026-05-31 18:58:34,080 - root - INFO - [999/1205] Fetching weather for Bóly...
2026-05-31 18:58:34,136 - root - INFO - Fetched weather for Bóly: 22.0°C, Clouds, humidity: 64%
2026-05-31 18:58:35,238 - root - INFO - [1000/1205] Fetching weather for Mohács...
2026-05-31 18:58:35,291 - root - INFO - Fetched weather for Mohács: 22.3°C, Clouds, humidity: 69%
2026-05-31 18:58:36,392 - root - INFO - [1001/1205] Fetching weather for Sellye...
2026-05-31 18:58:36,457 - root - INFO - Fetched weather for Sellye: 17.5°C, Rain, humidity: 91%
2026-05-31 18:58:37,559 - root - INFO - [1002/1205] Fetching weather for Toponár...
2026-05-31 18:58:37,620 - root - INFO - Fetched weather for Toponár: 17.6°C, Rain, humidity: 92%
2026-05-31 18:58:38,722 - root - INFO - [1003/1205] Fetching weather for Somogyaszaló...
2026-05-31 18:58:38,778 - root - INFO - Fetched weather for Somogyaszaló: 17.5°C, Rain, humidity: 92%
2026-05-31 18:58:39,880 - root - INFO - [1004/1205] Fetching weather for Mernye...
2026-05-31 18:58:39,942 - root - INFO - Fetched weather for Mernye: 17.7°C, Rain, humidity: 91%
2026-05-31 18:58:41,044 - root - INFO - [1005/1205] Fetching weather for Felsőmocsolád...
2026-05-31 18:58:41,104 - root - INFO - Fetched weather for Felsőmocsolád: 17.6°C, Rain, humidity: 91%
2026-05-31 18:58:42,206 - root - INFO - [1006/1205] Fetching weather for Kisbárapáti...
2026-05-31 18:58:42,261 - root - INFO - Fetched weather for Kisbárapáti: 17.4°C, Clouds, humidity: 91%
2026-05-31 18:58:43,363 - root - INFO - [1007/1205] Fetching weather for Bonnya...
2026-05-31 18:58:43,421 - root - INFO - Fetched weather for Bonnya: 17.7°C, Rain, humidity: 91%
2026-05-31 18:58:44,523 - root - INFO - [1008/1205] Fetching weather for Andocs...
2026-05-31 18:58:44,579 - root - INFO - Fetched weather for Andocs: 17.2°C, Clouds, humidity: 91%
2026-05-31 18:58:45,680 - root - INFO - [1009/1205] Fetching weather for Karád...
2026-05-31 18:58:45,749 - root - INFO - Fetched weather for Karád: 19.1°C, Clouds, humidity: 91%
2026-05-31 18:58:46,851 - root - INFO - [1010/1205] Fetching weather for Somogymeggyes...
2026-05-31 18:58:46,906 - root - INFO - Fetched weather for Somogymeggyes: 18.7°C, Rain, humidity: 91%
2026-05-31 18:58:48,008 - root - INFO - [1011/1205] Fetching weather for Kapoly...
2026-05-31 18:58:48,063 - root - INFO - Fetched weather for Kapoly: 19.0°C, Rain, humidity: 91%
2026-05-31 18:58:49,165 - root - INFO - [1012/1205] Fetching weather for Tab...
2026-05-31 18:58:49,231 - root - INFO - Fetched weather for Tab: 19.1°C, Clouds, humidity: 91%
2026-05-31 18:58:50,333 - root - INFO - [1013/1205] Fetching weather for Bábonymegyer...
2026-05-31 18:58:50,385 - root - INFO - Fetched weather for Bábonymegyer: 19.3°C, Clouds, humidity: 90%
2026-05-31 18:58:51,487 - root - INFO - [1014/1205] Fetching weather for Daránypuszta...
2026-05-31 18:58:51,542 - root - INFO - Fetched weather for Daránypuszta: 19.3°C, Clouds, humidity: 88%
2026-05-31 18:58:52,644 - root - INFO - [1015/1205] Fetching weather for Som-Nagyberény...
2026-05-31 18:58:52,698 - root - INFO - Fetched weather for Som-Nagyberény: 19.3°C, Clouds, humidity: 87%
2026-05-31 18:58:53,800 - root - INFO - [1016/1205] Fetching weather for Ádánd...
2026-05-31 18:58:53,859 - root - INFO - Fetched weather for Ádánd: 19.4°C, Clouds, humidity: 85%
2026-05-31 18:58:54,961 - root - INFO - [1017/1205] Fetching weather for Siójut...
2026-05-31 18:58:55,028 - root - INFO - Fetched weather for Siójut: 19.4°C, Clouds, humidity: 50%
2026-05-31 18:58:56,130 - root - INFO - [1018/1205] Fetching weather for Kapostüskevár...
2026-05-31 18:58:56,186 - root - INFO - Fetched weather for Kapostüskevár: 17.6°C, Rain, humidity: 92%
2026-05-31 18:58:57,288 - root - INFO - [1019/1205] Fetching weather for Kaposfüred...
2026-05-31 18:58:57,352 - root - INFO - Fetched weather for Kaposfüred: 17.5°C, Rain, humidity: 92%
2026-05-31 18:58:58,454 - root - INFO - [1020/1205] Fetching weather for Várda...
2026-05-31 18:58:58,511 - root - INFO - Fetched weather for Várda: 17.4°C, Rain, humidity: 91%
2026-05-31 18:58:59,613 - root - INFO - [1021/1205] Fetching weather for Somogyjád...
2026-05-31 18:58:59,671 - root - INFO - Fetched weather for Somogyjád: 17.5°C, Rain, humidity: 91%
2026-05-31 18:59:00,773 - root - INFO - [1022/1205] Fetching weather for Osztopán...
2026-05-31 18:59:00,833 - root - INFO - Fetched weather for Osztopán: 17.4°C, Rain, humidity: 91%
2026-05-31 18:59:01,935 - root - INFO - [1023/1205] Fetching weather for Pamuk...
2026-05-31 18:59:01,989 - root - INFO - Fetched weather for Pamuk: 17.6°C, Rain, humidity: 91%
2026-05-31 18:59:03,091 - root - INFO - [1024/1205] Fetching weather for Somogyvár...
2026-05-31 18:59:03,161 - root - INFO - Fetched weather for Somogyvár: 17.6°C, Rain, humidity: 91%
2026-05-31 18:59:04,263 - root - INFO - [1025/1205] Fetching weather for Öreglak...
2026-05-31 18:59:04,318 - root - INFO - Fetched weather for Öreglak: 17.6°C, Rain, humidity: 91%
2026-05-31 18:59:05,420 - root - INFO - [1026/1205] Fetching weather for Tatárvár...
2026-05-31 18:59:05,479 - root - INFO - Fetched weather for Tatárvár: 17.5°C, Rain, humidity: 91%
2026-05-31 18:59:06,580 - root - INFO - [1027/1205] Fetching weather for Lengyeltóti...
2026-05-31 18:59:06,638 - root - INFO - Fetched weather for Lengyeltóti: 17.6°C, Rain, humidity: 91%
2026-05-31 18:59:07,740 - root - INFO - [1028/1205] Fetching weather for Pusztaberény...
2026-05-31 18:59:07,793 - root - INFO - Fetched weather for Pusztaberény: 17.7°C, Rain, humidity: 91%
2026-05-31 18:59:08,895 - root - INFO - [1029/1205] Fetching weather for Örkény...
2026-05-31 18:59:08,956 - root - INFO - Fetched weather for Örkény: 19.7°C, Clouds, humidity: 52%
2026-05-31 18:59:10,058 - root - INFO - [1030/1205] Fetching weather for Táborfalva...
2026-05-31 18:59:10,111 - root - INFO - Fetched weather for Táborfalva: 22.9°C, Clouds, humidity: 53%
2026-05-31 18:59:11,212 - root - INFO - [1031/1205] Fetching weather for Felsőlajos...
2026-05-31 18:59:11,264 - root - INFO - Fetched weather for Felsőlajos: 22.9°C, Clouds, humidity: 53%
2026-05-31 18:59:12,366 - root - INFO - [1032/1205] Fetching weather for Lajosmizse...
2026-05-31 18:59:12,417 - root - INFO - Fetched weather for Lajosmizse: 22.8°C, Clear, humidity: 38%
2026-05-31 18:59:13,519 - root - INFO - [1033/1205] Fetching weather for Lajosmizse alsó...
2026-05-31 18:59:13,569 - root - INFO - Fetched weather for Lajosmizse alsó: 22.9°C, Clear, humidity: 38%
2026-05-31 18:59:14,671 - root - INFO - [1034/1205] Fetching weather for Klábertelep...
2026-05-31 18:59:14,724 - root - INFO - Fetched weather for Klábertelep: 22.9°C, Clear, humidity: 38%
2026-05-31 18:59:15,826 - root - INFO - [1035/1205] Fetching weather for Méntelek...
2026-05-31 18:59:15,884 - root - INFO - Fetched weather for Méntelek: 19.9°C, Clear, humidity: 66%
2026-05-31 18:59:16,986 - root - INFO - [1036/1205] Fetching weather for Hetényegyháza...
2026-05-31 18:59:17,047 - root - INFO - Fetched weather for Hetényegyháza: 20.0°C, Clear, humidity: 66%
2026-05-31 18:59:18,149 - root - INFO - [1037/1205] Fetching weather for Kecskemét-Máriaváros...
2026-05-31 18:59:18,202 - root - INFO - Fetched weather for Kecskemét-Máriaváros: 20.0°C, Clear, humidity: 66%
2026-05-31 18:59:19,304 - root - INFO - [1038/1205] Fetching weather for Nyársapát...
2026-05-31 18:59:19,363 - root - INFO - Fetched weather for Nyársapát: 20.0°C, Clouds, humidity: 55%
2026-05-31 18:59:20,465 - root - INFO - [1039/1205] Fetching weather for Nagykőrös...
2026-05-31 18:59:20,521 - root - INFO - Fetched weather for Nagykőrös: 21.6°C, Clear, humidity: 51%
2026-05-31 18:59:21,623 - root - INFO - [1040/1205] Fetching weather for Katonatelep...
2026-05-31 18:59:21,675 - root - INFO - Fetched weather for Katonatelep: 22.9°C, Clear, humidity: 38%
2026-05-31 18:59:22,777 - root - INFO - [1041/1205] Fetching weather for Kecskemét...
2026-05-31 18:59:22,839 - root - INFO - Fetched weather for Kecskemét: 20.0°C, Clear, humidity: 66%
2026-05-31 18:59:23,941 - root - INFO - [1042/1205] Fetching weather for Városföld...
2026-05-31 18:59:24,003 - root - INFO - Fetched weather for Városföld: 23.0°C, Clear, humidity: 38%
2026-05-31 18:59:25,105 - root - INFO - [1043/1205] Fetching weather for Kiskunfélegyháza...
2026-05-31 18:59:25,164 - root - INFO - Fetched weather for Kiskunfélegyháza: 23.1°C, Clouds, humidity: 54%
2026-05-31 18:59:26,266 - root - INFO - [1044/1205] Fetching weather for Petőfiszállás...
2026-05-31 18:59:26,320 - root - INFO - Fetched weather for Petőfiszállás: 19.9°C, Clouds, humidity: 53%
2026-05-31 18:59:27,422 - root - INFO - [1045/1205] Fetching weather for Csengele...
2026-05-31 18:59:27,485 - root - INFO - Fetched weather for Csengele: 22.8°C, Clouds, humidity: 53%
2026-05-31 18:59:28,587 - root - INFO - [1046/1205] Fetching weather for Kistelek...
2026-05-31 18:59:28,647 - root - INFO - Fetched weather for Kistelek: 22.8°C, Clouds, humidity: 52%
2026-05-31 18:59:29,749 - root - INFO - [1047/1205] Fetching weather for Balástya...
2026-05-31 18:59:29,809 - root - INFO - Fetched weather for Balástya: 22.8°C, Clouds, humidity: 52%
2026-05-31 18:59:30,911 - root - INFO - [1048/1205] Fetching weather for Szatymaz...
2026-05-31 18:59:30,966 - root - INFO - Fetched weather for Szatymaz: 22.8°C, Clouds, humidity: 52%
2026-05-31 18:59:32,068 - root - INFO - [1049/1205] Fetching weather for Kiskundorozsma...
2026-05-31 18:59:32,125 - root - INFO - Fetched weather for Kiskundorozsma: 22.9°C, Clouds, humidity: 52%
2026-05-31 18:59:33,227 - root - INFO - [1050/1205] Fetching weather for Szeged...
2026-05-31 18:59:33,285 - root - INFO - Fetched weather for Szeged: 22.8°C, Clouds, humidity: 52%
2026-05-31 18:59:34,387 - root - INFO - [1051/1205] Fetching weather for Alsóúrrét...
2026-05-31 18:59:34,440 - root - INFO - Fetched weather for Alsóúrrét: 23.0°C, Clear, humidity: 38%
2026-05-31 18:59:35,542 - root - INFO - [1052/1205] Fetching weather for Nyárlőrinc...
2026-05-31 18:59:35,595 - root - INFO - Fetched weather for Nyárlőrinc: 23.1°C, Clear, humidity: 38%
2026-05-31 18:59:36,696 - root - INFO - [1053/1205] Fetching weather for Világoshegy...
2026-05-31 18:59:36,751 - root - INFO - Fetched weather for Világoshegy: 23.1°C, Clear, humidity: 38%
2026-05-31 18:59:37,852 - root - INFO - [1054/1205] Fetching weather for Szikra...
2026-05-31 18:59:37,906 - root - INFO - Fetched weather for Szikra: 22.2°C, Clear, humidity: 38%
2026-05-31 18:59:39,008 - root - INFO - [1055/1205] Fetching weather for Lakitelek...
2026-05-31 18:59:39,067 - root - INFO - Fetched weather for Lakitelek: 22.6°C, Clear, humidity: 38%
2026-05-31 18:59:40,169 - root - INFO - [1056/1205] Fetching weather for Tiszaug...
2026-05-31 18:59:40,225 - root - INFO - Fetched weather for Tiszaug: 21.6°C, Clouds, humidity: 54%
2026-05-31 18:59:41,327 - root - INFO - [1057/1205] Fetching weather for Tiszasas...
2026-05-31 18:59:41,382 - root - INFO - Fetched weather for Tiszasas: 21.7°C, Clouds, humidity: 54%
2026-05-31 18:59:42,484 - root - INFO - [1058/1205] Fetching weather for Csépa...
2026-05-31 18:59:42,539 - root - INFO - Fetched weather for Csépa: 21.7°C, Clouds, humidity: 47%
2026-05-31 18:59:43,641 - root - INFO - [1059/1205] Fetching weather for Szelevény...
2026-05-31 18:59:43,708 - root - INFO - Fetched weather for Szelevény: 21.7°C, Clouds, humidity: 47%
2026-05-31 18:59:44,810 - root - INFO - [1060/1205] Fetching weather for Gátér...
2026-05-31 18:59:44,864 - root - INFO - Fetched weather for Gátér: 21.7°C, Clouds, humidity: 53%
2026-05-31 18:59:45,966 - root - INFO - [1061/1205] Fetching weather for Kónyaszék...
2026-05-31 18:59:46,025 - root - INFO - Fetched weather for Kónyaszék: 21.7°C, Clouds, humidity: 47%
2026-05-31 18:59:47,127 - root - INFO - [1062/1205] Fetching weather for Csongrád...
2026-05-31 18:59:47,183 - root - INFO - Fetched weather for Csongrád: 21.7°C, Clouds, humidity: 47%
2026-05-31 18:59:48,285 - root - INFO - [1063/1205] Fetching weather for Hékéd...
2026-05-31 18:59:48,342 - root - INFO - Fetched weather for Hékéd: 21.7°C, Clouds, humidity: 47%
2026-05-31 18:59:49,444 - root - INFO - [1064/1205] Fetching weather for Fábiánsebestyén...
2026-05-31 18:59:49,501 - root - INFO - Fetched weather for Fábiánsebestyén: 21.7°C, Clouds, humidity: 47%
2026-05-31 18:59:50,602 - root - INFO - [1065/1205] Fetching weather for Gádoros...
2026-05-31 18:59:50,667 - root - INFO - Fetched weather for Gádoros: 21.7°C, Clouds, humidity: 56%
2026-05-31 18:59:51,769 - root - INFO - [1066/1205] Fetching weather for Justhmajor...
2026-05-31 18:59:51,829 - root - INFO - Fetched weather for Justhmajor: 21.7°C, Clouds, humidity: 57%
2026-05-31 18:59:52,931 - root - INFO - [1067/1205] Fetching weather for Szentetornya...
2026-05-31 18:59:52,991 - root - INFO - Fetched weather for Szentetornya: 21.6°C, Clouds, humidity: 57%
2026-05-31 18:59:54,093 - root - INFO - [1068/1205] Fetching weather for Gyopárosfürdő...
2026-05-31 18:59:54,154 - root - INFO - Fetched weather for Gyopárosfürdő: 21.6°C, Clouds, humidity: 58%
2026-05-31 18:59:55,255 - root - INFO - [1069/1205] Fetching weather for Szabadságliget...
2026-05-31 18:59:55,308 - root - INFO - Fetched weather for Szabadságliget: 18.9°C, Clouds, humidity: 62%
2026-05-31 18:59:56,410 - root - INFO - [1070/1205] Fetching weather for Röszke...
2026-05-31 18:59:56,462 - root - INFO - Fetched weather for Röszke: 22.9°C, Clouds, humidity: 52%
2026-05-31 18:59:57,564 - root - INFO - [1071/1205] Fetching weather for Tószeg...
2026-05-31 18:59:57,619 - root - INFO - Fetched weather for Tószeg: 21.1°C, Clear, humidity: 48%
2026-05-31 18:59:58,721 - root - INFO - [1072/1205] Fetching weather for Tiszavárkony...
2026-05-31 18:59:58,772 - root - INFO - Fetched weather for Tiszavárkony: 21.1°C, Clear, humidity: 48%
2026-05-31 18:59:59,874 - root - INFO - [1073/1205] Fetching weather for Tiszajenő-Vezseny...
2026-05-31 18:59:59,938 - root - INFO - Fetched weather for Tiszajenő-Vezseny: 21.1°C, Clear, humidity: 48%
2026-05-31 19:00:01,040 - root - INFO - [1074/1205] Fetching weather for Újbög...
2026-05-31 19:00:01,094 - root - INFO - Fetched weather for Újbög: 21.5°C, Clouds, humidity: 48%
2026-05-31 19:00:02,196 - root - INFO - [1075/1205] Fetching weather for Tiszakécske...
2026-05-31 19:00:02,255 - root - INFO - Fetched weather for Tiszakécske: 21.6°C, Clouds, humidity: 48%
2026-05-31 19:00:03,357 - root - INFO - [1076/1205] Fetching weather for Kerekdomb...
2026-05-31 19:00:03,417 - root - INFO - Fetched weather for Kerekdomb: 21.9°C, Clouds, humidity: 55%
2026-05-31 19:00:04,519 - root - INFO - [1077/1205] Fetching weather for Tiszaalpár...
2026-05-31 19:00:04,574 - root - INFO - Fetched weather for Tiszaalpár: 22.4°C, Clouds, humidity: 54%
2026-05-31 19:00:05,676 - root - INFO - [1078/1205] Fetching weather for Tiszaalpár alsó...
2026-05-31 19:00:05,727 - root - INFO - Fetched weather for Tiszaalpár alsó: 22.2°C, Clouds, humidity: 54%
2026-05-31 19:00:06,828 - root - INFO - [1079/1205] Fetching weather for Tiszatenyő...
2026-05-31 19:00:06,889 - root - INFO - Fetched weather for Tiszatenyő: 23.0°C, Clear, humidity: 38%
2026-05-31 19:00:07,991 - root - INFO - [1080/1205] Fetching weather for Pusztapó...
2026-05-31 19:00:08,052 - root - INFO - Fetched weather for Pusztapó: 23.0°C, Clear, humidity: 38%
2026-05-31 19:00:09,154 - root - INFO - [1081/1205] Fetching weather for Kétpó...
2026-05-31 19:00:09,206 - root - INFO - Fetched weather for Kétpó: 23.0°C, Clear, humidity: 38%
2026-05-31 19:00:10,308 - root - INFO - [1082/1205] Fetching weather for Mezőtúr...
2026-05-31 19:00:10,372 - root - INFO - Fetched weather for Mezőtúr: 19.5°C, Clouds, humidity: 62%
2026-05-31 19:00:11,474 - root - INFO - [1083/1205] Fetching weather for Nagylapos...
2026-05-31 19:00:11,526 - root - INFO - Fetched weather for Nagylapos: 19.5°C, Clouds, humidity: 64%
2026-05-31 19:00:12,627 - root - INFO - [1084/1205] Fetching weather for Gyoma...
2026-05-31 19:00:12,679 - root - INFO - Fetched weather for Gyoma: 19.6°C, Clouds, humidity: 63%
2026-05-31 19:00:13,781 - root - INFO - [1085/1205] Fetching weather for Csárdaszállás...
2026-05-31 19:00:13,843 - root - INFO - Fetched weather for Csárdaszállás: 18.3°C, Clouds, humidity: 62%
2026-05-31 19:00:14,945 - root - INFO - [1086/1205] Fetching weather for Mezőberény...
2026-05-31 19:00:14,998 - root - INFO - Fetched weather for Mezőberény: 18.3°C, Clouds, humidity: 58%
2026-05-31 19:00:16,100 - root - INFO - [1087/1205] Fetching weather for Murony...
2026-05-31 19:00:16,161 - root - INFO - Fetched weather for Murony: 18.3°C, Clouds, humidity: 58%
2026-05-31 19:00:17,263 - root - INFO - [1088/1205] Fetching weather for Békéscsaba...
2026-05-31 19:00:17,328 - root - INFO - Fetched weather for Békéscsaba: 18.3°C, Clouds, humidity: 58%
2026-05-31 19:00:18,430 - root - INFO - [1089/1205] Fetching weather for Kétegyháza...
2026-05-31 19:00:18,482 - root - INFO - Fetched weather for Kétegyháza: 18.3°C, Clouds, humidity: 58%
2026-05-31 19:00:19,584 - root - INFO - [1090/1205] Fetching weather for Lőkösháza...
2026-05-31 19:00:19,636 - root - INFO - Fetched weather for Lőkösháza: 22.3°C, Clouds, humidity: 57%
2026-05-31 19:00:20,738 - root - INFO - [1091/1205] Fetching weather for Kengyel...
2026-05-31 19:00:20,792 - root - INFO - Fetched weather for Kengyel: 23.0°C, Clear, humidity: 38%
2026-05-31 19:00:21,894 - root - INFO - [1092/1205] Fetching weather for Bagimajor...
2026-05-31 19:00:21,946 - root - INFO - Fetched weather for Bagimajor: 23.0°C, Clear, humidity: 38%
2026-05-31 19:00:23,048 - root - INFO - [1093/1205] Fetching weather for Martfű...
2026-05-31 19:00:23,099 - root - INFO - Fetched weather for Martfű: 23.0°C, Clear, humidity: 38%
2026-05-31 19:00:24,201 - root - INFO - [1094/1205] Fetching weather for Tiszaföldvár...
2026-05-31 19:00:24,257 - root - INFO - Fetched weather for Tiszaföldvár: 23.0°C, Clear, humidity: 38%
2026-05-31 19:00:25,359 - root - INFO - [1095/1205] Fetching weather for Homok...
2026-05-31 19:00:25,410 - root - INFO - Fetched weather for Homok: 21.1°C, Clear, humidity: 49%
2026-05-31 19:00:26,512 - root - INFO - [1096/1205] Fetching weather for Kungyalu...
2026-05-31 19:00:26,565 - root - INFO - Fetched weather for Kungyalu: 21.9°C, Clouds, humidity: 57%
2026-05-31 19:00:27,667 - root - INFO - [1097/1205] Fetching weather for Kunszentmárton...
2026-05-31 19:00:27,736 - root - INFO - Fetched weather for Kunszentmárton: 21.7°C, Clouds, humidity: 56%
2026-05-31 19:00:28,838 - root - INFO - [1098/1205] Fetching weather for Nagytőke...
2026-05-31 19:00:28,930 - root - INFO - Fetched weather for Nagytőke: 21.7°C, Clouds, humidity: 47%
2026-05-31 19:00:30,032 - root - INFO - [1099/1205] Fetching weather for Szentes...
2026-05-31 19:00:30,085 - root - INFO - Fetched weather for Szentes: 21.7°C, Clouds, humidity: 47%
2026-05-31 19:00:31,187 - root - INFO - [1100/1205] Fetching weather for Szegvár...
2026-05-31 19:00:31,241 - root - INFO - Fetched weather for Szegvár: 21.7°C, Clouds, humidity: 47%
2026-05-31 19:00:32,343 - root - INFO - [1101/1205] Fetching weather for Mindszent...
2026-05-31 19:00:32,391 - root - INFO - Fetched weather for Mindszent: 21.7°C, Clouds, humidity: 47%
2026-05-31 19:00:33,493 - root - INFO - [1102/1205] Fetching weather for Mártély...
2026-05-31 19:00:33,544 - root - INFO - Fetched weather for Mártély: 21.7°C, Clouds, humidity: 52%
2026-05-31 19:00:34,646 - root - INFO - [1103/1205] Fetching weather for Pusztabánréve...
2026-05-31 19:00:34,697 - root - INFO - Fetched weather for Pusztabánréve: 19.7°C, Clouds, humidity: 61%
2026-05-31 19:00:35,799 - root - INFO - [1104/1205] Fetching weather for Szarvas...
2026-05-31 19:00:35,850 - root - INFO - Fetched weather for Szarvas: 20.0°C, Clouds, humidity: 60%
2026-05-31 19:00:36,952 - root - INFO - [1105/1205] Fetching weather for Csabacsűd...
2026-05-31 19:00:37,005 - root - INFO - Fetched weather for Csabacsűd: 20.2°C, Clouds, humidity: 59%
2026-05-31 19:00:38,107 - root - INFO - [1106/1205] Fetching weather for Kisszénás...
2026-05-31 19:00:38,160 - root - INFO - Fetched weather for Kisszénás: 20.3°C, Clouds, humidity: 58%
2026-05-31 19:00:39,262 - root - INFO - [1107/1205] Fetching weather for Kiscsákó...
2026-05-31 19:00:39,316 - root - INFO - Fetched weather for Kiscsákó: 20.4°C, Clouds, humidity: 58%
2026-05-31 19:00:40,418 - root - INFO - [1108/1205] Fetching weather for Nagyszénás...
2026-05-31 19:00:40,475 - root - INFO - Fetched weather for Nagyszénás: 20.4°C, Clouds, humidity: 58%
2026-05-31 19:00:41,577 - root - INFO - [1109/1205] Fetching weather for Kardoskút...
2026-05-31 19:00:41,631 - root - INFO - Fetched weather for Kardoskút: 19.9°C, Clouds, humidity: 60%
2026-05-31 19:00:42,733 - root - INFO - [1110/1205] Fetching weather for Tótkomlós...
2026-05-31 19:00:42,783 - root - INFO - Fetched weather for Tótkomlós: 19.6°C, Clouds, humidity: 62%
2026-05-31 19:00:43,885 - root - INFO - [1111/1205] Fetching weather for Nagyér...
2026-05-31 19:00:43,940 - root - INFO - Fetched weather for Nagyér: 19.5°C, Clouds, humidity: 62%
2026-05-31 19:00:45,042 - root - INFO - [1112/1205] Fetching weather for Pitvaros...
2026-05-31 19:00:45,100 - root - INFO - Fetched weather for Pitvaros: 19.5°C, Clouds, humidity: 62%
2026-05-31 19:00:46,202 - root - INFO - [1113/1205] Fetching weather for Dévaványa...
2026-05-31 19:00:46,265 - root - INFO - Fetched weather for Dévaványa: 19.3°C, Clouds, humidity: 64%
2026-05-31 19:00:47,367 - root - INFO - [1114/1205] Fetching weather for Körösladány...
2026-05-31 19:00:47,433 - root - INFO - Fetched weather for Körösladány: 19.3°C, Clouds, humidity: 63%
2026-05-31 19:00:48,534 - root - INFO - [1115/1205] Fetching weather for Szeghalom...
2026-05-31 19:00:48,591 - root - INFO - Fetched weather for Szeghalom: 19.4°C, Clouds, humidity: 62%
2026-05-31 19:00:49,693 - root - INFO - [1116/1205] Fetching weather for Vésztő...
2026-05-31 19:00:49,754 - root - INFO - Fetched weather for Vésztő: 19.5°C, Clouds, humidity: 61%
2026-05-31 19:00:50,856 - root - INFO - [1117/1205] Fetching weather for Szeged-Rókus...
2026-05-31 19:00:50,909 - root - INFO - Fetched weather for Szeged-Rókus: 22.9°C, Clouds, humidity: 52%
2026-05-31 19:00:52,011 - root - INFO - [1118/1205] Fetching weather for Algyő...
2026-05-31 19:00:52,067 - root - INFO - Fetched weather for Algyő: 22.9°C, Clouds, humidity: 53%
2026-05-31 19:00:53,168 - root - INFO - [1119/1205] Fetching weather for Hódmezővásárhelyi Népkert...
2026-05-31 19:00:53,220 - root - INFO - Fetched weather for Hódmezővásárhelyi Népkert: 21.7°C, Clouds, humidity: 52%
2026-05-31 19:00:54,322 - root - INFO - [1120/1205] Fetching weather for Hódmezővásárhely...
2026-05-31 19:00:54,385 - root - INFO - Fetched weather for Hódmezővásárhely: 21.7°C, Clouds, humidity: 51%
2026-05-31 19:00:55,487 - root - INFO - [1121/1205] Fetching weather for Körmend...
2026-05-31 19:00:55,540 - root - INFO - Fetched weather for Körmend: 17.9°C, Rain, humidity: 93%
2026-05-31 19:00:56,642 - root - INFO - [1122/1205] Fetching weather for Szentgotthárd...
2026-05-31 19:00:56,713 - root - INFO - Fetched weather for Szentgotthárd: 17.9°C, Rain, humidity: 94%
2026-05-31 19:00:57,815 - root - INFO - [1123/1205] Fetching weather for Szombathely...
2026-05-31 19:00:57,878 - root - INFO - Fetched weather for Szombathely: 15.0°C, Rain, humidity: 92%
2026-05-31 19:00:58,980 - root - INFO - [1124/1205] Fetching weather for Sáferkút...
2026-05-31 19:00:59,032 - root - INFO - Fetched weather for Sáferkút: 18.5°C, Clouds, humidity: 66%
2026-05-31 19:01:00,134 - root - INFO - [1125/1205] Fetching weather for Magdolnavölgy...
2026-05-31 19:01:00,189 - root - INFO - Fetched weather for Magdolnavölgy: 18.9°C, Clouds, humidity: 68%
2026-05-31 19:01:01,291 - root - INFO - [1126/1205] Fetching weather for Haris...
2026-05-31 19:01:01,368 - root - INFO - Fetched weather for Haris: 17.9°C, Rain, humidity: 94%
2026-05-31 19:01:02,469 - root - INFO - [1127/1205] Fetching weather for Egyházasrádóc...
2026-05-31 19:01:02,520 - root - INFO - Fetched weather for Egyházasrádóc: 17.8°C, Rain, humidity: 93%
2026-05-31 19:01:03,622 - root - INFO - [1128/1205] Fetching weather for Alsórönök...
2026-05-31 19:01:03,674 - root - INFO - Fetched weather for Alsórönök: 17.9°C, Rain, humidity: 93%
2026-05-31 19:01:04,776 - root - INFO - [1129/1205] Fetching weather for Szombathely-Szőlős...
2026-05-31 19:01:04,832 - root - INFO - Fetched weather for Szombathely-Szőlős: 15.1°C, Rain, humidity: 92%
2026-05-31 19:01:05,934 - root - INFO - [1130/1205] Fetching weather for Rátót...
2026-05-31 19:01:05,984 - root - INFO - Fetched weather for Rátót: 17.8°C, Rain, humidity: 93%
2026-05-31 19:01:07,086 - root - INFO - [1131/1205] Fetching weather for Ják-Balogunyom...
2026-05-31 19:01:07,139 - root - INFO - Fetched weather for Ják-Balogunyom: 15.2°C, Rain, humidity: 93%
2026-05-31 19:01:08,241 - root - INFO - [1132/1205] Fetching weather for Vasvár...
2026-05-31 19:01:08,294 - root - INFO - Fetched weather for Vasvár: 17.9°C, Rain, humidity: 93%
2026-05-31 19:01:09,396 - root - INFO - [1133/1205] Fetching weather for Répcelak...
2026-05-31 19:01:09,448 - root - INFO - Fetched weather for Répcelak: 18.3°C, Rain, humidity: 89%
2026-05-31 19:01:10,550 - root - INFO - [1134/1205] Fetching weather for Rajka...
2026-05-31 19:01:10,605 - root - INFO - Fetched weather for Rajka: 19.0°C, Clouds, humidity: 81%
2026-05-31 19:01:11,707 - root - INFO - [1135/1205] Fetching weather for Püspökmolnári...
2026-05-31 19:01:11,761 - root - INFO - Fetched weather for Püspökmolnári: 17.9°C, Rain, humidity: 93%
2026-05-31 19:01:12,863 - root - INFO - [1136/1205] Fetching weather for Kőszeg...
2026-05-31 19:01:12,922 - root - INFO - Fetched weather for Kőszeg: 14.6°C, Rain, humidity: 16%
2026-05-31 19:01:14,024 - root - INFO - [1137/1205] Fetching weather for Kastélypark...
2026-05-31 19:01:14,077 - root - INFO - Fetched weather for Kastélypark: 21.7°C, Clouds, humidity: 52%
2026-05-31 19:01:15,179 - root - INFO - [1138/1205] Fetching weather for Hanságliget...
2026-05-31 19:01:15,229 - root - INFO - Fetched weather for Hanságliget: 17.8°C, Clouds, humidity: 85%
2026-05-31 19:01:16,331 - root - INFO - [1139/1205] Fetching weather for Vica...
2026-05-31 19:01:16,383 - root - INFO - Fetched weather for Vica: 17.7°C, Rain, humidity: 89%
2026-05-31 19:01:17,485 - root - INFO - [1140/1205] Fetching weather for Vép...
2026-05-31 19:01:17,539 - root - INFO - Fetched weather for Vép: 15.2°C, Rain, humidity: 91%
2026-05-31 19:01:18,641 - root - INFO - [1141/1205] Fetching weather for Mosonszolnok...
2026-05-31 19:01:18,698 - root - INFO - Fetched weather for Mosonszolnok: 17.8°C, Clouds, humidity: 84%
2026-05-31 19:01:19,800 - root - INFO - [1142/1205] Fetching weather for Jánossomorja...
2026-05-31 19:01:19,854 - root - INFO - Fetched weather for Jánossomorja: 17.8°C, Clouds, humidity: 82%
2026-05-31 19:01:20,956 - root - INFO - [1143/1205] Fetching weather for Bősárkány...
2026-05-31 19:01:21,040 - root - INFO - Fetched weather for Bősárkány: 17.8°C, Clouds, humidity: 86%
2026-05-31 19:01:22,142 - root - INFO - [1144/1205] Fetching weather for Szil-Sopronnémeti...
2026-05-31 19:01:22,631 - root - INFO - Fetched weather for Szil-Sopronnémeti: 19.1°C, Rain, humidity: 87%
2026-05-31 19:01:23,733 - root - INFO - [1145/1205] Fetching weather for Magyarkeresztúr-Zsebeháza...
2026-05-31 19:01:24,161 - root - INFO - Fetched weather for Magyarkeresztúr-Zsebeháza: 17.8°C, Rain, humidity: 88%
2026-05-31 19:01:25,263 - root - INFO - [1146/1205] Fetching weather for Páli-Vadosfa...
2026-05-31 19:01:25,561 - root - INFO - Fetched weather for Páli-Vadosfa: 17.7°C, Clouds, humidity: 88%
2026-05-31 19:01:26,663 - root - INFO - [1147/1205] Fetching weather for Beled...
2026-05-31 19:01:26,940 - root - INFO - Fetched weather for Beled: 18.4°C, Clouds, humidity: 89%
2026-05-31 19:01:28,042 - root - INFO - [1148/1205] Fetching weather for Dénesfa...
2026-05-31 19:01:28,235 - root - INFO - Fetched weather for Dénesfa: 18.3°C, Clouds, humidity: 89%
2026-05-31 19:01:29,337 - root - INFO - [1149/1205] Fetching weather for Csánig...
2026-05-31 19:01:31,145 - root - INFO - Fetched weather for Csánig: 18.3°C, Clouds, humidity: 89%
2026-05-31 19:01:32,247 - root - INFO - [1150/1205] Fetching weather for Vámoscsalád...
2026-05-31 19:01:32,300 - root - INFO - Fetched weather for Vámoscsalád: 15.4°C, Rain, humidity: 89%
2026-05-31 19:01:33,402 - root - INFO - [1151/1205] Fetching weather for Vasegerszeg...
2026-05-31 19:01:33,457 - root - INFO - Fetched weather for Vasegerszeg: 15.4°C, Rain, humidity: 90%
2026-05-31 19:01:34,559 - root - INFO - [1152/1205] Fetching weather for Hegyfalu...
2026-05-31 19:01:34,617 - root - INFO - Fetched weather for Hegyfalu: 15.4°C, Rain, humidity: 90%
2026-05-31 19:01:35,718 - root - INFO - [1153/1205] Fetching weather for Pósfa...
2026-05-31 19:01:35,779 - root - INFO - Fetched weather for Pósfa: 15.4°C, Rain, humidity: 90%
2026-05-31 19:01:36,881 - root - INFO - [1154/1205] Fetching weather for Ölbő-Alsószeleste...
2026-05-31 19:01:37,180 - root - INFO - Fetched weather for Ölbő-Alsószeleste: 15.4°C, Rain, humidity: 90%
2026-05-31 19:01:38,282 - root - INFO - [1155/1205] Fetching weather for Gencsapáti felső...
2026-05-31 19:01:38,345 - root - INFO - Fetched weather for Gencsapáti felső: 14.9°C, Rain, humidity: 16%
2026-05-31 19:01:39,447 - root - INFO - [1156/1205] Fetching weather for Lukácsháza alsó...
2026-05-31 19:01:39,497 - root - INFO - Fetched weather for Lukácsháza alsó: 14.8°C, Rain, humidity: 16%
2026-05-31 19:01:40,599 - root - INFO - [1157/1205] Fetching weather for Kőszegfalva...
2026-05-31 19:01:40,649 - root - INFO - Fetched weather for Kőszegfalva: 14.7°C, Rain, humidity: 16%
2026-05-31 19:01:41,750 - root - INFO - [1158/1205] Fetching weather for Gyöngyöshermán...
2026-05-31 19:01:41,815 - root - INFO - Fetched weather for Gyöngyöshermán: 15.1°C, Rain, humidity: 92%
2026-05-31 19:01:42,916 - root - INFO - [1159/1205] Fetching weather for Bezenye...
2026-05-31 19:01:42,975 - root - INFO - Fetched weather for Bezenye: 19.1°C, Clouds, humidity: 84%
2026-05-31 19:01:44,077 - root - INFO - [1160/1205] Fetching weather for Kámon...
2026-05-31 19:01:44,129 - root - INFO - Fetched weather for Kámon: 15.0°C, Rain, humidity: 16%
2026-05-31 19:01:45,231 - root - INFO - [1161/1205] Fetching weather for Sorkifalud...
2026-05-31 19:01:45,282 - root - INFO - Fetched weather for Sorkifalud: 17.9°C, Rain, humidity: 92%
2026-05-31 19:01:46,384 - root - INFO - [1162/1205] Fetching weather for Szentléránt...
2026-05-31 19:01:46,450 - root - INFO - Fetched weather for Szentléránt: 17.9°C, Rain, humidity: 92%
2026-05-31 19:01:47,552 - root - INFO - [1163/1205] Fetching weather for Pácsony...
2026-05-31 19:01:47,609 - root - INFO - Fetched weather for Pácsony: 17.8°C, Rain, humidity: 93%
2026-05-31 19:01:48,711 - root - INFO - [1164/1205] Fetching weather for Győrvár...
2026-05-31 19:01:48,765 - root - INFO - Fetched weather for Győrvár: 17.8°C, Rain, humidity: 93%
2026-05-31 19:01:49,867 - root - INFO - [1165/1205] Fetching weather for Egervár-Vasboldogasszony...
2026-05-31 19:01:49,927 - root - INFO - Fetched weather for Egervár-Vasboldogasszony: 18.0°C, Rain, humidity: 93%
2026-05-31 19:01:51,029 - root - INFO - [1166/1205] Fetching weather for Zalaszentlőrinc...
2026-05-31 19:01:51,081 - root - INFO - Fetched weather for Zalaszentlőrinc: 17.9°C, Rain, humidity: 93%
2026-05-31 19:01:52,183 - root - INFO - [1167/1205] Fetching weather for Gencsapáti alsó...
2026-05-31 19:01:52,239 - root - INFO - Fetched weather for Gencsapáti alsó: 14.9°C, Rain, humidity: 16%
2026-05-31 19:01:53,341 - root - INFO - [1168/1205] Fetching weather for Gyöngyösfalu...
2026-05-31 19:01:53,396 - root - INFO - Fetched weather for Gyöngyösfalu: 14.9°C, Rain, humidity: 16%
2026-05-31 19:01:54,498 - root - INFO - [1169/1205] Fetching weather for Lukácsháza...
2026-05-31 19:01:54,551 - root - INFO - Fetched weather for Lukácsháza: 14.8°C, Rain, humidity: 16%
2026-05-31 19:01:55,652 - root - INFO - [1170/1205] Fetching weather for Horvátnádalja...
2026-05-31 19:01:55,721 - root - INFO - Fetched weather for Horvátnádalja: 17.9°C, Rain, humidity: 93%
2026-05-31 19:01:56,823 - root - INFO - [1171/1205] Fetching weather for Csákánydoroszló...
2026-05-31 19:01:56,881 - root - INFO - Fetched weather for Csákánydoroszló: 17.9°C, Rain, humidity: 93%
2026-05-31 19:01:57,983 - root - INFO - [1172/1205] Fetching weather for Váckisújfalu...
2026-05-31 19:01:58,037 - root - INFO - Fetched weather for Váckisújfalu: 19.6°C, Clouds, humidity: 55%
2026-05-31 19:01:59,138 - root - INFO - [1173/1205] Fetching weather for Csisztafürdő...
2026-05-31 19:01:59,193 - root - INFO - Fetched weather for Csisztafürdő: 17.6°C, Rain, humidity: 91%
2026-05-31 19:02:00,295 - root - INFO - [1174/1205] Fetching weather for Mórágy...
2026-05-31 19:02:00,351 - root - INFO - Fetched weather for Mórágy: 19.0°C, Clouds, humidity: 73%
2026-05-31 19:02:01,453 - root - INFO - [1175/1205] Fetching weather for Kismacs...
2026-05-31 19:02:01,510 - root - INFO - Fetched weather for Kismacs: 21.9°C, Clear, humidity: 49%
2026-05-31 19:02:02,612 - root - INFO - [1176/1205] Fetching weather for Pusztaszentistván...
2026-05-31 19:02:02,662 - root - INFO - Fetched weather for Pusztaszentistván: 21.4°C, Clear, humidity: 46%
2026-05-31 19:02:03,764 - root - INFO - [1177/1205] Fetching weather for Aranyvölgy...
2026-05-31 19:02:03,815 - root - INFO - Fetched weather for Aranyvölgy: 20.9°C, Clouds, humidity: 53%
2026-05-31 19:02:04,917 - root - INFO - [1178/1205] Fetching weather for Szélhegy...
2026-05-31 19:02:04,970 - root - INFO - Fetched weather for Szélhegy: 19.3°C, Clouds, humidity: 63%
2026-05-31 19:02:06,072 - root - INFO - [1179/1205] Fetching weather for Vörösvárbánya...
2026-05-31 19:02:06,123 - root - INFO - Fetched weather for Vörösvárbánya: 19.2°C, Clouds, humidity: 64%
2026-05-31 19:02:07,225 - root - INFO - [1180/1205] Fetching weather for Máriaszőlőtelep...
2026-05-31 19:02:07,292 - root - INFO - Fetched weather for Máriaszőlőtelep: 19.1°C, Rain, humidity: 88%
2026-05-31 19:02:08,394 - root - INFO - [1181/1205] Fetching weather for Akadémiaújtelep...
2026-05-31 19:02:08,468 - root - INFO - Fetched weather for Akadémiaújtelep: 21.7°C, Clouds, humidity: 48%
2026-05-31 19:02:09,569 - root - INFO - [1182/1205] Fetching weather for Újpalota...
2026-05-31 19:02:09,630 - root - INFO - Fetched weather for Újpalota: 21.0°C, Clouds, humidity: 53%
2026-05-31 19:02:10,732 - root - INFO - [1183/1205] Fetching weather for Szeged, Somogyi utca...
2026-05-31 19:02:10,783 - root - INFO - Fetched weather for Szeged, Somogyi utca: 22.8°C, Clouds, humidity: 52%
2026-05-31 19:02:11,885 - root - INFO - [1184/1205] Fetching weather for Hódmezővásárhely, Hősök tere...
2026-05-31 19:02:11,940 - root - INFO - Fetched weather for Hódmezővásárhely, Hősök tere: 21.7°C, Clouds, humidity: 52%
2026-05-31 19:02:13,042 - root - INFO - [1185/1205] Fetching weather for Hódmezővásárhely, Kossuth tér...
2026-05-31 19:02:13,088 - root - INFO - Fetched weather for Hódmezővásárhely, Kossuth tér: 21.7°C, Clouds, humidity: 52%
2026-05-31 19:02:14,189 - root - INFO - [1186/1205] Fetching weather for Hódmezővásárhely, Strandfürdő...
2026-05-31 19:02:14,240 - root - INFO - Fetched weather for Hódmezővásárhely, Strandfürdő: 21.7°C, Clouds, humidity: 52%
2026-05-31 19:02:15,342 - root - INFO - [1187/1205] Fetching weather for Szeged, Széchenyi tér...
2026-05-31 19:02:15,389 - root - INFO - Fetched weather for Szeged, Széchenyi tér: 22.8°C, Clouds, humidity: 52%
2026-05-31 19:02:16,490 - root - INFO - [1188/1205] Fetching weather for Szeged, Anna-kút...
2026-05-31 19:02:16,540 - root - INFO - Fetched weather for Szeged, Anna-kút: 22.8°C, Clouds, humidity: 52%
2026-05-31 19:02:17,642 - root - INFO - [1189/1205] Fetching weather for Szeged, Rókusi templom...
2026-05-31 19:02:17,696 - root - INFO - Fetched weather for Szeged, Rókusi templom: 22.8°C, Clouds, humidity: 52%
2026-05-31 19:02:18,798 - root - INFO - [1190/1205] Fetching weather for Hódmezővásárhely, Kálvin János tér...
2026-05-31 19:02:18,862 - root - INFO - Fetched weather for Hódmezővásárhely, Kálvin János tér: 21.7°C, Clouds, humidity: 51%
2026-05-31 19:02:19,963 - root - INFO - [1191/1205] Fetching weather for Hódmezővásárhely vasútállomás...
2026-05-31 19:02:20,008 - root - INFO - Fetched weather for Hódmezővásárhely vasútállomás: 21.7°C, Clouds, humidity: 51%
2026-05-31 19:02:21,109 - root - INFO - [1192/1205] Fetching weather for Szeged, Tavasz utca...
2026-05-31 19:02:21,164 - root - INFO - Fetched weather for Szeged, Tavasz utca: 22.8°C, Clouds, humidity: 52%
2026-05-31 19:02:22,266 - root - INFO - [1193/1205] Fetching weather for Szeged, Damjanich utca...
2026-05-31 19:02:22,320 - root - INFO - Fetched weather for Szeged, Damjanich utca: 22.8°C, Clouds, humidity: 52%
2026-05-31 19:02:23,422 - root - INFO - [1194/1205] Fetching weather for Szeged, Vásárhelyi Pál utca...
2026-05-31 19:02:23,469 - root - INFO - Fetched weather for Szeged, Vásárhelyi Pál utca: 22.9°C, Clouds, humidity: 52%
2026-05-31 19:02:24,571 - root - INFO - [1195/1205] Fetching weather for Szeged, Bécsi körút ...
2026-05-31 19:02:24,616 - root - INFO - Fetched weather for Szeged, Bécsi körút : 22.8°C, Clouds, humidity: 52%
2026-05-31 19:02:25,717 - root - INFO - [1196/1205] Fetching weather for Hódmezővásárhelyi Népkert vasútállomás...
2026-05-31 19:02:25,762 - root - INFO - Fetched weather for Hódmezővásárhelyi Népkert vasútállomás: 21.7°C, Clouds, humidity: 52%
2026-05-31 19:02:26,863 - root - INFO - [1197/1205] Fetching weather for Szeged vasútállomás...
2026-05-31 19:02:26,916 - root - INFO - Fetched weather for Szeged vasútállomás: 22.8°C, Clouds, humidity: 52%
2026-05-31 19:02:28,017 - root - INFO - [1198/1205] Fetching weather for Szeged, Bem utca...
2026-05-31 19:02:28,065 - root - INFO - Fetched weather for Szeged, Bem utca: 22.8°C, Clouds, humidity: 52%
2026-05-31 19:02:29,166 - root - INFO - [1199/1205] Fetching weather for Szeged, Galamb utca...
2026-05-31 19:02:29,213 - root - INFO - Fetched weather for Szeged, Galamb utca: 22.8°C, Clouds, humidity: 52%
2026-05-31 19:02:30,314 - root - INFO - [1200/1205] Fetching weather for Szeged, Aradi vértanúk tere...
2026-05-31 19:02:30,366 - root - INFO - Fetched weather for Szeged, Aradi vértanúk tere: 22.8°C, Clouds, humidity: 52%
2026-05-31 19:02:31,468 - root - INFO - [1201/1205] Fetching weather for Szeged, Pulz utca...
2026-05-31 19:02:31,516 - root - INFO - Fetched weather for Szeged, Pulz utca: 22.9°C, Clouds, humidity: 52%
2026-05-31 19:02:32,618 - root - INFO - [1202/1205] Fetching weather for Szeged, Rókus vasútállomás...
2026-05-31 19:02:32,663 - root - INFO - Fetched weather for Szeged, Rókus vasútállomás: 22.9°C, Clouds, humidity: 52%
2026-05-31 19:02:33,764 - root - INFO - [1203/1205] Fetching weather for Látókép...
2026-05-31 19:02:33,817 - root - INFO - Fetched weather for Látókép: 21.9°C, Clear, humidity: 49%
2026-05-31 19:02:34,919 - root - INFO - [1204/1205] Fetching weather for Szentmihálytelek...
2026-05-31 19:02:34,978 - root - INFO - Fetched weather for Szentmihálytelek: 22.9°C, Clouds, humidity: 52%
2026-05-31 19:02:36,080 - root - INFO - [1205/1205] Fetching weather for Kisvarsány...
2026-05-31 19:02:36,134 - root - INFO - Fetched weather for Kisvarsány: 19.8°C, Clouds, humidity: 59%
2026-05-31 19:02:37,240 - root - INFO - Successfully collected weather for 1205 stations
2026-05-31 19:02:37,251 - root - INFO - Saved weather data to data/weather/current_20260531_1900.csv
2026-05-31 19:02:37,252 - root - INFO - File size: 155.4 KB
2026-05-31 19:02:37,252 - root - INFO - 
============================================================
2026-05-31 19:02:37,252 - root - INFO - WEATHER COLLECTION SUMMARY
2026-05-31 19:02:37,252 - root - INFO - ============================================================
2026-05-31 19:02:37,252 - root - INFO - 
Data Coverage:
2026-05-31 19:02:37,252 - root - INFO -   - Total stations: 1205
2026-05-31 19:02:37,252 - root - INFO -   - Collection time: 2026-05-31 18:39:16.330633
2026-05-31 19:02:37,252 - root - INFO -   - Collection hour: 18:00
2026-05-31 19:02:37,253 - root - INFO - 
Weather Statistics:
2026-05-31 19:02:37,253 - root - INFO -   - Temperature range: 14.6°C to 24.1°C
2026-05-31 19:02:37,253 - root - INFO -   - Average temperature: 19.7°C
2026-05-31 19:02:37,253 - root - INFO -   - Average humidity: 67%
2026-05-31 19:02:37,253 - root - INFO -   - Average wind speed: 3.4 m/s
2026-05-31 19:02:37,254 - root - INFO -   - Stations with precipitation: 266 (22.1%)
2026-05-31 19:02:37,254 - root - INFO - 
Weather Conditions Distribution:
2026-05-31 19:02:37,255 - root - INFO -   - Clouds: 811 (67.3%)
2026-05-31 19:02:37,255 - root - INFO -   - Rain: 266 (22.1%)
2026-05-31 19:02:37,255 - root - INFO -   - Clear: 128 (10.6%)
2026-05-31 19:02:37,255 - root - INFO - ============================================================

2026-05-31 19:02:37,255 - __main__ - INFO - Current weather collection completed successfully!
