2026-09-27 09:24:32,845 - __main__ - INFO - ============================================================
2026-09-27 09:24:32,845 - __main__ - INFO - CURRENT WEATHER COLLECTION STARTED
2026-09-27 09:24:32,845 - __main__ - INFO - ============================================================
2026-09-27 09:24:32,845 - __main__ - INFO - Collection time: 2026-09-27 09:24:32
2026-09-27 09:24:32,845 - __main__ - INFO - ============================================================

2026-09-27 09:24:32,845 - root - INFO - Starting current weather collection...
2026-09-27 09:24:32,853 - root - INFO - Loaded 1205 unique station coordinates from GTFS
2026-09-27 09:24:32,853 - root - INFO - Collecting weather for 1205 unique stations...
2026-09-27 09:24:32,853 - root - INFO - [1/1205] Fetching weather for Búcsúszentlászló...
2026-09-27 09:24:33,095 - root - INFO - Fetched weather for Búcsúszentlászló: 16.8°C, Clouds, humidity: 57%
2026-09-27 09:24:34,196 - root - INFO - [2/1205] Fetching weather for Angyalföld...
2026-09-27 09:24:34,359 - root - INFO - Fetched weather for Angyalföld: 20.8°C, Clouds, humidity: 50%
2026-09-27 09:24:35,461 - root - INFO - [3/1205] Fetching weather for Felsőjánosfa...
2026-09-27 09:24:35,626 - root - INFO - Fetched weather for Felsőjánosfa: 18.9°C, Clouds, humidity: 58%
2026-09-27 09:24:36,728 - root - INFO - [4/1205] Fetching weather for Pankasz...
2026-09-27 09:24:36,886 - root - INFO - Fetched weather for Pankasz: 18.6°C, Clouds, humidity: 58%
2026-09-27 09:24:37,988 - root - INFO - [5/1205] Fetching weather for Nagyrákos...
2026-09-27 09:24:38,150 - root - INFO - Fetched weather for Nagyrákos: 18.5°C, Clouds, humidity: 59%
2026-09-27 09:24:39,252 - root - INFO - [6/1205] Fetching weather for Őriszentpéter...
2026-09-27 09:24:39,411 - root - INFO - Fetched weather for Őriszentpéter: 18.6°C, Clouds, humidity: 59%
2026-09-27 09:24:40,513 - root - INFO - [7/1205] Fetching weather for Törökbálint...
2026-09-27 09:24:40,675 - root - INFO - Fetched weather for Törökbálint: 20.8°C, Clouds, humidity: 51%
2026-09-27 09:24:41,777 - root - INFO - [8/1205] Fetching weather for Bicske alsó...
2026-09-27 09:24:41,935 - root - INFO - Fetched weather for Bicske alsó: 21.1°C, Clouds, humidity: 45%
2026-09-27 09:24:43,036 - root - INFO - [9/1205] Fetching weather for Bajánsenye...
2026-09-27 09:24:43,196 - root - INFO - Fetched weather for Bajánsenye: 18.7°C, Clouds, humidity: 59%
2026-09-27 09:24:44,298 - root - INFO - [10/1205] Fetching weather for Aquincum...
2026-09-27 09:24:44,458 - root - INFO - Fetched weather for Aquincum: 20.9°C, Clouds, humidity: 50%
2026-09-27 09:24:45,560 - root - INFO - [11/1205] Fetching weather for Piliscsév...
2026-09-27 09:24:45,719 - root - INFO - Fetched weather for Piliscsév: 19.7°C, Clouds, humidity: 57%
2026-09-27 09:24:46,821 - root - INFO - [12/1205] Fetching weather for Tát...
2026-09-27 09:24:46,976 - root - INFO - Fetched weather for Tát: 19.4°C, Clouds, humidity: 61%
2026-09-27 09:24:48,078 - root - INFO - [13/1205] Fetching weather for Süttő felső...
2026-09-27 09:24:48,239 - root - INFO - Fetched weather for Süttő felső: 19.4°C, Clouds, humidity: 52%
2026-09-27 09:24:49,341 - root - INFO - [14/1205] Fetching weather for Budatétény...
2026-09-27 09:24:49,501 - root - INFO - Fetched weather for Budatétény: 21.2°C, Clouds, humidity: 50%
2026-09-27 09:24:50,603 - root - INFO - [15/1205] Fetching weather for Seregélyes-Szőlőhegy...
2026-09-27 09:24:50,770 - root - INFO - Fetched weather for Seregélyes-Szőlőhegy: 20.3°C, Clouds, humidity: 52%
2026-09-27 09:24:51,872 - root - INFO - [16/1205] Fetching weather for Gödöllő-Állami telepek...
2026-09-27 09:24:52,031 - root - INFO - Fetched weather for Gödöllő-Állami telepek: 21.1°C, Clouds, humidity: 49%
2026-09-27 09:24:53,133 - root - INFO - [17/1205] Fetching weather for Dunakeszi alsó...
2026-09-27 09:24:53,289 - root - INFO - Fetched weather for Dunakeszi alsó: 20.7°C, Clouds, humidity: 51%
2026-09-27 09:24:54,391 - root - INFO - [18/1205] Fetching weather for Vác-Alsóváros...
2026-09-27 09:24:54,552 - root - INFO - Fetched weather for Vác-Alsóváros: 20.8°C, Clouds, humidity: 50%
2026-09-27 09:24:55,653 - root - INFO - [19/1205] Fetching weather for Szob alsó...
2026-09-27 09:24:55,811 - root - INFO - Fetched weather for Szob alsó: 19.4°C, Clouds, humidity: 61%
2026-09-27 09:24:56,913 - root - INFO - [20/1205] Fetching weather for Zalaszentmihály-Pacsa...
2026-09-27 09:24:57,073 - root - INFO - Fetched weather for Zalaszentmihály-Pacsa: 16.8°C, Clouds, humidity: 63%
2026-09-27 09:24:58,175 - root - INFO - [21/1205] Fetching weather for Pötréte...
2026-09-27 09:24:58,336 - root - INFO - Fetched weather for Pötréte: 16.8°C, Clear, humidity: 63%
2026-09-27 09:24:59,437 - root - INFO - [22/1205] Fetching weather for Felsőrajk...
2026-09-27 09:24:59,592 - root - INFO - Fetched weather for Felsőrajk: 16.8°C, Clear, humidity: 63%
2026-09-27 09:25:00,693 - root - INFO - [23/1205] Fetching weather for Gelse...
2026-09-27 09:25:00,855 - root - INFO - Fetched weather for Gelse: 16.8°C, Clouds, humidity: 63%
2026-09-27 09:25:01,956 - root - INFO - [24/1205] Fetching weather for Őrtilos...
2026-09-27 09:25:02,117 - root - INFO - Fetched weather for Őrtilos: 19.8°C, Clear, humidity: 49%
2026-09-27 09:25:03,219 - root - INFO - [25/1205] Fetching weather for Zákány...
2026-09-27 09:25:03,385 - root - INFO - Fetched weather for Zákány: 19.6°C, Clear, humidity: 51%
2026-09-27 09:25:04,487 - root - INFO - [26/1205] Fetching weather for Berzence...
2026-09-27 09:25:04,649 - root - INFO - Fetched weather for Berzence: 20.0°C, Clear, humidity: 53%
2026-09-27 09:25:05,751 - root - INFO - [27/1205] Fetching weather for Somogyudvarhely...
2026-09-27 09:25:05,905 - root - INFO - Fetched weather for Somogyudvarhely: 20.0°C, Clear, humidity: 52%
2026-09-27 09:25:07,007 - root - INFO - [28/1205] Fetching weather for Bélavár...
2026-09-27 09:25:07,169 - root - INFO - Fetched weather for Bélavár: 20.1°C, Clear, humidity: 53%
2026-09-27 09:25:08,270 - root - INFO - [29/1205] Fetching weather for Vízvár...
2026-09-27 09:25:08,432 - root - INFO - Fetched weather for Vízvár: 20.0°C, Clear, humidity: 53%
2026-09-27 09:25:09,534 - root - INFO - [30/1205] Fetching weather for Babócsa...
2026-09-27 09:25:09,688 - root - INFO - Fetched weather for Babócsa: 20.1°C, Clear, humidity: 53%
2026-09-27 09:25:10,790 - root - INFO - [31/1205] Fetching weather for Péterhida-Komlósd...
2026-09-27 09:25:10,952 - root - INFO - Fetched weather for Péterhida-Komlósd: 20.2°C, Clear, humidity: 53%
2026-09-27 09:25:12,053 - root - INFO - [32/1205] Fetching weather for Barcs...
2026-09-27 09:25:12,211 - root - INFO - Fetched weather for Barcs: 20.3°C, Clear, humidity: 53%
2026-09-27 09:25:13,313 - root - INFO - [33/1205] Fetching weather for Barcs felső...
2026-09-27 09:25:13,474 - root - INFO - Fetched weather for Barcs felső: 20.2°C, Clear, humidity: 53%
2026-09-27 09:25:14,576 - root - INFO - [34/1205] Fetching weather for Középrigóc...
2026-09-27 09:25:14,739 - root - INFO - Fetched weather for Középrigóc: 20.2°C, Clear, humidity: 53%
2026-09-27 09:25:15,841 - root - INFO - [35/1205] Fetching weather for Darány...
2026-09-27 09:25:16,001 - root - INFO - Fetched weather for Darány: 20.2°C, Clouds, humidity: 52%
2026-09-27 09:25:17,103 - root - INFO - [36/1205] Fetching weather for Kisdobsza...
2026-09-27 09:25:17,261 - root - INFO - Fetched weather for Kisdobsza: 20.4°C, Clouds, humidity: 52%
2026-09-27 09:25:18,363 - root - INFO - [37/1205] Fetching weather for Nemeske...
2026-09-27 09:25:18,527 - root - INFO - Fetched weather for Nemeske: 20.4°C, Clouds, humidity: 52%
2026-09-27 09:25:19,629 - root - INFO - [38/1205] Fetching weather for Molvány...
2026-09-27 09:25:19,795 - root - INFO - Fetched weather for Molvány: 20.4°C, Clouds, humidity: 52%
2026-09-27 09:25:20,896 - root - INFO - [39/1205] Fetching weather for Szigetvár...
2026-09-27 09:25:21,052 - root - INFO - Fetched weather for Szigetvár: 20.4°C, Clouds, humidity: 52%
2026-09-27 09:25:22,153 - root - INFO - [40/1205] Fetching weather for Nagypeterd...
2026-09-27 09:25:22,310 - root - INFO - Fetched weather for Nagypeterd: 20.5°C, Clouds, humidity: 51%
2026-09-27 09:25:23,412 - root - INFO - [41/1205] Fetching weather for Szentdénes...
2026-09-27 09:25:23,567 - root - INFO - Fetched weather for Szentdénes: 20.5°C, Clear, humidity: 51%
2026-09-27 09:25:24,669 - root - INFO - [42/1205] Fetching weather for Háros...
2026-09-27 09:25:24,825 - root - INFO - Fetched weather for Háros: 21.7°C, Clouds, humidity: 47%
2026-09-27 09:25:25,927 - root - INFO - [43/1205] Fetching weather for Nagytétény-Diósd...
2026-09-27 09:25:26,088 - root - INFO - Fetched weather for Nagytétény-Diósd: 21.8°C, Clouds, humidity: 47%
2026-09-27 09:25:27,190 - root - INFO - [44/1205] Fetching weather for Érdliget...
2026-09-27 09:25:27,347 - root - INFO - Fetched weather for Érdliget: 21.6°C, Clouds, humidity: 46%
2026-09-27 09:25:28,449 - root - INFO - [45/1205] Fetching weather for Érd felső...
2026-09-27 09:25:28,602 - root - INFO - Fetched weather for Érd felső: 21.6°C, Clouds, humidity: 46%
2026-09-27 09:25:29,704 - root - INFO - [46/1205] Fetching weather for Érd...
2026-09-27 09:25:29,858 - root - INFO - Fetched weather for Érd: 21.5°C, Clouds, humidity: 46%
2026-09-27 09:25:30,960 - root - INFO - [47/1205] Fetching weather for Százhalombatta...
2026-09-27 09:25:31,120 - root - INFO - Fetched weather for Százhalombatta: 21.6°C, Clouds, humidity: 44%
2026-09-27 09:25:32,221 - root - INFO - [48/1205] Fetching weather for Dunai Finomító...
2026-09-27 09:25:32,386 - root - INFO - Fetched weather for Dunai Finomító: 21.4°C, Clouds, humidity: 51%
2026-09-27 09:25:33,488 - root - INFO - [49/1205] Fetching weather for Ercsi...
2026-09-27 09:25:33,656 - root - INFO - Fetched weather for Ercsi: 21.7°C, Clouds, humidity: 51%
2026-09-27 09:25:34,757 - root - INFO - [50/1205] Fetching weather for Iváncsa...
2026-09-27 09:25:34,913 - root - INFO - Fetched weather for Iváncsa: 20.3°C, Clouds, humidity: 51%
2026-09-27 09:25:36,015 - root - INFO - [51/1205] Fetching weather for Pusztaszabolcs...
2026-09-27 09:25:36,171 - root - INFO - Fetched weather for Pusztaszabolcs: 20.4°C, Clouds, humidity: 51%
2026-09-27 09:25:37,272 - root - INFO - [52/1205] Fetching weather for Szabadegyháza...
2026-09-27 09:25:37,428 - root - INFO - Fetched weather for Szabadegyháza: 20.4°C, Clouds, humidity: 51%
2026-09-27 09:25:38,530 - root - INFO - [53/1205] Fetching weather for Sárosd...
2026-09-27 09:25:38,692 - root - INFO - Fetched weather for Sárosd: 20.4°C, Clouds, humidity: 51%
2026-09-27 09:25:39,793 - root - INFO - [54/1205] Fetching weather for Nagylók...
2026-09-27 09:25:39,955 - root - INFO - Fetched weather for Nagylók: 20.4°C, Clouds, humidity: 51%
2026-09-27 09:25:41,057 - root - INFO - [55/1205] Fetching weather for Sárbogárd...
2026-09-27 09:25:41,219 - root - INFO - Fetched weather for Sárbogárd: 20.6°C, Clouds, humidity: 51%
2026-09-27 09:25:42,321 - root - INFO - [56/1205] Fetching weather for Rétszilas...
2026-09-27 09:25:42,482 - root - INFO - Fetched weather for Rétszilas: 20.7°C, Clouds, humidity: 51%
2026-09-27 09:25:43,584 - root - INFO - [57/1205] Fetching weather for Nagyatád...
2026-09-27 09:25:43,743 - root - INFO - Fetched weather for Nagyatád: 20.1°C, Clouds, humidity: 52%
2026-09-27 09:25:44,844 - root - INFO - [58/1205] Fetching weather for Budapest-Keleti...
2026-09-27 09:25:45,001 - root - INFO - Fetched weather for Budapest-Keleti: 21.3°C, Clouds, humidity: 49%
2026-09-27 09:25:46,103 - root - INFO - [59/1205] Fetching weather for Ferencváros...
2026-09-27 09:25:46,259 - root - INFO - Fetched weather for Ferencváros: 21.4°C, Clouds, humidity: 48%
2026-09-27 09:25:47,361 - root - INFO - [60/1205] Fetching weather for Budapest-Nyugati...
2026-09-27 09:25:47,516 - root - INFO - Fetched weather for Budapest-Nyugati: 21.3°C, Clouds, humidity: 49%
2026-09-27 09:25:48,617 - root - INFO - [61/1205] Fetching weather for Kőbánya felső...
2026-09-27 09:25:48,770 - root - INFO - Fetched weather for Kőbánya felső: 21.2°C, Clouds, humidity: 49%
2026-09-27 09:25:49,872 - root - INFO - [62/1205] Fetching weather for Rákos...
2026-09-27 09:25:50,035 - root - INFO - Fetched weather for Rákos: 21.0°C, Clouds, humidity: 49%
2026-09-27 09:25:51,136 - root - INFO - [63/1205] Fetching weather for Rákosrendező...
2026-09-27 09:25:51,302 - root - INFO - Fetched weather for Rákosrendező: 21.2°C, Clouds, humidity: 49%
2026-09-27 09:25:52,403 - root - INFO - [64/1205] Fetching weather for Zugló...
2026-09-27 09:25:52,561 - root - INFO - Fetched weather for Zugló: 21.3°C, Clouds, humidity: 49%
2026-09-27 09:25:53,663 - root - INFO - [65/1205] Fetching weather for Mezőtárkány...
2026-09-27 09:25:53,823 - root - INFO - Fetched weather for Mezőtárkány: 21.6°C, Clear, humidity: 52%
2026-09-27 09:25:54,925 - root - INFO - [66/1205] Fetching weather for Istvántelek...
2026-09-27 09:25:55,085 - root - INFO - Fetched weather for Istvántelek: 21.1°C, Clouds, humidity: 49%
2026-09-27 09:25:56,187 - root - INFO - [67/1205] Fetching weather for Rákospalota-Újpest...
2026-09-27 09:25:56,350 - root - INFO - Fetched weather for Rákospalota-Újpest: 21.0°C, Clouds, humidity: 50%
2026-09-27 09:25:57,452 - root - INFO - [68/1205] Fetching weather for Kőbánya alsó...
2026-09-27 09:25:57,610 - root - INFO - Fetched weather for Kőbánya alsó: 21.2°C, Clouds, humidity: 48%
2026-09-27 09:25:58,712 - root - INFO - [69/1205] Fetching weather for Kőbánya-Kispest...
2026-09-27 09:25:58,866 - root - INFO - Fetched weather for Kőbánya-Kispest: 21.1°C, Clouds, humidity: 48%
2026-09-27 09:25:59,968 - root - INFO - [70/1205] Fetching weather for Pestszentlőrinc...
2026-09-27 09:26:00,122 - root - INFO - Fetched weather for Pestszentlőrinc: 20.9°C, Clouds, humidity: 48%
2026-09-27 09:26:01,224 - root - INFO - [71/1205] Fetching weather for Kispest...
2026-09-27 09:26:01,380 - root - INFO - Fetched weather for Kispest: 21.1°C, Clouds, humidity: 48%
2026-09-27 09:26:02,482 - root - INFO - [72/1205] Fetching weather for Újpest...
2026-09-27 09:26:02,638 - root - INFO - Fetched weather for Újpest: 21.1°C, Clouds, humidity: 50%
2026-09-27 09:26:03,740 - root - INFO - [73/1205] Fetching weather for Pestszentimre felső...
2026-09-27 09:26:03,901 - root - INFO - Fetched weather for Pestszentimre felső: 21.0°C, Clouds, humidity: 48%
2026-09-27 09:26:05,003 - root - INFO - [74/1205] Fetching weather for Dunakeszi...
2026-09-27 09:26:05,170 - root - INFO - Fetched weather for Dunakeszi: 20.9°C, Clouds, humidity: 50%
2026-09-27 09:26:06,272 - root - INFO - [75/1205] Fetching weather for Dunakeszi-Gyártelep...
2026-09-27 09:26:06,428 - root - INFO - Fetched weather for Dunakeszi-Gyártelep: 20.9°C, Clouds, humidity: 50%
2026-09-27 09:26:07,530 - root - INFO - [76/1205] Fetching weather for Alsógöd...
2026-09-27 09:26:07,685 - root - INFO - Fetched weather for Alsógöd: 20.7°C, Clouds, humidity: 52%
2026-09-27 09:26:08,787 - root - INFO - [77/1205] Fetching weather for Göd...
2026-09-27 09:26:08,942 - root - INFO - Fetched weather for Göd: 20.7°C, Clouds, humidity: 52%
2026-09-27 09:26:10,044 - root - INFO - [78/1205] Fetching weather for Felsőgöd...
2026-09-27 09:26:10,203 - root - INFO - Fetched weather for Felsőgöd: 20.6°C, Clouds, humidity: 52%
2026-09-27 09:26:11,304 - root - INFO - [79/1205] Fetching weather for Sződ-Sződliget...
2026-09-27 09:26:11,461 - root - INFO - Fetched weather for Sződ-Sződliget: 20.6°C, Clouds, humidity: 52%
2026-09-27 09:26:12,562 - root - INFO - [80/1205] Fetching weather for Vác...
2026-09-27 09:26:12,730 - root - INFO - Fetched weather for Vác: 21.8°C, Clouds, humidity: 50%
2026-09-27 09:26:13,832 - root - INFO - [81/1205] Fetching weather for Verőce...
2026-09-27 09:26:13,987 - root - INFO - Fetched weather for Verőce: 20.6°C, Clouds, humidity: 52%
2026-09-27 09:26:15,089 - root - INFO - [82/1205] Fetching weather for Kismaros...
2026-09-27 09:26:15,248 - root - INFO - Fetched weather for Kismaros: 20.7°C, Clouds, humidity: 52%
2026-09-27 09:26:16,350 - root - INFO - [83/1205] Fetching weather for Nagymaros-Visegrád...
2026-09-27 09:26:16,516 - root - INFO - Fetched weather for Nagymaros-Visegrád: 19.5°C, Clouds, humidity: 61%
2026-09-27 09:26:17,617 - root - INFO - [84/1205] Fetching weather for Nagymaros...
2026-09-27 09:26:17,780 - root - INFO - Fetched weather for Nagymaros: 19.5°C, Clouds, humidity: 61%
2026-09-27 09:26:18,881 - root - INFO - [85/1205] Fetching weather for Zebegény...
2026-09-27 09:26:19,051 - root - INFO - Fetched weather for Zebegény: 19.4°C, Clouds, humidity: 61%
2026-09-27 09:26:20,152 - root - INFO - [86/1205] Fetching weather for Szob...
2026-09-27 09:26:20,316 - root - INFO - Fetched weather for Szob: 19.4°C, Clouds, humidity: 61%
2026-09-27 09:26:21,418 - root - INFO - [87/1205] Fetching weather for Alagimajor...
2026-09-27 09:26:21,580 - root - INFO - Fetched weather for Alagimajor: 21.0°C, Clouds, humidity: 50%
2026-09-27 09:26:22,682 - root - INFO - [88/1205] Fetching weather for Fót...
2026-09-27 09:26:22,843 - root - INFO - Fetched weather for Fót: 20.7°C, Clouds, humidity: 50%
2026-09-27 09:26:23,945 - root - INFO - [89/1205] Fetching weather for Fótújfalu...
2026-09-27 09:26:24,101 - root - INFO - Fetched weather for Fótújfalu: 20.6°C, Clouds, humidity: 50%
2026-09-27 09:26:25,202 - root - INFO - [90/1205] Fetching weather for Csomád...
2026-09-27 09:26:25,362 - root - INFO - Fetched weather for Csomád: 20.5°C, Clouds, humidity: 51%
2026-09-27 09:26:26,464 - root - INFO - [91/1205] Fetching weather for Veresegyház...
2026-09-27 09:26:26,624 - root - INFO - Fetched weather for Veresegyház: 21.1°C, Clouds, humidity: 50%
2026-09-27 09:26:27,725 - root - INFO - [92/1205] Fetching weather for Erdőkertes...
2026-09-27 09:26:27,885 - root - INFO - Fetched weather for Erdőkertes: 21.1°C, Clouds, humidity: 49%
2026-09-27 09:26:28,987 - root - INFO - [93/1205] Fetching weather for Őrbottyán...
2026-09-27 09:26:29,148 - root - INFO - Fetched weather for Őrbottyán: 20.9°C, Clouds, humidity: 49%
2026-09-27 09:26:30,250 - root - INFO - [94/1205] Fetching weather for Váchartyán...
2026-09-27 09:26:30,416 - root - INFO - Fetched weather for Váchartyán: 23.2°C, Clouds, humidity: 38%
2026-09-27 09:26:31,518 - root - INFO - [95/1205] Fetching weather for Magyarkút-Verőce...
2026-09-27 09:26:31,678 - root - INFO - Fetched weather for Magyarkút-Verőce: 21.7°C, Clouds, humidity: 52%
2026-09-27 09:26:32,780 - root - INFO - [96/1205] Fetching weather for Szokolya...
2026-09-27 09:26:32,941 - root - INFO - Fetched weather for Szokolya: 22.2°C, Clouds, humidity: 53%
2026-09-27 09:26:34,042 - root - INFO - [97/1205] Fetching weather for Berkenye...
2026-09-27 09:26:34,205 - root - INFO - Fetched weather for Berkenye: 21.8°C, Clouds, humidity: 53%
2026-09-27 09:26:35,306 - root - INFO - [98/1205] Fetching weather for Nógrád...
2026-09-27 09:26:35,462 - root - INFO - Fetched weather for Nógrád: 21.8°C, Clouds, humidity: 53%
2026-09-27 09:26:36,564 - root - INFO - [99/1205] Fetching weather for Diósjenő...
2026-09-27 09:26:36,726 - root - INFO - Fetched weather for Diósjenő: 21.8°C, Clouds, humidity: 53%
2026-09-27 09:26:37,828 - root - INFO - [100/1205] Fetching weather for Borsosberény...
2026-09-27 09:26:37,989 - root - INFO - Fetched weather for Borsosberény: 21.8°C, Clouds, humidity: 53%
2026-09-27 09:26:39,091 - root - INFO - [101/1205] Fetching weather for Nagyoroszi...
2026-09-27 09:26:39,251 - root - INFO - Fetched weather for Nagyoroszi: 21.8°C, Clouds, humidity: 53%
2026-09-27 09:26:40,352 - root - INFO - [102/1205] Fetching weather for Drégelyvár...
2026-09-27 09:26:40,511 - root - INFO - Fetched weather for Drégelyvár: 21.8°C, Clouds, humidity: 53%
2026-09-27 09:26:41,613 - root - INFO - [103/1205] Fetching weather for Drégely...
2026-09-27 09:26:41,773 - root - INFO - Fetched weather for Drégely: 22.2°C, Clouds, humidity: 53%
2026-09-27 09:26:42,874 - root - INFO - [104/1205] Fetching weather for Drégelypalánk...
2026-09-27 09:26:43,041 - root - INFO - Fetched weather for Drégelypalánk: 22.4°C, Clouds, humidity: 53%
2026-09-27 09:26:44,142 - root - INFO - [105/1205] Fetching weather for Ipolyvece...
2026-09-27 09:26:44,297 - root - INFO - Fetched weather for Ipolyvece: 22.4°C, Clouds, humidity: 53%
2026-09-27 09:26:45,398 - root - INFO - [106/1205] Fetching weather for Dejtár...
2026-09-27 09:26:45,562 - root - INFO - Fetched weather for Dejtár: 22.4°C, Clouds, humidity: 53%
2026-09-27 09:26:46,664 - root - INFO - [107/1205] Fetching weather for Ipolyszög...
2026-09-27 09:26:46,820 - root - INFO - Fetched weather for Ipolyszög: 22.3°C, Clouds, humidity: 53%
2026-09-27 09:26:47,922 - root - INFO - [108/1205] Fetching weather for Iklad-Domony...
2026-09-27 09:26:48,083 - root - INFO - Fetched weather for Iklad-Domony: 22.5°C, Clouds, humidity: 44%
2026-09-27 09:26:49,185 - root - INFO - [109/1205] Fetching weather for Iklad-Domony felső...
2026-09-27 09:26:49,351 - root - INFO - Fetched weather for Iklad-Domony felső: 21.9°C, Clouds, humidity: 49%
2026-09-27 09:26:50,452 - root - INFO - [110/1205] Fetching weather for Galgamácsa...
2026-09-27 09:26:50,612 - root - INFO - Fetched weather for Galgamácsa: 22.8°C, Clouds, humidity: 43%
2026-09-27 09:26:51,714 - root - INFO - [111/1205] Fetching weather for Vácrátót...
2026-09-27 09:26:51,875 - root - INFO - Fetched weather for Vácrátót: 23.2°C, Clouds, humidity: 38%
2026-09-27 09:26:52,977 - root - INFO - [112/1205] Fetching weather for Csörög...
2026-09-27 09:26:53,136 - root - INFO - Fetched weather for Csörög: 20.4°C, Clouds, humidity: 50%
2026-09-27 09:26:54,237 - root - INFO - [113/1205] Fetching weather for Galgagyörk...
2026-09-27 09:26:54,410 - root - INFO - Fetched weather for Galgagyörk: 22.9°C, Clouds, humidity: 38%
2026-09-27 09:26:55,512 - root - INFO - [114/1205] Fetching weather for Püspökhatvan...
2026-09-27 09:26:55,675 - root - INFO - Fetched weather for Püspökhatvan: 23.2°C, Clouds, humidity: 38%
2026-09-27 09:26:56,777 - root - INFO - [115/1205] Fetching weather for Acsa-Erdőkürt...
2026-09-27 09:26:56,932 - root - INFO - Fetched weather for Acsa-Erdőkürt: 23.1°C, Clouds, humidity: 50%
2026-09-27 09:26:58,033 - root - INFO - [116/1205] Fetching weather for Galgaguta...
2026-09-27 09:26:58,191 - root - INFO - Fetched weather for Galgaguta: 22.1°C, Clouds, humidity: 50%
2026-09-27 09:26:59,293 - root - INFO - [117/1205] Fetching weather for Nógrádkövesd...
2026-09-27 09:26:59,450 - root - INFO - Fetched weather for Nógrádkövesd: 22.0°C, Clouds, humidity: 53%
2026-09-27 09:27:00,551 - root - INFO - [118/1205] Fetching weather for Magyarnándor...
2026-09-27 09:27:00,712 - root - INFO - Fetched weather for Magyarnándor: 22.0°C, Clouds, humidity: 53%
2026-09-27 09:27:01,814 - root - INFO - [119/1205] Fetching weather for Mohora...
2026-09-27 09:27:01,973 - root - INFO - Fetched weather for Mohora: 22.2°C, Clear, humidity: 53%
2026-09-27 09:27:03,075 - root - INFO - [120/1205] Fetching weather for Szügy...
2026-09-27 09:27:03,240 - root - INFO - Fetched weather for Szügy: 22.3°C, Clear, humidity: 53%
2026-09-27 09:27:04,342 - root - INFO - [121/1205] Fetching weather for Balassagyarmat...
2026-09-27 09:27:04,502 - root - INFO - Fetched weather for Balassagyarmat: 22.3°C, Clear, humidity: 53%
2026-09-27 09:27:05,604 - root - INFO - [122/1205] Fetching weather for Őrhalom...
2026-09-27 09:27:05,760 - root - INFO - Fetched weather for Őrhalom: 22.4°C, Clear, humidity: 53%
2026-09-27 09:27:06,862 - root - INFO - [123/1205] Fetching weather for Hugyag...
2026-09-27 09:27:07,020 - root - INFO - Fetched weather for Hugyag: 22.4°C, Clear, humidity: 53%
2026-09-27 09:27:08,122 - root - INFO - [124/1205] Fetching weather for Szécsény...
2026-09-27 09:27:08,279 - root - INFO - Fetched weather for Szécsény: 22.3°C, Clear, humidity: 52%
2026-09-27 09:27:09,381 - root - INFO - [125/1205] Fetching weather for Ludányhalászi...
2026-09-27 09:27:09,540 - root - INFO - Fetched weather for Ludányhalászi: 22.3°C, Clear, humidity: 52%
2026-09-27 09:27:10,642 - root - INFO - [126/1205] Fetching weather for Nógrádszakál...
2026-09-27 09:27:10,801 - root - INFO - Fetched weather for Nógrádszakál: 19.2°C, Clear, humidity: 53%
2026-09-27 09:27:11,902 - root - INFO - [127/1205] Fetching weather for Ráróspuszta...
2026-09-27 09:27:12,058 - root - INFO - Fetched weather for Ráróspuszta: 18.6°C, Clear, humidity: 54%
2026-09-27 09:27:13,160 - root - INFO - [128/1205] Fetching weather for Litke...
2026-09-27 09:27:13,325 - root - INFO - Fetched weather for Litke: 19.1°C, Clear, humidity: 54%
2026-09-27 09:27:14,427 - root - INFO - [129/1205] Fetching weather for Nyíregyháza külső...
2026-09-27 09:27:14,587 - root - INFO - Fetched weather for Nyíregyháza külső: 19.4°C, Clear, humidity: 56%
2026-09-27 09:27:15,688 - root - INFO - [130/1205] Fetching weather for Oros...
2026-09-27 09:27:15,849 - root - INFO - Fetched weather for Oros: 19.3°C, Clear, humidity: 57%
2026-09-27 09:27:16,951 - root - INFO - [131/1205] Fetching weather for Napkor...
2026-09-27 09:27:17,117 - root - INFO - Fetched weather for Napkor: 19.3°C, Clouds, humidity: 57%
2026-09-27 09:27:18,218 - root - INFO - [132/1205] Fetching weather for Apagy...
2026-09-27 09:27:18,385 - root - INFO - Fetched weather for Apagy: 19.3°C, Clouds, humidity: 57%
2026-09-27 09:27:19,487 - root - INFO - [133/1205] Fetching weather for Levelek-Magy...
2026-09-27 09:27:19,646 - root - INFO - Fetched weather for Levelek-Magy: 19.2°C, Clouds, humidity: 57%
2026-09-27 09:27:20,747 - root - INFO - [134/1205] Fetching weather for Ófehértó...
2026-09-27 09:27:20,903 - root - INFO - Fetched weather for Ófehértó: 19.1°C, Clouds, humidity: 56%
2026-09-27 09:27:22,004 - root - INFO - [135/1205] Fetching weather for Ligettanya...
2026-09-27 09:27:22,160 - root - INFO - Fetched weather for Ligettanya: 19.1°C, Clouds, humidity: 56%
2026-09-27 09:27:23,261 - root - INFO - [136/1205] Fetching weather for Baktalórántháza...
2026-09-27 09:27:23,416 - root - INFO - Fetched weather for Baktalórántháza: 19.1°C, Clouds, humidity: 57%
2026-09-27 09:27:24,518 - root - INFO - [137/1205] Fetching weather for Vaja-Rohod...
2026-09-27 09:27:24,673 - root - INFO - Fetched weather for Vaja-Rohod: 19.0°C, Clouds, humidity: 57%
2026-09-27 09:27:25,774 - root - INFO - [138/1205] Fetching weather for Rákóczitanya...
2026-09-27 09:27:25,938 - root - INFO - Fetched weather for Rákóczitanya: 19.0°C, Clouds, humidity: 57%
2026-09-27 09:27:27,040 - root - INFO - [139/1205] Fetching weather for Nyírmada...
2026-09-27 09:27:27,199 - root - INFO - Fetched weather for Nyírmada: 19.0°C, Clouds, humidity: 59%
2026-09-27 09:27:28,301 - root - INFO - [140/1205] Fetching weather for Tunyogmatolcs...
2026-09-27 09:27:28,464 - root - INFO - Fetched weather for Tunyogmatolcs: 19.2°C, Clouds, humidity: 55%
2026-09-27 09:27:29,565 - root - INFO - [141/1205] Fetching weather for Tunyogmatolcs alsó...
2026-09-27 09:27:29,727 - root - INFO - Fetched weather for Tunyogmatolcs alsó: 19.1°C, Clouds, humidity: 55%
2026-09-27 09:27:30,828 - root - INFO - [142/1205] Fetching weather for Fehérgyarmat...
2026-09-27 09:27:30,987 - root - INFO - Fetched weather for Fehérgyarmat: 19.1°C, Clouds, humidity: 55%
2026-09-27 09:27:32,089 - root - INFO - [143/1205] Fetching weather for Penyige...
2026-09-27 09:27:32,250 - root - INFO - Fetched weather for Penyige: 19.1°C, Clouds, humidity: 55%
2026-09-27 09:27:33,352 - root - INFO - [144/1205] Fetching weather for Nagyszekeres...
2026-09-27 09:27:33,517 - root - INFO - Fetched weather for Nagyszekeres: 19.1°C, Clouds, humidity: 55%
2026-09-27 09:27:34,618 - root - INFO - [145/1205] Fetching weather for Kisszekeres...
2026-09-27 09:27:34,776 - root - INFO - Fetched weather for Kisszekeres: 19.1°C, Clouds, humidity: 54%
2026-09-27 09:27:35,877 - root - INFO - [146/1205] Fetching weather for Jánkmajtis...
2026-09-27 09:27:36,040 - root - INFO - Fetched weather for Jánkmajtis: 19.1°C, Clouds, humidity: 54%
2026-09-27 09:27:37,142 - root - INFO - [147/1205] Fetching weather for Gacsály...
2026-09-27 09:27:37,302 - root - INFO - Fetched weather for Gacsály: 20.0°C, Clouds, humidity: 54%
2026-09-27 09:27:38,403 - root - INFO - [148/1205] Fetching weather for Zajta...
2026-09-27 09:27:38,570 - root - INFO - Fetched weather for Zajta: 20.0°C, Clouds, humidity: 53%
2026-09-27 09:27:39,672 - root - INFO - [149/1205] Fetching weather for Eperjeske alsó...
2026-09-27 09:27:39,832 - root - INFO - Fetched weather for Eperjeske alsó: 18.9°C, Clouds, humidity: 65%
2026-09-27 09:27:40,933 - root - INFO - [150/1205] Fetching weather for Mándok...
2026-09-27 09:27:41,093 - root - INFO - Fetched weather for Mándok: 18.9°C, Clouds, humidity: 65%
2026-09-27 09:27:42,194 - root - INFO - [151/1205] Fetching weather for Tornyospálca...
2026-09-27 09:27:42,351 - root - INFO - Fetched weather for Tornyospálca: 18.9°C, Clouds, humidity: 65%
2026-09-27 09:27:43,452 - root - INFO - [152/1205] Fetching weather for Aranyosapáti...
2026-09-27 09:27:43,619 - root - INFO - Fetched weather for Aranyosapáti: 19.0°C, Clouds, humidity: 62%
2026-09-27 09:27:44,721 - root - INFO - [153/1205] Fetching weather for Gyüre...
2026-09-27 09:27:44,886 - root - INFO - Fetched weather for Gyüre: 19.0°C, Clouds, humidity: 61%
2026-09-27 09:27:45,988 - root - INFO - [154/1205] Fetching weather for Varsány...
2026-09-27 09:27:46,144 - root - INFO - Fetched weather for Varsány: 19.0°C, Clouds, humidity: 60%
2026-09-27 09:27:47,246 - root - INFO - [155/1205] Fetching weather for Vásárosnamény...
2026-09-27 09:27:47,404 - root - INFO - Fetched weather for Vásárosnamény: 19.1°C, Clouds, humidity: 59%
2026-09-27 09:27:48,506 - root - INFO - [156/1205] Fetching weather for Vitka...
2026-09-27 09:27:48,661 - root - INFO - Fetched weather for Vitka: 19.1°C, Clouds, humidity: 59%
2026-09-27 09:27:49,763 - root - INFO - [157/1205] Fetching weather for Nagydobos...
2026-09-27 09:27:49,921 - root - INFO - Fetched weather for Nagydobos: 19.0°C, Clouds, humidity: 58%
2026-09-27 09:27:51,022 - root - INFO - [158/1205] Fetching weather for Ópályi...
2026-09-27 09:27:51,192 - root - INFO - Fetched weather for Ópályi: 19.1°C, Clouds, humidity: 57%
2026-09-27 09:27:52,294 - root - INFO - [159/1205] Fetching weather for Nyírcsaholy...
2026-09-27 09:27:52,452 - root - INFO - Fetched weather for Nyírcsaholy: 19.2°C, Clouds, humidity: 55%
2026-09-27 09:27:53,554 - root - INFO - [160/1205] Fetching weather for Nagyecsed...
2026-09-27 09:27:53,710 - root - INFO - Fetched weather for Nagyecsed: 19.2°C, Clouds, humidity: 54%
2026-09-27 09:27:54,812 - root - INFO - [161/1205] Fetching weather for Tiborszállás...
2026-09-27 09:27:54,981 - root - INFO - Fetched weather for Tiborszállás: 19.3°C, Clouds, humidity: 53%
2026-09-27 09:27:56,083 - root - INFO - [162/1205] Fetching weather for Kiskunhalas...
2026-09-27 09:27:56,243 - root - INFO - Fetched weather for Kiskunhalas: 21.1°C, Clear, humidity: 45%
2026-09-27 09:27:57,344 - root - INFO - [163/1205] Fetching weather for Kecskemét alsó...
2026-09-27 09:27:57,500 - root - INFO - Fetched weather for Kecskemét alsó: 21.8°C, Clear, humidity: 47%
2026-09-27 09:27:58,601 - root - INFO - [164/1205] Fetching weather for Putnok...
2026-09-27 09:27:58,762 - root - INFO - Fetched weather for Putnok: 18.9°C, Clouds, humidity: 55%
2026-09-27 09:27:59,864 - root - INFO - [165/1205] Fetching weather for Bánréve...
2026-09-27 09:28:00,023 - root - INFO - Fetched weather for Bánréve: 18.9°C, Clouds, humidity: 55%
2026-09-27 09:28:01,125 - root - INFO - [166/1205] Fetching weather for Ipolytarnóc...
2026-09-27 09:28:01,292 - root - INFO - Fetched weather for Ipolytarnóc: 19.1°C, Clear, humidity: 54%
2026-09-27 09:28:02,393 - root - INFO - [167/1205] Fetching weather for Rákosliget...
2026-09-27 09:28:02,555 - root - INFO - Fetched weather for Rákosliget: 20.7°C, Clouds, humidity: 49%
2026-09-27 09:28:03,657 - root - INFO - [168/1205] Fetching weather for Ikrény...
2026-09-27 09:28:03,817 - root - INFO - Fetched weather for Ikrény: 21.9°C, Clouds, humidity: 51%
2026-09-27 09:28:04,919 - root - INFO - [169/1205] Fetching weather for Rábapatona...
2026-09-27 09:28:05,080 - root - INFO - Fetched weather for Rábapatona: 21.9°C, Clouds, humidity: 50%
2026-09-27 09:28:06,181 - root - INFO - [170/1205] Fetching weather for Enese...
2026-09-27 09:28:06,342 - root - INFO - Fetched weather for Enese: 21.9°C, Clouds, humidity: 50%
2026-09-27 09:28:07,444 - root - INFO - [171/1205] Fetching weather for Kóny...
2026-09-27 09:28:07,609 - root - INFO - Fetched weather for Kóny: 22.0°C, Clouds, humidity: 45%
2026-09-27 09:28:08,710 - root - INFO - [172/1205] Fetching weather for Farád...
2026-09-27 09:28:08,869 - root - INFO - Fetched weather for Farád: 21.9°C, Clouds, humidity: 57%
2026-09-27 09:28:09,971 - root - INFO - [173/1205] Fetching weather for Rábatamási...
2026-09-27 09:28:10,133 - root - INFO - Fetched weather for Rábatamási: 19.1°C, Clouds, humidity: 57%
2026-09-27 09:28:11,235 - root - INFO - [174/1205] Fetching weather for Szárföld...
2026-09-27 09:28:11,391 - root - INFO - Fetched weather for Szárföld: 19.1°C, Clouds, humidity: 58%
2026-09-27 09:28:12,493 - root - INFO - [175/1205] Fetching weather for Veszkény...
2026-09-27 09:28:12,654 - root - INFO - Fetched weather for Veszkény: 19.1°C, Clouds, humidity: 58%
2026-09-27 09:28:13,755 - root - INFO - [176/1205] Fetching weather for Kapuvár...
2026-09-27 09:28:13,914 - root - INFO - Fetched weather for Kapuvár: 19.1°C, Clouds, humidity: 58%
2026-09-27 09:28:15,015 - root - INFO - [177/1205] Fetching weather for Vitnyéd-Csermajor...
2026-09-27 09:28:15,177 - root - INFO - Fetched weather for Vitnyéd-Csermajor: 19.0°C, Clouds, humidity: 59%
2026-09-27 09:28:16,279 - root - INFO - [178/1205] Fetching weather for Petőháza...
2026-09-27 09:28:16,442 - root - INFO - Fetched weather for Petőháza: 19.0°C, Clouds, humidity: 60%
2026-09-27 09:28:17,543 - root - INFO - [179/1205] Fetching weather for Fertőszentmiklós...
2026-09-27 09:28:17,701 - root - INFO - Fetched weather for Fertőszentmiklós: 21.2°C, Clouds, humidity: 61%
2026-09-27 09:28:18,802 - root - INFO - [180/1205] Fetching weather for Pinnye...
2026-09-27 09:28:18,971 - root - INFO - Fetched weather for Pinnye: 21.0°C, Clouds, humidity: 61%
2026-09-27 09:28:20,073 - root - INFO - [181/1205] Fetching weather for Fertőboz...
2026-09-27 09:28:20,238 - root - INFO - Fetched weather for Fertőboz: 20.9°C, Clouds, humidity: 62%
2026-09-27 09:28:21,340 - root - INFO - [182/1205] Fetching weather for Sopron...
2026-09-27 09:28:21,495 - root - INFO - Fetched weather for Sopron: 17.3°C, Clouds, humidity: 63%
2026-09-27 09:28:22,596 - root - INFO - [183/1205] Fetching weather for Fertőszéplak-Fertőd...
2026-09-27 09:28:22,758 - root - INFO - Fetched weather for Fertőszéplak-Fertőd: 21.2°C, Clouds, humidity: 61%
2026-09-27 09:28:23,859 - root - INFO - [184/1205] Fetching weather for Nyúl...
2026-09-27 09:28:24,018 - root - INFO - Fetched weather for Nyúl: 21.2°C, Clouds, humidity: 50%
2026-09-27 09:28:25,119 - root - INFO - [185/1205] Fetching weather for Pannonhalma...
2026-09-27 09:28:25,279 - root - INFO - Fetched weather for Pannonhalma: 20.9°C, Clouds, humidity: 49%
2026-09-27 09:28:26,380 - root - INFO - [186/1205] Fetching weather for Tarjánpuszta...
2026-09-27 09:28:26,537 - root - INFO - Fetched weather for Tarjánpuszta: 20.4°C, Clouds, humidity: 47%
2026-09-27 09:28:27,639 - root - INFO - [187/1205] Fetching weather for Győrasszonyfa...
2026-09-27 09:28:27,802 - root - INFO - Fetched weather for Győrasszonyfa: 20.3°C, Clouds, humidity: 47%
2026-09-27 09:28:28,904 - root - INFO - [188/1205] Fetching weather for Veszprémvarsány...
2026-09-27 09:28:29,065 - root - INFO - Fetched weather for Veszprémvarsány: 20.5°C, Clouds, humidity: 51%
2026-09-27 09:28:30,167 - root - INFO - [189/1205] Fetching weather for Bakonyszentlászló...
2026-09-27 09:28:30,326 - root - INFO - Fetched weather for Bakonyszentlászló: 20.6°C, Clouds, humidity: 51%
2026-09-27 09:28:31,428 - root - INFO - [190/1205] Fetching weather for Porva-Csesznek...
2026-09-27 09:28:31,600 - root - INFO - Fetched weather for Porva-Csesznek: 19.6°C, Clouds, humidity: 51%
2026-09-27 09:28:32,702 - root - INFO - [191/1205] Fetching weather for Zirc...
2026-09-27 09:28:32,857 - root - INFO - Fetched weather for Zirc: 21.4°C, Clouds, humidity: 51%
2026-09-27 09:28:33,959 - root - INFO - [192/1205] Fetching weather for Eplény...
2026-09-27 09:28:34,125 - root - INFO - Fetched weather for Eplény: 21.6°C, Clouds, humidity: 51%
2026-09-27 09:28:35,226 - root - INFO - [193/1205] Fetching weather for Marcaltő...
2026-09-27 09:28:35,389 - root - INFO - Fetched weather for Marcaltő: 21.2°C, Clouds, humidity: 46%
2026-09-27 09:28:36,491 - root - INFO - [194/1205] Fetching weather for Szany-Rábaszentandrás...
2026-09-27 09:28:36,646 - root - INFO - Fetched weather for Szany-Rábaszentandrás: 21.2°C, Clouds, humidity: 46%
2026-09-27 09:28:37,747 - root - INFO - [195/1205] Fetching weather for Egyed-Rábacsanak...
2026-09-27 09:28:37,913 - root - INFO - Fetched weather for Egyed-Rábacsanak: 21.8°C, Clouds, humidity: 44%
2026-09-27 09:28:39,014 - root - INFO - [196/1205] Fetching weather for Rábapordány...
2026-09-27 09:28:39,171 - root - INFO - Fetched weather for Rábapordány: 22.0°C, Clouds, humidity: 44%
2026-09-27 09:28:40,273 - root - INFO - [197/1205] Fetching weather for Albertfalva...
2026-09-27 09:28:40,434 - root - INFO - Fetched weather for Albertfalva: 21.8°C, Clouds, humidity: 47%
2026-09-27 09:28:41,535 - root - INFO - [198/1205] Fetching weather for Budafok...
2026-09-27 09:28:41,697 - root - INFO - Fetched weather for Budafok: 21.8°C, Clouds, humidity: 47%
2026-09-27 09:28:42,799 - root - INFO - [199/1205] Fetching weather for Tétényliget...
2026-09-27 09:28:42,962 - root - INFO - Fetched weather for Tétényliget: 21.7°C, Clouds, humidity: 46%
2026-09-27 09:28:44,064 - root - INFO - [200/1205] Fetching weather for Érd alsó...
2026-09-27 09:28:44,213 - root - INFO - Fetched weather for Érd alsó: 21.6°C, Clouds, humidity: 46%
2026-09-27 09:28:45,315 - root - INFO - [201/1205] Fetching weather for Tárnok...
2026-09-27 09:28:45,470 - root - INFO - Fetched weather for Tárnok: 21.5°C, Clouds, humidity: 46%
2026-09-27 09:28:46,571 - root - INFO - [202/1205] Fetching weather for Martonvásár...
2026-09-27 09:28:46,730 - root - INFO - Fetched weather for Martonvásár: 21.4°C, Clouds, humidity: 45%
2026-09-27 09:28:47,831 - root - INFO - [203/1205] Fetching weather for Baracska...
2026-09-27 09:28:48,002 - root - INFO - Fetched weather for Baracska: 21.6°C, Clouds, humidity: 51%
2026-09-27 09:28:49,104 - root - INFO - [204/1205] Fetching weather for Pettend...
2026-09-27 09:28:49,267 - root - INFO - Fetched weather for Pettend: 22.0°C, Clouds, humidity: 51%
2026-09-27 09:28:50,368 - root - INFO - [205/1205] Fetching weather for Kápolnásnyék...
2026-09-27 09:28:50,529 - root - INFO - Fetched weather for Kápolnásnyék: 22.1°C, Clouds, humidity: 51%
2026-09-27 09:28:51,630 - root - INFO - [206/1205] Fetching weather for Velence...
2026-09-27 09:28:51,788 - root - INFO - Fetched weather for Velence: 22.1°C, Clouds, humidity: 51%
2026-09-27 09:28:52,890 - root - INFO - [207/1205] Fetching weather for Velencefürdő...
2026-09-27 09:28:53,050 - root - INFO - Fetched weather for Velencefürdő: 20.3°C, Clouds, humidity: 51%
2026-09-27 09:28:54,152 - root - INFO - [208/1205] Fetching weather for Gárdony...
2026-09-27 09:28:54,317 - root - INFO - Fetched weather for Gárdony: 20.3°C, Clouds, humidity: 51%
2026-09-27 09:28:55,419 - root - INFO - [209/1205] Fetching weather for Agárd...
2026-09-27 09:28:55,573 - root - INFO - Fetched weather for Agárd: 20.3°C, Clouds, humidity: 51%
2026-09-27 09:28:56,674 - root - INFO - [210/1205] Fetching weather for Dinnyés...
2026-09-27 09:28:56,842 - root - INFO - Fetched weather for Dinnyés: 20.3°C, Clouds, humidity: 51%
2026-09-27 09:28:57,943 - root - INFO - [211/1205] Fetching weather for Székesfehérvár...
2026-09-27 09:28:58,098 - root - INFO - Fetched weather for Székesfehérvár: 20.2°C, Clouds, humidity: 52%
2026-09-27 09:28:59,199 - root - INFO - [212/1205] Fetching weather for Szabadbattyán...
2026-09-27 09:28:59,354 - root - INFO - Fetched weather for Szabadbattyán: 20.2°C, Clouds, humidity: 53%
2026-09-27 09:29:00,456 - root - INFO - [213/1205] Fetching weather for Kiscséripuszta...
2026-09-27 09:29:00,612 - root - INFO - Fetched weather for Kiscséripuszta: 21.9°C, Clouds, humidity: 53%
2026-09-27 09:29:01,713 - root - INFO - [214/1205] Fetching weather for Lepsény...
2026-09-27 09:29:01,872 - root - INFO - Fetched weather for Lepsény: 22.1°C, Clouds, humidity: 80%
2026-09-27 09:29:02,973 - root - INFO - [215/1205] Fetching weather for Balatonaliga...
2026-09-27 09:29:03,126 - root - INFO - Fetched weather for Balatonaliga: 21.9°C, Clouds, humidity: 80%
2026-09-27 09:29:04,228 - root - INFO - [216/1205] Fetching weather for Balatonvilágos...
2026-09-27 09:29:04,398 - root - INFO - Fetched weather for Balatonvilágos: 22.0°C, Clouds, humidity: 80%
2026-09-27 09:29:05,499 - root - INFO - [217/1205] Fetching weather for Szabadifürdő...
2026-09-27 09:29:05,653 - root - INFO - Fetched weather for Szabadifürdő: 22.1°C, Clouds, humidity: 80%
2026-09-27 09:29:06,755 - root - INFO - [218/1205] Fetching weather for Ózd alsó...
2026-09-27 09:29:06,922 - root - INFO - Fetched weather for Ózd alsó: 22.1°C, Clouds, humidity: 53%
2026-09-27 09:29:08,024 - root - INFO - [219/1205] Fetching weather for Ózd...
2026-09-27 09:29:08,179 - root - INFO - Fetched weather for Ózd: 22.1°C, Clouds, humidity: 53%
2026-09-27 09:29:09,281 - root - INFO - [220/1205] Fetching weather for Alsóboldva...
2026-09-27 09:29:09,440 - root - INFO - Fetched weather for Alsóboldva: 20.2°C, Clouds, humidity: 68%
2026-09-27 09:29:10,542 - root - INFO - [221/1205] Fetching weather for Boldva...
2026-09-27 09:29:10,701 - root - INFO - Fetched weather for Boldva: 20.2°C, Clouds, humidity: 57%
2026-09-27 09:29:11,803 - root - INFO - [222/1205] Fetching weather for Borsodszirák...
2026-09-27 09:29:11,963 - root - INFO - Fetched weather for Borsodszirák: 20.2°C, Clouds, humidity: 57%
2026-09-27 09:29:13,064 - root - INFO - [223/1205] Fetching weather for Edelény alsó...
2026-09-27 09:29:13,225 - root - INFO - Fetched weather for Edelény alsó: 20.2°C, Clouds, humidity: 57%
2026-09-27 09:29:14,327 - root - INFO - [224/1205] Fetching weather for Edelény...
2026-09-27 09:29:14,496 - root - INFO - Fetched weather for Edelény: 20.1°C, Clouds, humidity: 57%
2026-09-27 09:29:15,598 - root - INFO - [225/1205] Fetching weather for Szendrőlád...
2026-09-27 09:29:15,755 - root - INFO - Fetched weather for Szendrőlád: 18.1°C, Clouds, humidity: 57%
2026-09-27 09:29:16,856 - root - INFO - [226/1205] Fetching weather for Szendrő...
2026-09-27 09:29:17,014 - root - INFO - Fetched weather for Szendrő: 19.0°C, Clouds, humidity: 58%
2026-09-27 09:29:18,115 - root - INFO - [227/1205] Fetching weather for Szendrő felső...
2026-09-27 09:29:18,275 - root - INFO - Fetched weather for Szendrő felső: 19.0°C, Clouds, humidity: 58%
2026-09-27 09:29:19,376 - root - INFO - [228/1205] Fetching weather for Szalonna...
2026-09-27 09:29:19,539 - root - INFO - Fetched weather for Szalonna: 18.9°C, Clouds, humidity: 58%
2026-09-27 09:29:20,640 - root - INFO - [229/1205] Fetching weather for Perkupa...
2026-09-27 09:29:20,800 - root - INFO - Fetched weather for Perkupa: 18.2°C, Clouds, humidity: 58%
2026-09-27 09:29:21,902 - root - INFO - [230/1205] Fetching weather for Szemeretelep...
2026-09-27 09:29:22,071 - root - INFO - Fetched weather for Szemeretelep: 20.8°C, Clouds, humidity: 49%
2026-09-27 09:29:23,173 - root - INFO - [231/1205] Fetching weather for Jósvafő-Aggtelek...
2026-09-27 09:29:23,335 - root - INFO - Fetched weather for Jósvafő-Aggtelek: 18.5°C, Clouds, humidity: 59%
2026-09-27 09:29:24,437 - root - INFO - [232/1205] Fetching weather for Bódvaszilas...
2026-09-27 09:29:24,596 - root - INFO - Fetched weather for Bódvaszilas: 18.0°C, Clouds, humidity: 59%
2026-09-27 09:29:25,698 - root - INFO - [233/1205] Fetching weather for Komjáti...
2026-09-27 09:29:25,854 - root - INFO - Fetched weather for Komjáti: 17.6°C, Clouds, humidity: 59%
2026-09-27 09:29:26,955 - root - INFO - [234/1205] Fetching weather for Tornanádaska...
2026-09-27 09:29:27,113 - root - INFO - Fetched weather for Tornanádaska: 18.7°C, Clouds, humidity: 59%
2026-09-27 09:29:28,215 - root - INFO - [235/1205] Fetching weather for Onga...
2026-09-27 09:29:28,371 - root - INFO - Fetched weather for Onga: 22.6°C, Clouds, humidity: 52%
2026-09-27 09:29:29,472 - root - INFO - [236/1205] Fetching weather for Szikszó-Vásártér...
2026-09-27 09:29:29,639 - root - INFO - Fetched weather for Szikszó-Vásártér: 21.9°C, Clouds, humidity: 57%
2026-09-27 09:29:30,740 - root - INFO - [237/1205] Fetching weather for Szikszó...
2026-09-27 09:29:30,901 - root - INFO - Fetched weather for Szikszó: 22.7°C, Clouds, humidity: 57%
2026-09-27 09:29:32,002 - root - INFO - [238/1205] Fetching weather for Aszaló...
2026-09-27 09:29:32,163 - root - INFO - Fetched weather for Aszaló: 22.7°C, Clouds, humidity: 57%
2026-09-27 09:29:33,265 - root - INFO - [239/1205] Fetching weather for Halmaj...
2026-09-27 09:29:33,425 - root - INFO - Fetched weather for Halmaj: 19.4°C, Clouds, humidity: 58%
2026-09-27 09:29:34,527 - root - INFO - [240/1205] Fetching weather for Csobád...
2026-09-27 09:29:34,689 - root - INFO - Fetched weather for Csobád: 19.3°C, Clouds, humidity: 58%
2026-09-27 09:29:35,791 - root - INFO - [241/1205] Fetching weather for Ináncs...
2026-09-27 09:29:35,946 - root - INFO - Fetched weather for Ináncs: 19.2°C, Clouds, humidity: 58%
2026-09-27 09:29:37,047 - root - INFO - [242/1205] Fetching weather for Forró-Encs...
2026-09-27 09:29:37,213 - root - INFO - Fetched weather for Forró-Encs: 19.1°C, Clouds, humidity: 59%
2026-09-27 09:29:38,315 - root - INFO - [243/1205] Fetching weather for Méra...
2026-09-27 09:29:38,481 - root - INFO - Fetched weather for Méra: 18.8°C, Clouds, humidity: 60%
2026-09-27 09:29:39,583 - root - INFO - [244/1205] Fetching weather for Novajidrány...
2026-09-27 09:29:39,743 - root - INFO - Fetched weather for Novajidrány: 19.4°C, Clouds, humidity: 60%
2026-09-27 09:29:40,844 - root - INFO - [245/1205] Fetching weather for Hernádszurdok...
2026-09-27 09:29:41,001 - root - INFO - Fetched weather for Hernádszurdok: 18.9°C, Clouds, humidity: 54%
2026-09-27 09:29:42,102 - root - INFO - [246/1205] Fetching weather for Hidasnémeti...
2026-09-27 09:29:42,258 - root - INFO - Fetched weather for Hidasnémeti: 18.9°C, Clouds, humidity: 54%
2026-09-27 09:29:43,359 - root - INFO - [247/1205] Fetching weather for Mád...
2026-09-27 09:29:43,519 - root - INFO - Fetched weather for Mád: 20.6°C, Clouds, humidity: 43%
2026-09-27 09:29:44,621 - root - INFO - [248/1205] Fetching weather for Rátka...
2026-09-27 09:29:44,779 - root - INFO - Fetched weather for Rátka: 20.8°C, Clouds, humidity: 43%
2026-09-27 09:29:45,881 - root - INFO - [249/1205] Fetching weather for Tállya...
2026-09-27 09:29:46,045 - root - INFO - Fetched weather for Tállya: 20.7°C, Clouds, humidity: 43%
2026-09-27 09:29:47,146 - root - INFO - [250/1205] Fetching weather for Golop...
2026-09-27 09:29:47,307 - root - INFO - Fetched weather for Golop: 20.9°C, Clouds, humidity: 43%
2026-09-27 09:29:48,409 - root - INFO - [251/1205] Fetching weather for Abaújszántó...
2026-09-27 09:29:48,570 - root - INFO - Fetched weather for Abaújszántó: 20.8°C, Clouds, humidity: 59%
2026-09-27 09:29:49,672 - root - INFO - [252/1205] Fetching weather for Abaújszántói fürdő...
2026-09-27 09:29:49,826 - root - INFO - Fetched weather for Abaújszántói fürdő: 20.8°C, Clouds, humidity: 59%
2026-09-27 09:29:50,927 - root - INFO - [253/1205] Fetching weather for Abaújkér...
2026-09-27 09:29:51,085 - root - INFO - Fetched weather for Abaújkér: 20.7°C, Clouds, humidity: 59%
2026-09-27 09:29:52,187 - root - INFO - [254/1205] Fetching weather for Boldogkőváralja...
2026-09-27 09:29:52,350 - root - INFO - Fetched weather for Boldogkőváralja: 20.5°C, Clouds, humidity: 60%
2026-09-27 09:29:53,452 - root - INFO - [255/1205] Fetching weather for Korlát-Vizsoly...
2026-09-27 09:29:53,619 - root - INFO - Fetched weather for Korlát-Vizsoly: 20.4°C, Clouds, humidity: 61%
2026-09-27 09:29:54,721 - root - INFO - [256/1205] Fetching weather for Fony...
2026-09-27 09:29:54,880 - root - INFO - Fetched weather for Fony: 19.1°C, Clouds, humidity: 61%
2026-09-27 09:29:55,982 - root - INFO - [257/1205] Fetching weather for Hejce-Vilmány...
2026-09-27 09:29:56,138 - root - INFO - Fetched weather for Hejce-Vilmány: 19.0°C, Clouds, humidity: 61%
2026-09-27 09:29:57,240 - root - INFO - [258/1205] Fetching weather for Göncruszka...
2026-09-27 09:29:57,404 - root - INFO - Fetched weather for Göncruszka: 18.8°C, Clouds, humidity: 61%
2026-09-27 09:29:58,505 - root - INFO - [259/1205] Fetching weather for Gönc...
2026-09-27 09:29:58,663 - root - INFO - Fetched weather for Gönc: 18.6°C, Clouds, humidity: 61%
2026-09-27 09:29:59,765 - root - INFO - [260/1205] Fetching weather for Zsujta...
2026-09-27 09:29:59,932 - root - INFO - Fetched weather for Zsujta: 18.6°C, Clouds, humidity: 54%
2026-09-27 09:30:01,034 - root - INFO - [261/1205] Fetching weather for Bodrogkeresztúr...
2026-09-27 09:30:01,196 - root - INFO - Fetched weather for Bodrogkeresztúr: 20.9°C, Clear, humidity: 43%
2026-09-27 09:30:02,298 - root - INFO - [262/1205] Fetching weather for Szegi...
2026-09-27 09:30:02,464 - root - INFO - Fetched weather for Szegi: 20.9°C, Clear, humidity: 43%
2026-09-27 09:30:03,566 - root - INFO - [263/1205] Fetching weather for Erdőbénye...
2026-09-27 09:30:03,738 - root - INFO - Fetched weather for Erdőbénye: 20.9°C, Clear, humidity: 43%
2026-09-27 09:30:04,840 - root - INFO - [264/1205] Fetching weather for Olaszliszka-Tolcsva...
2026-09-27 09:30:04,995 - root - INFO - Fetched weather for Olaszliszka-Tolcsva: 20.9°C, Clear, humidity: 43%
2026-09-27 09:30:06,096 - root - INFO - [265/1205] Fetching weather for Bodrogolaszi...
2026-09-27 09:30:06,260 - root - INFO - Fetched weather for Bodrogolaszi: 16.8°C, Clouds, humidity: 100%
2026-09-27 09:30:07,361 - root - INFO - [266/1205] Fetching weather for Sárospatak...
2026-09-27 09:30:07,522 - root - INFO - Fetched weather for Sárospatak: 16.8°C, Clouds, humidity: 100%
2026-09-27 09:30:08,624 - root - INFO - [267/1205] Fetching weather for Sátoraljaújhely...
2026-09-27 09:30:08,783 - root - INFO - Fetched weather for Sátoraljaújhely: 16.8°C, Clear, humidity: 100%
2026-09-27 09:30:09,885 - root - INFO - [268/1205] Fetching weather for Vecsés...
2026-09-27 09:30:10,052 - root - INFO - Fetched weather for Vecsés: 20.3°C, Clouds, humidity: 49%
2026-09-27 09:30:11,154 - root - INFO - [269/1205] Fetching weather for Vecsés-Kertekalja...
2026-09-27 09:30:11,320 - root - INFO - Fetched weather for Vecsés-Kertekalja: 20.4°C, Clouds, humidity: 49%
2026-09-27 09:30:12,421 - root - INFO - [270/1205] Fetching weather for Üllő...
2026-09-27 09:30:12,583 - root - INFO - Fetched weather for Üllő: 20.5°C, Clouds, humidity: 50%
2026-09-27 09:30:13,685 - root - INFO - [271/1205] Fetching weather for Monor...
2026-09-27 09:30:13,841 - root - INFO - Fetched weather for Monor: 20.1°C, Clouds, humidity: 49%
2026-09-27 09:30:14,943 - root - INFO - [272/1205] Fetching weather for Pilis...
2026-09-27 09:30:15,102 - root - INFO - Fetched weather for Pilis: 22.8°C, Clouds, humidity: 49%
2026-09-27 09:30:16,204 - root - INFO - [273/1205] Fetching weather for Albertirsa...
2026-09-27 09:30:16,360 - root - INFO - Fetched weather for Albertirsa: 23.2°C, Clear, humidity: 43%
2026-09-27 09:30:17,462 - root - INFO - [274/1205] Fetching weather for Ceglédbercel-Cserő...
2026-09-27 09:30:17,625 - root - INFO - Fetched weather for Ceglédbercel-Cserő: 23.2°C, Clear, humidity: 43%
2026-09-27 09:30:18,726 - root - INFO - [275/1205] Fetching weather for Cegléd...
2026-09-27 09:30:18,886 - root - INFO - Fetched weather for Cegléd: 23.3°C, Clouds, humidity: 43%
2026-09-27 09:30:19,988 - root - INFO - [276/1205] Fetching weather for Abony...
2026-09-27 09:30:20,151 - root - INFO - Fetched weather for Abony: 21.4°C, Clouds, humidity: 49%
2026-09-27 09:30:21,252 - root - INFO - [277/1205] Fetching weather for Szolnok...
2026-09-27 09:30:21,408 - root - INFO - Fetched weather for Szolnok: 20.8°C, Clear, humidity: 49%
2026-09-27 09:30:22,510 - root - INFO - [278/1205] Fetching weather for Szajol...
2026-09-27 09:30:22,676 - root - INFO - Fetched weather for Szajol: 20.0°C, Clear, humidity: 49%
2026-09-27 09:30:23,778 - root - INFO - [279/1205] Fetching weather for Törökszentmiklós...
2026-09-27 09:30:23,938 - root - INFO - Fetched weather for Törökszentmiklós: 20.0°C, Clear, humidity: 49%
2026-09-27 09:30:25,040 - root - INFO - [280/1205] Fetching weather for Rákoscsaba-Újtelep...
2026-09-27 09:30:25,197 - root - INFO - Fetched weather for Rákoscsaba-Újtelep: 20.7°C, Clouds, humidity: 49%
2026-09-27 09:30:26,298 - root - INFO - [281/1205] Fetching weather for Rákoscsaba...
2026-09-27 09:30:26,454 - root - INFO - Fetched weather for Rákoscsaba: 20.4°C, Clouds, humidity: 50%
2026-09-27 09:30:27,556 - root - INFO - [282/1205] Fetching weather for Pécel...
2026-09-27 09:30:27,714 - root - INFO - Fetched weather for Pécel: 20.6°C, Clouds, humidity: 50%
2026-09-27 09:30:28,816 - root - INFO - [283/1205] Fetching weather for Isaszeg...
2026-09-27 09:30:28,979 - root - INFO - Fetched weather for Isaszeg: 20.7°C, Clouds, humidity: 50%
2026-09-27 09:30:30,081 - root - INFO - [284/1205] Fetching weather for Gödöllő...
2026-09-27 09:30:30,245 - root - INFO - Fetched weather for Gödöllő: 20.5°C, Clouds, humidity: 50%
2026-09-27 09:30:31,347 - root - INFO - [285/1205] Fetching weather for Máriabesnyő...
2026-09-27 09:30:31,499 - root - INFO - Fetched weather for Máriabesnyő: 20.7°C, Clouds, humidity: 51%
2026-09-27 09:30:32,601 - root - INFO - [286/1205] Fetching weather for Bag...
2026-09-27 09:30:32,757 - root - INFO - Fetched weather for Bag: 21.7°C, Clouds, humidity: 47%
2026-09-27 09:30:33,859 - root - INFO - [287/1205] Fetching weather for Aszód...
2026-09-27 09:30:34,020 - root - INFO - Fetched weather for Aszód: 21.8°C, Clouds, humidity: 51%
2026-09-27 09:30:35,121 - root - INFO - [288/1205] Fetching weather for Hévízgyörk...
2026-09-27 09:30:35,279 - root - INFO - Fetched weather for Hévízgyörk: 21.3°C, Clouds, humidity: 51%
2026-09-27 09:30:36,381 - root - INFO - [289/1205] Fetching weather for Galgahévíz...
2026-09-27 09:30:36,542 - root - INFO - Fetched weather for Galgahévíz: 21.3°C, Clouds, humidity: 51%
2026-09-27 09:30:37,643 - root - INFO - [290/1205] Fetching weather for Tura...
2026-09-27 09:30:37,803 - root - INFO - Fetched weather for Tura: 21.3°C, Clouds, humidity: 51%
2026-09-27 09:30:38,905 - root - INFO - [291/1205] Fetching weather for Hatvan...
2026-09-27 09:30:39,066 - root - INFO - Fetched weather for Hatvan: 21.3°C, Clouds, humidity: 48%
2026-09-27 09:30:40,167 - root - INFO - [292/1205] Fetching weather for Vámosgyörk...
2026-09-27 09:30:40,327 - root - INFO - Fetched weather for Vámosgyörk: 23.3°C, Clear, humidity: 48%
2026-09-27 09:30:41,429 - root - INFO - [293/1205] Fetching weather for Adács...
2026-09-27 09:30:41,594 - root - INFO - Fetched weather for Adács: 23.2°C, Clear, humidity: 47%
2026-09-27 09:30:42,696 - root - INFO - [294/1205] Fetching weather for Karácsond...
2026-09-27 09:30:42,851 - root - INFO - Fetched weather for Karácsond: 23.2°C, Clear, humidity: 42%
2026-09-27 09:30:43,952 - root - INFO - [295/1205] Fetching weather for Ludas...
2026-09-27 09:30:44,115 - root - INFO - Fetched weather for Ludas: 23.2°C, Clear, humidity: 42%
2026-09-27 09:30:45,217 - root - INFO - [296/1205] Fetching weather for Nagyút...
2026-09-27 09:30:45,380 - root - INFO - Fetched weather for Nagyút: 23.2°C, Clear, humidity: 42%
2026-09-27 09:30:46,482 - root - INFO - [297/1205] Fetching weather for Kál-Kápolna...
2026-09-27 09:30:46,642 - root - INFO - Fetched weather for Kál-Kápolna: 23.2°C, Clear, humidity: 47%
2026-09-27 09:30:47,744 - root - INFO - [298/1205] Fetching weather for Füzesabony...
2026-09-27 09:30:47,905 - root - INFO - Fetched weather for Füzesabony: 21.1°C, Clear, humidity: 48%
2026-09-27 09:30:49,007 - root - INFO - [299/1205] Fetching weather for Szihalom...
2026-09-27 09:30:49,166 - root - INFO - Fetched weather for Szihalom: 21.3°C, Clear, humidity: 49%
2026-09-27 09:30:50,267 - root - INFO - [300/1205] Fetching weather for Mezőkövesd...
2026-09-27 09:30:50,428 - root - INFO - Fetched weather for Mezőkövesd: 21.3°C, Clear, humidity: 50%
2026-09-27 09:30:51,530 - root - INFO - [301/1205] Fetching weather for Mezőkövesd felső...
2026-09-27 09:30:51,688 - root - INFO - Fetched weather for Mezőkövesd felső: 21.3°C, Clear, humidity: 50%
2026-09-27 09:30:52,790 - root - INFO - [302/1205] Fetching weather for Mezőkeresztes-Mezőnyárád...
2026-09-27 09:30:52,959 - root - INFO - Fetched weather for Mezőkeresztes-Mezőnyárád: 21.2°C, Clear, humidity: 47%
2026-09-27 09:30:54,061 - root - INFO - [303/1205] Fetching weather for Csincse...
2026-09-27 09:30:54,220 - root - INFO - Fetched weather for Csincse: 21.2°C, Clear, humidity: 47%
2026-09-27 09:30:55,322 - root - INFO - [304/1205] Fetching weather for Emőd...
2026-09-27 09:30:55,482 - root - INFO - Fetched weather for Emőd: 21.1°C, Clear, humidity: 54%
2026-09-27 09:30:56,584 - root - INFO - [305/1205] Fetching weather for Nyékládháza...
2026-09-27 09:30:56,749 - root - INFO - Fetched weather for Nyékládháza: 21.1°C, Clouds, humidity: 55%
2026-09-27 09:30:57,851 - root - INFO - [306/1205] Fetching weather for Miskolc-Tiszai...
2026-09-27 09:30:58,014 - root - INFO - Fetched weather for Miskolc-Tiszai: 20.6°C, Clouds, humidity: 59%
2026-09-27 09:30:59,115 - root - INFO - [307/1205] Fetching weather for Felsőzsolca...
2026-09-27 09:30:59,295 - root - INFO - Fetched weather for Felsőzsolca: 20.8°C, Clouds, humidity: 58%
2026-09-27 09:31:00,397 - root - INFO - [308/1205] Fetching weather for Hernádnémeti-Bőcs...
2026-09-27 09:31:00,558 - root - INFO - Fetched weather for Hernádnémeti-Bőcs: 22.6°C, Clouds, humidity: 48%
2026-09-27 09:31:01,660 - root - INFO - [309/1205] Fetching weather for Tiszalúc...
2026-09-27 09:31:01,819 - root - INFO - Fetched weather for Tiszalúc: 21.2°C, Clouds, humidity: 51%
2026-09-27 09:31:02,920 - root - INFO - [310/1205] Fetching weather for Taktaharkány...
2026-09-27 09:31:03,085 - root - INFO - Fetched weather for Taktaharkány: 22.8°C, Clouds, humidity: 48%
2026-09-27 09:31:04,187 - root - INFO - [311/1205] Fetching weather for Taktaszada...
2026-09-27 09:31:04,350 - root - INFO - Fetched weather for Taktaszada: 21.0°C, Clouds, humidity: 43%
2026-09-27 09:31:05,452 - root - INFO - [312/1205] Fetching weather for Szerencs...
2026-09-27 09:31:05,612 - root - INFO - Fetched weather for Szerencs: 21.0°C, Clouds, humidity: 43%
2026-09-27 09:31:06,713 - root - INFO - [313/1205] Fetching weather for Mezőzombor...
2026-09-27 09:31:06,873 - root - INFO - Fetched weather for Mezőzombor: 21.0°C, Clouds, humidity: 43%
2026-09-27 09:31:07,974 - root - INFO - [314/1205] Fetching weather for Tarcal...
2026-09-27 09:31:08,133 - root - INFO - Fetched weather for Tarcal: 21.0°C, Clouds, humidity: 43%
2026-09-27 09:31:09,235 - root - INFO - [315/1205] Fetching weather for Tokaj...
2026-09-27 09:31:09,393 - root - INFO - Fetched weather for Tokaj: 20.9°C, Clouds, humidity: 43%
2026-09-27 09:31:10,494 - root - INFO - [316/1205] Fetching weather for Rakamaz...
2026-09-27 09:31:10,649 - root - INFO - Fetched weather for Rakamaz: 20.9°C, Clouds, humidity: 43%
2026-09-27 09:31:11,750 - root - INFO - [317/1205] Fetching weather for Görögszállás...
2026-09-27 09:31:11,912 - root - INFO - Fetched weather for Görögszállás: 20.9°C, Clouds, humidity: 43%
2026-09-27 09:31:13,014 - root - INFO - [318/1205] Fetching weather for Nyírtelek...
2026-09-27 09:31:13,175 - root - INFO - Fetched weather for Nyírtelek: 20.9°C, Clouds, humidity: 55%
2026-09-27 09:31:14,277 - root - INFO - [319/1205] Fetching weather for Rákoshegy...
2026-09-27 09:31:14,438 - root - INFO - Fetched weather for Rákoshegy: 20.6°C, Clouds, humidity: 49%
2026-09-27 09:31:15,540 - root - INFO - [320/1205] Fetching weather for Ecser...
2026-09-27 09:31:15,700 - root - INFO - Fetched weather for Ecser: 20.4°C, Clouds, humidity: 50%
2026-09-27 09:31:16,801 - root - INFO - [321/1205] Fetching weather for Maglód...
2026-09-27 09:31:16,957 - root - INFO - Fetched weather for Maglód: 20.4°C, Clouds, humidity: 50%
2026-09-27 09:31:18,059 - root - INFO - [322/1205] Fetching weather for Maglódi nyaraló...
2026-09-27 09:31:18,216 - root - INFO - Fetched weather for Maglódi nyaraló: 20.4°C, Clouds, humidity: 50%
2026-09-27 09:31:19,318 - root - INFO - [323/1205] Fetching weather for Gyömrő...
2026-09-27 09:31:19,477 - root - INFO - Fetched weather for Gyömrő: 20.4°C, Clouds, humidity: 50%
2026-09-27 09:31:20,579 - root - INFO - [324/1205] Fetching weather for Mende...
2026-09-27 09:31:20,738 - root - INFO - Fetched weather for Mende: 20.4°C, Clouds, humidity: 50%
2026-09-27 09:31:21,839 - root - INFO - [325/1205] Fetching weather for Szőlősnyaraló...
2026-09-27 09:31:21,995 - root - INFO - Fetched weather for Szőlősnyaraló: 21.1°C, Clouds, humidity: 51%
2026-09-27 09:31:23,097 - root - INFO - [326/1205] Fetching weather for Sülysáp...
2026-09-27 09:31:23,254 - root - INFO - Fetched weather for Sülysáp: 21.1°C, Clouds, humidity: 51%
2026-09-27 09:31:24,356 - root - INFO - [327/1205] Fetching weather for Tápiószecső...
2026-09-27 09:31:24,512 - root - INFO - Fetched weather for Tápiószecső: 21.2°C, Clouds, humidity: 51%
2026-09-27 09:31:25,614 - root - INFO - [328/1205] Fetching weather for Szentmártonkáta...
2026-09-27 09:31:25,776 - root - INFO - Fetched weather for Szentmártonkáta: 23.7°C, Clouds, humidity: 42%
2026-09-27 09:31:26,877 - root - INFO - [329/1205] Fetching weather for Nagykáta...
2026-09-27 09:31:27,037 - root - INFO - Fetched weather for Nagykáta: 23.8°C, Clouds, humidity: 42%
2026-09-27 09:31:28,139 - root - INFO - [330/1205] Fetching weather for Farmos...
2026-09-27 09:31:28,299 - root - INFO - Fetched weather for Farmos: 23.9°C, Clouds, humidity: 42%
2026-09-27 09:31:29,400 - root - INFO - [331/1205] Fetching weather for Tápiószele...
2026-09-27 09:31:29,559 - root - INFO - Fetched weather for Tápiószele: 23.9°C, Clear, humidity: 42%
2026-09-27 09:31:30,661 - root - INFO - [332/1205] Fetching weather for Tápiógyörgye...
2026-09-27 09:31:30,818 - root - INFO - Fetched weather for Tápiógyörgye: 24.0°C, Clear, humidity: 42%
2026-09-27 09:31:31,919 - root - INFO - [333/1205] Fetching weather for Újszász...
2026-09-27 09:31:32,083 - root - INFO - Fetched weather for Újszász: 24.0°C, Clear, humidity: 42%
2026-09-27 09:31:33,185 - root - INFO - [334/1205] Fetching weather for Szurdokpüspöki...
2026-09-27 09:31:33,341 - root - INFO - Fetched weather for Szurdokpüspöki: 23.1°C, Clear, humidity: 47%
2026-09-27 09:31:34,442 - root - INFO - [335/1205] Fetching weather for Lőrinci...
2026-09-27 09:31:34,609 - root - INFO - Fetched weather for Lőrinci: 23.1°C, Clear, humidity: 48%
2026-09-27 09:31:35,710 - root - INFO - [336/1205] Fetching weather for Selyp...
2026-09-27 09:31:35,873 - root - INFO - Fetched weather for Selyp: 23.1°C, Clear, humidity: 47%
2026-09-27 09:31:36,974 - root - INFO - [337/1205] Fetching weather for Apc-Zagyvaszántó...
2026-09-27 09:31:37,135 - root - INFO - Fetched weather for Apc-Zagyvaszántó: 23.1°C, Clear, humidity: 47%
2026-09-27 09:31:38,237 - root - INFO - [338/1205] Fetching weather for Pásztó...
2026-09-27 09:31:38,399 - root - INFO - Fetched weather for Pásztó: 22.9°C, Clear, humidity: 47%
2026-09-27 09:31:39,501 - root - INFO - [339/1205] Fetching weather for Mátraszőlős-Hasznos...
2026-09-27 09:31:39,661 - root - INFO - Fetched weather for Mátraszőlős-Hasznos: 22.9°C, Clouds, humidity: 47%
2026-09-27 09:31:40,762 - root - INFO - [340/1205] Fetching weather for Tar...
2026-09-27 09:31:40,929 - root - INFO - Fetched weather for Tar: 22.8°C, Clouds, humidity: 47%
2026-09-27 09:31:42,031 - root - INFO - [341/1205] Fetching weather for Mátraverebély...
2026-09-27 09:31:42,188 - root - INFO - Fetched weather for Mátraverebély: 22.5°C, Clouds, humidity: 47%
2026-09-27 09:31:43,289 - root - INFO - [342/1205] Fetching weather for Nagybátony...
2026-09-27 09:31:43,456 - root - INFO - Fetched weather for Nagybátony: 22.7°C, Clouds, humidity: 42%
2026-09-27 09:31:44,558 - root - INFO - [343/1205] Fetching weather for Kisterenye...
2026-09-27 09:31:44,714 - root - INFO - Fetched weather for Kisterenye: 22.7°C, Clouds, humidity: 46%
2026-09-27 09:31:45,816 - root - INFO - [344/1205] Fetching weather for Kisterenye-Bányatelep...
2026-09-27 09:31:45,975 - root - INFO - Fetched weather for Kisterenye-Bányatelep: 22.7°C, Clouds, humidity: 46%
2026-09-27 09:31:47,077 - root - INFO - [345/1205] Fetching weather for Salgótarján külső...
2026-09-27 09:31:47,239 - root - INFO - Fetched weather for Salgótarján külső: 21.7°C, Clouds, humidity: 46%
2026-09-27 09:31:48,340 - root - INFO - [346/1205] Fetching weather for Balatonfenyves GV...
2026-09-27 09:31:48,504 - root - INFO - Fetched weather for Balatonfenyves GV: 17.1°C, Clouds, humidity: 57%
2026-09-27 09:31:49,606 - root - INFO - [347/1205] Fetching weather for Várhegyalja...
2026-09-27 09:31:49,771 - root - INFO - Fetched weather for Várhegyalja: 20.0°C, Clouds, humidity: 49%
2026-09-27 09:31:50,873 - root - INFO - [348/1205] Fetching weather for Imremajor...
2026-09-27 09:31:51,036 - root - INFO - Fetched weather for Imremajor: 17.1°C, Clouds, humidity: 56%
2026-09-27 09:31:52,137 - root - INFO - [349/1205] Fetching weather for Rákospalota-Kertváros...
2026-09-27 09:31:52,300 - root - INFO - Fetched weather for Rákospalota-Kertváros: 21.0°C, Clouds, humidity: 49%
2026-09-27 09:31:53,401 - root - INFO - [350/1205] Fetching weather for Vicziántelep...
2026-09-27 09:31:53,558 - root - INFO - Fetched weather for Vicziántelep: 20.5°C, Clouds, humidity: 51%
2026-09-27 09:31:54,660 - root - INFO - [351/1205] Fetching weather for Pálmajor...
2026-09-27 09:31:54,824 - root - INFO - Fetched weather for Pálmajor: 17.1°C, Clouds, humidity: 55%
2026-09-27 09:31:55,925 - root - INFO - [352/1205] Fetching weather for Somogyszentpál felső...
2026-09-27 09:31:56,083 - root - INFO - Fetched weather for Somogyszentpál felső: 17.1°C, Clouds, humidity: 54%
2026-09-27 09:31:57,184 - root - INFO - [353/1205] Fetching weather for Somogyszentpál...
2026-09-27 09:31:57,346 - root - INFO - Fetched weather for Somogyszentpál: 17.1°C, Clouds, humidity: 53%
2026-09-27 09:31:58,448 - root - INFO - [354/1205] Fetching weather for Rudnaykert...
2026-09-27 09:31:58,618 - root - INFO - Fetched weather for Rudnaykert: 20.7°C, Clouds, humidity: 47%
2026-09-27 09:31:59,720 - root - INFO - [355/1205] Fetching weather for Maroshegy...
2026-09-27 09:31:59,882 - root - INFO - Fetched weather for Maroshegy: 21.0°C, Clouds, humidity: 50%
2026-09-27 09:32:00,984 - root - INFO - [356/1205] Fetching weather for Bánhida...
2026-09-27 09:32:01,143 - root - INFO - Fetched weather for Bánhida: 20.3°C, Clouds, humidity: 48%
2026-09-27 09:32:02,245 - root - INFO - [357/1205] Fetching weather for Magyarkút...
2026-09-27 09:32:02,410 - root - INFO - Fetched weather for Magyarkút: 20.9°C, Clouds, humidity: 52%
2026-09-27 09:32:03,512 - root - INFO - [358/1205] Fetching weather for Becske alsó...
2026-09-27 09:32:03,669 - root - INFO - Fetched weather for Becske alsó: 20.8°C, Clouds, humidity: 52%
2026-09-27 09:32:04,770 - root - INFO - [359/1205] Fetching weather for Hosszúberek-Péteri...
2026-09-27 09:32:04,935 - root - INFO - Fetched weather for Hosszúberek-Péteri: 20.5°C, Clouds, humidity: 50%
2026-09-27 09:32:06,037 - root - INFO - [360/1205] Fetching weather for Monorierdő...
2026-09-27 09:32:06,193 - root - INFO - Fetched weather for Monorierdő: 20.0°C, Clouds, humidity: 49%
2026-09-27 09:32:07,295 - root - INFO - [361/1205] Fetching weather for Ceglédbercel...
2026-09-27 09:32:07,456 - root - INFO - Fetched weather for Ceglédbercel: 23.8°C, Clear, humidity: 42%
2026-09-27 09:32:08,558 - root - INFO - [362/1205] Fetching weather for Budai út...
2026-09-27 09:32:08,720 - root - INFO - Fetched weather for Budai út: 23.8°C, Clear, humidity: 42%
2026-09-27 09:32:09,821 - root - INFO - [363/1205] Fetching weather for Büdöskútpuszta...
2026-09-27 09:32:09,981 - root - INFO - Fetched weather for Büdöskútpuszta: 20.2°C, Clouds, humidity: 52%
2026-09-27 09:32:11,083 - root - INFO - [364/1205] Fetching weather for Bánrévei Vízmű...
2026-09-27 09:32:11,249 - root - INFO - Fetched weather for Bánrévei Vízmű: 18.9°C, Clouds, humidity: 51%
2026-09-27 09:32:12,351 - root - INFO - [365/1205] Fetching weather for Rákoskert...
2026-09-27 09:32:12,515 - root - INFO - Fetched weather for Rákoskert: 20.2°C, Clouds, humidity: 49%
2026-09-27 09:32:13,617 - root - INFO - [366/1205] Fetching weather for Szirmabesenyő...
2026-09-27 09:32:13,772 - root - INFO - Fetched weather for Szirmabesenyő: 20.3°C, Clouds, humidity: 68%
2026-09-27 09:32:14,873 - root - INFO - [367/1205] Fetching weather for Kitérőgyár...
2026-09-27 09:32:15,037 - root - INFO - Fetched weather for Kitérőgyár: 22.9°C, Clouds, humidity: 42%
2026-09-27 09:32:16,139 - root - INFO - [368/1205] Fetching weather for Tápiószentmárton...
2026-09-27 09:32:16,299 - root - INFO - Fetched weather for Tápiószentmárton: 23.9°C, Clouds, humidity: 42%
2026-09-27 09:32:17,401 - root - INFO - [369/1205] Fetching weather for Zagyvarékas...
2026-09-27 09:32:17,560 - root - INFO - Fetched weather for Zagyvarékas: 20.9°C, Clear, humidity: 49%
2026-09-27 09:32:18,662 - root - INFO - [370/1205] Fetching weather for Abonyi út...
2026-09-27 09:32:18,823 - root - INFO - Fetched weather for Abonyi út: 20.9°C, Clear, humidity: 49%
2026-09-27 09:32:19,924 - root - INFO - [371/1205] Fetching weather for Jászkisér felső...
2026-09-27 09:32:20,079 - root - INFO - Fetched weather for Jászkisér felső: 22.2°C, Clear, humidity: 47%
2026-09-27 09:32:21,181 - root - INFO - [372/1205] Fetching weather for Szellőhát...
2026-09-27 09:32:21,347 - root - INFO - Fetched weather for Szellőhát: 24.0°C, Clear, humidity: 47%
2026-09-27 09:32:22,449 - root - INFO - [373/1205] Fetching weather for Szilvásvárad-Szalajkavölgy...
2026-09-27 09:32:22,608 - root - INFO - Fetched weather for Szilvásvárad-Szalajkavölgy: 17.7°C, Clouds, humidity: 51%
2026-09-27 09:32:23,709 - root - INFO - [374/1205] Fetching weather for Vásárosnamény külső...
2026-09-27 09:32:23,871 - root - INFO - Fetched weather for Vásárosnamény külső: 19.9°C, Clouds, humidity: 55%
2026-09-27 09:32:24,972 - root - INFO - [375/1205] Fetching weather for Újváros...
2026-09-27 09:32:25,128 - root - INFO - Fetched weather for Újváros: 18.9°C, Clouds, humidity: 51%
2026-09-27 09:32:26,230 - root - INFO - [376/1205] Fetching weather for Városi park...
2026-09-27 09:32:26,389 - root - INFO - Fetched weather for Városi park: 23.3°C, Clear, humidity: 44%
2026-09-27 09:32:27,491 - root - INFO - [377/1205] Fetching weather for Belsőkamaráspuszta...
2026-09-27 09:32:27,650 - root - INFO - Fetched weather for Belsőkamaráspuszta: 21.7°C, Clouds, humidity: 41%
2026-09-27 09:32:28,752 - root - INFO - [378/1205] Fetching weather for Sajószöged...
2026-09-27 09:32:28,912 - root - INFO - Fetched weather for Sajószöged: 22.6°C, Clouds, humidity: 48%
2026-09-27 09:32:30,014 - root - INFO - [379/1205] Fetching weather for Kazincbarcika alsó...
2026-09-27 09:32:30,178 - root - INFO - Fetched weather for Kazincbarcika alsó: 20.2°C, Clouds, humidity: 51%
2026-09-27 09:32:31,280 - root - INFO - [380/1205] Fetching weather for Nyárjas...
2026-09-27 09:32:31,442 - root - INFO - Fetched weather for Nyárjas: 21.4°C, Clear, humidity: 43%
2026-09-27 09:32:32,543 - root - INFO - [381/1205] Fetching weather for Pogonyipuszta...
2026-09-27 09:32:32,705 - root - INFO - Fetched weather for Pogonyipuszta: 18.9°C, Clouds, humidity: 51%
2026-09-27 09:32:33,806 - root - INFO - [382/1205] Fetching weather for Sióvölgy...
2026-09-27 09:32:33,965 - root - INFO - Fetched weather for Sióvölgy: 22.2°C, Clouds, humidity: 80%
2026-09-27 09:32:35,066 - root - INFO - [383/1205] Fetching weather for Répáspuszta...
2026-09-27 09:32:35,231 - root - INFO - Fetched weather for Répáspuszta: 20.8°C, Clouds, humidity: 51%
2026-09-27 09:32:36,333 - root - INFO - [384/1205] Fetching weather for Virányos...
2026-09-27 09:32:36,490 - root - INFO - Fetched weather for Virányos: 20.9°C, Clouds, humidity: 43%
2026-09-27 09:32:37,592 - root - INFO - [385/1205] Fetching weather for Füzesbokor...
2026-09-27 09:32:37,753 - root - INFO - Fetched weather for Füzesbokor: 20.9°C, Clouds, humidity: 54%
2026-09-27 09:32:38,855 - root - INFO - [386/1205] Fetching weather for Kunfehértó...
2026-09-27 09:32:39,017 - root - INFO - Fetched weather for Kunfehértó: 21.8°C, Clouds, humidity: 42%
2026-09-27 09:32:40,119 - root - INFO - [387/1205] Fetching weather for Erdőszél...
2026-09-27 09:32:40,283 - root - INFO - Fetched weather for Erdőszél: 21.7°C, Clouds, humidity: 42%
2026-09-27 09:32:41,385 - root - INFO - [388/1205] Fetching weather for Jánoshalma...
2026-09-27 09:32:41,542 - root - INFO - Fetched weather for Jánoshalma: 21.8°C, Clear, humidity: 43%
2026-09-27 09:32:42,643 - root - INFO - [389/1205] Fetching weather for Mélykút...
2026-09-27 09:32:42,808 - root - INFO - Fetched weather for Mélykút: 21.8°C, Clear, humidity: 44%
2026-09-27 09:32:43,909 - root - INFO - [390/1205] Fetching weather for Bácsalmás...
2026-09-27 09:32:44,072 - root - INFO - Fetched weather for Bácsalmás: 21.0°C, Clouds, humidity: 45%
2026-09-27 09:32:45,174 - root - INFO - [391/1205] Fetching weather for Almás...
2026-09-27 09:32:45,332 - root - INFO - Fetched weather for Almás: 21.1°C, Clouds, humidity: 45%
2026-09-27 09:32:46,433 - root - INFO - [392/1205] Fetching weather for Bácsbokod-Bácsborsód...
2026-09-27 09:32:46,593 - root - INFO - Fetched weather for Bácsbokod-Bácsborsód: 21.1°C, Clouds, humidity: 43%
2026-09-27 09:32:47,695 - root - INFO - [393/1205] Fetching weather for Baja...
2026-09-27 09:32:47,855 - root - INFO - Fetched weather for Baja: 21.2°C, Clouds, humidity: 43%
2026-09-27 09:32:48,956 - root - INFO - [394/1205] Fetching weather for Harkakötöny...
2026-09-27 09:32:49,111 - root - INFO - Fetched weather for Harkakötöny: 21.5°C, Clouds, humidity: 43%
2026-09-27 09:32:50,212 - root - INFO - [395/1205] Fetching weather for Tajó...
2026-09-27 09:32:50,374 - root - INFO - Fetched weather for Tajó: 21.6°C, Clouds, humidity: 44%
2026-09-27 09:32:51,475 - root - INFO - [396/1205] Fetching weather for Kiskunmajsa...
2026-09-27 09:32:51,640 - root - INFO - Fetched weather for Kiskunmajsa: 21.6°C, Clouds, humidity: 44%
2026-09-27 09:32:52,742 - root - INFO - [397/1205] Fetching weather for Jászszentlászló...
2026-09-27 09:32:52,907 - root - INFO - Fetched weather for Jászszentlászló: 23.3°C, Clouds, humidity: 44%
2026-09-27 09:32:54,009 - root - INFO - [398/1205] Fetching weather for Galambos...
2026-09-27 09:32:54,164 - root - INFO - Fetched weather for Galambos: 23.3°C, Clouds, humidity: 44%
2026-09-27 09:32:55,265 - root - INFO - [399/1205] Fetching weather for Pestszentimre...
2026-09-27 09:32:55,435 - root - INFO - Fetched weather for Pestszentimre: 21.4°C, Clouds, humidity: 46%
2026-09-27 09:32:56,537 - root - INFO - [400/1205] Fetching weather for Gyál felső...
2026-09-27 09:32:56,692 - root - INFO - Fetched weather for Gyál felső: 21.4°C, Clouds, humidity: 45%
2026-09-27 09:32:57,794 - root - INFO - [401/1205] Fetching weather for Gyál...
2026-09-27 09:32:57,949 - root - INFO - Fetched weather for Gyál: 21.3°C, Clouds, humidity: 44%
2026-09-27 09:32:59,050 - root - INFO - [402/1205] Fetching weather for Ócsa...
2026-09-27 09:32:59,203 - root - INFO - Fetched weather for Ócsa: 21.3°C, Clouds, humidity: 43%
2026-09-27 09:33:00,305 - root - INFO - [403/1205] Fetching weather for Inárcs-Kakucs...
2026-09-27 09:33:00,463 - root - INFO - Fetched weather for Inárcs-Kakucs: 21.2°C, Clouds, humidity: 49%
2026-09-27 09:33:01,565 - root - INFO - [404/1205] Fetching weather for Dabas...
2026-09-27 09:33:01,720 - root - INFO - Fetched weather for Dabas: 21.2°C, Clouds, humidity: 50%
2026-09-27 09:33:02,822 - root - INFO - [405/1205] Fetching weather for Gyón...
2026-09-27 09:33:02,981 - root - INFO - Fetched weather for Gyón: 21.2°C, Clouds, humidity: 50%
2026-09-27 09:33:04,083 - root - INFO - [406/1205] Fetching weather for Hernád...
2026-09-27 09:33:04,246 - root - INFO - Fetched weather for Hernád: 21.4°C, Clouds, humidity: 49%
2026-09-27 09:33:05,348 - root - INFO - [407/1205] Fetching weather for Bakonygyirót...
2026-09-27 09:33:05,514 - root - INFO - Fetched weather for Bakonygyirót: 20.9°C, Clouds, humidity: 49%
2026-09-27 09:33:06,615 - root - INFO - [408/1205] Fetching weather for Vinye...
2026-09-27 09:33:06,773 - root - INFO - Fetched weather for Vinye: 20.1°C, Clouds, humidity: 49%
2026-09-27 09:33:07,875 - root - INFO - [409/1205] Fetching weather for Nemesgörzsöny...
2026-09-27 09:33:08,034 - root - INFO - Fetched weather for Nemesgörzsöny: 21.2°C, Clouds, humidity: 46%
2026-09-27 09:33:09,135 - root - INFO - [410/1205] Fetching weather for Rábahíd...
2026-09-27 09:33:09,298 - root - INFO - Fetched weather for Rábahíd: 21.1°C, Clouds, humidity: 46%
2026-09-27 09:33:10,400 - root - INFO - [411/1205] Fetching weather for Öskü...
2026-09-27 09:33:10,563 - root - INFO - Fetched weather for Öskü: 21.9°C, Clouds, humidity: 52%
2026-09-27 09:33:11,664 - root - INFO - [412/1205] Fetching weather for Márkó...
2026-09-27 09:33:11,826 - root - INFO - Fetched weather for Márkó: 22.1°C, Clouds, humidity: 40%
2026-09-27 09:33:12,928 - root - INFO - [413/1205] Fetching weather for Nemeskocs...
2026-09-27 09:33:13,094 - root - INFO - Fetched weather for Nemeskocs: 21.1°C, Clouds, humidity: 52%
2026-09-27 09:33:14,196 - root - INFO - [414/1205] Fetching weather for Zalagyömörő...
2026-09-27 09:33:14,355 - root - INFO - Fetched weather for Zalagyömörő: 20.3°C, Clouds, humidity: 53%
2026-09-27 09:33:15,457 - root - INFO - [415/1205] Fetching weather for Rigács...
2026-09-27 09:33:15,619 - root - INFO - Fetched weather for Rigács: 20.2°C, Clouds, humidity: 53%
2026-09-27 09:33:16,721 - root - INFO - [416/1205] Fetching weather for Kemenespálfa...
2026-09-27 09:33:16,878 - root - INFO - Fetched weather for Kemenespálfa: 20.2°C, Clouds, humidity: 53%
2026-09-27 09:33:17,979 - root - INFO - [417/1205] Fetching weather for Lentiszombathely...
2026-09-27 09:33:18,138 - root - INFO - Fetched weather for Lentiszombathely: 22.2°C, Clouds, humidity: 52%
2026-09-27 09:33:19,239 - root - INFO - [418/1205] Fetching weather for Ortaháza...
2026-09-27 09:33:19,401 - root - INFO - Fetched weather for Ortaháza: 20.4°C, Clouds, humidity: 52%
2026-09-27 09:33:20,503 - root - INFO - [419/1205] Fetching weather for Rádiháza...
2026-09-27 09:33:20,668 - root - INFO - Fetched weather for Rádiháza: 20.3°C, Clouds, humidity: 52%
2026-09-27 09:33:21,770 - root - INFO - [420/1205] Fetching weather for Baktüttös...
2026-09-27 09:33:21,937 - root - INFO - Fetched weather for Baktüttös: 18.6°C, Clouds, humidity: 52%
2026-09-27 09:33:23,038 - root - INFO - [421/1205] Fetching weather for Budafa...
2026-09-27 09:33:23,198 - root - INFO - Fetched weather for Budafa: 20.1°C, Clouds, humidity: 54%
2026-09-27 09:33:24,300 - root - INFO - [422/1205] Fetching weather for Zalapatakalja...
2026-09-27 09:33:24,458 - root - INFO - Fetched weather for Zalapatakalja: 20.1°C, Clouds, humidity: 54%
2026-09-27 09:33:25,559 - root - INFO - [423/1205] Fetching weather for Tormásliget...
2026-09-27 09:33:25,715 - root - INFO - Fetched weather for Tormásliget: 20.9°C, Clouds, humidity: 55%
2026-09-27 09:33:26,817 - root - INFO - [424/1205] Fetching weather for Belecska...
2026-09-27 09:33:26,978 - root - INFO - Fetched weather for Belecska: 21.4°C, Clouds, humidity: 50%
2026-09-27 09:33:28,080 - root - INFO - [425/1205] Fetching weather for Almár...
2026-09-27 09:33:28,240 - root - INFO - Fetched weather for Almár: 21.8°C, Clouds, humidity: 28%
2026-09-27 09:33:29,342 - root - INFO - [426/1205] Fetching weather for Vasútmúzeum...
2026-09-27 09:33:29,499 - root - INFO - Fetched weather for Vasútmúzeum: 21.1°C, Clouds, humidity: 49%
2026-09-27 09:33:30,601 - root - INFO - [427/1205] Fetching weather for Abda...
2026-09-27 09:33:30,761 - root - INFO - Fetched weather for Abda: 22.5°C, Clouds, humidity: 51%
2026-09-27 09:33:31,862 - root - INFO - [428/1205] Fetching weather for Vadaspark...
2026-09-27 09:33:32,029 - root - INFO - Fetched weather for Vadaspark: 19.4°C, Clouds, humidity: 49%
2026-09-27 09:33:33,130 - root - INFO - [429/1205] Fetching weather for Barosstelep...
2026-09-27 09:33:33,290 - root - INFO - Fetched weather for Barosstelep: 21.8°C, Clouds, humidity: 46%
2026-09-27 09:33:34,392 - root - INFO - [430/1205] Fetching weather for Fegyvernek-Örményes...
2026-09-27 09:33:34,550 - root - INFO - Fetched weather for Fegyvernek-Örményes: 21.0°C, Clear, humidity: 45%
2026-09-27 09:33:35,652 - root - INFO - [431/1205] Fetching weather for Zagyvapálfalva...
2026-09-27 09:33:35,811 - root - INFO - Fetched weather for Zagyvapálfalva: 22.4°C, Clouds, humidity: 46%
2026-09-27 09:33:36,913 - root - INFO - [432/1205] Fetching weather for Salgótarján...
2026-09-27 09:33:37,072 - root - INFO - Fetched weather for Salgótarján: 21.6°C, Clouds, humidity: 47%
2026-09-27 09:33:38,174 - root - INFO - [433/1205] Fetching weather for Szabadisóstó...
2026-09-27 09:33:38,335 - root - INFO - Fetched weather for Szabadisóstó: 22.2°C, Clouds, humidity: 80%
2026-09-27 09:33:39,437 - root - INFO - [434/1205] Fetching weather for Siófok...
2026-09-27 09:33:39,596 - root - INFO - Fetched weather for Siófok: 22.2°C, Clouds, humidity: 80%
2026-09-27 09:33:40,697 - root - INFO - [435/1205] Fetching weather for Balatonszéplak felső...
2026-09-27 09:33:40,858 - root - INFO - Fetched weather for Balatonszéplak felső: 22.2°C, Clouds, humidity: 80%
2026-09-27 09:33:41,960 - root - INFO - [436/1205] Fetching weather for Balatonszéplak alsó...
2026-09-27 09:33:42,120 - root - INFO - Fetched weather for Balatonszéplak alsó: 22.2°C, Clouds, humidity: 80%
2026-09-27 09:33:43,222 - root - INFO - [437/1205] Fetching weather for Zamárdi felső...
2026-09-27 09:33:43,384 - root - INFO - Fetched weather for Zamárdi felső: 22.2°C, Clouds, humidity: 80%
2026-09-27 09:33:44,486 - root - INFO - [438/1205] Fetching weather for Zamárdi...
2026-09-27 09:33:44,651 - root - INFO - Fetched weather for Zamárdi: 22.1°C, Clouds, humidity: 80%
2026-09-27 09:33:45,752 - root - INFO - [439/1205] Fetching weather for Szántód...
2026-09-27 09:33:45,909 - root - INFO - Fetched weather for Szántód: 22.2°C, Clouds, humidity: 80%
2026-09-27 09:33:47,011 - root - INFO - [440/1205] Fetching weather for Szőny-Déli...
2026-09-27 09:33:47,177 - root - INFO - Fetched weather for Szőny-Déli: 21.1°C, Clouds, humidity: 50%
2026-09-27 09:33:48,278 - root - INFO - [441/1205] Fetching weather for Várpalota...
2026-09-27 09:33:48,439 - root - INFO - Fetched weather for Várpalota: 20.1°C, Clouds, humidity: 51%
2026-09-27 09:33:49,541 - root - INFO - [442/1205] Fetching weather for Pétfürdő...
2026-09-27 09:33:49,700 - root - INFO - Fetched weather for Pétfürdő: 22.0°C, Clouds, humidity: 51%
2026-09-27 09:33:50,801 - root - INFO - [443/1205] Fetching weather for Hajmáskér...
2026-09-27 09:33:50,954 - root - INFO - Fetched weather for Hajmáskér: 21.8°C, Clouds, humidity: 52%
2026-09-27 09:33:52,055 - root - INFO - [444/1205] Fetching weather for Veszprém...
2026-09-27 09:33:52,218 - root - INFO - Fetched weather for Veszprém: 22.6°C, Clouds, humidity: 40%
2026-09-27 09:33:53,320 - root - INFO - [445/1205] Fetching weather for Herend...
2026-09-27 09:33:53,481 - root - INFO - Fetched weather for Herend: 21.8°C, Clouds, humidity: 40%
2026-09-27 09:33:54,583 - root - INFO - [446/1205] Fetching weather for Városlőd...
2026-09-27 09:33:54,743 - root - INFO - Fetched weather for Városlőd: 22.0°C, Clouds, humidity: 40%
2026-09-27 09:33:55,844 - root - INFO - [447/1205] Fetching weather for Városlőd-Kislőd...
2026-09-27 09:33:56,007 - root - INFO - Fetched weather for Városlőd-Kislőd: 22.1°C, Clouds, humidity: 40%
2026-09-27 09:33:57,109 - root - INFO - [448/1205] Fetching weather for Ajka...
2026-09-27 09:33:57,268 - root - INFO - Fetched weather for Ajka: 22.4°C, Clouds, humidity: 40%
2026-09-27 09:33:58,370 - root - INFO - [449/1205] Fetching weather for Ajka-Gyártelep...
2026-09-27 09:33:58,524 - root - INFO - Fetched weather for Ajka-Gyártelep: 22.4°C, Clouds, humidity: 40%
2026-09-27 09:33:59,625 - root - INFO - [450/1205] Fetching weather for Devecser...
2026-09-27 09:33:59,785 - root - INFO - Fetched weather for Devecser: 22.9°C, Clouds, humidity: 40%
2026-09-27 09:34:00,887 - root - INFO - [451/1205] Fetching weather for Somlóvásárhely...
2026-09-27 09:34:01,047 - root - INFO - Fetched weather for Somlóvásárhely: 23.0°C, Clouds, humidity: 52%
2026-09-27 09:34:02,149 - root - INFO - [452/1205] Fetching weather for Tüskevár...
2026-09-27 09:34:02,306 - root - INFO - Fetched weather for Tüskevár: 23.0°C, Clouds, humidity: 52%
2026-09-27 09:34:03,408 - root - INFO - [453/1205] Fetching weather for Karakószörcsök...
2026-09-27 09:34:03,569 - root - INFO - Fetched weather for Karakószörcsök: 20.3°C, Clouds, humidity: 52%
2026-09-27 09:34:04,670 - root - INFO - [454/1205] Fetching weather for Kerta...
2026-09-27 09:34:04,826 - root - INFO - Fetched weather for Kerta: 20.3°C, Clouds, humidity: 52%
2026-09-27 09:34:05,928 - root - INFO - [455/1205] Fetching weather for Boba...
2026-09-27 09:34:06,088 - root - INFO - Fetched weather for Boba: 20.2°C, Clouds, humidity: 52%
2026-09-27 09:34:07,189 - root - INFO - [456/1205] Fetching weather for Börgönd...
2026-09-27 09:34:07,348 - root - INFO - Fetched weather for Börgönd: 21.0°C, Clouds, humidity: 49%
2026-09-27 09:34:08,450 - root - INFO - [457/1205] Fetching weather for Belsőbáránd...
2026-09-27 09:34:08,611 - root - INFO - Fetched weather for Belsőbáránd: 21.0°C, Clouds, humidity: 49%
2026-09-27 09:34:09,712 - root - INFO - [458/1205] Fetching weather for Zichyújfalu...
2026-09-27 09:34:09,872 - root - INFO - Fetched weather for Zichyújfalu: 21.1°C, Clouds, humidity: 50%
2026-09-27 09:34:10,973 - root - INFO - [459/1205] Fetching weather for Seregélyes...
2026-09-27 09:34:11,137 - root - INFO - Fetched weather for Seregélyes: 21.2°C, Clouds, humidity: 50%
2026-09-27 09:34:12,238 - root - INFO - [460/1205] Fetching weather for Polgárdi-Ipartelepek...
2026-09-27 09:34:12,399 - root - INFO - Fetched weather for Polgárdi-Ipartelepek: 21.8°C, Clouds, humidity: 51%
2026-09-27 09:34:13,500 - root - INFO - [461/1205] Fetching weather for Polgárdi...
2026-09-27 09:34:13,659 - root - INFO - Fetched weather for Polgárdi: 21.8°C, Clouds, humidity: 51%
2026-09-27 09:34:14,760 - root - INFO - [462/1205] Fetching weather for Füle...
2026-09-27 09:34:14,932 - root - INFO - Fetched weather for Füle: 21.8°C, Clouds, humidity: 52%
2026-09-27 09:34:16,034 - root - INFO - [463/1205] Fetching weather for Zánka-Erzsébettábor...
2026-09-27 09:34:16,194 - root - INFO - Fetched weather for Zánka-Erzsébettábor: 23.2°C, Clouds, humidity: 56%
2026-09-27 09:34:17,295 - root - INFO - [464/1205] Fetching weather for Csajág...
2026-09-27 09:34:17,453 - root - INFO - Fetched weather for Csajág: 22.0°C, Clouds, humidity: 80%
2026-09-27 09:34:18,555 - root - INFO - [465/1205] Fetching weather for Balatonakarattya...
2026-09-27 09:34:18,714 - root - INFO - Fetched weather for Balatonakarattya: 21.9°C, Clouds, humidity: 80%
2026-09-27 09:34:19,815 - root - INFO - [466/1205] Fetching weather for Csittényhegy...
2026-09-27 09:34:19,968 - root - INFO - Fetched weather for Csittényhegy: 22.1°C, Clouds, humidity: 80%
2026-09-27 09:34:21,070 - root - INFO - [467/1205] Fetching weather for Balatonkenese...
2026-09-27 09:34:21,230 - root - INFO - Fetched weather for Balatonkenese: 22.2°C, Clouds, humidity: 80%
2026-09-27 09:34:22,332 - root - INFO - [468/1205] Fetching weather for Balatonfűzfő...
2026-09-27 09:34:22,489 - root - INFO - Fetched weather for Balatonfűzfő: 22.2°C, Clouds, humidity: 80%
2026-09-27 09:34:23,590 - root - INFO - [469/1205] Fetching weather for Balatonalmádi...
2026-09-27 09:34:23,753 - root - INFO - Fetched weather for Balatonalmádi: 22.2°C, Clouds, humidity: 80%
2026-09-27 09:34:24,855 - root - INFO - [470/1205] Fetching weather for Káptalanfüred...
2026-09-27 09:34:25,015 - root - INFO - Fetched weather for Káptalanfüred: 22.2°C, Clouds, humidity: 80%
2026-09-27 09:34:26,117 - root - INFO - [471/1205] Fetching weather for Alsóörs...
2026-09-27 09:34:26,273 - root - INFO - Fetched weather for Alsóörs: 22.2°C, Clouds, humidity: 80%
2026-09-27 09:34:27,374 - root - INFO - [472/1205] Fetching weather for Csopak...
2026-09-27 09:34:27,529 - root - INFO - Fetched weather for Csopak: 22.1°C, Clouds, humidity: 80%
2026-09-27 09:34:28,630 - root - INFO - [473/1205] Fetching weather for Balatonarács...
2026-09-27 09:34:28,790 - root - INFO - Fetched weather for Balatonarács: 22.0°C, Clouds, humidity: 80%
2026-09-27 09:34:29,892 - root - INFO - [474/1205] Fetching weather for Balatonfüred...
2026-09-27 09:34:30,049 - root - INFO - Fetched weather for Balatonfüred: 22.0°C, Clouds, humidity: 80%
2026-09-27 09:34:31,151 - root - INFO - [475/1205] Fetching weather for Aszófő...
2026-09-27 09:34:31,311 - root - INFO - Fetched weather for Aszófő: 22.1°C, Clouds, humidity: 80%
2026-09-27 09:34:32,413 - root - INFO - [476/1205] Fetching weather for Örvényes...
2026-09-27 09:34:32,573 - root - INFO - Fetched weather for Örvényes: 22.2°C, Clouds, humidity: 80%
2026-09-27 09:34:33,674 - root - INFO - [477/1205] Fetching weather for Balatonudvari...
2026-09-27 09:34:33,838 - root - INFO - Fetched weather for Balatonudvari: 23.3°C, Clouds, humidity: 40%
2026-09-27 09:34:34,939 - root - INFO - [478/1205] Fetching weather for Fövenyes...
2026-09-27 09:34:35,098 - root - INFO - Fetched weather for Fövenyes: 23.3°C, Clouds, humidity: 53%
2026-09-27 09:34:36,200 - root - INFO - [479/1205] Fetching weather for Balatonakali-Dörgicse...
2026-09-27 09:34:36,358 - root - INFO - Fetched weather for Balatonakali-Dörgicse: 23.3°C, Clouds, humidity: 53%
2026-09-27 09:34:37,459 - root - INFO - [480/1205] Fetching weather for Zánka-Köveskál...
2026-09-27 09:34:37,617 - root - INFO - Fetched weather for Zánka-Köveskál: 23.3°C, Clouds, humidity: 55%
2026-09-27 09:34:38,718 - root - INFO - [481/1205] Fetching weather for Balatonszepezd...
2026-09-27 09:34:38,880 - root - INFO - Fetched weather for Balatonszepezd: 23.3°C, Clouds, humidity: 56%
2026-09-27 09:34:39,982 - root - INFO - [482/1205] Fetching weather for Szepezdfürdő...
2026-09-27 09:34:40,141 - root - INFO - Fetched weather for Szepezdfürdő: 23.2°C, Clouds, humidity: 56%
2026-09-27 09:34:41,243 - root - INFO - [483/1205] Fetching weather for Révfülöp...
2026-09-27 09:34:41,402 - root - INFO - Fetched weather for Révfülöp: 23.2°C, Clouds, humidity: 56%
2026-09-27 09:34:42,503 - root - INFO - [484/1205] Fetching weather for Balatonrendes...
2026-09-27 09:34:42,659 - root - INFO - Fetched weather for Balatonrendes: 23.2°C, Clouds, humidity: 55%
2026-09-27 09:34:43,761 - root - INFO - [485/1205] Fetching weather for Ábrahámhegy...
2026-09-27 09:34:43,918 - root - INFO - Fetched weather for Ábrahámhegy: 23.2°C, Clouds, humidity: 55%
2026-09-27 09:34:45,019 - root - INFO - [486/1205] Fetching weather for Badacsonyörs...
2026-09-27 09:34:45,182 - root - INFO - Fetched weather for Badacsonyörs: 23.3°C, Clouds, humidity: 55%
2026-09-27 09:34:46,283 - root - INFO - [487/1205] Fetching weather for Kisújszállás...
2026-09-27 09:34:46,440 - root - INFO - Fetched weather for Kisújszállás: 21.9°C, Clear, humidity: 45%
2026-09-27 09:34:47,541 - root - INFO - [488/1205] Fetching weather for Karcag...
2026-09-27 09:34:47,706 - root - INFO - Fetched weather for Karcag: 21.8°C, Clear, humidity: 46%
2026-09-27 09:34:48,808 - root - INFO - [489/1205] Fetching weather for Püspökladány...
2026-09-27 09:34:48,965 - root - INFO - Fetched weather for Püspökladány: 21.7°C, Clear, humidity: 45%
2026-09-27 09:34:50,067 - root - INFO - [490/1205] Fetching weather for Kaba...
2026-09-27 09:34:50,223 - root - INFO - Fetched weather for Kaba: 21.1°C, Clear, humidity: 45%
2026-09-27 09:34:51,324 - root - INFO - [491/1205] Fetching weather for Hajdúszoboszló...
2026-09-27 09:34:51,482 - root - INFO - Fetched weather for Hajdúszoboszló: 21.1°C, Clear, humidity: 43%
2026-09-27 09:34:52,584 - root - INFO - [492/1205] Fetching weather for Ebes...
2026-09-27 09:34:52,746 - root - INFO - Fetched weather for Ebes: 21.0°C, Clear, humidity: 43%
2026-09-27 09:34:53,848 - root - INFO - [493/1205] Fetching weather for Debrecen...
2026-09-27 09:34:53,998 - root - INFO - Fetched weather for Debrecen: 19.9°C, Clear, humidity: 45%
2026-09-27 09:34:55,100 - root - INFO - [494/1205] Fetching weather for Debrecen-Csapókert...
2026-09-27 09:34:55,259 - root - INFO - Fetched weather for Debrecen-Csapókert: 20.9°C, Clear, humidity: 43%
2026-09-27 09:34:56,361 - root - INFO - [495/1205] Fetching weather for Apafa...
2026-09-27 09:34:56,518 - root - INFO - Fetched weather for Apafa: 20.8°C, Clear, humidity: 43%
2026-09-27 09:34:57,619 - root - INFO - [496/1205] Fetching weather for Bocskaikert...
2026-09-27 09:34:57,780 - root - INFO - Fetched weather for Bocskaikert: 20.8°C, Clear, humidity: 43%
2026-09-27 09:34:58,882 - root - INFO - [497/1205] Fetching weather for Hajdúhadház...
2026-09-27 09:34:59,046 - root - INFO - Fetched weather for Hajdúhadház: 20.7°C, Clear, humidity: 47%
2026-09-27 09:35:00,147 - root - INFO - [498/1205] Fetching weather for Téglás...
2026-09-27 09:35:00,316 - root - INFO - Fetched weather for Téglás: 20.8°C, Clear, humidity: 47%
2026-09-27 09:35:01,418 - root - INFO - [499/1205] Fetching weather for Újfehértó...
2026-09-27 09:35:01,574 - root - INFO - Fetched weather for Újfehértó: 20.6°C, Clouds, humidity: 49%
2026-09-27 09:35:02,676 - root - INFO - [500/1205] Fetching weather for Nyíregyháza...
2026-09-27 09:35:02,829 - root - INFO - Fetched weather for Nyíregyháza: 20.4°C, Clouds, humidity: 52%
2026-09-27 09:35:03,931 - root - INFO - [501/1205] Fetching weather for Sóstó...
2026-09-27 09:35:04,095 - root - INFO - Fetched weather for Sóstó: 20.9°C, Clouds, humidity: 54%
2026-09-27 09:35:05,197 - root - INFO - [502/1205] Fetching weather for Sóstóhegy...
2026-09-27 09:35:05,358 - root - INFO - Fetched weather for Sóstóhegy: 20.9°C, Clouds, humidity: 54%
2026-09-27 09:35:06,460 - root - INFO - [503/1205] Fetching weather for Kemecse...
2026-09-27 09:35:06,620 - root - INFO - Fetched weather for Kemecse: 20.2°C, Clouds, humidity: 55%
2026-09-27 09:35:07,721 - root - INFO - [504/1205] Fetching weather for Nyírbogdány...
2026-09-27 09:35:07,877 - root - INFO - Fetched weather for Nyírbogdány: 20.2°C, Clouds, humidity: 55%
2026-09-27 09:35:08,979 - root - INFO - [505/1205] Fetching weather for Kék...
2026-09-27 09:35:09,142 - root - INFO - Fetched weather for Kék: 20.2°C, Clouds, humidity: 55%
2026-09-27 09:35:10,243 - root - INFO - [506/1205] Fetching weather for Demecser...
2026-09-27 09:35:10,402 - root - INFO - Fetched weather for Demecser: 20.1°C, Clouds, humidity: 56%
2026-09-27 09:35:11,504 - root - INFO - [507/1205] Fetching weather for Gégény...
2026-09-27 09:35:11,672 - root - INFO - Fetched weather for Gégény: 20.1°C, Clouds, humidity: 57%
2026-09-27 09:35:12,774 - root - INFO - [508/1205] Fetching weather for Pátroha...
2026-09-27 09:35:12,935 - root - INFO - Fetched weather for Pátroha: 20.0°C, Clouds, humidity: 58%
2026-09-27 09:35:14,037 - root - INFO - [509/1205] Fetching weather for Ajak...
2026-09-27 09:35:14,196 - root - INFO - Fetched weather for Ajak: 20.0°C, Clouds, humidity: 59%
2026-09-27 09:35:15,298 - root - INFO - [510/1205] Fetching weather for Kisvárda...
2026-09-27 09:35:15,454 - root - INFO - Fetched weather for Kisvárda: 20.0°C, Clouds, humidity: 60%
2026-09-27 09:35:16,555 - root - INFO - [511/1205] Fetching weather for Kisvárda-Hármasút...
2026-09-27 09:35:16,710 - root - INFO - Fetched weather for Kisvárda-Hármasút: 20.0°C, Clouds, humidity: 60%
2026-09-27 09:35:17,812 - root - INFO - [512/1205] Fetching weather for Fényeslitke...
2026-09-27 09:35:17,969 - root - INFO - Fetched weather for Fényeslitke: 19.9°C, Clouds, humidity: 61%
2026-09-27 09:35:19,070 - root - INFO - [513/1205] Fetching weather for Komoró...
2026-09-27 09:35:19,234 - root - INFO - Fetched weather for Komoró: 19.9°C, Clouds, humidity: 61%
2026-09-27 09:35:20,335 - root - INFO - [514/1205] Fetching weather for Tuzsér...
2026-09-27 09:35:20,499 - root - INFO - Fetched weather for Tuzsér: 19.8°C, Clouds, humidity: 61%
2026-09-27 09:35:21,601 - root - INFO - [515/1205] Fetching weather for Tiszabezdéd...
2026-09-27 09:35:21,767 - root - INFO - Fetched weather for Tiszabezdéd: 19.8°C, Clouds, humidity: 60%
2026-09-27 09:35:22,869 - root - INFO - [516/1205] Fetching weather for Záhony...
2026-09-27 09:35:23,029 - root - INFO - Fetched weather for Záhony: 19.8°C, Clouds, humidity: 60%
2026-09-27 09:35:24,131 - root - INFO - [517/1205] Fetching weather for Karcag-Vásártér...
2026-09-27 09:35:24,288 - root - INFO - Fetched weather for Karcag-Vásártér: 22.2°C, Clear, humidity: 46%
2026-09-27 09:35:25,389 - root - INFO - [518/1205] Fetching weather for Berekfürdő...
2026-09-27 09:35:25,546 - root - INFO - Fetched weather for Berekfürdő: 22.2°C, Clear, humidity: 46%
2026-09-27 09:35:26,647 - root - INFO - [519/1205] Fetching weather for Kunmadaras...
2026-09-27 09:35:26,813 - root - INFO - Fetched weather for Kunmadaras: 22.2°C, Clear, humidity: 48%
2026-09-27 09:35:27,914 - root - INFO - [520/1205] Fetching weather for Tiszaszentimre...
2026-09-27 09:35:28,069 - root - INFO - Fetched weather for Tiszaszentimre: 22.2°C, Clear, humidity: 48%
2026-09-27 09:35:29,171 - root - INFO - [521/1205] Fetching weather for Tiszaszőlős...
2026-09-27 09:35:29,330 - root - INFO - Fetched weather for Tiszaszőlős: 22.2°C, Clear, humidity: 48%
2026-09-27 09:35:30,432 - root - INFO - [522/1205] Fetching weather for Hosszúhát...
2026-09-27 09:35:30,596 - root - INFO - Fetched weather for Hosszúhát: 21.8°C, Clear, humidity: 45%
2026-09-27 09:35:31,697 - root - INFO - [523/1205] Fetching weather for Szerep...
2026-09-27 09:35:31,861 - root - INFO - Fetched weather for Szerep: 21.8°C, Clear, humidity: 45%
2026-09-27 09:35:32,962 - root - INFO - [524/1205] Fetching weather for Sárrétudvari...
2026-09-27 09:35:33,123 - root - INFO - Fetched weather for Sárrétudvari: 21.7°C, Clear, humidity: 45%
2026-09-27 09:35:34,225 - root - INFO - [525/1205] Fetching weather for Biharnagybajom...
2026-09-27 09:35:34,380 - root - INFO - Fetched weather for Biharnagybajom: 21.7°C, Clear, humidity: 44%
2026-09-27 09:35:35,482 - root - INFO - [526/1205] Fetching weather for Füzesgyarmat...
2026-09-27 09:35:35,639 - root - INFO - Fetched weather for Füzesgyarmat: 21.8°C, Clear, humidity: 43%
2026-09-27 09:35:36,741 - root - INFO - [527/1205] Fetching weather for Füzesgyarmatfürdő...
2026-09-27 09:35:36,899 - root - INFO - Fetched weather for Füzesgyarmatfürdő: 21.8°C, Clear, humidity: 43%
2026-09-27 09:35:38,001 - root - INFO - [528/1205] Fetching weather for Báránd...
2026-09-27 09:35:38,159 - root - INFO - Fetched weather for Báránd: 21.7°C, Clear, humidity: 45%
2026-09-27 09:35:39,261 - root - INFO - [529/1205] Fetching weather for Sáp...
2026-09-27 09:35:39,419 - root - INFO - Fetched weather for Sáp: 21.6°C, Clear, humidity: 45%
2026-09-27 09:35:40,520 - root - INFO - [530/1205] Fetching weather for Berettyóújfalu...
2026-09-27 09:35:40,679 - root - INFO - Fetched weather for Berettyóújfalu: 21.5°C, Clear, humidity: 43%
2026-09-27 09:35:41,781 - root - INFO - [531/1205] Fetching weather for Mezőpeterd...
2026-09-27 09:35:41,941 - root - INFO - Fetched weather for Mezőpeterd: 22.5°C, Clear, humidity: 43%
2026-09-27 09:35:43,043 - root - INFO - [532/1205] Fetching weather for Biharkeresztes...
2026-09-27 09:35:43,201 - root - INFO - Fetched weather for Biharkeresztes: 22.5°C, Clear, humidity: 38%
2026-09-27 09:35:44,303 - root - INFO - [533/1205] Fetching weather for Tócóvölgy...
2026-09-27 09:35:44,459 - root - INFO - Fetched weather for Tócóvölgy: 21.0°C, Clear, humidity: 43%
2026-09-27 09:35:45,560 - root - INFO - [534/1205] Fetching weather for Sáregres...
2026-09-27 09:35:45,721 - root - INFO - Fetched weather for Sáregres: 21.7°C, Clouds, humidity: 47%
2026-09-27 09:35:46,823 - root - INFO - [535/1205] Fetching weather for Simontornya...
2026-09-27 09:35:46,981 - root - INFO - Fetched weather for Simontornya: 21.6°C, Clouds, humidity: 48%
2026-09-27 09:35:48,083 - root - INFO - [536/1205] Fetching weather for Tolnanémedi...
2026-09-27 09:35:48,242 - root - INFO - Fetched weather for Tolnanémedi: 21.6°C, Clouds, humidity: 48%
2026-09-27 09:35:49,344 - root - INFO - [537/1205] Fetching weather for Pincehely...
2026-09-27 09:35:49,504 - root - INFO - Fetched weather for Pincehely: 21.5°C, Clouds, humidity: 49%
2026-09-27 09:35:50,606 - root - INFO - [538/1205] Fetching weather for Keszőhidegkút-Gyönk...
2026-09-27 09:35:50,768 - root - INFO - Fetched weather for Keszőhidegkút-Gyönk: 21.5°C, Clouds, humidity: 49%
2026-09-27 09:35:51,870 - root - INFO - [539/1205] Fetching weather for Szárazd...
2026-09-27 09:35:52,030 - root - INFO - Fetched weather for Szárazd: 21.6°C, Clouds, humidity: 49%
2026-09-27 09:35:53,131 - root - INFO - [540/1205] Fetching weather for Regöly...
2026-09-27 09:35:53,290 - root - INFO - Fetched weather for Regöly: 21.6°C, Clouds, humidity: 49%
2026-09-27 09:35:54,392 - root - INFO - [541/1205] Fetching weather for Szakály-Hőgyész...
2026-09-27 09:35:54,553 - root - INFO - Fetched weather for Szakály-Hőgyész: 21.5°C, Clouds, humidity: 49%
2026-09-27 09:35:55,654 - root - INFO - [542/1205] Fetching weather for Dúzs...
2026-09-27 09:35:55,816 - root - INFO - Fetched weather for Dúzs: 21.6°C, Clouds, humidity: 49%
2026-09-27 09:35:56,917 - root - INFO - [543/1205] Fetching weather for Csibrák...
2026-09-27 09:35:57,080 - root - INFO - Fetched weather for Csibrák: 21.6°C, Clouds, humidity: 49%
2026-09-27 09:35:58,181 - root - INFO - [544/1205] Fetching weather for Kurd...
2026-09-27 09:35:58,338 - root - INFO - Fetched weather for Kurd: 21.3°C, Clouds, humidity: 49%
2026-09-27 09:35:59,440 - root - INFO - [545/1205] Fetching weather for Döbrököz...
2026-09-27 09:35:59,599 - root - INFO - Fetched weather for Döbrököz: 21.6°C, Clouds, humidity: 48%
2026-09-27 09:36:00,701 - root - INFO - [546/1205] Fetching weather for Dombóvár...
2026-09-27 09:36:00,861 - root - INFO - Fetched weather for Dombóvár: 21.5°C, Clouds, humidity: 49%
2026-09-27 09:36:01,963 - root - INFO - [547/1205] Fetching weather for Dombóvár alsó...
2026-09-27 09:36:02,118 - root - INFO - Fetched weather for Dombóvár alsó: 21.5°C, Clouds, humidity: 49%
2026-09-27 09:36:03,220 - root - INFO - [548/1205] Fetching weather for Somoskőújfalu...
2026-09-27 09:36:03,381 - root - INFO - Fetched weather for Somoskőújfalu: 21.1°C, Clouds, humidity: 47%
2026-09-27 09:36:04,483 - root - INFO - [549/1205] Fetching weather for Jászfényszaru...
2026-09-27 09:36:04,644 - root - INFO - Fetched weather for Jászfényszaru: 21.4°C, Clouds, humidity: 49%
2026-09-27 09:36:05,746 - root - INFO - [550/1205] Fetching weather for Pusztamonostor...
2026-09-27 09:36:05,904 - root - INFO - Fetched weather for Pusztamonostor: 23.8°C, Clouds, humidity: 49%
2026-09-27 09:36:07,006 - root - INFO - [551/1205] Fetching weather for Jászberény...
2026-09-27 09:36:07,166 - root - INFO - Fetched weather for Jászberény: 23.9°C, Clouds, humidity: 48%
2026-09-27 09:36:08,268 - root - INFO - [552/1205] Fetching weather for Meggyespele...
2026-09-27 09:36:08,442 - root - INFO - Fetched weather for Meggyespele: 23.9°C, Clouds, humidity: 42%
2026-09-27 09:36:09,544 - root - INFO - [553/1205] Fetching weather for Portelek...
2026-09-27 09:36:09,704 - root - INFO - Fetched weather for Portelek: 24.0°C, Clouds, humidity: 42%
2026-09-27 09:36:10,806 - root - INFO - [554/1205] Fetching weather for Jászboldogháza-Jánoshida...
2026-09-27 09:36:10,965 - root - INFO - Fetched weather for Jászboldogháza-Jánoshida: 24.0°C, Clear, humidity: 42%
2026-09-27 09:36:12,067 - root - INFO - [555/1205] Fetching weather for Jászárokszállás...
2026-09-27 09:36:12,227 - root - INFO - Fetched weather for Jászárokszállás: 23.3°C, Clear, humidity: 48%
2026-09-27 09:36:13,329 - root - INFO - [556/1205] Fetching weather for Jászdózsa...
2026-09-27 09:36:13,492 - root - INFO - Fetched weather for Jászdózsa: 21.7°C, Clear, humidity: 48%
2026-09-27 09:36:14,594 - root - INFO - [557/1205] Fetching weather for Jászapáti...
2026-09-27 09:36:14,752 - root - INFO - Fetched weather for Jászapáti: 21.7°C, Clear, humidity: 47%
2026-09-27 09:36:15,854 - root - INFO - [558/1205] Fetching weather for Jászkisér...
2026-09-27 09:36:16,015 - root - INFO - Fetched weather for Jászkisér: 22.8°C, Clear, humidity: 47%
2026-09-27 09:36:17,117 - root - INFO - [559/1205] Fetching weather for Jászladány...
2026-09-27 09:36:17,271 - root - INFO - Fetched weather for Jászladány: 24.0°C, Clear, humidity: 46%
2026-09-27 09:36:18,372 - root - INFO - [560/1205] Fetching weather for Szászberek...
2026-09-27 09:36:18,531 - root - INFO - Fetched weather for Szászberek: 24.0°C, Clear, humidity: 42%
2026-09-27 09:36:19,633 - root - INFO - [561/1205] Fetching weather for Gyöngyöshalász...
2026-09-27 09:36:19,792 - root - INFO - Fetched weather for Gyöngyöshalász: 23.1°C, Clear, humidity: 42%
2026-09-27 09:36:20,893 - root - INFO - [562/1205] Fetching weather for Gyöngyös...
2026-09-27 09:36:21,050 - root - INFO - Fetched weather for Gyöngyös: 22.8°C, Clouds, humidity: 42%
2026-09-27 09:36:22,151 - root - INFO - [563/1205] Fetching weather for Erdőtelek...
2026-09-27 09:36:22,310 - root - INFO - Fetched weather for Erdőtelek: 21.4°C, Clear, humidity: 46%
2026-09-27 09:36:23,412 - root - INFO - [564/1205] Fetching weather for Heves...
2026-09-27 09:36:23,572 - root - INFO - Fetched weather for Heves: 22.7°C, Clear, humidity: 46%
2026-09-27 09:36:24,673 - root - INFO - [565/1205] Fetching weather for Hevesvezekény...
2026-09-27 09:36:24,831 - root - INFO - Fetched weather for Hevesvezekény: 22.8°C, Clear, humidity: 49%
2026-09-27 09:36:25,932 - root - INFO - [566/1205] Fetching weather for Tarnaszentmiklós...
2026-09-27 09:36:26,092 - root - INFO - Fetched weather for Tarnaszentmiklós: 22.8°C, Clear, humidity: 49%
2026-09-27 09:36:27,194 - root - INFO - [567/1205] Fetching weather for Kisköre...
2026-09-27 09:36:27,353 - root - INFO - Fetched weather for Kisköre: 22.8°C, Clear, humidity: 49%
2026-09-27 09:36:28,455 - root - INFO - [568/1205] Fetching weather for Abádszalók...
2026-09-27 09:36:28,615 - root - INFO - Fetched weather for Abádszalók: 22.8°C, Clear, humidity: 49%
2026-09-27 09:36:29,717 - root - INFO - [569/1205] Fetching weather for Kunhegyes...
2026-09-27 09:36:29,876 - root - INFO - Fetched weather for Kunhegyes: 22.8°C, Clear, humidity: 49%
2026-09-27 09:36:30,977 - root - INFO - [570/1205] Fetching weather for Kenderes...
2026-09-27 09:36:31,134 - root - INFO - Fetched weather for Kenderes: 22.8°C, Clear, humidity: 45%
2026-09-27 09:36:32,236 - root - INFO - [571/1205] Fetching weather for Maklár...
2026-09-27 09:36:32,395 - root - INFO - Fetched weather for Maklár: 19.0°C, Clear, humidity: 48%
2026-09-27 09:36:33,497 - root - INFO - [572/1205] Fetching weather for Andornaktálya...
2026-09-27 09:36:33,658 - root - INFO - Fetched weather for Andornaktálya: 21.4°C, Clouds, humidity: 48%
2026-09-27 09:36:34,760 - root - INFO - [573/1205] Fetching weather for Eger...
2026-09-27 09:36:34,922 - root - INFO - Fetched weather for Eger: 22.2°C, Clouds, humidity: 48%
2026-09-27 09:36:36,024 - root - INFO - [574/1205] Fetching weather for Egervár...
2026-09-27 09:36:36,185 - root - INFO - Fetched weather for Egervár: 21.9°C, Clouds, humidity: 48%
2026-09-27 09:36:37,287 - root - INFO - [575/1205] Fetching weather for Eger-Felnémet...
2026-09-27 09:36:37,448 - root - INFO - Fetched weather for Eger-Felnémet: 21.8°C, Clouds, humidity: 49%
2026-09-27 09:36:38,550 - root - INFO - [576/1205] Fetching weather for Szarvaskő...
2026-09-27 09:36:38,704 - root - INFO - Fetched weather for Szarvaskő: 19.9°C, Clouds, humidity: 43%
2026-09-27 09:36:39,805 - root - INFO - [577/1205] Fetching weather for Mónosbél...
2026-09-27 09:36:39,967 - root - INFO - Fetched weather for Mónosbél: 19.7°C, Clouds, humidity: 43%
2026-09-27 09:36:41,068 - root - INFO - [578/1205] Fetching weather for Bélapátfalva...
2026-09-27 09:36:41,232 - root - INFO - Fetched weather for Bélapátfalva: 19.1°C, Clouds, humidity: 44%
2026-09-27 09:36:42,334 - root - INFO - [579/1205] Fetching weather for Bélapátfalvi Cementgyár...
2026-09-27 09:36:42,493 - root - INFO - Fetched weather for Bélapátfalvi Cementgyár: 18.7°C, Clouds, humidity: 46%
2026-09-27 09:36:43,595 - root - INFO - [580/1205] Fetching weather for Szilvásvárad...
2026-09-27 09:36:43,749 - root - INFO - Fetched weather for Szilvásvárad: 18.0°C, Clouds, humidity: 50%
2026-09-27 09:36:44,851 - root - INFO - [581/1205] Fetching weather for Hejőkeresztúr...
2026-09-27 09:36:45,006 - root - INFO - Fetched weather for Hejőkeresztúr: 22.3°C, Clear, humidity: 48%
2026-09-27 09:36:46,108 - root - INFO - [582/1205] Fetching weather for Tiszaújváros...
2026-09-27 09:36:46,267 - root - INFO - Fetched weather for Tiszaújváros: 22.8°C, Clouds, humidity: 48%
2026-09-27 09:36:47,369 - root - INFO - [583/1205] Fetching weather for Miskolc-Gömöri...
2026-09-27 09:36:47,539 - root - INFO - Fetched weather for Miskolc-Gömöri: 20.5°C, Clouds, humidity: 60%
2026-09-27 09:36:48,641 - root - INFO - [584/1205] Fetching weather for Sajókeresztúr...
2026-09-27 09:36:48,802 - root - INFO - Fetched weather for Sajókeresztúr: 20.2°C, Clouds, humidity: 68%
2026-09-27 09:36:49,903 - root - INFO - [585/1205] Fetching weather for Sajóecseg...
2026-09-27 09:36:50,058 - root - INFO - Fetched weather for Sajóecseg: 20.2°C, Clouds, humidity: 68%
2026-09-27 09:36:51,159 - root - INFO - [586/1205] Fetching weather for Sajószentpéter...
2026-09-27 09:36:51,316 - root - INFO - Fetched weather for Sajószentpéter: 19.9°C, Clouds, humidity: 68%
2026-09-27 09:36:52,417 - root - INFO - [587/1205] Fetching weather for Kazincbarcika...
2026-09-27 09:36:52,575 - root - INFO - Fetched weather for Kazincbarcika: 20.1°C, Clouds, humidity: 51%
2026-09-27 09:36:53,676 - root - INFO - [588/1205] Fetching weather for Sajókaza...
2026-09-27 09:36:53,836 - root - INFO - Fetched weather for Sajókaza: 19.0°C, Clouds, humidity: 51%
2026-09-27 09:36:54,937 - root - INFO - [589/1205] Fetching weather for Vadna...
2026-09-27 09:36:55,093 - root - INFO - Fetched weather for Vadna: 19.0°C, Clouds, humidity: 51%
2026-09-27 09:36:56,194 - root - INFO - [590/1205] Fetching weather for Dubicsány...
2026-09-27 09:36:56,351 - root - INFO - Fetched weather for Dubicsány: 19.0°C, Clouds, humidity: 50%
2026-09-27 09:36:57,452 - root - INFO - [591/1205] Fetching weather for Raposka...
2026-09-27 09:36:57,608 - root - INFO - Fetched weather for Raposka: 19.1°C, Clouds, humidity: 55%
2026-09-27 09:36:58,710 - root - INFO - [592/1205] Fetching weather for Ivacs...
2026-09-27 09:36:58,875 - root - INFO - Fetched weather for Ivacs: 20.9°C, Clouds, humidity: 51%
2026-09-27 09:36:59,977 - root - INFO - [593/1205] Fetching weather for Kisköre-Tiszahíd...
2026-09-27 09:37:00,134 - root - INFO - Fetched weather for Kisköre-Tiszahíd: 22.8°C, Clear, humidity: 49%
2026-09-27 09:37:01,235 - root - INFO - [594/1205] Fetching weather for Rozsály...
2026-09-27 09:37:01,393 - root - INFO - Fetched weather for Rozsály: 20.0°C, Clouds, humidity: 51%
2026-09-27 09:37:02,494 - root - INFO - [595/1205] Fetching weather for Pusztakettős...
2026-09-27 09:37:02,655 - root - INFO - Fetched weather for Pusztakettős: 22.8°C, Clear, humidity: 49%
2026-09-27 09:37:03,757 - root - INFO - [596/1205] Fetching weather for Kisvác...
2026-09-27 09:37:03,915 - root - INFO - Fetched weather for Kisvác: 22.0°C, Clouds, humidity: 48%
2026-09-27 09:37:05,017 - root - INFO - [597/1205] Fetching weather for Tiszafüred-Gyártelep...
2026-09-27 09:37:05,182 - root - INFO - Fetched weather for Tiszafüred-Gyártelep: 22.7°C, Clear, humidity: 49%
2026-09-27 09:37:06,284 - root - INFO - [598/1205] Fetching weather for Újkenéz...
2026-09-27 09:37:06,450 - root - INFO - Fetched weather for Újkenéz: 19.9°C, Clouds, humidity: 59%
2026-09-27 09:37:07,551 - root - INFO - [599/1205] Fetching weather for Püspökladány-Vásártér...
2026-09-27 09:37:07,711 - root - INFO - Fetched weather for Püspökladány-Vásártér: 21.7°C, Clear, humidity: 45%
2026-09-27 09:37:08,812 - root - INFO - [600/1205] Fetching weather for Végegyháza alsó...
2026-09-27 09:37:08,968 - root - INFO - Fetched weather for Végegyháza alsó: 21.7°C, Clouds, humidity: 41%
2026-09-27 09:37:10,070 - root - INFO - [601/1205] Fetching weather for Orosháza felső...
2026-09-27 09:37:10,227 - root - INFO - Fetched weather for Orosháza felső: 22.1°C, Clouds, humidity: 41%
2026-09-27 09:37:11,328 - root - INFO - [602/1205] Fetching weather for Ambrózfalva...
2026-09-27 09:37:11,491 - root - INFO - Fetched weather for Ambrózfalva: 22.4°C, Clear, humidity: 41%
2026-09-27 09:37:12,593 - root - INFO - [603/1205] Fetching weather for Alsónyék...
2026-09-27 09:37:12,754 - root - INFO - Fetched weather for Alsónyék: 23.0°C, Clouds, humidity: 46%
2026-09-27 09:37:13,856 - root - INFO - [604/1205] Fetching weather for Tompapuszta...
2026-09-27 09:37:14,014 - root - INFO - Fetched weather for Tompapuszta: 21.7°C, Clouds, humidity: 100%
2026-09-27 09:37:15,116 - root - INFO - [605/1205] Fetching weather for Halászlak...
2026-09-27 09:37:15,276 - root - INFO - Fetched weather for Halászlak: 22.0°C, Clear, humidity: 42%
2026-09-27 09:37:16,377 - root - INFO - [606/1205] Fetching weather for Sirató...
2026-09-27 09:37:16,539 - root - INFO - Fetched weather for Sirató: 22.0°C, Clear, humidity: 41%
2026-09-27 09:37:17,640 - root - INFO - [607/1205] Fetching weather for Csabacsűd felső...
2026-09-27 09:37:17,796 - root - INFO - Fetched weather for Csabacsűd felső: 22.0°C, Clear, humidity: 41%
2026-09-27 09:37:18,898 - root - INFO - [608/1205] Fetching weather for Orosháza-Üveggyár...
2026-09-27 09:37:19,062 - root - INFO - Fetched weather for Orosháza-Üveggyár: 22.1°C, Clouds, humidity: 41%
2026-09-27 09:37:20,163 - root - INFO - [609/1205] Fetching weather for Gyulai városerdő...
2026-09-27 09:37:20,322 - root - INFO - Fetched weather for Gyulai városerdő: 25.0°C, Clear, humidity: 34%
2026-09-27 09:37:21,423 - root - INFO - [610/1205] Fetching weather for Kórógyszentgyörgy...
2026-09-27 09:37:21,582 - root - INFO - Fetched weather for Kórógyszentgyörgy: 22.0°C, Clouds, humidity: 41%
2026-09-27 09:37:22,683 - root - INFO - [611/1205] Fetching weather for Kunszállás...
2026-09-27 09:37:22,844 - root - INFO - Fetched weather for Kunszállás: 23.3°C, Clear, humidity: 44%
2026-09-27 09:37:23,946 - root - INFO - [612/1205] Fetching weather for Selymes...
2026-09-27 09:37:24,101 - root - INFO - Fetched weather for Selymes: 23.3°C, Clouds, humidity: 44%
2026-09-27 09:37:25,203 - root - INFO - [613/1205] Fetching weather for Petőfiszállási tanyák...
2026-09-27 09:37:25,368 - root - INFO - Fetched weather for Petőfiszállási tanyák: 23.4°C, Clouds, humidity: 44%
2026-09-27 09:37:26,470 - root - INFO - [614/1205] Fetching weather for Kisteleki szőlők...
2026-09-27 09:37:26,633 - root - INFO - Fetched weather for Kisteleki szőlők: 21.7°C, Clouds, humidity: 43%
2026-09-27 09:37:27,734 - root - INFO - [615/1205] Fetching weather for Kapitányság...
2026-09-27 09:37:27,893 - root - INFO - Fetched weather for Kapitányság: 21.7°C, Clouds, humidity: 50%
2026-09-27 09:37:28,995 - root - INFO - [616/1205] Fetching weather for Őszeszék...
2026-09-27 09:37:29,155 - root - INFO - Fetched weather for Őszeszék: 21.7°C, Clouds, humidity: 50%
2026-09-27 09:37:30,256 - root - INFO - [617/1205] Fetching weather for Vilmaszállás...
2026-09-27 09:37:30,419 - root - INFO - Fetched weather for Vilmaszállás: 21.7°C, Clouds, humidity: 50%
2026-09-27 09:37:31,521 - root - INFO - [618/1205] Fetching weather for Jánosszállás...
2026-09-27 09:37:31,680 - root - INFO - Fetched weather for Jánosszállás: 21.7°C, Clouds, humidity: 50%
2026-09-27 09:37:32,781 - root - INFO - [619/1205] Fetching weather for Felsőpakony...
2026-09-27 09:37:32,937 - root - INFO - Fetched weather for Felsőpakony: 21.4°C, Clouds, humidity: 43%
2026-09-27 09:37:34,038 - root - INFO - [620/1205] Fetching weather for Felsőméntelek...
2026-09-27 09:37:34,201 - root - INFO - Fetched weather for Felsőméntelek: 23.0°C, Clouds, humidity: 49%
2026-09-27 09:37:35,302 - root - INFO - [621/1205] Fetching weather for Alsóméntelek...
2026-09-27 09:37:35,465 - root - INFO - Fetched weather for Alsóméntelek: 23.1°C, Clouds, humidity: 49%
2026-09-27 09:37:36,567 - root - INFO - [622/1205] Fetching weather for Nagynyír...
2026-09-27 09:37:36,723 - root - INFO - Fetched weather for Nagynyír: 23.1°C, Clouds, humidity: 49%
2026-09-27 09:37:37,824 - root - INFO - [623/1205] Fetching weather for Úrihegy...
2026-09-27 09:37:37,982 - root - INFO - Fetched weather for Úrihegy: 22.6°C, Clouds, humidity: 45%
2026-09-27 09:37:39,084 - root - INFO - [624/1205] Fetching weather for Miklóstelep...
2026-09-27 09:37:39,248 - root - INFO - Fetched weather for Miklóstelep: 22.6°C, Clouds, humidity: 45%
2026-09-27 09:37:40,350 - root - INFO - [625/1205] Fetching weather for Tiszajenő alsó...
2026-09-27 09:37:40,509 - root - INFO - Fetched weather for Tiszajenő alsó: 22.2°C, Clear, humidity: 48%
2026-09-27 09:37:41,611 - root - INFO - [626/1205] Fetching weather for Óbög...
2026-09-27 09:37:41,766 - root - INFO - Fetched weather for Óbög: 21.8°C, Clear, humidity: 46%
2026-09-27 09:37:42,867 - root - INFO - [627/1205] Fetching weather for Árpádszállás...
2026-09-27 09:37:43,024 - root - INFO - Fetched weather for Árpádszállás: 22.7°C, Clear, humidity: 42%
2026-09-27 09:37:44,126 - root - INFO - [628/1205] Fetching weather for Tőserdő...
2026-09-27 09:37:44,289 - root - INFO - Fetched weather for Tőserdő: 22.9°C, Clear, humidity: 42%
2026-09-27 09:37:45,390 - root - INFO - [629/1205] Fetching weather for Tiszaalpár felső...
2026-09-27 09:37:45,550 - root - INFO - Fetched weather for Tiszaalpár felső: 23.1°C, Clear, humidity: 43%
2026-09-27 09:37:46,652 - root - INFO - [630/1205] Fetching weather for Borsihalom...
2026-09-27 09:37:46,812 - root - INFO - Fetched weather for Borsihalom: 23.3°C, Clear, humidity: 44%
2026-09-27 09:37:47,913 - root - INFO - [631/1205] Fetching weather for Petőfiváros...
2026-09-27 09:37:48,076 - root - INFO - Fetched weather for Petőfiváros: 23.3°C, Clear, humidity: 44%
2026-09-27 09:37:49,178 - root - INFO - [632/1205] Fetching weather for Csorna...
2026-09-27 09:37:49,333 - root - INFO - Fetched weather for Csorna: 22.0°C, Clouds, humidity: 53%
2026-09-27 09:37:50,435 - root - INFO - [633/1205] Fetching weather for Szorgalmatos...
2026-09-27 09:37:50,597 - root - INFO - Fetched weather for Szorgalmatos: 21.0°C, Clouds, humidity: 43%
2026-09-27 09:37:51,699 - root - INFO - [634/1205] Fetching weather for Fótfürdő...
2026-09-27 09:37:51,854 - root - INFO - Fetched weather for Fótfürdő: 20.9°C, Clouds, humidity: 49%
2026-09-27 09:37:52,956 - root - INFO - [635/1205] Fetching weather for Fenyveshegy...
2026-09-27 09:37:53,114 - root - INFO - Fetched weather for Fenyveshegy: 22.3°C, Clouds, humidity: 48%
2026-09-27 09:37:54,216 - root - INFO - [636/1205] Fetching weather for Hűvösvölgy...
2026-09-27 09:37:54,382 - root - INFO - Fetched weather for Hűvösvölgy: 20.3°C, Clouds, humidity: 49%
2026-09-27 09:37:55,484 - root - INFO - [637/1205] Fetching weather for Hárshegy...
2026-09-27 09:37:55,633 - root - INFO - Fetched weather for Hárshegy: 20.3°C, Clouds, humidity: 49%
2026-09-27 09:37:56,734 - root - INFO - [638/1205] Fetching weather for Szépjuhászné...
2026-09-27 09:37:56,896 - root - INFO - Fetched weather for Szépjuhászné: 19.5°C, Clouds, humidity: 49%
2026-09-27 09:37:57,997 - root - INFO - [639/1205] Fetching weather for Jánoshegy...
2026-09-27 09:37:58,157 - root - INFO - Fetched weather for Jánoshegy: 19.5°C, Clouds, humidity: 49%
2026-09-27 09:37:59,258 - root - INFO - [640/1205] Fetching weather for Virágvölgy...
2026-09-27 09:37:59,415 - root - INFO - Fetched weather for Virágvölgy: 19.2°C, Clouds, humidity: 48%
2026-09-27 09:38:00,517 - root - INFO - [641/1205] Fetching weather for Csillebérc...
2026-09-27 09:38:00,678 - root - INFO - Fetched weather for Csillebérc: 19.1°C, Clouds, humidity: 48%
2026-09-27 09:38:01,780 - root - INFO - [642/1205] Fetching weather for Normafa...
2026-09-27 09:38:01,943 - root - INFO - Fetched weather for Normafa: 19.1°C, Clouds, humidity: 48%
2026-09-27 09:38:03,044 - root - INFO - [643/1205] Fetching weather for Széchenyihegy...
2026-09-27 09:38:03,198 - root - INFO - Fetched weather for Széchenyihegy: 19.2°C, Clouds, humidity: 48%
2026-09-27 09:38:04,300 - root - INFO - [644/1205] Fetching weather for Balatonfőkajár felső...
2026-09-27 09:38:04,456 - root - INFO - Fetched weather for Balatonfőkajár felső: 21.8°C, Clouds, humidity: 80%
2026-09-27 09:38:05,558 - root - INFO - [645/1205] Fetching weather for Piroska...
2026-09-27 09:38:05,718 - root - INFO - Fetched weather for Piroska: 21.7°C, Clear, humidity: 46%
2026-09-27 09:38:06,819 - root - INFO - [646/1205] Fetching weather for Somodor...
2026-09-27 09:38:06,979 - root - INFO - Fetched weather for Somodor: 21.1°C, Clouds, humidity: 51%
2026-09-27 09:38:08,080 - root - INFO - [647/1205] Fetching weather for Középmező...
2026-09-27 09:38:08,242 - root - INFO - Fetched weather for Középmező: 23.0°C, Clouds, humidity: 37%
2026-09-27 09:38:09,344 - root - INFO - [648/1205] Fetching weather for Jobbágyi...
2026-09-27 09:38:09,498 - root - INFO - Fetched weather for Jobbágyi: 23.1°C, Clear, humidity: 46%
2026-09-27 09:38:10,599 - root - INFO - [649/1205] Fetching weather for Ferihegy...
2026-09-27 09:38:10,760 - root - INFO - Fetched weather for Ferihegy: 21.3°C, Clouds, humidity: 46%
2026-09-27 09:38:11,862 - root - INFO - [650/1205] Fetching weather for Máriapócs...
2026-09-27 09:38:12,029 - root - INFO - Fetched weather for Máriapócs: 20.3°C, Clouds, humidity: 50%
2026-09-27 09:38:13,131 - root - INFO - [651/1205] Fetching weather for Máriaudvar...
2026-09-27 09:38:13,292 - root - INFO - Fetched weather for Máriaudvar: 23.0°C, Clouds, humidity: 39%
2026-09-27 09:38:14,394 - root - INFO - [652/1205] Fetching weather for Nagyberki...
2026-09-27 09:38:14,555 - root - INFO - Fetched weather for Nagyberki: 21.3°C, Clouds, humidity: 50%
2026-09-27 09:38:15,656 - root - INFO - [653/1205] Fetching weather for Badacsonytomaj...
2026-09-27 09:38:15,809 - root - INFO - Fetched weather for Badacsonytomaj: 20.9°C, Clouds, humidity: 55%
2026-09-27 09:38:16,911 - root - INFO - [654/1205] Fetching weather for Badacsony...
2026-09-27 09:38:17,085 - root - INFO - Fetched weather for Badacsony: 19.1°C, Clouds, humidity: 56%
2026-09-27 09:38:18,186 - root - INFO - [655/1205] Fetching weather for Badacsonylábdihegy...
2026-09-27 09:38:18,345 - root - INFO - Fetched weather for Badacsonylábdihegy: 19.1°C, Clouds, humidity: 56%
2026-09-27 09:38:19,447 - root - INFO - [656/1205] Fetching weather for Badacsonytördemic-Szigliget...
2026-09-27 09:38:19,609 - root - INFO - Fetched weather for Badacsonytördemic-Szigliget: 19.0°C, Clouds, humidity: 56%
2026-09-27 09:38:20,711 - root - INFO - [657/1205] Fetching weather for Nemesgulács-Kisapáti...
2026-09-27 09:38:20,869 - root - INFO - Fetched weather for Nemesgulács-Kisapáti: 23.2°C, Clouds, humidity: 55%
2026-09-27 09:38:21,970 - root - INFO - [658/1205] Fetching weather for Tapolca...
2026-09-27 09:38:22,132 - root - INFO - Fetched weather for Tapolca: 23.2°C, Clouds, humidity: 54%
2026-09-27 09:38:23,234 - root - INFO - [659/1205] Fetching weather for Uzsabánya alsó...
2026-09-27 09:38:23,394 - root - INFO - Fetched weather for Uzsabánya alsó: 18.8°C, Clouds, humidity: 54%
2026-09-27 09:38:24,496 - root - INFO - [660/1205] Fetching weather for Uzsa...
2026-09-27 09:38:24,660 - root - INFO - Fetched weather for Uzsa: 18.8°C, Clouds, humidity: 53%
2026-09-27 09:38:25,762 - root - INFO - [661/1205] Fetching weather for Sümegi Bazaltbánya...
2026-09-27 09:38:25,922 - root - INFO - Fetched weather for Sümegi Bazaltbánya: 20.5°C, Clouds, humidity: 53%
2026-09-27 09:38:27,024 - root - INFO - [662/1205] Fetching weather for Sümeg...
2026-09-27 09:38:27,187 - root - INFO - Fetched weather for Sümeg: 20.7°C, Clouds, humidity: 52%
2026-09-27 09:38:28,288 - root - INFO - [663/1205] Fetching weather for Gógánfa...
2026-09-27 09:38:28,450 - root - INFO - Fetched weather for Gógánfa: 20.6°C, Clouds, humidity: 52%
2026-09-27 09:38:29,551 - root - INFO - [664/1205] Fetching weather for Ukk...
2026-09-27 09:38:29,712 - root - INFO - Fetched weather for Ukk: 20.6°C, Clouds, humidity: 52%
2026-09-27 09:38:30,813 - root - INFO - [665/1205] Fetching weather for Nemeskeresztúr...
2026-09-27 09:38:30,973 - root - INFO - Fetched weather for Nemeskeresztúr: 20.5°C, Clouds, humidity: 52%
2026-09-27 09:38:32,074 - root - INFO - [666/1205] Fetching weather for Jánosháza...
2026-09-27 09:38:32,236 - root - INFO - Fetched weather for Jánosháza: 20.5°C, Clouds, humidity: 52%
2026-09-27 09:38:33,337 - root - INFO - [667/1205] Fetching weather for Keszthely...
2026-09-27 09:38:33,496 - root - INFO - Fetched weather for Keszthely: 19.1°C, Clouds, humidity: 59%
2026-09-27 09:38:34,597 - root - INFO - [668/1205] Fetching weather for Alsógyenes...
2026-09-27 09:38:34,754 - root - INFO - Fetched weather for Alsógyenes: 19.1°C, Clouds, humidity: 59%
2026-09-27 09:38:35,855 - root - INFO - [669/1205] Fetching weather for Gyenesdiás...
2026-09-27 09:38:36,016 - root - INFO - Fetched weather for Gyenesdiás: 19.1°C, Clouds, humidity: 59%
2026-09-27 09:38:37,118 - root - INFO - [670/1205] Fetching weather for Vonyarcvashegy...
2026-09-27 09:38:37,278 - root - INFO - Fetched weather for Vonyarcvashegy: 19.1°C, Clouds, humidity: 59%
2026-09-27 09:38:38,379 - root - INFO - [671/1205] Fetching weather for Balatongyörök...
2026-09-27 09:38:38,549 - root - INFO - Fetched weather for Balatongyörök: 19.1°C, Clouds, humidity: 59%
2026-09-27 09:38:39,651 - root - INFO - [672/1205] Fetching weather for Becehegy...
2026-09-27 09:38:39,807 - root - INFO - Fetched weather for Becehegy: 19.1°C, Clouds, humidity: 59%
2026-09-27 09:38:40,909 - root - INFO - [673/1205] Fetching weather for Balatonederics...
2026-09-27 09:38:41,068 - root - INFO - Fetched weather for Balatonederics: 19.0°C, Clouds, humidity: 56%
2026-09-27 09:38:42,169 - root - INFO - [674/1205] Fetching weather for Dabronc...
2026-09-27 09:38:42,335 - root - INFO - Fetched weather for Dabronc: 20.6°C, Clouds, humidity: 52%
2026-09-27 09:38:43,437 - root - INFO - [675/1205] Fetching weather for Türje...
2026-09-27 09:38:43,597 - root - INFO - Fetched weather for Türje: 20.6°C, Clouds, humidity: 52%
2026-09-27 09:38:44,699 - root - INFO - [676/1205] Fetching weather for Zalabér-Batyk...
2026-09-27 09:38:44,858 - root - INFO - Fetched weather for Zalabér-Batyk: 20.7°C, Clouds, humidity: 53%
2026-09-27 09:38:45,960 - root - INFO - [677/1205] Fetching weather for Pakod...
2026-09-27 09:38:46,124 - root - INFO - Fetched weather for Pakod: 20.6°C, Clouds, humidity: 53%
2026-09-27 09:38:47,226 - root - INFO - [678/1205] Fetching weather for Pókaszepetk...
2026-09-27 09:38:47,383 - root - INFO - Fetched weather for Pókaszepetk: 20.7°C, Clouds, humidity: 53%
2026-09-27 09:38:48,484 - root - INFO - [679/1205] Fetching weather for Kemendollár...
2026-09-27 09:38:48,642 - root - INFO - Fetched weather for Kemendollár: 18.9°C, Clouds, humidity: 53%
2026-09-27 09:38:49,743 - root - INFO - [680/1205] Fetching weather for Zalaegerszeg...
2026-09-27 09:38:49,897 - root - INFO - Fetched weather for Zalaegerszeg: 18.7°C, Clouds, humidity: 52%
2026-09-27 09:38:50,999 - root - INFO - [681/1205] Fetching weather for Bocfölde...
2026-09-27 09:38:51,169 - root - INFO - Fetched weather for Bocfölde: 18.8°C, Clouds, humidity: 53%
2026-09-27 09:38:52,271 - root - INFO - [682/1205] Fetching weather for Sárhida...
2026-09-27 09:38:52,434 - root - INFO - Fetched weather for Sárhida: 18.8°C, Clouds, humidity: 52%
2026-09-27 09:38:53,535 - root - INFO - [683/1205] Fetching weather for Bak...
2026-09-27 09:38:53,692 - root - INFO - Fetched weather for Bak: 18.8°C, Clouds, humidity: 52%
2026-09-27 09:38:54,794 - root - INFO - [684/1205] Fetching weather for Tófej...
2026-09-27 09:38:54,962 - root - INFO - Fetched weather for Tófej: 18.6°C, Clouds, humidity: 52%
2026-09-27 09:38:56,064 - root - INFO - [685/1205] Fetching weather for Gutorfölde...
2026-09-27 09:38:56,221 - root - INFO - Fetched weather for Gutorfölde: 20.6°C, Clouds, humidity: 52%
2026-09-27 09:38:57,322 - root - INFO - [686/1205] Fetching weather for Csömödér-Páka...
2026-09-27 09:38:57,484 - root - INFO - Fetched weather for Csömödér-Páka: 22.2°C, Clouds, humidity: 52%
2026-09-27 09:38:58,586 - root - INFO - [687/1205] Fetching weather for Iklódbördőce...
2026-09-27 09:38:58,745 - root - INFO - Fetched weather for Iklódbördőce: 22.2°C, Clouds, humidity: 52%
2026-09-27 09:38:59,847 - root - INFO - [688/1205] Fetching weather for Lenti...
2026-09-27 09:39:00,003 - root - INFO - Fetched weather for Lenti: 22.2°C, Clouds, humidity: 53%
2026-09-27 09:39:01,104 - root - INFO - [689/1205] Fetching weather for Rédics...
2026-09-27 09:39:01,271 - root - INFO - Fetched weather for Rédics: 22.2°C, Clouds, humidity: 53%
2026-09-27 09:39:02,372 - root - INFO - [690/1205] Fetching weather for Zalalövő...
2026-09-27 09:39:02,537 - root - INFO - Fetched weather for Zalalövő: 20.4°C, Clouds, humidity: 54%
2026-09-27 09:39:03,638 - root - INFO - [691/1205] Fetching weather for Zalaegerszeg-Ola...
2026-09-27 09:39:03,792 - root - INFO - Fetched weather for Zalaegerszeg-Ola: 20.6°C, Clouds, humidity: 52%
2026-09-27 09:39:04,894 - root - INFO - [692/1205] Fetching weather for Andráshida...
2026-09-27 09:39:05,047 - root - INFO - Fetched weather for Andráshida: 20.5°C, Clouds, humidity: 52%
2026-09-27 09:39:06,149 - root - INFO - [693/1205] Fetching weather for Bagod...
2026-09-27 09:39:06,306 - root - INFO - Fetched weather for Bagod: 20.6°C, Clouds, humidity: 52%
2026-09-27 09:39:07,408 - root - INFO - [694/1205] Fetching weather for Zalaszentgyörgy...
2026-09-27 09:39:07,566 - root - INFO - Fetched weather for Zalaszentgyörgy: 20.5°C, Clouds, humidity: 53%
2026-09-27 09:39:08,668 - root - INFO - [695/1205] Fetching weather for Zalacséb-Salomvár...
2026-09-27 09:39:08,825 - root - INFO - Fetched weather for Zalacséb-Salomvár: 20.3°C, Clouds, humidity: 53%
2026-09-27 09:39:09,927 - root - INFO - [696/1205] Fetching weather for Kópháza...
2026-09-27 09:39:10,085 - root - INFO - Fetched weather for Kópháza: 20.8°C, Clouds, humidity: 56%
2026-09-27 09:39:11,186 - root - INFO - [697/1205] Fetching weather for Nagycenk...
2026-09-27 09:39:11,343 - root - INFO - Fetched weather for Nagycenk: 20.9°C, Clouds, humidity: 56%
2026-09-27 09:39:12,445 - root - INFO - [698/1205] Fetching weather for Sopronkövesd...
2026-09-27 09:39:12,603 - root - INFO - Fetched weather for Sopronkövesd: 20.7°C, Clouds, humidity: 55%
2026-09-27 09:39:13,704 - root - INFO - [699/1205] Fetching weather for Lövő...
2026-09-27 09:39:13,867 - root - INFO - Fetched weather for Lövő: 20.8°C, Clouds, humidity: 55%
2026-09-27 09:39:14,968 - root - INFO - [700/1205] Fetching weather for Újkér...
2026-09-27 09:39:15,128 - root - INFO - Fetched weather for Újkér: 20.8°C, Clouds, humidity: 55%
2026-09-27 09:39:16,230 - root - INFO - [701/1205] Fetching weather for Bük...
2026-09-27 09:39:16,392 - root - INFO - Fetched weather for Bük: 20.8°C, Clouds, humidity: 55%
2026-09-27 09:39:17,494 - root - INFO - [702/1205] Fetching weather for Acsád...
2026-09-27 09:39:17,650 - root - INFO - Fetched weather for Acsád: 20.6°C, Clouds, humidity: 55%
2026-09-27 09:39:18,752 - root - INFO - [703/1205] Fetching weather for Salköveskút-Vassurány...
2026-09-27 09:39:18,907 - root - INFO - Fetched weather for Salköveskút-Vassurány: 20.6°C, Clouds, humidity: 55%
2026-09-27 09:39:20,009 - root - INFO - [704/1205] Fetching weather for Zalaszentiván...
2026-09-27 09:39:20,171 - root - INFO - Fetched weather for Zalaszentiván: 18.9°C, Clouds, humidity: 52%
2026-09-27 09:39:21,272 - root - INFO - [705/1205] Fetching weather for Alsónemesapáti...
2026-09-27 09:39:21,434 - root - INFO - Fetched weather for Alsónemesapáti: 18.9°C, Clouds, humidity: 53%
2026-09-27 09:39:22,536 - root - INFO - [706/1205] Fetching weather for Józsa...
2026-09-27 09:39:22,694 - root - INFO - Fetched weather for Józsa: 20.9°C, Clear, humidity: 43%
2026-09-27 09:39:23,796 - root - INFO - [707/1205] Fetching weather for Hajdúszentgyörgy...
2026-09-27 09:39:23,956 - root - INFO - Fetched weather for Hajdúszentgyörgy: 20.8°C, Clear, humidity: 43%
2026-09-27 09:39:25,057 - root - INFO - [708/1205] Fetching weather for Zelemér...
2026-09-27 09:39:25,213 - root - INFO - Fetched weather for Zelemér: 20.8°C, Clear, humidity: 43%
2026-09-27 09:39:26,315 - root - INFO - [709/1205] Fetching weather for Hajdúböszörmény...
2026-09-27 09:39:26,476 - root - INFO - Fetched weather for Hajdúböszörmény: 20.8°C, Clear, humidity: 47%
2026-09-27 09:39:27,578 - root - INFO - [710/1205] Fetching weather for Hajdúvid...
2026-09-27 09:39:27,738 - root - INFO - Fetched weather for Hajdúvid: 20.9°C, Clear, humidity: 48%
2026-09-27 09:39:28,839 - root - INFO - [711/1205] Fetching weather for Hajdúdorog...
2026-09-27 09:39:28,999 - root - INFO - Fetched weather for Hajdúdorog: 20.9°C, Clouds, humidity: 49%
2026-09-27 09:39:30,100 - root - INFO - [712/1205] Fetching weather for Hajdúnánás...
2026-09-27 09:39:30,259 - root - INFO - Fetched weather for Hajdúnánás: 21.0°C, Clouds, humidity: 50%
2026-09-27 09:39:31,361 - root - INFO - [713/1205] Fetching weather for Hajdúnánás-Vásártér...
2026-09-27 09:39:31,524 - root - INFO - Fetched weather for Hajdúnánás-Vásártér: 21.0°C, Clouds, humidity: 50%
2026-09-27 09:39:32,625 - root - INFO - [714/1205] Fetching weather for Tedej...
2026-09-27 09:39:32,789 - root - INFO - Fetched weather for Tedej: 21.0°C, Clouds, humidity: 51%
2026-09-27 09:39:33,891 - root - INFO - [715/1205] Fetching weather for Tiszavasvári...
2026-09-27 09:39:34,048 - root - INFO - Fetched weather for Tiszavasvári: 21.0°C, Clouds, humidity: 43%
2026-09-27 09:39:35,150 - root - INFO - [716/1205] Fetching weather for Egyházerdő...
2026-09-27 09:39:35,305 - root - INFO - Fetched weather for Egyházerdő: 21.0°C, Clouds, humidity: 43%
2026-09-27 09:39:36,407 - root - INFO - [717/1205] Fetching weather for Tiszalök...
2026-09-27 09:39:36,573 - root - INFO - Fetched weather for Tiszalök: 21.0°C, Clouds, humidity: 43%
2026-09-27 09:39:37,675 - root - INFO - [718/1205] Fetching weather for Hajnalos...
2026-09-27 09:39:37,830 - root - INFO - Fetched weather for Hajnalos: 21.0°C, Clouds, humidity: 43%
2026-09-27 09:39:38,932 - root - INFO - [719/1205] Fetching weather for Kisfástanya...
2026-09-27 09:39:39,086 - root - INFO - Fetched weather for Kisfástanya: 20.9°C, Clouds, humidity: 43%
2026-09-27 09:39:40,188 - root - INFO - [720/1205] Fetching weather for Tiszaeszlár...
2026-09-27 09:39:40,351 - root - INFO - Fetched weather for Tiszaeszlár: 21.0°C, Clouds, humidity: 43%
2026-09-27 09:39:41,452 - root - INFO - [721/1205] Fetching weather for Bashalom...
2026-09-27 09:39:41,615 - root - INFO - Fetched weather for Bashalom: 20.9°C, Clouds, humidity: 43%
2026-09-27 09:39:42,716 - root - INFO - [722/1205] Fetching weather for Sáránd...
2026-09-27 09:39:42,876 - root - INFO - Fetched weather for Sáránd: 21.0°C, Clear, humidity: 43%
2026-09-27 09:39:43,978 - root - INFO - [723/1205] Fetching weather for Derecske...
2026-09-27 09:39:44,136 - root - INFO - Fetched weather for Derecske: 21.1°C, Clear, humidity: 43%
2026-09-27 09:39:45,238 - root - INFO - [724/1205] Fetching weather for Derecske-Vásártér...
2026-09-27 09:39:45,400 - root - INFO - Fetched weather for Derecske-Vásártér: 21.1°C, Clear, humidity: 43%
2026-09-27 09:39:46,501 - root - INFO - [725/1205] Fetching weather for Konyár...
2026-09-27 09:39:46,662 - root - INFO - Fetched weather for Konyár: 21.1°C, Clear, humidity: 43%
2026-09-27 09:39:47,763 - root - INFO - [726/1205] Fetching weather for Konyári Sóstófürdő...
2026-09-27 09:39:47,917 - root - INFO - Fetched weather for Konyári Sóstófürdő: 21.1°C, Clear, humidity: 43%
2026-09-27 09:39:49,018 - root - INFO - [727/1205] Fetching weather for Pocsaj-Esztár...
2026-09-27 09:39:49,177 - root - INFO - Fetched weather for Pocsaj-Esztár: 21.1°C, Clear, humidity: 43%
2026-09-27 09:39:50,279 - root - INFO - [728/1205] Fetching weather for Kismarja...
2026-09-27 09:39:50,434 - root - INFO - Fetched weather for Kismarja: 22.5°C, Clear, humidity: 43%
2026-09-27 09:39:51,536 - root - INFO - [729/1205] Fetching weather for Nagykereki...
2026-09-27 09:39:51,696 - root - INFO - Fetched weather for Nagykereki: 22.4°C, Clear, humidity: 38%
2026-09-27 09:39:52,798 - root - INFO - [730/1205] Fetching weather for Debrecen-Szabadságtelep...
2026-09-27 09:39:52,957 - root - INFO - Fetched weather for Debrecen-Szabadságtelep: 20.9°C, Clear, humidity: 43%
2026-09-27 09:39:54,059 - root - INFO - [731/1205] Fetching weather for Kondoroskert...
2026-09-27 09:39:54,222 - root - INFO - Fetched weather for Kondoroskert: 20.9°C, Clear, humidity: 43%
2026-09-27 09:39:55,324 - root - INFO - [732/1205] Fetching weather for Nagycsere...
2026-09-27 09:39:55,479 - root - INFO - Fetched weather for Nagycsere: 20.9°C, Clear, humidity: 43%
2026-09-27 09:39:56,581 - root - INFO - [733/1205] Fetching weather for Haláp...
2026-09-27 09:39:56,745 - root - INFO - Fetched weather for Haláp: 20.9°C, Clear, humidity: 43%
2026-09-27 09:39:57,847 - root - INFO - [734/1205] Fetching weather for Vámospércs...
2026-09-27 09:39:58,008 - root - INFO - Fetched weather for Vámospércs: 20.8°C, Clear, humidity: 46%
2026-09-27 09:39:59,110 - root - INFO - [735/1205] Fetching weather for Szentannapuszta...
2026-09-27 09:39:59,276 - root - INFO - Fetched weather for Szentannapuszta: 20.8°C, Clear, humidity: 46%
2026-09-27 09:40:00,378 - root - INFO - [736/1205] Fetching weather for Nyírábrány...
2026-09-27 09:40:00,540 - root - INFO - Fetched weather for Nyírábrány: 20.7°C, Clear, humidity: 46%
2026-09-27 09:40:01,641 - root - INFO - [737/1205] Fetching weather for Dombostanya...
2026-09-27 09:40:01,797 - root - INFO - Fetched weather for Dombostanya: 20.8°C, Clear, humidity: 43%
2026-09-27 09:40:02,898 - root - INFO - [738/1205] Fetching weather for Hajdúsámson...
2026-09-27 09:40:03,060 - root - INFO - Fetched weather for Hajdúsámson: 20.8°C, Clear, humidity: 43%
2026-09-27 09:40:04,162 - root - INFO - [739/1205] Fetching weather for Tamásipuszta...
2026-09-27 09:40:04,321 - root - INFO - Fetched weather for Tamásipuszta: 20.8°C, Clear, humidity: 47%
2026-09-27 09:40:05,422 - root - INFO - [740/1205] Fetching weather for Aradványpuszta...
2026-09-27 09:40:05,579 - root - INFO - Fetched weather for Aradványpuszta: 20.7°C, Clear, humidity: 47%
2026-09-27 09:40:06,681 - root - INFO - [741/1205] Fetching weather for Nyíradony...
2026-09-27 09:40:06,839 - root - INFO - Fetched weather for Nyíradony: 20.5°C, Clear, humidity: 47%
2026-09-27 09:40:07,940 - root - INFO - [742/1205] Fetching weather for Nyírmihálydi...
2026-09-27 09:40:08,096 - root - INFO - Fetched weather for Nyírmihálydi: 20.4°C, Clear, humidity: 47%
2026-09-27 09:40:09,197 - root - INFO - [743/1205] Fetching weather for Nyírgelse...
2026-09-27 09:40:09,360 - root - INFO - Fetched weather for Nyírgelse: 20.3°C, Clear, humidity: 48%
2026-09-27 09:40:10,462 - root - INFO - [744/1205] Fetching weather for Nyírbogát...
2026-09-27 09:40:10,622 - root - INFO - Fetched weather for Nyírbogát: 20.3°C, Clouds, humidity: 49%
2026-09-27 09:40:11,723 - root - INFO - [745/1205] Fetching weather for Nagykálló...
2026-09-27 09:40:11,885 - root - INFO - Fetched weather for Nagykálló: 20.4°C, Clouds, humidity: 52%
2026-09-27 09:40:12,986 - root - INFO - [746/1205] Fetching weather for Kállósemjén...
2026-09-27 09:40:13,143 - root - INFO - Fetched weather for Kállósemjén: 20.4°C, Clouds, humidity: 50%
2026-09-27 09:40:14,245 - root - INFO - [747/1205] Fetching weather for Nyírbátor...
2026-09-27 09:40:14,405 - root - INFO - Fetched weather for Nyírbátor: 20.2°C, Clouds, humidity: 50%
2026-09-27 09:40:15,506 - root - INFO - [748/1205] Fetching weather for Nyírcsászári...
2026-09-27 09:40:15,682 - root - INFO - Fetched weather for Nyírcsászári: 20.2°C, Clouds, humidity: 51%
2026-09-27 09:40:16,783 - root - INFO - [749/1205] Fetching weather for Hodász...
2026-09-27 09:40:16,943 - root - INFO - Fetched weather for Hodász: 20.1°C, Clouds, humidity: 52%
2026-09-27 09:40:18,045 - root - INFO - [750/1205] Fetching weather for Nyírmeggyes...
2026-09-27 09:40:18,223 - root - INFO - Fetched weather for Nyírmeggyes: 20.1°C, Clouds, humidity: 53%
2026-09-27 09:40:19,324 - root - INFO - [751/1205] Fetching weather for Mátészalka...
2026-09-27 09:40:19,483 - root - INFO - Fetched weather for Mátészalka: 20.1°C, Clouds, humidity: 53%
2026-09-27 09:40:20,584 - root - INFO - [752/1205] Fetching weather for Kocsord...
2026-09-27 09:40:20,753 - root - INFO - Fetched weather for Kocsord: 20.3°C, Clouds, humidity: 53%
2026-09-27 09:40:21,855 - root - INFO - [753/1205] Fetching weather for Kocsord alsó...
2026-09-27 09:40:22,018 - root - INFO - Fetched weather for Kocsord alsó: 20.3°C, Clouds, humidity: 53%
2026-09-27 09:40:23,120 - root - INFO - [754/1205] Fetching weather for Győrtelek...
2026-09-27 09:40:23,279 - root - INFO - Fetched weather for Győrtelek: 20.3°C, Clouds, humidity: 52%
2026-09-27 09:40:24,380 - root - INFO - [755/1205] Fetching weather for Győrtelek alsó...
2026-09-27 09:40:24,534 - root - INFO - Fetched weather for Győrtelek alsó: 20.4°C, Clouds, humidity: 52%
2026-09-27 09:40:25,635 - root - INFO - [756/1205] Fetching weather for Ököritófülpös...
2026-09-27 09:40:25,796 - root - INFO - Fetched weather for Ököritófülpös: 20.4°C, Clouds, humidity: 51%
2026-09-27 09:40:26,898 - root - INFO - [757/1205] Fetching weather for Porcsalma-Tyukod...
2026-09-27 09:40:27,057 - root - INFO - Fetched weather for Porcsalma-Tyukod: 20.1°C, Clouds, humidity: 50%
2026-09-27 09:40:28,159 - root - INFO - [758/1205] Fetching weather for Csenger...
2026-09-27 09:40:28,320 - root - INFO - Fetched weather for Csenger: 20.1°C, Clouds, humidity: 49%
2026-09-27 09:40:29,421 - root - INFO - [759/1205] Fetching weather for Kisfái...
2026-09-27 09:40:29,581 - root - INFO - Fetched weather for Kisfái: 22.5°C, Clear, humidity: 43%
2026-09-27 09:40:30,683 - root - INFO - [760/1205] Fetching weather for Nyárlőrinci szőlők...
2026-09-27 09:40:30,841 - root - INFO - Fetched weather for Nyárlőrinci szőlők: 22.4°C, Clear, humidity: 43%
2026-09-27 09:40:31,942 - root - INFO - [761/1205] Fetching weather for Nyárlőrinc alsó...
2026-09-27 09:40:32,100 - root - INFO - Fetched weather for Nyárlőrinc alsó: 22.2°C, Clear, humidity: 42%
2026-09-27 09:40:33,201 - root - INFO - [762/1205] Fetching weather for Tiszaug-Tiszahídfő...
2026-09-27 09:40:33,361 - root - INFO - Fetched weather for Tiszaug-Tiszahídfő: 22.9°C, Clear, humidity: 43%
2026-09-27 09:40:34,463 - root - INFO - [763/1205] Fetching weather for Csongrádi úti tanyák...
2026-09-27 09:40:34,617 - root - INFO - Fetched weather for Csongrádi úti tanyák: 24.4°C, Clouds, humidity: 37%
2026-09-27 09:40:35,719 - root - INFO - [764/1205] Fetching weather for Kettőshalom...
2026-09-27 09:40:35,885 - root - INFO - Fetched weather for Kettőshalom: 23.4°C, Clouds, humidity: 44%
2026-09-27 09:40:36,987 - root - INFO - [765/1205] Fetching weather for Csongrád alsó...
2026-09-27 09:40:37,146 - root - INFO - Fetched weather for Csongrád alsó: 23.4°C, Clear, humidity: 41%
2026-09-27 09:40:38,247 - root - INFO - [766/1205] Fetching weather for Dónát...
2026-09-27 09:40:38,409 - root - INFO - Fetched weather for Dónát: 21.9°C, Clouds, humidity: 41%
2026-09-27 09:40:39,511 - root - INFO - [767/1205] Fetching weather for Pusztatemplom...
2026-09-27 09:40:39,667 - root - INFO - Fetched weather for Pusztatemplom: 21.9°C, Clouds, humidity: 41%
2026-09-27 09:40:40,768 - root - INFO - [768/1205] Fetching weather for Előhát...
2026-09-27 09:40:40,933 - root - INFO - Fetched weather for Előhát: 22.8°C, Clear, humidity: 48%
2026-09-27 09:40:42,034 - root - INFO - [769/1205] Fetching weather for Polgárdi-Tekerespuszta...
2026-09-27 09:40:42,190 - root - INFO - Fetched weather for Polgárdi-Tekerespuszta: 22.1°C, Clouds, humidity: 50%
2026-09-27 09:40:43,291 - root - INFO - [770/1205] Fetching weather for Szatina-Kishajmás...
2026-09-27 09:40:43,454 - root - INFO - Fetched weather for Szatina-Kishajmás: 21.2°C, Clouds, humidity: 47%
2026-09-27 09:40:44,556 - root - INFO - [771/1205] Fetching weather for Márok...
2026-09-27 09:40:44,717 - root - INFO - Fetched weather for Márok: 21.3°C, Clouds, humidity: 49%
2026-09-27 09:40:45,818 - root - INFO - [772/1205] Fetching weather for Nagynyárád...
2026-09-27 09:40:45,981 - root - INFO - Fetched weather for Nagynyárád: 22.0°C, Clouds, humidity: 45%
2026-09-27 09:40:47,083 - root - INFO - [773/1205] Fetching weather for Szászvár...
2026-09-27 09:40:47,243 - root - INFO - Fetched weather for Szászvár: 22.5°C, Clouds, humidity: 46%
2026-09-27 09:40:48,345 - root - INFO - [774/1205] Fetching weather for Cikó...
2026-09-27 09:40:48,502 - root - INFO - Fetched weather for Cikó: 22.8°C, Clouds, humidity: 46%
2026-09-27 09:40:49,603 - root - INFO - [775/1205] Fetching weather for Gyöngyfa-Magyarmecske...
2026-09-27 09:40:49,757 - root - INFO - Fetched weather for Gyöngyfa-Magyarmecske: 21.6°C, Clouds, humidity: 50%
2026-09-27 09:40:50,859 - root - INFO - [776/1205] Fetching weather for Nagyhát...
2026-09-27 09:40:51,013 - root - INFO - Fetched weather for Nagyhát: 20.9°C, Clear, humidity: 43%
2026-09-27 09:40:52,115 - root - INFO - [777/1205] Fetching weather for Balmazújváros...
2026-09-27 09:40:52,270 - root - INFO - Fetched weather for Balmazújváros: 21.1°C, Clear, humidity: 48%
2026-09-27 09:40:53,372 - root - INFO - [778/1205] Fetching weather for Kónya...
2026-09-27 09:40:53,528 - root - INFO - Fetched weather for Kónya: 21.4°C, Clear, humidity: 50%
2026-09-27 09:40:54,629 - root - INFO - [779/1205] Fetching weather for Hortobágy...
2026-09-27 09:40:54,791 - root - INFO - Fetched weather for Hortobágy: 21.4°C, Clear, humidity: 52%
2026-09-27 09:40:55,892 - root - INFO - [780/1205] Fetching weather for Hortobágyi Halastó...
2026-09-27 09:40:56,055 - root - INFO - Fetched weather for Hortobágyi Halastó: 21.5°C, Clear, humidity: 52%
2026-09-27 09:40:57,157 - root - INFO - [781/1205] Fetching weather for Ohat-Pusztakócs...
2026-09-27 09:40:57,311 - root - INFO - Fetched weather for Ohat-Pusztakócs: 21.6°C, Clear, humidity: 50%
2026-09-27 09:40:58,413 - root - INFO - [782/1205] Fetching weather for Egyek...
2026-09-27 09:40:58,573 - root - INFO - Fetched weather for Egyek: 22.8°C, Clear, humidity: 49%
2026-09-27 09:40:59,674 - root - INFO - [783/1205] Fetching weather for Tiszafüred...
2026-09-27 09:40:59,834 - root - INFO - Fetched weather for Tiszafüred: 22.8°C, Clear, humidity: 49%
2026-09-27 09:41:00,936 - root - INFO - [784/1205] Fetching weather for Poroszló...
2026-09-27 09:41:01,103 - root - INFO - Fetched weather for Poroszló: 22.8°C, Clear, humidity: 48%
2026-09-27 09:41:02,205 - root - INFO - [785/1205] Fetching weather for Kétútköz...
2026-09-27 09:41:02,365 - root - INFO - Fetched weather for Kétútköz: 22.7°C, Clear, humidity: 48%
2026-09-27 09:41:03,467 - root - INFO - [786/1205] Fetching weather for Egerfarmos...
2026-09-27 09:41:03,627 - root - INFO - Fetched weather for Egerfarmos: 22.7°C, Clear, humidity: 47%
2026-09-27 09:41:04,728 - root - INFO - [787/1205] Fetching weather for Piliscsaba...
2026-09-27 09:41:04,884 - root - INFO - Fetched weather for Piliscsaba: 19.6°C, Clouds, humidity: 53%
2026-09-27 09:41:05,985 - root - INFO - [788/1205] Fetching weather for Pilisjászfalu...
2026-09-27 09:41:06,145 - root - INFO - Fetched weather for Pilisjászfalu: 19.9°C, Clouds, humidity: 53%
2026-09-27 09:41:07,247 - root - INFO - [789/1205] Fetching weather for Leányvár...
2026-09-27 09:41:07,411 - root - INFO - Fetched weather for Leányvár: 19.6°C, Clouds, humidity: 56%
2026-09-27 09:41:08,513 - root - INFO - [790/1205] Fetching weather for Dorog...
2026-09-27 09:41:08,671 - root - INFO - Fetched weather for Dorog: 19.9°C, Clouds, humidity: 56%
2026-09-27 09:41:09,772 - root - INFO - [791/1205] Fetching weather for Esztergom-Kertváros...
2026-09-27 09:41:09,931 - root - INFO - Fetched weather for Esztergom-Kertváros: 19.9°C, Clouds, humidity: 56%
2026-09-27 09:41:11,032 - root - INFO - [792/1205] Fetching weather for Esztergom...
2026-09-27 09:41:11,192 - root - INFO - Fetched weather for Esztergom: 20.0°C, Clouds, humidity: 56%
2026-09-27 09:41:12,294 - root - INFO - [793/1205] Fetching weather for Dunaalmás...
2026-09-27 09:41:12,455 - root - INFO - Fetched weather for Dunaalmás: 20.8°C, Clouds, humidity: 48%
2026-09-27 09:41:13,557 - root - INFO - [794/1205] Fetching weather for Neszmély...
2026-09-27 09:41:13,720 - root - INFO - Fetched weather for Neszmély: 20.8°C, Clouds, humidity: 48%
2026-09-27 09:41:14,821 - root - INFO - [795/1205] Fetching weather for Süttő...
2026-09-27 09:41:14,981 - root - INFO - Fetched weather for Süttő: 20.0°C, Clouds, humidity: 48%
2026-09-27 09:41:16,082 - root - INFO - [796/1205] Fetching weather for Piszke...
2026-09-27 09:41:16,253 - root - INFO - Fetched weather for Piszke: 20.0°C, Clouds, humidity: 56%
2026-09-27 09:41:17,355 - root - INFO - [797/1205] Fetching weather for Lábatlan...
2026-09-27 09:41:17,515 - root - INFO - Fetched weather for Lábatlan: 19.9°C, Clouds, humidity: 56%
2026-09-27 09:41:18,616 - root - INFO - [798/1205] Fetching weather for Eternitgyár...
2026-09-27 09:41:18,771 - root - INFO - Fetched weather for Eternitgyár: 19.9°C, Clouds, humidity: 56%
2026-09-27 09:41:19,873 - root - INFO - [799/1205] Fetching weather for Nyergesújfalu felső...
2026-09-27 09:41:20,035 - root - INFO - Fetched weather for Nyergesújfalu felső: 20.0°C, Clouds, humidity: 56%
2026-09-27 09:41:21,137 - root - INFO - [800/1205] Fetching weather for Nyergesújfalu...
2026-09-27 09:41:21,294 - root - INFO - Fetched weather for Nyergesújfalu: 20.0°C, Clouds, humidity: 56%
2026-09-27 09:41:22,395 - root - INFO - [801/1205] Fetching weather for Tokod...
2026-09-27 09:41:22,552 - root - INFO - Fetched weather for Tokod: 20.0°C, Clouds, humidity: 56%
2026-09-27 09:41:23,654 - root - INFO - [802/1205] Fetching weather for Környe...
2026-09-27 09:41:23,824 - root - INFO - Fetched weather for Környe: 20.6°C, Clouds, humidity: 47%
2026-09-27 09:41:24,925 - root - INFO - [803/1205] Fetching weather for Kecskéd alsó...
2026-09-27 09:41:25,084 - root - INFO - Fetched weather for Kecskéd alsó: 20.6°C, Clouds, humidity: 46%
2026-09-27 09:41:26,186 - root - INFO - [804/1205] Fetching weather for Oroszlány...
2026-09-27 09:41:26,342 - root - INFO - Fetched weather for Oroszlány: 20.5°C, Clouds, humidity: 47%
2026-09-27 09:41:27,443 - root - INFO - [805/1205] Fetching weather for Győrszabadhegy...
2026-09-27 09:41:27,602 - root - INFO - Fetched weather for Győrszabadhegy: 22.0°C, Clouds, humidity: 53%
2026-09-27 09:41:28,703 - root - INFO - [806/1205] Fetching weather for Ménfőcsanak felső...
2026-09-27 09:41:28,864 - root - INFO - Fetched weather for Ménfőcsanak felső: 22.0°C, Clouds, humidity: 51%
2026-09-27 09:41:29,966 - root - INFO - [807/1205] Fetching weather for Gyömöre-Tét...
2026-09-27 09:41:30,134 - root - INFO - Fetched weather for Gyömöre-Tét: 21.8°C, Clouds, humidity: 45%
2026-09-27 09:41:31,236 - root - INFO - [808/1205] Fetching weather for Szerecseny...
2026-09-27 09:41:31,394 - root - INFO - Fetched weather for Szerecseny: 21.6°C, Clouds, humidity: 45%
2026-09-27 09:41:32,496 - root - INFO - [809/1205] Fetching weather for Gecse-Gyarmat...
2026-09-27 09:41:32,662 - root - INFO - Fetched weather for Gecse-Gyarmat: 21.5°C, Clouds, humidity: 45%
2026-09-27 09:41:33,764 - root - INFO - [810/1205] Fetching weather for Vaszar...
2026-09-27 09:41:33,918 - root - INFO - Fetched weather for Vaszar: 21.1°C, Clouds, humidity: 46%
2026-09-27 09:41:35,020 - root - INFO - [811/1205] Fetching weather for Pápa...
2026-09-27 09:41:35,179 - root - INFO - Fetched weather for Pápa: 21.0°C, Clouds, humidity: 46%
2026-09-27 09:41:36,281 - root - INFO - [812/1205] Fetching weather for Mezőlak...
2026-09-27 09:41:36,439 - root - INFO - Fetched weather for Mezőlak: 21.1°C, Clouds, humidity: 46%
2026-09-27 09:41:37,540 - root - INFO - [813/1205] Fetching weather for Mihályháza...
2026-09-27 09:41:37,699 - root - INFO - Fetched weather for Mihályháza: 21.1°C, Clouds, humidity: 46%
2026-09-27 09:41:38,800 - root - INFO - [814/1205] Fetching weather for Vinár...
2026-09-27 09:41:38,967 - root - INFO - Fetched weather for Vinár: 21.1°C, Clouds, humidity: 46%
2026-09-27 09:41:40,069 - root - INFO - [815/1205] Fetching weather for Külsővat...
2026-09-27 09:41:40,228 - root - INFO - Fetched weather for Külsővat: 21.1°C, Clouds, humidity: 52%
2026-09-27 09:41:41,329 - root - INFO - [816/1205] Fetching weather for Celldömölk...
2026-09-27 09:41:41,483 - root - INFO - Fetched weather for Celldömölk: 21.1°C, Clouds, humidity: 52%
2026-09-27 09:41:42,585 - root - INFO - [817/1205] Fetching weather for Kemenesmihályfa...
2026-09-27 09:41:42,744 - root - INFO - Fetched weather for Kemenesmihályfa: 20.1°C, Clouds, humidity: 53%
2026-09-27 09:41:43,845 - root - INFO - [818/1205] Fetching weather for Nagysimonyi...
2026-09-27 09:41:44,003 - root - INFO - Fetched weather for Nagysimonyi: 20.1°C, Clouds, humidity: 52%
2026-09-27 09:41:45,105 - root - INFO - [819/1205] Fetching weather for Ostffyasszonyfa...
2026-09-27 09:41:45,268 - root - INFO - Fetched weather for Ostffyasszonyfa: 20.2°C, Clouds, humidity: 53%
2026-09-27 09:41:46,370 - root - INFO - [820/1205] Fetching weather for Sárvár...
2026-09-27 09:41:46,531 - root - INFO - Fetched weather for Sárvár: 20.2°C, Clouds, humidity: 54%
2026-09-27 09:41:47,633 - root - INFO - [821/1205] Fetching weather for Porpác...
2026-09-27 09:41:47,795 - root - INFO - Fetched weather for Porpác: 20.9°C, Clouds, humidity: 55%
2026-09-27 09:41:48,897 - root - INFO - [822/1205] Fetching weather for Balatonföldvár...
2026-09-27 09:41:49,052 - root - INFO - Fetched weather for Balatonföldvár: 22.2°C, Clouds, humidity: 80%
2026-09-27 09:41:50,154 - root - INFO - [823/1205] Fetching weather for Balatonszárszó...
2026-09-27 09:41:50,321 - root - INFO - Fetched weather for Balatonszárszó: 22.2°C, Clouds, humidity: 54%
2026-09-27 09:41:51,423 - root - INFO - [824/1205] Fetching weather for Balatonszemes...
2026-09-27 09:41:51,586 - root - INFO - Fetched weather for Balatonszemes: 22.2°C, Clouds, humidity: 55%
2026-09-27 09:41:52,688 - root - INFO - [825/1205] Fetching weather for Balatonlelle felső...
2026-09-27 09:41:52,844 - root - INFO - Fetched weather for Balatonlelle felső: 23.3°C, Clouds, humidity: 55%
2026-09-27 09:41:53,946 - root - INFO - [826/1205] Fetching weather for Balatonlelle...
2026-09-27 09:41:54,109 - root - INFO - Fetched weather for Balatonlelle: 23.2°C, Clouds, humidity: 56%
2026-09-27 09:41:55,210 - root - INFO - [827/1205] Fetching weather for Fonyódliget...
2026-09-27 09:41:55,373 - root - INFO - Fetched weather for Fonyódliget: 21.1°C, Clouds, humidity: 56%
2026-09-27 09:41:56,475 - root - INFO - [828/1205] Fetching weather for Balatonboglár...
2026-09-27 09:41:56,634 - root - INFO - Fetched weather for Balatonboglár: 21.1°C, Clouds, humidity: 56%
2026-09-27 09:41:57,736 - root - INFO - [829/1205] Fetching weather for Balatonfenyves alsó...
2026-09-27 09:41:57,898 - root - INFO - Fetched weather for Balatonfenyves alsó: 19.1°C, Clouds, humidity: 57%
2026-09-27 09:41:59,000 - root - INFO - [830/1205] Fetching weather for Fonyód...
2026-09-27 09:41:59,154 - root - INFO - Fetched weather for Fonyód: 21.1°C, Clouds, humidity: 56%
2026-09-27 09:42:00,256 - root - INFO - [831/1205] Fetching weather for Bélatelep...
2026-09-27 09:42:00,411 - root - INFO - Fetched weather for Bélatelep: 19.1°C, Clouds, humidity: 56%
2026-09-27 09:42:01,513 - root - INFO - [832/1205] Fetching weather for Alsóbélatelep...
2026-09-27 09:42:01,682 - root - INFO - Fetched weather for Alsóbélatelep: 19.1°C, Clouds, humidity: 56%
2026-09-27 09:42:02,783 - root - INFO - [833/1205] Fetching weather for Balatonfenyves...
2026-09-27 09:42:02,940 - root - INFO - Fetched weather for Balatonfenyves: 19.1°C, Clouds, humidity: 56%
2026-09-27 09:42:04,042 - root - INFO - [834/1205] Fetching weather for Máriahullámtelep...
2026-09-27 09:42:04,208 - root - INFO - Fetched weather for Máriahullámtelep: 19.1°C, Clouds, humidity: 57%
2026-09-27 09:42:05,309 - root - INFO - [835/1205] Fetching weather for Balatonmáriafürdő...
2026-09-27 09:42:05,465 - root - INFO - Fetched weather for Balatonmáriafürdő: 19.1°C, Clouds, humidity: 59%
2026-09-27 09:42:06,566 - root - INFO - [836/1205] Fetching weather for Balatonberény...
2026-09-27 09:42:06,719 - root - INFO - Fetched weather for Balatonberény: 19.1°C, Clouds, humidity: 59%
2026-09-27 09:42:07,820 - root - INFO - [837/1205] Fetching weather for Balatonszentgyörgy...
2026-09-27 09:42:07,982 - root - INFO - Fetched weather for Balatonszentgyörgy: 19.1°C, Clouds, humidity: 59%
2026-09-27 09:42:09,083 - root - INFO - [838/1205] Fetching weather for Vörs...
2026-09-27 09:42:09,238 - root - INFO - Fetched weather for Vörs: 19.1°C, Clouds, humidity: 59%
2026-09-27 09:42:10,340 - root - INFO - [839/1205] Fetching weather for Zalaszentjakab...
2026-09-27 09:42:10,497 - root - INFO - Fetched weather for Zalaszentjakab: 18.9°C, Clouds, humidity: 50%
2026-09-27 09:42:11,598 - root - INFO - [840/1205] Fetching weather for Nagykanizsa...
2026-09-27 09:42:11,761 - root - INFO - Fetched weather for Nagykanizsa: 21.1°C, Clouds, humidity: 50%
2026-09-27 09:42:12,862 - root - INFO - [841/1205] Fetching weather for Murakeresztúr...
2026-09-27 09:42:13,022 - root - INFO - Fetched weather for Murakeresztúr: 21.2°C, Clouds, humidity: 48%
2026-09-27 09:42:14,124 - root - INFO - [842/1205] Fetching weather for Zalakomár...
2026-09-27 09:42:14,291 - root - INFO - Fetched weather for Zalakomár: 18.9°C, Clouds, humidity: 59%
2026-09-27 09:42:15,392 - root - INFO - [843/1205] Fetching weather for Szárazrét...
2026-09-27 09:42:15,554 - root - INFO - Fetched weather for Szárazrét: 21.2°C, Clouds, humidity: 49%
2026-09-27 09:42:16,656 - root - INFO - [844/1205] Fetching weather for Bodajk...
2026-09-27 09:42:16,811 - root - INFO - Fetched weather for Bodajk: 20.9°C, Clouds, humidity: 48%
2026-09-27 09:42:17,913 - root - INFO - [845/1205] Fetching weather for Csókakő...
2026-09-27 09:42:18,077 - root - INFO - Fetched weather for Csókakő: 20.5°C, Clouds, humidity: 48%
2026-09-27 09:42:19,179 - root - INFO - [846/1205] Fetching weather for Mór...
2026-09-27 09:42:19,338 - root - INFO - Fetched weather for Mór: 20.6°C, Clouds, humidity: 47%
2026-09-27 09:42:20,440 - root - INFO - [847/1205] Fetching weather for Bakonysárkány...
2026-09-27 09:42:20,600 - root - INFO - Fetched weather for Bakonysárkány: 20.3°C, Clouds, humidity: 47%
2026-09-27 09:42:21,702 - root - INFO - [848/1205] Fetching weather for Kisbér...
2026-09-27 09:42:21,867 - root - INFO - Fetched weather for Kisbér: 20.6°C, Clouds, humidity: 47%
2026-09-27 09:42:22,969 - root - INFO - [849/1205] Fetching weather for Nagyigmánd-Bábolna...
2026-09-27 09:42:23,128 - root - INFO - Fetched weather for Nagyigmánd-Bábolna: 21.0°C, Clouds, humidity: 46%
2026-09-27 09:42:24,230 - root - INFO - [850/1205] Fetching weather for Budapest-Déli...
2026-09-27 09:42:24,377 - root - INFO - Fetched weather for Budapest-Déli: 21.2°C, Clouds, humidity: 48%
2026-09-27 09:42:25,479 - root - INFO - [851/1205] Fetching weather for Budapest-Kelenföld...
2026-09-27 09:42:25,627 - root - INFO - Fetched weather for Budapest-Kelenföld: 21.9°C, Clouds, humidity: 47%
2026-09-27 09:42:26,729 - root - INFO - [852/1205] Fetching weather for Budaörs...
2026-09-27 09:42:26,887 - root - INFO - Fetched weather for Budaörs: 21.7°C, Clouds, humidity: 47%
2026-09-27 09:42:27,989 - root - INFO - [853/1205] Fetching weather for Biatorbágy...
2026-09-27 09:42:28,165 - root - INFO - Fetched weather for Biatorbágy: 21.4°C, Clouds, humidity: 47%
2026-09-27 09:42:29,267 - root - INFO - [854/1205] Fetching weather for Herceghalom...
2026-09-27 09:42:29,428 - root - INFO - Fetched weather for Herceghalom: 21.5°C, Clouds, humidity: 48%
2026-09-27 09:42:30,530 - root - INFO - [855/1205] Fetching weather for Bicske...
2026-09-27 09:42:30,683 - root - INFO - Fetched weather for Bicske: 20.8°C, Clouds, humidity: 43%
2026-09-27 09:42:31,785 - root - INFO - [856/1205] Fetching weather for Szár...
2026-09-27 09:42:31,949 - root - INFO - Fetched weather for Szár: 21.5°C, Clouds, humidity: 48%
2026-09-27 09:42:33,051 - root - INFO - [857/1205] Fetching weather for Szárliget...
2026-09-27 09:42:33,205 - root - INFO - Fetched weather for Szárliget: 21.8°C, Clouds, humidity: 48%
2026-09-27 09:42:34,307 - root - INFO - [858/1205] Fetching weather for Alsógalla...
2026-09-27 09:42:34,465 - root - INFO - Fetched weather for Alsógalla: 20.6°C, Clouds, humidity: 47%
2026-09-27 09:42:35,567 - root - INFO - [859/1205] Fetching weather for Tatabánya...
2026-09-27 09:42:35,721 - root - INFO - Fetched weather for Tatabánya: 20.6°C, Clouds, humidity: 47%
2026-09-27 09:42:36,823 - root - INFO - [860/1205] Fetching weather for Vértesszőlős...
2026-09-27 09:42:36,983 - root - INFO - Fetched weather for Vértesszőlős: 20.7°C, Clouds, humidity: 47%
2026-09-27 09:42:38,084 - root - INFO - [861/1205] Fetching weather for Tóvároskert...
2026-09-27 09:42:38,245 - root - INFO - Fetched weather for Tóvároskert: 20.7°C, Clouds, humidity: 48%
2026-09-27 09:42:39,346 - root - INFO - [862/1205] Fetching weather for Tata...
2026-09-27 09:42:39,507 - root - INFO - Fetched weather for Tata: 20.6°C, Clouds, humidity: 48%
2026-09-27 09:42:40,608 - root - INFO - [863/1205] Fetching weather for Almásfüzitő...
2026-09-27 09:42:40,772 - root - INFO - Fetched weather for Almásfüzitő: 20.7°C, Clouds, humidity: 49%
2026-09-27 09:42:41,874 - root - INFO - [864/1205] Fetching weather for Almásfüzitő felső...
2026-09-27 09:42:42,035 - root - INFO - Fetched weather for Almásfüzitő felső: 22.2°C, Clouds, humidity: 49%
2026-09-27 09:42:43,137 - root - INFO - [865/1205] Fetching weather for Szőny...
2026-09-27 09:42:43,299 - root - INFO - Fetched weather for Szőny: 22.3°C, Clouds, humidity: 49%
2026-09-27 09:42:44,401 - root - INFO - [866/1205] Fetching weather for Komárom...
2026-09-27 09:42:44,563 - root - INFO - Fetched weather for Komárom: 21.1°C, Clouds, humidity: 50%
2026-09-27 09:42:45,664 - root - INFO - [867/1205] Fetching weather for Ács...
2026-09-27 09:42:45,820 - root - INFO - Fetched weather for Ács: 21.1°C, Clouds, humidity: 46%
2026-09-27 09:42:46,922 - root - INFO - [868/1205] Fetching weather for Nagyszentjános...
2026-09-27 09:42:47,075 - root - INFO - Fetched weather for Nagyszentjános: 21.3°C, Clouds, humidity: 49%
2026-09-27 09:42:48,177 - root - INFO - [869/1205] Fetching weather for Győrszentiván...
2026-09-27 09:42:48,335 - root - INFO - Fetched weather for Győrszentiván: 21.5°C, Clouds, humidity: 50%
2026-09-27 09:42:49,437 - root - INFO - [870/1205] Fetching weather for Győr-Gyárváros...
2026-09-27 09:42:49,599 - root - INFO - Fetched weather for Győr-Gyárváros: 21.9°C, Clouds, humidity: 52%
2026-09-27 09:42:50,701 - root - INFO - [871/1205] Fetching weather for Győr...
2026-09-27 09:42:50,857 - root - INFO - Fetched weather for Győr: 21.9°C, Clouds, humidity: 53%
2026-09-27 09:42:51,959 - root - INFO - [872/1205] Fetching weather for Öttevény...
2026-09-27 09:42:52,116 - root - INFO - Fetched weather for Öttevény: 22.0°C, Clouds, humidity: 54%
2026-09-27 09:42:53,218 - root - INFO - [873/1205] Fetching weather for Lébény-Mosonszentmiklós...
2026-09-27 09:42:53,380 - root - INFO - Fetched weather for Lébény-Mosonszentmiklós: 22.0°C, Clouds, humidity: 54%
2026-09-27 09:42:54,482 - root - INFO - [874/1205] Fetching weather for Kimle-Károlyháza...
2026-09-27 09:42:54,641 - root - INFO - Fetched weather for Kimle-Károlyháza: 22.0°C, Clouds, humidity: 54%
2026-09-27 09:42:55,743 - root - INFO - [875/1205] Fetching weather for Mosonmagyaróvár...
2026-09-27 09:42:55,900 - root - INFO - Fetched weather for Mosonmagyaróvár: 20.6°C, Clouds, humidity: 55%
2026-09-27 09:42:57,002 - root - INFO - [876/1205] Fetching weather for Levél...
2026-09-27 09:42:57,164 - root - INFO - Fetched weather for Levél: 20.6°C, Clouds, humidity: 55%
2026-09-27 09:42:58,266 - root - INFO - [877/1205] Fetching weather for Hegyeshalom...
2026-09-27 09:42:58,422 - root - INFO - Fetched weather for Hegyeshalom: 20.1°C, Clouds, humidity: 56%
2026-09-27 09:42:59,524 - root - INFO - [878/1205] Fetching weather for Óbuda...
2026-09-27 09:42:59,679 - root - INFO - Fetched weather for Óbuda: 21.6°C, Clouds, humidity: 47%
2026-09-27 09:43:00,780 - root - INFO - [879/1205] Fetching weather for Üröm...
2026-09-27 09:43:00,939 - root - INFO - Fetched weather for Üröm: 21.1°C, Clouds, humidity: 49%
2026-09-27 09:43:02,041 - root - INFO - [880/1205] Fetching weather for Solymár...
2026-09-27 09:43:02,202 - root - INFO - Fetched weather for Solymár: 20.8°C, Clouds, humidity: 49%
2026-09-27 09:43:03,304 - root - INFO - [881/1205] Fetching weather for Pilisvörösvár...
2026-09-27 09:43:03,463 - root - INFO - Fetched weather for Pilisvörösvár: 19.8°C, Clouds, humidity: 51%
2026-09-27 09:43:04,565 - root - INFO - [882/1205] Fetching weather for Klotildliget...
2026-09-27 09:43:04,726 - root - INFO - Fetched weather for Klotildliget: 19.4°C, Clouds, humidity: 53%
2026-09-27 09:43:05,828 - root - INFO - [883/1205] Fetching weather for Kútvölgy...
2026-09-27 09:43:05,987 - root - INFO - Fetched weather for Kútvölgy: 22.2°C, Clouds, humidity: 41%
2026-09-27 09:43:07,088 - root - INFO - [884/1205] Fetching weather for Székkutas...
2026-09-27 09:43:07,250 - root - INFO - Fetched weather for Székkutas: 22.2°C, Clouds, humidity: 41%
2026-09-27 09:43:08,352 - root - INFO - [885/1205] Fetching weather for Kaposszentjakab...
2026-09-27 09:43:08,511 - root - INFO - Fetched weather for Kaposszentjakab: 21.3°C, Clouds, humidity: 50%
2026-09-27 09:43:09,612 - root - INFO - [886/1205] Fetching weather for Kaposvár...
2026-09-27 09:43:09,773 - root - INFO - Fetched weather for Kaposvár: 21.1°C, Clouds, humidity: 50%
2026-09-27 09:43:10,874 - root - INFO - [887/1205] Fetching weather for Kaposújlak...
2026-09-27 09:43:11,036 - root - INFO - Fetched weather for Kaposújlak: 21.2°C, Clouds, humidity: 49%
2026-09-27 09:43:12,138 - root - INFO - [888/1205] Fetching weather for Kaposmérő...
2026-09-27 09:43:12,294 - root - INFO - Fetched weather for Kaposmérő: 21.1°C, Clouds, humidity: 49%
2026-09-27 09:43:13,396 - root - INFO - [889/1205] Fetching weather for Kaposfő...
2026-09-27 09:43:13,557 - root - INFO - Fetched weather for Kaposfő: 21.0°C, Clouds, humidity: 49%
2026-09-27 09:43:14,659 - root - INFO - [890/1205] Fetching weather for Kiskorpád...
2026-09-27 09:43:14,818 - root - INFO - Fetched weather for Kiskorpád: 20.9°C, Clouds, humidity: 49%
2026-09-27 09:43:15,919 - root - INFO - [891/1205] Fetching weather for Jákó-Nagybajom...
2026-09-27 09:43:16,077 - root - INFO - Fetched weather for Jákó-Nagybajom: 21.0°C, Clouds, humidity: 49%
2026-09-27 09:43:17,179 - root - INFO - [892/1205] Fetching weather for Kutas...
2026-09-27 09:43:17,338 - root - INFO - Fetched weather for Kutas: 21.1°C, Clouds, humidity: 49%
2026-09-27 09:43:18,440 - root - INFO - [893/1205] Fetching weather for Beleg...
2026-09-27 09:43:18,602 - root - INFO - Fetched weather for Beleg: 21.1°C, Clouds, humidity: 49%
2026-09-27 09:43:19,704 - root - INFO - [894/1205] Fetching weather for Ötvöskónyi...
2026-09-27 09:43:19,869 - root - INFO - Fetched weather for Ötvöskónyi: 21.1°C, Clouds, humidity: 49%
2026-09-27 09:43:20,970 - root - INFO - [895/1205] Fetching weather for Somogyszob...
2026-09-27 09:43:21,131 - root - INFO - Fetched weather for Somogyszob: 21.1°C, Clouds, humidity: 49%
2026-09-27 09:43:22,233 - root - INFO - [896/1205] Fetching weather for Bolhás...
2026-09-27 09:43:22,393 - root - INFO - Fetched weather for Bolhás: 21.0°C, Clouds, humidity: 49%
2026-09-27 09:43:23,494 - root - INFO - [897/1205] Fetching weather for Szenta...
2026-09-27 09:43:23,650 - root - INFO - Fetched weather for Szenta: 21.0°C, Clouds, humidity: 50%
2026-09-27 09:43:24,752 - root - INFO - [898/1205] Fetching weather for Zrínyitelep...
2026-09-27 09:43:24,918 - root - INFO - Fetched weather for Zrínyitelep: 21.0°C, Clouds, humidity: 50%
2026-09-27 09:43:26,020 - root - INFO - [899/1205] Fetching weather for Csurgó...
2026-09-27 09:43:26,179 - root - INFO - Fetched weather for Csurgó: 21.1°C, Clouds, humidity: 50%
2026-09-27 09:43:27,281 - root - INFO - [900/1205] Fetching weather for Gyékényes...
2026-09-27 09:43:27,437 - root - INFO - Fetched weather for Gyékényes: 21.0°C, Clouds, humidity: 49%
2026-09-27 09:43:28,538 - root - INFO - [901/1205] Fetching weather for Adony...
2026-09-27 09:43:28,695 - root - INFO - Fetched weather for Adony: 21.6°C, Clouds, humidity: 48%
2026-09-27 09:43:29,796 - root - INFO - [902/1205] Fetching weather for Kulcs...
2026-09-27 09:43:29,955 - root - INFO - Fetched weather for Kulcs: 21.4°C, Clouds, humidity: 48%
2026-09-27 09:43:31,057 - root - INFO - [903/1205] Fetching weather for Rácalmás...
2026-09-27 09:43:31,222 - root - INFO - Fetched weather for Rácalmás: 21.4°C, Clouds, humidity: 48%
2026-09-27 09:43:32,324 - root - INFO - [904/1205] Fetching weather for Dunaújváros...
2026-09-27 09:43:32,486 - root - INFO - Fetched weather for Dunaújváros: 21.4°C, Clouds, humidity: 48%
2026-09-27 09:43:33,588 - root - INFO - [905/1205] Fetching weather for Újvenyim...
2026-09-27 09:43:33,746 - root - INFO - Fetched weather for Újvenyim: 21.5°C, Clouds, humidity: 47%
2026-09-27 09:43:34,848 - root - INFO - [906/1205] Fetching weather for Mezőfalva...
2026-09-27 09:43:35,017 - root - INFO - Fetched weather for Mezőfalva: 21.4°C, Clouds, humidity: 47%
2026-09-27 09:43:36,118 - root - INFO - [907/1205] Fetching weather for Nagykarácsony felső...
2026-09-27 09:43:36,281 - root - INFO - Fetched weather for Nagykarácsony felső: 21.6°C, Clouds, humidity: 46%
2026-09-27 09:43:37,383 - root - INFO - [908/1205] Fetching weather for Nagykarácsony...
2026-09-27 09:43:37,541 - root - INFO - Fetched weather for Nagykarácsony: 21.4°C, Clouds, humidity: 46%
2026-09-27 09:43:38,643 - root - INFO - [909/1205] Fetching weather for Alap...
2026-09-27 09:43:38,802 - root - INFO - Fetched weather for Alap: 21.6°C, Clouds, humidity: 48%
2026-09-27 09:43:39,903 - root - INFO - [910/1205] Fetching weather for Cece...
2026-09-27 09:43:40,059 - root - INFO - Fetched weather for Cece: 21.7°C, Clouds, humidity: 47%
2026-09-27 09:43:41,161 - root - INFO - [911/1205] Fetching weather for Vajta...
2026-09-27 09:43:41,320 - root - INFO - Fetched weather for Vajta: 21.7°C, Clouds, humidity: 46%
2026-09-27 09:43:42,422 - root - INFO - [912/1205] Fetching weather for Rétszilas alsó...
2026-09-27 09:43:42,581 - root - INFO - Fetched weather for Rétszilas alsó: 21.6°C, Clouds, humidity: 48%
2026-09-27 09:43:43,682 - root - INFO - [913/1205] Fetching weather for Nagydorog...
2026-09-27 09:43:43,839 - root - INFO - Fetched weather for Nagydorog: 21.8°C, Clouds, humidity: 46%
2026-09-27 09:43:44,941 - root - INFO - [914/1205] Fetching weather for Tengelic...
2026-09-27 09:43:45,103 - root - INFO - Fetched weather for Tengelic: 21.7°C, Clouds, humidity: 46%
2026-09-27 09:43:46,205 - root - INFO - [915/1205] Fetching weather for Fácánkert...
2026-09-27 09:43:46,366 - root - INFO - Fetched weather for Fácánkert: 21.8°C, Clouds, humidity: 45%
2026-09-27 09:43:47,467 - root - INFO - [916/1205] Fetching weather for Tolna-Mözs...
2026-09-27 09:43:47,622 - root - INFO - Fetched weather for Tolna-Mözs: 21.9°C, Clouds, humidity: 45%
2026-09-27 09:43:48,724 - root - INFO - [917/1205] Fetching weather for Szekszárd-Palánk...
2026-09-27 09:43:48,880 - root - INFO - Fetched weather for Szekszárd-Palánk: 21.9°C, Clouds, humidity: 45%
2026-09-27 09:43:49,982 - root - INFO - [918/1205] Fetching weather for Szekszárd...
2026-09-27 09:43:50,135 - root - INFO - Fetched weather for Szekszárd: 21.9°C, Clouds, humidity: 46%
2026-09-27 09:43:51,237 - root - INFO - [919/1205] Fetching weather for Őcsény...
2026-09-27 09:43:51,399 - root - INFO - Fetched weather for Őcsény: 21.9°C, Clouds, humidity: 46%
2026-09-27 09:43:52,501 - root - INFO - [920/1205] Fetching weather for Decs...
2026-09-27 09:43:52,663 - root - INFO - Fetched weather for Decs: 21.9°C, Clouds, humidity: 46%
2026-09-27 09:43:53,764 - root - INFO - [921/1205] Fetching weather for Csikóstőttős...
2026-09-27 09:43:53,924 - root - INFO - Fetched weather for Csikóstőttős: 21.5°C, Clouds, humidity: 48%
2026-09-27 09:43:55,025 - root - INFO - [922/1205] Fetching weather for Mágocs-Alsómocsolád...
2026-09-27 09:43:55,180 - root - INFO - Fetched weather for Mágocs-Alsómocsolád: 21.0°C, Clouds, humidity: 47%
2026-09-27 09:43:56,282 - root - INFO - [923/1205] Fetching weather for Szalatnak...
2026-09-27 09:43:56,438 - root - INFO - Fetched weather for Szalatnak: 21.3°C, Clouds, humidity: 46%
2026-09-27 09:43:57,540 - root - INFO - [924/1205] Fetching weather for Máza-Szászvár...
2026-09-27 09:43:57,707 - root - INFO - Fetched weather for Máza-Szászvár: 23.1°C, Clouds, humidity: 46%
2026-09-27 09:43:58,809 - root - INFO - [925/1205] Fetching weather for Váralja...
2026-09-27 09:43:58,974 - root - INFO - Fetched weather for Váralja: 23.2°C, Clouds, humidity: 46%
2026-09-27 09:44:00,076 - root - INFO - [926/1205] Fetching weather for Nagymányok...
2026-09-27 09:44:00,232 - root - INFO - Fetched weather for Nagymányok: 23.3°C, Clouds, humidity: 46%
2026-09-27 09:44:01,333 - root - INFO - [927/1205] Fetching weather for Hidas-Bonyhád...
2026-09-27 09:44:01,498 - root - INFO - Fetched weather for Hidas-Bonyhád: 23.3°C, Clouds, humidity: 46%
2026-09-27 09:44:02,599 - root - INFO - [928/1205] Fetching weather for Mőcsény...
2026-09-27 09:44:02,762 - root - INFO - Fetched weather for Mőcsény: 23.3°C, Clouds, humidity: 46%
2026-09-27 09:44:03,864 - root - INFO - [929/1205] Fetching weather for Bátaszék...
2026-09-27 09:44:04,023 - root - INFO - Fetched weather for Bátaszék: 23.6°C, Clouds, humidity: 46%
2026-09-27 09:44:05,125 - root - INFO - [930/1205] Fetching weather for Pörböly...
2026-09-27 09:44:05,288 - root - INFO - Fetched weather for Pörböly: 21.9°C, Clouds, humidity: 46%
2026-09-27 09:44:06,390 - root - INFO - [931/1205] Fetching weather for Orosháza...
2026-09-27 09:44:06,552 - root - INFO - Fetched weather for Orosháza: 22.1°C, Clouds, humidity: 41%
2026-09-27 09:44:07,654 - root - INFO - [932/1205] Fetching weather for Orosházi tanyák...
2026-09-27 09:44:07,816 - root - INFO - Fetched weather for Orosházi tanyák: 25.0°C, Clouds, humidity: 41%
2026-09-27 09:44:08,918 - root - INFO - [933/1205] Fetching weather for Csorvás...
2026-09-27 09:44:09,076 - root - INFO - Fetched weather for Csorvás: 24.9°C, Clouds, humidity: 41%
2026-09-27 09:44:10,178 - root - INFO - [934/1205] Fetching weather for Csorvás alsó...
2026-09-27 09:44:10,336 - root - INFO - Fetched weather for Csorvás alsó: 25.0°C, Clouds, humidity: 32%
2026-09-27 09:44:11,437 - root - INFO - [935/1205] Fetching weather for Telekgerendás...
2026-09-27 09:44:11,598 - root - INFO - Fetched weather for Telekgerendás: 25.0°C, Clouds, humidity: 32%
2026-09-27 09:44:12,700 - root - INFO - [936/1205] Fetching weather for Fürjes...
2026-09-27 09:44:12,867 - root - INFO - Fetched weather for Fürjes: 25.0°C, Clear, humidity: 32%
2026-09-27 09:44:13,969 - root - INFO - [937/1205] Fetching weather for Fényes...
2026-09-27 09:44:14,125 - root - INFO - Fetched weather for Fényes: 25.0°C, Clear, humidity: 32%
2026-09-27 09:44:15,227 - root - INFO - [938/1205] Fetching weather for Bicere...
2026-09-27 09:44:15,385 - root - INFO - Fetched weather for Bicere: 25.0°C, Clear, humidity: 32%
2026-09-27 09:44:16,486 - root - INFO - [939/1205] Fetching weather for Gyula...
2026-09-27 09:44:16,647 - root - INFO - Fetched weather for Gyula: 25.0°C, Clear, humidity: 32%
2026-09-27 09:44:17,749 - root - INFO - [940/1205] Fetching weather for József Szanatórium...
2026-09-27 09:44:17,908 - root - INFO - Fetched weather for József Szanatórium: 25.0°C, Clear, humidity: 32%
2026-09-27 09:44:19,010 - root - INFO - [941/1205] Fetching weather for Sarkadi Cukorgyár...
2026-09-27 09:44:19,166 - root - INFO - Fetched weather for Sarkadi Cukorgyár: 25.0°C, Clear, humidity: 32%
2026-09-27 09:44:20,268 - root - INFO - [942/1205] Fetching weather for Sarkad...
2026-09-27 09:44:20,432 - root - INFO - Fetched weather for Sarkad: 25.0°C, Clear, humidity: 40%
2026-09-27 09:44:21,534 - root - INFO - [943/1205] Fetching weather for Kötegyán...
2026-09-27 09:44:21,689 - root - INFO - Fetched weather for Kötegyán: 25.0°C, Clear, humidity: 40%
2026-09-27 09:44:22,791 - root - INFO - [944/1205] Fetching weather for Méhkerék...
2026-09-27 09:44:22,952 - root - INFO - Fetched weather for Méhkerék: 25.0°C, Clear, humidity: 40%
2026-09-27 09:44:24,054 - root - INFO - [945/1205] Fetching weather for Sarkadkeresztúr...
2026-09-27 09:44:24,213 - root - INFO - Fetched weather for Sarkadkeresztúr: 25.0°C, Clear, humidity: 40%
2026-09-27 09:44:25,315 - root - INFO - [946/1205] Fetching weather for Okány...
2026-09-27 09:44:25,475 - root - INFO - Fetched weather for Okány: 25.0°C, Clear, humidity: 41%
2026-09-27 09:44:26,576 - root - INFO - [947/1205] Fetching weather for Újszeged...
2026-09-27 09:44:26,736 - root - INFO - Fetched weather for Újszeged: 21.8°C, Clear, humidity: 46%
2026-09-27 09:44:27,838 - root - INFO - [948/1205] Fetching weather for Szőreg...
2026-09-27 09:44:28,002 - root - INFO - Fetched weather for Szőreg: 21.7°C, Clear, humidity: 45%
2026-09-27 09:44:29,103 - root - INFO - [949/1205] Fetching weather for Deszk...
2026-09-27 09:44:29,265 - root - INFO - Fetched weather for Deszk: 21.8°C, Clear, humidity: 44%
2026-09-27 09:44:30,366 - root - INFO - [950/1205] Fetching weather for Kiszombor...
2026-09-27 09:44:30,522 - root - INFO - Fetched weather for Kiszombor: 22.4°C, Clouds, humidity: 43%
2026-09-27 09:44:31,624 - root - INFO - [951/1205] Fetching weather for Kiszombor megálló...
2026-09-27 09:44:31,779 - root - INFO - Fetched weather for Kiszombor megálló: 22.4°C, Clouds, humidity: 43%
2026-09-27 09:44:32,881 - root - INFO - [952/1205] Fetching weather for Makó...
2026-09-27 09:44:33,037 - root - INFO - Fetched weather for Makó: 22.4°C, Clouds, humidity: 43%
2026-09-27 09:44:34,138 - root - INFO - [953/1205] Fetching weather for Apátfalva...
2026-09-27 09:44:34,298 - root - INFO - Fetched weather for Apátfalva: 22.4°C, Clouds, humidity: 43%
2026-09-27 09:44:35,399 - root - INFO - [954/1205] Fetching weather for Magyarcsanád...
2026-09-27 09:44:35,557 - root - INFO - Fetched weather for Magyarcsanád: 22.4°C, Clouds, humidity: 43%
2026-09-27 09:44:36,658 - root - INFO - [955/1205] Fetching weather for Nagylak...
2026-09-27 09:44:36,814 - root - INFO - Fetched weather for Nagylak: 22.9°C, Clear, humidity: 42%
2026-09-27 09:44:37,916 - root - INFO - [956/1205] Fetching weather for Nagylaki Kendergyár...
2026-09-27 09:44:38,078 - root - INFO - Fetched weather for Nagylaki Kendergyár: 22.9°C, Clear, humidity: 42%
2026-09-27 09:44:39,179 - root - INFO - [957/1205] Fetching weather for Csanádpalota...
2026-09-27 09:44:39,339 - root - INFO - Fetched weather for Csanádpalota: 22.9°C, Clear, humidity: 42%
2026-09-27 09:44:40,440 - root - INFO - [958/1205] Fetching weather for Mezőhegyes...
2026-09-27 09:44:40,600 - root - INFO - Fetched weather for Mezőhegyes: 22.8°C, Clouds, humidity: 41%
2026-09-27 09:44:41,702 - root - INFO - [959/1205] Fetching weather for Végegyháza...
2026-09-27 09:44:41,860 - root - INFO - Fetched weather for Végegyháza: 22.8°C, Clouds, humidity: 41%
2026-09-27 09:44:42,961 - root - INFO - [960/1205] Fetching weather for Mezőkovácsháza...
2026-09-27 09:44:43,118 - root - INFO - Fetched weather for Mezőkovácsháza: 22.8°C, Clear, humidity: 41%
2026-09-27 09:44:44,220 - root - INFO - [961/1205] Fetching weather for Mezőkovácsháza felső...
2026-09-27 09:44:44,376 - root - INFO - Fetched weather for Mezőkovácsháza felső: 22.8°C, Clear, humidity: 40%
2026-09-27 09:44:45,478 - root - INFO - [962/1205] Fetching weather for Magyarbánhegyes...
2026-09-27 09:44:45,637 - root - INFO - Fetched weather for Magyarbánhegyes: 24.9°C, Clouds, humidity: 40%
2026-09-27 09:44:46,738 - root - INFO - [963/1205] Fetching weather for Medgyesegyháza...
2026-09-27 09:44:46,895 - root - INFO - Fetched weather for Medgyesegyháza: 24.9°C, Clouds, humidity: 40%
2026-09-27 09:44:47,997 - root - INFO - [964/1205] Fetching weather for Bánkút...
2026-09-27 09:44:48,169 - root - INFO - Fetched weather for Bánkút: 24.9°C, Clouds, humidity: 32%
2026-09-27 09:44:49,270 - root - INFO - [965/1205] Fetching weather for Belsőperegpuszta...
2026-09-27 09:44:49,430 - root - INFO - Fetched weather for Belsőperegpuszta: 22.8°C, Clouds, humidity: 41%
2026-09-27 09:44:50,532 - root - INFO - [966/1205] Fetching weather for Battonya...
2026-09-27 09:44:50,696 - root - INFO - Fetched weather for Battonya: 22.8°C, Clouds, humidity: 100%
2026-09-27 09:44:51,797 - root - INFO - [967/1205] Fetching weather for Baja-Dunafürdő...
2026-09-27 09:44:51,967 - root - INFO - Fetched weather for Baja-Dunafürdő: 21.9°C, Clouds, humidity: 45%
2026-09-27 09:44:53,069 - root - INFO - [968/1205] Fetching weather for Kaposszekcső...
2026-09-27 09:44:53,228 - root - INFO - Fetched weather for Kaposszekcső: 21.5°C, Clouds, humidity: 48%
2026-09-27 09:44:54,330 - root - INFO - [969/1205] Fetching weather for Vásárosdombó...
2026-09-27 09:44:54,493 - root - INFO - Fetched weather for Vásárosdombó: 21.4°C, Clouds, humidity: 48%
2026-09-27 09:44:55,594 - root - INFO - [970/1205] Fetching weather for Sásd...
2026-09-27 09:44:55,752 - root - INFO - Fetched weather for Sásd: 21.4°C, Clouds, humidity: 47%
2026-09-27 09:44:56,854 - root - INFO - [971/1205] Fetching weather for Godisa...
2026-09-27 09:44:57,011 - root - INFO - Fetched weather for Godisa: 21.4°C, Clouds, humidity: 47%
2026-09-27 09:44:58,113 - root - INFO - [972/1205] Fetching weather for Abaliget...
2026-09-27 09:44:58,288 - root - INFO - Fetched weather for Abaliget: 21.0°C, Clouds, humidity: 48%
2026-09-27 09:44:59,389 - root - INFO - [973/1205] Fetching weather for Hetvehely...
2026-09-27 09:44:59,542 - root - INFO - Fetched weather for Hetvehely: 21.2°C, Clouds, humidity: 49%
2026-09-27 09:45:00,643 - root - INFO - [974/1205] Fetching weather for Bükkösd...
2026-09-27 09:45:00,805 - root - INFO - Fetched weather for Bükkösd: 21.4°C, Clouds, humidity: 49%
2026-09-27 09:45:01,906 - root - INFO - [975/1205] Fetching weather for Cserdi-Helesfa...
2026-09-27 09:45:02,072 - root - INFO - Fetched weather for Cserdi-Helesfa: 21.4°C, Clouds, humidity: 49%
2026-09-27 09:45:03,173 - root - INFO - [976/1205] Fetching weather for Szentlőrinc...
2026-09-27 09:45:03,344 - root - INFO - Fetched weather for Szentlőrinc: 21.5°C, Clouds, humidity: 43%
2026-09-27 09:45:04,446 - root - INFO - [977/1205] Fetching weather for Bicsérd...
2026-09-27 09:45:04,610 - root - INFO - Fetched weather for Bicsérd: 21.4°C, Clouds, humidity: 43%
2026-09-27 09:45:05,712 - root - INFO - [978/1205] Fetching weather for Mecsekalja-Cserkút...
2026-09-27 09:45:05,875 - root - INFO - Fetched weather for Mecsekalja-Cserkút: 21.5°C, Clouds, humidity: 43%
2026-09-27 09:45:06,977 - root - INFO - [979/1205] Fetching weather for Pécs...
2026-09-27 09:45:07,142 - root - INFO - Fetched weather for Pécs: 21.7°C, Clouds, humidity: 41%
2026-09-27 09:45:08,244 - root - INFO - [980/1205] Fetching weather for Pécs-Külváros...
2026-09-27 09:45:08,401 - root - INFO - Fetched weather for Pécs-Külváros: 21.8°C, Clouds, humidity: 41%
2026-09-27 09:45:09,503 - root - INFO - [981/1205] Fetching weather for Pécsbánya-Rendező...
2026-09-27 09:45:09,662 - root - INFO - Fetched weather for Pécsbánya-Rendező: 21.7°C, Clouds, humidity: 41%
2026-09-27 09:45:10,764 - root - INFO - [982/1205] Fetching weather for Pécsudvard...
2026-09-27 09:45:10,937 - root - INFO - Fetched weather for Pécsudvard: 21.4°C, Clouds, humidity: 41%
2026-09-27 09:45:12,039 - root - INFO - [983/1205] Fetching weather for Szőkéd...
2026-09-27 09:45:12,195 - root - INFO - Fetched weather for Szőkéd: 21.4°C, Clouds, humidity: 42%
2026-09-27 09:45:13,297 - root - INFO - [984/1205] Fetching weather for Áta...
2026-09-27 09:45:13,456 - root - INFO - Fetched weather for Áta: 21.4°C, Clouds, humidity: 46%
2026-09-27 09:45:14,558 - root - INFO - [985/1205] Fetching weather for Kistótfalu...
2026-09-27 09:45:14,716 - root - INFO - Fetched weather for Kistótfalu: 21.6°C, Clouds, humidity: 45%
2026-09-27 09:45:15,817 - root - INFO - [986/1205] Fetching weather for Vokány...
2026-09-27 09:45:15,980 - root - INFO - Fetched weather for Vokány: 21.5°C, Clouds, humidity: 46%
2026-09-27 09:45:17,081 - root - INFO - [987/1205] Fetching weather for Palkonya...
2026-09-27 09:45:17,242 - root - INFO - Fetched weather for Palkonya: 21.4°C, Clouds, humidity: 47%
2026-09-27 09:45:18,344 - root - INFO - [988/1205] Fetching weather for Villánykövesd...
2026-09-27 09:45:18,501 - root - INFO - Fetched weather for Villánykövesd: 21.2°C, Clouds, humidity: 48%
2026-09-27 09:45:19,602 - root - INFO - [989/1205] Fetching weather for Villány...
2026-09-27 09:45:19,766 - root - INFO - Fetched weather for Villány: 21.3°C, Clouds, humidity: 50%
2026-09-27 09:45:20,868 - root - INFO - [990/1205] Fetching weather for Magyarbóly...
2026-09-27 09:45:21,028 - root - INFO - Fetched weather for Magyarbóly: 21.4°C, Clouds, humidity: 54%
2026-09-27 09:45:22,129 - root - INFO - [991/1205] Fetching weather for Magyarszék...
2026-09-27 09:45:22,286 - root - INFO - Fetched weather for Magyarszék: 21.2°C, Clouds, humidity: 47%
2026-09-27 09:45:23,387 - root - INFO - [992/1205] Fetching weather for Mecsekpölöske...
2026-09-27 09:45:23,550 - root - INFO - Fetched weather for Mecsekpölöske: 21.1°C, Clouds, humidity: 47%
2026-09-27 09:45:24,652 - root - INFO - [993/1205] Fetching weather for Mecsekjánosi...
2026-09-27 09:45:24,811 - root - INFO - Fetched weather for Mecsekjánosi: 21.1°C, Clouds, humidity: 46%
2026-09-27 09:45:25,913 - root - INFO - [994/1205] Fetching weather for Komló...
2026-09-27 09:45:26,072 - root - INFO - Fetched weather for Komló: 20.8°C, Clouds, humidity: 46%
2026-09-27 09:45:27,174 - root - INFO - [995/1205] Fetching weather for Királyegyháza-Rigópuszta...
2026-09-27 09:45:27,335 - root - INFO - Fetched weather for Királyegyháza-Rigópuszta: 21.6°C, Clouds, humidity: 50%
2026-09-27 09:45:28,436 - root - INFO - [996/1205] Fetching weather for Sumony...
2026-09-27 09:45:28,602 - root - INFO - Fetched weather for Sumony: 21.6°C, Clouds, humidity: 50%
2026-09-27 09:45:29,703 - root - INFO - [997/1205] Fetching weather for Okorág-Kárászpuszta...
2026-09-27 09:45:29,864 - root - INFO - Fetched weather for Okorág-Kárászpuszta: 21.6°C, Clouds, humidity: 51%
2026-09-27 09:45:30,965 - root - INFO - [998/1205] Fetching weather for Kákics...
2026-09-27 09:45:31,129 - root - INFO - Fetched weather for Kákics: 21.5°C, Clouds, humidity: 52%
2026-09-27 09:45:32,230 - root - INFO - [999/1205] Fetching weather for Bóly...
2026-09-27 09:45:32,389 - root - INFO - Fetched weather for Bóly: 21.9°C, Clouds, humidity: 46%
2026-09-27 09:45:33,491 - root - INFO - [1000/1205] Fetching weather for Mohács...
2026-09-27 09:45:33,654 - root - INFO - Fetched weather for Mohács: 23.6°C, Clouds, humidity: 36%
2026-09-27 09:45:34,755 - root - INFO - [1001/1205] Fetching weather for Sellye...
2026-09-27 09:45:34,915 - root - INFO - Fetched weather for Sellye: 21.5°C, Clouds, humidity: 52%
2026-09-27 09:45:36,017 - root - INFO - [1002/1205] Fetching weather for Toponár...
2026-09-27 09:45:36,181 - root - INFO - Fetched weather for Toponár: 21.2°C, Clouds, humidity: 50%
2026-09-27 09:45:37,282 - root - INFO - [1003/1205] Fetching weather for Somogyaszaló...
2026-09-27 09:45:37,438 - root - INFO - Fetched weather for Somogyaszaló: 21.0°C, Clouds, humidity: 51%
2026-09-27 09:45:38,540 - root - INFO - [1004/1205] Fetching weather for Mernye...
2026-09-27 09:45:38,705 - root - INFO - Fetched weather for Mernye: 21.1°C, Clouds, humidity: 51%
2026-09-27 09:45:39,806 - root - INFO - [1005/1205] Fetching weather for Felsőmocsolád...
2026-09-27 09:45:39,960 - root - INFO - Fetched weather for Felsőmocsolád: 20.9°C, Clouds, humidity: 50%
2026-09-27 09:45:41,062 - root - INFO - [1006/1205] Fetching weather for Kisbárapáti...
2026-09-27 09:45:41,225 - root - INFO - Fetched weather for Kisbárapáti: 20.8°C, Clouds, humidity: 50%
2026-09-27 09:45:42,327 - root - INFO - [1007/1205] Fetching weather for Bonnya...
2026-09-27 09:45:42,495 - root - INFO - Fetched weather for Bonnya: 21.1°C, Clouds, humidity: 50%
2026-09-27 09:45:43,597 - root - INFO - [1008/1205] Fetching weather for Andocs...
2026-09-27 09:45:43,762 - root - INFO - Fetched weather for Andocs: 20.6°C, Clouds, humidity: 49%
2026-09-27 09:45:44,863 - root - INFO - [1009/1205] Fetching weather for Karád...
2026-09-27 09:45:45,031 - root - INFO - Fetched weather for Karád: 20.9°C, Clouds, humidity: 49%
2026-09-27 09:45:46,132 - root - INFO - [1010/1205] Fetching weather for Somogymeggyes...
2026-09-27 09:45:46,296 - root - INFO - Fetched weather for Somogymeggyes: 21.5°C, Clouds, humidity: 50%
2026-09-27 09:45:47,398 - root - INFO - [1011/1205] Fetching weather for Kapoly...
2026-09-27 09:45:47,554 - root - INFO - Fetched weather for Kapoly: 21.8°C, Clouds, humidity: 50%
2026-09-27 09:45:48,656 - root - INFO - [1012/1205] Fetching weather for Tab...
2026-09-27 09:45:48,817 - root - INFO - Fetched weather for Tab: 21.9°C, Clouds, humidity: 51%
2026-09-27 09:45:49,918 - root - INFO - [1013/1205] Fetching weather for Bábonymegyer...
2026-09-27 09:45:50,075 - root - INFO - Fetched weather for Bábonymegyer: 22.0°C, Clouds, humidity: 80%
2026-09-27 09:45:51,177 - root - INFO - [1014/1205] Fetching weather for Daránypuszta...
2026-09-27 09:45:51,336 - root - INFO - Fetched weather for Daránypuszta: 22.1°C, Clouds, humidity: 80%
2026-09-27 09:45:52,438 - root - INFO - [1015/1205] Fetching weather for Som-Nagyberény...
2026-09-27 09:45:52,599 - root - INFO - Fetched weather for Som-Nagyberény: 22.1°C, Clouds, humidity: 80%
2026-09-27 09:45:53,701 - root - INFO - [1016/1205] Fetching weather for Ádánd...
2026-09-27 09:45:53,855 - root - INFO - Fetched weather for Ádánd: 22.2°C, Clouds, humidity: 80%
2026-09-27 09:45:54,957 - root - INFO - [1017/1205] Fetching weather for Siójut...
2026-09-27 09:45:55,115 - root - INFO - Fetched weather for Siójut: 22.2°C, Clouds, humidity: 80%
2026-09-27 09:45:56,216 - root - INFO - [1018/1205] Fetching weather for Kapostüskevár...
2026-09-27 09:45:56,371 - root - INFO - Fetched weather for Kapostüskevár: 21.3°C, Clouds, humidity: 50%
2026-09-27 09:45:57,473 - root - INFO - [1019/1205] Fetching weather for Kaposfüred...
2026-09-27 09:45:57,630 - root - INFO - Fetched weather for Kaposfüred: 21.1°C, Clouds, humidity: 51%
2026-09-27 09:45:58,731 - root - INFO - [1020/1205] Fetching weather for Várda...
2026-09-27 09:45:58,893 - root - INFO - Fetched weather for Várda: 20.9°C, Clouds, humidity: 50%
2026-09-27 09:45:59,994 - root - INFO - [1021/1205] Fetching weather for Somogyjád...
2026-09-27 09:46:00,157 - root - INFO - Fetched weather for Somogyjád: 21.1°C, Clouds, humidity: 49%
2026-09-27 09:46:01,259 - root - INFO - [1022/1205] Fetching weather for Osztopán...
2026-09-27 09:46:01,422 - root - INFO - Fetched weather for Osztopán: 21.0°C, Clouds, humidity: 49%
2026-09-27 09:46:02,524 - root - INFO - [1023/1205] Fetching weather for Pamuk...
2026-09-27 09:46:02,688 - root - INFO - Fetched weather for Pamuk: 21.2°C, Clouds, humidity: 49%
2026-09-27 09:46:03,790 - root - INFO - [1024/1205] Fetching weather for Somogyvár...
2026-09-27 09:46:03,952 - root - INFO - Fetched weather for Somogyvár: 21.2°C, Clouds, humidity: 49%
2026-09-27 09:46:05,054 - root - INFO - [1025/1205] Fetching weather for Öreglak...
2026-09-27 09:46:05,217 - root - INFO - Fetched weather for Öreglak: 21.2°C, Clouds, humidity: 49%
2026-09-27 09:46:06,319 - root - INFO - [1026/1205] Fetching weather for Tatárvár...
2026-09-27 09:46:06,475 - root - INFO - Fetched weather for Tatárvár: 21.0°C, Clouds, humidity: 51%
2026-09-27 09:46:07,577 - root - INFO - [1027/1205] Fetching weather for Lengyeltóti...
2026-09-27 09:46:07,746 - root - INFO - Fetched weather for Lengyeltóti: 21.1°C, Clouds, humidity: 52%
2026-09-27 09:46:08,848 - root - INFO - [1028/1205] Fetching weather for Pusztaberény...
2026-09-27 09:46:09,006 - root - INFO - Fetched weather for Pusztaberény: 21.2°C, Clouds, humidity: 54%
2026-09-27 09:46:10,107 - root - INFO - [1029/1205] Fetching weather for Örkény...
2026-09-27 09:46:10,270 - root - INFO - Fetched weather for Örkény: 21.6°C, Clouds, humidity: 47%
2026-09-27 09:46:11,372 - root - INFO - [1030/1205] Fetching weather for Táborfalva...
2026-09-27 09:46:11,535 - root - INFO - Fetched weather for Táborfalva: 23.2°C, Clouds, humidity: 46%
2026-09-27 09:46:12,637 - root - INFO - [1031/1205] Fetching weather for Felsőlajos...
2026-09-27 09:46:12,794 - root - INFO - Fetched weather for Felsőlajos: 23.2°C, Clouds, humidity: 46%
2026-09-27 09:46:13,896 - root - INFO - [1032/1205] Fetching weather for Lajosmizse...
2026-09-27 09:46:14,057 - root - INFO - Fetched weather for Lajosmizse: 23.2°C, Clouds, humidity: 48%
2026-09-27 09:46:15,158 - root - INFO - [1033/1205] Fetching weather for Lajosmizse alsó...
2026-09-27 09:46:15,315 - root - INFO - Fetched weather for Lajosmizse alsó: 23.2°C, Clouds, humidity: 48%
2026-09-27 09:46:16,417 - root - INFO - [1034/1205] Fetching weather for Klábertelep...
2026-09-27 09:46:16,573 - root - INFO - Fetched weather for Klábertelep: 23.2°C, Clouds, humidity: 48%
2026-09-27 09:46:17,674 - root - INFO - [1035/1205] Fetching weather for Méntelek...
2026-09-27 09:46:17,831 - root - INFO - Fetched weather for Méntelek: 23.2°C, Clouds, humidity: 48%
2026-09-27 09:46:18,932 - root - INFO - [1036/1205] Fetching weather for Hetényegyháza...
2026-09-27 09:46:19,092 - root - INFO - Fetched weather for Hetényegyháza: 23.3°C, Clouds, humidity: 48%
2026-09-27 09:46:20,194 - root - INFO - [1037/1205] Fetching weather for Kecskemét-Máriaváros...
2026-09-27 09:46:20,350 - root - INFO - Fetched weather for Kecskemét-Máriaváros: 22.8°C, Clouds, humidity: 44%
2026-09-27 09:46:21,452 - root - INFO - [1038/1205] Fetching weather for Nyársapát...
2026-09-27 09:46:21,616 - root - INFO - Fetched weather for Nyársapát: 22.5°C, Clouds, humidity: 45%
2026-09-27 09:46:22,718 - root - INFO - [1039/1205] Fetching weather for Nagykőrös...
2026-09-27 09:46:22,873 - root - INFO - Fetched weather for Nagykőrös: 22.6°C, Clouds, humidity: 44%
2026-09-27 09:46:23,974 - root - INFO - [1040/1205] Fetching weather for Katonatelep...
2026-09-27 09:46:24,134 - root - INFO - Fetched weather for Katonatelep: 22.6°C, Clouds, humidity: 44%
2026-09-27 09:46:25,236 - root - INFO - [1041/1205] Fetching weather for Kecskemét...
2026-09-27 09:46:25,399 - root - INFO - Fetched weather for Kecskemét: 22.7°C, Clouds, humidity: 44%
2026-09-27 09:46:26,501 - root - INFO - [1042/1205] Fetching weather for Városföld...
2026-09-27 09:46:26,658 - root - INFO - Fetched weather for Városföld: 22.7°C, Clear, humidity: 44%
2026-09-27 09:46:27,760 - root - INFO - [1043/1205] Fetching weather for Kiskunfélegyháza...
2026-09-27 09:46:27,921 - root - INFO - Fetched weather for Kiskunfélegyháza: 23.3°C, Clear, humidity: 43%
2026-09-27 09:46:29,022 - root - INFO - [1044/1205] Fetching weather for Petőfiszállás...
2026-09-27 09:46:29,184 - root - INFO - Fetched weather for Petőfiszállás: 23.3°C, Clouds, humidity: 43%
2026-09-27 09:46:30,286 - root - INFO - [1045/1205] Fetching weather for Csengele...
2026-09-27 09:46:30,442 - root - INFO - Fetched weather for Csengele: 24.1°C, Clouds, humidity: 43%
2026-09-27 09:46:31,544 - root - INFO - [1046/1205] Fetching weather for Kistelek...
2026-09-27 09:46:31,704 - root - INFO - Fetched weather for Kistelek: 21.7°C, Clouds, humidity: 50%
2026-09-27 09:46:32,805 - root - INFO - [1047/1205] Fetching weather for Balástya...
2026-09-27 09:46:32,964 - root - INFO - Fetched weather for Balástya: 21.7°C, Clouds, humidity: 50%
2026-09-27 09:46:34,066 - root - INFO - [1048/1205] Fetching weather for Szatymaz...
2026-09-27 09:46:34,225 - root - INFO - Fetched weather for Szatymaz: 21.7°C, Clouds, humidity: 50%
2026-09-27 09:46:35,327 - root - INFO - [1049/1205] Fetching weather for Kiskundorozsma...
2026-09-27 09:46:35,491 - root - INFO - Fetched weather for Kiskundorozsma: 21.8°C, Clear, humidity: 50%
2026-09-27 09:46:36,592 - root - INFO - [1050/1205] Fetching weather for Szeged...
2026-09-27 09:46:36,750 - root - INFO - Fetched weather for Szeged: 21.7°C, Clear, humidity: 50%
2026-09-27 09:46:37,852 - root - INFO - [1051/1205] Fetching weather for Alsóúrrét...
2026-09-27 09:46:38,012 - root - INFO - Fetched weather for Alsóúrrét: 22.5°C, Clear, humidity: 44%
2026-09-27 09:46:39,113 - root - INFO - [1052/1205] Fetching weather for Nyárlőrinc...
2026-09-27 09:46:39,276 - root - INFO - Fetched weather for Nyárlőrinc: 22.4°C, Clear, humidity: 43%
2026-09-27 09:46:40,378 - root - INFO - [1053/1205] Fetching weather for Világoshegy...
2026-09-27 09:46:40,539 - root - INFO - Fetched weather for Világoshegy: 22.5°C, Clear, humidity: 41%
2026-09-27 09:46:41,641 - root - INFO - [1054/1205] Fetching weather for Szikra...
2026-09-27 09:46:41,799 - root - INFO - Fetched weather for Szikra: 22.8°C, Clear, humidity: 41%
2026-09-27 09:46:42,901 - root - INFO - [1055/1205] Fetching weather for Lakitelek...
2026-09-27 09:46:43,062 - root - INFO - Fetched weather for Lakitelek: 22.7°C, Clear, humidity: 40%
2026-09-27 09:46:44,163 - root - INFO - [1056/1205] Fetching weather for Tiszaug...
2026-09-27 09:46:44,321 - root - INFO - Fetched weather for Tiszaug: 22.8°C, Clear, humidity: 42%
2026-09-27 09:46:45,423 - root - INFO - [1057/1205] Fetching weather for Tiszasas...
2026-09-27 09:46:45,580 - root - INFO - Fetched weather for Tiszasas: 22.8°C, Clear, humidity: 42%
2026-09-27 09:46:46,682 - root - INFO - [1058/1205] Fetching weather for Csépa...
2026-09-27 09:46:46,837 - root - INFO - Fetched weather for Csépa: 21.7°C, Clear, humidity: 41%
2026-09-27 09:46:47,939 - root - INFO - [1059/1205] Fetching weather for Szelevény...
2026-09-27 09:46:48,096 - root - INFO - Fetched weather for Szelevény: 21.7°C, Clear, humidity: 41%
2026-09-27 09:46:49,198 - root - INFO - [1060/1205] Fetching weather for Gátér...
2026-09-27 09:46:49,355 - root - INFO - Fetched weather for Gátér: 24.4°C, Clouds, humidity: 36%
2026-09-27 09:46:50,457 - root - INFO - [1061/1205] Fetching weather for Kónyaszék...
2026-09-27 09:46:50,615 - root - INFO - Fetched weather for Kónyaszék: 22.3°C, Clouds, humidity: 42%
2026-09-27 09:46:51,716 - root - INFO - [1062/1205] Fetching weather for Csongrád...
2026-09-27 09:46:51,879 - root - INFO - Fetched weather for Csongrád: 21.7°C, Clear, humidity: 41%
2026-09-27 09:46:52,980 - root - INFO - [1063/1205] Fetching weather for Hékéd...
2026-09-27 09:46:53,140 - root - INFO - Fetched weather for Hékéd: 21.7°C, Clear, humidity: 41%
2026-09-27 09:46:54,241 - root - INFO - [1064/1205] Fetching weather for Fábiánsebestyén...
2026-09-27 09:46:54,405 - root - INFO - Fetched weather for Fábiánsebestyén: 21.7°C, Clouds, humidity: 41%
2026-09-27 09:46:55,506 - root - INFO - [1065/1205] Fetching weather for Gádoros...
2026-09-27 09:46:55,667 - root - INFO - Fetched weather for Gádoros: 21.7°C, Clouds, humidity: 41%
2026-09-27 09:46:56,769 - root - INFO - [1066/1205] Fetching weather for Justhmajor...
2026-09-27 09:46:56,936 - root - INFO - Fetched weather for Justhmajor: 21.7°C, Clouds, humidity: 41%
2026-09-27 09:46:58,037 - root - INFO - [1067/1205] Fetching weather for Szentetornya...
2026-09-27 09:46:58,197 - root - INFO - Fetched weather for Szentetornya: 21.6°C, Clouds, humidity: 41%
2026-09-27 09:46:59,299 - root - INFO - [1068/1205] Fetching weather for Gyopárosfürdő...
2026-09-27 09:46:59,462 - root - INFO - Fetched weather for Gyopárosfürdő: 21.6°C, Clouds, humidity: 41%
2026-09-27 09:47:00,563 - root - INFO - [1069/1205] Fetching weather for Szabadságliget...
2026-09-27 09:47:00,725 - root - INFO - Fetched weather for Szabadságliget: 19.9°C, Clouds, humidity: 51%
2026-09-27 09:47:01,827 - root - INFO - [1070/1205] Fetching weather for Röszke...
2026-09-27 09:47:01,990 - root - INFO - Fetched weather for Röszke: 22.0°C, Clear, humidity: 48%
2026-09-27 09:47:03,091 - root - INFO - [1071/1205] Fetching weather for Tószeg...
2026-09-27 09:47:03,252 - root - INFO - Fetched weather for Tószeg: 22.2°C, Clear, humidity: 48%
2026-09-27 09:47:04,354 - root - INFO - [1072/1205] Fetching weather for Tiszavárkony...
2026-09-27 09:47:04,526 - root - INFO - Fetched weather for Tiszavárkony: 22.2°C, Clear, humidity: 48%
2026-09-27 09:47:05,627 - root - INFO - [1073/1205] Fetching weather for Tiszajenő-Vezseny...
2026-09-27 09:47:05,786 - root - INFO - Fetched weather for Tiszajenő-Vezseny: 22.2°C, Clear, humidity: 48%
2026-09-27 09:47:06,888 - root - INFO - [1074/1205] Fetching weather for Újbög...
2026-09-27 09:47:07,054 - root - INFO - Fetched weather for Újbög: 21.9°C, Clear, humidity: 48%
2026-09-27 09:47:08,155 - root - INFO - [1075/1205] Fetching weather for Tiszakécske...
2026-09-27 09:47:08,318 - root - INFO - Fetched weather for Tiszakécske: 22.0°C, Clear, humidity: 48%
2026-09-27 09:47:09,420 - root - INFO - [1076/1205] Fetching weather for Kerekdomb...
2026-09-27 09:47:09,578 - root - INFO - Fetched weather for Kerekdomb: 22.2°C, Clear, humidity: 43%
2026-09-27 09:47:10,679 - root - INFO - [1077/1205] Fetching weather for Tiszaalpár...
2026-09-27 09:47:10,844 - root - INFO - Fetched weather for Tiszaalpár: 23.1°C, Clear, humidity: 43%
2026-09-27 09:47:11,945 - root - INFO - [1078/1205] Fetching weather for Tiszaalpár alsó...
2026-09-27 09:47:12,103 - root - INFO - Fetched weather for Tiszaalpár alsó: 23.2°C, Clear, humidity: 43%
2026-09-27 09:47:13,204 - root - INFO - [1079/1205] Fetching weather for Tiszatenyő...
2026-09-27 09:47:13,365 - root - INFO - Fetched weather for Tiszatenyő: 21.0°C, Clear, humidity: 43%
2026-09-27 09:47:14,467 - root - INFO - [1080/1205] Fetching weather for Pusztapó...
2026-09-27 09:47:14,629 - root - INFO - Fetched weather for Pusztapó: 21.0°C, Clear, humidity: 43%
2026-09-27 09:47:15,731 - root - INFO - [1081/1205] Fetching weather for Kétpó...
2026-09-27 09:47:15,889 - root - INFO - Fetched weather for Kétpó: 21.0°C, Clear, humidity: 43%
2026-09-27 09:47:16,991 - root - INFO - [1082/1205] Fetching weather for Mezőtúr...
2026-09-27 09:47:17,158 - root - INFO - Fetched weather for Mezőtúr: 22.0°C, Clear, humidity: 42%
2026-09-27 09:47:18,260 - root - INFO - [1083/1205] Fetching weather for Nagylapos...
2026-09-27 09:47:18,421 - root - INFO - Fetched weather for Nagylapos: 22.0°C, Clear, humidity: 42%
2026-09-27 09:47:19,522 - root - INFO - [1084/1205] Fetching weather for Gyoma...
2026-09-27 09:47:19,678 - root - INFO - Fetched weather for Gyoma: 22.0°C, Clear, humidity: 41%
2026-09-27 09:47:20,780 - root - INFO - [1085/1205] Fetching weather for Csárdaszállás...
2026-09-27 09:47:20,936 - root - INFO - Fetched weather for Csárdaszállás: 25.0°C, Clear, humidity: 41%
2026-09-27 09:47:22,038 - root - INFO - [1086/1205] Fetching weather for Mezőberény...
2026-09-27 09:47:22,212 - root - INFO - Fetched weather for Mezőberény: 25.0°C, Clear, humidity: 32%
2026-09-27 09:47:23,314 - root - INFO - [1087/1205] Fetching weather for Murony...
2026-09-27 09:47:23,477 - root - INFO - Fetched weather for Murony: 25.0°C, Clear, humidity: 32%
2026-09-27 09:47:24,578 - root - INFO - [1088/1205] Fetching weather for Békéscsaba...
2026-09-27 09:47:24,738 - root - INFO - Fetched weather for Békéscsaba: 25.0°C, Clear, humidity: 32%
2026-09-27 09:47:25,840 - root - INFO - [1089/1205] Fetching weather for Kétegyháza...
2026-09-27 09:47:25,997 - root - INFO - Fetched weather for Kétegyháza: 24.9°C, Clouds, humidity: 32%
2026-09-27 09:47:27,099 - root - INFO - [1090/1205] Fetching weather for Lőkösháza...
2026-09-27 09:47:27,261 - root - INFO - Fetched weather for Lőkösháza: 22.3°C, Clear, humidity: 40%
2026-09-27 09:47:28,363 - root - INFO - [1091/1205] Fetching weather for Kengyel...
2026-09-27 09:47:28,523 - root - INFO - Fetched weather for Kengyel: 21.0°C, Clear, humidity: 43%
2026-09-27 09:47:29,624 - root - INFO - [1092/1205] Fetching weather for Bagimajor...
2026-09-27 09:47:29,783 - root - INFO - Fetched weather for Bagimajor: 21.0°C, Clear, humidity: 43%
2026-09-27 09:47:30,885 - root - INFO - [1093/1205] Fetching weather for Martfű...
2026-09-27 09:47:31,041 - root - INFO - Fetched weather for Martfű: 21.0°C, Clouds, humidity: 43%
2026-09-27 09:47:32,143 - root - INFO - [1094/1205] Fetching weather for Tiszaföldvár...
2026-09-27 09:47:32,299 - root - INFO - Fetched weather for Tiszaföldvár: 21.0°C, Clear, humidity: 43%
2026-09-27 09:47:33,401 - root - INFO - [1095/1205] Fetching weather for Homok...
2026-09-27 09:47:33,559 - root - INFO - Fetched weather for Homok: 22.2°C, Clear, humidity: 48%
2026-09-27 09:47:34,660 - root - INFO - [1096/1205] Fetching weather for Kungyalu...
2026-09-27 09:47:34,824 - root - INFO - Fetched weather for Kungyalu: 21.7°C, Clear, humidity: 43%
2026-09-27 09:47:35,926 - root - INFO - [1097/1205] Fetching weather for Kunszentmárton...
2026-09-27 09:47:36,085 - root - INFO - Fetched weather for Kunszentmárton: 21.7°C, Clear, humidity: 42%
2026-09-27 09:47:37,187 - root - INFO - [1098/1205] Fetching weather for Nagytőke...
2026-09-27 09:47:37,340 - root - INFO - Fetched weather for Nagytőke: 21.7°C, Clouds, humidity: 41%
2026-09-27 09:47:38,442 - root - INFO - [1099/1205] Fetching weather for Szentes...
2026-09-27 09:47:38,597 - root - INFO - Fetched weather for Szentes: 21.7°C, Clear, humidity: 41%
2026-09-27 09:47:39,698 - root - INFO - [1100/1205] Fetching weather for Szegvár...
2026-09-27 09:47:39,857 - root - INFO - Fetched weather for Szegvár: 21.7°C, Clouds, humidity: 41%
2026-09-27 09:47:40,959 - root - INFO - [1101/1205] Fetching weather for Mindszent...
2026-09-27 09:47:41,121 - root - INFO - Fetched weather for Mindszent: 21.7°C, Clear, humidity: 41%
2026-09-27 09:47:42,222 - root - INFO - [1102/1205] Fetching weather for Mártély...
2026-09-27 09:47:42,378 - root - INFO - Fetched weather for Mártély: 21.7°C, Clouds, humidity: 42%
2026-09-27 09:47:43,480 - root - INFO - [1103/1205] Fetching weather for Pusztabánréve...
2026-09-27 09:47:43,636 - root - INFO - Fetched weather for Pusztabánréve: 22.0°C, Clear, humidity: 42%
2026-09-27 09:47:44,737 - root - INFO - [1104/1205] Fetching weather for Szarvas...
2026-09-27 09:47:44,893 - root - INFO - Fetched weather for Szarvas: 22.0°C, Clear, humidity: 42%
2026-09-27 09:47:45,994 - root - INFO - [1105/1205] Fetching weather for Csabacsűd...
2026-09-27 09:47:46,151 - root - INFO - Fetched weather for Csabacsűd: 22.0°C, Clear, humidity: 41%
2026-09-27 09:47:47,252 - root - INFO - [1106/1205] Fetching weather for Kisszénás...
2026-09-27 09:47:47,412 - root - INFO - Fetched weather for Kisszénás: 22.1°C, Clear, humidity: 41%
2026-09-27 09:47:48,513 - root - INFO - [1107/1205] Fetching weather for Kiscsákó...
2026-09-27 09:47:48,667 - root - INFO - Fetched weather for Kiscsákó: 22.1°C, Clouds, humidity: 41%
2026-09-27 09:47:49,769 - root - INFO - [1108/1205] Fetching weather for Nagyszénás...
2026-09-27 09:47:49,924 - root - INFO - Fetched weather for Nagyszénás: 22.1°C, Clouds, humidity: 41%
2026-09-27 09:47:51,026 - root - INFO - [1109/1205] Fetching weather for Kardoskút...
2026-09-27 09:47:51,191 - root - INFO - Fetched weather for Kardoskút: 22.2°C, Clouds, humidity: 42%
2026-09-27 09:47:52,293 - root - INFO - [1110/1205] Fetching weather for Tótkomlós...
2026-09-27 09:47:52,460 - root - INFO - Fetched weather for Tótkomlós: 22.3°C, Clear, humidity: 41%
2026-09-27 09:47:53,561 - root - INFO - [1111/1205] Fetching weather for Nagyér...
2026-09-27 09:47:53,722 - root - INFO - Fetched weather for Nagyér: 22.4°C, Clear, humidity: 41%
2026-09-27 09:47:54,824 - root - INFO - [1112/1205] Fetching weather for Pitvaros...
2026-09-27 09:47:54,985 - root - INFO - Fetched weather for Pitvaros: 22.4°C, Clouds, humidity: 41%
2026-09-27 09:47:56,087 - root - INFO - [1113/1205] Fetching weather for Dévaványa...
2026-09-27 09:47:56,243 - root - INFO - Fetched weather for Dévaványa: 22.0°C, Clear, humidity: 41%
2026-09-27 09:47:57,344 - root - INFO - [1114/1205] Fetching weather for Körösladány...
2026-09-27 09:47:57,501 - root - INFO - Fetched weather for Körösladány: 21.9°C, Clear, humidity: 42%
2026-09-27 09:47:58,603 - root - INFO - [1115/1205] Fetching weather for Szeghalom...
2026-09-27 09:47:58,766 - root - INFO - Fetched weather for Szeghalom: 21.9°C, Clear, humidity: 42%
2026-09-27 09:47:59,868 - root - INFO - [1116/1205] Fetching weather for Vésztő...
2026-09-27 09:48:00,026 - root - INFO - Fetched weather for Vésztő: 21.9°C, Clear, humidity: 42%
2026-09-27 09:48:01,128 - root - INFO - [1117/1205] Fetching weather for Szeged-Rókus...
2026-09-27 09:48:01,290 - root - INFO - Fetched weather for Szeged-Rókus: 21.8°C, Clear, humidity: 50%
2026-09-27 09:48:02,391 - root - INFO - [1118/1205] Fetching weather for Algyő...
2026-09-27 09:48:02,551 - root - INFO - Fetched weather for Algyő: 21.8°C, Clouds, humidity: 45%
2026-09-27 09:48:03,652 - root - INFO - [1119/1205] Fetching weather for Hódmezővásárhelyi Népkert...
2026-09-27 09:48:03,814 - root - INFO - Fetched weather for Hódmezővásárhelyi Népkert: 21.7°C, Clouds, humidity: 43%
2026-09-27 09:48:04,916 - root - INFO - [1120/1205] Fetching weather for Hódmezővásárhely...
2026-09-27 09:48:05,072 - root - INFO - Fetched weather for Hódmezővásárhely: 21.7°C, Clouds, humidity: 42%
2026-09-27 09:48:06,173 - root - INFO - [1121/1205] Fetching weather for Körmend...
2026-09-27 09:48:06,333 - root - INFO - Fetched weather for Körmend: 20.2°C, Clouds, humidity: 55%
2026-09-27 09:48:07,435 - root - INFO - [1122/1205] Fetching weather for Szentgotthárd...
2026-09-27 09:48:07,596 - root - INFO - Fetched weather for Szentgotthárd: 22.4°C, Clouds, humidity: 56%
2026-09-27 09:48:08,698 - root - INFO - [1123/1205] Fetching weather for Szombathely...
2026-09-27 09:48:08,846 - root - INFO - Fetched weather for Szombathely: 20.6°C, Clouds, humidity: 56%
2026-09-27 09:48:09,948 - root - INFO - [1124/1205] Fetching weather for Sáferkút...
2026-09-27 09:48:10,114 - root - INFO - Fetched weather for Sáferkút: 21.8°C, Clouds, humidity: 50%
2026-09-27 09:48:11,215 - root - INFO - [1125/1205] Fetching weather for Magdolnavölgy...
2026-09-27 09:48:11,375 - root - INFO - Fetched weather for Magdolnavölgy: 20.0°C, Clouds, humidity: 51%
2026-09-27 09:48:12,477 - root - INFO - [1126/1205] Fetching weather for Haris...
2026-09-27 09:48:12,640 - root - INFO - Fetched weather for Haris: 22.5°C, Clouds, humidity: 55%
2026-09-27 09:48:13,741 - root - INFO - [1127/1205] Fetching weather for Egyházasrádóc...
2026-09-27 09:48:13,901 - root - INFO - Fetched weather for Egyházasrádóc: 19.9°C, Clouds, humidity: 56%
2026-09-27 09:48:15,003 - root - INFO - [1128/1205] Fetching weather for Alsórönök...
2026-09-27 09:48:15,165 - root - INFO - Fetched weather for Alsórönök: 22.5°C, Clouds, humidity: 55%
2026-09-27 09:48:16,266 - root - INFO - [1129/1205] Fetching weather for Szombathely-Szőlős...
2026-09-27 09:48:16,422 - root - INFO - Fetched weather for Szombathely-Szőlős: 20.7°C, Clouds, humidity: 56%
2026-09-27 09:48:17,524 - root - INFO - [1130/1205] Fetching weather for Rátót...
2026-09-27 09:48:17,688 - root - INFO - Fetched weather for Rátót: 20.0°C, Clouds, humidity: 55%
2026-09-27 09:48:18,790 - root - INFO - [1131/1205] Fetching weather for Ják-Balogunyom...
2026-09-27 09:48:18,948 - root - INFO - Fetched weather for Ják-Balogunyom: 20.7°C, Clouds, humidity: 56%
2026-09-27 09:48:20,050 - root - INFO - [1132/1205] Fetching weather for Vasvár...
2026-09-27 09:48:20,204 - root - INFO - Fetched weather for Vasvár: 20.3°C, Clouds, humidity: 54%
2026-09-27 09:48:21,306 - root - INFO - [1133/1205] Fetching weather for Répcelak...
2026-09-27 09:48:21,462 - root - INFO - Fetched weather for Répcelak: 20.2°C, Clouds, humidity: 54%
2026-09-27 09:48:22,564 - root - INFO - [1134/1205] Fetching weather for Rajka...
2026-09-27 09:48:22,721 - root - INFO - Fetched weather for Rajka: 20.3°C, Clouds, humidity: 59%
2026-09-27 09:48:23,823 - root - INFO - [1135/1205] Fetching weather for Püspökmolnári...
2026-09-27 09:48:23,982 - root - INFO - Fetched weather for Püspökmolnári: 20.2°C, Clouds, humidity: 55%
2026-09-27 09:48:25,083 - root - INFO - [1136/1205] Fetching weather for Kőszeg...
2026-09-27 09:48:25,243 - root - INFO - Fetched weather for Kőszeg: 20.2°C, Clouds, humidity: 54%
2026-09-27 09:48:26,345 - root - INFO - [1137/1205] Fetching weather for Kastélypark...
2026-09-27 09:48:26,501 - root - INFO - Fetched weather for Kastélypark: 22.1°C, Clouds, humidity: 45%
2026-09-27 09:48:27,603 - root - INFO - [1138/1205] Fetching weather for Hanságliget...
2026-09-27 09:48:27,766 - root - INFO - Fetched weather for Hanságliget: 20.2°C, Clouds, humidity: 54%
2026-09-27 09:48:28,867 - root - INFO - [1139/1205] Fetching weather for Vica...
2026-09-27 09:48:29,041 - root - INFO - Fetched weather for Vica: 20.3°C, Clouds, humidity: 53%
2026-09-27 09:48:30,143 - root - INFO - [1140/1205] Fetching weather for Vép...
2026-09-27 09:48:30,302 - root - INFO - Fetched weather for Vép: 20.7°C, Clouds, humidity: 55%
2026-09-27 09:48:31,403 - root - INFO - [1141/1205] Fetching weather for Mosonszolnok...
2026-09-27 09:48:31,719 - root - INFO - Fetched weather for Mosonszolnok: 20.6°C, Clouds, humidity: 55%
2026-09-27 09:48:32,821 - root - INFO - [1142/1205] Fetching weather for Jánossomorja...
2026-09-27 09:48:32,975 - root - INFO - Fetched weather for Jánossomorja: 20.1°C, Clouds, humidity: 55%
2026-09-27 09:48:34,076 - root - INFO - [1143/1205] Fetching weather for Bősárkány...
2026-09-27 09:48:34,234 - root - INFO - Fetched weather for Bősárkány: 22.4°C, Clouds, humidity: 54%
2026-09-27 09:48:35,336 - root - INFO - [1144/1205] Fetching weather for Szil-Sopronnémeti...
2026-09-27 09:48:35,491 - root - INFO - Fetched weather for Szil-Sopronnémeti: 22.3°C, Clouds, humidity: 53%
2026-09-27 09:48:36,593 - root - INFO - [1145/1205] Fetching weather for Magyarkeresztúr-Zsebeháza...
2026-09-27 09:48:36,757 - root - INFO - Fetched weather for Magyarkeresztúr-Zsebeháza: 22.3°C, Clouds, humidity: 53%
2026-09-27 09:48:37,859 - root - INFO - [1146/1205] Fetching weather for Páli-Vadosfa...
2026-09-27 09:48:38,013 - root - INFO - Fetched weather for Páli-Vadosfa: 20.3°C, Clouds, humidity: 53%
2026-09-27 09:48:39,115 - root - INFO - [1147/1205] Fetching weather for Beled...
2026-09-27 09:48:39,279 - root - INFO - Fetched weather for Beled: 20.3°C, Clouds, humidity: 53%
2026-09-27 09:48:40,380 - root - INFO - [1148/1205] Fetching weather for Dénesfa...
2026-09-27 09:48:40,536 - root - INFO - Fetched weather for Dénesfa: 20.3°C, Clouds, humidity: 54%
2026-09-27 09:48:41,637 - root - INFO - [1149/1205] Fetching weather for Csánig...
2026-09-27 09:48:41,801 - root - INFO - Fetched weather for Csánig: 20.2°C, Clouds, humidity: 54%
2026-09-27 09:48:42,902 - root - INFO - [1150/1205] Fetching weather for Vámoscsalád...
2026-09-27 09:48:43,063 - root - INFO - Fetched weather for Vámoscsalád: 21.0°C, Clouds, humidity: 54%
2026-09-27 09:48:44,165 - root - INFO - [1151/1205] Fetching weather for Vasegerszeg...
2026-09-27 09:48:44,325 - root - INFO - Fetched weather for Vasegerszeg: 21.0°C, Clouds, humidity: 55%
2026-09-27 09:48:45,426 - root - INFO - [1152/1205] Fetching weather for Hegyfalu...
2026-09-27 09:48:45,589 - root - INFO - Fetched weather for Hegyfalu: 21.0°C, Clouds, humidity: 55%
2026-09-27 09:48:46,690 - root - INFO - [1153/1205] Fetching weather for Pósfa...
2026-09-27 09:48:46,851 - root - INFO - Fetched weather for Pósfa: 21.0°C, Clouds, humidity: 55%
2026-09-27 09:48:47,953 - root - INFO - [1154/1205] Fetching weather for Ölbő-Alsószeleste...
2026-09-27 09:48:48,110 - root - INFO - Fetched weather for Ölbő-Alsószeleste: 20.9°C, Clouds, humidity: 55%
2026-09-27 09:48:49,212 - root - INFO - [1155/1205] Fetching weather for Gencsapáti felső...
2026-09-27 09:48:49,371 - root - INFO - Fetched weather for Gencsapáti felső: 20.5°C, Clouds, humidity: 54%
2026-09-27 09:48:50,472 - root - INFO - [1156/1205] Fetching weather for Lukácsháza alsó...
2026-09-27 09:48:50,630 - root - INFO - Fetched weather for Lukácsháza alsó: 20.4°C, Clouds, humidity: 54%
2026-09-27 09:48:51,732 - root - INFO - [1157/1205] Fetching weather for Kőszegfalva...
2026-09-27 09:48:51,899 - root - INFO - Fetched weather for Kőszegfalva: 20.3°C, Clouds, humidity: 54%
2026-09-27 09:48:53,000 - root - INFO - [1158/1205] Fetching weather for Gyöngyöshermán...
2026-09-27 09:48:53,159 - root - INFO - Fetched weather for Gyöngyöshermán: 20.7°C, Clouds, humidity: 56%
2026-09-27 09:48:54,260 - root - INFO - [1159/1205] Fetching weather for Bezenye...
2026-09-27 09:48:54,428 - root - INFO - Fetched weather for Bezenye: 20.3°C, Clouds, humidity: 59%
2026-09-27 09:48:55,530 - root - INFO - [1160/1205] Fetching weather for Kámon...
2026-09-27 09:48:55,691 - root - INFO - Fetched weather for Kámon: 20.6°C, Clouds, humidity: 54%
2026-09-27 09:48:56,793 - root - INFO - [1161/1205] Fetching weather for Sorkifalud...
2026-09-27 09:48:56,961 - root - INFO - Fetched weather for Sorkifalud: 20.1°C, Clouds, humidity: 56%
2026-09-27 09:48:58,063 - root - INFO - [1162/1205] Fetching weather for Szentléránt...
2026-09-27 09:48:58,234 - root - INFO - Fetched weather for Szentléránt: 20.1°C, Clouds, humidity: 56%
2026-09-27 09:48:59,336 - root - INFO - [1163/1205] Fetching weather for Pácsony...
2026-09-27 09:48:59,507 - root - INFO - Fetched weather for Pácsony: 20.3°C, Clouds, humidity: 54%
2026-09-27 09:49:00,609 - root - INFO - [1164/1205] Fetching weather for Győrvár...
2026-09-27 09:49:00,771 - root - INFO - Fetched weather for Győrvár: 20.3°C, Clouds, humidity: 54%
2026-09-27 09:49:01,873 - root - INFO - [1165/1205] Fetching weather for Egervár-Vasboldogasszony...
2026-09-27 09:49:02,029 - root - INFO - Fetched weather for Egervár-Vasboldogasszony: 20.6°C, Clouds, humidity: 53%
2026-09-27 09:49:03,130 - root - INFO - [1166/1205] Fetching weather for Zalaszentlőrinc...
2026-09-27 09:49:03,292 - root - INFO - Fetched weather for Zalaszentlőrinc: 20.6°C, Clouds, humidity: 52%
2026-09-27 09:49:04,393 - root - INFO - [1167/1205] Fetching weather for Gencsapáti alsó...
2026-09-27 09:49:04,557 - root - INFO - Fetched weather for Gencsapáti alsó: 20.5°C, Clouds, humidity: 54%
2026-09-27 09:49:05,658 - root - INFO - [1168/1205] Fetching weather for Gyöngyösfalu...
2026-09-27 09:49:05,816 - root - INFO - Fetched weather for Gyöngyösfalu: 20.4°C, Clouds, humidity: 54%
2026-09-27 09:49:06,917 - root - INFO - [1169/1205] Fetching weather for Lukácsháza...
2026-09-27 09:49:07,079 - root - INFO - Fetched weather for Lukácsháza: 20.4°C, Clouds, humidity: 54%
2026-09-27 09:49:08,181 - root - INFO - [1170/1205] Fetching weather for Horvátnádalja...
2026-09-27 09:49:08,341 - root - INFO - Fetched weather for Horvátnádalja: 20.2°C, Clouds, humidity: 55%
2026-09-27 09:49:09,443 - root - INFO - [1171/1205] Fetching weather for Csákánydoroszló...
2026-09-27 09:49:09,607 - root - INFO - Fetched weather for Csákánydoroszló: 20.2°C, Clouds, humidity: 55%
2026-09-27 09:49:10,709 - root - INFO - [1172/1205] Fetching weather for Váckisújfalu...
2026-09-27 09:49:10,871 - root - INFO - Fetched weather for Váckisújfalu: 23.3°C, Clouds, humidity: 38%
2026-09-27 09:49:11,972 - root - INFO - [1173/1205] Fetching weather for Csisztafürdő...
2026-09-27 09:49:12,135 - root - INFO - Fetched weather for Csisztafürdő: 21.2°C, Clouds, humidity: 54%
2026-09-27 09:49:13,237 - root - INFO - [1174/1205] Fetching weather for Mórágy...
2026-09-27 09:49:13,398 - root - INFO - Fetched weather for Mórágy: 23.3°C, Clouds, humidity: 46%
2026-09-27 09:49:14,499 - root - INFO - [1175/1205] Fetching weather for Kismacs...
2026-09-27 09:49:14,660 - root - INFO - Fetched weather for Kismacs: 20.9°C, Clear, humidity: 43%
2026-09-27 09:49:15,762 - root - INFO - [1176/1205] Fetching weather for Pusztaszentistván...
2026-09-27 09:49:15,920 - root - INFO - Fetched weather for Pusztaszentistván: 21.4°C, Clouds, humidity: 47%
2026-09-27 09:49:17,022 - root - INFO - [1177/1205] Fetching weather for Aranyvölgy...
2026-09-27 09:49:17,180 - root - INFO - Fetched weather for Aranyvölgy: 21.2°C, Clouds, humidity: 49%
2026-09-27 09:49:18,282 - root - INFO - [1178/1205] Fetching weather for Szélhegy...
2026-09-27 09:49:18,443 - root - INFO - Fetched weather for Szélhegy: 20.6°C, Clouds, humidity: 49%
2026-09-27 09:49:19,545 - root - INFO - [1179/1205] Fetching weather for Vörösvárbánya...
2026-09-27 09:49:19,702 - root - INFO - Fetched weather for Vörösvárbánya: 20.4°C, Clouds, humidity: 49%
2026-09-27 09:49:20,804 - root - INFO - [1180/1205] Fetching weather for Máriaszőlőtelep...
2026-09-27 09:49:20,964 - root - INFO - Fetched weather for Máriaszőlőtelep: 19.1°C, Clouds, humidity: 59%
2026-09-27 09:49:22,066 - root - INFO - [1181/1205] Fetching weather for Akadémiaújtelep...
2026-09-27 09:49:22,223 - root - INFO - Fetched weather for Akadémiaújtelep: 21.4°C, Clouds, humidity: 46%
2026-09-27 09:49:23,324 - root - INFO - [1182/1205] Fetching weather for Újpalota...
2026-09-27 09:49:23,481 - root - INFO - Fetched weather for Újpalota: 21.5°C, Clouds, humidity: 47%
2026-09-27 09:49:24,582 - root - INFO - [1183/1205] Fetching weather for Szeged, Somogyi utca...
2026-09-27 09:49:24,740 - root - INFO - Fetched weather for Szeged, Somogyi utca: 21.7°C, Clear, humidity: 50%
2026-09-27 09:49:25,842 - root - INFO - [1184/1205] Fetching weather for Hódmezővásárhely, Hősök tere...
2026-09-27 09:49:26,001 - root - INFO - Fetched weather for Hódmezővásárhely, Hősök tere: 21.7°C, Clouds, humidity: 42%
2026-09-27 09:49:27,103 - root - INFO - [1185/1205] Fetching weather for Hódmezővásárhely, Kossuth tér...
2026-09-27 09:49:27,251 - root - INFO - Fetched weather for Hódmezővásárhely, Kossuth tér: 21.7°C, Clouds, humidity: 42%
2026-09-27 09:49:28,352 - root - INFO - [1186/1205] Fetching weather for Hódmezővásárhely, Strandfürdő...
2026-09-27 09:49:28,504 - root - INFO - Fetched weather for Hódmezővásárhely, Strandfürdő: 21.7°C, Clouds, humidity: 42%
2026-09-27 09:49:29,605 - root - INFO - [1187/1205] Fetching weather for Szeged, Széchenyi tér...
2026-09-27 09:49:29,753 - root - INFO - Fetched weather for Szeged, Széchenyi tér: 21.7°C, Clear, humidity: 50%
2026-09-27 09:49:30,855 - root - INFO - [1188/1205] Fetching weather for Szeged, Anna-kút...
2026-09-27 09:49:31,023 - root - INFO - Fetched weather for Szeged, Anna-kút: 21.7°C, Clear, humidity: 50%
2026-09-27 09:49:32,125 - root - INFO - [1189/1205] Fetching weather for Szeged, Rókusi templom...
2026-09-27 09:49:32,278 - root - INFO - Fetched weather for Szeged, Rókusi templom: 21.7°C, Clear, humidity: 50%
2026-09-27 09:49:33,379 - root - INFO - [1190/1205] Fetching weather for Hódmezővásárhely, Kálvin János tér...
2026-09-27 09:49:33,532 - root - INFO - Fetched weather for Hódmezővásárhely, Kálvin János tér: 21.7°C, Clouds, humidity: 42%
2026-09-27 09:49:34,634 - root - INFO - [1191/1205] Fetching weather for Hódmezővásárhely vasútállomás...
2026-09-27 09:49:34,781 - root - INFO - Fetched weather for Hódmezővásárhely vasútállomás: 21.7°C, Clouds, humidity: 42%
2026-09-27 09:49:35,883 - root - INFO - [1192/1205] Fetching weather for Szeged, Tavasz utca...
2026-09-27 09:49:36,031 - root - INFO - Fetched weather for Szeged, Tavasz utca: 21.7°C, Clear, humidity: 50%
2026-09-27 09:49:37,132 - root - INFO - [1193/1205] Fetching weather for Szeged, Damjanich utca...
2026-09-27 09:49:37,281 - root - INFO - Fetched weather for Szeged, Damjanich utca: 21.7°C, Clear, humidity: 50%
2026-09-27 09:49:38,383 - root - INFO - [1194/1205] Fetching weather for Szeged, Vásárhelyi Pál utca...
2026-09-27 09:49:38,537 - root - INFO - Fetched weather for Szeged, Vásárhelyi Pál utca: 21.8°C, Clear, humidity: 50%
2026-09-27 09:49:39,638 - root - INFO - [1195/1205] Fetching weather for Szeged, Bécsi körút ...
2026-09-27 09:49:39,786 - root - INFO - Fetched weather for Szeged, Bécsi körút : 21.7°C, Clear, humidity: 50%
2026-09-27 09:49:40,888 - root - INFO - [1196/1205] Fetching weather for Hódmezővásárhelyi Népkert vasútállomás...
2026-09-27 09:49:41,038 - root - INFO - Fetched weather for Hódmezővásárhelyi Népkert vasútállomás: 21.7°C, Clouds, humidity: 43%
2026-09-27 09:49:42,140 - root - INFO - [1197/1205] Fetching weather for Szeged vasútállomás...
2026-09-27 09:49:42,287 - root - INFO - Fetched weather for Szeged vasútállomás: 21.7°C, Clear, humidity: 50%
2026-09-27 09:49:43,389 - root - INFO - [1198/1205] Fetching weather for Szeged, Bem utca...
2026-09-27 09:49:43,538 - root - INFO - Fetched weather for Szeged, Bem utca: 21.7°C, Clear, humidity: 50%
2026-09-27 09:49:44,640 - root - INFO - [1199/1205] Fetching weather for Szeged, Galamb utca...
2026-09-27 09:49:44,794 - root - INFO - Fetched weather for Szeged, Galamb utca: 21.7°C, Clear, humidity: 50%
2026-09-27 09:49:45,895 - root - INFO - [1200/1205] Fetching weather for Szeged, Aradi vértanúk tere...
2026-09-27 09:49:46,044 - root - INFO - Fetched weather for Szeged, Aradi vértanúk tere: 21.7°C, Clear, humidity: 50%
2026-09-27 09:49:47,145 - root - INFO - [1201/1205] Fetching weather for Szeged, Pulz utca...
2026-09-27 09:49:47,294 - root - INFO - Fetched weather for Szeged, Pulz utca: 21.8°C, Clear, humidity: 50%
2026-09-27 09:49:48,395 - root - INFO - [1202/1205] Fetching weather for Szeged, Rókus vasútállomás...
2026-09-27 09:49:48,548 - root - INFO - Fetched weather for Szeged, Rókus vasútállomás: 21.8°C, Clear, humidity: 50%
2026-09-27 09:49:49,649 - root - INFO - [1203/1205] Fetching weather for Látókép...
2026-09-27 09:49:49,811 - root - INFO - Fetched weather for Látókép: 20.9°C, Clear, humidity: 43%
2026-09-27 09:49:50,912 - root - INFO - [1204/1205] Fetching weather for Szentmihálytelek...
2026-09-27 09:49:51,073 - root - INFO - Fetched weather for Szentmihálytelek: 21.8°C, Clear, humidity: 50%
2026-09-27 09:49:52,175 - root - INFO - [1205/1205] Fetching weather for Kisvarsány...
2026-09-27 09:49:52,338 - root - INFO - Fetched weather for Kisvarsány: 20.3°C, Clouds, humidity: 54%
2026-09-27 09:49:53,444 - root - INFO - Successfully collected weather for 1205 stations
2026-09-27 09:49:53,452 - root - INFO - Saved weather data to data/weather/current_20260927_0900.csv
2026-09-27 09:49:53,452 - root - INFO - File size: 150.6 KB
2026-09-27 09:49:53,452 - root - INFO - 
============================================================
2026-09-27 09:49:53,452 - root - INFO - WEATHER COLLECTION SUMMARY
2026-09-27 09:49:53,452 - root - INFO - ============================================================
2026-09-27 09:49:53,452 - root - INFO - 
Data Coverage:
2026-09-27 09:49:53,452 - root - INFO -   - Total stations: 1205
2026-09-27 09:49:53,452 - root - INFO -   - Collection time: 2026-09-27 09:24:33.095188
2026-09-27 09:49:53,452 - root - INFO -   - Collection hour: 09:00
2026-09-27 09:49:53,452 - root - INFO - 
Weather Statistics:
2026-09-27 09:49:53,453 - root - INFO -   - Temperature range: 16.8°C to 25.0°C
2026-09-27 09:49:53,453 - root - INFO -   - Average temperature: 21.2°C
2026-09-27 09:49:53,453 - root - INFO -   - Average humidity: 50%
2026-09-27 09:49:53,453 - root - INFO -   - Average wind speed: 1.5 m/s
2026-09-27 09:49:53,453 - root - INFO -   - Stations with precipitation: 0 (0.0%)
2026-09-27 09:49:53,453 - root - INFO - 
Weather Conditions Distribution:
2026-09-27 09:49:53,454 - root - INFO -   - Clouds: 933 (77.4%)
2026-09-27 09:49:53,454 - root - INFO -   - Clear: 272 (22.6%)
2026-09-27 09:49:53,454 - root - INFO - ============================================================

2026-09-27 09:49:53,454 - __main__ - INFO - Current weather collection completed successfully!
