2026-05-20 01:10:55,818 - __main__ - INFO - ============================================================
2026-05-20 01:10:55,818 - __main__ - INFO - CURRENT WEATHER COLLECTION STARTED
2026-05-20 01:10:55,818 - __main__ - INFO - ============================================================
2026-05-20 01:10:55,818 - __main__ - INFO - Collection time: 2026-05-20 01:10:55
2026-05-20 01:10:55,818 - __main__ - INFO - ============================================================

2026-05-20 01:10:55,818 - root - INFO - Starting current weather collection...
2026-05-20 01:10:55,828 - root - INFO - Loaded 1205 unique station coordinates from GTFS
2026-05-20 01:10:55,828 - root - INFO - Collecting weather for 1205 unique stations...
2026-05-20 01:10:55,829 - root - INFO - [1/1205] Fetching weather for Búcsúszentlászló...
2026-05-20 01:10:55,887 - root - INFO - Fetched weather for Búcsúszentlászló: 9.8°C, Clouds, humidity: 80%
2026-05-20 01:10:56,988 - root - INFO - [2/1205] Fetching weather for Angyalföld...
2026-05-20 01:10:57,041 - root - INFO - Fetched weather for Angyalföld: 12.4°C, Clear, humidity: 78%
2026-05-20 01:10:58,143 - root - INFO - [3/1205] Fetching weather for Felsőjánosfa...
2026-05-20 01:10:58,196 - root - INFO - Fetched weather for Felsőjánosfa: 11.0°C, Clouds, humidity: 79%
2026-05-20 01:10:59,298 - root - INFO - [4/1205] Fetching weather for Pankasz...
2026-05-20 01:10:59,357 - root - INFO - Fetched weather for Pankasz: 10.7°C, Clouds, humidity: 79%
2026-05-20 01:11:00,459 - root - INFO - [5/1205] Fetching weather for Nagyrákos...
2026-05-20 01:11:00,519 - root - INFO - Fetched weather for Nagyrákos: 10.6°C, Clouds, humidity: 79%
2026-05-20 01:11:01,621 - root - INFO - [6/1205] Fetching weather for Őriszentpéter...
2026-05-20 01:11:01,671 - root - INFO - Fetched weather for Őriszentpéter: 10.7°C, Clouds, humidity: 80%
2026-05-20 01:11:02,773 - root - INFO - [7/1205] Fetching weather for Törökbálint...
2026-05-20 01:11:02,827 - root - INFO - Fetched weather for Törökbálint: 12.1°C, Clear, humidity: 77%
2026-05-20 01:11:03,929 - root - INFO - [8/1205] Fetching weather for Bicske alsó...
2026-05-20 01:11:03,992 - root - INFO - Fetched weather for Bicske alsó: 12.4°C, Clear, humidity: 80%
2026-05-20 01:11:05,094 - root - INFO - [9/1205] Fetching weather for Bajánsenye...
2026-05-20 01:11:05,155 - root - INFO - Fetched weather for Bajánsenye: 10.8°C, Clouds, humidity: 80%
2026-05-20 01:11:06,257 - root - INFO - [10/1205] Fetching weather for Aquincum...
2026-05-20 01:11:06,326 - root - INFO - Fetched weather for Aquincum: 12.5°C, Clear, humidity: 77%
2026-05-20 01:11:07,428 - root - INFO - [11/1205] Fetching weather for Piliscsév...
2026-05-20 01:11:07,480 - root - INFO - Fetched weather for Piliscsév: 12.4°C, Clear, humidity: 83%
2026-05-20 01:11:08,582 - root - INFO - [12/1205] Fetching weather for Tát...
2026-05-20 01:11:08,637 - root - INFO - Fetched weather for Tát: 12.4°C, Clear, humidity: 83%
2026-05-20 01:11:09,739 - root - INFO - [13/1205] Fetching weather for Süttő felső...
2026-05-20 01:11:09,789 - root - INFO - Fetched weather for Süttő felső: 12.2°C, Clear, humidity: 80%
2026-05-20 01:11:10,891 - root - INFO - [14/1205] Fetching weather for Budatétény...
2026-05-20 01:11:10,943 - root - INFO - Fetched weather for Budatétény: 12.3°C, Clear, humidity: 77%
2026-05-20 01:11:12,045 - root - INFO - [15/1205] Fetching weather for Seregélyes-Szőlőhegy...
2026-05-20 01:11:12,095 - root - INFO - Fetched weather for Seregélyes-Szőlőhegy: 12.6°C, Clear, humidity: 77%
2026-05-20 01:11:13,197 - root - INFO - [16/1205] Fetching weather for Gödöllő-Állami telepek...
2026-05-20 01:11:13,258 - root - INFO - Fetched weather for Gödöllő-Állami telepek: 12.5°C, Clear, humidity: 89%
2026-05-20 01:11:14,360 - root - INFO - [17/1205] Fetching weather for Dunakeszi alsó...
2026-05-20 01:11:14,411 - root - INFO - Fetched weather for Dunakeszi alsó: 12.4°C, Clear, humidity: 78%
2026-05-20 01:11:15,513 - root - INFO - [18/1205] Fetching weather for Vác-Alsóváros...
2026-05-20 01:11:15,566 - root - INFO - Fetched weather for Vác-Alsóváros: 12.6°C, Clear, humidity: 83%
2026-05-20 01:11:16,668 - root - INFO - [19/1205] Fetching weather for Szob alsó...
2026-05-20 01:11:16,731 - root - INFO - Fetched weather for Szob alsó: 12.6°C, Clear, humidity: 84%
2026-05-20 01:11:17,833 - root - INFO - [20/1205] Fetching weather for Zalaszentmihály-Pacsa...
2026-05-20 01:11:17,890 - root - INFO - Fetched weather for Zalaszentmihály-Pacsa: 9.8°C, Clear, humidity: 87%
2026-05-20 01:11:18,992 - root - INFO - [21/1205] Fetching weather for Pötréte...
2026-05-20 01:11:19,047 - root - INFO - Fetched weather for Pötréte: 9.8°C, Clear, humidity: 87%
2026-05-20 01:11:20,149 - root - INFO - [22/1205] Fetching weather for Felsőrajk...
2026-05-20 01:11:20,200 - root - INFO - Fetched weather for Felsőrajk: 9.8°C, Clear, humidity: 87%
2026-05-20 01:11:21,302 - root - INFO - [23/1205] Fetching weather for Gelse...
2026-05-20 01:11:21,416 - root - INFO - Fetched weather for Gelse: 9.8°C, Clear, humidity: 87%
2026-05-20 01:11:22,518 - root - INFO - [24/1205] Fetching weather for Őrtilos...
2026-05-20 01:11:22,592 - root - INFO - Fetched weather for Őrtilos: 11.4°C, Clouds, humidity: 81%
2026-05-20 01:11:23,694 - root - INFO - [25/1205] Fetching weather for Zákány...
2026-05-20 01:11:23,800 - root - INFO - Fetched weather for Zákány: 11.2°C, Clouds, humidity: 78%
2026-05-20 01:11:24,902 - root - INFO - [26/1205] Fetching weather for Berzence...
2026-05-20 01:11:25,115 - root - INFO - Fetched weather for Berzence: 11.6°C, Clouds, humidity: 73%
2026-05-20 01:11:26,218 - root - INFO - [27/1205] Fetching weather for Somogyudvarhely...
2026-05-20 01:11:26,635 - root - INFO - Fetched weather for Somogyudvarhely: 11.6°C, Clouds, humidity: 73%
2026-05-20 01:11:27,737 - root - INFO - [28/1205] Fetching weather for Bélavár...
2026-05-20 01:11:27,833 - root - INFO - Fetched weather for Bélavár: 11.7°C, Clouds, humidity: 73%
2026-05-20 01:11:28,936 - root - INFO - [29/1205] Fetching weather for Vízvár...
2026-05-20 01:11:29,006 - root - INFO - Fetched weather for Vízvár: 11.6°C, Clouds, humidity: 73%
2026-05-20 01:11:30,108 - root - INFO - [30/1205] Fetching weather for Babócsa...
2026-05-20 01:11:30,164 - root - INFO - Fetched weather for Babócsa: 11.6°C, Clouds, humidity: 73%
2026-05-20 01:11:31,267 - root - INFO - [31/1205] Fetching weather for Péterhida-Komlósd...
2026-05-20 01:11:31,323 - root - INFO - Fetched weather for Péterhida-Komlósd: 11.7°C, Clouds, humidity: 73%
2026-05-20 01:11:32,425 - root - INFO - [32/1205] Fetching weather for Barcs...
2026-05-20 01:11:32,482 - root - INFO - Fetched weather for Barcs: 11.7°C, Clear, humidity: 74%
2026-05-20 01:11:33,584 - root - INFO - [33/1205] Fetching weather for Barcs felső...
2026-05-20 01:11:33,636 - root - INFO - Fetched weather for Barcs felső: 11.7°C, Clear, humidity: 74%
2026-05-20 01:11:34,738 - root - INFO - [34/1205] Fetching weather for Középrigóc...
2026-05-20 01:11:34,791 - root - INFO - Fetched weather for Középrigóc: 11.6°C, Clear, humidity: 74%
2026-05-20 01:11:35,893 - root - INFO - [35/1205] Fetching weather for Darány...
2026-05-20 01:11:35,946 - root - INFO - Fetched weather for Darány: 11.7°C, Clear, humidity: 73%
2026-05-20 01:11:37,048 - root - INFO - [36/1205] Fetching weather for Kisdobsza...
2026-05-20 01:11:37,102 - root - INFO - Fetched weather for Kisdobsza: 11.8°C, Clear, humidity: 72%
2026-05-20 01:11:38,203 - root - INFO - [37/1205] Fetching weather for Nemeske...
2026-05-20 01:11:38,262 - root - INFO - Fetched weather for Nemeske: 11.8°C, Clear, humidity: 72%
2026-05-20 01:11:39,364 - root - INFO - [38/1205] Fetching weather for Molvány...
2026-05-20 01:11:39,415 - root - INFO - Fetched weather for Molvány: 11.8°C, Clear, humidity: 71%
2026-05-20 01:11:40,517 - root - INFO - [39/1205] Fetching weather for Szigetvár...
2026-05-20 01:11:40,575 - root - INFO - Fetched weather for Szigetvár: 11.8°C, Clouds, humidity: 71%
2026-05-20 01:11:41,677 - root - INFO - [40/1205] Fetching weather for Nagypeterd...
2026-05-20 01:11:41,733 - root - INFO - Fetched weather for Nagypeterd: 13.5°C, Clouds, humidity: 71%
2026-05-20 01:11:42,835 - root - INFO - [41/1205] Fetching weather for Szentdénes...
2026-05-20 01:11:42,890 - root - INFO - Fetched weather for Szentdénes: 13.5°C, Clouds, humidity: 70%
2026-05-20 01:11:43,992 - root - INFO - [42/1205] Fetching weather for Háros...
2026-05-20 01:11:44,045 - root - INFO - Fetched weather for Háros: 12.2°C, Clear, humidity: 77%
2026-05-20 01:11:45,147 - root - INFO - [43/1205] Fetching weather for Nagytétény-Diósd...
2026-05-20 01:11:45,203 - root - INFO - Fetched weather for Nagytétény-Diósd: 12.3°C, Clear, humidity: 77%
2026-05-20 01:11:46,305 - root - INFO - [44/1205] Fetching weather for Érdliget...
2026-05-20 01:11:46,357 - root - INFO - Fetched weather for Érdliget: 12.2°C, Clear, humidity: 77%
2026-05-20 01:11:47,459 - root - INFO - [45/1205] Fetching weather for Érd felső...
2026-05-20 01:11:47,513 - root - INFO - Fetched weather for Érd felső: 12.2°C, Clear, humidity: 77%
2026-05-20 01:11:48,616 - root - INFO - [46/1205] Fetching weather for Érd...
2026-05-20 01:11:48,667 - root - INFO - Fetched weather for Érd: 12.2°C, Clear, humidity: 77%
2026-05-20 01:11:49,769 - root - INFO - [47/1205] Fetching weather for Százhalombatta...
2026-05-20 01:11:49,827 - root - INFO - Fetched weather for Százhalombatta: 12.1°C, Clear, humidity: 77%
2026-05-20 01:11:50,929 - root - INFO - [48/1205] Fetching weather for Dunai Finomító...
2026-05-20 01:11:50,981 - root - INFO - Fetched weather for Dunai Finomító: 11.8°C, Clear, humidity: 77%
2026-05-20 01:11:52,083 - root - INFO - [49/1205] Fetching weather for Ercsi...
2026-05-20 01:11:52,136 - root - INFO - Fetched weather for Ercsi: 12.0°C, Clear, humidity: 80%
2026-05-20 01:11:53,238 - root - INFO - [50/1205] Fetching weather for Iváncsa...
2026-05-20 01:11:53,290 - root - INFO - Fetched weather for Iváncsa: 12.6°C, Clear, humidity: 80%
2026-05-20 01:11:54,392 - root - INFO - [51/1205] Fetching weather for Pusztaszabolcs...
2026-05-20 01:11:54,461 - root - INFO - Fetched weather for Pusztaszabolcs: 12.7°C, Clear, humidity: 79%
2026-05-20 01:11:55,563 - root - INFO - [52/1205] Fetching weather for Szabadegyháza...
2026-05-20 01:11:55,617 - root - INFO - Fetched weather for Szabadegyháza: 12.6°C, Clear, humidity: 79%
2026-05-20 01:11:56,719 - root - INFO - [53/1205] Fetching weather for Sárosd...
2026-05-20 01:11:56,778 - root - INFO - Fetched weather for Sárosd: 12.6°C, Clear, humidity: 78%
2026-05-20 01:11:57,880 - root - INFO - [54/1205] Fetching weather for Nagylók...
2026-05-20 01:11:57,935 - root - INFO - Fetched weather for Nagylók: 12.5°C, Clear, humidity: 78%
2026-05-20 01:11:59,037 - root - INFO - [55/1205] Fetching weather for Sárbogárd...
2026-05-20 01:11:59,094 - root - INFO - Fetched weather for Sárbogárd: 12.7°C, Clear, humidity: 77%
2026-05-20 01:12:00,196 - root - INFO - [56/1205] Fetching weather for Rétszilas...
2026-05-20 01:12:00,247 - root - INFO - Fetched weather for Rétszilas: 12.7°C, Clear, humidity: 76%
2026-05-20 01:12:01,349 - root - INFO - [57/1205] Fetching weather for Nagyatád...
2026-05-20 01:12:01,403 - root - INFO - Fetched weather for Nagyatád: 11.7°C, Clear, humidity: 70%
2026-05-20 01:12:02,505 - root - INFO - [58/1205] Fetching weather for Budapest-Keleti...
2026-05-20 01:12:02,551 - root - INFO - Fetched weather for Budapest-Keleti: 12.3°C, Clear, humidity: 78%
2026-05-20 01:12:03,653 - root - INFO - [59/1205] Fetching weather for Ferencváros...
2026-05-20 01:12:03,703 - root - INFO - Fetched weather for Ferencváros: 12.2°C, Clear, humidity: 78%
2026-05-20 01:12:04,805 - root - INFO - [60/1205] Fetching weather for Budapest-Nyugati...
2026-05-20 01:12:04,861 - root - INFO - Fetched weather for Budapest-Nyugati: 12.4°C, Clear, humidity: 78%
2026-05-20 01:12:05,963 - root - INFO - [61/1205] Fetching weather for Kőbánya felső...
2026-05-20 01:12:06,015 - root - INFO - Fetched weather for Kőbánya felső: 12.1°C, Clear, humidity: 80%
2026-05-20 01:12:07,117 - root - INFO - [62/1205] Fetching weather for Rákos...
2026-05-20 01:12:07,164 - root - INFO - Fetched weather for Rákos: 11.6°C, Clear, humidity: 85%
2026-05-20 01:12:08,266 - root - INFO - [63/1205] Fetching weather for Rákosrendező...
2026-05-20 01:12:08,317 - root - INFO - Fetched weather for Rákosrendező: 12.4°C, Clear, humidity: 78%
2026-05-20 01:12:09,419 - root - INFO - [64/1205] Fetching weather for Zugló...
2026-05-20 01:12:09,475 - root - INFO - Fetched weather for Zugló: 12.3°C, Clear, humidity: 78%
2026-05-20 01:12:10,577 - root - INFO - [65/1205] Fetching weather for Mezőtárkány...
2026-05-20 01:12:10,635 - root - INFO - Fetched weather for Mezőtárkány: 12.6°C, Clouds, humidity: 80%
2026-05-20 01:12:11,738 - root - INFO - [66/1205] Fetching weather for Istvántelek...
2026-05-20 01:12:11,796 - root - INFO - Fetched weather for Istvántelek: 12.4°C, Clear, humidity: 78%
2026-05-20 01:12:12,899 - root - INFO - [67/1205] Fetching weather for Rákospalota-Újpest...
2026-05-20 01:12:12,955 - root - INFO - Fetched weather for Rákospalota-Újpest: 12.4°C, Clear, humidity: 78%
2026-05-20 01:12:14,057 - root - INFO - [68/1205] Fetching weather for Kőbánya alsó...
2026-05-20 01:12:14,112 - root - INFO - Fetched weather for Kőbánya alsó: 12.1°C, Clear, humidity: 79%
2026-05-20 01:12:15,214 - root - INFO - [69/1205] Fetching weather for Kőbánya-Kispest...
2026-05-20 01:12:15,266 - root - INFO - Fetched weather for Kőbánya-Kispest: 11.8°C, Clear, humidity: 84%
2026-05-20 01:12:16,368 - root - INFO - [70/1205] Fetching weather for Pestszentlőrinc...
2026-05-20 01:12:16,419 - root - INFO - Fetched weather for Pestszentlőrinc: 11.4°C, Clear, humidity: 87%
2026-05-20 01:12:17,521 - root - INFO - [71/1205] Fetching weather for Kispest...
2026-05-20 01:12:17,582 - root - INFO - Fetched weather for Kispest: 11.6°C, Clear, humidity: 85%
2026-05-20 01:12:18,684 - root - INFO - [72/1205] Fetching weather for Újpest...
2026-05-20 01:12:18,736 - root - INFO - Fetched weather for Újpest: 12.4°C, Clear, humidity: 78%
2026-05-20 01:12:19,838 - root - INFO - [73/1205] Fetching weather for Pestszentimre felső...
2026-05-20 01:12:19,896 - root - INFO - Fetched weather for Pestszentimre felső: 11.5°C, Clear, humidity: 86%
2026-05-20 01:12:20,998 - root - INFO - [74/1205] Fetching weather for Dunakeszi...
2026-05-20 01:12:21,064 - root - INFO - Fetched weather for Dunakeszi: 12.3°C, Clear, humidity: 78%
2026-05-20 01:12:22,166 - root - INFO - [75/1205] Fetching weather for Dunakeszi-Gyártelep...
2026-05-20 01:12:22,227 - root - INFO - Fetched weather for Dunakeszi-Gyártelep: 12.4°C, Clear, humidity: 78%
2026-05-20 01:12:23,329 - root - INFO - [76/1205] Fetching weather for Alsógöd...
2026-05-20 01:12:23,374 - root - INFO - Fetched weather for Alsógöd: 12.4°C, Clear, humidity: 82%
2026-05-20 01:12:24,476 - root - INFO - [77/1205] Fetching weather for Göd...
2026-05-20 01:12:24,535 - root - INFO - Fetched weather for Göd: 12.4°C, Clear, humidity: 82%
2026-05-20 01:12:25,637 - root - INFO - [78/1205] Fetching weather for Felsőgöd...
2026-05-20 01:12:25,692 - root - INFO - Fetched weather for Felsőgöd: 12.5°C, Clear, humidity: 82%
2026-05-20 01:12:26,794 - root - INFO - [79/1205] Fetching weather for Sződ-Sződliget...
2026-05-20 01:12:26,847 - root - INFO - Fetched weather for Sződ-Sződliget: 12.2°C, Clear, humidity: 83%
2026-05-20 01:12:27,949 - root - INFO - [80/1205] Fetching weather for Vác...
2026-05-20 01:12:28,010 - root - INFO - Fetched weather for Vác: 12.6°C, Clear, humidity: 83%
2026-05-20 01:12:29,112 - root - INFO - [81/1205] Fetching weather for Verőce...
2026-05-20 01:12:29,168 - root - INFO - Fetched weather for Verőce: 11.8°C, Clear, humidity: 84%
2026-05-20 01:12:30,270 - root - INFO - [82/1205] Fetching weather for Kismaros...
2026-05-20 01:12:30,333 - root - INFO - Fetched weather for Kismaros: 11.0°C, Clear, humidity: 84%
2026-05-20 01:12:31,435 - root - INFO - [83/1205] Fetching weather for Nagymaros-Visegrád...
2026-05-20 01:12:31,485 - root - INFO - Fetched weather for Nagymaros-Visegrád: 11.5°C, Clear, humidity: 84%
2026-05-20 01:12:32,589 - root - INFO - [84/1205] Fetching weather for Nagymaros...
2026-05-20 01:12:32,650 - root - INFO - Fetched weather for Nagymaros: 11.5°C, Clear, humidity: 84%
2026-05-20 01:12:33,752 - root - INFO - [85/1205] Fetching weather for Zebegény...
2026-05-20 01:12:33,816 - root - INFO - Fetched weather for Zebegény: 12.1°C, Clear, humidity: 84%
2026-05-20 01:12:34,918 - root - INFO - [86/1205] Fetching weather for Szob...
2026-05-20 01:12:34,973 - root - INFO - Fetched weather for Szob: 11.9°C, Clear, humidity: 84%
2026-05-20 01:12:36,075 - root - INFO - [87/1205] Fetching weather for Alagimajor...
2026-05-20 01:12:36,142 - root - INFO - Fetched weather for Alagimajor: 12.3°C, Clear, humidity: 80%
2026-05-20 01:12:37,244 - root - INFO - [88/1205] Fetching weather for Fót...
2026-05-20 01:12:37,300 - root - INFO - Fetched weather for Fót: 12.1°C, Clear, humidity: 78%
2026-05-20 01:12:38,402 - root - INFO - [89/1205] Fetching weather for Fótújfalu...
2026-05-20 01:12:38,447 - root - INFO - Fetched weather for Fótújfalu: 12.0°C, Clear, humidity: 78%
2026-05-20 01:12:39,549 - root - INFO - [90/1205] Fetching weather for Csomád...
2026-05-20 01:12:39,613 - root - INFO - Fetched weather for Csomád: 11.5°C, Clear, humidity: 82%
2026-05-20 01:12:40,715 - root - INFO - [91/1205] Fetching weather for Veresegyház...
2026-05-20 01:12:40,771 - root - INFO - Fetched weather for Veresegyház: 12.9°C, Clear, humidity: 87%
2026-05-20 01:12:41,873 - root - INFO - [92/1205] Fetching weather for Erdőkertes...
2026-05-20 01:12:41,925 - root - INFO - Fetched weather for Erdőkertes: 12.9°C, Clear, humidity: 83%
2026-05-20 01:12:43,027 - root - INFO - [93/1205] Fetching weather for Őrbottyán...
2026-05-20 01:12:43,088 - root - INFO - Fetched weather for Őrbottyán: 13.5°C, Clear, humidity: 83%
2026-05-20 01:12:44,190 - root - INFO - [94/1205] Fetching weather for Váchartyán...
2026-05-20 01:12:44,245 - root - INFO - Fetched weather for Váchartyán: 13.8°C, Clear, humidity: 83%
2026-05-20 01:12:45,347 - root - INFO - [95/1205] Fetching weather for Magyarkút-Verőce...
2026-05-20 01:12:45,396 - root - INFO - Fetched weather for Magyarkút-Verőce: 11.8°C, Clear, humidity: 84%
2026-05-20 01:12:46,499 - root - INFO - [96/1205] Fetching weather for Szokolya...
2026-05-20 01:12:46,556 - root - INFO - Fetched weather for Szokolya: 11.0°C, Clear, humidity: 84%
2026-05-20 01:12:47,658 - root - INFO - [97/1205] Fetching weather for Berkenye...
2026-05-20 01:12:47,711 - root - INFO - Fetched weather for Berkenye: 11.7°C, Clear, humidity: 84%
2026-05-20 01:12:48,813 - root - INFO - [98/1205] Fetching weather for Nógrád...
2026-05-20 01:12:48,871 - root - INFO - Fetched weather for Nógrád: 11.3°C, Clear, humidity: 84%
2026-05-20 01:12:49,973 - root - INFO - [99/1205] Fetching weather for Diósjenő...
2026-05-20 01:12:50,025 - root - INFO - Fetched weather for Diósjenő: 10.9°C, Clear, humidity: 83%
2026-05-20 01:12:51,127 - root - INFO - [100/1205] Fetching weather for Borsosberény...
2026-05-20 01:12:51,184 - root - INFO - Fetched weather for Borsosberény: 11.6°C, Clear, humidity: 83%
2026-05-20 01:12:52,286 - root - INFO - [101/1205] Fetching weather for Nagyoroszi...
2026-05-20 01:12:52,337 - root - INFO - Fetched weather for Nagyoroszi: 11.4°C, Clear, humidity: 83%
2026-05-20 01:12:53,439 - root - INFO - [102/1205] Fetching weather for Drégelyvár...
2026-05-20 01:12:53,492 - root - INFO - Fetched weather for Drégelyvár: 11.6°C, Clear, humidity: 82%
2026-05-20 01:12:54,594 - root - INFO - [103/1205] Fetching weather for Drégely...
2026-05-20 01:12:54,643 - root - INFO - Fetched weather for Drégely: 11.9°C, Clear, humidity: 82%
2026-05-20 01:12:55,745 - root - INFO - [104/1205] Fetching weather for Drégelypalánk...
2026-05-20 01:12:55,799 - root - INFO - Fetched weather for Drégelypalánk: 12.0°C, Clear, humidity: 81%
2026-05-20 01:12:56,901 - root - INFO - [105/1205] Fetching weather for Ipolyvece...
2026-05-20 01:12:56,953 - root - INFO - Fetched weather for Ipolyvece: 12.0°C, Clear, humidity: 82%
2026-05-20 01:12:58,055 - root - INFO - [106/1205] Fetching weather for Dejtár...
2026-05-20 01:12:58,106 - root - INFO - Fetched weather for Dejtár: 12.0°C, Clear, humidity: 82%
2026-05-20 01:12:59,207 - root - INFO - [107/1205] Fetching weather for Ipolyszög...
2026-05-20 01:12:59,278 - root - INFO - Fetched weather for Ipolyszög: 12.0°C, Clear, humidity: 82%
2026-05-20 01:13:00,380 - root - INFO - [108/1205] Fetching weather for Iklad-Domony...
2026-05-20 01:13:00,435 - root - INFO - Fetched weather for Iklad-Domony: 13.9°C, Clear, humidity: 84%
2026-05-20 01:13:01,537 - root - INFO - [109/1205] Fetching weather for Iklad-Domony felső...
2026-05-20 01:13:01,586 - root - INFO - Fetched weather for Iklad-Domony felső: 13.8°C, Clear, humidity: 84%
2026-05-20 01:13:02,688 - root - INFO - [110/1205] Fetching weather for Galgamácsa...
2026-05-20 01:13:02,738 - root - INFO - Fetched weather for Galgamácsa: 13.8°C, Clear, humidity: 84%
2026-05-20 01:13:03,840 - root - INFO - [111/1205] Fetching weather for Vácrátót...
2026-05-20 01:13:03,893 - root - INFO - Fetched weather for Vácrátót: 13.8°C, Clear, humidity: 83%
2026-05-20 01:13:04,996 - root - INFO - [112/1205] Fetching weather for Csörög...
2026-05-20 01:13:05,050 - root - INFO - Fetched weather for Csörög: 11.9°C, Clear, humidity: 83%
2026-05-20 01:13:06,152 - root - INFO - [113/1205] Fetching weather for Galgagyörk...
2026-05-20 01:13:06,211 - root - INFO - Fetched weather for Galgagyörk: 13.7°C, Clear, humidity: 84%
2026-05-20 01:13:07,313 - root - INFO - [114/1205] Fetching weather for Püspökhatvan...
2026-05-20 01:13:07,366 - root - INFO - Fetched weather for Püspökhatvan: 12.2°C, Clear, humidity: 84%
2026-05-20 01:13:08,467 - root - INFO - [115/1205] Fetching weather for Acsa-Erdőkürt...
2026-05-20 01:13:08,520 - root - INFO - Fetched weather for Acsa-Erdőkürt: 12.1°C, Clear, humidity: 84%
2026-05-20 01:13:09,622 - root - INFO - [116/1205] Fetching weather for Galgaguta...
2026-05-20 01:13:09,676 - root - INFO - Fetched weather for Galgaguta: 11.7°C, Clear, humidity: 84%
2026-05-20 01:13:10,778 - root - INFO - [117/1205] Fetching weather for Nógrádkövesd...
2026-05-20 01:13:10,848 - root - INFO - Fetched weather for Nógrádkövesd: 11.8°C, Clear, humidity: 84%
2026-05-20 01:13:11,950 - root - INFO - [118/1205] Fetching weather for Magyarnándor...
2026-05-20 01:13:12,000 - root - INFO - Fetched weather for Magyarnándor: 11.5°C, Clear, humidity: 84%
2026-05-20 01:13:13,102 - root - INFO - [119/1205] Fetching weather for Mohora...
2026-05-20 01:13:13,158 - root - INFO - Fetched weather for Mohora: 11.6°C, Clear, humidity: 84%
2026-05-20 01:13:14,260 - root - INFO - [120/1205] Fetching weather for Szügy...
2026-05-20 01:13:14,316 - root - INFO - Fetched weather for Szügy: 11.8°C, Clear, humidity: 83%
2026-05-20 01:13:15,418 - root - INFO - [121/1205] Fetching weather for Balassagyarmat...
2026-05-20 01:13:15,477 - root - INFO - Fetched weather for Balassagyarmat: 11.9°C, Clear, humidity: 83%
2026-05-20 01:13:16,579 - root - INFO - [122/1205] Fetching weather for Őrhalom...
2026-05-20 01:13:16,632 - root - INFO - Fetched weather for Őrhalom: 11.6°C, Clear, humidity: 83%
2026-05-20 01:13:17,734 - root - INFO - [123/1205] Fetching weather for Hugyag...
2026-05-20 01:13:17,790 - root - INFO - Fetched weather for Hugyag: 11.6°C, Clear, humidity: 83%
2026-05-20 01:13:18,892 - root - INFO - [124/1205] Fetching weather for Szécsény...
2026-05-20 01:13:18,947 - root - INFO - Fetched weather for Szécsény: 11.7°C, Clear, humidity: 83%
2026-05-20 01:13:20,049 - root - INFO - [125/1205] Fetching weather for Ludányhalászi...
2026-05-20 01:13:20,106 - root - INFO - Fetched weather for Ludányhalászi: 11.7°C, Clear, humidity: 83%
2026-05-20 01:13:21,208 - root - INFO - [126/1205] Fetching weather for Nógrádszakál...
2026-05-20 01:13:21,268 - root - INFO - Fetched weather for Nógrádszakál: 11.6°C, Clear, humidity: 83%
2026-05-20 01:13:22,371 - root - INFO - [127/1205] Fetching weather for Ráróspuszta...
2026-05-20 01:13:22,423 - root - INFO - Fetched weather for Ráróspuszta: 11.0°C, Clear, humidity: 83%
2026-05-20 01:13:23,525 - root - INFO - [128/1205] Fetching weather for Litke...
2026-05-20 01:13:23,576 - root - INFO - Fetched weather for Litke: 11.5°C, Clear, humidity: 83%
2026-05-20 01:13:24,678 - root - INFO - [129/1205] Fetching weather for Nyíregyháza külső...
2026-05-20 01:13:24,733 - root - INFO - Fetched weather for Nyíregyháza külső: 12.0°C, Clouds, humidity: 84%
2026-05-20 01:13:25,835 - root - INFO - [130/1205] Fetching weather for Oros...
2026-05-20 01:13:25,891 - root - INFO - Fetched weather for Oros: 11.9°C, Clouds, humidity: 85%
2026-05-20 01:13:26,993 - root - INFO - [131/1205] Fetching weather for Napkor...
2026-05-20 01:13:27,053 - root - INFO - Fetched weather for Napkor: 11.9°C, Clouds, humidity: 86%
2026-05-20 01:13:28,155 - root - INFO - [132/1205] Fetching weather for Apagy...
2026-05-20 01:13:28,217 - root - INFO - Fetched weather for Apagy: 11.8°C, Clouds, humidity: 86%
2026-05-20 01:13:29,319 - root - INFO - [133/1205] Fetching weather for Levelek-Magy...
2026-05-20 01:13:29,368 - root - INFO - Fetched weather for Levelek-Magy: 11.7°C, Clouds, humidity: 87%
2026-05-20 01:13:30,470 - root - INFO - [134/1205] Fetching weather for Ófehértó...
2026-05-20 01:13:30,529 - root - INFO - Fetched weather for Ófehértó: 11.6°C, Clouds, humidity: 87%
2026-05-20 01:13:31,631 - root - INFO - [135/1205] Fetching weather for Ligettanya...
2026-05-20 01:13:31,682 - root - INFO - Fetched weather for Ligettanya: 11.5°C, Clouds, humidity: 88%
2026-05-20 01:13:32,783 - root - INFO - [136/1205] Fetching weather for Baktalórántháza...
2026-05-20 01:13:32,840 - root - INFO - Fetched weather for Baktalórántháza: 11.5°C, Clouds, humidity: 88%
2026-05-20 01:13:33,942 - root - INFO - [137/1205] Fetching weather for Vaja-Rohod...
2026-05-20 01:13:34,001 - root - INFO - Fetched weather for Vaja-Rohod: 11.5°C, Clouds, humidity: 88%
2026-05-20 01:13:35,104 - root - INFO - [138/1205] Fetching weather for Rákóczitanya...
2026-05-20 01:13:35,155 - root - INFO - Fetched weather for Rákóczitanya: 11.4°C, Clouds, humidity: 89%
2026-05-20 01:13:36,257 - root - INFO - [139/1205] Fetching weather for Nyírmada...
2026-05-20 01:13:36,323 - root - INFO - Fetched weather for Nyírmada: 11.4°C, Clouds, humidity: 89%
2026-05-20 01:13:37,425 - root - INFO - [140/1205] Fetching weather for Tunyogmatolcs...
2026-05-20 01:13:37,489 - root - INFO - Fetched weather for Tunyogmatolcs: 11.6°C, Clear, humidity: 90%
2026-05-20 01:13:38,591 - root - INFO - [141/1205] Fetching weather for Tunyogmatolcs alsó...
2026-05-20 01:13:38,641 - root - INFO - Fetched weather for Tunyogmatolcs alsó: 11.5°C, Clear, humidity: 90%
2026-05-20 01:13:39,743 - root - INFO - [142/1205] Fetching weather for Fehérgyarmat...
2026-05-20 01:13:39,801 - root - INFO - Fetched weather for Fehérgyarmat: 11.5°C, Clear, humidity: 90%
2026-05-20 01:13:40,903 - root - INFO - [143/1205] Fetching weather for Penyige...
2026-05-20 01:13:40,960 - root - INFO - Fetched weather for Penyige: 11.5°C, Clear, humidity: 90%
2026-05-20 01:13:42,062 - root - INFO - [144/1205] Fetching weather for Nagyszekeres...
2026-05-20 01:13:42,124 - root - INFO - Fetched weather for Nagyszekeres: 11.5°C, Clear, humidity: 90%
2026-05-20 01:13:43,226 - root - INFO - [145/1205] Fetching weather for Kisszekeres...
2026-05-20 01:13:43,284 - root - INFO - Fetched weather for Kisszekeres: 11.5°C, Clear, humidity: 90%
2026-05-20 01:13:44,386 - root - INFO - [146/1205] Fetching weather for Jánkmajtis...
2026-05-20 01:13:44,439 - root - INFO - Fetched weather for Jánkmajtis: 11.6°C, Clear, humidity: 90%
2026-05-20 01:13:45,540 - root - INFO - [147/1205] Fetching weather for Gacsály...
2026-05-20 01:13:45,595 - root - INFO - Fetched weather for Gacsály: 10.0°C, Clouds, humidity: 90%
2026-05-20 01:13:46,697 - root - INFO - [148/1205] Fetching weather for Zajta...
2026-05-20 01:13:46,751 - root - INFO - Fetched weather for Zajta: 10.0°C, Clouds, humidity: 90%
2026-05-20 01:13:47,853 - root - INFO - [149/1205] Fetching weather for Eperjeske alsó...
2026-05-20 01:13:47,909 - root - INFO - Fetched weather for Eperjeske alsó: 11.3°C, Clouds, humidity: 89%
2026-05-20 01:13:49,011 - root - INFO - [150/1205] Fetching weather for Mándok...
2026-05-20 01:13:49,068 - root - INFO - Fetched weather for Mándok: 11.3°C, Clouds, humidity: 89%
2026-05-20 01:13:50,170 - root - INFO - [151/1205] Fetching weather for Tornyospálca...
2026-05-20 01:13:50,225 - root - INFO - Fetched weather for Tornyospálca: 11.4°C, Clouds, humidity: 89%
2026-05-20 01:13:51,327 - root - INFO - [152/1205] Fetching weather for Aranyosapáti...
2026-05-20 01:13:51,384 - root - INFO - Fetched weather for Aranyosapáti: 11.4°C, Clouds, humidity: 89%
2026-05-20 01:13:52,486 - root - INFO - [153/1205] Fetching weather for Gyüre...
2026-05-20 01:13:52,546 - root - INFO - Fetched weather for Gyüre: 11.4°C, Clouds, humidity: 89%
2026-05-20 01:13:53,648 - root - INFO - [154/1205] Fetching weather for Varsány...
2026-05-20 01:13:53,701 - root - INFO - Fetched weather for Varsány: 11.4°C, Clouds, humidity: 89%
2026-05-20 01:13:54,803 - root - INFO - [155/1205] Fetching weather for Vásárosnamény...
2026-05-20 01:13:54,858 - root - INFO - Fetched weather for Vásárosnamény: 11.4°C, Clouds, humidity: 89%
2026-05-20 01:13:55,960 - root - INFO - [156/1205] Fetching weather for Vitka...
2026-05-20 01:13:56,013 - root - INFO - Fetched weather for Vitka: 11.4°C, Clouds, humidity: 89%
2026-05-20 01:13:57,115 - root - INFO - [157/1205] Fetching weather for Nagydobos...
2026-05-20 01:13:57,169 - root - INFO - Fetched weather for Nagydobos: 11.4°C, Clouds, humidity: 89%
2026-05-20 01:13:58,270 - root - INFO - [158/1205] Fetching weather for Ópályi...
2026-05-20 01:13:58,323 - root - INFO - Fetched weather for Ópályi: 11.4°C, Clouds, humidity: 89%
2026-05-20 01:13:59,424 - root - INFO - [159/1205] Fetching weather for Nyírcsaholy...
2026-05-20 01:13:59,483 - root - INFO - Fetched weather for Nyírcsaholy: 11.5°C, Clouds, humidity: 89%
2026-05-20 01:14:00,585 - root - INFO - [160/1205] Fetching weather for Nagyecsed...
2026-05-20 01:14:00,659 - root - INFO - Fetched weather for Nagyecsed: 11.6°C, Clouds, humidity: 90%
2026-05-20 01:14:01,761 - root - INFO - [161/1205] Fetching weather for Tiborszállás...
2026-05-20 01:14:01,823 - root - INFO - Fetched weather for Tiborszállás: 11.6°C, Clouds, humidity: 90%
2026-05-20 01:14:02,925 - root - INFO - [162/1205] Fetching weather for Kiskunhalas...
2026-05-20 01:14:02,974 - root - INFO - Fetched weather for Kiskunhalas: 12.6°C, Clear, humidity: 84%
2026-05-20 01:14:04,076 - root - INFO - [163/1205] Fetching weather for Kecskemét alsó...
2026-05-20 01:14:04,128 - root - INFO - Fetched weather for Kecskemét alsó: 10.0°C, Clear, humidity: 93%
2026-05-20 01:14:05,230 - root - INFO - [164/1205] Fetching weather for Putnok...
2026-05-20 01:14:05,287 - root - INFO - Fetched weather for Putnok: 10.2°C, Clear, humidity: 74%
2026-05-20 01:14:06,388 - root - INFO - [165/1205] Fetching weather for Bánréve...
2026-05-20 01:14:06,439 - root - INFO - Fetched weather for Bánréve: 10.2°C, Clouds, humidity: 74%
2026-05-20 01:14:07,541 - root - INFO - [166/1205] Fetching weather for Ipolytarnóc...
2026-05-20 01:14:07,594 - root - INFO - Fetched weather for Ipolytarnóc: 11.4°C, Clear, humidity: 83%
2026-05-20 01:14:08,695 - root - INFO - [167/1205] Fetching weather for Rákosliget...
2026-05-20 01:14:08,753 - root - INFO - Fetched weather for Rákosliget: 11.1°C, Clear, humidity: 89%
2026-05-20 01:14:09,855 - root - INFO - [168/1205] Fetching weather for Ikrény...
2026-05-20 01:14:09,906 - root - INFO - Fetched weather for Ikrény: 8.1°C, Clear, humidity: 80%
2026-05-20 01:14:11,008 - root - INFO - [169/1205] Fetching weather for Rábapatona...
2026-05-20 01:14:11,059 - root - INFO - Fetched weather for Rábapatona: 8.1°C, Clear, humidity: 79%
2026-05-20 01:14:12,161 - root - INFO - [170/1205] Fetching weather for Enese...
2026-05-20 01:14:12,215 - root - INFO - Fetched weather for Enese: 8.1°C, Clear, humidity: 79%
2026-05-20 01:14:13,317 - root - INFO - [171/1205] Fetching weather for Kóny...
2026-05-20 01:14:13,377 - root - INFO - Fetched weather for Kóny: 11.4°C, Clear, humidity: 79%
2026-05-20 01:14:14,478 - root - INFO - [172/1205] Fetching weather for Farád...
2026-05-20 01:14:14,530 - root - INFO - Fetched weather for Farád: 11.4°C, Clouds, humidity: 79%
2026-05-20 01:14:15,633 - root - INFO - [173/1205] Fetching weather for Rábatamási...
2026-05-20 01:14:15,695 - root - INFO - Fetched weather for Rábatamási: 11.4°C, Clouds, humidity: 79%
2026-05-20 01:14:16,797 - root - INFO - [174/1205] Fetching weather for Szárföld...
2026-05-20 01:14:16,852 - root - INFO - Fetched weather for Szárföld: 11.4°C, Clouds, humidity: 79%
2026-05-20 01:14:17,954 - root - INFO - [175/1205] Fetching weather for Veszkény...
2026-05-20 01:14:18,013 - root - INFO - Fetched weather for Veszkény: 11.4°C, Clouds, humidity: 79%
2026-05-20 01:14:19,115 - root - INFO - [176/1205] Fetching weather for Kapuvár...
2026-05-20 01:14:19,169 - root - INFO - Fetched weather for Kapuvár: 11.4°C, Clouds, humidity: 79%
2026-05-20 01:14:20,271 - root - INFO - [177/1205] Fetching weather for Vitnyéd-Csermajor...
2026-05-20 01:14:20,326 - root - INFO - Fetched weather for Vitnyéd-Csermajor: 11.4°C, Clear, humidity: 78%
2026-05-20 01:14:21,428 - root - INFO - [178/1205] Fetching weather for Petőháza...
2026-05-20 01:14:21,481 - root - INFO - Fetched weather for Petőháza: 11.4°C, Clear, humidity: 77%
2026-05-20 01:14:22,582 - root - INFO - [179/1205] Fetching weather for Fertőszentmiklós...
2026-05-20 01:14:22,632 - root - INFO - Fetched weather for Fertőszentmiklós: 11.3°C, Clear, humidity: 77%
2026-05-20 01:14:23,734 - root - INFO - [180/1205] Fetching weather for Pinnye...
2026-05-20 01:14:23,784 - root - INFO - Fetched weather for Pinnye: 11.2°C, Clouds, humidity: 75%
2026-05-20 01:14:24,886 - root - INFO - [181/1205] Fetching weather for Fertőboz...
2026-05-20 01:14:24,939 - root - INFO - Fetched weather for Fertőboz: 11.1°C, Clouds, humidity: 75%
2026-05-20 01:14:26,041 - root - INFO - [182/1205] Fetching weather for Sopron...
2026-05-20 01:14:26,096 - root - INFO - Fetched weather for Sopron: 10.7°C, Clouds, humidity: 75%
2026-05-20 01:14:27,198 - root - INFO - [183/1205] Fetching weather for Fertőszéplak-Fertőd...
2026-05-20 01:14:27,256 - root - INFO - Fetched weather for Fertőszéplak-Fertőd: 11.4°C, Clear, humidity: 76%
2026-05-20 01:14:28,357 - root - INFO - [184/1205] Fetching weather for Nyúl...
2026-05-20 01:14:28,408 - root - INFO - Fetched weather for Nyúl: 8.0°C, Clear, humidity: 93%
2026-05-20 01:14:29,510 - root - INFO - [185/1205] Fetching weather for Pannonhalma...
2026-05-20 01:14:29,571 - root - INFO - Fetched weather for Pannonhalma: 8.0°C, Clear, humidity: 93%
2026-05-20 01:14:30,672 - root - INFO - [186/1205] Fetching weather for Tarjánpuszta...
2026-05-20 01:14:30,728 - root - INFO - Fetched weather for Tarjánpuszta: 7.7°C, Clear, humidity: 93%
2026-05-20 01:14:31,830 - root - INFO - [187/1205] Fetching weather for Győrasszonyfa...
2026-05-20 01:14:31,889 - root - INFO - Fetched weather for Győrasszonyfa: 7.7°C, Clear, humidity: 93%
2026-05-20 01:14:32,991 - root - INFO - [188/1205] Fetching weather for Veszprémvarsány...
2026-05-20 01:14:33,045 - root - INFO - Fetched weather for Veszprémvarsány: 7.7°C, Clear, humidity: 81%
2026-05-20 01:14:34,146 - root - INFO - [189/1205] Fetching weather for Bakonyszentlászló...
2026-05-20 01:14:34,202 - root - INFO - Fetched weather for Bakonyszentlászló: 6.6°C, Clear, humidity: 80%
2026-05-20 01:14:35,304 - root - INFO - [190/1205] Fetching weather for Porva-Csesznek...
2026-05-20 01:14:35,357 - root - INFO - Fetched weather for Porva-Csesznek: 5.6°C, Clear, humidity: 78%
2026-05-20 01:14:36,459 - root - INFO - [191/1205] Fetching weather for Zirc...
2026-05-20 01:14:36,509 - root - INFO - Fetched weather for Zirc: 10.4°C, Clear, humidity: 75%
2026-05-20 01:14:37,611 - root - INFO - [192/1205] Fetching weather for Eplény...
2026-05-20 01:14:37,662 - root - INFO - Fetched weather for Eplény: 11.2°C, Clear, humidity: 71%
2026-05-20 01:14:38,763 - root - INFO - [193/1205] Fetching weather for Marcaltő...
2026-05-20 01:14:38,818 - root - INFO - Fetched weather for Marcaltő: 7.2°C, Clear, humidity: 100%
2026-05-20 01:14:39,920 - root - INFO - [194/1205] Fetching weather for Szany-Rábaszentandrás...
2026-05-20 01:14:39,976 - root - INFO - Fetched weather for Szany-Rábaszentandrás: 7.2°C, Clear, humidity: 100%
2026-05-20 01:14:41,078 - root - INFO - [195/1205] Fetching weather for Egyed-Rábacsanak...
2026-05-20 01:14:41,132 - root - INFO - Fetched weather for Egyed-Rábacsanak: 7.2°C, Clear, humidity: 80%
2026-05-20 01:14:42,234 - root - INFO - [196/1205] Fetching weather for Rábapordány...
2026-05-20 01:14:42,287 - root - INFO - Fetched weather for Rábapordány: 7.2°C, Clear, humidity: 80%
2026-05-20 01:14:43,388 - root - INFO - [197/1205] Fetching weather for Albertfalva...
2026-05-20 01:14:43,440 - root - INFO - Fetched weather for Albertfalva: 12.3°C, Clear, humidity: 77%
2026-05-20 01:14:44,542 - root - INFO - [198/1205] Fetching weather for Budafok...
2026-05-20 01:14:44,599 - root - INFO - Fetched weather for Budafok: 12.2°C, Clear, humidity: 77%
2026-05-20 01:14:45,701 - root - INFO - [199/1205] Fetching weather for Tétényliget...
2026-05-20 01:14:45,755 - root - INFO - Fetched weather for Tétényliget: 12.3°C, Clear, humidity: 77%
2026-05-20 01:14:46,857 - root - INFO - [200/1205] Fetching weather for Érd alsó...
2026-05-20 01:14:46,900 - root - INFO - Fetched weather for Érd alsó: 12.2°C, Clear, humidity: 77%
2026-05-20 01:14:48,002 - root - INFO - [201/1205] Fetching weather for Tárnok...
2026-05-20 01:14:48,054 - root - INFO - Fetched weather for Tárnok: 12.3°C, Clear, humidity: 77%
2026-05-20 01:14:49,156 - root - INFO - [202/1205] Fetching weather for Martonvásár...
2026-05-20 01:14:49,205 - root - INFO - Fetched weather for Martonvásár: 12.1°C, Clear, humidity: 80%
2026-05-20 01:14:50,307 - root - INFO - [203/1205] Fetching weather for Baracska...
2026-05-20 01:14:50,363 - root - INFO - Fetched weather for Baracska: 12.1°C, Clear, humidity: 80%
2026-05-20 01:14:51,465 - root - INFO - [204/1205] Fetching weather for Pettend...
2026-05-20 01:14:51,518 - root - INFO - Fetched weather for Pettend: 12.6°C, Clear, humidity: 79%
2026-05-20 01:14:52,620 - root - INFO - [205/1205] Fetching weather for Kápolnásnyék...
2026-05-20 01:14:52,678 - root - INFO - Fetched weather for Kápolnásnyék: 12.7°C, Clear, humidity: 78%
2026-05-20 01:14:53,780 - root - INFO - [206/1205] Fetching weather for Velence...
2026-05-20 01:14:53,837 - root - INFO - Fetched weather for Velence: 12.7°C, Clear, humidity: 78%
2026-05-20 01:14:54,939 - root - INFO - [207/1205] Fetching weather for Velencefürdő...
2026-05-20 01:14:54,992 - root - INFO - Fetched weather for Velencefürdő: 12.7°C, Clear, humidity: 78%
2026-05-20 01:14:56,094 - root - INFO - [208/1205] Fetching weather for Gárdony...
2026-05-20 01:14:56,149 - root - INFO - Fetched weather for Gárdony: 12.7°C, Clear, humidity: 78%
2026-05-20 01:14:57,251 - root - INFO - [209/1205] Fetching weather for Agárd...
2026-05-20 01:14:57,301 - root - INFO - Fetched weather for Agárd: 12.7°C, Clear, humidity: 78%
2026-05-20 01:14:58,403 - root - INFO - [210/1205] Fetching weather for Dinnyés...
2026-05-20 01:14:58,458 - root - INFO - Fetched weather for Dinnyés: 12.7°C, Clear, humidity: 77%
2026-05-20 01:14:59,560 - root - INFO - [211/1205] Fetching weather for Székesfehérvár...
2026-05-20 01:14:59,614 - root - INFO - Fetched weather for Székesfehérvár: 12.6°C, Clear, humidity: 75%
2026-05-20 01:15:00,716 - root - INFO - [212/1205] Fetching weather for Szabadbattyán...
2026-05-20 01:15:00,766 - root - INFO - Fetched weather for Szabadbattyán: 12.6°C, Clear, humidity: 74%
2026-05-20 01:15:01,868 - root - INFO - [213/1205] Fetching weather for Kiscséripuszta...
2026-05-20 01:15:01,934 - root - INFO - Fetched weather for Kiscséripuszta: 13.0°C, Clear, humidity: 73%
2026-05-20 01:15:03,035 - root - INFO - [214/1205] Fetching weather for Lepsény...
2026-05-20 01:15:03,087 - root - INFO - Fetched weather for Lepsény: 13.2°C, Clear, humidity: 68%
2026-05-20 01:15:04,189 - root - INFO - [215/1205] Fetching weather for Balatonaliga...
2026-05-20 01:15:04,249 - root - INFO - Fetched weather for Balatonaliga: 13.0°C, Clear, humidity: 68%
2026-05-20 01:15:05,351 - root - INFO - [216/1205] Fetching weather for Balatonvilágos...
2026-05-20 01:15:05,417 - root - INFO - Fetched weather for Balatonvilágos: 13.1°C, Clear, humidity: 68%
2026-05-20 01:15:06,519 - root - INFO - [217/1205] Fetching weather for Szabadifürdő...
2026-05-20 01:15:06,571 - root - INFO - Fetched weather for Szabadifürdő: 13.2°C, Clear, humidity: 68%
2026-05-20 01:15:07,673 - root - INFO - [218/1205] Fetching weather for Ózd alsó...
2026-05-20 01:15:07,730 - root - INFO - Fetched weather for Ózd alsó: 10.1°C, Clouds, humidity: 74%
2026-05-20 01:15:08,832 - root - INFO - [219/1205] Fetching weather for Ózd...
2026-05-20 01:15:08,889 - root - INFO - Fetched weather for Ózd: 10.1°C, Clouds, humidity: 74%
2026-05-20 01:15:09,990 - root - INFO - [220/1205] Fetching weather for Alsóboldva...
2026-05-20 01:15:10,052 - root - INFO - Fetched weather for Alsóboldva: 12.8°C, Clouds, humidity: 80%
2026-05-20 01:15:11,154 - root - INFO - [221/1205] Fetching weather for Boldva...
2026-05-20 01:15:11,208 - root - INFO - Fetched weather for Boldva: 12.8°C, Clouds, humidity: 80%
2026-05-20 01:15:12,310 - root - INFO - [222/1205] Fetching weather for Borsodszirák...
2026-05-20 01:15:12,368 - root - INFO - Fetched weather for Borsodszirák: 12.5°C, Clouds, humidity: 81%
2026-05-20 01:15:13,470 - root - INFO - [223/1205] Fetching weather for Edelény alsó...
2026-05-20 01:15:13,526 - root - INFO - Fetched weather for Edelény alsó: 12.5°C, Clouds, humidity: 81%
2026-05-20 01:15:14,627 - root - INFO - [224/1205] Fetching weather for Edelény...
2026-05-20 01:15:14,677 - root - INFO - Fetched weather for Edelény: 12.4°C, Clouds, humidity: 81%
2026-05-20 01:15:15,779 - root - INFO - [225/1205] Fetching weather for Szendrőlád...
2026-05-20 01:15:15,831 - root - INFO - Fetched weather for Szendrőlád: 11.1°C, Clouds, humidity: 82%
2026-05-20 01:15:16,933 - root - INFO - [226/1205] Fetching weather for Szendrő...
2026-05-20 01:15:16,983 - root - INFO - Fetched weather for Szendrő: 11.8°C, Clouds, humidity: 81%
2026-05-20 01:15:18,085 - root - INFO - [227/1205] Fetching weather for Szendrő felső...
2026-05-20 01:15:18,149 - root - INFO - Fetched weather for Szendrő felső: 11.8°C, Clouds, humidity: 81%
2026-05-20 01:15:19,251 - root - INFO - [228/1205] Fetching weather for Szalonna...
2026-05-20 01:15:19,306 - root - INFO - Fetched weather for Szalonna: 11.7°C, Clouds, humidity: 81%
2026-05-20 01:15:20,408 - root - INFO - [229/1205] Fetching weather for Perkupa...
2026-05-20 01:15:20,460 - root - INFO - Fetched weather for Perkupa: 10.9°C, Clouds, humidity: 82%
2026-05-20 01:15:21,562 - root - INFO - [230/1205] Fetching weather for Szemeretelep...
2026-05-20 01:15:21,611 - root - INFO - Fetched weather for Szemeretelep: 11.2°C, Clear, humidity: 88%
2026-05-20 01:15:22,713 - root - INFO - [231/1205] Fetching weather for Jósvafő-Aggtelek...
2026-05-20 01:15:22,775 - root - INFO - Fetched weather for Jósvafő-Aggtelek: 11.2°C, Clouds, humidity: 82%
2026-05-20 01:15:23,877 - root - INFO - [232/1205] Fetching weather for Bódvaszilas...
2026-05-20 01:15:23,933 - root - INFO - Fetched weather for Bódvaszilas: 10.7°C, Clouds, humidity: 81%
2026-05-20 01:15:25,035 - root - INFO - [233/1205] Fetching weather for Komjáti...
2026-05-20 01:15:25,094 - root - INFO - Fetched weather for Komjáti: 10.2°C, Clouds, humidity: 81%
2026-05-20 01:15:26,196 - root - INFO - [234/1205] Fetching weather for Tornanádaska...
2026-05-20 01:15:26,255 - root - INFO - Fetched weather for Tornanádaska: 11.4°C, Clouds, humidity: 80%
2026-05-20 01:15:27,357 - root - INFO - [235/1205] Fetching weather for Onga...
2026-05-20 01:15:27,409 - root - INFO - Fetched weather for Onga: 13.0°C, Clouds, humidity: 77%
2026-05-20 01:15:28,510 - root - INFO - [236/1205] Fetching weather for Szikszó-Vásártér...
2026-05-20 01:15:28,564 - root - INFO - Fetched weather for Szikszó-Vásártér: 12.8°C, Clouds, humidity: 78%
2026-05-20 01:15:29,666 - root - INFO - [237/1205] Fetching weather for Szikszó...
2026-05-20 01:15:29,725 - root - INFO - Fetched weather for Szikszó: 12.8°C, Clouds, humidity: 78%
2026-05-20 01:15:30,827 - root - INFO - [238/1205] Fetching weather for Aszaló...
2026-05-20 01:15:30,877 - root - INFO - Fetched weather for Aszaló: 12.6°C, Clouds, humidity: 78%
2026-05-20 01:15:31,979 - root - INFO - [239/1205] Fetching weather for Halmaj...
2026-05-20 01:15:32,030 - root - INFO - Fetched weather for Halmaj: 12.6°C, Clouds, humidity: 78%
2026-05-20 01:15:33,132 - root - INFO - [240/1205] Fetching weather for Csobád...
2026-05-20 01:15:33,182 - root - INFO - Fetched weather for Csobád: 12.4°C, Clouds, humidity: 79%
2026-05-20 01:15:34,284 - root - INFO - [241/1205] Fetching weather for Ináncs...
2026-05-20 01:15:34,338 - root - INFO - Fetched weather for Ináncs: 12.3°C, Clouds, humidity: 79%
2026-05-20 01:15:35,440 - root - INFO - [242/1205] Fetching weather for Forró-Encs...
2026-05-20 01:15:35,491 - root - INFO - Fetched weather for Forró-Encs: 12.1°C, Clouds, humidity: 79%
2026-05-20 01:15:36,593 - root - INFO - [243/1205] Fetching weather for Méra...
2026-05-20 01:15:36,643 - root - INFO - Fetched weather for Méra: 11.7°C, Clouds, humidity: 80%
2026-05-20 01:15:37,745 - root - INFO - [244/1205] Fetching weather for Novajidrány...
2026-05-20 01:15:37,796 - root - INFO - Fetched weather for Novajidrány: 13.5°C, Clouds, humidity: 80%
2026-05-20 01:15:38,897 - root - INFO - [245/1205] Fetching weather for Hernádszurdok...
2026-05-20 01:15:38,953 - root - INFO - Fetched weather for Hernádszurdok: 13.4°C, Clear, humidity: 71%
2026-05-20 01:15:40,055 - root - INFO - [246/1205] Fetching weather for Hidasnémeti...
2026-05-20 01:15:40,113 - root - INFO - Fetched weather for Hidasnémeti: 13.4°C, Clear, humidity: 71%
2026-05-20 01:15:41,215 - root - INFO - [247/1205] Fetching weather for Mád...
2026-05-20 01:15:41,271 - root - INFO - Fetched weather for Mád: 12.0°C, Clouds, humidity: 77%
2026-05-20 01:15:42,373 - root - INFO - [248/1205] Fetching weather for Rátka...
2026-05-20 01:15:42,429 - root - INFO - Fetched weather for Rátka: 12.3°C, Clouds, humidity: 78%
2026-05-20 01:15:43,530 - root - INFO - [249/1205] Fetching weather for Tállya...
2026-05-20 01:15:43,582 - root - INFO - Fetched weather for Tállya: 12.3°C, Clouds, humidity: 78%
2026-05-20 01:15:44,684 - root - INFO - [250/1205] Fetching weather for Golop...
2026-05-20 01:15:44,739 - root - INFO - Fetched weather for Golop: 12.3°C, Clouds, humidity: 79%
2026-05-20 01:15:45,841 - root - INFO - [251/1205] Fetching weather for Abaújszántó...
2026-05-20 01:15:45,894 - root - INFO - Fetched weather for Abaújszántó: 11.9°C, Clouds, humidity: 80%
2026-05-20 01:15:46,996 - root - INFO - [252/1205] Fetching weather for Abaújszántói fürdő...
2026-05-20 01:15:47,049 - root - INFO - Fetched weather for Abaújszántói fürdő: 12.2°C, Clouds, humidity: 79%
2026-05-20 01:15:48,150 - root - INFO - [253/1205] Fetching weather for Abaújkér...
2026-05-20 01:15:48,215 - root - INFO - Fetched weather for Abaújkér: 11.9°C, Clouds, humidity: 80%
2026-05-20 01:15:49,316 - root - INFO - [254/1205] Fetching weather for Boldogkőváralja...
2026-05-20 01:15:49,368 - root - INFO - Fetched weather for Boldogkőváralja: 11.7°C, Clouds, humidity: 81%
2026-05-20 01:15:50,470 - root - INFO - [255/1205] Fetching weather for Korlát-Vizsoly...
2026-05-20 01:15:50,531 - root - INFO - Fetched weather for Korlát-Vizsoly: 11.8°C, Clouds, humidity: 81%
2026-05-20 01:15:51,633 - root - INFO - [256/1205] Fetching weather for Fony...
2026-05-20 01:15:51,687 - root - INFO - Fetched weather for Fony: 13.3°C, Clouds, humidity: 81%
2026-05-20 01:15:52,788 - root - INFO - [257/1205] Fetching weather for Hejce-Vilmány...
2026-05-20 01:15:52,841 - root - INFO - Fetched weather for Hejce-Vilmány: 13.3°C, Clouds, humidity: 81%
2026-05-20 01:15:53,943 - root - INFO - [258/1205] Fetching weather for Göncruszka...
2026-05-20 01:15:53,996 - root - INFO - Fetched weather for Göncruszka: 13.4°C, Clouds, humidity: 81%
2026-05-20 01:15:55,097 - root - INFO - [259/1205] Fetching weather for Gönc...
2026-05-20 01:15:55,154 - root - INFO - Fetched weather for Gönc: 13.3°C, Clouds, humidity: 81%
2026-05-20 01:15:56,256 - root - INFO - [260/1205] Fetching weather for Zsujta...
2026-05-20 01:15:56,306 - root - INFO - Fetched weather for Zsujta: 13.3°C, Clear, humidity: 71%
2026-05-20 01:15:57,408 - root - INFO - [261/1205] Fetching weather for Bodrogkeresztúr...
2026-05-20 01:15:57,461 - root - INFO - Fetched weather for Bodrogkeresztúr: 11.6°C, Clouds, humidity: 75%
2026-05-20 01:15:58,562 - root - INFO - [262/1205] Fetching weather for Szegi...
2026-05-20 01:15:58,620 - root - INFO - Fetched weather for Szegi: 11.9°C, Clouds, humidity: 76%
2026-05-20 01:15:59,722 - root - INFO - [263/1205] Fetching weather for Erdőbénye...
2026-05-20 01:15:59,774 - root - INFO - Fetched weather for Erdőbénye: 11.8°C, Clouds, humidity: 77%
2026-05-20 01:16:00,875 - root - INFO - [264/1205] Fetching weather for Olaszliszka-Tolcsva...
2026-05-20 01:16:00,942 - root - INFO - Fetched weather for Olaszliszka-Tolcsva: 11.9°C, Clouds, humidity: 80%
2026-05-20 01:16:02,044 - root - INFO - [265/1205] Fetching weather for Bodrogolaszi...
2026-05-20 01:16:02,101 - root - INFO - Fetched weather for Bodrogolaszi: 11.8°C, Clouds, humidity: 100%
2026-05-20 01:16:03,202 - root - INFO - [266/1205] Fetching weather for Sárospatak...
2026-05-20 01:16:03,257 - root - INFO - Fetched weather for Sárospatak: 11.8°C, Clear, humidity: 100%
2026-05-20 01:16:04,359 - root - INFO - [267/1205] Fetching weather for Sátoraljaújhely...
2026-05-20 01:16:04,426 - root - INFO - Fetched weather for Sátoraljaújhely: 11.8°C, Clear, humidity: 100%
2026-05-20 01:16:05,528 - root - INFO - [268/1205] Fetching weather for Vecsés...
2026-05-20 01:16:05,583 - root - INFO - Fetched weather for Vecsés: 11.2°C, Clear, humidity: 88%
2026-05-20 01:16:06,685 - root - INFO - [269/1205] Fetching weather for Vecsés-Kertekalja...
2026-05-20 01:16:06,745 - root - INFO - Fetched weather for Vecsés-Kertekalja: 11.3°C, Clear, humidity: 88%
2026-05-20 01:16:07,847 - root - INFO - [270/1205] Fetching weather for Üllő...
2026-05-20 01:16:07,914 - root - INFO - Fetched weather for Üllő: 11.2°C, Clear, humidity: 93%
2026-05-20 01:16:09,016 - root - INFO - [271/1205] Fetching weather for Monor...
2026-05-20 01:16:09,079 - root - INFO - Fetched weather for Monor: 11.1°C, Clear, humidity: 93%
2026-05-20 01:16:10,181 - root - INFO - [272/1205] Fetching weather for Pilis...
2026-05-20 01:16:10,230 - root - INFO - Fetched weather for Pilis: 9.8°C, Clear, humidity: 85%
2026-05-20 01:16:11,332 - root - INFO - [273/1205] Fetching weather for Albertirsa...
2026-05-20 01:16:11,392 - root - INFO - Fetched weather for Albertirsa: 9.8°C, Clear, humidity: 96%
2026-05-20 01:16:12,494 - root - INFO - [274/1205] Fetching weather for Ceglédbercel-Cserő...
2026-05-20 01:16:12,549 - root - INFO - Fetched weather for Ceglédbercel-Cserő: 9.9°C, Clear, humidity: 96%
2026-05-20 01:16:13,651 - root - INFO - [275/1205] Fetching weather for Cegléd...
2026-05-20 01:16:13,721 - root - INFO - Fetched weather for Cegléd: 10.1°C, Clouds, humidity: 96%
2026-05-20 01:16:14,823 - root - INFO - [276/1205] Fetching weather for Abony...
2026-05-20 01:16:14,889 - root - INFO - Fetched weather for Abony: 11.8°C, Clear, humidity: 82%
2026-05-20 01:16:15,991 - root - INFO - [277/1205] Fetching weather for Szolnok...
2026-05-20 01:16:16,049 - root - INFO - Fetched weather for Szolnok: 12.4°C, Clear, humidity: 82%
2026-05-20 01:16:17,151 - root - INFO - [278/1205] Fetching weather for Szajol...
2026-05-20 01:16:17,209 - root - INFO - Fetched weather for Szajol: 13.0°C, Clear, humidity: 82%
2026-05-20 01:16:18,311 - root - INFO - [279/1205] Fetching weather for Törökszentmiklós...
2026-05-20 01:16:18,372 - root - INFO - Fetched weather for Törökszentmiklós: 13.0°C, Clear, humidity: 82%
2026-05-20 01:16:19,474 - root - INFO - [280/1205] Fetching weather for Rákoscsaba-Újtelep...
2026-05-20 01:16:19,530 - root - INFO - Fetched weather for Rákoscsaba-Újtelep: 11.1°C, Clear, humidity: 89%
2026-05-20 01:16:20,632 - root - INFO - [281/1205] Fetching weather for Rákoscsaba...
2026-05-20 01:16:20,686 - root - INFO - Fetched weather for Rákoscsaba: 11.1°C, Clear, humidity: 90%
2026-05-20 01:16:21,788 - root - INFO - [282/1205] Fetching weather for Pécel...
2026-05-20 01:16:21,840 - root - INFO - Fetched weather for Pécel: 11.0°C, Clear, humidity: 93%
2026-05-20 01:16:22,942 - root - INFO - [283/1205] Fetching weather for Isaszeg...
2026-05-20 01:16:23,006 - root - INFO - Fetched weather for Isaszeg: 10.8°C, Clear, humidity: 93%
2026-05-20 01:16:24,108 - root - INFO - [284/1205] Fetching weather for Gödöllő...
2026-05-20 01:16:24,167 - root - INFO - Fetched weather for Gödöllő: 10.7°C, Clear, humidity: 93%
2026-05-20 01:16:25,269 - root - INFO - [285/1205] Fetching weather for Máriabesnyő...
2026-05-20 01:16:25,321 - root - INFO - Fetched weather for Máriabesnyő: 10.7°C, Clear, humidity: 83%
2026-05-20 01:16:26,423 - root - INFO - [286/1205] Fetching weather for Bag...
2026-05-20 01:16:26,476 - root - INFO - Fetched weather for Bag: 14.4°C, Clear, humidity: 84%
2026-05-20 01:16:27,578 - root - INFO - [287/1205] Fetching weather for Aszód...
2026-05-20 01:16:27,628 - root - INFO - Fetched weather for Aszód: 14.5°C, Clear, humidity: 84%
2026-05-20 01:16:28,730 - root - INFO - [288/1205] Fetching weather for Hévízgyörk...
2026-05-20 01:16:28,783 - root - INFO - Fetched weather for Hévízgyörk: 14.5°C, Clear, humidity: 84%
2026-05-20 01:16:29,884 - root - INFO - [289/1205] Fetching weather for Galgahévíz...
2026-05-20 01:16:29,946 - root - INFO - Fetched weather for Galgahévíz: 14.5°C, Clear, humidity: 84%
2026-05-20 01:16:31,047 - root - INFO - [290/1205] Fetching weather for Tura...
2026-05-20 01:16:31,099 - root - INFO - Fetched weather for Tura: 14.5°C, Clear, humidity: 84%
2026-05-20 01:16:32,201 - root - INFO - [291/1205] Fetching weather for Hatvan...
2026-05-20 01:16:32,258 - root - INFO - Fetched weather for Hatvan: 12.6°C, Clear, humidity: 83%
2026-05-20 01:16:33,360 - root - INFO - [292/1205] Fetching weather for Vámosgyörk...
2026-05-20 01:16:33,412 - root - INFO - Fetched weather for Vámosgyörk: 12.5°C, Clouds, humidity: 80%
2026-05-20 01:16:34,514 - root - INFO - [293/1205] Fetching weather for Adács...
2026-05-20 01:16:34,573 - root - INFO - Fetched weather for Adács: 12.5°C, Clouds, humidity: 79%
2026-05-20 01:16:35,675 - root - INFO - [294/1205] Fetching weather for Karácsond...
2026-05-20 01:16:35,739 - root - INFO - Fetched weather for Karácsond: 12.3°C, Clouds, humidity: 79%
2026-05-20 01:16:36,841 - root - INFO - [295/1205] Fetching weather for Ludas...
2026-05-20 01:16:36,892 - root - INFO - Fetched weather for Ludas: 12.5°C, Clouds, humidity: 79%
2026-05-20 01:16:37,994 - root - INFO - [296/1205] Fetching weather for Nagyút...
2026-05-20 01:16:38,045 - root - INFO - Fetched weather for Nagyút: 12.4°C, Clouds, humidity: 80%
2026-05-20 01:16:39,147 - root - INFO - [297/1205] Fetching weather for Kál-Kápolna...
2026-05-20 01:16:39,200 - root - INFO - Fetched weather for Kál-Kápolna: 12.4°C, Clouds, humidity: 81%
2026-05-20 01:16:40,302 - root - INFO - [298/1205] Fetching weather for Füzesabony...
2026-05-20 01:16:40,362 - root - INFO - Fetched weather for Füzesabony: 12.5°C, Clouds, humidity: 80%
2026-05-20 01:16:41,464 - root - INFO - [299/1205] Fetching weather for Szihalom...
2026-05-20 01:16:41,519 - root - INFO - Fetched weather for Szihalom: 12.4°C, Clouds, humidity: 80%
2026-05-20 01:16:42,621 - root - INFO - [300/1205] Fetching weather for Mezőkövesd...
2026-05-20 01:16:42,678 - root - INFO - Fetched weather for Mezőkövesd: 12.6°C, Clouds, humidity: 79%
2026-05-20 01:16:43,779 - root - INFO - [301/1205] Fetching weather for Mezőkövesd felső...
2026-05-20 01:16:43,842 - root - INFO - Fetched weather for Mezőkövesd felső: 12.6°C, Clouds, humidity: 79%
2026-05-20 01:16:44,944 - root - INFO - [302/1205] Fetching weather for Mezőkeresztes-Mezőnyárád...
2026-05-20 01:16:44,995 - root - INFO - Fetched weather for Mezőkeresztes-Mezőnyárád: 12.7°C, Clouds, humidity: 77%
2026-05-20 01:16:46,096 - root - INFO - [303/1205] Fetching weather for Csincse...
2026-05-20 01:16:46,165 - root - INFO - Fetched weather for Csincse: 12.9°C, Clouds, humidity: 76%
2026-05-20 01:16:47,267 - root - INFO - [304/1205] Fetching weather for Emőd...
2026-05-20 01:16:47,317 - root - INFO - Fetched weather for Emőd: 12.7°C, Clouds, humidity: 76%
2026-05-20 01:16:48,419 - root - INFO - [305/1205] Fetching weather for Nyékládháza...
2026-05-20 01:16:48,479 - root - INFO - Fetched weather for Nyékládháza: 13.1°C, Clouds, humidity: 76%
2026-05-20 01:16:49,581 - root - INFO - [306/1205] Fetching weather for Miskolc-Tiszai...
2026-05-20 01:16:49,633 - root - INFO - Fetched weather for Miskolc-Tiszai: 13.1°C, Clouds, humidity: 76%
2026-05-20 01:16:50,735 - root - INFO - [307/1205] Fetching weather for Felsőzsolca...
2026-05-20 01:16:50,795 - root - INFO - Fetched weather for Felsőzsolca: 13.1°C, Clouds, humidity: 76%
2026-05-20 01:16:51,897 - root - INFO - [308/1205] Fetching weather for Hernádnémeti-Bőcs...
2026-05-20 01:16:51,955 - root - INFO - Fetched weather for Hernádnémeti-Bőcs: 12.9°C, Clouds, humidity: 77%
2026-05-20 01:16:53,057 - root - INFO - [309/1205] Fetching weather for Tiszalúc...
2026-05-20 01:16:53,114 - root - INFO - Fetched weather for Tiszalúc: 12.8°C, Clouds, humidity: 77%
2026-05-20 01:16:54,215 - root - INFO - [310/1205] Fetching weather for Taktaharkány...
2026-05-20 01:16:54,281 - root - INFO - Fetched weather for Taktaharkány: 12.8°C, Clouds, humidity: 77%
2026-05-20 01:16:55,383 - root - INFO - [311/1205] Fetching weather for Taktaszada...
2026-05-20 01:16:55,452 - root - INFO - Fetched weather for Taktaszada: 12.7°C, Clouds, humidity: 77%
2026-05-20 01:16:56,554 - root - INFO - [312/1205] Fetching weather for Szerencs...
2026-05-20 01:16:56,611 - root - INFO - Fetched weather for Szerencs: 12.6°C, Clouds, humidity: 77%
2026-05-20 01:16:57,713 - root - INFO - [313/1205] Fetching weather for Mezőzombor...
2026-05-20 01:16:57,769 - root - INFO - Fetched weather for Mezőzombor: 12.4°C, Clouds, humidity: 77%
2026-05-20 01:16:58,871 - root - INFO - [314/1205] Fetching weather for Tarcal...
2026-05-20 01:16:58,924 - root - INFO - Fetched weather for Tarcal: 12.5°C, Clouds, humidity: 75%
2026-05-20 01:17:00,027 - root - INFO - [315/1205] Fetching weather for Tokaj...
2026-05-20 01:17:00,078 - root - INFO - Fetched weather for Tokaj: 11.9°C, Clouds, humidity: 75%
2026-05-20 01:17:01,180 - root - INFO - [316/1205] Fetching weather for Rakamaz...
2026-05-20 01:17:01,239 - root - INFO - Fetched weather for Rakamaz: 12.4°C, Clouds, humidity: 76%
2026-05-20 01:17:02,341 - root - INFO - [317/1205] Fetching weather for Görögszállás...
2026-05-20 01:17:02,404 - root - INFO - Fetched weather for Görögszállás: 12.3°C, Clouds, humidity: 79%
2026-05-20 01:17:03,506 - root - INFO - [318/1205] Fetching weather for Nyírtelek...
2026-05-20 01:17:03,576 - root - INFO - Fetched weather for Nyírtelek: 12.2°C, Clouds, humidity: 81%
2026-05-20 01:17:04,678 - root - INFO - [319/1205] Fetching weather for Rákoshegy...
2026-05-20 01:17:04,740 - root - INFO - Fetched weather for Rákoshegy: 11.1°C, Clear, humidity: 89%
2026-05-20 01:17:05,842 - root - INFO - [320/1205] Fetching weather for Ecser...
2026-05-20 01:17:05,891 - root - INFO - Fetched weather for Ecser: 11.1°C, Clear, humidity: 93%
2026-05-20 01:17:06,993 - root - INFO - [321/1205] Fetching weather for Maglód...
2026-05-20 01:17:07,047 - root - INFO - Fetched weather for Maglód: 11.0°C, Clear, humidity: 93%
2026-05-20 01:17:08,148 - root - INFO - [322/1205] Fetching weather for Maglódi nyaraló...
2026-05-20 01:17:08,200 - root - INFO - Fetched weather for Maglódi nyaraló: 10.9°C, Clear, humidity: 93%
2026-05-20 01:17:09,302 - root - INFO - [323/1205] Fetching weather for Gyömrő...
2026-05-20 01:17:09,362 - root - INFO - Fetched weather for Gyömrő: 10.8°C, Clear, humidity: 93%
2026-05-20 01:17:10,463 - root - INFO - [324/1205] Fetching weather for Mende...
2026-05-20 01:17:10,526 - root - INFO - Fetched weather for Mende: 10.8°C, Clear, humidity: 93%
2026-05-20 01:17:11,628 - root - INFO - [325/1205] Fetching weather for Szőlősnyaraló...
2026-05-20 01:17:11,685 - root - INFO - Fetched weather for Szőlősnyaraló: 11.0°C, Clear, humidity: 86%
2026-05-20 01:17:12,787 - root - INFO - [326/1205] Fetching weather for Sülysáp...
2026-05-20 01:17:12,836 - root - INFO - Fetched weather for Sülysáp: 11.0°C, Clear, humidity: 85%
2026-05-20 01:17:13,937 - root - INFO - [327/1205] Fetching weather for Tápiószecső...
2026-05-20 01:17:13,999 - root - INFO - Fetched weather for Tápiószecső: 9.8°C, Clear, humidity: 86%
2026-05-20 01:17:15,101 - root - INFO - [328/1205] Fetching weather for Szentmártonkáta...
2026-05-20 01:17:15,154 - root - INFO - Fetched weather for Szentmártonkáta: 9.8°C, Clear, humidity: 96%
2026-05-20 01:17:16,256 - root - INFO - [329/1205] Fetching weather for Nagykáta...
2026-05-20 01:17:16,307 - root - INFO - Fetched weather for Nagykáta: 9.9°C, Clear, humidity: 96%
2026-05-20 01:17:17,409 - root - INFO - [330/1205] Fetching weather for Farmos...
2026-05-20 01:17:17,465 - root - INFO - Fetched weather for Farmos: 10.0°C, Clouds, humidity: 96%
2026-05-20 01:17:18,566 - root - INFO - [331/1205] Fetching weather for Tápiószele...
2026-05-20 01:17:18,621 - root - INFO - Fetched weather for Tápiószele: 10.0°C, Clouds, humidity: 96%
2026-05-20 01:17:19,722 - root - INFO - [332/1205] Fetching weather for Tápiógyörgye...
2026-05-20 01:17:19,783 - root - INFO - Fetched weather for Tápiógyörgye: 10.1°C, Clouds, humidity: 96%
2026-05-20 01:17:20,885 - root - INFO - [333/1205] Fetching weather for Újszász...
2026-05-20 01:17:20,938 - root - INFO - Fetched weather for Újszász: 10.1°C, Clouds, humidity: 96%
2026-05-20 01:17:22,039 - root - INFO - [334/1205] Fetching weather for Szurdokpüspöki...
2026-05-20 01:17:22,090 - root - INFO - Fetched weather for Szurdokpüspöki: 12.2°C, Clear, humidity: 82%
2026-05-20 01:17:23,191 - root - INFO - [335/1205] Fetching weather for Lőrinci...
2026-05-20 01:17:23,243 - root - INFO - Fetched weather for Lőrinci: 12.4°C, Clear, humidity: 82%
2026-05-20 01:17:24,345 - root - INFO - [336/1205] Fetching weather for Selyp...
2026-05-20 01:17:24,400 - root - INFO - Fetched weather for Selyp: 12.4°C, Clear, humidity: 82%
2026-05-20 01:17:25,502 - root - INFO - [337/1205] Fetching weather for Apc-Zagyvaszántó...
2026-05-20 01:17:25,557 - root - INFO - Fetched weather for Apc-Zagyvaszántó: 12.4°C, Clear, humidity: 82%
2026-05-20 01:17:26,658 - root - INFO - [338/1205] Fetching weather for Pásztó...
2026-05-20 01:17:26,709 - root - INFO - Fetched weather for Pásztó: 12.0°C, Clear, humidity: 82%
2026-05-20 01:17:27,811 - root - INFO - [339/1205] Fetching weather for Mátraszőlős-Hasznos...
2026-05-20 01:17:27,876 - root - INFO - Fetched weather for Mátraszőlős-Hasznos: 11.9°C, Clear, humidity: 81%
2026-05-20 01:17:28,978 - root - INFO - [340/1205] Fetching weather for Tar...
2026-05-20 01:17:29,034 - root - INFO - Fetched weather for Tar: 11.4°C, Clear, humidity: 81%
2026-05-20 01:17:30,136 - root - INFO - [341/1205] Fetching weather for Mátraverebély...
2026-05-20 01:17:30,186 - root - INFO - Fetched weather for Mátraverebély: 11.4°C, Clear, humidity: 81%
2026-05-20 01:17:31,288 - root - INFO - [342/1205] Fetching weather for Nagybátony...
2026-05-20 01:17:31,339 - root - INFO - Fetched weather for Nagybátony: 11.5°C, Clear, humidity: 80%
2026-05-20 01:17:32,441 - root - INFO - [343/1205] Fetching weather for Kisterenye...
2026-05-20 01:17:32,495 - root - INFO - Fetched weather for Kisterenye: 11.6°C, Clear, humidity: 80%
2026-05-20 01:17:33,597 - root - INFO - [344/1205] Fetching weather for Kisterenye-Bányatelep...
2026-05-20 01:17:33,659 - root - INFO - Fetched weather for Kisterenye-Bányatelep: 11.6°C, Clear, humidity: 80%
2026-05-20 01:17:34,760 - root - INFO - [345/1205] Fetching weather for Salgótarján külső...
2026-05-20 01:17:34,814 - root - INFO - Fetched weather for Salgótarján külső: 10.9°C, Clear, humidity: 81%
2026-05-20 01:17:35,916 - root - INFO - [346/1205] Fetching weather for Balatonfenyves GV...
2026-05-20 01:17:35,973 - root - INFO - Fetched weather for Balatonfenyves GV: 10.1°C, Clear, humidity: 73%
2026-05-20 01:17:37,075 - root - INFO - [347/1205] Fetching weather for Várhegyalja...
2026-05-20 01:17:37,136 - root - INFO - Fetched weather for Várhegyalja: 12.0°C, Clear, humidity: 79%
2026-05-20 01:17:38,238 - root - INFO - [348/1205] Fetching weather for Imremajor...
2026-05-20 01:17:38,293 - root - INFO - Fetched weather for Imremajor: 10.1°C, Clear, humidity: 73%
2026-05-20 01:17:39,394 - root - INFO - [349/1205] Fetching weather for Rákospalota-Kertváros...
2026-05-20 01:17:39,447 - root - INFO - Fetched weather for Rákospalota-Kertváros: 12.4°C, Clear, humidity: 78%
2026-05-20 01:17:40,548 - root - INFO - [350/1205] Fetching weather for Vicziántelep...
2026-05-20 01:17:40,596 - root - INFO - Fetched weather for Vicziántelep: 11.1°C, Clear, humidity: 83%
2026-05-20 01:17:41,698 - root - INFO - [351/1205] Fetching weather for Pálmajor...
2026-05-20 01:17:41,758 - root - INFO - Fetched weather for Pálmajor: 10.1°C, Clear, humidity: 74%
2026-05-20 01:17:42,860 - root - INFO - [352/1205] Fetching weather for Somogyszentpál felső...
2026-05-20 01:17:42,915 - root - INFO - Fetched weather for Somogyszentpál felső: 10.1°C, Clear, humidity: 72%
2026-05-20 01:17:44,017 - root - INFO - [353/1205] Fetching weather for Somogyszentpál...
2026-05-20 01:17:44,067 - root - INFO - Fetched weather for Somogyszentpál: 10.1°C, Clear, humidity: 72%
2026-05-20 01:17:45,168 - root - INFO - [354/1205] Fetching weather for Rudnaykert...
2026-05-20 01:17:45,219 - root - INFO - Fetched weather for Rudnaykert: 14.3°C, Clear, humidity: 84%
2026-05-20 01:17:46,321 - root - INFO - [355/1205] Fetching weather for Maroshegy...
2026-05-20 01:17:46,385 - root - INFO - Fetched weather for Maroshegy: 12.6°C, Clear, humidity: 75%
2026-05-20 01:17:47,487 - root - INFO - [356/1205] Fetching weather for Bánhida...
2026-05-20 01:17:47,549 - root - INFO - Fetched weather for Bánhida: 11.9°C, Clear, humidity: 79%
2026-05-20 01:17:48,650 - root - INFO - [357/1205] Fetching weather for Magyarkút...
2026-05-20 01:17:48,711 - root - INFO - Fetched weather for Magyarkút: 11.3°C, Clear, humidity: 81%
2026-05-20 01:17:49,812 - root - INFO - [358/1205] Fetching weather for Becske alsó...
2026-05-20 01:17:49,866 - root - INFO - Fetched weather for Becske alsó: 11.0°C, Clear, humidity: 80%
2026-05-20 01:17:50,967 - root - INFO - [359/1205] Fetching weather for Hosszúberek-Péteri...
2026-05-20 01:17:51,022 - root - INFO - Fetched weather for Hosszúberek-Péteri: 11.1°C, Clear, humidity: 93%
2026-05-20 01:17:52,123 - root - INFO - [360/1205] Fetching weather for Monorierdő...
2026-05-20 01:17:52,184 - root - INFO - Fetched weather for Monorierdő: 11.0°C, Clear, humidity: 85%
2026-05-20 01:17:53,286 - root - INFO - [361/1205] Fetching weather for Ceglédbercel...
2026-05-20 01:17:53,340 - root - INFO - Fetched weather for Ceglédbercel: 9.9°C, Clear, humidity: 96%
2026-05-20 01:17:54,442 - root - INFO - [362/1205] Fetching weather for Budai út...
2026-05-20 01:17:54,492 - root - INFO - Fetched weather for Budai út: 9.9°C, Clear, humidity: 96%
2026-05-20 01:17:55,594 - root - INFO - [363/1205] Fetching weather for Büdöskútpuszta...
2026-05-20 01:17:55,649 - root - INFO - Fetched weather for Büdöskútpuszta: 12.1°C, Clouds, humidity: 78%
2026-05-20 01:17:56,750 - root - INFO - [364/1205] Fetching weather for Bánrévei Vízmű...
2026-05-20 01:17:56,812 - root - INFO - Fetched weather for Bánrévei Vízmű: 10.2°C, Clear, humidity: 74%
2026-05-20 01:17:57,914 - root - INFO - [365/1205] Fetching weather for Rákoskert...
2026-05-20 01:17:57,966 - root - INFO - Fetched weather for Rákoskert: 11.0°C, Clear, humidity: 90%
2026-05-20 01:17:59,068 - root - INFO - [366/1205] Fetching weather for Szirmabesenyő...
2026-05-20 01:17:59,133 - root - INFO - Fetched weather for Szirmabesenyő: 12.2°C, Clouds, humidity: 75%
2026-05-20 01:18:00,235 - root - INFO - [367/1205] Fetching weather for Kitérőgyár...
2026-05-20 01:18:00,285 - root - INFO - Fetched weather for Kitérőgyár: 12.1°C, Clouds, humidity: 74%
2026-05-20 01:18:01,387 - root - INFO - [368/1205] Fetching weather for Tápiószentmárton...
2026-05-20 01:18:01,438 - root - INFO - Fetched weather for Tápiószentmárton: 10.0°C, Clouds, humidity: 96%
2026-05-20 01:18:02,540 - root - INFO - [369/1205] Fetching weather for Zagyvarékas...
2026-05-20 01:18:02,591 - root - INFO - Fetched weather for Zagyvarékas: 12.2°C, Clear, humidity: 82%
2026-05-20 01:18:03,692 - root - INFO - [370/1205] Fetching weather for Abonyi út...
2026-05-20 01:18:03,749 - root - INFO - Fetched weather for Abonyi út: 12.3°C, Clear, humidity: 82%
2026-05-20 01:18:04,851 - root - INFO - [371/1205] Fetching weather for Jászkisér felső...
2026-05-20 01:18:04,913 - root - INFO - Fetched weather for Jászkisér felső: 12.8°C, Clouds, humidity: 83%
2026-05-20 01:18:06,014 - root - INFO - [372/1205] Fetching weather for Szellőhát...
2026-05-20 01:18:06,070 - root - INFO - Fetched weather for Szellőhát: 10.1°C, Clouds, humidity: 83%
2026-05-20 01:18:07,172 - root - INFO - [373/1205] Fetching weather for Szilvásvárad-Szalajkavölgy...
2026-05-20 01:18:07,230 - root - INFO - Fetched weather for Szilvásvárad-Szalajkavölgy: 8.8°C, Clouds, humidity: 74%
2026-05-20 01:18:08,331 - root - INFO - [374/1205] Fetching weather for Vásárosnamény külső...
2026-05-20 01:18:08,389 - root - INFO - Fetched weather for Vásárosnamény külső: 12.1°C, Clouds, humidity: 87%
2026-05-20 01:18:09,491 - root - INFO - [375/1205] Fetching weather for Újváros...
2026-05-20 01:18:09,551 - root - INFO - Fetched weather for Újváros: 13.3°C, Clouds, humidity: 85%
2026-05-20 01:18:10,653 - root - INFO - [376/1205] Fetching weather for Városi park...
2026-05-20 01:18:10,705 - root - INFO - Fetched weather for Városi park: 11.7°C, Clouds, humidity: 87%
2026-05-20 01:18:11,807 - root - INFO - [377/1205] Fetching weather for Belsőkamaráspuszta...
2026-05-20 01:18:11,869 - root - INFO - Fetched weather for Belsőkamaráspuszta: 12.2°C, Clouds, humidity: 89%
2026-05-20 01:18:12,971 - root - INFO - [378/1205] Fetching weather for Sajószöged...
2026-05-20 01:18:13,027 - root - INFO - Fetched weather for Sajószöged: 12.9°C, Clouds, humidity: 74%
2026-05-20 01:18:14,128 - root - INFO - [379/1205] Fetching weather for Kazincbarcika alsó...
2026-05-20 01:18:14,181 - root - INFO - Fetched weather for Kazincbarcika alsó: 10.4°C, Clouds, humidity: 78%
2026-05-20 01:18:15,283 - root - INFO - [380/1205] Fetching weather for Nyárjas...
2026-05-20 01:18:15,334 - root - INFO - Fetched weather for Nyárjas: 10.1°C, Clear, humidity: 93%
2026-05-20 01:18:16,435 - root - INFO - [381/1205] Fetching weather for Pogonyipuszta...
2026-05-20 01:18:16,491 - root - INFO - Fetched weather for Pogonyipuszta: 10.2°C, Clear, humidity: 74%
2026-05-20 01:18:17,593 - root - INFO - [382/1205] Fetching weather for Sióvölgy...
2026-05-20 01:18:17,645 - root - INFO - Fetched weather for Sióvölgy: 13.3°C, Clear, humidity: 68%
2026-05-20 01:18:18,747 - root - INFO - [383/1205] Fetching weather for Répáspuszta...
2026-05-20 01:18:18,806 - root - INFO - Fetched weather for Répáspuszta: 12.1°C, Clear, humidity: 69%
2026-05-20 01:18:19,908 - root - INFO - [384/1205] Fetching weather for Virányos...
2026-05-20 01:18:19,966 - root - INFO - Fetched weather for Virányos: 12.6°C, Clouds, humidity: 77%
2026-05-20 01:18:21,068 - root - INFO - [385/1205] Fetching weather for Füzesbokor...
2026-05-20 01:18:21,124 - root - INFO - Fetched weather for Füzesbokor: 12.5°C, Clouds, humidity: 79%
2026-05-20 01:18:22,226 - root - INFO - [386/1205] Fetching weather for Kunfehértó...
2026-05-20 01:18:22,286 - root - INFO - Fetched weather for Kunfehértó: 12.4°C, Clear, humidity: 82%
2026-05-20 01:18:23,388 - root - INFO - [387/1205] Fetching weather for Erdőszél...
2026-05-20 01:18:23,443 - root - INFO - Fetched weather for Erdőszél: 12.3°C, Clear, humidity: 81%
2026-05-20 01:18:24,544 - root - INFO - [388/1205] Fetching weather for Jánoshalma...
2026-05-20 01:18:24,603 - root - INFO - Fetched weather for Jánoshalma: 12.5°C, Clear, humidity: 81%
2026-05-20 01:18:25,705 - root - INFO - [389/1205] Fetching weather for Mélykút...
2026-05-20 01:18:25,761 - root - INFO - Fetched weather for Mélykút: 12.5°C, Clear, humidity: 81%
2026-05-20 01:18:26,863 - root - INFO - [390/1205] Fetching weather for Bácsalmás...
2026-05-20 01:18:26,915 - root - INFO - Fetched weather for Bácsalmás: 12.5°C, Clear, humidity: 81%
2026-05-20 01:18:28,017 - root - INFO - [391/1205] Fetching weather for Almás...
2026-05-20 01:18:28,070 - root - INFO - Fetched weather for Almás: 12.5°C, Clear, humidity: 81%
2026-05-20 01:18:29,172 - root - INFO - [392/1205] Fetching weather for Bácsbokod-Bácsborsód...
2026-05-20 01:18:29,222 - root - INFO - Fetched weather for Bácsbokod-Bácsborsód: 12.6°C, Clouds, humidity: 80%
2026-05-20 01:18:30,324 - root - INFO - [393/1205] Fetching weather for Baja...
2026-05-20 01:18:30,386 - root - INFO - Fetched weather for Baja: 12.8°C, Clear, humidity: 76%
2026-05-20 01:18:31,488 - root - INFO - [394/1205] Fetching weather for Harkakötöny...
2026-05-20 01:18:31,545 - root - INFO - Fetched weather for Harkakötöny: 12.6°C, Clouds, humidity: 82%
2026-05-20 01:18:32,647 - root - INFO - [395/1205] Fetching weather for Tajó...
2026-05-20 01:18:32,702 - root - INFO - Fetched weather for Tajó: 12.7°C, Clouds, humidity: 82%
2026-05-20 01:18:33,803 - root - INFO - [396/1205] Fetching weather for Kiskunmajsa...
2026-05-20 01:18:33,858 - root - INFO - Fetched weather for Kiskunmajsa: 12.7°C, Clouds, humidity: 82%
2026-05-20 01:18:34,960 - root - INFO - [397/1205] Fetching weather for Jászszentlászló...
2026-05-20 01:18:35,015 - root - INFO - Fetched weather for Jászszentlászló: 11.6°C, Clouds, humidity: 87%
2026-05-20 01:18:36,117 - root - INFO - [398/1205] Fetching weather for Galambos...
2026-05-20 01:18:36,173 - root - INFO - Fetched weather for Galambos: 11.7°C, Clouds, humidity: 87%
2026-05-20 01:18:37,275 - root - INFO - [399/1205] Fetching weather for Pestszentimre...
2026-05-20 01:18:37,326 - root - INFO - Fetched weather for Pestszentimre: 11.4°C, Clear, humidity: 86%
2026-05-20 01:18:38,427 - root - INFO - [400/1205] Fetching weather for Gyál felső...
2026-05-20 01:18:38,483 - root - INFO - Fetched weather for Gyál felső: 11.4°C, Clear, humidity: 87%
2026-05-20 01:18:39,585 - root - INFO - [401/1205] Fetching weather for Gyál...
2026-05-20 01:18:39,635 - root - INFO - Fetched weather for Gyál: 11.4°C, Clear, humidity: 87%
2026-05-20 01:18:40,736 - root - INFO - [402/1205] Fetching weather for Ócsa...
2026-05-20 01:18:40,792 - root - INFO - Fetched weather for Ócsa: 11.5°C, Clear, humidity: 93%
2026-05-20 01:18:41,894 - root - INFO - [403/1205] Fetching weather for Inárcs-Kakucs...
2026-05-20 01:18:41,947 - root - INFO - Fetched weather for Inárcs-Kakucs: 11.2°C, Clear, humidity: 84%
2026-05-20 01:18:43,048 - root - INFO - [404/1205] Fetching weather for Dabas...
2026-05-20 01:18:43,109 - root - INFO - Fetched weather for Dabas: 11.2°C, Clear, humidity: 84%
2026-05-20 01:18:44,211 - root - INFO - [405/1205] Fetching weather for Gyón...
2026-05-20 01:18:44,265 - root - INFO - Fetched weather for Gyón: 11.2°C, Clear, humidity: 84%
2026-05-20 01:18:45,366 - root - INFO - [406/1205] Fetching weather for Hernád...
2026-05-20 01:18:45,414 - root - INFO - Fetched weather for Hernád: 12.5°C, Clear, humidity: 84%
2026-05-20 01:18:46,516 - root - INFO - [407/1205] Fetching weather for Bakonygyirót...
2026-05-20 01:18:46,571 - root - INFO - Fetched weather for Bakonygyirót: 7.6°C, Clear, humidity: 82%
2026-05-20 01:18:47,673 - root - INFO - [408/1205] Fetching weather for Vinye...
2026-05-20 01:18:47,723 - root - INFO - Fetched weather for Vinye: 6.0°C, Clear, humidity: 79%
2026-05-20 01:18:48,825 - root - INFO - [409/1205] Fetching weather for Nemesgörzsöny...
2026-05-20 01:18:48,876 - root - INFO - Fetched weather for Nemesgörzsöny: 7.2°C, Clear, humidity: 100%
2026-05-20 01:18:49,978 - root - INFO - [410/1205] Fetching weather for Rábahíd...
2026-05-20 01:18:50,031 - root - INFO - Fetched weather for Rábahíd: 7.2°C, Clear, humidity: 100%
2026-05-20 01:18:51,133 - root - INFO - [411/1205] Fetching weather for Öskü...
2026-05-20 01:18:51,187 - root - INFO - Fetched weather for Öskü: 13.0°C, Clear, humidity: 69%
2026-05-20 01:18:52,289 - root - INFO - [412/1205] Fetching weather for Márkó...
2026-05-20 01:18:52,374 - root - INFO - Fetched weather for Márkó: 13.2°C, Clear, humidity: 65%
2026-05-20 01:18:53,476 - root - INFO - [413/1205] Fetching weather for Nemeskocs...
2026-05-20 01:18:53,532 - root - INFO - Fetched weather for Nemeskocs: 7.1°C, Clear, humidity: 80%
2026-05-20 01:18:54,634 - root - INFO - [414/1205] Fetching weather for Zalagyömörő...
2026-05-20 01:18:54,694 - root - INFO - Fetched weather for Zalagyömörő: 11.6°C, Clouds, humidity: 76%
2026-05-20 01:18:55,796 - root - INFO - [415/1205] Fetching weather for Rigács...
2026-05-20 01:18:55,848 - root - INFO - Fetched weather for Rigács: 11.6°C, Clear, humidity: 76%
2026-05-20 01:18:56,950 - root - INFO - [416/1205] Fetching weather for Kemenespálfa...
2026-05-20 01:18:57,014 - root - INFO - Fetched weather for Kemenespálfa: 11.5°C, Clear, humidity: 78%
2026-05-20 01:18:58,116 - root - INFO - [417/1205] Fetching weather for Lentiszombathely...
2026-05-20 01:18:58,170 - root - INFO - Fetched weather for Lentiszombathely: 11.3°C, Clouds, humidity: 84%
2026-05-20 01:18:59,272 - root - INFO - [418/1205] Fetching weather for Ortaháza...
2026-05-20 01:18:59,335 - root - INFO - Fetched weather for Ortaháza: 11.2°C, Clouds, humidity: 83%
2026-05-20 01:19:00,437 - root - INFO - [419/1205] Fetching weather for Rádiháza...
2026-05-20 01:19:00,496 - root - INFO - Fetched weather for Rádiháza: 11.2°C, Clouds, humidity: 83%
2026-05-20 01:19:01,599 - root - INFO - [420/1205] Fetching weather for Baktüttös...
2026-05-20 01:19:01,649 - root - INFO - Fetched weather for Baktüttös: 9.6°C, Clouds, humidity: 82%
2026-05-20 01:19:02,751 - root - INFO - [421/1205] Fetching weather for Budafa...
2026-05-20 01:19:02,809 - root - INFO - Fetched weather for Budafa: 11.1°C, Clouds, humidity: 82%
2026-05-20 01:19:03,910 - root - INFO - [422/1205] Fetching weather for Zalapatakalja...
2026-05-20 01:19:03,969 - root - INFO - Fetched weather for Zalapatakalja: 11.1°C, Clouds, humidity: 82%
2026-05-20 01:19:05,071 - root - INFO - [423/1205] Fetching weather for Tormásliget...
2026-05-20 01:19:05,124 - root - INFO - Fetched weather for Tormásliget: 11.0°C, Clouds, humidity: 80%
2026-05-20 01:19:06,225 - root - INFO - [424/1205] Fetching weather for Belecska...
2026-05-20 01:19:06,288 - root - INFO - Fetched weather for Belecska: 12.6°C, Clear, humidity: 70%
2026-05-20 01:19:07,390 - root - INFO - [425/1205] Fetching weather for Almár...
2026-05-20 01:19:07,447 - root - INFO - Fetched weather for Almár: 11.2°C, Clouds, humidity: 76%
2026-05-20 01:19:08,549 - root - INFO - [426/1205] Fetching weather for Vasútmúzeum...
2026-05-20 01:19:08,602 - root - INFO - Fetched weather for Vasútmúzeum: 12.4°C, Clear, humidity: 78%
2026-05-20 01:19:09,705 - root - INFO - [427/1205] Fetching weather for Abda...
2026-05-20 01:19:09,763 - root - INFO - Fetched weather for Abda: 8.1°C, Clear, humidity: 83%
2026-05-20 01:19:10,866 - root - INFO - [428/1205] Fetching weather for Vadaspark...
2026-05-20 01:19:10,929 - root - INFO - Fetched weather for Vadaspark: 10.7°C, Clear, humidity: 77%
2026-05-20 01:19:12,031 - root - INFO - [429/1205] Fetching weather for Barosstelep...
2026-05-20 01:19:12,084 - root - INFO - Fetched weather for Barosstelep: 12.3°C, Clear, humidity: 77%
2026-05-20 01:19:13,185 - root - INFO - [430/1205] Fetching weather for Fegyvernek-Örményes...
2026-05-20 01:19:13,241 - root - INFO - Fetched weather for Fegyvernek-Örményes: 13.0°C, Clouds, humidity: 82%
2026-05-20 01:19:14,343 - root - INFO - [431/1205] Fetching weather for Zagyvapálfalva...
2026-05-20 01:19:14,401 - root - INFO - Fetched weather for Zagyvapálfalva: 11.2°C, Clear, humidity: 73%
2026-05-20 01:19:15,503 - root - INFO - [432/1205] Fetching weather for Salgótarján...
2026-05-20 01:19:15,556 - root - INFO - Fetched weather for Salgótarján: 10.5°C, Clear, humidity: 74%
2026-05-20 01:19:16,658 - root - INFO - [433/1205] Fetching weather for Szabadisóstó...
2026-05-20 01:19:16,714 - root - INFO - Fetched weather for Szabadisóstó: 13.3°C, Clear, humidity: 68%
2026-05-20 01:19:17,816 - root - INFO - [434/1205] Fetching weather for Siófok...
2026-05-20 01:19:17,883 - root - INFO - Fetched weather for Siófok: 13.3°C, Clear, humidity: 68%
2026-05-20 01:19:18,985 - root - INFO - [435/1205] Fetching weather for Balatonszéplak felső...
2026-05-20 01:19:19,037 - root - INFO - Fetched weather for Balatonszéplak felső: 13.3°C, Clear, humidity: 68%
2026-05-20 01:19:20,139 - root - INFO - [436/1205] Fetching weather for Balatonszéplak alsó...
2026-05-20 01:19:20,193 - root - INFO - Fetched weather for Balatonszéplak alsó: 13.3°C, Clear, humidity: 68%
2026-05-20 01:19:21,295 - root - INFO - [437/1205] Fetching weather for Zamárdi felső...
2026-05-20 01:19:21,345 - root - INFO - Fetched weather for Zamárdi felső: 14.4°C, Clear, humidity: 43%
2026-05-20 01:19:22,447 - root - INFO - [438/1205] Fetching weather for Zamárdi...
2026-05-20 01:19:22,503 - root - INFO - Fetched weather for Zamárdi: 14.3°C, Clear, humidity: 43%
2026-05-20 01:19:23,605 - root - INFO - [439/1205] Fetching weather for Szántód...
2026-05-20 01:19:23,673 - root - INFO - Fetched weather for Szántód: 14.4°C, Clear, humidity: 43%
2026-05-20 01:19:24,775 - root - INFO - [440/1205] Fetching weather for Szőny-Déli...
2026-05-20 01:19:24,829 - root - INFO - Fetched weather for Szőny-Déli: 8.1°C, Clear, humidity: 79%
2026-05-20 01:19:25,931 - root - INFO - [441/1205] Fetching weather for Várpalota...
2026-05-20 01:19:25,988 - root - INFO - Fetched weather for Várpalota: 11.6°C, Clear, humidity: 71%
2026-05-20 01:19:27,090 - root - INFO - [442/1205] Fetching weather for Pétfürdő...
2026-05-20 01:19:27,152 - root - INFO - Fetched weather for Pétfürdő: 13.1°C, Clear, humidity: 70%
2026-05-20 01:19:28,254 - root - INFO - [443/1205] Fetching weather for Hajmáskér...
2026-05-20 01:19:28,306 - root - INFO - Fetched weather for Hajmáskér: 12.9°C, Clear, humidity: 68%
2026-05-20 01:19:29,408 - root - INFO - [444/1205] Fetching weather for Veszprém...
2026-05-20 01:19:29,460 - root - INFO - Fetched weather for Veszprém: 13.8°C, Clear, humidity: 66%
2026-05-20 01:19:30,562 - root - INFO - [445/1205] Fetching weather for Herend...
2026-05-20 01:19:30,613 - root - INFO - Fetched weather for Herend: 13.0°C, Clear, humidity: 64%
2026-05-20 01:19:31,715 - root - INFO - [446/1205] Fetching weather for Városlőd...
2026-05-20 01:19:31,774 - root - INFO - Fetched weather for Városlőd: 6.0°C, Clear, humidity: 67%
2026-05-20 01:19:32,876 - root - INFO - [447/1205] Fetching weather for Városlőd-Kislőd...
2026-05-20 01:19:32,931 - root - INFO - Fetched weather for Városlőd-Kislőd: 6.1°C, Clear, humidity: 65%
2026-05-20 01:19:34,033 - root - INFO - [448/1205] Fetching weather for Ajka...
2026-05-20 01:19:34,085 - root - INFO - Fetched weather for Ajka: 6.4°C, Clear, humidity: 66%
2026-05-20 01:19:35,187 - root - INFO - [449/1205] Fetching weather for Ajka-Gyártelep...
2026-05-20 01:19:35,244 - root - INFO - Fetched weather for Ajka-Gyártelep: 6.4°C, Clear, humidity: 66%
2026-05-20 01:19:36,346 - root - INFO - [450/1205] Fetching weather for Devecser...
2026-05-20 01:19:36,397 - root - INFO - Fetched weather for Devecser: 6.8°C, Clear, humidity: 71%
2026-05-20 01:19:37,499 - root - INFO - [451/1205] Fetching weather for Somlóvásárhely...
2026-05-20 01:19:37,557 - root - INFO - Fetched weather for Somlóvásárhely: 7.0°C, Clear, humidity: 75%
2026-05-20 01:19:38,659 - root - INFO - [452/1205] Fetching weather for Tüskevár...
2026-05-20 01:19:38,713 - root - INFO - Fetched weather for Tüskevár: 7.0°C, Clear, humidity: 75%
2026-05-20 01:19:39,815 - root - INFO - [453/1205] Fetching weather for Karakószörcsök...
2026-05-20 01:19:39,865 - root - INFO - Fetched weather for Karakószörcsök: 11.6°C, Clear, humidity: 76%
2026-05-20 01:19:40,967 - root - INFO - [454/1205] Fetching weather for Kerta...
2026-05-20 01:19:41,027 - root - INFO - Fetched weather for Kerta: 11.6°C, Clear, humidity: 78%
2026-05-20 01:19:42,128 - root - INFO - [455/1205] Fetching weather for Boba...
2026-05-20 01:19:42,182 - root - INFO - Fetched weather for Boba: 11.5°C, Clear, humidity: 79%
2026-05-20 01:19:43,284 - root - INFO - [456/1205] Fetching weather for Börgönd...
2026-05-20 01:19:43,349 - root - INFO - Fetched weather for Börgönd: 12.2°C, Clear, humidity: 75%
2026-05-20 01:19:44,451 - root - INFO - [457/1205] Fetching weather for Belsőbáránd...
2026-05-20 01:19:44,513 - root - INFO - Fetched weather for Belsőbáránd: 12.2°C, Clear, humidity: 74%
2026-05-20 01:19:45,614 - root - INFO - [458/1205] Fetching weather for Zichyújfalu...
2026-05-20 01:19:45,692 - root - INFO - Fetched weather for Zichyújfalu: 12.3°C, Clear, humidity: 78%
2026-05-20 01:19:46,793 - root - INFO - [459/1205] Fetching weather for Seregélyes...
2026-05-20 01:19:46,849 - root - INFO - Fetched weather for Seregélyes: 12.4°C, Clear, humidity: 76%
2026-05-20 01:19:47,951 - root - INFO - [460/1205] Fetching weather for Polgárdi-Ipartelepek...
2026-05-20 01:19:48,002 - root - INFO - Fetched weather for Polgárdi-Ipartelepek: 12.9°C, Clear, humidity: 70%
2026-05-20 01:19:49,104 - root - INFO - [461/1205] Fetching weather for Polgárdi...
2026-05-20 01:19:49,160 - root - INFO - Fetched weather for Polgárdi: 12.9°C, Clear, humidity: 70%
2026-05-20 01:19:50,262 - root - INFO - [462/1205] Fetching weather for Füle...
2026-05-20 01:19:50,325 - root - INFO - Fetched weather for Füle: 12.9°C, Clear, humidity: 69%
2026-05-20 01:19:51,426 - root - INFO - [463/1205] Fetching weather for Zánka-Erzsébettábor...
2026-05-20 01:19:51,477 - root - INFO - Fetched weather for Zánka-Erzsébettábor: 14.3°C, Clear, humidity: 43%
2026-05-20 01:19:52,579 - root - INFO - [464/1205] Fetching weather for Csajág...
2026-05-20 01:19:52,639 - root - INFO - Fetched weather for Csajág: 13.1°C, Clear, humidity: 68%
2026-05-20 01:19:53,741 - root - INFO - [465/1205] Fetching weather for Balatonakarattya...
2026-05-20 01:19:53,804 - root - INFO - Fetched weather for Balatonakarattya: 13.0°C, Clear, humidity: 68%
2026-05-20 01:19:54,906 - root - INFO - [466/1205] Fetching weather for Csittényhegy...
2026-05-20 01:19:54,978 - root - INFO - Fetched weather for Csittényhegy: 13.2°C, Clear, humidity: 68%
2026-05-20 01:19:56,079 - root - INFO - [467/1205] Fetching weather for Balatonkenese...
2026-05-20 01:19:56,134 - root - INFO - Fetched weather for Balatonkenese: 13.3°C, Clear, humidity: 68%
2026-05-20 01:19:57,236 - root - INFO - [468/1205] Fetching weather for Balatonfűzfő...
2026-05-20 01:19:57,295 - root - INFO - Fetched weather for Balatonfűzfő: 13.3°C, Clear, humidity: 68%
2026-05-20 01:19:58,397 - root - INFO - [469/1205] Fetching weather for Balatonalmádi...
2026-05-20 01:19:58,448 - root - INFO - Fetched weather for Balatonalmádi: 13.3°C, Clear, humidity: 68%
2026-05-20 01:19:59,550 - root - INFO - [470/1205] Fetching weather for Káptalanfüred...
2026-05-20 01:19:59,610 - root - INFO - Fetched weather for Káptalanfüred: 13.3°C, Clear, humidity: 68%
2026-05-20 01:20:00,712 - root - INFO - [471/1205] Fetching weather for Alsóörs...
2026-05-20 01:20:00,767 - root - INFO - Fetched weather for Alsóörs: 14.4°C, Clear, humidity: 43%
2026-05-20 01:20:01,869 - root - INFO - [472/1205] Fetching weather for Csopak...
2026-05-20 01:20:01,924 - root - INFO - Fetched weather for Csopak: 14.3°C, Clear, humidity: 43%
2026-05-20 01:20:03,026 - root - INFO - [473/1205] Fetching weather for Balatonarács...
2026-05-20 01:20:03,083 - root - INFO - Fetched weather for Balatonarács: 14.2°C, Clear, humidity: 43%
2026-05-20 01:20:04,185 - root - INFO - [474/1205] Fetching weather for Balatonfüred...
2026-05-20 01:20:04,247 - root - INFO - Fetched weather for Balatonfüred: 14.3°C, Clear, humidity: 43%
2026-05-20 01:20:05,349 - root - INFO - [475/1205] Fetching weather for Aszófő...
2026-05-20 01:20:05,413 - root - INFO - Fetched weather for Aszófő: 14.4°C, Clear, humidity: 43%
2026-05-20 01:20:06,515 - root - INFO - [476/1205] Fetching weather for Örvényes...
2026-05-20 01:20:06,571 - root - INFO - Fetched weather for Örvényes: 14.4°C, Clear, humidity: 43%
2026-05-20 01:20:07,673 - root - INFO - [477/1205] Fetching weather for Balatonudvari...
2026-05-20 01:20:07,725 - root - INFO - Fetched weather for Balatonudvari: 14.4°C, Clear, humidity: 43%
2026-05-20 01:20:08,827 - root - INFO - [478/1205] Fetching weather for Fövenyes...
2026-05-20 01:20:08,880 - root - INFO - Fetched weather for Fövenyes: 14.4°C, Clear, humidity: 43%
2026-05-20 01:20:09,982 - root - INFO - [479/1205] Fetching weather for Balatonakali-Dörgicse...
2026-05-20 01:20:10,039 - root - INFO - Fetched weather for Balatonakali-Dörgicse: 14.4°C, Clear, humidity: 43%
2026-05-20 01:20:11,141 - root - INFO - [480/1205] Fetching weather for Zánka-Köveskál...
2026-05-20 01:20:11,195 - root - INFO - Fetched weather for Zánka-Köveskál: 14.4°C, Clear, humidity: 43%
2026-05-20 01:20:12,297 - root - INFO - [481/1205] Fetching weather for Balatonszepezd...
2026-05-20 01:20:12,348 - root - INFO - Fetched weather for Balatonszepezd: 14.4°C, Clear, humidity: 43%
2026-05-20 01:20:13,449 - root - INFO - [482/1205] Fetching weather for Szepezdfürdő...
2026-05-20 01:20:13,507 - root - INFO - Fetched weather for Szepezdfürdő: 14.4°C, Clear, humidity: 65%
2026-05-20 01:20:14,609 - root - INFO - [483/1205] Fetching weather for Révfülöp...
2026-05-20 01:20:14,674 - root - INFO - Fetched weather for Révfülöp: 14.4°C, Clear, humidity: 65%
2026-05-20 01:20:15,775 - root - INFO - [484/1205] Fetching weather for Balatonrendes...
2026-05-20 01:20:15,843 - root - INFO - Fetched weather for Balatonrendes: 14.4°C, Clouds, humidity: 68%
2026-05-20 01:20:16,946 - root - INFO - [485/1205] Fetching weather for Ábrahámhegy...
2026-05-20 01:20:17,006 - root - INFO - Fetched weather for Ábrahámhegy: 14.4°C, Clouds, humidity: 68%
2026-05-20 01:20:18,108 - root - INFO - [486/1205] Fetching weather for Badacsonyörs...
2026-05-20 01:20:18,166 - root - INFO - Fetched weather for Badacsonyörs: 12.2°C, Clear, humidity: 69%
2026-05-20 01:20:19,268 - root - INFO - [487/1205] Fetching weather for Kisújszállás...
2026-05-20 01:20:19,320 - root - INFO - Fetched weather for Kisújszállás: 12.9°C, Clouds, humidity: 81%
2026-05-20 01:20:20,422 - root - INFO - [488/1205] Fetching weather for Karcag...
2026-05-20 01:20:20,474 - root - INFO - Fetched weather for Karcag: 12.8°C, Clouds, humidity: 81%
2026-05-20 01:20:21,576 - root - INFO - [489/1205] Fetching weather for Püspökladány...
2026-05-20 01:20:21,640 - root - INFO - Fetched weather for Püspökladány: 12.8°C, Clouds, humidity: 80%
2026-05-20 01:20:22,742 - root - INFO - [490/1205] Fetching weather for Kaba...
2026-05-20 01:20:22,794 - root - INFO - Fetched weather for Kaba: 13.1°C, Clouds, humidity: 80%
2026-05-20 01:20:23,895 - root - INFO - [491/1205] Fetching weather for Hajdúszoboszló...
2026-05-20 01:20:23,957 - root - INFO - Fetched weather for Hajdúszoboszló: 13.1°C, Clear, humidity: 76%
2026-05-20 01:20:25,058 - root - INFO - [492/1205] Fetching weather for Ebes...
2026-05-20 01:20:25,121 - root - INFO - Fetched weather for Ebes: 13.0°C, Clear, humidity: 76%
2026-05-20 01:20:26,224 - root - INFO - [493/1205] Fetching weather for Debrecen...
2026-05-20 01:20:26,279 - root - INFO - Fetched weather for Debrecen: 12.9°C, Clear, humidity: 76%
2026-05-20 01:20:27,381 - root - INFO - [494/1205] Fetching weather for Debrecen-Csapókert...
2026-05-20 01:20:27,434 - root - INFO - Fetched weather for Debrecen-Csapókert: 12.9°C, Clear, humidity: 76%
2026-05-20 01:20:28,536 - root - INFO - [495/1205] Fetching weather for Apafa...
2026-05-20 01:20:28,595 - root - INFO - Fetched weather for Apafa: 12.8°C, Clear, humidity: 76%
2026-05-20 01:20:29,697 - root - INFO - [496/1205] Fetching weather for Bocskaikert...
2026-05-20 01:20:29,959 - root - INFO - Fetched weather for Bocskaikert: 12.8°C, Clear, humidity: 76%
2026-05-20 01:20:31,061 - root - INFO - [497/1205] Fetching weather for Hajdúhadház...
2026-05-20 01:20:31,116 - root - INFO - Fetched weather for Hajdúhadház: 12.7°C, Clear, humidity: 79%
2026-05-20 01:20:32,218 - root - INFO - [498/1205] Fetching weather for Téglás...
2026-05-20 01:20:32,266 - root - INFO - Fetched weather for Téglás: 12.8°C, Clear, humidity: 78%
2026-05-20 01:20:33,368 - root - INFO - [499/1205] Fetching weather for Újfehértó...
2026-05-20 01:20:33,431 - root - INFO - Fetched weather for Újfehértó: 12.4°C, Clouds, humidity: 78%
2026-05-20 01:20:34,533 - root - INFO - [500/1205] Fetching weather for Nyíregyháza...
2026-05-20 01:20:34,592 - root - INFO - Fetched weather for Nyíregyháza: 12.4°C, Clouds, humidity: 76%
2026-05-20 01:20:35,694 - root - INFO - [501/1205] Fetching weather for Sóstó...
2026-05-20 01:20:35,749 - root - INFO - Fetched weather for Sóstó: 12.3°C, Clouds, humidity: 76%
2026-05-20 01:20:36,851 - root - INFO - [502/1205] Fetching weather for Sóstóhegy...
2026-05-20 01:20:36,902 - root - INFO - Fetched weather for Sóstóhegy: 12.4°C, Clouds, humidity: 76%
2026-05-20 01:20:38,004 - root - INFO - [503/1205] Fetching weather for Kemecse...
2026-05-20 01:20:38,067 - root - INFO - Fetched weather for Kemecse: 12.3°C, Clouds, humidity: 78%
2026-05-20 01:20:39,168 - root - INFO - [504/1205] Fetching weather for Nyírbogdány...
2026-05-20 01:20:39,222 - root - INFO - Fetched weather for Nyírbogdány: 12.3°C, Clouds, humidity: 79%
2026-05-20 01:20:40,324 - root - INFO - [505/1205] Fetching weather for Kék...
2026-05-20 01:20:40,387 - root - INFO - Fetched weather for Kék: 12.3°C, Clouds, humidity: 80%
2026-05-20 01:20:41,489 - root - INFO - [506/1205] Fetching weather for Demecser...
2026-05-20 01:20:41,540 - root - INFO - Fetched weather for Demecser: 12.3°C, Clouds, humidity: 81%
2026-05-20 01:20:42,642 - root - INFO - [507/1205] Fetching weather for Gégény...
2026-05-20 01:20:42,693 - root - INFO - Fetched weather for Gégény: 12.2°C, Clouds, humidity: 82%
2026-05-20 01:20:43,795 - root - INFO - [508/1205] Fetching weather for Pátroha...
2026-05-20 01:20:43,847 - root - INFO - Fetched weather for Pátroha: 12.2°C, Clouds, humidity: 82%
2026-05-20 01:20:44,948 - root - INFO - [509/1205] Fetching weather for Ajak...
2026-05-20 01:20:45,005 - root - INFO - Fetched weather for Ajak: 12.2°C, Clouds, humidity: 83%
2026-05-20 01:20:46,107 - root - INFO - [510/1205] Fetching weather for Kisvárda...
2026-05-20 01:20:46,149 - root - INFO - Fetched weather for Kisvárda: 11.6°C, Clouds, humidity: 88%
2026-05-20 01:20:47,251 - root - INFO - [511/1205] Fetching weather for Kisvárda-Hármasút...
2026-05-20 01:20:47,317 - root - INFO - Fetched weather for Kisvárda-Hármasút: 12.1°C, Clouds, humidity: 84%
2026-05-20 01:20:48,420 - root - INFO - [512/1205] Fetching weather for Fényeslitke...
2026-05-20 01:20:48,476 - root - INFO - Fetched weather for Fényeslitke: 12.0°C, Clouds, humidity: 85%
2026-05-20 01:20:49,578 - root - INFO - [513/1205] Fetching weather for Komoró...
2026-05-20 01:20:49,639 - root - INFO - Fetched weather for Komoró: 12.0°C, Clouds, humidity: 85%
2026-05-20 01:20:50,741 - root - INFO - [514/1205] Fetching weather for Tuzsér...
2026-05-20 01:20:50,798 - root - INFO - Fetched weather for Tuzsér: 11.9°C, Clouds, humidity: 85%
2026-05-20 01:20:51,900 - root - INFO - [515/1205] Fetching weather for Tiszabezdéd...
2026-05-20 01:20:51,966 - root - INFO - Fetched weather for Tiszabezdéd: 11.8°C, Clouds, humidity: 85%
2026-05-20 01:20:53,068 - root - INFO - [516/1205] Fetching weather for Záhony...
2026-05-20 01:20:53,119 - root - INFO - Fetched weather for Záhony: 11.8°C, Clouds, humidity: 86%
2026-05-20 01:20:54,220 - root - INFO - [517/1205] Fetching weather for Karcag-Vásártér...
2026-05-20 01:20:54,283 - root - INFO - Fetched weather for Karcag-Vásártér: 12.8°C, Clouds, humidity: 81%
2026-05-20 01:20:55,385 - root - INFO - [518/1205] Fetching weather for Berekfürdő...
2026-05-20 01:20:55,436 - root - INFO - Fetched weather for Berekfürdő: 12.9°C, Clear, humidity: 80%
2026-05-20 01:20:56,538 - root - INFO - [519/1205] Fetching weather for Kunmadaras...
2026-05-20 01:20:56,589 - root - INFO - Fetched weather for Kunmadaras: 12.9°C, Clear, humidity: 79%
2026-05-20 01:20:57,691 - root - INFO - [520/1205] Fetching weather for Tiszaszentimre...
2026-05-20 01:20:57,755 - root - INFO - Fetched weather for Tiszaszentimre: 12.9°C, Clouds, humidity: 78%
2026-05-20 01:20:58,857 - root - INFO - [521/1205] Fetching weather for Tiszaszőlős...
2026-05-20 01:20:58,910 - root - INFO - Fetched weather for Tiszaszőlős: 12.9°C, Clouds, humidity: 78%
2026-05-20 01:21:00,011 - root - INFO - [522/1205] Fetching weather for Hosszúhát...
2026-05-20 01:21:00,064 - root - INFO - Fetched weather for Hosszúhát: 12.8°C, Clouds, humidity: 82%
2026-05-20 01:21:01,166 - root - INFO - [523/1205] Fetching weather for Szerep...
2026-05-20 01:21:01,215 - root - INFO - Fetched weather for Szerep: 12.8°C, Clouds, humidity: 82%
2026-05-20 01:21:02,316 - root - INFO - [524/1205] Fetching weather for Sárrétudvari...
2026-05-20 01:21:02,373 - root - INFO - Fetched weather for Sárrétudvari: 12.7°C, Clouds, humidity: 82%
2026-05-20 01:21:03,474 - root - INFO - [525/1205] Fetching weather for Biharnagybajom...
2026-05-20 01:21:03,531 - root - INFO - Fetched weather for Biharnagybajom: 12.7°C, Clouds, humidity: 82%
2026-05-20 01:21:04,633 - root - INFO - [526/1205] Fetching weather for Füzesgyarmat...
2026-05-20 01:21:04,692 - root - INFO - Fetched weather for Füzesgyarmat: 12.7°C, Clouds, humidity: 83%
2026-05-20 01:21:05,794 - root - INFO - [527/1205] Fetching weather for Füzesgyarmatfürdő...
2026-05-20 01:21:05,859 - root - INFO - Fetched weather for Füzesgyarmatfürdő: 12.7°C, Clouds, humidity: 83%
2026-05-20 01:21:06,961 - root - INFO - [528/1205] Fetching weather for Báránd...
2026-05-20 01:21:07,035 - root - INFO - Fetched weather for Báránd: 12.8°C, Clouds, humidity: 81%
2026-05-20 01:21:08,137 - root - INFO - [529/1205] Fetching weather for Sáp...
2026-05-20 01:21:08,190 - root - INFO - Fetched weather for Sáp: 12.7°C, Clouds, humidity: 81%
2026-05-20 01:21:09,292 - root - INFO - [530/1205] Fetching weather for Berettyóújfalu...
2026-05-20 01:21:09,346 - root - INFO - Fetched weather for Berettyóújfalu: 12.6°C, Clouds, humidity: 82%
2026-05-20 01:21:10,448 - root - INFO - [531/1205] Fetching weather for Mezőpeterd...
2026-05-20 01:21:10,508 - root - INFO - Fetched weather for Mezőpeterd: 13.1°C, Clouds, humidity: 82%
2026-05-20 01:21:11,610 - root - INFO - [532/1205] Fetching weather for Biharkeresztes...
2026-05-20 01:21:11,661 - root - INFO - Fetched weather for Biharkeresztes: 13.0°C, Clear, humidity: 82%
2026-05-20 01:21:12,763 - root - INFO - [533/1205] Fetching weather for Tócóvölgy...
2026-05-20 01:21:12,827 - root - INFO - Fetched weather for Tócóvölgy: 13.0°C, Clear, humidity: 76%
2026-05-20 01:21:13,929 - root - INFO - [534/1205] Fetching weather for Sáregres...
2026-05-20 01:21:13,991 - root - INFO - Fetched weather for Sáregres: 12.6°C, Clear, humidity: 74%
2026-05-20 01:21:15,093 - root - INFO - [535/1205] Fetching weather for Simontornya...
2026-05-20 01:21:15,144 - root - INFO - Fetched weather for Simontornya: 12.5°C, Clear, humidity: 72%
2026-05-20 01:21:16,246 - root - INFO - [536/1205] Fetching weather for Tolnanémedi...
2026-05-20 01:21:16,298 - root - INFO - Fetched weather for Tolnanémedi: 12.6°C, Clear, humidity: 71%
2026-05-20 01:21:17,399 - root - INFO - [537/1205] Fetching weather for Pincehely...
2026-05-20 01:21:17,455 - root - INFO - Fetched weather for Pincehely: 12.4°C, Clear, humidity: 70%
2026-05-20 01:21:18,557 - root - INFO - [538/1205] Fetching weather for Keszőhidegkút-Gyönk...
2026-05-20 01:21:18,617 - root - INFO - Fetched weather for Keszőhidegkút-Gyönk: 12.5°C, Clear, humidity: 70%
2026-05-20 01:21:19,719 - root - INFO - [539/1205] Fetching weather for Szárazd...
2026-05-20 01:21:19,770 - root - INFO - Fetched weather for Szárazd: 12.6°C, Clear, humidity: 70%
2026-05-20 01:21:20,871 - root - INFO - [540/1205] Fetching weather for Regöly...
2026-05-20 01:21:20,936 - root - INFO - Fetched weather for Regöly: 12.6°C, Clear, humidity: 70%
2026-05-20 01:21:22,038 - root - INFO - [541/1205] Fetching weather for Szakály-Hőgyész...
2026-05-20 01:21:22,093 - root - INFO - Fetched weather for Szakály-Hőgyész: 12.5°C, Clear, humidity: 70%
2026-05-20 01:21:23,195 - root - INFO - [542/1205] Fetching weather for Dúzs...
2026-05-20 01:21:23,246 - root - INFO - Fetched weather for Dúzs: 12.5°C, Clear, humidity: 70%
2026-05-20 01:21:24,348 - root - INFO - [543/1205] Fetching weather for Csibrák...
2026-05-20 01:21:24,400 - root - INFO - Fetched weather for Csibrák: 12.6°C, Clear, humidity: 69%
2026-05-20 01:21:25,502 - root - INFO - [544/1205] Fetching weather for Kurd...
2026-05-20 01:21:25,582 - root - INFO - Fetched weather for Kurd: 12.3°C, Clear, humidity: 69%
2026-05-20 01:21:26,684 - root - INFO - [545/1205] Fetching weather for Döbrököz...
2026-05-20 01:21:26,736 - root - INFO - Fetched weather for Döbrököz: 12.5°C, Clear, humidity: 69%
2026-05-20 01:21:27,837 - root - INFO - [546/1205] Fetching weather for Dombóvár...
2026-05-20 01:21:27,899 - root - INFO - Fetched weather for Dombóvár: 12.5°C, Clear, humidity: 69%
2026-05-20 01:21:29,001 - root - INFO - [547/1205] Fetching weather for Dombóvár alsó...
2026-05-20 01:21:29,148 - root - INFO - Fetched weather for Dombóvár alsó: 12.5°C, Clear, humidity: 69%
2026-05-20 01:21:30,250 - root - INFO - [548/1205] Fetching weather for Somoskőújfalu...
2026-05-20 01:21:30,314 - root - INFO - Fetched weather for Somoskőújfalu: 9.3°C, Clear, humidity: 74%
2026-05-20 01:21:31,416 - root - INFO - [549/1205] Fetching weather for Jászfényszaru...
2026-05-20 01:21:31,469 - root - INFO - Fetched weather for Jászfényszaru: 12.5°C, Clear, humidity: 81%
2026-05-20 01:21:32,571 - root - INFO - [550/1205] Fetching weather for Pusztamonostor...
2026-05-20 01:21:32,622 - root - INFO - Fetched weather for Pusztamonostor: 9.9°C, Clear, humidity: 82%
2026-05-20 01:21:33,724 - root - INFO - [551/1205] Fetching weather for Jászberény...
2026-05-20 01:21:33,775 - root - INFO - Fetched weather for Jászberény: 10.0°C, Clouds, humidity: 84%
2026-05-20 01:21:34,877 - root - INFO - [552/1205] Fetching weather for Meggyespele...
2026-05-20 01:21:34,939 - root - INFO - Fetched weather for Meggyespele: 10.1°C, Clouds, humidity: 96%
2026-05-20 01:21:36,041 - root - INFO - [553/1205] Fetching weather for Portelek...
2026-05-20 01:21:36,092 - root - INFO - Fetched weather for Portelek: 10.1°C, Clouds, humidity: 96%
2026-05-20 01:21:37,194 - root - INFO - [554/1205] Fetching weather for Jászboldogháza-Jánoshida...
2026-05-20 01:21:37,264 - root - INFO - Fetched weather for Jászboldogháza-Jánoshida: 10.1°C, Clouds, humidity: 96%
2026-05-20 01:21:38,366 - root - INFO - [555/1205] Fetching weather for Jászárokszállás...
2026-05-20 01:21:38,428 - root - INFO - Fetched weather for Jászárokszállás: 12.6°C, Clouds, humidity: 79%
2026-05-20 01:21:39,530 - root - INFO - [556/1205] Fetching weather for Jászdózsa...
2026-05-20 01:21:39,592 - root - INFO - Fetched weather for Jászdózsa: 12.7°C, Clouds, humidity: 80%
2026-05-20 01:21:40,693 - root - INFO - [557/1205] Fetching weather for Jászapáti...
2026-05-20 01:21:40,746 - root - INFO - Fetched weather for Jászapáti: 12.8°C, Clouds, humidity: 81%
2026-05-20 01:21:41,847 - root - INFO - [558/1205] Fetching weather for Jászkisér...
2026-05-20 01:21:41,899 - root - INFO - Fetched weather for Jászkisér: 12.8°C, Clouds, humidity: 82%
2026-05-20 01:21:43,001 - root - INFO - [559/1205] Fetching weather for Jászladány...
2026-05-20 01:21:43,253 - root - INFO - Fetched weather for Jászladány: 10.1°C, Clouds, humidity: 83%
2026-05-20 01:21:44,355 - root - INFO - [560/1205] Fetching weather for Szászberek...
2026-05-20 01:21:44,411 - root - INFO - Fetched weather for Szászberek: 10.1°C, Clouds, humidity: 96%
2026-05-20 01:21:45,512 - root - INFO - [561/1205] Fetching weather for Gyöngyöshalász...
2026-05-20 01:21:45,564 - root - INFO - Fetched weather for Gyöngyöshalász: 12.3°C, Clouds, humidity: 75%
2026-05-20 01:21:46,666 - root - INFO - [562/1205] Fetching weather for Gyöngyös...
2026-05-20 01:21:46,722 - root - INFO - Fetched weather for Gyöngyös: 11.9°C, Clouds, humidity: 73%
2026-05-20 01:21:47,823 - root - INFO - [563/1205] Fetching weather for Erdőtelek...
2026-05-20 01:21:47,883 - root - INFO - Fetched weather for Erdőtelek: 12.6°C, Clouds, humidity: 77%
2026-05-20 01:21:48,985 - root - INFO - [564/1205] Fetching weather for Heves...
2026-05-20 01:21:49,038 - root - INFO - Fetched weather for Heves: 12.7°C, Clouds, humidity: 78%
2026-05-20 01:21:50,140 - root - INFO - [565/1205] Fetching weather for Hevesvezekény...
2026-05-20 01:21:50,200 - root - INFO - Fetched weather for Hevesvezekény: 12.8°C, Clouds, humidity: 79%
2026-05-20 01:21:51,302 - root - INFO - [566/1205] Fetching weather for Tarnaszentmiklós...
2026-05-20 01:21:51,358 - root - INFO - Fetched weather for Tarnaszentmiklós: 12.8°C, Clouds, humidity: 79%
2026-05-20 01:21:52,460 - root - INFO - [567/1205] Fetching weather for Kisköre...
2026-05-20 01:21:52,520 - root - INFO - Fetched weather for Kisköre: 12.9°C, Clouds, humidity: 79%
2026-05-20 01:21:53,622 - root - INFO - [568/1205] Fetching weather for Abádszalók...
2026-05-20 01:21:53,678 - root - INFO - Fetched weather for Abádszalók: 12.9°C, Clouds, humidity: 79%
2026-05-20 01:21:54,780 - root - INFO - [569/1205] Fetching weather for Kunhegyes...
2026-05-20 01:21:54,835 - root - INFO - Fetched weather for Kunhegyes: 12.9°C, Clouds, humidity: 80%
2026-05-20 01:21:55,937 - root - INFO - [570/1205] Fetching weather for Kenderes...
2026-05-20 01:21:55,987 - root - INFO - Fetched weather for Kenderes: 12.9°C, Clouds, humidity: 81%
2026-05-20 01:21:57,089 - root - INFO - [571/1205] Fetching weather for Maklár...
2026-05-20 01:21:57,152 - root - INFO - Fetched weather for Maklár: 12.4°C, Clouds, humidity: 76%
2026-05-20 01:21:58,253 - root - INFO - [572/1205] Fetching weather for Andornaktálya...
2026-05-20 01:21:58,309 - root - INFO - Fetched weather for Andornaktálya: 12.2°C, Clouds, humidity: 76%
2026-05-20 01:21:59,411 - root - INFO - [573/1205] Fetching weather for Eger...
2026-05-20 01:21:59,470 - root - INFO - Fetched weather for Eger: 12.0°C, Clouds, humidity: 76%
2026-05-20 01:22:00,572 - root - INFO - [574/1205] Fetching weather for Egervár...
2026-05-20 01:22:00,626 - root - INFO - Fetched weather for Egervár: 12.1°C, Clouds, humidity: 76%
2026-05-20 01:22:01,727 - root - INFO - [575/1205] Fetching weather for Eger-Felnémet...
2026-05-20 01:22:01,783 - root - INFO - Fetched weather for Eger-Felnémet: 12.0°C, Clouds, humidity: 76%
2026-05-20 01:22:02,885 - root - INFO - [576/1205] Fetching weather for Szarvaskő...
2026-05-20 01:22:02,946 - root - INFO - Fetched weather for Szarvaskő: 9.7°C, Clouds, humidity: 76%
2026-05-20 01:22:04,048 - root - INFO - [577/1205] Fetching weather for Mónosbél...
2026-05-20 01:22:04,100 - root - INFO - Fetched weather for Mónosbél: 9.5°C, Clouds, humidity: 76%
2026-05-20 01:22:05,201 - root - INFO - [578/1205] Fetching weather for Bélapátfalva...
2026-05-20 01:22:05,254 - root - INFO - Fetched weather for Bélapátfalva: 9.2°C, Clouds, humidity: 74%
2026-05-20 01:22:06,356 - root - INFO - [579/1205] Fetching weather for Bélapátfalvi Cementgyár...
2026-05-20 01:22:06,409 - root - INFO - Fetched weather for Bélapátfalvi Cementgyár: 9.2°C, Clouds, humidity: 74%
2026-05-20 01:22:07,511 - root - INFO - [580/1205] Fetching weather for Szilvásvárad...
2026-05-20 01:22:07,567 - root - INFO - Fetched weather for Szilvásvárad: 9.0°C, Clouds, humidity: 74%
2026-05-20 01:22:08,668 - root - INFO - [581/1205] Fetching weather for Hejőkeresztúr...
2026-05-20 01:22:08,721 - root - INFO - Fetched weather for Hejőkeresztúr: 12.8°C, Clouds, humidity: 72%
2026-05-20 01:22:09,823 - root - INFO - [582/1205] Fetching weather for Tiszaújváros...
2026-05-20 01:22:09,890 - root - INFO - Fetched weather for Tiszaújváros: 12.8°C, Clouds, humidity: 72%
2026-05-20 01:22:10,992 - root - INFO - [583/1205] Fetching weather for Miskolc-Gömöri...
2026-05-20 01:22:11,051 - root - INFO - Fetched weather for Miskolc-Gömöri: 12.8°C, Clouds, humidity: 69%
2026-05-20 01:22:12,153 - root - INFO - [584/1205] Fetching weather for Sajókeresztúr...
2026-05-20 01:22:12,204 - root - INFO - Fetched weather for Sajókeresztúr: 12.6°C, Clouds, humidity: 71%
2026-05-20 01:22:13,306 - root - INFO - [585/1205] Fetching weather for Sajóecseg...
2026-05-20 01:22:13,359 - root - INFO - Fetched weather for Sajóecseg: 12.6°C, Clouds, humidity: 72%
2026-05-20 01:22:14,461 - root - INFO - [586/1205] Fetching weather for Sajószentpéter...
2026-05-20 01:22:14,524 - root - INFO - Fetched weather for Sajószentpéter: 12.4°C, Clouds, humidity: 73%
2026-05-20 01:22:15,626 - root - INFO - [587/1205] Fetching weather for Kazincbarcika...
2026-05-20 01:22:15,680 - root - INFO - Fetched weather for Kazincbarcika: 10.3°C, Clouds, humidity: 76%
2026-05-20 01:22:16,782 - root - INFO - [588/1205] Fetching weather for Sajókaza...
2026-05-20 01:22:16,839 - root - INFO - Fetched weather for Sajókaza: 10.3°C, Clouds, humidity: 76%
2026-05-20 01:22:17,941 - root - INFO - [589/1205] Fetching weather for Vadna...
2026-05-20 01:22:17,993 - root - INFO - Fetched weather for Vadna: 10.3°C, Clouds, humidity: 76%
2026-05-20 01:22:19,096 - root - INFO - [590/1205] Fetching weather for Dubicsány...
2026-05-20 01:22:19,149 - root - INFO - Fetched weather for Dubicsány: 10.3°C, Clouds, humidity: 74%
2026-05-20 01:22:20,251 - root - INFO - [591/1205] Fetching weather for Raposka...
2026-05-20 01:22:20,310 - root - INFO - Fetched weather for Raposka: 10.1°C, Clear, humidity: 72%
2026-05-20 01:22:21,411 - root - INFO - [592/1205] Fetching weather for Ivacs...
2026-05-20 01:22:21,471 - root - INFO - Fetched weather for Ivacs: 11.2°C, Clear, humidity: 82%
2026-05-20 01:22:22,573 - root - INFO - [593/1205] Fetching weather for Kisköre-Tiszahíd...
2026-05-20 01:22:22,642 - root - INFO - Fetched weather for Kisköre-Tiszahíd: 12.9°C, Clouds, humidity: 80%
2026-05-20 01:22:23,744 - root - INFO - [594/1205] Fetching weather for Rozsály...
2026-05-20 01:22:23,807 - root - INFO - Fetched weather for Rozsály: 10.0°C, Clouds, humidity: 87%
2026-05-20 01:22:24,909 - root - INFO - [595/1205] Fetching weather for Pusztakettős...
2026-05-20 01:22:24,964 - root - INFO - Fetched weather for Pusztakettős: 12.9°C, Clouds, humidity: 79%
2026-05-20 01:22:26,065 - root - INFO - [596/1205] Fetching weather for Kisvác...
2026-05-20 01:22:26,122 - root - INFO - Fetched weather for Kisvác: 12.0°C, Clear, humidity: 81%
2026-05-20 01:22:27,224 - root - INFO - [597/1205] Fetching weather for Tiszafüred-Gyártelep...
2026-05-20 01:22:27,297 - root - INFO - Fetched weather for Tiszafüred-Gyártelep: 12.8°C, Clouds, humidity: 77%
2026-05-20 01:22:28,399 - root - INFO - [598/1205] Fetching weather for Újkenéz...
2026-05-20 01:22:28,448 - root - INFO - Fetched weather for Újkenéz: 11.9°C, Clouds, humidity: 85%
2026-05-20 01:22:29,549 - root - INFO - [599/1205] Fetching weather for Püspökladány-Vásártér...
2026-05-20 01:22:29,599 - root - INFO - Fetched weather for Püspökladány-Vásártér: 12.8°C, Clouds, humidity: 81%
2026-05-20 01:22:30,701 - root - INFO - [600/1205] Fetching weather for Végegyháza alsó...
2026-05-20 01:22:30,761 - root - INFO - Fetched weather for Végegyháza alsó: 12.3°C, Clouds, humidity: 89%
2026-05-20 01:22:31,863 - root - INFO - [601/1205] Fetching weather for Orosháza felső...
2026-05-20 01:22:31,913 - root - INFO - Fetched weather for Orosháza felső: 12.8°C, Clear, humidity: 84%
2026-05-20 01:22:33,015 - root - INFO - [602/1205] Fetching weather for Ambrózfalva...
2026-05-20 01:22:33,068 - root - INFO - Fetched weather for Ambrózfalva: 12.5°C, Clouds, humidity: 87%
2026-05-20 01:22:34,170 - root - INFO - [603/1205] Fetching weather for Alsónyék...
2026-05-20 01:22:34,220 - root - INFO - Fetched weather for Alsónyék: 14.2°C, Clear, humidity: 70%
2026-05-20 01:22:35,321 - root - INFO - [604/1205] Fetching weather for Tompapuszta...
2026-05-20 01:22:35,379 - root - INFO - Fetched weather for Tompapuszta: 11.1°C, Clouds, humidity: 91%
2026-05-20 01:22:36,480 - root - INFO - [605/1205] Fetching weather for Halászlak...
2026-05-20 01:22:36,541 - root - INFO - Fetched weather for Halászlak: 12.9°C, Clouds, humidity: 83%
2026-05-20 01:22:37,643 - root - INFO - [606/1205] Fetching weather for Sirató...
2026-05-20 01:22:37,700 - root - INFO - Fetched weather for Sirató: 12.9°C, Clouds, humidity: 83%
2026-05-20 01:22:38,802 - root - INFO - [607/1205] Fetching weather for Csabacsűd felső...
2026-05-20 01:22:38,853 - root - INFO - Fetched weather for Csabacsűd felső: 12.9°C, Clouds, humidity: 83%
2026-05-20 01:22:39,954 - root - INFO - [608/1205] Fetching weather for Orosháza-Üveggyár...
2026-05-20 01:22:40,012 - root - INFO - Fetched weather for Orosháza-Üveggyár: 12.7°C, Clear, humidity: 84%
2026-05-20 01:22:41,114 - root - INFO - [609/1205] Fetching weather for Gyulai városerdő...
2026-05-20 01:22:41,168 - root - INFO - Fetched weather for Gyulai városerdő: 12.8°C, Clouds, humidity: 78%
2026-05-20 01:22:42,270 - root - INFO - [610/1205] Fetching weather for Kórógyszentgyörgy...
2026-05-20 01:22:42,324 - root - INFO - Fetched weather for Kórógyszentgyörgy: 13.3°C, Clouds, humidity: 85%
2026-05-20 01:22:43,426 - root - INFO - [611/1205] Fetching weather for Kunszállás...
2026-05-20 01:22:43,482 - root - INFO - Fetched weather for Kunszállás: 11.6°C, Clear, humidity: 87%
2026-05-20 01:22:44,583 - root - INFO - [612/1205] Fetching weather for Selymes...
2026-05-20 01:22:44,635 - root - INFO - Fetched weather for Selymes: 11.7°C, Clouds, humidity: 87%
2026-05-20 01:22:45,737 - root - INFO - [613/1205] Fetching weather for Petőfiszállási tanyák...
2026-05-20 01:22:45,787 - root - INFO - Fetched weather for Petőfiszállási tanyák: 11.7°C, Clouds, humidity: 87%
2026-05-20 01:22:46,889 - root - INFO - [614/1205] Fetching weather for Kisteleki szőlők...
2026-05-20 01:22:46,949 - root - INFO - Fetched weather for Kisteleki szőlők: 12.8°C, Clouds, humidity: 82%
2026-05-20 01:22:48,051 - root - INFO - [615/1205] Fetching weather for Kapitányság...
2026-05-20 01:22:48,118 - root - INFO - Fetched weather for Kapitányság: 12.8°C, Clouds, humidity: 79%
2026-05-20 01:22:49,220 - root - INFO - [616/1205] Fetching weather for Őszeszék...
2026-05-20 01:22:49,273 - root - INFO - Fetched weather for Őszeszék: 12.8°C, Clouds, humidity: 79%
2026-05-20 01:22:50,375 - root - INFO - [617/1205] Fetching weather for Vilmaszállás...
2026-05-20 01:22:50,442 - root - INFO - Fetched weather for Vilmaszállás: 12.8°C, Clouds, humidity: 79%
2026-05-20 01:22:51,544 - root - INFO - [618/1205] Fetching weather for Jánosszállás...
2026-05-20 01:22:51,596 - root - INFO - Fetched weather for Jánosszállás: 12.8°C, Clouds, humidity: 79%
2026-05-20 01:22:52,698 - root - INFO - [619/1205] Fetching weather for Felsőpakony...
2026-05-20 01:22:52,751 - root - INFO - Fetched weather for Felsőpakony: 11.4°C, Clear, humidity: 88%
2026-05-20 01:22:53,852 - root - INFO - [620/1205] Fetching weather for Felsőméntelek...
2026-05-20 01:22:53,904 - root - INFO - Fetched weather for Felsőméntelek: 9.9°C, Clear, humidity: 93%
2026-05-20 01:22:55,006 - root - INFO - [621/1205] Fetching weather for Alsóméntelek...
2026-05-20 01:22:55,065 - root - INFO - Fetched weather for Alsóméntelek: 9.9°C, Clear, humidity: 93%
2026-05-20 01:22:56,167 - root - INFO - [622/1205] Fetching weather for Nagynyír...
2026-05-20 01:22:56,230 - root - INFO - Fetched weather for Nagynyír: 9.9°C, Clear, humidity: 93%
2026-05-20 01:22:57,332 - root - INFO - [623/1205] Fetching weather for Úrihegy...
2026-05-20 01:22:57,387 - root - INFO - Fetched weather for Úrihegy: 9.9°C, Clear, humidity: 93%
2026-05-20 01:22:58,489 - root - INFO - [624/1205] Fetching weather for Miklóstelep...
2026-05-20 01:22:58,545 - root - INFO - Fetched weather for Miklóstelep: 9.9°C, Clear, humidity: 93%
2026-05-20 01:22:59,646 - root - INFO - [625/1205] Fetching weather for Tiszajenő alsó...
2026-05-20 01:22:59,699 - root - INFO - Fetched weather for Tiszajenő alsó: 11.1°C, Clear, humidity: 84%
2026-05-20 01:23:00,800 - root - INFO - [626/1205] Fetching weather for Óbög...
2026-05-20 01:23:00,860 - root - INFO - Fetched weather for Óbög: 11.7°C, Clear, humidity: 83%
2026-05-20 01:23:01,962 - root - INFO - [627/1205] Fetching weather for Árpádszállás...
2026-05-20 01:23:02,020 - root - INFO - Fetched weather for Árpádszállás: 10.8°C, Clear, humidity: 90%
2026-05-20 01:23:03,122 - root - INFO - [628/1205] Fetching weather for Tőserdő...
2026-05-20 01:23:03,179 - root - INFO - Fetched weather for Tőserdő: 11.0°C, Clear, humidity: 90%
2026-05-20 01:23:04,281 - root - INFO - [629/1205] Fetching weather for Tiszaalpár felső...
2026-05-20 01:23:04,339 - root - INFO - Fetched weather for Tiszaalpár felső: 11.1°C, Clear, humidity: 90%
2026-05-20 01:23:05,441 - root - INFO - [630/1205] Fetching weather for Borsihalom...
2026-05-20 01:23:05,495 - root - INFO - Fetched weather for Borsihalom: 11.4°C, Clouds, humidity: 87%
2026-05-20 01:23:06,597 - root - INFO - [631/1205] Fetching weather for Petőfiváros...
2026-05-20 01:23:06,649 - root - INFO - Fetched weather for Petőfiváros: 11.7°C, Clouds, humidity: 87%
2026-05-20 01:23:07,751 - root - INFO - [632/1205] Fetching weather for Csorna...
2026-05-20 01:23:07,802 - root - INFO - Fetched weather for Csorna: 11.4°C, Clear, humidity: 82%
2026-05-20 01:23:08,904 - root - INFO - [633/1205] Fetching weather for Szorgalmatos...
2026-05-20 01:23:08,968 - root - INFO - Fetched weather for Szorgalmatos: 12.7°C, Clear, humidity: 70%
2026-05-20 01:23:10,069 - root - INFO - [634/1205] Fetching weather for Fótfürdő...
2026-05-20 01:23:10,128 - root - INFO - Fetched weather for Fótfürdő: 11.7°C, Clear, humidity: 79%
2026-05-20 01:23:11,230 - root - INFO - [635/1205] Fetching weather for Fenyveshegy...
2026-05-20 01:23:11,284 - root - INFO - Fetched weather for Fenyveshegy: 12.2°C, Clear, humidity: 81%
2026-05-20 01:23:12,387 - root - INFO - [636/1205] Fetching weather for Hűvösvölgy...
2026-05-20 01:23:12,440 - root - INFO - Fetched weather for Hűvösvölgy: 11.6°C, Clear, humidity: 76%
2026-05-20 01:23:13,542 - root - INFO - [637/1205] Fetching weather for Hárshegy...
2026-05-20 01:23:13,591 - root - INFO - Fetched weather for Hárshegy: 11.6°C, Clear, humidity: 76%
2026-05-20 01:23:14,693 - root - INFO - [638/1205] Fetching weather for Szépjuhászné...
2026-05-20 01:23:14,747 - root - INFO - Fetched weather for Szépjuhászné: 10.7°C, Clear, humidity: 76%
2026-05-20 01:23:15,849 - root - INFO - [639/1205] Fetching weather for Jánoshegy...
2026-05-20 01:23:15,907 - root - INFO - Fetched weather for Jánoshegy: 10.6°C, Clear, humidity: 76%
2026-05-20 01:23:17,009 - root - INFO - [640/1205] Fetching weather for Virágvölgy...
2026-05-20 01:23:17,061 - root - INFO - Fetched weather for Virágvölgy: 10.3°C, Clear, humidity: 76%
2026-05-20 01:23:18,163 - root - INFO - [641/1205] Fetching weather for Csillebérc...
2026-05-20 01:23:18,221 - root - INFO - Fetched weather for Csillebérc: 10.1°C, Clear, humidity: 76%
2026-05-20 01:23:19,323 - root - INFO - [642/1205] Fetching weather for Normafa...
2026-05-20 01:23:19,380 - root - INFO - Fetched weather for Normafa: 10.1°C, Clear, humidity: 76%
2026-05-20 01:23:20,481 - root - INFO - [643/1205] Fetching weather for Széchenyihegy...
2026-05-20 01:23:20,541 - root - INFO - Fetched weather for Széchenyihegy: 10.2°C, Clear, humidity: 76%
2026-05-20 01:23:21,642 - root - INFO - [644/1205] Fetching weather for Balatonfőkajár felső...
2026-05-20 01:23:21,699 - root - INFO - Fetched weather for Balatonfőkajár felső: 12.4°C, Clear, humidity: 68%
2026-05-20 01:23:22,801 - root - INFO - [645/1205] Fetching weather for Piroska...
2026-05-20 01:23:22,852 - root - INFO - Fetched weather for Piroska: 11.9°C, Clear, humidity: 83%
2026-05-20 01:23:23,953 - root - INFO - [646/1205] Fetching weather for Somodor...
2026-05-20 01:23:24,013 - root - INFO - Fetched weather for Somodor: 12.1°C, Clear, humidity: 69%
2026-05-20 01:23:25,115 - root - INFO - [647/1205] Fetching weather for Középmező...
2026-05-20 01:23:25,169 - root - INFO - Fetched weather for Középmező: 14.1°C, Clouds, humidity: 62%
2026-05-20 01:23:26,271 - root - INFO - [648/1205] Fetching weather for Jobbágyi...
2026-05-20 01:23:26,327 - root - INFO - Fetched weather for Jobbágyi: 12.1°C, Clear, humidity: 77%
2026-05-20 01:23:27,429 - root - INFO - [649/1205] Fetching weather for Ferihegy...
2026-05-20 01:23:27,480 - root - INFO - Fetched weather for Ferihegy: 11.2°C, Clear, humidity: 88%
2026-05-20 01:23:28,582 - root - INFO - [650/1205] Fetching weather for Máriapócs...
2026-05-20 01:23:28,637 - root - INFO - Fetched weather for Máriapócs: 12.1°C, Clouds, humidity: 82%
2026-05-20 01:23:29,739 - root - INFO - [651/1205] Fetching weather for Máriaudvar...
2026-05-20 01:23:29,798 - root - INFO - Fetched weather for Máriaudvar: 12.3°C, Clear, humidity: 81%
2026-05-20 01:23:30,899 - root - INFO - [652/1205] Fetching weather for Nagyberki...
2026-05-20 01:23:30,951 - root - INFO - Fetched weather for Nagyberki: 12.2°C, Clear, humidity: 69%
2026-05-20 01:23:32,053 - root - INFO - [653/1205] Fetching weather for Badacsonytomaj...
2026-05-20 01:23:32,108 - root - INFO - Fetched weather for Badacsonytomaj: 12.2°C, Clear, humidity: 69%
2026-05-20 01:23:33,210 - root - INFO - [654/1205] Fetching weather for Badacsony...
2026-05-20 01:23:33,267 - root - INFO - Fetched weather for Badacsony: 10.1°C, Clear, humidity: 71%
2026-05-20 01:23:34,369 - root - INFO - [655/1205] Fetching weather for Badacsonylábdihegy...
2026-05-20 01:23:34,427 - root - INFO - Fetched weather for Badacsonylábdihegy: 10.1°C, Clear, humidity: 71%
2026-05-20 01:23:35,529 - root - INFO - [656/1205] Fetching weather for Badacsonytördemic-Szigliget...
2026-05-20 01:23:35,589 - root - INFO - Fetched weather for Badacsonytördemic-Szigliget: 10.0°C, Clear, humidity: 70%
2026-05-20 01:23:36,691 - root - INFO - [657/1205] Fetching weather for Nemesgulács-Kisapáti...
2026-05-20 01:23:36,744 - root - INFO - Fetched weather for Nemesgulács-Kisapáti: 10.1°C, Clear, humidity: 70%
2026-05-20 01:23:37,846 - root - INFO - [658/1205] Fetching weather for Tapolca...
2026-05-20 01:23:37,899 - root - INFO - Fetched weather for Tapolca: 10.0°C, Clear, humidity: 72%
2026-05-20 01:23:39,001 - root - INFO - [659/1205] Fetching weather for Uzsabánya alsó...
2026-05-20 01:23:39,051 - root - INFO - Fetched weather for Uzsabánya alsó: 9.8°C, Clear, humidity: 74%
2026-05-20 01:23:40,153 - root - INFO - [660/1205] Fetching weather for Uzsa...
2026-05-20 01:23:40,208 - root - INFO - Fetched weather for Uzsa: 9.8°C, Clear, humidity: 73%
2026-05-20 01:23:41,310 - root - INFO - [661/1205] Fetching weather for Sümegi Bazaltbánya...
2026-05-20 01:23:41,365 - root - INFO - Fetched weather for Sümegi Bazaltbánya: 11.6°C, Clear, humidity: 74%
2026-05-20 01:23:42,467 - root - INFO - [662/1205] Fetching weather for Sümeg...
2026-05-20 01:23:42,518 - root - INFO - Fetched weather for Sümeg: 11.7°C, Clear, humidity: 75%
2026-05-20 01:23:43,620 - root - INFO - [663/1205] Fetching weather for Gógánfa...
2026-05-20 01:23:43,673 - root - INFO - Fetched weather for Gógánfa: 11.6°C, Clouds, humidity: 76%
2026-05-20 01:23:44,775 - root - INFO - [664/1205] Fetching weather for Ukk...
2026-05-20 01:23:44,827 - root - INFO - Fetched weather for Ukk: 11.6°C, Clouds, humidity: 77%
2026-05-20 01:23:45,929 - root - INFO - [665/1205] Fetching weather for Nemeskeresztúr...
2026-05-20 01:23:45,987 - root - INFO - Fetched weather for Nemeskeresztúr: 11.5°C, Clouds, humidity: 77%
2026-05-20 01:23:47,089 - root - INFO - [666/1205] Fetching weather for Jánosháza...
2026-05-20 01:23:47,148 - root - INFO - Fetched weather for Jánosháza: 11.5°C, Clear, humidity: 78%
2026-05-20 01:23:48,250 - root - INFO - [667/1205] Fetching weather for Keszthely...
2026-05-20 01:23:48,301 - root - INFO - Fetched weather for Keszthely: 10.1°C, Clear, humidity: 87%
2026-05-20 01:23:49,403 - root - INFO - [668/1205] Fetching weather for Alsógyenes...
2026-05-20 01:23:49,455 - root - INFO - Fetched weather for Alsógyenes: 10.1°C, Clear, humidity: 87%
2026-05-20 01:23:50,557 - root - INFO - [669/1205] Fetching weather for Gyenesdiás...
2026-05-20 01:23:50,613 - root - INFO - Fetched weather for Gyenesdiás: 10.1°C, Clear, humidity: 87%
2026-05-20 01:23:51,715 - root - INFO - [670/1205] Fetching weather for Vonyarcvashegy...
2026-05-20 01:23:51,781 - root - INFO - Fetched weather for Vonyarcvashegy: 10.1°C, Clear, humidity: 87%
2026-05-20 01:23:52,882 - root - INFO - [671/1205] Fetching weather for Balatongyörök...
2026-05-20 01:23:52,938 - root - INFO - Fetched weather for Balatongyörök: 10.1°C, Clear, humidity: 87%
2026-05-20 01:23:54,039 - root - INFO - [672/1205] Fetching weather for Becehegy...
2026-05-20 01:23:54,104 - root - INFO - Fetched weather for Becehegy: 10.1°C, Clear, humidity: 87%
2026-05-20 01:23:55,205 - root - INFO - [673/1205] Fetching weather for Balatonederics...
2026-05-20 01:23:55,263 - root - INFO - Fetched weather for Balatonederics: 10.0°C, Clear, humidity: 74%
2026-05-20 01:23:56,364 - root - INFO - [674/1205] Fetching weather for Dabronc...
2026-05-20 01:23:56,425 - root - INFO - Fetched weather for Dabronc: 11.6°C, Clouds, humidity: 76%
2026-05-20 01:23:57,526 - root - INFO - [675/1205] Fetching weather for Türje...
2026-05-20 01:23:57,588 - root - INFO - Fetched weather for Türje: 11.6°C, Clouds, humidity: 78%
2026-05-20 01:23:58,690 - root - INFO - [676/1205] Fetching weather for Zalabér-Batyk...
2026-05-20 01:23:58,745 - root - INFO - Fetched weather for Zalabér-Batyk: 11.6°C, Clouds, humidity: 78%
2026-05-20 01:23:59,847 - root - INFO - [677/1205] Fetching weather for Pakod...
2026-05-20 01:23:59,912 - root - INFO - Fetched weather for Pakod: 11.5°C, Clouds, humidity: 79%
2026-05-20 01:24:01,014 - root - INFO - [678/1205] Fetching weather for Pókaszepetk...
2026-05-20 01:24:01,066 - root - INFO - Fetched weather for Pókaszepetk: 11.6°C, Clouds, humidity: 79%
2026-05-20 01:24:02,168 - root - INFO - [679/1205] Fetching weather for Kemendollár...
2026-05-20 01:24:02,218 - root - INFO - Fetched weather for Kemendollár: 9.9°C, Clouds, humidity: 79%
2026-05-20 01:24:03,320 - root - INFO - [680/1205] Fetching weather for Zalaegerszeg...
2026-05-20 01:24:03,372 - root - INFO - Fetched weather for Zalaegerszeg: 9.7°C, Clouds, humidity: 81%
2026-05-20 01:24:04,474 - root - INFO - [681/1205] Fetching weather for Bocfölde...
2026-05-20 01:24:04,531 - root - INFO - Fetched weather for Bocfölde: 9.8°C, Clouds, humidity: 81%
2026-05-20 01:24:05,633 - root - INFO - [682/1205] Fetching weather for Sárhida...
2026-05-20 01:24:05,702 - root - INFO - Fetched weather for Sárhida: 9.8°C, Clouds, humidity: 81%
2026-05-20 01:24:06,804 - root - INFO - [683/1205] Fetching weather for Bak...
2026-05-20 01:24:06,857 - root - INFO - Fetched weather for Bak: 9.8°C, Clouds, humidity: 82%
2026-05-20 01:24:07,959 - root - INFO - [684/1205] Fetching weather for Tófej...
2026-05-20 01:24:08,019 - root - INFO - Fetched weather for Tófej: 9.6°C, Clouds, humidity: 82%
2026-05-20 01:24:09,121 - root - INFO - [685/1205] Fetching weather for Gutorfölde...
2026-05-20 01:24:09,174 - root - INFO - Fetched weather for Gutorfölde: 11.2°C, Clouds, humidity: 83%
2026-05-20 01:24:10,276 - root - INFO - [686/1205] Fetching weather for Csömödér-Páka...
2026-05-20 01:24:10,329 - root - INFO - Fetched weather for Csömödér-Páka: 11.3°C, Clouds, humidity: 84%
2026-05-20 01:24:11,431 - root - INFO - [687/1205] Fetching weather for Iklódbördőce...
2026-05-20 01:24:11,489 - root - INFO - Fetched weather for Iklódbördőce: 11.1°C, Clouds, humidity: 84%
2026-05-20 01:24:12,590 - root - INFO - [688/1205] Fetching weather for Lenti...
2026-05-20 01:24:12,652 - root - INFO - Fetched weather for Lenti: 11.2°C, Clouds, humidity: 84%
2026-05-20 01:24:13,753 - root - INFO - [689/1205] Fetching weather for Rédics...
2026-05-20 01:24:13,808 - root - INFO - Fetched weather for Rédics: 11.2°C, Clouds, humidity: 85%
2026-05-20 01:24:14,910 - root - INFO - [690/1205] Fetching weather for Zalalövő...
2026-05-20 01:24:14,965 - root - INFO - Fetched weather for Zalalövő: 11.0°C, Clouds, humidity: 83%
2026-05-20 01:24:16,066 - root - INFO - [691/1205] Fetching weather for Zalaegerszeg-Ola...
2026-05-20 01:24:16,125 - root - INFO - Fetched weather for Zalaegerszeg-Ola: 11.4°C, Clouds, humidity: 81%
2026-05-20 01:24:17,227 - root - INFO - [692/1205] Fetching weather for Andráshida...
2026-05-20 01:24:17,284 - root - INFO - Fetched weather for Andráshida: 11.3°C, Clouds, humidity: 81%
2026-05-20 01:24:18,386 - root - INFO - [693/1205] Fetching weather for Bagod...
2026-05-20 01:24:18,443 - root - INFO - Fetched weather for Bagod: 11.4°C, Clouds, humidity: 81%
2026-05-20 01:24:19,545 - root - INFO - [694/1205] Fetching weather for Zalaszentgyörgy...
2026-05-20 01:24:19,605 - root - INFO - Fetched weather for Zalaszentgyörgy: 11.3°C, Clouds, humidity: 81%
2026-05-20 01:24:20,707 - root - INFO - [695/1205] Fetching weather for Zalacséb-Salomvár...
2026-05-20 01:24:20,758 - root - INFO - Fetched weather for Zalacséb-Salomvár: 11.0°C, Clouds, humidity: 81%
2026-05-20 01:24:21,860 - root - INFO - [696/1205] Fetching weather for Kópháza...
2026-05-20 01:24:21,923 - root - INFO - Fetched weather for Kópháza: 10.8°C, Clouds, humidity: 79%
2026-05-20 01:24:23,025 - root - INFO - [697/1205] Fetching weather for Nagycenk...
2026-05-20 01:24:23,077 - root - INFO - Fetched weather for Nagycenk: 11.0°C, Clouds, humidity: 79%
2026-05-20 01:24:24,179 - root - INFO - [698/1205] Fetching weather for Sopronkövesd...
2026-05-20 01:24:24,233 - root - INFO - Fetched weather for Sopronkövesd: 10.8°C, Clouds, humidity: 80%
2026-05-20 01:24:25,335 - root - INFO - [699/1205] Fetching weather for Lövő...
2026-05-20 01:24:25,390 - root - INFO - Fetched weather for Lövő: 10.8°C, Clouds, humidity: 80%
2026-05-20 01:24:26,492 - root - INFO - [700/1205] Fetching weather for Újkér...
2026-05-20 01:24:26,566 - root - INFO - Fetched weather for Újkér: 10.9°C, Clouds, humidity: 80%
2026-05-20 01:24:27,668 - root - INFO - [701/1205] Fetching weather for Bük...
2026-05-20 01:24:27,721 - root - INFO - Fetched weather for Bük: 11.0°C, Clouds, humidity: 80%
2026-05-20 01:24:28,823 - root - INFO - [702/1205] Fetching weather for Acsád...
2026-05-20 01:24:28,878 - root - INFO - Fetched weather for Acsád: 10.8°C, Clouds, humidity: 80%
2026-05-20 01:24:29,979 - root - INFO - [703/1205] Fetching weather for Salköveskút-Vassurány...
2026-05-20 01:24:30,033 - root - INFO - Fetched weather for Salköveskút-Vassurány: 10.8°C, Clouds, humidity: 80%
2026-05-20 01:24:31,135 - root - INFO - [704/1205] Fetching weather for Zalaszentiván...
2026-05-20 01:24:31,187 - root - INFO - Fetched weather for Zalaszentiván: 9.9°C, Clouds, humidity: 80%
2026-05-20 01:24:32,288 - root - INFO - [705/1205] Fetching weather for Alsónemesapáti...
2026-05-20 01:24:32,338 - root - INFO - Fetched weather for Alsónemesapáti: 9.9°C, Clouds, humidity: 80%
2026-05-20 01:24:33,439 - root - INFO - [706/1205] Fetching weather for Józsa...
2026-05-20 01:24:33,497 - root - INFO - Fetched weather for Józsa: 12.9°C, Clear, humidity: 76%
2026-05-20 01:24:34,599 - root - INFO - [707/1205] Fetching weather for Hajdúszentgyörgy...
2026-05-20 01:24:34,651 - root - INFO - Fetched weather for Hajdúszentgyörgy: 12.8°C, Clear, humidity: 76%
2026-05-20 01:24:35,753 - root - INFO - [708/1205] Fetching weather for Zelemér...
2026-05-20 01:24:35,809 - root - INFO - Fetched weather for Zelemér: 12.8°C, Clear, humidity: 76%
2026-05-20 01:24:36,911 - root - INFO - [709/1205] Fetching weather for Hajdúböszörmény...
2026-05-20 01:24:36,967 - root - INFO - Fetched weather for Hajdúböszörmény: 12.8°C, Clouds, humidity: 77%
2026-05-20 01:24:38,068 - root - INFO - [710/1205] Fetching weather for Hajdúvid...
2026-05-20 01:24:38,121 - root - INFO - Fetched weather for Hajdúvid: 12.6°C, Clouds, humidity: 76%
2026-05-20 01:24:39,223 - root - INFO - [711/1205] Fetching weather for Hajdúdorog...
2026-05-20 01:24:39,274 - root - INFO - Fetched weather for Hajdúdorog: 12.6°C, Clouds, humidity: 75%
2026-05-20 01:24:40,375 - root - INFO - [712/1205] Fetching weather for Hajdúnánás...
2026-05-20 01:24:40,432 - root - INFO - Fetched weather for Hajdúnánás: 12.7°C, Clouds, humidity: 74%
2026-05-20 01:24:41,534 - root - INFO - [713/1205] Fetching weather for Hajdúnánás-Vásártér...
2026-05-20 01:24:41,589 - root - INFO - Fetched weather for Hajdúnánás-Vásártér: 12.7°C, Clouds, humidity: 74%
2026-05-20 01:24:42,690 - root - INFO - [714/1205] Fetching weather for Tedej...
2026-05-20 01:24:42,744 - root - INFO - Fetched weather for Tedej: 12.7°C, Clouds, humidity: 73%
2026-05-20 01:24:43,845 - root - INFO - [715/1205] Fetching weather for Tiszavasvári...
2026-05-20 01:24:43,900 - root - INFO - Fetched weather for Tiszavasvári: 12.7°C, Clear, humidity: 72%
2026-05-20 01:24:45,002 - root - INFO - [716/1205] Fetching weather for Egyházerdő...
2026-05-20 01:24:45,051 - root - INFO - Fetched weather for Egyházerdő: 12.7°C, Clear, humidity: 71%
2026-05-20 01:24:46,153 - root - INFO - [717/1205] Fetching weather for Tiszalök...
2026-05-20 01:24:46,203 - root - INFO - Fetched weather for Tiszalök: 12.6°C, Clear, humidity: 69%
2026-05-20 01:24:47,305 - root - INFO - [718/1205] Fetching weather for Hajnalos...
2026-05-20 01:24:47,358 - root - INFO - Fetched weather for Hajnalos: 12.6°C, Clouds, humidity: 70%
2026-05-20 01:24:48,460 - root - INFO - [719/1205] Fetching weather for Kisfástanya...
2026-05-20 01:24:48,524 - root - INFO - Fetched weather for Kisfástanya: 12.6°C, Clouds, humidity: 71%
2026-05-20 01:24:49,626 - root - INFO - [720/1205] Fetching weather for Tiszaeszlár...
2026-05-20 01:24:49,682 - root - INFO - Fetched weather for Tiszaeszlár: 12.6°C, Clouds, humidity: 71%
2026-05-20 01:24:50,783 - root - INFO - [721/1205] Fetching weather for Bashalom...
2026-05-20 01:24:50,837 - root - INFO - Fetched weather for Bashalom: 12.6°C, Clouds, humidity: 70%
2026-05-20 01:24:51,938 - root - INFO - [722/1205] Fetching weather for Sáránd...
2026-05-20 01:24:51,995 - root - INFO - Fetched weather for Sáránd: 13.0°C, Clear, humidity: 76%
2026-05-20 01:24:53,096 - root - INFO - [723/1205] Fetching weather for Derecske...
2026-05-20 01:24:53,152 - root - INFO - Fetched weather for Derecske: 13.1°C, Clear, humidity: 76%
2026-05-20 01:24:54,254 - root - INFO - [724/1205] Fetching weather for Derecske-Vásártér...
2026-05-20 01:24:54,307 - root - INFO - Fetched weather for Derecske-Vásártér: 13.1°C, Clear, humidity: 76%
2026-05-20 01:24:55,409 - root - INFO - [725/1205] Fetching weather for Konyár...
2026-05-20 01:24:55,471 - root - INFO - Fetched weather for Konyár: 13.1°C, Clear, humidity: 76%
2026-05-20 01:24:56,572 - root - INFO - [726/1205] Fetching weather for Konyári Sóstófürdő...
2026-05-20 01:24:56,636 - root - INFO - Fetched weather for Konyári Sóstófürdő: 13.1°C, Clouds, humidity: 81%
2026-05-20 01:24:57,737 - root - INFO - [727/1205] Fetching weather for Pocsaj-Esztár...
2026-05-20 01:24:57,792 - root - INFO - Fetched weather for Pocsaj-Esztár: 13.1°C, Clouds, humidity: 82%
2026-05-20 01:24:58,894 - root - INFO - [728/1205] Fetching weather for Kismarja...
2026-05-20 01:24:58,948 - root - INFO - Fetched weather for Kismarja: 13.0°C, Clouds, humidity: 82%
2026-05-20 01:25:00,049 - root - INFO - [729/1205] Fetching weather for Nagykereki...
2026-05-20 01:25:00,110 - root - INFO - Fetched weather for Nagykereki: 13.0°C, Clouds, humidity: 82%
2026-05-20 01:25:01,211 - root - INFO - [730/1205] Fetching weather for Debrecen-Szabadságtelep...
2026-05-20 01:25:01,262 - root - INFO - Fetched weather for Debrecen-Szabadságtelep: 12.9°C, Clear, humidity: 76%
2026-05-20 01:25:02,364 - root - INFO - [731/1205] Fetching weather for Kondoroskert...
2026-05-20 01:25:02,420 - root - INFO - Fetched weather for Kondoroskert: 12.9°C, Clear, humidity: 76%
2026-05-20 01:25:03,522 - root - INFO - [732/1205] Fetching weather for Nagycsere...
2026-05-20 01:25:03,579 - root - INFO - Fetched weather for Nagycsere: 12.9°C, Clear, humidity: 76%
2026-05-20 01:25:04,681 - root - INFO - [733/1205] Fetching weather for Haláp...
2026-05-20 01:25:04,741 - root - INFO - Fetched weather for Haláp: 12.9°C, Clear, humidity: 76%
2026-05-20 01:25:05,843 - root - INFO - [734/1205] Fetching weather for Vámospércs...
2026-05-20 01:25:05,896 - root - INFO - Fetched weather for Vámospércs: 12.8°C, Clouds, humidity: 81%
2026-05-20 01:25:06,997 - root - INFO - [735/1205] Fetching weather for Szentannapuszta...
2026-05-20 01:25:07,048 - root - INFO - Fetched weather for Szentannapuszta: 12.8°C, Clouds, humidity: 81%
2026-05-20 01:25:08,150 - root - INFO - [736/1205] Fetching weather for Nyírábrány...
2026-05-20 01:25:08,207 - root - INFO - Fetched weather for Nyírábrány: 12.2°C, Clouds, humidity: 82%
2026-05-20 01:25:09,309 - root - INFO - [737/1205] Fetching weather for Dombostanya...
2026-05-20 01:25:09,362 - root - INFO - Fetched weather for Dombostanya: 12.8°C, Clear, humidity: 76%
2026-05-20 01:25:10,464 - root - INFO - [738/1205] Fetching weather for Hajdúsámson...
2026-05-20 01:25:10,518 - root - INFO - Fetched weather for Hajdúsámson: 12.8°C, Clear, humidity: 76%
2026-05-20 01:25:11,620 - root - INFO - [739/1205] Fetching weather for Tamásipuszta...
2026-05-20 01:25:11,675 - root - INFO - Fetched weather for Tamásipuszta: 12.8°C, Clear, humidity: 80%
2026-05-20 01:25:12,777 - root - INFO - [740/1205] Fetching weather for Aradványpuszta...
2026-05-20 01:25:12,839 - root - INFO - Fetched weather for Aradványpuszta: 12.7°C, Clear, humidity: 80%
2026-05-20 01:25:13,941 - root - INFO - [741/1205] Fetching weather for Nyíradony...
2026-05-20 01:25:14,001 - root - INFO - Fetched weather for Nyíradony: 12.1°C, Clouds, humidity: 81%
2026-05-20 01:25:15,103 - root - INFO - [742/1205] Fetching weather for Nyírmihálydi...
2026-05-20 01:25:15,157 - root - INFO - Fetched weather for Nyírmihálydi: 12.1°C, Clouds, humidity: 81%
2026-05-20 01:25:16,259 - root - INFO - [743/1205] Fetching weather for Nyírgelse...
2026-05-20 01:25:16,319 - root - INFO - Fetched weather for Nyírgelse: 12.0°C, Clouds, humidity: 82%
2026-05-20 01:25:17,420 - root - INFO - [744/1205] Fetching weather for Nyírbogát...
2026-05-20 01:25:17,478 - root - INFO - Fetched weather for Nyírbogát: 12.1°C, Clouds, humidity: 83%
2026-05-20 01:25:18,580 - root - INFO - [745/1205] Fetching weather for Nagykálló...
2026-05-20 01:25:18,634 - root - INFO - Fetched weather for Nagykálló: 12.3°C, Clouds, humidity: 79%
2026-05-20 01:25:19,736 - root - INFO - [746/1205] Fetching weather for Kállósemjén...
2026-05-20 01:25:19,962 - root - INFO - Fetched weather for Kállósemjén: 12.2°C, Clouds, humidity: 80%
2026-05-20 01:25:21,064 - root - INFO - [747/1205] Fetching weather for Nyírbátor...
2026-05-20 01:25:21,116 - root - INFO - Fetched weather for Nyírbátor: 12.0°C, Clouds, humidity: 83%
2026-05-20 01:25:22,218 - root - INFO - [748/1205] Fetching weather for Nyírcsászári...
2026-05-20 01:25:22,285 - root - INFO - Fetched weather for Nyírcsászári: 12.0°C, Clouds, humidity: 84%
2026-05-20 01:25:23,386 - root - INFO - [749/1205] Fetching weather for Hodász...
2026-05-20 01:25:23,453 - root - INFO - Fetched weather for Hodász: 12.0°C, Clouds, humidity: 85%
2026-05-20 01:25:24,555 - root - INFO - [750/1205] Fetching weather for Nyírmeggyes...
2026-05-20 01:25:24,612 - root - INFO - Fetched weather for Nyírmeggyes: 12.0°C, Clouds, humidity: 85%
2026-05-20 01:25:25,714 - root - INFO - [751/1205] Fetching weather for Mátészalka...
2026-05-20 01:25:25,773 - root - INFO - Fetched weather for Mátészalka: 12.1°C, Clouds, humidity: 85%
2026-05-20 01:25:26,875 - root - INFO - [752/1205] Fetching weather for Kocsord...
2026-05-20 01:25:26,925 - root - INFO - Fetched weather for Kocsord: 12.2°C, Clear, humidity: 86%
2026-05-20 01:25:28,027 - root - INFO - [753/1205] Fetching weather for Kocsord alsó...
2026-05-20 01:25:28,084 - root - INFO - Fetched weather for Kocsord alsó: 12.2°C, Clear, humidity: 86%
2026-05-20 01:25:29,186 - root - INFO - [754/1205] Fetching weather for Győrtelek...
2026-05-20 01:25:29,238 - root - INFO - Fetched weather for Győrtelek: 12.2°C, Clear, humidity: 86%
2026-05-20 01:25:30,339 - root - INFO - [755/1205] Fetching weather for Győrtelek alsó...
2026-05-20 01:25:30,393 - root - INFO - Fetched weather for Győrtelek alsó: 12.2°C, Clear, humidity: 87%
2026-05-20 01:25:31,495 - root - INFO - [756/1205] Fetching weather for Ököritófülpös...
2026-05-20 01:25:31,554 - root - INFO - Fetched weather for Ököritófülpös: 12.2°C, Clear, humidity: 87%
2026-05-20 01:25:32,656 - root - INFO - [757/1205] Fetching weather for Porcsalma-Tyukod...
2026-05-20 01:25:32,715 - root - INFO - Fetched weather for Porcsalma-Tyukod: 10.1°C, Clear, humidity: 87%
2026-05-20 01:25:33,816 - root - INFO - [758/1205] Fetching weather for Csenger...
2026-05-20 01:25:33,873 - root - INFO - Fetched weather for Csenger: 10.1°C, Clouds, humidity: 87%
2026-05-20 01:25:34,975 - root - INFO - [759/1205] Fetching weather for Kisfái...
2026-05-20 01:25:35,029 - root - INFO - Fetched weather for Kisfái: 10.0°C, Clear, humidity: 93%
2026-05-20 01:25:36,131 - root - INFO - [760/1205] Fetching weather for Nyárlőrinci szőlők...
2026-05-20 01:25:36,185 - root - INFO - Fetched weather for Nyárlőrinci szőlők: 10.0°C, Clear, humidity: 93%
2026-05-20 01:25:37,287 - root - INFO - [761/1205] Fetching weather for Nyárlőrinc alsó...
2026-05-20 01:25:37,348 - root - INFO - Fetched weather for Nyárlőrinc alsó: 10.1°C, Clear, humidity: 93%
2026-05-20 01:25:38,450 - root - INFO - [762/1205] Fetching weather for Tiszaug-Tiszahídfő...
2026-05-20 01:25:38,500 - root - INFO - Fetched weather for Tiszaug-Tiszahídfő: 11.2°C, Clouds, humidity: 82%
2026-05-20 01:25:39,601 - root - INFO - [763/1205] Fetching weather for Csongrádi úti tanyák...
2026-05-20 01:25:39,654 - root - INFO - Fetched weather for Csongrádi úti tanyák: 11.7°C, Clouds, humidity: 87%
2026-05-20 01:25:40,756 - root - INFO - [764/1205] Fetching weather for Kettőshalom...
2026-05-20 01:25:40,820 - root - INFO - Fetched weather for Kettőshalom: 11.8°C, Clouds, humidity: 87%
2026-05-20 01:25:41,922 - root - INFO - [765/1205] Fetching weather for Csongrád alsó...
2026-05-20 01:25:41,978 - root - INFO - Fetched weather for Csongrád alsó: 13.3°C, Clouds, humidity: 85%
2026-05-20 01:25:43,079 - root - INFO - [766/1205] Fetching weather for Dónát...
2026-05-20 01:25:43,137 - root - INFO - Fetched weather for Dónát: 13.3°C, Clouds, humidity: 85%
2026-05-20 01:25:44,238 - root - INFO - [767/1205] Fetching weather for Pusztatemplom...
2026-05-20 01:25:44,290 - root - INFO - Fetched weather for Pusztatemplom: 13.3°C, Clouds, humidity: 85%
2026-05-20 01:25:45,392 - root - INFO - [768/1205] Fetching weather for Előhát...
2026-05-20 01:25:45,447 - root - INFO - Fetched weather for Előhát: 12.9°C, Clouds, humidity: 80%
2026-05-20 01:25:46,549 - root - INFO - [769/1205] Fetching weather for Polgárdi-Tekerespuszta...
2026-05-20 01:25:46,604 - root - INFO - Fetched weather for Polgárdi-Tekerespuszta: 12.6°C, Clear, humidity: 70%
2026-05-20 01:25:47,706 - root - INFO - [770/1205] Fetching weather for Szatina-Kishajmás...
2026-05-20 01:25:47,765 - root - INFO - Fetched weather for Szatina-Kishajmás: 13.2°C, Clouds, humidity: 68%
2026-05-20 01:25:48,867 - root - INFO - [771/1205] Fetching weather for Márok...
2026-05-20 01:25:48,922 - root - INFO - Fetched weather for Márok: 13.9°C, Clouds, humidity: 62%
2026-05-20 01:25:50,024 - root - INFO - [772/1205] Fetching weather for Nagynyárád...
2026-05-20 01:25:50,077 - root - INFO - Fetched weather for Nagynyárád: 14.0°C, Clouds, humidity: 62%
2026-05-20 01:25:51,179 - root - INFO - [773/1205] Fetching weather for Szászvár...
2026-05-20 01:25:51,249 - root - INFO - Fetched weather for Szászvár: 13.6°C, Clear, humidity: 68%
2026-05-20 01:25:52,351 - root - INFO - [774/1205] Fetching weather for Cikó...
2026-05-20 01:25:52,403 - root - INFO - Fetched weather for Cikó: 13.9°C, Clear, humidity: 69%
2026-05-20 01:25:53,505 - root - INFO - [775/1205] Fetching weather for Gyöngyfa-Magyarmecske...
2026-05-20 01:25:53,559 - root - INFO - Fetched weather for Gyöngyfa-Magyarmecske: 13.6°C, Clouds, humidity: 69%
2026-05-20 01:25:54,660 - root - INFO - [776/1205] Fetching weather for Nagyhát...
2026-05-20 01:25:54,721 - root - INFO - Fetched weather for Nagyhát: 12.9°C, Clear, humidity: 76%
2026-05-20 01:25:55,823 - root - INFO - [777/1205] Fetching weather for Balmazújváros...
2026-05-20 01:25:55,878 - root - INFO - Fetched weather for Balmazújváros: 13.1°C, Clouds, humidity: 77%
2026-05-20 01:25:56,979 - root - INFO - [778/1205] Fetching weather for Kónya...
2026-05-20 01:25:57,037 - root - INFO - Fetched weather for Kónya: 12.8°C, Clouds, humidity: 77%
2026-05-20 01:25:58,139 - root - INFO - [779/1205] Fetching weather for Hortobágy...
2026-05-20 01:25:58,191 - root - INFO - Fetched weather for Hortobágy: 12.8°C, Clouds, humidity: 77%
2026-05-20 01:25:59,293 - root - INFO - [780/1205] Fetching weather for Hortobágyi Halastó...
2026-05-20 01:25:59,366 - root - INFO - Fetched weather for Hortobágyi Halastó: 12.8°C, Clouds, humidity: 77%
2026-05-20 01:26:00,468 - root - INFO - [781/1205] Fetching weather for Ohat-Pusztakócs...
2026-05-20 01:26:00,525 - root - INFO - Fetched weather for Ohat-Pusztakócs: 12.8°C, Clouds, humidity: 76%
2026-05-20 01:26:01,627 - root - INFO - [782/1205] Fetching weather for Egyek...
2026-05-20 01:26:01,688 - root - INFO - Fetched weather for Egyek: 12.9°C, Clouds, humidity: 76%
2026-05-20 01:26:02,789 - root - INFO - [783/1205] Fetching weather for Tiszafüred...
2026-05-20 01:26:02,841 - root - INFO - Fetched weather for Tiszafüred: 12.8°C, Clouds, humidity: 76%
2026-05-20 01:26:03,942 - root - INFO - [784/1205] Fetching weather for Poroszló...
2026-05-20 01:26:03,995 - root - INFO - Fetched weather for Poroszló: 12.8°C, Clouds, humidity: 76%
2026-05-20 01:26:05,097 - root - INFO - [785/1205] Fetching weather for Kétútköz...
2026-05-20 01:26:05,159 - root - INFO - Fetched weather for Kétútköz: 12.8°C, Clouds, humidity: 76%
2026-05-20 01:26:06,261 - root - INFO - [786/1205] Fetching weather for Egerfarmos...
2026-05-20 01:26:06,324 - root - INFO - Fetched weather for Egerfarmos: 12.7°C, Clouds, humidity: 76%
2026-05-20 01:26:07,425 - root - INFO - [787/1205] Fetching weather for Piliscsaba...
2026-05-20 01:26:07,488 - root - INFO - Fetched weather for Piliscsaba: 11.9°C, Clear, humidity: 74%
2026-05-20 01:26:08,590 - root - INFO - [788/1205] Fetching weather for Pilisjászfalu...
2026-05-20 01:26:08,644 - root - INFO - Fetched weather for Pilisjászfalu: 12.3°C, Clear, humidity: 80%
2026-05-20 01:26:09,745 - root - INFO - [789/1205] Fetching weather for Leányvár...
2026-05-20 01:26:09,798 - root - INFO - Fetched weather for Leányvár: 12.4°C, Clear, humidity: 80%
2026-05-20 01:26:10,900 - root - INFO - [790/1205] Fetching weather for Dorog...
2026-05-20 01:26:10,953 - root - INFO - Fetched weather for Dorog: 12.0°C, Clear, humidity: 80%
2026-05-20 01:26:12,054 - root - INFO - [791/1205] Fetching weather for Esztergom-Kertváros...
2026-05-20 01:26:12,114 - root - INFO - Fetched weather for Esztergom-Kertváros: 12.0°C, Clear, humidity: 80%
2026-05-20 01:26:13,216 - root - INFO - [792/1205] Fetching weather for Esztergom...
2026-05-20 01:26:13,269 - root - INFO - Fetched weather for Esztergom: 11.7°C, Clear, humidity: 80%
2026-05-20 01:26:14,371 - root - INFO - [793/1205] Fetching weather for Dunaalmás...
2026-05-20 01:26:14,425 - root - INFO - Fetched weather for Dunaalmás: 11.7°C, Clear, humidity: 78%
2026-05-20 01:26:15,526 - root - INFO - [794/1205] Fetching weather for Neszmély...
2026-05-20 01:26:15,603 - root - INFO - Fetched weather for Neszmély: 11.7°C, Clear, humidity: 78%
2026-05-20 01:26:16,704 - root - INFO - [795/1205] Fetching weather for Süttő...
2026-05-20 01:26:16,767 - root - INFO - Fetched weather for Süttő: 11.8°C, Clear, humidity: 78%
2026-05-20 01:26:17,868 - root - INFO - [796/1205] Fetching weather for Piszke...
2026-05-20 01:26:17,923 - root - INFO - Fetched weather for Piszke: 11.8°C, Clear, humidity: 79%
2026-05-20 01:26:19,024 - root - INFO - [797/1205] Fetching weather for Lábatlan...
2026-05-20 01:26:19,077 - root - INFO - Fetched weather for Lábatlan: 11.9°C, Clear, humidity: 79%
2026-05-20 01:26:20,179 - root - INFO - [798/1205] Fetching weather for Eternitgyár...
2026-05-20 01:26:20,231 - root - INFO - Fetched weather for Eternitgyár: 11.9°C, Clear, humidity: 79%
2026-05-20 01:26:21,333 - root - INFO - [799/1205] Fetching weather for Nyergesújfalu felső...
2026-05-20 01:26:21,388 - root - INFO - Fetched weather for Nyergesújfalu felső: 11.9°C, Clear, humidity: 79%
2026-05-20 01:26:22,489 - root - INFO - [800/1205] Fetching weather for Nyergesújfalu...
2026-05-20 01:26:22,540 - root - INFO - Fetched weather for Nyergesújfalu: 11.8°C, Clear, humidity: 79%
2026-05-20 01:26:23,642 - root - INFO - [801/1205] Fetching weather for Tokod...
2026-05-20 01:26:23,694 - root - INFO - Fetched weather for Tokod: 12.0°C, Clear, humidity: 80%
2026-05-20 01:26:24,796 - root - INFO - [802/1205] Fetching weather for Környe...
2026-05-20 01:26:24,847 - root - INFO - Fetched weather for Környe: 11.6°C, Clear, humidity: 79%
2026-05-20 01:26:25,949 - root - INFO - [803/1205] Fetching weather for Kecskéd alsó...
2026-05-20 01:26:26,006 - root - INFO - Fetched weather for Kecskéd alsó: 11.6°C, Clear, humidity: 79%
2026-05-20 01:26:27,108 - root - INFO - [804/1205] Fetching weather for Oroszlány...
2026-05-20 01:26:27,160 - root - INFO - Fetched weather for Oroszlány: 11.5°C, Clear, humidity: 79%
2026-05-20 01:26:28,261 - root - INFO - [805/1205] Fetching weather for Győrszabadhegy...
2026-05-20 01:26:28,324 - root - INFO - Fetched weather for Győrszabadhegy: 8.1°C, Clear, humidity: 93%
2026-05-20 01:26:29,426 - root - INFO - [806/1205] Fetching weather for Ménfőcsanak felső...
2026-05-20 01:26:29,482 - root - INFO - Fetched weather for Ménfőcsanak felső: 8.1°C, Clear, humidity: 93%
2026-05-20 01:26:30,584 - root - INFO - [807/1205] Fetching weather for Gyömöre-Tét...
2026-05-20 01:26:30,635 - root - INFO - Fetched weather for Gyömöre-Tét: 7.0°C, Clear, humidity: 100%
2026-05-20 01:26:31,737 - root - INFO - [808/1205] Fetching weather for Szerecseny...
2026-05-20 01:26:31,789 - root - INFO - Fetched weather for Szerecseny: 7.0°C, Clear, humidity: 100%
2026-05-20 01:26:32,891 - root - INFO - [809/1205] Fetching weather for Gecse-Gyarmat...
2026-05-20 01:26:32,943 - root - INFO - Fetched weather for Gecse-Gyarmat: 7.0°C, Clear, humidity: 100%
2026-05-20 01:26:34,045 - root - INFO - [810/1205] Fetching weather for Vaszar...
2026-05-20 01:26:34,111 - root - INFO - Fetched weather for Vaszar: 7.1°C, Clear, humidity: 100%
2026-05-20 01:26:35,213 - root - INFO - [811/1205] Fetching weather for Pápa...
2026-05-20 01:26:35,270 - root - INFO - Fetched weather for Pápa: 7.0°C, Clear, humidity: 100%
2026-05-20 01:26:36,371 - root - INFO - [812/1205] Fetching weather for Mezőlak...
2026-05-20 01:26:36,424 - root - INFO - Fetched weather for Mezőlak: 7.1°C, Clear, humidity: 100%
2026-05-20 01:26:37,525 - root - INFO - [813/1205] Fetching weather for Mihályháza...
2026-05-20 01:26:37,583 - root - INFO - Fetched weather for Mihályháza: 7.1°C, Clear, humidity: 100%
2026-05-20 01:26:38,684 - root - INFO - [814/1205] Fetching weather for Vinár...
2026-05-20 01:26:38,739 - root - INFO - Fetched weather for Vinár: 7.1°C, Clear, humidity: 100%
2026-05-20 01:26:39,840 - root - INFO - [815/1205] Fetching weather for Külsővat...
2026-05-20 01:26:39,894 - root - INFO - Fetched weather for Külsővat: 7.1°C, Clear, humidity: 82%
2026-05-20 01:26:40,996 - root - INFO - [816/1205] Fetching weather for Celldömölk...
2026-05-20 01:26:41,057 - root - INFO - Fetched weather for Celldömölk: 7.1°C, Clear, humidity: 81%
2026-05-20 01:26:42,159 - root - INFO - [817/1205] Fetching weather for Kemenesmihályfa...
2026-05-20 01:26:42,212 - root - INFO - Fetched weather for Kemenesmihályfa: 11.0°C, Clear, humidity: 81%
2026-05-20 01:26:43,313 - root - INFO - [818/1205] Fetching weather for Nagysimonyi...
2026-05-20 01:26:43,369 - root - INFO - Fetched weather for Nagysimonyi: 11.1°C, Clear, humidity: 80%
2026-05-20 01:26:44,470 - root - INFO - [819/1205] Fetching weather for Ostffyasszonyfa...
2026-05-20 01:26:44,521 - root - INFO - Fetched weather for Ostffyasszonyfa: 11.2°C, Clear, humidity: 81%
2026-05-20 01:26:45,623 - root - INFO - [820/1205] Fetching weather for Sárvár...
2026-05-20 01:26:45,677 - root - INFO - Fetched weather for Sárvár: 11.2°C, Clouds, humidity: 80%
2026-05-20 01:26:46,779 - root - INFO - [821/1205] Fetching weather for Porpác...
2026-05-20 01:26:46,840 - root - INFO - Fetched weather for Porpác: 11.2°C, Clouds, humidity: 80%
2026-05-20 01:26:47,942 - root - INFO - [822/1205] Fetching weather for Balatonföldvár...
2026-05-20 01:26:47,993 - root - INFO - Fetched weather for Balatonföldvár: 15.0°C, Clear, humidity: 43%
2026-05-20 01:26:49,095 - root - INFO - [823/1205] Fetching weather for Balatonszárszó...
2026-05-20 01:26:49,157 - root - INFO - Fetched weather for Balatonszárszó: 15.0°C, Clear, humidity: 43%
2026-05-20 01:26:50,258 - root - INFO - [824/1205] Fetching weather for Balatonszemes...
2026-05-20 01:26:50,311 - root - INFO - Fetched weather for Balatonszemes: 15.0°C, Clear, humidity: 43%
2026-05-20 01:26:51,412 - root - INFO - [825/1205] Fetching weather for Balatonlelle felső...
2026-05-20 01:26:51,464 - root - INFO - Fetched weather for Balatonlelle felső: 15.0°C, Clear, humidity: 43%
2026-05-20 01:26:52,566 - root - INFO - [826/1205] Fetching weather for Balatonlelle...
2026-05-20 01:26:52,625 - root - INFO - Fetched weather for Balatonlelle: 14.9°C, Clear, humidity: 65%
2026-05-20 01:26:53,727 - root - INFO - [827/1205] Fetching weather for Fonyódliget...
2026-05-20 01:26:53,782 - root - INFO - Fetched weather for Fonyódliget: 15.0°C, Clouds, humidity: 68%
2026-05-20 01:26:54,883 - root - INFO - [828/1205] Fetching weather for Balatonboglár...
2026-05-20 01:26:54,941 - root - INFO - Fetched weather for Balatonboglár: 15.0°C, Clear, humidity: 66%
2026-05-20 01:26:56,043 - root - INFO - [829/1205] Fetching weather for Balatonfenyves alsó...
2026-05-20 01:26:56,100 - root - INFO - Fetched weather for Balatonfenyves alsó: 10.1°C, Clear, humidity: 73%
2026-05-20 01:26:57,203 - root - INFO - [830/1205] Fetching weather for Fonyód...
2026-05-20 01:26:57,256 - root - INFO - Fetched weather for Fonyód: 12.3°C, Clouds, humidity: 69%
2026-05-20 01:26:58,357 - root - INFO - [831/1205] Fetching weather for Bélatelep...
2026-05-20 01:26:58,415 - root - INFO - Fetched weather for Bélatelep: 10.1°C, Clouds, humidity: 70%
2026-05-20 01:26:59,517 - root - INFO - [832/1205] Fetching weather for Alsóbélatelep...
2026-05-20 01:26:59,571 - root - INFO - Fetched weather for Alsóbélatelep: 10.1°C, Clouds, humidity: 70%
2026-05-20 01:27:00,672 - root - INFO - [833/1205] Fetching weather for Balatonfenyves...
2026-05-20 01:27:00,719 - root - INFO - Fetched weather for Balatonfenyves: 10.1°C, Clear, humidity: 73%
2026-05-20 01:27:01,821 - root - INFO - [834/1205] Fetching weather for Máriahullámtelep...
2026-05-20 01:27:01,877 - root - INFO - Fetched weather for Máriahullámtelep: 10.1°C, Clear, humidity: 73%
2026-05-20 01:27:02,979 - root - INFO - [835/1205] Fetching weather for Balatonmáriafürdő...
2026-05-20 01:27:03,040 - root - INFO - Fetched weather for Balatonmáriafürdő: 10.1°C, Clear, humidity: 87%
2026-05-20 01:27:04,142 - root - INFO - [836/1205] Fetching weather for Balatonberény...
2026-05-20 01:27:04,199 - root - INFO - Fetched weather for Balatonberény: 10.1°C, Clear, humidity: 87%
2026-05-20 01:27:05,301 - root - INFO - [837/1205] Fetching weather for Balatonszentgyörgy...
2026-05-20 01:27:05,374 - root - INFO - Fetched weather for Balatonszentgyörgy: 10.1°C, Clear, humidity: 87%
2026-05-20 01:27:06,475 - root - INFO - [838/1205] Fetching weather for Vörs...
2026-05-20 01:27:06,533 - root - INFO - Fetched weather for Vörs: 10.1°C, Clear, humidity: 87%
2026-05-20 01:27:07,634 - root - INFO - [839/1205] Fetching weather for Zalaszentjakab...
2026-05-20 01:27:07,692 - root - INFO - Fetched weather for Zalaszentjakab: 9.9°C, Clear, humidity: 79%
2026-05-20 01:27:08,794 - root - INFO - [840/1205] Fetching weather for Nagykanizsa...
2026-05-20 01:27:08,846 - root - INFO - Fetched weather for Nagykanizsa: 11.6°C, Clear, humidity: 80%
2026-05-20 01:27:09,948 - root - INFO - [841/1205] Fetching weather for Murakeresztúr...
2026-05-20 01:27:10,000 - root - INFO - Fetched weather for Murakeresztúr: 11.6°C, Clouds, humidity: 82%
2026-05-20 01:27:11,102 - root - INFO - [842/1205] Fetching weather for Zalakomár...
2026-05-20 01:27:11,159 - root - INFO - Fetched weather for Zalakomár: 9.9°C, Clear, humidity: 87%
2026-05-20 01:27:12,261 - root - INFO - [843/1205] Fetching weather for Szárazrét...
2026-05-20 01:27:12,314 - root - INFO - Fetched weather for Szárazrét: 12.2°C, Clear, humidity: 74%
2026-05-20 01:27:13,416 - root - INFO - [844/1205] Fetching weather for Bodajk...
2026-05-20 01:27:13,473 - root - INFO - Fetched weather for Bodajk: 11.9°C, Clear, humidity: 75%
2026-05-20 01:27:14,574 - root - INFO - [845/1205] Fetching weather for Csókakő...
2026-05-20 01:27:14,634 - root - INFO - Fetched weather for Csókakő: 11.6°C, Clear, humidity: 76%
2026-05-20 01:27:15,736 - root - INFO - [846/1205] Fetching weather for Mór...
2026-05-20 01:27:15,787 - root - INFO - Fetched weather for Mór: 11.6°C, Clear, humidity: 77%
2026-05-20 01:27:16,889 - root - INFO - [847/1205] Fetching weather for Bakonysárkány...
2026-05-20 01:27:16,950 - root - INFO - Fetched weather for Bakonysárkány: 7.3°C, Clear, humidity: 79%
2026-05-20 01:27:18,051 - root - INFO - [848/1205] Fetching weather for Kisbér...
2026-05-20 01:27:18,108 - root - INFO - Fetched weather for Kisbér: 7.6°C, Clear, humidity: 81%
2026-05-20 01:27:19,210 - root - INFO - [849/1205] Fetching weather for Nagyigmánd-Bábolna...
2026-05-20 01:27:19,275 - root - INFO - Fetched weather for Nagyigmánd-Bábolna: 8.0°C, Clear, humidity: 93%
2026-05-20 01:27:20,377 - root - INFO - [850/1205] Fetching weather for Budapest-Déli...
2026-05-20 01:27:20,428 - root - INFO - Fetched weather for Budapest-Déli: 12.3°C, Clear, humidity: 77%
2026-05-20 01:27:21,530 - root - INFO - [851/1205] Fetching weather for Budapest-Kelenföld...
2026-05-20 01:27:21,580 - root - INFO - Fetched weather for Budapest-Kelenföld: 12.3°C, Clear, humidity: 77%
2026-05-20 01:27:22,682 - root - INFO - [852/1205] Fetching weather for Budaörs...
2026-05-20 01:27:22,733 - root - INFO - Fetched weather for Budaörs: 12.2°C, Clear, humidity: 77%
2026-05-20 01:27:23,835 - root - INFO - [853/1205] Fetching weather for Biatorbágy...
2026-05-20 01:27:23,888 - root - INFO - Fetched weather for Biatorbágy: 12.3°C, Clear, humidity: 75%
2026-05-20 01:27:24,990 - root - INFO - [854/1205] Fetching weather for Herceghalom...
2026-05-20 01:27:25,052 - root - INFO - Fetched weather for Herceghalom: 12.5°C, Clear, humidity: 74%
2026-05-20 01:27:26,153 - root - INFO - [855/1205] Fetching weather for Bicske...
2026-05-20 01:27:26,206 - root - INFO - Fetched weather for Bicske: 12.4°C, Clear, humidity: 79%
2026-05-20 01:27:27,308 - root - INFO - [856/1205] Fetching weather for Szár...
2026-05-20 01:27:27,361 - root - INFO - Fetched weather for Szár: 11.1°C, Clear, humidity: 79%
2026-05-20 01:27:28,463 - root - INFO - [857/1205] Fetching weather for Szárliget...
2026-05-20 01:27:28,511 - root - INFO - Fetched weather for Szárliget: 11.3°C, Clear, humidity: 79%
2026-05-20 01:27:29,613 - root - INFO - [858/1205] Fetching weather for Alsógalla...
2026-05-20 01:27:29,675 - root - INFO - Fetched weather for Alsógalla: 11.7°C, Clear, humidity: 79%
2026-05-20 01:27:30,777 - root - INFO - [859/1205] Fetching weather for Tatabánya...
2026-05-20 01:27:30,831 - root - INFO - Fetched weather for Tatabánya: 11.7°C, Clear, humidity: 79%
2026-05-20 01:27:31,932 - root - INFO - [860/1205] Fetching weather for Vértesszőlős...
2026-05-20 01:27:32,000 - root - INFO - Fetched weather for Vértesszőlős: 11.7°C, Clear, humidity: 79%
2026-05-20 01:27:33,102 - root - INFO - [861/1205] Fetching weather for Tóvároskert...
2026-05-20 01:27:33,162 - root - INFO - Fetched weather for Tóvároskert: 11.7°C, Clear, humidity: 79%
2026-05-20 01:27:34,263 - root - INFO - [862/1205] Fetching weather for Tata...
2026-05-20 01:27:34,331 - root - INFO - Fetched weather for Tata: 11.6°C, Clear, humidity: 79%
2026-05-20 01:27:35,433 - root - INFO - [863/1205] Fetching weather for Almásfüzitő...
2026-05-20 01:27:35,481 - root - INFO - Fetched weather for Almásfüzitő: 11.7°C, Clear, humidity: 78%
2026-05-20 01:27:36,582 - root - INFO - [864/1205] Fetching weather for Almásfüzitő felső...
2026-05-20 01:27:36,643 - root - INFO - Fetched weather for Almásfüzitő felső: 12.8°C, Clear, humidity: 78%
2026-05-20 01:27:37,744 - root - INFO - [865/1205] Fetching weather for Szőny...
2026-05-20 01:27:37,806 - root - INFO - Fetched weather for Szőny: 12.8°C, Clear, humidity: 78%
2026-05-20 01:27:38,908 - root - INFO - [866/1205] Fetching weather for Komárom...
2026-05-20 01:27:38,962 - root - INFO - Fetched weather for Komárom: 8.1°C, Clear, humidity: 78%
2026-05-20 01:27:40,063 - root - INFO - [867/1205] Fetching weather for Ács...
2026-05-20 01:27:40,113 - root - INFO - Fetched weather for Ács: 8.1°C, Clear, humidity: 93%
2026-05-20 01:27:41,215 - root - INFO - [868/1205] Fetching weather for Nagyszentjános...
2026-05-20 01:27:41,286 - root - INFO - Fetched weather for Nagyszentjános: 8.1°C, Clear, humidity: 93%
2026-05-20 01:27:42,388 - root - INFO - [869/1205] Fetching weather for Győrszentiván...
2026-05-20 01:27:42,440 - root - INFO - Fetched weather for Győrszentiván: 8.1°C, Clear, humidity: 93%
2026-05-20 01:27:43,542 - root - INFO - [870/1205] Fetching weather for Győr-Gyárváros...
2026-05-20 01:27:43,594 - root - INFO - Fetched weather for Győr-Gyárváros: 8.1°C, Clear, humidity: 93%
2026-05-20 01:27:44,696 - root - INFO - [871/1205] Fetching weather for Győr...
2026-05-20 01:27:44,751 - root - INFO - Fetched weather for Győr: 8.1°C, Clear, humidity: 93%
2026-05-20 01:27:45,853 - root - INFO - [872/1205] Fetching weather for Öttevény...
2026-05-20 01:27:45,909 - root - INFO - Fetched weather for Öttevény: 8.1°C, Clear, humidity: 82%
2026-05-20 01:27:47,011 - root - INFO - [873/1205] Fetching weather for Lébény-Mosonszentmiklós...
2026-05-20 01:27:47,076 - root - INFO - Fetched weather for Lébény-Mosonszentmiklós: 11.3°C, Clear, humidity: 81%
2026-05-20 01:27:48,178 - root - INFO - [874/1205] Fetching weather for Kimle-Károlyháza...
2026-05-20 01:27:48,232 - root - INFO - Fetched weather for Kimle-Károlyháza: 11.3°C, Clouds, humidity: 80%
2026-05-20 01:27:49,334 - root - INFO - [875/1205] Fetching weather for Mosonmagyaróvár...
2026-05-20 01:27:49,392 - root - INFO - Fetched weather for Mosonmagyaróvár: 10.6°C, Clouds, humidity: 80%
2026-05-20 01:27:50,493 - root - INFO - [876/1205] Fetching weather for Levél...
2026-05-20 01:27:50,552 - root - INFO - Fetched weather for Levél: 10.6°C, Clouds, humidity: 80%
2026-05-20 01:27:51,653 - root - INFO - [877/1205] Fetching weather for Hegyeshalom...
2026-05-20 01:27:51,708 - root - INFO - Fetched weather for Hegyeshalom: 10.6°C, Clouds, humidity: 80%
2026-05-20 01:27:52,811 - root - INFO - [878/1205] Fetching weather for Óbuda...
2026-05-20 01:27:52,869 - root - INFO - Fetched weather for Óbuda: 12.5°C, Clear, humidity: 77%
2026-05-20 01:27:53,971 - root - INFO - [879/1205] Fetching weather for Üröm...
2026-05-20 01:27:54,029 - root - INFO - Fetched weather for Üröm: 12.4°C, Clear, humidity: 76%
2026-05-20 01:27:55,131 - root - INFO - [880/1205] Fetching weather for Solymár...
2026-05-20 01:27:55,183 - root - INFO - Fetched weather for Solymár: 12.2°C, Clear, humidity: 76%
2026-05-20 01:27:56,285 - root - INFO - [881/1205] Fetching weather for Pilisvörösvár...
2026-05-20 01:27:56,339 - root - INFO - Fetched weather for Pilisvörösvár: 12.1°C, Clear, humidity: 76%
2026-05-20 01:27:57,441 - root - INFO - [882/1205] Fetching weather for Klotildliget...
2026-05-20 01:27:57,506 - root - INFO - Fetched weather for Klotildliget: 11.8°C, Clear, humidity: 74%
2026-05-20 01:27:58,608 - root - INFO - [883/1205] Fetching weather for Kútvölgy...
2026-05-20 01:27:58,661 - root - INFO - Fetched weather for Kútvölgy: 13.3°C, Clouds, humidity: 84%
2026-05-20 01:27:59,763 - root - INFO - [884/1205] Fetching weather for Székkutas...
2026-05-20 01:27:59,822 - root - INFO - Fetched weather for Székkutas: 13.3°C, Clouds, humidity: 84%
2026-05-20 01:28:00,924 - root - INFO - [885/1205] Fetching weather for Kaposszentjakab...
2026-05-20 01:28:00,982 - root - INFO - Fetched weather for Kaposszentjakab: 12.2°C, Clear, humidity: 70%
2026-05-20 01:28:02,083 - root - INFO - [886/1205] Fetching weather for Kaposvár...
2026-05-20 01:28:02,134 - root - INFO - Fetched weather for Kaposvár: 12.1°C, Clear, humidity: 70%
2026-05-20 01:28:03,235 - root - INFO - [887/1205] Fetching weather for Kaposújlak...
2026-05-20 01:28:03,289 - root - INFO - Fetched weather for Kaposújlak: 12.1°C, Clear, humidity: 70%
2026-05-20 01:28:04,391 - root - INFO - [888/1205] Fetching weather for Kaposmérő...
2026-05-20 01:28:04,442 - root - INFO - Fetched weather for Kaposmérő: 12.0°C, Clear, humidity: 70%
2026-05-20 01:28:05,544 - root - INFO - [889/1205] Fetching weather for Kaposfő...
2026-05-20 01:28:05,608 - root - INFO - Fetched weather for Kaposfő: 11.9°C, Clear, humidity: 71%
2026-05-20 01:28:06,710 - root - INFO - [890/1205] Fetching weather for Kiskorpád...
2026-05-20 01:28:06,769 - root - INFO - Fetched weather for Kiskorpád: 11.8°C, Clear, humidity: 71%
2026-05-20 01:28:07,871 - root - INFO - [891/1205] Fetching weather for Jákó-Nagybajom...
2026-05-20 01:28:07,927 - root - INFO - Fetched weather for Jákó-Nagybajom: 11.8°C, Clear, humidity: 71%
2026-05-20 01:28:09,029 - root - INFO - [892/1205] Fetching weather for Kutas...
2026-05-20 01:28:09,081 - root - INFO - Fetched weather for Kutas: 11.9°C, Clear, humidity: 72%
2026-05-20 01:28:10,182 - root - INFO - [893/1205] Fetching weather for Beleg...
2026-05-20 01:28:10,242 - root - INFO - Fetched weather for Beleg: 12.0°C, Clear, humidity: 72%
2026-05-20 01:28:11,343 - root - INFO - [894/1205] Fetching weather for Ötvöskónyi...
2026-05-20 01:28:11,395 - root - INFO - Fetched weather for Ötvöskónyi: 11.9°C, Clear, humidity: 72%
2026-05-20 01:28:12,497 - root - INFO - [895/1205] Fetching weather for Somogyszob...
2026-05-20 01:28:12,552 - root - INFO - Fetched weather for Somogyszob: 11.8°C, Clear, humidity: 73%
2026-05-20 01:28:13,654 - root - INFO - [896/1205] Fetching weather for Bolhás...
2026-05-20 01:28:13,713 - root - INFO - Fetched weather for Bolhás: 11.7°C, Clear, humidity: 74%
2026-05-20 01:28:14,815 - root - INFO - [897/1205] Fetching weather for Szenta...
2026-05-20 01:28:14,870 - root - INFO - Fetched weather for Szenta: 11.7°C, Clear, humidity: 75%
2026-05-20 01:28:15,971 - root - INFO - [898/1205] Fetching weather for Zrínyitelep...
2026-05-20 01:28:16,023 - root - INFO - Fetched weather for Zrínyitelep: 11.6°C, Clear, humidity: 76%
2026-05-20 01:28:17,125 - root - INFO - [899/1205] Fetching weather for Csurgó...
2026-05-20 01:28:17,178 - root - INFO - Fetched weather for Csurgó: 11.7°C, Clouds, humidity: 77%
2026-05-20 01:28:18,280 - root - INFO - [900/1205] Fetching weather for Gyékényes...
2026-05-20 01:28:18,335 - root - INFO - Fetched weather for Gyékényes: 11.4°C, Clouds, humidity: 80%
2026-05-20 01:28:19,437 - root - INFO - [901/1205] Fetching weather for Adony...
2026-05-20 01:28:19,495 - root - INFO - Fetched weather for Adony: 12.6°C, Clear, humidity: 80%
2026-05-20 01:28:20,597 - root - INFO - [902/1205] Fetching weather for Kulcs...
2026-05-20 01:28:20,664 - root - INFO - Fetched weather for Kulcs: 12.3°C, Clear, humidity: 80%
2026-05-20 01:28:21,765 - root - INFO - [903/1205] Fetching weather for Rácalmás...
2026-05-20 01:28:21,821 - root - INFO - Fetched weather for Rácalmás: 12.3°C, Clear, humidity: 80%
2026-05-20 01:28:22,922 - root - INFO - [904/1205] Fetching weather for Dunaújváros...
2026-05-20 01:28:22,983 - root - INFO - Fetched weather for Dunaújváros: 12.3°C, Clear, humidity: 80%
2026-05-20 01:28:24,085 - root - INFO - [905/1205] Fetching weather for Újvenyim...
2026-05-20 01:28:24,151 - root - INFO - Fetched weather for Újvenyim: 12.4°C, Clear, humidity: 79%
2026-05-20 01:28:25,253 - root - INFO - [906/1205] Fetching weather for Mezőfalva...
2026-05-20 01:28:25,311 - root - INFO - Fetched weather for Mezőfalva: 12.3°C, Clear, humidity: 78%
2026-05-20 01:28:26,413 - root - INFO - [907/1205] Fetching weather for Nagykarácsony felső...
2026-05-20 01:28:26,477 - root - INFO - Fetched weather for Nagykarácsony felső: 12.5°C, Clear, humidity: 78%
2026-05-20 01:28:27,579 - root - INFO - [908/1205] Fetching weather for Nagykarácsony...
2026-05-20 01:28:27,643 - root - INFO - Fetched weather for Nagykarácsony: 12.3°C, Clear, humidity: 77%
2026-05-20 01:28:28,744 - root - INFO - [909/1205] Fetching weather for Alap...
2026-05-20 01:28:28,802 - root - INFO - Fetched weather for Alap: 12.5°C, Clear, humidity: 75%
2026-05-20 01:28:29,903 - root - INFO - [910/1205] Fetching weather for Cece...
2026-05-20 01:28:29,966 - root - INFO - Fetched weather for Cece: 12.6°C, Clear, humidity: 74%
2026-05-20 01:28:31,068 - root - INFO - [911/1205] Fetching weather for Vajta...
2026-05-20 01:28:31,122 - root - INFO - Fetched weather for Vajta: 12.6°C, Clear, humidity: 74%
2026-05-20 01:28:32,223 - root - INFO - [912/1205] Fetching weather for Rétszilas alsó...
2026-05-20 01:28:32,278 - root - INFO - Fetched weather for Rétszilas alsó: 12.5°C, Clear, humidity: 75%
2026-05-20 01:28:33,380 - root - INFO - [913/1205] Fetching weather for Nagydorog...
2026-05-20 01:28:33,432 - root - INFO - Fetched weather for Nagydorog: 12.7°C, Clear, humidity: 74%
2026-05-20 01:28:34,534 - root - INFO - [914/1205] Fetching weather for Tengelic...
2026-05-20 01:28:34,592 - root - INFO - Fetched weather for Tengelic: 12.6°C, Clear, humidity: 74%
2026-05-20 01:28:35,694 - root - INFO - [915/1205] Fetching weather for Fácánkert...
2026-05-20 01:28:35,752 - root - INFO - Fetched weather for Fácánkert: 12.7°C, Clear, humidity: 73%
2026-05-20 01:28:36,854 - root - INFO - [916/1205] Fetching weather for Tolna-Mözs...
2026-05-20 01:28:36,909 - root - INFO - Fetched weather for Tolna-Mözs: 12.7°C, Clear, humidity: 74%
2026-05-20 01:28:38,011 - root - INFO - [917/1205] Fetching weather for Szekszárd-Palánk...
2026-05-20 01:28:38,065 - root - INFO - Fetched weather for Szekszárd-Palánk: 12.8°C, Clear, humidity: 73%
2026-05-20 01:28:39,167 - root - INFO - [918/1205] Fetching weather for Szekszárd...
2026-05-20 01:28:39,234 - root - INFO - Fetched weather for Szekszárd: 12.8°C, Clear, humidity: 72%
2026-05-20 01:28:40,336 - root - INFO - [919/1205] Fetching weather for Őcsény...
2026-05-20 01:28:40,394 - root - INFO - Fetched weather for Őcsény: 12.8°C, Clear, humidity: 72%
2026-05-20 01:28:41,496 - root - INFO - [920/1205] Fetching weather for Decs...
2026-05-20 01:28:41,552 - root - INFO - Fetched weather for Decs: 12.9°C, Clear, humidity: 72%
2026-05-20 01:28:42,654 - root - INFO - [921/1205] Fetching weather for Csikóstőttős...
2026-05-20 01:28:42,714 - root - INFO - Fetched weather for Csikóstőttős: 12.5°C, Clear, humidity: 69%
2026-05-20 01:28:43,816 - root - INFO - [922/1205] Fetching weather for Mágocs-Alsómocsolád...
2026-05-20 01:28:43,874 - root - INFO - Fetched weather for Mágocs-Alsómocsolád: 12.0°C, Clear, humidity: 69%
2026-05-20 01:28:44,976 - root - INFO - [923/1205] Fetching weather for Szalatnak...
2026-05-20 01:28:45,036 - root - INFO - Fetched weather for Szalatnak: 12.3°C, Clear, humidity: 68%
2026-05-20 01:28:46,138 - root - INFO - [924/1205] Fetching weather for Máza-Szászvár...
2026-05-20 01:28:46,192 - root - INFO - Fetched weather for Máza-Szászvár: 13.7°C, Clear, humidity: 68%
2026-05-20 01:28:47,294 - root - INFO - [925/1205] Fetching weather for Váralja...
2026-05-20 01:28:47,347 - root - INFO - Fetched weather for Váralja: 13.8°C, Clear, humidity: 68%
2026-05-20 01:28:48,449 - root - INFO - [926/1205] Fetching weather for Nagymányok...
2026-05-20 01:28:48,503 - root - INFO - Fetched weather for Nagymányok: 13.8°C, Clear, humidity: 68%
2026-05-20 01:28:49,605 - root - INFO - [927/1205] Fetching weather for Hidas-Bonyhád...
2026-05-20 01:28:49,659 - root - INFO - Fetched weather for Hidas-Bonyhád: 13.8°C, Clear, humidity: 69%
2026-05-20 01:28:50,761 - root - INFO - [928/1205] Fetching weather for Mőcsény...
2026-05-20 01:28:50,810 - root - INFO - Fetched weather for Mőcsény: 13.8°C, Clear, humidity: 69%
2026-05-20 01:28:51,912 - root - INFO - [929/1205] Fetching weather for Bátaszék...
2026-05-20 01:28:51,963 - root - INFO - Fetched weather for Bátaszék: 14.1°C, Clear, humidity: 70%
2026-05-20 01:28:53,065 - root - INFO - [930/1205] Fetching weather for Pörböly...
2026-05-20 01:28:53,118 - root - INFO - Fetched weather for Pörböly: 12.8°C, Clear, humidity: 73%
2026-05-20 01:28:54,220 - root - INFO - [931/1205] Fetching weather for Orosháza...
2026-05-20 01:28:54,288 - root - INFO - Fetched weather for Orosháza: 12.8°C, Clear, humidity: 84%
2026-05-20 01:28:55,389 - root - INFO - [932/1205] Fetching weather for Orosházi tanyák...
2026-05-20 01:28:55,449 - root - INFO - Fetched weather for Orosházi tanyák: 12.2°C, Clouds, humidity: 84%
2026-05-20 01:28:56,551 - root - INFO - [933/1205] Fetching weather for Csorvás...
2026-05-20 01:28:56,610 - root - INFO - Fetched weather for Csorvás: 12.2°C, Clouds, humidity: 84%
2026-05-20 01:28:57,712 - root - INFO - [934/1205] Fetching weather for Csorvás alsó...
2026-05-20 01:28:57,763 - root - INFO - Fetched weather for Csorvás alsó: 12.2°C, Clouds, humidity: 81%
2026-05-20 01:28:58,865 - root - INFO - [935/1205] Fetching weather for Telekgerendás...
2026-05-20 01:28:58,922 - root - INFO - Fetched weather for Telekgerendás: 12.2°C, Clouds, humidity: 81%
2026-05-20 01:29:00,024 - root - INFO - [936/1205] Fetching weather for Fürjes...
2026-05-20 01:29:00,089 - root - INFO - Fetched weather for Fürjes: 12.2°C, Clouds, humidity: 81%
2026-05-20 01:29:01,191 - root - INFO - [937/1205] Fetching weather for Fényes...
2026-05-20 01:29:01,244 - root - INFO - Fetched weather for Fényes: 12.2°C, Clouds, humidity: 81%
2026-05-20 01:29:02,346 - root - INFO - [938/1205] Fetching weather for Bicere...
2026-05-20 01:29:02,404 - root - INFO - Fetched weather for Bicere: 12.2°C, Clouds, humidity: 81%
2026-05-20 01:29:03,506 - root - INFO - [939/1205] Fetching weather for Gyula...
2026-05-20 01:29:03,558 - root - INFO - Fetched weather for Gyula: 12.2°C, Clouds, humidity: 81%
2026-05-20 01:29:04,660 - root - INFO - [940/1205] Fetching weather for József Szanatórium...
2026-05-20 01:29:04,713 - root - INFO - Fetched weather for József Szanatórium: 12.2°C, Clouds, humidity: 81%
2026-05-20 01:29:05,815 - root - INFO - [941/1205] Fetching weather for Sarkadi Cukorgyár...
2026-05-20 01:29:05,875 - root - INFO - Fetched weather for Sarkadi Cukorgyár: 12.2°C, Clouds, humidity: 81%
2026-05-20 01:29:06,977 - root - INFO - [942/1205] Fetching weather for Sarkad...
2026-05-20 01:29:07,029 - root - INFO - Fetched weather for Sarkad: 12.2°C, Clouds, humidity: 85%
2026-05-20 01:29:08,131 - root - INFO - [943/1205] Fetching weather for Kötegyán...
2026-05-20 01:29:08,190 - root - INFO - Fetched weather for Kötegyán: 12.2°C, Clouds, humidity: 85%
2026-05-20 01:29:09,291 - root - INFO - [944/1205] Fetching weather for Méhkerék...
2026-05-20 01:29:09,343 - root - INFO - Fetched weather for Méhkerék: 12.2°C, Clouds, humidity: 85%
2026-05-20 01:29:10,445 - root - INFO - [945/1205] Fetching weather for Sarkadkeresztúr...
2026-05-20 01:29:10,500 - root - INFO - Fetched weather for Sarkadkeresztúr: 12.2°C, Clouds, humidity: 84%
2026-05-20 01:29:11,602 - root - INFO - [946/1205] Fetching weather for Okány...
2026-05-20 01:29:11,654 - root - INFO - Fetched weather for Okány: 12.2°C, Clouds, humidity: 84%
2026-05-20 01:29:12,756 - root - INFO - [947/1205] Fetching weather for Újszeged...
2026-05-20 01:29:12,812 - root - INFO - Fetched weather for Újszeged: 12.9°C, Clouds, humidity: 83%
2026-05-20 01:29:13,914 - root - INFO - [948/1205] Fetching weather for Szőreg...
2026-05-20 01:29:13,964 - root - INFO - Fetched weather for Szőreg: 12.8°C, Clouds, humidity: 84%
2026-05-20 01:29:15,066 - root - INFO - [949/1205] Fetching weather for Deszk...
2026-05-20 01:29:15,115 - root - INFO - Fetched weather for Deszk: 12.9°C, Clouds, humidity: 85%
2026-05-20 01:29:16,217 - root - INFO - [950/1205] Fetching weather for Kiszombor...
2026-05-20 01:29:16,277 - root - INFO - Fetched weather for Kiszombor: 12.6°C, Clouds, humidity: 86%
2026-05-20 01:29:17,379 - root - INFO - [951/1205] Fetching weather for Kiszombor megálló...
2026-05-20 01:29:17,434 - root - INFO - Fetched weather for Kiszombor megálló: 12.6°C, Clouds, humidity: 86%
2026-05-20 01:29:18,535 - root - INFO - [952/1205] Fetching weather for Makó...
2026-05-20 01:29:18,589 - root - INFO - Fetched weather for Makó: 12.6°C, Clouds, humidity: 87%
2026-05-20 01:29:19,691 - root - INFO - [953/1205] Fetching weather for Apátfalva...
2026-05-20 01:29:19,749 - root - INFO - Fetched weather for Apátfalva: 12.5°C, Clear, humidity: 88%
2026-05-20 01:29:20,851 - root - INFO - [954/1205] Fetching weather for Magyarcsanád...
2026-05-20 01:29:20,924 - root - INFO - Fetched weather for Magyarcsanád: 12.4°C, Clear, humidity: 88%
2026-05-20 01:29:22,026 - root - INFO - [955/1205] Fetching weather for Nagylak...
2026-05-20 01:29:22,084 - root - INFO - Fetched weather for Nagylak: 12.3°C, Clouds, humidity: 90%
2026-05-20 01:29:23,186 - root - INFO - [956/1205] Fetching weather for Nagylaki Kendergyár...
2026-05-20 01:29:23,253 - root - INFO - Fetched weather for Nagylaki Kendergyár: 12.4°C, Clouds, humidity: 89%
2026-05-20 01:29:24,355 - root - INFO - [957/1205] Fetching weather for Csanádpalota...
2026-05-20 01:29:24,417 - root - INFO - Fetched weather for Csanádpalota: 12.4°C, Clouds, humidity: 89%
2026-05-20 01:29:25,518 - root - INFO - [958/1205] Fetching weather for Mezőhegyes...
2026-05-20 01:29:25,573 - root - INFO - Fetched weather for Mezőhegyes: 12.3°C, Clouds, humidity: 89%
2026-05-20 01:29:26,675 - root - INFO - [959/1205] Fetching weather for Végegyháza...
2026-05-20 01:29:26,739 - root - INFO - Fetched weather for Végegyháza: 12.4°C, Clouds, humidity: 89%
2026-05-20 01:29:27,841 - root - INFO - [960/1205] Fetching weather for Mezőkovácsháza...
2026-05-20 01:29:27,896 - root - INFO - Fetched weather for Mezőkovácsháza: 12.4°C, Clouds, humidity: 88%
2026-05-20 01:29:28,998 - root - INFO - [961/1205] Fetching weather for Mezőkovácsháza felső...
2026-05-20 01:29:29,063 - root - INFO - Fetched weather for Mezőkovácsháza felső: 12.3°C, Clouds, humidity: 88%
2026-05-20 01:29:30,165 - root - INFO - [962/1205] Fetching weather for Magyarbánhegyes...
2026-05-20 01:29:30,222 - root - INFO - Fetched weather for Magyarbánhegyes: 12.2°C, Clouds, humidity: 88%
2026-05-20 01:29:31,323 - root - INFO - [963/1205] Fetching weather for Medgyesegyháza...
2026-05-20 01:29:31,378 - root - INFO - Fetched weather for Medgyesegyháza: 12.1°C, Clouds, humidity: 87%
2026-05-20 01:29:32,479 - root - INFO - [964/1205] Fetching weather for Bánkút...
2026-05-20 01:29:32,532 - root - INFO - Fetched weather for Bánkút: 12.2°C, Clouds, humidity: 81%
2026-05-20 01:29:33,634 - root - INFO - [965/1205] Fetching weather for Belsőperegpuszta...
2026-05-20 01:29:33,687 - root - INFO - Fetched weather for Belsőperegpuszta: 12.2°C, Clouds, humidity: 90%
2026-05-20 01:29:34,789 - root - INFO - [966/1205] Fetching weather for Battonya...
2026-05-20 01:29:34,843 - root - INFO - Fetched weather for Battonya: 11.0°C, Clouds, humidity: 92%
2026-05-20 01:29:35,944 - root - INFO - [967/1205] Fetching weather for Baja-Dunafürdő...
2026-05-20 01:29:36,010 - root - INFO - Fetched weather for Baja-Dunafürdő: 12.8°C, Clear, humidity: 75%
2026-05-20 01:29:37,112 - root - INFO - [968/1205] Fetching weather for Kaposszekcső...
2026-05-20 01:29:37,166 - root - INFO - Fetched weather for Kaposszekcső: 12.5°C, Clear, humidity: 69%
2026-05-20 01:29:38,267 - root - INFO - [969/1205] Fetching weather for Vásárosdombó...
2026-05-20 01:29:38,319 - root - INFO - Fetched weather for Vásárosdombó: 12.4°C, Clear, humidity: 69%
2026-05-20 01:29:39,421 - root - INFO - [970/1205] Fetching weather for Sásd...
2026-05-20 01:29:39,475 - root - INFO - Fetched weather for Sásd: 12.3°C, Clear, humidity: 68%
2026-05-20 01:29:40,577 - root - INFO - [971/1205] Fetching weather for Godisa...
2026-05-20 01:29:40,638 - root - INFO - Fetched weather for Godisa: 13.4°C, Clouds, humidity: 68%
2026-05-20 01:29:41,739 - root - INFO - [972/1205] Fetching weather for Abaliget...
2026-05-20 01:29:41,794 - root - INFO - Fetched weather for Abaliget: 13.0°C, Clouds, humidity: 67%
2026-05-20 01:29:42,896 - root - INFO - [973/1205] Fetching weather for Hetvehely...
2026-05-20 01:29:42,956 - root - INFO - Fetched weather for Hetvehely: 13.2°C, Clouds, humidity: 68%
2026-05-20 01:29:44,057 - root - INFO - [974/1205] Fetching weather for Bükkösd...
2026-05-20 01:29:44,119 - root - INFO - Fetched weather for Bükkösd: 13.4°C, Clouds, humidity: 68%
2026-05-20 01:29:45,220 - root - INFO - [975/1205] Fetching weather for Cserdi-Helesfa...
2026-05-20 01:29:45,284 - root - INFO - Fetched weather for Cserdi-Helesfa: 13.4°C, Clouds, humidity: 68%
2026-05-20 01:29:46,386 - root - INFO - [976/1205] Fetching weather for Szentlőrinc...
2026-05-20 01:29:46,443 - root - INFO - Fetched weather for Szentlőrinc: 13.5°C, Clear, humidity: 62%
2026-05-20 01:29:47,545 - root - INFO - [977/1205] Fetching weather for Bicsérd...
2026-05-20 01:29:47,602 - root - INFO - Fetched weather for Bicsérd: 13.4°C, Clear, humidity: 62%
2026-05-20 01:29:48,704 - root - INFO - [978/1205] Fetching weather for Mecsekalja-Cserkút...
2026-05-20 01:29:48,763 - root - INFO - Fetched weather for Mecsekalja-Cserkút: 13.5°C, Clear, humidity: 62%
2026-05-20 01:29:49,865 - root - INFO - [979/1205] Fetching weather for Pécs...
2026-05-20 01:29:49,921 - root - INFO - Fetched weather for Pécs: 13.5°C, Clear, humidity: 62%
2026-05-20 01:29:51,023 - root - INFO - [980/1205] Fetching weather for Pécs-Külváros...
2026-05-20 01:29:51,090 - root - INFO - Fetched weather for Pécs-Külváros: 13.4°C, Clear, humidity: 62%
2026-05-20 01:29:52,192 - root - INFO - [981/1205] Fetching weather for Pécsbánya-Rendező...
2026-05-20 01:29:52,257 - root - INFO - Fetched weather for Pécsbánya-Rendező: 13.3°C, Clear, humidity: 62%
2026-05-20 01:29:53,359 - root - INFO - [982/1205] Fetching weather for Pécsudvard...
2026-05-20 01:29:53,418 - root - INFO - Fetched weather for Pécsudvard: 13.2°C, Clear, humidity: 62%
2026-05-20 01:29:54,520 - root - INFO - [983/1205] Fetching weather for Szőkéd...
2026-05-20 01:29:54,576 - root - INFO - Fetched weather for Szőkéd: 13.4°C, Clear, humidity: 62%
2026-05-20 01:29:55,677 - root - INFO - [984/1205] Fetching weather for Áta...
2026-05-20 01:29:55,733 - root - INFO - Fetched weather for Áta: 13.5°C, Clear, humidity: 62%
2026-05-20 01:29:56,835 - root - INFO - [985/1205] Fetching weather for Kistótfalu...
2026-05-20 01:29:56,889 - root - INFO - Fetched weather for Kistótfalu: 13.5°C, Clear, humidity: 62%
2026-05-20 01:29:57,991 - root - INFO - [986/1205] Fetching weather for Vokány...
2026-05-20 01:29:58,050 - root - INFO - Fetched weather for Vokány: 13.5°C, Clear, humidity: 62%
2026-05-20 01:29:59,152 - root - INFO - [987/1205] Fetching weather for Palkonya...
2026-05-20 01:29:59,208 - root - INFO - Fetched weather for Palkonya: 13.5°C, Clear, humidity: 62%
2026-05-20 01:30:00,309 - root - INFO - [988/1205] Fetching weather for Villánykövesd...
2026-05-20 01:30:00,365 - root - INFO - Fetched weather for Villánykövesd: 13.9°C, Clear, humidity: 62%
2026-05-20 01:30:01,466 - root - INFO - [989/1205] Fetching weather for Villány...
2026-05-20 01:30:01,526 - root - INFO - Fetched weather for Villány: 14.1°C, Clouds, humidity: 62%
2026-05-20 01:30:02,628 - root - INFO - [990/1205] Fetching weather for Magyarbóly...
2026-05-20 01:30:02,680 - root - INFO - Fetched weather for Magyarbóly: 14.1°C, Clouds, humidity: 68%
2026-05-20 01:30:03,782 - root - INFO - [991/1205] Fetching weather for Magyarszék...
2026-05-20 01:30:03,853 - root - INFO - Fetched weather for Magyarszék: 13.2°C, Clouds, humidity: 70%
2026-05-20 01:30:04,955 - root - INFO - [992/1205] Fetching weather for Mecsekpölöske...
2026-05-20 01:30:05,009 - root - INFO - Fetched weather for Mecsekpölöske: 13.1°C, Clouds, humidity: 70%
2026-05-20 01:30:06,110 - root - INFO - [993/1205] Fetching weather for Mecsekjánosi...
2026-05-20 01:30:06,164 - root - INFO - Fetched weather for Mecsekjánosi: 13.1°C, Clouds, humidity: 70%
2026-05-20 01:30:07,265 - root - INFO - [994/1205] Fetching weather for Komló...
2026-05-20 01:30:07,316 - root - INFO - Fetched weather for Komló: 12.8°C, Clouds, humidity: 69%
2026-05-20 01:30:08,418 - root - INFO - [995/1205] Fetching weather for Királyegyháza-Rigópuszta...
2026-05-20 01:30:08,515 - root - INFO - Fetched weather for Királyegyháza-Rigópuszta: 13.6°C, Clouds, humidity: 69%
2026-05-20 01:30:09,617 - root - INFO - [996/1205] Fetching weather for Sumony...
2026-05-20 01:30:09,672 - root - INFO - Fetched weather for Sumony: 13.6°C, Clouds, humidity: 71%
2026-05-20 01:30:10,774 - root - INFO - [997/1205] Fetching weather for Okorág-Kárászpuszta...
2026-05-20 01:30:10,832 - root - INFO - Fetched weather for Okorág-Kárászpuszta: 13.6°C, Clouds, humidity: 72%
2026-05-20 01:30:11,933 - root - INFO - [998/1205] Fetching weather for Kákics...
2026-05-20 01:30:12,004 - root - INFO - Fetched weather for Kákics: 12.1°C, Clouds, humidity: 73%
2026-05-20 01:30:13,106 - root - INFO - [999/1205] Fetching weather for Bóly...
2026-05-20 01:30:13,183 - root - INFO - Fetched weather for Bóly: 13.9°C, Clouds, humidity: 62%
2026-05-20 01:30:14,285 - root - INFO - [1000/1205] Fetching weather for Mohács...
2026-05-20 01:30:14,344 - root - INFO - Fetched weather for Mohács: 14.1°C, Clouds, humidity: 62%
2026-05-20 01:30:15,446 - root - INFO - [1001/1205] Fetching weather for Sellye...
2026-05-20 01:30:15,505 - root - INFO - Fetched weather for Sellye: 12.1°C, Clouds, humidity: 74%
2026-05-20 01:30:16,608 - root - INFO - [1002/1205] Fetching weather for Toponár...
2026-05-20 01:30:16,664 - root - INFO - Fetched weather for Toponár: 12.1°C, Clear, humidity: 71%
2026-05-20 01:30:17,766 - root - INFO - [1003/1205] Fetching weather for Somogyaszaló...
2026-05-20 01:30:17,818 - root - INFO - Fetched weather for Somogyaszaló: 12.0°C, Clear, humidity: 70%
2026-05-20 01:30:18,919 - root - INFO - [1004/1205] Fetching weather for Mernye...
2026-05-20 01:30:18,975 - root - INFO - Fetched weather for Mernye: 12.2°C, Clear, humidity: 70%
2026-05-20 01:30:20,077 - root - INFO - [1005/1205] Fetching weather for Felsőmocsolád...
2026-05-20 01:30:20,139 - root - INFO - Fetched weather for Felsőmocsolád: 12.1°C, Clear, humidity: 70%
2026-05-20 01:30:21,241 - root - INFO - [1006/1205] Fetching weather for Kisbárapáti...
2026-05-20 01:30:21,292 - root - INFO - Fetched weather for Kisbárapáti: 12.0°C, Clear, humidity: 69%
2026-05-20 01:30:22,394 - root - INFO - [1007/1205] Fetching weather for Bonnya...
2026-05-20 01:30:22,446 - root - INFO - Fetched weather for Bonnya: 12.3°C, Clear, humidity: 69%
2026-05-20 01:30:23,547 - root - INFO - [1008/1205] Fetching weather for Andocs...
2026-05-20 01:30:23,604 - root - INFO - Fetched weather for Andocs: 11.8°C, Clear, humidity: 69%
2026-05-20 01:30:24,706 - root - INFO - [1009/1205] Fetching weather for Karád...
2026-05-20 01:30:24,764 - root - INFO - Fetched weather for Karád: 14.7°C, Clear, humidity: 68%
2026-05-20 01:30:25,866 - root - INFO - [1010/1205] Fetching weather for Somogymeggyes...
2026-05-20 01:30:25,924 - root - INFO - Fetched weather for Somogymeggyes: 14.3°C, Clear, humidity: 68%
2026-05-20 01:30:27,026 - root - INFO - [1011/1205] Fetching weather for Kapoly...
2026-05-20 01:30:27,109 - root - INFO - Fetched weather for Kapoly: 14.6°C, Clear, humidity: 68%
2026-05-20 01:30:28,211 - root - INFO - [1012/1205] Fetching weather for Tab...
2026-05-20 01:30:28,291 - root - INFO - Fetched weather for Tab: 12.5°C, Clear, humidity: 68%
2026-05-20 01:30:29,393 - root - INFO - [1013/1205] Fetching weather for Bábonymegyer...
2026-05-20 01:30:29,448 - root - INFO - Fetched weather for Bábonymegyer: 12.6°C, Clear, humidity: 68%
2026-05-20 01:30:30,550 - root - INFO - [1014/1205] Fetching weather for Daránypuszta...
2026-05-20 01:30:30,612 - root - INFO - Fetched weather for Daránypuszta: 12.6°C, Clear, humidity: 68%
2026-05-20 01:30:31,714 - root - INFO - [1015/1205] Fetching weather for Som-Nagyberény...
2026-05-20 01:30:31,769 - root - INFO - Fetched weather for Som-Nagyberény: 12.6°C, Clear, humidity: 68%
2026-05-20 01:30:32,871 - root - INFO - [1016/1205] Fetching weather for Ádánd...
2026-05-20 01:30:32,924 - root - INFO - Fetched weather for Ádánd: 12.7°C, Clear, humidity: 68%
2026-05-20 01:30:34,026 - root - INFO - [1017/1205] Fetching weather for Siójut...
2026-05-20 01:30:34,076 - root - INFO - Fetched weather for Siójut: 12.7°C, Clear, humidity: 68%
2026-05-20 01:30:35,178 - root - INFO - [1018/1205] Fetching weather for Kapostüskevár...
2026-05-20 01:30:35,243 - root - INFO - Fetched weather for Kapostüskevár: 12.2°C, Clear, humidity: 71%
2026-05-20 01:30:36,345 - root - INFO - [1019/1205] Fetching weather for Kaposfüred...
2026-05-20 01:30:36,397 - root - INFO - Fetched weather for Kaposfüred: 12.1°C, Clear, humidity: 71%
2026-05-20 01:30:37,498 - root - INFO - [1020/1205] Fetching weather for Várda...
2026-05-20 01:30:37,553 - root - INFO - Fetched weather for Várda: 12.0°C, Clear, humidity: 71%
2026-05-20 01:30:38,655 - root - INFO - [1021/1205] Fetching weather for Somogyjád...
2026-05-20 01:30:38,708 - root - INFO - Fetched weather for Somogyjád: 12.1°C, Clear, humidity: 71%
2026-05-20 01:30:39,809 - root - INFO - [1022/1205] Fetching weather for Osztopán...
2026-05-20 01:30:39,867 - root - INFO - Fetched weather for Osztopán: 12.1°C, Clear, humidity: 71%
2026-05-20 01:30:40,969 - root - INFO - [1023/1205] Fetching weather for Pamuk...
2026-05-20 01:30:41,029 - root - INFO - Fetched weather for Pamuk: 12.3°C, Clear, humidity: 71%
2026-05-20 01:30:42,131 - root - INFO - [1024/1205] Fetching weather for Somogyvár...
2026-05-20 01:30:42,186 - root - INFO - Fetched weather for Somogyvár: 12.3°C, Clear, humidity: 71%
2026-05-20 01:30:43,288 - root - INFO - [1025/1205] Fetching weather for Öreglak...
2026-05-20 01:30:43,345 - root - INFO - Fetched weather for Öreglak: 12.4°C, Clear, humidity: 71%
2026-05-20 01:30:44,447 - root - INFO - [1026/1205] Fetching weather for Tatárvár...
2026-05-20 01:30:44,507 - root - INFO - Fetched weather for Tatárvár: 12.3°C, Clear, humidity: 71%
2026-05-20 01:30:45,608 - root - INFO - [1027/1205] Fetching weather for Lengyeltóti...
2026-05-20 01:30:45,672 - root - INFO - Fetched weather for Lengyeltóti: 12.4°C, Clear, humidity: 71%
2026-05-20 01:30:46,774 - root - INFO - [1028/1205] Fetching weather for Pusztaberény...
2026-05-20 01:30:46,825 - root - INFO - Fetched weather for Pusztaberény: 12.6°C, Clear, humidity: 70%
2026-05-20 01:30:47,927 - root - INFO - [1029/1205] Fetching weather for Örkény...
2026-05-20 01:30:47,989 - root - INFO - Fetched weather for Örkény: 12.2°C, Clear, humidity: 85%
2026-05-20 01:30:49,090 - root - INFO - [1030/1205] Fetching weather for Táborfalva...
2026-05-20 01:30:49,146 - root - INFO - Fetched weather for Táborfalva: 9.9°C, Clear, humidity: 85%
2026-05-20 01:30:50,248 - root - INFO - [1031/1205] Fetching weather for Felsőlajos...
2026-05-20 01:30:50,303 - root - INFO - Fetched weather for Felsőlajos: 9.9°C, Clear, humidity: 85%
2026-05-20 01:30:51,404 - root - INFO - [1032/1205] Fetching weather for Lajosmizse...
2026-05-20 01:30:51,464 - root - INFO - Fetched weather for Lajosmizse: 9.8°C, Clear, humidity: 93%
2026-05-20 01:30:52,566 - root - INFO - [1033/1205] Fetching weather for Lajosmizse alsó...
2026-05-20 01:30:52,618 - root - INFO - Fetched weather for Lajosmizse alsó: 9.8°C, Clear, humidity: 93%
2026-05-20 01:30:53,719 - root - INFO - [1034/1205] Fetching weather for Klábertelep...
2026-05-20 01:30:53,770 - root - INFO - Fetched weather for Klábertelep: 9.9°C, Clear, humidity: 93%
2026-05-20 01:30:54,871 - root - INFO - [1035/1205] Fetching weather for Méntelek...
2026-05-20 01:30:54,924 - root - INFO - Fetched weather for Méntelek: 9.9°C, Clear, humidity: 93%
2026-05-20 01:30:56,026 - root - INFO - [1036/1205] Fetching weather for Hetényegyháza...
2026-05-20 01:30:56,091 - root - INFO - Fetched weather for Hetényegyháza: 9.9°C, Clear, humidity: 93%
2026-05-20 01:30:57,192 - root - INFO - [1037/1205] Fetching weather for Kecskemét-Máriaváros...
2026-05-20 01:30:57,243 - root - INFO - Fetched weather for Kecskemét-Máriaváros: 10.0°C, Clear, humidity: 93%
2026-05-20 01:30:58,345 - root - INFO - [1038/1205] Fetching weather for Nyársapát...
2026-05-20 01:30:58,398 - root - INFO - Fetched weather for Nyársapát: 9.9°C, Clouds, humidity: 85%
2026-05-20 01:30:59,500 - root - INFO - [1039/1205] Fetching weather for Nagykőrös...
2026-05-20 01:30:59,562 - root - INFO - Fetched weather for Nagykőrös: 10.0°C, Clear, humidity: 93%
2026-05-20 01:31:00,664 - root - INFO - [1040/1205] Fetching weather for Katonatelep...
2026-05-20 01:31:00,718 - root - INFO - Fetched weather for Katonatelep: 9.9°C, Clear, humidity: 93%
2026-05-20 01:31:01,820 - root - INFO - [1041/1205] Fetching weather for Kecskemét...
2026-05-20 01:31:01,865 - root - INFO - Fetched weather for Kecskemét: 10.0°C, Clear, humidity: 93%
2026-05-20 01:31:02,966 - root - INFO - [1042/1205] Fetching weather for Városföld...
2026-05-20 01:31:03,025 - root - INFO - Fetched weather for Városföld: 10.0°C, Clear, humidity: 93%
2026-05-20 01:31:04,127 - root - INFO - [1043/1205] Fetching weather for Kiskunfélegyháza...
2026-05-20 01:31:04,180 - root - INFO - Fetched weather for Kiskunfélegyháza: 11.6°C, Clouds, humidity: 87%
2026-05-20 01:31:05,281 - root - INFO - [1044/1205] Fetching weather for Petőfiszállás...
2026-05-20 01:31:05,336 - root - INFO - Fetched weather for Petőfiszállás: 11.7°C, Clouds, humidity: 87%
2026-05-20 01:31:06,438 - root - INFO - [1045/1205] Fetching weather for Csengele...
2026-05-20 01:31:06,492 - root - INFO - Fetched weather for Csengele: 11.7°C, Clouds, humidity: 87%
2026-05-20 01:31:07,594 - root - INFO - [1046/1205] Fetching weather for Kistelek...
2026-05-20 01:31:07,655 - root - INFO - Fetched weather for Kistelek: 12.8°C, Clouds, humidity: 79%
2026-05-20 01:31:08,757 - root - INFO - [1047/1205] Fetching weather for Balástya...
2026-05-20 01:31:08,813 - root - INFO - Fetched weather for Balástya: 12.8°C, Clouds, humidity: 79%
2026-05-20 01:31:09,915 - root - INFO - [1048/1205] Fetching weather for Szatymaz...
2026-05-20 01:31:09,970 - root - INFO - Fetched weather for Szatymaz: 12.8°C, Clouds, humidity: 79%
2026-05-20 01:31:11,072 - root - INFO - [1049/1205] Fetching weather for Kiskundorozsma...
2026-05-20 01:31:11,135 - root - INFO - Fetched weather for Kiskundorozsma: 12.9°C, Clouds, humidity: 79%
2026-05-20 01:31:12,236 - root - INFO - [1050/1205] Fetching weather for Szeged...
2026-05-20 01:31:12,288 - root - INFO - Fetched weather for Szeged: 12.8°C, Clouds, humidity: 79%
2026-05-20 01:31:13,390 - root - INFO - [1051/1205] Fetching weather for Alsóúrrét...
2026-05-20 01:31:13,443 - root - INFO - Fetched weather for Alsóúrrét: 10.0°C, Clear, humidity: 93%
2026-05-20 01:31:14,545 - root - INFO - [1052/1205] Fetching weather for Nyárlőrinc...
2026-05-20 01:31:14,598 - root - INFO - Fetched weather for Nyárlőrinc: 10.1°C, Clear, humidity: 93%
2026-05-20 01:31:15,701 - root - INFO - [1053/1205] Fetching weather for Világoshegy...
2026-05-20 01:31:15,766 - root - INFO - Fetched weather for Világoshegy: 10.1°C, Clear, humidity: 93%
2026-05-20 01:31:16,868 - root - INFO - [1054/1205] Fetching weather for Szikra...
2026-05-20 01:31:16,920 - root - INFO - Fetched weather for Szikra: 10.8°C, Clear, humidity: 90%
2026-05-20 01:31:18,022 - root - INFO - [1055/1205] Fetching weather for Lakitelek...
2026-05-20 01:31:18,079 - root - INFO - Fetched weather for Lakitelek: 10.8°C, Clear, humidity: 93%
2026-05-20 01:31:19,180 - root - INFO - [1056/1205] Fetching weather for Tiszaug...
2026-05-20 01:31:19,234 - root - INFO - Fetched weather for Tiszaug: 11.6°C, Clouds, humidity: 85%
2026-05-20 01:31:20,336 - root - INFO - [1057/1205] Fetching weather for Tiszasas...
2026-05-20 01:31:20,402 - root - INFO - Fetched weather for Tiszasas: 12.3°C, Clouds, humidity: 85%
2026-05-20 01:31:21,504 - root - INFO - [1058/1205] Fetching weather for Csépa...
2026-05-20 01:31:21,559 - root - INFO - Fetched weather for Csépa: 13.3°C, Clouds, humidity: 85%
2026-05-20 01:31:22,661 - root - INFO - [1059/1205] Fetching weather for Szelevény...
2026-05-20 01:31:22,715 - root - INFO - Fetched weather for Szelevény: 13.3°C, Clouds, humidity: 85%
2026-05-20 01:31:23,817 - root - INFO - [1060/1205] Fetching weather for Gátér...
2026-05-20 01:31:23,868 - root - INFO - Fetched weather for Gátér: 11.8°C, Clouds, humidity: 87%
2026-05-20 01:31:24,970 - root - INFO - [1061/1205] Fetching weather for Kónyaszék...
2026-05-20 01:31:25,039 - root - INFO - Fetched weather for Kónyaszék: 13.3°C, Clouds, humidity: 85%
2026-05-20 01:31:26,141 - root - INFO - [1062/1205] Fetching weather for Csongrád...
2026-05-20 01:31:26,197 - root - INFO - Fetched weather for Csongrád: 13.3°C, Clouds, humidity: 85%
2026-05-20 01:31:27,299 - root - INFO - [1063/1205] Fetching weather for Hékéd...
2026-05-20 01:31:27,383 - root - INFO - Fetched weather for Hékéd: 13.3°C, Clouds, humidity: 85%
2026-05-20 01:31:28,485 - root - INFO - [1064/1205] Fetching weather for Fábiánsebestyén...
2026-05-20 01:31:28,543 - root - INFO - Fetched weather for Fábiánsebestyén: 13.3°C, Clouds, humidity: 85%
2026-05-20 01:31:29,645 - root - INFO - [1065/1205] Fetching weather for Gádoros...
2026-05-20 01:31:29,709 - root - INFO - Fetched weather for Gádoros: 13.3°C, Clouds, humidity: 87%
2026-05-20 01:31:30,810 - root - INFO - [1066/1205] Fetching weather for Justhmajor...
2026-05-20 01:31:30,863 - root - INFO - Fetched weather for Justhmajor: 13.3°C, Clouds, humidity: 87%
2026-05-20 01:31:31,965 - root - INFO - [1067/1205] Fetching weather for Szentetornya...
2026-05-20 01:31:32,026 - root - INFO - Fetched weather for Szentetornya: 13.3°C, Clouds, humidity: 87%
2026-05-20 01:31:33,128 - root - INFO - [1068/1205] Fetching weather for Gyopárosfürdő...
2026-05-20 01:31:33,177 - root - INFO - Fetched weather for Gyopárosfürdő: 13.3°C, Clear, humidity: 87%
2026-05-20 01:31:34,279 - root - INFO - [1069/1205] Fetching weather for Szabadságliget...
2026-05-20 01:31:34,331 - root - INFO - Fetched weather for Szabadságliget: 11.9°C, Clear, humidity: 76%
2026-05-20 01:31:35,433 - root - INFO - [1070/1205] Fetching weather for Röszke...
2026-05-20 01:31:35,485 - root - INFO - Fetched weather for Röszke: 12.9°C, Clouds, humidity: 79%
2026-05-20 01:31:36,587 - root - INFO - [1071/1205] Fetching weather for Tószeg...
2026-05-20 01:31:36,649 - root - INFO - Fetched weather for Tószeg: 11.1°C, Clear, humidity: 85%
2026-05-20 01:31:37,750 - root - INFO - [1072/1205] Fetching weather for Tiszavárkony...
2026-05-20 01:31:37,801 - root - INFO - Fetched weather for Tiszavárkony: 11.1°C, Clear, humidity: 85%
2026-05-20 01:31:38,903 - root - INFO - [1073/1205] Fetching weather for Tiszajenő-Vezseny...
2026-05-20 01:31:38,958 - root - INFO - Fetched weather for Tiszajenő-Vezseny: 11.1°C, Clear, humidity: 85%
2026-05-20 01:31:40,060 - root - INFO - [1074/1205] Fetching weather for Újbög...
2026-05-20 01:31:40,110 - root - INFO - Fetched weather for Újbög: 11.5°C, Clouds, humidity: 85%
2026-05-20 01:31:41,212 - root - INFO - [1075/1205] Fetching weather for Tiszakécske...
2026-05-20 01:31:41,275 - root - INFO - Fetched weather for Tiszakécske: 11.2°C, Clouds, humidity: 85%
2026-05-20 01:31:42,377 - root - INFO - [1076/1205] Fetching weather for Kerekdomb...
2026-05-20 01:31:42,436 - root - INFO - Fetched weather for Kerekdomb: 10.8°C, Clouds, humidity: 85%
2026-05-20 01:31:43,537 - root - INFO - [1077/1205] Fetching weather for Tiszaalpár...
2026-05-20 01:31:43,594 - root - INFO - Fetched weather for Tiszaalpár: 11.3°C, Clouds, humidity: 87%
2026-05-20 01:31:44,695 - root - INFO - [1078/1205] Fetching weather for Tiszaalpár alsó...
2026-05-20 01:31:44,755 - root - INFO - Fetched weather for Tiszaalpár alsó: 11.4°C, Clouds, humidity: 87%
2026-05-20 01:31:45,856 - root - INFO - [1079/1205] Fetching weather for Tiszatenyő...
2026-05-20 01:31:45,916 - root - INFO - Fetched weather for Tiszatenyő: 13.0°C, Clear, humidity: 82%
2026-05-20 01:31:47,017 - root - INFO - [1080/1205] Fetching weather for Pusztapó...
2026-05-20 01:31:47,077 - root - INFO - Fetched weather for Pusztapó: 13.0°C, Clear, humidity: 82%
2026-05-20 01:31:48,179 - root - INFO - [1081/1205] Fetching weather for Kétpó...
2026-05-20 01:31:48,244 - root - INFO - Fetched weather for Kétpó: 13.0°C, Clear, humidity: 82%
2026-05-20 01:31:49,345 - root - INFO - [1082/1205] Fetching weather for Mezőtúr...
2026-05-20 01:31:49,396 - root - INFO - Fetched weather for Mezőtúr: 12.8°C, Clouds, humidity: 84%
2026-05-20 01:31:50,497 - root - INFO - [1083/1205] Fetching weather for Nagylapos...
2026-05-20 01:31:50,550 - root - INFO - Fetched weather for Nagylapos: 12.8°C, Clouds, humidity: 85%
2026-05-20 01:31:51,652 - root - INFO - [1084/1205] Fetching weather for Gyoma...
2026-05-20 01:31:51,712 - root - INFO - Fetched weather for Gyoma: 12.7°C, Clouds, humidity: 86%
2026-05-20 01:31:52,814 - root - INFO - [1085/1205] Fetching weather for Csárdaszállás...
2026-05-20 01:31:52,867 - root - INFO - Fetched weather for Csárdaszállás: 12.2°C, Clouds, humidity: 86%
2026-05-20 01:31:53,969 - root - INFO - [1086/1205] Fetching weather for Mezőberény...
2026-05-20 01:31:54,024 - root - INFO - Fetched weather for Mezőberény: 12.2°C, Clouds, humidity: 81%
2026-05-20 01:31:55,126 - root - INFO - [1087/1205] Fetching weather for Murony...
2026-05-20 01:31:55,181 - root - INFO - Fetched weather for Murony: 12.2°C, Clouds, humidity: 81%
2026-05-20 01:31:56,283 - root - INFO - [1088/1205] Fetching weather for Békéscsaba...
2026-05-20 01:31:56,344 - root - INFO - Fetched weather for Békéscsaba: 12.2°C, Clouds, humidity: 81%
2026-05-20 01:31:57,445 - root - INFO - [1089/1205] Fetching weather for Kétegyháza...
2026-05-20 01:31:57,499 - root - INFO - Fetched weather for Kétegyháza: 12.2°C, Clouds, humidity: 81%
2026-05-20 01:31:58,601 - root - INFO - [1090/1205] Fetching weather for Lőkösháza...
2026-05-20 01:31:58,664 - root - INFO - Fetched weather for Lőkösháza: 11.4°C, Clouds, humidity: 91%
2026-05-20 01:31:59,765 - root - INFO - [1091/1205] Fetching weather for Kengyel...
2026-05-20 01:31:59,822 - root - INFO - Fetched weather for Kengyel: 13.0°C, Clear, humidity: 82%
2026-05-20 01:32:00,924 - root - INFO - [1092/1205] Fetching weather for Bagimajor...
2026-05-20 01:32:00,981 - root - INFO - Fetched weather for Bagimajor: 13.0°C, Clear, humidity: 82%
2026-05-20 01:32:02,083 - root - INFO - [1093/1205] Fetching weather for Martfű...
2026-05-20 01:32:02,143 - root - INFO - Fetched weather for Martfű: 13.0°C, Clear, humidity: 82%
2026-05-20 01:32:03,244 - root - INFO - [1094/1205] Fetching weather for Tiszaföldvár...
2026-05-20 01:32:03,301 - root - INFO - Fetched weather for Tiszaföldvár: 13.0°C, Clear, humidity: 82%
2026-05-20 01:32:04,403 - root - INFO - [1095/1205] Fetching weather for Homok...
2026-05-20 01:32:04,458 - root - INFO - Fetched weather for Homok: 11.1°C, Clear, humidity: 85%
2026-05-20 01:32:05,560 - root - INFO - [1096/1205] Fetching weather for Kungyalu...
2026-05-20 01:32:05,612 - root - INFO - Fetched weather for Kungyalu: 11.9°C, Clouds, humidity: 85%
2026-05-20 01:32:06,714 - root - INFO - [1097/1205] Fetching weather for Kunszentmárton...
2026-05-20 01:32:06,767 - root - INFO - Fetched weather for Kunszentmárton: 13.3°C, Clouds, humidity: 85%
2026-05-20 01:32:07,869 - root - INFO - [1098/1205] Fetching weather for Nagytőke...
2026-05-20 01:32:07,920 - root - INFO - Fetched weather for Nagytőke: 13.3°C, Clouds, humidity: 85%
2026-05-20 01:32:09,022 - root - INFO - [1099/1205] Fetching weather for Szentes...
2026-05-20 01:32:09,073 - root - INFO - Fetched weather for Szentes: 13.3°C, Clouds, humidity: 85%
2026-05-20 01:32:10,175 - root - INFO - [1100/1205] Fetching weather for Szegvár...
2026-05-20 01:32:10,234 - root - INFO - Fetched weather for Szegvár: 13.3°C, Clouds, humidity: 85%
2026-05-20 01:32:11,336 - root - INFO - [1101/1205] Fetching weather for Mindszent...
2026-05-20 01:32:11,389 - root - INFO - Fetched weather for Mindszent: 13.3°C, Clouds, humidity: 85%
2026-05-20 01:32:12,490 - root - INFO - [1102/1205] Fetching weather for Mártély...
2026-05-20 01:32:12,541 - root - INFO - Fetched weather for Mártély: 13.4°C, Clouds, humidity: 86%
2026-05-20 01:32:13,643 - root - INFO - [1103/1205] Fetching weather for Pusztabánréve...
2026-05-20 01:32:13,698 - root - INFO - Fetched weather for Pusztabánréve: 12.9°C, Clouds, humidity: 84%
2026-05-20 01:32:14,800 - root - INFO - [1104/1205] Fetching weather for Szarvas...
2026-05-20 01:32:14,850 - root - INFO - Fetched weather for Szarvas: 12.9°C, Clouds, humidity: 85%
2026-05-20 01:32:15,952 - root - INFO - [1105/1205] Fetching weather for Csabacsűd...
2026-05-20 01:32:16,005 - root - INFO - Fetched weather for Csabacsűd: 12.9°C, Clouds, humidity: 86%
2026-05-20 01:32:17,106 - root - INFO - [1106/1205] Fetching weather for Kisszénás...
2026-05-20 01:32:17,171 - root - INFO - Fetched weather for Kisszénás: 12.8°C, Clouds, humidity: 86%
2026-05-20 01:32:18,273 - root - INFO - [1107/1205] Fetching weather for Kiscsákó...
2026-05-20 01:32:18,336 - root - INFO - Fetched weather for Kiscsákó: 12.8°C, Clouds, humidity: 87%
2026-05-20 01:32:19,438 - root - INFO - [1108/1205] Fetching weather for Nagyszénás...
2026-05-20 01:32:19,490 - root - INFO - Fetched weather for Nagyszénás: 12.8°C, Clouds, humidity: 87%
2026-05-20 01:32:20,592 - root - INFO - [1109/1205] Fetching weather for Kardoskút...
2026-05-20 01:32:20,644 - root - INFO - Fetched weather for Kardoskút: 12.6°C, Clear, humidity: 88%
2026-05-20 01:32:21,746 - root - INFO - [1110/1205] Fetching weather for Tótkomlós...
2026-05-20 01:32:21,803 - root - INFO - Fetched weather for Tótkomlós: 12.4°C, Clouds, humidity: 89%
2026-05-20 01:32:22,905 - root - INFO - [1111/1205] Fetching weather for Nagyér...
2026-05-20 01:32:22,956 - root - INFO - Fetched weather for Nagyér: 12.3°C, Clouds, humidity: 89%
2026-05-20 01:32:24,058 - root - INFO - [1112/1205] Fetching weather for Pitvaros...
2026-05-20 01:32:24,106 - root - INFO - Fetched weather for Pitvaros: 12.2°C, Clouds, humidity: 90%
2026-05-20 01:32:25,208 - root - INFO - [1113/1205] Fetching weather for Dévaványa...
2026-05-20 01:32:25,274 - root - INFO - Fetched weather for Dévaványa: 12.6°C, Clouds, humidity: 86%
2026-05-20 01:32:26,375 - root - INFO - [1114/1205] Fetching weather for Körösladány...
2026-05-20 01:32:26,445 - root - INFO - Fetched weather for Körösladány: 12.5°C, Clouds, humidity: 87%
2026-05-20 01:32:27,546 - root - INFO - [1115/1205] Fetching weather for Szeghalom...
2026-05-20 01:32:27,606 - root - INFO - Fetched weather for Szeghalom: 12.4°C, Clouds, humidity: 87%
2026-05-20 01:32:28,708 - root - INFO - [1116/1205] Fetching weather for Vésztő...
2026-05-20 01:32:28,769 - root - INFO - Fetched weather for Vésztő: 12.3°C, Clouds, humidity: 87%
2026-05-20 01:32:29,871 - root - INFO - [1117/1205] Fetching weather for Szeged-Rókus...
2026-05-20 01:32:29,932 - root - INFO - Fetched weather for Szeged-Rókus: 12.9°C, Clouds, humidity: 79%
2026-05-20 01:32:31,034 - root - INFO - [1118/1205] Fetching weather for Algyő...
2026-05-20 01:32:31,089 - root - INFO - Fetched weather for Algyő: 12.9°C, Clouds, humidity: 86%
2026-05-20 01:32:32,191 - root - INFO - [1119/1205] Fetching weather for Hódmezővásárhelyi Népkert...
2026-05-20 01:32:32,245 - root - INFO - Fetched weather for Hódmezővásárhelyi Népkert: 13.3°C, Clouds, humidity: 86%
2026-05-20 01:32:33,347 - root - INFO - [1120/1205] Fetching weather for Hódmezővásárhely...
2026-05-20 01:32:33,399 - root - INFO - Fetched weather for Hódmezővásárhely: 13.3°C, Clouds, humidity: 87%
2026-05-20 01:32:34,501 - root - INFO - [1121/1205] Fetching weather for Körmend...
2026-05-20 01:32:34,568 - root - INFO - Fetched weather for Körmend: 10.9°C, Clouds, humidity: 74%
2026-05-20 01:32:35,670 - root - INFO - [1122/1205] Fetching weather for Szentgotthárd...
2026-05-20 01:32:35,743 - root - INFO - Fetched weather for Szentgotthárd: 10.5°C, Clouds, humidity: 80%
2026-05-20 01:32:36,845 - root - INFO - [1123/1205] Fetching weather for Szombathely...
2026-05-20 01:32:36,900 - root - INFO - Fetched weather for Szombathely: 10.6°C, Clouds, humidity: 76%
2026-05-20 01:32:38,002 - root - INFO - [1124/1205] Fetching weather for Sáferkút...
2026-05-20 01:32:38,057 - root - INFO - Fetched weather for Sáferkút: 11.2°C, Clear, humidity: 82%
2026-05-20 01:32:39,159 - root - INFO - [1125/1205] Fetching weather for Magdolnavölgy...
2026-05-20 01:32:39,218 - root - INFO - Fetched weather for Magdolnavölgy: 12.0°C, Clear, humidity: 83%
2026-05-20 01:32:40,320 - root - INFO - [1126/1205] Fetching weather for Haris...
2026-05-20 01:32:40,375 - root - INFO - Fetched weather for Haris: 10.6°C, Clouds, humidity: 79%
2026-05-20 01:32:41,477 - root - INFO - [1127/1205] Fetching weather for Egyházasrádóc...
2026-05-20 01:32:41,534 - root - INFO - Fetched weather for Egyházasrádóc: 10.6°C, Clouds, humidity: 75%
2026-05-20 01:32:42,636 - root - INFO - [1128/1205] Fetching weather for Alsórönök...
2026-05-20 01:32:42,695 - root - INFO - Fetched weather for Alsórönök: 10.7°C, Clouds, humidity: 78%
2026-05-20 01:32:43,797 - root - INFO - [1129/1205] Fetching weather for Szombathely-Szőlős...
2026-05-20 01:32:43,849 - root - INFO - Fetched weather for Szombathely-Szőlős: 10.7°C, Clouds, humidity: 76%
2026-05-20 01:32:44,950 - root - INFO - [1130/1205] Fetching weather for Rátót...
2026-05-20 01:32:45,024 - root - INFO - Fetched weather for Rátót: 10.6°C, Clouds, humidity: 76%
2026-05-20 01:32:46,126 - root - INFO - [1131/1205] Fetching weather for Ják-Balogunyom...
2026-05-20 01:32:46,178 - root - INFO - Fetched weather for Ják-Balogunyom: 10.8°C, Clouds, humidity: 76%
2026-05-20 01:32:47,280 - root - INFO - [1132/1205] Fetching weather for Vasvár...
2026-05-20 01:32:47,331 - root - INFO - Fetched weather for Vasvár: 11.0°C, Clouds, humidity: 76%
2026-05-20 01:32:48,433 - root - INFO - [1133/1205] Fetching weather for Répcelak...
2026-05-20 01:32:48,491 - root - INFO - Fetched weather for Répcelak: 11.0°C, Clouds, humidity: 81%
2026-05-20 01:32:49,593 - root - INFO - [1134/1205] Fetching weather for Rajka...
2026-05-20 01:32:49,650 - root - INFO - Fetched weather for Rajka: 10.2°C, Clear, humidity: 76%
2026-05-20 01:32:50,752 - root - INFO - [1135/1205] Fetching weather for Püspökmolnári...
2026-05-20 01:32:50,807 - root - INFO - Fetched weather for Püspökmolnári: 11.0°C, Clouds, humidity: 75%
2026-05-20 01:32:51,909 - root - INFO - [1136/1205] Fetching weather for Kőszeg...
2026-05-20 01:32:51,961 - root - INFO - Fetched weather for Kőszeg: 10.1°C, Clouds, humidity: 75%
2026-05-20 01:32:53,062 - root - INFO - [1137/1205] Fetching weather for Kastélypark...
2026-05-20 01:32:53,115 - root - INFO - Fetched weather for Kastélypark: 12.3°C, Clear, humidity: 77%
2026-05-20 01:32:54,217 - root - INFO - [1138/1205] Fetching weather for Hanságliget...
2026-05-20 01:32:54,270 - root - INFO - Fetched weather for Hanságliget: 11.0°C, Clear, humidity: 82%
2026-05-20 01:32:55,372 - root - INFO - [1139/1205] Fetching weather for Vica...
2026-05-20 01:32:55,426 - root - INFO - Fetched weather for Vica: 11.0°C, Clouds, humidity: 82%
2026-05-20 01:32:56,528 - root - INFO - [1140/1205] Fetching weather for Vép...
2026-05-20 01:32:56,586 - root - INFO - Fetched weather for Vép: 10.7°C, Clouds, humidity: 77%
2026-05-20 01:32:57,688 - root - INFO - [1141/1205] Fetching weather for Mosonszolnok...
2026-05-20 01:32:57,748 - root - INFO - Fetched weather for Mosonszolnok: 10.1°C, Clouds, humidity: 82%
2026-05-20 01:32:58,850 - root - INFO - [1142/1205] Fetching weather for Jánossomorja...
2026-05-20 01:32:58,902 - root - INFO - Fetched weather for Jánossomorja: 11.0°C, Clear, humidity: 82%
2026-05-20 01:33:00,004 - root - INFO - [1143/1205] Fetching weather for Bősárkány...
2026-05-20 01:33:00,058 - root - INFO - Fetched weather for Bősárkány: 11.0°C, Clouds, humidity: 82%
2026-05-20 01:33:01,160 - root - INFO - [1144/1205] Fetching weather for Szil-Sopronnémeti...
2026-05-20 01:33:01,221 - root - INFO - Fetched weather for Szil-Sopronnémeti: 7.2°C, Clouds, humidity: 83%
2026-05-20 01:33:02,323 - root - INFO - [1145/1205] Fetching weather for Magyarkeresztúr-Zsebeháza...
2026-05-20 01:33:02,387 - root - INFO - Fetched weather for Magyarkeresztúr-Zsebeháza: 7.1°C, Clouds, humidity: 82%
2026-05-20 01:33:03,488 - root - INFO - [1146/1205] Fetching weather for Páli-Vadosfa...
2026-05-20 01:33:03,545 - root - INFO - Fetched weather for Páli-Vadosfa: 11.0°C, Clouds, humidity: 82%
2026-05-20 01:33:04,647 - root - INFO - [1147/1205] Fetching weather for Beled...
2026-05-20 01:33:04,698 - root - INFO - Fetched weather for Beled: 11.0°C, Clouds, humidity: 82%
2026-05-20 01:33:05,800 - root - INFO - [1148/1205] Fetching weather for Dénesfa...
2026-05-20 01:33:05,854 - root - INFO - Fetched weather for Dénesfa: 11.0°C, Clouds, humidity: 81%
2026-05-20 01:33:06,956 - root - INFO - [1149/1205] Fetching weather for Csánig...
2026-05-20 01:33:07,015 - root - INFO - Fetched weather for Csánig: 11.0°C, Clouds, humidity: 81%
2026-05-20 01:33:08,117 - root - INFO - [1150/1205] Fetching weather for Vámoscsalád...
2026-05-20 01:33:08,184 - root - INFO - Fetched weather for Vámoscsalád: 11.0°C, Clouds, humidity: 80%
2026-05-20 01:33:09,285 - root - INFO - [1151/1205] Fetching weather for Vasegerszeg...
2026-05-20 01:33:09,353 - root - INFO - Fetched weather for Vasegerszeg: 10.9°C, Clouds, humidity: 80%
2026-05-20 01:33:10,455 - root - INFO - [1152/1205] Fetching weather for Hegyfalu...
2026-05-20 01:33:10,528 - root - INFO - Fetched weather for Hegyfalu: 10.9°C, Clouds, humidity: 80%
2026-05-20 01:33:11,630 - root - INFO - [1153/1205] Fetching weather for Pósfa...
2026-05-20 01:33:11,686 - root - INFO - Fetched weather for Pósfa: 10.9°C, Clouds, humidity: 80%
2026-05-20 01:33:12,788 - root - INFO - [1154/1205] Fetching weather for Ölbő-Alsószeleste...
2026-05-20 01:33:12,839 - root - INFO - Fetched weather for Ölbő-Alsószeleste: 10.7°C, Clouds, humidity: 79%
2026-05-20 01:33:13,941 - root - INFO - [1155/1205] Fetching weather for Gencsapáti felső...
2026-05-20 01:33:14,001 - root - INFO - Fetched weather for Gencsapáti felső: 10.4°C, Clouds, humidity: 76%
2026-05-20 01:33:15,103 - root - INFO - [1156/1205] Fetching weather for Lukácsháza alsó...
2026-05-20 01:33:15,156 - root - INFO - Fetched weather for Lukácsháza alsó: 10.3°C, Clouds, humidity: 76%
2026-05-20 01:33:16,258 - root - INFO - [1157/1205] Fetching weather for Kőszegfalva...
2026-05-20 01:33:16,319 - root - INFO - Fetched weather for Kőszegfalva: 10.2°C, Clouds, humidity: 75%
2026-05-20 01:33:17,421 - root - INFO - [1158/1205] Fetching weather for Gyöngyöshermán...
2026-05-20 01:33:17,474 - root - INFO - Fetched weather for Gyöngyöshermán: 10.7°C, Clouds, humidity: 76%
2026-05-20 01:33:18,576 - root - INFO - [1159/1205] Fetching weather for Bezenye...
2026-05-20 01:33:18,648 - root - INFO - Fetched weather for Bezenye: 10.2°C, Clouds, humidity: 73%
2026-05-20 01:33:19,750 - root - INFO - [1160/1205] Fetching weather for Kámon...
2026-05-20 01:33:19,805 - root - INFO - Fetched weather for Kámon: 10.6°C, Clouds, humidity: 77%
2026-05-20 01:33:20,907 - root - INFO - [1161/1205] Fetching weather for Sorkifalud...
2026-05-20 01:33:20,962 - root - INFO - Fetched weather for Sorkifalud: 10.9°C, Clouds, humidity: 76%
2026-05-20 01:33:22,064 - root - INFO - [1162/1205] Fetching weather for Szentléránt...
2026-05-20 01:33:22,133 - root - INFO - Fetched weather for Szentléránt: 10.9°C, Clouds, humidity: 76%
2026-05-20 01:33:23,235 - root - INFO - [1163/1205] Fetching weather for Pácsony...
2026-05-20 01:33:23,292 - root - INFO - Fetched weather for Pácsony: 11.1°C, Clouds, humidity: 75%
2026-05-20 01:33:24,394 - root - INFO - [1164/1205] Fetching weather for Győrvár...
2026-05-20 01:33:24,460 - root - INFO - Fetched weather for Győrvár: 11.1°C, Clouds, humidity: 75%
2026-05-20 01:33:25,562 - root - INFO - [1165/1205] Fetching weather for Egervár-Vasboldogasszony...
2026-05-20 01:33:25,619 - root - INFO - Fetched weather for Egervár-Vasboldogasszony: 11.4°C, Clouds, humidity: 76%
2026-05-20 01:33:26,721 - root - INFO - [1166/1205] Fetching weather for Zalaszentlőrinc...
2026-05-20 01:33:26,776 - root - INFO - Fetched weather for Zalaszentlőrinc: 11.4°C, Clouds, humidity: 76%
2026-05-20 01:33:27,878 - root - INFO - [1167/1205] Fetching weather for Gencsapáti alsó...
2026-05-20 01:33:27,931 - root - INFO - Fetched weather for Gencsapáti alsó: 10.5°C, Clouds, humidity: 76%
2026-05-20 01:33:29,033 - root - INFO - [1168/1205] Fetching weather for Gyöngyösfalu...
2026-05-20 01:33:29,089 - root - INFO - Fetched weather for Gyöngyösfalu: 10.4°C, Clouds, humidity: 76%
2026-05-20 01:33:30,191 - root - INFO - [1169/1205] Fetching weather for Lukácsháza...
2026-05-20 01:33:30,245 - root - INFO - Fetched weather for Lukácsháza: 10.2°C, Clouds, humidity: 75%
2026-05-20 01:33:31,347 - root - INFO - [1170/1205] Fetching weather for Horvátnádalja...
2026-05-20 01:33:31,413 - root - INFO - Fetched weather for Horvátnádalja: 10.8°C, Clouds, humidity: 75%
2026-05-20 01:33:32,515 - root - INFO - [1171/1205] Fetching weather for Csákánydoroszló...
2026-05-20 01:33:32,573 - root - INFO - Fetched weather for Csákánydoroszló: 10.7°C, Clouds, humidity: 76%
2026-05-20 01:33:33,675 - root - INFO - [1172/1205] Fetching weather for Váckisújfalu...
2026-05-20 01:33:33,728 - root - INFO - Fetched weather for Váckisújfalu: 14.2°C, Clear, humidity: 83%
2026-05-20 01:33:34,829 - root - INFO - [1173/1205] Fetching weather for Csisztafürdő...
2026-05-20 01:33:34,890 - root - INFO - Fetched weather for Csisztafürdő: 12.5°C, Clear, humidity: 71%
2026-05-20 01:33:35,992 - root - INFO - [1174/1205] Fetching weather for Mórágy...
2026-05-20 01:33:36,051 - root - INFO - Fetched weather for Mórágy: 13.9°C, Clear, humidity: 72%
2026-05-20 01:33:37,152 - root - INFO - [1175/1205] Fetching weather for Kismacs...
2026-05-20 01:33:37,215 - root - INFO - Fetched weather for Kismacs: 12.9°C, Clear, humidity: 76%
2026-05-20 01:33:38,317 - root - INFO - [1176/1205] Fetching weather for Pusztaszentistván...
2026-05-20 01:33:38,381 - root - INFO - Fetched weather for Pusztaszentistván: 14.2°C, Clear, humidity: 83%
2026-05-20 01:33:39,483 - root - INFO - [1177/1205] Fetching weather for Aranyvölgy...
2026-05-20 01:33:39,537 - root - INFO - Fetched weather for Aranyvölgy: 12.5°C, Clear, humidity: 76%
2026-05-20 01:33:40,639 - root - INFO - [1178/1205] Fetching weather for Szélhegy...
2026-05-20 01:33:40,693 - root - INFO - Fetched weather for Szélhegy: 12.2°C, Clear, humidity: 76%
2026-05-20 01:33:41,795 - root - INFO - [1179/1205] Fetching weather for Vörösvárbánya...
2026-05-20 01:33:41,853 - root - INFO - Fetched weather for Vörösvárbánya: 12.2°C, Clear, humidity: 76%
2026-05-20 01:33:42,955 - root - INFO - [1180/1205] Fetching weather for Máriaszőlőtelep...
2026-05-20 01:33:43,010 - root - INFO - Fetched weather for Máriaszőlőtelep: 10.1°C, Clear, humidity: 87%
2026-05-20 01:33:44,112 - root - INFO - [1181/1205] Fetching weather for Akadémiaújtelep...
2026-05-20 01:33:44,174 - root - INFO - Fetched weather for Akadémiaújtelep: 12.0°C, Clear, humidity: 79%
2026-05-20 01:33:45,276 - root - INFO - [1182/1205] Fetching weather for Újpalota...
2026-05-20 01:33:45,330 - root - INFO - Fetched weather for Újpalota: 12.2°C, Clear, humidity: 77%
2026-05-20 01:33:46,432 - root - INFO - [1183/1205] Fetching weather for Szeged, Somogyi utca...
2026-05-20 01:33:46,488 - root - INFO - Fetched weather for Szeged, Somogyi utca: 12.8°C, Clouds, humidity: 79%
2026-05-20 01:33:47,590 - root - INFO - [1184/1205] Fetching weather for Hódmezővásárhely, Hősök tere...
2026-05-20 01:33:47,645 - root - INFO - Fetched weather for Hódmezővásárhely, Hősök tere: 13.3°C, Clouds, humidity: 87%
2026-05-20 01:33:48,747 - root - INFO - [1185/1205] Fetching weather for Hódmezővásárhely, Kossuth tér...
2026-05-20 01:33:48,797 - root - INFO - Fetched weather for Hódmezővásárhely, Kossuth tér: 13.3°C, Clouds, humidity: 87%
2026-05-20 01:33:49,899 - root - INFO - [1186/1205] Fetching weather for Hódmezővásárhely, Strandfürdő...
2026-05-20 01:33:49,948 - root - INFO - Fetched weather for Hódmezővásárhely, Strandfürdő: 13.3°C, Clouds, humidity: 87%
2026-05-20 01:33:51,050 - root - INFO - [1187/1205] Fetching weather for Szeged, Széchenyi tér...
2026-05-20 01:33:51,094 - root - INFO - Fetched weather for Szeged, Széchenyi tér: 12.8°C, Clouds, humidity: 79%
2026-05-20 01:33:52,196 - root - INFO - [1188/1205] Fetching weather for Szeged, Anna-kút...
2026-05-20 01:33:52,269 - root - INFO - Fetched weather for Szeged, Anna-kút: 12.8°C, Clouds, humidity: 79%
2026-05-20 01:33:53,371 - root - INFO - [1189/1205] Fetching weather for Szeged, Rókusi templom...
2026-05-20 01:33:53,430 - root - INFO - Fetched weather for Szeged, Rókusi templom: 12.8°C, Clouds, humidity: 79%
2026-05-20 01:33:54,532 - root - INFO - [1190/1205] Fetching weather for Hódmezővásárhely, Kálvin János tér...
2026-05-20 01:33:54,592 - root - INFO - Fetched weather for Hódmezővásárhely, Kálvin János tér: 13.3°C, Clouds, humidity: 87%
2026-05-20 01:33:55,695 - root - INFO - [1191/1205] Fetching weather for Hódmezővásárhely vasútállomás...
2026-05-20 01:33:55,743 - root - INFO - Fetched weather for Hódmezővásárhely vasútállomás: 13.3°C, Clouds, humidity: 87%
2026-05-20 01:33:56,845 - root - INFO - [1192/1205] Fetching weather for Szeged, Tavasz utca...
2026-05-20 01:33:56,893 - root - INFO - Fetched weather for Szeged, Tavasz utca: 12.8°C, Clouds, humidity: 79%
2026-05-20 01:33:57,995 - root - INFO - [1193/1205] Fetching weather for Szeged, Damjanich utca...
2026-05-20 01:33:58,038 - root - INFO - Fetched weather for Szeged, Damjanich utca: 12.8°C, Clouds, humidity: 79%
2026-05-20 01:33:59,140 - root - INFO - [1194/1205] Fetching weather for Szeged, Vásárhelyi Pál utca...
2026-05-20 01:33:59,192 - root - INFO - Fetched weather for Szeged, Vásárhelyi Pál utca: 12.9°C, Clouds, humidity: 79%
2026-05-20 01:34:00,294 - root - INFO - [1195/1205] Fetching weather for Szeged, Bécsi körút ...
2026-05-20 01:34:00,338 - root - INFO - Fetched weather for Szeged, Bécsi körút : 12.8°C, Clouds, humidity: 79%
2026-05-20 01:34:01,440 - root - INFO - [1196/1205] Fetching weather for Hódmezővásárhelyi Népkert vasútállomás...
2026-05-20 01:34:01,487 - root - INFO - Fetched weather for Hódmezővásárhelyi Népkert vasútállomás: 13.3°C, Clouds, humidity: 86%
2026-05-20 01:34:02,589 - root - INFO - [1197/1205] Fetching weather for Szeged vasútállomás...
2026-05-20 01:34:02,634 - root - INFO - Fetched weather for Szeged vasútállomás: 12.8°C, Clouds, humidity: 79%
2026-05-20 01:34:03,736 - root - INFO - [1198/1205] Fetching weather for Szeged, Bem utca...
2026-05-20 01:34:03,781 - root - INFO - Fetched weather for Szeged, Bem utca: 12.8°C, Clouds, humidity: 79%
2026-05-20 01:34:04,883 - root - INFO - [1199/1205] Fetching weather for Szeged, Galamb utca...
2026-05-20 01:34:04,931 - root - INFO - Fetched weather for Szeged, Galamb utca: 12.8°C, Clouds, humidity: 79%
2026-05-20 01:34:06,033 - root - INFO - [1200/1205] Fetching weather for Szeged, Aradi vértanúk tere...
2026-05-20 01:34:06,077 - root - INFO - Fetched weather for Szeged, Aradi vértanúk tere: 12.8°C, Clouds, humidity: 79%
2026-05-20 01:34:07,179 - root - INFO - [1201/1205] Fetching weather for Szeged, Pulz utca...
2026-05-20 01:34:07,222 - root - INFO - Fetched weather for Szeged, Pulz utca: 12.9°C, Clouds, humidity: 79%
2026-05-20 01:34:08,325 - root - INFO - [1202/1205] Fetching weather for Szeged, Rókus vasútállomás...
2026-05-20 01:34:08,370 - root - INFO - Fetched weather for Szeged, Rókus vasútállomás: 12.9°C, Clouds, humidity: 79%
2026-05-20 01:34:09,472 - root - INFO - [1203/1205] Fetching weather for Látókép...
2026-05-20 01:34:09,529 - root - INFO - Fetched weather for Látókép: 12.9°C, Clear, humidity: 76%
2026-05-20 01:34:10,631 - root - INFO - [1204/1205] Fetching weather for Szentmihálytelek...
2026-05-20 01:34:10,683 - root - INFO - Fetched weather for Szentmihálytelek: 12.9°C, Clouds, humidity: 79%
2026-05-20 01:34:11,785 - root - INFO - [1205/1205] Fetching weather for Kisvarsány...
2026-05-20 01:34:11,846 - root - INFO - Fetched weather for Kisvarsány: 11.7°C, Clouds, humidity: 89%
2026-05-20 01:34:12,953 - root - INFO - Successfully collected weather for 1205 stations
2026-05-20 01:34:12,965 - root - INFO - Saved weather data to data/weather/current_20260520_0100.csv
2026-05-20 01:34:12,965 - root - INFO - File size: 147.9 KB
2026-05-20 01:34:12,965 - root - INFO - 
============================================================
2026-05-20 01:34:12,965 - root - INFO - WEATHER COLLECTION SUMMARY
2026-05-20 01:34:12,965 - root - INFO - ============================================================
2026-05-20 01:34:12,965 - root - INFO - 
Data Coverage:
2026-05-20 01:34:12,965 - root - INFO -   - Total stations: 1205
2026-05-20 01:34:12,966 - root - INFO -   - Collection time: 2026-05-20 01:10:55.887123
2026-05-20 01:34:12,966 - root - INFO -   - Collection hour: 01:00
2026-05-20 01:34:12,966 - root - INFO - 
Weather Statistics:
2026-05-20 01:34:12,966 - root - INFO -   - Temperature range: 5.6°C to 15.0°C
2026-05-20 01:34:12,966 - root - INFO -   - Average temperature: 11.8°C
2026-05-20 01:34:12,967 - root - INFO -   - Average humidity: 79%
2026-05-20 01:34:12,967 - root - INFO -   - Average wind speed: 2.4 m/s
2026-05-20 01:34:12,967 - root - INFO -   - Stations with precipitation: 0 (0.0%)
2026-05-20 01:34:12,967 - root - INFO - 
Weather Conditions Distribution:
2026-05-20 01:34:12,968 - root - INFO -   - Clear: 665 (55.2%)
2026-05-20 01:34:12,968 - root - INFO -   - Clouds: 540 (44.8%)
2026-05-20 01:34:12,968 - root - INFO - ============================================================

2026-05-20 01:34:12,968 - __main__ - INFO - Current weather collection completed successfully!
