2026-04-16 19:26:20,373 - __main__ - INFO - ============================================================
2026-04-16 19:26:20,373 - __main__ - INFO - CURRENT WEATHER COLLECTION STARTED
2026-04-16 19:26:20,373 - __main__ - INFO - ============================================================
2026-04-16 19:26:20,373 - __main__ - INFO - Collection time: 2026-04-16 19:26:20
2026-04-16 19:26:20,373 - __main__ - INFO - ============================================================

2026-04-16 19:26:20,373 - root - INFO - Starting current weather collection...
2026-04-16 19:26:20,382 - root - INFO - Loaded 1205 unique station coordinates from GTFS
2026-04-16 19:26:20,382 - root - INFO - Collecting weather for 1205 unique stations...
2026-04-16 19:26:20,383 - root - INFO - [1/1205] Fetching weather for Búcsúszentlászló...
2026-04-16 19:26:20,546 - root - INFO - Fetched weather for Búcsúszentlászló: 15.8°C, Clouds, humidity: 76%
2026-04-16 19:26:21,647 - root - INFO - [2/1205] Fetching weather for Angyalföld...
2026-04-16 19:26:21,784 - root - INFO - Fetched weather for Angyalföld: 16.0°C, Clear, humidity: 56%
2026-04-16 19:26:22,886 - root - INFO - [3/1205] Fetching weather for Felsőjánosfa...
2026-04-16 19:26:23,030 - root - INFO - Fetched weather for Felsőjánosfa: 14.5°C, Clouds, humidity: 76%
2026-04-16 19:26:24,131 - root - INFO - [4/1205] Fetching weather for Pankasz...
2026-04-16 19:26:24,272 - root - INFO - Fetched weather for Pankasz: 14.2°C, Clouds, humidity: 76%
2026-04-16 19:26:25,374 - root - INFO - [5/1205] Fetching weather for Nagyrákos...
2026-04-16 19:26:25,515 - root - INFO - Fetched weather for Nagyrákos: 14.2°C, Clouds, humidity: 76%
2026-04-16 19:26:26,617 - root - INFO - [6/1205] Fetching weather for Őriszentpéter...
2026-04-16 19:26:26,753 - root - INFO - Fetched weather for Őriszentpéter: 14.3°C, Clouds, humidity: 75%
2026-04-16 19:26:27,855 - root - INFO - [7/1205] Fetching weather for Törökbálint...
2026-04-16 19:26:27,986 - root - INFO - Fetched weather for Törökbálint: 15.9°C, Clouds, humidity: 55%
2026-04-16 19:26:29,088 - root - INFO - [8/1205] Fetching weather for Bicske alsó...
2026-04-16 19:26:29,219 - root - INFO - Fetched weather for Bicske alsó: 15.6°C, Clouds, humidity: 62%
2026-04-16 19:26:30,321 - root - INFO - [9/1205] Fetching weather for Bajánsenye...
2026-04-16 19:26:30,456 - root - INFO - Fetched weather for Bajánsenye: 14.4°C, Clouds, humidity: 75%
2026-04-16 19:26:31,558 - root - INFO - [10/1205] Fetching weather for Aquincum...
2026-04-16 19:26:31,693 - root - INFO - Fetched weather for Aquincum: 16.0°C, Clouds, humidity: 56%
2026-04-16 19:26:32,795 - root - INFO - [11/1205] Fetching weather for Piliscsév...
2026-04-16 19:26:32,936 - root - INFO - Fetched weather for Piliscsév: 15.5°C, Clouds, humidity: 59%
2026-04-16 19:26:34,038 - root - INFO - [12/1205] Fetching weather for Tát...
2026-04-16 19:26:34,175 - root - INFO - Fetched weather for Tát: 15.9°C, Clouds, humidity: 66%
2026-04-16 19:26:35,277 - root - INFO - [13/1205] Fetching weather for Süttő felső...
2026-04-16 19:26:35,418 - root - INFO - Fetched weather for Süttő felső: 15.6°C, Clouds, humidity: 67%
2026-04-16 19:26:36,520 - root - INFO - [14/1205] Fetching weather for Budatétény...
2026-04-16 19:26:36,665 - root - INFO - Fetched weather for Budatétény: 15.9°C, Clear, humidity: 55%
2026-04-16 19:26:37,767 - root - INFO - [15/1205] Fetching weather for Seregélyes-Szőlőhegy...
2026-04-16 19:26:37,907 - root - INFO - Fetched weather for Seregélyes-Szőlőhegy: 16.1°C, Clouds, humidity: 61%
2026-04-16 19:26:39,009 - root - INFO - [16/1205] Fetching weather for Gödöllő-Állami telepek...
2026-04-16 19:26:39,157 - root - INFO - Fetched weather for Gödöllő-Állami telepek: 15.1°C, Clear, humidity: 52%
2026-04-16 19:26:40,259 - root - INFO - [17/1205] Fetching weather for Dunakeszi alsó...
2026-04-16 19:26:40,394 - root - INFO - Fetched weather for Dunakeszi alsó: 16.0°C, Clouds, humidity: 56%
2026-04-16 19:26:41,496 - root - INFO - [18/1205] Fetching weather for Vác-Alsóváros...
2026-04-16 19:26:41,649 - root - INFO - Fetched weather for Vác-Alsóváros: 16.1°C, Clouds, humidity: 61%
2026-04-16 19:26:42,751 - root - INFO - [19/1205] Fetching weather for Szob alsó...
2026-04-16 19:26:42,890 - root - INFO - Fetched weather for Szob alsó: 15.9°C, Clouds, humidity: 64%
2026-04-16 19:26:43,992 - root - INFO - [20/1205] Fetching weather for Zalaszentmihály-Pacsa...
2026-04-16 19:26:44,127 - root - INFO - Fetched weather for Zalaszentmihály-Pacsa: 15.8°C, Clear, humidity: 63%
2026-04-16 19:26:45,229 - root - INFO - [21/1205] Fetching weather for Pötréte...
2026-04-16 19:26:45,372 - root - INFO - Fetched weather for Pötréte: 15.8°C, Clear, humidity: 63%
2026-04-16 19:26:46,475 - root - INFO - [22/1205] Fetching weather for Felsőrajk...
2026-04-16 19:26:46,618 - root - INFO - Fetched weather for Felsőrajk: 15.8°C, Clear, humidity: 63%
2026-04-16 19:26:47,720 - root - INFO - [23/1205] Fetching weather for Gelse...
2026-04-16 19:26:47,863 - root - INFO - Fetched weather for Gelse: 15.8°C, Clear, humidity: 63%
2026-04-16 19:26:48,964 - root - INFO - [24/1205] Fetching weather for Őrtilos...
2026-04-16 19:26:49,162 - root - INFO - Fetched weather for Őrtilos: 15.3°C, Clouds, humidity: 74%
2026-04-16 19:26:50,264 - root - INFO - [25/1205] Fetching weather for Zákány...
2026-04-16 19:26:50,409 - root - INFO - Fetched weather for Zákány: 15.0°C, Clouds, humidity: 73%
2026-04-16 19:26:51,511 - root - INFO - [26/1205] Fetching weather for Berzence...
2026-04-16 19:26:51,645 - root - INFO - Fetched weather for Berzence: 15.3°C, Clouds, humidity: 71%
2026-04-16 19:26:52,747 - root - INFO - [27/1205] Fetching weather for Somogyudvarhely...
2026-04-16 19:26:52,885 - root - INFO - Fetched weather for Somogyudvarhely: 15.3°C, Clouds, humidity: 71%
2026-04-16 19:26:53,987 - root - INFO - [28/1205] Fetching weather for Bélavár...
2026-04-16 19:26:54,130 - root - INFO - Fetched weather for Bélavár: 15.3°C, Clouds, humidity: 71%
2026-04-16 19:26:55,232 - root - INFO - [29/1205] Fetching weather for Vízvár...
2026-04-16 19:26:55,360 - root - INFO - Fetched weather for Vízvár: 15.2°C, Clouds, humidity: 71%
2026-04-16 19:26:56,462 - root - INFO - [30/1205] Fetching weather for Babócsa...
2026-04-16 19:26:56,605 - root - INFO - Fetched weather for Babócsa: 15.2°C, Clouds, humidity: 72%
2026-04-16 19:26:57,707 - root - INFO - [31/1205] Fetching weather for Péterhida-Komlósd...
2026-04-16 19:26:57,849 - root - INFO - Fetched weather for Péterhida-Komlósd: 15.2°C, Clouds, humidity: 72%
2026-04-16 19:26:58,951 - root - INFO - [32/1205] Fetching weather for Barcs...
2026-04-16 19:26:59,092 - root - INFO - Fetched weather for Barcs: 15.1°C, Clouds, humidity: 73%
2026-04-16 19:27:00,193 - root - INFO - [33/1205] Fetching weather for Barcs felső...
2026-04-16 19:27:00,331 - root - INFO - Fetched weather for Barcs felső: 15.0°C, Clouds, humidity: 73%
2026-04-16 19:27:01,433 - root - INFO - [34/1205] Fetching weather for Középrigóc...
2026-04-16 19:27:01,575 - root - INFO - Fetched weather for Középrigóc: 14.9°C, Clouds, humidity: 73%
2026-04-16 19:27:02,677 - root - INFO - [35/1205] Fetching weather for Darány...
2026-04-16 19:27:02,808 - root - INFO - Fetched weather for Darány: 14.9°C, Clouds, humidity: 74%
2026-04-16 19:27:03,910 - root - INFO - [36/1205] Fetching weather for Kisdobsza...
2026-04-16 19:27:04,050 - root - INFO - Fetched weather for Kisdobsza: 15.0°C, Clouds, humidity: 74%
2026-04-16 19:27:05,152 - root - INFO - [37/1205] Fetching weather for Nemeske...
2026-04-16 19:27:05,289 - root - INFO - Fetched weather for Nemeske: 15.0°C, Clouds, humidity: 74%
2026-04-16 19:27:06,391 - root - INFO - [38/1205] Fetching weather for Molvány...
2026-04-16 19:27:06,528 - root - INFO - Fetched weather for Molvány: 15.0°C, Clouds, humidity: 75%
2026-04-16 19:27:07,630 - root - INFO - [39/1205] Fetching weather for Szigetvár...
2026-04-16 19:27:07,772 - root - INFO - Fetched weather for Szigetvár: 14.9°C, Clouds, humidity: 75%
2026-04-16 19:27:08,874 - root - INFO - [40/1205] Fetching weather for Nagypeterd...
2026-04-16 19:27:09,010 - root - INFO - Fetched weather for Nagypeterd: 13.5°C, Clouds, humidity: 75%
2026-04-16 19:27:10,112 - root - INFO - [41/1205] Fetching weather for Szentdénes...
2026-04-16 19:27:10,254 - root - INFO - Fetched weather for Szentdénes: 13.5°C, Clouds, humidity: 75%
2026-04-16 19:27:11,356 - root - INFO - [42/1205] Fetching weather for Háros...
2026-04-16 19:27:11,490 - root - INFO - Fetched weather for Háros: 15.9°C, Clear, humidity: 55%
2026-04-16 19:27:12,592 - root - INFO - [43/1205] Fetching weather for Nagytétény-Diósd...
2026-04-16 19:27:12,743 - root - INFO - Fetched weather for Nagytétény-Diósd: 15.9°C, Clouds, humidity: 55%
2026-04-16 19:27:13,845 - root - INFO - [44/1205] Fetching weather for Érdliget...
2026-04-16 19:27:13,980 - root - INFO - Fetched weather for Érdliget: 15.8°C, Clouds, humidity: 56%
2026-04-16 19:27:15,082 - root - INFO - [45/1205] Fetching weather for Érd felső...
2026-04-16 19:27:15,218 - root - INFO - Fetched weather for Érd felső: 16.1°C, Clouds, humidity: 54%
2026-04-16 19:27:16,320 - root - INFO - [46/1205] Fetching weather for Érd...
2026-04-16 19:27:16,463 - root - INFO - Fetched weather for Érd: 16.0°C, Clouds, humidity: 54%
2026-04-16 19:27:17,565 - root - INFO - [47/1205] Fetching weather for Százhalombatta...
2026-04-16 19:27:17,712 - root - INFO - Fetched weather for Százhalombatta: 16.0°C, Clouds, humidity: 54%
2026-04-16 19:27:18,814 - root - INFO - [48/1205] Fetching weather for Dunai Finomító...
2026-04-16 19:27:18,949 - root - INFO - Fetched weather for Dunai Finomító: 15.7°C, Clouds, humidity: 54%
2026-04-16 19:27:20,051 - root - INFO - [49/1205] Fetching weather for Ercsi...
2026-04-16 19:27:20,185 - root - INFO - Fetched weather for Ercsi: 15.9°C, Clouds, humidity: 59%
2026-04-16 19:27:21,286 - root - INFO - [50/1205] Fetching weather for Iváncsa...
2026-04-16 19:27:21,423 - root - INFO - Fetched weather for Iváncsa: 16.3°C, Clouds, humidity: 60%
2026-04-16 19:27:22,525 - root - INFO - [51/1205] Fetching weather for Pusztaszabolcs...
2026-04-16 19:27:22,664 - root - INFO - Fetched weather for Pusztaszabolcs: 16.3°C, Clouds, humidity: 60%
2026-04-16 19:27:23,766 - root - INFO - [52/1205] Fetching weather for Szabadegyháza...
2026-04-16 19:27:23,902 - root - INFO - Fetched weather for Szabadegyháza: 16.2°C, Clouds, humidity: 61%
2026-04-16 19:27:25,004 - root - INFO - [53/1205] Fetching weather for Sárosd...
2026-04-16 19:27:25,140 - root - INFO - Fetched weather for Sárosd: 16.2°C, Clouds, humidity: 62%
2026-04-16 19:27:26,242 - root - INFO - [54/1205] Fetching weather for Nagylók...
2026-04-16 19:27:26,377 - root - INFO - Fetched weather for Nagylók: 16.0°C, Clouds, humidity: 62%
2026-04-16 19:27:27,478 - root - INFO - [55/1205] Fetching weather for Sárbogárd...
2026-04-16 19:27:27,613 - root - INFO - Fetched weather for Sárbogárd: 16.1°C, Clouds, humidity: 64%
2026-04-16 19:27:28,715 - root - INFO - [56/1205] Fetching weather for Rétszilas...
2026-04-16 19:27:28,851 - root - INFO - Fetched weather for Rétszilas: 16.1°C, Clouds, humidity: 65%
2026-04-16 19:27:29,953 - root - INFO - [57/1205] Fetching weather for Nagyatád...
2026-04-16 19:27:30,087 - root - INFO - Fetched weather for Nagyatád: 15.2°C, Clouds, humidity: 69%
2026-04-16 19:27:31,189 - root - INFO - [58/1205] Fetching weather for Budapest-Keleti...
2026-04-16 19:27:31,325 - root - INFO - Fetched weather for Budapest-Keleti: 15.8°C, Clear, humidity: 55%
2026-04-16 19:27:32,427 - root - INFO - [59/1205] Fetching weather for Ferencváros...
2026-04-16 19:27:32,564 - root - INFO - Fetched weather for Ferencváros: 15.8°C, Clear, humidity: 55%
2026-04-16 19:27:33,666 - root - INFO - [60/1205] Fetching weather for Budapest-Nyugati...
2026-04-16 19:27:33,802 - root - INFO - Fetched weather for Budapest-Nyugati: 15.8°C, Clear, humidity: 56%
2026-04-16 19:27:34,904 - root - INFO - [61/1205] Fetching weather for Kőbánya felső...
2026-04-16 19:27:35,041 - root - INFO - Fetched weather for Kőbánya felső: 15.7°C, Clear, humidity: 54%
2026-04-16 19:27:36,142 - root - INFO - [62/1205] Fetching weather for Rákos...
2026-04-16 19:27:36,288 - root - INFO - Fetched weather for Rákos: 15.5°C, Clear, humidity: 54%
2026-04-16 19:27:37,390 - root - INFO - [63/1205] Fetching weather for Rákosrendező...
2026-04-16 19:27:37,521 - root - INFO - Fetched weather for Rákosrendező: 15.9°C, Clear, humidity: 55%
2026-04-16 19:27:38,623 - root - INFO - [64/1205] Fetching weather for Zugló...
2026-04-16 19:27:38,755 - root - INFO - Fetched weather for Zugló: 15.9°C, Clear, humidity: 55%
2026-04-16 19:27:39,857 - root - INFO - [65/1205] Fetching weather for Mezőtárkány...
2026-04-16 19:27:39,999 - root - INFO - Fetched weather for Mezőtárkány: 14.9°C, Clouds, humidity: 82%
2026-04-16 19:27:41,100 - root - INFO - [66/1205] Fetching weather for Istvántelek...
2026-04-16 19:27:41,240 - root - INFO - Fetched weather for Istvántelek: 16.0°C, Clear, humidity: 55%
2026-04-16 19:27:42,342 - root - INFO - [67/1205] Fetching weather for Rákospalota-Újpest...
2026-04-16 19:27:42,495 - root - INFO - Fetched weather for Rákospalota-Újpest: 16.0°C, Clear, humidity: 55%
2026-04-16 19:27:43,597 - root - INFO - [68/1205] Fetching weather for Kőbánya alsó...
2026-04-16 19:27:43,733 - root - INFO - Fetched weather for Kőbánya alsó: 15.7°C, Clear, humidity: 54%
2026-04-16 19:27:44,835 - root - INFO - [69/1205] Fetching weather for Kőbánya-Kispest...
2026-04-16 19:27:44,970 - root - INFO - Fetched weather for Kőbánya-Kispest: 15.6°C, Clear, humidity: 54%
2026-04-16 19:27:46,072 - root - INFO - [70/1205] Fetching weather for Pestszentlőrinc...
2026-04-16 19:27:46,207 - root - INFO - Fetched weather for Pestszentlőrinc: 15.4°C, Clear, humidity: 53%
2026-04-16 19:27:47,309 - root - INFO - [71/1205] Fetching weather for Kispest...
2026-04-16 19:27:47,443 - root - INFO - Fetched weather for Kispest: 15.6°C, Clear, humidity: 54%
2026-04-16 19:27:48,545 - root - INFO - [72/1205] Fetching weather for Újpest...
2026-04-16 19:27:48,676 - root - INFO - Fetched weather for Újpest: 16.0°C, Clear, humidity: 56%
2026-04-16 19:27:49,778 - root - INFO - [73/1205] Fetching weather for Pestszentimre felső...
2026-04-16 19:27:49,918 - root - INFO - Fetched weather for Pestszentimre felső: 15.5°C, Clear, humidity: 54%
2026-04-16 19:27:51,019 - root - INFO - [74/1205] Fetching weather for Dunakeszi...
2026-04-16 19:27:51,161 - root - INFO - Fetched weather for Dunakeszi: 15.9°C, Clouds, humidity: 56%
2026-04-16 19:27:52,263 - root - INFO - [75/1205] Fetching weather for Dunakeszi-Gyártelep...
2026-04-16 19:27:52,404 - root - INFO - Fetched weather for Dunakeszi-Gyártelep: 15.9°C, Clouds, humidity: 56%
2026-04-16 19:27:53,506 - root - INFO - [76/1205] Fetching weather for Alsógöd...
2026-04-16 19:27:53,642 - root - INFO - Fetched weather for Alsógöd: 15.9°C, Clouds, humidity: 54%
2026-04-16 19:27:54,743 - root - INFO - [77/1205] Fetching weather for Göd...
2026-04-16 19:27:54,881 - root - INFO - Fetched weather for Göd: 15.9°C, Clouds, humidity: 55%
2026-04-16 19:27:55,983 - root - INFO - [78/1205] Fetching weather for Felsőgöd...
2026-04-16 19:27:56,115 - root - INFO - Fetched weather for Felsőgöd: 16.0°C, Clouds, humidity: 55%
2026-04-16 19:27:57,217 - root - INFO - [79/1205] Fetching weather for Sződ-Sződliget...
2026-04-16 19:27:57,345 - root - INFO - Fetched weather for Sződ-Sződliget: 16.1°C, Clouds, humidity: 55%
2026-04-16 19:27:58,447 - root - INFO - [80/1205] Fetching weather for Vác...
2026-04-16 19:27:58,579 - root - INFO - Fetched weather for Vác: 16.1°C, Clouds, humidity: 61%
2026-04-16 19:27:59,681 - root - INFO - [81/1205] Fetching weather for Verőce...
2026-04-16 19:27:59,817 - root - INFO - Fetched weather for Verőce: 15.9°C, Clouds, humidity: 63%
2026-04-16 19:28:00,919 - root - INFO - [82/1205] Fetching weather for Kismaros...
2026-04-16 19:28:01,056 - root - INFO - Fetched weather for Kismaros: 15.9°C, Clouds, humidity: 63%
2026-04-16 19:28:02,157 - root - INFO - [83/1205] Fetching weather for Nagymaros-Visegrád...
2026-04-16 19:28:02,297 - root - INFO - Fetched weather for Nagymaros-Visegrád: 15.9°C, Clouds, humidity: 63%
2026-04-16 19:28:03,399 - root - INFO - [84/1205] Fetching weather for Nagymaros...
2026-04-16 19:28:03,534 - root - INFO - Fetched weather for Nagymaros: 16.0°C, Clouds, humidity: 63%
2026-04-16 19:28:04,636 - root - INFO - [85/1205] Fetching weather for Zebegény...
2026-04-16 19:28:04,770 - root - INFO - Fetched weather for Zebegény: 15.9°C, Clouds, humidity: 63%
2026-04-16 19:28:05,872 - root - INFO - [86/1205] Fetching weather for Szob...
2026-04-16 19:28:06,009 - root - INFO - Fetched weather for Szob: 15.9°C, Clouds, humidity: 64%
2026-04-16 19:28:07,111 - root - INFO - [87/1205] Fetching weather for Alagimajor...
2026-04-16 19:28:07,246 - root - INFO - Fetched weather for Alagimajor: 15.9°C, Clear, humidity: 55%
2026-04-16 19:28:08,348 - root - INFO - [88/1205] Fetching weather for Fót...
2026-04-16 19:28:08,480 - root - INFO - Fetched weather for Fót: 15.8°C, Clouds, humidity: 55%
2026-04-16 19:28:09,582 - root - INFO - [89/1205] Fetching weather for Fótújfalu...
2026-04-16 19:28:09,715 - root - INFO - Fetched weather for Fótújfalu: 15.7°C, Clouds, humidity: 55%
2026-04-16 19:28:10,816 - root - INFO - [90/1205] Fetching weather for Csomád...
2026-04-16 19:28:10,952 - root - INFO - Fetched weather for Csomád: 15.3°C, Clouds, humidity: 54%
2026-04-16 19:28:12,054 - root - INFO - [91/1205] Fetching weather for Veresegyház...
2026-04-16 19:28:12,186 - root - INFO - Fetched weather for Veresegyház: 15.4°C, Clouds, humidity: 54%
2026-04-16 19:28:13,288 - root - INFO - [92/1205] Fetching weather for Erdőkertes...
2026-04-16 19:28:13,483 - root - INFO - Fetched weather for Erdőkertes: 15.4°C, Clouds, humidity: 57%
2026-04-16 19:28:14,585 - root - INFO - [93/1205] Fetching weather for Őrbottyán...
2026-04-16 19:28:14,716 - root - INFO - Fetched weather for Őrbottyán: 15.4°C, Clouds, humidity: 57%
2026-04-16 19:28:15,818 - root - INFO - [94/1205] Fetching weather for Váchartyán...
2026-04-16 19:28:15,960 - root - INFO - Fetched weather for Váchartyán: 15.9°C, Clouds, humidity: 59%
2026-04-16 19:28:17,062 - root - INFO - [95/1205] Fetching weather for Magyarkút-Verőce...
2026-04-16 19:28:17,201 - root - INFO - Fetched weather for Magyarkút-Verőce: 16.1°C, Clouds, humidity: 63%
2026-04-16 19:28:18,302 - root - INFO - [96/1205] Fetching weather for Szokolya...
2026-04-16 19:28:18,445 - root - INFO - Fetched weather for Szokolya: 14.3°C, Clouds, humidity: 63%
2026-04-16 19:28:19,546 - root - INFO - [97/1205] Fetching weather for Berkenye...
2026-04-16 19:28:19,688 - root - INFO - Fetched weather for Berkenye: 15.0°C, Clear, humidity: 63%
2026-04-16 19:28:20,790 - root - INFO - [98/1205] Fetching weather for Nógrád...
2026-04-16 19:28:20,929 - root - INFO - Fetched weather for Nógrád: 14.6°C, Clouds, humidity: 63%
2026-04-16 19:28:22,031 - root - INFO - [99/1205] Fetching weather for Diósjenő...
2026-04-16 19:28:22,163 - root - INFO - Fetched weather for Diósjenő: 14.2°C, Clouds, humidity: 63%
2026-04-16 19:28:23,265 - root - INFO - [100/1205] Fetching weather for Borsosberény...
2026-04-16 19:28:23,408 - root - INFO - Fetched weather for Borsosberény: 14.8°C, Clear, humidity: 63%
2026-04-16 19:28:24,510 - root - INFO - [101/1205] Fetching weather for Nagyoroszi...
2026-04-16 19:28:24,649 - root - INFO - Fetched weather for Nagyoroszi: 14.6°C, Clear, humidity: 63%
2026-04-16 19:28:25,751 - root - INFO - [102/1205] Fetching weather for Drégelyvár...
2026-04-16 19:28:25,887 - root - INFO - Fetched weather for Drégelyvár: 14.8°C, Clear, humidity: 63%
2026-04-16 19:28:26,989 - root - INFO - [103/1205] Fetching weather for Drégely...
2026-04-16 19:28:27,122 - root - INFO - Fetched weather for Drégely: 15.1°C, Clear, humidity: 63%
2026-04-16 19:28:28,224 - root - INFO - [104/1205] Fetching weather for Drégelypalánk...
2026-04-16 19:28:28,359 - root - INFO - Fetched weather for Drégelypalánk: 15.2°C, Clear, humidity: 63%
2026-04-16 19:28:29,460 - root - INFO - [105/1205] Fetching weather for Ipolyvece...
2026-04-16 19:28:29,601 - root - INFO - Fetched weather for Ipolyvece: 15.2°C, Clear, humidity: 63%
2026-04-16 19:28:30,703 - root - INFO - [106/1205] Fetching weather for Dejtár...
2026-04-16 19:28:30,851 - root - INFO - Fetched weather for Dejtár: 15.2°C, Clear, humidity: 64%
2026-04-16 19:28:31,952 - root - INFO - [107/1205] Fetching weather for Ipolyszög...
2026-04-16 19:28:32,086 - root - INFO - Fetched weather for Ipolyszög: 15.2°C, Clouds, humidity: 64%
2026-04-16 19:28:33,188 - root - INFO - [108/1205] Fetching weather for Iklad-Domony...
2026-04-16 19:28:33,330 - root - INFO - Fetched weather for Iklad-Domony: 15.5°C, Clouds, humidity: 59%
2026-04-16 19:28:34,432 - root - INFO - [109/1205] Fetching weather for Iklad-Domony felső...
2026-04-16 19:28:34,575 - root - INFO - Fetched weather for Iklad-Domony felső: 15.5°C, Clouds, humidity: 59%
2026-04-16 19:28:35,677 - root - INFO - [110/1205] Fetching weather for Galgamácsa...
2026-04-16 19:28:35,814 - root - INFO - Fetched weather for Galgamácsa: 15.5°C, Clouds, humidity: 59%
2026-04-16 19:28:36,915 - root - INFO - [111/1205] Fetching weather for Vácrátót...
2026-04-16 19:28:37,063 - root - INFO - Fetched weather for Vácrátót: 15.9°C, Clouds, humidity: 59%
2026-04-16 19:28:38,164 - root - INFO - [112/1205] Fetching weather for Csörög...
2026-04-16 19:28:38,304 - root - INFO - Fetched weather for Csörög: 15.9°C, Clouds, humidity: 59%
2026-04-16 19:28:39,406 - root - INFO - [113/1205] Fetching weather for Galgagyörk...
2026-04-16 19:28:39,537 - root - INFO - Fetched weather for Galgagyörk: 15.4°C, Clouds, humidity: 60%
2026-04-16 19:28:40,639 - root - INFO - [114/1205] Fetching weather for Püspökhatvan...
2026-04-16 19:28:40,771 - root - INFO - Fetched weather for Püspökhatvan: 15.7°C, Clouds, humidity: 61%
2026-04-16 19:28:41,873 - root - INFO - [115/1205] Fetching weather for Acsa-Erdőkürt...
2026-04-16 19:28:42,008 - root - INFO - Fetched weather for Acsa-Erdőkürt: 15.4°C, Clouds, humidity: 61%
2026-04-16 19:28:43,110 - root - INFO - [116/1205] Fetching weather for Galgaguta...
2026-04-16 19:28:43,250 - root - INFO - Fetched weather for Galgaguta: 15.0°C, Clouds, humidity: 62%
2026-04-16 19:28:44,352 - root - INFO - [117/1205] Fetching weather for Nógrádkövesd...
2026-04-16 19:28:44,488 - root - INFO - Fetched weather for Nógrádkövesd: 15.1°C, Clouds, humidity: 63%
2026-04-16 19:28:45,590 - root - INFO - [118/1205] Fetching weather for Magyarnándor...
2026-04-16 19:28:45,738 - root - INFO - Fetched weather for Magyarnándor: 14.8°C, Clouds, humidity: 64%
2026-04-16 19:28:46,840 - root - INFO - [119/1205] Fetching weather for Mohora...
2026-04-16 19:28:46,979 - root - INFO - Fetched weather for Mohora: 14.9°C, Clouds, humidity: 64%
2026-04-16 19:28:48,081 - root - INFO - [120/1205] Fetching weather for Szügy...
2026-04-16 19:28:48,228 - root - INFO - Fetched weather for Szügy: 15.0°C, Clouds, humidity: 65%
2026-04-16 19:28:49,330 - root - INFO - [121/1205] Fetching weather for Balassagyarmat...
2026-04-16 19:28:49,460 - root - INFO - Fetched weather for Balassagyarmat: 15.0°C, Clouds, humidity: 65%
2026-04-16 19:28:50,562 - root - INFO - [122/1205] Fetching weather for Őrhalom...
2026-04-16 19:28:50,694 - root - INFO - Fetched weather for Őrhalom: 14.7°C, Clouds, humidity: 68%
2026-04-16 19:28:51,795 - root - INFO - [123/1205] Fetching weather for Hugyag...
2026-04-16 19:28:51,943 - root - INFO - Fetched weather for Hugyag: 14.7°C, Clouds, humidity: 68%
2026-04-16 19:28:53,045 - root - INFO - [124/1205] Fetching weather for Szécsény...
2026-04-16 19:28:53,178 - root - INFO - Fetched weather for Szécsény: 14.8°C, Clouds, humidity: 70%
2026-04-16 19:28:54,280 - root - INFO - [125/1205] Fetching weather for Ludányhalászi...
2026-04-16 19:28:54,425 - root - INFO - Fetched weather for Ludányhalászi: 14.7°C, Clouds, humidity: 72%
2026-04-16 19:28:55,526 - root - INFO - [126/1205] Fetching weather for Nógrádszakál...
2026-04-16 19:28:55,657 - root - INFO - Fetched weather for Nógrádszakál: 14.6°C, Clouds, humidity: 73%
2026-04-16 19:28:56,758 - root - INFO - [127/1205] Fetching weather for Ráróspuszta...
2026-04-16 19:28:56,897 - root - INFO - Fetched weather for Ráróspuszta: 14.0°C, Clouds, humidity: 74%
2026-04-16 19:28:57,999 - root - INFO - [128/1205] Fetching weather for Litke...
2026-04-16 19:28:58,143 - root - INFO - Fetched weather for Litke: 14.4°C, Clouds, humidity: 75%
2026-04-16 19:28:59,245 - root - INFO - [129/1205] Fetching weather for Nyíregyháza külső...
2026-04-16 19:28:59,391 - root - INFO - Fetched weather for Nyíregyháza külső: 14.5°C, Clouds, humidity: 71%
2026-04-16 19:29:00,493 - root - INFO - [130/1205] Fetching weather for Oros...
2026-04-16 19:29:00,623 - root - INFO - Fetched weather for Oros: 14.5°C, Clouds, humidity: 71%
2026-04-16 19:29:01,725 - root - INFO - [131/1205] Fetching weather for Napkor...
2026-04-16 19:29:01,864 - root - INFO - Fetched weather for Napkor: 14.6°C, Clouds, humidity: 70%
2026-04-16 19:29:02,966 - root - INFO - [132/1205] Fetching weather for Apagy...
2026-04-16 19:29:03,100 - root - INFO - Fetched weather for Apagy: 14.6°C, Clouds, humidity: 70%
2026-04-16 19:29:04,202 - root - INFO - [133/1205] Fetching weather for Levelek-Magy...
2026-04-16 19:29:04,348 - root - INFO - Fetched weather for Levelek-Magy: 14.6°C, Clouds, humidity: 69%
2026-04-16 19:29:05,450 - root - INFO - [134/1205] Fetching weather for Ófehértó...
2026-04-16 19:29:05,588 - root - INFO - Fetched weather for Ófehértó: 14.6°C, Clouds, humidity: 69%
2026-04-16 19:29:06,690 - root - INFO - [135/1205] Fetching weather for Ligettanya...
2026-04-16 19:29:06,834 - root - INFO - Fetched weather for Ligettanya: 14.5°C, Clouds, humidity: 69%
2026-04-16 19:29:07,936 - root - INFO - [136/1205] Fetching weather for Baktalórántháza...
2026-04-16 19:29:08,072 - root - INFO - Fetched weather for Baktalórántháza: 14.5°C, Clouds, humidity: 69%
2026-04-16 19:29:09,174 - root - INFO - [137/1205] Fetching weather for Vaja-Rohod...
2026-04-16 19:29:09,315 - root - INFO - Fetched weather for Vaja-Rohod: 14.6°C, Clouds, humidity: 69%
2026-04-16 19:29:10,417 - root - INFO - [138/1205] Fetching weather for Rákóczitanya...
2026-04-16 19:29:10,562 - root - INFO - Fetched weather for Rákóczitanya: 14.6°C, Clouds, humidity: 69%
2026-04-16 19:29:11,664 - root - INFO - [139/1205] Fetching weather for Nyírmada...
2026-04-16 19:29:11,799 - root - INFO - Fetched weather for Nyírmada: 14.6°C, Clouds, humidity: 69%
2026-04-16 19:29:12,901 - root - INFO - [140/1205] Fetching weather for Tunyogmatolcs...
2026-04-16 19:29:13,041 - root - INFO - Fetched weather for Tunyogmatolcs: 15.0°C, Clouds, humidity: 66%
2026-04-16 19:29:14,143 - root - INFO - [141/1205] Fetching weather for Tunyogmatolcs alsó...
2026-04-16 19:29:14,280 - root - INFO - Fetched weather for Tunyogmatolcs alsó: 15.1°C, Clouds, humidity: 66%
2026-04-16 19:29:15,381 - root - INFO - [142/1205] Fetching weather for Fehérgyarmat...
2026-04-16 19:29:15,518 - root - INFO - Fetched weather for Fehérgyarmat: 15.2°C, Clouds, humidity: 65%
2026-04-16 19:29:16,620 - root - INFO - [143/1205] Fetching weather for Penyige...
2026-04-16 19:29:16,755 - root - INFO - Fetched weather for Penyige: 15.3°C, Clouds, humidity: 65%
2026-04-16 19:29:17,857 - root - INFO - [144/1205] Fetching weather for Nagyszekeres...
2026-04-16 19:29:17,994 - root - INFO - Fetched weather for Nagyszekeres: 15.3°C, Clouds, humidity: 65%
2026-04-16 19:29:19,096 - root - INFO - [145/1205] Fetching weather for Kisszekeres...
2026-04-16 19:29:19,249 - root - INFO - Fetched weather for Kisszekeres: 15.3°C, Clouds, humidity: 65%
2026-04-16 19:29:20,350 - root - INFO - [146/1205] Fetching weather for Jánkmajtis...
2026-04-16 19:29:20,500 - root - INFO - Fetched weather for Jánkmajtis: 15.3°C, Clouds, humidity: 65%
2026-04-16 19:29:21,602 - root - INFO - [147/1205] Fetching weather for Gacsály...
2026-04-16 19:29:21,735 - root - INFO - Fetched weather for Gacsály: 16.0°C, Clouds, humidity: 65%
2026-04-16 19:29:22,837 - root - INFO - [148/1205] Fetching weather for Zajta...
2026-04-16 19:29:22,977 - root - INFO - Fetched weather for Zajta: 16.0°C, Clouds, humidity: 64%
2026-04-16 19:29:24,078 - root - INFO - [149/1205] Fetching weather for Eperjeske alsó...
2026-04-16 19:29:24,215 - root - INFO - Fetched weather for Eperjeske alsó: 14.6°C, Clouds, humidity: 68%
2026-04-16 19:29:25,317 - root - INFO - [150/1205] Fetching weather for Mándok...
2026-04-16 19:29:25,455 - root - INFO - Fetched weather for Mándok: 14.7°C, Clouds, humidity: 68%
2026-04-16 19:29:26,557 - root - INFO - [151/1205] Fetching weather for Tornyospálca...
2026-04-16 19:29:26,698 - root - INFO - Fetched weather for Tornyospálca: 14.7°C, Clouds, humidity: 68%
2026-04-16 19:29:27,800 - root - INFO - [152/1205] Fetching weather for Aranyosapáti...
2026-04-16 19:29:27,935 - root - INFO - Fetched weather for Aranyosapáti: 14.8°C, Clouds, humidity: 68%
2026-04-16 19:29:29,037 - root - INFO - [153/1205] Fetching weather for Gyüre...
2026-04-16 19:29:29,172 - root - INFO - Fetched weather for Gyüre: 14.8°C, Clouds, humidity: 68%
2026-04-16 19:29:30,275 - root - INFO - [154/1205] Fetching weather for Varsány...
2026-04-16 19:29:30,419 - root - INFO - Fetched weather for Varsány: 14.9°C, Clouds, humidity: 68%
2026-04-16 19:29:31,521 - root - INFO - [155/1205] Fetching weather for Vásárosnamény...
2026-04-16 19:29:31,652 - root - INFO - Fetched weather for Vásárosnamény: 14.9°C, Clouds, humidity: 68%
2026-04-16 19:29:32,754 - root - INFO - [156/1205] Fetching weather for Vitka...
2026-04-16 19:29:32,893 - root - INFO - Fetched weather for Vitka: 14.9°C, Clouds, humidity: 68%
2026-04-16 19:29:33,995 - root - INFO - [157/1205] Fetching weather for Nagydobos...
2026-04-16 19:29:34,137 - root - INFO - Fetched weather for Nagydobos: 14.8°C, Clouds, humidity: 68%
2026-04-16 19:29:35,239 - root - INFO - [158/1205] Fetching weather for Ópályi...
2026-04-16 19:29:35,379 - root - INFO - Fetched weather for Ópályi: 14.8°C, Clouds, humidity: 68%
2026-04-16 19:29:36,481 - root - INFO - [159/1205] Fetching weather for Nyírcsaholy...
2026-04-16 19:29:36,626 - root - INFO - Fetched weather for Nyírcsaholy: 14.9°C, Clouds, humidity: 67%
2026-04-16 19:29:37,728 - root - INFO - [160/1205] Fetching weather for Nagyecsed...
2026-04-16 19:29:37,866 - root - INFO - Fetched weather for Nagyecsed: 14.9°C, Clouds, humidity: 66%
2026-04-16 19:29:38,968 - root - INFO - [161/1205] Fetching weather for Tiborszállás...
2026-04-16 19:29:39,109 - root - INFO - Fetched weather for Tiborszállás: 14.9°C, Clouds, humidity: 65%
2026-04-16 19:29:40,211 - root - INFO - [162/1205] Fetching weather for Kiskunhalas...
2026-04-16 19:29:40,359 - root - INFO - Fetched weather for Kiskunhalas: 16.1°C, Clouds, humidity: 65%
2026-04-16 19:29:41,461 - root - INFO - [163/1205] Fetching weather for Kecskemét alsó...
2026-04-16 19:29:41,591 - root - INFO - Fetched weather for Kecskemét alsó: 15.0°C, Clear, humidity: 58%
2026-04-16 19:29:42,693 - root - INFO - [164/1205] Fetching weather for Putnok...
2026-04-16 19:29:42,836 - root - INFO - Fetched weather for Putnok: 13.3°C, Clouds, humidity: 78%
2026-04-16 19:29:43,937 - root - INFO - [165/1205] Fetching weather for Bánréve...
2026-04-16 19:29:44,066 - root - INFO - Fetched weather for Bánréve: 13.3°C, Clouds, humidity: 80%
2026-04-16 19:29:45,168 - root - INFO - [166/1205] Fetching weather for Ipolytarnóc...
2026-04-16 19:29:45,311 - root - INFO - Fetched weather for Ipolytarnóc: 14.3°C, Clouds, humidity: 76%
2026-04-16 19:29:46,413 - root - INFO - [167/1205] Fetching weather for Rákosliget...
2026-04-16 19:29:46,552 - root - INFO - Fetched weather for Rákosliget: 15.4°C, Clear, humidity: 53%
2026-04-16 19:29:47,654 - root - INFO - [168/1205] Fetching weather for Ikrény...
2026-04-16 19:29:47,788 - root - INFO - Fetched weather for Ikrény: 14.1°C, Clear, humidity: 73%
2026-04-16 19:29:48,890 - root - INFO - [169/1205] Fetching weather for Rábapatona...
2026-04-16 19:29:49,046 - root - INFO - Fetched weather for Rábapatona: 14.1°C, Clear, humidity: 72%
2026-04-16 19:29:50,148 - root - INFO - [170/1205] Fetching weather for Enese...
2026-04-16 19:29:50,284 - root - INFO - Fetched weather for Enese: 14.1°C, Clear, humidity: 71%
2026-04-16 19:29:51,385 - root - INFO - [171/1205] Fetching weather for Kóny...
2026-04-16 19:29:51,529 - root - INFO - Fetched weather for Kóny: 15.0°C, Clear, humidity: 71%
2026-04-16 19:29:52,631 - root - INFO - [172/1205] Fetching weather for Farád...
2026-04-16 19:29:52,770 - root - INFO - Fetched weather for Farád: 15.0°C, Clear, humidity: 71%
2026-04-16 19:29:53,872 - root - INFO - [173/1205] Fetching weather for Rábatamási...
2026-04-16 19:29:54,008 - root - INFO - Fetched weather for Rábatamási: 15.0°C, Clear, humidity: 71%
2026-04-16 19:29:55,110 - root - INFO - [174/1205] Fetching weather for Szárföld...
2026-04-16 19:29:55,255 - root - INFO - Fetched weather for Szárföld: 15.0°C, Clear, humidity: 71%
2026-04-16 19:29:56,357 - root - INFO - [175/1205] Fetching weather for Veszkény...
2026-04-16 19:29:56,499 - root - INFO - Fetched weather for Veszkény: 15.0°C, Clear, humidity: 71%
2026-04-16 19:29:57,601 - root - INFO - [176/1205] Fetching weather for Kapuvár...
2026-04-16 19:29:57,747 - root - INFO - Fetched weather for Kapuvár: 15.0°C, Clear, humidity: 68%
2026-04-16 19:29:58,849 - root - INFO - [177/1205] Fetching weather for Vitnyéd-Csermajor...
2026-04-16 19:29:58,978 - root - INFO - Fetched weather for Vitnyéd-Csermajor: 15.3°C, Clear, humidity: 68%
2026-04-16 19:30:00,080 - root - INFO - [178/1205] Fetching weather for Petőháza...
2026-04-16 19:30:00,213 - root - INFO - Fetched weather for Petőháza: 14.4°C, Clouds, humidity: 72%
2026-04-16 19:30:01,315 - root - INFO - [179/1205] Fetching weather for Fertőszentmiklós...
2026-04-16 19:30:01,448 - root - INFO - Fetched weather for Fertőszentmiklós: 13.4°C, Clouds, humidity: 72%
2026-04-16 19:30:02,549 - root - INFO - [180/1205] Fetching weather for Pinnye...
2026-04-16 19:30:02,690 - root - INFO - Fetched weather for Pinnye: 13.3°C, Clouds, humidity: 72%
2026-04-16 19:30:03,792 - root - INFO - [181/1205] Fetching weather for Fertőboz...
2026-04-16 19:30:03,927 - root - INFO - Fetched weather for Fertőboz: 13.1°C, Clouds, humidity: 71%
2026-04-16 19:30:05,029 - root - INFO - [182/1205] Fetching weather for Sopron...
2026-04-16 19:30:05,187 - root - INFO - Fetched weather for Sopron: 12.8°C, Clouds, humidity: 70%
2026-04-16 19:30:06,289 - root - INFO - [183/1205] Fetching weather for Fertőszéplak-Fertőd...
2026-04-16 19:30:06,420 - root - INFO - Fetched weather for Fertőszéplak-Fertőd: 13.4°C, Clouds, humidity: 72%
2026-04-16 19:30:07,522 - root - INFO - [184/1205] Fetching weather for Nyúl...
2026-04-16 19:30:07,659 - root - INFO - Fetched weather for Nyúl: 14.0°C, Clear, humidity: 67%
2026-04-16 19:30:08,761 - root - INFO - [185/1205] Fetching weather for Pannonhalma...
2026-04-16 19:30:08,905 - root - INFO - Fetched weather for Pannonhalma: 14.0°C, Clear, humidity: 67%
2026-04-16 19:30:10,007 - root - INFO - [186/1205] Fetching weather for Tarjánpuszta...
2026-04-16 19:30:10,148 - root - INFO - Fetched weather for Tarjánpuszta: 13.7°C, Clear, humidity: 67%
2026-04-16 19:30:11,250 - root - INFO - [187/1205] Fetching weather for Győrasszonyfa...
2026-04-16 19:30:11,377 - root - INFO - Fetched weather for Győrasszonyfa: 13.7°C, Clear, humidity: 67%
2026-04-16 19:30:12,479 - root - INFO - [188/1205] Fetching weather for Veszprémvarsány...
2026-04-16 19:30:12,625 - root - INFO - Fetched weather for Veszprémvarsány: 13.7°C, Clouds, humidity: 75%
2026-04-16 19:30:13,727 - root - INFO - [189/1205] Fetching weather for Bakonyszentlászló...
2026-04-16 19:30:13,871 - root - INFO - Fetched weather for Bakonyszentlászló: 11.6°C, Clouds, humidity: 76%
2026-04-16 19:30:14,973 - root - INFO - [190/1205] Fetching weather for Porva-Csesznek...
2026-04-16 19:30:15,121 - root - INFO - Fetched weather for Porva-Csesznek: 10.6°C, Clouds, humidity: 76%
2026-04-16 19:30:16,223 - root - INFO - [191/1205] Fetching weather for Zirc...
2026-04-16 19:30:16,361 - root - INFO - Fetched weather for Zirc: 12.4°C, Clouds, humidity: 76%
2026-04-16 19:30:17,463 - root - INFO - [192/1205] Fetching weather for Eplény...
2026-04-16 19:30:17,599 - root - INFO - Fetched weather for Eplény: 12.8°C, Clear, humidity: 75%
2026-04-16 19:30:18,701 - root - INFO - [193/1205] Fetching weather for Marcaltő...
2026-04-16 19:30:18,861 - root - INFO - Fetched weather for Marcaltő: 12.2°C, Clear, humidity: 76%
2026-04-16 19:30:19,963 - root - INFO - [194/1205] Fetching weather for Szany-Rábaszentandrás...
2026-04-16 19:30:20,111 - root - INFO - Fetched weather for Szany-Rábaszentandrás: 12.2°C, Clear, humidity: 76%
2026-04-16 19:30:21,213 - root - INFO - [195/1205] Fetching weather for Egyed-Rábacsanak...
2026-04-16 19:30:21,363 - root - INFO - Fetched weather for Egyed-Rábacsanak: 12.2°C, Clear, humidity: 73%
2026-04-16 19:30:22,464 - root - INFO - [196/1205] Fetching weather for Rábapordány...
2026-04-16 19:30:22,605 - root - INFO - Fetched weather for Rábapordány: 12.2°C, Clear, humidity: 73%
2026-04-16 19:30:23,707 - root - INFO - [197/1205] Fetching weather for Albertfalva...
2026-04-16 19:30:23,846 - root - INFO - Fetched weather for Albertfalva: 15.9°C, Clear, humidity: 55%
2026-04-16 19:30:24,948 - root - INFO - [198/1205] Fetching weather for Budafok...
2026-04-16 19:30:25,082 - root - INFO - Fetched weather for Budafok: 15.9°C, Clear, humidity: 55%
2026-04-16 19:30:26,184 - root - INFO - [199/1205] Fetching weather for Tétényliget...
2026-04-16 19:30:26,319 - root - INFO - Fetched weather for Tétényliget: 15.9°C, Clouds, humidity: 56%
2026-04-16 19:30:27,421 - root - INFO - [200/1205] Fetching weather for Érd alsó...
2026-04-16 19:30:27,557 - root - INFO - Fetched weather for Érd alsó: 16.1°C, Clouds, humidity: 54%
2026-04-16 19:30:28,659 - root - INFO - [201/1205] Fetching weather for Tárnok...
2026-04-16 19:30:28,801 - root - INFO - Fetched weather for Tárnok: 16.1°C, Clouds, humidity: 54%
2026-04-16 19:30:29,904 - root - INFO - [202/1205] Fetching weather for Martonvásár...
2026-04-16 19:30:30,039 - root - INFO - Fetched weather for Martonvásár: 15.9°C, Clouds, humidity: 61%
2026-04-16 19:30:31,141 - root - INFO - [203/1205] Fetching weather for Baracska...
2026-04-16 19:30:31,295 - root - INFO - Fetched weather for Baracska: 13.7°C, Clouds, humidity: 62%
2026-04-16 19:30:32,398 - root - INFO - [204/1205] Fetching weather for Pettend...
2026-04-16 19:30:32,539 - root - INFO - Fetched weather for Pettend: 13.1°C, Clouds, humidity: 63%
2026-04-16 19:30:33,640 - root - INFO - [205/1205] Fetching weather for Kápolnásnyék...
2026-04-16 19:30:33,776 - root - INFO - Fetched weather for Kápolnásnyék: 13.2°C, Clouds, humidity: 64%
2026-04-16 19:30:34,878 - root - INFO - [206/1205] Fetching weather for Velence...
2026-04-16 19:30:35,018 - root - INFO - Fetched weather for Velence: 13.2°C, Clouds, humidity: 64%
2026-04-16 19:30:36,120 - root - INFO - [207/1205] Fetching weather for Velencefürdő...
2026-04-16 19:30:36,264 - root - INFO - Fetched weather for Velencefürdő: 14.9°C, Clouds, humidity: 64%
2026-04-16 19:30:37,365 - root - INFO - [208/1205] Fetching weather for Gárdony...
2026-04-16 19:30:37,503 - root - INFO - Fetched weather for Gárdony: 14.9°C, Clouds, humidity: 65%
2026-04-16 19:30:38,605 - root - INFO - [209/1205] Fetching weather for Agárd...
2026-04-16 19:30:38,745 - root - INFO - Fetched weather for Agárd: 14.9°C, Clouds, humidity: 65%
2026-04-16 19:30:39,846 - root - INFO - [210/1205] Fetching weather for Dinnyés...
2026-04-16 19:30:39,995 - root - INFO - Fetched weather for Dinnyés: 14.8°C, Clouds, humidity: 67%
2026-04-16 19:30:41,097 - root - INFO - [211/1205] Fetching weather for Székesfehérvár...
2026-04-16 19:30:41,236 - root - INFO - Fetched weather for Székesfehérvár: 14.7°C, Clouds, humidity: 69%
2026-04-16 19:30:42,338 - root - INFO - [212/1205] Fetching weather for Szabadbattyán...
2026-04-16 19:30:42,481 - root - INFO - Fetched weather for Szabadbattyán: 14.6°C, Clouds, humidity: 70%
2026-04-16 19:30:43,583 - root - INFO - [213/1205] Fetching weather for Kiscséripuszta...
2026-04-16 19:30:43,723 - root - INFO - Fetched weather for Kiscséripuszta: 14.7°C, Clouds, humidity: 71%
2026-04-16 19:30:44,825 - root - INFO - [214/1205] Fetching weather for Lepsény...
2026-04-16 19:30:44,964 - root - INFO - Fetched weather for Lepsény: 14.9°C, Clouds, humidity: 63%
2026-04-16 19:30:46,066 - root - INFO - [215/1205] Fetching weather for Balatonaliga...
2026-04-16 19:30:46,199 - root - INFO - Fetched weather for Balatonaliga: 14.7°C, Clouds, humidity: 63%
2026-04-16 19:30:47,301 - root - INFO - [216/1205] Fetching weather for Balatonvilágos...
2026-04-16 19:30:47,440 - root - INFO - Fetched weather for Balatonvilágos: 14.8°C, Clouds, humidity: 63%
2026-04-16 19:30:48,542 - root - INFO - [217/1205] Fetching weather for Szabadifürdő...
2026-04-16 19:30:48,684 - root - INFO - Fetched weather for Szabadifürdő: 14.9°C, Clouds, humidity: 63%
2026-04-16 19:30:49,786 - root - INFO - [218/1205] Fetching weather for Ózd alsó...
2026-04-16 19:30:49,924 - root - INFO - Fetched weather for Ózd alsó: 13.2°C, Clouds, humidity: 81%
2026-04-16 19:30:51,026 - root - INFO - [219/1205] Fetching weather for Ózd...
2026-04-16 19:30:51,163 - root - INFO - Fetched weather for Ózd: 13.2°C, Clouds, humidity: 81%
2026-04-16 19:30:52,265 - root - INFO - [220/1205] Fetching weather for Alsóboldva...
2026-04-16 19:30:52,404 - root - INFO - Fetched weather for Alsóboldva: 13.9°C, Clouds, humidity: 59%
2026-04-16 19:30:53,506 - root - INFO - [221/1205] Fetching weather for Boldva...
2026-04-16 19:30:53,637 - root - INFO - Fetched weather for Boldva: 13.9°C, Clouds, humidity: 59%
2026-04-16 19:30:54,739 - root - INFO - [222/1205] Fetching weather for Borsodszirák...
2026-04-16 19:30:54,903 - root - INFO - Fetched weather for Borsodszirák: 13.3°C, Clouds, humidity: 59%
2026-04-16 19:30:56,005 - root - INFO - [223/1205] Fetching weather for Edelény alsó...
2026-04-16 19:30:56,142 - root - INFO - Fetched weather for Edelény alsó: 13.9°C, Clouds, humidity: 74%
2026-04-16 19:30:57,244 - root - INFO - [224/1205] Fetching weather for Edelény...
2026-04-16 19:30:57,388 - root - INFO - Fetched weather for Edelény: 13.8°C, Clouds, humidity: 74%
2026-04-16 19:30:58,490 - root - INFO - [225/1205] Fetching weather for Szendrőlád...
2026-04-16 19:30:58,628 - root - INFO - Fetched weather for Szendrőlád: 13.8°C, Clouds, humidity: 75%
2026-04-16 19:30:59,730 - root - INFO - [226/1205] Fetching weather for Szendrő...
2026-04-16 19:30:59,866 - root - INFO - Fetched weather for Szendrő: 12.9°C, Clouds, humidity: 76%
2026-04-16 19:31:00,967 - root - INFO - [227/1205] Fetching weather for Szendrő felső...
2026-04-16 19:31:01,121 - root - INFO - Fetched weather for Szendrő felső: 12.9°C, Clouds, humidity: 76%
2026-04-16 19:31:02,223 - root - INFO - [228/1205] Fetching weather for Szalonna...
2026-04-16 19:31:02,363 - root - INFO - Fetched weather for Szalonna: 13.0°C, Clouds, humidity: 77%
2026-04-16 19:31:03,465 - root - INFO - [229/1205] Fetching weather for Perkupa...
2026-04-16 19:31:03,605 - root - INFO - Fetched weather for Perkupa: 12.2°C, Clouds, humidity: 78%
2026-04-16 19:31:04,707 - root - INFO - [230/1205] Fetching weather for Szemeretelep...
2026-04-16 19:31:04,848 - root - INFO - Fetched weather for Szemeretelep: 15.4°C, Clear, humidity: 53%
2026-04-16 19:31:05,950 - root - INFO - [231/1205] Fetching weather for Jósvafő-Aggtelek...
2026-04-16 19:31:06,088 - root - INFO - Fetched weather for Jósvafő-Aggtelek: 12.6°C, Clouds, humidity: 79%
2026-04-16 19:31:07,189 - root - INFO - [232/1205] Fetching weather for Bódvaszilas...
2026-04-16 19:31:07,337 - root - INFO - Fetched weather for Bódvaszilas: 12.2°C, Clouds, humidity: 78%
2026-04-16 19:31:08,439 - root - INFO - [233/1205] Fetching weather for Komjáti...
2026-04-16 19:31:08,582 - root - INFO - Fetched weather for Komjáti: 11.8°C, Clouds, humidity: 78%
2026-04-16 19:31:09,684 - root - INFO - [234/1205] Fetching weather for Tornanádaska...
2026-04-16 19:31:09,828 - root - INFO - Fetched weather for Tornanádaska: 12.9°C, Clouds, humidity: 77%
2026-04-16 19:31:10,930 - root - INFO - [235/1205] Fetching weather for Onga...
2026-04-16 19:31:11,079 - root - INFO - Fetched weather for Onga: 14.0°C, Clouds, humidity: 59%
2026-04-16 19:31:12,180 - root - INFO - [236/1205] Fetching weather for Szikszó-Vásártér...
2026-04-16 19:31:12,325 - root - INFO - Fetched weather for Szikszó-Vásártér: 13.9°C, Clouds, humidity: 59%
2026-04-16 19:31:13,427 - root - INFO - [237/1205] Fetching weather for Szikszó...
2026-04-16 19:31:13,563 - root - INFO - Fetched weather for Szikszó: 14.0°C, Clouds, humidity: 59%
2026-04-16 19:31:14,665 - root - INFO - [238/1205] Fetching weather for Aszaló...
2026-04-16 19:31:14,798 - root - INFO - Fetched weather for Aszaló: 13.9°C, Clouds, humidity: 59%
2026-04-16 19:31:15,900 - root - INFO - [239/1205] Fetching weather for Halmaj...
2026-04-16 19:31:16,050 - root - INFO - Fetched weather for Halmaj: 13.9°C, Clouds, humidity: 73%
2026-04-16 19:31:17,152 - root - INFO - [240/1205] Fetching weather for Csobád...
2026-04-16 19:31:17,299 - root - INFO - Fetched weather for Csobád: 13.9°C, Clouds, humidity: 73%
2026-04-16 19:31:18,401 - root - INFO - [241/1205] Fetching weather for Ináncs...
2026-04-16 19:31:18,533 - root - INFO - Fetched weather for Ináncs: 13.9°C, Clouds, humidity: 73%
2026-04-16 19:31:19,635 - root - INFO - [242/1205] Fetching weather for Forró-Encs...
2026-04-16 19:31:19,774 - root - INFO - Fetched weather for Forró-Encs: 13.1°C, Clouds, humidity: 73%
2026-04-16 19:31:20,876 - root - INFO - [243/1205] Fetching weather for Méra...
2026-04-16 19:31:21,013 - root - INFO - Fetched weather for Méra: 12.9°C, Clouds, humidity: 73%
2026-04-16 19:31:22,115 - root - INFO - [244/1205] Fetching weather for Novajidrány...
2026-04-16 19:31:22,263 - root - INFO - Fetched weather for Novajidrány: 11.1°C, Clouds, humidity: 73%
2026-04-16 19:31:23,365 - root - INFO - [245/1205] Fetching weather for Hernádszurdok...
2026-04-16 19:31:23,503 - root - INFO - Fetched weather for Hernádszurdok: 12.1°C, Clear, humidity: 73%
2026-04-16 19:31:24,605 - root - INFO - [246/1205] Fetching weather for Hidasnémeti...
2026-04-16 19:31:24,735 - root - INFO - Fetched weather for Hidasnémeti: 12.1°C, Clear, humidity: 73%
2026-04-16 19:31:25,837 - root - INFO - [247/1205] Fetching weather for Mád...
2026-04-16 19:31:25,970 - root - INFO - Fetched weather for Mád: 15.1°C, Clouds, humidity: 59%
2026-04-16 19:31:27,072 - root - INFO - [248/1205] Fetching weather for Rátka...
2026-04-16 19:31:27,207 - root - INFO - Fetched weather for Rátka: 15.2°C, Clouds, humidity: 59%
2026-04-16 19:31:28,309 - root - INFO - [249/1205] Fetching weather for Tállya...
2026-04-16 19:31:28,443 - root - INFO - Fetched weather for Tállya: 15.2°C, Clouds, humidity: 59%
2026-04-16 19:31:29,544 - root - INFO - [250/1205] Fetching weather for Golop...
2026-04-16 19:31:29,678 - root - INFO - Fetched weather for Golop: 15.3°C, Clouds, humidity: 59%
2026-04-16 19:31:30,780 - root - INFO - [251/1205] Fetching weather for Abaújszántó...
2026-04-16 19:31:30,925 - root - INFO - Fetched weather for Abaújszántó: 15.2°C, Clouds, humidity: 73%
2026-04-16 19:31:32,026 - root - INFO - [252/1205] Fetching weather for Abaújszántói fürdő...
2026-04-16 19:31:32,155 - root - INFO - Fetched weather for Abaújszántói fürdő: 15.3°C, Clouds, humidity: 73%
2026-04-16 19:31:33,257 - root - INFO - [253/1205] Fetching weather for Abaújkér...
2026-04-16 19:31:33,385 - root - INFO - Fetched weather for Abaújkér: 15.2°C, Clouds, humidity: 73%
2026-04-16 19:31:34,487 - root - INFO - [254/1205] Fetching weather for Boldogkőváralja...
2026-04-16 19:31:34,623 - root - INFO - Fetched weather for Boldogkőváralja: 15.0°C, Clouds, humidity: 73%
2026-04-16 19:31:35,725 - root - INFO - [255/1205] Fetching weather for Korlát-Vizsoly...
2026-04-16 19:31:35,856 - root - INFO - Fetched weather for Korlát-Vizsoly: 14.9°C, Clouds, humidity: 73%
2026-04-16 19:31:36,958 - root - INFO - [256/1205] Fetching weather for Fony...
2026-04-16 19:31:37,093 - root - INFO - Fetched weather for Fony: 10.9°C, Clouds, humidity: 73%
2026-04-16 19:31:38,194 - root - INFO - [257/1205] Fetching weather for Hejce-Vilmány...
2026-04-16 19:31:38,334 - root - INFO - Fetched weather for Hejce-Vilmány: 10.9°C, Clouds, humidity: 73%
2026-04-16 19:31:39,436 - root - INFO - [258/1205] Fetching weather for Göncruszka...
2026-04-16 19:31:39,572 - root - INFO - Fetched weather for Göncruszka: 11.1°C, Clouds, humidity: 73%
2026-04-16 19:31:40,674 - root - INFO - [259/1205] Fetching weather for Gönc...
2026-04-16 19:31:40,817 - root - INFO - Fetched weather for Gönc: 11.2°C, Clouds, humidity: 73%
2026-04-16 19:31:41,919 - root - INFO - [260/1205] Fetching weather for Zsujta...
2026-04-16 19:31:42,055 - root - INFO - Fetched weather for Zsujta: 11.3°C, Clouds, humidity: 81%
2026-04-16 19:31:43,157 - root - INFO - [261/1205] Fetching weather for Bodrogkeresztúr...
2026-04-16 19:31:43,289 - root - INFO - Fetched weather for Bodrogkeresztúr: 15.3°C, Clouds, humidity: 59%
2026-04-16 19:31:44,391 - root - INFO - [262/1205] Fetching weather for Szegi...
2026-04-16 19:31:44,536 - root - INFO - Fetched weather for Szegi: 15.4°C, Clouds, humidity: 59%
2026-04-16 19:31:45,638 - root - INFO - [263/1205] Fetching weather for Erdőbénye...
2026-04-16 19:31:45,780 - root - INFO - Fetched weather for Erdőbénye: 15.3°C, Clouds, humidity: 59%
2026-04-16 19:31:46,881 - root - INFO - [264/1205] Fetching weather for Olaszliszka-Tolcsva...
2026-04-16 19:31:47,030 - root - INFO - Fetched weather for Olaszliszka-Tolcsva: 15.4°C, Clouds, humidity: 59%
2026-04-16 19:31:48,132 - root - INFO - [265/1205] Fetching weather for Bodrogolaszi...
2026-04-16 19:31:48,266 - root - INFO - Fetched weather for Bodrogolaszi: 11.3°C, Clouds, humidity: 100%
2026-04-16 19:31:49,368 - root - INFO - [266/1205] Fetching weather for Sárospatak...
2026-04-16 19:31:49,508 - root - INFO - Fetched weather for Sárospatak: 11.2°C, Clouds, humidity: 100%
2026-04-16 19:31:50,610 - root - INFO - [267/1205] Fetching weather for Sátoraljaújhely...
2026-04-16 19:31:50,749 - root - INFO - Fetched weather for Sátoraljaújhely: 11.3°C, Clouds, humidity: 100%
2026-04-16 19:31:51,851 - root - INFO - [268/1205] Fetching weather for Vecsés...
2026-04-16 19:31:51,993 - root - INFO - Fetched weather for Vecsés: 15.5°C, Clear, humidity: 52%
2026-04-16 19:31:53,095 - root - INFO - [269/1205] Fetching weather for Vecsés-Kertekalja...
2026-04-16 19:31:53,226 - root - INFO - Fetched weather for Vecsés-Kertekalja: 15.6°C, Clear, humidity: 52%
2026-04-16 19:31:54,328 - root - INFO - [270/1205] Fetching weather for Üllő...
2026-04-16 19:31:54,465 - root - INFO - Fetched weather for Üllő: 15.6°C, Clear, humidity: 52%
2026-04-16 19:31:55,567 - root - INFO - [271/1205] Fetching weather for Monor...
2026-04-16 19:31:55,713 - root - INFO - Fetched weather for Monor: 15.1°C, Clear, humidity: 51%
2026-04-16 19:31:56,815 - root - INFO - [272/1205] Fetching weather for Pilis...
2026-04-16 19:31:56,950 - root - INFO - Fetched weather for Pilis: 16.0°C, Clouds, humidity: 58%
2026-04-16 19:31:58,052 - root - INFO - [273/1205] Fetching weather for Albertirsa...
2026-04-16 19:31:58,184 - root - INFO - Fetched weather for Albertirsa: 12.1°C, Clouds, humidity: 68%
2026-04-16 19:31:59,286 - root - INFO - [274/1205] Fetching weather for Ceglédbercel-Cserő...
2026-04-16 19:31:59,431 - root - INFO - Fetched weather for Ceglédbercel-Cserő: 12.1°C, Clouds, humidity: 68%
2026-04-16 19:32:00,533 - root - INFO - [275/1205] Fetching weather for Cegléd...
2026-04-16 19:32:00,693 - root - INFO - Fetched weather for Cegléd: 12.3°C, Clouds, humidity: 68%
2026-04-16 19:32:01,795 - root - INFO - [276/1205] Fetching weather for Abony...
2026-04-16 19:32:01,933 - root - INFO - Fetched weather for Abony: 13.3°C, Clouds, humidity: 74%
2026-04-16 19:32:03,035 - root - INFO - [277/1205] Fetching weather for Szolnok...
2026-04-16 19:32:03,175 - root - INFO - Fetched weather for Szolnok: 13.3°C, Clouds, humidity: 74%
2026-04-16 19:32:04,277 - root - INFO - [278/1205] Fetching weather for Szajol...
2026-04-16 19:32:04,421 - root - INFO - Fetched weather for Szajol: 17.0°C, Clear, humidity: 59%
2026-04-16 19:32:05,523 - root - INFO - [279/1205] Fetching weather for Törökszentmiklós...
2026-04-16 19:32:05,678 - root - INFO - Fetched weather for Törökszentmiklós: 17.0°C, Clear, humidity: 59%
2026-04-16 19:32:06,780 - root - INFO - [280/1205] Fetching weather for Rákoscsaba-Újtelep...
2026-04-16 19:32:06,916 - root - INFO - Fetched weather for Rákoscsaba-Újtelep: 15.6°C, Clear, humidity: 53%
2026-04-16 19:32:08,017 - root - INFO - [281/1205] Fetching weather for Rákoscsaba...
2026-04-16 19:32:08,154 - root - INFO - Fetched weather for Rákoscsaba: 15.6°C, Clear, humidity: 52%
2026-04-16 19:32:09,256 - root - INFO - [282/1205] Fetching weather for Pécel...
2026-04-16 19:32:09,397 - root - INFO - Fetched weather for Pécel: 15.5°C, Clear, humidity: 52%
2026-04-16 19:32:10,499 - root - INFO - [283/1205] Fetching weather for Isaszeg...
2026-04-16 19:32:10,639 - root - INFO - Fetched weather for Isaszeg: 15.5°C, Clear, humidity: 52%
2026-04-16 19:32:11,741 - root - INFO - [284/1205] Fetching weather for Gödöllő...
2026-04-16 19:32:11,878 - root - INFO - Fetched weather for Gödöllő: 15.3°C, Clear, humidity: 52%
2026-04-16 19:32:12,980 - root - INFO - [285/1205] Fetching weather for Máriabesnyő...
2026-04-16 19:32:13,123 - root - INFO - Fetched weather for Máriabesnyő: 15.5°C, Clouds, humidity: 53%
2026-04-16 19:32:14,225 - root - INFO - [286/1205] Fetching weather for Bag...
2026-04-16 19:32:14,364 - root - INFO - Fetched weather for Bag: 16.1°C, Clouds, humidity: 61%
2026-04-16 19:32:15,466 - root - INFO - [287/1205] Fetching weather for Aszód...
2026-04-16 19:32:15,599 - root - INFO - Fetched weather for Aszód: 16.1°C, Clouds, humidity: 62%
2026-04-16 19:32:16,701 - root - INFO - [288/1205] Fetching weather for Hévízgyörk...
2026-04-16 19:32:16,836 - root - INFO - Fetched weather for Hévízgyörk: 16.1°C, Clouds, humidity: 63%
2026-04-16 19:32:17,938 - root - INFO - [289/1205] Fetching weather for Galgahévíz...
2026-04-16 19:32:18,074 - root - INFO - Fetched weather for Galgahévíz: 16.1°C, Clouds, humidity: 63%
2026-04-16 19:32:19,176 - root - INFO - [290/1205] Fetching weather for Tura...
2026-04-16 19:32:19,324 - root - INFO - Fetched weather for Tura: 16.2°C, Clouds, humidity: 64%
2026-04-16 19:32:20,426 - root - INFO - [291/1205] Fetching weather for Hatvan...
2026-04-16 19:32:20,562 - root - INFO - Fetched weather for Hatvan: 14.4°C, Clouds, humidity: 68%
2026-04-16 19:32:21,664 - root - INFO - [292/1205] Fetching weather for Vámosgyörk...
2026-04-16 19:32:21,802 - root - INFO - Fetched weather for Vámosgyörk: 14.1°C, Clouds, humidity: 73%
2026-04-16 19:32:22,904 - root - INFO - [293/1205] Fetching weather for Adács...
2026-04-16 19:32:23,046 - root - INFO - Fetched weather for Adács: 14.0°C, Clouds, humidity: 75%
2026-04-16 19:32:24,148 - root - INFO - [294/1205] Fetching weather for Karácsond...
2026-04-16 19:32:24,288 - root - INFO - Fetched weather for Karácsond: 13.8°C, Clouds, humidity: 76%
2026-04-16 19:32:25,390 - root - INFO - [295/1205] Fetching weather for Ludas...
2026-04-16 19:32:25,532 - root - INFO - Fetched weather for Ludas: 13.8°C, Clouds, humidity: 77%
2026-04-16 19:32:26,634 - root - INFO - [296/1205] Fetching weather for Nagyút...
2026-04-16 19:32:26,785 - root - INFO - Fetched weather for Nagyút: 13.8°C, Clouds, humidity: 78%
2026-04-16 19:32:27,887 - root - INFO - [297/1205] Fetching weather for Kál-Kápolna...
2026-04-16 19:32:28,031 - root - INFO - Fetched weather for Kál-Kápolna: 13.6°C, Clouds, humidity: 80%
2026-04-16 19:32:29,133 - root - INFO - [298/1205] Fetching weather for Füzesabony...
2026-04-16 19:32:29,267 - root - INFO - Fetched weather for Füzesabony: 13.4°C, Clouds, humidity: 83%
2026-04-16 19:32:30,369 - root - INFO - [299/1205] Fetching weather for Szihalom...
2026-04-16 19:32:30,503 - root - INFO - Fetched weather for Szihalom: 14.1°C, Clouds, humidity: 83%
2026-04-16 19:32:31,605 - root - INFO - [300/1205] Fetching weather for Mezőkövesd...
2026-04-16 19:32:31,744 - root - INFO - Fetched weather for Mezőkövesd: 14.1°C, Clouds, humidity: 83%
2026-04-16 19:32:32,846 - root - INFO - [301/1205] Fetching weather for Mezőkövesd felső...
2026-04-16 19:32:32,994 - root - INFO - Fetched weather for Mezőkövesd felső: 14.0°C, Clouds, humidity: 83%
2026-04-16 19:32:34,096 - root - INFO - [302/1205] Fetching weather for Mezőkeresztes-Mezőnyárád...
2026-04-16 19:32:34,236 - root - INFO - Fetched weather for Mezőkeresztes-Mezőnyárád: 14.1°C, Clouds, humidity: 69%
2026-04-16 19:32:35,338 - root - INFO - [303/1205] Fetching weather for Csincse...
2026-04-16 19:32:35,481 - root - INFO - Fetched weather for Csincse: 14.1°C, Rain, humidity: 69%
2026-04-16 19:32:36,583 - root - INFO - [304/1205] Fetching weather for Emőd...
2026-04-16 19:32:36,723 - root - INFO - Fetched weather for Emőd: 14.1°C, Clouds, humidity: 66%
2026-04-16 19:32:37,825 - root - INFO - [305/1205] Fetching weather for Nyékládháza...
2026-04-16 19:32:37,965 - root - INFO - Fetched weather for Nyékládháza: 14.1°C, Clouds, humidity: 65%
2026-04-16 19:32:39,066 - root - INFO - [306/1205] Fetching weather for Miskolc-Tiszai...
2026-04-16 19:32:39,203 - root - INFO - Fetched weather for Miskolc-Tiszai: 14.0°C, Clouds, humidity: 62%
2026-04-16 19:32:40,304 - root - INFO - [307/1205] Fetching weather for Felsőzsolca...
2026-04-16 19:32:40,444 - root - INFO - Fetched weather for Felsőzsolca: 14.0°C, Clouds, humidity: 63%
2026-04-16 19:32:41,546 - root - INFO - [308/1205] Fetching weather for Hernádnémeti-Bőcs...
2026-04-16 19:32:41,684 - root - INFO - Fetched weather for Hernádnémeti-Bőcs: 14.0°C, Clouds, humidity: 59%
2026-04-16 19:32:42,786 - root - INFO - [309/1205] Fetching weather for Tiszalúc...
2026-04-16 19:32:42,923 - root - INFO - Fetched weather for Tiszalúc: 14.0°C, Clouds, humidity: 76%
2026-04-16 19:32:44,025 - root - INFO - [310/1205] Fetching weather for Taktaharkány...
2026-04-16 19:32:44,170 - root - INFO - Fetched weather for Taktaharkány: 15.4°C, Clouds, humidity: 59%
2026-04-16 19:32:45,271 - root - INFO - [311/1205] Fetching weather for Taktaszada...
2026-04-16 19:32:45,409 - root - INFO - Fetched weather for Taktaszada: 15.4°C, Clouds, humidity: 59%
2026-04-16 19:32:46,510 - root - INFO - [312/1205] Fetching weather for Szerencs...
2026-04-16 19:32:46,650 - root - INFO - Fetched weather for Szerencs: 15.4°C, Clouds, humidity: 59%
2026-04-16 19:32:47,752 - root - INFO - [313/1205] Fetching weather for Mezőzombor...
2026-04-16 19:32:47,897 - root - INFO - Fetched weather for Mezőzombor: 15.4°C, Clouds, humidity: 59%
2026-04-16 19:32:48,999 - root - INFO - [314/1205] Fetching weather for Tarcal...
2026-04-16 19:32:49,147 - root - INFO - Fetched weather for Tarcal: 15.4°C, Clouds, humidity: 59%
2026-04-16 19:32:50,248 - root - INFO - [315/1205] Fetching weather for Tokaj...
2026-04-16 19:32:50,386 - root - INFO - Fetched weather for Tokaj: 15.4°C, Clouds, humidity: 59%
2026-04-16 19:32:51,488 - root - INFO - [316/1205] Fetching weather for Rakamaz...
2026-04-16 19:32:51,638 - root - INFO - Fetched weather for Rakamaz: 15.4°C, Clouds, humidity: 59%
2026-04-16 19:32:52,739 - root - INFO - [317/1205] Fetching weather for Görögszállás...
2026-04-16 19:32:52,878 - root - INFO - Fetched weather for Görögszállás: 15.4°C, Clouds, humidity: 59%
2026-04-16 19:32:53,980 - root - INFO - [318/1205] Fetching weather for Nyírtelek...
2026-04-16 19:32:54,117 - root - INFO - Fetched weather for Nyírtelek: 15.4°C, Clouds, humidity: 68%
2026-04-16 19:32:55,219 - root - INFO - [319/1205] Fetching weather for Rákoshegy...
2026-04-16 19:32:55,367 - root - INFO - Fetched weather for Rákoshegy: 15.5°C, Clear, humidity: 53%
2026-04-16 19:32:56,469 - root - INFO - [320/1205] Fetching weather for Ecser...
2026-04-16 19:32:56,602 - root - INFO - Fetched weather for Ecser: 15.5°C, Clear, humidity: 52%
2026-04-16 19:32:57,704 - root - INFO - [321/1205] Fetching weather for Maglód...
2026-04-16 19:32:57,846 - root - INFO - Fetched weather for Maglód: 15.5°C, Clear, humidity: 52%
2026-04-16 19:32:58,948 - root - INFO - [322/1205] Fetching weather for Maglódi nyaraló...
2026-04-16 19:32:59,082 - root - INFO - Fetched weather for Maglódi nyaraló: 15.4°C, Clear, humidity: 52%
2026-04-16 19:33:00,184 - root - INFO - [323/1205] Fetching weather for Gyömrő...
2026-04-16 19:33:00,323 - root - INFO - Fetched weather for Gyömrő: 15.4°C, Clear, humidity: 52%
2026-04-16 19:33:01,424 - root - INFO - [324/1205] Fetching weather for Mende...
2026-04-16 19:33:01,556 - root - INFO - Fetched weather for Mende: 15.4°C, Clear, humidity: 52%
2026-04-16 19:33:02,658 - root - INFO - [325/1205] Fetching weather for Szőlősnyaraló...
2026-04-16 19:33:02,800 - root - INFO - Fetched weather for Szőlősnyaraló: 16.0°C, Clouds, humidity: 53%
2026-04-16 19:33:03,902 - root - INFO - [326/1205] Fetching weather for Sülysáp...
2026-04-16 19:33:04,033 - root - INFO - Fetched weather for Sülysáp: 16.0°C, Clouds, humidity: 53%
2026-04-16 19:33:05,135 - root - INFO - [327/1205] Fetching weather for Tápiószecső...
2026-04-16 19:33:05,276 - root - INFO - Fetched weather for Tápiószecső: 16.1°C, Clouds, humidity: 60%
2026-04-16 19:33:06,378 - root - INFO - [328/1205] Fetching weather for Szentmártonkáta...
2026-04-16 19:33:06,525 - root - INFO - Fetched weather for Szentmártonkáta: 12.1°C, Clouds, humidity: 68%
2026-04-16 19:33:07,627 - root - INFO - [329/1205] Fetching weather for Nagykáta...
2026-04-16 19:33:07,764 - root - INFO - Fetched weather for Nagykáta: 12.1°C, Clouds, humidity: 68%
2026-04-16 19:33:08,866 - root - INFO - [330/1205] Fetching weather for Farmos...
2026-04-16 19:33:09,006 - root - INFO - Fetched weather for Farmos: 12.2°C, Clouds, humidity: 68%
2026-04-16 19:33:10,108 - root - INFO - [331/1205] Fetching weather for Tápiószele...
2026-04-16 19:33:10,258 - root - INFO - Fetched weather for Tápiószele: 12.2°C, Clouds, humidity: 68%
2026-04-16 19:33:11,360 - root - INFO - [332/1205] Fetching weather for Tápiógyörgye...
2026-04-16 19:33:11,499 - root - INFO - Fetched weather for Tápiógyörgye: 12.3°C, Clouds, humidity: 68%
2026-04-16 19:33:12,601 - root - INFO - [333/1205] Fetching weather for Újszász...
2026-04-16 19:33:12,742 - root - INFO - Fetched weather for Újszász: 12.3°C, Clouds, humidity: 68%
2026-04-16 19:33:13,844 - root - INFO - [334/1205] Fetching weather for Szurdokpüspöki...
2026-04-16 19:33:13,978 - root - INFO - Fetched weather for Szurdokpüspöki: 13.9°C, Clouds, humidity: 73%
2026-04-16 19:33:15,080 - root - INFO - [335/1205] Fetching weather for Lőrinci...
2026-04-16 19:33:15,218 - root - INFO - Fetched weather for Lőrinci: 14.3°C, Clouds, humidity: 69%
2026-04-16 19:33:16,320 - root - INFO - [336/1205] Fetching weather for Selyp...
2026-04-16 19:33:16,457 - root - INFO - Fetched weather for Selyp: 14.2°C, Clouds, humidity: 70%
2026-04-16 19:33:17,559 - root - INFO - [337/1205] Fetching weather for Apc-Zagyvaszántó...
2026-04-16 19:33:17,699 - root - INFO - Fetched weather for Apc-Zagyvaszántó: 14.2°C, Clouds, humidity: 70%
2026-04-16 19:33:18,801 - root - INFO - [338/1205] Fetching weather for Pásztó...
2026-04-16 19:33:18,938 - root - INFO - Fetched weather for Pásztó: 13.7°C, Clouds, humidity: 75%
2026-04-16 19:33:20,040 - root - INFO - [339/1205] Fetching weather for Mátraszőlős-Hasznos...
2026-04-16 19:33:20,175 - root - INFO - Fetched weather for Mátraszőlős-Hasznos: 13.6°C, Clouds, humidity: 77%
2026-04-16 19:33:21,277 - root - INFO - [340/1205] Fetching weather for Tar...
2026-04-16 19:33:21,428 - root - INFO - Fetched weather for Tar: 13.1°C, Clouds, humidity: 79%
2026-04-16 19:33:22,530 - root - INFO - [341/1205] Fetching weather for Mátraverebély...
2026-04-16 19:33:22,673 - root - INFO - Fetched weather for Mátraverebély: 13.1°C, Clouds, humidity: 79%
2026-04-16 19:33:23,775 - root - INFO - [342/1205] Fetching weather for Nagybátony...
2026-04-16 19:33:23,905 - root - INFO - Fetched weather for Nagybátony: 13.2°C, Clouds, humidity: 80%
2026-04-16 19:33:25,007 - root - INFO - [343/1205] Fetching weather for Kisterenye...
2026-04-16 19:33:25,148 - root - INFO - Fetched weather for Kisterenye: 13.2°C, Clouds, humidity: 81%
2026-04-16 19:33:26,249 - root - INFO - [344/1205] Fetching weather for Kisterenye-Bányatelep...
2026-04-16 19:33:26,379 - root - INFO - Fetched weather for Kisterenye-Bányatelep: 13.2°C, Clouds, humidity: 81%
2026-04-16 19:33:27,481 - root - INFO - [345/1205] Fetching weather for Salgótarján külső...
2026-04-16 19:33:27,618 - root - INFO - Fetched weather for Salgótarján külső: 12.6°C, Clouds, humidity: 81%
2026-04-16 19:33:28,720 - root - INFO - [346/1205] Fetching weather for Balatonfenyves GV...
2026-04-16 19:33:28,854 - root - INFO - Fetched weather for Balatonfenyves GV: 15.1°C, Clouds, humidity: 74%
2026-04-16 19:33:29,956 - root - INFO - [347/1205] Fetching weather for Várhegyalja...
2026-04-16 19:33:30,096 - root - INFO - Fetched weather for Várhegyalja: 14.4°C, Clear, humidity: 69%
2026-04-16 19:33:31,198 - root - INFO - [348/1205] Fetching weather for Imremajor...
2026-04-16 19:33:31,349 - root - INFO - Fetched weather for Imremajor: 15.1°C, Clouds, humidity: 74%
2026-04-16 19:33:32,451 - root - INFO - [349/1205] Fetching weather for Rákospalota-Kertváros...
2026-04-16 19:33:32,580 - root - INFO - Fetched weather for Rákospalota-Kertváros: 16.2°C, Clear, humidity: 55%
2026-04-16 19:33:33,682 - root - INFO - [350/1205] Fetching weather for Vicziántelep...
2026-04-16 19:33:33,818 - root - INFO - Fetched weather for Vicziántelep: 15.6°C, Clouds, humidity: 60%
2026-04-16 19:33:34,920 - root - INFO - [351/1205] Fetching weather for Pálmajor...
2026-04-16 19:33:35,055 - root - INFO - Fetched weather for Pálmajor: 15.1°C, Clouds, humidity: 74%
2026-04-16 19:33:36,157 - root - INFO - [352/1205] Fetching weather for Somogyszentpál felső...
2026-04-16 19:33:36,300 - root - INFO - Fetched weather for Somogyszentpál felső: 15.1°C, Clouds, humidity: 74%
2026-04-16 19:33:37,402 - root - INFO - [353/1205] Fetching weather for Somogyszentpál...
2026-04-16 19:33:37,543 - root - INFO - Fetched weather for Somogyszentpál: 15.1°C, Clouds, humidity: 74%
2026-04-16 19:33:38,644 - root - INFO - [354/1205] Fetching weather for Rudnaykert...
2026-04-16 19:33:38,789 - root - INFO - Fetched weather for Rudnaykert: 15.9°C, Clouds, humidity: 62%
2026-04-16 19:33:39,891 - root - INFO - [355/1205] Fetching weather for Maroshegy...
2026-04-16 19:33:40,033 - root - INFO - Fetched weather for Maroshegy: 14.6°C, Clouds, humidity: 70%
2026-04-16 19:33:41,135 - root - INFO - [356/1205] Fetching weather for Bánhida...
2026-04-16 19:33:41,279 - root - INFO - Fetched weather for Bánhida: 14.2°C, Clear, humidity: 71%
2026-04-16 19:33:42,381 - root - INFO - [357/1205] Fetching weather for Magyarkút...
2026-04-16 19:33:42,515 - root - INFO - Fetched weather for Magyarkút: 13.6°C, Clear, humidity: 67%
2026-04-16 19:33:43,617 - root - INFO - [358/1205] Fetching weather for Becske alsó...
2026-04-16 19:33:43,763 - root - INFO - Fetched weather for Becske alsó: 13.1°C, Clouds, humidity: 68%
2026-04-16 19:33:44,865 - root - INFO - [359/1205] Fetching weather for Hosszúberek-Péteri...
2026-04-16 19:33:45,007 - root - INFO - Fetched weather for Hosszúberek-Péteri: 15.6°C, Clear, humidity: 52%
2026-04-16 19:33:46,109 - root - INFO - [360/1205] Fetching weather for Monorierdő...
2026-04-16 19:33:46,248 - root - INFO - Fetched weather for Monorierdő: 16.0°C, Clouds, humidity: 58%
2026-04-16 19:33:47,350 - root - INFO - [361/1205] Fetching weather for Ceglédbercel...
2026-04-16 19:33:47,496 - root - INFO - Fetched weather for Ceglédbercel: 12.1°C, Clouds, humidity: 68%
2026-04-16 19:33:48,598 - root - INFO - [362/1205] Fetching weather for Budai út...
2026-04-16 19:33:48,744 - root - INFO - Fetched weather for Budai út: 12.2°C, Clouds, humidity: 68%
2026-04-16 19:33:49,846 - root - INFO - [363/1205] Fetching weather for Büdöskútpuszta...
2026-04-16 19:33:49,989 - root - INFO - Fetched weather for Büdöskútpuszta: 13.0°C, Clouds, humidity: 76%
2026-04-16 19:33:51,091 - root - INFO - [364/1205] Fetching weather for Bánrévei Vízmű...
2026-04-16 19:33:51,234 - root - INFO - Fetched weather for Bánrévei Vízmű: 13.3°C, Clouds, humidity: 81%
2026-04-16 19:33:52,336 - root - INFO - [365/1205] Fetching weather for Rákoskert...
2026-04-16 19:33:52,483 - root - INFO - Fetched weather for Rákoskert: 15.4°C, Clear, humidity: 52%
2026-04-16 19:33:53,585 - root - INFO - [366/1205] Fetching weather for Szirmabesenyő...
2026-04-16 19:33:53,743 - root - INFO - Fetched weather for Szirmabesenyő: 13.9°C, Clouds, humidity: 59%
2026-04-16 19:33:54,845 - root - INFO - [367/1205] Fetching weather for Kitérőgyár...
2026-04-16 19:33:54,978 - root - INFO - Fetched weather for Kitérőgyár: 13.6°C, Clouds, humidity: 76%
2026-04-16 19:33:56,080 - root - INFO - [368/1205] Fetching weather for Tápiószentmárton...
2026-04-16 19:33:56,224 - root - INFO - Fetched weather for Tápiószentmárton: 12.2°C, Clouds, humidity: 68%
2026-04-16 19:33:57,326 - root - INFO - [369/1205] Fetching weather for Zagyvarékas...
2026-04-16 19:33:57,464 - root - INFO - Fetched weather for Zagyvarékas: 13.3°C, Clouds, humidity: 74%
2026-04-16 19:33:58,566 - root - INFO - [370/1205] Fetching weather for Abonyi út...
2026-04-16 19:33:58,707 - root - INFO - Fetched weather for Abonyi út: 13.3°C, Clouds, humidity: 74%
2026-04-16 19:33:59,809 - root - INFO - [371/1205] Fetching weather for Jászkisér felső...
2026-04-16 19:33:59,949 - root - INFO - Fetched weather for Jászkisér felső: 15.0°C, Clouds, humidity: 74%
2026-04-16 19:34:01,051 - root - INFO - [372/1205] Fetching weather for Szellőhát...
2026-04-16 19:34:01,187 - root - INFO - Fetched weather for Szellőhát: 12.3°C, Clouds, humidity: 73%
2026-04-16 19:34:02,289 - root - INFO - [373/1205] Fetching weather for Szilvásvárad-Szalajkavölgy...
2026-04-16 19:34:02,426 - root - INFO - Fetched weather for Szilvásvárad-Szalajkavölgy: 11.9°C, Clouds, humidity: 100%
2026-04-16 19:34:03,528 - root - INFO - [374/1205] Fetching weather for Vásárosnamény külső...
2026-04-16 19:34:03,668 - root - INFO - Fetched weather for Vásárosnamény külső: 14.1°C, Clouds, humidity: 65%
2026-04-16 19:34:04,770 - root - INFO - [375/1205] Fetching weather for Újváros...
2026-04-16 19:34:04,904 - root - INFO - Fetched weather for Újváros: 14.4°C, Clouds, humidity: 73%
2026-04-16 19:34:06,006 - root - INFO - [376/1205] Fetching weather for Városi park...
2026-04-16 19:34:06,147 - root - INFO - Fetched weather for Városi park: 17.2°C, Clouds, humidity: 47%
2026-04-16 19:34:07,249 - root - INFO - [377/1205] Fetching weather for Belsőkamaráspuszta...
2026-04-16 19:34:07,389 - root - INFO - Fetched weather for Belsőkamaráspuszta: 18.9°C, Clouds, humidity: 71%
2026-04-16 19:34:08,491 - root - INFO - [378/1205] Fetching weather for Sajószöged...
2026-04-16 19:34:08,624 - root - INFO - Fetched weather for Sajószöged: 14.2°C, Clouds, humidity: 69%
2026-04-16 19:34:09,726 - root - INFO - [379/1205] Fetching weather for Kazincbarcika alsó...
2026-04-16 19:34:09,876 - root - INFO - Fetched weather for Kazincbarcika alsó: 13.0°C, Clouds, humidity: 77%
2026-04-16 19:34:10,978 - root - INFO - [380/1205] Fetching weather for Nyárjas...
2026-04-16 19:34:11,114 - root - INFO - Fetched weather for Nyárjas: 15.1°C, Clear, humidity: 55%
2026-04-16 19:34:12,216 - root - INFO - [381/1205] Fetching weather for Pogonyipuszta...
2026-04-16 19:34:12,355 - root - INFO - Fetched weather for Pogonyipuszta: 13.3°C, Clouds, humidity: 81%
2026-04-16 19:34:13,457 - root - INFO - [382/1205] Fetching weather for Sióvölgy...
2026-04-16 19:34:13,600 - root - INFO - Fetched weather for Sióvölgy: 15.0°C, Clouds, humidity: 64%
2026-04-16 19:34:14,702 - root - INFO - [383/1205] Fetching weather for Répáspuszta...
2026-04-16 19:34:14,845 - root - INFO - Fetched weather for Répáspuszta: 13.7°C, Clouds, humidity: 74%
2026-04-16 19:34:15,947 - root - INFO - [384/1205] Fetching weather for Virányos...
2026-04-16 19:34:16,106 - root - INFO - Fetched weather for Virányos: 15.4°C, Clouds, humidity: 59%
2026-04-16 19:34:17,208 - root - INFO - [385/1205] Fetching weather for Füzesbokor...
2026-04-16 19:34:17,348 - root - INFO - Fetched weather for Füzesbokor: 15.4°C, Clouds, humidity: 69%
2026-04-16 19:34:18,450 - root - INFO - [386/1205] Fetching weather for Kunfehértó...
2026-04-16 19:34:18,599 - root - INFO - Fetched weather for Kunfehértó: 14.3°C, Clouds, humidity: 70%
2026-04-16 19:34:19,701 - root - INFO - [387/1205] Fetching weather for Erdőszél...
2026-04-16 19:34:19,841 - root - INFO - Fetched weather for Erdőszél: 14.1°C, Clouds, humidity: 71%
2026-04-16 19:34:20,943 - root - INFO - [388/1205] Fetching weather for Jánoshalma...
2026-04-16 19:34:21,076 - root - INFO - Fetched weather for Jánoshalma: 14.2°C, Clouds, humidity: 72%
2026-04-16 19:34:22,178 - root - INFO - [389/1205] Fetching weather for Mélykút...
2026-04-16 19:34:22,318 - root - INFO - Fetched weather for Mélykút: 14.2°C, Clouds, humidity: 74%
2026-04-16 19:34:23,420 - root - INFO - [390/1205] Fetching weather for Bácsalmás...
2026-04-16 19:34:23,558 - root - INFO - Fetched weather for Bácsalmás: 14.2°C, Clouds, humidity: 75%
2026-04-16 19:34:24,660 - root - INFO - [391/1205] Fetching weather for Almás...
2026-04-16 19:34:24,796 - root - INFO - Fetched weather for Almás: 14.2°C, Clouds, humidity: 75%
2026-04-16 19:34:25,898 - root - INFO - [392/1205] Fetching weather for Bácsbokod-Bácsborsód...
2026-04-16 19:34:26,034 - root - INFO - Fetched weather for Bácsbokod-Bácsborsód: 14.1°C, Clouds, humidity: 76%
2026-04-16 19:34:27,136 - root - INFO - [393/1205] Fetching weather for Baja...
2026-04-16 19:34:27,272 - root - INFO - Fetched weather for Baja: 14.2°C, Clouds, humidity: 75%
2026-04-16 19:34:28,374 - root - INFO - [394/1205] Fetching weather for Harkakötöny...
2026-04-16 19:34:28,532 - root - INFO - Fetched weather for Harkakötöny: 14.4°C, Clouds, humidity: 66%
2026-04-16 19:34:29,633 - root - INFO - [395/1205] Fetching weather for Tajó...
2026-04-16 19:34:29,768 - root - INFO - Fetched weather for Tajó: 14.4°C, Clouds, humidity: 66%
2026-04-16 19:34:30,870 - root - INFO - [396/1205] Fetching weather for Kiskunmajsa...
2026-04-16 19:34:31,006 - root - INFO - Fetched weather for Kiskunmajsa: 17.2°C, Clouds, humidity: 66%
2026-04-16 19:34:32,107 - root - INFO - [397/1205] Fetching weather for Jászszentlászló...
2026-04-16 19:34:32,239 - root - INFO - Fetched weather for Jászszentlászló: 17.2°C, Clouds, humidity: 47%
2026-04-16 19:34:33,341 - root - INFO - [398/1205] Fetching weather for Galambos...
2026-04-16 19:34:33,487 - root - INFO - Fetched weather for Galambos: 17.2°C, Clouds, humidity: 47%
2026-04-16 19:34:34,589 - root - INFO - [399/1205] Fetching weather for Pestszentimre...
2026-04-16 19:34:34,717 - root - INFO - Fetched weather for Pestszentimre: 15.9°C, Clear, humidity: 53%
2026-04-16 19:34:35,818 - root - INFO - [400/1205] Fetching weather for Gyál felső...
2026-04-16 19:34:35,959 - root - INFO - Fetched weather for Gyál felső: 15.7°C, Clear, humidity: 52%
2026-04-16 19:34:37,061 - root - INFO - [401/1205] Fetching weather for Gyál...
2026-04-16 19:34:37,193 - root - INFO - Fetched weather for Gyál: 15.6°C, Clear, humidity: 52%
2026-04-16 19:34:38,295 - root - INFO - [402/1205] Fetching weather for Ócsa...
2026-04-16 19:34:38,424 - root - INFO - Fetched weather for Ócsa: 15.7°C, Clear, humidity: 52%
2026-04-16 19:34:39,526 - root - INFO - [403/1205] Fetching weather for Inárcs-Kakucs...
2026-04-16 19:34:39,662 - root - INFO - Fetched weather for Inárcs-Kakucs: 15.2°C, Clouds, humidity: 58%
2026-04-16 19:34:40,764 - root - INFO - [404/1205] Fetching weather for Dabas...
2026-04-16 19:34:40,900 - root - INFO - Fetched weather for Dabas: 15.2°C, Clouds, humidity: 59%
2026-04-16 19:34:42,002 - root - INFO - [405/1205] Fetching weather for Gyón...
2026-04-16 19:34:42,153 - root - INFO - Fetched weather for Gyón: 15.2°C, Clouds, humidity: 59%
2026-04-16 19:34:43,255 - root - INFO - [406/1205] Fetching weather for Hernád...
2026-04-16 19:34:43,386 - root - INFO - Fetched weather for Hernád: 14.8°C, Clouds, humidity: 59%
2026-04-16 19:34:44,488 - root - INFO - [407/1205] Fetching weather for Bakonygyirót...
2026-04-16 19:34:44,632 - root - INFO - Fetched weather for Bakonygyirót: 12.6°C, Clouds, humidity: 76%
2026-04-16 19:34:45,734 - root - INFO - [408/1205] Fetching weather for Vinye...
2026-04-16 19:34:45,871 - root - INFO - Fetched weather for Vinye: 10.0°C, Clouds, humidity: 76%
2026-04-16 19:34:46,973 - root - INFO - [409/1205] Fetching weather for Nemesgörzsöny...
2026-04-16 19:34:47,111 - root - INFO - Fetched weather for Nemesgörzsöny: 11.2°C, Clear, humidity: 82%
2026-04-16 19:34:48,213 - root - INFO - [410/1205] Fetching weather for Rábahíd...
2026-04-16 19:34:48,349 - root - INFO - Fetched weather for Rábahíd: 11.2°C, Clear, humidity: 82%
2026-04-16 19:34:49,451 - root - INFO - [411/1205] Fetching weather for Öskü...
2026-04-16 19:34:49,583 - root - INFO - Fetched weather for Öskü: 14.6°C, Clear, humidity: 72%
2026-04-16 19:34:50,684 - root - INFO - [412/1205] Fetching weather for Márkó...
2026-04-16 19:34:50,821 - root - INFO - Fetched weather for Márkó: 13.0°C, Clouds, humidity: 76%
2026-04-16 19:34:51,923 - root - INFO - [413/1205] Fetching weather for Nemeskocs...
2026-04-16 19:34:52,066 - root - INFO - Fetched weather for Nemeskocs: 11.1°C, Clouds, humidity: 75%
2026-04-16 19:34:53,168 - root - INFO - [414/1205] Fetching weather for Zalagyömörő...
2026-04-16 19:34:53,302 - root - INFO - Fetched weather for Zalagyömörő: 13.8°C, Clouds, humidity: 76%
2026-04-16 19:34:54,404 - root - INFO - [415/1205] Fetching weather for Rigács...
2026-04-16 19:34:54,540 - root - INFO - Fetched weather for Rigács: 13.8°C, Clouds, humidity: 76%
2026-04-16 19:34:55,642 - root - INFO - [416/1205] Fetching weather for Kemenespálfa...
2026-04-16 19:34:55,780 - root - INFO - Fetched weather for Kemenespálfa: 13.9°C, Clouds, humidity: 76%
2026-04-16 19:34:56,882 - root - INFO - [417/1205] Fetching weather for Lentiszombathely...
2026-04-16 19:34:57,017 - root - INFO - Fetched weather for Lentiszombathely: 12.7°C, Clouds, humidity: 79%
2026-04-16 19:34:58,119 - root - INFO - [418/1205] Fetching weather for Ortaháza...
2026-04-16 19:34:58,260 - root - INFO - Fetched weather for Ortaháza: 13.7°C, Clouds, humidity: 80%
2026-04-16 19:34:59,362 - root - INFO - [419/1205] Fetching weather for Rádiháza...
2026-04-16 19:34:59,498 - root - INFO - Fetched weather for Rádiháza: 13.6°C, Clouds, humidity: 80%
2026-04-16 19:35:00,600 - root - INFO - [420/1205] Fetching weather for Baktüttös...
2026-04-16 19:35:00,737 - root - INFO - Fetched weather for Baktüttös: 14.6°C, Clouds, humidity: 79%
2026-04-16 19:35:01,839 - root - INFO - [421/1205] Fetching weather for Budafa...
2026-04-16 19:35:01,969 - root - INFO - Fetched weather for Budafa: 13.6°C, Clouds, humidity: 80%
2026-04-16 19:35:03,071 - root - INFO - [422/1205] Fetching weather for Zalapatakalja...
2026-04-16 19:35:03,212 - root - INFO - Fetched weather for Zalapatakalja: 13.6°C, Clouds, humidity: 80%
2026-04-16 19:35:04,313 - root - INFO - [423/1205] Fetching weather for Tormásliget...
2026-04-16 19:35:04,452 - root - INFO - Fetched weather for Tormásliget: 12.5°C, Clear, humidity: 73%
2026-04-16 19:35:05,554 - root - INFO - [424/1205] Fetching weather for Belecska...
2026-04-16 19:35:05,708 - root - INFO - Fetched weather for Belecska: 14.4°C, Clouds, humidity: 71%
2026-04-16 19:35:06,809 - root - INFO - [425/1205] Fetching weather for Almár...
2026-04-16 19:35:06,948 - root - INFO - Fetched weather for Almár: 13.0°C, Clouds, humidity: 100%
2026-04-16 19:35:08,050 - root - INFO - [426/1205] Fetching weather for Vasútmúzeum...
2026-04-16 19:35:08,191 - root - INFO - Fetched weather for Vasútmúzeum: 16.3°C, Clear, humidity: 55%
2026-04-16 19:35:09,293 - root - INFO - [427/1205] Fetching weather for Abda...
2026-04-16 19:35:09,439 - root - INFO - Fetched weather for Abda: 13.1°C, Clear, humidity: 73%
2026-04-16 19:35:10,541 - root - INFO - [428/1205] Fetching weather for Vadaspark...
2026-04-16 19:35:10,693 - root - INFO - Fetched weather for Vadaspark: 14.3°C, Clouds, humidity: 56%
2026-04-16 19:35:11,795 - root - INFO - [429/1205] Fetching weather for Barosstelep...
2026-04-16 19:35:11,941 - root - INFO - Fetched weather for Barosstelep: 16.2°C, Clouds, humidity: 54%
2026-04-16 19:35:13,043 - root - INFO - [430/1205] Fetching weather for Fegyvernek-Örményes...
2026-04-16 19:35:13,190 - root - INFO - Fetched weather for Fegyvernek-Örményes: 16.0°C, Clouds, humidity: 80%
2026-04-16 19:35:14,292 - root - INFO - [431/1205] Fetching weather for Zagyvapálfalva...
2026-04-16 19:35:14,428 - root - INFO - Fetched weather for Zagyvapálfalva: 12.8°C, Clouds, humidity: 81%
2026-04-16 19:35:15,530 - root - INFO - [432/1205] Fetching weather for Salgótarján...
2026-04-16 19:35:15,669 - root - INFO - Fetched weather for Salgótarján: 12.1°C, Clouds, humidity: 81%
2026-04-16 19:35:16,771 - root - INFO - [433/1205] Fetching weather for Szabadisóstó...
2026-04-16 19:35:16,912 - root - INFO - Fetched weather for Szabadisóstó: 14.9°C, Clouds, humidity: 64%
2026-04-16 19:35:18,014 - root - INFO - [434/1205] Fetching weather for Siófok...
2026-04-16 19:35:18,159 - root - INFO - Fetched weather for Siófok: 14.9°C, Clouds, humidity: 64%
2026-04-16 19:35:19,261 - root - INFO - [435/1205] Fetching weather for Balatonszéplak felső...
2026-04-16 19:35:19,400 - root - INFO - Fetched weather for Balatonszéplak felső: 14.9°C, Clouds, humidity: 64%
2026-04-16 19:35:20,502 - root - INFO - [436/1205] Fetching weather for Balatonszéplak alsó...
2026-04-16 19:35:20,638 - root - INFO - Fetched weather for Balatonszéplak alsó: 14.9°C, Clouds, humidity: 64%
2026-04-16 19:35:21,740 - root - INFO - [437/1205] Fetching weather for Zamárdi felső...
2026-04-16 19:35:21,881 - root - INFO - Fetched weather for Zamárdi felső: 15.0°C, Clouds, humidity: 64%
2026-04-16 19:35:22,983 - root - INFO - [438/1205] Fetching weather for Zamárdi...
2026-04-16 19:35:23,124 - root - INFO - Fetched weather for Zamárdi: 14.9°C, Clouds, humidity: 64%
2026-04-16 19:35:24,226 - root - INFO - [439/1205] Fetching weather for Szántód...
2026-04-16 19:35:24,376 - root - INFO - Fetched weather for Szántód: 15.0°C, Clouds, humidity: 64%
2026-04-16 19:35:25,478 - root - INFO - [440/1205] Fetching weather for Szőny-Déli...
2026-04-16 19:35:25,625 - root - INFO - Fetched weather for Szőny-Déli: 13.1°C, Clear, humidity: 71%
2026-04-16 19:35:26,727 - root - INFO - [441/1205] Fetching weather for Várpalota...
2026-04-16 19:35:26,862 - root - INFO - Fetched weather for Várpalota: 13.8°C, Clear, humidity: 72%
2026-04-16 19:35:27,964 - root - INFO - [442/1205] Fetching weather for Pétfürdő...
2026-04-16 19:35:28,110 - root - INFO - Fetched weather for Pétfürdő: 14.8°C, Clear, humidity: 72%
2026-04-16 19:35:29,212 - root - INFO - [443/1205] Fetching weather for Hajmáskér...
2026-04-16 19:35:29,346 - root - INFO - Fetched weather for Hajmáskér: 14.6°C, Clear, humidity: 73%
2026-04-16 19:35:30,448 - root - INFO - [444/1205] Fetching weather for Veszprém...
2026-04-16 19:35:30,587 - root - INFO - Fetched weather for Veszprém: 14.3°C, Clear, humidity: 74%
2026-04-16 19:35:31,689 - root - INFO - [445/1205] Fetching weather for Herend...
2026-04-16 19:35:31,830 - root - INFO - Fetched weather for Herend: 12.8°C, Clouds, humidity: 76%
2026-04-16 19:35:32,932 - root - INFO - [446/1205] Fetching weather for Városlőd...
2026-04-16 19:35:33,074 - root - INFO - Fetched weather for Városlőd: 10.0°C, Clouds, humidity: 78%
2026-04-16 19:35:34,175 - root - INFO - [447/1205] Fetching weather for Városlőd-Kislőd...
2026-04-16 19:35:34,312 - root - INFO - Fetched weather for Városlőd-Kislőd: 10.1°C, Clouds, humidity: 77%
2026-04-16 19:35:35,414 - root - INFO - [448/1205] Fetching weather for Ajka...
2026-04-16 19:35:35,549 - root - INFO - Fetched weather for Ajka: 10.4°C, Clouds, humidity: 77%
2026-04-16 19:35:36,651 - root - INFO - [449/1205] Fetching weather for Ajka-Gyártelep...
2026-04-16 19:35:36,784 - root - INFO - Fetched weather for Ajka-Gyártelep: 10.4°C, Clouds, humidity: 77%
2026-04-16 19:35:37,886 - root - INFO - [450/1205] Fetching weather for Devecser...
2026-04-16 19:35:38,026 - root - INFO - Fetched weather for Devecser: 10.8°C, Clouds, humidity: 77%
2026-04-16 19:35:39,128 - root - INFO - [451/1205] Fetching weather for Somlóvásárhely...
2026-04-16 19:35:39,267 - root - INFO - Fetched weather for Somlóvásárhely: 10.9°C, Clouds, humidity: 76%
2026-04-16 19:35:40,369 - root - INFO - [452/1205] Fetching weather for Tüskevár...
2026-04-16 19:35:40,509 - root - INFO - Fetched weather for Tüskevár: 11.0°C, Clouds, humidity: 76%
2026-04-16 19:35:41,611 - root - INFO - [453/1205] Fetching weather for Karakószörcsök...
2026-04-16 19:35:41,757 - root - INFO - Fetched weather for Karakószörcsök: 13.8°C, Clouds, humidity: 76%
2026-04-16 19:35:42,859 - root - INFO - [454/1205] Fetching weather for Kerta...
2026-04-16 19:35:43,000 - root - INFO - Fetched weather for Kerta: 13.9°C, Clouds, humidity: 75%
2026-04-16 19:35:44,102 - root - INFO - [455/1205] Fetching weather for Boba...
2026-04-16 19:35:44,245 - root - INFO - Fetched weather for Boba: 13.9°C, Clouds, humidity: 75%
2026-04-16 19:35:45,346 - root - INFO - [456/1205] Fetching weather for Börgönd...
2026-04-16 19:35:45,485 - root - INFO - Fetched weather for Börgönd: 14.6°C, Clouds, humidity: 68%
2026-04-16 19:35:46,587 - root - INFO - [457/1205] Fetching weather for Belsőbáránd...
2026-04-16 19:35:46,722 - root - INFO - Fetched weather for Belsőbáránd: 14.5°C, Clouds, humidity: 69%
2026-04-16 19:35:47,824 - root - INFO - [458/1205] Fetching weather for Zichyújfalu...
2026-04-16 19:35:47,957 - root - INFO - Fetched weather for Zichyújfalu: 14.7°C, Clouds, humidity: 64%
2026-04-16 19:35:49,058 - root - INFO - [459/1205] Fetching weather for Seregélyes...
2026-04-16 19:35:49,203 - root - INFO - Fetched weather for Seregélyes: 14.7°C, Clouds, humidity: 67%
2026-04-16 19:35:50,305 - root - INFO - [460/1205] Fetching weather for Polgárdi-Ipartelepek...
2026-04-16 19:35:50,444 - root - INFO - Fetched weather for Polgárdi-Ipartelepek: 14.6°C, Clouds, humidity: 71%
2026-04-16 19:35:51,546 - root - INFO - [461/1205] Fetching weather for Polgárdi...
2026-04-16 19:35:51,685 - root - INFO - Fetched weather for Polgárdi: 14.6°C, Clouds, humidity: 71%
2026-04-16 19:35:52,787 - root - INFO - [462/1205] Fetching weather for Füle...
2026-04-16 19:35:52,924 - root - INFO - Fetched weather for Füle: 14.6°C, Clouds, humidity: 71%
2026-04-16 19:35:54,026 - root - INFO - [463/1205] Fetching weather for Zánka-Erzsébettábor...
2026-04-16 19:35:54,158 - root - INFO - Fetched weather for Zánka-Erzsébettábor: 14.9°C, Clouds, humidity: 75%
2026-04-16 19:35:55,261 - root - INFO - [464/1205] Fetching weather for Csajág...
2026-04-16 19:35:55,393 - root - INFO - Fetched weather for Csajág: 14.8°C, Clouds, humidity: 64%
2026-04-16 19:35:56,494 - root - INFO - [465/1205] Fetching weather for Balatonakarattya...
2026-04-16 19:35:56,629 - root - INFO - Fetched weather for Balatonakarattya: 14.6°C, Clouds, humidity: 64%
2026-04-16 19:35:57,731 - root - INFO - [466/1205] Fetching weather for Csittényhegy...
2026-04-16 19:35:57,868 - root - INFO - Fetched weather for Csittényhegy: 14.9°C, Clouds, humidity: 64%
2026-04-16 19:35:58,970 - root - INFO - [467/1205] Fetching weather for Balatonkenese...
2026-04-16 19:35:59,104 - root - INFO - Fetched weather for Balatonkenese: 14.9°C, Clouds, humidity: 64%
2026-04-16 19:36:00,206 - root - INFO - [468/1205] Fetching weather for Balatonfűzfő...
2026-04-16 19:36:00,344 - root - INFO - Fetched weather for Balatonfűzfő: 15.0°C, Clouds, humidity: 64%
2026-04-16 19:36:01,446 - root - INFO - [469/1205] Fetching weather for Balatonalmádi...
2026-04-16 19:36:01,581 - root - INFO - Fetched weather for Balatonalmádi: 14.9°C, Clouds, humidity: 64%
2026-04-16 19:36:02,683 - root - INFO - [470/1205] Fetching weather for Káptalanfüred...
2026-04-16 19:36:02,827 - root - INFO - Fetched weather for Káptalanfüred: 15.0°C, Clouds, humidity: 64%
2026-04-16 19:36:03,929 - root - INFO - [471/1205] Fetching weather for Alsóörs...
2026-04-16 19:36:04,073 - root - INFO - Fetched weather for Alsóörs: 15.0°C, Clouds, humidity: 64%
2026-04-16 19:36:05,175 - root - INFO - [472/1205] Fetching weather for Csopak...
2026-04-16 19:36:05,311 - root - INFO - Fetched weather for Csopak: 14.8°C, Clouds, humidity: 64%
2026-04-16 19:36:06,413 - root - INFO - [473/1205] Fetching weather for Balatonarács...
2026-04-16 19:36:06,548 - root - INFO - Fetched weather for Balatonarács: 14.8°C, Clouds, humidity: 64%
2026-04-16 19:36:07,649 - root - INFO - [474/1205] Fetching weather for Balatonfüred...
2026-04-16 19:36:07,795 - root - INFO - Fetched weather for Balatonfüred: 14.8°C, Clouds, humidity: 64%
2026-04-16 19:36:08,897 - root - INFO - [475/1205] Fetching weather for Aszófő...
2026-04-16 19:36:09,029 - root - INFO - Fetched weather for Aszófő: 14.9°C, Clouds, humidity: 64%
2026-04-16 19:36:10,131 - root - INFO - [476/1205] Fetching weather for Örvényes...
2026-04-16 19:36:10,262 - root - INFO - Fetched weather for Örvényes: 14.9°C, Clouds, humidity: 64%
2026-04-16 19:36:11,364 - root - INFO - [477/1205] Fetching weather for Balatonudvari...
2026-04-16 19:36:11,494 - root - INFO - Fetched weather for Balatonudvari: 15.0°C, Clouds, humidity: 64%
2026-04-16 19:36:12,596 - root - INFO - [478/1205] Fetching weather for Fövenyes...
2026-04-16 19:36:12,725 - root - INFO - Fetched weather for Fövenyes: 15.0°C, Clouds, humidity: 74%
2026-04-16 19:36:13,827 - root - INFO - [479/1205] Fetching weather for Balatonakali-Dörgicse...
2026-04-16 19:36:13,963 - root - INFO - Fetched weather for Balatonakali-Dörgicse: 15.0°C, Clouds, humidity: 75%
2026-04-16 19:36:15,065 - root - INFO - [480/1205] Fetching weather for Zánka-Köveskál...
2026-04-16 19:36:15,199 - root - INFO - Fetched weather for Zánka-Köveskál: 15.0°C, Clouds, humidity: 75%
2026-04-16 19:36:16,301 - root - INFO - [481/1205] Fetching weather for Balatonszepezd...
2026-04-16 19:36:16,436 - root - INFO - Fetched weather for Balatonszepezd: 14.2°C, Clouds, humidity: 75%
2026-04-16 19:36:17,538 - root - INFO - [482/1205] Fetching weather for Szepezdfürdő...
2026-04-16 19:36:17,673 - root - INFO - Fetched weather for Szepezdfürdő: 13.2°C, Clouds, humidity: 75%
2026-04-16 19:36:18,775 - root - INFO - [483/1205] Fetching weather for Révfülöp...
2026-04-16 19:36:18,912 - root - INFO - Fetched weather for Révfülöp: 13.2°C, Clouds, humidity: 75%
2026-04-16 19:36:20,014 - root - INFO - [484/1205] Fetching weather for Balatonrendes...
2026-04-16 19:36:20,149 - root - INFO - Fetched weather for Balatonrendes: 13.8°C, Clouds, humidity: 75%
2026-04-16 19:36:21,251 - root - INFO - [485/1205] Fetching weather for Ábrahámhegy...
2026-04-16 19:36:21,382 - root - INFO - Fetched weather for Ábrahámhegy: 13.8°C, Clouds, humidity: 75%
2026-04-16 19:36:22,483 - root - INFO - [486/1205] Fetching weather for Badacsonyörs...
2026-04-16 19:36:22,623 - root - INFO - Fetched weather for Badacsonyörs: 14.0°C, Clouds, humidity: 75%
2026-04-16 19:36:23,725 - root - INFO - [487/1205] Fetching weather for Kisújszállás...
2026-04-16 19:36:23,861 - root - INFO - Fetched weather for Kisújszállás: 13.9°C, Clouds, humidity: 81%
2026-04-16 19:36:24,963 - root - INFO - [488/1205] Fetching weather for Karcag...
2026-04-16 19:36:25,097 - root - INFO - Fetched weather for Karcag: 13.9°C, Clouds, humidity: 81%
2026-04-16 19:36:26,199 - root - INFO - [489/1205] Fetching weather for Püspökladány...
2026-04-16 19:36:26,336 - root - INFO - Fetched weather for Püspökladány: 13.9°C, Clouds, humidity: 79%
2026-04-16 19:36:27,438 - root - INFO - [490/1205] Fetching weather for Kaba...
2026-04-16 19:36:27,571 - root - INFO - Fetched weather for Kaba: 17.1°C, Clouds, humidity: 76%
2026-04-16 19:36:28,673 - root - INFO - [491/1205] Fetching weather for Hajdúszoboszló...
2026-04-16 19:36:28,807 - root - INFO - Fetched weather for Hajdúszoboszló: 17.1°C, Clear, humidity: 55%
2026-04-16 19:36:29,909 - root - INFO - [492/1205] Fetching weather for Ebes...
2026-04-16 19:36:30,048 - root - INFO - Fetched weather for Ebes: 17.0°C, Clear, humidity: 55%
2026-04-16 19:36:31,150 - root - INFO - [493/1205] Fetching weather for Debrecen...
2026-04-16 19:36:31,280 - root - INFO - Fetched weather for Debrecen: 16.9°C, Clear, humidity: 55%
2026-04-16 19:36:32,382 - root - INFO - [494/1205] Fetching weather for Debrecen-Csapókert...
2026-04-16 19:36:32,511 - root - INFO - Fetched weather for Debrecen-Csapókert: 16.9°C, Clear, humidity: 55%
2026-04-16 19:36:33,613 - root - INFO - [495/1205] Fetching weather for Apafa...
2026-04-16 19:36:33,756 - root - INFO - Fetched weather for Apafa: 16.8°C, Clear, humidity: 55%
2026-04-16 19:36:34,858 - root - INFO - [496/1205] Fetching weather for Bocskaikert...
2026-04-16 19:36:35,000 - root - INFO - Fetched weather for Bocskaikert: 16.8°C, Clear, humidity: 55%
2026-04-16 19:36:36,102 - root - INFO - [497/1205] Fetching weather for Hajdúhadház...
2026-04-16 19:36:36,236 - root - INFO - Fetched weather for Hajdúhadház: 16.7°C, Clouds, humidity: 70%
2026-04-16 19:36:37,339 - root - INFO - [498/1205] Fetching weather for Téglás...
2026-04-16 19:36:37,482 - root - INFO - Fetched weather for Téglás: 16.8°C, Clouds, humidity: 70%
2026-04-16 19:36:38,584 - root - INFO - [499/1205] Fetching weather for Újfehértó...
2026-04-16 19:36:38,714 - root - INFO - Fetched weather for Újfehértó: 13.8°C, Clouds, humidity: 70%
2026-04-16 19:36:39,816 - root - INFO - [500/1205] Fetching weather for Nyíregyháza...
2026-04-16 19:36:39,958 - root - INFO - Fetched weather for Nyíregyháza: 13.7°C, Clouds, humidity: 69%
2026-04-16 19:36:41,060 - root - INFO - [501/1205] Fetching weather for Sóstó...
2026-04-16 19:36:41,196 - root - INFO - Fetched weather for Sóstó: 15.4°C, Clouds, humidity: 69%
2026-04-16 19:36:42,298 - root - INFO - [502/1205] Fetching weather for Sóstóhegy...
2026-04-16 19:36:42,438 - root - INFO - Fetched weather for Sóstóhegy: 15.4°C, Clouds, humidity: 69%
2026-04-16 19:36:43,540 - root - INFO - [503/1205] Fetching weather for Kemecse...
2026-04-16 19:36:43,678 - root - INFO - Fetched weather for Kemecse: 13.7°C, Clouds, humidity: 68%
2026-04-16 19:36:44,779 - root - INFO - [504/1205] Fetching weather for Nyírbogdány...
2026-04-16 19:36:44,913 - root - INFO - Fetched weather for Nyírbogdány: 13.7°C, Clouds, humidity: 68%
2026-04-16 19:36:46,015 - root - INFO - [505/1205] Fetching weather for Kék...
2026-04-16 19:36:46,151 - root - INFO - Fetched weather for Kék: 13.7°C, Clouds, humidity: 68%
2026-04-16 19:36:47,253 - root - INFO - [506/1205] Fetching weather for Demecser...
2026-04-16 19:36:47,385 - root - INFO - Fetched weather for Demecser: 13.8°C, Clouds, humidity: 67%
2026-04-16 19:36:48,487 - root - INFO - [507/1205] Fetching weather for Gégény...
2026-04-16 19:36:48,623 - root - INFO - Fetched weather for Gégény: 13.8°C, Clouds, humidity: 67%
2026-04-16 19:36:49,725 - root - INFO - [508/1205] Fetching weather for Pátroha...
2026-04-16 19:36:49,869 - root - INFO - Fetched weather for Pátroha: 13.8°C, Clouds, humidity: 67%
2026-04-16 19:36:50,971 - root - INFO - [509/1205] Fetching weather for Ajak...
2026-04-16 19:36:51,104 - root - INFO - Fetched weather for Ajak: 13.8°C, Clouds, humidity: 67%
2026-04-16 19:36:52,206 - root - INFO - [510/1205] Fetching weather for Kisvárda...
2026-04-16 19:36:52,337 - root - INFO - Fetched weather for Kisvárda: 13.8°C, Clouds, humidity: 67%
2026-04-16 19:36:53,438 - root - INFO - [511/1205] Fetching weather for Kisvárda-Hármasút...
2026-04-16 19:36:53,582 - root - INFO - Fetched weather for Kisvárda-Hármasút: 13.8°C, Clouds, humidity: 67%
2026-04-16 19:36:54,684 - root - INFO - [512/1205] Fetching weather for Fényeslitke...
2026-04-16 19:36:54,820 - root - INFO - Fetched weather for Fényeslitke: 13.7°C, Clouds, humidity: 67%
2026-04-16 19:36:55,921 - root - INFO - [513/1205] Fetching weather for Komoró...
2026-04-16 19:36:56,056 - root - INFO - Fetched weather for Komoró: 13.7°C, Clouds, humidity: 67%
2026-04-16 19:36:57,158 - root - INFO - [514/1205] Fetching weather for Tuzsér...
2026-04-16 19:36:57,294 - root - INFO - Fetched weather for Tuzsér: 13.6°C, Clouds, humidity: 67%
2026-04-16 19:36:58,395 - root - INFO - [515/1205] Fetching weather for Tiszabezdéd...
2026-04-16 19:36:58,534 - root - INFO - Fetched weather for Tiszabezdéd: 13.6°C, Clouds, humidity: 67%
2026-04-16 19:36:59,636 - root - INFO - [516/1205] Fetching weather for Záhony...
2026-04-16 19:36:59,776 - root - INFO - Fetched weather for Záhony: 13.6°C, Clouds, humidity: 67%
2026-04-16 19:37:00,878 - root - INFO - [517/1205] Fetching weather for Karcag-Vásártér...
2026-04-16 19:37:01,013 - root - INFO - Fetched weather for Karcag-Vásártér: 15.0°C, Clouds, humidity: 81%
2026-04-16 19:37:02,115 - root - INFO - [518/1205] Fetching weather for Berekfürdő...
2026-04-16 19:37:02,254 - root - INFO - Fetched weather for Berekfürdő: 15.0°C, Clouds, humidity: 81%
2026-04-16 19:37:03,356 - root - INFO - [519/1205] Fetching weather for Kunmadaras...
2026-04-16 19:37:03,493 - root - INFO - Fetched weather for Kunmadaras: 15.0°C, Clouds, humidity: 74%
2026-04-16 19:37:04,594 - root - INFO - [520/1205] Fetching weather for Tiszaszentimre...
2026-04-16 19:37:04,723 - root - INFO - Fetched weather for Tiszaszentimre: 15.0°C, Clouds, humidity: 74%
2026-04-16 19:37:05,825 - root - INFO - [521/1205] Fetching weather for Tiszaszőlős...
2026-04-16 19:37:05,960 - root - INFO - Fetched weather for Tiszaszőlős: 15.0°C, Rain, humidity: 74%
2026-04-16 19:37:07,061 - root - INFO - [522/1205] Fetching weather for Hosszúhát...
2026-04-16 19:37:07,196 - root - INFO - Fetched weather for Hosszúhát: 14.0°C, Clouds, humidity: 79%
2026-04-16 19:37:08,298 - root - INFO - [523/1205] Fetching weather for Szerep...
2026-04-16 19:37:08,437 - root - INFO - Fetched weather for Szerep: 14.0°C, Clouds, humidity: 79%
2026-04-16 19:37:09,539 - root - INFO - [524/1205] Fetching weather for Sárrétudvari...
2026-04-16 19:37:09,674 - root - INFO - Fetched weather for Sárrétudvari: 14.1°C, Clouds, humidity: 78%
2026-04-16 19:37:10,776 - root - INFO - [525/1205] Fetching weather for Biharnagybajom...
2026-04-16 19:37:10,913 - root - INFO - Fetched weather for Biharnagybajom: 14.1°C, Clouds, humidity: 78%
2026-04-16 19:37:12,015 - root - INFO - [526/1205] Fetching weather for Füzesgyarmat...
2026-04-16 19:37:12,145 - root - INFO - Fetched weather for Füzesgyarmat: 14.1°C, Clouds, humidity: 79%
2026-04-16 19:37:13,248 - root - INFO - [527/1205] Fetching weather for Füzesgyarmatfürdő...
2026-04-16 19:37:13,378 - root - INFO - Fetched weather for Füzesgyarmatfürdő: 14.1°C, Clouds, humidity: 79%
2026-04-16 19:37:14,480 - root - INFO - [528/1205] Fetching weather for Báránd...
2026-04-16 19:37:14,614 - root - INFO - Fetched weather for Báránd: 14.0°C, Clouds, humidity: 77%
2026-04-16 19:37:15,716 - root - INFO - [529/1205] Fetching weather for Sáp...
2026-04-16 19:37:15,855 - root - INFO - Fetched weather for Sáp: 14.2°C, Clouds, humidity: 76%
2026-04-16 19:37:16,957 - root - INFO - [530/1205] Fetching weather for Berettyóújfalu...
2026-04-16 19:37:17,089 - root - INFO - Fetched weather for Berettyóújfalu: 14.3°C, Clouds, humidity: 73%
2026-04-16 19:37:18,190 - root - INFO - [531/1205] Fetching weather for Mezőpeterd...
2026-04-16 19:37:18,334 - root - INFO - Fetched weather for Mezőpeterd: 17.3°C, Clouds, humidity: 73%
2026-04-16 19:37:19,436 - root - INFO - [532/1205] Fetching weather for Biharkeresztes...
2026-04-16 19:37:19,565 - root - INFO - Fetched weather for Biharkeresztes: 17.2°C, Rain, humidity: 59%
2026-04-16 19:37:20,667 - root - INFO - [533/1205] Fetching weather for Tócóvölgy...
2026-04-16 19:37:20,804 - root - INFO - Fetched weather for Tócóvölgy: 17.0°C, Clear, humidity: 55%
2026-04-16 19:37:21,906 - root - INFO - [534/1205] Fetching weather for Sáregres...
2026-04-16 19:37:22,043 - root - INFO - Fetched weather for Sáregres: 14.6°C, Clouds, humidity: 69%
2026-04-16 19:37:23,144 - root - INFO - [535/1205] Fetching weather for Simontornya...
2026-04-16 19:37:23,280 - root - INFO - Fetched weather for Simontornya: 14.4°C, Clouds, humidity: 70%
2026-04-16 19:37:24,382 - root - INFO - [536/1205] Fetching weather for Tolnanémedi...
2026-04-16 19:37:24,510 - root - INFO - Fetched weather for Tolnanémedi: 14.5°C, Clouds, humidity: 71%
2026-04-16 19:37:25,611 - root - INFO - [537/1205] Fetching weather for Pincehely...
2026-04-16 19:37:25,746 - root - INFO - Fetched weather for Pincehely: 14.3°C, Clouds, humidity: 71%
2026-04-16 19:37:26,848 - root - INFO - [538/1205] Fetching weather for Keszőhidegkút-Gyönk...
2026-04-16 19:37:26,989 - root - INFO - Fetched weather for Keszőhidegkút-Gyönk: 14.3°C, Clouds, humidity: 71%
2026-04-16 19:37:28,091 - root - INFO - [539/1205] Fetching weather for Szárazd...
2026-04-16 19:37:28,220 - root - INFO - Fetched weather for Szárazd: 14.3°C, Clouds, humidity: 71%
2026-04-16 19:37:29,322 - root - INFO - [540/1205] Fetching weather for Regöly...
2026-04-16 19:37:29,463 - root - INFO - Fetched weather for Regöly: 14.3°C, Clouds, humidity: 71%
2026-04-16 19:37:30,565 - root - INFO - [541/1205] Fetching weather for Szakály-Hőgyész...
2026-04-16 19:37:30,705 - root - INFO - Fetched weather for Szakály-Hőgyész: 14.2°C, Clouds, humidity: 71%
2026-04-16 19:37:31,807 - root - INFO - [542/1205] Fetching weather for Dúzs...
2026-04-16 19:37:31,941 - root - INFO - Fetched weather for Dúzs: 14.2°C, Clouds, humidity: 71%
2026-04-16 19:37:33,043 - root - INFO - [543/1205] Fetching weather for Csibrák...
2026-04-16 19:37:33,176 - root - INFO - Fetched weather for Csibrák: 14.3°C, Clouds, humidity: 71%
2026-04-16 19:37:34,278 - root - INFO - [544/1205] Fetching weather for Kurd...
2026-04-16 19:37:34,418 - root - INFO - Fetched weather for Kurd: 13.9°C, Clouds, humidity: 72%
2026-04-16 19:37:35,519 - root - INFO - [545/1205] Fetching weather for Döbrököz...
2026-04-16 19:37:35,659 - root - INFO - Fetched weather for Döbrököz: 14.1°C, Clouds, humidity: 72%
2026-04-16 19:37:36,761 - root - INFO - [546/1205] Fetching weather for Dombóvár...
2026-04-16 19:37:36,903 - root - INFO - Fetched weather for Dombóvár: 14.0°C, Clouds, humidity: 74%
2026-04-16 19:37:38,005 - root - INFO - [547/1205] Fetching weather for Dombóvár alsó...
2026-04-16 19:37:38,143 - root - INFO - Fetched weather for Dombóvár alsó: 14.0°C, Clouds, humidity: 74%
2026-04-16 19:37:39,245 - root - INFO - [548/1205] Fetching weather for Somoskőújfalu...
2026-04-16 19:37:39,380 - root - INFO - Fetched weather for Somoskőújfalu: 11.0°C, Clouds, humidity: 82%
2026-04-16 19:37:40,482 - root - INFO - [549/1205] Fetching weather for Jászfényszaru...
2026-04-16 19:37:40,620 - root - INFO - Fetched weather for Jászfényszaru: 14.4°C, Clouds, humidity: 68%
2026-04-16 19:37:41,721 - root - INFO - [550/1205] Fetching weather for Pusztamonostor...
2026-04-16 19:37:41,856 - root - INFO - Fetched weather for Pusztamonostor: 12.2°C, Clouds, humidity: 68%
2026-04-16 19:37:42,958 - root - INFO - [551/1205] Fetching weather for Jászberény...
2026-04-16 19:37:43,095 - root - INFO - Fetched weather for Jászberény: 12.3°C, Clouds, humidity: 68%
2026-04-16 19:37:44,197 - root - INFO - [552/1205] Fetching weather for Meggyespele...
2026-04-16 19:37:44,334 - root - INFO - Fetched weather for Meggyespele: 12.3°C, Clouds, humidity: 68%
2026-04-16 19:37:45,436 - root - INFO - [553/1205] Fetching weather for Portelek...
2026-04-16 19:37:45,576 - root - INFO - Fetched weather for Portelek: 12.3°C, Clouds, humidity: 68%
2026-04-16 19:37:46,677 - root - INFO - [554/1205] Fetching weather for Jászboldogháza-Jánoshida...
2026-04-16 19:37:46,817 - root - INFO - Fetched weather for Jászboldogháza-Jánoshida: 12.3°C, Clouds, humidity: 68%
2026-04-16 19:37:47,919 - root - INFO - [555/1205] Fetching weather for Jászárokszállás...
2026-04-16 19:37:48,050 - root - INFO - Fetched weather for Jászárokszállás: 14.2°C, Clouds, humidity: 73%
2026-04-16 19:37:49,152 - root - INFO - [556/1205] Fetching weather for Jászdózsa...
2026-04-16 19:37:49,288 - root - INFO - Fetched weather for Jászdózsa: 14.2°C, Clouds, humidity: 73%
2026-04-16 19:37:50,389 - root - INFO - [557/1205] Fetching weather for Jászapáti...
2026-04-16 19:37:50,541 - root - INFO - Fetched weather for Jászapáti: 14.1°C, Clouds, humidity: 74%
2026-04-16 19:37:51,643 - root - INFO - [558/1205] Fetching weather for Jászkisér...
2026-04-16 19:37:51,776 - root - INFO - Fetched weather for Jászkisér: 15.0°C, Clouds, humidity: 74%
2026-04-16 19:37:52,878 - root - INFO - [559/1205] Fetching weather for Jászladány...
2026-04-16 19:37:53,008 - root - INFO - Fetched weather for Jászladány: 12.3°C, Clouds, humidity: 72%
2026-04-16 19:37:54,110 - root - INFO - [560/1205] Fetching weather for Szászberek...
2026-04-16 19:37:54,241 - root - INFO - Fetched weather for Szászberek: 12.3°C, Clouds, humidity: 68%
2026-04-16 19:37:55,343 - root - INFO - [561/1205] Fetching weather for Gyöngyöshalász...
2026-04-16 19:37:55,479 - root - INFO - Fetched weather for Gyöngyöshalász: 13.8°C, Clouds, humidity: 75%
2026-04-16 19:37:56,581 - root - INFO - [562/1205] Fetching weather for Gyöngyös...
2026-04-16 19:37:56,712 - root - INFO - Fetched weather for Gyöngyös: 13.4°C, Clouds, humidity: 77%
2026-04-16 19:37:57,815 - root - INFO - [563/1205] Fetching weather for Erdőtelek...
2026-04-16 19:37:57,952 - root - INFO - Fetched weather for Erdőtelek: 13.6°C, Clouds, humidity: 80%
2026-04-16 19:37:59,054 - root - INFO - [564/1205] Fetching weather for Heves...
2026-04-16 19:37:59,194 - root - INFO - Fetched weather for Heves: 14.9°C, Clouds, humidity: 78%
2026-04-16 19:38:00,296 - root - INFO - [565/1205] Fetching weather for Hevesvezekény...
2026-04-16 19:38:00,444 - root - INFO - Fetched weather for Hevesvezekény: 15.0°C, Clouds, humidity: 74%
2026-04-16 19:38:01,546 - root - INFO - [566/1205] Fetching weather for Tarnaszentmiklós...
2026-04-16 19:38:01,676 - root - INFO - Fetched weather for Tarnaszentmiklós: 15.0°C, Clouds, humidity: 74%
2026-04-16 19:38:02,778 - root - INFO - [567/1205] Fetching weather for Kisköre...
2026-04-16 19:38:02,919 - root - INFO - Fetched weather for Kisköre: 15.0°C, Clouds, humidity: 74%
2026-04-16 19:38:04,021 - root - INFO - [568/1205] Fetching weather for Abádszalók...
2026-04-16 19:38:04,157 - root - INFO - Fetched weather for Abádszalók: 15.0°C, Clouds, humidity: 74%
2026-04-16 19:38:05,259 - root - INFO - [569/1205] Fetching weather for Kunhegyes...
2026-04-16 19:38:05,392 - root - INFO - Fetched weather for Kunhegyes: 15.0°C, Clouds, humidity: 74%
2026-04-16 19:38:06,494 - root - INFO - [570/1205] Fetching weather for Kenderes...
2026-04-16 19:38:06,630 - root - INFO - Fetched weather for Kenderes: 15.0°C, Clouds, humidity: 81%
2026-04-16 19:38:07,732 - root - INFO - [571/1205] Fetching weather for Maklár...
2026-04-16 19:38:07,867 - root - INFO - Fetched weather for Maklár: 13.5°C, Clouds, humidity: 83%
2026-04-16 19:38:08,969 - root - INFO - [572/1205] Fetching weather for Andornaktálya...
2026-04-16 19:38:09,108 - root - INFO - Fetched weather for Andornaktálya: 13.4°C, Clouds, humidity: 84%
2026-04-16 19:38:10,210 - root - INFO - [573/1205] Fetching weather for Eger...
2026-04-16 19:38:10,343 - root - INFO - Fetched weather for Eger: 13.3°C, Clouds, humidity: 84%
2026-04-16 19:38:11,445 - root - INFO - [574/1205] Fetching weather for Egervár...
2026-04-16 19:38:11,577 - root - INFO - Fetched weather for Egervár: 13.1°C, Clouds, humidity: 100%
2026-04-16 19:38:12,679 - root - INFO - [575/1205] Fetching weather for Eger-Felnémet...
2026-04-16 19:38:12,826 - root - INFO - Fetched weather for Eger-Felnémet: 13.1°C, Clouds, humidity: 100%
2026-04-16 19:38:13,927 - root - INFO - [576/1205] Fetching weather for Szarvaskő...
2026-04-16 19:38:14,061 - root - INFO - Fetched weather for Szarvaskő: 12.8°C, Clouds, humidity: 100%
2026-04-16 19:38:15,163 - root - INFO - [577/1205] Fetching weather for Mónosbél...
2026-04-16 19:38:15,302 - root - INFO - Fetched weather for Mónosbél: 12.6°C, Clouds, humidity: 100%
2026-04-16 19:38:16,404 - root - INFO - [578/1205] Fetching weather for Bélapátfalva...
2026-04-16 19:38:16,534 - root - INFO - Fetched weather for Bélapátfalva: 12.3°C, Clouds, humidity: 100%
2026-04-16 19:38:17,636 - root - INFO - [579/1205] Fetching weather for Bélapátfalvi Cementgyár...
2026-04-16 19:38:17,783 - root - INFO - Fetched weather for Bélapátfalvi Cementgyár: 12.2°C, Clouds, humidity: 100%
2026-04-16 19:38:18,884 - root - INFO - [580/1205] Fetching weather for Szilvásvárad...
2026-04-16 19:38:19,020 - root - INFO - Fetched weather for Szilvásvárad: 12.1°C, Clouds, humidity: 100%
2026-04-16 19:38:20,121 - root - INFO - [581/1205] Fetching weather for Hejőkeresztúr...
2026-04-16 19:38:20,266 - root - INFO - Fetched weather for Hejőkeresztúr: 14.1°C, Clouds, humidity: 69%
2026-04-16 19:38:21,368 - root - INFO - [582/1205] Fetching weather for Tiszaújváros...
2026-04-16 19:38:21,505 - root - INFO - Fetched weather for Tiszaújváros: 14.2°C, Clouds, humidity: 78%
2026-04-16 19:38:22,606 - root - INFO - [583/1205] Fetching weather for Miskolc-Gömöri...
2026-04-16 19:38:22,740 - root - INFO - Fetched weather for Miskolc-Gömöri: 14.0°C, Clouds, humidity: 62%
2026-04-16 19:38:23,842 - root - INFO - [584/1205] Fetching weather for Sajókeresztúr...
2026-04-16 19:38:23,978 - root - INFO - Fetched weather for Sajókeresztúr: 13.9°C, Clouds, humidity: 59%
2026-04-16 19:38:25,080 - root - INFO - [585/1205] Fetching weather for Sajóecseg...
2026-04-16 19:38:25,215 - root - INFO - Fetched weather for Sajóecseg: 13.9°C, Clouds, humidity: 59%
2026-04-16 19:38:26,317 - root - INFO - [586/1205] Fetching weather for Sajószentpéter...
2026-04-16 19:38:26,456 - root - INFO - Fetched weather for Sajószentpéter: 13.8°C, Clouds, humidity: 59%
2026-04-16 19:38:27,558 - root - INFO - [587/1205] Fetching weather for Kazincbarcika...
2026-04-16 19:38:27,693 - root - INFO - Fetched weather for Kazincbarcika: 12.9°C, Clouds, humidity: 78%
2026-04-16 19:38:28,795 - root - INFO - [588/1205] Fetching weather for Sajókaza...
2026-04-16 19:38:28,929 - root - INFO - Fetched weather for Sajókaza: 12.6°C, Clouds, humidity: 79%
2026-04-16 19:38:30,031 - root - INFO - [589/1205] Fetching weather for Vadna...
2026-04-16 19:38:30,167 - root - INFO - Fetched weather for Vadna: 12.9°C, Clouds, humidity: 79%
2026-04-16 19:38:31,269 - root - INFO - [590/1205] Fetching weather for Dubicsány...
2026-04-16 19:38:31,406 - root - INFO - Fetched weather for Dubicsány: 13.0°C, Clouds, humidity: 80%
2026-04-16 19:38:32,508 - root - INFO - [591/1205] Fetching weather for Raposka...
2026-04-16 19:38:32,639 - root - INFO - Fetched weather for Raposka: 15.1°C, Clouds, humidity: 76%
2026-04-16 19:38:33,741 - root - INFO - [592/1205] Fetching weather for Ivacs...
2026-04-16 19:38:33,886 - root - INFO - Fetched weather for Ivacs: 15.6°C, Clouds, humidity: 54%
2026-04-16 19:38:34,988 - root - INFO - [593/1205] Fetching weather for Kisköre-Tiszahíd...
2026-04-16 19:38:35,125 - root - INFO - Fetched weather for Kisköre-Tiszahíd: 15.0°C, Clouds, humidity: 74%
2026-04-16 19:38:36,226 - root - INFO - [594/1205] Fetching weather for Rozsály...
2026-04-16 19:38:36,360 - root - INFO - Fetched weather for Rozsály: 16.0°C, Clouds, humidity: 64%
2026-04-16 19:38:37,462 - root - INFO - [595/1205] Fetching weather for Pusztakettős...
2026-04-16 19:38:37,610 - root - INFO - Fetched weather for Pusztakettős: 15.0°C, Clouds, humidity: 74%
2026-04-16 19:38:38,712 - root - INFO - [596/1205] Fetching weather for Kisvác...
2026-04-16 19:38:38,853 - root - INFO - Fetched weather for Kisvác: 16.1°C, Clouds, humidity: 65%
2026-04-16 19:38:39,955 - root - INFO - [597/1205] Fetching weather for Tiszafüred-Gyártelep...
2026-04-16 19:38:40,094 - root - INFO - Fetched weather for Tiszafüred-Gyártelep: 15.0°C, Clouds, humidity: 74%
2026-04-16 19:38:41,196 - root - INFO - [598/1205] Fetching weather for Újkenéz...
2026-04-16 19:38:41,331 - root - INFO - Fetched weather for Újkenéz: 13.9°C, Clouds, humidity: 66%
2026-04-16 19:38:42,433 - root - INFO - [599/1205] Fetching weather for Püspökladány-Vásártér...
2026-04-16 19:38:42,565 - root - INFO - Fetched weather for Püspökladány-Vásártér: 14.0°C, Clouds, humidity: 79%
2026-04-16 19:38:43,667 - root - INFO - [600/1205] Fetching weather for Végegyháza alsó...
2026-04-16 19:38:43,803 - root - INFO - Fetched weather for Végegyháza alsó: 18.9°C, Clouds, humidity: 71%
2026-04-16 19:38:44,905 - root - INFO - [601/1205] Fetching weather for Orosháza felső...
2026-04-16 19:38:45,035 - root - INFO - Fetched weather for Orosháza felső: 14.9°C, Clouds, humidity: 71%
2026-04-16 19:38:46,136 - root - INFO - [602/1205] Fetching weather for Ambrózfalva...
2026-04-16 19:38:46,271 - root - INFO - Fetched weather for Ambrózfalva: 15.4°C, Clouds, humidity: 71%
2026-04-16 19:38:47,372 - root - INFO - [603/1205] Fetching weather for Alsónyék...
2026-04-16 19:38:47,504 - root - INFO - Fetched weather for Alsónyék: 14.3°C, Clouds, humidity: 74%
2026-04-16 19:38:48,606 - root - INFO - [604/1205] Fetching weather for Tompapuszta...
2026-04-16 19:38:48,736 - root - INFO - Fetched weather for Tompapuszta: 18.9°C, Clouds, humidity: 100%
2026-04-16 19:38:49,838 - root - INFO - [605/1205] Fetching weather for Halászlak...
2026-04-16 19:38:49,976 - root - INFO - Fetched weather for Halászlak: 14.1°C, Clouds, humidity: 74%
2026-04-16 19:38:51,078 - root - INFO - [606/1205] Fetching weather for Sirató...
2026-04-16 19:38:51,214 - root - INFO - Fetched weather for Sirató: 14.2°C, Clouds, humidity: 74%
2026-04-16 19:38:52,316 - root - INFO - [607/1205] Fetching weather for Csabacsűd felső...
2026-04-16 19:38:52,457 - root - INFO - Fetched weather for Csabacsűd felső: 14.2°C, Clouds, humidity: 74%
2026-04-16 19:38:53,559 - root - INFO - [608/1205] Fetching weather for Orosháza-Üveggyár...
2026-04-16 19:38:53,697 - root - INFO - Fetched weather for Orosháza-Üveggyár: 14.8°C, Clouds, humidity: 71%
2026-04-16 19:38:54,799 - root - INFO - [609/1205] Fetching weather for Gyulai városerdő...
2026-04-16 19:38:54,930 - root - INFO - Fetched weather for Gyulai városerdő: 15.0°C, Clouds, humidity: 70%
2026-04-16 19:38:56,032 - root - INFO - [610/1205] Fetching weather for Kórógyszentgyörgy...
2026-04-16 19:38:56,171 - root - INFO - Fetched weather for Kórógyszentgyörgy: 14.3°C, Clouds, humidity: 71%
2026-04-16 19:38:57,272 - root - INFO - [611/1205] Fetching weather for Kunszállás...
2026-04-16 19:38:57,412 - root - INFO - Fetched weather for Kunszállás: 17.2°C, Clear, humidity: 47%
2026-04-16 19:38:58,514 - root - INFO - [612/1205] Fetching weather for Selymes...
2026-04-16 19:38:58,649 - root - INFO - Fetched weather for Selymes: 17.2°C, Clouds, humidity: 47%
2026-04-16 19:38:59,751 - root - INFO - [613/1205] Fetching weather for Petőfiszállási tanyák...
2026-04-16 19:38:59,885 - root - INFO - Fetched weather for Petőfiszállási tanyák: 17.3°C, Clouds, humidity: 47%
2026-04-16 19:39:00,987 - root - INFO - [614/1205] Fetching weather for Kisteleki szőlők...
2026-04-16 19:39:01,121 - root - INFO - Fetched weather for Kisteleki szőlők: 17.2°C, Clouds, humidity: 67%
2026-04-16 19:39:02,223 - root - INFO - [615/1205] Fetching weather for Kapitányság...
2026-04-16 19:39:02,361 - root - INFO - Fetched weather for Kapitányság: 14.5°C, Clouds, humidity: 68%
2026-04-16 19:39:03,463 - root - INFO - [616/1205] Fetching weather for Őszeszék...
2026-04-16 19:39:03,608 - root - INFO - Fetched weather for Őszeszék: 14.5°C, Clouds, humidity: 68%
2026-04-16 19:39:04,710 - root - INFO - [617/1205] Fetching weather for Vilmaszállás...
2026-04-16 19:39:04,846 - root - INFO - Fetched weather for Vilmaszállás: 14.6°C, Clouds, humidity: 68%
2026-04-16 19:39:05,948 - root - INFO - [618/1205] Fetching weather for Jánosszállás...
2026-04-16 19:39:06,083 - root - INFO - Fetched weather for Jánosszállás: 14.6°C, Clouds, humidity: 69%
2026-04-16 19:39:07,185 - root - INFO - [619/1205] Fetching weather for Felsőpakony...
2026-04-16 19:39:07,322 - root - INFO - Fetched weather for Felsőpakony: 15.6°C, Clear, humidity: 52%
2026-04-16 19:39:08,424 - root - INFO - [620/1205] Fetching weather for Felsőméntelek...
2026-04-16 19:39:08,563 - root - INFO - Fetched weather for Felsőméntelek: 14.9°C, Clear, humidity: 55%
2026-04-16 19:39:09,665 - root - INFO - [621/1205] Fetching weather for Alsóméntelek...
2026-04-16 19:39:09,806 - root - INFO - Fetched weather for Alsóméntelek: 14.9°C, Clear, humidity: 55%
2026-04-16 19:39:10,908 - root - INFO - [622/1205] Fetching weather for Nagynyír...
2026-04-16 19:39:11,052 - root - INFO - Fetched weather for Nagynyír: 14.9°C, Clear, humidity: 55%
2026-04-16 19:39:12,154 - root - INFO - [623/1205] Fetching weather for Úrihegy...
2026-04-16 19:39:12,293 - root - INFO - Fetched weather for Úrihegy: 14.9°C, Clear, humidity: 55%
2026-04-16 19:39:13,395 - root - INFO - [624/1205] Fetching weather for Miklóstelep...
2026-04-16 19:39:13,529 - root - INFO - Fetched weather for Miklóstelep: 14.9°C, Clear, humidity: 55%
2026-04-16 19:39:14,631 - root - INFO - [625/1205] Fetching weather for Tiszajenő alsó...
2026-04-16 19:39:14,774 - root - INFO - Fetched weather for Tiszajenő alsó: 13.3°C, Clear, humidity: 74%
2026-04-16 19:39:15,876 - root - INFO - [626/1205] Fetching weather for Óbög...
2026-04-16 19:39:16,012 - root - INFO - Fetched weather for Óbög: 14.2°C, Clear, humidity: 70%
2026-04-16 19:39:17,114 - root - INFO - [627/1205] Fetching weather for Árpádszállás...
2026-04-16 19:39:17,255 - root - INFO - Fetched weather for Árpádszállás: 16.1°C, Clear, humidity: 51%
2026-04-16 19:39:18,357 - root - INFO - [628/1205] Fetching weather for Tőserdő...
2026-04-16 19:39:18,489 - root - INFO - Fetched weather for Tőserdő: 16.3°C, Clear, humidity: 51%
2026-04-16 19:39:19,591 - root - INFO - [629/1205] Fetching weather for Tiszaalpár felső...
2026-04-16 19:39:19,726 - root - INFO - Fetched weather for Tiszaalpár felső: 17.3°C, Clear, humidity: 47%
2026-04-16 19:39:20,828 - root - INFO - [630/1205] Fetching weather for Borsihalom...
2026-04-16 19:39:20,966 - root - INFO - Fetched weather for Borsihalom: 17.2°C, Clouds, humidity: 47%
2026-04-16 19:39:22,068 - root - INFO - [631/1205] Fetching weather for Petőfiváros...
2026-04-16 19:39:22,206 - root - INFO - Fetched weather for Petőfiváros: 17.2°C, Clouds, humidity: 47%
2026-04-16 19:39:23,308 - root - INFO - [632/1205] Fetching weather for Csorna...
2026-04-16 19:39:23,441 - root - INFO - Fetched weather for Csorna: 14.2°C, Clear, humidity: 72%
2026-04-16 19:39:24,543 - root - INFO - [633/1205] Fetching weather for Szorgalmatos...
2026-04-16 19:39:24,682 - root - INFO - Fetched weather for Szorgalmatos: 15.4°C, Clouds, humidity: 59%
2026-04-16 19:39:25,784 - root - INFO - [634/1205] Fetching weather for Fótfürdő...
2026-04-16 19:39:25,916 - root - INFO - Fetched weather for Fótfürdő: 15.6°C, Clouds, humidity: 54%
2026-04-16 19:39:27,017 - root - INFO - [635/1205] Fetching weather for Fenyveshegy...
2026-04-16 19:39:27,156 - root - INFO - Fetched weather for Fenyveshegy: 16.1°C, Clear, humidity: 66%
2026-04-16 19:39:28,258 - root - INFO - [636/1205] Fetching weather for Hűvösvölgy...
2026-04-16 19:39:28,398 - root - INFO - Fetched weather for Hűvösvölgy: 15.2°C, Clouds, humidity: 56%
2026-04-16 19:39:29,500 - root - INFO - [637/1205] Fetching weather for Hárshegy...
2026-04-16 19:39:29,622 - root - INFO - Fetched weather for Hárshegy: 15.2°C, Clouds, humidity: 56%
2026-04-16 19:39:30,724 - root - INFO - [638/1205] Fetching weather for Szépjuhászné...
2026-04-16 19:39:30,860 - root - INFO - Fetched weather for Szépjuhászné: 14.3°C, Clouds, humidity: 56%
2026-04-16 19:39:31,962 - root - INFO - [639/1205] Fetching weather for Jánoshegy...
2026-04-16 19:39:32,099 - root - INFO - Fetched weather for Jánoshegy: 14.3°C, Clouds, humidity: 56%
2026-04-16 19:39:33,201 - root - INFO - [640/1205] Fetching weather for Virágvölgy...
2026-04-16 19:39:33,336 - root - INFO - Fetched weather for Virágvölgy: 13.9°C, Clouds, humidity: 56%
2026-04-16 19:39:34,438 - root - INFO - [641/1205] Fetching weather for Csillebérc...
2026-04-16 19:39:34,584 - root - INFO - Fetched weather for Csillebérc: 13.7°C, Clouds, humidity: 56%
2026-04-16 19:39:35,686 - root - INFO - [642/1205] Fetching weather for Normafa...
2026-04-16 19:39:35,829 - root - INFO - Fetched weather for Normafa: 13.8°C, Clouds, humidity: 56%
2026-04-16 19:39:36,931 - root - INFO - [643/1205] Fetching weather for Széchenyihegy...
2026-04-16 19:39:37,065 - root - INFO - Fetched weather for Széchenyihegy: 13.8°C, Clouds, humidity: 56%
2026-04-16 19:39:38,167 - root - INFO - [644/1205] Fetching weather for Balatonfőkajár felső...
2026-04-16 19:39:38,313 - root - INFO - Fetched weather for Balatonfőkajár felső: 14.6°C, Clouds, humidity: 64%
2026-04-16 19:39:39,415 - root - INFO - [645/1205] Fetching weather for Piroska...
2026-04-16 19:39:39,550 - root - INFO - Fetched weather for Piroska: 13.3°C, Clouds, humidity: 74%
2026-04-16 19:39:40,652 - root - INFO - [646/1205] Fetching weather for Somodor...
2026-04-16 19:39:40,797 - root - INFO - Fetched weather for Somodor: 13.8°C, Clouds, humidity: 74%
2026-04-16 19:39:41,899 - root - INFO - [647/1205] Fetching weather for Középmező...
2026-04-16 19:39:42,039 - root - INFO - Fetched weather for Középmező: 13.9°C, Clouds, humidity: 75%
2026-04-16 19:39:43,140 - root - INFO - [648/1205] Fetching weather for Jobbágyi...
2026-04-16 19:39:43,286 - root - INFO - Fetched weather for Jobbágyi: 13.9°C, Clouds, humidity: 73%
2026-04-16 19:39:44,387 - root - INFO - [649/1205] Fetching weather for Ferihegy...
2026-04-16 19:39:44,525 - root - INFO - Fetched weather for Ferihegy: 15.6°C, Clear, humidity: 53%
2026-04-16 19:39:45,627 - root - INFO - [650/1205] Fetching weather for Máriapócs...
2026-04-16 19:39:45,772 - root - INFO - Fetched weather for Máriapócs: 13.8°C, Clouds, humidity: 67%
2026-04-16 19:39:46,874 - root - INFO - [651/1205] Fetching weather for Máriaudvar...
2026-04-16 19:39:47,018 - root - INFO - Fetched weather for Máriaudvar: 16.1°C, Clouds, humidity: 64%
2026-04-16 19:39:48,120 - root - INFO - [652/1205] Fetching weather for Nagyberki...
2026-04-16 19:39:48,267 - root - INFO - Fetched weather for Nagyberki: 13.8°C, Clouds, humidity: 74%
2026-04-16 19:39:49,369 - root - INFO - [653/1205] Fetching weather for Badacsonytomaj...
2026-04-16 19:39:49,501 - root - INFO - Fetched weather for Badacsonytomaj: 14.0°C, Clouds, humidity: 75%
2026-04-16 19:39:50,603 - root - INFO - [654/1205] Fetching weather for Badacsony...
2026-04-16 19:39:50,744 - root - INFO - Fetched weather for Badacsony: 15.1°C, Clouds, humidity: 75%
2026-04-16 19:39:51,846 - root - INFO - [655/1205] Fetching weather for Badacsonylábdihegy...
2026-04-16 19:39:51,998 - root - INFO - Fetched weather for Badacsonylábdihegy: 15.1°C, Clouds, humidity: 75%
2026-04-16 19:39:53,100 - root - INFO - [656/1205] Fetching weather for Badacsonytördemic-Szigliget...
2026-04-16 19:39:53,234 - root - INFO - Fetched weather for Badacsonytördemic-Szigliget: 15.0°C, Clouds, humidity: 75%
2026-04-16 19:39:54,336 - root - INFO - [657/1205] Fetching weather for Nemesgulács-Kisapáti...
2026-04-16 19:39:54,470 - root - INFO - Fetched weather for Nemesgulács-Kisapáti: 15.1°C, Clouds, humidity: 76%
2026-04-16 19:39:55,572 - root - INFO - [658/1205] Fetching weather for Tapolca...
2026-04-16 19:39:55,714 - root - INFO - Fetched weather for Tapolca: 15.0°C, Clouds, humidity: 76%
2026-04-16 19:39:56,815 - root - INFO - [659/1205] Fetching weather for Uzsabánya alsó...
2026-04-16 19:39:56,963 - root - INFO - Fetched weather for Uzsabánya alsó: 14.8°C, Clouds, humidity: 77%
2026-04-16 19:39:58,065 - root - INFO - [660/1205] Fetching weather for Uzsa...
2026-04-16 19:39:58,207 - root - INFO - Fetched weather for Uzsa: 14.8°C, Clouds, humidity: 77%
2026-04-16 19:39:59,309 - root - INFO - [661/1205] Fetching weather for Sümegi Bazaltbánya...
2026-04-16 19:39:59,446 - root - INFO - Fetched weather for Sümegi Bazaltbánya: 13.7°C, Clouds, humidity: 77%
2026-04-16 19:40:00,548 - root - INFO - [662/1205] Fetching weather for Sümeg...
2026-04-16 19:40:00,686 - root - INFO - Fetched weather for Sümeg: 13.8°C, Clouds, humidity: 77%
2026-04-16 19:40:01,789 - root - INFO - [663/1205] Fetching weather for Gógánfa...
2026-04-16 19:40:01,946 - root - INFO - Fetched weather for Gógánfa: 13.8°C, Clouds, humidity: 76%
2026-04-16 19:40:03,048 - root - INFO - [664/1205] Fetching weather for Ukk...
2026-04-16 19:40:03,183 - root - INFO - Fetched weather for Ukk: 13.9°C, Clouds, humidity: 76%
2026-04-16 19:40:04,285 - root - INFO - [665/1205] Fetching weather for Nemeskeresztúr...
2026-04-16 19:40:04,429 - root - INFO - Fetched weather for Nemeskeresztúr: 13.8°C, Clouds, humidity: 76%
2026-04-16 19:40:05,531 - root - INFO - [666/1205] Fetching weather for Jánosháza...
2026-04-16 19:40:05,679 - root - INFO - Fetched weather for Jánosháza: 13.9°C, Clouds, humidity: 76%
2026-04-16 19:40:06,781 - root - INFO - [667/1205] Fetching weather for Keszthely...
2026-04-16 19:40:06,913 - root - INFO - Fetched weather for Keszthely: 15.1°C, Clear, humidity: 67%
2026-04-16 19:40:08,015 - root - INFO - [668/1205] Fetching weather for Alsógyenes...
2026-04-16 19:40:08,155 - root - INFO - Fetched weather for Alsógyenes: 15.1°C, Clear, humidity: 67%
2026-04-16 19:40:09,256 - root - INFO - [669/1205] Fetching weather for Gyenesdiás...
2026-04-16 19:40:09,395 - root - INFO - Fetched weather for Gyenesdiás: 15.1°C, Clear, humidity: 67%
2026-04-16 19:40:10,497 - root - INFO - [670/1205] Fetching weather for Vonyarcvashegy...
2026-04-16 19:40:10,631 - root - INFO - Fetched weather for Vonyarcvashegy: 15.1°C, Clear, humidity: 67%
2026-04-16 19:40:11,733 - root - INFO - [671/1205] Fetching weather for Balatongyörök...
2026-04-16 19:40:11,876 - root - INFO - Fetched weather for Balatongyörök: 15.1°C, Clear, humidity: 67%
2026-04-16 19:40:12,978 - root - INFO - [672/1205] Fetching weather for Becehegy...
2026-04-16 19:40:13,108 - root - INFO - Fetched weather for Becehegy: 15.1°C, Clear, humidity: 67%
2026-04-16 19:40:14,210 - root - INFO - [673/1205] Fetching weather for Balatonederics...
2026-04-16 19:40:14,350 - root - INFO - Fetched weather for Balatonederics: 15.0°C, Clouds, humidity: 76%
2026-04-16 19:40:15,452 - root - INFO - [674/1205] Fetching weather for Dabronc...
2026-04-16 19:40:15,596 - root - INFO - Fetched weather for Dabronc: 13.8°C, Clouds, humidity: 76%
2026-04-16 19:40:16,698 - root - INFO - [675/1205] Fetching weather for Türje...
2026-04-16 19:40:16,827 - root - INFO - Fetched weather for Türje: 13.8°C, Clouds, humidity: 76%
2026-04-16 19:40:17,929 - root - INFO - [676/1205] Fetching weather for Zalabér-Batyk...
2026-04-16 19:40:18,069 - root - INFO - Fetched weather for Zalabér-Batyk: 13.9°C, Clouds, humidity: 77%
2026-04-16 19:40:19,171 - root - INFO - [677/1205] Fetching weather for Pakod...
2026-04-16 19:40:19,310 - root - INFO - Fetched weather for Pakod: 13.8°C, Clouds, humidity: 77%
2026-04-16 19:40:20,412 - root - INFO - [678/1205] Fetching weather for Pókaszepetk...
2026-04-16 19:40:20,549 - root - INFO - Fetched weather for Pókaszepetk: 13.9°C, Clouds, humidity: 77%
2026-04-16 19:40:21,651 - root - INFO - [679/1205] Fetching weather for Kemendollár...
2026-04-16 19:40:21,791 - root - INFO - Fetched weather for Kemendollár: 14.9°C, Clouds, humidity: 77%
2026-04-16 19:40:22,893 - root - INFO - [680/1205] Fetching weather for Zalaegerszeg...
2026-04-16 19:40:23,032 - root - INFO - Fetched weather for Zalaegerszeg: 14.7°C, Clouds, humidity: 79%
2026-04-16 19:40:24,134 - root - INFO - [681/1205] Fetching weather for Bocfölde...
2026-04-16 19:40:24,280 - root - INFO - Fetched weather for Bocfölde: 14.8°C, Clouds, humidity: 79%
2026-04-16 19:40:25,382 - root - INFO - [682/1205] Fetching weather for Sárhida...
2026-04-16 19:40:25,531 - root - INFO - Fetched weather for Sárhida: 14.8°C, Clouds, humidity: 79%
2026-04-16 19:40:26,633 - root - INFO - [683/1205] Fetching weather for Bak...
2026-04-16 19:40:26,778 - root - INFO - Fetched weather for Bak: 14.8°C, Clouds, humidity: 79%
2026-04-16 19:40:27,880 - root - INFO - [684/1205] Fetching weather for Tófej...
2026-04-16 19:40:28,021 - root - INFO - Fetched weather for Tófej: 14.6°C, Clouds, humidity: 79%
2026-04-16 19:40:29,123 - root - INFO - [685/1205] Fetching weather for Gutorfölde...
2026-04-16 19:40:29,264 - root - INFO - Fetched weather for Gutorfölde: 13.6°C, Clouds, humidity: 80%
2026-04-16 19:40:30,366 - root - INFO - [686/1205] Fetching weather for Csömödér-Páka...
2026-04-16 19:40:30,502 - root - INFO - Fetched weather for Csömödér-Páka: 12.8°C, Clouds, humidity: 79%
2026-04-16 19:40:31,604 - root - INFO - [687/1205] Fetching weather for Iklódbördőce...
2026-04-16 19:40:31,740 - root - INFO - Fetched weather for Iklódbördőce: 12.8°C, Clouds, humidity: 79%
2026-04-16 19:40:32,842 - root - INFO - [688/1205] Fetching weather for Lenti...
2026-04-16 19:40:32,984 - root - INFO - Fetched weather for Lenti: 12.7°C, Clouds, humidity: 79%
2026-04-16 19:40:34,086 - root - INFO - [689/1205] Fetching weather for Rédics...
2026-04-16 19:40:34,218 - root - INFO - Fetched weather for Rédics: 12.7°C, Clouds, humidity: 79%
2026-04-16 19:40:35,320 - root - INFO - [690/1205] Fetching weather for Zalalövő...
2026-04-16 19:40:35,461 - root - INFO - Fetched weather for Zalalövő: 13.6°C, Clouds, humidity: 80%
2026-04-16 19:40:36,563 - root - INFO - [691/1205] Fetching weather for Zalaegerszeg-Ola...
2026-04-16 19:40:36,701 - root - INFO - Fetched weather for Zalaegerszeg-Ola: 13.7°C, Clouds, humidity: 79%
2026-04-16 19:40:37,803 - root - INFO - [692/1205] Fetching weather for Andráshida...
2026-04-16 19:40:37,937 - root - INFO - Fetched weather for Andráshida: 13.7°C, Clouds, humidity: 79%
2026-04-16 19:40:39,039 - root - INFO - [693/1205] Fetching weather for Bagod...
2026-04-16 19:40:39,183 - root - INFO - Fetched weather for Bagod: 13.7°C, Clouds, humidity: 79%
2026-04-16 19:40:40,284 - root - INFO - [694/1205] Fetching weather for Zalaszentgyörgy...
2026-04-16 19:40:40,422 - root - INFO - Fetched weather for Zalaszentgyörgy: 13.7°C, Clouds, humidity: 80%
2026-04-16 19:40:41,524 - root - INFO - [695/1205] Fetching weather for Zalacséb-Salomvár...
2026-04-16 19:40:41,677 - root - INFO - Fetched weather for Zalacséb-Salomvár: 13.4°C, Clouds, humidity: 80%
2026-04-16 19:40:42,779 - root - INFO - [696/1205] Fetching weather for Kópháza...
2026-04-16 19:40:42,910 - root - INFO - Fetched weather for Kópháza: 12.4°C, Clouds, humidity: 72%
2026-04-16 19:40:44,012 - root - INFO - [697/1205] Fetching weather for Nagycenk...
2026-04-16 19:40:44,153 - root - INFO - Fetched weather for Nagycenk: 12.5°C, Clouds, humidity: 72%
2026-04-16 19:40:45,255 - root - INFO - [698/1205] Fetching weather for Sopronkövesd...
2026-04-16 19:40:45,395 - root - INFO - Fetched weather for Sopronkövesd: 12.4°C, Clouds, humidity: 73%
2026-04-16 19:40:46,496 - root - INFO - [699/1205] Fetching weather for Lövő...
2026-04-16 19:40:46,641 - root - INFO - Fetched weather for Lövő: 12.4°C, Clear, humidity: 73%
2026-04-16 19:40:47,743 - root - INFO - [700/1205] Fetching weather for Újkér...
2026-04-16 19:40:47,893 - root - INFO - Fetched weather for Újkér: 12.4°C, Clear, humidity: 73%
2026-04-16 19:40:48,994 - root - INFO - [701/1205] Fetching weather for Bük...
2026-04-16 19:40:49,141 - root - INFO - Fetched weather for Bük: 12.5°C, Clear, humidity: 73%
2026-04-16 19:40:50,243 - root - INFO - [702/1205] Fetching weather for Acsád...
2026-04-16 19:40:50,391 - root - INFO - Fetched weather for Acsád: 12.2°C, Clear, humidity: 73%
2026-04-16 19:40:51,493 - root - INFO - [703/1205] Fetching weather for Salköveskút-Vassurány...
2026-04-16 19:40:51,636 - root - INFO - Fetched weather for Salköveskút-Vassurány: 12.2°C, Clear, humidity: 73%
2026-04-16 19:40:52,738 - root - INFO - [704/1205] Fetching weather for Zalaszentiván...
2026-04-16 19:40:52,879 - root - INFO - Fetched weather for Zalaszentiván: 14.9°C, Clouds, humidity: 78%
2026-04-16 19:40:53,981 - root - INFO - [705/1205] Fetching weather for Alsónemesapáti...
2026-04-16 19:40:54,135 - root - INFO - Fetched weather for Alsónemesapáti: 14.9°C, Clouds, humidity: 77%
2026-04-16 19:40:55,237 - root - INFO - [706/1205] Fetching weather for Józsa...
2026-04-16 19:40:55,378 - root - INFO - Fetched weather for Józsa: 16.9°C, Clear, humidity: 55%
2026-04-16 19:40:56,480 - root - INFO - [707/1205] Fetching weather for Hajdúszentgyörgy...
2026-04-16 19:40:56,626 - root - INFO - Fetched weather for Hajdúszentgyörgy: 16.8°C, Clear, humidity: 55%
2026-04-16 19:40:57,728 - root - INFO - [708/1205] Fetching weather for Zelemér...
2026-04-16 19:40:57,870 - root - INFO - Fetched weather for Zelemér: 16.8°C, Clear, humidity: 55%
2026-04-16 19:40:58,972 - root - INFO - [709/1205] Fetching weather for Hajdúböszörmény...
2026-04-16 19:40:59,111 - root - INFO - Fetched weather for Hajdúböszörmény: 16.8°C, Clouds, humidity: 73%
2026-04-16 19:41:00,213 - root - INFO - [710/1205] Fetching weather for Hajdúvid...
2026-04-16 19:41:00,352 - root - INFO - Fetched weather for Hajdúvid: 13.8°C, Clouds, humidity: 73%
2026-04-16 19:41:01,453 - root - INFO - [711/1205] Fetching weather for Hajdúdorog...
2026-04-16 19:41:01,597 - root - INFO - Fetched weather for Hajdúdorog: 13.7°C, Clouds, humidity: 73%
2026-04-16 19:41:02,699 - root - INFO - [712/1205] Fetching weather for Hajdúnánás...
2026-04-16 19:41:02,838 - root - INFO - Fetched weather for Hajdúnánás: 13.7°C, Clouds, humidity: 73%
2026-04-16 19:41:03,940 - root - INFO - [713/1205] Fetching weather for Hajdúnánás-Vásártér...
2026-04-16 19:41:04,081 - root - INFO - Fetched weather for Hajdúnánás-Vásártér: 13.7°C, Clouds, humidity: 73%
2026-04-16 19:41:05,183 - root - INFO - [714/1205] Fetching weather for Tedej...
2026-04-16 19:41:05,325 - root - INFO - Fetched weather for Tedej: 15.4°C, Clouds, humidity: 71%
2026-04-16 19:41:06,427 - root - INFO - [715/1205] Fetching weather for Tiszavasvári...
2026-04-16 19:41:06,569 - root - INFO - Fetched weather for Tiszavasvári: 15.4°C, Clouds, humidity: 59%
2026-04-16 19:41:07,671 - root - INFO - [716/1205] Fetching weather for Egyházerdő...
2026-04-16 19:41:07,809 - root - INFO - Fetched weather for Egyházerdő: 15.4°C, Clouds, humidity: 59%
2026-04-16 19:41:08,912 - root - INFO - [717/1205] Fetching weather for Tiszalök...
2026-04-16 19:41:09,058 - root - INFO - Fetched weather for Tiszalök: 15.4°C, Clouds, humidity: 59%
2026-04-16 19:41:10,160 - root - INFO - [718/1205] Fetching weather for Hajnalos...
2026-04-16 19:41:10,313 - root - INFO - Fetched weather for Hajnalos: 15.4°C, Clouds, humidity: 59%
2026-04-16 19:41:11,415 - root - INFO - [719/1205] Fetching weather for Kisfástanya...
2026-04-16 19:41:11,553 - root - INFO - Fetched weather for Kisfástanya: 15.4°C, Clouds, humidity: 59%
2026-04-16 19:41:12,655 - root - INFO - [720/1205] Fetching weather for Tiszaeszlár...
2026-04-16 19:41:12,795 - root - INFO - Fetched weather for Tiszaeszlár: 15.4°C, Clouds, humidity: 59%
2026-04-16 19:41:13,897 - root - INFO - [721/1205] Fetching weather for Bashalom...
2026-04-16 19:41:14,033 - root - INFO - Fetched weather for Bashalom: 15.4°C, Clouds, humidity: 59%
2026-04-16 19:41:15,135 - root - INFO - [722/1205] Fetching weather for Sáránd...
2026-04-16 19:41:15,267 - root - INFO - Fetched weather for Sáránd: 17.0°C, Clear, humidity: 55%
2026-04-16 19:41:16,368 - root - INFO - [723/1205] Fetching weather for Derecske...
2026-04-16 19:41:16,504 - root - INFO - Fetched weather for Derecske: 17.1°C, Clear, humidity: 55%
2026-04-16 19:41:17,606 - root - INFO - [724/1205] Fetching weather for Derecske-Vásártér...
2026-04-16 19:41:17,741 - root - INFO - Fetched weather for Derecske-Vásártér: 17.1°C, Clear, humidity: 55%
2026-04-16 19:41:18,842 - root - INFO - [725/1205] Fetching weather for Konyár...
2026-04-16 19:41:18,999 - root - INFO - Fetched weather for Konyár: 17.1°C, Clear, humidity: 55%
2026-04-16 19:41:20,101 - root - INFO - [726/1205] Fetching weather for Konyári Sóstófürdő...
2026-04-16 19:41:20,248 - root - INFO - Fetched weather for Konyári Sóstófürdő: 17.1°C, Clouds, humidity: 73%
2026-04-16 19:41:21,350 - root - INFO - [727/1205] Fetching weather for Pocsaj-Esztár...
2026-04-16 19:41:21,489 - root - INFO - Fetched weather for Pocsaj-Esztár: 17.1°C, Clouds, humidity: 73%
2026-04-16 19:41:22,591 - root - INFO - [728/1205] Fetching weather for Kismarja...
2026-04-16 19:41:22,723 - root - INFO - Fetched weather for Kismarja: 17.2°C, Clouds, humidity: 73%
2026-04-16 19:41:23,825 - root - INFO - [729/1205] Fetching weather for Nagykereki...
2026-04-16 19:41:23,968 - root - INFO - Fetched weather for Nagykereki: 17.2°C, Rain, humidity: 72%
2026-04-16 19:41:25,069 - root - INFO - [730/1205] Fetching weather for Debrecen-Szabadságtelep...
2026-04-16 19:41:25,212 - root - INFO - Fetched weather for Debrecen-Szabadságtelep: 16.9°C, Clear, humidity: 55%
2026-04-16 19:41:26,314 - root - INFO - [731/1205] Fetching weather for Kondoroskert...
2026-04-16 19:41:26,463 - root - INFO - Fetched weather for Kondoroskert: 16.9°C, Clear, humidity: 55%
2026-04-16 19:41:27,565 - root - INFO - [732/1205] Fetching weather for Nagycsere...
2026-04-16 19:41:27,706 - root - INFO - Fetched weather for Nagycsere: 16.9°C, Clear, humidity: 55%
2026-04-16 19:41:28,808 - root - INFO - [733/1205] Fetching weather for Haláp...
2026-04-16 19:41:28,948 - root - INFO - Fetched weather for Haláp: 16.9°C, Clear, humidity: 55%
2026-04-16 19:41:30,049 - root - INFO - [734/1205] Fetching weather for Vámospércs...
2026-04-16 19:41:30,183 - root - INFO - Fetched weather for Vámospércs: 16.8°C, Clouds, humidity: 68%
2026-04-16 19:41:31,285 - root - INFO - [735/1205] Fetching weather for Szentannapuszta...
2026-04-16 19:41:31,427 - root - INFO - Fetched weather for Szentannapuszta: 16.8°C, Clouds, humidity: 68%
2026-04-16 19:41:32,529 - root - INFO - [736/1205] Fetching weather for Nyírábrány...
2026-04-16 19:41:32,664 - root - INFO - Fetched weather for Nyírábrány: 14.2°C, Clouds, humidity: 68%
2026-04-16 19:41:33,766 - root - INFO - [737/1205] Fetching weather for Dombostanya...
2026-04-16 19:41:33,900 - root - INFO - Fetched weather for Dombostanya: 16.8°C, Clear, humidity: 55%
2026-04-16 19:41:35,002 - root - INFO - [738/1205] Fetching weather for Hajdúsámson...
2026-04-16 19:41:35,144 - root - INFO - Fetched weather for Hajdúsámson: 16.8°C, Clear, humidity: 55%
2026-04-16 19:41:36,246 - root - INFO - [739/1205] Fetching weather for Tamásipuszta...
2026-04-16 19:41:36,392 - root - INFO - Fetched weather for Tamásipuszta: 16.8°C, Clouds, humidity: 68%
2026-04-16 19:41:37,494 - root - INFO - [740/1205] Fetching weather for Aradványpuszta...
2026-04-16 19:41:37,636 - root - INFO - Fetched weather for Aradványpuszta: 16.7°C, Clouds, humidity: 68%
2026-04-16 19:41:38,738 - root - INFO - [741/1205] Fetching weather for Nyíradony...
2026-04-16 19:41:38,885 - root - INFO - Fetched weather for Nyíradony: 13.8°C, Clouds, humidity: 68%
2026-04-16 19:41:39,987 - root - INFO - [742/1205] Fetching weather for Nyírmihálydi...
2026-04-16 19:41:40,130 - root - INFO - Fetched weather for Nyírmihálydi: 13.8°C, Clouds, humidity: 67%
2026-04-16 19:41:41,232 - root - INFO - [743/1205] Fetching weather for Nyírgelse...
2026-04-16 19:41:41,369 - root - INFO - Fetched weather for Nyírgelse: 13.8°C, Clouds, humidity: 67%
2026-04-16 19:41:42,470 - root - INFO - [744/1205] Fetching weather for Nyírbogát...
2026-04-16 19:41:42,605 - root - INFO - Fetched weather for Nyírbogát: 13.9°C, Clouds, humidity: 67%
2026-04-16 19:41:43,707 - root - INFO - [745/1205] Fetching weather for Nagykálló...
2026-04-16 19:41:43,845 - root - INFO - Fetched weather for Nagykálló: 13.8°C, Clouds, humidity: 68%
2026-04-16 19:41:44,947 - root - INFO - [746/1205] Fetching weather for Kállósemjén...
2026-04-16 19:41:45,089 - root - INFO - Fetched weather for Kállósemjén: 13.8°C, Clouds, humidity: 68%
2026-04-16 19:41:46,191 - root - INFO - [747/1205] Fetching weather for Nyírbátor...
2026-04-16 19:41:46,330 - root - INFO - Fetched weather for Nyírbátor: 13.9°C, Clouds, humidity: 67%
2026-04-16 19:41:47,431 - root - INFO - [748/1205] Fetching weather for Nyírcsászári...
2026-04-16 19:41:47,569 - root - INFO - Fetched weather for Nyírcsászári: 14.0°C, Clouds, humidity: 66%
2026-04-16 19:41:48,671 - root - INFO - [749/1205] Fetching weather for Hodász...
2026-04-16 19:41:48,809 - root - INFO - Fetched weather for Hodász: 14.0°C, Clouds, humidity: 66%
2026-04-16 19:41:49,911 - root - INFO - [750/1205] Fetching weather for Nyírmeggyes...
2026-04-16 19:41:50,061 - root - INFO - Fetched weather for Nyírmeggyes: 14.2°C, Clouds, humidity: 65%
2026-04-16 19:41:51,163 - root - INFO - [751/1205] Fetching weather for Mátészalka...
2026-04-16 19:41:51,323 - root - INFO - Fetched weather for Mátészalka: 14.3°C, Clouds, humidity: 65%
2026-04-16 19:41:52,425 - root - INFO - [752/1205] Fetching weather for Kocsord...
2026-04-16 19:41:52,566 - root - INFO - Fetched weather for Kocsord: 14.6°C, Clouds, humidity: 64%
2026-04-16 19:41:53,668 - root - INFO - [753/1205] Fetching weather for Kocsord alsó...
2026-04-16 19:41:53,815 - root - INFO - Fetched weather for Kocsord alsó: 14.6°C, Clouds, humidity: 64%
2026-04-16 19:41:54,917 - root - INFO - [754/1205] Fetching weather for Győrtelek...
2026-04-16 19:41:55,053 - root - INFO - Fetched weather for Győrtelek: 14.7°C, Clouds, humidity: 64%
2026-04-16 19:41:56,155 - root - INFO - [755/1205] Fetching weather for Győrtelek alsó...
2026-04-16 19:41:56,294 - root - INFO - Fetched weather for Győrtelek alsó: 14.7°C, Clouds, humidity: 64%
2026-04-16 19:41:57,396 - root - INFO - [756/1205] Fetching weather for Ököritófülpös...
2026-04-16 19:41:57,541 - root - INFO - Fetched weather for Ököritófülpös: 14.8°C, Clouds, humidity: 64%
2026-04-16 19:41:58,642 - root - INFO - [757/1205] Fetching weather for Porcsalma-Tyukod...
2026-04-16 19:41:58,775 - root - INFO - Fetched weather for Porcsalma-Tyukod: 16.1°C, Clouds, humidity: 64%
2026-04-16 19:41:59,877 - root - INFO - [758/1205] Fetching weather for Csenger...
2026-04-16 19:42:00,016 - root - INFO - Fetched weather for Csenger: 16.0°C, Clouds, humidity: 64%
2026-04-16 19:42:01,118 - root - INFO - [759/1205] Fetching weather for Kisfái...
2026-04-16 19:42:01,247 - root - INFO - Fetched weather for Kisfái: 15.0°C, Clear, humidity: 55%
2026-04-16 19:42:02,349 - root - INFO - [760/1205] Fetching weather for Nyárlőrinci szőlők...
2026-04-16 19:42:02,507 - root - INFO - Fetched weather for Nyárlőrinci szőlők: 15.0°C, Clear, humidity: 55%
2026-04-16 19:42:03,609 - root - INFO - [761/1205] Fetching weather for Nyárlőrinc alsó...
2026-04-16 19:42:03,746 - root - INFO - Fetched weather for Nyárlőrinc alsó: 15.1°C, Clear, humidity: 55%
2026-04-16 19:42:04,848 - root - INFO - [762/1205] Fetching weather for Tiszaug-Tiszahídfő...
2026-04-16 19:42:04,994 - root - INFO - Fetched weather for Tiszaug-Tiszahídfő: 16.2°C, Clouds, humidity: 68%
2026-04-16 19:42:06,096 - root - INFO - [763/1205] Fetching weather for Csongrádi úti tanyák...
2026-04-16 19:42:06,233 - root - INFO - Fetched weather for Csongrádi úti tanyák: 16.7°C, Clouds, humidity: 48%
2026-04-16 19:42:07,335 - root - INFO - [764/1205] Fetching weather for Kettőshalom...
2026-04-16 19:42:07,470 - root - INFO - Fetched weather for Kettőshalom: 16.8°C, Clouds, humidity: 48%
2026-04-16 19:42:08,572 - root - INFO - [765/1205] Fetching weather for Csongrád alsó...
2026-04-16 19:42:08,721 - root - INFO - Fetched weather for Csongrád alsó: 16.8°C, Clouds, humidity: 70%
2026-04-16 19:42:09,823 - root - INFO - [766/1205] Fetching weather for Dónát...
2026-04-16 19:42:09,976 - root - INFO - Fetched weather for Dónát: 14.3°C, Clouds, humidity: 73%
2026-04-16 19:42:11,078 - root - INFO - [767/1205] Fetching weather for Pusztatemplom...
2026-04-16 19:42:11,217 - root - INFO - Fetched weather for Pusztatemplom: 14.3°C, Clouds, humidity: 73%
2026-04-16 19:42:12,319 - root - INFO - [768/1205] Fetching weather for Előhát...
2026-04-16 19:42:12,460 - root - INFO - Fetched weather for Előhát: 15.0°C, Clouds, humidity: 74%
2026-04-16 19:42:13,561 - root - INFO - [769/1205] Fetching weather for Polgárdi-Tekerespuszta...
2026-04-16 19:42:13,690 - root - INFO - Fetched weather for Polgárdi-Tekerespuszta: 14.8°C, Clouds, humidity: 71%
2026-04-16 19:42:14,792 - root - INFO - [770/1205] Fetching weather for Szatina-Kishajmás...
2026-04-16 19:42:14,931 - root - INFO - Fetched weather for Szatina-Kishajmás: 14.2°C, Clouds, humidity: 75%
2026-04-16 19:42:16,033 - root - INFO - [771/1205] Fetching weather for Márok...
2026-04-16 19:42:16,165 - root - INFO - Fetched weather for Márok: 13.7°C, Clouds, humidity: 75%
2026-04-16 19:42:17,267 - root - INFO - [772/1205] Fetching weather for Nagynyárád...
2026-04-16 19:42:17,411 - root - INFO - Fetched weather for Nagynyárád: 13.8°C, Clouds, humidity: 75%
2026-04-16 19:42:18,513 - root - INFO - [773/1205] Fetching weather for Szászvár...
2026-04-16 19:42:18,662 - root - INFO - Fetched weather for Szászvár: 13.7°C, Clouds, humidity: 74%
2026-04-16 19:42:19,764 - root - INFO - [774/1205] Fetching weather for Cikó...
2026-04-16 19:42:19,906 - root - INFO - Fetched weather for Cikó: 14.1°C, Clouds, humidity: 74%
2026-04-16 19:42:21,008 - root - INFO - [775/1205] Fetching weather for Gyöngyfa-Magyarmecske...
2026-04-16 19:42:21,157 - root - INFO - Fetched weather for Gyöngyfa-Magyarmecske: 14.6°C, Clouds, humidity: 75%
2026-04-16 19:42:22,258 - root - INFO - [776/1205] Fetching weather for Nagyhát...
2026-04-16 19:42:22,396 - root - INFO - Fetched weather for Nagyhát: 16.9°C, Clear, humidity: 55%
2026-04-16 19:42:23,498 - root - INFO - [777/1205] Fetching weather for Balmazújváros...
2026-04-16 19:42:23,635 - root - INFO - Fetched weather for Balmazújváros: 17.1°C, Clouds, humidity: 76%
2026-04-16 19:42:24,737 - root - INFO - [778/1205] Fetching weather for Kónya...
2026-04-16 19:42:24,885 - root - INFO - Fetched weather for Kónya: 13.8°C, Clouds, humidity: 77%
2026-04-16 19:42:25,986 - root - INFO - [779/1205] Fetching weather for Hortobágy...
2026-04-16 19:42:26,115 - root - INFO - Fetched weather for Hortobágy: 13.7°C, Clouds, humidity: 78%
2026-04-16 19:42:27,217 - root - INFO - [780/1205] Fetching weather for Hortobágyi Halastó...
2026-04-16 19:42:27,360 - root - INFO - Fetched weather for Hortobágyi Halastó: 13.7°C, Clouds, humidity: 79%
2026-04-16 19:42:28,462 - root - INFO - [781/1205] Fetching weather for Ohat-Pusztakócs...
2026-04-16 19:42:28,597 - root - INFO - Fetched weather for Ohat-Pusztakócs: 13.6°C, Clouds, humidity: 80%
2026-04-16 19:42:29,699 - root - INFO - [782/1205] Fetching weather for Egyek...
2026-04-16 19:42:29,834 - root - INFO - Fetched weather for Egyek: 15.0°C, Clouds, humidity: 81%
2026-04-16 19:42:30,936 - root - INFO - [783/1205] Fetching weather for Tiszafüred...
2026-04-16 19:42:31,077 - root - INFO - Fetched weather for Tiszafüred: 15.0°C, Clouds, humidity: 81%
2026-04-16 19:42:32,179 - root - INFO - [784/1205] Fetching weather for Poroszló...
2026-04-16 19:42:32,331 - root - INFO - Fetched weather for Poroszló: 15.0°C, Clouds, humidity: 82%
2026-04-16 19:42:33,433 - root - INFO - [785/1205] Fetching weather for Kétútköz...
2026-04-16 19:42:33,563 - root - INFO - Fetched weather for Kétútköz: 14.9°C, Clouds, humidity: 83%
2026-04-16 19:42:34,665 - root - INFO - [786/1205] Fetching weather for Egerfarmos...
2026-04-16 19:42:34,803 - root - INFO - Fetched weather for Egerfarmos: 14.9°C, Clouds, humidity: 83%
2026-04-16 19:42:35,905 - root - INFO - [787/1205] Fetching weather for Piliscsaba...
2026-04-16 19:42:36,044 - root - INFO - Fetched weather for Piliscsaba: 15.2°C, Clouds, humidity: 59%
2026-04-16 19:42:37,146 - root - INFO - [788/1205] Fetching weather for Pilisjászfalu...
2026-04-16 19:42:37,278 - root - INFO - Fetched weather for Pilisjászfalu: 15.4°C, Clouds, humidity: 61%
2026-04-16 19:42:38,380 - root - INFO - [789/1205] Fetching weather for Leányvár...
2026-04-16 19:42:38,521 - root - INFO - Fetched weather for Leányvár: 15.6°C, Clear, humidity: 61%
2026-04-16 19:42:39,623 - root - INFO - [790/1205] Fetching weather for Dorog...
2026-04-16 19:42:39,759 - root - INFO - Fetched weather for Dorog: 15.8°C, Clear, humidity: 68%
2026-04-16 19:42:40,861 - root - INFO - [791/1205] Fetching weather for Esztergom-Kertváros...
2026-04-16 19:42:41,001 - root - INFO - Fetched weather for Esztergom-Kertváros: 15.9°C, Clear, humidity: 68%
2026-04-16 19:42:42,103 - root - INFO - [792/1205] Fetching weather for Esztergom...
2026-04-16 19:42:42,245 - root - INFO - Fetched weather for Esztergom: 15.9°C, Clear, humidity: 68%
2026-04-16 19:42:43,347 - root - INFO - [793/1205] Fetching weather for Dunaalmás...
2026-04-16 19:42:43,478 - root - INFO - Fetched weather for Dunaalmás: 14.4°C, Clear, humidity: 70%
2026-04-16 19:42:44,579 - root - INFO - [794/1205] Fetching weather for Neszmély...
2026-04-16 19:42:44,717 - root - INFO - Fetched weather for Neszmély: 14.4°C, Clear, humidity: 70%
2026-04-16 19:42:45,819 - root - INFO - [795/1205] Fetching weather for Süttő...
2026-04-16 19:42:45,953 - root - INFO - Fetched weather for Süttő: 14.5°C, Clear, humidity: 69%
2026-04-16 19:42:47,055 - root - INFO - [796/1205] Fetching weather for Piszke...
2026-04-16 19:42:47,203 - root - INFO - Fetched weather for Piszke: 14.5°C, Clear, humidity: 69%
2026-04-16 19:42:48,305 - root - INFO - [797/1205] Fetching weather for Lábatlan...
2026-04-16 19:42:48,445 - root - INFO - Fetched weather for Lábatlan: 14.5°C, Clear, humidity: 69%
2026-04-16 19:42:49,547 - root - INFO - [798/1205] Fetching weather for Eternitgyár...
2026-04-16 19:42:49,678 - root - INFO - Fetched weather for Eternitgyár: 14.5°C, Clear, humidity: 69%
2026-04-16 19:42:50,780 - root - INFO - [799/1205] Fetching weather for Nyergesújfalu felső...
2026-04-16 19:42:50,915 - root - INFO - Fetched weather for Nyergesújfalu felső: 14.5°C, Clear, humidity: 69%
2026-04-16 19:42:52,017 - root - INFO - [800/1205] Fetching weather for Nyergesújfalu...
2026-04-16 19:42:52,160 - root - INFO - Fetched weather for Nyergesújfalu: 14.5°C, Clear, humidity: 69%
2026-04-16 19:42:53,262 - root - INFO - [801/1205] Fetching weather for Tokod...
2026-04-16 19:42:53,392 - root - INFO - Fetched weather for Tokod: 15.9°C, Clear, humidity: 68%
2026-04-16 19:42:54,494 - root - INFO - [802/1205] Fetching weather for Környe...
2026-04-16 19:42:54,644 - root - INFO - Fetched weather for Környe: 14.2°C, Clear, humidity: 72%
2026-04-16 19:42:55,746 - root - INFO - [803/1205] Fetching weather for Kecskéd alsó...
2026-04-16 19:42:55,884 - root - INFO - Fetched weather for Kecskéd alsó: 14.2°C, Clear, humidity: 73%
2026-04-16 19:42:56,986 - root - INFO - [804/1205] Fetching weather for Oroszlány...
2026-04-16 19:42:57,128 - root - INFO - Fetched weather for Oroszlány: 14.1°C, Clear, humidity: 73%
2026-04-16 19:42:58,230 - root - INFO - [805/1205] Fetching weather for Győrszabadhegy...
2026-04-16 19:42:58,369 - root - INFO - Fetched weather for Győrszabadhegy: 13.1°C, Clear, humidity: 71%
2026-04-16 19:42:59,471 - root - INFO - [806/1205] Fetching weather for Ménfőcsanak felső...
2026-04-16 19:42:59,618 - root - INFO - Fetched weather for Ménfőcsanak felső: 13.1°C, Clear, humidity: 71%
2026-04-16 19:43:00,720 - root - INFO - [807/1205] Fetching weather for Gyömöre-Tét...
2026-04-16 19:43:00,854 - root - INFO - Fetched weather for Gyömöre-Tét: 11.0°C, Clear, humidity: 82%
2026-04-16 19:43:01,956 - root - INFO - [808/1205] Fetching weather for Szerecseny...
2026-04-16 19:43:02,088 - root - INFO - Fetched weather for Szerecseny: 11.0°C, Clear, humidity: 82%
2026-04-16 19:43:03,190 - root - INFO - [809/1205] Fetching weather for Gecse-Gyarmat...
2026-04-16 19:43:03,329 - root - INFO - Fetched weather for Gecse-Gyarmat: 11.1°C, Clear, humidity: 82%
2026-04-16 19:43:04,431 - root - INFO - [810/1205] Fetching weather for Vaszar...
2026-04-16 19:43:04,581 - root - INFO - Fetched weather for Vaszar: 11.1°C, Clear, humidity: 82%
2026-04-16 19:43:05,683 - root - INFO - [811/1205] Fetching weather for Pápa...
2026-04-16 19:43:05,821 - root - INFO - Fetched weather for Pápa: 11.0°C, Clear, humidity: 82%
2026-04-16 19:43:06,923 - root - INFO - [812/1205] Fetching weather for Mezőlak...
2026-04-16 19:43:07,067 - root - INFO - Fetched weather for Mezőlak: 11.1°C, Clear, humidity: 82%
2026-04-16 19:43:08,169 - root - INFO - [813/1205] Fetching weather for Mihályháza...
2026-04-16 19:43:08,304 - root - INFO - Fetched weather for Mihályháza: 11.1°C, Clear, humidity: 82%
2026-04-16 19:43:09,407 - root - INFO - [814/1205] Fetching weather for Vinár...
2026-04-16 19:43:09,541 - root - INFO - Fetched weather for Vinár: 11.1°C, Clear, humidity: 82%
2026-04-16 19:43:10,644 - root - INFO - [815/1205] Fetching weather for Külsővat...
2026-04-16 19:43:10,776 - root - INFO - Fetched weather for Külsővat: 11.1°C, Clouds, humidity: 74%
2026-04-16 19:43:11,878 - root - INFO - [816/1205] Fetching weather for Celldömölk...
2026-04-16 19:43:12,008 - root - INFO - Fetched weather for Celldömölk: 11.1°C, Clouds, humidity: 75%
2026-04-16 19:43:13,110 - root - INFO - [817/1205] Fetching weather for Kemenesmihályfa...
2026-04-16 19:43:13,247 - root - INFO - Fetched weather for Kemenesmihályfa: 13.6°C, Clouds, humidity: 74%
2026-04-16 19:43:14,349 - root - INFO - [818/1205] Fetching weather for Nagysimonyi...
2026-04-16 19:43:14,484 - root - INFO - Fetched weather for Nagysimonyi: 13.6°C, Clouds, humidity: 75%
2026-04-16 19:43:15,586 - root - INFO - [819/1205] Fetching weather for Ostffyasszonyfa...
2026-04-16 19:43:15,721 - root - INFO - Fetched weather for Ostffyasszonyfa: 13.7°C, Clear, humidity: 75%
2026-04-16 19:43:16,823 - root - INFO - [820/1205] Fetching weather for Sárvár...
2026-04-16 19:43:16,973 - root - INFO - Fetched weather for Sárvár: 13.7°C, Clear, humidity: 77%
2026-04-16 19:43:18,075 - root - INFO - [821/1205] Fetching weather for Porpác...
2026-04-16 19:43:18,211 - root - INFO - Fetched weather for Porpác: 12.5°C, Clear, humidity: 78%
2026-04-16 19:43:19,313 - root - INFO - [822/1205] Fetching weather for Balatonföldvár...
2026-04-16 19:43:19,447 - root - INFO - Fetched weather for Balatonföldvár: 15.0°C, Clouds, humidity: 64%
2026-04-16 19:43:20,549 - root - INFO - [823/1205] Fetching weather for Balatonszárszó...
2026-04-16 19:43:20,679 - root - INFO - Fetched weather for Balatonszárszó: 15.0°C, Clouds, humidity: 74%
2026-04-16 19:43:21,780 - root - INFO - [824/1205] Fetching weather for Balatonszemes...
2026-04-16 19:43:21,927 - root - INFO - Fetched weather for Balatonszemes: 15.0°C, Clouds, humidity: 75%
2026-04-16 19:43:23,029 - root - INFO - [825/1205] Fetching weather for Balatonlelle felső...
2026-04-16 19:43:23,163 - root - INFO - Fetched weather for Balatonlelle felső: 14.2°C, Clouds, humidity: 75%
2026-04-16 19:43:24,265 - root - INFO - [826/1205] Fetching weather for Balatonlelle...
2026-04-16 19:43:24,399 - root - INFO - Fetched weather for Balatonlelle: 14.2°C, Clouds, humidity: 75%
2026-04-16 19:43:25,501 - root - INFO - [827/1205] Fetching weather for Fonyódliget...
2026-04-16 19:43:25,638 - root - INFO - Fetched weather for Fonyódliget: 14.2°C, Clouds, humidity: 75%
2026-04-16 19:43:26,739 - root - INFO - [828/1205] Fetching weather for Balatonboglár...
2026-04-16 19:43:26,875 - root - INFO - Fetched weather for Balatonboglár: 14.2°C, Clouds, humidity: 75%
2026-04-16 19:43:27,977 - root - INFO - [829/1205] Fetching weather for Balatonfenyves alsó...
2026-04-16 19:43:28,117 - root - INFO - Fetched weather for Balatonfenyves alsó: 15.1°C, Clouds, humidity: 75%
2026-04-16 19:43:29,219 - root - INFO - [830/1205] Fetching weather for Fonyód...
2026-04-16 19:43:29,355 - root - INFO - Fetched weather for Fonyód: 14.2°C, Clouds, humidity: 75%
2026-04-16 19:43:30,457 - root - INFO - [831/1205] Fetching weather for Bélatelep...
2026-04-16 19:43:30,595 - root - INFO - Fetched weather for Bélatelep: 15.1°C, Clouds, humidity: 75%
2026-04-16 19:43:31,697 - root - INFO - [832/1205] Fetching weather for Alsóbélatelep...
2026-04-16 19:43:31,836 - root - INFO - Fetched weather for Alsóbélatelep: 15.1°C, Clouds, humidity: 75%
2026-04-16 19:43:32,938 - root - INFO - [833/1205] Fetching weather for Balatonfenyves...
2026-04-16 19:43:33,072 - root - INFO - Fetched weather for Balatonfenyves: 15.1°C, Clouds, humidity: 74%
2026-04-16 19:43:34,174 - root - INFO - [834/1205] Fetching weather for Máriahullámtelep...
2026-04-16 19:43:34,310 - root - INFO - Fetched weather for Máriahullámtelep: 15.1°C, Clouds, humidity: 75%
2026-04-16 19:43:35,412 - root - INFO - [835/1205] Fetching weather for Balatonmáriafürdő...
2026-04-16 19:43:35,550 - root - INFO - Fetched weather for Balatonmáriafürdő: 15.1°C, Clear, humidity: 67%
2026-04-16 19:43:36,651 - root - INFO - [836/1205] Fetching weather for Balatonberény...
2026-04-16 19:43:36,796 - root - INFO - Fetched weather for Balatonberény: 15.1°C, Clear, humidity: 67%
2026-04-16 19:43:37,898 - root - INFO - [837/1205] Fetching weather for Balatonszentgyörgy...
2026-04-16 19:43:38,048 - root - INFO - Fetched weather for Balatonszentgyörgy: 15.1°C, Clear, humidity: 67%
2026-04-16 19:43:39,150 - root - INFO - [838/1205] Fetching weather for Vörs...
2026-04-16 19:43:39,288 - root - INFO - Fetched weather for Vörs: 15.1°C, Clear, humidity: 67%
2026-04-16 19:43:40,390 - root - INFO - [839/1205] Fetching weather for Zalaszentjakab...
2026-04-16 19:43:40,527 - root - INFO - Fetched weather for Zalaszentjakab: 14.9°C, Clouds, humidity: 75%
2026-04-16 19:43:41,629 - root - INFO - [840/1205] Fetching weather for Nagykanizsa...
2026-04-16 19:43:41,759 - root - INFO - Fetched weather for Nagykanizsa: 14.1°C, Clouds, humidity: 77%
2026-04-16 19:43:42,861 - root - INFO - [841/1205] Fetching weather for Murakeresztúr...
2026-04-16 19:43:42,993 - root - INFO - Fetched weather for Murakeresztúr: 14.2°C, Clouds, humidity: 77%
2026-04-16 19:43:44,095 - root - INFO - [842/1205] Fetching weather for Zalakomár...
2026-04-16 19:43:44,247 - root - INFO - Fetched weather for Zalakomár: 14.9°C, Clear, humidity: 67%
2026-04-16 19:43:45,349 - root - INFO - [843/1205] Fetching weather for Szárazrét...
2026-04-16 19:43:45,485 - root - INFO - Fetched weather for Szárazrét: 14.6°C, Clouds, humidity: 70%
2026-04-16 19:43:46,587 - root - INFO - [844/1205] Fetching weather for Bodajk...
2026-04-16 19:43:46,720 - root - INFO - Fetched weather for Bodajk: 14.4°C, Clear, humidity: 72%
2026-04-16 19:43:47,822 - root - INFO - [845/1205] Fetching weather for Csókakő...
2026-04-16 19:43:47,960 - root - INFO - Fetched weather for Csókakő: 14.1°C, Clear, humidity: 72%
2026-04-16 19:43:49,062 - root - INFO - [846/1205] Fetching weather for Mór...
2026-04-16 19:43:49,192 - root - INFO - Fetched weather for Mór: 14.1°C, Clear, humidity: 74%
2026-04-16 19:43:50,294 - root - INFO - [847/1205] Fetching weather for Bakonysárkány...
2026-04-16 19:43:50,447 - root - INFO - Fetched weather for Bakonysárkány: 12.3°C, Clear, humidity: 75%
2026-04-16 19:43:51,549 - root - INFO - [848/1205] Fetching weather for Kisbér...
2026-04-16 19:43:51,682 - root - INFO - Fetched weather for Kisbér: 12.6°C, Clouds, humidity: 75%
2026-04-16 19:43:52,784 - root - INFO - [849/1205] Fetching weather for Nagyigmánd-Bábolna...
2026-04-16 19:43:52,922 - root - INFO - Fetched weather for Nagyigmánd-Bábolna: 13.0°C, Clear, humidity: 71%
2026-04-16 19:43:54,024 - root - INFO - [850/1205] Fetching weather for Budapest-Déli...
2026-04-16 19:43:54,164 - root - INFO - Fetched weather for Budapest-Déli: 16.1°C, Clear, humidity: 55%
2026-04-16 19:43:55,265 - root - INFO - [851/1205] Fetching weather for Budapest-Kelenföld...
2026-04-16 19:43:55,395 - root - INFO - Fetched weather for Budapest-Kelenföld: 16.2°C, Clear, humidity: 55%
2026-04-16 19:43:56,497 - root - INFO - [852/1205] Fetching weather for Budaörs...
2026-04-16 19:43:56,627 - root - INFO - Fetched weather for Budaörs: 16.0°C, Clouds, humidity: 55%
2026-04-16 19:43:57,729 - root - INFO - [853/1205] Fetching weather for Biatorbágy...
2026-04-16 19:43:57,868 - root - INFO - Fetched weather for Biatorbágy: 15.4°C, Clouds, humidity: 57%
2026-04-16 19:43:58,970 - root - INFO - [854/1205] Fetching weather for Herceghalom...
2026-04-16 19:43:59,107 - root - INFO - Fetched weather for Herceghalom: 15.7°C, Clouds, humidity: 60%
2026-04-16 19:44:00,209 - root - INFO - [855/1205] Fetching weather for Bicske...
2026-04-16 19:44:00,349 - root - INFO - Fetched weather for Bicske: 15.5°C, Clouds, humidity: 66%
2026-04-16 19:44:01,451 - root - INFO - [856/1205] Fetching weather for Szár...
2026-04-16 19:44:01,596 - root - INFO - Fetched weather for Szár: 12.0°C, Clear, humidity: 68%
2026-04-16 19:44:02,698 - root - INFO - [857/1205] Fetching weather for Szárliget...
2026-04-16 19:44:02,844 - root - INFO - Fetched weather for Szárliget: 11.8°C, Clear, humidity: 68%
2026-04-16 19:44:03,946 - root - INFO - [858/1205] Fetching weather for Alsógalla...
2026-04-16 19:44:04,088 - root - INFO - Fetched weather for Alsógalla: 14.3°C, Clear, humidity: 70%
2026-04-16 19:44:05,190 - root - INFO - [859/1205] Fetching weather for Tatabánya...
2026-04-16 19:44:05,320 - root - INFO - Fetched weather for Tatabánya: 14.3°C, Clear, humidity: 71%
2026-04-16 19:44:06,422 - root - INFO - [860/1205] Fetching weather for Vértesszőlős...
2026-04-16 19:44:06,557 - root - INFO - Fetched weather for Vértesszőlős: 14.3°C, Clear, humidity: 70%
2026-04-16 19:44:07,659 - root - INFO - [861/1205] Fetching weather for Tóvároskert...
2026-04-16 19:44:07,797 - root - INFO - Fetched weather for Tóvároskert: 14.3°C, Clear, humidity: 71%
2026-04-16 19:44:08,899 - root - INFO - [862/1205] Fetching weather for Tata...
2026-04-16 19:44:09,041 - root - INFO - Fetched weather for Tata: 14.3°C, Clear, humidity: 70%
2026-04-16 19:44:10,143 - root - INFO - [863/1205] Fetching weather for Almásfüzitő...
2026-04-16 19:44:10,274 - root - INFO - Fetched weather for Almásfüzitő: 14.4°C, Clear, humidity: 70%
2026-04-16 19:44:11,376 - root - INFO - [864/1205] Fetching weather for Almásfüzitő felső...
2026-04-16 19:44:11,511 - root - INFO - Fetched weather for Almásfüzitő felső: 14.4°C, Clear, humidity: 71%
2026-04-16 19:44:12,613 - root - INFO - [865/1205] Fetching weather for Szőny...
2026-04-16 19:44:12,743 - root - INFO - Fetched weather for Szőny: 13.1°C, Clear, humidity: 71%
2026-04-16 19:44:13,845 - root - INFO - [866/1205] Fetching weather for Komárom...
2026-04-16 19:44:13,982 - root - INFO - Fetched weather for Komárom: 13.1°C, Clear, humidity: 71%
2026-04-16 19:44:15,084 - root - INFO - [867/1205] Fetching weather for Ács...
2026-04-16 19:44:15,219 - root - INFO - Fetched weather for Ács: 13.1°C, Clear, humidity: 71%
2026-04-16 19:44:16,321 - root - INFO - [868/1205] Fetching weather for Nagyszentjános...
2026-04-16 19:44:16,453 - root - INFO - Fetched weather for Nagyszentjános: 13.1°C, Clear, humidity: 71%
2026-04-16 19:44:17,555 - root - INFO - [869/1205] Fetching weather for Győrszentiván...
2026-04-16 19:44:17,693 - root - INFO - Fetched weather for Győrszentiván: 13.1°C, Clear, humidity: 71%
2026-04-16 19:44:18,795 - root - INFO - [870/1205] Fetching weather for Győr-Gyárváros...
2026-04-16 19:44:18,933 - root - INFO - Fetched weather for Győr-Gyárváros: 13.1°C, Clear, humidity: 71%
2026-04-16 19:44:20,035 - root - INFO - [871/1205] Fetching weather for Győr...
2026-04-16 19:44:20,169 - root - INFO - Fetched weather for Győr: 13.1°C, Clear, humidity: 71%
2026-04-16 19:44:21,271 - root - INFO - [872/1205] Fetching weather for Öttevény...
2026-04-16 19:44:21,408 - root - INFO - Fetched weather for Öttevény: 13.1°C, Clear, humidity: 72%
2026-04-16 19:44:22,510 - root - INFO - [873/1205] Fetching weather for Lébény-Mosonszentmiklós...
2026-04-16 19:44:22,642 - root - INFO - Fetched weather for Lébény-Mosonszentmiklós: 14.2°C, Clear, humidity: 72%
2026-04-16 19:44:23,744 - root - INFO - [874/1205] Fetching weather for Kimle-Károlyháza...
2026-04-16 19:44:23,880 - root - INFO - Fetched weather for Kimle-Károlyháza: 14.2°C, Clouds, humidity: 72%
2026-04-16 19:44:24,982 - root - INFO - [875/1205] Fetching weather for Mosonmagyaróvár...
2026-04-16 19:44:25,126 - root - INFO - Fetched weather for Mosonmagyaróvár: 14.1°C, Clouds, humidity: 72%
2026-04-16 19:44:26,228 - root - INFO - [876/1205] Fetching weather for Levél...
2026-04-16 19:44:26,373 - root - INFO - Fetched weather for Levél: 14.1°C, Clouds, humidity: 72%
2026-04-16 19:44:27,475 - root - INFO - [877/1205] Fetching weather for Hegyeshalom...
2026-04-16 19:44:27,612 - root - INFO - Fetched weather for Hegyeshalom: 17.0°C, Clouds, humidity: 72%
2026-04-16 19:44:28,714 - root - INFO - [878/1205] Fetching weather for Óbuda...
2026-04-16 19:44:28,850 - root - INFO - Fetched weather for Óbuda: 16.2°C, Clouds, humidity: 56%
2026-04-16 19:44:29,952 - root - INFO - [879/1205] Fetching weather for Üröm...
2026-04-16 19:44:30,104 - root - INFO - Fetched weather for Üröm: 16.0°C, Clouds, humidity: 56%
2026-04-16 19:44:31,206 - root - INFO - [880/1205] Fetching weather for Solymár...
2026-04-16 19:44:31,343 - root - INFO - Fetched weather for Solymár: 15.8°C, Clouds, humidity: 56%
2026-04-16 19:44:32,445 - root - INFO - [881/1205] Fetching weather for Pilisvörösvár...
2026-04-16 19:44:32,587 - root - INFO - Fetched weather for Pilisvörösvár: 15.3°C, Clouds, humidity: 58%
2026-04-16 19:44:33,689 - root - INFO - [882/1205] Fetching weather for Klotildliget...
2026-04-16 19:44:33,823 - root - INFO - Fetched weather for Klotildliget: 15.1°C, Clouds, humidity: 59%
2026-04-16 19:44:34,925 - root - INFO - [883/1205] Fetching weather for Kútvölgy...
2026-04-16 19:44:35,076 - root - INFO - Fetched weather for Kútvölgy: 14.8°C, Clouds, humidity: 72%
2026-04-16 19:44:36,178 - root - INFO - [884/1205] Fetching weather for Székkutas...
2026-04-16 19:44:36,314 - root - INFO - Fetched weather for Székkutas: 14.9°C, Clouds, humidity: 72%
2026-04-16 19:44:37,416 - root - INFO - [885/1205] Fetching weather for Kaposszentjakab...
2026-04-16 19:44:37,550 - root - INFO - Fetched weather for Kaposszentjakab: 13.9°C, Clouds, humidity: 74%
2026-04-16 19:44:38,652 - root - INFO - [886/1205] Fetching weather for Kaposvár...
2026-04-16 19:44:38,787 - root - INFO - Fetched weather for Kaposvár: 13.7°C, Clouds, humidity: 74%
2026-04-16 19:44:39,889 - root - INFO - [887/1205] Fetching weather for Kaposújlak...
2026-04-16 19:44:40,026 - root - INFO - Fetched weather for Kaposújlak: 13.8°C, Clouds, humidity: 74%
2026-04-16 19:44:41,128 - root - INFO - [888/1205] Fetching weather for Kaposmérő...
2026-04-16 19:44:41,267 - root - INFO - Fetched weather for Kaposmérő: 13.8°C, Clouds, humidity: 74%
2026-04-16 19:44:42,369 - root - INFO - [889/1205] Fetching weather for Kaposfő...
2026-04-16 19:44:42,505 - root - INFO - Fetched weather for Kaposfő: 13.8°C, Clouds, humidity: 73%
2026-04-16 19:44:43,607 - root - INFO - [890/1205] Fetching weather for Kiskorpád...
2026-04-16 19:44:43,745 - root - INFO - Fetched weather for Kiskorpád: 13.7°C, Clouds, humidity: 73%
2026-04-16 19:44:44,847 - root - INFO - [891/1205] Fetching weather for Jákó-Nagybajom...
2026-04-16 19:44:45,000 - root - INFO - Fetched weather for Jákó-Nagybajom: 13.8°C, Clouds, humidity: 72%
2026-04-16 19:44:46,102 - root - INFO - [892/1205] Fetching weather for Kutas...
2026-04-16 19:44:46,248 - root - INFO - Fetched weather for Kutas: 14.0°C, Clouds, humidity: 72%
2026-04-16 19:44:47,350 - root - INFO - [893/1205] Fetching weather for Beleg...
2026-04-16 19:44:47,496 - root - INFO - Fetched weather for Beleg: 14.1°C, Clouds, humidity: 71%
2026-04-16 19:44:48,598 - root - INFO - [894/1205] Fetching weather for Ötvöskónyi...
2026-04-16 19:44:48,737 - root - INFO - Fetched weather for Ötvöskónyi: 14.1°C, Clouds, humidity: 71%
2026-04-16 19:44:49,839 - root - INFO - [895/1205] Fetching weather for Somogyszob...
2026-04-16 19:44:49,980 - root - INFO - Fetched weather for Somogyszob: 14.1°C, Clouds, humidity: 71%
2026-04-16 19:44:51,081 - root - INFO - [896/1205] Fetching weather for Bolhás...
2026-04-16 19:44:51,227 - root - INFO - Fetched weather for Bolhás: 14.1°C, Clouds, humidity: 71%
2026-04-16 19:44:52,329 - root - INFO - [897/1205] Fetching weather for Szenta...
2026-04-16 19:44:52,468 - root - INFO - Fetched weather for Szenta: 14.1°C, Clouds, humidity: 72%
2026-04-16 19:44:53,569 - root - INFO - [898/1205] Fetching weather for Zrínyitelep...
2026-04-16 19:44:53,703 - root - INFO - Fetched weather for Zrínyitelep: 14.1°C, Clouds, humidity: 73%
2026-04-16 19:44:54,805 - root - INFO - [899/1205] Fetching weather for Csurgó...
2026-04-16 19:44:54,942 - root - INFO - Fetched weather for Csurgó: 14.2°C, Clouds, humidity: 73%
2026-04-16 19:44:56,044 - root - INFO - [900/1205] Fetching weather for Gyékényes...
2026-04-16 19:44:56,180 - root - INFO - Fetched weather for Gyékényes: 14.0°C, Clouds, humidity: 75%
2026-04-16 19:44:57,282 - root - INFO - [901/1205] Fetching weather for Adony...
2026-04-16 19:44:57,417 - root - INFO - Fetched weather for Adony: 14.9°C, Clouds, humidity: 62%
2026-04-16 19:44:58,518 - root - INFO - [902/1205] Fetching weather for Kulcs...
2026-04-16 19:44:58,662 - root - INFO - Fetched weather for Kulcs: 14.6°C, Clouds, humidity: 62%
2026-04-16 19:44:59,764 - root - INFO - [903/1205] Fetching weather for Rácalmás...
2026-04-16 19:44:59,907 - root - INFO - Fetched weather for Rácalmás: 14.6°C, Clouds, humidity: 62%
2026-04-16 19:45:01,009 - root - INFO - [904/1205] Fetching weather for Dunaújváros...
2026-04-16 19:45:01,146 - root - INFO - Fetched weather for Dunaújváros: 14.5°C, Clouds, humidity: 63%
2026-04-16 19:45:02,247 - root - INFO - [905/1205] Fetching weather for Újvenyim...
2026-04-16 19:45:02,385 - root - INFO - Fetched weather for Újvenyim: 14.6°C, Clouds, humidity: 63%
2026-04-16 19:45:03,487 - root - INFO - [906/1205] Fetching weather for Mezőfalva...
2026-04-16 19:45:03,621 - root - INFO - Fetched weather for Mezőfalva: 14.5°C, Clouds, humidity: 64%
2026-04-16 19:45:04,723 - root - INFO - [907/1205] Fetching weather for Nagykarácsony felső...
2026-04-16 19:45:04,865 - root - INFO - Fetched weather for Nagykarácsony felső: 14.6°C, Clouds, humidity: 65%
2026-04-16 19:45:05,967 - root - INFO - [908/1205] Fetching weather for Nagykarácsony...
2026-04-16 19:45:06,100 - root - INFO - Fetched weather for Nagykarácsony: 14.4°C, Clouds, humidity: 66%
2026-04-16 19:45:07,202 - root - INFO - [909/1205] Fetching weather for Alap...
2026-04-16 19:45:07,337 - root - INFO - Fetched weather for Alap: 14.6°C, Clouds, humidity: 68%
2026-04-16 19:45:08,439 - root - INFO - [910/1205] Fetching weather for Cece...
2026-04-16 19:45:08,584 - root - INFO - Fetched weather for Cece: 14.6°C, Clouds, humidity: 69%
2026-04-16 19:45:09,686 - root - INFO - [911/1205] Fetching weather for Vajta...
2026-04-16 19:45:09,815 - root - INFO - Fetched weather for Vajta: 14.6°C, Clouds, humidity: 68%
2026-04-16 19:45:10,917 - root - INFO - [912/1205] Fetching weather for Rétszilas alsó...
2026-04-16 19:45:11,067 - root - INFO - Fetched weather for Rétszilas alsó: 14.6°C, Clouds, humidity: 68%
2026-04-16 19:45:12,169 - root - INFO - [913/1205] Fetching weather for Nagydorog...
2026-04-16 19:45:12,308 - root - INFO - Fetched weather for Nagydorog: 14.5°C, Clouds, humidity: 69%
2026-04-16 19:45:13,410 - root - INFO - [914/1205] Fetching weather for Tengelic...
2026-04-16 19:45:13,554 - root - INFO - Fetched weather for Tengelic: 14.4°C, Clouds, humidity: 69%
2026-04-16 19:45:14,656 - root - INFO - [915/1205] Fetching weather for Fácánkert...
2026-04-16 19:45:14,787 - root - INFO - Fetched weather for Fácánkert: 14.4°C, Clouds, humidity: 70%
2026-04-16 19:45:15,889 - root - INFO - [916/1205] Fetching weather for Tolna-Mözs...
2026-04-16 19:45:16,017 - root - INFO - Fetched weather for Tolna-Mözs: 14.4°C, Clouds, humidity: 71%
2026-04-16 19:45:17,118 - root - INFO - [917/1205] Fetching weather for Szekszárd-Palánk...
2026-04-16 19:45:17,262 - root - INFO - Fetched weather for Szekszárd-Palánk: 14.4°C, Clouds, humidity: 71%
2026-04-16 19:45:18,364 - root - INFO - [918/1205] Fetching weather for Szekszárd...
2026-04-16 19:45:18,496 - root - INFO - Fetched weather for Szekszárd: 14.4°C, Clouds, humidity: 72%
2026-04-16 19:45:19,598 - root - INFO - [919/1205] Fetching weather for Őcsény...
2026-04-16 19:45:19,741 - root - INFO - Fetched weather for Őcsény: 14.4°C, Clouds, humidity: 73%
2026-04-16 19:45:20,842 - root - INFO - [920/1205] Fetching weather for Decs...
2026-04-16 19:45:20,980 - root - INFO - Fetched weather for Decs: 14.4°C, Clouds, humidity: 73%
2026-04-16 19:45:22,082 - root - INFO - [921/1205] Fetching weather for Csikóstőttős...
2026-04-16 19:45:22,220 - root - INFO - Fetched weather for Csikóstőttős: 14.0°C, Clouds, humidity: 74%
2026-04-16 19:45:23,322 - root - INFO - [922/1205] Fetching weather for Mágocs-Alsómocsolád...
2026-04-16 19:45:23,458 - root - INFO - Fetched weather for Mágocs-Alsómocsolád: 13.4°C, Clouds, humidity: 74%
2026-04-16 19:45:24,560 - root - INFO - [923/1205] Fetching weather for Szalatnak...
2026-04-16 19:45:24,694 - root - INFO - Fetched weather for Szalatnak: 13.7°C, Clouds, humidity: 74%
2026-04-16 19:45:25,796 - root - INFO - [924/1205] Fetching weather for Máza-Szászvár...
2026-04-16 19:45:25,929 - root - INFO - Fetched weather for Máza-Szászvár: 13.8°C, Clouds, humidity: 74%
2026-04-16 19:45:27,031 - root - INFO - [925/1205] Fetching weather for Váralja...
2026-04-16 19:45:27,169 - root - INFO - Fetched weather for Váralja: 13.9°C, Clouds, humidity: 74%
2026-04-16 19:45:28,271 - root - INFO - [926/1205] Fetching weather for Nagymányok...
2026-04-16 19:45:28,414 - root - INFO - Fetched weather for Nagymányok: 13.9°C, Clouds, humidity: 74%
2026-04-16 19:45:29,516 - root - INFO - [927/1205] Fetching weather for Hidas-Bonyhád...
2026-04-16 19:45:29,648 - root - INFO - Fetched weather for Hidas-Bonyhád: 13.9°C, Clouds, humidity: 73%
2026-04-16 19:45:30,750 - root - INFO - [928/1205] Fetching weather for Mőcsény...
2026-04-16 19:45:30,892 - root - INFO - Fetched weather for Mőcsény: 13.7°C, Clouds, humidity: 74%
2026-04-16 19:45:31,994 - root - INFO - [929/1205] Fetching weather for Bátaszék...
2026-04-16 19:45:32,132 - root - INFO - Fetched weather for Bátaszék: 14.3°C, Clouds, humidity: 74%
2026-04-16 19:45:33,234 - root - INFO - [930/1205] Fetching weather for Pörböly...
2026-04-16 19:45:33,371 - root - INFO - Fetched weather for Pörböly: 14.2°C, Clouds, humidity: 75%
2026-04-16 19:45:34,473 - root - INFO - [931/1205] Fetching weather for Orosháza...
2026-04-16 19:45:34,602 - root - INFO - Fetched weather for Orosháza: 14.8°C, Clouds, humidity: 71%
2026-04-16 19:45:35,704 - root - INFO - [932/1205] Fetching weather for Orosházi tanyák...
2026-04-16 19:45:35,840 - root - INFO - Fetched weather for Orosházi tanyák: 15.0°C, Clouds, humidity: 72%
2026-04-16 19:45:36,942 - root - INFO - [933/1205] Fetching weather for Csorvás...
2026-04-16 19:45:37,087 - root - INFO - Fetched weather for Csorvás: 14.9°C, Clouds, humidity: 73%
2026-04-16 19:45:38,189 - root - INFO - [934/1205] Fetching weather for Csorvás alsó...
2026-04-16 19:45:38,328 - root - INFO - Fetched weather for Csorvás alsó: 15.0°C, Clouds, humidity: 71%
2026-04-16 19:45:39,430 - root - INFO - [935/1205] Fetching weather for Telekgerendás...
2026-04-16 19:45:39,566 - root - INFO - Fetched weather for Telekgerendás: 15.0°C, Clouds, humidity: 71%
2026-04-16 19:45:40,668 - root - INFO - [936/1205] Fetching weather for Fürjes...
2026-04-16 19:45:40,806 - root - INFO - Fetched weather for Fürjes: 15.0°C, Clouds, humidity: 71%
2026-04-16 19:45:41,908 - root - INFO - [937/1205] Fetching weather for Fényes...
2026-04-16 19:45:42,046 - root - INFO - Fetched weather for Fényes: 15.0°C, Clouds, humidity: 71%
2026-04-16 19:45:43,148 - root - INFO - [938/1205] Fetching weather for Bicere...
2026-04-16 19:45:43,293 - root - INFO - Fetched weather for Bicere: 15.0°C, Clouds, humidity: 71%
2026-04-16 19:45:44,394 - root - INFO - [939/1205] Fetching weather for Gyula...
2026-04-16 19:45:44,539 - root - INFO - Fetched weather for Gyula: 15.0°C, Clouds, humidity: 71%
2026-04-16 19:45:45,641 - root - INFO - [940/1205] Fetching weather for József Szanatórium...
2026-04-16 19:45:45,783 - root - INFO - Fetched weather for József Szanatórium: 15.0°C, Clouds, humidity: 71%
2026-04-16 19:45:46,885 - root - INFO - [941/1205] Fetching weather for Sarkadi Cukorgyár...
2026-04-16 19:45:47,020 - root - INFO - Fetched weather for Sarkadi Cukorgyár: 15.0°C, Clouds, humidity: 71%
2026-04-16 19:45:48,122 - root - INFO - [942/1205] Fetching weather for Sarkad...
2026-04-16 19:45:48,260 - root - INFO - Fetched weather for Sarkad: 15.0°C, Clouds, humidity: 78%
2026-04-16 19:45:49,362 - root - INFO - [943/1205] Fetching weather for Kötegyán...
2026-04-16 19:45:49,500 - root - INFO - Fetched weather for Kötegyán: 15.0°C, Clouds, humidity: 77%
2026-04-16 19:45:50,602 - root - INFO - [944/1205] Fetching weather for Méhkerék...
2026-04-16 19:45:50,745 - root - INFO - Fetched weather for Méhkerék: 15.0°C, Clouds, humidity: 77%
2026-04-16 19:45:51,847 - root - INFO - [945/1205] Fetching weather for Sarkadkeresztúr...
2026-04-16 19:45:51,993 - root - INFO - Fetched weather for Sarkadkeresztúr: 15.0°C, Clouds, humidity: 78%
2026-04-16 19:45:53,094 - root - INFO - [946/1205] Fetching weather for Okány...
2026-04-16 19:45:53,235 - root - INFO - Fetched weather for Okány: 15.0°C, Clouds, humidity: 78%
2026-04-16 19:45:54,337 - root - INFO - [947/1205] Fetching weather for Újszeged...
2026-04-16 19:45:54,494 - root - INFO - Fetched weather for Újszeged: 14.5°C, Clouds, humidity: 69%
2026-04-16 19:45:55,596 - root - INFO - [948/1205] Fetching weather for Szőreg...
2026-04-16 19:45:55,733 - root - INFO - Fetched weather for Szőreg: 14.5°C, Clouds, humidity: 69%
2026-04-16 19:45:56,835 - root - INFO - [949/1205] Fetching weather for Deszk...
2026-04-16 19:45:56,976 - root - INFO - Fetched weather for Deszk: 14.5°C, Clouds, humidity: 70%
2026-04-16 19:45:58,077 - root - INFO - [950/1205] Fetching weather for Kiszombor...
2026-04-16 19:45:58,219 - root - INFO - Fetched weather for Kiszombor: 15.3°C, Clouds, humidity: 71%
2026-04-16 19:45:59,321 - root - INFO - [951/1205] Fetching weather for Kiszombor megálló...
2026-04-16 19:45:59,459 - root - INFO - Fetched weather for Kiszombor megálló: 15.3°C, Clouds, humidity: 71%
2026-04-16 19:46:00,561 - root - INFO - [952/1205] Fetching weather for Makó...
2026-04-16 19:46:00,701 - root - INFO - Fetched weather for Makó: 15.3°C, Clouds, humidity: 71%
2026-04-16 19:46:01,803 - root - INFO - [953/1205] Fetching weather for Apátfalva...
2026-04-16 19:46:01,958 - root - INFO - Fetched weather for Apátfalva: 15.5°C, Clouds, humidity: 71%
2026-04-16 19:46:03,060 - root - INFO - [954/1205] Fetching weather for Magyarcsanád...
2026-04-16 19:46:03,203 - root - INFO - Fetched weather for Magyarcsanád: 15.5°C, Clouds, humidity: 71%
2026-04-16 19:46:04,305 - root - INFO - [955/1205] Fetching weather for Nagylak...
2026-04-16 19:46:04,448 - root - INFO - Fetched weather for Nagylak: 19.0°C, Clouds, humidity: 70%
2026-04-16 19:46:05,550 - root - INFO - [956/1205] Fetching weather for Nagylaki Kendergyár...
2026-04-16 19:46:05,687 - root - INFO - Fetched weather for Nagylaki Kendergyár: 19.0°C, Clouds, humidity: 70%
2026-04-16 19:46:06,789 - root - INFO - [957/1205] Fetching weather for Csanádpalota...
2026-04-16 19:46:06,931 - root - INFO - Fetched weather for Csanádpalota: 19.0°C, Clouds, humidity: 70%
2026-04-16 19:46:08,033 - root - INFO - [958/1205] Fetching weather for Mezőhegyes...
2026-04-16 19:46:08,178 - root - INFO - Fetched weather for Mezőhegyes: 18.9°C, Clouds, humidity: 71%
2026-04-16 19:46:09,280 - root - INFO - [959/1205] Fetching weather for Végegyháza...
2026-04-16 19:46:09,427 - root - INFO - Fetched weather for Végegyháza: 18.9°C, Clouds, humidity: 72%
2026-04-16 19:46:10,530 - root - INFO - [960/1205] Fetching weather for Mezőkovácsháza...
2026-04-16 19:46:10,672 - root - INFO - Fetched weather for Mezőkovácsháza: 18.9°C, Clouds, humidity: 72%
2026-04-16 19:46:11,774 - root - INFO - [961/1205] Fetching weather for Mezőkovácsháza felső...
2026-04-16 19:46:11,916 - root - INFO - Fetched weather for Mezőkovácsháza felső: 18.9°C, Clouds, humidity: 73%
2026-04-16 19:46:13,018 - root - INFO - [962/1205] Fetching weather for Magyarbánhegyes...
2026-04-16 19:46:13,158 - root - INFO - Fetched weather for Magyarbánhegyes: 14.9°C, Clouds, humidity: 74%
2026-04-16 19:46:14,260 - root - INFO - [963/1205] Fetching weather for Medgyesegyháza...
2026-04-16 19:46:14,391 - root - INFO - Fetched weather for Medgyesegyháza: 14.9°C, Clouds, humidity: 76%
2026-04-16 19:46:15,493 - root - INFO - [964/1205] Fetching weather for Bánkút...
2026-04-16 19:46:15,629 - root - INFO - Fetched weather for Bánkút: 14.9°C, Clouds, humidity: 71%
2026-04-16 19:46:16,731 - root - INFO - [965/1205] Fetching weather for Belsőperegpuszta...
2026-04-16 19:46:16,871 - root - INFO - Fetched weather for Belsőperegpuszta: 18.9°C, Clouds, humidity: 71%
2026-04-16 19:46:17,973 - root - INFO - [966/1205] Fetching weather for Battonya...
2026-04-16 19:46:18,114 - root - INFO - Fetched weather for Battonya: 18.9°C, Clouds, humidity: 100%
2026-04-16 19:46:19,216 - root - INFO - [967/1205] Fetching weather for Baja-Dunafürdő...
2026-04-16 19:46:19,357 - root - INFO - Fetched weather for Baja-Dunafürdő: 14.2°C, Clouds, humidity: 75%
2026-04-16 19:46:20,459 - root - INFO - [968/1205] Fetching weather for Kaposszekcső...
2026-04-16 19:46:20,591 - root - INFO - Fetched weather for Kaposszekcső: 14.0°C, Clouds, humidity: 74%
2026-04-16 19:46:21,693 - root - INFO - [969/1205] Fetching weather for Vásárosdombó...
2026-04-16 19:46:21,858 - root - INFO - Fetched weather for Vásárosdombó: 13.9°C, Clouds, humidity: 74%
2026-04-16 19:46:22,960 - root - INFO - [970/1205] Fetching weather for Sásd...
2026-04-16 19:46:23,116 - root - INFO - Fetched weather for Sásd: 13.8°C, Clouds, humidity: 75%
2026-04-16 19:46:24,218 - root - INFO - [971/1205] Fetching weather for Godisa...
2026-04-16 19:46:24,358 - root - INFO - Fetched weather for Godisa: 14.4°C, Clouds, humidity: 75%
2026-04-16 19:46:25,460 - root - INFO - [972/1205] Fetching weather for Abaliget...
2026-04-16 19:46:25,605 - root - INFO - Fetched weather for Abaliget: 14.0°C, Clouds, humidity: 75%
2026-04-16 19:46:26,707 - root - INFO - [973/1205] Fetching weather for Hetvehely...
2026-04-16 19:46:26,842 - root - INFO - Fetched weather for Hetvehely: 14.2°C, Clouds, humidity: 75%
2026-04-16 19:46:27,943 - root - INFO - [974/1205] Fetching weather for Bükkösd...
2026-04-16 19:46:28,082 - root - INFO - Fetched weather for Bükkösd: 14.4°C, Clouds, humidity: 75%
2026-04-16 19:46:29,184 - root - INFO - [975/1205] Fetching weather for Cserdi-Helesfa...
2026-04-16 19:46:29,319 - root - INFO - Fetched weather for Cserdi-Helesfa: 14.4°C, Clouds, humidity: 75%
2026-04-16 19:46:30,421 - root - INFO - [976/1205] Fetching weather for Szentlőrinc...
2026-04-16 19:46:30,560 - root - INFO - Fetched weather for Szentlőrinc: 14.5°C, Clear, humidity: 67%
2026-04-16 19:46:31,662 - root - INFO - [977/1205] Fetching weather for Bicsérd...
2026-04-16 19:46:31,798 - root - INFO - Fetched weather for Bicsérd: 14.4°C, Clear, humidity: 67%
2026-04-16 19:46:32,900 - root - INFO - [978/1205] Fetching weather for Mecsekalja-Cserkút...
2026-04-16 19:46:33,050 - root - INFO - Fetched weather for Mecsekalja-Cserkút: 14.5°C, Clear, humidity: 67%
2026-04-16 19:46:34,152 - root - INFO - [979/1205] Fetching weather for Pécs...
2026-04-16 19:46:34,289 - root - INFO - Fetched weather for Pécs: 14.5°C, Clear, humidity: 67%
2026-04-16 19:46:35,391 - root - INFO - [980/1205] Fetching weather for Pécs-Külváros...
2026-04-16 19:46:35,530 - root - INFO - Fetched weather for Pécs-Külváros: 14.4°C, Clear, humidity: 67%
2026-04-16 19:46:36,632 - root - INFO - [981/1205] Fetching weather for Pécsbánya-Rendező...
2026-04-16 19:46:36,779 - root - INFO - Fetched weather for Pécsbánya-Rendező: 14.3°C, Clear, humidity: 67%
2026-04-16 19:46:37,881 - root - INFO - [982/1205] Fetching weather for Pécsudvard...
2026-04-16 19:46:38,019 - root - INFO - Fetched weather for Pécsudvard: 14.2°C, Clear, humidity: 67%
2026-04-16 19:46:39,121 - root - INFO - [983/1205] Fetching weather for Szőkéd...
2026-04-16 19:46:39,265 - root - INFO - Fetched weather for Szőkéd: 14.4°C, Clear, humidity: 67%
2026-04-16 19:46:40,367 - root - INFO - [984/1205] Fetching weather for Áta...
2026-04-16 19:46:40,514 - root - INFO - Fetched weather for Áta: 14.5°C, Clear, humidity: 67%
2026-04-16 19:46:41,615 - root - INFO - [985/1205] Fetching weather for Kistótfalu...
2026-04-16 19:46:41,750 - root - INFO - Fetched weather for Kistótfalu: 14.5°C, Clear, humidity: 67%
2026-04-16 19:46:42,852 - root - INFO - [986/1205] Fetching weather for Vokány...
2026-04-16 19:46:42,990 - root - INFO - Fetched weather for Vokány: 13.2°C, Clear, humidity: 75%
2026-04-16 19:46:44,092 - root - INFO - [987/1205] Fetching weather for Palkonya...
2026-04-16 19:46:44,237 - root - INFO - Fetched weather for Palkonya: 13.2°C, Clear, humidity: 75%
2026-04-16 19:46:45,338 - root - INFO - [988/1205] Fetching weather for Villánykövesd...
2026-04-16 19:46:45,473 - root - INFO - Fetched weather for Villánykövesd: 13.2°C, Clear, humidity: 75%
2026-04-16 19:46:46,575 - root - INFO - [989/1205] Fetching weather for Villány...
2026-04-16 19:46:46,707 - root - INFO - Fetched weather for Villány: 13.3°C, Clouds, humidity: 75%
2026-04-16 19:46:47,808 - root - INFO - [990/1205] Fetching weather for Magyarbóly...
2026-04-16 19:46:47,949 - root - INFO - Fetched weather for Magyarbóly: 13.3°C, Clouds, humidity: 75%
2026-04-16 19:46:49,051 - root - INFO - [991/1205] Fetching weather for Magyarszék...
2026-04-16 19:46:49,187 - root - INFO - Fetched weather for Magyarszék: 14.2°C, Clouds, humidity: 75%
2026-04-16 19:46:50,290 - root - INFO - [992/1205] Fetching weather for Mecsekpölöske...
2026-04-16 19:46:50,421 - root - INFO - Fetched weather for Mecsekpölöske: 14.1°C, Clouds, humidity: 75%
2026-04-16 19:46:51,523 - root - INFO - [993/1205] Fetching weather for Mecsekjánosi...
2026-04-16 19:46:51,666 - root - INFO - Fetched weather for Mecsekjánosi: 14.1°C, Clouds, humidity: 75%
2026-04-16 19:46:52,768 - root - INFO - [994/1205] Fetching weather for Komló...
2026-04-16 19:46:52,902 - root - INFO - Fetched weather for Komló: 13.8°C, Clouds, humidity: 75%
2026-04-16 19:46:54,004 - root - INFO - [995/1205] Fetching weather for Királyegyháza-Rigópuszta...
2026-04-16 19:46:54,135 - root - INFO - Fetched weather for Királyegyháza-Rigópuszta: 14.6°C, Clouds, humidity: 75%
2026-04-16 19:46:55,236 - root - INFO - [996/1205] Fetching weather for Sumony...
2026-04-16 19:46:55,376 - root - INFO - Fetched weather for Sumony: 14.6°C, Clouds, humidity: 76%
2026-04-16 19:46:56,478 - root - INFO - [997/1205] Fetching weather for Okorág-Kárászpuszta...
2026-04-16 19:46:56,610 - root - INFO - Fetched weather for Okorág-Kárászpuszta: 14.6°C, Clouds, humidity: 76%
2026-04-16 19:46:57,712 - root - INFO - [998/1205] Fetching weather for Kákics...
2026-04-16 19:46:57,854 - root - INFO - Fetched weather for Kákics: 13.9°C, Clouds, humidity: 77%
2026-04-16 19:46:58,956 - root - INFO - [999/1205] Fetching weather for Bóly...
2026-04-16 19:46:59,088 - root - INFO - Fetched weather for Bóly: 13.1°C, Clouds, humidity: 75%
2026-04-16 19:47:00,190 - root - INFO - [1000/1205] Fetching weather for Mohács...
2026-04-16 19:47:00,330 - root - INFO - Fetched weather for Mohács: 13.4°C, Clouds, humidity: 75%
2026-04-16 19:47:01,432 - root - INFO - [1001/1205] Fetching weather for Sellye...
2026-04-16 19:47:01,570 - root - INFO - Fetched weather for Sellye: 13.8°C, Clouds, humidity: 77%
2026-04-16 19:47:02,671 - root - INFO - [1002/1205] Fetching weather for Toponár...
2026-04-16 19:47:02,816 - root - INFO - Fetched weather for Toponár: 13.8°C, Clouds, humidity: 74%
2026-04-16 19:47:03,918 - root - INFO - [1003/1205] Fetching weather for Somogyaszaló...
2026-04-16 19:47:04,048 - root - INFO - Fetched weather for Somogyaszaló: 13.7°C, Clouds, humidity: 74%
2026-04-16 19:47:05,150 - root - INFO - [1004/1205] Fetching weather for Mernye...
2026-04-16 19:47:05,291 - root - INFO - Fetched weather for Mernye: 13.8°C, Clouds, humidity: 74%
2026-04-16 19:47:06,392 - root - INFO - [1005/1205] Fetching weather for Felsőmocsolád...
2026-04-16 19:47:06,533 - root - INFO - Fetched weather for Felsőmocsolád: 13.7°C, Clouds, humidity: 74%
2026-04-16 19:47:07,635 - root - INFO - [1006/1205] Fetching weather for Kisbárapáti...
2026-04-16 19:47:07,774 - root - INFO - Fetched weather for Kisbárapáti: 13.6°C, Clouds, humidity: 74%
2026-04-16 19:47:08,876 - root - INFO - [1007/1205] Fetching weather for Bonnya...
2026-04-16 19:47:09,010 - root - INFO - Fetched weather for Bonnya: 13.9°C, Clouds, humidity: 74%
2026-04-16 19:47:10,112 - root - INFO - [1008/1205] Fetching weather for Andocs...
2026-04-16 19:47:10,245 - root - INFO - Fetched weather for Andocs: 13.4°C, Clouds, humidity: 74%
2026-04-16 19:47:11,347 - root - INFO - [1009/1205] Fetching weather for Karád...
2026-04-16 19:47:11,491 - root - INFO - Fetched weather for Karád: 13.8°C, Clouds, humidity: 74%
2026-04-16 19:47:12,593 - root - INFO - [1010/1205] Fetching weather for Somogymeggyes...
2026-04-16 19:47:12,736 - root - INFO - Fetched weather for Somogymeggyes: 14.3°C, Clouds, humidity: 74%
2026-04-16 19:47:13,838 - root - INFO - [1011/1205] Fetching weather for Kapoly...
2026-04-16 19:47:13,973 - root - INFO - Fetched weather for Kapoly: 14.6°C, Clouds, humidity: 74%
2026-04-16 19:47:15,075 - root - INFO - [1012/1205] Fetching weather for Tab...
2026-04-16 19:47:15,209 - root - INFO - Fetched weather for Tab: 14.7°C, Clouds, humidity: 74%
2026-04-16 19:47:16,311 - root - INFO - [1013/1205] Fetching weather for Bábonymegyer...
2026-04-16 19:47:16,450 - root - INFO - Fetched weather for Bábonymegyer: 14.8°C, Clouds, humidity: 64%
2026-04-16 19:47:17,552 - root - INFO - [1014/1205] Fetching weather for Daránypuszta...
2026-04-16 19:47:17,697 - root - INFO - Fetched weather for Daránypuszta: 14.8°C, Clouds, humidity: 64%
2026-04-16 19:47:18,798 - root - INFO - [1015/1205] Fetching weather for Som-Nagyberény...
2026-04-16 19:47:18,938 - root - INFO - Fetched weather for Som-Nagyberény: 14.8°C, Clouds, humidity: 64%
2026-04-16 19:47:20,040 - root - INFO - [1016/1205] Fetching weather for Ádánd...
2026-04-16 19:47:20,173 - root - INFO - Fetched weather for Ádánd: 14.9°C, Clouds, humidity: 64%
2026-04-16 19:47:21,275 - root - INFO - [1017/1205] Fetching weather for Siójut...
2026-04-16 19:47:21,416 - root - INFO - Fetched weather for Siójut: 14.9°C, Clouds, humidity: 64%
2026-04-16 19:47:22,518 - root - INFO - [1018/1205] Fetching weather for Kapostüskevár...
2026-04-16 19:47:22,657 - root - INFO - Fetched weather for Kapostüskevár: 13.9°C, Clouds, humidity: 74%
2026-04-16 19:47:23,759 - root - INFO - [1019/1205] Fetching weather for Kaposfüred...
2026-04-16 19:47:23,895 - root - INFO - Fetched weather for Kaposfüred: 13.8°C, Clouds, humidity: 74%
2026-04-16 19:47:24,996 - root - INFO - [1020/1205] Fetching weather for Várda...
2026-04-16 19:47:25,137 - root - INFO - Fetched weather for Várda: 13.7°C, Clouds, humidity: 74%
2026-04-16 19:47:26,239 - root - INFO - [1021/1205] Fetching weather for Somogyjád...
2026-04-16 19:47:26,378 - root - INFO - Fetched weather for Somogyjád: 13.8°C, Clouds, humidity: 74%
2026-04-16 19:47:27,479 - root - INFO - [1022/1205] Fetching weather for Osztopán...
2026-04-16 19:47:27,618 - root - INFO - Fetched weather for Osztopán: 13.8°C, Clouds, humidity: 74%
2026-04-16 19:47:28,720 - root - INFO - [1023/1205] Fetching weather for Pamuk...
2026-04-16 19:47:28,860 - root - INFO - Fetched weather for Pamuk: 14.0°C, Clouds, humidity: 74%
2026-04-16 19:47:29,962 - root - INFO - [1024/1205] Fetching weather for Somogyvár...
2026-04-16 19:47:30,095 - root - INFO - Fetched weather for Somogyvár: 14.0°C, Clouds, humidity: 74%
2026-04-16 19:47:31,196 - root - INFO - [1025/1205] Fetching weather for Öreglak...
2026-04-16 19:47:31,334 - root - INFO - Fetched weather for Öreglak: 14.0°C, Clouds, humidity: 74%
2026-04-16 19:47:32,436 - root - INFO - [1026/1205] Fetching weather for Tatárvár...
2026-04-16 19:47:32,574 - root - INFO - Fetched weather for Tatárvár: 13.9°C, Clouds, humidity: 74%
2026-04-16 19:47:33,676 - root - INFO - [1027/1205] Fetching weather for Lengyeltóti...
2026-04-16 19:47:33,822 - root - INFO - Fetched weather for Lengyeltóti: 14.0°C, Clouds, humidity: 74%
2026-04-16 19:47:34,924 - root - INFO - [1028/1205] Fetching weather for Pusztaberény...
2026-04-16 19:47:35,070 - root - INFO - Fetched weather for Pusztaberény: 14.2°C, Clouds, humidity: 74%
2026-04-16 19:47:36,171 - root - INFO - [1029/1205] Fetching weather for Örkény...
2026-04-16 19:47:36,317 - root - INFO - Fetched weather for Örkény: 14.7°C, Clouds, humidity: 59%
2026-04-16 19:47:37,418 - root - INFO - [1030/1205] Fetching weather for Táborfalva...
2026-04-16 19:47:37,560 - root - INFO - Fetched weather for Táborfalva: 14.9°C, Clouds, humidity: 60%
2026-04-16 19:47:38,662 - root - INFO - [1031/1205] Fetching weather for Felsőlajos...
2026-04-16 19:47:38,791 - root - INFO - Fetched weather for Felsőlajos: 14.9°C, Clouds, humidity: 60%
2026-04-16 19:47:39,893 - root - INFO - [1032/1205] Fetching weather for Lajosmizse...
2026-04-16 19:47:40,035 - root - INFO - Fetched weather for Lajosmizse: 14.8°C, Clear, humidity: 55%
2026-04-16 19:47:41,137 - root - INFO - [1033/1205] Fetching weather for Lajosmizse alsó...
2026-04-16 19:47:41,276 - root - INFO - Fetched weather for Lajosmizse alsó: 14.8°C, Clear, humidity: 55%
2026-04-16 19:47:42,378 - root - INFO - [1034/1205] Fetching weather for Klábertelep...
2026-04-16 19:47:42,509 - root - INFO - Fetched weather for Klábertelep: 14.9°C, Clear, humidity: 55%
2026-04-16 19:47:43,610 - root - INFO - [1035/1205] Fetching weather for Méntelek...
2026-04-16 19:47:43,740 - root - INFO - Fetched weather for Méntelek: 14.9°C, Clear, humidity: 55%
2026-04-16 19:47:44,842 - root - INFO - [1036/1205] Fetching weather for Hetényegyháza...
2026-04-16 19:47:44,994 - root - INFO - Fetched weather for Hetényegyháza: 14.9°C, Clear, humidity: 55%
2026-04-16 19:47:46,096 - root - INFO - [1037/1205] Fetching weather for Kecskemét-Máriaváros...
2026-04-16 19:47:46,239 - root - INFO - Fetched weather for Kecskemét-Máriaváros: 15.0°C, Clear, humidity: 55%
2026-04-16 19:47:47,341 - root - INFO - [1038/1205] Fetching weather for Nyársapát...
2026-04-16 19:47:47,485 - root - INFO - Fetched weather for Nyársapát: 14.8°C, Clouds, humidity: 61%
2026-04-16 19:47:48,587 - root - INFO - [1039/1205] Fetching weather for Nagykőrös...
2026-04-16 19:47:48,737 - root - INFO - Fetched weather for Nagykőrös: 15.0°C, Clear, humidity: 55%
2026-04-16 19:47:49,839 - root - INFO - [1040/1205] Fetching weather for Katonatelep...
2026-04-16 19:47:49,977 - root - INFO - Fetched weather for Katonatelep: 14.9°C, Clear, humidity: 55%
2026-04-16 19:47:51,078 - root - INFO - [1041/1205] Fetching weather for Kecskemét...
2026-04-16 19:47:51,226 - root - INFO - Fetched weather for Kecskemét: 15.0°C, Clear, humidity: 55%
2026-04-16 19:47:52,328 - root - INFO - [1042/1205] Fetching weather for Városföld...
2026-04-16 19:47:52,463 - root - INFO - Fetched weather for Városföld: 15.0°C, Clear, humidity: 55%
2026-04-16 19:47:53,565 - root - INFO - [1043/1205] Fetching weather for Kiskunfélegyháza...
2026-04-16 19:47:53,701 - root - INFO - Fetched weather for Kiskunfélegyháza: 16.6°C, Clouds, humidity: 48%
2026-04-16 19:47:54,803 - root - INFO - [1044/1205] Fetching weather for Petőfiszállás...
2026-04-16 19:47:54,939 - root - INFO - Fetched weather for Petőfiszállás: 16.7°C, Clouds, humidity: 48%
2026-04-16 19:47:56,041 - root - INFO - [1045/1205] Fetching weather for Csengele...
2026-04-16 19:47:56,178 - root - INFO - Fetched weather for Csengele: 16.7°C, Clouds, humidity: 48%
2026-04-16 19:47:57,280 - root - INFO - [1046/1205] Fetching weather for Kistelek...
2026-04-16 19:47:57,409 - root - INFO - Fetched weather for Kistelek: 14.5°C, Clouds, humidity: 68%
2026-04-16 19:47:58,511 - root - INFO - [1047/1205] Fetching weather for Balástya...
2026-04-16 19:47:58,653 - root - INFO - Fetched weather for Balástya: 14.5°C, Clouds, humidity: 68%
2026-04-16 19:47:59,755 - root - INFO - [1048/1205] Fetching weather for Szatymaz...
2026-04-16 19:47:59,892 - root - INFO - Fetched weather for Szatymaz: 14.5°C, Clouds, humidity: 68%
2026-04-16 19:48:00,994 - root - INFO - [1049/1205] Fetching weather for Kiskundorozsma...
2026-04-16 19:48:01,137 - root - INFO - Fetched weather for Kiskundorozsma: 14.5°C, Clouds, humidity: 68%
2026-04-16 19:48:02,239 - root - INFO - [1050/1205] Fetching weather for Szeged...
2026-04-16 19:48:02,378 - root - INFO - Fetched weather for Szeged: 14.5°C, Clouds, humidity: 68%
2026-04-16 19:48:03,479 - root - INFO - [1051/1205] Fetching weather for Alsóúrrét...
2026-04-16 19:48:03,613 - root - INFO - Fetched weather for Alsóúrrét: 15.0°C, Clear, humidity: 55%
2026-04-16 19:48:04,715 - root - INFO - [1052/1205] Fetching weather for Nyárlőrinc...
2026-04-16 19:48:04,855 - root - INFO - Fetched weather for Nyárlőrinc: 15.1°C, Clear, humidity: 55%
2026-04-16 19:48:05,957 - root - INFO - [1053/1205] Fetching weather for Világoshegy...
2026-04-16 19:48:06,088 - root - INFO - Fetched weather for Világoshegy: 15.1°C, Clear, humidity: 55%
2026-04-16 19:48:07,190 - root - INFO - [1054/1205] Fetching weather for Szikra...
2026-04-16 19:48:07,328 - root - INFO - Fetched weather for Szikra: 15.8°C, Clear, humidity: 52%
2026-04-16 19:48:08,430 - root - INFO - [1055/1205] Fetching weather for Lakitelek...
2026-04-16 19:48:08,565 - root - INFO - Fetched weather for Lakitelek: 15.8°C, Clear, humidity: 55%
2026-04-16 19:48:09,667 - root - INFO - [1056/1205] Fetching weather for Tiszaug...
2026-04-16 19:48:09,806 - root - INFO - Fetched weather for Tiszaug: 16.6°C, Clouds, humidity: 68%
2026-04-16 19:48:10,908 - root - INFO - [1057/1205] Fetching weather for Tiszasas...
2026-04-16 19:48:11,044 - root - INFO - Fetched weather for Tiszasas: 16.8°C, Clouds, humidity: 68%
2026-04-16 19:48:12,145 - root - INFO - [1058/1205] Fetching weather for Csépa...
2026-04-16 19:48:12,285 - root - INFO - Fetched weather for Csépa: 16.8°C, Clouds, humidity: 70%
2026-04-16 19:48:13,387 - root - INFO - [1059/1205] Fetching weather for Szelevény...
2026-04-16 19:48:13,533 - root - INFO - Fetched weather for Szelevény: 16.8°C, Clouds, humidity: 70%
2026-04-16 19:48:14,635 - root - INFO - [1060/1205] Fetching weather for Gátér...
2026-04-16 19:48:14,774 - root - INFO - Fetched weather for Gátér: 16.8°C, Clouds, humidity: 48%
2026-04-16 19:48:15,876 - root - INFO - [1061/1205] Fetching weather for Kónyaszék...
2026-04-16 19:48:16,013 - root - INFO - Fetched weather for Kónyaszék: 16.8°C, Clouds, humidity: 48%
2026-04-16 19:48:17,114 - root - INFO - [1062/1205] Fetching weather for Csongrád...
2026-04-16 19:48:17,255 - root - INFO - Fetched weather for Csongrád: 16.8°C, Clouds, humidity: 70%
2026-04-16 19:48:18,356 - root - INFO - [1063/1205] Fetching weather for Hékéd...
2026-04-16 19:48:18,496 - root - INFO - Fetched weather for Hékéd: 14.2°C, Clouds, humidity: 72%
2026-04-16 19:48:19,597 - root - INFO - [1064/1205] Fetching weather for Fábiánsebestyén...
2026-04-16 19:48:19,748 - root - INFO - Fetched weather for Fábiánsebestyén: 14.3°C, Clouds, humidity: 73%
2026-04-16 19:48:20,850 - root - INFO - [1065/1205] Fetching weather for Gádoros...
2026-04-16 19:48:20,991 - root - INFO - Fetched weather for Gádoros: 14.5°C, Clouds, humidity: 72%
2026-04-16 19:48:22,093 - root - INFO - [1066/1205] Fetching weather for Justhmajor...
2026-04-16 19:48:22,231 - root - INFO - Fetched weather for Justhmajor: 14.6°C, Clouds, humidity: 72%
2026-04-16 19:48:23,333 - root - INFO - [1067/1205] Fetching weather for Szentetornya...
2026-04-16 19:48:23,480 - root - INFO - Fetched weather for Szentetornya: 14.7°C, Clouds, humidity: 72%
2026-04-16 19:48:24,582 - root - INFO - [1068/1205] Fetching weather for Gyopárosfürdő...
2026-04-16 19:48:24,717 - root - INFO - Fetched weather for Gyopárosfürdő: 14.8°C, Clouds, humidity: 71%
2026-04-16 19:48:25,818 - root - INFO - [1069/1205] Fetching weather for Szabadságliget...
2026-04-16 19:48:25,955 - root - INFO - Fetched weather for Szabadságliget: 15.3°C, Clouds, humidity: 58%
2026-04-16 19:48:27,057 - root - INFO - [1070/1205] Fetching weather for Röszke...
2026-04-16 19:48:27,195 - root - INFO - Fetched weather for Röszke: 14.5°C, Clouds, humidity: 68%
2026-04-16 19:48:28,296 - root - INFO - [1071/1205] Fetching weather for Tószeg...
2026-04-16 19:48:28,440 - root - INFO - Fetched weather for Tószeg: 13.3°C, Clear, humidity: 74%
2026-04-16 19:48:29,542 - root - INFO - [1072/1205] Fetching weather for Tiszavárkony...
2026-04-16 19:48:29,684 - root - INFO - Fetched weather for Tiszavárkony: 13.3°C, Clear, humidity: 74%
2026-04-16 19:48:30,785 - root - INFO - [1073/1205] Fetching weather for Tiszajenő-Vezseny...
2026-04-16 19:48:30,929 - root - INFO - Fetched weather for Tiszajenő-Vezseny: 13.3°C, Clear, humidity: 74%
2026-04-16 19:48:32,030 - root - INFO - [1074/1205] Fetching weather for Újbög...
2026-04-16 19:48:32,165 - root - INFO - Fetched weather for Újbög: 13.9°C, Clouds, humidity: 74%
2026-04-16 19:48:33,267 - root - INFO - [1075/1205] Fetching weather for Tiszakécske...
2026-04-16 19:48:33,406 - root - INFO - Fetched weather for Tiszakécske: 13.5°C, Clouds, humidity: 74%
2026-04-16 19:48:34,508 - root - INFO - [1076/1205] Fetching weather for Kerekdomb...
2026-04-16 19:48:34,648 - root - INFO - Fetched weather for Kerekdomb: 15.3°C, Clouds, humidity: 67%
2026-04-16 19:48:35,750 - root - INFO - [1077/1205] Fetching weather for Tiszaalpár...
2026-04-16 19:48:35,897 - root - INFO - Fetched weather for Tiszaalpár: 16.7°C, Clouds, humidity: 48%
2026-04-16 19:48:36,999 - root - INFO - [1078/1205] Fetching weather for Tiszaalpár alsó...
2026-04-16 19:48:37,142 - root - INFO - Fetched weather for Tiszaalpár alsó: 16.7°C, Clouds, humidity: 48%
2026-04-16 19:48:38,243 - root - INFO - [1079/1205] Fetching weather for Tiszatenyő...
2026-04-16 19:48:38,385 - root - INFO - Fetched weather for Tiszatenyő: 16.0°C, Clear, humidity: 63%
2026-04-16 19:48:39,486 - root - INFO - [1080/1205] Fetching weather for Pusztapó...
2026-04-16 19:48:39,621 - root - INFO - Fetched weather for Pusztapó: 16.0°C, Clear, humidity: 63%
2026-04-16 19:48:40,722 - root - INFO - [1081/1205] Fetching weather for Kétpó...
2026-04-16 19:48:40,860 - root - INFO - Fetched weather for Kétpó: 16.0°C, Clear, humidity: 63%
2026-04-16 19:48:41,962 - root - INFO - [1082/1205] Fetching weather for Mezőtúr...
2026-04-16 19:48:42,102 - root - INFO - Fetched weather for Mezőtúr: 13.9°C, Clouds, humidity: 77%
2026-04-16 19:48:43,204 - root - INFO - [1083/1205] Fetching weather for Nagylapos...
2026-04-16 19:48:43,338 - root - INFO - Fetched weather for Nagylapos: 14.0°C, Clouds, humidity: 79%
2026-04-16 19:48:44,440 - root - INFO - [1084/1205] Fetching weather for Gyoma...
2026-04-16 19:48:44,578 - root - INFO - Fetched weather for Gyoma: 14.0°C, Clouds, humidity: 78%
2026-04-16 19:48:45,679 - root - INFO - [1085/1205] Fetching weather for Csárdaszállás...
2026-04-16 19:48:45,818 - root - INFO - Fetched weather for Csárdaszállás: 15.0°C, Clouds, humidity: 78%
2026-04-16 19:48:46,920 - root - INFO - [1086/1205] Fetching weather for Mezőberény...
2026-04-16 19:48:47,062 - root - INFO - Fetched weather for Mezőberény: 15.0°C, Clouds, humidity: 71%
2026-04-16 19:48:48,163 - root - INFO - [1087/1205] Fetching weather for Murony...
2026-04-16 19:48:48,295 - root - INFO - Fetched weather for Murony: 15.0°C, Clouds, humidity: 71%
2026-04-16 19:48:49,397 - root - INFO - [1088/1205] Fetching weather for Békéscsaba...
2026-04-16 19:48:49,528 - root - INFO - Fetched weather for Békéscsaba: 15.0°C, Clouds, humidity: 71%
2026-04-16 19:48:50,630 - root - INFO - [1089/1205] Fetching weather for Kétegyháza...
2026-04-16 19:48:50,777 - root - INFO - Fetched weather for Kétegyháza: 14.9°C, Clouds, humidity: 71%
2026-04-16 19:48:51,879 - root - INFO - [1090/1205] Fetching weather for Lőkösháza...
2026-04-16 19:48:52,013 - root - INFO - Fetched weather for Lőkösháza: 14.9°C, Clouds, humidity: 81%
2026-04-16 19:48:53,115 - root - INFO - [1091/1205] Fetching weather for Kengyel...
2026-04-16 19:48:53,257 - root - INFO - Fetched weather for Kengyel: 16.0°C, Clear, humidity: 63%
2026-04-16 19:48:54,359 - root - INFO - [1092/1205] Fetching weather for Bagimajor...
2026-04-16 19:48:54,495 - root - INFO - Fetched weather for Bagimajor: 16.0°C, Clear, humidity: 63%
2026-04-16 19:48:55,597 - root - INFO - [1093/1205] Fetching weather for Martfű...
2026-04-16 19:48:55,735 - root - INFO - Fetched weather for Martfű: 16.0°C, Clear, humidity: 63%
2026-04-16 19:48:56,837 - root - INFO - [1094/1205] Fetching weather for Tiszaföldvár...
2026-04-16 19:48:56,972 - root - INFO - Fetched weather for Tiszaföldvár: 16.0°C, Clear, humidity: 63%
2026-04-16 19:48:58,074 - root - INFO - [1095/1205] Fetching weather for Homok...
2026-04-16 19:48:58,206 - root - INFO - Fetched weather for Homok: 13.3°C, Clear, humidity: 74%
2026-04-16 19:48:59,308 - root - INFO - [1096/1205] Fetching weather for Kungyalu...
2026-04-16 19:48:59,457 - root - INFO - Fetched weather for Kungyalu: 13.3°C, Clouds, humidity: 69%
2026-04-16 19:49:00,559 - root - INFO - [1097/1205] Fetching weather for Kunszentmárton...
2026-04-16 19:49:00,699 - root - INFO - Fetched weather for Kunszentmárton: 13.9°C, Clouds, humidity: 71%
2026-04-16 19:49:01,801 - root - INFO - [1098/1205] Fetching weather for Nagytőke...
2026-04-16 19:49:01,934 - root - INFO - Fetched weather for Nagytőke: 14.0°C, Clouds, humidity: 72%
2026-04-16 19:49:03,036 - root - INFO - [1099/1205] Fetching weather for Szentes...
2026-04-16 19:49:03,180 - root - INFO - Fetched weather for Szentes: 14.1°C, Clouds, humidity: 72%
2026-04-16 19:49:04,281 - root - INFO - [1100/1205] Fetching weather for Szegvár...
2026-04-16 19:49:04,433 - root - INFO - Fetched weather for Szegvár: 14.2°C, Clouds, humidity: 72%
2026-04-16 19:49:05,535 - root - INFO - [1101/1205] Fetching weather for Mindszent...
2026-04-16 19:49:05,673 - root - INFO - Fetched weather for Mindszent: 14.2°C, Clouds, humidity: 71%
2026-04-16 19:49:06,775 - root - INFO - [1102/1205] Fetching weather for Mártély...
2026-04-16 19:49:06,915 - root - INFO - Fetched weather for Mártély: 14.5°C, Clouds, humidity: 71%
2026-04-16 19:49:08,017 - root - INFO - [1103/1205] Fetching weather for Pusztabánréve...
2026-04-16 19:49:08,145 - root - INFO - Fetched weather for Pusztabánréve: 13.9°C, Clouds, humidity: 75%
2026-04-16 19:49:09,247 - root - INFO - [1104/1205] Fetching weather for Szarvas...
2026-04-16 19:49:09,383 - root - INFO - Fetched weather for Szarvas: 14.0°C, Clouds, humidity: 74%
2026-04-16 19:49:10,485 - root - INFO - [1105/1205] Fetching weather for Csabacsűd...
2026-04-16 19:49:10,622 - root - INFO - Fetched weather for Csabacsűd: 14.1°C, Clouds, humidity: 74%
2026-04-16 19:49:11,724 - root - INFO - [1106/1205] Fetching weather for Kisszénás...
2026-04-16 19:49:11,861 - root - INFO - Fetched weather for Kisszénás: 14.3°C, Clouds, humidity: 74%
2026-04-16 19:49:12,963 - root - INFO - [1107/1205] Fetching weather for Kiscsákó...
2026-04-16 19:49:13,112 - root - INFO - Fetched weather for Kiscsákó: 14.4°C, Clouds, humidity: 74%
2026-04-16 19:49:14,214 - root - INFO - [1108/1205] Fetching weather for Nagyszénás...
2026-04-16 19:49:14,358 - root - INFO - Fetched weather for Nagyszénás: 14.4°C, Clouds, humidity: 73%
2026-04-16 19:49:15,460 - root - INFO - [1109/1205] Fetching weather for Kardoskút...
2026-04-16 19:49:15,592 - root - INFO - Fetched weather for Kardoskút: 14.8°C, Clouds, humidity: 73%
2026-04-16 19:49:16,694 - root - INFO - [1110/1205] Fetching weather for Tótkomlós...
2026-04-16 19:49:16,846 - root - INFO - Fetched weather for Tótkomlós: 15.0°C, Clouds, humidity: 73%
2026-04-16 19:49:17,947 - root - INFO - [1111/1205] Fetching weather for Nagyér...
2026-04-16 19:49:18,094 - root - INFO - Fetched weather for Nagyér: 15.1°C, Clouds, humidity: 73%
2026-04-16 19:49:19,196 - root - INFO - [1112/1205] Fetching weather for Pitvaros...
2026-04-16 19:49:19,345 - root - INFO - Fetched weather for Pitvaros: 15.2°C, Clouds, humidity: 73%
2026-04-16 19:49:20,447 - root - INFO - [1113/1205] Fetching weather for Dévaványa...
2026-04-16 19:49:20,580 - root - INFO - Fetched weather for Dévaványa: 13.9°C, Clouds, humidity: 80%
2026-04-16 19:49:21,682 - root - INFO - [1114/1205] Fetching weather for Körösladány...
2026-04-16 19:49:21,823 - root - INFO - Fetched weather for Körösladány: 14.0°C, Clouds, humidity: 80%
2026-04-16 19:49:22,925 - root - INFO - [1115/1205] Fetching weather for Szeghalom...
2026-04-16 19:49:23,063 - root - INFO - Fetched weather for Szeghalom: 14.0°C, Clouds, humidity: 80%
2026-04-16 19:49:24,165 - root - INFO - [1116/1205] Fetching weather for Vésztő...
2026-04-16 19:49:24,316 - root - INFO - Fetched weather for Vésztő: 14.1°C, Clouds, humidity: 80%
2026-04-16 19:49:25,418 - root - INFO - [1117/1205] Fetching weather for Szeged-Rókus...
2026-04-16 19:49:25,559 - root - INFO - Fetched weather for Szeged-Rókus: 14.5°C, Clouds, humidity: 68%
2026-04-16 19:49:26,661 - root - INFO - [1118/1205] Fetching weather for Algyő...
2026-04-16 19:49:26,808 - root - INFO - Fetched weather for Algyő: 14.5°C, Clouds, humidity: 71%
2026-04-16 19:49:27,910 - root - INFO - [1119/1205] Fetching weather for Hódmezővásárhelyi Népkert...
2026-04-16 19:49:28,049 - root - INFO - Fetched weather for Hódmezővásárhelyi Népkert: 14.5°C, Clouds, humidity: 72%
2026-04-16 19:49:29,151 - root - INFO - [1120/1205] Fetching weather for Hódmezővásárhely...
2026-04-16 19:49:29,279 - root - INFO - Fetched weather for Hódmezővásárhely: 14.5°C, Clouds, humidity: 73%
2026-04-16 19:49:30,381 - root - INFO - [1121/1205] Fetching weather for Körmend...
2026-04-16 19:49:30,525 - root - INFO - Fetched weather for Körmend: 13.3°C, Clouds, humidity: 80%
2026-04-16 19:49:31,627 - root - INFO - [1122/1205] Fetching weather for Szentgotthárd...
2026-04-16 19:49:31,769 - root - INFO - Fetched weather for Szentgotthárd: 13.2°C, Clouds, humidity: 78%
2026-04-16 19:49:32,871 - root - INFO - [1123/1205] Fetching weather for Szombathely...
2026-04-16 19:49:33,007 - root - INFO - Fetched weather for Szombathely: 12.8°C, Clouds, humidity: 79%
2026-04-16 19:49:34,109 - root - INFO - [1124/1205] Fetching weather for Sáferkút...
2026-04-16 19:49:34,248 - root - INFO - Fetched weather for Sáferkút: 13.5°C, Clear, humidity: 66%
2026-04-16 19:49:35,350 - root - INFO - [1125/1205] Fetching weather for Magdolnavölgy...
2026-04-16 19:49:35,497 - root - INFO - Fetched weather for Magdolnavölgy: 15.3°C, Clouds, humidity: 61%
2026-04-16 19:49:36,599 - root - INFO - [1126/1205] Fetching weather for Haris...
2026-04-16 19:49:36,738 - root - INFO - Fetched weather for Haris: 13.3°C, Clouds, humidity: 78%
2026-04-16 19:49:37,840 - root - INFO - [1127/1205] Fetching weather for Egyházasrádóc...
2026-04-16 19:49:37,979 - root - INFO - Fetched weather for Egyházasrádóc: 13.1°C, Clouds, humidity: 80%
2026-04-16 19:49:39,081 - root - INFO - [1128/1205] Fetching weather for Alsórönök...
2026-04-16 19:49:39,211 - root - INFO - Fetched weather for Alsórönök: 13.3°C, Clouds, humidity: 79%
2026-04-16 19:49:40,313 - root - INFO - [1129/1205] Fetching weather for Szombathely-Szőlős...
2026-04-16 19:49:40,455 - root - INFO - Fetched weather for Szombathely-Szőlős: 12.9°C, Clouds, humidity: 80%
2026-04-16 19:49:41,557 - root - INFO - [1130/1205] Fetching weather for Rátót...
2026-04-16 19:49:41,703 - root - INFO - Fetched weather for Rátót: 13.2°C, Clouds, humidity: 79%
2026-04-16 19:49:42,805 - root - INFO - [1131/1205] Fetching weather for Ják-Balogunyom...
2026-04-16 19:49:42,941 - root - INFO - Fetched weather for Ják-Balogunyom: 12.9°C, Clouds, humidity: 80%
2026-04-16 19:49:44,043 - root - INFO - [1132/1205] Fetching weather for Vasvár...
2026-04-16 19:49:44,191 - root - INFO - Fetched weather for Vasvár: 13.4°C, Clear, humidity: 79%
2026-04-16 19:49:45,293 - root - INFO - [1133/1205] Fetching weather for Répcelak...
2026-04-16 19:49:45,432 - root - INFO - Fetched weather for Répcelak: 13.8°C, Clear, humidity: 75%
2026-04-16 19:49:46,533 - root - INFO - [1134/1205] Fetching weather for Rajka...
2026-04-16 19:49:46,670 - root - INFO - Fetched weather for Rajka: 17.0°C, Clear, humidity: 55%
2026-04-16 19:49:47,772 - root - INFO - [1135/1205] Fetching weather for Püspökmolnári...
2026-04-16 19:49:47,907 - root - INFO - Fetched weather for Püspökmolnári: 13.4°C, Clear, humidity: 79%
2026-04-16 19:49:49,009 - root - INFO - [1136/1205] Fetching weather for Kőszeg...
2026-04-16 19:49:49,146 - root - INFO - Fetched weather for Kőszeg: 12.4°C, Clear, humidity: 71%
2026-04-16 19:49:50,248 - root - INFO - [1137/1205] Fetching weather for Kastélypark...
2026-04-16 19:49:50,391 - root - INFO - Fetched weather for Kastélypark: 16.2°C, Clouds, humidity: 54%
2026-04-16 19:49:51,493 - root - INFO - [1138/1205] Fetching weather for Hanságliget...
2026-04-16 19:49:51,626 - root - INFO - Fetched weather for Hanságliget: 14.1°C, Clear, humidity: 73%
2026-04-16 19:49:52,728 - root - INFO - [1139/1205] Fetching weather for Vica...
2026-04-16 19:49:52,863 - root - INFO - Fetched weather for Vica: 13.9°C, Clear, humidity: 74%
2026-04-16 19:49:53,965 - root - INFO - [1140/1205] Fetching weather for Vép...
2026-04-16 19:49:54,101 - root - INFO - Fetched weather for Vép: 13.0°C, Clear, humidity: 79%
2026-04-16 19:49:55,203 - root - INFO - [1141/1205] Fetching weather for Mosonszolnok...
2026-04-16 19:49:55,348 - root - INFO - Fetched weather for Mosonszolnok: 14.0°C, Clouds, humidity: 72%
2026-04-16 19:49:56,450 - root - INFO - [1142/1205] Fetching weather for Jánossomorja...
2026-04-16 19:49:56,584 - root - INFO - Fetched weather for Jánossomorja: 14.1°C, Clear, humidity: 72%
2026-04-16 19:49:57,685 - root - INFO - [1143/1205] Fetching weather for Bősárkány...
2026-04-16 19:49:57,822 - root - INFO - Fetched weather for Bősárkány: 14.1°C, Clear, humidity: 73%
2026-04-16 19:49:58,924 - root - INFO - [1144/1205] Fetching weather for Szil-Sopronnémeti...
2026-04-16 19:49:59,061 - root - INFO - Fetched weather for Szil-Sopronnémeti: 11.2°C, Clear, humidity: 74%
2026-04-16 19:50:00,163 - root - INFO - [1145/1205] Fetching weather for Magyarkeresztúr-Zsebeháza...
2026-04-16 19:50:00,303 - root - INFO - Fetched weather for Magyarkeresztúr-Zsebeháza: 11.1°C, Clear, humidity: 74%
2026-04-16 19:50:01,405 - root - INFO - [1146/1205] Fetching weather for Páli-Vadosfa...
2026-04-16 19:50:01,546 - root - INFO - Fetched weather for Páli-Vadosfa: 13.9°C, Clear, humidity: 74%
2026-04-16 19:50:02,648 - root - INFO - [1147/1205] Fetching weather for Beled...
2026-04-16 19:50:02,795 - root - INFO - Fetched weather for Beled: 13.9°C, Clear, humidity: 74%
2026-04-16 19:50:03,897 - root - INFO - [1148/1205] Fetching weather for Dénesfa...
2026-04-16 19:50:04,033 - root - INFO - Fetched weather for Dénesfa: 13.8°C, Clear, humidity: 75%
2026-04-16 19:50:05,135 - root - INFO - [1149/1205] Fetching weather for Csánig...
2026-04-16 19:50:05,284 - root - INFO - Fetched weather for Csánig: 13.8°C, Clear, humidity: 75%
2026-04-16 19:50:06,386 - root - INFO - [1150/1205] Fetching weather for Vámoscsalád...
2026-04-16 19:50:06,530 - root - INFO - Fetched weather for Vámoscsalád: 13.2°C, Clear, humidity: 76%
2026-04-16 19:50:07,632 - root - INFO - [1151/1205] Fetching weather for Vasegerszeg...
2026-04-16 19:50:07,775 - root - INFO - Fetched weather for Vasegerszeg: 13.2°C, Clear, humidity: 77%
2026-04-16 19:50:08,877 - root - INFO - [1152/1205] Fetching weather for Hegyfalu...
2026-04-16 19:50:09,017 - root - INFO - Fetched weather for Hegyfalu: 13.2°C, Clear, humidity: 77%
2026-04-16 19:50:10,119 - root - INFO - [1153/1205] Fetching weather for Pósfa...
2026-04-16 19:50:10,262 - root - INFO - Fetched weather for Pósfa: 13.2°C, Clear, humidity: 77%
2026-04-16 19:50:11,364 - root - INFO - [1154/1205] Fetching weather for Ölbő-Alsószeleste...
2026-04-16 19:50:11,499 - root - INFO - Fetched weather for Ölbő-Alsószeleste: 13.2°C, Clear, humidity: 78%
2026-04-16 19:50:12,601 - root - INFO - [1155/1205] Fetching weather for Gencsapáti felső...
2026-04-16 19:50:12,746 - root - INFO - Fetched weather for Gencsapáti felső: 12.7°C, Clear, humidity: 71%
2026-04-16 19:50:13,848 - root - INFO - [1156/1205] Fetching weather for Lukácsháza alsó...
2026-04-16 19:50:13,989 - root - INFO - Fetched weather for Lukácsháza alsó: 12.6°C, Clear, humidity: 71%
2026-04-16 19:50:15,091 - root - INFO - [1157/1205] Fetching weather for Kőszegfalva...
2026-04-16 19:50:15,246 - root - INFO - Fetched weather for Kőszegfalva: 12.5°C, Clear, humidity: 71%
2026-04-16 19:50:16,347 - root - INFO - [1158/1205] Fetching weather for Gyöngyöshermán...
2026-04-16 19:50:16,495 - root - INFO - Fetched weather for Gyöngyöshermán: 12.9°C, Clouds, humidity: 80%
2026-04-16 19:50:17,597 - root - INFO - [1159/1205] Fetching weather for Bezenye...
2026-04-16 19:50:17,733 - root - INFO - Fetched weather for Bezenye: 17.0°C, Clouds, humidity: 72%
2026-04-16 19:50:18,835 - root - INFO - [1160/1205] Fetching weather for Kámon...
2026-04-16 19:50:19,006 - root - INFO - Fetched weather for Kámon: 12.8°C, Clear, humidity: 71%
2026-04-16 19:50:20,108 - root - INFO - [1161/1205] Fetching weather for Sorkifalud...
2026-04-16 19:50:20,259 - root - INFO - Fetched weather for Sorkifalud: 13.4°C, Clear, humidity: 80%
2026-04-16 19:50:21,361 - root - INFO - [1162/1205] Fetching weather for Szentléránt...
2026-04-16 19:50:21,504 - root - INFO - Fetched weather for Szentléránt: 13.4°C, Clear, humidity: 80%
2026-04-16 19:50:22,606 - root - INFO - [1163/1205] Fetching weather for Pácsony...
2026-04-16 19:50:22,746 - root - INFO - Fetched weather for Pácsony: 13.4°C, Clear, humidity: 79%
2026-04-16 19:50:23,848 - root - INFO - [1164/1205] Fetching weather for Győrvár...
2026-04-16 19:50:23,986 - root - INFO - Fetched weather for Győrvár: 13.4°C, Clear, humidity: 79%
2026-04-16 19:50:25,088 - root - INFO - [1165/1205] Fetching weather for Egervár-Vasboldogasszony...
2026-04-16 19:50:25,220 - root - INFO - Fetched weather for Egervár-Vasboldogasszony: 13.7°C, Clouds, humidity: 79%
2026-04-16 19:50:26,322 - root - INFO - [1166/1205] Fetching weather for Zalaszentlőrinc...
2026-04-16 19:50:26,469 - root - INFO - Fetched weather for Zalaszentlőrinc: 13.7°C, Clouds, humidity: 79%
2026-04-16 19:50:27,570 - root - INFO - [1167/1205] Fetching weather for Gencsapáti alsó...
2026-04-16 19:50:27,722 - root - INFO - Fetched weather for Gencsapáti alsó: 12.7°C, Clouds, humidity: 71%
2026-04-16 19:50:28,824 - root - INFO - [1168/1205] Fetching weather for Gyöngyösfalu...
2026-04-16 19:50:28,970 - root - INFO - Fetched weather for Gyöngyösfalu: 12.6°C, Clear, humidity: 71%
2026-04-16 19:50:30,072 - root - INFO - [1169/1205] Fetching weather for Lukácsháza...
2026-04-16 19:50:30,220 - root - INFO - Fetched weather for Lukácsháza: 12.6°C, Clear, humidity: 71%
2026-04-16 19:50:31,321 - root - INFO - [1170/1205] Fetching weather for Horvátnádalja...
2026-04-16 19:50:31,475 - root - INFO - Fetched weather for Horvátnádalja: 13.4°C, Clouds, humidity: 80%
2026-04-16 19:50:32,577 - root - INFO - [1171/1205] Fetching weather for Csákánydoroszló...
2026-04-16 19:50:32,717 - root - INFO - Fetched weather for Csákánydoroszló: 13.3°C, Clouds, humidity: 80%
2026-04-16 19:50:33,819 - root - INFO - [1172/1205] Fetching weather for Váckisújfalu...
2026-04-16 19:50:33,968 - root - INFO - Fetched weather for Váckisújfalu: 16.3°C, Clouds, humidity: 61%
2026-04-16 19:50:35,069 - root - INFO - [1173/1205] Fetching weather for Csisztafürdő...
2026-04-16 19:50:35,225 - root - INFO - Fetched weather for Csisztafürdő: 14.0°C, Clouds, humidity: 75%
2026-04-16 19:50:36,327 - root - INFO - [1174/1205] Fetching weather for Mórágy...
2026-04-16 19:50:36,464 - root - INFO - Fetched weather for Mórágy: 13.7°C, Clouds, humidity: 73%
2026-04-16 19:50:37,566 - root - INFO - [1175/1205] Fetching weather for Kismacs...
2026-04-16 19:50:37,709 - root - INFO - Fetched weather for Kismacs: 16.9°C, Clear, humidity: 55%
2026-04-16 19:50:38,811 - root - INFO - [1176/1205] Fetching weather for Pusztaszentistván...
2026-04-16 19:50:38,949 - root - INFO - Fetched weather for Pusztaszentistván: 15.3°C, Clear, humidity: 54%
2026-04-16 19:50:40,051 - root - INFO - [1177/1205] Fetching weather for Aranyvölgy...
2026-04-16 19:50:40,192 - root - INFO - Fetched weather for Aranyvölgy: 16.1°C, Clouds, humidity: 56%
2026-04-16 19:50:41,294 - root - INFO - [1178/1205] Fetching weather for Szélhegy...
2026-04-16 19:50:41,441 - root - INFO - Fetched weather for Szélhegy: 15.6°C, Clouds, humidity: 58%
2026-04-16 19:50:42,543 - root - INFO - [1179/1205] Fetching weather for Vörösvárbánya...
2026-04-16 19:50:42,681 - root - INFO - Fetched weather for Vörösvárbánya: 15.5°C, Clouds, humidity: 58%
2026-04-16 19:50:43,783 - root - INFO - [1180/1205] Fetching weather for Máriaszőlőtelep...
2026-04-16 19:50:43,920 - root - INFO - Fetched weather for Máriaszőlőtelep: 15.1°C, Clear, humidity: 67%
2026-04-16 19:50:45,022 - root - INFO - [1181/1205] Fetching weather for Akadémiaújtelep...
2026-04-16 19:50:45,156 - root - INFO - Fetched weather for Akadémiaújtelep: 15.7°C, Clear, humidity: 53%
2026-04-16 19:50:46,258 - root - INFO - [1182/1205] Fetching weather for Újpalota...
2026-04-16 19:50:46,402 - root - INFO - Fetched weather for Újpalota: 16.4°C, Clear, humidity: 54%
2026-04-16 19:50:47,504 - root - INFO - [1183/1205] Fetching weather for Szeged, Somogyi utca...
2026-04-16 19:50:47,643 - root - INFO - Fetched weather for Szeged, Somogyi utca: 14.5°C, Clouds, humidity: 68%
2026-04-16 19:50:48,745 - root - INFO - [1184/1205] Fetching weather for Hódmezővásárhely, Hősök tere...
2026-04-16 19:50:48,880 - root - INFO - Fetched weather for Hódmezővásárhely, Hősök tere: 14.5°C, Clouds, humidity: 72%
2026-04-16 19:50:49,982 - root - INFO - [1185/1205] Fetching weather for Hódmezővásárhely, Kossuth tér...
2026-04-16 19:50:50,106 - root - INFO - Fetched weather for Hódmezővásárhely, Kossuth tér: 14.5°C, Clouds, humidity: 72%
2026-04-16 19:50:51,208 - root - INFO - [1186/1205] Fetching weather for Hódmezővásárhely, Strandfürdő...
2026-04-16 19:50:51,336 - root - INFO - Fetched weather for Hódmezővásárhely, Strandfürdő: 14.5°C, Clouds, humidity: 72%
2026-04-16 19:50:52,438 - root - INFO - [1187/1205] Fetching weather for Szeged, Széchenyi tér...
2026-04-16 19:50:52,562 - root - INFO - Fetched weather for Szeged, Széchenyi tér: 14.5°C, Clouds, humidity: 68%
2026-04-16 19:50:53,664 - root - INFO - [1188/1205] Fetching weather for Szeged, Anna-kút...
2026-04-16 19:50:53,809 - root - INFO - Fetched weather for Szeged, Anna-kút: 14.5°C, Clouds, humidity: 68%
2026-04-16 19:50:54,911 - root - INFO - [1189/1205] Fetching weather for Szeged, Rókusi templom...
2026-04-16 19:50:55,049 - root - INFO - Fetched weather for Szeged, Rókusi templom: 14.5°C, Clouds, humidity: 68%
2026-04-16 19:50:56,151 - root - INFO - [1190/1205] Fetching weather for Hódmezővásárhely, Kálvin János tér...
2026-04-16 19:50:56,282 - root - INFO - Fetched weather for Hódmezővásárhely, Kálvin János tér: 14.5°C, Clouds, humidity: 73%
2026-04-16 19:50:57,384 - root - INFO - [1191/1205] Fetching weather for Hódmezővásárhely vasútállomás...
2026-04-16 19:50:57,509 - root - INFO - Fetched weather for Hódmezővásárhely vasútállomás: 14.5°C, Clouds, humidity: 73%
2026-04-16 19:50:58,612 - root - INFO - [1192/1205] Fetching weather for Szeged, Tavasz utca...
2026-04-16 19:50:58,744 - root - INFO - Fetched weather for Szeged, Tavasz utca: 14.5°C, Clouds, humidity: 68%
2026-04-16 19:50:59,846 - root - INFO - [1193/1205] Fetching weather for Szeged, Damjanich utca...
2026-04-16 19:50:59,973 - root - INFO - Fetched weather for Szeged, Damjanich utca: 14.5°C, Clouds, humidity: 68%
2026-04-16 19:51:01,074 - root - INFO - [1194/1205] Fetching weather for Szeged, Vásárhelyi Pál utca...
2026-04-16 19:51:01,216 - root - INFO - Fetched weather for Szeged, Vásárhelyi Pál utca: 14.5°C, Clouds, humidity: 68%
2026-04-16 19:51:02,318 - root - INFO - [1195/1205] Fetching weather for Szeged, Bécsi körút ...
2026-04-16 19:51:02,453 - root - INFO - Fetched weather for Szeged, Bécsi körút : 14.5°C, Clouds, humidity: 68%
2026-04-16 19:51:03,555 - root - INFO - [1196/1205] Fetching weather for Hódmezővásárhelyi Népkert vasútállomás...
2026-04-16 19:51:03,683 - root - INFO - Fetched weather for Hódmezővásárhelyi Népkert vasútállomás: 14.5°C, Clouds, humidity: 72%
2026-04-16 19:51:04,785 - root - INFO - [1197/1205] Fetching weather for Szeged vasútállomás...
2026-04-16 19:51:04,917 - root - INFO - Fetched weather for Szeged vasútállomás: 14.5°C, Clouds, humidity: 68%
2026-04-16 19:51:06,019 - root - INFO - [1198/1205] Fetching weather for Szeged, Bem utca...
2026-04-16 19:51:06,146 - root - INFO - Fetched weather for Szeged, Bem utca: 14.5°C, Clouds, humidity: 68%
2026-04-16 19:51:07,247 - root - INFO - [1199/1205] Fetching weather for Szeged, Galamb utca...
2026-04-16 19:51:07,375 - root - INFO - Fetched weather for Szeged, Galamb utca: 14.5°C, Clouds, humidity: 68%
2026-04-16 19:51:08,476 - root - INFO - [1200/1205] Fetching weather for Szeged, Aradi vértanúk tere...
2026-04-16 19:51:08,604 - root - INFO - Fetched weather for Szeged, Aradi vértanúk tere: 14.5°C, Clouds, humidity: 68%
2026-04-16 19:51:09,705 - root - INFO - [1201/1205] Fetching weather for Szeged, Pulz utca...
2026-04-16 19:51:09,830 - root - INFO - Fetched weather for Szeged, Pulz utca: 14.5°C, Clouds, humidity: 68%
2026-04-16 19:51:10,932 - root - INFO - [1202/1205] Fetching weather for Szeged, Rókus vasútállomás...
2026-04-16 19:51:11,059 - root - INFO - Fetched weather for Szeged, Rókus vasútállomás: 14.5°C, Clouds, humidity: 68%
2026-04-16 19:51:12,161 - root - INFO - [1203/1205] Fetching weather for Látókép...
2026-04-16 19:51:12,306 - root - INFO - Fetched weather for Látókép: 16.9°C, Clear, humidity: 55%
2026-04-16 19:51:13,408 - root - INFO - [1204/1205] Fetching weather for Szentmihálytelek...
2026-04-16 19:51:13,545 - root - INFO - Fetched weather for Szentmihálytelek: 14.5°C, Clouds, humidity: 68%
2026-04-16 19:51:14,647 - root - INFO - [1205/1205] Fetching weather for Kisvarsány...
2026-04-16 19:51:14,791 - root - INFO - Fetched weather for Kisvarsány: 14.1°C, Clouds, humidity: 65%
2026-04-16 19:51:15,897 - root - INFO - Successfully collected weather for 1205 stations
2026-04-16 19:51:15,909 - root - INFO - Saved weather data to data/weather/current_20260416_1900.csv
2026-04-16 19:51:15,909 - root - INFO - File size: 153.1 KB
2026-04-16 19:51:15,910 - root - INFO - 
============================================================
2026-04-16 19:51:15,910 - root - INFO - WEATHER COLLECTION SUMMARY
2026-04-16 19:51:15,910 - root - INFO - ============================================================
2026-04-16 19:51:15,910 - root - INFO - 
Data Coverage:
2026-04-16 19:51:15,910 - root - INFO -   - Total stations: 1205
2026-04-16 19:51:15,910 - root - INFO -   - Collection time: 2026-04-16 19:26:20.546129
2026-04-16 19:51:15,910 - root - INFO -   - Collection hour: 19:00
2026-04-16 19:51:15,910 - root - INFO - 
Weather Statistics:
2026-04-16 19:51:15,911 - root - INFO -   - Temperature range: 10.0°C to 19.0°C
2026-04-16 19:51:15,911 - root - INFO -   - Average temperature: 14.5°C
2026-04-16 19:51:15,911 - root - INFO -   - Average humidity: 69%
2026-04-16 19:51:15,911 - root - INFO -   - Average wind speed: 2.8 m/s
2026-04-16 19:51:15,912 - root - INFO -   - Stations with precipitation: 5 (0.4%)
2026-04-16 19:51:15,912 - root - INFO - 
Weather Conditions Distribution:
2026-04-16 19:51:15,912 - root - INFO -   - Clouds: 918 (76.2%)
2026-04-16 19:51:15,912 - root - INFO -   - Clear: 283 (23.5%)
2026-04-16 19:51:15,913 - root - INFO -   - Rain: 4 (0.3%)
2026-04-16 19:51:15,913 - root - INFO - ============================================================

2026-04-16 19:51:15,913 - __main__ - INFO - Current weather collection completed successfully!
