2026-06-28 07:38:22,191 - __main__ - INFO - ============================================================
2026-06-28 07:38:22,191 - __main__ - INFO - CURRENT WEATHER COLLECTION STARTED
2026-06-28 07:38:22,191 - __main__ - INFO - ============================================================
2026-06-28 07:38:22,191 - __main__ - INFO - Collection time: 2026-06-28 07:38:22
2026-06-28 07:38:22,191 - __main__ - INFO - ============================================================

2026-06-28 07:38:22,191 - root - INFO - Starting current weather collection...
2026-06-28 07:38:22,200 - root - INFO - Loaded 1205 unique station coordinates from GTFS
2026-06-28 07:38:22,201 - root - INFO - Collecting weather for 1205 unique stations...
2026-06-28 07:38:22,201 - root - INFO - [1/1205] Fetching weather for Búcsúszentlászló...
2026-06-28 07:38:22,410 - root - INFO - Fetched weather for Búcsúszentlászló: 31.0°C, Clear, humidity: 45%
2026-06-28 07:38:23,512 - root - INFO - [2/1205] Fetching weather for Angyalföld...
2026-06-28 07:38:23,601 - root - INFO - Fetched weather for Angyalföld: 33.2°C, Clear, humidity: 43%
2026-06-28 07:38:24,702 - root - INFO - [3/1205] Fetching weather for Felsőjánosfa...
2026-06-28 07:38:24,796 - root - INFO - Fetched weather for Felsőjánosfa: 30.3°C, Clear, humidity: 50%
2026-06-28 07:38:25,897 - root - INFO - [4/1205] Fetching weather for Pankasz...
2026-06-28 07:38:25,987 - root - INFO - Fetched weather for Pankasz: 29.9°C, Clear, humidity: 51%
2026-06-28 07:38:27,088 - root - INFO - [5/1205] Fetching weather for Nagyrákos...
2026-06-28 07:38:27,183 - root - INFO - Fetched weather for Nagyrákos: 29.8°C, Clear, humidity: 52%
2026-06-28 07:38:28,284 - root - INFO - [6/1205] Fetching weather for Őriszentpéter...
2026-06-28 07:38:28,380 - root - INFO - Fetched weather for Őriszentpéter: 29.8°C, Clear, humidity: 54%
2026-06-28 07:38:29,482 - root - INFO - [7/1205] Fetching weather for Törökbálint...
2026-06-28 07:38:29,576 - root - INFO - Fetched weather for Törökbálint: 32.7°C, Clear, humidity: 42%
2026-06-28 07:38:30,678 - root - INFO - [8/1205] Fetching weather for Bicske alsó...
2026-06-28 07:38:30,768 - root - INFO - Fetched weather for Bicske alsó: 32.8°C, Clear, humidity: 36%
2026-06-28 07:38:31,870 - root - INFO - [9/1205] Fetching weather for Bajánsenye...
2026-06-28 07:38:31,967 - root - INFO - Fetched weather for Bajánsenye: 29.8°C, Clear, humidity: 55%
2026-06-28 07:38:33,069 - root - INFO - [10/1205] Fetching weather for Aquincum...
2026-06-28 07:38:33,157 - root - INFO - Fetched weather for Aquincum: 33.3°C, Clear, humidity: 43%
2026-06-28 07:38:34,259 - root - INFO - [11/1205] Fetching weather for Piliscsév...
2026-06-28 07:38:34,349 - root - INFO - Fetched weather for Piliscsév: 32.8°C, Clear, humidity: 38%
2026-06-28 07:38:35,450 - root - INFO - [12/1205] Fetching weather for Tát...
2026-06-28 07:38:35,550 - root - INFO - Fetched weather for Tát: 33.2°C, Clear, humidity: 37%
2026-06-28 07:38:36,651 - root - INFO - [13/1205] Fetching weather for Süttő felső...
2026-06-28 07:38:36,742 - root - INFO - Fetched weather for Süttő felső: 32.0°C, Clear, humidity: 37%
2026-06-28 07:38:37,843 - root - INFO - [14/1205] Fetching weather for Budatétény...
2026-06-28 07:38:37,936 - root - INFO - Fetched weather for Budatétény: 33.1°C, Clear, humidity: 42%
2026-06-28 07:38:39,038 - root - INFO - [15/1205] Fetching weather for Seregélyes-Szőlőhegy...
2026-06-28 07:38:39,127 - root - INFO - Fetched weather for Seregélyes-Szőlőhegy: 32.4°C, Clear, humidity: 34%
2026-06-28 07:38:40,229 - root - INFO - [16/1205] Fetching weather for Gödöllő-Állami telepek...
2026-06-28 07:38:40,323 - root - INFO - Fetched weather for Gödöllő-Állami telepek: 32.8°C, Clear, humidity: 37%
2026-06-28 07:38:41,425 - root - INFO - [17/1205] Fetching weather for Dunakeszi alsó...
2026-06-28 07:38:41,516 - root - INFO - Fetched weather for Dunakeszi alsó: 33.3°C, Clear, humidity: 43%
2026-06-28 07:38:42,617 - root - INFO - [18/1205] Fetching weather for Vác-Alsóváros...
2026-06-28 07:38:42,713 - root - INFO - Fetched weather for Vác-Alsóváros: 33.3°C, Clear, humidity: 38%
2026-06-28 07:38:43,814 - root - INFO - [19/1205] Fetching weather for Szob alsó...
2026-06-28 07:38:43,905 - root - INFO - Fetched weather for Szob alsó: 33.2°C, Clear, humidity: 38%
2026-06-28 07:38:45,006 - root - INFO - [20/1205] Fetching weather for Zalaszentmihály-Pacsa...
2026-06-28 07:38:45,104 - root - INFO - Fetched weather for Zalaszentmihály-Pacsa: 31.0°C, Clear, humidity: 45%
2026-06-28 07:38:46,205 - root - INFO - [21/1205] Fetching weather for Pötréte...
2026-06-28 07:38:46,300 - root - INFO - Fetched weather for Pötréte: 31.0°C, Clear, humidity: 45%
2026-06-28 07:38:47,402 - root - INFO - [22/1205] Fetching weather for Felsőrajk...
2026-06-28 07:38:47,495 - root - INFO - Fetched weather for Felsőrajk: 31.0°C, Clear, humidity: 44%
2026-06-28 07:38:48,596 - root - INFO - [23/1205] Fetching weather for Gelse...
2026-06-28 07:38:48,690 - root - INFO - Fetched weather for Gelse: 31.0°C, Clear, humidity: 44%
2026-06-28 07:38:49,791 - root - INFO - [24/1205] Fetching weather for Őrtilos...
2026-06-28 07:38:49,887 - root - INFO - Fetched weather for Őrtilos: 30.6°C, Clear, humidity: 47%
2026-06-28 07:38:50,988 - root - INFO - [25/1205] Fetching weather for Zákány...
2026-06-28 07:38:51,082 - root - INFO - Fetched weather for Zákány: 30.5°C, Clear, humidity: 45%
2026-06-28 07:38:52,184 - root - INFO - [26/1205] Fetching weather for Berzence...
2026-06-28 07:38:52,278 - root - INFO - Fetched weather for Berzence: 30.8°C, Clear, humidity: 44%
2026-06-28 07:38:53,380 - root - INFO - [27/1205] Fetching weather for Somogyudvarhely...
2026-06-28 07:38:53,470 - root - INFO - Fetched weather for Somogyudvarhely: 30.7°C, Clear, humidity: 44%
2026-06-28 07:38:54,572 - root - INFO - [28/1205] Fetching weather for Bélavár...
2026-06-28 07:38:54,669 - root - INFO - Fetched weather for Bélavár: 30.6°C, Clear, humidity: 45%
2026-06-28 07:38:55,771 - root - INFO - [29/1205] Fetching weather for Vízvár...
2026-06-28 07:38:55,864 - root - INFO - Fetched weather for Vízvár: 30.4°C, Clear, humidity: 45%
2026-06-28 07:38:56,965 - root - INFO - [30/1205] Fetching weather for Babócsa...
2026-06-28 07:38:57,059 - root - INFO - Fetched weather for Babócsa: 30.4°C, Clear, humidity: 45%
2026-06-28 07:38:58,161 - root - INFO - [31/1205] Fetching weather for Péterhida-Komlósd...
2026-06-28 07:38:58,270 - root - INFO - Fetched weather for Péterhida-Komlósd: 30.5°C, Clear, humidity: 45%
2026-06-28 07:38:59,372 - root - INFO - [32/1205] Fetching weather for Barcs...
2026-06-28 07:38:59,461 - root - INFO - Fetched weather for Barcs: 30.4°C, Clear, humidity: 47%
2026-06-28 07:39:00,563 - root - INFO - [33/1205] Fetching weather for Barcs felső...
2026-06-28 07:39:00,659 - root - INFO - Fetched weather for Barcs felső: 30.3°C, Clear, humidity: 47%
2026-06-28 07:39:01,760 - root - INFO - [34/1205] Fetching weather for Középrigóc...
2026-06-28 07:39:01,859 - root - INFO - Fetched weather for Középrigóc: 30.2°C, Clear, humidity: 47%
2026-06-28 07:39:02,960 - root - INFO - [35/1205] Fetching weather for Darány...
2026-06-28 07:39:03,053 - root - INFO - Fetched weather for Darány: 30.1°C, Clear, humidity: 48%
2026-06-28 07:39:04,155 - root - INFO - [36/1205] Fetching weather for Kisdobsza...
2026-06-28 07:39:04,249 - root - INFO - Fetched weather for Kisdobsza: 30.2°C, Clear, humidity: 49%
2026-06-28 07:39:05,350 - root - INFO - [37/1205] Fetching weather for Nemeske...
2026-06-28 07:39:05,448 - root - INFO - Fetched weather for Nemeske: 30.2°C, Clear, humidity: 49%
2026-06-28 07:39:06,550 - root - INFO - [38/1205] Fetching weather for Molvány...
2026-06-28 07:39:06,648 - root - INFO - Fetched weather for Molvány: 30.2°C, Clear, humidity: 49%
2026-06-28 07:39:07,750 - root - INFO - [39/1205] Fetching weather for Szigetvár...
2026-06-28 07:39:07,848 - root - INFO - Fetched weather for Szigetvár: 30.3°C, Clear, humidity: 48%
2026-06-28 07:39:08,949 - root - INFO - [40/1205] Fetching weather for Nagypeterd...
2026-06-28 07:39:09,052 - root - INFO - Fetched weather for Nagypeterd: 30.4°C, Clear, humidity: 48%
2026-06-28 07:39:10,153 - root - INFO - [41/1205] Fetching weather for Szentdénes...
2026-06-28 07:39:10,247 - root - INFO - Fetched weather for Szentdénes: 30.5°C, Clear, humidity: 47%
2026-06-28 07:39:11,349 - root - INFO - [42/1205] Fetching weather for Háros...
2026-06-28 07:39:11,440 - root - INFO - Fetched weather for Háros: 33.1°C, Clear, humidity: 42%
2026-06-28 07:39:12,541 - root - INFO - [43/1205] Fetching weather for Nagytétény-Diósd...
2026-06-28 07:39:12,636 - root - INFO - Fetched weather for Nagytétény-Diósd: 33.1°C, Clear, humidity: 42%
2026-06-28 07:39:13,737 - root - INFO - [44/1205] Fetching weather for Érdliget...
2026-06-28 07:39:13,838 - root - INFO - Fetched weather for Érdliget: 33.0°C, Clear, humidity: 42%
2026-06-28 07:39:14,940 - root - INFO - [45/1205] Fetching weather for Érd felső...
2026-06-28 07:39:15,036 - root - INFO - Fetched weather for Érd felső: 32.9°C, Clear, humidity: 42%
2026-06-28 07:39:16,138 - root - INFO - [46/1205] Fetching weather for Érd...
2026-06-28 07:39:16,228 - root - INFO - Fetched weather for Érd: 32.9°C, Clear, humidity: 42%
2026-06-28 07:39:17,329 - root - INFO - [47/1205] Fetching weather for Százhalombatta...
2026-06-28 07:39:17,424 - root - INFO - Fetched weather for Százhalombatta: 32.9°C, Clear, humidity: 36%
2026-06-28 07:39:18,525 - root - INFO - [48/1205] Fetching weather for Dunai Finomító...
2026-06-28 07:39:18,620 - root - INFO - Fetched weather for Dunai Finomító: 32.5°C, Clear, humidity: 36%
2026-06-28 07:39:19,721 - root - INFO - [49/1205] Fetching weather for Ercsi...
2026-06-28 07:39:19,814 - root - INFO - Fetched weather for Ercsi: 32.7°C, Clear, humidity: 35%
2026-06-28 07:39:20,915 - root - INFO - [50/1205] Fetching weather for Iváncsa...
2026-06-28 07:39:21,020 - root - INFO - Fetched weather for Iváncsa: 32.3°C, Clear, humidity: 35%
2026-06-28 07:39:22,122 - root - INFO - [51/1205] Fetching weather for Pusztaszabolcs...
2026-06-28 07:39:22,209 - root - INFO - Fetched weather for Pusztaszabolcs: 32.4°C, Clear, humidity: 35%
2026-06-28 07:39:23,311 - root - INFO - [52/1205] Fetching weather for Szabadegyháza...
2026-06-28 07:39:23,402 - root - INFO - Fetched weather for Szabadegyháza: 32.4°C, Clear, humidity: 35%
2026-06-28 07:39:24,504 - root - INFO - [53/1205] Fetching weather for Sárosd...
2026-06-28 07:39:24,597 - root - INFO - Fetched weather for Sárosd: 32.5°C, Clear, humidity: 34%
2026-06-28 07:39:25,699 - root - INFO - [54/1205] Fetching weather for Nagylók...
2026-06-28 07:39:25,790 - root - INFO - Fetched weather for Nagylók: 32.4°C, Clear, humidity: 34%
2026-06-28 07:39:26,891 - root - INFO - [55/1205] Fetching weather for Sárbogárd...
2026-06-28 07:39:26,986 - root - INFO - Fetched weather for Sárbogárd: 32.6°C, Clear, humidity: 34%
2026-06-28 07:39:28,088 - root - INFO - [56/1205] Fetching weather for Rétszilas...
2026-06-28 07:39:28,180 - root - INFO - Fetched weather for Rétszilas: 32.7°C, Clear, humidity: 34%
2026-06-28 07:39:29,281 - root - INFO - [57/1205] Fetching weather for Nagyatád...
2026-06-28 07:39:29,381 - root - INFO - Fetched weather for Nagyatád: 30.7°C, Clear, humidity: 44%
2026-06-28 07:39:30,483 - root - INFO - [58/1205] Fetching weather for Budapest-Keleti...
2026-06-28 07:39:30,572 - root - INFO - Fetched weather for Budapest-Keleti: 33.1°C, Clear, humidity: 42%
2026-06-28 07:39:31,673 - root - INFO - [59/1205] Fetching weather for Ferencváros...
2026-06-28 07:39:31,767 - root - INFO - Fetched weather for Ferencváros: 33.1°C, Clear, humidity: 42%
2026-06-28 07:39:32,869 - root - INFO - [60/1205] Fetching weather for Budapest-Nyugati...
2026-06-28 07:39:32,958 - root - INFO - Fetched weather for Budapest-Nyugati: 33.1°C, Clear, humidity: 42%
2026-06-28 07:39:34,059 - root - INFO - [61/1205] Fetching weather for Kőbánya felső...
2026-06-28 07:39:34,153 - root - INFO - Fetched weather for Kőbánya felső: 33.1°C, Clear, humidity: 42%
2026-06-28 07:39:35,254 - root - INFO - [62/1205] Fetching weather for Rákos...
2026-06-28 07:39:35,348 - root - INFO - Fetched weather for Rákos: 33.1°C, Clear, humidity: 42%
2026-06-28 07:39:36,450 - root - INFO - [63/1205] Fetching weather for Rákosrendező...
2026-06-28 07:39:36,541 - root - INFO - Fetched weather for Rákosrendező: 33.2°C, Clear, humidity: 42%
2026-06-28 07:39:37,643 - root - INFO - [64/1205] Fetching weather for Zugló...
2026-06-28 07:39:37,735 - root - INFO - Fetched weather for Zugló: 33.2°C, Clear, humidity: 42%
2026-06-28 07:39:38,836 - root - INFO - [65/1205] Fetching weather for Mezőtárkány...
2026-06-28 07:39:38,934 - root - INFO - Fetched weather for Mezőtárkány: 30.7°C, Clear, humidity: 40%
2026-06-28 07:39:40,035 - root - INFO - [66/1205] Fetching weather for Istvántelek...
2026-06-28 07:39:40,131 - root - INFO - Fetched weather for Istvántelek: 33.2°C, Clear, humidity: 43%
2026-06-28 07:39:41,233 - root - INFO - [67/1205] Fetching weather for Rákospalota-Újpest...
2026-06-28 07:39:41,331 - root - INFO - Fetched weather for Rákospalota-Újpest: 33.3°C, Clear, humidity: 43%
2026-06-28 07:39:42,433 - root - INFO - [68/1205] Fetching weather for Kőbánya alsó...
2026-06-28 07:39:42,522 - root - INFO - Fetched weather for Kőbánya alsó: 33.1°C, Clear, humidity: 42%
2026-06-28 07:39:43,624 - root - INFO - [69/1205] Fetching weather for Kőbánya-Kispest...
2026-06-28 07:39:43,716 - root - INFO - Fetched weather for Kőbánya-Kispest: 33.1°C, Clear, humidity: 42%
2026-06-28 07:39:44,817 - root - INFO - [70/1205] Fetching weather for Pestszentlőrinc...
2026-06-28 07:39:44,915 - root - INFO - Fetched weather for Pestszentlőrinc: 33.0°C, Clear, humidity: 42%
2026-06-28 07:39:46,017 - root - INFO - [71/1205] Fetching weather for Kispest...
2026-06-28 07:39:46,122 - root - INFO - Fetched weather for Kispest: 33.1°C, Clear, humidity: 42%
2026-06-28 07:39:47,223 - root - INFO - [72/1205] Fetching weather for Újpest...
2026-06-28 07:39:47,315 - root - INFO - Fetched weather for Újpest: 33.3°C, Clear, humidity: 43%
2026-06-28 07:39:48,417 - root - INFO - [73/1205] Fetching weather for Pestszentimre felső...
2026-06-28 07:39:48,509 - root - INFO - Fetched weather for Pestszentimre felső: 33.1°C, Clear, humidity: 42%
2026-06-28 07:39:49,610 - root - INFO - [74/1205] Fetching weather for Dunakeszi...
2026-06-28 07:39:49,701 - root - INFO - Fetched weather for Dunakeszi: 33.2°C, Clear, humidity: 43%
2026-06-28 07:39:50,803 - root - INFO - [75/1205] Fetching weather for Dunakeszi-Gyártelep...
2026-06-28 07:39:50,892 - root - INFO - Fetched weather for Dunakeszi-Gyártelep: 33.3°C, Clear, humidity: 43%
2026-06-28 07:39:51,993 - root - INFO - [76/1205] Fetching weather for Alsógöd...
2026-06-28 07:39:52,082 - root - INFO - Fetched weather for Alsógöd: 33.2°C, Clear, humidity: 44%
2026-06-28 07:39:53,183 - root - INFO - [77/1205] Fetching weather for Göd...
2026-06-28 07:39:53,272 - root - INFO - Fetched weather for Göd: 33.3°C, Clear, humidity: 44%
2026-06-28 07:39:54,373 - root - INFO - [78/1205] Fetching weather for Felsőgöd...
2026-06-28 07:39:54,470 - root - INFO - Fetched weather for Felsőgöd: 33.3°C, Clear, humidity: 44%
2026-06-28 07:39:55,572 - root - INFO - [79/1205] Fetching weather for Sződ-Sződliget...
2026-06-28 07:39:55,662 - root - INFO - Fetched weather for Sződ-Sződliget: 33.3°C, Clear, humidity: 44%
2026-06-28 07:39:56,764 - root - INFO - [80/1205] Fetching weather for Vác...
2026-06-28 07:39:56,854 - root - INFO - Fetched weather for Vác: 33.3°C, Clear, humidity: 38%
2026-06-28 07:39:57,955 - root - INFO - [81/1205] Fetching weather for Verőce...
2026-06-28 07:39:58,049 - root - INFO - Fetched weather for Verőce: 33.1°C, Clear, humidity: 38%
2026-06-28 07:39:59,150 - root - INFO - [82/1205] Fetching weather for Kismaros...
2026-06-28 07:39:59,242 - root - INFO - Fetched weather for Kismaros: 33.1°C, Clear, humidity: 38%
2026-06-28 07:40:00,343 - root - INFO - [83/1205] Fetching weather for Nagymaros-Visegrád...
2026-06-28 07:40:00,435 - root - INFO - Fetched weather for Nagymaros-Visegrád: 33.1°C, Clear, humidity: 38%
2026-06-28 07:40:01,536 - root - INFO - [84/1205] Fetching weather for Nagymaros...
2026-06-28 07:40:01,633 - root - INFO - Fetched weather for Nagymaros: 33.2°C, Clear, humidity: 38%
2026-06-28 07:40:02,735 - root - INFO - [85/1205] Fetching weather for Zebegény...
2026-06-28 07:40:02,822 - root - INFO - Fetched weather for Zebegény: 33.2°C, Clear, humidity: 38%
2026-06-28 07:40:03,924 - root - INFO - [86/1205] Fetching weather for Szob...
2026-06-28 07:40:04,022 - root - INFO - Fetched weather for Szob: 33.1°C, Clear, humidity: 38%
2026-06-28 07:40:05,124 - root - INFO - [87/1205] Fetching weather for Alagimajor...
2026-06-28 07:40:05,220 - root - INFO - Fetched weather for Alagimajor: 33.2°C, Clear, humidity: 43%
2026-06-28 07:40:06,321 - root - INFO - [88/1205] Fetching weather for Fót...
2026-06-28 07:40:06,412 - root - INFO - Fetched weather for Fót: 33.1°C, Clear, humidity: 43%
2026-06-28 07:40:07,513 - root - INFO - [89/1205] Fetching weather for Fótújfalu...
2026-06-28 07:40:07,603 - root - INFO - Fetched weather for Fótújfalu: 33.0°C, Clear, humidity: 43%
2026-06-28 07:40:08,704 - root - INFO - [90/1205] Fetching weather for Csomád...
2026-06-28 07:40:08,794 - root - INFO - Fetched weather for Csomád: 32.8°C, Clear, humidity: 44%
2026-06-28 07:40:09,895 - root - INFO - [91/1205] Fetching weather for Veresegyház...
2026-06-28 07:40:09,991 - root - INFO - Fetched weather for Veresegyház: 32.9°C, Clear, humidity: 44%
2026-06-28 07:40:11,093 - root - INFO - [92/1205] Fetching weather for Erdőkertes...
2026-06-28 07:40:11,185 - root - INFO - Fetched weather for Erdőkertes: 32.9°C, Clear, humidity: 37%
2026-06-28 07:40:12,287 - root - INFO - [93/1205] Fetching weather for Őrbottyán...
2026-06-28 07:40:12,378 - root - INFO - Fetched weather for Őrbottyán: 32.8°C, Clear, humidity: 38%
2026-06-28 07:40:13,480 - root - INFO - [94/1205] Fetching weather for Váchartyán...
2026-06-28 07:40:13,576 - root - INFO - Fetched weather for Váchartyán: 33.2°C, Clear, humidity: 38%
2026-06-28 07:40:14,678 - root - INFO - [95/1205] Fetching weather for Magyarkút-Verőce...
2026-06-28 07:40:14,774 - root - INFO - Fetched weather for Magyarkút-Verőce: 33.3°C, Clear, humidity: 38%
2026-06-28 07:40:15,875 - root - INFO - [96/1205] Fetching weather for Szokolya...
2026-06-28 07:40:15,965 - root - INFO - Fetched weather for Szokolya: 30.4°C, Clear, humidity: 38%
2026-06-28 07:40:17,067 - root - INFO - [97/1205] Fetching weather for Berkenye...
2026-06-28 07:40:17,160 - root - INFO - Fetched weather for Berkenye: 31.1°C, Clear, humidity: 38%
2026-06-28 07:40:18,262 - root - INFO - [98/1205] Fetching weather for Nógrád...
2026-06-28 07:40:18,357 - root - INFO - Fetched weather for Nógrád: 30.7°C, Clear, humidity: 38%
2026-06-28 07:40:19,458 - root - INFO - [99/1205] Fetching weather for Diósjenő...
2026-06-28 07:40:19,556 - root - INFO - Fetched weather for Diósjenő: 30.3°C, Clear, humidity: 38%
2026-06-28 07:40:20,658 - root - INFO - [100/1205] Fetching weather for Borsosberény...
2026-06-28 07:40:20,761 - root - INFO - Fetched weather for Borsosberény: 31.0°C, Clear, humidity: 38%
2026-06-28 07:40:21,863 - root - INFO - [101/1205] Fetching weather for Nagyoroszi...
2026-06-28 07:40:21,961 - root - INFO - Fetched weather for Nagyoroszi: 30.8°C, Clear, humidity: 38%
2026-06-28 07:40:23,062 - root - INFO - [102/1205] Fetching weather for Drégelyvár...
2026-06-28 07:40:23,158 - root - INFO - Fetched weather for Drégelyvár: 31.0°C, Clear, humidity: 38%
2026-06-28 07:40:24,260 - root - INFO - [103/1205] Fetching weather for Drégely...
2026-06-28 07:40:24,353 - root - INFO - Fetched weather for Drégely: 31.4°C, Clear, humidity: 37%
2026-06-28 07:40:25,454 - root - INFO - [104/1205] Fetching weather for Drégelypalánk...
2026-06-28 07:40:25,549 - root - INFO - Fetched weather for Drégelypalánk: 31.5°C, Clear, humidity: 37%
2026-06-28 07:40:26,651 - root - INFO - [105/1205] Fetching weather for Ipolyvece...
2026-06-28 07:40:26,741 - root - INFO - Fetched weather for Ipolyvece: 31.4°C, Clear, humidity: 37%
2026-06-28 07:40:27,843 - root - INFO - [106/1205] Fetching weather for Dejtár...
2026-06-28 07:40:27,939 - root - INFO - Fetched weather for Dejtár: 31.4°C, Clear, humidity: 38%
2026-06-28 07:40:29,040 - root - INFO - [107/1205] Fetching weather for Ipolyszög...
2026-06-28 07:40:29,129 - root - INFO - Fetched weather for Ipolyszög: 31.4°C, Clear, humidity: 38%
2026-06-28 07:40:30,230 - root - INFO - [108/1205] Fetching weather for Iklad-Domony...
2026-06-28 07:40:30,323 - root - INFO - Fetched weather for Iklad-Domony: 31.8°C, Clear, humidity: 38%
2026-06-28 07:40:31,425 - root - INFO - [109/1205] Fetching weather for Iklad-Domony felső...
2026-06-28 07:40:31,517 - root - INFO - Fetched weather for Iklad-Domony felső: 33.2°C, Clear, humidity: 38%
2026-06-28 07:40:32,618 - root - INFO - [110/1205] Fetching weather for Galgamácsa...
2026-06-28 07:40:32,711 - root - INFO - Fetched weather for Galgamácsa: 33.2°C, Clear, humidity: 38%
2026-06-28 07:40:33,813 - root - INFO - [111/1205] Fetching weather for Vácrátót...
2026-06-28 07:40:33,904 - root - INFO - Fetched weather for Vácrátót: 33.1°C, Clear, humidity: 38%
2026-06-28 07:40:35,005 - root - INFO - [112/1205] Fetching weather for Csörög...
2026-06-28 07:40:35,100 - root - INFO - Fetched weather for Csörög: 33.1°C, Clear, humidity: 38%
2026-06-28 07:40:36,201 - root - INFO - [113/1205] Fetching weather for Galgagyörk...
2026-06-28 07:40:36,301 - root - INFO - Fetched weather for Galgagyörk: 33.1°C, Clear, humidity: 38%
2026-06-28 07:40:37,403 - root - INFO - [114/1205] Fetching weather for Püspökhatvan...
2026-06-28 07:40:37,492 - root - INFO - Fetched weather for Püspökhatvan: 31.5°C, Clear, humidity: 38%
2026-06-28 07:40:38,593 - root - INFO - [115/1205] Fetching weather for Acsa-Erdőkürt...
2026-06-28 07:40:38,689 - root - INFO - Fetched weather for Acsa-Erdőkürt: 31.3°C, Clear, humidity: 38%
2026-06-28 07:40:39,791 - root - INFO - [116/1205] Fetching weather for Galgaguta...
2026-06-28 07:40:39,889 - root - INFO - Fetched weather for Galgaguta: 30.9°C, Clear, humidity: 38%
2026-06-28 07:40:40,990 - root - INFO - [117/1205] Fetching weather for Nógrádkövesd...
2026-06-28 07:40:41,089 - root - INFO - Fetched weather for Nógrádkövesd: 31.0°C, Clear, humidity: 38%
2026-06-28 07:40:42,190 - root - INFO - [118/1205] Fetching weather for Magyarnándor...
2026-06-28 07:40:42,292 - root - INFO - Fetched weather for Magyarnándor: 30.8°C, Clear, humidity: 38%
2026-06-28 07:40:43,393 - root - INFO - [119/1205] Fetching weather for Mohora...
2026-06-28 07:40:43,489 - root - INFO - Fetched weather for Mohora: 30.9°C, Clear, humidity: 38%
2026-06-28 07:40:44,591 - root - INFO - [120/1205] Fetching weather for Szügy...
2026-06-28 07:40:44,684 - root - INFO - Fetched weather for Szügy: 31.1°C, Clear, humidity: 38%
2026-06-28 07:40:45,786 - root - INFO - [121/1205] Fetching weather for Balassagyarmat...
2026-06-28 07:40:45,880 - root - INFO - Fetched weather for Balassagyarmat: 31.2°C, Clear, humidity: 38%
2026-06-28 07:40:46,982 - root - INFO - [122/1205] Fetching weather for Őrhalom...
2026-06-28 07:40:47,071 - root - INFO - Fetched weather for Őrhalom: 30.8°C, Clear, humidity: 39%
2026-06-28 07:40:48,172 - root - INFO - [123/1205] Fetching weather for Hugyag...
2026-06-28 07:40:48,267 - root - INFO - Fetched weather for Hugyag: 30.8°C, Clear, humidity: 39%
2026-06-28 07:40:49,368 - root - INFO - [124/1205] Fetching weather for Szécsény...
2026-06-28 07:40:49,462 - root - INFO - Fetched weather for Szécsény: 30.9°C, Clear, humidity: 40%
2026-06-28 07:40:50,564 - root - INFO - [125/1205] Fetching weather for Ludányhalászi...
2026-06-28 07:40:50,661 - root - INFO - Fetched weather for Ludányhalászi: 30.9°C, Clear, humidity: 41%
2026-06-28 07:40:51,763 - root - INFO - [126/1205] Fetching weather for Nógrádszakál...
2026-06-28 07:40:51,854 - root - INFO - Fetched weather for Nógrádszakál: 30.9°C, Clear, humidity: 41%
2026-06-28 07:40:52,956 - root - INFO - [127/1205] Fetching weather for Ráróspuszta...
2026-06-28 07:40:53,048 - root - INFO - Fetched weather for Ráróspuszta: 30.3°C, Clear, humidity: 41%
2026-06-28 07:40:54,149 - root - INFO - [128/1205] Fetching weather for Litke...
2026-06-28 07:40:54,257 - root - INFO - Fetched weather for Litke: 30.8°C, Clear, humidity: 42%
2026-06-28 07:40:55,359 - root - INFO - [129/1205] Fetching weather for Nyíregyháza külső...
2026-06-28 07:40:55,447 - root - INFO - Fetched weather for Nyíregyháza külső: 30.6°C, Clear, humidity: 42%
2026-06-28 07:40:56,548 - root - INFO - [130/1205] Fetching weather for Oros...
2026-06-28 07:40:56,641 - root - INFO - Fetched weather for Oros: 30.6°C, Clear, humidity: 42%
2026-06-28 07:40:57,743 - root - INFO - [131/1205] Fetching weather for Napkor...
2026-06-28 07:40:57,840 - root - INFO - Fetched weather for Napkor: 30.6°C, Clear, humidity: 43%
2026-06-28 07:40:58,942 - root - INFO - [132/1205] Fetching weather for Apagy...
2026-06-28 07:40:59,035 - root - INFO - Fetched weather for Apagy: 30.6°C, Clear, humidity: 43%
2026-06-28 07:41:00,137 - root - INFO - [133/1205] Fetching weather for Levelek-Magy...
2026-06-28 07:41:00,233 - root - INFO - Fetched weather for Levelek-Magy: 30.6°C, Clear, humidity: 43%
2026-06-28 07:41:01,335 - root - INFO - [134/1205] Fetching weather for Ófehértó...
2026-06-28 07:41:01,424 - root - INFO - Fetched weather for Ófehértó: 30.6°C, Clear, humidity: 43%
2026-06-28 07:41:02,526 - root - INFO - [135/1205] Fetching weather for Ligettanya...
2026-06-28 07:41:02,624 - root - INFO - Fetched weather for Ligettanya: 30.5°C, Clear, humidity: 43%
2026-06-28 07:41:03,726 - root - INFO - [136/1205] Fetching weather for Baktalórántháza...
2026-06-28 07:41:03,816 - root - INFO - Fetched weather for Baktalórántháza: 30.5°C, Clear, humidity: 43%
2026-06-28 07:41:04,918 - root - INFO - [137/1205] Fetching weather for Vaja-Rohod...
2026-06-28 07:41:05,013 - root - INFO - Fetched weather for Vaja-Rohod: 30.6°C, Clear, humidity: 44%
2026-06-28 07:41:06,114 - root - INFO - [138/1205] Fetching weather for Rákóczitanya...
2026-06-28 07:41:06,212 - root - INFO - Fetched weather for Rákóczitanya: 30.6°C, Clear, humidity: 44%
2026-06-28 07:41:07,313 - root - INFO - [139/1205] Fetching weather for Nyírmada...
2026-06-28 07:41:07,406 - root - INFO - Fetched weather for Nyírmada: 30.5°C, Clear, humidity: 44%
2026-06-28 07:41:08,507 - root - INFO - [140/1205] Fetching weather for Tunyogmatolcs...
2026-06-28 07:41:08,602 - root - INFO - Fetched weather for Tunyogmatolcs: 30.9°C, Clear, humidity: 45%
2026-06-28 07:41:09,703 - root - INFO - [141/1205] Fetching weather for Tunyogmatolcs alsó...
2026-06-28 07:41:09,802 - root - INFO - Fetched weather for Tunyogmatolcs alsó: 30.9°C, Clear, humidity: 45%
2026-06-28 07:41:10,903 - root - INFO - [142/1205] Fetching weather for Fehérgyarmat...
2026-06-28 07:41:10,998 - root - INFO - Fetched weather for Fehérgyarmat: 30.8°C, Clear, humidity: 46%
2026-06-28 07:41:12,099 - root - INFO - [143/1205] Fetching weather for Penyige...
2026-06-28 07:41:12,192 - root - INFO - Fetched weather for Penyige: 30.8°C, Clear, humidity: 47%
2026-06-28 07:41:13,294 - root - INFO - [144/1205] Fetching weather for Nagyszekeres...
2026-06-28 07:41:13,382 - root - INFO - Fetched weather for Nagyszekeres: 30.8°C, Clear, humidity: 47%
2026-06-28 07:41:14,484 - root - INFO - [145/1205] Fetching weather for Kisszekeres...
2026-06-28 07:41:14,581 - root - INFO - Fetched weather for Kisszekeres: 30.8°C, Clear, humidity: 47%
2026-06-28 07:41:15,682 - root - INFO - [146/1205] Fetching weather for Jánkmajtis...
2026-06-28 07:41:15,781 - root - INFO - Fetched weather for Jánkmajtis: 30.7°C, Clear, humidity: 47%
2026-06-28 07:41:16,883 - root - INFO - [147/1205] Fetching weather for Gacsály...
2026-06-28 07:41:16,974 - root - INFO - Fetched weather for Gacsály: 32.3°C, Clear, humidity: 48%
2026-06-28 07:41:18,075 - root - INFO - [148/1205] Fetching weather for Zajta...
2026-06-28 07:41:18,180 - root - INFO - Fetched weather for Zajta: 32.2°C, Clear, humidity: 49%
2026-06-28 07:41:19,281 - root - INFO - [149/1205] Fetching weather for Eperjeske alsó...
2026-06-28 07:41:19,381 - root - INFO - Fetched weather for Eperjeske alsó: 30.4°C, Clear, humidity: 47%
2026-06-28 07:41:20,482 - root - INFO - [150/1205] Fetching weather for Mándok...
2026-06-28 07:41:20,572 - root - INFO - Fetched weather for Mándok: 30.4°C, Clear, humidity: 47%
2026-06-28 07:41:21,674 - root - INFO - [151/1205] Fetching weather for Tornyospálca...
2026-06-28 07:41:21,763 - root - INFO - Fetched weather for Tornyospálca: 30.4°C, Clear, humidity: 46%
2026-06-28 07:41:22,865 - root - INFO - [152/1205] Fetching weather for Aranyosapáti...
2026-06-28 07:41:22,955 - root - INFO - Fetched weather for Aranyosapáti: 30.6°C, Clear, humidity: 46%
2026-06-28 07:41:24,057 - root - INFO - [153/1205] Fetching weather for Gyüre...
2026-06-28 07:41:24,148 - root - INFO - Fetched weather for Gyüre: 30.6°C, Clear, humidity: 46%
2026-06-28 07:41:25,249 - root - INFO - [154/1205] Fetching weather for Varsány...
2026-06-28 07:41:25,344 - root - INFO - Fetched weather for Varsány: 30.7°C, Clear, humidity: 45%
2026-06-28 07:41:26,445 - root - INFO - [155/1205] Fetching weather for Vásárosnamény...
2026-06-28 07:41:26,538 - root - INFO - Fetched weather for Vásárosnamény: 30.7°C, Clear, humidity: 45%
2026-06-28 07:41:27,639 - root - INFO - [156/1205] Fetching weather for Vitka...
2026-06-28 07:41:27,732 - root - INFO - Fetched weather for Vitka: 30.7°C, Clear, humidity: 45%
2026-06-28 07:41:28,834 - root - INFO - [157/1205] Fetching weather for Nagydobos...
2026-06-28 07:41:28,925 - root - INFO - Fetched weather for Nagydobos: 30.7°C, Clear, humidity: 45%
2026-06-28 07:41:30,027 - root - INFO - [158/1205] Fetching weather for Ópályi...
2026-06-28 07:41:30,116 - root - INFO - Fetched weather for Ópályi: 30.7°C, Clear, humidity: 44%
2026-06-28 07:41:31,217 - root - INFO - [159/1205] Fetching weather for Nyírcsaholy...
2026-06-28 07:41:31,313 - root - INFO - Fetched weather for Nyírcsaholy: 30.9°C, Clear, humidity: 44%
2026-06-28 07:41:32,415 - root - INFO - [160/1205] Fetching weather for Nagyecsed...
2026-06-28 07:41:32,507 - root - INFO - Fetched weather for Nagyecsed: 30.9°C, Clear, humidity: 44%
2026-06-28 07:41:33,608 - root - INFO - [161/1205] Fetching weather for Tiborszállás...
2026-06-28 07:41:33,700 - root - INFO - Fetched weather for Tiborszállás: 30.9°C, Clear, humidity: 43%
2026-06-28 07:41:34,802 - root - INFO - [162/1205] Fetching weather for Kiskunhalas...
2026-06-28 07:41:34,894 - root - INFO - Fetched weather for Kiskunhalas: 32.6°C, Clear, humidity: 34%
2026-06-28 07:41:35,996 - root - INFO - [163/1205] Fetching weather for Kecskemét alsó...
2026-06-28 07:41:36,085 - root - INFO - Fetched weather for Kecskemét alsó: 34.9°C, Clear, humidity: 32%
2026-06-28 07:41:37,187 - root - INFO - [164/1205] Fetching weather for Putnok...
2026-06-28 07:41:37,279 - root - INFO - Fetched weather for Putnok: 34.1°C, Clear, humidity: 40%
2026-06-28 07:41:38,380 - root - INFO - [165/1205] Fetching weather for Bánréve...
2026-06-28 07:41:38,489 - root - INFO - Fetched weather for Bánréve: 34.1°C, Clear, humidity: 40%
2026-06-28 07:41:39,590 - root - INFO - [166/1205] Fetching weather for Ipolytarnóc...
2026-06-28 07:41:39,688 - root - INFO - Fetched weather for Ipolytarnóc: 30.7°C, Clear, humidity: 42%
2026-06-28 07:41:40,790 - root - INFO - [167/1205] Fetching weather for Rákosliget...
2026-06-28 07:41:40,882 - root - INFO - Fetched weather for Rákosliget: 33.0°C, Clear, humidity: 41%
2026-06-28 07:41:41,983 - root - INFO - [168/1205] Fetching weather for Ikrény...
2026-06-28 07:41:42,073 - root - INFO - Fetched weather for Ikrény: 32.0°C, Clear, humidity: 38%
2026-06-28 07:41:43,175 - root - INFO - [169/1205] Fetching weather for Rábapatona...
2026-06-28 07:41:43,271 - root - INFO - Fetched weather for Rábapatona: 32.0°C, Clear, humidity: 38%
2026-06-28 07:41:44,373 - root - INFO - [170/1205] Fetching weather for Enese...
2026-06-28 07:41:44,461 - root - INFO - Fetched weather for Enese: 32.0°C, Clear, humidity: 38%
2026-06-28 07:41:45,563 - root - INFO - [171/1205] Fetching weather for Kóny...
2026-06-28 07:41:45,661 - root - INFO - Fetched weather for Kóny: 31.9°C, Clear, humidity: 38%
2026-06-28 07:41:46,762 - root - INFO - [172/1205] Fetching weather for Farád...
2026-06-28 07:41:46,851 - root - INFO - Fetched weather for Farád: 31.7°C, Clear, humidity: 39%
2026-06-28 07:41:47,953 - root - INFO - [173/1205] Fetching weather for Rábatamási...
2026-06-28 07:41:48,047 - root - INFO - Fetched weather for Rábatamási: 31.7°C, Clear, humidity: 39%
2026-06-28 07:41:49,149 - root - INFO - [174/1205] Fetching weather for Szárföld...
2026-06-28 07:41:49,237 - root - INFO - Fetched weather for Szárföld: 31.7°C, Clear, humidity: 40%
2026-06-28 07:41:50,338 - root - INFO - [175/1205] Fetching weather for Veszkény...
2026-06-28 07:41:50,434 - root - INFO - Fetched weather for Veszkény: 31.7°C, Clear, humidity: 44%
2026-06-28 07:41:51,536 - root - INFO - [176/1205] Fetching weather for Kapuvár...
2026-06-28 07:41:51,626 - root - INFO - Fetched weather for Kapuvár: 31.6°C, Clear, humidity: 44%
2026-06-28 07:41:52,728 - root - INFO - [177/1205] Fetching weather for Vitnyéd-Csermajor...
2026-06-28 07:41:52,830 - root - INFO - Fetched weather for Vitnyéd-Csermajor: 31.7°C, Clear, humidity: 44%
2026-06-28 07:41:53,932 - root - INFO - [178/1205] Fetching weather for Petőháza...
2026-06-28 07:41:54,025 - root - INFO - Fetched weather for Petőháza: 31.6°C, Clear, humidity: 44%
2026-06-28 07:41:55,127 - root - INFO - [179/1205] Fetching weather for Fertőszentmiklós...
2026-06-28 07:41:55,227 - root - INFO - Fetched weather for Fertőszentmiklós: 31.6°C, Clear, humidity: 44%
2026-06-28 07:41:56,329 - root - INFO - [180/1205] Fetching weather for Pinnye...
2026-06-28 07:41:56,421 - root - INFO - Fetched weather for Pinnye: 31.5°C, Clear, humidity: 44%
2026-06-28 07:41:57,522 - root - INFO - [181/1205] Fetching weather for Fertőboz...
2026-06-28 07:41:57,614 - root - INFO - Fetched weather for Fertőboz: 31.3°C, Clear, humidity: 44%
2026-06-28 07:41:58,715 - root - INFO - [182/1205] Fetching weather for Sopron...
2026-06-28 07:41:58,804 - root - INFO - Fetched weather for Sopron: 31.0°C, Clear, humidity: 43%
2026-06-28 07:41:59,905 - root - INFO - [183/1205] Fetching weather for Fertőszéplak-Fertőd...
2026-06-28 07:41:59,996 - root - INFO - Fetched weather for Fertőszéplak-Fertőd: 31.6°C, Clear, humidity: 44%
2026-06-28 07:42:01,098 - root - INFO - [184/1205] Fetching weather for Nyúl...
2026-06-28 07:42:01,189 - root - INFO - Fetched weather for Nyúl: 32.1°C, Clear, humidity: 36%
2026-06-28 07:42:02,291 - root - INFO - [185/1205] Fetching weather for Pannonhalma...
2026-06-28 07:42:02,386 - root - INFO - Fetched weather for Pannonhalma: 32.0°C, Clear, humidity: 35%
2026-06-28 07:42:03,488 - root - INFO - [186/1205] Fetching weather for Tarjánpuszta...
2026-06-28 07:42:03,581 - root - INFO - Fetched weather for Tarjánpuszta: 31.9°C, Clear, humidity: 35%
2026-06-28 07:42:04,683 - root - INFO - [187/1205] Fetching weather for Győrasszonyfa...
2026-06-28 07:42:04,780 - root - INFO - Fetched weather for Győrasszonyfa: 31.9°C, Clear, humidity: 35%
2026-06-28 07:42:05,881 - root - INFO - [188/1205] Fetching weather for Veszprémvarsány...
2026-06-28 07:42:05,976 - root - INFO - Fetched weather for Veszprémvarsány: 31.9°C, Clear, humidity: 34%
2026-06-28 07:42:07,078 - root - INFO - [189/1205] Fetching weather for Bakonyszentlászló...
2026-06-28 07:42:07,171 - root - INFO - Fetched weather for Bakonyszentlászló: 31.5°C, Clear, humidity: 34%
2026-06-28 07:42:08,272 - root - INFO - [190/1205] Fetching weather for Porva-Csesznek...
2026-06-28 07:42:08,359 - root - INFO - Fetched weather for Porva-Csesznek: 30.2°C, Clear, humidity: 35%
2026-06-28 07:42:09,461 - root - INFO - [191/1205] Fetching weather for Zirc...
2026-06-28 07:42:09,558 - root - INFO - Fetched weather for Zirc: 30.2°C, Clear, humidity: 35%
2026-06-28 07:42:10,660 - root - INFO - [192/1205] Fetching weather for Eplény...
2026-06-28 07:42:10,751 - root - INFO - Fetched weather for Eplény: 30.5°C, Clear, humidity: 36%
2026-06-28 07:42:11,853 - root - INFO - [193/1205] Fetching weather for Marcaltő...
2026-06-28 07:42:11,949 - root - INFO - Fetched weather for Marcaltő: 31.9°C, Clear, humidity: 37%
2026-06-28 07:42:13,051 - root - INFO - [194/1205] Fetching weather for Szany-Rábaszentandrás...
2026-06-28 07:42:13,142 - root - INFO - Fetched weather for Szany-Rábaszentandrás: 31.9°C, Clear, humidity: 38%
2026-06-28 07:42:14,244 - root - INFO - [195/1205] Fetching weather for Egyed-Rábacsanak...
2026-06-28 07:42:14,334 - root - INFO - Fetched weather for Egyed-Rábacsanak: 31.9°C, Clear, humidity: 38%
2026-06-28 07:42:15,435 - root - INFO - [196/1205] Fetching weather for Rábapordány...
2026-06-28 07:42:15,534 - root - INFO - Fetched weather for Rábapordány: 31.9°C, Clear, humidity: 38%
2026-06-28 07:42:16,636 - root - INFO - [197/1205] Fetching weather for Albertfalva...
2026-06-28 07:42:16,731 - root - INFO - Fetched weather for Albertfalva: 33.1°C, Clear, humidity: 42%
2026-06-28 07:42:17,833 - root - INFO - [198/1205] Fetching weather for Budafok...
2026-06-28 07:42:17,922 - root - INFO - Fetched weather for Budafok: 33.2°C, Clear, humidity: 42%
2026-06-28 07:42:19,023 - root - INFO - [199/1205] Fetching weather for Tétényliget...
2026-06-28 07:42:19,128 - root - INFO - Fetched weather for Tétényliget: 33.1°C, Clear, humidity: 42%
2026-06-28 07:42:20,230 - root - INFO - [200/1205] Fetching weather for Érd alsó...
2026-06-28 07:42:20,312 - root - INFO - Fetched weather for Érd alsó: 32.9°C, Clear, humidity: 42%
2026-06-28 07:42:21,413 - root - INFO - [201/1205] Fetching weather for Tárnok...
2026-06-28 07:42:21,503 - root - INFO - Fetched weather for Tárnok: 33.0°C, Clear, humidity: 42%
2026-06-28 07:42:22,604 - root - INFO - [202/1205] Fetching weather for Martonvásár...
2026-06-28 07:42:22,697 - root - INFO - Fetched weather for Martonvásár: 32.8°C, Clear, humidity: 36%
2026-06-28 07:42:23,799 - root - INFO - [203/1205] Fetching weather for Baracska...
2026-06-28 07:42:23,888 - root - INFO - Fetched weather for Baracska: 36.0°C, Clear, humidity: 35%
2026-06-28 07:42:24,990 - root - INFO - [204/1205] Fetching weather for Pettend...
2026-06-28 07:42:25,080 - root - INFO - Fetched weather for Pettend: 32.2°C, Clear, humidity: 35%
2026-06-28 07:42:26,182 - root - INFO - [205/1205] Fetching weather for Kápolnásnyék...
2026-06-28 07:42:26,280 - root - INFO - Fetched weather for Kápolnásnyék: 32.3°C, Clear, humidity: 35%
2026-06-28 07:42:27,381 - root - INFO - [206/1205] Fetching weather for Velence...
2026-06-28 07:42:27,469 - root - INFO - Fetched weather for Velence: 32.4°C, Clear, humidity: 35%
2026-06-28 07:42:28,571 - root - INFO - [207/1205] Fetching weather for Velencefürdő...
2026-06-28 07:42:28,666 - root - INFO - Fetched weather for Velencefürdő: 32.4°C, Clear, humidity: 35%
2026-06-28 07:42:29,768 - root - INFO - [208/1205] Fetching weather for Gárdony...
2026-06-28 07:42:29,862 - root - INFO - Fetched weather for Gárdony: 32.4°C, Clear, humidity: 35%
2026-06-28 07:42:30,963 - root - INFO - [209/1205] Fetching weather for Agárd...
2026-06-28 07:42:31,051 - root - INFO - Fetched weather for Agárd: 32.4°C, Clear, humidity: 35%
2026-06-28 07:42:32,153 - root - INFO - [210/1205] Fetching weather for Dinnyés...
2026-06-28 07:42:32,251 - root - INFO - Fetched weather for Dinnyés: 32.4°C, Clear, humidity: 34%
2026-06-28 07:42:33,353 - root - INFO - [211/1205] Fetching weather for Székesfehérvár...
2026-06-28 07:42:33,446 - root - INFO - Fetched weather for Székesfehérvár: 32.4°C, Clear, humidity: 34%
2026-06-28 07:42:34,548 - root - INFO - [212/1205] Fetching weather for Szabadbattyán...
2026-06-28 07:42:34,648 - root - INFO - Fetched weather for Szabadbattyán: 32.4°C, Clear, humidity: 33%
2026-06-28 07:42:35,750 - root - INFO - [213/1205] Fetching weather for Kiscséripuszta...
2026-06-28 07:42:35,848 - root - INFO - Fetched weather for Kiscséripuszta: 32.3°C, Clear, humidity: 33%
2026-06-28 07:42:36,949 - root - INFO - [214/1205] Fetching weather for Lepsény...
2026-06-28 07:42:37,048 - root - INFO - Fetched weather for Lepsény: 30.5°C, Clear, humidity: 33%
2026-06-28 07:42:38,149 - root - INFO - [215/1205] Fetching weather for Balatonaliga...
2026-06-28 07:42:38,237 - root - INFO - Fetched weather for Balatonaliga: 30.3°C, Clear, humidity: 35%
2026-06-28 07:42:39,338 - root - INFO - [216/1205] Fetching weather for Balatonvilágos...
2026-06-28 07:42:39,428 - root - INFO - Fetched weather for Balatonvilágos: 30.3°C, Clear, humidity: 36%
2026-06-28 07:42:40,530 - root - INFO - [217/1205] Fetching weather for Szabadifürdő...
2026-06-28 07:42:40,630 - root - INFO - Fetched weather for Szabadifürdő: 30.5°C, Clear, humidity: 35%
2026-06-28 07:42:41,731 - root - INFO - [218/1205] Fetching weather for Ózd alsó...
2026-06-28 07:42:41,835 - root - INFO - Fetched weather for Ózd alsó: 30.4°C, Clear, humidity: 43%
2026-06-28 07:42:42,937 - root - INFO - [219/1205] Fetching weather for Ózd...
2026-06-28 07:42:43,025 - root - INFO - Fetched weather for Ózd: 30.4°C, Clear, humidity: 43%
2026-06-28 07:42:44,127 - root - INFO - [220/1205] Fetching weather for Alsóboldva...
2026-06-28 07:42:44,221 - root - INFO - Fetched weather for Alsóboldva: 31.6°C, Clear, humidity: 43%
2026-06-28 07:42:45,322 - root - INFO - [221/1205] Fetching weather for Boldva...
2026-06-28 07:42:45,415 - root - INFO - Fetched weather for Boldva: 30.6°C, Clear, humidity: 43%
2026-06-28 07:42:46,517 - root - INFO - [222/1205] Fetching weather for Borsodszirák...
2026-06-28 07:42:46,607 - root - INFO - Fetched weather for Borsodszirák: 33.0°C, Clear, humidity: 44%
2026-06-28 07:42:47,709 - root - INFO - [223/1205] Fetching weather for Edelény alsó...
2026-06-28 07:42:47,802 - root - INFO - Fetched weather for Edelény alsó: 32.9°C, Clear, humidity: 44%
2026-06-28 07:42:48,903 - root - INFO - [224/1205] Fetching weather for Edelény...
2026-06-28 07:42:48,998 - root - INFO - Fetched weather for Edelény: 32.9°C, Clear, humidity: 44%
2026-06-28 07:42:50,099 - root - INFO - [225/1205] Fetching weather for Szendrőlád...
2026-06-28 07:42:50,193 - root - INFO - Fetched weather for Szendrőlád: 29.2°C, Clear, humidity: 44%
2026-06-28 07:42:51,294 - root - INFO - [226/1205] Fetching weather for Szendrő...
2026-06-28 07:42:51,385 - root - INFO - Fetched weather for Szendrő: 30.1°C, Clear, humidity: 45%
2026-06-28 07:42:52,487 - root - INFO - [227/1205] Fetching weather for Szendrő felső...
2026-06-28 07:42:52,580 - root - INFO - Fetched weather for Szendrő felső: 30.1°C, Clear, humidity: 45%
2026-06-28 07:42:53,681 - root - INFO - [228/1205] Fetching weather for Szalonna...
2026-06-28 07:42:53,773 - root - INFO - Fetched weather for Szalonna: 30.2°C, Clear, humidity: 45%
2026-06-28 07:42:54,875 - root - INFO - [229/1205] Fetching weather for Perkupa...
2026-06-28 07:42:54,965 - root - INFO - Fetched weather for Perkupa: 29.6°C, Clear, humidity: 45%
2026-06-28 07:42:56,067 - root - INFO - [230/1205] Fetching weather for Szemeretelep...
2026-06-28 07:42:56,159 - root - INFO - Fetched weather for Szemeretelep: 33.2°C, Clear, humidity: 42%
2026-06-28 07:42:57,260 - root - INFO - [231/1205] Fetching weather for Jósvafő-Aggtelek...
2026-06-28 07:42:57,358 - root - INFO - Fetched weather for Jósvafő-Aggtelek: 29.9°C, Clear, humidity: 45%
2026-06-28 07:42:58,460 - root - INFO - [232/1205] Fetching weather for Bódvaszilas...
2026-06-28 07:42:58,551 - root - INFO - Fetched weather for Bódvaszilas: 29.6°C, Clear, humidity: 46%
2026-06-28 07:42:59,653 - root - INFO - [233/1205] Fetching weather for Komjáti...
2026-06-28 07:42:59,751 - root - INFO - Fetched weather for Komjáti: 29.1°C, Clear, humidity: 46%
2026-06-28 07:43:00,853 - root - INFO - [234/1205] Fetching weather for Tornanádaska...
2026-06-28 07:43:00,959 - root - INFO - Fetched weather for Tornanádaska: 30.3°C, Clear, humidity: 46%
2026-06-28 07:43:02,061 - root - INFO - [235/1205] Fetching weather for Onga...
2026-06-28 07:43:02,148 - root - INFO - Fetched weather for Onga: 30.1°C, Clear, humidity: 50%
2026-06-28 07:43:03,250 - root - INFO - [236/1205] Fetching weather for Szikszó-Vásártér...
2026-06-28 07:43:03,341 - root - INFO - Fetched weather for Szikszó-Vásártér: 31.0°C, Clear, humidity: 43%
2026-06-28 07:43:04,443 - root - INFO - [237/1205] Fetching weather for Szikszó...
2026-06-28 07:43:04,533 - root - INFO - Fetched weather for Szikszó: 29.9°C, Clear, humidity: 43%
2026-06-28 07:43:05,635 - root - INFO - [238/1205] Fetching weather for Aszaló...
2026-06-28 07:43:05,723 - root - INFO - Fetched weather for Aszaló: 29.9°C, Clear, humidity: 43%
2026-06-28 07:43:06,825 - root - INFO - [239/1205] Fetching weather for Halmaj...
2026-06-28 07:43:06,919 - root - INFO - Fetched weather for Halmaj: 30.2°C, Clear, humidity: 43%
2026-06-28 07:43:08,020 - root - INFO - [240/1205] Fetching weather for Csobád...
2026-06-28 07:43:08,115 - root - INFO - Fetched weather for Csobád: 30.3°C, Clear, humidity: 43%
2026-06-28 07:43:09,216 - root - INFO - [241/1205] Fetching weather for Ináncs...
2026-06-28 07:43:09,310 - root - INFO - Fetched weather for Ináncs: 30.2°C, Clear, humidity: 43%
2026-06-28 07:43:10,412 - root - INFO - [242/1205] Fetching weather for Forró-Encs...
2026-06-28 07:43:10,506 - root - INFO - Fetched weather for Forró-Encs: 30.2°C, Clear, humidity: 43%
2026-06-28 07:43:11,607 - root - INFO - [243/1205] Fetching weather for Méra...
2026-06-28 07:43:11,698 - root - INFO - Fetched weather for Méra: 30.0°C, Clear, humidity: 43%
2026-06-28 07:43:12,800 - root - INFO - [244/1205] Fetching weather for Novajidrány...
2026-06-28 07:43:12,893 - root - INFO - Fetched weather for Novajidrány: 32.2°C, Clear, humidity: 44%
2026-06-28 07:43:13,994 - root - INFO - [245/1205] Fetching weather for Hernádszurdok...
2026-06-28 07:43:14,087 - root - INFO - Fetched weather for Hernádszurdok: 32.1°C, Clear, humidity: 41%
2026-06-28 07:43:15,188 - root - INFO - [246/1205] Fetching weather for Hidasnémeti...
2026-06-28 07:43:15,277 - root - INFO - Fetched weather for Hidasnémeti: 32.1°C, Clear, humidity: 41%
2026-06-28 07:43:16,379 - root - INFO - [247/1205] Fetching weather for Mád...
2026-06-28 07:43:16,475 - root - INFO - Fetched weather for Mád: 31.2°C, Clear, humidity: 32%
2026-06-28 07:43:17,576 - root - INFO - [248/1205] Fetching weather for Rátka...
2026-06-28 07:43:17,665 - root - INFO - Fetched weather for Rátka: 31.3°C, Clear, humidity: 32%
2026-06-28 07:43:18,767 - root - INFO - [249/1205] Fetching weather for Tállya...
2026-06-28 07:43:18,861 - root - INFO - Fetched weather for Tállya: 31.3°C, Clear, humidity: 32%
2026-06-28 07:43:19,962 - root - INFO - [250/1205] Fetching weather for Golop...
2026-06-28 07:43:20,056 - root - INFO - Fetched weather for Golop: 31.4°C, Clear, humidity: 32%
2026-06-28 07:43:21,157 - root - INFO - [251/1205] Fetching weather for Abaújszántó...
2026-06-28 07:43:21,249 - root - INFO - Fetched weather for Abaújszántó: 31.3°C, Clear, humidity: 43%
2026-06-28 07:43:22,350 - root - INFO - [252/1205] Fetching weather for Abaújszántói fürdő...
2026-06-28 07:43:22,446 - root - INFO - Fetched weather for Abaújszántói fürdő: 31.4°C, Clear, humidity: 43%
2026-06-28 07:43:23,547 - root - INFO - [253/1205] Fetching weather for Abaújkér...
2026-06-28 07:43:23,635 - root - INFO - Fetched weather for Abaújkér: 31.3°C, Clear, humidity: 43%
2026-06-28 07:43:24,737 - root - INFO - [254/1205] Fetching weather for Boldogkőváralja...
2026-06-28 07:43:24,825 - root - INFO - Fetched weather for Boldogkőváralja: 31.1°C, Clear, humidity: 44%
2026-06-28 07:43:25,926 - root - INFO - [255/1205] Fetching weather for Korlát-Vizsoly...
2026-06-28 07:43:26,016 - root - INFO - Fetched weather for Korlát-Vizsoly: 31.0°C, Clear, humidity: 44%
2026-06-28 07:43:27,118 - root - INFO - [256/1205] Fetching weather for Fony...
2026-06-28 07:43:27,208 - root - INFO - Fetched weather for Fony: 32.0°C, Clear, humidity: 44%
2026-06-28 07:43:28,310 - root - INFO - [257/1205] Fetching weather for Hejce-Vilmány...
2026-06-28 07:43:28,414 - root - INFO - Fetched weather for Hejce-Vilmány: 32.0°C, Clear, humidity: 44%
2026-06-28 07:43:29,515 - root - INFO - [258/1205] Fetching weather for Göncruszka...
2026-06-28 07:43:29,604 - root - INFO - Fetched weather for Göncruszka: 31.9°C, Clear, humidity: 45%
2026-06-28 07:43:30,705 - root - INFO - [259/1205] Fetching weather for Gönc...
2026-06-28 07:43:30,797 - root - INFO - Fetched weather for Gönc: 31.6°C, Clear, humidity: 45%
2026-06-28 07:43:31,898 - root - INFO - [260/1205] Fetching weather for Zsujta...
2026-06-28 07:43:31,989 - root - INFO - Fetched weather for Zsujta: 31.4°C, Clear, humidity: 41%
2026-06-28 07:43:33,090 - root - INFO - [261/1205] Fetching weather for Bodrogkeresztúr...
2026-06-28 07:43:33,180 - root - INFO - Fetched weather for Bodrogkeresztúr: 31.4°C, Clear, humidity: 32%
2026-06-28 07:43:34,282 - root - INFO - [262/1205] Fetching weather for Szegi...
2026-06-28 07:43:34,373 - root - INFO - Fetched weather for Szegi: 31.5°C, Clear, humidity: 32%
2026-06-28 07:43:35,475 - root - INFO - [263/1205] Fetching weather for Erdőbénye...
2026-06-28 07:43:35,571 - root - INFO - Fetched weather for Erdőbénye: 31.5°C, Clear, humidity: 32%
2026-06-28 07:43:36,672 - root - INFO - [264/1205] Fetching weather for Olaszliszka-Tolcsva...
2026-06-28 07:43:36,765 - root - INFO - Fetched weather for Olaszliszka-Tolcsva: 31.5°C, Clear, humidity: 32%
2026-06-28 07:43:37,867 - root - INFO - [265/1205] Fetching weather for Bodrogolaszi...
2026-06-28 07:43:37,958 - root - INFO - Fetched weather for Bodrogolaszi: 28.5°C, Clear, humidity: 87%
2026-06-28 07:43:39,060 - root - INFO - [266/1205] Fetching weather for Sárospatak...
2026-06-28 07:43:39,154 - root - INFO - Fetched weather for Sárospatak: 28.4°C, Clear, humidity: 87%
2026-06-28 07:43:40,255 - root - INFO - [267/1205] Fetching weather for Sátoraljaújhely...
2026-06-28 07:43:40,344 - root - INFO - Fetched weather for Sátoraljaújhely: 28.5°C, Clear, humidity: 87%
2026-06-28 07:43:41,445 - root - INFO - [268/1205] Fetching weather for Vecsés...
2026-06-28 07:43:41,533 - root - INFO - Fetched weather for Vecsés: 33.2°C, Clear, humidity: 39%
2026-06-28 07:43:42,635 - root - INFO - [269/1205] Fetching weather for Vecsés-Kertekalja...
2026-06-28 07:43:42,731 - root - INFO - Fetched weather for Vecsés-Kertekalja: 33.2°C, Clear, humidity: 39%
2026-06-28 07:43:43,832 - root - INFO - [270/1205] Fetching weather for Üllő...
2026-06-28 07:43:43,919 - root - INFO - Fetched weather for Üllő: 33.2°C, Clear, humidity: 36%
2026-06-28 07:43:45,020 - root - INFO - [271/1205] Fetching weather for Monor...
2026-06-28 07:43:45,111 - root - INFO - Fetched weather for Monor: 32.1°C, Clear, humidity: 36%
2026-06-28 07:43:46,212 - root - INFO - [272/1205] Fetching weather for Pilis...
2026-06-28 07:43:46,306 - root - INFO - Fetched weather for Pilis: 32.0°C, Clear, humidity: 35%
2026-06-28 07:43:47,408 - root - INFO - [273/1205] Fetching weather for Albertirsa...
2026-06-28 07:43:47,497 - root - INFO - Fetched weather for Albertirsa: 32.1°C, Clear, humidity: 35%
2026-06-28 07:43:48,599 - root - INFO - [274/1205] Fetching weather for Ceglédbercel-Cserő...
2026-06-28 07:43:48,694 - root - INFO - Fetched weather for Ceglédbercel-Cserő: 32.2°C, Clear, humidity: 34%
2026-06-28 07:43:49,796 - root - INFO - [275/1205] Fetching weather for Cegléd...
2026-06-28 07:43:49,895 - root - INFO - Fetched weather for Cegléd: 33.8°C, Clear, humidity: 34%
2026-06-28 07:43:50,996 - root - INFO - [276/1205] Fetching weather for Abony...
2026-06-28 07:43:51,088 - root - INFO - Fetched weather for Abony: 33.9°C, Clear, humidity: 43%
2026-06-28 07:43:52,189 - root - INFO - [277/1205] Fetching weather for Szolnok...
2026-06-28 07:43:52,283 - root - INFO - Fetched weather for Szolnok: 33.9°C, Clear, humidity: 43%
2026-06-28 07:43:53,385 - root - INFO - [278/1205] Fetching weather for Szajol...
2026-06-28 07:43:53,481 - root - INFO - Fetched weather for Szajol: 33.9°C, Clear, humidity: 43%
2026-06-28 07:43:54,582 - root - INFO - [279/1205] Fetching weather for Törökszentmiklós...
2026-06-28 07:43:54,671 - root - INFO - Fetched weather for Törökszentmiklós: 33.9°C, Clear, humidity: 33%
2026-06-28 07:43:55,773 - root - INFO - [280/1205] Fetching weather for Rákoscsaba-Újtelep...
2026-06-28 07:43:55,868 - root - INFO - Fetched weather for Rákoscsaba-Újtelep: 33.1°C, Clear, humidity: 41%
2026-06-28 07:43:56,969 - root - INFO - [281/1205] Fetching weather for Rákoscsaba...
2026-06-28 07:43:57,063 - root - INFO - Fetched weather for Rákoscsaba: 33.1°C, Clear, humidity: 41%
2026-06-28 07:43:58,164 - root - INFO - [282/1205] Fetching weather for Pécel...
2026-06-28 07:43:58,254 - root - INFO - Fetched weather for Pécel: 33.0°C, Clear, humidity: 37%
2026-06-28 07:43:59,355 - root - INFO - [283/1205] Fetching weather for Isaszeg...
2026-06-28 07:43:59,452 - root - INFO - Fetched weather for Isaszeg: 32.9°C, Clear, humidity: 37%
2026-06-28 07:44:00,553 - root - INFO - [284/1205] Fetching weather for Gödöllő...
2026-06-28 07:44:00,646 - root - INFO - Fetched weather for Gödöllő: 32.7°C, Clear, humidity: 37%
2026-06-28 07:44:01,748 - root - INFO - [285/1205] Fetching weather for Máriabesnyő...
2026-06-28 07:44:01,842 - root - INFO - Fetched weather for Máriabesnyő: 32.8°C, Clear, humidity: 37%
2026-06-28 07:44:02,943 - root - INFO - [286/1205] Fetching weather for Bag...
2026-06-28 07:44:03,037 - root - INFO - Fetched weather for Bag: 31.8°C, Clear, humidity: 38%
2026-06-28 07:44:04,139 - root - INFO - [287/1205] Fetching weather for Aszód...
2026-06-28 07:44:04,240 - root - INFO - Fetched weather for Aszód: 31.6°C, Clear, humidity: 38%
2026-06-28 07:44:05,341 - root - INFO - [288/1205] Fetching weather for Hévízgyörk...
2026-06-28 07:44:05,434 - root - INFO - Fetched weather for Hévízgyörk: 31.6°C, Clear, humidity: 38%
2026-06-28 07:44:06,536 - root - INFO - [289/1205] Fetching weather for Galgahévíz...
2026-06-28 07:44:06,635 - root - INFO - Fetched weather for Galgahévíz: 31.8°C, Clear, humidity: 38%
2026-06-28 07:44:07,737 - root - INFO - [290/1205] Fetching weather for Tura...
2026-06-28 07:44:07,830 - root - INFO - Fetched weather for Tura: 31.6°C, Clear, humidity: 38%
2026-06-28 07:44:08,931 - root - INFO - [291/1205] Fetching weather for Hatvan...
2026-06-28 07:44:09,027 - root - INFO - Fetched weather for Hatvan: 31.5°C, Clear, humidity: 38%
2026-06-28 07:44:10,128 - root - INFO - [292/1205] Fetching weather for Vámosgyörk...
2026-06-28 07:44:10,225 - root - INFO - Fetched weather for Vámosgyörk: 33.8°C, Clear, humidity: 38%
2026-06-28 07:44:11,327 - root - INFO - [293/1205] Fetching weather for Adács...
2026-06-28 07:44:11,416 - root - INFO - Fetched weather for Adács: 33.8°C, Clear, humidity: 39%
2026-06-28 07:44:12,518 - root - INFO - [294/1205] Fetching weather for Karácsond...
2026-06-28 07:44:12,614 - root - INFO - Fetched weather for Karácsond: 33.8°C, Clear, humidity: 31%
2026-06-28 07:44:13,715 - root - INFO - [295/1205] Fetching weather for Ludas...
2026-06-28 07:44:13,804 - root - INFO - Fetched weather for Ludas: 33.8°C, Clear, humidity: 31%
2026-06-28 07:44:14,906 - root - INFO - [296/1205] Fetching weather for Nagyút...
2026-06-28 07:44:15,004 - root - INFO - Fetched weather for Nagyút: 33.8°C, Clear, humidity: 31%
2026-06-28 07:44:16,106 - root - INFO - [297/1205] Fetching weather for Kál-Kápolna...
2026-06-28 07:44:16,194 - root - INFO - Fetched weather for Kál-Kápolna: 33.8°C, Clear, humidity: 40%
2026-06-28 07:44:17,295 - root - INFO - [298/1205] Fetching weather for Füzesabony...
2026-06-28 07:44:17,396 - root - INFO - Fetched weather for Füzesabony: 30.6°C, Clear, humidity: 41%
2026-06-28 07:44:18,498 - root - INFO - [299/1205] Fetching weather for Szihalom...
2026-06-28 07:44:18,594 - root - INFO - Fetched weather for Szihalom: 31.8°C, Clear, humidity: 41%
2026-06-28 07:44:19,696 - root - INFO - [300/1205] Fetching weather for Mezőkövesd...
2026-06-28 07:44:19,784 - root - INFO - Fetched weather for Mezőkövesd: 31.9°C, Clear, humidity: 41%
2026-06-28 07:44:20,885 - root - INFO - [301/1205] Fetching weather for Mezőkövesd felső...
2026-06-28 07:44:20,983 - root - INFO - Fetched weather for Mezőkövesd felső: 31.9°C, Clear, humidity: 41%
2026-06-28 07:44:22,085 - root - INFO - [302/1205] Fetching weather for Mezőkeresztes-Mezőnyárád...
2026-06-28 07:44:22,178 - root - INFO - Fetched weather for Mezőkeresztes-Mezőnyárád: 31.7°C, Clear, humidity: 46%
2026-06-28 07:44:23,279 - root - INFO - [303/1205] Fetching weather for Csincse...
2026-06-28 07:44:23,379 - root - INFO - Fetched weather for Csincse: 31.3°C, Clear, humidity: 47%
2026-06-28 07:44:24,481 - root - INFO - [304/1205] Fetching weather for Emőd...
2026-06-28 07:44:24,574 - root - INFO - Fetched weather for Emőd: 31.0°C, Clear, humidity: 47%
2026-06-28 07:44:25,676 - root - INFO - [305/1205] Fetching weather for Nyékládháza...
2026-06-28 07:44:25,766 - root - INFO - Fetched weather for Nyékládháza: 30.9°C, Clear, humidity: 48%
2026-06-28 07:44:26,867 - root - INFO - [306/1205] Fetching weather for Miskolc-Tiszai...
2026-06-28 07:44:26,956 - root - INFO - Fetched weather for Miskolc-Tiszai: 30.9°C, Clear, humidity: 47%
2026-06-28 07:44:28,058 - root - INFO - [307/1205] Fetching weather for Felsőzsolca...
2026-06-28 07:44:28,147 - root - INFO - Fetched weather for Felsőzsolca: 30.7°C, Clear, humidity: 48%
2026-06-28 07:44:29,248 - root - INFO - [308/1205] Fetching weather for Hernádnémeti-Bőcs...
2026-06-28 07:44:29,338 - root - INFO - Fetched weather for Hernádnémeti-Bőcs: 30.1°C, Clear, humidity: 49%
2026-06-28 07:44:30,440 - root - INFO - [309/1205] Fetching weather for Tiszalúc...
2026-06-28 07:44:30,537 - root - INFO - Fetched weather for Tiszalúc: 31.8°C, Clear, humidity: 42%
2026-06-28 07:44:31,638 - root - INFO - [310/1205] Fetching weather for Taktaharkány...
2026-06-28 07:44:31,733 - root - INFO - Fetched weather for Taktaharkány: 30.0°C, Clear, humidity: 49%
2026-06-28 07:44:32,835 - root - INFO - [311/1205] Fetching weather for Taktaszada...
2026-06-28 07:44:32,929 - root - INFO - Fetched weather for Taktaszada: 31.5°C, Clear, humidity: 32%
2026-06-28 07:44:34,030 - root - INFO - [312/1205] Fetching weather for Szerencs...
2026-06-28 07:44:34,122 - root - INFO - Fetched weather for Szerencs: 31.5°C, Clear, humidity: 32%
2026-06-28 07:44:35,224 - root - INFO - [313/1205] Fetching weather for Mezőzombor...
2026-06-28 07:44:35,317 - root - INFO - Fetched weather for Mezőzombor: 31.5°C, Clear, humidity: 32%
2026-06-28 07:44:36,419 - root - INFO - [314/1205] Fetching weather for Tarcal...
2026-06-28 07:44:36,511 - root - INFO - Fetched weather for Tarcal: 31.6°C, Clear, humidity: 32%
2026-06-28 07:44:37,613 - root - INFO - [315/1205] Fetching weather for Tokaj...
2026-06-28 07:44:37,708 - root - INFO - Fetched weather for Tokaj: 31.5°C, Clear, humidity: 32%
2026-06-28 07:44:38,810 - root - INFO - [316/1205] Fetching weather for Rakamaz...
2026-06-28 07:44:38,903 - root - INFO - Fetched weather for Rakamaz: 31.5°C, Clear, humidity: 32%
2026-06-28 07:44:40,005 - root - INFO - [317/1205] Fetching weather for Görögszállás...
2026-06-28 07:44:40,096 - root - INFO - Fetched weather for Görögszállás: 31.5°C, Clear, humidity: 32%
2026-06-28 07:44:41,197 - root - INFO - [318/1205] Fetching weather for Nyírtelek...
2026-06-28 07:44:41,290 - root - INFO - Fetched weather for Nyírtelek: 31.5°C, Clear, humidity: 42%
2026-06-28 07:44:42,391 - root - INFO - [319/1205] Fetching weather for Rákoshegy...
2026-06-28 07:44:42,483 - root - INFO - Fetched weather for Rákoshegy: 33.2°C, Clear, humidity: 41%
2026-06-28 07:44:43,585 - root - INFO - [320/1205] Fetching weather for Ecser...
2026-06-28 07:44:43,677 - root - INFO - Fetched weather for Ecser: 33.2°C, Clear, humidity: 37%
2026-06-28 07:44:44,778 - root - INFO - [321/1205] Fetching weather for Maglód...
2026-06-28 07:44:44,872 - root - INFO - Fetched weather for Maglód: 33.1°C, Clear, humidity: 37%
2026-06-28 07:44:45,973 - root - INFO - [322/1205] Fetching weather for Maglódi nyaraló...
2026-06-28 07:44:46,063 - root - INFO - Fetched weather for Maglódi nyaraló: 33.0°C, Clear, humidity: 37%
2026-06-28 07:44:47,165 - root - INFO - [323/1205] Fetching weather for Gyömrő...
2026-06-28 07:44:47,256 - root - INFO - Fetched weather for Gyömrő: 32.9°C, Clear, humidity: 37%
2026-06-28 07:44:48,358 - root - INFO - [324/1205] Fetching weather for Mende...
2026-06-28 07:44:48,447 - root - INFO - Fetched weather for Mende: 32.8°C, Clear, humidity: 37%
2026-06-28 07:44:49,549 - root - INFO - [325/1205] Fetching weather for Szőlősnyaraló...
2026-06-28 07:44:49,642 - root - INFO - Fetched weather for Szőlősnyaraló: 31.8°C, Clear, humidity: 37%
2026-06-28 07:44:50,744 - root - INFO - [326/1205] Fetching weather for Sülysáp...
2026-06-28 07:44:50,837 - root - INFO - Fetched weather for Sülysáp: 31.7°C, Clear, humidity: 37%
2026-06-28 07:44:51,938 - root - INFO - [327/1205] Fetching weather for Tápiószecső...
2026-06-28 07:44:52,031 - root - INFO - Fetched weather for Tápiószecső: 31.9°C, Clear, humidity: 37%
2026-06-28 07:44:53,133 - root - INFO - [328/1205] Fetching weather for Szentmártonkáta...
2026-06-28 07:44:53,234 - root - INFO - Fetched weather for Szentmártonkáta: 31.8°C, Clear, humidity: 36%
2026-06-28 07:44:54,336 - root - INFO - [329/1205] Fetching weather for Nagykáta...
2026-06-28 07:44:54,431 - root - INFO - Fetched weather for Nagykáta: 31.8°C, Clear, humidity: 36%
2026-06-28 07:44:55,533 - root - INFO - [330/1205] Fetching weather for Farmos...
2026-06-28 07:44:55,625 - root - INFO - Fetched weather for Farmos: 31.9°C, Clear, humidity: 35%
2026-06-28 07:44:56,727 - root - INFO - [331/1205] Fetching weather for Tápiószele...
2026-06-28 07:44:56,825 - root - INFO - Fetched weather for Tápiószele: 31.9°C, Clear, humidity: 35%
2026-06-28 07:44:57,927 - root - INFO - [332/1205] Fetching weather for Tápiógyörgye...
2026-06-28 07:44:58,021 - root - INFO - Fetched weather for Tápiógyörgye: 33.8°C, Clear, humidity: 34%
2026-06-28 07:44:59,122 - root - INFO - [333/1205] Fetching weather for Újszász...
2026-06-28 07:44:59,212 - root - INFO - Fetched weather for Újszász: 33.9°C, Clear, humidity: 34%
2026-06-28 07:45:00,314 - root - INFO - [334/1205] Fetching weather for Szurdokpüspöki...
2026-06-28 07:45:00,408 - root - INFO - Fetched weather for Szurdokpüspöki: 33.6°C, Clear, humidity: 39%
2026-06-28 07:45:01,510 - root - INFO - [335/1205] Fetching weather for Lőrinci...
2026-06-28 07:45:01,612 - root - INFO - Fetched weather for Lőrinci: 33.7°C, Clear, humidity: 38%
2026-06-28 07:45:02,714 - root - INFO - [336/1205] Fetching weather for Selyp...
2026-06-28 07:45:02,808 - root - INFO - Fetched weather for Selyp: 33.7°C, Clear, humidity: 38%
2026-06-28 07:45:03,909 - root - INFO - [337/1205] Fetching weather for Apc-Zagyvaszántó...
2026-06-28 07:45:04,014 - root - INFO - Fetched weather for Apc-Zagyvaszántó: 33.6°C, Clear, humidity: 38%
2026-06-28 07:45:05,116 - root - INFO - [338/1205] Fetching weather for Pásztó...
2026-06-28 07:45:05,208 - root - INFO - Fetched weather for Pásztó: 33.5°C, Clear, humidity: 40%
2026-06-28 07:45:06,310 - root - INFO - [339/1205] Fetching weather for Mátraszőlős-Hasznos...
2026-06-28 07:45:06,409 - root - INFO - Fetched weather for Mátraszőlős-Hasznos: 33.5°C, Clear, humidity: 40%
2026-06-28 07:45:07,511 - root - INFO - [340/1205] Fetching weather for Tar...
2026-06-28 07:45:07,601 - root - INFO - Fetched weather for Tar: 33.4°C, Clear, humidity: 40%
2026-06-28 07:45:08,702 - root - INFO - [341/1205] Fetching weather for Mátraverebély...
2026-06-28 07:45:08,796 - root - INFO - Fetched weather for Mátraverebély: 33.1°C, Clear, humidity: 40%
2026-06-28 07:45:09,897 - root - INFO - [342/1205] Fetching weather for Nagybátony...
2026-06-28 07:45:09,990 - root - INFO - Fetched weather for Nagybátony: 33.3°C, Clear, humidity: 31%
2026-06-28 07:45:11,092 - root - INFO - [343/1205] Fetching weather for Kisterenye...
2026-06-28 07:45:11,187 - root - INFO - Fetched weather for Kisterenye: 33.3°C, Clear, humidity: 41%
2026-06-28 07:45:12,289 - root - INFO - [344/1205] Fetching weather for Kisterenye-Bányatelep...
2026-06-28 07:45:12,381 - root - INFO - Fetched weather for Kisterenye-Bányatelep: 33.3°C, Clear, humidity: 41%
2026-06-28 07:45:13,483 - root - INFO - [345/1205] Fetching weather for Salgótarján külső...
2026-06-28 07:45:13,577 - root - INFO - Fetched weather for Salgótarján külső: 30.0°C, Clear, humidity: 41%
2026-06-28 07:45:14,678 - root - INFO - [346/1205] Fetching weather for Balatonfenyves GV...
2026-06-28 07:45:14,780 - root - INFO - Fetched weather for Balatonfenyves GV: 30.9°C, Clear, humidity: 43%
2026-06-28 07:45:15,882 - root - INFO - [347/1205] Fetching weather for Várhegyalja...
2026-06-28 07:45:15,973 - root - INFO - Fetched weather for Várhegyalja: 31.9°C, Clear, humidity: 36%
2026-06-28 07:45:17,075 - root - INFO - [348/1205] Fetching weather for Imremajor...
2026-06-28 07:45:17,171 - root - INFO - Fetched weather for Imremajor: 31.0°C, Clear, humidity: 43%
2026-06-28 07:45:18,273 - root - INFO - [349/1205] Fetching weather for Rákospalota-Kertváros...
2026-06-28 07:45:18,368 - root - INFO - Fetched weather for Rákospalota-Kertváros: 33.7°C, Clear, humidity: 41%
2026-06-28 07:45:19,470 - root - INFO - [350/1205] Fetching weather for Vicziántelep...
2026-06-28 07:45:19,557 - root - INFO - Fetched weather for Vicziántelep: 33.3°C, Clear, humidity: 38%
2026-06-28 07:45:20,658 - root - INFO - [351/1205] Fetching weather for Pálmajor...
2026-06-28 07:45:20,759 - root - INFO - Fetched weather for Pálmajor: 31.1°C, Clear, humidity: 42%
2026-06-28 07:45:21,860 - root - INFO - [352/1205] Fetching weather for Somogyszentpál felső...
2026-06-28 07:45:21,951 - root - INFO - Fetched weather for Somogyszentpál felső: 31.1°C, Clear, humidity: 42%
2026-06-28 07:45:23,053 - root - INFO - [353/1205] Fetching weather for Somogyszentpál...
2026-06-28 07:45:23,149 - root - INFO - Fetched weather for Somogyszentpál: 31.1°C, Clear, humidity: 41%
2026-06-28 07:45:24,251 - root - INFO - [354/1205] Fetching weather for Rudnaykert...
2026-06-28 07:45:24,347 - root - INFO - Fetched weather for Rudnaykert: 33.7°C, Clear, humidity: 38%
2026-06-28 07:45:25,449 - root - INFO - [355/1205] Fetching weather for Maroshegy...
2026-06-28 07:45:25,539 - root - INFO - Fetched weather for Maroshegy: 32.4°C, Clear, humidity: 34%
2026-06-28 07:45:26,641 - root - INFO - [356/1205] Fetching weather for Bánhida...
2026-06-28 07:45:26,731 - root - INFO - Fetched weather for Bánhida: 31.8°C, Clear, humidity: 36%
2026-06-28 07:45:27,832 - root - INFO - [357/1205] Fetching weather for Magyarkút...
2026-06-28 07:45:27,926 - root - INFO - Fetched weather for Magyarkút: 31.1°C, Clear, humidity: 38%
2026-06-28 07:45:29,028 - root - INFO - [358/1205] Fetching weather for Becske alsó...
2026-06-28 07:45:29,119 - root - INFO - Fetched weather for Becske alsó: 30.5°C, Clear, humidity: 38%
2026-06-28 07:45:30,221 - root - INFO - [359/1205] Fetching weather for Hosszúberek-Péteri...
2026-06-28 07:45:30,314 - root - INFO - Fetched weather for Hosszúberek-Péteri: 33.1°C, Clear, humidity: 36%
2026-06-28 07:45:31,416 - root - INFO - [360/1205] Fetching weather for Monorierdő...
2026-06-28 07:45:31,503 - root - INFO - Fetched weather for Monorierdő: 32.0°C, Clear, humidity: 36%
2026-06-28 07:45:32,605 - root - INFO - [361/1205] Fetching weather for Ceglédbercel...
2026-06-28 07:45:32,697 - root - INFO - Fetched weather for Ceglédbercel: 32.1°C, Clear, humidity: 34%
2026-06-28 07:45:33,799 - root - INFO - [362/1205] Fetching weather for Budai út...
2026-06-28 07:45:33,888 - root - INFO - Fetched weather for Budai út: 32.0°C, Clear, humidity: 34%
2026-06-28 07:45:34,990 - root - INFO - [363/1205] Fetching weather for Büdöskútpuszta...
2026-06-28 07:45:35,080 - root - INFO - Fetched weather for Büdöskútpuszta: 30.3°C, Clear, humidity: 44%
2026-06-28 07:45:36,182 - root - INFO - [364/1205] Fetching weather for Bánrévei Vízmű...
2026-06-28 07:45:36,287 - root - INFO - Fetched weather for Bánrévei Vízmű: 30.0°C, Clear, humidity: 43%
2026-06-28 07:45:37,388 - root - INFO - [365/1205] Fetching weather for Rákoskert...
2026-06-28 07:45:37,484 - root - INFO - Fetched weather for Rákoskert: 33.1°C, Clear, humidity: 39%
2026-06-28 07:45:38,586 - root - INFO - [366/1205] Fetching weather for Szirmabesenyő...
2026-06-28 07:45:38,677 - root - INFO - Fetched weather for Szirmabesenyő: 32.8°C, Clear, humidity: 54%
2026-06-28 07:45:39,779 - root - INFO - [367/1205] Fetching weather for Kitérőgyár...
2026-06-28 07:45:39,873 - root - INFO - Fetched weather for Kitérőgyár: 33.5°C, Clear, humidity: 31%
2026-06-28 07:45:40,975 - root - INFO - [368/1205] Fetching weather for Tápiószentmárton...
2026-06-28 07:45:41,065 - root - INFO - Fetched weather for Tápiószentmárton: 31.9°C, Clear, humidity: 35%
2026-06-28 07:45:42,167 - root - INFO - [369/1205] Fetching weather for Zagyvarékas...
2026-06-28 07:45:42,260 - root - INFO - Fetched weather for Zagyvarékas: 33.9°C, Clear, humidity: 44%
2026-06-28 07:45:43,362 - root - INFO - [370/1205] Fetching weather for Abonyi út...
2026-06-28 07:45:43,454 - root - INFO - Fetched weather for Abonyi út: 33.9°C, Clear, humidity: 44%
2026-06-28 07:45:44,555 - root - INFO - [371/1205] Fetching weather for Jászkisér felső...
2026-06-28 07:45:44,650 - root - INFO - Fetched weather for Jászkisér felső: 33.3°C, Clear, humidity: 35%
2026-06-28 07:45:45,752 - root - INFO - [372/1205] Fetching weather for Szellőhát...
2026-06-28 07:45:45,845 - root - INFO - Fetched weather for Szellőhát: 31.6°C, Clear, humidity: 35%
2026-06-28 07:45:46,947 - root - INFO - [373/1205] Fetching weather for Szilvásvárad-Szalajkavölgy...
2026-06-28 07:45:47,043 - root - INFO - Fetched weather for Szilvásvárad-Szalajkavölgy: 28.6°C, Clear, humidity: 41%
2026-06-28 07:45:48,144 - root - INFO - [374/1205] Fetching weather for Vásárosnamény külső...
2026-06-28 07:45:48,240 - root - INFO - Fetched weather for Vásárosnamény külső: 30.6°C, Clear, humidity: 45%
2026-06-28 07:45:49,342 - root - INFO - [375/1205] Fetching weather for Újváros...
2026-06-28 07:45:49,432 - root - INFO - Fetched weather for Újváros: 32.8°C, Clear, humidity: 32%
2026-06-28 07:45:50,533 - root - INFO - [376/1205] Fetching weather for Városi park...
2026-06-28 07:45:50,624 - root - INFO - Fetched weather for Városi park: 35.5°C, Clear, humidity: 32%
2026-06-28 07:45:51,726 - root - INFO - [377/1205] Fetching weather for Belsőkamaráspuszta...
2026-06-28 07:45:51,820 - root - INFO - Fetched weather for Belsőkamaráspuszta: 31.1°C, Clear, humidity: 42%
2026-06-28 07:45:52,922 - root - INFO - [378/1205] Fetching weather for Sajószöged...
2026-06-28 07:45:53,017 - root - INFO - Fetched weather for Sajószöged: 32.5°C, Clear, humidity: 45%
2026-06-28 07:45:54,119 - root - INFO - [379/1205] Fetching weather for Kazincbarcika alsó...
2026-06-28 07:45:54,207 - root - INFO - Fetched weather for Kazincbarcika alsó: 32.9°C, Clear, humidity: 44%
2026-06-28 07:45:55,309 - root - INFO - [380/1205] Fetching weather for Nyárjas...
2026-06-28 07:45:55,404 - root - INFO - Fetched weather for Nyárjas: 37.7°C, Clear, humidity: 19%
2026-06-28 07:45:56,505 - root - INFO - [381/1205] Fetching weather for Pogonyipuszta...
2026-06-28 07:45:56,593 - root - INFO - Fetched weather for Pogonyipuszta: 34.1°C, Clear, humidity: 40%
2026-06-28 07:45:57,695 - root - INFO - [382/1205] Fetching weather for Sióvölgy...
2026-06-28 07:45:57,792 - root - INFO - Fetched weather for Sióvölgy: 30.5°C, Clear, humidity: 35%
2026-06-28 07:45:58,894 - root - INFO - [383/1205] Fetching weather for Répáspuszta...
2026-06-28 07:45:58,989 - root - INFO - Fetched weather for Répáspuszta: 31.9°C, Clear, humidity: 35%
2026-06-28 07:46:00,090 - root - INFO - [384/1205] Fetching weather for Virányos...
2026-06-28 07:46:00,182 - root - INFO - Fetched weather for Virányos: 31.5°C, Clear, humidity: 32%
2026-06-28 07:46:01,283 - root - INFO - [385/1205] Fetching weather for Füzesbokor...
2026-06-28 07:46:01,379 - root - INFO - Fetched weather for Füzesbokor: 31.5°C, Clear, humidity: 42%
2026-06-28 07:46:02,481 - root - INFO - [386/1205] Fetching weather for Kunfehértó...
2026-06-28 07:46:02,573 - root - INFO - Fetched weather for Kunfehértó: 32.3°C, Clear, humidity: 37%
2026-06-28 07:46:03,674 - root - INFO - [387/1205] Fetching weather for Erdőszél...
2026-06-28 07:46:03,765 - root - INFO - Fetched weather for Erdőszél: 32.1°C, Clear, humidity: 37%
2026-06-28 07:46:04,866 - root - INFO - [388/1205] Fetching weather for Jánoshalma...
2026-06-28 07:46:04,957 - root - INFO - Fetched weather for Jánoshalma: 32.1°C, Clear, humidity: 39%
2026-06-28 07:46:06,059 - root - INFO - [389/1205] Fetching weather for Mélykút...
2026-06-28 07:46:06,151 - root - INFO - Fetched weather for Mélykút: 34.3°C, Clear, humidity: 41%
2026-06-28 07:46:07,253 - root - INFO - [390/1205] Fetching weather for Bácsalmás...
2026-06-28 07:46:07,346 - root - INFO - Fetched weather for Bácsalmás: 34.4°C, Clear, humidity: 42%
2026-06-28 07:46:08,448 - root - INFO - [391/1205] Fetching weather for Almás...
2026-06-28 07:46:08,536 - root - INFO - Fetched weather for Almás: 34.4°C, Clear, humidity: 42%
2026-06-28 07:46:09,638 - root - INFO - [392/1205] Fetching weather for Bácsbokod-Bácsborsód...
2026-06-28 07:46:09,729 - root - INFO - Fetched weather for Bácsbokod-Bácsborsód: 32.0°C, Clear, humidity: 39%
2026-06-28 07:46:10,831 - root - INFO - [393/1205] Fetching weather for Baja...
2026-06-28 07:46:10,924 - root - INFO - Fetched weather for Baja: 32.7°C, Clear, humidity: 34%
2026-06-28 07:46:12,026 - root - INFO - [394/1205] Fetching weather for Harkakötöny...
2026-06-28 07:46:12,120 - root - INFO - Fetched weather for Harkakötöny: 30.4°C, Clear, humidity: 34%
2026-06-28 07:46:13,221 - root - INFO - [395/1205] Fetching weather for Tajó...
2026-06-28 07:46:13,318 - root - INFO - Fetched weather for Tajó: 30.4°C, Clear, humidity: 34%
2026-06-28 07:46:14,420 - root - INFO - [396/1205] Fetching weather for Kiskunmajsa...
2026-06-28 07:46:14,515 - root - INFO - Fetched weather for Kiskunmajsa: 35.5°C, Clear, humidity: 34%
2026-06-28 07:46:15,617 - root - INFO - [397/1205] Fetching weather for Jászszentlászló...
2026-06-28 07:46:15,714 - root - INFO - Fetched weather for Jászszentlászló: 35.5°C, Clear, humidity: 32%
2026-06-28 07:46:16,816 - root - INFO - [398/1205] Fetching weather for Galambos...
2026-06-28 07:46:16,907 - root - INFO - Fetched weather for Galambos: 35.5°C, Clear, humidity: 32%
2026-06-28 07:46:18,009 - root - INFO - [399/1205] Fetching weather for Pestszentimre...
2026-06-28 07:46:18,101 - root - INFO - Fetched weather for Pestszentimre: 33.4°C, Clear, humidity: 41%
2026-06-28 07:46:19,202 - root - INFO - [400/1205] Fetching weather for Gyál felső...
2026-06-28 07:46:19,298 - root - INFO - Fetched weather for Gyál felső: 33.2°C, Clear, humidity: 39%
2026-06-28 07:46:20,400 - root - INFO - [401/1205] Fetching weather for Gyál...
2026-06-28 07:46:20,499 - root - INFO - Fetched weather for Gyál: 33.3°C, Clear, humidity: 39%
2026-06-28 07:46:21,601 - root - INFO - [402/1205] Fetching weather for Ócsa...
2026-06-28 07:46:21,695 - root - INFO - Fetched weather for Ócsa: 33.3°C, Clear, humidity: 36%
2026-06-28 07:46:22,797 - root - INFO - [403/1205] Fetching weather for Inárcs-Kakucs...
2026-06-28 07:46:22,889 - root - INFO - Fetched weather for Inárcs-Kakucs: 32.4°C, Clear, humidity: 35%
2026-06-28 07:46:23,991 - root - INFO - [404/1205] Fetching weather for Dabas...
2026-06-28 07:46:24,082 - root - INFO - Fetched weather for Dabas: 32.4°C, Clear, humidity: 35%
2026-06-28 07:46:25,184 - root - INFO - [405/1205] Fetching weather for Gyón...
2026-06-28 07:46:25,278 - root - INFO - Fetched weather for Gyón: 32.4°C, Clear, humidity: 35%
2026-06-28 07:46:26,379 - root - INFO - [406/1205] Fetching weather for Hernád...
2026-06-28 07:46:26,469 - root - INFO - Fetched weather for Hernád: 32.3°C, Clear, humidity: 35%
2026-06-28 07:46:27,571 - root - INFO - [407/1205] Fetching weather for Bakonygyirót...
2026-06-28 07:46:27,663 - root - INFO - Fetched weather for Bakonygyirót: 31.9°C, Clear, humidity: 35%
2026-06-28 07:46:28,765 - root - INFO - [408/1205] Fetching weather for Vinye...
2026-06-28 07:46:28,859 - root - INFO - Fetched weather for Vinye: 31.4°C, Clear, humidity: 35%
2026-06-28 07:46:29,961 - root - INFO - [409/1205] Fetching weather for Nemesgörzsöny...
2026-06-28 07:46:30,054 - root - INFO - Fetched weather for Nemesgörzsöny: 32.0°C, Clear, humidity: 37%
2026-06-28 07:46:31,155 - root - INFO - [410/1205] Fetching weather for Rábahíd...
2026-06-28 07:46:31,249 - root - INFO - Fetched weather for Rábahíd: 31.9°C, Clear, humidity: 38%
2026-06-28 07:46:32,350 - root - INFO - [411/1205] Fetching weather for Öskü...
2026-06-28 07:46:32,448 - root - INFO - Fetched weather for Öskü: 31.6°C, Clear, humidity: 36%
2026-06-28 07:46:33,549 - root - INFO - [412/1205] Fetching weather for Márkó...
2026-06-28 07:46:33,639 - root - INFO - Fetched weather for Márkó: 29.3°C, Clear, humidity: 36%
2026-06-28 07:46:34,741 - root - INFO - [413/1205] Fetching weather for Nemeskocs...
2026-06-28 07:46:34,835 - root - INFO - Fetched weather for Nemeskocs: 31.6°C, Clear, humidity: 39%
2026-06-28 07:46:35,936 - root - INFO - [414/1205] Fetching weather for Zalagyömörő...
2026-06-28 07:46:36,032 - root - INFO - Fetched weather for Zalagyömörő: 31.6°C, Clear, humidity: 39%
2026-06-28 07:46:37,133 - root - INFO - [415/1205] Fetching weather for Rigács...
2026-06-28 07:46:37,230 - root - INFO - Fetched weather for Rigács: 31.5°C, Clear, humidity: 39%
2026-06-28 07:46:38,332 - root - INFO - [416/1205] Fetching weather for Kemenespálfa...
2026-06-28 07:46:38,426 - root - INFO - Fetched weather for Kemenespálfa: 31.6°C, Clear, humidity: 39%
2026-06-28 07:46:39,528 - root - INFO - [417/1205] Fetching weather for Lentiszombathely...
2026-06-28 07:46:39,623 - root - INFO - Fetched weather for Lentiszombathely: 32.7°C, Clear, humidity: 53%
2026-06-28 07:46:40,725 - root - INFO - [418/1205] Fetching weather for Ortaháza...
2026-06-28 07:46:40,820 - root - INFO - Fetched weather for Ortaháza: 30.1°C, Clear, humidity: 51%
2026-06-28 07:46:41,922 - root - INFO - [419/1205] Fetching weather for Rádiháza...
2026-06-28 07:46:42,016 - root - INFO - Fetched weather for Rádiháza: 30.2°C, Clear, humidity: 50%
2026-06-28 07:46:43,117 - root - INFO - [420/1205] Fetching weather for Baktüttös...
2026-06-28 07:46:43,216 - root - INFO - Fetched weather for Baktüttös: 30.4°C, Clear, humidity: 48%
2026-06-28 07:46:44,318 - root - INFO - [421/1205] Fetching weather for Budafa...
2026-06-28 07:46:44,414 - root - INFO - Fetched weather for Budafa: 30.4°C, Clear, humidity: 49%
2026-06-28 07:46:45,516 - root - INFO - [422/1205] Fetching weather for Zalapatakalja...
2026-06-28 07:46:45,604 - root - INFO - Fetched weather for Zalapatakalja: 30.4°C, Clear, humidity: 50%
2026-06-28 07:46:46,706 - root - INFO - [423/1205] Fetching weather for Tormásliget...
2026-06-28 07:46:46,805 - root - INFO - Fetched weather for Tormásliget: 33.6°C, Clear, humidity: 46%
2026-06-28 07:46:47,907 - root - INFO - [424/1205] Fetching weather for Belecska...
2026-06-28 07:46:48,007 - root - INFO - Fetched weather for Belecska: 32.7°C, Clear, humidity: 33%
2026-06-28 07:46:49,108 - root - INFO - [425/1205] Fetching weather for Almár...
2026-06-28 07:46:49,208 - root - INFO - Fetched weather for Almár: 30.1°C, Clear, humidity: 40%
2026-06-28 07:46:50,310 - root - INFO - [426/1205] Fetching weather for Vasútmúzeum...
2026-06-28 07:46:50,404 - root - INFO - Fetched weather for Vasútmúzeum: 33.6°C, Clear, humidity: 41%
2026-06-28 07:46:51,505 - root - INFO - [427/1205] Fetching weather for Abda...
2026-06-28 07:46:51,597 - root - INFO - Fetched weather for Abda: 32.0°C, Clear, humidity: 38%
2026-06-28 07:46:52,698 - root - INFO - [428/1205] Fetching weather for Vadaspark...
2026-06-28 07:46:52,788 - root - INFO - Fetched weather for Vadaspark: 31.2°C, Clear, humidity: 42%
2026-06-28 07:46:53,890 - root - INFO - [429/1205] Fetching weather for Barosstelep...
2026-06-28 07:46:53,978 - root - INFO - Fetched weather for Barosstelep: 33.4°C, Clear, humidity: 42%
2026-06-28 07:46:55,080 - root - INFO - [430/1205] Fetching weather for Fegyvernek-Örményes...
2026-06-28 07:46:55,171 - root - INFO - Fetched weather for Fegyvernek-Örményes: 31.7°C, Clear, humidity: 34%
2026-06-28 07:46:56,272 - root - INFO - [431/1205] Fetching weather for Zagyvapálfalva...
2026-06-28 07:46:56,363 - root - INFO - Fetched weather for Zagyvapálfalva: 33.0°C, Clear, humidity: 41%
2026-06-28 07:46:57,465 - root - INFO - [432/1205] Fetching weather for Salgótarján...
2026-06-28 07:46:57,561 - root - INFO - Fetched weather for Salgótarján: 29.9°C, Clear, humidity: 41%
2026-06-28 07:46:58,662 - root - INFO - [433/1205] Fetching weather for Szabadisóstó...
2026-06-28 07:46:58,756 - root - INFO - Fetched weather for Szabadisóstó: 30.5°C, Clear, humidity: 33%
2026-06-28 07:46:59,858 - root - INFO - [434/1205] Fetching weather for Siófok...
2026-06-28 07:46:59,946 - root - INFO - Fetched weather for Siófok: 30.5°C, Clear, humidity: 33%
2026-06-28 07:47:01,047 - root - INFO - [435/1205] Fetching weather for Balatonszéplak felső...
2026-06-28 07:47:01,146 - root - INFO - Fetched weather for Balatonszéplak felső: 30.5°C, Clear, humidity: 33%
2026-06-28 07:47:02,248 - root - INFO - [436/1205] Fetching weather for Balatonszéplak alsó...
2026-06-28 07:47:02,341 - root - INFO - Fetched weather for Balatonszéplak alsó: 30.5°C, Clear, humidity: 33%
2026-06-28 07:47:03,443 - root - INFO - [437/1205] Fetching weather for Zamárdi felső...
2026-06-28 07:47:03,538 - root - INFO - Fetched weather for Zamárdi felső: 30.5°C, Clear, humidity: 33%
2026-06-28 07:47:04,640 - root - INFO - [438/1205] Fetching weather for Zamárdi...
2026-06-28 07:47:04,735 - root - INFO - Fetched weather for Zamárdi: 30.5°C, Clear, humidity: 33%
2026-06-28 07:47:05,837 - root - INFO - [439/1205] Fetching weather for Szántód...
2026-06-28 07:47:05,933 - root - INFO - Fetched weather for Szántód: 30.5°C, Clear, humidity: 33%
2026-06-28 07:47:07,035 - root - INFO - [440/1205] Fetching weather for Szőny-Déli...
2026-06-28 07:47:07,124 - root - INFO - Fetched weather for Szőny-Déli: 34.0°C, Clear, humidity: 36%
2026-06-28 07:47:08,225 - root - INFO - [441/1205] Fetching weather for Várpalota...
2026-06-28 07:47:08,321 - root - INFO - Fetched weather for Várpalota: 31.6°C, Clear, humidity: 34%
2026-06-28 07:47:09,422 - root - INFO - [442/1205] Fetching weather for Pétfürdő...
2026-06-28 07:47:09,510 - root - INFO - Fetched weather for Pétfürdő: 32.0°C, Clear, humidity: 35%
2026-06-28 07:47:10,612 - root - INFO - [443/1205] Fetching weather for Hajmáskér...
2026-06-28 07:47:10,704 - root - INFO - Fetched weather for Hajmáskér: 30.1°C, Clear, humidity: 36%
2026-06-28 07:47:11,806 - root - INFO - [444/1205] Fetching weather for Veszprém...
2026-06-28 07:47:11,898 - root - INFO - Fetched weather for Veszprém: 29.9°C, Clear, humidity: 37%
2026-06-28 07:47:13,000 - root - INFO - [445/1205] Fetching weather for Herend...
2026-06-28 07:47:13,095 - root - INFO - Fetched weather for Herend: 29.1°C, Clear, humidity: 36%
2026-06-28 07:47:14,196 - root - INFO - [446/1205] Fetching weather for Városlőd...
2026-06-28 07:47:14,283 - root - INFO - Fetched weather for Városlőd: 30.5°C, Clear, humidity: 36%
2026-06-28 07:47:15,385 - root - INFO - [447/1205] Fetching weather for Városlőd-Kislőd...
2026-06-28 07:47:15,475 - root - INFO - Fetched weather for Városlőd-Kislőd: 30.9°C, Clear, humidity: 37%
2026-06-28 07:47:16,576 - root - INFO - [448/1205] Fetching weather for Ajka...
2026-06-28 07:47:16,665 - root - INFO - Fetched weather for Ajka: 31.2°C, Clear, humidity: 38%
2026-06-28 07:47:17,767 - root - INFO - [449/1205] Fetching weather for Ajka-Gyártelep...
2026-06-28 07:47:17,865 - root - INFO - Fetched weather for Ajka-Gyártelep: 31.2°C, Clear, humidity: 38%
2026-06-28 07:47:18,966 - root - INFO - [450/1205] Fetching weather for Devecser...
2026-06-28 07:47:19,061 - root - INFO - Fetched weather for Devecser: 31.5°C, Clear, humidity: 39%
2026-06-28 07:47:20,162 - root - INFO - [451/1205] Fetching weather for Somlóvásárhely...
2026-06-28 07:47:20,260 - root - INFO - Fetched weather for Somlóvásárhely: 31.6°C, Clear, humidity: 38%
2026-06-28 07:47:21,361 - root - INFO - [452/1205] Fetching weather for Tüskevár...
2026-06-28 07:47:21,449 - root - INFO - Fetched weather for Tüskevár: 31.6°C, Clear, humidity: 38%
2026-06-28 07:47:22,551 - root - INFO - [453/1205] Fetching weather for Karakószörcsök...
2026-06-28 07:47:22,646 - root - INFO - Fetched weather for Karakószörcsök: 31.7°C, Clear, humidity: 38%
2026-06-28 07:47:23,748 - root - INFO - [454/1205] Fetching weather for Kerta...
2026-06-28 07:47:23,841 - root - INFO - Fetched weather for Kerta: 31.7°C, Clear, humidity: 38%
2026-06-28 07:47:24,942 - root - INFO - [455/1205] Fetching weather for Boba...
2026-06-28 07:47:25,037 - root - INFO - Fetched weather for Boba: 31.6°C, Clear, humidity: 39%
2026-06-28 07:47:26,139 - root - INFO - [456/1205] Fetching weather for Börgönd...
2026-06-28 07:47:26,236 - root - INFO - Fetched weather for Börgönd: 32.4°C, Clear, humidity: 34%
2026-06-28 07:47:27,337 - root - INFO - [457/1205] Fetching weather for Belsőbáránd...
2026-06-28 07:47:27,430 - root - INFO - Fetched weather for Belsőbáránd: 32.3°C, Clear, humidity: 34%
2026-06-28 07:47:28,531 - root - INFO - [458/1205] Fetching weather for Zichyújfalu...
2026-06-28 07:47:28,623 - root - INFO - Fetched weather for Zichyújfalu: 32.3°C, Clear, humidity: 35%
2026-06-28 07:47:29,725 - root - INFO - [459/1205] Fetching weather for Seregélyes...
2026-06-28 07:47:29,822 - root - INFO - Fetched weather for Seregélyes: 32.5°C, Clear, humidity: 34%
2026-06-28 07:47:30,923 - root - INFO - [460/1205] Fetching weather for Polgárdi-Ipartelepek...
2026-06-28 07:47:31,019 - root - INFO - Fetched weather for Polgárdi-Ipartelepek: 32.1°C, Clear, humidity: 33%
2026-06-28 07:47:32,121 - root - INFO - [461/1205] Fetching weather for Polgárdi...
2026-06-28 07:47:32,213 - root - INFO - Fetched weather for Polgárdi: 32.1°C, Clear, humidity: 33%
2026-06-28 07:47:33,315 - root - INFO - [462/1205] Fetching weather for Füle...
2026-06-28 07:47:33,412 - root - INFO - Fetched weather for Füle: 32.0°C, Clear, humidity: 33%
2026-06-28 07:47:34,513 - root - INFO - [463/1205] Fetching weather for Zánka-Erzsébettábor...
2026-06-28 07:47:34,603 - root - INFO - Fetched weather for Zánka-Erzsébettábor: 30.5°C, Clear, humidity: 33%
2026-06-28 07:47:35,705 - root - INFO - [464/1205] Fetching weather for Csajág...
2026-06-28 07:47:35,799 - root - INFO - Fetched weather for Csajág: 30.4°C, Clear, humidity: 35%
2026-06-28 07:47:36,901 - root - INFO - [465/1205] Fetching weather for Balatonakarattya...
2026-06-28 07:47:36,997 - root - INFO - Fetched weather for Balatonakarattya: 30.2°C, Clear, humidity: 35%
2026-06-28 07:47:38,099 - root - INFO - [466/1205] Fetching weather for Csittényhegy...
2026-06-28 07:47:38,191 - root - INFO - Fetched weather for Csittényhegy: 30.4°C, Clear, humidity: 36%
2026-06-28 07:47:39,292 - root - INFO - [467/1205] Fetching weather for Balatonkenese...
2026-06-28 07:47:39,386 - root - INFO - Fetched weather for Balatonkenese: 30.5°C, Clear, humidity: 37%
2026-06-28 07:47:40,488 - root - INFO - [468/1205] Fetching weather for Balatonfűzfő...
2026-06-28 07:47:40,584 - root - INFO - Fetched weather for Balatonfűzfő: 30.5°C, Clear, humidity: 33%
2026-06-28 07:47:41,685 - root - INFO - [469/1205] Fetching weather for Balatonalmádi...
2026-06-28 07:47:41,779 - root - INFO - Fetched weather for Balatonalmádi: 30.5°C, Clear, humidity: 33%
2026-06-28 07:47:42,880 - root - INFO - [470/1205] Fetching weather for Káptalanfüred...
2026-06-28 07:47:42,980 - root - INFO - Fetched weather for Káptalanfüred: 30.5°C, Clear, humidity: 33%
2026-06-28 07:47:44,082 - root - INFO - [471/1205] Fetching weather for Alsóörs...
2026-06-28 07:47:44,172 - root - INFO - Fetched weather for Alsóörs: 30.5°C, Clear, humidity: 33%
2026-06-28 07:47:45,274 - root - INFO - [472/1205] Fetching weather for Csopak...
2026-06-28 07:47:45,365 - root - INFO - Fetched weather for Csopak: 30.4°C, Clear, humidity: 33%
2026-06-28 07:47:46,467 - root - INFO - [473/1205] Fetching weather for Balatonarács...
2026-06-28 07:47:46,562 - root - INFO - Fetched weather for Balatonarács: 30.3°C, Clear, humidity: 33%
2026-06-28 07:47:47,664 - root - INFO - [474/1205] Fetching weather for Balatonfüred...
2026-06-28 07:47:47,753 - root - INFO - Fetched weather for Balatonfüred: 30.4°C, Clear, humidity: 33%
2026-06-28 07:47:48,855 - root - INFO - [475/1205] Fetching weather for Aszófő...
2026-06-28 07:47:48,955 - root - INFO - Fetched weather for Aszófő: 30.5°C, Clear, humidity: 33%
2026-06-28 07:47:50,056 - root - INFO - [476/1205] Fetching weather for Örvényes...
2026-06-28 07:47:50,148 - root - INFO - Fetched weather for Örvényes: 30.5°C, Clear, humidity: 33%
2026-06-28 07:47:51,250 - root - INFO - [477/1205] Fetching weather for Balatonudvari...
2026-06-28 07:47:51,337 - root - INFO - Fetched weather for Balatonudvari: 30.5°C, Clear, humidity: 33%
2026-06-28 07:47:52,439 - root - INFO - [478/1205] Fetching weather for Fövenyes...
2026-06-28 07:47:52,532 - root - INFO - Fetched weather for Fövenyes: 30.6°C, Clear, humidity: 33%
2026-06-28 07:47:53,633 - root - INFO - [479/1205] Fetching weather for Balatonakali-Dörgicse...
2026-06-28 07:47:53,729 - root - INFO - Fetched weather for Balatonakali-Dörgicse: 30.5°C, Clear, humidity: 33%
2026-06-28 07:47:54,831 - root - INFO - [480/1205] Fetching weather for Zánka-Köveskál...
2026-06-28 07:47:54,922 - root - INFO - Fetched weather for Zánka-Köveskál: 30.5°C, Clear, humidity: 33%
2026-06-28 07:47:56,024 - root - INFO - [481/1205] Fetching weather for Balatonszepezd...
2026-06-28 07:47:56,118 - root - INFO - Fetched weather for Balatonszepezd: 30.5°C, Clear, humidity: 33%
2026-06-28 07:47:57,220 - root - INFO - [482/1205] Fetching weather for Szepezdfürdő...
2026-06-28 07:47:57,310 - root - INFO - Fetched weather for Szepezdfürdő: 30.5°C, Clear, humidity: 43%
2026-06-28 07:47:58,412 - root - INFO - [483/1205] Fetching weather for Révfülöp...
2026-06-28 07:47:58,500 - root - INFO - Fetched weather for Révfülöp: 30.5°C, Clear, humidity: 43%
2026-06-28 07:47:59,602 - root - INFO - [484/1205] Fetching weather for Balatonrendes...
2026-06-28 07:47:59,693 - root - INFO - Fetched weather for Balatonrendes: 30.5°C, Clear, humidity: 45%
2026-06-28 07:48:00,795 - root - INFO - [485/1205] Fetching weather for Ábrahámhegy...
2026-06-28 07:48:00,890 - root - INFO - Fetched weather for Ábrahámhegy: 30.5°C, Clear, humidity: 45%
2026-06-28 07:48:01,992 - root - INFO - [486/1205] Fetching weather for Badacsonyörs...
2026-06-28 07:48:02,090 - root - INFO - Fetched weather for Badacsonyörs: 30.8°C, Clear, humidity: 45%
2026-06-28 07:48:03,192 - root - INFO - [487/1205] Fetching weather for Kisújszállás...
2026-06-28 07:48:03,280 - root - INFO - Fetched weather for Kisújszállás: 31.6°C, Clear, humidity: 34%
2026-06-28 07:48:04,382 - root - INFO - [488/1205] Fetching weather for Karcag...
2026-06-28 07:48:04,476 - root - INFO - Fetched weather for Karcag: 31.4°C, Clear, humidity: 35%
2026-06-28 07:48:05,577 - root - INFO - [489/1205] Fetching weather for Püspökladány...
2026-06-28 07:48:05,685 - root - INFO - Fetched weather for Püspökladány: 31.3°C, Clear, humidity: 35%
2026-06-28 07:48:06,787 - root - INFO - [490/1205] Fetching weather for Kaba...
2026-06-28 07:48:06,883 - root - INFO - Fetched weather for Kaba: 31.2°C, Clear, humidity: 36%
2026-06-28 07:48:07,985 - root - INFO - [491/1205] Fetching weather for Hajdúszoboszló...
2026-06-28 07:48:08,081 - root - INFO - Fetched weather for Hajdúszoboszló: 31.0°C, Clear, humidity: 37%
2026-06-28 07:48:09,183 - root - INFO - [492/1205] Fetching weather for Ebes...
2026-06-28 07:48:09,276 - root - INFO - Fetched weather for Ebes: 30.9°C, Clear, humidity: 38%
2026-06-28 07:48:10,378 - root - INFO - [493/1205] Fetching weather for Debrecen...
2026-06-28 07:48:10,474 - root - INFO - Fetched weather for Debrecen: 30.8°C, Clear, humidity: 38%
2026-06-28 07:48:11,576 - root - INFO - [494/1205] Fetching weather for Debrecen-Csapókert...
2026-06-28 07:48:11,666 - root - INFO - Fetched weather for Debrecen-Csapókert: 30.6°C, Clear, humidity: 39%
2026-06-28 07:48:12,768 - root - INFO - [495/1205] Fetching weather for Apafa...
2026-06-28 07:48:12,863 - root - INFO - Fetched weather for Apafa: 30.6°C, Clear, humidity: 39%
2026-06-28 07:48:13,964 - root - INFO - [496/1205] Fetching weather for Bocskaikert...
2026-06-28 07:48:14,061 - root - INFO - Fetched weather for Bocskaikert: 30.4°C, Clear, humidity: 40%
2026-06-28 07:48:15,163 - root - INFO - [497/1205] Fetching weather for Hajdúhadház...
2026-06-28 07:48:15,272 - root - INFO - Fetched weather for Hajdúhadház: 30.5°C, Clear, humidity: 40%
2026-06-28 07:48:16,374 - root - INFO - [498/1205] Fetching weather for Téglás...
2026-06-28 07:48:16,471 - root - INFO - Fetched weather for Téglás: 30.5°C, Clear, humidity: 40%
2026-06-28 07:48:17,573 - root - INFO - [499/1205] Fetching weather for Újfehértó...
2026-06-28 07:48:17,665 - root - INFO - Fetched weather for Újfehértó: 30.6°C, Clear, humidity: 41%
2026-06-28 07:48:18,767 - root - INFO - [500/1205] Fetching weather for Nyíregyháza...
2026-06-28 07:48:18,854 - root - INFO - Fetched weather for Nyíregyháza: 30.6°C, Clear, humidity: 42%
2026-06-28 07:48:19,956 - root - INFO - [501/1205] Fetching weather for Sóstó...
2026-06-28 07:48:20,051 - root - INFO - Fetched weather for Sóstó: 31.5°C, Clear, humidity: 42%
2026-06-28 07:48:21,153 - root - INFO - [502/1205] Fetching weather for Sóstóhegy...
2026-06-28 07:48:21,245 - root - INFO - Fetched weather for Sóstóhegy: 31.5°C, Clear, humidity: 42%
2026-06-28 07:48:22,347 - root - INFO - [503/1205] Fetching weather for Kemecse...
2026-06-28 07:48:22,438 - root - INFO - Fetched weather for Kemecse: 30.6°C, Clear, humidity: 43%
2026-06-28 07:48:23,539 - root - INFO - [504/1205] Fetching weather for Nyírbogdány...
2026-06-28 07:48:23,631 - root - INFO - Fetched weather for Nyírbogdány: 30.6°C, Clear, humidity: 43%
2026-06-28 07:48:24,733 - root - INFO - [505/1205] Fetching weather for Kék...
2026-06-28 07:48:24,831 - root - INFO - Fetched weather for Kék: 30.6°C, Clear, humidity: 44%
2026-06-28 07:48:25,932 - root - INFO - [506/1205] Fetching weather for Demecser...
2026-06-28 07:48:26,023 - root - INFO - Fetched weather for Demecser: 30.6°C, Clear, humidity: 44%
2026-06-28 07:48:27,125 - root - INFO - [507/1205] Fetching weather for Gégény...
2026-06-28 07:48:27,218 - root - INFO - Fetched weather for Gégény: 30.6°C, Clear, humidity: 44%
2026-06-28 07:48:28,320 - root - INFO - [508/1205] Fetching weather for Pátroha...
2026-06-28 07:48:28,415 - root - INFO - Fetched weather for Pátroha: 30.6°C, Clear, humidity: 45%
2026-06-28 07:48:29,517 - root - INFO - [509/1205] Fetching weather for Ajak...
2026-06-28 07:48:29,615 - root - INFO - Fetched weather for Ajak: 30.6°C, Clear, humidity: 45%
2026-06-28 07:48:30,717 - root - INFO - [510/1205] Fetching weather for Kisvárda...
2026-06-28 07:48:30,820 - root - INFO - Fetched weather for Kisvárda: 30.5°C, Clear, humidity: 46%
2026-06-28 07:48:31,922 - root - INFO - [511/1205] Fetching weather for Kisvárda-Hármasút...
2026-06-28 07:48:32,025 - root - INFO - Fetched weather for Kisvárda-Hármasút: 30.5°C, Clear, humidity: 46%
2026-06-28 07:48:33,127 - root - INFO - [512/1205] Fetching weather for Fényeslitke...
2026-06-28 07:48:33,217 - root - INFO - Fetched weather for Fényeslitke: 30.5°C, Clear, humidity: 46%
2026-06-28 07:48:34,319 - root - INFO - [513/1205] Fetching weather for Komoró...
2026-06-28 07:48:34,410 - root - INFO - Fetched weather for Komoró: 30.5°C, Clear, humidity: 47%
2026-06-28 07:48:35,512 - root - INFO - [514/1205] Fetching weather for Tuzsér...
2026-06-28 07:48:35,603 - root - INFO - Fetched weather for Tuzsér: 30.4°C, Clear, humidity: 47%
2026-06-28 07:48:36,705 - root - INFO - [515/1205] Fetching weather for Tiszabezdéd...
2026-06-28 07:48:36,793 - root - INFO - Fetched weather for Tiszabezdéd: 30.4°C, Clear, humidity: 47%
2026-06-28 07:48:37,894 - root - INFO - [516/1205] Fetching weather for Záhony...
2026-06-28 07:48:37,984 - root - INFO - Fetched weather for Záhony: 30.4°C, Clear, humidity: 47%
2026-06-28 07:48:39,086 - root - INFO - [517/1205] Fetching weather for Karcag-Vásártér...
2026-06-28 07:48:39,178 - root - INFO - Fetched weather for Karcag-Vásártér: 33.9°C, Clear, humidity: 35%
2026-06-28 07:48:40,279 - root - INFO - [518/1205] Fetching weather for Berekfürdő...
2026-06-28 07:48:40,372 - root - INFO - Fetched weather for Berekfürdő: 33.9°C, Clear, humidity: 36%
2026-06-28 07:48:41,474 - root - INFO - [519/1205] Fetching weather for Kunmadaras...
2026-06-28 07:48:41,565 - root - INFO - Fetched weather for Kunmadaras: 33.9°C, Clear, humidity: 41%
2026-06-28 07:48:42,667 - root - INFO - [520/1205] Fetching weather for Tiszaszentimre...
2026-06-28 07:48:42,756 - root - INFO - Fetched weather for Tiszaszentimre: 33.9°C, Clear, humidity: 41%
2026-06-28 07:48:43,858 - root - INFO - [521/1205] Fetching weather for Tiszaszőlős...
2026-06-28 07:48:43,950 - root - INFO - Fetched weather for Tiszaszőlős: 33.9°C, Clear, humidity: 41%
2026-06-28 07:48:45,052 - root - INFO - [522/1205] Fetching weather for Hosszúhát...
2026-06-28 07:48:45,147 - root - INFO - Fetched weather for Hosszúhát: 31.5°C, Clear, humidity: 34%
2026-06-28 07:48:46,248 - root - INFO - [523/1205] Fetching weather for Szerep...
2026-06-28 07:48:46,337 - root - INFO - Fetched weather for Szerep: 31.5°C, Clear, humidity: 34%
2026-06-28 07:48:47,439 - root - INFO - [524/1205] Fetching weather for Sárrétudvari...
2026-06-28 07:48:47,539 - root - INFO - Fetched weather for Sárrétudvari: 31.5°C, Clear, humidity: 34%
2026-06-28 07:48:48,640 - root - INFO - [525/1205] Fetching weather for Biharnagybajom...
2026-06-28 07:48:48,735 - root - INFO - Fetched weather for Biharnagybajom: 31.6°C, Clear, humidity: 34%
2026-06-28 07:48:49,836 - root - INFO - [526/1205] Fetching weather for Füzesgyarmat...
2026-06-28 07:48:49,931 - root - INFO - Fetched weather for Füzesgyarmat: 31.8°C, Clear, humidity: 34%
2026-06-28 07:48:51,033 - root - INFO - [527/1205] Fetching weather for Füzesgyarmatfürdő...
2026-06-28 07:48:51,126 - root - INFO - Fetched weather for Füzesgyarmatfürdő: 31.8°C, Clear, humidity: 34%
2026-06-28 07:48:52,228 - root - INFO - [528/1205] Fetching weather for Báránd...
2026-06-28 07:48:52,323 - root - INFO - Fetched weather for Báránd: 31.4°C, Clear, humidity: 35%
2026-06-28 07:48:53,425 - root - INFO - [529/1205] Fetching weather for Sáp...
2026-06-28 07:48:53,522 - root - INFO - Fetched weather for Sáp: 31.4°C, Clear, humidity: 35%
2026-06-28 07:48:54,624 - root - INFO - [530/1205] Fetching weather for Berettyóújfalu...
2026-06-28 07:48:54,719 - root - INFO - Fetched weather for Berettyóújfalu: 31.5°C, Clear, humidity: 35%
2026-06-28 07:48:55,820 - root - INFO - [531/1205] Fetching weather for Mezőpeterd...
2026-06-28 07:48:55,920 - root - INFO - Fetched weather for Mezőpeterd: 32.5°C, Clear, humidity: 36%
2026-06-28 07:48:57,022 - root - INFO - [532/1205] Fetching weather for Biharkeresztes...
2026-06-28 07:48:57,110 - root - INFO - Fetched weather for Biharkeresztes: 32.5°C, Clear, humidity: 41%
2026-06-28 07:48:58,212 - root - INFO - [533/1205] Fetching weather for Tócóvölgy...
2026-06-28 07:48:58,298 - root - INFO - Fetched weather for Tócóvölgy: 30.8°C, Clear, humidity: 38%
2026-06-28 07:48:59,400 - root - INFO - [534/1205] Fetching weather for Sáregres...
2026-06-28 07:48:59,492 - root - INFO - Fetched weather for Sáregres: 32.7°C, Clear, humidity: 34%
2026-06-28 07:49:00,593 - root - INFO - [535/1205] Fetching weather for Simontornya...
2026-06-28 07:49:00,683 - root - INFO - Fetched weather for Simontornya: 32.6°C, Clear, humidity: 34%
2026-06-28 07:49:01,785 - root - INFO - [536/1205] Fetching weather for Tolnanémedi...
2026-06-28 07:49:01,879 - root - INFO - Fetched weather for Tolnanémedi: 32.7°C, Clear, humidity: 33%
2026-06-28 07:49:02,981 - root - INFO - [537/1205] Fetching weather for Pincehely...
2026-06-28 07:49:03,071 - root - INFO - Fetched weather for Pincehely: 32.5°C, Clear, humidity: 33%
2026-06-28 07:49:04,172 - root - INFO - [538/1205] Fetching weather for Keszőhidegkút-Gyönk...
2026-06-28 07:49:04,268 - root - INFO - Fetched weather for Keszőhidegkút-Gyönk: 32.6°C, Clear, humidity: 33%
2026-06-28 07:49:05,370 - root - INFO - [539/1205] Fetching weather for Szárazd...
2026-06-28 07:49:05,467 - root - INFO - Fetched weather for Szárazd: 32.7°C, Clear, humidity: 33%
2026-06-28 07:49:06,568 - root - INFO - [540/1205] Fetching weather for Regöly...
2026-06-28 07:49:06,658 - root - INFO - Fetched weather for Regöly: 32.7°C, Clear, humidity: 33%
2026-06-28 07:49:07,760 - root - INFO - [541/1205] Fetching weather for Szakály-Hőgyész...
2026-06-28 07:49:07,855 - root - INFO - Fetched weather for Szakály-Hőgyész: 32.6°C, Clear, humidity: 33%
2026-06-28 07:49:08,957 - root - INFO - [542/1205] Fetching weather for Dúzs...
2026-06-28 07:49:09,058 - root - INFO - Fetched weather for Dúzs: 32.7°C, Clear, humidity: 33%
2026-06-28 07:49:10,160 - root - INFO - [543/1205] Fetching weather for Csibrák...
2026-06-28 07:49:10,254 - root - INFO - Fetched weather for Csibrák: 32.8°C, Clear, humidity: 33%
2026-06-28 07:49:11,356 - root - INFO - [544/1205] Fetching weather for Kurd...
2026-06-28 07:49:11,453 - root - INFO - Fetched weather for Kurd: 32.5°C, Clear, humidity: 33%
2026-06-28 07:49:12,554 - root - INFO - [545/1205] Fetching weather for Döbrököz...
2026-06-28 07:49:12,643 - root - INFO - Fetched weather for Döbrököz: 32.7°C, Clear, humidity: 33%
2026-06-28 07:49:13,745 - root - INFO - [546/1205] Fetching weather for Dombóvár...
2026-06-28 07:49:13,837 - root - INFO - Fetched weather for Dombóvár: 32.6°C, Clear, humidity: 34%
2026-06-28 07:49:14,939 - root - INFO - [547/1205] Fetching weather for Dombóvár alsó...
2026-06-28 07:49:15,028 - root - INFO - Fetched weather for Dombóvár alsó: 32.6°C, Clear, humidity: 34%
2026-06-28 07:49:16,129 - root - INFO - [548/1205] Fetching weather for Somoskőújfalu...
2026-06-28 07:49:16,221 - root - INFO - Fetched weather for Somoskőújfalu: 29.4°C, Clear, humidity: 42%
2026-06-28 07:49:17,323 - root - INFO - [549/1205] Fetching weather for Jászfényszaru...
2026-06-28 07:49:17,414 - root - INFO - Fetched weather for Jászfényszaru: 31.6°C, Clear, humidity: 37%
2026-06-28 07:49:18,515 - root - INFO - [550/1205] Fetching weather for Pusztamonostor...
2026-06-28 07:49:18,611 - root - INFO - Fetched weather for Pusztamonostor: 32.2°C, Clear, humidity: 37%
2026-06-28 07:49:19,713 - root - INFO - [551/1205] Fetching weather for Jászberény...
2026-06-28 07:49:19,808 - root - INFO - Fetched weather for Jászberény: 32.3°C, Clear, humidity: 36%
2026-06-28 07:49:20,910 - root - INFO - [552/1205] Fetching weather for Meggyespele...
2026-06-28 07:49:21,004 - root - INFO - Fetched weather for Meggyespele: 32.3°C, Clear, humidity: 41%
2026-06-28 07:49:22,105 - root - INFO - [553/1205] Fetching weather for Portelek...
2026-06-28 07:49:22,202 - root - INFO - Fetched weather for Portelek: 32.3°C, Clear, humidity: 41%
2026-06-28 07:49:23,304 - root - INFO - [554/1205] Fetching weather for Jászboldogháza-Jánoshida...
2026-06-28 07:49:23,392 - root - INFO - Fetched weather for Jászboldogháza-Jánoshida: 32.3°C, Clear, humidity: 41%
2026-06-28 07:49:24,494 - root - INFO - [555/1205] Fetching weather for Jászárokszállás...
2026-06-28 07:49:24,597 - root - INFO - Fetched weather for Jászárokszállás: 33.9°C, Clear, humidity: 37%
2026-06-28 07:49:25,699 - root - INFO - [556/1205] Fetching weather for Jászdózsa...
2026-06-28 07:49:25,789 - root - INFO - Fetched weather for Jászdózsa: 31.4°C, Clear, humidity: 37%
2026-06-28 07:49:26,891 - root - INFO - [557/1205] Fetching weather for Jászapáti...
2026-06-28 07:49:26,990 - root - INFO - Fetched weather for Jászapáti: 31.3°C, Clear, humidity: 36%
2026-06-28 07:49:28,092 - root - INFO - [558/1205] Fetching weather for Jászkisér...
2026-06-28 07:49:28,188 - root - INFO - Fetched weather for Jászkisér: 31.4°C, Clear, humidity: 36%
2026-06-28 07:49:29,289 - root - INFO - [559/1205] Fetching weather for Jászladány...
2026-06-28 07:49:29,383 - root - INFO - Fetched weather for Jászladány: 32.3°C, Clear, humidity: 35%
2026-06-28 07:49:30,485 - root - INFO - [560/1205] Fetching weather for Szászberek...
2026-06-28 07:49:30,584 - root - INFO - Fetched weather for Szászberek: 32.3°C, Clear, humidity: 41%
2026-06-28 07:49:31,686 - root - INFO - [561/1205] Fetching weather for Gyöngyöshalász...
2026-06-28 07:49:31,780 - root - INFO - Fetched weather for Gyöngyöshalász: 33.7°C, Clear, humidity: 31%
2026-06-28 07:49:32,881 - root - INFO - [562/1205] Fetching weather for Gyöngyös...
2026-06-28 07:49:32,970 - root - INFO - Fetched weather for Gyöngyös: 33.4°C, Clear, humidity: 31%
2026-06-28 07:49:34,072 - root - INFO - [563/1205] Fetching weather for Erdőtelek...
2026-06-28 07:49:34,162 - root - INFO - Fetched weather for Erdőtelek: 30.8°C, Clear, humidity: 39%
2026-06-28 07:49:35,263 - root - INFO - [564/1205] Fetching weather for Heves...
2026-06-28 07:49:35,359 - root - INFO - Fetched weather for Heves: 31.0°C, Clear, humidity: 38%
2026-06-28 07:49:36,460 - root - INFO - [565/1205] Fetching weather for Hevesvezekény...
2026-06-28 07:49:36,559 - root - INFO - Fetched weather for Hevesvezekény: 31.1°C, Clear, humidity: 38%
2026-06-28 07:49:37,661 - root - INFO - [566/1205] Fetching weather for Tarnaszentmiklós...
2026-06-28 07:49:37,757 - root - INFO - Fetched weather for Tarnaszentmiklós: 31.1°C, Clear, humidity: 37%
2026-06-28 07:49:38,858 - root - INFO - [567/1205] Fetching weather for Kisköre...
2026-06-28 07:49:38,953 - root - INFO - Fetched weather for Kisköre: 31.2°C, Clear, humidity: 37%
2026-06-28 07:49:40,054 - root - INFO - [568/1205] Fetching weather for Abádszalók...
2026-06-28 07:49:40,145 - root - INFO - Fetched weather for Abádszalók: 31.2°C, Clear, humidity: 37%
2026-06-28 07:49:41,247 - root - INFO - [569/1205] Fetching weather for Kunhegyes...
2026-06-28 07:49:41,339 - root - INFO - Fetched weather for Kunhegyes: 31.3°C, Clear, humidity: 36%
2026-06-28 07:49:42,440 - root - INFO - [570/1205] Fetching weather for Kenderes...
2026-06-28 07:49:42,535 - root - INFO - Fetched weather for Kenderes: 31.6°C, Clear, humidity: 34%
2026-06-28 07:49:43,637 - root - INFO - [571/1205] Fetching weather for Maklár...
2026-06-28 07:49:43,726 - root - INFO - Fetched weather for Maklár: 30.1°C, Clear, humidity: 41%
2026-06-28 07:49:44,828 - root - INFO - [572/1205] Fetching weather for Andornaktálya...
2026-06-28 07:49:44,914 - root - INFO - Fetched weather for Andornaktálya: 30.2°C, Clear, humidity: 42%
2026-06-28 07:49:46,016 - root - INFO - [573/1205] Fetching weather for Eger...
2026-06-28 07:49:46,110 - root - INFO - Fetched weather for Eger: 30.1°C, Clear, humidity: 42%
2026-06-28 07:49:47,212 - root - INFO - [574/1205] Fetching weather for Egervár...
2026-06-28 07:49:47,306 - root - INFO - Fetched weather for Egervár: 29.9°C, Clear, humidity: 43%
2026-06-28 07:49:48,408 - root - INFO - [575/1205] Fetching weather for Eger-Felnémet...
2026-06-28 07:49:48,504 - root - INFO - Fetched weather for Eger-Felnémet: 30.0°C, Clear, humidity: 43%
2026-06-28 07:49:49,606 - root - INFO - [576/1205] Fetching weather for Szarvaskő...
2026-06-28 07:49:49,697 - root - INFO - Fetched weather for Szarvaskő: 30.1°C, Clear, humidity: 35%
2026-06-28 07:49:50,799 - root - INFO - [577/1205] Fetching weather for Mónosbél...
2026-06-28 07:49:50,887 - root - INFO - Fetched weather for Mónosbél: 30.7°C, Clear, humidity: 35%
2026-06-28 07:49:51,989 - root - INFO - [578/1205] Fetching weather for Bélapátfalva...
2026-06-28 07:49:52,080 - root - INFO - Fetched weather for Bélapátfalva: 29.4°C, Clear, humidity: 40%
2026-06-28 07:49:53,181 - root - INFO - [579/1205] Fetching weather for Bélapátfalvi Cementgyár...
2026-06-28 07:49:53,276 - root - INFO - Fetched weather for Bélapátfalvi Cementgyár: 29.2°C, Clear, humidity: 40%
2026-06-28 07:49:54,377 - root - INFO - [580/1205] Fetching weather for Szilvásvárad...
2026-06-28 07:49:54,468 - root - INFO - Fetched weather for Szilvásvárad: 29.9°C, Clear, humidity: 41%
2026-06-28 07:49:55,570 - root - INFO - [581/1205] Fetching weather for Hejőkeresztúr...
2026-06-28 07:49:55,665 - root - INFO - Fetched weather for Hejőkeresztúr: 30.8°C, Clear, humidity: 47%
2026-06-28 07:49:56,766 - root - INFO - [582/1205] Fetching weather for Tiszaújváros...
2026-06-28 07:49:56,857 - root - INFO - Fetched weather for Tiszaújváros: 30.0°C, Clear, humidity: 49%
2026-06-28 07:49:57,959 - root - INFO - [583/1205] Fetching weather for Miskolc-Gömöri...
2026-06-28 07:49:58,056 - root - INFO - Fetched weather for Miskolc-Gömöri: 31.3°C, Clear, humidity: 47%
2026-06-28 07:49:59,157 - root - INFO - [584/1205] Fetching weather for Sajókeresztúr...
2026-06-28 07:49:59,246 - root - INFO - Fetched weather for Sajókeresztúr: 32.3°C, Clear, humidity: 44%
2026-06-28 07:50:00,348 - root - INFO - [585/1205] Fetching weather for Sajóecseg...
2026-06-28 07:50:00,451 - root - INFO - Fetched weather for Sajóecseg: 31.4°C, Clear, humidity: 44%
2026-06-28 07:50:01,553 - root - INFO - [586/1205] Fetching weather for Sajószentpéter...
2026-06-28 07:50:01,645 - root - INFO - Fetched weather for Sajószentpéter: 33.8°C, Clear, humidity: 61%
2026-06-28 07:50:02,747 - root - INFO - [587/1205] Fetching weather for Kazincbarcika...
2026-06-28 07:50:02,844 - root - INFO - Fetched weather for Kazincbarcika: 34.6°C, Clear, humidity: 44%
2026-06-28 07:50:03,945 - root - INFO - [588/1205] Fetching weather for Sajókaza...
2026-06-28 07:50:04,036 - root - INFO - Fetched weather for Sajókaza: 34.2°C, Clear, humidity: 44%
2026-06-28 07:50:05,137 - root - INFO - [589/1205] Fetching weather for Vadna...
2026-06-28 07:50:05,230 - root - INFO - Fetched weather for Vadna: 34.2°C, Clear, humidity: 44%
2026-06-28 07:50:06,332 - root - INFO - [590/1205] Fetching weather for Dubicsány...
2026-06-28 07:50:06,426 - root - INFO - Fetched weather for Dubicsány: 34.2°C, Clear, humidity: 40%
2026-06-28 07:50:07,527 - root - INFO - [591/1205] Fetching weather for Raposka...
2026-06-28 07:50:07,615 - root - INFO - Fetched weather for Raposka: 31.2°C, Clear, humidity: 43%
2026-06-28 07:50:08,717 - root - INFO - [592/1205] Fetching weather for Ivacs...
2026-06-28 07:50:08,807 - root - INFO - Fetched weather for Ivacs: 33.4°C, Clear, humidity: 42%
2026-06-28 07:50:09,909 - root - INFO - [593/1205] Fetching weather for Kisköre-Tiszahíd...
2026-06-28 07:50:09,997 - root - INFO - Fetched weather for Kisköre-Tiszahíd: 31.2°C, Clear, humidity: 37%
2026-06-28 07:50:11,099 - root - INFO - [594/1205] Fetching weather for Rozsály...
2026-06-28 07:50:11,187 - root - INFO - Fetched weather for Rozsály: 32.2°C, Clear, humidity: 49%
2026-06-28 07:50:12,289 - root - INFO - [595/1205] Fetching weather for Pusztakettős...
2026-06-28 07:50:12,388 - root - INFO - Fetched weather for Pusztakettős: 31.1°C, Clear, humidity: 37%
2026-06-28 07:50:13,490 - root - INFO - [596/1205] Fetching weather for Kisvác...
2026-06-28 07:50:13,578 - root - INFO - Fetched weather for Kisvác: 33.8°C, Clear, humidity: 38%
2026-06-28 07:50:14,679 - root - INFO - [597/1205] Fetching weather for Tiszafüred-Gyártelep...
2026-06-28 07:50:14,768 - root - INFO - Fetched weather for Tiszafüred-Gyártelep: 30.9°C, Clear, humidity: 39%
2026-06-28 07:50:15,870 - root - INFO - [598/1205] Fetching weather for Újkenéz...
2026-06-28 07:50:15,959 - root - INFO - Fetched weather for Újkenéz: 30.5°C, Clear, humidity: 46%
2026-06-28 07:50:17,061 - root - INFO - [599/1205] Fetching weather for Püspökladány-Vásártér...
2026-06-28 07:50:17,154 - root - INFO - Fetched weather for Püspökladány-Vásártér: 31.4°C, Clear, humidity: 35%
2026-06-28 07:50:18,255 - root - INFO - [600/1205] Fetching weather for Végegyháza alsó...
2026-06-28 07:50:18,346 - root - INFO - Fetched weather for Végegyháza alsó: 31.2°C, Clear, humidity: 43%
2026-06-28 07:50:19,448 - root - INFO - [601/1205] Fetching weather for Orosháza felső...
2026-06-28 07:50:19,544 - root - INFO - Fetched weather for Orosháza felső: 32.2°C, Clear, humidity: 38%
2026-06-28 07:50:20,645 - root - INFO - [602/1205] Fetching weather for Ambrózfalva...
2026-06-28 07:50:20,737 - root - INFO - Fetched weather for Ambrózfalva: 31.9°C, Clear, humidity: 41%
2026-06-28 07:50:21,839 - root - INFO - [603/1205] Fetching weather for Alsónyék...
2026-06-28 07:50:21,932 - root - INFO - Fetched weather for Alsónyék: 33.6°C, Clear, humidity: 33%
2026-06-28 07:50:23,034 - root - INFO - [604/1205] Fetching weather for Tompapuszta...
2026-06-28 07:50:23,132 - root - INFO - Fetched weather for Tompapuszta: 31.2°C, Clear, humidity: 100%
2026-06-28 07:50:24,233 - root - INFO - [605/1205] Fetching weather for Halászlak...
2026-06-28 07:50:24,325 - root - INFO - Fetched weather for Halászlak: 32.3°C, Clear, humidity: 32%
2026-06-28 07:50:25,427 - root - INFO - [606/1205] Fetching weather for Sirató...
2026-06-28 07:50:25,523 - root - INFO - Fetched weather for Sirató: 32.4°C, Clear, humidity: 33%
2026-06-28 07:50:26,625 - root - INFO - [607/1205] Fetching weather for Csabacsűd felső...
2026-06-28 07:50:26,717 - root - INFO - Fetched weather for Csabacsűd felső: 32.4°C, Clear, humidity: 33%
2026-06-28 07:50:27,819 - root - INFO - [608/1205] Fetching weather for Orosháza-Üveggyár...
2026-06-28 07:50:27,918 - root - INFO - Fetched weather for Orosháza-Üveggyár: 32.2°C, Clear, humidity: 38%
2026-06-28 07:50:29,020 - root - INFO - [609/1205] Fetching weather for Gyulai városerdő...
2026-06-28 07:50:29,110 - root - INFO - Fetched weather for Gyulai városerdő: 33.3°C, Clear, humidity: 40%
2026-06-28 07:50:30,212 - root - INFO - [610/1205] Fetching weather for Kórógyszentgyörgy...
2026-06-28 07:50:30,305 - root - INFO - Fetched weather for Kórógyszentgyörgy: 32.8°C, Clear, humidity: 32%
2026-06-28 07:50:31,406 - root - INFO - [611/1205] Fetching weather for Kunszállás...
2026-06-28 07:50:31,502 - root - INFO - Fetched weather for Kunszállás: 37.7°C, Clear, humidity: 19%
2026-06-28 07:50:32,604 - root - INFO - [612/1205] Fetching weather for Selymes...
2026-06-28 07:50:32,702 - root - INFO - Fetched weather for Selymes: 35.6°C, Clear, humidity: 33%
2026-06-28 07:50:33,803 - root - INFO - [613/1205] Fetching weather for Petőfiszállási tanyák...
2026-06-28 07:50:33,894 - root - INFO - Fetched weather for Petőfiszállási tanyák: 35.6°C, Clear, humidity: 33%
2026-06-28 07:50:34,996 - root - INFO - [614/1205] Fetching weather for Kisteleki szőlők...
2026-06-28 07:50:35,087 - root - INFO - Fetched weather for Kisteleki szőlők: 35.6°C, Clear, humidity: 35%
2026-06-28 07:50:36,189 - root - INFO - [615/1205] Fetching weather for Kapitányság...
2026-06-28 07:50:36,288 - root - INFO - Fetched weather for Kapitányság: 30.6°C, Clear, humidity: 55%
2026-06-28 07:50:37,390 - root - INFO - [616/1205] Fetching weather for Őszeszék...
2026-06-28 07:50:37,479 - root - INFO - Fetched weather for Őszeszék: 30.6°C, Clear, humidity: 55%
2026-06-28 07:50:38,581 - root - INFO - [617/1205] Fetching weather for Vilmaszállás...
2026-06-28 07:50:38,668 - root - INFO - Fetched weather for Vilmaszállás: 30.6°C, Clear, humidity: 55%
2026-06-28 07:50:39,770 - root - INFO - [618/1205] Fetching weather for Jánosszállás...
2026-06-28 07:50:39,859 - root - INFO - Fetched weather for Jánosszállás: 30.6°C, Clear, humidity: 55%
2026-06-28 07:50:40,961 - root - INFO - [619/1205] Fetching weather for Felsőpakony...
2026-06-28 07:50:41,058 - root - INFO - Fetched weather for Felsőpakony: 33.3°C, Clear, humidity: 36%
2026-06-28 07:50:42,160 - root - INFO - [620/1205] Fetching weather for Felsőméntelek...
2026-06-28 07:50:42,254 - root - INFO - Fetched weather for Felsőméntelek: 32.3°C, Clear, humidity: 33%
2026-06-28 07:50:43,356 - root - INFO - [621/1205] Fetching weather for Alsóméntelek...
2026-06-28 07:50:43,451 - root - INFO - Fetched weather for Alsóméntelek: 32.4°C, Clear, humidity: 33%
2026-06-28 07:50:44,553 - root - INFO - [622/1205] Fetching weather for Nagynyír...
2026-06-28 07:50:44,650 - root - INFO - Fetched weather for Nagynyír: 32.4°C, Clear, humidity: 33%
2026-06-28 07:50:45,751 - root - INFO - [623/1205] Fetching weather for Úrihegy...
2026-06-28 07:50:45,840 - root - INFO - Fetched weather for Úrihegy: 37.6°C, Clear, humidity: 33%
2026-06-28 07:50:46,942 - root - INFO - [624/1205] Fetching weather for Miklóstelep...
2026-06-28 07:50:47,034 - root - INFO - Fetched weather for Miklóstelep: 37.6°C, Clear, humidity: 32%
2026-06-28 07:50:48,135 - root - INFO - [625/1205] Fetching weather for Tiszajenő alsó...
2026-06-28 07:50:48,231 - root - INFO - Fetched weather for Tiszajenő alsó: 33.9°C, Clear, humidity: 44%
2026-06-28 07:50:49,333 - root - INFO - [626/1205] Fetching weather for Óbög...
2026-06-28 07:50:49,424 - root - INFO - Fetched weather for Óbög: 33.9°C, Clear, humidity: 44%
2026-06-28 07:50:50,526 - root - INFO - [627/1205] Fetching weather for Árpádszállás...
2026-06-28 07:50:50,617 - root - INFO - Fetched weather for Árpádszállás: 36.8°C, Clear, humidity: 26%
2026-06-28 07:50:51,719 - root - INFO - [628/1205] Fetching weather for Tőserdő...
2026-06-28 07:50:51,812 - root - INFO - Fetched weather for Tőserdő: 36.8°C, Clear, humidity: 26%
2026-06-28 07:50:52,914 - root - INFO - [629/1205] Fetching weather for Tiszaalpár felső...
2026-06-28 07:50:53,004 - root - INFO - Fetched weather for Tiszaalpár felső: 37.8°C, Clear, humidity: 19%
2026-06-28 07:50:54,106 - root - INFO - [630/1205] Fetching weather for Borsihalom...
2026-06-28 07:50:54,196 - root - INFO - Fetched weather for Borsihalom: 37.8°C, Clear, humidity: 19%
2026-06-28 07:50:55,298 - root - INFO - [631/1205] Fetching weather for Petőfiváros...
2026-06-28 07:50:55,392 - root - INFO - Fetched weather for Petőfiváros: 37.8°C, Clear, humidity: 19%
2026-06-28 07:50:56,493 - root - INFO - [632/1205] Fetching weather for Csorna...
2026-06-28 07:50:56,583 - root - INFO - Fetched weather for Csorna: 31.7°C, Clear, humidity: 39%
2026-06-28 07:50:57,684 - root - INFO - [633/1205] Fetching weather for Szorgalmatos...
2026-06-28 07:50:57,778 - root - INFO - Fetched weather for Szorgalmatos: 31.5°C, Clear, humidity: 32%
2026-06-28 07:50:58,880 - root - INFO - [634/1205] Fetching weather for Fótfürdő...
2026-06-28 07:50:58,971 - root - INFO - Fetched weather for Fótfürdő: 33.4°C, Clear, humidity: 41%
2026-06-28 07:51:00,072 - root - INFO - [635/1205] Fetching weather for Fenyveshegy...
2026-06-28 07:51:00,170 - root - INFO - Fetched weather for Fenyveshegy: 33.9°C, Clear, humidity: 38%
2026-06-28 07:51:01,272 - root - INFO - [636/1205] Fetching weather for Hűvösvölgy...
2026-06-28 07:51:01,365 - root - INFO - Fetched weather for Hűvösvölgy: 32.1°C, Clear, humidity: 42%
2026-06-28 07:51:02,467 - root - INFO - [637/1205] Fetching weather for Hárshegy...
2026-06-28 07:51:02,550 - root - INFO - Fetched weather for Hárshegy: 32.1°C, Clear, humidity: 42%
2026-06-28 07:51:03,652 - root - INFO - [638/1205] Fetching weather for Szépjuhászné...
2026-06-28 07:51:03,745 - root - INFO - Fetched weather for Szépjuhászné: 31.4°C, Clear, humidity: 42%
2026-06-28 07:51:04,847 - root - INFO - [639/1205] Fetching weather for Jánoshegy...
2026-06-28 07:51:04,941 - root - INFO - Fetched weather for Jánoshegy: 31.4°C, Clear, humidity: 42%
2026-06-28 07:51:06,043 - root - INFO - [640/1205] Fetching weather for Virágvölgy...
2026-06-28 07:51:06,145 - root - INFO - Fetched weather for Virágvölgy: 31.2°C, Clear, humidity: 42%
2026-06-28 07:51:07,247 - root - INFO - [641/1205] Fetching weather for Csillebérc...
2026-06-28 07:51:07,342 - root - INFO - Fetched weather for Csillebérc: 31.0°C, Clear, humidity: 42%
2026-06-28 07:51:08,444 - root - INFO - [642/1205] Fetching weather for Normafa...
2026-06-28 07:51:08,538 - root - INFO - Fetched weather for Normafa: 31.0°C, Clear, humidity: 43%
2026-06-28 07:51:09,640 - root - INFO - [643/1205] Fetching weather for Széchenyihegy...
2026-06-28 07:51:09,735 - root - INFO - Fetched weather for Széchenyihegy: 31.0°C, Clear, humidity: 42%
2026-06-28 07:51:10,837 - root - INFO - [644/1205] Fetching weather for Balatonfőkajár felső...
2026-06-28 07:51:10,933 - root - INFO - Fetched weather for Balatonfőkajár felső: 30.2°C, Clear, humidity: 34%
2026-06-28 07:51:12,034 - root - INFO - [645/1205] Fetching weather for Piroska...
2026-06-28 07:51:12,134 - root - INFO - Fetched weather for Piroska: 33.9°C, Clear, humidity: 44%
2026-06-28 07:51:13,236 - root - INFO - [646/1205] Fetching weather for Somodor...
2026-06-28 07:51:13,330 - root - INFO - Fetched weather for Somodor: 32.0°C, Clear, humidity: 35%
2026-06-28 07:51:14,432 - root - INFO - [647/1205] Fetching weather for Középmező...
2026-06-28 07:51:14,526 - root - INFO - Fetched weather for Középmező: 33.6°C, Clear, humidity: 35%
2026-06-28 07:51:15,628 - root - INFO - [648/1205] Fetching weather for Jobbágyi...
2026-06-28 07:51:15,732 - root - INFO - Fetched weather for Jobbágyi: 33.6°C, Clear, humidity: 39%
2026-06-28 07:51:16,834 - root - INFO - [649/1205] Fetching weather for Ferihegy...
2026-06-28 07:51:16,930 - root - INFO - Fetched weather for Ferihegy: 33.3°C, Clear, humidity: 41%
2026-06-28 07:51:18,032 - root - INFO - [650/1205] Fetching weather for Máriapócs...
2026-06-28 07:51:18,127 - root - INFO - Fetched weather for Máriapócs: 30.5°C, Clear, humidity: 42%
2026-06-28 07:51:19,229 - root - INFO - [651/1205] Fetching weather for Máriaudvar...
2026-06-28 07:51:19,323 - root - INFO - Fetched weather for Máriaudvar: 33.9°C, Clear, humidity: 38%
2026-06-28 07:51:20,425 - root - INFO - [652/1205] Fetching weather for Nagyberki...
2026-06-28 07:51:20,525 - root - INFO - Fetched weather for Nagyberki: 32.2°C, Clear, humidity: 35%
2026-06-28 07:51:21,627 - root - INFO - [653/1205] Fetching weather for Badacsonytomaj...
2026-06-28 07:51:21,716 - root - INFO - Fetched weather for Badacsonytomaj: 30.8°C, Clear, humidity: 45%
2026-06-28 07:51:22,818 - root - INFO - [654/1205] Fetching weather for Badacsony...
2026-06-28 07:51:22,913 - root - INFO - Fetched weather for Badacsony: 30.8°C, Clear, humidity: 45%
2026-06-28 07:51:24,015 - root - INFO - [655/1205] Fetching weather for Badacsonylábdihegy...
2026-06-28 07:51:24,114 - root - INFO - Fetched weather for Badacsonylábdihegy: 30.8°C, Clear, humidity: 45%
2026-06-28 07:51:25,216 - root - INFO - [656/1205] Fetching weather for Badacsonytördemic-Szigliget...
2026-06-28 07:51:25,309 - root - INFO - Fetched weather for Badacsonytördemic-Szigliget: 30.8°C, Clear, humidity: 45%
2026-06-28 07:51:26,411 - root - INFO - [657/1205] Fetching weather for Nemesgulács-Kisapáti...
2026-06-28 07:51:26,507 - root - INFO - Fetched weather for Nemesgulács-Kisapáti: 30.9°C, Clear, humidity: 44%
2026-06-28 07:51:27,609 - root - INFO - [658/1205] Fetching weather for Tapolca...
2026-06-28 07:51:27,703 - root - INFO - Fetched weather for Tapolca: 31.2°C, Clear, humidity: 43%
2026-06-28 07:51:28,805 - root - INFO - [659/1205] Fetching weather for Uzsabánya alsó...
2026-06-28 07:51:28,901 - root - INFO - Fetched weather for Uzsabánya alsó: 30.3°C, Clear, humidity: 41%
2026-06-28 07:51:30,002 - root - INFO - [660/1205] Fetching weather for Uzsa...
2026-06-28 07:51:30,104 - root - INFO - Fetched weather for Uzsa: 31.2°C, Clear, humidity: 41%
2026-06-28 07:51:31,205 - root - INFO - [661/1205] Fetching weather for Sümegi Bazaltbánya...
2026-06-28 07:51:31,310 - root - INFO - Fetched weather for Sümegi Bazaltbánya: 31.3°C, Clear, humidity: 40%
2026-06-28 07:51:32,412 - root - INFO - [662/1205] Fetching weather for Sümeg...
2026-06-28 07:51:32,502 - root - INFO - Fetched weather for Sümeg: 31.6°C, Clear, humidity: 39%
2026-06-28 07:51:33,604 - root - INFO - [663/1205] Fetching weather for Gógánfa...
2026-06-28 07:51:33,694 - root - INFO - Fetched weather for Gógánfa: 31.6°C, Clear, humidity: 39%
2026-06-28 07:51:34,796 - root - INFO - [664/1205] Fetching weather for Ukk...
2026-06-28 07:51:34,885 - root - INFO - Fetched weather for Ukk: 31.6°C, Clear, humidity: 39%
2026-06-28 07:51:35,987 - root - INFO - [665/1205] Fetching weather for Nemeskeresztúr...
2026-06-28 07:51:36,079 - root - INFO - Fetched weather for Nemeskeresztúr: 31.5°C, Clear, humidity: 39%
2026-06-28 07:51:37,181 - root - INFO - [666/1205] Fetching weather for Jánosháza...
2026-06-28 07:51:37,275 - root - INFO - Fetched weather for Jánosháza: 31.6°C, Clear, humidity: 39%
2026-06-28 07:51:38,377 - root - INFO - [667/1205] Fetching weather for Keszthely...
2026-06-28 07:51:38,475 - root - INFO - Fetched weather for Keszthely: 31.5°C, Clear, humidity: 41%
2026-06-28 07:51:39,577 - root - INFO - [668/1205] Fetching weather for Alsógyenes...
2026-06-28 07:51:39,670 - root - INFO - Fetched weather for Alsógyenes: 31.4°C, Clear, humidity: 41%
2026-06-28 07:51:40,772 - root - INFO - [669/1205] Fetching weather for Gyenesdiás...
2026-06-28 07:51:40,868 - root - INFO - Fetched weather for Gyenesdiás: 31.4°C, Clear, humidity: 41%
2026-06-28 07:51:41,970 - root - INFO - [670/1205] Fetching weather for Vonyarcvashegy...
2026-06-28 07:51:42,061 - root - INFO - Fetched weather for Vonyarcvashegy: 30.7°C, Clear, humidity: 42%
2026-06-28 07:51:43,163 - root - INFO - [671/1205] Fetching weather for Balatongyörök...
2026-06-28 07:51:43,257 - root - INFO - Fetched weather for Balatongyörök: 31.2°C, Clear, humidity: 42%
2026-06-28 07:51:44,359 - root - INFO - [672/1205] Fetching weather for Becehegy...
2026-06-28 07:51:44,456 - root - INFO - Fetched weather for Becehegy: 30.0°C, Clear, humidity: 42%
2026-06-28 07:51:45,558 - root - INFO - [673/1205] Fetching weather for Balatonederics...
2026-06-28 07:51:45,650 - root - INFO - Fetched weather for Balatonederics: 30.0°C, Clear, humidity: 42%
2026-06-28 07:51:46,752 - root - INFO - [674/1205] Fetching weather for Dabronc...
2026-06-28 07:51:46,853 - root - INFO - Fetched weather for Dabronc: 31.6°C, Clear, humidity: 39%
2026-06-28 07:51:47,955 - root - INFO - [675/1205] Fetching weather for Türje...
2026-06-28 07:51:48,049 - root - INFO - Fetched weather for Türje: 31.4°C, Clear, humidity: 40%
2026-06-28 07:51:49,151 - root - INFO - [676/1205] Fetching weather for Zalabér-Batyk...
2026-06-28 07:51:49,242 - root - INFO - Fetched weather for Zalabér-Batyk: 31.4°C, Clear, humidity: 41%
2026-06-28 07:51:50,344 - root - INFO - [677/1205] Fetching weather for Pakod...
2026-06-28 07:51:50,438 - root - INFO - Fetched weather for Pakod: 31.3°C, Clear, humidity: 42%
2026-06-28 07:51:51,540 - root - INFO - [678/1205] Fetching weather for Pókaszepetk...
2026-06-28 07:51:51,631 - root - INFO - Fetched weather for Pókaszepetk: 31.3°C, Clear, humidity: 43%
2026-06-28 07:51:52,733 - root - INFO - [679/1205] Fetching weather for Kemendollár...
2026-06-28 07:51:52,836 - root - INFO - Fetched weather for Kemendollár: 31.0°C, Clear, humidity: 43%
2026-06-28 07:51:53,938 - root - INFO - [680/1205] Fetching weather for Zalaegerszeg...
2026-06-28 07:51:54,034 - root - INFO - Fetched weather for Zalaegerszeg: 30.7°C, Clear, humidity: 47%
2026-06-28 07:51:55,135 - root - INFO - [681/1205] Fetching weather for Bocfölde...
2026-06-28 07:51:55,237 - root - INFO - Fetched weather for Bocfölde: 30.8°C, Clear, humidity: 47%
2026-06-28 07:51:56,338 - root - INFO - [682/1205] Fetching weather for Sárhida...
2026-06-28 07:51:56,433 - root - INFO - Fetched weather for Sárhida: 29.9°C, Clear, humidity: 48%
2026-06-28 07:51:57,535 - root - INFO - [683/1205] Fetching weather for Bak...
2026-06-28 07:51:57,632 - root - INFO - Fetched weather for Bak: 30.3°C, Clear, humidity: 48%
2026-06-28 07:51:58,734 - root - INFO - [684/1205] Fetching weather for Tófej...
2026-06-28 07:51:58,824 - root - INFO - Fetched weather for Tófej: 30.0°C, Clear, humidity: 49%
2026-06-28 07:51:59,926 - root - INFO - [685/1205] Fetching weather for Gutorfölde...
2026-06-28 07:52:00,026 - root - INFO - Fetched weather for Gutorfölde: 30.2°C, Clear, humidity: 50%
2026-06-28 07:52:01,128 - root - INFO - [686/1205] Fetching weather for Csömödér-Páka...
2026-06-28 07:52:01,226 - root - INFO - Fetched weather for Csömödér-Páka: 32.8°C, Clear, humidity: 52%
2026-06-28 07:52:02,328 - root - INFO - [687/1205] Fetching weather for Iklódbördőce...
2026-06-28 07:52:02,419 - root - INFO - Fetched weather for Iklódbördőce: 32.8°C, Clear, humidity: 53%
2026-06-28 07:52:03,521 - root - INFO - [688/1205] Fetching weather for Lenti...
2026-06-28 07:52:03,622 - root - INFO - Fetched weather for Lenti: 32.7°C, Clear, humidity: 54%
2026-06-28 07:52:04,724 - root - INFO - [689/1205] Fetching weather for Rédics...
2026-06-28 07:52:04,819 - root - INFO - Fetched weather for Rédics: 32.7°C, Clear, humidity: 54%
2026-06-28 07:52:05,921 - root - INFO - [690/1205] Fetching weather for Zalalövő...
2026-06-28 07:52:06,014 - root - INFO - Fetched weather for Zalalövő: 30.3°C, Clear, humidity: 50%
2026-06-28 07:52:07,116 - root - INFO - [691/1205] Fetching weather for Zalaegerszeg-Ola...
2026-06-28 07:52:07,213 - root - INFO - Fetched weather for Zalaegerszeg-Ola: 30.7°C, Clear, humidity: 47%
2026-06-28 07:52:08,315 - root - INFO - [692/1205] Fetching weather for Andráshida...
2026-06-28 07:52:08,411 - root - INFO - Fetched weather for Andráshida: 30.7°C, Clear, humidity: 47%
2026-06-28 07:52:09,513 - root - INFO - [693/1205] Fetching weather for Bagod...
2026-06-28 07:52:09,617 - root - INFO - Fetched weather for Bagod: 30.7°C, Clear, humidity: 47%
2026-06-28 07:52:10,719 - root - INFO - [694/1205] Fetching weather for Zalaszentgyörgy...
2026-06-28 07:52:10,813 - root - INFO - Fetched weather for Zalaszentgyörgy: 30.6°C, Clear, humidity: 48%
2026-06-28 07:52:11,915 - root - INFO - [695/1205] Fetching weather for Zalacséb-Salomvár...
2026-06-28 07:52:12,009 - root - INFO - Fetched weather for Zalacséb-Salomvár: 30.4°C, Clear, humidity: 48%
2026-06-28 07:52:13,111 - root - INFO - [696/1205] Fetching weather for Kópháza...
2026-06-28 07:52:13,205 - root - INFO - Fetched weather for Kópháza: 31.2°C, Clear, humidity: 44%
2026-06-28 07:52:14,307 - root - INFO - [697/1205] Fetching weather for Nagycenk...
2026-06-28 07:52:14,398 - root - INFO - Fetched weather for Nagycenk: 31.3°C, Clear, humidity: 43%
2026-06-28 07:52:15,499 - root - INFO - [698/1205] Fetching weather for Sopronkövesd...
2026-06-28 07:52:15,593 - root - INFO - Fetched weather for Sopronkövesd: 33.5°C, Clear, humidity: 46%
2026-06-28 07:52:16,695 - root - INFO - [699/1205] Fetching weather for Lövő...
2026-06-28 07:52:16,796 - root - INFO - Fetched weather for Lövő: 33.5°C, Clear, humidity: 46%
2026-06-28 07:52:17,898 - root - INFO - [700/1205] Fetching weather for Újkér...
2026-06-28 07:52:17,993 - root - INFO - Fetched weather for Újkér: 33.5°C, Clear, humidity: 46%
2026-06-28 07:52:19,095 - root - INFO - [701/1205] Fetching weather for Bük...
2026-06-28 07:52:19,183 - root - INFO - Fetched weather for Bük: 33.6°C, Clear, humidity: 46%
2026-06-28 07:52:20,285 - root - INFO - [702/1205] Fetching weather for Acsád...
2026-06-28 07:52:20,379 - root - INFO - Fetched weather for Acsád: 33.4°C, Clear, humidity: 46%
2026-06-28 07:52:21,481 - root - INFO - [703/1205] Fetching weather for Salköveskút-Vassurány...
2026-06-28 07:52:21,571 - root - INFO - Fetched weather for Salköveskút-Vassurány: 33.4°C, Clear, humidity: 46%
2026-06-28 07:52:22,673 - root - INFO - [704/1205] Fetching weather for Zalaszentiván...
2026-06-28 07:52:22,764 - root - INFO - Fetched weather for Zalaszentiván: 31.0°C, Clear, humidity: 44%
2026-06-28 07:52:23,866 - root - INFO - [705/1205] Fetching weather for Alsónemesapáti...
2026-06-28 07:52:23,964 - root - INFO - Fetched weather for Alsónemesapáti: 31.2°C, Clear, humidity: 44%
2026-06-28 07:52:25,066 - root - INFO - [706/1205] Fetching weather for Józsa...
2026-06-28 07:52:25,156 - root - INFO - Fetched weather for Józsa: 30.6°C, Clear, humidity: 39%
2026-06-28 07:52:26,257 - root - INFO - [707/1205] Fetching weather for Hajdúszentgyörgy...
2026-06-28 07:52:26,351 - root - INFO - Fetched weather for Hajdúszentgyörgy: 30.6°C, Clear, humidity: 39%
2026-06-28 07:52:27,453 - root - INFO - [708/1205] Fetching weather for Zelemér...
2026-06-28 07:52:27,545 - root - INFO - Fetched weather for Zelemér: 30.5°C, Clear, humidity: 39%
2026-06-28 07:52:28,647 - root - INFO - [709/1205] Fetching weather for Hajdúböszörmény...
2026-06-28 07:52:28,747 - root - INFO - Fetched weather for Hajdúböszörmény: 30.6°C, Clear, humidity: 40%
2026-06-28 07:52:29,848 - root - INFO - [710/1205] Fetching weather for Hajdúvid...
2026-06-28 07:52:29,942 - root - INFO - Fetched weather for Hajdúvid: 30.7°C, Clear, humidity: 40%
2026-06-28 07:52:31,044 - root - INFO - [711/1205] Fetching weather for Hajdúdorog...
2026-06-28 07:52:31,135 - root - INFO - Fetched weather for Hajdúdorog: 30.6°C, Clear, humidity: 40%
2026-06-28 07:52:32,237 - root - INFO - [712/1205] Fetching weather for Hajdúnánás...
2026-06-28 07:52:32,331 - root - INFO - Fetched weather for Hajdúnánás: 30.7°C, Clear, humidity: 40%
2026-06-28 07:52:33,432 - root - INFO - [713/1205] Fetching weather for Hajdúnánás-Vásártér...
2026-06-28 07:52:33,539 - root - INFO - Fetched weather for Hajdúnánás-Vásártér: 30.7°C, Clear, humidity: 40%
2026-06-28 07:52:34,640 - root - INFO - [714/1205] Fetching weather for Tedej...
2026-06-28 07:52:34,740 - root - INFO - Fetched weather for Tedej: 31.5°C, Clear, humidity: 41%
2026-06-28 07:52:35,842 - root - INFO - [715/1205] Fetching weather for Tiszavasvári...
2026-06-28 07:52:35,932 - root - INFO - Fetched weather for Tiszavasvári: 31.5°C, Clear, humidity: 32%
2026-06-28 07:52:37,033 - root - INFO - [716/1205] Fetching weather for Egyházerdő...
2026-06-28 07:52:37,127 - root - INFO - Fetched weather for Egyházerdő: 31.6°C, Clear, humidity: 32%
2026-06-28 07:52:38,229 - root - INFO - [717/1205] Fetching weather for Tiszalök...
2026-06-28 07:52:38,319 - root - INFO - Fetched weather for Tiszalök: 31.5°C, Clear, humidity: 32%
2026-06-28 07:52:39,421 - root - INFO - [718/1205] Fetching weather for Hajnalos...
2026-06-28 07:52:39,516 - root - INFO - Fetched weather for Hajnalos: 31.5°C, Clear, humidity: 32%
2026-06-28 07:52:40,617 - root - INFO - [719/1205] Fetching weather for Kisfástanya...
2026-06-28 07:52:40,714 - root - INFO - Fetched weather for Kisfástanya: 31.5°C, Clear, humidity: 32%
2026-06-28 07:52:41,816 - root - INFO - [720/1205] Fetching weather for Tiszaeszlár...
2026-06-28 07:52:41,911 - root - INFO - Fetched weather for Tiszaeszlár: 31.5°C, Clear, humidity: 32%
2026-06-28 07:52:43,013 - root - INFO - [721/1205] Fetching weather for Bashalom...
2026-06-28 07:52:43,104 - root - INFO - Fetched weather for Bashalom: 31.5°C, Clear, humidity: 32%
2026-06-28 07:52:44,206 - root - INFO - [722/1205] Fetching weather for Sáránd...
2026-06-28 07:52:44,298 - root - INFO - Fetched weather for Sáránd: 31.0°C, Clear, humidity: 37%
2026-06-28 07:52:45,400 - root - INFO - [723/1205] Fetching weather for Derecske...
2026-06-28 07:52:45,494 - root - INFO - Fetched weather for Derecske: 31.1°C, Clear, humidity: 36%
2026-06-28 07:52:46,596 - root - INFO - [724/1205] Fetching weather for Derecske-Vásártér...
2026-06-28 07:52:46,690 - root - INFO - Fetched weather for Derecske-Vásártér: 31.1°C, Clear, humidity: 36%
2026-06-28 07:52:47,791 - root - INFO - [725/1205] Fetching weather for Konyár...
2026-06-28 07:52:47,884 - root - INFO - Fetched weather for Konyár: 31.2°C, Clear, humidity: 36%
2026-06-28 07:52:48,986 - root - INFO - [726/1205] Fetching weather for Konyári Sóstófürdő...
2026-06-28 07:52:49,078 - root - INFO - Fetched weather for Konyári Sóstófürdő: 31.2°C, Clear, humidity: 37%
2026-06-28 07:52:50,180 - root - INFO - [727/1205] Fetching weather for Pocsaj-Esztár...
2026-06-28 07:52:50,273 - root - INFO - Fetched weather for Pocsaj-Esztár: 32.5°C, Clear, humidity: 38%
2026-06-28 07:52:51,375 - root - INFO - [728/1205] Fetching weather for Kismarja...
2026-06-28 07:52:51,466 - root - INFO - Fetched weather for Kismarja: 32.5°C, Clear, humidity: 38%
2026-06-28 07:52:52,567 - root - INFO - [729/1205] Fetching weather for Nagykereki...
2026-06-28 07:52:52,665 - root - INFO - Fetched weather for Nagykereki: 32.5°C, Clear, humidity: 41%
2026-06-28 07:52:53,766 - root - INFO - [730/1205] Fetching weather for Debrecen-Szabadságtelep...
2026-06-28 07:52:53,862 - root - INFO - Fetched weather for Debrecen-Szabadságtelep: 30.7°C, Clear, humidity: 38%
2026-06-28 07:52:54,964 - root - INFO - [731/1205] Fetching weather for Kondoroskert...
2026-06-28 07:52:55,058 - root - INFO - Fetched weather for Kondoroskert: 30.7°C, Clear, humidity: 39%
2026-06-28 07:52:56,160 - root - INFO - [732/1205] Fetching weather for Nagycsere...
2026-06-28 07:52:56,255 - root - INFO - Fetched weather for Nagycsere: 30.7°C, Clear, humidity: 39%
2026-06-28 07:52:57,357 - root - INFO - [733/1205] Fetching weather for Haláp...
2026-06-28 07:52:57,458 - root - INFO - Fetched weather for Haláp: 30.7°C, Clear, humidity: 39%
2026-06-28 07:52:58,559 - root - INFO - [734/1205] Fetching weather for Vámospércs...
2026-06-28 07:52:58,642 - root - INFO - Fetched weather for Vámospércs: 30.6°C, Clear, humidity: 40%
2026-06-28 07:52:59,744 - root - INFO - [735/1205] Fetching weather for Szentannapuszta...
2026-06-28 07:52:59,835 - root - INFO - Fetched weather for Szentannapuszta: 30.6°C, Clear, humidity: 41%
2026-06-28 07:53:00,936 - root - INFO - [736/1205] Fetching weather for Nyírábrány...
2026-06-28 07:53:01,031 - root - INFO - Fetched weather for Nyírábrány: 30.6°C, Clear, humidity: 41%
2026-06-28 07:53:02,132 - root - INFO - [737/1205] Fetching weather for Dombostanya...
2026-06-28 07:53:02,232 - root - INFO - Fetched weather for Dombostanya: 30.6°C, Clear, humidity: 39%
2026-06-28 07:53:03,334 - root - INFO - [738/1205] Fetching weather for Hajdúsámson...
2026-06-28 07:53:03,428 - root - INFO - Fetched weather for Hajdúsámson: 30.6°C, Clear, humidity: 40%
2026-06-28 07:53:04,530 - root - INFO - [739/1205] Fetching weather for Tamásipuszta...
2026-06-28 07:53:04,625 - root - INFO - Fetched weather for Tamásipuszta: 30.5°C, Clear, humidity: 40%
2026-06-28 07:53:05,726 - root - INFO - [740/1205] Fetching weather for Aradványpuszta...
2026-06-28 07:53:05,819 - root - INFO - Fetched weather for Aradványpuszta: 30.5°C, Clear, humidity: 41%
2026-06-28 07:53:06,920 - root - INFO - [741/1205] Fetching weather for Nyíradony...
2026-06-28 07:53:07,017 - root - INFO - Fetched weather for Nyíradony: 30.4°C, Clear, humidity: 42%
2026-06-28 07:53:08,119 - root - INFO - [742/1205] Fetching weather for Nyírmihálydi...
2026-06-28 07:53:08,214 - root - INFO - Fetched weather for Nyírmihálydi: 30.4°C, Clear, humidity: 42%
2026-06-28 07:53:09,316 - root - INFO - [743/1205] Fetching weather for Nyírgelse...
2026-06-28 07:53:09,409 - root - INFO - Fetched weather for Nyírgelse: 30.4°C, Clear, humidity: 42%
2026-06-28 07:53:10,511 - root - INFO - [744/1205] Fetching weather for Nyírbogát...
2026-06-28 07:53:10,609 - root - INFO - Fetched weather for Nyírbogát: 30.5°C, Clear, humidity: 42%
2026-06-28 07:53:11,710 - root - INFO - [745/1205] Fetching weather for Nagykálló...
2026-06-28 07:53:11,805 - root - INFO - Fetched weather for Nagykálló: 30.6°C, Clear, humidity: 42%
2026-06-28 07:53:12,907 - root - INFO - [746/1205] Fetching weather for Kállósemjén...
2026-06-28 07:53:12,999 - root - INFO - Fetched weather for Kállósemjén: 30.6°C, Clear, humidity: 42%
2026-06-28 07:53:14,101 - root - INFO - [747/1205] Fetching weather for Nyírbátor...
2026-06-28 07:53:14,191 - root - INFO - Fetched weather for Nyírbátor: 30.5°C, Clear, humidity: 42%
2026-06-28 07:53:15,293 - root - INFO - [748/1205] Fetching weather for Nyírcsászári...
2026-06-28 07:53:15,386 - root - INFO - Fetched weather for Nyírcsászári: 30.6°C, Clear, humidity: 42%
2026-06-28 07:53:16,488 - root - INFO - [749/1205] Fetching weather for Hodász...
2026-06-28 07:53:16,584 - root - INFO - Fetched weather for Hodász: 30.6°C, Clear, humidity: 43%
2026-06-28 07:53:17,685 - root - INFO - [750/1205] Fetching weather for Nyírmeggyes...
2026-06-28 07:53:17,775 - root - INFO - Fetched weather for Nyírmeggyes: 30.7°C, Clear, humidity: 43%
2026-06-28 07:53:18,877 - root - INFO - [751/1205] Fetching weather for Mátészalka...
2026-06-28 07:53:18,968 - root - INFO - Fetched weather for Mátészalka: 30.7°C, Clear, humidity: 44%
2026-06-28 07:53:20,069 - root - INFO - [752/1205] Fetching weather for Kocsord...
2026-06-28 07:53:20,179 - root - INFO - Fetched weather for Kocsord: 30.9°C, Clear, humidity: 44%
2026-06-28 07:53:21,281 - root - INFO - [753/1205] Fetching weather for Kocsord alsó...
2026-06-28 07:53:21,371 - root - INFO - Fetched weather for Kocsord alsó: 30.9°C, Clear, humidity: 44%
2026-06-28 07:53:22,473 - root - INFO - [754/1205] Fetching weather for Győrtelek...
2026-06-28 07:53:22,565 - root - INFO - Fetched weather for Győrtelek: 30.9°C, Clear, humidity: 45%
2026-06-28 07:53:23,667 - root - INFO - [755/1205] Fetching weather for Győrtelek alsó...
2026-06-28 07:53:23,757 - root - INFO - Fetched weather for Győrtelek alsó: 30.9°C, Clear, humidity: 45%
2026-06-28 07:53:24,859 - root - INFO - [756/1205] Fetching weather for Ököritófülpös...
2026-06-28 07:53:24,948 - root - INFO - Fetched weather for Ököritófülpös: 30.9°C, Clear, humidity: 45%
2026-06-28 07:53:26,050 - root - INFO - [757/1205] Fetching weather for Porcsalma-Tyukod...
2026-06-28 07:53:26,147 - root - INFO - Fetched weather for Porcsalma-Tyukod: 32.3°C, Clear, humidity: 46%
2026-06-28 07:53:27,249 - root - INFO - [758/1205] Fetching weather for Csenger...
2026-06-28 07:53:27,341 - root - INFO - Fetched weather for Csenger: 32.3°C, Clear, humidity: 47%
2026-06-28 07:53:28,443 - root - INFO - [759/1205] Fetching weather for Kisfái...
2026-06-28 07:53:28,537 - root - INFO - Fetched weather for Kisfái: 37.7°C, Clear, humidity: 19%
2026-06-28 07:53:29,638 - root - INFO - [760/1205] Fetching weather for Nyárlőrinci szőlők...
2026-06-28 07:53:29,739 - root - INFO - Fetched weather for Nyárlőrinci szőlők: 37.7°C, Clear, humidity: 19%
2026-06-28 07:53:30,841 - root - INFO - [761/1205] Fetching weather for Nyárlőrinc alsó...
2026-06-28 07:53:30,936 - root - INFO - Fetched weather for Nyárlőrinc alsó: 37.7°C, Clear, humidity: 19%
2026-06-28 07:53:32,037 - root - INFO - [762/1205] Fetching weather for Tiszaug-Tiszahídfő...
2026-06-28 07:53:32,133 - root - INFO - Fetched weather for Tiszaug-Tiszahídfő: 35.5°C, Clear, humidity: 31%
2026-06-28 07:53:33,235 - root - INFO - [763/1205] Fetching weather for Csongrádi úti tanyák...
2026-06-28 07:53:33,330 - root - INFO - Fetched weather for Csongrádi úti tanyák: 35.6°C, Clear, humidity: 33%
2026-06-28 07:53:34,432 - root - INFO - [764/1205] Fetching weather for Kettőshalom...
2026-06-28 07:53:34,525 - root - INFO - Fetched weather for Kettőshalom: 35.6°C, Clear, humidity: 33%
2026-06-28 07:53:35,626 - root - INFO - [765/1205] Fetching weather for Csongrád alsó...
2026-06-28 07:53:35,717 - root - INFO - Fetched weather for Csongrád alsó: 35.6°C, Clear, humidity: 32%
2026-06-28 07:53:36,819 - root - INFO - [766/1205] Fetching weather for Dónát...
2026-06-28 07:53:36,909 - root - INFO - Fetched weather for Dónát: 32.8°C, Clear, humidity: 32%
2026-06-28 07:53:38,011 - root - INFO - [767/1205] Fetching weather for Pusztatemplom...
2026-06-28 07:53:38,100 - root - INFO - Fetched weather for Pusztatemplom: 32.8°C, Clear, humidity: 32%
2026-06-28 07:53:39,202 - root - INFO - [768/1205] Fetching weather for Előhát...
2026-06-28 07:53:39,297 - root - INFO - Fetched weather for Előhát: 33.9°C, Clear, humidity: 37%
2026-06-28 07:53:40,399 - root - INFO - [769/1205] Fetching weather for Polgárdi-Tekerespuszta...
2026-06-28 07:53:40,492 - root - INFO - Fetched weather for Polgárdi-Tekerespuszta: 32.4°C, Clear, humidity: 33%
2026-06-28 07:53:41,594 - root - INFO - [770/1205] Fetching weather for Szatina-Kishajmás...
2026-06-28 07:53:41,688 - root - INFO - Fetched weather for Szatina-Kishajmás: 31.6°C, Clear, humidity: 38%
2026-06-28 07:53:42,789 - root - INFO - [771/1205] Fetching weather for Márok...
2026-06-28 07:53:42,883 - root - INFO - Fetched weather for Márok: 32.6°C, Clear, humidity: 57%
2026-06-28 07:53:43,984 - root - INFO - [772/1205] Fetching weather for Nagynyárád...
2026-06-28 07:53:44,076 - root - INFO - Fetched weather for Nagynyárád: 34.0°C, Clear, humidity: 34%
2026-06-28 07:53:45,177 - root - INFO - [773/1205] Fetching weather for Szászvár...
2026-06-28 07:53:45,273 - root - INFO - Fetched weather for Szászvár: 33.6°C, Clear, humidity: 34%
2026-06-28 07:53:46,375 - root - INFO - [774/1205] Fetching weather for Cikó...
2026-06-28 07:53:46,466 - root - INFO - Fetched weather for Cikó: 33.9°C, Clear, humidity: 33%
2026-06-28 07:53:47,567 - root - INFO - [775/1205] Fetching weather for Gyöngyfa-Magyarmecske...
2026-06-28 07:53:47,663 - root - INFO - Fetched weather for Gyöngyfa-Magyarmecske: 30.5°C, Clear, humidity: 47%
2026-06-28 07:53:48,764 - root - INFO - [776/1205] Fetching weather for Nagyhát...
2026-06-28 07:53:48,855 - root - INFO - Fetched weather for Nagyhát: 30.7°C, Clear, humidity: 39%
2026-06-28 07:53:49,957 - root - INFO - [777/1205] Fetching weather for Balmazújváros...
2026-06-28 07:53:50,055 - root - INFO - Fetched weather for Balmazújváros: 30.8°C, Clear, humidity: 39%
2026-06-28 07:53:51,157 - root - INFO - [778/1205] Fetching weather for Kónya...
2026-06-28 07:53:51,250 - root - INFO - Fetched weather for Kónya: 30.9°C, Clear, humidity: 39%
2026-06-28 07:53:52,351 - root - INFO - [779/1205] Fetching weather for Hortobágy...
2026-06-28 07:53:52,446 - root - INFO - Fetched weather for Hortobágy: 30.9°C, Clear, humidity: 39%
2026-06-28 07:53:53,548 - root - INFO - [780/1205] Fetching weather for Hortobágyi Halastó...
2026-06-28 07:53:53,645 - root - INFO - Fetched weather for Hortobágyi Halastó: 30.9°C, Clear, humidity: 39%
2026-06-28 07:53:54,746 - root - INFO - [781/1205] Fetching weather for Ohat-Pusztakócs...
2026-06-28 07:53:54,839 - root - INFO - Fetched weather for Ohat-Pusztakócs: 30.8°C, Clear, humidity: 39%
2026-06-28 07:53:55,940 - root - INFO - [782/1205] Fetching weather for Egyek...
2026-06-28 07:53:56,031 - root - INFO - Fetched weather for Egyek: 33.9°C, Clear, humidity: 39%
2026-06-28 07:53:57,132 - root - INFO - [783/1205] Fetching weather for Tiszafüred...
2026-06-28 07:53:57,226 - root - INFO - Fetched weather for Tiszafüred: 33.9°C, Clear, humidity: 39%
2026-06-28 07:53:58,327 - root - INFO - [784/1205] Fetching weather for Poroszló...
2026-06-28 07:53:58,428 - root - INFO - Fetched weather for Poroszló: 33.9°C, Clear, humidity: 39%
2026-06-28 07:53:59,530 - root - INFO - [785/1205] Fetching weather for Kétútköz...
2026-06-28 07:53:59,636 - root - INFO - Fetched weather for Kétútköz: 33.8°C, Clear, humidity: 40%
2026-06-28 07:54:00,738 - root - INFO - [786/1205] Fetching weather for Egerfarmos...
2026-06-28 07:54:00,836 - root - INFO - Fetched weather for Egerfarmos: 33.8°C, Clear, humidity: 40%
2026-06-28 07:54:01,937 - root - INFO - [787/1205] Fetching weather for Piliscsaba...
2026-06-28 07:54:02,032 - root - INFO - Fetched weather for Piliscsaba: 32.5°C, Clear, humidity: 39%
2026-06-28 07:54:03,134 - root - INFO - [788/1205] Fetching weather for Pilisjászfalu...
2026-06-28 07:54:03,226 - root - INFO - Fetched weather for Pilisjászfalu: 32.7°C, Clear, humidity: 37%
2026-06-28 07:54:04,327 - root - INFO - [789/1205] Fetching weather for Leányvár...
2026-06-28 07:54:04,422 - root - INFO - Fetched weather for Leányvár: 32.8°C, Clear, humidity: 37%
2026-06-28 07:54:05,523 - root - INFO - [790/1205] Fetching weather for Dorog...
2026-06-28 07:54:05,623 - root - INFO - Fetched weather for Dorog: 33.0°C, Clear, humidity: 37%
2026-06-28 07:54:06,724 - root - INFO - [791/1205] Fetching weather for Esztergom-Kertváros...
2026-06-28 07:54:06,818 - root - INFO - Fetched weather for Esztergom-Kertváros: 33.1°C, Clear, humidity: 37%
2026-06-28 07:54:07,920 - root - INFO - [792/1205] Fetching weather for Esztergom...
2026-06-28 07:54:08,023 - root - INFO - Fetched weather for Esztergom: 33.2°C, Clear, humidity: 37%
2026-06-28 07:54:09,125 - root - INFO - [793/1205] Fetching weather for Dunaalmás...
2026-06-28 07:54:09,217 - root - INFO - Fetched weather for Dunaalmás: 32.0°C, Clear, humidity: 36%
2026-06-28 07:54:10,318 - root - INFO - [794/1205] Fetching weather for Neszmély...
2026-06-28 07:54:10,422 - root - INFO - Fetched weather for Neszmély: 32.0°C, Clear, humidity: 36%
2026-06-28 07:54:11,524 - root - INFO - [795/1205] Fetching weather for Süttő...
2026-06-28 07:54:11,622 - root - INFO - Fetched weather for Süttő: 32.0°C, Clear, humidity: 37%
2026-06-28 07:54:12,723 - root - INFO - [796/1205] Fetching weather for Piszke...
2026-06-28 07:54:12,813 - root - INFO - Fetched weather for Piszke: 32.0°C, Clear, humidity: 37%
2026-06-28 07:54:13,915 - root - INFO - [797/1205] Fetching weather for Lábatlan...
2026-06-28 07:54:14,011 - root - INFO - Fetched weather for Lábatlan: 32.0°C, Clear, humidity: 37%
2026-06-28 07:54:15,113 - root - INFO - [798/1205] Fetching weather for Eternitgyár...
2026-06-28 07:54:15,203 - root - INFO - Fetched weather for Eternitgyár: 32.0°C, Clear, humidity: 37%
2026-06-28 07:54:16,304 - root - INFO - [799/1205] Fetching weather for Nyergesújfalu felső...
2026-06-28 07:54:16,396 - root - INFO - Fetched weather for Nyergesújfalu felső: 32.0°C, Clear, humidity: 37%
2026-06-28 07:54:17,497 - root - INFO - [800/1205] Fetching weather for Nyergesújfalu...
2026-06-28 07:54:17,586 - root - INFO - Fetched weather for Nyergesújfalu: 32.0°C, Clear, humidity: 37%
2026-06-28 07:54:18,687 - root - INFO - [801/1205] Fetching weather for Tokod...
2026-06-28 07:54:18,786 - root - INFO - Fetched weather for Tokod: 33.1°C, Clear, humidity: 37%
2026-06-28 07:54:19,887 - root - INFO - [802/1205] Fetching weather for Környe...
2026-06-28 07:54:19,976 - root - INFO - Fetched weather for Környe: 31.8°C, Clear, humidity: 35%
2026-06-28 07:54:21,078 - root - INFO - [803/1205] Fetching weather for Kecskéd alsó...
2026-06-28 07:54:21,171 - root - INFO - Fetched weather for Kecskéd alsó: 31.8°C, Clear, humidity: 35%
2026-06-28 07:54:22,273 - root - INFO - [804/1205] Fetching weather for Oroszlány...
2026-06-28 07:54:22,362 - root - INFO - Fetched weather for Oroszlány: 31.8°C, Clear, humidity: 35%
2026-06-28 07:54:23,463 - root - INFO - [805/1205] Fetching weather for Győrszabadhegy...
2026-06-28 07:54:23,561 - root - INFO - Fetched weather for Győrszabadhegy: 32.0°C, Clear, humidity: 37%
2026-06-28 07:54:24,663 - root - INFO - [806/1205] Fetching weather for Ménfőcsanak felső...
2026-06-28 07:54:24,757 - root - INFO - Fetched weather for Ménfőcsanak felső: 32.1°C, Clear, humidity: 37%
2026-06-28 07:54:25,859 - root - INFO - [807/1205] Fetching weather for Gyömöre-Tét...
2026-06-28 07:54:25,954 - root - INFO - Fetched weather for Gyömöre-Tét: 32.0°C, Clear, humidity: 36%
2026-06-28 07:54:27,056 - root - INFO - [808/1205] Fetching weather for Szerecseny...
2026-06-28 07:54:27,150 - root - INFO - Fetched weather for Szerecseny: 32.0°C, Clear, humidity: 36%
2026-06-28 07:54:28,252 - root - INFO - [809/1205] Fetching weather for Gecse-Gyarmat...
2026-06-28 07:54:28,343 - root - INFO - Fetched weather for Gecse-Gyarmat: 31.9°C, Clear, humidity: 36%
2026-06-28 07:54:29,445 - root - INFO - [810/1205] Fetching weather for Vaszar...
2026-06-28 07:54:29,535 - root - INFO - Fetched weather for Vaszar: 32.0°C, Clear, humidity: 36%
2026-06-28 07:54:30,637 - root - INFO - [811/1205] Fetching weather for Pápa...
2026-06-28 07:54:30,725 - root - INFO - Fetched weather for Pápa: 32.0°C, Clear, humidity: 36%
2026-06-28 07:54:31,826 - root - INFO - [812/1205] Fetching weather for Mezőlak...
2026-06-28 07:54:31,927 - root - INFO - Fetched weather for Mezőlak: 31.9°C, Clear, humidity: 37%
2026-06-28 07:54:33,029 - root - INFO - [813/1205] Fetching weather for Mihályháza...
2026-06-28 07:54:33,122 - root - INFO - Fetched weather for Mihályháza: 31.9°C, Clear, humidity: 37%
2026-06-28 07:54:34,223 - root - INFO - [814/1205] Fetching weather for Vinár...
2026-06-28 07:54:34,316 - root - INFO - Fetched weather for Vinár: 31.9°C, Clear, humidity: 38%
2026-06-28 07:54:35,417 - root - INFO - [815/1205] Fetching weather for Külsővat...
2026-06-28 07:54:35,517 - root - INFO - Fetched weather for Külsővat: 31.8°C, Clear, humidity: 38%
2026-06-28 07:54:36,618 - root - INFO - [816/1205] Fetching weather for Celldömölk...
2026-06-28 07:54:36,706 - root - INFO - Fetched weather for Celldömölk: 31.7°C, Clear, humidity: 39%
2026-06-28 07:54:37,808 - root - INFO - [817/1205] Fetching weather for Kemenesmihályfa...
2026-06-28 07:54:37,901 - root - INFO - Fetched weather for Kemenesmihályfa: 31.2°C, Clear, humidity: 39%
2026-06-28 07:54:39,003 - root - INFO - [818/1205] Fetching weather for Nagysimonyi...
2026-06-28 07:54:39,096 - root - INFO - Fetched weather for Nagysimonyi: 31.3°C, Clear, humidity: 40%
2026-06-28 07:54:40,198 - root - INFO - [819/1205] Fetching weather for Ostffyasszonyfa...
2026-06-28 07:54:40,291 - root - INFO - Fetched weather for Ostffyasszonyfa: 31.3°C, Clear, humidity: 40%
2026-06-28 07:54:41,393 - root - INFO - [820/1205] Fetching weather for Sárvár...
2026-06-28 07:54:41,487 - root - INFO - Fetched weather for Sárvár: 31.2°C, Clear, humidity: 42%
2026-06-28 07:54:42,589 - root - INFO - [821/1205] Fetching weather for Porpác...
2026-06-28 07:54:42,682 - root - INFO - Fetched weather for Porpác: 33.6°C, Clear, humidity: 43%
2026-06-28 07:54:43,784 - root - INFO - [822/1205] Fetching weather for Balatonföldvár...
2026-06-28 07:54:43,880 - root - INFO - Fetched weather for Balatonföldvár: 30.5°C, Clear, humidity: 33%
2026-06-28 07:54:44,982 - root - INFO - [823/1205] Fetching weather for Balatonszárszó...
2026-06-28 07:54:45,074 - root - INFO - Fetched weather for Balatonszárszó: 30.6°C, Clear, humidity: 33%
2026-06-28 07:54:46,176 - root - INFO - [824/1205] Fetching weather for Balatonszemes...
2026-06-28 07:54:46,273 - root - INFO - Fetched weather for Balatonszemes: 30.5°C, Clear, humidity: 33%
2026-06-28 07:54:47,375 - root - INFO - [825/1205] Fetching weather for Balatonlelle felső...
2026-06-28 07:54:47,468 - root - INFO - Fetched weather for Balatonlelle felső: 30.6°C, Clear, humidity: 33%
2026-06-28 07:54:48,570 - root - INFO - [826/1205] Fetching weather for Balatonlelle...
2026-06-28 07:54:48,659 - root - INFO - Fetched weather for Balatonlelle: 30.5°C, Clear, humidity: 43%
2026-06-28 07:54:49,761 - root - INFO - [827/1205] Fetching weather for Fonyódliget...
2026-06-28 07:54:49,853 - root - INFO - Fetched weather for Fonyódliget: 30.5°C, Clear, humidity: 44%
2026-06-28 07:54:50,955 - root - INFO - [828/1205] Fetching weather for Balatonboglár...
2026-06-28 07:54:51,048 - root - INFO - Fetched weather for Balatonboglár: 30.5°C, Clear, humidity: 43%
2026-06-28 07:54:52,150 - root - INFO - [829/1205] Fetching weather for Balatonfenyves alsó...
2026-06-28 07:54:52,257 - root - INFO - Fetched weather for Balatonfenyves alsó: 31.0°C, Clear, humidity: 43%
2026-06-28 07:54:53,359 - root - INFO - [830/1205] Fetching weather for Fonyód...
2026-06-28 07:54:53,449 - root - INFO - Fetched weather for Fonyód: 30.8°C, Clear, humidity: 44%
2026-06-28 07:54:54,550 - root - INFO - [831/1205] Fetching weather for Bélatelep...
2026-06-28 07:54:54,651 - root - INFO - Fetched weather for Bélatelep: 30.9°C, Clear, humidity: 44%
2026-06-28 07:54:55,753 - root - INFO - [832/1205] Fetching weather for Alsóbélatelep...
2026-06-28 07:54:55,851 - root - INFO - Fetched weather for Alsóbélatelep: 30.9°C, Clear, humidity: 44%
2026-06-28 07:54:56,953 - root - INFO - [833/1205] Fetching weather for Balatonfenyves...
2026-06-28 07:54:57,036 - root - INFO - Fetched weather for Balatonfenyves: 30.9°C, Clear, humidity: 43%
2026-06-28 07:54:58,137 - root - INFO - [834/1205] Fetching weather for Máriahullámtelep...
2026-06-28 07:54:58,232 - root - INFO - Fetched weather for Máriahullámtelep: 31.0°C, Clear, humidity: 43%
2026-06-28 07:54:59,334 - root - INFO - [835/1205] Fetching weather for Balatonmáriafürdő...
2026-06-28 07:54:59,432 - root - INFO - Fetched weather for Balatonmáriafürdő: 31.3°C, Clear, humidity: 42%
2026-06-28 07:55:00,534 - root - INFO - [836/1205] Fetching weather for Balatonberény...
2026-06-28 07:55:00,623 - root - INFO - Fetched weather for Balatonberény: 31.3°C, Clear, humidity: 41%
2026-06-28 07:55:01,724 - root - INFO - [837/1205] Fetching weather for Balatonszentgyörgy...
2026-06-28 07:55:01,835 - root - INFO - Fetched weather for Balatonszentgyörgy: 31.4°C, Clear, humidity: 41%
2026-06-28 07:55:02,936 - root - INFO - [838/1205] Fetching weather for Vörs...
2026-06-28 07:55:03,034 - root - INFO - Fetched weather for Vörs: 31.6°C, Clear, humidity: 40%
2026-06-28 07:55:04,136 - root - INFO - [839/1205] Fetching weather for Zalaszentjakab...
2026-06-28 07:55:04,228 - root - INFO - Fetched weather for Zalaszentjakab: 31.2°C, Clear, humidity: 41%
2026-06-28 07:55:05,329 - root - INFO - [840/1205] Fetching weather for Nagykanizsa...
2026-06-28 07:55:05,423 - root - INFO - Fetched weather for Nagykanizsa: 31.1°C, Clear, humidity: 43%
2026-06-28 07:55:06,525 - root - INFO - [841/1205] Fetching weather for Murakeresztúr...
2026-06-28 07:55:06,621 - root - INFO - Fetched weather for Murakeresztúr: 30.6°C, Clear, humidity: 47%
2026-06-28 07:55:07,723 - root - INFO - [842/1205] Fetching weather for Zalakomár...
2026-06-28 07:55:07,814 - root - INFO - Fetched weather for Zalakomár: 31.4°C, Clear, humidity: 41%
2026-06-28 07:55:08,915 - root - INFO - [843/1205] Fetching weather for Szárazrét...
2026-06-28 07:55:09,010 - root - INFO - Fetched weather for Szárazrét: 32.4°C, Clear, humidity: 34%
2026-06-28 07:55:10,112 - root - INFO - [844/1205] Fetching weather for Bodajk...
2026-06-28 07:55:10,207 - root - INFO - Fetched weather for Bodajk: 32.1°C, Clear, humidity: 34%
2026-06-28 07:55:11,309 - root - INFO - [845/1205] Fetching weather for Csókakő...
2026-06-28 07:55:11,407 - root - INFO - Fetched weather for Csókakő: 31.8°C, Clear, humidity: 34%
2026-06-28 07:55:12,509 - root - INFO - [846/1205] Fetching weather for Mór...
2026-06-28 07:55:12,597 - root - INFO - Fetched weather for Mór: 31.9°C, Clear, humidity: 34%
2026-06-28 07:55:13,699 - root - INFO - [847/1205] Fetching weather for Bakonysárkány...
2026-06-28 07:55:13,795 - root - INFO - Fetched weather for Bakonysárkány: 31.5°C, Clear, humidity: 34%
2026-06-28 07:55:14,896 - root - INFO - [848/1205] Fetching weather for Kisbér...
2026-06-28 07:55:14,989 - root - INFO - Fetched weather for Kisbér: 31.8°C, Clear, humidity: 34%
2026-06-28 07:55:16,091 - root - INFO - [849/1205] Fetching weather for Nagyigmánd-Bábolna...
2026-06-28 07:55:16,187 - root - INFO - Fetched weather for Nagyigmánd-Bábolna: 32.0°C, Clear, humidity: 35%
2026-06-28 07:55:17,289 - root - INFO - [850/1205] Fetching weather for Budapest-Déli...
2026-06-28 07:55:17,377 - root - INFO - Fetched weather for Budapest-Déli: 33.3°C, Clear, humidity: 41%
2026-06-28 07:55:18,479 - root - INFO - [851/1205] Fetching weather for Budapest-Kelenföld...
2026-06-28 07:55:18,568 - root - INFO - Fetched weather for Budapest-Kelenföld: 33.3°C, Clear, humidity: 41%
2026-06-28 07:55:19,669 - root - INFO - [852/1205] Fetching weather for Budaörs...
2026-06-28 07:55:19,761 - root - INFO - Fetched weather for Budaörs: 33.2°C, Clear, humidity: 41%
2026-06-28 07:55:20,863 - root - INFO - [853/1205] Fetching weather for Biatorbágy...
2026-06-28 07:55:20,960 - root - INFO - Fetched weather for Biatorbágy: 32.8°C, Clear, humidity: 40%
2026-06-28 07:55:22,062 - root - INFO - [854/1205] Fetching weather for Herceghalom...
2026-06-28 07:55:22,152 - root - INFO - Fetched weather for Herceghalom: 33.0°C, Clear, humidity: 39%
2026-06-28 07:55:23,254 - root - INFO - [855/1205] Fetching weather for Bicske...
2026-06-28 07:55:23,350 - root - INFO - Fetched weather for Bicske: 32.8°C, Clear, humidity: 36%
2026-06-28 07:55:24,451 - root - INFO - [856/1205] Fetching weather for Szár...
2026-06-28 07:55:24,544 - root - INFO - Fetched weather for Szár: 32.6°C, Clear, humidity: 36%
2026-06-28 07:55:25,645 - root - INFO - [857/1205] Fetching weather for Szárliget...
2026-06-28 07:55:25,737 - root - INFO - Fetched weather for Szárliget: 31.4°C, Clear, humidity: 36%
2026-06-28 07:55:26,839 - root - INFO - [858/1205] Fetching weather for Alsógalla...
2026-06-28 07:55:26,933 - root - INFO - Fetched weather for Alsógalla: 31.8°C, Clear, humidity: 36%
2026-06-28 07:55:28,034 - root - INFO - [859/1205] Fetching weather for Tatabánya...
2026-06-28 07:55:28,123 - root - INFO - Fetched weather for Tatabánya: 31.9°C, Clear, humidity: 36%
2026-06-28 07:55:29,225 - root - INFO - [860/1205] Fetching weather for Vértesszőlős...
2026-06-28 07:55:29,316 - root - INFO - Fetched weather for Vértesszőlős: 31.9°C, Clear, humidity: 36%
2026-06-28 07:55:30,418 - root - INFO - [861/1205] Fetching weather for Tóvároskert...
2026-06-28 07:55:30,511 - root - INFO - Fetched weather for Tóvároskert: 31.9°C, Clear, humidity: 36%
2026-06-28 07:55:31,612 - root - INFO - [862/1205] Fetching weather for Tata...
2026-06-28 07:55:31,701 - root - INFO - Fetched weather for Tata: 31.9°C, Clear, humidity: 36%
2026-06-28 07:55:32,802 - root - INFO - [863/1205] Fetching weather for Almásfüzitő...
2026-06-28 07:55:32,896 - root - INFO - Fetched weather for Almásfüzitő: 32.0°C, Clear, humidity: 36%
2026-06-28 07:55:33,998 - root - INFO - [864/1205] Fetching weather for Almásfüzitő felső...
2026-06-28 07:55:34,097 - root - INFO - Fetched weather for Almásfüzitő felső: 35.0°C, Clear, humidity: 36%
2026-06-28 07:55:35,199 - root - INFO - [865/1205] Fetching weather for Szőny...
2026-06-28 07:55:35,294 - root - INFO - Fetched weather for Szőny: 35.1°C, Clear, humidity: 36%
2026-06-28 07:55:36,396 - root - INFO - [866/1205] Fetching weather for Komárom...
2026-06-28 07:55:36,490 - root - INFO - Fetched weather for Komárom: 35.1°C, Clear, humidity: 36%
2026-06-28 07:55:37,592 - root - INFO - [867/1205] Fetching weather for Ács...
2026-06-28 07:55:37,688 - root - INFO - Fetched weather for Ács: 32.0°C, Clear, humidity: 36%
2026-06-28 07:55:38,789 - root - INFO - [868/1205] Fetching weather for Nagyszentjános...
2026-06-28 07:55:38,879 - root - INFO - Fetched weather for Nagyszentjános: 32.0°C, Clear, humidity: 36%
2026-06-28 07:55:39,980 - root - INFO - [869/1205] Fetching weather for Győrszentiván...
2026-06-28 07:55:40,068 - root - INFO - Fetched weather for Győrszentiván: 32.0°C, Clear, humidity: 36%
2026-06-28 07:55:41,170 - root - INFO - [870/1205] Fetching weather for Győr-Gyárváros...
2026-06-28 07:55:41,264 - root - INFO - Fetched weather for Győr-Gyárváros: 32.1°C, Clear, humidity: 37%
2026-06-28 07:55:42,365 - root - INFO - [871/1205] Fetching weather for Győr...
2026-06-28 07:55:42,455 - root - INFO - Fetched weather for Győr: 32.0°C, Clear, humidity: 37%
2026-06-28 07:55:43,557 - root - INFO - [872/1205] Fetching weather for Öttevény...
2026-06-28 07:55:43,646 - root - INFO - Fetched weather for Öttevény: 32.0°C, Clear, humidity: 38%
2026-06-28 07:55:44,748 - root - INFO - [873/1205] Fetching weather for Lébény-Mosonszentmiklós...
2026-06-28 07:55:44,845 - root - INFO - Fetched weather for Lébény-Mosonszentmiklós: 31.9°C, Clear, humidity: 39%
2026-06-28 07:55:45,946 - root - INFO - [874/1205] Fetching weather for Kimle-Károlyháza...
2026-06-28 07:55:46,042 - root - INFO - Fetched weather for Kimle-Károlyháza: 31.9°C, Clear, humidity: 40%
2026-06-28 07:55:47,144 - root - INFO - [875/1205] Fetching weather for Mosonmagyaróvár...
2026-06-28 07:55:47,239 - root - INFO - Fetched weather for Mosonmagyaróvár: 32.3°C, Clear, humidity: 41%
2026-06-28 07:55:48,341 - root - INFO - [876/1205] Fetching weather for Levél...
2026-06-28 07:55:48,441 - root - INFO - Fetched weather for Levél: 32.2°C, Clear, humidity: 40%
2026-06-28 07:55:49,543 - root - INFO - [877/1205] Fetching weather for Hegyeshalom...
2026-06-28 07:55:49,637 - root - INFO - Fetched weather for Hegyeshalom: 32.2°C, Clear, humidity: 40%
2026-06-28 07:55:50,739 - root - INFO - [878/1205] Fetching weather for Óbuda...
2026-06-28 07:55:50,827 - root - INFO - Fetched weather for Óbuda: 33.9°C, Clear, humidity: 41%
2026-06-28 07:55:51,928 - root - INFO - [879/1205] Fetching weather for Üröm...
2026-06-28 07:55:52,021 - root - INFO - Fetched weather for Üröm: 33.6°C, Clear, humidity: 40%
2026-06-28 07:55:53,122 - root - INFO - [880/1205] Fetching weather for Solymár...
2026-06-28 07:55:53,223 - root - INFO - Fetched weather for Solymár: 33.1°C, Clear, humidity: 39%
2026-06-28 07:55:54,324 - root - INFO - [881/1205] Fetching weather for Pilisvörösvár...
2026-06-28 07:55:54,414 - root - INFO - Fetched weather for Pilisvörösvár: 32.6°C, Clear, humidity: 39%
2026-06-28 07:55:55,515 - root - INFO - [882/1205] Fetching weather for Klotildliget...
2026-06-28 07:55:55,609 - root - INFO - Fetched weather for Klotildliget: 32.4°C, Clear, humidity: 39%
2026-06-28 07:55:56,710 - root - INFO - [883/1205] Fetching weather for Kútvölgy...
2026-06-28 07:55:56,803 - root - INFO - Fetched weather for Kútvölgy: 32.8°C, Clear, humidity: 37%
2026-06-28 07:55:57,905 - root - INFO - [884/1205] Fetching weather for Székkutas...
2026-06-28 07:55:57,998 - root - INFO - Fetched weather for Székkutas: 32.8°C, Clear, humidity: 36%
2026-06-28 07:55:59,100 - root - INFO - [885/1205] Fetching weather for Kaposszentjakab...
2026-06-28 07:55:59,194 - root - INFO - Fetched weather for Kaposszentjakab: 32.4°C, Clear, humidity: 37%
2026-06-28 07:56:00,295 - root - INFO - [886/1205] Fetching weather for Kaposvár...
2026-06-28 07:56:00,389 - root - INFO - Fetched weather for Kaposvár: 32.2°C, Clear, humidity: 37%
2026-06-28 07:56:01,490 - root - INFO - [887/1205] Fetching weather for Kaposújlak...
2026-06-28 07:56:01,591 - root - INFO - Fetched weather for Kaposújlak: 32.1°C, Clear, humidity: 38%
2026-06-28 07:56:02,693 - root - INFO - [888/1205] Fetching weather for Kaposmérő...
2026-06-28 07:56:02,793 - root - INFO - Fetched weather for Kaposmérő: 32.0°C, Clear, humidity: 38%
2026-06-28 07:56:03,894 - root - INFO - [889/1205] Fetching weather for Kaposfő...
2026-06-28 07:56:03,993 - root - INFO - Fetched weather for Kaposfő: 31.9°C, Clear, humidity: 38%
2026-06-28 07:56:05,094 - root - INFO - [890/1205] Fetching weather for Kiskorpád...
2026-06-28 07:56:05,184 - root - INFO - Fetched weather for Kiskorpád: 31.8°C, Clear, humidity: 39%
2026-06-28 07:56:06,286 - root - INFO - [891/1205] Fetching weather for Jákó-Nagybajom...
2026-06-28 07:56:06,379 - root - INFO - Fetched weather for Jákó-Nagybajom: 31.6°C, Clear, humidity: 40%
2026-06-28 07:56:07,480 - root - INFO - [892/1205] Fetching weather for Kutas...
2026-06-28 07:56:07,581 - root - INFO - Fetched weather for Kutas: 31.6°C, Clear, humidity: 41%
2026-06-28 07:56:08,682 - root - INFO - [893/1205] Fetching weather for Beleg...
2026-06-28 07:56:08,777 - root - INFO - Fetched weather for Beleg: 31.7°C, Clear, humidity: 42%
2026-06-28 07:56:09,878 - root - INFO - [894/1205] Fetching weather for Ötvöskónyi...
2026-06-28 07:56:09,973 - root - INFO - Fetched weather for Ötvöskónyi: 31.6°C, Clear, humidity: 43%
2026-06-28 07:56:11,075 - root - INFO - [895/1205] Fetching weather for Somogyszob...
2026-06-28 07:56:11,171 - root - INFO - Fetched weather for Somogyszob: 31.4°C, Clear, humidity: 43%
2026-06-28 07:56:12,273 - root - INFO - [896/1205] Fetching weather for Bolhás...
2026-06-28 07:56:12,368 - root - INFO - Fetched weather for Bolhás: 31.4°C, Clear, humidity: 43%
2026-06-28 07:56:13,470 - root - INFO - [897/1205] Fetching weather for Szenta...
2026-06-28 07:56:13,560 - root - INFO - Fetched weather for Szenta: 31.5°C, Clear, humidity: 42%
2026-06-28 07:56:14,662 - root - INFO - [898/1205] Fetching weather for Zrínyitelep...
2026-06-28 07:56:14,757 - root - INFO - Fetched weather for Zrínyitelep: 31.5°C, Clear, humidity: 42%
2026-06-28 07:56:15,859 - root - INFO - [899/1205] Fetching weather for Csurgó...
2026-06-28 07:56:15,952 - root - INFO - Fetched weather for Csurgó: 31.6°C, Clear, humidity: 42%
2026-06-28 07:56:17,054 - root - INFO - [900/1205] Fetching weather for Gyékényes...
2026-06-28 07:56:17,155 - root - INFO - Fetched weather for Gyékényes: 31.4°C, Clear, humidity: 44%
2026-06-28 07:56:18,256 - root - INFO - [901/1205] Fetching weather for Adony...
2026-06-28 07:56:18,350 - root - INFO - Fetched weather for Adony: 33.3°C, Clear, humidity: 34%
2026-06-28 07:56:19,452 - root - INFO - [902/1205] Fetching weather for Kulcs...
2026-06-28 07:56:19,542 - root - INFO - Fetched weather for Kulcs: 33.1°C, Clear, humidity: 34%
2026-06-28 07:56:20,643 - root - INFO - [903/1205] Fetching weather for Rácalmás...
2026-06-28 07:56:20,735 - root - INFO - Fetched weather for Rácalmás: 33.0°C, Clear, humidity: 34%
2026-06-28 07:56:21,836 - root - INFO - [904/1205] Fetching weather for Dunaújváros...
2026-06-28 07:56:21,930 - root - INFO - Fetched weather for Dunaújváros: 33.1°C, Clear, humidity: 34%
2026-06-28 07:56:23,031 - root - INFO - [905/1205] Fetching weather for Újvenyim...
2026-06-28 07:56:23,120 - root - INFO - Fetched weather for Újvenyim: 33.2°C, Clear, humidity: 34%
2026-06-28 07:56:24,222 - root - INFO - [906/1205] Fetching weather for Mezőfalva...
2026-06-28 07:56:24,314 - root - INFO - Fetched weather for Mezőfalva: 33.2°C, Clear, humidity: 34%
2026-06-28 07:56:25,416 - root - INFO - [907/1205] Fetching weather for Nagykarácsony felső...
2026-06-28 07:56:25,508 - root - INFO - Fetched weather for Nagykarácsony felső: 33.3°C, Clear, humidity: 33%
2026-06-28 07:56:26,610 - root - INFO - [908/1205] Fetching weather for Nagykarácsony...
2026-06-28 07:56:26,703 - root - INFO - Fetched weather for Nagykarácsony: 33.1°C, Clear, humidity: 33%
2026-06-28 07:56:27,804 - root - INFO - [909/1205] Fetching weather for Alap...
2026-06-28 07:56:27,898 - root - INFO - Fetched weather for Alap: 33.4°C, Clear, humidity: 33%
2026-06-28 07:56:28,999 - root - INFO - [910/1205] Fetching weather for Cece...
2026-06-28 07:56:29,093 - root - INFO - Fetched weather for Cece: 33.4°C, Clear, humidity: 33%
2026-06-28 07:56:30,195 - root - INFO - [911/1205] Fetching weather for Vajta...
2026-06-28 07:56:30,292 - root - INFO - Fetched weather for Vajta: 33.4°C, Clear, humidity: 33%
2026-06-28 07:56:31,393 - root - INFO - [912/1205] Fetching weather for Rétszilas alsó...
2026-06-28 07:56:31,488 - root - INFO - Fetched weather for Rétszilas alsó: 33.4°C, Clear, humidity: 33%
2026-06-28 07:56:32,590 - root - INFO - [913/1205] Fetching weather for Nagydorog...
2026-06-28 07:56:32,688 - root - INFO - Fetched weather for Nagydorog: 33.5°C, Clear, humidity: 33%
2026-06-28 07:56:33,789 - root - INFO - [914/1205] Fetching weather for Tengelic...
2026-06-28 07:56:33,878 - root - INFO - Fetched weather for Tengelic: 33.4°C, Clear, humidity: 33%
2026-06-28 07:56:34,979 - root - INFO - [915/1205] Fetching weather for Fácánkert...
2026-06-28 07:56:35,078 - root - INFO - Fetched weather for Fácánkert: 33.4°C, Clear, humidity: 33%
2026-06-28 07:56:36,180 - root - INFO - [916/1205] Fetching weather for Tolna-Mözs...
2026-06-28 07:56:36,279 - root - INFO - Fetched weather for Tolna-Mözs: 33.4°C, Clear, humidity: 33%
2026-06-28 07:56:37,381 - root - INFO - [917/1205] Fetching weather for Szekszárd-Palánk...
2026-06-28 07:56:37,488 - root - INFO - Fetched weather for Szekszárd-Palánk: 33.5°C, Clear, humidity: 33%
2026-06-28 07:56:38,590 - root - INFO - [918/1205] Fetching weather for Szekszárd...
2026-06-28 07:56:38,683 - root - INFO - Fetched weather for Szekszárd: 33.4°C, Clear, humidity: 33%
2026-06-28 07:56:39,784 - root - INFO - [919/1205] Fetching weather for Őcsény...
2026-06-28 07:56:39,877 - root - INFO - Fetched weather for Őcsény: 33.4°C, Clear, humidity: 33%
2026-06-28 07:56:40,979 - root - INFO - [920/1205] Fetching weather for Decs...
2026-06-28 07:56:41,081 - root - INFO - Fetched weather for Decs: 33.4°C, Clear, humidity: 33%
2026-06-28 07:56:42,183 - root - INFO - [921/1205] Fetching weather for Csikóstőttős...
2026-06-28 07:56:42,275 - root - INFO - Fetched weather for Csikóstőttős: 33.2°C, Clear, humidity: 35%
2026-06-28 07:56:43,376 - root - INFO - [922/1205] Fetching weather for Mágocs-Alsómocsolád...
2026-06-28 07:56:43,469 - root - INFO - Fetched weather for Mágocs-Alsómocsolád: 32.6°C, Clear, humidity: 34%
2026-06-28 07:56:44,571 - root - INFO - [923/1205] Fetching weather for Szalatnak...
2026-06-28 07:56:44,658 - root - INFO - Fetched weather for Szalatnak: 32.9°C, Clear, humidity: 34%
2026-06-28 07:56:45,759 - root - INFO - [924/1205] Fetching weather for Máza-Szászvár...
2026-06-28 07:56:45,847 - root - INFO - Fetched weather for Máza-Szászvár: 33.7°C, Clear, humidity: 34%
2026-06-28 07:56:46,949 - root - INFO - [925/1205] Fetching weather for Váralja...
2026-06-28 07:56:47,038 - root - INFO - Fetched weather for Váralja: 33.8°C, Clear, humidity: 33%
2026-06-28 07:56:48,140 - root - INFO - [926/1205] Fetching weather for Nagymányok...
2026-06-28 07:56:48,233 - root - INFO - Fetched weather for Nagymányok: 33.9°C, Clear, humidity: 33%
2026-06-28 07:56:49,334 - root - INFO - [927/1205] Fetching weather for Hidas-Bonyhád...
2026-06-28 07:56:49,425 - root - INFO - Fetched weather for Hidas-Bonyhád: 33.9°C, Clear, humidity: 33%
2026-06-28 07:56:50,526 - root - INFO - [928/1205] Fetching weather for Mőcsény...
2026-06-28 07:56:50,626 - root - INFO - Fetched weather for Mőcsény: 33.8°C, Clear, humidity: 33%
2026-06-28 07:56:51,728 - root - INFO - [929/1205] Fetching weather for Bátaszék...
2026-06-28 07:56:51,822 - root - INFO - Fetched weather for Bátaszék: 34.1°C, Clear, humidity: 34%
2026-06-28 07:56:52,924 - root - INFO - [930/1205] Fetching weather for Pörböly...
2026-06-28 07:56:53,020 - root - INFO - Fetched weather for Pörböly: 33.3°C, Clear, humidity: 34%
2026-06-28 07:56:54,122 - root - INFO - [931/1205] Fetching weather for Orosháza...
2026-06-28 07:56:54,211 - root - INFO - Fetched weather for Orosháza: 32.9°C, Clear, humidity: 36%
2026-06-28 07:56:55,313 - root - INFO - [932/1205] Fetching weather for Orosházi tanyák...
2026-06-28 07:56:55,406 - root - INFO - Fetched weather for Orosházi tanyák: 33.9°C, Clear, humidity: 37%
2026-06-28 07:56:56,508 - root - INFO - [933/1205] Fetching weather for Csorvás...
2026-06-28 07:56:56,597 - root - INFO - Fetched weather for Csorvás: 33.8°C, Clear, humidity: 37%
2026-06-28 07:56:57,699 - root - INFO - [934/1205] Fetching weather for Csorvás alsó...
2026-06-28 07:56:57,794 - root - INFO - Fetched weather for Csorvás alsó: 33.9°C, Clear, humidity: 40%
2026-06-28 07:56:58,896 - root - INFO - [935/1205] Fetching weather for Telekgerendás...
2026-06-28 07:56:58,991 - root - INFO - Fetched weather for Telekgerendás: 33.9°C, Clear, humidity: 40%
2026-06-28 07:57:00,093 - root - INFO - [936/1205] Fetching weather for Fürjes...
2026-06-28 07:57:00,189 - root - INFO - Fetched weather for Fürjes: 33.9°C, Clear, humidity: 40%
2026-06-28 07:57:01,291 - root - INFO - [937/1205] Fetching weather for Fényes...
2026-06-28 07:57:01,382 - root - INFO - Fetched weather for Fényes: 33.9°C, Clear, humidity: 40%
2026-06-28 07:57:02,483 - root - INFO - [938/1205] Fetching weather for Bicere...
2026-06-28 07:57:02,578 - root - INFO - Fetched weather for Bicere: 33.9°C, Clear, humidity: 40%
2026-06-28 07:57:03,680 - root - INFO - [939/1205] Fetching weather for Gyula...
2026-06-28 07:57:03,772 - root - INFO - Fetched weather for Gyula: 33.9°C, Clear, humidity: 40%
2026-06-28 07:57:04,874 - root - INFO - [940/1205] Fetching weather for József Szanatórium...
2026-06-28 07:57:04,966 - root - INFO - Fetched weather for József Szanatórium: 33.9°C, Clear, humidity: 40%
2026-06-28 07:57:06,067 - root - INFO - [941/1205] Fetching weather for Sarkadi Cukorgyár...
2026-06-28 07:57:06,159 - root - INFO - Fetched weather for Sarkadi Cukorgyár: 33.9°C, Clear, humidity: 40%
2026-06-28 07:57:07,260 - root - INFO - [942/1205] Fetching weather for Sarkad...
2026-06-28 07:57:07,356 - root - INFO - Fetched weather for Sarkad: 33.9°C, Clear, humidity: 41%
2026-06-28 07:57:08,458 - root - INFO - [943/1205] Fetching weather for Kötegyán...
2026-06-28 07:57:08,554 - root - INFO - Fetched weather for Kötegyán: 33.9°C, Clear, humidity: 41%
2026-06-28 07:57:09,656 - root - INFO - [944/1205] Fetching weather for Méhkerék...
2026-06-28 07:57:09,752 - root - INFO - Fetched weather for Méhkerék: 33.9°C, Clear, humidity: 40%
2026-06-28 07:57:10,854 - root - INFO - [945/1205] Fetching weather for Sarkadkeresztúr...
2026-06-28 07:57:10,945 - root - INFO - Fetched weather for Sarkadkeresztúr: 33.9°C, Clear, humidity: 39%
2026-06-28 07:57:12,047 - root - INFO - [946/1205] Fetching weather for Okány...
2026-06-28 07:57:12,136 - root - INFO - Fetched weather for Okány: 33.9°C, Clear, humidity: 36%
2026-06-28 07:57:13,238 - root - INFO - [947/1205] Fetching weather for Újszeged...
2026-06-28 07:57:13,333 - root - INFO - Fetched weather for Újszeged: 30.6°C, Clear, humidity: 39%
2026-06-28 07:57:14,435 - root - INFO - [948/1205] Fetching weather for Szőreg...
2026-06-28 07:57:14,524 - root - INFO - Fetched weather for Szőreg: 30.6°C, Clear, humidity: 39%
2026-06-28 07:57:15,626 - root - INFO - [949/1205] Fetching weather for Deszk...
2026-06-28 07:57:15,715 - root - INFO - Fetched weather for Deszk: 30.6°C, Clear, humidity: 38%
2026-06-28 07:57:16,817 - root - INFO - [950/1205] Fetching weather for Kiszombor...
2026-06-28 07:57:16,907 - root - INFO - Fetched weather for Kiszombor: 33.1°C, Clear, humidity: 38%
2026-06-28 07:57:18,009 - root - INFO - [951/1205] Fetching weather for Kiszombor megálló...
2026-06-28 07:57:18,107 - root - INFO - Fetched weather for Kiszombor megálló: 33.1°C, Clear, humidity: 38%
2026-06-28 07:57:19,209 - root - INFO - [952/1205] Fetching weather for Makó...
2026-06-28 07:57:19,303 - root - INFO - Fetched weather for Makó: 33.0°C, Clear, humidity: 38%
2026-06-28 07:57:20,405 - root - INFO - [953/1205] Fetching weather for Apátfalva...
2026-06-28 07:57:20,498 - root - INFO - Fetched weather for Apátfalva: 32.9°C, Clear, humidity: 39%
2026-06-28 07:57:21,600 - root - INFO - [954/1205] Fetching weather for Magyarcsanád...
2026-06-28 07:57:21,694 - root - INFO - Fetched weather for Magyarcsanád: 32.8°C, Clear, humidity: 39%
2026-06-28 07:57:22,795 - root - INFO - [955/1205] Fetching weather for Nagylak...
2026-06-28 07:57:22,883 - root - INFO - Fetched weather for Nagylak: 32.3°C, Clear, humidity: 40%
2026-06-28 07:57:23,985 - root - INFO - [956/1205] Fetching weather for Nagylaki Kendergyár...
2026-06-28 07:57:24,085 - root - INFO - Fetched weather for Nagylaki Kendergyár: 32.3°C, Clear, humidity: 40%
2026-06-28 07:57:25,187 - root - INFO - [957/1205] Fetching weather for Csanádpalota...
2026-06-28 07:57:25,283 - root - INFO - Fetched weather for Csanádpalota: 32.3°C, Clear, humidity: 40%
2026-06-28 07:57:26,385 - root - INFO - [958/1205] Fetching weather for Mezőhegyes...
2026-06-28 07:57:26,589 - root - INFO - Fetched weather for Mezőhegyes: 32.2°C, Clear, humidity: 41%
2026-06-28 07:57:27,690 - root - INFO - [959/1205] Fetching weather for Végegyháza...
2026-06-28 07:57:27,779 - root - INFO - Fetched weather for Végegyháza: 32.3°C, Clear, humidity: 41%
2026-06-28 07:57:28,881 - root - INFO - [960/1205] Fetching weather for Mezőkovácsháza...
2026-06-28 07:57:28,971 - root - INFO - Fetched weather for Mezőkovácsháza: 32.3°C, Clear, humidity: 41%
2026-06-28 07:57:30,072 - root - INFO - [961/1205] Fetching weather for Mezőkovácsháza felső...
2026-06-28 07:57:30,172 - root - INFO - Fetched weather for Mezőkovácsháza felső: 32.3°C, Clear, humidity: 42%
2026-06-28 07:57:31,274 - root - INFO - [962/1205] Fetching weather for Magyarbánhegyes...
2026-06-28 07:57:31,365 - root - INFO - Fetched weather for Magyarbánhegyes: 33.8°C, Clear, humidity: 42%
2026-06-28 07:57:32,467 - root - INFO - [963/1205] Fetching weather for Medgyesegyháza...
2026-06-28 07:57:32,556 - root - INFO - Fetched weather for Medgyesegyháza: 33.8°C, Clear, humidity: 42%
2026-06-28 07:57:33,657 - root - INFO - [964/1205] Fetching weather for Bánkút...
2026-06-28 07:57:33,750 - root - INFO - Fetched weather for Bánkút: 33.8°C, Clear, humidity: 40%
2026-06-28 07:57:34,852 - root - INFO - [965/1205] Fetching weather for Belsőperegpuszta...
2026-06-28 07:57:34,941 - root - INFO - Fetched weather for Belsőperegpuszta: 32.2°C, Clear, humidity: 41%
2026-06-28 07:57:36,042 - root - INFO - [966/1205] Fetching weather for Battonya...
2026-06-28 07:57:36,137 - root - INFO - Fetched weather for Battonya: 32.2°C, Clear, humidity: 100%
2026-06-28 07:57:37,238 - root - INFO - [967/1205] Fetching weather for Baja-Dunafürdő...
2026-06-28 07:57:37,331 - root - INFO - Fetched weather for Baja-Dunafürdő: 33.2°C, Clear, humidity: 34%
2026-06-28 07:57:38,432 - root - INFO - [968/1205] Fetching weather for Kaposszekcső...
2026-06-28 07:57:38,528 - root - INFO - Fetched weather for Kaposszekcső: 33.2°C, Clear, humidity: 35%
2026-06-28 07:57:39,630 - root - INFO - [969/1205] Fetching weather for Vásárosdombó...
2026-06-28 07:57:39,725 - root - INFO - Fetched weather for Vásárosdombó: 33.0°C, Clear, humidity: 35%
2026-06-28 07:57:40,826 - root - INFO - [970/1205] Fetching weather for Sásd...
2026-06-28 07:57:40,928 - root - INFO - Fetched weather for Sásd: 32.8°C, Clear, humidity: 36%
2026-06-28 07:57:42,030 - root - INFO - [971/1205] Fetching weather for Godisa...
2026-06-28 07:57:42,122 - root - INFO - Fetched weather for Godisa: 32.5°C, Clear, humidity: 36%
2026-06-28 07:57:43,224 - root - INFO - [972/1205] Fetching weather for Abaliget...
2026-06-28 07:57:43,315 - root - INFO - Fetched weather for Abaliget: 31.8°C, Clear, humidity: 39%
2026-06-28 07:57:44,417 - root - INFO - [973/1205] Fetching weather for Hetvehely...
2026-06-28 07:57:44,509 - root - INFO - Fetched weather for Hetvehely: 31.7°C, Clear, humidity: 41%
2026-06-28 07:57:45,611 - root - INFO - [974/1205] Fetching weather for Bükkösd...
2026-06-28 07:57:45,701 - root - INFO - Fetched weather for Bükkösd: 31.5°C, Clear, humidity: 42%
2026-06-28 07:57:46,803 - root - INFO - [975/1205] Fetching weather for Cserdi-Helesfa...
2026-06-28 07:57:46,894 - root - INFO - Fetched weather for Cserdi-Helesfa: 31.4°C, Clear, humidity: 43%
2026-06-28 07:57:47,996 - root - INFO - [976/1205] Fetching weather for Szentlőrinc...
2026-06-28 07:57:48,089 - root - INFO - Fetched weather for Szentlőrinc: 31.5°C, Clear, humidity: 45%
2026-06-28 07:57:49,191 - root - INFO - [977/1205] Fetching weather for Bicsérd...
2026-06-28 07:57:49,286 - root - INFO - Fetched weather for Bicsérd: 31.6°C, Clear, humidity: 43%
2026-06-28 07:57:50,387 - root - INFO - [978/1205] Fetching weather for Mecsekalja-Cserkút...
2026-06-28 07:57:50,486 - root - INFO - Fetched weather for Mecsekalja-Cserkút: 34.0°C, Clear, humidity: 40%
2026-06-28 07:57:51,587 - root - INFO - [979/1205] Fetching weather for Pécs...
2026-06-28 07:57:51,675 - root - INFO - Fetched weather for Pécs: 33.9°C, Clear, humidity: 34%
2026-06-28 07:57:52,777 - root - INFO - [980/1205] Fetching weather for Pécs-Külváros...
2026-06-28 07:57:52,868 - root - INFO - Fetched weather for Pécs-Külváros: 33.9°C, Clear, humidity: 34%
2026-06-28 07:57:53,969 - root - INFO - [981/1205] Fetching weather for Pécsbánya-Rendező...
2026-06-28 07:57:54,060 - root - INFO - Fetched weather for Pécsbánya-Rendező: 33.7°C, Clear, humidity: 34%
2026-06-28 07:57:55,162 - root - INFO - [982/1205] Fetching weather for Pécsudvard...
2026-06-28 07:57:55,255 - root - INFO - Fetched weather for Pécsudvard: 33.6°C, Clear, humidity: 34%
2026-06-28 07:57:56,357 - root - INFO - [983/1205] Fetching weather for Szőkéd...
2026-06-28 07:57:56,455 - root - INFO - Fetched weather for Szőkéd: 33.8°C, Clear, humidity: 34%
2026-06-28 07:57:57,556 - root - INFO - [984/1205] Fetching weather for Áta...
2026-06-28 07:57:57,656 - root - INFO - Fetched weather for Áta: 32.6°C, Clear, humidity: 57%
2026-06-28 07:57:58,758 - root - INFO - [985/1205] Fetching weather for Kistótfalu...
2026-06-28 07:57:58,852 - root - INFO - Fetched weather for Kistótfalu: 32.7°C, Clear, humidity: 57%
2026-06-28 07:57:59,955 - root - INFO - [986/1205] Fetching weather for Vokány...
2026-06-28 07:58:00,049 - root - INFO - Fetched weather for Vokány: 32.6°C, Clear, humidity: 57%
2026-06-28 07:58:01,151 - root - INFO - [987/1205] Fetching weather for Palkonya...
2026-06-28 07:58:01,244 - root - INFO - Fetched weather for Palkonya: 32.7°C, Clear, humidity: 57%
2026-06-28 07:58:02,346 - root - INFO - [988/1205] Fetching weather for Villánykövesd...
2026-06-28 07:58:02,448 - root - INFO - Fetched weather for Villánykövesd: 32.6°C, Clear, humidity: 57%
2026-06-28 07:58:03,550 - root - INFO - [989/1205] Fetching weather for Villány...
2026-06-28 07:58:03,643 - root - INFO - Fetched weather for Villány: 32.8°C, Clear, humidity: 57%
2026-06-28 07:58:04,745 - root - INFO - [990/1205] Fetching weather for Magyarbóly...
2026-06-28 07:58:04,839 - root - INFO - Fetched weather for Magyarbóly: 32.8°C, Clear, humidity: 57%
2026-06-28 07:58:05,940 - root - INFO - [991/1205] Fetching weather for Magyarszék...
2026-06-28 07:58:06,037 - root - INFO - Fetched weather for Magyarszék: 33.7°C, Clear, humidity: 36%
2026-06-28 07:58:07,139 - root - INFO - [992/1205] Fetching weather for Mecsekpölöske...
2026-06-28 07:58:07,232 - root - INFO - Fetched weather for Mecsekpölöske: 33.5°C, Clear, humidity: 35%
2026-06-28 07:58:08,334 - root - INFO - [993/1205] Fetching weather for Mecsekjánosi...
2026-06-28 07:58:08,428 - root - INFO - Fetched weather for Mecsekjánosi: 33.5°C, Clear, humidity: 35%
2026-06-28 07:58:09,530 - root - INFO - [994/1205] Fetching weather for Komló...
2026-06-28 07:58:09,620 - root - INFO - Fetched weather for Komló: 33.2°C, Clear, humidity: 35%
2026-06-28 07:58:10,721 - root - INFO - [995/1205] Fetching weather for Királyegyháza-Rigópuszta...
2026-06-28 07:58:10,817 - root - INFO - Fetched weather for Királyegyháza-Rigópuszta: 31.3°C, Clear, humidity: 46%
2026-06-28 07:58:11,919 - root - INFO - [996/1205] Fetching weather for Sumony...
2026-06-28 07:58:12,016 - root - INFO - Fetched weather for Sumony: 31.0°C, Clear, humidity: 49%
2026-06-28 07:58:13,118 - root - INFO - [997/1205] Fetching weather for Okorág-Kárászpuszta...
2026-06-28 07:58:13,209 - root - INFO - Fetched weather for Okorág-Kárászpuszta: 30.9°C, Clear, humidity: 50%
2026-06-28 07:58:14,311 - root - INFO - [998/1205] Fetching weather for Kákics...
2026-06-28 07:58:14,401 - root - INFO - Fetched weather for Kákics: 30.7°C, Clear, humidity: 51%
2026-06-28 07:58:15,502 - root - INFO - [999/1205] Fetching weather for Bóly...
2026-06-28 07:58:15,600 - root - INFO - Fetched weather for Bóly: 32.6°C, Clear, humidity: 57%
2026-06-28 07:58:16,702 - root - INFO - [1000/1205] Fetching weather for Mohács...
2026-06-28 07:58:16,791 - root - INFO - Fetched weather for Mohács: 34.1°C, Clear, humidity: 34%
2026-06-28 07:58:17,893 - root - INFO - [1001/1205] Fetching weather for Sellye...
2026-06-28 07:58:17,984 - root - INFO - Fetched weather for Sellye: 30.7°C, Clear, humidity: 51%
2026-06-28 07:58:19,086 - root - INFO - [1002/1205] Fetching weather for Toponár...
2026-06-28 07:58:19,185 - root - INFO - Fetched weather for Toponár: 32.6°C, Clear, humidity: 36%
2026-06-28 07:58:20,286 - root - INFO - [1003/1205] Fetching weather for Somogyaszaló...
2026-06-28 07:58:20,384 - root - INFO - Fetched weather for Somogyaszaló: 32.6°C, Clear, humidity: 35%
2026-06-28 07:58:21,486 - root - INFO - [1004/1205] Fetching weather for Mernye...
2026-06-28 07:58:21,582 - root - INFO - Fetched weather for Mernye: 32.7°C, Clear, humidity: 35%
2026-06-28 07:58:22,683 - root - INFO - [1005/1205] Fetching weather for Felsőmocsolád...
2026-06-28 07:58:22,770 - root - INFO - Fetched weather for Felsőmocsolád: 32.5°C, Clear, humidity: 35%
2026-06-28 07:58:23,872 - root - INFO - [1006/1205] Fetching weather for Kisbárapáti...
2026-06-28 07:58:23,967 - root - INFO - Fetched weather for Kisbárapáti: 32.3°C, Clear, humidity: 35%
2026-06-28 07:58:25,068 - root - INFO - [1007/1205] Fetching weather for Bonnya...
2026-06-28 07:58:25,157 - root - INFO - Fetched weather for Bonnya: 32.8°C, Clear, humidity: 34%
2026-06-28 07:58:26,259 - root - INFO - [1008/1205] Fetching weather for Andocs...
2026-06-28 07:58:26,350 - root - INFO - Fetched weather for Andocs: 32.0°C, Clear, humidity: 35%
2026-06-28 07:58:27,452 - root - INFO - [1009/1205] Fetching weather for Karád...
2026-06-28 07:58:27,542 - root - INFO - Fetched weather for Karád: 30.8°C, Clear, humidity: 36%
2026-06-28 07:58:28,644 - root - INFO - [1010/1205] Fetching weather for Somogymeggyes...
2026-06-28 07:58:28,738 - root - INFO - Fetched weather for Somogymeggyes: 30.4°C, Clear, humidity: 36%
2026-06-28 07:58:29,840 - root - INFO - [1011/1205] Fetching weather for Kapoly...
2026-06-28 07:58:29,948 - root - INFO - Fetched weather for Kapoly: 30.7°C, Clear, humidity: 34%
2026-06-28 07:58:31,049 - root - INFO - [1012/1205] Fetching weather for Tab...
2026-06-28 07:58:31,137 - root - INFO - Fetched weather for Tab: 30.8°C, Clear, humidity: 33%
2026-06-28 07:58:32,239 - root - INFO - [1013/1205] Fetching weather for Bábonymegyer...
2026-06-28 07:58:32,333 - root - INFO - Fetched weather for Bábonymegyer: 30.9°C, Clear, humidity: 33%
2026-06-28 07:58:33,435 - root - INFO - [1014/1205] Fetching weather for Daránypuszta...
2026-06-28 07:58:33,529 - root - INFO - Fetched weather for Daránypuszta: 30.9°C, Clear, humidity: 33%
2026-06-28 07:58:34,631 - root - INFO - [1015/1205] Fetching weather for Som-Nagyberény...
2026-06-28 07:58:34,725 - root - INFO - Fetched weather for Som-Nagyberény: 30.9°C, Clear, humidity: 34%
2026-06-28 07:58:35,827 - root - INFO - [1016/1205] Fetching weather for Ádánd...
2026-06-28 07:58:35,918 - root - INFO - Fetched weather for Ádánd: 31.1°C, Clear, humidity: 34%
2026-06-28 07:58:37,020 - root - INFO - [1017/1205] Fetching weather for Siójut...
2026-06-28 07:58:37,114 - root - INFO - Fetched weather for Siójut: 31.1°C, Clear, humidity: 33%
2026-06-28 07:58:38,215 - root - INFO - [1018/1205] Fetching weather for Kapostüskevár...
2026-06-28 07:58:38,311 - root - INFO - Fetched weather for Kapostüskevár: 32.5°C, Clear, humidity: 37%
2026-06-28 07:58:39,413 - root - INFO - [1019/1205] Fetching weather for Kaposfüred...
2026-06-28 07:58:39,507 - root - INFO - Fetched weather for Kaposfüred: 32.5°C, Clear, humidity: 36%
2026-06-28 07:58:40,608 - root - INFO - [1020/1205] Fetching weather for Várda...
2026-06-28 07:58:40,700 - root - INFO - Fetched weather for Várda: 32.5°C, Clear, humidity: 35%
2026-06-28 07:58:41,801 - root - INFO - [1021/1205] Fetching weather for Somogyjád...
2026-06-28 07:58:41,890 - root - INFO - Fetched weather for Somogyjád: 32.5°C, Clear, humidity: 36%
2026-06-28 07:58:42,991 - root - INFO - [1022/1205] Fetching weather for Osztopán...
2026-06-28 07:58:43,090 - root - INFO - Fetched weather for Osztopán: 32.4°C, Clear, humidity: 36%
2026-06-28 07:58:44,191 - root - INFO - [1023/1205] Fetching weather for Pamuk...
2026-06-28 07:58:44,284 - root - INFO - Fetched weather for Pamuk: 32.4°C, Clear, humidity: 37%
2026-06-28 07:58:45,386 - root - INFO - [1024/1205] Fetching weather for Somogyvár...
2026-06-28 07:58:45,479 - root - INFO - Fetched weather for Somogyvár: 32.3°C, Clear, humidity: 38%
2026-06-28 07:58:46,581 - root - INFO - [1025/1205] Fetching weather for Öreglak...
2026-06-28 07:58:46,675 - root - INFO - Fetched weather for Öreglak: 32.2°C, Clear, humidity: 38%
2026-06-28 07:58:47,776 - root - INFO - [1026/1205] Fetching weather for Tatárvár...
2026-06-28 07:58:47,867 - root - INFO - Fetched weather for Tatárvár: 31.9°C, Clear, humidity: 40%
2026-06-28 07:58:48,968 - root - INFO - [1027/1205] Fetching weather for Lengyeltóti...
2026-06-28 07:58:49,058 - root - INFO - Fetched weather for Lengyeltóti: 31.9°C, Clear, humidity: 41%
2026-06-28 07:58:50,159 - root - INFO - [1028/1205] Fetching weather for Pusztaberény...
2026-06-28 07:58:50,255 - root - INFO - Fetched weather for Pusztaberény: 31.9°C, Clear, humidity: 41%
2026-06-28 07:58:51,357 - root - INFO - [1029/1205] Fetching weather for Örkény...
2026-06-28 07:58:51,447 - root - INFO - Fetched weather for Örkény: 32.9°C, Clear, humidity: 33%
2026-06-28 07:58:52,548 - root - INFO - [1030/1205] Fetching weather for Táborfalva...
2026-06-28 07:58:52,638 - root - INFO - Fetched weather for Táborfalva: 32.9°C, Clear, humidity: 33%
2026-06-28 07:58:53,739 - root - INFO - [1031/1205] Fetching weather for Felsőlajos...
2026-06-28 07:58:53,835 - root - INFO - Fetched weather for Felsőlajos: 32.9°C, Clear, humidity: 33%
2026-06-28 07:58:54,937 - root - INFO - [1032/1205] Fetching weather for Lajosmizse...
2026-06-28 07:58:55,031 - root - INFO - Fetched weather for Lajosmizse: 32.9°C, Clear, humidity: 33%
2026-06-28 07:58:56,132 - root - INFO - [1033/1205] Fetching weather for Lajosmizse alsó...
2026-06-28 07:58:56,223 - root - INFO - Fetched weather for Lajosmizse alsó: 32.9°C, Clear, humidity: 33%
2026-06-28 07:58:57,325 - root - INFO - [1034/1205] Fetching weather for Klábertelep...
2026-06-28 07:58:57,413 - root - INFO - Fetched weather for Klábertelep: 32.9°C, Clear, humidity: 33%
2026-06-28 07:58:58,515 - root - INFO - [1035/1205] Fetching weather for Méntelek...
2026-06-28 07:58:58,604 - root - INFO - Fetched weather for Méntelek: 32.9°C, Clear, humidity: 32%
2026-06-28 07:58:59,706 - root - INFO - [1036/1205] Fetching weather for Hetényegyháza...
2026-06-28 07:58:59,792 - root - INFO - Fetched weather for Hetényegyháza: 33.0°C, Clear, humidity: 32%
2026-06-28 07:59:00,894 - root - INFO - [1037/1205] Fetching weather for Kecskemét-Máriaváros...
2026-06-28 07:59:00,989 - root - INFO - Fetched weather for Kecskemét-Máriaváros: 37.6°C, Clear, humidity: 32%
2026-06-28 07:59:02,090 - root - INFO - [1038/1205] Fetching weather for Nyársapát...
2026-06-28 07:59:02,183 - root - INFO - Fetched weather for Nyársapát: 32.7°C, Clear, humidity: 33%
2026-06-28 07:59:03,284 - root - INFO - [1039/1205] Fetching weather for Nagykőrös...
2026-06-28 07:59:03,383 - root - INFO - Fetched weather for Nagykőrös: 34.8°C, Clear, humidity: 32%
2026-06-28 07:59:04,484 - root - INFO - [1040/1205] Fetching weather for Katonatelep...
2026-06-28 07:59:04,575 - root - INFO - Fetched weather for Katonatelep: 37.6°C, Clear, humidity: 32%
2026-06-28 07:59:05,677 - root - INFO - [1041/1205] Fetching weather for Kecskemét...
2026-06-28 07:59:05,769 - root - INFO - Fetched weather for Kecskemét: 37.6°C, Clear, humidity: 32%
2026-06-28 07:59:06,871 - root - INFO - [1042/1205] Fetching weather for Városföld...
2026-06-28 07:59:06,966 - root - INFO - Fetched weather for Városföld: 37.7°C, Clear, humidity: 19%
2026-06-28 07:59:08,068 - root - INFO - [1043/1205] Fetching weather for Kiskunfélegyháza...
2026-06-28 07:59:08,162 - root - INFO - Fetched weather for Kiskunfélegyháza: 35.5°C, Clear, humidity: 32%
2026-06-28 07:59:09,264 - root - INFO - [1044/1205] Fetching weather for Petőfiszállás...
2026-06-28 07:59:09,353 - root - INFO - Fetched weather for Petőfiszállás: 35.6°C, Clear, humidity: 32%
2026-06-28 07:59:10,455 - root - INFO - [1045/1205] Fetching weather for Csengele...
2026-06-28 07:59:10,550 - root - INFO - Fetched weather for Csengele: 35.6°C, Clear, humidity: 32%
2026-06-28 07:59:11,651 - root - INFO - [1046/1205] Fetching weather for Kistelek...
2026-06-28 07:59:11,742 - root - INFO - Fetched weather for Kistelek: 35.6°C, Clear, humidity: 34%
2026-06-28 07:59:12,844 - root - INFO - [1047/1205] Fetching weather for Balástya...
2026-06-28 07:59:12,940 - root - INFO - Fetched weather for Balástya: 30.6°C, Clear, humidity: 55%
2026-06-28 07:59:14,042 - root - INFO - [1048/1205] Fetching weather for Szatymaz...
2026-06-28 07:59:14,129 - root - INFO - Fetched weather for Szatymaz: 30.6°C, Clear, humidity: 55%
2026-06-28 07:59:15,230 - root - INFO - [1049/1205] Fetching weather for Kiskundorozsma...
2026-06-28 07:59:15,325 - root - INFO - Fetched weather for Kiskundorozsma: 30.6°C, Clear, humidity: 55%
2026-06-28 07:59:16,426 - root - INFO - [1050/1205] Fetching weather for Szeged...
2026-06-28 07:59:16,518 - root - INFO - Fetched weather for Szeged: 30.6°C, Clear, humidity: 55%
2026-06-28 07:59:17,620 - root - INFO - [1051/1205] Fetching weather for Alsóúrrét...
2026-06-28 07:59:17,714 - root - INFO - Fetched weather for Alsóúrrét: 37.7°C, Clear, humidity: 32%
2026-06-28 07:59:18,815 - root - INFO - [1052/1205] Fetching weather for Nyárlőrinc...
2026-06-28 07:59:18,909 - root - INFO - Fetched weather for Nyárlőrinc: 37.7°C, Clear, humidity: 20%
2026-06-28 07:59:20,011 - root - INFO - [1053/1205] Fetching weather for Világoshegy...
2026-06-28 07:59:20,104 - root - INFO - Fetched weather for Világoshegy: 37.8°C, Clear, humidity: 20%
2026-06-28 07:59:21,205 - root - INFO - [1054/1205] Fetching weather for Szikra...
2026-06-28 07:59:21,297 - root - INFO - Fetched weather for Szikra: 36.7°C, Clear, humidity: 26%
2026-06-28 07:59:22,399 - root - INFO - [1055/1205] Fetching weather for Lakitelek...
2026-06-28 07:59:22,488 - root - INFO - Fetched weather for Lakitelek: 36.8°C, Clear, humidity: 31%
2026-06-28 07:59:23,590 - root - INFO - [1056/1205] Fetching weather for Tiszaug...
2026-06-28 07:59:23,680 - root - INFO - Fetched weather for Tiszaug: 35.7°C, Clear, humidity: 30%
2026-06-28 07:59:24,782 - root - INFO - [1057/1205] Fetching weather for Tiszasas...
2026-06-28 07:59:24,875 - root - INFO - Fetched weather for Tiszasas: 37.9°C, Clear, humidity: 30%
2026-06-28 07:59:25,977 - root - INFO - [1058/1205] Fetching weather for Csépa...
2026-06-28 07:59:26,073 - root - INFO - Fetched weather for Csépa: 35.6°C, Clear, humidity: 30%
2026-06-28 07:59:27,175 - root - INFO - [1059/1205] Fetching weather for Szelevény...
2026-06-28 07:59:27,267 - root - INFO - Fetched weather for Szelevény: 35.6°C, Clear, humidity: 30%
2026-06-28 07:59:28,368 - root - INFO - [1060/1205] Fetching weather for Gátér...
2026-06-28 07:59:28,461 - root - INFO - Fetched weather for Gátér: 35.6°C, Clear, humidity: 32%
2026-06-28 07:59:29,562 - root - INFO - [1061/1205] Fetching weather for Kónyaszék...
2026-06-28 07:59:29,655 - root - INFO - Fetched weather for Kónyaszék: 35.6°C, Clear, humidity: 32%
2026-06-28 07:59:30,757 - root - INFO - [1062/1205] Fetching weather for Csongrád...
2026-06-28 07:59:30,850 - root - INFO - Fetched weather for Csongrád: 35.7°C, Clear, humidity: 31%
2026-06-28 07:59:31,952 - root - INFO - [1063/1205] Fetching weather for Hékéd...
2026-06-28 07:59:32,052 - root - INFO - Fetched weather for Hékéd: 32.8°C, Clear, humidity: 32%
2026-06-28 07:59:33,153 - root - INFO - [1064/1205] Fetching weather for Fábiánsebestyén...
2026-06-28 07:59:33,249 - root - INFO - Fetched weather for Fábiánsebestyén: 32.8°C, Clear, humidity: 32%
2026-06-28 07:59:34,350 - root - INFO - [1065/1205] Fetching weather for Gádoros...
2026-06-28 07:59:34,444 - root - INFO - Fetched weather for Gádoros: 32.8°C, Clear, humidity: 34%
2026-06-28 07:59:35,545 - root - INFO - [1066/1205] Fetching weather for Justhmajor...
2026-06-28 07:59:35,639 - root - INFO - Fetched weather for Justhmajor: 32.8°C, Clear, humidity: 35%
2026-06-28 07:59:36,741 - root - INFO - [1067/1205] Fetching weather for Szentetornya...
2026-06-28 07:59:36,831 - root - INFO - Fetched weather for Szentetornya: 32.8°C, Clear, humidity: 35%
2026-06-28 07:59:37,933 - root - INFO - [1068/1205] Fetching weather for Gyopárosfürdő...
2026-06-28 07:59:38,030 - root - INFO - Fetched weather for Gyopárosfürdő: 32.8°C, Clear, humidity: 36%
2026-06-28 07:59:39,132 - root - INFO - [1069/1205] Fetching weather for Szabadságliget...
2026-06-28 07:59:39,233 - root - INFO - Fetched weather for Szabadságliget: 32.6°C, Clear, humidity: 38%
2026-06-28 07:59:40,335 - root - INFO - [1070/1205] Fetching weather for Röszke...
2026-06-28 07:59:40,439 - root - INFO - Fetched weather for Röszke: 30.6°C, Clear, humidity: 55%
2026-06-28 07:59:41,541 - root - INFO - [1071/1205] Fetching weather for Tószeg...
2026-06-28 07:59:41,634 - root - INFO - Fetched weather for Tószeg: 35.0°C, Clear, humidity: 41%
2026-06-28 07:59:42,736 - root - INFO - [1072/1205] Fetching weather for Tiszavárkony...
2026-06-28 07:59:42,826 - root - INFO - Fetched weather for Tiszavárkony: 35.0°C, Clear, humidity: 41%
2026-06-28 07:59:43,928 - root - INFO - [1073/1205] Fetching weather for Tiszajenő-Vezseny...
2026-06-28 07:59:44,028 - root - INFO - Fetched weather for Tiszajenő-Vezseny: 35.0°C, Clear, humidity: 41%
2026-06-28 07:59:45,129 - root - INFO - [1074/1205] Fetching weather for Újbög...
2026-06-28 07:59:45,223 - root - INFO - Fetched weather for Újbög: 35.0°C, Clear, humidity: 41%
2026-06-28 07:59:46,325 - root - INFO - [1075/1205] Fetching weather for Tiszakécske...
2026-06-28 07:59:46,419 - root - INFO - Fetched weather for Tiszakécske: 35.0°C, Clear, humidity: 41%
2026-06-28 07:59:47,521 - root - INFO - [1076/1205] Fetching weather for Kerekdomb...
2026-06-28 07:59:47,619 - root - INFO - Fetched weather for Kerekdomb: 35.1°C, Clear, humidity: 31%
2026-06-28 07:59:48,720 - root - INFO - [1077/1205] Fetching weather for Tiszaalpár...
2026-06-28 07:59:48,813 - root - INFO - Fetched weather for Tiszaalpár: 37.8°C, Clear, humidity: 20%
2026-06-28 07:59:49,915 - root - INFO - [1078/1205] Fetching weather for Tiszaalpár alsó...
2026-06-28 07:59:50,008 - root - INFO - Fetched weather for Tiszaalpár alsó: 37.8°C, Clear, humidity: 20%
2026-06-28 07:59:51,110 - root - INFO - [1079/1205] Fetching weather for Tiszatenyő...
2026-06-28 07:59:51,215 - root - INFO - Fetched weather for Tiszatenyő: 35.0°C, Clear, humidity: 41%
2026-06-28 07:59:52,317 - root - INFO - [1080/1205] Fetching weather for Pusztapó...
2026-06-28 07:59:52,415 - root - INFO - Fetched weather for Pusztapó: 35.0°C, Clear, humidity: 32%
2026-06-28 07:59:53,516 - root - INFO - [1081/1205] Fetching weather for Kétpó...
2026-06-28 07:59:53,605 - root - INFO - Fetched weather for Kétpó: 35.0°C, Clear, humidity: 32%
2026-06-28 07:59:54,707 - root - INFO - [1082/1205] Fetching weather for Mezőtúr...
2026-06-28 07:59:54,795 - root - INFO - Fetched weather for Mezőtúr: 32.7°C, Clear, humidity: 31%
2026-06-28 07:59:55,897 - root - INFO - [1083/1205] Fetching weather for Nagylapos...
2026-06-28 07:59:56,005 - root - INFO - Fetched weather for Nagylapos: 32.7°C, Clear, humidity: 32%
2026-06-28 07:59:57,107 - root - INFO - [1084/1205] Fetching weather for Gyoma...
2026-06-28 07:59:57,198 - root - INFO - Fetched weather for Gyoma: 32.8°C, Clear, humidity: 32%
2026-06-28 07:59:58,299 - root - INFO - [1085/1205] Fetching weather for Csárdaszállás...
2026-06-28 07:59:58,399 - root - INFO - Fetched weather for Csárdaszállás: 33.9°C, Clear, humidity: 33%
2026-06-28 07:59:59,500 - root - INFO - [1086/1205] Fetching weather for Mezőberény...
2026-06-28 07:59:59,590 - root - INFO - Fetched weather for Mezőberény: 33.9°C, Clear, humidity: 40%
2026-06-28 08:00:00,692 - root - INFO - [1087/1205] Fetching weather for Murony...
2026-06-28 08:00:00,788 - root - INFO - Fetched weather for Murony: 33.9°C, Clear, humidity: 40%
2026-06-28 08:00:01,890 - root - INFO - [1088/1205] Fetching weather for Békéscsaba...
2026-06-28 08:00:01,980 - root - INFO - Fetched weather for Békéscsaba: 33.9°C, Clear, humidity: 40%
2026-06-28 08:00:03,082 - root - INFO - [1089/1205] Fetching weather for Kétegyháza...
2026-06-28 08:00:03,177 - root - INFO - Fetched weather for Kétegyháza: 33.8°C, Clear, humidity: 40%
2026-06-28 08:00:04,279 - root - INFO - [1090/1205] Fetching weather for Lőkösháza...
2026-06-28 08:00:04,389 - root - INFO - Fetched weather for Lőkösháza: 32.3°C, Clear, humidity: 43%
2026-06-28 08:00:05,491 - root - INFO - [1091/1205] Fetching weather for Kengyel...
2026-06-28 08:00:05,585 - root - INFO - Fetched weather for Kengyel: 35.0°C, Clear, humidity: 41%
2026-06-28 08:00:06,687 - root - INFO - [1092/1205] Fetching weather for Bagimajor...
2026-06-28 08:00:06,777 - root - INFO - Fetched weather for Bagimajor: 35.0°C, Clear, humidity: 41%
2026-06-28 08:00:07,879 - root - INFO - [1093/1205] Fetching weather for Martfű...
2026-06-28 08:00:07,971 - root - INFO - Fetched weather for Martfű: 35.0°C, Clear, humidity: 41%
2026-06-28 08:00:09,073 - root - INFO - [1094/1205] Fetching weather for Tiszaföldvár...
2026-06-28 08:00:09,173 - root - INFO - Fetched weather for Tiszaföldvár: 35.0°C, Clear, humidity: 41%
2026-06-28 08:00:10,275 - root - INFO - [1095/1205] Fetching weather for Homok...
2026-06-28 08:00:10,374 - root - INFO - Fetched weather for Homok: 35.0°C, Clear, humidity: 41%
2026-06-28 08:00:11,476 - root - INFO - [1096/1205] Fetching weather for Kungyalu...
2026-06-28 08:00:11,572 - root - INFO - Fetched weather for Kungyalu: 35.0°C, Clear, humidity: 30%
2026-06-28 08:00:12,673 - root - INFO - [1097/1205] Fetching weather for Kunszentmárton...
2026-06-28 08:00:12,767 - root - INFO - Fetched weather for Kunszentmárton: 32.8°C, Clear, humidity: 30%
2026-06-28 08:00:13,869 - root - INFO - [1098/1205] Fetching weather for Nagytőke...
2026-06-28 08:00:13,958 - root - INFO - Fetched weather for Nagytőke: 32.8°C, Clear, humidity: 32%
2026-06-28 08:00:15,060 - root - INFO - [1099/1205] Fetching weather for Szentes...
2026-06-28 08:00:15,150 - root - INFO - Fetched weather for Szentes: 32.8°C, Clear, humidity: 32%
2026-06-28 08:00:16,252 - root - INFO - [1100/1205] Fetching weather for Szegvár...
2026-06-28 08:00:16,343 - root - INFO - Fetched weather for Szegvár: 32.8°C, Clear, humidity: 32%
2026-06-28 08:00:17,444 - root - INFO - [1101/1205] Fetching weather for Mindszent...
2026-06-28 08:00:17,539 - root - INFO - Fetched weather for Mindszent: 32.8°C, Clear, humidity: 32%
2026-06-28 08:00:18,641 - root - INFO - [1102/1205] Fetching weather for Mártély...
2026-06-28 08:00:18,740 - root - INFO - Fetched weather for Mártély: 32.8°C, Clear, humidity: 36%
2026-06-28 08:00:19,842 - root - INFO - [1103/1205] Fetching weather for Pusztabánréve...
2026-06-28 08:00:19,931 - root - INFO - Fetched weather for Pusztabánréve: 32.9°C, Clear, humidity: 31%
2026-06-28 08:00:21,032 - root - INFO - [1104/1205] Fetching weather for Szarvas...
2026-06-28 08:00:21,121 - root - INFO - Fetched weather for Szarvas: 33.0°C, Clear, humidity: 31%
2026-06-28 08:00:22,223 - root - INFO - [1105/1205] Fetching weather for Csabacsűd...
2026-06-28 08:00:22,320 - root - INFO - Fetched weather for Csabacsűd: 33.0°C, Clear, humidity: 32%
2026-06-28 08:00:23,421 - root - INFO - [1106/1205] Fetching weather for Kisszénás...
2026-06-28 08:00:23,526 - root - INFO - Fetched weather for Kisszénás: 33.0°C, Clear, humidity: 34%
2026-06-28 08:00:24,628 - root - INFO - [1107/1205] Fetching weather for Kiscsákó...
2026-06-28 08:00:24,721 - root - INFO - Fetched weather for Kiscsákó: 33.0°C, Clear, humidity: 35%
2026-06-28 08:00:25,823 - root - INFO - [1108/1205] Fetching weather for Nagyszénás...
2026-06-28 08:00:25,920 - root - INFO - Fetched weather for Nagyszénás: 33.0°C, Clear, humidity: 34%
2026-06-28 08:00:27,022 - root - INFO - [1109/1205] Fetching weather for Kardoskút...
2026-06-28 08:00:27,110 - root - INFO - Fetched weather for Kardoskút: 32.7°C, Clear, humidity: 38%
2026-06-28 08:00:28,211 - root - INFO - [1110/1205] Fetching weather for Tótkomlós...
2026-06-28 08:00:28,304 - root - INFO - Fetched weather for Tótkomlós: 32.5°C, Clear, humidity: 40%
2026-06-28 08:00:29,405 - root - INFO - [1111/1205] Fetching weather for Nagyér...
2026-06-28 08:00:29,499 - root - INFO - Fetched weather for Nagyér: 32.5°C, Clear, humidity: 40%
2026-06-28 08:00:30,601 - root - INFO - [1112/1205] Fetching weather for Pitvaros...
2026-06-28 08:00:30,690 - root - INFO - Fetched weather for Pitvaros: 32.4°C, Clear, humidity: 41%
2026-06-28 08:00:31,792 - root - INFO - [1113/1205] Fetching weather for Dévaványa...
2026-06-28 08:00:31,882 - root - INFO - Fetched weather for Dévaványa: 32.5°C, Clear, humidity: 33%
2026-06-28 08:00:32,983 - root - INFO - [1114/1205] Fetching weather for Körösladány...
2026-06-28 08:00:33,077 - root - INFO - Fetched weather for Körösladány: 32.5°C, Clear, humidity: 33%
2026-06-28 08:00:34,179 - root - INFO - [1115/1205] Fetching weather for Szeghalom...
2026-06-28 08:00:34,273 - root - INFO - Fetched weather for Szeghalom: 32.5°C, Clear, humidity: 33%
2026-06-28 08:00:35,375 - root - INFO - [1116/1205] Fetching weather for Vésztő...
2026-06-28 08:00:35,464 - root - INFO - Fetched weather for Vésztő: 32.5°C, Clear, humidity: 35%
2026-06-28 08:00:36,566 - root - INFO - [1117/1205] Fetching weather for Szeged-Rókus...
2026-06-28 08:00:36,660 - root - INFO - Fetched weather for Szeged-Rókus: 30.6°C, Clear, humidity: 55%
2026-06-28 08:00:37,762 - root - INFO - [1118/1205] Fetching weather for Algyő...
2026-06-28 08:00:37,850 - root - INFO - Fetched weather for Algyő: 30.7°C, Clear, humidity: 38%
2026-06-28 08:00:38,951 - root - INFO - [1119/1205] Fetching weather for Hódmezővásárhelyi Népkert...
2026-06-28 08:00:39,045 - root - INFO - Fetched weather for Hódmezővásárhelyi Népkert: 32.8°C, Clear, humidity: 37%
2026-06-28 08:00:40,147 - root - INFO - [1120/1205] Fetching weather for Hódmezővásárhely...
2026-06-28 08:00:40,245 - root - INFO - Fetched weather for Hódmezővásárhely: 32.8°C, Clear, humidity: 37%
2026-06-28 08:00:41,346 - root - INFO - [1121/1205] Fetching weather for Körmend...
2026-06-28 08:00:41,439 - root - INFO - Fetched weather for Körmend: 31.5°C, Clear, humidity: 45%
2026-06-28 08:00:42,541 - root - INFO - [1122/1205] Fetching weather for Szentgotthárd...
2026-06-28 08:00:42,634 - root - INFO - Fetched weather for Szentgotthárd: 31.9°C, Clear, humidity: 51%
2026-06-28 08:00:43,736 - root - INFO - [1123/1205] Fetching weather for Szombathely...
2026-06-28 08:00:43,832 - root - INFO - Fetched weather for Szombathely: 33.4°C, Clear, humidity: 43%
2026-06-28 08:00:44,934 - root - INFO - [1124/1205] Fetching weather for Sáferkút...
2026-06-28 08:00:45,025 - root - INFO - Fetched weather for Sáferkút: 31.6°C, Clear, humidity: 37%
2026-06-28 08:00:46,127 - root - INFO - [1125/1205] Fetching weather for Magdolnavölgy...
2026-06-28 08:00:46,219 - root - INFO - Fetched weather for Magdolnavölgy: 32.5°C, Clear, humidity: 37%
2026-06-28 08:00:47,321 - root - INFO - [1126/1205] Fetching weather for Haris...
2026-06-28 08:00:47,410 - root - INFO - Fetched weather for Haris: 31.9°C, Clear, humidity: 50%
2026-06-28 08:00:48,511 - root - INFO - [1127/1205] Fetching weather for Egyházasrádóc...
2026-06-28 08:00:48,600 - root - INFO - Fetched weather for Egyházasrádóc: 31.3°C, Clear, humidity: 45%
2026-06-28 08:00:49,701 - root - INFO - [1128/1205] Fetching weather for Alsórönök...
2026-06-28 08:00:49,792 - root - INFO - Fetched weather for Alsórönök: 32.0°C, Clear, humidity: 49%
2026-06-28 08:00:50,894 - root - INFO - [1129/1205] Fetching weather for Szombathely-Szőlős...
2026-06-28 08:00:50,992 - root - INFO - Fetched weather for Szombathely-Szőlős: 33.4°C, Clear, humidity: 43%
2026-06-28 08:00:52,094 - root - INFO - [1130/1205] Fetching weather for Rátót...
2026-06-28 08:00:52,187 - root - INFO - Fetched weather for Rátót: 31.1°C, Clear, humidity: 48%
2026-06-28 08:00:53,288 - root - INFO - [1131/1205] Fetching weather for Ják-Balogunyom...
2026-06-28 08:00:53,384 - root - INFO - Fetched weather for Ják-Balogunyom: 33.5°C, Clear, humidity: 44%
2026-06-28 08:00:54,486 - root - INFO - [1132/1205] Fetching weather for Vasvár...
2026-06-28 08:00:54,583 - root - INFO - Fetched weather for Vasvár: 31.9°C, Clear, humidity: 42%
2026-06-28 08:00:55,685 - root - INFO - [1133/1205] Fetching weather for Répcelak...
2026-06-28 08:00:55,777 - root - INFO - Fetched weather for Répcelak: 32.4°C, Clear, humidity: 39%
2026-06-28 08:00:56,879 - root - INFO - [1134/1205] Fetching weather for Rajka...
2026-06-28 08:00:56,973 - root - INFO - Fetched weather for Rajka: 32.4°C, Clear, humidity: 49%
2026-06-28 08:00:58,075 - root - INFO - [1135/1205] Fetching weather for Püspökmolnári...
2026-06-28 08:00:58,172 - root - INFO - Fetched weather for Püspökmolnári: 31.8°C, Clear, humidity: 42%
2026-06-28 08:00:59,274 - root - INFO - [1136/1205] Fetching weather for Kőszeg...
2026-06-28 08:00:59,367 - root - INFO - Fetched weather for Kőszeg: 33.0°C, Clear, humidity: 45%
2026-06-28 08:01:00,469 - root - INFO - [1137/1205] Fetching weather for Kastélypark...
2026-06-28 08:01:00,557 - root - INFO - Fetched weather for Kastélypark: 33.7°C, Clear, humidity: 41%
2026-06-28 08:01:01,659 - root - INFO - [1138/1205] Fetching weather for Hanságliget...
2026-06-28 08:01:01,753 - root - INFO - Fetched weather for Hanságliget: 32.2°C, Clear, humidity: 38%
2026-06-28 08:01:02,855 - root - INFO - [1139/1205] Fetching weather for Vica...
2026-06-28 08:01:02,944 - root - INFO - Fetched weather for Vica: 32.5°C, Clear, humidity: 38%
2026-06-28 08:01:04,046 - root - INFO - [1140/1205] Fetching weather for Vép...
2026-06-28 08:01:04,139 - root - INFO - Fetched weather for Vép: 33.5°C, Clear, humidity: 42%
2026-06-28 08:01:05,240 - root - INFO - [1141/1205] Fetching weather for Mosonszolnok...
2026-06-28 08:01:05,339 - root - INFO - Fetched weather for Mosonszolnok: 32.7°C, Clear, humidity: 39%
2026-06-28 08:01:06,440 - root - INFO - [1142/1205] Fetching weather for Jánossomorja...
2026-06-28 08:01:06,543 - root - INFO - Fetched weather for Jánossomorja: 32.8°C, Clear, humidity: 39%
2026-06-28 08:01:07,645 - root - INFO - [1143/1205] Fetching weather for Bősárkány...
2026-06-28 08:01:07,743 - root - INFO - Fetched weather for Bősárkány: 32.8°C, Clear, humidity: 38%
2026-06-28 08:01:08,844 - root - INFO - [1144/1205] Fetching weather for Szil-Sopronnémeti...
2026-06-28 08:01:08,938 - root - INFO - Fetched weather for Szil-Sopronnémeti: 32.8°C, Clear, humidity: 38%
2026-06-28 08:01:10,039 - root - INFO - [1145/1205] Fetching weather for Magyarkeresztúr-Zsebeháza...
2026-06-28 08:01:10,139 - root - INFO - Fetched weather for Magyarkeresztúr-Zsebeháza: 32.8°C, Clear, humidity: 38%
2026-06-28 08:01:11,240 - root - INFO - [1146/1205] Fetching weather for Páli-Vadosfa...
2026-06-28 08:01:11,331 - root - INFO - Fetched weather for Páli-Vadosfa: 32.7°C, Clear, humidity: 38%
2026-06-28 08:01:12,433 - root - INFO - [1147/1205] Fetching weather for Beled...
2026-06-28 08:01:12,521 - root - INFO - Fetched weather for Beled: 32.5°C, Clear, humidity: 38%
2026-06-28 08:01:13,623 - root - INFO - [1148/1205] Fetching weather for Dénesfa...
2026-06-28 08:01:13,717 - root - INFO - Fetched weather for Dénesfa: 32.5°C, Clear, humidity: 38%
2026-06-28 08:01:14,819 - root - INFO - [1149/1205] Fetching weather for Csánig...
2026-06-28 08:01:14,913 - root - INFO - Fetched weather for Csánig: 32.5°C, Clear, humidity: 39%
2026-06-28 08:01:16,015 - root - INFO - [1150/1205] Fetching weather for Vámoscsalád...
2026-06-28 08:01:16,108 - root - INFO - Fetched weather for Vámoscsalád: 33.8°C, Clear, humidity: 39%
2026-06-28 08:01:17,210 - root - INFO - [1151/1205] Fetching weather for Vasegerszeg...
2026-06-28 08:01:17,298 - root - INFO - Fetched weather for Vasegerszeg: 33.8°C, Clear, humidity: 39%
2026-06-28 08:01:18,400 - root - INFO - [1152/1205] Fetching weather for Hegyfalu...
2026-06-28 08:01:18,493 - root - INFO - Fetched weather for Hegyfalu: 33.8°C, Clear, humidity: 39%
2026-06-28 08:01:19,594 - root - INFO - [1153/1205] Fetching weather for Pósfa...
2026-06-28 08:01:19,686 - root - INFO - Fetched weather for Pósfa: 33.7°C, Clear, humidity: 40%
2026-06-28 08:01:20,788 - root - INFO - [1154/1205] Fetching weather for Ölbő-Alsószeleste...
2026-06-28 08:01:20,879 - root - INFO - Fetched weather for Ölbő-Alsószeleste: 33.7°C, Clear, humidity: 40%
2026-06-28 08:01:21,981 - root - INFO - [1155/1205] Fetching weather for Gencsapáti felső...
2026-06-28 08:01:22,076 - root - INFO - Fetched weather for Gencsapáti felső: 33.2°C, Clear, humidity: 45%
2026-06-28 08:01:23,178 - root - INFO - [1156/1205] Fetching weather for Lukácsháza alsó...
2026-06-28 08:01:23,268 - root - INFO - Fetched weather for Lukácsháza alsó: 33.2°C, Clear, humidity: 45%
2026-06-28 08:01:24,370 - root - INFO - [1157/1205] Fetching weather for Kőszegfalva...
2026-06-28 08:01:24,465 - root - INFO - Fetched weather for Kőszegfalva: 33.1°C, Clear, humidity: 45%
2026-06-28 08:01:25,567 - root - INFO - [1158/1205] Fetching weather for Gyöngyöshermán...
2026-06-28 08:01:25,663 - root - INFO - Fetched weather for Gyöngyöshermán: 33.5°C, Clear, humidity: 43%
2026-06-28 08:01:26,764 - root - INFO - [1159/1205] Fetching weather for Bezenye...
2026-06-28 08:01:26,861 - root - INFO - Fetched weather for Bezenye: 32.5°C, Clear, humidity: 49%
2026-06-28 08:01:27,962 - root - INFO - [1160/1205] Fetching weather for Kámon...
2026-06-28 08:01:28,060 - root - INFO - Fetched weather for Kámon: 33.3°C, Clear, humidity: 45%
2026-06-28 08:01:29,162 - root - INFO - [1161/1205] Fetching weather for Sorkifalud...
2026-06-28 08:01:29,261 - root - INFO - Fetched weather for Sorkifalud: 31.8°C, Clear, humidity: 42%
2026-06-28 08:01:30,363 - root - INFO - [1162/1205] Fetching weather for Szentléránt...
2026-06-28 08:01:30,463 - root - INFO - Fetched weather for Szentléránt: 31.8°C, Clear, humidity: 42%
2026-06-28 08:01:31,565 - root - INFO - [1163/1205] Fetching weather for Pácsony...
2026-06-28 08:01:31,660 - root - INFO - Fetched weather for Pácsony: 31.8°C, Clear, humidity: 42%
2026-06-28 08:01:32,762 - root - INFO - [1164/1205] Fetching weather for Győrvár...
2026-06-28 08:01:32,855 - root - INFO - Fetched weather for Győrvár: 31.8°C, Clear, humidity: 42%
2026-06-28 08:01:33,957 - root - INFO - [1165/1205] Fetching weather for Egervár-Vasboldogasszony...
2026-06-28 08:01:34,047 - root - INFO - Fetched weather for Egervár-Vasboldogasszony: 32.0°C, Clear, humidity: 42%
2026-06-28 08:01:35,149 - root - INFO - [1166/1205] Fetching weather for Zalaszentlőrinc...
2026-06-28 08:01:35,249 - root - INFO - Fetched weather for Zalaszentlőrinc: 32.0°C, Clear, humidity: 42%
2026-06-28 08:01:36,350 - root - INFO - [1167/1205] Fetching weather for Gencsapáti alsó...
2026-06-28 08:01:36,442 - root - INFO - Fetched weather for Gencsapáti alsó: 33.3°C, Clear, humidity: 45%
2026-06-28 08:01:37,544 - root - INFO - [1168/1205] Fetching weather for Gyöngyösfalu...
2026-06-28 08:01:37,639 - root - INFO - Fetched weather for Gyöngyösfalu: 33.2°C, Clear, humidity: 45%
2026-06-28 08:01:38,741 - root - INFO - [1169/1205] Fetching weather for Lukácsháza...
2026-06-28 08:01:38,836 - root - INFO - Fetched weather for Lukácsháza: 33.1°C, Clear, humidity: 45%
2026-06-28 08:01:39,938 - root - INFO - [1170/1205] Fetching weather for Horvátnádalja...
2026-06-28 08:01:40,036 - root - INFO - Fetched weather for Horvátnádalja: 31.4°C, Clear, humidity: 46%
2026-06-28 08:01:41,138 - root - INFO - [1171/1205] Fetching weather for Csákánydoroszló...
2026-06-28 08:01:41,232 - root - INFO - Fetched weather for Csákánydoroszló: 31.3°C, Clear, humidity: 47%
2026-06-28 08:01:42,334 - root - INFO - [1172/1205] Fetching weather for Váckisújfalu...
2026-06-28 08:01:42,434 - root - INFO - Fetched weather for Váckisújfalu: 34.1°C, Clear, humidity: 36%
2026-06-28 08:01:43,536 - root - INFO - [1173/1205] Fetching weather for Csisztafürdő...
2026-06-28 08:01:43,630 - root - INFO - Fetched weather for Csisztafürdő: 31.9°C, Clear, humidity: 42%
2026-06-28 08:01:44,732 - root - INFO - [1174/1205] Fetching weather for Mórágy...
2026-06-28 08:01:44,828 - root - INFO - Fetched weather for Mórágy: 33.9°C, Clear, humidity: 34%
2026-06-28 08:01:45,930 - root - INFO - [1175/1205] Fetching weather for Kismacs...
2026-06-28 08:01:46,028 - root - INFO - Fetched weather for Kismacs: 31.6°C, Clear, humidity: 38%
2026-06-28 08:01:47,130 - root - INFO - [1176/1205] Fetching weather for Pusztaszentistván...
2026-06-28 08:01:47,224 - root - INFO - Fetched weather for Pusztaszentistván: 32.3°C, Clear, humidity: 36%
2026-06-28 08:01:48,326 - root - INFO - [1177/1205] Fetching weather for Aranyvölgy...
2026-06-28 08:01:48,417 - root - INFO - Fetched weather for Aranyvölgy: 34.2°C, Clear, humidity: 39%
2026-06-28 08:01:49,518 - root - INFO - [1178/1205] Fetching weather for Szélhegy...
2026-06-28 08:01:49,617 - root - INFO - Fetched weather for Szélhegy: 32.9°C, Clear, humidity: 39%
2026-06-28 08:01:50,718 - root - INFO - [1179/1205] Fetching weather for Vörösvárbánya...
2026-06-28 08:01:50,807 - root - INFO - Fetched weather for Vörösvárbánya: 32.8°C, Clear, humidity: 39%
2026-06-28 08:01:51,908 - root - INFO - [1180/1205] Fetching weather for Máriaszőlőtelep...
2026-06-28 08:01:52,002 - root - INFO - Fetched weather for Máriaszőlőtelep: 32.1°C, Clear, humidity: 41%
2026-06-28 08:01:53,104 - root - INFO - [1181/1205] Fetching weather for Akadémiaújtelep...
2026-06-28 08:01:53,195 - root - INFO - Fetched weather for Akadémiaújtelep: 33.8°C, Clear, humidity: 40%
2026-06-28 08:01:54,296 - root - INFO - [1182/1205] Fetching weather for Újpalota...
2026-06-28 08:01:54,388 - root - INFO - Fetched weather for Újpalota: 34.0°C, Clear, humidity: 39%
2026-06-28 08:01:55,489 - root - INFO - [1183/1205] Fetching weather for Szeged, Somogyi utca...
2026-06-28 08:01:55,578 - root - INFO - Fetched weather for Szeged, Somogyi utca: 30.6°C, Clear, humidity: 55%
2026-06-28 08:01:56,680 - root - INFO - [1184/1205] Fetching weather for Hódmezővásárhely, Hősök tere...
2026-06-28 08:01:56,773 - root - INFO - Fetched weather for Hódmezővásárhely, Hősök tere: 32.8°C, Clear, humidity: 37%
2026-06-28 08:01:57,874 - root - INFO - [1185/1205] Fetching weather for Hódmezővásárhely, Kossuth tér...
2026-06-28 08:01:57,957 - root - INFO - Fetched weather for Hódmezővásárhely, Kossuth tér: 32.8°C, Clear, humidity: 37%
2026-06-28 08:01:59,058 - root - INFO - [1186/1205] Fetching weather for Hódmezővásárhely, Strandfürdő...
2026-06-28 08:01:59,142 - root - INFO - Fetched weather for Hódmezővásárhely, Strandfürdő: 32.8°C, Clear, humidity: 37%
2026-06-28 08:02:00,243 - root - INFO - [1187/1205] Fetching weather for Szeged, Széchenyi tér...
2026-06-28 08:02:00,331 - root - INFO - Fetched weather for Szeged, Széchenyi tér: 30.6°C, Clear, humidity: 55%
2026-06-28 08:02:01,433 - root - INFO - [1188/1205] Fetching weather for Szeged, Anna-kút...
2026-06-28 08:02:01,527 - root - INFO - Fetched weather for Szeged, Anna-kút: 30.6°C, Clear, humidity: 55%
2026-06-28 08:02:02,629 - root - INFO - [1189/1205] Fetching weather for Szeged, Rókusi templom...
2026-06-28 08:02:02,723 - root - INFO - Fetched weather for Szeged, Rókusi templom: 30.6°C, Clear, humidity: 55%
2026-06-28 08:02:03,825 - root - INFO - [1190/1205] Fetching weather for Hódmezővásárhely, Kálvin János tér...
2026-06-28 08:02:03,914 - root - INFO - Fetched weather for Hódmezővásárhely, Kálvin János tér: 32.8°C, Clear, humidity: 37%
2026-06-28 08:02:05,016 - root - INFO - [1191/1205] Fetching weather for Hódmezővásárhely vasútállomás...
2026-06-28 08:02:05,098 - root - INFO - Fetched weather for Hódmezővásárhely vasútállomás: 32.8°C, Clear, humidity: 37%
2026-06-28 08:02:06,200 - root - INFO - [1192/1205] Fetching weather for Szeged, Tavasz utca...
2026-06-28 08:02:06,283 - root - INFO - Fetched weather for Szeged, Tavasz utca: 30.6°C, Clear, humidity: 55%
2026-06-28 08:02:07,384 - root - INFO - [1193/1205] Fetching weather for Szeged, Damjanich utca...
2026-06-28 08:02:07,467 - root - INFO - Fetched weather for Szeged, Damjanich utca: 30.6°C, Clear, humidity: 55%
2026-06-28 08:02:08,569 - root - INFO - [1194/1205] Fetching weather for Szeged, Vásárhelyi Pál utca...
2026-06-28 08:02:08,659 - root - INFO - Fetched weather for Szeged, Vásárhelyi Pál utca: 30.6°C, Clear, humidity: 55%
2026-06-28 08:02:09,763 - root - INFO - [1195/1205] Fetching weather for Szeged, Bécsi körút ...
2026-06-28 08:02:09,846 - root - INFO - Fetched weather for Szeged, Bécsi körút : 30.6°C, Clear, humidity: 55%
2026-06-28 08:02:10,947 - root - INFO - [1196/1205] Fetching weather for Hódmezővásárhelyi Népkert vasútállomás...
2026-06-28 08:02:11,030 - root - INFO - Fetched weather for Hódmezővásárhelyi Népkert vasútállomás: 32.8°C, Clear, humidity: 37%
2026-06-28 08:02:12,132 - root - INFO - [1197/1205] Fetching weather for Szeged vasútállomás...
2026-06-28 08:02:12,214 - root - INFO - Fetched weather for Szeged vasútállomás: 30.6°C, Clear, humidity: 55%
2026-06-28 08:02:13,316 - root - INFO - [1198/1205] Fetching weather for Szeged, Bem utca...
2026-06-28 08:02:13,399 - root - INFO - Fetched weather for Szeged, Bem utca: 30.6°C, Clear, humidity: 55%
2026-06-28 08:02:14,500 - root - INFO - [1199/1205] Fetching weather for Szeged, Galamb utca...
2026-06-28 08:02:14,584 - root - INFO - Fetched weather for Szeged, Galamb utca: 30.6°C, Clear, humidity: 55%
2026-06-28 08:02:15,685 - root - INFO - [1200/1205] Fetching weather for Szeged, Aradi vértanúk tere...
2026-06-28 08:02:15,768 - root - INFO - Fetched weather for Szeged, Aradi vértanúk tere: 30.6°C, Clear, humidity: 55%
2026-06-28 08:02:16,870 - root - INFO - [1201/1205] Fetching weather for Szeged, Pulz utca...
2026-06-28 08:02:16,954 - root - INFO - Fetched weather for Szeged, Pulz utca: 30.6°C, Clear, humidity: 55%
2026-06-28 08:02:18,056 - root - INFO - [1202/1205] Fetching weather for Szeged, Rókus vasútállomás...
2026-06-28 08:02:18,138 - root - INFO - Fetched weather for Szeged, Rókus vasútállomás: 30.6°C, Clear, humidity: 55%
2026-06-28 08:02:19,240 - root - INFO - [1203/1205] Fetching weather for Látókép...
2026-06-28 08:02:19,347 - root - INFO - Fetched weather for Látókép: 31.6°C, Clear, humidity: 38%
2026-06-28 08:02:20,448 - root - INFO - [1204/1205] Fetching weather for Szentmihálytelek...
2026-06-28 08:02:20,544 - root - INFO - Fetched weather for Szentmihálytelek: 30.6°C, Clear, humidity: 55%
2026-06-28 08:02:21,646 - root - INFO - [1205/1205] Fetching weather for Kisvarsány...
2026-06-28 08:02:21,733 - root - INFO - Fetched weather for Kisvarsány: 31.4°C, Clear, humidity: 44%
2026-06-28 08:02:22,839 - root - INFO - Successfully collected weather for 1205 stations
2026-06-28 08:02:22,851 - root - INFO - Saved weather data to data/weather/current_20260628_0800.csv
2026-06-28 08:02:22,851 - root - INFO - File size: 145.6 KB
2026-06-28 08:02:22,851 - root - INFO - 
============================================================
2026-06-28 08:02:22,851 - root - INFO - WEATHER COLLECTION SUMMARY
2026-06-28 08:02:22,851 - root - INFO - ============================================================
2026-06-28 08:02:22,851 - root - INFO - 
Data Coverage:
2026-06-28 08:02:22,851 - root - INFO -   - Total stations: 1205
2026-06-28 08:02:22,851 - root - INFO -   - Collection time: 2026-06-28 07:38:22.410609
2026-06-28 08:02:22,852 - root - INFO -   - Collection hour: 07:00
2026-06-28 08:02:22,852 - root - INFO - 
Weather Statistics:
2026-06-28 08:02:22,852 - root - INFO -   - Temperature range: 28.4°C to 37.9°C
2026-06-28 08:02:22,852 - root - INFO -   - Average temperature: 32.1°C
2026-06-28 08:02:22,852 - root - INFO -   - Average humidity: 39%
2026-06-28 08:02:22,853 - root - INFO -   - Average wind speed: 2.6 m/s
2026-06-28 08:02:22,853 - root - INFO -   - Stations with precipitation: 0 (0.0%)
2026-06-28 08:02:22,853 - root - INFO - 
Weather Conditions Distribution:
2026-06-28 08:02:22,854 - root - INFO -   - Clear: 1205 (100.0%)
2026-06-28 08:02:22,854 - root - INFO - ============================================================

2026-06-28 08:02:22,854 - __main__ - INFO - Current weather collection completed successfully!
