2026-10-06 05:50:06,305 - __main__ - INFO - ============================================================
2026-10-06 05:50:06,305 - __main__ - INFO - CURRENT WEATHER COLLECTION STARTED
2026-10-06 05:50:06,305 - __main__ - INFO - ============================================================
2026-10-06 05:50:06,305 - __main__ - INFO - Collection time: 2026-10-06 05:50:06
2026-10-06 05:50:06,305 - __main__ - INFO - ============================================================

2026-10-06 05:50:06,305 - root - INFO - Starting current weather collection...
2026-10-06 05:50:06,316 - root - INFO - Loaded 1205 unique station coordinates from GTFS
2026-10-06 05:50:06,317 - root - INFO - Collecting weather for 1205 unique stations...
2026-10-06 05:50:06,317 - root - INFO - [1/1205] Fetching weather for Búcsúszentlászló...
2026-10-06 05:50:06,607 - root - INFO - Fetched weather for Búcsúszentlászló: 3.8°C, Clear, humidity: 88%
2026-10-06 05:50:07,709 - root - INFO - [2/1205] Fetching weather for Angyalföld...
2026-10-06 05:50:07,771 - root - INFO - Fetched weather for Angyalföld: 15.6°C, Clouds, humidity: 62%
2026-10-06 05:50:08,873 - root - INFO - [3/1205] Fetching weather for Felsőjánosfa...
2026-10-06 05:50:08,943 - root - INFO - Fetched weather for Felsőjánosfa: 8.5°C, Clear, humidity: 81%
2026-10-06 05:50:10,045 - root - INFO - [4/1205] Fetching weather for Pankasz...
2026-10-06 05:50:10,111 - root - INFO - Fetched weather for Pankasz: 8.2°C, Clear, humidity: 81%
2026-10-06 05:50:11,212 - root - INFO - [5/1205] Fetching weather for Nagyrákos...
2026-10-06 05:50:11,278 - root - INFO - Fetched weather for Nagyrákos: 8.2°C, Clear, humidity: 81%
2026-10-06 05:50:12,379 - root - INFO - [6/1205] Fetching weather for Őriszentpéter...
2026-10-06 05:50:12,450 - root - INFO - Fetched weather for Őriszentpéter: 8.3°C, Clear, humidity: 81%
2026-10-06 05:50:13,552 - root - INFO - [7/1205] Fetching weather for Törökbálint...
2026-10-06 05:50:13,617 - root - INFO - Fetched weather for Törökbálint: 15.3°C, Clear, humidity: 62%
2026-10-06 05:50:14,719 - root - INFO - [8/1205] Fetching weather for Bicske alsó...
2026-10-06 05:50:14,790 - root - INFO - Fetched weather for Bicske alsó: 15.2°C, Clouds, humidity: 67%
2026-10-06 05:50:15,892 - root - INFO - [9/1205] Fetching weather for Bajánsenye...
2026-10-06 05:50:15,959 - root - INFO - Fetched weather for Bajánsenye: 8.3°C, Clear, humidity: 82%
2026-10-06 05:50:17,060 - root - INFO - [10/1205] Fetching weather for Aquincum...
2026-10-06 05:50:17,127 - root - INFO - Fetched weather for Aquincum: 15.6°C, Clouds, humidity: 62%
2026-10-06 05:50:18,228 - root - INFO - [11/1205] Fetching weather for Piliscsév...
2026-10-06 05:50:18,308 - root - INFO - Fetched weather for Piliscsév: 15.2°C, Clouds, humidity: 67%
2026-10-06 05:50:19,410 - root - INFO - [12/1205] Fetching weather for Tát...
2026-10-06 05:50:19,474 - root - INFO - Fetched weather for Tát: 9.9°C, Clouds, humidity: 74%
2026-10-06 05:50:20,576 - root - INFO - [13/1205] Fetching weather for Süttő felső...
2026-10-06 05:50:20,639 - root - INFO - Fetched weather for Süttő felső: 10.0°C, Clouds, humidity: 70%
2026-10-06 05:50:21,741 - root - INFO - [14/1205] Fetching weather for Budatétény...
2026-10-06 05:50:21,804 - root - INFO - Fetched weather for Budatétény: 15.6°C, Clear, humidity: 62%
2026-10-06 05:50:22,906 - root - INFO - [15/1205] Fetching weather for Seregélyes-Szőlőhegy...
2026-10-06 05:50:22,983 - root - INFO - Fetched weather for Seregélyes-Szőlőhegy: 9.8°C, Clear, humidity: 80%
2026-10-06 05:50:24,084 - root - INFO - [16/1205] Fetching weather for Gödöllő-Állami telepek...
2026-10-06 05:50:24,177 - root - INFO - Fetched weather for Gödöllő-Állami telepek: 3.7°C, Clouds, humidity: 75%
2026-10-06 05:50:25,279 - root - INFO - [17/1205] Fetching weather for Dunakeszi alsó...
2026-10-06 05:50:25,365 - root - INFO - Fetched weather for Dunakeszi alsó: 15.6°C, Clouds, humidity: 62%
2026-10-06 05:50:26,467 - root - INFO - [18/1205] Fetching weather for Vác-Alsóváros...
2026-10-06 05:50:26,575 - root - INFO - Fetched weather for Vác-Alsóváros: 10.6°C, Clouds, humidity: 71%
2026-10-06 05:50:27,677 - root - INFO - [19/1205] Fetching weather for Szob alsó...
2026-10-06 05:50:27,750 - root - INFO - Fetched weather for Szob alsó: 10.2°C, Clouds, humidity: 72%
2026-10-06 05:50:28,851 - root - INFO - [20/1205] Fetching weather for Zalaszentmihály-Pacsa...
2026-10-06 05:50:28,930 - root - INFO - Fetched weather for Zalaszentmihály-Pacsa: 3.8°C, Clear, humidity: 93%
2026-10-06 05:50:30,031 - root - INFO - [21/1205] Fetching weather for Pötréte...
2026-10-06 05:50:30,097 - root - INFO - Fetched weather for Pötréte: 3.8°C, Clear, humidity: 93%
2026-10-06 05:50:31,199 - root - INFO - [22/1205] Fetching weather for Felsőrajk...
2026-10-06 05:50:31,279 - root - INFO - Fetched weather for Felsőrajk: 3.8°C, Clear, humidity: 93%
2026-10-06 05:50:32,381 - root - INFO - [23/1205] Fetching weather for Gelse...
2026-10-06 05:50:32,444 - root - INFO - Fetched weather for Gelse: 3.8°C, Clear, humidity: 93%
2026-10-06 05:50:33,545 - root - INFO - [24/1205] Fetching weather for Őrtilos...
2026-10-06 05:50:33,609 - root - INFO - Fetched weather for Őrtilos: 8.2°C, Clouds, humidity: 93%
2026-10-06 05:50:34,710 - root - INFO - [25/1205] Fetching weather for Zákány...
2026-10-06 05:50:34,782 - root - INFO - Fetched weather for Zákány: 8.0°C, Clear, humidity: 90%
2026-10-06 05:50:35,884 - root - INFO - [26/1205] Fetching weather for Berzence...
2026-10-06 05:50:35,949 - root - INFO - Fetched weather for Berzence: 8.4°C, Clear, humidity: 86%
2026-10-06 05:50:37,051 - root - INFO - [27/1205] Fetching weather for Somogyudvarhely...
2026-10-06 05:50:37,123 - root - INFO - Fetched weather for Somogyudvarhely: 8.4°C, Clear, humidity: 86%
2026-10-06 05:50:38,225 - root - INFO - [28/1205] Fetching weather for Bélavár...
2026-10-06 05:50:38,290 - root - INFO - Fetched weather for Bélavár: 8.5°C, Clear, humidity: 87%
2026-10-06 05:50:39,391 - root - INFO - [29/1205] Fetching weather for Vízvár...
2026-10-06 05:50:39,455 - root - INFO - Fetched weather for Vízvár: 8.5°C, Clear, humidity: 86%
2026-10-06 05:50:40,557 - root - INFO - [30/1205] Fetching weather for Babócsa...
2026-10-06 05:50:40,621 - root - INFO - Fetched weather for Babócsa: 8.6°C, Clear, humidity: 87%
2026-10-06 05:50:41,723 - root - INFO - [31/1205] Fetching weather for Péterhida-Komlósd...
2026-10-06 05:50:41,787 - root - INFO - Fetched weather for Péterhida-Komlósd: 8.8°C, Clear, humidity: 87%
2026-10-06 05:50:42,889 - root - INFO - [32/1205] Fetching weather for Barcs...
2026-10-06 05:50:42,955 - root - INFO - Fetched weather for Barcs: 9.0°C, Clear, humidity: 84%
2026-10-06 05:50:44,057 - root - INFO - [33/1205] Fetching weather for Barcs felső...
2026-10-06 05:50:44,135 - root - INFO - Fetched weather for Barcs felső: 8.9°C, Clear, humidity: 83%
2026-10-06 05:50:45,237 - root - INFO - [34/1205] Fetching weather for Középrigóc...
2026-10-06 05:50:45,312 - root - INFO - Fetched weather for Középrigóc: 8.9°C, Clear, humidity: 82%
2026-10-06 05:50:46,414 - root - INFO - [35/1205] Fetching weather for Darány...
2026-10-06 05:50:46,480 - root - INFO - Fetched weather for Darány: 9.2°C, Clear, humidity: 76%
2026-10-06 05:50:47,581 - root - INFO - [36/1205] Fetching weather for Kisdobsza...
2026-10-06 05:50:47,655 - root - INFO - Fetched weather for Kisdobsza: 9.4°C, Clear, humidity: 71%
2026-10-06 05:50:48,756 - root - INFO - [37/1205] Fetching weather for Nemeske...
2026-10-06 05:50:48,822 - root - INFO - Fetched weather for Nemeske: 9.5°C, Clear, humidity: 70%
2026-10-06 05:50:49,924 - root - INFO - [38/1205] Fetching weather for Molvány...
2026-10-06 05:50:49,993 - root - INFO - Fetched weather for Molvány: 9.6°C, Clear, humidity: 68%
2026-10-06 05:50:51,095 - root - INFO - [39/1205] Fetching weather for Szigetvár...
2026-10-06 05:50:51,160 - root - INFO - Fetched weather for Szigetvár: 9.7°C, Clear, humidity: 67%
2026-10-06 05:50:52,261 - root - INFO - [40/1205] Fetching weather for Nagypeterd...
2026-10-06 05:50:52,331 - root - INFO - Fetched weather for Nagypeterd: 11.5°C, Clear, humidity: 66%
2026-10-06 05:50:53,433 - root - INFO - [41/1205] Fetching weather for Szentdénes...
2026-10-06 05:50:53,497 - root - INFO - Fetched weather for Szentdénes: 11.5°C, Clear, humidity: 66%
2026-10-06 05:50:54,599 - root - INFO - [42/1205] Fetching weather for Háros...
2026-10-06 05:50:54,663 - root - INFO - Fetched weather for Háros: 15.6°C, Clear, humidity: 62%
2026-10-06 05:50:55,764 - root - INFO - [43/1205] Fetching weather for Nagytétény-Diósd...
2026-10-06 05:50:55,827 - root - INFO - Fetched weather for Nagytétény-Diósd: 15.6°C, Clear, humidity: 62%
2026-10-06 05:50:56,928 - root - INFO - [44/1205] Fetching weather for Érdliget...
2026-10-06 05:50:56,996 - root - INFO - Fetched weather for Érdliget: 15.5°C, Clear, humidity: 62%
2026-10-06 05:50:58,098 - root - INFO - [45/1205] Fetching weather for Érd felső...
2026-10-06 05:50:58,163 - root - INFO - Fetched weather for Érd felső: 15.5°C, Clear, humidity: 62%
2026-10-06 05:50:59,265 - root - INFO - [46/1205] Fetching weather for Érd...
2026-10-06 05:50:59,335 - root - INFO - Fetched weather for Érd: 15.5°C, Clear, humidity: 62%
2026-10-06 05:51:00,436 - root - INFO - [47/1205] Fetching weather for Százhalombatta...
2026-10-06 05:51:00,504 - root - INFO - Fetched weather for Százhalombatta: 15.4°C, Clear, humidity: 72%
2026-10-06 05:51:01,606 - root - INFO - [48/1205] Fetching weather for Dunai Finomító...
2026-10-06 05:51:01,671 - root - INFO - Fetched weather for Dunai Finomító: 15.3°C, Clouds, humidity: 73%
2026-10-06 05:51:02,772 - root - INFO - [49/1205] Fetching weather for Ercsi...
2026-10-06 05:51:02,836 - root - INFO - Fetched weather for Ercsi: 15.5°C, Clear, humidity: 76%
2026-10-06 05:51:03,938 - root - INFO - [50/1205] Fetching weather for Iváncsa...
2026-10-06 05:51:04,004 - root - INFO - Fetched weather for Iváncsa: 9.8°C, Clear, humidity: 83%
2026-10-06 05:51:05,106 - root - INFO - [51/1205] Fetching weather for Pusztaszabolcs...
2026-10-06 05:51:05,173 - root - INFO - Fetched weather for Pusztaszabolcs: 9.8°C, Clear, humidity: 79%
2026-10-06 05:51:06,274 - root - INFO - [52/1205] Fetching weather for Szabadegyháza...
2026-10-06 05:51:06,341 - root - INFO - Fetched weather for Szabadegyháza: 9.7°C, Clear, humidity: 78%
2026-10-06 05:51:07,443 - root - INFO - [53/1205] Fetching weather for Sárosd...
2026-10-06 05:51:07,516 - root - INFO - Fetched weather for Sárosd: 9.7°C, Clear, humidity: 80%
2026-10-06 05:51:08,618 - root - INFO - [54/1205] Fetching weather for Nagylók...
2026-10-06 05:51:08,683 - root - INFO - Fetched weather for Nagylók: 9.5°C, Clear, humidity: 77%
2026-10-06 05:51:09,784 - root - INFO - [55/1205] Fetching weather for Sárbogárd...
2026-10-06 05:51:09,851 - root - INFO - Fetched weather for Sárbogárd: 9.7°C, Clear, humidity: 71%
2026-10-06 05:51:10,952 - root - INFO - [56/1205] Fetching weather for Rétszilas...
2026-10-06 05:51:11,019 - root - INFO - Fetched weather for Rétszilas: 9.7°C, Clear, humidity: 69%
2026-10-06 05:51:12,121 - root - INFO - [57/1205] Fetching weather for Nagyatád...
2026-10-06 05:51:12,200 - root - INFO - Fetched weather for Nagyatád: 8.6°C, Clear, humidity: 78%
2026-10-06 05:51:13,301 - root - INFO - [58/1205] Fetching weather for Budapest-Keleti...
2026-10-06 05:51:13,365 - root - INFO - Fetched weather for Budapest-Keleti: 15.5°C, Clouds, humidity: 62%
2026-10-06 05:51:14,467 - root - INFO - [59/1205] Fetching weather for Ferencváros...
2026-10-06 05:51:14,534 - root - INFO - Fetched weather for Ferencváros: 15.6°C, Clouds, humidity: 62%
2026-10-06 05:51:15,636 - root - INFO - [60/1205] Fetching weather for Budapest-Nyugati...
2026-10-06 05:51:15,702 - root - INFO - Fetched weather for Budapest-Nyugati: 15.6°C, Clouds, humidity: 62%
2026-10-06 05:51:16,803 - root - INFO - [61/1205] Fetching weather for Kőbánya felső...
2026-10-06 05:51:16,870 - root - INFO - Fetched weather for Kőbánya felső: 15.5°C, Clouds, humidity: 62%
2026-10-06 05:51:17,971 - root - INFO - [62/1205] Fetching weather for Rákos...
2026-10-06 05:51:18,036 - root - INFO - Fetched weather for Rákos: 4.1°C, Clouds, humidity: 75%
2026-10-06 05:51:19,138 - root - INFO - [63/1205] Fetching weather for Rákosrendező...
2026-10-06 05:51:19,204 - root - INFO - Fetched weather for Rákosrendező: 15.6°C, Clouds, humidity: 62%
2026-10-06 05:51:20,306 - root - INFO - [64/1205] Fetching weather for Zugló...
2026-10-06 05:51:20,372 - root - INFO - Fetched weather for Zugló: 15.5°C, Clouds, humidity: 62%
2026-10-06 05:51:21,473 - root - INFO - [65/1205] Fetching weather for Mezőtárkány...
2026-10-06 05:51:21,550 - root - INFO - Fetched weather for Mezőtárkány: 11.7°C, Clouds, humidity: 72%
2026-10-06 05:51:22,651 - root - INFO - [66/1205] Fetching weather for Istvántelek...
2026-10-06 05:51:22,747 - root - INFO - Fetched weather for Istvántelek: 15.6°C, Clouds, humidity: 62%
2026-10-06 05:51:23,848 - root - INFO - [67/1205] Fetching weather for Rákospalota-Újpest...
2026-10-06 05:51:23,926 - root - INFO - Fetched weather for Rákospalota-Újpest: 15.6°C, Clouds, humidity: 62%
2026-10-06 05:51:25,028 - root - INFO - [68/1205] Fetching weather for Kőbánya alsó...
2026-10-06 05:51:25,091 - root - INFO - Fetched weather for Kőbánya alsó: 15.5°C, Clouds, humidity: 62%
2026-10-06 05:51:26,193 - root - INFO - [69/1205] Fetching weather for Kőbánya-Kispest...
2026-10-06 05:51:26,257 - root - INFO - Fetched weather for Kőbánya-Kispest: 4.2°C, Clouds, humidity: 75%
2026-10-06 05:51:27,359 - root - INFO - [70/1205] Fetching weather for Pestszentlőrinc...
2026-10-06 05:51:27,426 - root - INFO - Fetched weather for Pestszentlőrinc: 4.1°C, Clear, humidity: 75%
2026-10-06 05:51:28,527 - root - INFO - [71/1205] Fetching weather for Kispest...
2026-10-06 05:51:28,590 - root - INFO - Fetched weather for Kispest: 4.2°C, Clear, humidity: 75%
2026-10-06 05:51:29,691 - root - INFO - [72/1205] Fetching weather for Újpest...
2026-10-06 05:51:29,758 - root - INFO - Fetched weather for Újpest: 15.6°C, Clouds, humidity: 62%
2026-10-06 05:51:30,859 - root - INFO - [73/1205] Fetching weather for Pestszentimre felső...
2026-10-06 05:51:30,925 - root - INFO - Fetched weather for Pestszentimre felső: 4.2°C, Clouds, humidity: 75%
2026-10-06 05:51:32,027 - root - INFO - [74/1205] Fetching weather for Dunakeszi...
2026-10-06 05:51:32,104 - root - INFO - Fetched weather for Dunakeszi: 15.5°C, Clouds, humidity: 62%
2026-10-06 05:51:33,205 - root - INFO - [75/1205] Fetching weather for Dunakeszi-Gyártelep...
2026-10-06 05:51:33,271 - root - INFO - Fetched weather for Dunakeszi-Gyártelep: 15.5°C, Clouds, humidity: 62%
2026-10-06 05:51:34,373 - root - INFO - [76/1205] Fetching weather for Alsógöd...
2026-10-06 05:51:34,439 - root - INFO - Fetched weather for Alsógöd: 15.5°C, Clouds, humidity: 70%
2026-10-06 05:51:35,541 - root - INFO - [77/1205] Fetching weather for Göd...
2026-10-06 05:51:35,605 - root - INFO - Fetched weather for Göd: 15.5°C, Clouds, humidity: 70%
2026-10-06 05:51:36,707 - root - INFO - [78/1205] Fetching weather for Felsőgöd...
2026-10-06 05:51:36,771 - root - INFO - Fetched weather for Felsőgöd: 15.6°C, Clouds, humidity: 70%
2026-10-06 05:51:37,873 - root - INFO - [79/1205] Fetching weather for Sződ-Sződliget...
2026-10-06 05:51:37,938 - root - INFO - Fetched weather for Sződ-Sződliget: 15.6°C, Clouds, humidity: 70%
2026-10-06 05:51:39,040 - root - INFO - [80/1205] Fetching weather for Vác...
2026-10-06 05:51:39,102 - root - INFO - Fetched weather for Vác: 10.6°C, Clouds, humidity: 71%
2026-10-06 05:51:40,204 - root - INFO - [81/1205] Fetching weather for Verőce...
2026-10-06 05:51:40,271 - root - INFO - Fetched weather for Verőce: 9.7°C, Clouds, humidity: 70%
2026-10-06 05:51:41,373 - root - INFO - [82/1205] Fetching weather for Kismaros...
2026-10-06 05:51:41,451 - root - INFO - Fetched weather for Kismaros: 8.9°C, Clouds, humidity: 69%
2026-10-06 05:51:42,553 - root - INFO - [83/1205] Fetching weather for Nagymaros-Visegrád...
2026-10-06 05:51:42,619 - root - INFO - Fetched weather for Nagymaros-Visegrád: 9.3°C, Clouds, humidity: 69%
2026-10-06 05:51:43,721 - root - INFO - [84/1205] Fetching weather for Nagymaros...
2026-10-06 05:51:43,787 - root - INFO - Fetched weather for Nagymaros: 9.3°C, Clouds, humidity: 69%
2026-10-06 05:51:44,889 - root - INFO - [85/1205] Fetching weather for Zebegény...
2026-10-06 05:51:44,952 - root - INFO - Fetched weather for Zebegény: 9.9°C, Clouds, humidity: 70%
2026-10-06 05:51:46,054 - root - INFO - [86/1205] Fetching weather for Szob...
2026-10-06 05:51:46,123 - root - INFO - Fetched weather for Szob: 9.7°C, Clouds, humidity: 72%
2026-10-06 05:51:47,224 - root - INFO - [87/1205] Fetching weather for Alagimajor...
2026-10-06 05:51:47,288 - root - INFO - Fetched weather for Alagimajor: 15.5°C, Clouds, humidity: 62%
2026-10-06 05:51:48,390 - root - INFO - [88/1205] Fetching weather for Fót...
2026-10-06 05:51:48,455 - root - INFO - Fetched weather for Fót: 15.4°C, Clouds, humidity: 62%
2026-10-06 05:51:49,556 - root - INFO - [89/1205] Fetching weather for Fótújfalu...
2026-10-06 05:51:49,621 - root - INFO - Fetched weather for Fótújfalu: 15.3°C, Clouds, humidity: 62%
2026-10-06 05:51:50,723 - root - INFO - [90/1205] Fetching weather for Csomád...
2026-10-06 05:51:50,792 - root - INFO - Fetched weather for Csomád: 3.7°C, Clouds, humidity: 72%
2026-10-06 05:51:51,893 - root - INFO - [91/1205] Fetching weather for Veresegyház...
2026-10-06 05:51:51,960 - root - INFO - Fetched weather for Veresegyház: 3.8°C, Clouds, humidity: 69%
2026-10-06 05:51:53,061 - root - INFO - [92/1205] Fetching weather for Erdőkertes...
2026-10-06 05:51:53,125 - root - INFO - Fetched weather for Erdőkertes: 3.8°C, Clouds, humidity: 69%
2026-10-06 05:51:54,227 - root - INFO - [93/1205] Fetching weather for Őrbottyán...
2026-10-06 05:51:54,296 - root - INFO - Fetched weather for Őrbottyán: 3.7°C, Clouds, humidity: 69%
2026-10-06 05:51:55,398 - root - INFO - [94/1205] Fetching weather for Váchartyán...
2026-10-06 05:51:55,463 - root - INFO - Fetched weather for Váchartyán: 10.3°C, Clouds, humidity: 70%
2026-10-06 05:51:56,565 - root - INFO - [95/1205] Fetching weather for Magyarkút-Verőce...
2026-10-06 05:51:56,631 - root - INFO - Fetched weather for Magyarkút-Verőce: 9.7°C, Clouds, humidity: 70%
2026-10-06 05:51:57,733 - root - INFO - [96/1205] Fetching weather for Szokolya...
2026-10-06 05:51:57,798 - root - INFO - Fetched weather for Szokolya: 9.0°C, Clouds, humidity: 67%
2026-10-06 05:51:58,900 - root - INFO - [97/1205] Fetching weather for Berkenye...
2026-10-06 05:51:58,969 - root - INFO - Fetched weather for Berkenye: 9.8°C, Clouds, humidity: 68%
2026-10-06 05:52:00,070 - root - INFO - [98/1205] Fetching weather for Nógrád...
2026-10-06 05:52:00,136 - root - INFO - Fetched weather for Nógrád: 9.4°C, Clouds, humidity: 66%
2026-10-06 05:52:01,238 - root - INFO - [99/1205] Fetching weather for Diósjenő...
2026-10-06 05:52:01,304 - root - INFO - Fetched weather for Diósjenő: 9.1°C, Clouds, humidity: 66%
2026-10-06 05:52:02,406 - root - INFO - [100/1205] Fetching weather for Borsosberény...
2026-10-06 05:52:02,474 - root - INFO - Fetched weather for Borsosberény: 9.9°C, Clouds, humidity: 66%
2026-10-06 05:52:03,576 - root - INFO - [101/1205] Fetching weather for Nagyoroszi...
2026-10-06 05:52:03,641 - root - INFO - Fetched weather for Nagyoroszi: 9.7°C, Clear, humidity: 67%
2026-10-06 05:52:04,743 - root - INFO - [102/1205] Fetching weather for Drégelyvár...
2026-10-06 05:52:04,820 - root - INFO - Fetched weather for Drégelyvár: 9.9°C, Clear, humidity: 66%
2026-10-06 05:52:05,922 - root - INFO - [103/1205] Fetching weather for Drégely...
2026-10-06 05:52:05,987 - root - INFO - Fetched weather for Drégely: 10.3°C, Clear, humidity: 67%
2026-10-06 05:52:07,088 - root - INFO - [104/1205] Fetching weather for Drégelypalánk...
2026-10-06 05:52:07,160 - root - INFO - Fetched weather for Drégelypalánk: 10.4°C, Clear, humidity: 68%
2026-10-06 05:52:08,262 - root - INFO - [105/1205] Fetching weather for Ipolyvece...
2026-10-06 05:52:08,334 - root - INFO - Fetched weather for Ipolyvece: 10.4°C, Clear, humidity: 70%
2026-10-06 05:52:09,436 - root - INFO - [106/1205] Fetching weather for Dejtár...
2026-10-06 05:52:09,507 - root - INFO - Fetched weather for Dejtár: 10.4°C, Clear, humidity: 69%
2026-10-06 05:52:10,609 - root - INFO - [107/1205] Fetching weather for Ipolyszög...
2026-10-06 05:52:10,676 - root - INFO - Fetched weather for Ipolyszög: 10.5°C, Clear, humidity: 70%
2026-10-06 05:52:11,777 - root - INFO - [108/1205] Fetching weather for Iklad-Domony...
2026-10-06 05:52:11,840 - root - INFO - Fetched weather for Iklad-Domony: 4.1°C, Clouds, humidity: 64%
2026-10-06 05:52:12,941 - root - INFO - [109/1205] Fetching weather for Iklad-Domony felső...
2026-10-06 05:52:13,004 - root - INFO - Fetched weather for Iklad-Domony felső: 4.1°C, Clouds, humidity: 65%
2026-10-06 05:52:14,105 - root - INFO - [110/1205] Fetching weather for Galgamácsa...
2026-10-06 05:52:14,178 - root - INFO - Fetched weather for Galgamácsa: 10.4°C, Clouds, humidity: 66%
2026-10-06 05:52:15,280 - root - INFO - [111/1205] Fetching weather for Vácrátót...
2026-10-06 05:52:15,346 - root - INFO - Fetched weather for Vácrátót: 10.6°C, Clouds, humidity: 71%
2026-10-06 05:52:16,448 - root - INFO - [112/1205] Fetching weather for Csörög...
2026-10-06 05:52:16,513 - root - INFO - Fetched weather for Csörög: 10.8°C, Clouds, humidity: 71%
2026-10-06 05:52:17,614 - root - INFO - [113/1205] Fetching weather for Galgagyörk...
2026-10-06 05:52:17,679 - root - INFO - Fetched weather for Galgagyörk: 10.5°C, Clouds, humidity: 66%
2026-10-06 05:52:18,780 - root - INFO - [114/1205] Fetching weather for Püspökhatvan...
2026-10-06 05:52:18,843 - root - INFO - Fetched weather for Püspökhatvan: 10.6°C, Clouds, humidity: 65%
2026-10-06 05:52:19,945 - root - INFO - [115/1205] Fetching weather for Acsa-Erdőkürt...
2026-10-06 05:52:20,009 - root - INFO - Fetched weather for Acsa-Erdőkürt: 10.4°C, Clouds, humidity: 64%
2026-10-06 05:52:21,111 - root - INFO - [116/1205] Fetching weather for Galgaguta...
2026-10-06 05:52:21,174 - root - INFO - Fetched weather for Galgaguta: 10.1°C, Clouds, humidity: 64%
2026-10-06 05:52:22,275 - root - INFO - [117/1205] Fetching weather for Nógrádkövesd...
2026-10-06 05:52:22,341 - root - INFO - Fetched weather for Nógrádkövesd: 10.3°C, Clouds, humidity: 65%
2026-10-06 05:52:23,443 - root - INFO - [118/1205] Fetching weather for Magyarnándor...
2026-10-06 05:52:23,506 - root - INFO - Fetched weather for Magyarnándor: 10.1°C, Clouds, humidity: 67%
2026-10-06 05:52:24,608 - root - INFO - [119/1205] Fetching weather for Mohora...
2026-10-06 05:52:24,678 - root - INFO - Fetched weather for Mohora: 10.2°C, Clear, humidity: 69%
2026-10-06 05:52:25,780 - root - INFO - [120/1205] Fetching weather for Szügy...
2026-10-06 05:52:25,844 - root - INFO - Fetched weather for Szügy: 10.4°C, Clear, humidity: 71%
2026-10-06 05:52:26,946 - root - INFO - [121/1205] Fetching weather for Balassagyarmat...
2026-10-06 05:52:27,008 - root - INFO - Fetched weather for Balassagyarmat: 10.5°C, Clear, humidity: 72%
2026-10-06 05:52:28,110 - root - INFO - [122/1205] Fetching weather for Őrhalom...
2026-10-06 05:52:28,175 - root - INFO - Fetched weather for Őrhalom: 10.4°C, Clear, humidity: 74%
2026-10-06 05:52:29,276 - root - INFO - [123/1205] Fetching weather for Hugyag...
2026-10-06 05:52:29,339 - root - INFO - Fetched weather for Hugyag: 10.4°C, Clear, humidity: 74%
2026-10-06 05:52:30,441 - root - INFO - [124/1205] Fetching weather for Szécsény...
2026-10-06 05:52:30,511 - root - INFO - Fetched weather for Szécsény: 10.8°C, Clouds, humidity: 73%
2026-10-06 05:52:31,613 - root - INFO - [125/1205] Fetching weather for Ludányhalászi...
2026-10-06 05:52:31,678 - root - INFO - Fetched weather for Ludányhalászi: 10.8°C, Clouds, humidity: 76%
2026-10-06 05:52:32,779 - root - INFO - [126/1205] Fetching weather for Nógrádszakál...
2026-10-06 05:52:32,845 - root - INFO - Fetched weather for Nógrádszakál: 10.8°C, Clouds, humidity: 77%
2026-10-06 05:52:33,946 - root - INFO - [127/1205] Fetching weather for Ráróspuszta...
2026-10-06 05:52:34,010 - root - INFO - Fetched weather for Ráróspuszta: 10.2°C, Clouds, humidity: 76%
2026-10-06 05:52:35,112 - root - INFO - [128/1205] Fetching weather for Litke...
2026-10-06 05:52:35,176 - root - INFO - Fetched weather for Litke: 10.8°C, Clouds, humidity: 77%
2026-10-06 05:52:36,278 - root - INFO - [129/1205] Fetching weather for Nyíregyháza külső...
2026-10-06 05:52:36,343 - root - INFO - Fetched weather for Nyíregyháza külső: 10.6°C, Clouds, humidity: 76%
2026-10-06 05:52:37,444 - root - INFO - [130/1205] Fetching weather for Oros...
2026-10-06 05:52:37,507 - root - INFO - Fetched weather for Oros: 10.5°C, Clouds, humidity: 77%
2026-10-06 05:52:38,608 - root - INFO - [131/1205] Fetching weather for Napkor...
2026-10-06 05:52:38,675 - root - INFO - Fetched weather for Napkor: 10.5°C, Clouds, humidity: 77%
2026-10-06 05:52:39,777 - root - INFO - [132/1205] Fetching weather for Apagy...
2026-10-06 05:52:39,842 - root - INFO - Fetched weather for Apagy: 10.5°C, Clouds, humidity: 77%
2026-10-06 05:52:40,943 - root - INFO - [133/1205] Fetching weather for Levelek-Magy...
2026-10-06 05:52:41,008 - root - INFO - Fetched weather for Levelek-Magy: 10.4°C, Clouds, humidity: 77%
2026-10-06 05:52:42,110 - root - INFO - [134/1205] Fetching weather for Ófehértó...
2026-10-06 05:52:42,174 - root - INFO - Fetched weather for Ófehértó: 10.3°C, Clouds, humidity: 76%
2026-10-06 05:52:43,276 - root - INFO - [135/1205] Fetching weather for Ligettanya...
2026-10-06 05:52:43,339 - root - INFO - Fetched weather for Ligettanya: 10.3°C, Clouds, humidity: 75%
2026-10-06 05:52:44,440 - root - INFO - [136/1205] Fetching weather for Baktalórántháza...
2026-10-06 05:52:44,510 - root - INFO - Fetched weather for Baktalórántháza: 10.3°C, Clouds, humidity: 76%
2026-10-06 05:52:45,612 - root - INFO - [137/1205] Fetching weather for Vaja-Rohod...
2026-10-06 05:52:45,676 - root - INFO - Fetched weather for Vaja-Rohod: 10.4°C, Clouds, humidity: 76%
2026-10-06 05:52:46,777 - root - INFO - [138/1205] Fetching weather for Rákóczitanya...
2026-10-06 05:52:46,847 - root - INFO - Fetched weather for Rákóczitanya: 10.3°C, Clouds, humidity: 76%
2026-10-06 05:52:47,949 - root - INFO - [139/1205] Fetching weather for Nyírmada...
2026-10-06 05:52:48,015 - root - INFO - Fetched weather for Nyírmada: 10.3°C, Clouds, humidity: 77%
2026-10-06 05:52:49,117 - root - INFO - [140/1205] Fetching weather for Tunyogmatolcs...
2026-10-06 05:52:49,190 - root - INFO - Fetched weather for Tunyogmatolcs: 10.3°C, Clouds, humidity: 80%
2026-10-06 05:52:50,292 - root - INFO - [141/1205] Fetching weather for Tunyogmatolcs alsó...
2026-10-06 05:52:50,357 - root - INFO - Fetched weather for Tunyogmatolcs alsó: 10.3°C, Clouds, humidity: 80%
2026-10-06 05:52:51,459 - root - INFO - [142/1205] Fetching weather for Fehérgyarmat...
2026-10-06 05:52:51,535 - root - INFO - Fetched weather for Fehérgyarmat: 10.3°C, Clouds, humidity: 78%
2026-10-06 05:52:52,636 - root - INFO - [143/1205] Fetching weather for Penyige...
2026-10-06 05:52:52,707 - root - INFO - Fetched weather for Penyige: 10.3°C, Clouds, humidity: 77%
2026-10-06 05:52:53,808 - root - INFO - [144/1205] Fetching weather for Nagyszekeres...
2026-10-06 05:52:53,877 - root - INFO - Fetched weather for Nagyszekeres: 10.3°C, Clouds, humidity: 77%
2026-10-06 05:52:54,979 - root - INFO - [145/1205] Fetching weather for Kisszekeres...
2026-10-06 05:52:55,042 - root - INFO - Fetched weather for Kisszekeres: 10.3°C, Clouds, humidity: 77%
2026-10-06 05:52:56,144 - root - INFO - [146/1205] Fetching weather for Jánkmajtis...
2026-10-06 05:52:56,209 - root - INFO - Fetched weather for Jánkmajtis: 10.3°C, Clouds, humidity: 77%
2026-10-06 05:52:57,311 - root - INFO - [147/1205] Fetching weather for Gacsály...
2026-10-06 05:52:57,378 - root - INFO - Fetched weather for Gacsály: 7.0°C, Clouds, humidity: 76%
2026-10-06 05:52:58,480 - root - INFO - [148/1205] Fetching weather for Zajta...
2026-10-06 05:52:58,552 - root - INFO - Fetched weather for Zajta: 7.0°C, Clouds, humidity: 77%
2026-10-06 05:52:59,653 - root - INFO - [149/1205] Fetching weather for Eperjeske alsó...
2026-10-06 05:52:59,717 - root - INFO - Fetched weather for Eperjeske alsó: 10.7°C, Clouds, humidity: 79%
2026-10-06 05:53:00,819 - root - INFO - [150/1205] Fetching weather for Mándok...
2026-10-06 05:53:00,885 - root - INFO - Fetched weather for Mándok: 10.6°C, Clouds, humidity: 80%
2026-10-06 05:53:01,987 - root - INFO - [151/1205] Fetching weather for Tornyospálca...
2026-10-06 05:53:02,062 - root - INFO - Fetched weather for Tornyospálca: 10.6°C, Clouds, humidity: 80%
2026-10-06 05:53:03,164 - root - INFO - [152/1205] Fetching weather for Aranyosapáti...
2026-10-06 05:53:03,234 - root - INFO - Fetched weather for Aranyosapáti: 10.5°C, Clouds, humidity: 79%
2026-10-06 05:53:04,335 - root - INFO - [153/1205] Fetching weather for Gyüre...
2026-10-06 05:53:04,398 - root - INFO - Fetched weather for Gyüre: 10.5°C, Clouds, humidity: 79%
2026-10-06 05:53:05,500 - root - INFO - [154/1205] Fetching weather for Varsány...
2026-10-06 05:53:05,565 - root - INFO - Fetched weather for Varsány: 10.4°C, Clouds, humidity: 79%
2026-10-06 05:53:06,667 - root - INFO - [155/1205] Fetching weather for Vásárosnamény...
2026-10-06 05:53:06,730 - root - INFO - Fetched weather for Vásárosnamény: 10.4°C, Clouds, humidity: 79%
2026-10-06 05:53:07,832 - root - INFO - [156/1205] Fetching weather for Vitka...
2026-10-06 05:53:07,897 - root - INFO - Fetched weather for Vitka: 10.4°C, Clouds, humidity: 79%
2026-10-06 05:53:08,999 - root - INFO - [157/1205] Fetching weather for Nagydobos...
2026-10-06 05:53:09,070 - root - INFO - Fetched weather for Nagydobos: 10.3°C, Clouds, humidity: 79%
2026-10-06 05:53:10,171 - root - INFO - [158/1205] Fetching weather for Ópályi...
2026-10-06 05:53:10,236 - root - INFO - Fetched weather for Ópályi: 10.3°C, Clouds, humidity: 77%
2026-10-06 05:53:11,337 - root - INFO - [159/1205] Fetching weather for Nyírcsaholy...
2026-10-06 05:53:11,400 - root - INFO - Fetched weather for Nyírcsaholy: 10.3°C, Clouds, humidity: 77%
2026-10-06 05:53:12,501 - root - INFO - [160/1205] Fetching weather for Nagyecsed...
2026-10-06 05:53:12,564 - root - INFO - Fetched weather for Nagyecsed: 10.3°C, Clouds, humidity: 79%
2026-10-06 05:53:13,666 - root - INFO - [161/1205] Fetching weather for Tiborszállás...
2026-10-06 05:53:13,734 - root - INFO - Fetched weather for Tiborszállás: 10.2°C, Clouds, humidity: 79%
2026-10-06 05:53:14,836 - root - INFO - [162/1205] Fetching weather for Kiskunhalas...
2026-10-06 05:53:14,897 - root - INFO - Fetched weather for Kiskunhalas: 9.6°C, Clear, humidity: 60%
2026-10-06 05:53:15,999 - root - INFO - [163/1205] Fetching weather for Kecskemét alsó...
2026-10-06 05:53:16,062 - root - INFO - Fetched weather for Kecskemét alsó: 5.0°C, Clouds, humidity: 65%
2026-10-06 05:53:17,164 - root - INFO - [164/1205] Fetching weather for Putnok...
2026-10-06 05:53:17,227 - root - INFO - Fetched weather for Putnok: 16.7°C, Clouds, humidity: 76%
2026-10-06 05:53:18,328 - root - INFO - [165/1205] Fetching weather for Bánréve...
2026-10-06 05:53:18,395 - root - INFO - Fetched weather for Bánréve: 14.8°C, Clouds, humidity: 77%
2026-10-06 05:53:19,497 - root - INFO - [166/1205] Fetching weather for Ipolytarnóc...
2026-10-06 05:53:19,565 - root - INFO - Fetched weather for Ipolytarnóc: 10.8°C, Clouds, humidity: 77%
2026-10-06 05:53:20,667 - root - INFO - [167/1205] Fetching weather for Rákosliget...
2026-10-06 05:53:20,733 - root - INFO - Fetched weather for Rákosliget: 4.0°C, Clouds, humidity: 75%
2026-10-06 05:53:21,835 - root - INFO - [168/1205] Fetching weather for Ikrény...
2026-10-06 05:53:21,908 - root - INFO - Fetched weather for Ikrény: 4.1°C, Clear, humidity: 84%
2026-10-06 05:53:23,009 - root - INFO - [169/1205] Fetching weather for Rábapatona...
2026-10-06 05:53:23,074 - root - INFO - Fetched weather for Rábapatona: 4.1°C, Clear, humidity: 84%
2026-10-06 05:53:24,176 - root - INFO - [170/1205] Fetching weather for Enese...
2026-10-06 05:53:24,239 - root - INFO - Fetched weather for Enese: 4.1°C, Clear, humidity: 85%
2026-10-06 05:53:25,340 - root - INFO - [171/1205] Fetching weather for Kóny...
2026-10-06 05:53:25,413 - root - INFO - Fetched weather for Kóny: 9.7°C, Clear, humidity: 85%
2026-10-06 05:53:26,514 - root - INFO - [172/1205] Fetching weather for Farád...
2026-10-06 05:53:26,586 - root - INFO - Fetched weather for Farád: 9.8°C, Clear, humidity: 84%
2026-10-06 05:53:27,687 - root - INFO - [173/1205] Fetching weather for Rábatamási...
2026-10-06 05:53:27,756 - root - INFO - Fetched weather for Rábatamási: 9.8°C, Clear, humidity: 84%
2026-10-06 05:53:28,857 - root - INFO - [174/1205] Fetching weather for Szárföld...
2026-10-06 05:53:28,939 - root - INFO - Fetched weather for Szárföld: 9.9°C, Clear, humidity: 84%
2026-10-06 05:53:30,041 - root - INFO - [175/1205] Fetching weather for Veszkény...
2026-10-06 05:53:30,105 - root - INFO - Fetched weather for Veszkény: 9.9°C, Clear, humidity: 84%
2026-10-06 05:53:31,207 - root - INFO - [176/1205] Fetching weather for Kapuvár...
2026-10-06 05:53:31,277 - root - INFO - Fetched weather for Kapuvár: 9.9°C, Clear, humidity: 84%
2026-10-06 05:53:32,379 - root - INFO - [177/1205] Fetching weather for Vitnyéd-Csermajor...
2026-10-06 05:53:32,442 - root - INFO - Fetched weather for Vitnyéd-Csermajor: 10.0°C, Clear, humidity: 85%
2026-10-06 05:53:33,544 - root - INFO - [178/1205] Fetching weather for Petőháza...
2026-10-06 05:53:33,611 - root - INFO - Fetched weather for Petőháza: 10.1°C, Clear, humidity: 85%
2026-10-06 05:53:34,712 - root - INFO - [179/1205] Fetching weather for Fertőszentmiklós...
2026-10-06 05:53:34,777 - root - INFO - Fetched weather for Fertőszentmiklós: 10.1°C, Clear, humidity: 85%
2026-10-06 05:53:35,878 - root - INFO - [180/1205] Fetching weather for Pinnye...
2026-10-06 05:53:35,942 - root - INFO - Fetched weather for Pinnye: 10.0°C, Clear, humidity: 83%
2026-10-06 05:53:37,044 - root - INFO - [181/1205] Fetching weather for Fertőboz...
2026-10-06 05:53:37,112 - root - INFO - Fetched weather for Fertőboz: 10.4°C, Clear, humidity: 84%
2026-10-06 05:53:38,214 - root - INFO - [182/1205] Fetching weather for Sopron...
2026-10-06 05:53:38,278 - root - INFO - Fetched weather for Sopron: 10.1°C, Clear, humidity: 81%
2026-10-06 05:53:39,380 - root - INFO - [183/1205] Fetching weather for Fertőszéplak-Fertőd...
2026-10-06 05:53:39,446 - root - INFO - Fetched weather for Fertőszéplak-Fertőd: 10.2°C, Clouds, humidity: 87%
2026-10-06 05:53:40,548 - root - INFO - [184/1205] Fetching weather for Nyúl...
2026-10-06 05:53:40,617 - root - INFO - Fetched weather for Nyúl: 4.0°C, Clear, humidity: 81%
2026-10-06 05:53:41,718 - root - INFO - [185/1205] Fetching weather for Pannonhalma...
2026-10-06 05:53:41,784 - root - INFO - Fetched weather for Pannonhalma: 4.0°C, Clear, humidity: 81%
2026-10-06 05:53:42,886 - root - INFO - [186/1205] Fetching weather for Tarjánpuszta...
2026-10-06 05:53:42,954 - root - INFO - Fetched weather for Tarjánpuszta: 3.7°C, Clear, humidity: 81%
2026-10-06 05:53:44,056 - root - INFO - [187/1205] Fetching weather for Győrasszonyfa...
2026-10-06 05:53:44,127 - root - INFO - Fetched weather for Győrasszonyfa: 3.7°C, Clear, humidity: 81%
2026-10-06 05:53:45,229 - root - INFO - [188/1205] Fetching weather for Veszprémvarsány...
2026-10-06 05:53:45,295 - root - INFO - Fetched weather for Veszprémvarsány: 3.7°C, Clear, humidity: 71%
2026-10-06 05:53:46,396 - root - INFO - [189/1205] Fetching weather for Bakonyszentlászló...
2026-10-06 05:53:46,463 - root - INFO - Fetched weather for Bakonyszentlászló: 3.6°C, Clear, humidity: 69%
2026-10-06 05:53:47,564 - root - INFO - [190/1205] Fetching weather for Porva-Csesznek...
2026-10-06 05:53:47,631 - root - INFO - Fetched weather for Porva-Csesznek: 2.6°C, Clear, humidity: 68%
2026-10-06 05:53:48,733 - root - INFO - [191/1205] Fetching weather for Zirc...
2026-10-06 05:53:48,808 - root - INFO - Fetched weather for Zirc: 7.6°C, Clear, humidity: 66%
2026-10-06 05:53:49,909 - root - INFO - [192/1205] Fetching weather for Eplény...
2026-10-06 05:53:49,976 - root - INFO - Fetched weather for Eplény: 8.0°C, Clear, humidity: 64%
2026-10-06 05:53:51,078 - root - INFO - [193/1205] Fetching weather for Marcaltő...
2026-10-06 05:53:51,144 - root - INFO - Fetched weather for Marcaltő: 4.2°C, Clear, humidity: 87%
2026-10-06 05:53:52,246 - root - INFO - [194/1205] Fetching weather for Szany-Rábaszentandrás...
2026-10-06 05:53:52,316 - root - INFO - Fetched weather for Szany-Rábaszentandrás: 4.2°C, Clear, humidity: 87%
2026-10-06 05:53:53,418 - root - INFO - [195/1205] Fetching weather for Egyed-Rábacsanak...
2026-10-06 05:53:53,481 - root - INFO - Fetched weather for Egyed-Rábacsanak: 4.2°C, Clear, humidity: 87%
2026-10-06 05:53:54,583 - root - INFO - [196/1205] Fetching weather for Rábapordány...
2026-10-06 05:53:54,646 - root - INFO - Fetched weather for Rábapordány: 4.2°C, Clear, humidity: 86%
2026-10-06 05:53:55,748 - root - INFO - [197/1205] Fetching weather for Albertfalva...
2026-10-06 05:53:55,813 - root - INFO - Fetched weather for Albertfalva: 15.6°C, Clear, humidity: 63%
2026-10-06 05:53:56,915 - root - INFO - [198/1205] Fetching weather for Budafok...
2026-10-06 05:53:56,986 - root - INFO - Fetched weather for Budafok: 15.6°C, Clear, humidity: 63%
2026-10-06 05:53:58,088 - root - INFO - [199/1205] Fetching weather for Tétényliget...
2026-10-06 05:53:58,153 - root - INFO - Fetched weather for Tétényliget: 15.6°C, Clear, humidity: 63%
2026-10-06 05:53:59,255 - root - INFO - [200/1205] Fetching weather for Érd alsó...
2026-10-06 05:53:59,312 - root - INFO - Fetched weather for Érd alsó: 15.5°C, Clear, humidity: 62%
2026-10-06 05:54:00,414 - root - INFO - [201/1205] Fetching weather for Tárnok...
2026-10-06 05:54:00,487 - root - INFO - Fetched weather for Tárnok: 15.6°C, Clear, humidity: 63%
2026-10-06 05:54:01,588 - root - INFO - [202/1205] Fetching weather for Martonvásár...
2026-10-06 05:54:01,660 - root - INFO - Fetched weather for Martonvásár: 15.5°C, Clouds, humidity: 71%
2026-10-06 05:54:02,762 - root - INFO - [203/1205] Fetching weather for Baracska...
2026-10-06 05:54:02,824 - root - INFO - Fetched weather for Baracska: 15.6°C, Clouds, humidity: 74%
2026-10-06 05:54:03,926 - root - INFO - [204/1205] Fetching weather for Pettend...
2026-10-06 05:54:03,997 - root - INFO - Fetched weather for Pettend: 9.9°C, Clear, humidity: 78%
2026-10-06 05:54:05,099 - root - INFO - [205/1205] Fetching weather for Kápolnásnyék...
2026-10-06 05:54:05,167 - root - INFO - Fetched weather for Kápolnásnyék: 9.9°C, Clear, humidity: 80%
2026-10-06 05:54:06,269 - root - INFO - [206/1205] Fetching weather for Velence...
2026-10-06 05:54:06,339 - root - INFO - Fetched weather for Velence: 10.0°C, Clear, humidity: 79%
2026-10-06 05:54:07,441 - root - INFO - [207/1205] Fetching weather for Velencefürdő...
2026-10-06 05:54:07,506 - root - INFO - Fetched weather for Velencefürdő: 9.9°C, Clear, humidity: 82%
2026-10-06 05:54:08,607 - root - INFO - [208/1205] Fetching weather for Gárdony...
2026-10-06 05:54:08,673 - root - INFO - Fetched weather for Gárdony: 9.9°C, Clear, humidity: 80%
2026-10-06 05:54:09,775 - root - INFO - [209/1205] Fetching weather for Agárd...
2026-10-06 05:54:09,848 - root - INFO - Fetched weather for Agárd: 9.9°C, Clear, humidity: 80%
2026-10-06 05:54:10,950 - root - INFO - [210/1205] Fetching weather for Dinnyés...
2026-10-06 05:54:11,020 - root - INFO - Fetched weather for Dinnyés: 9.9°C, Clear, humidity: 78%
2026-10-06 05:54:12,122 - root - INFO - [211/1205] Fetching weather for Székesfehérvár...
2026-10-06 05:54:12,197 - root - INFO - Fetched weather for Székesfehérvár: 9.8°C, Clear, humidity: 74%
2026-10-06 05:54:13,299 - root - INFO - [212/1205] Fetching weather for Szabadbattyán...
2026-10-06 05:54:13,363 - root - INFO - Fetched weather for Szabadbattyán: 9.7°C, Clear, humidity: 72%
2026-10-06 05:54:14,464 - root - INFO - [213/1205] Fetching weather for Kiscséripuszta...
2026-10-06 05:54:14,536 - root - INFO - Fetched weather for Kiscséripuszta: 9.4°C, Clear, humidity: 78%
2026-10-06 05:54:15,637 - root - INFO - [214/1205] Fetching weather for Lepsény...
2026-10-06 05:54:15,700 - root - INFO - Fetched weather for Lepsény: 9.7°C, Clouds, humidity: 84%
2026-10-06 05:54:16,802 - root - INFO - [215/1205] Fetching weather for Balatonaliga...
2026-10-06 05:54:16,878 - root - INFO - Fetched weather for Balatonaliga: 9.5°C, Clouds, humidity: 84%
2026-10-06 05:54:17,980 - root - INFO - [216/1205] Fetching weather for Balatonvilágos...
2026-10-06 05:54:18,050 - root - INFO - Fetched weather for Balatonvilágos: 9.8°C, Clouds, humidity: 85%
2026-10-06 05:54:19,152 - root - INFO - [217/1205] Fetching weather for Szabadifürdő...
2026-10-06 05:54:19,221 - root - INFO - Fetched weather for Szabadifürdő: 9.7°C, Clear, humidity: 81%
2026-10-06 05:54:20,323 - root - INFO - [218/1205] Fetching weather for Ózd alsó...
2026-10-06 05:54:20,398 - root - INFO - Fetched weather for Ózd alsó: 14.7°C, Clouds, humidity: 56%
2026-10-06 05:54:21,500 - root - INFO - [219/1205] Fetching weather for Ózd...
2026-10-06 05:54:21,563 - root - INFO - Fetched weather for Ózd: 14.7°C, Clouds, humidity: 56%
2026-10-06 05:54:22,665 - root - INFO - [220/1205] Fetching weather for Alsóboldva...
2026-10-06 05:54:22,733 - root - INFO - Fetched weather for Alsóboldva: 16.9°C, Clouds, humidity: 74%
2026-10-06 05:54:23,835 - root - INFO - [221/1205] Fetching weather for Boldva...
2026-10-06 05:54:23,898 - root - INFO - Fetched weather for Boldva: 16.9°C, Clouds, humidity: 74%
2026-10-06 05:54:25,000 - root - INFO - [222/1205] Fetching weather for Borsodszirák...
2026-10-06 05:54:25,074 - root - INFO - Fetched weather for Borsodszirák: 16.8°C, Clouds, humidity: 74%
2026-10-06 05:54:26,176 - root - INFO - [223/1205] Fetching weather for Edelény alsó...
2026-10-06 05:54:26,238 - root - INFO - Fetched weather for Edelény alsó: 11.7°C, Clouds, humidity: 74%
2026-10-06 05:54:27,340 - root - INFO - [224/1205] Fetching weather for Edelény...
2026-10-06 05:54:27,404 - root - INFO - Fetched weather for Edelény: 11.6°C, Clouds, humidity: 74%
2026-10-06 05:54:28,506 - root - INFO - [225/1205] Fetching weather for Szendrőlád...
2026-10-06 05:54:28,573 - root - INFO - Fetched weather for Szendrőlád: 10.6°C, Clouds, humidity: 73%
2026-10-06 05:54:29,674 - root - INFO - [226/1205] Fetching weather for Szendrő...
2026-10-06 05:54:29,744 - root - INFO - Fetched weather for Szendrő: 11.5°C, Clouds, humidity: 72%
2026-10-06 05:54:30,845 - root - INFO - [227/1205] Fetching weather for Szendrő felső...
2026-10-06 05:54:30,909 - root - INFO - Fetched weather for Szendrő felső: 11.5°C, Clouds, humidity: 72%
2026-10-06 05:54:32,010 - root - INFO - [228/1205] Fetching weather for Szalonna...
2026-10-06 05:54:32,081 - root - INFO - Fetched weather for Szalonna: 11.6°C, Clouds, humidity: 71%
2026-10-06 05:54:33,182 - root - INFO - [229/1205] Fetching weather for Perkupa...
2026-10-06 05:54:33,245 - root - INFO - Fetched weather for Perkupa: 10.9°C, Clouds, humidity: 69%
2026-10-06 05:54:34,347 - root - INFO - [230/1205] Fetching weather for Szemeretelep...
2026-10-06 05:54:34,416 - root - INFO - Fetched weather for Szemeretelep: 4.1°C, Clouds, humidity: 75%
2026-10-06 05:54:35,518 - root - INFO - [231/1205] Fetching weather for Jósvafő-Aggtelek...
2026-10-06 05:54:35,587 - root - INFO - Fetched weather for Jósvafő-Aggtelek: 11.2°C, Clouds, humidity: 69%
2026-10-06 05:54:36,689 - root - INFO - [232/1205] Fetching weather for Bódvaszilas...
2026-10-06 05:54:36,759 - root - INFO - Fetched weather for Bódvaszilas: 10.7°C, Clouds, humidity: 70%
2026-10-06 05:54:37,861 - root - INFO - [233/1205] Fetching weather for Komjáti...
2026-10-06 05:54:37,927 - root - INFO - Fetched weather for Komjáti: 10.2°C, Clouds, humidity: 71%
2026-10-06 05:54:39,029 - root - INFO - [234/1205] Fetching weather for Tornanádaska...
2026-10-06 05:54:39,100 - root - INFO - Fetched weather for Tornanádaska: 11.4°C, Clouds, humidity: 72%
2026-10-06 05:54:40,202 - root - INFO - [235/1205] Fetching weather for Onga...
2026-10-06 05:54:40,268 - root - INFO - Fetched weather for Onga: 11.7°C, Clouds, humidity: 77%
2026-10-06 05:54:41,369 - root - INFO - [236/1205] Fetching weather for Szikszó-Vásártér...
2026-10-06 05:54:41,437 - root - INFO - Fetched weather for Szikszó-Vásártér: 11.6°C, Clouds, humidity: 76%
2026-10-06 05:54:42,539 - root - INFO - [237/1205] Fetching weather for Szikszó...
2026-10-06 05:54:42,605 - root - INFO - Fetched weather for Szikszó: 11.6°C, Clouds, humidity: 76%
2026-10-06 05:54:43,706 - root - INFO - [238/1205] Fetching weather for Aszaló...
2026-10-06 05:54:43,791 - root - INFO - Fetched weather for Aszaló: 11.5°C, Clouds, humidity: 75%
2026-10-06 05:54:44,892 - root - INFO - [239/1205] Fetching weather for Halmaj...
2026-10-06 05:54:44,968 - root - INFO - Fetched weather for Halmaj: 11.6°C, Clouds, humidity: 74%
2026-10-06 05:54:46,070 - root - INFO - [240/1205] Fetching weather for Csobád...
2026-10-06 05:54:46,134 - root - INFO - Fetched weather for Csobád: 11.6°C, Clouds, humidity: 72%
2026-10-06 05:54:47,235 - root - INFO - [241/1205] Fetching weather for Ináncs...
2026-10-06 05:54:47,298 - root - INFO - Fetched weather for Ináncs: 11.6°C, Clouds, humidity: 72%
2026-10-06 05:54:48,400 - root - INFO - [242/1205] Fetching weather for Forró-Encs...
2026-10-06 05:54:48,477 - root - INFO - Fetched weather for Forró-Encs: 11.5°C, Clouds, humidity: 72%
2026-10-06 05:54:49,578 - root - INFO - [243/1205] Fetching weather for Méra...
2026-10-06 05:54:49,644 - root - INFO - Fetched weather for Méra: 11.3°C, Clouds, humidity: 72%
2026-10-06 05:54:50,746 - root - INFO - [244/1205] Fetching weather for Novajidrány...
2026-10-06 05:54:50,809 - root - INFO - Fetched weather for Novajidrány: 9.5°C, Clouds, humidity: 72%
2026-10-06 05:54:51,911 - root - INFO - [245/1205] Fetching weather for Hernádszurdok...
2026-10-06 05:54:51,995 - root - INFO - Fetched weather for Hernádszurdok: 9.4°C, Clouds, humidity: 71%
2026-10-06 05:54:53,097 - root - INFO - [246/1205] Fetching weather for Hidasnémeti...
2026-10-06 05:54:53,161 - root - INFO - Fetched weather for Hidasnémeti: 9.4°C, Clouds, humidity: 71%
2026-10-06 05:54:54,263 - root - INFO - [247/1205] Fetching weather for Mád...
2026-10-06 05:54:54,329 - root - INFO - Fetched weather for Mád: 11.1°C, Clouds, humidity: 71%
2026-10-06 05:54:55,430 - root - INFO - [248/1205] Fetching weather for Rátka...
2026-10-06 05:54:55,502 - root - INFO - Fetched weather for Rátka: 11.5°C, Clouds, humidity: 70%
2026-10-06 05:54:56,604 - root - INFO - [249/1205] Fetching weather for Tállya...
2026-10-06 05:54:56,670 - root - INFO - Fetched weather for Tállya: 11.5°C, Clouds, humidity: 70%
2026-10-06 05:54:57,771 - root - INFO - [250/1205] Fetching weather for Golop...
2026-10-06 05:54:57,834 - root - INFO - Fetched weather for Golop: 11.6°C, Clouds, humidity: 71%
2026-10-06 05:54:58,935 - root - INFO - [251/1205] Fetching weather for Abaújszántó...
2026-10-06 05:54:59,001 - root - INFO - Fetched weather for Abaújszántó: 11.4°C, Clouds, humidity: 71%
2026-10-06 05:55:00,103 - root - INFO - [252/1205] Fetching weather for Abaújszántói fürdő...
2026-10-06 05:55:00,173 - root - INFO - Fetched weather for Abaújszántói fürdő: 11.6°C, Clouds, humidity: 71%
2026-10-06 05:55:01,274 - root - INFO - [253/1205] Fetching weather for Abaújkér...
2026-10-06 05:55:01,348 - root - INFO - Fetched weather for Abaújkér: 11.4°C, Clouds, humidity: 71%
2026-10-06 05:55:02,450 - root - INFO - [254/1205] Fetching weather for Boldogkőváralja...
2026-10-06 05:55:02,517 - root - INFO - Fetched weather for Boldogkőváralja: 11.4°C, Clouds, humidity: 70%
2026-10-06 05:55:03,618 - root - INFO - [255/1205] Fetching weather for Korlát-Vizsoly...
2026-10-06 05:55:03,690 - root - INFO - Fetched weather for Korlát-Vizsoly: 11.5°C, Clouds, humidity: 70%
2026-10-06 05:55:04,791 - root - INFO - [256/1205] Fetching weather for Fony...
2026-10-06 05:55:04,872 - root - INFO - Fetched weather for Fony: 9.3°C, Clouds, humidity: 71%
2026-10-06 05:55:05,974 - root - INFO - [257/1205] Fetching weather for Hejce-Vilmány...
2026-10-06 05:55:06,042 - root - INFO - Fetched weather for Hejce-Vilmány: 9.3°C, Clouds, humidity: 71%
2026-10-06 05:55:07,143 - root - INFO - [258/1205] Fetching weather for Göncruszka...
2026-10-06 05:55:07,208 - root - INFO - Fetched weather for Göncruszka: 15.1°C, Clouds, humidity: 71%
2026-10-06 05:55:08,310 - root - INFO - [259/1205] Fetching weather for Gönc...
2026-10-06 05:55:08,375 - root - INFO - Fetched weather for Gönc: 15.0°C, Clouds, humidity: 71%
2026-10-06 05:55:09,476 - root - INFO - [260/1205] Fetching weather for Zsujta...
2026-10-06 05:55:09,542 - root - INFO - Fetched weather for Zsujta: 15.0°C, Clouds, humidity: 72%
2026-10-06 05:55:10,644 - root - INFO - [261/1205] Fetching weather for Bodrogkeresztúr...
2026-10-06 05:55:10,707 - root - INFO - Fetched weather for Bodrogkeresztúr: 10.7°C, Clouds, humidity: 72%
2026-10-06 05:55:11,809 - root - INFO - [262/1205] Fetching weather for Szegi...
2026-10-06 05:55:11,875 - root - INFO - Fetched weather for Szegi: 13.5°C, Clouds, humidity: 71%
2026-10-06 05:55:12,976 - root - INFO - [263/1205] Fetching weather for Erdőbénye...
2026-10-06 05:55:13,054 - root - INFO - Fetched weather for Erdőbénye: 13.5°C, Clouds, humidity: 70%
2026-10-06 05:55:14,155 - root - INFO - [264/1205] Fetching weather for Olaszliszka-Tolcsva...
2026-10-06 05:55:14,226 - root - INFO - Fetched weather for Olaszliszka-Tolcsva: 13.5°C, Clouds, humidity: 69%
2026-10-06 05:55:15,328 - root - INFO - [265/1205] Fetching weather for Bodrogolaszi...
2026-10-06 05:55:15,395 - root - INFO - Fetched weather for Bodrogolaszi: 13.5°C, Clouds, humidity: 71%
2026-10-06 05:55:16,496 - root - INFO - [266/1205] Fetching weather for Sárospatak...
2026-10-06 05:55:16,577 - root - INFO - Fetched weather for Sárospatak: 13.4°C, Clouds, humidity: 71%
2026-10-06 05:55:17,679 - root - INFO - [267/1205] Fetching weather for Sátoraljaújhely...
2026-10-06 05:55:17,746 - root - INFO - Fetched weather for Sátoraljaújhely: 13.5°C, Clouds, humidity: 71%
2026-10-06 05:55:18,848 - root - INFO - [268/1205] Fetching weather for Vecsés...
2026-10-06 05:55:18,920 - root - INFO - Fetched weather for Vecsés: 4.1°C, Clouds, humidity: 75%
2026-10-06 05:55:20,022 - root - INFO - [269/1205] Fetching weather for Vecsés-Kertekalja...
2026-10-06 05:55:20,087 - root - INFO - Fetched weather for Vecsés-Kertekalja: 4.2°C, Clouds, humidity: 75%
2026-10-06 05:55:21,188 - root - INFO - [270/1205] Fetching weather for Üllő...
2026-10-06 05:55:21,255 - root - INFO - Fetched weather for Üllő: 4.1°C, Clouds, humidity: 75%
2026-10-06 05:55:22,357 - root - INFO - [271/1205] Fetching weather for Monor...
2026-10-06 05:55:22,428 - root - INFO - Fetched weather for Monor: 4.1°C, Clouds, humidity: 75%
2026-10-06 05:55:23,530 - root - INFO - [272/1205] Fetching weather for Pilis...
2026-10-06 05:55:23,600 - root - INFO - Fetched weather for Pilis: 4.0°C, Clouds, humidity: 69%
2026-10-06 05:55:24,701 - root - INFO - [273/1205] Fetching weather for Albertirsa...
2026-10-06 05:55:24,764 - root - INFO - Fetched weather for Albertirsa: 9.9°C, Clear, humidity: 68%
2026-10-06 05:55:25,865 - root - INFO - [274/1205] Fetching weather for Ceglédbercel-Cserő...
2026-10-06 05:55:25,938 - root - INFO - Fetched weather for Ceglédbercel-Cserő: 9.9°C, Clear, humidity: 67%
2026-10-06 05:55:27,039 - root - INFO - [275/1205] Fetching weather for Cegléd...
2026-10-06 05:55:27,106 - root - INFO - Fetched weather for Cegléd: 5.1°C, Clouds, humidity: 66%
2026-10-06 05:55:28,207 - root - INFO - [276/1205] Fetching weather for Abony...
2026-10-06 05:55:28,274 - root - INFO - Fetched weather for Abony: 6.0°C, Clouds, humidity: 75%
2026-10-06 05:55:29,376 - root - INFO - [277/1205] Fetching weather for Szolnok...
2026-10-06 05:55:29,441 - root - INFO - Fetched weather for Szolnok: 6.0°C, Clouds, humidity: 75%
2026-10-06 05:55:30,543 - root - INFO - [278/1205] Fetching weather for Szajol...
2026-10-06 05:55:30,615 - root - INFO - Fetched weather for Szajol: 6.0°C, Clouds, humidity: 75%
2026-10-06 05:55:31,717 - root - INFO - [279/1205] Fetching weather for Törökszentmiklós...
2026-10-06 05:55:31,792 - root - INFO - Fetched weather for Törökszentmiklós: 6.0°C, Clouds, humidity: 75%
2026-10-06 05:55:32,894 - root - INFO - [280/1205] Fetching weather for Rákoscsaba-Újtelep...
2026-10-06 05:55:32,966 - root - INFO - Fetched weather for Rákoscsaba-Újtelep: 4.0°C, Clouds, humidity: 75%
2026-10-06 05:55:34,067 - root - INFO - [281/1205] Fetching weather for Rákoscsaba...
2026-10-06 05:55:34,132 - root - INFO - Fetched weather for Rákoscsaba: 4.0°C, Clouds, humidity: 75%
2026-10-06 05:55:35,234 - root - INFO - [282/1205] Fetching weather for Pécel...
2026-10-06 05:55:35,299 - root - INFO - Fetched weather for Pécel: 3.9°C, Clouds, humidity: 75%
2026-10-06 05:55:36,401 - root - INFO - [283/1205] Fetching weather for Isaszeg...
2026-10-06 05:55:36,465 - root - INFO - Fetched weather for Isaszeg: 3.8°C, Clouds, humidity: 75%
2026-10-06 05:55:37,567 - root - INFO - [284/1205] Fetching weather for Gödöllő...
2026-10-06 05:55:37,629 - root - INFO - Fetched weather for Gödöllő: 3.6°C, Clouds, humidity: 75%
2026-10-06 05:55:38,731 - root - INFO - [285/1205] Fetching weather for Máriabesnyő...
2026-10-06 05:55:38,794 - root - INFO - Fetched weather for Máriabesnyő: 3.7°C, Clouds, humidity: 67%
2026-10-06 05:55:39,895 - root - INFO - [286/1205] Fetching weather for Bag...
2026-10-06 05:55:39,970 - root - INFO - Fetched weather for Bag: 4.1°C, Clouds, humidity: 64%
2026-10-06 05:55:41,071 - root - INFO - [287/1205] Fetching weather for Aszód...
2026-10-06 05:55:41,140 - root - INFO - Fetched weather for Aszód: 4.2°C, Clouds, humidity: 64%
2026-10-06 05:55:42,241 - root - INFO - [288/1205] Fetching weather for Hévízgyörk...
2026-10-06 05:55:42,312 - root - INFO - Fetched weather for Hévízgyörk: 10.7°C, Clouds, humidity: 64%
2026-10-06 05:55:43,414 - root - INFO - [289/1205] Fetching weather for Galgahévíz...
2026-10-06 05:55:43,482 - root - INFO - Fetched weather for Galgahévíz: 10.8°C, Clear, humidity: 64%
2026-10-06 05:55:44,584 - root - INFO - [290/1205] Fetching weather for Tura...
2026-10-06 05:55:44,647 - root - INFO - Fetched weather for Tura: 10.8°C, Clear, humidity: 65%
2026-10-06 05:55:45,748 - root - INFO - [291/1205] Fetching weather for Hatvan...
2026-10-06 05:55:45,822 - root - INFO - Fetched weather for Hatvan: 11.1°C, Clear, humidity: 68%
2026-10-06 05:55:46,923 - root - INFO - [292/1205] Fetching weather for Vámosgyörk...
2026-10-06 05:55:46,986 - root - INFO - Fetched weather for Vámosgyörk: 11.6°C, Clouds, humidity: 64%
2026-10-06 05:55:48,088 - root - INFO - [293/1205] Fetching weather for Adács...
2026-10-06 05:55:48,155 - root - INFO - Fetched weather for Adács: 11.9°C, Clouds, humidity: 63%
2026-10-06 05:55:49,257 - root - INFO - [294/1205] Fetching weather for Karácsond...
2026-10-06 05:55:49,326 - root - INFO - Fetched weather for Karácsond: 12.0°C, Clouds, humidity: 61%
2026-10-06 05:55:50,427 - root - INFO - [295/1205] Fetching weather for Ludas...
2026-10-06 05:55:50,493 - root - INFO - Fetched weather for Ludas: 12.1°C, Clouds, humidity: 64%
2026-10-06 05:55:51,595 - root - INFO - [296/1205] Fetching weather for Nagyút...
2026-10-06 05:55:51,660 - root - INFO - Fetched weather for Nagyút: 12.1°C, Clouds, humidity: 65%
2026-10-06 05:55:52,762 - root - INFO - [297/1205] Fetching weather for Kál-Kápolna...
2026-10-06 05:55:52,824 - root - INFO - Fetched weather for Kál-Kápolna: 11.9°C, Clouds, humidity: 68%
2026-10-06 05:55:53,925 - root - INFO - [298/1205] Fetching weather for Füzesabony...
2026-10-06 05:55:53,988 - root - INFO - Fetched weather for Füzesabony: 11.8°C, Clouds, humidity: 69%
2026-10-06 05:55:55,090 - root - INFO - [299/1205] Fetching weather for Szihalom...
2026-10-06 05:55:55,155 - root - INFO - Fetched weather for Szihalom: 11.7°C, Clouds, humidity: 70%
2026-10-06 05:55:56,256 - root - INFO - [300/1205] Fetching weather for Mezőkövesd...
2026-10-06 05:55:56,324 - root - INFO - Fetched weather for Mezőkövesd: 11.8°C, Clouds, humidity: 72%
2026-10-06 05:55:57,426 - root - INFO - [301/1205] Fetching weather for Mezőkövesd felső...
2026-10-06 05:55:57,495 - root - INFO - Fetched weather for Mezőkövesd felső: 16.9°C, Clouds, humidity: 72%
2026-10-06 05:55:58,596 - root - INFO - [302/1205] Fetching weather for Mezőkeresztes-Mezőnyárád...
2026-10-06 05:55:58,669 - root - INFO - Fetched weather for Mezőkeresztes-Mezőnyárád: 16.9°C, Clouds, humidity: 73%
2026-10-06 05:55:59,771 - root - INFO - [303/1205] Fetching weather for Csincse...
2026-10-06 05:55:59,841 - root - INFO - Fetched weather for Csincse: 16.9°C, Clouds, humidity: 74%
2026-10-06 05:56:00,943 - root - INFO - [304/1205] Fetching weather for Emőd...
2026-10-06 05:56:01,006 - root - INFO - Fetched weather for Emőd: 17.0°C, Clouds, humidity: 73%
2026-10-06 05:56:02,107 - root - INFO - [305/1205] Fetching weather for Nyékládháza...
2026-10-06 05:56:02,187 - root - INFO - Fetched weather for Nyékládháza: 17.0°C, Clouds, humidity: 74%
2026-10-06 05:56:03,289 - root - INFO - [306/1205] Fetching weather for Miskolc-Tiszai...
2026-10-06 05:56:03,355 - root - INFO - Fetched weather for Miskolc-Tiszai: 16.9°C, Clouds, humidity: 72%
2026-10-06 05:56:04,456 - root - INFO - [307/1205] Fetching weather for Felsőzsolca...
2026-10-06 05:56:04,519 - root - INFO - Fetched weather for Felsőzsolca: 16.9°C, Clouds, humidity: 75%
2026-10-06 05:56:05,621 - root - INFO - [308/1205] Fetching weather for Hernádnémeti-Bőcs...
2026-10-06 05:56:05,688 - root - INFO - Fetched weather for Hernádnémeti-Bőcs: 11.5°C, Clouds, humidity: 77%
2026-10-06 05:56:06,789 - root - INFO - [309/1205] Fetching weather for Tiszalúc...
2026-10-06 05:56:06,859 - root - INFO - Fetched weather for Tiszalúc: 11.3°C, Clouds, humidity: 77%
2026-10-06 05:56:07,961 - root - INFO - [310/1205] Fetching weather for Taktaharkány...
2026-10-06 05:56:08,025 - root - INFO - Fetched weather for Taktaharkány: 11.4°C, Clouds, humidity: 76%
2026-10-06 05:56:09,126 - root - INFO - [311/1205] Fetching weather for Taktaszada...
2026-10-06 05:56:09,190 - root - INFO - Fetched weather for Taktaszada: 11.4°C, Clouds, humidity: 75%
2026-10-06 05:56:10,291 - root - INFO - [312/1205] Fetching weather for Szerencs...
2026-10-06 05:56:10,354 - root - INFO - Fetched weather for Szerencs: 11.6°C, Clouds, humidity: 72%
2026-10-06 05:56:11,456 - root - INFO - [313/1205] Fetching weather for Mezőzombor...
2026-10-06 05:56:11,520 - root - INFO - Fetched weather for Mezőzombor: 11.4°C, Clouds, humidity: 72%
2026-10-06 05:56:12,622 - root - INFO - [314/1205] Fetching weather for Tarcal...
2026-10-06 05:56:12,692 - root - INFO - Fetched weather for Tarcal: 11.4°C, Clouds, humidity: 75%
2026-10-06 05:56:13,793 - root - INFO - [315/1205] Fetching weather for Tokaj...
2026-10-06 05:56:13,856 - root - INFO - Fetched weather for Tokaj: 10.7°C, Clouds, humidity: 76%
2026-10-06 05:56:14,958 - root - INFO - [316/1205] Fetching weather for Rakamaz...
2026-10-06 05:56:15,028 - root - INFO - Fetched weather for Rakamaz: 11.2°C, Clouds, humidity: 77%
2026-10-06 05:56:16,130 - root - INFO - [317/1205] Fetching weather for Görögszállás...
2026-10-06 05:56:16,196 - root - INFO - Fetched weather for Görögszállás: 10.9°C, Clouds, humidity: 77%
2026-10-06 05:56:17,298 - root - INFO - [318/1205] Fetching weather for Nyírtelek...
2026-10-06 05:56:17,374 - root - INFO - Fetched weather for Nyírtelek: 10.8°C, Clouds, humidity: 76%
2026-10-06 05:56:18,476 - root - INFO - [319/1205] Fetching weather for Rákoshegy...
2026-10-06 05:56:18,542 - root - INFO - Fetched weather for Rákoshegy: 4.0°C, Clouds, humidity: 75%
2026-10-06 05:56:19,644 - root - INFO - [320/1205] Fetching weather for Ecser...
2026-10-06 05:56:19,718 - root - INFO - Fetched weather for Ecser: 4.0°C, Clouds, humidity: 75%
2026-10-06 05:56:20,820 - root - INFO - [321/1205] Fetching weather for Maglód...
2026-10-06 05:56:20,891 - root - INFO - Fetched weather for Maglód: 4.0°C, Clouds, humidity: 75%
2026-10-06 05:56:21,992 - root - INFO - [322/1205] Fetching weather for Maglódi nyaraló...
2026-10-06 05:56:22,057 - root - INFO - Fetched weather for Maglódi nyaraló: 3.9°C, Clouds, humidity: 75%
2026-10-06 05:56:23,158 - root - INFO - [323/1205] Fetching weather for Gyömrő...
2026-10-06 05:56:23,231 - root - INFO - Fetched weather for Gyömrő: 3.8°C, Clouds, humidity: 75%
2026-10-06 05:56:24,333 - root - INFO - [324/1205] Fetching weather for Mende...
2026-10-06 05:56:24,401 - root - INFO - Fetched weather for Mende: 3.8°C, Clouds, humidity: 75%
2026-10-06 05:56:25,503 - root - INFO - [325/1205] Fetching weather for Szőlősnyaraló...
2026-10-06 05:56:25,568 - root - INFO - Fetched weather for Szőlősnyaraló: 4.0°C, Clouds, humidity: 65%
2026-10-06 05:56:26,669 - root - INFO - [326/1205] Fetching weather for Sülysáp...
2026-10-06 05:56:26,733 - root - INFO - Fetched weather for Sülysáp: 4.0°C, Clouds, humidity: 64%
2026-10-06 05:56:27,834 - root - INFO - [327/1205] Fetching weather for Tápiószecső...
2026-10-06 05:56:27,897 - root - INFO - Fetched weather for Tápiószecső: 4.1°C, Clouds, humidity: 66%
2026-10-06 05:56:28,999 - root - INFO - [328/1205] Fetching weather for Szentmártonkáta...
2026-10-06 05:56:29,067 - root - INFO - Fetched weather for Szentmártonkáta: 10.4°C, Clouds, humidity: 67%
2026-10-06 05:56:30,168 - root - INFO - [329/1205] Fetching weather for Nagykáta...
2026-10-06 05:56:30,233 - root - INFO - Fetched weather for Nagykáta: 10.4°C, Clouds, humidity: 68%
2026-10-06 05:56:31,335 - root - INFO - [330/1205] Fetching weather for Farmos...
2026-10-06 05:56:31,417 - root - INFO - Fetched weather for Farmos: 10.3°C, Clear, humidity: 71%
2026-10-06 05:56:32,518 - root - INFO - [331/1205] Fetching weather for Tápiószele...
2026-10-06 05:56:32,583 - root - INFO - Fetched weather for Tápiószele: 10.2°C, Clear, humidity: 71%
2026-10-06 05:56:33,685 - root - INFO - [332/1205] Fetching weather for Tápiógyörgye...
2026-10-06 05:56:33,752 - root - INFO - Fetched weather for Tápiógyörgye: 10.3°C, Clear, humidity: 71%
2026-10-06 05:56:34,854 - root - INFO - [333/1205] Fetching weather for Újszász...
2026-10-06 05:56:34,917 - root - INFO - Fetched weather for Újszász: 6.0°C, Clear, humidity: 69%
2026-10-06 05:56:36,019 - root - INFO - [334/1205] Fetching weather for Szurdokpüspöki...
2026-10-06 05:56:36,083 - root - INFO - Fetched weather for Szurdokpüspöki: 11.5°C, Clouds, humidity: 58%
2026-10-06 05:56:37,184 - root - INFO - [335/1205] Fetching weather for Lőrinci...
2026-10-06 05:56:37,249 - root - INFO - Fetched weather for Lőrinci: 11.2°C, Clouds, humidity: 67%
2026-10-06 05:56:38,351 - root - INFO - [336/1205] Fetching weather for Selyp...
2026-10-06 05:56:38,421 - root - INFO - Fetched weather for Selyp: 11.2°C, Clouds, humidity: 65%
2026-10-06 05:56:39,523 - root - INFO - [337/1205] Fetching weather for Apc-Zagyvaszántó...
2026-10-06 05:56:39,586 - root - INFO - Fetched weather for Apc-Zagyvaszántó: 11.4°C, Clouds, humidity: 63%
2026-10-06 05:56:40,688 - root - INFO - [338/1205] Fetching weather for Pásztó...
2026-10-06 05:56:40,758 - root - INFO - Fetched weather for Pásztó: 11.4°C, Clouds, humidity: 58%
2026-10-06 05:56:41,859 - root - INFO - [339/1205] Fetching weather for Mátraszőlős-Hasznos...
2026-10-06 05:56:41,926 - root - INFO - Fetched weather for Mátraszőlős-Hasznos: 11.6°C, Clouds, humidity: 57%
2026-10-06 05:56:43,027 - root - INFO - [340/1205] Fetching weather for Tar...
2026-10-06 05:56:43,091 - root - INFO - Fetched weather for Tar: 11.4°C, Clouds, humidity: 56%
2026-10-06 05:56:44,193 - root - INFO - [341/1205] Fetching weather for Mátraverebély...
2026-10-06 05:56:44,264 - root - INFO - Fetched weather for Mátraverebély: 11.4°C, Clouds, humidity: 56%
2026-10-06 05:56:45,366 - root - INFO - [342/1205] Fetching weather for Nagybátony...
2026-10-06 05:56:45,437 - root - INFO - Fetched weather for Nagybátony: 11.6°C, Clouds, humidity: 57%
2026-10-06 05:56:46,538 - root - INFO - [343/1205] Fetching weather for Kisterenye...
2026-10-06 05:56:46,610 - root - INFO - Fetched weather for Kisterenye: 11.8°C, Clouds, humidity: 57%
2026-10-06 05:56:47,712 - root - INFO - [344/1205] Fetching weather for Kisterenye-Bányatelep...
2026-10-06 05:56:47,776 - root - INFO - Fetched weather for Kisterenye-Bányatelep: 11.8°C, Clouds, humidity: 57%
2026-10-06 05:56:48,878 - root - INFO - [345/1205] Fetching weather for Salgótarján külső...
2026-10-06 05:56:48,935 - root - INFO - Fetched weather for Salgótarján külső: 10.8°C, Clouds, humidity: 62%
2026-10-06 05:56:50,036 - root - INFO - [346/1205] Fetching weather for Balatonfenyves GV...
2026-10-06 05:56:50,102 - root - INFO - Fetched weather for Balatonfenyves GV: 4.1°C, Clouds, humidity: 91%
2026-10-06 05:56:51,204 - root - INFO - [347/1205] Fetching weather for Várhegyalja...
2026-10-06 05:56:51,266 - root - INFO - Fetched weather for Várhegyalja: 9.8°C, Clouds, humidity: 69%
2026-10-06 05:56:52,367 - root - INFO - [348/1205] Fetching weather for Imremajor...
2026-10-06 05:56:52,444 - root - INFO - Fetched weather for Imremajor: 4.1°C, Clouds, humidity: 91%
2026-10-06 05:56:53,546 - root - INFO - [349/1205] Fetching weather for Rákospalota-Kertváros...
2026-10-06 05:56:53,612 - root - INFO - Fetched weather for Rákospalota-Kertváros: 15.6°C, Clouds, humidity: 63%
2026-10-06 05:56:54,713 - root - INFO - [350/1205] Fetching weather for Vicziántelep...
2026-10-06 05:56:54,781 - root - INFO - Fetched weather for Vicziántelep: 3.7°C, Clouds, humidity: 69%
2026-10-06 05:56:55,883 - root - INFO - [351/1205] Fetching weather for Pálmajor...
2026-10-06 05:56:55,959 - root - INFO - Fetched weather for Pálmajor: 4.1°C, Clouds, humidity: 92%
2026-10-06 05:56:57,060 - root - INFO - [352/1205] Fetching weather for Somogyszentpál felső...
2026-10-06 05:56:57,131 - root - INFO - Fetched weather for Somogyszentpál felső: 4.1°C, Clouds, humidity: 90%
2026-10-06 05:56:58,232 - root - INFO - [353/1205] Fetching weather for Somogyszentpál...
2026-10-06 05:56:58,300 - root - INFO - Fetched weather for Somogyszentpál: 4.1°C, Clouds, humidity: 89%
2026-10-06 05:56:59,401 - root - INFO - [354/1205] Fetching weather for Rudnaykert...
2026-10-06 05:56:59,473 - root - INFO - Fetched weather for Rudnaykert: 10.3°C, Clouds, humidity: 70%
2026-10-06 05:57:00,575 - root - INFO - [355/1205] Fetching weather for Maroshegy...
2026-10-06 05:57:00,638 - root - INFO - Fetched weather for Maroshegy: 9.7°C, Clear, humidity: 73%
2026-10-06 05:57:01,740 - root - INFO - [356/1205] Fetching weather for Bánhida...
2026-10-06 05:57:01,803 - root - INFO - Fetched weather for Bánhida: 9.6°C, Clouds, humidity: 65%
2026-10-06 05:57:02,905 - root - INFO - [357/1205] Fetching weather for Magyarkút...
2026-10-06 05:57:02,971 - root - INFO - Fetched weather for Magyarkút: 9.7°C, Clouds, humidity: 69%
2026-10-06 05:57:04,073 - root - INFO - [358/1205] Fetching weather for Becske alsó...
2026-10-06 05:57:04,153 - root - INFO - Fetched weather for Becske alsó: 9.8°C, Clouds, humidity: 65%
2026-10-06 05:57:05,255 - root - INFO - [359/1205] Fetching weather for Hosszúberek-Péteri...
2026-10-06 05:57:05,324 - root - INFO - Fetched weather for Hosszúberek-Péteri: 4.1°C, Clouds, humidity: 75%
2026-10-06 05:57:06,426 - root - INFO - [360/1205] Fetching weather for Monorierdő...
2026-10-06 05:57:06,490 - root - INFO - Fetched weather for Monorierdő: 4.0°C, Clouds, humidity: 69%
2026-10-06 05:57:07,591 - root - INFO - [361/1205] Fetching weather for Ceglédbercel...
2026-10-06 05:57:07,664 - root - INFO - Fetched weather for Ceglédbercel: 9.8°C, Clear, humidity: 67%
2026-10-06 05:57:08,766 - root - INFO - [362/1205] Fetching weather for Budai út...
2026-10-06 05:57:08,842 - root - INFO - Fetched weather for Budai út: 9.8°C, Clouds, humidity: 66%
2026-10-06 05:57:09,944 - root - INFO - [363/1205] Fetching weather for Büdöskútpuszta...
2026-10-06 05:57:10,026 - root - INFO - Fetched weather for Büdöskútpuszta: 11.6°C, Clouds, humidity: 73%
2026-10-06 05:57:11,127 - root - INFO - [364/1205] Fetching weather for Bánrévei Vízmű...
2026-10-06 05:57:11,195 - root - INFO - Fetched weather for Bánrévei Vízmű: 14.9°C, Clouds, humidity: 77%
2026-10-06 05:57:12,296 - root - INFO - [365/1205] Fetching weather for Rákoskert...
2026-10-06 05:57:12,366 - root - INFO - Fetched weather for Rákoskert: 3.9°C, Clouds, humidity: 75%
2026-10-06 05:57:13,468 - root - INFO - [366/1205] Fetching weather for Szirmabesenyő...
2026-10-06 05:57:13,536 - root - INFO - Fetched weather for Szirmabesenyő: 16.8°C, Clouds, humidity: 71%
2026-10-06 05:57:14,637 - root - INFO - [367/1205] Fetching weather for Kitérőgyár...
2026-10-06 05:57:14,702 - root - INFO - Fetched weather for Kitérőgyár: 12.1°C, Clouds, humidity: 57%
2026-10-06 05:57:15,803 - root - INFO - [368/1205] Fetching weather for Tápiószentmárton...
2026-10-06 05:57:15,880 - root - INFO - Fetched weather for Tápiószentmárton: 10.2°C, Clouds, humidity: 70%
2026-10-06 05:57:16,981 - root - INFO - [369/1205] Fetching weather for Zagyvarékas...
2026-10-06 05:57:17,054 - root - INFO - Fetched weather for Zagyvarékas: 6.0°C, Clouds, humidity: 75%
2026-10-06 05:57:18,156 - root - INFO - [370/1205] Fetching weather for Abonyi út...
2026-10-06 05:57:18,218 - root - INFO - Fetched weather for Abonyi út: 6.0°C, Clouds, humidity: 75%
2026-10-06 05:57:19,319 - root - INFO - [371/1205] Fetching weather for Jászkisér felső...
2026-10-06 05:57:19,389 - root - INFO - Fetched weather for Jászkisér felső: 10.7°C, Clear, humidity: 69%
2026-10-06 05:57:20,491 - root - INFO - [372/1205] Fetching weather for Szellőhát...
2026-10-06 05:57:20,568 - root - INFO - Fetched weather for Szellőhát: 10.6°C, Clear, humidity: 69%
2026-10-06 05:57:21,669 - root - INFO - [373/1205] Fetching weather for Szilvásvárad-Szalajkavölgy...
2026-10-06 05:57:21,734 - root - INFO - Fetched weather for Szilvásvárad-Szalajkavölgy: 13.4°C, Clouds, humidity: 56%
2026-10-06 05:57:22,836 - root - INFO - [374/1205] Fetching weather for Vásárosnamény külső...
2026-10-06 05:57:22,905 - root - INFO - Fetched weather for Vásárosnamény külső: 10.3°C, Clouds, humidity: 79%
2026-10-06 05:57:24,007 - root - INFO - [375/1205] Fetching weather for Újváros...
2026-10-06 05:57:24,073 - root - INFO - Fetched weather for Újváros: 13.3°C, Clear, humidity: 37%
2026-10-06 05:57:25,174 - root - INFO - [376/1205] Fetching weather for Városi park...
2026-10-06 05:57:25,243 - root - INFO - Fetched weather for Városi park: 5.1°C, Clear, humidity: 63%
2026-10-06 05:57:26,345 - root - INFO - [377/1205] Fetching weather for Belsőkamaráspuszta...
2026-10-06 05:57:26,412 - root - INFO - Fetched weather for Belsőkamaráspuszta: 12.8°C, Clear, humidity: 59%
2026-10-06 05:57:27,513 - root - INFO - [378/1205] Fetching weather for Sajószöged...
2026-10-06 05:57:27,578 - root - INFO - Fetched weather for Sajószöged: 11.5°C, Clouds, humidity: 78%
2026-10-06 05:57:28,680 - root - INFO - [379/1205] Fetching weather for Kazincbarcika alsó...
2026-10-06 05:57:28,762 - root - INFO - Fetched weather for Kazincbarcika alsó: 16.8°C, Clouds, humidity: 69%
2026-10-06 05:57:29,864 - root - INFO - [380/1205] Fetching weather for Nyárjas...
2026-10-06 05:57:29,938 - root - INFO - Fetched weather for Nyárjas: 5.0°C, Clouds, humidity: 65%
2026-10-06 05:57:31,040 - root - INFO - [381/1205] Fetching weather for Pogonyipuszta...
2026-10-06 05:57:31,114 - root - INFO - Fetched weather for Pogonyipuszta: 14.8°C, Clouds, humidity: 77%
2026-10-06 05:57:32,215 - root - INFO - [382/1205] Fetching weather for Sióvölgy...
2026-10-06 05:57:32,280 - root - INFO - Fetched weather for Sióvölgy: 9.7°C, Clear, humidity: 80%
2026-10-06 05:57:33,381 - root - INFO - [383/1205] Fetching weather for Répáspuszta...
2026-10-06 05:57:33,449 - root - INFO - Fetched weather for Répáspuszta: 9.0°C, Clear, humidity: 69%
2026-10-06 05:57:34,550 - root - INFO - [384/1205] Fetching weather for Virányos...
2026-10-06 05:57:34,619 - root - INFO - Fetched weather for Virányos: 11.0°C, Clouds, humidity: 78%
2026-10-06 05:57:35,721 - root - INFO - [385/1205] Fetching weather for Füzesbokor...
2026-10-06 05:57:35,784 - root - INFO - Fetched weather for Füzesbokor: 10.8°C, Clouds, humidity: 76%
2026-10-06 05:57:36,886 - root - INFO - [386/1205] Fetching weather for Kunfehértó...
2026-10-06 05:57:36,952 - root - INFO - Fetched weather for Kunfehértó: 9.6°C, Clear, humidity: 59%
2026-10-06 05:57:38,054 - root - INFO - [387/1205] Fetching weather for Erdőszél...
2026-10-06 05:57:38,118 - root - INFO - Fetched weather for Erdőszél: 9.5°C, Clear, humidity: 59%
2026-10-06 05:57:39,219 - root - INFO - [388/1205] Fetching weather for Jánoshalma...
2026-10-06 05:57:39,289 - root - INFO - Fetched weather for Jánoshalma: 9.6°C, Clear, humidity: 58%
2026-10-06 05:57:40,391 - root - INFO - [389/1205] Fetching weather for Mélykút...
2026-10-06 05:57:40,463 - root - INFO - Fetched weather for Mélykút: 9.7°C, Clear, humidity: 59%
2026-10-06 05:57:41,565 - root - INFO - [390/1205] Fetching weather for Bácsalmás...
2026-10-06 05:57:41,634 - root - INFO - Fetched weather for Bácsalmás: 9.7°C, Clear, humidity: 61%
2026-10-06 05:57:42,736 - root - INFO - [391/1205] Fetching weather for Almás...
2026-10-06 05:57:42,808 - root - INFO - Fetched weather for Almás: 9.7°C, Clear, humidity: 61%
2026-10-06 05:57:43,909 - root - INFO - [392/1205] Fetching weather for Bácsbokod-Bácsborsód...
2026-10-06 05:57:43,975 - root - INFO - Fetched weather for Bácsbokod-Bácsborsód: 9.7°C, Clear, humidity: 61%
2026-10-06 05:57:45,076 - root - INFO - [393/1205] Fetching weather for Baja...
2026-10-06 05:57:45,146 - root - INFO - Fetched weather for Baja: 10.1°C, Clear, humidity: 75%
2026-10-06 05:57:46,248 - root - INFO - [394/1205] Fetching weather for Harkakötöny...
2026-10-06 05:57:46,313 - root - INFO - Fetched weather for Harkakötöny: 9.7°C, Clear, humidity: 60%
2026-10-06 05:57:47,415 - root - INFO - [395/1205] Fetching weather for Tajó...
2026-10-06 05:57:47,481 - root - INFO - Fetched weather for Tajó: 9.8°C, Clear, humidity: 60%
2026-10-06 05:57:48,583 - root - INFO - [396/1205] Fetching weather for Kiskunmajsa...
2026-10-06 05:57:48,652 - root - INFO - Fetched weather for Kiskunmajsa: 9.8°C, Clear, humidity: 61%
2026-10-06 05:57:49,754 - root - INFO - [397/1205] Fetching weather for Jászszentlászló...
2026-10-06 05:57:49,818 - root - INFO - Fetched weather for Jászszentlászló: 9.9°C, Clear, humidity: 62%
2026-10-06 05:57:50,919 - root - INFO - [398/1205] Fetching weather for Galambos...
2026-10-06 05:57:50,983 - root - INFO - Fetched weather for Galambos: 9.9°C, Clear, humidity: 63%
2026-10-06 05:57:52,085 - root - INFO - [399/1205] Fetching weather for Pestszentimre...
2026-10-06 05:57:52,154 - root - INFO - Fetched weather for Pestszentimre: 4.2°C, Clouds, humidity: 75%
2026-10-06 05:57:53,256 - root - INFO - [400/1205] Fetching weather for Gyál felső...
2026-10-06 05:57:53,319 - root - INFO - Fetched weather for Gyál felső: 4.2°C, Clouds, humidity: 75%
2026-10-06 05:57:54,420 - root - INFO - [401/1205] Fetching weather for Gyál...
2026-10-06 05:57:54,496 - root - INFO - Fetched weather for Gyál: 4.2°C, Clouds, humidity: 75%
2026-10-06 05:57:55,597 - root - INFO - [402/1205] Fetching weather for Ócsa...
2026-10-06 05:57:55,679 - root - INFO - Fetched weather for Ócsa: 4.2°C, Clouds, humidity: 75%
2026-10-06 05:57:56,780 - root - INFO - [403/1205] Fetching weather for Inárcs-Kakucs...
2026-10-06 05:57:56,847 - root - INFO - Fetched weather for Inárcs-Kakucs: 4.2°C, Clouds, humidity: 75%
2026-10-06 05:57:57,948 - root - INFO - [404/1205] Fetching weather for Dabas...
2026-10-06 05:57:58,017 - root - INFO - Fetched weather for Dabas: 4.2°C, Clear, humidity: 75%
2026-10-06 05:57:59,119 - root - INFO - [405/1205] Fetching weather for Gyón...
2026-10-06 05:57:59,192 - root - INFO - Fetched weather for Gyón: 4.2°C, Clear, humidity: 75%
2026-10-06 05:58:00,293 - root - INFO - [406/1205] Fetching weather for Hernád...
2026-10-06 05:58:00,367 - root - INFO - Fetched weather for Hernád: 9.8°C, Clear, humidity: 71%
2026-10-06 05:58:01,469 - root - INFO - [407/1205] Fetching weather for Bakonygyirót...
2026-10-06 05:58:01,541 - root - INFO - Fetched weather for Bakonygyirót: 3.6°C, Clear, humidity: 71%
2026-10-06 05:58:02,643 - root - INFO - [408/1205] Fetching weather for Vinye...
2026-10-06 05:58:02,711 - root - INFO - Fetched weather for Vinye: 3.0°C, Clear, humidity: 68%
2026-10-06 05:58:03,813 - root - INFO - [409/1205] Fetching weather for Nemesgörzsöny...
2026-10-06 05:58:03,878 - root - INFO - Fetched weather for Nemesgörzsöny: 4.2°C, Clear, humidity: 87%
2026-10-06 05:58:04,979 - root - INFO - [410/1205] Fetching weather for Rábahíd...
2026-10-06 05:58:05,052 - root - INFO - Fetched weather for Rábahíd: 4.2°C, Clear, humidity: 87%
2026-10-06 05:58:06,153 - root - INFO - [411/1205] Fetching weather for Öskü...
2026-10-06 05:58:06,217 - root - INFO - Fetched weather for Öskü: 9.2°C, Clear, humidity: 65%
2026-10-06 05:58:07,318 - root - INFO - [412/1205] Fetching weather for Márkó...
2026-10-06 05:58:07,382 - root - INFO - Fetched weather for Márkó: 8.3°C, Clear, humidity: 65%
2026-10-06 05:58:08,484 - root - INFO - [413/1205] Fetching weather for Nemeskocs...
2026-10-06 05:58:08,550 - root - INFO - Fetched weather for Nemeskocs: 4.1°C, Clear, humidity: 89%
2026-10-06 05:58:09,651 - root - INFO - [414/1205] Fetching weather for Zalagyömörő...
2026-10-06 05:58:09,714 - root - INFO - Fetched weather for Zalagyömörő: 8.8°C, Clear, humidity: 86%
2026-10-06 05:58:10,816 - root - INFO - [415/1205] Fetching weather for Rigács...
2026-10-06 05:58:10,882 - root - INFO - Fetched weather for Rigács: 8.8°C, Clear, humidity: 86%
2026-10-06 05:58:11,984 - root - INFO - [416/1205] Fetching weather for Kemenespálfa...
2026-10-06 05:58:12,055 - root - INFO - Fetched weather for Kemenespálfa: 9.0°C, Clear, humidity: 88%
2026-10-06 05:58:13,157 - root - INFO - [417/1205] Fetching weather for Lentiszombathely...
2026-10-06 05:58:13,232 - root - INFO - Fetched weather for Lentiszombathely: 8.3°C, Clear, humidity: 93%
2026-10-06 05:58:14,333 - root - INFO - [418/1205] Fetching weather for Ortaháza...
2026-10-06 05:58:14,401 - root - INFO - Fetched weather for Ortaháza: 8.1°C, Clear, humidity: 92%
2026-10-06 05:58:15,503 - root - INFO - [419/1205] Fetching weather for Rádiháza...
2026-10-06 05:58:15,567 - root - INFO - Fetched weather for Rádiháza: 8.0°C, Clear, humidity: 90%
2026-10-06 05:58:16,669 - root - INFO - [420/1205] Fetching weather for Baktüttös...
2026-10-06 05:58:16,734 - root - INFO - Fetched weather for Baktüttös: 3.6°C, Clear, humidity: 86%
2026-10-06 05:58:17,835 - root - INFO - [421/1205] Fetching weather for Budafa...
2026-10-06 05:58:17,900 - root - INFO - Fetched weather for Budafa: 8.5°C, Clear, humidity: 84%
2026-10-06 05:58:19,001 - root - INFO - [422/1205] Fetching weather for Zalapatakalja...
2026-10-06 05:58:19,066 - root - INFO - Fetched weather for Zalapatakalja: 8.5°C, Clear, humidity: 82%
2026-10-06 05:58:20,168 - root - INFO - [423/1205] Fetching weather for Tormásliget...
2026-10-06 05:58:20,236 - root - INFO - Fetched weather for Tormásliget: 9.6°C, Clear, humidity: 82%
2026-10-06 05:58:21,337 - root - INFO - [424/1205] Fetching weather for Belecska...
2026-10-06 05:58:21,399 - root - INFO - Fetched weather for Belecska: 9.8°C, Clear, humidity: 67%
2026-10-06 05:58:22,501 - root - INFO - [425/1205] Fetching weather for Almár...
2026-10-06 05:58:22,571 - root - INFO - Fetched weather for Almár: 14.7°C, Clouds, humidity: 56%
2026-10-06 05:58:23,672 - root - INFO - [426/1205] Fetching weather for Vasútmúzeum...
2026-10-06 05:58:23,739 - root - INFO - Fetched weather for Vasútmúzeum: 15.6°C, Clouds, humidity: 62%
2026-10-06 05:58:24,841 - root - INFO - [427/1205] Fetching weather for Abda...
2026-10-06 05:58:24,913 - root - INFO - Fetched weather for Abda: 4.1°C, Clear, humidity: 84%
2026-10-06 05:58:26,015 - root - INFO - [428/1205] Fetching weather for Vadaspark...
2026-10-06 05:58:26,082 - root - INFO - Fetched weather for Vadaspark: 13.8°C, Clouds, humidity: 62%
2026-10-06 05:58:27,183 - root - INFO - [429/1205] Fetching weather for Barosstelep...
2026-10-06 05:58:27,248 - root - INFO - Fetched weather for Barosstelep: 15.6°C, Clear, humidity: 62%
2026-10-06 05:58:28,349 - root - INFO - [430/1205] Fetching weather for Fegyvernek-Örményes...
2026-10-06 05:58:28,416 - root - INFO - Fetched weather for Fegyvernek-Örményes: 6.0°C, Clouds, humidity: 67%
2026-10-06 05:58:29,518 - root - INFO - [431/1205] Fetching weather for Zagyvapálfalva...
2026-10-06 05:58:29,589 - root - INFO - Fetched weather for Zagyvapálfalva: 11.1°C, Clouds, humidity: 61%
2026-10-06 05:58:30,691 - root - INFO - [432/1205] Fetching weather for Salgótarján...
2026-10-06 05:58:30,759 - root - INFO - Fetched weather for Salgótarján: 10.3°C, Clouds, humidity: 63%
2026-10-06 05:58:31,860 - root - INFO - [433/1205] Fetching weather for Szabadisóstó...
2026-10-06 05:58:31,924 - root - INFO - Fetched weather for Szabadisóstó: 9.7°C, Clear, humidity: 83%
2026-10-06 05:58:33,025 - root - INFO - [434/1205] Fetching weather for Siófok...
2026-10-06 05:58:33,091 - root - INFO - Fetched weather for Siófok: 9.7°C, Clear, humidity: 80%
2026-10-06 05:58:34,192 - root - INFO - [435/1205] Fetching weather for Balatonszéplak felső...
2026-10-06 05:58:34,256 - root - INFO - Fetched weather for Balatonszéplak felső: 9.6°C, Clear, humidity: 79%
2026-10-06 05:58:35,358 - root - INFO - [436/1205] Fetching weather for Balatonszéplak alsó...
2026-10-06 05:58:35,422 - root - INFO - Fetched weather for Balatonszéplak alsó: 9.6°C, Clear, humidity: 80%
2026-10-06 05:58:36,523 - root - INFO - [437/1205] Fetching weather for Zamárdi felső...
2026-10-06 05:58:36,588 - root - INFO - Fetched weather for Zamárdi felső: 9.6°C, Clear, humidity: 80%
2026-10-06 05:58:37,690 - root - INFO - [438/1205] Fetching weather for Zamárdi...
2026-10-06 05:58:37,762 - root - INFO - Fetched weather for Zamárdi: 9.6°C, Clear, humidity: 80%
2026-10-06 05:58:38,863 - root - INFO - [439/1205] Fetching weather for Szántód...
2026-10-06 05:58:38,935 - root - INFO - Fetched weather for Szántód: 9.5°C, Clear, humidity: 78%
2026-10-06 05:58:40,036 - root - INFO - [440/1205] Fetching weather for Szőny-Déli...
2026-10-06 05:58:40,099 - root - INFO - Fetched weather for Szőny-Déli: 4.1°C, Clouds, humidity: 75%
2026-10-06 05:58:41,201 - root - INFO - [441/1205] Fetching weather for Várpalota...
2026-10-06 05:58:41,265 - root - INFO - Fetched weather for Várpalota: 9.0°C, Clear, humidity: 65%
2026-10-06 05:58:42,366 - root - INFO - [442/1205] Fetching weather for Pétfürdő...
2026-10-06 05:58:42,446 - root - INFO - Fetched weather for Pétfürdő: 9.4°C, Clear, humidity: 64%
2026-10-06 05:58:43,548 - root - INFO - [443/1205] Fetching weather for Hajmáskér...
2026-10-06 05:58:43,611 - root - INFO - Fetched weather for Hajmáskér: 8.9°C, Clear, humidity: 65%
2026-10-06 05:58:44,713 - root - INFO - [444/1205] Fetching weather for Veszprém...
2026-10-06 05:58:44,782 - root - INFO - Fetched weather for Veszprém: 8.8°C, Clear, humidity: 64%
2026-10-06 05:58:45,884 - root - INFO - [445/1205] Fetching weather for Herend...
2026-10-06 05:58:45,966 - root - INFO - Fetched weather for Herend: 8.2°C, Clear, humidity: 66%
2026-10-06 05:58:47,067 - root - INFO - [446/1205] Fetching weather for Városlőd...
2026-10-06 05:58:47,134 - root - INFO - Fetched weather for Városlőd: 3.0°C, Clear, humidity: 68%
2026-10-06 05:58:48,236 - root - INFO - [447/1205] Fetching weather for Városlőd-Kislőd...
2026-10-06 05:58:48,300 - root - INFO - Fetched weather for Városlőd-Kislőd: 3.1°C, Clear, humidity: 68%
2026-10-06 05:58:49,402 - root - INFO - [448/1205] Fetching weather for Ajka...
2026-10-06 05:58:49,467 - root - INFO - Fetched weather for Ajka: 3.4°C, Clear, humidity: 72%
2026-10-06 05:58:50,569 - root - INFO - [449/1205] Fetching weather for Ajka-Gyártelep...
2026-10-06 05:58:50,632 - root - INFO - Fetched weather for Ajka-Gyártelep: 3.4°C, Clear, humidity: 72%
2026-10-06 05:58:51,733 - root - INFO - [450/1205] Fetching weather for Devecser...
2026-10-06 05:58:51,805 - root - INFO - Fetched weather for Devecser: 3.8°C, Clear, humidity: 77%
2026-10-06 05:58:52,907 - root - INFO - [451/1205] Fetching weather for Somlóvásárhely...
2026-10-06 05:58:52,982 - root - INFO - Fetched weather for Somlóvásárhely: 4.0°C, Clear, humidity: 83%
2026-10-06 05:58:54,084 - root - INFO - [452/1205] Fetching weather for Tüskevár...
2026-10-06 05:58:54,148 - root - INFO - Fetched weather for Tüskevár: 4.0°C, Clear, humidity: 84%
2026-10-06 05:58:55,249 - root - INFO - [453/1205] Fetching weather for Karakószörcsök...
2026-10-06 05:58:55,316 - root - INFO - Fetched weather for Karakószörcsök: 9.0°C, Clear, humidity: 85%
2026-10-06 05:58:56,417 - root - INFO - [454/1205] Fetching weather for Kerta...
2026-10-06 05:58:56,481 - root - INFO - Fetched weather for Kerta: 9.1°C, Clear, humidity: 88%
2026-10-06 05:58:57,583 - root - INFO - [455/1205] Fetching weather for Boba...
2026-10-06 05:58:57,647 - root - INFO - Fetched weather for Boba: 9.1°C, Clear, humidity: 88%
2026-10-06 05:58:58,748 - root - INFO - [456/1205] Fetching weather for Börgönd...
2026-10-06 05:58:58,815 - root - INFO - Fetched weather for Börgönd: 9.7°C, Clear, humidity: 78%
2026-10-06 05:58:59,916 - root - INFO - [457/1205] Fetching weather for Belsőbáránd...
2026-10-06 05:58:59,993 - root - INFO - Fetched weather for Belsőbáránd: 9.6°C, Clear, humidity: 79%
2026-10-06 05:59:01,095 - root - INFO - [458/1205] Fetching weather for Zichyújfalu...
2026-10-06 05:59:01,161 - root - INFO - Fetched weather for Zichyújfalu: 9.7°C, Clear, humidity: 81%
2026-10-06 05:59:02,263 - root - INFO - [459/1205] Fetching weather for Seregélyes...
2026-10-06 05:59:02,331 - root - INFO - Fetched weather for Seregélyes: 9.8°C, Clear, humidity: 79%
2026-10-06 05:59:03,432 - root - INFO - [460/1205] Fetching weather for Polgárdi-Ipartelepek...
2026-10-06 05:59:03,496 - root - INFO - Fetched weather for Polgárdi-Ipartelepek: 9.3°C, Clear, humidity: 72%
2026-10-06 05:59:04,598 - root - INFO - [461/1205] Fetching weather for Polgárdi...
2026-10-06 05:59:04,662 - root - INFO - Fetched weather for Polgárdi: 9.3°C, Clear, humidity: 72%
2026-10-06 05:59:05,764 - root - INFO - [462/1205] Fetching weather for Füle...
2026-10-06 05:59:05,831 - root - INFO - Fetched weather for Füle: 9.3°C, Clear, humidity: 77%
2026-10-06 05:59:06,932 - root - INFO - [463/1205] Fetching weather for Zánka-Erzsébettábor...
2026-10-06 05:59:06,996 - root - INFO - Fetched weather for Zánka-Erzsébettábor: 9.3°C, Clear, humidity: 80%
2026-10-06 05:59:08,097 - root - INFO - [464/1205] Fetching weather for Csajág...
2026-10-06 05:59:08,173 - root - INFO - Fetched weather for Csajág: 9.4°C, Clouds, humidity: 81%
2026-10-06 05:59:09,275 - root - INFO - [465/1205] Fetching weather for Balatonakarattya...
2026-10-06 05:59:09,338 - root - INFO - Fetched weather for Balatonakarattya: 9.4°C, Clouds, humidity: 81%
2026-10-06 05:59:10,440 - root - INFO - [466/1205] Fetching weather for Csittényhegy...
2026-10-06 05:59:10,504 - root - INFO - Fetched weather for Csittényhegy: 9.7°C, Clouds, humidity: 81%
2026-10-06 05:59:11,605 - root - INFO - [467/1205] Fetching weather for Balatonkenese...
2026-10-06 05:59:11,672 - root - INFO - Fetched weather for Balatonkenese: 9.7°C, Clouds, humidity: 81%
2026-10-06 05:59:12,773 - root - INFO - [468/1205] Fetching weather for Balatonfűzfő...
2026-10-06 05:59:12,836 - root - INFO - Fetched weather for Balatonfűzfő: 9.4°C, Clear, humidity: 72%
2026-10-06 05:59:13,938 - root - INFO - [469/1205] Fetching weather for Balatonalmádi...
2026-10-06 05:59:14,009 - root - INFO - Fetched weather for Balatonalmádi: 9.6°C, Clear, humidity: 75%
2026-10-06 05:59:15,111 - root - INFO - [470/1205] Fetching weather for Káptalanfüred...
2026-10-06 05:59:15,183 - root - INFO - Fetched weather for Káptalanfüred: 8.7°C, Clear, humidity: 74%
2026-10-06 05:59:16,284 - root - INFO - [471/1205] Fetching weather for Alsóörs...
2026-10-06 05:59:16,360 - root - INFO - Fetched weather for Alsóörs: 8.7°C, Clear, humidity: 74%
2026-10-06 05:59:17,462 - root - INFO - [472/1205] Fetching weather for Csopak...
2026-10-06 05:59:17,530 - root - INFO - Fetched weather for Csopak: 9.0°C, Clear, humidity: 68%
2026-10-06 05:59:18,631 - root - INFO - [473/1205] Fetching weather for Balatonarács...
2026-10-06 05:59:18,698 - root - INFO - Fetched weather for Balatonarács: 9.0°C, Clear, humidity: 68%
2026-10-06 05:59:19,799 - root - INFO - [474/1205] Fetching weather for Balatonfüred...
2026-10-06 05:59:19,874 - root - INFO - Fetched weather for Balatonfüred: 9.3°C, Clear, humidity: 69%
2026-10-06 05:59:20,976 - root - INFO - [475/1205] Fetching weather for Aszófő...
2026-10-06 05:59:21,043 - root - INFO - Fetched weather for Aszófő: 9.3°C, Clear, humidity: 71%
2026-10-06 05:59:22,145 - root - INFO - [476/1205] Fetching weather for Örvényes...
2026-10-06 05:59:22,213 - root - INFO - Fetched weather for Örvényes: 9.3°C, Clear, humidity: 71%
2026-10-06 05:59:23,315 - root - INFO - [477/1205] Fetching weather for Balatonudvari...
2026-10-06 05:59:23,380 - root - INFO - Fetched weather for Balatonudvari: 8.7°C, Clear, humidity: 72%
2026-10-06 05:59:24,482 - root - INFO - [478/1205] Fetching weather for Fövenyes...
2026-10-06 05:59:24,555 - root - INFO - Fetched weather for Fövenyes: 9.3°C, Clear, humidity: 75%
2026-10-06 05:59:25,657 - root - INFO - [479/1205] Fetching weather for Balatonakali-Dörgicse...
2026-10-06 05:59:25,727 - root - INFO - Fetched weather for Balatonakali-Dörgicse: 8.9°C, Clear, humidity: 76%
2026-10-06 05:59:26,828 - root - INFO - [480/1205] Fetching weather for Zánka-Köveskál...
2026-10-06 05:59:26,891 - root - INFO - Fetched weather for Zánka-Köveskál: 8.9°C, Clear, humidity: 80%
2026-10-06 05:59:27,992 - root - INFO - [481/1205] Fetching weather for Balatonszepezd...
2026-10-06 05:59:28,056 - root - INFO - Fetched weather for Balatonszepezd: 9.2°C, Clear, humidity: 83%
2026-10-06 05:59:29,158 - root - INFO - [482/1205] Fetching weather for Szepezdfürdő...
2026-10-06 05:59:29,230 - root - INFO - Fetched weather for Szepezdfürdő: 8.2°C, Clear, humidity: 84%
2026-10-06 05:59:30,331 - root - INFO - [483/1205] Fetching weather for Révfülöp...
2026-10-06 05:59:30,398 - root - INFO - Fetched weather for Révfülöp: 8.2°C, Clear, humidity: 84%
2026-10-06 05:59:31,500 - root - INFO - [484/1205] Fetching weather for Balatonrendes...
2026-10-06 05:59:31,568 - root - INFO - Fetched weather for Balatonrendes: 8.7°C, Clouds, humidity: 89%
2026-10-06 05:59:32,669 - root - INFO - [485/1205] Fetching weather for Ábrahámhegy...
2026-10-06 05:59:32,747 - root - INFO - Fetched weather for Ábrahámhegy: 8.7°C, Clouds, humidity: 89%
2026-10-06 05:59:33,849 - root - INFO - [486/1205] Fetching weather for Badacsonyörs...
2026-10-06 05:59:33,912 - root - INFO - Fetched weather for Badacsonyörs: 8.9°C, Clouds, humidity: 88%
2026-10-06 05:59:35,014 - root - INFO - [487/1205] Fetching weather for Kisújszállás...
2026-10-06 05:59:35,077 - root - INFO - Fetched weather for Kisújszállás: 10.5°C, Clouds, humidity: 68%
2026-10-06 05:59:36,179 - root - INFO - [488/1205] Fetching weather for Karcag...
2026-10-06 05:59:36,246 - root - INFO - Fetched weather for Karcag: 10.5°C, Clouds, humidity: 72%
2026-10-06 05:59:37,348 - root - INFO - [489/1205] Fetching weather for Püspökladány...
2026-10-06 05:59:37,414 - root - INFO - Fetched weather for Püspökladány: 10.4°C, Clouds, humidity: 70%
2026-10-06 05:59:38,516 - root - INFO - [490/1205] Fetching weather for Kaba...
2026-10-06 05:59:38,581 - root - INFO - Fetched weather for Kaba: 6.1°C, Clouds, humidity: 72%
2026-10-06 05:59:39,683 - root - INFO - [491/1205] Fetching weather for Hajdúszoboszló...
2026-10-06 05:59:39,761 - root - INFO - Fetched weather for Hajdúszoboszló: 6.1°C, Clouds, humidity: 75%
2026-10-06 05:59:40,863 - root - INFO - [492/1205] Fetching weather for Ebes...
2026-10-06 05:59:40,928 - root - INFO - Fetched weather for Ebes: 6.0°C, Clouds, humidity: 75%
2026-10-06 05:59:42,030 - root - INFO - [493/1205] Fetching weather for Debrecen...
2026-10-06 05:59:42,095 - root - INFO - Fetched weather for Debrecen: 5.9°C, Clouds, humidity: 75%
2026-10-06 05:59:43,196 - root - INFO - [494/1205] Fetching weather for Debrecen-Csapókert...
2026-10-06 05:59:43,267 - root - INFO - Fetched weather for Debrecen-Csapókert: 5.9°C, Clouds, humidity: 75%
2026-10-06 05:59:44,368 - root - INFO - [495/1205] Fetching weather for Apafa...
2026-10-06 05:59:44,432 - root - INFO - Fetched weather for Apafa: 5.8°C, Clouds, humidity: 75%
2026-10-06 05:59:45,533 - root - INFO - [496/1205] Fetching weather for Bocskaikert...
2026-10-06 05:59:45,609 - root - INFO - Fetched weather for Bocskaikert: 5.8°C, Clouds, humidity: 75%
2026-10-06 05:59:46,711 - root - INFO - [497/1205] Fetching weather for Hajdúhadház...
2026-10-06 05:59:46,775 - root - INFO - Fetched weather for Hajdúhadház: 5.7°C, Clouds, humidity: 72%
2026-10-06 05:59:47,877 - root - INFO - [498/1205] Fetching weather for Téglás...
2026-10-06 05:59:47,941 - root - INFO - Fetched weather for Téglás: 5.8°C, Clouds, humidity: 72%
2026-10-06 05:59:49,042 - root - INFO - [499/1205] Fetching weather for Újfehértó...
2026-10-06 05:59:49,109 - root - INFO - Fetched weather for Újfehértó: 10.2°C, Clouds, humidity: 74%
2026-10-06 05:59:50,211 - root - INFO - [500/1205] Fetching weather for Nyíregyháza...
2026-10-06 05:59:50,274 - root - INFO - Fetched weather for Nyíregyháza: 10.6°C, Clouds, humidity: 76%
2026-10-06 05:59:51,376 - root - INFO - [501/1205] Fetching weather for Sóstó...
2026-10-06 05:59:51,441 - root - INFO - Fetched weather for Sóstó: 10.6°C, Clouds, humidity: 76%
2026-10-06 05:59:52,543 - root - INFO - [502/1205] Fetching weather for Sóstóhegy...
2026-10-06 05:59:52,605 - root - INFO - Fetched weather for Sóstóhegy: 10.8°C, Clouds, humidity: 77%
2026-10-06 05:59:53,707 - root - INFO - [503/1205] Fetching weather for Kemecse...
2026-10-06 05:59:53,771 - root - INFO - Fetched weather for Kemecse: 10.8°C, Clouds, humidity: 78%
2026-10-06 05:59:54,873 - root - INFO - [504/1205] Fetching weather for Nyírbogdány...
2026-10-06 05:59:54,941 - root - INFO - Fetched weather for Nyírbogdány: 10.8°C, Clouds, humidity: 78%
2026-10-06 05:59:56,043 - root - INFO - [505/1205] Fetching weather for Kék...
2026-10-06 05:59:56,108 - root - INFO - Fetched weather for Kék: 10.8°C, Clouds, humidity: 78%
2026-10-06 05:59:57,210 - root - INFO - [506/1205] Fetching weather for Demecser...
2026-10-06 05:59:57,274 - root - INFO - Fetched weather for Demecser: 10.8°C, Clouds, humidity: 78%
2026-10-06 05:59:58,376 - root - INFO - [507/1205] Fetching weather for Gégény...
2026-10-06 05:59:58,442 - root - INFO - Fetched weather for Gégény: 10.8°C, Clouds, humidity: 78%
2026-10-06 05:59:59,543 - root - INFO - [508/1205] Fetching weather for Pátroha...
2026-10-06 05:59:59,623 - root - INFO - Fetched weather for Pátroha: 10.8°C, Clouds, humidity: 78%
2026-10-06 06:00:00,725 - root - INFO - [509/1205] Fetching weather for Ajak...
2026-10-06 06:00:00,845 - root - INFO - Fetched weather for Ajak: 10.7°C, Clouds, humidity: 78%
2026-10-06 06:00:01,947 - root - INFO - [510/1205] Fetching weather for Kisvárda...
2026-10-06 06:00:02,043 - root - INFO - Fetched weather for Kisvárda: 10.7°C, Clouds, humidity: 79%
2026-10-06 06:00:03,145 - root - INFO - [511/1205] Fetching weather for Kisvárda-Hármasút...
2026-10-06 06:00:03,231 - root - INFO - Fetched weather for Kisvárda-Hármasút: 10.7°C, Clouds, humidity: 79%
2026-10-06 06:00:04,333 - root - INFO - [512/1205] Fetching weather for Fényeslitke...
2026-10-06 06:00:04,411 - root - INFO - Fetched weather for Fényeslitke: 10.7°C, Clouds, humidity: 80%
2026-10-06 06:00:05,513 - root - INFO - [513/1205] Fetching weather for Komoró...
2026-10-06 06:00:05,591 - root - INFO - Fetched weather for Komoró: 10.8°C, Clouds, humidity: 80%
2026-10-06 06:00:06,692 - root - INFO - [514/1205] Fetching weather for Tuzsér...
2026-10-06 06:00:06,754 - root - INFO - Fetched weather for Tuzsér: 10.8°C, Clouds, humidity: 79%
2026-10-06 06:00:07,856 - root - INFO - [515/1205] Fetching weather for Tiszabezdéd...
2026-10-06 06:00:07,927 - root - INFO - Fetched weather for Tiszabezdéd: 10.8°C, Clouds, humidity: 79%
2026-10-06 06:00:09,028 - root - INFO - [516/1205] Fetching weather for Záhony...
2026-10-06 06:00:09,097 - root - INFO - Fetched weather for Záhony: 10.7°C, Clouds, humidity: 79%
2026-10-06 06:00:10,198 - root - INFO - [517/1205] Fetching weather for Karcag-Vásártér...
2026-10-06 06:00:10,269 - root - INFO - Fetched weather for Karcag-Vásártér: 10.5°C, Clouds, humidity: 72%
2026-10-06 06:00:11,371 - root - INFO - [518/1205] Fetching weather for Berekfürdő...
2026-10-06 06:00:11,445 - root - INFO - Fetched weather for Berekfürdő: 10.6°C, Clouds, humidity: 71%
2026-10-06 06:00:12,547 - root - INFO - [519/1205] Fetching weather for Kunmadaras...
2026-10-06 06:00:12,609 - root - INFO - Fetched weather for Kunmadaras: 10.7°C, Clouds, humidity: 71%
2026-10-06 06:00:13,710 - root - INFO - [520/1205] Fetching weather for Tiszaszentimre...
2026-10-06 06:00:13,772 - root - INFO - Fetched weather for Tiszaszentimre: 10.9°C, Clouds, humidity: 78%
2026-10-06 06:00:14,874 - root - INFO - [521/1205] Fetching weather for Tiszaszőlős...
2026-10-06 06:00:14,942 - root - INFO - Fetched weather for Tiszaszőlős: 11.1°C, Clouds, humidity: 79%
2026-10-06 06:00:16,044 - root - INFO - [522/1205] Fetching weather for Hosszúhát...
2026-10-06 06:00:16,106 - root - INFO - Fetched weather for Hosszúhát: 10.5°C, Clouds, humidity: 66%
2026-10-06 06:00:17,208 - root - INFO - [523/1205] Fetching weather for Szerep...
2026-10-06 06:00:17,282 - root - INFO - Fetched weather for Szerep: 10.4°C, Clouds, humidity: 67%
2026-10-06 06:00:18,384 - root - INFO - [524/1205] Fetching weather for Sárrétudvari...
2026-10-06 06:00:18,451 - root - INFO - Fetched weather for Sárrétudvari: 10.4°C, Clouds, humidity: 67%
2026-10-06 06:00:19,552 - root - INFO - [525/1205] Fetching weather for Biharnagybajom...
2026-10-06 06:00:19,623 - root - INFO - Fetched weather for Biharnagybajom: 10.3°C, Clouds, humidity: 68%
2026-10-06 06:00:20,725 - root - INFO - [526/1205] Fetching weather for Füzesgyarmat...
2026-10-06 06:00:20,796 - root - INFO - Fetched weather for Füzesgyarmat: 10.5°C, Clouds, humidity: 64%
2026-10-06 06:00:21,898 - root - INFO - [527/1205] Fetching weather for Füzesgyarmatfürdő...
2026-10-06 06:00:21,972 - root - INFO - Fetched weather for Füzesgyarmatfürdő: 10.5°C, Clouds, humidity: 64%
2026-10-06 06:00:23,074 - root - INFO - [528/1205] Fetching weather for Báránd...
2026-10-06 06:00:23,142 - root - INFO - Fetched weather for Báránd: 10.3°C, Clouds, humidity: 71%
2026-10-06 06:00:24,244 - root - INFO - [529/1205] Fetching weather for Sáp...
2026-10-06 06:00:24,314 - root - INFO - Fetched weather for Sáp: 10.2°C, Clouds, humidity: 71%
2026-10-06 06:00:25,416 - root - INFO - [530/1205] Fetching weather for Berettyóújfalu...
2026-10-06 06:00:25,495 - root - INFO - Fetched weather for Berettyóújfalu: 10.0°C, Clouds, humidity: 71%
2026-10-06 06:00:26,597 - root - INFO - [531/1205] Fetching weather for Mezőpeterd...
2026-10-06 06:00:26,660 - root - INFO - Fetched weather for Mezőpeterd: 10.3°C, Clouds, humidity: 71%
2026-10-06 06:00:27,762 - root - INFO - [532/1205] Fetching weather for Biharkeresztes...
2026-10-06 06:00:27,824 - root - INFO - Fetched weather for Biharkeresztes: 10.2°C, Clouds, humidity: 62%
2026-10-06 06:00:28,926 - root - INFO - [533/1205] Fetching weather for Tócóvölgy...
2026-10-06 06:00:28,990 - root - INFO - Fetched weather for Tócóvölgy: 6.0°C, Clouds, humidity: 75%
2026-10-06 06:00:30,091 - root - INFO - [534/1205] Fetching weather for Sáregres...
2026-10-06 06:00:30,157 - root - INFO - Fetched weather for Sáregres: 9.7°C, Clear, humidity: 68%
2026-10-06 06:00:31,259 - root - INFO - [535/1205] Fetching weather for Simontornya...
2026-10-06 06:00:31,319 - root - INFO - Fetched weather for Simontornya: 9.6°C, Clear, humidity: 67%
2026-10-06 06:00:32,421 - root - INFO - [536/1205] Fetching weather for Tolnanémedi...
2026-10-06 06:00:32,524 - root - INFO - Fetched weather for Tolnanémedi: 9.7°C, Clear, humidity: 66%
2026-10-06 06:00:33,626 - root - INFO - [537/1205] Fetching weather for Pincehely...
2026-10-06 06:00:33,706 - root - INFO - Fetched weather for Pincehely: 9.6°C, Clear, humidity: 67%
2026-10-06 06:00:34,808 - root - INFO - [538/1205] Fetching weather for Keszőhidegkút-Gyönk...
2026-10-06 06:00:34,962 - root - INFO - Fetched weather for Keszőhidegkút-Gyönk: 9.7°C, Clear, humidity: 67%
2026-10-06 06:00:36,064 - root - INFO - [539/1205] Fetching weather for Szárazd...
2026-10-06 06:00:36,136 - root - INFO - Fetched weather for Szárazd: 9.8°C, Clear, humidity: 68%
2026-10-06 06:00:37,238 - root - INFO - [540/1205] Fetching weather for Regöly...
2026-10-06 06:00:37,304 - root - INFO - Fetched weather for Regöly: 9.8°C, Clear, humidity: 68%
2026-10-06 06:00:38,406 - root - INFO - [541/1205] Fetching weather for Szakály-Hőgyész...
2026-10-06 06:00:38,493 - root - INFO - Fetched weather for Szakály-Hőgyész: 9.7°C, Clear, humidity: 68%
2026-10-06 06:00:39,595 - root - INFO - [542/1205] Fetching weather for Dúzs...
2026-10-06 06:00:39,670 - root - INFO - Fetched weather for Dúzs: 9.8°C, Clear, humidity: 68%
2026-10-06 06:00:40,772 - root - INFO - [543/1205] Fetching weather for Csibrák...
2026-10-06 06:00:40,838 - root - INFO - Fetched weather for Csibrák: 9.9°C, Clear, humidity: 67%
2026-10-06 06:00:41,939 - root - INFO - [544/1205] Fetching weather for Kurd...
2026-10-06 06:00:42,008 - root - INFO - Fetched weather for Kurd: 9.7°C, Clear, humidity: 65%
2026-10-06 06:00:43,110 - root - INFO - [545/1205] Fetching weather for Döbrököz...
2026-10-06 06:00:43,175 - root - INFO - Fetched weather for Döbrököz: 10.0°C, Clear, humidity: 65%
2026-10-06 06:00:44,277 - root - INFO - [546/1205] Fetching weather for Dombóvár...
2026-10-06 06:00:44,346 - root - INFO - Fetched weather for Dombóvár: 9.9°C, Clear, humidity: 67%
2026-10-06 06:00:45,448 - root - INFO - [547/1205] Fetching weather for Dombóvár alsó...
2026-10-06 06:00:45,525 - root - INFO - Fetched weather for Dombóvár alsó: 9.9°C, Clear, humidity: 67%
2026-10-06 06:00:46,627 - root - INFO - [548/1205] Fetching weather for Somoskőújfalu...
2026-10-06 06:00:46,693 - root - INFO - Fetched weather for Somoskőújfalu: 9.1°C, Clouds, humidity: 65%
2026-10-06 06:00:47,794 - root - INFO - [549/1205] Fetching weather for Jászfényszaru...
2026-10-06 06:00:47,868 - root - INFO - Fetched weather for Jászfényszaru: 11.0°C, Clear, humidity: 69%
2026-10-06 06:00:48,969 - root - INFO - [550/1205] Fetching weather for Pusztamonostor...
2026-10-06 06:00:49,034 - root - INFO - Fetched weather for Pusztamonostor: 10.9°C, Clear, humidity: 70%
2026-10-06 06:00:50,136 - root - INFO - [551/1205] Fetching weather for Jászberény...
2026-10-06 06:00:50,233 - root - INFO - Fetched weather for Jászberény: 10.8°C, Clear, humidity: 70%
2026-10-06 06:00:51,335 - root - INFO - [552/1205] Fetching weather for Meggyespele...
2026-10-06 06:00:51,411 - root - INFO - Fetched weather for Meggyespele: 10.6°C, Clear, humidity: 72%
2026-10-06 06:00:52,513 - root - INFO - [553/1205] Fetching weather for Portelek...
2026-10-06 06:00:52,588 - root - INFO - Fetched weather for Portelek: 10.5°C, Clear, humidity: 72%
2026-10-06 06:00:53,690 - root - INFO - [554/1205] Fetching weather for Jászboldogháza-Jánoshida...
2026-10-06 06:00:53,755 - root - INFO - Fetched weather for Jászboldogháza-Jánoshida: 10.3°C, Clear, humidity: 72%
2026-10-06 06:00:54,857 - root - INFO - [555/1205] Fetching weather for Jászárokszállás...
2026-10-06 06:00:54,929 - root - INFO - Fetched weather for Jászárokszállás: 11.4°C, Clouds, humidity: 68%
2026-10-06 06:00:56,031 - root - INFO - [556/1205] Fetching weather for Jászdózsa...
2026-10-06 06:00:56,102 - root - INFO - Fetched weather for Jászdózsa: 11.2°C, Clouds, humidity: 70%
2026-10-06 06:00:57,204 - root - INFO - [557/1205] Fetching weather for Jászapáti...
2026-10-06 06:00:57,275 - root - INFO - Fetched weather for Jászapáti: 11.0°C, Clouds, humidity: 68%
2026-10-06 06:00:58,377 - root - INFO - [558/1205] Fetching weather for Jászkisér...
2026-10-06 06:00:58,440 - root - INFO - Fetched weather for Jászkisér: 10.8°C, Clouds, humidity: 69%
2026-10-06 06:00:59,541 - root - INFO - [559/1205] Fetching weather for Jászladány...
2026-10-06 06:00:59,605 - root - INFO - Fetched weather for Jászladány: 6.0°C, Clear, humidity: 70%
2026-10-06 06:01:00,707 - root - INFO - [560/1205] Fetching weather for Szászberek...
2026-10-06 06:01:00,774 - root - INFO - Fetched weather for Szászberek: 6.0°C, Clear, humidity: 69%
2026-10-06 06:01:01,876 - root - INFO - [561/1205] Fetching weather for Gyöngyöshalász...
2026-10-06 06:01:01,943 - root - INFO - Fetched weather for Gyöngyöshalász: 12.1°C, Clouds, humidity: 58%
2026-10-06 06:01:03,044 - root - INFO - [562/1205] Fetching weather for Gyöngyös...
2026-10-06 06:01:03,108 - root - INFO - Fetched weather for Gyöngyös: 12.1°C, Clouds, humidity: 56%
2026-10-06 06:01:04,210 - root - INFO - [563/1205] Fetching weather for Erdőtelek...
2026-10-06 06:01:04,273 - root - INFO - Fetched weather for Erdőtelek: 11.6°C, Clouds, humidity: 71%
2026-10-06 06:01:05,374 - root - INFO - [564/1205] Fetching weather for Heves...
2026-10-06 06:01:05,441 - root - INFO - Fetched weather for Heves: 11.3°C, Clouds, humidity: 73%
2026-10-06 06:01:06,543 - root - INFO - [565/1205] Fetching weather for Hevesvezekény...
2026-10-06 06:01:06,607 - root - INFO - Fetched weather for Hevesvezekény: 11.2°C, Clouds, humidity: 74%
2026-10-06 06:01:07,709 - root - INFO - [566/1205] Fetching weather for Tarnaszentmiklós...
2026-10-06 06:01:07,775 - root - INFO - Fetched weather for Tarnaszentmiklós: 11.1°C, Clouds, humidity: 73%
2026-10-06 06:01:08,877 - root - INFO - [567/1205] Fetching weather for Kisköre...
2026-10-06 06:01:08,941 - root - INFO - Fetched weather for Kisköre: 10.9°C, Clouds, humidity: 77%
2026-10-06 06:01:10,043 - root - INFO - [568/1205] Fetching weather for Abádszalók...
2026-10-06 06:01:10,116 - root - INFO - Fetched weather for Abádszalók: 10.8°C, Clouds, humidity: 79%
2026-10-06 06:01:11,217 - root - INFO - [569/1205] Fetching weather for Kunhegyes...
2026-10-06 06:01:11,279 - root - INFO - Fetched weather for Kunhegyes: 10.7°C, Clouds, humidity: 72%
2026-10-06 06:01:12,380 - root - INFO - [570/1205] Fetching weather for Kenderes...
2026-10-06 06:01:12,469 - root - INFO - Fetched weather for Kenderes: 10.5°C, Clouds, humidity: 69%
2026-10-06 06:01:13,570 - root - INFO - [571/1205] Fetching weather for Maklár...
2026-10-06 06:01:13,643 - root - INFO - Fetched weather for Maklár: 15.0°C, Clouds, humidity: 67%
2026-10-06 06:01:14,744 - root - INFO - [572/1205] Fetching weather for Andornaktálya...
2026-10-06 06:01:14,814 - root - INFO - Fetched weather for Andornaktálya: 14.9°C, Clouds, humidity: 65%
2026-10-06 06:01:15,916 - root - INFO - [573/1205] Fetching weather for Eger...
2026-10-06 06:01:15,987 - root - INFO - Fetched weather for Eger: 14.8°C, Clouds, humidity: 56%
2026-10-06 06:01:17,089 - root - INFO - [574/1205] Fetching weather for Egervár...
2026-10-06 06:01:17,154 - root - INFO - Fetched weather for Egervár: 14.7°C, Clouds, humidity: 56%
2026-10-06 06:01:18,256 - root - INFO - [575/1205] Fetching weather for Eger-Felnémet...
2026-10-06 06:01:18,325 - root - INFO - Fetched weather for Eger-Felnémet: 14.7°C, Clouds, humidity: 56%
2026-10-06 06:01:19,427 - root - INFO - [576/1205] Fetching weather for Szarvaskő...
2026-10-06 06:01:19,494 - root - INFO - Fetched weather for Szarvaskő: 14.3°C, Clouds, humidity: 56%
2026-10-06 06:01:20,596 - root - INFO - [577/1205] Fetching weather for Mónosbél...
2026-10-06 06:01:20,665 - root - INFO - Fetched weather for Mónosbél: 14.1°C, Clouds, humidity: 56%
2026-10-06 06:01:21,767 - root - INFO - [578/1205] Fetching weather for Bélapátfalva...
2026-10-06 06:01:21,842 - root - INFO - Fetched weather for Bélapátfalva: 13.8°C, Clouds, humidity: 56%
2026-10-06 06:01:22,943 - root - INFO - [579/1205] Fetching weather for Bélapátfalvi Cementgyár...
2026-10-06 06:01:23,007 - root - INFO - Fetched weather for Bélapátfalvi Cementgyár: 13.8°C, Clouds, humidity: 56%
2026-10-06 06:01:24,109 - root - INFO - [580/1205] Fetching weather for Szilvásvárad...
2026-10-06 06:01:24,176 - root - INFO - Fetched weather for Szilvásvárad: 13.7°C, Clouds, humidity: 56%
2026-10-06 06:01:25,277 - root - INFO - [581/1205] Fetching weather for Hejőkeresztúr...
2026-10-06 06:01:26,484 - root - INFO - Fetched weather for Hejőkeresztúr: 11.7°C, Clouds, humidity: 75%
2026-10-06 06:01:27,586 - root - INFO - [582/1205] Fetching weather for Tiszaújváros...
2026-10-06 06:01:27,654 - root - INFO - Fetched weather for Tiszaújváros: 11.4°C, Clouds, humidity: 78%
2026-10-06 06:01:28,755 - root - INFO - [583/1205] Fetching weather for Miskolc-Gömöri...
2026-10-06 06:01:30,831 - root - INFO - Fetched weather for Miskolc-Gömöri: 16.9°C, Clouds, humidity: 72%
2026-10-06 06:01:31,933 - root - INFO - [584/1205] Fetching weather for Sajókeresztúr...
2026-10-06 06:01:34,741 - root - INFO - Fetched weather for Sajókeresztúr: 16.8°C, Clouds, humidity: 72%
2026-10-06 06:01:35,843 - root - INFO - [585/1205] Fetching weather for Sajóecseg...
2026-10-06 06:01:35,911 - root - INFO - Fetched weather for Sajóecseg: 16.9°C, Clouds, humidity: 73%
2026-10-06 06:01:37,012 - root - INFO - [586/1205] Fetching weather for Sajószentpéter...
2026-10-06 06:01:37,099 - root - INFO - Fetched weather for Sajószentpéter: 16.8°C, Clouds, humidity: 72%
2026-10-06 06:01:38,201 - root - INFO - [587/1205] Fetching weather for Kazincbarcika...
2026-10-06 06:01:38,366 - root - INFO - Fetched weather for Kazincbarcika: 16.8°C, Clouds, humidity: 70%
2026-10-06 06:01:39,468 - root - INFO - [588/1205] Fetching weather for Sajókaza...
2026-10-06 06:01:39,536 - root - INFO - Fetched weather for Sajókaza: 16.8°C, Clouds, humidity: 70%
2026-10-06 06:01:40,638 - root - INFO - [589/1205] Fetching weather for Vadna...
2026-10-06 06:01:40,702 - root - INFO - Fetched weather for Vadna: 16.8°C, Clouds, humidity: 70%
2026-10-06 06:01:41,804 - root - INFO - [590/1205] Fetching weather for Dubicsány...
2026-10-06 06:01:41,868 - root - INFO - Fetched weather for Dubicsány: 16.8°C, Clouds, humidity: 72%
2026-10-06 06:01:42,969 - root - INFO - [591/1205] Fetching weather for Raposka...
2026-10-06 06:01:43,034 - root - INFO - Fetched weather for Raposka: 4.1°C, Clouds, humidity: 80%
2026-10-06 06:01:44,136 - root - INFO - [592/1205] Fetching weather for Ivacs...
2026-10-06 06:01:44,205 - root - INFO - Fetched weather for Ivacs: 3.9°C, Clouds, humidity: 70%
2026-10-06 06:01:45,307 - root - INFO - [593/1205] Fetching weather for Kisköre-Tiszahíd...
2026-10-06 06:01:45,377 - root - INFO - Fetched weather for Kisköre-Tiszahíd: 10.8°C, Clouds, humidity: 76%
2026-10-06 06:01:46,479 - root - INFO - [594/1205] Fetching weather for Rozsály...
2026-10-06 06:01:46,544 - root - INFO - Fetched weather for Rozsály: 7.0°C, Clouds, humidity: 77%
2026-10-06 06:01:47,646 - root - INFO - [595/1205] Fetching weather for Pusztakettős...
2026-10-06 06:01:47,709 - root - INFO - Fetched weather for Pusztakettős: 10.8°C, Clouds, humidity: 73%
2026-10-06 06:01:48,811 - root - INFO - [596/1205] Fetching weather for Kisvác...
2026-10-06 06:01:48,882 - root - INFO - Fetched weather for Kisvác: 10.4°C, Clouds, humidity: 72%
2026-10-06 06:01:49,984 - root - INFO - [597/1205] Fetching weather for Tiszafüred-Gyártelep...
2026-10-06 06:01:50,065 - root - INFO - Fetched weather for Tiszafüred-Gyártelep: 11.2°C, Clouds, humidity: 78%
2026-10-06 06:01:51,166 - root - INFO - [598/1205] Fetching weather for Újkenéz...
2026-10-06 06:01:51,230 - root - INFO - Fetched weather for Újkenéz: 10.5°C, Clouds, humidity: 80%
2026-10-06 06:01:52,332 - root - INFO - [599/1205] Fetching weather for Püspökladány-Vásártér...
2026-10-06 06:01:52,401 - root - INFO - Fetched weather for Püspökladány-Vásártér: 10.5°C, Clouds, humidity: 69%
2026-10-06 06:01:53,503 - root - INFO - [600/1205] Fetching weather for Végegyháza alsó...
2026-10-06 06:01:53,570 - root - INFO - Fetched weather for Végegyháza alsó: 12.8°C, Clear, humidity: 59%
2026-10-06 06:01:54,672 - root - INFO - [601/1205] Fetching weather for Orosháza felső...
2026-10-06 06:01:54,746 - root - INFO - Fetched weather for Orosháza felső: 10.8°C, Clear, humidity: 58%
2026-10-06 06:01:55,848 - root - INFO - [602/1205] Fetching weather for Ambrózfalva...
2026-10-06 06:01:55,919 - root - INFO - Fetched weather for Ambrózfalva: 11.0°C, Clear, humidity: 57%
2026-10-06 06:01:57,021 - root - INFO - [603/1205] Fetching weather for Alsónyék...
2026-10-06 06:01:57,096 - root - INFO - Fetched weather for Alsónyék: 15.3°C, Clear, humidity: 54%
2026-10-06 06:01:58,198 - root - INFO - [604/1205] Fetching weather for Tompapuszta...
2026-10-06 06:01:58,261 - root - INFO - Fetched weather for Tompapuszta: 12.8°C, Clear, humidity: 100%
2026-10-06 06:01:59,363 - root - INFO - [605/1205] Fetching weather for Halászlak...
2026-10-06 06:01:59,448 - root - INFO - Fetched weather for Halászlak: 10.6°C, Clouds, humidity: 60%
2026-10-06 06:02:00,549 - root - INFO - [606/1205] Fetching weather for Sirató...
2026-10-06 06:02:00,616 - root - INFO - Fetched weather for Sirató: 10.7°C, Clouds, humidity: 60%
2026-10-06 06:02:01,718 - root - INFO - [607/1205] Fetching weather for Csabacsűd felső...
2026-10-06 06:02:01,782 - root - INFO - Fetched weather for Csabacsűd felső: 10.7°C, Clouds, humidity: 60%
2026-10-06 06:02:02,884 - root - INFO - [608/1205] Fetching weather for Orosháza-Üveggyár...
2026-10-06 06:02:02,951 - root - INFO - Fetched weather for Orosháza-Üveggyár: 10.8°C, Clear, humidity: 57%
2026-10-06 06:02:04,053 - root - INFO - [609/1205] Fetching weather for Gyulai városerdő...
2026-10-06 06:02:04,130 - root - INFO - Fetched weather for Gyulai városerdő: 11.0°C, Clear, humidity: 69%
2026-10-06 06:02:05,231 - root - INFO - [610/1205] Fetching weather for Kórógyszentgyörgy...
2026-10-06 06:02:05,295 - root - INFO - Fetched weather for Kórógyszentgyörgy: 13.3°C, Clear, humidity: 37%
2026-10-06 06:02:06,397 - root - INFO - [611/1205] Fetching weather for Kunszállás...
2026-10-06 06:02:06,478 - root - INFO - Fetched weather for Kunszállás: 5.0°C, Clear, humidity: 65%
2026-10-06 06:02:07,580 - root - INFO - [612/1205] Fetching weather for Selymes...
2026-10-06 06:02:07,650 - root - INFO - Fetched weather for Selymes: 11.6°C, Clear, humidity: 63%
2026-10-06 06:02:08,751 - root - INFO - [613/1205] Fetching weather for Petőfiszállási tanyák...
2026-10-06 06:02:08,817 - root - INFO - Fetched weather for Petőfiszállási tanyák: 11.6°C, Clear, humidity: 61%
2026-10-06 06:02:09,918 - root - INFO - [614/1205] Fetching weather for Kisteleki szőlők...
2026-10-06 06:02:09,991 - root - INFO - Fetched weather for Kisteleki szőlők: 11.6°C, Clear, humidity: 59%
2026-10-06 06:02:11,093 - root - INFO - [615/1205] Fetching weather for Kapitányság...
2026-10-06 06:02:11,160 - root - INFO - Fetched weather for Kapitányság: 10.1°C, Clear, humidity: 57%
2026-10-06 06:02:12,262 - root - INFO - [616/1205] Fetching weather for Őszeszék...
2026-10-06 06:02:12,338 - root - INFO - Fetched weather for Őszeszék: 10.1°C, Clear, humidity: 56%
2026-10-06 06:02:13,439 - root - INFO - [617/1205] Fetching weather for Vilmaszállás...
2026-10-06 06:02:13,503 - root - INFO - Fetched weather for Vilmaszállás: 10.0°C, Clear, humidity: 56%
2026-10-06 06:02:14,604 - root - INFO - [618/1205] Fetching weather for Jánosszállás...
2026-10-06 06:02:14,703 - root - INFO - Fetched weather for Jánosszállás: 10.0°C, Clear, humidity: 55%
2026-10-06 06:02:15,804 - root - INFO - [619/1205] Fetching weather for Felsőpakony...
2026-10-06 06:02:15,872 - root - INFO - Fetched weather for Felsőpakony: 4.2°C, Clouds, humidity: 75%
2026-10-06 06:02:16,974 - root - INFO - [620/1205] Fetching weather for Felsőméntelek...
2026-10-06 06:02:17,041 - root - INFO - Fetched weather for Felsőméntelek: 4.9°C, Clouds, humidity: 65%
2026-10-06 06:02:18,143 - root - INFO - [621/1205] Fetching weather for Alsóméntelek...
2026-10-06 06:02:18,206 - root - INFO - Fetched weather for Alsóméntelek: 4.9°C, Clouds, humidity: 65%
2026-10-06 06:02:19,308 - root - INFO - [622/1205] Fetching weather for Nagynyír...
2026-10-06 06:02:19,376 - root - INFO - Fetched weather for Nagynyír: 4.9°C, Clouds, humidity: 65%
2026-10-06 06:02:20,478 - root - INFO - [623/1205] Fetching weather for Úrihegy...
2026-10-06 06:02:20,546 - root - INFO - Fetched weather for Úrihegy: 4.9°C, Clouds, humidity: 65%
2026-10-06 06:02:21,647 - root - INFO - [624/1205] Fetching weather for Miklóstelep...
2026-10-06 06:02:21,742 - root - INFO - Fetched weather for Miklóstelep: 4.9°C, Clouds, humidity: 65%
2026-10-06 06:02:22,844 - root - INFO - [625/1205] Fetching weather for Tiszajenő alsó...
2026-10-06 06:02:23,006 - root - INFO - Fetched weather for Tiszajenő alsó: 6.0°C, Clouds, humidity: 75%
2026-10-06 06:02:24,108 - root - INFO - [626/1205] Fetching weather for Óbög...
2026-10-06 06:02:24,192 - root - INFO - Fetched weather for Óbög: 6.0°C, Clouds, humidity: 75%
2026-10-06 06:02:25,294 - root - INFO - [627/1205] Fetching weather for Árpádszállás...
2026-10-06 06:02:25,356 - root - INFO - Fetched weather for Árpádszállás: 5.1°C, Clouds, humidity: 65%
2026-10-06 06:02:26,457 - root - INFO - [628/1205] Fetching weather for Tőserdő...
2026-10-06 06:02:26,549 - root - INFO - Fetched weather for Tőserdő: 11.6°C, Clouds, humidity: 42%
2026-10-06 06:02:27,651 - root - INFO - [629/1205] Fetching weather for Tiszaalpár felső...
2026-10-06 06:02:27,756 - root - INFO - Fetched weather for Tiszaalpár felső: 11.6°C, Clouds, humidity: 42%
2026-10-06 06:02:28,858 - root - INFO - [630/1205] Fetching weather for Borsihalom...
2026-10-06 06:02:28,923 - root - INFO - Fetched weather for Borsihalom: 11.6°C, Clouds, humidity: 42%
2026-10-06 06:02:30,024 - root - INFO - [631/1205] Fetching weather for Petőfiváros...
2026-10-06 06:02:30,099 - root - INFO - Fetched weather for Petőfiváros: 11.6°C, Clear, humidity: 64%
2026-10-06 06:02:31,200 - root - INFO - [632/1205] Fetching weather for Csorna...
2026-10-06 06:02:31,266 - root - INFO - Fetched weather for Csorna: 9.8°C, Clear, humidity: 85%
2026-10-06 06:02:32,367 - root - INFO - [633/1205] Fetching weather for Szorgalmatos...
2026-10-06 06:02:32,442 - root - INFO - Fetched weather for Szorgalmatos: 11.1°C, Clouds, humidity: 76%
2026-10-06 06:02:33,544 - root - INFO - [634/1205] Fetching weather for Fótfürdő...
2026-10-06 06:02:33,607 - root - INFO - Fetched weather for Fótfürdő: 15.2°C, Clouds, humidity: 73%
2026-10-06 06:02:34,709 - root - INFO - [635/1205] Fetching weather for Fenyveshegy...
2026-10-06 06:02:34,778 - root - INFO - Fetched weather for Fenyveshegy: 10.6°C, Clouds, humidity: 71%
2026-10-06 06:02:35,879 - root - INFO - [636/1205] Fetching weather for Hűvösvölgy...
2026-10-06 06:02:35,944 - root - INFO - Fetched weather for Hűvösvölgy: 14.7°C, Clouds, humidity: 62%
2026-10-06 06:02:37,046 - root - INFO - [637/1205] Fetching weather for Hárshegy...
2026-10-06 06:02:37,105 - root - INFO - Fetched weather for Hárshegy: 14.7°C, Clouds, humidity: 62%
2026-10-06 06:02:38,206 - root - INFO - [638/1205] Fetching weather for Szépjuhászné...
2026-10-06 06:02:38,278 - root - INFO - Fetched weather for Szépjuhászné: 13.8°C, Clouds, humidity: 62%
2026-10-06 06:02:39,379 - root - INFO - [639/1205] Fetching weather for Jánoshegy...
2026-10-06 06:02:39,442 - root - INFO - Fetched weather for Jánoshegy: 13.8°C, Clouds, humidity: 62%
2026-10-06 06:02:40,544 - root - INFO - [640/1205] Fetching weather for Virágvölgy...
2026-10-06 06:02:40,624 - root - INFO - Fetched weather for Virágvölgy: 13.4°C, Clouds, humidity: 62%
2026-10-06 06:02:41,726 - root - INFO - [641/1205] Fetching weather for Csillebérc...
2026-10-06 06:02:41,795 - root - INFO - Fetched weather for Csillebérc: 13.2°C, Clouds, humidity: 62%
2026-10-06 06:02:42,896 - root - INFO - [642/1205] Fetching weather for Normafa...
2026-10-06 06:02:42,966 - root - INFO - Fetched weather for Normafa: 13.2°C, Clouds, humidity: 62%
2026-10-06 06:02:44,068 - root - INFO - [643/1205] Fetching weather for Széchenyihegy...
2026-10-06 06:02:44,134 - root - INFO - Fetched weather for Széchenyihegy: 13.3°C, Clouds, humidity: 62%
2026-10-06 06:02:45,235 - root - INFO - [644/1205] Fetching weather for Balatonfőkajár felső...
2026-10-06 06:02:45,303 - root - INFO - Fetched weather for Balatonfőkajár felső: 9.6°C, Clouds, humidity: 82%
2026-10-06 06:02:46,404 - root - INFO - [645/1205] Fetching weather for Piroska...
2026-10-06 06:02:46,470 - root - INFO - Fetched weather for Piroska: 6.0°C, Clouds, humidity: 75%
2026-10-06 06:02:47,572 - root - INFO - [646/1205] Fetching weather for Somodor...
2026-10-06 06:02:47,643 - root - INFO - Fetched weather for Somodor: 9.1°C, Clear, humidity: 68%
2026-10-06 06:02:48,745 - root - INFO - [647/1205] Fetching weather for Középmező...
2026-10-06 06:02:48,810 - root - INFO - Fetched weather for Középmező: 15.2°C, Clear, humidity: 37%
2026-10-06 06:02:49,912 - root - INFO - [648/1205] Fetching weather for Jobbágyi...
2026-10-06 06:02:49,976 - root - INFO - Fetched weather for Jobbágyi: 11.4°C, Clouds, humidity: 59%
2026-10-06 06:02:51,078 - root - INFO - [649/1205] Fetching weather for Ferihegy...
2026-10-06 06:02:51,143 - root - INFO - Fetched weather for Ferihegy: 4.1°C, Clouds, humidity: 75%
2026-10-06 06:02:52,245 - root - INFO - [650/1205] Fetching weather for Máriapócs...
2026-10-06 06:02:52,306 - root - INFO - Fetched weather for Máriapócs: 10.2°C, Clouds, humidity: 74%
2026-10-06 06:02:53,408 - root - INFO - [651/1205] Fetching weather for Máriaudvar...
2026-10-06 06:02:53,479 - root - INFO - Fetched weather for Máriaudvar: 10.7°C, Clouds, humidity: 71%
2026-10-06 06:02:54,580 - root - INFO - [652/1205] Fetching weather for Nagyberki...
2026-10-06 06:02:54,642 - root - INFO - Fetched weather for Nagyberki: 9.5°C, Clear, humidity: 70%
2026-10-06 06:02:55,743 - root - INFO - [653/1205] Fetching weather for Badacsonytomaj...
2026-10-06 06:02:55,807 - root - INFO - Fetched weather for Badacsonytomaj: 8.9°C, Clouds, humidity: 88%
2026-10-06 06:02:56,909 - root - INFO - [654/1205] Fetching weather for Badacsony...
2026-10-06 06:02:56,971 - root - INFO - Fetched weather for Badacsony: 4.1°C, Clouds, humidity: 89%
2026-10-06 06:02:58,073 - root - INFO - [655/1205] Fetching weather for Badacsonylábdihegy...
2026-10-06 06:02:58,142 - root - INFO - Fetched weather for Badacsonylábdihegy: 4.1°C, Clouds, humidity: 89%
2026-10-06 06:02:59,244 - root - INFO - [656/1205] Fetching weather for Badacsonytördemic-Szigliget...
2026-10-06 06:02:59,311 - root - INFO - Fetched weather for Badacsonytördemic-Szigliget: 4.0°C, Clouds, humidity: 87%
2026-10-06 06:03:00,413 - root - INFO - [657/1205] Fetching weather for Nemesgulács-Kisapáti...
2026-10-06 06:03:00,484 - root - INFO - Fetched weather for Nemesgulács-Kisapáti: 4.1°C, Clouds, humidity: 85%
2026-10-06 06:03:01,585 - root - INFO - [658/1205] Fetching weather for Tapolca...
2026-10-06 06:03:01,648 - root - INFO - Fetched weather for Tapolca: 4.0°C, Clear, humidity: 79%
2026-10-06 06:03:02,750 - root - INFO - [659/1205] Fetching weather for Uzsabánya alsó...
2026-10-06 06:03:02,821 - root - INFO - Fetched weather for Uzsabánya alsó: 3.8°C, Clear, humidity: 78%
2026-10-06 06:03:03,923 - root - INFO - [660/1205] Fetching weather for Uzsa...
2026-10-06 06:03:03,986 - root - INFO - Fetched weather for Uzsa: 3.8°C, Clear, humidity: 78%
2026-10-06 06:03:05,087 - root - INFO - [661/1205] Fetching weather for Sümegi Bazaltbánya...
2026-10-06 06:03:05,162 - root - INFO - Fetched weather for Sümegi Bazaltbánya: 8.6°C, Clear, humidity: 80%
2026-10-06 06:03:06,264 - root - INFO - [662/1205] Fetching weather for Sümeg...
2026-10-06 06:03:06,327 - root - INFO - Fetched weather for Sümeg: 8.8°C, Clear, humidity: 83%
2026-10-06 06:03:07,429 - root - INFO - [663/1205] Fetching weather for Gógánfa...
2026-10-06 06:03:07,497 - root - INFO - Fetched weather for Gógánfa: 8.8°C, Clear, humidity: 86%
2026-10-06 06:03:08,599 - root - INFO - [664/1205] Fetching weather for Ukk...
2026-10-06 06:03:08,694 - root - INFO - Fetched weather for Ukk: 8.9°C, Clear, humidity: 88%
2026-10-06 06:03:09,795 - root - INFO - [665/1205] Fetching weather for Nemeskeresztúr...
2026-10-06 06:03:09,857 - root - INFO - Fetched weather for Nemeskeresztúr: 8.9°C, Clear, humidity: 88%
2026-10-06 06:03:10,958 - root - INFO - [666/1205] Fetching weather for Jánosháza...
2026-10-06 06:03:11,041 - root - INFO - Fetched weather for Jánosháza: 9.0°C, Clear, humidity: 88%
2026-10-06 06:03:12,143 - root - INFO - [667/1205] Fetching weather for Keszthely...
2026-10-06 06:03:12,216 - root - INFO - Fetched weather for Keszthely: 4.1°C, Clear, humidity: 93%
2026-10-06 06:03:13,317 - root - INFO - [668/1205] Fetching weather for Alsógyenes...
2026-10-06 06:03:13,385 - root - INFO - Fetched weather for Alsógyenes: 4.1°C, Clear, humidity: 93%
2026-10-06 06:03:14,487 - root - INFO - [669/1205] Fetching weather for Gyenesdiás...
2026-10-06 06:03:14,557 - root - INFO - Fetched weather for Gyenesdiás: 4.1°C, Clear, humidity: 93%
2026-10-06 06:03:15,659 - root - INFO - [670/1205] Fetching weather for Vonyarcvashegy...
2026-10-06 06:03:15,724 - root - INFO - Fetched weather for Vonyarcvashegy: 4.1°C, Clear, humidity: 93%
2026-10-06 06:03:16,826 - root - INFO - [671/1205] Fetching weather for Balatongyörök...
2026-10-06 06:03:16,893 - root - INFO - Fetched weather for Balatongyörök: 4.1°C, Clear, humidity: 93%
2026-10-06 06:03:17,995 - root - INFO - [672/1205] Fetching weather for Becehegy...
2026-10-06 06:03:18,061 - root - INFO - Fetched weather for Becehegy: 4.1°C, Clear, humidity: 93%
2026-10-06 06:03:19,162 - root - INFO - [673/1205] Fetching weather for Balatonederics...
2026-10-06 06:03:19,226 - root - INFO - Fetched weather for Balatonederics: 4.0°C, Clear, humidity: 80%
2026-10-06 06:03:20,327 - root - INFO - [674/1205] Fetching weather for Dabronc...
2026-10-06 06:03:20,391 - root - INFO - Fetched weather for Dabronc: 8.8°C, Clear, humidity: 87%
2026-10-06 06:03:21,493 - root - INFO - [675/1205] Fetching weather for Türje...
2026-10-06 06:03:21,559 - root - INFO - Fetched weather for Türje: 8.8°C, Clear, humidity: 88%
2026-10-06 06:03:22,661 - root - INFO - [676/1205] Fetching weather for Zalabér-Batyk...
2026-10-06 06:03:22,735 - root - INFO - Fetched weather for Zalabér-Batyk: 8.8°C, Clear, humidity: 88%
2026-10-06 06:03:23,836 - root - INFO - [677/1205] Fetching weather for Pakod...
2026-10-06 06:03:23,902 - root - INFO - Fetched weather for Pakod: 8.7°C, Clear, humidity: 88%
2026-10-06 06:03:25,004 - root - INFO - [678/1205] Fetching weather for Pókaszepetk...
2026-10-06 06:03:25,078 - root - INFO - Fetched weather for Pókaszepetk: 8.7°C, Clear, humidity: 88%
2026-10-06 06:03:26,180 - root - INFO - [679/1205] Fetching weather for Kemendollár...
2026-10-06 06:03:26,244 - root - INFO - Fetched weather for Kemendollár: 3.9°C, Clear, humidity: 88%
2026-10-06 06:03:27,346 - root - INFO - [680/1205] Fetching weather for Zalaegerszeg...
2026-10-06 06:03:27,414 - root - INFO - Fetched weather for Zalaegerszeg: 3.7°C, Clear, humidity: 86%
2026-10-06 06:03:28,516 - root - INFO - [681/1205] Fetching weather for Bocfölde...
2026-10-06 06:03:28,578 - root - INFO - Fetched weather for Bocfölde: 3.7°C, Clear, humidity: 86%
2026-10-06 06:03:29,680 - root - INFO - [682/1205] Fetching weather for Sárhida...
2026-10-06 06:03:29,746 - root - INFO - Fetched weather for Sárhida: 3.8°C, Clear, humidity: 86%
2026-10-06 06:03:30,848 - root - INFO - [683/1205] Fetching weather for Bak...
2026-10-06 06:03:30,914 - root - INFO - Fetched weather for Bak: 3.8°C, Clear, humidity: 86%
2026-10-06 06:03:32,016 - root - INFO - [684/1205] Fetching weather for Tófej...
2026-10-06 06:03:32,079 - root - INFO - Fetched weather for Tófej: 3.6°C, Clear, humidity: 87%
2026-10-06 06:03:33,180 - root - INFO - [685/1205] Fetching weather for Gutorfölde...
2026-10-06 06:03:33,245 - root - INFO - Fetched weather for Gutorfölde: 8.0°C, Clear, humidity: 90%
2026-10-06 06:03:34,346 - root - INFO - [686/1205] Fetching weather for Csömödér-Páka...
2026-10-06 06:03:34,425 - root - INFO - Fetched weather for Csömödér-Páka: 8.2°C, Clear, humidity: 93%
2026-10-06 06:03:35,527 - root - INFO - [687/1205] Fetching weather for Iklódbördőce...
2026-10-06 06:03:35,593 - root - INFO - Fetched weather for Iklódbördőce: 8.1°C, Clear, humidity: 93%
2026-10-06 06:03:36,694 - root - INFO - [688/1205] Fetching weather for Lenti...
2026-10-06 06:03:36,766 - root - INFO - Fetched weather for Lenti: 8.3°C, Clear, humidity: 92%
2026-10-06 06:03:37,868 - root - INFO - [689/1205] Fetching weather for Rédics...
2026-10-06 06:03:37,931 - root - INFO - Fetched weather for Rédics: 8.3°C, Clear, humidity: 92%
2026-10-06 06:03:39,032 - root - INFO - [690/1205] Fetching weather for Zalalövő...
2026-10-06 06:03:39,104 - root - INFO - Fetched weather for Zalalövő: 8.5°C, Clear, humidity: 81%
2026-10-06 06:03:40,206 - root - INFO - [691/1205] Fetching weather for Zalaegerszeg-Ola...
2026-10-06 06:03:40,276 - root - INFO - Fetched weather for Zalaegerszeg-Ola: 8.4°C, Clear, humidity: 86%
2026-10-06 06:03:41,378 - root - INFO - [692/1205] Fetching weather for Andráshida...
2026-10-06 06:03:41,443 - root - INFO - Fetched weather for Andráshida: 8.5°C, Clear, humidity: 86%
2026-10-06 06:03:42,544 - root - INFO - [693/1205] Fetching weather for Bagod...
2026-10-06 06:03:42,611 - root - INFO - Fetched weather for Bagod: 8.6°C, Clear, humidity: 85%
2026-10-06 06:03:43,713 - root - INFO - [694/1205] Fetching weather for Zalaszentgyörgy...
2026-10-06 06:03:43,776 - root - INFO - Fetched weather for Zalaszentgyörgy: 8.6°C, Clear, humidity: 85%
2026-10-06 06:03:44,877 - root - INFO - [695/1205] Fetching weather for Zalacséb-Salomvár...
2026-10-06 06:03:44,945 - root - INFO - Fetched weather for Zalacséb-Salomvár: 8.4°C, Clear, humidity: 84%
2026-10-06 06:03:46,046 - root - INFO - [696/1205] Fetching weather for Kópháza...
2026-10-06 06:03:46,112 - root - INFO - Fetched weather for Kópháza: 10.9°C, Clear, humidity: 82%
2026-10-06 06:03:47,214 - root - INFO - [697/1205] Fetching weather for Nagycenk...
2026-10-06 06:03:47,277 - root - INFO - Fetched weather for Nagycenk: 9.9°C, Clear, humidity: 82%
2026-10-06 06:03:48,379 - root - INFO - [698/1205] Fetching weather for Sopronkövesd...
2026-10-06 06:03:48,442 - root - INFO - Fetched weather for Sopronkövesd: 9.6°C, Clear, humidity: 83%
2026-10-06 06:03:49,544 - root - INFO - [699/1205] Fetching weather for Lövő...
2026-10-06 06:03:49,614 - root - INFO - Fetched weather for Lövő: 9.5°C, Clear, humidity: 84%
2026-10-06 06:03:50,716 - root - INFO - [700/1205] Fetching weather for Újkér...
2026-10-06 06:03:50,789 - root - INFO - Fetched weather for Újkér: 9.5°C, Clear, humidity: 83%
2026-10-06 06:03:51,891 - root - INFO - [701/1205] Fetching weather for Bük...
2026-10-06 06:03:51,969 - root - INFO - Fetched weather for Bük: 9.5°C, Clear, humidity: 80%
2026-10-06 06:03:53,070 - root - INFO - [702/1205] Fetching weather for Acsád...
2026-10-06 06:03:53,133 - root - INFO - Fetched weather for Acsád: 9.1°C, Clear, humidity: 78%
2026-10-06 06:03:54,235 - root - INFO - [703/1205] Fetching weather for Salköveskút-Vassurány...
2026-10-06 06:03:54,302 - root - INFO - Fetched weather for Salköveskút-Vassurány: 9.1°C, Clear, humidity: 77%
2026-10-06 06:03:55,403 - root - INFO - [704/1205] Fetching weather for Zalaszentiván...
2026-10-06 06:03:55,472 - root - INFO - Fetched weather for Zalaszentiván: 3.9°C, Clear, humidity: 87%
2026-10-06 06:03:56,574 - root - INFO - [705/1205] Fetching weather for Alsónemesapáti...
2026-10-06 06:03:56,644 - root - INFO - Fetched weather for Alsónemesapáti: 3.9°C, Clear, humidity: 88%
2026-10-06 06:03:57,746 - root - INFO - [706/1205] Fetching weather for Józsa...
2026-10-06 06:03:57,809 - root - INFO - Fetched weather for Józsa: 7.9°C, Clouds, humidity: 71%
2026-10-06 06:03:58,911 - root - INFO - [707/1205] Fetching weather for Hajdúszentgyörgy...
2026-10-06 06:03:58,986 - root - INFO - Fetched weather for Hajdúszentgyörgy: 7.8°C, Clouds, humidity: 71%
2026-10-06 06:04:00,088 - root - INFO - [708/1205] Fetching weather for Zelemér...
2026-10-06 06:04:00,155 - root - INFO - Fetched weather for Zelemér: 7.8°C, Clouds, humidity: 71%
2026-10-06 06:04:01,257 - root - INFO - [709/1205] Fetching weather for Hajdúböszörmény...
2026-10-06 06:04:01,327 - root - INFO - Fetched weather for Hajdúböszörmény: 7.8°C, Clouds, humidity: 73%
2026-10-06 06:04:02,429 - root - INFO - [710/1205] Fetching weather for Hajdúvid...
2026-10-06 06:04:02,492 - root - INFO - Fetched weather for Hajdúvid: 10.3°C, Clouds, humidity: 75%
2026-10-06 06:04:03,594 - root - INFO - [711/1205] Fetching weather for Hajdúdorog...
2026-10-06 06:04:03,657 - root - INFO - Fetched weather for Hajdúdorog: 10.5°C, Clouds, humidity: 75%
2026-10-06 06:04:04,758 - root - INFO - [712/1205] Fetching weather for Hajdúnánás...
2026-10-06 06:04:04,829 - root - INFO - Fetched weather for Hajdúnánás: 10.7°C, Clouds, humidity: 76%
2026-10-06 06:04:05,931 - root - INFO - [713/1205] Fetching weather for Hajdúnánás-Vásártér...
2026-10-06 06:04:05,993 - root - INFO - Fetched weather for Hajdúnánás-Vásártér: 10.7°C, Clouds, humidity: 76%
2026-10-06 06:04:07,095 - root - INFO - [714/1205] Fetching weather for Tedej...
2026-10-06 06:04:07,161 - root - INFO - Fetched weather for Tedej: 10.9°C, Clouds, humidity: 76%
2026-10-06 06:04:08,263 - root - INFO - [715/1205] Fetching weather for Tiszavasvári...
2026-10-06 06:04:08,325 - root - INFO - Fetched weather for Tiszavasvári: 11.0°C, Clouds, humidity: 76%
2026-10-06 06:04:09,427 - root - INFO - [716/1205] Fetching weather for Egyházerdő...
2026-10-06 06:04:09,490 - root - INFO - Fetched weather for Egyházerdő: 11.1°C, Clouds, humidity: 76%
2026-10-06 06:04:10,592 - root - INFO - [717/1205] Fetching weather for Tiszalök...
2026-10-06 06:04:10,656 - root - INFO - Fetched weather for Tiszalök: 11.1°C, Clouds, humidity: 76%
2026-10-06 06:04:11,757 - root - INFO - [718/1205] Fetching weather for Hajnalos...
2026-10-06 06:04:11,825 - root - INFO - Fetched weather for Hajnalos: 11.0°C, Clouds, humidity: 76%
2026-10-06 06:04:12,926 - root - INFO - [719/1205] Fetching weather for Kisfástanya...
2026-10-06 06:04:12,987 - root - INFO - Fetched weather for Kisfástanya: 11.0°C, Clouds, humidity: 76%
2026-10-06 06:04:14,089 - root - INFO - [720/1205] Fetching weather for Tiszaeszlár...
2026-10-06 06:04:14,153 - root - INFO - Fetched weather for Tiszaeszlár: 11.0°C, Clouds, humidity: 77%
2026-10-06 06:04:15,255 - root - INFO - [721/1205] Fetching weather for Bashalom...
2026-10-06 06:04:15,324 - root - INFO - Fetched weather for Bashalom: 11.0°C, Clouds, humidity: 77%
2026-10-06 06:04:16,426 - root - INFO - [722/1205] Fetching weather for Sáránd...
2026-10-06 06:04:16,493 - root - INFO - Fetched weather for Sáránd: 8.0°C, Clouds, humidity: 71%
2026-10-06 06:04:17,594 - root - INFO - [723/1205] Fetching weather for Derecske...
2026-10-06 06:04:17,658 - root - INFO - Fetched weather for Derecske: 8.1°C, Clouds, humidity: 71%
2026-10-06 06:04:18,759 - root - INFO - [724/1205] Fetching weather for Derecske-Vásártér...
2026-10-06 06:04:18,831 - root - INFO - Fetched weather for Derecske-Vásártér: 8.1°C, Clouds, humidity: 71%
2026-10-06 06:04:19,933 - root - INFO - [725/1205] Fetching weather for Konyár...
2026-10-06 06:04:19,999 - root - INFO - Fetched weather for Konyár: 8.1°C, Clouds, humidity: 71%
2026-10-06 06:04:21,100 - root - INFO - [726/1205] Fetching weather for Konyári Sóstófürdő...
2026-10-06 06:04:21,165 - root - INFO - Fetched weather for Konyári Sóstófürdő: 8.1°C, Clouds, humidity: 72%
2026-10-06 06:04:22,266 - root - INFO - [727/1205] Fetching weather for Pocsaj-Esztár...
2026-10-06 06:04:22,331 - root - INFO - Fetched weather for Pocsaj-Esztár: 8.1°C, Clouds, humidity: 68%
2026-10-06 06:04:23,433 - root - INFO - [728/1205] Fetching weather for Kismarja...
2026-10-06 06:04:23,502 - root - INFO - Fetched weather for Kismarja: 10.2°C, Clouds, humidity: 67%
2026-10-06 06:04:24,604 - root - INFO - [729/1205] Fetching weather for Nagykereki...
2026-10-06 06:04:24,667 - root - INFO - Fetched weather for Nagykereki: 10.2°C, Clouds, humidity: 66%
2026-10-06 06:04:25,769 - root - INFO - [730/1205] Fetching weather for Debrecen-Szabadságtelep...
2026-10-06 06:04:25,837 - root - INFO - Fetched weather for Debrecen-Szabadságtelep: 7.9°C, Clouds, humidity: 71%
2026-10-06 06:04:26,939 - root - INFO - [731/1205] Fetching weather for Kondoroskert...
2026-10-06 06:04:27,007 - root - INFO - Fetched weather for Kondoroskert: 7.9°C, Clouds, humidity: 71%
2026-10-06 06:04:28,109 - root - INFO - [732/1205] Fetching weather for Nagycsere...
2026-10-06 06:04:28,173 - root - INFO - Fetched weather for Nagycsere: 7.9°C, Clouds, humidity: 71%
2026-10-06 06:04:29,274 - root - INFO - [733/1205] Fetching weather for Haláp...
2026-10-06 06:04:29,338 - root - INFO - Fetched weather for Haláp: 7.9°C, Clouds, humidity: 71%
2026-10-06 06:04:30,440 - root - INFO - [734/1205] Fetching weather for Vámospércs...
2026-10-06 06:04:30,508 - root - INFO - Fetched weather for Vámospércs: 7.8°C, Clouds, humidity: 73%
2026-10-06 06:04:31,609 - root - INFO - [735/1205] Fetching weather for Szentannapuszta...
2026-10-06 06:04:31,678 - root - INFO - Fetched weather for Szentannapuszta: 7.8°C, Clouds, humidity: 73%
2026-10-06 06:04:32,779 - root - INFO - [736/1205] Fetching weather for Nyírábrány...
2026-10-06 06:04:32,849 - root - INFO - Fetched weather for Nyírábrány: 9.8°C, Clouds, humidity: 73%
2026-10-06 06:04:33,951 - root - INFO - [737/1205] Fetching weather for Dombostanya...
2026-10-06 06:04:34,014 - root - INFO - Fetched weather for Dombostanya: 7.8°C, Clouds, humidity: 71%
2026-10-06 06:04:35,116 - root - INFO - [738/1205] Fetching weather for Hajdúsámson...
2026-10-06 06:04:35,184 - root - INFO - Fetched weather for Hajdúsámson: 7.8°C, Clouds, humidity: 71%
2026-10-06 06:04:36,286 - root - INFO - [739/1205] Fetching weather for Tamásipuszta...
2026-10-06 06:04:36,352 - root - INFO - Fetched weather for Tamásipuszta: 7.8°C, Clouds, humidity: 72%
2026-10-06 06:04:37,454 - root - INFO - [740/1205] Fetching weather for Aradványpuszta...
2026-10-06 06:04:37,518 - root - INFO - Fetched weather for Aradványpuszta: 7.7°C, Clouds, humidity: 72%
2026-10-06 06:04:38,620 - root - INFO - [741/1205] Fetching weather for Nyíradony...
2026-10-06 06:04:38,686 - root - INFO - Fetched weather for Nyíradony: 10.0°C, Clouds, humidity: 73%
2026-10-06 06:04:39,787 - root - INFO - [742/1205] Fetching weather for Nyírmihálydi...
2026-10-06 06:04:39,853 - root - INFO - Fetched weather for Nyírmihálydi: 10.1°C, Clouds, humidity: 73%
2026-10-06 06:04:40,955 - root - INFO - [743/1205] Fetching weather for Nyírgelse...
2026-10-06 06:04:41,018 - root - INFO - Fetched weather for Nyírgelse: 10.0°C, Clouds, humidity: 73%
2026-10-06 06:04:42,119 - root - INFO - [744/1205] Fetching weather for Nyírbogát...
2026-10-06 06:04:42,184 - root - INFO - Fetched weather for Nyírbogát: 10.2°C, Clouds, humidity: 75%
2026-10-06 06:04:43,285 - root - INFO - [745/1205] Fetching weather for Nagykálló...
2026-10-06 06:04:43,346 - root - INFO - Fetched weather for Nagykálló: 10.4°C, Clouds, humidity: 75%
2026-10-06 06:04:44,447 - root - INFO - [746/1205] Fetching weather for Kállósemjén...
2026-10-06 06:04:44,515 - root - INFO - Fetched weather for Kállósemjén: 10.3°C, Clouds, humidity: 74%
2026-10-06 06:04:45,616 - root - INFO - [747/1205] Fetching weather for Nyírbátor...
2026-10-06 06:04:45,680 - root - INFO - Fetched weather for Nyírbátor: 10.1°C, Clouds, humidity: 75%
2026-10-06 06:04:46,782 - root - INFO - [748/1205] Fetching weather for Nyírcsászári...
2026-10-06 06:04:46,845 - root - INFO - Fetched weather for Nyírcsászári: 10.2°C, Clouds, humidity: 76%
2026-10-06 06:04:47,946 - root - INFO - [749/1205] Fetching weather for Hodász...
2026-10-06 06:04:48,014 - root - INFO - Fetched weather for Hodász: 10.2°C, Clouds, humidity: 76%
2026-10-06 06:04:49,116 - root - INFO - [750/1205] Fetching weather for Nyírmeggyes...
2026-10-06 06:04:49,187 - root - INFO - Fetched weather for Nyírmeggyes: 10.3°C, Clouds, humidity: 77%
2026-10-06 06:04:50,288 - root - INFO - [751/1205] Fetching weather for Mátészalka...
2026-10-06 06:04:50,353 - root - INFO - Fetched weather for Mátészalka: 10.3°C, Clouds, humidity: 77%
2026-10-06 06:04:51,454 - root - INFO - [752/1205] Fetching weather for Kocsord...
2026-10-06 06:04:51,519 - root - INFO - Fetched weather for Kocsord: 10.4°C, Clouds, humidity: 78%
2026-10-06 06:04:52,621 - root - INFO - [753/1205] Fetching weather for Kocsord alsó...
2026-10-06 06:04:52,689 - root - INFO - Fetched weather for Kocsord alsó: 10.4°C, Clouds, humidity: 78%
2026-10-06 06:04:53,791 - root - INFO - [754/1205] Fetching weather for Győrtelek...
2026-10-06 06:04:53,857 - root - INFO - Fetched weather for Győrtelek: 10.4°C, Clouds, humidity: 79%
2026-10-06 06:04:54,959 - root - INFO - [755/1205] Fetching weather for Győrtelek alsó...
2026-10-06 06:04:55,027 - root - INFO - Fetched weather for Győrtelek alsó: 10.4°C, Clouds, humidity: 79%
2026-10-06 06:04:56,129 - root - INFO - [756/1205] Fetching weather for Ököritófülpös...
2026-10-06 06:04:56,204 - root - INFO - Fetched weather for Ököritófülpös: 10.3°C, Clouds, humidity: 79%
2026-10-06 06:04:57,306 - root - INFO - [757/1205] Fetching weather for Porcsalma-Tyukod...
2026-10-06 06:04:57,372 - root - INFO - Fetched weather for Porcsalma-Tyukod: 7.0°C, Clouds, humidity: 79%
2026-10-06 06:04:58,474 - root - INFO - [758/1205] Fetching weather for Csenger...
2026-10-06 06:04:58,547 - root - INFO - Fetched weather for Csenger: 7.0°C, Clouds, humidity: 79%
2026-10-06 06:04:59,649 - root - INFO - [759/1205] Fetching weather for Kisfái...
2026-10-06 06:04:59,714 - root - INFO - Fetched weather for Kisfái: 6.0°C, Clouds, humidity: 65%
2026-10-06 06:05:00,815 - root - INFO - [760/1205] Fetching weather for Nyárlőrinci szőlők...
2026-10-06 06:05:00,884 - root - INFO - Fetched weather for Nyárlőrinci szőlők: 6.0°C, Clouds, humidity: 65%
2026-10-06 06:05:01,985 - root - INFO - [761/1205] Fetching weather for Nyárlőrinc alsó...
2026-10-06 06:05:02,071 - root - INFO - Fetched weather for Nyárlőrinc alsó: 6.0°C, Clouds, humidity: 65%
2026-10-06 06:05:03,172 - root - INFO - [762/1205] Fetching weather for Tiszaug-Tiszahídfő...
2026-10-06 06:05:03,236 - root - INFO - Fetched weather for Tiszaug-Tiszahídfő: 12.2°C, Clouds, humidity: 41%
2026-10-06 06:05:04,338 - root - INFO - [763/1205] Fetching weather for Csongrádi úti tanyák...
2026-10-06 06:05:04,416 - root - INFO - Fetched weather for Csongrádi úti tanyák: 12.2°C, Clear, humidity: 41%
2026-10-06 06:05:05,517 - root - INFO - [764/1205] Fetching weather for Kettőshalom...
2026-10-06 06:05:05,580 - root - INFO - Fetched weather for Kettőshalom: 12.2°C, Clear, humidity: 41%
2026-10-06 06:05:06,681 - root - INFO - [765/1205] Fetching weather for Csongrád alsó...
2026-10-06 06:05:06,747 - root - INFO - Fetched weather for Csongrád alsó: 12.2°C, Clear, humidity: 41%
2026-10-06 06:05:07,849 - root - INFO - [766/1205] Fetching weather for Dónát...
2026-10-06 06:05:07,912 - root - INFO - Fetched weather for Dónát: 13.3°C, Clear, humidity: 37%
2026-10-06 06:05:09,014 - root - INFO - [767/1205] Fetching weather for Pusztatemplom...
2026-10-06 06:05:09,081 - root - INFO - Fetched weather for Pusztatemplom: 13.3°C, Clear, humidity: 37%
2026-10-06 06:05:10,183 - root - INFO - [768/1205] Fetching weather for Előhát...
2026-10-06 06:05:10,256 - root - INFO - Fetched weather for Előhát: 10.6°C, Clouds, humidity: 67%
2026-10-06 06:05:11,357 - root - INFO - [769/1205] Fetching weather for Polgárdi-Tekerespuszta...
2026-10-06 06:05:11,420 - root - INFO - Fetched weather for Polgárdi-Tekerespuszta: 9.3°C, Clear, humidity: 79%
2026-10-06 06:05:12,521 - root - INFO - [770/1205] Fetching weather for Szatina-Kishajmás...
2026-10-06 06:05:12,586 - root - INFO - Fetched weather for Szatina-Kishajmás: 12.2°C, Clear, humidity: 61%
2026-10-06 06:05:13,688 - root - INFO - [771/1205] Fetching weather for Márok...
2026-10-06 06:05:13,753 - root - INFO - Fetched weather for Márok: 15.0°C, Clear, humidity: 37%
2026-10-06 06:05:14,854 - root - INFO - [772/1205] Fetching weather for Nagynyárád...
2026-10-06 06:05:14,918 - root - INFO - Fetched weather for Nagynyárád: 15.1°C, Clear, humidity: 37%
2026-10-06 06:05:16,019 - root - INFO - [773/1205] Fetching weather for Szászvár...
2026-10-06 06:05:16,089 - root - INFO - Fetched weather for Szászvár: 14.7°C, Clear, humidity: 58%
2026-10-06 06:05:17,190 - root - INFO - [774/1205] Fetching weather for Cikó...
2026-10-06 06:05:17,258 - root - INFO - Fetched weather for Cikó: 15.0°C, Clear, humidity: 57%
2026-10-06 06:05:18,359 - root - INFO - [775/1205] Fetching weather for Gyöngyfa-Magyarmecske...
2026-10-06 06:05:18,423 - root - INFO - Fetched weather for Gyöngyfa-Magyarmecske: 12.6°C, Clear, humidity: 69%
2026-10-06 06:05:19,525 - root - INFO - [776/1205] Fetching weather for Nagyhát...
2026-10-06 06:05:19,591 - root - INFO - Fetched weather for Nagyhát: 7.9°C, Clouds, humidity: 71%
2026-10-06 06:05:20,692 - root - INFO - [777/1205] Fetching weather for Balmazújváros...
2026-10-06 06:05:20,759 - root - INFO - Fetched weather for Balmazújváros: 8.1°C, Clouds, humidity: 73%
2026-10-06 06:05:21,860 - root - INFO - [778/1205] Fetching weather for Kónya...
2026-10-06 06:05:21,924 - root - INFO - Fetched weather for Kónya: 10.5°C, Clouds, humidity: 73%
2026-10-06 06:05:23,025 - root - INFO - [779/1205] Fetching weather for Hortobágy...
2026-10-06 06:05:23,094 - root - INFO - Fetched weather for Hortobágy: 10.7°C, Clouds, humidity: 74%
2026-10-06 06:05:24,195 - root - INFO - [780/1205] Fetching weather for Hortobágyi Halastó...
2026-10-06 06:05:24,292 - root - INFO - Fetched weather for Hortobágyi Halastó: 10.7°C, Clouds, humidity: 73%
2026-10-06 06:05:25,394 - root - INFO - [781/1205] Fetching weather for Ohat-Pusztakócs...
2026-10-06 06:05:25,473 - root - INFO - Fetched weather for Ohat-Pusztakócs: 10.9°C, Clouds, humidity: 71%
2026-10-06 06:05:26,575 - root - INFO - [782/1205] Fetching weather for Egyek...
2026-10-06 06:05:26,653 - root - INFO - Fetched weather for Egyek: 11.0°C, Clouds, humidity: 70%
2026-10-06 06:05:27,755 - root - INFO - [783/1205] Fetching weather for Tiszafüred...
2026-10-06 06:05:27,827 - root - INFO - Fetched weather for Tiszafüred: 11.0°C, Clouds, humidity: 70%
2026-10-06 06:05:28,929 - root - INFO - [784/1205] Fetching weather for Poroszló...
2026-10-06 06:05:28,997 - root - INFO - Fetched weather for Poroszló: 11.1°C, Clouds, humidity: 69%
2026-10-06 06:05:30,099 - root - INFO - [785/1205] Fetching weather for Kétútköz...
2026-10-06 06:05:30,169 - root - INFO - Fetched weather for Kétútköz: 11.2°C, Clouds, humidity: 68%
2026-10-06 06:05:31,270 - root - INFO - [786/1205] Fetching weather for Egerfarmos...
2026-10-06 06:05:31,366 - root - INFO - Fetched weather for Egerfarmos: 11.2°C, Clouds, humidity: 67%
2026-10-06 06:05:32,467 - root - INFO - [787/1205] Fetching weather for Piliscsaba...
2026-10-06 06:05:32,542 - root - INFO - Fetched weather for Piliscsaba: 15.4°C, Clouds, humidity: 62%
2026-10-06 06:05:33,643 - root - INFO - [788/1205] Fetching weather for Pilisjászfalu...
2026-10-06 06:05:33,724 - root - INFO - Fetched weather for Pilisjászfalu: 15.6°C, Clouds, humidity: 76%
2026-10-06 06:05:34,825 - root - INFO - [789/1205] Fetching weather for Leányvár...
2026-10-06 06:05:34,891 - root - INFO - Fetched weather for Leányvár: 15.8°C, Clouds, humidity: 76%
2026-10-06 06:05:35,992 - root - INFO - [790/1205] Fetching weather for Dorog...
2026-10-06 06:05:36,054 - root - INFO - Fetched weather for Dorog: 9.8°C, Clouds, humidity: 79%
2026-10-06 06:05:37,156 - root - INFO - [791/1205] Fetching weather for Esztergom-Kertváros...
2026-10-06 06:05:37,226 - root - INFO - Fetched weather for Esztergom-Kertváros: 9.8°C, Clouds, humidity: 80%
2026-10-06 06:05:38,327 - root - INFO - [792/1205] Fetching weather for Esztergom...
2026-10-06 06:05:38,398 - root - INFO - Fetched weather for Esztergom: 9.5°C, Clouds, humidity: 80%
2026-10-06 06:05:39,500 - root - INFO - [793/1205] Fetching weather for Dunaalmás...
2026-10-06 06:05:39,564 - root - INFO - Fetched weather for Dunaalmás: 9.8°C, Clouds, humidity: 76%
2026-10-06 06:05:40,665 - root - INFO - [794/1205] Fetching weather for Neszmély...
2026-10-06 06:05:40,736 - root - INFO - Fetched weather for Neszmély: 9.8°C, Clouds, humidity: 76%
2026-10-06 06:05:41,837 - root - INFO - [795/1205] Fetching weather for Süttő...
2026-10-06 06:05:41,903 - root - INFO - Fetched weather for Süttő: 9.8°C, Clouds, humidity: 77%
2026-10-06 06:05:43,005 - root - INFO - [796/1205] Fetching weather for Piszke...
2026-10-06 06:05:43,068 - root - INFO - Fetched weather for Piszke: 9.9°C, Clouds, humidity: 77%
2026-10-06 06:05:44,169 - root - INFO - [797/1205] Fetching weather for Lábatlan...
2026-10-06 06:05:44,231 - root - INFO - Fetched weather for Lábatlan: 9.8°C, Clouds, humidity: 77%
2026-10-06 06:05:45,333 - root - INFO - [798/1205] Fetching weather for Eternitgyár...
2026-10-06 06:05:45,407 - root - INFO - Fetched weather for Eternitgyár: 9.8°C, Clouds, humidity: 77%
2026-10-06 06:05:46,509 - root - INFO - [799/1205] Fetching weather for Nyergesújfalu felső...
2026-10-06 06:05:46,572 - root - INFO - Fetched weather for Nyergesújfalu felső: 9.8°C, Clouds, humidity: 77%
2026-10-06 06:05:47,673 - root - INFO - [800/1205] Fetching weather for Nyergesújfalu...
2026-10-06 06:05:47,735 - root - INFO - Fetched weather for Nyergesújfalu: 9.8°C, Clouds, humidity: 78%
2026-10-06 06:05:48,837 - root - INFO - [801/1205] Fetching weather for Tokod...
2026-10-06 06:05:48,901 - root - INFO - Fetched weather for Tokod: 9.8°C, Clouds, humidity: 79%
2026-10-06 06:05:50,003 - root - INFO - [802/1205] Fetching weather for Környe...
2026-10-06 06:05:50,064 - root - INFO - Fetched weather for Környe: 9.4°C, Clouds, humidity: 75%
2026-10-06 06:05:51,165 - root - INFO - [803/1205] Fetching weather for Kecskéd alsó...
2026-10-06 06:05:51,231 - root - INFO - Fetched weather for Kecskéd alsó: 9.4°C, Clouds, humidity: 76%
2026-10-06 06:05:52,333 - root - INFO - [804/1205] Fetching weather for Oroszlány...
2026-10-06 06:05:52,402 - root - INFO - Fetched weather for Oroszlány: 9.3°C, Clouds, humidity: 76%
2026-10-06 06:05:53,503 - root - INFO - [805/1205] Fetching weather for Győrszabadhegy...
2026-10-06 06:05:53,566 - root - INFO - Fetched weather for Győrszabadhegy: 5.1°C, Clear, humidity: 81%
2026-10-06 06:05:54,668 - root - INFO - [806/1205] Fetching weather for Ménfőcsanak felső...
2026-10-06 06:05:54,731 - root - INFO - Fetched weather for Ménfőcsanak felső: 5.1°C, Clear, humidity: 81%
2026-10-06 06:05:55,832 - root - INFO - [807/1205] Fetching weather for Gyömöre-Tét...
2026-10-06 06:05:55,896 - root - INFO - Fetched weather for Gyömöre-Tét: 5.0°C, Clear, humidity: 87%
2026-10-06 06:05:56,998 - root - INFO - [808/1205] Fetching weather for Szerecseny...
2026-10-06 06:05:57,072 - root - INFO - Fetched weather for Szerecseny: 5.0°C, Clear, humidity: 87%
2026-10-06 06:05:58,174 - root - INFO - [809/1205] Fetching weather for Gecse-Gyarmat...
2026-10-06 06:05:58,239 - root - INFO - Fetched weather for Gecse-Gyarmat: 5.0°C, Clear, humidity: 87%
2026-10-06 06:05:59,341 - root - INFO - [810/1205] Fetching weather for Vaszar...
2026-10-06 06:05:59,404 - root - INFO - Fetched weather for Vaszar: 5.1°C, Clear, humidity: 87%
2026-10-06 06:06:00,506 - root - INFO - [811/1205] Fetching weather for Pápa...
2026-10-06 06:06:00,568 - root - INFO - Fetched weather for Pápa: 5.0°C, Clear, humidity: 87%
2026-10-06 06:06:01,670 - root - INFO - [812/1205] Fetching weather for Mezőlak...
2026-10-06 06:06:01,742 - root - INFO - Fetched weather for Mezőlak: 5.1°C, Clear, humidity: 87%
2026-10-06 06:06:02,844 - root - INFO - [813/1205] Fetching weather for Mihályháza...
2026-10-06 06:06:02,911 - root - INFO - Fetched weather for Mihályháza: 5.1°C, Clear, humidity: 87%
2026-10-06 06:06:04,013 - root - INFO - [814/1205] Fetching weather for Vinár...
2026-10-06 06:06:04,076 - root - INFO - Fetched weather for Vinár: 5.1°C, Clear, humidity: 87%
2026-10-06 06:06:05,177 - root - INFO - [815/1205] Fetching weather for Külsővat...
2026-10-06 06:06:05,239 - root - INFO - Fetched weather for Külsővat: 5.1°C, Clear, humidity: 87%
2026-10-06 06:06:06,341 - root - INFO - [816/1205] Fetching weather for Celldömölk...
2026-10-06 06:06:06,403 - root - INFO - Fetched weather for Celldömölk: 5.1°C, Clear, humidity: 87%
2026-10-06 06:06:07,505 - root - INFO - [817/1205] Fetching weather for Kemenesmihályfa...
2026-10-06 06:06:07,569 - root - INFO - Fetched weather for Kemenesmihályfa: 8.8°C, Clear, humidity: 87%
2026-10-06 06:06:08,671 - root - INFO - [818/1205] Fetching weather for Nagysimonyi...
2026-10-06 06:06:08,735 - root - INFO - Fetched weather for Nagysimonyi: 8.9°C, Clear, humidity: 87%
2026-10-06 06:06:09,836 - root - INFO - [819/1205] Fetching weather for Ostffyasszonyfa...
2026-10-06 06:06:09,903 - root - INFO - Fetched weather for Ostffyasszonyfa: 9.0°C, Clear, humidity: 87%
2026-10-06 06:06:11,005 - root - INFO - [820/1205] Fetching weather for Sárvár...
2026-10-06 06:06:11,069 - root - INFO - Fetched weather for Sárvár: 9.0°C, Clear, humidity: 87%
2026-10-06 06:06:12,170 - root - INFO - [821/1205] Fetching weather for Porpác...
2026-10-06 06:06:12,241 - root - INFO - Fetched weather for Porpác: 8.9°C, Clear, humidity: 87%
2026-10-06 06:06:13,343 - root - INFO - [822/1205] Fetching weather for Balatonföldvár...
2026-10-06 06:06:13,402 - root - INFO - Fetched weather for Balatonföldvár: 9.3°C, Clear, humidity: 79%
2026-10-06 06:06:14,504 - root - INFO - [823/1205] Fetching weather for Balatonszárszó...
2026-10-06 06:06:14,567 - root - INFO - Fetched weather for Balatonszárszó: 9.2°C, Clear, humidity: 81%
2026-10-06 06:06:15,669 - root - INFO - [824/1205] Fetching weather for Balatonszemes...
2026-10-06 06:06:15,733 - root - INFO - Fetched weather for Balatonszemes: 9.1°C, Clear, humidity: 83%
2026-10-06 06:06:16,834 - root - INFO - [825/1205] Fetching weather for Balatonlelle felső...
2026-10-06 06:06:16,898 - root - INFO - Fetched weather for Balatonlelle felső: 9.0°C, Clear, humidity: 83%
2026-10-06 06:06:18,000 - root - INFO - [826/1205] Fetching weather for Balatonlelle...
2026-10-06 06:06:18,063 - root - INFO - Fetched weather for Balatonlelle: 9.0°C, Clear, humidity: 84%
2026-10-06 06:06:19,165 - root - INFO - [827/1205] Fetching weather for Fonyódliget...
2026-10-06 06:06:19,230 - root - INFO - Fetched weather for Fonyódliget: 8.9°C, Clouds, humidity: 85%
2026-10-06 06:06:20,331 - root - INFO - [828/1205] Fetching weather for Balatonboglár...
2026-10-06 06:06:20,393 - root - INFO - Fetched weather for Balatonboglár: 9.0°C, Clear, humidity: 85%
2026-10-06 06:06:21,495 - root - INFO - [829/1205] Fetching weather for Balatonfenyves alsó...
2026-10-06 06:06:21,558 - root - INFO - Fetched weather for Balatonfenyves alsó: 4.1°C, Clouds, humidity: 89%
2026-10-06 06:06:22,660 - root - INFO - [830/1205] Fetching weather for Fonyód...
2026-10-06 06:06:22,733 - root - INFO - Fetched weather for Fonyód: 8.9°C, Clouds, humidity: 87%
2026-10-06 06:06:23,835 - root - INFO - [831/1205] Fetching weather for Bélatelep...
2026-10-06 06:06:23,916 - root - INFO - Fetched weather for Bélatelep: 4.1°C, Clouds, humidity: 87%
2026-10-06 06:06:25,018 - root - INFO - [832/1205] Fetching weather for Alsóbélatelep...
2026-10-06 06:06:25,115 - root - INFO - Fetched weather for Alsóbélatelep: 4.1°C, Clouds, humidity: 87%
2026-10-06 06:06:26,217 - root - INFO - [833/1205] Fetching weather for Balatonfenyves...
2026-10-06 06:06:26,306 - root - INFO - Fetched weather for Balatonfenyves: 4.1°C, Clouds, humidity: 89%
2026-10-06 06:06:27,407 - root - INFO - [834/1205] Fetching weather for Máriahullámtelep...
2026-10-06 06:06:27,483 - root - INFO - Fetched weather for Máriahullámtelep: 4.1°C, Clouds, humidity: 89%
2026-10-06 06:06:28,585 - root - INFO - [835/1205] Fetching weather for Balatonmáriafürdő...
2026-10-06 06:06:28,672 - root - INFO - Fetched weather for Balatonmáriafürdő: 4.1°C, Clear, humidity: 93%
2026-10-06 06:06:29,774 - root - INFO - [836/1205] Fetching weather for Balatonberény...
2026-10-06 06:06:29,854 - root - INFO - Fetched weather for Balatonberény: 4.0°C, Clear, humidity: 93%
2026-10-06 06:06:30,955 - root - INFO - [837/1205] Fetching weather for Balatonszentgyörgy...
2026-10-06 06:06:31,022 - root - INFO - Fetched weather for Balatonszentgyörgy: 4.1°C, Clear, humidity: 93%
2026-10-06 06:06:32,124 - root - INFO - [838/1205] Fetching weather for Vörs...
2026-10-06 06:06:32,197 - root - INFO - Fetched weather for Vörs: 4.1°C, Clouds, humidity: 93%
2026-10-06 06:06:33,298 - root - INFO - [839/1205] Fetching weather for Zalaszentjakab...
2026-10-06 06:06:33,362 - root - INFO - Fetched weather for Zalaszentjakab: 3.9°C, Clear, humidity: 86%
2026-10-06 06:06:34,463 - root - INFO - [840/1205] Fetching weather for Nagykanizsa...
2026-10-06 06:06:34,529 - root - INFO - Fetched weather for Nagykanizsa: 8.3°C, Clear, humidity: 86%
2026-10-06 06:06:35,631 - root - INFO - [841/1205] Fetching weather for Murakeresztúr...
2026-10-06 06:06:35,701 - root - INFO - Fetched weather for Murakeresztúr: 8.3°C, Clouds, humidity: 89%
2026-10-06 06:06:36,802 - root - INFO - [842/1205] Fetching weather for Zalakomár...
2026-10-06 06:06:36,866 - root - INFO - Fetched weather for Zalakomár: 3.9°C, Clear, humidity: 93%
2026-10-06 06:06:37,967 - root - INFO - [843/1205] Fetching weather for Szárazrét...
2026-10-06 06:06:38,034 - root - INFO - Fetched weather for Szárazrét: 9.6°C, Clear, humidity: 76%
2026-10-06 06:06:39,136 - root - INFO - [844/1205] Fetching weather for Bodajk...
2026-10-06 06:06:39,203 - root - INFO - Fetched weather for Bodajk: 9.4°C, Clear, humidity: 75%
2026-10-06 06:06:40,305 - root - INFO - [845/1205] Fetching weather for Csókakő...
2026-10-06 06:06:40,382 - root - INFO - Fetched weather for Csókakő: 9.1°C, Clear, humidity: 75%
2026-10-06 06:06:41,483 - root - INFO - [846/1205] Fetching weather for Mór...
2026-10-06 06:06:41,547 - root - INFO - Fetched weather for Mór: 9.2°C, Clear, humidity: 75%
2026-10-06 06:06:42,648 - root - INFO - [847/1205] Fetching weather for Bakonysárkány...
2026-10-06 06:06:42,718 - root - INFO - Fetched weather for Bakonysárkány: 4.3°C, Clear, humidity: 77%
2026-10-06 06:06:43,819 - root - INFO - [848/1205] Fetching weather for Kisbér...
2026-10-06 06:06:43,890 - root - INFO - Fetched weather for Kisbér: 4.6°C, Clear, humidity: 79%
2026-10-06 06:06:44,992 - root - INFO - [849/1205] Fetching weather for Nagyigmánd-Bábolna...
2026-10-06 06:06:45,056 - root - INFO - Fetched weather for Nagyigmánd-Bábolna: 5.0°C, Clear, humidity: 81%
2026-10-06 06:06:46,158 - root - INFO - [850/1205] Fetching weather for Budapest-Déli...
2026-10-06 06:06:46,220 - root - INFO - Fetched weather for Budapest-Déli: 16.0°C, Clouds, humidity: 62%
2026-10-06 06:06:47,322 - root - INFO - [851/1205] Fetching weather for Budapest-Kelenföld...
2026-10-06 06:06:47,399 - root - INFO - Fetched weather for Budapest-Kelenföld: 16.1°C, Clouds, humidity: 62%
2026-10-06 06:06:48,501 - root - INFO - [852/1205] Fetching weather for Budaörs...
2026-10-06 06:06:48,558 - root - INFO - Fetched weather for Budaörs: 15.5°C, Clear, humidity: 62%
2026-10-06 06:06:49,660 - root - INFO - [853/1205] Fetching weather for Biatorbágy...
2026-10-06 06:06:49,733 - root - INFO - Fetched weather for Biatorbágy: 15.7°C, Clear, humidity: 62%
2026-10-06 06:06:50,834 - root - INFO - [854/1205] Fetching weather for Herceghalom...
2026-10-06 06:06:50,898 - root - INFO - Fetched weather for Herceghalom: 15.9°C, Clouds, humidity: 62%
2026-10-06 06:06:52,000 - root - INFO - [855/1205] Fetching weather for Bicske...
2026-10-06 06:06:52,067 - root - INFO - Fetched weather for Bicske: 15.7°C, Clouds, humidity: 74%
2026-10-06 06:06:53,169 - root - INFO - [856/1205] Fetching weather for Szár...
2026-10-06 06:06:53,240 - root - INFO - Fetched weather for Szár: 8.9°C, Clouds, humidity: 74%
2026-10-06 06:06:54,341 - root - INFO - [857/1205] Fetching weather for Szárliget...
2026-10-06 06:06:54,411 - root - INFO - Fetched weather for Szárliget: 9.1°C, Clouds, humidity: 74%
2026-10-06 06:06:55,512 - root - INFO - [858/1205] Fetching weather for Alsógalla...
2026-10-06 06:06:55,577 - root - INFO - Fetched weather for Alsógalla: 9.5°C, Clouds, humidity: 75%
2026-10-06 06:06:56,678 - root - INFO - [859/1205] Fetching weather for Tatabánya...
2026-10-06 06:06:56,743 - root - INFO - Fetched weather for Tatabánya: 9.6°C, Clouds, humidity: 75%
2026-10-06 06:06:57,845 - root - INFO - [860/1205] Fetching weather for Vértesszőlős...
2026-10-06 06:06:57,909 - root - INFO - Fetched weather for Vértesszőlős: 9.6°C, Clouds, humidity: 75%
2026-10-06 06:06:59,010 - root - INFO - [861/1205] Fetching weather for Tóvároskert...
2026-10-06 06:06:59,085 - root - INFO - Fetched weather for Tóvároskert: 9.6°C, Clouds, humidity: 76%
2026-10-06 06:07:00,186 - root - INFO - [862/1205] Fetching weather for Tata...
2026-10-06 06:07:00,250 - root - INFO - Fetched weather for Tata: 9.6°C, Clouds, humidity: 76%
2026-10-06 06:07:01,351 - root - INFO - [863/1205] Fetching weather for Almásfüzitő...
2026-10-06 06:07:01,422 - root - INFO - Fetched weather for Almásfüzitő: 9.7°C, Clouds, humidity: 77%
2026-10-06 06:07:02,523 - root - INFO - [864/1205] Fetching weather for Almásfüzitő felső...
2026-10-06 06:07:02,594 - root - INFO - Fetched weather for Almásfüzitő felső: 9.7°C, Clouds, humidity: 78%
2026-10-06 06:07:03,695 - root - INFO - [865/1205] Fetching weather for Szőny...
2026-10-06 06:07:03,761 - root - INFO - Fetched weather for Szőny: 5.1°C, Clouds, humidity: 78%
2026-10-06 06:07:04,863 - root - INFO - [866/1205] Fetching weather for Komárom...
2026-10-06 06:07:04,926 - root - INFO - Fetched weather for Komárom: 5.1°C, Clear, humidity: 79%
2026-10-06 06:07:06,027 - root - INFO - [867/1205] Fetching weather for Ács...
2026-10-06 06:07:06,095 - root - INFO - Fetched weather for Ács: 5.0°C, Clouds, humidity: 81%
2026-10-06 06:07:07,196 - root - INFO - [868/1205] Fetching weather for Nagyszentjános...
2026-10-06 06:07:07,260 - root - INFO - Fetched weather for Nagyszentjános: 5.0°C, Clear, humidity: 81%
2026-10-06 06:07:08,362 - root - INFO - [869/1205] Fetching weather for Győrszentiván...
2026-10-06 06:07:08,434 - root - INFO - Fetched weather for Győrszentiván: 5.1°C, Clear, humidity: 81%
2026-10-06 06:07:09,535 - root - INFO - [870/1205] Fetching weather for Győr-Gyárváros...
2026-10-06 06:07:09,593 - root - INFO - Fetched weather for Győr-Gyárváros: 5.1°C, Clear, humidity: 81%
2026-10-06 06:07:10,695 - root - INFO - [871/1205] Fetching weather for Győr...
2026-10-06 06:07:10,764 - root - INFO - Fetched weather for Győr: 5.1°C, Clear, humidity: 81%
2026-10-06 06:07:11,866 - root - INFO - [872/1205] Fetching weather for Öttevény...
2026-10-06 06:07:11,930 - root - INFO - Fetched weather for Öttevény: 5.1°C, Clear, humidity: 87%
2026-10-06 06:07:13,032 - root - INFO - [873/1205] Fetching weather for Lébény-Mosonszentmiklós...
2026-10-06 06:07:13,107 - root - INFO - Fetched weather for Lébény-Mosonszentmiklós: 9.5°C, Clear, humidity: 87%
2026-10-06 06:07:14,209 - root - INFO - [874/1205] Fetching weather for Kimle-Károlyháza...
2026-10-06 06:07:14,278 - root - INFO - Fetched weather for Kimle-Károlyháza: 9.6°C, Clear, humidity: 87%
2026-10-06 06:07:15,379 - root - INFO - [875/1205] Fetching weather for Mosonmagyaróvár...
2026-10-06 06:07:15,459 - root - INFO - Fetched weather for Mosonmagyaróvár: 9.6°C, Clear, humidity: 88%
2026-10-06 06:07:16,560 - root - INFO - [876/1205] Fetching weather for Levél...
2026-10-06 06:07:16,625 - root - INFO - Fetched weather for Levél: 9.6°C, Clear, humidity: 88%
2026-10-06 06:07:17,727 - root - INFO - [877/1205] Fetching weather for Hegyeshalom...
2026-10-06 06:07:17,792 - root - INFO - Fetched weather for Hegyeshalom: 12.3°C, Clear, humidity: 88%
2026-10-06 06:07:18,894 - root - INFO - [878/1205] Fetching weather for Óbuda...
2026-10-06 06:07:18,959 - root - INFO - Fetched weather for Óbuda: 16.1°C, Clouds, humidity: 62%
2026-10-06 06:07:20,060 - root - INFO - [879/1205] Fetching weather for Üröm...
2026-10-06 06:07:20,131 - root - INFO - Fetched weather for Üröm: 16.0°C, Clouds, humidity: 62%
2026-10-06 06:07:21,232 - root - INFO - [880/1205] Fetching weather for Solymár...
2026-10-06 06:07:21,305 - root - INFO - Fetched weather for Solymár: 15.9°C, Clouds, humidity: 62%
2026-10-06 06:07:22,406 - root - INFO - [881/1205] Fetching weather for Pilisvörösvár...
2026-10-06 06:07:22,499 - root - INFO - Fetched weather for Pilisvörösvár: 15.5°C, Clouds, humidity: 62%
2026-10-06 06:07:23,601 - root - INFO - [882/1205] Fetching weather for Klotildliget...
2026-10-06 06:07:23,695 - root - INFO - Fetched weather for Klotildliget: 15.2°C, Clouds, humidity: 62%
2026-10-06 06:07:24,796 - root - INFO - [883/1205] Fetching weather for Kútvölgy...
2026-10-06 06:07:24,868 - root - INFO - Fetched weather for Kútvölgy: 13.3°C, Clear, humidity: 62%
2026-10-06 06:07:25,970 - root - INFO - [884/1205] Fetching weather for Székkutas...
2026-10-06 06:07:26,069 - root - INFO - Fetched weather for Székkutas: 13.3°C, Clear, humidity: 63%
2026-10-06 06:07:27,170 - root - INFO - [885/1205] Fetching weather for Kaposszentjakab...
2026-10-06 06:07:27,248 - root - INFO - Fetched weather for Kaposszentjakab: 9.0°C, Clear, humidity: 70%
2026-10-06 06:07:28,350 - root - INFO - [886/1205] Fetching weather for Kaposvár...
2026-10-06 06:07:28,441 - root - INFO - Fetched weather for Kaposvár: 8.8°C, Clear, humidity: 70%
2026-10-06 06:07:29,542 - root - INFO - [887/1205] Fetching weather for Kaposújlak...
2026-10-06 06:07:29,614 - root - INFO - Fetched weather for Kaposújlak: 8.7°C, Clear, humidity: 72%
2026-10-06 06:07:30,716 - root - INFO - [888/1205] Fetching weather for Kaposmérő...
2026-10-06 06:07:30,779 - root - INFO - Fetched weather for Kaposmérő: 8.6°C, Clear, humidity: 73%
2026-10-06 06:07:31,880 - root - INFO - [889/1205] Fetching weather for Kaposfő...
2026-10-06 06:07:31,942 - root - INFO - Fetched weather for Kaposfő: 8.5°C, Clear, humidity: 74%
2026-10-06 06:07:33,043 - root - INFO - [890/1205] Fetching weather for Kiskorpád...
2026-10-06 06:07:33,105 - root - INFO - Fetched weather for Kiskorpád: 8.3°C, Clear, humidity: 76%
2026-10-06 06:07:34,207 - root - INFO - [891/1205] Fetching weather for Jákó-Nagybajom...
2026-10-06 06:07:34,276 - root - INFO - Fetched weather for Jákó-Nagybajom: 8.3°C, Clear, humidity: 76%
2026-10-06 06:07:35,377 - root - INFO - [892/1205] Fetching weather for Kutas...
2026-10-06 06:07:35,442 - root - INFO - Fetched weather for Kutas: 8.3°C, Clear, humidity: 80%
2026-10-06 06:07:36,543 - root - INFO - [893/1205] Fetching weather for Beleg...
2026-10-06 06:07:36,607 - root - INFO - Fetched weather for Beleg: 8.4°C, Clear, humidity: 80%
2026-10-06 06:07:37,709 - root - INFO - [894/1205] Fetching weather for Ötvöskónyi...
2026-10-06 06:07:37,784 - root - INFO - Fetched weather for Ötvöskónyi: 8.4°C, Clear, humidity: 80%
2026-10-06 06:07:38,886 - root - INFO - [895/1205] Fetching weather for Somogyszob...
2026-10-06 06:07:38,952 - root - INFO - Fetched weather for Somogyszob: 8.3°C, Clear, humidity: 82%
2026-10-06 06:07:40,053 - root - INFO - [896/1205] Fetching weather for Bolhás...
2026-10-06 06:07:40,120 - root - INFO - Fetched weather for Bolhás: 8.2°C, Clear, humidity: 83%
2026-10-06 06:07:41,222 - root - INFO - [897/1205] Fetching weather for Szenta...
2026-10-06 06:07:41,284 - root - INFO - Fetched weather for Szenta: 8.2°C, Clear, humidity: 85%
2026-10-06 06:07:42,386 - root - INFO - [898/1205] Fetching weather for Zrínyitelep...
2026-10-06 06:07:42,455 - root - INFO - Fetched weather for Zrínyitelep: 8.2°C, Clear, humidity: 85%
2026-10-06 06:07:43,556 - root - INFO - [899/1205] Fetching weather for Csurgó...
2026-10-06 06:07:43,617 - root - INFO - Fetched weather for Csurgó: 8.3°C, Clear, humidity: 86%
2026-10-06 06:07:44,719 - root - INFO - [900/1205] Fetching weather for Gyékényes...
2026-10-06 06:07:44,785 - root - INFO - Fetched weather for Gyékényes: 8.1°C, Clear, humidity: 89%
2026-10-06 06:07:45,887 - root - INFO - [901/1205] Fetching weather for Adony...
2026-10-06 06:07:45,956 - root - INFO - Fetched weather for Adony: 9.8°C, Clear, humidity: 74%
2026-10-06 06:07:47,057 - root - INFO - [902/1205] Fetching weather for Kulcs...
2026-10-06 06:07:47,125 - root - INFO - Fetched weather for Kulcs: 9.5°C, Clear, humidity: 73%
2026-10-06 06:07:48,227 - root - INFO - [903/1205] Fetching weather for Rácalmás...
2026-10-06 06:07:48,299 - root - INFO - Fetched weather for Rácalmás: 9.4°C, Clear, humidity: 73%
2026-10-06 06:07:49,400 - root - INFO - [904/1205] Fetching weather for Dunaújváros...
2026-10-06 06:07:49,464 - root - INFO - Fetched weather for Dunaújváros: 9.4°C, Clear, humidity: 72%
2026-10-06 06:07:50,566 - root - INFO - [905/1205] Fetching weather for Újvenyim...
2026-10-06 06:07:50,628 - root - INFO - Fetched weather for Újvenyim: 9.5°C, Clear, humidity: 71%
2026-10-06 06:07:51,729 - root - INFO - [906/1205] Fetching weather for Mezőfalva...
2026-10-06 06:07:51,792 - root - INFO - Fetched weather for Mezőfalva: 9.4°C, Clear, humidity: 70%
2026-10-06 06:07:52,894 - root - INFO - [907/1205] Fetching weather for Nagykarácsony felső...
2026-10-06 06:07:52,959 - root - INFO - Fetched weather for Nagykarácsony felső: 9.5°C, Clear, humidity: 69%
2026-10-06 06:07:54,060 - root - INFO - [908/1205] Fetching weather for Nagykarácsony...
2026-10-06 06:07:54,124 - root - INFO - Fetched weather for Nagykarácsony: 9.3°C, Clear, humidity: 70%
2026-10-06 06:07:55,225 - root - INFO - [909/1205] Fetching weather for Alap...
2026-10-06 06:07:55,291 - root - INFO - Fetched weather for Alap: 9.5°C, Clear, humidity: 71%
2026-10-06 06:07:56,393 - root - INFO - [910/1205] Fetching weather for Cece...
2026-10-06 06:07:56,455 - root - INFO - Fetched weather for Cece: 9.5°C, Clear, humidity: 70%
2026-10-06 06:07:57,557 - root - INFO - [911/1205] Fetching weather for Vajta...
2026-10-06 06:07:57,619 - root - INFO - Fetched weather for Vajta: 9.5°C, Clear, humidity: 68%
2026-10-06 06:07:58,721 - root - INFO - [912/1205] Fetching weather for Rétszilas alsó...
2026-10-06 06:07:58,786 - root - INFO - Fetched weather for Rétszilas alsó: 9.5°C, Clear, humidity: 71%
2026-10-06 06:07:59,887 - root - INFO - [913/1205] Fetching weather for Nagydorog...
2026-10-06 06:07:59,953 - root - INFO - Fetched weather for Nagydorog: 9.6°C, Clear, humidity: 67%
2026-10-06 06:08:01,054 - root - INFO - [914/1205] Fetching weather for Tengelic...
2026-10-06 06:08:01,116 - root - INFO - Fetched weather for Tengelic: 9.5°C, Clear, humidity: 66%
2026-10-06 06:08:02,218 - root - INFO - [915/1205] Fetching weather for Fácánkert...
2026-10-06 06:08:02,289 - root - INFO - Fetched weather for Fácánkert: 9.6°C, Clear, humidity: 64%
2026-10-06 06:08:03,390 - root - INFO - [916/1205] Fetching weather for Tolna-Mözs...
2026-10-06 06:08:03,453 - root - INFO - Fetched weather for Tolna-Mözs: 9.6°C, Clear, humidity: 65%
2026-10-06 06:08:04,554 - root - INFO - [917/1205] Fetching weather for Szekszárd-Palánk...
2026-10-06 06:08:04,618 - root - INFO - Fetched weather for Szekszárd-Palánk: 9.8°C, Clear, humidity: 62%
2026-10-06 06:08:05,719 - root - INFO - [918/1205] Fetching weather for Szekszárd...
2026-10-06 06:08:05,784 - root - INFO - Fetched weather for Szekszárd: 9.8°C, Clear, humidity: 62%
2026-10-06 06:08:06,885 - root - INFO - [919/1205] Fetching weather for Őcsény...
2026-10-06 06:08:06,949 - root - INFO - Fetched weather for Őcsény: 9.9°C, Clear, humidity: 62%
2026-10-06 06:08:08,050 - root - INFO - [920/1205] Fetching weather for Decs...
2026-10-06 06:08:08,118 - root - INFO - Fetched weather for Decs: 9.9°C, Clear, humidity: 62%
2026-10-06 06:08:09,219 - root - INFO - [921/1205] Fetching weather for Csikóstőttős...
2026-10-06 06:08:09,287 - root - INFO - Fetched weather for Csikóstőttős: 9.5°C, Clear, humidity: 64%
2026-10-06 06:08:10,388 - root - INFO - [922/1205] Fetching weather for Mágocs-Alsómocsolád...
2026-10-06 06:08:10,454 - root - INFO - Fetched weather for Mágocs-Alsómocsolád: 9.1°C, Clear, humidity: 62%
2026-10-06 06:08:11,556 - root - INFO - [923/1205] Fetching weather for Szalatnak...
2026-10-06 06:08:11,636 - root - INFO - Fetched weather for Szalatnak: 9.5°C, Clear, humidity: 59%
2026-10-06 06:08:12,737 - root - INFO - [924/1205] Fetching weather for Máza-Szászvár...
2026-10-06 06:08:12,799 - root - INFO - Fetched weather for Máza-Szászvár: 14.8°C, Clear, humidity: 58%
2026-10-06 06:08:13,901 - root - INFO - [925/1205] Fetching weather for Váralja...
2026-10-06 06:08:13,963 - root - INFO - Fetched weather for Váralja: 14.9°C, Clear, humidity: 57%
2026-10-06 06:08:15,064 - root - INFO - [926/1205] Fetching weather for Nagymányok...
2026-10-06 06:08:15,135 - root - INFO - Fetched weather for Nagymányok: 15.0°C, Clear, humidity: 57%
2026-10-06 06:08:16,236 - root - INFO - [927/1205] Fetching weather for Hidas-Bonyhád...
2026-10-06 06:08:16,300 - root - INFO - Fetched weather for Hidas-Bonyhád: 15.0°C, Clear, humidity: 57%
2026-10-06 06:08:17,401 - root - INFO - [928/1205] Fetching weather for Mőcsény...
2026-10-06 06:08:17,465 - root - INFO - Fetched weather for Mőcsény: 14.9°C, Clear, humidity: 57%
2026-10-06 06:08:18,566 - root - INFO - [929/1205] Fetching weather for Bátaszék...
2026-10-06 06:08:18,629 - root - INFO - Fetched weather for Bátaszék: 15.2°C, Clear, humidity: 59%
2026-10-06 06:08:19,731 - root - INFO - [930/1205] Fetching weather for Pörböly...
2026-10-06 06:08:19,792 - root - INFO - Fetched weather for Pörböly: 9.9°C, Clear, humidity: 64%
2026-10-06 06:08:20,893 - root - INFO - [931/1205] Fetching weather for Orosháza...
2026-10-06 06:08:20,970 - root - INFO - Fetched weather for Orosháza: 10.6°C, Clear, humidity: 63%
2026-10-06 06:08:22,071 - root - INFO - [932/1205] Fetching weather for Orosházi tanyák...
2026-10-06 06:08:22,140 - root - INFO - Fetched weather for Orosházi tanyák: 10.7°C, Clear, humidity: 63%
2026-10-06 06:08:23,241 - root - INFO - [933/1205] Fetching weather for Csorvás...
2026-10-06 06:08:23,310 - root - INFO - Fetched weather for Csorvás: 10.7°C, Clear, humidity: 64%
2026-10-06 06:08:24,412 - root - INFO - [934/1205] Fetching weather for Csorvás alsó...
2026-10-06 06:08:24,475 - root - INFO - Fetched weather for Csorvás alsó: 10.8°C, Clear, humidity: 64%
2026-10-06 06:08:25,577 - root - INFO - [935/1205] Fetching weather for Telekgerendás...
2026-10-06 06:08:25,650 - root - INFO - Fetched weather for Telekgerendás: 10.8°C, Clear, humidity: 65%
2026-10-06 06:08:26,752 - root - INFO - [936/1205] Fetching weather for Fürjes...
2026-10-06 06:08:26,830 - root - INFO - Fetched weather for Fürjes: 10.8°C, Clear, humidity: 66%
2026-10-06 06:08:27,932 - root - INFO - [937/1205] Fetching weather for Fényes...
2026-10-06 06:08:28,001 - root - INFO - Fetched weather for Fényes: 10.9°C, Clear, humidity: 69%
2026-10-06 06:08:29,103 - root - INFO - [938/1205] Fetching weather for Bicere...
2026-10-06 06:08:29,166 - root - INFO - Fetched weather for Bicere: 10.9°C, Clear, humidity: 69%
2026-10-06 06:08:30,267 - root - INFO - [939/1205] Fetching weather for Gyula...
2026-10-06 06:08:30,332 - root - INFO - Fetched weather for Gyula: 10.9°C, Clear, humidity: 70%
2026-10-06 06:08:31,434 - root - INFO - [940/1205] Fetching weather for József Szanatórium...
2026-10-06 06:08:31,501 - root - INFO - Fetched weather for József Szanatórium: 10.8°C, Clear, humidity: 69%
2026-10-06 06:08:32,602 - root - INFO - [941/1205] Fetching weather for Sarkadi Cukorgyár...
2026-10-06 06:08:32,669 - root - INFO - Fetched weather for Sarkadi Cukorgyár: 10.7°C, Clear, humidity: 68%
2026-10-06 06:08:33,770 - root - INFO - [942/1205] Fetching weather for Sarkad...
2026-10-06 06:08:33,837 - root - INFO - Fetched weather for Sarkad: 10.7°C, Clear, humidity: 68%
2026-10-06 06:08:34,938 - root - INFO - [943/1205] Fetching weather for Kötegyán...
2026-10-06 06:08:35,011 - root - INFO - Fetched weather for Kötegyán: 10.7°C, Clear, humidity: 67%
2026-10-06 06:08:36,113 - root - INFO - [944/1205] Fetching weather for Méhkerék...
2026-10-06 06:08:36,179 - root - INFO - Fetched weather for Méhkerék: 10.6°C, Clear, humidity: 67%
2026-10-06 06:08:37,281 - root - INFO - [945/1205] Fetching weather for Sarkadkeresztúr...
2026-10-06 06:08:37,343 - root - INFO - Fetched weather for Sarkadkeresztúr: 10.6°C, Clear, humidity: 66%
2026-10-06 06:08:38,445 - root - INFO - [946/1205] Fetching weather for Okány...
2026-10-06 06:08:38,508 - root - INFO - Fetched weather for Okány: 10.6°C, Clear, humidity: 67%
2026-10-06 06:08:39,609 - root - INFO - [947/1205] Fetching weather for Újszeged...
2026-10-06 06:08:39,672 - root - INFO - Fetched weather for Újszeged: 10.1°C, Clear, humidity: 62%
2026-10-06 06:08:40,773 - root - INFO - [948/1205] Fetching weather for Szőreg...
2026-10-06 06:08:40,836 - root - INFO - Fetched weather for Szőreg: 10.1°C, Clear, humidity: 63%
2026-10-06 06:08:41,937 - root - INFO - [949/1205] Fetching weather for Deszk...
2026-10-06 06:08:42,001 - root - INFO - Fetched weather for Deszk: 10.2°C, Clear, humidity: 63%
2026-10-06 06:08:43,102 - root - INFO - [950/1205] Fetching weather for Kiszombor...
2026-10-06 06:08:43,165 - root - INFO - Fetched weather for Kiszombor: 10.3°C, Clear, humidity: 64%
2026-10-06 06:08:44,267 - root - INFO - [951/1205] Fetching weather for Kiszombor megálló...
2026-10-06 06:08:44,332 - root - INFO - Fetched weather for Kiszombor megálló: 10.3°C, Clear, humidity: 64%
2026-10-06 06:08:45,433 - root - INFO - [952/1205] Fetching weather for Makó...
2026-10-06 06:08:45,498 - root - INFO - Fetched weather for Makó: 10.4°C, Clear, humidity: 65%
2026-10-06 06:08:46,600 - root - INFO - [953/1205] Fetching weather for Apátfalva...
2026-10-06 06:08:46,677 - root - INFO - Fetched weather for Apátfalva: 10.5°C, Clear, humidity: 67%
2026-10-06 06:08:47,778 - root - INFO - [954/1205] Fetching weather for Magyarcsanád...
2026-10-06 06:08:47,843 - root - INFO - Fetched weather for Magyarcsanád: 10.5°C, Clear, humidity: 68%
2026-10-06 06:08:48,945 - root - INFO - [955/1205] Fetching weather for Nagylak...
2026-10-06 06:08:49,009 - root - INFO - Fetched weather for Nagylak: 12.9°C, Clear, humidity: 71%
2026-10-06 06:08:50,111 - root - INFO - [956/1205] Fetching weather for Nagylaki Kendergyár...
2026-10-06 06:08:50,174 - root - INFO - Fetched weather for Nagylaki Kendergyár: 12.9°C, Clear, humidity: 71%
2026-10-06 06:08:51,275 - root - INFO - [957/1205] Fetching weather for Csanádpalota...
2026-10-06 06:08:51,332 - root - INFO - Fetched weather for Csanádpalota: 12.8°C, Clear, humidity: 62%
2026-10-06 06:08:52,434 - root - INFO - [958/1205] Fetching weather for Mezőhegyes...
2026-10-06 06:08:52,501 - root - INFO - Fetched weather for Mezőhegyes: 12.8°C, Clear, humidity: 70%
2026-10-06 06:08:53,602 - root - INFO - [959/1205] Fetching weather for Végegyháza...
2026-10-06 06:08:53,674 - root - INFO - Fetched weather for Végegyháza: 12.8°C, Clear, humidity: 69%
2026-10-06 06:08:54,776 - root - INFO - [960/1205] Fetching weather for Mezőkovácsháza...
2026-10-06 06:08:54,842 - root - INFO - Fetched weather for Mezőkovácsháza: 12.8°C, Clear, humidity: 69%
2026-10-06 06:08:55,943 - root - INFO - [961/1205] Fetching weather for Mezőkovácsháza felső...
2026-10-06 06:08:56,014 - root - INFO - Fetched weather for Mezőkovácsháza felső: 12.8°C, Clear, humidity: 70%
2026-10-06 06:08:57,115 - root - INFO - [962/1205] Fetching weather for Magyarbánhegyes...
2026-10-06 06:08:57,178 - root - INFO - Fetched weather for Magyarbánhegyes: 11.0°C, Clear, humidity: 70%
2026-10-06 06:08:58,280 - root - INFO - [963/1205] Fetching weather for Medgyesegyháza...
2026-10-06 06:08:58,343 - root - INFO - Fetched weather for Medgyesegyháza: 11.0°C, Clear, humidity: 69%
2026-10-06 06:08:59,445 - root - INFO - [964/1205] Fetching weather for Bánkút...
2026-10-06 06:08:59,514 - root - INFO - Fetched weather for Bánkút: 11.0°C, Clear, humidity: 70%
2026-10-06 06:09:00,616 - root - INFO - [965/1205] Fetching weather for Belsőperegpuszta...
2026-10-06 06:09:00,677 - root - INFO - Fetched weather for Belsőperegpuszta: 12.8°C, Clear, humidity: 73%
2026-10-06 06:09:01,779 - root - INFO - [966/1205] Fetching weather for Battonya...
2026-10-06 06:09:01,843 - root - INFO - Fetched weather for Battonya: 12.8°C, Clear, humidity: 100%
2026-10-06 06:09:02,945 - root - INFO - [967/1205] Fetching weather for Baja-Dunafürdő...
2026-10-06 06:09:03,007 - root - INFO - Fetched weather for Baja-Dunafürdő: 9.7°C, Clear, humidity: 68%
2026-10-06 06:09:04,109 - root - INFO - [968/1205] Fetching weather for Kaposszekcső...
2026-10-06 06:09:04,185 - root - INFO - Fetched weather for Kaposszekcső: 9.5°C, Clear, humidity: 64%
2026-10-06 06:09:05,286 - root - INFO - [969/1205] Fetching weather for Vásárosdombó...
2026-10-06 06:09:05,356 - root - INFO - Fetched weather for Vásárosdombó: 9.4°C, Clear, humidity: 63%
2026-10-06 06:09:06,457 - root - INFO - [970/1205] Fetching weather for Sásd...
2026-10-06 06:09:06,529 - root - INFO - Fetched weather for Sásd: 9.4°C, Clear, humidity: 61%
2026-10-06 06:09:07,631 - root - INFO - [971/1205] Fetching weather for Godisa...
2026-10-06 06:09:07,697 - root - INFO - Fetched weather for Godisa: 12.4°C, Clear, humidity: 60%
2026-10-06 06:09:08,799 - root - INFO - [972/1205] Fetching weather for Abaliget...
2026-10-06 06:09:08,862 - root - INFO - Fetched weather for Abaliget: 12.0°C, Clear, humidity: 61%
2026-10-06 06:09:09,963 - root - INFO - [973/1205] Fetching weather for Hetvehely...
2026-10-06 06:09:10,026 - root - INFO - Fetched weather for Hetvehely: 12.2°C, Clear, humidity: 63%
2026-10-06 06:09:11,127 - root - INFO - [974/1205] Fetching weather for Bükkösd...
2026-10-06 06:09:11,197 - root - INFO - Fetched weather for Bükkösd: 12.4°C, Clear, humidity: 63%
2026-10-06 06:09:12,298 - root - INFO - [975/1205] Fetching weather for Cserdi-Helesfa...
2026-10-06 06:09:12,366 - root - INFO - Fetched weather for Cserdi-Helesfa: 12.4°C, Clear, humidity: 64%
2026-10-06 06:09:13,468 - root - INFO - [976/1205] Fetching weather for Szentlőrinc...
2026-10-06 06:09:13,531 - root - INFO - Fetched weather for Szentlőrinc: 12.5°C, Clear, humidity: 50%
2026-10-06 06:09:14,633 - root - INFO - [977/1205] Fetching weather for Bicsérd...
2026-10-06 06:09:14,701 - root - INFO - Fetched weather for Bicsérd: 12.4°C, Clear, humidity: 50%
2026-10-06 06:09:15,803 - root - INFO - [978/1205] Fetching weather for Mecsekalja-Cserkút...
2026-10-06 06:09:15,878 - root - INFO - Fetched weather for Mecsekalja-Cserkút: 12.5°C, Clear, humidity: 50%
2026-10-06 06:09:16,980 - root - INFO - [979/1205] Fetching weather for Pécs...
2026-10-06 06:09:17,044 - root - INFO - Fetched weather for Pécs: 12.5°C, Clear, humidity: 50%
2026-10-06 06:09:18,145 - root - INFO - [980/1205] Fetching weather for Pécs-Külváros...
2026-10-06 06:09:18,213 - root - INFO - Fetched weather for Pécs-Külváros: 12.4°C, Clear, humidity: 50%
2026-10-06 06:09:19,314 - root - INFO - [981/1205] Fetching weather for Pécsbánya-Rendező...
2026-10-06 06:09:19,381 - root - INFO - Fetched weather for Pécsbánya-Rendező: 12.3°C, Clear, humidity: 50%
2026-10-06 06:09:20,483 - root - INFO - [982/1205] Fetching weather for Pécsudvard...
2026-10-06 06:09:20,553 - root - INFO - Fetched weather for Pécsudvard: 12.2°C, Clear, humidity: 50%
2026-10-06 06:09:21,654 - root - INFO - [983/1205] Fetching weather for Szőkéd...
2026-10-06 06:09:21,721 - root - INFO - Fetched weather for Szőkéd: 12.4°C, Clear, humidity: 50%
2026-10-06 06:09:22,823 - root - INFO - [984/1205] Fetching weather for Áta...
2026-10-06 06:09:22,885 - root - INFO - Fetched weather for Áta: 12.5°C, Clear, humidity: 50%
2026-10-06 06:09:23,986 - root - INFO - [985/1205] Fetching weather for Kistótfalu...
2026-10-06 06:09:24,053 - root - INFO - Fetched weather for Kistótfalu: 12.5°C, Clear, humidity: 50%
2026-10-06 06:09:25,155 - root - INFO - [986/1205] Fetching weather for Vokány...
2026-10-06 06:09:25,229 - root - INFO - Fetched weather for Vokány: 12.5°C, Clear, humidity: 50%
2026-10-06 06:09:26,330 - root - INFO - [987/1205] Fetching weather for Palkonya...
2026-10-06 06:09:26,394 - root - INFO - Fetched weather for Palkonya: 12.5°C, Clear, humidity: 50%
2026-10-06 06:09:27,495 - root - INFO - [988/1205] Fetching weather for Villánykövesd...
2026-10-06 06:09:27,566 - root - INFO - Fetched weather for Villánykövesd: 15.0°C, Clear, humidity: 37%
2026-10-06 06:09:28,668 - root - INFO - [989/1205] Fetching weather for Villány...
2026-10-06 06:09:28,736 - root - INFO - Fetched weather for Villány: 15.2°C, Clear, humidity: 37%
2026-10-06 06:09:29,837 - root - INFO - [990/1205] Fetching weather for Magyarbóly...
2026-10-06 06:09:29,901 - root - INFO - Fetched weather for Magyarbóly: 15.2°C, Clear, humidity: 78%
2026-10-06 06:09:31,003 - root - INFO - [991/1205] Fetching weather for Magyarszék...
2026-10-06 06:09:31,067 - root - INFO - Fetched weather for Magyarszék: 12.2°C, Clear, humidity: 59%
2026-10-06 06:09:32,169 - root - INFO - [992/1205] Fetching weather for Mecsekpölöske...
2026-10-06 06:09:32,231 - root - INFO - Fetched weather for Mecsekpölöske: 12.1°C, Clear, humidity: 59%
2026-10-06 06:09:33,333 - root - INFO - [993/1205] Fetching weather for Mecsekjánosi...
2026-10-06 06:09:33,395 - root - INFO - Fetched weather for Mecsekjánosi: 12.1°C, Clear, humidity: 59%
2026-10-06 06:09:34,496 - root - INFO - [994/1205] Fetching weather for Komló...
2026-10-06 06:09:34,562 - root - INFO - Fetched weather for Komló: 11.8°C, Clear, humidity: 58%
2026-10-06 06:09:35,663 - root - INFO - [995/1205] Fetching weather for Királyegyháza-Rigópuszta...
2026-10-06 06:09:35,728 - root - INFO - Fetched weather for Királyegyháza-Rigópuszta: 12.6°C, Clear, humidity: 68%
2026-10-06 06:09:36,829 - root - INFO - [996/1205] Fetching weather for Sumony...
2026-10-06 06:09:36,895 - root - INFO - Fetched weather for Sumony: 12.6°C, Clear, humidity: 71%
2026-10-06 06:09:37,997 - root - INFO - [997/1205] Fetching weather for Okorág-Kárászpuszta...
2026-10-06 06:09:38,063 - root - INFO - Fetched weather for Okorág-Kárászpuszta: 12.6°C, Clear, humidity: 73%
2026-10-06 06:09:39,165 - root - INFO - [998/1205] Fetching weather for Kákics...
2026-10-06 06:09:39,230 - root - INFO - Fetched weather for Kákics: 9.2°C, Clear, humidity: 75%
2026-10-06 06:09:40,331 - root - INFO - [999/1205] Fetching weather for Bóly...
2026-10-06 06:09:40,394 - root - INFO - Fetched weather for Bóly: 15.0°C, Clear, humidity: 37%
2026-10-06 06:09:41,495 - root - INFO - [1000/1205] Fetching weather for Mohács...
2026-10-06 06:09:41,560 - root - INFO - Fetched weather for Mohács: 15.2°C, Clear, humidity: 37%
2026-10-06 06:09:42,661 - root - INFO - [1001/1205] Fetching weather for Sellye...
2026-10-06 06:09:42,723 - root - INFO - Fetched weather for Sellye: 9.3°C, Clear, humidity: 76%
2026-10-06 06:09:43,825 - root - INFO - [1002/1205] Fetching weather for Toponár...
2026-10-06 06:09:43,888 - root - INFO - Fetched weather for Toponár: 8.8°C, Clear, humidity: 71%
2026-10-06 06:09:44,990 - root - INFO - [1003/1205] Fetching weather for Somogyaszaló...
2026-10-06 06:09:45,058 - root - INFO - Fetched weather for Somogyaszaló: 8.7°C, Clear, humidity: 72%
2026-10-06 06:09:46,159 - root - INFO - [1004/1205] Fetching weather for Mernye...
2026-10-06 06:09:46,224 - root - INFO - Fetched weather for Mernye: 8.8°C, Clear, humidity: 70%
2026-10-06 06:09:47,326 - root - INFO - [1005/1205] Fetching weather for Felsőmocsolád...
2026-10-06 06:09:47,390 - root - INFO - Fetched weather for Felsőmocsolád: 8.7°C, Clear, humidity: 70%
2026-10-06 06:09:48,491 - root - INFO - [1006/1205] Fetching weather for Kisbárapáti...
2026-10-06 06:09:48,555 - root - INFO - Fetched weather for Kisbárapáti: 8.6°C, Clear, humidity: 68%
2026-10-06 06:09:49,656 - root - INFO - [1007/1205] Fetching weather for Bonnya...
2026-10-06 06:09:49,727 - root - INFO - Fetched weather for Bonnya: 9.0°C, Clear, humidity: 67%
2026-10-06 06:09:50,829 - root - INFO - [1008/1205] Fetching weather for Andocs...
2026-10-06 06:09:50,894 - root - INFO - Fetched weather for Andocs: 8.4°C, Clear, humidity: 68%
2026-10-06 06:09:51,996 - root - INFO - [1009/1205] Fetching weather for Karád...
2026-10-06 06:09:52,063 - root - INFO - Fetched weather for Karád: 8.8°C, Clear, humidity: 69%
2026-10-06 06:09:53,165 - root - INFO - [1010/1205] Fetching weather for Somogymeggyes...
2026-10-06 06:09:53,230 - root - INFO - Fetched weather for Somogymeggyes: 8.3°C, Clear, humidity: 72%
2026-10-06 06:09:54,331 - root - INFO - [1011/1205] Fetching weather for Kapoly...
2026-10-06 06:09:54,400 - root - INFO - Fetched weather for Kapoly: 8.8°C, Clear, humidity: 68%
2026-10-06 06:09:55,502 - root - INFO - [1012/1205] Fetching weather for Tab...
2026-10-06 06:09:55,565 - root - INFO - Fetched weather for Tab: 8.6°C, Clear, humidity: 69%
2026-10-06 06:09:56,667 - root - INFO - [1013/1205] Fetching weather for Bábonymegyer...
2026-10-06 06:09:56,730 - root - INFO - Fetched weather for Bábonymegyer: 8.8°C, Clear, humidity: 69%
2026-10-06 06:09:57,831 - root - INFO - [1014/1205] Fetching weather for Daránypuszta...
2026-10-06 06:09:57,901 - root - INFO - Fetched weather for Daránypuszta: 9.0°C, Clear, humidity: 69%
2026-10-06 06:09:59,003 - root - INFO - [1015/1205] Fetching weather for Som-Nagyberény...
2026-10-06 06:09:59,067 - root - INFO - Fetched weather for Som-Nagyberény: 9.2°C, Clear, humidity: 72%
2026-10-06 06:10:00,169 - root - INFO - [1016/1205] Fetching weather for Ádánd...
2026-10-06 06:10:00,234 - root - INFO - Fetched weather for Ádánd: 9.3°C, Clear, humidity: 75%
2026-10-06 06:10:01,335 - root - INFO - [1017/1205] Fetching weather for Siójut...
2026-10-06 06:10:01,410 - root - INFO - Fetched weather for Siójut: 9.4°C, Clear, humidity: 77%
2026-10-06 06:10:02,512 - root - INFO - [1018/1205] Fetching weather for Kapostüskevár...
2026-10-06 06:10:02,584 - root - INFO - Fetched weather for Kapostüskevár: 8.9°C, Clear, humidity: 71%
2026-10-06 06:10:03,686 - root - INFO - [1019/1205] Fetching weather for Kaposfüred...
2026-10-06 06:10:03,760 - root - INFO - Fetched weather for Kaposfüred: 8.7°C, Clear, humidity: 73%
2026-10-06 06:10:04,862 - root - INFO - [1020/1205] Fetching weather for Várda...
2026-10-06 06:10:04,930 - root - INFO - Fetched weather for Várda: 8.4°C, Clear, humidity: 75%
2026-10-06 06:10:06,031 - root - INFO - [1021/1205] Fetching weather for Somogyjád...
2026-10-06 06:10:06,093 - root - INFO - Fetched weather for Somogyjád: 8.5°C, Clear, humidity: 77%
2026-10-06 06:10:07,195 - root - INFO - [1022/1205] Fetching weather for Osztopán...
2026-10-06 06:10:07,261 - root - INFO - Fetched weather for Osztopán: 8.4°C, Clear, humidity: 79%
2026-10-06 06:10:08,363 - root - INFO - [1023/1205] Fetching weather for Pamuk...
2026-10-06 06:10:08,431 - root - INFO - Fetched weather for Pamuk: 8.6°C, Clear, humidity: 79%
2026-10-06 06:10:09,532 - root - INFO - [1024/1205] Fetching weather for Somogyvár...
2026-10-06 06:10:09,595 - root - INFO - Fetched weather for Somogyvár: 8.6°C, Clear, humidity: 79%
2026-10-06 06:10:10,697 - root - INFO - [1025/1205] Fetching weather for Öreglak...
2026-10-06 06:10:10,768 - root - INFO - Fetched weather for Öreglak: 8.6°C, Clear, humidity: 79%
2026-10-06 06:10:11,869 - root - INFO - [1026/1205] Fetching weather for Tatárvár...
2026-10-06 06:10:11,933 - root - INFO - Fetched weather for Tatárvár: 8.5°C, Clear, humidity: 81%
2026-10-06 06:10:13,035 - root - INFO - [1027/1205] Fetching weather for Lengyeltóti...
2026-10-06 06:10:13,102 - root - INFO - Fetched weather for Lengyeltóti: 8.6°C, Clear, humidity: 81%
2026-10-06 06:10:14,204 - root - INFO - [1028/1205] Fetching weather for Pusztaberény...
2026-10-06 06:10:14,270 - root - INFO - Fetched weather for Pusztaberény: 8.8°C, Clear, humidity: 81%
2026-10-06 06:10:15,371 - root - INFO - [1029/1205] Fetching weather for Örkény...
2026-10-06 06:10:15,436 - root - INFO - Fetched weather for Örkény: 9.7°C, Clear, humidity: 72%
2026-10-06 06:10:16,538 - root - INFO - [1030/1205] Fetching weather for Táborfalva...
2026-10-06 06:10:16,616 - root - INFO - Fetched weather for Táborfalva: 5.9°C, Clear, humidity: 72%
2026-10-06 06:10:17,717 - root - INFO - [1031/1205] Fetching weather for Felsőlajos...
2026-10-06 06:10:17,789 - root - INFO - Fetched weather for Felsőlajos: 5.9°C, Clear, humidity: 72%
2026-10-06 06:10:18,890 - root - INFO - [1032/1205] Fetching weather for Lajosmizse...
2026-10-06 06:10:18,955 - root - INFO - Fetched weather for Lajosmizse: 5.8°C, Clear, humidity: 65%
2026-10-06 06:10:20,056 - root - INFO - [1033/1205] Fetching weather for Lajosmizse alsó...
2026-10-06 06:10:20,120 - root - INFO - Fetched weather for Lajosmizse alsó: 5.8°C, Clear, humidity: 65%
2026-10-06 06:10:21,222 - root - INFO - [1034/1205] Fetching weather for Klábertelep...
2026-10-06 06:10:21,288 - root - INFO - Fetched weather for Klábertelep: 5.9°C, Clouds, humidity: 65%
2026-10-06 06:10:22,390 - root - INFO - [1035/1205] Fetching weather for Méntelek...
2026-10-06 06:10:22,475 - root - INFO - Fetched weather for Méntelek: 5.9°C, Clouds, humidity: 65%
2026-10-06 06:10:23,576 - root - INFO - [1036/1205] Fetching weather for Hetényegyháza...
2026-10-06 06:10:23,692 - root - INFO - Fetched weather for Hetényegyháza: 5.9°C, Clouds, humidity: 65%
2026-10-06 06:10:24,794 - root - INFO - [1037/1205] Fetching weather for Kecskemét-Máriaváros...
2026-10-06 06:10:24,952 - root - INFO - Fetched weather for Kecskemét-Máriaváros: 6.0°C, Clouds, humidity: 65%
2026-10-06 06:10:26,054 - root - INFO - [1038/1205] Fetching weather for Nyársapát...
2026-10-06 06:10:26,157 - root - INFO - Fetched weather for Nyársapát: 6.0°C, Clouds, humidity: 71%
2026-10-06 06:10:27,259 - root - INFO - [1039/1205] Fetching weather for Nagykőrös...
2026-10-06 06:10:27,323 - root - INFO - Fetched weather for Nagykőrös: 6.0°C, Clouds, humidity: 65%
2026-10-06 06:10:28,425 - root - INFO - [1040/1205] Fetching weather for Katonatelep...
2026-10-06 06:10:28,490 - root - INFO - Fetched weather for Katonatelep: 5.9°C, Clouds, humidity: 65%
2026-10-06 06:10:29,591 - root - INFO - [1041/1205] Fetching weather for Kecskemét...
2026-10-06 06:10:29,664 - root - INFO - Fetched weather for Kecskemét: 6.0°C, Clouds, humidity: 65%
2026-10-06 06:10:30,766 - root - INFO - [1042/1205] Fetching weather for Városföld...
2026-10-06 06:10:30,832 - root - INFO - Fetched weather for Városföld: 6.0°C, Clouds, humidity: 65%
2026-10-06 06:10:31,933 - root - INFO - [1043/1205] Fetching weather for Kiskunfélegyháza...
2026-10-06 06:10:31,997 - root - INFO - Fetched weather for Kiskunfélegyháza: 13.2°C, Clear, humidity: 68%
2026-10-06 06:10:33,098 - root - INFO - [1044/1205] Fetching weather for Petőfiszállás...
2026-10-06 06:10:33,163 - root - INFO - Fetched weather for Petőfiszállás: 13.3°C, Clear, humidity: 64%
2026-10-06 06:10:34,264 - root - INFO - [1045/1205] Fetching weather for Csengele...
2026-10-06 06:10:34,326 - root - INFO - Fetched weather for Csengele: 13.2°C, Clear, humidity: 62%
2026-10-06 06:10:35,428 - root - INFO - [1046/1205] Fetching weather for Kistelek...
2026-10-06 06:10:35,496 - root - INFO - Fetched weather for Kistelek: 10.0°C, Clear, humidity: 60%
2026-10-06 06:10:36,598 - root - INFO - [1047/1205] Fetching weather for Balástya...
2026-10-06 06:10:36,661 - root - INFO - Fetched weather for Balástya: 10.0°C, Clear, humidity: 59%
2026-10-06 06:10:37,763 - root - INFO - [1048/1205] Fetching weather for Szatymaz...
2026-10-06 06:10:37,827 - root - INFO - Fetched weather for Szatymaz: 9.9°C, Clear, humidity: 58%
2026-10-06 06:10:38,929 - root - INFO - [1049/1205] Fetching weather for Kiskundorozsma...
2026-10-06 06:10:38,992 - root - INFO - Fetched weather for Kiskundorozsma: 10.0°C, Clear, humidity: 60%
2026-10-06 06:10:40,094 - root - INFO - [1050/1205] Fetching weather for Szeged...
2026-10-06 06:10:40,150 - root - INFO - Fetched weather for Szeged: 10.1°C, Clear, humidity: 62%
2026-10-06 06:10:41,252 - root - INFO - [1051/1205] Fetching weather for Alsóúrrét...
2026-10-06 06:10:41,317 - root - INFO - Fetched weather for Alsóúrrét: 6.0°C, Clouds, humidity: 65%
2026-10-06 06:10:42,419 - root - INFO - [1052/1205] Fetching weather for Nyárlőrinc...
2026-10-06 06:10:42,480 - root - INFO - Fetched weather for Nyárlőrinc: 6.0°C, Clouds, humidity: 65%
2026-10-06 06:10:43,581 - root - INFO - [1053/1205] Fetching weather for Világoshegy...
2026-10-06 06:10:43,644 - root - INFO - Fetched weather for Világoshegy: 6.1°C, Clouds, humidity: 65%
2026-10-06 06:10:44,745 - root - INFO - [1054/1205] Fetching weather for Szikra...
2026-10-06 06:10:44,818 - root - INFO - Fetched weather for Szikra: 13.2°C, Clouds, humidity: 40%
2026-10-06 06:10:45,920 - root - INFO - [1055/1205] Fetching weather for Lakitelek...
2026-10-06 06:10:45,985 - root - INFO - Fetched weather for Lakitelek: 13.3°C, Clouds, humidity: 40%
2026-10-06 06:10:47,086 - root - INFO - [1056/1205] Fetching weather for Tiszaug...
2026-10-06 06:10:47,158 - root - INFO - Fetched weather for Tiszaug: 13.3°C, Clouds, humidity: 40%
2026-10-06 06:10:48,259 - root - INFO - [1057/1205] Fetching weather for Tiszasas...
2026-10-06 06:10:48,323 - root - INFO - Fetched weather for Tiszasas: 13.3°C, Clouds, humidity: 40%
2026-10-06 06:10:49,424 - root - INFO - [1058/1205] Fetching weather for Csépa...
2026-10-06 06:10:49,488 - root - INFO - Fetched weather for Csépa: 13.3°C, Clouds, humidity: 40%
2026-10-06 06:10:50,589 - root - INFO - [1059/1205] Fetching weather for Szelevény...
2026-10-06 06:10:50,652 - root - INFO - Fetched weather for Szelevény: 13.3°C, Clouds, humidity: 40%
2026-10-06 06:10:51,754 - root - INFO - [1060/1205] Fetching weather for Gátér...
2026-10-06 06:10:51,830 - root - INFO - Fetched weather for Gátér: 13.3°C, Clear, humidity: 40%
2026-10-06 06:10:52,932 - root - INFO - [1061/1205] Fetching weather for Kónyaszék...
2026-10-06 06:10:52,998 - root - INFO - Fetched weather for Kónyaszék: 13.3°C, Clear, humidity: 40%
2026-10-06 06:10:54,100 - root - INFO - [1062/1205] Fetching weather for Csongrád...
2026-10-06 06:10:54,165 - root - INFO - Fetched weather for Csongrád: 13.3°C, Clear, humidity: 40%
2026-10-06 06:10:55,266 - root - INFO - [1063/1205] Fetching weather for Hékéd...
2026-10-06 06:10:55,335 - root - INFO - Fetched weather for Hékéd: 13.3°C, Clear, humidity: 37%
2026-10-06 06:10:56,436 - root - INFO - [1064/1205] Fetching weather for Fábiánsebestyén...
2026-10-06 06:10:56,501 - root - INFO - Fetched weather for Fábiánsebestyén: 13.3°C, Clear, humidity: 37%
2026-10-06 06:10:57,602 - root - INFO - [1065/1205] Fetching weather for Gádoros...
2026-10-06 06:10:57,667 - root - INFO - Fetched weather for Gádoros: 13.3°C, Clear, humidity: 62%
2026-10-06 06:10:58,769 - root - INFO - [1066/1205] Fetching weather for Justhmajor...
2026-10-06 06:10:58,838 - root - INFO - Fetched weather for Justhmajor: 13.3°C, Clear, humidity: 62%
2026-10-06 06:10:59,940 - root - INFO - [1067/1205] Fetching weather for Szentetornya...
2026-10-06 06:11:00,008 - root - INFO - Fetched weather for Szentetornya: 13.3°C, Clear, humidity: 62%
2026-10-06 06:11:01,110 - root - INFO - [1068/1205] Fetching weather for Gyopárosfürdő...
2026-10-06 06:11:01,174 - root - INFO - Fetched weather for Gyopárosfürdő: 13.3°C, Clear, humidity: 63%
2026-10-06 06:11:02,276 - root - INFO - [1069/1205] Fetching weather for Szabadságliget...
2026-10-06 06:11:02,339 - root - INFO - Fetched weather for Szabadságliget: 15.4°C, Clouds, humidity: 61%
2026-10-06 06:11:03,441 - root - INFO - [1070/1205] Fetching weather for Röszke...
2026-10-06 06:11:03,509 - root - INFO - Fetched weather for Röszke: 9.9°C, Clear, humidity: 59%
2026-10-06 06:11:04,611 - root - INFO - [1071/1205] Fetching weather for Tószeg...
2026-10-06 06:11:04,676 - root - INFO - Fetched weather for Tószeg: 11.7°C, Clouds, humidity: 53%
2026-10-06 06:11:05,778 - root - INFO - [1072/1205] Fetching weather for Tiszavárkony...
2026-10-06 06:11:05,840 - root - INFO - Fetched weather for Tiszavárkony: 11.7°C, Clouds, humidity: 53%
2026-10-06 06:11:06,941 - root - INFO - [1073/1205] Fetching weather for Tiszajenő-Vezseny...
2026-10-06 06:11:07,006 - root - INFO - Fetched weather for Tiszajenő-Vezseny: 11.7°C, Clouds, humidity: 53%
2026-10-06 06:11:08,107 - root - INFO - [1074/1205] Fetching weather for Újbög...
2026-10-06 06:11:08,184 - root - INFO - Fetched weather for Újbög: 11.6°C, Clouds, humidity: 53%
2026-10-06 06:11:09,286 - root - INFO - [1075/1205] Fetching weather for Tiszakécske...
2026-10-06 06:11:09,348 - root - INFO - Fetched weather for Tiszakécske: 11.7°C, Clouds, humidity: 53%
2026-10-06 06:11:10,450 - root - INFO - [1076/1205] Fetching weather for Kerekdomb...
2026-10-06 06:11:10,522 - root - INFO - Fetched weather for Kerekdomb: 11.7°C, Clouds, humidity: 65%
2026-10-06 06:11:11,624 - root - INFO - [1077/1205] Fetching weather for Tiszaalpár...
2026-10-06 06:11:11,685 - root - INFO - Fetched weather for Tiszaalpár: 13.3°C, Clouds, humidity: 40%
2026-10-06 06:11:12,786 - root - INFO - [1078/1205] Fetching weather for Tiszaalpár alsó...
2026-10-06 06:11:12,849 - root - INFO - Fetched weather for Tiszaalpár alsó: 13.3°C, Clouds, humidity: 40%
2026-10-06 06:11:13,951 - root - INFO - [1079/1205] Fetching weather for Tiszatenyő...
2026-10-06 06:11:14,013 - root - INFO - Fetched weather for Tiszatenyő: 9.0°C, Clouds, humidity: 61%
2026-10-06 06:11:15,115 - root - INFO - [1080/1205] Fetching weather for Pusztapó...
2026-10-06 06:11:15,180 - root - INFO - Fetched weather for Pusztapó: 9.0°C, Clouds, humidity: 61%
2026-10-06 06:11:16,282 - root - INFO - [1081/1205] Fetching weather for Kétpó...
2026-10-06 06:11:16,346 - root - INFO - Fetched weather for Kétpó: 9.0°C, Clouds, humidity: 61%
2026-10-06 06:11:17,447 - root - INFO - [1082/1205] Fetching weather for Mezőtúr...
2026-10-06 06:11:17,514 - root - INFO - Fetched weather for Mezőtúr: 10.5°C, Clouds, humidity: 65%
2026-10-06 06:11:18,615 - root - INFO - [1083/1205] Fetching weather for Nagylapos...
2026-10-06 06:11:18,677 - root - INFO - Fetched weather for Nagylapos: 10.6°C, Clouds, humidity: 64%
2026-10-06 06:11:19,778 - root - INFO - [1084/1205] Fetching weather for Gyoma...
2026-10-06 06:11:19,844 - root - INFO - Fetched weather for Gyoma: 10.6°C, Clouds, humidity: 63%
2026-10-06 06:11:20,945 - root - INFO - [1085/1205] Fetching weather for Csárdaszállás...
2026-10-06 06:11:21,011 - root - INFO - Fetched weather for Csárdaszállás: 10.6°C, Clouds, humidity: 64%
2026-10-06 06:11:22,113 - root - INFO - [1086/1205] Fetching weather for Mezőberény...
2026-10-06 06:11:22,178 - root - INFO - Fetched weather for Mezőberény: 10.7°C, Clear, humidity: 64%
2026-10-06 06:11:23,280 - root - INFO - [1087/1205] Fetching weather for Murony...
2026-10-06 06:11:23,392 - root - INFO - Fetched weather for Murony: 10.7°C, Clear, humidity: 65%
2026-10-06 06:11:24,493 - root - INFO - [1088/1205] Fetching weather for Békéscsaba...
2026-10-06 06:11:24,558 - root - INFO - Fetched weather for Békéscsaba: 10.8°C, Clear, humidity: 68%
2026-10-06 06:11:25,660 - root - INFO - [1089/1205] Fetching weather for Kétegyháza...
2026-10-06 06:11:25,729 - root - INFO - Fetched weather for Kétegyháza: 11.1°C, Clear, humidity: 70%
2026-10-06 06:11:26,830 - root - INFO - [1090/1205] Fetching weather for Lőkösháza...
2026-10-06 06:11:26,893 - root - INFO - Fetched weather for Lőkösháza: 12.8°C, Clear, humidity: 72%
2026-10-06 06:11:27,994 - root - INFO - [1091/1205] Fetching weather for Kengyel...
2026-10-06 06:11:28,055 - root - INFO - Fetched weather for Kengyel: 9.0°C, Clouds, humidity: 61%
2026-10-06 06:11:29,157 - root - INFO - [1092/1205] Fetching weather for Bagimajor...
2026-10-06 06:11:29,218 - root - INFO - Fetched weather for Bagimajor: 9.0°C, Clouds, humidity: 61%
2026-10-06 06:11:30,319 - root - INFO - [1093/1205] Fetching weather for Martfű...
2026-10-06 06:11:30,398 - root - INFO - Fetched weather for Martfű: 9.0°C, Clouds, humidity: 61%
2026-10-06 06:11:31,499 - root - INFO - [1094/1205] Fetching weather for Tiszaföldvár...
2026-10-06 06:11:31,571 - root - INFO - Fetched weather for Tiszaföldvár: 9.0°C, Clouds, humidity: 61%
2026-10-06 06:11:32,672 - root - INFO - [1095/1205] Fetching weather for Homok...
2026-10-06 06:11:32,740 - root - INFO - Fetched weather for Homok: 11.7°C, Clouds, humidity: 53%
2026-10-06 06:11:33,842 - root - INFO - [1096/1205] Fetching weather for Kungyalu...
2026-10-06 06:11:33,904 - root - INFO - Fetched weather for Kungyalu: 12.4°C, Clouds, humidity: 63%
2026-10-06 06:11:35,006 - root - INFO - [1097/1205] Fetching weather for Kunszentmárton...
2026-10-06 06:11:35,070 - root - INFO - Fetched weather for Kunszentmárton: 13.3°C, Clouds, humidity: 40%
2026-10-06 06:11:36,172 - root - INFO - [1098/1205] Fetching weather for Nagytőke...
2026-10-06 06:11:36,242 - root - INFO - Fetched weather for Nagytőke: 13.3°C, Clouds, humidity: 37%
2026-10-06 06:11:37,344 - root - INFO - [1099/1205] Fetching weather for Szentes...
2026-10-06 06:11:37,409 - root - INFO - Fetched weather for Szentes: 13.3°C, Clear, humidity: 37%
2026-10-06 06:11:38,511 - root - INFO - [1100/1205] Fetching weather for Szegvár...
2026-10-06 06:11:38,577 - root - INFO - Fetched weather for Szegvár: 13.3°C, Clear, humidity: 37%
2026-10-06 06:11:39,679 - root - INFO - [1101/1205] Fetching weather for Mindszent...
2026-10-06 06:11:39,742 - root - INFO - Fetched weather for Mindszent: 13.3°C, Clear, humidity: 37%
2026-10-06 06:11:40,843 - root - INFO - [1102/1205] Fetching weather for Mártély...
2026-10-06 06:11:40,907 - root - INFO - Fetched weather for Mártély: 13.4°C, Clear, humidity: 61%
2026-10-06 06:11:42,009 - root - INFO - [1103/1205] Fetching weather for Pusztabánréve...
2026-10-06 06:11:42,080 - root - INFO - Fetched weather for Pusztabánréve: 10.5°C, Clouds, humidity: 64%
2026-10-06 06:11:43,181 - root - INFO - [1104/1205] Fetching weather for Szarvas...
2026-10-06 06:11:43,249 - root - INFO - Fetched weather for Szarvas: 10.5°C, Clouds, humidity: 63%
2026-10-06 06:11:44,351 - root - INFO - [1105/1205] Fetching weather for Csabacsűd...
2026-10-06 06:11:44,419 - root - INFO - Fetched weather for Csabacsűd: 10.6°C, Clouds, humidity: 63%
2026-10-06 06:11:45,520 - root - INFO - [1106/1205] Fetching weather for Kisszénás...
2026-10-06 06:11:45,583 - root - INFO - Fetched weather for Kisszénás: 10.7°C, Clear, humidity: 63%
2026-10-06 06:11:46,684 - root - INFO - [1107/1205] Fetching weather for Kiscsákó...
2026-10-06 06:11:46,746 - root - INFO - Fetched weather for Kiscsákó: 10.7°C, Clear, humidity: 62%
2026-10-06 06:11:47,847 - root - INFO - [1108/1205] Fetching weather for Nagyszénás...
2026-10-06 06:11:47,912 - root - INFO - Fetched weather for Nagyszénás: 10.6°C, Clear, humidity: 62%
2026-10-06 06:11:49,014 - root - INFO - [1109/1205] Fetching weather for Kardoskút...
2026-10-06 06:11:49,078 - root - INFO - Fetched weather for Kardoskút: 10.7°C, Clear, humidity: 64%
2026-10-06 06:11:50,180 - root - INFO - [1110/1205] Fetching weather for Tótkomlós...
2026-10-06 06:11:50,244 - root - INFO - Fetched weather for Tótkomlós: 10.7°C, Clear, humidity: 66%
2026-10-06 06:11:51,345 - root - INFO - [1111/1205] Fetching weather for Nagyér...
2026-10-06 06:11:51,408 - root - INFO - Fetched weather for Nagyér: 10.7°C, Clear, humidity: 66%
2026-10-06 06:11:52,510 - root - INFO - [1112/1205] Fetching weather for Pitvaros...
2026-10-06 06:11:52,575 - root - INFO - Fetched weather for Pitvaros: 10.8°C, Clear, humidity: 68%
2026-10-06 06:11:53,677 - root - INFO - [1113/1205] Fetching weather for Dévaványa...
2026-10-06 06:11:53,743 - root - INFO - Fetched weather for Dévaványa: 10.6°C, Clouds, humidity: 64%
2026-10-06 06:11:54,845 - root - INFO - [1114/1205] Fetching weather for Körösladány...
2026-10-06 06:11:54,911 - root - INFO - Fetched weather for Körösladány: 10.6°C, Clouds, humidity: 66%
2026-10-06 06:11:56,013 - root - INFO - [1115/1205] Fetching weather for Szeghalom...
2026-10-06 06:11:56,076 - root - INFO - Fetched weather for Szeghalom: 10.6°C, Clouds, humidity: 66%
2026-10-06 06:11:57,177 - root - INFO - [1116/1205] Fetching weather for Vésztő...
2026-10-06 06:11:57,246 - root - INFO - Fetched weather for Vésztő: 10.6°C, Clear, humidity: 67%
2026-10-06 06:11:58,348 - root - INFO - [1117/1205] Fetching weather for Szeged-Rókus...
2026-10-06 06:11:58,416 - root - INFO - Fetched weather for Szeged-Rókus: 10.0°C, Clear, humidity: 61%
2026-10-06 06:11:59,518 - root - INFO - [1118/1205] Fetching weather for Algyő...
2026-10-06 06:11:59,587 - root - INFO - Fetched weather for Algyő: 10.2°C, Clear, humidity: 62%
2026-10-06 06:12:00,689 - root - INFO - [1119/1205] Fetching weather for Hódmezővásárhelyi Népkert...
2026-10-06 06:12:00,747 - root - INFO - Fetched weather for Hódmezővásárhelyi Népkert: 13.3°C, Clear, humidity: 62%
2026-10-06 06:12:01,848 - root - INFO - [1120/1205] Fetching weather for Hódmezővásárhely...
2026-10-06 06:12:01,914 - root - INFO - Fetched weather for Hódmezővásárhely: 13.3°C, Clear, humidity: 62%
2026-10-06 06:12:03,016 - root - INFO - [1121/1205] Fetching weather for Körmend...
2026-10-06 06:12:03,079 - root - INFO - Fetched weather for Körmend: 8.6°C, Clear, humidity: 90%
2026-10-06 06:12:04,181 - root - INFO - [1122/1205] Fetching weather for Szentgotthárd...
2026-10-06 06:12:04,243 - root - INFO - Fetched weather for Szentgotthárd: 8.5°C, Clear, humidity: 91%
2026-10-06 06:12:05,345 - root - INFO - [1123/1205] Fetching weather for Szombathely...
2026-10-06 06:12:05,413 - root - INFO - Fetched weather for Szombathely: 8.7°C, Clear, humidity: 86%
2026-10-06 06:12:06,515 - root - INFO - [1124/1205] Fetching weather for Sáferkút...
2026-10-06 06:12:06,578 - root - INFO - Fetched weather for Sáferkút: 9.7°C, Clear, humidity: 71%
2026-10-06 06:12:07,680 - root - INFO - [1125/1205] Fetching weather for Magdolnavölgy...
2026-10-06 06:12:07,743 - root - INFO - Fetched weather for Magdolnavölgy: 15.4°C, Clouds, humidity: 75%
2026-10-06 06:12:08,844 - root - INFO - [1126/1205] Fetching weather for Haris...
2026-10-06 06:12:08,907 - root - INFO - Fetched weather for Haris: 8.5°C, Clear, humidity: 91%
2026-10-06 06:12:10,009 - root - INFO - [1127/1205] Fetching weather for Egyházasrádóc...
2026-10-06 06:12:10,079 - root - INFO - Fetched weather for Egyházasrádóc: 8.5°C, Clear, humidity: 89%
2026-10-06 06:12:11,181 - root - INFO - [1128/1205] Fetching weather for Alsórönök...
2026-10-06 06:12:11,247 - root - INFO - Fetched weather for Alsórönök: 8.5°C, Clear, humidity: 91%
2026-10-06 06:12:12,349 - root - INFO - [1129/1205] Fetching weather for Szombathely-Szőlős...
2026-10-06 06:12:12,415 - root - INFO - Fetched weather for Szombathely-Szőlős: 8.8°C, Clear, humidity: 86%
2026-10-06 06:12:13,517 - root - INFO - [1130/1205] Fetching weather for Rátót...
2026-10-06 06:12:13,588 - root - INFO - Fetched weather for Rátót: 8.4°C, Clear, humidity: 90%
2026-10-06 06:12:14,689 - root - INFO - [1131/1205] Fetching weather for Ják-Balogunyom...
2026-10-06 06:12:14,752 - root - INFO - Fetched weather for Ják-Balogunyom: 8.8°C, Clear, humidity: 87%
2026-10-06 06:12:15,854 - root - INFO - [1132/1205] Fetching weather for Vasvár...
2026-10-06 06:12:15,917 - root - INFO - Fetched weather for Vasvár: 8.7°C, Clear, humidity: 89%
2026-10-06 06:12:17,019 - root - INFO - [1133/1205] Fetching weather for Répcelak...
2026-10-06 06:12:17,086 - root - INFO - Fetched weather for Répcelak: 9.3°C, Clear, humidity: 86%
2026-10-06 06:12:18,188 - root - INFO - [1134/1205] Fetching weather for Rajka...
2026-10-06 06:12:18,250 - root - INFO - Fetched weather for Rajka: 12.3°C, Clouds, humidity: 79%
2026-10-06 06:12:19,352 - root - INFO - [1135/1205] Fetching weather for Püspökmolnári...
2026-10-06 06:12:19,418 - root - INFO - Fetched weather for Püspökmolnári: 8.7°C, Clear, humidity: 89%
2026-10-06 06:12:20,519 - root - INFO - [1136/1205] Fetching weather for Kőszeg...
2026-10-06 06:12:20,580 - root - INFO - Fetched weather for Kőszeg: 8.4°C, Clear, humidity: 87%
2026-10-06 06:12:21,682 - root - INFO - [1137/1205] Fetching weather for Kastélypark...
2026-10-06 06:12:21,757 - root - INFO - Fetched weather for Kastélypark: 16.2°C, Clear, humidity: 61%
2026-10-06 06:12:22,859 - root - INFO - [1138/1205] Fetching weather for Hanságliget...
2026-10-06 06:12:22,919 - root - INFO - Fetched weather for Hanságliget: 9.6°C, Clear, humidity: 87%
2026-10-06 06:12:24,021 - root - INFO - [1139/1205] Fetching weather for Vica...
2026-10-06 06:12:24,083 - root - INFO - Fetched weather for Vica: 9.3°C, Clear, humidity: 86%
2026-10-06 06:12:25,185 - root - INFO - [1140/1205] Fetching weather for Vép...
2026-10-06 06:12:25,278 - root - INFO - Fetched weather for Vép: 8.8°C, Clear, humidity: 86%
2026-10-06 06:12:26,380 - root - INFO - [1141/1205] Fetching weather for Mosonszolnok...
2026-10-06 06:12:26,443 - root - INFO - Fetched weather for Mosonszolnok: 9.6°C, Clear, humidity: 88%
2026-10-06 06:12:27,544 - root - INFO - [1142/1205] Fetching weather for Jánossomorja...
2026-10-06 06:12:27,618 - root - INFO - Fetched weather for Jánossomorja: 9.6°C, Clear, humidity: 88%
2026-10-06 06:12:28,720 - root - INFO - [1143/1205] Fetching weather for Bősárkány...
2026-10-06 06:12:28,788 - root - INFO - Fetched weather for Bősárkány: 9.5°C, Clear, humidity: 87%
2026-10-06 06:12:29,890 - root - INFO - [1144/1205] Fetching weather for Szil-Sopronnémeti...
2026-10-06 06:12:29,955 - root - INFO - Fetched weather for Szil-Sopronnémeti: 5.2°C, Clear, humidity: 86%
2026-10-06 06:12:31,057 - root - INFO - [1145/1205] Fetching weather for Magyarkeresztúr-Zsebeháza...
2026-10-06 06:12:31,140 - root - INFO - Fetched weather for Magyarkeresztúr-Zsebeháza: 5.1°C, Clear, humidity: 86%
2026-10-06 06:12:32,242 - root - INFO - [1146/1205] Fetching weather for Páli-Vadosfa...
2026-10-06 06:12:32,309 - root - INFO - Fetched weather for Páli-Vadosfa: 9.3°C, Clear, humidity: 86%
2026-10-06 06:12:33,410 - root - INFO - [1147/1205] Fetching weather for Beled...
2026-10-06 06:12:33,477 - root - INFO - Fetched weather for Beled: 9.3°C, Clear, humidity: 86%
2026-10-06 06:12:34,579 - root - INFO - [1148/1205] Fetching weather for Dénesfa...
2026-10-06 06:12:34,654 - root - INFO - Fetched weather for Dénesfa: 9.3°C, Clear, humidity: 86%
2026-10-06 06:12:35,756 - root - INFO - [1149/1205] Fetching weather for Csánig...
2026-10-06 06:12:35,819 - root - INFO - Fetched weather for Csánig: 9.3°C, Clear, humidity: 86%
2026-10-06 06:12:36,921 - root - INFO - [1150/1205] Fetching weather for Vámoscsalád...
2026-10-06 06:12:36,984 - root - INFO - Fetched weather for Vámoscsalád: 9.2°C, Clear, humidity: 86%
2026-10-06 06:12:38,086 - root - INFO - [1151/1205] Fetching weather for Vasegerszeg...
2026-10-06 06:12:38,147 - root - INFO - Fetched weather for Vasegerszeg: 9.2°C, Clear, humidity: 86%
2026-10-06 06:12:39,248 - root - INFO - [1152/1205] Fetching weather for Hegyfalu...
2026-10-06 06:12:39,313 - root - INFO - Fetched weather for Hegyfalu: 9.2°C, Clear, humidity: 86%
2026-10-06 06:12:40,414 - root - INFO - [1153/1205] Fetching weather for Pósfa...
2026-10-06 06:12:40,479 - root - INFO - Fetched weather for Pósfa: 9.2°C, Clear, humidity: 86%
2026-10-06 06:12:41,580 - root - INFO - [1154/1205] Fetching weather for Ölbő-Alsószeleste...
2026-10-06 06:12:41,651 - root - INFO - Fetched weather for Ölbő-Alsószeleste: 8.9°C, Clear, humidity: 87%
2026-10-06 06:12:42,752 - root - INFO - [1155/1205] Fetching weather for Gencsapáti felső...
2026-10-06 06:12:42,818 - root - INFO - Fetched weather for Gencsapáti felső: 8.7°C, Clear, humidity: 86%
2026-10-06 06:12:43,920 - root - INFO - [1156/1205] Fetching weather for Lukácsháza alsó...
2026-10-06 06:12:43,984 - root - INFO - Fetched weather for Lukácsháza alsó: 8.6°C, Clear, humidity: 86%
2026-10-06 06:12:45,085 - root - INFO - [1157/1205] Fetching weather for Kőszegfalva...
2026-10-06 06:12:45,147 - root - INFO - Fetched weather for Kőszegfalva: 8.6°C, Clear, humidity: 87%
2026-10-06 06:12:46,248 - root - INFO - [1158/1205] Fetching weather for Gyöngyöshermán...
2026-10-06 06:12:46,317 - root - INFO - Fetched weather for Gyöngyöshermán: 8.8°C, Clear, humidity: 86%
2026-10-06 06:12:47,418 - root - INFO - [1159/1205] Fetching weather for Bezenye...
2026-10-06 06:12:47,498 - root - INFO - Fetched weather for Bezenye: 12.3°C, Clouds, humidity: 88%
2026-10-06 06:12:48,600 - root - INFO - [1160/1205] Fetching weather for Kámon...
2026-10-06 06:12:48,666 - root - INFO - Fetched weather for Kámon: 8.7°C, Clear, humidity: 86%
2026-10-06 06:12:49,768 - root - INFO - [1161/1205] Fetching weather for Sorkifalud...
2026-10-06 06:12:49,833 - root - INFO - Fetched weather for Sorkifalud: 8.8°C, Clear, humidity: 88%
2026-10-06 06:12:50,935 - root - INFO - [1162/1205] Fetching weather for Szentléránt...
2026-10-06 06:12:51,005 - root - INFO - Fetched weather for Szentléránt: 8.8°C, Clear, humidity: 88%
2026-10-06 06:12:52,107 - root - INFO - [1163/1205] Fetching weather for Pácsony...
2026-10-06 06:12:52,171 - root - INFO - Fetched weather for Pácsony: 8.6°C, Clear, humidity: 89%
2026-10-06 06:12:53,273 - root - INFO - [1164/1205] Fetching weather for Győrvár...
2026-10-06 06:12:53,336 - root - INFO - Fetched weather for Győrvár: 8.6°C, Clear, humidity: 89%
2026-10-06 06:12:54,438 - root - INFO - [1165/1205] Fetching weather for Egervár-Vasboldogasszony...
2026-10-06 06:12:54,500 - root - INFO - Fetched weather for Egervár-Vasboldogasszony: 8.8°C, Clear, humidity: 89%
2026-10-06 06:12:55,602 - root - INFO - [1166/1205] Fetching weather for Zalaszentlőrinc...
2026-10-06 06:12:55,664 - root - INFO - Fetched weather for Zalaszentlőrinc: 8.7°C, Clear, humidity: 89%
2026-10-06 06:12:56,765 - root - INFO - [1167/1205] Fetching weather for Gencsapáti alsó...
2026-10-06 06:12:56,837 - root - INFO - Fetched weather for Gencsapáti alsó: 8.7°C, Clear, humidity: 86%
2026-10-06 06:12:57,939 - root - INFO - [1168/1205] Fetching weather for Gyöngyösfalu...
2026-10-06 06:12:58,010 - root - INFO - Fetched weather for Gyöngyösfalu: 8.7°C, Clear, humidity: 86%
2026-10-06 06:12:59,111 - root - INFO - [1169/1205] Fetching weather for Lukácsháza...
2026-10-06 06:12:59,178 - root - INFO - Fetched weather for Lukácsháza: 8.5°C, Clear, humidity: 87%
2026-10-06 06:13:00,279 - root - INFO - [1170/1205] Fetching weather for Horvátnádalja...
2026-10-06 06:13:00,348 - root - INFO - Fetched weather for Horvátnádalja: 8.6°C, Clear, humidity: 90%
2026-10-06 06:13:01,450 - root - INFO - [1171/1205] Fetching weather for Csákánydoroszló...
2026-10-06 06:13:01,517 - root - INFO - Fetched weather for Csákánydoroszló: 8.6°C, Clear, humidity: 90%
2026-10-06 06:13:02,619 - root - INFO - [1172/1205] Fetching weather for Váckisújfalu...
2026-10-06 06:13:02,689 - root - INFO - Fetched weather for Váckisújfalu: 12.0°C, Clouds, humidity: 55%
2026-10-06 06:13:03,790 - root - INFO - [1173/1205] Fetching weather for Csisztafürdő...
2026-10-06 06:13:03,863 - root - INFO - Fetched weather for Csisztafürdő: 8.8°C, Clouds, humidity: 85%
2026-10-06 06:13:04,965 - root - INFO - [1174/1205] Fetching weather for Mórágy...
2026-10-06 06:13:05,027 - root - INFO - Fetched weather for Mórágy: 15.0°C, Clear, humidity: 58%
2026-10-06 06:13:06,129 - root - INFO - [1175/1205] Fetching weather for Kismacs...
2026-10-06 06:13:06,203 - root - INFO - Fetched weather for Kismacs: 7.9°C, Clouds, humidity: 71%
2026-10-06 06:13:07,305 - root - INFO - [1176/1205] Fetching weather for Pusztaszentistván...
2026-10-06 06:13:07,377 - root - INFO - Fetched weather for Pusztaszentistván: 7.8°C, Clouds, humidity: 66%
2026-10-06 06:13:08,479 - root - INFO - [1177/1205] Fetching weather for Aranyvölgy...
2026-10-06 06:13:08,545 - root - INFO - Fetched weather for Aranyvölgy: 12.2°C, Clouds, humidity: 55%
2026-10-06 06:13:09,647 - root - INFO - [1178/1205] Fetching weather for Szélhegy...
2026-10-06 06:13:09,714 - root - INFO - Fetched weather for Szélhegy: 16.2°C, Clouds, humidity: 61%
2026-10-06 06:13:10,815 - root - INFO - [1179/1205] Fetching weather for Vörösvárbánya...
2026-10-06 06:13:10,894 - root - INFO - Fetched weather for Vörösvárbánya: 16.2°C, Clouds, humidity: 61%
2026-10-06 06:13:11,996 - root - INFO - [1180/1205] Fetching weather for Máriaszőlőtelep...
2026-10-06 06:13:12,060 - root - INFO - Fetched weather for Máriaszőlőtelep: 4.1°C, Clouds, humidity: 93%
2026-10-06 06:13:13,162 - root - INFO - [1181/1205] Fetching weather for Akadémiaújtelep...
2026-10-06 06:13:13,223 - root - INFO - Fetched weather for Akadémiaújtelep: 12.2°C, Clouds, humidity: 55%
2026-10-06 06:13:14,325 - root - INFO - [1182/1205] Fetching weather for Újpalota...
2026-10-06 06:13:14,394 - root - INFO - Fetched weather for Újpalota: 12.3°C, Clouds, humidity: 55%
2026-10-06 06:13:15,496 - root - INFO - [1183/1205] Fetching weather for Szeged, Somogyi utca...
2026-10-06 06:13:15,553 - root - INFO - Fetched weather for Szeged, Somogyi utca: 10.1°C, Clear, humidity: 62%
2026-10-06 06:13:16,654 - root - INFO - [1184/1205] Fetching weather for Hódmezővásárhely, Hősök tere...
2026-10-06 06:13:16,718 - root - INFO - Fetched weather for Hódmezővásárhely, Hősök tere: 13.3°C, Clear, humidity: 62%
2026-10-06 06:13:17,820 - root - INFO - [1185/1205] Fetching weather for Hódmezővásárhely, Kossuth tér...
2026-10-06 06:13:17,876 - root - INFO - Fetched weather for Hódmezővásárhely, Kossuth tér: 13.3°C, Clear, humidity: 62%
2026-10-06 06:13:18,978 - root - INFO - [1186/1205] Fetching weather for Hódmezővásárhely, Strandfürdő...
2026-10-06 06:13:19,039 - root - INFO - Fetched weather for Hódmezővásárhely, Strandfürdő: 13.3°C, Clear, humidity: 62%
2026-10-06 06:13:20,140 - root - INFO - [1187/1205] Fetching weather for Szeged, Széchenyi tér...
2026-10-06 06:13:20,198 - root - INFO - Fetched weather for Szeged, Széchenyi tér: 10.1°C, Clear, humidity: 62%
2026-10-06 06:13:21,300 - root - INFO - [1188/1205] Fetching weather for Szeged, Anna-kút...
2026-10-06 06:13:21,361 - root - INFO - Fetched weather for Szeged, Anna-kút: 10.1°C, Clear, humidity: 62%
2026-10-06 06:13:22,462 - root - INFO - [1189/1205] Fetching weather for Szeged, Rókusi templom...
2026-10-06 06:13:22,523 - root - INFO - Fetched weather for Szeged, Rókusi templom: 10.1°C, Clear, humidity: 62%
2026-10-06 06:13:23,624 - root - INFO - [1190/1205] Fetching weather for Hódmezővásárhely, Kálvin János tér...
2026-10-06 06:13:23,684 - root - INFO - Fetched weather for Hódmezővásárhely, Kálvin János tér: 13.3°C, Clear, humidity: 62%
2026-10-06 06:13:24,785 - root - INFO - [1191/1205] Fetching weather for Hódmezővásárhely vasútállomás...
2026-10-06 06:13:24,844 - root - INFO - Fetched weather for Hódmezővásárhely vasútállomás: 13.3°C, Clear, humidity: 62%
2026-10-06 06:13:25,945 - root - INFO - [1192/1205] Fetching weather for Szeged, Tavasz utca...
2026-10-06 06:13:26,003 - root - INFO - Fetched weather for Szeged, Tavasz utca: 10.1°C, Clear, humidity: 62%
2026-10-06 06:13:27,104 - root - INFO - [1193/1205] Fetching weather for Szeged, Damjanich utca...
2026-10-06 06:13:27,165 - root - INFO - Fetched weather for Szeged, Damjanich utca: 10.1°C, Clear, humidity: 62%
2026-10-06 06:13:28,266 - root - INFO - [1194/1205] Fetching weather for Szeged, Vásárhelyi Pál utca...
2026-10-06 06:13:28,335 - root - INFO - Fetched weather for Szeged, Vásárhelyi Pál utca: 10.1°C, Clear, humidity: 62%
2026-10-06 06:13:29,436 - root - INFO - [1195/1205] Fetching weather for Szeged, Bécsi körút ...
2026-10-06 06:13:29,493 - root - INFO - Fetched weather for Szeged, Bécsi körút : 10.1°C, Clear, humidity: 62%
2026-10-06 06:13:30,595 - root - INFO - [1196/1205] Fetching weather for Hódmezővásárhelyi Népkert vasútállomás...
2026-10-06 06:13:30,653 - root - INFO - Fetched weather for Hódmezővásárhelyi Népkert vasútállomás: 13.3°C, Clear, humidity: 62%
2026-10-06 06:13:31,755 - root - INFO - [1197/1205] Fetching weather for Szeged vasútállomás...
2026-10-06 06:13:31,815 - root - INFO - Fetched weather for Szeged vasútállomás: 10.1°C, Clear, humidity: 62%
2026-10-06 06:13:32,917 - root - INFO - [1198/1205] Fetching weather for Szeged, Bem utca...
2026-10-06 06:13:32,974 - root - INFO - Fetched weather for Szeged, Bem utca: 10.1°C, Clear, humidity: 62%
2026-10-06 06:13:34,076 - root - INFO - [1199/1205] Fetching weather for Szeged, Galamb utca...
2026-10-06 06:13:34,134 - root - INFO - Fetched weather for Szeged, Galamb utca: 10.1°C, Clear, humidity: 62%
2026-10-06 06:13:35,235 - root - INFO - [1200/1205] Fetching weather for Szeged, Aradi vértanúk tere...
2026-10-06 06:13:35,292 - root - INFO - Fetched weather for Szeged, Aradi vértanúk tere: 10.1°C, Clear, humidity: 62%
2026-10-06 06:13:36,393 - root - INFO - [1201/1205] Fetching weather for Szeged, Pulz utca...
2026-10-06 06:13:36,451 - root - INFO - Fetched weather for Szeged, Pulz utca: 10.1°C, Clear, humidity: 62%
2026-10-06 06:13:37,552 - root - INFO - [1202/1205] Fetching weather for Szeged, Rókus vasútállomás...
2026-10-06 06:13:37,612 - root - INFO - Fetched weather for Szeged, Rókus vasútállomás: 10.0°C, Clear, humidity: 61%
2026-10-06 06:13:38,714 - root - INFO - [1203/1205] Fetching weather for Látókép...
2026-10-06 06:13:38,780 - root - INFO - Fetched weather for Látókép: 7.9°C, Clouds, humidity: 71%
2026-10-06 06:13:39,882 - root - INFO - [1204/1205] Fetching weather for Szentmihálytelek...
2026-10-06 06:13:39,949 - root - INFO - Fetched weather for Szentmihálytelek: 10.0°C, Clear, humidity: 60%
2026-10-06 06:13:41,050 - root - INFO - [1205/1205] Fetching weather for Kisvarsány...
2026-10-06 06:13:41,114 - root - INFO - Fetched weather for Kisvarsány: 10.5°C, Clouds, humidity: 78%
2026-10-06 06:13:42,220 - root - INFO - Successfully collected weather for 1205 stations
2026-10-06 06:13:42,230 - root - INFO - Saved weather data to data/weather/current_20261006_0600.csv
2026-10-06 06:13:42,230 - root - INFO - File size: 145.5 KB
2026-10-06 06:13:42,230 - root - INFO - 
============================================================
2026-10-06 06:13:42,230 - root - INFO - WEATHER COLLECTION SUMMARY
2026-10-06 06:13:42,230 - root - INFO - ============================================================
2026-10-06 06:13:42,230 - root - INFO - 
Data Coverage:
2026-10-06 06:13:42,230 - root - INFO -   - Total stations: 1205
2026-10-06 06:13:42,231 - root - INFO -   - Collection time: 2026-10-06 05:50:06.607784
2026-10-06 06:13:42,231 - root - INFO -   - Collection hour: 05:00
2026-10-06 06:13:42,231 - root - INFO - 
Weather Statistics:
2026-10-06 06:13:42,231 - root - INFO -   - Temperature range: 2.6°C to 17.0°C
2026-10-06 06:13:42,232 - root - INFO -   - Average temperature: 9.8°C
2026-10-06 06:13:42,232 - root - INFO -   - Average humidity: 72%
2026-10-06 06:13:42,232 - root - INFO -   - Average wind speed: 0.9 m/s
2026-10-06 06:13:42,232 - root - INFO -   - Stations with precipitation: 0 (0.0%)
2026-10-06 06:13:42,232 - root - INFO - 
Weather Conditions Distribution:
2026-10-06 06:13:42,233 - root - INFO -   - Clear: 616 (51.1%)
2026-10-06 06:13:42,233 - root - INFO -   - Clouds: 589 (48.9%)
2026-10-06 06:13:42,233 - root - INFO - ============================================================

2026-10-06 06:13:42,233 - __main__ - INFO - Current weather collection completed successfully!
