2026-06-11 10:44:31,842 - __main__ - INFO - ============================================================
2026-06-11 10:44:31,842 - __main__ - INFO - CURRENT WEATHER COLLECTION STARTED
2026-06-11 10:44:31,842 - __main__ - INFO - ============================================================
2026-06-11 10:44:31,842 - __main__ - INFO - Collection time: 2026-06-11 10:44:31
2026-06-11 10:44:31,842 - __main__ - INFO - ============================================================

2026-06-11 10:44:31,842 - root - INFO - Starting current weather collection...
2026-06-11 10:44:31,852 - root - INFO - Loaded 1205 unique station coordinates from GTFS
2026-06-11 10:44:31,852 - root - INFO - Collecting weather for 1205 unique stations...
2026-06-11 10:44:31,853 - root - INFO - [1/1205] Fetching weather for Búcsúszentlászló...
2026-06-11 10:44:32,050 - root - INFO - Fetched weather for Búcsúszentlászló: 19.9°C, Clouds, humidity: 43%
2026-06-11 10:44:33,152 - root - INFO - [2/1205] Fetching weather for Angyalföld...
2026-06-11 10:44:33,315 - root - INFO - Fetched weather for Angyalföld: 19.3°C, Clouds, humidity: 58%
2026-06-11 10:44:34,417 - root - INFO - [3/1205] Fetching weather for Felsőjánosfa...
2026-06-11 10:44:34,549 - root - INFO - Fetched weather for Felsőjánosfa: 19.6°C, Clouds, humidity: 47%
2026-06-11 10:44:35,651 - root - INFO - [4/1205] Fetching weather for Pankasz...
2026-06-11 10:44:35,813 - root - INFO - Fetched weather for Pankasz: 19.4°C, Clouds, humidity: 49%
2026-06-11 10:44:36,915 - root - INFO - [5/1205] Fetching weather for Nagyrákos...
2026-06-11 10:44:37,080 - root - INFO - Fetched weather for Nagyrákos: 19.3°C, Clouds, humidity: 50%
2026-06-11 10:44:38,182 - root - INFO - [6/1205] Fetching weather for Őriszentpéter...
2026-06-11 10:44:38,340 - root - INFO - Fetched weather for Őriszentpéter: 19.4°C, Clouds, humidity: 51%
2026-06-11 10:44:39,442 - root - INFO - [7/1205] Fetching weather for Törökbálint...
2026-06-11 10:44:39,603 - root - INFO - Fetched weather for Törökbálint: 18.6°C, Clouds, humidity: 59%
2026-06-11 10:44:40,705 - root - INFO - [8/1205] Fetching weather for Bicske alsó...
2026-06-11 10:44:40,836 - root - INFO - Fetched weather for Bicske alsó: 17.3°C, Clouds, humidity: 56%
2026-06-11 10:44:41,938 - root - INFO - [9/1205] Fetching weather for Bajánsenye...
2026-06-11 10:44:42,100 - root - INFO - Fetched weather for Bajánsenye: 19.5°C, Clouds, humidity: 52%
2026-06-11 10:44:43,202 - root - INFO - [10/1205] Fetching weather for Aquincum...
2026-06-11 10:44:43,363 - root - INFO - Fetched weather for Aquincum: 19.3°C, Clouds, humidity: 59%
2026-06-11 10:44:44,465 - root - INFO - [11/1205] Fetching weather for Piliscsév...
2026-06-11 10:44:44,626 - root - INFO - Fetched weather for Piliscsév: 17.2°C, Clouds, humidity: 65%
2026-06-11 10:44:45,728 - root - INFO - [12/1205] Fetching weather for Tát...
2026-06-11 10:44:45,891 - root - INFO - Fetched weather for Tát: 17.6°C, Clouds, humidity: 55%
2026-06-11 10:44:46,993 - root - INFO - [13/1205] Fetching weather for Süttő felső...
2026-06-11 10:44:47,123 - root - INFO - Fetched weather for Süttő felső: 19.9°C, Clouds, humidity: 54%
2026-06-11 10:44:48,224 - root - INFO - [14/1205] Fetching weather for Budatétény...
2026-06-11 10:44:48,394 - root - INFO - Fetched weather for Budatétény: 19.5°C, Clouds, humidity: 57%
2026-06-11 10:44:49,496 - root - INFO - [15/1205] Fetching weather for Seregélyes-Szőlőhegy...
2026-06-11 10:44:49,662 - root - INFO - Fetched weather for Seregélyes-Szőlőhegy: 20.2°C, Clouds, humidity: 50%
2026-06-11 10:44:50,764 - root - INFO - [16/1205] Fetching weather for Gödöllő-Állami telepek...
2026-06-11 10:44:50,922 - root - INFO - Fetched weather for Gödöllő-Állami telepek: 19.0°C, Clouds, humidity: 52%
2026-06-11 10:44:52,024 - root - INFO - [17/1205] Fetching weather for Dunakeszi alsó...
2026-06-11 10:44:52,190 - root - INFO - Fetched weather for Dunakeszi alsó: 19.4°C, Clouds, humidity: 59%
2026-06-11 10:44:53,292 - root - INFO - [18/1205] Fetching weather for Vác-Alsóváros...
2026-06-11 10:44:53,429 - root - INFO - Fetched weather for Vác-Alsóváros: 19.9°C, Clouds, humidity: 54%
2026-06-11 10:44:54,531 - root - INFO - [19/1205] Fetching weather for Szob alsó...
2026-06-11 10:44:54,687 - root - INFO - Fetched weather for Szob alsó: 17.6°C, Clouds, humidity: 54%
2026-06-11 10:44:55,789 - root - INFO - [20/1205] Fetching weather for Zalaszentmihály-Pacsa...
2026-06-11 10:44:55,952 - root - INFO - Fetched weather for Zalaszentmihály-Pacsa: 19.8°C, Clouds, humidity: 44%
2026-06-11 10:44:57,054 - root - INFO - [21/1205] Fetching weather for Pötréte...
2026-06-11 10:44:57,191 - root - INFO - Fetched weather for Pötréte: 19.7°C, Clouds, humidity: 46%
2026-06-11 10:44:58,293 - root - INFO - [22/1205] Fetching weather for Felsőrajk...
2026-06-11 10:44:58,454 - root - INFO - Fetched weather for Felsőrajk: 19.7°C, Clouds, humidity: 46%
2026-06-11 10:44:59,556 - root - INFO - [23/1205] Fetching weather for Gelse...
2026-06-11 10:44:59,686 - root - INFO - Fetched weather for Gelse: 19.5°C, Clouds, humidity: 49%
2026-06-11 10:45:00,788 - root - INFO - [24/1205] Fetching weather for Őrtilos...
2026-06-11 10:45:00,950 - root - INFO - Fetched weather for Őrtilos: 18.9°C, Clouds, humidity: 60%
2026-06-11 10:45:02,052 - root - INFO - [25/1205] Fetching weather for Zákány...
2026-06-11 10:45:02,222 - root - INFO - Fetched weather for Zákány: 18.5°C, Clouds, humidity: 60%
2026-06-11 10:45:03,324 - root - INFO - [26/1205] Fetching weather for Berzence...
2026-06-11 10:45:03,471 - root - INFO - Fetched weather for Berzence: 18.9°C, Clouds, humidity: 59%
2026-06-11 10:45:04,573 - root - INFO - [27/1205] Fetching weather for Somogyudvarhely...
2026-06-11 10:45:04,735 - root - INFO - Fetched weather for Somogyudvarhely: 18.9°C, Clouds, humidity: 58%
2026-06-11 10:45:05,836 - root - INFO - [28/1205] Fetching weather for Bélavár...
2026-06-11 10:45:05,949 - root - INFO - Fetched weather for Bélavár: 19.0°C, Clouds, humidity: 56%
2026-06-11 10:45:07,051 - root - INFO - [29/1205] Fetching weather for Vízvár...
2026-06-11 10:45:07,215 - root - INFO - Fetched weather for Vízvár: 19.0°C, Clouds, humidity: 54%
2026-06-11 10:45:08,317 - root - INFO - [30/1205] Fetching weather for Babócsa...
2026-06-11 10:45:08,476 - root - INFO - Fetched weather for Babócsa: 19.1°C, Clouds, humidity: 52%
2026-06-11 10:45:09,578 - root - INFO - [31/1205] Fetching weather for Péterhida-Komlósd...
2026-06-11 10:45:09,715 - root - INFO - Fetched weather for Péterhida-Komlósd: 19.1°C, Clouds, humidity: 53%
2026-06-11 10:45:10,817 - root - INFO - [32/1205] Fetching weather for Barcs...
2026-06-11 10:45:10,987 - root - INFO - Fetched weather for Barcs: 18.9°C, Clouds, humidity: 58%
2026-06-11 10:45:12,089 - root - INFO - [33/1205] Fetching weather for Barcs felső...
2026-06-11 10:45:12,211 - root - INFO - Fetched weather for Barcs felső: 18.8°C, Clouds, humidity: 59%
2026-06-11 10:45:13,313 - root - INFO - [34/1205] Fetching weather for Középrigóc...
2026-06-11 10:45:13,471 - root - INFO - Fetched weather for Középrigóc: 18.7°C, Clouds, humidity: 60%
2026-06-11 10:45:14,573 - root - INFO - [35/1205] Fetching weather for Darány...
2026-06-11 10:45:14,736 - root - INFO - Fetched weather for Darány: 18.7°C, Clouds, humidity: 61%
2026-06-11 10:45:15,837 - root - INFO - [36/1205] Fetching weather for Kisdobsza...
2026-06-11 10:45:15,972 - root - INFO - Fetched weather for Kisdobsza: 18.9°C, Clouds, humidity: 61%
2026-06-11 10:45:17,074 - root - INFO - [37/1205] Fetching weather for Nemeske...
2026-06-11 10:45:17,238 - root - INFO - Fetched weather for Nemeske: 19.0°C, Clouds, humidity: 62%
2026-06-11 10:45:18,340 - root - INFO - [38/1205] Fetching weather for Molvány...
2026-06-11 10:45:18,458 - root - INFO - Fetched weather for Molvány: 19.1°C, Clouds, humidity: 62%
2026-06-11 10:45:19,560 - root - INFO - [39/1205] Fetching weather for Szigetvár...
2026-06-11 10:45:19,726 - root - INFO - Fetched weather for Szigetvár: 19.1°C, Clouds, humidity: 62%
2026-06-11 10:45:20,828 - root - INFO - [40/1205] Fetching weather for Nagypeterd...
2026-06-11 10:45:20,990 - root - INFO - Fetched weather for Nagypeterd: 19.3°C, Clouds, humidity: 63%
2026-06-11 10:45:22,092 - root - INFO - [41/1205] Fetching weather for Szentdénes...
2026-06-11 10:45:22,233 - root - INFO - Fetched weather for Szentdénes: 19.3°C, Clouds, humidity: 63%
2026-06-11 10:45:23,335 - root - INFO - [42/1205] Fetching weather for Háros...
2026-06-11 10:45:23,502 - root - INFO - Fetched weather for Háros: 18.2°C, Clouds, humidity: 59%
2026-06-11 10:45:24,604 - root - INFO - [43/1205] Fetching weather for Nagytétény-Diósd...
2026-06-11 10:45:24,715 - root - INFO - Fetched weather for Nagytétény-Diósd: 18.1°C, Clouds, humidity: 60%
2026-06-11 10:45:25,817 - root - INFO - [44/1205] Fetching weather for Érdliget...
2026-06-11 10:45:25,978 - root - INFO - Fetched weather for Érdliget: 18.0°C, Clouds, humidity: 61%
2026-06-11 10:45:27,080 - root - INFO - [45/1205] Fetching weather for Érd felső...
2026-06-11 10:45:27,248 - root - INFO - Fetched weather for Érd felső: 17.9°C, Clouds, humidity: 61%
2026-06-11 10:45:28,351 - root - INFO - [46/1205] Fetching weather for Érd...
2026-06-11 10:45:28,486 - root - INFO - Fetched weather for Érd: 17.9°C, Clouds, humidity: 61%
2026-06-11 10:45:29,588 - root - INFO - [47/1205] Fetching weather for Százhalombatta...
2026-06-11 10:45:29,749 - root - INFO - Fetched weather for Százhalombatta: 17.9°C, Clouds, humidity: 52%
2026-06-11 10:45:30,851 - root - INFO - [48/1205] Fetching weather for Dunai Finomító...
2026-06-11 10:45:30,967 - root - INFO - Fetched weather for Dunai Finomító: 20.1°C, Clouds, humidity: 53%
2026-06-11 10:45:32,068 - root - INFO - [49/1205] Fetching weather for Ercsi...
2026-06-11 10:45:32,236 - root - INFO - Fetched weather for Ercsi: 20.4°C, Clouds, humidity: 52%
2026-06-11 10:45:33,337 - root - INFO - [50/1205] Fetching weather for Iváncsa...
2026-06-11 10:45:33,499 - root - INFO - Fetched weather for Iváncsa: 20.1°C, Clouds, humidity: 51%
2026-06-11 10:45:34,601 - root - INFO - [51/1205] Fetching weather for Pusztaszabolcs...
2026-06-11 10:45:34,734 - root - INFO - Fetched weather for Pusztaszabolcs: 20.2°C, Clouds, humidity: 51%
2026-06-11 10:45:35,836 - root - INFO - [52/1205] Fetching weather for Szabadegyháza...
2026-06-11 10:45:35,998 - root - INFO - Fetched weather for Szabadegyháza: 20.2°C, Clouds, humidity: 50%
2026-06-11 10:45:37,100 - root - INFO - [53/1205] Fetching weather for Sárosd...
2026-06-11 10:45:37,215 - root - INFO - Fetched weather for Sárosd: 20.3°C, Clouds, humidity: 50%
2026-06-11 10:45:38,316 - root - INFO - [54/1205] Fetching weather for Nagylók...
2026-06-11 10:45:38,476 - root - INFO - Fetched weather for Nagylók: 20.2°C, Clouds, humidity: 49%
2026-06-11 10:45:39,578 - root - INFO - [55/1205] Fetching weather for Sárbogárd...
2026-06-11 10:45:39,754 - root - INFO - Fetched weather for Sárbogárd: 20.4°C, Clouds, humidity: 49%
2026-06-11 10:45:40,856 - root - INFO - [56/1205] Fetching weather for Rétszilas...
2026-06-11 10:45:40,993 - root - INFO - Fetched weather for Rétszilas: 20.4°C, Clouds, humidity: 50%
2026-06-11 10:45:42,095 - root - INFO - [57/1205] Fetching weather for Nagyatád...
2026-06-11 10:45:42,256 - root - INFO - Fetched weather for Nagyatád: 19.1°C, Clouds, humidity: 56%
2026-06-11 10:45:43,358 - root - INFO - [58/1205] Fetching weather for Budapest-Keleti...
2026-06-11 10:45:43,462 - root - INFO - Fetched weather for Budapest-Keleti: 18.8°C, Clouds, humidity: 58%
2026-06-11 10:45:44,563 - root - INFO - [59/1205] Fetching weather for Ferencváros...
2026-06-11 10:45:44,726 - root - INFO - Fetched weather for Ferencváros: 18.3°C, Clouds, humidity: 58%
2026-06-11 10:45:45,828 - root - INFO - [60/1205] Fetching weather for Budapest-Nyugati...
2026-06-11 10:45:45,992 - root - INFO - Fetched weather for Budapest-Nyugati: 18.4°C, Clouds, humidity: 58%
2026-06-11 10:45:47,094 - root - INFO - [61/1205] Fetching weather for Kőbánya felső...
2026-06-11 10:45:47,210 - root - INFO - Fetched weather for Kőbánya felső: 18.4°C, Clouds, humidity: 58%
2026-06-11 10:45:48,312 - root - INFO - [62/1205] Fetching weather for Rákos...
2026-06-11 10:45:48,475 - root - INFO - Fetched weather for Rákos: 18.4°C, Clouds, humidity: 58%
2026-06-11 10:45:49,577 - root - INFO - [63/1205] Fetching weather for Rákosrendező...
2026-06-11 10:45:49,714 - root - INFO - Fetched weather for Rákosrendező: 18.7°C, Clouds, humidity: 58%
2026-06-11 10:45:50,815 - root - INFO - [64/1205] Fetching weather for Zugló...
2026-06-11 10:45:50,976 - root - INFO - Fetched weather for Zugló: 18.6°C, Clouds, humidity: 58%
2026-06-11 10:45:52,078 - root - INFO - [65/1205] Fetching weather for Mezőtárkány...
2026-06-11 10:45:52,239 - root - INFO - Fetched weather for Mezőtárkány: 22.7°C, Clouds, humidity: 49%
2026-06-11 10:45:53,341 - root - INFO - [66/1205] Fetching weather for Istvántelek...
2026-06-11 10:45:53,454 - root - INFO - Fetched weather for Istvántelek: 18.9°C, Clouds, humidity: 57%
2026-06-11 10:45:54,555 - root - INFO - [67/1205] Fetching weather for Rákospalota-Újpest...
2026-06-11 10:45:54,717 - root - INFO - Fetched weather for Rákospalota-Újpest: 19.1°C, Clouds, humidity: 56%
2026-06-11 10:45:55,819 - root - INFO - [68/1205] Fetching weather for Kőbánya alsó...
2026-06-11 10:45:55,930 - root - INFO - Fetched weather for Kőbánya alsó: 18.4°C, Clouds, humidity: 58%
2026-06-11 10:45:57,032 - root - INFO - [69/1205] Fetching weather for Kőbánya-Kispest...
2026-06-11 10:45:57,155 - root - INFO - Fetched weather for Kőbánya-Kispest: 18.4°C, Clouds, humidity: 58%
2026-06-11 10:45:58,257 - root - INFO - [70/1205] Fetching weather for Pestszentlőrinc...
2026-06-11 10:45:58,411 - root - INFO - Fetched weather for Pestszentlőrinc: 19.2°C, Clouds, humidity: 55%
2026-06-11 10:45:59,513 - root - INFO - [71/1205] Fetching weather for Kispest...
2026-06-11 10:45:59,624 - root - INFO - Fetched weather for Kispest: 18.4°C, Clouds, humidity: 58%
2026-06-11 10:46:00,726 - root - INFO - [72/1205] Fetching weather for Újpest...
2026-06-11 10:46:00,889 - root - INFO - Fetched weather for Újpest: 19.1°C, Clouds, humidity: 56%
2026-06-11 10:46:01,991 - root - INFO - [73/1205] Fetching weather for Pestszentimre felső...
2026-06-11 10:46:02,108 - root - INFO - Fetched weather for Pestszentimre felső: 18.3°C, Clouds, humidity: 58%
2026-06-11 10:46:03,210 - root - INFO - [74/1205] Fetching weather for Dunakeszi...
2026-06-11 10:46:03,332 - root - INFO - Fetched weather for Dunakeszi: 19.2°C, Clouds, humidity: 55%
2026-06-11 10:46:04,434 - root - INFO - [75/1205] Fetching weather for Dunakeszi-Gyártelep...
2026-06-11 10:46:04,596 - root - INFO - Fetched weather for Dunakeszi-Gyártelep: 19.3°C, Clouds, humidity: 55%
2026-06-11 10:46:05,698 - root - INFO - [76/1205] Fetching weather for Alsógöd...
2026-06-11 10:46:05,825 - root - INFO - Fetched weather for Alsógöd: 19.3°C, Clouds, humidity: 54%
2026-06-11 10:46:06,926 - root - INFO - [77/1205] Fetching weather for Göd...
2026-06-11 10:46:07,093 - root - INFO - Fetched weather for Göd: 19.3°C, Clouds, humidity: 54%
2026-06-11 10:46:08,195 - root - INFO - [78/1205] Fetching weather for Felsőgöd...
2026-06-11 10:46:08,352 - root - INFO - Fetched weather for Felsőgöd: 19.4°C, Clouds, humidity: 54%
2026-06-11 10:46:09,454 - root - INFO - [79/1205] Fetching weather for Sződ-Sződliget...
2026-06-11 10:46:09,574 - root - INFO - Fetched weather for Sződ-Sződliget: 19.3°C, Clouds, humidity: 54%
2026-06-11 10:46:10,676 - root - INFO - [80/1205] Fetching weather for Vác...
2026-06-11 10:46:10,838 - root - INFO - Fetched weather for Vác: 19.4°C, Clouds, humidity: 54%
2026-06-11 10:46:11,939 - root - INFO - [81/1205] Fetching weather for Verőce...
2026-06-11 10:46:12,053 - root - INFO - Fetched weather for Verőce: 19.2°C, Clouds, humidity: 54%
2026-06-11 10:46:13,155 - root - INFO - [82/1205] Fetching weather for Kismaros...
2026-06-11 10:46:13,318 - root - INFO - Fetched weather for Kismaros: 17.5°C, Clouds, humidity: 54%
2026-06-11 10:46:14,420 - root - INFO - [83/1205] Fetching weather for Nagymaros-Visegrád...
2026-06-11 10:46:14,581 - root - INFO - Fetched weather for Nagymaros-Visegrád: 17.6°C, Clouds, humidity: 54%
2026-06-11 10:46:15,683 - root - INFO - [84/1205] Fetching weather for Nagymaros...
2026-06-11 10:46:15,805 - root - INFO - Fetched weather for Nagymaros: 17.6°C, Clouds, humidity: 54%
2026-06-11 10:46:16,907 - root - INFO - [85/1205] Fetching weather for Zebegény...
2026-06-11 10:46:17,070 - root - INFO - Fetched weather for Zebegény: 17.6°C, Clouds, humidity: 54%
2026-06-11 10:46:18,172 - root - INFO - [86/1205] Fetching weather for Szob...
2026-06-11 10:46:18,281 - root - INFO - Fetched weather for Szob: 17.6°C, Clouds, humidity: 54%
2026-06-11 10:46:19,383 - root - INFO - [87/1205] Fetching weather for Alagimajor...
2026-06-11 10:46:19,547 - root - INFO - Fetched weather for Alagimajor: 19.1°C, Clouds, humidity: 56%
2026-06-11 10:46:20,649 - root - INFO - [88/1205] Fetching weather for Fót...
2026-06-11 10:46:20,814 - root - INFO - Fetched weather for Fót: 19.0°C, Clouds, humidity: 56%
2026-06-11 10:46:21,916 - root - INFO - [89/1205] Fetching weather for Fótújfalu...
2026-06-11 10:46:22,081 - root - INFO - Fetched weather for Fótújfalu: 18.9°C, Clouds, humidity: 56%
2026-06-11 10:46:23,183 - root - INFO - [90/1205] Fetching weather for Csomád...
2026-06-11 10:46:23,346 - root - INFO - Fetched weather for Csomád: 18.6°C, Clouds, humidity: 54%
2026-06-11 10:46:24,448 - root - INFO - [91/1205] Fetching weather for Veresegyház...
2026-06-11 10:46:24,560 - root - INFO - Fetched weather for Veresegyház: 18.9°C, Clouds, humidity: 54%
2026-06-11 10:46:25,662 - root - INFO - [92/1205] Fetching weather for Erdőkertes...
2026-06-11 10:46:25,828 - root - INFO - Fetched weather for Erdőkertes: 18.9°C, Clouds, humidity: 53%
2026-06-11 10:46:26,929 - root - INFO - [93/1205] Fetching weather for Őrbottyán...
2026-06-11 10:46:27,099 - root - INFO - Fetched weather for Őrbottyán: 18.9°C, Clouds, humidity: 53%
2026-06-11 10:46:28,201 - root - INFO - [94/1205] Fetching weather for Váchartyán...
2026-06-11 10:46:28,372 - root - INFO - Fetched weather for Váchartyán: 19.3°C, Clouds, humidity: 53%
2026-06-11 10:46:29,474 - root - INFO - [95/1205] Fetching weather for Magyarkút-Verőce...
2026-06-11 10:46:29,605 - root - INFO - Fetched weather for Magyarkút-Verőce: 19.4°C, Clouds, humidity: 54%
2026-06-11 10:46:30,707 - root - INFO - [96/1205] Fetching weather for Szokolya...
2026-06-11 10:46:30,869 - root - INFO - Fetched weather for Szokolya: 19.3°C, Clouds, humidity: 54%
2026-06-11 10:46:31,971 - root - INFO - [97/1205] Fetching weather for Berkenye...
2026-06-11 10:46:32,147 - root - INFO - Fetched weather for Berkenye: 20.1°C, Clouds, humidity: 54%
2026-06-11 10:46:33,249 - root - INFO - [98/1205] Fetching weather for Nógrád...
2026-06-11 10:46:33,367 - root - INFO - Fetched weather for Nógrád: 19.7°C, Clouds, humidity: 54%
2026-06-11 10:46:34,469 - root - INFO - [99/1205] Fetching weather for Diósjenő...
2026-06-11 10:46:34,629 - root - INFO - Fetched weather for Diósjenő: 19.4°C, Clouds, humidity: 54%
2026-06-11 10:46:35,730 - root - INFO - [100/1205] Fetching weather for Borsosberény...
2026-06-11 10:46:35,864 - root - INFO - Fetched weather for Borsosberény: 20.3°C, Clouds, humidity: 53%
2026-06-11 10:46:36,966 - root - INFO - [101/1205] Fetching weather for Nagyoroszi...
2026-06-11 10:46:37,131 - root - INFO - Fetched weather for Nagyoroszi: 20.2°C, Clouds, humidity: 53%
2026-06-11 10:46:38,233 - root - INFO - [102/1205] Fetching weather for Drégelyvár...
2026-06-11 10:46:38,401 - root - INFO - Fetched weather for Drégelyvár: 20.4°C, Clouds, humidity: 53%
2026-06-11 10:46:39,503 - root - INFO - [103/1205] Fetching weather for Drégely...
2026-06-11 10:46:39,620 - root - INFO - Fetched weather for Drégely: 20.8°C, Clouds, humidity: 53%
2026-06-11 10:46:40,722 - root - INFO - [104/1205] Fetching weather for Drégelypalánk...
2026-06-11 10:46:40,882 - root - INFO - Fetched weather for Drégelypalánk: 20.8°C, Clouds, humidity: 53%
2026-06-11 10:46:41,984 - root - INFO - [105/1205] Fetching weather for Ipolyvece...
2026-06-11 10:46:42,112 - root - INFO - Fetched weather for Ipolyvece: 21.0°C, Clouds, humidity: 52%
2026-06-11 10:46:43,214 - root - INFO - [106/1205] Fetching weather for Dejtár...
2026-06-11 10:46:43,376 - root - INFO - Fetched weather for Dejtár: 21.1°C, Clouds, humidity: 52%
2026-06-11 10:46:44,478 - root - INFO - [107/1205] Fetching weather for Ipolyszög...
2026-06-11 10:46:44,639 - root - INFO - Fetched weather for Ipolyszög: 21.3°C, Clouds, humidity: 51%
2026-06-11 10:46:45,741 - root - INFO - [108/1205] Fetching weather for Iklad-Domony...
2026-06-11 10:46:45,854 - root - INFO - Fetched weather for Iklad-Domony: 21.4°C, Clouds, humidity: 52%
2026-06-11 10:46:46,956 - root - INFO - [109/1205] Fetching weather for Iklad-Domony felső...
2026-06-11 10:46:47,115 - root - INFO - Fetched weather for Iklad-Domony felső: 19.3°C, Clouds, humidity: 53%
2026-06-11 10:46:48,217 - root - INFO - [110/1205] Fetching weather for Galgamácsa...
2026-06-11 10:46:48,348 - root - INFO - Fetched weather for Galgamácsa: 19.3°C, Clouds, humidity: 53%
2026-06-11 10:46:49,450 - root - INFO - [111/1205] Fetching weather for Vácrátót...
2026-06-11 10:46:49,616 - root - INFO - Fetched weather for Vácrátót: 19.2°C, Clouds, humidity: 53%
2026-06-11 10:46:50,718 - root - INFO - [112/1205] Fetching weather for Csörög...
2026-06-11 10:46:50,878 - root - INFO - Fetched weather for Csörög: 19.2°C, Clouds, humidity: 53%
2026-06-11 10:46:51,980 - root - INFO - [113/1205] Fetching weather for Galgagyörk...
2026-06-11 10:46:52,099 - root - INFO - Fetched weather for Galgagyörk: 19.2°C, Clouds, humidity: 53%
2026-06-11 10:46:53,201 - root - INFO - [114/1205] Fetching weather for Püspökhatvan...
2026-06-11 10:46:53,363 - root - INFO - Fetched weather for Püspökhatvan: 21.2°C, Clouds, humidity: 53%
2026-06-11 10:46:54,465 - root - INFO - [115/1205] Fetching weather for Acsa-Erdőkürt...
2026-06-11 10:46:54,596 - root - INFO - Fetched weather for Acsa-Erdőkürt: 21.1°C, Clouds, humidity: 53%
2026-06-11 10:46:55,698 - root - INFO - [116/1205] Fetching weather for Galgaguta...
2026-06-11 10:46:55,876 - root - INFO - Fetched weather for Galgaguta: 20.9°C, Clouds, humidity: 52%
2026-06-11 10:46:56,978 - root - INFO - [117/1205] Fetching weather for Nógrádkövesd...
2026-06-11 10:46:57,144 - root - INFO - Fetched weather for Nógrádkövesd: 21.1°C, Clouds, humidity: 52%
2026-06-11 10:46:58,246 - root - INFO - [118/1205] Fetching weather for Magyarnándor...
2026-06-11 10:46:58,363 - root - INFO - Fetched weather for Magyarnándor: 21.0°C, Clouds, humidity: 51%
2026-06-11 10:46:59,465 - root - INFO - [119/1205] Fetching weather for Mohora...
2026-06-11 10:46:59,625 - root - INFO - Fetched weather for Mohora: 21.1°C, Clouds, humidity: 51%
2026-06-11 10:47:00,727 - root - INFO - [120/1205] Fetching weather for Szügy...
2026-06-11 10:47:00,856 - root - INFO - Fetched weather for Szügy: 21.4°C, Clouds, humidity: 50%
2026-06-11 10:47:01,958 - root - INFO - [121/1205] Fetching weather for Balassagyarmat...
2026-06-11 10:47:02,125 - root - INFO - Fetched weather for Balassagyarmat: 21.4°C, Clouds, humidity: 50%
2026-06-11 10:47:03,227 - root - INFO - [122/1205] Fetching weather for Őrhalom...
2026-06-11 10:47:03,394 - root - INFO - Fetched weather for Őrhalom: 21.5°C, Clouds, humidity: 49%
2026-06-11 10:47:04,495 - root - INFO - [123/1205] Fetching weather for Hugyag...
2026-06-11 10:47:04,610 - root - INFO - Fetched weather for Hugyag: 21.5°C, Clouds, humidity: 49%
2026-06-11 10:47:05,712 - root - INFO - [124/1205] Fetching weather for Szécsény...
2026-06-11 10:47:05,858 - root - INFO - Fetched weather for Szécsény: 22.0°C, Clouds, humidity: 48%
2026-06-11 10:47:06,960 - root - INFO - [125/1205] Fetching weather for Ludányhalászi...
2026-06-11 10:47:07,091 - root - INFO - Fetched weather for Ludányhalászi: 22.0°C, Clouds, humidity: 48%
2026-06-11 10:47:08,193 - root - INFO - [126/1205] Fetching weather for Nógrádszakál...
2026-06-11 10:47:08,354 - root - INFO - Fetched weather for Nógrádszakál: 21.9°C, Clouds, humidity: 48%
2026-06-11 10:47:09,456 - root - INFO - [127/1205] Fetching weather for Ráróspuszta...
2026-06-11 10:47:09,617 - root - INFO - Fetched weather for Ráróspuszta: 21.4°C, Clouds, humidity: 48%
2026-06-11 10:47:10,719 - root - INFO - [128/1205] Fetching weather for Litke...
2026-06-11 10:47:10,836 - root - INFO - Fetched weather for Litke: 22.0°C, Clouds, humidity: 48%
2026-06-11 10:47:11,938 - root - INFO - [129/1205] Fetching weather for Nyíregyháza külső...
2026-06-11 10:47:12,085 - root - INFO - Fetched weather for Nyíregyháza külső: 19.9°C, Clouds, humidity: 64%
2026-06-11 10:47:13,187 - root - INFO - [130/1205] Fetching weather for Oros...
2026-06-11 10:47:13,325 - root - INFO - Fetched weather for Oros: 19.7°C, Clouds, humidity: 65%
2026-06-11 10:47:14,427 - root - INFO - [131/1205] Fetching weather for Napkor...
2026-06-11 10:47:14,596 - root - INFO - Fetched weather for Napkor: 19.3°C, Clouds, humidity: 68%
2026-06-11 10:47:15,698 - root - INFO - [132/1205] Fetching weather for Apagy...
2026-06-11 10:47:15,862 - root - INFO - Fetched weather for Apagy: 19.2°C, Clouds, humidity: 68%
2026-06-11 10:47:16,964 - root - INFO - [133/1205] Fetching weather for Levelek-Magy...
2026-06-11 10:47:17,076 - root - INFO - Fetched weather for Levelek-Magy: 19.1°C, Clouds, humidity: 69%
2026-06-11 10:47:18,178 - root - INFO - [134/1205] Fetching weather for Ófehértó...
2026-06-11 10:47:18,333 - root - INFO - Fetched weather for Ófehértó: 19.4°C, Clouds, humidity: 67%
2026-06-11 10:47:19,435 - root - INFO - [135/1205] Fetching weather for Ligettanya...
2026-06-11 10:47:19,569 - root - INFO - Fetched weather for Ligettanya: 19.2°C, Clouds, humidity: 68%
2026-06-11 10:47:20,671 - root - INFO - [136/1205] Fetching weather for Baktalórántháza...
2026-06-11 10:47:20,842 - root - INFO - Fetched weather for Baktalórántháza: 18.9°C, Clouds, humidity: 69%
2026-06-11 10:47:21,944 - root - INFO - [137/1205] Fetching weather for Vaja-Rohod...
2026-06-11 10:47:22,107 - root - INFO - Fetched weather for Vaja-Rohod: 18.9°C, Clouds, humidity: 69%
2026-06-11 10:47:23,209 - root - INFO - [138/1205] Fetching weather for Rákóczitanya...
2026-06-11 10:47:23,329 - root - INFO - Fetched weather for Rákóczitanya: 19.0°C, Clouds, humidity: 69%
2026-06-11 10:47:24,430 - root - INFO - [139/1205] Fetching weather for Nyírmada...
2026-06-11 10:47:24,579 - root - INFO - Fetched weather for Nyírmada: 18.4°C, Clouds, humidity: 72%
2026-06-11 10:47:25,680 - root - INFO - [140/1205] Fetching weather for Tunyogmatolcs...
2026-06-11 10:47:25,812 - root - INFO - Fetched weather for Tunyogmatolcs: 20.2°C, Clouds, humidity: 66%
2026-06-11 10:47:26,914 - root - INFO - [141/1205] Fetching weather for Tunyogmatolcs alsó...
2026-06-11 10:47:27,040 - root - INFO - Fetched weather for Tunyogmatolcs alsó: 20.2°C, Clouds, humidity: 67%
2026-06-11 10:47:28,142 - root - INFO - [142/1205] Fetching weather for Fehérgyarmat...
2026-06-11 10:47:28,308 - root - INFO - Fetched weather for Fehérgyarmat: 19.9°C, Clouds, humidity: 71%
2026-06-11 10:47:29,410 - root - INFO - [143/1205] Fetching weather for Penyige...
2026-06-11 10:47:29,523 - root - INFO - Fetched weather for Penyige: 19.9°C, Clouds, humidity: 72%
2026-06-11 10:47:30,624 - root - INFO - [144/1205] Fetching weather for Nagyszekeres...
2026-06-11 10:47:30,772 - root - INFO - Fetched weather for Nagyszekeres: 19.9°C, Clouds, humidity: 73%
2026-06-11 10:47:31,874 - root - INFO - [145/1205] Fetching weather for Kisszekeres...
2026-06-11 10:47:32,012 - root - INFO - Fetched weather for Kisszekeres: 20.0°C, Clouds, humidity: 72%
2026-06-11 10:47:33,113 - root - INFO - [146/1205] Fetching weather for Jánkmajtis...
2026-06-11 10:47:33,224 - root - INFO - Fetched weather for Jánkmajtis: 20.0°C, Clouds, humidity: 73%
2026-06-11 10:47:34,326 - root - INFO - [147/1205] Fetching weather for Gacsály...
2026-06-11 10:47:34,489 - root - INFO - Fetched weather for Gacsály: 19.8°C, Clouds, humidity: 76%
2026-06-11 10:47:35,591 - root - INFO - [148/1205] Fetching weather for Zajta...
2026-06-11 10:47:35,705 - root - INFO - Fetched weather for Zajta: 19.7°C, Clouds, humidity: 78%
2026-06-11 10:47:36,807 - root - INFO - [149/1205] Fetching weather for Eperjeske alsó...
2026-06-11 10:47:36,953 - root - INFO - Fetched weather for Eperjeske alsó: 16.4°C, Clouds, humidity: 83%
2026-06-11 10:47:38,055 - root - INFO - [150/1205] Fetching weather for Mándok...
2026-06-11 10:47:38,209 - root - INFO - Fetched weather for Mándok: 16.4°C, Clouds, humidity: 82%
2026-06-11 10:47:39,311 - root - INFO - [151/1205] Fetching weather for Tornyospálca...
2026-06-11 10:47:39,443 - root - INFO - Fetched weather for Tornyospálca: 16.7°C, Clouds, humidity: 82%
2026-06-11 10:47:40,545 - root - INFO - [152/1205] Fetching weather for Aranyosapáti...
2026-06-11 10:47:40,707 - root - INFO - Fetched weather for Aranyosapáti: 17.3°C, Clouds, humidity: 80%
2026-06-11 10:47:41,809 - root - INFO - [153/1205] Fetching weather for Gyüre...
2026-06-11 10:47:41,921 - root - INFO - Fetched weather for Gyüre: 17.8°C, Clouds, humidity: 77%
2026-06-11 10:47:43,022 - root - INFO - [154/1205] Fetching weather for Varsány...
2026-06-11 10:47:43,166 - root - INFO - Fetched weather for Varsány: 18.2°C, Clouds, humidity: 76%
2026-06-11 10:47:44,268 - root - INFO - [155/1205] Fetching weather for Vásárosnamény...
2026-06-11 10:47:44,412 - root - INFO - Fetched weather for Vásárosnamény: 18.5°C, Clouds, humidity: 74%
2026-06-11 10:47:45,514 - root - INFO - [156/1205] Fetching weather for Vitka...
2026-06-11 10:47:45,647 - root - INFO - Fetched weather for Vitka: 18.8°C, Clouds, humidity: 72%
2026-06-11 10:47:46,749 - root - INFO - [157/1205] Fetching weather for Nagydobos...
2026-06-11 10:47:46,911 - root - INFO - Fetched weather for Nagydobos: 19.0°C, Clouds, humidity: 70%
2026-06-11 10:47:48,013 - root - INFO - [158/1205] Fetching weather for Ópályi...
2026-06-11 10:47:48,125 - root - INFO - Fetched weather for Ópályi: 19.7°C, Clouds, humidity: 66%
2026-06-11 10:47:49,227 - root - INFO - [159/1205] Fetching weather for Nyírcsaholy...
2026-06-11 10:47:49,385 - root - INFO - Fetched weather for Nyírcsaholy: 20.4°C, Clouds, humidity: 64%
2026-06-11 10:47:50,487 - root - INFO - [160/1205] Fetching weather for Nagyecsed...
2026-06-11 10:47:50,600 - root - INFO - Fetched weather for Nagyecsed: 20.6°C, Clouds, humidity: 63%
2026-06-11 10:47:51,702 - root - INFO - [161/1205] Fetching weather for Tiborszállás...
2026-06-11 10:47:51,848 - root - INFO - Fetched weather for Tiborszállás: 20.8°C, Clouds, humidity: 63%
2026-06-11 10:47:52,950 - root - INFO - [162/1205] Fetching weather for Kiskunhalas...
2026-06-11 10:47:53,111 - root - INFO - Fetched weather for Kiskunhalas: 20.4°C, Clouds, humidity: 48%
2026-06-11 10:47:54,213 - root - INFO - [163/1205] Fetching weather for Kecskemét alsó...
2026-06-11 10:47:54,322 - root - INFO - Fetched weather for Kecskemét alsó: 21.6°C, Clouds, humidity: 47%
2026-06-11 10:47:55,424 - root - INFO - [164/1205] Fetching weather for Putnok...
2026-06-11 10:47:55,574 - root - INFO - Fetched weather for Putnok: 20.6°C, Clouds, humidity: 63%
2026-06-11 10:47:56,675 - root - INFO - [165/1205] Fetching weather for Bánréve...
2026-06-11 10:47:56,832 - root - INFO - Fetched weather for Bánréve: 22.1°C, Clouds, humidity: 61%
2026-06-11 10:47:57,934 - root - INFO - [166/1205] Fetching weather for Ipolytarnóc...
2026-06-11 10:47:58,077 - root - INFO - Fetched weather for Ipolytarnóc: 22.1°C, Clouds, humidity: 47%
2026-06-11 10:47:59,179 - root - INFO - [167/1205] Fetching weather for Rákosliget...
2026-06-11 10:47:59,342 - root - INFO - Fetched weather for Rákosliget: 18.4°C, Clouds, humidity: 55%
2026-06-11 10:48:00,444 - root - INFO - [168/1205] Fetching weather for Ikrény...
2026-06-11 10:48:00,560 - root - INFO - Fetched weather for Ikrény: 20.2°C, Clouds, humidity: 53%
2026-06-11 10:48:01,662 - root - INFO - [169/1205] Fetching weather for Rábapatona...
2026-06-11 10:48:01,808 - root - INFO - Fetched weather for Rábapatona: 20.3°C, Clouds, humidity: 53%
2026-06-11 10:48:02,910 - root - INFO - [170/1205] Fetching weather for Enese...
2026-06-11 10:48:03,081 - root - INFO - Fetched weather for Enese: 20.4°C, Clouds, humidity: 53%
2026-06-11 10:48:04,183 - root - INFO - [171/1205] Fetching weather for Kóny...
2026-06-11 10:48:04,309 - root - INFO - Fetched weather for Kóny: 20.4°C, Clouds, humidity: 52%
2026-06-11 10:48:05,411 - root - INFO - [172/1205] Fetching weather for Farád...
2026-06-11 10:48:05,577 - root - INFO - Fetched weather for Farád: 18.3°C, Clouds, humidity: 51%
2026-06-11 10:48:06,679 - root - INFO - [173/1205] Fetching weather for Rábatamási...
2026-06-11 10:48:06,793 - root - INFO - Fetched weather for Rábatamási: 18.3°C, Clouds, humidity: 51%
2026-06-11 10:48:07,895 - root - INFO - [174/1205] Fetching weather for Szárföld...
2026-06-11 10:48:08,039 - root - INFO - Fetched weather for Szárföld: 18.3°C, Clouds, humidity: 51%
2026-06-11 10:48:09,140 - root - INFO - [175/1205] Fetching weather for Veszkény...
2026-06-11 10:48:09,303 - root - INFO - Fetched weather for Veszkény: 18.3°C, Clouds, humidity: 55%
2026-06-11 10:48:10,405 - root - INFO - [176/1205] Fetching weather for Kapuvár...
2026-06-11 10:48:10,537 - root - INFO - Fetched weather for Kapuvár: 18.3°C, Clouds, humidity: 55%
2026-06-11 10:48:11,639 - root - INFO - [177/1205] Fetching weather for Vitnyéd-Csermajor...
2026-06-11 10:48:11,801 - root - INFO - Fetched weather for Vitnyéd-Csermajor: 18.3°C, Clouds, humidity: 55%
2026-06-11 10:48:12,903 - root - INFO - [178/1205] Fetching weather for Petőháza...
2026-06-11 10:48:13,021 - root - INFO - Fetched weather for Petőháza: 18.3°C, Clouds, humidity: 55%
2026-06-11 10:48:14,122 - root - INFO - [179/1205] Fetching weather for Fertőszentmiklós...
2026-06-11 10:48:14,266 - root - INFO - Fetched weather for Fertőszentmiklós: 18.3°C, Clouds, humidity: 55%
2026-06-11 10:48:15,368 - root - INFO - [180/1205] Fetching weather for Pinnye...
2026-06-11 10:48:15,529 - root - INFO - Fetched weather for Pinnye: 18.1°C, Clouds, humidity: 55%
2026-06-11 10:48:16,631 - root - INFO - [181/1205] Fetching weather for Fertőboz...
2026-06-11 10:48:16,778 - root - INFO - Fetched weather for Fertőboz: 18.0°C, Clouds, humidity: 55%
2026-06-11 10:48:17,880 - root - INFO - [182/1205] Fetching weather for Sopron...
2026-06-11 10:48:18,042 - root - INFO - Fetched weather for Sopron: 17.7°C, Clouds, humidity: 55%
2026-06-11 10:48:19,144 - root - INFO - [183/1205] Fetching weather for Fertőszéplak-Fertőd...
2026-06-11 10:48:19,275 - root - INFO - Fetched weather for Fertőszéplak-Fertőd: 18.3°C, Clouds, humidity: 55%
2026-06-11 10:48:20,377 - root - INFO - [184/1205] Fetching weather for Nyúl...
2026-06-11 10:48:20,529 - root - INFO - Fetched weather for Nyúl: 20.2°C, Clouds, humidity: 51%
2026-06-11 10:48:21,631 - root - INFO - [185/1205] Fetching weather for Pannonhalma...
2026-06-11 10:48:21,799 - root - INFO - Fetched weather for Pannonhalma: 20.0°C, Clouds, humidity: 51%
2026-06-11 10:48:22,901 - root - INFO - [186/1205] Fetching weather for Tarjánpuszta...
2026-06-11 10:48:23,036 - root - INFO - Fetched weather for Tarjánpuszta: 20.0°C, Clouds, humidity: 50%
2026-06-11 10:48:24,138 - root - INFO - [187/1205] Fetching weather for Győrasszonyfa...
2026-06-11 10:48:24,306 - root - INFO - Fetched weather for Győrasszonyfa: 20.0°C, Clouds, humidity: 50%
2026-06-11 10:48:25,407 - root - INFO - [188/1205] Fetching weather for Veszprémvarsány...
2026-06-11 10:48:25,521 - root - INFO - Fetched weather for Veszprémvarsány: 19.9°C, Clouds, humidity: 51%
2026-06-11 10:48:26,622 - root - INFO - [189/1205] Fetching weather for Bakonyszentlászló...
2026-06-11 10:48:26,770 - root - INFO - Fetched weather for Bakonyszentlászló: 19.5°C, Clouds, humidity: 51%
2026-06-11 10:48:27,872 - root - INFO - [190/1205] Fetching weather for Porva-Csesznek...
2026-06-11 10:48:28,031 - root - INFO - Fetched weather for Porva-Csesznek: 18.1°C, Clouds, humidity: 51%
2026-06-11 10:48:29,132 - root - INFO - [191/1205] Fetching weather for Zirc...
2026-06-11 10:48:29,271 - root - INFO - Fetched weather for Zirc: 18.2°C, Clouds, humidity: 51%
2026-06-11 10:48:30,373 - root - INFO - [192/1205] Fetching weather for Eplény...
2026-06-11 10:48:30,552 - root - INFO - Fetched weather for Eplény: 18.6°C, Clouds, humidity: 50%
2026-06-11 10:48:31,654 - root - INFO - [193/1205] Fetching weather for Marcaltő...
2026-06-11 10:48:31,782 - root - INFO - Fetched weather for Marcaltő: 20.6°C, Clouds, humidity: 48%
2026-06-11 10:48:32,884 - root - INFO - [194/1205] Fetching weather for Szany-Rábaszentandrás...
2026-06-11 10:48:33,047 - root - INFO - Fetched weather for Szany-Rábaszentandrás: 20.6°C, Clouds, humidity: 49%
2026-06-11 10:48:34,149 - root - INFO - [195/1205] Fetching weather for Egyed-Rábacsanak...
2026-06-11 10:48:34,306 - root - INFO - Fetched weather for Egyed-Rábacsanak: 20.6°C, Clouds, humidity: 50%
2026-06-11 10:48:35,408 - root - INFO - [196/1205] Fetching weather for Rábapordány...
2026-06-11 10:48:35,542 - root - INFO - Fetched weather for Rábapordány: 20.6°C, Clouds, humidity: 50%
2026-06-11 10:48:36,644 - root - INFO - [197/1205] Fetching weather for Albertfalva...
2026-06-11 10:48:36,804 - root - INFO - Fetched weather for Albertfalva: 18.2°C, Clouds, humidity: 59%
2026-06-11 10:48:37,906 - root - INFO - [198/1205] Fetching weather for Budafok...
2026-06-11 10:48:38,020 - root - INFO - Fetched weather for Budafok: 18.2°C, Clouds, humidity: 59%
2026-06-11 10:48:39,122 - root - INFO - [199/1205] Fetching weather for Tétényliget...
2026-06-11 10:48:39,268 - root - INFO - Fetched weather for Tétényliget: 18.1°C, Clouds, humidity: 60%
2026-06-11 10:48:40,369 - root - INFO - [200/1205] Fetching weather for Érd alsó...
2026-06-11 10:48:40,523 - root - INFO - Fetched weather for Érd alsó: 17.9°C, Clouds, humidity: 61%
2026-06-11 10:48:41,625 - root - INFO - [201/1205] Fetching weather for Tárnok...
2026-06-11 10:48:41,787 - root - INFO - Fetched weather for Tárnok: 18.0°C, Clouds, humidity: 60%
2026-06-11 10:48:42,889 - root - INFO - [202/1205] Fetching weather for Martonvásár...
2026-06-11 10:48:43,053 - root - INFO - Fetched weather for Martonvásár: 17.8°C, Clouds, humidity: 52%
2026-06-11 10:48:44,155 - root - INFO - [203/1205] Fetching weather for Baracska...
2026-06-11 10:48:44,272 - root - INFO - Fetched weather for Baracska: 20.4°C, Clouds, humidity: 52%
2026-06-11 10:48:45,374 - root - INFO - [204/1205] Fetching weather for Pettend...
2026-06-11 10:48:45,518 - root - INFO - Fetched weather for Pettend: 20.1°C, Clouds, humidity: 51%
2026-06-11 10:48:46,620 - root - INFO - [205/1205] Fetching weather for Kápolnásnyék...
2026-06-11 10:48:46,784 - root - INFO - Fetched weather for Kápolnásnyék: 20.2°C, Clouds, humidity: 51%
2026-06-11 10:48:47,886 - root - INFO - [206/1205] Fetching weather for Velence...
2026-06-11 10:48:48,043 - root - INFO - Fetched weather for Velence: 20.3°C, Clouds, humidity: 51%
2026-06-11 10:48:49,145 - root - INFO - [207/1205] Fetching weather for Velencefürdő...
2026-06-11 10:48:49,306 - root - INFO - Fetched weather for Velencefürdő: 20.3°C, Clouds, humidity: 50%
2026-06-11 10:48:50,408 - root - INFO - [208/1205] Fetching weather for Gárdony...
2026-06-11 10:48:50,527 - root - INFO - Fetched weather for Gárdony: 20.3°C, Clouds, humidity: 50%
2026-06-11 10:48:51,628 - root - INFO - [209/1205] Fetching weather for Agárd...
2026-06-11 10:48:51,779 - root - INFO - Fetched weather for Agárd: 20.3°C, Clouds, humidity: 50%
2026-06-11 10:48:52,880 - root - INFO - [210/1205] Fetching weather for Dinnyés...
2026-06-11 10:48:53,053 - root - INFO - Fetched weather for Dinnyés: 20.3°C, Clouds, humidity: 50%
2026-06-11 10:48:54,154 - root - INFO - [211/1205] Fetching weather for Székesfehérvár...
2026-06-11 10:48:54,319 - root - INFO - Fetched weather for Székesfehérvár: 20.3°C, Clouds, humidity: 49%
2026-06-11 10:48:55,421 - root - INFO - [212/1205] Fetching weather for Szabadbattyán...
2026-06-11 10:48:55,550 - root - INFO - Fetched weather for Szabadbattyán: 20.3°C, Clouds, humidity: 49%
2026-06-11 10:48:56,652 - root - INFO - [213/1205] Fetching weather for Kiscséripuszta...
2026-06-11 10:48:56,772 - root - INFO - Fetched weather for Kiscséripuszta: 18.6°C, Clouds, humidity: 48%
2026-06-11 10:48:57,874 - root - INFO - [214/1205] Fetching weather for Lepsény...
2026-06-11 10:48:58,035 - root - INFO - Fetched weather for Lepsény: 18.8°C, Clouds, humidity: 61%
2026-06-11 10:48:59,137 - root - INFO - [215/1205] Fetching weather for Balatonaliga...
2026-06-11 10:48:59,298 - root - INFO - Fetched weather for Balatonaliga: 18.6°C, Clouds, humidity: 61%
2026-06-11 10:49:00,400 - root - INFO - [216/1205] Fetching weather for Balatonvilágos...
2026-06-11 10:49:00,567 - root - INFO - Fetched weather for Balatonvilágos: 18.6°C, Clouds, humidity: 61%
2026-06-11 10:49:01,669 - root - INFO - [217/1205] Fetching weather for Szabadifürdő...
2026-06-11 10:49:01,798 - root - INFO - Fetched weather for Szabadifürdő: 18.8°C, Clouds, humidity: 61%
2026-06-11 10:49:02,899 - root - INFO - [218/1205] Fetching weather for Ózd alsó...
2026-06-11 10:49:03,011 - root - INFO - Fetched weather for Ózd alsó: 21.9°C, Clouds, humidity: 62%
2026-06-11 10:49:04,113 - root - INFO - [219/1205] Fetching weather for Ózd...
2026-06-11 10:49:04,259 - root - INFO - Fetched weather for Ózd: 22.0°C, Clouds, humidity: 62%
2026-06-11 10:49:05,361 - root - INFO - [220/1205] Fetching weather for Alsóboldva...
2026-06-11 10:49:05,524 - root - INFO - Fetched weather for Alsóboldva: 23.9°C, Clouds, humidity: 54%
2026-06-11 10:49:06,626 - root - INFO - [221/1205] Fetching weather for Boldva...
2026-06-11 10:49:06,789 - root - INFO - Fetched weather for Boldva: 23.9°C, Clouds, humidity: 54%
2026-06-11 10:49:07,891 - root - INFO - [222/1205] Fetching weather for Borsodszirák...
2026-06-11 10:49:08,025 - root - INFO - Fetched weather for Borsodszirák: 23.9°C, Clouds, humidity: 54%
2026-06-11 10:49:09,127 - root - INFO - [223/1205] Fetching weather for Edelény alsó...
2026-06-11 10:49:09,253 - root - INFO - Fetched weather for Edelény alsó: 23.9°C, Clouds, humidity: 58%
2026-06-11 10:49:10,355 - root - INFO - [224/1205] Fetching weather for Edelény...
2026-06-11 10:49:10,502 - root - INFO - Fetched weather for Edelény: 23.8°C, Clouds, humidity: 59%
2026-06-11 10:49:11,604 - root - INFO - [225/1205] Fetching weather for Szendrőlád...
2026-06-11 10:49:11,768 - root - INFO - Fetched weather for Szendrőlád: 23.8°C, Clouds, humidity: 61%
2026-06-11 10:49:12,870 - root - INFO - [226/1205] Fetching weather for Szendrő...
2026-06-11 10:49:13,029 - root - INFO - Fetched weather for Szendrő: 21.8°C, Clouds, humidity: 63%
2026-06-11 10:49:14,130 - root - INFO - [227/1205] Fetching weather for Szendrő felső...
2026-06-11 10:49:14,280 - root - INFO - Fetched weather for Szendrő felső: 21.8°C, Clouds, humidity: 63%
2026-06-11 10:49:15,382 - root - INFO - [228/1205] Fetching weather for Szalonna...
2026-06-11 10:49:15,544 - root - INFO - Fetched weather for Szalonna: 21.7°C, Clouds, humidity: 65%
2026-06-11 10:49:16,646 - root - INFO - [229/1205] Fetching weather for Perkupa...
2026-06-11 10:49:16,762 - root - INFO - Fetched weather for Perkupa: 20.9°C, Clouds, humidity: 66%
2026-06-11 10:49:17,864 - root - INFO - [230/1205] Fetching weather for Szemeretelep...
2026-06-11 10:49:18,012 - root - INFO - Fetched weather for Szemeretelep: 18.3°C, Clouds, humidity: 58%
2026-06-11 10:49:19,114 - root - INFO - [231/1205] Fetching weather for Jósvafő-Aggtelek...
2026-06-11 10:49:19,273 - root - INFO - Fetched weather for Jósvafő-Aggtelek: 21.2°C, Clouds, humidity: 67%
2026-06-11 10:49:20,375 - root - INFO - [232/1205] Fetching weather for Bódvaszilas...
2026-06-11 10:49:20,529 - root - INFO - Fetched weather for Bódvaszilas: 20.6°C, Clouds, humidity: 68%
2026-06-11 10:49:21,631 - root - INFO - [233/1205] Fetching weather for Komjáti...
2026-06-11 10:49:21,796 - root - INFO - Fetched weather for Komjáti: 19.9°C, Clouds, humidity: 70%
2026-06-11 10:49:22,898 - root - INFO - [234/1205] Fetching weather for Tornanádaska...
2026-06-11 10:49:23,035 - root - INFO - Fetched weather for Tornanádaska: 20.9°C, Clouds, humidity: 70%
2026-06-11 10:49:24,137 - root - INFO - [235/1205] Fetching weather for Onga...
2026-06-11 10:49:24,285 - root - INFO - Fetched weather for Onga: 24.2°C, Clouds, humidity: 53%
2026-06-11 10:49:25,387 - root - INFO - [236/1205] Fetching weather for Szikszó-Vásártér...
2026-06-11 10:49:25,548 - root - INFO - Fetched weather for Szikszó-Vásártér: 24.1°C, Clouds, humidity: 54%
2026-06-11 10:49:26,649 - root - INFO - [237/1205] Fetching weather for Szikszó...
2026-06-11 10:49:26,804 - root - INFO - Fetched weather for Szikszó: 24.0°C, Clouds, humidity: 54%
2026-06-11 10:49:27,906 - root - INFO - [238/1205] Fetching weather for Aszaló...
2026-06-11 10:49:28,069 - root - INFO - Fetched weather for Aszaló: 23.9°C, Clouds, humidity: 54%
2026-06-11 10:49:29,171 - root - INFO - [239/1205] Fetching weather for Halmaj...
2026-06-11 10:49:29,308 - root - INFO - Fetched weather for Halmaj: 23.9°C, Clouds, humidity: 58%
2026-06-11 10:49:30,410 - root - INFO - [240/1205] Fetching weather for Csobád...
2026-06-11 10:49:30,561 - root - INFO - Fetched weather for Csobád: 23.9°C, Clouds, humidity: 60%
2026-06-11 10:49:31,663 - root - INFO - [241/1205] Fetching weather for Ináncs...
2026-06-11 10:49:31,831 - root - INFO - Fetched weather for Ináncs: 23.9°C, Clouds, humidity: 63%
2026-06-11 10:49:32,933 - root - INFO - [242/1205] Fetching weather for Forró-Encs...
2026-06-11 10:49:33,084 - root - INFO - Fetched weather for Forró-Encs: 20.9°C, Clouds, humidity: 65%
2026-06-11 10:49:34,186 - root - INFO - [243/1205] Fetching weather for Méra...
2026-06-11 10:49:34,319 - root - INFO - Fetched weather for Méra: 20.1°C, Clouds, humidity: 68%
2026-06-11 10:49:35,420 - root - INFO - [244/1205] Fetching weather for Novajidrány...
2026-06-11 10:49:35,548 - root - INFO - Fetched weather for Novajidrány: 19.8°C, Clouds, humidity: 70%
2026-06-11 10:49:36,650 - root - INFO - [245/1205] Fetching weather for Hernádszurdok...
2026-06-11 10:49:36,834 - root - INFO - Fetched weather for Hernádszurdok: 12.9°C, Clouds, humidity: 73%
2026-06-11 10:49:37,936 - root - INFO - [246/1205] Fetching weather for Hidasnémeti...
2026-06-11 10:49:38,099 - root - INFO - Fetched weather for Hidasnémeti: 12.9°C, Clouds, humidity: 73%
2026-06-11 10:49:39,200 - root - INFO - [247/1205] Fetching weather for Mád...
2026-06-11 10:49:39,358 - root - INFO - Fetched weather for Mád: 20.6°C, Clouds, humidity: 70%
2026-06-11 10:49:40,460 - root - INFO - [248/1205] Fetching weather for Rátka...
2026-06-11 10:49:40,595 - root - INFO - Fetched weather for Rátka: 20.8°C, Clouds, humidity: 70%
2026-06-11 10:49:41,697 - root - INFO - [249/1205] Fetching weather for Tállya...
2026-06-11 10:49:41,821 - root - INFO - Fetched weather for Tállya: 20.7°C, Clouds, humidity: 70%
2026-06-11 10:49:42,922 - root - INFO - [250/1205] Fetching weather for Golop...
2026-06-11 10:49:43,075 - root - INFO - Fetched weather for Golop: 20.9°C, Clouds, humidity: 70%
2026-06-11 10:49:44,177 - root - INFO - [251/1205] Fetching weather for Abaújszántó...
2026-06-11 10:49:44,341 - root - INFO - Fetched weather for Abaújszántó: 20.8°C, Clouds, humidity: 67%
2026-06-11 10:49:45,443 - root - INFO - [252/1205] Fetching weather for Abaújszántói fürdő...
2026-06-11 10:49:45,599 - root - INFO - Fetched weather for Abaújszántói fürdő: 20.8°C, Clouds, humidity: 66%
2026-06-11 10:49:46,701 - root - INFO - [253/1205] Fetching weather for Abaújkér...
2026-06-11 10:49:46,863 - root - INFO - Fetched weather for Abaújkér: 20.7°C, Clouds, humidity: 67%
2026-06-11 10:49:47,965 - root - INFO - [254/1205] Fetching weather for Boldogkőváralja...
2026-06-11 10:49:48,104 - root - INFO - Fetched weather for Boldogkőváralja: 20.5°C, Clouds, humidity: 70%
2026-06-11 10:49:49,206 - root - INFO - [255/1205] Fetching weather for Korlát-Vizsoly...
2026-06-11 10:49:49,353 - root - INFO - Fetched weather for Korlát-Vizsoly: 20.4°C, Clouds, humidity: 71%
2026-06-11 10:49:50,455 - root - INFO - [256/1205] Fetching weather for Fony...
2026-06-11 10:49:50,624 - root - INFO - Fetched weather for Fony: 16.4°C, Clouds, humidity: 72%
2026-06-11 10:49:51,726 - root - INFO - [257/1205] Fetching weather for Hejce-Vilmány...
2026-06-11 10:49:51,877 - root - INFO - Fetched weather for Hejce-Vilmány: 16.3°C, Clouds, humidity: 72%
2026-06-11 10:49:52,979 - root - INFO - [258/1205] Fetching weather for Göncruszka...
2026-06-11 10:49:53,141 - root - INFO - Fetched weather for Göncruszka: 12.8°C, Clouds, humidity: 72%
2026-06-11 10:49:54,243 - root - INFO - [259/1205] Fetching weather for Gönc...
2026-06-11 10:49:54,393 - root - INFO - Fetched weather for Gönc: 12.7°C, Clouds, humidity: 74%
2026-06-11 10:49:55,494 - root - INFO - [260/1205] Fetching weather for Zsujta...
2026-06-11 10:49:55,642 - root - INFO - Fetched weather for Zsujta: 12.8°C, Clouds, humidity: 74%
2026-06-11 10:49:56,744 - root - INFO - [261/1205] Fetching weather for Bodrogkeresztúr...
2026-06-11 10:49:56,900 - root - INFO - Fetched weather for Bodrogkeresztúr: 20.9°C, Clouds, humidity: 70%
2026-06-11 10:49:58,002 - root - INFO - [262/1205] Fetching weather for Szegi...
2026-06-11 10:49:58,132 - root - INFO - Fetched weather for Szegi: 20.9°C, Clouds, humidity: 70%
2026-06-11 10:49:59,234 - root - INFO - [263/1205] Fetching weather for Erdőbénye...
2026-06-11 10:49:59,387 - root - INFO - Fetched weather for Erdőbénye: 20.9°C, Clouds, humidity: 70%
2026-06-11 10:50:00,488 - root - INFO - [264/1205] Fetching weather for Olaszliszka-Tolcsva...
2026-06-11 10:50:00,617 - root - INFO - Fetched weather for Olaszliszka-Tolcsva: 20.9°C, Clouds, humidity: 70%
2026-06-11 10:50:01,718 - root - INFO - [265/1205] Fetching weather for Bodrogolaszi...
2026-06-11 10:50:01,877 - root - INFO - Fetched weather for Bodrogolaszi: 16.8°C, Clouds, humidity: 100%
2026-06-11 10:50:02,979 - root - INFO - [266/1205] Fetching weather for Sárospatak...
2026-06-11 10:50:03,143 - root - INFO - Fetched weather for Sárospatak: 16.8°C, Clouds, humidity: 100%
2026-06-11 10:50:04,245 - root - INFO - [267/1205] Fetching weather for Sátoraljaújhely...
2026-06-11 10:50:04,378 - root - INFO - Fetched weather for Sátoraljaújhely: 16.8°C, Clouds, humidity: 100%
2026-06-11 10:50:05,480 - root - INFO - [268/1205] Fetching weather for Vecsés...
2026-06-11 10:50:05,631 - root - INFO - Fetched weather for Vecsés: 19.1°C, Clouds, humidity: 54%
2026-06-11 10:50:06,733 - root - INFO - [269/1205] Fetching weather for Vecsés-Kertekalja...
2026-06-11 10:50:06,860 - root - INFO - Fetched weather for Vecsés-Kertekalja: 19.2°C, Clouds, humidity: 54%
2026-06-11 10:50:07,961 - root - INFO - [270/1205] Fetching weather for Üllő...
2026-06-11 10:50:08,114 - root - INFO - Fetched weather for Üllő: 19.1°C, Clouds, humidity: 50%
2026-06-11 10:50:09,216 - root - INFO - [271/1205] Fetching weather for Monor...
2026-06-11 10:50:09,360 - root - INFO - Fetched weather for Monor: 21.1°C, Clouds, humidity: 50%
2026-06-11 10:50:10,462 - root - INFO - [272/1205] Fetching weather for Pilis...
2026-06-11 10:50:10,620 - root - INFO - Fetched weather for Pilis: 21.4°C, Clouds, humidity: 49%
2026-06-11 10:50:11,722 - root - INFO - [273/1205] Fetching weather for Albertirsa...
2026-06-11 10:50:11,878 - root - INFO - Fetched weather for Albertirsa: 21.5°C, Clouds, humidity: 50%
2026-06-11 10:50:12,979 - root - INFO - [274/1205] Fetching weather for Ceglédbercel-Cserő...
2026-06-11 10:50:13,112 - root - INFO - Fetched weather for Ceglédbercel-Cserő: 21.6°C, Clouds, humidity: 50%
2026-06-11 10:50:14,214 - root - INFO - [275/1205] Fetching weather for Cegléd...
2026-06-11 10:50:14,378 - root - INFO - Fetched weather for Cegléd: 21.7°C, Clouds, humidity: 50%
2026-06-11 10:50:15,480 - root - INFO - [276/1205] Fetching weather for Abony...
2026-06-11 10:50:15,624 - root - INFO - Fetched weather for Abony: 20.5°C, Clouds, humidity: 56%
2026-06-11 10:50:16,725 - root - INFO - [277/1205] Fetching weather for Szolnok...
2026-06-11 10:50:16,884 - root - INFO - Fetched weather for Szolnok: 20.5°C, Clouds, humidity: 56%
2026-06-11 10:50:17,985 - root - INFO - [278/1205] Fetching weather for Szajol...
2026-06-11 10:50:18,162 - root - INFO - Fetched weather for Szajol: 20.6°C, Clouds, humidity: 56%
2026-06-11 10:50:19,264 - root - INFO - [279/1205] Fetching weather for Törökszentmiklós...
2026-06-11 10:50:19,423 - root - INFO - Fetched weather for Törökszentmiklós: 20.6°C, Clouds, humidity: 47%
2026-06-11 10:50:20,525 - root - INFO - [280/1205] Fetching weather for Rákoscsaba-Újtelep...
2026-06-11 10:50:20,683 - root - INFO - Fetched weather for Rákoscsaba-Újtelep: 18.9°C, Clouds, humidity: 55%
2026-06-11 10:50:21,785 - root - INFO - [281/1205] Fetching weather for Rákoscsaba...
2026-06-11 10:50:21,930 - root - INFO - Fetched weather for Rákoscsaba: 18.8°C, Clouds, humidity: 56%
2026-06-11 10:50:23,032 - root - INFO - [282/1205] Fetching weather for Pécel...
2026-06-11 10:50:23,183 - root - INFO - Fetched weather for Pécel: 18.6°C, Clouds, humidity: 51%
2026-06-11 10:50:24,285 - root - INFO - [283/1205] Fetching weather for Isaszeg...
2026-06-11 10:50:24,442 - root - INFO - Fetched weather for Isaszeg: 19.6°C, Clouds, humidity: 51%
2026-06-11 10:50:25,543 - root - INFO - [284/1205] Fetching weather for Gödöllő...
2026-06-11 10:50:25,657 - root - INFO - Fetched weather for Gödöllő: 19.0°C, Clouds, humidity: 52%
2026-06-11 10:50:26,759 - root - INFO - [285/1205] Fetching weather for Máriabesnyő...
2026-06-11 10:50:26,921 - root - INFO - Fetched weather for Máriabesnyő: 19.5°C, Clouds, humidity: 52%
2026-06-11 10:50:28,023 - root - INFO - [286/1205] Fetching weather for Bag...
2026-06-11 10:50:28,172 - root - INFO - Fetched weather for Bag: 21.5°C, Clouds, humidity: 52%
2026-06-11 10:50:29,274 - root - INFO - [287/1205] Fetching weather for Aszód...
2026-06-11 10:50:29,452 - root - INFO - Fetched weather for Aszód: 21.5°C, Clouds, humidity: 52%
2026-06-11 10:50:30,554 - root - INFO - [288/1205] Fetching weather for Hévízgyörk...
2026-06-11 10:50:30,703 - root - INFO - Fetched weather for Hévízgyörk: 21.6°C, Clouds, humidity: 52%
2026-06-11 10:50:31,805 - root - INFO - [289/1205] Fetching weather for Galgahévíz...
2026-06-11 10:50:31,921 - root - INFO - Fetched weather for Galgahévíz: 21.9°C, Clouds, humidity: 52%
2026-06-11 10:50:33,023 - root - INFO - [290/1205] Fetching weather for Tura...
2026-06-11 10:50:33,181 - root - INFO - Fetched weather for Tura: 21.9°C, Clouds, humidity: 51%
2026-06-11 10:50:34,283 - root - INFO - [291/1205] Fetching weather for Hatvan...
2026-06-11 10:50:34,432 - root - INFO - Fetched weather for Hatvan: 22.3°C, Clouds, humidity: 51%
2026-06-11 10:50:35,533 - root - INFO - [292/1205] Fetching weather for Vámosgyörk...
2026-06-11 10:50:35,695 - root - INFO - Fetched weather for Vámosgyörk: 22.7°C, Clouds, humidity: 49%
2026-06-11 10:50:36,797 - root - INFO - [293/1205] Fetching weather for Adács...
2026-06-11 10:50:36,959 - root - INFO - Fetched weather for Adács: 22.9°C, Clouds, humidity: 49%
2026-06-11 10:50:38,061 - root - INFO - [294/1205] Fetching weather for Karácsond...
2026-06-11 10:50:38,177 - root - INFO - Fetched weather for Karácsond: 22.8°C, Clouds, humidity: 48%
2026-06-11 10:50:39,278 - root - INFO - [295/1205] Fetching weather for Ludas...
2026-06-11 10:50:39,404 - root - INFO - Fetched weather for Ludas: 23.0°C, Clouds, humidity: 48%
2026-06-11 10:50:40,506 - root - INFO - [296/1205] Fetching weather for Nagyút...
2026-06-11 10:50:40,656 - root - INFO - Fetched weather for Nagyút: 23.0°C, Clouds, humidity: 48%
2026-06-11 10:50:41,758 - root - INFO - [297/1205] Fetching weather for Kál-Kápolna...
2026-06-11 10:50:41,914 - root - INFO - Fetched weather for Kál-Kápolna: 23.0°C, Clouds, humidity: 48%
2026-06-11 10:50:43,016 - root - INFO - [298/1205] Fetching weather for Füzesabony...
2026-06-11 10:50:43,189 - root - INFO - Fetched weather for Füzesabony: 23.0°C, Clouds, humidity: 48%
2026-06-11 10:50:44,291 - root - INFO - [299/1205] Fetching weather for Szihalom...
2026-06-11 10:50:44,408 - root - INFO - Fetched weather for Szihalom: 23.5°C, Clouds, humidity: 49%
2026-06-11 10:50:45,510 - root - INFO - [300/1205] Fetching weather for Mezőkövesd...
2026-06-11 10:50:45,636 - root - INFO - Fetched weather for Mezőkövesd: 23.5°C, Clouds, humidity: 49%
2026-06-11 10:50:46,737 - root - INFO - [301/1205] Fetching weather for Mezőkövesd felső...
2026-06-11 10:50:46,886 - root - INFO - Fetched weather for Mezőkövesd felső: 23.5°C, Clouds, humidity: 49%
2026-06-11 10:50:47,988 - root - INFO - [302/1205] Fetching weather for Mezőkeresztes-Mezőnyárád...
2026-06-11 10:50:48,152 - root - INFO - Fetched weather for Mezőkeresztes-Mezőnyárád: 23.7°C, Clouds, humidity: 61%
2026-06-11 10:50:49,253 - root - INFO - [303/1205] Fetching weather for Csincse...
2026-06-11 10:50:49,414 - root - INFO - Fetched weather for Csincse: 23.9°C, Clouds, humidity: 57%
2026-06-11 10:50:50,516 - root - INFO - [304/1205] Fetching weather for Emőd...
2026-06-11 10:50:50,630 - root - INFO - Fetched weather for Emőd: 24.3°C, Clouds, humidity: 56%
2026-06-11 10:50:51,731 - root - INFO - [305/1205] Fetching weather for Nyékládháza...
2026-06-11 10:50:51,856 - root - INFO - Fetched weather for Nyékládháza: 24.8°C, Clouds, humidity: 55%
2026-06-11 10:50:52,958 - root - INFO - [306/1205] Fetching weather for Miskolc-Tiszai...
2026-06-11 10:50:53,119 - root - INFO - Fetched weather for Miskolc-Tiszai: 24.0°C, Clouds, humidity: 54%
2026-06-11 10:50:54,221 - root - INFO - [307/1205] Fetching weather for Felsőzsolca...
2026-06-11 10:50:54,372 - root - INFO - Fetched weather for Felsőzsolca: 24.1°C, Clouds, humidity: 53%
2026-06-11 10:50:55,474 - root - INFO - [308/1205] Fetching weather for Hernádnémeti-Bőcs...
2026-06-11 10:50:55,633 - root - INFO - Fetched weather for Hernádnémeti-Bőcs: 25.2°C, Clouds, humidity: 51%
2026-06-11 10:50:56,734 - root - INFO - [309/1205] Fetching weather for Tiszalúc...
2026-06-11 10:50:56,849 - root - INFO - Fetched weather for Tiszalúc: 25.4°C, Clouds, humidity: 50%
2026-06-11 10:50:57,951 - root - INFO - [310/1205] Fetching weather for Taktaharkány...
2026-06-11 10:50:58,069 - root - INFO - Fetched weather for Taktaharkány: 25.6°C, Clouds, humidity: 50%
2026-06-11 10:50:59,171 - root - INFO - [311/1205] Fetching weather for Taktaszada...
2026-06-11 10:50:59,333 - root - INFO - Fetched weather for Taktaszada: 25.6°C, Clouds, humidity: 59%
2026-06-11 10:51:00,435 - root - INFO - [312/1205] Fetching weather for Szerencs...
2026-06-11 10:51:00,581 - root - INFO - Fetched weather for Szerencs: 21.0°C, Clouds, humidity: 70%
2026-06-11 10:51:01,683 - root - INFO - [313/1205] Fetching weather for Mezőzombor...
2026-06-11 10:51:01,842 - root - INFO - Fetched weather for Mezőzombor: 21.0°C, Clouds, humidity: 70%
2026-06-11 10:51:02,944 - root - INFO - [314/1205] Fetching weather for Tarcal...
2026-06-11 10:51:03,060 - root - INFO - Fetched weather for Tarcal: 21.0°C, Clouds, humidity: 70%
2026-06-11 10:51:04,162 - root - INFO - [315/1205] Fetching weather for Tokaj...
2026-06-11 10:51:04,289 - root - INFO - Fetched weather for Tokaj: 20.9°C, Clouds, humidity: 70%
2026-06-11 10:51:05,391 - root - INFO - [316/1205] Fetching weather for Rakamaz...
2026-06-11 10:51:05,559 - root - INFO - Fetched weather for Rakamaz: 20.9°C, Clouds, humidity: 70%
2026-06-11 10:51:06,661 - root - INFO - [317/1205] Fetching weather for Görögszállás...
2026-06-11 10:51:06,819 - root - INFO - Fetched weather for Görögszállás: 20.9°C, Clouds, humidity: 70%
2026-06-11 10:51:07,921 - root - INFO - [318/1205] Fetching weather for Nyírtelek...
2026-06-11 10:51:08,085 - root - INFO - Fetched weather for Nyírtelek: 20.9°C, Clouds, humidity: 66%
2026-06-11 10:51:09,187 - root - INFO - [319/1205] Fetching weather for Rákoshegy...
2026-06-11 10:51:09,303 - root - INFO - Fetched weather for Rákoshegy: 18.9°C, Clouds, humidity: 57%
2026-06-11 10:51:10,404 - root - INFO - [320/1205] Fetching weather for Ecser...
2026-06-11 10:51:10,526 - root - INFO - Fetched weather for Ecser: 18.8°C, Clouds, humidity: 50%
2026-06-11 10:51:11,628 - root - INFO - [321/1205] Fetching weather for Maglód...
2026-06-11 10:51:11,785 - root - INFO - Fetched weather for Maglód: 18.8°C, Clouds, humidity: 50%
2026-06-11 10:51:12,887 - root - INFO - [322/1205] Fetching weather for Maglódi nyaraló...
2026-06-11 10:51:13,048 - root - INFO - Fetched weather for Maglódi nyaraló: 18.7°C, Clouds, humidity: 50%
2026-06-11 10:51:14,150 - root - INFO - [323/1205] Fetching weather for Gyömrő...
2026-06-11 10:51:14,295 - root - INFO - Fetched weather for Gyömrő: 17.9°C, Clouds, humidity: 50%
2026-06-11 10:51:15,397 - root - INFO - [324/1205] Fetching weather for Mende...
2026-06-11 10:51:15,507 - root - INFO - Fetched weather for Mende: 17.8°C, Clouds, humidity: 50%
2026-06-11 10:51:16,609 - root - INFO - [325/1205] Fetching weather for Szőlősnyaraló...
2026-06-11 10:51:16,732 - root - INFO - Fetched weather for Szőlősnyaraló: 21.4°C, Clouds, humidity: 50%
2026-06-11 10:51:17,834 - root - INFO - [326/1205] Fetching weather for Sülysáp...
2026-06-11 10:51:17,991 - root - INFO - Fetched weather for Sülysáp: 21.4°C, Clouds, humidity: 50%
2026-06-11 10:51:19,093 - root - INFO - [327/1205] Fetching weather for Tápiószecső...
2026-06-11 10:51:19,251 - root - INFO - Fetched weather for Tápiószecső: 21.5°C, Clouds, humidity: 50%
2026-06-11 10:51:20,353 - root - INFO - [328/1205] Fetching weather for Szentmártonkáta...
2026-06-11 10:51:20,508 - root - INFO - Fetched weather for Szentmártonkáta: 21.5°C, Clouds, humidity: 51%
2026-06-11 10:51:21,609 - root - INFO - [329/1205] Fetching weather for Nagykáta...
2026-06-11 10:51:21,733 - root - INFO - Fetched weather for Nagykáta: 21.6°C, Clouds, humidity: 51%
2026-06-11 10:51:22,835 - root - INFO - [330/1205] Fetching weather for Farmos...
2026-06-11 10:51:22,956 - root - INFO - Fetched weather for Farmos: 21.7°C, Clouds, humidity: 51%
2026-06-11 10:51:24,057 - root - INFO - [331/1205] Fetching weather for Tápiószele...
2026-06-11 10:51:24,220 - root - INFO - Fetched weather for Tápiószele: 21.7°C, Clouds, humidity: 51%
2026-06-11 10:51:25,321 - root - INFO - [332/1205] Fetching weather for Tápiógyörgye...
2026-06-11 10:51:25,487 - root - INFO - Fetched weather for Tápiógyörgye: 21.7°C, Clouds, humidity: 51%
2026-06-11 10:51:26,588 - root - INFO - [333/1205] Fetching weather for Újszász...
2026-06-11 10:51:26,741 - root - INFO - Fetched weather for Újszász: 21.8°C, Clouds, humidity: 51%
2026-06-11 10:51:27,843 - root - INFO - [334/1205] Fetching weather for Szurdokpüspöki...
2026-06-11 10:51:27,967 - root - INFO - Fetched weather for Szurdokpüspöki: 22.4°C, Clouds, humidity: 49%
2026-06-11 10:51:29,069 - root - INFO - [335/1205] Fetching weather for Lőrinci...
2026-06-11 10:51:29,190 - root - INFO - Fetched weather for Lőrinci: 22.3°C, Clouds, humidity: 50%
2026-06-11 10:51:30,292 - root - INFO - [336/1205] Fetching weather for Selyp...
2026-06-11 10:51:30,448 - root - INFO - Fetched weather for Selyp: 22.4°C, Clouds, humidity: 50%
2026-06-11 10:51:31,550 - root - INFO - [337/1205] Fetching weather for Apc-Zagyvaszántó...
2026-06-11 10:51:31,712 - root - INFO - Fetched weather for Apc-Zagyvaszántó: 22.4°C, Clouds, humidity: 50%
2026-06-11 10:51:32,814 - root - INFO - [338/1205] Fetching weather for Pásztó...
2026-06-11 10:51:32,975 - root - INFO - Fetched weather for Pásztó: 22.4°C, Clouds, humidity: 48%
2026-06-11 10:51:34,077 - root - INFO - [339/1205] Fetching weather for Mátraszőlős-Hasznos...
2026-06-11 10:51:34,192 - root - INFO - Fetched weather for Mátraszőlős-Hasznos: 22.5°C, Clouds, humidity: 48%
2026-06-11 10:51:35,294 - root - INFO - [340/1205] Fetching weather for Tar...
2026-06-11 10:51:35,425 - root - INFO - Fetched weather for Tar: 22.1°C, Clouds, humidity: 47%
2026-06-11 10:51:36,527 - root - INFO - [341/1205] Fetching weather for Mátraverebély...
2026-06-11 10:51:36,698 - root - INFO - Fetched weather for Mátraverebély: 22.1°C, Clouds, humidity: 47%
2026-06-11 10:51:37,800 - root - INFO - [342/1205] Fetching weather for Nagybátony...
2026-06-11 10:51:37,971 - root - INFO - Fetched weather for Nagybátony: 22.4°C, Clouds, humidity: 47%
2026-06-11 10:51:39,073 - root - INFO - [343/1205] Fetching weather for Kisterenye...
2026-06-11 10:51:39,232 - root - INFO - Fetched weather for Kisterenye: 22.6°C, Clouds, humidity: 47%
2026-06-11 10:51:40,334 - root - INFO - [344/1205] Fetching weather for Kisterenye-Bányatelep...
2026-06-11 10:51:40,452 - root - INFO - Fetched weather for Kisterenye-Bányatelep: 22.6°C, Clouds, humidity: 47%
2026-06-11 10:51:41,554 - root - INFO - [345/1205] Fetching weather for Salgótarján külső...
2026-06-11 10:51:41,684 - root - INFO - Fetched weather for Salgótarján külső: 22.0°C, Clouds, humidity: 47%
2026-06-11 10:51:42,786 - root - INFO - [346/1205] Fetching weather for Balatonfenyves GV...
2026-06-11 10:51:42,947 - root - INFO - Fetched weather for Balatonfenyves GV: 20.1°C, Clouds, humidity: 48%
2026-06-11 10:51:44,049 - root - INFO - [347/1205] Fetching weather for Várhegyalja...
2026-06-11 10:51:44,219 - root - INFO - Fetched weather for Várhegyalja: 19.9°C, Clouds, humidity: 54%
2026-06-11 10:51:45,320 - root - INFO - [348/1205] Fetching weather for Imremajor...
2026-06-11 10:51:45,479 - root - INFO - Fetched weather for Imremajor: 20.0°C, Clouds, humidity: 48%
2026-06-11 10:51:46,581 - root - INFO - [349/1205] Fetching weather for Rákospalota-Kertváros...
2026-06-11 10:51:46,694 - root - INFO - Fetched weather for Rákospalota-Kertváros: 19.5°C, Clouds, humidity: 58%
2026-06-11 10:51:47,796 - root - INFO - [350/1205] Fetching weather for Vicziántelep...
2026-06-11 10:51:47,923 - root - INFO - Fetched weather for Vicziántelep: 19.3°C, Clouds, humidity: 52%
2026-06-11 10:51:49,025 - root - INFO - [351/1205] Fetching weather for Pálmajor...
2026-06-11 10:51:49,186 - root - INFO - Fetched weather for Pálmajor: 20.0°C, Clouds, humidity: 48%
2026-06-11 10:51:50,288 - root - INFO - [352/1205] Fetching weather for Somogyszentpál felső...
2026-06-11 10:51:50,452 - root - INFO - Fetched weather for Somogyszentpál felső: 20.0°C, Clouds, humidity: 48%
2026-06-11 10:51:51,553 - root - INFO - [353/1205] Fetching weather for Somogyszentpál...
2026-06-11 10:51:51,721 - root - INFO - Fetched weather for Somogyszentpál: 19.8°C, Clouds, humidity: 49%
2026-06-11 10:51:52,823 - root - INFO - [354/1205] Fetching weather for Rudnaykert...
2026-06-11 10:51:52,933 - root - INFO - Fetched weather for Rudnaykert: 19.8°C, Clouds, humidity: 53%
2026-06-11 10:51:54,035 - root - INFO - [355/1205] Fetching weather for Maroshegy...
2026-06-11 10:51:54,162 - root - INFO - Fetched weather for Maroshegy: 20.3°C, Clouds, humidity: 49%
2026-06-11 10:51:55,264 - root - INFO - [356/1205] Fetching weather for Bánhida...
2026-06-11 10:51:55,440 - root - INFO - Fetched weather for Bánhida: 19.7°C, Clouds, humidity: 54%
2026-06-11 10:51:56,542 - root - INFO - [357/1205] Fetching weather for Magyarkút...
2026-06-11 10:51:56,703 - root - INFO - Fetched weather for Magyarkút: 20.0°C, Clouds, humidity: 54%
2026-06-11 10:51:57,805 - root - INFO - [358/1205] Fetching weather for Becske alsó...
2026-06-11 10:51:57,971 - root - INFO - Fetched weather for Becske alsó: 20.7°C, Clouds, humidity: 51%
2026-06-11 10:51:59,072 - root - INFO - [359/1205] Fetching weather for Hosszúberek-Péteri...
2026-06-11 10:51:59,187 - root - INFO - Fetched weather for Hosszúberek-Péteri: 18.1°C, Clouds, humidity: 50%
2026-06-11 10:52:00,289 - root - INFO - [360/1205] Fetching weather for Monorierdő...
2026-06-11 10:52:00,409 - root - INFO - Fetched weather for Monorierdő: 21.4°C, Clouds, humidity: 49%
2026-06-11 10:52:01,511 - root - INFO - [361/1205] Fetching weather for Ceglédbercel...
2026-06-11 10:52:01,676 - root - INFO - Fetched weather for Ceglédbercel: 21.6°C, Clouds, humidity: 51%
2026-06-11 10:52:02,778 - root - INFO - [362/1205] Fetching weather for Budai út...
2026-06-11 10:52:02,936 - root - INFO - Fetched weather for Budai út: 21.6°C, Clouds, humidity: 51%
2026-06-11 10:52:04,038 - root - INFO - [363/1205] Fetching weather for Büdöskútpuszta...
2026-06-11 10:52:04,205 - root - INFO - Fetched weather for Büdöskútpuszta: 22.1°C, Clouds, humidity: 62%
2026-06-11 10:52:05,306 - root - INFO - [364/1205] Fetching weather for Bánrévei Vízmű...
2026-06-11 10:52:05,467 - root - INFO - Fetched weather for Bánrévei Vízmű: 22.1°C, Clouds, humidity: 62%
2026-06-11 10:52:06,569 - root - INFO - [365/1205] Fetching weather for Rákoskert...
2026-06-11 10:52:06,738 - root - INFO - Fetched weather for Rákoskert: 18.6°C, Clouds, humidity: 56%
2026-06-11 10:52:07,840 - root - INFO - [366/1205] Fetching weather for Szirmabesenyő...
2026-06-11 10:52:08,001 - root - INFO - Fetched weather for Szirmabesenyő: 23.9°C, Clouds, humidity: 54%
2026-06-11 10:52:09,103 - root - INFO - [367/1205] Fetching weather for Kitérőgyár...
2026-06-11 10:52:09,239 - root - INFO - Fetched weather for Kitérőgyár: 22.6°C, Clouds, humidity: 48%
2026-06-11 10:52:10,341 - root - INFO - [368/1205] Fetching weather for Tápiószentmárton...
2026-06-11 10:52:10,505 - root - INFO - Fetched weather for Tápiószentmárton: 21.6°C, Clouds, humidity: 51%
2026-06-11 10:52:11,606 - root - INFO - [369/1205] Fetching weather for Zagyvarékas...
2026-06-11 10:52:11,772 - root - INFO - Fetched weather for Zagyvarékas: 20.6°C, Clouds, humidity: 56%
2026-06-11 10:52:12,874 - root - INFO - [370/1205] Fetching weather for Abonyi út...
2026-06-11 10:52:12,991 - root - INFO - Fetched weather for Abonyi út: 20.6°C, Clouds, humidity: 56%
2026-06-11 10:52:14,093 - root - INFO - [371/1205] Fetching weather for Jászkisér felső...
2026-06-11 10:52:14,247 - root - INFO - Fetched weather for Jászkisér felső: 22.8°C, Clouds, humidity: 48%
2026-06-11 10:52:15,349 - root - INFO - [372/1205] Fetching weather for Szellőhát...
2026-06-11 10:52:15,510 - root - INFO - Fetched weather for Szellőhát: 21.8°C, Clouds, humidity: 48%
2026-06-11 10:52:16,612 - root - INFO - [373/1205] Fetching weather for Szilvásvárad-Szalajkavölgy...
2026-06-11 10:52:16,779 - root - INFO - Fetched weather for Szilvásvárad-Szalajkavölgy: 20.7°C, Clouds, humidity: 62%
2026-06-11 10:52:17,881 - root - INFO - [374/1205] Fetching weather for Vásárosnamény külső...
2026-06-11 10:52:18,041 - root - INFO - Fetched weather for Vásárosnamény külső: 18.6°C, Clouds, humidity: 72%
2026-06-11 10:52:19,143 - root - INFO - [375/1205] Fetching weather for Újváros...
2026-06-11 10:52:19,260 - root - INFO - Fetched weather for Újváros: 24.4°C, Clouds, humidity: 41%
2026-06-11 10:52:20,362 - root - INFO - [376/1205] Fetching weather for Városi park...
2026-06-11 10:52:20,491 - root - INFO - Fetched weather for Városi park: 21.7°C, Clouds, humidity: 49%
2026-06-11 10:52:21,593 - root - INFO - [377/1205] Fetching weather for Belsőkamaráspuszta...
2026-06-11 10:52:21,757 - root - INFO - Fetched weather for Belsőkamaráspuszta: 17.2°C, Clouds, humidity: 71%
2026-06-11 10:52:22,859 - root - INFO - [378/1205] Fetching weather for Sajószöged...
2026-06-11 10:52:23,040 - root - INFO - Fetched weather for Sajószöged: 25.5°C, Clouds, humidity: 52%
2026-06-11 10:52:24,142 - root - INFO - [379/1205] Fetching weather for Kazincbarcika alsó...
2026-06-11 10:52:24,302 - root - INFO - Fetched weather for Kazincbarcika alsó: 23.0°C, Clouds, humidity: 60%
2026-06-11 10:52:25,404 - root - INFO - [380/1205] Fetching weather for Nyárjas...
2026-06-11 10:52:25,523 - root - INFO - Fetched weather for Nyárjas: 21.6°C, Clouds, humidity: 49%
2026-06-11 10:52:26,625 - root - INFO - [381/1205] Fetching weather for Pogonyipuszta...
2026-06-11 10:52:26,770 - root - INFO - Fetched weather for Pogonyipuszta: 22.1°C, Clouds, humidity: 62%
2026-06-11 10:52:27,872 - root - INFO - [382/1205] Fetching weather for Sióvölgy...
2026-06-11 10:52:28,036 - root - INFO - Fetched weather for Sióvölgy: 18.9°C, Clouds, humidity: 61%
2026-06-11 10:52:29,138 - root - INFO - [383/1205] Fetching weather for Répáspuszta...
2026-06-11 10:52:29,303 - root - INFO - Fetched weather for Répáspuszta: 19.5°C, Clouds, humidity: 51%
2026-06-11 10:52:30,405 - root - INFO - [384/1205] Fetching weather for Virányos...
2026-06-11 10:52:30,567 - root - INFO - Fetched weather for Virányos: 20.9°C, Clouds, humidity: 70%
2026-06-11 10:52:31,669 - root - INFO - [385/1205] Fetching weather for Füzesbokor...
2026-06-11 10:52:31,792 - root - INFO - Fetched weather for Füzesbokor: 20.9°C, Clouds, humidity: 66%
2026-06-11 10:52:32,894 - root - INFO - [386/1205] Fetching weather for Kunfehértó...
2026-06-11 10:52:33,028 - root - INFO - Fetched weather for Kunfehértó: 20.4°C, Clouds, humidity: 48%
2026-06-11 10:52:34,130 - root - INFO - [387/1205] Fetching weather for Erdőszél...
2026-06-11 10:52:34,288 - root - INFO - Fetched weather for Erdőszél: 20.2°C, Clouds, humidity: 48%
2026-06-11 10:52:35,390 - root - INFO - [388/1205] Fetching weather for Jánoshalma...
2026-06-11 10:52:35,548 - root - INFO - Fetched weather for Jánoshalma: 20.3°C, Clouds, humidity: 49%
2026-06-11 10:52:36,650 - root - INFO - [389/1205] Fetching weather for Mélykút...
2026-06-11 10:52:36,811 - root - INFO - Fetched weather for Mélykút: 20.1°C, Clouds, humidity: 51%
2026-06-11 10:52:37,913 - root - INFO - [390/1205] Fetching weather for Bácsalmás...
2026-06-11 10:52:38,032 - root - INFO - Fetched weather for Bácsalmás: 19.8°C, Rain, humidity: 54%
2026-06-11 10:52:39,134 - root - INFO - [391/1205] Fetching weather for Almás...
2026-06-11 10:52:39,292 - root - INFO - Fetched weather for Almás: 19.8°C, Rain, humidity: 54%
2026-06-11 10:52:40,394 - root - INFO - [392/1205] Fetching weather for Bácsbokod-Bácsborsód...
2026-06-11 10:52:40,567 - root - INFO - Fetched weather for Bácsbokod-Bácsborsód: 20.0°C, Rain, humidity: 51%
2026-06-11 10:52:41,669 - root - INFO - [393/1205] Fetching weather for Baja...
2026-06-11 10:52:41,828 - root - INFO - Fetched weather for Baja: 20.5°C, Clouds, humidity: 48%
2026-06-11 10:52:42,930 - root - INFO - [394/1205] Fetching weather for Harkakötöny...
2026-06-11 10:52:43,094 - root - INFO - Fetched weather for Harkakötöny: 18.7°C, Clouds, humidity: 48%
2026-06-11 10:52:44,196 - root - INFO - [395/1205] Fetching weather for Tajó...
2026-06-11 10:52:44,315 - root - INFO - Fetched weather for Tajó: 18.8°C, Clouds, humidity: 47%
2026-06-11 10:52:45,417 - root - INFO - [396/1205] Fetching weather for Kiskunmajsa...
2026-06-11 10:52:45,577 - root - INFO - Fetched weather for Kiskunmajsa: 18.8°C, Clouds, humidity: 47%
2026-06-11 10:52:46,679 - root - INFO - [397/1205] Fetching weather for Jászszentlászló...
2026-06-11 10:52:46,836 - root - INFO - Fetched weather for Jászszentlászló: 21.6°C, Clouds, humidity: 49%
2026-06-11 10:52:47,938 - root - INFO - [398/1205] Fetching weather for Galambos...
2026-06-11 10:52:48,100 - root - INFO - Fetched weather for Galambos: 21.7°C, Clouds, humidity: 49%
2026-06-11 10:52:49,202 - root - INFO - [399/1205] Fetching weather for Pestszentimre...
2026-06-11 10:52:49,365 - root - INFO - Fetched weather for Pestszentimre: 19.2°C, Clouds, humidity: 56%
2026-06-11 10:52:50,467 - root - INFO - [400/1205] Fetching weather for Gyál felső...
2026-06-11 10:52:50,593 - root - INFO - Fetched weather for Gyál felső: 19.4°C, Clouds, humidity: 54%
2026-06-11 10:52:51,695 - root - INFO - [401/1205] Fetching weather for Gyál...
2026-06-11 10:52:51,852 - root - INFO - Fetched weather for Gyál: 19.5°C, Clouds, humidity: 54%
2026-06-11 10:52:52,954 - root - INFO - [402/1205] Fetching weather for Ócsa...
2026-06-11 10:52:53,086 - root - INFO - Fetched weather for Ócsa: 19.9°C, Clouds, humidity: 50%
2026-06-11 10:52:54,188 - root - INFO - [403/1205] Fetching weather for Inárcs-Kakucs...
2026-06-11 10:52:54,351 - root - INFO - Fetched weather for Inárcs-Kakucs: 20.9°C, Clouds, humidity: 50%
2026-06-11 10:52:55,452 - root - INFO - [404/1205] Fetching weather for Dabas...
2026-06-11 10:52:55,615 - root - INFO - Fetched weather for Dabas: 20.9°C, Clouds, humidity: 50%
2026-06-11 10:52:56,717 - root - INFO - [405/1205] Fetching weather for Gyón...
2026-06-11 10:52:56,835 - root - INFO - Fetched weather for Gyón: 20.9°C, Clouds, humidity: 50%
2026-06-11 10:52:57,937 - root - INFO - [406/1205] Fetching weather for Hernád...
2026-06-11 10:52:58,071 - root - INFO - Fetched weather for Hernád: 21.0°C, Clouds, humidity: 49%
2026-06-11 10:52:59,172 - root - INFO - [407/1205] Fetching weather for Bakonygyirót...
2026-06-11 10:52:59,308 - root - INFO - Fetched weather for Bakonygyirót: 19.9°C, Clouds, humidity: 50%
2026-06-11 10:53:00,410 - root - INFO - [408/1205] Fetching weather for Vinye...
2026-06-11 10:53:00,577 - root - INFO - Fetched weather for Vinye: 19.4°C, Clouds, humidity: 51%
2026-06-11 10:53:01,679 - root - INFO - [409/1205] Fetching weather for Nemesgörzsöny...
2026-06-11 10:53:01,849 - root - INFO - Fetched weather for Nemesgörzsöny: 20.6°C, Clouds, humidity: 48%
2026-06-11 10:53:02,951 - root - INFO - [410/1205] Fetching weather for Rábahíd...
2026-06-11 10:53:03,066 - root - INFO - Fetched weather for Rábahíd: 20.7°C, Clouds, humidity: 49%
2026-06-11 10:53:04,168 - root - INFO - [411/1205] Fetching weather for Öskü...
2026-06-11 10:53:04,315 - root - INFO - Fetched weather for Öskü: 18.5°C, Clouds, humidity: 50%
2026-06-11 10:53:05,417 - root - INFO - [412/1205] Fetching weather for Márkó...
2026-06-11 10:53:05,581 - root - INFO - Fetched weather for Márkó: 16.5°C, Clouds, humidity: 49%
2026-06-11 10:53:06,683 - root - INFO - [413/1205] Fetching weather for Nemeskocs...
2026-06-11 10:53:06,846 - root - INFO - Fetched weather for Nemeskocs: 20.6°C, Clouds, humidity: 46%
2026-06-11 10:53:07,948 - root - INFO - [414/1205] Fetching weather for Zalagyömörő...
2026-06-11 10:53:08,114 - root - INFO - Fetched weather for Zalagyömörő: 20.3°C, Clouds, humidity: 45%
2026-06-11 10:53:09,215 - root - INFO - [415/1205] Fetching weather for Rigács...
2026-06-11 10:53:09,333 - root - INFO - Fetched weather for Rigács: 20.3°C, Clouds, humidity: 45%
2026-06-11 10:53:10,435 - root - INFO - [416/1205] Fetching weather for Kemenespálfa...
2026-06-11 10:53:10,578 - root - INFO - Fetched weather for Kemenespálfa: 20.4°C, Clouds, humidity: 46%
2026-06-11 10:53:11,680 - root - INFO - [417/1205] Fetching weather for Lentiszombathely...
2026-06-11 10:53:11,839 - root - INFO - Fetched weather for Lentiszombathely: 14.9°C, Clouds, humidity: 54%
2026-06-11 10:53:12,941 - root - INFO - [418/1205] Fetching weather for Ortaháza...
2026-06-11 10:53:13,102 - root - INFO - Fetched weather for Ortaháza: 19.3°C, Clouds, humidity: 51%
2026-06-11 10:53:14,204 - root - INFO - [419/1205] Fetching weather for Rádiháza...
2026-06-11 10:53:14,367 - root - INFO - Fetched weather for Rádiháza: 19.3°C, Clouds, humidity: 49%
2026-06-11 10:53:15,469 - root - INFO - [420/1205] Fetching weather for Baktüttös...
2026-06-11 10:53:15,582 - root - INFO - Fetched weather for Baktüttös: 19.6°C, Clouds, humidity: 46%
2026-06-11 10:53:16,684 - root - INFO - [421/1205] Fetching weather for Budafa...
2026-06-11 10:53:16,816 - root - INFO - Fetched weather for Budafa: 19.9°C, Clouds, humidity: 45%
2026-06-11 10:53:17,918 - root - INFO - [422/1205] Fetching weather for Zalapatakalja...
2026-06-11 10:53:18,081 - root - INFO - Fetched weather for Zalapatakalja: 19.8°C, Clouds, humidity: 46%
2026-06-11 10:53:19,183 - root - INFO - [423/1205] Fetching weather for Tormásliget...
2026-06-11 10:53:19,338 - root - INFO - Fetched weather for Tormásliget: 18.6°C, Clouds, humidity: 55%
2026-06-11 10:53:20,440 - root - INFO - [424/1205] Fetching weather for Belecska...
2026-06-11 10:53:20,609 - root - INFO - Fetched weather for Belecska: 20.5°C, Clouds, humidity: 49%
2026-06-11 10:53:21,711 - root - INFO - [425/1205] Fetching weather for Almár...
2026-06-11 10:53:21,825 - root - INFO - Fetched weather for Almár: 21.7°C, Clouds, humidity: 78%
2026-06-11 10:53:22,927 - root - INFO - [426/1205] Fetching weather for Vasútmúzeum...
2026-06-11 10:53:23,087 - root - INFO - Fetched weather for Vasútmúzeum: 19.2°C, Clouds, humidity: 57%
2026-06-11 10:53:24,188 - root - INFO - [427/1205] Fetching weather for Abda...
2026-06-11 10:53:24,351 - root - INFO - Fetched weather for Abda: 20.4°C, Clouds, humidity: 53%
2026-06-11 10:53:25,453 - root - INFO - [428/1205] Fetching weather for Vadaspark...
2026-06-11 10:53:25,611 - root - INFO - Fetched weather for Vadaspark: 16.2°C, Clouds, humidity: 62%
2026-06-11 10:53:26,713 - root - INFO - [429/1205] Fetching weather for Barosstelep...
2026-06-11 10:53:26,873 - root - INFO - Fetched weather for Barosstelep: 19.5°C, Clouds, humidity: 56%
2026-06-11 10:53:27,975 - root - INFO - [430/1205] Fetching weather for Fegyvernek-Örményes...
2026-06-11 10:53:28,085 - root - INFO - Fetched weather for Fegyvernek-Örményes: 22.1°C, Clouds, humidity: 47%
2026-06-11 10:53:29,187 - root - INFO - [431/1205] Fetching weather for Zagyvapálfalva...
2026-06-11 10:53:29,356 - root - INFO - Fetched weather for Zagyvapálfalva: 22.2°C, Clouds, humidity: 47%
2026-06-11 10:53:30,457 - root - INFO - [432/1205] Fetching weather for Salgótarján...
2026-06-11 10:53:30,616 - root - INFO - Fetched weather for Salgótarján: 21.5°C, Clouds, humidity: 47%
2026-06-11 10:53:31,718 - root - INFO - [433/1205] Fetching weather for Szabadisóstó...
2026-06-11 10:53:31,888 - root - INFO - Fetched weather for Szabadisóstó: 18.8°C, Clouds, humidity: 61%
2026-06-11 10:53:32,989 - root - INFO - [434/1205] Fetching weather for Siófok...
2026-06-11 10:53:33,156 - root - INFO - Fetched weather for Siófok: 18.8°C, Clouds, humidity: 61%
2026-06-11 10:53:34,257 - root - INFO - [435/1205] Fetching weather for Balatonszéplak felső...
2026-06-11 10:53:34,371 - root - INFO - Fetched weather for Balatonszéplak felső: 18.8°C, Clouds, humidity: 61%
2026-06-11 10:53:35,473 - root - INFO - [436/1205] Fetching weather for Balatonszéplak alsó...
2026-06-11 10:53:35,638 - root - INFO - Fetched weather for Balatonszéplak alsó: 18.8°C, Clouds, humidity: 61%
2026-06-11 10:53:36,740 - root - INFO - [437/1205] Fetching weather for Zamárdi felső...
2026-06-11 10:53:36,901 - root - INFO - Fetched weather for Zamárdi felső: 17.7°C, Clouds, humidity: 40%
2026-06-11 10:53:38,003 - root - INFO - [438/1205] Fetching weather for Zamárdi...
2026-06-11 10:53:38,172 - root - INFO - Fetched weather for Zamárdi: 17.7°C, Clouds, humidity: 40%
2026-06-11 10:53:39,273 - root - INFO - [439/1205] Fetching weather for Szántód...
2026-06-11 10:53:39,388 - root - INFO - Fetched weather for Szántód: 17.8°C, Clouds, humidity: 40%
2026-06-11 10:53:40,490 - root - INFO - [440/1205] Fetching weather for Szőny-Déli...
2026-06-11 10:53:40,604 - root - INFO - Fetched weather for Szőny-Déli: 20.1°C, Clouds, humidity: 53%
2026-06-11 10:53:41,706 - root - INFO - [441/1205] Fetching weather for Várpalota...
2026-06-11 10:53:41,866 - root - INFO - Fetched weather for Várpalota: 19.6°C, Clouds, humidity: 50%
2026-06-11 10:53:42,967 - root - INFO - [442/1205] Fetching weather for Pétfürdő...
2026-06-11 10:53:43,126 - root - INFO - Fetched weather for Pétfürdő: 18.7°C, Clouds, humidity: 50%
2026-06-11 10:53:44,227 - root - INFO - [443/1205] Fetching weather for Hajmáskér...
2026-06-11 10:53:44,399 - root - INFO - Fetched weather for Hajmáskér: 18.4°C, Clouds, humidity: 50%
2026-06-11 10:53:45,501 - root - INFO - [444/1205] Fetching weather for Veszprém...
2026-06-11 10:53:45,619 - root - INFO - Fetched weather for Veszprém: 17.1°C, Clouds, humidity: 49%
2026-06-11 10:53:46,720 - root - INFO - [445/1205] Fetching weather for Herend...
2026-06-11 10:53:46,839 - root - INFO - Fetched weather for Herend: 16.3°C, Clouds, humidity: 49%
2026-06-11 10:53:47,941 - root - INFO - [446/1205] Fetching weather for Városlőd...
2026-06-11 10:53:48,104 - root - INFO - Fetched weather for Városlőd: 18.8°C, Clouds, humidity: 49%
2026-06-11 10:53:49,205 - root - INFO - [447/1205] Fetching weather for Városlőd-Kislőd...
2026-06-11 10:53:49,372 - root - INFO - Fetched weather for Városlőd-Kislőd: 19.2°C, Clouds, humidity: 49%
2026-06-11 10:53:50,474 - root - INFO - [448/1205] Fetching weather for Ajka...
2026-06-11 10:53:50,638 - root - INFO - Fetched weather for Ajka: 19.6°C, Clouds, humidity: 49%
2026-06-11 10:53:51,740 - root - INFO - [449/1205] Fetching weather for Ajka-Gyártelep...
2026-06-11 10:53:51,853 - root - INFO - Fetched weather for Ajka-Gyártelep: 19.6°C, Clouds, humidity: 49%
2026-06-11 10:53:52,954 - root - INFO - [450/1205] Fetching weather for Devecser...
2026-06-11 10:53:53,075 - root - INFO - Fetched weather for Devecser: 20.1°C, Clouds, humidity: 48%
2026-06-11 10:53:54,177 - root - INFO - [451/1205] Fetching weather for Somlóvásárhely...
2026-06-11 10:53:54,339 - root - INFO - Fetched weather for Somlóvásárhely: 20.2°C, Clouds, humidity: 47%
2026-06-11 10:53:55,441 - root - INFO - [452/1205] Fetching weather for Tüskevár...
2026-06-11 10:53:55,607 - root - INFO - Fetched weather for Tüskevár: 20.3°C, Clouds, humidity: 47%
2026-06-11 10:53:56,708 - root - INFO - [453/1205] Fetching weather for Karakószörcsök...
2026-06-11 10:53:56,872 - root - INFO - Fetched weather for Karakószörcsök: 20.4°C, Clouds, humidity: 46%
2026-06-11 10:53:57,973 - root - INFO - [454/1205] Fetching weather for Kerta...
2026-06-11 10:53:58,104 - root - INFO - Fetched weather for Kerta: 20.5°C, Clouds, humidity: 46%
2026-06-11 10:53:59,206 - root - INFO - [455/1205] Fetching weather for Boba...
2026-06-11 10:53:59,320 - root - INFO - Fetched weather for Boba: 20.5°C, Clouds, humidity: 46%
2026-06-11 10:54:00,422 - root - INFO - [456/1205] Fetching weather for Börgönd...
2026-06-11 10:54:00,582 - root - INFO - Fetched weather for Börgönd: 20.2°C, Clouds, humidity: 49%
2026-06-11 10:54:01,684 - root - INFO - [457/1205] Fetching weather for Belsőbáránd...
2026-06-11 10:54:01,845 - root - INFO - Fetched weather for Belsőbáránd: 20.2°C, Clouds, humidity: 49%
2026-06-11 10:54:02,947 - root - INFO - [458/1205] Fetching weather for Zichyújfalu...
2026-06-11 10:54:03,115 - root - INFO - Fetched weather for Zichyújfalu: 20.2°C, Clouds, humidity: 50%
2026-06-11 10:54:04,217 - root - INFO - [459/1205] Fetching weather for Seregélyes...
2026-06-11 10:54:04,333 - root - INFO - Fetched weather for Seregélyes: 20.4°C, Clouds, humidity: 49%
2026-06-11 10:54:05,435 - root - INFO - [460/1205] Fetching weather for Polgárdi-Ipartelepek...
2026-06-11 10:54:05,556 - root - INFO - Fetched weather for Polgárdi-Ipartelepek: 18.5°C, Clouds, humidity: 48%
2026-06-11 10:54:06,658 - root - INFO - [461/1205] Fetching weather for Polgárdi...
2026-06-11 10:54:06,824 - root - INFO - Fetched weather for Polgárdi: 18.5°C, Clouds, humidity: 48%
2026-06-11 10:54:07,926 - root - INFO - [462/1205] Fetching weather for Füle...
2026-06-11 10:54:08,091 - root - INFO - Fetched weather for Füle: 18.4°C, Clouds, humidity: 48%
2026-06-11 10:54:09,193 - root - INFO - [463/1205] Fetching weather for Zánka-Erzsébettábor...
2026-06-11 10:54:09,356 - root - INFO - Fetched weather for Zánka-Erzsébettábor: 17.7°C, Clouds, humidity: 40%
2026-06-11 10:54:10,458 - root - INFO - [464/1205] Fetching weather for Csajág...
2026-06-11 10:54:10,576 - root - INFO - Fetched weather for Csajág: 18.7°C, Clouds, humidity: 61%
2026-06-11 10:54:11,678 - root - INFO - [465/1205] Fetching weather for Balatonakarattya...
2026-06-11 10:54:11,790 - root - INFO - Fetched weather for Balatonakarattya: 18.5°C, Clouds, humidity: 61%
2026-06-11 10:54:12,892 - root - INFO - [466/1205] Fetching weather for Csittényhegy...
2026-06-11 10:54:13,051 - root - INFO - Fetched weather for Csittényhegy: 18.8°C, Clouds, humidity: 61%
2026-06-11 10:54:14,152 - root - INFO - [467/1205] Fetching weather for Balatonkenese...
2026-06-11 10:54:14,310 - root - INFO - Fetched weather for Balatonkenese: 18.8°C, Clouds, humidity: 61%
2026-06-11 10:54:15,412 - root - INFO - [468/1205] Fetching weather for Balatonfűzfő...
2026-06-11 10:54:15,591 - root - INFO - Fetched weather for Balatonfűzfő: 18.9°C, Clouds, humidity: 61%
2026-06-11 10:54:16,692 - root - INFO - [469/1205] Fetching weather for Balatonalmádi...
2026-06-11 10:54:16,855 - root - INFO - Fetched weather for Balatonalmádi: 18.8°C, Clouds, humidity: 61%
2026-06-11 10:54:17,957 - root - INFO - [470/1205] Fetching weather for Káptalanfüred...
2026-06-11 10:54:18,079 - root - INFO - Fetched weather for Káptalanfüred: 18.9°C, Clouds, humidity: 61%
2026-06-11 10:54:19,181 - root - INFO - [471/1205] Fetching weather for Alsóörs...
2026-06-11 10:54:19,297 - root - INFO - Fetched weather for Alsóörs: 17.8°C, Clouds, humidity: 40%
2026-06-11 10:54:20,399 - root - INFO - [472/1205] Fetching weather for Csopak...
2026-06-11 10:54:20,562 - root - INFO - Fetched weather for Csopak: 17.6°C, Clouds, humidity: 40%
2026-06-11 10:54:21,664 - root - INFO - [473/1205] Fetching weather for Balatonarács...
2026-06-11 10:54:21,826 - root - INFO - Fetched weather for Balatonarács: 17.5°C, Clouds, humidity: 40%
2026-06-11 10:54:22,928 - root - INFO - [474/1205] Fetching weather for Balatonfüred...
2026-06-11 10:54:23,092 - root - INFO - Fetched weather for Balatonfüred: 17.6°C, Clouds, humidity: 40%
2026-06-11 10:54:24,193 - root - INFO - [475/1205] Fetching weather for Aszófő...
2026-06-11 10:54:24,309 - root - INFO - Fetched weather for Aszófő: 17.7°C, Clouds, humidity: 40%
2026-06-11 10:54:25,411 - root - INFO - [476/1205] Fetching weather for Örvényes...
2026-06-11 10:54:25,524 - root - INFO - Fetched weather for Örvényes: 17.7°C, Clouds, humidity: 40%
2026-06-11 10:54:26,625 - root - INFO - [477/1205] Fetching weather for Balatonudvari...
2026-06-11 10:54:26,796 - root - INFO - Fetched weather for Balatonudvari: 17.8°C, Clouds, humidity: 40%
2026-06-11 10:54:27,897 - root - INFO - [478/1205] Fetching weather for Fövenyes...
2026-06-11 10:54:28,063 - root - INFO - Fetched weather for Fövenyes: 17.8°C, Clouds, humidity: 40%
2026-06-11 10:54:29,164 - root - INFO - [479/1205] Fetching weather for Balatonakali-Dörgicse...
2026-06-11 10:54:29,336 - root - INFO - Fetched weather for Balatonakali-Dörgicse: 17.8°C, Clouds, humidity: 40%
2026-06-11 10:54:30,438 - root - INFO - [480/1205] Fetching weather for Zánka-Köveskál...
2026-06-11 10:54:30,571 - root - INFO - Fetched weather for Zánka-Köveskál: 17.8°C, Clouds, humidity: 40%
2026-06-11 10:54:31,673 - root - INFO - [481/1205] Fetching weather for Balatonszepezd...
2026-06-11 10:54:31,786 - root - INFO - Fetched weather for Balatonszepezd: 17.8°C, Clouds, humidity: 40%
2026-06-11 10:54:32,888 - root - INFO - [482/1205] Fetching weather for Szepezdfürdő...
2026-06-11 10:54:33,056 - root - INFO - Fetched weather for Szepezdfürdő: 17.7°C, Clouds, humidity: 49%
2026-06-11 10:54:34,158 - root - INFO - [483/1205] Fetching weather for Révfülöp...
2026-06-11 10:54:34,332 - root - INFO - Fetched weather for Révfülöp: 17.7°C, Clouds, humidity: 49%
2026-06-11 10:54:35,433 - root - INFO - [484/1205] Fetching weather for Balatonrendes...
2026-06-11 10:54:35,563 - root - INFO - Fetched weather for Balatonrendes: 17.7°C, Clouds, humidity: 49%
2026-06-11 10:54:36,665 - root - INFO - [485/1205] Fetching weather for Ábrahámhegy...
2026-06-11 10:54:36,801 - root - INFO - Fetched weather for Ábrahámhegy: 17.7°C, Clouds, humidity: 49%
2026-06-11 10:54:37,903 - root - INFO - [486/1205] Fetching weather for Badacsonyörs...
2026-06-11 10:54:38,066 - root - INFO - Fetched weather for Badacsonyörs: 20.1°C, Clouds, humidity: 48%
2026-06-11 10:54:39,168 - root - INFO - [487/1205] Fetching weather for Kisújszállás...
2026-06-11 10:54:39,324 - root - INFO - Fetched weather for Kisújszállás: 22.2°C, Clouds, humidity: 47%
2026-06-11 10:54:40,425 - root - INFO - [488/1205] Fetching weather for Karcag...
2026-06-11 10:54:40,542 - root - INFO - Fetched weather for Karcag: 22.4°C, Clouds, humidity: 47%
2026-06-11 10:54:41,643 - root - INFO - [489/1205] Fetching weather for Püspökladány...
2026-06-11 10:54:41,772 - root - INFO - Fetched weather for Püspökladány: 22.4°C, Clouds, humidity: 47%
2026-06-11 10:54:42,874 - root - INFO - [490/1205] Fetching weather for Kaba...
2026-06-11 10:54:43,034 - root - INFO - Fetched weather for Kaba: 22.4°C, Clouds, humidity: 47%
2026-06-11 10:54:44,137 - root - INFO - [491/1205] Fetching weather for Hajdúszoboszló...
2026-06-11 10:54:44,280 - root - INFO - Fetched weather for Hajdúszoboszló: 22.2°C, Clouds, humidity: 49%
2026-06-11 10:54:45,381 - root - INFO - [492/1205] Fetching weather for Ebes...
2026-06-11 10:54:45,543 - root - INFO - Fetched weather for Ebes: 22.1°C, Clouds, humidity: 50%
2026-06-11 10:54:46,645 - root - INFO - [493/1205] Fetching weather for Debrecen...
2026-06-11 10:54:46,802 - root - INFO - Fetched weather for Debrecen: 21.9°C, Clouds, humidity: 51%
2026-06-11 10:54:47,903 - root - INFO - [494/1205] Fetching weather for Debrecen-Csapókert...
2026-06-11 10:54:48,037 - root - INFO - Fetched weather for Debrecen-Csapókert: 21.8°C, Clouds, humidity: 51%
2026-06-11 10:54:49,139 - root - INFO - [495/1205] Fetching weather for Apafa...
2026-06-11 10:54:49,304 - root - INFO - Fetched weather for Apafa: 21.8°C, Clouds, humidity: 51%
2026-06-11 10:54:50,405 - root - INFO - [496/1205] Fetching weather for Bocskaikert...
2026-06-11 10:54:50,545 - root - INFO - Fetched weather for Bocskaikert: 21.6°C, Clouds, humidity: 50%
2026-06-11 10:54:51,647 - root - INFO - [497/1205] Fetching weather for Hajdúhadház...
2026-06-11 10:54:51,809 - root - INFO - Fetched weather for Hajdúhadház: 21.6°C, Clouds, humidity: 50%
2026-06-11 10:54:52,911 - root - INFO - [498/1205] Fetching weather for Téglás...
2026-06-11 10:54:53,074 - root - INFO - Fetched weather for Téglás: 21.5°C, Clouds, humidity: 51%
2026-06-11 10:54:54,176 - root - INFO - [499/1205] Fetching weather for Újfehértó...
2026-06-11 10:54:54,342 - root - INFO - Fetched weather for Újfehértó: 21.2°C, Clouds, humidity: 54%
2026-06-11 10:54:55,444 - root - INFO - [500/1205] Fetching weather for Nyíregyháza...
2026-06-11 10:54:55,610 - root - INFO - Fetched weather for Nyíregyháza: 20.1°C, Clouds, humidity: 63%
2026-06-11 10:54:56,711 - root - INFO - [501/1205] Fetching weather for Sóstó...
2026-06-11 10:54:56,850 - root - INFO - Fetched weather for Sóstó: 20.9°C, Clouds, humidity: 67%
2026-06-11 10:54:57,952 - root - INFO - [502/1205] Fetching weather for Sóstóhegy...
2026-06-11 10:54:58,116 - root - INFO - Fetched weather for Sóstóhegy: 20.9°C, Clouds, humidity: 68%
2026-06-11 10:54:59,217 - root - INFO - [503/1205] Fetching weather for Kemecse...
2026-06-11 10:54:59,385 - root - INFO - Fetched weather for Kemecse: 18.6°C, Clouds, humidity: 71%
2026-06-11 10:55:00,487 - root - INFO - [504/1205] Fetching weather for Nyírbogdány...
2026-06-11 10:55:00,645 - root - INFO - Fetched weather for Nyírbogdány: 18.2°C, Clouds, humidity: 73%
2026-06-11 10:55:01,747 - root - INFO - [505/1205] Fetching weather for Kék...
2026-06-11 10:55:01,915 - root - INFO - Fetched weather for Kék: 18.2°C, Clouds, humidity: 73%
2026-06-11 10:55:03,017 - root - INFO - [506/1205] Fetching weather for Demecser...
2026-06-11 10:55:03,141 - root - INFO - Fetched weather for Demecser: 17.9°C, Clouds, humidity: 74%
2026-06-11 10:55:04,243 - root - INFO - [507/1205] Fetching weather for Gégény...
2026-06-11 10:55:04,399 - root - INFO - Fetched weather for Gégény: 17.6°C, Clouds, humidity: 75%
2026-06-11 10:55:05,500 - root - INFO - [508/1205] Fetching weather for Pátroha...
2026-06-11 10:55:05,660 - root - INFO - Fetched weather for Pátroha: 17.4°C, Clouds, humidity: 76%
2026-06-11 10:55:06,762 - root - INFO - [509/1205] Fetching weather for Ajak...
2026-06-11 10:55:06,930 - root - INFO - Fetched weather for Ajak: 17.2°C, Clouds, humidity: 77%
2026-06-11 10:55:08,031 - root - INFO - [510/1205] Fetching weather for Kisvárda...
2026-06-11 10:55:08,189 - root - INFO - Fetched weather for Kisvárda: 17.1°C, Clouds, humidity: 78%
2026-06-11 10:55:09,291 - root - INFO - [511/1205] Fetching weather for Kisvárda-Hármasút...
2026-06-11 10:55:09,410 - root - INFO - Fetched weather for Kisvárda-Hármasút: 17.1°C, Clouds, humidity: 78%
2026-06-11 10:55:10,512 - root - INFO - [512/1205] Fetching weather for Fényeslitke...
2026-06-11 10:55:10,674 - root - INFO - Fetched weather for Fényeslitke: 16.7°C, Clouds, humidity: 80%
2026-06-11 10:55:11,776 - root - INFO - [513/1205] Fetching weather for Komoró...
2026-06-11 10:55:11,936 - root - INFO - Fetched weather for Komoró: 16.6°C, Clouds, humidity: 81%
2026-06-11 10:55:13,038 - root - INFO - [514/1205] Fetching weather for Tuzsér...
2026-06-11 10:55:13,198 - root - INFO - Fetched weather for Tuzsér: 16.3°C, Clouds, humidity: 81%
2026-06-11 10:55:14,300 - root - INFO - [515/1205] Fetching weather for Tiszabezdéd...
2026-06-11 10:55:14,461 - root - INFO - Fetched weather for Tiszabezdéd: 16.3°C, Clouds, humidity: 82%
2026-06-11 10:55:15,563 - root - INFO - [516/1205] Fetching weather for Záhony...
2026-06-11 10:55:15,676 - root - INFO - Fetched weather for Záhony: 16.3°C, Clouds, humidity: 83%
2026-06-11 10:55:16,778 - root - INFO - [517/1205] Fetching weather for Karcag-Vásártér...
2026-06-11 10:55:16,944 - root - INFO - Fetched weather for Karcag-Vásártér: 22.4°C, Clouds, humidity: 47%
2026-06-11 10:55:18,046 - root - INFO - [518/1205] Fetching weather for Berekfürdő...
2026-06-11 10:55:18,206 - root - INFO - Fetched weather for Berekfürdő: 22.5°C, Clouds, humidity: 48%
2026-06-11 10:55:19,308 - root - INFO - [519/1205] Fetching weather for Kunmadaras...
2026-06-11 10:55:19,465 - root - INFO - Fetched weather for Kunmadaras: 22.6°C, Clouds, humidity: 48%
2026-06-11 10:55:20,567 - root - INFO - [520/1205] Fetching weather for Tiszaszentimre...
2026-06-11 10:55:20,728 - root - INFO - Fetched weather for Tiszaszentimre: 22.7°C, Clouds, humidity: 48%
2026-06-11 10:55:21,830 - root - INFO - [521/1205] Fetching weather for Tiszaszőlős...
2026-06-11 10:55:21,944 - root - INFO - Fetched weather for Tiszaszőlős: 22.8°C, Clouds, humidity: 48%
2026-06-11 10:55:23,045 - root - INFO - [522/1205] Fetching weather for Hosszúhát...
2026-06-11 10:55:23,207 - root - INFO - Fetched weather for Hosszúhát: 22.3°C, Clouds, humidity: 47%
2026-06-11 10:55:24,309 - root - INFO - [523/1205] Fetching weather for Szerep...
2026-06-11 10:55:24,464 - root - INFO - Fetched weather for Szerep: 22.3°C, Clouds, humidity: 47%
2026-06-11 10:55:25,566 - root - INFO - [524/1205] Fetching weather for Sárrétudvari...
2026-06-11 10:55:25,727 - root - INFO - Fetched weather for Sárrétudvari: 22.3°C, Clouds, humidity: 47%
2026-06-11 10:55:26,829 - root - INFO - [525/1205] Fetching weather for Biharnagybajom...
2026-06-11 10:55:26,945 - root - INFO - Fetched weather for Biharnagybajom: 22.2°C, Clouds, humidity: 47%
2026-06-11 10:55:28,047 - root - INFO - [526/1205] Fetching weather for Füzesgyarmat...
2026-06-11 10:55:28,162 - root - INFO - Fetched weather for Füzesgyarmat: 22.0°C, Clouds, humidity: 48%
2026-06-11 10:55:29,264 - root - INFO - [527/1205] Fetching weather for Füzesgyarmatfürdő...
2026-06-11 10:55:29,424 - root - INFO - Fetched weather for Füzesgyarmatfürdő: 22.0°C, Clouds, humidity: 48%
2026-06-11 10:55:30,525 - root - INFO - [528/1205] Fetching weather for Báránd...
2026-06-11 10:55:30,683 - root - INFO - Fetched weather for Báránd: 22.4°C, Clouds, humidity: 47%
2026-06-11 10:55:31,785 - root - INFO - [529/1205] Fetching weather for Sáp...
2026-06-11 10:55:31,949 - root - INFO - Fetched weather for Sáp: 22.2°C, Clouds, humidity: 47%
2026-06-11 10:55:33,050 - root - INFO - [530/1205] Fetching weather for Berettyóújfalu...
2026-06-11 10:55:33,161 - root - INFO - Fetched weather for Berettyóújfalu: 22.1°C, Clouds, humidity: 49%
2026-06-11 10:55:34,263 - root - INFO - [531/1205] Fetching weather for Mezőpeterd...
2026-06-11 10:55:34,430 - root - INFO - Fetched weather for Mezőpeterd: 21.4°C, Clouds, humidity: 50%
2026-06-11 10:55:35,532 - root - INFO - [532/1205] Fetching weather for Biharkeresztes...
2026-06-11 10:55:35,694 - root - INFO - Fetched weather for Biharkeresztes: 21.4°C, Clouds, humidity: 69%
2026-06-11 10:55:36,795 - root - INFO - [533/1205] Fetching weather for Tócóvölgy...
2026-06-11 10:55:36,960 - root - INFO - Fetched weather for Tócóvölgy: 22.0°C, Clouds, humidity: 51%
2026-06-11 10:55:38,062 - root - INFO - [534/1205] Fetching weather for Sáregres...
2026-06-11 10:55:38,228 - root - INFO - Fetched weather for Sáregres: 20.5°C, Clouds, humidity: 49%
2026-06-11 10:55:39,330 - root - INFO - [535/1205] Fetching weather for Simontornya...
2026-06-11 10:55:39,444 - root - INFO - Fetched weather for Simontornya: 20.4°C, Clouds, humidity: 50%
2026-06-11 10:55:40,546 - root - INFO - [536/1205] Fetching weather for Tolnanémedi...
2026-06-11 10:55:40,707 - root - INFO - Fetched weather for Tolnanémedi: 20.5°C, Clouds, humidity: 49%
2026-06-11 10:55:41,808 - root - INFO - [537/1205] Fetching weather for Pincehely...
2026-06-11 10:55:41,973 - root - INFO - Fetched weather for Pincehely: 20.3°C, Clouds, humidity: 49%
2026-06-11 10:55:43,074 - root - INFO - [538/1205] Fetching weather for Keszőhidegkút-Gyönk...
2026-06-11 10:55:43,237 - root - INFO - Fetched weather for Keszőhidegkút-Gyönk: 20.4°C, Clouds, humidity: 49%
2026-06-11 10:55:44,339 - root - INFO - [539/1205] Fetching weather for Szárazd...
2026-06-11 10:55:44,499 - root - INFO - Fetched weather for Szárazd: 20.4°C, Clouds, humidity: 49%
2026-06-11 10:55:45,601 - root - INFO - [540/1205] Fetching weather for Regöly...
2026-06-11 10:55:45,717 - root - INFO - Fetched weather for Regöly: 20.4°C, Clouds, humidity: 49%
2026-06-11 10:55:46,819 - root - INFO - [541/1205] Fetching weather for Szakály-Hőgyész...
2026-06-11 10:55:46,979 - root - INFO - Fetched weather for Szakály-Hőgyész: 20.3°C, Clouds, humidity: 49%
2026-06-11 10:55:48,080 - root - INFO - [542/1205] Fetching weather for Dúzs...
2026-06-11 10:55:48,243 - root - INFO - Fetched weather for Dúzs: 20.3°C, Clouds, humidity: 50%
2026-06-11 10:55:49,345 - root - INFO - [543/1205] Fetching weather for Csibrák...
2026-06-11 10:55:49,510 - root - INFO - Fetched weather for Csibrák: 20.4°C, Clouds, humidity: 50%
2026-06-11 10:55:50,612 - root - INFO - [544/1205] Fetching weather for Kurd...
2026-06-11 10:55:50,776 - root - INFO - Fetched weather for Kurd: 20.0°C, Clouds, humidity: 51%
2026-06-11 10:55:51,878 - root - INFO - [545/1205] Fetching weather for Döbrököz...
2026-06-11 10:55:52,025 - root - INFO - Fetched weather for Döbrököz: 20.2°C, Clouds, humidity: 50%
2026-06-11 10:55:53,126 - root - INFO - [546/1205] Fetching weather for Dombóvár...
2026-06-11 10:55:53,248 - root - INFO - Fetched weather for Dombóvár: 20.1°C, Clouds, humidity: 50%
2026-06-11 10:55:54,349 - root - INFO - [547/1205] Fetching weather for Dombóvár alsó...
2026-06-11 10:55:54,517 - root - INFO - Fetched weather for Dombóvár alsó: 20.1°C, Clouds, humidity: 50%
2026-06-11 10:55:55,619 - root - INFO - [548/1205] Fetching weather for Somoskőújfalu...
2026-06-11 10:55:55,779 - root - INFO - Fetched weather for Somoskőújfalu: 20.4°C, Clouds, humidity: 47%
2026-06-11 10:55:56,881 - root - INFO - [549/1205] Fetching weather for Jászfényszaru...
2026-06-11 10:55:57,043 - root - INFO - Fetched weather for Jászfényszaru: 22.3°C, Clouds, humidity: 50%
2026-06-11 10:55:58,145 - root - INFO - [550/1205] Fetching weather for Pusztamonostor...
2026-06-11 10:55:58,292 - root - INFO - Fetched weather for Pusztamonostor: 21.6°C, Clouds, humidity: 50%
2026-06-11 10:55:59,394 - root - INFO - [551/1205] Fetching weather for Jászberény...
2026-06-11 10:55:59,507 - root - INFO - Fetched weather for Jászberény: 21.7°C, Clouds, humidity: 49%
2026-06-11 10:56:00,609 - root - INFO - [552/1205] Fetching weather for Meggyespele...
2026-06-11 10:56:00,773 - root - INFO - Fetched weather for Meggyespele: 21.7°C, Clouds, humidity: 51%
2026-06-11 10:56:01,875 - root - INFO - [553/1205] Fetching weather for Portelek...
2026-06-11 10:56:02,053 - root - INFO - Fetched weather for Portelek: 21.8°C, Clouds, humidity: 51%
2026-06-11 10:56:03,155 - root - INFO - [554/1205] Fetching weather for Jászboldogháza-Jánoshida...
2026-06-11 10:56:03,314 - root - INFO - Fetched weather for Jászboldogháza-Jánoshida: 21.7°C, Clouds, humidity: 51%
2026-06-11 10:56:04,416 - root - INFO - [555/1205] Fetching weather for Jászárokszállás...
2026-06-11 10:56:04,568 - root - INFO - Fetched weather for Jászárokszállás: 22.8°C, Clouds, humidity: 49%
2026-06-11 10:56:05,670 - root - INFO - [556/1205] Fetching weather for Jászdózsa...
2026-06-11 10:56:05,788 - root - INFO - Fetched weather for Jászdózsa: 22.8°C, Clouds, humidity: 49%
2026-06-11 10:56:06,890 - root - INFO - [557/1205] Fetching weather for Jászapáti...
2026-06-11 10:56:07,049 - root - INFO - Fetched weather for Jászapáti: 22.7°C, Clouds, humidity: 48%
2026-06-11 10:56:08,151 - root - INFO - [558/1205] Fetching weather for Jászkisér...
2026-06-11 10:56:08,311 - root - INFO - Fetched weather for Jászkisér: 23.3°C, Clouds, humidity: 48%
2026-06-11 10:56:09,413 - root - INFO - [559/1205] Fetching weather for Jászladány...
2026-06-11 10:56:09,572 - root - INFO - Fetched weather for Jászladány: 21.8°C, Clouds, humidity: 48%
2026-06-11 10:56:10,674 - root - INFO - [560/1205] Fetching weather for Szászberek...
2026-06-11 10:56:10,820 - root - INFO - Fetched weather for Szászberek: 21.8°C, Clouds, humidity: 51%
2026-06-11 10:56:11,922 - root - INFO - [561/1205] Fetching weather for Gyöngyöshalász...
2026-06-11 10:56:12,034 - root - INFO - Fetched weather for Gyöngyöshalász: 22.8°C, Clouds, humidity: 48%
2026-06-11 10:56:13,136 - root - INFO - [562/1205] Fetching weather for Gyöngyös...
2026-06-11 10:56:13,303 - root - INFO - Fetched weather for Gyöngyös: 22.5°C, Clouds, humidity: 48%
2026-06-11 10:56:14,405 - root - INFO - [563/1205] Fetching weather for Erdőtelek...
2026-06-11 10:56:14,563 - root - INFO - Fetched weather for Erdőtelek: 22.9°C, Clouds, humidity: 48%
2026-06-11 10:56:15,665 - root - INFO - [564/1205] Fetching weather for Heves...
2026-06-11 10:56:15,823 - root - INFO - Fetched weather for Heves: 23.3°C, Clouds, humidity: 48%
2026-06-11 10:56:16,925 - root - INFO - [565/1205] Fetching weather for Hevesvezekény...
2026-06-11 10:56:17,071 - root - INFO - Fetched weather for Hevesvezekény: 23.3°C, Clouds, humidity: 53%
2026-06-11 10:56:18,173 - root - INFO - [566/1205] Fetching weather for Tarnaszentmiklós...
2026-06-11 10:56:18,291 - root - INFO - Fetched weather for Tarnaszentmiklós: 23.3°C, Clouds, humidity: 53%
2026-06-11 10:56:19,393 - root - INFO - [567/1205] Fetching weather for Kisköre...
2026-06-11 10:56:19,553 - root - INFO - Fetched weather for Kisköre: 23.3°C, Clouds, humidity: 53%
2026-06-11 10:56:20,655 - root - INFO - [568/1205] Fetching weather for Abádszalók...
2026-06-11 10:56:20,774 - root - INFO - Fetched weather for Abádszalók: 23.3°C, Clouds, humidity: 53%
2026-06-11 10:56:21,875 - root - INFO - [569/1205] Fetching weather for Kunhegyes...
2026-06-11 10:56:22,036 - root - INFO - Fetched weather for Kunhegyes: 23.3°C, Clouds, humidity: 53%
2026-06-11 10:56:23,138 - root - INFO - [570/1205] Fetching weather for Kenderes...
2026-06-11 10:56:23,268 - root - INFO - Fetched weather for Kenderes: 23.4°C, Clouds, humidity: 47%
2026-06-11 10:56:24,370 - root - INFO - [571/1205] Fetching weather for Maklár...
2026-06-11 10:56:24,518 - root - INFO - Fetched weather for Maklár: 22.2°C, Clouds, humidity: 48%
2026-06-11 10:56:25,620 - root - INFO - [572/1205] Fetching weather for Andornaktálya...
2026-06-11 10:56:25,741 - root - INFO - Fetched weather for Andornaktálya: 22.0°C, Clouds, humidity: 49%
2026-06-11 10:56:26,843 - root - INFO - [573/1205] Fetching weather for Eger...
2026-06-11 10:56:26,957 - root - INFO - Fetched weather for Eger: 21.9°C, Clouds, humidity: 62%
2026-06-11 10:56:28,058 - root - INFO - [574/1205] Fetching weather for Egervár...
2026-06-11 10:56:28,217 - root - INFO - Fetched weather for Egervár: 21.7°C, Clouds, humidity: 78%
2026-06-11 10:56:29,319 - root - INFO - [575/1205] Fetching weather for Eger-Felnémet...
2026-06-11 10:56:29,451 - root - INFO - Fetched weather for Eger-Felnémet: 21.8°C, Clouds, humidity: 79%
2026-06-11 10:56:30,552 - root - INFO - [576/1205] Fetching weather for Szarvaskő...
2026-06-11 10:56:30,698 - root - INFO - Fetched weather for Szarvaskő: 21.5°C, Clouds, humidity: 62%
2026-06-11 10:56:31,800 - root - INFO - [577/1205] Fetching weather for Mónosbél...
2026-06-11 10:56:31,915 - root - INFO - Fetched weather for Mónosbél: 21.4°C, Clouds, humidity: 62%
2026-06-11 10:56:33,017 - root - INFO - [578/1205] Fetching weather for Bélapátfalva...
2026-06-11 10:56:33,130 - root - INFO - Fetched weather for Bélapátfalva: 21.1°C, Clouds, humidity: 62%
2026-06-11 10:56:34,232 - root - INFO - [579/1205] Fetching weather for Bélapátfalvi Cementgyár...
2026-06-11 10:56:34,396 - root - INFO - Fetched weather for Bélapátfalvi Cementgyár: 21.0°C, Clouds, humidity: 62%
2026-06-11 10:56:35,498 - root - INFO - [580/1205] Fetching weather for Szilvásvárad...
2026-06-11 10:56:35,625 - root - INFO - Fetched weather for Szilvásvárad: 20.9°C, Clouds, humidity: 62%
2026-06-11 10:56:36,727 - root - INFO - [581/1205] Fetching weather for Hejőkeresztúr...
2026-06-11 10:56:36,882 - root - INFO - Fetched weather for Hejőkeresztúr: 25.0°C, Clouds, humidity: 54%
2026-06-11 10:56:37,983 - root - INFO - [582/1205] Fetching weather for Tiszaújváros...
2026-06-11 10:56:38,104 - root - INFO - Fetched weather for Tiszaújváros: 25.5°C, Clouds, humidity: 50%
2026-06-11 10:56:39,206 - root - INFO - [583/1205] Fetching weather for Miskolc-Gömöri...
2026-06-11 10:56:39,386 - root - INFO - Fetched weather for Miskolc-Gömöri: 23.9°C, Clouds, humidity: 54%
2026-06-11 10:56:40,488 - root - INFO - [584/1205] Fetching weather for Sajókeresztúr...
2026-06-11 10:56:40,649 - root - INFO - Fetched weather for Sajókeresztúr: 23.9°C, Clouds, humidity: 54%
2026-06-11 10:56:41,751 - root - INFO - [585/1205] Fetching weather for Sajóecseg...
2026-06-11 10:56:41,881 - root - INFO - Fetched weather for Sajóecseg: 23.9°C, Clouds, humidity: 54%
2026-06-11 10:56:42,983 - root - INFO - [586/1205] Fetching weather for Sajószentpéter...
2026-06-11 10:56:43,135 - root - INFO - Fetched weather for Sajószentpéter: 23.6°C, Clouds, humidity: 54%
2026-06-11 10:56:44,237 - root - INFO - [587/1205] Fetching weather for Kazincbarcika...
2026-06-11 10:56:44,358 - root - INFO - Fetched weather for Kazincbarcika: 23.2°C, Clouds, humidity: 62%
2026-06-11 10:56:45,460 - root - INFO - [588/1205] Fetching weather for Sajókaza...
2026-06-11 10:56:45,619 - root - INFO - Fetched weather for Sajókaza: 22.6°C, Clouds, humidity: 62%
2026-06-11 10:56:46,721 - root - INFO - [589/1205] Fetching weather for Vadna...
2026-06-11 10:56:46,885 - root - INFO - Fetched weather for Vadna: 22.0°C, Clouds, humidity: 62%
2026-06-11 10:56:47,987 - root - INFO - [590/1205] Fetching weather for Dubicsány...
2026-06-11 10:56:48,116 - root - INFO - Fetched weather for Dubicsány: 21.8°C, Clouds, humidity: 63%
2026-06-11 10:56:49,217 - root - INFO - [591/1205] Fetching weather for Raposka...
2026-06-11 10:56:49,384 - root - INFO - Fetched weather for Raposka: 20.2°C, Clouds, humidity: 47%
2026-06-11 10:56:50,486 - root - INFO - [592/1205] Fetching weather for Ivacs...
2026-06-11 10:56:50,600 - root - INFO - Fetched weather for Ivacs: 18.8°C, Clouds, humidity: 55%
2026-06-11 10:56:51,701 - root - INFO - [593/1205] Fetching weather for Kisköre-Tiszahíd...
2026-06-11 10:56:51,851 - root - INFO - Fetched weather for Kisköre-Tiszahíd: 23.3°C, Clouds, humidity: 53%
2026-06-11 10:56:52,953 - root - INFO - [594/1205] Fetching weather for Rozsály...
2026-06-11 10:56:53,118 - root - INFO - Fetched weather for Rozsály: 19.7°C, Clouds, humidity: 77%
2026-06-11 10:56:54,220 - root - INFO - [595/1205] Fetching weather for Pusztakettős...
2026-06-11 10:56:54,348 - root - INFO - Fetched weather for Pusztakettős: 23.3°C, Clouds, humidity: 53%
2026-06-11 10:56:55,450 - root - INFO - [596/1205] Fetching weather for Kisvác...
2026-06-11 10:56:55,598 - root - INFO - Fetched weather for Kisvác: 19.4°C, Clouds, humidity: 53%
2026-06-11 10:56:56,699 - root - INFO - [597/1205] Fetching weather for Tiszafüred-Gyártelep...
2026-06-11 10:56:56,812 - root - INFO - Fetched weather for Tiszafüred-Gyártelep: 23.3°C, Clouds, humidity: 53%
2026-06-11 10:56:57,914 - root - INFO - [598/1205] Fetching weather for Újkenéz...
2026-06-11 10:56:58,077 - root - INFO - Fetched weather for Újkenéz: 17.0°C, Clouds, humidity: 81%
2026-06-11 10:56:59,179 - root - INFO - [599/1205] Fetching weather for Püspökladány-Vásártér...
2026-06-11 10:56:59,339 - root - INFO - Fetched weather for Püspökladány-Vásártér: 22.4°C, Clouds, humidity: 47%
2026-06-11 10:57:00,440 - root - INFO - [600/1205] Fetching weather for Végegyháza alsó...
2026-06-11 10:57:00,572 - root - INFO - Fetched weather for Végegyháza alsó: 17.3°C, Clouds, humidity: 71%
2026-06-11 10:57:01,674 - root - INFO - [601/1205] Fetching weather for Orosháza felső...
2026-06-11 10:57:01,818 - root - INFO - Fetched weather for Orosháza felső: 24.4°C, Clouds, humidity: 54%
2026-06-11 10:57:02,920 - root - INFO - [602/1205] Fetching weather for Ambrózfalva...
2026-06-11 10:57:03,031 - root - INFO - Fetched weather for Ambrózfalva: 20.3°C, Clouds, humidity: 66%
2026-06-11 10:57:04,133 - root - INFO - [603/1205] Fetching weather for Alsónyék...
2026-06-11 10:57:04,296 - root - INFO - Fetched weather for Alsónyék: 20.8°C, Clouds, humidity: 53%
2026-06-11 10:57:05,398 - root - INFO - [604/1205] Fetching weather for Tompapuszta...
2026-06-11 10:57:05,556 - root - INFO - Fetched weather for Tompapuszta: 17.3°C, Clouds, humidity: 100%
2026-06-11 10:57:06,658 - root - INFO - [605/1205] Fetching weather for Halászlak...
2026-06-11 10:57:06,786 - root - INFO - Fetched weather for Halászlak: 24.4°C, Clouds, humidity: 45%
2026-06-11 10:57:07,888 - root - INFO - [606/1205] Fetching weather for Sirató...
2026-06-11 10:57:08,037 - root - INFO - Fetched weather for Sirató: 24.4°C, Clouds, humidity: 46%
2026-06-11 10:57:09,139 - root - INFO - [607/1205] Fetching weather for Csabacsűd felső...
2026-06-11 10:57:09,298 - root - INFO - Fetched weather for Csabacsűd felső: 24.4°C, Clouds, humidity: 47%
2026-06-11 10:57:10,400 - root - INFO - [608/1205] Fetching weather for Orosháza-Üveggyár...
2026-06-11 10:57:10,511 - root - INFO - Fetched weather for Orosháza-Üveggyár: 24.4°C, Clouds, humidity: 54%
2026-06-11 10:57:11,613 - root - INFO - [609/1205] Fetching weather for Gyulai városerdő...
2026-06-11 10:57:11,770 - root - INFO - Fetched weather for Gyulai városerdő: 20.0°C, Clouds, humidity: 61%
2026-06-11 10:57:12,872 - root - INFO - [610/1205] Fetching weather for Kórógyszentgyörgy...
2026-06-11 10:57:13,000 - root - INFO - Fetched weather for Kórógyszentgyörgy: 23.3°C, Clouds, humidity: 42%
2026-06-11 10:57:14,102 - root - INFO - [611/1205] Fetching weather for Kunszállás...
2026-06-11 10:57:14,250 - root - INFO - Fetched weather for Kunszállás: 21.6°C, Clouds, humidity: 48%
2026-06-11 10:57:15,352 - root - INFO - [612/1205] Fetching weather for Selymes...
2026-06-11 10:57:15,531 - root - INFO - Fetched weather for Selymes: 21.7°C, Clouds, humidity: 48%
2026-06-11 10:57:16,632 - root - INFO - [613/1205] Fetching weather for Petőfiszállási tanyák...
2026-06-11 10:57:16,744 - root - INFO - Fetched weather for Petőfiszállási tanyák: 21.7°C, Clouds, humidity: 48%
2026-06-11 10:57:17,846 - root - INFO - [614/1205] Fetching weather for Kisteleki szőlők...
2026-06-11 10:57:18,009 - root - INFO - Fetched weather for Kisteleki szőlők: 18.9°C, Clouds, humidity: 46%
2026-06-11 10:57:19,110 - root - INFO - [615/1205] Fetching weather for Kapitányság...
2026-06-11 10:57:19,239 - root - INFO - Fetched weather for Kapitányság: 18.9°C, Clouds, humidity: 59%
2026-06-11 10:57:20,340 - root - INFO - [616/1205] Fetching weather for Őszeszék...
2026-06-11 10:57:20,493 - root - INFO - Fetched weather for Őszeszék: 18.9°C, Clouds, humidity: 59%
2026-06-11 10:57:21,594 - root - INFO - [617/1205] Fetching weather for Vilmaszállás...
2026-06-11 10:57:21,762 - root - INFO - Fetched weather for Vilmaszállás: 18.9°C, Clouds, humidity: 59%
2026-06-11 10:57:22,864 - root - INFO - [618/1205] Fetching weather for Jánosszállás...
2026-06-11 10:57:22,979 - root - INFO - Fetched weather for Jánosszállás: 18.9°C, Clouds, humidity: 59%
2026-06-11 10:57:24,081 - root - INFO - [619/1205] Fetching weather for Felsőpakony...
2026-06-11 10:57:24,239 - root - INFO - Fetched weather for Felsőpakony: 20.3°C, Clouds, humidity: 52%
2026-06-11 10:57:25,341 - root - INFO - [620/1205] Fetching weather for Felsőméntelek...
2026-06-11 10:57:25,470 - root - INFO - Fetched weather for Felsőméntelek: 21.0°C, Clouds, humidity: 47%
2026-06-11 10:57:26,572 - root - INFO - [621/1205] Fetching weather for Alsóméntelek...
2026-06-11 10:57:26,718 - root - INFO - Fetched weather for Alsóméntelek: 21.0°C, Clouds, humidity: 47%
2026-06-11 10:57:27,819 - root - INFO - [622/1205] Fetching weather for Nagynyír...
2026-06-11 10:57:27,986 - root - INFO - Fetched weather for Nagynyír: 20.9°C, Clouds, humidity: 47%
2026-06-11 10:57:29,088 - root - INFO - [623/1205] Fetching weather for Úrihegy...
2026-06-11 10:57:29,204 - root - INFO - Fetched weather for Úrihegy: 21.5°C, Clouds, humidity: 47%
2026-06-11 10:57:30,306 - root - INFO - [624/1205] Fetching weather for Miklóstelep...
2026-06-11 10:57:30,466 - root - INFO - Fetched weather for Miklóstelep: 21.5°C, Clouds, humidity: 47%
2026-06-11 10:57:31,568 - root - INFO - [625/1205] Fetching weather for Tiszajenő alsó...
2026-06-11 10:57:31,732 - root - INFO - Fetched weather for Tiszajenő alsó: 20.6°C, Clouds, humidity: 55%
2026-06-11 10:57:32,834 - root - INFO - [626/1205] Fetching weather for Óbög...
2026-06-11 10:57:32,967 - root - INFO - Fetched weather for Óbög: 20.6°C, Clouds, humidity: 55%
2026-06-11 10:57:34,069 - root - INFO - [627/1205] Fetching weather for Árpádszállás...
2026-06-11 10:57:34,231 - root - INFO - Fetched weather for Árpádszállás: 21.7°C, Clouds, humidity: 48%
2026-06-11 10:57:35,332 - root - INFO - [628/1205] Fetching weather for Tőserdő...
2026-06-11 10:57:35,483 - root - INFO - Fetched weather for Tőserdő: 21.7°C, Clouds, humidity: 48%
2026-06-11 10:57:36,585 - root - INFO - [629/1205] Fetching weather for Tiszaalpár felső...
2026-06-11 10:57:36,749 - root - INFO - Fetched weather for Tiszaalpár felső: 21.7°C, Clouds, humidity: 48%
2026-06-11 10:57:37,851 - root - INFO - [630/1205] Fetching weather for Borsihalom...
2026-06-11 10:57:37,989 - root - INFO - Fetched weather for Borsihalom: 21.7°C, Clouds, humidity: 48%
2026-06-11 10:57:39,091 - root - INFO - [631/1205] Fetching weather for Petőfiváros...
2026-06-11 10:57:39,225 - root - INFO - Fetched weather for Petőfiváros: 21.7°C, Clouds, humidity: 48%
2026-06-11 10:57:40,326 - root - INFO - [632/1205] Fetching weather for Csorna...
2026-06-11 10:57:40,489 - root - INFO - Fetched weather for Csorna: 17.8°C, Clouds, humidity: 51%
2026-06-11 10:57:41,591 - root - INFO - [633/1205] Fetching weather for Szorgalmatos...
2026-06-11 10:57:41,740 - root - INFO - Fetched weather for Szorgalmatos: 21.0°C, Clouds, humidity: 70%
2026-06-11 10:57:42,842 - root - INFO - [634/1205] Fetching weather for Fótfürdő...
2026-06-11 10:57:43,001 - root - INFO - Fetched weather for Fótfürdő: 18.7°C, Clouds, humidity: 55%
2026-06-11 10:57:44,103 - root - INFO - [635/1205] Fetching weather for Fenyveshegy...
2026-06-11 10:57:44,250 - root - INFO - Fetched weather for Fenyveshegy: 19.4°C, Clouds, humidity: 53%
2026-06-11 10:57:45,351 - root - INFO - [636/1205] Fetching weather for Hűvösvölgy...
2026-06-11 10:57:45,475 - root - INFO - Fetched weather for Hűvösvölgy: 17.4°C, Clouds, humidity: 61%
2026-06-11 10:57:46,577 - root - INFO - [637/1205] Fetching weather for Hárshegy...
2026-06-11 10:57:46,734 - root - INFO - Fetched weather for Hárshegy: 17.4°C, Clouds, humidity: 61%
2026-06-11 10:57:47,836 - root - INFO - [638/1205] Fetching weather for Szépjuhászné...
2026-06-11 10:57:47,986 - root - INFO - Fetched weather for Szépjuhászné: 16.3°C, Clouds, humidity: 62%
2026-06-11 10:57:49,087 - root - INFO - [639/1205] Fetching weather for Jánoshegy...
2026-06-11 10:57:49,250 - root - INFO - Fetched weather for Jánoshegy: 16.1°C, Clouds, humidity: 62%
2026-06-11 10:57:50,352 - root - INFO - [640/1205] Fetching weather for Virágvölgy...
2026-06-11 10:57:50,486 - root - INFO - Fetched weather for Virágvölgy: 15.7°C, Clouds, humidity: 62%
2026-06-11 10:57:51,588 - root - INFO - [641/1205] Fetching weather for Csillebérc...
2026-06-11 10:57:51,727 - root - INFO - Fetched weather for Csillebérc: 15.6°C, Clouds, humidity: 60%
2026-06-11 10:57:52,829 - root - INFO - [642/1205] Fetching weather for Normafa...
2026-06-11 10:57:52,988 - root - INFO - Fetched weather for Normafa: 15.6°C, Clouds, humidity: 60%
2026-06-11 10:57:54,090 - root - INFO - [643/1205] Fetching weather for Széchenyihegy...
2026-06-11 10:57:54,244 - root - INFO - Fetched weather for Széchenyihegy: 15.8°C, Clouds, humidity: 59%
2026-06-11 10:57:55,345 - root - INFO - [644/1205] Fetching weather for Balatonfőkajár felső...
2026-06-11 10:57:55,515 - root - INFO - Fetched weather for Balatonfőkajár felső: 18.5°C, Clouds, humidity: 61%
2026-06-11 10:57:56,617 - root - INFO - [645/1205] Fetching weather for Piroska...
2026-06-11 10:57:56,749 - root - INFO - Fetched weather for Piroska: 20.6°C, Clouds, humidity: 55%
2026-06-11 10:57:57,851 - root - INFO - [646/1205] Fetching weather for Somodor...
2026-06-11 10:57:57,983 - root - INFO - Fetched weather for Somodor: 19.6°C, Clouds, humidity: 51%
2026-06-11 10:57:59,085 - root - INFO - [647/1205] Fetching weather for Középmező...
2026-06-11 10:57:59,259 - root - INFO - Fetched weather for Középmező: 20.8°C, Clouds, humidity: 56%
2026-06-11 10:58:00,361 - root - INFO - [648/1205] Fetching weather for Jobbágyi...
2026-06-11 10:58:00,509 - root - INFO - Fetched weather for Jobbágyi: 22.4°C, Clouds, humidity: 49%
2026-06-11 10:58:01,611 - root - INFO - [649/1205] Fetching weather for Ferihegy...
2026-06-11 10:58:01,782 - root - INFO - Fetched weather for Ferihegy: 19.2°C, Clouds, humidity: 56%
2026-06-11 10:58:02,884 - root - INFO - [650/1205] Fetching weather for Máriapócs...
2026-06-11 10:58:03,014 - root - INFO - Fetched weather for Máriapócs: 20.1°C, Clouds, humidity: 62%
2026-06-11 10:58:04,116 - root - INFO - [651/1205] Fetching weather for Máriaudvar...
2026-06-11 10:58:04,247 - root - INFO - Fetched weather for Máriaudvar: 19.4°C, Clouds, humidity: 53%
2026-06-11 10:58:05,349 - root - INFO - [652/1205] Fetching weather for Nagyberki...
2026-06-11 10:58:05,524 - root - INFO - Fetched weather for Nagyberki: 19.7°C, Clouds, humidity: 50%
2026-06-11 10:58:06,626 - root - INFO - [653/1205] Fetching weather for Badacsonytomaj...
2026-06-11 10:58:06,775 - root - INFO - Fetched weather for Badacsonytomaj: 20.1°C, Clouds, humidity: 48%
2026-06-11 10:58:07,877 - root - INFO - [654/1205] Fetching weather for Badacsony...
2026-06-11 10:58:08,038 - root - INFO - Fetched weather for Badacsony: 20.1°C, Clouds, humidity: 48%
2026-06-11 10:58:09,140 - root - INFO - [655/1205] Fetching weather for Badacsonylábdihegy...
2026-06-11 10:58:09,272 - root - INFO - Fetched weather for Badacsonylábdihegy: 20.1°C, Clouds, humidity: 48%
2026-06-11 10:58:10,374 - root - INFO - [656/1205] Fetching weather for Badacsonytördemic-Szigliget...
2026-06-11 10:58:10,501 - root - INFO - Fetched weather for Badacsonytördemic-Szigliget: 20.1°C, Clouds, humidity: 48%
2026-06-11 10:58:11,603 - root - INFO - [657/1205] Fetching weather for Nemesgulács-Kisapáti...
2026-06-11 10:58:11,756 - root - INFO - Fetched weather for Nemesgulács-Kisapáti: 20.2°C, Clouds, humidity: 48%
2026-06-11 10:58:12,858 - root - INFO - [658/1205] Fetching weather for Tapolca...
2026-06-11 10:58:13,003 - root - INFO - Fetched weather for Tapolca: 20.2°C, Clouds, humidity: 47%
2026-06-11 10:58:14,104 - root - INFO - [659/1205] Fetching weather for Uzsabánya alsó...
2026-06-11 10:58:14,268 - root - INFO - Fetched weather for Uzsabánya alsó: 19.2°C, Clouds, humidity: 46%
2026-06-11 10:58:15,370 - root - INFO - [660/1205] Fetching weather for Uzsa...
2026-06-11 10:58:15,500 - root - INFO - Fetched weather for Uzsa: 20.0°C, Clouds, humidity: 46%
2026-06-11 10:58:16,602 - root - INFO - [661/1205] Fetching weather for Sümegi Bazaltbánya...
2026-06-11 10:58:16,730 - root - INFO - Fetched weather for Sümegi Bazaltbánya: 20.1°C, Clouds, humidity: 45%
2026-06-11 10:58:17,832 - root - INFO - [662/1205] Fetching weather for Sümeg...
2026-06-11 10:58:18,001 - root - INFO - Fetched weather for Sümeg: 20.3°C, Clouds, humidity: 45%
2026-06-11 10:58:19,102 - root - INFO - [663/1205] Fetching weather for Gógánfa...
2026-06-11 10:58:19,252 - root - INFO - Fetched weather for Gógánfa: 20.3°C, Clouds, humidity: 45%
2026-06-11 10:58:20,354 - root - INFO - [664/1205] Fetching weather for Ukk...
2026-06-11 10:58:20,523 - root - INFO - Fetched weather for Ukk: 20.4°C, Clouds, humidity: 45%
2026-06-11 10:58:21,624 - root - INFO - [665/1205] Fetching weather for Nemeskeresztúr...
2026-06-11 10:58:21,755 - root - INFO - Fetched weather for Nemeskeresztúr: 20.4°C, Clouds, humidity: 45%
2026-06-11 10:58:22,857 - root - INFO - [666/1205] Fetching weather for Jánosháza...
2026-06-11 10:58:22,989 - root - INFO - Fetched weather for Jánosháza: 20.4°C, Clouds, humidity: 46%
2026-06-11 10:58:24,091 - root - INFO - [667/1205] Fetching weather for Keszthely...
2026-06-11 10:58:24,257 - root - INFO - Fetched weather for Keszthely: 20.1°C, Clouds, humidity: 45%
2026-06-11 10:58:25,359 - root - INFO - [668/1205] Fetching weather for Alsógyenes...
2026-06-11 10:58:25,511 - root - INFO - Fetched weather for Alsógyenes: 20.2°C, Clouds, humidity: 45%
2026-06-11 10:58:26,613 - root - INFO - [669/1205] Fetching weather for Gyenesdiás...
2026-06-11 10:58:26,770 - root - INFO - Fetched weather for Gyenesdiás: 20.2°C, Clouds, humidity: 45%
2026-06-11 10:58:27,872 - root - INFO - [670/1205] Fetching weather for Vonyarcvashegy...
2026-06-11 10:58:27,993 - root - INFO - Fetched weather for Vonyarcvashegy: 19.6°C, Clouds, humidity: 45%
2026-06-11 10:58:29,095 - root - INFO - [671/1205] Fetching weather for Balatongyörök...
2026-06-11 10:58:29,225 - root - INFO - Fetched weather for Balatongyörök: 20.2°C, Clouds, humidity: 46%
2026-06-11 10:58:30,327 - root - INFO - [672/1205] Fetching weather for Becehegy...
2026-06-11 10:58:30,491 - root - INFO - Fetched weather for Becehegy: 19.1°C, Clouds, humidity: 46%
2026-06-11 10:58:31,592 - root - INFO - [673/1205] Fetching weather for Balatonederics...
2026-06-11 10:58:31,731 - root - INFO - Fetched weather for Balatonederics: 19.0°C, Clouds, humidity: 46%
2026-06-11 10:58:32,833 - root - INFO - [674/1205] Fetching weather for Dabronc...
2026-06-11 10:58:33,000 - root - INFO - Fetched weather for Dabronc: 20.3°C, Clouds, humidity: 45%
2026-06-11 10:58:34,102 - root - INFO - [675/1205] Fetching weather for Türje...
2026-06-11 10:58:34,248 - root - INFO - Fetched weather for Türje: 20.3°C, Clouds, humidity: 44%
2026-06-11 10:58:35,350 - root - INFO - [676/1205] Fetching weather for Zalabér-Batyk...
2026-06-11 10:58:35,481 - root - INFO - Fetched weather for Zalabér-Batyk: 20.4°C, Clouds, humidity: 43%
2026-06-11 10:58:36,583 - root - INFO - [677/1205] Fetching weather for Pakod...
2026-06-11 10:58:36,759 - root - INFO - Fetched weather for Pakod: 20.3°C, Clouds, humidity: 42%
2026-06-11 10:58:37,861 - root - INFO - [678/1205] Fetching weather for Pókaszepetk...
2026-06-11 10:58:37,991 - root - INFO - Fetched weather for Pókaszepetk: 20.3°C, Clouds, humidity: 42%
2026-06-11 10:58:39,093 - root - INFO - [679/1205] Fetching weather for Kemendollár...
2026-06-11 10:58:39,272 - root - INFO - Fetched weather for Kemendollár: 20.1°C, Clouds, humidity: 41%
2026-06-11 10:58:40,373 - root - INFO - [680/1205] Fetching weather for Zalaegerszeg...
2026-06-11 10:58:40,521 - root - INFO - Fetched weather for Zalaegerszeg: 20.0°C, Clouds, humidity: 41%
2026-06-11 10:58:41,623 - root - INFO - [681/1205] Fetching weather for Bocfölde...
2026-06-11 10:58:41,753 - root - INFO - Fetched weather for Bocfölde: 20.0°C, Clouds, humidity: 42%
2026-06-11 10:58:42,855 - root - INFO - [682/1205] Fetching weather for Sárhida...
2026-06-11 10:58:43,026 - root - INFO - Fetched weather for Sárhida: 19.1°C, Clouds, humidity: 43%
2026-06-11 10:58:44,128 - root - INFO - [683/1205] Fetching weather for Bak...
2026-06-11 10:58:44,269 - root - INFO - Fetched weather for Bak: 19.5°C, Clouds, humidity: 44%
2026-06-11 10:58:45,371 - root - INFO - [684/1205] Fetching weather for Tófej...
2026-06-11 10:58:45,537 - root - INFO - Fetched weather for Tófej: 19.2°C, Clouds, humidity: 47%
2026-06-11 10:58:46,639 - root - INFO - [685/1205] Fetching weather for Gutorfölde...
2026-06-11 10:58:46,789 - root - INFO - Fetched weather for Gutorfölde: 19.3°C, Clouds, humidity: 49%
2026-06-11 10:58:47,891 - root - INFO - [686/1205] Fetching weather for Csömödér-Páka...
2026-06-11 10:58:48,019 - root - INFO - Fetched weather for Csömödér-Páka: 15.0°C, Clouds, humidity: 53%
2026-06-11 10:58:49,121 - root - INFO - [687/1205] Fetching weather for Iklódbördőce...
2026-06-11 10:58:49,284 - root - INFO - Fetched weather for Iklódbördőce: 15.0°C, Clouds, humidity: 54%
2026-06-11 10:58:50,386 - root - INFO - [688/1205] Fetching weather for Lenti...
2026-06-11 10:58:50,524 - root - INFO - Fetched weather for Lenti: 14.9°C, Clouds, humidity: 53%
2026-06-11 10:58:51,626 - root - INFO - [689/1205] Fetching weather for Rédics...
2026-06-11 10:58:51,793 - root - INFO - Fetched weather for Rédics: 14.9°C, Clouds, humidity: 53%
2026-06-11 10:58:52,894 - root - INFO - [690/1205] Fetching weather for Zalalövő...
2026-06-11 10:58:53,040 - root - INFO - Fetched weather for Zalalövő: 19.8°C, Clouds, humidity: 47%
2026-06-11 10:58:54,142 - root - INFO - [691/1205] Fetching weather for Zalaegerszeg-Ola...
2026-06-11 10:58:54,271 - root - INFO - Fetched weather for Zalaegerszeg-Ola: 20.0°C, Clouds, humidity: 41%
2026-06-11 10:58:55,373 - root - INFO - [692/1205] Fetching weather for Andráshida...
2026-06-11 10:58:55,533 - root - INFO - Fetched weather for Andráshida: 20.0°C, Clouds, humidity: 41%
2026-06-11 10:58:56,635 - root - INFO - [693/1205] Fetching weather for Bagod...
2026-06-11 10:58:56,799 - root - INFO - Fetched weather for Bagod: 20.1°C, Clouds, humidity: 42%
2026-06-11 10:58:57,901 - root - INFO - [694/1205] Fetching weather for Zalaszentgyörgy...
2026-06-11 10:58:58,074 - root - INFO - Fetched weather for Zalaszentgyörgy: 20.1°C, Clouds, humidity: 43%
2026-06-11 10:58:59,175 - root - INFO - [695/1205] Fetching weather for Zalacséb-Salomvár...
2026-06-11 10:58:59,306 - root - INFO - Fetched weather for Zalacséb-Salomvár: 19.8°C, Clouds, humidity: 43%
2026-06-11 10:59:00,408 - root - INFO - [696/1205] Fetching weather for Kópháza...
2026-06-11 10:59:00,540 - root - INFO - Fetched weather for Kópháza: 17.3°C, Clouds, humidity: 54%
2026-06-11 10:59:01,641 - root - INFO - [697/1205] Fetching weather for Nagycenk...
2026-06-11 10:59:01,798 - root - INFO - Fetched weather for Nagycenk: 17.4°C, Clouds, humidity: 54%
2026-06-11 10:59:02,900 - root - INFO - [698/1205] Fetching weather for Sopronkövesd...
2026-06-11 10:59:03,064 - root - INFO - Fetched weather for Sopronkövesd: 18.5°C, Clouds, humidity: 55%
2026-06-11 10:59:04,165 - root - INFO - [699/1205] Fetching weather for Lövő...
2026-06-11 10:59:04,341 - root - INFO - Fetched weather for Lövő: 18.5°C, Clouds, humidity: 55%
2026-06-11 10:59:05,443 - root - INFO - [700/1205] Fetching weather for Újkér...
2026-06-11 10:59:05,575 - root - INFO - Fetched weather for Újkér: 18.5°C, Clouds, humidity: 55%
2026-06-11 10:59:06,677 - root - INFO - [701/1205] Fetching weather for Bük...
2026-06-11 10:59:06,807 - root - INFO - Fetched weather for Bük: 18.6°C, Clouds, humidity: 55%
2026-06-11 10:59:07,909 - root - INFO - [702/1205] Fetching weather for Acsád...
2026-06-11 10:59:08,057 - root - INFO - Fetched weather for Acsád: 18.4°C, Clouds, humidity: 55%
2026-06-11 10:59:09,159 - root - INFO - [703/1205] Fetching weather for Salköveskút-Vassurány...
2026-06-11 10:59:09,322 - root - INFO - Fetched weather for Salköveskút-Vassurány: 18.4°C, Clouds, humidity: 55%
2026-06-11 10:59:10,424 - root - INFO - [704/1205] Fetching weather for Zalaszentiván...
2026-06-11 10:59:10,559 - root - INFO - Fetched weather for Zalaszentiván: 20.2°C, Clouds, humidity: 40%
2026-06-11 10:59:11,660 - root - INFO - [705/1205] Fetching weather for Alsónemesapáti...
2026-06-11 10:59:11,826 - root - INFO - Fetched weather for Alsónemesapáti: 20.2°C, Clouds, humidity: 41%
2026-06-11 10:59:12,928 - root - INFO - [706/1205] Fetching weather for Józsa...
2026-06-11 10:59:13,056 - root - INFO - Fetched weather for Józsa: 21.8°C, Clouds, humidity: 50%
2026-06-11 10:59:14,158 - root - INFO - [707/1205] Fetching weather for Hajdúszentgyörgy...
2026-06-11 10:59:14,298 - root - INFO - Fetched weather for Hajdúszentgyörgy: 21.8°C, Clouds, humidity: 50%
2026-06-11 10:59:15,399 - root - INFO - [708/1205] Fetching weather for Zelemér...
2026-06-11 10:59:15,562 - root - INFO - Fetched weather for Zelemér: 21.8°C, Clouds, humidity: 50%
2026-06-11 10:59:16,664 - root - INFO - [709/1205] Fetching weather for Hajdúböszörmény...
2026-06-11 10:59:16,791 - root - INFO - Fetched weather for Hajdúböszörmény: 21.9°C, Clouds, humidity: 49%
2026-06-11 10:59:17,893 - root - INFO - [710/1205] Fetching weather for Hajdúvid...
2026-06-11 10:59:18,043 - root - INFO - Fetched weather for Hajdúvid: 21.9°C, Clouds, humidity: 51%
2026-06-11 10:59:19,145 - root - INFO - [711/1205] Fetching weather for Hajdúdorog...
2026-06-11 10:59:19,281 - root - INFO - Fetched weather for Hajdúdorog: 21.7°C, Clouds, humidity: 52%
2026-06-11 10:59:20,383 - root - INFO - [712/1205] Fetching weather for Hajdúnánás...
2026-06-11 10:59:20,542 - root - INFO - Fetched weather for Hajdúnánás: 21.9°C, Clouds, humidity: 53%
2026-06-11 10:59:21,644 - root - INFO - [713/1205] Fetching weather for Hajdúnánás-Vásártér...
2026-06-11 10:59:21,807 - root - INFO - Fetched weather for Hajdúnánás-Vásártér: 21.9°C, Clouds, humidity: 53%
2026-06-11 10:59:22,909 - root - INFO - [714/1205] Fetching weather for Tedej...
2026-06-11 10:59:23,036 - root - INFO - Fetched weather for Tedej: 21.0°C, Clouds, humidity: 56%
2026-06-11 10:59:24,137 - root - INFO - [715/1205] Fetching weather for Tiszavasvári...
2026-06-11 10:59:24,285 - root - INFO - Fetched weather for Tiszavasvári: 21.0°C, Clouds, humidity: 70%
2026-06-11 10:59:25,387 - root - INFO - [716/1205] Fetching weather for Egyházerdő...
2026-06-11 10:59:25,520 - root - INFO - Fetched weather for Egyházerdő: 21.0°C, Clouds, humidity: 70%
2026-06-11 10:59:26,622 - root - INFO - [717/1205] Fetching weather for Tiszalök...
2026-06-11 10:59:26,793 - root - INFO - Fetched weather for Tiszalök: 21.0°C, Clouds, humidity: 70%
2026-06-11 10:59:27,895 - root - INFO - [718/1205] Fetching weather for Hajnalos...
2026-06-11 10:59:28,058 - root - INFO - Fetched weather for Hajnalos: 21.0°C, Clouds, humidity: 70%
2026-06-11 10:59:29,160 - root - INFO - [719/1205] Fetching weather for Kisfástanya...
2026-06-11 10:59:29,299 - root - INFO - Fetched weather for Kisfástanya: 20.9°C, Clouds, humidity: 70%
2026-06-11 10:59:30,401 - root - INFO - [720/1205] Fetching weather for Tiszaeszlár...
2026-06-11 10:59:30,532 - root - INFO - Fetched weather for Tiszaeszlár: 21.0°C, Clouds, humidity: 70%
2026-06-11 10:59:31,634 - root - INFO - [721/1205] Fetching weather for Bashalom...
2026-06-11 10:59:31,773 - root - INFO - Fetched weather for Bashalom: 20.9°C, Clouds, humidity: 70%
2026-06-11 10:59:32,875 - root - INFO - [722/1205] Fetching weather for Sáránd...
2026-06-11 10:59:33,037 - root - INFO - Fetched weather for Sáránd: 22.1°C, Clouds, humidity: 51%
2026-06-11 10:59:34,138 - root - INFO - [723/1205] Fetching weather for Derecske...
2026-06-11 10:59:34,302 - root - INFO - Fetched weather for Derecske: 22.1°C, Clouds, humidity: 50%
2026-06-11 10:59:35,404 - root - INFO - [724/1205] Fetching weather for Derecske-Vásártér...
2026-06-11 10:59:35,547 - root - INFO - Fetched weather for Derecske-Vásártér: 22.1°C, Clouds, humidity: 50%
2026-06-11 10:59:36,649 - root - INFO - [725/1205] Fetching weather for Konyár...
2026-06-11 10:59:36,779 - root - INFO - Fetched weather for Konyár: 22.1°C, Clouds, humidity: 50%
2026-06-11 10:59:37,881 - root - INFO - [726/1205] Fetching weather for Konyári Sóstófürdő...
2026-06-11 10:59:38,018 - root - INFO - Fetched weather for Konyári Sóstófürdő: 22.1°C, Clouds, humidity: 51%
2026-06-11 10:59:39,120 - root - INFO - [727/1205] Fetching weather for Pocsaj-Esztár...
2026-06-11 10:59:39,290 - root - INFO - Fetched weather for Pocsaj-Esztár: 21.4°C, Clouds, humidity: 52%
2026-06-11 10:59:40,392 - root - INFO - [728/1205] Fetching weather for Kismarja...
2026-06-11 10:59:40,561 - root - INFO - Fetched weather for Kismarja: 21.4°C, Clouds, humidity: 53%
2026-06-11 10:59:41,663 - root - INFO - [729/1205] Fetching weather for Nagykereki...
2026-06-11 10:59:41,795 - root - INFO - Fetched weather for Nagykereki: 21.3°C, Clouds, humidity: 69%
2026-06-11 10:59:42,897 - root - INFO - [730/1205] Fetching weather for Debrecen-Szabadságtelep...
2026-06-11 10:59:43,067 - root - INFO - Fetched weather for Debrecen-Szabadságtelep: 21.9°C, Clouds, humidity: 52%
2026-06-11 10:59:44,169 - root - INFO - [731/1205] Fetching weather for Kondoroskert...
2026-06-11 10:59:44,314 - root - INFO - Fetched weather for Kondoroskert: 21.8°C, Clouds, humidity: 53%
2026-06-11 10:59:45,416 - root - INFO - [732/1205] Fetching weather for Nagycsere...
2026-06-11 10:59:45,579 - root - INFO - Fetched weather for Nagycsere: 21.8°C, Clouds, humidity: 53%
2026-06-11 10:59:46,680 - root - INFO - [733/1205] Fetching weather for Haláp...
2026-06-11 10:59:46,849 - root - INFO - Fetched weather for Haláp: 21.7°C, Clouds, humidity: 54%
2026-06-11 10:59:47,951 - root - INFO - [734/1205] Fetching weather for Vámospércs...
2026-06-11 10:59:48,080 - root - INFO - Fetched weather for Vámospércs: 21.6°C, Clouds, humidity: 55%
2026-06-11 10:59:49,182 - root - INFO - [735/1205] Fetching weather for Szentannapuszta...
2026-06-11 10:59:49,348 - root - INFO - Fetched weather for Szentannapuszta: 21.6°C, Clouds, humidity: 57%
2026-06-11 10:59:50,450 - root - INFO - [736/1205] Fetching weather for Nyírábrány...
2026-06-11 10:59:50,596 - root - INFO - Fetched weather for Nyírábrány: 21.5°C, Clouds, humidity: 57%
2026-06-11 10:59:51,698 - root - INFO - [737/1205] Fetching weather for Dombostanya...
2026-06-11 10:59:51,860 - root - INFO - Fetched weather for Dombostanya: 21.8°C, Clouds, humidity: 51%
2026-06-11 10:59:52,962 - root - INFO - [738/1205] Fetching weather for Hajdúsámson...
2026-06-11 10:59:53,077 - root - INFO - Fetched weather for Hajdúsámson: 21.7°C, Clouds, humidity: 52%
2026-06-11 10:59:54,179 - root - INFO - [739/1205] Fetching weather for Tamásipuszta...
2026-06-11 10:59:54,317 - root - INFO - Fetched weather for Tamásipuszta: 21.6°C, Clouds, humidity: 52%
2026-06-11 10:59:55,419 - root - INFO - [740/1205] Fetching weather for Aradványpuszta...
2026-06-11 10:59:55,579 - root - INFO - Fetched weather for Aradványpuszta: 21.6°C, Clouds, humidity: 52%
2026-06-11 10:59:56,680 - root - INFO - [741/1205] Fetching weather for Nyíradony...
2026-06-11 10:59:56,816 - root - INFO - Fetched weather for Nyíradony: 21.3°C, Clouds, humidity: 54%
2026-06-11 10:59:57,918 - root - INFO - [742/1205] Fetching weather for Nyírmihálydi...
2026-06-11 10:59:58,083 - root - INFO - Fetched weather for Nyírmihálydi: 21.1°C, Clouds, humidity: 55%
2026-06-11 10:59:59,184 - root - INFO - [743/1205] Fetching weather for Nyírgelse...
2026-06-11 10:59:59,302 - root - INFO - Fetched weather for Nyírgelse: 20.8°C, Clouds, humidity: 57%
2026-06-11 11:00:00,404 - root - INFO - [744/1205] Fetching weather for Nyírbogát...
2026-06-11 11:00:00,568 - root - INFO - Fetched weather for Nyírbogát: 20.5°C, Clouds, humidity: 60%
2026-06-11 11:00:01,670 - root - INFO - [745/1205] Fetching weather for Nagykálló...
2026-06-11 11:00:01,828 - root - INFO - Fetched weather for Nagykálló: 20.1°C, Clouds, humidity: 61%
2026-06-11 11:00:02,930 - root - INFO - [746/1205] Fetching weather for Kállósemjén...
2026-06-11 11:00:03,105 - root - INFO - Fetched weather for Kállósemjén: 20.2°C, Clouds, humidity: 61%
2026-06-11 11:00:04,206 - root - INFO - [747/1205] Fetching weather for Nyírbátor...
2026-06-11 11:00:04,374 - root - INFO - Fetched weather for Nyírbátor: 20.3°C, Clouds, humidity: 62%
2026-06-11 11:00:05,476 - root - INFO - [748/1205] Fetching weather for Nyírcsászári...
2026-06-11 11:00:05,590 - root - INFO - Fetched weather for Nyírcsászári: 20.2°C, Clouds, humidity: 63%
2026-06-11 11:00:06,691 - root - INFO - [749/1205] Fetching weather for Hodász...
2026-06-11 11:00:06,815 - root - INFO - Fetched weather for Hodász: 20.2°C, Clouds, humidity: 63%
2026-06-11 11:00:07,917 - root - INFO - [750/1205] Fetching weather for Nyírmeggyes...
2026-06-11 11:00:08,095 - root - INFO - Fetched weather for Nyírmeggyes: 20.0°C, Clouds, humidity: 64%
2026-06-11 11:00:09,197 - root - INFO - [751/1205] Fetching weather for Mátészalka...
2026-06-11 11:00:09,359 - root - INFO - Fetched weather for Mátészalka: 19.9°C, Clouds, humidity: 65%
2026-06-11 11:00:10,461 - root - INFO - [752/1205] Fetching weather for Kocsord...
2026-06-11 11:00:10,635 - root - INFO - Fetched weather for Kocsord: 20.3°C, Clouds, humidity: 65%
2026-06-11 11:00:11,737 - root - INFO - [753/1205] Fetching weather for Kocsord alsó...
2026-06-11 11:00:11,854 - root - INFO - Fetched weather for Kocsord alsó: 20.3°C, Clouds, humidity: 65%
2026-06-11 11:00:12,955 - root - INFO - [754/1205] Fetching weather for Győrtelek...
2026-06-11 11:00:13,088 - root - INFO - Fetched weather for Győrtelek: 20.3°C, Clouds, humidity: 66%
2026-06-11 11:00:14,190 - root - INFO - [755/1205] Fetching weather for Győrtelek alsó...
2026-06-11 11:00:14,346 - root - INFO - Fetched weather for Győrtelek alsó: 20.4°C, Clouds, humidity: 66%
2026-06-11 11:00:15,448 - root - INFO - [756/1205] Fetching weather for Ököritófülpös...
2026-06-11 11:00:15,617 - root - INFO - Fetched weather for Ököritófülpös: 20.4°C, Clouds, humidity: 67%
2026-06-11 11:00:16,719 - root - INFO - [757/1205] Fetching weather for Porcsalma-Tyukod...
2026-06-11 11:00:16,882 - root - INFO - Fetched weather for Porcsalma-Tyukod: 20.4°C, Clouds, humidity: 69%
2026-06-11 11:00:17,983 - root - INFO - [758/1205] Fetching weather for Csenger...
2026-06-11 11:00:18,108 - root - INFO - Fetched weather for Csenger: 20.2°C, Clouds, humidity: 72%
2026-06-11 11:00:19,210 - root - INFO - [759/1205] Fetching weather for Kisfái...
2026-06-11 11:00:19,334 - root - INFO - Fetched weather for Kisfái: 23.4°C, Clouds, humidity: 55%
2026-06-11 11:00:20,436 - root - INFO - [760/1205] Fetching weather for Nyárlőrinci szőlők...
2026-06-11 11:00:20,597 - root - INFO - Fetched weather for Nyárlőrinci szőlők: 23.4°C, Clouds, humidity: 55%
2026-06-11 11:00:21,699 - root - INFO - [761/1205] Fetching weather for Nyárlőrinc alsó...
2026-06-11 11:00:21,868 - root - INFO - Fetched weather for Nyárlőrinc alsó: 23.4°C, Clouds, humidity: 55%
2026-06-11 11:00:22,970 - root - INFO - [762/1205] Fetching weather for Tiszaug-Tiszahídfő...
2026-06-11 11:00:23,158 - root - INFO - Fetched weather for Tiszaug-Tiszahídfő: 22.0°C, Clouds, humidity: 45%
2026-06-11 11:00:24,260 - root - INFO - [763/1205] Fetching weather for Csongrádi úti tanyák...
2026-06-11 11:00:24,372 - root - INFO - Fetched weather for Csongrádi úti tanyák: 21.7°C, Clouds, humidity: 47%
2026-06-11 11:00:25,474 - root - INFO - [764/1205] Fetching weather for Kettőshalom...
2026-06-11 11:00:25,601 - root - INFO - Fetched weather for Kettőshalom: 22.0°C, Clouds, humidity: 46%
2026-06-11 11:00:26,703 - root - INFO - [765/1205] Fetching weather for Csongrád alsó...
2026-06-11 11:00:26,873 - root - INFO - Fetched weather for Csongrád alsó: 23.5°C, Clouds, humidity: 42%
2026-06-11 11:00:27,975 - root - INFO - [766/1205] Fetching weather for Dónát...
2026-06-11 11:00:28,135 - root - INFO - Fetched weather for Dónát: 24.4°C, Clouds, humidity: 41%
2026-06-11 11:00:29,237 - root - INFO - [767/1205] Fetching weather for Pusztatemplom...
2026-06-11 11:00:29,397 - root - INFO - Fetched weather for Pusztatemplom: 24.4°C, Clouds, humidity: 41%
2026-06-11 11:00:30,499 - root - INFO - [768/1205] Fetching weather for Előhát...
2026-06-11 11:00:30,631 - root - INFO - Fetched weather for Előhát: 22.5°C, Clouds, humidity: 48%
2026-06-11 11:00:31,733 - root - INFO - [769/1205] Fetching weather for Polgárdi-Tekerespuszta...
2026-06-11 11:00:31,859 - root - INFO - Fetched weather for Polgárdi-Tekerespuszta: 18.7°C, Clouds, humidity: 48%
2026-06-11 11:00:32,961 - root - INFO - [770/1205] Fetching weather for Szatina-Kishajmás...
2026-06-11 11:00:33,122 - root - INFO - Fetched weather for Szatina-Kishajmás: 19.3°C, Clouds, humidity: 56%
2026-06-11 11:00:34,224 - root - INFO - [771/1205] Fetching weather for Márok...
2026-06-11 11:00:34,387 - root - INFO - Fetched weather for Márok: 17.1°C, Rain, humidity: 72%
2026-06-11 11:00:35,489 - root - INFO - [772/1205] Fetching weather for Nagynyárád...
2026-06-11 11:00:35,650 - root - INFO - Fetched weather for Nagynyárád: 20.6°C, Rain, humidity: 56%
2026-06-11 11:00:36,752 - root - INFO - [773/1205] Fetching weather for Szászvár...
2026-06-11 11:00:36,914 - root - INFO - Fetched weather for Szászvár: 20.2°C, Clouds, humidity: 56%
2026-06-11 11:00:38,015 - root - INFO - [774/1205] Fetching weather for Cikó...
2026-06-11 11:00:38,131 - root - INFO - Fetched weather for Cikó: 20.6°C, Clouds, humidity: 57%
2026-06-11 11:00:39,233 - root - INFO - [775/1205] Fetching weather for Gyöngyfa-Magyarmecske...
2026-06-11 11:00:39,394 - root - INFO - Fetched weather for Gyöngyfa-Magyarmecske: 19.4°C, Rain, humidity: 66%
2026-06-11 11:00:40,496 - root - INFO - [776/1205] Fetching weather for Nagyhát...
2026-06-11 11:00:40,657 - root - INFO - Fetched weather for Nagyhát: 22.1°C, Clouds, humidity: 49%
2026-06-11 11:00:41,759 - root - INFO - [777/1205] Fetching weather for Balmazújváros...
2026-06-11 11:00:41,921 - root - INFO - Fetched weather for Balmazújváros: 22.3°C, Clouds, humidity: 49%
2026-06-11 11:00:43,023 - root - INFO - [778/1205] Fetching weather for Kónya...
2026-06-11 11:00:43,185 - root - INFO - Fetched weather for Kónya: 22.5°C, Clouds, humidity: 48%
2026-06-11 11:00:44,287 - root - INFO - [779/1205] Fetching weather for Hortobágy...
2026-06-11 11:00:44,414 - root - INFO - Fetched weather for Hortobágy: 22.6°C, Clouds, humidity: 48%
2026-06-11 11:00:45,515 - root - INFO - [780/1205] Fetching weather for Hortobágyi Halastó...
2026-06-11 11:00:45,672 - root - INFO - Fetched weather for Hortobágyi Halastó: 22.6°C, Clouds, humidity: 48%
2026-06-11 11:00:46,774 - root - INFO - [781/1205] Fetching weather for Ohat-Pusztakócs...
2026-06-11 11:00:46,939 - root - INFO - Fetched weather for Ohat-Pusztakócs: 22.7°C, Clouds, humidity: 48%
2026-06-11 11:00:48,041 - root - INFO - [782/1205] Fetching weather for Egyek...
2026-06-11 11:00:48,197 - root - INFO - Fetched weather for Egyek: 22.8°C, Clouds, humidity: 48%
2026-06-11 11:00:49,299 - root - INFO - [783/1205] Fetching weather for Tiszafüred...
2026-06-11 11:00:49,463 - root - INFO - Fetched weather for Tiszafüred: 23.3°C, Clouds, humidity: 48%
2026-06-11 11:00:50,565 - root - INFO - [784/1205] Fetching weather for Poroszló...
2026-06-11 11:00:50,698 - root - INFO - Fetched weather for Poroszló: 23.3°C, Clouds, humidity: 48%
2026-06-11 11:00:51,800 - root - INFO - [785/1205] Fetching weather for Kétútköz...
2026-06-11 11:00:51,966 - root - INFO - Fetched weather for Kétútköz: 23.3°C, Clouds, humidity: 48%
2026-06-11 11:00:53,068 - root - INFO - [786/1205] Fetching weather for Egerfarmos...
2026-06-11 11:00:53,227 - root - INFO - Fetched weather for Egerfarmos: 23.3°C, Clouds, humidity: 49%
2026-06-11 11:00:54,329 - root - INFO - [787/1205] Fetching weather for Piliscsaba...
2026-06-11 11:00:54,486 - root - INFO - Fetched weather for Piliscsaba: 17.0°C, Clouds, humidity: 62%
2026-06-11 11:00:55,588 - root - INFO - [788/1205] Fetching weather for Pilisjászfalu...
2026-06-11 11:00:55,698 - root - INFO - Fetched weather for Pilisjászfalu: 17.2°C, Clouds, humidity: 64%
2026-06-11 11:00:56,799 - root - INFO - [789/1205] Fetching weather for Leányvár...
2026-06-11 11:00:56,958 - root - INFO - Fetched weather for Leányvár: 17.3°C, Clouds, humidity: 64%
2026-06-11 11:00:58,060 - root - INFO - [790/1205] Fetching weather for Dorog...
2026-06-11 11:00:58,186 - root - INFO - Fetched weather for Dorog: 17.5°C, Clouds, humidity: 55%
2026-06-11 11:00:59,288 - root - INFO - [791/1205] Fetching weather for Esztergom-Kertváros...
2026-06-11 11:00:59,445 - root - INFO - Fetched weather for Esztergom-Kertváros: 17.6°C, Clouds, humidity: 55%
2026-06-11 11:01:00,547 - root - INFO - [792/1205] Fetching weather for Esztergom...
2026-06-11 11:01:00,711 - root - INFO - Fetched weather for Esztergom: 17.6°C, Clouds, humidity: 54%
2026-06-11 11:01:01,813 - root - INFO - [793/1205] Fetching weather for Dunaalmás...
2026-06-11 11:01:01,928 - root - INFO - Fetched weather for Dunaalmás: 20.0°C, Clouds, humidity: 54%
2026-06-11 11:01:03,030 - root - INFO - [794/1205] Fetching weather for Neszmély...
2026-06-11 11:01:03,192 - root - INFO - Fetched weather for Neszmély: 20.0°C, Clouds, humidity: 54%
2026-06-11 11:01:04,293 - root - INFO - [795/1205] Fetching weather for Süttő...
2026-06-11 11:01:04,457 - root - INFO - Fetched weather for Süttő: 20.0°C, Clouds, humidity: 54%
2026-06-11 11:01:05,559 - root - INFO - [796/1205] Fetching weather for Piszke...
2026-06-11 11:01:05,719 - root - INFO - Fetched weather for Piszke: 20.1°C, Clouds, humidity: 54%
2026-06-11 11:01:06,821 - root - INFO - [797/1205] Fetching weather for Lábatlan...
2026-06-11 11:01:06,950 - root - INFO - Fetched weather for Lábatlan: 20.1°C, Clouds, humidity: 54%
2026-06-11 11:01:08,052 - root - INFO - [798/1205] Fetching weather for Eternitgyár...
2026-06-11 11:01:08,166 - root - INFO - Fetched weather for Eternitgyár: 20.1°C, Clouds, humidity: 54%
2026-06-11 11:01:09,268 - root - INFO - [799/1205] Fetching weather for Nyergesújfalu felső...
2026-06-11 11:01:09,435 - root - INFO - Fetched weather for Nyergesújfalu felső: 20.1°C, Clouds, humidity: 54%
2026-06-11 11:01:10,537 - root - INFO - [800/1205] Fetching weather for Nyergesújfalu...
2026-06-11 11:01:10,693 - root - INFO - Fetched weather for Nyergesújfalu: 20.1°C, Clouds, humidity: 54%
2026-06-11 11:01:11,795 - root - INFO - [801/1205] Fetching weather for Tokod...
2026-06-11 11:01:11,958 - root - INFO - Fetched weather for Tokod: 17.6°C, Clouds, humidity: 55%
2026-06-11 11:01:13,059 - root - INFO - [802/1205] Fetching weather for Környe...
2026-06-11 11:01:13,189 - root - INFO - Fetched weather for Környe: 19.7°C, Clouds, humidity: 53%
2026-06-11 11:01:14,291 - root - INFO - [803/1205] Fetching weather for Kecskéd alsó...
2026-06-11 11:01:14,404 - root - INFO - Fetched weather for Kecskéd alsó: 19.7°C, Clouds, humidity: 53%
2026-06-11 11:01:15,506 - root - INFO - [804/1205] Fetching weather for Oroszlány...
2026-06-11 11:01:15,671 - root - INFO - Fetched weather for Oroszlány: 19.7°C, Clouds, humidity: 53%
2026-06-11 11:01:16,773 - root - INFO - [805/1205] Fetching weather for Győrszabadhegy...
2026-06-11 11:01:16,938 - root - INFO - Fetched weather for Győrszabadhegy: 20.2°C, Clouds, humidity: 52%
2026-06-11 11:01:18,040 - root - INFO - [806/1205] Fetching weather for Ménfőcsanak felső...
2026-06-11 11:01:18,197 - root - INFO - Fetched weather for Ménfőcsanak felső: 20.3°C, Clouds, humidity: 52%
2026-06-11 11:01:19,298 - root - INFO - [807/1205] Fetching weather for Gyömöre-Tét...
2026-06-11 11:01:19,442 - root - INFO - Fetched weather for Gyömöre-Tét: 20.3°C, Clouds, humidity: 50%
2026-06-11 11:01:20,544 - root - INFO - [808/1205] Fetching weather for Szerecseny...
2026-06-11 11:01:20,664 - root - INFO - Fetched weather for Szerecseny: 20.3°C, Clouds, humidity: 49%
2026-06-11 11:01:21,766 - root - INFO - [809/1205] Fetching weather for Gecse-Gyarmat...
2026-06-11 11:01:21,938 - root - INFO - Fetched weather for Gecse-Gyarmat: 20.2°C, Clouds, humidity: 49%
2026-06-11 11:01:23,040 - root - INFO - [810/1205] Fetching weather for Vaszar...
2026-06-11 11:01:23,215 - root - INFO - Fetched weather for Vaszar: 20.4°C, Clouds, humidity: 48%
2026-06-11 11:01:24,317 - root - INFO - [811/1205] Fetching weather for Pápa...
2026-06-11 11:01:24,445 - root - INFO - Fetched weather for Pápa: 20.4°C, Clouds, humidity: 48%
2026-06-11 11:01:25,546 - root - INFO - [812/1205] Fetching weather for Mezőlak...
2026-06-11 11:01:25,689 - root - INFO - Fetched weather for Mezőlak: 20.6°C, Clouds, humidity: 47%
2026-06-11 11:01:26,791 - root - INFO - [813/1205] Fetching weather for Mihályháza...
2026-06-11 11:01:26,902 - root - INFO - Fetched weather for Mihályháza: 20.6°C, Clouds, humidity: 47%
2026-06-11 11:01:28,004 - root - INFO - [814/1205] Fetching weather for Vinár...
2026-06-11 11:01:28,191 - root - INFO - Fetched weather for Vinár: 20.6°C, Clouds, humidity: 47%
2026-06-11 11:01:29,293 - root - INFO - [815/1205] Fetching weather for Külsővat...
2026-06-11 11:01:29,449 - root - INFO - Fetched weather for Külsővat: 20.7°C, Clouds, humidity: 47%
2026-06-11 11:01:30,551 - root - INFO - [816/1205] Fetching weather for Celldömölk...
2026-06-11 11:01:30,858 - root - INFO - Fetched weather for Celldömölk: 20.7°C, Clouds, humidity: 47%
2026-06-11 11:01:31,960 - root - INFO - [817/1205] Fetching weather for Kemenesmihályfa...
2026-06-11 11:01:32,333 - root - INFO - Fetched weather for Kemenesmihályfa: 20.3°C, Clouds, humidity: 47%
2026-06-11 11:01:33,435 - root - INFO - [818/1205] Fetching weather for Nagysimonyi...
2026-06-11 11:01:33,754 - root - INFO - Fetched weather for Nagysimonyi: 20.4°C, Clouds, humidity: 47%
2026-06-11 11:01:34,856 - root - INFO - [819/1205] Fetching weather for Ostffyasszonyfa...
2026-06-11 11:01:35,246 - root - INFO - Fetched weather for Ostffyasszonyfa: 20.5°C, Clouds, humidity: 47%
2026-06-11 11:01:36,348 - root - INFO - [820/1205] Fetching weather for Sárvár...
2026-06-11 11:01:36,491 - root - INFO - Fetched weather for Sárvár: 20.6°C, Clouds, humidity: 47%
2026-06-11 11:01:37,593 - root - INFO - [821/1205] Fetching weather for Porpác...
2026-06-11 11:01:37,744 - root - INFO - Fetched weather for Porpác: 19.7°C, Clouds, humidity: 46%
2026-06-11 11:01:38,846 - root - INFO - [822/1205] Fetching weather for Balatonföldvár...
2026-06-11 11:01:38,989 - root - INFO - Fetched weather for Balatonföldvár: 17.8°C, Clouds, humidity: 40%
2026-06-11 11:01:40,091 - root - INFO - [823/1205] Fetching weather for Balatonszárszó...
2026-06-11 11:01:40,204 - root - INFO - Fetched weather for Balatonszárszó: 17.8°C, Clouds, humidity: 40%
2026-06-11 11:01:41,306 - root - INFO - [824/1205] Fetching weather for Balatonszemes...
2026-06-11 11:01:41,463 - root - INFO - Fetched weather for Balatonszemes: 17.8°C, Clouds, humidity: 40%
2026-06-11 11:01:42,565 - root - INFO - [825/1205] Fetching weather for Balatonlelle felső...
2026-06-11 11:01:42,708 - root - INFO - Fetched weather for Balatonlelle felső: 17.8°C, Clouds, humidity: 40%
2026-06-11 11:01:43,810 - root - INFO - [826/1205] Fetching weather for Balatonlelle...
2026-06-11 11:01:43,940 - root - INFO - Fetched weather for Balatonlelle: 17.7°C, Clouds, humidity: 49%
2026-06-11 11:01:45,042 - root - INFO - [827/1205] Fetching weather for Fonyódliget...
2026-06-11 11:01:45,190 - root - INFO - Fetched weather for Fonyódliget: 17.8°C, Clouds, humidity: 49%
2026-06-11 11:01:46,292 - root - INFO - [828/1205] Fetching weather for Balatonboglár...
2026-06-11 11:01:46,452 - root - INFO - Fetched weather for Balatonboglár: 17.8°C, Clouds, humidity: 49%
2026-06-11 11:01:47,553 - root - INFO - [829/1205] Fetching weather for Balatonfenyves alsó...
2026-06-11 11:01:47,714 - root - INFO - Fetched weather for Balatonfenyves alsó: 20.1°C, Clouds, humidity: 47%
2026-06-11 11:01:48,815 - root - INFO - [830/1205] Fetching weather for Fonyód...
2026-06-11 11:01:48,973 - root - INFO - Fetched weather for Fonyód: 20.1°C, Clouds, humidity: 49%
2026-06-11 11:01:50,075 - root - INFO - [831/1205] Fetching weather for Bélatelep...
2026-06-11 11:01:50,208 - root - INFO - Fetched weather for Bélatelep: 20.1°C, Clouds, humidity: 48%
2026-06-11 11:01:51,310 - root - INFO - [832/1205] Fetching weather for Alsóbélatelep...
2026-06-11 11:01:51,456 - root - INFO - Fetched weather for Alsóbélatelep: 20.1°C, Clouds, humidity: 48%
2026-06-11 11:01:52,558 - root - INFO - [833/1205] Fetching weather for Balatonfenyves...
2026-06-11 11:01:52,713 - root - INFO - Fetched weather for Balatonfenyves: 20.1°C, Clouds, humidity: 48%
2026-06-11 11:01:53,815 - root - INFO - [834/1205] Fetching weather for Máriahullámtelep...
2026-06-11 11:01:53,976 - root - INFO - Fetched weather for Máriahullámtelep: 20.1°C, Clouds, humidity: 47%
2026-06-11 11:01:55,078 - root - INFO - [835/1205] Fetching weather for Balatonmáriafürdő...
2026-06-11 11:01:55,235 - root - INFO - Fetched weather for Balatonmáriafürdő: 20.1°C, Clouds, humidity: 46%
2026-06-11 11:01:56,337 - root - INFO - [836/1205] Fetching weather for Balatonberény...
2026-06-11 11:01:56,495 - root - INFO - Fetched weather for Balatonberény: 20.0°C, Clouds, humidity: 46%
2026-06-11 11:01:57,597 - root - INFO - [837/1205] Fetching weather for Balatonszentgyörgy...
2026-06-11 11:01:57,745 - root - INFO - Fetched weather for Balatonszentgyörgy: 20.1°C, Clouds, humidity: 46%
2026-06-11 11:01:58,847 - root - INFO - [838/1205] Fetching weather for Vörs...
2026-06-11 11:01:59,010 - root - INFO - Fetched weather for Vörs: 20.0°C, Clouds, humidity: 46%
2026-06-11 11:02:00,112 - root - INFO - [839/1205] Fetching weather for Zalaszentjakab...
2026-06-11 11:02:00,281 - root - INFO - Fetched weather for Zalaszentjakab: 19.4°C, Clouds, humidity: 52%
2026-06-11 11:02:01,383 - root - INFO - [840/1205] Fetching weather for Nagykanizsa...
2026-06-11 11:02:01,540 - root - INFO - Fetched weather for Nagykanizsa: 19.3°C, Clouds, humidity: 54%
2026-06-11 11:02:02,641 - root - INFO - [841/1205] Fetching weather for Murakeresztúr...
2026-06-11 11:02:02,799 - root - INFO - Fetched weather for Murakeresztúr: 19.1°C, Clouds, humidity: 57%
2026-06-11 11:02:03,901 - root - INFO - [842/1205] Fetching weather for Zalakomár...
2026-06-11 11:02:04,043 - root - INFO - Fetched weather for Zalakomár: 19.6°C, Clouds, humidity: 51%
2026-06-11 11:02:05,145 - root - INFO - [843/1205] Fetching weather for Szárazrét...
2026-06-11 11:02:05,310 - root - INFO - Fetched weather for Szárazrét: 20.3°C, Clouds, humidity: 50%
2026-06-11 11:02:06,412 - root - INFO - [844/1205] Fetching weather for Bodajk...
2026-06-11 11:02:06,583 - root - INFO - Fetched weather for Bodajk: 20.0°C, Clouds, humidity: 51%
2026-06-11 11:02:07,684 - root - INFO - [845/1205] Fetching weather for Csókakő...
2026-06-11 11:02:07,841 - root - INFO - Fetched weather for Csókakő: 19.7°C, Clouds, humidity: 51%
2026-06-11 11:02:08,943 - root - INFO - [846/1205] Fetching weather for Mór...
2026-06-11 11:02:09,100 - root - INFO - Fetched weather for Mór: 19.7°C, Clouds, humidity: 51%
2026-06-11 11:02:10,202 - root - INFO - [847/1205] Fetching weather for Bakonysárkány...
2026-06-11 11:02:10,345 - root - INFO - Fetched weather for Bakonysárkány: 19.4°C, Clouds, humidity: 51%
2026-06-11 11:02:11,447 - root - INFO - [848/1205] Fetching weather for Kisbér...
2026-06-11 11:02:11,605 - root - INFO - Fetched weather for Kisbér: 19.7°C, Clouds, humidity: 51%
2026-06-11 11:02:12,707 - root - INFO - [849/1205] Fetching weather for Nagyigmánd-Bábolna...
2026-06-11 11:02:12,875 - root - INFO - Fetched weather for Nagyigmánd-Bábolna: 20.0°C, Clouds, humidity: 52%
2026-06-11 11:02:13,976 - root - INFO - [850/1205] Fetching weather for Budapest-Déli...
2026-06-11 11:02:14,145 - root - INFO - Fetched weather for Budapest-Déli: 18.4°C, Clouds, humidity: 57%
2026-06-11 11:02:15,247 - root - INFO - [851/1205] Fetching weather for Budapest-Kelenföld...
2026-06-11 11:02:15,412 - root - INFO - Fetched weather for Budapest-Kelenföld: 19.3°C, Clouds, humidity: 56%
2026-06-11 11:02:16,514 - root - INFO - [852/1205] Fetching weather for Budaörs...
2026-06-11 11:02:16,667 - root - INFO - Fetched weather for Budaörs: 19.5°C, Clouds, humidity: 56%
2026-06-11 11:02:17,769 - root - INFO - [853/1205] Fetching weather for Biatorbágy...
2026-06-11 11:02:17,981 - root - INFO - Fetched weather for Biatorbágy: 17.3°C, Clouds, humidity: 62%
2026-06-11 11:02:19,083 - root - INFO - [854/1205] Fetching weather for Herceghalom...
2026-06-11 11:02:19,242 - root - INFO - Fetched weather for Herceghalom: 17.5°C, Clouds, humidity: 64%
2026-06-11 11:02:20,343 - root - INFO - [855/1205] Fetching weather for Bicske...
2026-06-11 11:02:20,502 - root - INFO - Fetched weather for Bicske: 17.2°C, Clouds, humidity: 55%
2026-06-11 11:02:21,604 - root - INFO - [856/1205] Fetching weather for Szár...
2026-06-11 11:02:21,762 - root - INFO - Fetched weather for Szár: 17.0°C, Clouds, humidity: 54%
2026-06-11 11:02:22,864 - root - INFO - [857/1205] Fetching weather for Szárliget...
2026-06-11 11:02:23,022 - root - INFO - Fetched weather for Szárliget: 19.3°C, Clouds, humidity: 54%
2026-06-11 11:02:24,124 - root - INFO - [858/1205] Fetching weather for Alsógalla...
2026-06-11 11:02:24,293 - root - INFO - Fetched weather for Alsógalla: 19.7°C, Clouds, humidity: 54%
2026-06-11 11:02:25,395 - root - INFO - [859/1205] Fetching weather for Tatabánya...
2026-06-11 11:02:25,565 - root - INFO - Fetched weather for Tatabánya: 19.8°C, Clouds, humidity: 54%
2026-06-11 11:02:26,667 - root - INFO - [860/1205] Fetching weather for Vértesszőlős...
2026-06-11 11:02:26,861 - root - INFO - Fetched weather for Vértesszőlős: 19.9°C, Clouds, humidity: 54%
2026-06-11 11:02:27,963 - root - INFO - [861/1205] Fetching weather for Tóvároskert...
2026-06-11 11:02:28,131 - root - INFO - Fetched weather for Tóvároskert: 19.9°C, Clouds, humidity: 54%
2026-06-11 11:02:29,232 - root - INFO - [862/1205] Fetching weather for Tata...
2026-06-11 11:02:29,377 - root - INFO - Fetched weather for Tata: 19.9°C, Clouds, humidity: 54%
2026-06-11 11:02:30,479 - root - INFO - [863/1205] Fetching weather for Almásfüzitő...
2026-06-11 11:02:30,639 - root - INFO - Fetched weather for Almásfüzitő: 19.9°C, Clouds, humidity: 54%
2026-06-11 11:02:31,740 - root - INFO - [864/1205] Fetching weather for Almásfüzitő felső...
2026-06-11 11:02:31,905 - root - INFO - Fetched weather for Almásfüzitő felső: 19.5°C, Clouds, humidity: 53%
2026-06-11 11:02:33,007 - root - INFO - [865/1205] Fetching weather for Szőny...
2026-06-11 11:02:33,165 - root - INFO - Fetched weather for Szőny: 19.5°C, Clouds, humidity: 53%
2026-06-11 11:02:34,267 - root - INFO - [866/1205] Fetching weather for Komárom...
2026-06-11 11:02:34,430 - root - INFO - Fetched weather for Komárom: 19.5°C, Clouds, humidity: 53%
2026-06-11 11:02:35,532 - root - INFO - [867/1205] Fetching weather for Ács...
2026-06-11 11:02:35,673 - root - INFO - Fetched weather for Ács: 19.9°C, Clouds, humidity: 52%
2026-06-11 11:02:36,775 - root - INFO - [868/1205] Fetching weather for Nagyszentjános...
2026-06-11 11:02:36,942 - root - INFO - Fetched weather for Nagyszentjános: 20.0°C, Clouds, humidity: 52%
2026-06-11 11:02:38,044 - root - INFO - [869/1205] Fetching weather for Győrszentiván...
2026-06-11 11:02:38,212 - root - INFO - Fetched weather for Győrszentiván: 20.1°C, Clouds, humidity: 52%
2026-06-11 11:02:39,314 - root - INFO - [870/1205] Fetching weather for Győr-Gyárváros...
2026-06-11 11:02:39,476 - root - INFO - Fetched weather for Győr-Gyárváros: 20.2°C, Clouds, humidity: 52%
2026-06-11 11:02:40,578 - root - INFO - [871/1205] Fetching weather for Győr...
2026-06-11 11:02:40,737 - root - INFO - Fetched weather for Győr: 20.2°C, Clouds, humidity: 52%
2026-06-11 11:02:41,838 - root - INFO - [872/1205] Fetching weather for Öttevény...
2026-06-11 11:02:41,988 - root - INFO - Fetched weather for Öttevény: 20.4°C, Clouds, humidity: 53%
2026-06-11 11:02:43,090 - root - INFO - [873/1205] Fetching weather for Lébény-Mosonszentmiklós...
2026-06-11 11:02:43,249 - root - INFO - Fetched weather for Lébény-Mosonszentmiklós: 20.5°C, Clouds, humidity: 53%
2026-06-11 11:02:44,351 - root - INFO - [874/1205] Fetching weather for Kimle-Károlyháza...
2026-06-11 11:02:44,511 - root - INFO - Fetched weather for Kimle-Károlyháza: 20.5°C, Clouds, humidity: 54%
2026-06-11 11:02:45,613 - root - INFO - [875/1205] Fetching weather for Mosonmagyaróvár...
2026-06-11 11:02:45,773 - root - INFO - Fetched weather for Mosonmagyaróvár: 20.0°C, Clouds, humidity: 54%
2026-06-11 11:02:46,875 - root - INFO - [876/1205] Fetching weather for Levél...
2026-06-11 11:02:47,043 - root - INFO - Fetched weather for Levél: 19.8°C, Clouds, humidity: 54%
2026-06-11 11:02:48,145 - root - INFO - [877/1205] Fetching weather for Hegyeshalom...
2026-06-11 11:02:48,291 - root - INFO - Fetched weather for Hegyeshalom: 19.8°C, Clouds, humidity: 54%
2026-06-11 11:02:49,393 - root - INFO - [878/1205] Fetching weather for Óbuda...
2026-06-11 11:02:49,504 - root - INFO - Fetched weather for Óbuda: 18.8°C, Clouds, humidity: 58%
2026-06-11 11:02:50,606 - root - INFO - [879/1205] Fetching weather for Üröm...
2026-06-11 11:02:50,767 - root - INFO - Fetched weather for Üröm: 18.4°C, Clouds, humidity: 59%
2026-06-11 11:02:51,868 - root - INFO - [880/1205] Fetching weather for Solymár...
2026-06-11 11:02:52,028 - root - INFO - Fetched weather for Solymár: 17.7°C, Clouds, humidity: 61%
2026-06-11 11:02:53,130 - root - INFO - [881/1205] Fetching weather for Pilisvörösvár...
2026-06-11 11:02:53,288 - root - INFO - Fetched weather for Pilisvörösvár: 17.2°C, Clouds, humidity: 62%
2026-06-11 11:02:54,390 - root - INFO - [882/1205] Fetching weather for Klotildliget...
2026-06-11 11:02:54,536 - root - INFO - Fetched weather for Klotildliget: 16.9°C, Clouds, humidity: 62%
2026-06-11 11:02:55,638 - root - INFO - [883/1205] Fetching weather for Kútvölgy...
2026-06-11 11:02:55,793 - root - INFO - Fetched weather for Kútvölgy: 23.3°C, Clouds, humidity: 51%
2026-06-11 11:02:56,895 - root - INFO - [884/1205] Fetching weather for Székkutas...
2026-06-11 11:02:57,056 - root - INFO - Fetched weather for Székkutas: 24.4°C, Clouds, humidity: 52%
2026-06-11 11:02:58,157 - root - INFO - [885/1205] Fetching weather for Kaposszentjakab...
2026-06-11 11:02:58,319 - root - INFO - Fetched weather for Kaposszentjakab: 19.6°C, Clouds, humidity: 52%
2026-06-11 11:02:59,421 - root - INFO - [886/1205] Fetching weather for Kaposvár...
2026-06-11 11:02:59,577 - root - INFO - Fetched weather for Kaposvár: 19.4°C, Clouds, humidity: 52%
2026-06-11 11:03:00,679 - root - INFO - [887/1205] Fetching weather for Kaposújlak...
2026-06-11 11:03:00,821 - root - INFO - Fetched weather for Kaposújlak: 19.4°C, Clouds, humidity: 52%
2026-06-11 11:03:01,923 - root - INFO - [888/1205] Fetching weather for Kaposmérő...
2026-06-11 11:03:02,084 - root - INFO - Fetched weather for Kaposmérő: 19.4°C, Clouds, humidity: 52%
2026-06-11 11:03:03,186 - root - INFO - [889/1205] Fetching weather for Kaposfő...
2026-06-11 11:03:03,347 - root - INFO - Fetched weather for Kaposfő: 19.3°C, Clouds, humidity: 52%
2026-06-11 11:03:04,448 - root - INFO - [890/1205] Fetching weather for Kiskorpád...
2026-06-11 11:03:04,610 - root - INFO - Fetched weather for Kiskorpád: 19.2°C, Clouds, humidity: 52%
2026-06-11 11:03:05,712 - root - INFO - [891/1205] Fetching weather for Jákó-Nagybajom...
2026-06-11 11:03:05,870 - root - INFO - Fetched weather for Jákó-Nagybajom: 19.1°C, Clouds, humidity: 52%
2026-06-11 11:03:06,972 - root - INFO - [892/1205] Fetching weather for Kutas...
2026-06-11 11:03:07,113 - root - INFO - Fetched weather for Kutas: 19.2°C, Clouds, humidity: 54%
2026-06-11 11:03:08,215 - root - INFO - [893/1205] Fetching weather for Beleg...
2026-06-11 11:03:08,379 - root - INFO - Fetched weather for Beleg: 19.2°C, Clouds, humidity: 56%
2026-06-11 11:03:09,481 - root - INFO - [894/1205] Fetching weather for Ötvöskónyi...
2026-06-11 11:03:09,641 - root - INFO - Fetched weather for Ötvöskónyi: 19.1°C, Clouds, humidity: 56%
2026-06-11 11:03:10,742 - root - INFO - [895/1205] Fetching weather for Somogyszob...
2026-06-11 11:03:10,907 - root - INFO - Fetched weather for Somogyszob: 19.0°C, Clouds, humidity: 58%
2026-06-11 11:03:12,009 - root - INFO - [896/1205] Fetching weather for Bolhás...
2026-06-11 11:03:12,169 - root - INFO - Fetched weather for Bolhás: 18.9°C, Clouds, humidity: 59%
2026-06-11 11:03:13,271 - root - INFO - [897/1205] Fetching weather for Szenta...
2026-06-11 11:03:13,420 - root - INFO - Fetched weather for Szenta: 18.9°C, Clouds, humidity: 59%
2026-06-11 11:03:14,522 - root - INFO - [898/1205] Fetching weather for Zrínyitelep...
2026-06-11 11:03:14,680 - root - INFO - Fetched weather for Zrínyitelep: 18.8°C, Clouds, humidity: 59%
2026-06-11 11:03:15,782 - root - INFO - [899/1205] Fetching weather for Csurgó...
2026-06-11 11:03:15,942 - root - INFO - Fetched weather for Csurgó: 19.2°C, Clouds, humidity: 57%
2026-06-11 11:03:17,044 - root - INFO - [900/1205] Fetching weather for Gyékényes...
2026-06-11 11:03:17,211 - root - INFO - Fetched weather for Gyékényes: 19.0°C, Clouds, humidity: 57%
2026-06-11 11:03:18,312 - root - INFO - [901/1205] Fetching weather for Adony...
2026-06-11 11:03:18,474 - root - INFO - Fetched weather for Adony: 20.8°C, Clouds, humidity: 54%
2026-06-11 11:03:19,576 - root - INFO - [902/1205] Fetching weather for Kulcs...
2026-06-11 11:03:19,726 - root - INFO - Fetched weather for Kulcs: 20.6°C, Clouds, humidity: 53%
2026-06-11 11:03:20,828 - root - INFO - [903/1205] Fetching weather for Rácalmás...
2026-06-11 11:03:20,985 - root - INFO - Fetched weather for Rácalmás: 20.5°C, Clouds, humidity: 53%
2026-06-11 11:03:22,086 - root - INFO - [904/1205] Fetching weather for Dunaújváros...
2026-06-11 11:03:22,247 - root - INFO - Fetched weather for Dunaújváros: 20.6°C, Clouds, humidity: 53%
2026-06-11 11:03:23,349 - root - INFO - [905/1205] Fetching weather for Újvenyim...
2026-06-11 11:03:23,512 - root - INFO - Fetched weather for Újvenyim: 20.6°C, Clouds, humidity: 52%
2026-06-11 11:03:24,614 - root - INFO - [906/1205] Fetching weather for Mezőfalva...
2026-06-11 11:03:24,773 - root - INFO - Fetched weather for Mezőfalva: 20.6°C, Clouds, humidity: 52%
2026-06-11 11:03:25,875 - root - INFO - [907/1205] Fetching weather for Nagykarácsony felső...
2026-06-11 11:03:26,029 - root - INFO - Fetched weather for Nagykarácsony felső: 20.7°C, Clouds, humidity: 52%
2026-06-11 11:03:27,131 - root - INFO - [908/1205] Fetching weather for Nagykarácsony...
2026-06-11 11:03:27,289 - root - INFO - Fetched weather for Nagykarácsony: 20.5°C, Clouds, humidity: 51%
2026-06-11 11:03:28,391 - root - INFO - [909/1205] Fetching weather for Alap...
2026-06-11 11:03:28,553 - root - INFO - Fetched weather for Alap: 20.7°C, Clouds, humidity: 51%
2026-06-11 11:03:29,655 - root - INFO - [910/1205] Fetching weather for Cece...
2026-06-11 11:03:29,811 - root - INFO - Fetched weather for Cece: 20.7°C, Clouds, humidity: 51%
2026-06-11 11:03:30,913 - root - INFO - [911/1205] Fetching weather for Vajta...
2026-06-11 11:03:31,082 - root - INFO - Fetched weather for Vajta: 20.7°C, Clouds, humidity: 51%
2026-06-11 11:03:32,184 - root - INFO - [912/1205] Fetching weather for Rétszilas alsó...
2026-06-11 11:03:32,327 - root - INFO - Fetched weather for Rétszilas alsó: 20.7°C, Clouds, humidity: 51%
2026-06-11 11:03:33,428 - root - INFO - [913/1205] Fetching weather for Nagydorog...
2026-06-11 11:03:33,590 - root - INFO - Fetched weather for Nagydorog: 20.6°C, Clouds, humidity: 51%
2026-06-11 11:03:34,692 - root - INFO - [914/1205] Fetching weather for Tengelic...
2026-06-11 11:03:34,855 - root - INFO - Fetched weather for Tengelic: 20.4°C, Clouds, humidity: 52%
2026-06-11 11:03:35,957 - root - INFO - [915/1205] Fetching weather for Fácánkert...
2026-06-11 11:03:36,117 - root - INFO - Fetched weather for Fácánkert: 20.4°C, Clouds, humidity: 53%
2026-06-11 11:03:37,219 - root - INFO - [916/1205] Fetching weather for Tolna-Mözs...
2026-06-11 11:03:37,378 - root - INFO - Fetched weather for Tolna-Mözs: 20.4°C, Clouds, humidity: 52%
2026-06-11 11:03:38,480 - root - INFO - [917/1205] Fetching weather for Szekszárd-Palánk...
2026-06-11 11:03:38,629 - root - INFO - Fetched weather for Szekszárd-Palánk: 20.4°C, Clouds, humidity: 53%
2026-06-11 11:03:39,731 - root - INFO - [918/1205] Fetching weather for Szekszárd...
2026-06-11 11:03:39,889 - root - INFO - Fetched weather for Szekszárd: 20.4°C, Clouds, humidity: 53%
2026-06-11 11:03:40,991 - root - INFO - [919/1205] Fetching weather for Őcsény...
2026-06-11 11:03:41,151 - root - INFO - Fetched weather for Őcsény: 20.5°C, Clouds, humidity: 52%
2026-06-11 11:03:42,253 - root - INFO - [920/1205] Fetching weather for Decs...
2026-06-11 11:03:42,409 - root - INFO - Fetched weather for Decs: 20.5°C, Clouds, humidity: 52%
2026-06-11 11:03:43,511 - root - INFO - [921/1205] Fetching weather for Csikóstőttős...
2026-06-11 11:03:43,681 - root - INFO - Fetched weather for Csikóstőttős: 20.2°C, Clouds, humidity: 51%
2026-06-11 11:03:44,782 - root - INFO - [922/1205] Fetching weather for Mágocs-Alsómocsolád...
2026-06-11 11:03:44,927 - root - INFO - Fetched weather for Mágocs-Alsómocsolád: 19.6°C, Clouds, humidity: 53%
2026-06-11 11:03:46,029 - root - INFO - [923/1205] Fetching weather for Szalatnak...
2026-06-11 11:03:46,161 - root - INFO - Fetched weather for Szalatnak: 19.8°C, Clouds, humidity: 55%
2026-06-11 11:03:47,263 - root - INFO - [924/1205] Fetching weather for Máza-Szászvár...
2026-06-11 11:03:47,423 - root - INFO - Fetched weather for Máza-Szászvár: 20.4°C, Clouds, humidity: 56%
2026-06-11 11:03:48,524 - root - INFO - [925/1205] Fetching weather for Váralja...
2026-06-11 11:03:48,685 - root - INFO - Fetched weather for Váralja: 20.4°C, Clouds, humidity: 56%
2026-06-11 11:03:49,787 - root - INFO - [926/1205] Fetching weather for Nagymányok...
2026-06-11 11:03:49,961 - root - INFO - Fetched weather for Nagymányok: 20.5°C, Clouds, humidity: 56%
2026-06-11 11:03:51,062 - root - INFO - [927/1205] Fetching weather for Hidas-Bonyhád...
2026-06-11 11:03:51,209 - root - INFO - Fetched weather for Hidas-Bonyhád: 20.5°C, Clouds, humidity: 56%
2026-06-11 11:03:52,311 - root - INFO - [928/1205] Fetching weather for Mőcsény...
2026-06-11 11:03:52,444 - root - INFO - Fetched weather for Mőcsény: 20.5°C, Clouds, humidity: 55%
2026-06-11 11:03:53,546 - root - INFO - [929/1205] Fetching weather for Bátaszék...
2026-06-11 11:03:53,706 - root - INFO - Fetched weather for Bátaszék: 20.8°C, Clouds, humidity: 52%
2026-06-11 11:03:54,807 - root - INFO - [930/1205] Fetching weather for Pörböly...
2026-06-11 11:03:54,966 - root - INFO - Fetched weather for Pörböly: 20.6°C, Clouds, humidity: 50%
2026-06-11 11:03:56,067 - root - INFO - [931/1205] Fetching weather for Orosháza...
2026-06-11 11:03:56,226 - root - INFO - Fetched weather for Orosháza: 24.4°C, Clouds, humidity: 57%
2026-06-11 11:03:57,328 - root - INFO - [932/1205] Fetching weather for Orosházi tanyák...
2026-06-11 11:03:57,471 - root - INFO - Fetched weather for Orosházi tanyák: 20.0°C, Clouds, humidity: 61%
2026-06-11 11:03:58,573 - root - INFO - [933/1205] Fetching weather for Csorvás...
2026-06-11 11:03:58,702 - root - INFO - Fetched weather for Csorvás: 19.9°C, Clouds, humidity: 63%
2026-06-11 11:03:59,804 - root - INFO - [934/1205] Fetching weather for Csorvás alsó...
2026-06-11 11:03:59,966 - root - INFO - Fetched weather for Csorvás alsó: 20.0°C, Clouds, humidity: 61%
2026-06-11 11:04:01,068 - root - INFO - [935/1205] Fetching weather for Telekgerendás...
2026-06-11 11:04:01,226 - root - INFO - Fetched weather for Telekgerendás: 20.0°C, Clouds, humidity: 61%
2026-06-11 11:04:02,328 - root - INFO - [936/1205] Fetching weather for Fürjes...
2026-06-11 11:04:02,499 - root - INFO - Fetched weather for Fürjes: 20.0°C, Clouds, humidity: 61%
2026-06-11 11:04:03,601 - root - INFO - [937/1205] Fetching weather for Fényes...
2026-06-11 11:04:03,745 - root - INFO - Fetched weather for Fényes: 20.0°C, Clouds, humidity: 61%
2026-06-11 11:04:04,847 - root - INFO - [938/1205] Fetching weather for Bicere...
2026-06-11 11:04:04,980 - root - INFO - Fetched weather for Bicere: 20.0°C, Clouds, humidity: 61%
2026-06-11 11:04:06,082 - root - INFO - [939/1205] Fetching weather for Gyula...
2026-06-11 11:04:06,243 - root - INFO - Fetched weather for Gyula: 20.0°C, Clouds, humidity: 61%
2026-06-11 11:04:07,345 - root - INFO - [940/1205] Fetching weather for József Szanatórium...
2026-06-11 11:04:07,503 - root - INFO - Fetched weather for József Szanatórium: 20.0°C, Clouds, humidity: 61%
2026-06-11 11:04:08,605 - root - INFO - [941/1205] Fetching weather for Sarkadi Cukorgyár...
2026-06-11 11:04:08,764 - root - INFO - Fetched weather for Sarkadi Cukorgyár: 20.0°C, Clouds, humidity: 61%
2026-06-11 11:04:09,866 - root - INFO - [942/1205] Fetching weather for Sarkad...
2026-06-11 11:04:10,011 - root - INFO - Fetched weather for Sarkad: 20.0°C, Clouds, humidity: 72%
2026-06-11 11:04:11,113 - root - INFO - [943/1205] Fetching weather for Kötegyán...
2026-06-11 11:04:11,273 - root - INFO - Fetched weather for Kötegyán: 20.0°C, Clouds, humidity: 71%
2026-06-11 11:04:12,375 - root - INFO - [944/1205] Fetching weather for Méhkerék...
2026-06-11 11:04:12,533 - root - INFO - Fetched weather for Méhkerék: 20.0°C, Clouds, humidity: 69%
2026-06-11 11:04:13,635 - root - INFO - [945/1205] Fetching weather for Sarkadkeresztúr...
2026-06-11 11:04:13,796 - root - INFO - Fetched weather for Sarkadkeresztúr: 20.0°C, Clouds, humidity: 67%
2026-06-11 11:04:14,898 - root - INFO - [946/1205] Fetching weather for Okány...
2026-06-11 11:04:15,059 - root - INFO - Fetched weather for Okány: 20.0°C, Clouds, humidity: 62%
2026-06-11 11:04:16,161 - root - INFO - [947/1205] Fetching weather for Újszeged...
2026-06-11 11:04:16,306 - root - INFO - Fetched weather for Újszeged: 19.0°C, Clouds, humidity: 56%
2026-06-11 11:04:17,408 - root - INFO - [948/1205] Fetching weather for Szőreg...
2026-06-11 11:04:17,564 - root - INFO - Fetched weather for Szőreg: 19.0°C, Clouds, humidity: 59%
2026-06-11 11:04:18,666 - root - INFO - [949/1205] Fetching weather for Deszk...
2026-06-11 11:04:18,807 - root - INFO - Fetched weather for Deszk: 19.0°C, Clouds, humidity: 61%
2026-06-11 11:04:19,909 - root - INFO - [950/1205] Fetching weather for Kiszombor...
2026-06-11 11:04:20,069 - root - INFO - Fetched weather for Kiszombor: 20.6°C, Clouds, humidity: 67%
2026-06-11 11:04:21,171 - root - INFO - [951/1205] Fetching weather for Kiszombor megálló...
2026-06-11 11:04:21,340 - root - INFO - Fetched weather for Kiszombor megálló: 20.6°C, Clouds, humidity: 67%
2026-06-11 11:04:22,442 - root - INFO - [952/1205] Fetching weather for Makó...
2026-06-11 11:04:22,568 - root - INFO - Fetched weather for Makó: 20.6°C, Clouds, humidity: 68%
2026-06-11 11:04:23,670 - root - INFO - [953/1205] Fetching weather for Apátfalva...
2026-06-11 11:04:23,820 - root - INFO - Fetched weather for Apátfalva: 20.4°C, Clouds, humidity: 74%
2026-06-11 11:04:24,922 - root - INFO - [954/1205] Fetching weather for Magyarcsanád...
2026-06-11 11:04:25,063 - root - INFO - Fetched weather for Magyarcsanád: 20.4°C, Clouds, humidity: 75%
2026-06-11 11:04:26,165 - root - INFO - [955/1205] Fetching weather for Nagylak...
2026-06-11 11:04:26,327 - root - INFO - Fetched weather for Nagylak: 17.3°C, Clouds, humidity: 80%
2026-06-11 11:04:27,429 - root - INFO - [956/1205] Fetching weather for Nagylaki Kendergyár...
2026-06-11 11:04:27,589 - root - INFO - Fetched weather for Nagylaki Kendergyár: 17.3°C, Clouds, humidity: 80%
2026-06-11 11:04:28,691 - root - INFO - [957/1205] Fetching weather for Csanádpalota...
2026-06-11 11:04:28,835 - root - INFO - Fetched weather for Csanádpalota: 17.3°C, Clouds, humidity: 79%
2026-06-11 11:04:29,937 - root - INFO - [958/1205] Fetching weather for Mezőhegyes...
2026-06-11 11:04:30,078 - root - INFO - Fetched weather for Mezőhegyes: 17.2°C, Clouds, humidity: 80%
2026-06-11 11:04:31,180 - root - INFO - [959/1205] Fetching weather for Végegyháza...
2026-06-11 11:04:31,317 - root - INFO - Fetched weather for Végegyháza: 17.3°C, Clouds, humidity: 79%
2026-06-11 11:04:32,419 - root - INFO - [960/1205] Fetching weather for Mezőkovácsháza...
2026-06-11 11:04:32,587 - root - INFO - Fetched weather for Mezőkovácsháza: 17.3°C, Clouds, humidity: 77%
2026-06-11 11:04:33,689 - root - INFO - [961/1205] Fetching weather for Mezőkovácsháza felső...
2026-06-11 11:04:33,849 - root - INFO - Fetched weather for Mezőkovácsháza felső: 17.3°C, Clouds, humidity: 79%
2026-06-11 11:04:34,950 - root - INFO - [962/1205] Fetching weather for Magyarbánhegyes...
2026-06-11 11:04:35,077 - root - INFO - Fetched weather for Magyarbánhegyes: 19.9°C, Clouds, humidity: 79%
2026-06-11 11:04:36,179 - root - INFO - [963/1205] Fetching weather for Medgyesegyháza...
2026-06-11 11:04:36,335 - root - INFO - Fetched weather for Medgyesegyháza: 19.9°C, Clouds, humidity: 78%
2026-06-11 11:04:37,437 - root - INFO - [964/1205] Fetching weather for Bánkút...
2026-06-11 11:04:37,571 - root - INFO - Fetched weather for Bánkút: 19.9°C, Clouds, humidity: 61%
2026-06-11 11:04:38,673 - root - INFO - [965/1205] Fetching weather for Belsőperegpuszta...
2026-06-11 11:04:38,843 - root - INFO - Fetched weather for Belsőperegpuszta: 17.2°C, Clouds, humidity: 84%
2026-06-11 11:04:39,944 - root - INFO - [966/1205] Fetching weather for Battonya...
2026-06-11 11:04:40,109 - root - INFO - Fetched weather for Battonya: 17.2°C, Clouds, humidity: 100%
2026-06-11 11:04:41,211 - root - INFO - [967/1205] Fetching weather for Baja-Dunafürdő...
2026-06-11 11:04:41,352 - root - INFO - Fetched weather for Baja-Dunafürdő: 20.6°C, Clouds, humidity: 49%
2026-06-11 11:04:42,454 - root - INFO - [968/1205] Fetching weather for Kaposszekcső...
2026-06-11 11:04:42,597 - root - INFO - Fetched weather for Kaposszekcső: 20.2°C, Clouds, humidity: 51%
2026-06-11 11:04:43,699 - root - INFO - [969/1205] Fetching weather for Vásárosdombó...
2026-06-11 11:04:43,833 - root - INFO - Fetched weather for Vásárosdombó: 20.0°C, Clouds, humidity: 52%
2026-06-11 11:04:44,935 - root - INFO - [970/1205] Fetching weather for Sásd...
2026-06-11 11:04:45,104 - root - INFO - Fetched weather for Sásd: 19.9°C, Clouds, humidity: 53%
2026-06-11 11:04:46,206 - root - INFO - [971/1205] Fetching weather for Godisa...
2026-06-11 11:04:46,383 - root - INFO - Fetched weather for Godisa: 19.6°C, Clouds, humidity: 55%
2026-06-11 11:04:47,484 - root - INFO - [972/1205] Fetching weather for Abaliget...
2026-06-11 11:04:47,616 - root - INFO - Fetched weather for Abaliget: 19.4°C, Clouds, humidity: 58%
2026-06-11 11:04:48,718 - root - INFO - [973/1205] Fetching weather for Hetvehely...
2026-06-11 11:04:48,862 - root - INFO - Fetched weather for Hetvehely: 19.5°C, Clouds, humidity: 59%
2026-06-11 11:04:49,963 - root - INFO - [974/1205] Fetching weather for Bükkösd...
2026-06-11 11:04:50,100 - root - INFO - Fetched weather for Bükkösd: 19.3°C, Clouds, humidity: 59%
2026-06-11 11:04:51,202 - root - INFO - [975/1205] Fetching weather for Cserdi-Helesfa...
2026-06-11 11:04:51,361 - root - INFO - Fetched weather for Cserdi-Helesfa: 19.3°C, Clouds, humidity: 60%
2026-06-11 11:04:52,462 - root - INFO - [976/1205] Fetching weather for Szentlőrinc...
2026-06-11 11:04:52,623 - root - INFO - Fetched weather for Szentlőrinc: 19.7°C, Clouds, humidity: 63%
2026-06-11 11:04:53,725 - root - INFO - [977/1205] Fetching weather for Bicsérd...
2026-06-11 11:04:53,860 - root - INFO - Fetched weather for Bicsérd: 19.7°C, Clouds, humidity: 63%
2026-06-11 11:04:54,962 - root - INFO - [978/1205] Fetching weather for Mecsekalja-Cserkút...
2026-06-11 11:04:55,112 - root - INFO - Fetched weather for Mecsekalja-Cserkút: 20.7°C, Clouds, humidity: 62%
2026-06-11 11:04:56,214 - root - INFO - [979/1205] Fetching weather for Pécs...
2026-06-11 11:04:56,348 - root - INFO - Fetched weather for Pécs: 20.6°C, Clouds, humidity: 56%
2026-06-11 11:04:57,450 - root - INFO - [980/1205] Fetching weather for Pécs-Külváros...
2026-06-11 11:04:57,613 - root - INFO - Fetched weather for Pécs-Külváros: 20.6°C, Clouds, humidity: 56%
2026-06-11 11:04:58,715 - root - INFO - [981/1205] Fetching weather for Pécsbánya-Rendező...
2026-06-11 11:04:58,876 - root - INFO - Fetched weather for Pécsbánya-Rendező: 20.4°C, Clouds, humidity: 56%
2026-06-11 11:04:59,978 - root - INFO - [982/1205] Fetching weather for Pécsudvard...
2026-06-11 11:05:00,108 - root - INFO - Fetched weather for Pécsudvard: 20.3°C, Clouds, humidity: 56%
2026-06-11 11:05:01,210 - root - INFO - [983/1205] Fetching weather for Szőkéd...
2026-06-11 11:05:01,320 - root - INFO - Fetched weather for Szőkéd: 20.5°C, Clouds, humidity: 56%
2026-06-11 11:05:02,421 - root - INFO - [984/1205] Fetching weather for Áta...
2026-06-11 11:05:02,554 - root - INFO - Fetched weather for Áta: 17.6°C, Rain, humidity: 71%
2026-06-11 11:05:03,656 - root - INFO - [985/1205] Fetching weather for Kistótfalu...
2026-06-11 11:05:03,816 - root - INFO - Fetched weather for Kistótfalu: 17.7°C, Rain, humidity: 71%
2026-06-11 11:05:04,918 - root - INFO - [986/1205] Fetching weather for Vokány...
2026-06-11 11:05:05,078 - root - INFO - Fetched weather for Vokány: 17.6°C, Rain, humidity: 71%
2026-06-11 11:05:06,180 - root - INFO - [987/1205] Fetching weather for Palkonya...
2026-06-11 11:05:06,308 - root - INFO - Fetched weather for Palkonya: 17.7°C, Rain, humidity: 71%
2026-06-11 11:05:07,409 - root - INFO - [988/1205] Fetching weather for Villánykövesd...
2026-06-11 11:05:07,569 - root - INFO - Fetched weather for Villánykövesd: 17.6°C, Rain, humidity: 71%
2026-06-11 11:05:08,671 - root - INFO - [989/1205] Fetching weather for Villány...
2026-06-11 11:05:08,806 - root - INFO - Fetched weather for Villány: 17.8°C, Rain, humidity: 71%
2026-06-11 11:05:09,908 - root - INFO - [990/1205] Fetching weather for Magyarbóly...
2026-06-11 11:05:10,068 - root - INFO - Fetched weather for Magyarbóly: 17.8°C, Clouds, humidity: 71%
2026-06-11 11:05:11,171 - root - INFO - [991/1205] Fetching weather for Magyarszék...
2026-06-11 11:05:11,332 - root - INFO - Fetched weather for Magyarszék: 20.4°C, Clouds, humidity: 56%
2026-06-11 11:05:12,434 - root - INFO - [992/1205] Fetching weather for Mecsekpölöske...
2026-06-11 11:05:12,573 - root - INFO - Fetched weather for Mecsekpölöske: 20.2°C, Clouds, humidity: 55%
2026-06-11 11:05:13,674 - root - INFO - [993/1205] Fetching weather for Mecsekjánosi...
2026-06-11 11:05:13,844 - root - INFO - Fetched weather for Mecsekjánosi: 20.2°C, Clouds, humidity: 56%
2026-06-11 11:05:14,946 - root - INFO - [994/1205] Fetching weather for Komló...
2026-06-11 11:05:15,084 - root - INFO - Fetched weather for Komló: 19.9°C, Clouds, humidity: 57%
2026-06-11 11:05:16,186 - root - INFO - [995/1205] Fetching weather for Királyegyháza-Rigópuszta...
2026-06-11 11:05:16,362 - root - INFO - Fetched weather for Királyegyháza-Rigópuszta: 19.7°C, Clouds, humidity: 65%
2026-06-11 11:05:17,464 - root - INFO - [996/1205] Fetching weather for Sumony...
2026-06-11 11:05:17,631 - root - INFO - Fetched weather for Sumony: 19.5°C, Rain, humidity: 65%
2026-06-11 11:05:18,733 - root - INFO - [997/1205] Fetching weather for Okorág-Kárászpuszta...
2026-06-11 11:05:18,870 - root - INFO - Fetched weather for Okorág-Kárászpuszta: 19.4°C, Rain, humidity: 66%
2026-06-11 11:05:19,972 - root - INFO - [998/1205] Fetching weather for Kákics...
2026-06-11 11:05:20,104 - root - INFO - Fetched weather for Kákics: 19.3°C, Rain, humidity: 67%
2026-06-11 11:05:21,206 - root - INFO - [999/1205] Fetching weather for Bóly...
2026-06-11 11:05:21,363 - root - INFO - Fetched weather for Bóly: 17.6°C, Rain, humidity: 71%
2026-06-11 11:05:22,465 - root - INFO - [1000/1205] Fetching weather for Mohács...
2026-06-11 11:05:22,600 - root - INFO - Fetched weather for Mohács: 20.8°C, Clouds, humidity: 56%
2026-06-11 11:05:23,702 - root - INFO - [1001/1205] Fetching weather for Sellye...
2026-06-11 11:05:23,863 - root - INFO - Fetched weather for Sellye: 19.3°C, Rain, humidity: 68%
2026-06-11 11:05:24,965 - root - INFO - [1002/1205] Fetching weather for Toponár...
2026-06-11 11:05:25,083 - root - INFO - Fetched weather for Toponár: 19.7°C, Clouds, humidity: 51%
2026-06-11 11:05:26,185 - root - INFO - [1003/1205] Fetching weather for Somogyaszaló...
2026-06-11 11:05:26,333 - root - INFO - Fetched weather for Somogyaszaló: 19.6°C, Clouds, humidity: 51%
2026-06-11 11:05:27,435 - root - INFO - [1004/1205] Fetching weather for Mernye...
2026-06-11 11:05:27,606 - root - INFO - Fetched weather for Mernye: 19.8°C, Clouds, humidity: 51%
2026-06-11 11:05:28,708 - root - INFO - [1005/1205] Fetching weather for Felsőmocsolád...
2026-06-11 11:05:28,860 - root - INFO - Fetched weather for Felsőmocsolád: 19.7°C, Clouds, humidity: 51%
2026-06-11 11:05:29,961 - root - INFO - [1006/1205] Fetching weather for Kisbárapáti...
2026-06-11 11:05:30,132 - root - INFO - Fetched weather for Kisbárapáti: 19.6°C, Clouds, humidity: 51%
2026-06-11 11:05:31,234 - root - INFO - [1007/1205] Fetching weather for Bonnya...
2026-06-11 11:05:31,386 - root - INFO - Fetched weather for Bonnya: 19.9°C, Clouds, humidity: 50%
2026-06-11 11:05:32,488 - root - INFO - [1008/1205] Fetching weather for Andocs...
2026-06-11 11:05:32,635 - root - INFO - Fetched weather for Andocs: 19.4°C, Clouds, humidity: 50%
2026-06-11 11:05:33,737 - root - INFO - [1009/1205] Fetching weather for Karád...
2026-06-11 11:05:33,899 - root - INFO - Fetched weather for Karád: 17.5°C, Clouds, humidity: 50%
2026-06-11 11:05:35,001 - root - INFO - [1010/1205] Fetching weather for Somogymeggyes...
2026-06-11 11:05:35,134 - root - INFO - Fetched weather for Somogymeggyes: 17.1°C, Clouds, humidity: 50%
2026-06-11 11:05:36,236 - root - INFO - [1011/1205] Fetching weather for Kapoly...
2026-06-11 11:05:36,402 - root - INFO - Fetched weather for Kapoly: 17.3°C, Clouds, humidity: 50%
2026-06-11 11:05:37,504 - root - INFO - [1012/1205] Fetching weather for Tab...
2026-06-11 11:05:37,616 - root - INFO - Fetched weather for Tab: 18.6°C, Clouds, humidity: 50%
2026-06-11 11:05:38,718 - root - INFO - [1013/1205] Fetching weather for Bábonymegyer...
2026-06-11 11:05:38,845 - root - INFO - Fetched weather for Bábonymegyer: 18.7°C, Clouds, humidity: 61%
2026-06-11 11:05:39,947 - root - INFO - [1014/1205] Fetching weather for Daránypuszta...
2026-06-11 11:05:40,106 - root - INFO - Fetched weather for Daránypuszta: 18.7°C, Clouds, humidity: 61%
2026-06-11 11:05:41,208 - root - INFO - [1015/1205] Fetching weather for Som-Nagyberény...
2026-06-11 11:05:41,340 - root - INFO - Fetched weather for Som-Nagyberény: 18.7°C, Clouds, humidity: 61%
2026-06-11 11:05:42,442 - root - INFO - [1016/1205] Fetching weather for Ádánd...
2026-06-11 11:05:42,608 - root - INFO - Fetched weather for Ádánd: 18.8°C, Clouds, humidity: 61%
2026-06-11 11:05:43,710 - root - INFO - [1017/1205] Fetching weather for Siójut...
2026-06-11 11:05:43,820 - root - INFO - Fetched weather for Siójut: 18.8°C, Clouds, humidity: 61%
2026-06-11 11:05:44,922 - root - INFO - [1018/1205] Fetching weather for Kapostüskevár...
2026-06-11 11:05:45,056 - root - INFO - Fetched weather for Kapostüskevár: 19.7°C, Clouds, humidity: 52%
2026-06-11 11:05:46,158 - root - INFO - [1019/1205] Fetching weather for Kaposfüred...
2026-06-11 11:05:46,318 - root - INFO - Fetched weather for Kaposfüred: 19.6°C, Clouds, humidity: 52%
2026-06-11 11:05:47,420 - root - INFO - [1020/1205] Fetching weather for Várda...
2026-06-11 11:05:47,553 - root - INFO - Fetched weather for Várda: 19.5°C, Clouds, humidity: 51%
2026-06-11 11:05:48,655 - root - INFO - [1021/1205] Fetching weather for Somogyjád...
2026-06-11 11:05:48,804 - root - INFO - Fetched weather for Somogyjád: 19.6°C, Clouds, humidity: 51%
2026-06-11 11:05:49,906 - root - INFO - [1022/1205] Fetching weather for Osztopán...
2026-06-11 11:05:50,024 - root - INFO - Fetched weather for Osztopán: 19.6°C, Clouds, humidity: 51%
2026-06-11 11:05:51,126 - root - INFO - [1023/1205] Fetching weather for Pamuk...
2026-06-11 11:05:51,258 - root - INFO - Fetched weather for Pamuk: 19.8°C, Clouds, humidity: 51%
2026-06-11 11:05:52,360 - root - INFO - [1024/1205] Fetching weather for Somogyvár...
2026-06-11 11:05:52,523 - root - INFO - Fetched weather for Somogyvár: 19.9°C, Clouds, humidity: 50%
2026-06-11 11:05:53,625 - root - INFO - [1025/1205] Fetching weather for Öreglak...
2026-06-11 11:05:53,757 - root - INFO - Fetched weather for Öreglak: 19.9°C, Clouds, humidity: 50%
2026-06-11 11:05:54,859 - root - INFO - [1026/1205] Fetching weather for Tatárvár...
2026-06-11 11:05:55,017 - root - INFO - Fetched weather for Tatárvár: 19.8°C, Clouds, humidity: 50%
2026-06-11 11:05:56,119 - root - INFO - [1027/1205] Fetching weather for Lengyeltóti...
2026-06-11 11:05:56,230 - root - INFO - Fetched weather for Lengyeltóti: 19.9°C, Clouds, humidity: 50%
2026-06-11 11:05:57,332 - root - INFO - [1028/1205] Fetching weather for Pusztaberény...
2026-06-11 11:05:57,458 - root - INFO - Fetched weather for Pusztaberény: 20.1°C, Clouds, humidity: 49%
2026-06-11 11:05:58,559 - root - INFO - [1029/1205] Fetching weather for Örkény...
2026-06-11 11:05:58,716 - root - INFO - Fetched weather for Örkény: 21.2°C, Clouds, humidity: 52%
2026-06-11 11:05:59,818 - root - INFO - [1030/1205] Fetching weather for Táborfalva...
2026-06-11 11:05:59,953 - root - INFO - Fetched weather for Táborfalva: 21.2°C, Clouds, humidity: 51%
2026-06-11 11:06:01,055 - root - INFO - [1031/1205] Fetching weather for Felsőlajos...
2026-06-11 11:06:01,174 - root - INFO - Fetched weather for Felsőlajos: 21.2°C, Clouds, humidity: 51%
2026-06-11 11:06:02,275 - root - INFO - [1032/1205] Fetching weather for Lajosmizse...
2026-06-11 11:06:02,398 - root - INFO - Fetched weather for Lajosmizse: 21.2°C, Clouds, humidity: 50%
2026-06-11 11:06:03,500 - root - INFO - [1033/1205] Fetching weather for Lajosmizse alsó...
2026-06-11 11:06:03,631 - root - INFO - Fetched weather for Lajosmizse alsó: 21.2°C, Clouds, humidity: 50%
2026-06-11 11:06:04,733 - root - INFO - [1034/1205] Fetching weather for Klábertelep...
2026-06-11 11:06:04,893 - root - INFO - Fetched weather for Klábertelep: 21.2°C, Clouds, humidity: 50%
2026-06-11 11:06:05,995 - root - INFO - [1035/1205] Fetching weather for Méntelek...
2026-06-11 11:06:06,131 - root - INFO - Fetched weather for Méntelek: 21.2°C, Clouds, humidity: 50%
2026-06-11 11:06:07,233 - root - INFO - [1036/1205] Fetching weather for Hetényegyháza...
2026-06-11 11:06:07,348 - root - INFO - Fetched weather for Hetényegyháza: 21.2°C, Clouds, humidity: 49%
2026-06-11 11:06:08,450 - root - INFO - [1037/1205] Fetching weather for Kecskemét-Máriaváros...
2026-06-11 11:06:08,563 - root - INFO - Fetched weather for Kecskemét-Máriaváros: 21.5°C, Clouds, humidity: 49%
2026-06-11 11:06:09,665 - root - INFO - [1038/1205] Fetching weather for Nyársapát...
2026-06-11 11:06:09,793 - root - INFO - Fetched weather for Nyársapát: 22.2°C, Clouds, humidity: 50%
2026-06-11 11:06:10,895 - root - INFO - [1039/1205] Fetching weather for Nagykőrös...
2026-06-11 11:06:11,051 - root - INFO - Fetched weather for Nagykőrös: 21.5°C, Clouds, humidity: 50%
2026-06-11 11:06:12,153 - root - INFO - [1040/1205] Fetching weather for Katonatelep...
2026-06-11 11:06:12,288 - root - INFO - Fetched weather for Katonatelep: 21.3°C, Clouds, humidity: 49%
2026-06-11 11:06:13,390 - root - INFO - [1041/1205] Fetching weather for Kecskemét...
2026-06-11 11:06:13,500 - root - INFO - Fetched weather for Kecskemét: 21.5°C, Clouds, humidity: 49%
2026-06-11 11:06:14,601 - root - INFO - [1042/1205] Fetching weather for Városföld...
2026-06-11 11:06:14,715 - root - INFO - Fetched weather for Városföld: 21.6°C, Clouds, humidity: 47%
2026-06-11 11:06:15,816 - root - INFO - [1043/1205] Fetching weather for Kiskunfélegyháza...
2026-06-11 11:06:15,945 - root - INFO - Fetched weather for Kiskunfélegyháza: 21.6°C, Clouds, humidity: 47%
2026-06-11 11:06:17,047 - root - INFO - [1044/1205] Fetching weather for Petőfiszállás...
2026-06-11 11:06:17,203 - root - INFO - Fetched weather for Petőfiszállás: 21.7°C, Clouds, humidity: 47%
2026-06-11 11:06:18,305 - root - INFO - [1045/1205] Fetching weather for Csengele...
2026-06-11 11:06:18,445 - root - INFO - Fetched weather for Csengele: 21.7°C, Clouds, humidity: 47%
2026-06-11 11:06:19,547 - root - INFO - [1046/1205] Fetching weather for Kistelek...
2026-06-11 11:06:19,668 - root - INFO - Fetched weather for Kistelek: 18.9°C, Clouds, humidity: 59%
2026-06-11 11:06:20,770 - root - INFO - [1047/1205] Fetching weather for Balástya...
2026-06-11 11:06:20,889 - root - INFO - Fetched weather for Balástya: 18.9°C, Clouds, humidity: 59%
2026-06-11 11:06:21,990 - root - INFO - [1048/1205] Fetching weather for Szatymaz...
2026-06-11 11:06:22,134 - root - INFO - Fetched weather for Szatymaz: 18.9°C, Clouds, humidity: 59%
2026-06-11 11:06:23,236 - root - INFO - [1049/1205] Fetching weather for Kiskundorozsma...
2026-06-11 11:06:23,407 - root - INFO - Fetched weather for Kiskundorozsma: 19.0°C, Rain, humidity: 59%
2026-06-11 11:06:24,509 - root - INFO - [1050/1205] Fetching weather for Szeged...
2026-06-11 11:06:24,661 - root - INFO - Fetched weather for Szeged: 18.9°C, Clouds, humidity: 59%
2026-06-11 11:06:25,763 - root - INFO - [1051/1205] Fetching weather for Alsóúrrét...
2026-06-11 11:06:25,891 - root - INFO - Fetched weather for Alsóúrrét: 21.6°C, Clouds, humidity: 48%
2026-06-11 11:06:26,993 - root - INFO - [1052/1205] Fetching weather for Nyárlőrinc...
2026-06-11 11:06:27,126 - root - INFO - Fetched weather for Nyárlőrinc: 21.6°C, Clouds, humidity: 47%
2026-06-11 11:06:28,228 - root - INFO - [1053/1205] Fetching weather for Világoshegy...
2026-06-11 11:06:29,363 - root - INFO - Fetched weather for Világoshegy: 21.6°C, Clouds, humidity: 47%
2026-06-11 11:06:30,465 - root - INFO - [1054/1205] Fetching weather for Szikra...
2026-06-11 11:06:31,540 - root - INFO - Fetched weather for Szikra: 21.6°C, Clouds, humidity: 47%
2026-06-11 11:06:32,642 - root - INFO - [1055/1205] Fetching weather for Lakitelek...
2026-06-11 11:06:32,759 - root - INFO - Fetched weather for Lakitelek: 21.7°C, Clouds, humidity: 48%
2026-06-11 11:06:33,861 - root - INFO - [1056/1205] Fetching weather for Tiszaug...
2026-06-11 11:06:33,972 - root - INFO - Fetched weather for Tiszaug: 22.0°C, Clouds, humidity: 47%
2026-06-11 11:06:35,074 - root - INFO - [1057/1205] Fetching weather for Tiszasas...
2026-06-11 11:06:35,231 - root - INFO - Fetched weather for Tiszasas: 22.1°C, Clouds, humidity: 47%
2026-06-11 11:06:36,333 - root - INFO - [1058/1205] Fetching weather for Csépa...
2026-06-11 11:06:36,466 - root - INFO - Fetched weather for Csépa: 23.7°C, Clouds, humidity: 42%
2026-06-11 11:06:37,567 - root - INFO - [1059/1205] Fetching weather for Szelevény...
2026-06-11 11:06:37,701 - root - INFO - Fetched weather for Szelevény: 23.9°C, Clouds, humidity: 41%
2026-06-11 11:06:38,803 - root - INFO - [1060/1205] Fetching weather for Gátér...
2026-06-11 11:06:38,913 - root - INFO - Fetched weather for Gátér: 21.8°C, Clouds, humidity: 47%
2026-06-11 11:06:40,014 - root - INFO - [1061/1205] Fetching weather for Kónyaszék...
2026-06-11 11:06:40,128 - root - INFO - Fetched weather for Kónyaszék: 22.6°C, Clouds, humidity: 44%
2026-06-11 11:06:41,230 - root - INFO - [1062/1205] Fetching weather for Csongrád...
2026-06-11 11:06:41,405 - root - INFO - Fetched weather for Csongrád: 23.6°C, Clouds, humidity: 42%
2026-06-11 11:06:42,507 - root - INFO - [1063/1205] Fetching weather for Hékéd...
2026-06-11 11:06:42,635 - root - INFO - Fetched weather for Hékéd: 23.3°C, Clouds, humidity: 42%
2026-06-11 11:06:43,737 - root - INFO - [1064/1205] Fetching weather for Fábiánsebestyén...
2026-06-11 11:06:43,869 - root - INFO - Fetched weather for Fábiánsebestyén: 24.4°C, Clouds, humidity: 41%
2026-06-11 11:06:44,971 - root - INFO - [1065/1205] Fetching weather for Gádoros...
2026-06-11 11:06:45,084 - root - INFO - Fetched weather for Gádoros: 24.4°C, Clouds, humidity: 41%
2026-06-11 11:06:46,185 - root - INFO - [1066/1205] Fetching weather for Justhmajor...
2026-06-11 11:06:46,302 - root - INFO - Fetched weather for Justhmajor: 24.4°C, Clouds, humidity: 53%
2026-06-11 11:06:47,403 - root - INFO - [1067/1205] Fetching weather for Szentetornya...
2026-06-11 11:06:47,567 - root - INFO - Fetched weather for Szentetornya: 24.4°C, Clouds, humidity: 54%
2026-06-11 11:06:48,669 - root - INFO - [1068/1205] Fetching weather for Gyopárosfürdő...
2026-06-11 11:06:48,795 - root - INFO - Fetched weather for Gyopárosfürdő: 24.4°C, Clouds, humidity: 57%
2026-06-11 11:06:49,897 - root - INFO - [1069/1205] Fetching weather for Szabadságliget...
2026-06-11 11:06:50,032 - root - INFO - Fetched weather for Szabadságliget: 17.1°C, Clouds, humidity: 61%
2026-06-11 11:06:51,134 - root - INFO - [1070/1205] Fetching weather for Röszke...
2026-06-11 11:06:51,245 - root - INFO - Fetched weather for Röszke: 19.0°C, Clouds, humidity: 59%
2026-06-11 11:06:52,346 - root - INFO - [1071/1205] Fetching weather for Tószeg...
2026-06-11 11:06:52,465 - root - INFO - Fetched weather for Tószeg: 21.7°C, Clouds, humidity: 55%
2026-06-11 11:06:53,567 - root - INFO - [1072/1205] Fetching weather for Tiszavárkony...
2026-06-11 11:06:53,696 - root - INFO - Fetched weather for Tiszavárkony: 21.7°C, Clouds, humidity: 55%
2026-06-11 11:06:54,798 - root - INFO - [1073/1205] Fetching weather for Tiszajenő-Vezseny...
2026-06-11 11:06:54,928 - root - INFO - Fetched weather for Tiszajenő-Vezseny: 21.7°C, Clouds, humidity: 55%
2026-06-11 11:06:56,030 - root - INFO - [1074/1205] Fetching weather for Újbög...
2026-06-11 11:06:56,168 - root - INFO - Fetched weather for Újbög: 21.6°C, Clouds, humidity: 55%
2026-06-11 11:06:57,270 - root - INFO - [1075/1205] Fetching weather for Tiszakécske...
2026-06-11 11:06:57,421 - root - INFO - Fetched weather for Tiszakécske: 21.7°C, Clouds, humidity: 55%
2026-06-11 11:06:58,523 - root - INFO - [1076/1205] Fetching weather for Kerekdomb...
2026-06-11 11:06:58,639 - root - INFO - Fetched weather for Kerekdomb: 21.6°C, Clouds, humidity: 48%
2026-06-11 11:06:59,741 - root - INFO - [1077/1205] Fetching weather for Tiszaalpár...
2026-06-11 11:06:59,875 - root - INFO - Fetched weather for Tiszaalpár: 21.7°C, Clouds, humidity: 47%
2026-06-11 11:07:00,977 - root - INFO - [1078/1205] Fetching weather for Tiszaalpár alsó...
2026-06-11 11:07:01,108 - root - INFO - Fetched weather for Tiszaalpár alsó: 21.7°C, Clouds, humidity: 47%
2026-06-11 11:07:02,210 - root - INFO - [1079/1205] Fetching weather for Tiszatenyő...
2026-06-11 11:07:02,351 - root - INFO - Fetched weather for Tiszatenyő: 21.7°C, Clouds, humidity: 55%
2026-06-11 11:07:03,453 - root - INFO - [1080/1205] Fetching weather for Pusztapó...
2026-06-11 11:07:03,600 - root - INFO - Fetched weather for Pusztapó: 21.7°C, Clouds, humidity: 50%
2026-06-11 11:07:04,702 - root - INFO - [1081/1205] Fetching weather for Kétpó...
2026-06-11 11:07:04,818 - root - INFO - Fetched weather for Kétpó: 21.7°C, Clouds, humidity: 50%
2026-06-11 11:07:05,919 - root - INFO - [1082/1205] Fetching weather for Mezőtúr...
2026-06-11 11:07:06,048 - root - INFO - Fetched weather for Mezőtúr: 21.8°C, Clouds, humidity: 50%
2026-06-11 11:07:07,150 - root - INFO - [1083/1205] Fetching weather for Nagylapos...
2026-06-11 11:07:07,282 - root - INFO - Fetched weather for Nagylapos: 21.8°C, Clouds, humidity: 51%
2026-06-11 11:07:08,384 - root - INFO - [1084/1205] Fetching weather for Gyoma...
2026-06-11 11:07:08,520 - root - INFO - Fetched weather for Gyoma: 21.7°C, Clouds, humidity: 52%
2026-06-11 11:07:09,621 - root - INFO - [1085/1205] Fetching weather for Csárdaszállás...
2026-06-11 11:07:09,769 - root - INFO - Fetched weather for Csárdaszállás: 20.6°C, Clouds, humidity: 56%
2026-06-11 11:07:10,871 - root - INFO - [1086/1205] Fetching weather for Mezőberény...
2026-06-11 11:07:10,984 - root - INFO - Fetched weather for Mezőberény: 20.6°C, Clouds, humidity: 60%
2026-06-11 11:07:12,085 - root - INFO - [1087/1205] Fetching weather for Murony...
2026-06-11 11:07:12,215 - root - INFO - Fetched weather for Murony: 20.6°C, Clouds, humidity: 60%
2026-06-11 11:07:13,317 - root - INFO - [1088/1205] Fetching weather for Békéscsaba...
2026-06-11 11:07:13,444 - root - INFO - Fetched weather for Békéscsaba: 20.5°C, Clouds, humidity: 60%
2026-06-11 11:07:14,545 - root - INFO - [1089/1205] Fetching weather for Kétegyháza...
2026-06-11 11:07:14,678 - root - INFO - Fetched weather for Kétegyháza: 20.5°C, Clouds, humidity: 60%
2026-06-11 11:07:15,779 - root - INFO - [1090/1205] Fetching weather for Lőkösháza...
2026-06-11 11:07:15,926 - root - INFO - Fetched weather for Lőkösháza: 19.0°C, Clouds, humidity: 85%
2026-06-11 11:07:17,028 - root - INFO - [1091/1205] Fetching weather for Kengyel...
2026-06-11 11:07:17,139 - root - INFO - Fetched weather for Kengyel: 21.7°C, Clouds, humidity: 55%
2026-06-11 11:07:18,240 - root - INFO - [1092/1205] Fetching weather for Bagimajor...
2026-06-11 11:07:18,369 - root - INFO - Fetched weather for Bagimajor: 21.7°C, Clouds, humidity: 55%
2026-06-11 11:07:19,470 - root - INFO - [1093/1205] Fetching weather for Martfű...
2026-06-11 11:07:19,596 - root - INFO - Fetched weather for Martfű: 21.7°C, Clouds, humidity: 55%
2026-06-11 11:07:20,697 - root - INFO - [1094/1205] Fetching weather for Tiszaföldvár...
2026-06-11 11:07:20,843 - root - INFO - Fetched weather for Tiszaföldvár: 21.7°C, Clouds, humidity: 55%
2026-06-11 11:07:21,945 - root - INFO - [1095/1205] Fetching weather for Homok...
2026-06-11 11:07:22,093 - root - INFO - Fetched weather for Homok: 21.7°C, Clouds, humidity: 55%
2026-06-11 11:07:23,194 - root - INFO - [1096/1205] Fetching weather for Kungyalu...
2026-06-11 11:07:23,322 - root - INFO - Fetched weather for Kungyalu: 22.3°C, Clouds, humidity: 48%
2026-06-11 11:07:24,424 - root - INFO - [1097/1205] Fetching weather for Kunszentmárton...
2026-06-11 11:07:24,570 - root - INFO - Fetched weather for Kunszentmárton: 24.4°C, Clouds, humidity: 41%
2026-06-11 11:07:25,672 - root - INFO - [1098/1205] Fetching weather for Nagytőke...
2026-06-11 11:07:25,823 - root - INFO - Fetched weather for Nagytőke: 24.4°C, Clouds, humidity: 41%
2026-06-11 11:07:26,925 - root - INFO - [1099/1205] Fetching weather for Szentes...
2026-06-11 11:07:27,060 - root - INFO - Fetched weather for Szentes: 23.3°C, Clouds, humidity: 42%
2026-06-11 11:07:28,162 - root - INFO - [1100/1205] Fetching weather for Szegvár...
2026-06-11 11:07:28,307 - root - INFO - Fetched weather for Szegvár: 23.3°C, Clouds, humidity: 42%
2026-06-11 11:07:29,409 - root - INFO - [1101/1205] Fetching weather for Mindszent...
2026-06-11 11:07:29,535 - root - INFO - Fetched weather for Mindszent: 23.4°C, Clouds, humidity: 42%
2026-06-11 11:07:30,637 - root - INFO - [1102/1205] Fetching weather for Mártély...
2026-06-11 11:07:30,752 - root - INFO - Fetched weather for Mártély: 23.4°C, Clouds, humidity: 50%
2026-06-11 11:07:31,853 - root - INFO - [1103/1205] Fetching weather for Pusztabánréve...
2026-06-11 11:07:31,988 - root - INFO - Fetched weather for Pusztabánréve: 21.6°C, Clouds, humidity: 49%
2026-06-11 11:07:33,090 - root - INFO - [1104/1205] Fetching weather for Szarvas...
2026-06-11 11:07:33,224 - root - INFO - Fetched weather for Szarvas: 24.4°C, Clouds, humidity: 49%
2026-06-11 11:07:34,326 - root - INFO - [1105/1205] Fetching weather for Csabacsűd...
2026-06-11 11:07:34,476 - root - INFO - Fetched weather for Csabacsűd: 24.4°C, Clouds, humidity: 50%
2026-06-11 11:07:35,578 - root - INFO - [1106/1205] Fetching weather for Kisszénás...
2026-06-11 11:07:35,690 - root - INFO - Fetched weather for Kisszénás: 24.4°C, Clouds, humidity: 53%
2026-06-11 11:07:36,791 - root - INFO - [1107/1205] Fetching weather for Kiscsákó...
2026-06-11 11:07:36,903 - root - INFO - Fetched weather for Kiscsákó: 24.4°C, Clouds, humidity: 55%
2026-06-11 11:07:38,005 - root - INFO - [1108/1205] Fetching weather for Nagyszénás...
2026-06-11 11:07:38,134 - root - INFO - Fetched weather for Nagyszénás: 24.4°C, Clouds, humidity: 54%
2026-06-11 11:07:39,235 - root - INFO - [1109/1205] Fetching weather for Kardoskút...
2026-06-11 11:07:39,369 - root - INFO - Fetched weather for Kardoskút: 20.9°C, Clouds, humidity: 63%
2026-06-11 11:07:40,470 - root - INFO - [1110/1205] Fetching weather for Tótkomlós...
2026-06-11 11:07:40,612 - root - INFO - Fetched weather for Tótkomlós: 20.7°C, Clouds, humidity: 70%
2026-06-11 11:07:41,713 - root - INFO - [1111/1205] Fetching weather for Nagyér...
2026-06-11 11:07:41,825 - root - INFO - Fetched weather for Nagyér: 20.6°C, Clouds, humidity: 74%
2026-06-11 11:07:42,927 - root - INFO - [1112/1205] Fetching weather for Pitvaros...
2026-06-11 11:07:43,042 - root - INFO - Fetched weather for Pitvaros: 20.5°C, Clouds, humidity: 77%
2026-06-11 11:07:44,143 - root - INFO - [1113/1205] Fetching weather for Dévaványa...
2026-06-11 11:07:44,312 - root - INFO - Fetched weather for Dévaványa: 21.9°C, Clouds, humidity: 53%
2026-06-11 11:07:45,413 - root - INFO - [1114/1205] Fetching weather for Körösladány...
2026-06-11 11:07:45,551 - root - INFO - Fetched weather for Körösladány: 21.9°C, Clouds, humidity: 55%
2026-06-11 11:07:46,652 - root - INFO - [1115/1205] Fetching weather for Szeghalom...
2026-06-11 11:07:46,778 - root - INFO - Fetched weather for Szeghalom: 22.0°C, Clouds, humidity: 55%
2026-06-11 11:07:47,880 - root - INFO - [1116/1205] Fetching weather for Vésztő...
2026-06-11 11:07:48,031 - root - INFO - Fetched weather for Vésztő: 21.9°C, Clouds, humidity: 59%
2026-06-11 11:07:49,133 - root - INFO - [1117/1205] Fetching weather for Szeged-Rókus...
2026-06-11 11:07:49,249 - root - INFO - Fetched weather for Szeged-Rókus: 19.0°C, Rain, humidity: 59%
2026-06-11 11:07:50,351 - root - INFO - [1118/1205] Fetching weather for Algyő...
2026-06-11 11:07:50,513 - root - INFO - Fetched weather for Algyő: 19.0°C, Clouds, humidity: 54%
2026-06-11 11:07:51,615 - root - INFO - [1119/1205] Fetching weather for Hódmezővásárhelyi Népkert...
2026-06-11 11:07:51,749 - root - INFO - Fetched weather for Hódmezővásárhelyi Népkert: 23.4°C, Clouds, humidity: 53%
2026-06-11 11:07:52,851 - root - INFO - [1120/1205] Fetching weather for Hódmezővásárhely...
2026-06-11 11:07:52,978 - root - INFO - Fetched weather for Hódmezővásárhely: 23.3°C, Clouds, humidity: 54%
2026-06-11 11:07:54,079 - root - INFO - [1121/1205] Fetching weather for Körmend...
2026-06-11 11:07:54,224 - root - INFO - Fetched weather for Körmend: 19.7°C, Clouds, humidity: 50%
2026-06-11 11:07:55,325 - root - INFO - [1122/1205] Fetching weather for Szentgotthárd...
2026-06-11 11:07:55,444 - root - INFO - Fetched weather for Szentgotthárd: 19.5°C, Clouds, humidity: 54%
2026-06-11 11:07:56,545 - root - INFO - [1123/1205] Fetching weather for Szombathely...
2026-06-11 11:07:56,713 - root - INFO - Fetched weather for Szombathely: 19.5°C, Clouds, humidity: 52%
2026-06-11 11:07:57,814 - root - INFO - [1124/1205] Fetching weather for Sáferkút...
2026-06-11 11:07:57,952 - root - INFO - Fetched weather for Sáferkút: 20.4°C, Clouds, humidity: 54%
2026-06-11 11:07:59,054 - root - INFO - [1125/1205] Fetching weather for Magdolnavölgy...
2026-06-11 11:07:59,203 - root - INFO - Fetched weather for Magdolnavölgy: 17.0°C, Clouds, humidity: 64%
2026-06-11 11:08:00,305 - root - INFO - [1126/1205] Fetching weather for Haris...
2026-06-11 11:08:00,453 - root - INFO - Fetched weather for Haris: 19.5°C, Clouds, humidity: 53%
2026-06-11 11:08:01,555 - root - INFO - [1127/1205] Fetching weather for Egyházasrádóc...
2026-06-11 11:08:01,701 - root - INFO - Fetched weather for Egyházasrádóc: 19.6°C, Clouds, humidity: 51%
2026-06-11 11:08:02,803 - root - INFO - [1128/1205] Fetching weather for Alsórönök...
2026-06-11 11:08:02,972 - root - INFO - Fetched weather for Alsórönök: 19.6°C, Clouds, humidity: 52%
2026-06-11 11:08:04,074 - root - INFO - [1129/1205] Fetching weather for Szombathely-Szőlős...
2026-06-11 11:08:04,207 - root - INFO - Fetched weather for Szombathely-Szőlős: 19.5°C, Clouds, humidity: 51%
2026-06-11 11:08:05,309 - root - INFO - [1130/1205] Fetching weather for Rátót...
2026-06-11 11:08:05,444 - root - INFO - Fetched weather for Rátót: 19.4°C, Clouds, humidity: 52%
2026-06-11 11:08:06,546 - root - INFO - [1131/1205] Fetching weather for Ják-Balogunyom...
2026-06-11 11:08:06,689 - root - INFO - Fetched weather for Ják-Balogunyom: 19.6°C, Clouds, humidity: 51%
2026-06-11 11:08:07,791 - root - INFO - [1132/1205] Fetching weather for Vasvár...
2026-06-11 11:08:07,938 - root - INFO - Fetched weather for Vasvár: 19.9°C, Clouds, humidity: 48%
2026-06-11 11:08:09,040 - root - INFO - [1133/1205] Fetching weather for Répcelak...
2026-06-11 11:08:09,204 - root - INFO - Fetched weather for Répcelak: 20.1°C, Clouds, humidity: 54%
2026-06-11 11:08:10,306 - root - INFO - [1134/1205] Fetching weather for Rajka...
2026-06-11 11:08:10,463 - root - INFO - Fetched weather for Rajka: 19.4°C, Clouds, humidity: 56%
2026-06-11 11:08:11,564 - root - INFO - [1135/1205] Fetching weather for Püspökmolnári...
2026-06-11 11:08:11,690 - root - INFO - Fetched weather for Püspökmolnári: 19.9°C, Clouds, humidity: 49%
2026-06-11 11:08:12,791 - root - INFO - [1136/1205] Fetching weather for Kőszeg...
2026-06-11 11:08:12,936 - root - INFO - Fetched weather for Kőszeg: 19.1°C, Clouds, humidity: 54%
2026-06-11 11:08:14,038 - root - INFO - [1137/1205] Fetching weather for Kastélypark...
2026-06-11 11:08:14,180 - root - INFO - Fetched weather for Kastélypark: 20.0°C, Clouds, humidity: 55%
2026-06-11 11:08:15,282 - root - INFO - [1138/1205] Fetching weather for Hanságliget...
2026-06-11 11:08:15,442 - root - INFO - Fetched weather for Hanságliget: 18.4°C, Clouds, humidity: 57%
2026-06-11 11:08:16,543 - root - INFO - [1139/1205] Fetching weather for Vica...
2026-06-11 11:08:16,704 - root - INFO - Fetched weather for Vica: 18.3°C, Clouds, humidity: 54%
2026-06-11 11:08:17,805 - root - INFO - [1140/1205] Fetching weather for Vép...
2026-06-11 11:08:17,963 - root - INFO - Fetched weather for Vép: 19.6°C, Clouds, humidity: 51%
2026-06-11 11:08:19,065 - root - INFO - [1141/1205] Fetching weather for Mosonszolnok...
2026-06-11 11:08:19,214 - root - INFO - Fetched weather for Mosonszolnok: 18.4°C, Clouds, humidity: 58%
2026-06-11 11:08:20,316 - root - INFO - [1142/1205] Fetching weather for Jánossomorja...
2026-06-11 11:08:20,459 - root - INFO - Fetched weather for Jánossomorja: 18.3°C, Clouds, humidity: 50%
2026-06-11 11:08:21,561 - root - INFO - [1143/1205] Fetching weather for Bősárkány...
2026-06-11 11:08:21,723 - root - INFO - Fetched weather for Bősárkány: 18.4°C, Clouds, humidity: 57%
2026-06-11 11:08:22,825 - root - INFO - [1144/1205] Fetching weather for Szil-Sopronnémeti...
2026-06-11 11:08:22,997 - root - INFO - Fetched weather for Szil-Sopronnémeti: 18.3°C, Clouds, humidity: 55%
2026-06-11 11:08:24,098 - root - INFO - [1145/1205] Fetching weather for Magyarkeresztúr-Zsebeháza...
2026-06-11 11:08:24,255 - root - INFO - Fetched weather for Magyarkeresztúr-Zsebeháza: 18.3°C, Clouds, humidity: 55%
2026-06-11 11:08:25,357 - root - INFO - [1146/1205] Fetching weather for Páli-Vadosfa...
2026-06-11 11:08:25,513 - root - INFO - Fetched weather for Páli-Vadosfa: 18.3°C, Clouds, humidity: 55%
2026-06-11 11:08:26,615 - root - INFO - [1147/1205] Fetching weather for Beled...
2026-06-11 11:08:26,763 - root - INFO - Fetched weather for Beled: 20.1°C, Clouds, humidity: 54%
2026-06-11 11:08:27,865 - root - INFO - [1148/1205] Fetching weather for Dénesfa...
2026-06-11 11:08:28,025 - root - INFO - Fetched weather for Dénesfa: 20.1°C, Clouds, humidity: 54%
2026-06-11 11:08:29,127 - root - INFO - [1149/1205] Fetching weather for Csánig...
2026-06-11 11:08:29,291 - root - INFO - Fetched weather for Csánig: 20.1°C, Clouds, humidity: 54%
2026-06-11 11:08:30,393 - root - INFO - [1150/1205] Fetching weather for Vámoscsalád...
2026-06-11 11:08:30,529 - root - INFO - Fetched weather for Vámoscsalád: 19.9°C, Clouds, humidity: 53%
2026-06-11 11:08:31,631 - root - INFO - [1151/1205] Fetching weather for Vasegerszeg...
2026-06-11 11:08:31,775 - root - INFO - Fetched weather for Vasegerszeg: 19.9°C, Clouds, humidity: 53%
2026-06-11 11:08:32,876 - root - INFO - [1152/1205] Fetching weather for Hegyfalu...
2026-06-11 11:08:33,025 - root - INFO - Fetched weather for Hegyfalu: 19.9°C, Clouds, humidity: 53%
2026-06-11 11:08:34,126 - root - INFO - [1153/1205] Fetching weather for Pósfa...
2026-06-11 11:08:34,288 - root - INFO - Fetched weather for Pósfa: 19.9°C, Clouds, humidity: 53%
2026-06-11 11:08:35,390 - root - INFO - [1154/1205] Fetching weather for Ölbő-Alsószeleste...
2026-06-11 11:08:35,564 - root - INFO - Fetched weather for Ölbő-Alsószeleste: 19.8°C, Clouds, humidity: 52%
2026-06-11 11:08:36,666 - root - INFO - [1155/1205] Fetching weather for Gencsapáti felső...
2026-06-11 11:08:36,824 - root - INFO - Fetched weather for Gencsapáti felső: 19.3°C, Clouds, humidity: 54%
2026-06-11 11:08:37,926 - root - INFO - [1156/1205] Fetching weather for Lukácsháza alsó...
2026-06-11 11:08:38,072 - root - INFO - Fetched weather for Lukácsháza alsó: 19.3°C, Clouds, humidity: 54%
2026-06-11 11:08:39,174 - root - INFO - [1157/1205] Fetching weather for Kőszegfalva...
2026-06-11 11:08:39,321 - root - INFO - Fetched weather for Kőszegfalva: 19.2°C, Clouds, humidity: 54%
2026-06-11 11:08:40,422 - root - INFO - [1158/1205] Fetching weather for Gyöngyöshermán...
2026-06-11 11:08:40,584 - root - INFO - Fetched weather for Gyöngyöshermán: 19.6°C, Clouds, humidity: 51%
2026-06-11 11:08:41,686 - root - INFO - [1159/1205] Fetching weather for Bezenye...
2026-06-11 11:08:41,849 - root - INFO - Fetched weather for Bezenye: 19.5°C, Clouds, humidity: 56%
2026-06-11 11:08:42,951 - root - INFO - [1160/1205] Fetching weather for Kámon...
2026-06-11 11:08:43,108 - root - INFO - Fetched weather for Kámon: 19.4°C, Clouds, humidity: 54%
2026-06-11 11:08:44,209 - root - INFO - [1161/1205] Fetching weather for Sorkifalud...
2026-06-11 11:08:44,365 - root - INFO - Fetched weather for Sorkifalud: 19.9°C, Clouds, humidity: 50%
2026-06-11 11:08:45,467 - root - INFO - [1162/1205] Fetching weather for Szentléránt...
2026-06-11 11:08:45,615 - root - INFO - Fetched weather for Szentléránt: 19.9°C, Clouds, humidity: 50%
2026-06-11 11:08:46,716 - root - INFO - [1163/1205] Fetching weather for Pácsony...
2026-06-11 11:08:46,883 - root - INFO - Fetched weather for Pácsony: 19.8°C, Clouds, humidity: 47%
2026-06-11 11:08:47,985 - root - INFO - [1164/1205] Fetching weather for Győrvár...
2026-06-11 11:08:48,144 - root - INFO - Fetched weather for Győrvár: 19.8°C, Clouds, humidity: 47%
2026-06-11 11:08:49,246 - root - INFO - [1165/1205] Fetching weather for Egervár-Vasboldogasszony...
2026-06-11 11:08:49,404 - root - INFO - Fetched weather for Egervár-Vasboldogasszony: 20.1°C, Clouds, humidity: 46%
2026-06-11 11:08:50,506 - root - INFO - [1166/1205] Fetching weather for Zalaszentlőrinc...
2026-06-11 11:08:50,653 - root - INFO - Fetched weather for Zalaszentlőrinc: 20.0°C, Clouds, humidity: 45%
2026-06-11 11:08:51,755 - root - INFO - [1167/1205] Fetching weather for Gencsapáti alsó...
2026-06-11 11:08:51,897 - root - INFO - Fetched weather for Gencsapáti alsó: 19.4°C, Clouds, humidity: 54%
2026-06-11 11:08:52,999 - root - INFO - [1168/1205] Fetching weather for Gyöngyösfalu...
2026-06-11 11:08:53,172 - root - INFO - Fetched weather for Gyöngyösfalu: 19.3°C, Clouds, humidity: 54%
2026-06-11 11:08:54,273 - root - INFO - [1169/1205] Fetching weather for Lukácsháza...
2026-06-11 11:08:54,441 - root - INFO - Fetched weather for Lukácsháza: 19.2°C, Clouds, humidity: 54%
2026-06-11 11:08:55,543 - root - INFO - [1170/1205] Fetching weather for Horvátnádalja...
2026-06-11 11:08:55,707 - root - INFO - Fetched weather for Horvátnádalja: 19.7°C, Clouds, humidity: 50%
2026-06-11 11:08:56,809 - root - INFO - [1171/1205] Fetching weather for Csákánydoroszló...
2026-06-11 11:08:56,957 - root - INFO - Fetched weather for Csákánydoroszló: 19.6°C, Clouds, humidity: 51%
2026-06-11 11:08:58,059 - root - INFO - [1172/1205] Fetching weather for Váckisújfalu...
2026-06-11 11:08:58,201 - root - INFO - Fetched weather for Váckisújfalu: 19.6°C, Clouds, humidity: 55%
2026-06-11 11:08:59,303 - root - INFO - [1173/1205] Fetching weather for Csisztafürdő...
2026-06-11 11:08:59,463 - root - INFO - Fetched weather for Csisztafürdő: 20.1°C, Clouds, humidity: 49%
2026-06-11 11:09:00,565 - root - INFO - [1174/1205] Fetching weather for Mórágy...
2026-06-11 11:09:00,728 - root - INFO - Fetched weather for Mórágy: 20.5°C, Clouds, humidity: 54%
2026-06-11 11:09:01,830 - root - INFO - [1175/1205] Fetching weather for Kismacs...
2026-06-11 11:09:01,987 - root - INFO - Fetched weather for Kismacs: 22.2°C, Clouds, humidity: 52%
2026-06-11 11:09:03,089 - root - INFO - [1176/1205] Fetching weather for Pusztaszentistván...
2026-06-11 11:09:03,237 - root - INFO - Fetched weather for Pusztaszentistván: 23.6°C, Clouds, humidity: 41%
2026-06-11 11:09:04,339 - root - INFO - [1177/1205] Fetching weather for Aranyvölgy...
2026-06-11 11:09:04,498 - root - INFO - Fetched weather for Aranyvölgy: 18.9°C, Clouds, humidity: 58%
2026-06-11 11:09:05,600 - root - INFO - [1178/1205] Fetching weather for Szélhegy...
2026-06-11 11:09:05,760 - root - INFO - Fetched weather for Szélhegy: 17.4°C, Clouds, humidity: 61%
2026-06-11 11:09:06,862 - root - INFO - [1179/1205] Fetching weather for Vörösvárbánya...
2026-06-11 11:09:07,021 - root - INFO - Fetched weather for Vörösvárbánya: 17.4°C, Clouds, humidity: 61%
2026-06-11 11:09:08,123 - root - INFO - [1180/1205] Fetching weather for Máriaszőlőtelep...
2026-06-11 11:09:08,280 - root - INFO - Fetched weather for Máriaszőlőtelep: 20.1°C, Clouds, humidity: 47%
2026-06-11 11:09:09,382 - root - INFO - [1181/1205] Fetching weather for Akadémiaújtelep...
2026-06-11 11:09:09,532 - root - INFO - Fetched weather for Akadémiaújtelep: 19.3°C, Clouds, humidity: 55%
2026-06-11 11:09:10,634 - root - INFO - [1182/1205] Fetching weather for Újpalota...
2026-06-11 11:09:10,801 - root - INFO - Fetched weather for Újpalota: 19.3°C, Clouds, humidity: 55%
2026-06-11 11:09:11,903 - root - INFO - [1183/1205] Fetching weather for Szeged, Somogyi utca...
2026-06-11 11:09:12,060 - root - INFO - Fetched weather for Szeged, Somogyi utca: 18.9°C, Clouds, humidity: 59%
2026-06-11 11:09:13,162 - root - INFO - [1184/1205] Fetching weather for Hódmezővásárhely, Hősök tere...
2026-06-11 11:09:13,323 - root - INFO - Fetched weather for Hódmezővásárhely, Hősök tere: 23.3°C, Clouds, humidity: 53%
2026-06-11 11:09:14,425 - root - INFO - [1185/1205] Fetching weather for Hódmezővásárhely, Kossuth tér...
2026-06-11 11:09:14,577 - root - INFO - Fetched weather for Hódmezővásárhely, Kossuth tér: 23.3°C, Clouds, humidity: 53%
2026-06-11 11:09:15,679 - root - INFO - [1186/1205] Fetching weather for Hódmezővásárhely, Strandfürdő...
2026-06-11 11:09:15,815 - root - INFO - Fetched weather for Hódmezővásárhely, Strandfürdő: 23.3°C, Clouds, humidity: 53%
2026-06-11 11:09:16,917 - root - INFO - [1187/1205] Fetching weather for Szeged, Széchenyi tér...
2026-06-11 11:09:17,071 - root - INFO - Fetched weather for Szeged, Széchenyi tér: 18.9°C, Clouds, humidity: 59%
2026-06-11 11:09:18,173 - root - INFO - [1188/1205] Fetching weather for Szeged, Anna-kút...
2026-06-11 11:09:18,331 - root - INFO - Fetched weather for Szeged, Anna-kút: 18.9°C, Clouds, humidity: 59%
2026-06-11 11:09:19,433 - root - INFO - [1189/1205] Fetching weather for Szeged, Rókusi templom...
2026-06-11 11:09:19,595 - root - INFO - Fetched weather for Szeged, Rókusi templom: 18.9°C, Clouds, humidity: 59%
2026-06-11 11:09:20,697 - root - INFO - [1190/1205] Fetching weather for Hódmezővásárhely, Kálvin János tér...
2026-06-11 11:09:20,859 - root - INFO - Fetched weather for Hódmezővásárhely, Kálvin János tér: 23.3°C, Clouds, humidity: 54%
2026-06-11 11:09:21,961 - root - INFO - [1191/1205] Fetching weather for Hódmezővásárhely vasútállomás...
2026-06-11 11:09:22,097 - root - INFO - Fetched weather for Hódmezővásárhely vasútállomás: 23.3°C, Clouds, humidity: 54%
2026-06-11 11:09:23,199 - root - INFO - [1192/1205] Fetching weather for Szeged, Tavasz utca...
2026-06-11 11:09:23,349 - root - INFO - Fetched weather for Szeged, Tavasz utca: 18.9°C, Clouds, humidity: 59%
2026-06-11 11:09:24,451 - root - INFO - [1193/1205] Fetching weather for Szeged, Damjanich utca...
2026-06-11 11:09:24,602 - root - INFO - Fetched weather for Szeged, Damjanich utca: 18.9°C, Clouds, humidity: 59%
2026-06-11 11:09:25,704 - root - INFO - [1194/1205] Fetching weather for Szeged, Vásárhelyi Pál utca...
2026-06-11 11:09:25,862 - root - INFO - Fetched weather for Szeged, Vásárhelyi Pál utca: 19.0°C, Rain, humidity: 59%
2026-06-11 11:09:26,963 - root - INFO - [1195/1205] Fetching weather for Szeged, Bécsi körút ...
2026-06-11 11:09:27,116 - root - INFO - Fetched weather for Szeged, Bécsi körút : 18.9°C, Clouds, humidity: 59%
2026-06-11 11:09:28,218 - root - INFO - [1196/1205] Fetching weather for Hódmezővásárhelyi Népkert vasútállomás...
2026-06-11 11:09:28,354 - root - INFO - Fetched weather for Hódmezővásárhelyi Népkert vasútállomás: 23.4°C, Clouds, humidity: 53%
2026-06-11 11:09:29,455 - root - INFO - [1197/1205] Fetching weather for Szeged vasútállomás...
2026-06-11 11:09:29,608 - root - INFO - Fetched weather for Szeged vasútállomás: 18.9°C, Clouds, humidity: 59%
2026-06-11 11:09:30,710 - root - INFO - [1198/1205] Fetching weather for Szeged, Bem utca...
2026-06-11 11:09:30,862 - root - INFO - Fetched weather for Szeged, Bem utca: 18.9°C, Clouds, humidity: 59%
2026-06-11 11:09:31,964 - root - INFO - [1199/1205] Fetching weather for Szeged, Galamb utca...
2026-06-11 11:09:32,116 - root - INFO - Fetched weather for Szeged, Galamb utca: 18.9°C, Clouds, humidity: 59%
2026-06-11 11:09:33,218 - root - INFO - [1200/1205] Fetching weather for Szeged, Aradi vértanúk tere...
2026-06-11 11:09:33,371 - root - INFO - Fetched weather for Szeged, Aradi vértanúk tere: 18.9°C, Clouds, humidity: 59%
2026-06-11 11:09:34,473 - root - INFO - [1201/1205] Fetching weather for Szeged, Pulz utca...
2026-06-11 11:09:34,608 - root - INFO - Fetched weather for Szeged, Pulz utca: 19.0°C, Rain, humidity: 59%
2026-06-11 11:09:35,710 - root - INFO - [1202/1205] Fetching weather for Szeged, Rókus vasútállomás...
2026-06-11 11:09:35,863 - root - INFO - Fetched weather for Szeged, Rókus vasútállomás: 19.0°C, Rain, humidity: 59%
2026-06-11 11:09:36,964 - root - INFO - [1203/1205] Fetching weather for Látókép...
2026-06-11 11:09:37,130 - root - INFO - Fetched weather for Látókép: 22.2°C, Clouds, humidity: 52%
2026-06-11 11:09:38,232 - root - INFO - [1204/1205] Fetching weather for Szentmihálytelek...
2026-06-11 11:09:38,392 - root - INFO - Fetched weather for Szentmihálytelek: 19.0°C, Clouds, humidity: 59%
2026-06-11 11:09:39,494 - root - INFO - [1205/1205] Fetching weather for Kisvarsány...
2026-06-11 11:09:39,664 - root - INFO - Fetched weather for Kisvarsány: 18.9°C, Clouds, humidity: 74%
2026-06-11 11:09:40,770 - root - INFO - Successfully collected weather for 1205 stations
2026-06-11 11:09:40,781 - root - INFO - Saved weather data to data/weather/current_20260611_1100.csv
2026-06-11 11:09:40,781 - root - INFO - File size: 155.3 KB
2026-06-11 11:09:40,781 - root - INFO - 
============================================================
2026-06-11 11:09:40,781 - root - INFO - WEATHER COLLECTION SUMMARY
2026-06-11 11:09:40,781 - root - INFO - ============================================================
2026-06-11 11:09:40,781 - root - INFO - 
Data Coverage:
2026-06-11 11:09:40,781 - root - INFO -   - Total stations: 1205
2026-06-11 11:09:40,782 - root - INFO -   - Collection time: 2026-06-11 10:44:32.050768
2026-06-11 11:09:40,782 - root - INFO -   - Collection hour: 10:00
2026-06-11 11:09:40,782 - root - INFO - 
Weather Statistics:
2026-06-11 11:09:40,782 - root - INFO -   - Temperature range: 12.7°C to 25.6°C
2026-06-11 11:09:40,782 - root - INFO -   - Average temperature: 20.2°C
2026-06-11 11:09:40,783 - root - INFO -   - Average humidity: 55%
2026-06-11 11:09:40,783 - root - INFO -   - Average wind speed: 5.8 m/s
2026-06-11 11:09:40,783 - root - INFO -   - Stations with precipitation: 23 (1.9%)
2026-06-11 11:09:40,783 - root - INFO - 
Weather Conditions Distribution:
2026-06-11 11:09:40,784 - root - INFO -   - Clouds: 1183 (98.2%)
2026-06-11 11:09:40,784 - root - INFO -   - Rain: 22 (1.8%)
2026-06-11 11:09:40,784 - root - INFO - ============================================================

2026-06-11 11:09:40,784 - __main__ - INFO - Current weather collection completed successfully!
