2026-07-10 16:00:26,791 - __main__ - INFO - ============================================================
2026-07-10 16:00:26,791 - __main__ - INFO - CURRENT WEATHER COLLECTION STARTED
2026-07-10 16:00:26,791 - __main__ - INFO - ============================================================
2026-07-10 16:00:26,791 - __main__ - INFO - Collection time: 2026-07-10 16:00:26
2026-07-10 16:00:26,791 - __main__ - INFO - ============================================================

2026-07-10 16:00:26,791 - root - INFO - Starting current weather collection...
2026-07-10 16:00:26,799 - root - INFO - Loaded 1205 unique station coordinates from GTFS
2026-07-10 16:00:26,799 - root - INFO - Collecting weather for 1205 unique stations...
2026-07-10 16:00:26,800 - root - INFO - [1/1205] Fetching weather for Búcsúszentlászló...
2026-07-10 16:00:26,964 - root - INFO - Fetched weather for Búcsúszentlászló: 26.0°C, Clouds, humidity: 32%
2026-07-10 16:00:28,066 - root - INFO - [2/1205] Fetching weather for Angyalföld...
2026-07-10 16:00:28,207 - root - INFO - Fetched weather for Angyalföld: 27.8°C, Clouds, humidity: 29%
2026-07-10 16:00:29,309 - root - INFO - [3/1205] Fetching weather for Felsőjánosfa...
2026-07-10 16:00:29,481 - root - INFO - Fetched weather for Felsőjánosfa: 25.6°C, Clouds, humidity: 39%
2026-07-10 16:00:30,582 - root - INFO - [4/1205] Fetching weather for Pankasz...
2026-07-10 16:00:30,709 - root - INFO - Fetched weather for Pankasz: 30.1°C, Clouds, humidity: 38%
2026-07-10 16:00:31,811 - root - INFO - [5/1205] Fetching weather for Nagyrákos...
2026-07-10 16:00:31,986 - root - INFO - Fetched weather for Nagyrákos: 30.1°C, Clouds, humidity: 38%
2026-07-10 16:00:33,088 - root - INFO - [6/1205] Fetching weather for Őriszentpéter...
2026-07-10 16:00:33,248 - root - INFO - Fetched weather for Őriszentpéter: 30.3°C, Clouds, humidity: 37%
2026-07-10 16:00:34,349 - root - INFO - [7/1205] Fetching weather for Törökbálint...
2026-07-10 16:00:34,485 - root - INFO - Fetched weather for Törökbálint: 28.6°C, Clouds, humidity: 27%
2026-07-10 16:00:35,587 - root - INFO - [8/1205] Fetching weather for Bicske alsó...
2026-07-10 16:00:35,751 - root - INFO - Fetched weather for Bicske alsó: 25.6°C, Clouds, humidity: 27%
2026-07-10 16:00:36,853 - root - INFO - [9/1205] Fetching weather for Bajánsenye...
2026-07-10 16:00:36,986 - root - INFO - Fetched weather for Bajánsenye: 30.5°C, Clouds, humidity: 37%
2026-07-10 16:00:38,087 - root - INFO - [10/1205] Fetching weather for Aquincum...
2026-07-10 16:00:38,247 - root - INFO - Fetched weather for Aquincum: 27.8°C, Clouds, humidity: 29%
2026-07-10 16:00:39,349 - root - INFO - [11/1205] Fetching weather for Piliscsév...
2026-07-10 16:00:39,508 - root - INFO - Fetched weather for Piliscsév: 25.7°C, Clouds, humidity: 33%
2026-07-10 16:00:40,610 - root - INFO - [12/1205] Fetching weather for Tát...
2026-07-10 16:00:40,778 - root - INFO - Fetched weather for Tát: 25.9°C, Clouds, humidity: 29%
2026-07-10 16:00:41,880 - root - INFO - [13/1205] Fetching weather for Süttő felső...
2026-07-10 16:00:42,042 - root - INFO - Fetched weather for Süttő felső: 26.8°C, Clouds, humidity: 27%
2026-07-10 16:00:43,143 - root - INFO - [14/1205] Fetching weather for Budatétény...
2026-07-10 16:00:43,277 - root - INFO - Fetched weather for Budatétény: 29.0°C, Clouds, humidity: 27%
2026-07-10 16:00:44,379 - root - INFO - [15/1205] Fetching weather for Seregélyes-Szőlőhegy...
2026-07-10 16:00:44,549 - root - INFO - Fetched weather for Seregélyes-Szőlőhegy: 27.6°C, Clouds, humidity: 24%
2026-07-10 16:00:45,651 - root - INFO - [16/1205] Fetching weather for Gödöllő-Állami telepek...
2026-07-10 16:00:45,824 - root - INFO - Fetched weather for Gödöllő-Állami telepek: 27.3°C, Clouds, humidity: 27%
2026-07-10 16:00:46,926 - root - INFO - [17/1205] Fetching weather for Dunakeszi alsó...
2026-07-10 16:00:47,094 - root - INFO - Fetched weather for Dunakeszi alsó: 27.8°C, Clouds, humidity: 29%
2026-07-10 16:00:48,196 - root - INFO - [18/1205] Fetching weather for Vác-Alsóváros...
2026-07-10 16:00:48,361 - root - INFO - Fetched weather for Vác-Alsóváros: 27.7°C, Clouds, humidity: 29%
2026-07-10 16:00:49,463 - root - INFO - [19/1205] Fetching weather for Szob alsó...
2026-07-10 16:00:49,601 - root - INFO - Fetched weather for Szob alsó: 25.9°C, Clouds, humidity: 30%
2026-07-10 16:00:50,702 - root - INFO - [20/1205] Fetching weather for Zalaszentmihály-Pacsa...
2026-07-10 16:00:50,862 - root - INFO - Fetched weather for Zalaszentmihály-Pacsa: 25.9°C, Clouds, humidity: 32%
2026-07-10 16:00:51,963 - root - INFO - [21/1205] Fetching weather for Pötréte...
2026-07-10 16:00:52,116 - root - INFO - Fetched weather for Pötréte: 25.9°C, Clouds, humidity: 32%
2026-07-10 16:00:53,217 - root - INFO - [22/1205] Fetching weather for Felsőrajk...
2026-07-10 16:00:53,379 - root - INFO - Fetched weather for Felsőrajk: 25.9°C, Clouds, humidity: 36%
2026-07-10 16:00:54,480 - root - INFO - [23/1205] Fetching weather for Gelse...
2026-07-10 16:00:54,638 - root - INFO - Fetched weather for Gelse: 25.9°C, Clouds, humidity: 36%
2026-07-10 16:00:55,740 - root - INFO - [24/1205] Fetching weather for Őrtilos...
2026-07-10 16:00:55,897 - root - INFO - Fetched weather for Őrtilos: 31.2°C, Clouds, humidity: 34%
2026-07-10 16:00:56,999 - root - INFO - [25/1205] Fetching weather for Zákány...
2026-07-10 16:00:57,157 - root - INFO - Fetched weather for Zákány: 30.9°C, Clouds, humidity: 32%
2026-07-10 16:00:58,259 - root - INFO - [26/1205] Fetching weather for Berzence...
2026-07-10 16:00:58,402 - root - INFO - Fetched weather for Berzence: 30.7°C, Clouds, humidity: 31%
2026-07-10 16:00:59,503 - root - INFO - [27/1205] Fetching weather for Somogyudvarhely...
2026-07-10 16:00:59,665 - root - INFO - Fetched weather for Somogyudvarhely: 30.5°C, Clouds, humidity: 31%
2026-07-10 16:01:00,766 - root - INFO - [28/1205] Fetching weather for Bélavár...
2026-07-10 16:01:00,940 - root - INFO - Fetched weather for Bélavár: 30.6°C, Clouds, humidity: 31%
2026-07-10 16:01:02,041 - root - INFO - [29/1205] Fetching weather for Vízvár...
2026-07-10 16:01:02,160 - root - INFO - Fetched weather for Vízvár: 30.4°C, Clouds, humidity: 32%
2026-07-10 16:01:03,262 - root - INFO - [30/1205] Fetching weather for Babócsa...
2026-07-10 16:01:03,407 - root - INFO - Fetched weather for Babócsa: 30.1°C, Clouds, humidity: 35%
2026-07-10 16:01:04,508 - root - INFO - [31/1205] Fetching weather for Péterhida-Komlósd...
2026-07-10 16:01:04,660 - root - INFO - Fetched weather for Péterhida-Komlósd: 30.1°C, Clouds, humidity: 36%
2026-07-10 16:01:05,762 - root - INFO - [32/1205] Fetching weather for Barcs...
2026-07-10 16:01:05,875 - root - INFO - Fetched weather for Barcs: 30.0°C, Clouds, humidity: 35%
2026-07-10 16:01:06,977 - root - INFO - [33/1205] Fetching weather for Barcs felső...
2026-07-10 16:01:07,132 - root - INFO - Fetched weather for Barcs felső: 29.8°C, Clouds, humidity: 35%
2026-07-10 16:01:08,233 - root - INFO - [34/1205] Fetching weather for Középrigóc...
2026-07-10 16:01:08,400 - root - INFO - Fetched weather for Középrigóc: 29.6°C, Clouds, humidity: 35%
2026-07-10 16:01:09,502 - root - INFO - [35/1205] Fetching weather for Darány...
2026-07-10 16:01:09,620 - root - INFO - Fetched weather for Darány: 29.0°C, Clouds, humidity: 34%
2026-07-10 16:01:10,722 - root - INFO - [36/1205] Fetching weather for Kisdobsza...
2026-07-10 16:01:10,867 - root - INFO - Fetched weather for Kisdobsza: 28.6°C, Clouds, humidity: 34%
2026-07-10 16:01:11,969 - root - INFO - [37/1205] Fetching weather for Nemeske...
2026-07-10 16:01:12,081 - root - INFO - Fetched weather for Nemeske: 28.5°C, Clouds, humidity: 33%
2026-07-10 16:01:13,183 - root - INFO - [38/1205] Fetching weather for Molvány...
2026-07-10 16:01:13,348 - root - INFO - Fetched weather for Molvány: 28.2°C, Clouds, humidity: 33%
2026-07-10 16:01:14,450 - root - INFO - [39/1205] Fetching weather for Szigetvár...
2026-07-10 16:01:14,561 - root - INFO - Fetched weather for Szigetvár: 28.1°C, Clouds, humidity: 32%
2026-07-10 16:01:15,663 - root - INFO - [40/1205] Fetching weather for Nagypeterd...
2026-07-10 16:01:15,782 - root - INFO - Fetched weather for Nagypeterd: 27.9°C, Clouds, humidity: 32%
2026-07-10 16:01:16,884 - root - INFO - [41/1205] Fetching weather for Szentdénes...
2026-07-10 16:01:17,030 - root - INFO - Fetched weather for Szentdénes: 27.8°C, Clouds, humidity: 32%
2026-07-10 16:01:18,131 - root - INFO - [42/1205] Fetching weather for Háros...
2026-07-10 16:01:18,253 - root - INFO - Fetched weather for Háros: 28.9°C, Clouds, humidity: 27%
2026-07-10 16:01:19,354 - root - INFO - [43/1205] Fetching weather for Nagytétény-Diósd...
2026-07-10 16:01:19,512 - root - INFO - Fetched weather for Nagytétény-Diósd: 29.0°C, Clouds, humidity: 27%
2026-07-10 16:01:20,614 - root - INFO - [44/1205] Fetching weather for Érdliget...
2026-07-10 16:01:20,771 - root - INFO - Fetched weather for Érdliget: 28.9°C, Clouds, humidity: 27%
2026-07-10 16:01:21,873 - root - INFO - [45/1205] Fetching weather for Érd felső...
2026-07-10 16:01:21,982 - root - INFO - Fetched weather for Érd felső: 28.9°C, Clouds, humidity: 27%
2026-07-10 16:01:23,084 - root - INFO - [46/1205] Fetching weather for Érd...
2026-07-10 16:01:23,229 - root - INFO - Fetched weather for Érd: 28.8°C, Clouds, humidity: 27%
2026-07-10 16:01:24,330 - root - INFO - [47/1205] Fetching weather for Százhalombatta...
2026-07-10 16:01:24,441 - root - INFO - Fetched weather for Százhalombatta: 28.8°C, Clouds, humidity: 27%
2026-07-10 16:01:25,542 - root - INFO - [48/1205] Fetching weather for Dunai Finomító...
2026-07-10 16:01:25,697 - root - INFO - Fetched weather for Dunai Finomító: 29.0°C, Clouds, humidity: 27%
2026-07-10 16:01:26,798 - root - INFO - [49/1205] Fetching weather for Ercsi...
2026-07-10 16:01:26,989 - root - INFO - Fetched weather for Ercsi: 29.2°C, Clouds, humidity: 25%
2026-07-10 16:01:28,090 - root - INFO - [50/1205] Fetching weather for Iváncsa...
2026-07-10 16:01:28,471 - root - INFO - Fetched weather for Iváncsa: 26.9°C, Clouds, humidity: 25%
2026-07-10 16:01:29,573 - root - INFO - [51/1205] Fetching weather for Pusztaszabolcs...
2026-07-10 16:01:30,172 - root - INFO - Fetched weather for Pusztaszabolcs: 27.2°C, Clouds, humidity: 25%
2026-07-10 16:01:31,274 - root - INFO - [52/1205] Fetching weather for Szabadegyháza...
2026-07-10 16:01:31,934 - root - INFO - Fetched weather for Szabadegyháza: 27.4°C, Clouds, humidity: 24%
2026-07-10 16:01:33,035 - root - INFO - [53/1205] Fetching weather for Sárosd...
2026-07-10 16:01:33,439 - root - INFO - Fetched weather for Sárosd: 27.7°C, Clouds, humidity: 24%
2026-07-10 16:01:34,540 - root - INFO - [54/1205] Fetching weather for Nagylók...
2026-07-10 16:01:34,691 - root - INFO - Fetched weather for Nagylók: 27.8°C, Clouds, humidity: 24%
2026-07-10 16:01:35,792 - root - INFO - [55/1205] Fetching weather for Sárbogárd...
2026-07-10 16:01:36,262 - root - INFO - Fetched weather for Sárbogárd: 28.2°C, Clouds, humidity: 24%
2026-07-10 16:01:37,364 - root - INFO - [56/1205] Fetching weather for Rétszilas...
2026-07-10 16:01:38,125 - root - INFO - Fetched weather for Rétszilas: 28.3°C, Clouds, humidity: 25%
2026-07-10 16:01:39,226 - root - INFO - [57/1205] Fetching weather for Nagyatád...
2026-07-10 16:01:39,464 - root - INFO - Fetched weather for Nagyatád: 29.1°C, Clouds, humidity: 35%
2026-07-10 16:01:40,566 - root - INFO - [58/1205] Fetching weather for Budapest-Keleti...
2026-07-10 16:01:40,940 - root - INFO - Fetched weather for Budapest-Keleti: 27.7°C, Clouds, humidity: 29%
2026-07-10 16:01:42,042 - root - INFO - [59/1205] Fetching weather for Ferencváros...
2026-07-10 16:01:42,466 - root - INFO - Fetched weather for Ferencváros: 28.1°C, Clouds, humidity: 28%
2026-07-10 16:01:43,568 - root - INFO - [60/1205] Fetching weather for Budapest-Nyugati...
2026-07-10 16:01:43,710 - root - INFO - Fetched weather for Budapest-Nyugati: 27.7°C, Clouds, humidity: 29%
2026-07-10 16:01:44,812 - root - INFO - [61/1205] Fetching weather for Kőbánya felső...
2026-07-10 16:01:44,980 - root - INFO - Fetched weather for Kőbánya felső: 27.6°C, Clouds, humidity: 29%
2026-07-10 16:01:46,082 - root - INFO - [62/1205] Fetching weather for Rákos...
2026-07-10 16:01:46,194 - root - INFO - Fetched weather for Rákos: 27.6°C, Clouds, humidity: 29%
2026-07-10 16:01:47,295 - root - INFO - [63/1205] Fetching weather for Rákosrendező...
2026-07-10 16:01:47,439 - root - INFO - Fetched weather for Rákosrendező: 27.8°C, Clouds, humidity: 29%
2026-07-10 16:01:48,540 - root - INFO - [64/1205] Fetching weather for Zugló...
2026-07-10 16:01:48,694 - root - INFO - Fetched weather for Zugló: 27.7°C, Clouds, humidity: 29%
2026-07-10 16:01:49,795 - root - INFO - [65/1205] Fetching weather for Mezőtárkány...
2026-07-10 16:01:49,940 - root - INFO - Fetched weather for Mezőtárkány: 26.0°C, Clouds, humidity: 33%
2026-07-10 16:01:51,041 - root - INFO - [66/1205] Fetching weather for Istvántelek...
2026-07-10 16:01:51,208 - root - INFO - Fetched weather for Istvántelek: 27.8°C, Clouds, humidity: 29%
2026-07-10 16:01:52,309 - root - INFO - [67/1205] Fetching weather for Rákospalota-Újpest...
2026-07-10 16:01:52,417 - root - INFO - Fetched weather for Rákospalota-Újpest: 27.8°C, Clouds, humidity: 29%
2026-07-10 16:01:53,519 - root - INFO - [68/1205] Fetching weather for Kőbánya alsó...
2026-07-10 16:01:53,667 - root - INFO - Fetched weather for Kőbánya alsó: 27.7°C, Clouds, humidity: 28%
2026-07-10 16:01:54,769 - root - INFO - [69/1205] Fetching weather for Kőbánya-Kispest...
2026-07-10 16:01:54,926 - root - INFO - Fetched weather for Kőbánya-Kispest: 27.9°C, Clouds, humidity: 28%
2026-07-10 16:01:56,028 - root - INFO - [70/1205] Fetching weather for Pestszentlőrinc...
2026-07-10 16:01:56,185 - root - INFO - Fetched weather for Pestszentlőrinc: 27.9°C, Clouds, humidity: 28%
2026-07-10 16:01:57,287 - root - INFO - [71/1205] Fetching weather for Kispest...
2026-07-10 16:01:57,401 - root - INFO - Fetched weather for Kispest: 28.2°C, Clouds, humidity: 28%
2026-07-10 16:01:58,503 - root - INFO - [72/1205] Fetching weather for Újpest...
2026-07-10 16:01:58,672 - root - INFO - Fetched weather for Újpest: 27.8°C, Clouds, humidity: 29%
2026-07-10 16:01:59,773 - root - INFO - [73/1205] Fetching weather for Pestszentimre felső...
2026-07-10 16:01:59,914 - root - INFO - Fetched weather for Pestszentimre felső: 28.5°C, Clouds, humidity: 27%
2026-07-10 16:02:01,015 - root - INFO - [74/1205] Fetching weather for Dunakeszi...
2026-07-10 16:02:01,164 - root - INFO - Fetched weather for Dunakeszi: 27.7°C, Clouds, humidity: 29%
2026-07-10 16:02:02,266 - root - INFO - [75/1205] Fetching weather for Dunakeszi-Gyártelep...
2026-07-10 16:02:02,417 - root - INFO - Fetched weather for Dunakeszi-Gyártelep: 27.7°C, Clouds, humidity: 29%
2026-07-10 16:02:03,519 - root - INFO - [76/1205] Fetching weather for Alsógöd...
2026-07-10 16:02:03,673 - root - INFO - Fetched weather for Alsógöd: 27.7°C, Clouds, humidity: 30%
2026-07-10 16:02:04,775 - root - INFO - [77/1205] Fetching weather for Göd...
2026-07-10 16:02:04,891 - root - INFO - Fetched weather for Göd: 27.7°C, Clouds, humidity: 30%
2026-07-10 16:02:05,993 - root - INFO - [78/1205] Fetching weather for Felsőgöd...
2026-07-10 16:02:06,147 - root - INFO - Fetched weather for Felsőgöd: 27.7°C, Clouds, humidity: 30%
2026-07-10 16:02:07,249 - root - INFO - [79/1205] Fetching weather for Sződ-Sződliget...
2026-07-10 16:02:07,381 - root - INFO - Fetched weather for Sződ-Sződliget: 27.7°C, Clouds, humidity: 30%
2026-07-10 16:02:08,483 - root - INFO - [80/1205] Fetching weather for Vác...
2026-07-10 16:02:08,623 - root - INFO - Fetched weather for Vác: 27.7°C, Clouds, humidity: 29%
2026-07-10 16:02:09,725 - root - INFO - [81/1205] Fetching weather for Verőce...
2026-07-10 16:02:09,867 - root - INFO - Fetched weather for Verőce: 27.6°C, Clouds, humidity: 30%
2026-07-10 16:02:10,969 - root - INFO - [82/1205] Fetching weather for Kismaros...
2026-07-10 16:02:11,149 - root - INFO - Fetched weather for Kismaros: 25.9°C, Clouds, humidity: 30%
2026-07-10 16:02:12,250 - root - INFO - [83/1205] Fetching weather for Nagymaros-Visegrád...
2026-07-10 16:02:12,370 - root - INFO - Fetched weather for Nagymaros-Visegrád: 25.9°C, Clouds, humidity: 30%
2026-07-10 16:02:13,471 - root - INFO - [84/1205] Fetching weather for Nagymaros...
2026-07-10 16:02:13,662 - root - INFO - Fetched weather for Nagymaros: 26.0°C, Clouds, humidity: 30%
2026-07-10 16:02:14,764 - root - INFO - [85/1205] Fetching weather for Zebegény...
2026-07-10 16:02:14,917 - root - INFO - Fetched weather for Zebegény: 25.9°C, Clouds, humidity: 30%
2026-07-10 16:02:16,018 - root - INFO - [86/1205] Fetching weather for Szob...
2026-07-10 16:02:16,170 - root - INFO - Fetched weather for Szob: 25.9°C, Clouds, humidity: 30%
2026-07-10 16:02:17,271 - root - INFO - [87/1205] Fetching weather for Alagimajor...
2026-07-10 16:02:17,410 - root - INFO - Fetched weather for Alagimajor: 27.7°C, Clouds, humidity: 29%
2026-07-10 16:02:18,511 - root - INFO - [88/1205] Fetching weather for Fót...
2026-07-10 16:02:18,629 - root - INFO - Fetched weather for Fót: 27.6°C, Clouds, humidity: 29%
2026-07-10 16:02:19,731 - root - INFO - [89/1205] Fetching weather for Fótújfalu...
2026-07-10 16:02:19,887 - root - INFO - Fetched weather for Fótújfalu: 27.5°C, Clouds, humidity: 29%
2026-07-10 16:02:20,988 - root - INFO - [90/1205] Fetching weather for Csomád...
2026-07-10 16:02:21,130 - root - INFO - Fetched weather for Csomád: 27.2°C, Clouds, humidity: 30%
2026-07-10 16:02:22,231 - root - INFO - [91/1205] Fetching weather for Veresegyház...
2026-07-10 16:02:22,381 - root - INFO - Fetched weather for Veresegyház: 27.4°C, Clouds, humidity: 30%
2026-07-10 16:02:23,482 - root - INFO - [92/1205] Fetching weather for Erdőkertes...
2026-07-10 16:02:23,664 - root - INFO - Fetched weather for Erdőkertes: 27.3°C, Clouds, humidity: 28%
2026-07-10 16:02:24,766 - root - INFO - [93/1205] Fetching weather for Őrbottyán...
2026-07-10 16:02:24,886 - root - INFO - Fetched weather for Őrbottyán: 27.2°C, Clouds, humidity: 28%
2026-07-10 16:02:25,987 - root - INFO - [94/1205] Fetching weather for Váchartyán...
2026-07-10 16:02:26,141 - root - INFO - Fetched weather for Váchartyán: 27.6°C, Clouds, humidity: 29%
2026-07-10 16:02:27,242 - root - INFO - [95/1205] Fetching weather for Magyarkút-Verőce...
2026-07-10 16:02:27,403 - root - INFO - Fetched weather for Magyarkút-Verőce: 27.7°C, Clouds, humidity: 30%
2026-07-10 16:02:28,504 - root - INFO - [96/1205] Fetching weather for Szokolya...
2026-07-10 16:02:28,675 - root - INFO - Fetched weather for Szokolya: 23.9°C, Clouds, humidity: 30%
2026-07-10 16:02:29,777 - root - INFO - [97/1205] Fetching weather for Berkenye...
2026-07-10 16:02:29,933 - root - INFO - Fetched weather for Berkenye: 24.5°C, Clouds, humidity: 30%
2026-07-10 16:02:31,035 - root - INFO - [98/1205] Fetching weather for Nógrád...
2026-07-10 16:02:31,156 - root - INFO - Fetched weather for Nógrád: 24.1°C, Clouds, humidity: 30%
2026-07-10 16:02:32,257 - root - INFO - [99/1205] Fetching weather for Diósjenő...
2026-07-10 16:02:32,429 - root - INFO - Fetched weather for Diósjenő: 23.7°C, Clouds, humidity: 30%
2026-07-10 16:02:33,530 - root - INFO - [100/1205] Fetching weather for Borsosberény...
2026-07-10 16:02:33,688 - root - INFO - Fetched weather for Borsosberény: 24.2°C, Clouds, humidity: 30%
2026-07-10 16:02:34,790 - root - INFO - [101/1205] Fetching weather for Nagyoroszi...
2026-07-10 16:02:34,929 - root - INFO - Fetched weather for Nagyoroszi: 24.0°C, Clouds, humidity: 30%
2026-07-10 16:02:36,031 - root - INFO - [102/1205] Fetching weather for Drégelyvár...
2026-07-10 16:02:36,185 - root - INFO - Fetched weather for Drégelyvár: 24.2°C, Clouds, humidity: 30%
2026-07-10 16:02:37,287 - root - INFO - [103/1205] Fetching weather for Drégely...
2026-07-10 16:02:37,409 - root - INFO - Fetched weather for Drégely: 24.6°C, Clouds, humidity: 30%
2026-07-10 16:02:38,510 - root - INFO - [104/1205] Fetching weather for Drégelypalánk...
2026-07-10 16:02:38,664 - root - INFO - Fetched weather for Drégelypalánk: 24.7°C, Clouds, humidity: 31%
2026-07-10 16:02:39,766 - root - INFO - [105/1205] Fetching weather for Ipolyvece...
2026-07-10 16:02:39,933 - root - INFO - Fetched weather for Ipolyvece: 24.5°C, Clouds, humidity: 31%
2026-07-10 16:02:41,035 - root - INFO - [106/1205] Fetching weather for Dejtár...
2026-07-10 16:02:41,177 - root - INFO - Fetched weather for Dejtár: 24.3°C, Clouds, humidity: 31%
2026-07-10 16:02:42,278 - root - INFO - [107/1205] Fetching weather for Ipolyszög...
2026-07-10 16:02:42,432 - root - INFO - Fetched weather for Ipolyszög: 24.2°C, Clouds, humidity: 31%
2026-07-10 16:02:43,534 - root - INFO - [108/1205] Fetching weather for Iklad-Domony...
2026-07-10 16:02:43,654 - root - INFO - Fetched weather for Iklad-Domony: 24.8°C, Clouds, humidity: 28%
2026-07-10 16:02:44,755 - root - INFO - [109/1205] Fetching weather for Iklad-Domony felső...
2026-07-10 16:02:44,917 - root - INFO - Fetched weather for Iklad-Domony felső: 27.6°C, Clouds, humidity: 28%
2026-07-10 16:02:46,019 - root - INFO - [110/1205] Fetching weather for Galgamácsa...
2026-07-10 16:02:46,188 - root - INFO - Fetched weather for Galgamácsa: 27.6°C, Clouds, humidity: 28%
2026-07-10 16:02:47,289 - root - INFO - [111/1205] Fetching weather for Vácrátót...
2026-07-10 16:02:47,428 - root - INFO - Fetched weather for Vácrátót: 27.5°C, Clouds, humidity: 29%
2026-07-10 16:02:48,529 - root - INFO - [112/1205] Fetching weather for Csörög...
2026-07-10 16:02:48,647 - root - INFO - Fetched weather for Csörög: 27.5°C, Clouds, humidity: 29%
2026-07-10 16:02:49,749 - root - INFO - [113/1205] Fetching weather for Galgagyörk...
2026-07-10 16:02:49,906 - root - INFO - Fetched weather for Galgagyörk: 27.5°C, Clouds, humidity: 29%
2026-07-10 16:02:51,008 - root - INFO - [114/1205] Fetching weather for Püspökhatvan...
2026-07-10 16:02:51,172 - root - INFO - Fetched weather for Püspökhatvan: 24.5°C, Clouds, humidity: 29%
2026-07-10 16:02:52,274 - root - INFO - [115/1205] Fetching weather for Acsa-Erdőkürt...
2026-07-10 16:02:52,431 - root - INFO - Fetched weather for Acsa-Erdőkürt: 24.2°C, Clouds, humidity: 29%
2026-07-10 16:02:53,532 - root - INFO - [116/1205] Fetching weather for Galgaguta...
2026-07-10 16:02:53,677 - root - INFO - Fetched weather for Galgaguta: 23.8°C, Clouds, humidity: 30%
2026-07-10 16:02:54,779 - root - INFO - [117/1205] Fetching weather for Nógrádkövesd...
2026-07-10 16:02:54,900 - root - INFO - Fetched weather for Nógrádkövesd: 23.8°C, Clouds, humidity: 30%
2026-07-10 16:02:56,002 - root - INFO - [118/1205] Fetching weather for Magyarnándor...
2026-07-10 16:02:56,148 - root - INFO - Fetched weather for Magyarnándor: 23.6°C, Clouds, humidity: 31%
2026-07-10 16:02:57,250 - root - INFO - [119/1205] Fetching weather for Mohora...
2026-07-10 16:02:57,407 - root - INFO - Fetched weather for Mohora: 23.6°C, Clouds, humidity: 31%
2026-07-10 16:02:58,509 - root - INFO - [120/1205] Fetching weather for Szügy...
2026-07-10 16:02:58,655 - root - INFO - Fetched weather for Szügy: 23.8°C, Clouds, humidity: 31%
2026-07-10 16:02:59,757 - root - INFO - [121/1205] Fetching weather for Balassagyarmat...
2026-07-10 16:02:59,891 - root - INFO - Fetched weather for Balassagyarmat: 23.9°C, Clouds, humidity: 31%
2026-07-10 16:03:00,992 - root - INFO - [122/1205] Fetching weather for Őrhalom...
2026-07-10 16:03:01,124 - root - INFO - Fetched weather for Őrhalom: 23.3°C, Clouds, humidity: 33%
2026-07-10 16:03:02,226 - root - INFO - [123/1205] Fetching weather for Hugyag...
2026-07-10 16:03:02,391 - root - INFO - Fetched weather for Hugyag: 23.3°C, Clouds, humidity: 33%
2026-07-10 16:03:03,492 - root - INFO - [124/1205] Fetching weather for Szécsény...
2026-07-10 16:03:03,664 - root - INFO - Fetched weather for Szécsény: 23.2°C, Clouds, humidity: 34%
2026-07-10 16:03:04,765 - root - INFO - [125/1205] Fetching weather for Ludányhalászi...
2026-07-10 16:03:04,909 - root - INFO - Fetched weather for Ludányhalászi: 23.1°C, Clouds, humidity: 34%
2026-07-10 16:03:06,010 - root - INFO - [126/1205] Fetching weather for Nógrádszakál...
2026-07-10 16:03:06,151 - root - INFO - Fetched weather for Nógrádszakál: 23.0°C, Clouds, humidity: 35%
2026-07-10 16:03:07,252 - root - INFO - [127/1205] Fetching weather for Ráróspuszta...
2026-07-10 16:03:07,377 - root - INFO - Fetched weather for Ráróspuszta: 22.4°C, Clouds, humidity: 35%
2026-07-10 16:03:08,479 - root - INFO - [128/1205] Fetching weather for Litke...
2026-07-10 16:03:08,628 - root - INFO - Fetched weather for Litke: 22.7°C, Clouds, humidity: 36%
2026-07-10 16:03:09,730 - root - INFO - [129/1205] Fetching weather for Nyíregyháza külső...
2026-07-10 16:03:09,891 - root - INFO - Fetched weather for Nyíregyháza külső: 20.5°C, Clouds, humidity: 41%
2026-07-10 16:03:10,992 - root - INFO - [130/1205] Fetching weather for Oros...
2026-07-10 16:03:11,112 - root - INFO - Fetched weather for Oros: 20.5°C, Clouds, humidity: 41%
2026-07-10 16:03:12,214 - root - INFO - [131/1205] Fetching weather for Napkor...
2026-07-10 16:03:12,357 - root - INFO - Fetched weather for Napkor: 20.5°C, Clouds, humidity: 42%
2026-07-10 16:03:13,459 - root - INFO - [132/1205] Fetching weather for Apagy...
2026-07-10 16:03:13,579 - root - INFO - Fetched weather for Apagy: 20.5°C, Clouds, humidity: 42%
2026-07-10 16:03:14,680 - root - INFO - [133/1205] Fetching weather for Levelek-Magy...
2026-07-10 16:03:14,835 - root - INFO - Fetched weather for Levelek-Magy: 20.5°C, Clouds, humidity: 42%
2026-07-10 16:03:15,936 - root - INFO - [134/1205] Fetching weather for Ófehértó...
2026-07-10 16:03:16,094 - root - INFO - Fetched weather for Ófehértó: 20.6°C, Clouds, humidity: 45%
2026-07-10 16:03:17,195 - root - INFO - [135/1205] Fetching weather for Ligettanya...
2026-07-10 16:03:17,355 - root - INFO - Fetched weather for Ligettanya: 20.5°C, Clouds, humidity: 45%
2026-07-10 16:03:18,457 - root - INFO - [136/1205] Fetching weather for Baktalórántháza...
2026-07-10 16:03:18,592 - root - INFO - Fetched weather for Baktalórántháza: 20.4°C, Clouds, humidity: 46%
2026-07-10 16:03:19,694 - root - INFO - [137/1205] Fetching weather for Vaja-Rohod...
2026-07-10 16:03:19,814 - root - INFO - Fetched weather for Vaja-Rohod: 20.4°C, Clouds, humidity: 46%
2026-07-10 16:03:20,915 - root - INFO - [138/1205] Fetching weather for Rákóczitanya...
2026-07-10 16:03:21,029 - root - INFO - Fetched weather for Rákóczitanya: 20.4°C, Clouds, humidity: 46%
2026-07-10 16:03:22,130 - root - INFO - [139/1205] Fetching weather for Nyírmada...
2026-07-10 16:03:22,288 - root - INFO - Fetched weather for Nyírmada: 20.4°C, Clouds, humidity: 47%
2026-07-10 16:03:23,389 - root - INFO - [140/1205] Fetching weather for Tunyogmatolcs...
2026-07-10 16:03:23,513 - root - INFO - Fetched weather for Tunyogmatolcs: 20.4°C, Clouds, humidity: 49%
2026-07-10 16:03:24,615 - root - INFO - [141/1205] Fetching weather for Tunyogmatolcs alsó...
2026-07-10 16:03:24,771 - root - INFO - Fetched weather for Tunyogmatolcs alsó: 20.4°C, Clouds, humidity: 49%
2026-07-10 16:03:25,873 - root - INFO - [142/1205] Fetching weather for Fehérgyarmat...
2026-07-10 16:03:26,037 - root - INFO - Fetched weather for Fehérgyarmat: 20.2°C, Clouds, humidity: 50%
2026-07-10 16:03:27,139 - root - INFO - [143/1205] Fetching weather for Penyige...
2026-07-10 16:03:27,268 - root - INFO - Fetched weather for Penyige: 20.1°C, Clouds, humidity: 51%
2026-07-10 16:03:28,369 - root - INFO - [144/1205] Fetching weather for Nagyszekeres...
2026-07-10 16:03:28,479 - root - INFO - Fetched weather for Nagyszekeres: 20.1°C, Clouds, humidity: 51%
2026-07-10 16:03:29,581 - root - INFO - [145/1205] Fetching weather for Kisszekeres...
2026-07-10 16:03:29,742 - root - INFO - Fetched weather for Kisszekeres: 20.1°C, Clouds, humidity: 51%
2026-07-10 16:03:30,843 - root - INFO - [146/1205] Fetching weather for Jánkmajtis...
2026-07-10 16:03:30,981 - root - INFO - Fetched weather for Jánkmajtis: 20.1°C, Clouds, humidity: 51%
2026-07-10 16:03:32,082 - root - INFO - [147/1205] Fetching weather for Gacsály...
2026-07-10 16:03:32,243 - root - INFO - Fetched weather for Gacsály: 21.1°C, Clouds, humidity: 51%
2026-07-10 16:03:33,345 - root - INFO - [148/1205] Fetching weather for Zajta...
2026-07-10 16:03:33,485 - root - INFO - Fetched weather for Zajta: 21.1°C, Clouds, humidity: 51%
2026-07-10 16:03:34,587 - root - INFO - [149/1205] Fetching weather for Eperjeske alsó...
2026-07-10 16:03:34,714 - root - INFO - Fetched weather for Eperjeske alsó: 20.1°C, Clouds, humidity: 53%
2026-07-10 16:03:35,816 - root - INFO - [150/1205] Fetching weather for Mándok...
2026-07-10 16:03:35,943 - root - INFO - Fetched weather for Mándok: 20.1°C, Clouds, humidity: 52%
2026-07-10 16:03:37,045 - root - INFO - [151/1205] Fetching weather for Tornyospálca...
2026-07-10 16:03:37,165 - root - INFO - Fetched weather for Tornyospálca: 20.1°C, Clouds, humidity: 51%
2026-07-10 16:03:38,267 - root - INFO - [152/1205] Fetching weather for Aranyosapáti...
2026-07-10 16:03:38,422 - root - INFO - Fetched weather for Aranyosapáti: 20.2°C, Clouds, humidity: 50%
2026-07-10 16:03:39,523 - root - INFO - [153/1205] Fetching weather for Gyüre...
2026-07-10 16:03:39,686 - root - INFO - Fetched weather for Gyüre: 20.3°C, Clouds, humidity: 49%
2026-07-10 16:03:40,787 - root - INFO - [154/1205] Fetching weather for Varsány...
2026-07-10 16:03:40,921 - root - INFO - Fetched weather for Varsány: 20.3°C, Clouds, humidity: 49%
2026-07-10 16:03:42,023 - root - INFO - [155/1205] Fetching weather for Vásárosnamény...
2026-07-10 16:03:42,142 - root - INFO - Fetched weather for Vásárosnamény: 20.4°C, Clouds, humidity: 48%
2026-07-10 16:03:43,244 - root - INFO - [156/1205] Fetching weather for Vitka...
2026-07-10 16:03:43,377 - root - INFO - Fetched weather for Vitka: 20.4°C, Clouds, humidity: 48%
2026-07-10 16:03:44,478 - root - INFO - [157/1205] Fetching weather for Nagydobos...
2026-07-10 16:03:44,619 - root - INFO - Fetched weather for Nagydobos: 20.4°C, Clouds, humidity: 48%
2026-07-10 16:03:45,721 - root - INFO - [158/1205] Fetching weather for Ópályi...
2026-07-10 16:03:45,862 - root - INFO - Fetched weather for Ópályi: 20.5°C, Clouds, humidity: 47%
2026-07-10 16:03:46,963 - root - INFO - [159/1205] Fetching weather for Nyírcsaholy...
2026-07-10 16:03:47,126 - root - INFO - Fetched weather for Nyírcsaholy: 20.6°C, Clouds, humidity: 47%
2026-07-10 16:03:48,228 - root - INFO - [160/1205] Fetching weather for Nagyecsed...
2026-07-10 16:03:48,346 - root - INFO - Fetched weather for Nagyecsed: 20.7°C, Clouds, humidity: 48%
2026-07-10 16:03:49,447 - root - INFO - [161/1205] Fetching weather for Tiborszállás...
2026-07-10 16:03:49,599 - root - INFO - Fetched weather for Tiborszállás: 20.8°C, Clouds, humidity: 48%
2026-07-10 16:03:50,700 - root - INFO - [162/1205] Fetching weather for Kiskunhalas...
2026-07-10 16:03:50,829 - root - INFO - Fetched weather for Kiskunhalas: 28.3°C, Clouds, humidity: 21%
2026-07-10 16:03:51,931 - root - INFO - [163/1205] Fetching weather for Kecskemét alsó...
2026-07-10 16:03:52,079 - root - INFO - Fetched weather for Kecskemét alsó: 31.0°C, Clouds, humidity: 24%
2026-07-10 16:03:53,181 - root - INFO - [164/1205] Fetching weather for Putnok...
2026-07-10 16:03:53,323 - root - INFO - Fetched weather for Putnok: 28.0°C, Clouds, humidity: 25%
2026-07-10 16:03:54,425 - root - INFO - [165/1205] Fetching weather for Bánréve...
2026-07-10 16:03:54,541 - root - INFO - Fetched weather for Bánréve: 28.0°C, Clouds, humidity: 25%
2026-07-10 16:03:55,642 - root - INFO - [166/1205] Fetching weather for Ipolytarnóc...
2026-07-10 16:03:55,806 - root - INFO - Fetched weather for Ipolytarnóc: 22.8°C, Clouds, humidity: 41%
2026-07-10 16:03:56,907 - root - INFO - [167/1205] Fetching weather for Rákosliget...
2026-07-10 16:03:57,048 - root - INFO - Fetched weather for Rákosliget: 27.5°C, Clouds, humidity: 29%
2026-07-10 16:03:58,150 - root - INFO - [168/1205] Fetching weather for Ikrény...
2026-07-10 16:03:58,304 - root - INFO - Fetched weather for Ikrény: 28.9°C, Clouds, humidity: 28%
2026-07-10 16:03:59,406 - root - INFO - [169/1205] Fetching weather for Rábapatona...
2026-07-10 16:03:59,534 - root - INFO - Fetched weather for Rábapatona: 29.0°C, Clouds, humidity: 29%
2026-07-10 16:04:00,636 - root - INFO - [170/1205] Fetching weather for Enese...
2026-07-10 16:04:00,770 - root - INFO - Fetched weather for Enese: 29.0°C, Clouds, humidity: 29%
2026-07-10 16:04:01,871 - root - INFO - [171/1205] Fetching weather for Kóny...
2026-07-10 16:04:01,987 - root - INFO - Fetched weather for Kóny: 29.1°C, Clouds, humidity: 29%
2026-07-10 16:04:03,088 - root - INFO - [172/1205] Fetching weather for Farád...
2026-07-10 16:04:03,243 - root - INFO - Fetched weather for Farád: 28.3°C, Clouds, humidity: 30%
2026-07-10 16:04:04,345 - root - INFO - [173/1205] Fetching weather for Rábatamási...
2026-07-10 16:04:04,492 - root - INFO - Fetched weather for Rábatamási: 28.3°C, Clouds, humidity: 30%
2026-07-10 16:04:05,594 - root - INFO - [174/1205] Fetching weather for Szárföld...
2026-07-10 16:04:05,729 - root - INFO - Fetched weather for Szárföld: 28.3°C, Clouds, humidity: 30%
2026-07-10 16:04:06,831 - root - INFO - [175/1205] Fetching weather for Veszkény...
2026-07-10 16:04:06,980 - root - INFO - Fetched weather for Veszkény: 28.3°C, Clouds, humidity: 27%
2026-07-10 16:04:08,082 - root - INFO - [176/1205] Fetching weather for Kapuvár...
2026-07-10 16:04:08,214 - root - INFO - Fetched weather for Kapuvár: 28.3°C, Clouds, humidity: 27%
2026-07-10 16:04:09,316 - root - INFO - [177/1205] Fetching weather for Vitnyéd-Csermajor...
2026-07-10 16:04:09,430 - root - INFO - Fetched weather for Vitnyéd-Csermajor: 28.3°C, Clouds, humidity: 27%
2026-07-10 16:04:10,531 - root - INFO - [178/1205] Fetching weather for Petőháza...
2026-07-10 16:04:10,694 - root - INFO - Fetched weather for Petőháza: 28.3°C, Clouds, humidity: 27%
2026-07-10 16:04:11,795 - root - INFO - [179/1205] Fetching weather for Fertőszentmiklós...
2026-07-10 16:04:11,945 - root - INFO - Fetched weather for Fertőszentmiklós: 28.3°C, Clouds, humidity: 27%
2026-07-10 16:04:13,047 - root - INFO - [180/1205] Fetching weather for Pinnye...
2026-07-10 16:04:13,187 - root - INFO - Fetched weather for Pinnye: 28.1°C, Clouds, humidity: 27%
2026-07-10 16:04:14,289 - root - INFO - [181/1205] Fetching weather for Fertőboz...
2026-07-10 16:04:14,420 - root - INFO - Fetched weather for Fertőboz: 28.0°C, Clouds, humidity: 27%
2026-07-10 16:04:15,521 - root - INFO - [182/1205] Fetching weather for Sopron...
2026-07-10 16:04:15,644 - root - INFO - Fetched weather for Sopron: 27.7°C, Clouds, humidity: 31%
2026-07-10 16:04:16,745 - root - INFO - [183/1205] Fetching weather for Fertőszéplak-Fertőd...
2026-07-10 16:04:16,866 - root - INFO - Fetched weather for Fertőszéplak-Fertőd: 28.3°C, Clouds, humidity: 27%
2026-07-10 16:04:17,968 - root - INFO - [184/1205] Fetching weather for Nyúl...
2026-07-10 16:04:18,155 - root - INFO - Fetched weather for Nyúl: 28.7°C, Clouds, humidity: 28%
2026-07-10 16:04:19,256 - root - INFO - [185/1205] Fetching weather for Pannonhalma...
2026-07-10 16:04:19,400 - root - INFO - Fetched weather for Pannonhalma: 28.5°C, Clouds, humidity: 28%
2026-07-10 16:04:20,502 - root - INFO - [186/1205] Fetching weather for Tarjánpuszta...
2026-07-10 16:04:20,634 - root - INFO - Fetched weather for Tarjánpuszta: 28.4°C, Clouds, humidity: 28%
2026-07-10 16:04:21,736 - root - INFO - [187/1205] Fetching weather for Győrasszonyfa...
2026-07-10 16:04:21,867 - root - INFO - Fetched weather for Győrasszonyfa: 28.4°C, Clouds, humidity: 28%
2026-07-10 16:04:22,969 - root - INFO - [188/1205] Fetching weather for Veszprémvarsány...
2026-07-10 16:04:23,094 - root - INFO - Fetched weather for Veszprémvarsány: 28.3°C, Clouds, humidity: 28%
2026-07-10 16:04:24,195 - root - INFO - [189/1205] Fetching weather for Bakonyszentlászló...
2026-07-10 16:04:24,338 - root - INFO - Fetched weather for Bakonyszentlászló: 27.9°C, Clouds, humidity: 29%
2026-07-10 16:04:25,440 - root - INFO - [190/1205] Fetching weather for Porva-Csesznek...
2026-07-10 16:04:25,587 - root - INFO - Fetched weather for Porva-Csesznek: 26.6°C, Clouds, humidity: 29%
2026-07-10 16:04:26,688 - root - INFO - [191/1205] Fetching weather for Zirc...
2026-07-10 16:04:26,825 - root - INFO - Fetched weather for Zirc: 27.0°C, Clouds, humidity: 29%
2026-07-10 16:04:27,926 - root - INFO - [192/1205] Fetching weather for Eplény...
2026-07-10 16:04:28,041 - root - INFO - Fetched weather for Eplény: 27.1°C, Clouds, humidity: 29%
2026-07-10 16:04:29,143 - root - INFO - [193/1205] Fetching weather for Marcaltő...
2026-07-10 16:04:29,278 - root - INFO - Fetched weather for Marcaltő: 29.3°C, Clouds, humidity: 29%
2026-07-10 16:04:30,379 - root - INFO - [194/1205] Fetching weather for Szany-Rábaszentandrás...
2026-07-10 16:04:30,530 - root - INFO - Fetched weather for Szany-Rábaszentandrás: 29.2°C, Clouds, humidity: 29%
2026-07-10 16:04:31,632 - root - INFO - [195/1205] Fetching weather for Egyed-Rábacsanak...
2026-07-10 16:04:31,779 - root - INFO - Fetched weather for Egyed-Rábacsanak: 29.2°C, Clouds, humidity: 29%
2026-07-10 16:04:32,880 - root - INFO - [196/1205] Fetching weather for Rábapordány...
2026-07-10 16:04:33,023 - root - INFO - Fetched weather for Rábapordány: 29.2°C, Clouds, humidity: 29%
2026-07-10 16:04:34,124 - root - INFO - [197/1205] Fetching weather for Albertfalva...
2026-07-10 16:04:34,257 - root - INFO - Fetched weather for Albertfalva: 28.9°C, Clouds, humidity: 27%
2026-07-10 16:04:35,358 - root - INFO - [198/1205] Fetching weather for Budafok...
2026-07-10 16:04:35,475 - root - INFO - Fetched weather for Budafok: 28.9°C, Clouds, humidity: 27%
2026-07-10 16:04:36,576 - root - INFO - [199/1205] Fetching weather for Tétényliget...
2026-07-10 16:04:36,706 - root - INFO - Fetched weather for Tétényliget: 29.0°C, Clouds, humidity: 27%
2026-07-10 16:04:37,808 - root - INFO - [200/1205] Fetching weather for Érd alsó...
2026-07-10 16:04:37,925 - root - INFO - Fetched weather for Érd alsó: 28.9°C, Clouds, humidity: 27%
2026-07-10 16:04:39,027 - root - INFO - [201/1205] Fetching weather for Tárnok...
2026-07-10 16:04:39,177 - root - INFO - Fetched weather for Tárnok: 28.9°C, Clouds, humidity: 27%
2026-07-10 16:04:40,278 - root - INFO - [202/1205] Fetching weather for Martonvásár...
2026-07-10 16:04:40,427 - root - INFO - Fetched weather for Martonvásár: 29.2°C, Clear, humidity: 31%
2026-07-10 16:04:41,528 - root - INFO - [203/1205] Fetching weather for Baracska...
2026-07-10 16:04:41,654 - root - INFO - Fetched weather for Baracska: 29.3°C, Clear, humidity: 30%
2026-07-10 16:04:42,756 - root - INFO - [204/1205] Fetching weather for Pettend...
2026-07-10 16:04:42,897 - root - INFO - Fetched weather for Pettend: 26.9°C, Clear, humidity: 30%
2026-07-10 16:04:43,999 - root - INFO - [205/1205] Fetching weather for Kápolnásnyék...
2026-07-10 16:04:44,158 - root - INFO - Fetched weather for Kápolnásnyék: 27.1°C, Clouds, humidity: 30%
2026-07-10 16:04:45,260 - root - INFO - [206/1205] Fetching weather for Velence...
2026-07-10 16:04:45,402 - root - INFO - Fetched weather for Velence: 27.2°C, Clouds, humidity: 29%
2026-07-10 16:04:46,504 - root - INFO - [207/1205] Fetching weather for Velencefürdő...
2026-07-10 16:04:46,645 - root - INFO - Fetched weather for Velencefürdő: 27.3°C, Clouds, humidity: 29%
2026-07-10 16:04:47,747 - root - INFO - [208/1205] Fetching weather for Gárdony...
2026-07-10 16:04:47,866 - root - INFO - Fetched weather for Gárdony: 27.4°C, Clouds, humidity: 29%
2026-07-10 16:04:48,967 - root - INFO - [209/1205] Fetching weather for Agárd...
2026-07-10 16:04:49,099 - root - INFO - Fetched weather for Agárd: 27.4°C, Clouds, humidity: 29%
2026-07-10 16:04:50,201 - root - INFO - [210/1205] Fetching weather for Dinnyés...
2026-07-10 16:04:50,340 - root - INFO - Fetched weather for Dinnyés: 27.6°C, Clouds, humidity: 29%
2026-07-10 16:04:51,442 - root - INFO - [211/1205] Fetching weather for Székesfehérvár...
2026-07-10 16:04:51,596 - root - INFO - Fetched weather for Székesfehérvár: 27.9°C, Clouds, humidity: 28%
2026-07-10 16:04:52,698 - root - INFO - [212/1205] Fetching weather for Szabadbattyán...
2026-07-10 16:04:52,820 - root - INFO - Fetched weather for Szabadbattyán: 28.1°C, Clouds, humidity: 27%
2026-07-10 16:04:53,921 - root - INFO - [213/1205] Fetching weather for Kiscséripuszta...
2026-07-10 16:04:54,070 - root - INFO - Fetched weather for Kiscséripuszta: 29.7°C, Clouds, humidity: 27%
2026-07-10 16:04:55,172 - root - INFO - [214/1205] Fetching weather for Lepsény...
2026-07-10 16:04:55,308 - root - INFO - Fetched weather for Lepsény: 29.9°C, Clouds, humidity: 46%
2026-07-10 16:04:56,409 - root - INFO - [215/1205] Fetching weather for Balatonaliga...
2026-07-10 16:04:56,561 - root - INFO - Fetched weather for Balatonaliga: 29.7°C, Clouds, humidity: 46%
2026-07-10 16:04:57,663 - root - INFO - [216/1205] Fetching weather for Balatonvilágos...
2026-07-10 16:04:57,827 - root - INFO - Fetched weather for Balatonvilágos: 29.8°C, Clouds, humidity: 46%
2026-07-10 16:04:58,928 - root - INFO - [217/1205] Fetching weather for Szabadifürdő...
2026-07-10 16:04:59,085 - root - INFO - Fetched weather for Szabadifürdő: 29.9°C, Clouds, humidity: 46%
2026-07-10 16:05:00,187 - root - INFO - [218/1205] Fetching weather for Ózd alsó...
2026-07-10 16:05:00,352 - root - INFO - Fetched weather for Ózd alsó: 27.8°C, Clouds, humidity: 25%
2026-07-10 16:05:01,453 - root - INFO - [219/1205] Fetching weather for Ózd...
2026-07-10 16:05:01,590 - root - INFO - Fetched weather for Ózd: 27.9°C, Clouds, humidity: 25%
2026-07-10 16:05:02,692 - root - INFO - [220/1205] Fetching weather for Alsóboldva...
2026-07-10 16:05:02,858 - root - INFO - Fetched weather for Alsóboldva: 23.7°C, Clouds, humidity: 46%
2026-07-10 16:05:03,959 - root - INFO - [221/1205] Fetching weather for Boldva...
2026-07-10 16:05:04,087 - root - INFO - Fetched weather for Boldva: 23.7°C, Clouds, humidity: 40%
2026-07-10 16:05:05,189 - root - INFO - [222/1205] Fetching weather for Borsodszirák...
2026-07-10 16:05:05,334 - root - INFO - Fetched weather for Borsodszirák: 23.9°C, Clouds, humidity: 40%
2026-07-10 16:05:06,436 - root - INFO - [223/1205] Fetching weather for Edelény alsó...
2026-07-10 16:05:06,582 - root - INFO - Fetched weather for Edelény alsó: 23.9°C, Clouds, humidity: 45%
2026-07-10 16:05:07,684 - root - INFO - [224/1205] Fetching weather for Edelény...
2026-07-10 16:05:07,830 - root - INFO - Fetched weather for Edelény: 23.8°C, Clouds, humidity: 45%
2026-07-10 16:05:08,932 - root - INFO - [225/1205] Fetching weather for Szendrőlád...
2026-07-10 16:05:09,095 - root - INFO - Fetched weather for Szendrőlád: 23.8°C, Clouds, humidity: 46%
2026-07-10 16:05:10,197 - root - INFO - [226/1205] Fetching weather for Szendrő...
2026-07-10 16:05:10,327 - root - INFO - Fetched weather for Szendrő: 21.1°C, Clouds, humidity: 48%
2026-07-10 16:05:11,429 - root - INFO - [227/1205] Fetching weather for Szendrő felső...
2026-07-10 16:05:11,553 - root - INFO - Fetched weather for Szendrő felső: 21.1°C, Clouds, humidity: 48%
2026-07-10 16:05:12,654 - root - INFO - [228/1205] Fetching weather for Szalonna...
2026-07-10 16:05:12,798 - root - INFO - Fetched weather for Szalonna: 21.1°C, Clouds, humidity: 49%
2026-07-10 16:05:13,900 - root - INFO - [229/1205] Fetching weather for Perkupa...
2026-07-10 16:05:14,043 - root - INFO - Fetched weather for Perkupa: 20.4°C, Clouds, humidity: 50%
2026-07-10 16:05:15,145 - root - INFO - [230/1205] Fetching weather for Szemeretelep...
2026-07-10 16:05:15,305 - root - INFO - Fetched weather for Szemeretelep: 28.0°C, Clouds, humidity: 28%
2026-07-10 16:05:16,407 - root - INFO - [231/1205] Fetching weather for Jósvafő-Aggtelek...
2026-07-10 16:05:16,548 - root - INFO - Fetched weather for Jósvafő-Aggtelek: 20.7°C, Clouds, humidity: 51%
2026-07-10 16:05:17,650 - root - INFO - [232/1205] Fetching weather for Bódvaszilas...
2026-07-10 16:05:17,821 - root - INFO - Fetched weather for Bódvaszilas: 20.2°C, Clouds, humidity: 52%
2026-07-10 16:05:18,923 - root - INFO - [233/1205] Fetching weather for Komjáti...
2026-07-10 16:05:19,110 - root - INFO - Fetched weather for Komjáti: 19.7°C, Clouds, humidity: 54%
2026-07-10 16:05:20,212 - root - INFO - [234/1205] Fetching weather for Tornanádaska...
2026-07-10 16:05:20,369 - root - INFO - Fetched weather for Tornanádaska: 20.9°C, Clouds, humidity: 54%
2026-07-10 16:05:21,470 - root - INFO - [235/1205] Fetching weather for Onga...
2026-07-10 16:05:21,634 - root - INFO - Fetched weather for Onga: 24.3°C, Clouds, humidity: 39%
2026-07-10 16:05:22,736 - root - INFO - [236/1205] Fetching weather for Szikszó-Vásártér...
2026-07-10 16:05:22,860 - root - INFO - Fetched weather for Szikszó-Vásártér: 24.1°C, Clouds, humidity: 40%
2026-07-10 16:05:23,962 - root - INFO - [237/1205] Fetching weather for Szikszó...
2026-07-10 16:05:24,119 - root - INFO - Fetched weather for Szikszó: 24.0°C, Clouds, humidity: 40%
2026-07-10 16:05:25,221 - root - INFO - [238/1205] Fetching weather for Aszaló...
2026-07-10 16:05:25,370 - root - INFO - Fetched weather for Aszaló: 24.0°C, Clouds, humidity: 40%
2026-07-10 16:05:26,472 - root - INFO - [239/1205] Fetching weather for Halmaj...
2026-07-10 16:05:26,630 - root - INFO - Fetched weather for Halmaj: 23.9°C, Clouds, humidity: 46%
2026-07-10 16:05:27,732 - root - INFO - [240/1205] Fetching weather for Csobád...
2026-07-10 16:05:27,901 - root - INFO - Fetched weather for Csobád: 23.9°C, Clouds, humidity: 47%
2026-07-10 16:05:29,003 - root - INFO - [241/1205] Fetching weather for Ináncs...
2026-07-10 16:05:29,172 - root - INFO - Fetched weather for Ináncs: 23.9°C, Clouds, humidity: 48%
2026-07-10 16:05:30,273 - root - INFO - [242/1205] Fetching weather for Forró-Encs...
2026-07-10 16:05:30,441 - root - INFO - Fetched weather for Forró-Encs: 20.7°C, Clouds, humidity: 49%
2026-07-10 16:05:31,542 - root - INFO - [243/1205] Fetching weather for Méra...
2026-07-10 16:05:31,699 - root - INFO - Fetched weather for Méra: 20.4°C, Clouds, humidity: 51%
2026-07-10 16:05:32,800 - root - INFO - [244/1205] Fetching weather for Novajidrány...
2026-07-10 16:05:32,939 - root - INFO - Fetched weather for Novajidrány: 20.0°C, Clouds, humidity: 53%
2026-07-10 16:05:34,040 - root - INFO - [245/1205] Fetching weather for Hernádszurdok...
2026-07-10 16:05:34,213 - root - INFO - Fetched weather for Hernádszurdok: 19.7°C, Clouds, humidity: 53%
2026-07-10 16:05:35,315 - root - INFO - [246/1205] Fetching weather for Hidasnémeti...
2026-07-10 16:05:35,473 - root - INFO - Fetched weather for Hidasnémeti: 19.7°C, Clouds, humidity: 53%
2026-07-10 16:05:36,575 - root - INFO - [247/1205] Fetching weather for Mád...
2026-07-10 16:05:36,729 - root - INFO - Fetched weather for Mád: 22.3°C, Clouds, humidity: 43%
2026-07-10 16:05:37,831 - root - INFO - [248/1205] Fetching weather for Rátka...
2026-07-10 16:05:37,988 - root - INFO - Fetched weather for Rátka: 22.4°C, Clouds, humidity: 43%
2026-07-10 16:05:39,090 - root - INFO - [249/1205] Fetching weather for Tállya...
2026-07-10 16:05:39,235 - root - INFO - Fetched weather for Tállya: 22.4°C, Clouds, humidity: 43%
2026-07-10 16:05:40,337 - root - INFO - [250/1205] Fetching weather for Golop...
2026-07-10 16:05:40,483 - root - INFO - Fetched weather for Golop: 22.5°C, Clouds, humidity: 43%
2026-07-10 16:05:41,585 - root - INFO - [251/1205] Fetching weather for Abaújszántó...
2026-07-10 16:05:41,724 - root - INFO - Fetched weather for Abaújszántó: 22.4°C, Clouds, humidity: 49%
2026-07-10 16:05:42,825 - root - INFO - [252/1205] Fetching weather for Abaújszántói fürdő...
2026-07-10 16:05:42,969 - root - INFO - Fetched weather for Abaújszántói fürdő: 22.5°C, Clouds, humidity: 48%
2026-07-10 16:05:44,071 - root - INFO - [253/1205] Fetching weather for Abaújkér...
2026-07-10 16:05:44,212 - root - INFO - Fetched weather for Abaújkér: 22.4°C, Clouds, humidity: 50%
2026-07-10 16:05:45,313 - root - INFO - [254/1205] Fetching weather for Boldogkőváralja...
2026-07-10 16:05:45,472 - root - INFO - Fetched weather for Boldogkőváralja: 22.2°C, Clouds, humidity: 51%
2026-07-10 16:05:46,574 - root - INFO - [255/1205] Fetching weather for Korlát-Vizsoly...
2026-07-10 16:05:46,736 - root - INFO - Fetched weather for Korlát-Vizsoly: 22.1°C, Clouds, humidity: 52%
2026-07-10 16:05:47,838 - root - INFO - [256/1205] Fetching weather for Fony...
2026-07-10 16:05:47,978 - root - INFO - Fetched weather for Fony: 19.8°C, Clouds, humidity: 54%
2026-07-10 16:05:49,079 - root - INFO - [257/1205] Fetching weather for Hejce-Vilmány...
2026-07-10 16:05:49,214 - root - INFO - Fetched weather for Hejce-Vilmány: 19.8°C, Clouds, humidity: 54%
2026-07-10 16:05:50,316 - root - INFO - [258/1205] Fetching weather for Göncruszka...
2026-07-10 16:05:50,457 - root - INFO - Fetched weather for Göncruszka: 19.9°C, Clouds, humidity: 55%
2026-07-10 16:05:51,559 - root - INFO - [259/1205] Fetching weather for Gönc...
2026-07-10 16:05:51,714 - root - INFO - Fetched weather for Gönc: 19.5°C, Clouds, humidity: 57%
2026-07-10 16:05:52,815 - root - INFO - [260/1205] Fetching weather for Zsujta...
2026-07-10 16:05:52,971 - root - INFO - Fetched weather for Zsujta: 19.5°C, Clouds, humidity: 53%
2026-07-10 16:05:54,073 - root - INFO - [261/1205] Fetching weather for Bodrogkeresztúr...
2026-07-10 16:05:54,213 - root - INFO - Fetched weather for Bodrogkeresztúr: 22.6°C, Clouds, humidity: 43%
2026-07-10 16:05:55,315 - root - INFO - [262/1205] Fetching weather for Szegi...
2026-07-10 16:05:55,450 - root - INFO - Fetched weather for Szegi: 22.6°C, Clouds, humidity: 43%
2026-07-10 16:05:56,552 - root - INFO - [263/1205] Fetching weather for Erdőbénye...
2026-07-10 16:05:56,714 - root - INFO - Fetched weather for Erdőbénye: 22.6°C, Clouds, humidity: 43%
2026-07-10 16:05:57,815 - root - INFO - [264/1205] Fetching weather for Olaszliszka-Tolcsva...
2026-07-10 16:05:57,969 - root - INFO - Fetched weather for Olaszliszka-Tolcsva: 22.6°C, Clouds, humidity: 43%
2026-07-10 16:05:59,071 - root - INFO - [265/1205] Fetching weather for Bodrogolaszi...
2026-07-10 16:05:59,216 - root - INFO - Fetched weather for Bodrogolaszi: 22.5°C, Clouds, humidity: 50%
2026-07-10 16:06:00,317 - root - INFO - [266/1205] Fetching weather for Sárospatak...
2026-07-10 16:06:00,475 - root - INFO - Fetched weather for Sárospatak: 22.5°C, Clouds, humidity: 51%
2026-07-10 16:06:01,577 - root - INFO - [267/1205] Fetching weather for Sátoraljaújhely...
2026-07-10 16:06:01,727 - root - INFO - Fetched weather for Sátoraljaújhely: 19.0°C, Clouds, humidity: 54%
2026-07-10 16:06:02,829 - root - INFO - [268/1205] Fetching weather for Vecsés...
2026-07-10 16:06:02,989 - root - INFO - Fetched weather for Vecsés: 28.1°C, Clouds, humidity: 28%
2026-07-10 16:06:04,091 - root - INFO - [269/1205] Fetching weather for Vecsés-Kertekalja...
2026-07-10 16:06:04,231 - root - INFO - Fetched weather for Vecsés-Kertekalja: 28.1°C, Clouds, humidity: 28%
2026-07-10 16:06:05,332 - root - INFO - [270/1205] Fetching weather for Üllő...
2026-07-10 16:06:05,482 - root - INFO - Fetched weather for Üllő: 28.0°C, Clouds, humidity: 31%
2026-07-10 16:06:06,584 - root - INFO - [271/1205] Fetching weather for Monor...
2026-07-10 16:06:06,709 - root - INFO - Fetched weather for Monor: 25.4°C, Clouds, humidity: 30%
2026-07-10 16:06:07,811 - root - INFO - [272/1205] Fetching weather for Pilis...
2026-07-10 16:06:07,964 - root - INFO - Fetched weather for Pilis: 28.1°C, Clouds, humidity: 30%
2026-07-10 16:06:09,065 - root - INFO - [273/1205] Fetching weather for Albertirsa...
2026-07-10 16:06:09,214 - root - INFO - Fetched weather for Albertirsa: 28.2°C, Clouds, humidity: 27%
2026-07-10 16:06:10,315 - root - INFO - [274/1205] Fetching weather for Ceglédbercel-Cserő...
2026-07-10 16:06:10,476 - root - INFO - Fetched weather for Ceglédbercel-Cserő: 28.2°C, Clouds, humidity: 27%
2026-07-10 16:06:11,578 - root - INFO - [275/1205] Fetching weather for Cegléd...
2026-07-10 16:06:11,724 - root - INFO - Fetched weather for Cegléd: 28.3°C, Clouds, humidity: 27%
2026-07-10 16:06:12,826 - root - INFO - [276/1205] Fetching weather for Abony...
2026-07-10 16:06:12,988 - root - INFO - Fetched weather for Abony: 27.7°C, Clouds, humidity: 31%
2026-07-10 16:06:14,090 - root - INFO - [277/1205] Fetching weather for Szolnok...
2026-07-10 16:06:14,215 - root - INFO - Fetched weather for Szolnok: 27.8°C, Clouds, humidity: 31%
2026-07-10 16:06:15,317 - root - INFO - [278/1205] Fetching weather for Szajol...
2026-07-10 16:06:15,458 - root - INFO - Fetched weather for Szajol: 27.8°C, Clouds, humidity: 31%
2026-07-10 16:06:16,560 - root - INFO - [279/1205] Fetching weather for Törökszentmiklós...
2026-07-10 16:06:16,715 - root - INFO - Fetched weather for Törökszentmiklós: 27.8°C, Clouds, humidity: 30%
2026-07-10 16:06:17,817 - root - INFO - [280/1205] Fetching weather for Rákoscsaba-Újtelep...
2026-07-10 16:06:17,956 - root - INFO - Fetched weather for Rákoscsaba-Újtelep: 27.5°C, Clouds, humidity: 30%
2026-07-10 16:06:19,058 - root - INFO - [281/1205] Fetching weather for Rákoscsaba...
2026-07-10 16:06:19,214 - root - INFO - Fetched weather for Rákoscsaba: 27.5°C, Clouds, humidity: 30%
2026-07-10 16:06:20,316 - root - INFO - [282/1205] Fetching weather for Pécel...
2026-07-10 16:06:20,472 - root - INFO - Fetched weather for Pécel: 27.5°C, Clouds, humidity: 27%
2026-07-10 16:06:21,573 - root - INFO - [283/1205] Fetching weather for Isaszeg...
2026-07-10 16:06:21,743 - root - INFO - Fetched weather for Isaszeg: 27.3°C, Clouds, humidity: 31%
2026-07-10 16:06:22,845 - root - INFO - [284/1205] Fetching weather for Gödöllő...
2026-07-10 16:06:22,984 - root - INFO - Fetched weather for Gödöllő: 27.1°C, Clouds, humidity: 31%
2026-07-10 16:06:24,086 - root - INFO - [285/1205] Fetching weather for Máriabesnyő...
2026-07-10 16:06:24,246 - root - INFO - Fetched weather for Máriabesnyő: 27.3°C, Clouds, humidity: 31%
2026-07-10 16:06:25,347 - root - INFO - [286/1205] Fetching weather for Bag...
2026-07-10 16:06:25,471 - root - INFO - Fetched weather for Bag: 24.8°C, Clouds, humidity: 32%
2026-07-10 16:06:26,572 - root - INFO - [287/1205] Fetching weather for Aszód...
2026-07-10 16:06:26,732 - root - INFO - Fetched weather for Aszód: 24.5°C, Clouds, humidity: 32%
2026-07-10 16:06:27,834 - root - INFO - [288/1205] Fetching weather for Hévízgyörk...
2026-07-10 16:06:27,979 - root - INFO - Fetched weather for Hévízgyörk: 24.4°C, Clouds, humidity: 32%
2026-07-10 16:06:29,080 - root - INFO - [289/1205] Fetching weather for Galgahévíz...
2026-07-10 16:06:29,235 - root - INFO - Fetched weather for Galgahévíz: 24.6°C, Clouds, humidity: 32%
2026-07-10 16:06:30,336 - root - INFO - [290/1205] Fetching weather for Tura...
2026-07-10 16:06:30,493 - root - INFO - Fetched weather for Tura: 24.4°C, Clouds, humidity: 32%
2026-07-10 16:06:31,594 - root - INFO - [291/1205] Fetching weather for Hatvan...
2026-07-10 16:06:31,743 - root - INFO - Fetched weather for Hatvan: 24.1°C, Clouds, humidity: 34%
2026-07-10 16:06:32,845 - root - INFO - [292/1205] Fetching weather for Vámosgyörk...
2026-07-10 16:06:32,974 - root - INFO - Fetched weather for Vámosgyörk: 23.4°C, Clouds, humidity: 36%
2026-07-10 16:06:34,076 - root - INFO - [293/1205] Fetching weather for Adács...
2026-07-10 16:06:34,209 - root - INFO - Fetched weather for Adács: 23.1°C, Clouds, humidity: 37%
2026-07-10 16:06:35,311 - root - INFO - [294/1205] Fetching weather for Karácsond...
2026-07-10 16:06:35,465 - root - INFO - Fetched weather for Karácsond: 22.9°C, Clouds, humidity: 38%
2026-07-10 16:06:36,567 - root - INFO - [295/1205] Fetching weather for Ludas...
2026-07-10 16:06:36,713 - root - INFO - Fetched weather for Ludas: 22.8°C, Clouds, humidity: 39%
2026-07-10 16:06:37,815 - root - INFO - [296/1205] Fetching weather for Nagyút...
2026-07-10 16:06:37,934 - root - INFO - Fetched weather for Nagyút: 22.7°C, Clouds, humidity: 39%
2026-07-10 16:06:39,036 - root - INFO - [297/1205] Fetching weather for Kál-Kápolna...
2026-07-10 16:06:39,150 - root - INFO - Fetched weather for Kál-Kápolna: 22.5°C, Clear, humidity: 40%
2026-07-10 16:06:40,252 - root - INFO - [298/1205] Fetching weather for Füzesabony...
2026-07-10 16:06:40,386 - root - INFO - Fetched weather for Füzesabony: 22.1°C, Clouds, humidity: 41%
2026-07-10 16:06:41,488 - root - INFO - [299/1205] Fetching weather for Szihalom...
2026-07-10 16:06:41,602 - root - INFO - Fetched weather for Szihalom: 25.2°C, Clouds, humidity: 41%
2026-07-10 16:06:42,704 - root - INFO - [300/1205] Fetching weather for Mezőkövesd...
2026-07-10 16:06:42,868 - root - INFO - Fetched weather for Mezőkövesd: 25.2°C, Clouds, humidity: 41%
2026-07-10 16:06:43,970 - root - INFO - [301/1205] Fetching weather for Mezőkövesd felső...
2026-07-10 16:06:44,113 - root - INFO - Fetched weather for Mezőkövesd felső: 25.2°C, Clouds, humidity: 41%
2026-07-10 16:06:45,214 - root - INFO - [302/1205] Fetching weather for Mezőkeresztes-Mezőnyárád...
2026-07-10 16:06:45,335 - root - INFO - Fetched weather for Mezőkeresztes-Mezőnyárád: 25.0°C, Clouds, humidity: 37%
2026-07-10 16:06:46,437 - root - INFO - [303/1205] Fetching weather for Csincse...
2026-07-10 16:06:46,565 - root - INFO - Fetched weather for Csincse: 25.3°C, Clouds, humidity: 35%
2026-07-10 16:06:47,667 - root - INFO - [304/1205] Fetching weather for Emőd...
2026-07-10 16:06:47,813 - root - INFO - Fetched weather for Emőd: 25.5°C, Clouds, humidity: 35%
2026-07-10 16:06:48,915 - root - INFO - [305/1205] Fetching weather for Nyékládháza...
2026-07-10 16:06:49,045 - root - INFO - Fetched weather for Nyékládháza: 25.6°C, Clouds, humidity: 35%
2026-07-10 16:06:50,147 - root - INFO - [306/1205] Fetching weather for Miskolc-Tiszai...
2026-07-10 16:06:50,322 - root - INFO - Fetched weather for Miskolc-Tiszai: 23.9°C, Clouds, humidity: 43%
2026-07-10 16:06:51,423 - root - INFO - [307/1205] Fetching weather for Felsőzsolca...
2026-07-10 16:06:51,562 - root - INFO - Fetched weather for Felsőzsolca: 24.2°C, Clouds, humidity: 38%
2026-07-10 16:06:52,664 - root - INFO - [308/1205] Fetching weather for Hernádnémeti-Bőcs...
2026-07-10 16:06:52,801 - root - INFO - Fetched weather for Hernádnémeti-Bőcs: 25.5°C, Clouds, humidity: 35%
2026-07-10 16:06:53,903 - root - INFO - [309/1205] Fetching weather for Tiszalúc...
2026-07-10 16:06:54,044 - root - INFO - Fetched weather for Tiszalúc: 24.1°C, Clouds, humidity: 42%
2026-07-10 16:06:55,145 - root - INFO - [310/1205] Fetching weather for Taktaharkány...
2026-07-10 16:06:55,264 - root - INFO - Fetched weather for Taktaharkány: 24.5°C, Clouds, humidity: 37%
2026-07-10 16:06:56,366 - root - INFO - [311/1205] Fetching weather for Taktaszada...
2026-07-10 16:06:56,498 - root - INFO - Fetched weather for Taktaszada: 23.4°C, Clouds, humidity: 43%
2026-07-10 16:06:57,600 - root - INFO - [312/1205] Fetching weather for Szerencs...
2026-07-10 16:06:57,760 - root - INFO - Fetched weather for Szerencs: 22.6°C, Clouds, humidity: 43%
2026-07-10 16:06:58,861 - root - INFO - [313/1205] Fetching weather for Mezőzombor...
2026-07-10 16:06:59,001 - root - INFO - Fetched weather for Mezőzombor: 22.6°C, Clouds, humidity: 43%
2026-07-10 16:07:00,103 - root - INFO - [314/1205] Fetching weather for Tarcal...
2026-07-10 16:07:00,242 - root - INFO - Fetched weather for Tarcal: 22.7°C, Clouds, humidity: 43%
2026-07-10 16:07:01,344 - root - INFO - [315/1205] Fetching weather for Tokaj...
2026-07-10 16:07:01,482 - root - INFO - Fetched weather for Tokaj: 22.6°C, Clouds, humidity: 43%
2026-07-10 16:07:02,584 - root - INFO - [316/1205] Fetching weather for Rakamaz...
2026-07-10 16:07:02,748 - root - INFO - Fetched weather for Rakamaz: 22.6°C, Clouds, humidity: 43%
2026-07-10 16:07:03,849 - root - INFO - [317/1205] Fetching weather for Görögszállás...
2026-07-10 16:07:03,966 - root - INFO - Fetched weather for Görögszállás: 22.6°C, Clouds, humidity: 43%
2026-07-10 16:07:05,067 - root - INFO - [318/1205] Fetching weather for Nyírtelek...
2026-07-10 16:07:05,232 - root - INFO - Fetched weather for Nyírtelek: 22.6°C, Rain, humidity: 45%
2026-07-10 16:07:06,334 - root - INFO - [319/1205] Fetching weather for Rákoshegy...
2026-07-10 16:07:06,478 - root - INFO - Fetched weather for Rákoshegy: 27.5°C, Clouds, humidity: 29%
2026-07-10 16:07:07,580 - root - INFO - [320/1205] Fetching weather for Ecser...
2026-07-10 16:07:07,718 - root - INFO - Fetched weather for Ecser: 27.6°C, Clouds, humidity: 31%
2026-07-10 16:07:08,820 - root - INFO - [321/1205] Fetching weather for Maglód...
2026-07-10 16:07:08,967 - root - INFO - Fetched weather for Maglód: 27.5°C, Clouds, humidity: 31%
2026-07-10 16:07:10,068 - root - INFO - [322/1205] Fetching weather for Maglódi nyaraló...
2026-07-10 16:07:10,188 - root - INFO - Fetched weather for Maglódi nyaraló: 27.4°C, Clouds, humidity: 31%
2026-07-10 16:07:11,290 - root - INFO - [323/1205] Fetching weather for Gyömrő...
2026-07-10 16:07:11,402 - root - INFO - Fetched weather for Gyömrő: 27.4°C, Clouds, humidity: 31%
2026-07-10 16:07:12,503 - root - INFO - [324/1205] Fetching weather for Mende...
2026-07-10 16:07:12,666 - root - INFO - Fetched weather for Mende: 27.3°C, Clouds, humidity: 31%
2026-07-10 16:07:13,768 - root - INFO - [325/1205] Fetching weather for Szőlősnyaraló...
2026-07-10 16:07:13,916 - root - INFO - Fetched weather for Szőlősnyaraló: 28.1°C, Clouds, humidity: 31%
2026-07-10 16:07:15,017 - root - INFO - [326/1205] Fetching weather for Sülysáp...
2026-07-10 16:07:15,139 - root - INFO - Fetched weather for Sülysáp: 28.1°C, Clouds, humidity: 31%
2026-07-10 16:07:16,241 - root - INFO - [327/1205] Fetching weather for Tápiószecső...
2026-07-10 16:07:16,403 - root - INFO - Fetched weather for Tápiószecső: 28.1°C, Clouds, humidity: 31%
2026-07-10 16:07:17,504 - root - INFO - [328/1205] Fetching weather for Szentmártonkáta...
2026-07-10 16:07:17,669 - root - INFO - Fetched weather for Szentmártonkáta: 28.2°C, Clouds, humidity: 27%
2026-07-10 16:07:18,771 - root - INFO - [329/1205] Fetching weather for Nagykáta...
2026-07-10 16:07:18,887 - root - INFO - Fetched weather for Nagykáta: 28.2°C, Clouds, humidity: 27%
2026-07-10 16:07:19,988 - root - INFO - [330/1205] Fetching weather for Farmos...
2026-07-10 16:07:20,130 - root - INFO - Fetched weather for Farmos: 28.4°C, Clouds, humidity: 27%
2026-07-10 16:07:21,232 - root - INFO - [331/1205] Fetching weather for Tápiószele...
2026-07-10 16:07:21,392 - root - INFO - Fetched weather for Tápiószele: 28.3°C, Clouds, humidity: 27%
2026-07-10 16:07:22,494 - root - INFO - [332/1205] Fetching weather for Tápiógyörgye...
2026-07-10 16:07:22,641 - root - INFO - Fetched weather for Tápiógyörgye: 28.4°C, Clouds, humidity: 27%
2026-07-10 16:07:23,743 - root - INFO - [333/1205] Fetching weather for Újszász...
2026-07-10 16:07:23,901 - root - INFO - Fetched weather for Újszász: 28.4°C, Clouds, humidity: 27%
2026-07-10 16:07:25,003 - root - INFO - [334/1205] Fetching weather for Szurdokpüspöki...
2026-07-10 16:07:25,166 - root - INFO - Fetched weather for Szurdokpüspöki: 23.4°C, Clouds, humidity: 37%
2026-07-10 16:07:26,268 - root - INFO - [335/1205] Fetching weather for Lőrinci...
2026-07-10 16:07:26,424 - root - INFO - Fetched weather for Lőrinci: 23.9°C, Clouds, humidity: 34%
2026-07-10 16:07:27,525 - root - INFO - [336/1205] Fetching weather for Selyp...
2026-07-10 16:07:27,668 - root - INFO - Fetched weather for Selyp: 23.8°C, Clouds, humidity: 35%
2026-07-10 16:07:28,770 - root - INFO - [337/1205] Fetching weather for Apc-Zagyvaszántó...
2026-07-10 16:07:28,931 - root - INFO - Fetched weather for Apc-Zagyvaszántó: 23.7°C, Clouds, humidity: 35%
2026-07-10 16:07:30,032 - root - INFO - [338/1205] Fetching weather for Pásztó...
2026-07-10 16:07:30,224 - root - INFO - Fetched weather for Pásztó: 23.2°C, Clouds, humidity: 38%
2026-07-10 16:07:31,326 - root - INFO - [339/1205] Fetching weather for Mátraszőlős-Hasznos...
2026-07-10 16:07:31,499 - root - INFO - Fetched weather for Mátraszőlős-Hasznos: 23.0°C, Clouds, humidity: 39%
2026-07-10 16:07:32,601 - root - INFO - [340/1205] Fetching weather for Tar...
2026-07-10 16:07:32,768 - root - INFO - Fetched weather for Tar: 22.4°C, Clouds, humidity: 39%
2026-07-10 16:07:33,870 - root - INFO - [341/1205] Fetching weather for Mátraverebély...
2026-07-10 16:07:34,025 - root - INFO - Fetched weather for Mátraverebély: 22.4°C, Clouds, humidity: 39%
2026-07-10 16:07:35,126 - root - INFO - [342/1205] Fetching weather for Nagybátony...
2026-07-10 16:07:35,291 - root - INFO - Fetched weather for Nagybátony: 22.5°C, Clear, humidity: 40%
2026-07-10 16:07:36,393 - root - INFO - [343/1205] Fetching weather for Kisterenye...
2026-07-10 16:07:36,555 - root - INFO - Fetched weather for Kisterenye: 22.4°C, Clear, humidity: 41%
2026-07-10 16:07:37,657 - root - INFO - [344/1205] Fetching weather for Kisterenye-Bányatelep...
2026-07-10 16:07:38,011 - root - INFO - Fetched weather for Kisterenye-Bányatelep: 22.4°C, Clear, humidity: 41%
2026-07-10 16:07:39,113 - root - INFO - [345/1205] Fetching weather for Salgótarján külső...
2026-07-10 16:07:39,281 - root - INFO - Fetched weather for Salgótarján külső: 21.9°C, Clear, humidity: 41%
2026-07-10 16:07:40,383 - root - INFO - [346/1205] Fetching weather for Balatonfenyves GV...
2026-07-10 16:07:40,523 - root - INFO - Fetched weather for Balatonfenyves GV: 29.3°C, Clouds, humidity: 36%
2026-07-10 16:07:41,625 - root - INFO - [347/1205] Fetching weather for Várhegyalja...
2026-07-10 16:07:41,781 - root - INFO - Fetched weather for Várhegyalja: 27.1°C, Clouds, humidity: 30%
2026-07-10 16:07:42,883 - root - INFO - [348/1205] Fetching weather for Imremajor...
2026-07-10 16:07:43,050 - root - INFO - Fetched weather for Imremajor: 29.4°C, Clouds, humidity: 36%
2026-07-10 16:07:44,152 - root - INFO - [349/1205] Fetching weather for Rákospalota-Kertváros...
2026-07-10 16:07:44,271 - root - INFO - Fetched weather for Rákospalota-Kertváros: 27.8°C, Clouds, humidity: 30%
2026-07-10 16:07:45,373 - root - INFO - [350/1205] Fetching weather for Vicziántelep...
2026-07-10 16:07:45,512 - root - INFO - Fetched weather for Vicziántelep: 27.2°C, Clouds, humidity: 32%
2026-07-10 16:07:46,613 - root - INFO - [351/1205] Fetching weather for Pálmajor...
2026-07-10 16:07:46,770 - root - INFO - Fetched weather for Pálmajor: 29.4°C, Clouds, humidity: 35%
2026-07-10 16:07:47,871 - root - INFO - [352/1205] Fetching weather for Somogyszentpál felső...
2026-07-10 16:07:48,018 - root - INFO - Fetched weather for Somogyszentpál felső: 29.3°C, Clouds, humidity: 35%
2026-07-10 16:07:49,120 - root - INFO - [353/1205] Fetching weather for Somogyszentpál...
2026-07-10 16:07:49,281 - root - INFO - Fetched weather for Somogyszentpál: 29.2°C, Clouds, humidity: 35%
2026-07-10 16:07:50,383 - root - INFO - [354/1205] Fetching weather for Rudnaykert...
2026-07-10 16:07:50,505 - root - INFO - Fetched weather for Rudnaykert: 27.6°C, Clouds, humidity: 32%
2026-07-10 16:07:51,606 - root - INFO - [355/1205] Fetching weather for Maroshegy...
2026-07-10 16:07:51,753 - root - INFO - Fetched weather for Maroshegy: 27.9°C, Clouds, humidity: 28%
2026-07-10 16:07:52,855 - root - INFO - [356/1205] Fetching weather for Bánhida...
2026-07-10 16:07:53,022 - root - INFO - Fetched weather for Bánhida: 27.0°C, Clouds, humidity: 30%
2026-07-10 16:07:54,124 - root - INFO - [357/1205] Fetching weather for Magyarkút...
2026-07-10 16:07:54,270 - root - INFO - Fetched weather for Magyarkút: 24.7°C, Clouds, humidity: 33%
2026-07-10 16:07:55,372 - root - INFO - [358/1205] Fetching weather for Becske alsó...
2026-07-10 16:07:55,527 - root - INFO - Fetched weather for Becske alsó: 23.3°C, Clouds, humidity: 34%
2026-07-10 16:07:56,629 - root - INFO - [359/1205] Fetching weather for Hosszúberek-Péteri...
2026-07-10 16:07:56,785 - root - INFO - Fetched weather for Hosszúberek-Péteri: 27.6°C, Clouds, humidity: 30%
2026-07-10 16:07:57,887 - root - INFO - [360/1205] Fetching weather for Monorierdő...
2026-07-10 16:07:58,006 - root - INFO - Fetched weather for Monorierdő: 28.1°C, Clouds, humidity: 30%
2026-07-10 16:07:59,108 - root - INFO - [361/1205] Fetching weather for Ceglédbercel...
2026-07-10 16:07:59,265 - root - INFO - Fetched weather for Ceglédbercel: 28.2°C, Clouds, humidity: 27%
2026-07-10 16:08:00,367 - root - INFO - [362/1205] Fetching weather for Budai út...
2026-07-10 16:08:00,507 - root - INFO - Fetched weather for Budai út: 28.3°C, Clouds, humidity: 27%
2026-07-10 16:08:01,608 - root - INFO - [363/1205] Fetching weather for Büdöskútpuszta...
2026-07-10 16:08:01,768 - root - INFO - Fetched weather for Büdöskútpuszta: 21.2°C, Clouds, humidity: 47%
2026-07-10 16:08:02,870 - root - INFO - [364/1205] Fetching weather for Bánrévei Vízmű...
2026-07-10 16:08:03,033 - root - INFO - Fetched weather for Bánrévei Vízmű: 28.0°C, Clouds, humidity: 25%
2026-07-10 16:08:04,134 - root - INFO - [365/1205] Fetching weather for Rákoskert...
2026-07-10 16:08:04,245 - root - INFO - Fetched weather for Rákoskert: 27.4°C, Clouds, humidity: 29%
2026-07-10 16:08:05,346 - root - INFO - [366/1205] Fetching weather for Szirmabesenyő...
2026-07-10 16:08:05,513 - root - INFO - Fetched weather for Szirmabesenyő: 23.7°C, Clouds, humidity: 45%
2026-07-10 16:08:06,615 - root - INFO - [367/1205] Fetching weather for Kitérőgyár...
2026-07-10 16:08:06,778 - root - INFO - Fetched weather for Kitérőgyár: 22.9°C, Clouds, humidity: 38%
2026-07-10 16:08:07,880 - root - INFO - [368/1205] Fetching weather for Tápiószentmárton...
2026-07-10 16:08:08,022 - root - INFO - Fetched weather for Tápiószentmárton: 28.3°C, Clouds, humidity: 27%
2026-07-10 16:08:09,124 - root - INFO - [369/1205] Fetching weather for Zagyvarékas...
2026-07-10 16:08:09,282 - root - INFO - Fetched weather for Zagyvarékas: 27.8°C, Clouds, humidity: 31%
2026-07-10 16:08:10,384 - root - INFO - [370/1205] Fetching weather for Abonyi út...
2026-07-10 16:08:10,548 - root - INFO - Fetched weather for Abonyi út: 27.8°C, Clouds, humidity: 31%
2026-07-10 16:08:11,650 - root - INFO - [371/1205] Fetching weather for Jászkisér felső...
2026-07-10 16:08:11,768 - root - INFO - Fetched weather for Jászkisér felső: 23.7°C, Clouds, humidity: 34%
2026-07-10 16:08:12,870 - root - INFO - [372/1205] Fetching weather for Szellőhát...
2026-07-10 16:08:13,027 - root - INFO - Fetched weather for Szellőhát: 28.4°C, Clouds, humidity: 34%
2026-07-10 16:08:14,128 - root - INFO - [373/1205] Fetching weather for Szilvásvárad-Szalajkavölgy...
2026-07-10 16:08:14,294 - root - INFO - Fetched weather for Szilvásvárad-Szalajkavölgy: 26.6°C, Clouds, humidity: 25%
2026-07-10 16:08:15,396 - root - INFO - [374/1205] Fetching weather for Vásárosnamény külső...
2026-07-10 16:08:15,543 - root - INFO - Fetched weather for Vásárosnamény külső: 20.3°C, Clouds, humidity: 48%
2026-07-10 16:08:16,645 - root - INFO - [375/1205] Fetching weather for Újváros...
2026-07-10 16:08:16,806 - root - INFO - Fetched weather for Újváros: 28.3°C, Clouds, humidity: 26%
2026-07-10 16:08:17,908 - root - INFO - [376/1205] Fetching weather for Városi park...
2026-07-10 16:08:18,067 - root - INFO - Fetched weather for Városi park: 30.6°C, Clouds, humidity: 19%
2026-07-10 16:08:19,170 - root - INFO - [377/1205] Fetching weather for Belsőkamaráspuszta...
2026-07-10 16:08:19,289 - root - INFO - Fetched weather for Belsőkamaráspuszta: 27.8°C, Clouds, humidity: 21%
2026-07-10 16:08:20,391 - root - INFO - [378/1205] Fetching weather for Sajószöged...
2026-07-10 16:08:20,520 - root - INFO - Fetched weather for Sajószöged: 25.9°C, Clouds, humidity: 33%
2026-07-10 16:08:21,622 - root - INFO - [379/1205] Fetching weather for Kazincbarcika alsó...
2026-07-10 16:08:21,788 - root - INFO - Fetched weather for Kazincbarcika alsó: 23.9°C, Clouds, humidity: 45%
2026-07-10 16:08:22,890 - root - INFO - [380/1205] Fetching weather for Nyárjas...
2026-07-10 16:08:23,029 - root - INFO - Fetched weather for Nyárjas: 31.1°C, Clouds, humidity: 16%
2026-07-10 16:08:24,130 - root - INFO - [381/1205] Fetching weather for Pogonyipuszta...
2026-07-10 16:08:24,284 - root - INFO - Fetched weather for Pogonyipuszta: 28.0°C, Clouds, humidity: 25%
2026-07-10 16:08:25,385 - root - INFO - [382/1205] Fetching weather for Sióvölgy...
2026-07-10 16:08:25,556 - root - INFO - Fetched weather for Sióvölgy: 30.0°C, Clouds, humidity: 46%
2026-07-10 16:08:26,658 - root - INFO - [383/1205] Fetching weather for Répáspuszta...
2026-07-10 16:08:26,766 - root - INFO - Fetched weather for Répáspuszta: 28.8°C, Clouds, humidity: 29%
2026-07-10 16:08:27,867 - root - INFO - [384/1205] Fetching weather for Virányos...
2026-07-10 16:08:28,031 - root - INFO - Fetched weather for Virányos: 22.6°C, Clouds, humidity: 43%
2026-07-10 16:08:29,133 - root - INFO - [385/1205] Fetching weather for Füzesbokor...
2026-07-10 16:08:29,264 - root - INFO - Fetched weather for Füzesbokor: 22.6°C, Rain, humidity: 45%
2026-07-10 16:08:30,365 - root - INFO - [386/1205] Fetching weather for Kunfehértó...
2026-07-10 16:08:30,522 - root - INFO - Fetched weather for Kunfehértó: 28.5°C, Clouds, humidity: 21%
2026-07-10 16:08:31,623 - root - INFO - [387/1205] Fetching weather for Erdőszél...
2026-07-10 16:08:31,779 - root - INFO - Fetched weather for Erdőszél: 28.5°C, Clouds, humidity: 21%
2026-07-10 16:08:32,880 - root - INFO - [388/1205] Fetching weather for Jánoshalma...
2026-07-10 16:08:32,989 - root - INFO - Fetched weather for Jánoshalma: 28.7°C, Clouds, humidity: 21%
2026-07-10 16:08:34,090 - root - INFO - [389/1205] Fetching weather for Mélykút...
2026-07-10 16:08:34,239 - root - INFO - Fetched weather for Mélykút: 31.0°C, Clouds, humidity: 22%
2026-07-10 16:08:35,341 - root - INFO - [390/1205] Fetching weather for Bácsalmás...
2026-07-10 16:08:35,460 - root - INFO - Fetched weather for Bácsalmás: 31.1°C, Clouds, humidity: 23%
2026-07-10 16:08:36,561 - root - INFO - [391/1205] Fetching weather for Almás...
2026-07-10 16:08:36,721 - root - INFO - Fetched weather for Almás: 31.1°C, Clouds, humidity: 23%
2026-07-10 16:08:37,823 - root - INFO - [392/1205] Fetching weather for Bácsbokod-Bácsborsód...
2026-07-10 16:08:37,978 - root - INFO - Fetched weather for Bácsbokod-Bácsborsód: 28.9°C, Clouds, humidity: 23%
2026-07-10 16:08:39,079 - root - INFO - [393/1205] Fetching weather for Baja...
2026-07-10 16:08:39,205 - root - INFO - Fetched weather for Baja: 29.2°C, Clouds, humidity: 23%
2026-07-10 16:08:40,306 - root - INFO - [394/1205] Fetching weather for Harkakötöny...
2026-07-10 16:08:40,424 - root - INFO - Fetched weather for Harkakötöny: 30.9°C, Clouds, humidity: 21%
2026-07-10 16:08:41,525 - root - INFO - [395/1205] Fetching weather for Tajó...
2026-07-10 16:08:41,671 - root - INFO - Fetched weather for Tajó: 31.0°C, Clouds, humidity: 21%
2026-07-10 16:08:42,773 - root - INFO - [396/1205] Fetching weather for Kiskunmajsa...
2026-07-10 16:08:42,932 - root - INFO - Fetched weather for Kiskunmajsa: 30.7°C, Clouds, humidity: 20%
2026-07-10 16:08:44,034 - root - INFO - [397/1205] Fetching weather for Jászszentlászló...
2026-07-10 16:08:44,192 - root - INFO - Fetched weather for Jászszentlászló: 30.1°C, Clouds, humidity: 21%
2026-07-10 16:08:45,294 - root - INFO - [398/1205] Fetching weather for Galambos...
2026-07-10 16:08:45,422 - root - INFO - Fetched weather for Galambos: 30.6°C, Clouds, humidity: 19%
2026-07-10 16:08:46,524 - root - INFO - [399/1205] Fetching weather for Pestszentimre...
2026-07-10 16:08:46,650 - root - INFO - Fetched weather for Pestszentimre: 28.2°C, Clouds, humidity: 28%
2026-07-10 16:08:47,752 - root - INFO - [400/1205] Fetching weather for Gyál felső...
2026-07-10 16:08:47,904 - root - INFO - Fetched weather for Gyál felső: 28.3°C, Clouds, humidity: 28%
2026-07-10 16:08:49,006 - root - INFO - [401/1205] Fetching weather for Gyál...
2026-07-10 16:08:49,120 - root - INFO - Fetched weather for Gyál: 28.3°C, Clouds, humidity: 28%
2026-07-10 16:08:50,221 - root - INFO - [402/1205] Fetching weather for Ócsa...
2026-07-10 16:08:50,363 - root - INFO - Fetched weather for Ócsa: 28.7°C, Clouds, humidity: 30%
2026-07-10 16:08:51,464 - root - INFO - [403/1205] Fetching weather for Inárcs-Kakucs...
2026-07-10 16:08:51,621 - root - INFO - Fetched weather for Inárcs-Kakucs: 26.0°C, Clouds, humidity: 30%
2026-07-10 16:08:52,723 - root - INFO - [404/1205] Fetching weather for Dabas...
2026-07-10 16:08:52,863 - root - INFO - Fetched weather for Dabas: 26.0°C, Clouds, humidity: 29%
2026-07-10 16:08:53,964 - root - INFO - [405/1205] Fetching weather for Gyón...
2026-07-10 16:08:54,106 - root - INFO - Fetched weather for Gyón: 26.1°C, Clouds, humidity: 29%
2026-07-10 16:08:55,208 - root - INFO - [406/1205] Fetching weather for Hernád...
2026-07-10 16:08:55,355 - root - INFO - Fetched weather for Hernád: 26.0°C, Clouds, humidity: 28%
2026-07-10 16:08:56,457 - root - INFO - [407/1205] Fetching weather for Bakonygyirót...
2026-07-10 16:08:56,596 - root - INFO - Fetched weather for Bakonygyirót: 28.4°C, Clouds, humidity: 28%
2026-07-10 16:08:57,698 - root - INFO - [408/1205] Fetching weather for Vinye...
2026-07-10 16:08:57,822 - root - INFO - Fetched weather for Vinye: 27.9°C, Clouds, humidity: 29%
2026-07-10 16:08:58,924 - root - INFO - [409/1205] Fetching weather for Nemesgörzsöny...
2026-07-10 16:08:59,049 - root - INFO - Fetched weather for Nemesgörzsöny: 29.2°C, Clouds, humidity: 29%
2026-07-10 16:09:00,151 - root - INFO - [410/1205] Fetching weather for Rábahíd...
2026-07-10 16:09:00,307 - root - INFO - Fetched weather for Rábahíd: 29.3°C, Clouds, humidity: 29%
2026-07-10 16:09:01,408 - root - INFO - [411/1205] Fetching weather for Öskü...
2026-07-10 16:09:01,547 - root - INFO - Fetched weather for Öskü: 29.6°C, Clouds, humidity: 29%
2026-07-10 16:09:02,648 - root - INFO - [412/1205] Fetching weather for Márkó...
2026-07-10 16:09:02,805 - root - INFO - Fetched weather for Márkó: 27.6°C, Clouds, humidity: 29%
2026-07-10 16:09:03,906 - root - INFO - [413/1205] Fetching weather for Nemeskocs...
2026-07-10 16:09:04,047 - root - INFO - Fetched weather for Nemeskocs: 29.6°C, Clouds, humidity: 30%
2026-07-10 16:09:05,149 - root - INFO - [414/1205] Fetching weather for Zalagyömörő...
2026-07-10 16:09:05,288 - root - INFO - Fetched weather for Zalagyömörő: 26.0°C, Clouds, humidity: 31%
2026-07-10 16:09:06,389 - root - INFO - [415/1205] Fetching weather for Rigács...
2026-07-10 16:09:06,529 - root - INFO - Fetched weather for Rigács: 29.7°C, Clouds, humidity: 30%
2026-07-10 16:09:07,630 - root - INFO - [416/1205] Fetching weather for Kemenespálfa...
2026-07-10 16:09:07,759 - root - INFO - Fetched weather for Kemenespálfa: 29.7°C, Clouds, humidity: 30%
2026-07-10 16:09:08,861 - root - INFO - [417/1205] Fetching weather for Lentiszombathely...
2026-07-10 16:09:09,015 - root - INFO - Fetched weather for Lentiszombathely: 27.7°C, Clouds, humidity: 40%
2026-07-10 16:09:10,116 - root - INFO - [418/1205] Fetching weather for Ortaháza...
2026-07-10 16:09:10,235 - root - INFO - Fetched weather for Ortaháza: 30.0°C, Clouds, humidity: 43%
2026-07-10 16:09:11,337 - root - INFO - [419/1205] Fetching weather for Rádiháza...
2026-07-10 16:09:11,476 - root - INFO - Fetched weather for Rádiháza: 25.8°C, Clouds, humidity: 43%
2026-07-10 16:09:12,578 - root - INFO - [420/1205] Fetching weather for Baktüttös...
2026-07-10 16:09:12,726 - root - INFO - Fetched weather for Baktüttös: 25.7°C, Clouds, humidity: 32%
2026-07-10 16:09:13,827 - root - INFO - [421/1205] Fetching weather for Budafa...
2026-07-10 16:09:13,947 - root - INFO - Fetched weather for Budafa: 25.8°C, Clouds, humidity: 39%
2026-07-10 16:09:15,049 - root - INFO - [422/1205] Fetching weather for Zalapatakalja...
2026-07-10 16:09:15,207 - root - INFO - Fetched weather for Zalapatakalja: 25.7°C, Clouds, humidity: 39%
2026-07-10 16:09:16,309 - root - INFO - [423/1205] Fetching weather for Tormásliget...
2026-07-10 16:09:16,453 - root - INFO - Fetched weather for Tormásliget: 28.1°C, Clouds, humidity: 38%
2026-07-10 16:09:17,555 - root - INFO - [424/1205] Fetching weather for Belecska...
2026-07-10 16:09:17,674 - root - INFO - Fetched weather for Belecska: 28.4°C, Clouds, humidity: 28%
2026-07-10 16:09:18,776 - root - INFO - [425/1205] Fetching weather for Almár...
2026-07-10 16:09:18,920 - root - INFO - Fetched weather for Almár: 22.6°C, Clouds, humidity: 44%
2026-07-10 16:09:20,021 - root - INFO - [426/1205] Fetching weather for Vasútmúzeum...
2026-07-10 16:09:20,140 - root - INFO - Fetched weather for Vasútmúzeum: 27.8°C, Clouds, humidity: 30%
2026-07-10 16:09:21,242 - root - INFO - [427/1205] Fetching weather for Abda...
2026-07-10 16:09:21,398 - root - INFO - Fetched weather for Abda: 28.8°C, Clouds, humidity: 29%
2026-07-10 16:09:22,500 - root - INFO - [428/1205] Fetching weather for Vadaspark...
2026-07-10 16:09:22,640 - root - INFO - Fetched weather for Vadaspark: 25.9°C, Clouds, humidity: 30%
2026-07-10 16:09:23,741 - root - INFO - [429/1205] Fetching weather for Barosstelep...
2026-07-10 16:09:23,853 - root - INFO - Fetched weather for Barosstelep: 28.6°C, Clouds, humidity: 28%
2026-07-10 16:09:24,955 - root - INFO - [430/1205] Fetching weather for Fegyvernek-Örményes...
2026-07-10 16:09:25,070 - root - INFO - Fetched weather for Fegyvernek-Örményes: 24.2°C, Clouds, humidity: 31%
2026-07-10 16:09:26,172 - root - INFO - [431/1205] Fetching weather for Zagyvapálfalva...
2026-07-10 16:09:26,313 - root - INFO - Fetched weather for Zagyvapálfalva: 22.1°C, Clear, humidity: 41%
2026-07-10 16:09:27,414 - root - INFO - [432/1205] Fetching weather for Salgótarján...
2026-07-10 16:09:27,575 - root - INFO - Fetched weather for Salgótarján: 21.4°C, Clear, humidity: 42%
2026-07-10 16:09:28,677 - root - INFO - [433/1205] Fetching weather for Szabadisóstó...
2026-07-10 16:09:28,825 - root - INFO - Fetched weather for Szabadisóstó: 30.5°C, Clouds, humidity: 48%
2026-07-10 16:09:29,927 - root - INFO - [434/1205] Fetching weather for Siófok...
2026-07-10 16:09:30,088 - root - INFO - Fetched weather for Siófok: 30.5°C, Clouds, humidity: 48%
2026-07-10 16:09:31,189 - root - INFO - [435/1205] Fetching weather for Balatonszéplak felső...
2026-07-10 16:09:31,303 - root - INFO - Fetched weather for Balatonszéplak felső: 30.5°C, Clouds, humidity: 48%
2026-07-10 16:09:32,405 - root - INFO - [436/1205] Fetching weather for Balatonszéplak alsó...
2026-07-10 16:09:32,564 - root - INFO - Fetched weather for Balatonszéplak alsó: 30.5°C, Clouds, humidity: 48%
2026-07-10 16:09:33,666 - root - INFO - [437/1205] Fetching weather for Zamárdi felső...
2026-07-10 16:09:33,774 - root - INFO - Fetched weather for Zamárdi felső: 29.3°C, Clouds, humidity: 34%
2026-07-10 16:09:34,875 - root - INFO - [438/1205] Fetching weather for Zamárdi...
2026-07-10 16:09:35,030 - root - INFO - Fetched weather for Zamárdi: 29.1°C, Clouds, humidity: 32%
2026-07-10 16:09:36,132 - root - INFO - [439/1205] Fetching weather for Szántód...
2026-07-10 16:09:36,286 - root - INFO - Fetched weather for Szántód: 28.9°C, Clouds, humidity: 31%
2026-07-10 16:09:37,388 - root - INFO - [440/1205] Fetching weather for Szőny-Déli...
2026-07-10 16:09:37,504 - root - INFO - Fetched weather for Szőny-Déli: 29.5°C, Clouds, humidity: 29%
2026-07-10 16:09:38,606 - root - INFO - [441/1205] Fetching weather for Várpalota...
2026-07-10 16:09:38,770 - root - INFO - Fetched weather for Várpalota: 27.7°C, Clouds, humidity: 28%
2026-07-10 16:09:39,871 - root - INFO - [442/1205] Fetching weather for Pétfürdő...
2026-07-10 16:09:40,004 - root - INFO - Fetched weather for Pétfürdő: 30.3°C, Clouds, humidity: 28%
2026-07-10 16:09:41,106 - root - INFO - [443/1205] Fetching weather for Hajmáskér...
2026-07-10 16:09:41,259 - root - INFO - Fetched weather for Hajmáskér: 29.7°C, Clouds, humidity: 29%
2026-07-10 16:09:42,361 - root - INFO - [444/1205] Fetching weather for Veszprém...
2026-07-10 16:09:42,470 - root - INFO - Fetched weather for Veszprém: 28.1°C, Clouds, humidity: 29%
2026-07-10 16:09:43,571 - root - INFO - [445/1205] Fetching weather for Herend...
2026-07-10 16:09:43,688 - root - INFO - Fetched weather for Herend: 27.4°C, Clouds, humidity: 29%
2026-07-10 16:09:44,789 - root - INFO - [446/1205] Fetching weather for Városlőd...
2026-07-10 16:09:44,947 - root - INFO - Fetched weather for Városlőd: 27.6°C, Clouds, humidity: 29%
2026-07-10 16:09:46,048 - root - INFO - [447/1205] Fetching weather for Városlőd-Kislőd...
2026-07-10 16:09:46,201 - root - INFO - Fetched weather for Városlőd-Kislőd: 27.7°C, Clouds, humidity: 29%
2026-07-10 16:09:47,303 - root - INFO - [448/1205] Fetching weather for Ajka...
2026-07-10 16:09:47,453 - root - INFO - Fetched weather for Ajka: 28.0°C, Clouds, humidity: 29%
2026-07-10 16:09:48,555 - root - INFO - [449/1205] Fetching weather for Ajka-Gyártelep...
2026-07-10 16:09:48,685 - root - INFO - Fetched weather for Ajka-Gyártelep: 28.0°C, Clouds, humidity: 29%
2026-07-10 16:09:49,787 - root - INFO - [450/1205] Fetching weather for Devecser...
2026-07-10 16:09:49,950 - root - INFO - Fetched weather for Devecser: 28.4°C, Clouds, humidity: 29%
2026-07-10 16:09:51,051 - root - INFO - [451/1205] Fetching weather for Somlóvásárhely...
2026-07-10 16:09:51,210 - root - INFO - Fetched weather for Somlóvásárhely: 28.5°C, Clouds, humidity: 30%
2026-07-10 16:09:52,311 - root - INFO - [452/1205] Fetching weather for Tüskevár...
2026-07-10 16:09:52,465 - root - INFO - Fetched weather for Tüskevár: 28.6°C, Clouds, humidity: 30%
2026-07-10 16:09:53,567 - root - INFO - [453/1205] Fetching weather for Karakószörcsök...
2026-07-10 16:09:53,707 - root - INFO - Fetched weather for Karakószörcsök: 29.5°C, Clouds, humidity: 30%
2026-07-10 16:09:54,809 - root - INFO - [454/1205] Fetching weather for Kerta...
2026-07-10 16:09:54,926 - root - INFO - Fetched weather for Kerta: 29.6°C, Clouds, humidity: 30%
2026-07-10 16:09:56,027 - root - INFO - [455/1205] Fetching weather for Boba...
2026-07-10 16:09:56,163 - root - INFO - Fetched weather for Boba: 29.6°C, Clouds, humidity: 30%
2026-07-10 16:09:57,264 - root - INFO - [456/1205] Fetching weather for Börgönd...
2026-07-10 16:09:57,437 - root - INFO - Fetched weather for Börgönd: 27.7°C, Clouds, humidity: 28%
2026-07-10 16:09:58,538 - root - INFO - [457/1205] Fetching weather for Belsőbáránd...
2026-07-10 16:09:58,695 - root - INFO - Fetched weather for Belsőbáránd: 27.8°C, Clouds, humidity: 27%
2026-07-10 16:09:59,796 - root - INFO - [458/1205] Fetching weather for Zichyújfalu...
2026-07-10 16:09:59,956 - root - INFO - Fetched weather for Zichyújfalu: 27.3°C, Clouds, humidity: 28%
2026-07-10 16:10:01,058 - root - INFO - [459/1205] Fetching weather for Seregélyes...
2026-07-10 16:10:01,206 - root - INFO - Fetched weather for Seregélyes: 27.7°C, Clouds, humidity: 28%
2026-07-10 16:10:02,308 - root - INFO - [460/1205] Fetching weather for Polgárdi-Ipartelepek...
2026-07-10 16:10:02,433 - root - INFO - Fetched weather for Polgárdi-Ipartelepek: 30.1°C, Clouds, humidity: 27%
2026-07-10 16:10:03,534 - root - INFO - [461/1205] Fetching weather for Polgárdi...
2026-07-10 16:10:03,643 - root - INFO - Fetched weather for Polgárdi: 30.1°C, Clouds, humidity: 27%
2026-07-10 16:10:04,745 - root - INFO - [462/1205] Fetching weather for Füle...
2026-07-10 16:10:04,899 - root - INFO - Fetched weather for Füle: 30.1°C, Clouds, humidity: 27%
2026-07-10 16:10:06,000 - root - INFO - [463/1205] Fetching weather for Zánka-Erzsébettábor...
2026-07-10 16:10:06,157 - root - INFO - Fetched weather for Zánka-Erzsébettábor: 28.4°C, Clouds, humidity: 20%
2026-07-10 16:10:07,259 - root - INFO - [464/1205] Fetching weather for Csajág...
2026-07-10 16:10:07,417 - root - INFO - Fetched weather for Csajág: 30.4°C, Clouds, humidity: 48%
2026-07-10 16:10:08,519 - root - INFO - [465/1205] Fetching weather for Balatonakarattya...
2026-07-10 16:10:08,672 - root - INFO - Fetched weather for Balatonakarattya: 30.2°C, Clouds, humidity: 48%
2026-07-10 16:10:09,773 - root - INFO - [466/1205] Fetching weather for Csittényhegy...
2026-07-10 16:10:09,931 - root - INFO - Fetched weather for Csittényhegy: 30.4°C, Clouds, humidity: 48%
2026-07-10 16:10:11,033 - root - INFO - [467/1205] Fetching weather for Balatonkenese...
2026-07-10 16:10:11,195 - root - INFO - Fetched weather for Balatonkenese: 30.5°C, Clouds, humidity: 48%
2026-07-10 16:10:12,297 - root - INFO - [468/1205] Fetching weather for Balatonfűzfő...
2026-07-10 16:10:12,456 - root - INFO - Fetched weather for Balatonfűzfő: 29.8°C, Clouds, humidity: 36%
2026-07-10 16:10:13,557 - root - INFO - [469/1205] Fetching weather for Balatonalmádi...
2026-07-10 16:10:13,697 - root - INFO - Fetched weather for Balatonalmádi: 29.6°C, Clouds, humidity: 35%
2026-07-10 16:10:14,799 - root - INFO - [470/1205] Fetching weather for Káptalanfüred...
2026-07-10 16:10:14,952 - root - INFO - Fetched weather for Káptalanfüred: 29.6°C, Clouds, humidity: 35%
2026-07-10 16:10:16,054 - root - INFO - [471/1205] Fetching weather for Alsóörs...
2026-07-10 16:10:16,201 - root - INFO - Fetched weather for Alsóörs: 29.4°C, Clouds, humidity: 34%
2026-07-10 16:10:17,302 - root - INFO - [472/1205] Fetching weather for Csopak...
2026-07-10 16:10:17,456 - root - INFO - Fetched weather for Csopak: 28.8°C, Clouds, humidity: 31%
2026-07-10 16:10:18,558 - root - INFO - [473/1205] Fetching weather for Balatonarács...
2026-07-10 16:10:18,723 - root - INFO - Fetched weather for Balatonarács: 28.4°C, Clouds, humidity: 28%
2026-07-10 16:10:19,825 - root - INFO - [474/1205] Fetching weather for Balatonfüred...
2026-07-10 16:10:19,964 - root - INFO - Fetched weather for Balatonfüred: 28.3°C, Clouds, humidity: 26%
2026-07-10 16:10:21,066 - root - INFO - [475/1205] Fetching weather for Aszófő...
2026-07-10 16:10:21,221 - root - INFO - Fetched weather for Aszófő: 28.2°C, Clouds, humidity: 21%
2026-07-10 16:10:22,323 - root - INFO - [476/1205] Fetching weather for Örvényes...
2026-07-10 16:10:22,482 - root - INFO - Fetched weather for Örvényes: 28.3°C, Clouds, humidity: 20%
2026-07-10 16:10:23,583 - root - INFO - [477/1205] Fetching weather for Balatonudvari...
2026-07-10 16:10:23,725 - root - INFO - Fetched weather for Balatonudvari: 28.3°C, Clouds, humidity: 20%
2026-07-10 16:10:24,827 - root - INFO - [478/1205] Fetching weather for Fövenyes...
2026-07-10 16:10:24,991 - root - INFO - Fetched weather for Fövenyes: 28.3°C, Clouds, humidity: 20%
2026-07-10 16:10:26,092 - root - INFO - [479/1205] Fetching weather for Balatonakali-Dörgicse...
2026-07-10 16:10:26,242 - root - INFO - Fetched weather for Balatonakali-Dörgicse: 28.4°C, Clouds, humidity: 20%
2026-07-10 16:10:27,344 - root - INFO - [480/1205] Fetching weather for Zánka-Köveskál...
2026-07-10 16:10:27,499 - root - INFO - Fetched weather for Zánka-Köveskál: 28.5°C, Clouds, humidity: 20%
2026-07-10 16:10:28,601 - root - INFO - [481/1205] Fetching weather for Balatonszepezd...
2026-07-10 16:10:28,773 - root - INFO - Fetched weather for Balatonszepezd: 28.3°C, Clouds, humidity: 20%
2026-07-10 16:10:29,875 - root - INFO - [482/1205] Fetching weather for Szepezdfürdő...
2026-07-10 16:10:30,063 - root - INFO - Fetched weather for Szepezdfürdő: 28.3°C, Clouds, humidity: 35%
2026-07-10 16:10:31,164 - root - INFO - [483/1205] Fetching weather for Révfülöp...
2026-07-10 16:10:31,325 - root - INFO - Fetched weather for Révfülöp: 28.3°C, Clouds, humidity: 35%
2026-07-10 16:10:32,426 - root - INFO - [484/1205] Fetching weather for Balatonrendes...
2026-07-10 16:10:32,577 - root - INFO - Fetched weather for Balatonrendes: 28.3°C, Clouds, humidity: 36%
2026-07-10 16:10:33,679 - root - INFO - [485/1205] Fetching weather for Ábrahámhegy...
2026-07-10 16:10:33,808 - root - INFO - Fetched weather for Ábrahámhegy: 28.2°C, Clouds, humidity: 36%
2026-07-10 16:10:34,909 - root - INFO - [486/1205] Fetching weather for Badacsonyörs...
2026-07-10 16:10:35,031 - root - INFO - Fetched weather for Badacsonyörs: 28.8°C, Clouds, humidity: 36%
2026-07-10 16:10:36,133 - root - INFO - [487/1205] Fetching weather for Kisújszállás...
2026-07-10 16:10:36,284 - root - INFO - Fetched weather for Kisújszállás: 23.9°C, Clouds, humidity: 31%
2026-07-10 16:10:37,386 - root - INFO - [488/1205] Fetching weather for Karcag...
2026-07-10 16:10:37,518 - root - INFO - Fetched weather for Karcag: 23.4°C, Clouds, humidity: 33%
2026-07-10 16:10:38,620 - root - INFO - [489/1205] Fetching weather for Püspökladány...
2026-07-10 16:10:38,765 - root - INFO - Fetched weather for Püspökladány: 23.2°C, Clouds, humidity: 33%
2026-07-10 16:10:39,867 - root - INFO - [490/1205] Fetching weather for Kaba...
2026-07-10 16:10:40,015 - root - INFO - Fetched weather for Kaba: 23.0°C, Clouds, humidity: 34%
2026-07-10 16:10:41,117 - root - INFO - [491/1205] Fetching weather for Hajdúszoboszló...
2026-07-10 16:10:41,260 - root - INFO - Fetched weather for Hajdúszoboszló: 22.2°C, Clouds, humidity: 36%
2026-07-10 16:10:42,361 - root - INFO - [492/1205] Fetching weather for Ebes...
2026-07-10 16:10:42,486 - root - INFO - Fetched weather for Ebes: 22.0°C, Clouds, humidity: 37%
2026-07-10 16:10:43,587 - root - INFO - [493/1205] Fetching weather for Debrecen...
2026-07-10 16:10:43,717 - root - INFO - Fetched weather for Debrecen: 21.4°C, Clouds, humidity: 40%
2026-07-10 16:10:44,819 - root - INFO - [494/1205] Fetching weather for Debrecen-Csapókert...
2026-07-10 16:10:44,946 - root - INFO - Fetched weather for Debrecen-Csapókert: 21.2°C, Clouds, humidity: 40%
2026-07-10 16:10:46,048 - root - INFO - [495/1205] Fetching weather for Apafa...
2026-07-10 16:10:46,192 - root - INFO - Fetched weather for Apafa: 21.1°C, Clouds, humidity: 41%
2026-07-10 16:10:47,294 - root - INFO - [496/1205] Fetching weather for Bocskaikert...
2026-07-10 16:10:47,439 - root - INFO - Fetched weather for Bocskaikert: 20.9°C, Clouds, humidity: 41%
2026-07-10 16:10:48,540 - root - INFO - [497/1205] Fetching weather for Hajdúhadház...
2026-07-10 16:10:48,688 - root - INFO - Fetched weather for Hajdúhadház: 20.8°C, Clouds, humidity: 42%
2026-07-10 16:10:49,790 - root - INFO - [498/1205] Fetching weather for Téglás...
2026-07-10 16:10:49,917 - root - INFO - Fetched weather for Téglás: 20.8°C, Clouds, humidity: 42%
2026-07-10 16:10:51,019 - root - INFO - [499/1205] Fetching weather for Újfehértó...
2026-07-10 16:10:51,168 - root - INFO - Fetched weather for Újfehértó: 20.9°C, Clouds, humidity: 43%
2026-07-10 16:10:52,269 - root - INFO - [500/1205] Fetching weather for Nyíregyháza...
2026-07-10 16:10:52,423 - root - INFO - Fetched weather for Nyíregyháza: 20.7°C, Rain, humidity: 44%
2026-07-10 16:10:53,525 - root - INFO - [501/1205] Fetching weather for Sóstó...
2026-07-10 16:10:53,663 - root - INFO - Fetched weather for Sóstó: 22.6°C, Clouds, humidity: 45%
2026-07-10 16:10:54,765 - root - INFO - [502/1205] Fetching weather for Sóstóhegy...
2026-07-10 16:10:54,909 - root - INFO - Fetched weather for Sóstóhegy: 22.6°C, Clouds, humidity: 45%
2026-07-10 16:10:56,010 - root - INFO - [503/1205] Fetching weather for Kemecse...
2026-07-10 16:10:56,140 - root - INFO - Fetched weather for Kemecse: 20.5°C, Clouds, humidity: 46%
2026-07-10 16:10:57,242 - root - INFO - [504/1205] Fetching weather for Nyírbogdány...
2026-07-10 16:10:57,391 - root - INFO - Fetched weather for Nyírbogdány: 20.4°C, Clouds, humidity: 47%
2026-07-10 16:10:58,493 - root - INFO - [505/1205] Fetching weather for Kék...
2026-07-10 16:10:58,633 - root - INFO - Fetched weather for Kék: 20.4°C, Clouds, humidity: 47%
2026-07-10 16:10:59,735 - root - INFO - [506/1205] Fetching weather for Demecser...
2026-07-10 16:10:59,853 - root - INFO - Fetched weather for Demecser: 20.4°C, Clouds, humidity: 48%
2026-07-10 16:11:00,955 - root - INFO - [507/1205] Fetching weather for Gégény...
2026-07-10 16:11:01,096 - root - INFO - Fetched weather for Gégény: 20.3°C, Clouds, humidity: 48%
2026-07-10 16:11:02,198 - root - INFO - [508/1205] Fetching weather for Pátroha...
2026-07-10 16:11:02,333 - root - INFO - Fetched weather for Pátroha: 20.3°C, Clouds, humidity: 49%
2026-07-10 16:11:03,434 - root - INFO - [509/1205] Fetching weather for Ajak...
2026-07-10 16:11:03,583 - root - INFO - Fetched weather for Ajak: 20.3°C, Rain, humidity: 49%
2026-07-10 16:11:04,686 - root - INFO - [510/1205] Fetching weather for Kisvárda...
2026-07-10 16:11:04,836 - root - INFO - Fetched weather for Kisvárda: 20.2°C, Rain, humidity: 50%
2026-07-10 16:11:05,937 - root - INFO - [511/1205] Fetching weather for Kisvárda-Hármasút...
2026-07-10 16:11:06,064 - root - INFO - Fetched weather for Kisvárda-Hármasút: 20.2°C, Rain, humidity: 50%
2026-07-10 16:11:07,166 - root - INFO - [512/1205] Fetching weather for Fényeslitke...
2026-07-10 16:11:07,286 - root - INFO - Fetched weather for Fényeslitke: 20.2°C, Rain, humidity: 51%
2026-07-10 16:11:08,387 - root - INFO - [513/1205] Fetching weather for Komoró...
2026-07-10 16:11:08,538 - root - INFO - Fetched weather for Komoró: 20.2°C, Clouds, humidity: 52%
2026-07-10 16:11:09,640 - root - INFO - [514/1205] Fetching weather for Tuzsér...
2026-07-10 16:11:09,779 - root - INFO - Fetched weather for Tuzsér: 20.1°C, Clouds, humidity: 53%
2026-07-10 16:11:10,881 - root - INFO - [515/1205] Fetching weather for Tiszabezdéd...
2026-07-10 16:11:11,015 - root - INFO - Fetched weather for Tiszabezdéd: 20.1°C, Clouds, humidity: 53%
2026-07-10 16:11:12,116 - root - INFO - [516/1205] Fetching weather for Záhony...
2026-07-10 16:11:12,247 - root - INFO - Fetched weather for Záhony: 20.1°C, Clouds, humidity: 54%
2026-07-10 16:11:13,349 - root - INFO - [517/1205] Fetching weather for Karcag-Vásártér...
2026-07-10 16:11:13,507 - root - INFO - Fetched weather for Karcag-Vásártér: 26.1°C, Clouds, humidity: 33%
2026-07-10 16:11:14,608 - root - INFO - [518/1205] Fetching weather for Berekfürdő...
2026-07-10 16:11:14,748 - root - INFO - Fetched weather for Berekfürdő: 26.1°C, Clouds, humidity: 34%
2026-07-10 16:11:15,849 - root - INFO - [519/1205] Fetching weather for Kunmadaras...
2026-07-10 16:11:15,999 - root - INFO - Fetched weather for Kunmadaras: 26.1°C, Clouds, humidity: 39%
2026-07-10 16:11:17,100 - root - INFO - [520/1205] Fetching weather for Tiszaszentimre...
2026-07-10 16:11:17,222 - root - INFO - Fetched weather for Tiszaszentimre: 26.1°C, Clouds, humidity: 39%
2026-07-10 16:11:18,324 - root - INFO - [521/1205] Fetching weather for Tiszaszőlős...
2026-07-10 16:11:18,473 - root - INFO - Fetched weather for Tiszaszőlős: 26.1°C, Clouds, humidity: 39%
2026-07-10 16:11:19,574 - root - INFO - [522/1205] Fetching weather for Hosszúhát...
2026-07-10 16:11:19,698 - root - INFO - Fetched weather for Hosszúhát: 23.6°C, Clouds, humidity: 31%
2026-07-10 16:11:20,800 - root - INFO - [523/1205] Fetching weather for Szerep...
2026-07-10 16:11:20,943 - root - INFO - Fetched weather for Szerep: 23.6°C, Clouds, humidity: 31%
2026-07-10 16:11:22,045 - root - INFO - [524/1205] Fetching weather for Sárrétudvari...
2026-07-10 16:11:22,194 - root - INFO - Fetched weather for Sárrétudvari: 23.6°C, Clouds, humidity: 31%
2026-07-10 16:11:23,295 - root - INFO - [525/1205] Fetching weather for Biharnagybajom...
2026-07-10 16:11:23,443 - root - INFO - Fetched weather for Biharnagybajom: 23.7°C, Clouds, humidity: 31%
2026-07-10 16:11:24,545 - root - INFO - [526/1205] Fetching weather for Füzesgyarmat...
2026-07-10 16:11:24,728 - root - INFO - Fetched weather for Füzesgyarmat: 24.2°C, Clouds, humidity: 28%
2026-07-10 16:11:25,830 - root - INFO - [527/1205] Fetching weather for Füzesgyarmatfürdő...
2026-07-10 16:11:25,987 - root - INFO - Fetched weather for Füzesgyarmatfürdő: 24.2°C, Clouds, humidity: 28%
2026-07-10 16:11:27,088 - root - INFO - [528/1205] Fetching weather for Báránd...
2026-07-10 16:11:27,529 - root - INFO - Fetched weather for Báránd: 23.2°C, Clouds, humidity: 33%
2026-07-10 16:11:28,631 - root - INFO - [529/1205] Fetching weather for Sáp...
2026-07-10 16:11:28,784 - root - INFO - Fetched weather for Sáp: 23.4°C, Clouds, humidity: 32%
2026-07-10 16:11:29,886 - root - INFO - [530/1205] Fetching weather for Berettyóújfalu...
2026-07-10 16:11:30,036 - root - INFO - Fetched weather for Berettyóújfalu: 23.6°C, Clouds, humidity: 30%
2026-07-10 16:11:31,138 - root - INFO - [531/1205] Fetching weather for Mezőpeterd...
2026-07-10 16:11:31,278 - root - INFO - Fetched weather for Mezőpeterd: 26.4°C, Clouds, humidity: 30%
2026-07-10 16:11:32,380 - root - INFO - [532/1205] Fetching weather for Biharkeresztes...
2026-07-10 16:11:32,527 - root - INFO - Fetched weather for Biharkeresztes: 26.4°C, Clouds, humidity: 28%
2026-07-10 16:11:33,629 - root - INFO - [533/1205] Fetching weather for Tócóvölgy...
2026-07-10 16:11:33,768 - root - INFO - Fetched weather for Tócóvölgy: 21.5°C, Clouds, humidity: 39%
2026-07-10 16:11:34,870 - root - INFO - [534/1205] Fetching weather for Sáregres...
2026-07-10 16:11:35,010 - root - INFO - Fetched weather for Sáregres: 28.2°C, Clouds, humidity: 27%
2026-07-10 16:11:36,112 - root - INFO - [535/1205] Fetching weather for Simontornya...
2026-07-10 16:11:36,231 - root - INFO - Fetched weather for Simontornya: 28.1°C, Clouds, humidity: 27%
2026-07-10 16:11:37,333 - root - INFO - [536/1205] Fetching weather for Tolnanémedi...
2026-07-10 16:11:37,488 - root - INFO - Fetched weather for Tolnanémedi: 28.2°C, Clouds, humidity: 28%
2026-07-10 16:11:38,590 - root - INFO - [537/1205] Fetching weather for Pincehely...
2026-07-10 16:11:38,730 - root - INFO - Fetched weather for Pincehely: 28.1°C, Clouds, humidity: 28%
2026-07-10 16:11:39,831 - root - INFO - [538/1205] Fetching weather for Keszőhidegkút-Gyönk...
2026-07-10 16:11:39,963 - root - INFO - Fetched weather for Keszőhidegkút-Gyönk: 28.4°C, Clouds, humidity: 27%
2026-07-10 16:11:41,064 - root - INFO - [539/1205] Fetching weather for Szárazd...
2026-07-10 16:11:41,219 - root - INFO - Fetched weather for Szárazd: 28.6°C, Clouds, humidity: 27%
2026-07-10 16:11:42,320 - root - INFO - [540/1205] Fetching weather for Regöly...
2026-07-10 16:11:42,462 - root - INFO - Fetched weather for Regöly: 28.6°C, Clouds, humidity: 27%
2026-07-10 16:11:43,563 - root - INFO - [541/1205] Fetching weather for Szakály-Hőgyész...
2026-07-10 16:11:43,712 - root - INFO - Fetched weather for Szakály-Hőgyész: 28.7°C, Clouds, humidity: 27%
2026-07-10 16:11:44,814 - root - INFO - [542/1205] Fetching weather for Dúzs...
2026-07-10 16:11:44,953 - root - INFO - Fetched weather for Dúzs: 28.8°C, Clouds, humidity: 26%
2026-07-10 16:11:46,054 - root - INFO - [543/1205] Fetching weather for Csibrák...
2026-07-10 16:11:46,207 - root - INFO - Fetched weather for Csibrák: 29.0°C, Clouds, humidity: 26%
2026-07-10 16:11:47,308 - root - INFO - [544/1205] Fetching weather for Kurd...
2026-07-10 16:11:47,468 - root - INFO - Fetched weather for Kurd: 28.7°C, Clouds, humidity: 26%
2026-07-10 16:11:48,570 - root - INFO - [545/1205] Fetching weather for Döbrököz...
2026-07-10 16:11:48,695 - root - INFO - Fetched weather for Döbrököz: 29.1°C, Clouds, humidity: 26%
2026-07-10 16:11:49,796 - root - INFO - [546/1205] Fetching weather for Dombóvár...
2026-07-10 16:11:49,927 - root - INFO - Fetched weather for Dombóvár: 28.9°C, Clouds, humidity: 29%
2026-07-10 16:11:51,029 - root - INFO - [547/1205] Fetching weather for Dombóvár alsó...
2026-07-10 16:11:51,187 - root - INFO - Fetched weather for Dombóvár alsó: 28.9°C, Clouds, humidity: 29%
2026-07-10 16:11:52,288 - root - INFO - [548/1205] Fetching weather for Somoskőújfalu...
2026-07-10 16:11:52,432 - root - INFO - Fetched weather for Somoskőújfalu: 20.3°C, Clear, humidity: 42%
2026-07-10 16:11:53,534 - root - INFO - [549/1205] Fetching weather for Jászfényszaru...
2026-07-10 16:11:53,699 - root - INFO - Fetched weather for Jászfényszaru: 24.1°C, Clouds, humidity: 33%
2026-07-10 16:11:54,801 - root - INFO - [550/1205] Fetching weather for Pusztamonostor...
2026-07-10 16:11:54,957 - root - INFO - Fetched weather for Pusztamonostor: 28.8°C, Clouds, humidity: 33%
2026-07-10 16:11:56,058 - root - INFO - [551/1205] Fetching weather for Jászberény...
2026-07-10 16:11:56,212 - root - INFO - Fetched weather for Jászberény: 28.9°C, Clouds, humidity: 33%
2026-07-10 16:11:57,314 - root - INFO - [552/1205] Fetching weather for Meggyespele...
2026-07-10 16:11:57,456 - root - INFO - Fetched weather for Meggyespele: 28.9°C, Clouds, humidity: 26%
2026-07-10 16:11:58,558 - root - INFO - [553/1205] Fetching weather for Portelek...
2026-07-10 16:11:58,689 - root - INFO - Fetched weather for Portelek: 29.0°C, Clouds, humidity: 26%
2026-07-10 16:11:59,791 - root - INFO - [554/1205] Fetching weather for Jászboldogháza-Jánoshida...
2026-07-10 16:11:59,914 - root - INFO - Fetched weather for Jászboldogháza-Jánoshida: 29.0°C, Clouds, humidity: 26%
2026-07-10 16:12:01,015 - root - INFO - [555/1205] Fetching weather for Jászárokszállás...
2026-07-10 16:12:01,189 - root - INFO - Fetched weather for Jászárokszállás: 23.6°C, Clouds, humidity: 35%
2026-07-10 16:12:02,290 - root - INFO - [556/1205] Fetching weather for Jászdózsa...
2026-07-10 16:12:02,451 - root - INFO - Fetched weather for Jászdózsa: 23.6°C, Clouds, humidity: 35%
2026-07-10 16:12:03,553 - root - INFO - [557/1205] Fetching weather for Jászapáti...
2026-07-10 16:12:03,709 - root - INFO - Fetched weather for Jászapáti: 23.5°C, Clouds, humidity: 36%
2026-07-10 16:12:04,811 - root - INFO - [558/1205] Fetching weather for Jászkisér...
2026-07-10 16:12:04,955 - root - INFO - Fetched weather for Jászkisér: 26.1°C, Clouds, humidity: 35%
2026-07-10 16:12:06,057 - root - INFO - [559/1205] Fetching weather for Jászladány...
2026-07-10 16:12:06,192 - root - INFO - Fetched weather for Jászladány: 29.0°C, Clouds, humidity: 33%
2026-07-10 16:12:07,294 - root - INFO - [560/1205] Fetching weather for Szászberek...
2026-07-10 16:12:07,450 - root - INFO - Fetched weather for Szászberek: 29.0°C, Clouds, humidity: 26%
2026-07-10 16:12:08,552 - root - INFO - [561/1205] Fetching weather for Gyöngyöshalász...
2026-07-10 16:12:08,727 - root - INFO - Fetched weather for Gyöngyöshalász: 23.1°C, Clouds, humidity: 37%
2026-07-10 16:12:09,829 - root - INFO - [562/1205] Fetching weather for Gyöngyös...
2026-07-10 16:12:09,993 - root - INFO - Fetched weather for Gyöngyös: 22.6°C, Clouds, humidity: 38%
2026-07-10 16:12:11,094 - root - INFO - [563/1205] Fetching weather for Erdőtelek...
2026-07-10 16:12:11,236 - root - INFO - Fetched weather for Erdőtelek: 22.6°C, Clouds, humidity: 39%
2026-07-10 16:12:12,338 - root - INFO - [564/1205] Fetching weather for Heves...
2026-07-10 16:12:12,472 - root - INFO - Fetched weather for Heves: 26.1°C, Clouds, humidity: 38%
2026-07-10 16:12:13,574 - root - INFO - [565/1205] Fetching weather for Hevesvezekény...
2026-07-10 16:12:13,732 - root - INFO - Fetched weather for Hevesvezekény: 26.1°C, Clouds, humidity: 39%
2026-07-10 16:12:14,833 - root - INFO - [566/1205] Fetching weather for Tarnaszentmiklós...
2026-07-10 16:12:14,961 - root - INFO - Fetched weather for Tarnaszentmiklós: 26.1°C, Clouds, humidity: 39%
2026-07-10 16:12:16,063 - root - INFO - [567/1205] Fetching weather for Kisköre...
2026-07-10 16:12:16,280 - root - INFO - Fetched weather for Kisköre: 26.1°C, Clouds, humidity: 39%
2026-07-10 16:12:17,381 - root - INFO - [568/1205] Fetching weather for Abádszalók...
2026-07-10 16:12:17,534 - root - INFO - Fetched weather for Abádszalók: 26.1°C, Clouds, humidity: 39%
2026-07-10 16:12:18,636 - root - INFO - [569/1205] Fetching weather for Kunhegyes...
2026-07-10 16:12:18,794 - root - INFO - Fetched weather for Kunhegyes: 26.1°C, Clouds, humidity: 39%
2026-07-10 16:12:19,895 - root - INFO - [570/1205] Fetching weather for Kenderes...
2026-07-10 16:12:20,050 - root - INFO - Fetched weather for Kenderes: 26.1°C, Clouds, humidity: 32%
2026-07-10 16:12:21,151 - root - INFO - [571/1205] Fetching weather for Maklár...
2026-07-10 16:12:21,296 - root - INFO - Fetched weather for Maklár: 21.9°C, Clouds, humidity: 42%
2026-07-10 16:12:22,397 - root - INFO - [572/1205] Fetching weather for Andornaktálya...
2026-07-10 16:12:22,584 - root - INFO - Fetched weather for Andornaktálya: 25.0°C, Clouds, humidity: 42%
2026-07-10 16:12:23,685 - root - INFO - [573/1205] Fetching weather for Eger...
2026-07-10 16:12:23,840 - root - INFO - Fetched weather for Eger: 22.8°C, Clouds, humidity: 43%
2026-07-10 16:12:24,941 - root - INFO - [574/1205] Fetching weather for Egervár...
2026-07-10 16:12:25,100 - root - INFO - Fetched weather for Egervár: 22.6°C, Clouds, humidity: 43%
2026-07-10 16:12:26,202 - root - INFO - [575/1205] Fetching weather for Eger-Felnémet...
2026-07-10 16:12:26,360 - root - INFO - Fetched weather for Eger-Felnémet: 22.6°C, Clouds, humidity: 43%
2026-07-10 16:12:27,462 - root - INFO - [576/1205] Fetching weather for Szarvaskő...
2026-07-10 16:12:27,623 - root - INFO - Fetched weather for Szarvaskő: 22.2°C, Clouds, humidity: 44%
2026-07-10 16:12:28,725 - root - INFO - [577/1205] Fetching weather for Mónosbél...
2026-07-10 16:12:28,866 - root - INFO - Fetched weather for Mónosbél: 27.3°C, Clouds, humidity: 44%
2026-07-10 16:12:29,968 - root - INFO - [578/1205] Fetching weather for Bélapátfalva...
2026-07-10 16:12:30,129 - root - INFO - Fetched weather for Bélapátfalva: 27.0°C, Clouds, humidity: 25%
2026-07-10 16:12:31,231 - root - INFO - [579/1205] Fetching weather for Bélapátfalvi Cementgyár...
2026-07-10 16:12:31,387 - root - INFO - Fetched weather for Bélapátfalvi Cementgyár: 26.9°C, Clouds, humidity: 25%
2026-07-10 16:12:32,489 - root - INFO - [580/1205] Fetching weather for Szilvásvárad...
2026-07-10 16:12:32,648 - root - INFO - Fetched weather for Szilvásvárad: 26.8°C, Clouds, humidity: 25%
2026-07-10 16:12:33,750 - root - INFO - [581/1205] Fetching weather for Hejőkeresztúr...
2026-07-10 16:12:33,871 - root - INFO - Fetched weather for Hejőkeresztúr: 25.8°C, Clouds, humidity: 35%
2026-07-10 16:12:34,973 - root - INFO - [582/1205] Fetching weather for Tiszaújváros...
2026-07-10 16:12:35,140 - root - INFO - Fetched weather for Tiszaújváros: 26.1°C, Clouds, humidity: 32%
2026-07-10 16:12:36,242 - root - INFO - [583/1205] Fetching weather for Miskolc-Gömöri...
2026-07-10 16:12:36,408 - root - INFO - Fetched weather for Miskolc-Gömöri: 23.9°C, Clouds, humidity: 44%
2026-07-10 16:12:37,510 - root - INFO - [584/1205] Fetching weather for Sajókeresztúr...
2026-07-10 16:12:37,673 - root - INFO - Fetched weather for Sajókeresztúr: 23.7°C, Clouds, humidity: 46%
2026-07-10 16:12:38,775 - root - INFO - [585/1205] Fetching weather for Sajóecseg...
2026-07-10 16:12:38,933 - root - INFO - Fetched weather for Sajóecseg: 23.7°C, Clouds, humidity: 46%
2026-07-10 16:12:40,035 - root - INFO - [586/1205] Fetching weather for Sajószentpéter...
2026-07-10 16:12:40,198 - root - INFO - Fetched weather for Sajószentpéter: 23.5°C, Clouds, humidity: 47%
2026-07-10 16:12:41,299 - root - INFO - [587/1205] Fetching weather for Kazincbarcika...
2026-07-10 16:12:41,459 - root - INFO - Fetched weather for Kazincbarcika: 23.8°C, Clouds, humidity: 45%
2026-07-10 16:12:42,561 - root - INFO - [588/1205] Fetching weather for Sajókaza...
2026-07-10 16:12:42,671 - root - INFO - Fetched weather for Sajókaza: 22.9°C, Clouds, humidity: 45%
2026-07-10 16:12:43,772 - root - INFO - [589/1205] Fetching weather for Vadna...
2026-07-10 16:12:43,935 - root - INFO - Fetched weather for Vadna: 22.9°C, Clouds, humidity: 45%
2026-07-10 16:12:45,037 - root - INFO - [590/1205] Fetching weather for Dubicsány...
2026-07-10 16:12:45,200 - root - INFO - Fetched weather for Dubicsány: 22.9°C, Clouds, humidity: 45%
2026-07-10 16:12:46,302 - root - INFO - [591/1205] Fetching weather for Raposka...
2026-07-10 16:12:46,460 - root - INFO - Fetched weather for Raposka: 29.5°C, Clouds, humidity: 35%
2026-07-10 16:12:47,562 - root - INFO - [592/1205] Fetching weather for Ivacs...
2026-07-10 16:12:47,716 - root - INFO - Fetched weather for Ivacs: 27.4°C, Clouds, humidity: 31%
2026-07-10 16:12:48,817 - root - INFO - [593/1205] Fetching weather for Kisköre-Tiszahíd...
2026-07-10 16:12:48,977 - root - INFO - Fetched weather for Kisköre-Tiszahíd: 26.1°C, Clouds, humidity: 39%
2026-07-10 16:12:50,079 - root - INFO - [594/1205] Fetching weather for Rozsály...
2026-07-10 16:12:50,245 - root - INFO - Fetched weather for Rozsály: 21.1°C, Clouds, humidity: 51%
2026-07-10 16:12:51,347 - root - INFO - [595/1205] Fetching weather for Pusztakettős...
2026-07-10 16:12:51,492 - root - INFO - Fetched weather for Pusztakettős: 26.1°C, Clouds, humidity: 39%
2026-07-10 16:12:52,593 - root - INFO - [596/1205] Fetching weather for Kisvác...
2026-07-10 16:12:52,750 - root - INFO - Fetched weather for Kisvác: 27.7°C, Clouds, humidity: 32%
2026-07-10 16:12:53,852 - root - INFO - [597/1205] Fetching weather for Tiszafüred-Gyártelep...
2026-07-10 16:12:53,971 - root - INFO - Fetched weather for Tiszafüred-Gyártelep: 26.1°C, Clouds, humidity: 39%
2026-07-10 16:12:55,073 - root - INFO - [598/1205] Fetching weather for Újkenéz...
2026-07-10 16:12:55,229 - root - INFO - Fetched weather for Újkenéz: 20.1°C, Clouds, humidity: 51%
2026-07-10 16:12:56,330 - root - INFO - [599/1205] Fetching weather for Püspökladány-Vásártér...
2026-07-10 16:12:56,489 - root - INFO - Fetched weather for Püspökladány-Vásártér: 23.3°C, Clouds, humidity: 33%
2026-07-10 16:12:57,591 - root - INFO - [600/1205] Fetching weather for Végegyháza alsó...
2026-07-10 16:12:57,747 - root - INFO - Fetched weather for Végegyháza alsó: 27.8°C, Clouds, humidity: 21%
2026-07-10 16:12:58,849 - root - INFO - [601/1205] Fetching weather for Orosháza felső...
2026-07-10 16:12:59,004 - root - INFO - Fetched weather for Orosháza felső: 28.3°C, Clouds, humidity: 20%
2026-07-10 16:13:00,106 - root - INFO - [602/1205] Fetching weather for Ambrózfalva...
2026-07-10 16:13:00,241 - root - INFO - Fetched weather for Ambrózfalva: 26.5°C, Clouds, humidity: 21%
2026-07-10 16:13:01,342 - root - INFO - [603/1205] Fetching weather for Alsónyék...
2026-07-10 16:13:01,477 - root - INFO - Fetched weather for Alsónyék: 29.3°C, Clouds, humidity: 24%
2026-07-10 16:13:02,579 - root - INFO - [604/1205] Fetching weather for Tompapuszta...
2026-07-10 16:13:02,741 - root - INFO - Fetched weather for Tompapuszta: 27.8°C, Clouds, humidity: 100%
2026-07-10 16:13:03,842 - root - INFO - [605/1205] Fetching weather for Halászlak...
2026-07-10 16:13:03,986 - root - INFO - Fetched weather for Halászlak: 28.3°C, Clouds, humidity: 24%
2026-07-10 16:13:05,088 - root - INFO - [606/1205] Fetching weather for Sirató...
2026-07-10 16:13:05,250 - root - INFO - Fetched weather for Sirató: 28.3°C, Clouds, humidity: 24%
2026-07-10 16:13:06,351 - root - INFO - [607/1205] Fetching weather for Csabacsűd felső...
2026-07-10 16:13:06,493 - root - INFO - Fetched weather for Csabacsűd felső: 28.3°C, Clouds, humidity: 24%
2026-07-10 16:13:07,595 - root - INFO - [608/1205] Fetching weather for Orosháza-Üveggyár...
2026-07-10 16:13:07,771 - root - INFO - Fetched weather for Orosháza-Üveggyár: 28.3°C, Clouds, humidity: 21%
2026-07-10 16:13:08,873 - root - INFO - [609/1205] Fetching weather for Gyulai városerdő...
2026-07-10 16:13:09,036 - root - INFO - Fetched weather for Gyulai városerdő: 26.6°C, Clouds, humidity: 25%
2026-07-10 16:13:10,137 - root - INFO - [610/1205] Fetching weather for Kórógyszentgyörgy...
2026-07-10 16:13:10,266 - root - INFO - Fetched weather for Kórógyszentgyörgy: 27.8°C, Clouds, humidity: 26%
2026-07-10 16:13:11,368 - root - INFO - [611/1205] Fetching weather for Kunszállás...
2026-07-10 16:13:11,489 - root - INFO - Fetched weather for Kunszállás: 31.0°C, Clouds, humidity: 15%
2026-07-10 16:13:12,591 - root - INFO - [612/1205] Fetching weather for Selymes...
2026-07-10 16:13:12,732 - root - INFO - Fetched weather for Selymes: 30.6°C, Clouds, humidity: 18%
2026-07-10 16:13:13,834 - root - INFO - [613/1205] Fetching weather for Petőfiszállási tanyák...
2026-07-10 16:13:13,984 - root - INFO - Fetched weather for Petőfiszállási tanyák: 30.9°C, Clouds, humidity: 16%
2026-07-10 16:13:15,086 - root - INFO - [614/1205] Fetching weather for Kisteleki szőlők...
2026-07-10 16:13:15,241 - root - INFO - Fetched weather for Kisteleki szőlők: 30.9°C, Clouds, humidity: 19%
2026-07-10 16:13:16,343 - root - INFO - [615/1205] Fetching weather for Kapitányság...
2026-07-10 16:13:16,499 - root - INFO - Fetched weather for Kapitányság: 31.1°C, Clouds, humidity: 23%
2026-07-10 16:13:17,600 - root - INFO - [616/1205] Fetching weather for Őszeszék...
2026-07-10 16:13:17,755 - root - INFO - Fetched weather for Őszeszék: 31.2°C, Clouds, humidity: 23%
2026-07-10 16:13:18,857 - root - INFO - [617/1205] Fetching weather for Vilmaszállás...
2026-07-10 16:13:18,998 - root - INFO - Fetched weather for Vilmaszállás: 31.1°C, Clouds, humidity: 23%
2026-07-10 16:13:20,100 - root - INFO - [618/1205] Fetching weather for Jánosszállás...
2026-07-10 16:13:20,216 - root - INFO - Fetched weather for Jánosszállás: 31.2°C, Clouds, humidity: 23%
2026-07-10 16:13:21,317 - root - INFO - [619/1205] Fetching weather for Felsőpakony...
2026-07-10 16:13:21,455 - root - INFO - Fetched weather for Felsőpakony: 28.4°C, Clouds, humidity: 27%
2026-07-10 16:13:22,557 - root - INFO - [620/1205] Fetching weather for Felsőméntelek...
2026-07-10 16:13:22,717 - root - INFO - Fetched weather for Felsőméntelek: 26.2°C, Clouds, humidity: 26%
2026-07-10 16:13:23,818 - root - INFO - [621/1205] Fetching weather for Alsóméntelek...
2026-07-10 16:13:23,958 - root - INFO - Fetched weather for Alsóméntelek: 26.3°C, Clouds, humidity: 25%
2026-07-10 16:13:25,060 - root - INFO - [622/1205] Fetching weather for Nagynyír...
2026-07-10 16:13:25,200 - root - INFO - Fetched weather for Nagynyír: 26.4°C, Clouds, humidity: 25%
2026-07-10 16:13:26,301 - root - INFO - [623/1205] Fetching weather for Úrihegy...
2026-07-10 16:13:26,458 - root - INFO - Fetched weather for Úrihegy: 30.9°C, Clouds, humidity: 24%
2026-07-10 16:13:27,560 - root - INFO - [624/1205] Fetching weather for Miklóstelep...
2026-07-10 16:13:27,717 - root - INFO - Fetched weather for Miklóstelep: 30.9°C, Clouds, humidity: 24%
2026-07-10 16:13:28,819 - root - INFO - [625/1205] Fetching weather for Tiszajenő alsó...
2026-07-10 16:13:28,980 - root - INFO - Fetched weather for Tiszajenő alsó: 27.8°C, Clouds, humidity: 31%
2026-07-10 16:13:30,082 - root - INFO - [626/1205] Fetching weather for Óbög...
2026-07-10 16:13:30,242 - root - INFO - Fetched weather for Óbög: 27.8°C, Clouds, humidity: 31%
2026-07-10 16:13:31,344 - root - INFO - [627/1205] Fetching weather for Árpádszállás...
2026-07-10 16:13:31,482 - root - INFO - Fetched weather for Árpádszállás: 30.8°C, Clouds, humidity: 17%
2026-07-10 16:13:32,583 - root - INFO - [628/1205] Fetching weather for Tőserdő...
2026-07-10 16:13:32,740 - root - INFO - Fetched weather for Tőserdő: 30.8°C, Clouds, humidity: 17%
2026-07-10 16:13:33,842 - root - INFO - [629/1205] Fetching weather for Tiszaalpár felső...
2026-07-10 16:13:33,995 - root - INFO - Fetched weather for Tiszaalpár felső: 30.8°C, Clouds, humidity: 17%
2026-07-10 16:13:35,096 - root - INFO - [630/1205] Fetching weather for Borsihalom...
2026-07-10 16:13:35,242 - root - INFO - Fetched weather for Borsihalom: 30.8°C, Clouds, humidity: 17%
2026-07-10 16:13:36,344 - root - INFO - [631/1205] Fetching weather for Petőfiváros...
2026-07-10 16:13:36,514 - root - INFO - Fetched weather for Petőfiváros: 31.1°C, Clouds, humidity: 14%
2026-07-10 16:13:37,616 - root - INFO - [632/1205] Fetching weather for Csorna...
2026-07-10 16:13:37,779 - root - INFO - Fetched weather for Csorna: 28.3°C, Clouds, humidity: 29%
2026-07-10 16:13:38,881 - root - INFO - [633/1205] Fetching weather for Szorgalmatos...
2026-07-10 16:13:39,024 - root - INFO - Fetched weather for Szorgalmatos: 22.1°C, Clouds, humidity: 46%
2026-07-10 16:13:40,126 - root - INFO - [634/1205] Fetching weather for Fótfürdő...
2026-07-10 16:13:40,279 - root - INFO - Fetched weather for Fótfürdő: 27.4°C, Clouds, humidity: 30%
2026-07-10 16:13:41,381 - root - INFO - [635/1205] Fetching weather for Fenyveshegy...
2026-07-10 16:13:41,526 - root - INFO - Fetched weather for Fenyveshegy: 27.8°C, Clouds, humidity: 32%
2026-07-10 16:13:42,627 - root - INFO - [636/1205] Fetching weather for Hűvösvölgy...
2026-07-10 16:13:42,784 - root - INFO - Fetched weather for Hűvösvölgy: 26.9°C, Clouds, humidity: 30%
2026-07-10 16:13:43,885 - root - INFO - [637/1205] Fetching weather for Hárshegy...
2026-07-10 16:13:44,034 - root - INFO - Fetched weather for Hárshegy: 26.9°C, Clouds, humidity: 30%
2026-07-10 16:13:45,135 - root - INFO - [638/1205] Fetching weather for Szépjuhászné...
2026-07-10 16:13:45,281 - root - INFO - Fetched weather for Szépjuhászné: 26.0°C, Clouds, humidity: 30%
2026-07-10 16:13:46,383 - root - INFO - [639/1205] Fetching weather for Jánoshegy...
2026-07-10 16:13:46,545 - root - INFO - Fetched weather for Jánoshegy: 25.9°C, Clouds, humidity: 29%
2026-07-10 16:13:47,647 - root - INFO - [640/1205] Fetching weather for Virágvölgy...
2026-07-10 16:13:47,815 - root - INFO - Fetched weather for Virágvölgy: 25.7°C, Clouds, humidity: 29%
2026-07-10 16:13:48,916 - root - INFO - [641/1205] Fetching weather for Csillebérc...
2026-07-10 16:13:49,082 - root - INFO - Fetched weather for Csillebérc: 25.6°C, Clouds, humidity: 28%
2026-07-10 16:13:50,183 - root - INFO - [642/1205] Fetching weather for Normafa...
2026-07-10 16:13:50,346 - root - INFO - Fetched weather for Normafa: 25.6°C, Clouds, humidity: 28%
2026-07-10 16:13:51,448 - root - INFO - [643/1205] Fetching weather for Széchenyihegy...
2026-07-10 16:13:51,609 - root - INFO - Fetched weather for Széchenyihegy: 25.7°C, Clouds, humidity: 28%
2026-07-10 16:13:52,711 - root - INFO - [644/1205] Fetching weather for Balatonfőkajár felső...
2026-07-10 16:13:52,865 - root - INFO - Fetched weather for Balatonfőkajár felső: 30.2°C, Clouds, humidity: 48%
2026-07-10 16:13:53,967 - root - INFO - [645/1205] Fetching weather for Piroska...
2026-07-10 16:13:54,110 - root - INFO - Fetched weather for Piroska: 27.8°C, Clouds, humidity: 31%
2026-07-10 16:13:55,212 - root - INFO - [646/1205] Fetching weather for Somodor...
2026-07-10 16:13:55,372 - root - INFO - Fetched weather for Somodor: 29.0°C, Clouds, humidity: 28%
2026-07-10 16:13:56,473 - root - INFO - [647/1205] Fetching weather for Középmező...
2026-07-10 16:13:56,630 - root - INFO - Fetched weather for Középmező: 28.9°C, Clouds, humidity: 24%
2026-07-10 16:13:57,731 - root - INFO - [648/1205] Fetching weather for Jobbágyi...
2026-07-10 16:13:57,889 - root - INFO - Fetched weather for Jobbágyi: 23.5°C, Clouds, humidity: 36%
2026-07-10 16:13:58,990 - root - INFO - [649/1205] Fetching weather for Ferihegy...
2026-07-10 16:13:59,148 - root - INFO - Fetched weather for Ferihegy: 27.9°C, Clouds, humidity: 28%
2026-07-10 16:14:00,250 - root - INFO - [650/1205] Fetching weather for Máriapócs...
2026-07-10 16:14:00,411 - root - INFO - Fetched weather for Máriapócs: 20.6°C, Clouds, humidity: 44%
2026-07-10 16:14:01,513 - root - INFO - [651/1205] Fetching weather for Máriaudvar...
2026-07-10 16:14:01,659 - root - INFO - Fetched weather for Máriaudvar: 27.8°C, Clouds, humidity: 32%
2026-07-10 16:14:02,760 - root - INFO - [652/1205] Fetching weather for Nagyberki...
2026-07-10 16:14:02,914 - root - INFO - Fetched weather for Nagyberki: 28.4°C, Clouds, humidity: 32%
2026-07-10 16:14:04,016 - root - INFO - [653/1205] Fetching weather for Badacsonytomaj...
2026-07-10 16:14:04,185 - root - INFO - Fetched weather for Badacsonytomaj: 29.2°C, Clouds, humidity: 36%
2026-07-10 16:14:05,286 - root - INFO - [654/1205] Fetching weather for Badacsony...
2026-07-10 16:14:05,447 - root - INFO - Fetched weather for Badacsony: 29.3°C, Clouds, humidity: 36%
2026-07-10 16:14:06,549 - root - INFO - [655/1205] Fetching weather for Badacsonylábdihegy...
2026-07-10 16:14:06,704 - root - INFO - Fetched weather for Badacsonylábdihegy: 29.3°C, Clouds, humidity: 36%
2026-07-10 16:14:07,806 - root - INFO - [656/1205] Fetching weather for Badacsonytördemic-Szigliget...
2026-07-10 16:14:07,976 - root - INFO - Fetched weather for Badacsonytördemic-Szigliget: 29.3°C, Clouds, humidity: 36%
2026-07-10 16:14:09,077 - root - INFO - [657/1205] Fetching weather for Nemesgulács-Kisapáti...
2026-07-10 16:14:09,245 - root - INFO - Fetched weather for Nemesgulács-Kisapáti: 28.8°C, Clouds, humidity: 35%
2026-07-10 16:14:10,346 - root - INFO - [658/1205] Fetching weather for Tapolca...
2026-07-10 16:14:10,480 - root - INFO - Fetched weather for Tapolca: 28.7°C, Clouds, humidity: 34%
2026-07-10 16:14:11,581 - root - INFO - [659/1205] Fetching weather for Uzsabánya alsó...
2026-07-10 16:14:11,738 - root - INFO - Fetched weather for Uzsabánya alsó: 28.6°C, Clouds, humidity: 33%
2026-07-10 16:14:12,840 - root - INFO - [660/1205] Fetching weather for Uzsa...
2026-07-10 16:14:13,010 - root - INFO - Fetched weather for Uzsa: 29.4°C, Clouds, humidity: 33%
2026-07-10 16:14:14,112 - root - INFO - [661/1205] Fetching weather for Sümegi Bazaltbánya...
2026-07-10 16:14:14,250 - root - INFO - Fetched weather for Sümegi Bazaltbánya: 29.5°C, Clouds, humidity: 32%
2026-07-10 16:14:15,352 - root - INFO - [662/1205] Fetching weather for Sümeg...
2026-07-10 16:14:15,501 - root - INFO - Fetched weather for Sümeg: 29.7°C, Clouds, humidity: 31%
2026-07-10 16:14:16,603 - root - INFO - [663/1205] Fetching weather for Gógánfa...
2026-07-10 16:14:16,762 - root - INFO - Fetched weather for Gógánfa: 26.0°C, Clouds, humidity: 31%
2026-07-10 16:14:17,863 - root - INFO - [664/1205] Fetching weather for Ukk...
2026-07-10 16:14:18,027 - root - INFO - Fetched weather for Ukk: 29.8°C, Clouds, humidity: 31%
2026-07-10 16:14:19,128 - root - INFO - [665/1205] Fetching weather for Nemeskeresztúr...
2026-07-10 16:14:19,282 - root - INFO - Fetched weather for Nemeskeresztúr: 29.6°C, Clouds, humidity: 30%
2026-07-10 16:14:20,384 - root - INFO - [666/1205] Fetching weather for Jánosháza...
2026-07-10 16:14:20,526 - root - INFO - Fetched weather for Jánosháza: 29.7°C, Clouds, humidity: 30%
2026-07-10 16:14:21,627 - root - INFO - [667/1205] Fetching weather for Keszthely...
2026-07-10 16:14:21,786 - root - INFO - Fetched weather for Keszthely: 26.2°C, Clouds, humidity: 33%
2026-07-10 16:14:22,887 - root - INFO - [668/1205] Fetching weather for Alsógyenes...
2026-07-10 16:14:23,048 - root - INFO - Fetched weather for Alsógyenes: 26.2°C, Clouds, humidity: 34%
2026-07-10 16:14:24,150 - root - INFO - [669/1205] Fetching weather for Gyenesdiás...
2026-07-10 16:14:24,301 - root - INFO - Fetched weather for Gyenesdiás: 29.7°C, Clouds, humidity: 34%
2026-07-10 16:14:25,403 - root - INFO - [670/1205] Fetching weather for Vonyarcvashegy...
2026-07-10 16:14:25,557 - root - INFO - Fetched weather for Vonyarcvashegy: 29.1°C, Clouds, humidity: 34%
2026-07-10 16:14:26,658 - root - INFO - [671/1205] Fetching weather for Balatongyörök...
2026-07-10 16:14:26,798 - root - INFO - Fetched weather for Balatongyörök: 29.6°C, Clouds, humidity: 35%
2026-07-10 16:14:27,899 - root - INFO - [672/1205] Fetching weather for Becehegy...
2026-07-10 16:14:28,063 - root - INFO - Fetched weather for Becehegy: 28.4°C, Clouds, humidity: 35%
2026-07-10 16:14:29,165 - root - INFO - [673/1205] Fetching weather for Balatonederics...
2026-07-10 16:14:29,318 - root - INFO - Fetched weather for Balatonederics: 28.4°C, Clouds, humidity: 34%
2026-07-10 16:14:30,420 - root - INFO - [674/1205] Fetching weather for Dabronc...
2026-07-10 16:14:30,560 - root - INFO - Fetched weather for Dabronc: 26.0°C, Clouds, humidity: 31%
2026-07-10 16:14:31,661 - root - INFO - [675/1205] Fetching weather for Türje...
2026-07-10 16:14:31,820 - root - INFO - Fetched weather for Türje: 25.9°C, Clouds, humidity: 31%
2026-07-10 16:14:32,922 - root - INFO - [676/1205] Fetching weather for Zalabér-Batyk...
2026-07-10 16:14:33,058 - root - INFO - Fetched weather for Zalabér-Batyk: 26.1°C, Clouds, humidity: 32%
2026-07-10 16:14:34,160 - root - INFO - [677/1205] Fetching weather for Pakod...
2026-07-10 16:14:34,301 - root - INFO - Fetched weather for Pakod: 26.0°C, Clouds, humidity: 32%
2026-07-10 16:14:35,403 - root - INFO - [678/1205] Fetching weather for Pókaszepetk...
2026-07-10 16:14:35,567 - root - INFO - Fetched weather for Pókaszepetk: 26.0°C, Clouds, humidity: 32%
2026-07-10 16:14:36,669 - root - INFO - [679/1205] Fetching weather for Kemendollár...
2026-07-10 16:14:36,815 - root - INFO - Fetched weather for Kemendollár: 26.0°C, Clouds, humidity: 32%
2026-07-10 16:14:37,917 - root - INFO - [680/1205] Fetching weather for Zalaegerszeg...
2026-07-10 16:14:38,072 - root - INFO - Fetched weather for Zalaegerszeg: 25.9°C, Clouds, humidity: 32%
2026-07-10 16:14:39,174 - root - INFO - [681/1205] Fetching weather for Bocfölde...
2026-07-10 16:14:39,345 - root - INFO - Fetched weather for Bocfölde: 25.9°C, Clouds, humidity: 32%
2026-07-10 16:14:40,446 - root - INFO - [682/1205] Fetching weather for Sárhida...
2026-07-10 16:14:40,614 - root - INFO - Fetched weather for Sárhida: 25.9°C, Clouds, humidity: 32%
2026-07-10 16:14:41,716 - root - INFO - [683/1205] Fetching weather for Bak...
2026-07-10 16:14:41,861 - root - INFO - Fetched weather for Bak: 25.9°C, Clouds, humidity: 32%
2026-07-10 16:14:42,963 - root - INFO - [684/1205] Fetching weather for Tófej...
2026-07-10 16:14:43,102 - root - INFO - Fetched weather for Tófej: 25.7°C, Clouds, humidity: 42%
2026-07-10 16:14:44,204 - root - INFO - [685/1205] Fetching weather for Gutorfölde...
2026-07-10 16:14:44,356 - root - INFO - Fetched weather for Gutorfölde: 25.7°C, Clouds, humidity: 43%
2026-07-10 16:14:45,458 - root - INFO - [686/1205] Fetching weather for Csömödér-Páka...
2026-07-10 16:14:45,615 - root - INFO - Fetched weather for Csömödér-Páka: 28.3°C, Clouds, humidity: 42%
2026-07-10 16:14:46,717 - root - INFO - [687/1205] Fetching weather for Iklódbördőce...
2026-07-10 16:14:46,874 - root - INFO - Fetched weather for Iklódbördőce: 28.3°C, Clouds, humidity: 41%
2026-07-10 16:14:47,976 - root - INFO - [688/1205] Fetching weather for Lenti...
2026-07-10 16:14:48,088 - root - INFO - Fetched weather for Lenti: 28.3°C, Clouds, humidity: 40%
2026-07-10 16:14:49,190 - root - INFO - [689/1205] Fetching weather for Rédics...
2026-07-10 16:14:49,330 - root - INFO - Fetched weather for Rédics: 28.3°C, Clouds, humidity: 39%
2026-07-10 16:14:50,431 - root - INFO - [690/1205] Fetching weather for Zalalövő...
2026-07-10 16:14:50,593 - root - INFO - Fetched weather for Zalalövő: 25.7°C, Clouds, humidity: 39%
2026-07-10 16:14:51,695 - root - INFO - [691/1205] Fetching weather for Zalaegerszeg-Ola...
2026-07-10 16:14:51,859 - root - INFO - Fetched weather for Zalaegerszeg-Ola: 25.9°C, Clouds, humidity: 32%
2026-07-10 16:14:52,961 - root - INFO - [692/1205] Fetching weather for Andráshida...
2026-07-10 16:14:53,102 - root - INFO - Fetched weather for Andráshida: 25.9°C, Clouds, humidity: 32%
2026-07-10 16:14:54,203 - root - INFO - [693/1205] Fetching weather for Bagod...
2026-07-10 16:14:54,371 - root - INFO - Fetched weather for Bagod: 25.8°C, Clouds, humidity: 32%
2026-07-10 16:14:55,473 - root - INFO - [694/1205] Fetching weather for Zalaszentgyörgy...
2026-07-10 16:14:55,622 - root - INFO - Fetched weather for Zalaszentgyörgy: 25.8°C, Clouds, humidity: 32%
2026-07-10 16:14:56,723 - root - INFO - [695/1205] Fetching weather for Zalacséb-Salomvár...
2026-07-10 16:14:56,882 - root - INFO - Fetched weather for Zalacséb-Salomvár: 25.8°C, Clouds, humidity: 32%
2026-07-10 16:14:57,984 - root - INFO - [696/1205] Fetching weather for Kópháza...
2026-07-10 16:14:58,092 - root - INFO - Fetched weather for Kópháza: 27.9°C, Clouds, humidity: 32%
2026-07-10 16:14:59,193 - root - INFO - [697/1205] Fetching weather for Nagycenk...
2026-07-10 16:14:59,353 - root - INFO - Fetched weather for Nagycenk: 28.0°C, Clouds, humidity: 32%
2026-07-10 16:15:00,455 - root - INFO - [698/1205] Fetching weather for Sopronkövesd...
2026-07-10 16:15:00,617 - root - INFO - Fetched weather for Sopronkövesd: 27.9°C, Clouds, humidity: 38%
2026-07-10 16:15:01,719 - root - INFO - [699/1205] Fetching weather for Lövő...
2026-07-10 16:15:01,883 - root - INFO - Fetched weather for Lövő: 28.0°C, Clouds, humidity: 38%
2026-07-10 16:15:02,984 - root - INFO - [700/1205] Fetching weather for Újkér...
2026-07-10 16:15:03,143 - root - INFO - Fetched weather for Újkér: 28.0°C, Clouds, humidity: 38%
2026-07-10 16:15:04,245 - root - INFO - [701/1205] Fetching weather for Bük...
2026-07-10 16:15:04,354 - root - INFO - Fetched weather for Bük: 28.1°C, Clouds, humidity: 38%
2026-07-10 16:15:05,456 - root - INFO - [702/1205] Fetching weather for Acsád...
2026-07-10 16:15:05,610 - root - INFO - Fetched weather for Acsád: 27.8°C, Clouds, humidity: 38%
2026-07-10 16:15:06,711 - root - INFO - [703/1205] Fetching weather for Salköveskút-Vassurány...
2026-07-10 16:15:06,882 - root - INFO - Fetched weather for Salköveskút-Vassurány: 27.8°C, Clouds, humidity: 38%
2026-07-10 16:15:07,984 - root - INFO - [704/1205] Fetching weather for Zalaszentiván...
2026-07-10 16:15:08,109 - root - INFO - Fetched weather for Zalaszentiván: 26.0°C, Clouds, humidity: 32%
2026-07-10 16:15:09,210 - root - INFO - [705/1205] Fetching weather for Alsónemesapáti...
2026-07-10 16:15:09,353 - root - INFO - Fetched weather for Alsónemesapáti: 26.0°C, Clouds, humidity: 32%
2026-07-10 16:15:10,455 - root - INFO - [706/1205] Fetching weather for Józsa...
2026-07-10 16:15:10,629 - root - INFO - Fetched weather for Józsa: 21.2°C, Clouds, humidity: 40%
2026-07-10 16:15:11,730 - root - INFO - [707/1205] Fetching weather for Hajdúszentgyörgy...
2026-07-10 16:15:11,842 - root - INFO - Fetched weather for Hajdúszentgyörgy: 21.2°C, Clouds, humidity: 40%
2026-07-10 16:15:12,943 - root - INFO - [708/1205] Fetching weather for Zelemér...
2026-07-10 16:15:13,102 - root - INFO - Fetched weather for Zelemér: 21.1°C, Clouds, humidity: 40%
2026-07-10 16:15:14,203 - root - INFO - [709/1205] Fetching weather for Hajdúböszörmény...
2026-07-10 16:15:14,377 - root - INFO - Fetched weather for Hajdúböszörmény: 21.3°C, Clouds, humidity: 40%
2026-07-10 16:15:15,478 - root - INFO - [710/1205] Fetching weather for Hajdúvid...
2026-07-10 16:15:15,599 - root - INFO - Fetched weather for Hajdúvid: 21.3°C, Clouds, humidity: 41%
2026-07-10 16:15:16,701 - root - INFO - [711/1205] Fetching weather for Hajdúdorog...
2026-07-10 16:15:16,851 - root - INFO - Fetched weather for Hajdúdorog: 21.2°C, Clouds, humidity: 41%
2026-07-10 16:15:17,953 - root - INFO - [712/1205] Fetching weather for Hajdúnánás...
2026-07-10 16:15:18,068 - root - INFO - Fetched weather for Hajdúnánás: 21.3°C, Clouds, humidity: 42%
2026-07-10 16:15:19,169 - root - INFO - [713/1205] Fetching weather for Hajdúnánás-Vásártér...
2026-07-10 16:15:19,326 - root - INFO - Fetched weather for Hajdúnánás-Vásártér: 21.3°C, Clouds, humidity: 42%
2026-07-10 16:15:20,427 - root - INFO - [714/1205] Fetching weather for Tedej...
2026-07-10 16:15:20,588 - root - INFO - Fetched weather for Tedej: 22.1°C, Clouds, humidity: 43%
2026-07-10 16:15:21,690 - root - INFO - [715/1205] Fetching weather for Tiszavasvári...
2026-07-10 16:15:21,854 - root - INFO - Fetched weather for Tiszavasvári: 22.1°C, Clouds, humidity: 46%
2026-07-10 16:15:22,956 - root - INFO - [716/1205] Fetching weather for Egyházerdő...
2026-07-10 16:15:23,104 - root - INFO - Fetched weather for Egyházerdő: 22.1°C, Clouds, humidity: 46%
2026-07-10 16:15:24,205 - root - INFO - [717/1205] Fetching weather for Tiszalök...
2026-07-10 16:15:24,335 - root - INFO - Fetched weather for Tiszalök: 22.1°C, Clouds, humidity: 46%
2026-07-10 16:15:25,437 - root - INFO - [718/1205] Fetching weather for Hajnalos...
2026-07-10 16:15:25,578 - root - INFO - Fetched weather for Hajnalos: 22.1°C, Clouds, humidity: 46%
2026-07-10 16:15:26,679 - root - INFO - [719/1205] Fetching weather for Kisfástanya...
2026-07-10 16:15:26,952 - root - INFO - Fetched weather for Kisfástanya: 22.1°C, Clouds, humidity: 46%
2026-07-10 16:15:28,054 - root - INFO - [720/1205] Fetching weather for Tiszaeszlár...
2026-07-10 16:15:28,209 - root - INFO - Fetched weather for Tiszaeszlár: 22.1°C, Clouds, humidity: 46%
2026-07-10 16:15:29,310 - root - INFO - [721/1205] Fetching weather for Bashalom...
2026-07-10 16:15:29,462 - root - INFO - Fetched weather for Bashalom: 22.1°C, Clouds, humidity: 46%
2026-07-10 16:15:30,563 - root - INFO - [722/1205] Fetching weather for Sáránd...
2026-07-10 16:15:30,708 - root - INFO - Fetched weather for Sáránd: 22.1°C, Clouds, humidity: 37%
2026-07-10 16:15:31,810 - root - INFO - [723/1205] Fetching weather for Derecske...
2026-07-10 16:15:31,936 - root - INFO - Fetched weather for Derecske: 22.5°C, Clouds, humidity: 35%
2026-07-10 16:15:33,037 - root - INFO - [724/1205] Fetching weather for Derecske-Vásártér...
2026-07-10 16:15:33,192 - root - INFO - Fetched weather for Derecske-Vásártér: 22.5°C, Clouds, humidity: 35%
2026-07-10 16:15:34,293 - root - INFO - [725/1205] Fetching weather for Konyár...
2026-07-10 16:15:34,449 - root - INFO - Fetched weather for Konyár: 22.9°C, Clouds, humidity: 34%
2026-07-10 16:15:35,550 - root - INFO - [726/1205] Fetching weather for Konyári Sóstófürdő...
2026-07-10 16:15:35,697 - root - INFO - Fetched weather for Konyári Sóstófürdő: 22.9°C, Clouds, humidity: 33%
2026-07-10 16:15:36,799 - root - INFO - [727/1205] Fetching weather for Pocsaj-Esztár...
2026-07-10 16:15:36,937 - root - INFO - Fetched weather for Pocsaj-Esztár: 26.4°C, Clouds, humidity: 32%
2026-07-10 16:15:38,039 - root - INFO - [728/1205] Fetching weather for Kismarja...
2026-07-10 16:15:38,170 - root - INFO - Fetched weather for Kismarja: 26.4°C, Clouds, humidity: 31%
2026-07-10 16:15:39,272 - root - INFO - [729/1205] Fetching weather for Nagykereki...
2026-07-10 16:15:39,415 - root - INFO - Fetched weather for Nagykereki: 26.3°C, Clouds, humidity: 28%
2026-07-10 16:15:40,516 - root - INFO - [730/1205] Fetching weather for Debrecen-Szabadságtelep...
2026-07-10 16:15:40,669 - root - INFO - Fetched weather for Debrecen-Szabadságtelep: 21.4°C, Clouds, humidity: 40%
2026-07-10 16:15:41,771 - root - INFO - [731/1205] Fetching weather for Kondoroskert...
2026-07-10 16:15:41,921 - root - INFO - Fetched weather for Kondoroskert: 21.4°C, Clouds, humidity: 40%
2026-07-10 16:15:43,023 - root - INFO - [732/1205] Fetching weather for Nagycsere...
2026-07-10 16:15:43,172 - root - INFO - Fetched weather for Nagycsere: 21.4°C, Clouds, humidity: 40%
2026-07-10 16:15:44,274 - root - INFO - [733/1205] Fetching weather for Haláp...
2026-07-10 16:15:44,421 - root - INFO - Fetched weather for Haláp: 21.4°C, Clouds, humidity: 40%
2026-07-10 16:15:45,523 - root - INFO - [734/1205] Fetching weather for Vámospércs...
2026-07-10 16:15:45,666 - root - INFO - Fetched weather for Vámospércs: 21.6°C, Clouds, humidity: 40%
2026-07-10 16:15:46,767 - root - INFO - [735/1205] Fetching weather for Szentannapuszta...
2026-07-10 16:15:46,916 - root - INFO - Fetched weather for Szentannapuszta: 21.7°C, Clouds, humidity: 39%
2026-07-10 16:15:48,017 - root - INFO - [736/1205] Fetching weather for Nyírábrány...
2026-07-10 16:15:48,161 - root - INFO - Fetched weather for Nyírábrány: 21.8°C, Clouds, humidity: 39%
2026-07-10 16:15:49,262 - root - INFO - [737/1205] Fetching weather for Dombostanya...
2026-07-10 16:15:49,395 - root - INFO - Fetched weather for Dombostanya: 21.0°C, Clouds, humidity: 41%
2026-07-10 16:15:50,497 - root - INFO - [738/1205] Fetching weather for Hajdúsámson...
2026-07-10 16:15:50,655 - root - INFO - Fetched weather for Hajdúsámson: 21.0°C, Clouds, humidity: 42%
2026-07-10 16:15:51,756 - root - INFO - [739/1205] Fetching weather for Tamásipuszta...
2026-07-10 16:15:51,885 - root - INFO - Fetched weather for Tamásipuszta: 20.9°C, Clouds, humidity: 42%
2026-07-10 16:15:52,986 - root - INFO - [740/1205] Fetching weather for Aradványpuszta...
2026-07-10 16:15:53,139 - root - INFO - Fetched weather for Aradványpuszta: 20.9°C, Clouds, humidity: 42%
2026-07-10 16:15:54,240 - root - INFO - [741/1205] Fetching weather for Nyíradony...
2026-07-10 16:15:54,393 - root - INFO - Fetched weather for Nyíradony: 20.8°C, Clouds, humidity: 43%
2026-07-10 16:15:55,495 - root - INFO - [742/1205] Fetching weather for Nyírmihálydi...
2026-07-10 16:15:55,631 - root - INFO - Fetched weather for Nyírmihálydi: 20.8°C, Clouds, humidity: 43%
2026-07-10 16:15:56,733 - root - INFO - [743/1205] Fetching weather for Nyírgelse...
2026-07-10 16:15:56,858 - root - INFO - Fetched weather for Nyírgelse: 20.7°C, Clouds, humidity: 43%
2026-07-10 16:15:57,960 - root - INFO - [744/1205] Fetching weather for Nyírbogát...
2026-07-10 16:15:58,098 - root - INFO - Fetched weather for Nyírbogát: 20.8°C, Clouds, humidity: 44%
2026-07-10 16:15:59,200 - root - INFO - [745/1205] Fetching weather for Nagykálló...
2026-07-10 16:15:59,349 - root - INFO - Fetched weather for Nagykálló: 20.6°C, Clouds, humidity: 44%
2026-07-10 16:16:00,451 - root - INFO - [746/1205] Fetching weather for Kállósemjén...
2026-07-10 16:16:00,590 - root - INFO - Fetched weather for Kállósemjén: 20.7°C, Clouds, humidity: 44%
2026-07-10 16:16:01,692 - root - INFO - [747/1205] Fetching weather for Nyírbátor...
2026-07-10 16:16:01,818 - root - INFO - Fetched weather for Nyírbátor: 20.7°C, Clouds, humidity: 44%
2026-07-10 16:16:02,920 - root - INFO - [748/1205] Fetching weather for Nyírcsászári...
2026-07-10 16:16:03,061 - root - INFO - Fetched weather for Nyírcsászári: 20.7°C, Clouds, humidity: 45%
2026-07-10 16:16:04,163 - root - INFO - [749/1205] Fetching weather for Hodász...
2026-07-10 16:16:04,290 - root - INFO - Fetched weather for Hodász: 20.6°C, Clouds, humidity: 46%
2026-07-10 16:16:05,392 - root - INFO - [750/1205] Fetching weather for Nyírmeggyes...
2026-07-10 16:16:05,528 - root - INFO - Fetched weather for Nyírmeggyes: 20.5°C, Clouds, humidity: 46%
2026-07-10 16:16:06,630 - root - INFO - [751/1205] Fetching weather for Mátészalka...
2026-07-10 16:16:06,771 - root - INFO - Fetched weather for Mátészalka: 20.5°C, Clouds, humidity: 47%
2026-07-10 16:16:07,873 - root - INFO - [752/1205] Fetching weather for Kocsord...
2026-07-10 16:16:08,010 - root - INFO - Fetched weather for Kocsord: 20.5°C, Clouds, humidity: 48%
2026-07-10 16:16:09,112 - root - INFO - [753/1205] Fetching weather for Kocsord alsó...
2026-07-10 16:16:09,252 - root - INFO - Fetched weather for Kocsord alsó: 20.5°C, Clouds, humidity: 48%
2026-07-10 16:16:10,353 - root - INFO - [754/1205] Fetching weather for Győrtelek...
2026-07-10 16:16:10,479 - root - INFO - Fetched weather for Győrtelek: 20.5°C, Clouds, humidity: 49%
2026-07-10 16:16:11,580 - root - INFO - [755/1205] Fetching weather for Győrtelek alsó...
2026-07-10 16:16:11,711 - root - INFO - Fetched weather for Győrtelek alsó: 20.4°C, Clouds, humidity: 49%
2026-07-10 16:16:12,813 - root - INFO - [756/1205] Fetching weather for Ököritófülpös...
2026-07-10 16:16:12,972 - root - INFO - Fetched weather for Ököritófülpös: 20.4°C, Clouds, humidity: 49%
2026-07-10 16:16:14,073 - root - INFO - [757/1205] Fetching weather for Porcsalma-Tyukod...
2026-07-10 16:16:14,207 - root - INFO - Fetched weather for Porcsalma-Tyukod: 21.2°C, Clouds, humidity: 50%
2026-07-10 16:16:15,309 - root - INFO - [758/1205] Fetching weather for Csenger...
2026-07-10 16:16:15,458 - root - INFO - Fetched weather for Csenger: 21.2°C, Clouds, humidity: 50%
2026-07-10 16:16:16,559 - root - INFO - [759/1205] Fetching weather for Kisfái...
2026-07-10 16:16:16,687 - root - INFO - Fetched weather for Kisfái: 30.9°C, Clouds, humidity: 14%
2026-07-10 16:16:17,788 - root - INFO - [760/1205] Fetching weather for Nyárlőrinci szőlők...
2026-07-10 16:16:17,920 - root - INFO - Fetched weather for Nyárlőrinci szőlők: 30.9°C, Clouds, humidity: 16%
2026-07-10 16:16:19,021 - root - INFO - [761/1205] Fetching weather for Nyárlőrinc alsó...
2026-07-10 16:16:19,154 - root - INFO - Fetched weather for Nyárlőrinc alsó: 31.1°C, Clouds, humidity: 14%
2026-07-10 16:16:20,255 - root - INFO - [762/1205] Fetching weather for Tiszaug-Tiszahídfő...
2026-07-10 16:16:20,395 - root - INFO - Fetched weather for Tiszaug-Tiszahídfő: 30.2°C, Clouds, humidity: 23%
2026-07-10 16:16:21,497 - root - INFO - [763/1205] Fetching weather for Csongrádi úti tanyák...
2026-07-10 16:16:21,640 - root - INFO - Fetched weather for Csongrádi úti tanyák: 29.7°C, Clouds, humidity: 21%
2026-07-10 16:16:22,742 - root - INFO - [764/1205] Fetching weather for Kettőshalom...
2026-07-10 16:16:22,869 - root - INFO - Fetched weather for Kettőshalom: 30.1°C, Clouds, humidity: 19%
2026-07-10 16:16:23,971 - root - INFO - [765/1205] Fetching weather for Csongrád alsó...
2026-07-10 16:16:24,098 - root - INFO - Fetched weather for Csongrád alsó: 27.9°C, Clouds, humidity: 26%
2026-07-10 16:16:25,200 - root - INFO - [766/1205] Fetching weather for Dónát...
2026-07-10 16:16:25,340 - root - INFO - Fetched weather for Dónát: 28.3°C, Clouds, humidity: 26%
2026-07-10 16:16:26,442 - root - INFO - [767/1205] Fetching weather for Pusztatemplom...
2026-07-10 16:16:26,577 - root - INFO - Fetched weather for Pusztatemplom: 28.3°C, Clouds, humidity: 26%
2026-07-10 16:16:27,679 - root - INFO - [768/1205] Fetching weather for Előhát...
2026-07-10 16:16:27,819 - root - INFO - Fetched weather for Előhát: 26.1°C, Clouds, humidity: 40%
2026-07-10 16:16:28,920 - root - INFO - [769/1205] Fetching weather for Polgárdi-Tekerespuszta...
2026-07-10 16:16:29,050 - root - INFO - Fetched weather for Polgárdi-Tekerespuszta: 30.4°C, Clouds, humidity: 27%
2026-07-10 16:16:30,152 - root - INFO - [770/1205] Fetching weather for Szatina-Kishajmás...
2026-07-10 16:16:30,296 - root - INFO - Fetched weather for Szatina-Kishajmás: 27.3°C, Clouds, humidity: 34%
2026-07-10 16:16:31,398 - root - INFO - [771/1205] Fetching weather for Márok...
2026-07-10 16:16:31,522 - root - INFO - Fetched weather for Márok: 29.3°C, Clouds, humidity: 38%
2026-07-10 16:16:32,624 - root - INFO - [772/1205] Fetching weather for Nagynyárád...
2026-07-10 16:16:32,763 - root - INFO - Fetched weather for Nagynyárád: 29.3°C, Clouds, humidity: 38%
2026-07-10 16:16:33,864 - root - INFO - [773/1205] Fetching weather for Szászvár...
2026-07-10 16:16:34,008 - root - INFO - Fetched weather for Szászvár: 28.7°C, Clouds, humidity: 26%
2026-07-10 16:16:35,109 - root - INFO - [774/1205] Fetching weather for Cikó...
2026-07-10 16:16:35,249 - root - INFO - Fetched weather for Cikó: 28.9°C, Clouds, humidity: 26%
2026-07-10 16:16:36,351 - root - INFO - [775/1205] Fetching weather for Gyöngyfa-Magyarmecske...
2026-07-10 16:16:36,499 - root - INFO - Fetched weather for Gyöngyfa-Magyarmecske: 28.1°C, Clouds, humidity: 31%
2026-07-10 16:16:37,601 - root - INFO - [776/1205] Fetching weather for Nagyhát...
2026-07-10 16:16:37,734 - root - INFO - Fetched weather for Nagyhát: 21.6°C, Clouds, humidity: 39%
2026-07-10 16:16:38,835 - root - INFO - [777/1205] Fetching weather for Balmazújváros...
2026-07-10 16:16:38,973 - root - INFO - Fetched weather for Balmazújváros: 21.9°C, Clouds, humidity: 39%
2026-07-10 16:16:40,074 - root - INFO - [778/1205] Fetching weather for Kónya...
2026-07-10 16:16:40,198 - root - INFO - Fetched weather for Kónya: 22.1°C, Clouds, humidity: 38%
2026-07-10 16:16:41,300 - root - INFO - [779/1205] Fetching weather for Hortobágy...
2026-07-10 16:16:41,440 - root - INFO - Fetched weather for Hortobágy: 22.2°C, Clouds, humidity: 38%
2026-07-10 16:16:42,541 - root - INFO - [780/1205] Fetching weather for Hortobágyi Halastó...
2026-07-10 16:16:42,681 - root - INFO - Fetched weather for Hortobágyi Halastó: 22.2°C, Clouds, humidity: 38%
2026-07-10 16:16:43,783 - root - INFO - [781/1205] Fetching weather for Ohat-Pusztakócs...
2026-07-10 16:16:43,920 - root - INFO - Fetched weather for Ohat-Pusztakócs: 22.2°C, Clouds, humidity: 39%
2026-07-10 16:16:45,021 - root - INFO - [782/1205] Fetching weather for Egyek...
2026-07-10 16:16:45,144 - root - INFO - Fetched weather for Egyek: 26.1°C, Clouds, humidity: 39%
2026-07-10 16:16:46,246 - root - INFO - [783/1205] Fetching weather for Tiszafüred...
2026-07-10 16:16:46,377 - root - INFO - Fetched weather for Tiszafüred: 26.1°C, Clouds, humidity: 39%
2026-07-10 16:16:47,478 - root - INFO - [784/1205] Fetching weather for Poroszló...
2026-07-10 16:16:47,615 - root - INFO - Fetched weather for Poroszló: 26.1°C, Clouds, humidity: 39%
2026-07-10 16:16:48,717 - root - INFO - [785/1205] Fetching weather for Kétútköz...
2026-07-10 16:16:48,861 - root - INFO - Fetched weather for Kétútköz: 26.1°C, Clouds, humidity: 40%
2026-07-10 16:16:49,963 - root - INFO - [786/1205] Fetching weather for Egerfarmos...
2026-07-10 16:16:50,117 - root - INFO - Fetched weather for Egerfarmos: 26.0°C, Clouds, humidity: 40%
2026-07-10 16:16:51,218 - root - INFO - [787/1205] Fetching weather for Piliscsaba...
2026-07-10 16:16:51,348 - root - INFO - Fetched weather for Piliscsaba: 27.0°C, Clouds, humidity: 31%
2026-07-10 16:16:52,449 - root - INFO - [788/1205] Fetching weather for Pilisjászfalu...
2026-07-10 16:16:52,586 - root - INFO - Fetched weather for Pilisjászfalu: 25.6°C, Clouds, humidity: 35%
2026-07-10 16:16:53,688 - root - INFO - [789/1205] Fetching weather for Leányvár...
2026-07-10 16:16:53,804 - root - INFO - Fetched weather for Leányvár: 25.6°C, Clouds, humidity: 35%
2026-07-10 16:16:54,906 - root - INFO - [790/1205] Fetching weather for Dorog...
2026-07-10 16:16:55,053 - root - INFO - Fetched weather for Dorog: 25.8°C, Clouds, humidity: 32%
2026-07-10 16:16:56,155 - root - INFO - [791/1205] Fetching weather for Esztergom-Kertváros...
2026-07-10 16:16:56,295 - root - INFO - Fetched weather for Esztergom-Kertváros: 25.9°C, Clouds, humidity: 32%
2026-07-10 16:16:57,396 - root - INFO - [792/1205] Fetching weather for Esztergom...
2026-07-10 16:16:57,528 - root - INFO - Fetched weather for Esztergom: 25.9°C, Clouds, humidity: 32%
2026-07-10 16:16:58,629 - root - INFO - [793/1205] Fetching weather for Dunaalmás...
2026-07-10 16:16:58,781 - root - INFO - Fetched weather for Dunaalmás: 27.3°C, Clouds, humidity: 30%
2026-07-10 16:16:59,883 - root - INFO - [794/1205] Fetching weather for Neszmély...
2026-07-10 16:17:00,029 - root - INFO - Fetched weather for Neszmély: 27.3°C, Clouds, humidity: 30%
2026-07-10 16:17:01,131 - root - INFO - [795/1205] Fetching weather for Süttő...
2026-07-10 16:17:01,249 - root - INFO - Fetched weather for Süttő: 27.0°C, Clouds, humidity: 31%
2026-07-10 16:17:02,351 - root - INFO - [796/1205] Fetching weather for Piszke...
2026-07-10 16:17:02,492 - root - INFO - Fetched weather for Piszke: 26.9°C, Clouds, humidity: 31%
2026-07-10 16:17:03,594 - root - INFO - [797/1205] Fetching weather for Lábatlan...
2026-07-10 16:17:03,723 - root - INFO - Fetched weather for Lábatlan: 26.8°C, Clouds, humidity: 31%
2026-07-10 16:17:04,825 - root - INFO - [798/1205] Fetching weather for Eternitgyár...
2026-07-10 16:17:04,986 - root - INFO - Fetched weather for Eternitgyár: 26.8°C, Clouds, humidity: 31%
2026-07-10 16:17:06,088 - root - INFO - [799/1205] Fetching weather for Nyergesújfalu felső...
2026-07-10 16:17:06,221 - root - INFO - Fetched weather for Nyergesújfalu felső: 26.8°C, Clouds, humidity: 31%
2026-07-10 16:17:07,323 - root - INFO - [800/1205] Fetching weather for Nyergesújfalu...
2026-07-10 16:17:07,486 - root - INFO - Fetched weather for Nyergesújfalu: 26.7°C, Clouds, humidity: 31%
2026-07-10 16:17:08,588 - root - INFO - [801/1205] Fetching weather for Tokod...
2026-07-10 16:17:08,729 - root - INFO - Fetched weather for Tokod: 25.9°C, Clouds, humidity: 32%
2026-07-10 16:17:09,831 - root - INFO - [802/1205] Fetching weather for Környe...
2026-07-10 16:17:09,944 - root - INFO - Fetched weather for Környe: 27.2°C, Clouds, humidity: 30%
2026-07-10 16:17:11,046 - root - INFO - [803/1205] Fetching weather for Kecskéd alsó...
2026-07-10 16:17:11,187 - root - INFO - Fetched weather for Kecskéd alsó: 27.3°C, Clouds, humidity: 29%
2026-07-10 16:17:12,289 - root - INFO - [804/1205] Fetching weather for Oroszlány...
2026-07-10 16:17:12,445 - root - INFO - Fetched weather for Oroszlány: 27.2°C, Clouds, humidity: 29%
2026-07-10 16:17:13,546 - root - INFO - [805/1205] Fetching weather for Győrszabadhegy...
2026-07-10 16:17:13,655 - root - INFO - Fetched weather for Győrszabadhegy: 28.7°C, Clouds, humidity: 28%
2026-07-10 16:17:14,757 - root - INFO - [806/1205] Fetching weather for Ménfőcsanak felső...
2026-07-10 16:17:14,891 - root - INFO - Fetched weather for Ménfőcsanak felső: 28.8°C, Clouds, humidity: 28%
2026-07-10 16:17:15,993 - root - INFO - [807/1205] Fetching weather for Gyömöre-Tét...
2026-07-10 16:17:16,111 - root - INFO - Fetched weather for Gyömöre-Tét: 28.8°C, Clouds, humidity: 28%
2026-07-10 16:17:17,212 - root - INFO - [808/1205] Fetching weather for Szerecseny...
2026-07-10 16:17:17,371 - root - INFO - Fetched weather for Szerecseny: 28.9°C, Clouds, humidity: 28%
2026-07-10 16:17:18,473 - root - INFO - [809/1205] Fetching weather for Gecse-Gyarmat...
2026-07-10 16:17:18,627 - root - INFO - Fetched weather for Gecse-Gyarmat: 28.8°C, Clouds, humidity: 28%
2026-07-10 16:17:19,729 - root - INFO - [810/1205] Fetching weather for Vaszar...
2026-07-10 16:17:19,885 - root - INFO - Fetched weather for Vaszar: 29.1°C, Clouds, humidity: 29%
2026-07-10 16:17:20,987 - root - INFO - [811/1205] Fetching weather for Pápa...
2026-07-10 16:17:21,130 - root - INFO - Fetched weather for Pápa: 29.1°C, Clouds, humidity: 29%
2026-07-10 16:17:22,232 - root - INFO - [812/1205] Fetching weather for Mezőlak...
2026-07-10 16:17:22,368 - root - INFO - Fetched weather for Mezőlak: 29.3°C, Clouds, humidity: 29%
2026-07-10 16:17:23,469 - root - INFO - [813/1205] Fetching weather for Mihályháza...
2026-07-10 16:17:23,630 - root - INFO - Fetched weather for Mihályháza: 29.3°C, Clouds, humidity: 29%
2026-07-10 16:17:24,732 - root - INFO - [814/1205] Fetching weather for Vinár...
2026-07-10 16:17:24,856 - root - INFO - Fetched weather for Vinár: 29.4°C, Clouds, humidity: 30%
2026-07-10 16:17:25,958 - root - INFO - [815/1205] Fetching weather for Külsővat...
2026-07-10 16:17:26,116 - root - INFO - Fetched weather for Külsővat: 29.5°C, Clouds, humidity: 30%
2026-07-10 16:17:27,218 - root - INFO - [816/1205] Fetching weather for Celldömölk...
2026-07-10 16:17:27,357 - root - INFO - Fetched weather for Celldömölk: 29.6°C, Clouds, humidity: 30%
2026-07-10 16:17:28,459 - root - INFO - [817/1205] Fetching weather for Kemenesmihályfa...
2026-07-10 16:17:28,599 - root - INFO - Fetched weather for Kemenesmihályfa: 29.2°C, Clouds, humidity: 30%
2026-07-10 16:17:29,701 - root - INFO - [818/1205] Fetching weather for Nagysimonyi...
2026-07-10 16:17:29,832 - root - INFO - Fetched weather for Nagysimonyi: 29.3°C, Clouds, humidity: 31%
2026-07-10 16:17:30,934 - root - INFO - [819/1205] Fetching weather for Ostffyasszonyfa...
2026-07-10 16:17:31,090 - root - INFO - Fetched weather for Ostffyasszonyfa: 29.4°C, Clouds, humidity: 31%
2026-07-10 16:17:32,192 - root - INFO - [820/1205] Fetching weather for Sárvár...
2026-07-10 16:17:32,356 - root - INFO - Fetched weather for Sárvár: 29.6°C, Clouds, humidity: 31%
2026-07-10 16:17:33,457 - root - INFO - [821/1205] Fetching weather for Porpác...
2026-07-10 16:17:33,573 - root - INFO - Fetched weather for Porpác: 27.5°C, Clouds, humidity: 32%
2026-07-10 16:17:34,674 - root - INFO - [822/1205] Fetching weather for Balatonföldvár...
2026-07-10 16:17:34,838 - root - INFO - Fetched weather for Balatonföldvár: 28.4°C, Clouds, humidity: 31%
2026-07-10 16:17:35,940 - root - INFO - [823/1205] Fetching weather for Balatonszárszó...
2026-07-10 16:17:36,084 - root - INFO - Fetched weather for Balatonszárszó: 28.2°C, Clouds, humidity: 21%
2026-07-10 16:17:37,185 - root - INFO - [824/1205] Fetching weather for Balatonszemes...
2026-07-10 16:17:37,349 - root - INFO - Fetched weather for Balatonszemes: 27.9°C, Clouds, humidity: 21%
2026-07-10 16:17:38,450 - root - INFO - [825/1205] Fetching weather for Balatonlelle felső...
2026-07-10 16:17:38,613 - root - INFO - Fetched weather for Balatonlelle felső: 27.8°C, Clouds, humidity: 21%
2026-07-10 16:17:39,714 - root - INFO - [826/1205] Fetching weather for Balatonlelle...
2026-07-10 16:17:39,829 - root - INFO - Fetched weather for Balatonlelle: 27.7°C, Clouds, humidity: 34%
2026-07-10 16:17:40,930 - root - INFO - [827/1205] Fetching weather for Fonyódliget...
2026-07-10 16:17:41,089 - root - INFO - Fetched weather for Fonyódliget: 27.8°C, Clouds, humidity: 35%
2026-07-10 16:17:42,190 - root - INFO - [828/1205] Fetching weather for Balatonboglár...
2026-07-10 16:17:42,335 - root - INFO - Fetched weather for Balatonboglár: 27.8°C, Clouds, humidity: 35%
2026-07-10 16:17:43,436 - root - INFO - [829/1205] Fetching weather for Balatonfenyves alsó...
2026-07-10 16:17:43,606 - root - INFO - Fetched weather for Balatonfenyves alsó: 29.4°C, Clouds, humidity: 36%
2026-07-10 16:17:44,708 - root - INFO - [830/1205] Fetching weather for Fonyód...
2026-07-10 16:17:44,866 - root - INFO - Fetched weather for Fonyód: 29.2°C, Clouds, humidity: 36%
2026-07-10 16:17:45,968 - root - INFO - [831/1205] Fetching weather for Bélatelep...
2026-07-10 16:17:46,084 - root - INFO - Fetched weather for Bélatelep: 29.3°C, Clouds, humidity: 36%
2026-07-10 16:17:47,186 - root - INFO - [832/1205] Fetching weather for Alsóbélatelep...
2026-07-10 16:17:47,346 - root - INFO - Fetched weather for Alsóbélatelep: 29.3°C, Clouds, humidity: 36%
2026-07-10 16:17:48,448 - root - INFO - [833/1205] Fetching weather for Balatonfenyves...
2026-07-10 16:17:48,589 - root - INFO - Fetched weather for Balatonfenyves: 29.3°C, Clouds, humidity: 36%
2026-07-10 16:17:49,690 - root - INFO - [834/1205] Fetching weather for Máriahullámtelep...
2026-07-10 16:17:49,808 - root - INFO - Fetched weather for Máriahullámtelep: 29.4°C, Clouds, humidity: 36%
2026-07-10 16:17:50,910 - root - INFO - [835/1205] Fetching weather for Balatonmáriafürdő...
2026-07-10 16:17:51,075 - root - INFO - Fetched weather for Balatonmáriafürdő: 29.6°C, Clouds, humidity: 35%
2026-07-10 16:17:52,177 - root - INFO - [836/1205] Fetching weather for Balatonberény...
2026-07-10 16:17:52,336 - root - INFO - Fetched weather for Balatonberény: 29.6°C, Clouds, humidity: 34%
2026-07-10 16:17:53,437 - root - INFO - [837/1205] Fetching weather for Balatonszentgyörgy...
2026-07-10 16:17:53,553 - root - INFO - Fetched weather for Balatonszentgyörgy: 29.7°C, Clouds, humidity: 34%
2026-07-10 16:17:54,655 - root - INFO - [838/1205] Fetching weather for Vörs...
2026-07-10 16:17:54,767 - root - INFO - Fetched weather for Vörs: 29.8°C, Clouds, humidity: 33%
2026-07-10 16:17:55,869 - root - INFO - [839/1205] Fetching weather for Zalaszentjakab...
2026-07-10 16:17:56,045 - root - INFO - Fetched weather for Zalaszentjakab: 30.0°C, Clouds, humidity: 33%
2026-07-10 16:17:57,147 - root - INFO - [840/1205] Fetching weather for Nagykanizsa...
2026-07-10 16:17:57,314 - root - INFO - Fetched weather for Nagykanizsa: 30.3°C, Clouds, humidity: 35%
2026-07-10 16:17:58,416 - root - INFO - [841/1205] Fetching weather for Murakeresztúr...
2026-07-10 16:17:58,556 - root - INFO - Fetched weather for Murakeresztúr: 30.7°C, Clouds, humidity: 36%
2026-07-10 16:17:59,658 - root - INFO - [842/1205] Fetching weather for Zalakomár...
2026-07-10 16:17:59,806 - root - INFO - Fetched weather for Zalakomár: 30.0°C, Clouds, humidity: 33%
2026-07-10 16:18:00,908 - root - INFO - [843/1205] Fetching weather for Szárazrét...
2026-07-10 16:18:01,067 - root - INFO - Fetched weather for Szárazrét: 27.9°C, Clouds, humidity: 28%
2026-07-10 16:18:02,168 - root - INFO - [844/1205] Fetching weather for Bodajk...
2026-07-10 16:18:02,315 - root - INFO - Fetched weather for Bodajk: 27.8°C, Clouds, humidity: 29%
2026-07-10 16:18:03,416 - root - INFO - [845/1205] Fetching weather for Csókakő...
2026-07-10 16:18:03,531 - root - INFO - Fetched weather for Csókakő: 27.5°C, Clouds, humidity: 29%
2026-07-10 16:18:04,632 - root - INFO - [846/1205] Fetching weather for Mór...
2026-07-10 16:18:04,790 - root - INFO - Fetched weather for Mór: 27.7°C, Clouds, humidity: 28%
2026-07-10 16:18:05,892 - root - INFO - [847/1205] Fetching weather for Bakonysárkány...
2026-07-10 16:18:06,034 - root - INFO - Fetched weather for Bakonysárkány: 27.4°C, Clouds, humidity: 28%
2026-07-10 16:18:07,136 - root - INFO - [848/1205] Fetching weather for Kisbér...
2026-07-10 16:18:07,267 - root - INFO - Fetched weather for Kisbér: 27.8°C, Clouds, humidity: 28%
2026-07-10 16:18:08,369 - root - INFO - [849/1205] Fetching weather for Nagyigmánd-Bábolna...
2026-07-10 16:18:08,514 - root - INFO - Fetched weather for Nagyigmánd-Bábolna: 27.9°C, Clouds, humidity: 28%
2026-07-10 16:18:09,616 - root - INFO - [850/1205] Fetching weather for Budapest-Déli...
2026-07-10 16:18:09,784 - root - INFO - Fetched weather for Budapest-Déli: 27.6°C, Clouds, humidity: 29%
2026-07-10 16:18:10,886 - root - INFO - [851/1205] Fetching weather for Budapest-Kelenföld...
2026-07-10 16:18:11,066 - root - INFO - Fetched weather for Budapest-Kelenföld: 28.2°C, Clouds, humidity: 29%
2026-07-10 16:18:12,168 - root - INFO - [852/1205] Fetching weather for Budaörs...
2026-07-10 16:18:12,308 - root - INFO - Fetched weather for Budaörs: 28.3°C, Clouds, humidity: 28%
2026-07-10 16:18:13,410 - root - INFO - [853/1205] Fetching weather for Biatorbágy...
2026-07-10 16:18:13,543 - root - INFO - Fetched weather for Biatorbágy: 28.0°C, Clouds, humidity: 28%
2026-07-10 16:18:14,644 - root - INFO - [854/1205] Fetching weather for Herceghalom...
2026-07-10 16:18:14,800 - root - INFO - Fetched weather for Herceghalom: 28.3°C, Clouds, humidity: 32%
2026-07-10 16:18:15,901 - root - INFO - [855/1205] Fetching weather for Bicske...
2026-07-10 16:18:16,043 - root - INFO - Fetched weather for Bicske: 25.5°C, Clear, humidity: 31%
2026-07-10 16:18:17,144 - root - INFO - [856/1205] Fetching weather for Szár...
2026-07-10 16:18:17,313 - root - INFO - Fetched weather for Szár: 25.3°C, Clear, humidity: 31%
2026-07-10 16:18:18,415 - root - INFO - [857/1205] Fetching weather for Szárliget...
2026-07-10 16:18:18,555 - root - INFO - Fetched weather for Szárliget: 26.3°C, Clouds, humidity: 31%
2026-07-10 16:18:19,657 - root - INFO - [858/1205] Fetching weather for Alsógalla...
2026-07-10 16:18:19,819 - root - INFO - Fetched weather for Alsógalla: 26.9°C, Clouds, humidity: 31%
2026-07-10 16:18:20,921 - root - INFO - [859/1205] Fetching weather for Tatabánya...
2026-07-10 16:18:21,053 - root - INFO - Fetched weather for Tatabánya: 27.0°C, Clouds, humidity: 31%
2026-07-10 16:18:22,155 - root - INFO - [860/1205] Fetching weather for Vértesszőlős...
2026-07-10 16:18:22,308 - root - INFO - Fetched weather for Vértesszőlős: 27.0°C, Clouds, humidity: 31%
2026-07-10 16:18:23,410 - root - INFO - [861/1205] Fetching weather for Tóvároskert...
2026-07-10 16:18:23,570 - root - INFO - Fetched weather for Tóvároskert: 27.1°C, Clouds, humidity: 30%
2026-07-10 16:18:24,671 - root - INFO - [862/1205] Fetching weather for Tata...
2026-07-10 16:18:24,825 - root - INFO - Fetched weather for Tata: 27.1°C, Clouds, humidity: 30%
2026-07-10 16:18:25,926 - root - INFO - [863/1205] Fetching weather for Almásfüzitő...
2026-07-10 16:18:26,107 - root - INFO - Fetched weather for Almásfüzitő: 27.3°C, Clouds, humidity: 30%
2026-07-10 16:18:27,209 - root - INFO - [864/1205] Fetching weather for Almásfüzitő felső...
2026-07-10 16:18:27,384 - root - INFO - Fetched weather for Almásfüzitő felső: 29.5°C, Clouds, humidity: 30%
2026-07-10 16:18:28,486 - root - INFO - [865/1205] Fetching weather for Szőny...
2026-07-10 16:18:28,670 - root - INFO - Fetched weather for Szőny: 29.5°C, Clouds, humidity: 29%
2026-07-10 16:18:29,771 - root - INFO - [866/1205] Fetching weather for Komárom...
2026-07-10 16:18:29,896 - root - INFO - Fetched weather for Komárom: 29.5°C, Clouds, humidity: 29%
2026-07-10 16:18:30,998 - root - INFO - [867/1205] Fetching weather for Ács...
2026-07-10 16:18:31,162 - root - INFO - Fetched weather for Ács: 27.8°C, Clouds, humidity: 29%
2026-07-10 16:18:32,264 - root - INFO - [868/1205] Fetching weather for Nagyszentjános...
2026-07-10 16:18:32,400 - root - INFO - Fetched weather for Nagyszentjános: 28.1°C, Clouds, humidity: 28%
2026-07-10 16:18:33,501 - root - INFO - [869/1205] Fetching weather for Győrszentiván...
2026-07-10 16:18:33,640 - root - INFO - Fetched weather for Győrszentiván: 28.3°C, Clouds, humidity: 28%
2026-07-10 16:18:34,742 - root - INFO - [870/1205] Fetching weather for Győr-Gyárváros...
2026-07-10 16:18:34,913 - root - INFO - Fetched weather for Győr-Gyárváros: 28.5°C, Clouds, humidity: 28%
2026-07-10 16:18:36,014 - root - INFO - [871/1205] Fetching weather for Győr...
2026-07-10 16:18:36,175 - root - INFO - Fetched weather for Győr: 28.5°C, Clouds, humidity: 28%
2026-07-10 16:18:37,276 - root - INFO - [872/1205] Fetching weather for Öttevény...
2026-07-10 16:18:37,456 - root - INFO - Fetched weather for Öttevény: 28.6°C, Clouds, humidity: 28%
2026-07-10 16:18:38,558 - root - INFO - [873/1205] Fetching weather for Lébény-Mosonszentmiklós...
2026-07-10 16:18:38,720 - root - INFO - Fetched weather for Lébény-Mosonszentmiklós: 28.7°C, Clouds, humidity: 29%
2026-07-10 16:18:39,821 - root - INFO - [874/1205] Fetching weather for Kimle-Károlyháza...
2026-07-10 16:18:39,957 - root - INFO - Fetched weather for Kimle-Károlyháza: 28.7°C, Clouds, humidity: 29%
2026-07-10 16:18:41,059 - root - INFO - [875/1205] Fetching weather for Mosonmagyaróvár...
2026-07-10 16:18:41,221 - root - INFO - Fetched weather for Mosonmagyaróvár: 30.6°C, Clouds, humidity: 29%
2026-07-10 16:18:42,323 - root - INFO - [876/1205] Fetching weather for Levél...
2026-07-10 16:18:42,482 - root - INFO - Fetched weather for Levél: 30.4°C, Clouds, humidity: 29%
2026-07-10 16:18:43,583 - root - INFO - [877/1205] Fetching weather for Hegyeshalom...
2026-07-10 16:18:43,739 - root - INFO - Fetched weather for Hegyeshalom: 30.4°C, Clouds, humidity: 29%
2026-07-10 16:18:44,840 - root - INFO - [878/1205] Fetching weather for Óbuda...
2026-07-10 16:18:44,996 - root - INFO - Fetched weather for Óbuda: 27.8°C, Clouds, humidity: 30%
2026-07-10 16:18:46,098 - root - INFO - [879/1205] Fetching weather for Üröm...
2026-07-10 16:18:46,239 - root - INFO - Fetched weather for Üröm: 27.7°C, Clouds, humidity: 30%
2026-07-10 16:18:47,340 - root - INFO - [880/1205] Fetching weather for Solymár...
2026-07-10 16:18:47,505 - root - INFO - Fetched weather for Solymár: 27.5°C, Clouds, humidity: 30%
2026-07-10 16:18:48,606 - root - INFO - [881/1205] Fetching weather for Pilisvörösvár...
2026-07-10 16:18:48,744 - root - INFO - Fetched weather for Pilisvörösvár: 27.1°C, Clouds, humidity: 30%
2026-07-10 16:18:49,845 - root - INFO - [882/1205] Fetching weather for Klotildliget...
2026-07-10 16:18:50,021 - root - INFO - Fetched weather for Klotildliget: 26.9°C, Clouds, humidity: 30%
2026-07-10 16:18:51,122 - root - INFO - [883/1205] Fetching weather for Kútvölgy...
2026-07-10 16:18:51,280 - root - INFO - Fetched weather for Kútvölgy: 27.8°C, Clouds, humidity: 20%
2026-07-10 16:18:52,381 - root - INFO - [884/1205] Fetching weather for Székkutas...
2026-07-10 16:18:52,522 - root - INFO - Fetched weather for Székkutas: 28.3°C, Clouds, humidity: 20%
2026-07-10 16:18:53,624 - root - INFO - [885/1205] Fetching weather for Kaposszentjakab...
2026-07-10 16:18:53,782 - root - INFO - Fetched weather for Kaposszentjakab: 28.3°C, Clouds, humidity: 32%
2026-07-10 16:18:54,884 - root - INFO - [886/1205] Fetching weather for Kaposvár...
2026-07-10 16:18:55,045 - root - INFO - Fetched weather for Kaposvár: 28.2°C, Clouds, humidity: 32%
2026-07-10 16:18:56,146 - root - INFO - [887/1205] Fetching weather for Kaposújlak...
2026-07-10 16:18:56,302 - root - INFO - Fetched weather for Kaposújlak: 28.2°C, Clouds, humidity: 33%
2026-07-10 16:18:57,404 - root - INFO - [888/1205] Fetching weather for Kaposmérő...
2026-07-10 16:18:57,534 - root - INFO - Fetched weather for Kaposmérő: 28.1°C, Clouds, humidity: 34%
2026-07-10 16:18:58,636 - root - INFO - [889/1205] Fetching weather for Kaposfő...
2026-07-10 16:18:58,785 - root - INFO - Fetched weather for Kaposfő: 28.0°C, Clouds, humidity: 34%
2026-07-10 16:18:59,887 - root - INFO - [890/1205] Fetching weather for Kiskorpád...
2026-07-10 16:19:00,047 - root - INFO - Fetched weather for Kiskorpád: 27.9°C, Clouds, humidity: 35%
2026-07-10 16:19:01,149 - root - INFO - [891/1205] Fetching weather for Jákó-Nagybajom...
2026-07-10 16:19:01,309 - root - INFO - Fetched weather for Jákó-Nagybajom: 27.9°C, Clouds, humidity: 37%
2026-07-10 16:19:02,411 - root - INFO - [892/1205] Fetching weather for Kutas...
2026-07-10 16:19:02,565 - root - INFO - Fetched weather for Kutas: 28.4°C, Clouds, humidity: 36%
2026-07-10 16:19:03,666 - root - INFO - [893/1205] Fetching weather for Beleg...
2026-07-10 16:19:03,801 - root - INFO - Fetched weather for Beleg: 28.7°C, Clouds, humidity: 35%
2026-07-10 16:19:04,903 - root - INFO - [894/1205] Fetching weather for Ötvöskónyi...
2026-07-10 16:19:05,044 - root - INFO - Fetched weather for Ötvöskónyi: 28.9°C, Clouds, humidity: 35%
2026-07-10 16:19:06,145 - root - INFO - [895/1205] Fetching weather for Somogyszob...
2026-07-10 16:19:06,301 - root - INFO - Fetched weather for Somogyszob: 29.2°C, Clouds, humidity: 33%
2026-07-10 16:19:07,403 - root - INFO - [896/1205] Fetching weather for Bolhás...
2026-07-10 16:19:07,537 - root - INFO - Fetched weather for Bolhás: 29.5°C, Clouds, humidity: 31%
2026-07-10 16:19:08,638 - root - INFO - [897/1205] Fetching weather for Szenta...
2026-07-10 16:19:08,794 - root - INFO - Fetched weather for Szenta: 29.9°C, Clouds, humidity: 31%
2026-07-10 16:19:09,895 - root - INFO - [898/1205] Fetching weather for Zrínyitelep...
2026-07-10 16:19:10,051 - root - INFO - Fetched weather for Zrínyitelep: 30.0°C, Clouds, humidity: 31%
2026-07-10 16:19:11,153 - root - INFO - [899/1205] Fetching weather for Csurgó...
2026-07-10 16:19:11,295 - root - INFO - Fetched weather for Csurgó: 30.3°C, Clouds, humidity: 31%
2026-07-10 16:19:12,397 - root - INFO - [900/1205] Fetching weather for Gyékényes...
2026-07-10 16:19:12,554 - root - INFO - Fetched weather for Gyékényes: 30.6°C, Clouds, humidity: 32%
2026-07-10 16:19:13,656 - root - INFO - [901/1205] Fetching weather for Adony...
2026-07-10 16:19:13,810 - root - INFO - Fetched weather for Adony: 27.1°C, Clouds, humidity: 29%
2026-07-10 16:19:14,911 - root - INFO - [902/1205] Fetching weather for Kulcs...
2026-07-10 16:19:15,067 - root - INFO - Fetched weather for Kulcs: 26.9°C, Clouds, humidity: 28%
2026-07-10 16:19:16,168 - root - INFO - [903/1205] Fetching weather for Rácalmás...
2026-07-10 16:19:16,321 - root - INFO - Fetched weather for Rácalmás: 26.9°C, Clouds, humidity: 28%
2026-07-10 16:19:17,423 - root - INFO - [904/1205] Fetching weather for Dunaújváros...
2026-07-10 16:19:17,566 - root - INFO - Fetched weather for Dunaújváros: 27.1°C, Clouds, humidity: 27%
2026-07-10 16:19:18,667 - root - INFO - [905/1205] Fetching weather for Újvenyim...
2026-07-10 16:19:18,827 - root - INFO - Fetched weather for Újvenyim: 27.3°C, Clouds, humidity: 27%
2026-07-10 16:19:19,928 - root - INFO - [906/1205] Fetching weather for Mezőfalva...
2026-07-10 16:19:20,082 - root - INFO - Fetched weather for Mezőfalva: 27.4°C, Clouds, humidity: 27%
2026-07-10 16:19:21,183 - root - INFO - [907/1205] Fetching weather for Nagykarácsony felső...
2026-07-10 16:19:21,337 - root - INFO - Fetched weather for Nagykarácsony felső: 27.7°C, Clouds, humidity: 26%
2026-07-10 16:19:22,438 - root - INFO - [908/1205] Fetching weather for Nagykarácsony...
2026-07-10 16:19:22,576 - root - INFO - Fetched weather for Nagykarácsony: 27.6°C, Clouds, humidity: 26%
2026-07-10 16:19:23,678 - root - INFO - [909/1205] Fetching weather for Alap...
2026-07-10 16:19:23,817 - root - INFO - Fetched weather for Alap: 28.0°C, Clouds, humidity: 27%
2026-07-10 16:19:24,918 - root - INFO - [910/1205] Fetching weather for Cece...
2026-07-10 16:19:25,051 - root - INFO - Fetched weather for Cece: 28.1°C, Clouds, humidity: 27%
2026-07-10 16:19:26,153 - root - INFO - [911/1205] Fetching weather for Vajta...
2026-07-10 16:19:26,306 - root - INFO - Fetched weather for Vajta: 28.2°C, Clouds, humidity: 26%
2026-07-10 16:19:27,408 - root - INFO - [912/1205] Fetching weather for Rétszilas alsó...
2026-07-10 16:19:27,568 - root - INFO - Fetched weather for Rétszilas alsó: 28.0°C, Clouds, humidity: 27%
2026-07-10 16:19:28,670 - root - INFO - [913/1205] Fetching weather for Nagydorog...
2026-07-10 16:19:28,827 - root - INFO - Fetched weather for Nagydorog: 28.4°C, Clouds, humidity: 26%
2026-07-10 16:19:29,928 - root - INFO - [914/1205] Fetching weather for Tengelic...
2026-07-10 16:19:30,069 - root - INFO - Fetched weather for Tengelic: 28.5°C, Clouds, humidity: 25%
2026-07-10 16:19:31,170 - root - INFO - [915/1205] Fetching weather for Fácánkert...
2026-07-10 16:19:31,331 - root - INFO - Fetched weather for Fácánkert: 28.7°C, Clouds, humidity: 25%
2026-07-10 16:19:32,432 - root - INFO - [916/1205] Fetching weather for Tolna-Mözs...
2026-07-10 16:19:32,577 - root - INFO - Fetched weather for Tolna-Mözs: 28.8°C, Clouds, humidity: 24%
2026-07-10 16:19:33,679 - root - INFO - [917/1205] Fetching weather for Szekszárd-Palánk...
2026-07-10 16:19:33,842 - root - INFO - Fetched weather for Szekszárd-Palánk: 28.9°C, Clouds, humidity: 25%
2026-07-10 16:19:34,943 - root - INFO - [918/1205] Fetching weather for Szekszárd...
2026-07-10 16:19:35,100 - root - INFO - Fetched weather for Szekszárd: 28.9°C, Clouds, humidity: 25%
2026-07-10 16:19:36,201 - root - INFO - [919/1205] Fetching weather for Őcsény...
2026-07-10 16:19:36,340 - root - INFO - Fetched weather for Őcsény: 29.1°C, Clouds, humidity: 24%
2026-07-10 16:19:37,441 - root - INFO - [920/1205] Fetching weather for Decs...
2026-07-10 16:19:37,597 - root - INFO - Fetched weather for Decs: 29.2°C, Clouds, humidity: 24%
2026-07-10 16:19:38,698 - root - INFO - [921/1205] Fetching weather for Csikóstőttős...
2026-07-10 16:19:38,855 - root - INFO - Fetched weather for Csikóstőttős: 28.7°C, Clouds, humidity: 29%
2026-07-10 16:19:39,956 - root - INFO - [922/1205] Fetching weather for Mágocs-Alsómocsolád...
2026-07-10 16:19:40,118 - root - INFO - Fetched weather for Mágocs-Alsómocsolád: 28.2°C, Clouds, humidity: 28%
2026-07-10 16:19:41,220 - root - INFO - [923/1205] Fetching weather for Szalatnak...
2026-07-10 16:19:41,362 - root - INFO - Fetched weather for Szalatnak: 28.6°C, Clouds, humidity: 27%
2026-07-10 16:19:42,464 - root - INFO - [924/1205] Fetching weather for Máza-Szászvár...
2026-07-10 16:19:42,589 - root - INFO - Fetched weather for Máza-Szászvár: 28.7°C, Clouds, humidity: 26%
2026-07-10 16:19:43,691 - root - INFO - [925/1205] Fetching weather for Váralja...
2026-07-10 16:19:43,850 - root - INFO - Fetched weather for Váralja: 28.7°C, Clouds, humidity: 26%
2026-07-10 16:19:44,952 - root - INFO - [926/1205] Fetching weather for Nagymányok...
2026-07-10 16:19:45,089 - root - INFO - Fetched weather for Nagymányok: 28.7°C, Clouds, humidity: 26%
2026-07-10 16:19:46,191 - root - INFO - [927/1205] Fetching weather for Hidas-Bonyhád...
2026-07-10 16:19:46,361 - root - INFO - Fetched weather for Hidas-Bonyhád: 28.6°C, Clouds, humidity: 26%
2026-07-10 16:19:47,463 - root - INFO - [928/1205] Fetching weather for Mőcsény...
2026-07-10 16:19:47,631 - root - INFO - Fetched weather for Mőcsény: 28.5°C, Clouds, humidity: 25%
2026-07-10 16:19:48,733 - root - INFO - [929/1205] Fetching weather for Bátaszék...
2026-07-10 16:19:48,874 - root - INFO - Fetched weather for Bátaszék: 29.3°C, Clouds, humidity: 24%
2026-07-10 16:19:49,976 - root - INFO - [930/1205] Fetching weather for Pörböly...
2026-07-10 16:19:50,103 - root - INFO - Fetched weather for Pörböly: 29.2°C, Clouds, humidity: 23%
2026-07-10 16:19:51,205 - root - INFO - [931/1205] Fetching weather for Orosháza...
2026-07-10 16:19:51,365 - root - INFO - Fetched weather for Orosháza: 28.3°C, Clouds, humidity: 21%
2026-07-10 16:19:52,467 - root - INFO - [932/1205] Fetching weather for Orosházi tanyák...
2026-07-10 16:19:52,625 - root - INFO - Fetched weather for Orosházi tanyák: 26.6°C, Clouds, humidity: 21%
2026-07-10 16:19:53,727 - root - INFO - [933/1205] Fetching weather for Csorvás...
2026-07-10 16:19:53,861 - root - INFO - Fetched weather for Csorvás: 26.6°C, Clouds, humidity: 22%
2026-07-10 16:19:54,963 - root - INFO - [934/1205] Fetching weather for Csorvás alsó...
2026-07-10 16:19:55,129 - root - INFO - Fetched weather for Csorvás alsó: 26.6°C, Clouds, humidity: 25%
2026-07-10 16:19:56,230 - root - INFO - [935/1205] Fetching weather for Telekgerendás...
2026-07-10 16:19:56,353 - root - INFO - Fetched weather for Telekgerendás: 26.6°C, Clouds, humidity: 25%
2026-07-10 16:19:57,454 - root - INFO - [936/1205] Fetching weather for Fürjes...
2026-07-10 16:19:57,581 - root - INFO - Fetched weather for Fürjes: 26.6°C, Clouds, humidity: 25%
2026-07-10 16:19:58,682 - root - INFO - [937/1205] Fetching weather for Fényes...
2026-07-10 16:19:58,841 - root - INFO - Fetched weather for Fényes: 26.7°C, Clouds, humidity: 25%
2026-07-10 16:19:59,942 - root - INFO - [938/1205] Fetching weather for Bicere...
2026-07-10 16:20:00,101 - root - INFO - Fetched weather for Bicere: 26.7°C, Clouds, humidity: 25%
2026-07-10 16:20:01,203 - root - INFO - [939/1205] Fetching weather for Gyula...
2026-07-10 16:20:01,339 - root - INFO - Fetched weather for Gyula: 26.6°C, Clouds, humidity: 25%
2026-07-10 16:20:02,440 - root - INFO - [940/1205] Fetching weather for József Szanatórium...
2026-07-10 16:20:02,608 - root - INFO - Fetched weather for József Szanatórium: 26.6°C, Clouds, humidity: 25%
2026-07-10 16:20:03,710 - root - INFO - [941/1205] Fetching weather for Sarkadi Cukorgyár...
2026-07-10 16:20:03,843 - root - INFO - Fetched weather for Sarkadi Cukorgyár: 26.6°C, Clouds, humidity: 25%
2026-07-10 16:20:04,945 - root - INFO - [942/1205] Fetching weather for Sarkad...
2026-07-10 16:20:05,109 - root - INFO - Fetched weather for Sarkad: 26.6°C, Clouds, humidity: 25%
2026-07-10 16:20:06,211 - root - INFO - [943/1205] Fetching weather for Kötegyán...
2026-07-10 16:20:06,375 - root - INFO - Fetched weather for Kötegyán: 26.6°C, Clouds, humidity: 25%
2026-07-10 16:20:07,477 - root - INFO - [944/1205] Fetching weather for Méhkerék...
2026-07-10 16:20:07,620 - root - INFO - Fetched weather for Méhkerék: 26.6°C, Clouds, humidity: 25%
2026-07-10 16:20:08,721 - root - INFO - [945/1205] Fetching weather for Sarkadkeresztúr...
2026-07-10 16:20:08,834 - root - INFO - Fetched weather for Sarkadkeresztúr: 26.7°C, Clouds, humidity: 25%
2026-07-10 16:20:09,935 - root - INFO - [946/1205] Fetching weather for Okány...
2026-07-10 16:20:10,099 - root - INFO - Fetched weather for Okány: 26.7°C, Clouds, humidity: 26%
2026-07-10 16:20:11,200 - root - INFO - [947/1205] Fetching weather for Újszeged...
2026-07-10 16:20:11,336 - root - INFO - Fetched weather for Újszeged: 31.2°C, Clouds, humidity: 19%
2026-07-10 16:20:12,438 - root - INFO - [948/1205] Fetching weather for Szőreg...
2026-07-10 16:20:12,594 - root - INFO - Fetched weather for Szőreg: 31.2°C, Clouds, humidity: 19%
2026-07-10 16:20:13,696 - root - INFO - [949/1205] Fetching weather for Deszk...
2026-07-10 16:20:13,839 - root - INFO - Fetched weather for Deszk: 31.2°C, Clouds, humidity: 19%
2026-07-10 16:20:14,940 - root - INFO - [950/1205] Fetching weather for Kiszombor...
2026-07-10 16:20:15,083 - root - INFO - Fetched weather for Kiszombor: 27.7°C, Clouds, humidity: 20%
2026-07-10 16:20:16,185 - root - INFO - [951/1205] Fetching weather for Kiszombor megálló...
2026-07-10 16:20:16,345 - root - INFO - Fetched weather for Kiszombor megálló: 27.7°C, Clouds, humidity: 20%
2026-07-10 16:20:17,447 - root - INFO - [952/1205] Fetching weather for Makó...
2026-07-10 16:20:17,579 - root - INFO - Fetched weather for Makó: 27.5°C, Clouds, humidity: 20%
2026-07-10 16:20:18,681 - root - INFO - [953/1205] Fetching weather for Apátfalva...
2026-07-10 16:20:18,837 - root - INFO - Fetched weather for Apátfalva: 27.1°C, Clouds, humidity: 21%
2026-07-10 16:20:19,938 - root - INFO - [954/1205] Fetching weather for Magyarcsanád...
2026-07-10 16:20:20,077 - root - INFO - Fetched weather for Magyarcsanád: 26.9°C, Clouds, humidity: 21%
2026-07-10 16:20:21,178 - root - INFO - [955/1205] Fetching weather for Nagylak...
2026-07-10 16:20:21,336 - root - INFO - Fetched weather for Nagylak: 27.9°C, Clouds, humidity: 21%
2026-07-10 16:20:22,438 - root - INFO - [956/1205] Fetching weather for Nagylaki Kendergyár...
2026-07-10 16:20:22,581 - root - INFO - Fetched weather for Nagylaki Kendergyár: 27.9°C, Clouds, humidity: 21%
2026-07-10 16:20:23,683 - root - INFO - [957/1205] Fetching weather for Csanádpalota...
2026-07-10 16:20:23,815 - root - INFO - Fetched weather for Csanádpalota: 27.9°C, Clouds, humidity: 22%
2026-07-10 16:20:24,917 - root - INFO - [958/1205] Fetching weather for Mezőhegyes...
2026-07-10 16:20:25,046 - root - INFO - Fetched weather for Mezőhegyes: 27.8°C, Clouds, humidity: 21%
2026-07-10 16:20:26,148 - root - INFO - [959/1205] Fetching weather for Végegyháza...
2026-07-10 16:20:26,332 - root - INFO - Fetched weather for Végegyháza: 27.8°C, Clouds, humidity: 21%
2026-07-10 16:20:27,433 - root - INFO - [960/1205] Fetching weather for Mezőkovácsháza...
2026-07-10 16:20:27,568 - root - INFO - Fetched weather for Mezőkovácsháza: 27.8°C, Clouds, humidity: 21%
2026-07-10 16:20:28,670 - root - INFO - [961/1205] Fetching weather for Mezőkovácsháza felső...
2026-07-10 16:20:28,829 - root - INFO - Fetched weather for Mezőkovácsháza felső: 27.8°C, Clouds, humidity: 21%
2026-07-10 16:20:29,930 - root - INFO - [962/1205] Fetching weather for Magyarbánhegyes...
2026-07-10 16:20:30,056 - root - INFO - Fetched weather for Magyarbánhegyes: 26.6°C, Clouds, humidity: 21%
2026-07-10 16:20:31,158 - root - INFO - [963/1205] Fetching weather for Medgyesegyháza...
2026-07-10 16:20:31,297 - root - INFO - Fetched weather for Medgyesegyháza: 26.6°C, Clouds, humidity: 21%
2026-07-10 16:20:32,399 - root - INFO - [964/1205] Fetching weather for Bánkút...
2026-07-10 16:20:32,531 - root - INFO - Fetched weather for Bánkút: 26.6°C, Clouds, humidity: 25%
2026-07-10 16:20:33,632 - root - INFO - [965/1205] Fetching weather for Belsőperegpuszta...
2026-07-10 16:20:33,787 - root - INFO - Fetched weather for Belsőperegpuszta: 27.8°C, Clouds, humidity: 21%
2026-07-10 16:20:34,888 - root - INFO - [966/1205] Fetching weather for Battonya...
2026-07-10 16:20:35,030 - root - INFO - Fetched weather for Battonya: 27.8°C, Clouds, humidity: 100%
2026-07-10 16:20:36,132 - root - INFO - [967/1205] Fetching weather for Baja-Dunafürdő...
2026-07-10 16:20:36,286 - root - INFO - Fetched weather for Baja-Dunafürdő: 29.1°C, Clouds, humidity: 23%
2026-07-10 16:20:37,388 - root - INFO - [968/1205] Fetching weather for Kaposszekcső...
2026-07-10 16:20:37,558 - root - INFO - Fetched weather for Kaposszekcső: 28.7°C, Clouds, humidity: 29%
2026-07-10 16:20:38,659 - root - INFO - [969/1205] Fetching weather for Vásárosdombó...
2026-07-10 16:20:38,786 - root - INFO - Fetched weather for Vásárosdombó: 28.4°C, Clouds, humidity: 30%
2026-07-10 16:20:39,887 - root - INFO - [970/1205] Fetching weather for Sásd...
2026-07-10 16:20:40,049 - root - INFO - Fetched weather for Sásd: 27.9°C, Clouds, humidity: 32%
2026-07-10 16:20:41,151 - root - INFO - [971/1205] Fetching weather for Godisa...
2026-07-10 16:20:41,288 - root - INFO - Fetched weather for Godisa: 27.6°C, Clouds, humidity: 32%
2026-07-10 16:20:42,390 - root - INFO - [972/1205] Fetching weather for Abaliget...
2026-07-10 16:20:42,554 - root - INFO - Fetched weather for Abaliget: 27.1°C, Clouds, humidity: 33%
2026-07-10 16:20:43,655 - root - INFO - [973/1205] Fetching weather for Hetvehely...
2026-07-10 16:20:43,812 - root - INFO - Fetched weather for Hetvehely: 27.2°C, Clouds, humidity: 33%
2026-07-10 16:20:44,914 - root - INFO - [974/1205] Fetching weather for Bükkösd...
2026-07-10 16:20:45,053 - root - INFO - Fetched weather for Bükkösd: 27.1°C, Clouds, humidity: 33%
2026-07-10 16:20:46,154 - root - INFO - [975/1205] Fetching weather for Cserdi-Helesfa...
2026-07-10 16:20:46,279 - root - INFO - Fetched weather for Cserdi-Helesfa: 27.2°C, Clouds, humidity: 33%
2026-07-10 16:20:47,381 - root - INFO - [976/1205] Fetching weather for Szentlőrinc...
2026-07-10 16:20:47,520 - root - INFO - Fetched weather for Szentlőrinc: 27.8°C, Clouds, humidity: 31%
2026-07-10 16:20:48,621 - root - INFO - [977/1205] Fetching weather for Bicsérd...
2026-07-10 16:20:48,781 - root - INFO - Fetched weather for Bicsérd: 27.7°C, Clouds, humidity: 31%
2026-07-10 16:20:49,883 - root - INFO - [978/1205] Fetching weather for Mecsekalja-Cserkút...
2026-07-10 16:20:50,006 - root - INFO - Fetched weather for Mecsekalja-Cserkút: 27.3°C, Clouds, humidity: 30%
2026-07-10 16:20:51,108 - root - INFO - [979/1205] Fetching weather for Pécs...
2026-07-10 16:20:51,251 - root - INFO - Fetched weather for Pécs: 29.3°C, Clouds, humidity: 30%
2026-07-10 16:20:52,352 - root - INFO - [980/1205] Fetching weather for Pécs-Külváros...
2026-07-10 16:20:52,485 - root - INFO - Fetched weather for Pécs-Külváros: 29.2°C, Clouds, humidity: 30%
2026-07-10 16:20:53,587 - root - INFO - [981/1205] Fetching weather for Pécsbánya-Rendező...
2026-07-10 16:20:53,744 - root - INFO - Fetched weather for Pécsbánya-Rendező: 29.1°C, Clouds, humidity: 29%
2026-07-10 16:20:54,846 - root - INFO - [982/1205] Fetching weather for Pécsudvard...
2026-07-10 16:20:54,984 - root - INFO - Fetched weather for Pécsudvard: 29.0°C, Clouds, humidity: 29%
2026-07-10 16:20:56,085 - root - INFO - [983/1205] Fetching weather for Szőkéd...
2026-07-10 16:20:56,205 - root - INFO - Fetched weather for Szőkéd: 29.2°C, Clouds, humidity: 38%
2026-07-10 16:20:57,307 - root - INFO - [984/1205] Fetching weather for Áta...
2026-07-10 16:20:57,469 - root - INFO - Fetched weather for Áta: 29.3°C, Clouds, humidity: 38%
2026-07-10 16:20:58,570 - root - INFO - [985/1205] Fetching weather for Kistótfalu...
2026-07-10 16:20:58,715 - root - INFO - Fetched weather for Kistótfalu: 29.3°C, Clouds, humidity: 38%
2026-07-10 16:20:59,817 - root - INFO - [986/1205] Fetching weather for Vokány...
2026-07-10 16:20:59,972 - root - INFO - Fetched weather for Vokány: 29.3°C, Clouds, humidity: 38%
2026-07-10 16:21:01,074 - root - INFO - [987/1205] Fetching weather for Palkonya...
2026-07-10 16:21:01,232 - root - INFO - Fetched weather for Palkonya: 29.3°C, Clouds, humidity: 38%
2026-07-10 16:21:02,334 - root - INFO - [988/1205] Fetching weather for Villánykövesd...
2026-07-10 16:21:02,464 - root - INFO - Fetched weather for Villánykövesd: 29.3°C, Clouds, humidity: 38%
2026-07-10 16:21:03,566 - root - INFO - [989/1205] Fetching weather for Villány...
2026-07-10 16:21:03,709 - root - INFO - Fetched weather for Villány: 29.4°C, Clouds, humidity: 38%
2026-07-10 16:21:04,811 - root - INFO - [990/1205] Fetching weather for Magyarbóly...
2026-07-10 16:21:04,951 - root - INFO - Fetched weather for Magyarbóly: 29.5°C, Clouds, humidity: 38%
2026-07-10 16:21:06,052 - root - INFO - [991/1205] Fetching weather for Magyarszék...
2026-07-10 16:21:06,208 - root - INFO - Fetched weather for Magyarszék: 27.9°C, Clouds, humidity: 30%
2026-07-10 16:21:07,310 - root - INFO - [992/1205] Fetching weather for Mecsekpölöske...
2026-07-10 16:21:07,466 - root - INFO - Fetched weather for Mecsekpölöske: 27.8°C, Clouds, humidity: 29%
2026-07-10 16:21:08,568 - root - INFO - [993/1205] Fetching weather for Mecsekjánosi...
2026-07-10 16:21:08,696 - root - INFO - Fetched weather for Mecsekjánosi: 28.1°C, Clouds, humidity: 27%
2026-07-10 16:21:09,798 - root - INFO - [994/1205] Fetching weather for Komló...
2026-07-10 16:21:09,933 - root - INFO - Fetched weather for Komló: 28.2°C, Clouds, humidity: 28%
2026-07-10 16:21:11,035 - root - INFO - [995/1205] Fetching weather for Királyegyháza-Rigópuszta...
2026-07-10 16:21:11,153 - root - INFO - Fetched weather for Királyegyháza-Rigópuszta: 27.9°C, Clouds, humidity: 31%
2026-07-10 16:21:12,255 - root - INFO - [996/1205] Fetching weather for Sumony...
2026-07-10 16:21:12,396 - root - INFO - Fetched weather for Sumony: 28.1°C, Clouds, humidity: 31%
2026-07-10 16:21:13,498 - root - INFO - [997/1205] Fetching weather for Okorág-Kárászpuszta...
2026-07-10 16:21:13,658 - root - INFO - Fetched weather for Okorág-Kárászpuszta: 28.3°C, Clouds, humidity: 32%
2026-07-10 16:21:14,759 - root - INFO - [998/1205] Fetching weather for Kákics...
2026-07-10 16:21:14,892 - root - INFO - Fetched weather for Kákics: 28.5°C, Clouds, humidity: 32%
2026-07-10 16:21:15,994 - root - INFO - [999/1205] Fetching weather for Bóly...
2026-07-10 16:21:16,150 - root - INFO - Fetched weather for Bóly: 29.2°C, Clouds, humidity: 38%
2026-07-10 16:21:17,252 - root - INFO - [1000/1205] Fetching weather for Mohács...
2026-07-10 16:21:17,377 - root - INFO - Fetched weather for Mohács: 29.5°C, Clouds, humidity: 24%
2026-07-10 16:21:18,478 - root - INFO - [1001/1205] Fetching weather for Sellye...
2026-07-10 16:21:18,638 - root - INFO - Fetched weather for Sellye: 28.4°C, Clouds, humidity: 33%
2026-07-10 16:21:19,739 - root - INFO - [1002/1205] Fetching weather for Toponár...
2026-07-10 16:21:19,907 - root - INFO - Fetched weather for Toponár: 28.4°C, Clouds, humidity: 31%
2026-07-10 16:21:21,009 - root - INFO - [1003/1205] Fetching weather for Somogyaszaló...
2026-07-10 16:21:21,135 - root - INFO - Fetched weather for Somogyaszaló: 28.6°C, Clouds, humidity: 29%
2026-07-10 16:21:22,236 - root - INFO - [1004/1205] Fetching weather for Mernye...
2026-07-10 16:21:22,376 - root - INFO - Fetched weather for Mernye: 29.0°C, Clouds, humidity: 28%
2026-07-10 16:21:23,477 - root - INFO - [1005/1205] Fetching weather for Felsőmocsolád...
2026-07-10 16:21:23,603 - root - INFO - Fetched weather for Felsőmocsolád: 28.9°C, Clouds, humidity: 28%
2026-07-10 16:21:24,704 - root - INFO - [1006/1205] Fetching weather for Kisbárapáti...
2026-07-10 16:21:24,838 - root - INFO - Fetched weather for Kisbárapáti: 28.6°C, Clouds, humidity: 29%
2026-07-10 16:21:25,940 - root - INFO - [1007/1205] Fetching weather for Bonnya...
2026-07-10 16:21:26,098 - root - INFO - Fetched weather for Bonnya: 29.0°C, Clouds, humidity: 28%
2026-07-10 16:21:27,200 - root - INFO - [1008/1205] Fetching weather for Andocs...
2026-07-10 16:21:27,335 - root - INFO - Fetched weather for Andocs: 28.3°C, Clouds, humidity: 29%
2026-07-10 16:21:28,437 - root - INFO - [1009/1205] Fetching weather for Karád...
2026-07-10 16:21:28,786 - root - INFO - Fetched weather for Karád: 27.5°C, Clouds, humidity: 30%
2026-07-10 16:21:29,888 - root - INFO - [1010/1205] Fetching weather for Somogymeggyes...
2026-07-10 16:21:30,127 - root - INFO - Fetched weather for Somogymeggyes: 27.1°C, Clouds, humidity: 31%
2026-07-10 16:21:31,228 - root - INFO - [1011/1205] Fetching weather for Kapoly...
2026-07-10 16:21:31,362 - root - INFO - Fetched weather for Kapoly: 27.3°C, Clouds, humidity: 29%
2026-07-10 16:21:32,463 - root - INFO - [1012/1205] Fetching weather for Tab...
2026-07-10 16:21:32,618 - root - INFO - Fetched weather for Tab: 30.3°C, Clouds, humidity: 29%
2026-07-10 16:21:33,720 - root - INFO - [1013/1205] Fetching weather for Bábonymegyer...
2026-07-10 16:21:33,859 - root - INFO - Fetched weather for Bábonymegyer: 30.4°C, Clouds, humidity: 47%
2026-07-10 16:21:34,961 - root - INFO - [1014/1205] Fetching weather for Daránypuszta...
2026-07-10 16:21:35,110 - root - INFO - Fetched weather for Daránypuszta: 30.4°C, Clouds, humidity: 47%
2026-07-10 16:21:36,212 - root - INFO - [1015/1205] Fetching weather for Som-Nagyberény...
2026-07-10 16:21:36,354 - root - INFO - Fetched weather for Som-Nagyberény: 30.4°C, Clouds, humidity: 47%
2026-07-10 16:21:37,456 - root - INFO - [1016/1205] Fetching weather for Ádánd...
2026-07-10 16:21:37,583 - root - INFO - Fetched weather for Ádánd: 30.5°C, Clouds, humidity: 47%
2026-07-10 16:21:38,685 - root - INFO - [1017/1205] Fetching weather for Siójut...
2026-07-10 16:21:38,851 - root - INFO - Fetched weather for Siójut: 30.5°C, Clouds, humidity: 47%
2026-07-10 16:21:39,953 - root - INFO - [1018/1205] Fetching weather for Kapostüskevár...
2026-07-10 16:21:40,081 - root - INFO - Fetched weather for Kapostüskevár: 28.4°C, Clouds, humidity: 32%
2026-07-10 16:21:41,183 - root - INFO - [1019/1205] Fetching weather for Kaposfüred...
2026-07-10 16:21:41,332 - root - INFO - Fetched weather for Kaposfüred: 28.5°C, Clouds, humidity: 30%
2026-07-10 16:21:42,434 - root - INFO - [1020/1205] Fetching weather for Várda...
2026-07-10 16:21:42,573 - root - INFO - Fetched weather for Várda: 28.5°C, Clouds, humidity: 31%
2026-07-10 16:21:43,675 - root - INFO - [1021/1205] Fetching weather for Somogyjád...
2026-07-10 16:21:43,787 - root - INFO - Fetched weather for Somogyjád: 28.7°C, Clouds, humidity: 31%
2026-07-10 16:21:44,889 - root - INFO - [1022/1205] Fetching weather for Osztopán...
2026-07-10 16:21:45,014 - root - INFO - Fetched weather for Osztopán: 28.7°C, Clouds, humidity: 32%
2026-07-10 16:21:46,115 - root - INFO - [1023/1205] Fetching weather for Pamuk...
2026-07-10 16:21:46,255 - root - INFO - Fetched weather for Pamuk: 28.9°C, Clouds, humidity: 32%
2026-07-10 16:21:47,357 - root - INFO - [1024/1205] Fetching weather for Somogyvár...
2026-07-10 16:21:47,496 - root - INFO - Fetched weather for Somogyvár: 28.9°C, Clouds, humidity: 33%
2026-07-10 16:21:48,597 - root - INFO - [1025/1205] Fetching weather for Öreglak...
2026-07-10 16:21:48,723 - root - INFO - Fetched weather for Öreglak: 28.9°C, Clouds, humidity: 33%
2026-07-10 16:21:49,824 - root - INFO - [1026/1205] Fetching weather for Tatárvár...
2026-07-10 16:21:49,979 - root - INFO - Fetched weather for Tatárvár: 28.8°C, Clouds, humidity: 34%
2026-07-10 16:21:51,081 - root - INFO - [1027/1205] Fetching weather for Lengyeltóti...
2026-07-10 16:21:51,216 - root - INFO - Fetched weather for Lengyeltóti: 28.9°C, Clouds, humidity: 34%
2026-07-10 16:21:52,318 - root - INFO - [1028/1205] Fetching weather for Pusztaberény...
2026-07-10 16:21:52,444 - root - INFO - Fetched weather for Pusztaberény: 29.0°C, Clouds, humidity: 35%
2026-07-10 16:21:53,546 - root - INFO - [1029/1205] Fetching weather for Örkény...
2026-07-10 16:21:53,687 - root - INFO - Fetched weather for Örkény: 25.9°C, Clouds, humidity: 28%
2026-07-10 16:21:54,789 - root - INFO - [1030/1205] Fetching weather for Táborfalva...
2026-07-10 16:21:54,922 - root - INFO - Fetched weather for Táborfalva: 25.9°C, Clouds, humidity: 28%
2026-07-10 16:21:56,024 - root - INFO - [1031/1205] Fetching weather for Felsőlajos...
2026-07-10 16:21:56,166 - root - INFO - Fetched weather for Felsőlajos: 26.0°C, Clouds, humidity: 28%
2026-07-10 16:21:57,267 - root - INFO - [1032/1205] Fetching weather for Lajosmizse...
2026-07-10 16:21:57,400 - root - INFO - Fetched weather for Lajosmizse: 26.1°C, Clouds, humidity: 27%
2026-07-10 16:21:58,502 - root - INFO - [1033/1205] Fetching weather for Lajosmizse alsó...
2026-07-10 16:21:58,631 - root - INFO - Fetched weather for Lajosmizse alsó: 26.1°C, Clouds, humidity: 27%
2026-07-10 16:21:59,733 - root - INFO - [1034/1205] Fetching weather for Klábertelep...
2026-07-10 16:21:59,879 - root - INFO - Fetched weather for Klábertelep: 26.2°C, Clouds, humidity: 26%
2026-07-10 16:22:00,981 - root - INFO - [1035/1205] Fetching weather for Méntelek...
2026-07-10 16:22:01,107 - root - INFO - Fetched weather for Méntelek: 26.3°C, Clouds, humidity: 26%
2026-07-10 16:22:02,209 - root - INFO - [1036/1205] Fetching weather for Hetényegyháza...
2026-07-10 16:22:02,358 - root - INFO - Fetched weather for Hetényegyháza: 26.5°C, Clouds, humidity: 25%
2026-07-10 16:22:03,459 - root - INFO - [1037/1205] Fetching weather for Kecskemét-Máriaváros...
2026-07-10 16:22:03,599 - root - INFO - Fetched weather for Kecskemét-Máriaváros: 30.9°C, Clouds, humidity: 24%
2026-07-10 16:22:04,700 - root - INFO - [1038/1205] Fetching weather for Nyársapát...
2026-07-10 16:22:04,834 - root - INFO - Fetched weather for Nyársapát: 28.3°C, Clouds, humidity: 28%
2026-07-10 16:22:05,935 - root - INFO - [1039/1205] Fetching weather for Nagykőrös...
2026-07-10 16:22:06,092 - root - INFO - Fetched weather for Nagykőrös: 28.1°C, Clouds, humidity: 27%
2026-07-10 16:22:07,194 - root - INFO - [1040/1205] Fetching weather for Katonatelep...
2026-07-10 16:22:07,364 - root - INFO - Fetched weather for Katonatelep: 30.9°C, Clouds, humidity: 25%
2026-07-10 16:22:08,466 - root - INFO - [1041/1205] Fetching weather for Kecskemét...
2026-07-10 16:22:08,592 - root - INFO - Fetched weather for Kecskemét: 30.9°C, Clouds, humidity: 25%
2026-07-10 16:22:09,693 - root - INFO - [1042/1205] Fetching weather for Városföld...
2026-07-10 16:22:09,840 - root - INFO - Fetched weather for Városföld: 31.0°C, Clouds, humidity: 15%
2026-07-10 16:22:10,942 - root - INFO - [1043/1205] Fetching weather for Kiskunfélegyháza...
2026-07-10 16:22:11,085 - root - INFO - Fetched weather for Kiskunfélegyháza: 30.4°C, Clouds, humidity: 19%
2026-07-10 16:22:12,187 - root - INFO - [1044/1205] Fetching weather for Petőfiszállás...
2026-07-10 16:22:12,354 - root - INFO - Fetched weather for Petőfiszállás: 30.0°C, Clouds, humidity: 20%
2026-07-10 16:22:13,456 - root - INFO - [1045/1205] Fetching weather for Csengele...
2026-07-10 16:22:13,604 - root - INFO - Fetched weather for Csengele: 30.7°C, Clouds, humidity: 18%
2026-07-10 16:22:14,705 - root - INFO - [1046/1205] Fetching weather for Kistelek...
2026-07-10 16:22:14,860 - root - INFO - Fetched weather for Kistelek: 31.1°C, Clouds, humidity: 23%
2026-07-10 16:22:15,961 - root - INFO - [1047/1205] Fetching weather for Balástya...
2026-07-10 16:22:16,089 - root - INFO - Fetched weather for Balástya: 31.1°C, Clouds, humidity: 23%
2026-07-10 16:22:17,191 - root - INFO - [1048/1205] Fetching weather for Szatymaz...
2026-07-10 16:22:17,332 - root - INFO - Fetched weather for Szatymaz: 31.2°C, Clouds, humidity: 23%
2026-07-10 16:22:18,433 - root - INFO - [1049/1205] Fetching weather for Kiskundorozsma...
2026-07-10 16:22:18,587 - root - INFO - Fetched weather for Kiskundorozsma: 31.2°C, Clouds, humidity: 23%
2026-07-10 16:22:19,689 - root - INFO - [1050/1205] Fetching weather for Szeged...
2026-07-10 16:22:19,832 - root - INFO - Fetched weather for Szeged: 31.2°C, Clouds, humidity: 23%
2026-07-10 16:22:20,934 - root - INFO - [1051/1205] Fetching weather for Alsóúrrét...
2026-07-10 16:22:21,093 - root - INFO - Fetched weather for Alsóúrrét: 30.9°C, Clouds, humidity: 24%
2026-07-10 16:22:22,195 - root - INFO - [1052/1205] Fetching weather for Nyárlőrinc...
2026-07-10 16:22:22,362 - root - INFO - Fetched weather for Nyárlőrinc: 30.9°C, Clouds, humidity: 16%
2026-07-10 16:22:23,463 - root - INFO - [1053/1205] Fetching weather for Világoshegy...
2026-07-10 16:22:23,586 - root - INFO - Fetched weather for Világoshegy: 30.9°C, Clouds, humidity: 16%
2026-07-10 16:22:24,687 - root - INFO - [1054/1205] Fetching weather for Szikra...
2026-07-10 16:22:24,906 - root - INFO - Fetched weather for Szikra: 30.2°C, Clouds, humidity: 18%
2026-07-10 16:22:26,008 - root - INFO - [1055/1205] Fetching weather for Lakitelek...
2026-07-10 16:22:26,340 - root - INFO - Fetched weather for Lakitelek: 30.3°C, Clouds, humidity: 23%
2026-07-10 16:22:27,442 - root - INFO - [1056/1205] Fetching weather for Tiszaug...
2026-07-10 16:22:27,628 - root - INFO - Fetched weather for Tiszaug: 29.6°C, Clouds, humidity: 23%
2026-07-10 16:22:28,730 - root - INFO - [1057/1205] Fetching weather for Tiszasas...
2026-07-10 16:22:28,889 - root - INFO - Fetched weather for Tiszasas: 30.1°C, Clouds, humidity: 23%
2026-07-10 16:22:29,991 - root - INFO - [1058/1205] Fetching weather for Csépa...
2026-07-10 16:22:30,145 - root - INFO - Fetched weather for Csépa: 28.0°C, Clouds, humidity: 26%
2026-07-10 16:22:31,247 - root - INFO - [1059/1205] Fetching weather for Szelevény...
2026-07-10 16:22:31,361 - root - INFO - Fetched weather for Szelevény: 28.1°C, Clouds, humidity: 26%
2026-07-10 16:22:32,463 - root - INFO - [1060/1205] Fetching weather for Gátér...
2026-07-10 16:22:32,623 - root - INFO - Fetched weather for Gátér: 30.2°C, Clouds, humidity: 18%
2026-07-10 16:22:33,725 - root - INFO - [1061/1205] Fetching weather for Kónyaszék...
2026-07-10 16:22:33,848 - root - INFO - Fetched weather for Kónyaszék: 29.4°C, Clouds, humidity: 21%
2026-07-10 16:22:34,950 - root - INFO - [1062/1205] Fetching weather for Csongrád...
2026-07-10 16:22:35,124 - root - INFO - Fetched weather for Csongrád: 27.9°C, Clouds, humidity: 26%
2026-07-10 16:22:36,226 - root - INFO - [1063/1205] Fetching weather for Hékéd...
2026-07-10 16:22:36,386 - root - INFO - Fetched weather for Hékéd: 27.8°C, Clouds, humidity: 26%
2026-07-10 16:22:37,488 - root - INFO - [1064/1205] Fetching weather for Fábiánsebestyén...
2026-07-10 16:22:37,601 - root - INFO - Fetched weather for Fábiánsebestyén: 28.3°C, Clouds, humidity: 26%
2026-07-10 16:22:38,702 - root - INFO - [1065/1205] Fetching weather for Gádoros...
2026-07-10 16:22:38,863 - root - INFO - Fetched weather for Gádoros: 28.3°C, Clouds, humidity: 26%
2026-07-10 16:22:39,964 - root - INFO - [1066/1205] Fetching weather for Justhmajor...
2026-07-10 16:22:40,124 - root - INFO - Fetched weather for Justhmajor: 28.3°C, Clouds, humidity: 21%
2026-07-10 16:22:41,225 - root - INFO - [1067/1205] Fetching weather for Szentetornya...
2026-07-10 16:22:41,385 - root - INFO - Fetched weather for Szentetornya: 28.3°C, Clouds, humidity: 21%
2026-07-10 16:22:42,486 - root - INFO - [1068/1205] Fetching weather for Gyopárosfürdő...
2026-07-10 16:22:42,645 - root - INFO - Fetched weather for Gyopárosfürdő: 28.3°C, Clouds, humidity: 21%
2026-07-10 16:22:43,747 - root - INFO - [1069/1205] Fetching weather for Szabadságliget...
2026-07-10 16:22:43,876 - root - INFO - Fetched weather for Szabadságliget: 27.0°C, Clouds, humidity: 30%
2026-07-10 16:22:44,978 - root - INFO - [1070/1205] Fetching weather for Röszke...
2026-07-10 16:22:45,152 - root - INFO - Fetched weather for Röszke: 31.2°C, Clouds, humidity: 23%
2026-07-10 16:22:46,254 - root - INFO - [1071/1205] Fetching weather for Tószeg...
2026-07-10 16:22:46,394 - root - INFO - Fetched weather for Tószeg: 28.3°C, Clouds, humidity: 30%
2026-07-10 16:22:47,496 - root - INFO - [1072/1205] Fetching weather for Tiszavárkony...
2026-07-10 16:22:47,635 - root - INFO - Fetched weather for Tiszavárkony: 28.3°C, Clouds, humidity: 30%
2026-07-10 16:22:48,736 - root - INFO - [1073/1205] Fetching weather for Tiszajenő-Vezseny...
2026-07-10 16:22:48,894 - root - INFO - Fetched weather for Tiszajenő-Vezseny: 28.3°C, Clouds, humidity: 30%
2026-07-10 16:22:49,996 - root - INFO - [1074/1205] Fetching weather for Újbög...
2026-07-10 16:22:50,153 - root - INFO - Fetched weather for Újbög: 28.3°C, Clouds, humidity: 30%
2026-07-10 16:22:51,255 - root - INFO - [1075/1205] Fetching weather for Tiszakécske...
2026-07-10 16:22:51,395 - root - INFO - Fetched weather for Tiszakécske: 28.3°C, Clouds, humidity: 30%
2026-07-10 16:22:52,497 - root - INFO - [1076/1205] Fetching weather for Kerekdomb...
2026-07-10 16:22:52,629 - root - INFO - Fetched weather for Kerekdomb: 28.5°C, Clouds, humidity: 25%
2026-07-10 16:22:53,731 - root - INFO - [1077/1205] Fetching weather for Tiszaalpár...
2026-07-10 16:22:53,872 - root - INFO - Fetched weather for Tiszaalpár: 30.7°C, Clouds, humidity: 17%
2026-07-10 16:22:54,973 - root - INFO - [1078/1205] Fetching weather for Tiszaalpár alsó...
2026-07-10 16:22:55,089 - root - INFO - Fetched weather for Tiszaalpár alsó: 30.7°C, Clouds, humidity: 17%
2026-07-10 16:22:56,190 - root - INFO - [1079/1205] Fetching weather for Tiszatenyő...
2026-07-10 16:22:56,359 - root - INFO - Fetched weather for Tiszatenyő: 28.3°C, Clouds, humidity: 30%
2026-07-10 16:22:57,461 - root - INFO - [1080/1205] Fetching weather for Pusztapó...
2026-07-10 16:22:57,603 - root - INFO - Fetched weather for Pusztapó: 28.3°C, Clouds, humidity: 28%
2026-07-10 16:22:58,705 - root - INFO - [1081/1205] Fetching weather for Kétpó...
2026-07-10 16:22:58,868 - root - INFO - Fetched weather for Kétpó: 28.3°C, Clouds, humidity: 28%
2026-07-10 16:22:59,970 - root - INFO - [1082/1205] Fetching weather for Mezőtúr...
2026-07-10 16:23:00,129 - root - INFO - Fetched weather for Mezőtúr: 25.1°C, Clouds, humidity: 27%
2026-07-10 16:23:01,230 - root - INFO - [1083/1205] Fetching weather for Nagylapos...
2026-07-10 16:23:01,374 - root - INFO - Fetched weather for Nagylapos: 25.1°C, Clouds, humidity: 26%
2026-07-10 16:23:02,475 - root - INFO - [1084/1205] Fetching weather for Gyoma...
2026-07-10 16:23:02,634 - root - INFO - Fetched weather for Gyoma: 25.2°C, Clouds, humidity: 25%
2026-07-10 16:23:03,736 - root - INFO - [1085/1205] Fetching weather for Csárdaszállás...
2026-07-10 16:23:03,876 - root - INFO - Fetched weather for Csárdaszállás: 26.7°C, Clouds, humidity: 25%
2026-07-10 16:23:04,977 - root - INFO - [1086/1205] Fetching weather for Mezőberény...
2026-07-10 16:23:05,116 - root - INFO - Fetched weather for Mezőberény: 26.7°C, Clouds, humidity: 26%
2026-07-10 16:23:06,218 - root - INFO - [1087/1205] Fetching weather for Murony...
2026-07-10 16:23:06,374 - root - INFO - Fetched weather for Murony: 26.7°C, Clouds, humidity: 26%
2026-07-10 16:23:07,475 - root - INFO - [1088/1205] Fetching weather for Békéscsaba...
2026-07-10 16:23:07,599 - root - INFO - Fetched weather for Békéscsaba: 26.6°C, Clouds, humidity: 26%
2026-07-10 16:23:08,700 - root - INFO - [1089/1205] Fetching weather for Kétegyháza...
2026-07-10 16:23:08,845 - root - INFO - Fetched weather for Kétegyháza: 26.6°C, Clouds, humidity: 26%
2026-07-10 16:23:09,946 - root - INFO - [1090/1205] Fetching weather for Lőkösháza...
2026-07-10 16:23:10,105 - root - INFO - Fetched weather for Lőkösháza: 28.4°C, Clouds, humidity: 22%
2026-07-10 16:23:11,207 - root - INFO - [1091/1205] Fetching weather for Kengyel...
2026-07-10 16:23:11,356 - root - INFO - Fetched weather for Kengyel: 28.3°C, Clouds, humidity: 30%
2026-07-10 16:23:12,457 - root - INFO - [1092/1205] Fetching weather for Bagimajor...
2026-07-10 16:23:12,596 - root - INFO - Fetched weather for Bagimajor: 28.3°C, Clouds, humidity: 30%
2026-07-10 16:23:13,698 - root - INFO - [1093/1205] Fetching weather for Martfű...
2026-07-10 16:23:13,852 - root - INFO - Fetched weather for Martfű: 28.3°C, Clouds, humidity: 30%
2026-07-10 16:23:14,954 - root - INFO - [1094/1205] Fetching weather for Tiszaföldvár...
2026-07-10 16:23:15,102 - root - INFO - Fetched weather for Tiszaföldvár: 28.3°C, Clouds, humidity: 30%
2026-07-10 16:23:16,204 - root - INFO - [1095/1205] Fetching weather for Homok...
2026-07-10 16:23:16,371 - root - INFO - Fetched weather for Homok: 28.3°C, Clouds, humidity: 30%
2026-07-10 16:23:17,473 - root - INFO - [1096/1205] Fetching weather for Kungyalu...
2026-07-10 16:23:17,630 - root - INFO - Fetched weather for Kungyalu: 28.3°C, Clouds, humidity: 24%
2026-07-10 16:23:18,732 - root - INFO - [1097/1205] Fetching weather for Kunszentmárton...
2026-07-10 16:23:18,873 - root - INFO - Fetched weather for Kunszentmárton: 28.3°C, Clouds, humidity: 26%
2026-07-10 16:23:19,974 - root - INFO - [1098/1205] Fetching weather for Nagytőke...
2026-07-10 16:23:20,129 - root - INFO - Fetched weather for Nagytőke: 28.3°C, Clouds, humidity: 26%
2026-07-10 16:23:21,230 - root - INFO - [1099/1205] Fetching weather for Szentes...
2026-07-10 16:23:21,386 - root - INFO - Fetched weather for Szentes: 27.8°C, Clouds, humidity: 26%
2026-07-10 16:23:22,487 - root - INFO - [1100/1205] Fetching weather for Szegvár...
2026-07-10 16:23:22,643 - root - INFO - Fetched weather for Szegvár: 27.8°C, Clouds, humidity: 26%
2026-07-10 16:23:23,745 - root - INFO - [1101/1205] Fetching weather for Mindszent...
2026-07-10 16:23:23,913 - root - INFO - Fetched weather for Mindszent: 27.8°C, Clouds, humidity: 26%
2026-07-10 16:23:25,015 - root - INFO - [1102/1205] Fetching weather for Mártély...
2026-07-10 16:23:25,159 - root - INFO - Fetched weather for Mártély: 27.8°C, Clouds, humidity: 18%
2026-07-10 16:23:26,261 - root - INFO - [1103/1205] Fetching weather for Pusztabánréve...
2026-07-10 16:23:26,418 - root - INFO - Fetched weather for Pusztabánréve: 25.5°C, Clouds, humidity: 25%
2026-07-10 16:23:27,521 - root - INFO - [1104/1205] Fetching weather for Szarvas...
2026-07-10 16:23:27,661 - root - INFO - Fetched weather for Szarvas: 28.3°C, Clouds, humidity: 24%
2026-07-10 16:23:28,763 - root - INFO - [1105/1205] Fetching weather for Csabacsűd...
2026-07-10 16:23:28,920 - root - INFO - Fetched weather for Csabacsűd: 28.3°C, Clouds, humidity: 24%
2026-07-10 16:23:30,022 - root - INFO - [1106/1205] Fetching weather for Kisszénás...
2026-07-10 16:23:30,178 - root - INFO - Fetched weather for Kisszénás: 28.3°C, Clouds, humidity: 23%
2026-07-10 16:23:31,280 - root - INFO - [1107/1205] Fetching weather for Kiscsákó...
2026-07-10 16:23:31,428 - root - INFO - Fetched weather for Kiscsákó: 28.3°C, Clouds, humidity: 23%
2026-07-10 16:23:32,529 - root - INFO - [1108/1205] Fetching weather for Nagyszénás...
2026-07-10 16:23:32,683 - root - INFO - Fetched weather for Nagyszénás: 28.3°C, Clouds, humidity: 22%
2026-07-10 16:23:33,785 - root - INFO - [1109/1205] Fetching weather for Kardoskút...
2026-07-10 16:23:33,956 - root - INFO - Fetched weather for Kardoskút: 26.6°C, Clouds, humidity: 21%
2026-07-10 16:23:35,058 - root - INFO - [1110/1205] Fetching weather for Tótkomlós...
2026-07-10 16:23:35,202 - root - INFO - Fetched weather for Tótkomlós: 26.5°C, Clouds, humidity: 21%
2026-07-10 16:23:36,304 - root - INFO - [1111/1205] Fetching weather for Nagyér...
2026-07-10 16:23:36,468 - root - INFO - Fetched weather for Nagyér: 26.5°C, Clouds, humidity: 21%
2026-07-10 16:23:37,570 - root - INFO - [1112/1205] Fetching weather for Pitvaros...
2026-07-10 16:23:37,719 - root - INFO - Fetched weather for Pitvaros: 26.3°C, Clouds, humidity: 21%
2026-07-10 16:23:38,821 - root - INFO - [1113/1205] Fetching weather for Dévaványa...
2026-07-10 16:23:38,979 - root - INFO - Fetched weather for Dévaványa: 24.6°C, Clouds, humidity: 27%
2026-07-10 16:23:40,081 - root - INFO - [1114/1205] Fetching weather for Körösladány...
2026-07-10 16:23:40,235 - root - INFO - Fetched weather for Körösladány: 24.7°C, Clouds, humidity: 27%
2026-07-10 16:23:41,337 - root - INFO - [1115/1205] Fetching weather for Szeghalom...
2026-07-10 16:23:41,480 - root - INFO - Fetched weather for Szeghalom: 24.5°C, Clouds, humidity: 27%
2026-07-10 16:23:42,581 - root - INFO - [1116/1205] Fetching weather for Vésztő...
2026-07-10 16:23:42,737 - root - INFO - Fetched weather for Vésztő: 24.7°C, Clouds, humidity: 26%
2026-07-10 16:23:43,839 - root - INFO - [1117/1205] Fetching weather for Szeged-Rókus...
2026-07-10 16:23:43,999 - root - INFO - Fetched weather for Szeged-Rókus: 31.2°C, Clouds, humidity: 23%
2026-07-10 16:23:45,101 - root - INFO - [1118/1205] Fetching weather for Algyő...
2026-07-10 16:23:45,265 - root - INFO - Fetched weather for Algyő: 31.2°C, Clouds, humidity: 18%
2026-07-10 16:23:46,366 - root - INFO - [1119/1205] Fetching weather for Hódmezővásárhelyi Népkert...
2026-07-10 16:23:46,508 - root - INFO - Fetched weather for Hódmezővásárhelyi Népkert: 27.8°C, Clouds, humidity: 19%
2026-07-10 16:23:47,609 - root - INFO - [1120/1205] Fetching weather for Hódmezővásárhely...
2026-07-10 16:23:47,751 - root - INFO - Fetched weather for Hódmezővásárhely: 27.8°C, Clouds, humidity: 19%
2026-07-10 16:23:48,853 - root - INFO - [1121/1205] Fetching weather for Körmend...
2026-07-10 16:23:48,981 - root - INFO - Fetched weather for Körmend: 25.7°C, Clouds, humidity: 35%
2026-07-10 16:23:50,082 - root - INFO - [1122/1205] Fetching weather for Szentgotthárd...
2026-07-10 16:23:50,240 - root - INFO - Fetched weather for Szentgotthárd: 29.6°C, Clouds, humidity: 40%
2026-07-10 16:23:51,342 - root - INFO - [1123/1205] Fetching weather for Szombathely...
2026-07-10 16:23:51,504 - root - INFO - Fetched weather for Szombathely: 27.3°C, Clouds, humidity: 32%
2026-07-10 16:23:52,605 - root - INFO - [1124/1205] Fetching weather for Sáferkút...
2026-07-10 16:23:52,747 - root - INFO - Fetched weather for Sáferkút: 24.3°C, Clouds, humidity: 34%
2026-07-10 16:23:53,849 - root - INFO - [1125/1205] Fetching weather for Magdolnavölgy...
2026-07-10 16:23:54,007 - root - INFO - Fetched weather for Magdolnavölgy: 27.0°C, Clouds, humidity: 33%
2026-07-10 16:23:55,109 - root - INFO - [1126/1205] Fetching weather for Haris...
2026-07-10 16:23:55,230 - root - INFO - Fetched weather for Haris: 29.6°C, Clouds, humidity: 40%
2026-07-10 16:23:56,332 - root - INFO - [1127/1205] Fetching weather for Egyházasrádóc...
2026-07-10 16:23:56,492 - root - INFO - Fetched weather for Egyházasrádóc: 29.3°C, Clouds, humidity: 33%
2026-07-10 16:23:57,594 - root - INFO - [1128/1205] Fetching weather for Alsórönök...
2026-07-10 16:23:57,724 - root - INFO - Fetched weather for Alsórönök: 29.6°C, Clouds, humidity: 39%
2026-07-10 16:23:58,826 - root - INFO - [1129/1205] Fetching weather for Szombathely-Szőlős...
2026-07-10 16:23:58,987 - root - INFO - Fetched weather for Szombathely-Szőlős: 27.3°C, Clouds, humidity: 32%
2026-07-10 16:24:00,089 - root - INFO - [1130/1205] Fetching weather for Rátót...
2026-07-10 16:24:00,250 - root - INFO - Fetched weather for Rátót: 29.5°C, Clouds, humidity: 37%
2026-07-10 16:24:01,352 - root - INFO - [1131/1205] Fetching weather for Ják-Balogunyom...
2026-07-10 16:24:01,476 - root - INFO - Fetched weather for Ják-Balogunyom: 27.4°C, Clouds, humidity: 32%
2026-07-10 16:24:02,578 - root - INFO - [1132/1205] Fetching weather for Vasvár...
2026-07-10 16:24:02,700 - root - INFO - Fetched weather for Vasvár: 25.8°C, Clouds, humidity: 32%
2026-07-10 16:24:03,801 - root - INFO - [1133/1205] Fetching weather for Répcelak...
2026-07-10 16:24:03,974 - root - INFO - Fetched weather for Répcelak: 29.2°C, Clouds, humidity: 30%
2026-07-10 16:24:05,076 - root - INFO - [1134/1205] Fetching weather for Rajka...
2026-07-10 16:24:05,227 - root - INFO - Fetched weather for Rajka: 30.4°C, Clouds, humidity: 28%
2026-07-10 16:24:06,329 - root - INFO - [1135/1205] Fetching weather for Püspökmolnári...
2026-07-10 16:24:06,470 - root - INFO - Fetched weather for Püspökmolnári: 25.7°C, Clouds, humidity: 32%
2026-07-10 16:24:07,572 - root - INFO - [1136/1205] Fetching weather for Kőszeg...
2026-07-10 16:24:07,718 - root - INFO - Fetched weather for Kőszeg: 26.9°C, Clouds, humidity: 39%
2026-07-10 16:24:08,820 - root - INFO - [1137/1205] Fetching weather for Kastélypark...
2026-07-10 16:24:08,946 - root - INFO - Fetched weather for Kastélypark: 28.6°C, Clouds, humidity: 28%
2026-07-10 16:24:10,047 - root - INFO - [1138/1205] Fetching weather for Hanságliget...
2026-07-10 16:24:10,204 - root - INFO - Fetched weather for Hanságliget: 28.4°C, Clouds, humidity: 29%
2026-07-10 16:24:11,306 - root - INFO - [1139/1205] Fetching weather for Vica...
2026-07-10 16:24:11,464 - root - INFO - Fetched weather for Vica: 29.1°C, Clouds, humidity: 30%
2026-07-10 16:24:12,565 - root - INFO - [1140/1205] Fetching weather for Vép...
2026-07-10 16:24:12,724 - root - INFO - Fetched weather for Vép: 27.4°C, Clouds, humidity: 32%
2026-07-10 16:24:13,826 - root - INFO - [1141/1205] Fetching weather for Mosonszolnok...
2026-07-10 16:24:13,960 - root - INFO - Fetched weather for Mosonszolnok: 28.5°C, Clouds, humidity: 29%
2026-07-10 16:24:15,062 - root - INFO - [1142/1205] Fetching weather for Jánossomorja...
2026-07-10 16:24:15,210 - root - INFO - Fetched weather for Jánossomorja: 28.3°C, Clouds, humidity: 29%
2026-07-10 16:24:16,311 - root - INFO - [1143/1205] Fetching weather for Bősárkány...
2026-07-10 16:24:16,471 - root - INFO - Fetched weather for Bősárkány: 28.4°C, Clouds, humidity: 29%
2026-07-10 16:24:17,573 - root - INFO - [1144/1205] Fetching weather for Szil-Sopronnémeti...
2026-07-10 16:24:17,689 - root - INFO - Fetched weather for Szil-Sopronnémeti: 28.3°C, Clouds, humidity: 29%
2026-07-10 16:24:18,790 - root - INFO - [1145/1205] Fetching weather for Magyarkeresztúr-Zsebeháza...
2026-07-10 16:24:18,948 - root - INFO - Fetched weather for Magyarkeresztúr-Zsebeháza: 28.3°C, Clouds, humidity: 30%
2026-07-10 16:24:20,050 - root - INFO - [1146/1205] Fetching weather for Páli-Vadosfa...
2026-07-10 16:24:20,190 - root - INFO - Fetched weather for Páli-Vadosfa: 28.3°C, Clouds, humidity: 30%
2026-07-10 16:24:21,291 - root - INFO - [1147/1205] Fetching weather for Beled...
2026-07-10 16:24:21,434 - root - INFO - Fetched weather for Beled: 29.1°C, Clouds, humidity: 30%
2026-07-10 16:24:22,536 - root - INFO - [1148/1205] Fetching weather for Dénesfa...
2026-07-10 16:24:22,690 - root - INFO - Fetched weather for Dénesfa: 29.1°C, Clouds, humidity: 30%
2026-07-10 16:24:23,792 - root - INFO - [1149/1205] Fetching weather for Csánig...
2026-07-10 16:24:23,955 - root - INFO - Fetched weather for Csánig: 29.2°C, Clouds, humidity: 30%
2026-07-10 16:24:25,057 - root - INFO - [1150/1205] Fetching weather for Vámoscsalád...
2026-07-10 16:24:25,220 - root - INFO - Fetched weather for Vámoscsalád: 27.6°C, Clouds, humidity: 31%
2026-07-10 16:24:26,322 - root - INFO - [1151/1205] Fetching weather for Vasegerszeg...
2026-07-10 16:24:26,468 - root - INFO - Fetched weather for Vasegerszeg: 27.7°C, Clouds, humidity: 31%
2026-07-10 16:24:27,570 - root - INFO - [1152/1205] Fetching weather for Hegyfalu...
2026-07-10 16:24:27,714 - root - INFO - Fetched weather for Hegyfalu: 27.6°C, Clouds, humidity: 31%
2026-07-10 16:24:28,816 - root - INFO - [1153/1205] Fetching weather for Pósfa...
2026-07-10 16:24:28,970 - root - INFO - Fetched weather for Pósfa: 27.6°C, Clouds, humidity: 31%
2026-07-10 16:24:30,072 - root - INFO - [1154/1205] Fetching weather for Ölbő-Alsószeleste...
2026-07-10 16:24:30,214 - root - INFO - Fetched weather for Ölbő-Alsószeleste: 27.6°C, Clouds, humidity: 31%
2026-07-10 16:24:31,316 - root - INFO - [1155/1205] Fetching weather for Gencsapáti felső...
2026-07-10 16:24:31,477 - root - INFO - Fetched weather for Gencsapáti felső: 27.1°C, Clouds, humidity: 39%
2026-07-10 16:24:32,579 - root - INFO - [1156/1205] Fetching weather for Lukácsháza alsó...
2026-07-10 16:24:32,738 - root - INFO - Fetched weather for Lukácsháza alsó: 27.1°C, Clouds, humidity: 39%
2026-07-10 16:24:33,839 - root - INFO - [1157/1205] Fetching weather for Kőszegfalva...
2026-07-10 16:24:33,991 - root - INFO - Fetched weather for Kőszegfalva: 26.9°C, Clouds, humidity: 39%
2026-07-10 16:24:35,093 - root - INFO - [1158/1205] Fetching weather for Gyöngyöshermán...
2026-07-10 16:24:35,251 - root - INFO - Fetched weather for Gyöngyöshermán: 27.3°C, Clouds, humidity: 32%
2026-07-10 16:24:36,352 - root - INFO - [1159/1205] Fetching weather for Bezenye...
2026-07-10 16:24:36,512 - root - INFO - Fetched weather for Bezenye: 30.4°C, Clouds, humidity: 28%
2026-07-10 16:24:37,613 - root - INFO - [1160/1205] Fetching weather for Kámon...
2026-07-10 16:24:37,743 - root - INFO - Fetched weather for Kámon: 27.2°C, Clouds, humidity: 39%
2026-07-10 16:24:38,845 - root - INFO - [1161/1205] Fetching weather for Sorkifalud...
2026-07-10 16:24:39,001 - root - INFO - Fetched weather for Sorkifalud: 29.5°C, Clouds, humidity: 32%
2026-07-10 16:24:40,103 - root - INFO - [1162/1205] Fetching weather for Szentléránt...
2026-07-10 16:24:40,219 - root - INFO - Fetched weather for Szentléránt: 29.5°C, Clouds, humidity: 32%
2026-07-10 16:24:41,321 - root - INFO - [1163/1205] Fetching weather for Pácsony...
2026-07-10 16:24:41,469 - root - INFO - Fetched weather for Pácsony: 25.8°C, Clouds, humidity: 32%
2026-07-10 16:24:42,570 - root - INFO - [1164/1205] Fetching weather for Győrvár...
2026-07-10 16:24:42,728 - root - INFO - Fetched weather for Győrvár: 25.8°C, Clouds, humidity: 32%
2026-07-10 16:24:43,829 - root - INFO - [1165/1205] Fetching weather for Egervár-Vasboldogasszony...
2026-07-10 16:24:43,944 - root - INFO - Fetched weather for Egervár-Vasboldogasszony: 26.0°C, Clouds, humidity: 32%
2026-07-10 16:24:45,045 - root - INFO - [1166/1205] Fetching weather for Zalaszentlőrinc...
2026-07-10 16:24:45,202 - root - INFO - Fetched weather for Zalaszentlőrinc: 26.0°C, Clouds, humidity: 32%
2026-07-10 16:24:46,303 - root - INFO - [1167/1205] Fetching weather for Gencsapáti alsó...
2026-07-10 16:24:46,443 - root - INFO - Fetched weather for Gencsapáti alsó: 27.1°C, Clouds, humidity: 39%
2026-07-10 16:24:47,544 - root - INFO - [1168/1205] Fetching weather for Gyöngyösfalu...
2026-07-10 16:24:47,701 - root - INFO - Fetched weather for Gyöngyösfalu: 27.1°C, Clouds, humidity: 39%
2026-07-10 16:24:48,803 - root - INFO - [1169/1205] Fetching weather for Lukácsháza...
2026-07-10 16:24:48,966 - root - INFO - Fetched weather for Lukácsháza: 27.0°C, Clouds, humidity: 39%
2026-07-10 16:24:50,067 - root - INFO - [1170/1205] Fetching weather for Horvátnádalja...
2026-07-10 16:24:50,223 - root - INFO - Fetched weather for Horvátnádalja: 29.6°C, Clouds, humidity: 35%
2026-07-10 16:24:51,324 - root - INFO - [1171/1205] Fetching weather for Csákánydoroszló...
2026-07-10 16:24:51,437 - root - INFO - Fetched weather for Csákánydoroszló: 29.6°C, Clouds, humidity: 37%
2026-07-10 16:24:52,538 - root - INFO - [1172/1205] Fetching weather for Váckisújfalu...
2026-07-10 16:24:52,671 - root - INFO - Fetched weather for Váckisújfalu: 27.4°C, Clouds, humidity: 33%
2026-07-10 16:24:53,772 - root - INFO - [1173/1205] Fetching weather for Csisztafürdő...
2026-07-10 16:24:53,936 - root - INFO - Fetched weather for Csisztafürdő: 29.0°C, Clouds, humidity: 36%
2026-07-10 16:24:55,038 - root - INFO - [1174/1205] Fetching weather for Mórágy...
2026-07-10 16:24:55,204 - root - INFO - Fetched weather for Mórágy: 28.7°C, Clouds, humidity: 25%
2026-07-10 16:24:56,306 - root - INFO - [1175/1205] Fetching weather for Kismacs...
2026-07-10 16:24:56,457 - root - INFO - Fetched weather for Kismacs: 21.4°C, Clouds, humidity: 40%
2026-07-10 16:24:57,558 - root - INFO - [1176/1205] Fetching weather for Pusztaszentistván...
2026-07-10 16:24:57,716 - root - INFO - Fetched weather for Pusztaszentistván: 30.8°C, Clouds, humidity: 24%
2026-07-10 16:24:58,818 - root - INFO - [1177/1205] Fetching weather for Aranyvölgy...
2026-07-10 16:24:58,965 - root - INFO - Fetched weather for Aranyvölgy: 27.7°C, Clouds, humidity: 30%
2026-07-10 16:25:00,066 - root - INFO - [1178/1205] Fetching weather for Szélhegy...
2026-07-10 16:25:00,260 - root - INFO - Fetched weather for Szélhegy: 27.3°C, Clouds, humidity: 30%
2026-07-10 16:25:01,361 - root - INFO - [1179/1205] Fetching weather for Vörösvárbánya...
2026-07-10 16:25:01,522 - root - INFO - Fetched weather for Vörösvárbánya: 27.3°C, Clouds, humidity: 30%
2026-07-10 16:25:02,623 - root - INFO - [1180/1205] Fetching weather for Máriaszőlőtelep...
2026-07-10 16:25:02,786 - root - INFO - Fetched weather for Máriaszőlőtelep: 29.3°C, Clouds, humidity: 35%
2026-07-10 16:25:03,887 - root - INFO - [1181/1205] Fetching weather for Akadémiaújtelep...
2026-07-10 16:25:04,003 - root - INFO - Fetched weather for Akadémiaújtelep: 27.6°C, Clouds, humidity: 29%
2026-07-10 16:25:05,104 - root - INFO - [1182/1205] Fetching weather for Újpalota...
2026-07-10 16:25:05,246 - root - INFO - Fetched weather for Újpalota: 27.7°C, Clouds, humidity: 30%
2026-07-10 16:25:06,347 - root - INFO - [1183/1205] Fetching weather for Szeged, Somogyi utca...
2026-07-10 16:25:06,478 - root - INFO - Fetched weather for Szeged, Somogyi utca: 31.1°C, Clouds, humidity: 23%
2026-07-10 16:25:07,580 - root - INFO - [1184/1205] Fetching weather for Hódmezővásárhely, Hősök tere...
2026-07-10 16:25:07,744 - root - INFO - Fetched weather for Hódmezővásárhely, Hősök tere: 27.8°C, Clouds, humidity: 19%
2026-07-10 16:25:08,846 - root - INFO - [1185/1205] Fetching weather for Hódmezővásárhely, Kossuth tér...
2026-07-10 16:25:08,995 - root - INFO - Fetched weather for Hódmezővásárhely, Kossuth tér: 27.8°C, Clouds, humidity: 19%
2026-07-10 16:25:10,098 - root - INFO - [1186/1205] Fetching weather for Hódmezővásárhely, Strandfürdő...
2026-07-10 16:25:10,251 - root - INFO - Fetched weather for Hódmezővásárhely, Strandfürdő: 27.8°C, Clouds, humidity: 19%
2026-07-10 16:25:11,352 - root - INFO - [1187/1205] Fetching weather for Szeged, Széchenyi tér...
2026-07-10 16:25:11,500 - root - INFO - Fetched weather for Szeged, Széchenyi tér: 31.1°C, Clouds, humidity: 23%
2026-07-10 16:25:12,602 - root - INFO - [1188/1205] Fetching weather for Szeged, Anna-kút...
2026-07-10 16:25:12,754 - root - INFO - Fetched weather for Szeged, Anna-kút: 31.1°C, Clouds, humidity: 23%
2026-07-10 16:25:13,856 - root - INFO - [1189/1205] Fetching weather for Szeged, Rókusi templom...
2026-07-10 16:25:14,012 - root - INFO - Fetched weather for Szeged, Rókusi templom: 31.2°C, Clouds, humidity: 23%
2026-07-10 16:25:15,113 - root - INFO - [1190/1205] Fetching weather for Hódmezővásárhely, Kálvin János tér...
2026-07-10 16:25:15,220 - root - INFO - Fetched weather for Hódmezővásárhely, Kálvin János tér: 27.8°C, Clouds, humidity: 19%
2026-07-10 16:25:16,321 - root - INFO - [1191/1205] Fetching weather for Hódmezővásárhely vasútállomás...
2026-07-10 16:25:16,472 - root - INFO - Fetched weather for Hódmezővásárhely vasútállomás: 27.8°C, Clouds, humidity: 19%
2026-07-10 16:25:17,573 - root - INFO - [1192/1205] Fetching weather for Szeged, Tavasz utca...
2026-07-10 16:25:17,701 - root - INFO - Fetched weather for Szeged, Tavasz utca: 31.2°C, Clouds, humidity: 23%
2026-07-10 16:25:18,803 - root - INFO - [1193/1205] Fetching weather for Szeged, Damjanich utca...
2026-07-10 16:25:18,951 - root - INFO - Fetched weather for Szeged, Damjanich utca: 31.2°C, Clouds, humidity: 23%
2026-07-10 16:25:20,053 - root - INFO - [1194/1205] Fetching weather for Szeged, Vásárhelyi Pál utca...
2026-07-10 16:25:20,213 - root - INFO - Fetched weather for Szeged, Vásárhelyi Pál utca: 31.2°C, Clouds, humidity: 23%
2026-07-10 16:25:21,315 - root - INFO - [1195/1205] Fetching weather for Szeged, Bécsi körút ...
2026-07-10 16:25:21,468 - root - INFO - Fetched weather for Szeged, Bécsi körút : 31.2°C, Clouds, humidity: 23%
2026-07-10 16:25:22,570 - root - INFO - [1196/1205] Fetching weather for Hódmezővásárhelyi Népkert vasútállomás...
2026-07-10 16:25:22,726 - root - INFO - Fetched weather for Hódmezővásárhelyi Népkert vasútállomás: 27.8°C, Clouds, humidity: 19%
2026-07-10 16:25:23,827 - root - INFO - [1197/1205] Fetching weather for Szeged vasútállomás...
2026-07-10 16:25:23,979 - root - INFO - Fetched weather for Szeged vasútállomás: 31.2°C, Clouds, humidity: 23%
2026-07-10 16:25:25,080 - root - INFO - [1198/1205] Fetching weather for Szeged, Bem utca...
2026-07-10 16:25:25,206 - root - INFO - Fetched weather for Szeged, Bem utca: 31.2°C, Clouds, humidity: 23%
2026-07-10 16:25:26,307 - root - INFO - [1199/1205] Fetching weather for Szeged, Galamb utca...
2026-07-10 16:25:26,467 - root - INFO - Fetched weather for Szeged, Galamb utca: 31.2°C, Clouds, humidity: 23%
2026-07-10 16:25:27,568 - root - INFO - [1200/1205] Fetching weather for Szeged, Aradi vértanúk tere...
2026-07-10 16:25:27,720 - root - INFO - Fetched weather for Szeged, Aradi vértanúk tere: 31.1°C, Clouds, humidity: 23%
2026-07-10 16:25:28,821 - root - INFO - [1201/1205] Fetching weather for Szeged, Pulz utca...
2026-07-10 16:25:28,977 - root - INFO - Fetched weather for Szeged, Pulz utca: 31.2°C, Clouds, humidity: 23%
2026-07-10 16:25:30,079 - root - INFO - [1202/1205] Fetching weather for Szeged, Rókus vasútállomás...
2026-07-10 16:25:30,232 - root - INFO - Fetched weather for Szeged, Rókus vasútállomás: 31.2°C, Clouds, humidity: 23%
2026-07-10 16:25:31,334 - root - INFO - [1203/1205] Fetching weather for Látókép...
2026-07-10 16:25:31,452 - root - INFO - Fetched weather for Látókép: 21.4°C, Clouds, humidity: 40%
2026-07-10 16:25:32,553 - root - INFO - [1204/1205] Fetching weather for Szentmihálytelek...
2026-07-10 16:25:32,668 - root - INFO - Fetched weather for Szentmihálytelek: 31.2°C, Clouds, humidity: 23%
2026-07-10 16:25:33,769 - root - INFO - [1205/1205] Fetching weather for Kisvarsány...
2026-07-10 16:25:33,903 - root - INFO - Fetched weather for Kisvarsány: 20.2°C, Clouds, humidity: 52%
2026-07-10 16:25:35,008 - root - INFO - Successfully collected weather for 1205 stations
2026-07-10 16:25:35,018 - root - INFO - Saved weather data to data/weather/current_20260710_1600.csv
2026-07-10 16:25:35,018 - root - INFO - File size: 154.5 KB
2026-07-10 16:25:35,018 - root - INFO - 
============================================================
2026-07-10 16:25:35,018 - root - INFO - WEATHER COLLECTION SUMMARY
2026-07-10 16:25:35,018 - root - INFO - ============================================================
2026-07-10 16:25:35,018 - root - INFO - 
Data Coverage:
2026-07-10 16:25:35,018 - root - INFO -   - Total stations: 1205
2026-07-10 16:25:35,019 - root - INFO -   - Collection time: 2026-07-10 16:00:26.964737
2026-07-10 16:25:35,019 - root - INFO -   - Collection hour: 16:00
2026-07-10 16:25:35,019 - root - INFO - 
Weather Statistics:
2026-07-10 16:25:35,019 - root - INFO -   - Temperature range: 19.0°C to 31.2°C
2026-07-10 16:25:35,019 - root - INFO -   - Average temperature: 26.7°C
2026-07-10 16:25:35,019 - root - INFO -   - Average humidity: 32%
2026-07-10 16:25:35,019 - root - INFO -   - Average wind speed: 4.4 m/s
2026-07-10 16:25:35,020 - root - INFO -   - Stations with precipitation: 7 (0.6%)
2026-07-10 16:25:35,020 - root - INFO - 
Weather Conditions Distribution:
2026-07-10 16:25:35,020 - root - INFO -   - Clouds: 1185 (98.3%)
2026-07-10 16:25:35,020 - root - INFO -   - Clear: 13 (1.1%)
2026-07-10 16:25:35,020 - root - INFO -   - Rain: 7 (0.6%)
2026-07-10 16:25:35,020 - root - INFO - ============================================================

2026-07-10 16:25:35,020 - __main__ - INFO - Current weather collection completed successfully!
